name,category,type,district,wgs_lng,wgs_lat,weight
餐饮中餐,catering,餐饮服务;中餐厅;中餐厅,金牛区,103.97151,30.73101,3
何小何,catering,餐饮服务;咖啡厅;咖啡厅,金牛区,103.97408,30.733922,14
V.CAFE,catering,餐饮服务;冷饮店;冷饮店,金牛区,103.972777,30.732768,2
金川老字号烧烤,catering,餐饮服务;中餐厅;特色/地方风味餐厅,金牛区,103.974851,30.734165,2
牛杂火锅·羊肉汤,catering,餐饮服务;中餐厅;火锅店,金牛区,103.981559,30.73297,1
三峡烤鱼,catering,餐饮服务;中餐厅;特色/地方风味餐厅,金牛区,103.981978,30.733326,1
印象奶咖,catering,餐饮服务;冷饮店;冷饮店,金牛区,103.977903,30.73428,1
美心每客,catering,餐饮服务;中餐厅;中餐厅,金牛区,103.992148,30.731287,4
眼镜家常菜(全兴路),catering,餐饮服务;中餐厅;中餐厅,金牛区,104.000023,30.73312,1
周师饭店,catering,餐饮服务;中餐厅;中餐厅,金牛区,104.001312,30.730405,1
蒲志高刀削面馆,catering,餐饮服务;中餐厅;中餐厅,金牛区,104.000427,30.733655,1
紫藤缘茶坊,catering,餐饮服务;茶艺馆;茶艺馆,金牛区,104.012564,30.732015,3
麦派汉堡,catering,餐饮服务;快餐厅;快餐厅,金牛区,104.008374,30.733633,13
何三三,catering,餐饮服务;中餐厅;中餐厅,金牛区,104.008017,30.732715,14
伊金园,catering,餐饮服务;中餐厅;清真菜馆,金牛区,104.009079,30.737956,2
饺面馆,catering,餐饮服务;中餐厅;中餐厅,金牛区,104.008498,30.731842,1
盛香园,catering,餐饮服务;茶艺馆;茶艺馆,金牛区,104.011704,30.731682,3
真味包点,catering,餐饮服务;快餐厅;快餐厅,金牛区,104.010771,30.733642,6
辛肥肠,catering,餐饮服务;中餐厅;中餐厅,金牛区,104.00733,30.738692,2
何三三香辣火锅兔,catering,餐饮服务;中餐厅;中餐厅,金牛区,104.013004,30.732685,1
园林火锅,catering,餐饮服务;中餐厅;火锅店,金牛区,104.010933,30.729584,1
味美轩川菜馆,catering,餐饮服务;中餐厅;四川菜(川菜),金牛区,104.00839,30.734437,2
渝记小面,catering,餐饮服务;中餐厅;四川菜(川菜),金牛区,104.0142,30.735431,14
老麻抄手(盛兴路),catering,餐饮服务;中餐厅;中餐厅,金牛区,104.012256,30.734433,1
红尘香茶坊,catering,餐饮服务;茶艺馆;茶艺馆,金牛区,104.01214,30.738721,1
醉可以柴火鸡(沙西店),catering,餐饮服务;中餐厅;中餐厅,金牛区,104.019464,30.734206,1
百林牛王庙老面馆,catering,餐饮服务;中餐厅;中餐厅,金牛区,104.022248,30.73185,8
凌记食汇坊,catering,餐饮服务;中餐厅;中餐厅,金牛区,104.017747,30.729606,2
曾五哥饭店,catering,餐饮服务;中餐厅;中餐厅,金牛区,104.019238,30.730719,1
兴盛茶楼(金鑫大道),catering,餐饮服务;茶艺馆;茶艺馆,金牛区,104.016816,30.738516,1
渣渣面(金鑫大道),catering,餐饮服务;中餐厅;四川菜(川菜),金牛区,104.01616,30.739093,1
盛发店,catering,餐饮服务;快餐厅;快餐厅,金牛区,104.01414,30.732811,1
大众饭店(府河丽景东北),catering,餐饮服务;中餐厅;中餐厅,金牛区,104.021704,30.734432,1
龙滋园火锅,catering,餐饮服务;中餐厅;火锅店,金牛区,104.026868,30.732995,13
樱花小事茶餐吧(府河星城店),catering,餐饮服务;快餐厅;快餐厅,金牛区,104.025599,30.731991,1
虾米叮叮,catering,餐饮服务;快餐厅;快餐厅,金牛区,104.027254,30.731088,2
撸一吧茶坊,catering,餐饮服务;茶艺馆;茶艺馆,金牛区,104.02733,30.729302,8
川西老面馆,catering,餐饮服务;中餐厅;中餐厅,金牛区,104.028811,30.732002,7
乐山烧烤,catering,餐饮服务;中餐厅;特色/地方风味餐厅,金牛区,104.03314,30.737777,1
友谊中餐馆,catering,餐饮服务;中餐厅;中餐厅,金牛区,104.026122,30.73386,2
大众饭店(金丰路辅路),catering,餐饮服务;中餐厅;中餐厅,金牛区,104.043048,30.733833,1
虾子羊肉粉,catering,餐饮服务;中餐厅;中餐厅,金牛区,104.03484,30.739015,1
胡豆花,catering,餐饮服务;中餐厅;中餐厅,金牛区,104.034986,30.738065,1
多味瓜子糖果店,catering,购物服务;便民商店/便利店;便民商店/便利店|餐饮服务;糕饼店;糕饼店,金牛区,104.049588,30.73565,10
仙草宓(凯德金牛店),catering,餐饮服务;甜品店;甜品店,金牛区,104.052229,30.731867,1
李记隆江猪脚饭,catering,餐饮服务;中餐厅;中餐厅,金牛区,104.049572,30.733509,4
王辣面(川建路),catering,餐饮服务;中餐厅;中餐厅,金牛区,104.047596,30.735125,1
老面孔,catering,餐饮服务;中餐厅;中餐厅,金牛区,104.053475,30.735398,10
富顺县城黄氏豆花饭,catering,餐饮服务;中餐厅;中餐厅,金牛区,104.049606,30.73903,3
客来香民餐,catering,餐饮服务;中餐厅;中餐厅,金牛区,104.049694,30.736801,2
随缘餐厅(川建路),catering,餐饮服务;中餐厅;中餐厅,金牛区,104.048663,30.735183,1
鑫隆饭店(古柏路),catering,餐饮服务;中餐厅;中餐厅,金牛区,104.049753,30.737493,1
乐山翘脚羊肉,catering,餐饮服务;中餐厅;中餐厅,金牛区,104.056131,30.734972,4
南部一家,catering,餐饮服务;中餐厅;中餐厅,金牛区,104.062101,30.72958,3
袁记串串香,catering,餐饮服务;中餐厅;火锅店,金牛区,104.058815,30.730725,10
启明土黄鳝河鲜,catering,餐饮服务;中餐厅;中餐厅,金牛区,104.056339,30.731912,1
洞天酒家(陆家大道),catering,餐饮服务;中餐厅;中餐厅,金牛区,104.062378,30.738365,1
自贡饭店(川建路),catering,餐饮服务;中餐厅;中餐厅,金牛区,104.061772,30.735495,3
盛世蛋糕店,catering,餐饮服务;糕饼店;糕饼店,金牛区,104.059616,30.729834,3
泉水大排档,catering,餐饮服务;中餐厅;中餐厅,金牛区,104.059618,30.733349,1
泉水苑,catering,餐饮服务;中餐厅;中餐厅,金牛区,104.062456,30.733574,1
润泉茶坊,catering,餐饮服务;茶艺馆;茶艺馆,金牛区,104.062543,30.732235,1
嫂子鲜菜馆,catering,餐饮服务;中餐厅;中餐厅,金牛区,104.056103,30.73398,5
洪洪冷锅鱼,catering,餐饮服务;中餐厅;海鲜酒楼,金牛区,104.059665,30.735476,4
李记冒节子肥肠粉(陆家大道),catering,餐饮服务;中餐厅;中餐厅,金牛区,104.062147,30.736108,1
美式代言,catering,餐饮服务;外国餐厅;外国餐厅,金牛区,104.05772,30.731777,1
85度TEA,catering,餐饮服务;冷饮店;冷饮店,金牛区,104.057526,30.730669,4
大众小吃(川建路),catering,餐饮服务;中餐厅;中餐厅,金牛区,104.060506,30.735641,2
灶王茶府,catering,餐饮服务;咖啡厅;咖啡厅,金牛区,104.059916,30.731074,1
绵阳米粉(朗润路),catering,餐饮服务;中餐厅;特色/地方风味餐厅,金牛区,104.059649,30.734677,1
小吃饭店(王贾路),catering,餐饮服务;中餐厅;中餐厅,金牛区,104.067538,30.733062,1
369火锅,catering,餐饮服务;中餐厅;火锅店,金牛区,104.08799,30.732094,1
蓉蓉饼屋,catering,餐饮服务;糕饼店;糕饼店,成华区,104.108787,30.731113,13
老味道川菜馆,catering,餐饮服务;中餐厅;中餐厅,金牛区,104.105802,30.735408,2
渣渣面,catering,餐饮服务;中餐厅;中餐厅,金牛区,104.107591,30.734676,1
内江胖哥面馆(蜀陵路),catering,餐饮服务;中餐厅;中餐厅,金牛区,104.113036,30.733588,1
凤妹鱼庄,catering,餐饮服务;中餐厅;中餐厅,成华区,104.114211,30.731846,1
面之缘面馆(蜀陵路),catering,餐饮服务;中餐厅;中餐厅,成华区,104.121241,30.738989,1
富顺豆花饭(蜀陵路),catering,餐饮服务;中餐厅;中餐厅,成华区,104.119599,30.738063,1
良木名居茶楼,catering,餐饮服务;茶艺馆;茶艺馆,成华区,104.120695,30.738699,1
潮州饭店(石岭路),catering,餐饮服务;中餐厅;中餐厅,成华区,104.130246,30.729547,1
德兴茶园(蜀陵路),catering,餐饮服务;茶艺馆;茶艺馆,成华区,104.124398,30.73915,1
憨憨咖啡餐饮屋,catering,餐饮服务;咖啡厅;咖啡厅,成华区,104.143291,30.73692,2
香邻居酒楼,catering,餐饮服务;中餐厅;综合酒楼,成华区,104.139197,30.733986,1
钟何鸭子酒楼,catering,餐饮服务;中餐厅;综合酒楼,成华区,104.138486,30.734226,1
玫瑰苑餐厅(熊猫大道),catering,餐饮服务;中餐厅;中餐厅,成华区,104.143996,30.737095,1
邱记炒香店,catering,餐饮服务;中餐厅;中餐厅,金牛区,103.971893,30.729473,8
重庆胖妈烂火锅(两河店),catering,餐饮服务;中餐厅;中餐厅,金牛区,103.964607,30.721423,1
仁和,catering,餐饮服务;中餐厅;特色/地方风味餐厅,金牛区,103.976912,30.724997,182
煨膳美,catering,餐饮服务;外国餐厅;外国餐厅,金牛区,103.978896,30.723897,3
盐都茶楼,catering,餐饮服务;快餐厅;茶餐厅,金牛区,103.974651,30.721766,4
EspritParfume,catering,餐饮服务;咖啡厅;咖啡厅,金牛区,103.976668,30.722588,1
老青城,catering,餐饮服务;中餐厅;特色/地方风味餐厅,金牛区,103.977408,30.720354,3
露露老面馆,catering,餐饮服务;中餐厅;特色/地方风味餐厅,金牛区,103.978957,30.720091,8
挑挑面,catering,餐饮服务;中餐厅;中餐厅,金牛区,103.980051,30.72042,7
天天香炒菜馆,catering,餐饮服务;中餐厅;中餐厅,金牛区,103.976078,30.719686,2
椒香鱼府,catering,餐饮服务;中餐厅;中餐厅,金牛区,103.978326,30.71873,17
店小二串串,catering,餐饮服务;中餐厅;火锅店,金牛区,103.97691,30.723027,1
合力达汇西生态园,catering,餐饮服务;中餐厅;中餐厅,金牛区,103.979918,30.724185,1
宜宾快餐,catering,餐饮服务;快餐厅;快餐厅,金牛区,103.97765,30.721305,1
内伙子快餐面食中餐米粉,catering,餐饮服务;中餐厅;中餐厅,金牛区,103.98953,30.720677,2
聚友饭店(金周路),catering,餐饮服务;中餐厅;中餐厅,金牛区,103.985242,30.721929,2
开心园,catering,餐饮服务;中餐厅;中餐厅,金牛区,103.987563,30.72253,22
老油条小菜馆,catering,餐饮服务;中餐厅;中餐厅,金牛区,103.984339,30.721592,3
正宗川味老面馆,catering,餐饮服务;中餐厅;中餐厅,金牛区,103.990608,30.723409,3
笋子面(金周路),catering,餐饮服务;中餐厅;中餐厅,金牛区,103.990038,30.722958,1
味美餐,catering,餐饮服务;中餐厅;中餐厅,金牛区,103.993188,30.723864,2
花园餐厅(兴科中路),catering,餐饮服务;中餐厅;中餐厅,金牛区,103.988261,30.720949,1
罗记土鳝鱼(金科北路店),catering,餐饮服务;中餐厅;海鲜酒楼,金牛区,104.00238,30.722845,1
胥三妹香肠,catering,餐饮服务;中餐厅;中餐厅,金牛区,103.99847,30.722903,1
李胖哥牛肉汤,catering,餐饮服务;中餐厅;中餐厅,金牛区,103.999512,30.722028,1
小尖漂江湖,catering,餐饮服务;中餐厅;海鲜酒楼,金牛区,104.002454,30.723494,2
洋气便当,catering,餐饮服务;中餐厅;中餐厅|餐饮服务;快餐厅;快餐厅,金牛区,104.004294,30.726035,13
红旗快餐,catering,餐饮服务;中餐厅;中餐厅,金牛区,103.996343,30.719845,2
渣渣面(金科南路),catering,餐饮服务;中餐厅;中餐厅,金牛区,103.998982,30.721172,1
牛排火锅,catering,餐饮服务;中餐厅;清真菜馆,金牛区,104.003728,30.723442,4
重庆特色冷锅鱼、羊肉汤,catering,餐饮服务;中餐厅;四川菜(川菜),金牛区,104.000123,30.721853,1
胖哥茶楼(金科西路),catering,餐饮服务;茶艺馆;茶艺馆,金牛区,103.999378,30.725479,1
寻味鲜面馆,catering,餐饮服务;中餐厅;中餐厅,金牛区,103.997128,30.722925,2
大禹家常菜,catering,餐饮服务;中餐厅;中餐厅,金牛区,104.000901,30.722008,8
李氏炒菜馆,catering,餐饮服务;中餐厅;中餐厅,金牛区,103.999956,30.723545,1
宜宾燃面,catering,餐饮服务;中餐厅;中餐厅,金牛区,103.998494,30.725336,1
内江牛肉面(金科南三路),catering,餐饮服务;中餐厅;中餐厅,金牛区,103.99746,30.72426,1
江鹰徐记无水脆皮蜂蜜蛋糕,catering,餐饮服务;糕饼店;糕饼店,金牛区,103.997944,30.722008,2
自家饺子馆(金周路),catering,餐饮服务;中餐厅;特色/地方风味餐厅,金牛区,103.99923,30.725975,1
李毅餐馆,catering,餐饮服务;中餐厅;中餐厅,金牛区,104.003259,30.726796,2
乔记小吃,catering,餐饮服务;中餐厅;特色/地方风味餐厅,金牛区,103.999434,30.724514,2
家常饭店,catering,餐饮服务;中餐厅;中餐厅,金牛区,103.995643,30.724832,1
满席,catering,餐饮服务;中餐厅;中餐厅,金牛区,104.005582,30.724764,11
穆罕餐馆,catering,餐饮服务;中餐厅;清真菜馆,金牛区,104.0088,30.723674,1
晶鑫休闲茶坊(信息园西路),catering,餐饮服务;茶艺馆;茶艺馆,金牛区,104.005596,30.722152,1
江妹小吃,catering,餐饮服务;中餐厅;清真菜馆,金牛区,104.005634,30.725723,3
宜宾燃面(金周路),catering,餐饮服务;中餐厅;中餐厅,金牛区,104.004885,30.727307,1
留庄刘氏私家菜,catering,餐饮服务;中餐厅;中餐厅,金牛区,104.01308,30.726399,1
陈姐饭馆,catering,餐饮服务;中餐厅;中餐厅,金牛区,104.007716,30.723471,1
甜品来了,catering,餐饮服务;甜品店;甜品店,金牛区,104.022922,30.724134,1
龙水面馆,catering,餐饮服务;中餐厅;中餐厅,金牛区,104.015916,30.728407,7
三和饭店(金青路),catering,餐饮服务;中餐厅;中餐厅,金牛区,104.013986,30.726984,4
芙蓉茶坊,catering,餐饮服务;茶艺馆;茶艺馆,金牛区,104.015044,30.720001,2
伊金园(金青路),catering,餐饮服务;中餐厅;清真菜馆,金牛区,104.014006,30.721712,1
沟边脆绍面,catering,餐饮服务;中餐厅;中餐厅,金牛区,104.014884,30.726524,2
乔一乔家常菜,catering,餐饮服务;中餐厅;中餐厅,金牛区,104.017005,30.729152,1
廖记饭馆,catering,餐饮服务;中餐厅;中餐厅,金牛区,104.018172,30.723549,1
小弟面馆,catering,餐饮服务;中餐厅;中餐厅,金牛区,104.01743,30.724254,1
无名饭店(华严路),catering,餐饮服务;中餐厅;中餐厅,金牛区,104.020701,30.721175,1
香港猫堂甜品,catering,餐饮服务;甜品店;甜品店|餐饮服务;中餐厅;中餐厅,金牛区,104.031077,30.721081,5
品尚香餐馆,catering,餐饮服务;中餐厅;中餐厅,金牛区,104.025973,30.723717,7
来必饱,catering,餐饮服务;中餐厅;中餐厅,金牛区,104.03307,30.721819,8
宜宾燃面,catering,餐饮服务;中餐厅;中餐厅,金牛区,104.024141,30.725901,12
面点小厨,catering,餐饮服务;中餐厅;中餐厅,金牛区,104.030658,30.723138,2
欢乐士多,catering,餐饮服务;中餐厅;中餐厅,金牛区,104.032672,30.725479,2
巴蜀餐吧,catering,餐饮服务;中餐厅;中餐厅,金牛区,104.031402,30.727639,1
香巴拉,catering,餐饮服务;中餐厅;中餐厅,金牛区,104.030767,30.727617,1
魔幻厨房,catering,餐饮服务;中餐厅;中餐厅,金牛区,104.030034,30.724959,1
麦当劳(欢乐谷白塔餐厅),catering,餐饮服务;快餐厅;麦当劳,金牛区,104.030431,30.723661,1
农家麻辣面(青杠林村店),catering,餐饮服务;中餐厅;中餐厅,金牛区,104.025172,30.725283,1
4U现烤披萨(华侨城店),catering,餐饮服务;快餐厅;快餐厅,金牛区,104.026456,30.723125,1
老坝坝青椒鸡,catering,餐饮服务;中餐厅;中餐厅,金牛区,104.024776,30.727715,1
关氏钵钵鸡(影视学院店),catering,餐饮服务;中餐厅;中餐厅,金牛区,104.023795,30.726771,1
勇锋农家,catering,餐饮服务;中餐厅;中餐厅,金牛区,104.026167,30.727303,1
幺妹饭店,catering,餐饮服务;中餐厅;中餐厅,金牛区,104.030283,30.728847,1
水吧,catering,餐饮服务;冷饮店;冷饮店,金牛区,104.028304,30.725043,1
老房子·水墨红食府(欢乐谷店),catering,餐饮服务;中餐厅;中餐厅|餐饮服务;茶艺馆;茶艺馆,金牛区,104.035864,30.722581,1
墨宴,catering,餐饮服务;中餐厅;中餐厅|餐饮服务;茶艺馆;茶艺馆,金牛区,104.034668,30.722367,15
忆家,catering,餐饮服务;中餐厅;中餐厅,金牛区,104.04118,30.720585,9
樱花屋,catering,餐饮服务;外国餐厅;日本料理,金牛区,104.033961,30.722527,1
临水雅园,catering,餐饮服务;中餐厅;特色/地方风味餐厅|体育休闲服务;休闲场所;休闲场所,金牛区,104.043327,30.726222,1
昇华台大酒店餐厅,catering,餐饮服务;中餐厅;中餐厅,金牛区,104.04186,30.720123,1
高比大厨快餐厅,catering,餐饮服务;中餐厅;中餐厅,金牛区,104.033983,30.723952,1
金府御宴,catering,餐饮服务;中餐厅;中餐厅,金牛区,104.041367,30.719416,1
金海岸海鲜大排档,catering,餐饮服务;中餐厅;中餐厅,金牛区,104.040649,30.719759,1
杨柳园,catering,餐饮服务;茶艺馆;茶艺馆,金牛区,104.051083,30.723645,20
乡厨子柴火鸡,catering,餐饮服务;中餐厅;中餐厅,金牛区,104.04949,30.723612,1
尚膳,catering,餐饮服务;中餐厅;四川菜(川菜)|餐饮服务;中餐厅;火锅店,金牛区,104.048276,30.721386,1
味滋尚,catering,餐饮服务;中餐厅;中餐厅,金牛区,104.04868,30.726725,7
西北拉面,catering,餐饮服务;中餐厅;清真菜馆,金牛区,104.053386,30.724681,17
新希望鲜生活蛋糕(新桥丽景B区店),catering,餐饮服务;糕饼店;糕饼店,金牛区,104.051175,30.727324,1
儿时的回忆麻辣烫,catering,餐饮服务;中餐厅;特色/地方风味餐厅,金牛区,104.045355,30.72019,1
大众饭店(福泉路),catering,餐饮服务;中餐厅;中餐厅,金牛区,104.052638,30.723531,2
青菜园子烧菜馆,catering,餐饮服务;中餐厅;中餐厅,金牛区,104.049168,30.729298,1
城市快餐,catering,餐饮服务;中餐厅;中餐厅,金牛区,104.04357,30.721484,1
美味糕点,catering,餐饮服务;糕饼店;糕饼店,金牛区,104.053346,30.723862,2
卤肉面,catering,餐饮服务;快餐厅;快餐厅,金牛区,104.043737,30.719206,8
茗香苑,catering,餐饮服务;茶艺馆;茶艺馆,金牛区,104.047783,30.724553,1
靓苑,catering,餐饮服务;休闲餐饮场所;休闲餐饮场所,金牛区,104.045793,30.723139,1
聚贤茶坊(洞子口北街),catering,餐饮服务;茶艺馆;茶艺馆,金牛区,104.047565,30.726324,1
金府世家茶楼,catering,餐饮服务;茶艺馆;茶艺馆,金牛区,104.050944,30.725291,1
周婆火锅串串,catering,餐饮服务;中餐厅;火锅店,金牛区,104.059054,30.724161,4
嘟市基,catering,餐饮服务;糕饼店;糕饼店,金牛区,104.054896,30.723609,3
小宝面庄,catering,餐饮服务;中餐厅;中餐厅,金牛区,104.060455,30.725348,19
泉水大排档,catering,餐饮服务;中餐厅;中餐厅,金牛区,104.059937,30.72883,2
沁心居茶府,catering,餐饮服务;茶艺馆;茶艺馆,金牛区,104.05565,30.724279,3
竹香串串,catering,餐饮服务;快餐厅;快餐厅,金牛区,104.062207,30.728869,1
水源居(沙河源东路),catering,餐饮服务;茶艺馆;茶艺馆,金牛区,104.057872,30.72224,1
沙河源聚友茶坊,catering,餐饮服务;茶艺馆;茶艺馆,金牛区,104.056971,30.72326,1
源景商务茶园,catering,餐饮服务;茶艺馆;茶艺馆,金牛区,104.0536,30.7224,1
23号,catering,餐饮服务;休闲餐饮场所;休闲餐饮场所,金牛区,104.05938,30.726115,3
广元米凉面,catering,餐饮服务;中餐厅;中餐厅,金牛区,104.056558,30.724006,2
柴火食府,catering,餐饮服务;中餐厅;中餐厅,金牛区,104.066016,30.722014,24
罗记面馆(王贾路),catering,餐饮服务;中餐厅;中餐厅,金牛区,104.066359,30.723755,3
三玖茶府,catering,餐饮服务;茶艺馆;茶艺馆,金牛区,104.066598,30.720499,2
水韵茶坊(王贾西街),catering,餐饮服务;茶艺馆;茶艺馆,金牛区,104.063712,30.722538,1
后院茶坊(中环路洞子口路段),catering,餐饮服务;茶艺馆;茶艺馆,金牛区,104.06777,30.719886,2
圣克士,catering,餐饮服务;外国餐厅;西餐厅(综合风味),金牛区,104.066659,30.721251,1
大众川菜馆(王贾路),catering,餐饮服务;中餐厅;四川菜(川菜),金牛区,104.066764,30.72438,1
原味绍子面,catering,餐饮服务;中餐厅;中餐厅,金牛区,104.072929,30.720678,3
随变点,catering,餐饮服务;中餐厅;中餐厅,金牛区,104.075102,30.72328,23
宜宾燃面(韦家碾一路),catering,餐饮服务;中餐厅;中餐厅,金牛区,104.076448,30.722411,3
冯记串串香(绿地世纪城店),catering,餐饮服务;中餐厅;特色/地方风味餐厅,金牛区,104.078005,30.722255,1
香草阁,catering,餐饮服务;中餐厅;火锅店,金牛区,104.074816,30.720525,1
羊马川西名小吃,catering,餐饮服务;中餐厅;中餐厅,金牛区,104.074061,30.720598,3
凤凰茶坊(韦家碾三路),catering,餐饮服务;茶艺馆;茶艺馆,金牛区,104.075349,30.720481,1
有友茶楼,catering,餐饮服务;茶艺馆;茶艺馆,成华区,104.100891,30.719535,13
仁和饭店,catering,餐饮服务;中餐厅;中餐厅,金牛区,104.096233,30.726125,6
万喜酒楼,catering,餐饮服务;中餐厅;中餐厅,成华区,104.10323,30.719933,1
凤凰饭店,catering,餐饮服务;中餐厅;火锅店,金牛区,104.094906,30.726096,1
富顺豆花,catering,餐饮服务;中餐厅;中餐厅,成华区,104.100066,30.729013,7
圣嘉茶啡坊,catering,餐饮服务;咖啡厅;咖啡厅,成华区,104.098388,30.719744,2
可以,catering,餐饮服务;中餐厅;中餐厅,成华区,104.09926,30.719429,1
鸿银饭店,catering,餐饮服务;中餐厅;中餐厅,成华区,104.101113,30.728893,2
冒牌火锅菜(北门富森店),catering,餐饮服务;中餐厅;中餐厅,成华区,104.110792,30.726783,1
喜郎厨快餐(北门富森美店),catering,餐饮服务;快餐厅;快餐厅,成华区,104.107578,30.727088,1
乐合园川菜馆,catering,餐饮服务;中餐厅;四川菜(川菜),成华区,104.106376,30.727138,2
二妹家常菜,catering,餐饮服务;中餐厅;中餐厅,成华区,104.11261,30.727395,1
上码头家常菜馆,catering,餐饮服务;中餐厅;中餐厅,成华区,104.111418,30.726702,1
川东饭店,catering,餐饮服务;中餐厅;中餐厅,成华区,104.105923,30.728228,1
时光解馋坊(工疗家园南),catering,餐饮服务;中餐厅;中餐厅,成华区,104.112409,30.727984,1
简阳肖仙仙羊肉汤,catering,餐饮服务;中餐厅;中餐厅,成华区,104.120686,30.724764,1
重庆坝子老火锅,catering,餐饮服务;中餐厅;火锅店,成华区,104.121464,30.725338,1
开心鱼庄(致和路),catering,餐饮服务;中餐厅;中餐厅,成华区,104.118523,30.720701,3
蒋氏面馆(致和路),catering,餐饮服务;中餐厅;中餐厅,成华区,104.119282,30.721403,1
军帅饭庄,catering,餐饮服务;中餐厅;中餐厅,成华区,104.123073,30.725397,1
阿里饭店(熊猫大道),catering,餐饮服务;中餐厅;中餐厅,成华区,104.119375,30.724768,1
兄弟柴火鸡(熊猫大道),catering,餐饮服务;中餐厅;中餐厅,成华区,104.128079,30.723281,1
三嫂子渔庄,catering,餐饮服务;中餐厅;中餐厅,成华区,104.129757,30.722343,2
河边风味,catering,餐饮服务;中餐厅;中餐厅,成华区,104.128832,30.72177,1
豪记卤肉小吃店,catering,餐饮服务;快餐厅;快餐厅,成华区,104.128957,30.721207,1
神仙气功鱼,catering,餐饮服务;快餐厅;快餐厅,成华区,104.130804,30.72495,2
胖哥餐馆,catering,餐饮服务;中餐厅;中餐厅,成华区,104.133538,30.727426,2
聂三耳鹅肠火锅(熊猫店),catering,餐饮服务;中餐厅;火锅店,成华区,104.132421,30.726336,1
重庆饭店,catering,餐饮服务;中餐厅;四川菜(川菜),成华区,104.124049,30.725933,1
万县面馆,catering,餐饮服务;中餐厅;中餐厅,成华区,104.123815,30.725098,4
三毛农家饭馆,catering,餐饮服务;中餐厅;中餐厅,成华区,104.130273,30.724502,2
银鸽湾,catering,餐饮服务;中餐厅;中餐厅,成华区,104.125757,30.725061,1
正宗魏记查渣面(蜀龙路),catering,餐饮服务;中餐厅;中餐厅,成华区,104.145245,30.720594,2
碗碗香面庄(老龙青路),catering,餐饮服务;中餐厅;中餐厅,成华区,104.143794,30.719675,1
印象酒家,catering,餐饮服务;中餐厅;中餐厅,成华区,104.163647,30.722359,3
阿林餐馆(景观大道),catering,餐饮服务;中餐厅;中餐厅,成华区,104.158551,30.722954,1
台湾苏氏牛排(龙潭店),catering,餐饮服务;外国餐厅;外国餐厅,成华区,104.165682,30.721245,1
聚友屋,catering,餐饮服务;中餐厅;火锅店,成华区,104.165332,30.719388,5
张记羊肉汤(成金青快速通道),catering,餐饮服务;中餐厅;中餐厅,成华区,104.173096,30.721473,1
竹林兔,catering,餐饮服务;中餐厅;中餐厅,成华区,104.172746,30.719837,1
东和苑,catering,餐饮服务;中餐厅;综合酒楼,成华区,104.164255,30.721555,4
金牌卤肉面,catering,餐饮服务;中餐厅;中餐厅,成华区,104.165287,30.720234,3
同森源农家小院,catering,餐饮服务;中餐厅;中餐厅,成华区,104.170988,30.720642,1
同乐休闲庄,catering,餐饮服务;中餐厅;中餐厅,成华区,104.172038,30.720364,1
竹林盘(龙青路),catering,餐饮服务;中餐厅;中餐厅,成华区,104.17429,30.719797,1
乡竹园,catering,餐饮服务;中餐厅;中餐厅,成华区,104.174643,30.720289,1
刘家别苑,catering,餐饮服务;中餐厅;中餐厅,成华区,104.175206,30.719862,2
名羊巴蜀烤全羊,catering,餐饮服务;中餐厅;特色/地方风味餐厅,金牛区,103.965196,30.71617,3
巨竹园柴火灶,catering,餐饮服务;中餐厅;中餐厅,金牛区,103.964848,30.718212,1
懿园餐饮,catering,餐饮服务;中餐厅;中餐厅,金牛区,103.966202,30.717043,1
河边茶园,catering,餐饮服务;茶艺馆;茶艺馆,青羊区,103.964552,30.713578,1
馄饨大王,catering,餐饮服务;中餐厅;中餐厅,金牛区,103.982518,30.714466,16
乐卡夫,catering,餐饮服务;冷饮店;冷饮店,金牛区,103.978243,30.709416,52
友谊饭店羊肉汤(两河店),catering,餐饮服务;中餐厅;中餐厅,金牛区,103.98139,30.712872,1
非遗茶楼,catering,餐饮服务;茶艺馆;茶艺馆,金牛区,103.978896,30.711265,2
静点·茗苑,catering,餐饮服务;茶艺馆;茶艺馆,金牛区,103.976416,30.710272,2
捞巴适砂锅串串香,catering,餐饮服务;快餐厅;快餐厅,金牛区,103.981702,30.715492,12
锦福牛肉面家,catering,餐饮服务;快餐厅;快餐厅,金牛区,103.979158,30.717137,4
韩式定妆,catering,餐饮服务;外国餐厅;外国餐厅,金牛区,103.977624,30.718278,1
景观园,catering,餐饮服务;茶艺馆;茶艺馆,金牛区,103.978117,30.710063,1
澜卡九号茶府,catering,餐饮服务;茶艺馆;茶艺馆,金牛区,103.977113,30.710561,1
魔方法式甜点,catering,餐饮服务;甜品店;甜品店,金牛区,103.982935,30.715384,1
koi金本丸萌团子,catering,餐饮服务;咖啡厅;咖啡厅,金牛区,103.983482,30.713892,1
寻常面,catering,餐饮服务;中餐厅;中餐厅,金牛区,103.990796,30.711236,73
川榆坝子火锅,catering,餐饮服务;中餐厅;火锅店,金牛区,103.991582,30.713995,1
壹小厨,catering,餐饮服务;中餐厅;中餐厅,金牛区,103.987655,30.717764,2
安德鲁森(蜀西南店),catering,餐饮服务;糕饼店;糕饼店,金牛区,103.99132,30.710135,4
渔家傲冷锅鱼,catering,餐饮服务;中餐厅;中餐厅,金牛区,103.985192,30.712932,1
千香面,catering,餐饮服务;中餐厅;中餐厅,金牛区,103.986972,30.712829,15
豇豆面,catering,餐饮服务;中餐厅;中餐厅,金牛区,103.987007,30.713896,4
RAINMAKER COFFEE(雨天晴),catering,餐饮服务;咖啡厅;咖啡厅,金牛区,103.988645,30.718887,1
阿斗冒菜,catering,餐饮服务;中餐厅;中餐厅,金牛区,103.990809,30.712557,7
一杯咖啡,catering,餐饮服务;咖啡厅;咖啡厅,金牛区,103.988624,30.717196,1
黄金茶府,catering,餐饮服务;茶艺馆;茶艺馆,金牛区,103.988237,30.711163,1
园艺食坊,catering,餐饮服务;中餐厅;中餐厅,金牛区,103.991436,30.714569,1
金品小龙虾,catering,餐饮服务;中餐厅;特色/地方风味餐厅,金牛区,103.992735,30.709564,3
私家小厨,catering,餐饮服务;中餐厅;中餐厅,金牛区,103.989897,30.712509,3
上海周记无水脆皮蜂蜜蛋糕(金科苑路),catering,餐饮服务;糕饼店;糕饼店,金牛区,103.985796,30.713594,1
西线茶园,catering,餐饮服务;茶艺馆;茶艺馆,金牛区,103.991625,30.713243,1
辣食光企业管理有限公司,catering,餐饮服务;快餐厅;快餐厅,金牛区,103.990445,30.718109,1
臭味香投,catering,餐饮服务;快餐厅;快餐厅,金牛区,103.992815,30.714437,1
红高粱菜馆,catering,餐饮服务;中餐厅;海鲜酒楼,金牛区,104.002097,30.711684,1
土巴碗鲜毛肚火锅(迎宾店),catering,餐饮服务;中餐厅;火锅店,金牛区,104.003151,30.712112,1
三公尚品酒楼,catering,餐饮服务;中餐厅;综合酒楼|餐饮服务;茶艺馆;茶艺馆,金牛区,103.994036,30.712059,1
御尚融合,catering,餐饮服务;中餐厅;综合酒楼,金牛区,104.003785,30.712364,3
炁家小菜(迎宾店),catering,餐饮服务;中餐厅;中餐厅,金牛区,104.001145,30.711359,2
九尺鹅肠,catering,餐饮服务;中餐厅;中餐厅,金牛区,103.996969,30.709436,6
成天面庄,catering,餐饮服务;中餐厅;中餐厅,金牛区,103.999052,30.713249,15
郦湾食府,catering,餐饮服务;中餐厅;中餐厅,金牛区,103.997048,30.716001,3
尊悦家宴,catering,餐饮服务;中餐厅;综合酒楼,金牛区,103.998171,30.709949,1
曹二姐饭店,catering,餐饮服务;中餐厅;中餐厅,金牛区,104.001946,30.71686,7
南海茶府,catering,餐饮服务;茶艺馆;茶艺馆,金牛区,103.998249,30.71467,3
渝成川菜馆,catering,餐饮服务;中餐厅;四川菜(川菜),金牛区,103.997354,30.716672,2
友缘饭馆,catering,餐饮服务;中餐厅;中餐厅,金牛区,104.002858,30.717736,1
老汤老面,catering,餐饮服务;中餐厅;中餐厅,金牛区,103.997612,30.715554,1
梓睿轩,catering,餐饮服务;茶艺馆;茶艺馆,金牛区,103.996986,30.71507,1
蜀九香火锅酒楼(迎宾店),catering,餐饮服务;中餐厅;火锅店,金牛区,104.008133,30.712978,1
七觉茶,catering,餐饮服务;茶艺馆;茶艺馆,金牛区,104.009951,30.713642,9
e步到位,catering,餐饮服务;糕饼店;糕饼店,金牛区,104.008892,30.713224,6
醉三国,catering,餐饮服务;中餐厅;中餐厅,金牛区,104.011188,30.709149,8
最好时光咖啡馆,catering,餐饮服务;咖啡厅;咖啡厅,金牛区,104.007716,30.715764,2
花漫山谷,catering,餐饮服务;咖啡厅;咖啡厅,金牛区,104.008249,30.715841,1
迎宾春天酒店翠宴餐厅,catering,餐饮服务;中餐厅;中餐厅,金牛区,104.005991,30.712265,1
园中园风味餐,catering,餐饮服务;快餐厅;快餐厅,金牛区,104.013622,30.718237,2
阳光巴士,catering,餐饮服务;中餐厅;火锅店,金牛区,104.004929,30.718913,1
迎宾国际餐厅,catering,餐饮服务;中餐厅;中餐厅,金牛区,104.006819,30.715782,1
宫廷糕点(金耀路),catering,餐饮服务;糕饼店;糕饼店,金牛区,104.010588,30.710337,1
兴缘茶艺,catering,餐饮服务;茶艺馆;茶艺馆,金牛区,104.0113,30.714174,1
加鑫酒店,catering,餐饮服务;中餐厅;中餐厅,金牛区,104.016334,30.711872,2
串串缘,catering,餐饮服务;中餐厅;火锅店,金牛区,104.020005,30.714215,21
金川餐馆,catering,餐饮服务;中餐厅;中餐厅,金牛区,104.01733,30.712117,5
银杏庄,catering,餐饮服务;中餐厅;中餐厅,金牛区,104.017527,30.719317,1
蓉西苑,catering,餐饮服务;茶艺馆;茶艺馆,金牛区,104.015419,30.712855,1
金牛宾馆东苑,catering,餐饮服务;茶艺馆;茶艺馆,金牛区,104.01495,30.71807,2
碧桂园,catering,餐饮服务;茶艺馆;茶艺馆,金牛区,104.01685,30.709914,1
鲜美蛋糕(跃进店),catering,餐饮服务;糕饼店;糕饼店,金牛区,104.018388,30.712714,3
一家卤味,catering,餐饮服务;快餐厅;快餐厅,金牛区,104.021329,30.712779,1
简阳何记羊肉汤锅,catering,餐饮服务;中餐厅;中餐厅,金牛区,104.017968,30.712325,1
天川菜馆,catering,餐饮服务;中餐厅;四川菜(川菜),金牛区,104.02336,30.713158,2
实惠饭店(嘉宇·天琢城西北),catering,餐饮服务;中餐厅;中餐厅,金牛区,104.022998,30.710538,1
金牛宾馆西苑,catering,餐饮服务;茶艺馆;茶艺馆,金牛区,104.014302,30.718897,1
米亚罗茶馆,catering,餐饮服务;茶艺馆;茶艺馆,金牛区,104.020588,30.711513,1
西苑茶坊,catering,餐饮服务;茶艺馆;茶艺馆,金牛区,104.014148,30.71933,1
金丰翔精品湘菜酒楼,catering,餐饮服务;中餐厅;湖南菜(湘菜),金牛区,104.027486,30.717646,1
锅色源香音乐火锅,catering,餐饮服务;中餐厅;中餐厅,金牛区,104.026754,30.716096,2
红火锅(华侨城店),catering,餐饮服务;中餐厅;中餐厅,金牛区,104.032354,30.718689,1
巫山饭店,catering,餐饮服务;中餐厅;中餐厅,金牛区,104.028819,30.711,3
金丰翔茶楼,catering,餐饮服务;茶艺馆;茶艺馆,金牛区,104.026828,30.717366,2
银色极品卤肉面.家常菜(金府路店),catering,餐饮服务;中餐厅;中餐厅,金牛区,104.03247,30.712682,1
金湖咖啡,catering,餐饮服务;咖啡厅;咖啡厅,金牛区,104.033571,30.71439,4
Manna Coffee,catering,餐饮服务;咖啡厅;咖啡厅,金牛区,104.027074,30.715634,1
好心情茶坊,catering,餐饮服务;茶艺馆;茶艺馆,金牛区,104.032492,30.710384,4
彦凯饭店,catering,餐饮服务;中餐厅;中餐厅,金牛区,104.03178,30.712561,1
会所茶楼,catering,餐饮服务;茶艺馆;茶艺馆,金牛区,104.031544,30.716402,1
台湾金丝肉松饼专卖,catering,餐饮服务;糕饼店;糕饼店,金牛区,104.032642,30.709683,2
蜀味乐快餐店,catering,餐饮服务;中餐厅;四川菜(川菜),金牛区,104.026013,30.712168,1
小强快餐,catering,餐饮服务;中餐厅;中餐厅,金牛区,104.030706,30.711883,1
汤的诱惑,catering,餐饮服务;快餐厅;快餐厅,金牛区,104.0365,30.709657,57
西雅图海鲜自助西餐厅,catering,餐饮服务;外国餐厅;西餐厅(综合风味),金牛区,104.03935,30.716776,2
轩园居,catering,餐饮服务;茶艺馆;茶艺馆,金牛区,104.038367,30.711936,29
青椒鸡,catering,餐饮服务;中餐厅;中餐厅,金牛区,104.04019,30.709526,19
菜菜饭,catering,餐饮服务;中餐厅;中餐厅,金牛区,104.042246,30.717203,53
广武豆花,catering,餐饮服务;中餐厅;中餐厅,金牛区,104.037861,30.710655,17
帅香鱼府,catering,餐饮服务;中餐厅;火锅店,金牛区,104.04267,30.715619,1
吃皮,catering,餐饮服务;中餐厅;特色/地方风味餐厅,金牛区,104.043082,30.710413,33
姐妹夜啤酒,catering,餐饮服务;中餐厅;中餐厅,金牛区,104.040843,30.711121,4
杨鸭子酒楼,catering,餐饮服务;中餐厅;综合酒楼,金牛区,104.036732,30.712042,2
鬼饮食冷锅鱼,catering,餐饮服务;中餐厅;中餐厅,金牛区,104.041626,30.710019,3
馨水谷茶楼,catering,餐饮服务;茶艺馆;茶艺馆|餐饮服务;咖啡厅;咖啡厅,金牛区,104.035296,30.711678,7
大唐宫,catering,餐饮服务;中餐厅;中餐厅,金牛区,104.038353,30.715706,4
妙厨中式自选快餐(金府店),catering,餐饮服务;快餐厅;快餐厅,金牛区,104.039079,30.715692,1
盐阜饭店茶楼,catering,餐饮服务;中餐厅;中餐厅,金牛区,104.039357,30.717582,1
留香园,catering,餐饮服务;中餐厅;中餐厅,金牛区,104.040353,30.717669,6
如意茶坊(长兰路店),catering,餐饮服务;茶艺馆;茶艺馆,金牛区,104.0336,30.710604,1
明亮面馆(金府店),catering,餐饮服务;中餐厅;中餐厅,金牛区,104.034591,30.713257,1
逸景家常菜,catering,餐饮服务;中餐厅;中餐厅,金牛区,104.040079,30.715954,2
馨园蛋糕,catering,餐饮服务;糕饼店;糕饼店,金牛区,104.040229,30.714464,3
沈小福(金府路店),catering,餐饮服务;中餐厅;中餐厅,金牛区,104.037264,30.715317,1
灯具城食堂,catering,餐饮服务;中餐厅;中餐厅,金牛区,104.039335,30.713574,1
东北饺子(金府路),catering,餐饮服务;中餐厅;特色/地方风味餐厅,金牛区,104.034018,30.713765,2
老杨烧烤,catering,餐饮服务;中餐厅;特色/地方风味餐厅,金牛区,104.040423,30.71299,1
咕咕炸鸡啤酒,catering,餐饮服务;外国餐厅;韩国料理,金牛区,104.037533,30.715856,1
小妹家常菜,catering,餐饮服务;中餐厅;中餐厅,金牛区,104.041272,30.712639,1
正宗温州海鲜,catering,餐饮服务;中餐厅;中餐厅,金牛区,104.04008,30.718224,1
玖久思家常菜,catering,餐饮服务;中餐厅;中餐厅,金牛区,104.040532,30.71177,2
锦绣农家,catering,餐饮服务;中餐厅;中餐厅,金牛区,104.039972,30.716791,1
特色肥肠血旺,catering,餐饮服务;中餐厅;特色/地方风味餐厅,金牛区,104.0386,30.716414,1
贺记老成都棒棒面,catering,餐饮服务;中餐厅;中餐厅,金牛区,104.037753,30.716743,1
食胜记,catering,餐饮服务;中餐厅;中餐厅,金牛区,104.038056,30.717208,1
唐记原汤牛肉面,catering,餐饮服务;中餐厅;中餐厅,金牛区,104.038662,30.712887,1
逸宛小面,catering,餐饮服务;中餐厅;中餐厅,金牛区,104.045744,30.709924,10
街吧,catering,餐饮服务;冷饮店;冷饮店,金牛区,104.045205,30.714949,34
半糖DIY烘焙坊,catering,餐饮服务;糕饼店;糕饼店,金牛区,104.044098,30.712983,1
贪吃面,catering,餐饮服务;中餐厅;中餐厅,金牛区,104.045363,30.712798,15
鸡汤铺盖面,catering,餐饮服务;中餐厅;中餐厅,金牛区,104.046013,30.710914,14
真心包点,catering,餐饮服务;中餐厅;中餐厅,金牛区,104.04446,30.718054,1
黄大姐串串香,catering,餐饮服务;中餐厅;火锅店,金牛区,104.049988,30.710033,2
电子科技大学九里堤校区2食堂,catering,餐饮服务;中餐厅;中餐厅,金牛区,104.046101,30.712576,2
巴蜀缘川菜家宴馆,catering,餐饮服务;中餐厅;四川菜(川菜),金牛区,104.049031,30.711048,2
润茗阁茶坊,catering,餐饮服务;茶艺馆;茶艺馆,金牛区,104.050741,30.71067,2
大雁情天,catering,餐饮服务;中餐厅;中餐厅,金牛区,104.04941,30.714173,2
梅记面庄,catering,餐饮服务;中餐厅;中餐厅,金牛区,104.047359,30.709888,5
特色豆花饭,catering,餐饮服务;中餐厅;中餐厅,金牛区,104.045958,30.715969,5
仟旭坊仙,catering,餐饮服务;中餐厅;中餐厅,金牛区,104.049082,30.710564,1
大厨小餐,catering,餐饮服务;中餐厅;中餐厅,金牛区,104.048657,30.709182,8
果屿,catering,餐饮服务;冷饮店;冷饮店,金牛区,104.062674,30.711998,66
馄饨大王,catering,餐饮服务;中餐厅;中餐厅,金牛区,104.057628,30.716404,4
皇玛茶楼,catering,餐饮服务;咖啡厅;咖啡厅,金牛区,104.062036,30.709488,6
鼎弈轩茶坊,catering,餐饮服务;茶艺馆;茶艺馆,金牛区,104.062904,30.714883,5
蜀签味串串香,catering,餐饮服务;中餐厅;火锅店,金牛区,104.055374,30.717801,3
签名饼屋,catering,餐饮服务;糕饼店;糕饼店,金牛区,104.059018,30.714293,1
善成茶府,catering,餐饮服务;茶艺馆;茶艺馆,金牛区,104.055172,30.71931,1
隆昌全羊肉汤,catering,餐饮服务;中餐厅;中餐厅,金牛区,104.05798,30.718197,3
宽席家宴茶坊,catering,餐饮服务;中餐厅;综合酒楼,金牛区,104.05658,30.716913,2
家常菜·面,catering,餐饮服务;快餐厅;快餐厅,金牛区,104.05612,30.717538,2
西雅烘焙(北城天街店),catering,餐饮服务;糕饼店;糕饼店,金牛区,104.061618,30.71422,1
飘香冒菜馆(福宁路),catering,餐饮服务;中餐厅;中餐厅,金牛区,104.058805,30.71811,2
曦语茶楼,catering,餐饮服务;茶艺馆;茶艺馆,金牛区,104.06222,30.714709,1
Home Wind Coffee,catering,餐饮服务;咖啡厅;咖啡厅,金牛区,104.061302,30.711277,1
重庆大足特色面庄,catering,餐饮服务;中餐厅;四川菜(川菜),金牛区,104.060041,30.715459,1
巷子深处,catering,餐饮服务;中餐厅;中餐厅,金牛区,104.064754,30.713224,35
铁板,catering,餐饮服务;快餐厅;快餐厅,金牛区,104.065508,30.714551,48
乐记(北城天街店),catering,餐饮服务;中餐厅;中餐厅,金牛区,104.063704,30.713395,4
筷香基,catering,餐饮服务;中餐厅;火锅店,金牛区,104.065984,30.713605,3
汤锅王,catering,餐饮服务;中餐厅;中餐厅,金牛区,104.067344,30.71297,14
僰都烤鱼,catering,餐饮服务;中餐厅;特色/地方风味餐厅,成华区,104.069467,30.712205,73
鸡汤饭,catering,餐饮服务;中餐厅;中餐厅,金牛区,104.066623,30.709814,25
北城人家土鸡馆(站北北街店),catering,餐饮服务;中餐厅;中餐厅,成华区,104.071671,30.713408,2
干锅食寨,catering,餐饮服务;中餐厅;特色/地方风味餐厅,金牛区,104.066366,30.715839,1
奶茶工坊(五块石店),catering,餐饮服务;冷饮店;冷饮店,成华区,104.070538,30.71204,1
水武街茶坊,catering,餐饮服务;茶艺馆;茶艺馆,成华区,104.07355,30.71108,2
鱼霸王,catering,餐饮服务;中餐厅;海鲜酒楼,金牛区,104.064572,30.716188,4
新六号,catering,餐饮服务;中餐厅;中餐厅,金牛区,104.064356,30.718506,2
霖源阁,catering,餐饮服务;茶艺馆;茶艺馆,成华区,104.069731,30.715525,1
李记砂锅米线,catering,餐饮服务;中餐厅;中餐厅,金牛区,104.064499,30.715316,4
碧水茶楼(凤凰东路),catering,餐饮服务;茶艺馆;茶艺馆,金牛区,104.071675,30.715899,1
川北手擀面,catering,餐饮服务;中餐厅;中餐厅,成华区,104.071247,30.712251,2
农家柴火鸡,catering,餐饮服务;中餐厅;中餐厅,金牛区,104.067979,30.711075,1
周婆自助火锅串串,catering,餐饮服务;快餐厅;快餐厅,金牛区,104.071536,30.71711,1
谭氏川菜,catering,餐饮服务;中餐厅;四川菜(川菜),成华区,104.068785,30.719062,4
蜀香老妈砂锅串串,catering,餐饮服务;中餐厅;火锅店,金牛区,104.067362,30.714666,2
坝坝食府,catering,餐饮服务;中餐厅;中餐厅,金牛区,104.068295,30.714589,1
羊马查渣面肥肠血旺(成彭公路),catering,餐饮服务;中餐厅;中餐厅,金牛区,104.072043,30.716958,1
卡卡角角夜宵,catering,餐饮服务;中餐厅;中餐厅,成华区,104.076349,30.716018,2
谷麦园,catering,餐饮服务;中餐厅;中餐厅,成华区,104.074843,30.7168,11
自贡风味,catering,餐饮服务;中餐厅;四川菜(川菜),金牛区,104.075474,30.718507,8
豆花鱼火锅,catering,餐饮服务;中餐厅;火锅店,成华区,104.080589,30.715206,1
观景茶坊,catering,餐饮服务;茶艺馆;茶艺馆,成华区,104.077834,30.712159,2
茂缘商务茶社,catering,餐饮服务;茶艺馆;茶艺馆,成华区,104.080334,30.713412,3
升仙湖茶楼,catering,餐饮服务;茶艺馆;茶艺馆,金牛区,104.076598,30.718382,3
鑫悦茶坊,catering,餐饮服务;茶艺馆;茶艺馆,成华区,104.076883,30.715749,1
酒点半水吧,catering,餐饮服务;冷饮店;冷饮店,金牛区,104.073911,30.718928,2
辣妹子串串香(康城店),catering,餐饮服务;中餐厅;火锅店,金牛区,104.074365,30.718266,2
覃记家常小炒,catering,餐饮服务;中餐厅;中餐厅,成华区,104.081559,30.71504,1
新伙食团,catering,餐饮服务;中餐厅;中餐厅,成华区,104.074033,30.710127,5
美味面食(双兴街),catering,餐饮服务;中餐厅;中餐厅,成华区,104.080478,30.714251,1
何丰饭店,catering,餐饮服务;中餐厅;中餐厅,金牛区,104.082344,30.718893,1
犇犇藤椒牛杂火锅(驷马桥店),catering,餐饮服务;中餐厅;中餐厅,成华区,104.089225,30.709874,1
夜游神,catering,餐饮服务;中餐厅;特色/地方风味餐厅,成华区,104.093633,30.710749,17
菜源地生态海鲜自助火锅(成都总店),catering,餐饮服务;中餐厅;火锅店,成华区,104.092523,30.712149,1
红蕊百姓味道,catering,餐饮服务;中餐厅;四川菜(川菜),成华区,104.091885,30.71381,9
冯记手工肥肠粉,catering,餐饮服务;中餐厅;中餐厅,成华区,104.09108,30.7126,2
渔倌,catering,餐饮服务;中餐厅;特色/地方风味餐厅,成华区,104.093536,30.708777,130
醉烧串,catering,餐饮服务;中餐厅;特色/地方风味餐厅,成华区,104.092212,30.710252,8
撸串吧,catering,餐饮服务;中餐厅;特色/地方风味餐厅,成华区,104.091823,30.714973,20
无名生态馆,catering,餐饮服务;中餐厅;综合酒楼,成华区,104.084032,30.711207,1
兴源酒楼(双荆路),catering,餐饮服务;中餐厅;综合酒楼,成华区,104.089007,30.714957,3
鼎锅饭土菜馆,catering,餐饮服务;中餐厅;中餐厅,成华区,104.093041,30.715059,3
川菜馆,catering,餐饮服务;中餐厅;四川菜(川菜),成华区,104.085928,30.711116,2
家常面,catering,餐饮服务;中餐厅;特色/地方风味餐厅,成华区,104.090349,30.714753,18
蜀香面馆,catering,餐饮服务;中餐厅;特色/地方风味餐厅,成华区,104.090952,30.711345,6
生日蛋糕屋,catering,餐饮服务;糕饼店;糕饼店,成华区,104.089528,30.714424,1
正宗富顺豆花(青冈路),catering,餐饮服务;中餐厅;中餐厅,成华区,104.088649,30.714221,1
张砂锅米线(新津八分店),catering,餐饮服务;中餐厅;中餐厅,金牛区,104.083973,30.71857,1
成都吃货私房菜,catering,餐饮服务;中餐厅;中餐厅,成华区,104.092213,30.717521,1
富港茶楼(青冈路),catering,餐饮服务;茶艺馆;茶艺馆,成华区,104.089006,30.713585,1
翠园,catering,餐饮服务;中餐厅;中餐厅,成华区,104.086342,30.711726,3
咸理寿司店,catering,餐饮服务;外国餐厅;日本料理,成华区,104.088469,30.717223,1
虾吃虾喝,catering,餐饮服务;中餐厅;特色/地方风味餐厅,成华区,104.090263,30.708999,8
自贡姜鸭面(荆翠西路店),catering,餐饮服务;快餐厅;快餐厅,成华区,104.090633,30.716752,1
冰冰奶茶,catering,餐饮服务;冷饮店;冷饮店,成华区,104.093329,30.716011,4
蓉尚食府,catering,餐饮服务;中餐厅;中餐厅,成华区,104.101991,30.717936,12
温氏担担面,catering,餐饮服务;中餐厅;中餐厅,成华区,104.101327,30.715298,20
包先生,catering,餐饮服务;甜品店;甜品店,成华区,104.094445,30.712048,5
欢乐豆,catering,餐饮服务;中餐厅;中餐厅,成华区,104.097526,30.711841,24
重庆豌豆面,catering,餐饮服务;快餐厅;快餐厅,成华区,104.103074,30.718919,4
耙耳朵串串,catering,餐饮服务;中餐厅;火锅店,成华区,104.096201,30.717484,13
阿良家常菜,catering,餐饮服务;中餐厅;中餐厅,成华区,104.10239,30.715342,4
百宗杀牛场(双荆路店),catering,餐饮服务;中餐厅;火锅店,成华区,104.093644,30.711638,1
重庆冷锅鱼(双荆店),catering,餐饮服务;中餐厅;四川菜(川菜),成华区,104.095306,30.710803,1
汤锅王,catering,餐饮服务;中餐厅;中餐厅,成华区,104.102558,30.716171,10
土碗碗,catering,餐饮服务;中餐厅;中餐厅,成华区,104.09493,30.713737,3
好有面,catering,餐饮服务;中餐厅;中餐厅,成华区,104.096685,30.711261,3
24小食烧烤,catering,餐饮服务;中餐厅;特色/地方风味餐厅,成华区,104.098565,30.716492,1
农家土砂锅,catering,餐饮服务;中餐厅;东北菜,成华区,104.102417,30.718962,1
长空茶楼,catering,餐饮服务;茶艺馆;茶艺馆,成华区,104.100618,30.7165,4
梅花饭店(昭觉寺南路),catering,餐饮服务;中餐厅;中餐厅,成华区,104.099855,30.714765,1
第一茶园,catering,餐饮服务;茶艺馆;茶艺馆,成华区,104.101556,30.710622,1
横桥茶苑,catering,餐饮服务;茶艺馆;茶艺馆,成华区,104.095238,30.710064,1
海壬茶楼,catering,餐饮服务;茶艺馆;茶艺馆,成华区,104.096337,30.718652,1
上水烤鱼,catering,餐饮服务;中餐厅;特色/地方风味餐厅,成华区,104.093564,30.714822,2
肥肠粉(荆翠西路店),catering,餐饮服务;快餐厅;快餐厅,成华区,104.097503,30.716888,1
二姐冷谈杯,catering,餐饮服务;中餐厅;中餐厅,成华区,104.096172,30.71596,1
蒸有爱包子铺,catering,餐饮服务;中餐厅;中餐厅,成华区,104.094514,30.710437,1
京蜀房手工面馆(荆翠西路店),catering,餐饮服务;快餐厅;快餐厅,成华区,104.098035,30.716874,1
友源饭店,catering,餐饮服务;中餐厅;中餐厅,成华区,104.0995,30.715449,1
一品龙虾,catering,餐饮服务;中餐厅;特色/地方风味餐厅,成华区,104.103923,30.718671,13
罗莎蛋糕(东昌店),catering,餐饮服务;糕饼店;糕饼店,成华区,104.104182,30.715966,2
私房菜,catering,餐饮服务;中餐厅;中餐厅,成华区,104.112675,30.716803,16
80后老板数签签,catering,餐饮服务;快餐厅;快餐厅,成华区,104.110709,30.71764,3
嘿小西,catering,餐饮服务;中餐厅;中餐厅,成华区,104.107025,30.71407,17
柴火鸡,catering,餐饮服务;中餐厅;中餐厅,成华区,104.107775,30.716548,38
贡茶,catering,餐饮服务;冷饮店;冷饮店,成华区,104.104874,30.718058,13
富顺豆花,catering,餐饮服务;中餐厅;中餐厅,成华区,104.112585,30.719264,2
安德鲁森(荆翠店),catering,餐饮服务;糕饼店;糕饼店,成华区,104.107227,30.717841,1
三顾冒菜(富丽花城店),catering,餐饮服务;中餐厅;中餐厅,成华区,104.111921,30.717566,1
伊亚小镇,catering,餐饮服务;快餐厅;快餐厅,成华区,104.111436,30.713082,7
伊卡冰奶茶铺(动物园店),catering,餐饮服务;冷饮店;冷饮店,成华区,104.106373,30.717947,1
面包公爵(东荆路店),catering,餐饮服务;糕饼店;糕饼店,成华区,104.112221,30.715535,1
老麻抄手(荆竹东路),catering,餐饮服务;中餐厅;中餐厅,成华区,104.112426,30.714908,1
名誉酸奶,catering,餐饮服务;糕饼店;糕饼店,成华区,104.107933,30.712905,4
彭州凉拌猪手,catering,餐饮服务;快餐厅;快餐厅,成华区,104.109729,30.715222,2
典凡豆汤饭,catering,餐饮服务;中餐厅;中餐厅,成华区,104.10896,30.71283,5
郭氏串串,catering,餐饮服务;中餐厅;特色/地方风味餐厅,成华区,104.111553,30.713843,3
避风塘(上东店),catering,餐饮服务;休闲餐饮场所;休闲餐饮场所,成华区,104.105846,30.718022,2
一伟正宗川味铁板鱿鱼,catering,餐饮服务;中餐厅;特色/地方风味餐厅,成华区,104.111688,30.715298,1
小李特色烧烤,catering,餐饮服务;中餐厅;特色/地方风味餐厅,成华区,104.11228,30.710188,1
傻马儿羊肉汤,catering,餐饮服务;中餐厅;特色/地方风味餐厅,成华区,104.112099,30.714355,1
饶三哥特色干锅汤锅(东林店),catering,餐饮服务;中餐厅;中餐厅,成华区,104.107651,30.718122,1
有友饭店(荆竹东路),catering,餐饮服务;中餐厅;中餐厅,成华区,104.112991,30.714882,1
麦香园烘焙,catering,餐饮服务;糕饼店;糕饼店,成华区,104.109826,30.717801,3
成都动物园-小吃服务点,catering,餐饮服务;中餐厅;中餐厅,成华区,104.105137,30.711605,1
巴州特色牛肉面,catering,餐饮服务;快餐厅;快餐厅,成华区,104.10416,30.716657,2
宜宾燃面(荆翠中路),catering,餐饮服务;中餐厅;中餐厅,成华区,104.108823,30.718003,1
小美狼牙土豆,catering,餐饮服务;中餐厅;特色/地方风味餐厅,成华区,104.109463,30.713491,1
生态土鸡店,catering,餐饮服务;中餐厅;特色/地方风味餐厅,成华区,104.112135,30.718646,1
蒸味包点(东荆路),catering,餐饮服务;中餐厅;中餐厅,成华区,104.112997,30.71823,1
比洛克,catering,餐饮服务;外国餐厅;西餐厅(综合风味),成华区,104.118921,30.713498,2
玉苑·张家院子,catering,餐饮服务;中餐厅;中餐厅,成华区,104.116119,30.717563,1
重庆美味面店,catering,餐饮服务;中餐厅;中餐厅,成华区,104.115528,30.716778,2
刘兔儿江湖菜(东林店),catering,餐饮服务;中餐厅;中餐厅,成华区,104.113624,30.719049,1
老字号简阳正宗三岔湖羊肉汤,catering,餐饮服务;中餐厅;中餐厅,成华区,104.12553,30.714809,2
鑫海茶坊(东林二路),catering,餐饮服务;茶艺馆;茶艺馆,成华区,104.126477,30.716175,1
菊园茶坊(东林二路),catering,餐饮服务;茶艺馆;茶艺馆,成华区,104.126754,30.716703,1
兴旺火锅串串香,catering,餐饮服务;中餐厅;中餐厅,成华区,104.139396,30.718418,1
王家茶园(老龙青路),catering,餐饮服务;茶艺馆;茶艺馆,成华区,104.138131,30.717642,1
沉味居,catering,餐饮服务;中餐厅;中餐厅,成华区,104.156447,30.709755,1
新盛饭馆,catering,餐饮服务;中餐厅;中餐厅,成华区,104.156286,30.710354,5
卤香坊,catering,餐饮服务;快餐厅;快餐厅,成华区,104.164752,30.71872,8
甜蜜满屋,catering,餐饮服务;中餐厅;中餐厅|购物服务;便民商店/便利店;便民商店/便利店,成华区,104.165674,30.716264,4
北湖印象酒楼,catering,餐饮服务;中餐厅;综合酒楼,成华区,104.166002,30.715201,2
祥和茶楼,catering,餐饮服务;茶艺馆;茶艺馆,成华区,104.165566,30.717602,4
聂三耳鹅肠火锅(龙潭寺店),catering,餐饮服务;中餐厅;火锅店,成华区,104.166659,30.712227,1
小川饭店,catering,餐饮服务;中餐厅;中餐厅,成华区,104.166762,30.71156,1
雲记最成都兔老壳,catering,餐饮服务;中餐厅;中餐厅,成华区,104.164374,30.717038,1
二娃蹄花,catering,餐饮服务;中餐厅;中餐厅,成华区,104.166529,30.717795,2
竹篱飘香,catering,餐饮服务;中餐厅;中餐厅,成华区,104.168362,30.715856,2
五州同乐茶庄,catering,餐饮服务;茶艺馆;茶艺馆,成华区,104.165078,30.718254,1
重庆冷锅鱼自助餐(北湖店),catering,餐饮服务;中餐厅;中餐厅,成华区,104.167124,30.717865,1
腾银饭店,catering,餐饮服务;中餐厅;中餐厅,成华区,104.171847,30.710257,3
大众火锅(龙潭路),catering,餐饮服务;中餐厅;火锅店,成华区,104.166214,30.713221,1
桥头香干锅王,catering,餐饮服务;中餐厅;中餐厅,成华区,104.168269,30.713434,1
桂林钟肥肠,catering,餐饮服务;中餐厅;中餐厅,成华区,104.182527,30.719113,1
天天见面(龙潭寺店),catering,餐饮服务;中餐厅;中餐厅,成华区,104.181323,30.709836,1
家蓉饭店,catering,餐饮服务;中餐厅;中餐厅,成华区,104.182645,30.715439,1
胖哥饭店(桂林萃岛南区西南),catering,餐饮服务;中餐厅;中餐厅,成华区,104.183562,30.71283,1
桂林茶楼(桂林北路),catering,餐饮服务;茶艺馆;茶艺馆,成华区,104.183083,30.716012,1
阿牛故事生态火锅山庄(IT大道总店),catering,餐饮服务;中餐厅;火锅店,金牛区,103.972456,30.70456,1
喜之来蛋糕(成飞总店),catering,餐饮服务;糕饼店;糕饼店,青羊区,103.965696,30.699668,1
成飞蓝天餐厅,catering,餐饮服务;中餐厅;中餐厅,青羊区,103.965664,30.701803,3
安德鲁森(成飞店),catering,餐饮服务;糕饼店;糕饼店,青羊区,103.964908,30.699674,1
绵阳饭店(纬一路),catering,餐饮服务;中餐厅;综合酒楼,青羊区,103.966579,30.701642,4
清悠闱休闲茶坊,catering,餐饮服务;茶艺馆;茶艺馆,青羊区,103.964727,30.701125,4
胖哥茶苑,catering,餐饮服务;茶艺馆;茶艺馆,青羊区,103.969421,30.701766,1
品味川菜馆(经二路),catering,餐饮服务;中餐厅;四川菜(川菜),青羊区,103.965968,30.700265,1
幺店子土菜馆,catering,餐饮服务;中餐厅;中餐厅,青羊区,103.967449,30.701419,2
重庆小面(经四路),catering,餐饮服务;中餐厅;四川菜(川菜),金牛区,103.97182,30.703468,1
大邑特色肥肠血旺羊马渣渣面酸菜卤肉面,catering,餐饮服务;中餐厅;中餐厅,金牛区,103.973088,30.703809,1
天合,catering,餐饮服务;茶艺馆;茶艺馆,金牛区,103.975173,30.708425,11
天地合茶府,catering,餐饮服务;茶艺馆;茶艺馆,金牛区,103.980865,30.708293,3
惠诚西饼屋,catering,餐饮服务;糕饼店;糕饼店,金牛区,103.977986,30.705849,16
聚友茶庄(淳风路),catering,餐饮服务;茶艺馆;茶艺馆,金牛区,103.976374,30.705749,4
两河稀饭庄,catering,餐饮服务;中餐厅;中餐厅,金牛区,103.977086,30.706453,9
根据地大食堂(黄金路店),catering,餐饮服务;中餐厅;中餐厅,金牛区,103.981185,30.702978,1
重庆双椒鱼,catering,餐饮服务;中餐厅;四川菜(川菜),金牛区,103.97912,30.706288,3
藤椒鱼府,catering,餐饮服务;中餐厅;海鲜酒楼,金牛区,103.976727,30.706966,1
刘老卤,catering,餐饮服务;中餐厅;中餐厅,金牛区,103.979408,30.70064,2
两河淳风茶坊,catering,餐饮服务;茶艺馆;茶艺馆,金牛区,103.980017,30.705709,1
同心茗苑茶楼,catering,餐饮服务;茶艺馆;茶艺馆,金牛区,103.975656,30.708957,2
四姐饭店(黄金路店),catering,餐饮服务;中餐厅;中餐厅,金牛区,103.983376,30.70463,3
马家场老街卤鸭,catering,餐饮服务;中餐厅;特色/地方风味餐厅,金牛区,103.979138,30.707247,4
老成都杂酱面(两河店),catering,餐饮服务;中餐厅;四川菜(川菜),金牛区,103.9781,30.704337,4
南部小厨,catering,餐饮服务;中餐厅;中餐厅,金牛区,103.978519,30.704925,3
刘姐天天鲜海鲜,catering,餐饮服务;中餐厅;海鲜酒楼,金牛区,103.978618,30.70146,1
小超媛西点房,catering,餐饮服务;糕饼店;糕饼店,金牛区,103.981543,30.701568,1
活力蛋糕房,catering,餐饮服务;糕饼店;糕饼店,金牛区,103.98001,30.702185,2
龙虾烤鱼,catering,餐饮服务;中餐厅;特色/地方风味餐厅,金牛区,103.979607,30.705167,1
艺轩美食店,catering,餐饮服务;中餐厅;中餐厅,金牛区,103.979962,30.701495,1
兄弟连快餐,catering,餐饮服务;中餐厅;中餐厅,金牛区,103.98061,30.701805,1
光骨头啃骨头,catering,餐饮服务;中餐厅;中餐厅,金牛区,103.980492,30.705369,1
坝坝牛肉,catering,餐饮服务;中餐厅;中餐厅,金牛区,103.993534,30.706328,2
笆啷鱼,catering,餐饮服务;中餐厅;中餐厅,金牛区,103.992708,30.707089,7
新希望鲜生活蛋糕(两河锦地奶亭店),catering,餐饮服务;冷饮店;冷饮店,金牛区,103.99183,30.707923,1
唐尉轩石锅烧鸡公怪味鱼(黄金路店),catering,餐饮服务;中餐厅;中餐厅,金牛区,103.991246,30.708076,1
桐语莲心,catering,餐饮服务;咖啡厅;咖啡厅,金牛区,103.989372,30.708805,1
清馨坊(双金店),catering,餐饮服务;茶艺馆;茶艺馆,金牛区,103.992816,30.708102,1
祥韵堂,catering,餐饮服务;茶艺馆;茶艺馆,金牛区,103.988683,30.708576,2
上善居茶楼,catering,餐饮服务;茶艺馆;茶艺馆,金牛区,103.990275,30.707766,1
芙蓉锦汇酒楼,catering,餐饮服务;中餐厅;综合酒楼,金牛区,104.002669,30.706263,1
經典小菜,catering,餐饮服务;中餐厅;中餐厅,金牛区,104.003364,30.707822,5
一品堂老火锅,catering,餐饮服务;中餐厅;火锅店,金牛区,104.001079,30.70475,11
鱼味鲜,catering,餐饮服务;中餐厅;中餐厅,金牛区,103.9967,30.708098,12
鱼霸王,catering,餐饮服务;中餐厅;中餐厅,金牛区,103.995809,30.707208,52
厨香红川菜河鲜,catering,餐饮服务;中餐厅;四川菜(川菜),金牛区,104.002332,30.708419,5
尚善阁(金牛店),catering,餐饮服务;中餐厅;中餐厅,金牛区,104.002987,30.707071,1
私家厨房,catering,餐饮服务;中餐厅;中餐厅,金牛区,103.999225,30.704689,4
蓬莱阁(蜀跃路),catering,餐饮服务;茶艺馆;茶艺馆,金牛区,104.00359,30.708568,1
味恋餐厅,catering,餐饮服务;中餐厅;中餐厅,金牛区,104.001542,30.70536,2
南充米粉,catering,餐饮服务;快餐厅;快餐厅,金牛区,103.999959,30.705136,7
怡帆阁茶府,catering,餐饮服务;茶艺馆;茶艺馆,金牛区,104.001786,30.70583,1
垚堯老火锅(黄金东一路店),catering,餐饮服务;中餐厅;火锅店,金牛区,103.998162,30.706002,1
秋姐饺子馆,catering,餐饮服务;中餐厅;特色/地方风味餐厅,青羊区,103.99693,30.702903,1
老井川菜酒楼,catering,餐饮服务;中餐厅;四川菜(川菜),金牛区,104.000134,30.701952,1
米佳百味厨房,catering,餐饮服务;中餐厅;中餐厅,金牛区,104.001447,30.70627,1
张记鲜豆花,catering,餐饮服务;中餐厅;中餐厅,金牛区,103.994807,30.706505,1
老味道面馆(蜀西南一路),catering,餐饮服务;中餐厅;中餐厅,金牛区,103.998514,30.704873,1
乐味一客,catering,餐饮服务;中餐厅;中餐厅,金牛区,104.011048,30.70752,5
巧灶柴火鸡(羊犀店),catering,餐饮服务;中餐厅;四川菜(川菜),金牛区,104.010194,30.705684,1
李鸭饭店,catering,餐饮服务;中餐厅;中餐厅,金牛区,104.004314,30.708822,8
碧海云天休闲会馆酒吧,catering,餐饮服务;外国餐厅;外国餐厅,金牛区,104.00629,30.69986,1
金玉满堂,catering,餐饮服务;中餐厅;中餐厅,金牛区,104.008791,30.704801,1
檀香怡园,catering,餐饮服务;中餐厅;中餐厅,金牛区,104.006453,30.707293,7
混烤,catering,餐饮服务;中餐厅;特色/地方风味餐厅,金牛区,104.012366,30.697014,83
家常菜,catering,餐饮服务;中餐厅;中餐厅,金牛区,104.00816,30.700645,11
天天见一面,catering,餐饮服务;中餐厅;中餐厅,金牛区,104.006878,30.709308,1
回味小吃(蜀跃东路),catering,餐饮服务;中餐厅;中餐厅,金牛区,104.005371,30.706815,1
咖啡爱上茶(育苗南路),catering,餐饮服务;咖啡厅;咖啡厅,金牛区,104.012622,30.699609,1
烂茶铺,catering,购物服务;专卖店;专营店|餐饮服务;茶艺馆;茶艺馆,金牛区,104.007478,30.707894,5
芙蓉茶府(育德路店),catering,餐饮服务;茶艺馆;茶艺馆,金牛区,104.013268,30.700516,1
牛肉面馄饨王小吃店,catering,餐饮服务;中餐厅;特色/地方风味餐厅,青羊区,104.004983,30.699857,3
香满园(金瑞路),catering,餐饮服务;中餐厅;中餐厅,金牛区,104.007922,30.70939,1
上里巴人火锅(总店),catering,餐饮服务;中餐厅;火锅店,金牛区,104.006019,30.708907,1
严氏砂锅米线,catering,餐饮服务;中餐厅;中餐厅,青羊区,104.004589,30.700367,1
回味冒菜(碧海云天假日酒店西南),catering,餐饮服务;中餐厅;中餐厅,青羊区,104.004888,30.700737,1
合川米线(蜀明西路),catering,餐饮服务;中餐厅;中餐厅,金牛区,104.009792,30.700817,1
顺天茶坊(育德路),catering,餐饮服务;茶艺馆;茶艺馆,金牛区,104.013026,30.700954,1
三生源茶坊,catering,餐饮服务;茶艺馆;茶艺馆,金牛区,104.021978,30.703863,5
美心蛋糕(夕阳阳蛋糕店),catering,餐饮服务;糕饼店;糕饼店,金牛区,104.021058,30.707485,2
原乡小厨,catering,餐饮服务;中餐厅;中餐厅,金牛区,104.022566,30.707498,7
三顾冒菜(芙蓉城店),catering,餐饮服务;中餐厅;中餐厅,金牛区,104.01391,30.700349,1
卡饼屋,catering,餐饮服务;糕饼店;糕饼店,金牛区,104.020861,30.699705,12
顺意冒菜,catering,餐饮服务;中餐厅;中餐厅,金牛区,104.019581,30.702408,11
干煵面,catering,餐饮服务;快餐厅;快餐厅,金牛区,104.017607,30.699492,9
周世华,catering,餐饮服务;快餐厅;快餐厅,金牛区,104.022042,30.700513,6
胡一绝冒菜,catering,餐饮服务;中餐厅;中餐厅,金牛区,104.022737,30.700969,2
家常面,catering,餐饮服务;中餐厅;中餐厅,金牛区,104.019027,30.706248,19
九味私厨,catering,餐饮服务;中餐厅;中餐厅,金牛区,104.014554,30.703121,7
益膳素食坊,catering,餐饮服务;中餐厅;中餐厅,金牛区,104.020753,30.703524,1
鲜味寿司(茶店子店),catering,餐饮服务;外国餐厅;外国餐厅,金牛区,104.023322,30.701385,5
金露茶楼(茶店子店),catering,餐饮服务;茶艺馆;茶艺馆,金牛区,104.020956,30.704557,1
茗香茶楼(阳曦店),catering,餐饮服务;茶艺馆;茶艺馆,金牛区,104.014299,30.702021,3
博雅茶舍,catering,餐饮服务;茶艺馆;茶艺馆,金牛区,104.018254,30.704184,2
催生鲫鱼,catering,餐饮服务;中餐厅;中餐厅,金牛区,104.019211,30.705739,1
茶店子横街5号附12号,catering,餐饮服务;中餐厅;特色/地方风味餐厅,金牛区,104.022363,30.700091,1
老幺秘制烤鱼干锅烧烤,catering,餐饮服务;中餐厅;特色/地方风味餐厅,金牛区,104.017932,30.705352,1
瑞福园,catering,餐饮服务;中餐厅;浙江菜,金牛区,104.017745,30.70021,1
蒸巴适快餐,catering,餐饮服务;中餐厅;中餐厅,金牛区,104.023262,30.706668,2
师太快餐,catering,餐饮服务;快餐厅;快餐厅,金牛区,104.020094,30.708602,1
凌姐串串香,catering,餐饮服务;中餐厅;中餐厅,金牛区,104.016552,30.699923,1
美女厨房餐厅,catering,餐饮服务;中餐厅;中餐厅,金牛区,104.020158,30.708035,1
厚道水饺,catering,餐饮服务;中餐厅;特色/地方风味餐厅,金牛区,104.017009,30.702411,1
老北京烤羊腿烤羊排,catering,餐饮服务;中餐厅;特色/地方风味餐厅,金牛区,104.029195,30.707906,3
虾锅锅,catering,餐饮服务;中餐厅;中餐厅,金牛区,104.031905,30.707254,6
猪肝面,catering,餐饮服务;中餐厅;中餐厅,金牛区,104.023984,30.697941,92
安泰安蓉大酒店宾悦轩西餐厅,catering,餐饮服务;中餐厅;中餐厅,金牛区,104.023935,30.700639,1
同兴园茶庄,catering,餐饮服务;茶艺馆;茶艺馆,金牛区,104.025715,30.701046,4
一品怪味面,catering,餐饮服务;中餐厅;中餐厅,金牛区,104.028475,30.708807,1
萍聚休闲茶室,catering,餐饮服务;茶艺馆;茶艺馆,金牛区,104.033609,30.70827,11
金色茶楼(茶店子路),catering,餐饮服务;茶艺馆;茶艺馆,金牛区,104.024288,30.703946,1
胖胖鱼庄,catering,餐饮服务;中餐厅;海鲜酒楼,金牛区,104.024962,30.709083,3
欣意食家,catering,餐饮服务;中餐厅;中餐厅,金牛区,104.023669,30.707651,1
土食坊,catering,餐饮服务;中餐厅;中餐厅,金牛区,104.031139,30.705055,3
好邻居精品面庄,catering,餐饮服务;中餐厅;中餐厅,金牛区,104.031999,30.709196,1
泸小二巧面馆,catering,餐饮服务;中餐厅;中餐厅,金牛区,104.023635,30.70713,1
金茗茶楼(八一路),catering,餐饮服务;茶艺馆;茶艺馆,金牛区,104.024341,30.705842,1
贡茶,catering,餐饮服务;冷饮店;冷饮店,金牛区,104.042527,30.705139,234
赵卤肉,catering,餐饮服务;中餐厅;中餐厅,金牛区,104.036792,30.705117,23
好吧,catering,餐饮服务;甜品店;甜品店,金牛区,104.041701,30.700023,202
歪大厨,catering,餐饮服务;中餐厅;中餐厅,金牛区,104.036517,30.700685,20
茉莉飘香,catering,餐饮服务;茶艺馆;茶艺馆,金牛区,104.035745,30.702761,14
郭氏串串,catering,餐饮服务;中餐厅;中餐厅,金牛区,104.043026,30.707119,28
天藏阁,catering,餐饮服务;中餐厅;中餐厅,金牛区,104.041836,30.703694,2
叶林食堂,catering,餐饮服务;中餐厅;特色/地方风味餐厅,金牛区,104.035239,30.70656,15
蔬菜面,catering,餐饮服务;中餐厅;中餐厅,金牛区,104.038316,30.703614,10
金桔茶馆,catering,餐饮服务;茶艺馆;茶艺馆,金牛区,104.039569,30.705246,6
胖哥饭馆(长久东一巷),catering,餐饮服务;中餐厅;中餐厅,金牛区,104.037365,30.707383,2
兰州牛肉面,catering,餐饮服务;中餐厅;中餐厅,金牛区,104.043417,30.702094,2
乡坝头柴火鸡(银沙街),catering,餐饮服务;中餐厅;中餐厅,金牛区,104.038055,30.701074,2
憨串串,catering,餐饮服务;中餐厅;中餐厅,金牛区,104.039819,30.699198,17
乐山串串香(长庆东一路店),catering,餐饮服务;中餐厅;中餐厅,金牛区,104.034261,30.707943,1
口福串串,catering,餐饮服务;中餐厅;中餐厅,金牛区,104.039258,30.702932,3
豪炎串串,catering,餐饮服务;中餐厅;中餐厅,金牛区,104.038942,30.707836,4
御燕庄,catering,餐饮服务;甜品店;甜品店,金牛区,104.036414,30.70604,1
甜品时间(交大路店),catering,餐饮服务;甜品店;甜品店,金牛区,104.04178,30.703221,1
品得苑,catering,餐饮服务;茶艺馆;茶艺馆,金牛区,104.035371,30.704399,5
荣鑫大茶楼,catering,餐饮服务;茶艺馆;茶艺馆,金牛区,104.038993,30.70449,1
莉莉家的饺子,catering,餐饮服务;中餐厅;特色/地方风味餐厅,金牛区,104.041805,30.704276,1
雅逸茶舍,catering,餐饮服务;茶艺馆;茶艺馆,金牛区,104.034622,30.70865,3
天天见面面馆(交大店),catering,餐饮服务;中餐厅;中餐厅,金牛区,104.036718,30.706991,1
百晓茶室,catering,餐饮服务;茶艺馆;茶艺馆,金牛区,104.035364,30.7016,2
汇多餐饮,catering,餐饮服务;中餐厅;中餐厅,金牛区,104.037942,30.704877,1
何氏兔头,catering,餐饮服务;中餐厅;特色/地方风味餐厅,金牛区,104.037938,30.708073,2
义博云天茶楼,catering,餐饮服务;茶艺馆;茶艺馆,金牛区,104.037495,30.702042,3
闽南家常菜(子云路),catering,餐饮服务;中餐厅;福建菜,金牛区,104.034182,30.707006,2
原乡,catering,餐饮服务;茶艺馆;茶艺馆,金牛区,104.039038,30.702131,1
聚友阁茶庄(长庆东一路),catering,餐饮服务;茶艺馆;茶艺馆,金牛区,104.03529,30.707428,1
语过茶府,catering,餐饮服务;茶艺馆;茶艺馆,金牛区,104.051881,30.706271,16
斗舌冒,catering,餐饮服务;中餐厅;中餐厅,金牛区,104.050273,30.70507,19
王子烧烤,catering,餐饮服务;中餐厅;四川菜(川菜),金牛区,104.047007,30.70857,4
醉美,catering,餐饮服务;中餐厅;中餐厅,金牛区,104.047465,30.703696,52
珠算串串,catering,餐饮服务;中餐厅;特色/地方风味餐厅,金牛区,104.045479,30.702614,4
见面烩,catering,餐饮服务;中餐厅;特色/地方风味餐厅,金牛区,104.053271,30.706168,30
鱼客火锅,catering,餐饮服务;中餐厅;火锅店,金牛区,104.044904,30.700092,9
蜀俏炭火烤鱼,catering,餐饮服务;中餐厅;特色/地方风味餐厅,金牛区,104.047141,30.707701,4
习茶居,catering,餐饮服务;茶艺馆;茶艺馆,金牛区,104.047896,30.706666,14
评水阁,catering,餐饮服务;茶艺馆;茶艺馆,金牛区,104.046745,30.705446,12
鲜奶吧,catering,餐饮服务;冷饮店;冷饮店,金牛区,104.050672,30.708302,19
扬华餐厅,catering,餐饮服务;中餐厅;中餐厅,金牛区,104.05056,30.702367,2
镜湖西招餐厅,catering,餐饮服务;中餐厅;中餐厅,金牛区,104.046348,30.699653,1
贡茶,catering,餐饮服务;冷饮店;冷饮店,金牛区,104.050033,30.703726,10
鑫莉寿司(九里堤店),catering,餐饮服务;外国餐厅;日本料理,金牛区,104.045631,30.705193,1
佰渡水吧,catering,餐饮服务;冷饮店;冷饮店,金牛区,104.050511,30.703014,3
好时光,catering,餐饮服务;茶艺馆;茶艺馆,金牛区,104.044318,30.707437,15
新工坊蛋糕店,catering,餐饮服务;糕饼店;糕饼店,金牛区,104.049992,30.709245,1
粒粒香,catering,餐饮服务;快餐厅;快餐厅,金牛区,104.044715,30.702248,3
叙情馆,catering,餐饮服务;甜品店;甜品店,金牛区,104.046339,30.709279,1
见君茶坊,catering,餐饮服务;茶艺馆;茶艺馆,金牛区,104.048193,30.705507,4
西南交大饮食服务中心风味小吃苑,catering,餐饮服务;中餐厅;中餐厅,金牛区,104.051349,30.702569,1
镜湖茗苑,catering,餐饮服务;茶艺馆;茶艺馆,金牛区,104.049078,30.701042,2
佐藤家(交大店),catering,餐饮服务;中餐厅;中餐厅,金牛区,104.051976,30.707596,2
棕榈滩茶园,catering,餐饮服务;茶艺馆;茶艺馆,金牛区,104.045602,30.699754,2
葛家铺烧鸡,catering,餐饮服务;快餐厅;快餐厅,金牛区,104.050882,30.706872,1
子鲜阁(沙湾店),catering,餐饮服务;中餐厅;特色/地方风味餐厅,金牛区,104.045288,30.70581,1
乐山柴火烧烤,catering,餐饮服务;中餐厅;特色/地方风味餐厅,金牛区,104.050274,30.705809,2
燕均面馆,catering,餐饮服务;中餐厅;中餐厅,金牛区,104.060495,30.705311,15
兴熙北茶楼(竹苑巷),catering,餐饮服务;中餐厅;综合酒楼|餐饮服务;茶艺馆;茶艺馆,金牛区,104.063303,30.704199,2
麦村饭店,catering,餐饮服务;中餐厅;中餐厅,金牛区,104.055052,30.701925,59
荷丝缇,catering,餐饮服务;糕饼店;糕饼店,金牛区,104.061183,30.704469,13
囍宴,catering,餐饮服务;中餐厅;四川菜(川菜),金牛区,104.062455,30.702735,24
双流三哥兔头(九里堤中路),catering,餐饮服务;中餐厅;中餐厅,金牛区,104.055393,30.703771,3
绿韵园茶楼,catering,餐饮服务;茶艺馆;茶艺馆,金牛区,104.063221,30.705865,2
陈仓普洱,catering,餐饮服务;茶艺馆;茶艺馆,金牛区,104.062031,30.705261,2
九里茶园,catering,餐饮服务;茶艺馆;茶艺馆,金牛区,104.056256,30.699709,3
武夷山大红袍(玉赛路),catering,餐饮服务;茶艺馆;茶艺馆,金牛区,104.061228,30.706696,1
半盏茶,catering,餐饮服务;冷饮店;冷饮店,金牛区,104.061911,30.706757,1
小林蕴道养生茶馆,catering,餐饮服务;茶艺馆;茶艺馆,金牛区,104.053978,30.706277,1
兴达餐厅,catering,餐饮服务;中餐厅;中餐厅,金牛区,104.063659,30.700932,13
壶中天地,catering,餐饮服务;茶艺馆;茶艺馆,金牛区,104.062015,30.70625,1
重庆麻辣面(玉赛路),catering,餐饮服务;中餐厅;四川菜(川菜),金牛区,104.061207,30.70787,1
夫妻冒菜,catering,餐饮服务;中餐厅;中餐厅,金牛区,104.054728,30.703766,1
吴记快餐店(九里堤中路),catering,餐饮服务;中餐厅;中餐厅,金牛区,104.054657,30.704685,1
食话食说(府河路苑东北),catering,餐饮服务;中餐厅;中餐厅,金牛区,104.06194,30.69945,1
红枣饭庄,catering,餐饮服务;中餐厅;中餐厅,成华区,104.06948,30.705543,26
宽席家乡菜,catering,餐饮服务;中餐厅;中餐厅,金牛区,104.064232,30.704861,3
遂宁茶铺,catering,餐饮服务;茶艺馆;茶艺馆,成华区,104.073301,30.702712,39
家常面,catering,餐饮服务;快餐厅;快餐厅,成华区,104.071266,30.705841,26
撸串串,catering,餐饮服务;中餐厅;火锅店,成华区,104.070351,30.707557,46
悦扬餐馆,catering,餐饮服务;中餐厅;中餐厅,金牛区,104.066773,30.701068,14
蒋鸡片,catering,餐饮服务;中餐厅;中餐厅,金牛区,104.066275,30.702672,18
吴氏特色冷淡杯,catering,餐饮服务;中餐厅;中餐厅,成华区,104.070925,30.708915,1
豆花饭,catering,餐饮服务;中餐厅;中餐厅,金牛区,104.06459,30.7071,9
蓉锦茶楼,catering,餐饮服务;茶艺馆;茶艺馆,金牛区,104.064721,30.700737,14
巧匠杂酱面,catering,餐饮服务;中餐厅;中餐厅,金牛区,104.06372,30.701851,1
聚缘茶楼,catering,餐饮服务;咖啡厅;咖啡厅,金牛区,104.06415,30.703565,4
啃鸭脑壳,catering,餐饮服务;中餐厅;中餐厅,成华区,104.071882,30.703525,17
王冒菜,catering,餐饮服务;中餐厅;四川菜(川菜),金牛区,104.068175,30.702185,27
内江私房面,catering,餐饮服务;中餐厅;中餐厅,金牛区,104.067127,30.707202,2
刘记主流快餐,catering,餐饮服务;中餐厅;中餐厅,金牛区,104.063625,30.707713,4
厨易,catering,餐饮服务;中餐厅;中餐厅,金牛区,104.067091,30.705295,7
汇缘阁茶楼,catering,餐饮服务;茶艺馆;茶艺馆,金牛区,104.063888,30.705805,2
北港茶坊,catering,餐饮服务;茶艺馆;茶艺馆,金牛区,104.069174,30.7093,2
清语茶坊,catering,餐饮服务;茶艺馆;茶艺馆,成华区,104.073455,30.701393,6
乐山烧烤鱼,catering,餐饮服务;中餐厅;特色/地方风味餐厅,成华区,104.073468,30.708482,3
好朋友茶园,catering,餐饮服务;茶艺馆;茶艺馆,成华区,104.072045,30.707544,1
金玲珑餐厅(站西路),catering,餐饮服务;中餐厅;中餐厅,金牛区,104.067354,30.699394,2
家宴堂,catering,餐饮服务;茶艺馆;茶艺馆,成华区,104.072779,30.705355,2
今春烘焙,catering,餐饮服务;糕饼店;糕饼店|购物服务;专卖店;专营店,金牛区,104.065444,30.704944,1
祥瑞茶园餐厅,catering,餐饮服务;中餐厅;中餐厅,金牛区,104.068796,30.701984,1
78号寿司海苔,catering,餐饮服务;外国餐厅;外国餐厅,金牛区,104.065744,30.705995,1
珍源土鸡店,catering,餐饮服务;中餐厅;特色/地方风味餐厅,金牛区,104.067711,30.703951,1
万客来快餐一次性用品商贸中心,catering,餐饮服务;快餐厅;快餐厅,金牛区,104.064426,30.704172,1
红叶火锅香料批发,catering,餐饮服务;中餐厅;中餐厅,金牛区,104.065924,30.70786,2
胖子调味重庆味道,catering,餐饮服务;快餐厅;快餐厅,金牛区,104.066516,30.706863,1
西川省中西医结合医院食堂,catering,餐饮服务;中餐厅;中餐厅,成华区,104.073498,30.704271,2
特色饺子馆,catering,餐饮服务;快餐厅;快餐厅,成华区,104.072625,30.70484,1
大餐饮餐料川菜馆,catering,餐饮服务;中餐厅;中餐厅,金牛区,104.067115,30.706476,2
港火干锅,catering,餐饮服务;中餐厅;中餐厅,成华区,104.072968,30.707892,1
美好小吃,catering,餐饮服务;中餐厅;中餐厅,金牛区,104.068334,30.706142,1
宜宾燃面馆(花径路),catering,餐饮服务;中餐厅;中餐厅,成华区,104.069682,30.708666,1
特色酸菜牛肉面,catering,餐饮服务;中餐厅;中餐厅,成华区,104.069745,30.709185,1
金翠河港式茶餐厅(北城天街店),catering,餐饮服务;茶艺馆;茶艺馆,金牛区,104.064762,30.70808,1
会友茶坊(赛云台南路),catering,餐饮服务;茶艺馆;茶艺馆,金牛区,104.066352,30.704701,1
源缘酒楼,catering,餐饮服务;中餐厅;综合酒楼,成华区,104.075537,30.7054,15
唐记冒菜,catering,餐饮服务;中餐厅;特色/地方风味餐厅,成华区,104.077314,30.70167,4
脆香面炒菜馆,catering,餐饮服务;中餐厅;中餐厅,成华区,104.0761,30.702662,7
好又来面馆,catering,餐饮服务;中餐厅;中餐厅,成华区,104.077602,30.700758,2
龙井私房菜,catering,餐饮服务;中餐厅;中餐厅,成华区,104.076335,30.704463,5
海盛轩,catering,餐饮服务;中餐厅;综合酒楼,成华区,104.078474,30.701811,1
好又来小笼包,catering,餐饮服务;中餐厅;中餐厅,成华区,104.077764,30.708712,4
东沙面馆,catering,餐饮服务;快餐厅;快餐厅,成华区,104.07617,30.708575,3
青花椒鱼火锅,catering,餐饮服务;中餐厅;火锅店,成华区,104.073779,30.704946,1
晶晶蛋糕,catering,餐饮服务;糕饼店;糕饼店,成华区,104.074729,30.708753,10
陈记饺子王,catering,餐饮服务;中餐厅;中餐厅,成华区,104.077502,30.70252,2
双流手工肥肠粉(八里桥路店),catering,餐饮服务;中餐厅;中餐厅,成华区,104.074179,30.707518,1
多喜爱意大利冰淇淋,catering,餐饮服务;冷饮店;冷饮店,成华区,104.079333,30.707284,1
金水湾酒楼(赤虎桥北街),catering,餐饮服务;中餐厅;综合酒楼,成华区,104.088525,30.707481,3
痴串串,catering,餐饮服务;中餐厅;中餐厅,成华区,104.091031,30.705483,56
馨奇包坊,catering,餐饮服务;中餐厅;中餐厅,成华区,104.086051,30.703046,18
胜在味道,catering,餐饮服务;中餐厅;中餐厅,成华区,104.092845,30.701894,4
红原牦牛肉,catering,餐饮服务;中餐厅;中餐厅,成华区,104.093207,30.704734,1
水浒串串旗舰店,catering,餐饮服务;快餐厅;快餐厅,成华区,104.093427,30.706976,1
丫丫面,catering,餐饮服务;中餐厅;中餐厅,成华区,104.08918,30.702845,2
清馨水岸茶坊,catering,餐饮服务;茶艺馆;茶艺馆,成华区,104.08829,30.706186,2
宏顺饭店,catering,餐饮服务;中餐厅;浙江菜,成华区,104.092517,30.706848,1
颐和茶园,catering,餐饮服务;茶艺馆;茶艺馆,成华区,104.092615,30.705242,1
滨河茶坊(洪山南路店),catering,餐饮服务;茶艺馆;茶艺馆,成华区,104.08993,30.703762,1
哑巴兔串串香,catering,餐饮服务;中餐厅;火锅店,成华区,104.088859,30.708379,2
绵阳米粉,catering,餐饮服务;中餐厅;中餐厅,成华区,104.092733,30.704274,3
爱神手工巧克力,catering,餐饮服务;甜品店;甜品店,成华区,104.093286,30.703374,1
重庆老味坝坝火锅(驷马桥店),catering,餐饮服务;中餐厅;火锅店,成华区,104.096457,30.699964,1
一品串串,catering,餐饮服务;中餐厅;特色/地方风味餐厅,成华区,104.099568,30.701569,10
尊煌食府,catering,餐饮服务;中餐厅;中餐厅,成华区,104.10259,30.703237,6
花园茶坊,catering,餐饮服务;茶艺馆;茶艺馆,成华区,104.097364,30.701493,15
重庆老妈冷锅鱼(驷马桥分店),catering,餐饮服务;中餐厅;火锅店,成华区,104.096623,30.702294,1
乐家烘焙,catering,餐饮服务;糕饼店;糕饼店,成华区,104.093964,30.706218,10
久哥面馆,catering,餐饮服务;中餐厅;中餐厅,成华区,104.101306,30.701452,11
川来串起冷锅串串,catering,餐饮服务;中餐厅;火锅店,成华区,104.093698,30.708108,4
云杏酒楼,catering,餐饮服务;中餐厅;综合酒楼,成华区,104.097533,30.70022,15
燚铭火锅,catering,餐饮服务;中餐厅;中餐厅,成华区,104.097187,30.708421,1
兄弟串串(西林店),catering,餐饮服务;中餐厅;特色/地方风味餐厅,成华区,104.098396,30.701594,1
鑫港湾酒楼,catering,餐饮服务;中餐厅;海鲜酒楼,成华区,104.103106,30.703815,2
寻米,catering,餐饮服务;中餐厅;中餐厅,成华区,104.093655,30.701316,1
回味来川菜馆,catering,餐饮服务;中餐厅;四川菜(川菜),成华区,104.102896,30.702555,2
余氏猪肝面,catering,餐饮服务;中餐厅;中餐厅,成华区,104.099274,30.700976,3
新阳光茶楼(西林四街),catering,餐饮服务;茶艺馆;茶艺馆,成华区,104.100214,30.703242,4
正宗水城羊肉羊杂米线特色红烧牛肉面,catering,餐饮服务;中餐厅;中餐厅,成华区,104.093663,30.700482,2
泰香喽羊肉汤,catering,餐饮服务;中餐厅;中餐厅,成华区,104.103403,30.701987,3
邻家茶屋,catering,餐饮服务;茶艺馆;茶艺馆,成华区,104.1017,30.700493,3
青龙家常菜(中环路昭觉寺横路段),catering,餐饮服务;中餐厅;中餐厅,成华区,104.099583,30.705882,1
美味源面馆,catering,餐饮服务;快餐厅;快餐厅,成华区,104.095054,30.707367,3
桃李面包(成华区配送中心),catering,生活服务;物流速递;物流速递|餐饮服务;糕饼店;糕饼店,成华区,104.098418,30.702903,1
成都城北医院食堂,catering,餐饮服务;中餐厅;中餐厅,成华区,104.096914,30.707703,1
桥下酒中漫步,catering,餐饮服务;中餐厅;中餐厅,成华区,104.102866,30.701534,2
虾庄,catering,餐饮服务;快餐厅;快餐厅,成华区,104.106549,30.701852,30
刘姐餐厅,catering,餐饮服务;中餐厅;中餐厅,成华区,104.110131,30.701876,12
龙欣茶楼,catering,餐饮服务;茶艺馆;茶艺馆,成华区,104.10519,30.703123,3
程县川菜馆,catering,餐饮服务;中餐厅;四川菜(川菜),成华区,104.111045,30.701378,4
老地方烧烤,catering,餐饮服务;中餐厅;特色/地方风味餐厅,成华区,104.10455,30.701138,7
蜀香九碗,catering,餐饮服务;中餐厅;四川菜(川菜),成华区,104.112458,30.701356,9
公社茶馆,catering,餐饮服务;茶艺馆;茶艺馆,成华区,104.110928,30.700135,5
陈二姐美食坊,catering,餐饮服务;中餐厅;中餐厅,成华区,104.105914,30.704082,2
鸡汤铺盖面,catering,餐饮服务;中餐厅;中餐厅,成华区,104.105974,30.70561,12
牛牛面馆(昭青路),catering,餐饮服务;中餐厅;中餐厅,成华区,104.10349,30.705696,1
蔡烤鸭,catering,餐饮服务;中餐厅;中餐厅,成华区,104.113153,30.703784,8
加勒比咖啡,catering,餐饮服务;咖啡厅;咖啡厅,成华区,104.104166,30.702209,1
品味白肉,catering,餐饮服务;中餐厅;中餐厅,成华区,104.110121,30.705195,4
青龙场老街饭店,catering,餐饮服务;中餐厅;中餐厅,成华区,104.104474,30.700186,2
虾客行啤酒广场,catering,餐饮服务;中餐厅;海鲜酒楼,成华区,104.104167,30.703252,3
叶家院子,catering,餐饮服务;中餐厅;中餐厅,成华区,104.108249,30.700116,1
六合茶坊,catering,餐饮服务;茶艺馆;茶艺馆,成华区,104.105366,30.700239,4
龙井苑茶府,catering,餐饮服务;茶艺馆;茶艺馆,成华区,104.103767,30.700495,2
eo寿司,catering,餐饮服务;外国餐厅;日本料理,成华区,104.106287,30.703565,8
遂宁风味,catering,餐饮服务;中餐厅;中餐厅,成华区,104.106262,30.706933,7
石锅鱼,catering,餐饮服务;中餐厅;中餐厅,成华区,104.110542,30.700837,4
宜宾燃面,catering,餐饮服务;中餐厅;中餐厅,成华区,104.10524,30.706534,8
青龙茶苑(致兴路),catering,餐饮服务;茶艺馆;茶艺馆,成华区,104.109353,30.700114,1
吴记肥肠粉,catering,餐饮服务;中餐厅;中餐厅,成华区,104.108773,30.701761,2
园中园西葩,catering,餐饮服务;快餐厅;快餐厅,成华区,104.111384,30.704698,1
口福来面馆,catering,餐饮服务;中餐厅;中餐厅,成华区,104.103702,30.704534,1
吴记面馆(青龙路),catering,餐饮服务;中餐厅;中餐厅,成华区,104.103663,30.706131,1
好人家,catering,餐饮服务;中餐厅;中餐厅,成华区,104.110208,30.704255,4
正宗简阳羊肉汤(青龙路),catering,餐饮服务;中餐厅;中餐厅,成华区,104.106979,30.706472,1
一茶天地,catering,餐饮服务;茶艺馆;茶艺馆,成华区,104.109074,30.704967,1
五谷养生房,catering,餐饮服务;快餐厅;快餐厅,成华区,104.106108,30.702695,1
六顺饭庄,catering,餐饮服务;中餐厅;中餐厅,成华区,104.111819,30.700038,1
重庆万州烤鱼,catering,餐饮服务;中餐厅;特色/地方风味餐厅,成华区,104.115581,30.703204,4
快麦汉堡,catering,餐饮服务;快餐厅;快餐厅,成华区,104.117807,30.706415,4
上海周记无水蜂蜜脆皮蛋糕,catering,餐饮服务;糕饼店;糕饼店,成华区,104.121246,30.707187,1
Fifth Season Coffee,catering,餐饮服务;咖啡厅;咖啡厅,成华区,104.115622,30.704944,1
欧麦园蛋糕(龙潭寺店),catering,餐饮服务;快餐厅;快餐厅,成华区,104.159743,30.705532,1
重庆牛油火锅,catering,餐饮服务;中餐厅;火锅店,成华区,104.159882,30.704619,6
蜀烩冒菜(龙潭店),catering,餐饮服务;中餐厅;四川菜(川菜),成华区,104.162198,30.703808,2
飘香冒菜,catering,餐饮服务;中餐厅;中餐厅,成华区,104.163231,30.704751,3
蜀艺休闲茶府,catering,餐饮服务;茶艺馆;茶艺馆,成华区,104.15858,30.704038,1
六妹宜宾燃面,catering,餐饮服务;中餐厅;中餐厅,成华区,104.16265,30.704225,1
永逸茶楼,catering,餐饮服务;茶艺馆;茶艺馆,成华区,104.157311,30.706218,1
嘿店,catering,餐饮服务;冷饮店;冷饮店,成华区,104.165075,30.705901,32
老面包,catering,餐饮服务;糕饼店;糕饼店,成华区,104.167879,30.701372,3
富强饭店,catering,餐饮服务;中餐厅;中餐厅,成华区,104.172471,30.702558,14
龙凤茶园,catering,餐饮服务;休闲餐饮场所;休闲餐饮场所,成华区,104.168017,30.708769,16
一品堂砂锅,catering,餐饮服务;中餐厅;中餐厅,成华区,104.167177,30.70355,7
三顾冒菜(龙潭寺店),catering,餐饮服务;中餐厅;中餐厅,成华区,104.169178,30.69948,3
茗都·蓉和,catering,餐饮服务;中餐厅;综合酒楼,成华区,104.166224,30.704073,1
兄弟火,catering,餐饮服务;中餐厅;中餐厅,成华区,104.165759,30.701166,47
青春派,catering,餐饮服务;休闲餐饮场所;休闲餐饮场所,成华区,104.172029,30.700938,9
艾雅西点,catering,餐饮服务;糕饼店;糕饼店,成华区,104.166902,30.699433,14
李庄白肉(龙潭店),catering,餐饮服务;中餐厅;中餐厅,成华区,104.172035,30.700044,4
辣欢天串串,catering,餐饮服务;中餐厅;中餐厅,成华区,104.169736,30.700789,8
李鸭子同乐饭店(鹤林J线),catering,餐饮服务;中餐厅;中餐厅,成华区,104.171319,30.70942,1
老友夜啤酒,catering,餐饮服务;中餐厅;中餐厅,成华区,104.173334,30.702602,2
滋味轩,catering,餐饮服务;中餐厅;中餐厅,成华区,104.164739,30.698671,42
好又来饼屋,catering,餐饮服务;糕饼店;糕饼店,成华区,104.171393,30.708224,7
喜香缘干锅香家常菜,catering,餐饮服务;中餐厅;中餐厅,成华区,104.164421,30.705421,2
家常面,catering,餐饮服务;快餐厅;快餐厅,成华区,104.17052,30.708667,6
老成都火锅壹品锅,catering,餐饮服务;中餐厅;火锅店,成华区,104.16531,30.708251,2
富味鲜麻辣涮串,catering,餐饮服务;快餐厅;快餐厅,成华区,104.165975,30.70661,1
东润茶坊,catering,餐饮服务;茶艺馆;茶艺馆,成华区,104.166717,30.702094,1
小点心,catering,餐饮服务;糕饼店;糕饼店,成华区,104.170804,30.703376,1
佳佳蛋糕,catering,餐饮服务;糕饼店;糕饼店,成华区,104.17263,30.707142,1
庞记串串,catering,餐饮服务;中餐厅;火锅店,成华区,104.166466,30.708278,2
小虾咪,catering,餐饮服务;中餐厅;中餐厅,成华区,104.16675,30.702787,2
乐山豆花饭,catering,餐饮服务;中餐厅;中餐厅,成华区,104.169846,30.707004,1
西坝山药抄手,catering,餐饮服务;中餐厅;特色/地方风味餐厅,成华区,104.166006,30.707932,1
魏鸡肉土菜馆,catering,餐饮服务;中餐厅;中餐厅,成华区,104.173631,30.701734,1
胖哥烧烤,catering,餐饮服务;中餐厅;中餐厅,成华区,104.174271,30.702167,1
廉美鲜食府,catering,餐饮服务;中餐厅;中餐厅,青羊区,103.96829,30.697127,1
让签签飞,catering,餐饮服务;中餐厅;火锅店,青羊区,103.965991,30.69892,2
黄泥鳅,catering,餐饮服务;中餐厅;中餐厅,青羊区,103.970539,30.695561,34
惠峰园,catering,餐饮服务;中餐厅;中餐厅,青羊区,103.96582,30.696472,3
曹牛肉土菜馆(黄田坝店),catering,餐饮服务;中餐厅;中餐厅,青羊区,103.966093,30.697983,1
丽丽茶坊,catering,餐饮服务;茶艺馆;茶艺馆,青羊区,103.970372,30.693794,2
吴刀削,catering,餐饮服务;中餐厅;中餐厅,青羊区,103.972124,30.69193,8
新茂饭店,catering,餐饮服务;中餐厅;中餐厅,青羊区,103.964744,30.694235,24
聚泉烧鸡公,catering,餐饮服务;中餐厅;中餐厅,青羊区,103.973758,30.697353,1
御鳝煌,catering,餐饮服务;中餐厅;四川菜(川菜),青羊区,103.972198,30.696761,4
黄田坝雪花啤酒广场,catering,餐饮服务;中餐厅;中餐厅,青羊区,103.969074,30.696083,1
宜宾燃面(清河一支路),catering,餐饮服务;中餐厅;中餐厅,青羊区,103.971457,30.691165,1
好滋味川菜馆,catering,餐饮服务;中餐厅;四川菜(川菜),青羊区,103.972254,30.691031,2
宫延蛋糕,catering,餐饮服务;糕饼店;糕饼店,青羊区,103.967141,30.697507,5
家常菜,catering,餐饮服务;中餐厅;中餐厅,青羊区,103.972618,30.69884,1
喳喳面馆,catering,餐饮服务;快餐厅;快餐厅,青羊区,103.968485,30.696484,1
联盟炒饭,catering,餐饮服务;快餐厅;快餐厅,青羊区,103.965996,30.69714,2
罗姐香辣烧烤,catering,餐饮服务;中餐厅;特色/地方风味餐厅,青羊区,103.965981,30.695279,1
若水湾,catering,餐饮服务;中餐厅;中餐厅,青羊区,103.981571,30.691475,4
食辣酒稳冒菜馆,catering,餐饮服务;中餐厅;中餐厅,青羊区,103.98269,30.691491,4
老地方家常菜(黄金路),catering,餐饮服务;中餐厅;中餐厅,金牛区,103.97814,30.698269,2
盐都风味(清百路),catering,餐饮服务;中餐厅;中餐厅,青羊区,103.982997,30.689738,1
镇远餐馆,catering,餐饮服务;中餐厅;中餐厅,青羊区,103.975599,30.691895,1
秦二姐面馆,catering,餐饮服务;中餐厅;中餐厅,金牛区,103.978745,30.699429,3
胖姐茶馆(清百路),catering,餐饮服务;茶艺馆;茶艺馆,青羊区,103.983121,30.69191,1
胡莱火锅(Coco金沙店),catering,餐饮服务;中餐厅;火锅店,青羊区,103.98384,30.693416,1
羊马渣渣面(蜀鑫路),catering,餐饮服务;中餐厅;中餐厅,青羊区,103.990615,30.689669,1
亿谷居茶楼,catering,餐饮服务;茶艺馆;茶艺馆,青羊区,103.984267,30.694517,1
安德鲁森(建发金沙里店),catering,餐饮服务;糕饼店;糕饼店,青羊区,104.003646,30.694011,1
柏斯骄,catering,体育休闲服务;娱乐场所;酒吧|餐饮服务;咖啡厅;咖啡厅,青羊区,104.003824,30.692582,6
艾咖啡,catering,餐饮服务;咖啡厅;咖啡厅,青羊区,104.002964,30.692458,2
碧林居,catering,餐饮服务;中餐厅;中餐厅,青羊区,103.998226,30.694665,1
金辉茶府,catering,餐饮服务;茶艺馆;茶艺馆,青羊区,104.003348,30.69345,1
龙嘴饭店,catering,餐饮服务;中餐厅;中餐厅,青羊区,104.002278,30.698895,1
尚品居,catering,餐饮服务;中餐厅;广东菜(粤菜),金牛区,104.013296,30.693528,8
田园映老食堂,catering,餐饮服务;中餐厅;中餐厅,青羊区,104.007419,30.693199,3
巴蜀签砂锅串串(黄忠总店),catering,餐饮服务;中餐厅;特色/地方风味餐厅,金牛区,104.011286,30.690286,1
四方阁酒楼(玉琢金沙店),catering,餐饮服务;中餐厅;综合酒楼,金牛区,104.010759,30.690424,1
海岸线,catering,餐饮服务;中餐厅;海鲜酒楼,金牛区,104.010313,30.696915,10
红照壁川菜酒楼,catering,餐饮服务;中餐厅;四川菜(川菜),金牛区,104.008271,30.698906,2
威斯登川菜馆,catering,餐饮服务;中餐厅;四川菜(川菜),金牛区,104.012038,30.694634,2
蜀玉私房菜,catering,餐饮服务;中餐厅;中餐厅,金牛区,104.009002,30.698373,3
食客天下(蜀汉路店),catering,餐饮服务;中餐厅;中餐厅,金牛区,104.011997,30.696701,2
王抄手(黄忠横街),catering,餐饮服务;中餐厅;特色/地方风味餐厅,金牛区,104.010189,30.69129,4
爱浓奶咖(青羊店),catering,餐饮服务;咖啡厅;咖啡厅,青羊区,104.00492,30.694187,1
口比包,catering,餐饮服务;中餐厅;中餐厅,青羊区,104.004065,30.694637,4
香飘飘餐厅,catering,餐饮服务;快餐厅;快餐厅,金牛区,104.011244,30.691017,2
艺家咖啡(羊西店),catering,餐饮服务;咖啡厅;咖啡厅,金牛区,104.00884,30.697688,1
荤燃面(黄忠西街店),catering,餐饮服务;中餐厅;中餐厅,金牛区,104.011396,30.692387,1
茗壶襄,catering,餐饮服务;茶艺馆;茶艺馆,金牛区,104.008079,30.690024,13
铭哥,catering,餐饮服务;快餐厅;快餐厅,金牛区,104.013619,30.690459,1
同叙茶府,catering,餐饮服务;茶艺馆;茶艺馆,金牛区,104.008626,30.694098,1
四道风茶楼,catering,餐饮服务;茶艺馆;茶艺馆,金牛区,104.013648,30.69502,1
夫妻头粉,catering,餐饮服务;中餐厅;中餐厅,青羊区,104.006463,30.691575,3
小茶馆(金都花园店),catering,餐饮服务;茶艺馆;茶艺馆,金牛区,104.010104,30.693314,1
廖记骨汤牛肉面,catering,餐饮服务;中餐厅;中餐厅,金牛区,104.009903,30.692479,1
宜品味,catering,餐饮服务;中餐厅;中餐厅,金牛区,104.005781,30.690238,3
御上茶府,catering,餐饮服务;茶艺馆;茶艺馆,金牛区,104.012376,30.693981,2
欧韵缘茶语咖啡,catering,餐饮服务;咖啡厅;咖啡厅,青羊区,104.005175,30.697316,1
三享茶坊,catering,餐饮服务;茶艺馆;茶艺馆,金牛区,104.007185,30.699299,1
伍盟咖啡,catering,餐饮服务;咖啡厅;咖啡厅,青羊区,104.004948,30.691709,2
飘客串串,catering,餐饮服务;中餐厅;火锅店,金牛区,104.008321,30.697939,1
聚巴适串串香,catering,餐饮服务;中餐厅;火锅店,金牛区,104.007158,30.69116,1
竹之味,catering,餐饮服务;快餐厅;快餐厅,金牛区,104.008567,30.691582,3
舌界,catering,餐饮服务;中餐厅;中餐厅,金牛区,104.010953,30.689711,1
二哥茶坊烧菜,catering,餐饮服务;中餐厅;中餐厅,金牛区,104.010708,30.692894,1
海景阁茶楼,catering,餐饮服务;茶艺馆;茶艺馆,金牛区,104.018958,30.692254,3
老乐山,catering,餐饮服务;中餐厅;特色/地方风味餐厅,金牛区,104.021404,30.694464,56
尚一味,catering,餐饮服务;中餐厅;中餐厅,金牛区,104.015883,30.691698,19
文杏酒楼,catering,餐饮服务;中餐厅;综合酒楼,金牛区,104.020998,30.692817,2
卤肉面,catering,餐饮服务;中餐厅;中餐厅,金牛区,104.017265,30.689971,38
美蛙鱼,catering,餐饮服务;中餐厅;中餐厅,金牛区,104.016761,30.696696,34
大窄风,catering,餐饮服务;中餐厅;综合酒楼,金牛区,104.024075,30.695733,30
龙沁园火锅(蜀汉店),catering,餐饮服务;中餐厅;火锅店,金牛区,104.014799,30.695105,1
菌乡村卤肉饭(蜀汉店),catering,餐饮服务;中餐厅;四川菜(川菜),金牛区,104.019088,30.690063,1
鲜鲜冒菜(育德路),catering,餐饮服务;中餐厅;中餐厅,金牛区,104.015448,30.697458,2
西地小餐,catering,餐饮服务;中餐厅;中餐厅,金牛区,104.014145,30.695295,3
卤面馆,catering,餐饮服务;快餐厅;快餐厅,金牛区,104.01851,30.690338,5
天贵茶府,catering,餐饮服务;茶艺馆;茶艺馆,金牛区,104.015222,30.696138,1
乡村柴火鸡,catering,餐饮服务;中餐厅;中餐厅,金牛区,104.019475,30.698988,6
三只熊,catering,餐饮服务;快餐厅;快餐厅,金牛区,104.015455,30.6984,14
欧凡麦甜,catering,餐饮服务;糕饼店;糕饼店,金牛区,104.019428,30.692616,1
花串串,catering,餐饮服务;中餐厅;特色/地方风味餐厅,金牛区,104.020659,30.69534,1
勾魂面老麻抄手,catering,餐饮服务;中餐厅;中餐厅,金牛区,104.022512,30.691611,1
万州炸酱面馆(育英南路),catering,餐饮服务;中餐厅;中餐厅,金牛区,104.016583,30.699215,1
丁丁先生,catering,餐饮服务;中餐厅;浙江菜,金牛区,104.015746,30.692727,1
上善茶廊,catering,餐饮服务;茶艺馆;茶艺馆,金牛区,104.015199,30.695436,3
独特一面,catering,餐饮服务;中餐厅;中餐厅,金牛区,104.020554,30.690197,4
米饭慵懒生活茶馆,catering,餐饮服务;茶艺馆;茶艺馆,金牛区,104.021626,30.692852,1
三雅茶府,catering,餐饮服务;茶艺馆;茶艺馆,金牛区,104.018295,30.69165,1
一品面,catering,餐饮服务;中餐厅;特色/地方风味餐厅,金牛区,104.017466,30.691819,6
梦缘,catering,餐饮服务;茶艺馆;茶艺馆,金牛区,104.023206,30.691439,3
乐必萨,catering,餐饮服务;外国餐厅;外国餐厅,金牛区,104.019583,30.689746,1
四威苑宾馆-餐厅,catering,餐饮服务;中餐厅;中餐厅,金牛区,104.022442,30.696406,1
仙颜美龄,catering,餐饮服务;外国餐厅;韩国料理,金牛区,104.019789,30.692103,1
渔伙火锅,catering,餐饮服务;中餐厅;火锅店,金牛区,104.014089,30.697836,1
杨铭宇黄焖鸡米饭,catering,餐饮服务;快餐厅;快餐厅,金牛区,104.021875,30.690085,1
渝瑶砂锅店,catering,餐饮服务;中餐厅;中餐厅,金牛区,104.015321,30.693082,2
食尚烤肉店,catering,餐饮服务;中餐厅;中餐厅,金牛区,104.014055,30.691363,1
橄榄树茶府,catering,餐饮服务;茶艺馆;茶艺馆,金牛区,104.024434,30.690688,6
川西坝子火锅(茶店子直营店),catering,餐饮服务;中餐厅;火锅店,金牛区,104.028882,30.69764,1
袁味,catering,餐饮服务;中餐厅;中餐厅,金牛区,104.031694,30.691826,219
醉忆串串,catering,餐饮服务;中餐厅;火锅店,金牛区,104.030649,30.695564,2
普吉之家泰式餐厅,catering,餐饮服务;外国餐厅;外国餐厅,金牛区,104.025825,30.697835,6
五嫂香粽,catering,餐饮服务;快餐厅;快餐厅,金牛区,104.028567,30.692368,1
安德鲁森(蜀通路店),catering,餐饮服务;糕饼店;糕饼店,金牛区,104.028656,30.689496,2
刘蒸肉,catering,餐饮服务;中餐厅;中餐厅,金牛区,104.02781,30.693159,10
肯德基(茶子餐厅),catering,餐饮服务;快餐厅;肯德基,金牛区,104.026613,30.698669,2
卡侬,catering,餐饮服务;咖啡厅;咖啡厅,金牛区,104.031005,30.688643,65
拐拐尚自家菜(茶店子路),catering,餐饮服务;中餐厅;中餐厅,金牛区,104.030233,30.697154,1
御合源茶府,catering,餐饮服务;茶艺馆;茶艺馆,金牛区,104.024461,30.689804,2
喜米粉,catering,餐饮服务;中餐厅;中餐厅,金牛区,104.028833,30.693886,13
袁记幺哥串串香,catering,餐饮服务;中餐厅;特色/地方风味餐厅,金牛区,104.024165,30.694453,1
小七快跑烤肉饭,catering,餐饮服务;快餐厅;快餐厅,金牛区,104.030681,30.697481,1
溢翠茶楼,catering,餐饮服务;茶艺馆;茶艺馆,金牛区,104.032046,30.694905,1
朋聚馆,catering,餐饮服务;茶艺馆;茶艺馆,金牛区,104.029905,30.694967,1
邛崃奶汤面(蜀蓉路),catering,餐饮服务;中餐厅;中餐厅,金牛区,104.026014,30.691833,1
嘉吉茶府,catering,餐饮服务;茶艺馆;茶艺馆,金牛区,104.032542,30.694646,2
实惠小吃,catering,餐饮服务;快餐厅;快餐厅,金牛区,104.030827,30.69633,4
甜皮鸭套饭,catering,餐饮服务;中餐厅;中餐厅,金牛区,104.031705,30.692389,1
夫妻面馆(营门口店),catering,餐饮服务;中餐厅;中餐厅,金牛区,104.032988,30.695607,1
茗香茶楼,catering,餐饮服务;茶艺馆;茶艺馆,金牛区,104.026136,30.699186,2
水景茶园,catering,餐饮服务;茶艺馆;茶艺馆,金牛区,104.033261,30.698701,1
面知缘,catering,餐饮服务;中餐厅;中餐厅,金牛区,104.037441,30.697059,34
冒滋味,catering,餐饮服务;中餐厅;中餐厅,金牛区,104.042819,30.695684,27
候院,catering,餐饮服务;茶艺馆;茶艺馆,金牛区,104.044175,30.693491,42
勾魂面,catering,餐饮服务;中餐厅;特色/地方风味餐厅,金牛区,104.042166,30.692341,56
沙茶牛排,catering,餐饮服务;中餐厅;中餐厅,金牛区,104.038542,30.694292,9
油条,catering,餐饮服务;快餐厅;快餐厅,金牛区,104.047326,30.689234,159
好客面,catering,餐饮服务;中餐厅;中餐厅,金牛区,104.035132,30.698279,11
猫公馆,catering,餐饮服务;中餐厅;中餐厅,金牛区,104.043798,30.69474,15
九制鱼头,catering,餐饮服务;中餐厅;火锅店,金牛区,104.033811,30.695165,5
嘉好汤锅,catering,餐饮服务;中餐厅;火锅店,金牛区,104.042052,30.69014,10
咖啡故事,catering,餐饮服务;咖啡厅;咖啡厅,金牛区,104.040238,30.695365,5
朋辈餐(金房苑路店),catering,餐饮服务;中餐厅;中餐厅,金牛区,104.035745,30.696468,1
宜宾燃面,catering,餐饮服务;中餐厅;中餐厅,金牛区,104.037846,30.692355,8
郑记豆花面,catering,餐饮服务;中餐厅;中餐厅,金牛区,104.037746,30.690234,3
郭记毛哥串串,catering,餐饮服务;中餐厅;特色/地方风味餐厅,金牛区,104.041033,30.69834,5
家常面,catering,餐饮服务;快餐厅;快餐厅,金牛区,104.039285,30.690255,53
泸州人家(金房苑北路),catering,餐饮服务;中餐厅;中餐厅,金牛区,104.035115,30.697083,1
吴记老土鸭,catering,餐饮服务;中餐厅;中餐厅,金牛区,104.042928,30.69137,1
沁芳源,catering,餐饮服务;茶艺馆;茶艺馆,金牛区,104.040384,30.694538,10
夫妻肺片之味位火锅,catering,餐饮服务;中餐厅;火锅店,金牛区,104.040635,30.696308,1
王姐拌菜,catering,餐饮服务;快餐厅;快餐厅,金牛区,104.039931,30.692073,8
嘉华面汇,catering,餐饮服务;中餐厅;特色/地方风味餐厅,金牛区,104.036344,30.690623,2
圣雅茶府,catering,餐饮服务;茶艺馆;茶艺馆,金牛区,104.041109,30.695088,2
咪菟,catering,餐饮服务;中餐厅;四川菜(川菜)|餐饮服务;冷饮店;冷饮店,金牛区,104.038948,30.693475,1
蜀滨缘茶楼,catering,餐饮服务;茶艺馆;茶艺馆,金牛区,104.035256,30.69015,2
喜玛拉雅大酒店爱琴雅西餐厅,catering,餐饮服务;外国餐厅;西餐厅(综合风味),金牛区,104.041694,30.694725,2
小花园,catering,餐饮服务;茶艺馆;茶艺馆,金牛区,104.042566,30.696671,1
非串串,catering,餐饮服务;快餐厅;快餐厅,金牛区,104.035045,30.686262,361
逢缘茶坊,catering,餐饮服务;茶艺馆;茶艺馆,金牛区,104.038378,30.699354,1
特香蛋糕(花牌坊店),catering,餐饮服务;糕饼店;糕饼店,金牛区,104.036267,30.699426,1
田妹小吃,catering,餐饮服务;中餐厅;中餐厅,金牛区,104.03642,30.693028,5
春天里烧烤,catering,餐饮服务;中餐厅;特色/地方风味餐厅,金牛区,104.034902,30.694121,2
小面馆,catering,餐饮服务;快餐厅;快餐厅,金牛区,104.037372,30.691297,4
好朋友大排档,catering,餐饮服务;中餐厅;中餐厅,金牛区,104.03436,30.695412,1
林宵创意美食屋,catering,餐饮服务;中餐厅;中餐厅,金牛区,104.041114,30.699086,1
尚茗,catering,餐饮服务;中餐厅;中餐厅,金牛区,104.047167,30.693813,6
伙食团,catering,餐饮服务;中餐厅;中餐厅,金牛区,104.051945,30.691331,27
竹香园,catering,餐饮服务;快餐厅;快餐厅,金牛区,104.047592,30.694973,5
香满园(金沙北一路),catering,餐饮服务;中餐厅;中餐厅,金牛区,104.045123,30.695102,2
千寿司,catering,餐饮服务;外国餐厅;外国餐厅,金牛区,104.045766,30.698163,43
雅闲阁,catering,餐饮服务;茶艺馆;茶艺馆,金牛区,104.052181,30.695678,71
黑豆花店,catering,餐饮服务;中餐厅;中餐厅,金牛区,104.048835,30.696577,13
寿司哥,catering,餐饮服务;外国餐厅;外国餐厅,金牛区,104.047954,30.693336,9
加州宴会厅,catering,餐饮服务;中餐厅;中餐厅,金牛区,104.046464,30.694306,2
元祖食品(九里堤交大店),catering,餐饮服务;糕饼店;糕饼店,金牛区,104.047241,30.697404,2
缘心明,catering,餐饮服务;茶艺馆;茶艺馆,金牛区,104.045936,30.693383,3
贵哥卤肉卷(九里堤店),catering,餐饮服务;快餐厅;快餐厅,金牛区,104.049611,30.69386,1
张燕茶馆,catering,餐饮服务;茶艺馆;茶艺馆,金牛区,104.051757,30.690555,2
布衣礼记(沙湾店),catering,餐饮服务;中餐厅;湖南菜(湘菜),金牛区,104.045756,30.69478,2
小菠萝酒家,catering,餐饮服务;中餐厅;中餐厅,金牛区,104.050628,30.692553,11
北方大饼,catering,餐饮服务;中餐厅;特色/地方风味餐厅,金牛区,104.05102,30.689943,1
唐氏面馆,catering,餐饮服务;快餐厅;快餐厅,金牛区,104.044229,30.697708,6
易粽子,catering,餐饮服务;中餐厅;特色/地方风味餐厅,金牛区,104.052214,30.689331,7
顺兴山珍堂,catering,餐饮服务;中餐厅;中餐厅,金牛区,104.047408,30.69449,2
西城往事茶府,catering,餐饮服务;茶艺馆;茶艺馆,金牛区,104.049301,30.691966,3
满口香卤菜馆,catering,餐饮服务;中餐厅;中餐厅,金牛区,104.044704,30.692301,1
好欢辣食品(沙湾店),catering,餐饮服务;快餐厅;快餐厅,金牛区,104.052406,30.692544,4
茂缘茶坊,catering,餐饮服务;茶艺馆;茶艺馆,金牛区,104.046354,30.692212,2
南园冰品,catering,餐饮服务;冷饮店;冷饮店,金牛区,104.053048,30.693606,1
福客饮料店,catering,餐饮服务;甜品店;甜品店,金牛区,104.048727,30.693548,1
齐欢乐茶楼,catering,餐饮服务;茶艺馆;茶艺馆,金牛区,104.047865,30.692087,1
月伴茶室,catering,餐饮服务;茶艺馆;茶艺馆,金牛区,104.050448,30.694724,2
红膳堂川菜酒楼(沙湾路店),catering,餐饮服务;中餐厅;四川菜(川菜),金牛区,104.048801,30.692424,1
沙湾家常面,catering,餐饮服务;中餐厅;中餐厅,金牛区,104.047832,30.689616,1
人聚茶馆,catering,餐饮服务;茶艺馆;茶艺馆,金牛区,104.051449,30.693551,1
顺心茶园,catering,餐饮服务;茶艺馆;茶艺馆,金牛区,104.054862,30.690484,8
上面,catering,餐饮服务;中餐厅;中餐厅,金牛区,104.055219,30.694373,12
九里花园茶坊,catering,餐饮服务;茶艺馆;茶艺馆,金牛区,104.054714,30.693382,4
南塘楼茶府,catering,餐饮服务;茶艺馆;茶艺馆,金牛区,104.057516,30.697476,2
飚锅面庄,catering,餐饮服务;中餐厅;中餐厅,金牛区,104.055826,30.689643,12
七味面,catering,餐饮服务;中餐厅;中餐厅,金牛区,104.055259,30.695706,31
百哩盖饭,catering,餐饮服务;中餐厅;中餐厅,金牛区,104.063506,30.69245,9
好运来,catering,餐饮服务;糕饼店;糕饼店,金牛区,104.06038,30.690246,24
大众饭店,catering,餐饮服务;中餐厅;中餐厅,金牛区,104.056883,30.698961,11
粤味轩,catering,餐饮服务;中餐厅;广东菜(粤菜),金牛区,104.054987,30.697873,7
鲜冒菜,catering,餐饮服务;快餐厅;快餐厅,金牛区,104.062301,30.69157,9
磨咖啡(西北桥北街),catering,餐饮服务;咖啡厅;咖啡厅,金牛区,104.06034,30.691501,1
美食美客(九里堤店),catering,餐饮服务;中餐厅;中餐厅,金牛区,104.055921,30.697369,3
味道江湖,catering,餐饮服务;中餐厅;中餐厅,金牛区,104.059008,30.691566,5
韩冰冷饮原料,catering,餐饮服务;冷饮店;冷饮店|购物服务;专卖店;专营店,金牛区,104.062705,30.69685,1
麻花冷锅鱼,catering,餐饮服务;中餐厅;中餐厅,金牛区,104.063466,30.690943,3
雨欣滋味·面,catering,餐饮服务;快餐厅;快餐厅,金牛区,104.053771,30.691473,1
月亮岛酒楼,catering,餐饮服务;中餐厅;综合酒楼,金牛区,104.060173,30.697409,1
御滋味,catering,餐饮服务;中餐厅;四川菜(川菜),金牛区,104.06354,30.6946,6
重庆小面(九里堤中路),catering,餐饮服务;中餐厅;四川菜(川菜),金牛区,104.057202,30.697934,1
红油水饺,catering,餐饮服务;中餐厅;特色/地方风味餐厅,金牛区,104.054598,30.692783,1
绝味川菜馆,catering,餐饮服务;中餐厅;中餐厅,金牛区,104.060686,30.69908,2
家常面,catering,餐饮服务;快餐厅;快餐厅,金牛区,104.062464,30.699356,1
小歇餐馆,catering,餐饮服务;中餐厅;中餐厅,金牛区,104.054384,30.691747,1
天天串串香,catering,餐饮服务;中餐厅;中餐厅,金牛区,104.060395,30.693604,1
二姐川菜馆,catering,餐饮服务;中餐厅;中餐厅,金牛区,104.063614,30.697618,2
刘记口福面,catering,餐饮服务;中餐厅;中餐厅,金牛区,104.05503,30.699307,1
白马茶坊,catering,餐饮服务;茶艺馆;茶艺馆,金牛区,104.058616,30.689962,2
路苑茶房,catering,餐饮服务;茶艺馆;茶艺馆,金牛区,104.060046,30.698695,1
街吧,catering,餐饮服务;快餐厅;快餐厅,金牛区,104.072283,30.6898,289
德克士(成都友谊店),catering,餐饮服务;快餐厅;快餐厅,金牛区,104.068106,30.696822,2
肯德基(成都站),catering,餐饮服务;快餐厅;肯德基,金牛区,104.07159,30.699102,9
俏当家,catering,餐饮服务;中餐厅;中餐厅,金牛区,104.069018,30.697447,11
勿食客,catering,餐饮服务;快餐厅;快餐厅,金牛区,104.071905,30.696562,12
万通茶楼,catering,餐饮服务;茶艺馆;茶艺馆,金牛区,104.071911,30.697508,20
砂锅郑,catering,餐饮服务;中餐厅;中餐厅,金牛区,104.069256,30.690588,4
洪运快餐,catering,餐饮服务;中餐厅;中餐厅,金牛区,104.070464,30.694226,4
鸿道茶楼,catering,餐饮服务;茶艺馆;茶艺馆,金牛区,104.070036,30.697536,8
圣地阳光大堂吧,catering,餐饮服务;茶艺馆;茶艺馆,金牛区,104.070319,30.693383,3
舒心饺子,catering,餐饮服务;中餐厅;特色/地方风味餐厅,金牛区,104.06437,30.6991,9
花蹊大堂吧,catering,餐饮服务;茶艺馆;茶艺馆,金牛区,104.064008,30.690353,4
绵阳米粉,catering,餐饮服务;快餐厅;快餐厅,金牛区,104.067644,30.692834,12
北佳餐厅,catering,餐饮服务;中餐厅;中餐厅,金牛区,104.068194,30.699103,2
兴隆餐厅(站东路店),catering,餐饮服务;中餐厅;中餐厅,金牛区,104.072947,30.698609,1
成都大学附属医院食堂,catering,餐饮服务;中餐厅;中餐厅,金牛区,104.065201,30.695715,3
卡淇乐,catering,餐饮服务;冷饮店;冷饮店,金牛区,104.067489,30.696224,12
陈麻抄手,catering,餐饮服务;中餐厅;中餐厅,金牛区,104.072427,30.69545,5
鲜味砂锅,catering,餐饮服务;中餐厅;中餐厅,金牛区,104.068772,30.692832,2
希希奶茶鲜榨果汁,catering,餐饮服务;甜品店;甜品店,金牛区,104.071527,30.692856,1
大堂茶吧,catering,餐饮服务;茶艺馆;茶艺馆,金牛区,104.07016,30.695956,2
绿色屋顶大茶楼,catering,餐饮服务;咖啡厅;咖啡厅,金牛区,104.071532,30.694504,2
金惠面包房,catering,餐饮服务;糕饼店;糕饼店,金牛区,104.063903,30.689608,1
君利饭店(站西巷),catering,餐饮服务;中餐厅;中餐厅,金牛区,104.066657,30.698163,2
鸿聚楼茶楼,catering,餐饮服务;茶艺馆;茶艺馆,金牛区,104.067303,30.698731,3
北站饭店(公交路),catering,餐饮服务;中餐厅;中餐厅,金牛区,104.068004,30.697995,1
老坎饭店,catering,餐饮服务;中餐厅;中餐厅,金牛区,104.07367,30.698448,19
蓉北快餐,catering,餐饮服务;快餐厅;快餐厅,金牛区,104.069544,30.698409,3
杨姐炖蹄花(人民北路二段),catering,餐饮服务;中餐厅;中餐厅,金牛区,104.070077,30.692813,1
兄弟茶坊,catering,餐饮服务;茶艺馆;茶艺馆,金牛区,104.064689,30.690725,1
艾薇米娅创意蛋糕(米苏烘焙),catering,餐饮服务;糕饼店;糕饼店,金牛区,104.06406,30.692956,1
纸老虎川菜馆(北站西二路),catering,餐饮服务;中餐厅;四川菜(川菜),金牛区,104.063549,30.693478,1
重庆小面(北站西一路),catering,餐饮服务;中餐厅;四川菜(川菜),金牛区,104.067328,30.693598,1
范姐老字号宜宾燃面馆,catering,餐饮服务;快餐厅;快餐厅,金牛区,104.073336,30.695407,1
福禄禧,catering,餐饮服务;快餐厅;快餐厅,金牛区,104.068326,30.694737,2
正宗大馅水饺店,catering,餐饮服务;快餐厅;快餐厅,金牛区,104.069666,30.691363,3
Momo Drinks,catering,餐饮服务;冷饮店;冷饮店,金牛区,104.069941,30.696652,2
三妹熟屋,catering,餐饮服务;快餐厅;快餐厅,金牛区,104.069447,30.694848,2
尝欣米线,catering,餐饮服务;中餐厅;中餐厅,金牛区,104.067104,30.69543,1
好友家面馆,catering,餐饮服务;中餐厅;中餐厅,金牛区,104.066874,30.695001,1
杨柳面馆(杨柳巷),catering,餐饮服务;中餐厅;中餐厅,金牛区,104.067733,30.695214,1
味当仙,catering,餐饮服务;中餐厅;中餐厅,金牛区,104.074512,30.697665,18
红月亮,catering,餐饮服务;糕饼店;糕饼店,金牛区,104.083886,30.692868,118
欧麦呷,catering,餐饮服务;快餐厅;快餐厅,金牛区,104.077334,30.697531,12
红花茶楼,catering,餐饮服务;茶艺馆;茶艺馆,金牛区,104.078981,30.690159,32
宏缘茶坊,catering,餐饮服务;茶艺馆;茶艺馆,金牛区,104.080539,30.689391,23
云乡宴,catering,餐饮服务;中餐厅;中餐厅,金牛区,104.083406,30.696493,4
广东汕头牛肉火锅(爱民路店),catering,餐饮服务;中餐厅;火锅店,金牛区,104.077894,30.689441,1
京蓉茶坊,catering,餐饮服务;茶艺馆;茶艺馆,金牛区,104.08306,30.695913,7
牛友之家,catering,餐饮服务;中餐厅;中餐厅,金牛区,104.080931,30.697495,4
重庆面馆,catering,餐饮服务;中餐厅;中餐厅,金牛区,104.075747,30.697594,9
兔子面,catering,餐饮服务;中餐厅;中餐厅,金牛区,104.077642,30.693707,12
张记饭店(北站东二路),catering,餐饮服务;中餐厅;中餐厅,金牛区,104.078935,30.693793,1
福知味澳门豆捞,catering,餐饮服务;中餐厅;中餐厅,金牛区,104.080664,30.698383,2
沈小福(解放西路店),catering,餐饮服务;中餐厅;中餐厅,金牛区,104.078411,30.691862,1
鱼啦啦,catering,餐饮服务;快餐厅;快餐厅,金牛区,104.074027,30.692239,6
卡米琪,catering,餐饮服务;糕饼店;糕饼店,金牛区,104.074127,30.695906,6
瑞升望江橡树林,catering,餐饮服务;中餐厅;中餐厅,金牛区,104.079927,30.696657,1
善香味,catering,餐饮服务;中餐厅;火锅店,金牛区,104.081111,30.696535,12
蜀滋香土鸡馆(红花店),catering,餐饮服务;中餐厅;中餐厅,金牛区,104.082837,30.694695,1
金荷花饭店,catering,餐饮服务;中餐厅;中餐厅,金牛区,104.07652,30.69065,1
川蜀手工肥肠粉,catering,餐饮服务;中餐厅;中餐厅,金牛区,104.076606,30.691578,1
东北饺子,catering,餐饮服务;中餐厅;特色/地方风味餐厅,金牛区,104.074575,30.690386,5
一品韩,catering,餐饮服务;外国餐厅;韩国料理,金牛区,104.075346,30.690948,1
帝磊茶坊,catering,餐饮服务;茶艺馆;茶艺馆,金牛区,104.082837,30.6914,2
好运来,catering,餐饮服务;中餐厅;中餐厅,金牛区,104.075862,30.69182,2
顺和园,catering,餐饮服务;快餐厅;快餐厅,金牛区,104.078879,30.692145,5
吉祥,catering,餐饮服务;外国餐厅;日本料理,金牛区,104.076047,30.695196,1
老地方烤肉拌饭(红花西路),catering,餐饮服务;中餐厅;中餐厅,金牛区,104.080772,30.694002,1
芝麻花,catering,餐饮服务;中餐厅;北京菜,金牛区,104.074733,30.696753,1
沸点九九,catering,餐饮服务;外国餐厅;韩国料理,金牛区,104.081291,30.694446,5
福来客美食大食堂(大成店),catering,餐饮服务;快餐厅;快餐厅,金牛区,104.077335,30.691796,1
万婆快餐,catering,餐饮服务;中餐厅;中餐厅,金牛区,104.077659,30.695971,2
谢庄白肉,catering,餐饮服务;中餐厅;中餐厅,金牛区,104.077321,30.698697,5
金懋餐厅,catering,餐饮服务;中餐厅;中餐厅,金牛区,104.077668,30.696462,1
观光餐厅,catering,餐饮服务;中餐厅;中餐厅,金牛区,104.077229,30.692686,1
荣升饭店,catering,餐饮服务;中餐厅;中餐厅,金牛区,104.07848,30.697276,2
青龙饭店外卖部,catering,餐饮服务;中餐厅;中餐厅,金牛区,104.075022,30.696211,1
宏正餐饮,catering,餐饮服务;中餐厅;中餐厅,金牛区,104.076139,30.696072,1
金池小吃店,catering,餐饮服务;中餐厅;中餐厅,金牛区,104.077339,30.69504,1
荷花快餐(小沙河东路),catering,餐饮服务;中餐厅;中餐厅,金牛区,104.078401,30.693932,1
乐萨客,catering,餐饮服务;快餐厅;快餐厅,金牛区,104.085501,30.695721,9
周麻辣,catering,餐饮服务;中餐厅;中餐厅,成华区,104.093425,30.693397,33
山珍翘脚牛肉养身馆(驷马桥店),catering,餐饮服务;中餐厅;中餐厅,金牛区,104.08852,30.697313,1
奎元馆,catering,餐饮服务;快餐厅;快餐厅,金牛区,104.084703,30.691198,4
五婆串串香(二环路北四段),catering,餐饮服务;中餐厅;中餐厅,成华区,104.0923,30.691998,1
玉龙包,catering,餐饮服务;中餐厅;中餐厅,金牛区,104.087078,30.696116,14
卓品轩,catering,餐饮服务;茶艺馆;茶艺馆,成华区,104.092522,30.690152,17
黄焖鸡米饭(梁家巷店),catering,餐饮服务;快餐厅;快餐厅,金牛区,104.083815,30.693466,1
李二姐面馆,catering,餐饮服务;中餐厅;中餐厅,金牛区,104.084278,30.68953,1
肖排骨,catering,餐饮服务;中餐厅;火锅店,成华区,104.09281,30.691119,6
六味河宫廷糕点,catering,餐饮服务;糕饼店;糕饼店,金牛区,104.087154,30.695151,2
品尚茶府,catering,餐饮服务;茶艺馆;茶艺馆,金牛区,104.085865,30.691323,3
家缘茶坊,catering,餐饮服务;茶艺馆;茶艺馆,金牛区,104.088113,30.689152,13
驷谢小吃店,catering,餐饮服务;中餐厅;中餐厅,成华区,104.092585,30.69819,3
金沙河茶府,catering,餐饮服务;茶艺馆;茶艺馆,成华区,104.089828,30.693645,1
径花缘茶府,catering,餐饮服务;茶艺馆;茶艺馆,成华区,104.090864,30.690987,1
416医院餐厅,catering,餐饮服务;中餐厅;中餐厅,成华区,104.091604,30.690962,1
四芳茶楼(解放路一段),catering,餐饮服务;茶艺馆;茶艺馆,金牛区,104.083665,30.689644,2
一品方酥锅魁,catering,餐饮服务;中餐厅;特色/地方风味餐厅,金牛区,104.084153,30.690597,1
曾记包子,catering,餐饮服务;快餐厅;快餐厅,成华区,104.091591,30.692558,5
憨包子小吃店,catering,餐饮服务;中餐厅;中餐厅,成华区,104.091542,30.698178,1
四季飘香饼店(二环路北四段),catering,餐饮服务;糕饼店;糕饼店,成华区,104.093296,30.691494,1
步虹城市农家乐,catering,餐饮服务;中餐厅;中餐厅,金牛区,104.088798,30.690341,1
暮色人生Club,catering,餐饮服务;休闲餐饮场所;休闲餐饮场所,金牛区,104.088008,30.696528,1
老资格,catering,餐饮服务;中餐厅;中餐厅,成华区,104.094813,30.689475,8
聚茗香茶坊,catering,餐饮服务;茶艺馆;茶艺馆,成华区,104.102288,30.689625,2
根根香,catering,餐饮服务;中餐厅;中餐厅,成华区,104.095315,30.694276,7
北大铺盖面(驷马桥四路),catering,餐饮服务;中餐厅;中餐厅,成华区,104.094539,30.694474,2
竹君蘊轩,catering,餐饮服务;茶艺馆;茶艺馆,成华区,104.094201,30.695156,1
川西九大碗,catering,餐饮服务;中餐厅;综合酒楼,成华区,104.098532,30.691067,1
蔺都仙草,catering,餐饮服务;冷饮店;冷饮店,成华区,104.097202,30.689516,2
滋味烧烤(驷马桥路),catering,餐饮服务;中餐厅;特色/地方风味餐厅,成华区,104.094128,30.697822,1
K串串,catering,餐饮服务;中餐厅;中餐厅,成华区,104.108508,30.688481,171
渣渣面,catering,餐饮服务;中餐厅;中餐厅,成华区,104.104374,30.69229,4
闳亨茶府,catering,餐饮服务;茶艺馆;茶艺馆,成华区,104.109326,30.690592,13
面食,catering,餐饮服务;快餐厅;快餐厅,成华区,104.109214,30.689737,2
大碗面,catering,餐饮服务;中餐厅;中餐厅,成华区,104.104699,30.697187,10
坝坝茶(文德路),catering,餐饮服务;茶艺馆;茶艺馆,成华区,104.107013,30.692309,1
家常菜,catering,餐饮服务;中餐厅;中餐厅,成华区,104.106068,30.695721,2
成华区紫云小吃店,catering,餐饮服务;中餐厅;中餐厅,成华区,104.107053,30.696065,1
山川小吃,catering,餐饮服务;快餐厅;快餐厅,成华区,104.104949,30.69085,2
聚乐餐,catering,餐饮服务;中餐厅;中餐厅,成华区,104.11103,30.692504,3
一品小筑,catering,餐饮服务;茶艺馆;茶艺馆,成华区,104.107441,30.691318,4
味美家厨,catering,餐饮服务;中餐厅;特色/地方风味餐厅,成华区,104.11128,30.691154,1
遂宁小吃,catering,餐饮服务;快餐厅;快餐厅,成华区,104.11149,30.691938,2
千层馒头店,catering,餐饮服务;中餐厅;中餐厅,成华区,104.111192,30.690347,3
杯莫亭(文德路),catering,餐饮服务;中餐厅;中餐厅,成华区,104.105792,30.692353,1
佳斯特西餐展示中心,catering,餐饮服务;外国餐厅;外国餐厅,成华区,104.121076,30.693886,1
二哥饭店,catering,餐饮服务;中餐厅;中餐厅,成华区,104.124632,30.694618,2
大骨汤肥肠粉,catering,餐饮服务;中餐厅;中餐厅,成华区,104.136948,30.690699,5
碴哥家常饭店,catering,餐饮服务;中餐厅;中餐厅,成华区,104.137801,30.691468,1
味鲜中餐馆,catering,餐饮服务;中餐厅;中餐厅,成华区,104.140063,30.696193,1
老袁中餐馆,catering,餐饮服务;中餐厅;中餐厅,成华区,104.139539,30.696545,1
忠义堂,catering,餐饮服务;中餐厅;中餐厅,成华区,104.163549,30.695222,7
瓦罐罐酒楼,catering,餐饮服务;中餐厅;综合酒楼,成华区,104.162608,30.695892,1
灌县老妈砂锅串串(龙潭寺二店),catering,餐饮服务;中餐厅;火锅店,成华区,104.161487,30.698376,2
怡品食坊,catering,餐饮服务;中餐厅;中餐厅,成华区,104.162256,30.69866,4
羊马查渣面(总店),catering,餐饮服务;中餐厅;中餐厅,成华区,104.154205,30.695244,1
卞氏菜根香,catering,餐饮服务;中餐厅;中餐厅,成华区,104.161357,30.691648,1
宝祥卤肉面,catering,餐饮服务;中餐厅;中餐厅,成华区,104.163471,30.699271,1
百味千椒,catering,餐饮服务;中餐厅;中餐厅,成华区,104.16162,30.699224,1
富顺豆花饭(成华大道),catering,餐饮服务;中餐厅;中餐厅,成华区,104.154242,30.694741,1
赖哥老馆子,catering,餐饮服务;中餐厅;中餐厅,成华区,104.153619,30.695149,1
金楠阁,catering,餐饮服务;中餐厅;四川菜(川菜),成华区,104.165,30.695372,1
乐莱基,catering,餐饮服务;中餐厅;中餐厅,成华区,104.172934,30.697508,51
雪迪卡,catering,餐饮服务;甜品店;甜品店,成华区,104.170485,30.698325,21
叫只鸡,catering,餐饮服务;中餐厅;中餐厅,成华区,104.165454,30.696713,3
唐饺子,catering,餐饮服务;中餐厅;特色/地方风味餐厅,成华区,104.17145,30.696377,18
洪鑫冒菜馆,catering,餐饮服务;中餐厅;中餐厅,成华区,104.170097,30.696752,4
田记家宴馆(龙潭店),catering,餐饮服务;中餐厅;中餐厅,成华区,104.165869,30.699084,1
古记中餐小吃,catering,餐饮服务;中餐厅;特色/地方风味餐厅,成华区,104.170117,30.693549,1
兰州牛肉拉面(成宏路),catering,餐饮服务;中餐厅;清真菜馆,成华区,104.164892,30.696054,1
周蹄花,catering,餐饮服务;中餐厅;中餐厅,成华区,104.168541,30.698827,4
华林烧烤,catering,餐饮服务;中餐厅;特色/地方风味餐厅,成华区,104.164533,30.694673,1
双江玉兔火锅,catering,餐饮服务;中餐厅;火锅店,成华区,104.172092,30.698458,2
上海周记无水蜂蜜脆皮蛋糕(华冠路),catering,餐饮服务;糕饼店;糕饼店,成华区,104.170095,30.697637,1
简餐快送倪家小店,catering,餐饮服务;快餐厅;快餐厅,成华区,104.165999,30.696474,1
渣渣面,catering,餐饮服务;快餐厅;快餐厅,成华区,104.174103,30.691386,8
向日葵私家厨房,catering,餐饮服务;快餐厅;快餐厅,成华区,104.171072,30.697132,1
重庆老五牛肉面(新都西街店),catering,餐饮服务;快餐厅;快餐厅,成华区,104.164003,30.696831,1
火烧云火锅鱼,catering,餐饮服务;中餐厅;海鲜酒楼,成华区,104.175771,30.696476,3
千丝牛杂火锅,catering,餐饮服务;中餐厅;火锅店,成华区,104.174418,30.698138,2
留恋人家河鲜馆,catering,餐饮服务;中餐厅;海鲜酒楼,成华区,104.179737,30.689582,1
大众串串香(龙潭店),catering,餐饮服务;中餐厅;中餐厅,成华区,104.175018,30.697366,2
蓝音格,catering,餐饮服务;休闲餐饮场所;休闲餐饮场所,成华区,104.181475,30.690556,1
水乡鱼公馆,catering,餐饮服务;中餐厅;海鲜酒楼,成华区,104.176623,30.698413,4
简阳羊肉汤(成宏路),catering,餐饮服务;中餐厅;中餐厅,成华区,104.174315,30.696416,4
山珍九斗碗酒楼,catering,餐饮服务;中餐厅;综合酒楼,成华区,104.181224,30.691039,1
娇子居,catering,餐饮服务;茶艺馆;茶艺馆,成华区,104.179678,30.691196,4
口品,catering,餐饮服务;茶艺馆;茶艺馆,成华区,104.180733,30.690623,1
红色记忆,catering,餐饮服务;中餐厅;中餐厅,成华区,104.178902,30.690334,1
浩客土菜馆,catering,餐饮服务;中餐厅;中餐厅,成华区,104.176711,30.69664,1
乡坝老柴坊,catering,餐饮服务;中餐厅;中餐厅,青羊区,103.972648,30.686172,2
龙虾小院,catering,餐饮服务;中餐厅;海鲜酒楼,青羊区,103.968252,30.68603,4
怪味串串,catering,餐饮服务;中餐厅;火锅店,青羊区,103.966185,30.679876,9
巴山农家小院,catering,餐饮服务;中餐厅;中餐厅,青羊区,103.967296,30.685993,5
渝家人,catering,餐饮服务;中餐厅;中餐厅,青羊区,103.973823,30.680042,11
农夫烤鱼(馨光华庭北),catering,餐饮服务;中餐厅;特色/地方风味餐厅,青羊区,103.966217,30.681275,5
君哥烤鱼,catering,餐饮服务;中餐厅;特色/地方风味餐厅,青羊区,103.965164,30.681292,2
乡村柴门,catering,餐饮服务;中餐厅;中餐厅,青羊区,103.968177,30.686829,1
春春豆花饭庄,catering,餐饮服务;中餐厅;中餐厅,青羊区,103.973044,30.688394,1
陈记包点,catering,餐饮服务;中餐厅;中餐厅,青羊区,103.973434,30.681436,1
尊宝比萨欢乐休闲餐厅(中铁双龙湾店),catering,餐饮服务;外国餐厅;意式菜品餐厅|餐饮服务;快餐厅;快餐厅,青羊区,103.981777,30.680217,1
清波记忆,catering,餐饮服务;中餐厅;中餐厅,青羊区,103.982457,30.685954,15
132老兵烤全羊(苏坡店),catering,餐饮服务;中餐厅;特色/地方风味餐厅,青羊区,103.973895,30.687073,1
田园柴房(金沙店),catering,餐饮服务;中餐厅;中餐厅,青羊区,103.973891,30.689126,1
悦香隆茶府,catering,餐饮服务;茶艺馆;茶艺馆,青羊区,103.983613,30.679989,8
熙岸鱼港,catering,餐饮服务;中餐厅;海鲜酒楼,青羊区,103.980189,30.686476,1
味舌串串,catering,餐饮服务;中餐厅;中餐厅,青羊区,103.982222,30.687656,5
家常菜,catering,餐饮服务;中餐厅;中餐厅,青羊区,103.974651,30.683892,3
金福大茶楼,catering,餐饮服务;茶艺馆;茶艺馆,青羊区,103.982637,30.682184,1
半夏茶苑,catering,餐饮服务;茶艺馆;茶艺馆,青羊区,103.983371,30.683673,2
联邦茶社,catering,餐饮服务;茶艺馆;茶艺馆,青羊区,103.981452,30.682203,2
清波六合鱼,catering,餐饮服务;中餐厅;海鲜酒楼,青羊区,103.979747,30.688182,1
文井源有机餐厅(清波店),catering,餐饮服务;中餐厅;中餐厅,青羊区,103.983277,30.68245,1
杏记甜品(清涟路),catering,餐饮服务;甜品店;甜品店,青羊区,103.982306,30.688451,1
绵阳酸菜米粉,catering,餐饮服务;中餐厅;中餐厅,青羊区,103.973874,30.682199,1
岁月茶楼(清涟路),catering,餐饮服务;茶艺馆;茶艺馆,青羊区,103.982653,30.688103,1
大西北牛肉拉面,catering,餐饮服务;快餐厅;快餐厅,青羊区,103.984342,30.681072,23
快乐老家火锅(金沙店),catering,餐饮服务;中餐厅;火锅店,青羊区,103.990595,30.686619,1
干锅王,catering,餐饮服务;中餐厅;中餐厅,青羊区,103.989224,30.685144,8
小厨妈妈菜(蜀鑫路),catering,餐饮服务;中餐厅;中餐厅,青羊区,103.985528,30.68042,2
大家食坊,catering,餐饮服务;中餐厅;中餐厅,青羊区,103.990084,30.686894,4
胖姐夜啤酒,catering,餐饮服务;中餐厅;中餐厅,青羊区,103.985807,30.68105,7
土陶村,catering,餐饮服务;中餐厅;四川菜(川菜),青羊区,103.985365,30.679705,1
茗人雅居,catering,餐饮服务;茶艺馆;茶艺馆,青羊区,103.993241,30.680824,3
天津狗不理,catering,餐饮服务;中餐厅;中餐厅,青羊区,103.988604,30.688723,2
善食房,catering,餐饮服务;中餐厅;中餐厅,青羊区,103.993172,30.686493,7
酱香兔生态火锅(清波店),catering,餐饮服务;中餐厅;火锅店,青羊区,103.987755,30.67959,2
妈妈的厨房,catering,餐饮服务;快餐厅;快餐厅,青羊区,103.990198,30.684973,3
嗨客披萨,catering,餐饮服务;中餐厅;特色/地方风味餐厅,青羊区,103.98969,30.68198,2
我在等你,catering,餐饮服务;休闲餐饮场所;休闲餐饮场所,青羊区,103.991277,30.684385,1
三江汇自助鱼庄,catering,餐饮服务;中餐厅;中餐厅,青羊区,103.990215,30.681779,1
九龙王大包,catering,餐饮服务;中餐厅;中餐厅,青羊区,103.986509,30.680597,1
厚厨飘香,catering,餐饮服务;中餐厅;中餐厅,青羊区,104.003669,30.681954,24
水浩面店,catering,餐饮服务;中餐厅;中餐厅,青羊区,104.001167,30.682158,15
谭记今天吃啥,catering,餐饮服务;中餐厅;中餐厅,青羊区,104.001036,30.680026,4
牛三签砂锅串串(中大君悦店),catering,餐饮服务;中餐厅;火锅店,青羊区,103.994598,30.680208,1
蘇香小苑私房菜,catering,餐饮服务;中餐厅;四川菜(川菜),青羊区,104.003224,30.684821,1
闷骚放锅盔,catering,餐饮服务;中餐厅;特色/地方风味餐厅,青羊区,104.000702,30.687776,3
点点面,catering,餐饮服务;中餐厅;中餐厅,青羊区,104.002578,30.680658,7
沈小福(蜀金路店),catering,餐饮服务;中餐厅;中餐厅,青羊区,104.001636,30.68389,1
家常菜豆花饭,catering,餐饮服务;中餐厅;中餐厅,青羊区,103.996939,30.682425,3
三胖面点,catering,餐饮服务;中餐厅;中餐厅,青羊区,103.998928,30.686336,14
原渝茶楼,catering,餐饮服务;茶艺馆;茶艺馆,青羊区,103.997313,30.685168,5
安德鲁森(君悦金沙店),catering,餐饮服务;糕饼店;糕饼店,青羊区,103.995429,30.679948,1
多味食堂,catering,餐饮服务;中餐厅;中餐厅,青羊区,104.000012,30.686196,2
炭鱼炭火烤鱼,catering,餐饮服务;中餐厅;特色/地方风味餐厅,青羊区,104.000457,30.682858,7
谭记肥肠粉,catering,餐饮服务;中餐厅;中餐厅,青羊区,104.002228,30.679634,6
品品美食屋,catering,餐饮服务;快餐厅;快餐厅,青羊区,103.998556,30.681007,2
吴氏简阳羊肉汤,catering,餐饮服务;中餐厅;特色/地方风味餐厅,青羊区,103.998888,30.682741,1
传奇棒棒鸡,catering,餐饮服务;快餐厅;快餐厅,青羊区,103.995207,30.685989,1
王中王快餐店,catering,餐饮服务;快餐厅;快餐厅,青羊区,104.001327,30.683315,2
汉昌食府,catering,餐饮服务;中餐厅;中餐厅,青羊区,104.000902,30.686163,2
金沙遗址公园木屋茶社,catering,餐饮服务;茶艺馆;茶艺馆,青羊区,104.002076,30.684563,1
雨谦私藏茶,catering,餐饮服务;茶艺馆;茶艺馆,青羊区,104.000871,30.684464,1
雷成私人麻将,catering,餐饮服务;茶艺馆;茶艺馆,青羊区,104.002073,30.685871,1
熊猫茶生态馆,catering,餐饮服务;茶艺馆;茶艺馆,青羊区,104.001816,30.685289,1
营养沙龙,catering,餐饮服务;中餐厅;中餐厅,青羊区,104.0032,30.68037,1
辛福味道乡村菜,catering,餐饮服务;中餐厅;中餐厅,青羊区,103.995796,30.685798,2
宜宾燃面(金鹏街176号院东南),catering,餐饮服务;中餐厅;中餐厅,青羊区,104.00012,30.680824,1
三青新鲜烘焙咖啡,catering,餐饮服务;休闲餐饮场所;休闲餐饮场所,青羊区,103.995593,30.682792,1
天天开心,catering,餐饮服务;快餐厅;快餐厅,青羊区,103.996568,30.681597,4
汉昌万州面,catering,餐饮服务;中餐厅;中餐厅,青羊区,104.001155,30.685586,1
吾谷小厨,catering,餐饮服务;中餐厅;中餐厅,青羊区,103.99994,30.687601,1
逸豪酒店餐厅,catering,餐饮服务;中餐厅;中餐厅,青羊区,103.997022,30.686895,1
美味面馆,catering,餐饮服务;中餐厅;中餐厅,青羊区,103.997616,30.681315,1
实星球咖啡馆,catering,餐饮服务;咖啡厅;咖啡厅,金牛区,104.009792,30.688819,5
原乡家宴,catering,餐饮服务;中餐厅;中餐厅,青羊区,104.008608,30.681635,14
小牛合,catering,餐饮服务;中餐厅;中餐厅,青羊区,104.008453,30.679632,39
嘉顺禅韵,catering,餐饮服务;茶艺馆;茶艺馆,青羊区,104.01389,30.682799,20
香虾记,catering,餐饮服务;中餐厅;特色/地方风味餐厅,青羊区,104.005296,30.680776,27
老房子金沙元年食府,catering,餐饮服务;中餐厅;中餐厅,青羊区,104.007635,30.682978,1
普照精舍,catering,餐饮服务;茶艺馆;茶艺馆,青羊区,104.0073,30.68432,5
川葵天香居,catering,餐饮服务;中餐厅;火锅店,青羊区,104.004474,30.679642,4
茅庐,catering,餐饮服务;中餐厅;中餐厅,青羊区,104.007396,30.685625,12
轩滋味冒菜,catering,餐饮服务;中餐厅;中餐厅,金牛区,104.011792,30.688642,6
乔氏黔江鸡杂家常菜(金沙店),catering,餐饮服务;中餐厅;中餐厅,青羊区,104.013284,30.683646,2
金沙村餐厅,catering,餐饮服务;中餐厅;中餐厅,金牛区,104.012224,30.686097,1
福建沙县特色营养小吃(金瓯路店),catering,餐饮服务;中餐厅;特色/地方风味餐厅,青羊区,104.003819,30.680101,1
张鲶鱼,catering,餐饮服务;中餐厅;特色/地方风味餐厅,青羊区,104.005882,30.68185,1
清芷,catering,餐饮服务;茶艺馆;茶艺馆,青羊区,104.00425,30.684164,2
静怡茶坊,catering,餐饮服务;茶艺馆;茶艺馆,金牛区,104.01288,30.688166,2
圣洁甘孜牦牛老火锅(金沙店),catering,餐饮服务;中餐厅;火锅店,青羊区,104.006106,30.682304,1
西米几样菜(成都总店),catering,餐饮服务;中餐厅;综合酒楼,青羊区,104.013736,30.684346,2
俗味茶号,catering,餐饮服务;茶艺馆;茶艺馆,青羊区,104.006718,30.67944,4
可易吃,catering,餐饮服务;中餐厅;中餐厅,金牛区,104.013863,30.687844,3
茶语,catering,餐饮服务;冷饮店;冷饮店,金牛区,104.020109,30.686169,22
切面店,catering,餐饮服务;中餐厅;中餐厅,金牛区,104.02519,30.686193,167
袁记串串香(蜀汉店),catering,餐饮服务;中餐厅;特色/地方风味餐厅|餐饮服务;中餐厅;火锅店,金牛区,104.020651,30.68907,1
天道茶府,catering,餐饮服务;茶艺馆;茶艺馆,青羊区,104.021761,30.684438,4
小厨房冒菜,catering,餐饮服务;中餐厅;中餐厅,青羊区,104.016601,30.682084,21
阿布串串,catering,餐饮服务;中餐厅;中餐厅,青羊区,104.021895,30.682872,14
良田别苑,catering,餐饮服务;茶艺馆;茶艺馆,青羊区,104.01969,30.683243,6
如是茶室,catering,餐饮服务;茶艺馆;茶艺馆,金牛区,104.022336,30.688759,8
十锦快餐,catering,餐饮服务;中餐厅;中餐厅,金牛区,104.021254,30.687564,6
味当家·渔码头(同友路店),catering,餐饮服务;中餐厅;火锅店,青羊区,104.019012,30.685168,1
享午餐厅,catering,餐饮服务;快餐厅;快餐厅,金牛区,104.014513,30.686278,10
卤米,catering,餐饮服务;中餐厅;中餐厅,青羊区,104.019094,30.681018,20
彩虹茶餐,catering,餐饮服务;中餐厅;中餐厅,金牛区,104.015571,30.687681,13
随便饭堂(蜀汉路),catering,餐饮服务;中餐厅;中餐厅,金牛区,104.023264,30.68793,4
雨林轩,catering,餐饮服务;茶艺馆;茶艺馆,金牛区,104.023409,30.687249,4
创意冒菜,catering,餐饮服务;中餐厅;中餐厅,青羊区,104.017298,30.681084,9
吴家牛肉面,catering,餐饮服务;中餐厅;中餐厅,青羊区,104.018377,30.682418,7
毛血旺,catering,餐饮服务;中餐厅;中餐厅,青羊区,104.020632,30.680273,35
白家姐妹,catering,餐饮服务;快餐厅;快餐厅,青羊区,104.020673,30.683807,3
川北茶府,catering,餐饮服务;茶艺馆;茶艺馆,金牛区,104.017769,30.688381,3
兰州牛肉面(同和路),catering,餐饮服务;中餐厅;清真菜馆,金牛区,104.016262,30.688721,2
杨师傅鸭儿粑,catering,餐饮服务;中餐厅;特色/地方风味餐厅,青羊区,104.015059,30.683142,1
客家善(黄忠店),catering,餐饮服务;中餐厅;中餐厅,金牛区,104.020443,30.687637,1
人和茶坊(锦屏路一巷),catering,餐饮服务;茶艺馆;茶艺馆,青羊区,104.015126,30.680769,1
丹源茶苑,catering,餐饮服务;茶艺馆;茶艺馆,青羊区,104.023326,30.683235,8
水色时光,catering,餐饮服务;茶艺馆;茶艺馆,金牛区,104.018262,30.68654,2
廖记糕点,catering,餐饮服务;糕饼店;糕饼店,金牛区,104.019302,30.688438,8
老兵茶府,catering,餐饮服务;茶艺馆;茶艺馆,青羊区,104.016624,30.68327,2
珍芳香茶园,catering,餐饮服务;茶艺馆;茶艺馆,青羊区,104.022183,30.683612,2
茶虫,catering,餐饮服务;茶艺馆;茶艺馆,青羊区,104.020913,30.682137,8
妙厨房,catering,餐饮服务;中餐厅;中餐厅,青羊区,104.018142,30.678825,23
鸿鑫茶苑,catering,餐饮服务;茶艺馆;茶艺馆,青羊区,104.018833,30.684255,1
凤华茶铺,catering,餐饮服务;茶艺馆;茶艺馆,金牛区,104.020094,30.689018,1
有缘饭店(黄苑街),catering,餐饮服务;中餐厅;中餐厅,金牛区,104.013765,30.688463,1
味胃早餐,catering,餐饮服务;中餐厅;中餐厅,青羊区,104.013859,30.681106,2
状元府邸茶楼,catering,餐饮服务;茶艺馆;茶艺馆,金牛区,104.019895,30.68795,1
天伦之乐,catering,餐饮服务;糕饼店;糕饼店,青羊区,104.022169,30.679751,3
赵大叔的即食燕窝,catering,餐饮服务;甜品店;甜品店,金牛区,104.014048,30.686815,1
圣洛雪,catering,餐饮服务;冷饮店;冷饮店,金牛区,104.021224,30.689123,1
信怡和,catering,餐饮服务;中餐厅;综合酒楼,金牛区,104.032493,30.683051,57
面聚,catering,餐饮服务;中餐厅;中餐厅,青羊区,104.024835,30.678097,294
对面,catering,餐饮服务;快餐厅;快餐厅,金牛区,104.031495,30.678389,93
蓉稣园,catering,餐饮服务;糕饼店;糕饼店,金牛区,104.028102,30.68894,3
汇厦茶楼,catering,餐饮服务;茶艺馆;茶艺馆,金牛区,104.028651,30.684399,8
大碗面,catering,餐饮服务;中餐厅;特色/地方风味餐厅,金牛区,104.030912,30.685477,33
小花苑,catering,餐饮服务;休闲餐饮场所;休闲餐饮场所,金牛区,104.028551,30.686936,25
疯狂鸭头,catering,餐饮服务;中餐厅;中餐厅,金牛区,104.029833,30.68318,16
张记鸭脑壳追,catering,餐饮服务;中餐厅;中餐厅,青羊区,104.026682,30.682292,2
竹阳记餐饮店,catering,餐饮服务;中餐厅;特色/地方风味餐厅,金牛区,104.02933,30.685122,2
秘食,catering,餐饮服务;中餐厅;中餐厅,金牛区,104.027682,30.686328,2
天和小厨花园餐厅,catering,餐饮服务;中餐厅;中餐厅,青羊区,104.027592,30.681764,2
蓉兴茶苑,catering,餐饮服务;茶艺馆;茶艺馆,金牛区,104.032556,30.687147,1
兄弟茶府,catering,餐饮服务;茶艺馆;茶艺馆,金牛区,104.032895,30.682862,3
君之薇火锅,catering,餐饮服务;中餐厅;火锅店,金牛区,104.023734,30.686671,1
同心苑坝坝茶园,catering,餐饮服务;茶艺馆;茶艺馆,青羊区,104.025142,30.682621,2
李记冒节子肥肠粉(二环路西二段),catering,餐饮服务;中餐厅;中餐厅,青羊区,104.025982,30.682299,1
一根骨面馆,catering,餐饮服务;中餐厅;中餐厅,金牛区,104.028913,30.68309,1
老坛酸菜牛肉面(安居巷),catering,餐饮服务;中餐厅;中餐厅,金牛区,104.031574,30.681096,2
皇茶(二环路西三段),catering,餐饮服务;茶艺馆;茶艺馆,金牛区,104.02968,30.685508,1
旺旺茶坊(营康西路),catering,餐饮服务;茶艺馆;茶艺馆,金牛区,104.032562,30.689361,1
阿琼会所,catering,餐饮服务;茶艺馆;茶艺馆,金牛区,104.040579,30.687047,8
冰岛之恋,catering,餐饮服务;冷饮店;冷饮店,金牛区,104.041695,30.685677,32
蒸喜欢,catering,餐饮服务;中餐厅;中餐厅,金牛区,104.043937,30.686061,13
老面馆,catering,餐饮服务;快餐厅;快餐厅,金牛区,104.041591,30.688509,29
杏园,catering,餐饮服务;茶艺馆;茶艺馆,金牛区,104.039728,30.681167,120
好利来(成都金鱼街店),catering,餐饮服务;糕饼店;糕饼店,金牛区,104.038243,30.686326,1
郭氏烧烤,catering,餐饮服务;中餐厅;特色/地方风味餐厅,金牛区,104.036494,30.681002,15
食味坊,catering,餐饮服务;中餐厅;中餐厅,金牛区,104.042778,30.687109,9
阿旺斯,catering,餐饮服务;冷饮店;冷饮店,金牛区,104.034694,30.680417,4
甜觅奶茶,catering,餐饮服务;冷饮店;冷饮店,金牛区,104.03653,30.679766,2
兰花茶,catering,餐饮服务;茶艺馆;茶艺馆,金牛区,104.039205,30.687484,20
兑味香川菜,catering,餐饮服务;中餐厅;四川菜(川菜),金牛区,104.037569,30.685493,8
藤椒面,catering,餐饮服务;中餐厅;中餐厅,金牛区,104.041964,30.684156,1
飞云卤,catering,餐饮服务;中餐厅;中餐厅,金牛区,104.043428,30.681822,10
锅巴馒头,catering,餐饮服务;中餐厅;中餐厅,金牛区,104.042843,30.683356,5
壹号咖啡,catering,餐饮服务;咖啡厅;咖啡厅,金牛区,104.040176,30.688752,4
Mr.其它中餐厅,catering,餐饮服务;中餐厅;中餐厅,金牛区,104.036776,30.684348,2
朕尝水饺,catering,餐饮服务;中餐厅;特色/地方风味餐厅,金牛区,104.038242,30.682565,8
兑味面,catering,餐饮服务;中餐厅;中餐厅,金牛区,104.041903,30.683088,2
蒋胖子绵阳米粉,catering,餐饮服务;中餐厅;中餐厅,金牛区,104.040015,30.679932,1
茶根缘,catering,餐饮服务;茶艺馆;茶艺馆,金牛区,104.035542,30.678959,15
喔喔村粽子屋,catering,餐饮服务;快餐厅;快餐厅,金牛区,104.034773,30.689415,1
达竹茶坊,catering,餐饮服务;茶艺馆;茶艺馆,金牛区,104.039898,30.688174,1
和圣缘茶府,catering,餐饮服务;茶艺馆;茶艺馆,金牛区,104.038763,30.684272,4
佳益豪金源酒楼,catering,餐饮服务;中餐厅;浙江菜,金牛区,104.034257,30.689325,1
双兴茶园,catering,餐饮服务;茶艺馆;茶艺馆,金牛区,104.035432,30.681499,1
亿尝虾蟹干锅,catering,餐饮服务;中餐厅;中餐厅,金牛区,104.041603,30.686837,1
叁陆伍外卖,catering,餐饮服务;快餐厅;快餐厅,金牛区,104.041517,30.689426,1
今天我的茶坊,catering,餐饮服务;茶艺馆;茶艺馆,金牛区,104.042235,30.680452,1
春天茶楼,catering,餐饮服务;茶艺馆;茶艺馆,金牛区,104.042989,30.684314,1
近水楼台茶坊(抚琴街),catering,餐饮服务;茶艺馆;茶艺馆,金牛区,104.037045,30.683142,1
熙城苑,catering,餐饮服务;茶艺馆;茶艺馆,金牛区,104.040425,30.685508,1
姐妹饭店,catering,餐饮服务;中餐厅;中餐厅,金牛区,104.051466,30.682025,10
老北京涮羊肉店,catering,餐饮服务;中餐厅;火锅店,金牛区,104.049785,30.686388,4
梦幻甜蜜(玫瑰色的人生),catering,餐饮服务;糕饼店;糕饼店,金牛区,104.052602,30.681161,3
钱饼店,catering,餐饮服务;中餐厅;中餐厅,金牛区,104.047505,30.680306,27
蜀杏食府,catering,餐饮服务;中餐厅;中餐厅,金牛区,104.051221,30.680593,15
斯芙蕾,catering,餐饮服务;中餐厅;特色/地方风味餐厅|餐饮服务;冷饮店;冷饮店,金牛区,104.045538,30.680969,36
渝味,catering,餐饮服务;中餐厅;中餐厅,金牛区,104.045579,30.684626,93
罗姐面庄,catering,餐饮服务;中餐厅;特色/地方风味餐厅,金牛区,104.053483,30.687706,32
溢香土味,catering,餐饮服务;中餐厅;中餐厅,金牛区,104.04409,30.679953,3
三餐园,catering,餐饮服务;中餐厅;中餐厅,金牛区,104.047339,30.685998,30
大蓉和蓉和小厨(马家花园店),catering,餐饮服务;中餐厅;综合酒楼,金牛区,104.0502,30.682581,1
木兹,catering,餐饮服务;糕饼店;糕饼店,金牛区,104.054393,30.681385,49
鑫馨茶坊,catering,餐饮服务;中餐厅;中餐厅,金牛区,104.050154,30.685017,3
人和餐茶吧,catering,餐饮服务;中餐厅;中餐厅,金牛区,104.045824,30.686281,4
利兹披萨,catering,餐饮服务;快餐厅;快餐厅,金牛区,104.044069,30.683346,1
咏嘉老鸭汤,catering,餐饮服务;中餐厅;浙江菜,金牛区,104.051281,30.682782,1
炭阁,catering,餐饮服务;中餐厅;特色/地方风味餐厅,金牛区,104.05043,30.679359,19
大嘴冒菜(金牛店),catering,餐饮服务;中餐厅;中餐厅,金牛区,104.048917,30.686952,5
院坝烧烤,catering,餐饮服务;中餐厅;特色/地方风味餐厅,金牛区,104.048089,30.689043,3
城市奶牛(南薰店),catering,餐饮服务;冷饮店;冷饮店,金牛区,104.047916,30.684592,3
创意小厨,catering,餐饮服务;中餐厅;中餐厅,金牛区,104.053374,30.682896,7
西巢茶府,catering,餐饮服务;茶艺馆;茶艺馆,金牛区,104.04955,30.680219,1
木兹手工烘焙,catering,餐饮服务;糕饼店;糕饼店,金牛区,104.047112,30.681916,1
骨汤香,catering,餐饮服务;中餐厅;中餐厅,金牛区,104.045266,30.682767,1
华味快餐,catering,餐饮服务;快餐厅;快餐厅,金牛区,104.04951,30.680861,2
景清茶社,catering,餐饮服务;茶艺馆;茶艺馆,金牛区,104.052322,30.682758,2
大风炊四川元素火锅(总店),catering,餐饮服务;中餐厅;火锅店,金牛区,104.053125,30.681687,1
向姐饭店,catering,餐饮服务;中餐厅;中餐厅,金牛区,104.045867,30.679741,1
Romantic Coffee(一环路北一段),catering,餐饮服务;咖啡厅;咖啡厅,金牛区,104.049171,30.686517,1
北京烤饼,catering,餐饮服务;中餐厅;中餐厅,金牛区,104.051481,30.689092,1
砂锅米线,catering,餐饮服务;中餐厅;特色/地方风味餐厅,金牛区,104.048923,30.680742,1
锅儿匠干锅烧烤,catering,餐饮服务;中餐厅;特色/地方风味餐厅,金牛区,104.047265,30.687724,1
禾合鑫,catering,餐饮服务;中餐厅;中餐厅,青羊区,104.054536,30.679565,15
小院串串香,catering,餐饮服务;中餐厅;中餐厅,青羊区,104.055903,30.679475,6
邓氏兔头,catering,餐饮服务;中餐厅;中餐厅,金牛区,104.061305,30.688073,26
壩壩家宴,catering,餐饮服务;中餐厅;中餐厅,金牛区,104.054115,30.688701,5
古玩茶社,catering,餐饮服务;茶艺馆;茶艺馆,金牛区,104.059283,30.683765,7
万姐川菜香锅店,catering,餐饮服务;中餐厅;特色/地方风味餐厅,青羊区,104.06129,30.683604,3
河里蟹,catering,餐饮服务;中餐厅;海鲜酒楼,金牛区,104.05616,30.688223,7
玉和茶府,catering,餐饮服务;茶艺馆;茶艺馆,金牛区,104.063145,30.686787,31
旨卖面,catering,餐饮服务;中餐厅;中餐厅,金牛区,104.057279,30.687293,9
林姐面,catering,餐饮服务;中餐厅;中餐厅,金牛区,104.057275,30.682782,33
河边串串,catering,餐饮服务;中餐厅;火锅店,金牛区,104.055955,30.681107,5
周老五炒菜馆,catering,餐饮服务;中餐厅;中餐厅,金牛区,104.062755,30.688683,3
亚洲茶の铺,catering,餐饮服务;茶艺馆;茶艺馆,金牛区,104.058739,30.68076,1
西门罐罐饭,catering,餐饮服务;中餐厅;中餐厅,金牛区,104.057451,30.684232,2
珊瑚酒楼,catering,餐饮服务;中餐厅;综合酒楼,青羊区,104.058829,30.679532,6
四悉茶府,catering,餐饮服务;茶艺馆;茶艺馆,金牛区,104.053969,30.682982,1
君临河畔茶楼,catering,餐饮服务;茶艺馆;茶艺馆,金牛区,104.058433,30.685077,2
蜀娇干杂店,catering,餐饮服务;快餐厅;快餐厅,金牛区,104.056932,30.685726,1
府河茗居茶坊,catering,餐饮服务;茶艺馆;茶艺馆,金牛区,104.058302,30.681021,1
红运私房甜品,catering,餐饮服务;甜品店;甜品店,青羊区,104.059669,30.681158,1
香香否豆,catering,餐饮服务;快餐厅;快餐厅,金牛区,104.058817,30.682418,1
富顺荤豆花,catering,餐饮服务;中餐厅;中餐厅,金牛区,104.056728,30.683986,1
杨氏蒸菜,catering,餐饮服务;中餐厅;中餐厅,金牛区,104.057688,30.681946,2
安且吉私房菜馆,catering,餐饮服务;中餐厅;中餐厅,金牛区,104.057784,30.68556,1
添尚味中餐馆,catering,餐饮服务;中餐厅;中餐厅,金牛区,104.058353,30.684593,1
雅风阁茶餐厅,catering,餐饮服务;快餐厅;茶餐厅,金牛区,104.056873,30.684786,2
五丁苑会所,catering,餐饮服务;休闲餐饮场所;休闲餐饮场所,金牛区,104.060075,30.686201,1
红宫,catering,餐饮服务;中餐厅;中餐厅,金牛区,104.069333,30.68465,5
爱尚烘焙(金牛万达店),catering,餐饮服务;糕饼店;糕饼店,金牛区,104.070605,30.686199,1
立体茶府,catering,餐饮服务;茶艺馆;茶艺馆,金牛区,104.067703,30.684875,2
白马寺茶园,catering,餐饮服务;茶艺馆;茶艺馆,金牛区,104.064489,30.684867,6
河边串串,catering,餐饮服务;中餐厅;火锅店,金牛区,104.071219,30.681115,11
芙蓉国酒家,catering,餐饮服务;中餐厅;综合酒楼,金牛区,104.072316,30.680788,1
吴记面馆,catering,餐饮服务;中餐厅;特色/地方风味餐厅,金牛区,104.070497,30.68446,10
河畔茶楼,catering,餐饮服务;茶艺馆;茶艺馆,青羊区,104.06639,30.681665,2
小驰汇,catering,餐饮服务;中餐厅;四川菜(川菜),金牛区,104.065894,30.683918,16
麒麟阁,catering,餐饮服务;中餐厅;综合酒楼,金牛区,104.070928,30.687343,6
江大老灶火锅,catering,餐饮服务;中餐厅;火锅店,青羊区,104.068658,30.679931,4
黄焖鸡米饭,catering,餐饮服务;中餐厅;中餐厅,金牛区,104.072392,30.687607,8
安德鲁森(万福桥店),catering,餐饮服务;糕饼店;糕饼店,金牛区,104.069151,30.681317,1
天妃鸡汤,catering,餐饮服务;中餐厅;中餐厅,青羊区,104.067844,30.680159,3
梨园祥,catering,餐饮服务;中餐厅;综合酒楼,金牛区,104.070131,30.68156,8
优可,catering,餐饮服务;冷饮店;冷饮店,金牛区,104.065961,30.688119,5
阳茗冒菜,catering,餐饮服务;中餐厅;中餐厅,金牛区,104.067536,30.683621,9
成矿餐厅,catering,餐饮服务;中餐厅;中餐厅,金牛区,104.072872,30.686992,1
悦缘茶坊,catering,餐饮服务;茶艺馆;茶艺馆,金牛区,104.06695,30.682768,3
实惠快餐,catering,餐饮服务;快餐厅;快餐厅,青羊区,104.0676,30.680794,2
书苑茶楼,catering,餐饮服务;茶艺馆;茶艺馆,青羊区,104.069102,30.67935,4
特色饭店,catering,餐饮服务;中餐厅;中餐厅,青羊区,104.07039,30.679354,6
五福楼,catering,餐饮服务;中餐厅;中餐厅,金牛区,104.067569,30.685429,2
九寨磨坊,catering,餐饮服务;甜品店;甜品店,金牛区,104.070792,30.682729,1
阳澄湖大闸蟹(人民北路都订购店),catering,餐饮服务;中餐厅;浙江菜,金牛区,104.070149,30.687423,1
稀饭蒸饺,catering,餐饮服务;中餐厅;特色/地方风味餐厅,金牛区,104.073335,30.683771,1
水上天茶坊,catering,餐饮服务;茶艺馆;茶艺馆,金牛区,104.06901,30.681904,1
馄饨蒸饺王,catering,餐饮服务;中餐厅;特色/地方风味餐厅,金牛区,104.063674,30.688988,2
四川省林业中心医院食堂,catering,餐饮服务;中餐厅;中餐厅,金牛区,104.06479,30.685482,1
红宫鲜食坊,catering,餐饮服务;中餐厅;中餐厅,金牛区,104.068307,30.684533,1
成铁局机关食堂,catering,餐饮服务;中餐厅;中餐厅,金牛区,104.068834,30.688524,1
顺贤快餐,catering,餐饮服务;中餐厅;中餐厅,金牛区,104.065342,30.686322,1
清韵,catering,餐饮服务;中餐厅;中餐厅|餐饮服务;甜品店;甜品店,金牛区,104.079325,30.686445,144
士林小站,catering,餐饮服务;中餐厅;中餐厅,金牛区,104.078605,30.685293,7
聪明龙虾,catering,餐饮服务;中餐厅;海鲜酒楼,金牛区,104.079099,30.682148,3
啡语,catering,餐饮服务;休闲餐饮场所;休闲餐饮场所,金牛区,104.083043,30.684115,29
九龙王锅魁,catering,餐饮服务;中餐厅;中餐厅,金牛区,104.081381,30.688148,6
豌豆面,catering,餐饮服务;中餐厅;中餐厅,金牛区,104.081013,30.684365,6
鸣苑,catering,餐饮服务;中餐厅;中餐厅,金牛区,104.079698,30.680299,125
香孜肴面,catering,餐饮服务;中餐厅;中餐厅,金牛区,104.079275,30.683265,5
力力汉堡,catering,餐饮服务;快餐厅;快餐厅,金牛区,104.074569,30.679493,5
口蘑王宜宾燃面,catering,餐饮服务;中餐厅;中餐厅,金牛区,104.082912,30.679091,4
牙尖,catering,餐饮服务;中餐厅;中餐厅,金牛区,104.087197,30.685753,179
嘟嘟茶,catering,餐饮服务;冷饮店;冷饮店,金牛区,104.076998,30.685988,14
无名包子,catering,餐饮服务;中餐厅;特色/地方风味餐厅,金牛区,104.077776,30.687982,3
正宗富顺豆花,catering,餐饮服务;快餐厅;快餐厅,金牛区,104.083092,30.682715,1
家常菜,catering,餐饮服务;中餐厅;中餐厅,金牛区,104.074298,30.687129,3
陈姐盒饭,catering,餐饮服务;快餐厅;快餐厅,金牛区,104.07435,30.68355,3
黎福包子(梁家巷店),catering,餐饮服务;中餐厅;中餐厅,金牛区,104.075219,30.686959,1
赛蒙滋过桥米线,catering,餐饮服务;中餐厅;特色/地方风味餐厅,金牛区,104.081726,30.686524,4
微光森林cake,catering,餐饮服务;糕饼店;糕饼店,金牛区,104.073777,30.679892,1
晚晴小吃部,catering,餐饮服务;快餐厅;快餐厅,金牛区,104.073581,30.684913,1
茗源茶坊,catering,餐饮服务;茶艺馆;茶艺馆,金牛区,104.078308,30.688393,2
蒙顶甘露茶府,catering,餐饮服务;茶艺馆;茶艺馆,金牛区,104.081425,30.688753,1
城北茶园(花圃北路),catering,餐饮服务;茶艺馆;茶艺馆,金牛区,104.075656,30.685372,1
熙临商务茶楼,catering,餐饮服务;茶艺馆;茶艺馆,金牛区,104.075645,30.686308,1
张记便民快餐,catering,餐饮服务;中餐厅;中餐厅,金牛区,104.082025,30.685363,1
好东西,catering,餐饮服务;中餐厅;火锅店,金牛区,104.08045,30.681489,2
蜀耗子火锅,catering,餐饮服务;中餐厅;火锅店,金牛区,104.0791,30.68477,1
欧式蛋糕,catering,餐饮服务;糕饼店;糕饼店,金牛区,104.080161,30.679378,1
个露天面馆,catering,餐饮服务;中餐厅;中餐厅,金牛区,104.08141,30.684932,3
三利茶楼,catering,餐饮服务;茶艺馆;茶艺馆,金牛区,104.077122,30.689166,3
华西集团新建食堂,catering,餐饮服务;中餐厅;中餐厅,金牛区,104.078775,30.680132,1
一品涮,catering,餐饮服务;中餐厅;火锅店,成华区,104.092276,30.680465,78
焱铁烧,catering,餐饮服务;中餐厅;特色/地方风味餐厅,成华区,104.091319,30.687566,25
川普寨,catering,餐饮服务;中餐厅;火锅店,成华区,104.090948,30.689034,4
茂茂冒,catering,餐饮服务;中餐厅;中餐厅,金牛区,104.088993,30.686961,28
燕归来,catering,餐饮服务;休闲餐饮场所;休闲餐饮场所|餐饮服务;茶艺馆;茶艺馆,成华区,104.089861,30.680834,30
老灶故事,catering,餐饮服务;中餐厅;火锅店,金牛区,104.084769,30.679616,33
家常面,catering,餐饮服务;快餐厅;快餐厅,成华区,104.093451,30.682337,46
州江小吃,catering,餐饮服务;中餐厅;特色/地方风味餐厅,金牛区,104.086062,30.681721,2
香叶草(马鞍东路店),catering,餐饮服务;中餐厅;中餐厅,金牛区,104.089014,30.679428,1
逸果,catering,餐饮服务;冷饮店;冷饮店,金牛区,104.090407,30.679213,14
猪肝面,catering,餐饮服务;中餐厅;中餐厅,成华区,104.092087,30.684959,14
怡香,catering,餐饮服务;茶艺馆;茶艺馆,成华区,104.090659,30.686386,9
美蛙馆,catering,餐饮服务;中餐厅;中餐厅,金牛区,104.088335,30.679367,7
树蓓小厨,catering,餐饮服务;中餐厅;中餐厅,金牛区,104.087397,30.68669,2
早餐到,catering,餐饮服务;中餐厅;中餐厅,金牛区,104.087721,30.681191,12
何记家常川菜馆(李家沱店),catering,餐饮服务;中餐厅;四川菜(川菜),金牛区,104.085214,30.684853,1
菠萝摊(成都普瑞眼科医院前),catering,餐饮服务;中餐厅;特色/地方风味餐厅,金牛区,104.085952,30.68267,1
无名滴油水饺,catering,餐饮服务;中餐厅;特色/地方风味餐厅,成华区,104.087667,30.683004,1
邓哥卤菜拌菜,catering,餐饮服务;中餐厅;特色/地方风味餐厅,成华区,104.087673,30.68234,1
满座,catering,餐饮服务;茶艺馆;茶艺馆,成华区,104.093213,30.686176,13
凤妹茶楼,catering,餐饮服务;茶艺馆;茶艺馆,金牛区,104.087345,30.687321,1
新荣茶园,catering,餐饮服务;茶艺馆;茶艺馆,金牛区,104.086177,30.684995,1
鑫同心茶坊,catering,餐饮服务;茶艺馆;茶艺馆,金牛区,104.085703,30.68106,3
幺店子一号老卤,catering,餐饮服务;快餐厅;快餐厅,成华区,104.088363,30.68326,1
阿波面馆,catering,餐饮服务;中餐厅;中餐厅,金牛区,104.089517,30.688514,3
的士餐厅,catering,餐饮服务;中餐厅;中餐厅,金牛区,104.084232,30.68435,1
安祺高酒店-餐厅,catering,餐饮服务;中餐厅;中餐厅,金牛区,104.085081,30.683078,2
廊桥,catering,餐饮服务;中餐厅;综合酒楼,成华区,104.093035,30.688152,1
好又来饭店,catering,餐饮服务;快餐厅;快餐厅,成华区,104.086872,30.682136,1
一品香酥千层饼,catering,餐饮服务;糕饼店;糕饼店,金牛区,104.08353,30.688853,1
东北人家水饺,catering,餐饮服务;中餐厅;特色/地方风味餐厅,金牛区,104.086877,30.68472,1
武侯区周四哥食品店,catering,餐饮服务;快餐厅;快餐厅,金牛区,104.083714,30.682859,1
川中特色小吃,catering,餐饮服务;中餐厅;中餐厅,金牛区,104.086607,30.680283,2
湄州湾海鲜,catering,餐饮服务;中餐厅;中餐厅,金牛区,104.085587,30.688863,3
开心吃点(树蓓巷),catering,餐饮服务;中餐厅;中餐厅,金牛区,104.088506,30.688096,1
后甜,catering,餐饮服务;咖啡厅;咖啡厅,成华区,104.101704,30.68306,11
森林食坊,catering,餐饮服务;中餐厅;中餐厅,成华区,104.102897,30.686583,11
渴了寞,catering,餐饮服务;冷饮店;冷饮店,成华区,104.103053,30.687836,3
鐘鲶鱼,catering,餐饮服务;中餐厅;中餐厅,成华区,104.097819,30.684993,29
浅岛精致料理,catering,餐饮服务;外国餐厅;日本料理,成华区,104.10347,30.685398,3
元祖食品(桃蹊店),catering,餐饮服务;糕饼店;糕饼店,成华区,104.103299,30.68293,1
青春火锅,catering,餐饮服务;中餐厅;火锅店,成华区,104.102109,30.68231,6
一味长,catering,餐饮服务;中餐厅;中餐厅,成华区,104.103257,30.688861,15
佳家乐,catering,餐饮服务;中餐厅;火锅店,成华区,104.100125,30.686423,22
顺和鱼庄(秀苑东路),catering,餐饮服务;中餐厅;海鲜酒楼,成华区,104.102137,30.679598,1
风华餐厅,catering,餐饮服务;中餐厅;中餐厅,成华区,104.09825,30.679502,7
澳美烘培(电子科大店),catering,餐饮服务;糕饼店;糕饼店,成华区,104.097791,30.681807,1
醉茶,catering,餐饮服务;茶艺馆;茶艺馆,成华区,104.098463,30.684041,12
馨雅坊,catering,餐饮服务;茶艺馆;茶艺馆,成华区,104.100347,30.680179,20
非常食客(玛塞城店),catering,餐饮服务;快餐厅;快餐厅,成华区,104.099726,30.687323,1
77龙虾,catering,餐饮服务;快餐厅;快餐厅,成华区,104.097178,30.681829,2
鑫业印象茶府,catering,餐饮服务;茶艺馆;茶艺馆,成华区,104.09486,30.685377,2
陈小姐的私房菜,catering,餐饮服务;中餐厅;中餐厅,成华区,104.100864,30.683782,4
宜宾燃面(桃磎店),catering,餐饮服务;中餐厅;中餐厅,成华区,104.102985,30.684395,4
百味屋,catering,餐饮服务;冷饮店;冷饮店|购物服务;购物相关场所;购物相关场所,成华区,104.097354,30.679866,3
好家乡茶楼,catering,餐饮服务;茶艺馆;茶艺馆,成华区,104.098624,30.681007,4
青春集结地(踏水桥北街店),catering,餐饮服务;快餐厅;快餐厅,成华区,104.099833,30.680883,1
雕酱沟古蔺麻辣鸡,catering,餐饮服务;中餐厅;特色/地方风味餐厅,成华区,104.102491,30.687592,1
麻辣不二家私房菜(建设路店),catering,餐饮服务;中餐厅;火锅店,成华区,104.101428,30.68438,2
私房砂锅米线,catering,餐饮服务;中餐厅;中餐厅,成华区,104.100926,30.685084,6
卷胡子的喵窝,catering,餐饮服务;咖啡厅;咖啡厅,成华区,104.098781,30.686276,1
品茗棋牌咖啡,catering,餐饮服务;咖啡厅;咖啡厅,成华区,104.094271,30.685013,1
惠民家常菜,catering,餐饮服务;中餐厅;四川菜(川菜),成华区,104.101043,30.687746,1
古蔺麻辣鸡,catering,餐饮服务;快餐厅;快餐厅,成华区,104.096067,30.687158,1
杨记肥肠一绝,catering,餐饮服务;快餐厅;快餐厅,成华区,104.096812,30.683528,1
sport fit私人定制餐,catering,餐饮服务;快餐厅;快餐厅,成华区,104.099467,30.681669,1
异国风味料理店,catering,餐饮服务;中餐厅;中餐厅,成华区,104.102295,30.682982,1
豪丰酒店餐饮部,catering,餐饮服务;中餐厅;中餐厅,成华区,104.097968,30.686375,1
蔡氏简阳羊肉汤(总店),catering,餐饮服务;中餐厅;中餐厅,成华区,104.09672,30.682177,1
香椿林茶楼,catering,餐饮服务;茶艺馆;茶艺馆,成华区,104.106628,30.680894,4
快乐,catering,餐饮服务;快餐厅;快餐厅,成华区,104.112202,30.683978,65
美味送,catering,餐饮服务;快餐厅;快餐厅,成华区,104.111929,30.682499,11
明绅茶楼,catering,餐饮服务;茶艺馆;茶艺馆,成华区,104.104283,30.683042,4
德克士(世纪联华店),catering,餐饮服务;快餐厅;快餐厅,成华区,104.113464,30.680279,1
小小吃,catering,餐饮服务;中餐厅;中餐厅|餐饮服务;快餐厅;快餐厅,成华区,104.106677,30.684173,30
安德鲁森(桃蹊路店),catering,餐饮服务;糕饼店;糕饼店,成华区,104.108185,30.68602,1
老砂锅,catering,餐饮服务;中餐厅;中餐厅,成华区,104.106181,30.686173,47
重庆串串,catering,餐饮服务;中餐厅;中餐厅,成华区,104.109906,30.685514,4
包工坊,catering,餐饮服务;快餐厅;快餐厅,成华区,104.112204,30.687527,7
重庆弓虽昌焖烧鸡,catering,餐饮服务;中餐厅;四川菜(川菜),成华区,104.111801,30.681326,1
刘记美蛙鱼头自助火锅,catering,餐饮服务;中餐厅;火锅店,成华区,104.108137,30.681427,1
稳当茶坊,catering,餐饮服务;茶艺馆;茶艺馆,成华区,104.104965,30.688246,8
和庭茶坊,catering,餐饮服务;茶艺馆;茶艺馆,成华区,104.107789,30.685209,3
八里春风茶府,catering,餐饮服务;茶艺馆;茶艺馆,成华区,104.108955,30.686524,6
站台中餐,catering,餐饮服务;中餐厅;中餐厅,成华区,104.104079,30.681579,3
爵娃冷吃兔,catering,餐饮服务;中餐厅;特色/地方风味餐厅,成华区,104.112762,30.681123,2
湘记轩,catering,餐饮服务;中餐厅;中餐厅,成华区,104.103751,30.682217,6
火焱烤吧,catering,餐饮服务;中餐厅;特色/地方风味餐厅,成华区,104.108759,30.68168,4
李庄羊肉汤锅,catering,餐饮服务;中餐厅;中餐厅,成华区,104.10444,30.685138,2
九妹饭店,catering,餐饮服务;中餐厅;中餐厅,成华区,104.108098,30.686699,4
爱尚冒菜,catering,餐饮服务;快餐厅;快餐厅,成华区,104.105221,30.688857,3
竹居,catering,餐饮服务;茶艺馆;茶艺馆,成华区,104.110065,30.680606,13
众意,catering,餐饮服务;中餐厅;中餐厅,成华区,104.105192,30.680179,10
山西小王面点,catering,餐饮服务;中餐厅;特色/地方风味餐厅,成华区,104.11163,30.685001,1
仁和茶府(双建路),catering,餐饮服务;茶艺馆;茶艺馆,成华区,104.113437,30.680879,3
简阳羊肉汤,catering,餐饮服务;中餐厅;中餐厅,成华区,104.109419,30.684044,1
清莹茶社,catering,餐饮服务;茶艺馆;茶艺馆,成华区,104.111699,30.679697,3
心怡茶坊(桃源街店),catering,餐饮服务;茶艺馆;茶艺馆,成华区,104.112581,30.685182,1
相逢一笑,catering,餐饮服务;茶艺馆;茶艺馆,成华区,104.107998,30.68385,1
红光冷饮,catering,餐饮服务;冷饮店;冷饮店,成华区,104.105622,30.687508,2
香木园食坊,catering,餐饮服务;中餐厅;中餐厅,成华区,104.108867,30.680127,1
四川名洋咖啡公司,catering,餐饮服务;咖啡厅;咖啡厅,成华区,104.105549,30.681907,1
好食汇,catering,餐饮服务;快餐厅;快餐厅,成华区,104.111878,30.689312,1
瓜瓜串串香,catering,餐饮服务;中餐厅;中餐厅,成华区,104.108463,30.682752,1
罈子烤鸭,catering,餐饮服务;中餐厅;中餐厅,成华区,104.104272,30.688836,1
清心茶坊(香木林路),catering,餐饮服务;茶艺馆;茶艺馆,成华区,104.107585,30.681185,1
宽坝子花园火锅(建设店),catering,餐饮服务;中餐厅;火锅店,成华区,104.11444,30.680056,1
鸡店,catering,餐饮服务;中餐厅;中餐厅,成华区,104.120406,30.681861,19
渝味抄手,catering,餐饮服务;中餐厅;中餐厅,成华区,104.115292,30.680774,8
易森活,catering,餐饮服务;快餐厅;快餐厅,成华区,104.119108,30.680997,6
蓉和逸家,catering,餐饮服务;茶艺馆;茶艺馆,成华区,104.119549,30.683492,8
凯澄咖啡,catering,餐饮服务;咖啡厅;咖啡厅,成华区,104.120463,30.684408,6
家常面,catering,餐饮服务;快餐厅;快餐厅,成华区,104.116145,30.68214,24
跑男快餐,catering,餐饮服务;快餐厅;快餐厅,成华区,104.113813,30.679862,2
崔娘烧烤,catering,餐饮服务;中餐厅;特色/地方风味餐厅,成华区,104.118988,30.679871,3
名羊天下羊肉馆,catering,餐饮服务;中餐厅;火锅店,成华区,104.120163,30.680848,1
色尔咖啡,catering,餐饮服务;咖啡厅;咖啡厅,成华区,104.121268,30.683088,2
小味食品店,catering,餐饮服务;快餐厅;快餐厅,成华区,104.114073,30.682936,1
崇德面店,catering,餐饮服务;中餐厅;中餐厅,成华区,104.122039,30.68241,6
重庆老五牛肉面(文德店),catering,餐饮服务;中餐厅;四川菜(川菜),成华区,104.11835,30.681799,3
鑫森茶坊,catering,餐饮服务;茶艺馆;茶艺馆,成华区,104.115922,30.68417,6
牛肉面刀削面,catering,餐饮服务;中餐厅;中餐厅,成华区,104.116081,30.68123,3
文德茶社,catering,餐饮服务;茶艺馆;茶艺馆,成华区,104.118608,30.682513,1
绿叶饭店(二仙桥西北路),catering,餐饮服务;中餐厅;中餐厅,成华区,104.116392,30.689232,1
徐记口蘑包,catering,餐饮服务;中餐厅;中餐厅,成华区,104.120735,30.685418,5
刘记家常菜(中环路二仙桥西路段),catering,餐饮服务;中餐厅;中餐厅,成华区,104.11918,30.68712,1
咖啡工坊(成华店),catering,餐饮服务;咖啡厅;咖啡厅,成华区,104.117437,30.687012,2
魏记查渣面肥肠血旺(中环路二仙桥西路段),catering,餐饮服务;中餐厅;中餐厅,成华区,104.116317,30.688737,1
新星,catering,餐饮服务;咖啡厅;咖啡厅,成华区,104.122749,30.6837,2
眼哥面馆,catering,餐饮服务;中餐厅;中餐厅,成华区,104.117594,30.687764,3
刘记鲜肉卤肉,catering,餐饮服务;中餐厅;中餐厅,成华区,104.11368,30.686483,1
蜀客锅庄,catering,餐饮服务;中餐厅;火锅店,成华区,104.132259,30.677882,31
素椒面,catering,餐饮服务;中餐厅;中餐厅,成华区,104.132266,30.681903,12
宜宾燃面(二仙桥店),catering,餐饮服务;中餐厅;中餐厅,成华区,104.124585,30.683279,1
JOY翻糖屋手工烘焙,catering,餐饮服务;糕饼店;糕饼店,成华区,104.123774,30.681851,1
渔家院子,catering,餐饮服务;中餐厅;海鲜酒楼,成华区,104.130279,30.68754,2
三官堂羊肉汤,catering,餐饮服务;中餐厅;中餐厅,成华区,104.128818,30.687844,3
品味鲜川菜馆,catering,餐饮服务;中餐厅;四川菜(川菜),成华区,104.128495,30.684647,3
好口福面庄(下涧槽路),catering,餐饮服务;中餐厅;中餐厅,成华区,104.132893,30.682426,3
雅馨阁(华西雅筑南区东),catering,餐饮服务;中餐厅;中餐厅,成华区,104.132309,30.68691,1
乐乐园饭店,catering,餐饮服务;中餐厅;中餐厅,成华区,104.128853,30.679834,2
菜根鲜,catering,餐饮服务;中餐厅;中餐厅,成华区,104.126037,30.684637,2
豌豆面,catering,餐饮服务;快餐厅;快餐厅,成华区,104.127916,30.686888,1
金版卤肉面,catering,餐饮服务;中餐厅;中餐厅,成华区,104.123916,30.682955,1
知猪侠,catering,餐饮服务;快餐厅;快餐厅,成华区,104.137549,30.681302,10
炜炜鸭脑壳(下涧槽路),catering,餐饮服务;中餐厅;中餐厅,成华区,104.135312,30.684835,3
虹口烤兔,catering,餐饮服务;中餐厅;中餐厅,成华区,104.140453,30.679548,2
广阁缘,catering,餐饮服务;中餐厅;中餐厅,成华区,104.138382,30.680386,9
九龙王,catering,餐饮服务;中餐厅;中餐厅,成华区,104.137393,30.685648,14
溢鲜居,catering,餐饮服务;中餐厅;中餐厅,成华区,104.138038,30.684109,16
聚蓉园,catering,餐饮服务;中餐厅;中餐厅,成华区,104.139604,30.683534,20
碗碗香,catering,餐饮服务;中餐厅;中餐厅,成华区,104.135582,30.682691,9
香滋味冒菜馆,catering,餐饮服务;中餐厅;中餐厅,成华区,104.134359,30.68052,1
天下第一粉,catering,餐饮服务;中餐厅;特色/地方风味餐厅,成华区,104.137222,30.67928,4
清真餐馆,catering,餐饮服务;中餐厅;清真菜馆,成华区,104.134155,30.683691,3
汇茗轩(华林三路),catering,餐饮服务;茶艺馆;茶艺馆,成华区,104.141123,30.68482,1
品味轩,catering,餐饮服务;中餐厅;中餐厅,成华区,104.139149,30.685546,5
玉石之家茶餐,catering,餐饮服务;中餐厅;清真菜馆,成华区,104.139402,30.685075,3
姐妹面馆,catering,餐饮服务;中餐厅;中餐厅,成华区,104.134426,30.68549,19
元小妹兔兔,catering,餐饮服务;快餐厅;快餐厅,成华区,104.136605,30.68385,1
达州面馆(华林店),catering,餐饮服务;快餐厅;快餐厅,成华区,104.136437,30.684867,1
丹丹小吃(华林一路),catering,餐饮服务;中餐厅;中餐厅,成华区,104.138999,30.688637,1
简阳羊肉汤(成都机车厂生活小区西南),catering,餐饮服务;中餐厅;中餐厅,成华区,104.134733,30.686564,1
唐二妹牛肉面,catering,餐饮服务;中餐厅;中餐厅,成华区,104.135438,30.681738,1
东海亭,catering,餐饮服务;外国餐厅;日本料理|餐饮服务;中餐厅;中餐厅,成华区,104.15088,30.684531,30
中腾黄焖鸡米饭(理工东苑店),catering,餐饮服务;快餐厅;快餐厅,成华区,104.150078,30.68437,1
K+6中式快餐,catering,餐饮服务;中餐厅;中餐厅,成华区,104.149969,30.68631,1
时代快餐(民兴东路),catering,餐饮服务;中餐厅;中餐厅,成华区,104.146756,30.688782,1
我们的早餐小吃,catering,餐饮服务;中餐厅;特色/地方风味餐厅,成华区,104.146247,30.679801,1
巴西烤肉饭(理工东苑西区北),catering,餐饮服务;外国餐厅;巴西菜,成华区,104.149519,30.686593,1
量串串,catering,餐饮服务;中餐厅;火锅店,成华区,104.15576,30.687571,1
七大周,catering,餐饮服务;快餐厅;快餐厅,成华区,104.155607,30.681353,1
芭比馒头,catering,餐饮服务;中餐厅;中餐厅,成华区,104.156737,30.686944,11
宜宾燃面(民兴北一路),catering,餐饮服务;中餐厅;中餐厅,成华区,104.155726,30.68609,1
乡村炒菜馆,catering,餐饮服务;中餐厅;中餐厅,成华区,104.163426,30.681904,1
金牌卤肉面(民兴路),catering,餐饮服务;中餐厅;中餐厅,成华区,104.157386,30.687702,1
港宏食堂,catering,餐饮服务;中餐厅;中餐厅,成华区,104.163571,30.682603,1
德馨居(东南门店),catering,餐饮服务;中餐厅;中餐厅,成华区,104.178568,30.688122,1
蜀中吴养生板栗鸡(鹏瑞利青羊广场店),catering,餐饮服务;中餐厅;火锅店,青羊区,103.967682,30.671376,1
茶品道,catering,餐饮服务;茶艺馆;茶艺馆,青羊区,103.970966,30.671895,14
二郎跷脚牛肉,catering,餐饮服务;中餐厅;中餐厅,青羊区,103.964854,30.671914,3
和润茶府,catering,餐饮服务;茶艺馆;茶艺馆,青羊区,103.970152,30.674372,9
纸包火烤鱼(培华路),catering,餐饮服务;中餐厅;特色/地方风味餐厅,青羊区,103.967499,30.672583,1
兄弟稀饭庄,catering,餐饮服务;中餐厅;中餐厅,青羊区,103.96574,30.672085,6
八哥汉堡(光华店),catering,餐饮服务;快餐厅;快餐厅,青羊区,103.973025,30.671914,2
甜时手工甜点,catering,餐饮服务;糕饼店;糕饼店,青羊区,103.966982,30.673698,2
聚福缘肥肠鸡,catering,餐饮服务;中餐厅;中餐厅,青羊区,103.972274,30.671946,5
元益烧烤,catering,餐饮服务;中餐厅;特色/地方风味餐厅,青羊区,103.97363,30.672432,9
冒冒冒菜(花语城店),catering,餐饮服务;中餐厅;中餐厅,青羊区,103.96485,30.675646,1
勾魂兔腰,catering,餐饮服务;中餐厅;中餐厅,青羊区,103.964078,30.673646,9
牛英雄老火锅,catering,餐饮服务;中餐厅;火锅店,青羊区,103.97346,30.673469,3
面小轩,catering,餐饮服务;中餐厅;中餐厅,青羊区,103.967818,30.676801,9
四月烘焙(鹏瑞利店),catering,餐饮服务;糕饼店;糕饼店,青羊区,103.964928,30.674723,2
老味面(成都店),catering,餐饮服务;中餐厅;中餐厅,青羊区,103.96725,30.673097,2
贝塔披萨,catering,餐饮服务;外国餐厅;意式菜品餐厅,青羊区,103.965099,30.676861,1
鲁西西牛排,catering,餐饮服务;外国餐厅;外国餐厅,青羊区,103.966312,30.6763,2
韩国料理,catering,餐饮服务;外国餐厅;外国餐厅,青羊区,103.965599,30.67736,1
卤滋卤味,catering,餐饮服务;中餐厅;特色/地方风味餐厅,青羊区,103.971623,30.674363,1
风味面,catering,餐饮服务;中餐厅;中餐厅,青羊区,103.965284,30.676148,3
奔跑便当,catering,餐饮服务;快餐厅;快餐厅,青羊区,103.967789,30.674446,1
牛肉面馄饨王,catering,餐饮服务;中餐厅;中餐厅,青羊区,103.976828,30.674165,9
邰鸭子,catering,餐饮服务;中餐厅;中餐厅,青羊区,103.982159,30.673891,21
和记豆汤饭,catering,餐饮服务;快餐厅;快餐厅,青羊区,103.983808,30.67837,14
快乐吧,catering,餐饮服务;甜品店;甜品店,青羊区,103.981744,30.679491,3
佰味烧烤,catering,餐饮服务;中餐厅;特色/地方风味餐厅,青羊区,103.982632,30.675192,11
大王烧烤,catering,餐饮服务;中餐厅;特色/地方风味餐厅,青羊区,103.975651,30.673861,12
张家滋补蹄花,catering,餐饮服务;快餐厅;快餐厅,青羊区,103.980555,30.677488,1
刘德华串串,catering,餐饮服务;中餐厅;中餐厅,青羊区,103.977239,30.673099,5
宽蓉酒家,catering,餐饮服务;中餐厅;中餐厅,青羊区,103.982448,30.671473,2
友家面馆(中坝街),catering,餐饮服务;中餐厅;中餐厅,青羊区,103.974589,30.674094,2
实惠餐馆,catering,餐饮服务;中餐厅;中餐厅,青羊区,103.979916,30.672053,7
锦鑫小醉,catering,餐饮服务;中餐厅;中餐厅,青羊区,103.982074,30.677979,2
静雅居茶坊,catering,餐饮服务;茶艺馆;茶艺馆,青羊区,103.980482,30.673648,8
九蒸鲜,catering,餐饮服务;中餐厅;中餐厅,青羊区,103.977451,30.671093,4
避风塘(光华大道一段),catering,餐饮服务;冷饮店;冷饮店,青羊区,103.978362,30.67133,1
聚友茶馆(苏坡中路),catering,餐饮服务;茶艺馆;茶艺馆,青羊区,103.983003,30.673216,1
张妈砂锅串串,catering,餐饮服务;中餐厅;火锅店,青羊区,103.974422,30.672288,2
LV串串香(中鹏店),catering,餐饮服务;中餐厅;火锅店,青羊区,103.980831,30.674637,1
乐山叶儿粑泡粑,catering,餐饮服务;中餐厅;特色/地方风味餐厅,青羊区,103.981099,30.672196,1
上海周记(蜀清路店),catering,餐饮服务;糕饼店;糕饼店,青羊区,103.983116,30.678184,1
彭姐鸭头,catering,餐饮服务;中餐厅;中餐厅,青羊区,103.978991,30.671887,1
陈记切面店,catering,餐饮服务;中餐厅;中餐厅,青羊区,103.981642,30.672561,1
欣欣冒菜,catering,餐饮服务;中餐厅;中餐厅,青羊区,103.975214,30.673013,1
青磨房,catering,餐饮服务;外国餐厅;泰国/越南菜品餐厅,青羊区,103.992942,30.678894,16
吃铲花,catering,餐饮服务;中餐厅;中餐厅,青羊区,103.991618,30.674356,57
添一碗牛肉馆,catering,餐饮服务;中餐厅;中餐厅,青羊区,103.992951,30.673156,2
康定红酒店-茶,catering,餐饮服务;茶艺馆;茶艺馆,青羊区,103.991477,30.670027,3
米家,catering,餐饮服务;中餐厅;中餐厅,青羊区,103.991137,30.672195,34
宽庭(光华大道店),catering,餐饮服务;中餐厅;四川菜(川菜),青羊区,103.992976,30.671639,1
真实在,catering,餐饮服务;中餐厅;中餐厅,青羊区,103.988162,30.673658,27
裕源茶楼,catering,餐饮服务;茶艺馆;茶艺馆,青羊区,103.989192,30.673454,4
百宗杀牛场原味火锅(金沙店),catering,餐饮服务;中餐厅;火锅店,青羊区,103.986481,30.678048,1
清波茶府,catering,餐饮服务;茶艺馆;茶艺馆,青羊区,103.985248,30.67731,5
第三极,catering,餐饮服务;中餐厅;中餐厅,青羊区,103.99174,30.677852,2
香韵典故,catering,餐饮服务;茶艺馆;茶艺馆,青羊区,103.989564,30.670309,2
龙堂茶楼,catering,餐饮服务;茶艺馆;茶艺馆,青羊区,103.989217,30.669529,4
百姓院子,catering,餐饮服务;中餐厅;中餐厅,青羊区,103.985991,30.670389,1
王婆仑,catering,餐饮服务;快餐厅;快餐厅,青羊区,103.989224,30.671925,1
缑记家常菜,catering,餐饮服务;中餐厅;中餐厅,青羊区,103.987054,30.670973,1
西豪苑,catering,餐饮服务;茶艺馆;茶艺馆,青羊区,103.983916,30.671156,1
竹青苑,catering,餐饮服务;茶艺馆;茶艺馆,青羊区,103.986244,30.675154,1
逸茶馆,catering,餐饮服务;茶艺馆;茶艺馆,青羊区,103.992448,30.67604,1
汇友茶舍,catering,餐饮服务;茶艺馆;茶艺馆,青羊区,103.987268,30.669507,5
天地缘茶坊(东顺路),catering,餐饮服务;茶艺馆;茶艺馆,青羊区,103.989682,30.674872,1
石棉烧烤(青森街),catering,餐饮服务;中餐厅;特色/地方风味餐厅,青羊区,103.98821,30.672236,3
勇士部落咖啡餐吧,catering,餐饮服务;咖啡厅;咖啡厅,青羊区,103.993772,30.673078,2
青羊区王华小吃店,catering,餐饮服务;快餐厅;快餐厅,青羊区,103.986029,30.677667,1
面王,catering,餐饮服务;快餐厅;快餐厅,青羊区,103.998057,30.672102,201
果然V,catering,餐饮服务;冷饮店;冷饮店,青羊区,103.996706,30.678873,97
重庆风味小吃,catering,餐饮服务;中餐厅;中餐厅,青羊区,103.998696,30.678112,6
马掌门串天下,catering,餐饮服务;中餐厅;火锅店,青羊区,104.00325,30.679179,9
拂晓,catering,餐饮服务;中餐厅;中餐厅,青羊区,104.001372,30.6744,28
云雾茶坊,catering,餐饮服务;茶艺馆;茶艺馆,青羊区,104.00115,30.678963,11
雨河茶舍,catering,餐饮服务;茶艺馆;茶艺馆,青羊区,104.000772,30.676708,4
西村小卤,catering,餐饮服务;快餐厅;快餐厅,青羊区,103.999642,30.675434,13
大渔铁板,catering,餐饮服务;外国餐厅;西餐厅(综合风味),青羊区,104.000639,30.677628,4
大习火锅,catering,餐饮服务;中餐厅;火锅店,青羊区,103.997725,30.676908,12
乡村基(西单商场店),catering,餐饮服务;快餐厅;快餐厅,青羊区,103.998308,30.676258,2
快食尚,catering,餐饮服务;中餐厅;中餐厅,青羊区,103.996637,30.674998,10
糊涂餐吧,catering,餐饮服务;中餐厅;中餐厅,青羊区,104.002846,30.672149,5
盐帮菜,catering,餐饮服务;中餐厅;四川菜(川菜),青羊区,104.001988,30.676843,9
沈小福(西单店),catering,餐饮服务;中餐厅;特色/地方风味餐厅,青羊区,104.000978,30.675306,3
面夫人(苏坡立交店),catering,餐饮服务;快餐厅;快餐厅,青羊区,103.997952,30.675605,3
变脸面,catering,餐饮服务;中餐厅;中餐厅,青羊区,103.997024,30.675716,2
久味香面馆,catering,餐饮服务;中餐厅;特色/地方风味餐厅,青羊区,103.995735,30.669664,2
浅草咖啡,catering,餐饮服务;咖啡厅;咖啡厅,青羊区,104.002722,30.677914,3
埃米莉,catering,餐饮服务;咖啡厅;咖啡厅,青羊区,103.995766,30.67683,4
千元和茶楼,catering,餐饮服务;茶艺馆;茶艺馆,青羊区,104.003488,30.675055,2
金船坊茶楼,catering,餐饮服务;茶艺馆;茶艺馆,青羊区,104.001503,30.676054,5
方姐茶吧,catering,餐饮服务;茶艺馆;茶艺馆,青羊区,103.99505,30.671473,2
麻辣辣,catering,餐饮服务;中餐厅;中餐厅,青羊区,103.996115,30.677606,1
大锅庄风干耗牛肉,catering,餐饮服务;中餐厅;中餐厅|购物服务;购物相关场所;购物相关场所,青羊区,104.001835,30.673244,1
红冒菜,catering,餐饮服务;中餐厅;中餐厅,青羊区,103.998259,30.674705,1
金沙饭店,catering,餐饮服务;中餐厅;四川菜(川菜),青羊区,104.004293,30.678468,8
喜舍,catering,餐饮服务;休闲餐饮场所;休闲餐饮场所|餐饮服务;茶艺馆;茶艺馆,青羊区,104.006831,30.670718,24
奇乐贝尔西饼店(清江中路),catering,餐饮服务;糕饼店;糕饼店,青羊区,104.008502,30.675053,4
重庆渝风老火锅,catering,餐饮服务;中餐厅;火锅店,青羊区,104.006682,30.675275,2
麻辣抄手,catering,餐饮服务;中餐厅;中餐厅,青羊区,104.01165,30.674473,20
吉香隆江猪脚饭,catering,餐饮服务;中餐厅;中餐厅,青羊区,104.005599,30.67161,8
澄乡茶府,catering,餐饮服务;茶艺馆;茶艺馆,青羊区,104.004503,30.671777,11
食客时尚餐厅,catering,餐饮服务;中餐厅;中餐厅,青羊区,104.008691,30.676753,4
枫林小炒,catering,餐饮服务;中餐厅;中餐厅,青羊区,104.010875,30.669702,4
西南财经大学4食堂,catering,餐饮服务;中餐厅;中餐厅,青羊区,104.008804,30.671764,2
宜宾燃面(金沙店),catering,餐饮服务;中餐厅;特色/地方风味餐厅,青羊区,104.009671,30.674088,6
昂世宴府,catering,餐饮服务;中餐厅;综合酒楼,青羊区,104.009855,30.678722,3
顺道小厨,catering,餐饮服务;中餐厅;中餐厅,青羊区,104.005972,30.678738,5
哥伦布冰淇淋(清江中路),catering,餐饮服务;冷饮店;冷饮店,青羊区,104.008259,30.674423,2
佐藤日式卤肉饭,catering,餐饮服务;快餐厅;快餐厅,青羊区,104.007905,30.676486,1
谷坑咖啡,catering,餐饮服务;咖啡厅;咖啡厅,青羊区,104.004996,30.674931,1
味窝,catering,餐饮服务;中餐厅;特色/地方风味餐厅,青羊区,104.012352,30.675713,3
圆圆面包,catering,餐饮服务;糕饼店;糕饼店,青羊区,104.005816,30.674821,1
金色大茶楼,catering,餐饮服务;茶艺馆;茶艺馆,青羊区,104.006454,30.672378,1
溪水阁,catering,餐饮服务;茶艺馆;茶艺馆,青羊区,104.007016,30.678114,5
同福茶坊(光华馨地南),catering,餐饮服务;茶艺馆;茶艺馆,青羊区,104.007466,30.670444,2
齐力花园茶楼,catering,餐饮服务;茶艺馆;茶艺馆,青羊区,104.011855,30.677183,1
成都乐科食品有限公司,catering,餐饮服务;冷饮店;冷饮店,青羊区,104.008965,30.676099,1
馨逸茶坊(金凤路),catering,餐饮服务;茶艺馆;茶艺馆,青羊区,104.00491,30.679162,1
七选茶,catering,餐饮服务;甜品店;甜品店,青羊区,104.010302,30.674067,1
嘉逸茶馆,catering,餐饮服务;茶艺馆;茶艺馆,青羊区,104.01307,30.675822,1
金沙鑫苑茶楼,catering,餐饮服务;茶艺馆;茶艺馆,青羊区,104.007102,30.67614,2
酒·兔,catering,餐饮服务;中餐厅;特色/地方风味餐厅,青羊区,104.013634,30.67395,1
周氏麻辣烧烤,catering,餐饮服务;中餐厅;特色/地方风味餐厅,青羊区,104.009765,30.674606,1
浣花饭店,catering,餐饮服务;中餐厅;中餐厅,青羊区,104.004182,30.674944,2
李记家常味,catering,餐饮服务;中餐厅;中餐厅,青羊区,104.013599,30.677912,2
独角兽,catering,餐饮服务;咖啡厅;咖啡厅,青羊区,104.01749,30.670527,89
万春老卤家常菜(成都店),catering,餐饮服务;中餐厅;中餐厅,青羊区,104.02278,30.679284,2
伊卡冰,catering,餐饮服务;冷饮店;冷饮店,青羊区,104.016675,30.674814,19
茶道,catering,餐饮服务;茶艺馆;茶艺馆,青羊区,104.016709,30.676766,118
乡里面,catering,餐饮服务;中餐厅;中餐厅,青羊区,104.019564,30.673223,5
茶语间,catering,餐饮服务;茶艺馆;茶艺馆,青羊区,104.014877,30.674367,13
竹轩,catering,餐饮服务;茶艺馆;茶艺馆,青羊区,104.021249,30.673499,13
喜香园,catering,餐饮服务;中餐厅;中餐厅,青羊区,104.020842,30.672804,8
烤鱼堂,catering,餐饮服务;中餐厅;特色/地方风味餐厅,青羊区,104.0234,30.671363,41
干一锅,catering,餐饮服务;中餐厅;火锅店,青羊区,104.01849,30.67365,8
布鲁蜜蛋糕西点,catering,餐饮服务;糕饼店;糕饼店,青羊区,104.021075,30.678086,1
双顺餐馆,catering,餐饮服务;中餐厅;中餐厅,青羊区,104.016457,30.673491,2
罗肥羊涮羊肉,catering,餐饮服务;中餐厅;火锅店,青羊区,104.022023,30.672516,3
大观茶楼,catering,餐饮服务;茶艺馆;茶艺馆,青羊区,104.020622,30.678582,4
飞机洽啡,catering,餐饮服务;咖啡厅;咖啡厅,青羊区,104.019622,30.678698,4
点点面(战旗店),catering,餐饮服务;中餐厅;中餐厅,青羊区,104.016461,30.67911,4
欧拉披萨,catering,餐饮服务;快餐厅;快餐厅,青羊区,104.01742,30.67935,3
刘氏私房菜(石人巷),catering,餐饮服务;中餐厅;中餐厅,青羊区,104.023076,30.676962,3
麻抄手(清江店),catering,餐饮服务;中餐厅;特色/地方风味餐厅,青羊区,104.01741,30.673323,6
逗茶,catering,餐饮服务;冷饮店;冷饮店,青羊区,104.022535,30.668273,104
面包印象(西城家园店),catering,餐饮服务;糕饼店;糕饼店,青羊区,104.019911,30.676709,1
好想吃冒菜(二环路西二段店),catering,餐饮服务;中餐厅;中餐厅,青羊区,104.021413,30.67907,1
西南财经大学光华校区校友之家,catering,餐饮服务;咖啡厅;咖啡厅|体育休闲服务;休闲场所;休闲场所,青羊区,104.014197,30.672793,1
厕所串串(西门店),catering,餐饮服务;中餐厅;火锅店,青羊区,104.019403,30.679306,2
禧庆茶楼,catering,餐饮服务;茶艺馆;茶艺馆,青羊区,104.01469,30.677141,6
金芳源茶楼,catering,餐饮服务;茶艺馆;茶艺馆,青羊区,104.018677,30.675236,1
北平楼涮羊肉烤鸭,catering,餐饮服务;中餐厅;火锅店,青羊区,104.019855,30.677914,1
金沙世纪酒店-中餐,catering,餐饮服务;中餐厅;中餐厅,青羊区,104.019742,30.671254,2
盐边羊肉米线,catering,餐饮服务;中餐厅;中餐厅,青羊区,104.019552,30.675727,2
简阳三岔麻羊,catering,餐饮服务;中餐厅;中餐厅,青羊区,104.0212,30.675427,1
姥姥秘制私房美食,catering,餐饮服务;快餐厅;快餐厅,青羊区,104.018637,30.677734,1
贰两多,catering,餐饮服务;中餐厅;中餐厅,青羊区,104.030261,30.673621,38
清江茶楼,catering,餐饮服务;茶艺馆;茶艺馆,青羊区,104.031399,30.670893,3
荆山蓬门,catering,餐饮服务;中餐厅;湖北菜(鄂菜),青羊区,104.029801,30.671315,24
映画茶廊,catering,餐饮服务;茶艺馆;茶艺馆,金牛区,104.032751,30.674063,13
祥云轩茶舍,catering,餐饮服务;茶艺馆;茶艺馆,金牛区,104.032737,30.676688,3
好又香,catering,餐饮服务;快餐厅;快餐厅,青羊区,104.027415,30.677952,2
鸿运来,catering,餐饮服务;中餐厅;中餐厅,金牛区,104.029182,30.67753,10
榕园,catering,餐饮服务;中餐厅;中餐厅,青羊区,104.028455,30.668841,129
烤鱼吧,catering,餐饮服务;中餐厅;特色/地方风味餐厅,青羊区,104.026288,30.678457,5
南蓉,catering,餐饮服务;中餐厅;中餐厅,青羊区,104.025209,30.673195,37
邛崃奶汤面,catering,餐饮服务;中餐厅;特色/地方风味餐厅,青羊区,104.031981,30.670825,1
谷麦园,catering,餐饮服务;中餐厅;中餐厅,青羊区,104.027207,30.670663,11
天天海鲜,catering,餐饮服务;中餐厅;海鲜酒楼,青羊区,104.027543,30.676031,7
杏苑,catering,餐饮服务;茶艺馆;茶艺馆,金牛区,104.033704,30.672806,9
环球嘉艺宴会外卖公司,catering,餐饮服务;外国餐厅;西餐厅(综合风味),金牛区,104.032321,30.675259,1
冰雪屋,catering,餐饮服务;冷饮店;冷饮店,青羊区,104.027696,30.677379,2
老何烧烤始创于1998年,catering,餐饮服务;中餐厅;特色/地方风味餐厅,青羊区,104.026503,30.670828,1
爱品客,catering,餐饮服务;糕饼店;糕饼店,金牛区,104.033831,30.676274,20
保得食堂,catering,餐饮服务;中餐厅;中餐厅,青羊区,104.026966,30.671831,5
雅香园,catering,餐饮服务;中餐厅;特色/地方风味餐厅,青羊区,104.026001,30.673735,1
宜品轩,catering,餐饮服务;中餐厅;中餐厅,青羊区,104.029098,30.670684,1
两棵树茶坊,catering,餐饮服务;茶艺馆;茶艺馆,青羊区,104.028589,30.674094,1
团结包小吃店,catering,餐饮服务;中餐厅;特色/地方风味餐厅,金牛区,104.031015,30.675694,3
聚众香老火锅,catering,餐饮服务;中餐厅;火锅店,青羊区,104.033649,30.670661,5
胡记老家,catering,餐饮服务;中餐厅;火锅店,青羊区,104.031282,30.671631,1
出前,catering,餐饮服务;外国餐厅;日本料理,金牛区,104.041238,30.675775,29
盐香味,catering,餐饮服务;中餐厅;中餐厅,青羊区,104.034463,30.670348,4
独门驿烤肉,catering,餐饮服务;中餐厅;特色/地方风味餐厅,金牛区,104.039531,30.674643,3
秦香莲,catering,餐饮服务;中餐厅;特色/地方风味餐厅,金牛区,104.040289,30.673384,46
蹇菜冒,catering,餐饮服务;中餐厅;中餐厅,金牛区,104.036065,30.675479,32
梅记快餐,catering,餐饮服务;快餐厅;快餐厅,金牛区,104.042781,30.676512,8
狠牛面,catering,餐饮服务;中餐厅;中餐厅,金牛区,104.036422,30.672733,36
高记面,catering,餐饮服务;中餐厅;中餐厅,金牛区,104.039713,30.67135,25
佰味抄手,catering,餐饮服务;中餐厅;中餐厅,金牛区,104.038333,30.678214,3
莲下,catering,餐饮服务;中餐厅;中餐厅,金牛区,104.043606,30.675841,16
适居园,catering,餐饮服务;茶艺馆;茶艺馆,金牛区,104.036767,30.678333,2
冬味面,catering,餐饮服务;中餐厅;中餐厅,金牛区,104.040272,30.67774,6
客喜来,catering,餐饮服务;中餐厅;中餐厅,金牛区,104.039232,30.678379,17
怪老头甜不辣,catering,餐饮服务;快餐厅;快餐厅,金牛区,104.034464,30.678561,1
兰亭蜀韵棋牌,catering,餐饮服务;茶艺馆;茶艺馆,青羊区,104.035292,30.669645,2
蒸蒸糕,catering,餐饮服务;中餐厅;特色/地方风味餐厅,金牛区,104.043481,30.672416,10
杏林餐厅,catering,餐饮服务;中餐厅;综合酒楼,金牛区,104.038277,30.67114,3
宽面王,catering,餐饮服务;快餐厅;快餐厅,金牛区,104.042362,30.670106,29
圣洛雪,catering,餐饮服务;甜品店;甜品店,金牛区,104.038537,30.674668,4
冯姐牛杂火锅,catering,餐饮服务;中餐厅;火锅店,金牛区,104.039158,30.672416,2
秦川肥牛,catering,餐饮服务;中餐厅;火锅店,金牛区,104.038281,30.677092,4
香溢食府,catering,餐饮服务;中餐厅;中餐厅,金牛区,104.036732,30.670457,4
四季茶楼(抚琴店),catering,餐饮服务;茶艺馆;茶艺馆,金牛区,104.037722,30.6767,1
莫非咖啡(枣子巷店),catering,餐饮服务;咖啡厅;咖啡厅,金牛区,104.042934,30.67131,1
好运来蛋糕坊(青羊东二路),catering,餐饮服务;糕饼店;糕饼店,金牛区,104.041978,30.673245,1
和合茶楼(一环路西三段),catering,餐饮服务;茶艺馆;茶艺馆,金牛区,104.038235,30.673824,2
馨雅园,catering,餐饮服务;茶艺馆;茶艺馆,金牛区,104.034505,30.6748,12
优客味丰西饼屋,catering,餐饮服务;糕饼店;糕饼店,金牛区,104.037753,30.670242,2
豪阁茶府,catering,餐饮服务;茶艺馆;茶艺馆,金牛区,104.037679,30.669242,8
成都中医药大学临床医学院职工食堂,catering,餐饮服务;中餐厅;中餐厅,金牛区,104.040934,30.669549,4
正果茶舍,catering,餐饮服务;茶艺馆;茶艺馆,金牛区,104.037234,30.671656,1
清洋茶苑,catering,餐饮服务;茶艺馆;茶艺馆,金牛区,104.042209,30.674512,2
馨园茶楼(一环路西三段),catering,餐饮服务;茶艺馆;茶艺馆,金牛区,104.03817,30.675772,1
古法香卤·张姐面,catering,餐饮服务;中餐厅;中餐厅,金牛区,104.036748,30.671049,1
阿若萨朗音乐餐吧,catering,餐饮服务;中餐厅;中餐厅,金牛区,104.041916,30.675657,1
味道宜宾美味,catering,餐饮服务;中餐厅;特色/地方风味餐厅,金牛区,104.035946,30.670192,1
园林啤酒广场,catering,餐饮服务;中餐厅;中餐厅,青羊区,104.0336,30.669913,1
文化茶园(青羊东二路二巷),catering,餐饮服务;茶艺馆;茶艺馆,金牛区,104.041909,30.673902,1
卡萨奶茶,catering,餐饮服务;甜品店;甜品店,青羊区,104.051272,30.67785,15
闲时,catering,餐饮服务;中餐厅;中餐厅,金牛区,104.045317,30.668646,89
万香汇,catering,餐饮服务;茶艺馆;茶艺馆,金牛区,104.045843,30.672437,42
瓦烤,catering,餐饮服务;中餐厅;特色/地方风味餐厅,青羊区,104.051445,30.670528,185
面面通,catering,餐饮服务;中餐厅;中餐厅,金牛区,104.047476,30.677342,41
森华苑,catering,餐饮服务;茶艺馆;茶艺馆,青羊区,104.050718,30.675484,37
云集,catering,餐饮服务;休闲餐饮场所;休闲餐饮场所,青羊区,104.052741,30.673042,5
包馔,catering,餐饮服务;快餐厅;快餐厅,青羊区,104.054736,30.67559,269
海港城,catering,餐饮服务;中餐厅;综合酒楼,青羊区,104.053779,30.671386,6
贺水饺,catering,餐饮服务;中餐厅;特色/地方风味餐厅,青羊区,104.054714,30.67236,15
不舍,catering,餐饮服务;茶艺馆;茶艺馆,金牛区,104.047735,30.67015,6
瑞欣酒楼,catering,餐饮服务;中餐厅;综合酒楼,金牛区,104.04989,30.677676,1
火冒山胀(实业街),catering,餐饮服务;中餐厅;中餐厅,金牛区,104.046774,30.670598,2
吾辈,catering,餐饮服务;休闲餐饮场所;休闲餐饮场所,青羊区,104.049985,30.673599,22
瑞景酒店茶苑,catering,餐饮服务;茶艺馆;茶艺馆,金牛区,104.045392,30.674716,3
色彩人生(西马棚街),catering,餐饮服务;休闲餐饮场所;休闲餐饮场所,青羊区,104.052711,30.67222,3
任性海鲜,catering,餐饮服务;中餐厅;海鲜酒楼,青羊区,104.054559,30.669768,20
自贡吴抄手,catering,餐饮服务;中餐厅;中餐厅,青羊区,104.053262,30.678749,10
荣昌铺盖面,catering,餐饮服务;中餐厅;中餐厅,金牛区,104.045248,30.67133,9
成都思味特色冒菜(槐树街店),catering,餐饮服务;中餐厅;四川菜(川菜),金牛区,104.046297,30.674515,1
星空西点,catering,餐饮服务;糕饼店;糕饼店,青羊区,104.051239,30.672973,3
尚品佳酒楼茶房,catering,餐饮服务;中餐厅;综合酒楼|餐饮服务;中餐厅;火锅店,金牛区,104.047195,30.674037,2
炑园,catering,餐饮服务;咖啡厅;咖啡厅,金牛区,104.049205,30.675488,11
兰陵茶府,catering,餐饮服务;茶艺馆;茶艺馆,青羊区,104.049795,30.672624,1
清芳居,catering,餐饮服务;茶艺馆;茶艺馆,金牛区,104.047211,30.672155,12
滑滑肉,catering,餐饮服务;中餐厅;中餐厅,金牛区,104.048005,30.676195,8
最小一家烤肉饭(槐树街店),catering,餐饮服务;快餐厅;快餐厅,青羊区,104.051642,30.671819,1
同仁会,catering,餐饮服务;茶艺馆;茶艺馆,青羊区,104.048566,30.670055,1
特色面,catering,餐饮服务;中餐厅;中餐厅,金牛区,104.045722,30.673986,6
西月茶楼,catering,餐饮服务;茶艺馆;茶艺馆,青羊区,104.050315,30.67723,2
桐城茶府,catering,餐饮服务;茶艺馆;茶艺馆,青羊区,104.048964,30.671106,3
沁风阁,catering,餐饮服务;茶艺馆;茶艺馆,金牛区,104.048145,30.671639,2
田园茶馆,catering,餐饮服务;茶艺馆;茶艺馆,青羊区,104.051779,30.673572,1
甜蜜蜜包子,catering,餐饮服务;中餐厅;中餐厅,青羊区,104.053863,30.673648,13
海之水交友茶坊,catering,餐饮服务;茶艺馆;茶艺馆,金牛区,104.047168,30.675204,1
天友茶吧,catering,餐饮服务;茶艺馆;茶艺馆,金牛区,104.048624,30.673918,1
红瓦房,catering,餐饮服务;茶艺馆;茶艺馆,金牛区,104.044268,30.673215,2
鸡排传奇,catering,餐饮服务;快餐厅;快餐厅,青羊区,104.051038,30.672457,1
松子乐吧,catering,餐饮服务;冷饮店;冷饮店,金牛区,104.04628,30.676203,1
小哥外卖,catering,餐饮服务;快餐厅;快餐厅,金牛区,104.04635,30.679363,2
意寿司,catering,餐饮服务;外国餐厅;日本料理,青羊区,104.061951,30.673122,136
静苑茶,catering,餐饮服务;茶艺馆;茶艺馆,青羊区,104.056697,30.674407,9
锦拾甜品,catering,餐饮服务;甜品店;甜品店,青羊区,104.056571,30.671621,1
火车艺术馆,catering,餐饮服务;休闲餐饮场所;休闲餐饮场所,青羊区,104.063106,30.675567,10
红墙记忆,catering,餐饮服务;中餐厅;中餐厅,青羊区,104.057361,30.671308,9
烹火,catering,餐饮服务;中餐厅;中餐厅,青羊区,104.056698,30.672631,18
众意苑茶楼,catering,餐饮服务;茶艺馆;茶艺馆,青羊区,104.060512,30.677602,7
友茗堂商务茶楼(江汉路),catering,餐饮服务;茶艺馆;茶艺馆,青羊区,104.06218,30.676757,2
豪客来(青龙街店),catering,餐饮服务;外国餐厅;西餐厅(综合风味),青羊区,104.060085,30.673251,1
吃的嗨,catering,餐饮服务;快餐厅;快餐厅,青羊区,104.062749,30.671059,9
拉芳舍,catering,餐饮服务;中餐厅;浙江菜,青羊区,104.058949,30.673193,24
重庆江北老灶火锅(通锦桥分店),catering,餐饮服务;中餐厅;火锅店,青羊区,104.057316,30.678961,1
兄弟烧烤,catering,餐饮服务;中餐厅;特色/地方风味餐厅,青羊区,104.058386,30.669595,16
桌桌抄手,catering,餐饮服务;中餐厅;中餐厅,青羊区,104.058843,30.677422,7
Udream Coffee,catering,餐饮服务;咖啡厅;咖啡厅,青羊区,104.063369,30.671135,1
南台月月饼(八宝街店),catering,餐饮服务;糕饼店;糕饼店,青羊区,104.057572,30.67295,1
蜀汇阁酒楼,catering,餐饮服务;中餐厅;综合酒楼,青羊区,104.056948,30.679372,2
家常面,catering,餐饮服务;快餐厅;快餐厅,青羊区,104.064267,30.668358,118
垃圾面,catering,餐饮服务;快餐厅;快餐厅,青羊区,104.058779,30.676354,10
崇州王英渣渣面,catering,餐饮服务;快餐厅;快餐厅,青羊区,104.059156,30.671685,2
粤味轩(成都总店),catering,餐饮服务;中餐厅;广东菜(粤菜),青羊区,104.063194,30.674222,3
银杏树夏,catering,餐饮服务;冷饮店;冷饮店,青羊区,104.05478,30.671198,3
佳好蛋糕,catering,餐饮服务;糕饼店;糕饼店,青羊区,104.063268,30.670362,2
喵其塘,catering,餐饮服务;甜品店;甜品店,青羊区,104.056226,30.674961,1
天天和茶,catering,餐饮服务;茶艺馆;茶艺馆,青羊区,104.056107,30.669903,3
农夫菜馆,catering,餐饮服务;中餐厅;中餐厅,青羊区,104.059448,30.675838,4
武担楼,catering,餐饮服务;中餐厅;综合酒楼,青羊区,104.062483,30.677755,1
牛羊开胃粉,catering,餐饮服务;中餐厅;中餐厅,青羊区,104.058844,30.67837,7
康凯茶庄,catering,餐饮服务;茶艺馆;茶艺馆,青羊区,104.056155,30.673956,1
喵喵奶茶,catering,餐饮服务;冷饮店;冷饮店,青羊区,104.056132,30.670661,3
青羊区聚欢休闲茶园,catering,餐饮服务;茶艺馆;茶艺馆,青羊区,104.055604,30.678806,2
成都市第三人民医院便民店,catering,购物服务;便民商店/便利店;便民商店/便利店|餐饮服务;中餐厅;中餐厅,青羊区,104.060701,30.672009,1
川东王大锅串串(署前街),catering,餐饮服务;中餐厅;火锅店,青羊区,104.062641,30.674761,1
清风苑,catering,餐饮服务;咖啡厅;咖啡厅,青羊区,104.058292,30.675003,1
成都市第三人民医院员工餐厅,catering,餐饮服务;中餐厅;中餐厅,青羊区,104.059903,30.669815,3
成都市第三人民医院食堂,catering,餐饮服务;中餐厅;中餐厅,青羊区,104.059965,30.670381,1
余牛肉(王家塘巷),catering,餐饮服务;中餐厅;中餐厅,青羊区,104.061798,30.676434,1
添意酒楼,catering,餐饮服务;中餐厅;综合酒楼,青羊区,104.066048,30.671985,35
香园,catering,餐饮服务;中餐厅;中餐厅|餐饮服务;茶艺馆;茶艺馆,青羊区,104.070563,30.675854,39
老台湾,catering,餐饮服务;糕饼店;糕饼店,青羊区,104.068262,30.678702,8
白家高记肥肠粉,catering,餐饮服务;中餐厅;中餐厅,青羊区,104.072364,30.67563,2
有乐,catering,餐饮服务;冷饮店;冷饮店,青羊区,104.073997,30.672659,155
雅州茶府,catering,餐饮服务;茶艺馆;茶艺馆,青羊区,104.066615,30.676106,11
玉园,catering,餐饮服务;中餐厅;中餐厅,青羊区,104.074327,30.676541,125
乡香妹,catering,餐饮服务;中餐厅;中餐厅,青羊区,104.06875,30.675291,33
悦蓉咖啡厅,catering,餐饮服务;咖啡厅;咖啡厅,青羊区,104.064763,30.669689,3
上河会馆,catering,餐饮服务;茶艺馆;茶艺馆,青羊区,104.073859,30.678383,12
烤鸭店,catering,餐饮服务;中餐厅;北京菜,青羊区,104.066047,30.674796,9
麦当劳(文武路餐厅),catering,餐饮服务;快餐厅;麦当劳,青羊区,104.071278,30.672537,2
家常面,catering,餐饮服务;快餐厅;快餐厅,青羊区,104.069541,30.672042,51
川爽小吃,catering,餐饮服务;中餐厅;四川菜(川菜),青羊区,104.070505,30.673889,16
王记特色锅魁(金丝街分店),catering,餐饮服务;中餐厅;中餐厅,青羊区,104.068564,30.673831,3
哈虎张记哈尔滨饺子王(锣锅巷店),catering,餐饮服务;中餐厅;特色/地方风味餐厅,青羊区,104.070793,30.671211,1
华煜饭店,catering,餐饮服务;中餐厅;中餐厅,青羊区,104.066309,30.677771,20
三江汇,catering,餐饮服务;休闲餐饮场所;休闲餐饮场所,青羊区,104.065323,30.676277,28
斗麺,catering,餐饮服务;中餐厅;中餐厅,青羊区,104.066507,30.674278,3
灌汤包,catering,餐饮服务;快餐厅;快餐厅,青羊区,104.067156,30.677531,8
蒋姐蹄花,catering,餐饮服务;中餐厅;中餐厅,青羊区,104.064491,30.670357,3
日出茶太,catering,餐饮服务;甜品店;甜品店,青羊区,104.07177,30.671762,3
璞烧烤,catering,餐饮服务;中餐厅;特色/地方风味餐厅,青羊区,104.065717,30.670321,10
舌尖诱惑,catering,餐饮服务;中餐厅;特色/地方风味餐厅,青羊区,104.064364,30.674873,4
丹棱冻粑,catering,餐饮服务;快餐厅;快餐厅,青羊区,104.072577,30.674024,1
龙虾来了(全城虾跑),catering,餐饮服务;中餐厅;特色/地方风味餐厅,青羊区,104.071606,30.67424,1
鱿侠客愤怒大鱿鱼(青羊店),catering,餐饮服务;中餐厅;特色/地方风味餐厅,青羊区,104.068712,30.669844,1
七杯茶,catering,餐饮服务;冷饮店;冷饮店,青羊区,104.072222,30.67256,2
麻品汇,catering,餐饮服务;中餐厅;中餐厅,青羊区,104.07086,30.671916,9
原宿冒菜,catering,餐饮服务;中餐厅;中餐厅,青羊区,104.065821,30.675636,1
圈子茶坊,catering,餐饮服务;茶艺馆;茶艺馆,青羊区,104.066203,30.673213,3
锋尚会茶楼,catering,餐饮服务;茶艺馆;茶艺馆,青羊区,104.073325,30.674182,1
琼英干杂,catering,餐饮服务;中餐厅;中餐厅,青羊区,104.068038,30.670632,3
丁香花,catering,餐饮服务;休闲餐饮场所;休闲餐饮场所,青羊区,104.063719,30.669912,1
乐山印象小面馆,catering,餐饮服务;快餐厅;快餐厅,青羊区,104.070159,30.669746,1
青羊区心粒快餐店,catering,餐饮服务;快餐厅;快餐厅,青羊区,104.063822,30.670597,1
刘记秘制鸭脑壳特色串串香火锅粉脑花,catering,餐饮服务;中餐厅;火锅店,青羊区,104.068056,30.671376,1
缘源面馆,catering,餐饮服务;中餐厅;中餐厅,青羊区,104.07023,30.674598,1
肥猫腿披萨店,catering,餐饮服务;外国餐厅;意式菜品餐厅,青羊区,104.073126,30.677941,1
六和苑,catering,餐饮服务;茶艺馆;茶艺馆,青羊区,104.075938,30.671708,14
茶舍,catering,餐饮服务;茶艺馆;茶艺馆,金牛区,104.081894,30.676964,41
柴炉(北门店),catering,餐饮服务;中餐厅;火锅店,青羊区,104.07651,30.677399,3
珊林阁,catering,餐饮服务;茶艺馆;茶艺馆,青羊区,104.082018,30.669358,187
东方咖啡厅,catering,餐饮服务;咖啡厅;咖啡厅,青羊区,104.076835,30.670239,6
宽汤窄面,catering,餐饮服务;中餐厅;中餐厅,青羊区,104.074411,30.669813,35
面点屋,catering,餐饮服务;快餐厅;快餐厅,青羊区,104.077184,30.6759,9
荣记,catering,餐饮服务;中餐厅;中餐厅,青羊区,104.078993,30.672833,51
桥头煲,catering,餐饮服务;中餐厅;四川菜(川菜),金牛区,104.076734,30.679175,4
欢天寨(太升店),catering,餐饮服务;中餐厅;云贵菜,青羊区,104.080025,30.675024,1
哆哆牛巴氏鲜奶(通顺店),catering,购物服务;综合市场;农副产品市场|餐饮服务;冷饮店;冷饮店,青羊区,104.07774,30.673141,2
乐山烧烤,catering,餐饮服务;中餐厅;特色/地方风味餐厅,青羊区,104.077544,30.671122,12
茗悦荟,catering,餐饮服务;中餐厅;中餐厅,金牛区,104.077467,30.678213,8
肆·拾逸咖啡时光馆,catering,餐饮服务;咖啡厅;咖啡厅,青羊区,104.075493,30.669863,2
90后蜀味拌饭,catering,餐饮服务;外国餐厅;韩国料理,青羊区,104.07851,30.675352,4
晓黄七,catering,餐饮服务;中餐厅;中餐厅,青羊区,104.078544,30.674048,9
鄢姐干杂店,catering,餐饮服务;中餐厅;中餐厅,金牛区,104.081683,30.677886,2
刘孃,catering,餐饮服务;快餐厅;快餐厅,青羊区,104.076229,30.669364,3
小憩茶屋,catering,餐饮服务;茶艺馆;茶艺馆,金牛区,104.081121,30.677523,3
天天鲜卤,catering,餐饮服务;快餐厅;快餐厅,金牛区,104.079575,30.677168,3
四季春排骨米饭,catering,餐饮服务;中餐厅;中餐厅,青羊区,104.080039,30.672353,1
福大安茶房,catering,餐饮服务;茶艺馆;茶艺馆,金牛区,104.076544,30.678464,2
佳逸,catering,餐饮服务;茶艺馆;茶艺馆,金牛区,104.078197,30.677638,6
你好拽冷热锅串串,catering,餐饮服务;中餐厅;特色/地方风味餐厅,青羊区,104.081486,30.674756,1
福满居茶府,catering,餐饮服务;茶艺馆;茶艺馆,金牛区,104.083262,30.675645,1
心语茶楼(东珠市街店),catering,餐饮服务;茶艺馆;茶艺馆,青羊区,104.07775,30.674259,1
蓉湘茶楼(台谊民生大厦南),catering,餐饮服务;茶艺馆;茶艺馆,金牛区,104.075975,30.678918,1
君腾小厨(小关庙街店),catering,餐饮服务;中餐厅;中餐厅,青羊区,104.081483,30.672776,1
石背记,catering,餐饮服务;糕饼店;糕饼店,青羊区,104.077619,30.669542,7
茶悠悠,catering,餐饮服务;茶艺馆;茶艺馆,青羊区,104.076715,30.674898,2
同欣坊,catering,餐饮服务;茶艺馆;茶艺馆,青羊区,104.082713,30.672057,1
鑫贵足茶楼,catering,餐饮服务;茶艺馆;茶艺馆,青羊区,104.082281,30.674676,1
来一火.唐记龙虾馆外卖,catering,餐饮服务;中餐厅;特色/地方风味餐厅,青羊区,104.080607,30.674137,1
和记茶坊,catering,餐饮服务;茶艺馆;茶艺馆,青羊区,104.081669,30.670201,3
食光鸡,catering,餐饮服务;快餐厅;快餐厅,青羊区,104.074512,30.674818,2
利升茶园,catering,餐饮服务;茶艺馆;茶艺馆,青羊区,104.0832,30.672578,2
老扁海鲜大排档,catering,餐饮服务;中餐厅;海鲜酒楼,金牛区,104.075426,30.678879,1
星巴克啥都送,catering,餐饮服务;咖啡厅;咖啡厅,青羊区,104.082104,30.674241,1
双流老妈兔头(星辉中滨河路),catering,餐饮服务;中餐厅;中餐厅,金牛区,104.080489,30.675979,1
老地方茶庄,catering,餐饮服务;茶艺馆;茶艺馆,青羊区,104.083132,30.669417,1
齐海大茶楼,catering,餐饮服务;茶艺馆;茶艺馆,青羊区,104.0773,30.676685,1
宅青年烤肉,catering,餐饮服务;中餐厅;特色/地方风味餐厅,成华区,104.092778,30.675132,10
明婷饭店,catering,餐饮服务;中餐厅;四川菜(川菜),金牛区,104.084416,30.675844,7
百冒居骨汤冒菜(马鞍东路店),catering,餐饮服务;中餐厅;中餐厅,金牛区,104.085343,30.678401,1
气泡,catering,餐饮服务;糕饼店;糕饼店,锦江区,104.088745,30.669649,28
马母仕,catering,餐饮服务;中餐厅;中餐厅,锦江区,104.08642,30.670548,19
良心水饺抄手,catering,餐饮服务;快餐厅;快餐厅,成华区,104.091531,30.675944,3
良牛满赞潮汕牛肉(府青路店),catering,餐饮服务;中餐厅;中餐厅,成华区,104.09236,30.678431,1
蓉和春酒楼,catering,餐饮服务;中餐厅;综合酒楼,成华区,104.088552,30.67278,4
昭忠小吃,catering,餐饮服务;中餐厅;中餐厅,锦江区,104.085976,30.669276,7
安德鲁森(游乐园店),catering,餐饮服务;糕饼店;糕饼店,成华区,104.091573,30.673569,1
张牛肉,catering,餐饮服务;中餐厅;中餐厅,金牛区,104.088958,30.675993,9
天居茶园,catering,餐饮服务;茶艺馆;茶艺馆,成华区,104.089762,30.673004,5
味来食尚,catering,餐饮服务;中餐厅;中餐厅,成华区,104.09077,30.673331,7
聚源兴,catering,餐饮服务;中餐厅;四川菜(川菜),金牛区,104.087015,30.677676,10
白家肥肠粉&军屯锅魁,catering,餐饮服务;中餐厅;中餐厅,金牛区,104.091557,30.678862,4
阳光茶吧,catering,餐饮服务;茶艺馆;茶艺馆,金牛区,104.084817,30.674714,7
苏记烧烤(景馨园西北),catering,餐饮服务;中餐厅;特色/地方风味餐厅,成华区,104.093098,30.669634,2
子虞燕窝,catering,餐饮服务;中餐厅;广东菜(粤菜),成华区,104.093067,30.673416,6
城都面子,catering,餐饮服务;快餐厅;快餐厅,金牛区,104.083675,30.678305,4
成都市第一人民医院餐厅(马镇街),catering,餐饮服务;中餐厅;中餐厅,青羊区,104.084857,30.670902,1
活水茶楼,catering,餐饮服务;茶艺馆;茶艺馆,锦江区,104.087812,30.671924,1
玉锦兰亭茶府,catering,餐饮服务;中餐厅;中餐厅|餐饮服务;茶艺馆;茶艺馆,成华区,104.09092,30.672654,1
至善·兴顺茶府,catering,餐饮服务;茶艺馆;茶艺馆,金牛区,104.087306,30.673237,1
跳跳卤味,catering,餐饮服务;快餐厅;快餐厅,金牛区,104.087141,30.678556,6
汤尼盖阁酒楼,catering,餐饮服务;中餐厅;中餐厅,青羊区,104.083854,30.673355,1
益佳茶坊,catering,餐饮服务;茶艺馆;茶艺馆,成华区,104.093438,30.677775,1
莹华茶坊,catering,餐饮服务;茶艺馆;茶艺馆,青羊区,104.085363,30.670026,1
金牌卤肉面,catering,餐饮服务;中餐厅;中餐厅,金牛区,104.085959,30.677527,3
成都电广播电视大学-多媒体一,catering,餐饮服务;中餐厅;中餐厅,成华区,104.092898,30.674102,1
出租车服务餐厅,catering,餐饮服务;中餐厅;中餐厅,锦江区,104.090073,30.669517,1
夫妻水饺,catering,餐饮服务;中餐厅;特色/地方风味餐厅,金牛区,104.084558,30.678222,1
陈记老字号鸡汤肉粽,catering,餐饮服务;中餐厅;特色/地方风味餐厅,金牛区,104.0853,30.677813,1
雅韵茶府,catering,餐饮服务;茶艺馆;茶艺馆,成华区,104.093707,30.671823,5
遇见面店,catering,餐饮服务;中餐厅;中餐厅,金牛区,104.089972,30.67643,1
火卤卤居酒屋,catering,餐饮服务;外国餐厅;日本料理,金牛区,104.08943,30.679013,1
醉鹅,catering,餐饮服务;中餐厅;特色/地方风味餐厅,成华区,104.103009,30.672491,37
粥传,catering,餐饮服务;中餐厅;中餐厅,成华区,104.096309,30.671579,70
逮丸,catering,餐饮服务;冷饮店;冷饮店,成华区,104.100433,30.672167,302
大碗面,catering,餐饮服务;中餐厅;中餐厅,成华区,104.098244,30.668663,24
冰桔,catering,餐饮服务;冷饮店;冷饮店,成华区,104.095159,30.674881,31
麦田锅魁,catering,餐饮服务;中餐厅;中餐厅,成华区,104.094236,30.671183,3
梧桐语咖啡,catering,餐饮服务;咖啡厅;咖啡厅,成华区,104.095172,30.669782,2
口福面,catering,餐饮服务;中餐厅;中餐厅,成华区,104.101712,30.6766,2
披萨星球,catering,餐饮服务;外国餐厅;意式菜品餐厅,成华区,104.098704,30.674376,1
独一味美食先生,catering,餐饮服务;中餐厅;海鲜酒楼,成华区,104.101598,30.672517,2
胡记面,catering,餐饮服务;中餐厅;特色/地方风味餐厅,成华区,104.095697,30.669978,3
桂花餐厅,catering,餐饮服务;中餐厅;特色/地方风味餐厅,成华区,104.094414,30.676671,2
倪豆花,catering,餐饮服务;中餐厅;特色/地方风味餐厅,成华区,104.09445,30.670084,3
候院,catering,餐饮服务;休闲餐饮场所;休闲餐饮场所,成华区,104.100535,30.679247,1
奇乐贝尔(电子科大配送店),catering,餐饮服务;糕饼店;糕饼店,成华区,104.098905,30.675733,1
7度咖啡,catering,餐饮服务;咖啡厅;咖啡厅,成华区,104.094988,30.677384,1
食味鲜川菜馆(建设北路二段),catering,餐饮服务;中餐厅;四川菜(川菜),成华区,104.103025,30.676955,1
球球休闲吧,catering,餐饮服务;冷饮店;冷饮店,成华区,104.095979,30.673332,3
芳姐兔儿火锅,catering,餐饮服务;中餐厅;火锅店,成华区,104.095062,30.673645,1
开心时光,catering,餐饮服务;冷饮店;冷饮店,成华区,104.093962,30.677975,3
乐记烤玉米(建设巷店),catering,餐饮服务;中餐厅;特色/地方风味餐厅,成华区,104.099187,30.672713,1
蓉城粥品,catering,餐饮服务;中餐厅;中餐厅,成华区,104.106981,30.677572,48
谜尚,catering,餐饮服务;中餐厅;中餐厅,成华区,104.104819,30.673418,34
红杏酒家(明珠店),catering,餐饮服务;中餐厅;四川菜(川菜)|餐饮服务;中餐厅;综合酒楼,成华区,104.107763,30.678449,1
烤贝,catering,餐饮服务;快餐厅;快餐厅,成华区,104.109596,30.67078,75
憨叁,catering,餐饮服务;中餐厅;中餐厅,成华区,104.112425,30.670928,38
港荟,catering,餐饮服务;中餐厅;广东菜(粤菜),成华区,104.106642,30.674248,70
TRUE COFFEE楚记咖啡屋,catering,餐饮服务;咖啡厅;咖啡厅,成华区,104.104058,30.670322,1
馋猫,catering,餐饮服务;中餐厅;特色/地方风味餐厅,成华区,104.108022,30.673713,19
巴巴家,catering,餐饮服务;休闲餐饮场所;休闲餐饮场所|餐饮服务;糕饼店;糕饼店,成华区,104.108871,30.678169,1
三千居茶府,catering,餐饮服务;茶艺馆;茶艺馆,成华区,104.108373,30.676136,5
黄焖鸡,catering,餐饮服务;中餐厅;中餐厅,成华区,104.111968,30.672758,46
春暮里私人咖啡影吧,catering,餐饮服务;咖啡厅;咖啡厅,成华区,104.110835,30.67332,2
晓均兔头,catering,餐饮服务;中餐厅;特色/地方风味餐厅,成华区,104.110403,30.678744,5
清粥小炒,catering,餐饮服务;中餐厅;中餐厅,成华区,104.105049,30.677674,16
铜雀茶府,catering,餐饮服务;茶艺馆;茶艺馆,成华区,104.110584,30.673845,7
百穗西点,catering,餐饮服务;糕饼店;糕饼店,成华区,104.10699,30.675861,3
YOU,catering,餐饮服务;休闲餐饮场所;休闲餐饮场所,成华区,104.10458,30.671104,24
东北饺子,catering,餐饮服务;中餐厅;特色/地方风味餐厅,成华区,104.104733,30.676688,2
XCAKE(成华工作室),catering,餐饮服务;糕饼店;糕饼店,成华区,104.105631,30.674902,1
上席(建设北路三段),catering,餐饮服务;中餐厅;中餐厅,成华区,104.108045,30.678024,2
成成牛杂火锅(建设北路二段店),catering,餐饮服务;中餐厅;火锅店,成华区,104.10375,30.677169,1
家常菜,catering,餐饮服务;中餐厅;中餐厅,成华区,104.105694,30.678784,3
留言小咖,catering,餐饮服务;休闲餐饮场所;休闲餐饮场所,成华区,104.111947,30.677089,5
邓妹手提式串串香(建设中街),catering,餐饮服务;中餐厅;中餐厅,成华区,104.109199,30.672885,1
稀客,catering,餐饮服务;中餐厅;中餐厅,成华区,104.108356,30.669143,44
永利茶府,catering,餐饮服务;茶艺馆;茶艺馆,成华区,104.110255,30.67504,11
云中拾光(万科金域蓝岸店),catering,餐饮服务;咖啡厅;咖啡厅,成华区,104.103865,30.676304,1
汇富生活体验馆,catering,餐饮服务;咖啡厅;咖啡厅,成华区,104.108469,30.672247,1
一刻咖啡,catering,餐饮服务;咖啡厅;咖啡厅,成华区,104.105846,30.67685,2
喜乐,catering,餐饮服务;快餐厅;快餐厅,成华区,104.103607,30.673812,1
可味优kiwiyo(SM广场店),catering,餐饮服务;冷饮店;冷饮店,成华区,104.11035,30.672427,1
火洒洒自贡冷吃兔,catering,餐饮服务;快餐厅;快餐厅,成华区,104.107559,30.671346,1
甲午茶舍,catering,餐饮服务;茶艺馆;茶艺馆,成华区,104.111482,30.669456,2
陈老板私房菜,catering,餐饮服务;中餐厅;中餐厅,成华区,104.105307,30.674122,1
麻辣剑阁土鸡,catering,餐饮服务;中餐厅;中餐厅,成华区,104.109274,30.678923,3
茗门茶府,catering,餐饮服务;茶艺馆;茶艺馆,成华区,104.10833,30.670876,2
香达克汉堡奶茶(建设北路三段),catering,餐饮服务;快餐厅;快餐厅,成华区,104.111376,30.679034,1
秀兰私房,catering,餐饮服务;糕饼店;糕饼店,成华区,104.11,30.676468,2
甄鲜燕-现炖燕窝,catering,餐饮服务;甜品店;甜品店,成华区,104.110703,30.672759,1
来一火A-CUP小火锅(建设店),catering,餐饮服务;快餐厅;快餐厅,成华区,104.107157,30.669494,1
灶王爷干锅老鸭(新新店),catering,餐饮服务;中餐厅;中餐厅,成华区,104.113024,30.673992,1
老地方排档,catering,餐饮服务;中餐厅;特色/地方风味餐厅,成华区,104.107921,30.672174,1
正源火锅,catering,餐饮服务;中餐厅;火锅店,成华区,104.120764,30.676187,4
锦食,catering,餐饮服务;外国餐厅;日本料理,成华区,104.121909,30.67451,93
祥和大排档,catering,餐饮服务;中餐厅;中餐厅,成华区,104.114501,30.674142,15
面小2,catering,餐饮服务;中餐厅;中餐厅,成华区,104.11983,30.672366,6
锦瑟,catering,餐饮服务;中餐厅;广东菜(粤菜),成华区,104.123443,30.673704,24
天桥,catering,餐饮服务;休闲餐饮场所;休闲餐饮场所,成华区,104.119876,30.671607,8
聚极蜀地老火锅,catering,餐饮服务;中餐厅;火锅店,成华区,104.114658,30.671065,2
果果派(东郊记忆店),catering,餐饮服务;甜品店;甜品店,成华区,104.121791,30.672086,2
PITTA,catering,餐饮服务;糕饼店;糕饼店,成华区,104.120652,30.67117,2
木壳,catering,餐饮服务;咖啡厅;咖啡厅,成华区,104.11913,30.670545,4
茗雅苑茶坊,catering,餐饮服务;茶艺馆;茶艺馆,成华区,104.120389,30.674125,3
好多苹果,catering,餐饮服务;中餐厅;中餐厅,成华区,104.120686,30.67054,1
咪咕音乐家,catering,餐饮服务;咖啡厅;咖啡厅,成华区,104.118389,30.671405,6
黄干拌,catering,餐饮服务;快餐厅;快餐厅,成华区,104.120396,30.67345,1
味缘燃面,catering,餐饮服务;中餐厅;中餐厅,成华区,104.120106,30.677383,7
好又来(圣灯路),catering,餐饮服务;快餐厅;快餐厅,成华区,104.119597,30.679038,1
街沿边边干锅,catering,餐饮服务;中餐厅;中餐厅,成华区,104.12285,30.671217,1
麻辣沸腾鱼,catering,餐饮服务;中餐厅;中餐厅,成华区,104.122602,30.67223,2
乡寨肥肠鸡(建设南路分店),catering,餐饮服务;中餐厅;中餐厅,成华区,104.119085,30.672634,1
富顺何记胆水豆花,catering,餐饮服务;快餐厅;快餐厅,成华区,104.119348,30.674622,1
瓜串串,catering,餐饮服务;中餐厅;中餐厅,成华区,104.113566,30.673867,1
家常面,catering,餐饮服务;中餐厅;中餐厅,成华区,104.133796,30.676063,19
老成都风味巧面馆(成都店),catering,餐饮服务;中餐厅;四川菜(川菜),成华区,104.124416,30.677716,1
乐萨客,catering,餐饮服务;快餐厅;快餐厅,成华区,104.125413,30.672194,1
杰克船长比萨,catering,餐饮服务;快餐厅;快餐厅,成华区,104.124525,30.671812,1
茗仁茶庄,catering,餐饮服务;茶艺馆;茶艺馆,成华区,104.128573,30.67835,3
绿草坪茶园,catering,餐饮服务;茶艺馆;茶艺馆,成华区,104.129932,30.679145,1
创业香面,catering,餐饮服务;中餐厅;特色/地方风味餐厅,成华区,104.135248,30.673527,18
子非烤鱼,catering,餐饮服务;中餐厅;中餐厅,成华区,104.13727,30.676494,30
同心苑酒楼,catering,餐饮服务;中餐厅;中餐厅,成华区,104.14149,30.672239,3
烧鸡公,catering,餐饮服务;中餐厅;特色/地方风味餐厅,成华区,104.135397,30.6761,20
果小姐,catering,餐饮服务;甜品店;甜品店,成华区,104.143648,30.678063,41
2元烧烤(理工大学店),catering,餐饮服务;外国餐厅;韩国料理,成华区,104.140491,30.677529,1
鑫鑫饭店(二仙桥北路),catering,餐饮服务;中餐厅;中餐厅,成华区,104.136509,30.678903,1
七星茶坊,catering,餐饮服务;茶艺馆;茶艺馆,成华区,104.136248,30.67114,5
二当家砂锅串串(理工店),catering,餐饮服务;中餐厅;中餐厅,成华区,104.134831,30.671525,2
零点,catering,餐饮服务;快餐厅;快餐厅,成华区,104.140423,30.675581,20
老妈砂锅串串(二仙桥店),catering,餐饮服务;中餐厅;特色/地方风味餐厅,成华区,104.13695,30.677814,1
鲜菜烧烤,catering,餐饮服务;中餐厅;特色/地方风味餐厅,成华区,104.134045,30.674111,4
星火快餐,catering,餐饮服务;快餐厅;快餐厅,成华区,104.143496,30.675633,1
辣妹子串串香,catering,餐饮服务;中餐厅;特色/地方风味餐厅,成华区,104.142204,30.678151,1
李夹夹龙虾馆(理工站),catering,餐饮服务;中餐厅;海鲜酒楼,成华区,104.14334,30.673594,2
有范有面子面点,catering,餐饮服务;快餐厅;快餐厅,成华区,104.140342,30.673888,1
东北冷面馆,catering,餐饮服务;中餐厅;特色/地方风味餐厅,成华区,104.141771,30.679175,1
万顺农庄中餐馆理工大学分店,catering,餐饮服务;中餐厅;中餐厅,成华区,104.136877,30.672463,1
不见不膳,catering,餐饮服务;中餐厅;中餐厅,成华区,104.136135,30.677632,1
好吃哒,catering,餐饮服务;中餐厅;特色/地方风味餐厅,成华区,104.141347,30.674812,1
钞哥外卖,catering,餐饮服务;快餐厅;快餐厅,成华区,104.135551,30.675313,1
菊子维他奶,catering,餐饮服务;甜品店;甜品店,成华区,104.140878,30.679239,1
四川省建筑机械化工程公司职工食堂,catering,餐饮服务;中餐厅;中餐厅,成华区,104.137398,30.671532,1
王牌营养套饭,catering,餐饮服务;快餐厅;快餐厅,成华区,104.139041,30.677476,1
珙桐餐厅,catering,餐饮服务;中餐厅;中餐厅,成华区,104.146312,30.675002,2
四哥卤鸡面,catering,餐饮服务;中餐厅;中餐厅,成华区,104.144901,30.679169,6
汉堡小二,catering,餐饮服务;快餐厅;快餐厅,成华区,104.146361,30.670936,14
干锅居烤鱼,catering,餐饮服务;中餐厅;特色/地方风味餐厅,成华区,104.144156,30.673401,12
飘香烤鱼干锅川菜,catering,餐饮服务;中餐厅;特色/地方风味餐厅,成华区,104.14516,30.672748,1
红房子川菜,catering,餐饮服务;中餐厅;四川菜(川菜),成华区,104.145559,30.672176,4
兄弟煲仔鸡汤饭,catering,餐饮服务;快餐厅;快餐厅,成华区,104.146101,30.678076,1
香樟餐厅,catering,餐饮服务;中餐厅;中餐厅,成华区,104.152015,30.679169,2
一馨一意中西式快餐店,catering,餐饮服务;快餐厅;快餐厅,成华区,104.145021,30.675415,2
营养粥,catering,餐饮服务;快餐厅;快餐厅,成华区,104.145179,30.673697,2
北方名吃肉沫炒凉粉,catering,餐饮服务;中餐厅;特色/地方风味餐厅,成华区,104.14668,30.672592,1
三国快餐,catering,餐饮服务;快餐厅;快餐厅,成华区,104.145989,30.672571,1
菊乐奶屋-理工店,catering,餐饮服务;中餐厅;中餐厅,成华区,104.147248,30.67389,1
福建特色炖品粥店,catering,餐饮服务;中餐厅;特色/地方风味餐厅,成华区,104.14539,30.676556,1
合口味川菜馆,catering,餐饮服务;中餐厅;四川菜(川菜),成华区,104.166614,30.678281,1
彩乐园,catering,餐饮服务;休闲餐饮场所;休闲餐饮场所,武侯区,103.971759,30.660458,1
西门兔火锅,catering,餐饮服务;中餐厅;火锅店,武侯区,103.964023,30.665093,2
鸿福特色土菜馆,catering,餐饮服务;中餐厅;中餐厅,青羊区,103.973573,30.668635,2
彭州周猪头,catering,餐饮服务;中餐厅;中餐厅,青羊区,103.966202,30.667793,5
开心茶餐,catering,餐饮服务;快餐厅;茶餐厅,青羊区,103.971848,30.668631,5
盖碗茶,catering,餐饮服务;茶艺馆;茶艺馆,青羊区,103.967634,30.660738,3
史太婆冷锅鱼,catering,餐饮服务;中餐厅;海鲜酒楼,青羊区,103.965046,30.666613,1
廖半夜饭店,catering,餐饮服务;中餐厅;中餐厅,青羊区,103.969874,30.665407,1
四海餐馆(万家东干道),catering,餐饮服务;中餐厅;中餐厅,青羊区,103.969055,30.66593,1
麦琪糕点,catering,餐饮服务;糕饼店;糕饼店,青羊区,103.969829,30.663644,2
麦香面,catering,餐饮服务;快餐厅;快餐厅,青羊区,103.974051,30.664513,5
如意饭店,catering,餐饮服务;中餐厅;中餐厅,青羊区,103.966888,30.660303,3
汀客粉,catering,餐饮服务;中餐厅;中餐厅,青羊区,103.965525,30.667236,1
食全久美(万柳路),catering,餐饮服务;中餐厅;中餐厅,青羊区,103.970492,30.664396,1
张姐休闲娱乐茶馆,catering,餐饮服务;茶艺馆;茶艺馆,青羊区,103.968576,30.66217,1
上道首座大茶楼,catering,餐饮服务;中餐厅;综合酒楼|餐饮服务;茶艺馆;茶艺馆,武侯区,103.97615,30.662617,3
九嫂面馆,catering,餐饮服务;中餐厅;中餐厅,青羊区,103.978142,30.668245,9
U家,catering,餐饮服务;快餐厅;快餐厅,青羊区,103.976777,30.66735,44
紫燕百味鸡(14029培风店),catering,餐饮服务;中餐厅;特色/地方风味餐厅,青羊区,103.978913,30.664011,1
乡村柴房,catering,餐饮服务;中餐厅;火锅店,青羊区,103.978011,30.661578,32
面食坊,catering,餐饮服务;中餐厅;中餐厅,青羊区,103.977605,30.663214,6
润和苑,catering,餐饮服务;中餐厅;中餐厅,武侯区,103.983645,30.661303,5
友逸佳中餐馆,catering,餐饮服务;中餐厅;中餐厅,青羊区,103.974734,30.66855,1
香卤传奇,catering,餐饮服务;中餐厅;中餐厅,青羊区,103.98161,30.665495,1
香凝茗,catering,餐饮服务;茶艺馆;茶艺馆,青羊区,103.976239,30.666361,2
一品源,catering,餐饮服务;咖啡厅;咖啡厅,青羊区,103.978566,30.662379,2
滨河茶府,catering,餐饮服务;茶艺馆;茶艺馆,青羊区,103.982218,30.66467,4
四季春饭店(万家东干道),catering,餐饮服务;中餐厅;中餐厅,青羊区,103.973974,30.663794,1
聚源烧鸡公,catering,餐饮服务;中餐厅;中餐厅,青羊区,103.97979,30.66217,5
钓渔岛食府,catering,餐饮服务;中餐厅;中餐厅|体育休闲服务;休闲场所;休闲场所,武侯区,103.982956,30.661124,1
重庆青花椒鱼,catering,餐饮服务;中餐厅;四川菜(川菜),青羊区,103.979923,30.661248,1
传奇食坊,catering,餐饮服务;中餐厅;特色/地方风味餐厅,青羊区,103.980939,30.667342,2
聚祥面,catering,餐饮服务;中餐厅;中餐厅,青羊区,103.975519,30.666491,1
邑之味,catering,餐饮服务;中餐厅;中餐厅,青羊区,103.990501,30.668908,17
虾道,catering,餐饮服务;中餐厅;海鲜酒楼,青羊区,103.986652,30.66731,9
上茶食府,catering,餐饮服务;中餐厅;四川菜(川菜),青羊区,103.987625,30.6677,12
兵记兔头,catering,餐饮服务;中餐厅;中餐厅,青羊区,103.990162,30.66653,36
西苑半岛,catering,餐饮服务;中餐厅;中餐厅,青羊区,103.984799,30.663616,2
天鹅湖餐厅(东坡路),catering,餐饮服务;中餐厅;中餐厅,青羊区,103.987801,30.664471,1
爱原素DIY手工坊,catering,餐饮服务;糕饼店;糕饼店,青羊区,103.98581,30.666831,1
恬记港式甜品,catering,餐饮服务;甜品店;甜品店,青羊区,103.992693,30.665906,2
安德鲁森(玉宇店),catering,餐饮服务;糕饼店;糕饼店,青羊区,103.98867,30.668538,1
瀚轩茶楼,catering,餐饮服务;茶艺馆;茶艺馆,青羊区,103.990124,30.663193,3
誉园,catering,餐饮服务;中餐厅;中餐厅,武侯区,103.986553,30.658787,72
藏乡缘,catering,餐饮服务;中餐厅;中餐厅,武侯区,103.988276,30.660896,4
周运程,catering,餐饮服务;糕饼店;糕饼店,青羊区,103.991866,30.667826,2
莆田映像,catering,餐饮服务;中餐厅;中餐厅,武侯区,103.988273,30.659951,1
馨益苑,catering,餐饮服务;休闲餐饮场所;休闲餐饮场所|体育休闲服务;休闲场所;休闲场所,武侯区,103.98599,30.661711,2
近水楼台(清水长道),catering,餐饮服务;休闲餐饮场所;休闲餐饮场所|体育休闲服务;休闲场所;休闲场所,武侯区,103.98442,30.662697,2
瑞景茶楼,catering,餐饮服务;茶艺馆;茶艺馆,青羊区,103.992741,30.668955,3
味典锅锅香,catering,餐饮服务;中餐厅;中餐厅,青羊区,103.991536,30.669502,3
光明家常菜(东坡北三路),catering,餐饮服务;中餐厅;中餐厅,青羊区,103.987301,30.668645,2
达人堂,catering,餐饮服务;中餐厅;四川菜(川菜),武侯区,103.984909,30.662431,1
水映茶坊,catering,餐饮服务;茶艺馆;茶艺馆,青羊区,103.989661,30.664457,1
星瑞茶府(瑞景光华东),catering,餐饮服务;茶艺馆;茶艺馆,青羊区,103.993037,30.669552,1
德措林,catering,餐饮服务;中餐厅;四川菜(川菜),武侯区,103.986129,30.660722,2
四喜寿司,catering,餐饮服务;外国餐厅;韩国料理,武侯区,103.98605,30.662282,1
大红钳龙虾,catering,餐饮服务;中餐厅;海鲜酒楼,青羊区,103.991038,30.663664,1
特色酱肉包,catering,餐饮服务;中餐厅;中餐厅,青羊区,103.993209,30.663574,1
德馨堂,catering,餐饮服务;咖啡厅;咖啡厅,武侯区,103.989005,30.66169,1
四川土菜第一家(瑞星店),catering,餐饮服务;中餐厅;中餐厅,青羊区,103.990733,30.664941,1
余实记食味轩(兄妹餐厅),catering,餐饮服务;中餐厅;四川菜(川菜),青羊区,103.989323,30.668908,1
眉山烧烤,catering,餐饮服务;中餐厅;特色/地方风味餐厅,青羊区,103.997472,30.666585,39
红虾会,catering,餐饮服务;中餐厅;中餐厅,青羊区,104.001663,30.666834,14
爆炒之王,catering,餐饮服务;中餐厅;中餐厅,青羊区,103.994768,30.66645,7
格调会,catering,餐饮服务;休闲餐饮场所;休闲餐饮场所,青羊区,104.002304,30.663351,2
上三品,catering,餐饮服务;中餐厅;综合酒楼,青羊区,104.000827,30.665244,9
漫咖啡(成都1号店),catering,餐饮服务;咖啡厅;咖啡厅,青羊区,104.002421,30.667933,1
土大碗,catering,餐饮服务;中餐厅;中餐厅,青羊区,103.9953,30.665114,13
兔腰小火锅,catering,餐饮服务;中餐厅;火锅店,青羊区,103.996019,30.665749,4
包哥哥食堂,catering,餐饮服务;中餐厅;中餐厅,武侯区,104.002147,30.661171,11
丰泽汇,catering,餐饮服务;中餐厅;中餐厅,青羊区,104.002649,30.664134,5
和缘茶铺,catering,餐饮服务;茶艺馆;茶艺馆,青羊区,103.997428,30.664662,5
雍闲湾,catering,餐饮服务;茶艺馆;茶艺馆,青羊区,104.001131,30.664137,7
朱记肥肠粉(瑞联路店),catering,餐饮服务;中餐厅;中餐厅,青羊区,103.996235,30.66905,2
温馨面庄,catering,餐饮服务;中餐厅;中餐厅,武侯区,103.99925,30.660404,1
腾州菜煎饼(旗舰店),catering,餐饮服务;中餐厅;中餐厅,青羊区,104.003354,30.668472,2
80℃cafe,catering,餐饮服务;咖啡厅;咖啡厅,武侯区,104.001439,30.660097,7
面包厨房(贝森店),catering,餐饮服务;糕饼店;糕饼店,青羊区,104.001345,30.669373,2
茶庐,catering,餐饮服务;茶艺馆;茶艺馆,青羊区,103.994088,30.663778,4
荤串串,catering,餐饮服务;中餐厅;特色/地方风味餐厅,武侯区,103.998698,30.661319,8
武胜麻哥面(优品街),catering,餐饮服务;中餐厅;中餐厅,青羊区,103.999658,30.66524,2
健康羊肉米线,catering,餐饮服务;中餐厅;中餐厅,武侯区,103.997674,30.660514,1
解忧咖啡生活馆,catering,餐饮服务;咖啡厅;咖啡厅,青羊区,103.999457,30.666356,1
万茗阁茶楼,catering,餐饮服务;茶艺馆;茶艺馆,青羊区,104.000689,30.668524,3
尽膳居,catering,餐饮服务;中餐厅;中餐厅,青羊区,103.995106,30.667575,2
盛都茗府,catering,餐饮服务;茶艺馆;茶艺馆,青羊区,103.99832,30.66794,1
李排骨,catering,餐饮服务;中餐厅;中餐厅,青羊区,103.997692,30.668444,2
陈记串串夜来香,catering,餐饮服务;中餐厅;火锅店,青羊区,103.999007,30.66774,2
皇后猪蹄,catering,餐饮服务;中餐厅;特色/地方风味餐厅,青羊区,104.003754,30.664014,2
世纪东兴,catering,餐饮服务;茶艺馆;茶艺馆,青羊区,103.996886,30.668693,1
园园啤酒广场,catering,餐饮服务;中餐厅;综合酒楼,青羊区,103.995485,30.666508,2
君再来中餐烧菜,catering,餐饮服务;中餐厅;中餐厅,青羊区,104.002524,30.6662,1
眉山王豆花,catering,餐饮服务;中餐厅;中餐厅,武侯区,104.000166,30.659859,1
放心包子铺,catering,餐饮服务;中餐厅;中餐厅,武侯区,103.997116,30.662108,1
韩尚宫,catering,餐饮服务;外国餐厅;韩国料理,青羊区,104.00613,30.666227,15
遇果,catering,餐饮服务;冷饮店;冷饮店,青羊区,104.004925,30.66608,57
画蔷,catering,餐饮服务;甜品店;甜品店|餐饮服务;咖啡厅;咖啡厅,青羊区,104.011855,30.664873,129
香锅锅,catering,餐饮服务;中餐厅;中餐厅,青羊区,104.008962,30.666737,94
弯弯虾,catering,餐饮服务;中餐厅;中餐厅,青羊区,104.008204,30.667889,20
好食好味,catering,餐饮服务;中餐厅;中餐厅,青羊区,104.005187,30.660839,7
三十六坊酒肆,catering,餐饮服务;中餐厅;中餐厅,青羊区,104.00496,30.659886,2
爽记面馆,catering,餐饮服务;中餐厅;特色/地方风味餐厅,青羊区,104.010201,30.662219,9
鲜庭花园火锅(青羊大道店),catering,餐饮服务;中餐厅;火锅店,青羊区,104.008319,30.663902,1
元祖食品(光华财大店),catering,餐饮服务;糕饼店;糕饼店,青羊区,104.006664,30.667108,2
东韵至善,catering,餐饮服务;茶艺馆;茶艺馆,青羊区,104.007078,30.662923,2
安德鲁森(光华店),catering,餐饮服务;糕饼店;糕饼店,青羊区,104.013447,30.665303,1
小菜饭,catering,餐饮服务;中餐厅;中餐厅,青羊区,104.013664,30.662452,16
竹之韵茶道,catering,餐饮服务;茶艺馆;茶艺馆,青羊区,104.0065,30.663186,2
五采莲养生火锅,catering,餐饮服务;中餐厅;中餐厅,青羊区,104.005469,30.660154,1
福顺茶楼(中环路青羊大道段),catering,餐饮服务;茶艺馆;茶艺馆,青羊区,104.006273,30.661727,1
兴中道商务茶艺馆(青羊大道店),catering,餐饮服务;茶艺馆;茶艺馆,青羊区,104.008368,30.662064,1
小六饭店,catering,餐饮服务;快餐厅;快餐厅,青羊区,104.009922,30.663388,3
周妈自家面(光华店),catering,餐饮服务;中餐厅;中餐厅,青羊区,104.00871,30.663372,1
广东海鲜粥(鹏瑞利店),catering,餐饮服务;快餐厅;快餐厅,青羊区,104.008035,30.665897,1
四川行政财贸管理干部学院餐厅,catering,餐饮服务;中餐厅;中餐厅,青羊区,104.009332,30.66454,1
柴火霸王鸡,catering,餐饮服务;中餐厅;火锅店,青羊区,104.013659,30.660471,5
袁姐面馆,catering,餐饮服务;中餐厅;中餐厅,青羊区,104.00621,30.661162,1
茶语,catering,餐饮服务;茶艺馆;茶艺馆,青羊区,104.010232,30.664328,1
兴中道商务茶艺馆,catering,餐饮服务;茶艺馆;茶艺馆,青羊区,104.006213,30.66444,1
食德,catering,餐饮服务;中餐厅;中餐厅,青羊区,104.018329,30.66581,35
川盘子,catering,餐饮服务;快餐厅;快餐厅,青羊区,104.018679,30.664086,30
春天酒楼(二环路西一段),catering,餐饮服务;中餐厅;综合酒楼,青羊区,104.017095,30.665538,1
避风塘,catering,餐饮服务;快餐厅;茶餐厅,青羊区,104.020491,30.665167,31
乡村基(光华店),catering,餐饮服务;快餐厅;快餐厅,青羊区,104.019072,30.661908,3
品位酒楼(光华村街),catering,餐饮服务;中餐厅;综合酒楼,青羊区,104.016631,30.664989,1
笑笑茶,catering,餐饮服务;茶艺馆;茶艺馆,青羊区,104.017777,30.668122,36
香港福兴酒楼(草堂店),catering,餐饮服务;中餐厅;综合酒楼,青羊区,104.022672,30.664657,1
亚胡子老面馆,catering,餐饮服务;中餐厅;中餐厅,青羊区,104.014109,30.664147,2
蜀粹典藏食府,catering,餐饮服务;中餐厅;中餐厅,青羊区,104.023455,30.662535,2
浣花西院,catering,餐饮服务;茶艺馆;茶艺馆,青羊区,104.022819,30.662828,2
蝶翠酒楼,catering,餐饮服务;中餐厅;综合酒楼,青羊区,104.019822,30.664468,4
白家肥肠,catering,餐饮服务;中餐厅;中餐厅,青羊区,104.014839,30.66492,5
瑞尔酒店中餐厅,catering,餐饮服务;中餐厅;中餐厅,青羊区,104.019962,30.668515,1
几步路,catering,餐饮服务;休闲餐饮场所;休闲餐饮场所,青羊区,104.019113,30.660304,3
老碗茶室,catering,餐饮服务;茶艺馆;茶艺馆,青羊区,104.021078,30.664317,5
幸福小馆私房系,catering,餐饮服务;快餐厅;快餐厅,青羊区,104.021729,30.66655,1
定制西餐奥古斯名庄酒工作室,catering,餐饮服务;外国餐厅;西餐厅(综合风味),青羊区,104.022185,30.659593,1
李记特色面(草堂别院东),catering,餐饮服务;中餐厅;中餐厅,青羊区,104.023473,30.663931,1
拙苑,catering,餐饮服务;茶艺馆;茶艺馆,青羊区,104.021905,30.663276,3
碧露锦茶坊,catering,餐饮服务;茶艺馆;茶艺馆,青羊区,104.021302,30.668521,2
西域百盛茶府,catering,餐饮服务;茶艺馆;茶艺馆,青羊区,104.015604,30.661999,1
生活小品,catering,餐饮服务;中餐厅;中餐厅,青羊区,104.019644,30.666968,3
江南印象茶楼(家园路店),catering,餐饮服务;茶艺馆;茶艺馆,青羊区,104.014568,30.66189,1
正宗镇江鸭血粉丝汤,catering,餐饮服务;快餐厅;快餐厅,青羊区,104.01488,30.66744,1
三三小厨(草堂路),catering,餐饮服务;中餐厅;中餐厅,青羊区,104.023607,30.662991,1
蜀华楼,catering,餐饮服务;中餐厅;火锅店,青羊区,104.013991,30.665276,2
范特西先生私家甜品订制,catering,餐饮服务;糕饼店;糕饼店,青羊区,104.017595,30.662453,1
多村基,catering,餐饮服务;快餐厅;快餐厅,青羊区,104.018373,30.661372,1
小辣椒快餐,catering,餐饮服务;快餐厅;快餐厅,青羊区,104.02307,30.666276,1
好兄弟大碗饭,catering,餐饮服务;中餐厅;中餐厅,青羊区,104.018906,30.661092,1
香酥板栗饼,catering,餐饮服务;糕饼店;糕饼店,青羊区,104.019012,30.662718,2
欢冒菜,catering,餐饮服务;中餐厅;中餐厅,青羊区,104.032032,30.665138,16
锦伦茶庄,catering,餐饮服务;茶艺馆;茶艺馆,青羊区,104.0265,30.666074,4
君子兰,catering,餐饮服务;茶艺馆;茶艺馆,青羊区,104.025877,30.664782,5
草堂饭店,catering,餐饮服务;中餐厅;四川菜(川菜),青羊区,104.023934,30.66503,4
柴门(蜀郡店),catering,餐饮服务;中餐厅;中餐厅,青羊区,104.031579,30.664386,1
面之缘,catering,餐饮服务;中餐厅;中餐厅,青羊区,104.024498,30.66635,16
九谷屋,catering,餐饮服务;中餐厅;中餐厅,青羊区,104.033611,30.664859,3
叶姐家常面,catering,餐饮服务;中餐厅;中餐厅,青羊区,104.033375,30.660016,2
小梁煲仔饭(青羊区草堂店),catering,餐饮服务;中餐厅;中餐厅,青羊区,104.027044,30.665682,1
绿野茶园,catering,餐饮服务;茶艺馆;茶艺馆,青羊区,104.027934,30.664953,3
杜邻坊酒楼,catering,餐饮服务;中餐厅;综合酒楼,青羊区,104.030308,30.662305,1
鑫苑食府,catering,餐饮服务;中餐厅;中餐厅,青羊区,104.033148,30.663371,3
快捷小吃,catering,餐饮服务;中餐厅;特色/地方风味餐厅,青羊区,104.026747,30.665234,3
星火小吃,catering,餐饮服务;中餐厅;特色/地方风味餐厅,青羊区,104.02855,30.665242,2
筋骨堂,catering,生活服务;洗浴推拿场所;洗浴推拿场所|餐饮服务;中餐厅;中餐厅,青羊区,104.029358,30.668859,1
品味时光,catering,餐饮服务;甜品店;甜品店,青羊区,104.025626,30.668241,2
张记哈尔滨饺子王(草堂店),catering,餐饮服务;中餐厅;特色/地方风味餐厅,青羊区,104.025049,30.665077,1
江村茶社,catering,餐饮服务;茶艺馆;茶艺馆,青羊区,104.027042,30.661107,1
米兰先生披萨(牧电路店),catering,餐饮服务;外国餐厅;外国餐厅,青羊区,104.029575,30.669276,1
重庆毛哥老鸭汤(青华路店),catering,餐饮服务;中餐厅;火锅店,青羊区,104.032985,30.66591,1
老青茶馆,catering,餐饮服务;茶艺馆;茶艺馆,青羊区,104.028559,30.668596,1
顺顺肥肠粉,catering,餐饮服务;中餐厅;特色/地方风味餐厅,青羊区,104.026398,30.666966,1
福兴茶府,catering,餐饮服务;茶艺馆;茶艺馆,青羊区,104.026408,30.667815,5
津味香包,catering,餐饮服务;中餐厅;中餐厅,青羊区,104.027008,30.663946,3
香辣冷锅串串,catering,餐饮服务;中餐厅;中餐厅,青羊区,104.03138,30.666944,2
四川电力职业技术学院草堂校区食堂,catering,餐饮服务;中餐厅;中餐厅,青羊区,104.032635,30.666738,1
吃面时间(成都市青华路27号军干院西南),catering,餐饮服务;中餐厅;中餐厅,青羊区,104.026816,30.663405,1
沈小福成都滋味米线餐厅(浣花黉台原创酒店西),catering,餐饮服务;中餐厅;中餐厅,青羊区,104.029392,30.662634,1
成都锦江饭店,catering,餐饮服务;中餐厅;中餐厅,青羊区,104.031828,30.66202,1
锦西芙蓉川菜酒楼,catering,餐饮服务;中餐厅;综合酒楼|餐饮服务;中餐厅;四川菜(川菜),青羊区,104.042907,30.661652,5
诚食面庄,catering,餐饮服务;中餐厅;中餐厅,青羊区,104.038645,30.66396,14
山叶咖啡,catering,餐饮服务;咖啡厅;咖啡厅,青羊区,104.036357,30.662882,16
五柳坊,catering,餐饮服务;外国餐厅;外国餐厅,青羊区,104.042881,30.6601,10
夜啤酒,catering,餐饮服务;中餐厅;中餐厅,青羊区,104.043517,30.66592,17
蜀风雅韵,catering,体育休闲服务;影剧院;剧场|餐饮服务;茶艺馆;茶艺馆,青羊区,104.043295,30.662612,3
红酒咖啡牛排,catering,餐饮服务;外国餐厅;外国餐厅,青羊区,104.037519,30.668432,4
卡巴迪,catering,餐饮服务;糕饼店;糕饼店,青羊区,104.038989,30.66739,36
派瑞私房菜,catering,餐饮服务;中餐厅;中餐厅,青羊区,104.038101,30.660232,3
锦悦盛宴,catering,餐饮服务;中餐厅;中餐厅,青羊区,104.03675,30.669003,3
汤记甜品,catering,餐饮服务;甜品店;甜品店,青羊区,104.037929,30.662501,30
土砂锅,catering,餐饮服务;中餐厅;中餐厅,青羊区,104.037141,30.66118,27
刀削面,catering,餐饮服务;中餐厅;中餐厅,青羊区,104.034363,30.665758,7
炒作大师(青羊宫店),catering,餐饮服务;中餐厅;中餐厅,青羊区,104.040168,30.661134,1
怪哉抄手,catering,餐饮服务;中餐厅;特色/地方风味餐厅,青羊区,104.034515,30.667342,8
肉骨头,catering,餐饮服务;中餐厅;中餐厅,青羊区,104.038857,30.661713,2
奇味美食快餐店,catering,餐饮服务;中餐厅;中餐厅,青羊区,104.038383,30.665578,3
宾诺咖啡(省医院店),catering,餐饮服务;咖啡厅;咖啡厅,青羊区,104.037,30.666178,1
悠悠一品迷你西餐屋,catering,餐饮服务;外国餐厅;外国餐厅,青羊区,104.0396,30.66501,2
食禾记,catering,餐饮服务;中餐厅;中餐厅,青羊区,104.038516,30.664899,5
乐山钵钵鸡(浣花北路),catering,餐饮服务;中餐厅;中餐厅,青羊区,104.034544,30.668512,1
老地方馅饼,catering,餐饮服务;快餐厅;快餐厅,青羊区,104.037864,30.667458,1
水云间餐厅(十二桥路店),catering,餐饮服务;中餐厅;中餐厅,金牛区,104.040348,30.668336,1
支矶茶园,catering,餐饮服务;茶艺馆;茶艺馆,青羊区,104.041555,30.663181,1
籣锦(浣锦路店),catering,餐饮服务;中餐厅;中餐厅,青羊区,104.034503,30.660551,1
杨记东北饺子馆,catering,餐饮服务;快餐厅;快餐厅,青羊区,104.038801,30.66066,1
凤林苑,catering,餐饮服务;茶艺馆;茶艺馆,青羊区,104.042234,30.664218,1
懿品茶家,catering,餐饮服务;茶艺馆;茶艺馆,青羊区,104.03417,30.66659,1
茶话会,catering,餐饮服务;茶艺馆;茶艺馆,青羊区,104.034347,30.659566,1
素食居士斋,catering,餐饮服务;快餐厅;快餐厅,青羊区,104.040698,30.664414,2
成都中医药大学医学技术研究所神经内科,catering,餐饮服务;中餐厅;中餐厅,金牛区,104.038981,30.668701,1
饱水饺,catering,餐饮服务;中餐厅;特色/地方风味餐厅,青羊区,104.037345,30.667765,1
散圣楼,catering,餐饮服务;中餐厅;中餐厅,青羊区,104.041822,30.660385,1
川味小吃(十二桥店),catering,餐饮服务;中餐厅;中餐厅,青羊区,104.041734,30.666414,1
鸿福记(南红主题店),catering,餐饮服务;中餐厅;中餐厅,青羊区,104.033717,30.660661,1
刘婆婆饺子馆,catering,餐饮服务;中餐厅;特色/地方风味餐厅,青羊区,104.035097,30.663882,1
可居,catering,餐饮服务;茶艺馆;茶艺馆,青羊区,104.052436,30.66565,142
组织,catering,餐饮服务;休闲餐饮场所;休闲餐饮场所,青羊区,104.050899,30.668051,66
成都面,catering,餐饮服务;中餐厅;中餐厅,青羊区,104.052899,30.661427,34
魏火锅,catering,餐饮服务;中餐厅;中餐厅,青羊区,104.047881,30.665058,36
益轩茶楼,catering,餐饮服务;茶艺馆;茶艺馆,青羊区,104.053745,30.667122,7
青兰,catering,餐饮服务;外国餐厅;西餐厅(综合风味),青羊区,104.050474,30.668911,1
群贤毕至,catering,餐饮服务;茶艺馆;茶艺馆,青羊区,104.04442,30.664613,5
品味四季花园餐厅,catering,餐饮服务;中餐厅;中餐厅,青羊区,104.043999,30.663381,1
唐时,catering,餐饮服务;中餐厅;中餐厅,青羊区,104.052237,30.663465,14
安岳肥肠粉,catering,餐饮服务;中餐厅;中餐厅,青羊区,104.044805,30.665343,5
泰妃阁,catering,餐饮服务;外国餐厅;其它亚洲菜,青羊区,104.05008,30.660386,11
乐山苏稽跷脚牛肉(小南街店),catering,餐饮服务;中餐厅;中餐厅,青羊区,104.051728,30.65952,1
见道·客厅,catering,餐饮服务;中餐厅;中餐厅,青羊区,104.047506,30.668555,1
努力餐(金河路店),catering,餐饮服务;中餐厅;四川菜(川菜),青羊区,104.053296,30.662688,1
甜品小吃,catering,餐饮服务;甜品店;甜品店,青羊区,104.048158,30.663559,16
美食坊,catering,餐饮服务;中餐厅;中餐厅,青羊区,104.049351,30.662356,20
仨合元肥牛海鲜自助捞捞锅,catering,餐饮服务;中餐厅;火锅店,青羊区,104.046722,30.66794,3
金厨快餐,catering,餐饮服务;中餐厅;中餐厅,青羊区,104.048292,30.661243,12
树影啡香,catering,餐饮服务;咖啡厅;咖啡厅,青羊区,104.051244,30.661412,10
长生源味道老菜馆(宽窄巷子店),catering,餐饮服务;中餐厅;综合酒楼,青羊区,104.049597,30.665204,1
麺食轩,catering,餐饮服务;中餐厅;中餐厅,青羊区,104.052393,30.66655,2
金河酒楼,catering,餐饮服务;中餐厅;综合酒楼,青羊区,104.053295,30.664016,1
嘤鸣小舍,catering,餐饮服务;茶艺馆;茶艺馆|餐饮服务;中餐厅;中餐厅,青羊区,104.049136,30.66453,3
指月茶府,catering,餐饮服务;茶艺馆;茶艺馆,青羊区,104.045459,30.667016,3
老鬼土豆,catering,餐饮服务;快餐厅;快餐厅,青羊区,104.045893,30.665428,1
90年代奶茶店,catering,餐饮服务;冷饮店;冷饮店,金牛区,104.044019,30.669196,2
成都书画院,catering,餐饮服务;茶艺馆;茶艺馆,青羊区,104.049892,30.663133,1
星座风尚茶坊,catering,餐饮服务;茶艺馆;茶艺馆,青羊区,104.048396,30.667743,1
小拾雅集(通惠门店),catering,餐饮服务;糕饼店;糕饼店,青羊区,104.047139,30.666435,1
避风塘(西胜街店),catering,餐饮服务;休闲餐饮场所;休闲餐饮场所,青羊区,104.050324,30.664931,1
麦香蛋糕(实业街店),catering,餐饮服务;糕饼店;糕饼店,青羊区,104.053064,30.667805,1
少城茶坊,catering,餐饮服务;茶艺馆;茶艺馆,青羊区,104.047819,30.66257,1
顺源德福茶楼,catering,餐饮服务;茶艺馆;茶艺馆,青羊区,104.047178,30.667561,1
泡桐树王姐蛋烘糕,catering,餐饮服务;糕饼店;糕饼店,青羊区,104.052859,30.66689,1
大自然菜馆,catering,餐饮服务;中餐厅;中餐厅,青羊区,104.046324,30.667069,1
蜀都快餐,catering,餐饮服务;快餐厅;快餐厅,青羊区,104.050414,30.663792,2
食留香,catering,餐饮服务;中餐厅;中餐厅,青羊区,104.050713,30.662905,1
環太,catering,餐饮服务;快餐厅;快餐厅,青羊区,104.056682,30.660311,35
绥定食府,catering,餐饮服务;中餐厅;中餐厅,青羊区,104.057949,30.66145,4
派客,catering,餐饮服务;快餐厅;快餐厅,青羊区,104.063012,30.659795,66
粤香村,catering,餐饮服务;中餐厅;清真菜馆,青羊区,104.058114,30.659656,20
米有,catering,餐饮服务;中餐厅;中餐厅,青羊区,104.062365,30.661021,21
妙蔬缘,catering,餐饮服务;中餐厅;中式素菜馆,青羊区,104.05511,30.661758,2
御和记茶楼,catering,餐饮服务;茶艺馆;茶艺馆,青羊区,104.058302,30.665044,4
茶上府叙,catering,餐饮服务;茶艺馆;茶艺馆,青羊区,104.059041,30.660616,3
重庆钢头火锅(长顺上街店),catering,餐饮服务;中餐厅;火锅店,青羊区,104.054125,30.664188,1
青豆,catering,餐饮服务;咖啡厅;咖啡厅,青羊区,104.054499,30.668925,7
橇儿面,catering,餐饮服务;快餐厅;快餐厅,青羊区,104.059443,30.662347,41
家里,catering,餐饮服务;中餐厅;中餐厅,青羊区,104.057944,30.662256,2
太实在,catering,餐饮服务;中餐厅;中餐厅,青羊区,104.058513,30.666097,11
百味,catering,餐饮服务;冷饮店;冷饮店,青羊区,104.060133,30.667905,15
圣煌茗座,catering,餐饮服务;茶艺馆;茶艺馆,青羊区,104.057728,30.667363,3
浦面道,catering,餐饮服务;中餐厅;中餐厅,青羊区,104.055403,30.663249,6
仙草坊,catering,餐饮服务;中餐厅;中餐厅,青羊区,104.056371,30.663096,4
芒果刨冰,catering,餐饮服务;中餐厅;特色/地方风味餐厅,青羊区,104.060161,30.664699,17
浓荫茶园,catering,餐饮服务;茶艺馆;茶艺馆,青羊区,104.054007,30.659445,1
近悦快餐(西华门店),catering,餐饮服务;中餐厅;中餐厅,青羊区,104.060205,30.666073,1
罗记饭店,catering,餐饮服务;中餐厅;中餐厅,青羊区,104.063396,30.661726,5
成都思味特色冒菜(东胜街),catering,餐饮服务;中餐厅;中餐厅,青羊区,104.054517,30.663476,1
壹杯咖啡书屋,catering,餐饮服务;咖啡厅;咖啡厅,青羊区,104.054737,30.66589,1
云尚商务茶楼,catering,餐饮服务;茶艺馆;茶艺馆,青羊区,104.057417,30.662742,6
茶物语,catering,餐饮服务;甜品店;甜品店,青羊区,104.055368,30.659486,10
甜心小筑(人民中路店),catering,餐饮服务;快餐厅;快餐厅|餐饮服务;糕饼店;糕饼店,青羊区,104.063033,30.666741,1
成都串串,catering,餐饮服务;中餐厅;清真菜馆,青羊区,104.060507,30.660382,2
美味千道,catering,餐饮服务;中餐厅;中餐厅,青羊区,104.058664,30.666935,1
刘记私房面(将军街),catering,餐饮服务;中餐厅;中餐厅,青羊区,104.056612,30.661931,1
辣锅皇,catering,餐饮服务;中餐厅;中餐厅,青羊区,104.059935,30.659106,13
银座茶庄,catering,餐饮服务;休闲餐饮场所;休闲餐饮场所,青羊区,104.062474,30.66415,3
富顺豆花(斌升街),catering,餐饮服务;中餐厅;中餐厅,青羊区,104.056973,30.663908,2
味鲜居(斌升街),catering,餐饮服务;中餐厅;中餐厅,青羊区,104.05774,30.663506,2
福尔摩斯先生,catering,餐饮服务;外国餐厅;西餐厅(综合风味),青羊区,104.060648,30.659685,1
家常面馆,catering,餐饮服务;快餐厅;快餐厅,青羊区,104.057382,30.661865,2
省五医院职工食堂,catering,餐饮服务;中餐厅;中餐厅,青羊区,104.054673,30.666565,1
小茶馆(商业后街),catering,餐饮服务;茶艺馆;茶艺馆,青羊区,104.056745,30.668692,1
熊猫邮局,catering,餐饮服务;休闲餐饮场所;休闲餐饮场所,青羊区,104.054344,30.662413,1
芙蓉面馆(将军街),catering,餐饮服务;中餐厅;中餐厅,青羊区,104.056035,30.661996,1
将府叙咖啡书室,catering,餐饮服务;咖啡厅;咖啡厅,青羊区,104.053649,30.663545,1
聚仙茶,catering,餐饮服务;茶艺馆;茶艺馆,青羊区,104.056853,30.665794,6
长发居茶坊,catering,餐饮服务;茶艺馆;茶艺馆,青羊区,104.056093,30.669269,1
商业街面包房,catering,餐饮服务;糕饼店;糕饼店,青羊区,104.056916,30.666512,1
茶物语,catering,餐饮服务;冷饮店;冷饮店,青羊区,104.061406,30.667811,5
省委职工食堂,catering,餐饮服务;中餐厅;中餐厅,青羊区,104.057142,30.667046,1
鱼游天下,catering,餐饮服务;快餐厅;快餐厅,青羊区,104.067629,30.666239,11
快式茶餐厅自选,catering,餐饮服务;中餐厅;中餐厅,青羊区,104.064165,30.669212,8
愉筷,catering,餐饮服务;快餐厅;快餐厅,青羊区,104.068651,30.66741,116
慕恩,catering,餐饮服务;甜品店;甜品店,锦江区,104.073138,30.658907,1235
花醉,catering,餐饮服务;中餐厅;中餐厅,青羊区,104.07128,30.662903,37
新闻记,catering,餐饮服务;中餐厅;中餐厅,青羊区,104.064639,30.660238,8
第五味火锅料理,catering,餐饮服务;中餐厅;火锅店,青羊区,104.07174,30.663737,4
郭抄手,catering,餐饮服务;中餐厅;中餐厅,青羊区,104.073424,30.665101,16
小火锅,catering,餐饮服务;中餐厅;火锅店,青羊区,104.071376,30.665148,56
心里味,catering,餐饮服务;快餐厅;快餐厅,青羊区,104.07259,30.666622,51
王朝厅,catering,餐饮服务;中餐厅;中餐厅,青羊区,104.069082,30.661379,7
金梓元,catering,餐饮服务;快餐厅;快餐厅,锦江区,104.073574,30.662551,32
竹香苑,catering,餐饮服务;中餐厅;中餐厅,锦江区,104.06584,30.65921,7
馔香美食餐厅,catering,餐饮服务;中餐厅;中餐厅,青羊区,104.063575,30.665938,1
实惠快餐,catering,餐饮服务;快餐厅;快餐厅,青羊区,104.069732,30.664069,17
彩虹园,catering,餐饮服务;中餐厅;中餐厅,青羊区,104.071321,30.668313,7
菜味轩家常菜餐厅,catering,餐饮服务;中餐厅;中餐厅,青羊区,104.070168,30.661738,2
欧日韩卡琪屋,catering,餐饮服务;外国餐厅;日本料理,锦江区,104.073417,30.659661,7
鱼牛抄手,catering,餐饮服务;中餐厅;中餐厅,青羊区,104.070977,30.661539,9
怪味鸡爪,catering,餐饮服务;中餐厅;特色/地方风味餐厅,锦江区,104.072171,30.660441,19
美美香缘,catering,餐饮服务;中餐厅;中餐厅,青羊区,104.066565,30.661714,18
风车车手工食品坊,catering,餐饮服务;糕饼店;糕饼店,青羊区,104.068028,30.661951,3
味道鲜,catering,餐饮服务;快餐厅;快餐厅,青羊区,104.066463,30.664024,28
潼聚泉御房粥品(体育场路店),catering,餐饮服务;中餐厅;中餐厅,青羊区,104.067403,30.665646,1
FRIDA自在人生,catering,餐饮服务;休闲餐饮场所;休闲餐饮场所,青羊区,104.072499,30.66388,2
子非渔,catering,餐饮服务;中餐厅;中餐厅,锦江区,104.072826,30.662713,3
口乐福,catering,餐饮服务;中餐厅;特色/地方风味餐厅,青羊区,104.067653,30.66893,13
南台月月饼,catering,餐饮服务;糕饼店;糕饼店,锦江区,104.06647,30.660553,1
咔啦基,catering,餐饮服务;快餐厅;快餐厅,青羊区,104.069813,30.662893,13
桔子酒店微咖啡(白丝街店),catering,餐饮服务;咖啡厅;咖啡厅,青羊区,104.07041,30.669108,1
烤兔先生,catering,餐饮服务;中餐厅;特色/地方风味餐厅,青羊区,104.065211,30.662394,11
沉香阁,catering,餐饮服务;中餐厅;四川菜(川菜),青羊区,104.072789,30.667693,2
阿一鲍鱼(蜀袜北三段店),catering,餐饮服务;中餐厅;广东菜(粤菜),锦江区,104.073066,30.661429,1
蜀韵茶餐厅,catering,餐饮服务;快餐厅;茶餐厅,青羊区,104.064602,30.663416,2
汉源花椒鱼火锅,catering,餐饮服务;中餐厅;中餐厅,锦江区,104.072717,30.663268,1
一茶一坐(杭州国大店),catering,餐饮服务;中餐厅;中餐厅,青羊区,104.068584,30.663219,1
三雨村,catering,餐饮服务;中餐厅;特色/地方风味餐厅,锦江区,104.071234,30.660599,1
石锅拌饭,catering,餐饮服务;外国餐厅;外国餐厅,青羊区,104.069036,30.664756,1
瑞卡多,catering,餐饮服务;外国餐厅;外国餐厅,青羊区,104.067459,30.661879,1
蜀都茶楼,catering,餐饮服务;茶艺馆;茶艺馆,锦江区,104.072298,30.661439,1
MK鲜果茶饮,catering,餐饮服务;冷饮店;冷饮店,青羊区,104.064462,30.659356,3
川三甲,catering,餐饮服务;快餐厅;快餐厅,青羊区,104.068623,30.664213,1
聚友汇所餐厅,catering,餐饮服务;中餐厅;中餐厅,青羊区,104.06482,30.665847,1
张记快餐盒饭(横九龙巷),catering,餐饮服务;中餐厅;中餐厅,锦江区,104.070984,30.659639,1
优之茶,catering,餐饮服务;甜品店;甜品店,锦江区,104.079291,30.659415,21
米线控,catering,餐饮服务;中餐厅;火锅店,锦江区,104.076908,30.667137,99
食火锅,catering,餐饮服务;中餐厅;中餐厅,锦江区,104.080154,30.660688,3
华府餐厅,catering,餐饮服务;中餐厅;中餐厅,锦江区,104.075047,30.661744,6
佳和味,catering,餐饮服务;外国餐厅;日本料理,锦江区,104.081135,30.662459,11
大肉面馆,catering,餐饮服务;中餐厅;中餐厅,锦江区,104.083026,30.661797,9
三重门传统火锅,catering,餐饮服务;中餐厅;火锅店,锦江区,104.082246,30.662929,1
味来,catering,餐饮服务;中餐厅;中餐厅,锦江区,104.085488,30.664155,129
极客,catering,餐饮服务;咖啡厅;咖啡厅,青羊区,104.074458,30.667124,6
谢记美味,catering,餐饮服务;中餐厅;中餐厅,锦江区,104.082397,30.660105,16
momo快餐,catering,餐饮服务;快餐厅;快餐厅,锦江区,104.075082,30.662791,3
致远茶坊,catering,餐饮服务;茶艺馆;茶艺馆,锦江区,104.081001,30.66006,11
大碗面,catering,餐饮服务;中餐厅;中餐厅,锦江区,104.082147,30.661443,7
多客来,catering,餐饮服务;中餐厅;中餐厅,锦江区,104.07405,30.66026,2
龙凤艺术蛋糕,catering,餐饮服务;糕饼店;糕饼店,锦江区,104.07612,30.665233,2
兴和茶楼,catering,餐饮服务;茶艺馆;茶艺馆,青羊区,104.080476,30.668269,11
新华饭店,catering,餐饮服务;中餐厅;中餐厅,青羊区,104.079692,30.668941,2
茗星缘大茶楼,catering,餐饮服务;茶艺馆;茶艺馆,锦江区,104.080209,30.664645,6
味道美串串香,catering,餐饮服务;中餐厅;特色/地方风味餐厅,锦江区,104.082396,30.664092,2
谭潭菜·谭素面,catering,餐饮服务;中餐厅;中餐厅,青羊区,104.079359,30.668375,1
良仁正品大闸蟹,catering,餐饮服务;中餐厅;中餐厅,锦江区,104.074026,30.660823,2
鲜花饼,catering,餐饮服务;快餐厅;快餐厅,锦江区,104.081108,30.663736,4
刘氏豆花,catering,餐饮服务;中餐厅;特色/地方风味餐厅,青羊区,104.07539,30.668538,8
二医院油条摊,catering,餐饮服务;快餐厅;快餐厅,锦江区,104.083189,30.663719,1
北方人肉夹馍北方凉皮,catering,餐饮服务;中餐厅;特色/地方风味餐厅,锦江区,104.081331,30.660927,1
缘味新概念火锅,catering,餐饮服务;中餐厅;火锅店,锦江区,104.079434,30.661358,1
撸啊撸的小时代英雄联盟主题奶茶,catering,餐饮服务;冷饮店;冷饮店,锦江区,104.083471,30.665169,1
红枣黑米蛋糕,catering,餐饮服务;糕饼店;糕饼店,锦江区,104.082882,30.666649,1
益新冰果室,catering,餐饮服务;冷饮店;冷饮店,锦江区,104.079229,30.664762,1
红星酒楼(红星路二段),catering,餐饮服务;中餐厅;综合酒楼,锦江区,104.082666,30.666187,1
港色生香(太升路店),catering,餐饮服务;中餐厅;广东菜(粤菜),锦江区,104.075418,30.667478,1
柠檬萌,catering,餐饮服务;甜品店;甜品店,锦江区,104.079978,30.666201,1
对嘴,catering,餐饮服务;中餐厅;火锅店,成华区,104.091581,30.664086,54
下面馆,catering,餐饮服务;中餐厅;中餐厅,锦江区,104.086735,30.660445,15
柒号码头,catering,餐饮服务;中餐厅;中餐厅,成华区,104.092196,30.662522,26
椒盐记,catering,餐饮服务;中餐厅;中餐厅,锦江区,104.089201,30.664446,3
嘿火,catering,餐饮服务;中餐厅;中餐厅,成华区,104.092646,30.659967,176
礼顿小厨,catering,餐饮服务;中餐厅;中餐厅,锦江区,104.083993,30.666717,2
邻里,catering,餐饮服务;茶艺馆;茶艺馆,锦江区,104.086571,30.667282,77
轩包子,catering,餐饮服务;快餐厅;快餐厅,锦江区,104.087964,30.662187,17
漫咖啡,catering,餐饮服务;咖啡厅;咖啡厅,成华区,104.093001,30.664845,5
白云酒楼(华星路),catering,餐饮服务;中餐厅;综合酒楼,锦江区,104.08979,30.664679,1
钟水饺(新华店),catering,餐饮服务;中餐厅;特色/地方风味餐厅,锦江区,104.089191,30.663587,2
家家饼屋,catering,餐饮服务;糕饼店;糕饼店,锦江区,104.090124,30.665262,2
益州烧鸡公(天祥街),catering,餐饮服务;中餐厅;中餐厅,成华区,104.092249,30.661796,1
柳河园,catering,餐饮服务;中餐厅;中餐厅,锦江区,104.090683,30.665812,3
成都普罗旺斯喜庆馆,catering,餐饮服务;咖啡厅;咖啡厅,锦江区,104.088033,30.66021,2
普洱茶,catering,餐饮服务;茶艺馆;茶艺馆,锦江区,104.088904,30.661388,4
采风堂,catering,餐饮服务;茶艺馆;茶艺馆,锦江区,104.084462,30.661207,16
东林茶楼,catering,餐饮服务;茶艺馆;茶艺馆,成华区,104.093264,30.664236,7
好食面,catering,餐饮服务;中餐厅;中餐厅,锦江区,104.085974,30.661626,10
山东手工水饺(华星路),catering,餐饮服务;中餐厅;特色/地方风味餐厅,锦江区,104.090685,30.669083,1
多啦A冒,catering,餐饮服务;快餐厅;快餐厅,成华区,104.090846,30.662723,3
福星苑业主茶坊,catering,餐饮服务;茶艺馆;茶艺馆,锦江区,104.087872,30.663018,1
游泳池茶馆,catering,餐饮服务;茶艺馆;茶艺馆,锦江区,104.091524,30.66671,2
朋乐坊,catering,餐饮服务;茶艺馆;茶艺馆,锦江区,104.084085,30.659335,5
柒年咖啡馆,catering,餐饮服务;咖啡厅;咖啡厅,锦江区,104.087497,30.668524,1
水岸人家(天祥滨河路),catering,餐饮服务;茶艺馆;茶艺馆,成华区,104.090132,30.661726,1
和美大包,catering,餐饮服务;中餐厅;中餐厅,锦江区,104.091232,30.668614,2
高斯甜品,catering,餐饮服务;糕饼店;糕饼店,锦江区,104.088771,30.665675,2
景苑茶舍,catering,餐饮服务;茶艺馆;茶艺馆,锦江区,104.091951,30.668232,1
鲜活堂,catering,餐饮服务;中餐厅;中餐厅,成华区,104.105824,30.660492,200
粥道面道,catering,餐饮服务;中餐厅;中餐厅,成华区,104.097691,30.661217,10
烹火,catering,餐饮服务;中餐厅;中餐厅,成华区,104.095918,30.667542,60
静园,catering,餐饮服务;茶艺馆;茶艺馆,成华区,104.103103,30.666863,57
巴妙,catering,餐饮服务;中餐厅;火锅店,成华区,104.097199,30.659756,6
渝面庄,catering,餐饮服务;中餐厅;中餐厅,成华区,104.10251,30.663929,29
谢包子,catering,餐饮服务;中餐厅;特色/地方风味餐厅,成华区,104.099888,30.664228,21
叫只鸡,catering,餐饮服务;中餐厅;四川菜(川菜),成华区,104.098735,30.659224,16
郑连锅,catering,餐饮服务;中餐厅;火锅店,成华区,104.099883,30.662365,6
知味馆,catering,餐饮服务;中餐厅;中餐厅,成华区,104.097833,30.664396,16
QQ爽,catering,餐饮服务;冷饮店;冷饮店,成华区,104.096447,30.662623,21
海棠休闲,catering,餐饮服务;茶艺馆;茶艺馆,成华区,104.100563,30.659366,9
寿司兄弟,catering,餐饮服务;外国餐厅;日本料理|餐饮服务;中餐厅;中餐厅,成华区,104.098736,30.663081,4
渔人码头,catering,餐饮服务;中餐厅;中餐厅,成华区,104.094682,30.664936,22
霸王牛肉,catering,餐饮服务;中餐厅;中餐厅,成华区,104.099008,30.660767,9
挞挞面,catering,餐饮服务;中餐厅;中餐厅,成华区,104.099431,30.666292,8
丑·馒头,catering,餐饮服务;中餐厅;中餐厅,成华区,104.096598,30.660695,4
筷客冰室,catering,餐饮服务;冷饮店;冷饮店,成华区,104.099499,30.668556,3
绝城串串香(木兰店),catering,餐饮服务;快餐厅;快餐厅,成华区,104.100528,30.662666,1
狼牙土豆锅巴土豆,catering,餐饮服务;快餐厅;快餐厅,成华区,104.100474,30.669048,1
火山口饭店,catering,餐饮服务;中餐厅;中餐厅,成华区,104.099084,30.664155,1
土豆疯暴,catering,餐饮服务;快餐厅;快餐厅,成华区,104.096458,30.669269,1
陆逸居,catering,餐饮服务;茶艺馆;茶艺馆,成华区,104.097394,30.663344,2
小厨师家常菜,catering,餐饮服务;中餐厅;中餐厅,成华区,104.098768,30.666355,1
唐家菜,catering,餐饮服务;中餐厅;中餐厅,成华区,104.096465,30.66436,6
宫廷贡茶(建设南新路),catering,餐饮服务;冷饮店;冷饮店,成华区,104.10266,30.667794,1
永兴茶居,catering,餐饮服务;茶艺馆;茶艺馆,成华区,104.100474,30.665535,2
聚友苑茶楼(建华北巷),catering,餐饮服务;茶艺馆;茶艺馆,成华区,104.097686,30.662681,1
妈妈厨房,catering,餐饮服务;快餐厅;快餐厅,成华区,104.102308,30.660049,1
永红串串香,catering,餐饮服务;中餐厅;中餐厅,成华区,104.102463,30.665186,2
牛面子面馆,catering,餐饮服务;中餐厅;中餐厅,成华区,104.102352,30.662487,3
海航饭店(九九店),catering,餐饮服务;快餐厅;快餐厅,成华区,104.095469,30.665244,1
半小时私房外卖,catering,餐饮服务;快餐厅;快餐厅,成华区,104.098198,30.660467,1
唐大姐凉糕,catering,餐饮服务;甜品店;甜品店,成华区,104.101983,30.661894,1
毛记冒菜(一环路东三段),catering,餐饮服务;中餐厅;中餐厅,成华区,104.099504,30.66171,1
甜娜美苏,catering,餐饮服务;糕饼店;糕饼店,成华区,104.103574,30.665017,2
建设路广场店,catering,餐饮服务;中餐厅;中餐厅,成华区,104.09461,30.665944,1
卤水伊人小小冷吃,catering,餐饮服务;中餐厅;中餐厅,成华区,104.096203,30.659967,1
望川塔茶楼,catering,餐饮服务;茶艺馆;茶艺馆,成华区,104.100481,30.662062,1
大蓉和酒楼(沙河店),catering,餐饮服务;中餐厅;综合酒楼,成华区,104.113189,30.666867,1
吃啥,catering,餐饮服务;中餐厅;特色/地方风味餐厅,成华区,104.105074,30.660645,8
无贰重庆老火锅,catering,餐饮服务;中餐厅;火锅店,成华区,104.107077,30.665975,1
冒·食,catering,餐饮服务;中餐厅;中餐厅,成华区,104.108658,30.664734,20
吴记豌豆面,catering,餐饮服务;中餐厅;中餐厅,成华区,104.108408,30.663303,10
盐都香厨(成都分店),catering,餐饮服务;中餐厅;中餐厅,成华区,104.110767,30.659297,5
万州烤鱼,catering,餐饮服务;中餐厅;特色/地方风味餐厅,成华区,104.106205,30.663901,13
呈祥·东馆,catering,餐饮服务;中餐厅;中餐厅,成华区,104.110775,30.669001,1
水煮干锅夜啤酒,catering,餐饮服务;中餐厅;中餐厅,成华区,104.106218,30.668166,5
巷子深老串串,catering,餐饮服务;中餐厅;火锅店,成华区,104.105655,30.665276,1
周老三冷锅串串(新鸿路店),catering,餐饮服务;快餐厅;快餐厅,成华区,104.105649,30.661651,1
何氏烤鸭小炒店,catering,餐饮服务;中餐厅;中餐厅,成华区,104.11156,30.659482,4
musangking猫山王榴莲蛋糕店(sm广场店),catering,餐饮服务;糕饼店;糕饼店,成华区,104.11104,30.66401,1
余味冒菜,catering,餐饮服务;中餐厅;中餐厅,成华区,104.109123,30.661172,1
opal cafe,catering,餐饮服务;外国餐厅;西餐厅(综合风味),成华区,104.111317,30.665224,1
卢氏铁板烧,catering,餐饮服务;外国餐厅;日本料理,成华区,104.104575,30.661441,3
心逸茶坊,catering,餐饮服务;茶艺馆;茶艺馆,成华区,104.112051,30.661883,1
润众三文鱼食府,catering,餐饮服务;中餐厅;中餐厅,成华区,104.111553,30.662599,3
肥妈豆汤,catering,餐饮服务;中餐厅;特色/地方风味餐厅,成华区,104.1105,30.664801,1
双林云南过桥米线(华彩路店),catering,餐饮服务;快餐厅;快餐厅,成华区,104.105563,30.662292,1
达州风味,catering,餐饮服务;快餐厅;快餐厅,成华区,104.112531,30.66507,4
家艺饭,catering,餐饮服务;中餐厅;中餐厅,成华区,104.113255,30.659628,1
卓美亚酒店式公寓万象城店,catering,餐饮服务;外国餐厅;西餐厅(综合风味),成华区,104.109048,30.667703,1
川蜀风披萨,catering,餐饮服务;外国餐厅;外国餐厅,成华区,104.106338,30.664607,1
双林大碗面,catering,餐饮服务;中餐厅;特色/地方风味餐厅,成华区,104.110089,30.65942,2
宫廷糕点,catering,餐饮服务;糕饼店;糕饼店,成华区,104.112631,30.659468,2
食之味,catering,餐饮服务;中餐厅;中餐厅,成华区,104.107351,30.661639,1
秘制大盆骨(采荷店),catering,餐饮服务;快餐厅;快餐厅,成华区,104.108811,30.661825,1
尚东茶语休闲会所,catering,餐饮服务;茶艺馆;茶艺馆,成华区,104.115449,30.660093,4
静享小厨,catering,餐饮服务;中餐厅;四川菜(川菜),成华区,104.117106,30.661132,4
刘记宜宾牛排汤锅,catering,餐饮服务;中餐厅;中餐厅,成华区,104.118751,30.661758,3
香嘎嘎卤肉饭,catering,餐饮服务;中餐厅;中餐厅,成华区,104.117158,30.66617,4
沙河小院,catering,餐饮服务;中餐厅;综合酒楼,成华区,104.117878,30.665268,2
飞火锅,catering,餐饮服务;中餐厅;火锅店,成华区,104.115705,30.663501,1
碗碗香面店(杉板桥路),catering,餐饮服务;中餐厅;中餐厅,成华区,104.113834,30.665477,1
鸡汤面,catering,餐饮服务;中餐厅;中餐厅,成华区,104.116175,30.661499,6
聚味轩,catering,餐饮服务;中餐厅;中餐厅,成华区,104.122823,30.660871,4
悦来友谊面馆(榜样西),catering,餐饮服务;中餐厅;中餐厅,成华区,104.116572,30.666206,1
张记富顺豆花饭,catering,餐饮服务;中餐厅;中餐厅,成华区,104.115331,30.662869,5
霄味烧烤(东秀一路),catering,餐饮服务;中餐厅;特色/地方风味餐厅,成华区,104.117543,30.664414,1
壹号面,catering,餐饮服务;中餐厅;中餐厅,成华区,104.121943,30.661547,1
文华荟,catering,餐饮服务;休闲餐饮场所;休闲餐饮场所,成华区,104.115132,30.666424,2
红缘茶铺,catering,餐饮服务;茶艺馆;茶艺馆,成华区,104.122296,30.662318,4
绅士汉堡,catering,餐饮服务;快餐厅;快餐厅,成华区,104.125959,30.663097,9
鑫聚缘茶楼,catering,餐饮服务;茶艺馆;茶艺馆,成华区,104.129426,30.663545,2
聚满园,catering,餐饮服务;中餐厅;中餐厅,成华区,104.127821,30.663577,20
儿时味道,catering,餐饮服务;中餐厅;中餐厅,成华区,104.129679,30.662477,9
阿强面馆,catering,餐饮服务;中餐厅;特色/地方风味餐厅,成华区,104.125162,30.660005,1
隋的饺子馆,catering,餐饮服务;中餐厅;特色/地方风味餐厅,成华区,104.127363,30.664467,1
孙记切面店,catering,餐饮服务;中餐厅;中餐厅,成华区,104.12613,30.668776,2
四明陈记馄饨蒸饺大王(中环路崔家店路段),catering,餐饮服务;中餐厅;特色/地方风味餐厅,成华区,104.132613,30.666187,1
多味饼屋(崔家店北一路),catering,餐饮服务;糕饼店;糕饼店,成华区,104.126704,30.669056,1
桃李园小吃(崔家店北一路),catering,餐饮服务;中餐厅;中餐厅,成华区,104.127245,30.669166,1
成华区平袁干杂店,catering,餐饮服务;中餐厅;中餐厅,成华区,104.129284,30.666489,1
彭氏魔鬼烤鱼,catering,餐饮服务;中餐厅;特色/地方风味餐厅,成华区,104.134152,30.666706,2
张记碗碗香,catering,餐饮服务;中餐厅;中餐厅,成华区,104.135079,30.668786,9
荟餐厅,catering,餐饮服务;中餐厅;中餐厅,成华区,104.137752,30.668814,1
大姐面庄(和友路),catering,餐饮服务;中餐厅;中餐厅,成华区,104.142838,30.665381,3
珊珊甜品屋,catering,餐饮服务;甜品店;甜品店,成华区,104.143805,30.666223,9
花溪牛肉粉面馆(二仙桥东二路),catering,餐饮服务;中餐厅;中餐厅,成华区,104.138529,30.668316,1
成都理工大学南校区美食城,catering,餐饮服务;中餐厅;中餐厅,成华区,104.135,30.666834,1
龙溪平价面,catering,餐饮服务;中餐厅;中餐厅,成华区,104.139187,30.667584,1
茶语花香,catering,餐饮服务;冷饮店;冷饮店,成华区,104.136066,30.666852,1
牛妞香辣砂锅兔,catering,餐饮服务;中餐厅;中餐厅,成华区,104.143549,30.664727,1
舜和茶坊,catering,餐饮服务;茶艺馆;茶艺馆,成华区,104.144352,30.665652,1
幺幺的厨房,catering,餐饮服务;中餐厅;中餐厅,成华区,104.14454,30.666937,3
濒河茶园,catering,餐饮服务;茶艺馆;茶艺馆,成华区,104.147052,30.668816,1
河边茶铺,catering,餐饮服务;茶艺馆;茶艺馆,成华区,104.151556,30.661876,1
合悦印象茶府,catering,餐饮服务;茶艺馆;茶艺馆,成华区,104.145158,30.65936,3
重庆鸡公煲,catering,餐饮服务;中餐厅;四川菜(川菜),成华区,104.15655,30.665343,1
聶三耳鹅肠火锅(机投店),catering,餐饮服务;中餐厅;火锅店,武侯区,103.96821,30.656787,1
重庆小面,catering,餐饮服务;中餐厅;四川菜(川菜),武侯区,103.966207,30.658171,23
三缺一鲜鸭肠火锅超市,catering,餐饮服务;中餐厅;火锅店,武侯区,103.972072,30.654868,1
大众饭馆(机九路),catering,餐饮服务;中餐厅;中餐厅,武侯区,103.967724,30.657041,1
聚一聚中餐,catering,餐饮服务;中餐厅;中餐厅,武侯区,103.97373,30.654232,9
老银极品卤肉面(机九路),catering,餐饮服务;中餐厅;中餐厅,武侯区,103.97276,30.654535,1
友鑫茶坊,catering,餐饮服务;茶艺馆;茶艺馆,武侯区,103.968616,30.651634,2
宜宾燃面,catering,餐饮服务;中餐厅;中餐厅,武侯区,103.96896,30.656571,4
老陈冷锅鱼,catering,餐饮服务;中餐厅;海鲜酒楼,武侯区,103.967694,30.65014,4
天天川菜馆,catering,餐饮服务;中餐厅;四川菜(川菜),武侯区,103.965367,30.656112,1
传统肥肠粉,catering,餐饮服务;中餐厅;中餐厅,武侯区,103.968972,30.650847,1
阳光快餐,catering,餐饮服务;中餐厅;中餐厅,武侯区,103.97014,30.655176,3
黄少爷的卤菜,catering,餐饮服务;中餐厅;中餐厅,武侯区,103.967569,30.656518,2
冬冬香卤坊,catering,餐饮服务;中餐厅;中餐厅,武侯区,103.97001,30.651427,2
富鑫饭店(九金路),catering,餐饮服务;中餐厅;中餐厅,武侯区,103.965297,30.652288,1
向阳烧菜馆(九金路),catering,餐饮服务;中餐厅;中餐厅,武侯区,103.965296,30.656811,1
江城子,catering,餐饮服务;咖啡厅;咖啡厅,武侯区,103.976829,30.651961,29
创意美,catering,餐饮服务;快餐厅;快餐厅,武侯区,103.979168,30.651362,19
净鲜饼屋,catering,餐饮服务;糕饼店;糕饼店,武侯区,103.979471,30.653353,20
德克士(机投店),catering,餐饮服务;快餐厅;快餐厅,武侯区,103.978123,30.651984,2
川香楼,catering,餐饮服务;中餐厅;四川菜(川菜),武侯区,103.98005,30.649629,62
鲜奶吧,catering,餐饮服务;冷饮店;冷饮店,武侯区,103.977945,30.650172,13
莎萱阁茶坊,catering,餐饮服务;茶艺馆;茶艺馆,武侯区,103.977846,30.653879,4
宝器特色花椒鱼,catering,餐饮服务;中餐厅;中餐厅,武侯区,103.980789,30.653107,1
正院,catering,餐饮服务;中餐厅;中餐厅,武侯区,103.983259,30.658657,3
农家菜庄,catering,餐饮服务;中餐厅;中餐厅,武侯区,103.977099,30.653324,6
牛三签砂锅串串(清水河公园店),catering,餐饮服务;快餐厅;快餐厅,武侯区,103.982649,30.65475,1
鸿宏茶楼,catering,餐饮服务;茶艺馆;茶艺馆,武侯区,103.982487,30.650203,1
早点来(祥和街),catering,餐饮服务;中餐厅;中餐厅,武侯区,103.97823,30.654542,2
天悦养生会所,catering,餐饮服务;茶艺馆;茶艺馆,武侯区,103.975837,30.659128,4
琴姐茶楼,catering,餐饮服务;茶艺馆;茶艺馆,武侯区,103.977559,30.658753,1
林林茶楼,catering,餐饮服务;茶艺馆;茶艺馆,武侯区,103.976513,30.658693,3
蓝月茶坊,catering,餐饮服务;茶艺馆;茶艺馆,武侯区,103.980529,30.653931,3
特色炸牛排,catering,餐饮服务;外国餐厅;外国餐厅,武侯区,103.974963,30.653892,4
老字号,catering,餐饮服务;糕饼店;糕饼店,武侯区,103.978525,30.653308,3
周莽子羊肉米粉面条,catering,餐饮服务;中餐厅;中餐厅,武侯区,103.981811,30.649822,2
白家面,catering,餐饮服务;中餐厅;中餐厅,武侯区,103.981572,30.650674,3
鸿运饭店(万寿西路),catering,餐饮服务;中餐厅;中餐厅,武侯区,103.979525,30.658559,1
重庆小面(万康街),catering,餐饮服务;中餐厅;特色/地方风味餐厅,武侯区,103.977501,30.655035,1
锅梁家,catering,餐饮服务;中餐厅;火锅店,武侯区,103.977729,30.65271,1
佳和餐厅,catering,餐饮服务;中餐厅;中餐厅,武侯区,103.974579,30.65913,3
正宗简阳羊肉汤,catering,餐饮服务;中餐厅;中餐厅,武侯区,103.97542,30.650649,1
开心茶铺,catering,餐饮服务;茶艺馆;茶艺馆,武侯区,103.980524,30.658119,2
叶妹查渣面酸菜卤肉面,catering,餐饮服务;中餐厅;中餐厅,武侯区,103.976028,30.65029,1
胖娃简阳羊肉汤隆江猪脚饭,catering,餐饮服务;中餐厅;中餐厅,武侯区,103.976005,30.656229,1
签道,catering,餐饮服务;中餐厅;火锅店,武侯区,103.993737,30.650113,195
泰香,catering,餐饮服务;快餐厅;快餐厅,武侯区,103.991068,30.651969,23
雍雅山房(东坡店),catering,餐饮服务;中餐厅;火锅店,青羊区,103.993695,30.658768,1
雍雅河鲜馆(东坡店),catering,餐饮服务;中餐厅;火锅店,青羊区,103.993428,30.659567,1
陈氏小食堂,catering,餐饮服务;中餐厅;中餐厅,武侯区,103.99111,30.653862,6
葛味卤菜兔头,catering,餐饮服务;中餐厅;特色/地方风味餐厅,武侯区,103.992304,30.654523,1
汇生河鲜馆,catering,餐饮服务;中餐厅;海鲜酒楼,武侯区,103.985171,30.659513,1
水香阁,catering,餐饮服务;中餐厅;中餐厅,武侯区,103.983985,30.657992,2
蜀轩山庄,catering,餐饮服务;中餐厅;四川菜(川菜),武侯区,103.985437,30.656652,1
简阳廖氏羊肉汤,catering,餐饮服务;中餐厅;中餐厅,武侯区,103.989189,30.653547,1
圣端木,catering,餐饮服务;茶艺馆;茶艺馆,武侯区,103.98423,30.659131,2
中央花园家常菜,catering,餐饮服务;中餐厅;中餐厅,武侯区,103.993583,30.654518,1
厕所串串,catering,餐饮服务;中餐厅;中餐厅,武侯区,103.988669,30.65418,3
宜宾燃面(晋阳路),catering,餐饮服务;中餐厅;特色/地方风味餐厅,武侯区,103.987216,30.651127,1
冷妞香,catering,餐饮服务;中餐厅;中餐厅,武侯区,103.992582,30.655411,2
下岗小吃,catering,餐饮服务;快餐厅;快餐厅,武侯区,103.991892,30.653064,1
信谊快餐店,catering,餐饮服务;快餐厅;快餐厅,武侯区,103.991355,30.654727,1
蒲红饭店,catering,餐饮服务;中餐厅;中餐厅,武侯区,103.987279,30.655598,2
三姐大碗面,catering,餐饮服务;中餐厅;中餐厅,武侯区,103.986482,30.656677,1
南充米粉(沙堰西二街),catering,餐饮服务;中餐厅;中餐厅,武侯区,103.993228,30.655905,1
江家卤,catering,餐饮服务;中餐厅;中餐厅,武侯区,103.997986,30.656745,76
鸿达餐厅,catering,餐饮服务;中餐厅;中餐厅,武侯区,103.994848,30.652793,31
罗莎蛋糕(千盛店),catering,餐饮服务;糕饼店;糕饼店,武侯区,103.997503,30.652965,4
千圣茶楼,catering,餐饮服务;茶艺馆;茶艺馆,武侯区,103.99573,30.652011,21
余签,catering,餐饮服务;中餐厅;中餐厅,武侯区,103.99949,30.65353,113
影咖啡音乐茶书吧(晋阳路店),catering,餐饮服务;咖啡厅;咖啡厅,武侯区,103.997334,30.652256,2
土包子,catering,餐饮服务;快餐厅;快餐厅,武侯区,104.003139,30.651769,26
大盖亮馄饨·面,catering,餐饮服务;中餐厅;特色/地方风味餐厅,武侯区,103.997422,30.651608,4
丰雅阁,catering,餐饮服务;茶艺馆;茶艺馆,武侯区,103.994622,30.656303,11
红日茶馆,catering,餐饮服务;茶艺馆;茶艺馆,武侯区,103.998738,30.658932,2
爽姐家的藤藤菜私房菜,catering,餐饮服务;中餐厅;中餐厅,武侯区,104.002396,30.653313,1
闷墩牛杂串串(双楠店),catering,餐饮服务;中餐厅;特色/地方风味餐厅,武侯区,104.003647,30.65387,1
球迷啤酒广场,catering,餐饮服务;中餐厅;中餐厅,武侯区,104.00172,30.653048,4
奶茶工坊(千盛百货店),catering,餐饮服务;冷饮店;冷饮店,武侯区,103.994705,30.651961,1
玖拾玖,catering,餐饮服务;中餐厅;中餐厅,武侯区,104.002923,30.655629,4
食尚餐厅,catering,餐饮服务;中餐厅;中餐厅,武侯区,104.003415,30.65336,6
蓝·胖子,catering,餐饮服务;快餐厅;快餐厅,武侯区,103.996787,30.653376,1
红运茶楼,catering,餐饮服务;茶艺馆;茶艺馆,武侯区,103.99819,30.650778,2
食滋轩,catering,餐饮服务;中餐厅;中餐厅,武侯区,103.999843,30.658949,3
罗曼蛋糕,catering,餐饮服务;糕饼店;糕饼店,武侯区,103.995949,30.655514,1
老妈砂锅串串,catering,餐饮服务;中餐厅;特色/地方风味餐厅,武侯区,103.99796,30.650196,3
红运私房面,catering,餐饮服务;中餐厅;中餐厅,武侯区,104.002449,30.650294,1
顽味派,catering,餐饮服务;中餐厅;中餐厅,武侯区,103.996955,30.654153,1
龙潭御甲生态鱼庄,catering,餐饮服务;中餐厅;中餐厅,武侯区,104.002364,30.659012,2
棋牌茶馆,catering,餐饮服务;茶艺馆;茶艺馆,武侯区,103.996176,30.656487,1
邹师理发店带茶馆,catering,餐饮服务;茶艺馆;茶艺馆,武侯区,103.998526,30.651849,1
天添茶房,catering,餐饮服务;茶艺馆;茶艺馆,武侯区,104.001287,30.659292,1
很好吃的火锅,catering,餐饮服务;中餐厅;中餐厅,武侯区,104.011075,30.655103,3
吟味轩,catering,餐饮服务;中餐厅;综合酒楼|餐饮服务;茶艺馆;茶艺馆,武侯区,104.007465,30.652368,25
卓锦,catering,餐饮服务;中餐厅;中餐厅,武侯区,104.010513,30.649516,53
蓉秀中餐厅,catering,餐饮服务;中餐厅;中餐厅,武侯区,104.010582,30.654363,8
花间雅堤茶楼,catering,餐饮服务;茶艺馆;茶艺馆,武侯区,104.008968,30.655223,2
鹦鹉叙,catering,餐饮服务;休闲餐饮场所;休闲餐饮场所,武侯区,104.01371,30.650057,14
壶中春,catering,餐饮服务;茶艺馆;茶艺馆,武侯区,104.010579,30.652923,42
汇源小吃店,catering,餐饮服务;快餐厅;快餐厅,武侯区,104.008437,30.654377,3
鑫记牛肉面(龙华北路),catering,餐饮服务;中餐厅;中餐厅,武侯区,104.011039,30.651309,1
小桃园食府(成都花园店),catering,餐饮服务;中餐厅;中餐厅,青羊区,104.006785,30.659385,1
天天冒菜(沙堰店),catering,餐饮服务;中餐厅;中餐厅,青羊区,104.004574,30.658994,1
哞哞哒,catering,餐饮服务;外国餐厅;牛扒店(扒房),武侯区,104.013826,30.656797,5
七宝树茶楼,catering,餐饮服务;休闲餐饮场所;休闲餐饮场所,武侯区,104.006732,30.654249,1
锦官上林,catering,餐饮服务;中餐厅;综合酒楼,武侯区,104.004102,30.655344,3
拿破仑本家(龙腾路店),catering,餐饮服务;糕饼店;糕饼店,武侯区,104.011504,30.654406,1
乐山烧烤(清风街),catering,餐饮服务;中餐厅;特色/地方风味餐厅,青羊区,104.004048,30.65785,3
杨记生椒牛肉面,catering,餐饮服务;中餐厅;中餐厅,武侯区,104.003928,30.654598,2
黄牛大排牛杂火锅,catering,餐饮服务;中餐厅;火锅店,武侯区,104.010219,30.655286,1
开心一壶(龙湾店),catering,餐饮服务;茶艺馆;茶艺馆,武侯区,104.012651,30.655949,5
山居秋瞑茶寮,catering,餐饮服务;茶艺馆;茶艺馆,武侯区,104.008912,30.65376,2
沁颐轩茶艺,catering,餐饮服务;茶艺馆;茶艺馆,武侯区,104.012482,30.652242,2
西昌兄弟藿香竹签烧烤,catering,餐饮服务;中餐厅;特色/地方风味餐厅,武侯区,104.004698,30.654172,2
他山茶舍,catering,餐饮服务;茶艺馆;茶艺馆,青羊区,104.006113,30.65798,1
东韵美茶馆,catering,餐饮服务;茶艺馆;茶艺馆,青羊区,104.006144,30.658569,1
亚玲私房菜,catering,餐饮服务;中餐厅;中餐厅,青羊区,104.005545,30.65892,3
三佳宜,catering,餐饮服务;茶艺馆;茶艺馆,武侯区,104.014132,30.652147,33
華達會茶楼,catering,餐饮服务;茶艺馆;茶艺馆,武侯区,104.005965,30.651993,4
国怡茶楼,catering,餐饮服务;茶艺馆;茶艺馆,武侯区,104.012582,30.654322,1
西昌火盆烧烤(成都花园店),catering,餐饮服务;中餐厅;特色/地方风味餐厅,青羊区,104.0069,30.657914,2
minas配方营养餐,catering,餐饮服务;快餐厅;快餐厅,武侯区,104.013396,30.65405,1
金叶,catering,餐饮服务;休闲餐饮场所;休闲餐饮场所,青羊区,104.008156,30.65788,1
君堂,catering,餐饮服务;中餐厅;中餐厅,青羊区,104.007461,30.65723,1
柒柒澳门豆捞,catering,餐饮服务;中餐厅;中餐厅,武侯区,104.006806,30.65492,1
万宝龙虾,catering,餐饮服务;中餐厅;特色/地方风味餐厅,武侯区,104.00584,30.65324,1
茗记甜品,catering,餐饮服务;甜品店;甜品店,武侯区,104.005447,30.654067,1
清心茶缘,catering,餐饮服务;茶艺馆;茶艺馆,武侯区,104.007635,30.653847,1
卤味鲜,catering,餐饮服务;甜品店;甜品店,武侯区,104.014713,30.654108,10
土货,catering,餐饮服务;中餐厅;中餐厅,武侯区,104.022393,30.649963,133
骨汤牛肉米粉,catering,餐饮服务;中餐厅;四川菜(川菜),武侯区,104.017758,30.650017,18
顺风国际酒店茶坊,catering,餐饮服务;茶艺馆;茶艺馆,武侯区,104.020238,30.652293,2
乡村菜馆,catering,餐饮服务;中餐厅;中餐厅,青羊区,104.02222,30.654299,30
古镇遗风烧肥肠,catering,餐饮服务;中餐厅;中餐厅,武侯区,104.022782,30.653478,6
宝真堂,catering,餐饮服务;中餐厅;海鲜酒楼,武侯区,104.016002,30.651353,16
蓉杏酒楼(双楠店),catering,餐饮服务;中餐厅;综合酒楼,青羊区,104.021,30.654261,1
瑶轩,catering,餐饮服务;茶艺馆;茶艺馆,武侯区,104.015646,30.65321,15
盐帮菜,catering,餐饮服务;中餐厅;中餐厅,武侯区,104.015816,30.649475,11
一洋刺身(双楠伊藤店),catering,餐饮服务;外国餐厅;外国餐厅,武侯区,104.019315,30.650194,1
小草屋(龙腾街店),catering,餐饮服务;糕饼店;糕饼店,武侯区,104.015666,30.655515,2
CoCo都可茶饮(大石西路店),catering,餐饮服务;甜品店;甜品店,武侯区,104.021059,30.653808,1
黑龙渔韵,catering,餐饮服务;中餐厅;中餐厅,青羊区,104.019057,30.65792,4
绵阳米粉(清水河店),catering,餐饮服务;快餐厅;快餐厅,青羊区,104.020166,30.656774,2
厕所串串,catering,餐饮服务;中餐厅;特色/地方风味餐厅,武侯区,104.016525,30.653801,1
颐神茶坊,catering,餐饮服务;茶艺馆;茶艺馆,武侯区,104.017733,30.65237,7
素椒面,catering,餐饮服务;中餐厅;中餐厅,武侯区,104.01997,30.651548,1
三分地茶坊,catering,餐饮服务;茶艺馆;茶艺馆,武侯区,104.014988,30.655417,1
三六九茶府,catering,餐饮服务;茶艺馆;茶艺馆,武侯区,104.016258,30.653203,1
龙阁餐饮会所,catering,餐饮服务;中餐厅;中餐厅,武侯区,104.016252,30.65458,2
墨生紫园,catering,餐饮服务;茶艺馆;茶艺馆,武侯区,104.014942,30.656761,1
浣花茶苑,catering,餐饮服务;茶艺馆;茶艺馆,青羊区,104.021967,30.656363,1
川西茶廊,catering,餐饮服务;茶艺馆;茶艺馆,青羊区,104.023039,30.656829,1
开心包点(少陵路店),catering,餐饮服务;中餐厅;中餐厅,武侯区,104.020054,30.649648,1
龍宫鱼乐圈,catering,餐饮服务;中餐厅;中餐厅,武侯区,104.017532,30.653818,1
竹林小炒,catering,餐饮服务;中餐厅;中餐厅,武侯区,104.019035,30.654698,1
优优私房甜品,catering,餐饮服务;糕饼店;糕饼店,武侯区,104.01903,30.653288,1
姐妹茶庄,catering,餐饮服务;茶艺馆;茶艺馆,武侯区,104.024588,30.651214,3
潇湘阁,catering,餐饮服务;茶艺馆;茶艺馆,武侯区,104.031472,30.652776,41
门牙,catering,餐饮服务;中餐厅;中餐厅,武侯区,104.027124,30.651835,41
三江口,catering,餐饮服务;中餐厅;中餐厅,武侯区,104.02986,30.652512,19
琛记面馆,catering,餐饮服务;中餐厅;中餐厅,武侯区,104.026426,30.650154,3
好吃干拌面米线,catering,餐饮服务;中餐厅;中餐厅,武侯区,104.031691,30.650027,8
孙记水饺,catering,餐饮服务;中餐厅;特色/地方风味餐厅,武侯区,104.02735,30.649526,19
少陵路拾念,catering,餐饮服务;快餐厅;快餐厅,武侯区,104.028803,30.650136,5
牦牛肉,catering,餐饮服务;中餐厅;中餐厅,武侯区,104.032866,30.650793,11
浣花锦绣家常菜馆,catering,餐饮服务;中餐厅;中餐厅,青羊区,104.031696,30.65917,1
包味客(紫藤店),catering,餐饮服务;中餐厅;特色/地方风味餐厅,武侯区,104.024632,30.652384,3
有菜私房菜,catering,餐饮服务;中餐厅;中餐厅,武侯区,104.023751,30.651569,1
希苑,catering,餐饮服务;茶艺馆;茶艺馆,武侯区,104.032742,30.647582,66
爱巴适鲜奶吧,catering,餐饮服务;糕饼店;糕饼店,武侯区,104.02452,30.653148,2
传统蘸水,catering,餐饮服务;中餐厅;中餐厅,武侯区,104.030683,30.649445,14
真心汤包,catering,餐饮服务;中餐厅;特色/地方风味餐厅,武侯区,104.03318,30.651364,2
海拔3000(少陵路店),catering,餐饮服务;中餐厅;特色/地方风味餐厅,武侯区,104.029661,30.650694,1
金地红川菜馆,catering,餐饮服务;中餐厅;四川菜(川菜),武侯区,104.028623,30.651774,4
斗茶(浣花滨河路店),catering,餐饮服务;茶艺馆;茶艺馆,青羊区,104.029442,30.656363,1
知竹吧,catering,餐饮服务;休闲餐饮场所;休闲餐饮场所,青羊区,104.025934,30.657645,1
大话三国,catering,餐饮服务;中餐厅;中餐厅,青羊区,104.027959,30.656344,1
金芭丽茶坊,catering,餐饮服务;茶艺馆;茶艺馆,武侯区,104.023909,30.653315,1
汇君阁茶坊,catering,餐饮服务;茶艺馆;茶艺馆,青羊区,104.033262,30.653815,1
汉源特色·私房菜,catering,餐饮服务;中餐厅;中餐厅,武侯区,104.031426,30.651673,3
雅读轩,catering,餐饮服务;茶艺馆;茶艺馆,武侯区,104.034181,30.65001,13
开荣大饼店,catering,餐饮服务;中餐厅;中餐厅,青羊区,104.030606,30.656402,2
玛卡火锅(大石西路店),catering,餐饮服务;中餐厅;火锅店,青羊区,104.025997,30.653551,1
金钥匙公寓餐饮,catering,餐饮服务;中餐厅;中餐厅,武侯区,104.025574,30.653186,1
草堂食堂,catering,餐饮服务;中餐厅;中餐厅,青羊区,104.025756,30.655229,1
曼听烤鸡,catering,餐饮服务;中餐厅;中餐厅,武侯区,104.028795,30.653031,2
千层月,catering,餐饮服务;糕饼店;糕饼店,武侯区,104.030296,30.651402,1
奇月家常面,catering,餐饮服务;中餐厅;中餐厅,青羊区,104.041847,30.654318,20
兰园茶苑,catering,餐饮服务;茶艺馆;茶艺馆,青羊区,104.03848,30.658885,4
小龙套,catering,餐饮服务;快餐厅;快餐厅,武侯区,104.038323,30.64985,30
庭苑,catering,餐饮服务;中餐厅;中餐厅,青羊区,104.038638,30.655422,32
蜀九香火锅酒楼(东轩店),catering,餐饮服务;中餐厅;火锅店,青羊区,104.037425,30.657842,1
花遍地,catering,餐饮服务;茶艺馆;茶艺馆,青羊区,104.03606,30.655316,1
青乐园,catering,餐饮服务;中餐厅;中餐厅,武侯区,104.034518,30.651458,14
铺盖面,catering,餐饮服务;中餐厅;中餐厅,武侯区,104.038768,30.6525,13
御树茶坊,catering,餐饮服务;茶艺馆;茶艺馆,青羊区,104.04257,30.656728,6
麦歌扉门,catering,餐饮服务;中餐厅;中餐厅,青羊区,104.035931,30.659373,1
小马豌豆面,catering,餐饮服务;中餐厅;中餐厅,武侯区,104.038916,30.650955,5
张烧烤,catering,餐饮服务;中餐厅;特色/地方风味餐厅,青羊区,104.035898,30.658565,9
金典小菜,catering,餐饮服务;中餐厅;中餐厅,青羊区,104.037471,30.656708,2
园丁苑,catering,餐饮服务;中餐厅;中餐厅,武侯区,104.04346,30.651228,9
甜甜花坊,catering,餐饮服务;糕饼店;糕饼店,武侯区,104.034967,30.653118,2
星连心茶餐厅(一环路西一段),catering,餐饮服务;快餐厅;茶餐厅,武侯区,104.039689,30.652967,1
Yoyo茶饮(体院店),catering,餐饮服务;冷饮店;冷饮店,武侯区,104.042325,30.65106,1
桑瑞茶坊,catering,餐饮服务;茶艺馆;茶艺馆,武侯区,104.037191,30.652235,6
芳邻旧事,catering,餐饮服务;中餐厅;中餐厅,青羊区,104.04138,30.656992,4
妙道,catering,餐饮服务;茶艺馆;茶艺馆,青羊区,104.039763,30.657465,11
景尚品茗茶馆,catering,餐饮服务;茶艺馆;茶艺馆,武侯区,104.035722,30.653442,4
茗溪楼,catering,餐饮服务;茶艺馆;茶艺馆,青羊区,104.034105,30.653639,3
川派肉夹馍,catering,餐饮服务;中餐厅;特色/地方风味餐厅,青羊区,104.037536,30.658592,1
聚贤堂,catering,餐饮服务;茶艺馆;茶艺馆,青羊区,104.037705,30.65518,5
初美,catering,餐饮服务;茶艺馆;茶艺馆,青羊区,104.043572,30.654596,3
守候茶楼,catering,餐饮服务;茶艺馆;茶艺馆,青羊区,104.038294,30.657871,1
汇缘家宴,catering,餐饮服务;中餐厅;中餐厅,青羊区,104.04048,30.659378,1
毓秀·我的客厅,catering,餐饮服务;外国餐厅;西餐厅(综合风味),青羊区,104.043309,30.655278,2
乐山跷脚牛肉馆,catering,餐饮服务;中餐厅;中餐厅,青羊区,104.036579,30.657945,1
天天见面(百花东路),catering,餐饮服务;中餐厅;中餐厅,青羊区,104.041932,30.655957,1
风味小吃,catering,餐饮服务;快餐厅;快餐厅,武侯区,104.034176,30.651914,1
定制私房菜,catering,餐饮服务;中餐厅;中餐厅,武侯区,104.036833,30.653106,1
小竹签,catering,餐饮服务;中餐厅;特色/地方风味餐厅,武侯区,104.054572,30.648778,132
隆中对,catering,餐饮服务;中餐厅;中餐厅,武侯区,104.046883,30.650076,48
浩予饭店,catering,餐饮服务;中餐厅;中餐厅,青羊区,104.050176,30.656118,12
鸡汤铺子,catering,餐饮服务;中餐厅;四川菜(川菜),青羊区,104.050493,30.657431,19
达州酸辣鸡,catering,餐饮服务;中餐厅;中餐厅,青羊区,104.044107,30.658138,8
伊诺咖啡(小南街),catering,餐饮服务;咖啡厅;咖啡厅,青羊区,104.051022,30.656412,4
多味居,catering,餐饮服务;中餐厅;东北菜,青羊区,104.052695,30.658694,13
九香居,catering,餐饮服务;中餐厅;四川菜(川菜),青羊区,104.053543,30.655141,5
武侯艺术咖啡,catering,餐饮服务;咖啡厅;咖啡厅,武侯区,104.044851,30.649701,1
悦扬茶坊,catering,餐饮服务;茶艺馆;茶艺馆,青羊区,104.053866,30.656474,12
西木里,catering,餐饮服务;中餐厅;中餐厅,青羊区,104.050198,30.658719,4
香会美食,catering,餐饮服务;中餐厅;中餐厅,青羊区,104.045081,30.656715,8
司令兔丁,catering,餐饮服务;中餐厅;火锅店,青羊区,104.047432,30.655771,6
现代茶坊,catering,餐饮服务;茶艺馆;茶艺馆,青羊区,104.046565,30.655169,3
天馨休闲茶楼,catering,餐饮服务;茶艺馆;茶艺馆,武侯区,104.052322,30.652682,1
锦西茶苑,catering,餐饮服务;茶艺馆;茶艺馆,青羊区,104.045436,30.655296,2
快乐悠悠,catering,餐饮服务;冷饮店;冷饮店,武侯区,104.045526,30.650022,4
永人面馆,catering,餐饮服务;中餐厅;中餐厅,武侯区,104.050482,30.652198,5
无名居(倒桑树街),catering,餐饮服务;中餐厅;中餐厅,武侯区,104.050965,30.653717,1
77度Coffee,catering,餐饮服务;咖啡厅;咖啡厅,青羊区,104.050653,30.659371,1
咖啡广场(汪家拐街道城管执法中队东),catering,餐饮服务;咖啡厅;咖啡厅,青羊区,104.050916,30.658975,1
储缘蛋糕(金麦利西饼屋),catering,餐饮服务;糕饼店;糕饼店,青羊区,104.052972,30.659203,1
六度,catering,餐饮服务;中餐厅;特色/地方风味餐厅|餐饮服务;茶艺馆;茶艺馆,青羊区,104.053181,30.653263,1
青羊区干休所食堂,catering,餐饮服务;中餐厅;中餐厅,青羊区,104.045226,30.658131,1
哈乐雪,catering,餐饮服务;糕饼店;糕饼店,青羊区,104.057564,30.656717,28
城市名人集团,catering,餐饮服务;外国餐厅;西餐厅(综合风味)|公司企业;公司;公司,青羊区,104.063009,30.656514,8
帕蔻,catering,餐饮服务;外国餐厅;法式菜品餐厅,青羊区,104.057954,30.651034,10
尚美轩,catering,餐饮服务;中餐厅;综合酒楼,锦江区,104.062838,30.6528,8
老格篼,catering,餐饮服务;中餐厅;四川菜(川菜),青羊区,104.059563,30.65695,19
双泉楼,catering,餐饮服务;咖啡厅;咖啡厅,青羊区,104.054307,30.658154,8
西姆咖啡餐吧,catering,餐饮服务;咖啡厅;咖啡厅,青羊区,104.063062,30.657746,2
阿香厨房,catering,餐饮服务;中餐厅;中餐厅,青羊区,104.062852,30.658387,7
空茶杯茶坊,catering,餐饮服务;茶艺馆;茶艺馆,青羊区,104.056513,30.655839,9
宽汤面,catering,餐饮服务;快餐厅;快餐厅,青羊区,104.054721,30.654332,29
锦悦法餐厅,catering,餐饮服务;外国餐厅;法式菜品餐厅,锦江区,104.061437,30.650332,6
银杏(金阁店),catering,餐饮服务;中餐厅;综合酒楼,青羊区,104.054805,30.652055,1
彩蝶明轩,catering,餐饮服务;中餐厅;综合酒楼,锦江区,104.059359,30.649989,3
紫薇阁,catering,餐饮服务;中餐厅;特色/地方风味餐厅,青羊区,104.05635,30.659166,5
小麦初生,catering,餐饮服务;快餐厅;快餐厅,锦江区,104.062483,30.650663,6
廖记棒棒鸡(红照壁店),catering,餐饮服务;中餐厅;中餐厅,锦江区,104.062237,30.654728,1
冒牌菜,catering,餐饮服务;中餐厅;中餐厅,青羊区,104.056064,30.652935,11
艾玛小厨(君平店),catering,餐饮服务;中餐厅;中餐厅,青羊区,104.055112,30.657588,3
上池面馆,catering,餐饮服务;中餐厅;中餐厅,青羊区,104.055678,30.651803,10
喜儿快餐,catering,餐饮服务;中餐厅;中餐厅,青羊区,104.058097,30.652817,16
老益康茶楼,catering,餐饮服务;茶艺馆;茶艺馆,青羊区,104.060973,30.654316,7
小厨师自选快餐,catering,餐饮服务;中餐厅;中餐厅,青羊区,104.05863,30.658506,3
德里森,catering,餐饮服务;休闲餐饮场所;休闲餐饮场所,青羊区,104.055281,30.65678,5
东北大福饺子,catering,餐饮服务;中餐厅;特色/地方风味餐厅,青羊区,104.060727,30.656924,2
小心眼子,catering,餐饮服务;甜品店;甜品店,青羊区,104.057236,30.651832,7
Talk,catering,餐饮服务;咖啡厅;咖啡厅,锦江区,104.063018,30.654321,2
快8自选快餐,catering,餐饮服务;中餐厅;中餐厅,青羊区,104.058526,30.6579,2
包租婆面馆,catering,餐饮服务;中餐厅;特色/地方风味餐厅,青羊区,104.058878,30.653837,1
甜蜜宝贝(旗舰店),catering,餐饮服务;冷饮店;冷饮店,青羊区,104.062438,30.656894,1
妖花儿餐吧,catering,餐饮服务;中餐厅;中餐厅,青羊区,104.057492,30.655696,2
乐蜗意面,catering,餐饮服务;外国餐厅;西餐厅(综合风味),锦江区,104.059914,30.650691,1
阿么茶饮,catering,餐饮服务;甜品店;甜品店,青羊区,104.058941,30.659059,1
六味面(金盾路),catering,餐饮服务;中餐厅;中餐厅,青羊区,104.061147,30.655324,3
少城茶园(人民公园店),catering,餐饮服务;茶艺馆;茶艺馆,青羊区,104.055151,30.65865,1
圆满堂川菜馆(东一环店),catering,餐饮服务;中餐厅;四川菜(川菜),锦江区,104.060085,30.651839,1
东南风茶房,catering,餐饮服务;茶艺馆;茶艺馆,青羊区,104.054243,30.65309,3
谭氏官府菜(成都旗舰店),catering,餐饮服务;中餐厅;综合酒楼,青羊区,104.060492,30.653814,1
楼上楼家宴馆(锦里东路),catering,交通设施服务;停车场;公共停车场|餐饮服务;中餐厅;中餐厅,锦江区,104.060539,30.649964,1
海味馄饨摊,catering,餐饮服务;快餐厅;快餐厅,青羊区,104.061965,30.657305,1
糕糕尚皇家蛋糕(锦里东路店),catering,餐饮服务;糕饼店;糕饼店,青羊区,104.057074,30.651163,2
锦江宾馆锦苑楼-中餐厅,catering,餐饮服务;中餐厅;中餐厅,锦江区,104.061178,30.651237,1
李记兔肉(上池正街),catering,餐饮服务;中餐厅;中餐厅,青羊区,104.054721,30.652637,1
高升桥店,catering,餐饮服务;中餐厅;中餐厅,青羊区,104.062,30.65784,1
嘻嘻餐馆,catering,餐饮服务;中餐厅;中餐厅,青羊区,104.054656,30.655812,2
康庭厨艺,catering,餐饮服务;中餐厅;中餐厅,青羊区,104.06001,30.653435,1
啵啵斯(锦江店),catering,餐饮服务;快餐厅;快餐厅,锦江区,104.058918,30.65043,1
大味,catering,餐饮服务;外国餐厅;外国餐厅,锦江区,104.064743,30.65783,63
贰辣面馆,catering,餐饮服务;中餐厅;中餐厅,锦江区,104.068192,30.651345,14
香草山咖啡音乐书吧,catering,餐饮服务;休闲餐饮场所;休闲餐饮场所,锦江区,104.068979,30.6531,2
水津轩,catering,餐饮服务;中餐厅;四川菜(川菜),锦江区,104.064736,30.651464,18
万签汇,catering,餐饮服务;中餐厅;火锅店,锦江区,104.064616,30.654308,24
海悦轩,catering,餐饮服务;中餐厅;火锅店,锦江区,104.070805,30.655129,4
南京盐焗鸡,catering,餐饮服务;快餐厅;快餐厅,锦江区,104.069957,30.653332,10
皇宫餐厅,catering,餐饮服务;中餐厅;中餐厅,锦江区,104.066186,30.649729,8
向上咖啡,catering,餐饮服务;咖啡厅;咖啡厅,锦江区,104.06429,30.655464,7
以诚冒菜,catering,餐饮服务;中餐厅;中餐厅,锦江区,104.065403,30.65551,5
台湾粥早餐店,catering,餐饮服务;快餐厅;快餐厅,锦江区,104.063904,30.656045,2
老陕味道,catering,餐饮服务;中餐厅;中餐厅,锦江区,104.0733,30.651549,18
实强咖啡贸易,catering,餐饮服务;咖啡厅;咖啡厅,锦江区,104.066516,30.653542,2
三味诚面庄,catering,餐饮服务;中餐厅;中餐厅,锦江区,104.069621,30.650423,6
咖啡生活(锦图店),catering,餐饮服务;咖啡厅;咖啡厅,锦江区,104.066441,30.654519,2
兄弟面(新半边街),catering,餐饮服务;中餐厅;中餐厅,锦江区,104.069516,30.654552,2
茶香思茶饮店,catering,餐饮服务;冷饮店;冷饮店,锦江区,104.069176,30.651103,2
51披萨,catering,餐饮服务;外国餐厅;外国餐厅,锦江区,104.069991,30.651221,1
私房猫,catering,餐饮服务;中餐厅;中餐厅,锦江区,104.067191,30.651893,1
馋嘴花甲米线,catering,餐饮服务;快餐厅;快餐厅,锦江区,104.071245,30.650193,1
无铭面馆,catering,餐饮服务;中餐厅;中餐厅,锦江区,104.065187,30.652862,3
哈尔滨烤饼店(指挥街店),catering,餐饮服务;糕饼店;糕饼店,锦江区,104.065345,30.653472,1
锦江区全萍干杂店,catering,餐饮服务;快餐厅;快餐厅,锦江区,104.068097,30.652806,1
小院茶室,catering,餐饮服务;茶艺馆;茶艺馆,锦江区,104.071307,30.653466,4
思味思我,catering,餐饮服务;糕饼店;糕饼店,锦江区,104.067018,30.658656,1
优品家羊肉汤,catering,餐饮服务;中餐厅;特色/地方风味餐厅,锦江区,104.064457,30.656714,2
小钱厨房,catering,餐饮服务;快餐厅;快餐厅,锦江区,104.069213,30.653527,1
四合院(光大巷),catering,餐饮服务;中餐厅;中餐厅,锦江区,104.072443,30.652653,1
锦兴美食,catering,餐饮服务;快餐厅;快餐厅,锦江区,104.070797,30.652014,1
馒头先生女仆咖啡,catering,餐饮服务;咖啡厅;咖啡厅,锦江区,104.071626,30.650618,1
对面,catering,餐饮服务;中餐厅;中餐厅,锦江区,104.077882,30.65404,406
井记乐山名小吃,catering,餐饮服务;快餐厅;快餐厅,锦江区,104.082317,30.651176,14
85c,catering,餐饮服务;糕饼店;糕饼店,锦江区,104.078865,30.657359,30
解香私房菜,catering,餐饮服务;中餐厅;中餐厅,锦江区,104.079234,30.651995,4
Tivano意大利餐厅,catering,餐饮服务;外国餐厅;意式菜品餐厅,锦江区,104.082,30.653704,1
石锅耙泥鳅养生板栗鸡煲旗舰店,catering,餐饮服务;中餐厅;四川菜(川菜),锦江区,104.081524,30.658556,1
三号院,catering,餐饮服务;中餐厅;中餐厅,锦江区,104.077871,30.656975,18
Let's Seafood(成都远洋太古里),catering,餐饮服务;外国餐厅;西餐厅(综合风味),锦江区,104.080522,30.656749,1
花肆日料,catering,餐饮服务;外国餐厅;日本料理,锦江区,104.08005,30.64996,3
十里香鸡翅包饭,catering,餐饮服务;中餐厅;中餐厅,锦江区,104.080621,30.658484,3
祝家菜川菜馆,catering,餐饮服务;中餐厅;四川菜(川菜),锦江区,104.083354,30.652678,7
宜北町(成都远洋太古里),catering,餐饮服务;快餐厅;茶餐厅,锦江区,104.07893,30.655528,8
美心翠园,catering,餐饮服务;中餐厅;中餐厅,锦江区,104.079112,30.658438,6
绘生活,catering,餐饮服务;快餐厅;快餐厅,锦江区,104.079353,30.652581,5
壹点壹客(配送点),catering,餐饮服务;糕饼店;糕饼店,锦江区,104.080621,30.652299,2
The Temple Cafe咖啡厅,catering,餐饮服务;咖啡厅;咖啡厅,锦江区,104.082396,30.654329,1
一会一味,catering,餐饮服务;外国餐厅;日本料理|体育休闲服务;娱乐场所;酒吧,锦江区,104.080684,30.649142,16
若缘,catering,餐饮服务;快餐厅;快餐厅,锦江区,104.083241,30.649168,5
章鱼厨房,catering,餐饮服务;中餐厅;海鲜酒楼,锦江区,104.079274,30.65009,2
云南米线,catering,餐饮服务;中餐厅;中餐厅,锦江区,104.078999,30.656356,2
若家分时餐厅(喜年店),catering,餐饮服务;中餐厅;中餐厅,锦江区,104.080247,30.650958,1
赛老妈兔头,catering,餐饮服务;中餐厅;特色/地方风味餐厅,锦江区,104.074541,30.650238,4
豆豆绣眉,catering,餐饮服务;甜品店;甜品店,锦江区,104.075054,30.6543,1
粟菜专业快餐配送中心,catering,餐饮服务;快餐厅;快餐厅|餐饮服务;中餐厅;中餐厅,锦江区,104.080327,30.651746,3
鸡排盒子,catering,餐饮服务;中餐厅;特色/地方风味餐厅,锦江区,104.081017,30.657734,1
暴躁小龙虾,catering,餐饮服务;中餐厅;特色/地方风味餐厅,锦江区,104.083309,30.653742,3
鲜味菜馆(铜井巷),catering,餐饮服务;中餐厅;中餐厅,锦江区,104.075016,30.650729,1
牛掌门,catering,餐饮服务;中餐厅;中餐厅,锦江区,104.085653,30.651629,5
石堂,catering,餐饮服务;中餐厅;四川菜(川菜),锦江区,104.090591,30.649784,70
粤遇,catering,餐饮服务;中餐厅;中餐厅,锦江区,104.084646,30.6565,144
午荟,catering,餐饮服务;快餐厅;快餐厅,锦江区,104.087941,30.651425,145
哦火,catering,餐饮服务;中餐厅;中餐厅,成华区,104.087664,30.656809,118
锅儿菜,catering,餐饮服务;中餐厅;中餐厅,成华区,104.092692,30.657917,38
小食代白领餐厅,catering,餐饮服务;中餐厅;中餐厅,锦江区,104.088529,30.649709,4
鲁小三,catering,餐饮服务;中餐厅;海鲜酒楼,成华区,104.090093,30.654848,13
百味,catering,餐饮服务;冷饮店;冷饮店,锦江区,104.092755,30.650844,23
黑眼熊寿司·茶饮,catering,餐饮服务;外国餐厅;日本料理,锦江区,104.091087,30.65263,1
锅记煲仔,catering,餐饮服务;快餐厅;快餐厅,锦江区,104.086441,30.650264,6
老蜀人,catering,餐饮服务;中餐厅;四川菜(川菜),锦江区,104.086993,30.658551,20
黄姐面,catering,餐饮服务;中餐厅;中餐厅,锦江区,104.08567,30.657145,8
川东茶府,catering,餐饮服务;茶艺馆;茶艺馆,成华区,104.090744,30.658739,10
秦川号,catering,餐饮服务;中餐厅;四川菜(川菜),锦江区,104.086334,30.652913,21
再会苑,catering,餐饮服务;茶艺馆;茶艺馆,锦江区,104.089191,30.653641,6
巢cafe,catering,餐饮服务;咖啡厅;咖啡厅,锦江区,104.085174,30.649985,1
大红锅,catering,餐饮服务;中餐厅;中餐厅,锦江区,104.091048,30.651803,2
花园酒楼,catering,餐饮服务;中餐厅;中餐厅,锦江区,104.091947,30.65308,3
薇轩,catering,餐饮服务;快餐厅;茶餐厅,锦江区,104.090151,30.651298,2
华丽快餐,catering,餐饮服务;快餐厅;快餐厅,锦江区,104.084162,30.650331,4
井姐家私房菜,catering,餐饮服务;中餐厅;中餐厅,锦江区,104.08638,30.650914,1
清粥渔家,catering,餐饮服务;中餐厅;中餐厅,成华区,104.092467,30.654055,8
乐卡夫(大慈寺店),catering,餐饮服务;冷饮店;冷饮店,锦江区,104.083881,30.656756,2
胃好胃,catering,餐饮服务;快餐厅;快餐厅,锦江区,104.086304,30.652176,2
sister便利店,catering,餐饮服务;快餐厅;快餐厅,锦江区,104.084564,30.649675,1
瑞星茶府,catering,餐饮服务;茶艺馆;茶艺馆,锦江区,104.087556,30.659358,1
双流手工肥肠粉(一环路东四段)(五洲男健医院南),catering,餐饮服务;中餐厅;中餐厅,锦江区,104.092075,30.65042,1
绿香绿,catering,餐饮服务;糕饼店;糕饼店,锦江区,104.091949,30.650858,1
谈谈茶道,catering,餐饮服务;茶艺馆;茶艺馆,锦江区,104.090505,30.651839,1
一味鲜,catering,餐饮服务;快餐厅;快餐厅,成华区,104.093186,30.652774,2
花源居,catering,餐饮服务;中餐厅;中餐厅,锦江区,104.086084,30.649347,2
胡记棒棒鸡(天祥寺店),catering,餐饮服务;中餐厅;中餐厅,成华区,104.089329,30.658624,1
一心烘焙(萝莉花舞),catering,餐饮服务;糕饼店;糕饼店,成华区,104.09143,30.654035,1
清波里,catering,餐饮服务;中餐厅;中餐厅,成华区,104.09326,30.654977,4
皇姑酒楼(七年店),catering,餐饮服务;快餐厅;快餐厅,成华区,104.089311,30.656465,1
鱼之轩,catering,餐饮服务;中餐厅;中餐厅,成华区,104.089083,30.655549,2
周妹茶坊,catering,餐饮服务;茶艺馆;茶艺馆,成华区,104.089444,30.657712,1
蜀苑快餐,catering,餐饮服务;中餐厅;中餐厅,锦江区,104.099103,30.649489,14
三号铺,catering,餐饮服务;中餐厅;中餐厅,成华区,104.098844,30.655245,61
鸿顺才,catering,餐饮服务;中餐厅;中餐厅,成华区,104.103339,30.656683,24
山火锅,catering,餐饮服务;中餐厅;中餐厅,成华区,104.095945,30.651714,93
不是虾吹,catering,餐饮服务;中餐厅;海鲜酒楼,成华区,104.09917,30.651948,2
如约,catering,餐饮服务;中餐厅;中餐厅,成华区,104.09526,30.656594,19
等一虾,catering,餐饮服务;中餐厅;特色/地方风味餐厅,锦江区,104.096465,30.648326,110
醉峨眉,catering,餐饮服务;中餐厅;中餐厅,成华区,104.101048,30.650116,16
简州小菜,catering,餐饮服务;中餐厅;中餐厅,成华区,104.10113,30.658108,6
王小腰,catering,餐饮服务;中餐厅;中餐厅,成华区,104.095315,30.654152,10
北美烤肉饭,catering,餐饮服务;快餐厅;快餐厅,成华区,104.093989,30.653566,9
开心串,catering,餐饮服务;中餐厅;中餐厅,成华区,104.094461,30.655132,21
可可密,catering,餐饮服务;糕饼店;糕饼店,成华区,104.103067,30.652978,11
波拉萨西饼屋,catering,餐饮服务;糕饼店;糕饼店,成华区,104.101862,30.649621,3
大鹏私房面,catering,餐饮服务;中餐厅;中餐厅,成华区,104.098249,30.651008,6
劲道手工肥肠粉,catering,餐饮服务;中餐厅;中餐厅,成华区,104.102006,30.656958,4
云尚庄园(新华公园店),catering,餐饮服务;中餐厅;中餐厅|餐饮服务;茶艺馆;茶艺馆,成华区,104.099925,30.658772,1
一品香包子铺,catering,餐饮服务;快餐厅;快餐厅,成华区,104.101472,30.656101,4
特色家常面,catering,餐饮服务;中餐厅;中餐厅,成华区,104.0965,30.657725,2
天富盒饭,catering,餐饮服务;中餐厅;中餐厅,成华区,104.098718,30.657087,6
联晨一品饼,catering,餐饮服务;快餐厅;快餐厅,成华区,104.101558,30.65346,5
老面专卖店,catering,餐饮服务;中餐厅;特色/地方风味餐厅,成华区,104.098639,30.652383,1
九品留香茶铺,catering,餐饮服务;茶艺馆;茶艺馆,成华区,104.102968,30.659039,2
财包子,catering,餐饮服务;快餐厅;快餐厅,成华区,104.09807,30.652366,2
至善金沙茶艺馆,catering,餐饮服务;茶艺馆;茶艺馆,锦江区,104.094162,30.651744,1
锦江花园月饼(水碾河店),catering,餐饮服务;糕饼店;糕饼店,成华区,104.097018,30.650892,1
攀钢成都医院营养食堂,catering,餐饮服务;中餐厅;中餐厅,成华区,104.099923,30.65157,1
焙司特蛋糕工作室,catering,餐饮服务;糕饼店;糕饼店,成华区,104.095326,30.658467,1
米先生桂林家乡老汤牛肉粉(外卖成华区),catering,餐饮服务;中餐厅;特色/地方风味餐厅,成华区,104.101063,30.652081,1
叁好龙虾馆,catering,餐饮服务;中餐厅;特色/地方风味餐厅,成华区,104.102567,30.64976,1
贵州特色小吃,catering,餐饮服务;快餐厅;快餐厅,成华区,104.098188,30.651622,1
面对面(双林一巷),catering,餐饮服务;中餐厅;中餐厅,成华区,104.097828,30.657983,1
何员外私房菜,catering,餐饮服务;中餐厅;中餐厅,成华区,104.101605,30.65246,1
千色云南,catering,餐饮服务;中餐厅;中餐厅,成华区,104.112984,30.652114,41
铺盖面,catering,餐饮服务;中餐厅;中餐厅,成华区,104.108397,30.656592,62
石山海,catering,餐饮服务;快餐厅;快餐厅,成华区,104.107325,30.654058,62
一家小吃,catering,餐饮服务;中餐厅;中餐厅,成华区,104.106555,30.651156,8
兔匪,catering,餐饮服务;中餐厅;四川菜(川菜),成华区,104.109657,30.650917,97
顺鑫海鲜,catering,餐饮服务;中餐厅;中餐厅,成华区,104.106297,30.65202,15
泸州发糕店,catering,餐饮服务;糕饼店;糕饼店,成华区,104.110703,30.655558,2
小林串串香,catering,餐饮服务;中餐厅;特色/地方风味餐厅,成华区,104.112138,30.656486,2
夲富法式铁板烧,catering,餐饮服务;外国餐厅;法式菜品餐厅,成华区,104.111818,30.651662,2
成东快餐,catering,餐饮服务;快餐厅;快餐厅,成华区,104.112534,30.655597,4
逸果,catering,餐饮服务;甜品店;甜品店,成华区,104.110188,30.654293,30
精英生态茶楼,catering,餐饮服务;茶艺馆;茶艺馆,成华区,104.111714,30.653726,4
蒸善美,catering,餐饮服务;中餐厅;特色/地方风味餐厅,成华区,104.104696,30.653644,46
第一时鲜,catering,餐饮服务;糕饼店;糕饼店,成华区,104.105367,30.650359,23
浪漫鼠(双林店),catering,餐饮服务;休闲餐饮场所;休闲餐饮场所,成华区,104.105679,30.656472,1
合口味餐厅(二环路东三段),catering,餐饮服务;中餐厅;中餐厅,成华区,104.112103,30.654836,1
奶茶工坊,catering,餐饮服务;冷饮店;冷饮店,成华区,104.10717,30.657454,2
摄生茶庐,catering,餐饮服务;茶艺馆;茶艺馆,成华区,104.104724,30.656516,3
辣晕了火锅米线(双桥子店),catering,餐饮服务;中餐厅;特色/地方风味餐厅,成华区,104.105853,30.652407,1
情卤鱼,catering,餐饮服务;外国餐厅;韩国料理,成华区,104.114308,30.658122,53
屌丝冒菜,catering,餐饮服务;中餐厅;中餐厅,成华区,104.114503,30.653565,14
银河茶坊,catering,餐饮服务;茶艺馆;茶艺馆,成华区,104.112864,30.653594,2
何眼镜苗寨竹笋鸡,catering,餐饮服务;中餐厅;中餐厅,成华区,104.109323,30.65225,2
山野茶园,catering,餐饮服务;茶艺馆;茶艺馆,成华区,104.104298,30.657861,1
石中林茶屋,catering,餐饮服务;茶艺馆;茶艺馆,成华区,104.108981,30.651481,2
天天烧烤屋,catering,餐饮服务;中餐厅;特色/地方风味餐厅,成华区,104.112985,30.65492,2
发兴切面,catering,餐饮服务;快餐厅;快餐厅,成华区,104.111259,30.656293,3
欧美宜大茶楼,catering,餐饮服务;茶艺馆;茶艺馆,成华区,104.112668,30.654077,1
蒸饺馄饨大王(双园巷),catering,餐饮服务;中餐厅;中餐厅,成华区,104.105462,30.657203,1
好友记大世面,catering,餐饮服务;中餐厅;四川菜(川菜),成华区,104.113752,30.657111,4
王记奶屋,catering,餐饮服务;快餐厅;快餐厅,成华区,104.104472,30.655993,1
口蘑老面馆(万年场横街),catering,餐饮服务;中餐厅;中餐厅,成华区,104.110515,30.658454,1
连兴茶铺,catering,餐饮服务;茶艺馆;茶艺馆,成华区,104.104167,30.649327,3
老年之家小李私家菜,catering,餐饮服务;中餐厅;中餐厅,成华区,104.107311,30.658276,1
拉面,catering,餐饮服务;快餐厅;快餐厅,成华区,104.118152,30.654448,96
豆汤饭店,catering,餐饮服务;中餐厅;中餐厅,成华区,104.120367,30.653417,10
城市特色菜,catering,餐饮服务;中餐厅;中餐厅,成华区,104.123184,30.652428,7
蜜罐甜品,catering,餐饮服务;糕饼店;糕饼店,成华区,104.1149,30.655061,2
内江菜馆,catering,餐饮服务;中餐厅;中餐厅,成华区,104.118588,30.650691,11
安德鲁森(双庆店),catering,餐饮服务;糕饼店;糕饼店,成华区,104.115996,30.653489,2
虾独道,catering,餐饮服务;中餐厅;海鲜酒楼,成华区,104.118254,30.657886,12
极度花园餐吧(双庆路店),catering,餐饮服务;中餐厅;特色/地方风味餐厅,成华区,104.122538,30.652601,1
二十四城文化馆,catering,餐饮服务;茶艺馆;茶艺馆|科教文化服务;文化宫;文化宫,成华区,104.115465,30.650268,2
馄饨王,catering,餐饮服务;快餐厅;快餐厅,成华区,104.116128,30.649638,5
新蜀府,catering,餐饮服务;中餐厅;综合酒楼,成华区,104.113701,30.655627,1
喜相逢客家私房菜(积步东巷),catering,餐饮服务;中餐厅;四川菜(川菜)|餐饮服务;中餐厅;综合酒楼,成华区,104.118635,30.655779,1
天天梭边鱼(积步街店),catering,餐饮服务;中餐厅;火锅店,成华区,104.117651,30.656199,1
三合鱼(双庆路店),catering,餐饮服务;中餐厅;中餐厅,成华区,104.120498,30.651763,1
小妹私房卤味,catering,餐饮服务;中餐厅;特色/地方风味餐厅,成华区,104.12173,30.649836,1
糕糕尚皇家蛋糕(二十四城店),catering,餐饮服务;糕饼店;糕饼店,成华区,104.116214,30.650582,2
新疆人民古老团结羊肉串,catering,餐饮服务;中餐厅;特色/地方风味餐厅,成华区,104.121248,30.652665,1
紫东印象茶楼,catering,餐饮服务;茶艺馆;茶艺馆,成华区,104.118624,30.65283,1
Ben私家菜,catering,餐饮服务;中餐厅;中餐厅,成华区,104.116327,30.65259,1
禾田饭馆,catering,餐饮服务;中餐厅;中餐厅,成华区,104.120065,30.65746,4
竹清茶坊,catering,餐饮服务;茶艺馆;茶艺馆,成华区,104.121265,30.654921,9
简州饭店(万象城店),catering,餐饮服务;中餐厅;中餐厅,成华区,104.117181,30.650727,1
绵阳米粉(万年路店),catering,餐饮服务;快餐厅;快餐厅,成华区,104.119977,30.656821,1
焖哥的诱惑,catering,餐饮服务;中餐厅;特色/地方风味餐厅,成华区,104.117002,30.658742,2
蜀记酱板鸭,catering,餐饮服务;中餐厅;特色/地方风味餐厅,成华区,104.114131,30.65645,3
甜城小馆,catering,餐饮服务;中餐厅;中餐厅,成华区,104.119046,30.658781,3
阳充冰淇淋经营部(万年路),catering,餐饮服务;冷饮店;冷饮店,成华区,104.117318,30.657361,1
金苑茶坊,catering,餐饮服务;茶艺馆;茶艺馆,成华区,104.121139,30.654163,1
茗妮火锅店,catering,餐饮服务;中餐厅;火锅店,成华区,104.116323,30.651769,1
独一处烧烤饺子馆,catering,餐饮服务;中餐厅;特色/地方风味餐厅,成华区,104.117822,30.658587,1
吴记香菇烤鸭冒菜店,catering,餐饮服务;中餐厅;特色/地方风味餐厅,成华区,104.118874,30.656491,1
大双餐厅,catering,餐饮服务;快餐厅;快餐厅,成华区,104.11534,30.656556,2
的士快餐,catering,餐饮服务;快餐厅;快餐厅,成华区,104.122093,30.653603,1
幺妹快餐,catering,餐饮服务;快餐厅;快餐厅,成华区,104.121715,30.655531,1
自贡刘记麻辣鸡,catering,餐饮服务;中餐厅;中餐厅,成华区,104.115644,30.65078,1
老北京绝味烤鸭,catering,餐饮服务;中餐厅;中餐厅,成华区,104.11826,30.656461,1
悦来浅饮,catering,餐饮服务;冷饮店;冷饮店,成华区,104.121071,30.656708,1
一品乡村(双林8分店),catering,餐饮服务;中餐厅;中餐厅,成华区,104.11455,30.657043,1
蜀味小食堂,catering,餐饮服务;中餐厅;中餐厅,成华区,104.115786,30.657138,1
花郡营养屋,catering,餐饮服务;冷饮店;冷饮店,成华区,104.115819,30.654663,1
聚满苑,catering,餐饮服务;中餐厅;特色/地方风味餐厅,成华区,104.126437,30.653663,4
小坝吧夜啤酒,catering,餐饮服务;中餐厅;中餐厅,成华区,104.124286,30.651519,1
虾兵蟹将,catering,餐饮服务;中餐厅;海鲜酒楼,成华区,104.126772,30.650368,1
翠花牛肉面,catering,餐饮服务;中餐厅;中餐厅,成华区,104.129456,30.655744,2
重庆片片鱼(跳蹬河南路),catering,餐饮服务;中餐厅;四川菜(川菜),成华区,104.128504,30.656538,2
锦苑,catering,餐饮服务;中餐厅;中餐厅,成华区,104.139432,30.65498,53
肥肠粉,catering,餐饮服务;快餐厅;快餐厅,成华区,104.139082,30.651543,16
乡野柴火鸡,catering,餐饮服务;中餐厅;中餐厅,成华区,104.135019,30.650616,3
好吃爆了,catering,餐饮服务;中餐厅;特色/地方风味餐厅,成华区,104.13817,30.652123,12
盛春园,catering,餐饮服务;中餐厅;中餐厅,成华区,104.136294,30.65053,10
QQ茶坊,catering,餐饮服务;茶艺馆;茶艺馆,成华区,104.141587,30.655267,5
疯味面,catering,餐饮服务;中餐厅;中餐厅,成华区,104.143063,30.651877,5
胖大姐烧烤,catering,餐饮服务;中餐厅;特色/地方风味餐厅,成华区,104.141137,30.65173,5
拜哥家常菜馆,catering,餐饮服务;中餐厅;中餐厅,成华区,104.13394,30.658625,1
品泉茶坊,catering,餐饮服务;茶艺馆;茶艺馆,成华区,104.140387,30.654174,7
老地方休闲茶坊,catering,餐饮服务;茶艺馆;茶艺馆,成华区,104.142033,30.657322,1
静言炭香烧烤(成华店),catering,餐饮服务;中餐厅;特色/地方风味餐厅,成华区,104.140911,30.654939,1
惠城鲜卤,catering,餐饮服务;中餐厅;特色/地方风味餐厅,成华区,104.142304,30.652162,2
情缘茶坊,catering,餐饮服务;茶艺馆;茶艺馆,成华区,104.141299,30.657354,9
华晨酒楼,catering,餐饮服务;中餐厅;中餐厅,成华区,104.140522,30.657541,2
槐树茶庄,catering,餐饮服务;茶艺馆;茶艺馆,成华区,104.137261,30.653078,1
爱心蛋糕店,catering,餐饮服务;糕饼店;糕饼店,成华区,104.135921,30.651767,1
西昌风味烧烤,catering,餐饮服务;中餐厅;特色/地方风味餐厅,成华区,104.134446,30.65038,1
放心油条,catering,餐饮服务;快餐厅;快餐厅,成华区,104.13734,30.65076,1
来一碗面,catering,餐饮服务;中餐厅;中餐厅,成华区,104.139685,30.65263,2
自然冒菜馆,catering,餐饮服务;中餐厅;中餐厅,成华区,104.14023,30.653265,1
桃园饭店(中环路双店路段),catering,餐饮服务;中餐厅;中餐厅,成华区,104.137535,30.652613,1
老粮店面馆,catering,餐饮服务;中餐厅;中餐厅,成华区,104.13747,30.650236,1
温十饱卤肉面蹄花,catering,餐饮服务;中餐厅;中餐厅,成华区,104.140774,30.658209,2
食美居,catering,餐饮服务;中餐厅;特色/地方风味餐厅,成华区,104.146513,30.657442,18
汪汪茶铺,catering,餐饮服务;茶艺馆;茶艺馆,成华区,104.147872,30.658338,11
廖哥串串香,catering,餐饮服务;中餐厅;火锅店,成华区,104.146029,30.658795,8
乡村厨子(和悦路),catering,餐饮服务;中餐厅;中餐厅,成华区,104.14459,30.654062,1
云雅居休闲茶楼,catering,餐饮服务;茶艺馆;茶艺馆,成华区,104.150629,30.650926,1
旭日东升茶楼,catering,餐饮服务;茶艺馆;茶艺馆,成华区,104.144306,30.652648,1
馄饨王,catering,餐饮服务;中餐厅;特色/地方风味餐厅,成华区,104.153461,30.652842,2
宏运快餐,catering,餐饮服务;中餐厅;中餐厅,成华区,104.151617,30.652597,2
醉巴适夜啤酒,catering,餐饮服务;中餐厅;中餐厅,成华区,104.148577,30.659079,1
大众饭店(怡乐园东),catering,餐饮服务;中餐厅;中餐厅,成华区,104.144172,30.649502,2
四季馨茶房,catering,餐饮服务;茶艺馆;茶艺馆,成华区,104.148215,30.657206,1
赛百味,catering,餐饮服务;快餐厅;快餐厅,武侯区,103.969438,30.646517,5
三顾冒菜,catering,餐饮服务;中餐厅;中餐厅,武侯区,103.967485,30.649183,6
赵二老火锅,catering,餐饮服务;中餐厅;火锅店,武侯区,103.969855,30.648309,1
水云天茶坊,catering,餐饮服务;茶艺馆;茶艺馆,武侯区,103.970591,30.64644,1
周记石磨坊,catering,餐饮服务;中餐厅;中餐厅,武侯区,103.965834,30.648996,3
弘名火锅自助,catering,餐饮服务;中餐厅;中餐厅,武侯区,103.967396,30.647989,1
悠然茶坊,catering,餐饮服务;茶艺馆;茶艺馆,武侯区,103.971183,30.644022,2
长久饭店(武青西二路),catering,餐饮服务;中餐厅;中餐厅,武侯区,103.973808,30.642633,2
三江烤鱼,catering,餐饮服务;中餐厅;中餐厅,武侯区,103.971935,30.646729,1
杨记宫廷糕点坊,catering,餐饮服务;糕饼店;糕饼店,武侯区,103.972257,30.647266,2
邓氏小炒,catering,餐饮服务;中餐厅;中餐厅,武侯区,103.971116,30.647537,8
好运川菜馆(九金路),catering,餐饮服务;中餐厅;四川菜(川菜),武侯区,103.969255,30.647308,2
蜀香面馆,catering,餐饮服务;中餐厅;四川菜(川菜),武侯区,103.9716,30.642533,1
爱达乐,catering,餐饮服务;糕饼店;糕饼店,武侯区,103.968432,30.647003,1
上品咖啡,catering,餐饮服务;咖啡厅;咖啡厅,武侯区,103.96639,30.648032,2
四季鲜饭店(九康二路),catering,餐饮服务;中餐厅;中餐厅,武侯区,103.969559,30.647817,1
资中名小吃,catering,餐饮服务;快餐厅;快餐厅,武侯区,103.972161,30.644133,2
薛记富顺豆花饭店,catering,餐饮服务;中餐厅;中餐厅,武侯区,103.964578,30.648398,2
夜来香,catering,餐饮服务;中餐厅;特色/地方风味餐厅,武侯区,103.981685,30.643265,161
怡豪茶楼,catering,餐饮服务;咖啡厅;咖啡厅,武侯区,103.976915,30.647587,2
唐老鸭,catering,餐饮服务;快餐厅;快餐厅,武侯区,103.978297,30.647577,12
源缘生态老火锅,catering,餐饮服务;中餐厅;火锅店,武侯区,103.980298,30.646966,1
蜀鼎鲜酒楼,catering,餐饮服务;中餐厅;综合酒楼,武侯区,103.975889,30.644985,5
画源食府,catering,餐饮服务;中餐厅;中餐厅,武侯区,103.979379,30.641742,7
圣唐茶府,catering,餐饮服务;茶艺馆;茶艺馆,武侯区,103.980981,30.648176,5
小桥火锅,catering,餐饮服务;中餐厅;火锅店,武侯区,103.977179,30.649082,3
嘉米饮食,catering,餐饮服务;中餐厅;中餐厅,武侯区,103.976732,30.648391,7
一品拌卤,catering,餐饮服务;中餐厅;中餐厅,武侯区,103.978863,30.645739,15
花好园茶坊,catering,餐饮服务;茶艺馆;茶艺馆,武侯区,103.976531,30.643012,6
老地方特色家常面,catering,餐饮服务;中餐厅;中餐厅,武侯区,103.978616,30.64161,5
刘一刀,catering,餐饮服务;中餐厅;中餐厅,武侯区,103.984724,30.645426,13
香泉茶坊(武青西一路店),catering,餐饮服务;茶艺馆;茶艺馆,武侯区,103.974183,30.644611,1
仙踪林休闲会所,catering,餐饮服务;咖啡厅;咖啡厅,武侯区,103.981348,30.647019,2
宏源茶坊(永康路),catering,餐饮服务;茶艺馆;茶艺馆,武侯区,103.982153,30.648577,2
锦荣轩茶府,catering,餐饮服务;茶艺馆;茶艺馆,武侯区,103.977978,30.642696,2
古道茶源,catering,餐饮服务;茶艺馆;茶艺馆,武侯区,103.977039,30.644823,1
鑫馨茶府,catering,餐饮服务;茶艺馆;茶艺馆,武侯区,103.98267,30.648886,1
天然居茶坊(武青东三路),catering,餐饮服务;茶艺馆;茶艺馆,武侯区,103.981176,30.642905,1
澳泽烘焙,catering,餐饮服务;糕饼店;糕饼店,武侯区,103.98365,30.640449,3
简阳钟氏羊肉汤,catering,餐饮服务;中餐厅;中餐厅,武侯区,103.976318,30.647374,1
元杏餐厅,catering,餐饮服务;中餐厅;中餐厅,武侯区,103.975973,30.649238,1
河边茶庄,catering,餐饮服务;茶艺馆;茶艺馆,武侯区,103.983522,30.646225,1
新仙踪林茶楼,catering,餐饮服务;茶艺馆;茶艺馆,武侯区,103.982195,30.647474,1
青龙香茶瓷行,catering,餐饮服务;茶艺馆;茶艺馆,武侯区,103.979177,30.643995,1
安德鲁森(潮音路店),catering,餐饮服务;糕饼店;糕饼店,武侯区,103.984162,30.641336,3
蓉蓉茶坊,catering,餐饮服务;茶艺馆;茶艺馆,武侯区,103.991198,30.644855,24
何老三,catering,餐饮服务;中餐厅;中餐厅,武侯区,103.989866,30.646591,25
曾哥冒菜,catering,餐饮服务;中餐厅;中餐厅,武侯区,103.9867,30.642501,20
君悦茶府,catering,餐饮服务;茶艺馆;茶艺馆,武侯区,103.986912,30.641231,10
品味中餐,catering,餐饮服务;中餐厅;中餐厅,武侯区,103.992735,30.643104,7
老祖宗石磨坊,catering,餐饮服务;快餐厅;快餐厅,武侯区,103.991902,30.643841,6
花香串串(潮音店),catering,餐饮服务;中餐厅;特色/地方风味餐厅,武侯区,103.983835,30.639784,1
翠花饺子馆,catering,餐饮服务;中餐厅;特色/地方风味餐厅,武侯区,103.984012,30.643209,1
爱品客蛋糕店,catering,餐饮服务;糕饼店;糕饼店,武侯区,103.98512,30.639727,2
果堰茶坊,catering,餐饮服务;茶艺馆;茶艺馆,武侯区,103.987976,30.641395,3
大自然河鲜馆,catering,餐饮服务;中餐厅;海鲜酒楼,武侯区,103.98741,30.644041,1
焮炜茶坊,catering,餐饮服务;茶艺馆;茶艺馆,武侯区,103.988146,30.642604,1
烤官大人,catering,餐饮服务;中餐厅;特色/地方风味餐厅,武侯区,103.99134,30.647511,16
尚味面(武兴一路),catering,餐饮服务;中餐厅;中餐厅,武侯区,103.987591,30.639995,1
馅饼王,catering,餐饮服务;中餐厅;中餐厅,武侯区,103.992468,30.645252,11
银杏茶楼(嘉楠美地东),catering,餐饮服务;茶艺馆;茶艺馆,武侯区,103.984389,30.646314,1
乐吃串串香(机投店),catering,餐饮服务;中餐厅;中餐厅,武侯区,103.985046,30.641822,4
印湘菜馆,catering,餐饮服务;中餐厅;中餐厅,武侯区,103.987852,30.646836,2
特色鸡肉抄手鸡肉馄饨,catering,餐饮服务;中餐厅;中餐厅,武侯区,103.99229,30.646954,1
金牌卤肉面(武科东四路),catering,餐饮服务;中餐厅;中餐厅,武侯区,103.989261,30.639625,1
清水茶园,catering,餐饮服务;茶艺馆;茶艺馆,武侯区,103.984836,30.647454,1
喔喔奶茶(果顺路),catering,餐饮服务;冷饮店;冷饮店,武侯区,103.986092,30.64481,1
胖哥茶馆(果顺路),catering,餐饮服务;茶艺馆;茶艺馆,武侯区,103.989114,30.640122,1
三斗碗,catering,餐饮服务;中餐厅;中餐厅,武侯区,104.000614,30.643544,44
懒烧烤,catering,餐饮服务;中餐厅;特色/地方风味餐厅,武侯区,104.000595,30.647328,62
清汤面·家常菜,catering,餐饮服务;中餐厅;中餐厅,武侯区,104.002918,30.647125,7
刘留烧烤,catering,餐饮服务;中餐厅;特色/地方风味餐厅,武侯区,103.994539,30.640619,43
山城茶楼,catering,餐饮服务;茶艺馆;茶艺馆,武侯区,104.000758,30.640028,4
沱江鲢鱼饭,catering,餐饮服务;中餐厅;海鲜酒楼,武侯区,104.001817,30.646394,2
吉祥茶房,catering,餐饮服务;茶艺馆;茶艺馆,武侯区,104.002485,30.642134,4
香罗啦饼屋,catering,餐饮服务;糕饼店;糕饼店,武侯区,103.998986,30.648914,3
金牌,catering,餐饮服务;中餐厅;中餐厅,武侯区,104.003139,30.646254,5
厕所串串,catering,餐饮服务;中餐厅;中餐厅,武侯区,104.001509,30.648904,1
啃骨头,catering,餐饮服务;中餐厅;特色/地方风味餐厅,武侯区,103.998364,30.647391,2
六和春小食,catering,餐饮服务;中餐厅;中餐厅,武侯区,103.997562,30.647419,2
哈尔滨水饺(广厦小区店),catering,餐饮服务;快餐厅;快餐厅,武侯区,104.002064,30.640593,1
聚缘茶楼,catering,餐饮服务;休闲餐饮场所;休闲餐饮场所,武侯区,103.996459,30.641766,19
蜀鲜面庄,catering,餐饮服务;中餐厅;中餐厅,武侯区,104.002771,30.640958,6
鸿源茶坊(果丰路),catering,餐饮服务;茶艺馆;茶艺馆,武侯区,103.994483,30.644234,1
厕所串串,catering,餐饮服务;中餐厅;特色/地方风味餐厅,武侯区,103.999019,30.648286,1
雄起,catering,餐饮服务;中餐厅;中餐厅,武侯区,103.994014,30.643753,1
六味小吃(广厦小区店),catering,餐饮服务;快餐厅;快餐厅,武侯区,104.001452,30.641484,1
果木炭火烤鸭,catering,餐饮服务;中餐厅;中餐厅,武侯区,104.000842,30.646974,1
自贡面馆,catering,餐饮服务;中餐厅;中餐厅,武侯区,103.995585,30.64364,1
崔胖子乐山钵钵鸡,catering,餐饮服务;中餐厅;中餐厅,武侯区,103.99822,30.640094,1
大凉山正宗牦牛肉,catering,餐饮服务;中餐厅;中餐厅,武侯区,103.998749,30.645585,1
二丰茶社,catering,餐饮服务;茶艺馆;茶艺馆,武侯区,104.001502,30.642008,2
招滋即来,catering,餐饮服务;中餐厅;中餐厅,武侯区,104.011459,30.640669,50
大蓉和·卓锦酒楼,catering,餐饮服务;中餐厅;综合酒楼,武侯区,104.010825,30.647855,3
大蓉和酒楼(双楠店),catering,餐饮服务;中餐厅;综合酒楼,武侯区,104.00971,30.64364,2
南岸茶府,catering,餐饮服务;茶艺馆;茶艺馆,武侯区,104.011667,30.646872,10
大锅,catering,餐饮服务;中餐厅;中餐厅,武侯区,104.011009,30.64384,17
自宽私房菜,catering,餐饮服务;中餐厅;中餐厅,武侯区,104.007758,30.648124,2
蛋糕湖,catering,餐饮服务;糕饼店;糕饼店,武侯区,104.006441,30.639609,39
诚信切面,catering,餐饮服务;中餐厅;中餐厅,武侯区,104.013144,30.644112,11
老土鸭,catering,餐饮服务;中餐厅;中餐厅,武侯区,104.013662,30.646669,35
原岸,catering,餐饮服务;咖啡厅;咖啡厅,武侯区,104.009203,30.643128,3
阳门五将,catering,餐饮服务;中餐厅;特色/地方风味餐厅,武侯区,104.005232,30.63961,4
右岸餐饮会所,catering,餐饮服务;中餐厅;综合酒楼,武侯区,104.011301,30.644817,3
梧桐书吧,catering,餐饮服务;咖啡厅;咖啡厅,武侯区,104.005356,30.641669,1
CoCo都可茶饮(龙华南路店),catering,餐饮服务;甜品店;甜品店,武侯区,104.010397,30.644673,1
哈厨士外卖,catering,餐饮服务;快餐厅;快餐厅,武侯区,104.010626,30.641565,1
龙润茶府,catering,餐饮服务;茶艺馆;茶艺馆,武侯区,104.004688,30.642531,1
盛硕咖啡厅,catering,餐饮服务;咖啡厅;咖啡厅,武侯区,104.00828,30.647388,1
上雅,catering,餐饮服务;外国餐厅;日本料理,武侯区,104.014174,30.641553,50
糕糕尚皇家蛋糕(清风晓筑店),catering,餐饮服务;糕饼店;糕饼店,武侯区,104.009961,30.64009,1
蜀九香火锅(吉福路店),catering,餐饮服务;中餐厅;火锅店,武侯区,104.005308,30.647179,1
云壶茶坊,catering,餐饮服务;茶艺馆;茶艺馆,武侯区,104.006057,30.640781,2
三文鱼(晋吉南路店),catering,餐饮服务;外国餐厅;日本料理,武侯区,104.004822,30.640709,1
耙耳朵特色干锅中餐,catering,餐饮服务;中餐厅;中餐厅,武侯区,104.004049,30.641329,1
普拉蒂,catering,餐饮服务;外国餐厅;外国餐厅,武侯区,104.018762,30.648489,69
甘茶度,catering,餐饮服务;冷饮店;冷饮店,武侯区,104.015684,30.647617,36
蜀镇老火锅(武侯大道店),catering,餐饮服务;中餐厅;火锅店,武侯区,104.016514,30.642166,2
倍儿有面,catering,餐饮服务;中餐厅;特色/地方风味餐厅,武侯区,104.018422,30.646825,4
小重山土灶烧烤,catering,餐饮服务;中餐厅;特色/地方风味餐厅,武侯区,104.019656,30.644173,3
家常面,catering,餐饮服务;中餐厅;特色/地方风味餐厅,武侯区,104.02212,30.642405,43
朵魅儿形象店,catering,餐饮服务;中餐厅;中餐厅,武侯区,104.022825,30.645561,4
马赛咖啡(红牌楼路),catering,餐饮服务;咖啡厅;咖啡厅,武侯区,104.018562,30.64163,1
茶道,catering,餐饮服务;茶艺馆;茶艺馆,武侯区,104.015665,30.645205,35
美味轩,catering,餐饮服务;中餐厅;四川菜(川菜),武侯区,104.024621,30.646931,74
胡姐小吃店,catering,餐饮服务;中餐厅;中餐厅,武侯区,104.02335,30.643299,4
上面,catering,餐饮服务;中餐厅;中餐厅,武侯区,104.021133,30.647246,33
御唐茶府,catering,餐饮服务;茶艺馆;茶艺馆,武侯区,104.017751,30.639336,5
名流酒楼(红牌楼店),catering,餐饮服务;中餐厅;综合酒楼,武侯区,104.019043,30.640899,1
苇澜名亭私房菜,catering,餐饮服务;中餐厅;中餐厅,武侯区,104.018341,30.640139,3
炁家,catering,餐饮服务;快餐厅;快餐厅,武侯区,104.01798,30.642787,18
刘一刀火锅,catering,餐饮服务;中餐厅;火锅店,武侯区,104.016576,30.641098,2
新希望鲜生活蛋糕(双丰中路店),catering,餐饮服务;糕饼店;糕饼店,武侯区,104.015267,30.642433,1
三姐牛肉面(逸霞街),catering,餐饮服务;中餐厅;中餐厅,武侯区,104.017652,30.64627,2
锦谷粮坊,catering,餐饮服务;中餐厅;中餐厅,武侯区,104.017303,30.645562,12
九如茶坊,catering,餐饮服务;茶艺馆;茶艺馆,武侯区,104.020829,30.639514,2
摩卡咖啡,catering,餐饮服务;咖啡厅;咖啡厅,武侯区,104.014641,30.644106,2
玉壶清茶楼,catering,餐饮服务;茶艺馆;茶艺馆,武侯区,104.023516,30.645013,1
麻酱爆肚,catering,餐饮服务;中餐厅;特色/地方风味餐厅,武侯区,104.022435,30.646257,3
名味牛肉庄,catering,餐饮服务;中餐厅;中餐厅,武侯区,104.017301,30.643762,1
糖锅魁,catering,餐饮服务;中餐厅;中餐厅,武侯区,104.020071,30.642788,7
阳光地带,catering,餐饮服务;茶艺馆;茶艺馆,武侯区,104.014157,30.648468,2
路仁茶坊,catering,餐饮服务;茶艺馆;茶艺馆,武侯区,104.020162,30.641318,1
欣隆,catering,餐饮服务;中餐厅;中餐厅,武侯区,104.020679,30.644879,1
王记快餐店(武侯大道双楠段),catering,餐饮服务;中餐厅;中餐厅,武侯区,104.020836,30.644176,2
众味烧烤,catering,餐饮服务;中餐厅;特色/地方风味餐厅,武侯区,104.024416,30.640116,33
香港福兴酒楼(双楠店),catering,餐饮服务;中餐厅;综合酒楼,武侯区,104.02046,30.64915,1
宜宾燃面(永盛北街),catering,餐饮服务;中餐厅;中餐厅,武侯区,104.019561,30.643413,1
红茶馆,catering,餐饮服务;茶艺馆;茶艺馆,武侯区,104.019038,30.644823,3
辣滚天铜火锅(双楠店),catering,餐饮服务;中餐厅;中餐厅,武侯区,104.020282,30.64811,1
焖烧,catering,餐饮服务;中餐厅;特色/地方风味餐厅,武侯区,104.02947,30.643464,163
8号厨房,catering,餐饮服务;中餐厅;四川菜(川菜),武侯区,104.032601,30.643637,26
渔鼎香,catering,餐饮服务;中餐厅;海鲜酒楼,武侯区,104.027488,30.647534,10
悦堂会所,catering,餐饮服务;茶艺馆;茶艺馆,武侯区,104.028383,30.639821,2
蒋烤鸭,catering,餐饮服务;中餐厅;特色/地方风味餐厅,武侯区,104.031828,30.641332,6
细觅咖啡,catering,餐饮服务;咖啡厅;咖啡厅,武侯区,104.031886,30.644821,10
三叁里,catering,餐饮服务;咖啡厅;咖啡厅,武侯区,104.033651,30.645168,7
六喜,catering,餐饮服务;中餐厅;中餐厅,武侯区,104.027272,30.646129,21
重庆卤酱面,catering,餐饮服务;快餐厅;快餐厅,武侯区,104.032856,30.641667,21
明月刺身,catering,餐饮服务;外国餐厅;日本料理,武侯区,104.029667,30.648231,5
面将,catering,餐饮服务;中餐厅;中餐厅,武侯区,104.0261,30.642111,15
甜蜜彩虹,catering,餐饮服务;糕饼店;糕饼店,武侯区,104.027109,30.648248,2
喵屋咖啡,catering,餐饮服务;咖啡厅;咖啡厅,武侯区,104.02682,30.642326,6
辣尚瘾,catering,餐饮服务;中餐厅;中餐厅,武侯区,104.026116,30.639066,35
夜奔,catering,餐饮服务;中餐厅;中餐厅,武侯区,104.025486,30.644441,63
优尼客酒店-中餐厅,catering,餐饮服务;中餐厅;中餐厅,武侯区,104.028016,30.640374,1
唯美烘焙(高升桥店),catering,餐饮服务;糕饼店;糕饼店,武侯区,104.032252,30.640184,2
illy caffe,catering,餐饮服务;咖啡厅;咖啡厅,武侯区,104.02732,30.64085,2
家常面,catering,餐饮服务;中餐厅;中餐厅,武侯区,104.033713,30.640004,43
鸿运虾记小龙虾,catering,餐饮服务;中餐厅;特色/地方风味餐厅,武侯区,104.02891,30.640048,2
面面的面,catering,餐饮服务;中餐厅;中餐厅,武侯区,104.028959,30.64633,4
缘源饭店,catering,餐饮服务;中餐厅;中餐厅,武侯区,104.027938,30.642048,9
部落烤肉拌饭(双楠店),catering,餐饮服务;中餐厅;中餐厅,武侯区,104.026461,30.649099,1
香风味面食店(六分店),catering,餐饮服务;中餐厅;中餐厅,武侯区,104.026411,30.645609,1
有缘茶坊(广厦街),catering,餐饮服务;茶艺馆;茶艺馆,武侯区,104.025693,30.648926,2
友缘阁茶楼(永顺路),catering,餐饮服务;茶艺馆;茶艺馆,武侯区,104.024023,30.641372,1
凯美斯茶楼,catering,餐饮服务;茶艺馆;茶艺馆,武侯区,104.024908,30.641993,1
宁言茶纺,catering,餐饮服务;茶艺馆;茶艺馆,武侯区,104.030815,30.645826,2
广东名匠,catering,餐饮服务;中餐厅;广东菜(粤菜),武侯区,104.030995,30.640443,1
武记百年炖品,catering,餐饮服务;中餐厅;广东菜(粤菜),武侯区,104.029454,30.64406,1
醉吉轩小吃店,catering,餐饮服务;中餐厅;中餐厅,武侯区,104.024415,30.642623,1
何师烧烤(高升花园店),catering,餐饮服务;中餐厅;特色/地方风味餐厅,武侯区,104.035979,30.643332,1
黑帐篷,catering,餐饮服务;中餐厅;西北菜,武侯区,104.043463,30.641031,27
彩云轩,catering,餐饮服务;中餐厅;广东菜(粤菜),武侯区,104.040288,30.639833,110
福利社,catering,餐饮服务;冷饮店;冷饮店,武侯区,104.036366,30.639604,28
烤肴,catering,餐饮服务;中餐厅;特色/地方风味餐厅,武侯区,104.037251,30.648648,39
爱蛋糕,catering,餐饮服务;糕饼店;糕饼店,武侯区,104.037264,30.645992,107
饮善哉,catering,餐饮服务;中餐厅;中餐厅,武侯区,104.04321,30.64653,6
韩槿,catering,餐饮服务;外国餐厅;韩国料理,武侯区,104.038595,30.640853,25
家里·面,catering,餐饮服务;中餐厅;中餐厅,武侯区,104.04115,30.642372,4
沁园(体院店),catering,餐饮服务;糕饼店;糕饼店,武侯区,104.038719,30.648231,3
土百土,catering,餐饮服务;快餐厅;快餐厅,武侯区,104.041613,30.645347,7
三个甜心甜品店,catering,餐饮服务;甜品店;甜品店,武侯区,104.035664,30.648865,2
旨味咖啡,catering,餐饮服务;咖啡厅;咖啡厅,武侯区,104.039596,30.643729,3
荣园餐馆,catering,餐饮服务;中餐厅;中餐厅,武侯区,104.043617,30.643361,35
炸酱面馆,catering,餐饮服务;中餐厅;特色/地方风味餐厅,武侯区,104.035636,30.642076,3
食卤记,catering,餐饮服务;中餐厅;特色/地方风味餐厅,武侯区,104.043685,30.63973,17
迦入工作空间,catering,餐饮服务;咖啡厅;咖啡厅,武侯区,104.038632,30.643448,2
概念面食,catering,餐饮服务;中餐厅;中餐厅,武侯区,104.035856,30.647,14
挑嘴儿冷锅串串,catering,餐饮服务;中餐厅;特色/地方风味餐厅,武侯区,104.035037,30.643742,3
鑫合茶,catering,餐饮服务;茶艺馆;茶艺馆,武侯区,104.035013,30.647986,6
仁寿张三芝麻糕(武侯总店),catering,餐饮服务;糕饼店;糕饼店,武侯区,104.040352,30.645134,2
牛肉面馄饨王,catering,餐饮服务;中餐厅;中餐厅,武侯区,104.037192,30.640015,3
好客茶艺馆(高升桥北街),catering,餐饮服务;茶艺馆;茶艺馆,武侯区,104.037105,30.639472,1
陈记烧烤,catering,餐饮服务;中餐厅;特色/地方风味餐厅,武侯区,104.040162,30.642837,2
扎吉咖啡,catering,餐饮服务;咖啡厅;咖啡厅,武侯区,104.03798,30.641835,1
李师炭火烧烤,catering,餐饮服务;中餐厅;特色/地方风味餐厅,武侯区,104.041523,30.64171,1
阳阳外卖,catering,餐饮服务;快餐厅;快餐厅,武侯区,104.039101,30.642314,1
成都体育学院附属体育医院食堂,catering,餐饮服务;中餐厅;中餐厅,武侯区,104.042104,30.646366,1
好客茶艺馆(罗浮世家一期西),catering,餐饮服务;茶艺馆;茶艺馆,武侯区,104.034628,30.64199,1
老炉灶火锅,catering,餐饮服务;中餐厅;火锅店,武侯区,104.050008,30.648333,4
郎钦颇丈,catering,餐饮服务;中餐厅;中餐厅,武侯区,104.044469,30.646173,24
耕布咖啡,catering,餐饮服务;咖啡厅;咖啡厅,武侯区,104.0462,30.646562,6
厨味,catering,餐饮服务;中餐厅;中餐厅,武侯区,104.051649,30.648213,15
燕归来,catering,餐饮服务;中餐厅;中餐厅,武侯区,104.047394,30.647504,8
颐憬苑,catering,餐饮服务;中餐厅;中餐厅,武侯区,104.053046,30.639806,1
清芳斋,catering,餐饮服务;中餐厅;清真菜馆,武侯区,104.048305,30.643628,28
巧面馆,catering,餐饮服务;中餐厅;特色/地方风味餐厅,武侯区,104.052838,30.644369,3
可汗口蘑老面馆,catering,餐饮服务;中餐厅;特色/地方风味餐厅,武侯区,104.045163,30.645097,2
好的甜品,catering,餐饮服务;甜品店;甜品店,武侯区,104.053493,30.642123,6
民族饭店,catering,餐饮服务;快餐厅;快餐厅,武侯区,104.04667,30.639728,4
川府名膳,catering,餐饮服务;中餐厅;四川菜(川菜),武侯区,104.050871,30.640232,15
阿妈藏餐,catering,餐饮服务;中餐厅;西北菜,武侯区,104.049986,30.642798,1
西农茶舍,catering,餐饮服务;茶艺馆;茶艺馆,武侯区,104.051324,30.642276,8
央金玛,catering,餐饮服务;中餐厅;中餐厅,武侯区,104.045667,30.646974,1
三益口福抄手(建国巷店),catering,餐饮服务;中餐厅;特色/地方风味餐厅,武侯区,104.051212,30.645519,1
万食汇花刀面,catering,餐饮服务;快餐厅;快餐厅,武侯区,104.048528,30.647435,2
搔烤,catering,餐饮服务;中餐厅;特色/地方风味餐厅,武侯区,104.051926,30.641446,1
饭美美(洗面桥店),catering,餐饮服务;中餐厅;中餐厅,武侯区,104.0528,30.640333,2
将相阁茶府,catering,餐饮服务;中餐厅;中餐厅|餐饮服务;茶艺馆;茶艺馆,武侯区,104.046476,30.645756,6
酸菜牛肉米线,catering,餐饮服务;快餐厅;快餐厅,武侯区,104.052231,30.648782,1
飘香肥牛(浆洗街店),catering,餐饮服务;中餐厅;中餐厅,武侯区,104.052776,30.645704,1
洗面桥冒菜馆,catering,餐饮服务;中餐厅;中餐厅,武侯区,104.049295,30.639753,1
金坤茶社,catering,餐饮服务;茶艺馆;茶艺馆,武侯区,104.053158,30.643355,1
邀月茶楼(通祠路),catering,餐饮服务;茶艺馆;茶艺馆,武侯区,104.051912,30.649176,2
圣地阳光宾馆-茶坊,catering,餐饮服务;茶艺馆;茶艺馆,武侯区,104.051688,30.643192,2
开开厨房,catering,餐饮服务;快餐厅;快餐厅,武侯区,104.053055,30.642786,1
和合苑美食广场,catering,餐饮服务;中餐厅;中餐厅,武侯区,104.050326,30.642266,2
德利雅咖啡吧,catering,餐饮服务;咖啡厅;咖啡厅,武侯区,104.052779,30.642325,1
十八梯火锅,catering,餐饮服务;中餐厅;火锅店,武侯区,104.05361,30.644168,2
三姐外卖,catering,餐饮服务;中餐厅;特色/地方风味餐厅,武侯区,104.049837,30.639838,1
锦宏交通商务酒店餐厅,catering,餐饮服务;中餐厅;中餐厅,武侯区,104.049532,30.647675,1
武侯区社区长寿食坊(建国巷),catering,餐饮服务;中餐厅;中餐厅,武侯区,104.050991,30.646508,1
华西医院西藏成办分院员工餐厅,catering,餐饮服务;中餐厅;中餐厅,武侯区,104.048376,30.644943,1
陈三两,catering,餐饮服务;中餐厅;中餐厅,武侯区,104.056606,30.646491,37
牛前进,catering,餐饮服务;中餐厅;中餐厅,武侯区,104.054433,30.639369,101
红豆坊,catering,餐饮服务;茶艺馆;茶艺馆,武侯区,104.058472,30.648653,32
紫韵阁,catering,餐饮服务;休闲餐饮场所;休闲餐饮场所,武侯区,104.060347,30.647133,72
乐不思属之隐食家汽锅私房菜,catering,餐饮服务;中餐厅;中餐厅,武侯区,104.054479,30.643264,1
和善园,catering,餐饮服务;中餐厅;特色/地方风味餐厅,武侯区,104.054835,30.641,24
兰图咖啡厅,catering,餐饮服务;咖啡厅;咖啡厅,武侯区,104.061464,30.648608,6
味缘雅风,catering,餐饮服务;中餐厅;中餐厅,武侯区,104.060708,30.639616,7
荞香村,catering,餐饮服务;中餐厅;中餐厅,武侯区,104.057108,30.641887,51
老李家,catering,餐饮服务;外国餐厅;韩国料理,武侯区,104.063214,30.646737,6
首熙,catering,餐饮服务;中餐厅;中餐厅,武侯区,104.056295,30.63986,7
片片鱼,catering,餐饮服务;中餐厅;中餐厅,武侯区,104.0617,30.642359,7
房博士茶楼,catering,餐饮服务;茶艺馆;茶艺馆,武侯区,104.054574,30.644267,7
林华茶楼,catering,餐饮服务;茶艺馆;茶艺馆,武侯区,104.054878,30.645451,3
丑包子,catering,餐饮服务;中餐厅;中餐厅,武侯区,104.061513,30.640353,7
小渔儿火锅,catering,餐饮服务;中餐厅;火锅店,武侯区,104.055066,30.644853,1
洪小胖燃面,catering,餐饮服务;中餐厅;中餐厅,武侯区,104.058974,30.648212,1
布鲁布鲁,catering,餐饮服务;中餐厅;山东菜(鲁菜),武侯区,104.063358,30.647615,3
筷乐民肴,catering,餐饮服务;快餐厅;快餐厅,武侯区,104.057043,30.647707,6
SPR COFFEE(汇日央扩店),catering,餐饮服务;咖啡厅;咖啡厅,武侯区,104.063016,30.648511,1
壹号茶苑,catering,餐饮服务;茶艺馆;茶艺馆,武侯区,104.058586,30.642702,2
四川大学华西医院中央厨房营业快餐厅,catering,餐饮服务;中餐厅;中餐厅|餐饮服务;快餐厅;快餐厅,武侯区,104.058406,30.645614,1
老魏面馆,catering,餐饮服务;快餐厅;快餐厅,武侯区,104.054413,30.642226,1
李妹饭店(玉华村店),catering,餐饮服务;中餐厅;中餐厅,武侯区,104.0599,30.641629,3
老成都,catering,餐饮服务;中餐厅;四川菜(川菜),武侯区,104.059917,30.640372,1
四川大学华西医院西点房,catering,餐饮服务;糕饼店;糕饼店,武侯区,104.056906,30.642801,1
四川大学华西医院职工餐厅,catering,餐饮服务;中餐厅;中餐厅,武侯区,104.056335,30.643218,1
宜宾特色燃面庄(电信路),catering,餐饮服务;快餐厅;快餐厅,武侯区,104.057825,30.640165,1
德克士(华西店),catering,餐饮服务;快餐厅;快餐厅,武侯区,104.063457,30.643198,2
达州面馆(桓新巷),catering,餐饮服务;中餐厅;中餐厅,武侯区,104.056356,30.644908,1
刘记家常面(电信路),catering,餐饮服务;中餐厅;中餐厅,武侯区,104.058484,30.642226,1
末集,catering,餐饮服务;茶艺馆;茶艺馆|餐饮服务;休闲餐饮场所;休闲餐饮场所,武侯区,104.071714,30.645441,99
食香蜀,catering,餐饮服务;中餐厅;中餐厅,武侯区,104.073155,30.645954,11
曼优餐吧,catering,餐饮服务;快餐厅;快餐厅,武侯区,104.064604,30.648346,8
蛋烘糕,catering,餐饮服务;糕饼店;糕饼店,武侯区,104.06671,30.645194,38
六合缘,catering,餐饮服务;茶艺馆;茶艺馆,武侯区,104.065874,30.639888,40
久御香酒楼,catering,餐饮服务;中餐厅;综合酒楼,武侯区,104.070745,30.639839,10
邛海花月中餐厅,catering,餐饮服务;中餐厅;中餐厅,武侯区,104.064142,30.645437,1
卤猪蹄,catering,餐饮服务;快餐厅;快餐厅,武侯区,104.073309,30.639853,21
鱼米之乡土鸡汤酒楼,catering,餐饮服务;中餐厅;综合酒楼,武侯区,104.067571,30.639639,1
高飞咖啡,catering,餐饮服务;咖啡厅;咖啡厅,武侯区,104.070137,30.647605,3
妈妈饭,catering,餐饮服务;快餐厅;快餐厅,武侯区,104.069173,30.639327,18
品珍中餐厅,catering,餐饮服务;中餐厅;中餐厅,锦江区,104.067825,30.64929,1
家家饼屋,catering,餐饮服务;糕饼店;糕饼店,武侯区,104.069702,30.646609,1
东苑餐厅(校中路),catering,餐饮服务;中餐厅;中餐厅,武侯区,104.069814,30.643495,2
优饭,catering,餐饮服务;中餐厅;中餐厅,武侯区,104.070552,30.641948,10
欢喜茶餐厅,catering,餐饮服务;快餐厅;茶餐厅,武侯区,104.071271,30.64323,7
华西坝川菜馆,catering,餐饮服务;中餐厅;四川菜(川菜),武侯区,104.067317,30.646058,2
银杏川菜,catering,餐饮服务;中餐厅;四川菜(川菜),武侯区,104.068283,30.647844,3
大卫馆,catering,餐饮服务;咖啡厅;咖啡厅,锦江区,104.069656,30.649118,4
品牌月饼团购,catering,餐饮服务;糕饼店;糕饼店,武侯区,104.073396,30.643249,2
圣柏丽蛋糕(新南门店),catering,餐饮服务;糕饼店;糕饼店,武侯区,104.072304,30.647374,2
心南豆汤,catering,餐饮服务;中餐厅;中餐厅,武侯区,104.07068,30.644318,2
恋香私厨,catering,餐饮服务;中餐厅;中餐厅,武侯区,104.06425,30.641389,3
喜相聚抄手王,catering,餐饮服务;中餐厅;特色/地方风味餐厅,武侯区,104.071648,30.647319,1
茗香雅居(胜利新村),catering,餐饮服务;茶艺馆;茶艺馆,武侯区,104.072608,30.643066,1
腾云阁茶府,catering,餐饮服务;茶艺馆;茶艺馆,武侯区,104.072961,30.64183,1
成都邓阿姨的家(新南门店),catering,餐饮服务;中餐厅;中餐厅,锦江区,104.071702,30.649014,1
小米辣黄焖鸡米饭,catering,餐饮服务;快餐厅;快餐厅,武侯区,104.072986,30.642363,1
华西苑餐厅,catering,餐饮服务;中餐厅;中餐厅,武侯区,104.068705,30.64127,1
咖啡阁,catering,餐饮服务;咖啡厅;咖啡厅,武侯区,104.079318,30.641351,54
虾堂,catering,餐饮服务;中餐厅;海鲜酒楼,武侯区,104.079814,30.639307,110
蓉咖啡,catering,餐饮服务;咖啡厅;咖啡厅,锦江区,104.082509,30.646727,50
饮室,catering,餐饮服务;甜品店;甜品店,锦江区,104.078523,30.647258,9
和道,catering,餐饮服务;茶艺馆;茶艺馆,武侯区,104.080743,30.643623,32
怡然面,catering,餐饮服务;中餐厅;中餐厅,武侯区,104.07663,30.645155,46
寒舍咖啡,catering,餐饮服务;咖啡厅;咖啡厅,武侯区,104.07496,30.647338,4
盛堂,catering,餐饮服务;中餐厅;中餐厅,武侯区,104.083389,30.643127,22
天下3,catering,餐饮服务;中餐厅;中餐厅,武侯区,104.0772,30.646242,6
青旅公社食堂,catering,餐饮服务;中餐厅;中餐厅,武侯区,104.07413,30.645973,5
廊桥酒楼(锦江店),catering,餐饮服务;中餐厅;综合酒楼,锦江区,104.083434,30.644529,1
海伦西餐吧,catering,餐饮服务;中餐厅;中餐厅,锦江区,104.080754,30.646515,5
米虫小窝,catering,餐饮服务;外国餐厅;外国餐厅,武侯区,104.075114,30.645612,5
啡色奇迹,catering,餐饮服务;快餐厅;快餐厅,武侯区,104.079332,30.644785,5
幺鸡面,catering,餐饮服务;中餐厅;中餐厅,武侯区,104.078212,30.644509,14
康记燃面,catering,餐饮服务;中餐厅;中餐厅,武侯区,104.082294,30.641543,14
朴院,catering,餐饮服务;咖啡厅;咖啡厅,武侯区,104.075682,30.643575,20
大楼餐厅,catering,餐饮服务;快餐厅;快餐厅,锦江区,104.080925,30.64722,2
茶楼茶山舍,catering,餐饮服务;茶艺馆;茶艺馆,锦江区,104.079545,30.646477,6
我烤,catering,餐饮服务;中餐厅;特色/地方风味餐厅,武侯区,104.082877,30.638514,233
莫飞日,catering,餐饮服务;茶艺馆;茶艺馆,武侯区,104.078898,30.642307,5
保庄,catering,餐饮服务;中餐厅;中餐厅,锦江区,104.080202,30.648089,33
正源烧烤城(九眼桥店),catering,餐饮服务;中餐厅;特色/地方风味餐厅,武侯区,104.080747,30.641216,1
外滩茶坊,catering,餐饮服务;茶艺馆;茶艺馆,锦江区,104.07557,30.648901,15
四哥把把烧,catering,餐饮服务;中餐厅;特色/地方风味餐厅,武侯区,104.081366,30.642499,2
何水饺,catering,餐饮服务;中餐厅;特色/地方风味餐厅,武侯区,104.077179,30.638646,16
这间咖啡,catering,餐饮服务;咖啡厅;咖啡厅,锦江区,104.077332,30.6476,1
三板面馆,catering,餐饮服务;中餐厅;中餐厅,武侯区,104.076155,30.642593,6
鸿祥川菜馆,catering,餐饮服务;中餐厅;中餐厅,武侯区,104.07846,30.63996,6
黑暗中对话,catering,餐饮服务;外国餐厅;西餐厅(综合风味),锦江区,104.074082,30.648766,3
山东煎饼果子,catering,餐饮服务;快餐厅;快餐厅,武侯区,104.073597,30.641027,1
余王串烧,catering,餐饮服务;中餐厅;特色/地方风味餐厅,武侯区,104.082248,30.643859,4
撩李味(九眼桥店),catering,餐饮服务;中餐厅;特色/地方风味餐厅,武侯区,104.080716,30.640718,1
香格里拉办公楼食堂,catering,餐饮服务;快餐厅;快餐厅,锦江区,104.080438,30.645713,1
乐山胡记串串香,catering,餐饮服务;中餐厅;火锅店,武侯区,104.078996,30.643302,2
江水居茶楼(十二北街店),catering,餐饮服务;茶艺馆;茶艺馆,武侯区,104.078143,30.645845,1
洪天贵,catering,餐饮服务;快餐厅;快餐厅,锦江区,104.081304,30.648635,1
云霄阁,catering,餐饮服务;中餐厅;中餐厅,武侯区,104.075152,30.64465,6
米先生桂林家乡老汤牛肉粉(外卖锦江区),catering,餐饮服务;中餐厅;特色/地方风味餐厅,锦江区,104.082496,30.648977,1
巷子深炒菜馆,catering,餐饮服务;中餐厅;中餐厅,武侯区,104.077534,30.64413,1
阳澄湖大闸蟹(东方时代店),catering,餐饮服务;中餐厅;中餐厅,锦江区,104.080888,30.645349,1
街角蛋糕(花园店),catering,餐饮服务;糕饼店;糕饼店,武侯区,104.082042,30.640846,1
成都空军机关医院餐厅,catering,餐饮服务;中餐厅;中餐厅,武侯区,104.073952,30.641691,1
望江茶楼,catering,餐饮服务;茶艺馆;茶艺馆,锦江区,104.081118,30.645769,1
熊记豆花烤鱼,catering,餐饮服务;快餐厅;快餐厅,武侯区,104.08064,30.644605,1
滨江茶坊(滨江东路),catering,餐饮服务;茶艺馆;茶艺馆,锦江区,104.076125,30.648246,1
逆咖啡,catering,餐饮服务;咖啡厅;咖啡厅,锦江区,104.0873,30.646242,116
泡泡船,catering,餐饮服务;中餐厅;特色/地方风味餐厅,武侯区,104.085984,30.640953,22
海福星,catering,餐饮服务;中餐厅;海鲜酒楼,武侯区,104.0852,30.642618,7
火山川味,catering,餐饮服务;中餐厅;四川菜(川菜),锦江区,104.093367,30.642948,7
陈小姐的茶餐厅,catering,餐饮服务;快餐厅;茶餐厅,锦江区,104.090224,30.643817,11
晚来烤坊,catering,餐饮服务;中餐厅;特色/地方风味餐厅,锦江区,104.089084,30.643388,11
milk,catering,餐饮服务;冷饮店;冷饮店,锦江区,104.09169,30.642953,11
福粥府,catering,餐饮服务;中餐厅;中餐厅,锦江区,104.093289,30.645594,20
添一碗面,catering,餐饮服务;中餐厅;中餐厅,锦江区,104.091788,30.645227,13
锦官城宴会厅,catering,餐饮服务;中餐厅;中餐厅,锦江区,104.083876,30.645804,2
一米阳光虾庭院坝小龙虾(九眼桥分店),catering,餐饮服务;中餐厅;海鲜酒楼,武侯区,104.085095,30.641315,1
巧思,catering,餐饮服务;甜品店;甜品店,锦江区,104.091167,30.642359,34
吉堂,catering,餐饮服务;茶艺馆;茶艺馆,锦江区,104.091602,30.639509,8
食饮器,catering,餐饮服务;中餐厅;中餐厅,锦江区,104.092144,30.647721,8
沁·清·茶·楼(莲花西路店),catering,餐饮服务;茶艺馆;茶艺馆,锦江区,104.093232,30.639727,2
M2Chefs,catering,餐饮服务;快餐厅;快餐厅,锦江区,104.087357,30.644956,1
山间,catering,餐饮服务;茶艺馆;茶艺馆,锦江区,104.090125,30.645438,23
乐卡夫,catering,餐饮服务;甜品店;甜品店,锦江区,104.086217,30.644599,5
漫步咖啡厅,catering,餐饮服务;咖啡厅;咖啡厅,锦江区,104.09252,30.640649,9
存古巷垃圾面店,catering,餐饮服务;中餐厅;中餐厅,锦江区,104.084616,30.645879,1
星夜咖啡(九眼桥店),catering,餐饮服务;咖啡厅;咖啡厅,锦江区,104.092597,30.643752,1
奶思,catering,餐饮服务;甜品店;甜品店,锦江区,104.089827,30.647174,11
咖啡地带(商会店),catering,餐饮服务;咖啡厅;咖啡厅,锦江区,104.089778,30.648252,2
九香面馆,catering,餐饮服务;中餐厅;特色/地方风味餐厅,锦江区,104.084422,30.647967,14
快乐主题,catering,餐饮服务;中餐厅;中餐厅,锦江区,104.085648,30.645437,4
茶物语(锦东店),catering,餐饮服务;冷饮店;冷饮店,锦江区,104.092573,30.646866,1
重庆杨妈酸辣粉(牛王庙店),catering,餐饮服务;中餐厅;特色/地方风味餐厅,锦江区,104.091142,30.647341,1
烤锡纸小黄鱼,catering,餐饮服务;中餐厅;特色/地方风味餐厅,武侯区,104.084663,30.643074,1
茗香园(锦官驿街),catering,餐饮服务;茶艺馆;茶艺馆,锦江区,104.084928,30.645281,1
爱恨怪油炸,catering,餐饮服务;中餐厅;特色/地方风味餐厅,锦江区,104.088281,30.646741,1
醉凉山火盆烧烤(九眼桥店),catering,餐饮服务;中餐厅;特色/地方风味餐厅,武侯区,104.084686,30.642224,2
八色鸟,catering,餐饮服务;咖啡厅;咖啡厅,锦江区,104.090882,30.643604,1
成都Master Crad,catering,餐饮服务;甜品店;甜品店,武侯区,104.083536,30.6419,1
3号茶馆,catering,餐饮服务;茶艺馆;茶艺馆,锦江区,104.088053,30.644049,3
随便店,catering,餐饮服务;中餐厅;中餐厅,锦江区,104.087277,30.644376,3
鑫源茶楼(宏顺街),catering,餐饮服务;茶艺馆;茶艺馆,锦江区,104.093056,30.644042,1
淘邻夜宵,catering,餐饮服务;快餐厅;快餐厅,锦江区,104.089986,30.639777,2
奴牌宠物鲜粮外卖,catering,餐饮服务;快餐厅;快餐厅,锦江区,104.089793,30.642772,1
无名小吃,catering,餐饮服务;快餐厅;快餐厅,锦江区,104.088274,30.64182,2
锦庐,catering,餐饮服务;中餐厅;四川菜(川菜),武侯区,104.087602,30.639822,1
东恒国际快餐部,catering,餐饮服务;中餐厅;中餐厅,锦江区,104.090729,30.646874,1
烤肠,catering,餐饮服务;中餐厅;特色/地方风味餐厅,锦江区,104.103873,30.647447,57
四季飘香饼店,catering,餐饮服务;中餐厅;中餐厅,锦江区,104.10324,30.646664,3
大院河鲜,catering,餐饮服务;中餐厅;海鲜酒楼,锦江区,104.094158,30.642093,18
好烧人,catering,餐饮服务;中餐厅;中餐厅,锦江区,104.103821,30.642926,60
食十碗,catering,餐饮服务;中餐厅;中餐厅,锦江区,104.099605,30.639518,152
汤铺子,catering,餐饮服务;中餐厅;中餐厅,锦江区,104.10024,30.642852,51
天下抄手,catering,餐饮服务;中餐厅;中餐厅,锦江区,104.09982,30.646006,24
原汤面,catering,餐饮服务;中餐厅;中餐厅,锦江区,104.09515,30.641065,52
湾仔轩,catering,餐饮服务;中餐厅;中餐厅,锦江区,104.101756,30.642293,18
青龙餐,catering,餐饮服务;中餐厅;四川菜(川菜),锦江区,104.101777,30.644031,9
黑暗中咖啡(东四街),catering,餐饮服务;咖啡厅;咖啡厅,锦江区,104.096692,30.641882,1
莲花逸都茶楼,catering,餐饮服务;茶艺馆;茶艺馆,锦江区,104.101599,30.639713,5
家宴包子(莲花店),catering,餐饮服务;中餐厅;中餐厅,锦江区,104.096715,30.641107,3
钢管串串(牛市口店),catering,餐饮服务;快餐厅;快餐厅,锦江区,104.102532,30.644136,1
安德鲁森(水碾河店),catering,餐饮服务;糕饼店;糕饼店,成华区,104.101462,30.648887,1
一瓢油,catering,餐饮服务;中餐厅;中餐厅,锦江区,104.097975,30.64197,4
天艺茗茶(一心桥南街),catering,餐饮服务;茶艺馆;茶艺馆,锦江区,104.095722,30.643206,6
付记特色面,catering,餐饮服务;中餐厅;中餐厅,锦江区,104.097271,30.644903,4
两颗猫饼干(双桥子餐厅),catering,餐饮服务;糕饼店;糕饼店,锦江区,104.100477,30.648749,1
痴串串,catering,餐饮服务;中餐厅;特色/地方风味餐厅,锦江区,104.096366,30.64229,1
隆昌骚腊,catering,餐饮服务;中餐厅;特色/地方风味餐厅,锦江区,104.10101,30.647035,3
民生茶馆,catering,餐饮服务;茶艺馆;茶艺馆,锦江区,104.094014,30.648255,2
浅木町(海椒市店),catering,餐饮服务;中餐厅;中餐厅,锦江区,104.101983,30.640707,1
姐妹串串香,catering,餐饮服务;中餐厅;特色/地方风味餐厅,锦江区,104.10162,30.647616,4
东北饺子(海椒市街),catering,餐饮服务;中餐厅;特色/地方风味餐厅,锦江区,104.102885,30.639514,1
顺发茶坊(东四横街),catering,餐饮服务;茶艺馆;茶艺馆,锦江区,104.098631,30.642442,2
馨悦茶庄,catering,餐饮服务;茶艺馆;茶艺馆,锦江区,104.095122,30.643516,1
屋头串串香,catering,餐饮服务;中餐厅;特色/地方风味餐厅,锦江区,104.101004,30.644074,3
第二碗凉面,catering,餐饮服务;中餐厅;特色/地方风味餐厅,锦江区,104.100537,30.646619,1
膳居坊,catering,餐饮服务;中餐厅;中餐厅,锦江区,104.096519,30.638415,36
老街茶铺(一心桥街),catering,餐饮服务;茶艺馆;茶艺馆,锦江区,104.097176,30.646142,1
田园春乡村故事(牛市口店),catering,餐饮服务;中餐厅;中餐厅,锦江区,104.101464,30.643259,1
语泽食铺,catering,餐饮服务;外国餐厅;日本料理,锦江区,104.102034,30.643327,2
隆昌原味烧腊,catering,餐饮服务;中餐厅;广东菜(粤菜),锦江区,104.099311,30.644522,1
扬哥烧烤,catering,餐饮服务;中餐厅;特色/地方风味餐厅,锦江区,104.098379,30.643825,1
琪卡烘焙,catering,餐饮服务;糕饼店;糕饼店,锦江区,104.10123,30.645025,1
二大虾龙虾馆,catering,餐饮服务;中餐厅;特色/地方风味餐厅,锦江区,104.094812,30.647557,1
雨荷茶楼(海椒市横街),catering,餐饮服务;茶艺馆;茶艺馆,锦江区,104.102639,30.640384,1
火焱山火锅,catering,餐饮服务;中餐厅;火锅店,锦江区,104.106003,30.643852,1
兰蒂红茶,catering,购物服务;专卖店;专营店|餐饮服务;茶艺馆;茶艺馆,成华区,104.112462,30.644854,2
富顺豆花,catering,餐饮服务;中餐厅;火锅店,成华区,104.105061,30.647902,4
食神居,catering,餐饮服务;中餐厅;中餐厅,成华区,104.107232,30.648195,6
歪嘴串串,catering,餐饮服务;中餐厅;中餐厅,成华区,104.105212,30.648759,8
双贵食府,catering,餐饮服务;中餐厅;中餐厅,成华区,104.109994,30.645102,3
JOY HOUSE&COFFEE,catering,餐饮服务;咖啡厅;咖啡厅,锦江区,104.113387,30.64062,1
四季茶园(通汇街),catering,餐饮服务;茶艺馆;茶艺馆,锦江区,104.109605,30.643244,1
悦所咖啡,catering,餐饮服务;咖啡厅;咖啡厅,锦江区,104.113093,30.64155,1
太极茶坊,catering,餐饮服务;茶艺馆;茶艺馆,锦江区,104.106906,30.645205,1
一家人快餐外卖,catering,餐饮服务;快餐厅;快餐厅,成华区,104.105762,30.648086,2
YID蛋糕,catering,餐饮服务;甜品店;甜品店,锦江区,104.111482,30.643011,1
長明川菜馆,catering,餐饮服务;中餐厅;中餐厅,成华区,104.10758,30.647056,1
英雄鱼头火锅,catering,餐饮服务;中餐厅;火锅店,成华区,104.108672,30.648899,1
夫妻手工面筋,catering,餐饮服务;快餐厅;快餐厅,锦江区,104.104799,30.64536,1
Sammi私房美食馆,catering,餐饮服务;茶艺馆;茶艺馆,成华区,104.113287,30.644189,1
源膳,catering,餐饮服务;外国餐厅;日本料理,成华区,104.114842,30.646803,70
鑫兴富杰酒楼,catering,餐饮服务;中餐厅;中餐厅,成华区,104.118427,30.641217,3
隐庐茶舍,catering,餐饮服务;茶艺馆;茶艺馆,成华区,104.11549,30.647707,2
Pizza4U(万年场店),catering,餐饮服务;中餐厅;中餐厅,成华区,104.113725,30.645535,1
满忆糕点,catering,餐饮服务;糕饼店;糕饼店,成华区,104.121532,30.646557,26
九天锦和酒楼,catering,餐饮服务;中餐厅;综合酒楼,成华区,104.116344,30.646983,1
混沌王,catering,餐饮服务;快餐厅;快餐厅,成华区,104.116337,30.64852,10
面聚堂,catering,餐饮服务;中餐厅;中餐厅,成华区,104.115078,30.645232,9
顺江茶府,catering,餐饮服务;茶艺馆;茶艺馆,成华区,104.121937,30.645146,14
凯赞多.披萨Kaizando's Pizzeria(二十四城店),catering,餐饮服务;快餐厅;快餐厅,成华区,104.117225,30.64619,2
临江阁火锅,catering,餐饮服务;中餐厅;火锅店,成华区,104.122472,30.648548,2
拉面,catering,餐饮服务;中餐厅;中餐厅,成华区,104.121701,30.648319,2
绝味面庄,catering,餐饮服务;中餐厅;中餐厅,成华区,104.115868,30.644504,4
万年场66号会馆,catering,体育休闲服务;休闲场所;休闲场所|餐饮服务;休闲餐饮场所;休闲餐饮场所,成华区,104.120236,30.648614,2
kitty私房甜品店,catering,餐饮服务;甜品店;甜品店,成华区,104.117521,30.647841,1
友茗堂茶坊,catering,餐饮服务;休闲餐饮场所;休闲餐饮场所,成华区,104.123482,30.649277,1
顶好吃蛋糕店,catering,餐饮服务;糕饼店;糕饼店,成华区,104.12053,30.645113,1
街娃儿芋儿鸡,catering,餐饮服务;中餐厅;中餐厅,成华区,104.120588,30.645595,1
周红面馆,catering,餐饮服务;中餐厅;中餐厅,成华区,104.116878,30.643288,2
一壶轩(华润·锦云府东南),catering,餐饮服务;茶艺馆;茶艺馆,成华区,104.115828,30.645886,1
聚祥园,catering,餐饮服务;休闲餐饮场所;休闲餐饮场所,成华区,104.119937,30.645045,1
花溪牛肉米粉,catering,餐饮服务;中餐厅;中餐厅,成华区,104.129772,30.639941,2
悠然居,catering,餐饮服务;茶艺馆;茶艺馆,成华区,104.127691,30.640683,7
赛斯味,catering,餐饮服务;中餐厅;中餐厅,成华区,104.131143,30.647784,2
水岸茶府(五桂桥北路),catering,餐饮服务;茶艺馆;茶艺馆,成华区,104.123536,30.647011,1
唐辣面,catering,餐饮服务;中餐厅;中餐厅,成华区,104.128766,30.643957,9
彬源茶楼(东成路),catering,餐饮服务;茶艺馆;茶艺馆,成华区,104.127273,30.647545,1
金域美食馆,catering,餐饮服务;中餐厅;中餐厅,成华区,104.137951,30.646636,7
小霸王,catering,餐饮服务;中餐厅;四川菜(川菜)|餐饮服务;茶艺馆;茶艺馆,成华区,104.135686,30.646543,42
勾勾面,catering,餐饮服务;中餐厅;中餐厅,成华区,104.138105,30.645388,7
铁串串,catering,餐饮服务;中餐厅;中餐厅,成华区,104.141351,30.641056,2
原味私房菜,catering,餐饮服务;中餐厅;中餐厅,成华区,104.14027,30.640939,8
好食冒冒菜,catering,餐饮服务;中餐厅;中餐厅,成华区,104.138044,30.641926,4
康达茶楼,catering,餐饮服务;茶艺馆;茶艺馆,成华区,104.137639,30.642932,2
鸡杂王(财记金掌店),catering,餐饮服务;中餐厅;中餐厅,成华区,104.13745,30.644432,2
喜登酒店,catering,餐饮服务;中餐厅;中餐厅,成华区,104.137394,30.647867,2
黄焖鸡米饭,catering,餐饮服务;快餐厅;快餐厅,成华区,104.139046,30.646485,1
逸井茶府,catering,餐饮服务;茶艺馆;茶艺馆,成华区,104.137597,30.643626,5
张记黔味小吃,catering,餐饮服务;中餐厅;中餐厅,成华区,104.139351,30.645694,1
8+1烧烤(米娅中心店),catering,餐饮服务;中餐厅;特色/地方风味餐厅,成华区,104.138185,30.640801,2
孜麦西点,catering,餐饮服务;糕饼店;糕饼店,成华区,104.14004,30.645692,2
长利园老面包(成华区总店),catering,餐饮服务;糕饼店;糕饼店,成华区,104.138643,30.643591,1
颜记品牌火锅冒菜,catering,餐饮服务;快餐厅;快餐厅,成华区,104.142036,30.648708,1
家常菜,catering,餐饮服务;中餐厅;中餐厅,成华区,104.135081,30.645684,3
姚氏面馆,catering,餐饮服务;中餐厅;中餐厅,成华区,104.139631,30.642203,1
稚园食府,catering,餐饮服务;中餐厅;中餐厅,成华区,104.13936,30.639464,3
上东家宴,catering,餐饮服务;中餐厅;中餐厅,成华区,104.150426,30.645342,12
早点见面(东虹路),catering,餐饮服务;中餐厅;中餐厅,成华区,104.151398,30.646426,5
钟哥伙食团,catering,餐饮服务;中餐厅;中餐厅,成华区,104.14958,30.647173,2
好兄弟串串香,catering,餐饮服务;快餐厅;快餐厅,成华区,104.14848,30.640355,1
张鸭子品味轩家常菜,catering,餐饮服务;中餐厅;中餐厅,成华区,104.149762,30.643243,1
东虹唐辣面,catering,餐饮服务;中餐厅;中餐厅,成华区,104.150521,30.641631,3
付记烧烤,catering,餐饮服务;中餐厅;特色/地方风味餐厅,成华区,104.149485,30.641669,6
安岳源泉特色中餐(园缘分店),catering,餐饮服务;中餐厅;中餐厅,成华区,104.145598,30.641167,1
红太阳月茶吧,catering,餐饮服务;茶艺馆;茶艺馆,成华区,104.148688,30.644743,2
鸡哥火锅,catering,餐饮服务;中餐厅;火锅店,成华区,104.150698,30.646967,1
玉缘茶坊(东虹路63号院西南),catering,餐饮服务;茶艺馆;茶艺馆,成华区,104.148704,30.645507,1
上河居茶坊,catering,餐饮服务;茶艺馆;茶艺馆,成华区,104.149223,30.645799,1
洪柳茶坊(东虹路63号院西),catering,餐饮服务;茶艺馆;茶艺馆,成华区,104.14963,30.646137,1
柠乡饭店,catering,餐饮服务;中餐厅;中餐厅,成华区,104.14997,30.64654,1
醉江湖,catering,餐饮服务;中餐厅;四川菜(川菜),成华区,104.15315,30.64126,1
ML米伦,catering,餐饮服务;糕饼店;糕饼店,成华区,104.154018,30.640703,8
庆林茶铺,catering,餐饮服务;茶艺馆;茶艺馆,成华区,104.15811,30.639882,4
胖哥家常菜(天鹅路),catering,餐饮服务;中餐厅;中餐厅,成华区,104.155582,30.644154,1
美壹餐,catering,餐饮服务;中餐厅;中餐厅,武侯区,103.967658,30.628943,64
要得饭店(金兴北路),catering,餐饮服务;中餐厅;中餐厅,武侯区,103.964286,30.631363,2
谢记串串香,catering,餐饮服务;中餐厅;中餐厅,武侯区,103.964148,30.630879,3
鑫茂源,catering,餐饮服务;咖啡厅;咖啡厅,武侯区,103.967626,30.631122,1
宜宾燃面(武青西四路),catering,餐饮服务;中餐厅;特色/地方风味餐厅,武侯区,103.967604,30.63846,1
全味川菜坊,catering,餐饮服务;中餐厅;四川菜(川菜),武侯区,103.968326,30.639074,1
实惠快餐,catering,餐饮服务;快餐厅;快餐厅,武侯区,103.965858,30.631093,3
传味快餐,catering,餐饮服务;中餐厅;中餐厅,武侯区,103.965314,30.632542,2
西部智谷区食堂,catering,餐饮服务;中餐厅;中餐厅,武侯区,103.969995,30.632107,1
渝发面馆(金兴北路),catering,餐饮服务;中餐厅;中餐厅,武侯区,103.964247,30.630086,1
自由茶坊,catering,餐饮服务;茶艺馆;茶艺馆,武侯区,103.964692,30.632153,1
嘉柏茶府,catering,餐饮服务;茶艺馆;茶艺馆,武侯区,103.983681,30.631807,13
此吾安面店(武顺街店),catering,餐饮服务;中餐厅;中餐厅,武侯区,103.982878,30.635213,1
米小面,catering,餐饮服务;中餐厅;中餐厅,武侯区,103.981259,30.63604,12
王记东北饺子馆(武兴街),catering,餐饮服务;中餐厅;特色/地方风味餐厅,武侯区,103.983758,30.629831,1
仁和海鲜,catering,餐饮服务;中餐厅;中餐厅,武侯区,103.977847,30.638443,1
小吃点,catering,餐饮服务;快餐厅;快餐厅,武侯区,103.974859,30.63819,5
福德饭庄,catering,餐饮服务;中餐厅;中餐厅,武侯区,103.980571,30.633655,1
宜宾燃面(武青西四路),catering,餐饮服务;中餐厅;中餐厅,武侯区,103.976368,30.638127,1
豆花烤鱼(武兴街),catering,餐饮服务;中餐厅;特色/地方风味餐厅,武侯区,103.98356,30.630424,1
胖哥家常菜(机投店),catering,餐饮服务;中餐厅;中餐厅,武侯区,103.974268,30.63776,2
五新花园饭店,catering,餐饮服务;快餐厅;快餐厅,武侯区,103.973851,30.636006,1
知味鲜面(武青南路),catering,餐饮服务;中餐厅;中餐厅,武侯区,103.98031,30.634444,1
友豪锦江酒店欧克莱西餐厅,catering,餐饮服务;外国餐厅;外国餐厅,武侯区,103.992221,30.636031,1
安德鲁森(诺丁山店),catering,餐饮服务;糕饼店;糕饼店,武侯区,103.992201,30.632547,1
贰麻老火锅,catering,餐饮服务;中餐厅;火锅店,武侯区,103.988818,30.638758,8
鼎鑫茶楼(武科东四路),catering,餐饮服务;茶艺馆;茶艺馆,武侯区,103.986751,30.63804,2
府河豆汤饭,catering,餐饮服务;中餐厅;中餐厅,武侯区,103.989216,30.63759,7
诺丁山饭庄,catering,餐饮服务;中餐厅;中餐厅,武侯区,103.991731,30.633392,9
家之味餐吧,catering,餐饮服务;中餐厅;中餐厅,武侯区,103.9881,30.639474,3
天天乐饭店,catering,餐饮服务;中餐厅;中餐厅,武侯区,103.985968,30.638202,1
乐山牛肉面,catering,餐饮服务;中餐厅;中餐厅,武侯区,103.984372,30.63827,2
放心包点(聚荟街),catering,餐饮服务;中餐厅;中餐厅,武侯区,103.99372,30.629748,4
鸿运阁休闲茶楼,catering,餐饮服务;茶艺馆;茶艺馆,武侯区,103.987853,30.63309,1
一品土鸡(龙龙店),catering,餐饮服务;快餐厅;快餐厅,武侯区,103.985813,30.63865,1
武侯区社区长寿食坊(武科东四路),catering,餐饮服务;中餐厅;中餐厅,武侯区,103.986929,30.638575,1
龙虾疯了,catering,餐饮服务;中餐厅;特色/地方风味餐厅,武侯区,103.988937,30.634196,1
尚善营养快餐,catering,餐饮服务;中餐厅;中餐厅,武侯区,103.991833,30.635625,1
花串串,catering,餐饮服务;中餐厅;特色/地方风味餐厅,武侯区,103.997341,30.635003,73
思蜀香家常菜,catering,餐饮服务;中餐厅;四川菜(川菜),武侯区,103.998533,30.63377,2
口蘑面,catering,餐饮服务;中餐厅;特色/地方风味餐厅,武侯区,103.999697,30.634094,8
牛丼咖喱,catering,餐饮服务;快餐厅;快餐厅,武侯区,104.00125,30.633663,10
大悦茶府,catering,餐饮服务;茶艺馆;茶艺馆,武侯区,104.00248,30.632409,14
锦源阁,catering,餐饮服务;茶艺馆;茶艺馆,武侯区,104.003477,30.634073,13
吕记夜宵烧烤,catering,餐饮服务;中餐厅;特色/地方风味餐厅,武侯区,103.999418,30.629592,1
新希望鲜生活蛋糕(中华名园店),catering,餐饮服务;甜品店;甜品店,武侯区,103.999906,30.636628,1
食八斗碗,catering,餐饮服务;中餐厅;中餐厅,武侯区,103.995568,30.637512,5
古蜀汉宫养生火锅,catering,餐饮服务;中餐厅;中餐厅,武侯区,103.994039,30.633395,1
壹瓶果汁,catering,餐饮服务;冷饮店;冷饮店,武侯区,103.999218,30.636008,1
3号馆,catering,餐饮服务;茶艺馆;茶艺馆,武侯区,103.994776,30.62924,19
爱丁堡,catering,餐饮服务;咖啡厅;咖啡厅,武侯区,104.000827,30.635497,3
巴岛茶坊,catering,餐饮服务;茶艺馆;茶艺馆,武侯区,103.999754,30.630705,9
林记面馆(武侯大道顺江段),catering,餐饮服务;中餐厅;中餐厅,武侯区,103.999485,30.633069,1
蜀缘茶府(顺和街),catering,餐饮服务;茶艺馆;茶艺馆,武侯区,104.001199,30.63634,1
丽都茶坊(置信店),catering,餐饮服务;茶艺馆;茶艺馆,武侯区,103.99977,30.631937,1
宜宾燃面(太平园中六路),catering,餐饮服务;中餐厅;中餐厅,武侯区,104.002944,30.633266,1
7205茶楼D,catering,餐饮服务;茶艺馆;茶艺馆,武侯区,103.994935,30.63537,1
小雨寿司,catering,餐饮服务;外国餐厅;外国餐厅,武侯区,104.001542,30.63723,1
重庆杂酱面(顺和路),catering,餐饮服务;中餐厅;四川菜(川菜),武侯区,103.995923,30.636958,1
雷妹特色川菜馆,catering,餐饮服务;中餐厅;四川菜(川菜),武侯区,103.997573,30.638527,2
随味家常菜,catering,餐饮服务;中餐厅;中餐厅,武侯区,103.996407,30.63773,3
渝大狮老火锅(武侯大道店),catering,餐饮服务;中餐厅;火锅店,武侯区,104.011628,30.639169,1
菜鸽子味庄,catering,餐饮服务;中餐厅;火锅店,武侯区,104.01353,30.629368,6
咖喱虎,catering,餐饮服务;中餐厅;中餐厅,武侯区,104.008296,30.628918,92
小鸡走路(大悦城店),catering,餐饮服务;中餐厅;中餐厅,武侯区,104.008535,30.629731,1
再道上善本味寿司,catering,餐饮服务;外国餐厅;日本料理,武侯区,104.005986,30.629845,3
艺品咖啡,catering,餐饮服务;咖啡厅;咖啡厅,武侯区,104.012094,30.631435,7
贵人老鸭汤,catering,餐饮服务;中餐厅;中餐厅,武侯区,104.011682,30.638083,6
七妹山椒牛肉米线,catering,餐饮服务;中餐厅;中餐厅,武侯区,104.00857,30.638156,4
良心包点,catering,餐饮服务;中餐厅;中餐厅,武侯区,104.009346,30.637775,4
泥茶馆,catering,餐饮服务;茶艺馆;茶艺馆,武侯区,104.013065,30.630296,8
聚之源茶府,catering,餐饮服务;茶艺馆;茶艺馆,武侯区,104.00825,30.637397,2
首席(外双楠店),catering,餐饮服务;中餐厅;中餐厅,武侯区,104.011756,30.632548,3
蜀兰阁,catering,餐饮服务;休闲餐饮场所;休闲餐饮场所,武侯区,104.013476,30.636482,5
宜宾·面,catering,餐饮服务;中餐厅;中餐厅,武侯区,104.006939,30.62975,7
美美小吃,catering,餐饮服务;中餐厅;特色/地方风味餐厅,武侯区,104.009251,30.636845,1
包香源,catering,餐饮服务;快餐厅;快餐厅,武侯区,104.009758,30.638493,6
廖排骨(太平园东店),catering,餐饮服务;中餐厅;中餐厅,武侯区,104.011986,30.633138,3
面霸江湖,catering,餐饮服务;中餐厅;中餐厅,武侯区,104.01283,30.6353,6
吉庆祥月饼(高升桥店),catering,餐饮服务;糕饼店;糕饼店,武侯区,104.012443,30.634767,1
活卤君(双楠店),catering,餐饮服务;快餐厅;快餐厅,武侯区,104.010428,30.636532,4
马克凯文咖啡小舍,catering,餐饮服务;咖啡厅;咖啡厅,武侯区,104.00437,30.632896,2
凤凰小茶,catering,餐饮服务;茶艺馆;茶艺馆,武侯区,104.011113,30.632079,1
贰拾肆品,catering,餐饮服务;茶艺馆;茶艺馆,武侯区,104.011689,30.636216,4
成都福窝,catering,餐饮服务;茶艺馆;茶艺馆,武侯区,104.00758,30.63764,1
特色酱肉包,catering,餐饮服务;中餐厅;中餐厅,武侯区,104.007809,30.638497,2
御蟹堂(成都店),catering,餐饮服务;中餐厅;海鲜酒楼,武侯区,104.012674,30.638519,1
众筹轩茶府,catering,餐饮服务;茶艺馆;茶艺馆,武侯区,104.012086,30.637059,1
老麻抄手冒菜,catering,餐饮服务;中餐厅;中餐厅,武侯区,104.012534,30.639057,1
巴金斯西餐厅,catering,餐饮服务;外国餐厅;西餐厅(综合风味),武侯区,104.004709,30.633789,3
乐山烧烤冷淡杯,catering,餐饮服务;中餐厅;特色/地方风味餐厅,武侯区,104.010807,30.635139,1
sweet城堡(清风晓筑店),catering,餐饮服务;糕饼店;糕饼店,武侯区,104.010089,30.639309,1
鹿羊山庄餐饮,catering,餐饮服务;中餐厅;中餐厅,武侯区,104.010001,30.637025,1
茶物语,catering,餐饮服务;甜品店;甜品店,武侯区,104.022621,30.632318,10
冒菜大咖,catering,餐饮服务;中餐厅;四川菜(川菜),武侯区,104.015534,30.632033,7
合仕茗,catering,餐饮服务;茶艺馆;茶艺馆|购物服务;专卖店;专营店,武侯区,104.017391,30.637987,3
青龙正街酒楼(永顺路店),catering,餐饮服务;中餐厅;综合酒楼,武侯区,104.016722,30.636357,1
正宗兰州牛肉拉面(盛世路店),catering,餐饮服务;中餐厅;清真菜馆,武侯区,104.020573,30.631997,1
奇味芋儿鸡,catering,餐饮服务;中餐厅;中餐厅,武侯区,104.014282,30.639005,12
自贡乡下菜,catering,餐饮服务;中餐厅;中餐厅,武侯区,104.018925,30.637559,21
云桥园过桥米线(佳灵路店),catering,餐饮服务;中餐厅;特色/地方风味餐厅,武侯区,104.021886,30.630106,2
麦香村炒菜馆,catering,餐饮服务;中餐厅;中餐厅,武侯区,104.019352,30.636297,4
港膳坊港式火锅(红牌楼店),catering,餐饮服务;中餐厅;火锅店,武侯区,104.021613,30.638971,1
驼峰茶府,catering,餐饮服务;茶艺馆;茶艺馆,武侯区,104.020234,30.63651,1
小茶坊,catering,餐饮服务;茶艺馆;茶艺馆,武侯区,104.0181,30.636948,1
华府茶香居(旗舰店),catering,餐饮服务;茶艺馆;茶艺馆,武侯区,104.014178,30.632882,2
川粤小食店(永顺街),catering,餐饮服务;中餐厅;中餐厅,武侯区,104.017716,30.635057,2
喜来香川菜馆,catering,餐饮服务;中餐厅;四川菜(川菜),武侯区,104.023541,30.630263,2
盛世大碗面,catering,餐饮服务;中餐厅;中餐厅,武侯区,104.019513,30.635644,3
勾魂面(波尔菲特酒店西北),catering,餐饮服务;中餐厅;中餐厅,武侯区,104.019765,30.629737,3
红协茶园,catering,餐饮服务;中餐厅;中餐厅,武侯区,104.015472,30.637606,2
好又来餐馆,catering,餐饮服务;中餐厅;中餐厅,武侯区,104.021033,30.633124,1
益香苑面馆,catering,餐饮服务;中餐厅;中餐厅,武侯区,104.022035,30.63141,1
Coffee Time(红牌楼路),catering,餐饮服务;咖啡厅;咖啡厅,武侯区,104.02322,30.636922,1
向记烧烤(盛世路),catering,餐饮服务;中餐厅;特色/地方风味餐厅,武侯区,104.014559,30.636777,2
牛肉面馄饨王,catering,餐饮服务;中餐厅;中餐厅,武侯区,104.021588,30.632162,1
万达食堂,catering,餐饮服务;中餐厅;中餐厅,武侯区,104.022625,30.636793,1
兔当家,catering,餐饮服务;中餐厅;中餐厅,武侯区,104.016585,30.632451,1
MIKO,catering,餐饮服务;快餐厅;快餐厅,武侯区,104.030991,30.633821,32
五厨,catering,餐饮服务;中餐厅;火锅店,武侯区,104.026461,30.635784,119
维根素食(佳灵路店),catering,餐饮服务;中餐厅;中式素菜馆,武侯区,104.0258,30.633916,2
牛鲜鲜串串香,catering,餐饮服务;中餐厅;中餐厅,武侯区,104.031927,30.635985,3
上八味老成都地方菜,catering,餐饮服务;中餐厅;中餐厅,武侯区,104.027023,30.634405,3
利都红传统川菜馆,catering,餐饮服务;中餐厅;四川菜(川菜),武侯区,104.032186,30.631046,4
黄河腌卤,catering,餐饮服务;中餐厅;广东菜(粤菜),武侯区,104.029529,30.638851,22
豆花火锅,catering,餐饮服务;中餐厅;火锅店,武侯区,104.032486,30.638038,29
师兄小炒,catering,餐饮服务;中餐厅;中餐厅,武侯区,104.027351,30.633271,43
麦香浓,catering,餐饮服务;中餐厅;中餐厅,武侯区,104.031611,30.636833,17
粥之道,catering,餐饮服务;快餐厅;快餐厅,武侯区,104.028792,30.634418,17
聚义堂串串香,catering,餐饮服务;中餐厅;中餐厅,武侯区,104.033419,30.636839,13
肉贡三绝,catering,餐饮服务;中餐厅;中餐厅,武侯区,104.025024,30.630932,8
一哥烧鹅,catering,餐饮服务;快餐厅;快餐厅,武侯区,104.029485,30.637119,6
安德鲁森(丽都店),catering,餐饮服务;糕饼店;糕饼店,武侯区,104.033349,30.633026,1
群忆饭店,catering,餐饮服务;中餐厅;中餐厅,武侯区,104.025537,30.631898,8
有茶会馆,catering,餐饮服务;茶艺馆;茶艺馆,武侯区,104.033278,30.630329,2
寨旺基,catering,餐饮服务;快餐厅;快餐厅,武侯区,104.031818,30.634699,6
昌洪面馆,catering,餐饮服务;中餐厅;中餐厅,武侯区,104.030176,30.636369,6
街角蛋糕(红牌店),catering,餐饮服务;糕饼店;糕饼店,武侯区,104.029168,30.635333,1
家常面,catering,餐饮服务;快餐厅;快餐厅,武侯区,104.026642,30.630372,8
万州面酱肉包,catering,餐饮服务;快餐厅;快餐厅,武侯区,104.029651,30.633243,1
有胃青年,catering,餐饮服务;中餐厅;中餐厅,武侯区,104.028045,30.638263,5
鸣鹭酒店茶楼,catering,餐饮服务;茶艺馆;茶艺馆,武侯区,104.025027,30.632629,1
外婆家面王,catering,餐饮服务;快餐厅;快餐厅,武侯区,104.023781,30.638697,1
吓彬水产品行,catering,餐饮服务;中餐厅;海鲜酒楼,武侯区,104.030854,30.638937,2
可多多,catering,餐饮服务;中餐厅;中餐厅,武侯区,104.024469,30.6294,18
婆城面馆(永盛南街),catering,餐饮服务;中餐厅;中餐厅,武侯区,104.027421,30.637887,3
叮家吃三私菜(红牌楼店),catering,餐饮服务;中餐厅;中餐厅,武侯区,104.029783,30.635738,1
味哆西式煎饼,catering,餐饮服务;中餐厅;特色/地方风味餐厅,武侯区,104.027914,30.637147,1
蜀道茶楼,catering,餐饮服务;茶艺馆;茶艺馆,武侯区,104.024559,30.635983,1
又来饭馆,catering,餐饮服务;中餐厅;中餐厅,武侯区,104.033271,30.636064,4
奔跑吧虾米海洋主题西餐,catering,餐饮服务;外国餐厅;西餐厅(综合风味),武侯区,104.030766,30.635477,2
和润商务酒店餐厅,catering,餐饮服务;中餐厅;中餐厅,武侯区,104.032815,30.635569,2
好菌鲜,catering,餐饮服务;中餐厅;火锅店,武侯区,104.032379,30.63206,1
养生王,catering,餐饮服务;中餐厅;特色/地方风味餐厅,武侯区,104.033868,30.634418,16
卤味坊鸭脖,catering,餐饮服务;中餐厅;特色/地方风味餐厅,武侯区,104.026748,30.63145,1
东门海鲜,catering,餐饮服务;中餐厅;中餐厅,武侯区,104.030448,30.638512,1
银海万家电子商务有限公司,catering,餐饮服务;中餐厅;中餐厅,武侯区,104.024756,30.633024,1
龙虾来了,catering,餐饮服务;中餐厅;特色/地方风味餐厅,武侯区,104.031007,30.638177,1
威斯曼快餐,catering,餐饮服务;快餐厅;快餐厅,武侯区,104.032353,30.639239,1
方向茶府,catering,餐饮服务;茶艺馆;茶艺馆,武侯区,104.023871,30.63193,1
岳家面,catering,餐饮服务;中餐厅;中餐厅,武侯区,104.037462,30.633627,51
途乐,catering,餐饮服务;中餐厅;中餐厅|餐饮服务;甜品店;甜品店,武侯区,104.04176,30.633844,190
风尚茶楼,catering,餐饮服务;茶艺馆;茶艺馆,武侯区,104.038831,30.636636,9
碰香·老火锅,catering,餐饮服务;中餐厅;火锅店,武侯区,104.036175,30.633998,1
香茗楼,catering,餐饮服务;茶艺馆;茶艺馆,武侯区,104.039599,30.630561,14
安德鲁森(肖家河店),catering,餐饮服务;糕饼店;糕饼店,武侯区,104.040866,30.635804,1
刘氏老麻抄手,catering,餐饮服务;中餐厅;中餐厅,武侯区,104.036269,30.637186,9
小景私房菜,catering,餐饮服务;中餐厅;中餐厅,武侯区,104.035459,30.639164,1
土家菜,catering,餐饮服务;中餐厅;中餐厅,武侯区,104.039788,30.636592,3
鱼米之乡川菜馆茶坊,catering,餐饮服务;中餐厅;四川菜(川菜)|餐饮服务;茶艺馆;茶艺馆,武侯区,104.038591,30.635882,5
逸香轩酒楼,catering,餐饮服务;中餐厅;综合酒楼,武侯区,104.039607,30.637096,1
福味,catering,餐饮服务;中餐厅;中餐厅,武侯区,104.034946,30.635758,30
福利社,catering,餐饮服务;冷饮店;冷饮店,武侯区,104.038672,30.638081,5
食尚冒(广福桥店),catering,餐饮服务;中餐厅;中餐厅,武侯区,104.035472,30.638334,2
檀香山茶坊,catering,餐饮服务;茶艺馆;茶艺馆,武侯区,104.034804,30.630074,2
友间茶馆,catering,餐饮服务;茶艺馆;茶艺馆,武侯区,104.042429,30.637061,15
刘姐冒菜,catering,餐饮服务;中餐厅;中餐厅,武侯区,104.042625,30.638269,6
巴椒面馆,catering,餐饮服务;中餐厅;四川菜(川菜),武侯区,104.041096,30.63034,16
川北面馆,catering,餐饮服务;中餐厅;中餐厅,武侯区,104.043136,30.629702,4
兴盈,catering,体育休闲服务;娱乐场所;棋牌室|餐饮服务;茶艺馆;茶艺馆,武侯区,104.038399,30.631555,13
佳享食府,catering,餐饮服务;中餐厅;中餐厅,武侯区,104.037776,30.629968,1
兄弟伙豆汤(二环路南四段),catering,餐饮服务;中餐厅;中餐厅,武侯区,104.03546,30.633098,1
老万州面(成都市机动车冲洗管理处西),catering,餐饮服务;中餐厅;中餐厅,武侯区,104.035666,30.637776,1
牛杂火锅,catering,餐饮服务;中餐厅;火锅店,武侯区,104.036322,30.631855,3
芙蓉荟餐厅,catering,餐饮服务;中餐厅;中餐厅,武侯区,104.035726,30.636377,4
三味焖烧,catering,餐饮服务;中餐厅;中餐厅,武侯区,104.039685,30.631736,1
广福阁茶楼,catering,餐饮服务;茶艺馆;茶艺馆,武侯区,104.036898,30.637764,1
胡记茶坊,catering,餐饮服务;茶艺馆;茶艺馆,武侯区,104.042907,30.631825,4
一起吃餐饮,catering,餐饮服务;快餐厅;快餐厅,武侯区,104.039861,30.637518,2
楠桥茶府,catering,餐饮服务;茶艺馆;茶艺馆,武侯区,104.043504,30.630915,1
蓝鸿茶楼,catering,餐饮服务;茶艺馆;茶艺馆,武侯区,104.033887,30.637387,3
喜福来糕点,catering,餐饮服务;糕饼店;糕饼店,武侯区,104.03911,30.633397,5
波波羊肉汤,catering,餐饮服务;中餐厅;特色/地方风味餐厅,武侯区,104.042333,30.631483,1
重庆挂面坊,catering,餐饮服务;中餐厅;中餐厅,武侯区,104.041539,30.638322,5
台湾正宗无水南瓜蛋糕(肖家河正街),catering,餐饮服务;糕饼店;糕饼店,武侯区,104.040534,30.635211,1
巧克力球,catering,餐饮服务;糕饼店;糕饼店,武侯区,104.042503,30.630813,1
万享创意蛋糕(鑫爱蛋糕),catering,餐饮服务;糕饼店;糕饼店,武侯区,104.037709,30.636073,1
荣馨家常菜,catering,餐饮服务;中餐厅;中餐厅,武侯区,104.036941,30.630635,1
芭夯蒋麻抄手,catering,餐饮服务;中餐厅;中餐厅,武侯区,104.037147,30.637239,1
楠亭茶府(肖家河沿街),catering,餐饮服务;茶艺馆;茶艺馆,武侯区,104.03851,30.632753,1
大林茶(永康苑东北),catering,餐饮服务;茶艺馆;茶艺馆,武侯区,104.03909,30.634824,1
歪嘴子重庆老火锅,catering,餐饮服务;中餐厅;海鲜酒楼|餐饮服务;中餐厅;火锅店,武侯区,104.044812,30.638593,7
汉阜春秋,catering,餐饮服务;中餐厅;中餐厅,武侯区,104.047436,30.636264,30
淘茶,catering,餐饮服务;茶艺馆;茶艺馆,武侯区,104.049381,30.632829,50
甜水面,catering,餐饮服务;中餐厅;中餐厅,武侯区,104.051763,30.633504,86
沐头,catering,餐饮服务;茶艺馆;茶艺馆,武侯区,104.04786,30.628224,102
壹筷子冒菜,catering,餐饮服务;中餐厅;中餐厅,武侯区,104.048802,30.637559,5
刘氏冒菜小吃,catering,餐饮服务;中餐厅;中餐厅,武侯区,104.044662,30.631991,6
宜人快餐,catering,餐饮服务;中餐厅;中餐厅,武侯区,104.05048,30.630431,17
盒子咖啡,catering,餐饮服务;咖啡厅;咖啡厅,武侯区,104.046123,30.631668,2
嘻鹊,catering,餐饮服务;中餐厅;中餐厅|购物服务;购物相关场所;购物相关场所,武侯区,104.053728,30.631908,11
嗨一口,catering,餐饮服务;中餐厅;中餐厅,武侯区,104.045139,30.633522,18
府尚茶楼,catering,餐饮服务;茶艺馆;茶艺馆,武侯区,104.050781,30.638849,13
廖排骨(祥和巷),catering,餐饮服务;中餐厅;特色/地方风味餐厅,武侯区,104.049237,30.636798,3
鲜卤坊,catering,餐饮服务;快餐厅;快餐厅,武侯区,104.048847,30.636012,5
窝窝外卖,catering,餐饮服务;快餐厅;快餐厅,武侯区,104.046891,30.638344,12
成都映象莲花坊芳草店(芳草西二街店),catering,餐饮服务;中餐厅;中餐厅,武侯区,104.046759,30.630195,1
福建千里飘香馄饨,catering,餐饮服务;中餐厅;中餐厅,武侯区,104.044554,30.630999,3
欧凯森运动餐饮俱乐部,catering,餐饮服务;中餐厅;中餐厅|体育休闲服务;运动场馆;运动场所,武侯区,104.047219,30.631802,1
斯芙蕾饮品,catering,餐饮服务;冷饮店;冷饮店,武侯区,104.050698,30.63623,5
富源灏鱼庄,catering,餐饮服务;中餐厅;中餐厅,武侯区,104.044946,30.630462,2
避风塘(一环路南四段店),catering,餐饮服务;冷饮店;冷饮店|餐饮服务;休闲餐饮场所;休闲餐饮场所,武侯区,104.046633,30.636882,1
小乔过桥(衣冠庙店),catering,餐饮服务;中餐厅;云贵菜,武侯区,104.053538,30.633566,1
冒烤吧,catering,餐饮服务;中餐厅;特色/地方风味餐厅,武侯区,104.0516,30.630626,14
王记串串(祥和巷),catering,餐饮服务;中餐厅;火锅店,武侯区,104.050318,30.63461,3
肖家河醪糟蛋(永丰路),catering,餐饮服务;中餐厅;中餐厅,武侯区,104.045281,30.631224,1
微熏私厨,catering,餐饮服务;中餐厅;广东菜(粤菜),武侯区,104.050901,30.633914,1
十九味,catering,餐饮服务;中餐厅;中餐厅,武侯区,104.053728,30.629909,13
杨记汇味面馆,catering,餐饮服务;中餐厅;中餐厅,武侯区,104.04882,30.635084,2
五谷粮仓(芳沁店),catering,餐饮服务;中餐厅;中餐厅,武侯区,104.046959,30.629501,1
粤式轩(肖家河店),catering,餐饮服务;中餐厅;广东菜(粤菜),武侯区,104.044232,30.630159,2
小厨豆花面道,catering,餐饮服务;中餐厅;中餐厅,武侯区,104.047658,30.633964,2
家常面,catering,餐饮服务;中餐厅;特色/地方风味餐厅,武侯区,104.048233,30.635034,4
孔记冒菜,catering,餐饮服务;中餐厅;中餐厅,武侯区,104.050794,30.63808,2
聚友苑坊,catering,餐饮服务;茶艺馆;茶艺馆,武侯区,104.046522,30.63305,2
韩记老面馆(雪城宾馆南),catering,餐饮服务;中餐厅;中餐厅,武侯区,104.045512,30.637399,4
cake4.0,catering,餐饮服务;糕饼店;糕饼店,武侯区,104.049724,30.629638,1
胡婚服放烟花,catering,餐饮服务;中餐厅;中餐厅,武侯区,104.052906,30.63405,1
宏明茶楼(兴蓉街),catering,餐饮服务;茶艺馆;茶艺馆,武侯区,104.043936,30.637257,1
壹裹,catering,餐饮服务;茶艺馆;茶艺馆,武侯区,104.052604,30.631944,3
幸福大鸡排,catering,餐饮服务;中餐厅;特色/地方风味餐厅,武侯区,104.0533,30.637311,3
花花茶坊(兴亿小区3号院东),catering,餐饮服务;茶艺馆;茶艺馆,武侯区,104.045498,30.634797,2
新茶壶(蓝天路),catering,餐饮服务;茶艺馆;茶艺馆,武侯区,104.052564,30.629831,1
龙记骨汤滋胃冒菜馆,catering,餐饮服务;中餐厅;中餐厅,武侯区,104.044681,30.634278,3
长盛·食府,catering,餐饮服务;中餐厅;中餐厅,武侯区,104.04587,30.630588,1
川藏印象酒楼,catering,餐饮服务;中餐厅;中餐厅,武侯区,104.045415,30.637958,2
长盛茶楼(永丰路),catering,餐饮服务;茶艺馆;茶艺馆,武侯区,104.045797,30.629902,2
重庆私房火锅,catering,餐饮服务;中餐厅;火锅店,武侯区,104.04364,30.633188,2
燕宝燕窝坊,catering,餐饮服务;中餐厅;广东菜(粤菜),武侯区,104.048269,30.63641,1
婷的邬托邦音乐沙龙,catering,体育休闲服务;娱乐场所;酒吧|餐饮服务;甜品店;甜品店,武侯区,104.053307,30.631064,1
Five Mad,catering,餐饮服务;中餐厅;海鲜酒楼,武侯区,104.047304,30.629982,1
香木咖啡,catering,餐饮服务;咖啡厅;咖啡厅,武侯区,104.048191,30.638771,1
谭老鸭,catering,餐饮服务;中餐厅;中餐厅,武侯区,104.050019,30.639013,1
兴蓉街老面馆(兴蓉北街),catering,餐饮服务;中餐厅;中餐厅,武侯区,104.043709,30.638345,1
李三坝坝面,catering,餐饮服务;中餐厅;中餐厅,武侯区,104.053381,30.635032,1
新里程茶坊(芳草西一街),catering,餐饮服务;茶艺馆;茶艺馆,武侯区,104.049107,30.630819,2
果蔬无忧,catering,餐饮服务;中餐厅;中餐厅,武侯区,104.046717,30.635542,1
清怡茗茶坊,catering,餐饮服务;茶艺馆;茶艺馆,武侯区,104.045219,30.631728,1
煲·功,catering,餐饮服务;中餐厅;中餐厅,武侯区,104.060164,30.631993,39
陶然居(重庆会馆),catering,餐饮服务;中餐厅;火锅店,武侯区,104.063494,30.630898,5
浅汤鱼,catering,餐饮服务;中餐厅;中餐厅,武侯区,104.060055,30.637995,94
佬革命主题火锅(玉林店),catering,餐饮服务;中餐厅;火锅店,武侯区,104.056371,30.629563,1
时间屋,catering,餐饮服务;咖啡厅;咖啡厅,武侯区,104.05643,30.636526,54
盐道,catering,餐饮服务;中餐厅;中餐厅,武侯区,104.056234,30.632113,27
一品,catering,餐饮服务;茶艺馆;茶艺馆,武侯区,104.059549,30.629599,35
炸酱面,catering,餐饮服务;快餐厅;快餐厅,武侯区,104.055515,30.629274,43
拍咖,catering,餐饮服务;咖啡厅;咖啡厅,武侯区,104.063044,30.629631,30
龙记烧烤,catering,餐饮服务;中餐厅;特色/地方风味餐厅,武侯区,104.059739,30.635504,4
马得利(玉林北店),catering,餐饮服务;糕饼店;糕饼店,武侯区,104.056241,30.634839,4
水水龙虾,catering,餐饮服务;中餐厅;海鲜酒楼,武侯区,104.054551,30.635902,1
名都会,catering,餐饮服务;中餐厅;中餐厅,武侯区,104.063051,30.631922,12
声音啤酒馆,catering,餐饮服务;甜品店;甜品店,武侯区,104.057325,30.634888,4
华西酒楼,catering,餐饮服务;中餐厅;中餐厅,武侯区,104.05984,30.636038,5
和气茶坊,catering,餐饮服务;茶艺馆;茶艺馆,武侯区,104.053606,30.636466,6
万氏串串,catering,餐饮服务;中餐厅;特色/地方风味餐厅,武侯区,104.057268,30.633157,4
遇见,catering,餐饮服务;冷饮店;冷饮店,武侯区,104.061376,30.636073,5
王府香茗茶府(彩虹街),catering,餐饮服务;茶艺馆;茶艺馆,武侯区,104.054064,30.631074,2
峨眉老砂锅,catering,餐饮服务;中餐厅;中餐厅,武侯区,104.057506,30.634361,4
老包手提串串,catering,餐饮服务;中餐厅;特色/地方风味餐厅,武侯区,104.054957,30.631793,1
自贡冷吃兔(玉林北路店),catering,餐饮服务;中餐厅;四川菜(川菜),武侯区,104.055822,30.633968,2
雅乐食府,catering,餐饮服务;中餐厅;中餐厅,武侯区,104.05446,30.633179,1
正宗乐山甜皮鸭、冒烤鸭,catering,餐饮服务;中餐厅;特色/地方风味餐厅,武侯区,104.057574,30.637326,1
心屋茶坊(玉林东街),catering,餐饮服务;茶艺馆;茶艺馆,武侯区,104.06087,30.629592,1
芳草茶坊(沙子堰东巷小区北),catering,餐饮服务;茶艺馆;茶艺馆,武侯区,104.053631,30.632707,1
咕噜咕噜,catering,餐饮服务;冷饮店;冷饮店,武侯区,104.055746,30.635523,1
自由岛茶坊,catering,餐饮服务;茶艺馆;茶艺馆,武侯区,104.056881,30.629425,2
娇旭龙虾馆,catering,餐饮服务;中餐厅;特色/地方风味餐厅,武侯区,104.059581,30.634223,1
四川省运动技术学院3食堂,catering,餐饮服务;中餐厅;中餐厅,武侯区,104.059705,30.634825,2
盖食英雄,catering,餐饮服务;快餐厅;快餐厅,武侯区,104.06282,30.63581,2
张记老麻抄手(一环路南三段),catering,餐饮服务;中餐厅;中餐厅,武侯区,104.053945,30.635492,1
饮滋乐茶饮,catering,餐饮服务;冷饮店;冷饮店,武侯区,104.058448,30.633083,1
周老大茶铺,catering,餐饮服务;茶艺馆;茶艺馆,武侯区,104.061341,30.638603,1
秋葉塘,catering,餐饮服务;甜品店;甜品店,武侯区,104.064908,30.634164,100
菓麦,catering,餐饮服务;糕饼店;糕饼店,武侯区,104.073118,30.633781,109
黑玉饮铺,catering,餐饮服务;冷饮店;冷饮店,武侯区,104.071857,30.636121,23
豪享来(锦绣街店),catering,餐饮服务;外国餐厅;西餐厅(综合风味),武侯区,104.070864,30.629742,2
南充米粉,catering,餐饮服务;中餐厅;中餐厅,武侯区,104.066237,30.635819,22
泰象,catering,餐饮服务;外国餐厅;西餐厅(综合风味),武侯区,104.072847,30.627497,651
烤肆兔,catering,餐饮服务;中餐厅;特色/地方风味餐厅,武侯区,104.073637,30.637836,58
灶王酒楼,catering,餐饮服务;中餐厅;四川菜(川菜),武侯区,104.064572,30.631327,1
Dimo,catering,餐饮服务;冷饮店;冷饮店,武侯区,104.064445,30.632703,2
科华廊桥,catering,餐饮服务;中餐厅;广东菜(粤菜),武侯区,104.07132,30.631979,2
成都麦客食品有限公司,catering,餐饮服务;糕饼店;糕饼店,武侯区,104.068255,30.635686,2
老爸快餐厅,catering,餐饮服务;中餐厅;中餐厅,武侯区,104.064592,30.636373,8
大福寿司,catering,餐饮服务;外国餐厅;日本料理,武侯区,104.065106,30.630347,1
新新冷批,catering,餐饮服务;冷饮店;冷饮店|购物服务;购物相关场所;购物相关场所,武侯区,104.070313,30.637861,3
康利西饼,catering,餐饮服务;糕饼店;糕饼店,武侯区,104.064276,30.638651,5
巧乐滋,catering,餐饮服务;冷饮店;冷饮店,武侯区,104.070111,30.636407,5
金正卤肉面,catering,餐饮服务;中餐厅;中餐厅,武侯区,104.063526,30.637462,1
晏姐烧烤,catering,餐饮服务;中餐厅;特色/地方风味餐厅,武侯区,104.066947,30.634068,1
佳香味速食店(省体育馆店),catering,餐饮服务;快餐厅;快餐厅,武侯区,104.063839,30.636295,1
侠客岛咖啡Hi-coffice(磨子桥岛店),catering,餐饮服务;咖啡厅;咖啡厅,武侯区,104.071786,30.635324,1
见遇,catering,餐饮服务;冷饮店;冷饮店,武侯区,104.068396,30.629511,1
川城火锅,catering,餐饮服务;中餐厅;中餐厅,武侯区,104.070142,30.638391,2
天立食府,catering,餐饮服务;中餐厅;中餐厅,武侯区,104.06839,30.634696,2
韩包子(人南店),catering,餐饮服务;中餐厅;四川菜(川菜),武侯区,104.06971,30.63473,1
瑞康体检,catering,餐饮服务;中餐厅;中餐厅,武侯区,104.064959,30.631635,1
新尚会馆,catering,餐饮服务;中餐厅;中餐厅,武侯区,104.064741,30.63571,1
中加茶坊,catering,餐饮服务;茶艺馆;茶艺馆,武侯区,104.064338,30.637232,2
科苑餐厅(磨子巷4号院西),catering,餐饮服务;中餐厅;中餐厅,武侯区,104.071123,30.633705,1
万州特色牛肉面(跳伞塔分店),catering,餐饮服务;中餐厅;中餐厅,武侯区,104.066785,30.636175,1
永兴茶坊(一环路南二段),catering,餐饮服务;茶艺馆;茶艺馆,武侯区,104.069043,30.63613,1
大嘴巴披萨,catering,餐饮服务;外国餐厅;意式菜品餐厅,武侯区,104.066917,30.630146,1
好朋友餐厅,catering,餐饮服务;中餐厅;中餐厅,武侯区,104.064459,30.634989,1
西华大学学生食堂,catering,餐饮服务;中餐厅;中餐厅,武侯区,104.065845,30.636854,1
紫霞门韩国料理(科华北路),catering,餐饮服务;外国餐厅;韩国料理,武侯区,104.07414,30.632147,1
世外桃源酒店普罗旺斯西餐厅,catering,餐饮服务;外国餐厅;西餐厅(综合风味),武侯区,104.075277,30.631831,1
大碗面,catering,餐饮服务;快餐厅;快餐厅,武侯区,104.076205,30.637357,18
磨子桥茶楼,catering,餐饮服务;茶艺馆;茶艺馆,武侯区,104.07395,30.635482,4
言吾,catering,餐饮服务;咖啡厅;咖啡厅|餐饮服务;中餐厅;中餐厅,武侯区,104.080353,30.633963,4
巧思西点(磨子桥店),catering,餐饮服务;糕饼店;糕饼店,武侯区,104.073995,30.636196,3
二姐机麻,catering,餐饮服务;中餐厅;中餐厅,武侯区,104.081174,30.629911,6
川大西饼屋,catering,餐饮服务;糕饼店;糕饼店,武侯区,104.079005,30.636266,1
桃林面馆,catering,餐饮服务;中餐厅;中餐厅,武侯区,104.082693,30.632573,5
绿水桥,catering,餐饮服务;冷饮店;冷饮店,武侯区,104.081096,30.63144,2
鸭滚蛋,catering,餐饮服务;中餐厅;火锅店,武侯区,104.082199,30.63374,4
苏拉的海港,catering,餐饮服务;休闲餐饮场所;休闲餐饮场所,武侯区,104.081433,30.636768,5
北苑餐厅(北园路),catering,餐饮服务;中餐厅;中餐厅,武侯区,104.08095,30.637246,2
莘莘食汇,catering,餐饮服务;中餐厅;中餐厅,武侯区,104.082325,30.634938,7
四川大学望江校区学生活动中心食堂,catering,餐饮服务;中餐厅;中餐厅,武侯区,104.076677,30.636746,1
四川音乐学院校本部学生食堂,catering,餐饮服务;中餐厅;中餐厅,武侯区,104.075741,30.639039,1
馨苑食府(望江店),catering,餐饮服务;中餐厅;中餐厅,武侯区,104.080258,30.630118,2
厕所小炒,catering,餐饮服务;中餐厅;中餐厅,武侯区,104.079892,30.637494,1
锦阳阁茶坊,catering,餐饮服务;茶艺馆;茶艺馆,武侯区,104.08106,30.630738,2
聚福楼(龙龙店),catering,餐饮服务;快餐厅;快餐厅,武侯区,104.082434,30.639134,1
三顾冒菜,catering,餐饮服务;中餐厅;中餐厅,武侯区,104.074771,30.636297,1
纽斯南烤肉馆,catering,餐饮服务;中餐厅;特色/地方风味餐厅,武侯区,104.077574,30.637735,1
重庆麻辣小面(文华大道),catering,餐饮服务;中餐厅;中餐厅,武侯区,104.080001,30.632573,1
坝吧酒馆,catering,餐饮服务;中餐厅;中餐厅,锦江区,104.090738,30.638666,5
茗椀楼,catering,餐饮服务;中餐厅;中餐厅,武侯区,104.090673,30.63116,2
一乐面,catering,餐饮服务;中餐厅;中餐厅,锦江区,104.093352,30.638575,34
肖仙仙羊肉汤(三官堂总店),catering,餐饮服务;中餐厅;中餐厅,锦江区,104.091871,30.629465,1
问道茶府,catering,餐饮服务;茶艺馆;茶艺馆,锦江区,104.093093,30.63485,4
心福口福糕点(阿玛尼艺术公寓南),catering,餐饮服务;糕饼店;糕饼店,锦江区,104.093155,30.636759,1
顺江小吃,catering,餐饮服务;中餐厅;特色/地方风味餐厅,锦江区,104.091322,30.635789,4
新炊黄粱老家面,catering,餐饮服务;中餐厅;特色/地方风味餐厅,武侯区,104.088082,30.639098,1
田园里面,catering,餐饮服务;快餐厅;快餐厅,锦江区,104.097764,30.630637,4
誉合茶府,catering,餐饮服务;茶艺馆;茶艺馆,锦江区,104.09889,30.631194,3
胖水饺,catering,餐饮服务;中餐厅;中餐厅,锦江区,104.095526,30.637198,49
江湖火锅,catering,餐饮服务;中餐厅;火锅店,锦江区,104.099843,30.635988,17
肥肠粉,catering,餐饮服务;中餐厅;中餐厅,锦江区,104.099027,30.629884,42
陈哥龙虾,catering,餐饮服务;中餐厅;海鲜酒楼,锦江区,104.096005,30.634362,28
兰妹印象茶楼,catering,餐饮服务;茶艺馆;茶艺馆,锦江区,104.095532,30.630436,6
乔一乔蜀香缘河鲜鱼府,catering,餐饮服务;中餐厅;中餐厅,锦江区,104.093817,30.630993,6
温记府庙豆汤饭(海椒店),catering,餐饮服务;中餐厅;中餐厅,锦江区,104.097202,30.637622,1
醉拿手,catering,餐饮服务;中餐厅;火锅店,锦江区,104.094932,30.629093,27
珏闲茶缘,catering,餐饮服务;茶艺馆;茶艺馆,锦江区,104.097919,30.634185,18
知味包,catering,餐饮服务;中餐厅;中餐厅,锦江区,104.094336,30.632211,21
自贡冷吃兔,catering,餐饮服务;快餐厅;快餐厅,锦江区,104.099046,30.633768,1
帽子妞,catering,餐饮服务;冷饮店;冷饮店|餐饮服务;咖啡厅;咖啡厅,锦江区,104.098396,30.635677,6
曾记玉林串串香(莲桂南路),catering,餐饮服务;中餐厅;火锅店,锦江区,104.096265,30.635052,1
等一个人咖啡(凌云峰阁店),catering,餐饮服务;咖啡厅;咖啡厅,锦江区,104.101639,30.63571,1
台北小站,catering,餐饮服务;冷饮店;冷饮店,锦江区,104.09404,30.634387,6
滋味面,catering,餐饮服务;中餐厅;中餐厅,锦江区,104.09673,30.632578,16
原香茶坊,catering,餐饮服务;茶艺馆;茶艺馆,锦江区,104.097197,30.633044,2
谢氏羊肉汤,catering,餐饮服务;快餐厅;快餐厅,锦江区,104.09649,30.631804,2
码头记忆老火锅,catering,餐饮服务;中餐厅;火锅店,锦江区,104.097365,30.630041,3
茶之味(莲桂南路),catering,餐饮服务;冷饮店;冷饮店,锦江区,104.094974,30.633134,2
面馄饨大王,catering,餐饮服务;中餐厅;中餐厅,锦江区,104.100035,30.635052,2
左撇子私房面,catering,餐饮服务;中餐厅;特色/地方风味餐厅,锦江区,104.097654,30.636149,1
好又来(牛沙路),catering,餐饮服务;中餐厅;中餐厅,锦江区,104.100048,30.631428,1
黑熊小厨,catering,餐饮服务;中餐厅;中餐厅,锦江区,104.097468,30.632015,8
海椒市好吃一条街,catering,餐饮服务;快餐厅;快餐厅,锦江区,104.095224,30.638533,1
印景茶艺,catering,餐饮服务;茶艺馆;茶艺馆,锦江区,104.103649,30.632428,6
歪串串(海椒市分店),catering,餐饮服务;中餐厅;中餐厅,锦江区,104.102494,30.637339,1
澳泽烘焙(通盈路店),catering,餐饮服务;糕饼店;糕饼店,锦江区,104.102014,30.634463,2
东面馆,catering,餐饮服务;中餐厅;中餐厅,锦江区,104.09927,30.635369,2
云亭春晓·茶舍,catering,餐饮服务;茶艺馆;茶艺馆,锦江区,104.102514,30.633727,2
味缘(二环路东四段),catering,餐饮服务;中餐厅;中餐厅,锦江区,104.098301,30.63151,2
琪哥面,catering,餐饮服务;中餐厅;中餐厅,锦江区,104.097572,30.635638,5
鱼味寿司(海椒市店),catering,餐饮服务;快餐厅;快餐厅,锦江区,104.10219,30.639332,2
冈子茶楼,catering,餐饮服务;茶艺馆;茶艺馆,锦江区,104.101959,30.637682,1
好运来茶坊(莲花新区北三巷),catering,餐饮服务;茶艺馆;茶艺馆,锦江区,104.098632,30.63313,1
闻臭吃香,catering,餐饮服务;中餐厅;中餐厅,锦江区,104.094964,30.633882,2
离尘茶园(顺江新苑西南),catering,餐饮服务;茶艺馆;茶艺馆,锦江区,104.09402,30.636483,1
鱼儿姐姐披萨店,catering,餐饮服务;外国餐厅;意式菜品餐厅,锦江区,104.099023,30.637792,1
Sana Zoan,catering,餐饮服务;咖啡厅;咖啡厅,锦江区,104.101886,30.633856,1
蝗味私房菜,catering,餐饮服务;中餐厅;中餐厅,锦江区,104.096122,30.630073,1
李爷爷,catering,餐饮服务;中餐厅;中餐厅,锦江区,104.093666,30.637087,1
脆绍面(龙舟路),catering,餐饮服务;中餐厅;中餐厅,锦江区,104.094459,30.630418,1
珍珠奶茶店,catering,餐饮服务;冷饮店;冷饮店,锦江区,104.09754,30.634946,1
茶妈妈品鉴馆(通盈街),catering,餐饮服务;茶艺馆;茶艺馆,锦江区,104.101158,30.634216,1
小杨茶坊(工农院街),catering,餐饮服务;茶艺馆;茶艺馆,锦江区,104.0953,30.631832,1
缘来冒菜,catering,餐饮服务;中餐厅;中餐厅,锦江区,104.10837,30.63106,7
松涛餐厅,catering,餐饮服务;中餐厅;中餐厅,锦江区,104.111897,30.629914,4
庄园,catering,体育休闲服务;休闲场所;休闲场所|餐饮服务;外国餐厅;外国餐厅,锦江区,104.1067,30.631705,6
蝶语咖啡书屋,catering,餐饮服务;咖啡厅;咖啡厅,锦江区,104.105485,30.635956,1
甜甜私房下午茶(天誉店),catering,餐饮服务;糕饼店;糕饼店,锦江区,104.1075,30.637737,1
茗巢茶楼,catering,餐饮服务;茶艺馆;茶艺馆,锦江区,104.110614,30.638495,1
蓝草坪茶坊,catering,餐饮服务;茶艺馆;茶艺馆,锦江区,104.112603,30.62978,1
蘸淋汁自贡特色蘸水菜蒸菜,catering,餐饮服务;中餐厅;四川菜(川菜),锦江区,104.105911,30.631763,1
嘉蘭烘焙,catering,餐饮服务;糕饼店;糕饼店,锦江区,104.104255,30.630698,1
四川省畜牧科学研究院职工食堂,catering,餐饮服务;中餐厅;中餐厅,锦江区,104.103506,30.630166,1
江油特色沾沾,catering,餐饮服务;中餐厅;特色/地方风味餐厅,锦江区,104.10477,30.631422,1
棋牌茶楼,catering,餐饮服务;茶艺馆;茶艺馆,锦江区,104.106068,30.628982,16
望江宾馆普吉岛餐厅,catering,餐饮服务;中餐厅;中餐厅,锦江区,104.114093,30.631504,2
Hi虾,catering,餐饮服务;中餐厅;海鲜酒楼,锦江区,104.115556,30.633166,2
世全饭馆,catering,餐饮服务;中餐厅;中餐厅,锦江区,104.118632,30.63386,1
Coco,catering,餐饮服务;甜品店;甜品店,锦江区,104.120939,30.6382,1
德克士(成都东站),catering,餐饮服务;快餐厅;快餐厅,成华区,104.137122,30.631589,5
麦当劳(成都东站),catering,餐饮服务;快餐厅;麦当劳,成华区,104.141132,30.631411,2
肯德基(成都东站),catering,餐饮服务;快餐厅;肯德基,成华区,104.137597,30.632395,4
嘉得利中餐厅,catering,餐饮服务;中餐厅;中餐厅,成华区,104.135078,30.631226,3
担担面,catering,餐饮服务;中餐厅;中餐厅,成华区,104.144283,30.631335,13
谷谷香(成都东站),catering,餐饮服务;中餐厅;中餐厅|餐饮服务;快餐厅;快餐厅,成华区,104.140532,30.630038,2
上岛咖啡(成都东站),catering,餐饮服务;咖啡厅;咖啡厅,成华区,104.138042,30.631105,2
德克士甜品站(成都东站),catering,餐饮服务;甜品店;甜品店,成华区,104.140657,30.630932,1
半夏,catering,餐饮服务;休闲餐饮场所;休闲餐饮场所,成华区,104.152228,30.630982,105
臻口福,catering,餐饮服务;中餐厅;中餐厅,成华区,104.150059,30.629253,75
烧烤,catering,餐饮服务;中餐厅;特色/地方风味餐厅,成华区,104.149948,30.633027,24
甜城餐厅,catering,餐饮服务;中餐厅;中餐厅,成华区,104.144917,30.634196,32
爱琪蛋糕,catering,餐饮服务;糕饼店;糕饼店,成华区,104.143591,30.632627,3
蛋宝蛋烘糕(万科凯德店),catering,餐饮服务;糕饼店;糕饼店,成华区,104.147456,30.629972,1
老兵烧菜,catering,餐饮服务;中餐厅;中餐厅,成华区,104.147968,30.628939,16
嘎嘎鸭脑壳(万科北街),catering,餐饮服务;中餐厅;中餐厅,成华区,104.148993,30.630768,2
茶人之家(金马河路),catering,餐饮服务;茶艺馆;茶艺馆,成华区,104.146587,30.634179,1
ZOOCOFFRR,catering,餐饮服务;咖啡厅;咖啡厅,成华区,104.150268,30.630363,1
美食邀你享,catering,餐饮服务;中餐厅;特色/地方风味餐厅,成华区,104.145548,30.632708,1
胃道,catering,餐饮服务;快餐厅;快餐厅,成华区,104.151902,30.635094,1
幺妹私厨,catering,餐饮服务;中餐厅;中餐厅,成华区,104.146069,30.63482,1
牛肉混沌王,catering,餐饮服务;中餐厅;中餐厅,成华区,104.144411,30.63514,1
饭先生,catering,餐饮服务;中餐厅;中餐厅,成华区,104.156673,30.629691,21
鱼の屋寿司,catering,餐饮服务;外国餐厅;日本料理,成华区,104.155108,30.630546,4
乡下人,catering,餐饮服务;中餐厅;中餐厅,成华区,104.158064,30.632942,2
宜宾燃面(和美东路店),catering,餐饮服务;中餐厅;中餐厅,成华区,104.156061,30.630475,2
舌鉴道,catering,餐饮服务;中餐厅;中餐厅,成华区,104.157777,30.632125,17
听雨美食汇,catering,餐饮服务;中餐厅;特色/地方风味餐厅,成华区,104.158924,30.632343,9
豇豆面,catering,餐饮服务;快餐厅;快餐厅,成华区,104.157994,30.62951,1
二师兄鸡火锅,catering,餐饮服务;中餐厅;火锅店,成华区,104.15532,30.636849,2
彭麻麻自贡菜,catering,餐饮服务;中餐厅;中餐厅,成华区,104.157419,30.630986,2
牛王庙特色面,catering,餐饮服务;中餐厅;中餐厅,成华区,104.158633,30.635177,3
多滋多味饭店,catering,餐饮服务;中餐厅;中餐厅,成华区,104.15946,30.634898,2
娟子手工甜点,catering,餐饮服务;糕饼店;糕饼店,成华区,104.154687,30.630193,1
多米糕点,catering,餐饮服务;糕饼店;糕饼店,武侯区,103.971144,30.623032,2
彬凤餐馆,catering,餐饮服务;中餐厅;中餐厅,武侯区,103.968428,30.626739,4
贺串串,catering,餐饮服务;快餐厅;快餐厅,武侯区,103.969469,30.623361,17
川味拉面,catering,餐饮服务;中餐厅;四川菜(川菜),武侯区,103.966639,30.622033,10
梁记冒节子肥肠粉(金兴中路店),catering,餐饮服务;中餐厅;中餐厅,武侯区,103.97204,30.621741,1
川北人家茶餐厅,catering,餐饮服务;快餐厅;茶餐厅,武侯区,103.964083,30.623043,11
春尧茶舍,catering,餐饮服务;茶艺馆;茶艺馆,武侯区,103.967325,30.62363,2
渝味面庄(金瓦路店),catering,餐饮服务;中餐厅;中餐厅,武侯区,103.964671,30.627924,2
联鑫茶坊,catering,购物服务;专卖店;专营店|餐饮服务;茶艺馆;茶艺馆,武侯区,103.969048,30.628295,1
胖姐烧烤,catering,餐饮服务;中餐厅;特色/地方风味餐厅,武侯区,103.966152,30.626001,3
奶熊奶茶(金兴中路),catering,餐饮服务;冷饮店;冷饮店,武侯区,103.969659,30.624732,1
好面熟,catering,餐饮服务;中餐厅;中餐厅,武侯区,103.966258,30.623488,2
洪都茶楼(凯龙路),catering,餐饮服务;茶艺馆;茶艺馆,武侯区,103.970109,30.626218,2
蓝焰烧烤,catering,餐饮服务;中餐厅;特色/地方风味餐厅,武侯区,103.966367,30.625356,6
炖鸡三鲜面,catering,餐饮服务;快餐厅;快餐厅,武侯区,103.967952,30.624075,2
珍食汇饭店,catering,餐饮服务;中餐厅;中餐厅,武侯区,103.965291,30.621358,4
有家面馆(凯龙路),catering,餐饮服务;中餐厅;中餐厅,武侯区,103.970904,30.624931,3
雅安挞挞面(金兴中路),catering,餐饮服务;中餐厅;中餐厅,武侯区,103.970452,30.624402,1
九妹小吃,catering,餐饮服务;中餐厅;中餐厅,武侯区,103.965243,30.625722,1
一品香(凤鸣路),catering,餐饮服务;中餐厅;中餐厅,武侯区,103.967858,30.623185,1
明生家常菜馆,catering,餐饮服务;中餐厅;中餐厅,武侯区,103.968797,30.625755,1
洪福饭店,catering,餐饮服务;中餐厅;中餐厅,武侯区,103.965106,30.626271,3
资中兔子面(金兴中路),catering,餐饮服务;中餐厅;中餐厅,武侯区,103.971147,30.623548,1
叶源茶坊,catering,餐饮服务;茶艺馆;茶艺馆,武侯区,103.964882,30.622065,1
朱记肥肠粉(金兴中路),catering,餐饮服务;中餐厅;中餐厅,武侯区,103.969119,30.626433,1
杨记老面馆(武兴店),catering,餐饮服务;中餐厅;中餐厅,武侯区,103.973802,30.621424,1
宏发餐馆(双凤园区南街),catering,餐饮服务;中餐厅;中餐厅,武侯区,103.971835,30.62225,1
烧火老头,catering,餐饮服务;中餐厅;中餐厅,武侯区,103.965274,30.620084,1
鸿宾餐厅,catering,餐饮服务;中餐厅;中餐厅,武侯区,103.96504,30.629622,1
九牛城,catering,餐饮服务;中餐厅;中餐厅,武侯区,103.983938,30.620996,16
锦宴酒家,catering,餐饮服务;中餐厅;中餐厅,武侯区,103.983293,30.628835,5
三义茶府,catering,餐饮服务;茶艺馆;茶艺馆,武侯区,103.981949,30.624873,4
99粥王私房菜,catering,餐饮服务;中餐厅;中餐厅,武侯区,103.983177,30.625726,1
阳光茶楼(簇锦店),catering,餐饮服务;茶艺馆;茶艺馆,武侯区,103.982086,30.628839,5
御和园商务茶楼,catering,餐饮服务;茶艺馆;茶艺馆,武侯区,103.9826,30.62505,1
老盐边羊肉米线(武侯大道铁佛段),catering,餐饮服务;中餐厅;中餐厅,武侯区,103.983773,30.623672,2
重庆豆花饭壁山面,catering,餐饮服务;中餐厅;中餐厅,武侯区,103.9775,30.622746,1
宜宾禹铭燃面馆,catering,餐饮服务;中餐厅;中餐厅,武侯区,103.974612,30.621832,1
百乐基美食,catering,餐饮服务;中餐厅;中餐厅,武侯区,103.974777,30.62606,1
砂锅居,catering,餐饮服务;快餐厅;快餐厅,武侯区,103.985778,30.623403,55
汉宫,catering,餐饮服务;中餐厅;中餐厅,武侯区,103.991736,30.625812,24
安德鲁森(兆景二店),catering,餐饮服务;糕饼店;糕饼店,武侯区,103.987186,30.624591,6
黑猫咖啡,catering,餐饮服务;咖啡厅;咖啡厅,武侯区,103.988482,30.624713,6
笨鸭先飞(聚龙路),catering,餐饮服务;中餐厅;中餐厅,武侯区,103.993603,30.625242,1
乐山烧烤&三江烤鱼,catering,餐饮服务;中餐厅;特色/地方风味餐厅,武侯区,103.990396,30.625495,3
红香居,catering,餐饮服务;中餐厅;中餐厅,武侯区,103.991865,30.623805,4
川香冒菜(聚福路),catering,餐饮服务;中餐厅;中餐厅,武侯区,103.989373,30.622621,2
奶尔康鲜奶吧(保利花园店),catering,购物服务;综合市场;农副产品市场|餐饮服务;冷饮店;冷饮店,武侯区,103.99113,30.623969,1
阿南烘焙,catering,餐饮服务;糕饼店;糕饼店,武侯区,103.992833,30.627253,1
老妈食堂,catering,餐饮服务;中餐厅;中餐厅,武侯区,103.992445,30.62821,1
南充米粉锅魁,catering,餐饮服务;中餐厅;中餐厅,武侯区,103.993844,30.627698,3
美乐家韩国料理,catering,餐饮服务;外国餐厅;韩国料理,武侯区,103.989107,30.623251,4
肯德基(城置汇点店),catering,餐饮服务;快餐厅;肯德基,武侯区,103.986356,30.628053,3
u&me bakery(蛋糕店),catering,餐饮服务;糕饼店;糕饼店,武侯区,103.990312,30.624284,1
鲁记经典坊,catering,餐饮服务;中餐厅;山东菜(鲁菜),武侯区,103.992264,30.627338,1
简咖啡,catering,餐饮服务;咖啡厅;咖啡厅,武侯区,103.993196,30.625897,1
莫记鲜切面饺子皮各种面食,catering,餐饮服务;快餐厅;快餐厅,武侯区,103.98403,30.629417,1
悦厨,catering,餐饮服务;中餐厅;中餐厅,武侯区,103.987003,30.625794,2
赞味,catering,餐饮服务;中餐厅;中餐厅,武侯区,103.993361,30.627006,1
置信城市会所会所工作餐馆,catering,餐饮服务;中餐厅;中餐厅,武侯区,103.983967,30.628218,1
尚庐酒楼,catering,餐饮服务;中餐厅;综合酒楼,武侯区,103.994864,30.627414,2
大江鱼头(南门店),catering,餐饮服务;中餐厅;海鲜酒楼,武侯区,103.995301,30.628134,7
安德鲁森(聚萃店),catering,餐饮服务;糕饼店;糕饼店,武侯区,103.996192,30.628336,3
藤椒活水鱼,catering,餐饮服务;中餐厅;海鲜酒楼,武侯区,104.003935,30.621863,12
诗琪茶坊,catering,餐饮服务;茶艺馆;茶艺馆,武侯区,103.996574,30.629109,5
泽丽饼屋,catering,餐饮服务;糕饼店;糕饼店,武侯区,103.999839,30.62126,1
祥和面馆(太平园西路),catering,餐饮服务;中餐厅;中餐厅,武侯区,103.99925,30.621337,4
杜记绵阳米粉,catering,餐饮服务;中餐厅;特色/地方风味餐厅,武侯区,103.993793,30.629054,1
振华茶馆,catering,餐饮服务;茶艺馆;茶艺馆,武侯区,104.000479,30.621664,1
星燃牛肉店(鮀浦店),catering,餐饮服务;中餐厅;中餐厅,武侯区,103.99997,30.627843,1
丽都湾,catering,餐饮服务;茶艺馆;茶艺馆,武侯区,103.997764,30.62855,1
布鲁餐厅,catering,餐饮服务;中餐厅;中餐厅,武侯区,104.009646,30.627509,8
蜀九香火锅酒楼(星狮路店),catering,餐饮服务;中餐厅;中餐厅,武侯区,104.005733,30.625665,1
达州三江汇河鲜酒楼,catering,餐饮服务;中餐厅;海鲜酒楼,武侯区,104.004935,30.62807,1
钰盘餐吧,catering,餐饮服务;中餐厅;中餐厅,武侯区,104.006055,30.627083,3
麦子熟了(成都大悦城店),catering,餐饮服务;中餐厅;中餐厅,武侯区,104.009919,30.628375,2
sandwich&coffee,catering,餐饮服务;咖啡厅;咖啡厅,武侯区,104.007574,30.62693,1
李雪鲜炖燕窝,catering,餐饮服务;中餐厅;广东菜(粤菜),武侯区,104.006489,30.625324,1
家常面快餐,catering,餐饮服务;快餐厅;快餐厅,武侯区,104.005129,30.626294,13
渣渣面馆,catering,餐饮服务;中餐厅;中餐厅,武侯区,104.005361,30.621847,4
蓉城小吃,catering,餐饮服务;快餐厅;快餐厅,武侯区,104.009187,30.626669,2
福香·爱,catering,餐饮服务;中餐厅;中餐厅,武侯区,104.006382,30.62216,9
刘氏海鲜冷冻食品,catering,餐饮服务;中餐厅;中餐厅,武侯区,104.00521,30.622714,1
西奇里,catering,餐饮服务;休闲餐饮场所;休闲餐饮场所,武侯区,104.005173,30.62745,1
百味餐馆(西三环路一段辅路),catering,餐饮服务;中餐厅;中餐厅,武侯区,104.012004,30.620964,1
香里香(大合仓旗舰店),catering,餐饮服务;中餐厅;中餐厅,武侯区,104.006302,30.62649,1
重庆胡和记,catering,餐饮服务;中餐厅;中餐厅,武侯区,104.013577,30.624237,3
富锦轩酒楼,catering,餐饮服务;中餐厅;综合酒楼,武侯区,104.020961,30.628979,1
山城蒸饺王(南桥二路),catering,餐饮服务;中餐厅;特色/地方风味餐厅,武侯区,104.016737,30.619691,1
老妈素椒杂酱面(中环路武阳大道段),catering,餐饮服务;中餐厅;中餐厅,武侯区,104.020095,30.626867,1
天红餐馆(南桥二路),catering,餐饮服务;中餐厅;中餐厅,武侯区,104.016425,30.622162,2
幺妹烧烤(佳灵路辅路),catering,餐饮服务;中餐厅;特色/地方风味餐厅,武侯区,104.015671,30.623197,3
艺菲茶楼,catering,餐饮服务;茶艺馆;茶艺馆,武侯区,104.017968,30.626113,1
飘香饭店(华兴街道办事处社会事务服务中心北),catering,餐饮服务;中餐厅;中餐厅,武侯区,104.017356,30.621478,1
姊妹餐厅(南三环路五段辅路),catering,餐饮服务;中餐厅;中餐厅,武侯区,104.013687,30.619542,1
杏皇川菜,catering,餐饮服务;中餐厅;四川菜(川菜),武侯区,104.018547,30.627561,1
左岸风情,catering,餐饮服务;中餐厅;中餐厅,武侯区,104.013858,30.622494,1
饺家,catering,餐饮服务;快餐厅;快餐厅,武侯区,104.027409,30.627599,44
夜奔,catering,餐饮服务;中餐厅;中餐厅,武侯区,104.029839,30.624885,34
杨串串,catering,餐饮服务;中餐厅;中餐厅,武侯区,104.027245,30.62519,36
潘小姐面馆,catering,餐饮服务;快餐厅;快餐厅,武侯区,104.03322,30.625737,2
新希望鲜生活(长益店),catering,餐饮服务;冷饮店;冷饮店,武侯区,104.025082,30.626063,4
乐记烧烤,catering,餐饮服务;中餐厅;特色/地方风味餐厅,武侯区,104.025141,30.626858,2
蓝月亮,catering,餐饮服务;茶艺馆;茶艺馆,武侯区,104.029395,30.628616,14
冕宁灵山豆花,catering,餐饮服务;中餐厅;中餐厅,武侯区,104.023981,30.627571,2
乡味小厨,catering,餐饮服务;中餐厅;中餐厅,武侯区,104.031329,30.625046,5
和庭茶楼,catering,餐饮服务;茶艺馆;茶艺馆,武侯区,104.029123,30.626402,4
虾虾乐小龙虾,catering,餐饮服务;快餐厅;快餐厅,武侯区,104.028765,30.624278,1
沁馨甜品(红牌楼店),catering,餐饮服务;糕饼店;糕饼店,武侯区,104.024636,30.629002,1
口福们骨汤米线,catering,餐饮服务;中餐厅;中餐厅,武侯区,104.03022,30.626213,1
若茶,catering,餐饮服务;茶艺馆;茶艺馆,武侯区,104.028542,30.62271,2
碧水茗川茶府,catering,餐饮服务;茶艺馆;茶艺馆,武侯区,104.025927,30.627123,1
九品茶楼(丽都路),catering,餐饮服务;茶艺馆;茶艺馆,武侯区,104.02848,30.62381,1
蜀一蜀二原汁冒菜(高鹏西路店),catering,餐饮服务;快餐厅;快餐厅,武侯区,104.032297,30.628896,1
西南一绝,catering,餐饮服务;快餐厅;快餐厅,武侯区,104.02482,30.624733,5
艺创咖啡,catering,餐饮服务;咖啡厅;咖啡厅,武侯区,104.031096,30.625976,1
河北老张馒头店,catering,餐饮服务;中餐厅;中餐厅,武侯区,104.025891,30.624806,1
罗莎蛋糕(神仙树店),catering,餐饮服务;糕饼店;糕饼店,武侯区,104.041273,30.621089,2
神仙小吃,catering,餐饮服务;中餐厅;中餐厅,武侯区,104.042962,30.623022,9
恩味轩,catering,餐饮服务;中餐厅;中餐厅,武侯区,104.034507,30.627216,20
诺亚方舟豪华自助餐,catering,餐饮服务;中餐厅;中餐厅,武侯区,104.037288,30.619994,1
香阁阁,catering,餐饮服务;中餐厅;中餐厅,武侯区,104.041208,30.622998,9
刘红宜宾燃面,catering,餐饮服务;中餐厅;中餐厅,武侯区,104.038643,30.628752,2
加州英语大院咖啡店,catering,餐饮服务;咖啡厅;咖啡厅,武侯区,104.042005,30.620778,1
仔姜鲜川菜馆(永丰路),catering,餐饮服务;中餐厅;四川菜(川菜),武侯区,104.043365,30.628843,1
芙蓉树下冒菜(凯乐国际店),catering,餐饮服务;快餐厅;快餐厅,武侯区,104.033798,30.626496,1
吾饮良品,catering,餐饮服务;冷饮店;冷饮店,武侯区,104.041243,30.621669,1
曾记老成都面馆,catering,餐饮服务;中餐厅;四川菜(川菜),武侯区,104.042045,30.623188,1
HIGHLANDER,catering,餐饮服务;咖啡厅;咖啡厅,武侯区,104.042759,30.62003,1
原食材,catering,餐饮服务;快餐厅;快餐厅,武侯区,104.035329,30.628706,6
焖烧羊肉汤,catering,餐饮服务;中餐厅;特色/地方风味餐厅,武侯区,104.037079,30.622269,1
七七七烧烤,catering,餐饮服务;中餐厅;特色/地方风味餐厅,武侯区,104.042598,30.625099,1
彝家山寨羊肉汤(高新店),catering,餐饮服务;快餐厅;快餐厅,武侯区,104.034497,30.623485,1
搏润服务部快餐小吃,catering,餐饮服务;快餐厅;快餐厅,武侯区,104.039578,30.62632,1
烂板凳火锅,catering,餐饮服务;中餐厅;火锅店,武侯区,104.051252,30.623595,18
皇城老妈火锅(皇城店),catering,餐饮服务;中餐厅;火锅店,武侯区,104.049917,30.624366,1
潮粤湘,catering,餐饮服务;中餐厅;中餐厅,武侯区,104.045352,30.628057,4
油炸,catering,餐饮服务;中餐厅;特色/地方风味餐厅,武侯区,104.05415,30.625754,220
蚂揸蚁,catering,餐饮服务;甜品店;甜品店,武侯区,104.046068,30.62865,4
壶言,catering,餐饮服务;茶艺馆;茶艺馆,武侯区,104.052188,30.618699,265
休闲水吧,catering,餐饮服务;冷饮店;冷饮店,武侯区,104.047152,30.625614,8
老面馆,catering,餐饮服务;快餐厅;快餐厅,武侯区,104.046522,30.622346,57
洋食馆(青云阁北),catering,餐饮服务;外国餐厅;外国餐厅,武侯区,104.046578,30.62006,2
Casamaria玛丽亚意大利私家小厨,catering,餐饮服务;外国餐厅;意式菜品餐厅,武侯区,104.049939,30.627713,1
鹅家,catering,餐饮服务;中餐厅;中餐厅,武侯区,104.044754,30.622268,4
柒茶邨,catering,餐饮服务;茶艺馆;茶艺馆,武侯区,104.047825,30.626328,8
紫荆轩餐馆,catering,餐饮服务;中餐厅;中餐厅,武侯区,104.052144,30.624117,2
秘制家(成都店),catering,餐饮服务;中餐厅;中餐厅,武侯区,104.048206,30.625085,1
硬地咖啡,catering,餐饮服务;咖啡厅;咖啡厅,武侯区,104.045556,30.629224,1
小房子,catering,餐饮服务;茶艺馆;茶艺馆,武侯区,104.050179,30.626272,11
华泓养生滋补行,catering,餐饮服务;中餐厅;广东菜(粤菜),武侯区,104.049316,30.624561,1
格外餐饮,catering,餐饮服务;中餐厅;中餐厅,武侯区,104.050623,30.625263,4
精宜快餐,catering,餐饮服务;中餐厅;中餐厅,武侯区,104.052996,30.628096,2
福多冒菜,catering,餐饮服务;中餐厅;中餐厅,武侯区,104.045215,30.626538,1
景立餐吧,catering,餐饮服务;中餐厅;中餐厅,武侯区,104.053298,30.621598,2
谢记燃面(第八分店),catering,餐饮服务;中餐厅;中餐厅,武侯区,104.043824,30.620637,2
鑫城茶楼(二环路南三段),catering,餐饮服务;茶艺馆;茶艺馆,武侯区,104.048809,30.624809,1
御香茶府(二环路南三段),catering,餐饮服务;茶艺馆;茶艺馆,武侯区,104.053146,30.621133,1
花盞私房菜,catering,餐饮服务;中餐厅;中餐厅,武侯区,104.04381,30.619574,1
王百味火锅,catering,餐饮服务;中餐厅;火锅店,武侯区,104.045654,30.62108,1
吴小美的店,catering,餐饮服务;甜品店;甜品店,武侯区,104.043773,30.623241,1
TINY STORE小吃店,catering,餐饮服务;中餐厅;特色/地方风味餐厅,武侯区,104.045365,30.623328,1
口馍兔子面快餐(元通分店),catering,餐饮服务;中餐厅;中餐厅,武侯区,104.044201,30.625168,1
利讯往事茶楼(神仙树北路),catering,餐饮服务;茶艺馆;茶艺馆,武侯区,104.047462,30.624575,1
玉滋补,catering,餐饮服务;中餐厅;中餐厅,武侯区,104.057494,30.627106,14
樱の都,catering,餐饮服务;外国餐厅;日本料理,武侯区,104.06007,30.620521,10
缘为火锅,catering,餐饮服务;中餐厅;火锅店,武侯区,104.059841,30.623382,18
重庆老梭边鱼府(玉林店),catering,餐饮服务;中餐厅;四川菜(川菜),武侯区,104.056385,30.622632,1
仔姜王(玉林总店),catering,餐饮服务;中餐厅;中餐厅,武侯区,104.058041,30.625059,3
圣厨牛腩,catering,餐饮服务;中餐厅;中餐厅,武侯区,104.060056,30.625238,17
竹笋面庄,catering,餐饮服务;中餐厅;中餐厅,武侯区,104.057782,30.625822,5
心族川菜,catering,餐饮服务;中餐厅;四川菜(川菜),武侯区,104.063481,30.625241,7
卡萨马可,catering,餐饮服务;外国餐厅;意式菜品餐厅,武侯区,104.059918,30.619566,1
张飞砂锅,catering,餐饮服务;中餐厅;中餐厅,武侯区,104.061086,30.62783,27
王记白家肥肠粉(玉林西街),catering,餐饮服务;中餐厅;中餐厅,武侯区,104.058127,30.629209,1
蜜雪花园餐厅,catering,餐饮服务;中餐厅;中餐厅,武侯区,104.055232,30.619845,3
李香蓝重庆火锅(紫荆店),catering,餐饮服务;中餐厅;火锅店,武侯区,104.053718,30.620856,2
莲创作料理,catering,餐饮服务;中餐厅;中餐厅,武侯区,104.060872,30.623107,3
huihui美食,catering,餐饮服务;中餐厅;中餐厅,武侯区,104.062556,30.623338,1
糖熊,catering,餐饮服务;冷饮店;冷饮店,武侯区,104.063601,30.627321,11
天津口留香(玉通巷),catering,餐饮服务;中餐厅;中餐厅,武侯区,104.056729,30.624239,1
爱觅食,catering,餐饮服务;糕饼店;糕饼店,武侯区,104.055958,30.619794,2
R and B珍奶会所(玉林店),catering,餐饮服务;冷饮店;冷饮店,武侯区,104.059662,30.627426,1
涛涛切面,catering,餐饮服务;中餐厅;中餐厅,武侯区,104.057365,30.628782,8
狼牙土豆,catering,餐饮服务;中餐厅;特色/地方风味餐厅,武侯区,104.062454,30.625165,4
五谷粮仓(二环路店),catering,餐饮服务;中餐厅;中餐厅|餐饮服务;冷饮店;冷饮店,武侯区,104.053947,30.623285,1
三只菇凉(桐梓林店),catering,餐饮服务;甜品店;甜品店,武侯区,104.058844,30.62272,4
凉皮凉面,catering,餐饮服务;中餐厅;特色/地方风味餐厅,武侯区,104.056532,30.628047,1
彩世界,catering,餐饮服务;快餐厅;快餐厅,武侯区,104.056826,30.623514,2
下关沱茶(倪家桥路),catering,餐饮服务;茶艺馆;茶艺馆,武侯区,104.062267,30.626993,1
印咖啡(桐梓林店),catering,餐饮服务;咖啡厅;咖啡厅,武侯区,104.059872,30.621724,1
菁园,catering,餐饮服务;茶艺馆;茶艺馆,武侯区,104.062198,30.621358,2
贤和茶馆,catering,餐饮服务;茶艺馆;茶艺馆,武侯区,104.053933,30.628375,2
友度咖啡,catering,餐饮服务;咖啡厅;咖啡厅,武侯区,104.059204,30.621804,2
巴国故事火锅米线店,catering,餐饮服务;中餐厅;中餐厅,武侯区,104.060463,30.626177,1
银都茶楼,catering,餐饮服务;茶艺馆;茶艺馆,武侯区,104.054663,30.620954,1
可可餐,catering,餐饮服务;中餐厅;中餐厅,武侯区,104.073565,30.621489,69
润景阁,catering,餐饮服务;休闲餐饮场所;休闲餐饮场所,武侯区,104.071924,30.625258,2
熹宴,catering,餐饮服务;中餐厅;中餐厅,武侯区,104.065667,30.621106,22
印度风情餐吧,catering,餐饮服务;外国餐厅;其它亚洲菜,武侯区,104.064016,30.628464,8
雅聚吧,catering,餐饮服务;休闲餐饮场所;休闲餐饮场所,武侯区,104.063805,30.620881,10
锦翠花园酒楼,catering,餐饮服务;中餐厅;综合酒楼,武侯区,104.06973,30.619916,5
南城小厨茶坊,catering,餐饮服务;中餐厅;中餐厅,武侯区,104.064782,30.625988,1
星巴克咖啡(成都威斯顿店),catering,餐饮服务;咖啡厅;星巴克咖啡,武侯区,104.065133,30.626842,1
芝芝饼屋(领事馆店),catering,餐饮服务;糕饼店;糕饼店,武侯区,104.064727,30.62908,1
天仁海鲜酒楼,catering,餐饮服务;中餐厅;海鲜酒楼,武侯区,104.064739,30.628062,3
蔺师傅古蔺手工面,catering,餐饮服务;中餐厅;中餐厅,武侯区,104.071655,30.620337,5
痴味小厨,catering,餐饮服务;中餐厅;中餐厅,武侯区,104.072148,30.623944,5
佳妹儿,catering,餐饮服务;中餐厅;中餐厅,武侯区,104.065877,30.627131,2
布兰克(首航欣程店),catering,餐饮服务;糕饼店;糕饼店,武侯区,104.067956,30.62421,2
林氏钵钵鸡,catering,餐饮服务;快餐厅;快餐厅,武侯区,104.07137,30.624666,1
天奇香茶馆,catering,餐饮服务;茶艺馆;茶艺馆,武侯区,104.069005,30.619432,5
爱尚甜品小吃店,catering,餐饮服务;快餐厅;快餐厅,武侯区,104.066366,30.623405,1
味道面馆,catering,餐饮服务;中餐厅;特色/地方风味餐厅,武侯区,104.070855,30.623002,1
脍炙人口涮烤吧,catering,餐饮服务;中餐厅;中餐厅,武侯区,104.066512,30.624081,2
棕楠铜锅面,catering,餐饮服务;中餐厅;中餐厅,武侯区,104.072062,30.625991,1
人南面点王,catering,餐饮服务;中餐厅;中餐厅,武侯区,104.065134,30.623284,4
石墙布衣大安茶坊,catering,餐饮服务;茶艺馆;茶艺馆,武侯区,104.064646,30.624412,1
四季厅,catering,餐饮服务;中餐厅;中餐厅,武侯区,104.067102,30.622998,4
辣妹子香锅,catering,餐饮服务;中餐厅;中餐厅,武侯区,104.072768,30.620806,3
绝食西餐厅,catering,餐饮服务;外国餐厅;外国餐厅,武侯区,104.068914,30.622389,1
吾舍禅茶,catering,餐饮服务;茶艺馆;茶艺馆,武侯区,104.067505,30.62346,2
一叶一世界藏茶素食火锅(领事馆店),catering,餐饮服务;中餐厅;火锅店,武侯区,104.068425,30.626733,1
重庆酸辣粉(锦绣巷),catering,餐饮服务;中餐厅;特色/地方风味餐厅,武侯区,104.070616,30.629019,1
国航员工餐厅,catering,餐饮服务;中餐厅;中餐厅,武侯区,104.065975,30.619548,1
金匣子菜馆,catering,餐饮服务;中餐厅;中餐厅,武侯区,104.068695,30.62303,1
味觉私厨,catering,餐饮服务;快餐厅;快餐厅,锦江区,104.082706,30.625024,13
同心源商务茶楼,catering,餐饮服务;茶艺馆;茶艺馆,武侯区,104.077171,30.623228,3
和席酒家(科华店),catering,餐饮服务;中餐厅;综合酒楼,武侯区,104.074727,30.623458,3
食尚玩家,catering,餐饮服务;快餐厅;快餐厅,武侯区,104.079134,30.625269,8
熊柒火锅(科华店),catering,餐饮服务;中餐厅;火锅店,武侯区,104.073963,30.623693,3
蜜丝奶茶,catering,餐饮服务;冷饮店;冷饮店,武侯区,104.07486,30.620363,6
片刻The Moment Coffee HOUSE,catering,餐饮服务;咖啡厅;咖啡厅,武侯区,104.082226,30.62751,1
铺盖面,catering,餐饮服务;中餐厅;中餐厅,武侯区,104.075734,30.619147,18
钟姐串串,catering,餐饮服务;中餐厅;中餐厅,武侯区,104.079032,30.626464,4
好家乡月饼,catering,餐饮服务;糕饼店;糕饼店,武侯区,104.080827,30.620738,7
福多包,catering,餐饮服务;中餐厅;特色/地方风味餐厅,武侯区,104.081359,30.625069,2
筷乐园砂锅炒菜,catering,餐饮服务;快餐厅;快餐厅,武侯区,104.079341,30.627335,1
荆州锅块,catering,餐饮服务;快餐厅;快餐厅,武侯区,104.082842,30.629203,2
正大鸡排,catering,餐饮服务;中餐厅;特色/地方风味餐厅,武侯区,104.080753,30.619566,3
尚都烧烤吧,catering,餐饮服务;中餐厅;特色/地方风味餐厅,武侯区,104.080853,30.623388,3
峨矿聚源茶庄,catering,餐饮服务;茶艺馆;茶艺馆,武侯区,104.077896,30.62317,2
红福角大茶楼(高攀路店),catering,餐饮服务;茶艺馆;茶艺馆,武侯区,104.081325,30.622165,1
四川大学望江校区南苑食堂,catering,餐饮服务;中餐厅;中餐厅,武侯区,104.076352,30.627618,1
幺鸡小龙虾,catering,餐饮服务;中餐厅;海鲜酒楼,武侯区,104.081814,30.623413,1
面馆味道,catering,餐饮服务;快餐厅;快餐厅,武侯区,104.073902,30.623226,1
萱子,catering,餐饮服务;中餐厅;中餐厅,锦江区,104.094116,30.623549,150
九味初,catering,餐饮服务;中餐厅;中餐厅,锦江区,104.090996,30.626469,35
两只鱼,catering,餐饮服务;中餐厅;中餐厅,锦江区,104.093718,30.627056,58
老房子·第四城花园餐厅(东湖店),catering,餐饮服务;中餐厅;综合酒楼,锦江区,104.084272,30.622556,1
开心餐吧(摩玛城店),catering,餐饮服务;休闲餐饮场所;休闲餐饮场所,锦江区,104.087597,30.623717,1
川菜馆,catering,餐饮服务;中餐厅;四川菜(川菜),锦江区,104.089991,30.621003,18
东湖首席,catering,餐饮服务;中餐厅;中餐厅,锦江区,104.08629,30.62361,3
苏妃的汤,catering,餐饮服务;快餐厅;快餐厅,锦江区,104.090123,30.624891,3
原创咖啡(河滨路店),catering,餐饮服务;咖啡厅;咖啡厅,锦江区,104.08518,30.62354,1
霞霞干锅,catering,餐饮服务;中餐厅;特色/地方风味餐厅,锦江区,104.089705,30.625728,5
101地里西街,catering,餐饮服务;中餐厅;火锅店,锦江区,104.088294,30.624807,2
美亨亨(摩玛城店),catering,餐饮服务;中餐厅;中餐厅,锦江区,104.087783,30.624144,1
沙家浜茶府,catering,餐饮服务;茶艺馆;茶艺馆,锦江区,104.090532,30.627862,1
品味佳蛋糕屋,catering,餐饮服务;糕饼店;糕饼店,锦江区,104.090232,30.622379,3
65度咖啡,catering,餐饮服务;咖啡厅;咖啡厅,锦江区,104.088397,30.623486,2
茗缘茶楼(锦洲花园东南),catering,餐饮服务;茶艺馆;茶艺馆,锦江区,104.09297,30.624962,1
河心半岛,catering,餐饮服务;快餐厅;茶餐厅,锦江区,104.089403,30.628659,1
翠竹13概念私房菜,catering,餐饮服务;中餐厅;中餐厅,锦江区,104.088368,30.627102,2
锦澜河鲜馆,catering,餐饮服务;中餐厅;火锅店,锦江区,104.086254,30.622016,1
王记干拌面,catering,餐饮服务;中餐厅;中餐厅,锦江区,104.092097,30.625165,3
蓉李记,catering,餐饮服务;中餐厅;中餐厅,锦江区,104.087761,30.622299,1
美滋园快餐部,catering,餐饮服务;中餐厅;中餐厅,锦江区,104.087793,30.621528,1
快易送网上超市(锦江店),catering,餐饮服务;中餐厅;中餐厅,锦江区,104.089412,30.624884,1
盐家菜,catering,餐饮服务;中餐厅;特色/地方风味餐厅,锦江区,104.100577,30.625661,37
巴蜀刘记小吃,catering,餐饮服务;中餐厅;四川菜(川菜),锦江区,104.09587,30.620722,7
口吅品,catering,餐饮服务;中餐厅;中餐厅,锦江区,104.09794,30.625766,49
魏抄手,catering,餐饮服务;中餐厅;中餐厅,锦江区,104.09755,30.619534,102
经典小院(净居寺西街),catering,餐饮服务;中餐厅;火锅店,锦江区,104.100829,30.623415,1
正宗军屯锅魁,catering,餐饮服务;中餐厅;特色/地方风味餐厅,锦江区,104.096581,30.628497,7
花觅火锅,catering,餐饮服务;中餐厅;火锅店,锦江区,104.098683,30.628302,16
香碗面,catering,餐饮服务;中餐厅;中餐厅,锦江区,104.103392,30.623099,82
虹运茶园,catering,餐饮服务;茶艺馆;茶艺馆,锦江区,104.095493,30.627478,8
月红蹄花,catering,餐饮服务;中餐厅;中餐厅,锦江区,104.099439,30.627356,8
正宗刀削面,catering,餐饮服务;快餐厅;快餐厅,锦江区,104.100832,30.620396,9
三千阁,catering,餐饮服务;茶艺馆;茶艺馆,锦江区,104.101143,30.62812,2
蒋包子,catering,餐饮服务;中餐厅;中餐厅,锦江区,104.09961,30.621396,2
好这口,catering,餐饮服务;快餐厅;快餐厅,锦江区,104.102272,30.619387,24
棋牌茶,catering,餐饮服务;茶艺馆;茶艺馆,锦江区,104.101626,30.621964,2
必胜客(东二环路万达广场店),catering,餐饮服务;外国餐厅;外国餐厅,锦江区,104.095735,30.625264,1
Japanese Food,catering,餐饮服务;外国餐厅;日本料理,锦江区,104.093573,30.624028,1
逸东茶楼,catering,餐饮服务;茶艺馆;茶艺馆,锦江区,104.095609,30.626389,6
百亨酒店茶坊,catering,餐饮服务;茶艺馆;茶艺馆,锦江区,104.095483,30.622459,1
何姐麻将铺,catering,餐饮服务;茶艺馆;茶艺馆,锦江区,104.096172,30.622676,2
一六九茶社,catering,餐饮服务;茶艺馆;茶艺馆,锦江区,104.09664,30.621509,3
静心茶园,catering,餐饮服务;茶艺馆;茶艺馆,锦江区,104.099639,30.618638,24
香叶林,catering,餐饮服务;茶艺馆;茶艺馆,锦江区,104.098798,30.62266,5
茹锦茶楼,catering,餐饮服务;茶艺馆;茶艺馆,锦江区,104.101,30.624625,1
舌尖诱惑,catering,餐饮服务;中餐厅;中餐厅,锦江区,104.09681,30.624056,1
伊人醉啤酒广场,catering,餐饮服务;中餐厅;中餐厅,锦江区,104.096159,30.624042,1
韩式腌卤坊,catering,餐饮服务;快餐厅;快餐厅,锦江区,104.101815,30.620607,1
华蓉道柴火鸡,catering,餐饮服务;中餐厅;东北菜,锦江区,104.094984,30.62186,1
悦榕茶府,catering,餐饮服务;茶艺馆;茶艺馆,锦江区,104.100219,30.62362,1
食天下,catering,餐饮服务;中餐厅;中餐厅,锦江区,104.104909,30.624418,52
老瓢根,catering,餐饮服务;中餐厅;中餐厅,锦江区,104.113136,30.621,34
尚尚签,catering,餐饮服务;快餐厅;快餐厅,锦江区,104.104849,30.621237,10
知味,catering,餐饮服务;中餐厅;四川菜(川菜),锦江区,104.109185,30.623418,5
北味鲜,catering,餐饮服务;中餐厅;中餐厅,锦江区,104.104611,30.620354,10
半岛春天,catering,餐饮服务;中餐厅;海鲜酒楼|商务住宅;商务住宅相关;商务住宅相关,锦江区,104.109855,30.62924,1
双城小吃,catering,餐饮服务;中餐厅;中餐厅,锦江区,104.1096,30.620475,3
八喜面馆(马家沟路),catering,餐饮服务;中餐厅;中餐厅,锦江区,104.113385,30.626908,2
沙河外滩棋牌茶坊,catering,餐饮服务;茶艺馆;茶艺馆,锦江区,104.107569,30.624914,1
转转会(沙河店),catering,餐饮服务;中餐厅;中餐厅,锦江区,104.111551,30.622131,1
吉隆厅商务茶楼,catering,餐饮服务;咖啡厅;咖啡厅,锦江区,104.112611,30.62904,1
憨叁砂锅串串(观音桥街),catering,餐饮服务;中餐厅;中餐厅,锦江区,104.10366,30.61969,1
田园风情,catering,餐饮服务;中餐厅;中餐厅,锦江区,104.113016,30.628388,1
面炒菜,catering,餐饮服务;中餐厅;中餐厅,锦江区,104.113998,30.627688,8
卫卫饭店,catering,餐饮服务;中餐厅;中餐厅,锦江区,104.109233,30.621571,1
岳阳水饺,catering,餐饮服务;中餐厅;中餐厅,锦江区,104.117371,30.622092,4
正宗简阳肖八仙羊肉汤,catering,餐饮服务;中餐厅;中餐厅,锦江区,104.114892,30.621883,2
饭爷来了,catering,餐饮服务;中餐厅;中餐厅,锦江区,104.116691,30.625192,10
天天鱼,catering,餐饮服务;中餐厅;中餐厅,锦江区,104.117578,30.620839,4
廖记渣渣火锅,catering,餐饮服务;中餐厅;火锅店,锦江区,104.114032,30.626158,3
辣么哆自贡特色菜,catering,餐饮服务;中餐厅;中餐厅,锦江区,104.115785,30.62577,3
川东佬火锅,catering,餐饮服务;中餐厅;火锅店,锦江区,104.115019,30.626131,2
金牌卤肉面(川师店),catering,餐饮服务;中餐厅;中餐厅,锦江区,104.117992,30.620216,4
唐蹄花,catering,餐饮服务;中餐厅;中餐厅,锦江区,104.116283,30.620803,26
硕睿面包,catering,餐饮服务;糕饼店;糕饼店,锦江区,104.114495,30.62574,1
邮电职业技术学院培训中心招待所餐厅,catering,餐饮服务;中餐厅;中餐厅,锦江区,104.121545,30.622192,1
川西人家生态火锅(静居寺店),catering,餐饮服务;中餐厅;火锅店,锦江区,104.115487,30.621783,1
品道堂茶道馆(静沙北路),catering,餐饮服务;茶艺馆;茶艺馆,锦江区,104.11366,30.624408,1
一日三餐,catering,餐饮服务;中餐厅;中餐厅,锦江区,104.121368,30.625155,5
伍记面,catering,餐饮服务;中餐厅;中餐厅,锦江区,104.122357,30.618986,17
我是水瓶座,catering,餐饮服务;咖啡厅;咖啡厅,锦江区,104.113897,30.62161,1
俊芳小吃,catering,餐饮服务;中餐厅;中餐厅,锦江区,104.123794,30.623051,4
四川友谊医院职工内部餐厅,catering,餐饮服务;中餐厅;中餐厅,锦江区,104.120948,30.625747,1
田园小炒(原子能研究院舍区南),catering,餐饮服务;中餐厅;中餐厅,锦江区,104.122253,30.625574,1
四川邮电职业技术学院学生餐厅,catering,餐饮服务;中餐厅;中餐厅,锦江区,104.122205,30.621804,1
龚记传统醮水,catering,餐饮服务;中餐厅;中餐厅,锦江区,104.117472,30.621446,2
金阿姨烧烤,catering,餐饮服务;中餐厅;特色/地方风味餐厅,锦江区,104.121962,30.624442,3
姊妹花蜀香串串香,catering,餐饮服务;中餐厅;中餐厅,锦江区,104.114096,30.626702,1
永德茶坊,catering,餐饮服务;茶艺馆;茶艺馆|购物服务;专卖店;专营店,锦江区,104.124857,30.621178,14
果珍爱,catering,餐饮服务;冷饮店;冷饮店,锦江区,104.125815,30.619498,26
81夜啤,catering,餐饮服务;中餐厅;中餐厅,成华区,104.125344,30.621868,5
老面坊包子铺,catering,餐饮服务;中餐厅;中餐厅,锦江区,104.123737,30.620306,4
润通茶坊,catering,餐饮服务;茶艺馆;茶艺馆,锦江区,104.133449,30.619932,2
慈记面铺,catering,餐饮服务;中餐厅;中餐厅,成华区,104.132475,30.62602,1
麦郎披萨店,catering,餐饮服务;快餐厅;快餐厅,锦江区,104.134254,30.620275,3
冒冒菜,catering,餐饮服务;中餐厅;中餐厅,成华区,104.139812,30.623809,10
勤家小馆,catering,餐饮服务;中餐厅;中餐厅,锦江区,104.134427,30.619096,18
口福烧菜,catering,餐饮服务;中餐厅;中餐厅,锦江区,104.134408,30.620915,4
稷香宽汤牛肉面,catering,餐饮服务;中餐厅;中餐厅,锦江区,104.135845,30.61938,2
静清茶坊,catering,餐饮服务;茶艺馆;茶艺馆,锦江区,104.135628,30.620357,1
乐至家常面,catering,餐饮服务;中餐厅;中餐厅,锦江区,104.13365,30.62055,1
香飘飘,catering,餐饮服务;茶艺馆;茶艺馆,锦江区,104.133553,30.619433,1
食空,catering,餐饮服务;中餐厅;中餐厅,成华区,104.152539,30.628484,57
馋嘴面,catering,餐饮服务;中餐厅;中餐厅,成华区,104.152472,30.627565,3
芙蓉餐厅,catering,餐饮服务;中餐厅;中餐厅,成华区,104.151109,30.628135,1
皇城肺片(万科店),catering,餐饮服务;中餐厅;中餐厅,成华区,104.155098,30.627526,6
菜饭香小厨,catering,餐饮服务;中餐厅;中餐厅,成华区,104.1584,30.628944,3
海纳阁茶馆,catering,餐饮服务;茶艺馆;茶艺馆,成华区,104.153866,30.627137,1
夜不收,catering,餐饮服务;中餐厅;中餐厅,成华区,104.154762,30.625248,2
优品茶楼,catering,餐饮服务;茶艺馆;茶艺馆,成华区,104.15612,30.628731,1
鸡鹅,catering,餐饮服务;中餐厅;中餐厅,武侯区,103.966483,30.613302,13
小草屋(金花店),catering,餐饮服务;糕饼店;糕饼店,武侯区,103.968601,30.613338,1
绝味龙虾馆,catering,餐饮服务;中餐厅;海鲜酒楼,武侯区,103.965527,30.614889,3
简阳夜宵,catering,餐饮服务;中餐厅;中餐厅,武侯区,103.969293,30.611456,25
马帮烧烤,catering,餐饮服务;中餐厅;特色/地方风味餐厅,武侯区,103.966992,30.617451,6
香达克(金花店),catering,餐饮服务;中餐厅;中餐厅,武侯区,103.969677,30.613911,1
浩瀚茶楼,catering,餐饮服务;茶艺馆;茶艺馆,武侯区,103.971022,30.609769,6
缤果时光(草金路南段),catering,餐饮服务;冷饮店;冷饮店,武侯区,103.969175,30.612512,1
松海月海鲜主题餐厅,catering,餐饮服务;中餐厅;海鲜酒楼,武侯区,103.96553,30.615613,1
廖记冷淡杯,catering,餐饮服务;中餐厅;中餐厅,武侯区,103.972071,30.615048,5
彭老四豆花饭店,catering,餐饮服务;中餐厅;中餐厅,武侯区,103.968773,30.614889,1
龙湖阁茶楼,catering,餐饮服务;茶艺馆;茶艺馆,武侯区,103.964281,30.610271,3
瑞佰利糕点,catering,餐饮服务;糕饼店;糕饼店,武侯区,103.968663,30.61007,9
多味饭店,catering,餐饮服务;中餐厅;中餐厅,武侯区,103.970724,30.610758,6
面夫子生椒牛肉面,catering,餐饮服务;中餐厅;中餐厅,武侯区,103.967551,30.611547,2
林林家常面,catering,餐饮服务;中餐厅;中餐厅,武侯区,103.966882,30.612061,1
遂宁牛肉面庄,catering,餐饮服务;中餐厅;中餐厅,武侯区,103.967031,30.618219,3
大众饭店,catering,餐饮服务;中餐厅;中餐厅,武侯区,103.964072,30.617576,3
广东胜记粤菜,catering,餐饮服务;中餐厅;广东菜(粤菜),武侯区,103.964805,30.616782,2
遂宁赖烧烤,catering,餐饮服务;中餐厅;特色/地方风味餐厅,武侯区,103.971028,30.612494,2
蜀都饺子王,catering,餐饮服务;中餐厅;特色/地方风味餐厅,武侯区,103.969373,30.61777,2
竹林茶园(金履路),catering,餐饮服务;茶艺馆;茶艺馆,武侯区,103.964937,30.611287,1
口口香餐馆(金凤街店),catering,餐饮服务;快餐厅;快餐厅,武侯区,103.969659,30.609722,1
香村饭店,catering,餐饮服务;中餐厅;中餐厅,武侯区,103.967728,30.616689,1
曹记肥肠粉(金花横街),catering,餐饮服务;中餐厅;中餐厅,武侯区,103.967704,30.610053,2
曹记鲜切面,catering,餐饮服务;中餐厅;中餐厅,武侯区,103.969224,30.61062,4
明来食坊,catering,餐饮服务;中餐厅;中餐厅,武侯区,103.967216,30.614563,2
鑫缘家常菜(金桥路),catering,餐饮服务;中餐厅;中餐厅,武侯区,103.970281,30.618247,1
爱琪,catering,餐饮服务;冷饮店;冷饮店,武侯区,103.969688,30.613185,4
郑老八肥肠粉,catering,餐饮服务;中餐厅;中餐厅,武侯区,103.970246,30.612488,2
一佳快餐(金花店),catering,餐饮服务;中餐厅;中餐厅,武侯区,103.965364,30.61664,1
汪氏饭店,catering,餐饮服务;中餐厅;中餐厅,武侯区,103.973625,30.61955,1
胖哥饭店,catering,餐饮服务;中餐厅;中餐厅,武侯区,103.970427,30.615375,1
双流老味道肥肠粉,catering,餐饮服务;中餐厅;中餐厅,武侯区,103.970686,30.614389,1
雅干捞老面馆,catering,餐饮服务;中餐厅;中餐厅,武侯区,103.973109,30.619087,1
重庆醉义仙,catering,餐饮服务;中餐厅;四川菜(川菜),武侯区,103.983404,30.619344,2
蜀乡农夫菜,catering,餐饮服务;中餐厅;四川菜(川菜),武侯区,103.983787,30.618449,3
七福火锅,catering,餐饮服务;中餐厅;火锅店,武侯区,103.983153,30.61275,15
玉林鲜鸭肠火锅,catering,餐饮服务;中餐厅;火锅店,武侯区,103.976467,30.614352,3
刘记重庆香菇炖鸡铺盖面,catering,餐饮服务;中餐厅;中餐厅,武侯区,103.977867,30.611869,1
廖记棒棒鸡(金鹏街店),catering,餐饮服务;中餐厅;中餐厅,武侯区,103.983554,30.611877,1
吾家爱自助烤肉,catering,餐饮服务;中餐厅;特色/地方风味餐厅,武侯区,103.975227,30.616203,1
炘樾楼,catering,餐饮服务;茶艺馆;茶艺馆,武侯区,103.981569,30.609789,3
绵阳米粉(绿地店),catering,餐饮服务;中餐厅;中餐厅,武侯区,103.982425,30.60993,2
星班客,catering,餐饮服务;快餐厅;快餐厅,武侯区,103.977128,30.613125,1
诺口,catering,餐饮服务;糕饼店;糕饼店,武侯区,103.985325,30.612559,19
可米,catering,餐饮服务;冷饮店;冷饮店,武侯区,103.986512,30.610346,16
面乡坊,catering,餐饮服务;中餐厅;中餐厅,武侯区,103.991268,30.612864,57
臻馔茶餐厅,catering,餐饮服务;中餐厅;中餐厅,武侯区,103.988163,30.61017,6
川粤汇酒楼(簇桥店),catering,餐饮服务;中餐厅;综合酒楼,武侯区,103.993103,30.612402,1
锦官新宴,catering,餐饮服务;中餐厅;综合酒楼,武侯区,103.988583,30.612562,6
菜鸟烤鱼,catering,餐饮服务;中餐厅;特色/地方风味餐厅,武侯区,103.9878,30.610773,8
盛和板栗香鸡汤鲜,catering,餐饮服务;中餐厅;中餐厅,武侯区,103.986559,30.613209,5
饭当家,catering,餐饮服务;中餐厅;中餐厅,武侯区,103.989624,30.610372,14
渣渣面,catering,餐饮服务;中餐厅;中餐厅,武侯区,103.984457,30.609401,20
水浒庄江湖菜,catering,餐饮服务;中餐厅;中餐厅,武侯区,103.984536,30.616849,3
老妈砂锅串串(成都店),catering,餐饮服务;中餐厅;中餐厅,武侯区,103.989679,30.61112,1
渝都椒串串,catering,餐饮服务;中餐厅;特色/地方风味餐厅,武侯区,103.985846,30.614229,7
芬芬茶铺,catering,餐饮服务;茶艺馆;茶艺馆,武侯区,103.990389,30.614091,2
餚德特色菜,catering,餐饮服务;中餐厅;中餐厅,武侯区,103.984893,30.616116,1
锦官新宴酒楼,catering,餐饮服务;中餐厅;综合酒楼,武侯区,103.989582,30.611699,2
周记豌杂面,catering,餐饮服务;中餐厅;中餐厅,武侯区,103.988947,30.615755,3
6柒8茶坊,catering,餐饮服务;茶艺馆;茶艺馆,武侯区,103.986888,30.617554,2
何孃蛋糕,catering,餐饮服务;糕饼店;糕饼店,武侯区,103.984302,30.612087,1
凯席国味(福锦路二段),catering,餐饮服务;中餐厅;中餐厅,武侯区,103.993426,30.611965,1
茗景茶坊,catering,餐饮服务;茶艺馆;茶艺馆,武侯区,103.987434,30.616905,6
山珍馆,catering,餐饮服务;中餐厅;中餐厅,武侯区,103.987356,30.613337,4
广东清远鸡酒楼(百锦路),catering,餐饮服务;中餐厅;综合酒楼,武侯区,103.988692,30.611346,1
养身斑鱼庄,catering,餐饮服务;中餐厅;中餐厅,武侯区,103.986822,30.612304,2
大三元,catering,餐饮服务;茶艺馆;茶艺馆,武侯区,103.987736,30.614513,4
硬是香烧烤坊,catering,餐饮服务;中餐厅;特色/地方风味餐厅,武侯区,103.993433,30.609826,2
乡村菜馆(福锦路一段),catering,餐饮服务;中餐厅;中餐厅,武侯区,103.988199,30.616626,2
重庆万州杂酱面馆,catering,餐饮服务;快餐厅;快餐厅,武侯区,103.984495,30.614432,3
正宗西昌独辣烧烤,catering,餐饮服务;中餐厅;特色/地方风味餐厅,武侯区,103.986845,30.615856,1
钏钏串串,catering,餐饮服务;中餐厅;特色/地方风味餐厅,武侯区,103.994155,30.614253,7
南充名小吃,catering,餐饮服务;中餐厅;中餐厅,武侯区,103.992347,30.609617,4
陈记特色好肉包子店,catering,餐饮服务;中餐厅;中餐厅,武侯区,103.99154,30.616818,2
八妹海鲜冻品,catering,餐饮服务;中餐厅;中餐厅,武侯区,103.989629,30.614445,1
南充面食店,catering,餐饮服务;中餐厅;特色/地方风味餐厅,武侯区,103.989608,30.615119,1
靓冰居,catering,餐饮服务;冷饮店;冷饮店,武侯区,103.992605,30.611859,1
茗悦轩,catering,餐饮服务;咖啡厅;咖啡厅,武侯区,103.99573,30.609906,32
紫瑞茶都,catering,餐饮服务;茶艺馆;茶艺馆,武侯区,103.994044,30.610554,2
宴苑酒楼,catering,餐饮服务;中餐厅;综合酒楼,武侯区,103.994044,30.612934,1
VC鲜果,catering,餐饮服务;冷饮店;冷饮店,武侯区,103.99456,30.612718,2
饭美美外卖,catering,餐饮服务;快餐厅;快餐厅,武侯区,104.001957,30.617718,1
弗莱帝亚私人会馆,catering,餐饮服务;咖啡厅;咖啡厅,武侯区,103.995314,30.612701,1
龙井山酒楼,catering,餐饮服务;中餐厅;中餐厅,武侯区,103.994587,30.612024,1
老地方小冯家常面,catering,餐饮服务;快餐厅;快餐厅,武侯区,103.997767,30.612724,1
湘韵酒楼(聚龙路),catering,餐饮服务;中餐厅;湖南菜(湘菜),武侯区,104.003169,30.616024,1
旭哥串串香,catering,餐饮服务;中餐厅;中餐厅,武侯区,103.998108,30.612076,2
口口香冒菜(龙井东街),catering,餐饮服务;中餐厅;中餐厅,武侯区,103.997492,30.611638,1
达人面府,catering,餐饮服务;中餐厅;中餐厅,武侯区,104.003692,30.615783,4
简阳羊肉汤(华锦路),catering,餐饮服务;中餐厅;特色/地方风味餐厅,武侯区,103.998563,30.613027,1
渝鸿酒楼,catering,餐饮服务;中餐厅;综合酒楼,武侯区,103.999298,30.613252,1
个园酒楼,catering,餐饮服务;中餐厅;综合酒楼,武侯区,103.995489,30.612085,1
鑫意蛋糕,catering,餐饮服务;糕饼店;糕饼店,武侯区,103.997742,30.610511,1
聚龙焱川菜馆,catering,餐饮服务;中餐厅;四川菜(川菜),武侯区,104.000686,30.618508,1
川香源川菜馆(华锦路),catering,餐饮服务;中餐厅;四川菜(川菜),武侯区,104.000058,30.611729,1
吃货西点屋,catering,餐饮服务;糕饼店;糕饼店,武侯区,103.997855,30.611268,1
味之源烧烤,catering,餐饮服务;中餐厅;特色/地方风味餐厅,武侯区,103.997062,30.610596,1
陈鸭子,catering,餐饮服务;中餐厅;特色/地方风味餐厅,武侯区,103.999937,30.610059,2
东北饺子馆,catering,餐饮服务;中餐厅;特色/地方风味餐厅,武侯区,103.999597,30.614031,1
鸭脑壳(簇桥店),catering,餐饮服务;快餐厅;快餐厅,武侯区,104.003385,30.610866,1
侯哥饭店,catering,餐饮服务;中餐厅;中餐厅,武侯区,104.00771,30.618494,1
兴源餐馆(南沈路),catering,餐饮服务;中餐厅;中餐厅,武侯区,104.007512,30.610712,1
胖哥饭店,catering,餐饮服务;中餐厅;中餐厅,武侯区,104.00796,30.613611,1
溢香小吃,catering,餐饮服务;中餐厅;中餐厅,武侯区,104.00912,30.613077,3
天天好运饭店(南沈路),catering,餐饮服务;中餐厅;中餐厅,武侯区,104.010055,30.612705,1
清爽茶楼,catering,餐饮服务;茶艺馆;茶艺馆,武侯区,104.011975,30.614782,1
八益咖啡,catering,餐饮服务;咖啡厅;咖啡厅,武侯区,104.008704,30.617742,1
新一家常菜,catering,餐饮服务;中餐厅;四川菜(川菜),武侯区,104.004073,30.610482,1
红英饭店,catering,餐饮服务;中餐厅;中餐厅,武侯区,104.007646,30.614012,2
遂宁饭店(南沈路),catering,餐饮服务;中餐厅;中餐厅,武侯区,104.006617,30.61119,1
西北人家,catering,餐饮服务;中餐厅;西北菜,武侯区,104.005657,30.611538,1
诚意饭店(南沈路),catering,餐饮服务;中餐厅;中餐厅,武侯区,104.013354,30.617107,1
梅林凯饼屋,catering,餐饮服务;糕饼店;糕饼店,武侯区,104.01845,30.618512,5
万师餐厅,catering,餐饮服务;中餐厅;中餐厅,武侯区,104.017678,30.619194,5
面馆,catering,餐饮服务;中餐厅;中餐厅,武侯区,104.019727,30.618054,12
吉祥茶坊(华泰四路店),catering,餐饮服务;茶艺馆;茶艺馆,武侯区,104.0209,30.618541,1
邛崃炖鸡面(南三环路五段辅路),catering,餐饮服务;中餐厅;中餐厅,武侯区,104.017917,30.613328,1
大众茶铺(华兴南桥社区卫生服务站西南),catering,餐饮服务;茶艺馆;茶艺馆,武侯区,104.020321,30.615872,1
三六九茶坊(华泰五路),catering,餐饮服务;茶艺馆;茶艺馆,武侯区,104.021852,30.616939,1
ONLY美食,catering,餐饮服务;中餐厅;中餐厅,武侯区,104.027882,30.617167,1
言午,catering,餐饮服务;中餐厅;火锅店,武侯区,104.035621,30.610062,165
HAPPY食客牛排,catering,餐饮服务;外国餐厅;牛扒店(扒房),武侯区,104.033184,30.612701,2
蜀品轩小吃城,catering,餐饮服务;中餐厅;中餐厅,武侯区,104.024049,30.610394,1
城南神仙树菜馆,catering,餐饮服务;中餐厅;中餐厅,武侯区,104.042811,30.618642,1
三缺一(新北店),catering,餐饮服务;中餐厅;四川菜(川菜),武侯区,104.03748,30.611537,1
毛姐烧烤,catering,餐饮服务;中餐厅;特色/地方风味餐厅,武侯区,104.037463,30.615853,21
四季御庭酒楼,catering,餐饮服务;中餐厅;中餐厅,武侯区,104.041436,30.615528,1
早早觅食,catering,餐饮服务;中餐厅;中餐厅,武侯区,104.040796,30.614348,3
阑珊坊,catering,餐饮服务;休闲餐饮场所;休闲餐饮场所,武侯区,104.039532,30.613568,8
根根香串串冒菜,catering,餐饮服务;快餐厅;快餐厅,武侯区,104.037617,30.617366,1
檀香楼,catering,餐饮服务;茶艺馆;茶艺馆,武侯区,104.041948,30.617302,4
福元汤圆,catering,餐饮服务;甜品店;甜品店,武侯区,104.037906,30.617838,1
小草坊冷锅串串,catering,餐饮服务;中餐厅;特色/地方风味餐厅,武侯区,104.037919,30.616179,1
紫瑞茶楼(中环路紫瑞大道段),catering,餐饮服务;茶艺馆;茶艺馆,武侯区,104.039483,30.614769,1
紫楠轩(紫瑞大道),catering,餐饮服务;茶艺馆;茶艺馆,武侯区,104.038597,30.615157,1
东北水饺面,catering,餐饮服务;中餐厅;特色/地方风味餐厅,武侯区,104.04047,30.613022,2
仙湖岛茶府,catering,餐饮服务;茶艺馆;茶艺馆,武侯区,104.042896,30.619329,1
艾草鲜鱼火锅,catering,餐饮服务;中餐厅;火锅店,武侯区,104.037297,30.613685,1
八鲜过海川派海鲜(创业路),catering,餐饮服务;中餐厅;海鲜酒楼,武侯区,104.033817,30.612816,1
特色烧烤,catering,餐饮服务;中餐厅;特色/地方风味餐厅,武侯区,104.040938,30.616552,1
非常道,catering,餐饮服务;中餐厅;中餐厅,武侯区,104.037586,30.613207,1
门里,catering,餐饮服务;中餐厅;中餐厅,武侯区,104.047651,30.613813,37
大德,catering,餐饮服务;外国餐厅;日本料理,武侯区,104.049431,30.613219,15
红磨坊,catering,餐饮服务;中餐厅;中餐厅,武侯区,104.046198,30.618828,15
红阳快餐,catering,餐饮服务;快餐厅;快餐厅,武侯区,104.051538,30.615452,7
卿浥茶楼,catering,餐饮服务;茶艺馆;茶艺馆,武侯区,104.050859,30.614624,7
隆中,catering,餐饮服务;茶艺馆;茶艺馆,武侯区,104.047913,30.61734,43
高新区问茶茶馆,catering,餐饮服务;茶艺馆;茶艺馆,武侯区,104.048412,30.616095,3
竹叶青绿茶,catering,餐饮服务;茶艺馆;茶艺馆,武侯区,104.045977,30.615912,3
逸品轩中餐厅,catering,餐饮服务;中餐厅;广东菜(粤菜),武侯区,104.046632,30.615494,2
拂尘茶舍,catering,餐饮服务;茶艺馆;茶艺馆,武侯区,104.046723,30.612414,1
闽台缘,catering,餐饮服务;外国餐厅;外国餐厅,武侯区,104.052501,30.615465,33
金牌面点,catering,餐饮服务;快餐厅;快餐厅,武侯区,104.050024,30.617561,7
缘未园,catering,餐饮服务;中餐厅;特色/地方风味餐厅,武侯区,104.053214,30.616172,12
荣辉天天渔港(总店),catering,餐饮服务;中餐厅;海鲜酒楼,武侯区,104.051384,30.61055,1
摆家常,catering,餐饮服务;中餐厅;火锅店,武侯区,104.052956,30.613312,3
宝宴堂(紫瑞北街店),catering,餐饮服务;甜品店;甜品店,武侯区,104.044459,30.614893,1
御府茶缘(紫荆店),catering,餐饮服务;茶艺馆;茶艺馆,武侯区,104.050886,30.613144,3
处留香火锅,catering,餐饮服务;中餐厅;火锅店,武侯区,104.045853,30.61761,3
野闲居,catering,餐饮服务;茶艺馆;茶艺馆,武侯区,104.052072,30.61307,3
街角蛋糕(神仙店),catering,餐饮服务;糕饼店;糕饼店,武侯区,104.046249,30.614418,1
Biang Biang秘制龙虾(大世界店),catering,餐饮服务;中餐厅;特色/地方风味餐厅,武侯区,104.052068,30.616868,1
紫华苑(紫竹南二街),catering,商务住宅;住宅区;住宅小区|餐饮服务;茶艺馆;茶艺馆,武侯区,104.052714,30.614635,1
4U现烤比萨外卖(紫荆店),catering,餐饮服务;快餐厅;快餐厅,武侯区,104.047446,30.619026,1
桐花和风精致料理(寿司、刺身),catering,餐饮服务;外国餐厅;日本料理,武侯区,104.046892,30.610311,1
飞辣不可·自贡冷吃私家菜,catering,餐饮服务;中餐厅;中餐厅,武侯区,104.04758,30.618107,1
紫华苑茶楼,catering,餐饮服务;茶艺馆;茶艺馆,武侯区,104.052761,30.613897,1
西谷茶舍,catering,餐饮服务;茶艺馆;茶艺馆,武侯区,104.060344,30.61733,13
鳍合轩食府,catering,餐饮服务;中餐厅;综合酒楼,武侯区,104.060089,30.618757,5
潮本味潮汕牛肉,catering,餐饮服务;中餐厅;火锅店,武侯区,104.057045,30.618639,3
梓楠,catering,餐饮服务;外国餐厅;西餐厅(综合风味),武侯区,104.056429,30.613553,44
良木缘咖啡(桐梓林店),catering,餐饮服务;咖啡厅;咖啡厅,武侯区,104.05537,30.614373,1
厚积云私家西餐厅,catering,餐饮服务;外国餐厅;西餐厅(综合风味),武侯区,104.061308,30.61458,1
凯宴酒楼,catering,餐饮服务;中餐厅;中餐厅,武侯区,104.058807,30.60987,1
夏瑜天,catering,餐饮服务;糕饼店;糕饼店,武侯区,104.059476,30.613917,5
南苑火锅,catering,餐饮服务;中餐厅;火锅店,武侯区,104.05967,30.609874,5
工匠,catering,餐饮服务;休闲餐饮场所;休闲餐饮场所,武侯区,104.054341,30.614642,10
云水蝉心,catering,餐饮服务;中餐厅;海鲜酒楼,武侯区,104.063544,30.619156,11
贺记蛋烘糕(三分店),catering,餐饮服务;糕饼店;糕饼店,武侯区,104.055953,30.618323,1
肆季优厨,catering,餐饮服务;中餐厅;四川菜(川菜),武侯区,104.061878,30.618743,4
初面,catering,餐饮服务;快餐厅;快餐厅,武侯区,104.062792,30.61329,118
索引咖啡,catering,餐饮服务;咖啡厅;咖啡厅,武侯区,104.060072,30.615058,2
给面子,catering,餐饮服务;中餐厅;中餐厅,武侯区,104.056486,30.610626,6
里面,catering,餐饮服务;中餐厅;中餐厅,武侯区,104.063881,30.615224,31
卤力,catering,餐饮服务;快餐厅;快餐厅,武侯区,104.060598,30.610682,1
Fly餐吧(Fly Bar&),catering,餐饮服务;外国餐厅;西餐厅(综合风味),武侯区,104.06149,30.616238,1
新希望鲜生活蛋糕(芳草地奶亭店),catering,餐饮服务;甜品店;甜品店,武侯区,104.061565,30.615248,1
品客小龙虾,catering,餐饮服务;中餐厅;特色/地方风味餐厅,武侯区,104.061767,30.611707,2
玉妹茶室,catering,餐饮服务;茶艺馆;茶艺馆,武侯区,104.053871,30.616882,5
肯德基宅急送,catering,餐饮服务;外国餐厅;西餐厅(综合风味),武侯区,104.058629,30.618722,2
比特西餐,catering,餐饮服务;外国餐厅;外国餐厅,武侯区,104.055364,30.615307,3
自然鲜(中华店),catering,餐饮服务;中餐厅;中餐厅,武侯区,104.055182,30.618949,1
李师炭火烧烤,catering,餐饮服务;中餐厅;特色/地方风味餐厅,武侯区,104.056349,30.613352,1
李不管把把烧烤,catering,餐饮服务;中餐厅;特色/地方风味餐厅,武侯区,104.063522,30.610553,2
胡涂印象老串串,catering,餐饮服务;中餐厅;特色/地方风味餐厅,武侯区,104.057956,30.615111,1
超级扒王,catering,餐饮服务;外国餐厅;西餐厅(综合风味),武侯区,104.058803,30.610398,2
万和饭馆,catering,餐饮服务;中餐厅;中餐厅,武侯区,104.063156,30.609973,1
鲜香卤辣辣,catering,餐饮服务;中餐厅;中餐厅,武侯区,104.058784,30.612768,1
蜀江春,catering,餐饮服务;中餐厅;四川菜(川菜),武侯区,104.07298,30.610474,8
山丘食堂,catering,餐饮服务;中餐厅;中餐厅,武侯区,104.070163,30.617213,57
宴御海鲜姿造,catering,餐饮服务;中餐厅;海鲜酒楼,武侯区,104.064182,30.618286,1
入蜀记,catering,餐饮服务;中餐厅;中餐厅,武侯区,104.066664,30.618268,41
七队串串,catering,餐饮服务;中餐厅;特色/地方风味餐厅,武侯区,104.071406,30.614337,11
四姐,catering,餐饮服务;中餐厅;中餐厅,武侯区,104.069796,30.613005,32
真炙炉匠料理,catering,餐饮服务;外国餐厅;外国餐厅,武侯区,104.064094,30.616818,1
英杰居,catering,餐饮服务;中餐厅;中餐厅,武侯区,104.067932,30.619159,6
忆茗茶舍,catering,餐饮服务;糕饼店;糕饼店,武侯区,104.065532,30.614585,9
南汇57,catering,餐饮服务;中餐厅;综合酒楼,武侯区,104.065922,30.611629,1
號外,catering,餐饮服务;咖啡厅;咖啡厅,武侯区,104.065446,30.616843,25
一点味(航空路店),catering,餐饮服务;中餐厅;中餐厅,武侯区,104.071325,30.618532,1
紫气城,catering,餐饮服务;咖啡厅;咖啡厅,武侯区,104.072586,30.616357,7
锦水苑酒楼,catering,餐饮服务;中餐厅;综合酒楼,武侯区,104.069376,30.616058,2
开心味,catering,餐饮服务;中餐厅;中餐厅,武侯区,104.072106,30.617416,9
好又香串串,catering,餐饮服务;中餐厅;特色/地方风味餐厅,武侯区,104.070395,30.614435,3
长乐坊,catering,餐饮服务;外国餐厅;西餐厅(综合风味),武侯区,104.072067,30.612257,7
龙翔阁茶楼,catering,餐饮服务;茶艺馆;茶艺馆,武侯区,104.073165,30.614369,5
老赵家,catering,餐饮服务;快餐厅;快餐厅,武侯区,104.067137,30.616687,3
好吃嘴,catering,餐饮服务;中餐厅;特色/地方风味餐厅,武侯区,104.06799,30.617806,10
Pan da快餐,catering,餐饮服务;快餐厅;快餐厅,武侯区,104.064323,30.613514,1
什邡特色烧烤,catering,餐饮服务;中餐厅;特色/地方风味餐厅,武侯区,104.071641,30.611521,1
蟹王阁,catering,餐饮服务;中餐厅;中餐厅,武侯区,104.070742,30.618679,1
盐东江湖菜,catering,餐饮服务;中餐厅;中餐厅,武侯区,104.065224,30.611658,1
苏稽跷脚牛肉店,catering,餐饮服务;中餐厅;中餐厅,武侯区,104.069703,30.615102,3
蟹庄缘阳澄湖大闸蟹(武侯店),catering,餐饮服务;中餐厅;海鲜酒楼,武侯区,104.06632,30.611218,2
川魂帽牌菜冒菜(长寿南路店),catering,餐饮服务;中餐厅;中餐厅,武侯区,104.070182,30.61116,2
江都印象茶楼,catering,餐饮服务;茶艺馆;茶艺馆,武侯区,104.067916,30.616691,5
嘉云台餐厅,catering,餐饮服务;中餐厅;中餐厅,武侯区,104.065946,30.61333,1
耙子火锅,catering,餐饮服务;中餐厅;火锅店,武侯区,104.068862,30.6107,5
锦城会馆,catering,餐饮服务;茶艺馆;茶艺馆,武侯区,104.072078,30.615502,1
姥姥家常菜馆,catering,餐饮服务;中餐厅;中餐厅,武侯区,104.066735,30.612526,2
上和茶坊,catering,餐饮服务;茶艺馆;茶艺馆,武侯区,104.063913,30.611454,3
汉源榨榨面,catering,餐饮服务;中餐厅;中餐厅,武侯区,104.072093,30.614833,1
嘉运酒店中餐馆,catering,餐饮服务;中餐厅;中餐厅,武侯区,104.065159,30.613323,1
欧客来西餐吧,catering,餐饮服务;外国餐厅;西餐厅(综合风味),武侯区,104.072606,30.611216,1
巧巧婆川菜馆,catering,餐饮服务;中餐厅;四川菜(川菜),武侯区,104.071151,30.612921,1
李姐家常面,catering,餐饮服务;中餐厅;中餐厅,武侯区,104.064185,30.610127,1
四川省肿瘤医院营养餐厅,catering,餐饮服务;中餐厅;中餐厅,武侯区,104.068874,30.613154,2
四川省中西医结合医院膳食部,catering,餐饮服务;中餐厅;中餐厅,武侯区,104.066395,30.61588,1
香港点心餐厅,catering,餐饮服务;中餐厅;中餐厅,武侯区,104.066219,30.618866,1
锦绣花园职工食堂,catering,餐饮服务;中餐厅;中餐厅,武侯区,104.06439,30.617529,1
梵景,catering,餐饮服务;中餐厅;火锅店,武侯区,104.076637,30.614974,76
芸点,catering,餐饮服务;甜品店;甜品店,武侯区,104.080112,30.614142,101
山缘茶府,catering,餐饮服务;休闲餐饮场所;休闲餐饮场所,武侯区,104.07449,30.615041,2
风车车串串,catering,餐饮服务;中餐厅;火锅店,武侯区,104.074143,30.617903,7
π披萨,catering,餐饮服务;外国餐厅;意式菜品餐厅,武侯区,104.074362,30.616485,17
金馔牛排汤锅,catering,餐饮服务;外国餐厅;西餐厅(综合风味)|餐饮服务;中餐厅;中餐厅,武侯区,104.081699,30.609547,2
百年冒菜(高攀店),catering,餐饮服务;中餐厅;中餐厅,武侯区,104.078172,30.611806,1
虾子匠,catering,餐饮服务;中餐厅;特色/地方风味餐厅,武侯区,104.077503,30.618804,2
米兰咖啡(百安居店),catering,餐饮服务;咖啡厅;咖啡厅,武侯区,104.073927,30.618528,1
正宗川菜馆,catering,餐饮服务;中餐厅;中餐厅,武侯区,104.080027,30.617385,15
沈记私房面,catering,餐饮服务;中餐厅;中餐厅,武侯区,104.074318,30.612721,4
煮意食肆,catering,餐饮服务;中餐厅;中餐厅,武侯区,104.081957,30.61089,1
致爱丽丝,catering,餐饮服务;冷饮店;冷饮店,武侯区,104.08153,30.614949,3
年轮,catering,餐饮服务;冷饮店;冷饮店,武侯区,104.077025,30.617884,5
丁氏桂林传统米粉(火车南站店),catering,餐饮服务;中餐厅;中餐厅,武侯区,104.076119,30.610528,1
乐家烧烤,catering,餐饮服务;中餐厅;特色/地方风味餐厅,武侯区,104.08019,30.618506,19
紫丹,catering,餐饮服务;茶艺馆;茶艺馆,武侯区,104.078643,30.610226,8
竹海面庄(中环路火车南站东路段),catering,餐饮服务;中餐厅;中餐厅,武侯区,104.073511,30.611148,1
勾魂面(科华中路),catering,餐饮服务;中餐厅;中餐厅,武侯区,104.075,30.617605,1
蒙顶皇茶,catering,餐饮服务;茶艺馆;茶艺馆,武侯区,104.082535,30.611165,6
味益面馆(中环路火车南站东路段),catering,餐饮服务;中餐厅;中餐厅,武侯区,104.07446,30.611373,1
瑞宸茶府,catering,餐饮服务;茶艺馆;茶艺馆,武侯区,104.075296,30.611705,1
汉朝豆捞,catering,餐饮服务;中餐厅;中餐厅,武侯区,104.078617,30.616188,2
三姐餐馆,catering,餐饮服务;快餐厅;快餐厅,武侯区,104.075066,30.61673,1
泰熙家(泛悦城店),catering,餐饮服务;外国餐厅;韩国料理,武侯区,104.076132,30.616949,1
流氓虾(高攀路店),catering,餐饮服务;中餐厅;中餐厅,武侯区,104.07956,30.611466,1
流氓虾(高攀外卖店),catering,餐饮服务;中餐厅;海鲜酒楼,武侯区,104.079554,30.61066,2
UlioSandwich明治有料,catering,餐饮服务;外国餐厅;西餐厅(综合风味),武侯区,104.077853,30.610536,1
佛莱雅酒店-中餐厅,catering,餐饮服务;中餐厅;中餐厅,武侯区,104.0779,30.611123,3
海心茶楼,catering,餐饮服务;茶艺馆;茶艺馆,武侯区,104.079386,30.609663,1
布列塔尼餐厅,catering,餐饮服务;外国餐厅;外国餐厅,武侯区,104.081316,30.609899,2
桃李园(高攀路),catering,商务住宅;住宅区;住宅小区|餐饮服务;中餐厅;中餐厅,武侯区,104.077036,30.611706,1
自慢葡萄酒,catering,餐饮服务;快餐厅;快餐厅,武侯区,104.076215,30.612496,1
韩国炸鸡啤酒,catering,餐饮服务;外国餐厅;外国餐厅,武侯区,104.07584,30.611657,1
香飘万里川菜馆,catering,餐饮服务;中餐厅;四川菜(川菜),武侯区,104.076987,30.616813,1
天伦南台月月饼,catering,餐饮服务;糕饼店;糕饼店,武侯区,104.079517,30.618878,1
安德鲁森月饼,catering,餐饮服务;糕饼店;糕饼店,武侯区,104.076616,30.612031,1
锦河鲜斑鱼坊,catering,餐饮服务;中餐厅;中餐厅,锦江区,104.092636,30.617442,9
源汉,catering,餐饮服务;中餐厅;中餐厅,锦江区,104.090623,30.615809,62
龙海阁海参·大连海鲜,catering,餐饮服务;中餐厅;海鲜酒楼,锦江区,104.088388,30.613741,3
领御上舍酒楼,catering,餐饮服务;中餐厅;综合酒楼,锦江区,104.092501,30.61376,4
翠湖楼(高攀路店),catering,餐饮服务;中餐厅;中餐厅,锦江区,104.090012,30.61008,1
船城映像,catering,餐饮服务;中餐厅;火锅店|餐饮服务;茶艺馆;茶艺馆,锦江区,104.091774,30.614082,7
隆水饺,catering,餐饮服务;中餐厅;特色/地方风味餐厅,锦江区,104.089879,30.618102,2
山货良品,catering,餐饮服务;中餐厅;中餐厅,锦江区,104.090932,30.613838,2
禾盛茶楼,catering,餐饮服务;茶艺馆;茶艺馆,锦江区,104.091856,30.616328,2
东篱翠湖,catering,餐饮服务;中餐厅;综合酒楼,锦江区,104.087786,30.610143,2
大嗨碗中餐,catering,餐饮服务;快餐厅;快餐厅,锦江区,104.092511,30.615687,1
家常面,catering,餐饮服务;中餐厅;中餐厅,锦江区,104.09027,30.618982,2
乐高咖啡,catering,餐饮服务;咖啡厅;咖啡厅,锦江区,104.085953,30.614373,1
自助店DIY手工,catering,餐饮服务;外国餐厅;外国餐厅,锦江区,104.093159,30.616457,2
PAClFC COFFEE,catering,餐饮服务;咖啡厅;咖啡厅,锦江区,104.091722,30.614927,1
茗记甜品(翡翠天地店),catering,餐饮服务;甜品店;甜品店,锦江区,104.091006,30.614806,1
豪仕会所,catering,餐饮服务;休闲餐饮场所;休闲餐饮场所,锦江区,104.090762,30.618076,1
酒味仙,catering,餐饮服务;外国餐厅;西餐厅(综合风味),锦江区,104.087642,30.614847,7
特佬食特产,catering,餐饮服务;快餐厅;快餐厅,锦江区,104.087968,30.616889,1
钟婆婆传统蘸水菜,catering,餐饮服务;快餐厅;快餐厅,锦江区,104.090176,30.617421,1
常回头重庆小面(川师店),catering,餐饮服务;快餐厅;快餐厅,锦江区,104.087113,30.613869,1
热门生意给你不一样的Diy,catering,餐饮服务;中餐厅;特色/地方风味餐厅,锦江区,104.089653,30.613341,1
温鸭子外卖,catering,餐饮服务;中餐厅;中餐厅,锦江区,104.097822,30.615123,6
樽宴酒楼,catering,餐饮服务;中餐厅;综合酒楼,锦江区,104.101362,30.615484,1
宫廷糕点,catering,餐饮服务;糕饼店;糕饼店,锦江区,104.098335,30.610262,30
羊鼎记,catering,餐饮服务;中餐厅;中餐厅,锦江区,104.100337,30.615504,8
哦阔,catering,餐饮服务;中餐厅;中餐厅,锦江区,104.098302,30.612551,46
云栖阁,catering,餐饮服务;中餐厅;中餐厅,锦江区,104.101847,30.614609,6
姜记鼎烤,catering,餐饮服务;中餐厅;特色/地方风味餐厅|餐饮服务;休闲餐饮场所;休闲餐饮场所,锦江区,104.094431,30.611595,1
浩源饮艺,catering,餐饮服务;休闲餐饮场所;休闲餐饮场所,锦江区,104.102885,30.613629,1
黄幺妹仁寿土鸡店(锦华路二段),catering,餐饮服务;中餐厅;中餐厅,锦江区,104.097166,30.611187,1
一锅串,catering,餐饮服务;中餐厅;火锅店,锦江区,104.099182,30.613753,2
是友水饺,catering,餐饮服务;中餐厅;特色/地方风味餐厅,锦江区,104.101205,30.617885,4
四叶草湘菜馆,catering,餐饮服务;中餐厅;中餐厅,锦江区,104.094555,30.615774,1
川东王大锅串串香(锦华路二段),catering,餐饮服务;中餐厅;中餐厅,锦江区,104.096849,30.609588,1
妞的土豆,catering,餐饮服务;快餐厅;快餐厅,锦江区,104.10344,30.618562,2
竹香鸡,catering,餐饮服务;中餐厅;中餐厅,锦江区,104.101468,30.60933,2
谈樽居,catering,餐饮服务;茶艺馆;茶艺馆,锦江区,104.102122,30.613931,2
混元茶道,catering,餐饮服务;茶艺馆;茶艺馆,锦江区,104.095184,30.610142,2
土屋茶坊,catering,餐饮服务;茶艺馆;茶艺馆,锦江区,104.098205,30.617485,5
河畔茶苑,catering,餐饮服务;茶艺馆;茶艺馆,锦江区,104.100897,30.617036,2
聚友休闲茶庄(晨辉北路),catering,餐饮服务;茶艺馆;茶艺馆,锦江区,104.099154,30.614296,1
沙河苑休闲庄,catering,餐饮服务;休闲餐饮场所;休闲餐饮场所,锦江区,104.100165,30.617176,1
悦悦茶馆,catering,餐饮服务;茶艺馆;茶艺馆,锦江区,104.098929,30.614826,2
贵州竹笋冷锅鱼,catering,餐饮服务;中餐厅;中餐厅,锦江区,104.096114,30.617379,1
幸福川辣子,catering,餐饮服务;中餐厅;中餐厅,锦江区,104.101944,30.618695,1
姜记鼎烤(康郡北区西南),catering,餐饮服务;中餐厅;特色/地方风味餐厅,锦江区,104.094548,30.612668,1
雅风阁,catering,餐饮服务;中餐厅;中餐厅,锦江区,104.10031,30.611199,1
重庆门外汉老火锅(万科店),catering,餐饮服务;中餐厅;火锅店,锦江区,104.112626,30.613558,1
祝福茶楼,catering,餐饮服务;茶艺馆;茶艺馆,锦江区,104.11313,30.612763,6
打工饭店,catering,餐饮服务;中餐厅;中餐厅,锦江区,104.111631,30.611536,5
鱼烤鱼,catering,餐饮服务;中餐厅;中餐厅,锦江区,104.111346,30.619086,19
喜悦面包坊(万科店),catering,餐饮服务;糕饼店;糕饼店,锦江区,104.113404,30.614178,2
嘉益茶楼,catering,餐饮服务;茶艺馆;茶艺馆,锦江区,104.1055,30.617478,2
十里香黄焖鸡米饭(晨辉路),catering,餐饮服务;中餐厅;中餐厅,锦江区,104.104239,30.61367,2
吉祥饭店(成功·红树林北),catering,餐饮服务;中餐厅;中餐厅,锦江区,104.105181,30.61036,1
南风,catering,餐饮服务;咖啡厅;咖啡厅,锦江区,104.114835,30.61001,38
黄焖鸡,catering,餐饮服务;中餐厅;中餐厅,锦江区,104.119963,30.619047,11
河鲜鱼家,catering,餐饮服务;中餐厅;中餐厅,锦江区,104.116898,30.619305,3
味来食舍,catering,餐饮服务;中餐厅;中餐厅,锦江区,104.122955,30.61393,10
4A咖啡,catering,餐饮服务;咖啡厅;咖啡厅,锦江区,104.120514,30.611064,3
沁园(川师店),catering,餐饮服务;糕饼店;糕饼店,锦江区,104.11797,30.610666,2
特色牛肉面,catering,餐饮服务;中餐厅;中餐厅,锦江区,104.12015,30.61626,24
沁园(弦歌路),catering,餐饮服务;糕饼店;糕饼店,锦江区,104.121361,30.613934,5
皇朝蛋糕(劼人路),catering,餐饮服务;糕饼店;糕饼店,锦江区,104.120862,30.616821,3
周极品火锅冒菜(邮电学院店),catering,餐饮服务;快餐厅;快餐厅,锦江区,104.117814,30.616372,1
汉密哈顿(川师大店),catering,餐饮服务;糕饼店;糕饼店,锦江区,104.117763,30.618829,1
蹊苑美食城,catering,餐饮服务;中餐厅;中餐厅,锦江区,104.122027,30.612712,2
號子面,catering,餐饮服务;快餐厅;快餐厅,锦江区,104.119315,30.610745,1
嘤鸣园餐厅,catering,餐饮服务;中餐厅;中餐厅,锦江区,104.120835,30.610244,2
是友串串香,catering,餐饮服务;中餐厅;中餐厅,锦江区,104.120966,30.618361,3
槐园餐厅,catering,餐饮服务;中餐厅;中餐厅,锦江区,104.121285,30.611565,6
102奶茶铺,catering,餐饮服务;冷饮店;冷饮店,锦江区,104.11726,30.610224,1
宽窄面条,catering,餐饮服务;中餐厅;中餐厅,锦江区,104.114629,30.612313,5
鸿钰茶府(菱安路),catering,餐饮服务;茶艺馆;茶艺馆,锦江区,104.116688,30.61419,1
榕园餐厅(菱窠路),catering,餐饮服务;中餐厅;中餐厅,锦江区,104.122334,30.615614,1
有家面馆,catering,餐饮服务;中餐厅;特色/地方风味餐厅,锦江区,104.115285,30.610908,1
凡仔汉堡(川师店),catering,餐饮服务;外国餐厅;西餐厅(综合风味),锦江区,104.118807,30.61158,1
泰兴茶楼(菱安路),catering,餐饮服务;茶艺馆;茶艺馆,锦江区,104.115705,30.612689,1
帮重火锅外送,catering,餐饮服务;中餐厅;中餐厅,锦江区,104.119416,30.612404,1
成姐快餐,catering,餐饮服务;中餐厅;特色/地方风味餐厅,锦江区,104.119434,30.618402,2
陳记私房,catering,餐饮服务;糕饼店;糕饼店,锦江区,104.118998,30.618857,1
四哥外卖快餐,catering,餐饮服务;快餐厅;快餐厅,锦江区,104.120858,30.617367,1
遇尚饼屋,catering,餐饮服务;糕饼店;糕饼店,锦江区,104.12923,30.612867,25
面馆,catering,餐饮服务;中餐厅;中餐厅,锦江区,104.128316,30.610644,23
川聚缘酒家,catering,餐饮服务;中餐厅;四川菜(川菜),锦江区,104.130476,30.610464,3
飨串串,catering,餐饮服务;中餐厅;特色/地方风味餐厅,锦江区,104.129341,30.611041,8
尚真烘焙(水杉街),catering,餐饮服务;糕饼店;糕饼店,锦江区,104.13144,30.61235,2
怡香缘休闲茶坊,catering,餐饮服务;茶艺馆;茶艺馆,锦江区,104.13306,30.613494,4
上海周记无水蜂蜜脆皮蛋糕(蓝谷地店),catering,餐饮服务;糕饼店;糕饼店,锦江区,104.130461,30.614825,1
面香卤,catering,餐饮服务;中餐厅;中餐厅,锦江区,104.131968,30.613657,4
二菠萝,catering,餐饮服务;中餐厅;中餐厅,锦江区,104.126933,30.615214,4
逸春茶坊,catering,餐饮服务;茶艺馆;茶艺馆,锦江区,104.131825,30.616597,6
老火面,catering,餐饮服务;中餐厅;中餐厅,锦江区,104.13385,30.610723,23
聚友茶府(国槐街),catering,餐饮服务;茶艺馆;茶艺馆,锦江区,104.129796,30.614599,5
丽和茶楼,catering,餐饮服务;茶艺馆;茶艺馆,锦江区,104.130191,30.611348,1
蜀烩冒菜(海桐店),catering,餐饮服务;中餐厅;四川菜(川菜),锦江区,104.126324,30.609437,1
余妈妈冷吃兔,catering,餐饮服务;快餐厅;快餐厅,锦江区,104.126054,30.617931,2
丽景缘茶坊,catering,餐饮服务;茶艺馆;茶艺馆,锦江区,104.130936,30.611715,6
农家小院(国槐街),catering,餐饮服务;中餐厅;中餐厅,锦江区,104.13261,30.616897,1
简阳羊肉汤,catering,餐饮服务;中餐厅;特色/地方风味餐厅,锦江区,104.123997,30.617554,3
铜壶串串香,catering,餐饮服务;中餐厅;中餐厅,锦江区,104.123658,30.616805,2
凯旋茶楼,catering,餐饮服务;咖啡厅;咖啡厅,锦江区,104.124799,30.613891,1
冰火烤吧,catering,餐饮服务;中餐厅;中餐厅,锦江区,104.127245,30.611802,3
南充名吃,catering,餐饮服务;中餐厅;中餐厅,锦江区,104.126076,30.615652,4
奥尔良摇滚烤鸡,catering,餐饮服务;中餐厅;特色/地方风味餐厅,锦江区,104.123727,30.619104,1
金丰茶餐厅,catering,餐饮服务;中餐厅;中餐厅,锦江区,104.128973,30.61898,1
小龙坎老火锅(绿地中心店),catering,餐饮服务;中餐厅;火锅店,锦江区,104.13909,30.611312,2
安德鲁森(468公馆店),catering,餐饮服务;糕饼店;糕饼店,锦江区,104.140617,30.610276,1
阿牛故事(航天店),catering,餐饮服务;中餐厅;火锅店,锦江区,104.141544,30.6098,2
谢虾子,catering,餐饮服务;中餐厅;海鲜酒楼,锦江区,104.139814,30.61197,10
吴记公馆面,catering,餐饮服务;中餐厅;中餐厅,锦江区,104.141626,30.61124,11
简阳董家埂羊肉汤(合欢树街),catering,餐饮服务;中餐厅;中餐厅,锦江区,104.134566,30.612939,1
丽角签,catering,餐饮服务;中餐厅;特色/地方风味餐厅,锦江区,104.138366,30.610876,5
杏花小镇,catering,餐饮服务;中餐厅;火锅店,锦江区,104.137207,30.609706,2
邓哥炒菜,catering,餐饮服务;中餐厅;中餐厅,锦江区,104.135354,30.614032,4
幺妹串串香(468店),catering,餐饮服务;中餐厅;火锅店,锦江区,104.139262,30.610599,1
代胖娃家常菜,catering,餐饮服务;中餐厅;中餐厅,锦江区,104.134308,30.618014,2
面包乐烘焙店,catering,餐饮服务;糕饼店;糕饼店,锦江区,104.139773,30.610287,1
成都市公共卫生临床医疗中心员工食堂,catering,餐饮服务;中餐厅;中餐厅,锦江区,104.138234,30.617312,1
鲁小二手工坊,catering,餐饮服务;中餐厅;中餐厅,锦江区,104.143249,30.611641,1
大众饭店(上沙河铺街),catering,餐饮服务;中餐厅;中餐厅,锦江区,104.13577,30.614978,1
阳光茶楼(金花店),catering,餐饮服务;茶艺馆;茶艺馆,武侯区,103.967481,30.607568,2
知味面,catering,餐饮服务;中餐厅;中餐厅,武侯区,103.965029,30.6089,14
钟老鸭(金花店),catering,餐饮服务;中餐厅;四川菜(川菜),武侯区,103.964914,30.606588,2
蕴名轩特色火锅,catering,餐饮服务;中餐厅;火锅店,武侯区,103.96462,30.607269,6
优良小面(武侯店),catering,餐饮服务;中餐厅;中餐厅,武侯区,103.966756,30.608278,1
三只鞋农家菜,catering,餐饮服务;中餐厅;中餐厅,武侯区,103.97021,30.60801,1
江岸茶楼,catering,餐饮服务;茶艺馆;茶艺馆,武侯区,103.966347,30.607891,3
隆昌饭店,catering,餐饮服务;中餐厅;中餐厅,武侯区,103.97281,30.602046,2
实惠家常菜,catering,餐饮服务;中餐厅;中餐厅,武侯区,103.966282,30.606038,3
私家小厨房,catering,餐饮服务;中餐厅;中餐厅,武侯区,103.965962,30.608813,4
九江肥肠粉肥肠血旺渣渣面,catering,餐饮服务;中餐厅;中餐厅,武侯区,103.971543,30.60898,1
因为·所以咖啡·茶艺屋,catering,餐饮服务;咖啡厅;咖啡厅,武侯区,103.966026,30.607399,1
七里香骨汤面,catering,餐饮服务;中餐厅;中餐厅,武侯区,103.969622,30.608994,5
邹氏永味鲜面馆,catering,餐饮服务;中餐厅;中餐厅,武侯区,103.968414,30.603644,1
武侯区社区长寿食坊(金花横街),catering,餐饮服务;中餐厅;中餐厅,武侯区,103.966841,30.609344,1
兄妹家常菜馆,catering,餐饮服务;中餐厅;中餐厅,武侯区,103.970533,30.608512,7
巴蜀小面(金航路),catering,餐饮服务;中餐厅;四川菜(川菜),武侯区,103.96645,30.604239,2
川味小吃(金航街),catering,餐饮服务;中餐厅;四川菜(川菜),武侯区,103.969086,30.603753,2
祥云餐馆(金航街),catering,餐饮服务;中餐厅;中餐厅,武侯区,103.969871,30.603443,2
原汤大抄手,catering,餐饮服务;快餐厅;快餐厅,武侯区,103.967623,30.608124,1
贡香菜,catering,餐饮服务;中餐厅;特色/地方风味餐厅,武侯区,103.98174,30.605601,14
缘味酒楼,catering,餐饮服务;中餐厅;四川菜(川菜),武侯区,103.982665,30.599965,3
尔湾,catering,餐饮服务;咖啡厅;咖啡厅,武侯区,103.982543,30.60525,3
汇荣快餐,catering,餐饮服务;中餐厅;中餐厅,武侯区,103.98383,30.604648,2
尚蓉和家宴堂,catering,餐饮服务;中餐厅;综合酒楼,武侯区,103.978542,30.60426,2
森迈欧咖啡,catering,餐饮服务;咖啡厅;咖啡厅,武侯区,103.983199,30.605663,1
百货小吃街,catering,餐饮服务;快餐厅;快餐厅,武侯区,103.979393,30.60219,9
吃八方老场合(欧尚店),catering,餐饮服务;快餐厅;快餐厅,武侯区,103.983706,30.604205,1
叙府川菜,catering,餐饮服务;中餐厅;四川菜(川菜),武侯区,103.975863,30.600872,19
农夫土菜馆,catering,餐饮服务;中餐厅;中餐厅,武侯区,103.977927,30.602378,10
琳妹饭店,catering,餐饮服务;中餐厅;中餐厅,武侯区,103.974478,30.602327,15
裕香牛肉,catering,餐饮服务;中餐厅;中餐厅,武侯区,103.98297,30.604384,6
墨茗茶馆,catering,餐饮服务;茶艺馆;茶艺馆,武侯区,103.983095,30.601093,1
醉客园,catering,餐饮服务;中餐厅;中餐厅,武侯区,103.973942,30.600973,1
美食荟,catering,餐饮服务;中餐厅;中餐厅,武侯区,103.980463,30.601781,2
九和美食(武侯店),catering,餐饮服务;中餐厅;中餐厅,武侯区,103.980717,30.599687,2
乐山特色烧烤,catering,餐饮服务;中餐厅;特色/地方风味餐厅,武侯区,103.974904,30.601068,4
万州面,catering,餐饮服务;中餐厅;中餐厅,武侯区,103.978122,30.60892,5
沙县小吃(鞋都南三路),catering,餐饮服务;中餐厅;特色/地方风味餐厅,武侯区,103.974862,30.604561,2
唯怡暖心,catering,餐饮服务;冷饮店;冷饮店,武侯区,103.979572,30.601233,1
牛羊米粉,catering,餐饮服务;中餐厅;中餐厅,武侯区,103.977255,30.601027,1
九原山美食,catering,餐饮服务;中餐厅;中餐厅,武侯区,103.980479,30.601266,1
飞哥饭店,catering,餐饮服务;中餐厅;中餐厅,武侯区,103.980774,30.602199,1
双流冒节子肥肠粉(智星二路),catering,餐饮服务;中餐厅;中餐厅,武侯区,103.976815,30.608666,1
戴姐烧菜馆,catering,餐饮服务;中餐厅;中餐厅,武侯区,103.978254,30.607984,2
鑫奕居,catering,餐饮服务;茶艺馆;茶艺馆,武侯区,103.992264,30.601717,26
六合茶,catering,餐饮服务;茶艺馆;茶艺馆,武侯区,103.988446,30.608733,29
菁沁苑,catering,餐饮服务;茶艺馆;茶艺馆,武侯区,103.990284,30.60555,149
豪丽斯咖啡,catering,餐饮服务;咖啡厅;咖啡厅,武侯区,103.98537,30.604126,4
扬州小汤包,catering,餐饮服务;中餐厅;中餐厅,武侯区,103.988464,30.603505,18
源木源(簇桥店),catering,购物服务;综合市场;农副产品市场|餐饮服务;冷饮店;冷饮店,武侯区,103.9844,30.608008,5
田园会所,catering,餐饮服务;茶艺馆;茶艺馆,武侯区,103.99276,30.607709,6
家常菜,catering,餐饮服务;中餐厅;中餐厅,武侯区,103.99535,30.603503,73
君御酒楼,catering,餐饮服务;中餐厅;综合酒楼,武侯区,103.985444,30.604882,2
图简味小火锅,catering,餐饮服务;中餐厅;海鲜酒楼,武侯区,103.985104,30.602798,2
贝可甜甜,catering,餐饮服务;糕饼店;糕饼店,武侯区,103.991883,30.608956,7
重庆山城往事火锅,catering,餐饮服务;中餐厅;火锅店,武侯区,103.985895,30.606092,1
宜宾疯味烧烤,catering,餐饮服务;中餐厅;特色/地方风味餐厅,武侯区,103.985742,30.602623,7
兴隆饭店,catering,餐饮服务;中餐厅;中餐厅,武侯区,103.986718,30.602553,14
三雅饭店,catering,餐饮服务;中餐厅;中餐厅,武侯区,103.987819,30.607283,7
三只虾,catering,餐饮服务;中餐厅;中餐厅,武侯区,103.989177,30.602593,4
豆腐脑花,catering,餐饮服务;中餐厅;中餐厅,武侯区,103.98851,30.601526,1
蓝调咖啡馆,catering,餐饮服务;咖啡厅;咖啡厅,武侯区,103.983925,30.605488,1
茂园茶坊,catering,餐饮服务;茶艺馆;茶艺馆,武侯区,103.989303,30.599715,3
皇爵茶府(武侯大道铁佛段),catering,餐饮服务;茶艺馆;茶艺馆,武侯区,103.985852,30.605451,1
豪阁茶府,catering,餐饮服务;茶艺馆;茶艺馆,武侯区,103.98619,30.604508,2
一品面庄,catering,餐饮服务;中餐厅;中餐厅,武侯区,103.990544,30.602119,3
鸿源茶府,catering,餐饮服务;茶艺馆;茶艺馆,武侯区,103.992081,30.602689,3
青云茶房,catering,餐饮服务;茶艺馆;茶艺馆,武侯区,103.98722,30.6052,3
乐山翘脚牛肉,catering,餐饮服务;中餐厅;中餐厅,武侯区,103.985438,30.600953,1
原味面馆,catering,餐饮服务;中餐厅;中餐厅,武侯区,103.986024,30.599751,3
小彭茶园,catering,餐饮服务;茶艺馆;茶艺馆,武侯区,103.987236,30.607972,2
蜀都记忆,catering,餐饮服务;中餐厅;中餐厅,武侯区,103.993865,30.600772,4
刀削面,catering,餐饮服务;快餐厅;快餐厅,武侯区,103.992724,30.600072,3
鸡汤砂锅,catering,餐饮服务;快餐厅;快餐厅,武侯区,103.989895,30.600882,1
东东冒菜,catering,餐饮服务;中餐厅;特色/地方风味餐厅,武侯区,103.989876,30.600302,1
簇桥老字号军屯锅魁,catering,餐饮服务;快餐厅;快餐厅,武侯区,103.989815,30.606394,1
绝味快餐店,catering,餐饮服务;快餐厅;快餐厅,武侯区,103.988099,30.601153,1
工友快餐,catering,餐饮服务;中餐厅;中餐厅,武侯区,103.985606,30.600329,2
晨哥快餐,catering,餐饮服务;中餐厅;中餐厅,武侯区,103.986022,30.603653,1
谭记烤羊腿烤串,catering,餐饮服务;中餐厅;中餐厅,武侯区,103.987335,30.609526,1
河鲜馆,catering,餐饮服务;中餐厅;中餐厅,武侯区,103.987736,30.606369,2
邹记德昌饭店,catering,餐饮服务;中餐厅;中餐厅,武侯区,103.989185,30.601735,1
何记口口香面馆,catering,餐饮服务;中餐厅;中餐厅,武侯区,103.98981,30.601726,1
欣瀚苑,catering,餐饮服务;中餐厅;综合酒楼,武侯区,103.99825,30.606025,21
蒸u面,catering,餐饮服务;中餐厅;中餐厅,武侯区,104.002001,30.605929,40
川西农家,catering,餐饮服务;中餐厅;中餐厅,武侯区,103.994356,30.602338,5
岳师烧烤,catering,餐饮服务;中餐厅;特色/地方风味餐厅,武侯区,103.995909,30.606183,3
金岛茶府,catering,餐饮服务;茶艺馆;茶艺馆,武侯区,103.998052,30.600809,2
刚娃面馆,catering,餐饮服务;中餐厅;中餐厅,武侯区,103.997597,30.60512,2
查渣面,catering,餐饮服务;中餐厅;中餐厅,武侯区,103.999549,30.606431,1
哥俩好饭店(五桂路),catering,餐饮服务;中餐厅;中餐厅,武侯区,104.002522,30.607456,2
双流汪二姐蘸水肥肠,catering,餐饮服务;中餐厅;中餐厅,武侯区,103.995884,30.607491,2
天天勾魂面(簇桥店),catering,餐饮服务;中餐厅;中餐厅,武侯区,103.996089,30.608482,1
美食美客,catering,餐饮服务;中餐厅;广东菜(粤菜),武侯区,103.997025,30.607481,13
同兴茶坊,catering,餐饮服务;茶艺馆;茶艺馆,武侯区,104.002953,30.60173,1
胖姐家常菜(簇桥上街),catering,餐饮服务;中餐厅;中餐厅,武侯区,104.000078,30.608501,1
心源茶坊(簇桥后街),catering,餐饮服务;茶艺馆;茶艺馆,武侯区,103.99804,30.604768,1
吴记特色面,catering,餐饮服务;中餐厅;中餐厅,武侯区,103.995063,30.600165,7
好又来饭店,catering,餐饮服务;中餐厅;中餐厅,武侯区,104.002494,30.602448,2
兄弟饭店,catering,餐饮服务;中餐厅;中餐厅,武侯区,104.003388,30.601073,1
美露即食燕窝,catering,餐饮服务;中餐厅;中餐厅,武侯区,103.995664,30.601043,2
九味特色小笼包,catering,餐饮服务;中餐厅;中餐厅,武侯区,104.002661,30.604602,3
味之美糕点,catering,餐饮服务;糕饼店;糕饼店,武侯区,104.002643,30.603511,3
香樟林家常菜,catering,餐饮服务;中餐厅;中餐厅,武侯区,103.998856,30.599914,1
渝府面食,catering,餐饮服务;中餐厅;中餐厅,武侯区,103.995712,30.608844,1
金牌卤肉面(簇锦家园东),catering,餐饮服务;中餐厅;中餐厅,武侯区,103.996252,30.600904,1
正宗简阳李氏羊肉汤馆,catering,餐饮服务;中餐厅;中餐厅,武侯区,103.999382,30.60086,1
牛牛堂,catering,餐饮服务;中餐厅;中餐厅|购物服务;购物相关场所;购物相关场所,武侯区,103.997625,30.600095,1
文锦3号(簇桥店),catering,生活服务;洗浴推拿场所;洗浴推拿场所|餐饮服务;茶艺馆;茶艺馆,武侯区,103.993949,30.608972,1
罗记牛肉粉,catering,餐饮服务;中餐厅;中餐厅,武侯区,104.00619,30.605653,4
聚缘,catering,餐饮服务;茶艺馆;茶艺馆,武侯区,104.004985,30.605571,8
蜀味缘,catering,餐饮服务;中餐厅;中餐厅,武侯区,104.004021,30.60583,4
糖糖黄焖鸡米饭,catering,餐饮服务;中餐厅;中餐厅,武侯区,104.008771,30.608603,2
军屯锅魁,catering,餐饮服务;中餐厅;中餐厅,武侯区,104.006486,30.607293,1
金城面馆(华烨路),catering,餐饮服务;中餐厅;中餐厅,武侯区,104.009468,30.608675,1
胡氏小吃(围机路),catering,餐饮服务;中餐厅;中餐厅,武侯区,104.022966,30.599523,1
家味馆,catering,餐饮服务;中餐厅;四川菜(川菜),武侯区,104.026427,30.606786,35
太婆土鸡,catering,餐饮服务;中餐厅;中餐厅,武侯区,104.029599,30.604249,1
老二茶坊,catering,餐饮服务;茶艺馆;茶艺馆,武侯区,104.033719,30.608633,18
花园笋子鸡,catering,餐饮服务;中餐厅;中餐厅,武侯区,104.031054,30.600357,1
宜宾燃面(美洲花园店),catering,餐饮服务;中餐厅;中餐厅,武侯区,104.032508,30.603126,4
四通饭馆,catering,餐饮服务;中餐厅;中餐厅,武侯区,104.029552,30.603464,1
胡蓉肥肠粉,catering,餐饮服务;中餐厅;中餐厅,武侯区,104.02477,30.605252,1
星巴克咖啡,catering,餐饮服务;咖啡厅;咖啡厅,武侯区,104.032403,30.600828,1
润新茶楼,catering,餐饮服务;茶艺馆;茶艺馆,武侯区,104.039309,30.607156,6
小店大菜,catering,餐饮服务;中餐厅;四川菜(川菜),武侯区,104.034954,30.602179,7
牪唐鲜毛肚牛杂火锅,catering,餐饮服务;中餐厅;火锅店,武侯区,104.039914,30.606578,2
食典,catering,餐饮服务;中餐厅;中餐厅,武侯区,104.038064,30.607371,17
飞娃烧烤,catering,餐饮服务;中餐厅;特色/地方风味餐厅,武侯区,104.038932,30.605011,4
金鑫酥饼,catering,餐饮服务;中餐厅;特色/地方风味餐厅,武侯区,104.038482,30.608486,2
安利捷餐厅,catering,餐饮服务;快餐厅;快餐厅,武侯区,104.041726,30.60272,1
淑辉小吃,catering,餐饮服务;中餐厅;中餐厅,武侯区,104.042488,30.606075,10
渝都小吃,catering,餐饮服务;中餐厅;中餐厅,武侯区,104.040574,30.60067,2
鑫瑞茶府,catering,餐饮服务;茶艺馆;茶艺馆,武侯区,104.038121,30.605695,3
廖家廖记棒棒鸡,catering,餐饮服务;快餐厅;快餐厅,武侯区,104.035743,30.603196,3
双流老妈兔头,catering,餐饮服务;中餐厅;中餐厅,武侯区,104.034504,30.600774,2
天赐休闲茶坊,catering,餐饮服务;茶艺馆;茶艺馆,武侯区,104.041114,30.606316,1
馄饨大王(美洲花园店),catering,餐饮服务;中餐厅;特色/地方风味餐厅,武侯区,104.034689,30.602703,1
烧烤高新区奥尔良特色烧烤,catering,餐饮服务;中餐厅;特色/地方风味餐厅,武侯区,104.04038,30.606147,1
符记面对面,catering,餐饮服务;中餐厅;中餐厅,武侯区,104.041448,30.605427,3
好又来面馆(美洲北路),catering,餐饮服务;中餐厅;中餐厅,武侯区,104.034567,30.60157,1
高新试验中学新北校区食堂,catering,餐饮服务;中餐厅;中餐厅,武侯区,104.034909,30.606355,1
强娃啤酒广场,catering,餐饮服务;中餐厅;中餐厅,武侯区,104.040394,30.609393,1
阳明火锅,catering,餐饮服务;中餐厅;火锅店,武侯区,104.048669,30.603475,13
蜀国雅士茶坊,catering,餐饮服务;茶艺馆;茶艺馆,武侯区,104.047364,30.609046,4
未觉家常菜(南门店),catering,餐饮服务;中餐厅;中餐厅,武侯区,104.051286,30.606407,1
火弓,catering,餐饮服务;中餐厅;中餐厅,武侯区,104.052841,30.608513,1
毛记冒菜(泰和二街),catering,餐饮服务;中餐厅;中餐厅,武侯区,104.049937,30.602714,3
翰霏霆会所,catering,餐饮服务;茶艺馆;茶艺馆,武侯区,104.046152,30.605978,4
然·hope,catering,餐饮服务;甜品店;甜品店,武侯区,104.052234,30.605607,2
馨忆小厨,catering,餐饮服务;中餐厅;中餐厅,武侯区,104.052814,30.605958,1
东创建国贵宾餐厅,catering,餐饮服务;中餐厅;中餐厅,武侯区,104.045618,30.60469,1
多米,catering,餐饮服务;快餐厅;快餐厅,武侯区,104.060485,30.604324,62
青葱那年70后饭吧,catering,餐饮服务;中餐厅;中餐厅,武侯区,104.06351,30.603372,7
冒滋味,catering,餐饮服务;快餐厅;快餐厅,武侯区,104.063874,30.604287,32
将将锅,catering,餐饮服务;快餐厅;快餐厅,武侯区,104.058356,30.604293,14
Tao,catering,餐饮服务;咖啡厅;咖啡厅,武侯区,104.062117,30.604022,5
宜家餐厅(站华路店),catering,餐饮服务;中餐厅;中餐厅,武侯区,104.059694,30.601558,1
便当侠,catering,餐饮服务;中餐厅;中餐厅,武侯区,104.06012,30.60777,49
长乐面庄,catering,餐饮服务;中餐厅;中餐厅,武侯区,104.059775,30.605986,8
全牛王,catering,餐饮服务;中餐厅;中餐厅,武侯区,104.058628,30.605676,4
520甜品,catering,餐饮服务;甜品店;甜品店,武侯区,104.056206,30.60258,1
见筑茶荟,catering,餐饮服务;咖啡厅;咖啡厅,武侯区,104.056727,30.60156,5
方克咖啡,catering,餐饮服务;咖啡厅;咖啡厅,武侯区,104.055004,30.606683,5
南园5号,catering,餐饮服务;中餐厅;中餐厅,武侯区,104.054502,30.607949,1
麦格利艺术甜点蛋糕,catering,餐饮服务;糕饼店;糕饼店,武侯区,104.057295,30.601817,1
凯索咖啡(盛和二路店),catering,餐饮服务;咖啡厅;咖啡厅,武侯区,104.054103,30.605834,1
遇见甜品,catering,餐饮服务;甜品店;甜品店,武侯区,104.061535,30.605928,2
私房秘制牛肉干,catering,餐饮服务;中餐厅;中餐厅,武侯区,104.061834,30.605445,1
宜家瑞典食品屋,catering,餐饮服务;快餐厅;快餐厅,武侯区,104.06005,30.602284,1
WOWO烤鱼(苏宁店),catering,餐饮服务;中餐厅;中餐厅,武侯区,104.06245,30.603061,1
晓茶荼铺,catering,餐饮服务;茶艺馆;茶艺馆,武侯区,104.057041,30.602449,1
佳尝叶食,catering,餐饮服务;中餐厅;中餐厅,武侯区,104.056652,30.6079,4
妈妈快厨(宜家店),catering,餐饮服务;快餐厅;快餐厅,武侯区,104.058999,30.604012,1
新一早餐,catering,餐饮服务;快餐厅;快餐厅,武侯区,104.06087,30.606637,1
宾悦咖啡,catering,餐饮服务;咖啡厅;咖啡厅,武侯区,104.056588,30.60622,1
南园五号花园私厨,catering,餐饮服务;中餐厅;中餐厅,武侯区,104.054524,30.608429,1
正潮牛肉馆,catering,餐饮服务;中餐厅;中餐厅,武侯区,104.056566,30.602961,1
红树林,catering,餐饮服务;中餐厅;中餐厅,武侯区,104.056424,30.606756,1
玖栖,catering,餐饮服务;咖啡厅;咖啡厅,武侯区,104.066714,30.605377,84
面馆,catering,餐饮服务;中餐厅;特色/地方风味餐厅,武侯区,104.070983,30.604458,10
咖咖正店,catering,餐饮服务;咖啡厅;咖啡厅,武侯区,104.07337,30.602055,11
佼子荟,catering,餐饮服务;中餐厅;特色/地方风味餐厅,武侯区,104.069076,30.603429,5
天台串串,catering,餐饮服务;快餐厅;快餐厅,武侯区,104.067578,30.607528,3
拜子笋子芋儿鸡,catering,餐饮服务;中餐厅;中餐厅,武侯区,104.072506,30.606332,1
社区串串,catering,餐饮服务;中餐厅;中餐厅,武侯区,104.071064,30.606918,3
丽丽老面馆,catering,餐饮服务;中餐厅;中餐厅,武侯区,104.07019,30.6022,10
雅凯小宴,catering,餐饮服务;休闲餐饮场所;休闲餐饮场所,武侯区,104.068767,30.601914,3
太婆串串香,catering,餐饮服务;中餐厅;特色/地方风味餐厅,武侯区,104.073443,30.606661,2
刘一碗,catering,餐饮服务;中餐厅;中餐厅,武侯区,104.070527,30.601037,20
罗莎蛋糕(火车南站店),catering,餐饮服务;糕饼店;糕饼店,武侯区,104.063556,30.607073,1
乐士王烧烤,catering,餐饮服务;中餐厅;特色/地方风味餐厅,武侯区,104.069745,30.604795,3
鑫馨快餐吧,catering,餐饮服务;外国餐厅;西餐厅(综合风味),武侯区,104.067038,30.603179,2
华生园,catering,餐饮服务;糕饼店;糕饼店,武侯区,104.066602,30.604266,6
重庆小面篇(天和店),catering,餐饮服务;中餐厅;中餐厅,武侯区,104.069781,30.602938,1
领秀茶府,catering,餐饮服务;茶艺馆;茶艺馆,武侯区,104.07145,30.606336,4
勾魂面家常菜,catering,餐饮服务;中餐厅;中餐厅,武侯区,104.067179,30.606498,3
悍马茶道,catering,餐饮服务;茶艺馆;茶艺馆,武侯区,104.068471,30.606948,1
壶中仙(天和路),catering,公司企业;公司;公司|餐饮服务;休闲餐饮场所;休闲餐饮场所,武侯区,104.071848,30.602082,1
檀香楼(大鼎店),catering,餐饮服务;中餐厅;中餐厅,武侯区,104.065972,30.604007,1
南充烧烤,catering,餐饮服务;中餐厅;特色/地方风味餐厅,武侯区,104.069287,30.601366,2
海发海鲜面馆,catering,餐饮服务;中餐厅;中餐厅,武侯区,104.071068,30.601626,1
天天面食,catering,餐饮服务;中餐厅;中餐厅,武侯区,104.067812,30.606759,1
happylemon pius,catering,餐饮服务;甜品店;甜品店,武侯区,104.065671,30.603213,1
知味冒菜,catering,餐饮服务;中餐厅;特色/地方风味餐厅,武侯区,104.074146,30.604233,4
非池,catering,餐饮服务;中餐厅;火锅店,武侯区,104.079347,30.607885,63
麻大哥,catering,餐饮服务;中餐厅;四川菜(川菜),锦江区,104.08142,30.601328,4
土串串,catering,餐饮服务;快餐厅;快餐厅,锦江区,104.083778,30.601321,9
霸道烧烤,catering,餐饮服务;中餐厅;特色/地方风味餐厅,武侯区,104.076732,30.607342,2
三品美食,catering,餐饮服务;中餐厅;中餐厅,锦江区,104.080223,30.601368,4
味源卤道,catering,餐饮服务;快餐厅;快餐厅,武侯区,104.07614,30.606739,3
乐美斯餐吧,catering,餐饮服务;中餐厅;中餐厅,武侯区,104.075436,30.608552,1
亲藏,catering,餐饮服务;甜品店;甜品店,武侯区,104.079099,30.606138,1
安铂雅西餐厅,catering,餐饮服务;外国餐厅;西餐厅(综合风味),武侯区,104.076962,30.603791,1
鱼香四季自助河鲜火锅,catering,餐饮服务;中餐厅;火锅店,武侯区,104.075703,30.606066,1
鲜品私房味,catering,餐饮服务;糕饼店;糕饼店,武侯区,104.077449,30.601985,1
幸运起司(桂溪店),catering,餐饮服务;糕饼店;糕饼店,武侯区,104.076346,30.603739,1
乐至炭火烧烤,catering,餐饮服务;中餐厅;特色/地方风味餐厅,锦江区,104.082475,30.601427,1
觅食,catering,餐饮服务;外国餐厅;韩国料理,锦江区,104.090323,30.60566,66
醉西昌,catering,餐饮服务;中餐厅;特色/地方风味餐厅,锦江区,104.08632,30.605486,2
大嗨碗,catering,餐饮服务;中餐厅;中餐厅,锦江区,104.0916,30.607262,56
宽舍茶庄,catering,餐饮服务;茶艺馆;茶艺馆,锦江区,104.087295,30.60761,10
彩云天,catering,餐饮服务;茶艺馆;茶艺馆,武侯区,104.0844,30.609342,2
翠风居茶楼,catering,餐饮服务;茶艺馆;茶艺馆,锦江区,104.086574,30.605997,3
李记刹一脚伙食团,catering,餐饮服务;中餐厅;中餐厅,锦江区,104.086025,30.604124,1
张师家常菜,catering,餐饮服务;中餐厅;中餐厅,锦江区,104.085398,30.601623,4
联胜网咖,catering,餐饮服务;咖啡厅;咖啡厅,锦江区,104.093108,30.605039,2
极品串串,catering,餐饮服务;中餐厅;特色/地方风味餐厅,锦江区,104.086607,30.600639,1
沐荣饭店,catering,餐饮服务;中餐厅;中餐厅,锦江区,104.092081,30.60302,8
香茗茶府,catering,餐饮服务;茶艺馆;茶艺馆,锦江区,104.086752,30.607099,1
刘派铁板烧烤(琉璃三街),catering,餐饮服务;中餐厅;特色/地方风味餐厅,锦江区,104.09234,30.601371,1
7号公馆(中环路高攀东路段),catering,餐饮服务;中餐厅;中餐厅,锦江区,104.088767,30.609034,1
冒菜先锋,catering,餐饮服务;中餐厅;特色/地方风味餐厅,锦江区,104.093342,30.605471,1
西雅烘焙,catering,餐饮服务;糕饼店;糕饼店,锦江区,104.091262,30.601802,1
Jte咖啡,catering,餐饮服务;咖啡厅;咖啡厅,锦江区,104.092752,30.609009,1
湘土情,catering,餐饮服务;中餐厅;湖南菜(湘菜),锦江区,104.090781,30.606684,1
火宫私家食府(琉璃厂店),catering,餐饮服务;中餐厅;中餐厅,锦江区,104.092793,30.600094,1
十三月,catering,餐饮服务;休闲餐饮场所;休闲餐饮场所,锦江区,104.100197,30.604895,37
热都红盆,catering,餐饮服务;中餐厅;火锅店,锦江区,104.100437,30.60046,3
思乡坎,catering,餐饮服务;中餐厅;中餐厅,锦江区,104.097259,30.600421,26
鲜绍面,catering,餐饮服务;中餐厅;中餐厅,锦江区,104.09803,30.604946,58
我们的花园餐厅,catering,餐饮服务;中餐厅;中餐厅,锦江区,104.103272,30.60009,2
小院坝老火锅,catering,餐饮服务;中餐厅;火锅店,锦江区,104.09544,30.608246,3
面之味,catering,餐饮服务;中餐厅;特色/地方风味餐厅,锦江区,104.101121,30.602265,31
大众茶坊,catering,餐饮服务;茶艺馆;茶艺馆,锦江区,104.09512,30.606529,8
青龙正街饭店(金象店),catering,餐饮服务;中餐厅;中餐厅,锦江区,104.096128,30.608124,1
福乐永和豆浆(人人乐康郡店),catering,餐饮服务;快餐厅;永和豆浆,锦江区,104.095578,30.608927,1
自贡留一手烤鱼,catering,餐饮服务;中餐厅;特色/地方风味餐厅,锦江区,104.096611,30.605433,1
坝坝串串香,catering,餐饮服务;中餐厅;中餐厅,锦江区,104.094106,30.605868,4
煲味传奇,catering,餐饮服务;中餐厅;中餐厅,锦江区,104.103682,30.605548,21
紫云轩,catering,餐饮服务;茶艺馆;茶艺馆,锦江区,104.099987,30.608732,13
好清香,catering,餐饮服务;中餐厅;中餐厅,锦江区,104.096644,30.604416,6
赵氏夜蹄花,catering,餐饮服务;中餐厅;中餐厅,锦江区,104.094368,30.604767,2
回忆梦工坊,catering,餐饮服务;糕饼店;糕饼店,锦江区,104.095098,30.605029,1
传统客家豆腐,catering,餐饮服务;中餐厅;特色/地方风味餐厅,锦江区,104.095721,30.605421,1
宣味麻辣,catering,餐饮服务;中餐厅;特色/地方风味餐厅,锦江区,104.098453,30.605621,5
厚道饭店(琉璃中街),catering,餐饮服务;中餐厅;中餐厅,锦江区,104.094017,30.60406,2
嘿小面,catering,餐饮服务;中餐厅;中餐厅,锦江区,104.102094,30.605643,5
佑君茶楼,catering,餐饮服务;茶艺馆;茶艺馆,锦江区,104.095394,30.600767,2
好再来饭馆,catering,餐饮服务;中餐厅;中餐厅,锦江区,104.094927,30.601326,1
丽君餐馆,catering,餐饮服务;中餐厅;中餐厅,锦江区,104.093891,30.601531,5
聚朋茶坊,catering,餐饮服务;茶艺馆;茶艺馆,锦江区,104.097691,30.599442,1
长乐居茶社,catering,餐饮服务;茶艺馆;茶艺馆,锦江区,104.094045,30.600603,3
家常面,catering,餐饮服务;快餐厅;快餐厅,锦江区,104.104411,30.604339,24
孔老二茶楼,catering,餐饮服务;茶艺馆;茶艺馆,锦江区,104.102122,30.609064,1
小四面店,catering,餐饮服务;中餐厅;中餐厅,锦江区,104.103344,30.601328,1
牛幺老火锅,catering,餐饮服务;中餐厅;火锅店,锦江区,104.096626,30.602499,6
金兰茶语,catering,餐饮服务;茶艺馆;茶艺馆,锦江区,104.096292,30.60874,2
皇廷糕点,catering,餐饮服务;糕饼店;糕饼店,锦江区,104.103376,30.604969,1
鲜鲜鲜,catering,餐饮服务;中餐厅;中餐厅,锦江区,104.102086,30.599644,4
脆绍面,catering,餐饮服务;中餐厅;中餐厅,锦江区,104.094852,30.60008,2
山东老面馒头,catering,餐饮服务;中餐厅;中餐厅,锦江区,104.101448,30.605913,1
云南烧烤(琉璃中街),catering,餐饮服务;中餐厅;特色/地方风味餐厅,锦江区,104.094,30.602263,1
坡坡上啤酒休闲广场,catering,餐饮服务;中餐厅;中餐厅,锦江区,104.101084,30.604209,1
德福餐饮,catering,餐饮服务;快餐厅;快餐厅,锦江区,104.10264,30.60867,1
五谷养生磨坊(琉璃场店),catering,餐饮服务;冷饮店;冷饮店,锦江区,104.096948,30.606862,1
印象西昌,catering,餐饮服务;中餐厅;中餐厅,锦江区,104.104347,30.608079,2
仁寿茶馆,catering,餐饮服务;茶艺馆;茶艺馆,锦江区,104.103839,30.5998,3
巴山汇,catering,餐饮服务;中餐厅;中餐厅|体育休闲服务;休闲场所;休闲场所,锦江区,104.111866,30.608189,3
叶小串,catering,餐饮服务;中餐厅;中餐厅,锦江区,104.105045,30.600253,1
柴火鸡茅屋土灶,catering,餐饮服务;中餐厅;中餐厅,锦江区,104.109274,30.607808,2
小竹篓冒菜,catering,餐饮服务;中餐厅;中餐厅,锦江区,104.106132,30.602597,6
生态花椒鱼,catering,餐饮服务;中餐厅;中餐厅,锦江区,104.10413,30.607378,2
快活林茶坊,catering,餐饮服务;茶艺馆;茶艺馆,锦江区,104.104233,30.60295,1
合缘山庄,catering,餐饮服务;中餐厅;中餐厅,锦江区,104.105952,30.605772,7
和路雪(天新冷食),catering,餐饮服务;冷饮店;冷饮店,锦江区,104.105806,30.604941,1
鹏辉饭店(中环路锦绣大道段),catering,餐饮服务;中餐厅;中餐厅,锦江区,104.112362,30.60874,1
聚友快餐,catering,餐饮服务;中餐厅;中餐厅,锦江区,104.107406,30.601815,2
好友记私房麻辣烫(经天中路店),catering,餐饮服务;快餐厅;快餐厅,锦江区,104.104287,30.600793,1
烙印,catering,餐饮服务;中餐厅;中餐厅,锦江区,104.116473,30.608797,137
面神,catering,餐饮服务;中餐厅;中餐厅,锦江区,104.123672,30.606564,79
蓝谷地餐厅,catering,餐饮服务;中餐厅;中餐厅,锦江区,104.118572,30.606826,2
粉蒸兔,catering,餐饮服务;中餐厅;中餐厅,锦江区,104.119223,30.605912,3
大碗面,catering,餐饮服务;中餐厅;中餐厅,锦江区,104.121559,30.603211,18
美客美,catering,餐饮服务;快餐厅;快餐厅,锦江区,104.115176,30.602918,3
51披萨,catering,餐饮服务;外国餐厅;意式菜品餐厅,锦江区,104.123288,30.604962,2
老妈砂锅串串(静祥店),catering,餐饮服务;中餐厅;中餐厅,锦江区,104.120459,30.60286,1
爱烤吧,catering,餐饮服务;中餐厅;特色/地方风味餐厅,锦江区,104.115176,30.608825,1
金茗轩茶苑,catering,餐饮服务;茶艺馆;茶艺馆,锦江区,104.120076,30.60688,1
田园生活农家乐,catering,餐饮服务;中餐厅;中餐厅,锦江区,104.114594,30.603696,1
猫小姐厨房,catering,餐饮服务;快餐厅;快餐厅,锦江区,104.122761,30.604144,1
古镇香辣烤鱼,catering,餐饮服务;中餐厅;中餐厅,锦江区,104.12013,30.603424,1
眼睛烧烤,catering,餐饮服务;中餐厅;特色/地方风味餐厅,锦江区,104.117877,30.60709,1
爆脾气,catering,餐饮服务;中餐厅;中餐厅,锦江区,104.129104,30.608732,23
让串串飞(卓锦店),catering,餐饮服务;中餐厅;火锅店,锦江区,104.133718,30.601894,11
博之远,catering,餐饮服务;休闲餐饮场所;休闲餐饮场所,锦江区,104.130512,30.607215,13
百福菜,catering,餐饮服务;中餐厅;中餐厅,锦江区,104.127151,30.607673,5
金五门秘制老火锅(卓锦城店),catering,餐饮服务;中餐厅;中餐厅,锦江区,104.133451,30.600581,1
华莱士,catering,餐饮服务;快餐厅;快餐厅,锦江区,104.126437,30.608637,1
钢管厂瓜瓜小月君肝串串,catering,餐饮服务;中餐厅;特色/地方风味餐厅,锦江区,104.126115,30.606949,1
胡记勾魂面(海桐店),catering,餐饮服务;中餐厅;中餐厅,锦江区,104.131436,30.607903,1
理想茶院(合欢树街),catering,餐饮服务;茶艺馆;茶艺馆,锦江区,104.125559,30.60512,1
井湖茶楼,catering,餐饮服务;茶艺馆;茶艺馆,锦江区,104.124883,30.605622,1
张记琬琬香卤肉面,catering,餐饮服务;中餐厅;中餐厅,锦江区,104.129294,30.606658,2
百福莱,catering,餐饮服务;咖啡厅;咖啡厅,锦江区,104.127045,30.60825,3
老成都绝密老火锅冷串串,catering,餐饮服务;中餐厅;特色/地方风味餐厅,锦江区,104.132007,30.603909,1
口福面(合欢店),catering,餐饮服务;中餐厅;中餐厅,锦江区,104.128254,30.606014,1
辣妹子炒菜馆,catering,餐饮服务;中餐厅;中餐厅,锦江区,104.126366,30.60494,1
缪斯甜品,catering,餐饮服务;甜品店;甜品店,锦江区,104.141029,30.600135,7
扆水饺,catering,餐饮服务;中餐厅;特色/地方风味餐厅,锦江区,104.142497,30.607722,20
大通冰室(绿地468店),catering,餐饮服务;冷饮店;冷饮店,锦江区,104.143493,30.609117,1
几样菜,catering,餐饮服务;中餐厅;中餐厅,锦江区,104.142869,30.599582,19
水茶蜜栈,catering,餐饮服务;甜品店;甜品店,锦江区,104.141806,30.600865,1
第五元素餐饮,catering,餐饮服务;中餐厅;中餐厅,锦江区,104.140497,30.599508,3
郭五姐藕王养生汤,catering,餐饮服务;中餐厅;综合酒楼,锦江区,104.134685,30.601384,5
跷脚牛肉及古食烧烤,catering,餐饮服务;中餐厅;特色/地方风味餐厅,锦江区,104.138191,30.606806,1
云朵,catering,餐饮服务;休闲餐饮场所;休闲餐饮场所,锦江区,104.134641,30.606554,4
土豆嘉年华,catering,餐饮服务;中餐厅;特色/地方风味餐厅,锦江区,104.139665,30.599834,3
麻辣兔丁,catering,餐饮服务;中餐厅;特色/地方风味餐厅,锦江区,104.140073,30.60138,2
四哥冷淡杯,catering,餐饮服务;中餐厅;中餐厅,锦江区,104.135577,30.606503,3
莎莉文餐吧,catering,餐饮服务;快餐厅;快餐厅,锦江区,104.141374,30.601904,1
刘姐茶坊,catering,餐饮服务;茶艺馆;茶艺馆,锦江区,104.142236,30.601327,1
香里香黄焖鸡馄饨,catering,餐饮服务;中餐厅;特色/地方风味餐厅,锦江区,104.135963,30.60541,1
COFFEE,catering,餐饮服务;咖啡厅;咖啡厅,锦江区,104.13518,30.60045,1
稀饭庄(锦江逸家店),catering,餐饮服务;中餐厅;中餐厅,锦江区,104.136181,30.606059,1
牛王庙特色面(牡丹街),catering,餐饮服务;中餐厅;中餐厅,锦江区,104.13526,30.604593,2
胖哥中餐,catering,餐饮服务;中餐厅;中餐厅,锦江区,104.149464,30.60776,24
雨轩中餐馆,catering,餐饮服务;中餐厅;中餐厅,锦江区,104.148771,30.606034,4
巴蜀签砂锅串串(绿地468店),catering,餐饮服务;中餐厅;特色/地方风味餐厅,锦江区,104.144265,30.608722,1
一面之缘(百日红中路),catering,餐饮服务;中餐厅;中餐厅,锦江区,104.146132,30.601979,1
欣雅茶居,catering,餐饮服务;茶艺馆;茶艺馆,锦江区,104.144442,30.608086,9
渣渣面,catering,餐饮服务;快餐厅;快餐厅,锦江区,104.145097,30.599979,3
周记绝味串串,catering,餐饮服务;中餐厅;火锅店,锦江区,104.14375,30.607844,2
万州烤鱼(樱花街店),catering,餐饮服务;中餐厅;中餐厅,锦江区,104.150444,30.607569,1
牧山鸡杂王,catering,餐饮服务;中餐厅;中餐厅,武侯区,103.970395,30.58988,7
简阳烧烤,catering,餐饮服务;中餐厅;特色/地方风味餐厅,武侯区,103.973223,30.591968,9
奶汤面钵钵鸡,catering,餐饮服务;中餐厅;中餐厅,武侯区,103.972163,30.590881,5
兄弟肥肠粉(金航路),catering,餐饮服务;中餐厅;中餐厅,武侯区,103.968822,30.594336,2
重庆面馆,catering,餐饮服务;中餐厅;四川菜(川菜),武侯区,103.972602,30.593714,2
御露轩,catering,餐饮服务;茶艺馆;茶艺馆,武侯区,103.967225,30.594114,1
丰源茶楼,catering,餐饮服务;茶艺馆;茶艺馆,武侯区,103.972435,30.594395,1
宜宾燃面,catering,餐饮服务;中餐厅;中餐厅,武侯区,103.969658,30.589183,10
飘香饺子馆,catering,餐饮服务;中餐厅;特色/地方风味餐厅,武侯区,103.966109,30.59793,2
尚品茶府(金航路),catering,餐饮服务;茶艺馆;茶艺馆,武侯区,103.970463,30.592096,3
重庆刀削面,catering,餐饮服务;中餐厅;四川菜(川菜),武侯区,103.97253,30.592794,1
树林茶园,catering,餐饮服务;休闲餐饮场所;休闲餐饮场所,武侯区,103.964803,30.591296,1
重庆王氏光头串串,catering,餐饮服务;中餐厅;中餐厅,武侯区,103.971297,30.590792,3
太安鱼毛血旺,catering,餐饮服务;中餐厅;中餐厅,武侯区,103.969565,30.593386,1
乐意餐馆,catering,餐饮服务;中餐厅;中餐厅,武侯区,103.96703,30.596735,1
汇鼎茶楼,catering,餐饮服务;茶艺馆;茶艺馆,武侯区,103.966122,30.598878,1
川魂帽牌货冒菜(鞋都店),catering,餐饮服务;中餐厅;四川菜(川菜),武侯区,103.981807,30.59854,1
杨姐茶园,catering,餐饮服务;茶艺馆;茶艺馆,武侯区,103.97465,30.592164,8
巨鑫茶楼,catering,餐饮服务;茶艺馆;茶艺馆,武侯区,103.984248,30.598464,13
味佳蛋糕,catering,餐饮服务;糕饼店;糕饼店,武侯区,103.981321,30.598934,2
小邓冷淡杯,catering,餐饮服务;中餐厅;中餐厅,武侯区,103.975951,30.599189,3
新苗红福,catering,餐饮服务;茶艺馆;茶艺馆,武侯区,103.985172,30.599218,3
啃骨头,catering,餐饮服务;中餐厅;特色/地方风味餐厅,武侯区,103.985043,30.597331,7
随便点餐吧,catering,餐饮服务;甜品店;甜品店,武侯区,103.991057,30.598261,3
清福茶楼,catering,餐饮服务;茶艺馆;茶艺馆,武侯区,103.991865,30.59921,7
72号餐馆,catering,餐饮服务;中餐厅;中餐厅,武侯区,103.98985,30.596153,2
陆和茶楼,catering,餐饮服务;茶艺馆;茶艺馆,武侯区,103.98595,30.599114,2
蜀香居(新苗西街),catering,餐饮服务;中餐厅;四川菜(川菜),武侯区,103.988873,30.598682,1
茗月茶坊(新苗街),catering,餐饮服务;茶艺馆;茶艺馆,武侯区,103.989578,30.598947,2
爱尚茶坊,catering,餐饮服务;茶艺馆;茶艺馆,武侯区,103.995871,30.599283,7
大邑特色肥肠血旺(文昌路),catering,餐饮服务;中餐厅;中餐厅,武侯区,103.999931,30.589945,1
土泥巴烧烤坊,catering,餐饮服务;中餐厅;特色/地方风味餐厅,武侯区,103.998257,30.593774,3
宜宾燃面,catering,餐饮服务;中餐厅;中餐厅,武侯区,103.997856,30.5946,4
胖妹饭店,catering,餐饮服务;中餐厅;中餐厅,武侯区,104.000842,30.593595,1
刘家小院私房菜,catering,餐饮服务;中餐厅;中餐厅,武侯区,103.997208,30.599268,1
唐三快餐,catering,餐饮服务;中餐厅;中餐厅,武侯区,103.997741,30.596204,1
幸福面馆(文昌路),catering,餐饮服务;中餐厅;中餐厅,武侯区,103.998384,30.592922,1
贵人小酒家,catering,餐饮服务;中餐厅;中餐厅,武侯区,103.997588,30.595206,1
安福茶楼,catering,餐饮服务;茶艺馆;茶艺馆,武侯区,103.999169,30.590536,1
青云茶楼,catering,餐饮服务;茶艺馆;茶艺馆,武侯区,103.99707,30.598489,1
家兴餐厅,catering,餐饮服务;中餐厅;中餐厅,武侯区,104.009232,30.590314,2
醉一台餐馆,catering,餐饮服务;中餐厅;中餐厅,武侯区,104.007857,30.59271,1
姐妹饭店,catering,餐饮服务;中餐厅;中餐厅,武侯区,104.006896,30.591168,1
旭阳一川菜方,catering,餐饮服务;中餐厅;中餐厅,武侯区,104.009252,30.589854,1
大众饭店,catering,餐饮服务;中餐厅;中餐厅,武侯区,104.003855,30.59445,1
山城饭馆,catering,餐饮服务;中餐厅;中餐厅,武侯区,104.006701,30.590575,2
添艺坊,catering,餐饮服务;中餐厅;中餐厅,武侯区,104.004413,30.590471,1
代老大饭店,catering,餐饮服务;中餐厅;中餐厅,武侯区,104.007535,30.591591,1
三河聚友茶庄,catering,餐饮服务;休闲餐饮场所;休闲餐饮场所|餐饮服务;茶艺馆;茶艺馆,武侯区,104.009961,30.592365,1
小熊粮油干杂店,catering,餐饮服务;快餐厅;快餐厅,武侯区,104.016876,30.590836,1
宏岩饭店,catering,餐饮服务;中餐厅;中餐厅,武侯区,104.01887,30.594833,3
唐记面馆(围机路),catering,餐饮服务;中餐厅;中餐厅,武侯区,104.01697,30.594716,4
乐至烧烤(围机路),catering,餐饮服务;中餐厅;特色/地方风味餐厅,武侯区,104.020283,30.594666,1
老银极品卤肉面,catering,餐饮服务;中餐厅;中餐厅,武侯区,104.020532,30.593614,1
天天液化气纯净水,catering,餐饮服务;中餐厅;中餐厅,武侯区,104.022903,30.594848,1
杰雅快餐店,catering,餐饮服务;中餐厅;中餐厅,武侯区,104.022078,30.590834,1
宏利面馆,catering,餐饮服务;中餐厅;中餐厅,武侯区,104.026386,30.595175,3
西蜀印象砂锅串串香(石羊店),catering,餐饮服务;中餐厅;中餐厅,武侯区,104.032295,30.589808,1
富顺豆花片片鱼,catering,餐饮服务;中餐厅;海鲜酒楼,武侯区,104.026891,30.594417,2
周哥翘脚牛肉,catering,餐饮服务;中餐厅;中餐厅,武侯区,104.02717,30.595552,2
好记牛王庙特色面,catering,餐饮服务;中餐厅;中餐厅,武侯区,104.027238,30.59354,6
姜哥饭店,catering,餐饮服务;中餐厅;中餐厅,武侯区,104.027398,30.596229,2
凉山好汉西昌大竹签烧烤,catering,餐饮服务;中餐厅;特色/地方风味餐厅,武侯区,104.041628,30.59026,1
双流冒节子肥肠粉,catering,餐饮服务;快餐厅;快餐厅,武侯区,104.034634,30.589709,2
四川元祖食品有限公司,catering,餐饮服务;糕饼店;糕饼店|公司企业;公司;公司,武侯区,104.034844,30.591311,1
营养盒子快餐外卖、盒饭外送,catering,餐饮服务;快餐厅;快餐厅,武侯区,104.037617,30.590407,1
郭大小姐私房牛肉干,catering,餐饮服务;快餐厅;快餐厅,武侯区,104.042315,30.593578,1
翁记燃面,catering,餐饮服务;中餐厅;中餐厅,武侯区,104.037257,30.596765,1
昌林茶园,catering,餐饮服务;茶艺馆;茶艺馆,武侯区,104.039665,30.592518,3
食·界,catering,餐饮服务;中餐厅;中餐厅,武侯区,104.05343,30.592813,28
秘卤门,catering,餐饮服务;中餐厅;中餐厅,武侯区,104.052545,30.589348,7
最龙虾,catering,餐饮服务;中餐厅;特色/地方风味餐厅,武侯区,104.052545,30.595497,17
目咖非,catering,餐饮服务;咖啡厅;咖啡厅,武侯区,104.053742,30.590546,7
砂锅坊,catering,餐饮服务;中餐厅;中餐厅,武侯区,104.052418,30.597287,7
凤栖梧茶馆客栈,catering,餐饮服务;茶艺馆;茶艺馆|住宿服务;旅馆招待所;旅馆招待所,武侯区,104.052179,30.589945,1
辛小曦麻麻私房牛肉干,catering,餐饮服务;中餐厅;特色/地方风味餐厅,武侯区,104.046812,30.59726,1
品上品茶楼(和盛西街),catering,餐饮服务;茶艺馆;茶艺馆,武侯区,104.050073,30.593874,1
知味快餐,catering,餐饮服务;快餐厅;快餐厅,武侯区,104.052588,30.590338,2
许来爱乐茶室,catering,餐饮服务;茶艺馆;茶艺馆,武侯区,104.046557,30.593967,2
cdszkhghjd,catering,餐饮服务;中餐厅;中餐厅,武侯区,104.053147,30.592116,1
多米,catering,餐饮服务;快餐厅;快餐厅,武侯区,104.062652,30.592339,75
艾面坊,catering,餐饮服务;中餐厅;中餐厅,武侯区,104.060344,30.597736,97
潜水鱼,catering,餐饮服务;中餐厅;海鲜酒楼,武侯区,104.058698,30.597171,22
港莉,catering,餐饮服务;中餐厅;中餐厅,武侯区,104.06354,30.594586,6
禾只家咖啡,catering,餐饮服务;咖啡厅;咖啡厅,武侯区,104.059064,30.594327,3
薇咖啡(高新国际广场店),catering,餐饮服务;咖啡厅;咖啡厅,武侯区,104.063079,30.595389,1
曹氏鸭脖(成职院店),catering,餐饮服务;中餐厅;特色/地方风味餐厅,武侯区,104.060896,30.594237,1
80度City Coffee(天益南巷),catering,餐饮服务;咖啡厅;咖啡厅,武侯区,104.060379,30.594365,1
私享+咖啡,catering,餐饮服务;咖啡厅;咖啡厅,武侯区,104.061126,30.591671,1
万州烧烤,catering,餐饮服务;中餐厅;特色/地方风味餐厅,武侯区,104.05868,30.5981,2
城南都会,catering,餐饮服务;茶艺馆;茶艺馆,武侯区,104.059449,30.596527,3
佐藤家(环球中心店),catering,餐饮服务;快餐厅;快餐厅,武侯区,104.062093,30.593965,1
和胜餐饮,catering,餐饮服务;中餐厅;中餐厅,武侯区,104.056792,30.59645,1
哦大龙,catering,餐饮服务;中餐厅;中餐厅,武侯区,104.062707,30.593679,1
无聊咖啡,catering,餐饮服务;咖啡厅;咖啡厅,武侯区,104.059773,30.591335,1
厨师火了,catering,餐饮服务;中餐厅;中餐厅,武侯区,104.054419,30.597497,2
三禾渔府,catering,餐饮服务;中餐厅;海鲜酒楼,武侯区,104.068997,30.593009,9
瓜烩,catering,餐饮服务;中餐厅;中餐厅,武侯区,104.071443,30.595064,45
圣大摩尼卡,catering,餐饮服务;外国餐厅;西餐厅(综合风味),武侯区,104.072851,30.594355,1
憨豆汤,catering,餐饮服务;中餐厅;中餐厅,武侯区,104.068598,30.596658,57
紫檀川菜酒楼,catering,餐饮服务;中餐厅;四川菜(川菜),武侯区,104.067941,30.595065,3
川西大坝子(天府长城店),catering,餐饮服务;中餐厅;火锅店,武侯区,104.072941,30.595119,1
银座,catering,餐饮服务;外国餐厅;日本料理,武侯区,104.066617,30.592931,6
狮子楼(天顺路店),catering,餐饮服务;中餐厅;四川菜(川菜),武侯区,104.068757,30.591753,2
华典文化健康会馆,catering,餐饮服务;茶艺馆;茶艺馆,武侯区,104.064224,30.591738,2
半坡咖啡(川投店),catering,餐饮服务;咖啡厅;咖啡厅,武侯区,104.066035,30.595594,1
爱上时光,catering,餐饮服务;休闲餐饮场所;休闲餐饮场所,武侯区,104.067781,30.595648,5
这边,catering,餐饮服务;咖啡厅;咖啡厅,武侯区,104.067634,30.593852,2
锦上酒楼(天泰路店),catering,餐饮服务;中餐厅;广东菜(粤菜),武侯区,104.067886,30.594356,1
宜宾燃面(天泰路店),catering,餐饮服务;中餐厅;中餐厅,武侯区,104.066822,30.593732,1
88楼厨房,catering,餐饮服务;中餐厅;中餐厅,武侯区,104.071845,30.597327,1
好欢辣食品,catering,餐饮服务;快餐厅;快餐厅,武侯区,104.072564,30.589641,1
火星小花,catering,餐饮服务;中餐厅;特色/地方风味餐厅,武侯区,104.064344,30.592418,3
黄记渔香味面,catering,餐饮服务;中餐厅;中餐厅,武侯区,104.067376,30.598017,2
品牌冒菜,catering,餐饮服务;中餐厅;特色/地方风味餐厅,武侯区,104.064783,30.596365,1
海纳百川菜馆,catering,餐饮服务;中餐厅;四川菜(川菜),武侯区,104.066918,30.595429,1
筑英社咖啡厅,catering,餐饮服务;咖啡厅;咖啡厅,武侯区,104.064035,30.5931,1
御府老面馆,catering,餐饮服务;中餐厅;中餐厅,武侯区,104.067953,30.598981,2
四合茶坊(嘉南店),catering,餐饮服务;茶艺馆;茶艺馆,武侯区,104.07117,30.594274,1
川云峡茶苑,catering,餐饮服务;茶艺馆;茶艺馆,武侯区,104.068736,30.594138,1
君豪酒店-西餐厅,catering,餐饮服务;外国餐厅;外国餐厅,武侯区,104.067917,30.59184,2
君汇·时光西餐厅,catering,餐饮服务;外国餐厅;西餐厅(综合风味),武侯区,104.067788,30.592323,1
pizzarossa(披萨),catering,餐饮服务;外国餐厅;外国餐厅,武侯区,104.069892,30.592357,1
壹家比萨,catering,餐饮服务;外国餐厅;意式菜品餐厅,武侯区,104.068643,30.591058,1
三峡公寓-中餐厅,catering,餐饮服务;中餐厅;中餐厅,武侯区,104.067139,30.593193,1
潮汕牛火锅,catering,餐饮服务;中餐厅;火锅店,武侯区,104.073604,30.59517,2
安第斯咖啡,catering,餐饮服务;咖啡厅;咖啡厅,武侯区,104.07431,30.595869,30
兰桂,catering,餐饮服务;中餐厅;综合酒楼,武侯区,104.074047,30.591844,5
明宇豪雅饭店·汇景自助餐厅(科华店),catering,餐饮服务;外国餐厅;西餐厅(综合风味),武侯区,104.07614,30.593149,1
美易添食府,catering,餐饮服务;中餐厅;中餐厅,锦江区,104.083221,30.594433,1
Neverland咖啡工作室,catering,餐饮服务;咖啡厅;咖啡厅,武侯区,104.076343,30.597759,1
宜宾燃面(三色路店),catering,餐饮服务;中餐厅;中餐厅,锦江区,104.082777,30.592943,1
熊记传香夫妻肺片(三色路分店),catering,餐饮服务;中餐厅;中餐厅,锦江区,104.08221,30.592521,1
碎蝶音乐咖啡(创意成都店),catering,餐饮服务;咖啡厅;咖啡厅,锦江区,104.082538,30.590233,1
格外乐活餐厅,catering,餐饮服务;中餐厅;中餐厅,锦江区,104.081497,30.591963,1
美丽洲茗茶·棋牌·咖啡,catering,餐饮服务;茶艺馆;茶艺馆,武侯区,104.077832,30.595311,2
塞北雪,catering,餐饮服务;中餐厅;特色/地方风味餐厅|餐饮服务;茶艺馆;茶艺馆,武侯区,104.074434,30.593027,1
亮点创意,catering,餐饮服务;咖啡厅;咖啡厅,武侯区,104.074155,30.593626,1
大吉茶府,catering,餐饮服务;茶艺馆;茶艺馆,武侯区,104.076721,30.594614,1
家常小炒,catering,餐饮服务;中餐厅;中餐厅,锦江区,104.091552,30.592482,9
犇犇藤椒牛杂火锅(锦华店),catering,餐饮服务;中餐厅;火锅店,锦江区,104.092336,30.592941,1
蜜语甜园蛋糕屋,catering,餐饮服务;糕饼店;糕饼店,锦江区,104.0909,30.589954,1
刀削面面馆,catering,餐饮服务;中餐厅;中餐厅,锦江区,104.093542,30.595622,10
膳道轩,catering,餐饮服务;中餐厅;中餐厅,锦江区,104.085515,30.590446,3
赛纳斯咖啡,catering,餐饮服务;咖啡厅;咖啡厅,锦江区,104.084229,30.590904,1
成仁路饭店,catering,餐饮服务;中餐厅;中餐厅,锦江区,104.09262,30.5944,4
冒菜王(锦华路店),catering,餐饮服务;中餐厅;中餐厅,锦江区,104.091106,30.590755,2
汇融国际食堂(中餐部),catering,餐饮服务;中餐厅;中餐厅,锦江区,104.091311,30.595021,1
宜宾燃面,catering,餐饮服务;中餐厅;中餐厅,锦江区,104.09158,30.593546,2
张记烤鸭炒菜馆,catering,餐饮服务;中餐厅;中餐厅,锦江区,104.091445,30.591381,2
板房海鲜烧烤,catering,餐饮服务;中餐厅;特色/地方风味餐厅,锦江区,104.100557,30.598966,1
臻品蛋糕坊,catering,餐饮服务;糕饼店;糕饼店,锦江区,104.094014,30.591305,1
蓉聚缘川菜馆,catering,餐饮服务;中餐厅;四川菜(川菜),锦江区,104.094487,30.590731,10
锦鑫苑,catering,餐饮服务;茶艺馆;茶艺馆,锦江区,104.096845,30.590966,6
品爽家常菜,catering,餐饮服务;中餐厅;中餐厅,锦江区,104.09562,30.591301,2
和韵茶坊(楠丰路),catering,餐饮服务;茶艺馆;茶艺馆,锦江区,104.098116,30.5915,1
宜宾燃面,catering,餐饮服务;中餐厅;中餐厅,锦江区,104.10074,30.596657,5
开心饭店,catering,餐饮服务;中餐厅;中餐厅,锦江区,104.102729,30.591106,1
眼哥小吃,catering,餐饮服务;中餐厅;中餐厅,锦江区,104.102888,30.591584,1
大姐面馆,catering,餐饮服务;中餐厅;中餐厅,锦江区,104.102501,30.593334,3
暖缘咖啡,catering,餐饮服务;咖啡厅;咖啡厅,锦江区,104.110551,30.593329,26
锦城家宴,catering,餐饮服务;中餐厅;中餐厅,锦江区,104.104847,30.594251,17
西昌醉香居火盆烧烤,catering,餐饮服务;中餐厅;特色/地方风味餐厅,锦江区,104.106624,30.590417,1
趁早甜品,catering,餐饮服务;甜品店;甜品店,锦江区,104.110872,30.590658,2
笑三刀,catering,餐饮服务;中餐厅;中餐厅,锦江区,104.110461,30.591941,28
小面馆,catering,餐饮服务;快餐厅;快餐厅,锦江区,104.104901,30.596156,21
火炎焱夜啤,catering,餐饮服务;中餐厅;中餐厅,锦江区,104.110185,30.595601,1
一香味,catering,餐饮服务;中餐厅;中餐厅,锦江区,104.10652,30.59438,12
小怪物披萨外卖,catering,餐饮服务;外国餐厅;意式菜品餐厅,锦江区,104.11187,30.59339,1
随便点,catering,餐饮服务;中餐厅;中餐厅,锦江区,104.110236,30.594912,6
卜家烘焙,catering,餐饮服务;糕饼店;糕饼店,锦江区,104.112272,30.592192,1
溢香人家,catering,餐饮服务;中餐厅;中餐厅,锦江区,104.106832,30.595484,1
同心共筑老妈砂锅串串,catering,餐饮服务;中餐厅;特色/地方风味餐厅,锦江区,104.111908,30.59136,2
凉山风情特色烧烤,catering,餐饮服务;中餐厅;特色/地方风味餐厅,锦江区,104.104311,30.599112,1
宫廷桃酥,catering,餐饮服务;糕饼店;糕饼店,锦江区,104.104036,30.591304,1
旺君冒菜店,catering,餐饮服务;中餐厅;中餐厅,锦江区,104.104009,30.593085,1
乡村炒菜,catering,餐饮服务;中餐厅;中餐厅,锦江区,104.105937,30.590476,2
星辰咖啡(龙泉店),catering,餐饮服务;咖啡厅;咖啡厅,锦江区,104.118637,30.595975,1
巴蜀秘制风味小火锅,catering,餐饮服务;中餐厅;中餐厅,锦江区,104.115566,30.590704,1
新越烧烤,catering,餐饮服务;中餐厅;特色/地方风味餐厅,锦江区,104.11353,30.595487,1
滋滋自烤大师,catering,餐饮服务;中餐厅;特色/地方风味餐厅,锦江区,104.119444,30.590249,1
5客蛋糕,catering,餐饮服务;糕饼店;糕饼店,锦江区,104.130278,30.595025,1
梅花寨柴火鸡,catering,餐饮服务;中餐厅;中餐厅,锦江区,104.127588,30.590254,2
福满堂摆摆家,catering,餐饮服务;中餐厅;特色/地方风味餐厅,锦江区,104.132515,30.59139,3
品梅堂,catering,餐饮服务;中餐厅;中餐厅,锦江区,104.132882,30.590094,16
冒菜面放心小笼包,catering,餐饮服务;中餐厅;中餐厅,锦江区,104.133296,30.598996,4
东村鲜货火锅,catering,餐饮服务;中餐厅;火锅店,锦江区,104.132148,30.597194,1
大口潮火锅,catering,餐饮服务;中餐厅;火锅店,锦江区,104.129818,30.591453,1
厨舍,catering,餐饮服务;中餐厅;中餐厅,锦江区,104.128989,30.589979,6
江记烧鸡公,catering,餐饮服务;中餐厅;中餐厅,锦江区,104.13023,30.590985,2
蓉舒苑鲜活馆,catering,餐饮服务;中餐厅;中餐厅,锦江区,104.126114,30.589758,2
老柴火·鸡鱼兔,catering,餐饮服务;中餐厅;中餐厅,锦江区,104.132206,30.595998,1
安隅,catering,餐饮服务;快餐厅;茶餐厅,锦江区,104.131113,30.590097,3
简阳石桥羊肉汤,catering,餐饮服务;中餐厅;中餐厅,锦江区,104.131604,30.596534,5
兄弟堂饭馆,catering,餐饮服务;中餐厅;中餐厅,锦江区,104.123593,30.596144,1
香泉茶坊(锦江大道),catering,餐饮服务;茶艺馆;茶艺馆,锦江区,104.127031,30.589841,1
随享,catering,公司企业;公司;广告装饰|餐饮服务;休闲餐饮场所;休闲餐饮场所,锦江区,104.130126,30.590146,1
皇棒,catering,餐饮服务;中餐厅;中餐厅,锦江区,104.140883,30.597105,57
梅林柴火鸡,catering,餐饮服务;中餐厅;中餐厅,锦江区,104.135002,30.594295,1
跑山猪排骨王,catering,餐饮服务;中餐厅;中餐厅,锦江区,104.137878,30.591395,3
源自渝火锅,catering,餐饮服务;中餐厅;火锅店,锦江区,104.134808,30.592936,2
串根香麻辣涮(锦城旗舰店),catering,餐饮服务;中餐厅;特色/地方风味餐厅,锦江区,104.136159,30.59432,1
美林茶府,catering,餐饮服务;茶艺馆;茶艺馆,锦江区,104.134933,30.59236,2
余香阁,catering,餐饮服务;中餐厅;中餐厅,锦江区,104.143349,30.597307,4
幸福串串,catering,餐饮服务;中餐厅;中餐厅,锦江区,104.139128,30.592087,6
众私厨,catering,餐饮服务;中餐厅;中餐厅,锦江区,104.138365,30.598042,1
正宗武胜猪肝面(南充嘉陵区总店),catering,餐饮服务;中餐厅;中餐厅,锦江区,104.143356,30.59813,1
极品串串,catering,餐饮服务;中餐厅;特色/地方风味餐厅,锦江区,104.142426,30.598209,1
春天茶坊,catering,餐饮服务;茶艺馆;茶艺馆,锦江区,104.13556,30.593701,2
卤汁卤味,catering,餐饮服务;快餐厅;快餐厅,锦江区,104.134976,30.59348,1
铭记钵钵鸡,catering,餐饮服务;快餐厅;快餐厅,锦江区,104.13654,30.595496,1
友谊面馆(栀子街),catering,餐饮服务;中餐厅;中餐厅,锦江区,104.138266,30.596177,1
周姐小厨房,catering,餐饮服务;中餐厅;四川菜(川菜),锦江区,104.137329,30.593149,1
妈妈记忆甜皮鸭,catering,餐饮服务;快餐厅;快餐厅,锦江区,104.136239,30.591548,1
开心串串快乐烧烤,catering,餐饮服务;中餐厅;特色/地方风味餐厅,锦江区,104.146392,30.593724,2
搓一顿(牡丹街),catering,餐饮服务;中餐厅;中餐厅,锦江区,104.152331,30.593759,1
大碗香,catering,餐饮服务;中餐厅;中餐厅,锦江区,104.150469,30.593635,1
源自渝精品院子火锅,catering,餐饮服务;中餐厅;火锅店,锦江区,104.156063,30.591337,1
丹清苑,catering,餐饮服务;休闲餐饮场所;休闲餐饮场所,锦江区,104.156836,30.590559,11
蕊鑫苑,catering,餐饮服务;中餐厅;中餐厅|体育休闲服务;休闲场所;休闲场所,锦江区,104.154377,30.591055,3
牛棚自助烤肉,catering,餐饮服务;外国餐厅;外国餐厅,锦江区,104.160878,30.590514,2
云境雅缘,catering,餐饮服务;中餐厅;四川菜(川菜),锦江区,104.163192,30.590942,2
菜园子(农居路),catering,餐饮服务;中餐厅;中餐厅,锦江区,104.154624,30.59176,1
久香园·中国酒文化体验社,catering,餐饮服务;中餐厅;特色/地方风味餐厅,锦江区,104.157486,30.593331,1
大树与嫩芽,catering,餐饮服务;中餐厅;中餐厅,锦江区,104.156244,30.592577,1
桔子,catering,餐饮服务;中餐厅;中餐厅,锦江区,104.163934,30.591724,2
小馋院餐吧,catering,餐饮服务;中餐厅;中餐厅,锦江区,104.164535,30.592764,1
二姐饭店,catering,餐饮服务;中餐厅;中餐厅,武侯区,103.973247,30.586335,3
刘一手,catering,餐饮服务;中餐厅;中餐厅,武侯区,103.9712,30.580674,10
三江鱼,catering,餐饮服务;中餐厅;海鲜酒楼,武侯区,103.9728,30.581105,23
江安人家,catering,餐饮服务;中餐厅;中餐厅,武侯区,103.965271,30.58754,1
万竹园(四线沟路),catering,餐饮服务;中餐厅;中餐厅,武侯区,103.96658,30.581648,1
全嘉福餐馆(凉港三路),catering,餐饮服务;中餐厅;中餐厅,武侯区,103.970407,30.588304,1
王师烧烤,catering,餐饮服务;中餐厅;特色/地方风味餐厅,武侯区,103.965009,30.586165,6
川味小厨,catering,餐饮服务;中餐厅;四川菜(川菜),武侯区,103.971049,30.581736,4
宜宾燃面,catering,餐饮服务;中餐厅;特色/地方风味餐厅,武侯区,103.970833,30.583126,4
大唐糕点,catering,餐饮服务;糕饼店;糕饼店,武侯区,103.970051,30.585141,9
阿明火锅酒楼,catering,餐饮服务;中餐厅;火锅店,武侯区,103.965577,30.586561,1
有滋有味(簇马路三段),catering,餐饮服务;中餐厅;中餐厅,武侯区,103.967481,30.587781,4
重庆面馆,catering,餐饮服务;中餐厅;中餐厅,武侯区,103.972157,30.585711,15
重庆鑫鑫酱香包,catering,餐饮服务;中餐厅;中餐厅,武侯区,103.968183,30.588361,3
老陈记,catering,餐饮服务;中餐厅;中餐厅,武侯区,103.970328,30.584256,3
帅乡饭店,catering,餐饮服务;中餐厅;中餐厅,武侯区,103.966635,30.583374,13
大足面庄,catering,餐饮服务;中餐厅;中餐厅,武侯区,103.96866,30.588679,2
涂二回美食广场,catering,餐饮服务;中餐厅;中餐厅,武侯区,103.965534,30.587066,3
红油面,catering,餐饮服务;中餐厅;中餐厅,武侯区,103.969573,30.580129,9
巴蜀崃山面庄,catering,餐饮服务;中餐厅;四川菜(川菜),武侯区,103.9663,30.587501,1
原味串串香,catering,餐饮服务;中餐厅;中餐厅,武侯区,103.971315,30.582281,1
竹林人家,catering,餐饮服务;中餐厅;中餐厅,武侯区,103.964288,30.583658,2
和记快餐(凉井二路),catering,餐饮服务;中餐厅;中餐厅,武侯区,103.968269,30.579877,1
血旺饭店(凉港三路),catering,餐饮服务;中餐厅;中餐厅,武侯区,103.971191,30.587696,1
重庆老面馆(三线沟路),catering,餐饮服务;中餐厅;四川菜(川菜),武侯区,103.97024,30.583542,1
刘氏鱿鱼,catering,餐饮服务;中餐厅;海鲜酒楼,武侯区,103.976652,30.580337,1
三哥豌豆面,catering,餐饮服务;中餐厅;中餐厅,武侯区,103.980052,30.585158,3
千味面,catering,餐饮服务;中餐厅;中餐厅,武侯区,103.97458,30.581605,20
重庆金来凤火锅(文星二店),catering,餐饮服务;中餐厅;中餐厅,武侯区,103.974051,30.579737,1
凉港茶楼,catering,餐饮服务;茶艺馆;茶艺馆,武侯区,103.976804,30.589312,1
皓月茶楼,catering,餐饮服务;茶艺馆;茶艺馆,武侯区,103.974496,30.586857,10
农民火锅,catering,餐饮服务;中餐厅;中餐厅,武侯区,103.974942,30.579945,3
胖哥面馆(凉港三路),catering,餐饮服务;中餐厅;中餐厅,武侯区,103.974109,30.582592,1
城口面馆,catering,餐饮服务;中餐厅;中餐厅,武侯区,103.979586,30.587586,3
凤凰谷,catering,餐饮服务;中餐厅;中餐厅,武侯区,103.977421,30.588458,1
全心茶坊,catering,餐饮服务;茶艺馆;茶艺馆,武侯区,103.975602,30.580022,3
美味轩家常菜,catering,餐饮服务;中餐厅;中餐厅,武侯区,103.975235,30.586576,1
凉菜饭馆,catering,餐饮服务;中餐厅;中餐厅,武侯区,103.977897,30.587651,3
大茶铺,catering,餐饮服务;茶艺馆;茶艺馆,武侯区,103.976298,30.582687,6
舌尖味道,catering,餐饮服务;中餐厅;中餐厅,武侯区,103.973992,30.587416,1
成都大桥道冰淇淋配送中心(凉港路),catering,餐饮服务;冷饮店;冷饮店,武侯区,103.979284,30.585832,1
丘处鸡生态餐饮园,catering,体育休闲服务;休闲场所;休闲场所|餐饮服务;中餐厅;中餐厅,武侯区,104.002888,30.580861,1
自贡包子(文昌路),catering,餐饮服务;中餐厅;中餐厅,武侯区,104.002297,30.582454,2
爱唯茶楼,catering,餐饮服务;茶艺馆;茶艺馆,武侯区,104.001727,30.585486,18
崃山土菜饭,catering,餐饮服务;中餐厅;中餐厅,武侯区,104.001631,30.58434,4
兰州拉面,catering,餐饮服务;快餐厅;快餐厅,武侯区,103.999904,30.584716,1
宜宾燃面,catering,餐饮服务;中餐厅;中餐厅,武侯区,104.001117,30.586115,1
渔牌坊,catering,餐饮服务;中餐厅;海鲜酒楼,武侯区,104.008616,30.589358,1
来回头饭店,catering,餐饮服务;中餐厅;中餐厅,武侯区,104.01795,30.586249,1
国师面,catering,餐饮服务;中餐厅;中餐厅,武侯区,104.026854,30.584912,14
高原牛肉面王,catering,餐饮服务;中餐厅;清真菜馆,武侯区,104.031228,30.583218,7
德克士(石羊场店),catering,餐饮服务;快餐厅;快餐厅,武侯区,104.029965,30.588233,1
帅锅好客,catering,餐饮服务;中餐厅;中餐厅,武侯区,104.027495,30.583667,30
双杨冒菜,catering,餐饮服务;中餐厅;中餐厅,武侯区,104.032007,30.585969,11
特香蛋糕(石羊场店),catering,餐饮服务;糕饼店;糕饼店,武侯区,104.029545,30.584108,1
何氏川菜鱼庄,catering,餐饮服务;中餐厅;四川菜(川菜),武侯区,104.033484,30.587083,1
二哥豆花饭,catering,餐饮服务;中餐厅;中餐厅,武侯区,104.028496,30.584408,4
新南小吃,catering,餐饮服务;中餐厅;中餐厅,武侯区,104.032533,30.580769,3
茗香茶府(仁和南街),catering,餐饮服务;茶艺馆;茶艺馆,武侯区,104.028296,30.583033,1
家常炒菜馆,catering,餐饮服务;中餐厅;中餐厅,武侯区,104.03071,30.587058,3
门里上茶,catering,餐饮服务;茶艺馆;茶艺馆,武侯区,104.03081,30.581907,1
薪园茶坊,catering,餐饮服务;茶艺馆;茶艺馆,武侯区,104.032252,30.584872,7
禾麦蛋糕,catering,餐饮服务;糕饼店;糕饼店,武侯区,104.030051,30.583771,2
智友茶府,catering,餐饮服务;茶艺馆;茶艺馆,武侯区,104.033205,30.587584,2
胖姐手提串串,catering,餐饮服务;快餐厅;快餐厅,武侯区,104.031557,30.588626,1
茗鸿茶坊,catering,餐饮服务;茶艺馆;茶艺馆,武侯区,104.030261,30.585886,2
曾记川菜馆(石桥路),catering,餐饮服务;中餐厅;四川菜(川菜),武侯区,104.030466,30.586405,1
鱼先生,catering,餐饮服务;中餐厅;中餐厅,武侯区,104.032801,30.586562,2
百年蓉城,catering,餐饮服务;中餐厅;火锅店,武侯区,104.034022,30.588254,7
便捷快餐,catering,餐饮服务;快餐厅;快餐厅,武侯区,104.035189,30.58233,8
豪客多鱼庄,catering,餐饮服务;中餐厅;中餐厅,武侯区,104.03692,30.584859,1
同乐园啤酒广场,catering,餐饮服务;中餐厅;中餐厅,武侯区,104.035424,30.588202,2
益品鲜,catering,餐饮服务;中餐厅;中餐厅,武侯区,104.033944,30.582848,5
惠兰阁茶楼,catering,餐饮服务;茶艺馆;茶艺馆,武侯区,104.034584,30.580205,1
王妈热卤(中海店),catering,餐饮服务;中餐厅;中餐厅,武侯区,104.050963,30.583753,1
牛对头火锅,catering,餐饮服务;中餐厅;火锅店,武侯区,104.049811,30.58362,14
邓家面馆,catering,餐饮服务;中餐厅;中餐厅,武侯区,104.046761,30.580682,3
好利来(成汉南路店),catering,餐饮服务;糕饼店;糕饼店,武侯区,104.051602,30.588881,2
威斯特花园,catering,餐饮服务;中餐厅;综合酒楼,武侯区,104.052428,30.588104,2
翁记宜宾燃面(锦尚西二路),catering,餐饮服务;中餐厅;中餐厅,武侯区,104.051807,30.581382,2
肴导食,catering,餐饮服务;中餐厅;中餐厅,武侯区,104.051564,30.583229,10
陌上素食花园(仁和春天国际花园西),catering,餐饮服务;中餐厅;中式素菜馆,武侯区,104.048811,30.587987,1
沙拉巢,catering,餐饮服务;外国餐厅;西餐厅(综合风味),武侯区,104.053971,30.589008,26
品粤大厨烧鹅皇,catering,餐饮服务;中餐厅;中餐厅,武侯区,104.044627,30.58102,1
竹寿司(高新店),catering,餐饮服务;外国餐厅;日本料理,武侯区,104.050057,30.587951,1
一品茶舍,catering,餐饮服务;咖啡厅;咖啡厅,武侯区,104.051493,30.587299,4
合家小面,catering,餐饮服务;快餐厅;快餐厅,武侯区,104.051603,30.58394,2
誉峰小厨,catering,餐饮服务;快餐厅;快餐厅,武侯区,104.049885,30.586814,1
宜宾燃面(交子大道),catering,餐饮服务;中餐厅;中餐厅,武侯区,104.045569,30.583964,1
食善,catering,餐饮服务;中餐厅;中餐厅,武侯区,104.04754,30.581469,1
多喜利鲜奶吧,catering,购物服务;综合市场;农副产品市场|餐饮服务;冷饮店;冷饮店,武侯区,104.050695,30.581176,2
津渝汇,catering,餐饮服务;中餐厅;中餐厅,武侯区,104.059462,30.580225,21
聚友餐,catering,餐饮服务;中餐厅;中餐厅,武侯区,104.058619,30.587563,64
咖咖奥咖啡(奥克斯广场),catering,餐饮服务;咖啡厅;咖啡厅,武侯区,104.05832,30.579491,1
锦蒙苦荞,catering,餐饮服务;甜品店;甜品店,武侯区,104.058906,30.585893,6
常鲜面,catering,餐饮服务;快餐厅;快餐厅,武侯区,104.058184,30.580214,4
甜叔叔,catering,餐饮服务;咖啡厅;咖啡厅,武侯区,104.055444,30.584098,4
HOLLYS COFFEE(金融城店),catering,餐饮服务;咖啡厅;咖啡厅,武侯区,104.060311,30.584763,1
中航国际广场员工餐厅,catering,餐饮服务;中餐厅;中餐厅,武侯区,104.057897,30.58595,1
翁记燃面,catering,餐饮服务;中餐厅;中餐厅,武侯区,104.056504,30.584092,5
天丰酒楼,catering,餐饮服务;中餐厅;综合酒楼,武侯区,104.062445,30.588047,1
食尚餐吧(交子南二路),catering,餐饮服务;中餐厅;中餐厅,武侯区,104.059054,30.584096,2
老北京火锅店,catering,餐饮服务;中餐厅;火锅店,武侯区,104.055888,30.58788,1
乐山烧烤,catering,餐饮服务;中餐厅;特色/地方风味餐厅,武侯区,104.06104,30.587774,1
食其家,catering,餐饮服务;快餐厅;快餐厅,武侯区,104.058176,30.586509,1
天棒抄手,catering,餐饮服务;中餐厅;中餐厅,武侯区,104.054674,30.58431,1
重庆小面,catering,餐饮服务;中餐厅;四川菜(川菜),武侯区,104.068908,30.588925,2
久玥寿司,catering,餐饮服务;外国餐厅;日本料理,武侯区,104.073416,30.579812,1
兰亭金汤,catering,餐饮服务;中餐厅;中餐厅|生活服务;洗浴推拿场所;洗浴推拿场所,武侯区,104.070676,30.588732,2
顺心餐饮(金融城店),catering,餐饮服务;快餐厅;快餐厅,武侯区,104.064551,30.583331,1
无名快餐(锦晖东街),catering,餐饮服务;中餐厅;中餐厅,武侯区,104.071331,30.588846,1
daqianxianshi,catering,餐饮服务;中餐厅;中餐厅,武侯区,104.064304,30.58524,1
星巴克咖啡(金融城店),catering,餐饮服务;咖啡厅;星巴克咖啡,武侯区,104.06394,30.583499,1
雅安谢家面馆,catering,餐饮服务;中餐厅;中餐厅,锦江区,104.090606,30.589353,1
大邑肥肠血旺渣渣面(锦华路三段),catering,餐饮服务;中餐厅;中餐厅,锦江区,104.090399,30.581874,1
桂花苑泥鳅山庄,catering,餐饮服务;中餐厅;中餐厅,锦江区,104.100012,30.589108,1
锦馨山庄,catering,餐饮服务;中餐厅;中餐厅|体育休闲服务;休闲场所;休闲场所,锦江区,104.100117,30.588525,1
湾仔渔港,catering,餐饮服务;休闲餐饮场所;休闲餐饮场所,锦江区,104.097991,30.586211,1
老院坝鲜卤坊,catering,餐饮服务;中餐厅;中餐厅,锦江区,104.102583,30.588353,1
石板凳休闲庄,catering,体育休闲服务;休闲场所;休闲场所|餐饮服务;中餐厅;中餐厅,锦江区,104.107682,30.583653,1
威远羊肉汤(琉新路),catering,餐饮服务;中餐厅;中餐厅,锦江区,104.103703,30.58467,2
眼哥鱼庄,catering,餐饮服务;中餐厅;海鲜酒楼,锦江区,104.103984,30.586003,1
回龙茶楼,catering,餐饮服务;茶艺馆;茶艺馆,锦江区,104.1095,30.580137,1
凉山寨,catering,餐饮服务;中餐厅;特色/地方风味餐厅|体育休闲服务;休闲场所;休闲场所,锦江区,104.121301,30.588485,3
江鱼记鱼火锅,catering,餐饮服务;中餐厅;中餐厅,锦江区,104.123895,30.584866,4
觅荼,catering,餐饮服务;茶艺馆;茶艺馆,锦江区,104.133234,30.587834,24
别院,catering,餐饮服务;中餐厅;中餐厅|体育休闲服务;休闲场所;休闲场所,锦江区,104.132595,30.583308,7
农夫柴火鸡,catering,餐饮服务;中餐厅;特色/地方风味餐厅,锦江区,104.126417,30.589031,3
笙轩园,catering,餐饮服务;中餐厅;特色/地方风味餐厅,锦江区,104.132782,30.585221,7
梅花三弄(幸福梅林店),catering,餐饮服务;休闲餐饮场所;休闲餐饮场所,锦江区,104.132785,30.586108,1
东盛农庄,catering,餐饮服务;中餐厅;特色/地方风味餐厅,锦江区,104.128374,30.588986,1
祥和山庄(幸福路),catering,体育休闲服务;休闲场所;休闲场所|餐饮服务;中餐厅;中餐厅,锦江区,104.132377,30.587638,1
六时坊,catering,餐饮服务;茶艺馆;茶艺馆,锦江区,104.130676,30.589355,1
芋香缘,catering,餐饮服务;中餐厅;中餐厅,锦江区,104.136578,30.58598,5
醉美鱼庄(赏菊路),catering,餐饮服务;中餐厅;海鲜酒楼,锦江区,104.140313,30.579586,1
渔闲生态园,catering,餐饮服务;中餐厅;海鲜酒楼|体育休闲服务;休闲场所;休闲场所,锦江区,104.136792,30.584357,1
湖畔人家(滨湖路),catering,餐饮服务;中餐厅;中餐厅,锦江区,104.136329,30.588202,1
水香雅舍(三圣乡店),catering,餐饮服务;中餐厅;中餐厅,锦江区,104.137151,30.584826,1
梅林小厨,catering,餐饮服务;中餐厅;中餐厅,锦江区,104.137337,30.58422,1
梅林山庄,catering,餐饮服务;中餐厅;中餐厅,锦江区,104.136881,30.588462,1
梅林印象(滨湖路),catering,餐饮服务;中餐厅;中餐厅,锦江区,104.136626,30.587611,1
圣源山庄,catering,餐饮服务;中餐厅;中餐厅|体育休闲服务;休闲场所;休闲场所,锦江区,104.136985,30.585364,1
驸马鱼庄,catering,餐饮服务;中餐厅;海鲜酒楼,锦江区,104.142973,30.582234,2
云山华堂,catering,餐饮服务;中餐厅;中餐厅,锦江区,104.13594,30.5817,1
太极人家,catering,体育休闲服务;运动场馆;运动场所|餐饮服务;中餐厅;中餐厅,锦江区,104.136387,30.58368,1
香雪梅苑,catering,餐饮服务;中餐厅;中餐厅,锦江区,104.137457,30.587553,1
山里边,catering,餐饮服务;中餐厅;中餐厅,锦江区,104.140803,30.58093,1
鸿源茶铺,catering,餐饮服务;茶艺馆;茶艺馆,锦江区,104.143642,30.582757,3
茶里,catering,餐饮服务;茶艺馆;茶艺馆,锦江区,104.153242,30.588056,4
味轩馆,catering,餐饮服务;中餐厅;中餐厅,锦江区,104.1452,30.583941,6
胖哥家常饭店(驸江路),catering,餐饮服务;中餐厅;中餐厅,锦江区,104.144232,30.583748,1
谢谢饭店,catering,餐饮服务;中餐厅;中餐厅,锦江区,104.150187,30.579735,1
谷记肥肠粉炒菜馆,catering,餐饮服务;中餐厅;中餐厅,锦江区,104.144279,30.585051,1
槐花树,catering,餐饮服务;中餐厅;中餐厅,锦江区,104.158732,30.588004,5
味上食府,catering,餐饮服务;中餐厅;中餐厅,锦江区,104.157433,30.581532,3
花田喜寨,catering,餐饮服务;中餐厅;中餐厅|体育休闲服务;休闲场所;休闲场所,锦江区,104.156492,30.584782,1
蓉舒苑精品店枫林3号厅,catering,餐饮服务;中餐厅;中餐厅,锦江区,104.160548,30.588918,2
辣子鸡,catering,餐饮服务;中餐厅;中餐厅,锦江区,104.156149,30.583611,14
火伦,catering,餐饮服务;中餐厅;中餐厅,锦江区,104.16239,30.589081,2
卡瓦斯庄园,catering,体育休闲服务;休闲场所;休闲场所|餐饮服务;中餐厅;中餐厅,锦江区,104.161007,30.587622,2
刘府宴席,catering,餐饮服务;中餐厅;中餐厅,锦江区,104.159338,30.581611,1
金荣苑,catering,餐饮服务;中餐厅;中餐厅,锦江区,104.155092,30.584087,9
成都正兴泥鳅休闲庄,catering,餐饮服务;中餐厅;特色/地方风味餐厅,锦江区,104.16152,30.588278,2
好日子(水杉路),catering,餐饮服务;中餐厅;中餐厅,锦江区,104.160228,30.587684,1
桃园茶坊,catering,餐饮服务;茶艺馆;茶艺馆,锦江区,104.155972,30.580638,1
财富苑,catering,餐饮服务;中餐厅;中餐厅,锦江区,104.154765,30.585844,4
院坝火锅,catering,餐饮服务;中餐厅;火锅店,锦江区,104.15647,30.580795,1
花乡茶坊,catering,餐饮服务;茶艺馆;茶艺馆,锦江区,104.157371,30.582345,1
