name,category,type,district,wgs_lng,wgs_lat,weight
小象艺术,edu,科教文化服务;美术馆;美术馆,金牛区,103.974072,30.734157,3
成都高新皇冠假日酒店-会议厅,edu,科教文化服务;会展中心;会展中心,金牛区,103.971674,30.731028,1
I2国际私塾,edu,科教文化服务;培训机构;培训机构,金牛区,103.977909,30.73413,3
五粮村幼儿园(建设中),edu,科教文化服务;学校;幼儿园,金牛区,103.992679,30.732208,1
成都千盛文化传播有限公司,edu,科教文化服务;传媒机构;传媒机构,金牛区,103.99853,30.73187,1
领跑艺体,edu,科教文化服务;培训机构;培训机构,金牛区,104.013361,30.732376,11
成都市金牛区美乐思幼儿园,edu,科教文化服务;学校;幼儿园,金牛区,104.008262,30.732198,1
美家教育,edu,科教文化服务;培训机构;培训机构,金牛区,104.007596,30.738804,2
童画镇文艺工作室,edu,科教文化服务;科教文化场所;科教文化场所,金牛区,104.009292,30.737883,1
成都七中万达学校,edu,科教文化服务;学校;中学,金牛区,104.016897,30.733264,1
成都铁中府河校区,edu,科教文化服务;学校;中学,金牛区,104.024108,30.729909,1
优博智胜教育中心,edu,科教文化服务;科教文化场所;科教文化场所,金牛区,104.024552,30.731148,2
成都斯玛特艺术幼儿园,edu,科教文化服务;学校;幼儿园,金牛区,104.029219,30.731765,1
趣佳优教育,edu,科教文化服务;培训机构;培训机构,金牛区,104.028887,30.730147,2
大师教育,edu,科教文化服务;培训机构;培训机构,金牛区,104.025127,30.732808,1
斯马特艺术幼儿园,edu,科教文化服务;学校;幼儿园,金牛区,104.027636,30.731236,2
四川省景观造型艺术研究所,edu,科教文化服务;科研机构;科研机构,金牛区,104.027946,30.734404,1
假桥小学幼儿园,edu,科教文化服务;学校;幼儿园,金牛区,104.037203,30.737996,1
顺邦文化传播,edu,科教文化服务;科教文化场所;科教文化场所,金牛区,104.046842,30.730044,2
四川星蜀漫文化传播有限公司,edu,科教文化服务;科教文化场所;科教文化场所,金牛区,104.047127,30.731498,1
金建小学校,edu,科教文化服务;学校;小学,金牛区,104.051553,30.732935,1
戴氏精品堂学校(古柏路),edu,科教文化服务;培训机构;培训机构,金牛区,104.049358,30.738236,1
成都建筑学校,edu,科教文化服务;科教文化场所;科教文化场所,金牛区,104.052445,30.731796,1
戴氏教育(成彭立交分部),edu,科教文化服务;培训机构;培训机构,金牛区,104.044886,30.734194,1
沙河源街道川建社区图书阅览室,edu,科教文化服务;科教文化场所;科教文化场所,金牛区,104.05146,30.734542,1
兴义镇美术馆,edu,科教文化服务;美术馆;美术馆,金牛区,104.045996,30.731238,1
沙河源街道社区市民学校,edu,科教文化服务;学校;学校,金牛区,104.056154,30.733583,2
泉水路小学校,edu,科教文化服务;学校;小学,金牛区,104.060983,30.730598,1
交大智能盛梅幼儿园,edu,科教文化服务;学校;幼儿园,金牛区,104.053733,30.734445,1
乖乖双语幼儿园,edu,科教文化服务;学校;幼儿园,金牛区,104.060115,30.736106,1
新思维学校(泉水分校),edu,科教文化服务;培训机构;培训机构,金牛区,104.059618,30.733237,1
单石桥小学,edu,科教文化服务;学校;小学,金牛区,104.068664,30.735672,2
四川省陆上运动学校,edu,科教文化服务;学校;职业技术学校,金牛区,104.089131,30.733729,1
开心智能幼儿园(蜀陵路),edu,科教文化服务;学校;幼儿园,成华区,104.109862,30.731101,1
乐通教育,edu,科教文化服务;培训机构;培训机构,金牛区,104.105754,30.735187,1
欧普空间美学,edu,科教文化服务;培训机构;培训机构,金牛区,104.110757,30.738245,1
成都市红花实验学校,edu,科教文化服务;学校;学校,成华区,104.119589,30.737655,1
成都市成华区青龙和谐学校,edu,科教文化服务;学校;学校,成华区,104.115423,30.732732,2
熊猫路小学(熊猫大道),edu,科教文化服务;学校;小学,成华区,104.135575,30.729827,1
日本大学成都大熊猫研究所,edu,科教文化服务;科研机构;科研机构,成华区,104.141588,30.737041,7
成都大熊猫繁育研究基地办公楼,edu,科教文化服务;科研机构;科研机构,成华区,104.142615,30.736292,1
成都大熊猫繁育研究基地-蝴蝶馆,edu,科教文化服务;展览馆;展览馆,成华区,104.14312,30.735315,1
大熊猫博物馆,edu,科教文化服务;博物馆;博物馆|科教文化服务;展览馆;展览馆,成华区,104.14395,30.735987,1
成外附小幼稚园,edu,科教文化服务;学校;幼儿园,金牛区,103.97282,30.728686,4
国际私塾,edu,科教文化服务;培训机构;培训机构,金牛区,103.979251,30.723068,24
鹰凡高尔夫体育文化传播有限公司,edu,科教文化服务;科教文化场所;科教文化场所,金牛区,103.977175,30.725226,1
成都快乐你我他文化传播有限公司,edu,科教文化服务;科教文化场所;科教文化场所,金牛区,103.982547,30.721901,1
成都国际学校,edu,科教文化服务;学校;中学,金牛区,103.974777,30.727206,2
金苹果中海国际社区幼稚园,edu,科教文化服务;学校;幼儿园,金牛区,103.975943,30.722139,1
星瑞美丽华酒店-会议厅,edu,科教文化服务;会展中心;会展中心,金牛区,103.976607,30.726427,1
希萌沙画艺术工作室,edu,科教文化服务;培训机构;培训机构,金牛区,103.977914,30.720138,2
名师培优教育,edu,科教文化服务;培训机构;培训机构,金牛区,103.9796,30.720243,1
成都市七彩乐教育中心,edu,科教文化服务;培训机构;培训机构,金牛区,103.974297,30.722948,1
成都铁路技工学校,edu,科教文化服务;学校;职业技术学校,金牛区,103.986856,30.725513,4
成博文武学校,edu,科教文化服务;学校;学校,金牛区,103.986513,30.722293,1
新东方烹饪学校,edu,科教文化服务;学校;职业技术学校,金牛区,103.9876,30.723072,2
成都伟特电气研究所,edu,科教文化服务;科研机构;科研机构,金牛区,103.991504,30.721218,1
成都艾迪康医学检测实验室,edu,科教文化服务;科研机构;科研机构,金牛区,103.987744,30.721599,1
金牛中学,edu,科教文化服务;学校;中学,金牛区,104.001292,30.727281,1
金泉小学校,edu,科教文化服务;学校;小学,金牛区,104.001892,30.726077,2
金牛区双何幼儿园,edu,科教文化服务;学校;幼儿园,金牛区,103.995168,30.724361,1
成都衢上文化传播有限公司,edu,科教文化服务;科教文化场所;科教文化场所,金牛区,104.010551,30.722508,1
浩浩教育,edu,科教文化服务;培训机构;培训机构,金牛区,104.005444,30.724385,4
易园园林博物馆,edu,科教文化服务;博物馆;博物馆,金牛区,104.012531,30.720309,1
乐知书院,edu,科教文化服务;培训机构;培训机构,金牛区,104.011296,30.719785,2
和悦艺术馆,edu,科教文化服务;展览馆;展览馆,金牛区,104.004203,30.721331,1
星高艺艺术培训学校,edu,科教文化服务;培训机构;培训机构,金牛区,104.00526,30.725773,1
青杠社区综合文化活动室,edu,科教文化服务;文化宫;文化宫,金牛区,104.022186,30.728387,1
四川电影电视学院金牛校区,edu,科教文化服务;学校;高等院校,金牛区,104.022154,30.723842,1
人民北路小学·华侨城校区,edu,科教文化服务;学校;小学,金牛区,104.022334,30.722142,2
四川师范大学电影电视学院,edu,科教文化服务;学校;高等院校,金牛区,104.02223,30.725941,1
金苹果华侨城幼稚园,edu,科教文化服务;学校;幼儿园,金牛区,104.021049,30.720288,1
瓦子林幼儿园,edu,科教文化服务;学校;幼儿园,金牛区,104.013739,30.726809,2
四川电影电视学院(金牛校区)化装系,edu,科教文化服务;学校;高等院校,金牛区,104.021068,30.72139,2
四川电影电视学院金牛校区-图书馆,edu,科教文化服务;图书馆;图书馆,金牛区,104.0207,30.72259,1
四川省变频自动化系统技术研究所,edu,科教文化服务;科研机构;科研机构,金牛区,104.015956,30.725458,1
雅生双语托管,edu,科教文化服务;培训机构;培训机构,金牛区,104.030799,30.72069,3
四川电影电视学院金牛校区(东北门),edu,科教文化服务;学校;高等院校|通行设施;临街院门;临街院门,金牛区,104.023797,30.726605,1
武道联盟,edu,体育休闲服务;运动场馆;运动场所|科教文化服务;培训机构;培训机构,金牛区,104.026747,30.729211,3
红彩翔教育,edu,科教文化服务;培训机构;培训机构,金牛区,104.04087,30.719769,7
成都华侨城国际影像艺术中心,edu,科教文化服务;展览馆;展览馆,金牛区,104.036998,30.724353,1
华侨城(成都)视觉艺术中心,edu,科教文化服务;展览馆;展览馆,金牛区,104.035642,30.722903,1
四川民族教育报社,edu,科教文化服务;传媒机构;报社,金牛区,104.043517,30.726393,2
成都金牛区职教中心,edu,科教文化服务;学校;职业技术学校,金牛区,104.049611,30.72369,5
浣笔学堂,edu,科教文化服务;培训机构;培训机构,金牛区,104.052674,30.724616,10
成都影像艺术馆,edu,科教文化服务;展览馆;展览馆,金牛区,104.043954,30.722967,1
成都市红孩儿幼儿园,edu,科教文化服务;学校;幼儿园,金牛区,104.049101,30.726179,1
博卡拉顿泉水幼儿园,edu,科教文化服务;学校;幼儿园,金牛区,104.062737,30.729088,1
源泉幼儿园(和平街),edu,科教文化服务;学校;幼儿园,金牛区,104.061675,30.722981,1
愽卡拉顿泉水幼儿园,edu,科教文化服务;学校;幼儿园,金牛区,104.060006,30.728977,1
金阳艺术培训,edu,科教文化服务;培训机构;培训机构,金牛区,104.056268,30.72372,1
鸿鹄优翼教育,edu,科教文化服务;培训机构;培训机构,金牛区,104.060073,30.72532,1
萌升教育咨询有限公司,edu,科教文化服务;培训机构;培训机构,金牛区,104.057389,30.724791,1
金立方教育,edu,科教文化服务;培训机构;培训机构,金牛区,104.055444,30.724574,1
云汉网络传媒有限责任公司,edu,科教文化服务;科教文化场所;科教文化场所,金牛区,104.059547,30.719952,1
成都川藏行文化传播有限公司,edu,科教文化服务;科教文化场所;科教文化场所,金牛区,104.063039,30.724986,1
金草地幼儿园,edu,科教文化服务;学校;幼儿园,金牛区,104.068638,30.721507,3
一度教育,edu,科教文化服务;培训机构;培训机构,金牛区,104.064644,30.721602,2
泓宇舞蹈,edu,科教文化服务;培训机构;培训机构,金牛区,104.067877,30.719833,1
四川艺彬文化传播有限公司,edu,科教文化服务;科教文化场所;科教文化场所,金牛区,104.075179,30.724215,1
梧桐小学校,edu,科教文化服务;学校;小学,金牛区,104.080922,30.720013,2
梦工坊,edu,科教文化服务;培训机构;培训机构,金牛区,104.074154,30.720592,1
静语斋青少年书画培训,edu,科教文化服务;培训机构;培训机构,金牛区,104.074204,30.723396,1
金韦社区未成年人心理辅导中心,edu,科教文化服务;培训机构;培训机构,金牛区,104.076633,30.720388,1
成都市成华区红花学校,edu,科教文化服务;学校;小学,成华区,104.086595,30.720398,1
蓝天幼儿园,edu,科教文化服务;学校;幼儿园,金牛区,104.098818,30.725478,1
美当创艺美术馆,edu,科教文化服务;美术馆;美术馆,成华区,104.100952,30.719495,2
光亚儿童学校,edu,科教文化服务;学校;幼儿园,成华区,104.112198,30.724569,2
四川勤思特教育,edu,科教文化服务;培训机构;培训机构,成华区,104.11111,30.728232,2
白莲实验幼儿园,edu,科教文化服务;学校;幼儿园,成华区,104.120112,30.722156,2
拱辰白莲小学,edu,科教文化服务;学校;小学,成华区,104.121039,30.723943,1
通威集团水产研究所,edu,科教文化服务;科研机构;科研机构,成华区,104.115754,30.725754,1
启蒙幼儿园,edu,科教文化服务;学校;幼儿园,成华区,104.132463,30.726548,1
金太阳幼儿园(熊猫大道),edu,科教文化服务;学校;幼儿园,成华区,104.12717,30.723525,1
幸福域文化传播,edu,科教文化服务;科教文化场所;科教文化场所,成华区,104.136378,30.728271,1
成都瑞贝卡文化传播有限公司,edu,科教文化服务;科教文化场所;科教文化场所,成华区,104.145608,30.719822,1
加州阳光田园幼儿园,edu,科教文化服务;学校;幼儿园,成华区,104.1656,30.719106,4
玉珏拉丁舞培训中心,edu,科教文化服务;培训机构;培训机构,成华区,104.163971,30.721631,1
华西卫校护理,edu,科教文化服务;科教文化场所;科教文化场所,金牛区,103.970242,30.716136,2
五月花烹饪学校,edu,科教文化服务;学校;成人教育,金牛区,103.965621,30.717568,4
成都颖客文化传播有限公司,edu,科教文化服务;科教文化场所;科教文化场所,金牛区,103.979588,30.710054,3
瑞河酒店-会议厅,edu,科教文化服务;会展中心;会展中心,金牛区,103.976897,30.710504,1
成都联合汽车学校,edu,科教文化服务;学校;学校,金牛区,103.980975,30.71904,2
成都市民道德讲堂,edu,科教文化服务;培训机构;培训机构,金牛区,103.978,30.711037,1
成都哈哈文化传播有限公司,edu,科教文化服务;科教文化场所;科教文化场所,金牛区,103.989117,30.717072,1
成都语汇文化传播有限公司,edu,科教文化服务;科教文化场所;科教文化场所,金牛区,103.986659,30.719005,1
盛大国际启源文化传播有限公司,edu,科教文化服务;科教文化场所;科教文化场所,金牛区,103.988645,30.718887,1
精舞艺术中心,edu,科教文化服务;培训机构;培训机构,金牛区,103.990708,30.711377,3
金科路小学校,edu,科教文化服务;学校;小学,金牛区,103.984264,30.710757,1
金宝宝双语幼儿园(金科苑东街),edu,科教文化服务;学校;幼儿园,金牛区,103.987239,30.713153,1
炼化企业信息化联合实验室,edu,科教文化服务;科研机构;科研机构,金牛区,103.990832,30.718344,1
民族研究所,edu,科教文化服务;科研机构;科研机构,金牛区,103.991245,30.713689,1
艺蒙美术,edu,科教文化服务;培训机构;培训机构,金牛区,103.991747,30.710338,1
艾比斯国际英语,edu,科教文化服务;培训机构;培训机构,金牛区,103.993253,30.711374,1
三都博物馆,edu,科教文化服务;博物馆;博物馆,金牛区,104.002715,30.711805,2
雅风(当代艺术)画廊,edu,科教文化服务;科教文化场所;科教文化场所,金牛区,104.000685,30.71177,1
金妞妞幼儿园,edu,科教文化服务;学校;幼儿园,金牛区,104.001249,30.713308,1
消防时代杂志社,edu,科教文化服务;传媒机构;杂志社,金牛区,103.99546,30.717103,1
郦湾国际酒店-会议厅,edu,科教文化服务;会展中心;会展中心,金牛区,103.996615,30.715561,1
斯坦福幼儿园,edu,科教文化服务;学校;幼儿园,金牛区,103.996932,30.709724,1
公安部四川消防研究所(金科南路),edu,科教文化服务;科研机构;科研机构,金牛区,103.995595,30.718425,1
戴氏精品堂学校迎宾总校,edu,科教文化服务;科教文化场所;科教文化场所,金牛区,103.997933,30.714423,1
美吉特国际教育,edu,科教文化服务;培训机构;培训机构,金牛区,104.011304,30.709628,2
赋舸学院,edu,科教文化服务;学校;高等院校,金牛区,104.00962,30.716676,5
贝乐机器人,edu,科教文化服务;科教文化场所;科教文化场所,金牛区,104.007107,30.717166,2
金茜贝尔亲子幼儿园,edu,科教文化服务;学校;幼儿园,金牛区,104.005385,30.71184,1
迎宾一号-会议厅,edu,科教文化服务;会展中心;会展中心,金牛区,104.005308,30.715013,2
成都新东方烹饪学校金牛宾馆营销办公室,edu,科教文化服务;学校;学校,金牛区,104.013647,30.718105,1
瑞思学科英语(迎宾校区),edu,科教文化服务;培训机构;培训机构,金牛区,104.008777,30.71319,2
众源文化传播有限公司,edu,科教文化服务;传媒机构;传媒机构,金牛区,104.023431,30.714987,1
金桥高级艺术小学,edu,科教文化服务;学校;小学,金牛区,104.019464,30.711017,1
成都市英才学校(跃进校区),edu,科教文化服务;学校;中学,金牛区,104.020971,30.715174,1
跃进村幼儿园,edu,科教文化服务;学校;幼儿园,金牛区,104.022808,30.712272,2
五彩石幼儿园,edu,科教文化服务;学校;幼儿园,金牛区,104.019542,30.714663,1
汶川地震灾区发展振兴研究所,edu,科教文化服务;科研机构;科研机构,金牛区,104.017929,30.710616,1
成都伟佳文化传播有限公司,edu,科教文化服务;科教文化场所;科教文化场所,金牛区,104.023946,30.709875,1
千华钢管舞塑身减压中心,edu,科教文化服务;科教文化场所;科教文化场所,金牛区,104.026436,30.715851,2
西部五金机电博览编辑部,edu,科教文化服务;传媒机构;杂志社,金牛区,104.031971,30.714464,1
成都爱乐幼稚园,edu,科教文化服务;学校;幼儿园,金牛区,104.043316,30.708514,6
程门文化传播有限公司,edu,科教文化服务;科教文化场所;科教文化场所,金牛区,104.040315,30.717534,1
中传之星,edu,科教文化服务;科教文化场所;科教文化场所,金牛区,104.038436,30.715692,10
刘理科文化旅游工作室,edu,科教文化服务;科教文化场所;科教文化场所,金牛区,104.038255,30.717026,2
成都市佛香伽文化传播有限公司,edu,科教文化服务;科教文化场所;科教文化场所,金牛区,104.039614,30.715033,1
稚嫩幼儿园,edu,科教文化服务;学校;幼儿园,金牛区,104.041473,30.710031,3
金蕊教育,edu,科教文化服务;培训机构;培训机构,金牛区,104.04293,30.715579,4
学大教育,edu,科教文化服务;培训机构;培训机构,金牛区,104.034958,30.712777,4
点渧幼儿园,edu,科教文化服务;学校;幼儿园,金牛区,104.041855,30.716999,1
郑州机械研究所,edu,科教文化服务;科研机构;科研机构,金牛区,104.036738,30.713756,1
纽威教育(交大路),edu,科教文化服务;培训机构;培训机构,金牛区,104.036075,30.711418,2
Alice美术教育,edu,科教文化服务;培训机构;培训机构,金牛区,104.041204,30.711198,1
新星教育,edu,科教文化服务;培训机构;培训机构,金牛区,104.042398,30.71801,1
星天艺舞蹈,edu,科教文化服务;培训机构;培训机构,金牛区,104.034942,30.714003,3
电子科技大学九里堤校区,edu,科教文化服务;学校;高等院校,金牛区,104.046862,30.712784,7
酷学堂,edu,科教文化服务;培训机构;培训机构,金牛区,104.044676,30.709441,7
成都市科普场馆,edu,科教文化服务;科教文化场所;科教文化场所,金牛区,104.05162,30.712084,1
锦西外国语实验小学新桥校区,edu,科教文化服务;学校;小学,金牛区,104.04745,30.715551,1
走遍天下学校,edu,科教文化服务;学校;学校,金牛区,104.048452,30.710744,8
名师园阅览室,edu,科教文化服务;图书馆;图书馆,金牛区,104.046592,30.709449,5
剑桥英语,edu,科教文化服务;培训机构;培训机构,金牛区,104.044632,30.718688,4
新思维,edu,科教文化服务;培训机构;培训机构,金牛区,104.063412,30.712386,23
成都市青少年活动中心(星科北街),edu,科教文化服务;文化宫;文化宫,金牛区,104.053839,30.71247,1
中国乒协西部国际培训中心,edu,科教文化服务;培训机构;培训机构,金牛区,104.054406,30.714336,3
釜玉堂教育,edu,科教文化服务;培训机构;培训机构,金牛区,104.056434,30.717269,1
新华文轩出版传媒股份有限公司成都物流中心(西门),edu,科教文化服务;科教文化场所;科教文化场所,金牛区,104.059042,30.71822,1
站东小学校,edu,科教文化服务;学校;小学,成华区,104.070838,30.70952,2
亲子早教,edu,科教文化服务;培训机构;培训机构,金牛区,104.06691,30.714029,7
双水碾街道办事处市民学校,edu,科教文化服务;学校;学校,成华区,104.071676,30.71346,1
花径路社区教育工作站,edu,科教文化服务;科教文化场所;科教文化场所,金牛区,104.067443,30.710451,2
沙河水文明博览馆,edu,科教文化服务;展览馆;展览馆,金牛区,104.066678,30.718621,1
顶力士送餐机器人,edu,科教文化服务;科教文化场所;科教文化场所,金牛区,104.064026,30.709593,1
纽威教育(站北北街),edu,科教文化服务;培训机构;培训机构,金牛区,104.066324,30.712697,1
琅斯教育,edu,科教文化服务;培训机构;培训机构,金牛区,104.06936,30.70938,1
博航文化传播有限公司,edu,科教文化服务;科教文化场所;科教文化场所,成华区,104.078447,30.71373,1
绿舟双水幼儿园,edu,科教文化服务;学校;幼儿园,成华区,104.078001,30.716746,1
双水小学,edu,科教文化服务;学校;小学,成华区,104.088287,30.715699,2
双水碾中学,edu,科教文化服务;学校;中学,成华区,104.084472,30.715208,1
诺维思教育培训,edu,科教文化服务;培训机构;培训机构,成华区,104.091304,30.710318,2
浩瑞教育,edu,科教文化服务;培训机构;培训机构,成华区,104.090261,30.709252,6
彩虹幼儿园(中环路双荆路路段),edu,科教文化服务;学校;幼儿园,成华区,104.086987,30.713519,1
苹果树英语中心,edu,科教文化服务;科教文化场所;科教文化场所,成华区,104.090749,30.714794,1
天天教育,edu,科教文化服务;培训机构;培训机构,成华区,104.090298,30.716862,3
清大学习吧,edu,科教文化服务;培训机构;培训机构,成华区,104.092932,30.709398,1
至诚教育,edu,科教文化服务;培训机构;培训机构,成华区,104.089049,30.713678,1
艺蓉舞蹈培训学校(双荆路校区),edu,科教文化服务;培训机构;培训机构,成华区,104.093082,30.710746,1
安亲宝贝专业托管课外辅导,edu,科教文化服务;培训机构;培训机构,成华区,104.093102,30.716121,1
但昭义钢琴艺术中心,edu,科教文化服务;培训机构;培训机构,成华区,104.095079,30.712971,1
艺婷舞蹈(总校),edu,科教文化服务;培训机构;培训机构,成华区,104.095543,30.70896,3
正格博雅艺术中心,edu,科教文化服务;美术馆;美术馆,成华区,104.101708,30.715494,4
双水小学(东区),edu,科教文化服务;学校;小学,成华区,104.097457,30.715022,1
蓉铁花园幼儿园,edu,科教文化服务;学校;幼儿园,成华区,104.098889,30.715753,1
西南华西肾病医学研究院,edu,科教文化服务;科研机构;科研机构,成华区,104.100372,30.713343,1
成都动物园科普馆,edu,科教文化服务;科技馆;科技馆,成华区,104.100928,30.710912,1
般若教育,edu,科教文化服务;培训机构;培训机构,成华区,104.094261,30.709002,6
成都迪丽斯西点培训学校,edu,科教文化服务;培训机构;培训机构,成华区,104.099604,30.714517,2
丹秋·名师堂学校,edu,科教文化服务;培训机构;培训机构,成华区,104.096489,30.710804,2
成都市北新实验小学,edu,科教文化服务;学校;小学,成华区,104.106553,30.716305,2
青龙西林幼儿园,edu,科教文化服务;学校;幼儿园,成华区,104.106132,30.709474,1
成都十三幼儿园(荆翠分园),edu,科教文化服务;学校;幼儿园,成华区,104.112888,30.717616,1
天地鹰飞艺术中心,edu,科教文化服务;美术馆;美术馆,成华区,104.107713,30.716757,2
成都野生动物研究所,edu,科教文化服务;科研机构;科研机构,成华区,104.106349,30.711556,2
大成驾校,edu,科教文化服务;培训机构;培训机构,成华区,104.10438,30.717846,1
金脑壳教育(东昌路),edu,科教文化服务;培训机构;培训机构,成华区,104.104098,30.716062,1
思维数学双语托管呼吸作文,edu,科教文化服务;科教文化场所;科教文化场所,成华区,104.106167,30.717936,1
蘑菇琴行,edu,科教文化服务;培训机构;培训机构,成华区,104.106934,30.714218,4
国栋教育,edu,科教文化服务;培训机构;培训机构,成华区,104.109068,30.718001,4
风华国乐艺术培训(动物园校区),edu,科教文化服务;培训机构;培训机构,成华区,104.108484,30.714073,1
名艺堂艺术中心,edu,科教文化服务;美术馆;美术馆,成华区,104.119625,30.7102,1
爱尚幼儿园,edu,科教文化服务;学校;幼儿园,成华区,104.11614,30.71748,1
成华区青龙街道新山社区家长学校,edu,科教文化服务;科教文化场所;科教文化场所,成华区,104.129882,30.714228,1
起跑线·名师堂,edu,科教文化服务;培训机构;培训机构,成华区,104.16632,30.717168,1
英朗教育,edu,科教文化服务;培训机构;培训机构,成华区,104.166906,30.718602,1
海蓝天幼儿园(桂林北路),edu,科教文化服务;学校;幼儿园,成华区,104.182704,30.717642,1
成都市峨眉武术学校,edu,科教文化服务;学校;学校,成华区,104.182325,30.71852,2
桂林小学,edu,科教文化服务;学校;小学,成华区,104.177675,30.716846,1
成飞幼儿园,edu,科教文化服务;学校;幼儿园,青羊区,103.965078,30.699716,2
欢欢幼儿园(纬一路),edu,科教文化服务;学校;幼儿园,青羊区,103.969763,30.699886,2
金泉街道社区教育学校,edu,科教文化服务;学校;成人教育,金牛区,103.976585,30.70561,7
成都市金牛区神龙幼儿园,edu,科教文化服务;学校;幼儿园,金牛区,103.979394,30.699434,5
雯雯幼儿园,edu,科教文化服务;学校;幼儿园,金牛区,103.983334,30.700943,1
优悠幼儿园,edu,科教文化服务;学校;幼儿园,金牛区,103.974974,30.70874,1
魏达艺术工作室,edu,科教文化服务;培训机构;培训机构,金牛区,103.976638,30.707649,4
门幼儿园,edu,科教文化服务;学校;幼儿园,金牛区,103.991755,30.707864,2
靖水山庄休闲会议中心,edu,科教文化服务;会展中心;会展中心,金牛区,103.983922,30.702287,1
伯努艺术中心,edu,科教文化服务;美术馆;美术馆,金牛区,103.993136,30.708085,2
四川正路建设工程检测咨询有限公司材料实验室,edu,科教文化服务;科研机构;科研机构|公司企业;公司;公司,金牛区,103.983835,30.70567,1
成都市蜀西实验学校,edu,科教文化服务;学校;中学,金牛区,103.99402,30.709434,1
迎宾路小学校,edu,科教文化服务;学校;小学,金牛区,104.002719,30.708836,1
华菲艺术中心,edu,科教文化服务;培训机构;培训机构,金牛区,103.99599,30.707587,1
趣学习培训学校(羊犀校区),edu,科教文化服务;培训机构;培训机构,金牛区,103.999236,30.705043,1
精英英语(西直门中心店),edu,科教文化服务;培训机构;培训机构,金牛区,104.001795,30.705831,1
成都市青羊区爱心幼儿园,edu,科教文化服务;学校;幼儿园,金牛区,103.997739,30.703621,1
成都凯程圣地文化传播有限公司,edu,科教文化服务;科教文化场所;科教文化场所,金牛区,104.00658,30.706226,1
韵萌艺术,edu,科教文化服务;培训机构;培训机构,金牛区,104.012833,30.701003,3
优米幼儿园,edu,科教文化服务;学校;幼儿园,金牛区,104.00581,30.706857,1
大师教育,edu,科教文化服务;培训机构;培训机构,金牛区,104.00412,30.708752,4
成都市第四幼儿园锦绣分园,edu,科教文化服务;学校;幼儿园,金牛区,104.011142,30.70199,1
成都麒跃培训学校,edu,科教文化服务;培训机构;培训机构,金牛区,104.006087,30.701907,2
成都市京剧研究院,edu,科教文化服务;科研机构;科研机构,金牛区,104.008017,30.703756,1
青羊区新鸣乐技能培训工作室,edu,科教文化服务;科教文化场所;科教文化场所,金牛区,104.012859,30.703732,1
成都市金牛区文化馆,edu,科教文化服务;文化宫;文化宫,金牛区,104.021531,30.703956,7
星拓研发中心,edu,科教文化服务;科教文化场所;科教文化场所,金牛区,104.022361,30.70749,2
成都二十中(茶店子横街),edu,科教文化服务;学校;中学,金牛区,104.020638,30.700207,1
成都市第四幼儿园,edu,科教文化服务;学校;幼儿园,金牛区,104.020318,30.703297,1
友谊小学校,edu,科教文化服务;学校;小学,金牛区,104.016013,30.709186,1
成都城市社区学校,edu,科教文化服务;学校;学校,金牛区,104.020472,30.704579,3
双丰实验幼稚园,edu,科教文化服务;学校;幼儿园,金牛区,104.023506,30.702196,2
武之团培训,edu,科教文化服务;培训机构;培训机构,金牛区,104.018862,30.705719,2
小书童托管教育中心(茶店子横街),edu,科教文化服务;科教文化场所;科教文化场所,金牛区,104.017368,30.701752,1
懋园风景鑫起点教育,edu,科教文化服务;培训机构;培训机构,金牛区,104.014076,30.701166,1
家家乐教育,edu,科教文化服务;培训机构;培训机构,金牛区,104.015058,30.702519,1
爱哆艺术,edu,科教文化服务;培训机构;培训机构,金牛区,104.015336,30.700972,1
成都市危险化学品安全培训中心危化品实作培训基地,edu,科教文化服务;培训机构;培训机构,金牛区,104.020494,30.707675,1
成都七中八一学校,edu,科教文化服务;学校;中学,金牛区,104.024093,30.70666,3
格林幼儿园,edu,科教文化服务;学校;幼儿园,金牛区,104.032432,30.70269,1
含式特教,edu,科教文化服务;培训机构;培训机构,金牛区,104.024981,30.702539,1
法治大讲堂,edu,科教文化服务;培训机构;培训机构,金牛区,104.032851,30.701833,1
布梵画室,edu,科教文化服务;科教文化场所;科教文化场所,金牛区,104.037262,30.702199,5
南瓜英语,edu,科教文化服务;培训机构;培训机构,金牛区,104.041728,30.705768,26
成都翰阳教育,edu,科教文化服务;培训机构;培训机构,金牛区,104.036254,30.700304,4
成都二十中花照学校,edu,科教文化服务;学校;中学,金牛区,104.038802,30.70053,1
行知小学校,edu,科教文化服务;学校;小学,金牛区,104.034211,30.705563,1
成都新世纪大地双语幼稚园,edu,科教文化服务;学校;幼儿园,金牛区,104.03487,30.702903,1
书香原教育,edu,科教文化服务;培训机构;培训机构,金牛区,104.035458,30.706263,3
蓝天书画院(银沙街),edu,科教文化服务;培训机构;培训机构,金牛区,104.041677,30.703259,1
绘画空间,edu,科教文化服务;科教文化场所;科教文化场所,金牛区,104.037612,30.704376,7
成都市民道德讲堂,edu,科教文化服务;科教文化场所;科教文化场所,金牛区,104.03887,30.708813,3
书香苑教育培训,edu,科教文化服务;培训机构;培训机构,金牛区,104.04213,30.707759,2
刘诗昆艺术学校(银河北街),edu,科教文化服务;培训机构;培训机构,金牛区,104.04028,30.702191,2
格调琴艺(交大九期店),edu,科教文化服务;培训机构;培训机构,金牛区,104.035604,30.704675,1
格林快乐钢琴(交大校区),edu,科教文化服务;培训机构;培训机构,金牛区,104.041123,30.700495,1
西南交通大学九里校区通讯所,edu,科教文化服务;学校;高等院校,金牛区,104.048823,30.702301,4
西南交通大学九里校区A座,edu,科教文化服务;学校;高等院校,金牛区,104.048807,30.703799,6
西南交通大学九里校区计划财务处,edu,科教文化服务;学校;高等院校,金牛区,104.051547,30.702777,3
舞星天艺舞蹈,edu,科教文化服务;培训机构;培训机构,金牛区,104.053225,30.699796,131
多多艺术中心,edu,科教文化服务;培训机构;培训机构,金牛区,104.045343,30.699818,14
成都市锦西中学校,edu,科教文化服务;学校;中学,金牛区,104.048902,30.707394,2
九里堤小学校,edu,科教文化服务;学校;小学,金牛区,104.05123,30.708644,2
西南交通大学九里校区子弟小学校,edu,科教文化服务;学校;小学,金牛区,104.047277,30.700388,1
中国建筑艺术研究中心,edu,科教文化服务;科研机构;科研机构,金牛区,104.048834,30.700465,6
西南交通大学九里校区北侧门,edu,科教文化服务;学校;高等院校,金牛区,104.053371,30.705781,1
西南交通大学九里校区学生工作处研究生新闻中心,edu,科教文化服务;学校;高等院校,金牛区,104.051627,30.703855,1
金星幼儿园(交桂一巷),edu,科教文化服务;学校;幼儿园,金牛区,104.044378,30.703897,1
跳跳兔幼儿园,edu,科教文化服务;学校;幼儿园,金牛区,104.04592,30.707639,1
成都美术之星培训班,edu,科教文化服务;培训机构;培训机构,金牛区,104.045827,30.704901,5
成都轨道交通技术研究院,edu,科教文化服务;科研机构;科研机构,金牛区,104.051864,30.70502,2
戴氏英语(九里堤北路),edu,科教文化服务;培训机构;培训机构,金牛区,104.052522,30.707088,3
金牛区托管,edu,科教文化服务;培训机构;培训机构,金牛区,104.043932,30.70611,2
西南交通大学九里校区轨道交通国家实验室,edu,科教文化服务;科研机构;科研机构,金牛区,104.05268,30.704133,1
腾训教育,edu,科教文化服务;培训机构;培训机构,金牛区,104.063464,30.706001,5
原点油画工作室,edu,科教文化服务;培训机构;培训机构,金牛区,104.061452,30.702675,3
五块石小学,edu,科教文化服务;学校;小学,金牛区,104.062814,30.704957,2
成都市佳味添成饮料科技研究所,edu,科教文化服务;科研机构;科研机构,金牛区,104.059396,30.707341,1
成都铭轩文化传播有限公司,edu,科教文化服务;科教文化场所;科教文化场所,金牛区,104.069039,30.704874,1
成都市站东小学,edu,科教文化服务;学校;小学,成华区,104.070344,30.70215,1
BD舞蹈工作室,edu,科教文化服务;培训机构;培训机构,金牛区,104.067942,30.70745,2
残之缘电子阅览室(站西桥东巷),edu,科教文化服务;图书馆;图书馆,金牛区,104.065514,30.700996,1
红林艺术中心,edu,科教文化服务;培训机构;培训机构,金牛区,104.066921,30.705314,1
中国传统医学会五块石风湿病骨质增生研究所,edu,科教文化服务;科研机构;科研机构,金牛区,104.063982,30.700633,1
成都火车头幼儿园,edu,科教文化服务;学校;幼儿园,成华区,104.076284,30.701745,1
甜恬幼儿园,edu,科教文化服务;学校;幼儿园,成华区,104.07477,30.70921,2
泰来幼儿园,edu,科教文化服务;学校;幼儿园,成华区,104.073861,30.70677,1
北站托管中心,edu,科教文化服务;培训机构;培训机构,成华区,104.073852,30.703722,2
北京市华美联盟精神病学医学研究所,edu,科教文化服务;科研机构;科研机构,成华区,104.076107,30.704144,1
大丰会计培训,edu,科教文化服务;培训机构;培训机构,成华区,104.075127,30.704917,3
戴氏教育,edu,科教文化服务;培训机构;培训机构,成华区,104.093471,30.705921,26
贝蕾幼儿园(西林四街),edu,科教文化服务;学校;幼儿园,成华区,104.099888,30.70025,1
威尔教育,edu,科教文化服务;培训机构;培训机构,成华区,104.097271,30.704387,2
张杨童画,edu,科教文化服务;培训机构;培训机构,成华区,104.097381,30.7018,5
锦城艺术,edu,科教文化服务;美术馆;美术馆,成华区,104.094366,30.701154,1
新心爱蒙特托管中心,edu,科教文化服务;科教文化场所;科教文化场所,成华区,104.103244,30.700895,1
红领巾教育,edu,科教文化服务;培训机构;培训机构,成华区,104.097494,30.700316,2
懿途教育,edu,科教文化服务;培训机构;培训机构,成华区,104.095367,30.705582,1
裕佳辅导班,edu,科教文化服务;培训机构;培训机构,成华区,104.099629,30.701346,4
美承画室,edu,科教文化服务;培训机构;培训机构,成华区,104.10093,30.702298,1
青龙小学,edu,科教文化服务;学校;小学,成华区,104.107472,30.703863,2
戴氏教育青龙场总校,edu,科教文化服务;培训机构;培训机构,成华区,104.11201,30.704822,2
西南油气田老年大学,edu,科教文化服务;学校;成人教育,成华区,104.106959,30.705754,3
成都市第二十四幼儿园,edu,科教文化服务;学校;幼儿园,成华区,104.107187,30.702686,1
青龙中心幼儿园(云龙路),edu,科教文化服务;学校;幼儿园,成华区,104.103969,30.703969,1
成都市民艺堂艺术中心,edu,科教文化服务;美术馆;美术馆,成华区,104.113431,30.701906,5
成都市第四十中学校,edu,科教文化服务;科教文化场所;科教文化场所,成华区,104.108487,30.706729,5
博瀚艺术幼儿园,edu,科教文化服务;学校;幼儿园,成华区,104.1109,30.701996,1
五彩石艺术中心,edu,科教文化服务;培训机构;培训机构,成华区,104.106818,30.701811,1
新心艺术培训中心,edu,科教文化服务;培训机构;培训机构,成华区,104.107572,30.700154,2
朝阳教育(云龙南路),edu,科教文化服务;培训机构;培训机构,成华区,104.105767,30.702967,1
成都仁德教育培训学校,edu,科教文化服务;培训机构;培训机构,成华区,104.103497,30.70582,1
海滨小学,edu,科教文化服务;学校;小学,成华区,104.122228,30.706578,2
特种作业培训,edu,科教文化服务;培训机构;培训机构,成华区,104.117606,30.706216,4
成都市实验中学,edu,科教文化服务;学校;中学,成华区,104.119274,30.709105,1
教育科学研究院附属小学,edu,科教文化服务;学校;小学,成华区,104.118122,30.703984,1
新心启蒙幼儿托管中心,edu,科教文化服务;学校;幼儿园,成华区,104.113537,30.700069,1
会顶教育,edu,科教文化服务;培训机构;培训机构,成华区,104.115764,30.703308,2
成都市第十三幼儿园海滨分园,edu,科教文化服务;学校;幼儿园,成华区,104.118778,30.702795,1
海滨小学,edu,科教文化服务;学校;小学,成华区,104.116879,30.708622,1
成都机务段职工教育科,edu,科教文化服务;科教文化场所;科教文化场所,成华区,104.119754,30.700638,1
子罕教育,edu,科教文化服务;培训机构;培训机构,成华区,104.117612,30.70318,1
可瑞恩教育,edu,科教文化服务;培训机构;培训机构,成华区,104.115181,30.708006,1
中国建筑西南勘察研究院基地,edu,科教文化服务;科研机构;科研机构,成华区,104.114984,30.706513,2
四川盛视天和文化传播有限公司,edu,科教文化服务;科教文化场所;科教文化场所,成华区,104.156835,30.70313,1
成都石室中学(北湖校区),edu,科教文化服务;学校;中学,成华区,104.154061,30.702794,1
龙潭小学校,edu,科教文化服务;学校;小学,成华区,104.161142,30.70629,2
方圆文化艺术培训学校,edu,科教文化服务;培训机构;培训机构,成华区,104.167327,30.708812,1
龙锦社区安心文化宫,edu,科教文化服务;文化宫;文化宫,成华区,104.168953,30.700567,1
成才教育,edu,科教文化服务;培训机构;培训机构,成华区,104.166022,30.69949,7
学而之教育,edu,科教文化服务;培训机构;培训机构,成华区,104.167971,30.706275,4
翰森贝迪幼儿园,edu,科教文化服务;学校;幼儿园,成华区,104.171924,30.700415,1
成都弘弘中医药研究院,edu,科教文化服务;科研机构;科研机构,成华区,104.17147,30.708418,2
成都鲍豪斯美发学校,edu,科教文化服务;科教文化场所;科教文化场所,成华区,104.164083,30.705816,1
天欣驾校华泰路分校,edu,科教文化服务;科教文化场所;科教文化场所,成华区,104.164312,30.700366,1
悦音钢琴屋,edu,科教文化服务;培训机构;培训机构,成华区,104.171112,30.703342,1
同仁幼儿园,edu,科教文化服务;学校;幼儿园,成华区,104.178151,30.70919,3
阳阳幼儿园(纬六路),edu,科教文化服务;学校;幼儿园,青羊区,103.969825,30.696692,1
成航幼儿园,edu,科教文化服务;学校;幼儿园,青羊区,103.972486,30.693102,1
德学教育,edu,科教文化服务;科教文化场所;科教文化场所,青羊区,103.966092,30.697734,5
青羊区苗苗幼儿园(清河一支路),edu,科教文化服务;学校;幼儿园,青羊区,103.969348,30.690515,1
成都市赵妈妈幼儿园,edu,科教文化服务;学校;幼儿园,青羊区,103.967591,30.692643,1
文大教育(成飞校区),edu,科教文化服务;培训机构;培训机构,青羊区,103.965793,30.693793,2
乐学屋,edu,科教文化服务;培训机构;培训机构,青羊区,103.97179,30.696388,6
亭亭玉立舞培训中心,edu,科教文化服务;培训机构;培训机构,青羊区,103.97005,30.694581,1
百分百教育(清河一支路),edu,科教文化服务;培训机构;培训机构,青羊区,103.968431,30.691643,1
成都实验小学明道分校,edu,科教文化服务;学校;小学,青羊区,103.967513,30.69015,1
成都市青羊区小燕子幼儿园,edu,科教文化服务;学校;幼儿园,青羊区,103.964573,30.692688,1
成都市树德实验中学(清波校区),edu,科教文化服务;学校;中学,青羊区,103.982029,30.690777,1
青羊区星苗幼儿园,edu,科教文化服务;学校;幼儿园,青羊区,103.975987,30.692816,1
萌萌熊儿童学校,edu,科教文化服务;学校;幼儿园,青羊区,103.983955,30.693461,1
雏鹰幼儿园(蓝光·COCO金沙2期南),edu,科教文化服务;学校;幼儿园,青羊区,103.985226,30.692122,1
成都市泡桐树中学,edu,科教文化服务;学校;中学,青羊区,104.003507,30.695953,1
真慧学教育,edu,科教文化服务;培训机构;培训机构,青羊区,104.004583,30.69403,7
乐由文化,edu,科教文化服务;传媒机构;传媒机构,青羊区,104.004389,30.692037,1
金菠萝幼儿园,edu,科教文化服务;学校;幼儿园,金牛区,104.01374,30.69037,2
弘博书院,edu,科教文化服务;培训机构;培训机构,金牛区,104.010898,30.695082,4
成都市五幼金沙国际园,edu,科教文化服务;学校;幼儿园,金牛区,104.006286,30.691487,2
成都市孔雀门易文化传播有限责任公司,edu,科教文化服务;科教文化场所;科教文化场所,青羊区,104.004662,30.695953,1
成都市茶店子小学校南区,edu,科教文化服务;学校;小学,金牛区,104.01362,30.699052,2
丽豪花园酒店-会议厅,edu,科教文化服务;会展中心;会展中心,金牛区,104.010385,30.697729,1
蜀汉外国语实验小学,edu,科教文化服务;学校;小学,金牛区,104.006583,30.697457,1
成都市城市照明管理处设计室,edu,科教文化服务;科研机构;科研机构,金牛区,104.010772,30.690569,1
格林威斯登酒店-会议厅,edu,科教文化服务;会展中心;会展中心,金牛区,104.012009,30.694567,1
亚得里亚少儿美术(金沙店),edu,科教文化服务;美术馆;美术馆,青羊区,104.007225,30.695726,1
星宇家教中心,edu,科教文化服务;培训机构;培训机构,金牛区,104.008431,30.690146,1
乐谷教育,edu,科教文化服务;培训机构;培训机构,金牛区,104.01653,30.691697,16
联创教育,edu,科教文化服务;培训机构;培训机构,金牛区,104.023251,30.698863,3
名师园(育德路),edu,科教文化服务;培训机构;培训机构,金牛区,104.015263,30.698074,4
红色幼儿园,edu,科教文化服务;学校;幼儿园,金牛区,104.017655,30.697451,1
上堰酒店-会议厅,edu,科教文化服务;会展中心;会展中心,金牛区,104.01453,30.695639,7
石笋街小学,edu,科教文化服务;学校;小学,金牛区,104.022832,30.691378,4
成都市标准化研究院,edu,科教文化服务;科研机构;科研机构,金牛区,104.021061,30.6934,1
启智幼儿园(营康西路),edu,科教文化服务;学校;幼儿园,金牛区,104.022248,30.696114,1
西南电子设备研究所,edu,科教文化服务;科研机构;科研机构,金牛区,104.021317,30.696907,3
四川省院研究室,edu,科教文化服务;科研机构;科研机构,金牛区,104.019563,30.690656,1
音窖音乐,edu,科教文化服务;科教文化场所;科教文化场所,金牛区,104.022053,30.693936,3
天天音画,edu,科教文化服务;培训机构;培训机构,金牛区,104.022599,30.688413,14
成都中医药大学教学医(基地),edu,科教文化服务;科教文化场所;科教文化场所,金牛区,104.014292,30.693757,1
佳诚围棋教室,edu,科教文化服务;培训机构;培训机构,金牛区,104.028946,30.693902,2
四川雅艺教育培训有限公司,edu,科教文化服务;科教文化场所;科教文化场所,金牛区,104.024966,30.697436,2
中国电子科技集团公司第十研究所,edu,科教文化服务;科研机构;科研机构,金牛区,104.026345,30.693204,2
兴乐幼儿园(营康西路),edu,科教文化服务;学校;幼儿园,金牛区,104.027339,30.690489,1
成都耕涛美容美发职业培训学校,edu,科教文化服务;学校;职业技术学校|科教文化服务;培训机构;培训机构,金牛区,104.029344,30.696951,2
托菲诺幼儿园,edu,科教文化服务;学校;幼儿园,金牛区,104.032498,30.690274,1
茶店子街道老年学校,edu,科教文化服务;学校;成人教育,金牛区,104.031588,30.693026,4
十所学术交流中心,edu,科教文化服务;科教文化场所;科教文化场所,金牛区,104.030664,30.696066,1
巨民木艺根雕展示馆,edu,科教文化服务;展览馆;展览馆,金牛区,104.032589,30.694454,1
耘涛美容美发职业培训学校,edu,科教文化服务;培训机构;培训机构,金牛区,104.030279,30.693399,1
四川老年大学,edu,科教文化服务;学校;成人教育,金牛区,104.042602,30.69046,9
成都昌军影视文化传播有限公司,edu,科教文化服务;传媒机构;传媒机构,金牛区,104.035527,30.690346,1
瑞亨建筑培训,edu,科教文化服务;培训机构;培训机构,金牛区,104.03798,30.693169,8
奇魔乐高,edu,科教文化服务;培训机构;培训机构,金牛区,104.042576,30.695647,11
光荣小学校,edu,科教文化服务;学校;小学,金牛区,104.040165,30.693699,7
成都市金牛区图书馆,edu,科教文化服务;图书馆;图书馆,金牛区,104.03715,30.690448,4
魅客学院,edu,科教文化服务;学校;高等院校,金牛区,104.043198,30.699202,6
光亚幼稚园(鼎恒中心南),edu,科教文化服务;学校;幼儿园,金牛区,104.038055,30.69139,1
光荣音乐幼儿园,edu,科教文化服务;学校;幼儿园,金牛区,104.040765,30.698042,1
小天鹅双语幼儿园,edu,科教文化服务;学校;幼儿园,金牛区,104.037024,30.697298,2
翰阳教育,edu,科教文化服务;培训机构;培训机构,金牛区,104.034158,30.692431,9
乐之艺音乐教室,edu,科教文化服务;培训机构;培训机构,金牛区,104.038587,30.697561,1
文林教育,edu,科教文化服务;培训机构;培训机构,金牛区,104.034106,30.694868,2
森之音琴行(交大艺术中心),edu,科教文化服务;培训机构;培训机构,金牛区,104.038358,30.699376,1
四川省精神专科护士培训基地,edu,科教文化服务;培训机构;培训机构,金牛区,104.03641,30.693301,1
川妹子家政抚琴街道再就业培训中心,edu,科教文化服务;培训机构;培训机构,金牛区,104.041484,30.694109,1
锦城文化艺术学校,edu,科教文化服务;培训机构;培训机构,金牛区,104.049228,30.689741,4
成都江南文化艺术学校,edu,科教文化服务;学校;职业技术学校,金牛区,104.04941,30.690855,2
良语堂,edu,科教文化服务;培训机构;培训机构,金牛区,104.044517,30.692957,3
九正传媒,edu,科教文化服务;科教文化场所;科教文化场所,金牛区,104.048102,30.69305,37
成都聚尚映画文化传播有限公司,edu,科教文化服务;科教文化场所;科教文化场所,金牛区,104.043802,30.694207,1
成都范华玖洲文化传播有限公司,edu,科教文化服务;科教文化场所;科教文化场所,金牛区,104.043675,30.696977,1
四川省成都市财贸职业高级中学(光荣北路),edu,科教文化服务;学校;中学,金牛区,104.04654,30.690605,1
精武天下,edu,科教文化服务;培训机构;培训机构,金牛区,104.047597,30.696227,25
西南交通大学九里校区办公楼,edu,科教文化服务;学校;学校,金牛区,104.050424,30.697631,2
成都协泰会计学校,edu,科教文化服务;培训机构;培训机构,金牛区,104.049821,30.696586,4
橄榄树英语幼儿园,edu,科教文化服务;学校;幼儿园,金牛区,104.046069,30.691771,2
沙湾路小学,edu,科教文化服务;学校;小学,金牛区,104.050038,30.688353,13
新华文轩博沃思认知力训练中心,edu,科教文化服务;科教文化场所;科教文化场所,金牛区,104.04792,30.6952,2
金世纪双语幼儿园(圃园路),edu,科教文化服务;学校;幼儿园,金牛区,104.053343,30.695345,1
新思维学院,edu,科教文化服务;培训机构;培训机构,金牛区,104.045962,30.697408,15
七彩画屋,edu,科教文化服务;培训机构;培训机构,金牛区,104.053081,30.693606,1
乐天伦乐声艺术团,edu,科教文化服务;文艺团体;文艺团体,金牛区,104.050574,30.690923,1
天府早报&华西都市报发行站,edu,科教文化服务;传媒机构;报社,金牛区,104.050217,30.694882,1
成都立信会计学校,edu,科教文化服务;学校;成人教育,金牛区,104.061364,30.691074,8
成都市林业勘察规划设计院,edu,科教文化服务;科研机构;科研机构,金牛区,104.054731,30.691001,2
英菲尔幼儿园,edu,科教文化服务;学校;幼儿园,金牛区,104.059123,30.690195,1
金麦吉幼儿园,edu,科教文化服务;学校;幼儿园,金牛区,104.061897,30.698275,1
成都市兴育幼儿园,edu,科教文化服务;学校;幼儿园,金牛区,104.056526,30.698969,1
恩光培训学校,edu,科教文化服务;培训机构;培训机构,金牛区,104.057209,30.697581,2
玉衡国学馆(九里店),edu,科教文化服务;科教文化场所;科教文化场所,金牛区,104.056016,30.696436,1
成都市五幼全兴分园,edu,科教文化服务;学校;幼儿园,金牛区,104.05678,30.695134,1
华西都市报天府早报金牛零售站广告办理点,edu,科教文化服务;科教文化场所;科教文化场所,金牛区,104.056089,30.689608,1
西南铁道报社,edu,科教文化服务;科教文化场所;科教文化场所,金牛区,104.072539,30.696206,5
成铁书画室,edu,科教文化服务;科教文化场所;科教文化场所,金牛区,104.066617,30.692161,7
宝莱坞小主持培训,edu,科教文化服务;培训机构;培训机构,金牛区,104.07134,30.691663,12
晴朗教育,edu,科教文化服务;培训机构;培训机构,金牛区,104.072642,30.6883,28
厨师培训班,edu,科教文化服务;培训机构;培训机构,金牛区,104.071192,30.695792,2
成都五年三班文化传播有限公司,edu,科教文化服务;科教文化场所;科教文化场所,金牛区,104.073332,30.69254,1
学尔森教育(金牛万达分校),edu,科教文化服务;培训机构;培训机构,金牛区,104.072858,30.690664,2
睿研教育,edu,科教文化服务;培训机构;培训机构,金牛区,104.068283,30.692698,6
小天使幼稚园(杨柳巷),edu,科教文化服务;学校;幼儿园,金牛区,104.067969,30.695806,1
西一路小学,edu,科教文化服务;学校;小学,金牛区,104.067345,30.693995,1
成都市第十七幼儿园,edu,科教文化服务;学校;幼儿园,金牛区,104.069054,30.690932,1
幢幼儿园,edu,科教文化服务;学校;幼儿园,金牛区,104.072816,30.693743,1
爱多多国学早教,edu,科教文化服务;学校;幼儿园,金牛区,104.067891,30.691137,1
四川铁道大酒店会议中心,edu,科教文化服务;会展中心;会展中心,金牛区,104.069641,30.693353,1
戴式精品堂学校,edu,科教文化服务;培训机构;培训机构,金牛区,104.063924,30.689755,2
成都市创伤骨科研究所,edu,科教文化服务;科研机构;科研机构,金牛区,104.065143,30.69626,1
永不放弃教育培训机构,edu,科教文化服务;培训机构;培训机构,金牛区,104.068724,30.696676,1
驷马桥小学,edu,科教文化服务;学校;小学,金牛区,104.08278,30.694549,7
荷花池小学,edu,科教文化服务;学校;小学,金牛区,104.076291,30.697424,1
成都市青羊区行政学校,edu,科教文化服务;学校;学校,金牛区,104.079107,30.690341,2
爱心幼儿园(解颐路),edu,科教文化服务;学校;幼儿园,金牛区,104.081734,30.689779,1
成都市第十八幼儿园,edu,科教文化服务;学校;幼儿园,金牛区,104.075405,30.698071,1
爱幼儿园玩具,edu,科教文化服务;学校;幼儿园,金牛区,104.078174,30.695554,1
成都金牛区才艺学校,edu,科教文化服务;学校;小学,金牛区,104.076912,30.699112,2
藏绣宫艺术中心,edu,科教文化服务;美术馆;美术馆,金牛区,104.077717,30.696464,2
成都心桥心理研究中心,edu,科教文化服务;科研机构;科研机构,金牛区,104.081904,30.691403,2
华西疾病预防研究院(二环路北三段),edu,科教文化服务;科研机构;科研机构,金牛区,104.081652,30.696608,1
温莎美术书法,edu,科教文化服务;培训机构;培训机构,金牛区,104.074826,30.696674,1
手拉手,edu,科教文化服务;培训机构;培训机构,金牛区,104.076473,30.693297,1
成都晚报金牛发行驿站,edu,科教文化服务;传媒机构;报社,金牛区,104.078025,30.690353,1
曾燕民歌舞蹈用品专卖店,edu,科教文化服务;培训机构;培训机构,金牛区,104.074473,30.690748,1
贝丽培训,edu,科教文化服务;培训机构;培训机构,金牛区,104.076791,30.690185,1
有幼儿园,edu,科教文化服务;学校;幼儿园,金牛区,104.07385,30.694681,1
春知归,edu,科教文化服务;科教文化场所;科教文化场所,金牛区,104.087107,30.69548,6
府青路八里庄社区文化活动室,edu,科教文化服务;文化宫;文化宫,成华区,104.090268,30.698234,2
驷马桥街道综合文化活动中心,edu,科教文化服务;文化宫;文化宫,金牛区,104.085151,30.691275,4
四川慧金强智文化传媒有限公司,edu,科教文化服务;科教文化场所;科教文化场所,金牛区,104.084952,30.695944,1
华新幼儿园,edu,科教文化服务;学校;幼儿园,金牛区,104.08695,30.692663,2
人北实验小学,edu,科教文化服务;学校;小学,金牛区,104.088314,30.689778,1
成都八中北区,edu,科教文化服务;学校;中学,金牛区,104.08564,30.697783,1
华西甲状腺病研究院,edu,科教文化服务;科研机构;科研机构,金牛区,104.088227,30.693306,1
四川省有色冶金研究院(三友路),edu,科教文化服务;科研机构;科研机构,成华区,104.092295,30.690692,3
诚实幼儿园,edu,科教文化服务;科教文化场所;科教文化场所,成华区,104.09146,30.692344,1
五一二厂幼儿园,edu,科教文化服务;学校;幼儿园,成华区,104.093567,30.691428,1
东墙西施软装艺术画廊,edu,科教文化服务;科教文化场所;科教文化场所,成华区,104.094745,30.697824,1
上水舞蹈工作室,edu,科教文化服务;培训机构;培训机构,成华区,104.102607,30.689936,1
油田化学研究室,edu,科教文化服务;科研机构;科研机构,成华区,104.098785,30.690537,1
佳艺艺术中心,edu,科教文化服务;培训机构;培训机构,成华区,104.109393,30.68984,4
桃蹊社区幼儿园,edu,科教文化服务;学校;幼儿园,成华区,104.105411,30.689856,1
师路教育,edu,科教文化服务;培训机构;培训机构,成华区,104.106698,30.68986,1
地质勘察院,edu,科教文化服务;科教文化场所;科教文化场所,成华区,104.111279,30.692309,1
金运来噢互联网分校,edu,科教文化服务;科教文化场所;科教文化场所,成华区,104.114971,30.690253,2
中铁八局CA砂浆试验室,edu,科教文化服务;科研机构;科研机构,成华区,104.119639,30.696183,1
圣灯红十字博爱学校,edu,科教文化服务;学校;小学,成华区,104.140368,30.696195,2
慧明文化传播有限公司,edu,科教文化服务;科教文化场所;科教文化场所,成华区,104.161477,30.698606,1
成都攀岩者文化传播有限公司,edu,科教文化服务;科教文化场所;科教文化场所,成华区,104.161053,30.695268,1
向龙幼儿园,edu,科教文化服务;学校;幼儿园,成华区,104.154199,30.694693,1
启航中心幼稚园,edu,科教文化服务;学校;幼儿园,成华区,104.161999,30.6959,1
宝马培训学院,edu,科教文化服务;培训机构;培训机构,成华区,104.161004,30.690342,2
长征宝马军训培训基地,edu,科教文化服务;科教文化场所;科教文化场所,成华区,104.162901,30.691304,1
新未来教育(成康路),edu,科教文化服务;培训机构;培训机构,成华区,104.168922,30.698848,3
学而乐教育,edu,科教文化服务;培训机构;培训机构,成华区,104.171042,30.698641,6
中国医学科学院,edu,科教文化服务;学校;高等院校,成华区,104.172724,30.695032,2
建材成都地质工程勘察院,edu,科教文化服务;科研机构;科研机构,成华区,104.170088,30.690332,2
西南通信技术研究中心,edu,科教文化服务;科研机构;科研机构,成华区,104.166058,30.6915,1
核工业西藏地质调查院,edu,科教文化服务;科研机构;科研机构,成华区,104.17061,30.693608,1
年代教育,edu,科教文化服务;培训机构;培训机构,成华区,104.166813,30.695434,1
中国西部房车博览中心,edu,科教文化服务;展览馆;展览馆,成华区,104.183384,30.692286,1
西南财经大学天府学院成都西区,edu,科教文化服务;学校;高等院校,成华区,104.175119,30.692081,1
龙潭水乡-会议中心,edu,科教文化服务;会展中心;会展中心,成华区,104.178733,30.691722,3
成都新艺想画室,edu,科教文化服务;培训机构;培训机构,成华区,104.175495,30.695691,1
成都博奥思企业管理咨询有限公司,edu,科教文化服务;培训机构;培训机构,成华区,104.18083,30.697665,1
七巧板教育,edu,科教文化服务;培训机构;培训机构,青羊区,103.96511,30.681309,1
七彩艺术馆,edu,科教文化服务;美术馆;美术馆,青羊区,103.97442,30.68272,2
玉泉清波幼稚园,edu,科教文化服务;学校;幼儿园,青羊区,103.98221,30.683516,1
琴筝艺术(清波校区),edu,科教文化服务;培训机构;培训机构,青羊区,103.981444,30.682203,1
德智爱学习,edu,科教文化服务;培训机构;培训机构,青羊区,103.983293,30.686491,1
大风车教育,edu,科教文化服务;培训机构;培训机构,青羊区,103.982202,30.680355,2
声乐小主持,edu,科教文化服务;培训机构;培训机构,青羊区,103.986209,30.680804,5
琴筝艺术,edu,科教文化服务;美术馆;美术馆,青羊区,103.98463,30.680943,5
金沙小学(清波分校),edu,科教文化服务;学校;小学,青羊区,103.987554,30.68573,1
清波红苹果幼儿园,edu,科教文化服务;学校;幼儿园,青羊区,103.98813,30.688853,2
成都贝尔童画幼儿园,edu,科教文化服务;学校;幼儿园,青羊区,103.987996,30.683587,1
廖记冒菜(蜀鑫店),edu,科教文化服务;培训机构;培训机构,青羊区,103.989453,30.685263,1
成都星光艺术团(金沙合作校区),edu,科教文化服务;文艺团体;文艺团体,青羊区,103.990597,30.685174,1
成都艺川文艺培训中心,edu,科教文化服务;培训机构;培训机构,青羊区,103.989255,30.682761,1
启恩教育,edu,科教文化服务;培训机构;培训机构,青羊区,103.996308,30.686104,13
四川广告人经济文化传播有限公司,edu,科教文化服务;科教文化场所;科教文化场所,青羊区,104.0007,30.684423,1
成都淇杰体育文化传播有限公司,edu,科教文化服务;科教文化场所;科教文化场所,青羊区,103.9949,30.68257,1
精锐教肓,edu,科教文化服务;科教文化场所;科教文化场所,青羊区,103.999287,30.686796,5
金沙小学,edu,科教文化服务;学校;小学,青羊区,103.99736,30.682342,2
筝悦会,edu,科教文化服务;培训机构;培训机构,青羊区,103.995781,30.680124,7
福禄培尔国际幼儿园,edu,科教文化服务;学校;幼儿园,青羊区,103.998948,30.680516,1
桂花树下,edu,科教文化服务;培训机构;培训机构,青羊区,104.00058,30.687841,3
金鹏双语幼儿园,edu,科教文化服务;学校;幼儿园,青羊区,103.999166,30.681559,1
妙笔书法学堂,edu,科教文化服务;培训机构;培训机构,青羊区,104.002912,30.681296,1
龙新教育(金阳路),edu,科教文化服务;培训机构;培训机构,青羊区,104.001606,30.68298,2
七音教育,edu,科教文化服务;培训机构;培训机构,青羊区,104.00341,30.68233,3
风特英语,edu,科教文化服务;培训机构;培训机构,青羊区,104.000908,30.685688,1
莱斯特钢琴艺术中心,edu,科教文化服务;培训机构;培训机构,青羊区,104.002027,30.679849,1
四川广电,edu,科教文化服务;科教文化场所;科教文化场所,青羊区,104.002428,30.68668,1
美林教育,edu,科教文化服务;培训机构;培训机构,青羊区,104.013431,30.682212,6
成都善照禅净文化交流中心,edu,科教文化服务;科教文化场所;科教文化场所,青羊区,104.006899,30.683796,2
青羊区金沙街道文化活动中心,edu,科教文化服务;文化宫;文化宫,青羊区,104.006135,30.68286,1
金沙遗址博物馆,edu,科教文化服务;博物馆;博物馆,青羊区,104.010305,30.684262,1
金沙遗址博物馆(西南门),edu,通行设施;临街院门;临街院门|科教文化服务;博物馆;博物馆,青羊区,104.009262,30.681855,1
金沙遗址博物馆(东北3门),edu,科教文化服务;博物馆;博物馆|通行设施;临街院门;临街院门,金牛区,104.01314,30.685721,1
美国悦宝园早教中心,edu,科教文化服务;培训机构;培训机构,青羊区,104.005559,30.681614,5
金麦芽,edu,科教文化服务;科教文化场所;科教文化场所,青羊区,104.006769,30.680273,8
金沙遗址博物馆乌木林,edu,科教文化服务;科教文化场所;科教文化场所,青羊区,104.010605,30.682116,1
美亚蒙特梭利幼儿园(金泽路),edu,科教文化服务;学校;幼儿园,青羊区,104.006394,30.685903,1
优优数学B区,edu,科教文化服务;科教文化场所;科教文化场所,青羊区,104.005032,30.683786,2
儿童画室梦的花园,edu,科教文化服务;科教文化场所;科教文化场所,青羊区,104.013564,30.680075,4
舞者·林舞蹈学校,edu,科教文化服务;培训机构;培训机构,青羊区,104.020044,30.682084,8
睿曦英才,edu,科教文化服务;培训机构;培训机构,青羊区,104.022262,30.684648,1
成都二十中(同育街),edu,科教文化服务;学校;中学,金牛区,104.021263,30.686059,1
营门口小学校,edu,科教文化服务;学校;小学,金牛区,104.018588,30.688863,1
府南街道文体活动中心,edu,科教文化服务;科教文化场所;科教文化场所,青羊区,104.018884,30.683727,2
成都市金牛区社区教育学院,edu,科教文化服务;学校;学校,金牛区,104.014622,30.687716,3
金沙幼儿园,edu,科教文化服务;学校;幼儿园,青羊区,104.019683,30.679892,1
绿舟幼儿园,edu,科教文化服务;学校;幼儿园,青羊区,104.015483,30.683482,1
金牛区黄忠街道综合文体活动中心,edu,科教文化服务;文化宫;文化宫,金牛区,104.019364,30.685772,1
龙文教育(同盛路),edu,科教文化服务;培训机构;培训机构,青羊区,104.016558,30.682197,1
帮你学,edu,科教文化服务;培训机构;培训机构,青羊区,104.021386,30.680782,2
知欣教育托管中心,edu,科教文化服务;培训机构;培训机构,青羊区,104.017458,30.681136,1
尚尚教育,edu,科教文化服务;培训机构;培训机构,青羊区,104.015183,30.680837,1
霖青教育,edu,科教文化服务;培训机构;培训机构,青羊区,104.015744,30.679387,3
优学教育(同兴北街),edu,科教文化服务;培训机构;培训机构,金牛区,104.019877,30.688133,2
爱心贝贝幼儿园,edu,科教文化服务;科教文化场所;科教文化场所,青羊区,104.01764,30.685597,2
成都幼儿园玩具,edu,科教文化服务;科教文化场所;科教文化场所,金牛区,104.031423,30.686843,5
成都大成教育培训学校,edu,科教文化服务;培训机构;培训机构,金牛区,104.031377,30.682601,5
山海教育,edu,科教文化服务;培训机构;培训机构,金牛区,104.029759,30.685336,19
成都星秀舞蹈,edu,科教文化服务;培训机构;培训机构,青羊区,104.025726,30.681779,3
圣伽肚皮舞,edu,科教文化服务;培训机构;培训机构,金牛区,104.027233,30.685106,14
成都十八中,edu,科教文化服务;学校;中学,金牛区,104.029789,30.679488,1
奥林小学校,edu,科教文化服务;学校;小学,金牛区,104.030701,30.688661,1
星童幼稚园,edu,科教文化服务;学校;幼儿园,金牛区,104.033284,30.685899,2
成都峨眉山雪芽大酒店餐厅,edu,科教文化服务;会展中心;会展中心,青羊区,104.023922,30.680202,1
成都行知实验幼稚园,edu,科教文化服务;学校;幼儿园,青羊区,104.027872,30.682114,1
成都市金牛区机关第二幼儿园,edu,科教文化服务;学校;幼儿园,金牛区,104.032603,30.68341,1
金太阳幼稚园(清溪东路),edu,科教文化服务;学校;幼儿园,青羊区,104.027768,30.680259,1
启蒙幼儿园(蜀营街),edu,科教文化服务;学校;幼儿园,金牛区,104.02971,30.689456,1
婉艺舞蹈,edu,科教文化服务;培训机构;培训机构,青羊区,104.025609,30.67957,8
美生英语,edu,科教文化服务;培训机构;培训机构,金牛区,104.026591,30.687163,9
成都南山学校,edu,科教文化服务;科教文化场所;科教文化场所,金牛区,104.024416,30.686135,2
乘风驾校,edu,科教文化服务;培训机构;培训机构,金牛区,104.028536,30.687056,2
金翰教育,edu,科教文化服务;培训机构;培训机构,金牛区,104.033871,30.688911,13
托管班,edu,科教文化服务;培训机构;培训机构,金牛区,104.034469,30.678127,53
八达传播,edu,科教文化服务;科教文化场所;科教文化场所,金牛区,104.031992,30.679587,1
学霸堂,edu,科教文化服务;科教文化场所;科教文化场所,金牛区,104.028253,30.689099,1
北京音乐舞蹈学校选材基地,edu,科教文化服务;科教文化场所;科教文化场所,金牛区,104.030061,30.682962,3
诺尔教育,edu,科教文化服务;培训机构;培训机构,金牛区,104.031626,30.6882,2
成都福泽培训中心(西门校区),edu,科教文化服务;培训机构;培训机构,金牛区,104.029926,30.683867,1
女刊编辑部,edu,科教文化服务;传媒机构;传媒机构,金牛区,104.041533,30.68491,44
新思维家长及未成年人学校,edu,科教文化服务;学校;学校,金牛区,104.037038,30.685846,2
金琴路小学,edu,科教文化服务;学校;小学,金牛区,104.036164,30.682007,1
上海交大成都昂立外语学校,edu,科教文化服务;学校;学校,金牛区,104.03962,30.687097,1
电脑商情报,edu,科教文化服务;传媒机构;报社,金牛区,104.038495,30.689287,3
金蕾幼儿园(光荣北路),edu,科教文化服务;学校;幼儿园,金牛区,104.04279,30.688171,1
成都市白蚁防治研究所(一环路西三段),edu,科教文化服务;科研机构;科研机构,金牛区,104.040627,30.681168,1
民进育才幼儿园,edu,科教文化服务;学校;幼儿园,金牛区,104.038449,30.681435,1
消费质量报,edu,科教文化服务;传媒机构;报社,金牛区,104.038621,30.687893,5
Linda肚皮舞家庭舞蹈室,edu,科教文化服务;培训机构;培训机构,金牛区,104.03687,30.684885,1
博瑞传播,edu,科教文化服务;传媒机构;传媒机构,金牛区,104.045364,30.682502,16
成都墨宴文化传播有限公司,edu,科教文化服务;科教文化场所;科教文化场所,金牛区,104.04786,30.687024,2
国学良师堂,edu,科教文化服务;科教文化场所;科教文化场所,金牛区,104.04633,30.685734,7
四川当代美术馆,edu,科教文化服务;美术馆;美术馆,金牛区,104.046345,30.679486,12
成都市特殊教育学校,edu,科教文化服务;学校;学校,金牛区,104.04563,30.687122,2
真善美幼儿园(光荣北路),edu,科教文化服务;学校;幼儿园,金牛区,104.04811,30.689039,1
四川省成都市财贸职业高级中学(南薰巷),edu,科教文化服务;学校;中学,金牛区,104.0468,30.682655,1
英集教育,edu,科教文化服务;培训机构;培训机构,金牛区,104.05284,30.681404,14
丹秋·名师堂学校(花牌坊公寓北),edu,科教文化服务;培训机构;培训机构,金牛区,104.045421,30.684804,1
锦西花园酒店-会议厅,edu,科教文化服务;会展中心;会展中心,金牛区,104.05069,30.682561,1
花蕊幼儿园(马河湾13号院南),edu,科教文化服务;学校;幼儿园,金牛区,104.049083,30.681803,1
光荣英杰幼儿园,edu,科教文化服务;学校;幼儿园,金牛区,104.045924,30.688988,1
明日之星艺体培训,edu,科教文化服务;培训机构;培训机构,金牛区,104.053411,30.683218,3
成都市通锦中学校,edu,科教文化服务;学校;中学,金牛区,104.053524,30.686589,4
爱阳教育学校,edu,科教文化服务;培训机构;培训机构,金牛区,104.05167,30.679481,1
蓝色摇篮钢琴培训,edu,科教文化服务;培训机构;培训机构,金牛区,104.046974,30.688961,1
通锦桥路社区文化活动室,edu,科教文化服务;文化宫;文化宫,青羊区,104.062179,30.68337,1
青羊体校办公室,edu,科教文化服务;学校;学校,金牛区,104.056497,30.683546,20
圣心幼儿园,edu,科教文化服务;学校;幼儿园,金牛区,104.055917,30.681505,2
西体路小学,edu,科教文化服务;学校;小学,金牛区,104.057492,30.68224,1
四川经济日报社,edu,科教文化服务;传媒机构;报社,青羊区,104.055512,30.6798,2
天赋画室,edu,科教文化服务;培训机构;培训机构,金牛区,104.055712,30.682632,5
西南肛肠疾病研究中心,edu,科教文化服务;科研机构;科研机构,金牛区,104.059092,30.688659,4
起跑点学校,edu,科教文化服务;培训机构;培训机构,金牛区,104.063669,30.684836,7
成都京研类风湿研究院,edu,科教文化服务;科研机构;科研机构,金牛区,104.05848,30.683781,3
成都市第十六幼儿园,edu,科教文化服务;学校;幼儿园,金牛区,104.056632,30.68606,1
贝贝幼儿园(一环路北二段),edu,科教文化服务;学校;幼儿园,金牛区,104.061606,30.689045,1
铁道部第二勘测设计院,edu,科教文化服务;科研机构;科研机构,金牛区,104.054701,30.684338,1
西南结石病研究院,edu,科教文化服务;科研机构;科研机构,金牛区,104.057139,30.688536,6
众星国际舞蹈培训,edu,科教文化服务;培训机构;培训机构,金牛区,104.061197,30.687961,2
龙文教育(西北桥校区),edu,科教文化服务;培训机构;培训机构,金牛区,104.055555,30.688248,1
中国中铁二院档案馆,edu,科教文化服务;档案馆;档案馆,金牛区,104.055441,30.685685,3
嘉和传播,edu,科教文化服务;科教文化场所;科教文化场所,金牛区,104.07029,30.682566,8
四川蓝狐文化传播有限公司,edu,科教文化服务;科教文化场所;科教文化场所,金牛区,104.073355,30.683812,1
成都铁中,edu,科教文化服务;学校;中学,金牛区,104.064872,30.687367,1
索菲斯锦苑宾馆-会议厅,edu,科教文化服务;会展中心;会展中心,青羊区,104.068199,30.679394,1
望子成龙学校(立体大厦),edu,科教文化服务;学校;学校,金牛区,104.067635,30.684779,1
比非教育,edu,科教文化服务;培训机构;培训机构,金牛区,104.071523,30.684387,10
甲拉书院,edu,科教文化服务;培训机构;培训机构,金牛区,104.069344,30.684466,2
振动实验室,edu,科教文化服务;科研机构;科研机构,金牛区,104.066933,30.687408,1
国土资源资料馆,edu,科教文化服务;科教文化场所;科教文化场所,金牛区,104.070809,30.686915,5
蜀通岩土工程公司地理信息测绘院,edu,科教文化服务;科研机构;科研机构,金牛区,104.066643,30.68345,2
航天广电,edu,科教文化服务;科教文化场所;科教文化场所,金牛区,104.074419,30.680099,10
张家巷小学,edu,科教文化服务;学校;小学,金牛区,104.079749,30.681033,5
戴氏精品堂(恒德路),edu,科教文化服务;培训机构;培训机构,金牛区,104.083181,30.683242,3
九果教育,edu,科教文化服务;培训机构;培训机构,金牛区,104.081598,30.685463,5
成都鑫禹辰文化传播有限公司,edu,科教文化服务;科教文化场所;科教文化场所,金牛区,104.076059,30.682388,1
成都市第八中学,edu,科教文化服务;学校;中学,金牛区,104.077544,30.68579,5
智能公共广播,edu,科教文化服务;科教文化场所;科教文化场所,金牛区,104.075527,30.68504,7
一刘画室,edu,科教文化服务;培训机构;培训机构,金牛区,104.080607,30.684492,16
钢管杂志社,edu,科教文化服务;传媒机构;杂志社,金牛区,104.076932,30.680571,3
四川省建材行业技术中心,edu,科教文化服务;科教文化场所;科教文化场所,金牛区,104.081775,30.680196,6
克里姆林宫会议中心,edu,科教文化服务;会展中心;会展中心,金牛区,104.080041,30.683308,1
专业话筒,edu,科教文化服务;科教文化场所;科教文化场所,金牛区,104.074263,30.683097,1
绿岛教育,edu,科教文化服务;培训机构;培训机构,金牛区,104.078878,30.683626,1
课外辅导中心,edu,科教文化服务;培训机构;培训机构,金牛区,104.079457,30.687612,1
四川省建科院经适房,edu,科教文化服务;科教文化场所;科教文化场所,金牛区,104.076607,30.688229,1
艺海画室(三友路),edu,科教文化服务;培训机构;培训机构,金牛区,104.086591,30.682889,3
成都言意文化传播有限公司,edu,科教文化服务;科教文化场所;科教文化场所,成华区,104.089693,30.681368,2
金色雨林,edu,科教文化服务;培训机构;培训机构,成华区,104.092187,30.681605,7
美声琴行,edu,科教文化服务;培训机构;培训机构,成华区,104.091171,30.686864,8
成都大学附属中学,edu,科教文化服务;学校;中学,成华区,104.088794,30.685635,4
马鞍小学,edu,科教文化服务;学校;小学,金牛区,104.088378,30.679871,2
中房第一幼儿园,edu,科教文化服务;学校;幼儿园,金牛区,104.086605,30.687238,3
成都市驷马桥幼儿园,edu,科教文化服务;学校;幼儿园,金牛区,104.083534,30.686659,1
启智蓝光幼儿园,edu,科教文化服务;学校;幼儿园,金牛区,104.084024,30.687723,1
知学堂,edu,科教文化服务;培训机构;培训机构,金牛区,104.084013,30.683974,2
西南油气分公司勘察开发研究院,edu,科教文化服务;科研机构;科研机构,金牛区,104.08677,30.68152,2
成都市勘查院,edu,科教文化服务;科教文化场所;科教文化场所,成华区,104.089854,30.685843,1
依贝儿幼儿园,edu,科教文化服务;学校;幼儿园,金牛区,104.08594,30.679571,1
甘露幼儿园,edu,科教文化服务;学校;幼儿园,金牛区,104.084033,30.68929,1
老孙师画室,edu,科教文化服务;培训机构;培训机构,金牛区,104.084958,30.680581,5
新方舟学校,edu,科教文化服务;培训机构;培训机构,金牛区,104.089213,30.686912,3
艺海星少儿培训中心,edu,科教文化服务;培训机构;培训机构,成华区,104.0918,30.68027,5
快乐小提琴,edu,科教文化服务;培训机构;培训机构,金牛区,104.088348,30.687552,1
小书童教育(李家沱学习中心),edu,科教文化服务;培训机构;培训机构,成华区,104.091254,30.68419,1
爱阳教育,edu,科教文化服务;培训机构;培训机构,成华区,104.101535,30.683616,11
成华区档案馆,edu,科教文化服务;档案馆;档案馆,成华区,104.095236,30.682085,1
品智教育,edu,科教文化服务;培训机构;培训机构,成华区,104.098568,30.684565,21
电子科技大学实验幼儿园,edu,科教文化服务;学校;幼儿园,成华区,104.099409,30.681254,1
格林春天浅水半岛幼儿园,edu,科教文化服务;学校;幼儿园,成华区,104.103448,30.686787,1
圣灯中心小学校,edu,科教文化服务;学校;小学,成华区,104.094434,30.680935,3
电子科技大学附属实验小学蓝水湾校区,edu,科教文化服务;学校;小学,成华区,104.098213,30.68688,1
蓝艺舞蹈,edu,科教文化服务;培训机构;培训机构,成华区,104.103491,30.689093,3
123钢琴中心,edu,科教文化服务;培训机构;培训机构,成华区,104.103012,30.687619,1
幼幼堂小主持人表演培训班,edu,科教文化服务;培训机构;培训机构,成华区,104.103408,30.684675,1
柠檬文化传播,edu,科教文化服务;传媒机构;传媒机构,成华区,104.108675,30.687478,1
扬帆学校,edu,科教文化服务;培训机构;培训机构,成华区,104.10984,30.685244,9
海潮音书画,edu,科教文化服务;美术馆;美术馆,成华区,104.111207,30.683227,13
金起点智能幼儿园,edu,科教文化服务;学校;幼儿园,成华区,104.109612,30.680883,2
成华实验小学,edu,科教文化服务;学校;小学,成华区,104.107424,30.680827,2
成华区海德玛幼儿园,edu,科教文化服务;学校;幼儿园,成华区,104.109928,30.688983,1
读者报品质生活馆(成华区店),edu,科教文化服务;传媒机构;报社,成华区,104.11112,30.679558,1
四川博瑞佳,edu,科教文化服务;培训机构;培训机构,成华区,104.104968,30.683587,3
大千教育(怡福路),edu,科教文化服务;培训机构;培训机构,成华区,104.105113,30.688819,2
教师苑培训,edu,科教文化服务;培训机构;培训机构,成华区,104.107556,30.688702,2
贝格幼稚园,edu,科教文化服务;学校;幼儿园,成华区,104.112766,30.687932,2
九方美术教育,edu,科教文化服务;培训机构;培训机构,成华区,104.103758,30.682293,2
八里小区音乐教室,edu,科教文化服务;培训机构;培训机构,成华区,104.11233,30.685068,1
五加三教育,edu,科教文化服务;培训机构;培训机构,成华区,104.104642,30.680608,2
天韵琴行八里小区音乐教室,edu,科教文化服务;培训机构;培训机构,成华区,104.10769,30.68511,1
牛津国际公学成都学校,edu,科教文化服务;培训机构;培训机构,成华区,104.108386,30.683889,1
易森文化艺术教育中心,edu,科教文化服务;培训机构;培训机构,成华区,104.113824,30.679538,1
学而知文化艺术培训学校,edu,科教文化服务;培训机构;培训机构,成华区,104.116703,30.680754,1
工艺研究所,edu,科教文化服务;科研机构;科研机构,成华区,104.115227,30.680464,5
成都树德成华中学,edu,科教文化服务;学校;中学,成华区,104.121157,30.680326,2
戴氏教育(八里校区),edu,科教文化服务;培训机构;培训机构,成华区,104.119026,30.681818,2
贝多彩第二幼儿园,edu,科教文化服务;学校;幼儿园,成华区,104.120243,30.683718,2
八里庄小学校,edu,科教文化服务;学校;小学,成华区,104.115422,30.687763,1
圣灯村小学,edu,科教文化服务;学校;小学,成华区,104.117851,30.679554,1
石油社区幼儿园,edu,科教文化服务;学校;幼儿园,成华区,104.117158,30.686971,3
英姿武术培训中心,edu,科教文化服务;培训机构;培训机构,成华区,104.117432,30.683205,2
色尔咖啡培训体验馆,edu,科教文化服务;培训机构;培训机构,成华区,104.121271,30.682884,2
成都实验中学东校区,edu,科教文化服务;科教文化场所;科教文化场所,成华区,104.129318,30.684467,2
金苗公益性幼儿园(二仙桥北二路),edu,科教文化服务;学校;幼儿园,成华区,104.13223,30.681788,1
好吃得一哔bi,edu,科教文化服务;学校;高等院校,成华区,104.140146,30.684329,5
成都市二仙桥学校,edu,科教文化服务;学校;中学,成华区,104.135056,30.681528,5
成都贝多乐,edu,科教文化服务;学校;幼儿园,成华区,104.141416,30.685128,2
金苗儿童教育,edu,科教文化服务;培训机构;培训机构,成华区,104.134751,30.685589,2
第七弦器乐艺术中心,edu,科教文化服务;培训机构;培训机构,成华区,104.13873,30.683826,1
二仙桥街道社区教育学校,edu,科教文化服务;学校;学校,成华区,104.134128,30.683786,2
尚·私塾,edu,科教文化服务;培训机构;培训机构,成华区,104.136713,30.684554,4
尚豪艺术培训中心,edu,科教文化服务;培训机构;培训机构,成华区,104.138078,30.680768,1
成都理工大学电视台,edu,科教文化服务;传媒机构;电视台,成华区,104.146136,30.680066,7
成都理工大学,edu,科教文化服务;学校;高等院校,成华区,104.144218,30.679559,13
第一教学楼(东区),edu,科教文化服务;学校;学校,成华区,104.148799,30.680354,7
四川博惟文化传播有限公司,edu,科教文化服务;科教文化场所;科教文化场所,成华区,104.162858,30.683994,2
东风康明斯发动机有限公司-同创联合培训中心,edu,科教文化服务;培训机构;培训机构,成华区,104.162999,30.683001,1
翱翔艺术学校,edu,科教文化服务;学校;职业技术学校,成华区,104.178922,30.688428,2
成都新锐培训学校总校,edu,科教文化服务;科教文化场所;科教文化场所,成华区,104.180224,30.689317,1
成都树德中学光华校区,edu,科教文化服务;学校;中学,青羊区,103.965157,30.66992,1
今天艺术中心,edu,科教文化服务;美术馆;美术馆,青羊区,103.970596,30.672182,2
同辉(国际)学校,edu,科教文化服务;学校;学校,青羊区,103.970486,30.675178,1
麦田舞馆,edu,科教文化服务;科教文化场所;科教文化场所,青羊区,103.964793,30.675735,1
成都市第五幼儿园培风分园,edu,科教文化服务;学校;幼儿园,青羊区,103.966598,30.674861,1
青竹学园,edu,科教文化服务;培训机构;培训机构,青羊区,103.966855,30.675976,2
爱慧专业培训中心,edu,科教文化服务;培训机构;培训机构,青羊区,103.973501,30.673237,1
成都市百分百教育,edu,科教文化服务;培训机构;培训机构,青羊区,103.969231,30.67381,3
启尔音乐教室,edu,科教文化服务;培训机构;培训机构,青羊区,103.965599,30.67736,1
睿霖教育,edu,科教文化服务;培训机构;培训机构,青羊区,103.97191,30.67195,2
木之音艺术培训中心,edu,科教文化服务;培训机构;培训机构,青羊区,103.966982,30.673698,1
东坡小学,edu,科教文化服务;学校;小学,青羊区,103.980907,30.675563,5
未来幼儿园(苏坡中路),edu,科教文化服务;学校;幼儿园,青羊区,103.983008,30.675665,1
成都市第三十七中学,edu,科教文化服务;学校;中学,青羊区,103.978751,30.670027,1
爱萌亲子园,edu,科教文化服务;学校;幼儿园,青羊区,103.981575,30.670507,3
剑桥幼稚园,edu,科教文化服务;学校;幼儿园,青羊区,103.983066,30.677815,1
蒙养幼儿园,edu,科教文化服务;学校;幼儿园,青羊区,103.976538,30.674966,2
点滴智慧相伴成长,edu,科教文化服务;科教文化场所;科教文化场所,青羊区,103.980375,30.673811,1
雅乐艺术培训中心,edu,科教文化服务;培训机构;培训机构,青羊区,103.976023,30.673057,1
六和教育,edu,科教文化服务;培训机构;培训机构,青羊区,103.977194,30.671018,4
泡桐树小学(境界校区),edu,科教文化服务;学校;小学,青羊区,103.987124,30.671427,1
智慧树幼稚园(东顺路),edu,科教文化服务;学校;幼儿园,青羊区,103.990265,30.675182,1
星彩艺术中心,edu,科教文化服务;美术馆;美术馆,青羊区,103.990536,30.672303,2
新发现教育,edu,科教文化服务;培训机构;培训机构,青羊区,103.992479,30.674812,3
成都幼师境界幼儿园,edu,科教文化服务;学校;幼儿园,青羊区,103.98835,30.671359,1
爱育幼童,edu,科教文化服务;学校;幼儿园,青羊区,103.985219,30.677625,1
美迪英语(春晓路),edu,科教文化服务;培训机构;培训机构,青羊区,103.991747,30.67001,3
双新路社区党校,edu,科教文化服务;学校;学校,青羊区,103.987823,30.672986,2
四川海律艺术中心,edu,科教文化服务;培训机构;培训机构,青羊区,103.989388,30.673476,1
三品书画院,edu,科教文化服务;培训机构;培训机构,青羊区,103.993749,30.673236,2
启心教育,edu,科教文化服务;培训机构;培训机构,青羊区,103.984294,30.674603,1
奥数托管,edu,科教文化服务;培训机构;培训机构,青羊区,103.991409,30.671148,1
巨蟹文化传媒公司,edu,科教文化服务;科教文化场所;科教文化场所,青羊区,103.99623,30.676875,6
格林贝贝儿童成长中心,edu,科教文化服务;学校;幼儿园|科教文化服务;培训机构;培训机构,青羊区,104.000925,30.67659,4
金隆酒店-会议厅,edu,科教文化服务;会展中心;会展中心,青羊区,103.997534,30.678337,4
星艺堂艺术培训中心,edu,科教文化服务;培训机构;培训机构,青羊区,103.999832,30.677955,3
墨云轩书画,edu,科教文化服务;培训机构;培训机构,青羊区,103.995004,30.671149,5
成都科技会堂,edu,科教文化服务;科教文化场所;科教文化场所,青羊区,104.00196,30.670195,3
西村展演中心,edu,科教文化服务;展览馆;展览馆,青羊区,104.001336,30.673956,7
西村藏传石刻艺术馆,edu,科教文化服务;展览馆;展览馆,青羊区,103.999357,30.672558,1
新世纪幼儿园(贝双街),edu,科教文化服务;学校;幼儿园,青羊区,104.000019,30.670426,1
金沙红书画培训中心,edu,科教文化服务;培训机构;培训机构,青羊区,103.997526,30.670194,1
戴氏教育(金沙总校),edu,科教文化服务;培训机构;培训机构,青羊区,104.003071,30.675142,1
二十一世纪幼儿园,edu,科教文化服务;学校;幼儿园,青羊区,103.99758,30.673144,2
多功能会议厅,edu,科教文化服务;会展中心;会展中心,青羊区,104.006865,30.673153,20
七巧板教育,edu,科教文化服务;学校;幼儿园,青羊区,104.006039,30.678493,11
风淘沙文化传媒,edu,科教文化服务;传媒机构;传媒机构,青羊区,104.008865,30.676192,1
西财教育培训,edu,科教文化服务;培训机构;培训机构,青羊区,104.011542,30.670205,2
西南财经大学幼儿园,edu,科教文化服务;学校;幼儿园,青羊区,104.009494,30.671523,1
四川师范大学实验外国语学校,edu,科教文化服务;学校;高等院校,青羊区,104.011608,30.678968,3
新东方(金沙校区),edu,科教文化服务;培训机构;培训机构,青羊区,104.007149,30.676074,6
西南财经大学体育教学研究部,edu,科教文化服务;学校;高等院校,青羊区,104.013462,30.672863,1
成都憧星艺术中心,edu,科教文化服务;培训机构;培训机构,青羊区,104.012842,30.674182,3
成都国学馆(金沙分馆),edu,科教文化服务;科教文化场所;科教文化场所,青羊区,104.009073,30.679452,1
奕圃围棋2教室,edu,科教文化服务;培训机构;培训机构,青羊区,104.014104,30.669306,11
成都多来米艺术乐器培训中心西门校区,edu,科教文化服务;科教文化场所;科教文化场所,青羊区,104.011213,30.674867,1
西南财经大学金融研究院,edu,科教文化服务;科研机构;科研机构,青羊区,104.009014,30.672645,1
青羊文化宫,edu,科教文化服务;文化宫;文化宫,青羊区,104.006605,30.671034,1
星娱文化,edu,科教文化服务;传媒机构;传媒机构,青羊区,104.021595,30.673482,9
六要素(成都财大分店),edu,科教文化服务;培训机构;培训机构,青羊区,104.018223,30.670744,4
虹宇艺术团,edu,科教文化服务;文艺团体;文艺团体,青羊区,104.018466,30.67612,1
金运驾校报名处(双顺路店),edu,科教文化服务;培训机构;培训机构,青羊区,104.015358,30.675361,1
成都市职工大学,edu,科教文化服务;学校;成人教育,青羊区,104.018436,30.674559,10
金沙世纪酒店-会议厅,edu,科教文化服务;会展中心;会展中心,青羊区,104.019743,30.671265,1
西南财经大学光华楼会议厅,edu,科教文化服务;会展中心;会展中心,青羊区,104.01436,30.671195,5
四川烹饪高等专科学校,edu,科教文化服务;学校;职业技术学校,青羊区,104.021821,30.671974,1
中国白酒金三角发展研究院,edu,科教文化服务;科研机构;科研机构,青羊区,104.015396,30.672418,5
金沙幼稚园(双顺南路),edu,科教文化服务;学校;幼儿园,青羊区,104.016114,30.674551,1
成都市新迪艺校,edu,科教文化服务;培训机构;培训机构,青羊区,104.0149,30.677053,2
本杰明西城幼稚园,edu,科教文化服务;学校;幼儿园,青羊区,104.021849,30.677187,1
成都华西风湿病医学研究院,edu,科教文化服务;科研机构;科研机构,青羊区,104.019526,30.677296,3
路正驾照,edu,科教文化服务;科教文化场所;科教文化场所,青羊区,104.017096,30.677228,2
朗艺舞蹈培训,edu,科教文化服务;培训机构;培训机构,青羊区,104.026311,30.677254,6
合欣教室,edu,科教文化服务;科教文化场所;科教文化场所,青羊区,104.029187,30.670846,36
成都大地艺术学校,edu,科教文化服务;学校;职业技术学校,金牛区,104.031591,30.675152,7
戴氏中考,edu,科教文化服务;科教文化场所;科教文化场所,青羊区,104.024379,30.67862,4
诚风计算机学校,edu,科教文化服务;培训机构;培训机构,青羊区,104.023825,30.671665,14
浣花小学,edu,科教文化服务;学校;小学,青羊区,104.025801,30.673018,3
雅途英语,edu,科教文化服务;培训机构;培训机构,青羊区,104.032404,30.670872,16
成都市青羊区浣花幼稚园,edu,科教文化服务;学校;幼儿园,青羊区,104.032605,30.669779,1
陈语舞蹈工作室,edu,科教文化服务;培训机构;培训机构,青羊区,104.0269,30.671876,6
流淌时光中,edu,科教文化服务;科教文化场所;科教文化场所,青羊区,104.028155,30.677405,2
状元堂托管中心,edu,科教文化服务;科教文化场所;科教文化场所,青羊区,104.027837,30.673649,2
新美院方新画室,edu,科教文化服务;培训机构;培训机构,金牛区,104.032663,30.676984,2
艺潇美术,edu,科教文化服务;培训机构;培训机构,金牛区,104.02941,30.677692,2
奇聚联创双创孵化园,edu,科教文化服务;培训机构;培训机构,金牛区,104.033415,30.678565,1
餐饮培训,edu,科教文化服务;培训机构;培训机构,金牛区,104.041955,30.670683,21
云泉琹馆,edu,科教文化服务;培训机构;培训机构,金牛区,104.038537,30.675054,28
成都红日学校,edu,科教文化服务;学校;学校,金牛区,104.037113,30.671449,60
金苗龙美术培训画廊,edu,科教文化服务;培训机构;培训机构,金牛区,104.043536,30.67394,2
四通培训,edu,科教文化服务;培训机构;培训机构,金牛区,104.042939,30.676261,14
成都十八中,edu,科教文化服务;学校;中学,金牛区,104.041598,30.678132,1
微软认证培训中心,edu,科教文化服务;培训机构;培训机构,金牛区,104.039847,30.678477,9
西文专业录音棚,edu,科教文化服务;传媒机构;传媒机构,金牛区,104.041019,30.676504,10
学而思培优(清江东路),edu,科教文化服务;培训机构;培训机构,青羊区,104.034616,30.670313,1
中通小南街分部青羊北路分点,edu,科教文化服务;科教文化场所;科教文化场所,金牛区,104.038649,30.673571,2
成都市话剧团,edu,科教文化服务;文艺团体;文艺团体,金牛区,104.03735,30.678049,1
心艺舞蹈,edu,科教文化服务;培训机构;培训机构,金牛区,104.046042,30.669809,32
成都灵犀一点通教育,edu,科教文化服务;培训机构;培训机构,青羊区,104.049777,30.675656,2
成都东霖文化传播有限公司,edu,公司企业;公司;广告装饰|科教文化服务;科教文化场所;科教文化场所,青羊区,104.052264,30.676931,1
文正学校,edu,科教文化服务;培训机构;培训机构,金牛区,104.046708,30.67624,30
成都金蜂鸟文化传媒有限公司,edu,科教文化服务;传媒机构;传媒机构,青羊区,104.052263,30.675456,1
成都守矢文化传播有限公司,edu,科教文化服务;科教文化场所;科教文化场所,青羊区,104.0525,30.669605,1
晚霞报社,edu,科教文化服务;传媒机构;报社,青羊区,104.050054,30.677166,8
成都永陵博物馆,edu,科教文化服务;博物馆;博物馆,金牛区,104.04471,30.676823,1
巴蜀书社,edu,科教文化服务;传媒机构;出版社,青羊区,104.052159,30.671895,28
托管,edu,科教文化服务;培训机构;培训机构,金牛区,104.045555,30.672526,14
鼎艺舞校,edu,科教文化服务;培训机构;培训机构,青羊区,104.05534,30.675849,56
成都市城市建设科学研究院,edu,科教文化服务;科研机构;科研机构,青羊区,104.049267,30.674226,1
成都水文地质工程地质队,edu,科教文化服务;科研机构;科研机构,金牛区,104.043916,30.671986,4
四川省中医药科学院中医研究所,edu,科教文化服务;科研机构;科研机构,青羊区,104.051474,30.673967,2
四川交通大学市内招生办公室网络教育学院犀浦校区,edu,科教文化服务;学校;成人教育,青羊区,104.050368,30.671025,1
出彩教育,edu,科教文化服务;培训机构;培训机构,金牛区,104.049135,30.679094,13
工程素质训练中心,edu,科教文化服务;科教文化场所;科教文化场所,金牛区,104.043993,30.678605,2
利友教育,edu,科教文化服务;培训机构;培训机构,金牛区,104.047959,30.67389,1
成都铁路文化传媒总公司,edu,科教文化服务;科教文化场所;科教文化场所,青羊区,104.061789,30.674883,1
郎阁英语,edu,科教文化服务;科教文化场所;科教文化场所,青羊区,104.059976,30.672928,55
狄邦教育,edu,科教文化服务;培训机构;培训机构,青羊区,104.055815,30.670934,8
大业舞蹈工作室,edu,科教文化服务;培训机构;培训机构,青羊区,104.05873,30.677568,2
海蓝创想,edu,科教文化服务;传媒机构;传媒机构,青羊区,104.057944,30.670482,10
成都大学中职部,edu,科教文化服务;学校;职业技术学校,青羊区,104.059621,30.670165,3
成都树德中学,edu,科教文化服务;学校;中学,青羊区,104.054032,30.677972,1
新华宾馆会议中心,edu,科教文化服务;会展中心;会展中心,青羊区,104.063425,30.676516,1
华铁传媒,edu,科教文化服务;科教文化场所;科教文化场所,青羊区,104.063255,30.670836,6
牧童教育,edu,科教文化服务;科教文化场所;科教文化场所,青羊区,104.054029,30.669486,19
成都市肿瘤研究所,edu,科教文化服务;科研机构;科研机构,青羊区,104.06029,30.671811,9
成都前进歌舞团,edu,科教文化服务;文艺团体;文艺团体,青羊区,104.0622,30.676748,3
红光小学,edu,科教文化服务;学校;小学,青羊区,104.063418,30.675281,3
西平中心小学校,edu,科教文化服务;学校;小学,青羊区,104.058371,30.676012,6
狄邦教育,edu,科教文化服务;培训机构;培训机构,青羊区,104.056405,30.676879,1
战旗报社,edu,科教文化服务;传媒机构;报社,青羊区,104.060394,30.677587,1
空林琴馆,edu,科教文化服务;科教文化场所;科教文化场所,青羊区,104.070471,30.6765,20
成都恒博教育,edu,科教文化服务;培训机构;培训机构,青羊区,104.068741,30.67131,3
成都和佳文化传播公司,edu,科教文化服务;科教文化场所;科教文化场所,青羊区,104.068723,30.669689,1
多功能的会议厅,edu,科教文化服务;会展中心;会展中心,青羊区,104.073346,30.671474,7
艺峰教育,edu,科教文化服务;培训机构;培训机构,青羊区,104.07005,30.67233,6
新天地学校,edu,科教文化服务;科教文化场所;科教文化场所,青羊区,104.06591,30.676175,7
四川检察官学院,edu,科教文化服务;学校;高等院校,青羊区,104.065345,30.673087,1
三叶画廊,edu,科教文化服务;科教文化场所;科教文化场所,青羊区,104.064884,30.668209,15
西南肝病研究院,edu,科教文化服务;科研机构;科研机构,青羊区,104.066221,30.674386,3
成都仁德讲堂,edu,科教文化服务;培训机构;培训机构,青羊区,104.071151,30.678222,2
四川省易学研究会,edu,科教文化服务;科研机构;科研机构,青羊区,104.069375,30.674857,1
蒙氏风湿病研究所,edu,科教文化服务;科研机构;科研机构,青羊区,104.064016,30.672145,3
瑞丽潮妆学院,edu,科教文化服务;培训机构;培训机构,青羊区,104.070936,30.670144,4
仁爱腰椎病研究院,edu,科教文化服务;科研机构;科研机构,青羊区,104.071048,30.674168,2
新思维,edu,科教文化服务;科教文化场所;科教文化场所,青羊区,104.078567,30.668673,88
中国建筑材料工业地质勘查中心四川总队,edu,科教文化服务;科研机构;科研机构,青羊区,104.071683,30.671822,1
成都路凡教育,edu,科教文化服务;培训机构;培训机构,青羊区,104.06713,30.67755,4
成都市民用建筑统一建设办公室接待会议中心,edu,科教文化服务;会展中心;会展中心,青羊区,104.067428,30.669936,2
双眼井社区图书室,edu,科教文化服务;图书馆;图书馆,青羊区,104.073811,30.67423,11
说客英语(文武路分校),edu,科教文化服务;培训机构;培训机构,青羊区,104.068587,30.67308,1
交通银行成都分行培训中心,edu,科教文化服务;培训机构;培训机构,青羊区,104.065819,30.670081,1
华茂堂画室,edu,科教文化服务;培训机构;培训机构,青羊区,104.068521,30.676113,1
成都大陆建筑设计,edu,科教文化服务;科研机构;科研机构,金牛区,104.081948,30.676378,9
育儿周刊,edu,科教文化服务;传媒机构;杂志社,青羊区,104.082975,30.671693,14
鹏展教育,edu,科教文化服务;培训机构;培训机构,青羊区,104.074694,30.67709,17
四川新思语文化传播广告有限公司,edu,科教文化服务;传媒机构;传媒机构,青羊区,104.082606,30.674569,1
秀域培训部,edu,科教文化服务;培训机构;培训机构,青羊区,104.07818,30.671618,9
西南户外传媒,edu,科教文化服务;传媒机构;传媒机构,青羊区,104.080197,30.674322,9
市政设计院十院,edu,科教文化服务;科教文化场所;科教文化场所,金牛区,104.078894,30.677595,9
双眼井小学,edu,科教文化服务;学校;小学,青羊区,104.076932,30.673431,4
四川省建筑设计院,edu,科教文化服务;科研机构;科研机构,青羊区,104.077427,30.67627,3
四川省直属机关东通顺幼儿园,edu,科教文化服务;学校;幼儿园,青羊区,104.08013,30.670828,1
成都华数,edu,科教文化服务;培训机构;培训机构,青羊区,104.075904,30.671913,7
成都协康肝病研究所,edu,科教文化服务;科研机构;科研机构,青羊区,104.07578,30.673796,2
美容教室,edu,科教文化服务;科教文化场所;科教文化场所,青羊区,104.07895,30.673431,2
成华区文化馆,edu,科教文化服务;文化宫;文化宫,成华区,104.08947,30.672856,8
梵音倾城文化传播有限公司,edu,科教文化服务;科教文化场所;科教文化场所,金牛区,104.086852,30.673308,2
成都市书院街道德讲堂,edu,科教文化服务;科教文化场所;科教文化场所,锦江区,104.0898,30.669594,5
成都市博涵文化传播有限公司,edu,科教文化服务;科教文化场所;科教文化场所,金牛区,104.083546,30.676232,1
极典艺术,edu,科教文化服务;美术馆;美术馆,锦江区,104.085867,30.669095,31
成都广播电视大学,edu,科教文化服务;学校;成人教育,成华区,104.093362,30.674328,26
四川省城乡规划设计研究院,edu,科教文化服务;科研机构;科研机构,金牛区,104.088102,30.678526,2
成都阳光酒店-会议厅,edu,科教文化服务;会展中心;会展中心,金牛区,104.085022,30.674415,1
成都成妆培训学校,edu,科教文化服务;培训机构;培训机构,成华区,104.088288,30.672487,5
石油局机关小学,edu,科教文化服务;学校;小学,成华区,104.091311,30.677309,1
千里马大地幼儿园,edu,科教文化服务;学校;幼儿园,成华区,104.092444,30.675828,1
启智阳光幼儿园,edu,科教文化服务;学校;幼儿园,金牛区,104.090025,30.678819,1
中国石油天然气价格研究中心,edu,科教文化服务;科研机构;科研机构,成华区,104.092733,30.678567,4
口腔专业护士临床实践培训基地,edu,科教文化服务;培训机构;培训机构,锦江区,104.086764,30.671331,1
四川石油新闻中心,edu,科教文化服务;科教文化场所;科教文化场所,成华区,104.089731,30.674754,1
镜尚传媒,edu,科教文化服务;传媒机构;传媒机构,成华区,104.102193,30.671691,52
电子科技大学,edu,科教文化服务;学校;高等院校,成华区,104.097754,30.67731,78
海德教育,edu,科教文化服务;培训机构;培训机构,成华区,104.098476,30.670919,13
电子科技大学沙河校区,edu,科教文化服务;学校;高等院校,成华区,104.098302,30.67866,7
子弟校,edu,科教文化服务;科教文化场所;科教文化场所,成华区,104.095731,30.67364,8
成都市公益性幼儿园,edu,科教文化服务;学校;幼儿园,成华区,104.09453,30.672846,1
金世纪东区幼儿园,edu,科教文化服务;学校;幼儿园,成华区,104.101189,30.674554,1
AI舞室(东区),edu,科教文化服务;科教文化场所;科教文化场所,成华区,104.110497,30.669908,11
华盟传媒,edu,科教文化服务;科教文化场所;科教文化场所,成华区,104.107833,30.673687,15
云界教育,edu,科教文化服务;培训机构;培训机构,成华区,104.106874,30.676821,20
艺非舞蹈,edu,科教文化服务;培训机构;培训机构,成华区,104.104582,30.67916,8
宝宝贝贝儿童教育,edu,科教文化服务;培训机构;培训机构,成华区,104.108194,30.671907,4
云门艺术学校,edu,科教文化服务;学校;职业技术学校,成华区,104.110716,30.67379,7
沐影国际时尚舞蹈俱乐部,edu,科教文化服务;培训机构;培训机构,成华区,104.110866,30.67645,1
成都南山学校办公室,edu,科教文化服务;科教文化场所;科教文化场所,成华区,104.108955,30.679104,2
美社技能培训学校,edu,科教文化服务;培训机构;培训机构,成华区,104.104323,30.673919,1
菁菡舞蹈,edu,科教文化服务;培训机构;培训机构,成华区,104.1122,30.670691,3
徐宝吉他艺术中心(建设南街),edu,科教文化服务;培训机构;培训机构,成华区,104.103868,30.671329,1
云艺术,edu,科教文化服务;科教文化场所;科教文化场所,成华区,104.116514,30.670227,3
清大学习吧,edu,科教文化服务;培训机构;培训机构,成华区,104.124191,30.67388,4
三心学堂,edu,科教文化服务;培训机构;培训机构,成华区,104.114266,30.674028,4
成都艺术超市,edu,科教文化服务;美术馆;美术馆,成华区,104.119706,30.670888,3
成都影像艺术中心,edu,科教文化服务;美术馆;美术馆,成华区,104.121824,30.672156,2
1899个人电影厂,edu,科教文化服务;传媒机构;传媒机构,成华区,104.121744,30.670566,3
青少年素质教育中心,edu,科教文化服务;科教文化场所;科教文化场所,成华区,104.122028,30.674866,1
音乐场,edu,科教文化服务;传媒机构;传媒机构,成华区,104.118698,30.671632,2
东郊记忆记忆长廊,edu,科教文化服务;展览馆;展览馆,成华区,104.119727,30.669749,1
成都妈妈爱双语艺术幼稚园,edu,科教文化服务;学校;幼儿园,成华区,104.120197,30.674415,1
音越琴行,edu,科教文化服务;培训机构;培训机构,成华区,104.13269,30.677165,3
爱倍儿智能幼儿园,edu,科教文化服务;学校;幼儿园,成华区,104.135984,30.671152,3
成都胜影文化传播有限公司,edu,科教文化服务;传媒机构;传媒机构,成华区,104.136575,30.672242,1
成都理工大学博物馆,edu,科教文化服务;博物馆;博物馆,成华区,104.140131,30.677067,80
成都理工大学核工楼,edu,科教文化服务;学校;高等院校,成华区,104.136948,30.67498,6
戴民精品堂学校,edu,科教文化服务;科教文化场所;科教文化场所,成华区,104.135649,30.673606,5
成都理工大学招生就业处,edu,科教文化服务;学校;高等院校,成华区,104.137927,30.673313,2
成都理工大学逸夫楼,edu,科教文化服务;学校;高等院校,成华区,104.142919,30.677618,8
成都理工大学研究生院,edu,科教文化服务;学校;高等院校,成华区,104.139015,30.67452,13
成都理工大学能源学院学生会,edu,科教文化服务;学校;高等院校,成华区,104.143405,30.67294,5
成都理工大学-教学8楼,edu,科教文化服务;学校;学校,成华区,104.143475,30.676262,2
成都理工大学基础力学实验室,edu,科教文化服务;科研机构;科研机构,成华区,104.142514,30.679313,3
建材成都地质工程勘察院,edu,科教文化服务;科研机构;科研机构,成华区,104.136014,30.677502,4
怡东国际酒店-会议厅,edu,科教文化服务;会展中心;会展中心,成华区,104.136801,30.67628,2
成都理工大学-银杏园,edu,科教文化服务;科教文化场所;科教文化场所,成华区,104.142058,30.672854,1
成都理工大学(中门),edu,科教文化服务;科教文化场所;科教文化场所,成华区,104.138221,30.677911,1
二仙桥街道社会组织培育中心,edu,科教文化服务;培训机构;培训机构,成华区,104.137855,30.672052,2
精微至善社区教育中心,edu,科教文化服务;培训机构;培训机构,成华区,104.137465,30.67939,1
开心哈乐室内儿童主题亲子乐园,edu,科教文化服务;科教文化场所;科教文化场所,成华区,104.136362,30.670061,1
成都理工大学附属小学,edu,科教文化服务;学校;小学,成华区,104.145878,30.678718,5
新图书馆,edu,科教文化服务;图书馆;图书馆,成华区,104.148942,30.67868,2
成都理工大学珙桐园GB01-GB05教室,edu,科教文化服务;学校;高等院校,成华区,104.146016,30.673554,1
蓓蕾幼儿园,edu,科教文化服务;学校;幼儿园,成华区,104.152181,30.673696,1
成都理工大学-珙桐园GA01-GA05教室,edu,科教文化服务;学校;高等院校,成华区,104.146922,30.674074,2
成都理工大学大型泥石流试验室,edu,科教文化服务;科研机构;科研机构,成华区,104.145187,30.675934,4
成华区篮球培训班(训练营),edu,科教文化服务;培训机构;培训机构,成华区,104.143979,30.67377,1
长林盘社区文化活动中心,edu,科教文化服务;文化宫;文化宫,成华区,104.156248,30.671063,1
成都大郎文化传播有限公司,edu,科教文化服务;传媒机构;传媒机构,青羊区,103.966212,30.661628,1
红灵新世纪幼儿园,edu,科教文化服务;学校;幼儿园,武侯区,103.964641,30.665255,1
书画培训,edu,科教文化服务;培训机构;培训机构,青羊区,103.968476,30.666671,3
思维多应用技术研究所,edu,科教文化服务;科研机构;科研机构,武侯区,103.972076,30.6614,1
汉唐书苑,edu,科教文化服务;培训机构;培训机构,青羊区,103.976239,30.667894,16
红黄蓝幼稚园(培风路),edu,科教文化服务;学校;幼儿园,青羊区,103.976187,30.665772,1
新智慧树幼稚园,edu,科教文化服务;学校;幼儿园,青羊区,103.977552,30.663734,1
原香面包教室,edu,科教文化服务;培训机构;培训机构,青羊区,103.983574,30.668811,1
博艺天才,edu,科教文化服务;培训机构;培训机构,青羊区,103.993787,30.665888,13
美爱亲子早教中心,edu,科教文化服务;学校;幼儿园,青羊区,103.993438,30.667656,2
美亚幼儿园,edu,科教文化服务;学校;幼儿园,青羊区,103.99359,30.66109,1
残疾人托管中心,edu,科教文化服务;科教文化场所;科教文化场所,青羊区,103.987381,30.667621,4
名师点拨学校,edu,科教文化服务;科教文化场所;科教文化场所,青羊区,103.991708,30.667308,1
七音英语,edu,科教文化服务;培训机构;培训机构,青羊区,103.991094,30.663209,1
悠扬艺术培训学校,edu,科教文化服务;培训机构;培训机构,青羊区,103.988046,30.666418,1
成都电视台艺海星培训基地,edu,科教文化服务;培训机构;培训机构,青羊区,103.989978,30.669033,3
红菱艳教育,edu,科教文化服务;培训机构;培训机构,青羊区,103.992946,30.669351,1
成都市青羊区图书馆,edu,科教文化服务;图书馆;图书馆,青羊区,103.995276,30.668945,6
科乐绘自然学堂,edu,科教文化服务;培训机构;培训机构,青羊区,104.000053,30.665197,7
慧笙书院,edu,科教文化服务;培训机构;培训机构,青羊区,103.994092,30.663187,5
成都市青羊实验中学(优品道校区),edu,科教文化服务;学校;中学,青羊区,104.000729,30.666951,1
四川艺术职业学院,edu,科教文化服务;学校;高等院校,青羊区,103.998405,30.667364,6
金世纪皇家幼儿园,edu,科教文化服务;学校;幼儿园,武侯区,103.998777,30.661924,1
翰林国际教育,edu,科教文化服务;培训机构;培训机构,青羊区,104.002041,30.667323,4
许博士全脑教育学校,edu,科教文化服务;学校;幼儿园,武侯区,103.998854,30.661019,1
成都康华口腔研究中心,edu,科教文化服务;科研机构;科研机构,武侯区,103.999851,30.660215,2
戈果美语,edu,科教文化服务;培训机构;培训机构,青羊区,104.001627,30.665948,3
我·创想艺术教育,edu,科教文化服务;培训机构;培训机构,青羊区,103.995093,30.667398,1
高等教育自学考试助学园区,edu,科教文化服务;科教文化场所;科教文化场所,青羊区,104.00081,30.668909,1
艺蒙美术,edu,科教文化服务;培训机构;培训机构,青羊区,104.003674,30.668987,1
银河时光机器人(玉宇路),edu,科教文化服务;培训机构;培训机构,青羊区,103.996957,30.667983,1
华医牙科研究所(沙堰街),edu,科教文化服务;科研机构;科研机构,武侯区,104.00151,30.660159,1
问书堂,edu,科教文化服务;培训机构;培训机构,青羊区,104.012768,30.665999,45
广育书院,edu,科教文化服务;培训机构;培训机构,青羊区,104.005148,30.665817,24
庆熙教育,edu,科教文化服务;培训机构;培训机构,青羊区,104.010651,30.662525,4
四川管理职业学院,edu,科教文化服务;学校;职业技术学校,青羊区,104.0094,30.666077,13
伏羲之家,edu,科教文化服务;学校;幼儿园,青羊区,104.006489,30.661255,17
童之梦,edu,科教文化服务;学校;幼儿园,青羊区,104.006772,30.669488,1
大熊猫爱心幼儿园,edu,科教文化服务;学校;幼儿园,青羊区,104.008202,30.660595,2
佳利艺校,edu,科教文化服务;学校;职业技术学校,青羊区,104.0076,30.667115,1
国际私塾(光华教学点),edu,科教文化服务;培训机构;培训机构,青羊区,104.013459,30.661061,1
成都市文化馆,edu,科教文化服务;文化宫;文化宫,青羊区,104.020833,30.663177,5
成都市文化艺术学校,edu,科教文化服务;学校;职业技术学校,青羊区,104.019418,30.660223,5
成都新语文化传播有限公司,edu,科教文化服务;科教文化场所;科教文化场所,青羊区,104.018594,30.66237,1
天天向上文化艺术培训中心,edu,科教文化服务;培训机构;培训机构,青羊区,104.013909,30.663061,1
通途教育,edu,科教文化服务;培训机构;培训机构,青羊区,104.017385,30.66476,20
四川行政学院,edu,科教文化服务;学校;高等院校,青羊区,104.015426,30.666277,3
梦缘博物馆,edu,科教文化服务;博物馆;博物馆,青羊区,104.019977,30.669316,1
四川法商专修学院,edu,科教文化服务;学校;高等院校,青羊区,104.02244,30.664328,3
成都音乐幼儿园,edu,科教文化服务;学校;幼儿园,青羊区,104.021915,30.669197,1
四川省妇女干部学校,edu,科教文化服务;学校;成人教育,青羊区,104.020228,30.66476,4
四川省煤田测绘工程院,edu,科教文化服务;科研机构;科研机构,青羊区,104.021674,30.665633,4
联谊·嘉尚幼稚园,edu,科教文化服务;学校;幼儿园,青羊区,104.020444,30.668114,1
四川省委党校-教学大楼,edu,科教文化服务;科教文化场所;科教文化场所,青羊区,104.015807,30.667838,1
私立育文蒙特梭利幼儿园,edu,科教文化服务;学校;幼儿园,青羊区,104.017792,30.667525,2
财大社区教育工作站,edu,科教文化服务;科教文化场所;科教文化场所,青羊区,104.017726,30.669218,2
龙文教育(草堂北支路),edu,科教文化服务;培训机构;培训机构,青羊区,104.01982,30.66712,1
四川省科普教育基地,edu,科教文化服务;培训机构;培训机构,青羊区,104.015345,30.662554,2
诗圣文化园,edu,科教文化服务;科教文化场所;科教文化场所,青羊区,104.024265,30.662548,4
娇子雅集,edu,科教文化服务;展览馆;展览馆,青羊区,104.031311,30.662873,10
武汉大学西南研究院,edu,科教文化服务;科研机构;科研机构,青羊区,104.032621,30.665467,13
成都中大中医研究院,edu,科教文化服务;科研机构;科研机构,青羊区,104.027252,30.665021,5
奇趣新闻天地,edu,科教文化服务;科教文化场所;科教文化场所,青羊区,104.024561,30.66703,7
草堂小学,edu,科教文化服务;学校;小学,青羊区,104.033497,30.660423,10
国网四川电科院,edu,科教文化服务;科研机构;科研机构,青羊区,104.028952,30.665373,3
水利部四川院,edu,科教文化服务;科研机构;科研机构,青羊区,104.030395,30.66537,2
草堂别馆,edu,科教文化服务;博物馆;博物馆,青羊区,104.026376,30.661727,4
草堂幼儿园,edu,科教文化服务;学校;幼儿园,青羊区,104.028733,30.66925,1
成都文艺之家,edu,科教文化服务;展览馆;展览馆,青羊区,104.029536,30.659776,1
成鑫苑酒店-会议厅,edu,科教文化服务;会展中心;会展中心,青羊区,104.033229,30.663461,1
成都萌芽乐乐园,edu,科教文化服务;学校;幼儿园,青羊区,104.031144,30.668817,3
青羊区草堂街道文体活动中心,edu,科教文化服务;文化宫;文化宫,青羊区,104.032535,30.662539,1
小升初名校签约班,edu,科教文化服务;科教文化场所;科教文化场所,青羊区,104.02645,30.667879,3
天天向上托辅中心,edu,科教文化服务;科教文化场所;科教文化场所,青羊区,104.024178,30.668793,1
垒艺艺术培训中心,edu,科教文化服务;培训机构;培训机构,青羊区,104.027015,30.669282,1
君庭艺术鉴赏空间,edu,科教文化服务;科教文化场所;科教文化场所,青羊区,104.031393,30.664272,1
老庄书院,edu,科教文化服务;培训机构;培训机构,青羊区,104.041046,30.66477,2
川软教育,edu,科教文化服务;培训机构;培训机构,青羊区,104.037447,30.66846,8
展奥教育,edu,科教文化服务;培训机构;培训机构,青羊区,104.034684,30.666891,8
智康教育,edu,科教文化服务;培训机构;培训机构,青羊区,104.036229,30.663197,3
草堂街道综合文化活动中心,edu,科教文化服务;文化宫;文化宫,青羊区,104.038017,30.663391,5
东华西点师培训,edu,科教文化服务;培训机构;培训机构,青羊区,104.03895,30.665458,13
医大教育,edu,科教文化服务;培训机构;培训机构,金牛区,104.041048,30.66773,27
大嘴外教,edu,科教文化服务;科教文化场所;科教文化场所,青羊区,104.037696,30.661725,7
诗婢家美术馆,edu,科教文化服务;美术馆;美术馆,青羊区,104.042822,30.662087,3
四川画院瀞园,edu,科教文化服务;科教文化场所;科教文化场所,青羊区,104.03875,30.660186,4
青羊横街小学,edu,科教文化服务;学校;小学,青羊区,104.036947,30.660093,1
四川省医学院科学院·四川省人民医院-中央计算机房,edu,科教文化服务;学校;高等院校,青羊区,104.037397,30.665572,1
西南华西颈腰椎研究院,edu,科教文化服务;科研机构;科研机构,青羊区,104.038617,30.66767,1
四川正大药物研究所,edu,科教文化服务;科研机构;科研机构,青羊区,104.036435,30.667023,1
邵仲节牡丹艺术研究会,edu,科教文化服务;科研机构;科研机构,青羊区,104.041755,30.659664,2
四川电力职业技术学院-成堪幼儿园,edu,科教文化服务;学校;幼儿园,青羊区,104.034584,30.668958,1
智能沙画,edu,科教文化服务;科教文化场所;科教文化场所,青羊区,104.03957,30.66192,2
纺织科技进展编辑部,edu,科教文化服务;传媒机构;杂志社,青羊区,104.04325,30.665473,4
胜西小学,edu,科教文化服务;学校;小学,青羊区,104.051544,30.662745,10
翰林图画院,edu,科教文化服务;培训机构;培训机构,青羊区,104.049822,30.668161,8
三格青少年教育中心,edu,科教文化服务;科教文化场所;科教文化场所,青羊区,104.047801,30.665763,6
少城社区未成年人活动中心,edu,科教文化服务;科教文化场所;科教文化场所,青羊区,104.049418,30.661871,2
泡桐树小学,edu,科教文化服务;学校;小学,青羊区,104.053209,30.667345,12
琉璃会,edu,科教文化服务;博物馆;博物馆,青羊区,104.050008,30.665345,4
少城小学,edu,科教文化服务;学校;小学,青羊区,104.051378,30.664467,2
精神文明报社,edu,科教文化服务;传媒机构;报社,金牛区,104.044296,30.668348,9
四川省化工设计院,edu,科教文化服务;科研机构;科研机构,青羊区,104.049493,30.662923,1
儒道书院,edu,科教文化服务;培训机构;培训机构,青羊区,104.050276,30.661053,5
金河宾馆会议中心,edu,科教文化服务;会展中心;会展中心,青羊区,104.053284,30.664138,2
联森酒店-会议厅,edu,科教文化服务;会展中心;会展中心,青羊区,104.047194,30.663293,2
尚美堂画室,edu,科教文化服务;培训机构;培训机构,青羊区,104.052176,30.661256,8
气味图书馆,edu,科教文化服务;图书馆;图书馆,青羊区,104.051996,30.665548,1
红台美术馆,edu,科教文化服务;美术馆;美术馆,青羊区,104.044107,30.663655,1
成都市城市环境管理科学研究院,edu,科教文化服务;科研机构;科研机构,青羊区,104.050284,30.663906,2
左右左画室,edu,科教文化服务;培训机构;培训机构,青羊区,104.052992,30.661989,5
正吉教育,edu,科教文化服务;培训机构;培训机构,青羊区,104.055683,30.66172,23
西北中学,edu,科教文化服务;学校;中学,青羊区,104.05832,30.661797,109
特闪润良文化传媒公司,edu,科教文化服务;科教文化场所;科教文化场所,青羊区,104.059696,30.664315,4
新智达教育,edu,科教文化服务;培训机构;培训机构,青羊区,104.062611,30.666966,13
四川科技馆,edu,科教文化服务;科技馆;科技馆,青羊区,104.063338,30.662607,2
四川省图书馆,edu,科教文化服务;图书馆;图书馆,青羊区,104.061087,30.661148,2
成都博物馆新馆,edu,科教文化服务;博物馆;博物馆,青羊区,104.061206,30.659752,1
成都国际友城展,edu,科教文化服务;展览馆;展览馆,青羊区,104.062225,30.661243,1
爱乐乐团,edu,科教文化服务;科教文化场所;科教文化场所,青羊区,104.054975,30.663506,4
国际视频会议中心,edu,科教文化服务;会展中心;会展中心,锦江区,104.063911,30.659034,3
成都市羊市街六一幼稚园,edu,科教文化服务;学校;幼儿园,青羊区,104.059157,30.668975,1
党史研究室,edu,科教文化服务;科教文化场所;科教文化场所,青羊区,104.055141,30.66764,1
总队文工团,edu,科教文化服务;科教文化场所;科教文化场所,青羊区,104.061596,30.664752,1
青城山祖师殿接引处,edu,科教文化服务;科教文化场所;科教文化场所,青羊区,104.056975,30.659693,1
成都市青羊区社会组织人才培育基地,edu,科教文化服务;科教文化场所;科教文化场所,青羊区,104.055591,30.664398,1
四川富利勤广告传媒有限公司,edu,科教文化服务;传媒机构;传媒机构,青羊区,104.05963,30.666712,1
三力音乐艺术学校(人民中路一段),edu,科教文化服务;培训机构;培训机构,青羊区,104.062437,30.663945,1
成都市青羊区社会组织人才培训基地,edu,科教文化服务;培训机构;培训机构,青羊区,104.054631,30.664799,1
四川西部新农村建设培训中心,edu,科教文化服务;培训机构;培训机构,青羊区,104.056794,30.668692,1
黑白文化传媒有限公司,edu,科教文化服务;科教文化场所;科教文化场所,锦江区,104.066377,30.660257,1
中学生,edu,科教文化服务;科教文化场所;科教文化场所,青羊区,104.068598,30.666372,97
建明外语,edu,科教文化服务;培训机构;培训机构,青羊区,104.067438,30.662354,32
人民日报,edu,科教文化服务;传媒机构;报社,青羊区,104.072196,30.662373,20
锦城艺术宫,edu,科教文化服务;文化宫;文化宫,锦江区,104.065363,30.660014,1
中国肛肠网编辑部,edu,科教文化服务;传媒机构;传媒机构,青羊区,104.073169,30.665033,4
国际会议中心,edu,科教文化服务;会展中心;会展中心,青羊区,104.069017,30.663026,2
天府广场-生命奥秘博物馆,edu,科教文化服务;博物馆;博物馆,青羊区,104.064068,30.660191,1
鼓楼小学,edu,科教文化服务;学校;小学,青羊区,104.071362,30.668289,5
四川省人民政府文史研究馆,edu,科教文化服务;科研机构;科研机构,锦江区,104.07226,30.659666,1
影响力教育训练,edu,科教文化服务;科教文化场所;科教文化场所,锦江区,104.068797,30.659298,2
四川科技馆(东门),edu,科教文化服务;科技馆;科技馆|通行设施;临街院门;临街院门,青羊区,104.06474,30.662467,1
成都深蓝国际象棋学校(梵音寺街),edu,科教文化服务;培训机构;培训机构,青羊区,104.069743,30.668718,1
熠美舞蹈塑身中心,edu,科教文化服务;培训机构;培训机构,青羊区,104.063953,30.665618,1
首韩木子托管,edu,科教文化服务;培训机构;培训机构,锦江区,104.070171,30.660245,2
成都贺加贝化妆技能培训学校,edu,科教文化服务;培训机构;培训机构,锦江区,104.07344,30.65979,1
遗失登报,edu,科教文化服务;传媒机构;报社,锦江区,104.082377,30.664205,50
熊猫堂,edu,科教文化服务;文艺团体;文艺团体,锦江区,104.078002,30.66017,191
梦启航艺术文化培训,edu,科教文化服务;培训机构;培训机构,锦江区,104.081122,30.665665,1
四川新华文化传播有限责任公司(东玉龙街),edu,科教文化服务;传媒机构;传媒机构,锦江区,104.077761,30.667168,1
仁爱学校,edu,科教文化服务;培训机构;培训机构,锦江区,104.081969,30.666736,4
严谷荪书库,edu,科教文化服务;图书馆;图书馆,锦江区,104.078609,30.664425,6
大大教育,edu,科教文化服务;培训机构;培训机构,锦江区,104.082096,30.660036,22
成都市儿科研究所,edu,科教文化服务;科研机构;科研机构,锦江区,104.075894,30.667818,3
紫光会堂,edu,科教文化服务;会展中心;会展中心,锦江区,104.07503,30.661817,3
院坝文化,edu,科教文化服务;培训机构;培训机构,锦江区,104.086635,30.662873,3
隆韵文化传播,edu,科教文化服务;科教文化场所;科教文化场所,成华区,104.091054,30.661194,4
领跑教育,edu,科教文化服务;培训机构;培训机构,成华区,104.090979,30.66284,22
金田杂志社,edu,科教文化服务;传媒机构;杂志社,锦江区,104.087577,30.664888,5
睿博教育,edu,科教文化服务;培训机构;培训机构,锦江区,104.085264,30.660744,8
泰晤士英语(339校区),edu,科教文化服务;培训机构;培训机构,成华区,104.092746,30.665048,2
成都川影影视文化传播有限责任公司,edu,科教文化服务;科教文化场所;科教文化场所,锦江区,104.087887,30.666147,1
御品香餐饮培训中心,edu,科教文化服务;培训机构;培训机构,锦江区,104.088909,30.663419,6
红人音乐培训中心,edu,科教文化服务;培训机构;培训机构,锦江区,104.08967,30.664659,1
天涯石小学,edu,科教文化服务;学校;小学,锦江区,104.085292,30.659555,1
少儿美术招生,edu,科教文化服务;科教文化场所;科教文化场所,成华区,104.089321,30.659958,4
四川神学院,edu,科教文化服务;学校;学校,锦江区,104.085425,30.663235,1
和平幼儿园(五世同堂街),edu,科教文化服务;学校;幼儿园,锦江区,104.085249,30.665623,4
礼顿酒店-会议室,edu,科教文化服务;会展中心;会展中心,锦江区,104.083893,30.666689,1
云顶1号,edu,科教文化服务;美术馆;美术馆,锦江区,104.093058,30.667017,2
成都广播电视大学财经管理学院,edu,科教文化服务;学校;成人教育,成华区,104.092976,30.662379,2
成都市猛追湾游泳场游泳学校,edu,科教文化服务;培训机构;培训机构,锦江区,104.090495,30.665829,2
天空私教工作室,edu,科教文化服务;科教文化场所;科教文化场所,锦江区,104.090378,30.667395,2
成妆技职业技能培训学校,edu,科教文化服务;学校;职业技术学校,青羊区,104.083872,30.667625,1
军团职楼,edu,科教文化服务;科教文化场所;科教文化场所,锦江区,104.08835,30.667568,1
华胜职业技能学校,edu,科教文化服务;学校;职业技术学校,成华区,104.095387,30.66707,2
春蕾幼儿园,edu,科教文化服务;学校;幼儿园,成华区,104.101437,30.662581,3
四川广播电视报,edu,科教文化服务;传媒机构;报社,成华区,104.096963,30.662206,7
交通广播,edu,科教文化服务;科教文化场所;科教文化场所,成华区,104.099502,30.659752,6
十一电子设计院,edu,科教文化服务;科研机构;科研机构,成华区,104.096738,30.663758,4
成都市第十四幼儿园,edu,科教文化服务;学校;幼儿园,成华区,104.102634,30.662132,1
北大育星培训学校,edu,科教文化服务;培训机构;培训机构,成华区,104.094726,30.665239,5
飞扬舞校(新鸿路),edu,科教文化服务;培训机构;培训机构,成华区,104.100243,30.664077,7
成华区中医学院,edu,科教文化服务;学校;高等院校,成华区,104.099218,30.663261,1
法制传播网,edu,科教文化服务;科教文化场所;科教文化场所,成华区,104.098391,30.667644,6
三德名师点拨学校,edu,科教文化服务;培训机构;培训机构,成华区,104.100689,30.665403,1
八二幼儿园,edu,科教文化服务;学校;幼儿园,成华区,104.098559,30.669246,1
洋文堂教育,edu,科教文化服务;培训机构;培训机构,成华区,104.103547,30.663972,5
锦电培训中心,edu,科教文化服务;培训机构;培训机构,成华区,104.102678,30.668015,9
信息十一所设计院,edu,科教文化服务;科研机构;科研机构,成华区,104.093996,30.66171,3
高沛然建材设计院,edu,科教文化服务;科研机构;科研机构,成华区,104.096655,30.664857,3
爱学堂(建华南巷),edu,科教文化服务;培训机构;培训机构,成华区,104.09795,30.661516,2
加州阳光幼儿园,edu,科教文化服务;学校;幼儿园,成华区,104.106275,30.667449,1
佳音英语(小龙桥路),edu,科教文化服务;培训机构;培训机构,成华区,104.108434,30.662499,1
四川石油报,edu,科教文化服务;传媒机构;报社,成华区,104.105493,30.663873,3
成都市成华区社区教育学院,edu,科教文化服务;学校;成人教育,成华区,104.103689,30.666408,1
成华小学,edu,科教文化服务;学校;小学,成华区,104.1047,30.661606,1
时习托管中心,edu,科教文化服务;培训机构;培训机构,成华区,104.105441,30.66066,2
资料填报区,edu,科教文化服务;科教文化场所;科教文化场所,成华区,104.108596,30.660821,1
成都锦欣生殖医学与遗传学研究所,edu,科教文化服务;科研机构;科研机构,成华区,104.109219,30.666278,1
成都市京都临床中医医学研究所,edu,科教文化服务;科研机构;科研机构,成华区,104.111718,30.664824,1
向日葵儿童之家,edu,科教文化服务;培训机构;培训机构,成华区,104.104421,30.669147,1
大千教育,edu,科教文化服务;培训机构;培训机构,成华区,104.115326,30.659968,2
成都乐娱星天文化传播有限公司,edu,科教文化服务;科教文化场所;科教文化场所,成华区,104.115342,30.667873,1
成都职教中心,edu,科教文化服务;学校;职业技术学校,成华区,104.121218,30.659679,3
成华小学,edu,科教文化服务;学校;小学,成华区,104.11835,30.661042,1
成都热电厂生活区幼儿园,edu,科教文化服务;学校;幼儿园,成华区,104.121838,30.661111,1
锦绣东方幼儿园,edu,科教文化服务;学校;幼儿园,成华区,104.117123,30.660715,1
树人学校,edu,科教文化服务;科教文化场所;科教文化场所,成华区,104.114787,30.666319,4
凯凯音乐,edu,科教文化服务;科教文化场所;科教文化场所,成华区,104.122269,30.662364,1
慧学教育(东区),edu,科教文化服务;培训机构;培训机构,成华区,104.115167,30.664222,2
贝思嘉艺术教育,edu,科教文化服务;培训机构;培训机构,成华区,104.117993,30.665045,1
皮肤研究所,edu,科教文化服务;科研机构;科研机构,成华区,104.114403,30.66507,1
华林小学,edu,科教文化服务;学校;小学,成华区,104.12714,30.665504,1
成都列五中学南华实验学校,edu,科教文化服务;学校;中学,成华区,104.129202,30.661179,1
T-8国际拉丁舞俱乐部(蓝光东方天地东南),edu,科教文化服务;培训机构;培训机构,成华区,104.126751,30.663326,1
成都乐娱星天文化传播有限公司,edu,科教文化服务;传媒机构;传媒机构,成华区,104.13928,30.660018,1
崔家幼儿园,edu,科教文化服务;学校;幼儿园,成华区,104.135794,30.667916,21
爱思威·舜惠幼儿园,edu,科教文化服务;学校;幼儿园,成华区,104.143369,30.66667,1
CSS音乐,edu,科教文化服务;培训机构;培训机构,成华区,104.145603,30.665237,1
成都传世蓝韵文化传播有限公司,edu,科教文化服务;传媒机构;传媒机构,武侯区,103.967436,30.651893,1
凌氏教育,edu,科教文化服务;培训机构;培训机构,武侯区,103.969908,30.655779,5
成都外语职业中专学校,edu,科教文化服务;学校;职业技术学校,武侯区,103.974165,30.653292,10
公办幼儿园,edu,科教文化服务;学校;幼儿园,武侯区,103.969783,30.650461,5
贝幼幼儿园,edu,科教文化服务;学校;幼儿园,武侯区,103.970472,30.658244,1
晨欣幼儿园(机九路),edu,科教文化服务;学校;幼儿园,武侯区,103.96523,30.658686,3
武侯区小新星幼儿园,edu,科教文化服务;学校;幼儿园,武侯区,103.969369,30.657605,1
成都市金盾保安学校,edu,科教文化服务;学校;职业技术学校,武侯区,103.967881,30.654898,2
中兴教育,edu,科教文化服务;培训机构;培训机构,武侯区,103.964096,30.656877,1
金花小燕子幼儿园(九金路),edu,科教文化服务;学校;幼儿园,武侯区,103.965646,30.656118,1
川西幼稚园,edu,科教文化服务;学校;幼儿园,武侯区,103.965406,30.65276,2
宏伟艺术,edu,科教文化服务;培训机构;培训机构,武侯区,103.980055,30.649627,13
成都弘吉鑫文化传播有限公司,edu,科教文化服务;传媒机构;传媒机构,武侯区,103.974114,30.657668,1
机投小学,edu,科教文化服务;学校;小学,武侯区,103.979491,30.652885,4
成都市春晖学校,edu,科教文化服务;学校;学校,武侯区,103.982145,30.651404,1
先行者教育,edu,科教文化服务;培训机构;培训机构,武侯区,103.976701,30.653184,2
成都博爱军乐团,edu,科教文化服务;文艺团体;文艺团体,武侯区,103.983501,30.658589,1
贝美艺术,edu,科教文化服务;美术馆;美术馆,武侯区,103.978354,30.652026,1
成都市武侯区双星天乐幼儿园,edu,科教文化服务;学校;幼儿园,武侯区,103.974935,30.658633,2
知识杰教育,edu,科教文化服务;培训机构;培训机构,武侯区,103.976557,30.651656,1
成都市第二十幼儿园,edu,科教文化服务;学校;幼儿园,武侯区,103.993294,30.654212,2
四川省国土勘测规划研究院,edu,科教文化服务;科研机构;科研机构,武侯区,103.989205,30.657595,1
四川敏创教育,edu,科教文化服务;培训机构;培训机构,武侯区,103.991878,30.651014,2
艺摇·艺术,edu,科教文化服务;培训机构;培训机构,武侯区,103.984964,30.658291,2
麦克星球儿童创客学院,edu,科教文化服务;培训机构;培训机构,武侯区,103.993159,30.650539,2
周广仁钢琴艺术中心(金楠校区),edu,科教文化服务;培训机构;培训机构,武侯区,103.991408,30.649724,1
阳光培训学校(中央花园三期西北),edu,科教文化服务;培训机构;培训机构,武侯区,103.991374,30.65384,1
成都宏艺星幼儿园,edu,科教文化服务;学校;幼儿园,武侯区,103.985434,30.656654,1
成都铁路通信厂幼儿园,edu,科教文化服务;学校;幼儿园,武侯区,103.987911,30.650546,1
英语文化艺术,edu,科教文化服务;培训机构;培训机构,武侯区,103.997374,30.652154,2
成都弘武道文化传播有限公司,edu,科教文化服务;科教文化场所;科教文化场所,武侯区,104.003314,30.655823,1
成都市汉学研究会,edu,科教文化服务;科研机构;科研机构,武侯区,104.002128,30.65571,2
沙堰小学,edu,科教文化服务;学校;小学,武侯区,103.999332,30.656918,6
熙德教育,edu,科教文化服务;培训机构;培训机构,武侯区,103.9943,30.649376,12
心可儿幼儿园,edu,科教文化服务;学校;幼儿园,武侯区,103.998837,30.652511,19
新扬扬幼儿园,edu,科教文化服务;学校;幼儿园,武侯区,103.997717,30.658354,3
索菲亚艺术中心,edu,科教文化服务;美术馆;美术馆,武侯区,103.996368,30.653386,4
四川省成都市房建白蚁防治研究所,edu,科教文化服务;科研机构;科研机构,武侯区,103.999981,30.65518,2
军赋书画研究院,edu,科教文化服务;科教文化场所;科教文化场所,武侯区,104.002519,30.65904,1
五彩笔美术培训,edu,科教文化服务;培训机构;培训机构,武侯区,103.995801,30.656639,1
松琳艺术培训中心(晋阳分校),edu,科教文化服务;培训机构;培训机构,武侯区,103.995523,30.651292,3
圈层文化传播有限公司,edu,科教文化服务;科教文化场所;科教文化场所,武侯区,104.012918,30.65736,1
天成教育,edu,科教文化服务;培训机构;培训机构,武侯区,104.012797,30.655876,9
鲨鱼公园儿童科学中心,edu,科教文化服务;科教文化场所;科教文化场所,武侯区,104.006345,30.651971,3
龙祥路小学,edu,科教文化服务;学校;小学,武侯区,104.00831,30.649795,2
天骄艺术,edu,科教文化服务;美术馆;美术馆,青羊区,104.006312,30.65859,1
龙腾幼稚园,edu,科教文化服务;学校;幼儿园,武侯区,104.009578,30.654163,1
凯星幼儿园(国际园),edu,科教文化服务;学校;幼儿园,武侯区,104.006888,30.649649,1
哈佛之星美式幼稚园(鹭岛龙祥园),edu,科教文化服务;学校;幼儿园,武侯区,104.00696,30.650559,1
青少年体育俱乐部实验小学,edu,科教文化服务;学校;小学,青羊区,104.006292,30.659528,1
成都辛迪家幼儿园(龙安街),edu,科教文化服务;学校;幼儿园,武侯区,104.008571,30.652652,1
天娇艺术培训,edu,科教文化服务;培训机构;培训机构,青羊区,104.007376,30.657606,2
极客数学帮,edu,科教文化服务;培训机构;培训机构,武侯区,104.013516,30.654059,4
致乐钢琴艺术会馆(光华店),edu,科教文化服务;培训机构;培训机构,青羊区,104.009733,30.659255,1
成都新桥教育咨询有限公司,edu,科教文化服务;培训机构;培训机构,武侯区,104.004719,30.653114,1
龙文教育(中环路武阳大道段),edu,科教文化服务;培训机构;培训机构,武侯区,104.005927,30.653293,1
劳氏外语学校,edu,科教文化服务;培训机构;培训机构,武侯区,104.016863,30.653943,13
非洲鼓社,edu,科教文化服务;培训机构;培训机构,青羊区,104.022175,30.654075,4
金摇篮公益性幼儿园,edu,科教文化服务;学校;幼儿园,青羊区,104.020123,30.657691,1
圣宝乐幼稚园逸都园,edu,科教文化服务;学校;幼儿园,武侯区,104.014528,30.650338,2
C&D儿童美学,edu,科教文化服务;科教文化场所;科教文化场所,武侯区,104.015101,30.658344,1
嘉顿国际英语,edu,科教文化服务;培训机构;培训机构,武侯区,104.018039,30.649638,1
学大教育,edu,科教文化服务;培训机构;培训机构,武侯区,104.015575,30.651884,1
星海学校,edu,科教文化服务;学校;学校,武侯区,104.019273,30.648421,29
i2国际私塾(龙湾校区),edu,科教文化服务;培训机构;培训机构,武侯区,104.014817,30.657393,1
听心坊,edu,科教文化服务;培训机构;培训机构,武侯区,104.02123,30.651877,2
八零三研究所,edu,科教文化服务;科研机构;科研机构,武侯区,104.019331,30.651557,1
金摇蓝幼稚园,edu,科教文化服务;学校;幼儿园,青羊区,104.02001,30.656536,1
郑学教育,edu,科教文化服务;培训机构;培训机构,武侯区,104.031093,30.65324,22
武侯实验小学,edu,科教文化服务;学校;小学,武侯区,104.026335,30.650714,2
灵通英语,edu,科教文化服务;培训机构;培训机构,武侯区,104.02589,30.649498,4
乐学园体验式教育,edu,科教文化服务;培训机构;培训机构,武侯区,104.025338,30.652127,3
优培生陶艺(少陵店),edu,科教文化服务;培训机构;培训机构,武侯区,104.027984,30.65068,2
成都城市管理新媒体中心,edu,科教文化服务;科教文化场所;科教文化场所,青羊区,104.03243,30.654538,1
健哲吉他,edu,科教文化服务;培训机构;培训机构,青羊区,104.024342,30.655494,1
蜀汉文物陈列馆,edu,科教文化服务;展览馆;展览馆,青羊区,104.038919,30.655098,10
翰程书法,edu,科教文化服务;培训机构;培训机构,青羊区,104.03784,30.657372,5
成都体育学院,edu,科教文化服务;学校;高等院校,武侯区,104.041796,30.650685,10
ata考试中心,edu,科教文化服务;科教文化场所;科教文化场所,武侯区,104.038646,30.649047,21
成都正则会计学校,edu,科教文化服务;学校;学校,武侯区,104.038924,30.651252,4
每日电视,edu,科教文化服务;传媒机构;电视台,武侯区,104.036585,30.653818,5
每月十五文学社,edu,科教文化服务;科教文化场所;科教文化场所,青羊区,104.043048,30.654253,6
成都市环境保护科学研究院,edu,科教文化服务;科研机构;科研机构,青羊区,104.042669,30.655979,2
成都赢星教育,edu,科教文化服务;培训机构;培训机构,武侯区,104.036578,30.652238,4
金苹果幼儿园,edu,科教文化服务;学校;幼儿园,青羊区,104.034148,30.65479,2
嘉锐地产营销传播机构,edu,科教文化服务;科教文化场所;科教文化场所,武侯区,104.03826,30.652649,3
西昌学院动物科学系临床医学实践基地,edu,科教文化服务;科教文化场所;科教文化场所,青羊区,104.036685,30.658621,1
浩浩学校,edu,科教文化服务;培训机构;培训机构,青羊区,104.050628,30.655898,4
佳米教育,edu,科教文化服务;培训机构;培训机构,青羊区,104.049607,30.656935,2
四川省古今钱币文化研究会,edu,科教文化服务;科研机构;科研机构,武侯区,104.052614,30.650874,2
澳斯特教育,edu,科教文化服务;培训机构;培训机构,青羊区,104.052646,30.658405,7
水烟博物馆,edu,科教文化服务;博物馆;博物馆,武侯区,104.045295,30.649227,5
润禾学校,edu,科教文化服务;培训机构;培训机构,青羊区,104.045615,30.656488,3
成都市青羊区汪家智慧生活平台,edu,科教文化服务;科教文化场所;科教文化场所,青羊区,104.049795,30.658236,2
成都飞机设计研究所幼儿园,edu,科教文化服务;学校;幼儿园,武侯区,104.044108,30.65349,1
艺库画室,edu,科教文化服务;培训机构;培训机构,青羊区,104.051444,30.654968,1
611研究所体育活动中心培训,edu,科教文化服务;培训机构;培训机构,武侯区,104.04843,30.650263,1
华北星教育,edu,科教文化服务;培训机构;培训机构,青羊区,104.049378,30.655594,1
彩虹小学,edu,科教文化服务;学校;小学,青羊区,104.054859,30.652792,3
锦江宾馆锦苑楼-会议厅,edu,科教文化服务;会展中心;会展中心,锦江区,104.06113,30.651303,3
新通留学,edu,科教文化服务;科教文化场所;科教文化场所,锦江区,104.062932,30.654338,5
曾成伟古琴艺术机构,edu,科教文化服务;科教文化场所;科教文化场所,青羊区,104.056081,30.65055,2
成都市瑞世天晟文化传播有限责任公司,edu,科教文化服务;科教文化场所;科教文化场所,青羊区,104.057174,30.649989,1
幼儿乐园,edu,科教文化服务;学校;幼儿园,青羊区,104.058623,30.656151,25
北京起点教育成都中心,edu,科教文化服务;培训机构;培训机构,青羊区,104.057762,30.65113,6
成都石室中学,edu,科教文化服务;学校;中学,青羊区,104.054726,30.656654,16
四川省人大会议中心,edu,科教文化服务;会展中心;会展中心,锦江区,104.062965,30.652689,1
现代传播,edu,科教文化服务;传媒机构;传媒机构,青羊区,104.062792,30.657063,38
人民权力报社,edu,科教文化服务;传媒机构;报社,锦江区,104.059913,30.652897,5
晚霞杂志社,edu,科教文化服务;传媒机构;杂志社,青羊区,104.054594,30.654532,5
锦江宾馆-贵宾楼-会议厅,edu,科教文化服务;会展中心;会展中心,锦江区,104.061606,30.650308,1
坚果教室,edu,科教文化服务;科教文化场所;科教文化场所,锦江区,104.059603,30.650219,4
教育导报,edu,科教文化服务;传媒机构;报社,锦江区,104.061414,30.654004,3
成都市第六幼儿园文庙园区,edu,科教文化服务;学校;幼儿园,青羊区,104.058708,30.654186,2
菲菲教育,edu,科教文化服务;培训机构;培训机构,锦江区,104.067568,30.655831,41
SunSWATER文化传媒有限公司,edu,科教文化服务;科教文化场所;科教文化场所,锦江区,104.072564,30.658532,1
成师附小,edu,科教文化服务;学校;小学,锦江区,104.069947,30.655038,9
一杯舞蹈馆,edu,科教文化服务;培训机构;培训机构,锦江区,104.072159,30.657047,2
牧童教育,edu,科教文化服务;培训机构;培训机构,锦江区,104.066318,30.651368,18
四川上座文化传播有限公司南京办事处,edu,科教文化服务;科教文化场所;科教文化场所,锦江区,104.073407,30.654064,1
盐道街中学,edu,科教文化服务;学校;中学,锦江区,104.069303,30.65132,3
盐道街中学,edu,科教文化服务;学校;中学,锦江区,104.069021,30.649528,6
成都市第二幼儿园(督院园区),edu,科教文化服务;学校;幼儿园,锦江区,104.070384,30.653186,2
四川省粮食工程设计院,edu,科教文化服务;科研机构;科研机构,锦江区,104.07103,30.656833,2
罗浮厅,edu,科教文化服务;科教文化场所;科教文化场所,锦江区,104.066148,30.649682,2
青少年,edu,科教文化服务;科教文化场所;科教文化场所,锦江区,104.066599,30.659126,3
汉默画廊,edu,科教文化服务;科教文化场所;科教文化场所,锦江区,104.06464,30.654254,1
《摄影报》社,edu,科教文化服务;传媒机构;报社,锦江区,104.073582,30.655502,14
成都师范附属小学,edu,科教文化服务;学校;小学,锦江区,104.070129,30.654197,1
经济日报社四川记者站,edu,科教文化服务;传媒机构;传媒机构,锦江区,104.072187,30.653898,1
笳汐艺术培训中心,edu,科教文化服务;培训机构;培训机构,锦江区,104.071328,30.650894,1
极地环宇,edu,科教文化服务;培训机构;培训机构,锦江区,104.080374,30.652146,6
成都天府妇科研究院,edu,科教文化服务;科研机构;科研机构,锦江区,104.074571,30.652595,6
星元传媒公司,edu,科教文化服务;科教文化场所;科教文化场所,锦江区,104.084134,30.653206,14
青年会培训中心,edu,科教文化服务;培训机构;培训机构,锦江区,104.075666,30.658992,3
国色舞,edu,科教文化服务;科教文化场所;科教文化场所,锦江区,104.082159,30.650894,4
时代留学女仆日语教室,edu,科教文化服务;科教文化场所;科教文化场所,锦江区,104.083664,30.654841,4
成都市唯舞舞蹈艺术培训,edu,科教文化服务;培训机构;培训机构,锦江区,104.076471,30.650347,3
科技日报社四川办事处,edu,科教文化服务;传媒机构;报社,锦江区,104.082136,30.658052,7
名师堂学校,edu,科教文化服务;科教文化场所;科教文化场所,锦江区,104.075514,30.651523,3
成都市礼仪职业中学(东区),edu,科教文化服务;学校;职业技术学校,锦江区,104.078821,30.650368,2
外东小学,edu,科教文化服务;学校;小学,锦江区,104.078432,30.653216,8
成都市第一幼儿园,edu,科教文化服务;学校;幼儿园,锦江区,104.076504,30.652091,2
锦江区委党校,edu,科教文化服务;学校;学校,锦江区,104.080136,30.65895,5
企木音悦坊,edu,科教文化服务;传媒机构;传媒机构,锦江区,104.083239,30.649593,2
华美教育培训中心,edu,科教文化服务;培训机构;培训机构,锦江区,104.075133,30.653818,2
小初托管,edu,科教文化服务;培训机构;培训机构,锦江区,104.077255,30.648735,6
Candy Lab糖果研究室,edu,科教文化服务;科研机构;科研机构,锦江区,104.074399,30.656552,1
成都市锦江区道德讲堂总堂,edu,科教文化服务;科教文化场所;科教文化场所,锦江区,104.083343,30.659143,1
英桥国际教育,edu,科教文化服务;培训机构;培训机构,锦江区,104.078115,30.656307,2
易软教育,edu,科教文化服务;培训机构;培训机构,锦江区,104.079797,30.657263,3
车语传媒,edu,科教文化服务;科教文化场所;科教文化场所,锦江区,104.084866,30.649669,17
达内教育,edu,科教文化服务;科教文化场所;科教文化场所,锦江区,104.087448,30.650142,18
成都理想空间文化传播有限公司,edu,科教文化服务;科教文化场所;科教文化场所,锦江区,104.090169,30.651538,1
成华区电力设计院,edu,科教文化服务;科研机构;科研机构,成华区,104.089112,30.654627,3
笑艺场相声社,edu,科教文化服务;科教文化场所;科教文化场所,成华区,104.087343,30.656334,5
中国测试杂志社,edu,科教文化服务;科教文化场所;科教文化场所,成华区,104.093192,30.657325,9
成都市成华区特殊教育学校,edu,科教文化服务;学校;学校,成华区,104.091502,30.656849,1
成都市锦江区档案馆,edu,科教文化服务;档案馆;档案馆,锦江区,104.090306,30.65319,1
大慈雅韵学堂,edu,科教文化服务;科教文化场所;科教文化场所,锦江区,104.08429,30.656903,14
彦杰教育,edu,科教文化服务;培训机构;培训机构,锦江区,104.093639,30.650741,22
中国质量报四川记者站,edu,科教文化服务;传媒机构;传媒机构,成华区,104.092887,30.654992,7
四川省电力公司电力经济技术研究院(天祥大厦商务楼西),edu,科教文化服务;科研机构;科研机构,成华区,104.08826,30.65831,1
海白味培训,edu,科教文化服务;培训机构;培训机构,锦江区,104.086647,30.658315,3
成都德馨学校,edu,科教文化服务;培训机构;培训机构,锦江区,104.084117,30.658451,1
成都市民道德讲堂,edu,科教文化服务;培训机构;培训机构,锦江区,104.086734,30.654635,1
名扬中高考学习中心,edu,科教文化服务;培训机构;培训机构,锦江区,104.086856,30.652807,1
新高教育,edu,科教文化服务;培训机构;培训机构,成华区,104.101172,30.650372,4
米熊画室,edu,科教文化服务;培训机构;培训机构,成华区,104.097485,30.65535,12
四川画报社,edu,科教文化服务;传媒机构;报社,成华区,104.098208,30.65824,3
国家开放大学五冶分校,edu,科教文化服务;学校;高等院校,成华区,104.102073,30.656621,1
逸成教育,edu,科教文化服务;培训机构;培训机构,成华区,104.096657,30.657813,7
五冶电大,edu,科教文化服务;学校;成人教育,成华区,104.102188,30.657659,1
美鑫画室,edu,科教文化服务;培训机构;培训机构,成华区,104.095317,30.656132,5
成都市成华区双林幼儿园,edu,科教文化服务;学校;幼儿园,成华区,104.100382,30.655651,2
双林社区老年大学,edu,科教文化服务;学校;成人教育,成华区,104.103477,30.653921,3
成都市第十二幼儿园,edu,科教文化服务;学校;幼儿园,成华区,104.097247,30.653118,1
勤林画室,edu,科教文化服务;美术馆;美术馆,成华区,104.098668,30.651248,5
莎木映画,edu,科教文化服务;培训机构;培训机构,锦江区,104.096629,30.649115,13
成都市十二幼蜀都分园,edu,科教文化服务;学校;幼儿园,成华区,104.103058,30.64958,1
聪明豆拖辅中心,edu,科教文化服务;科教文化场所;科教文化场所,成华区,104.102681,30.655618,1
艾米丽化妆造型学校,edu,科教文化服务;培训机构;培训机构,成华区,104.100918,30.654034,4
围棋教室,edu,科教文化服务;培训机构;培训机构,成华区,104.0961,30.653882,2
向日葵画室,edu,科教文化服务;培训机构;培训机构,成华区,104.095085,30.65716,1
成华区文化馆,edu,科教文化服务;文化宫;文化宫,成华区,104.105564,30.656781,19
童画馆,edu,科教文化服务;培训机构;培训机构,成华区,104.112048,30.653689,46
我形我塑,edu,生活服务;美容美发店;美容美发店|科教文化服务;培训机构;培训机构,成华区,104.105975,30.651171,19
成都市第十三幼儿园,edu,科教文化服务;学校;幼儿园,成华区,104.104131,30.655017,2
美迪教育集团,edu,科教文化服务;培训机构;培训机构,成华区,104.106148,30.649558,2
新华幼儿园,edu,科教文化服务;学校;幼儿园,成华区,104.107113,30.657455,3
成都戴氏英语学校,edu,科教文化服务;培训机构;培训机构,成华区,104.112299,30.65629,8
双林小学校,edu,科教文化服务;学校;小学,成华区,104.104307,30.650389,1
成华区职工幼儿园,edu,科教文化服务;学校;幼儿园,成华区,104.108778,30.653542,2
新华社区长者空间,edu,科教文化服务;科教文化场所;科教文化场所,成华区,104.107654,30.659065,1
启航幼儿艺术培训室,edu,科教文化服务;培训机构;培训机构,成华区,104.108536,30.658426,1
万年医院华西心脑血管病研究院,edu,科教文化服务;科教文化场所;科教文化场所,成华区,104.112677,30.658716,1
米奥钢琴艺术,edu,科教文化服务;培训机构;培训机构,成华区,104.115324,30.650098,5
启梦艺术教育,edu,科教文化服务;培训机构;培训机构,成华区,104.115213,30.654604,2
万年场街道综合文化活动中心,edu,科教文化服务;文化宫;文化宫,成华区,104.122894,30.650454,1
成都奔南泰拳体育文化传播有限公司,edu,科教文化服务;科教文化场所;科教文化场所,成华区,104.116968,30.65372,1
成都石室小学,edu,科教文化服务;学校;小学,成华区,104.117272,30.64986,2
春苗幼儿园(禾田路),edu,科教文化服务;学校;幼儿园,成华区,104.120749,30.655922,1
四川省成都列五中学,edu,科教文化服务;学校;中学,成华区,104.122498,30.654531,1
爱尔乐幼儿园,edu,科教文化服务;学校;幼儿园,成华区,104.118512,30.654942,1
成都市沙河东篱幼儿园,edu,科教文化服务;学校;幼儿园,成华区,104.113834,30.657235,1
麦子吉他工作室,edu,科教文化服务;科教文化场所;科教文化场所,成华区,104.1185,30.651588,1
源教育,edu,科教文化服务;培训机构;培训机构,成华区,104.119848,30.650773,1
成都西越学校,edu,科教文化服务;培训机构;培训机构,成华区,104.12325,30.652384,1
成都交通学校汽车维修实训基地,edu,科教文化服务;培训机构;培训机构,成华区,104.115543,30.656579,1
营业性道路运输驾驶员职业培训中心,edu,科教文化服务;培训机构;培训机构,成华区,104.117577,30.657117,1
朗文少儿英语,edu,科教文化服务;培训机构;培训机构,成华区,104.118778,30.649606,1
蓓樱幼儿园,edu,科教文化服务;学校;幼儿园,成华区,104.125968,30.658446,2
爱贝水岸东里幼儿园,edu,科教文化服务;学校;幼儿园,成华区,104.126997,30.657681,1
成都交通学校实训楼,edu,科教文化服务;学校;学校,成华区,104.137843,30.653337,3
成都交通高级技工学校,edu,科教文化服务;学校;职业技术学校,成华区,104.139248,30.652496,2
中国五冶职工大学,edu,科教文化服务;学校;职业技术学校|科教文化服务;学校;成人教育,成华区,104.139644,30.651421,5
成都市华建学校东校区,edu,科教文化服务;学校;学校,成华区,104.143468,30.651715,1
杨柳公益幼儿园,edu,科教文化服务;学校;幼儿园,成华区,104.140615,30.657895,1
旺旺幼儿园(中环路双店路段),edu,科教文化服务;学校;幼儿园,成华区,104.134474,30.658362,1
成都新东方烹饪学校,edu,科教文化服务;学校;职业技术学校,成华区,104.137859,30.655375,1
崔家店南路8号幼儿园,edu,科教文化服务;学校;幼儿园,成华区,104.136474,30.659092,2
旨道教育,edu,科教文化服务;培训机构;培训机构,成华区,104.141736,30.655264,2
联创电脑会计学校(槐树店路),edu,科教文化服务;培训机构;培训机构,成华区,104.135925,30.650829,1
舞之麟艺术中心,edu,科教文化服务;培训机构;培训机构,成华区,104.142301,30.657556,2
四川天朗英华文化传播有限公司,edu,科教文化服务;科教文化场所;科教文化场所,成华区,104.152218,30.649811,1
东虹金橄榄幼儿园,edu,科教文化服务;学校;幼儿园,成华区,104.1507,30.650051,1
大成驾校,edu,科教文化服务;培训机构;培训机构,成华区,104.146853,30.65723,1
半边街村综合文化活动室,edu,科教文化服务;科教文化场所;科教文化场所,武侯区,103.970373,30.64643,1
行知实验小学,edu,科教文化服务;学校;小学,武侯区,103.969208,30.648666,2
雨田教育(九康五路),edu,科教文化服务;培训机构;培训机构,武侯区,103.971698,30.647068,2
易百分教育,edu,科教文化服务;培训机构;培训机构,武侯区,103.970824,30.648347,3
虹桥幼稚园,edu,科教文化服务;学校;幼儿园,武侯区,103.979435,30.642222,3
寅生国际酒店-会议厅,edu,科教文化服务;会展中心;会展中心,武侯区,103.976152,30.644915,1
成都嘉成育才幼儿园,edu,科教文化服务;学校;幼儿园,武侯区,103.976618,30.648785,3
笔畅教育,edu,科教文化服务;培训机构;培训机构,武侯区,103.982442,30.643518,6
第二十二幼儿园,edu,科教文化服务;学校;幼儿园,武侯区,103.974953,30.639546,2
技佳培训,edu,科教文化服务;培训机构;培训机构,武侯区,103.97609,30.646123,1
成都小松检测技术研究所,edu,科教文化服务;科研机构;科研机构,武侯区,103.980199,30.639985,1
七彩云朵,edu,科教文化服务;科教文化场所;科教文化场所,武侯区,103.982757,30.648827,1
寅生艺术教育家园,edu,科教文化服务;培训机构;培训机构,武侯区,103.974843,30.644753,1
长青藤教育(潮音路),edu,科教文化服务;培训机构;培训机构,武侯区,103.980963,30.647983,1
智联众创文化传播有限公司,edu,科教文化服务;传媒机构;传媒机构,武侯区,103.988776,30.641819,1
睿霖教育中心(果堰校区),edu,科教文化服务;培训机构;培训机构,武侯区,103.990653,30.643906,2
艾尚西贝教育,edu,科教文化服务;培训机构;培训机构,武侯区,103.991772,30.64419,3
圣宝宝幼稚园,edu,科教文化服务;学校;幼儿园,武侯区,103.984655,30.647691,1
丽春镇文化站,edu,科教文化服务;文化宫;文化宫,武侯区,103.99072,30.64769,4
阳光幼稚园(果顺路),edu,科教文化服务;学校;幼儿园,武侯区,103.984665,30.645976,2
成都铁路通信设备厂幼儿园,edu,科教文化服务;学校;幼儿园,武侯区,103.98701,30.649011,1
琴筝艺术(机投校区),edu,科教文化服务;培训机构;培训机构,武侯区,103.986388,30.642391,1
凯迪教育(果堰路),edu,科教文化服务;培训机构;培训机构,武侯区,103.993248,30.645395,1
创优外语,edu,科教文化服务;培训机构;培训机构,武侯区,103.987168,30.643721,1
成都武侯区天骄幼稚园,edu,科教文化服务;学校;幼儿园,武侯区,103.984746,30.644557,1
武侯区青苹果幼稚园,edu,科教文化服务;学校;幼儿园,武侯区,103.992228,30.646482,1
成都热橙文化传播有限公司,edu,科教文化服务;科教文化场所;科教文化场所,武侯区,103.99804,30.643604,1
成都途播未来文化传播有限公司,edu,科教文化服务;科教文化场所;科教文化场所,武侯区,103.999666,30.644901,1
彩虹桥幼儿园(晋吉北路),edu,科教文化服务;学校;幼儿园,武侯区,104.000025,30.643963,2
成都市晋阳小学,edu,科教文化服务;学校;小学,武侯区,103.995874,30.648493,1
树童慧教育,edu,科教文化服务;培训机构;培训机构,武侯区,103.994863,30.647214,3
金泸州书画院,edu,科教文化服务;科教文化场所;科教文化场所,武侯区,104.001364,30.642857,3
成都金宝宝幼稚园,edu,科教文化服务;学校;幼儿园,武侯区,104.001541,30.64906,1
新世纪幼儿园(果堰街),edu,科教文化服务;学校;幼儿园,武侯区,103.994759,30.64043,1
成都书府教育,edu,科教文化服务;培训机构;培训机构,武侯区,103.99758,30.64744,2
莘莘教育(吉福路),edu,科教文化服务;培训机构;培训机构,武侯区,104.003303,30.646333,1
成都市武侯区小龙人幼稚园,edu,科教文化服务;学校;幼儿园,武侯区,103.994235,30.641503,1
成都爱儿坊鹭岛国际社区幼儿园,edu,科教文化服务;学校;幼儿园,武侯区,104.011368,30.646389,2
吴蜀传媒有限公司,edu,科教文化服务;科教文化场所;科教文化场所,武侯区,104.007168,30.644294,2
天宇驾校太平园分校,edu,科教文化服务;科教文化场所;科教文化场所,武侯区,104.005471,30.640505,5
红牌楼街道办事处市民学校,edu,科教文化服务;学校;学校,武侯区,104.011593,30.640922,3
阿波罗智慧教育,edu,科教文化服务;培训机构;培训机构,武侯区,104.005854,30.64596,2
森雨教育,edu,科教文化服务;培训机构;培训机构,武侯区,104.004932,30.643269,6
嗨嗨美术,edu,科教文化服务;培训机构;培训机构,武侯区,104.013287,30.645531,4
锦熙时代酒店-会议厅,edu,科教文化服务;会展中心;会展中心,武侯区,104.006512,30.639726,1
双丰实验幼稚园,edu,科教文化服务;学校;幼儿园,武侯区,104.012687,30.640019,3
蜀优教育,edu,科教文化服务;培训机构;培训机构,武侯区,104.01079,30.648326,2
可米可拉童话育乐园,edu,科教文化服务;培训机构;培训机构,武侯区,104.009928,30.645879,2
优优教育,edu,科教文化服务;培训机构;培训机构,武侯区,104.011714,30.643639,5
天天音画伊娃课堂,edu,科教文化服务;培训机构;培训机构,武侯区,104.009227,30.643738,1
i2国际私塾(鹭岛学习中心),edu,科教文化服务;培训机构;培训机构,武侯区,104.008277,30.647532,1
成都蒲公英教育培训学校(栖霞路),edu,科教文化服务;培训机构;培训机构,武侯区,104.013642,30.643993,1
成都上乔文化传播有限公司,edu,科教文化服务;科教文化场所;科教文化场所,武侯区,104.019894,30.642175,1
培生文化教育双楠校区,edu,科教文化服务;培训机构;培训机构,武侯区,104.018139,30.642086,1
棕北中学西区实验学校,edu,科教文化服务;学校;中学,武侯区,104.017284,30.644804,2
成都伟度传扬文化传播有限公司,edu,科教文化服务;科教文化场所;科教文化场所,武侯区,104.01716,30.64271,1
博艺琴行(龙阳街),edu,科教文化服务;培训机构;培训机构,武侯区,104.013988,30.648617,1
璟缘阁艺术馆,edu,科教文化服务;展览馆;展览馆,武侯区,104.018497,30.640224,1
成都市第十幼儿园,edu,科教文化服务;学校;幼儿园,武侯区,104.022044,30.648334,1
成都西南脑科医学研究院,edu,科教文化服务;科研机构;科研机构,武侯区,104.015727,30.640787,3
今朝教育,edu,科教文化服务;培训机构;培训机构,武侯区,104.023155,30.646247,23
成都行知幼稚园,edu,科教文化服务;学校;幼儿园,武侯区,104.014604,30.643005,1
川武蓉功俱乐部,edu,科教文化服务;培训机构;培训机构,武侯区,104.014044,30.641058,2
智绘美术(双楠校区),edu,科教文化服务;培训机构;培训机构,武侯区,104.01538,30.644585,1
成都市武侯区红星幼儿园,edu,科教文化服务;学校;幼儿园,武侯区,104.020977,30.642289,1
武侯区会议中心,edu,科教文化服务;会展中心;会展中心,武侯区,104.02291,30.648957,1
御品普洱茶文化传播中心,edu,科教文化服务;传媒机构;传媒机构,武侯区,104.033352,30.641993,1
成都洋文堂学校,edu,科教文化服务;科教文化场所;科教文化场所,武侯区,104.026373,30.642346,2
彭州市一中,edu,科教文化服务;学校;中学,武侯区,104.025325,30.643703,2
原树当代舞蹈艺术空间,edu,科教文化服务;培训机构;培训机构,武侯区,104.024498,30.642302,2
芙蓉门,edu,科教文化服务;培训机构;培训机构,武侯区,104.032189,30.640073,1
昂立外语,edu,科教文化服务;培训机构;培训机构,武侯区,104.028044,30.647628,9
成都大地双语幼儿园,edu,科教文化服务;学校;幼儿园,武侯区,104.026925,30.643962,2
德格西格曼展厅,edu,科教文化服务;科教文化场所;科教文化场所,武侯区,104.027699,30.640283,3
爱森堡幼儿园,edu,科教文化服务;学校;幼儿园,武侯区,104.033198,30.644017,1
童童童教育(广福横街),edu,科教文化服务;培训机构;培训机构,武侯区,104.030008,30.641702,1
成都博仕胃肠病医学研究院,edu,科教文化服务;科研机构;科研机构,武侯区,104.028657,30.639724,2
美博教育(总部),edu,科教文化服务;培训机构;培训机构,武侯区,104.025668,30.647411,1
川岳琴行,edu,科教文化服务;培训机构;培训机构,武侯区,104.027107,30.645774,2
三余教育,edu,科教文化服务;培训机构;培训机构,武侯区,104.029688,30.647735,1
懿腾青少年培训俱乐部,edu,科教文化服务;培训机构;培训机构,武侯区,104.031806,30.64145,1
新东方泡泡少儿教育,edu,科教文化服务;培训机构;培训机构,武侯区,104.033724,30.644853,4
青晨音乐培训,edu,科教文化服务;培训机构;培训机构,武侯区,104.031638,30.643134,1
普鲁特教育,edu,科教文化服务;培训机构;培训机构,武侯区,104.028383,30.642043,1
美狐专业舞蹈培训机构(双楠店),edu,体育休闲服务;运动场馆;健身中心|科教文化服务;培训机构;培训机构,武侯区,104.027018,30.641351,1
华为培训,edu,科教文化服务;培训机构;培训机构,武侯区,104.034883,30.641249,14
悦厨培训学校,edu,科教文化服务;培训机构;培训机构,武侯区,104.038139,30.644916,12
新迪艺校,edu,科教文化服务;学校;职业技术学校,武侯区,104.042484,30.640485,66
美星传媒,edu,科教文化服务;科教文化场所;科教文化场所,武侯区,104.03956,30.644001,7
成都驼友文化传播有限公司,edu,科教文化服务;科教文化场所;科教文化场所,武侯区,104.038467,30.64685,2
健康号报,edu,科教文化服务;传媒机构;报社,武侯区,104.03843,30.64108,6
四川省时代人车路文化传播有限公司,edu,科教文化服务;科教文化场所;科教文化场所,武侯区,104.036982,30.645816,1
成都体育学院综合馆,edu,科教文化服务;学校;高等院校,武侯区,104.0397,30.647854,2
成都体育学院图书馆,edu,科教文化服务;图书馆;图书馆,武侯区,104.042881,30.648514,8
龙江路小学分校,edu,科教文化服务;学校;小学,武侯区,104.043521,30.644884,1
贝育幼儿园,edu,科教文化服务;学校;幼儿园,武侯区,104.034091,30.647582,1
艺林舞蹈学校,edu,科教文化服务;培训机构;培训机构,武侯区,104.035457,30.643959,6
蜀泸大酒店(南门),edu,科教文化服务;学校;高等院校|通行设施;临街院门;临街院正门,武侯区,104.035793,30.645913,3
浆洗街街道办事处社区青少年活动中心,edu,科教文化服务;文化宫;文化宫,武侯区,104.041784,30.643787,2
成都体育学院附属体育医院博士后科研工作站,edu,科教文化服务;学校;高等院校,武侯区,104.04223,30.646032,1
成都体育学院-静园,edu,科教文化服务;科教文化场所;科教文化场所,武侯区,104.041068,30.64712,1
三国文化陈列馆,edu,科教文化服务;展览馆;展览馆,武侯区,104.046047,30.647406,1
云动传媒,edu,科教文化服务;科教文化场所;科教文化场所,武侯区,104.053552,30.642958,33
成都国轩文化传播有限公司,edu,科教文化服务;科教文化场所;科教文化场所,武侯区,104.052338,30.644427,1
桑铂扎文化传播有限责任公司,edu,科教文化服务;传媒机构;传媒机构,武侯区,104.045063,30.643083,1
三星堆艺术馆,edu,科教文化服务;展览馆;展览馆|科教文化服务;美术馆;美术馆,武侯区,104.046809,30.64631,7
星空商学院,edu,科教文化服务;学校;高等院校,武侯区,104.043857,30.646828,2
成都西北中学,edu,科教文化服务;学校;中学,武侯区,104.051623,30.645826,1
广播电视厅,edu,科教文化服务;科教文化场所;科教文化场所,武侯区,104.049341,30.643228,4
西南民族大学-行政大楼,edu,科教文化服务;学校;高等院校,武侯区,104.050001,30.642366,1
四川省化学工业研究设计院,edu,科教文化服务;科研机构;科研机构,武侯区,104.052563,30.64816,2
四川公路工程设计院,edu,科教文化服务;科研机构;科研机构,武侯区,104.045186,30.644893,1
中航工业成都飞机设计研究所(武侯祠大街),edu,科教文化服务;科研机构;科研机构,武侯区,104.049829,30.648756,2
西南民族大学-章中祥新闻采集,edu,科教文化服务;科教文化场所;科教文化场所,武侯区,104.049792,30.640416,1
驾校(武侯分校),edu,科教文化服务;科教文化场所;科教文化场所,武侯区,104.04815,30.643965,1
中航工业燃气涡轮研究院,edu,科教文化服务;科教文化场所;科教文化场所,武侯区,104.04827,30.645451,1
师徒同达,edu,科教文化服务;科教文化场所;科教文化场所,武侯区,104.061593,30.644213,49
贝特托管,edu,科教文化服务;培训机构;培训机构,武侯区,104.058345,30.64853,10
大者杂志社,edu,科教文化服务;传媒机构;杂志社,武侯区,104.062883,30.648391,10
锦里小学,edu,科教文化服务;学校;小学,武侯区,104.054421,30.648024,9
广益会堂,edu,科教文化服务;会展中心;会展中心,武侯区,104.05609,30.640263,6
润心教育,edu,科教文化服务;培训机构;培训机构,武侯区,104.054415,30.640338,3
成都市礼仪职业中学,edu,科教文化服务;学校;中学,武侯区,104.05792,30.646592,3
红专西路小学,edu,科教文化服务;学校;小学,武侯区,104.059379,30.647249,4
成都石室锦城外国语学校,edu,科教文化服务;学校;中学,武侯区,104.06168,30.646796,1
皇伽舞院,edu,科教文化服务;培训机构;培训机构,武侯区,104.056477,30.648397,15
成都师范学院图书馆,edu,科教文化服务;图书馆;图书馆,武侯区,104.062702,30.639554,2
艺缘美术培训,edu,科教文化服务;培训机构;培训机构,武侯区,104.058317,30.641059,3
临床检验科,edu,科教文化服务;科教文化场所;科教文化场所,武侯区,104.062903,30.642122,1
省教科所,edu,科教文化服务;科教文化场所;科教文化场所,武侯区,104.06047,30.641382,2
深圳梦想传媒,edu,科教文化服务;科教文化场所;科教文化场所,武侯区,104.062033,30.641058,1
南虹村社区教育工作站,edu,科教文化服务;科教文化场所;科教文化场所,武侯区,104.063726,30.640296,6
教育学园,edu,科教文化服务;培训机构;培训机构,武侯区,104.061621,30.639826,1
华西小学,edu,科教文化服务;学校;小学,武侯区,104.068656,30.640137,22
四川大学华西校区,edu,科教文化服务;学校;高等院校,武侯区,104.06605,30.643327,41
新邦教育,edu,科教文化服务;培训机构;培训机构,武侯区,104.073091,30.645371,28
清华大学出版社,edu,科教文化服务;传媒机构;出版社,武侯区,104.064915,30.641221,5
龙江路小学,edu,科教文化服务;学校;小学,武侯区,104.068473,30.647814,6
婴贝儿早教中心,edu,科教文化服务;学校;幼儿园,武侯区,104.072709,30.642591,9
寄生虫研究所,edu,科教文化服务;科研机构;科研机构,武侯区,104.068278,30.644999,7
川大后勤集团修缮中心华西接待室,edu,科教文化服务;学校;高等院校,武侯区,104.068939,30.64244,1
鼓手八火家,edu,科教文化服务;培训机构;培训机构,武侯区,104.067455,30.646009,2
智坊英语口语培训中心,edu,科教文化服务;科教文化场所;科教文化场所,武侯区,104.064493,30.642304,1
天欣驾校(新南门大学路店),edu,科教文化服务;科教文化场所;科教文化场所,武侯区,104.0664,30.646875,1
世纪东方传媒,edu,科教文化服务;传媒机构;传媒机构,武侯区,104.065644,30.639486,6
快乐学堂,edu,科教文化服务;培训机构;培训机构,武侯区,104.069806,30.646913,1
繁熙音乐文化,edu,科教文化服务;培训机构;培训机构,武侯区,104.080398,30.643381,3
花形风尚文化传播,edu,科教文化服务;科教文化场所;科教文化场所,武侯区,104.077386,30.646081,5
成都韵天文化传播有限责任公司,edu,公司企业;公司;公司|科教文化服务;传媒机构;传媒机构,武侯区,104.075396,30.644771,1
美伦钢琴,edu,科教文化服务;培训机构;培训机构,武侯区,104.07723,30.641339,51
王时培训,edu,科教文化服务;培训机构;培训机构,武侯区,104.078642,30.64475,2
四川省纺织工业设计院,edu,科教文化服务;科研机构;科研机构,锦江区,104.079965,30.646555,10
成都市老年大学,edu,科教文化服务;学校;成人教育,武侯区,104.082502,30.642829,5
武侯区致民路幼儿园,edu,科教文化服务;学校;幼儿园,武侯区,104.077537,30.643568,1
成都市技师学院临江路校区,edu,科教文化服务;学校;高等院校,武侯区,104.074285,30.647201,1
四川华文职业培训中心,edu,科教文化服务;培训机构;培训机构,锦江区,104.081168,30.648721,2
黑暗中对话体验馆,edu,科教文化服务;科教文化场所;科教文化场所,锦江区,104.074116,30.648773,2
筝琴韻雅,edu,科教文化服务;科教文化场所;科教文化场所,武侯区,104.076279,30.643777,4
临江东路社区家长学校,edu,科教文化服务;科教文化场所;科教文化场所,武侯区,104.076892,30.644632,1
驰鹏教育,edu,科教文化服务;培训机构;培训机构,武侯区,104.077906,30.638074,75
宋浩钢琴教育,edu,科教文化服务;培训机构;培训机构|公司企业;公司;公司,武侯区,104.078798,30.640444,1
节和律弦乐教育,edu,科教文化服务;培训机构;培训机构,武侯区,104.08348,30.640956,2
爵士鼓钢琴电子鼓培训,edu,科教文化服务;培训机构;培训机构,锦江区,104.080075,30.648993,1
君乐文化,edu,科教文化服务;科教文化场所;科教文化场所,锦江区,104.090193,30.645419,34
百喜听文化传媒,edu,科教文化服务;科教文化场所;科教文化场所,锦江区,104.084496,30.64513,2
凯翔培训,edu,科教文化服务;培训机构;培训机构,锦江区,104.088317,30.646196,23
亚麻影视制作工作室,edu,科教文化服务;传媒机构;传媒机构,锦江区,104.089681,30.642366,2
凯乐特文化传播有限公司,edu,科教文化服务;科教文化场所;科教文化场所,武侯区,104.085462,30.640152,1
中西教育,edu,科教文化服务;培训机构;培训机构,武侯区,104.086391,30.641196,12
新愿教育,edu,科教文化服务;培训机构;培训机构,锦江区,104.08951,30.643471,4
艺术蜥蜴,edu,科教文化服务;科教文化场所;科教文化场所,锦江区,104.091003,30.647715,28
诚信国际书画院,edu,科教文化服务;科教文化场所;科教文化场所,武侯区,104.084342,30.642699,4
四川省成都市七中育才学校,edu,科教文化服务;学校;中学,锦江区,104.08551,30.646947,1
莫高书院,edu,科教文化服务;培训机构;培训机构,锦江区,104.083865,30.647498,3
龙文教育(九眼桥校区),edu,科教文化服务;培训机构;培训机构,锦江区,104.092126,30.645359,2
成都化工研究设计院,edu,科教文化服务;科研机构;科研机构,锦江区,104.086458,30.644574,3
三幼树基福幼园,edu,科教文化服务;学校;幼儿园,锦江区,104.088103,30.642682,3
金苹果晶蓝半岛幼稚园,edu,科教文化服务;学校;幼儿园,锦江区,104.091814,30.643632,2
爱舞学堂,edu,科教文化服务;培训机构;培训机构,锦江区,104.092973,30.640167,3
水井坊街道水井坊社区家长学校,edu,科教文化服务;科教文化场所;科教文化场所,锦江区,104.086755,30.647147,2
新蜜蜂美术教育,edu,科教文化服务;培训机构;培训机构,锦江区,104.093354,30.64517,2
聚星小学,edu,科教文化服务;学校;小学,锦江区,104.099593,30.64665,9
孺子牛教育造价培训,edu,科教文化服务;培训机构;培训机构,锦江区,104.101208,30.642719,5
名师点拔,edu,科教文化服务;培训机构;培训机构,锦江区,104.099735,30.641331,11
成都瑞成教育,edu,科教文化服务;培训机构;培训机构,锦江区,104.103392,30.641217,3
成都市锦江区文化宫基本文化活动基地,edu,科教文化服务;科教文化场所;科教文化场所,锦江区,104.094686,30.643985,2
乒乓球培训,edu,科教文化服务;培训机构;培训机构,锦江区,104.102329,30.644905,9
娇子小学,edu,科教文化服务;学校;小学,锦江区,104.093502,30.643953,1
莲新幼儿园,edu,科教文化服务;学校;幼儿园,锦江区,104.097239,30.641229,1
成都神钢渠团技工学校,edu,科教文化服务;学校;职业技术学校,锦江区,104.097121,30.642982,2
上扬画室,edu,科教文化服务;培训机构;培训机构,锦江区,104.098032,30.640528,3
弦之狂技能培训工作室,edu,科教文化服务;科教文化场所;科教文化场所,锦江区,104.101464,30.646517,1
学衡国学堂,edu,科教文化服务;培训机构;培训机构,锦江区,104.095086,30.641979,1
精湛技能培训中心,edu,科教文化服务;培训机构;培训机构,锦江区,104.09818,30.643852,1
盛东画室,edu,科教文化服务;培训机构;培训机构,锦江区,104.096192,30.6464,4
成都新天艺术学校,edu,科教文化服务;培训机构;培训机构,锦江区,104.095555,30.641045,1
天空美术,edu,科教文化服务;美术馆;美术馆,锦江区,104.104797,30.644252,5
海莱特健身教练培训,edu,科教文化服务;培训机构;培训机构,成华区,104.103959,30.648674,1
疯狂教育,edu,科教文化服务;培训机构;培训机构,成华区,104.113015,30.644372,1
古筝工作室,edu,科教文化服务;培训机构;培训机构,成华区,104.116637,30.645347,3
嘉业幼儿园,edu,科教文化服务;学校;幼儿园,成华区,104.114092,30.645501,7
说客英语,edu,科教文化服务;培训机构;培训机构,成华区,104.119846,30.648136,7
双庆中学,edu,科教文化服务;学校;中学,成华区,104.1228,30.649026,2
成都爱思瑟国际学校,edu,科教文化服务;学校;学校,锦江区,104.115971,30.640023,1
四川国际标榜职业学院锦江校区,edu,科教文化服务;学校;高等院校,成华区,104.117583,30.6414,2
晨曦幼儿园(竞成路),edu,科教文化服务;学校;幼儿园,成华区,104.121108,30.645349,1
金苹果博文幼稚园,edu,科教文化服务;学校;幼儿园,成华区,104.115033,30.647926,4
智汇智学教育,edu,科教文化服务;培训机构;培训机构,成华区,104.122151,30.647998,1
成都市体育运动学校,edu,科教文化服务;学校;职业技术学校,成华区,104.127103,30.642539,4
五桂桥小学,edu,科教文化服务;学校;小学,成华区,104.128552,30.641038,1
天欣驾校(槐树店路店),edu,科教文化服务;科教文化场所;科教文化场所,成华区,104.123791,30.644591,1
未成年儿童保护中心,edu,科教文化服务;科教文化场所;科教文化场所,成华区,104.127214,30.644163,1
艺婷艺,edu,科教文化服务;培训机构;培训机构,成华区,104.136471,30.646928,7
优品婴幼园,edu,科教文化服务;学校;幼儿园,成华区,104.142371,30.645583,1
成都市华建学校,edu,科教文化服务;学校;学校,成华区,104.139581,30.648262,2
阆中大酒店-会议厅,edu,科教文化服务;会展中心;会展中心,成华区,104.139771,30.639536,1
成都魔术培训中心(东站校区),edu,科教文化服务;培训机构;培训机构,成华区,104.140019,30.641128,1
数字化学习空间,edu,科教文化服务;科教文化场所;科教文化场所,成华区,104.152065,30.646896,4
仁博教育,edu,科教文化服务;培训机构;培训机构,成华区,104.150518,30.643443,1
成都市建筑职业中专校,edu,科教文化服务;学校;职业技术学校,成华区,104.148057,30.642967,1
杨柳小学,edu,科教文化服务;学校;小学,成华区,104.146343,30.642777,1
培育幼儿园(杨柳路B段),edu,科教文化服务;学校;幼儿园,成华区,104.145861,30.641154,1
成都市机关二幼稚爱幼儿园,edu,科教文化服务;学校;幼儿园,成华区,104.149721,30.644611,1
利利培训中心,edu,科教文化服务;培训机构;培训机构,成华区,104.149932,30.646414,2
川大家教雨露托管,edu,科教文化服务;培训机构;培训机构,成华区,104.146982,30.641751,1
蜀安驾校(报名处),edu,科教文化服务;科教文化场所;科教文化场所,成华区,104.153845,30.640537,1
成都市明成学校,edu,科教文化服务;学校;中学,武侯区,103.966558,30.63932,2
中视传媒股份有限公司(武科西四路),edu,科教文化服务;传媒机构;传媒机构,武侯区,103.969892,30.631486,1
成都尧顺文化传播有限公司,edu,科教文化服务;传媒机构;传媒机构,武侯区,103.978098,30.633718,2
科幻博物馆,edu,科教文化服务;博物馆;博物馆,武侯区,103.975084,30.636758,9
成都百健佳文化传播有限公司,edu,科教文化服务;科教文化场所;科教文化场所,武侯区,103.981884,30.630372,3
小蚂蚁幼儿园,edu,科教文化服务;学校;幼儿园,武侯区,103.983564,30.6304,1
四川省安全宣传教育培训中心,edu,科教文化服务;培训机构;培训机构,武侯区,103.97546,30.63269,3
智谷软件技术职业技能培训学校,edu,科教文化服务;学校;职业技术学校,武侯区,103.976257,30.634902,1
成都天景汽车职业技能培训学校,edu,科教文化服务;培训机构;培训机构,武侯区,103.980335,30.634397,1
传承艺术中心,edu,科教文化服务;美术馆;美术馆,武侯区,103.978543,30.636951,1
香港卫视,edu,科教文化服务;科教文化场所;科教文化场所,武侯区,103.989781,30.636508,5
思邈教育,edu,科教文化服务;培训机构;培训机构,武侯区,103.984807,30.63951,3
西北综合勘察设计研究院(武科东二路),edu,科教文化服务;科研机构;科研机构,武侯区,103.987853,30.63309,1
成都市药物研究所,edu,科教文化服务;科研机构;科研机构,武侯区,103.985885,30.634164,1
友豪锦江酒店-会议厅,edu,科教文化服务;会展中心;会展中心,武侯区,103.992654,30.636228,1
欧博艺美艺术中心,edu,科教文化服务;美术馆;美术馆,武侯区,103.991713,30.629672,1
恩贝斯幼稚园,edu,科教文化服务;学校;幼儿园,武侯区,103.986811,30.632631,1
碧漾亲子游泳,edu,科教文化服务;科教文化场所;科教文化场所,武侯区,103.983946,30.636397,2
华夏艺术培训中心,edu,科教文化服务;培训机构;培训机构,武侯区,103.986464,30.629025,5
诺丁山贝贝星幼稚园,edu,科教文化服务;学校;幼儿园,武侯区,103.991971,30.633596,1
四川川大智胜软件股份有限公司-培训中心,edu,科教文化服务;培训机构;培训机构,武侯区,103.98769,30.630501,1
985影艺培训,edu,科教文化服务;培训机构;培训机构,武侯区,103.999098,30.635159,2
龙江路小学中粮祥云分校,edu,科教文化服务;学校;小学,武侯区,104.00283,30.630942,3
成都市麦可蕊幼稚园,edu,科教文化服务;学校;幼儿园,武侯区,103.99927,30.638351,1
楠玺宝贝幼儿园,edu,科教文化服务;学校;幼儿园,武侯区,103.999442,30.634097,2
和圆教育(太平园中六路),edu,科教文化服务;培训机构;培训机构,武侯区,103.999754,30.63073,1
睿奇教育,edu,科教文化服务;培训机构;培训机构,武侯区,104.002367,30.629711,1
童艺美术培训中心,edu,科教文化服务;培训机构;培训机构,武侯区,104.000531,30.632274,1
艺乐东方(巴厘岛校区),edu,科教文化服务;培训机构;培训机构,武侯区,104.000736,30.63113,1
武侯文体中心,edu,科教文化服务;文化宫;文化宫,武侯区,104.006383,30.637093,6
疯狂钢琴(大悦城店),edu,科教文化服务;培训机构;培训机构,武侯区,104.007975,30.629377,7
桦林贝尔幼稚园,edu,科教文化服务;学校;幼儿园,武侯区,104.007369,30.638791,4
四川省文添文化传播有限公司,edu,科教文化服务;科教文化场所;科教文化场所,武侯区,104.012998,30.637598,1
四川艺塾色彩文化传播有限公司,edu,科教文化服务;科教文化场所;科教文化场所,武侯区,104.012566,30.631676,1
四川电大,edu,科教文化服务;学校;成人教育,武侯区,104.008851,30.637876,4
叮当宠物幼儿园,edu,购物服务;花鸟鱼虫市场;宠物市场|科教文化服务;学校;幼儿园,武侯区,104.011314,30.635364,2
成都西虎文化传播有限公司,edu,科教文化服务;传媒机构;传媒机构,武侯区,104.01544,30.63295,1
新蕾出版社,edu,科教文化服务;传媒机构;出版社,武侯区,104.02293,30.63229,2
太平小学,edu,科教文化服务;学校;小学,武侯区,104.020254,30.632567,1
四川省交通管理学校,edu,科教文化服务;学校;学校,武侯区,104.020532,30.631131,1
成都市顺达博物馆,edu,科教文化服务;博物馆;博物馆,武侯区,104.020671,30.636751,1
中共四川省交通运输厅党校,edu,科教文化服务;培训机构;培训机构,武侯区,104.02161,30.630784,4
成都市第十幼儿园分园,edu,科教文化服务;学校;幼儿园,武侯区,104.014939,30.634436,2
希望幼儿园(永顺街),edu,科教文化服务;学校;幼儿园,武侯区,104.01864,30.635713,1
华夏古筝艺术学校,edu,科教文化服务;学校;职业技术学校,武侯区,104.013843,30.639434,1
四川省防灾减灾教育馆(中环路武阳大道段),edu,科教文化服务;科教文化场所;科教文化场所,武侯区,104.014734,30.631524,1
米缔亚肚皮舞,edu,科教文化服务;培训机构;培训机构,武侯区,104.031003,30.633956,23
成都超艺文化传播有限公司,edu,科教文化服务;科教文化场所;科教文化场所,武侯区,104.029764,30.635729,1
杰芭蕾,edu,科教文化服务;培训机构;培训机构,武侯区,104.025627,30.635873,17
成都信誉音乐培训,edu,科教文化服务;培训机构;培训机构,武侯区,104.032787,30.639056,3
曼迪拉丁舞培训学校,edu,科教文化服务;培训机构;培训机构,武侯区,104.030679,30.638126,5
幼师丽都幼儿园,edu,科教文化服务;学校;幼儿园,武侯区,104.033525,30.630438,2
金蕾笛幼儿园,edu,科教文化服务;学校;幼儿园,武侯区,104.02748,30.632308,4
广播电视大学(红牌楼店),edu,科教文化服务;学校;成人教育,武侯区,104.03176,30.636598,2
阿帕图英语,edu,科教文化服务;培训机构;培训机构,武侯区,104.032269,30.632283,2
车饰汽车装饰学校,edu,科教文化服务;培训机构;培训机构,武侯区,104.023848,30.63153,1
红十字会卫生救护培训基地,edu,科教文化服务;培训机构;培训机构,武侯区,104.027772,30.634281,1
戴氏教育(高考升学中心),edu,科教文化服务;培训机构;培训机构|公司企业;公司;公司,武侯区,104.024523,30.629501,1
肖家河书画社,edu,科教文化服务;科教文化场所;科教文化场所,武侯区,104.03919,30.631384,8
成都薇薇千禧文化传播有限公司,edu,科教文化服务;科教文化场所;科教文化场所,武侯区,104.036001,30.63208,1
贝美乐启蒙教育,edu,科教文化服务;培训机构;培训机构,武侯区,104.04279,30.637863,2
三味书院,edu,科教文化服务;培训机构;培训机构,武侯区,104.040235,30.636343,5
成都上程至上文化传播有限公司,edu,科教文化服务;科教文化场所;科教文化场所,武侯区,104.035115,30.630728,1
金老师韩国语教室,edu,科教文化服务;培训机构;培训机构,武侯区,104.038072,30.633888,4
成都西川中学,edu,科教文化服务;学校;中学,武侯区,104.035841,30.634486,1
少儿频道,edu,科教文化服务;科教文化场所;科教文化场所,武侯区,104.038096,30.629005,11
星学堂,edu,科教文化服务;培训机构;培训机构,武侯区,104.042617,30.632456,5
成都未来学校,edu,科教文化服务;学校;学校,武侯区,104.036935,30.63485,6
岷山拉萨大酒店-会议厅,edu,科教文化服务;会展中心;会展中心,武侯区,104.039431,30.636877,1
罗浮世家科技实验幼儿园,edu,科教文化服务;学校;幼儿园,武侯区,104.037178,30.63763,2
戴氏教育(肖家河沿街),edu,科教文化服务;培训机构;培训机构|科教文化服务;学校;学校,武侯区,104.03851,30.63275,1
炫音艺术,edu,科教文化服务;培训机构;培训机构,武侯区,104.040313,30.63373,2
成都社区中医专家研究基地,edu,科教文化服务;科研机构;科研机构,武侯区,104.041093,30.634822,2
成都西南儿童自闭症研究院,edu,科教文化服务;科研机构;科研机构,武侯区,104.03407,30.637616,2
西南民族大学教务处,edu,科教文化服务;学校;高等院校,武侯区,104.046856,30.63857,9
成都墨池学校,edu,科教文化服务;学校;学校,武侯区,104.048972,30.635134,4
医学验光,edu,科教文化服务;科教文化场所;科教文化场所,武侯区,104.05062,30.638271,8
电大办公室,edu,科教文化服务;科教文化场所;科教文化场所,武侯区,104.052675,30.632889,6
四川广播电视大学,edu,科教文化服务;学校;成人教育,武侯区,104.047622,30.634222,4
无忧教育,edu,科教文化服务;培训机构;培训机构,武侯区,104.052582,30.635749,9
长盛帝都国际酒店-会议厅,edu,科教文化服务;会展中心;会展中心,武侯区,104.045834,30.629925,1
川办幼儿园,edu,科教文化服务;学校;幼儿园,武侯区,104.047025,30.636618,1
天籁艺术学校,edu,科教文化服务;学校;学校|科教文化服务;培训机构;培训机构,武侯区,104.046197,30.632253,2
清河完小,edu,科教文化服务;学校;小学,武侯区,104.048285,30.637822,2
永丰社区太极拳辅导站,edu,科教文化服务;培训机构;培训机构,武侯区,104.043706,30.635652,2
金万汇幼稚园,edu,科教文化服务;学校;幼儿园,武侯区,104.049798,30.633753,2
婷de邬托邦,edu,科教文化服务;培训机构;培训机构,武侯区,104.053242,30.631066,4
精灵之舞,edu,科教文化服务;培训机构;培训机构,武侯区,104.044843,30.630472,3
刘氏传承书院,edu,科教文化服务;培训机构;培训机构,武侯区,104.044814,30.633032,2
四川省教育考试院信访接待室,edu,科教文化服务;科教文化场所;科教文化场所,武侯区,104.049533,30.629777,1
芳莆幼儿园,edu,科教文化服务;学校;幼儿园,武侯区,104.050887,30.631344,1
新天艺术学校,edu,科教文化服务;学校;职业技术学校|科教文化服务;培训机构;培训机构,武侯区,104.059979,30.635195,14
艺术教育,edu,科教文化服务;培训机构;培训机构,武侯区,104.05653,30.635243,20
东华幼儿园(小天北街),edu,科教文化服务;学校;幼儿园,武侯区,104.056518,30.638223,1
武侯计算机实验小学,edu,科教文化服务;学校;小学,武侯区,104.060777,30.638323,3
天翼羽毛球馆,edu,科教文化服务;培训机构;培训机构,武侯区,104.061954,30.635114,4
成都爱萌幼稚园,edu,科教文化服务;学校;幼儿园,武侯区,104.05908,30.633221,1
玉林街道玉林北路社区档案室,edu,科教文化服务;档案馆;档案馆,武侯区,104.058703,30.630806,2
农行培训学校,edu,科教文化服务;培训机构;培训机构,武侯区,104.06085,30.630369,3
西南银屑病研究院,edu,科教文化服务;科研机构;科研机构,武侯区,104.063058,30.637436,2
成都舞姿舞蹈俱乐部,edu,科教文化服务;培训机构;培训机构,武侯区,104.054942,30.638388,1
亚太教育,edu,科教文化服务;培训机构;培训机构,武侯区,104.066426,30.632171,44
金点子,edu,科教文化服务;培训机构;培训机构,武侯区,104.059152,30.637776,2
海伦凯勒青少年训练营,edu,科教文化服务;培训机构;培训机构,武侯区,104.05879,30.639038,2
成都经财会计职业技能培训学校,edu,科教文化服务;培训机构;培训机构,武侯区,104.0618,30.631851,2
玉林村出版社,edu,科教文化服务;传媒机构;出版社,武侯区,104.05978,30.632547,1
慧科教育,edu,科教文化服务;培训机构;培训机构,武侯区,104.070499,30.635614,25
协创教育,edu,科教文化服务;培训机构;培训机构,武侯区,104.06515,30.635642,33
成都广播电视大学,edu,科教文化服务;学校;成人教育,武侯区,104.071264,30.632428,12
威纳舞蹈,edu,科教文化服务;培训机构;培训机构,武侯区,104.073443,30.638156,10
棕北中学,edu,科教文化服务;学校;中学,武侯区,104.068662,30.629547,1
成都师范学院,edu,科教文化服务;学校;高等院校,武侯区,104.063699,30.638819,1
四川省科学技术研究成果档案馆,edu,科教文化服务;档案馆;档案馆,武侯区,104.066676,30.630209,2
童心亲子园,edu,科教文化服务;学校;幼儿园,武侯区,104.070125,30.638077,3
成都市第十一幼儿园棕北园区,edu,科教文化服务;学校;幼儿园,武侯区,104.071264,30.629962,2
小学馆,edu,科教文化服务;科教文化场所;科教文化场所,武侯区,104.082114,30.637887,7
造价员培训,edu,科教文化服务;培训机构;培训机构,武侯区,104.075966,30.632627,174
道德讲堂,edu,科教文化服务;培训机构;培训机构,武侯区,104.076551,30.636457,21
四川大学(望江校区),edu,科教文化服务;学校;高等院校,武侯区,104.081604,30.634772,10
四川大学-教育部,edu,科教文化服务;学校;高等院校,武侯区,104.074356,30.635348,13
龙门教育,edu,科教文化服务;培训机构;培训机构,武侯区,104.080497,30.638698,10
四川大学望江校区体育学院,edu,科教文化服务;学校;高等院校,武侯区,104.0814,30.631262,3
四川音乐学院校本部综合楼,edu,科教文化服务;学校;高等院校,武侯区,104.075877,30.638985,6
四川大学望江校区第二幼儿园,edu,科教文化服务;学校;幼儿园,武侯区,104.079691,30.631196,2
爱乐教室,edu,科教文化服务;培训机构;培训机构,武侯区,104.08068,30.630087,1
四川大学望江校区(南门),edu,科教文化服务;学校;高等院校|通行设施;临街院门;临街院门,武侯区,104.079437,30.629421,2
竹文化陈列馆,edu,科教文化服务;展览馆;展览馆,武侯区,104.087823,30.635,119
天府数学杂志社,edu,科教文化服务;传媒机构;杂志社,武侯区,104.084683,30.634007,52
四川大学望江校区艺术学院,edu,科教文化服务;学校;高等院校,武侯区,104.084617,30.635633,3
四川省成都市第十二中学,edu,科教文化服务;学校;中学,武侯区,104.084032,30.637462,1
成都市田家炳中学,edu,科教文化服务;学校;中学,锦江区,104.092282,30.633558,1
四川大学-附属中学,edu,科教文化服务;学校;中学,武侯区,104.083863,30.638675,1
成都薛涛研究会,edu,科教文化服务;科研机构;科研机构,武侯区,104.087851,30.629846,2
院史馆,edu,科教文化服务;科教文化场所;科教文化场所,锦江区,104.092784,30.635217,1
爱莲学堂,edu,科教文化服务;培训机构;培训机构,锦江区,104.096553,30.637618,10
汇蓉嘉瑞文化传播有限公司,edu,科教文化服务;传媒机构;传媒机构,锦江区,104.102153,30.637796,1
大千教育青少年文化艺术中心(莲桂教学区),edu,科教文化服务;培训机构;培训机构,锦江区,104.094577,30.637622,1
启智教育,edu,科教文化服务;培训机构;培训机构,锦江区,104.095001,30.630616,6
盐道街小学,edu,科教文化服务;学校;小学,锦江区,104.094638,30.638696,2
四川师大附中初中部,edu,科教文化服务;学校;中学,锦江区,104.097731,30.636697,1
成都十九中,edu,科教文化服务;学校;中学,锦江区,104.09398,30.634416,2
四川省畜牧科学研究院,edu,科教文化服务;科研机构;科研机构,锦江区,104.103452,30.629723,3
就好宣传中心,edu,科教文化服务;传媒机构;传媒机构,锦江区,104.096448,30.633226,10
西南华西胎记研究院,edu,科教文化服务;科研机构;科研机构,锦江区,104.09674,30.629619,6
龙舟社区幼儿园,edu,科教文化服务;学校;幼儿园,锦江区,104.095665,30.632325,1
奇伟画室,edu,科教文化服务;培训机构;培训机构,锦江区,104.09766,30.635255,9
成都市锦江区青少年宫(龙舟南街),edu,科教文化服务;文化宫;文化宫,锦江区,104.094302,30.62941,1
核工业西南勘察设计研究院,edu,科教文化服务;科研机构;科研机构,锦江区,104.099536,30.634507,2
华西都市报,edu,科教文化服务;科教文化场所;科教文化场所,锦江区,104.098344,30.630221,1
精锐教育(成都锦江学习中心),edu,科教文化服务;科教文化场所;科教文化场所,锦江区,104.101885,30.634115,2
五福桥社区学堂,edu,科教文化服务;培训机构;培训机构,锦江区,104.102272,30.629928,2
易优学堂,edu,科教文化服务;培训机构;培训机构,锦江区,104.096004,30.63584,2
柳橙教育,edu,科教文化服务;培训机构;培训机构,锦江区,104.100602,30.638077,3
浩浩学习(莲桂南路),edu,科教文化服务;培训机构;培训机构,锦江区,104.096198,30.634923,1
天才宝贝(锦江中心),edu,科教文化服务;培训机构;培训机构,锦江区,104.107213,30.637985,3
成都市七中实验,edu,科教文化服务;科教文化场所;科教文化场所,锦江区,104.104458,30.634051,2
文轩YOYO国际幼稚园,edu,科教文化服务;学校;幼儿园,锦江区,104.105355,30.635174,1
弘韵飞乐,edu,科教文化服务;培训机构;培训机构,锦江区,104.107484,30.634657,2
星艺美教育,edu,科教文化服务;培训机构;培训机构,锦江区,104.109235,30.633491,1
爱舞·舞蹈培训中心,edu,科教文化服务;培训机构;培训机构,锦江区,104.103956,30.632396,4
锦江区青年大学生公共卫生创业就业实训基地,edu,科教文化服务;科教文化场所;科教文化场所,锦江区,104.10661,30.631932,1
成都师范附属小学慧源校区,edu,科教文化服务;学校;小学,锦江区,104.107013,30.633049,1
成都格林威教育(澳龙名城校区店),edu,科教文化服务;培训机构;培训机构,锦江区,104.108449,30.632243,1
新亚艺术学校,edu,科教文化服务;学校;学校,锦江区,104.115751,30.633334,11
成都市第三幼儿园国际新城园区,edu,科教文化服务;学校;幼儿园,锦江区,104.116211,30.638851,1
阳光艺术团,edu,科教文化服务;文艺团体;文艺团体,锦江区,104.12143,30.63697,1
夏天美术,edu,科教文化服务;培训机构;培训机构,成华区,104.15138,30.631858,12
望梦圆教育,edu,科教文化服务;培训机构;培训机构,成华区,104.145974,30.634008,2
尚沃学校,edu,科教文化服务;学校;学校,成华区,104.149152,30.629969,6
成都帝杰文化传播有限公司,edu,科教文化服务;科教文化场所;科教文化场所,成华区,104.146763,30.634977,1
成都树德小学,edu,科教文化服务;学校;小学,成华区,104.14986,30.631176,3
蓉城小学,edu,科教文化服务;学校;小学,成华区,104.14371,30.634264,2
蓝图艺术,edu,科教文化服务;美术馆;美术馆,成华区,104.152812,30.629732,3
成都市检查井盖研发和培训基地,edu,科教文化服务;科研机构;科研机构,成华区,104.15002,30.639114,1
成艺艺术培训中心,edu,科教文化服务;培训机构;培训机构,成华区,104.145112,30.63509,1
心灵益栈,edu,科教文化服务;培训机构;培训机构,成华区,104.150912,30.629148,14
宏图腾少儿教育(和美西路),edu,科教文化服务;培训机构;培训机构,成华区,104.1492,30.633193,1
小步亲子阅读中心,edu,科教文化服务;科教文化场所;科教文化场所,成华区,104.153139,30.632408,1
苗苗幼儿园(芙蓉社区西北),edu,科教文化服务;学校;幼儿园,成华区,104.159055,30.634683,1
成都市第四十九中学分校(建设中),edu,科教文化服务;学校;中学,成华区,104.154271,30.632423,1
英宝贝,edu,科教文化服务;培训机构;培训机构,成华区,104.157155,30.630511,1
童心幼儿园,edu,科教文化服务;学校;幼儿园,武侯区,103.969041,30.624312,1
红苹果幼儿园,edu,科教文化服务;学校;幼儿园,武侯区,103.966196,30.626153,1
四川省工业环境监测研究院(武科西三路),edu,科教文化服务;科研机构;科研机构,武侯区,103.973592,30.629206,2
姿博艺术学校,edu,科教文化服务;培训机构;培训机构,武侯区,103.971238,30.622148,1
金花桥街道总工会职工技能派中派培训点,edu,科教文化服务;科教文化场所;科教文化场所,武侯区,103.968609,30.627252,1
成都双凤职业技能培训学校,edu,科教文化服务;学校;职业技术学校,武侯区,103.964409,30.620933,1
成都明德博学文化艺术中心,edu,科教文化服务;培训机构;培训机构,武侯区,103.974329,30.625868,1
北京协同共享文化传播有限公司成都办事处,edu,科教文化服务;科教文化场所;科教文化场所,武侯区,103.981274,30.628024,1
西南干线交通会议中心,edu,科教文化服务;会展中心;会展中心,武侯区,103.975991,30.625706,2
呱呱童画,edu,科教文化服务;培训机构;培训机构,武侯区,103.991995,30.625666,5
农银大学,edu,科教文化服务;学校;高等院校,武侯区,103.985175,30.626238,3
武顺街小学,edu,科教文化服务;学校;小学,武侯区,103.984353,30.620169,1
维也纳艺术中心,edu,科教文化服务;美术馆;美术馆|科教文化服务;培训机构;培训机构,武侯区,103.985648,30.623829,1
新蒙幼儿园,edu,科教文化服务;学校;幼儿园,武侯区,103.989838,30.624406,1
新蒙私塾园,edu,科教文化服务;培训机构;培训机构,武侯区,103.988576,30.624189,1
成都彩虹集团研究所,edu,科教文化服务;科研机构;科研机构,武侯区,103.991006,30.627796,1
哈佛之星幼稚园,edu,科教文化服务;学校;幼儿园,武侯区,103.997364,30.628553,3
成都市武侯区蓝天幼儿园(太平园西路),edu,科教文化服务;学校;幼儿园,武侯区,104.003485,30.621479,1
成都市第五十七实验学校(西区),edu,科教文化服务;学校;小学,武侯区,104.001224,30.62188,1
成都青弥文化传播有限公司,edu,科教文化服务;传媒机构;传媒机构,武侯区,104.006425,30.625203,2
西南民族大学太平园校区,edu,科教文化服务;学校;高等院校,武侯区,104.011642,30.622882,2
成都市第五十七实验学校,edu,科教文化服务;学校;小学,武侯区,104.011882,30.625633,1
百草园小学,edu,科教文化服务;学校;小学,武侯区,104.003853,30.624006,2
灰姑娘国际儿童艺术中心,edu,科教文化服务;美术馆;美术馆,武侯区,104.009364,30.627564,2
博睿电视墙,edu,科教文化服务;科教文化场所;科教文化场所,武侯区,104.009744,30.619773,1
歆歆幼儿园总园,edu,科教文化服务;学校;幼儿园,武侯区,104.01168,30.626656,1
成都迪凡文化传播有限公司,edu,科教文化服务;科教文化场所;科教文化场所,武侯区,104.020109,30.62809,1
波尔菲特酒店-会议厅,edu,科教文化服务;会展中心;会展中心,武侯区,104.021008,30.629083,2
西南民族大学-继续教育学院,edu,科教文化服务;学校;成人教育,武侯区,104.014165,30.623409,1
四川省减灾中心,edu,科教文化服务;科研机构;科研机构,武侯区,104.023058,30.623901,1
国际私塾,edu,科教文化服务;培训机构;培训机构,武侯区,104.03048,30.626156,7
圣迪幼儿园,edu,科教文化服务;学校;幼儿园,武侯区,104.024442,30.625649,3
四川中医高等专科学校,edu,科教文化服务;学校;高等院校,武侯区,104.027554,30.628234,4
福善莲根禅文化艺术馆,edu,科教文化服务;美术馆;美术馆,武侯区,104.028506,30.62267,1
华西科研基地,edu,科教文化服务;科教文化场所;科教文化场所,武侯区,104.030261,30.621111,7
道恩文化传播有限公司,edu,科教文化服务;科教文化场所;科教文化场所,武侯区,104.043267,30.625675,1
阳光美语,edu,科教文化服务;培训机构;培训机构,武侯区,104.034863,30.62799,7
中国电子科技集团公司第三十研究所,edu,科教文化服务;科研机构;科研机构,武侯区,104.040756,30.625426,1
四川广电,edu,科教文化服务;科教文化场所;科教文化场所,武侯区,104.035101,30.621739,5
精密激光聚变研究中心,edu,科教文化服务;科教文化场所;科教文化场所,武侯区,104.038545,30.627032,2
联谊社区图书室,edu,科教文化服务;图书馆;图书馆,武侯区,104.04306,30.629066,2
诺亚方舟-会议厅,edu,科教文化服务;会展中心;会展中心,武侯区,104.036969,30.61994,1
中国美网美术馆,edu,科教文化服务;美术馆;美术馆,武侯区,104.042114,30.62641,2
学大教育,edu,科教文化服务;培训机构;培训机构,武侯区,104.043341,30.622832,15
四川明信钾盐技术研究院,edu,科教文化服务;科研机构;科研机构,武侯区,104.034649,30.619543,1
峨眉电影频道,edu,科教文化服务;科教文化场所;科教文化场所,武侯区,104.040197,30.622878,3
播澜儿童艺术创想,edu,科教文化服务;科教文化场所;科教文化场所,武侯区,104.041415,30.620357,2
达内教育,edu,科教文化服务;培训机构;培训机构,武侯区,104.036613,30.624224,1
i2国际私塾(紫荆西路),edu,科教文化服务;培训机构;培训机构,武侯区,104.042792,30.620137,1
江西省交通设计院成都分公司,edu,科教文化服务;科教文化场所;科教文化场所,武侯区,104.033798,30.626496,1
成都倍特药业研发中心,edu,科教文化服务;科教文化场所;科教文化场所,武侯区,104.035119,30.623742,1
责商教育,edu,科教文化服务;科教文化场所;科教文化场所,武侯区,104.040123,30.62908,1
广达新网研究院,edu,科教文化服务;科研机构;科研机构,武侯区,104.035845,30.625681,1
成都玉林中学芳草校区,edu,科教文化服务;学校;中学,武侯区,104.050597,30.627782,3
成都高新实验中学,edu,科教文化服务;学校;中学,武侯区,104.044048,30.620366,4
成都维克特文化传播有限公司,edu,科教文化服务;科教文化场所;科教文化场所,武侯区,104.047117,30.625208,1
成都师范银都小学,edu,科教文化服务;学校;小学,武侯区,104.051175,30.623426,5
艺蓉舞校,edu,科教文化服务;培训机构;培训机构,武侯区,104.04869,30.62893,2
成都倍得管理培训有限公司,edu,科教文化服务;培训机构;培训机构,武侯区,104.045409,30.628936,3
紫荆幼儿园,edu,科教文化服务;学校;幼儿园,武侯区,104.050482,30.620119,2
金苹果银都国际幼稚园,edu,科教文化服务;学校;幼儿园,武侯区,104.053335,30.620888,1
芳草老年大学,edu,科教文化服务;学校;成人教育,武侯区,104.052359,30.627095,1
气球艺术,edu,科教文化服务;美术馆;美术馆,武侯区,104.053035,30.618739,40
丹秋名师堂,edu,科教文化服务;科教文化场所;科教文化场所,武侯区,104.047025,30.627584,2
成都天娇艺术吉他培训(神仙树店),edu,科教文化服务;培训机构;培训机构,武侯区,104.046584,30.622304,1
成都声乐培训(天娇艺术南门神仙树校区),edu,科教文化服务;培训机构;培训机构,武侯区,104.046032,30.621438,1
四川山水文化传播有限公司,edu,科教文化服务;科教文化场所;科教文化场所,武侯区,104.060463,30.626177,1
光亚幼稚园(蓓蕾街),edu,科教文化服务;学校;幼儿园,武侯区,104.05429,30.628517,4
兰西小屋,edu,科教文化服务;培训机构;培训机构,武侯区,104.062572,30.623295,8
希望英语,edu,科教文化服务;培训机构;培训机构,武侯区,104.055424,30.620031,8
玉林小学,edu,科教文化服务;学校;小学,武侯区,104.056946,30.627475,28
成都桃李成人钢琴培训工作室,edu,科教文化服务;科教文化场所;科教文化场所,武侯区,104.060883,30.618941,4
数字博物馆,edu,科教文化服务;博物馆;博物馆,武侯区,104.063964,30.624885,4
Friends-House,edu,科教文化服务;培训机构;培训机构,武侯区,104.056357,30.623872,2
成都市民道德讲堂,edu,科教文化服务;培训机构;培训机构,武侯区,104.061724,30.625363,2
四川华普医院会议室,edu,科教文化服务;会展中心;会展中心,武侯区,104.05599,30.621196,1
满江红会议厅,edu,科教文化服务;会展中心;会展中心,武侯区,104.054753,30.623198,5
中国地质科学院矿产综合利用研究所,edu,科教文化服务;科研机构;科研机构,武侯区,104.059276,30.62311,2
四川日报,edu,科教文化服务;传媒机构;报社,武侯区,104.059467,30.629176,1
英艺东区幼儿园,edu,科教文化服务;学校;幼儿园,武侯区,104.06063,30.628762,1
四川省机械研究设计院,edu,科教文化服务;科研机构;科研机构,武侯区,104.058666,30.627165,1
青漩美育,edu,科教文化服务;科教文化场所;科教文化场所,武侯区,104.059192,30.620775,3
云顶雅居社区图书馆,edu,科教文化服务;图书馆;图书馆,武侯区,104.059823,30.623901,1
琴瑟和鸣,edu,科教文化服务;科教文化场所;科教文化场所,武侯区,104.069082,30.627207,76
霍芬教育,edu,科教文化服务;培训机构;培训机构,武侯区,104.065495,30.621053,17
成都脉脉文化传播有限公司,edu,科教文化服务;科教文化场所;科教文化场所,武侯区,104.068461,30.621609,1
宏欣画室,edu,科教文化服务;培训机构;培训机构,武侯区,104.065233,30.626528,10
四川艾青莲文化传播有限公司,edu,科教文化服务;科教文化场所;科教文化场所,武侯区,104.070491,30.620575,1
红狐英语,edu,科教文化服务;培训机构;培训机构,武侯区,104.068684,30.625608,5
青元教育,edu,科教文化服务;培训机构;培训机构,武侯区,104.064498,30.628815,22
棕北小学,edu,科教文化服务;学校;小学,武侯区,104.071154,30.625084,4
爱康培训,edu,科教文化服务;培训机构;培训机构,武侯区,104.072257,30.628834,4
凯宾斯基饭店-会议厅,edu,科教文化服务;会展中心;会展中心,武侯区,104.063723,30.621037,2
川航教育,edu,科教文化服务;培训机构;培训机构,武侯区,104.068013,30.623082,9
梦之声艺术中心,edu,科教文化服务;培训机构;培训机构,武侯区,104.067956,30.62421,2
品信传媒,edu,科教文化服务;科教文化场所;科教文化场所,武侯区,104.063918,30.626203,3
空林琴馆,edu,科教文化服务;科教文化场所;科教文化场所,武侯区,104.07377,30.620773,16
金苹果锦官新城全程幼稚园,edu,科教文化服务;学校;幼儿园,武侯区,104.071088,30.619702,1
枫华国际,edu,科教文化服务;培训机构;培训机构,武侯区,104.07434,30.627098,23
内江市水景喷泉研究所成都分所,edu,科教文化服务;科教文化场所;科教文化场所,武侯区,104.066092,30.623482,1
燕园教育,edu,科教文化服务;培训机构;培训机构,武侯区,104.073857,30.625686,7
四川省自动化仪表研究所,edu,科教文化服务;科研机构;科研机构,武侯区,104.077491,30.623592,6
蝶舞艺术培训学校,edu,科教文化服务;培训机构;培训机构,武侯区,104.074728,30.624217,6
四川大学(望江校区)-摄扉文化传播,edu,科教文化服务;科教文化场所;科教文化场所,武侯区,104.07679,30.62601,1
海蓉双语幼园,edu,科教文化服务;学校;幼儿园,武侯区,104.080238,30.625574,1
浩然幼儿园,edu,科教文化服务;学校;幼儿园,武侯区,104.081768,30.62045,1
英联国际英语,edu,科教文化服务;培训机构;培训机构,武侯区,104.075895,30.623158,1
汇谦国学堂,edu,科教文化服务;培训机构;培训机构,武侯区,104.078752,30.627989,2
土星艺韵艺术画室,edu,科教文化服务;培训机构;培训机构,锦江区,104.089816,30.625816,3
卓越教育(河滨路),edu,科教文化服务;培训机构;培训机构,锦江区,104.091273,30.628439,5
追风轮滑,edu,科教文化服务;培训机构;培训机构,锦江区,104.093182,30.623169,12
行动成功,edu,科教文化服务;科教文化场所;科教文化场所,锦江区,104.088342,30.622567,7
成都爱尚易播文化传播有限公司,edu,科教文化服务;传媒机构;传媒机构,锦江区,104.090826,30.627013,1
东湖小学,edu,科教文化服务;学校;小学,锦江区,104.090084,30.620376,1
域上和美艺术馆,edu,科教文化服务;美术馆;美术馆,锦江区,104.086029,30.621025,1
凯乐尔特教育咨询中心,edu,科教文化服务;培训机构;培训机构,锦江区,104.087191,30.628444,3
成都瑞麒和书画馆,edu,购物服务;专卖店;古玩字画店|科教文化服务;培训机构;培训机构,锦江区,104.083792,30.627092,1
雨齐舞蹈工作室,edu,科教文化服务;培训机构;培训机构,锦江区,104.086063,30.624171,1
紫砂壶及名人书画交流中心,edu,科教文化服务;科教文化场所;科教文化场所,锦江区,104.087516,30.623947,1
瑞思学科英语(二环路东五段),edu,科教文化服务;培训机构;培训机构,锦江区,104.093212,30.625116,1
欧之派技能培训,edu,科教文化服务;培训机构;培训机构,锦江区,104.095055,30.624346,9
聪明宝宝,edu,科教文化服务;培训机构;培训机构,锦江区,104.097041,30.62117,9
芝兰幼稚园,edu,科教文化服务;学校;幼儿园,锦江区,104.101366,30.622256,2
墨香校园,edu,科教文化服务;科教文化场所;科教文化场所,锦江区,104.099724,30.626714,12
东京幼儿园,edu,科教文化服务;学校;幼儿园,锦江区,104.098053,30.625352,1
百姓学苑,edu,科教文化服务;图书馆;图书馆,锦江区,104.098283,30.622567,3
鼎一教育,edu,科教文化服务;培训机构;培训机构,锦江区,104.095782,30.626292,8
托管美术,edu,科教文化服务;美术馆;美术馆,锦江区,104.103277,30.623015,1
华希教育艺术中心,edu,科教文化服务;美术馆;美术馆,锦江区,104.096732,30.61959,4
河滨幼儿园,edu,科教文化服务;学校;幼儿园,锦江区,104.094276,30.628086,1
益学堂,edu,科教文化服务;培训机构;培训机构,锦江区,104.09987,30.61965,7
博蓓幼稚园,edu,科教文化服务;学校;幼儿园,锦江区,104.09687,30.624143,1
亚当会计教育,edu,科教文化服务;培训机构;培训机构,锦江区,104.093866,30.626387,5
羽艺艺术,edu,科教文化服务;培训机构;培训机构,锦江区,104.100302,30.623734,7
阳光育人教育,edu,科教文化服务;培训机构;培训机构,锦江区,104.099885,30.625104,4
匡老师吉他艺术中心,edu,科教文化服务;培训机构;培训机构,锦江区,104.097011,30.628308,3
四川省农业科学院,edu,科教文化服务;科研机构;科研机构,锦江区,104.104929,30.625894,9
成都扬帆文化传播有限公司,edu,科教文化服务;科教文化场所;科教文化场所,锦江区,104.104408,30.622425,1
朗易教育,edu,科教文化服务;培训机构;培训机构,锦江区,104.113327,30.621786,4
一品私塾,edu,科教文化服务;培训机构;培训机构,锦江区,104.109445,30.620429,10
沙河街道综合文化活动中心,edu,科教文化服务;文化宫;文化宫,锦江区,104.110999,30.623059,1
爱心幼儿园(牛沙路),edu,科教文化服务;学校;幼儿园,锦江区,104.104855,30.62899,6
成都市锦江区永兴幼儿园,edu,科教文化服务;学校;幼儿园,锦江区,104.105352,30.620543,1
水墨空间四川东方书画艺术研究会,edu,科教文化服务;科研机构;科研机构,锦江区,104.105078,30.621685,1
四川省农业科学院遥感应用研究所,edu,科教文化服务;科研机构;科研机构,锦江区,104.107592,30.626111,3
博雅书画社,edu,科教文化服务;科教文化场所;科教文化场所,锦江区,104.1042,30.620262,1
四川省农科院信息所比尔中心,edu,科教文化服务;科教文化场所;科教文化场所,锦江区,104.10792,30.624425,3
育奇英语(静康路),edu,科教文化服务;培训机构;培训机构,锦江区,104.105353,30.623784,2
成都市射击运动学校,edu,科教文化服务;学校;职业技术学校,锦江区,104.110258,30.626969,1
花果小学校,edu,科教文化服务;学校;小学,锦江区,104.117413,30.620597,8
四川邮电职业技术学院,edu,科教文化服务;学校;职业技术学校,锦江区,104.121224,30.622255,3
四川邮电职业技术学院图书馆,edu,科教文化服务;图书馆;图书馆,锦江区,104.122394,30.622925,3
菱窠路小学,edu,科教文化服务;学校;小学,锦江区,104.119145,30.620516,1
沙河堡小学,edu,科教文化服务;学校;小学,锦江区,104.120795,30.62805,1
艺先锋教育,edu,科教文化服务;培训机构;培训机构,锦江区,104.121527,30.625297,3
成都三幼树基大观幼儿园,edu,科教文化服务;学校;幼儿园,锦江区,104.122938,30.620461,2
成都市第二幼儿园沙河园区(塔子山壹号东南),edu,科教文化服务;学校;幼儿园,锦江区,104.121294,30.629031,1
橙子树国际艺术成长中心,edu,科教文化服务;培训机构;培训机构,锦江区,104.113752,30.62425,1
四川邮电职业技术学院-新苗幼儿园,edu,科教文化服务;学校;幼儿园,锦江区,104.119996,30.623211,1
成都远航艺术培训中心(川师本部校区),edu,科教文化服务;培训机构;培训机构,锦江区,104.113613,30.620661,1
成都仕玲文化传播有限公司,edu,科教文化服务;科教文化场所;科教文化场所,锦江区,104.125373,30.619545,1
星萌艺校(比华利校区),edu,科教文化服务;培训机构;培训机构,锦江区,104.12523,30.621316,2
四川师大附中外国语学校,edu,科教文化服务;学校;中学,成华区,104.131967,30.622233,1
双胜文化传播,edu,科教文化服务;科教文化场所;科教文化场所,成华区,104.13665,30.619921,2
大观小学,edu,科教文化服务;学校;小学,锦江区,104.135077,30.619541,8
我们+第三成子空间,edu,科教文化服务;培训机构;培训机构,成华区,104.146983,30.626998,4
齐鲁乒乓,edu,科教文化服务;培训机构;培训机构,成华区,104.145768,30.626965,1
斐声钢琴,edu,科教文化服务;培训机构;培训机构,成华区,104.1521,30.627672,1
艺海琴行艺术中心(魅力店),edu,科教文化服务;培训机构;培训机构,成华区,104.147743,30.628224,1
金花桥街道综合文化活动中心,edu,科教文化服务;文化宫;文化宫,武侯区,103.971635,30.613105,1
鹰狮产品检测展示中心,edu,科教文化服务;展览馆;展览馆,武侯区,103.968962,30.617895,1
四川华西中西医药研究院,edu,科教文化服务;科研机构;科研机构,武侯区,103.967634,30.618562,1
四川省泰来驾校(报名处),edu,科教文化服务;科教文化场所;科教文化场所,武侯区,103.969835,30.613306,1
特尔艺术学校,edu,科教文化服务;培训机构;培训机构,武侯区,103.966382,30.613528,1
伏氏教育,edu,科教文化服务;培训机构;培训机构,武侯区,103.969508,30.610062,2
成都金花光明学校,edu,科教文化服务;学校;小学,武侯区,103.978647,30.61225,1
金花天乐幼儿园,edu,科教文化服务;学校;幼儿园,武侯区,103.975213,30.617992,1
成都市第二十三幼儿园,edu,科教文化服务;学校;幼儿园,武侯区,103.983161,30.61097,3
成都市武侯区小精灵幼儿园,edu,科教文化服务;学校;幼儿园,武侯区,103.978182,30.614411,1
石室佳兴外国语学校,edu,科教文化服务;学校;中学,武侯区,103.977736,30.613159,1
成都杰科计算机培训学校,edu,科教文化服务;培训机构;培训机构,武侯区,103.975296,30.616379,1
成都永轩文化传播有限公司,edu,科教文化服务;科教文化场所;科教文化场所,武侯区,103.989477,30.6128,2
成都市武侯区簇桥街道龙锦社区综合文化活动室,edu,科教文化服务;文化宫;文化宫,武侯区,103.990622,30.611883,1
艺源美术,edu,科教文化服务;培训机构;培训机构,武侯区,103.98553,30.619202,2
雅士拉丁舞,edu,科教文化服务;培训机构;培训机构,武侯区,103.988514,30.610231,2
远行教育(金履四路),edu,科教文化服务;培训机构;培训机构,武侯区,103.985516,30.612716,1
小博士幼儿园(福锦路一段),edu,科教文化服务;学校;幼儿园,武侯区,103.989971,30.614827,1
小勇士宠物美容培训中心,edu,科教文化服务;科教文化场所;科教文化场所,武侯区,103.993555,30.613537,1
川音大地艺术学校,edu,科教文化服务;培训机构;培训机构,武侯区,103.985135,30.610386,1
慧通教育,edu,科教文化服务;培训机构;培训机构,武侯区,103.989712,30.610278,1
国际会议中心,edu,科教文化服务;会展中心;会展中心,武侯区,104.003582,30.615655,2
图书阅览室,edu,科教文化服务;图书馆;图书馆,武侯区,103.993991,30.610363,5
金童星幼儿园,edu,科教文化服务;学校;幼儿园,武侯区,103.996796,30.610856,3
成都市星光学校(龙井东街),edu,科教文化服务;培训机构;培训机构,武侯区,103.99778,30.612015,1
南桥双艺幼儿园,edu,科教文化服务;学校;幼儿园,武侯区,104.009382,30.609873,1
红泰餐桌,edu,科教文化服务;科教文化场所;科教文化场所,武侯区,104.009274,30.614555,1
天成声音传媒,edu,科教文化服务;科教文化场所;科教文化场所,武侯区,104.003844,30.617134,1
五彩乐园青少年儿童套房,edu,科教文化服务;科教文化场所;科教文化场所,武侯区,104.011664,30.614346,1
梦语艺术馆,edu,科教文化服务;美术馆;美术馆,武侯区,104.011132,30.615439,1
华兴小学,edu,科教文化服务;学校;小学,武侯区,104.021735,30.617473,3
成都市育华职业学校,edu,科教文化服务;学校;职业技术学校,武侯区,104.017015,30.616726,5
玖库艺术馆,edu,科教文化服务;美术馆;美术馆,武侯区,104.023355,30.619156,2
成都市武侯区簇桥圣心幼儿园,edu,科教文化服务;学校;幼儿园,武侯区,104.019725,30.618645,1
罗老师辅导中心,edu,科教文化服务;培训机构;培训机构,武侯区,104.021556,30.616135,1
成都上智道昱文化传播有限公司,edu,科教文化服务;科教文化场所;科教文化场所,武侯区,104.022767,30.610334,1
蚂蚁上树文化园,edu,科教文化服务;科教文化场所;科教文化场所,武侯区,104.031704,30.61512,1
成都大吉博物馆,edu,科教文化服务;博物馆;博物馆,武侯区,104.028222,30.610256,1
摩尔实验室,edu,科教文化服务;科研机构;科研机构,武侯区,104.02923,30.611782,4
中国科学院成都生物研究,edu,科教文化服务;科研机构;科研机构,武侯区,104.027287,30.618537,1
亚非齿科技术学校,edu,科教文化服务;学校;职业技术学校,武侯区,104.029952,30.609872,1
成都里来生物医学实验中心,edu,科教文化服务;科研机构;科研机构,武侯区,104.02853,30.618552,1
泌尿外科研究所,edu,科教文化服务;科研机构;科研机构,武侯区,104.028865,30.61719,2
贝乐艺术,edu,科教文化服务;美术馆;美术馆,武侯区,104.036937,30.610537,8
金苹果公学,edu,科教文化服务;学校;小学,武侯区,104.040123,30.616827,7
童森舞蹈工作室,edu,科教文化服务;培训机构;培训机构,武侯区,104.036192,30.612231,2
成都师范银都小学紫薇校区,edu,科教文化服务;学校;小学,武侯区,104.043014,30.612848,1
中海名城幼稚园,edu,科教文化服务;学校;幼儿园,武侯区,104.042097,30.615502,2
成都师范银都小学紫薇校区(西门),edu,通行设施;临街院门;临街院正门|科教文化服务;科教文化场所;科教文化场所,武侯区,104.042224,30.613653,1
艺灵舞蹈,edu,科教文化服务;培训机构;培训机构,武侯区,104.038223,30.613229,1
悠扬钢琴,edu,科教文化服务;培训机构;培训机构,武侯区,104.038771,30.615093,6
成都市民道德讲堂,edu,科教文化服务;培训机构;培训机构,武侯区,104.039504,30.611348,3
抱朴国艺,edu,科教文化服务;培训机构;培训机构,武侯区,104.040522,30.614434,3
爱可思艺术培训中心,edu,科教文化服务;培训机构;培训机构,武侯区,104.042365,30.61811,1
秉正堂中医病症疗效研究所,edu,科教文化服务;科研机构;科研机构,武侯区,104.035121,30.61023,1
喻兰魔方教育,edu,科教文化服务;培训机构;培训机构,武侯区,104.037749,30.617277,1
TKCH音乐工作室,edu,科教文化服务;培训机构;培训机构,武侯区,104.041443,30.618748,1
中公培训学员,edu,科教文化服务;科教文化场所;科教文化场所,武侯区,104.036937,30.616073,1
上雅艺术学校,edu,科教文化服务;培训机构;培训机构,武侯区,104.048293,30.61723,9
新蕾艺术文化培训学校,edu,科教文化服务;培训机构;培训机构,武侯区,104.052912,30.613341,1
四季家园幼儿园,edu,科教文化服务;学校;幼儿园,武侯区,104.04893,30.614568,3
翠·金楠珠宝文化馆,edu,科教文化服务;文化宫;文化宫,武侯区,104.046028,30.616456,1
红星幼儿园,edu,科教文化服务;学校;幼儿园,武侯区,104.052629,30.615957,3
紫荆小学,edu,科教文化服务;学校;小学,武侯区,104.050097,30.61273,5
成都新东方千禧大酒店-会议厅,edu,科教文化服务;会展中心;会展中心,武侯区,104.046283,30.615529,1
成都华西中医研究院,edu,科教文化服务;科研机构;科研机构,武侯区,104.048422,30.615854,1
书畅琴行(紫荆店),edu,购物服务;专卖店;专营店|科教文化服务;培训机构;培训机构,武侯区,104.047436,30.619011,1
浩浩学习,edu,科教文化服务;科教文化场所;科教文化场所,武侯区,104.052714,30.614635,1
牧禅书院,edu,公司企业;公司;广告装饰|科教文化服务;培训机构;培训机构,武侯区,104.048191,30.613076,1
心诺学教育,edu,科教文化服务;培训机构;培训机构,武侯区,104.045765,30.618854,2
Little Earth小小地球家庭园,edu,科教文化服务;科教文化场所;科教文化场所,武侯区,104.044969,30.612572,1
桐梓林社区文化活动室,edu,科教文化服务;文化宫;文化宫,武侯区,104.061454,30.615503,1
天府教育,edu,科教文化服务;培训机构;培训机构,武侯区,104.063463,30.618995,13
魔英英语,edu,科教文化服务;培训机构;培训机构,武侯区,104.06196,30.614299,4
桐梓林小学,edu,科教文化服务;学校;小学,武侯区,104.058504,30.616609,1
四川省旅游学校,edu,科教文化服务;学校;职业技术学校,武侯区,104.057041,30.611972,2
棕北中学,edu,科教文化服务;学校;中学,武侯区,104.056007,30.615007,3
成都大蜀艺术中心,edu,科教文化服务;美术馆;美术馆,武侯区,104.055566,30.616822,2
武侯区大美艺术中心,edu,科教文化服务;美术馆;美术馆,武侯区,104.060601,30.610673,1
王妈餐饮培训中心,edu,科教文化服务;培训机构;培训机构,武侯区,104.062925,30.612895,3
稚鸟儿童美术(欧城店),edu,科教文化服务;科教文化场所;科教文化场所,武侯区,104.058508,30.613487,5
路正驾校(紫荆西路分校),edu,科教文化服务;科教文化场所;科教文化场所,武侯区,104.054445,30.611427,3
爱思童儿童成长中心,edu,科教文化服务;科教文化场所;科教文化场所,武侯区,104.055768,30.612505,1
汉语角文化教育咨询有限公司,edu,科教文化服务;科教文化场所;科教文化场所,武侯区,104.060017,30.61729,1
梦凡传媒,edu,科教文化服务;科教文化场所;科教文化场所,武侯区,104.068029,30.61811,55
万叶日语,edu,科教文化服务;培训机构;培训机构,武侯区,104.065113,30.616865,9
彩虹幼稚园,edu,科教文化服务;学校;幼儿园,武侯区,104.066394,30.613022,14
四川华藏天下文化传播有限公司,edu,科教文化服务;科教文化场所;科教文化场所,武侯区,104.066169,30.619076,1
海蓓幼稚园,edu,科教文化服务;学校;幼儿园,武侯区,104.071888,30.613655,4
振晖教育,edu,科教文化服务;培训机构;培训机构,武侯区,104.072438,30.614775,8
长寿幼儿园,edu,科教文化服务;学校;幼儿园,武侯区,104.069301,30.60994,2
中国新闻社(四川分社),edu,科教文化服务;传媒机构;报社,武侯区,104.063724,30.614612,4
成都商报发行投递广告有限公司,edu,科教文化服务;传媒机构;报社,武侯区,104.071587,30.611691,2
锦官新城小学,edu,科教文化服务;学校;小学,武侯区,104.07341,30.618522,5
学而思培优,edu,科教文化服务;培训机构;培训机构,武侯区,104.06532,30.614691,5
吉的堡维肯幼儿园,edu,科教文化服务;学校;幼儿园,武侯区,104.07141,30.617358,2
南街学习馆,edu,科教文化服务;科教文化场所;科教文化场所,武侯区,104.072498,30.616078,2
南舞王,edu,科教文化服务;科教文化场所;科教文化场所,武侯区,104.063678,30.611439,1
大墨教育,edu,科教文化服务;培训机构;培训机构,武侯区,104.07206,30.618588,1
阿吉太文化传播,edu,科教文化服务;科教文化场所;科教文化场所,武侯区,104.083342,30.610952,1
梦启迪少儿围棋培训中心,edu,科教文化服务;培训机构;培训机构,武侯区,104.078482,30.610196,2
同心艺术,edu,科教文化服务;美术馆;美术馆,武侯区,104.08135,30.614273,9
十二中大门,edu,科教文化服务;学校;中学,武侯区,104.076628,30.618436,5
四川省长征驾校培训处,edu,科教文化服务;科教文化场所;科教文化场所,武侯区,104.077603,30.617184,1
九天国际大酒店-会议厅,edu,科教文化服务;会展中心;会展中心,武侯区,104.081419,30.610084,1
仁智幼稚园,edu,科教文化服务;学校;幼儿园,武侯区,104.080531,30.619078,1
芳伊舞蹈工作室,edu,科教文化服务;培训机构;培训机构,武侯区,104.078683,30.613373,1
tsr训练中心,edu,科教文化服务;科教文化场所;科教文化场所,武侯区,104.081978,30.615624,1
成都商报(科华南路),edu,科教文化服务;传媒机构;报社,武侯区,104.075348,30.611977,1
无画教育,edu,科教文化服务;培训机构;培训机构,武侯区,104.075231,30.619218,1
贝迪堡国际早教成都中心,edu,科教文化服务;培训机构;培训机构,武侯区,104.075151,30.61459,3
玛利娅蒙特梭利国际早教学校,edu,科教文化服务;培训机构;培训机构,武侯区,104.076872,30.615499,2
红美术馆,edu,科教文化服务;美术馆;美术馆,锦江区,104.084542,30.616707,5
成都小天才教育,edu,科教文化服务;培训机构;培训机构,锦江区,104.09183,30.6137,6
竹林幼舍早教中心,edu,科教文化服务;学校;幼儿园,锦江区,104.089411,30.613193,3
贝多彩幼稚园,edu,科教文化服务;学校;幼儿园,锦江区,104.093102,30.610113,1
爱育幼童(东湖国际中心),edu,科教文化服务;学校;幼儿园,锦江区,104.090526,30.618529,1
树基儿童创意馆,edu,科教文化服务;科教文化场所;科教文化场所,锦江区,104.091436,30.61564,3
生命大讲堂,edu,科教文化服务;培训机构;培训机构,锦江区,104.092623,30.617479,2
蒙氏上宾全日制早教,edu,科教文化服务;培训机构;培训机构,锦江区,104.08964,30.614965,3
慧生书院,edu,科教文化服务;培训机构;培训机构,锦江区,104.090405,30.611938,1
家有儿女国际艺术早教中心(翡翠店),edu,科教文化服务;培训机构;培训机构,锦江区,104.08737,30.614993,1
一品私塾,edu,科教文化服务;培训机构;培训机构,锦江区,104.099162,30.610575,5
家长学校,edu,科教文化服务;科教文化场所;科教文化场所,锦江区,104.097934,30.617153,6
四川农业科学研究院,edu,科教文化服务;科研机构;科研机构,锦江区,104.100896,30.611507,2
成都嘉祥外国语学校,edu,科教文化服务;学校;中学,锦江区,104.100651,30.613465,5
少儿美术,edu,科教文化服务;美术馆;美术馆,锦江区,104.10071,30.61819,8
成都师范附属小学(华润分校),edu,科教文化服务;学校;小学,锦江区,104.095528,30.617437,1
嘉祥教育,edu,科教文化服务;培训机构;培训机构,锦江区,104.102022,30.614242,3
成都七中嘉祥外国语学校国际部,edu,科教文化服务;学校;中学,锦江区,104.100909,30.609888,1
嘉祥外国语学校实验幼儿园,edu,科教文化服务;学校;幼儿园,锦江区,104.101895,30.615242,1
乐要书咖,edu,科教文化服务;培训机构;培训机构,锦江区,104.09719,30.611578,4
耀兴书画社,edu,科教文化服务;科教文化场所;科教文化场所,锦江区,104.096671,30.617997,1
嘉祥九思留学考试学习中心,edu,科教文化服务;科教文化场所;科教文化场所,锦江区,104.10298,30.613604,2
嘉祥九思,edu,科教文化服务;培训机构;培训机构,锦江区,104.098786,30.613884,3
图书阅览室,edu,科教文化服务;图书馆;图书馆,锦江区,104.112487,30.614313,13
融创培训学校,edu,科教文化服务;培训机构;培训机构,锦江区,104.106639,30.613782,12
天娇艺术,edu,科教文化服务;美术馆;美术馆,锦江区,104.111363,30.610508,13
梵木艺术馆,edu,科教文化服务;美术馆;美术馆,锦江区,104.106607,30.611375,1
三幼树基城花幼儿园,edu,科教文化服务;学校;幼儿园,锦江区,104.112385,30.617222,1
曹县幼儿园,edu,科教文化服务;学校;幼儿园,锦江区,104.109468,30.618164,1
学大教育,edu,科教文化服务;培训机构;培训机构,锦江区,104.111535,30.618846,20
四川省农科院科研楼,edu,科教文化服务;科研机构;科研机构,锦江区,104.109162,30.613539,1
农科院生物技术和技术研究所,edu,科教文化服务;科研机构;科研机构,锦江区,104.109642,30.616569,3
四川省农科院农产品加工研究所,edu,科教文化服务;科研机构;科研机构,锦江区,104.108085,30.618469,1
睿创教育,edu,科教文化服务;培训机构;培训机构,锦江区,104.106515,30.615267,5
启航考研(菱窠路),edu,科教文化服务;培训机构;培训机构,锦江区,104.122854,30.6141,6
四川师范大学,edu,科教文化服务;学校;高等院校,锦江区,104.118883,30.612707,59
四川师范大学培训楼,edu,科教文化服务;学校;高等院校,锦江区,104.12045,30.61114,16
四川师范大学第九教学楼,edu,科教文化服务;学校;高等院校,锦江区,104.121083,30.615859,14
四川师大附中,edu,科教文化服务;学校;中学,锦江区,104.118328,30.616532,1
云尚舞-舞蹈团,edu,科教文化服务;科教文化场所;科教文化场所,锦江区,104.116109,30.609127,5
电钢琴雅马哈二手,edu,科教文化服务;科教文化场所;科教文化场所,锦江区,104.114333,30.614869,1
爱瑞英语,edu,科教文化服务;培训机构;培训机构,锦江区,104.114228,30.612461,5
泊森艺考,edu,科教文化服务;培训机构;培训机构,锦江区,104.116163,30.613336,3
启明之星教育,edu,科教文化服务;培训机构;培训机构,锦江区,104.114294,30.610646,1
百思特音乐教室,edu,科教文化服务;培训机构;培训机构,锦江区,104.117792,30.60971,1
优胜教育培训学校,edu,科教文化服务;培训机构;培训机构,锦江区,104.122503,30.619059,3
四卓教育,edu,科教文化服务;培训机构;培训机构,锦江区,104.117575,30.618571,1
弈通社区文化发展中心,edu,科教文化服务;科教文化场所;科教文化场所,锦江区,104.127562,30.612289,4
领行教育,edu,科教文化服务;培训机构;培训机构,锦江区,104.132007,30.613895,10
成都艺蜀之声文化艺术学校,edu,科教文化服务;培训机构;培训机构,锦江区,104.126287,30.61563,2
新蒙特梭利幼儿园,edu,科教文化服务;学校;幼儿园,锦江区,104.132271,30.61266,3
乐辰蒙氏亲子园,edu,科教文化服务;培训机构;培训机构,锦江区,104.128863,30.618045,2
新生代教育,edu,科教文化服务;培训机构;培训机构,锦江区,104.123906,30.617327,1
思远教育,edu,科教文化服务;培训机构;培训机构,锦江区,104.126352,30.60948,2
艺梵托管,edu,科教文化服务;培训机构;培训机构,锦江区,104.128791,30.612578,1
圣心幼稚园,edu,科教文化服务;学校;幼儿园,锦江区,104.133541,30.610064,3
大观里幼儿园,edu,科教文化服务;学校;幼儿园,锦江区,104.134867,30.617981,1
许博士全脑教育学校,edu,科教文化服务;培训机构;培训机构,锦江区,104.134464,30.612033,5
李氏教育,edu,科教文化服务;培训机构;培训机构,锦江区,104.137306,30.610004,2
东方爱婴,edu,科教文化服务;培训机构;培训机构,锦江区,104.138117,30.611166,2
思乐图国际少儿艺术教育中心,edu,科教文化服务;培训机构;培训机构,锦江区,104.140038,30.610095,2
川越教育,edu,科教文化服务;培训机构;培训机构,武侯区,103.966614,30.60908,4
爱玛西南地区销售培训服务中心,edu,科教文化服务;科教文化场所;科教文化场所,武侯区,103.973673,30.605246,1
成都市金花中学,edu,科教文化服务;学校;中学,武侯区,103.966195,30.606324,3
成都市武侯区光明实验学校,edu,科教文化服务;学校;中学,武侯区,103.971472,30.605717,1
乐乐幼儿园,edu,科教文化服务;学校;幼儿园,武侯区,103.971523,30.60256,1
维度百纳文化传播有限公司,edu,科教文化服务;科教文化场所;科教文化场所,武侯区,103.978642,30.601638,2
童画馆,edu,科教文化服务;科教文化场所;科教文化场所,武侯区,103.981905,30.605734,13
高远传媒,edu,科教文化服务;科教文化场所;科教文化场所,武侯区,103.981258,30.601239,3
成都市金花实验学校(华康路),edu,科教文化服务;学校;中学,武侯区,103.97943,30.602555,1
鞋都展览展示中心,edu,科教文化服务;展览馆;展览馆,武侯区,103.978793,30.600471,1
成都育仁实验学校,edu,科教文化服务;学校;小学,武侯区,103.977497,30.606404,2
玛丽亚中心幼儿园,edu,科教文化服务;学校;幼儿园,武侯区,103.976997,30.607456,2
爱心幼儿园(智谷大道),edu,科教文化服务;学校;幼儿园,武侯区,103.981271,30.60674,1
567go健身教练培训,edu,科教文化服务;培训机构;培训机构,武侯区,103.98357,30.606728,1
美韵教育,edu,科教文化服务;培训机构;培训机构,武侯区,103.983249,30.604615,1
成都优品文化传播有限公司,edu,科教文化服务;科教文化场所;科教文化场所,武侯区,103.980775,30.6022,1
静宁传媒,edu,科教文化服务;传媒机构;传媒机构,武侯区,103.987326,30.605362,1
三味书屋辅导中心,edu,科教文化服务;培训机构;培训机构,武侯区,103.99244,30.604676,10
佳家乐幼儿园(望锦横街),edu,科教文化服务;学校;幼儿园,武侯区,103.987825,30.603181,1
金太阳幼儿园(龙井西街),edu,科教文化服务;学校;幼儿园,武侯区,103.989161,30.60593,1
新城社区青少年活动中心,edu,科教文化服务;文化宫;文化宫,武侯区,103.992846,30.607942,4
俊旭教育,edu,科教文化服务;培训机构;培训机构,武侯区,103.988255,30.60457,1
锐思创广告传播,edu,科教文化服务;传媒机构;传媒机构,武侯区,103.989881,30.600206,1
丹秋名师堂学校(簇桥校区),edu,科教文化服务;科教文化场所;科教文化场所,武侯区,103.984653,30.603723,1
玖零街舞工作室,edu,科教文化服务;培训机构;培训机构,武侯区,103.987695,30.608575,1
课外一堂中小学辅导,edu,科教文化服务;培训机构;培训机构,武侯区,103.98402,30.608694,2
俊旭名师堂,edu,科教文化服务;培训机构;培训机构,武侯区,103.990628,30.606122,2
文大教育(簇桥校区),edu,科教文化服务;培训机构;培训机构,武侯区,103.990912,30.60472,1
景成教育,edu,科教文化服务;培训机构;培训机构,武侯区,103.984663,30.607557,1
成都市锦江区戴氏高考中考培训学校簇桥总校,edu,科教文化服务;科教文化场所;科教文化场所,武侯区,103.985721,30.605131,1
西部信息工程电脑学校(簇桥下街),edu,科教文化服务;培训机构;培训机构,武侯区,103.98872,30.601408,2
成都市武侯区优优幼儿园,edu,科教文化服务;学校;幼儿园,武侯区,103.99049,30.602887,1
武侯区簇桥街道综合文化活动中心(簇桥后街),edu,科教文化服务;文化宫;文化宫,武侯区,103.994835,30.603341,1
志恒教育(簇桥后街),edu,科教文化服务;培训机构;培训机构,武侯区,103.994288,30.602195,2
华兴阳光幼儿园,edu,科教文化服务;学校;幼儿园,武侯区,104.002607,30.604971,1
壹加贰教育托管中心,edu,科教文化服务;学校;幼儿园,武侯区,104.003252,30.601263,1
龙井幼儿园(木鱼庙街),edu,科教文化服务;学校;幼儿园,武侯区,103.997306,30.606307,1
乖娃娃幼儿园(新安大道),edu,科教文化服务;学校;幼儿园,武侯区,103.998901,30.5999,1
巴比诺幼稚园,edu,科教文化服务;学校;幼儿园,武侯区,104.001791,30.602846,1
红太阳艺术学校,edu,科教文化服务;培训机构;培训机构,武侯区,103.99551,30.607133,1
光亚零岁亲子教育中心,edu,科教文化服务;科教文化场所;科教文化场所,武侯区,103.998529,30.60668,1
好孩子幼儿园(五桂路),edu,科教文化服务;学校;幼儿园,武侯区,104.002533,30.607003,1
尚书房教育,edu,科教文化服务;培训机构;培训机构,武侯区,103.996792,30.603248,2
狄邦教育,edu,科教文化服务;培训机构;培训机构,武侯区,104.006259,30.605241,3
成都直升机博物馆,edu,科教文化服务;博物馆;博物馆,武侯区,104.012149,30.606457,1
重庆鲁轩美术培训学校(成都分校),edu,科教文化服务;培训机构;培训机构,武侯区,104.004631,30.605762,1
棒垒曲训练基地,edu,科教文化服务;培训机构;培训机构,武侯区,104.022838,30.603772,2
成都翌宸文化传播有限公司,edu,科教文化服务;科教文化场所;科教文化场所,武侯区,104.033255,30.600478,2
成都体校,edu,科教文化服务;学校;职业技术学校,武侯区,104.026071,30.6039,7
四川省运动技术学院重竞技系,edu,科教文化服务;学校;高等院校,武侯区,104.027955,30.604075,2
成都高新区庆安小学,edu,科教文化服务;学校;小学,武侯区,104.029164,30.606495,1
绿舟庆安幼儿园,edu,科教文化服务;学校;幼儿园,武侯区,104.029212,30.60559,1
大象传媒,edu,科教文化服务;科教文化场所;科教文化场所,武侯区,104.031163,30.599852,1
成都南桥艺术工作室,edu,科教文化服务;培训机构;培训机构,武侯区,104.027884,30.606647,1
雨露培训学校,edu,科教文化服务;培训机构;培训机构,武侯区,104.024537,30.6067,1
三和老爷车博物馆,edu,科教文化服务;博物馆;博物馆,武侯区,104.038246,30.600005,1
创美画廊,edu,科教文化服务;科教文化场所;科教文化场所,武侯区,104.036611,30.607397,7
成都美国学校,edu,科教文化服务;学校;学校|科教文化服务;培训机构;培训机构,武侯区,104.034426,30.600675,1
四川省明仿化工研究所(美洲北路),edu,科教文化服务;科研机构;科研机构,武侯区,104.036725,30.602874,1
成都三和远景汽车工程职业学校,edu,科教文化服务;学校;职业技术学校,武侯区,104.040241,30.600122,1
学道教育,edu,科教文化服务;培训机构;培训机构,武侯区,104.034891,30.607794,5
京文教育,edu,科教文化服务;培训机构;培训机构,武侯区,104.038387,30.605891,2
戴氏教育(新乐路),edu,科教文化服务;培训机构;培训机构,武侯区,104.038681,30.60722,1
魔方音乐工作室(美洲学院),edu,科教文化服务;培训机构;培训机构,武侯区,104.034934,30.601464,1
成都北冥鱼文化传播有限公司,edu,科教文化服务;科教文化场所;科教文化场所,武侯区,104.052441,30.605644,1
芳草小学南区,edu,科教文化服务;学校;小学,武侯区,104.052959,30.60318,1
东床驼峰展馆,edu,科教文化服务;科教文化场所;科教文化场所,武侯区,104.045052,30.604394,1
巴黎域尚,edu,科教文化服务;科教文化场所;科教文化场所,武侯区,104.060587,30.605998,11
品尚教育,edu,科教文化服务;培训机构;培训机构,武侯区,104.056929,30.601882,7
格颜美育文化传播有限公司,edu,科教文化服务;传媒机构;传媒机构,武侯区,104.057016,30.60707,2
成都蓉创文化传播有限责任公司,edu,科教文化服务;科教文化场所;科教文化场所,武侯区,104.057827,30.60482,1
美视艺术,edu,科教文化服务;美术馆;美术馆,武侯区,104.062117,30.604022,2
成都市交通规划勘察设计院,edu,科教文化服务;科研机构;科研机构,武侯区,104.063239,30.606519,1
翰音艺术,edu,科教文化服务;培训机构;培训机构|购物服务;专卖店;专营店,武侯区,104.053914,30.605978,2
天娇艺术(南延线店),edu,科教文化服务;科教文化场所;科教文化场所,武侯区,104.058389,30.60612,1
眼睛S睿司传媒,edu,科教文化服务;科教文化场所;科教文化场所,武侯区,104.055937,30.608393,1
金色航程儿童教育,edu,科教文化服务;培训机构;培训机构,武侯区,104.063762,30.603997,7
成都高新区篮协篮球培训,edu,科教文化服务;培训机构;培训机构,武侯区,104.061327,30.601177,1
海之星文化传播有限公司,edu,科教文化服务;科教文化场所;科教文化场所,武侯区,104.068836,30.601257,1
金色雨林,edu,科教文化服务;培训机构;培训机构,武侯区,104.066648,30.605444,16
新档案馆,edu,科教文化服务;档案馆;档案馆,武侯区,104.069872,30.605347,13
成都高新和平学校,edu,科教文化服务;学校;中学,武侯区,104.072289,30.605213,2
艺家国际画廊,edu,科教文化服务;科教文化场所;科教文化场所,武侯区,104.067378,30.607413,2
和平社区幼儿园,edu,科教文化服务;学校;幼儿园,武侯区,104.06984,30.60201,1
绿舟和平幼儿园,edu,科教文化服务;学校;幼儿园,武侯区,104.072946,30.603017,1
童梦摇亲子园,edu,科教文化服务;学校;幼儿园,武侯区,104.070896,30.601266,3
成都慧心职业技能培训学校,edu,科教文化服务;学校;职业技术学校,武侯区,104.066676,30.604264,1
夏加儿美术教育(天仁路),edu,科教文化服务;培训机构;培训机构,武侯区,104.072477,30.604329,1
成都意格文化传播有限公司,edu,科教文化服务;科教文化场所;科教文化场所,武侯区,104.076621,30.607477,1
百若萌文化传播有限公司,edu,科教文化服务;科教文化场所;科教文化场所,武侯区,104.075412,30.605384,1
我们的艺术,edu,科教文化服务;培训机构;培训机构|科教文化服务;美术馆;美术馆,武侯区,104.079141,30.608086,6
成都三乐学校,edu,科教文化服务;培训机构;培训机构,武侯区,104.074383,30.605708,1
城市学校少年宫,edu,科教文化服务;文化宫;文化宫,武侯区,104.080991,30.606287,3
三瓦窑社区幼儿园,edu,科教文化服务;学校;幼儿园,武侯区,104.0808,30.607955,1
声声乐耳,edu,科教文化服务;培训机构;培训机构,武侯区,104.075748,30.602977,1
麦麦教育,edu,科教文化服务;培训机构;培训机构,武侯区,104.076806,30.60402,1
成都星光时代文化传播有限公司,edu,科教文化服务;科教文化场所;科教文化场所,锦江区,104.086942,30.600077,1
成都目之视觉文化传播有限公司,edu,科教文化服务;科教文化场所;科教文化场所,武侯区,104.083626,30.606836,1
心可儿幼稚园,edu,科教文化服务;学校;幼儿园,锦江区,104.086368,30.604671,3
丹秋教育,edu,科教文化服务;培训机构;培训机构,锦江区,104.089234,30.605446,3
川音大地,edu,科教文化服务;培训机构;培训机构,锦江区,104.086778,30.607158,2
四川鑫成传媒有限公司,edu,科教文化服务;传媒机构;传媒机构,锦江区,104.084068,30.601204,1
成都锦江区大爱武术文化中心,edu,科教文化服务;科教文化场所;科教文化场所,锦江区,104.102737,30.607329,1
成都晟意天光文化传播有限公司,edu,科教文化服务;科教文化场所;科教文化场所,锦江区,104.093946,30.603565,1
成都市社会科学院,edu,科教文化服务;学校;高等院校,锦江区,104.099523,30.608597,4
成都市民道德讲堂,edu,科教文化服务;培训机构;培训机构,锦江区,104.099051,30.603178,2
新海小学,edu,科教文化服务;学校;小学,锦江区,104.102707,30.603131,6
广陵琴行,edu,科教文化服务;培训机构;培训机构,锦江区,104.098064,30.604089,2
星韵艺术,edu,科教文化服务;美术馆;美术馆,锦江区,104.100587,30.603607,2
成都爱贝幼儿园,edu,科教文化服务;学校;幼儿园,锦江区,104.097698,30.599618,1
成都广播电视台,edu,科教文化服务;传媒机构;电视台,锦江区,104.098536,30.600856,2
皇经社区中心幼儿园,edu,科教文化服务;学校;幼儿园,锦江区,104.102758,30.605799,1
晨辉社区少年儿童成长中心,edu,科教文化服务;科教文化场所;科教文化场所|生活服务;生活服务场所;生活服务场所,锦江区,104.103293,30.60904,2
老农科院,edu,科教文化服务;科教文化场所;科教文化场所,锦江区,104.097799,30.608973,1
蒲公英教育培训学校,edu,科教文化服务;培训机构;培训机构,锦江区,104.094752,30.608873,3
非凡星海教育培训学校,edu,科教文化服务;培训机构;培训机构,锦江区,104.100784,30.602526,1
四川金蝶艺术中心(琉璃校区),edu,科教文化服务;培训机构;培训机构,锦江区,104.09699,30.602571,1
东蜀华德福小学,edu,科教文化服务;学校;小学,锦江区,104.107766,30.603847,4
东国教育,edu,科教文化服务;培训机构;培训机构,锦江区,104.107408,30.601945,4
锦江区四方幼稚园,edu,科教文化服务;学校;幼儿园,锦江区,104.104286,30.605832,1
八火非洲鼓工作室,edu,科教文化服务;培训机构;培训机构,锦江区,104.104456,30.602988,2
成都三中,edu,科教文化服务;学校;中学,锦江区,104.12455,30.606562,28
成都市锦江区职工学校,edu,科教文化服务;学校;职业技术学校,锦江区,104.114641,30.600556,1
成都市锦江区青少年宫(南三环路二段辅路),edu,科教文化服务;文化宫;文化宫,锦江区,104.116504,30.59993,1
盐道街小学卓锦分校,edu,科教文化服务;学校;小学,锦江区,104.133132,30.601926,1
贝佳乐幼儿园(水杉街),edu,科教文化服务;学校;幼儿园,锦江区,104.129664,30.609076,1
成都市锦江区伊顿幼儿园,edu,科教文化服务;学校;幼儿园,锦江区,104.129219,30.600959,1
如果艺术中心(卓锦校区),edu,科教文化服务;美术馆;美术馆,锦江区,104.127811,30.602626,1
盐道街小学卓锦分校(西门),edu,科教文化服务;学校;小学,锦江区,104.131423,30.602393,1
莫扎特钢琴学堂,edu,科教文化服务;培训机构;培训机构,锦江区,104.128737,30.602102,1
成都市携成职业技能培训学校,edu,科教文化服务;培训机构;培训机构,锦江区,104.131993,30.60796,1
乐伊公学社区儿童成长中心(卓锦城校区),edu,科教文化服务;培训机构;培训机构,锦江区,104.130858,30.600795,1
盛喜文化传播有限公司,edu,科教文化服务;科教文化场所;科教文化场所,锦江区,104.140124,30.601239,1
灵沐风云体育文化传播有限公司,edu,科教文化服务;科教文化场所;科教文化场所,锦江区,104.133545,30.604789,1
成都树德中学外国语校区,edu,科教文化服务;学校;中学,锦江区,104.13814,30.607702,2
锦江外国语小学,edu,科教文化服务;学校;小学,锦江区,104.140485,30.608531,1
爱童艺术中心,edu,科教文化服务;美术馆;美术馆,锦江区,104.138092,30.601383,1
佳声录音棚,edu,科教文化服务;科教文化场所;科教文化场所,锦江区,104.139624,30.599783,1
成都市第一幼儿园卓锦园区,edu,科教文化服务;科教文化场所;科教文化场所,锦江区,104.13603,30.602738,1
泰勒斯教育,edu,科教文化服务;培训机构;培训机构,锦江区,104.142913,30.606713,1
星萌艺校,edu,科教文化服务;培训机构;培训机构,锦江区,104.139025,30.608824,4
成都市启明学校,edu,科教文化服务;学校;中学,武侯区,103.971991,30.595051,1
启明教育,edu,科教文化服务;培训机构;培训机构,武侯区,103.96738,30.593707,7
小太阳成长幼儿园,edu,科教文化服务;学校;幼儿园,武侯区,103.971257,30.593138,1
启明翔越电脑培训,edu,科教文化服务;培训机构;培训机构,武侯区,103.973771,30.592338,3
新苗小学,edu,科教文化服务;学校;小学,武侯区,103.982712,30.596182,2
成都市育华学校,edu,科教文化服务;学校;学校,武侯区,103.98342,30.598562,1
成都市武侯区星宇幼儿园,edu,科教文化服务;学校;幼儿园,武侯区,103.976586,30.589701,1
艺晨教育,edu,科教文化服务;培训机构;培训机构,武侯区,103.984992,30.597366,2
成都市武侯实验中学,edu,科教文化服务;学校;中学,武侯区,103.992578,30.597633,1
新苗新居幼儿园,edu,科教文化服务;学校;幼儿园,武侯区,103.986323,30.596319,1
新苗阳光幼儿园,edu,科教文化服务;学校;幼儿园,武侯区,103.986911,30.598976,3
武侯实验中学附属小学,edu,科教文化服务;学校;小学,武侯区,103.986364,30.59747,1
尚好教育(簇马路一段),edu,科教文化服务;培训机构;培训机构,武侯区,103.985153,30.599212,1
戴氏名师中心,edu,科教文化服务;科教文化场所;科教文化场所,武侯区,103.991323,30.598632,3
慧特教育,edu,科教文化服务;培训机构;培训机构,武侯区,103.988927,30.596965,1
训犬中心,edu,科教文化服务;科教文化场所;科教文化场所,武侯区,103.992984,30.593177,1
成都市武侯区优优幼儿园文昌分园,edu,科教文化服务;学校;幼儿园,武侯区,103.997562,30.596903,1
中共沈家桥村党校,edu,科教文化服务;学校;学校,武侯区,104.003517,30.597925,1
汽车维修省振中驾校,edu,科教文化服务;科教文化场所;科教文化场所,武侯区,103.999771,30.590092,1
太平寺西区小学,edu,科教文化服务;学校;小学,武侯区,104.003785,30.598803,2
天艺美术馆·一号馆,edu,科教文化服务;美术馆;美术馆,武侯区,104.004957,30.59141,1
童之梦亲子园,edu,科教文化服务;学校;幼儿园,武侯区,104.007298,30.591088,1
天国教育馆,edu,科教文化服务;科教文化场所;科教文化场所,武侯区,104.004453,30.590315,3
三好教育,edu,科教文化服务;培训机构;培训机构,武侯区,104.017179,30.590107,1
四川省青少年艺术团,edu,科教文化服务;文艺团体;文艺团体,武侯区,104.027066,30.593236,4
心悦幼儿园,edu,科教文化服务;学校;幼儿园,武侯区,104.024824,30.593635,1
成都华艺外国语学校,edu,科教文化服务;学校;中学,武侯区,104.024759,30.598708,1
天赋神韵艺术中心,edu,科教文化服务;美术馆;美术馆,武侯区,104.030655,30.59665,1
成都市财政贸易学校,edu,科教文化服务;学校;职业技术学校,武侯区,104.037941,30.58994,3
中国工程院院士达威工作站,edu,科教文化服务;科教文化场所;科教文化场所,武侯区,104.034012,30.594775,3
夸克英语,edu,科教文化服务;培训机构;培训机构,武侯区,104.053131,30.589096,27
成都高新区锦城小学,edu,科教文化服务;学校;小学,武侯区,104.047095,30.592838,1
宓度艺术,edu,科教文化服务;美术馆;美术馆,武侯区,104.052756,30.596226,1
弋果幼儿园,edu,科教文化服务;学校;幼儿园,武侯区,104.047642,30.597283,1
戴氏教育,edu,科教文化服务;培训机构;培训机构,武侯区,104.052479,30.594899,3
英菲特国际儿童会,edu,科教文化服务;培训机构;培训机构,武侯区,104.050159,30.594189,2
四川省成都市玉林中学石羊校区,edu,科教文化服务;学校;中学,武侯区,104.053119,30.59213,1
人瑞教育,edu,科教文化服务;学校;高等院校,武侯区,104.05942,30.595822,26
大惠至教育,edu,科教文化服务;培训机构;培训机构,武侯区,104.061094,30.591681,3
成都万象映画文化传播有限公司,edu,科教文化服务;科教文化场所;科教文化场所,武侯区,104.05919,30.591706,1
成都市交委研究院,edu,科教文化服务;科研机构;科研机构,武侯区,104.059837,30.590251,5
领域传媒,edu,科教文化服务;科教文化场所;科教文化场所,武侯区,104.06326,30.593411,24
健哲吉他,edu,科教文化服务;培训机构;培训机构,武侯区,104.054647,30.598789,1
成都市青羊区孟翔教育培训中心,edu,科教文化服务;培训机构;培训机构,武侯区,104.05991,30.59236,1
万卷文化传媒公司,edu,科教文化服务;科教文化场所;科教文化场所,武侯区,104.067707,30.593946,3
上嘉美悦艺术教育,edu,科教文化服务;培训机构;培训机构,武侯区,104.067912,30.595479,6
成都锦添视博文化传播有限公司,edu,科教文化服务;科教文化场所;科教文化场所,武侯区,104.06765,30.598493,1
成都高新区锦晖小学,edu,科教文化服务;学校;小学,武侯区,104.071105,30.589663,1
君豪酒店-多功能会议室,edu,科教文化服务;会展中心;会展中心,武侯区,104.067875,30.591705,1
沐童艺术教育,edu,科教文化服务;培训机构;培训机构,武侯区,104.071309,30.594847,9
成都高新豪生大酒店会议室,edu,科教文化服务;会展中心;会展中心,武侯区,104.066688,30.593077,1
阿波罗爱儿坊凯丽滨江幼儿学苑,edu,科教文化服务;学校;幼儿园,武侯区,104.072708,30.592606,1
成都崇文教育(天府长城校区),edu,科教文化服务;培训机构;培训机构,武侯区,104.073323,30.597032,1
上海勘测设计院四川分院,edu,科教文化服务;科教文化场所;科教文化场所,武侯区,104.066764,30.591706,1
中国石油西南油气田公司勘探开发研究院,edu,科教文化服务;科研机构;科研机构,武侯区,104.064519,30.596556,2
印刷文明陈列馆,edu,科教文化服务;展览馆;展览馆,锦江区,104.08245,30.593632,2
岁月艺术馆,edu,科教文化服务;美术馆;美术馆,锦江区,104.082663,30.589754,4
成都七中初中,edu,科教文化服务;学校;中学,武侯区,104.073607,30.598856,1
文轩教育,edu,科教文化服务;科教文化场所;科教文化场所,锦江区,104.081599,30.591707,6
幼狮半岛城邦国际幼儿园,edu,科教文化服务;学校;幼儿园,武侯区,104.076452,30.597501,3
豪韵艺术学校,edu,科教文化服务;培训机构;培训机构,武侯区,104.074437,30.595582,4
成都市市政工程设计研究院,edu,科教文化服务;科研机构;科研机构,锦江区,104.083146,30.594408,1
成都幼师城邦国际幼儿园,edu,科教文化服务;学校;幼儿园,武侯区,104.077432,30.596139,1
博济传媒,edu,科教文化服务;科教文化场所;科教文化场所,锦江区,104.09094,30.595082,17
成都大广文化传媒有限公司,edu,科教文化服务;传媒机构;传媒机构,锦江区,104.089239,30.591899,1
兴蓉研究院,edu,科教文化服务;科研机构;科研机构,锦江区,104.086891,30.596128,2
成都市锦江区胜利中学(西门),edu,科教文化服务;学校;中学,锦江区,104.093119,30.598915,1
四川省机械研究设计院(墨香路),edu,科教文化服务;科研机构;科研机构,锦江区,104.087065,30.590584,1
中电传媒(锦江大道),edu,科教文化服务;传媒机构;传媒机构,锦江区,104.084318,30.589552,3
四川省重大科技成果转化分析测试平台,edu,科教文化服务;科教文化场所;科教文化场所,锦江区,104.084523,30.590719,1
盐道街中学实验学校,edu,科教文化服务;学校;中学,锦江区,104.093958,30.598357,1
育苗幼儿园(榕声路),edu,科教文化服务;学校;幼儿园,锦江区,104.094252,30.593632,1
盐道街小学(锦馨分校),edu,科教文化服务;学校;小学,锦江区,104.094295,30.591991,1
一直远方教育,edu,科教文化服务;培训机构;培训机构,锦江区,104.095067,30.589863,1
锦馨学堂,edu,科教文化服务;培训机构;培训机构,锦江区,104.094308,30.591066,2
成都文庆文化传播有限公司,edu,科教文化服务;科教文化场所;科教文化场所,锦江区,104.111935,30.591007,1
天涯石小学锦东分校,edu,科教文化服务;学校;小学,锦江区,104.105026,30.592571,3
逸景幼儿园,edu,科教文化服务;学校;幼儿园,锦江区,104.110534,30.590562,1
学文锦城幼儿园,edu,科教文化服务;学校;幼儿园,锦江区,104.110282,30.595903,1
八七小学,edu,科教文化服务;学校;幼儿园,锦江区,104.105204,30.590996,1
星辰艺术教育,edu,科教文化服务;培训机构;培训机构,锦江区,104.110133,30.593194,6
新华实验幼儿园(皇经楼一街),edu,科教文化服务;学校;幼儿园,锦江区,104.104615,30.595734,1
小天使幼儿园(锦江大道),edu,科教文化服务;学校;幼儿园,锦江区,104.106607,30.58997,1
可知教育,edu,科教文化服务;培训机构;培训机构,锦江区,104.113195,30.591344,1
小太阳幼儿园一分部,edu,科教文化服务;科教文化场所;科教文化场所,锦江区,104.122771,30.598783,1
绿道田园展示中心,edu,科教文化服务;科教文化场所;科教文化场所,锦江区,104.113897,30.590459,1
成都天府树人文化学校,edu,科教文化服务;学校;学校,锦江区,104.126922,30.589619,3
明伦书院,edu,科教文化服务;科教文化场所;科教文化场所,锦江区,104.128836,30.590293,2
传薪书院,edu,科教文化服务;培训机构;培训机构,锦江区,104.1286,30.591279,2
四川金蝶艺术中心,edu,科教文化服务;培训机构;培训机构,锦江区,104.130154,30.594919,3
成都市锦江区伊顿国香幼儿园,edu,科教文化服务;学校;幼儿园,锦江区,104.136504,30.598464,2
成美教育,edu,科教文化服务;培训机构;培训机构,锦江区,104.139099,30.592047,5
小豆丁幼稚园,edu,科教文化服务;学校;幼儿园,锦江区,104.135508,30.593591,1
新天地幼儿园(白桦林路),edu,科教文化服务;学校;幼儿园,锦江区,104.137034,30.591268,1
星星海艺术中心,edu,科教文化服务;美术馆;美术馆,锦江区,104.140695,30.596449,1
喜贝舞蹈艺术中心,edu,科教文化服务;培训机构;培训机构,锦江区,104.134918,30.592503,1
成都七中育才学校(银杏校区),edu,科教文化服务;学校;中学,锦江区,104.144758,30.590957,1
盐道街小学(528校区)(建设中),edu,科教文化服务;学校;小学,锦江区,104.143986,30.597161,1
成都艺尚美术工作室,edu,科教文化服务;科教文化场所;科教文化场所,锦江区,104.14436,30.598774,2
清源际,edu,科教文化服务;美术馆;美术馆,锦江区,104.15688,30.590889,5
子曰,edu,科教文化服务;科教文化场所;科教文化场所,锦江区,104.155848,30.59255,7
成都双剑鞋文化博物馆,edu,科教文化服务;博物馆;博物馆,武侯区,103.969515,30.584108,1
凉井小学,edu,科教文化服务;学校;小学,武侯区,103.97391,30.588702,2
金辉实验学校,edu,科教文化服务;学校;中学,武侯区,103.969401,30.582075,1
大洋艺术学校(簇马路三段),edu,科教文化服务;培训机构;培训机构,武侯区,103.965617,30.586559,1
成都市武侯区金迪幼儿园,edu,科教文化服务;学校;幼儿园,武侯区,103.97183,30.581119,1
白晴市一中,edu,科教文化服务;学校;中学,武侯区,103.9753,30.579877,1
小博士幼儿园(凉港三路),edu,科教文化服务;学校;幼儿园,武侯区,103.973906,30.58207,1
阳光子弟学校,edu,科教文化服务;学校;中学,武侯区,103.976447,30.588707,1
贝佳才艺幼儿园,edu,科教文化服务;学校;幼儿园,武侯区,103.976283,30.582349,1
阳光快乐公益幼儿园,edu,科教文化服务;学校;幼儿园,武侯区,103.980099,30.585093,1
成都市武侯区奇巧板幼稚园,edu,科教文化服务;学校;幼儿园,武侯区,103.974882,30.586795,1
藏獒艺术馆,edu,科教文化服务;美术馆;美术馆,武侯区,103.984869,30.58915,13
成都信息工程大学气象实习台,edu,科教文化服务;学校;高等院校,武侯区,103.990346,30.586872,4
天艺·浓园国际艺术馆,edu,科教文化服务;展览馆;展览馆,武侯区,103.9844,30.588236,1
邱光平工作室,edu,科教文化服务;展览馆;展览馆,武侯区,103.98654,30.587988,1
蜀安驾校,edu,科教文化服务;科教文化场所;科教文化场所,武侯区,104.002093,30.585561,1
成都体育学院航空港校区,edu,科教文化服务;学校;高等院校,武侯区,104.00478,30.586157,1
成都体育学院航空港校区教学楼,edu,科教文化服务;学校;学校,武侯区,104.006106,30.586508,2
新天高考部,edu,科教文化服务;培训机构;培训机构,武侯区,104.017008,30.586384,11
三河小学,edu,科教文化服务;学校;小学,武侯区,104.017238,30.588861,1
妙思文化传播,edu,科教文化服务;传媒机构;传媒机构,武侯区,104.027974,30.583228,3
成都高新新源学校,edu,科教文化服务;学校;学校,武侯区,104.03178,30.581647,1
蓝贝儿幼儿园(仁和东街),edu,科教文化服务;学校;幼儿园,武侯区,104.033325,30.583073,1
成都高新区六幼新南幼儿园,edu,科教文化服务;学校;幼儿园,武侯区,104.030644,30.585352,1
石羊街道新街社区青少年活动中心,edu,科教文化服务;文化宫;文化宫,武侯区,104.03066,30.581559,1
红蕾文化艺术学校,edu,科教文化服务;培训机构;培训机构,武侯区,104.036047,30.587756,1
成都市石室天府中学,edu,科教文化服务;学校;中学,武侯区,104.042448,30.58277,1
博艺星动力艺术空间,edu,科教文化服务;科教文化场所;科教文化场所,武侯区,104.050673,30.57966,3
逖舞空间威尚文化传播有限公司,edu,科教文化服务;科教文化场所;科教文化场所,武侯区,104.047546,30.581623,1
宋庆龄国际幼儿园(锦尚西二路),edu,科教文化服务;学校;幼儿园,武侯区,104.045569,30.580605,1
泡桐树幼儿园,edu,科教文化服务;学校;幼儿园,武侯区,104.048264,30.58024,3
金苹果爱弥儿幼稚园(成汉南路),edu,科教文化服务;学校;幼儿园,武侯区,104.05148,30.58682,1
侯老师舞蹈教室(侯老师舞蹈教室誉峰店),edu,科教文化服务;培训机构;培训机构,武侯区,104.049802,30.586382,1
新潮传媒,edu,科教文化服务;科教文化场所;科教文化场所,武侯区,104.058529,30.586715,9
南昌凯恒文化传播有限公司,edu,科教文化服务;科教文化场所;科教文化场所,武侯区,104.061646,30.585033,1
东方天呈文化传媒有限公司,edu,科教文化服务;科教文化场所;科教文化场所,武侯区,104.056396,30.584168,2
成都规划馆,edu,科教文化服务;展览馆;展览馆,武侯区,104.060471,30.589189,3
成都宝鼎传媒,edu,科教文化服务;科教文化场所;科教文化场所,武侯区,104.058792,30.584111,2
苏打出行中航国际交流中心站点,edu,科教文化服务;科教文化场所;科教文化场所,武侯区,104.058362,30.579865,1
鼎达教育,edu,科教文化服务;培训机构;培训机构,武侯区,104.058661,30.580935,1
成都天府新城会议中心,edu,科教文化服务;会展中心;会展中心,武侯区,104.064315,30.58517,1
威乐尔幼稚园,edu,科教文化服务;学校;幼儿园,武侯区,104.07016,30.588747,1
中国建筑西南建筑设计研究院第二设计所,edu,科教文化服务;科研机构;科研机构,武侯区,104.064326,30.589015,1
祝国寺小学,edu,科教文化服务;学校;小学,锦江区,104.090739,30.582264,1
蓉生生物研究所,edu,科教文化服务;科研机构;科研机构,锦江区,104.09048,30.587813,1
锦江区生态幼儿园,edu,科教文化服务;学校;幼儿园,锦江区,104.092433,30.588459,1
成都生物制品研究所,edu,公司企业;公司;公司|科教文化服务;科研机构;科研机构,锦江区,104.093732,30.581408,1
慧能幼儿园,edu,科教文化服务;学校;幼儿园,锦江区,104.103163,30.585878,1
生态公益幼儿园,edu,科教文化服务;学校;幼儿园,锦江区,104.093511,30.587698,1
童韵幼儿园,edu,科教文化服务;学校;幼儿园,锦江区,104.102462,30.588652,1
潘家沟村小天使幼儿园,edu,科教文化服务;学校;幼儿园,锦江区,104.106852,30.587349,1
成都极速场文化传播有限公司,edu,科教文化服务;科教文化场所;科教文化场所,锦江区,104.11758,30.585821,1
锦江精品城区展示中心,edu,科教文化服务;展览馆;展览馆,锦江区,104.113872,30.588241,1
金锐展会中心,edu,科教文化服务;展览馆;展览馆,锦江区,104.126443,30.585606,1
华德福玫瑰园幼儿园,edu,科教文化服务;学校;幼儿园,锦江区,104.131572,30.587239,1
禅绣纹饰培训学院,edu,科教文化服务;培训机构;培训机构,锦江区,104.132533,30.582754,3
易晓别院,edu,科教文化服务;培训机构;培训机构,锦江区,104.13844,30.582473,3
微亭小院,edu,科教文化服务;培训机构;培训机构,锦江区,104.136435,30.581238,2
成都宽筑文化传播有限公司,edu,科教文化服务;科教文化场所;科教文化场所,锦江区,104.138872,30.584687,1
四川郑路太极文化传播有限公司,edu,科教文化服务;传媒机构;传媒机构,锦江区,104.136387,30.58368,1
三圣小学,edu,科教文化服务;学校;小学,锦江区,104.141862,30.58901,1
三圣乡华德福生活园,edu,科教文化服务;学校;幼儿园,锦江区,104.143054,30.580846,1
三圣街道办事处老年学校,edu,科教文化服务;学校;成人教育,锦江区,104.153137,30.588499,2
创想库体验中心,edu,科教文化服务;科教文化场所;科教文化场所,锦江区,104.153648,30.585478,5
驸马小学,edu,科教文化服务;学校;小学,锦江区,104.146382,30.581558,2
天欣驾校(锦江分部),edu,科教文化服务;科教文化场所;科教文化场所,锦江区,104.157438,30.589004,2
彼得培训中心,edu,科教文化服务;培训机构;培训机构,锦江区,104.161931,30.585696,2
IDLE花香艺术馆,edu,科教文化服务;展览馆;展览馆,锦江区,104.162215,30.588594,1
致和学堂,edu,科教文化服务;培训机构;培训机构|体育休闲服务;休闲场所;休闲场所,锦江区,104.161723,30.587625,1
