{
  "type": "FeatureCollection",
  "features": [
    {
      "type": "Feature",
      "geometry": {
        "type": "Point",
        "coordinates": [
          103.974072,
          30.734157
        ]
      },
      "properties": {
        "name": "小象艺术",
        "category": "edu",
        "type": "科教文化服务;美术馆;美术馆",
        "district": "金牛区",
        "weight": 3
      }
    },
    {
      "type": "Feature",
      "geometry": {
        "type": "Point",
        "coordinates": [
          103.971674,
          30.731028
        ]
      },
      "properties": {
        "name": "成都高新皇冠假日酒店-会议厅",
        "category": "edu",
        "type": "科教文化服务;会展中心;会展中心",
        "district": "金牛区",
        "weight": 1
      }
    },
    {
      "type": "Feature",
      "geometry": {
        "type": "Point",
        "coordinates": [
          103.977909,
          30.73413
        ]
      },
      "properties": {
        "name": "I2国际私塾",
        "category": "edu",
        "type": "科教文化服务;培训机构;培训机构",
        "district": "金牛区",
        "weight": 3
      }
    },
    {
      "type": "Feature",
      "geometry": {
        "type": "Point",
        "coordinates": [
          103.992679,
          30.732208
        ]
      },
      "properties": {
        "name": "五粮村幼儿园(建设中)",
        "category": "edu",
        "type": "科教文化服务;学校;幼儿园",
        "district": "金牛区",
        "weight": 1
      }
    },
    {
      "type": "Feature",
      "geometry": {
        "type": "Point",
        "coordinates": [
          103.99853,
          30.73187
        ]
      },
      "properties": {
        "name": "成都千盛文化传播有限公司",
        "category": "edu",
        "type": "科教文化服务;传媒机构;传媒机构",
        "district": "金牛区",
        "weight": 1
      }
    },
    {
      "type": "Feature",
      "geometry": {
        "type": "Point",
        "coordinates": [
          104.013361,
          30.732376
        ]
      },
      "properties": {
        "name": "领跑艺体",
        "category": "edu",
        "type": "科教文化服务;培训机构;培训机构",
        "district": "金牛区",
        "weight": 11
      }
    },
    {
      "type": "Feature",
      "geometry": {
        "type": "Point",
        "coordinates": [
          104.008262,
          30.732198
        ]
      },
      "properties": {
        "name": "成都市金牛区美乐思幼儿园",
        "category": "edu",
        "type": "科教文化服务;学校;幼儿园",
        "district": "金牛区",
        "weight": 1
      }
    },
    {
      "type": "Feature",
      "geometry": {
        "type": "Point",
        "coordinates": [
          104.007596,
          30.738804
        ]
      },
      "properties": {
        "name": "美家教育",
        "category": "edu",
        "type": "科教文化服务;培训机构;培训机构",
        "district": "金牛区",
        "weight": 2
      }
    },
    {
      "type": "Feature",
      "geometry": {
        "type": "Point",
        "coordinates": [
          104.009292,
          30.737883
        ]
      },
      "properties": {
        "name": "童画镇文艺工作室",
        "category": "edu",
        "type": "科教文化服务;科教文化场所;科教文化场所",
        "district": "金牛区",
        "weight": 1
      }
    },
    {
      "type": "Feature",
      "geometry": {
        "type": "Point",
        "coordinates": [
          104.016897,
          30.733264
        ]
      },
      "properties": {
        "name": "成都七中万达学校",
        "category": "edu",
        "type": "科教文化服务;学校;中学",
        "district": "金牛区",
        "weight": 1
      }
    },
    {
      "type": "Feature",
      "geometry": {
        "type": "Point",
        "coordinates": [
          104.024108,
          30.729909
        ]
      },
      "properties": {
        "name": "成都铁中府河校区",
        "category": "edu",
        "type": "科教文化服务;学校;中学",
        "district": "金牛区",
        "weight": 1
      }
    },
    {
      "type": "Feature",
      "geometry": {
        "type": "Point",
        "coordinates": [
          104.024552,
          30.731148
        ]
      },
      "properties": {
        "name": "优博智胜教育中心",
        "category": "edu",
        "type": "科教文化服务;科教文化场所;科教文化场所",
        "district": "金牛区",
        "weight": 2
      }
    },
    {
      "type": "Feature",
      "geometry": {
        "type": "Point",
        "coordinates": [
          104.029219,
          30.731765
        ]
      },
      "properties": {
        "name": "成都斯玛特艺术幼儿园",
        "category": "edu",
        "type": "科教文化服务;学校;幼儿园",
        "district": "金牛区",
        "weight": 1
      }
    },
    {
      "type": "Feature",
      "geometry": {
        "type": "Point",
        "coordinates": [
          104.028887,
          30.730147
        ]
      },
      "properties": {
        "name": "趣佳优教育",
        "category": "edu",
        "type": "科教文化服务;培训机构;培训机构",
        "district": "金牛区",
        "weight": 2
      }
    },
    {
      "type": "Feature",
      "geometry": {
        "type": "Point",
        "coordinates": [
          104.025127,
          30.732808
        ]
      },
      "properties": {
        "name": "大师教育",
        "category": "edu",
        "type": "科教文化服务;培训机构;培训机构",
        "district": "金牛区",
        "weight": 1
      }
    },
    {
      "type": "Feature",
      "geometry": {
        "type": "Point",
        "coordinates": [
          104.027636,
          30.731236
        ]
      },
      "properties": {
        "name": "斯马特艺术幼儿园",
        "category": "edu",
        "type": "科教文化服务;学校;幼儿园",
        "district": "金牛区",
        "weight": 2
      }
    },
    {
      "type": "Feature",
      "geometry": {
        "type": "Point",
        "coordinates": [
          104.027946,
          30.734404
        ]
      },
      "properties": {
        "name": "四川省景观造型艺术研究所",
        "category": "edu",
        "type": "科教文化服务;科研机构;科研机构",
        "district": "金牛区",
        "weight": 1
      }
    },
    {
      "type": "Feature",
      "geometry": {
        "type": "Point",
        "coordinates": [
          104.037203,
          30.737996
        ]
      },
      "properties": {
        "name": "假桥小学幼儿园",
        "category": "edu",
        "type": "科教文化服务;学校;幼儿园",
        "district": "金牛区",
        "weight": 1
      }
    },
    {
      "type": "Feature",
      "geometry": {
        "type": "Point",
        "coordinates": [
          104.046842,
          30.730044
        ]
      },
      "properties": {
        "name": "顺邦文化传播",
        "category": "edu",
        "type": "科教文化服务;科教文化场所;科教文化场所",
        "district": "金牛区",
        "weight": 2
      }
    },
    {
      "type": "Feature",
      "geometry": {
        "type": "Point",
        "coordinates": [
          104.047127,
          30.731498
        ]
      },
      "properties": {
        "name": "四川星蜀漫文化传播有限公司",
        "category": "edu",
        "type": "科教文化服务;科教文化场所;科教文化场所",
        "district": "金牛区",
        "weight": 1
      }
    },
    {
      "type": "Feature",
      "geometry": {
        "type": "Point",
        "coordinates": [
          104.051553,
          30.732935
        ]
      },
      "properties": {
        "name": "金建小学校",
        "category": "edu",
        "type": "科教文化服务;学校;小学",
        "district": "金牛区",
        "weight": 1
      }
    },
    {
      "type": "Feature",
      "geometry": {
        "type": "Point",
        "coordinates": [
          104.049358,
          30.738236
        ]
      },
      "properties": {
        "name": "戴氏精品堂学校(古柏路)",
        "category": "edu",
        "type": "科教文化服务;培训机构;培训机构",
        "district": "金牛区",
        "weight": 1
      }
    },
    {
      "type": "Feature",
      "geometry": {
        "type": "Point",
        "coordinates": [
          104.052445,
          30.731796
        ]
      },
      "properties": {
        "name": "成都建筑学校",
        "category": "edu",
        "type": "科教文化服务;科教文化场所;科教文化场所",
        "district": "金牛区",
        "weight": 1
      }
    },
    {
      "type": "Feature",
      "geometry": {
        "type": "Point",
        "coordinates": [
          104.044886,
          30.734194
        ]
      },
      "properties": {
        "name": "戴氏教育(成彭立交分部)",
        "category": "edu",
        "type": "科教文化服务;培训机构;培训机构",
        "district": "金牛区",
        "weight": 1
      }
    },
    {
      "type": "Feature",
      "geometry": {
        "type": "Point",
        "coordinates": [
          104.05146,
          30.734542
        ]
      },
      "properties": {
        "name": "沙河源街道川建社区图书阅览室",
        "category": "edu",
        "type": "科教文化服务;科教文化场所;科教文化场所",
        "district": "金牛区",
        "weight": 1
      }
    },
    {
      "type": "Feature",
      "geometry": {
        "type": "Point",
        "coordinates": [
          104.045996,
          30.731238
        ]
      },
      "properties": {
        "name": "兴义镇美术馆",
        "category": "edu",
        "type": "科教文化服务;美术馆;美术馆",
        "district": "金牛区",
        "weight": 1
      }
    },
    {
      "type": "Feature",
      "geometry": {
        "type": "Point",
        "coordinates": [
          104.056154,
          30.733583
        ]
      },
      "properties": {
        "name": "沙河源街道社区市民学校",
        "category": "edu",
        "type": "科教文化服务;学校;学校",
        "district": "金牛区",
        "weight": 2
      }
    },
    {
      "type": "Feature",
      "geometry": {
        "type": "Point",
        "coordinates": [
          104.060983,
          30.730598
        ]
      },
      "properties": {
        "name": "泉水路小学校",
        "category": "edu",
        "type": "科教文化服务;学校;小学",
        "district": "金牛区",
        "weight": 1
      }
    },
    {
      "type": "Feature",
      "geometry": {
        "type": "Point",
        "coordinates": [
          104.053733,
          30.734445
        ]
      },
      "properties": {
        "name": "交大智能盛梅幼儿园",
        "category": "edu",
        "type": "科教文化服务;学校;幼儿园",
        "district": "金牛区",
        "weight": 1
      }
    },
    {
      "type": "Feature",
      "geometry": {
        "type": "Point",
        "coordinates": [
          104.060115,
          30.736106
        ]
      },
      "properties": {
        "name": "乖乖双语幼儿园",
        "category": "edu",
        "type": "科教文化服务;学校;幼儿园",
        "district": "金牛区",
        "weight": 1
      }
    },
    {
      "type": "Feature",
      "geometry": {
        "type": "Point",
        "coordinates": [
          104.059618,
          30.733237
        ]
      },
      "properties": {
        "name": "新思维学校(泉水分校)",
        "category": "edu",
        "type": "科教文化服务;培训机构;培训机构",
        "district": "金牛区",
        "weight": 1
      }
    },
    {
      "type": "Feature",
      "geometry": {
        "type": "Point",
        "coordinates": [
          104.068664,
          30.735672
        ]
      },
      "properties": {
        "name": "单石桥小学",
        "category": "edu",
        "type": "科教文化服务;学校;小学",
        "district": "金牛区",
        "weight": 2
      }
    },
    {
      "type": "Feature",
      "geometry": {
        "type": "Point",
        "coordinates": [
          104.089131,
          30.733729
        ]
      },
      "properties": {
        "name": "四川省陆上运动学校",
        "category": "edu",
        "type": "科教文化服务;学校;职业技术学校",
        "district": "金牛区",
        "weight": 1
      }
    },
    {
      "type": "Feature",
      "geometry": {
        "type": "Point",
        "coordinates": [
          104.109862,
          30.731101
        ]
      },
      "properties": {
        "name": "开心智能幼儿园(蜀陵路)",
        "category": "edu",
        "type": "科教文化服务;学校;幼儿园",
        "district": "成华区",
        "weight": 1
      }
    },
    {
      "type": "Feature",
      "geometry": {
        "type": "Point",
        "coordinates": [
          104.105754,
          30.735187
        ]
      },
      "properties": {
        "name": "乐通教育",
        "category": "edu",
        "type": "科教文化服务;培训机构;培训机构",
        "district": "金牛区",
        "weight": 1
      }
    },
    {
      "type": "Feature",
      "geometry": {
        "type": "Point",
        "coordinates": [
          104.110757,
          30.738245
        ]
      },
      "properties": {
        "name": "欧普空间美学",
        "category": "edu",
        "type": "科教文化服务;培训机构;培训机构",
        "district": "金牛区",
        "weight": 1
      }
    },
    {
      "type": "Feature",
      "geometry": {
        "type": "Point",
        "coordinates": [
          104.119589,
          30.737655
        ]
      },
      "properties": {
        "name": "成都市红花实验学校",
        "category": "edu",
        "type": "科教文化服务;学校;学校",
        "district": "成华区",
        "weight": 1
      }
    },
    {
      "type": "Feature",
      "geometry": {
        "type": "Point",
        "coordinates": [
          104.115423,
          30.732732
        ]
      },
      "properties": {
        "name": "成都市成华区青龙和谐学校",
        "category": "edu",
        "type": "科教文化服务;学校;学校",
        "district": "成华区",
        "weight": 2
      }
    },
    {
      "type": "Feature",
      "geometry": {
        "type": "Point",
        "coordinates": [
          104.135575,
          30.729827
        ]
      },
      "properties": {
        "name": "熊猫路小学(熊猫大道)",
        "category": "edu",
        "type": "科教文化服务;学校;小学",
        "district": "成华区",
        "weight": 1
      }
    },
    {
      "type": "Feature",
      "geometry": {
        "type": "Point",
        "coordinates": [
          104.141588,
          30.737041
        ]
      },
      "properties": {
        "name": "日本大学成都大熊猫研究所",
        "category": "edu",
        "type": "科教文化服务;科研机构;科研机构",
        "district": "成华区",
        "weight": 7
      }
    },
    {
      "type": "Feature",
      "geometry": {
        "type": "Point",
        "coordinates": [
          104.142615,
          30.736292
        ]
      },
      "properties": {
        "name": "成都大熊猫繁育研究基地办公楼",
        "category": "edu",
        "type": "科教文化服务;科研机构;科研机构",
        "district": "成华区",
        "weight": 1
      }
    },
    {
      "type": "Feature",
      "geometry": {
        "type": "Point",
        "coordinates": [
          104.14312,
          30.735315
        ]
      },
      "properties": {
        "name": "成都大熊猫繁育研究基地-蝴蝶馆",
        "category": "edu",
        "type": "科教文化服务;展览馆;展览馆",
        "district": "成华区",
        "weight": 1
      }
    },
    {
      "type": "Feature",
      "geometry": {
        "type": "Point",
        "coordinates": [
          104.14395,
          30.735987
        ]
      },
      "properties": {
        "name": "大熊猫博物馆",
        "category": "edu",
        "type": "科教文化服务;博物馆;博物馆|科教文化服务;展览馆;展览馆",
        "district": "成华区",
        "weight": 1
      }
    },
    {
      "type": "Feature",
      "geometry": {
        "type": "Point",
        "coordinates": [
          103.97282,
          30.728686
        ]
      },
      "properties": {
        "name": "成外附小幼稚园",
        "category": "edu",
        "type": "科教文化服务;学校;幼儿园",
        "district": "金牛区",
        "weight": 4
      }
    },
    {
      "type": "Feature",
      "geometry": {
        "type": "Point",
        "coordinates": [
          103.979251,
          30.723068
        ]
      },
      "properties": {
        "name": "国际私塾",
        "category": "edu",
        "type": "科教文化服务;培训机构;培训机构",
        "district": "金牛区",
        "weight": 24
      }
    },
    {
      "type": "Feature",
      "geometry": {
        "type": "Point",
        "coordinates": [
          103.977175,
          30.725226
        ]
      },
      "properties": {
        "name": "鹰凡高尔夫体育文化传播有限公司",
        "category": "edu",
        "type": "科教文化服务;科教文化场所;科教文化场所",
        "district": "金牛区",
        "weight": 1
      }
    },
    {
      "type": "Feature",
      "geometry": {
        "type": "Point",
        "coordinates": [
          103.982547,
          30.721901
        ]
      },
      "properties": {
        "name": "成都快乐你我他文化传播有限公司",
        "category": "edu",
        "type": "科教文化服务;科教文化场所;科教文化场所",
        "district": "金牛区",
        "weight": 1
      }
    },
    {
      "type": "Feature",
      "geometry": {
        "type": "Point",
        "coordinates": [
          103.974777,
          30.727206
        ]
      },
      "properties": {
        "name": "成都国际学校",
        "category": "edu",
        "type": "科教文化服务;学校;中学",
        "district": "金牛区",
        "weight": 2
      }
    },
    {
      "type": "Feature",
      "geometry": {
        "type": "Point",
        "coordinates": [
          103.975943,
          30.722139
        ]
      },
      "properties": {
        "name": "金苹果中海国际社区幼稚园",
        "category": "edu",
        "type": "科教文化服务;学校;幼儿园",
        "district": "金牛区",
        "weight": 1
      }
    },
    {
      "type": "Feature",
      "geometry": {
        "type": "Point",
        "coordinates": [
          103.976607,
          30.726427
        ]
      },
      "properties": {
        "name": "星瑞美丽华酒店-会议厅",
        "category": "edu",
        "type": "科教文化服务;会展中心;会展中心",
        "district": "金牛区",
        "weight": 1
      }
    },
    {
      "type": "Feature",
      "geometry": {
        "type": "Point",
        "coordinates": [
          103.977914,
          30.720138
        ]
      },
      "properties": {
        "name": "希萌沙画艺术工作室",
        "category": "edu",
        "type": "科教文化服务;培训机构;培训机构",
        "district": "金牛区",
        "weight": 2
      }
    },
    {
      "type": "Feature",
      "geometry": {
        "type": "Point",
        "coordinates": [
          103.9796,
          30.720243
        ]
      },
      "properties": {
        "name": "名师培优教育",
        "category": "edu",
        "type": "科教文化服务;培训机构;培训机构",
        "district": "金牛区",
        "weight": 1
      }
    },
    {
      "type": "Feature",
      "geometry": {
        "type": "Point",
        "coordinates": [
          103.974297,
          30.722948
        ]
      },
      "properties": {
        "name": "成都市七彩乐教育中心",
        "category": "edu",
        "type": "科教文化服务;培训机构;培训机构",
        "district": "金牛区",
        "weight": 1
      }
    },
    {
      "type": "Feature",
      "geometry": {
        "type": "Point",
        "coordinates": [
          103.986856,
          30.725513
        ]
      },
      "properties": {
        "name": "成都铁路技工学校",
        "category": "edu",
        "type": "科教文化服务;学校;职业技术学校",
        "district": "金牛区",
        "weight": 4
      }
    },
    {
      "type": "Feature",
      "geometry": {
        "type": "Point",
        "coordinates": [
          103.986513,
          30.722293
        ]
      },
      "properties": {
        "name": "成博文武学校",
        "category": "edu",
        "type": "科教文化服务;学校;学校",
        "district": "金牛区",
        "weight": 1
      }
    },
    {
      "type": "Feature",
      "geometry": {
        "type": "Point",
        "coordinates": [
          103.9876,
          30.723072
        ]
      },
      "properties": {
        "name": "新东方烹饪学校",
        "category": "edu",
        "type": "科教文化服务;学校;职业技术学校",
        "district": "金牛区",
        "weight": 2
      }
    },
    {
      "type": "Feature",
      "geometry": {
        "type": "Point",
        "coordinates": [
          103.991504,
          30.721218
        ]
      },
      "properties": {
        "name": "成都伟特电气研究所",
        "category": "edu",
        "type": "科教文化服务;科研机构;科研机构",
        "district": "金牛区",
        "weight": 1
      }
    },
    {
      "type": "Feature",
      "geometry": {
        "type": "Point",
        "coordinates": [
          103.987744,
          30.721599
        ]
      },
      "properties": {
        "name": "成都艾迪康医学检测实验室",
        "category": "edu",
        "type": "科教文化服务;科研机构;科研机构",
        "district": "金牛区",
        "weight": 1
      }
    },
    {
      "type": "Feature",
      "geometry": {
        "type": "Point",
        "coordinates": [
          104.001292,
          30.727281
        ]
      },
      "properties": {
        "name": "金牛中学",
        "category": "edu",
        "type": "科教文化服务;学校;中学",
        "district": "金牛区",
        "weight": 1
      }
    },
    {
      "type": "Feature",
      "geometry": {
        "type": "Point",
        "coordinates": [
          104.001892,
          30.726077
        ]
      },
      "properties": {
        "name": "金泉小学校",
        "category": "edu",
        "type": "科教文化服务;学校;小学",
        "district": "金牛区",
        "weight": 2
      }
    },
    {
      "type": "Feature",
      "geometry": {
        "type": "Point",
        "coordinates": [
          103.995168,
          30.724361
        ]
      },
      "properties": {
        "name": "金牛区双何幼儿园",
        "category": "edu",
        "type": "科教文化服务;学校;幼儿园",
        "district": "金牛区",
        "weight": 1
      }
    },
    {
      "type": "Feature",
      "geometry": {
        "type": "Point",
        "coordinates": [
          104.010551,
          30.722508
        ]
      },
      "properties": {
        "name": "成都衢上文化传播有限公司",
        "category": "edu",
        "type": "科教文化服务;科教文化场所;科教文化场所",
        "district": "金牛区",
        "weight": 1
      }
    },
    {
      "type": "Feature",
      "geometry": {
        "type": "Point",
        "coordinates": [
          104.005444,
          30.724385
        ]
      },
      "properties": {
        "name": "浩浩教育",
        "category": "edu",
        "type": "科教文化服务;培训机构;培训机构",
        "district": "金牛区",
        "weight": 4
      }
    },
    {
      "type": "Feature",
      "geometry": {
        "type": "Point",
        "coordinates": [
          104.012531,
          30.720309
        ]
      },
      "properties": {
        "name": "易园园林博物馆",
        "category": "edu",
        "type": "科教文化服务;博物馆;博物馆",
        "district": "金牛区",
        "weight": 1
      }
    },
    {
      "type": "Feature",
      "geometry": {
        "type": "Point",
        "coordinates": [
          104.011296,
          30.719785
        ]
      },
      "properties": {
        "name": "乐知书院",
        "category": "edu",
        "type": "科教文化服务;培训机构;培训机构",
        "district": "金牛区",
        "weight": 2
      }
    },
    {
      "type": "Feature",
      "geometry": {
        "type": "Point",
        "coordinates": [
          104.004203,
          30.721331
        ]
      },
      "properties": {
        "name": "和悦艺术馆",
        "category": "edu",
        "type": "科教文化服务;展览馆;展览馆",
        "district": "金牛区",
        "weight": 1
      }
    },
    {
      "type": "Feature",
      "geometry": {
        "type": "Point",
        "coordinates": [
          104.00526,
          30.725773
        ]
      },
      "properties": {
        "name": "星高艺艺术培训学校",
        "category": "edu",
        "type": "科教文化服务;培训机构;培训机构",
        "district": "金牛区",
        "weight": 1
      }
    },
    {
      "type": "Feature",
      "geometry": {
        "type": "Point",
        "coordinates": [
          104.022186,
          30.728387
        ]
      },
      "properties": {
        "name": "青杠社区综合文化活动室",
        "category": "edu",
        "type": "科教文化服务;文化宫;文化宫",
        "district": "金牛区",
        "weight": 1
      }
    },
    {
      "type": "Feature",
      "geometry": {
        "type": "Point",
        "coordinates": [
          104.022154,
          30.723842
        ]
      },
      "properties": {
        "name": "四川电影电视学院金牛校区",
        "category": "edu",
        "type": "科教文化服务;学校;高等院校",
        "district": "金牛区",
        "weight": 1
      }
    },
    {
      "type": "Feature",
      "geometry": {
        "type": "Point",
        "coordinates": [
          104.022334,
          30.722142
        ]
      },
      "properties": {
        "name": "人民北路小学·华侨城校区",
        "category": "edu",
        "type": "科教文化服务;学校;小学",
        "district": "金牛区",
        "weight": 2
      }
    },
    {
      "type": "Feature",
      "geometry": {
        "type": "Point",
        "coordinates": [
          104.02223,
          30.725941
        ]
      },
      "properties": {
        "name": "四川师范大学电影电视学院",
        "category": "edu",
        "type": "科教文化服务;学校;高等院校",
        "district": "金牛区",
        "weight": 1
      }
    },
    {
      "type": "Feature",
      "geometry": {
        "type": "Point",
        "coordinates": [
          104.021049,
          30.720288
        ]
      },
      "properties": {
        "name": "金苹果华侨城幼稚园",
        "category": "edu",
        "type": "科教文化服务;学校;幼儿园",
        "district": "金牛区",
        "weight": 1
      }
    },
    {
      "type": "Feature",
      "geometry": {
        "type": "Point",
        "coordinates": [
          104.013739,
          30.726809
        ]
      },
      "properties": {
        "name": "瓦子林幼儿园",
        "category": "edu",
        "type": "科教文化服务;学校;幼儿园",
        "district": "金牛区",
        "weight": 2
      }
    },
    {
      "type": "Feature",
      "geometry": {
        "type": "Point",
        "coordinates": [
          104.021068,
          30.72139
        ]
      },
      "properties": {
        "name": "四川电影电视学院(金牛校区)化装系",
        "category": "edu",
        "type": "科教文化服务;学校;高等院校",
        "district": "金牛区",
        "weight": 2
      }
    },
    {
      "type": "Feature",
      "geometry": {
        "type": "Point",
        "coordinates": [
          104.0207,
          30.72259
        ]
      },
      "properties": {
        "name": "四川电影电视学院金牛校区-图书馆",
        "category": "edu",
        "type": "科教文化服务;图书馆;图书馆",
        "district": "金牛区",
        "weight": 1
      }
    },
    {
      "type": "Feature",
      "geometry": {
        "type": "Point",
        "coordinates": [
          104.015956,
          30.725458
        ]
      },
      "properties": {
        "name": "四川省变频自动化系统技术研究所",
        "category": "edu",
        "type": "科教文化服务;科研机构;科研机构",
        "district": "金牛区",
        "weight": 1
      }
    },
    {
      "type": "Feature",
      "geometry": {
        "type": "Point",
        "coordinates": [
          104.030799,
          30.72069
        ]
      },
      "properties": {
        "name": "雅生双语托管",
        "category": "edu",
        "type": "科教文化服务;培训机构;培训机构",
        "district": "金牛区",
        "weight": 3
      }
    },
    {
      "type": "Feature",
      "geometry": {
        "type": "Point",
        "coordinates": [
          104.023797,
          30.726605
        ]
      },
      "properties": {
        "name": "四川电影电视学院金牛校区(东北门)",
        "category": "edu",
        "type": "科教文化服务;学校;高等院校|通行设施;临街院门;临街院门",
        "district": "金牛区",
        "weight": 1
      }
    },
    {
      "type": "Feature",
      "geometry": {
        "type": "Point",
        "coordinates": [
          104.026747,
          30.729211
        ]
      },
      "properties": {
        "name": "武道联盟",
        "category": "edu",
        "type": "体育休闲服务;运动场馆;运动场所|科教文化服务;培训机构;培训机构",
        "district": "金牛区",
        "weight": 3
      }
    },
    {
      "type": "Feature",
      "geometry": {
        "type": "Point",
        "coordinates": [
          104.04087,
          30.719769
        ]
      },
      "properties": {
        "name": "红彩翔教育",
        "category": "edu",
        "type": "科教文化服务;培训机构;培训机构",
        "district": "金牛区",
        "weight": 7
      }
    },
    {
      "type": "Feature",
      "geometry": {
        "type": "Point",
        "coordinates": [
          104.036998,
          30.724353
        ]
      },
      "properties": {
        "name": "成都华侨城国际影像艺术中心",
        "category": "edu",
        "type": "科教文化服务;展览馆;展览馆",
        "district": "金牛区",
        "weight": 1
      }
    },
    {
      "type": "Feature",
      "geometry": {
        "type": "Point",
        "coordinates": [
          104.035642,
          30.722903
        ]
      },
      "properties": {
        "name": "华侨城(成都)视觉艺术中心",
        "category": "edu",
        "type": "科教文化服务;展览馆;展览馆",
        "district": "金牛区",
        "weight": 1
      }
    },
    {
      "type": "Feature",
      "geometry": {
        "type": "Point",
        "coordinates": [
          104.043517,
          30.726393
        ]
      },
      "properties": {
        "name": "四川民族教育报社",
        "category": "edu",
        "type": "科教文化服务;传媒机构;报社",
        "district": "金牛区",
        "weight": 2
      }
    },
    {
      "type": "Feature",
      "geometry": {
        "type": "Point",
        "coordinates": [
          104.049611,
          30.72369
        ]
      },
      "properties": {
        "name": "成都金牛区职教中心",
        "category": "edu",
        "type": "科教文化服务;学校;职业技术学校",
        "district": "金牛区",
        "weight": 5
      }
    },
    {
      "type": "Feature",
      "geometry": {
        "type": "Point",
        "coordinates": [
          104.052674,
          30.724616
        ]
      },
      "properties": {
        "name": "浣笔学堂",
        "category": "edu",
        "type": "科教文化服务;培训机构;培训机构",
        "district": "金牛区",
        "weight": 10
      }
    },
    {
      "type": "Feature",
      "geometry": {
        "type": "Point",
        "coordinates": [
          104.043954,
          30.722967
        ]
      },
      "properties": {
        "name": "成都影像艺术馆",
        "category": "edu",
        "type": "科教文化服务;展览馆;展览馆",
        "district": "金牛区",
        "weight": 1
      }
    },
    {
      "type": "Feature",
      "geometry": {
        "type": "Point",
        "coordinates": [
          104.049101,
          30.726179
        ]
      },
      "properties": {
        "name": "成都市红孩儿幼儿园",
        "category": "edu",
        "type": "科教文化服务;学校;幼儿园",
        "district": "金牛区",
        "weight": 1
      }
    },
    {
      "type": "Feature",
      "geometry": {
        "type": "Point",
        "coordinates": [
          104.062737,
          30.729088
        ]
      },
      "properties": {
        "name": "博卡拉顿泉水幼儿园",
        "category": "edu",
        "type": "科教文化服务;学校;幼儿园",
        "district": "金牛区",
        "weight": 1
      }
    },
    {
      "type": "Feature",
      "geometry": {
        "type": "Point",
        "coordinates": [
          104.061675,
          30.722981
        ]
      },
      "properties": {
        "name": "源泉幼儿园(和平街)",
        "category": "edu",
        "type": "科教文化服务;学校;幼儿园",
        "district": "金牛区",
        "weight": 1
      }
    },
    {
      "type": "Feature",
      "geometry": {
        "type": "Point",
        "coordinates": [
          104.060006,
          30.728977
        ]
      },
      "properties": {
        "name": "愽卡拉顿泉水幼儿园",
        "category": "edu",
        "type": "科教文化服务;学校;幼儿园",
        "district": "金牛区",
        "weight": 1
      }
    },
    {
      "type": "Feature",
      "geometry": {
        "type": "Point",
        "coordinates": [
          104.056268,
          30.72372
        ]
      },
      "properties": {
        "name": "金阳艺术培训",
        "category": "edu",
        "type": "科教文化服务;培训机构;培训机构",
        "district": "金牛区",
        "weight": 1
      }
    },
    {
      "type": "Feature",
      "geometry": {
        "type": "Point",
        "coordinates": [
          104.060073,
          30.72532
        ]
      },
      "properties": {
        "name": "鸿鹄优翼教育",
        "category": "edu",
        "type": "科教文化服务;培训机构;培训机构",
        "district": "金牛区",
        "weight": 1
      }
    },
    {
      "type": "Feature",
      "geometry": {
        "type": "Point",
        "coordinates": [
          104.057389,
          30.724791
        ]
      },
      "properties": {
        "name": "萌升教育咨询有限公司",
        "category": "edu",
        "type": "科教文化服务;培训机构;培训机构",
        "district": "金牛区",
        "weight": 1
      }
    },
    {
      "type": "Feature",
      "geometry": {
        "type": "Point",
        "coordinates": [
          104.055444,
          30.724574
        ]
      },
      "properties": {
        "name": "金立方教育",
        "category": "edu",
        "type": "科教文化服务;培训机构;培训机构",
        "district": "金牛区",
        "weight": 1
      }
    },
    {
      "type": "Feature",
      "geometry": {
        "type": "Point",
        "coordinates": [
          104.059547,
          30.719952
        ]
      },
      "properties": {
        "name": "云汉网络传媒有限责任公司",
        "category": "edu",
        "type": "科教文化服务;科教文化场所;科教文化场所",
        "district": "金牛区",
        "weight": 1
      }
    },
    {
      "type": "Feature",
      "geometry": {
        "type": "Point",
        "coordinates": [
          104.063039,
          30.724986
        ]
      },
      "properties": {
        "name": "成都川藏行文化传播有限公司",
        "category": "edu",
        "type": "科教文化服务;科教文化场所;科教文化场所",
        "district": "金牛区",
        "weight": 1
      }
    },
    {
      "type": "Feature",
      "geometry": {
        "type": "Point",
        "coordinates": [
          104.068638,
          30.721507
        ]
      },
      "properties": {
        "name": "金草地幼儿园",
        "category": "edu",
        "type": "科教文化服务;学校;幼儿园",
        "district": "金牛区",
        "weight": 3
      }
    },
    {
      "type": "Feature",
      "geometry": {
        "type": "Point",
        "coordinates": [
          104.064644,
          30.721602
        ]
      },
      "properties": {
        "name": "一度教育",
        "category": "edu",
        "type": "科教文化服务;培训机构;培训机构",
        "district": "金牛区",
        "weight": 2
      }
    },
    {
      "type": "Feature",
      "geometry": {
        "type": "Point",
        "coordinates": [
          104.067877,
          30.719833
        ]
      },
      "properties": {
        "name": "泓宇舞蹈",
        "category": "edu",
        "type": "科教文化服务;培训机构;培训机构",
        "district": "金牛区",
        "weight": 1
      }
    },
    {
      "type": "Feature",
      "geometry": {
        "type": "Point",
        "coordinates": [
          104.075179,
          30.724215
        ]
      },
      "properties": {
        "name": "四川艺彬文化传播有限公司",
        "category": "edu",
        "type": "科教文化服务;科教文化场所;科教文化场所",
        "district": "金牛区",
        "weight": 1
      }
    },
    {
      "type": "Feature",
      "geometry": {
        "type": "Point",
        "coordinates": [
          104.080922,
          30.720013
        ]
      },
      "properties": {
        "name": "梧桐小学校",
        "category": "edu",
        "type": "科教文化服务;学校;小学",
        "district": "金牛区",
        "weight": 2
      }
    },
    {
      "type": "Feature",
      "geometry": {
        "type": "Point",
        "coordinates": [
          104.074154,
          30.720592
        ]
      },
      "properties": {
        "name": "梦工坊",
        "category": "edu",
        "type": "科教文化服务;培训机构;培训机构",
        "district": "金牛区",
        "weight": 1
      }
    },
    {
      "type": "Feature",
      "geometry": {
        "type": "Point",
        "coordinates": [
          104.074204,
          30.723396
        ]
      },
      "properties": {
        "name": "静语斋青少年书画培训",
        "category": "edu",
        "type": "科教文化服务;培训机构;培训机构",
        "district": "金牛区",
        "weight": 1
      }
    },
    {
      "type": "Feature",
      "geometry": {
        "type": "Point",
        "coordinates": [
          104.076633,
          30.720388
        ]
      },
      "properties": {
        "name": "金韦社区未成年人心理辅导中心",
        "category": "edu",
        "type": "科教文化服务;培训机构;培训机构",
        "district": "金牛区",
        "weight": 1
      }
    },
    {
      "type": "Feature",
      "geometry": {
        "type": "Point",
        "coordinates": [
          104.086595,
          30.720398
        ]
      },
      "properties": {
        "name": "成都市成华区红花学校",
        "category": "edu",
        "type": "科教文化服务;学校;小学",
        "district": "成华区",
        "weight": 1
      }
    },
    {
      "type": "Feature",
      "geometry": {
        "type": "Point",
        "coordinates": [
          104.098818,
          30.725478
        ]
      },
      "properties": {
        "name": "蓝天幼儿园",
        "category": "edu",
        "type": "科教文化服务;学校;幼儿园",
        "district": "金牛区",
        "weight": 1
      }
    },
    {
      "type": "Feature",
      "geometry": {
        "type": "Point",
        "coordinates": [
          104.100952,
          30.719495
        ]
      },
      "properties": {
        "name": "美当创艺美术馆",
        "category": "edu",
        "type": "科教文化服务;美术馆;美术馆",
        "district": "成华区",
        "weight": 2
      }
    },
    {
      "type": "Feature",
      "geometry": {
        "type": "Point",
        "coordinates": [
          104.112198,
          30.724569
        ]
      },
      "properties": {
        "name": "光亚儿童学校",
        "category": "edu",
        "type": "科教文化服务;学校;幼儿园",
        "district": "成华区",
        "weight": 2
      }
    },
    {
      "type": "Feature",
      "geometry": {
        "type": "Point",
        "coordinates": [
          104.11111,
          30.728232
        ]
      },
      "properties": {
        "name": "四川勤思特教育",
        "category": "edu",
        "type": "科教文化服务;培训机构;培训机构",
        "district": "成华区",
        "weight": 2
      }
    },
    {
      "type": "Feature",
      "geometry": {
        "type": "Point",
        "coordinates": [
          104.120112,
          30.722156
        ]
      },
      "properties": {
        "name": "白莲实验幼儿园",
        "category": "edu",
        "type": "科教文化服务;学校;幼儿园",
        "district": "成华区",
        "weight": 2
      }
    },
    {
      "type": "Feature",
      "geometry": {
        "type": "Point",
        "coordinates": [
          104.121039,
          30.723943
        ]
      },
      "properties": {
        "name": "拱辰白莲小学",
        "category": "edu",
        "type": "科教文化服务;学校;小学",
        "district": "成华区",
        "weight": 1
      }
    },
    {
      "type": "Feature",
      "geometry": {
        "type": "Point",
        "coordinates": [
          104.115754,
          30.725754
        ]
      },
      "properties": {
        "name": "通威集团水产研究所",
        "category": "edu",
        "type": "科教文化服务;科研机构;科研机构",
        "district": "成华区",
        "weight": 1
      }
    },
    {
      "type": "Feature",
      "geometry": {
        "type": "Point",
        "coordinates": [
          104.132463,
          30.726548
        ]
      },
      "properties": {
        "name": "启蒙幼儿园",
        "category": "edu",
        "type": "科教文化服务;学校;幼儿园",
        "district": "成华区",
        "weight": 1
      }
    },
    {
      "type": "Feature",
      "geometry": {
        "type": "Point",
        "coordinates": [
          104.12717,
          30.723525
        ]
      },
      "properties": {
        "name": "金太阳幼儿园(熊猫大道)",
        "category": "edu",
        "type": "科教文化服务;学校;幼儿园",
        "district": "成华区",
        "weight": 1
      }
    },
    {
      "type": "Feature",
      "geometry": {
        "type": "Point",
        "coordinates": [
          104.136378,
          30.728271
        ]
      },
      "properties": {
        "name": "幸福域文化传播",
        "category": "edu",
        "type": "科教文化服务;科教文化场所;科教文化场所",
        "district": "成华区",
        "weight": 1
      }
    },
    {
      "type": "Feature",
      "geometry": {
        "type": "Point",
        "coordinates": [
          104.145608,
          30.719822
        ]
      },
      "properties": {
        "name": "成都瑞贝卡文化传播有限公司",
        "category": "edu",
        "type": "科教文化服务;科教文化场所;科教文化场所",
        "district": "成华区",
        "weight": 1
      }
    },
    {
      "type": "Feature",
      "geometry": {
        "type": "Point",
        "coordinates": [
          104.1656,
          30.719106
        ]
      },
      "properties": {
        "name": "加州阳光田园幼儿园",
        "category": "edu",
        "type": "科教文化服务;学校;幼儿园",
        "district": "成华区",
        "weight": 4
      }
    },
    {
      "type": "Feature",
      "geometry": {
        "type": "Point",
        "coordinates": [
          104.163971,
          30.721631
        ]
      },
      "properties": {
        "name": "玉珏拉丁舞培训中心",
        "category": "edu",
        "type": "科教文化服务;培训机构;培训机构",
        "district": "成华区",
        "weight": 1
      }
    },
    {
      "type": "Feature",
      "geometry": {
        "type": "Point",
        "coordinates": [
          103.970242,
          30.716136
        ]
      },
      "properties": {
        "name": "华西卫校护理",
        "category": "edu",
        "type": "科教文化服务;科教文化场所;科教文化场所",
        "district": "金牛区",
        "weight": 2
      }
    },
    {
      "type": "Feature",
      "geometry": {
        "type": "Point",
        "coordinates": [
          103.965621,
          30.717568
        ]
      },
      "properties": {
        "name": "五月花烹饪学校",
        "category": "edu",
        "type": "科教文化服务;学校;成人教育",
        "district": "金牛区",
        "weight": 4
      }
    },
    {
      "type": "Feature",
      "geometry": {
        "type": "Point",
        "coordinates": [
          103.979588,
          30.710054
        ]
      },
      "properties": {
        "name": "成都颖客文化传播有限公司",
        "category": "edu",
        "type": "科教文化服务;科教文化场所;科教文化场所",
        "district": "金牛区",
        "weight": 3
      }
    },
    {
      "type": "Feature",
      "geometry": {
        "type": "Point",
        "coordinates": [
          103.976897,
          30.710504
        ]
      },
      "properties": {
        "name": "瑞河酒店-会议厅",
        "category": "edu",
        "type": "科教文化服务;会展中心;会展中心",
        "district": "金牛区",
        "weight": 1
      }
    },
    {
      "type": "Feature",
      "geometry": {
        "type": "Point",
        "coordinates": [
          103.980975,
          30.71904
        ]
      },
      "properties": {
        "name": "成都联合汽车学校",
        "category": "edu",
        "type": "科教文化服务;学校;学校",
        "district": "金牛区",
        "weight": 2
      }
    },
    {
      "type": "Feature",
      "geometry": {
        "type": "Point",
        "coordinates": [
          103.978,
          30.711037
        ]
      },
      "properties": {
        "name": "成都市民道德讲堂",
        "category": "edu",
        "type": "科教文化服务;培训机构;培训机构",
        "district": "金牛区",
        "weight": 1
      }
    },
    {
      "type": "Feature",
      "geometry": {
        "type": "Point",
        "coordinates": [
          103.989117,
          30.717072
        ]
      },
      "properties": {
        "name": "成都哈哈文化传播有限公司",
        "category": "edu",
        "type": "科教文化服务;科教文化场所;科教文化场所",
        "district": "金牛区",
        "weight": 1
      }
    },
    {
      "type": "Feature",
      "geometry": {
        "type": "Point",
        "coordinates": [
          103.986659,
          30.719005
        ]
      },
      "properties": {
        "name": "成都语汇文化传播有限公司",
        "category": "edu",
        "type": "科教文化服务;科教文化场所;科教文化场所",
        "district": "金牛区",
        "weight": 1
      }
    },
    {
      "type": "Feature",
      "geometry": {
        "type": "Point",
        "coordinates": [
          103.988645,
          30.718887
        ]
      },
      "properties": {
        "name": "盛大国际启源文化传播有限公司",
        "category": "edu",
        "type": "科教文化服务;科教文化场所;科教文化场所",
        "district": "金牛区",
        "weight": 1
      }
    },
    {
      "type": "Feature",
      "geometry": {
        "type": "Point",
        "coordinates": [
          103.990708,
          30.711377
        ]
      },
      "properties": {
        "name": "精舞艺术中心",
        "category": "edu",
        "type": "科教文化服务;培训机构;培训机构",
        "district": "金牛区",
        "weight": 3
      }
    },
    {
      "type": "Feature",
      "geometry": {
        "type": "Point",
        "coordinates": [
          103.984264,
          30.710757
        ]
      },
      "properties": {
        "name": "金科路小学校",
        "category": "edu",
        "type": "科教文化服务;学校;小学",
        "district": "金牛区",
        "weight": 1
      }
    },
    {
      "type": "Feature",
      "geometry": {
        "type": "Point",
        "coordinates": [
          103.987239,
          30.713153
        ]
      },
      "properties": {
        "name": "金宝宝双语幼儿园(金科苑东街)",
        "category": "edu",
        "type": "科教文化服务;学校;幼儿园",
        "district": "金牛区",
        "weight": 1
      }
    },
    {
      "type": "Feature",
      "geometry": {
        "type": "Point",
        "coordinates": [
          103.990832,
          30.718344
        ]
      },
      "properties": {
        "name": "炼化企业信息化联合实验室",
        "category": "edu",
        "type": "科教文化服务;科研机构;科研机构",
        "district": "金牛区",
        "weight": 1
      }
    },
    {
      "type": "Feature",
      "geometry": {
        "type": "Point",
        "coordinates": [
          103.991245,
          30.713689
        ]
      },
      "properties": {
        "name": "民族研究所",
        "category": "edu",
        "type": "科教文化服务;科研机构;科研机构",
        "district": "金牛区",
        "weight": 1
      }
    },
    {
      "type": "Feature",
      "geometry": {
        "type": "Point",
        "coordinates": [
          103.991747,
          30.710338
        ]
      },
      "properties": {
        "name": "艺蒙美术",
        "category": "edu",
        "type": "科教文化服务;培训机构;培训机构",
        "district": "金牛区",
        "weight": 1
      }
    },
    {
      "type": "Feature",
      "geometry": {
        "type": "Point",
        "coordinates": [
          103.993253,
          30.711374
        ]
      },
      "properties": {
        "name": "艾比斯国际英语",
        "category": "edu",
        "type": "科教文化服务;培训机构;培训机构",
        "district": "金牛区",
        "weight": 1
      }
    },
    {
      "type": "Feature",
      "geometry": {
        "type": "Point",
        "coordinates": [
          104.002715,
          30.711805
        ]
      },
      "properties": {
        "name": "三都博物馆",
        "category": "edu",
        "type": "科教文化服务;博物馆;博物馆",
        "district": "金牛区",
        "weight": 2
      }
    },
    {
      "type": "Feature",
      "geometry": {
        "type": "Point",
        "coordinates": [
          104.000685,
          30.71177
        ]
      },
      "properties": {
        "name": "雅风(当代艺术)画廊",
        "category": "edu",
        "type": "科教文化服务;科教文化场所;科教文化场所",
        "district": "金牛区",
        "weight": 1
      }
    },
    {
      "type": "Feature",
      "geometry": {
        "type": "Point",
        "coordinates": [
          104.001249,
          30.713308
        ]
      },
      "properties": {
        "name": "金妞妞幼儿园",
        "category": "edu",
        "type": "科教文化服务;学校;幼儿园",
        "district": "金牛区",
        "weight": 1
      }
    },
    {
      "type": "Feature",
      "geometry": {
        "type": "Point",
        "coordinates": [
          103.99546,
          30.717103
        ]
      },
      "properties": {
        "name": "消防时代杂志社",
        "category": "edu",
        "type": "科教文化服务;传媒机构;杂志社",
        "district": "金牛区",
        "weight": 1
      }
    },
    {
      "type": "Feature",
      "geometry": {
        "type": "Point",
        "coordinates": [
          103.996615,
          30.715561
        ]
      },
      "properties": {
        "name": "郦湾国际酒店-会议厅",
        "category": "edu",
        "type": "科教文化服务;会展中心;会展中心",
        "district": "金牛区",
        "weight": 1
      }
    },
    {
      "type": "Feature",
      "geometry": {
        "type": "Point",
        "coordinates": [
          103.996932,
          30.709724
        ]
      },
      "properties": {
        "name": "斯坦福幼儿园",
        "category": "edu",
        "type": "科教文化服务;学校;幼儿园",
        "district": "金牛区",
        "weight": 1
      }
    },
    {
      "type": "Feature",
      "geometry": {
        "type": "Point",
        "coordinates": [
          103.995595,
          30.718425
        ]
      },
      "properties": {
        "name": "公安部四川消防研究所(金科南路)",
        "category": "edu",
        "type": "科教文化服务;科研机构;科研机构",
        "district": "金牛区",
        "weight": 1
      }
    },
    {
      "type": "Feature",
      "geometry": {
        "type": "Point",
        "coordinates": [
          103.997933,
          30.714423
        ]
      },
      "properties": {
        "name": "戴氏精品堂学校迎宾总校",
        "category": "edu",
        "type": "科教文化服务;科教文化场所;科教文化场所",
        "district": "金牛区",
        "weight": 1
      }
    },
    {
      "type": "Feature",
      "geometry": {
        "type": "Point",
        "coordinates": [
          104.011304,
          30.709628
        ]
      },
      "properties": {
        "name": "美吉特国际教育",
        "category": "edu",
        "type": "科教文化服务;培训机构;培训机构",
        "district": "金牛区",
        "weight": 2
      }
    },
    {
      "type": "Feature",
      "geometry": {
        "type": "Point",
        "coordinates": [
          104.00962,
          30.716676
        ]
      },
      "properties": {
        "name": "赋舸学院",
        "category": "edu",
        "type": "科教文化服务;学校;高等院校",
        "district": "金牛区",
        "weight": 5
      }
    },
    {
      "type": "Feature",
      "geometry": {
        "type": "Point",
        "coordinates": [
          104.007107,
          30.717166
        ]
      },
      "properties": {
        "name": "贝乐机器人",
        "category": "edu",
        "type": "科教文化服务;科教文化场所;科教文化场所",
        "district": "金牛区",
        "weight": 2
      }
    },
    {
      "type": "Feature",
      "geometry": {
        "type": "Point",
        "coordinates": [
          104.005385,
          30.71184
        ]
      },
      "properties": {
        "name": "金茜贝尔亲子幼儿园",
        "category": "edu",
        "type": "科教文化服务;学校;幼儿园",
        "district": "金牛区",
        "weight": 1
      }
    },
    {
      "type": "Feature",
      "geometry": {
        "type": "Point",
        "coordinates": [
          104.005308,
          30.715013
        ]
      },
      "properties": {
        "name": "迎宾一号-会议厅",
        "category": "edu",
        "type": "科教文化服务;会展中心;会展中心",
        "district": "金牛区",
        "weight": 2
      }
    },
    {
      "type": "Feature",
      "geometry": {
        "type": "Point",
        "coordinates": [
          104.013647,
          30.718105
        ]
      },
      "properties": {
        "name": "成都新东方烹饪学校金牛宾馆营销办公室",
        "category": "edu",
        "type": "科教文化服务;学校;学校",
        "district": "金牛区",
        "weight": 1
      }
    },
    {
      "type": "Feature",
      "geometry": {
        "type": "Point",
        "coordinates": [
          104.008777,
          30.71319
        ]
      },
      "properties": {
        "name": "瑞思学科英语(迎宾校区)",
        "category": "edu",
        "type": "科教文化服务;培训机构;培训机构",
        "district": "金牛区",
        "weight": 2
      }
    },
    {
      "type": "Feature",
      "geometry": {
        "type": "Point",
        "coordinates": [
          104.023431,
          30.714987
        ]
      },
      "properties": {
        "name": "众源文化传播有限公司",
        "category": "edu",
        "type": "科教文化服务;传媒机构;传媒机构",
        "district": "金牛区",
        "weight": 1
      }
    },
    {
      "type": "Feature",
      "geometry": {
        "type": "Point",
        "coordinates": [
          104.019464,
          30.711017
        ]
      },
      "properties": {
        "name": "金桥高级艺术小学",
        "category": "edu",
        "type": "科教文化服务;学校;小学",
        "district": "金牛区",
        "weight": 1
      }
    },
    {
      "type": "Feature",
      "geometry": {
        "type": "Point",
        "coordinates": [
          104.020971,
          30.715174
        ]
      },
      "properties": {
        "name": "成都市英才学校(跃进校区)",
        "category": "edu",
        "type": "科教文化服务;学校;中学",
        "district": "金牛区",
        "weight": 1
      }
    },
    {
      "type": "Feature",
      "geometry": {
        "type": "Point",
        "coordinates": [
          104.022808,
          30.712272
        ]
      },
      "properties": {
        "name": "跃进村幼儿园",
        "category": "edu",
        "type": "科教文化服务;学校;幼儿园",
        "district": "金牛区",
        "weight": 2
      }
    },
    {
      "type": "Feature",
      "geometry": {
        "type": "Point",
        "coordinates": [
          104.019542,
          30.714663
        ]
      },
      "properties": {
        "name": "五彩石幼儿园",
        "category": "edu",
        "type": "科教文化服务;学校;幼儿园",
        "district": "金牛区",
        "weight": 1
      }
    },
    {
      "type": "Feature",
      "geometry": {
        "type": "Point",
        "coordinates": [
          104.017929,
          30.710616
        ]
      },
      "properties": {
        "name": "汶川地震灾区发展振兴研究所",
        "category": "edu",
        "type": "科教文化服务;科研机构;科研机构",
        "district": "金牛区",
        "weight": 1
      }
    },
    {
      "type": "Feature",
      "geometry": {
        "type": "Point",
        "coordinates": [
          104.023946,
          30.709875
        ]
      },
      "properties": {
        "name": "成都伟佳文化传播有限公司",
        "category": "edu",
        "type": "科教文化服务;科教文化场所;科教文化场所",
        "district": "金牛区",
        "weight": 1
      }
    },
    {
      "type": "Feature",
      "geometry": {
        "type": "Point",
        "coordinates": [
          104.026436,
          30.715851
        ]
      },
      "properties": {
        "name": "千华钢管舞塑身减压中心",
        "category": "edu",
        "type": "科教文化服务;科教文化场所;科教文化场所",
        "district": "金牛区",
        "weight": 2
      }
    },
    {
      "type": "Feature",
      "geometry": {
        "type": "Point",
        "coordinates": [
          104.031971,
          30.714464
        ]
      },
      "properties": {
        "name": "西部五金机电博览编辑部",
        "category": "edu",
        "type": "科教文化服务;传媒机构;杂志社",
        "district": "金牛区",
        "weight": 1
      }
    },
    {
      "type": "Feature",
      "geometry": {
        "type": "Point",
        "coordinates": [
          104.043316,
          30.708514
        ]
      },
      "properties": {
        "name": "成都爱乐幼稚园",
        "category": "edu",
        "type": "科教文化服务;学校;幼儿园",
        "district": "金牛区",
        "weight": 6
      }
    },
    {
      "type": "Feature",
      "geometry": {
        "type": "Point",
        "coordinates": [
          104.040315,
          30.717534
        ]
      },
      "properties": {
        "name": "程门文化传播有限公司",
        "category": "edu",
        "type": "科教文化服务;科教文化场所;科教文化场所",
        "district": "金牛区",
        "weight": 1
      }
    },
    {
      "type": "Feature",
      "geometry": {
        "type": "Point",
        "coordinates": [
          104.038436,
          30.715692
        ]
      },
      "properties": {
        "name": "中传之星",
        "category": "edu",
        "type": "科教文化服务;科教文化场所;科教文化场所",
        "district": "金牛区",
        "weight": 10
      }
    },
    {
      "type": "Feature",
      "geometry": {
        "type": "Point",
        "coordinates": [
          104.038255,
          30.717026
        ]
      },
      "properties": {
        "name": "刘理科文化旅游工作室",
        "category": "edu",
        "type": "科教文化服务;科教文化场所;科教文化场所",
        "district": "金牛区",
        "weight": 2
      }
    },
    {
      "type": "Feature",
      "geometry": {
        "type": "Point",
        "coordinates": [
          104.039614,
          30.715033
        ]
      },
      "properties": {
        "name": "成都市佛香伽文化传播有限公司",
        "category": "edu",
        "type": "科教文化服务;科教文化场所;科教文化场所",
        "district": "金牛区",
        "weight": 1
      }
    },
    {
      "type": "Feature",
      "geometry": {
        "type": "Point",
        "coordinates": [
          104.041473,
          30.710031
        ]
      },
      "properties": {
        "name": "稚嫩幼儿园",
        "category": "edu",
        "type": "科教文化服务;学校;幼儿园",
        "district": "金牛区",
        "weight": 3
      }
    },
    {
      "type": "Feature",
      "geometry": {
        "type": "Point",
        "coordinates": [
          104.04293,
          30.715579
        ]
      },
      "properties": {
        "name": "金蕊教育",
        "category": "edu",
        "type": "科教文化服务;培训机构;培训机构",
        "district": "金牛区",
        "weight": 4
      }
    },
    {
      "type": "Feature",
      "geometry": {
        "type": "Point",
        "coordinates": [
          104.034958,
          30.712777
        ]
      },
      "properties": {
        "name": "学大教育",
        "category": "edu",
        "type": "科教文化服务;培训机构;培训机构",
        "district": "金牛区",
        "weight": 4
      }
    },
    {
      "type": "Feature",
      "geometry": {
        "type": "Point",
        "coordinates": [
          104.041855,
          30.716999
        ]
      },
      "properties": {
        "name": "点渧幼儿园",
        "category": "edu",
        "type": "科教文化服务;学校;幼儿园",
        "district": "金牛区",
        "weight": 1
      }
    },
    {
      "type": "Feature",
      "geometry": {
        "type": "Point",
        "coordinates": [
          104.036738,
          30.713756
        ]
      },
      "properties": {
        "name": "郑州机械研究所",
        "category": "edu",
        "type": "科教文化服务;科研机构;科研机构",
        "district": "金牛区",
        "weight": 1
      }
    },
    {
      "type": "Feature",
      "geometry": {
        "type": "Point",
        "coordinates": [
          104.036075,
          30.711418
        ]
      },
      "properties": {
        "name": "纽威教育(交大路)",
        "category": "edu",
        "type": "科教文化服务;培训机构;培训机构",
        "district": "金牛区",
        "weight": 2
      }
    },
    {
      "type": "Feature",
      "geometry": {
        "type": "Point",
        "coordinates": [
          104.041204,
          30.711198
        ]
      },
      "properties": {
        "name": "Alice美术教育",
        "category": "edu",
        "type": "科教文化服务;培训机构;培训机构",
        "district": "金牛区",
        "weight": 1
      }
    },
    {
      "type": "Feature",
      "geometry": {
        "type": "Point",
        "coordinates": [
          104.042398,
          30.71801
        ]
      },
      "properties": {
        "name": "新星教育",
        "category": "edu",
        "type": "科教文化服务;培训机构;培训机构",
        "district": "金牛区",
        "weight": 1
      }
    },
    {
      "type": "Feature",
      "geometry": {
        "type": "Point",
        "coordinates": [
          104.034942,
          30.714003
        ]
      },
      "properties": {
        "name": "星天艺舞蹈",
        "category": "edu",
        "type": "科教文化服务;培训机构;培训机构",
        "district": "金牛区",
        "weight": 3
      }
    },
    {
      "type": "Feature",
      "geometry": {
        "type": "Point",
        "coordinates": [
          104.046862,
          30.712784
        ]
      },
      "properties": {
        "name": "电子科技大学九里堤校区",
        "category": "edu",
        "type": "科教文化服务;学校;高等院校",
        "district": "金牛区",
        "weight": 7
      }
    },
    {
      "type": "Feature",
      "geometry": {
        "type": "Point",
        "coordinates": [
          104.044676,
          30.709441
        ]
      },
      "properties": {
        "name": "酷学堂",
        "category": "edu",
        "type": "科教文化服务;培训机构;培训机构",
        "district": "金牛区",
        "weight": 7
      }
    },
    {
      "type": "Feature",
      "geometry": {
        "type": "Point",
        "coordinates": [
          104.05162,
          30.712084
        ]
      },
      "properties": {
        "name": "成都市科普场馆",
        "category": "edu",
        "type": "科教文化服务;科教文化场所;科教文化场所",
        "district": "金牛区",
        "weight": 1
      }
    },
    {
      "type": "Feature",
      "geometry": {
        "type": "Point",
        "coordinates": [
          104.04745,
          30.715551
        ]
      },
      "properties": {
        "name": "锦西外国语实验小学新桥校区",
        "category": "edu",
        "type": "科教文化服务;学校;小学",
        "district": "金牛区",
        "weight": 1
      }
    },
    {
      "type": "Feature",
      "geometry": {
        "type": "Point",
        "coordinates": [
          104.048452,
          30.710744
        ]
      },
      "properties": {
        "name": "走遍天下学校",
        "category": "edu",
        "type": "科教文化服务;学校;学校",
        "district": "金牛区",
        "weight": 8
      }
    },
    {
      "type": "Feature",
      "geometry": {
        "type": "Point",
        "coordinates": [
          104.046592,
          30.709449
        ]
      },
      "properties": {
        "name": "名师园阅览室",
        "category": "edu",
        "type": "科教文化服务;图书馆;图书馆",
        "district": "金牛区",
        "weight": 5
      }
    },
    {
      "type": "Feature",
      "geometry": {
        "type": "Point",
        "coordinates": [
          104.044632,
          30.718688
        ]
      },
      "properties": {
        "name": "剑桥英语",
        "category": "edu",
        "type": "科教文化服务;培训机构;培训机构",
        "district": "金牛区",
        "weight": 4
      }
    },
    {
      "type": "Feature",
      "geometry": {
        "type": "Point",
        "coordinates": [
          104.063412,
          30.712386
        ]
      },
      "properties": {
        "name": "新思维",
        "category": "edu",
        "type": "科教文化服务;培训机构;培训机构",
        "district": "金牛区",
        "weight": 23
      }
    },
    {
      "type": "Feature",
      "geometry": {
        "type": "Point",
        "coordinates": [
          104.053839,
          30.71247
        ]
      },
      "properties": {
        "name": "成都市青少年活动中心(星科北街)",
        "category": "edu",
        "type": "科教文化服务;文化宫;文化宫",
        "district": "金牛区",
        "weight": 1
      }
    },
    {
      "type": "Feature",
      "geometry": {
        "type": "Point",
        "coordinates": [
          104.054406,
          30.714336
        ]
      },
      "properties": {
        "name": "中国乒协西部国际培训中心",
        "category": "edu",
        "type": "科教文化服务;培训机构;培训机构",
        "district": "金牛区",
        "weight": 3
      }
    },
    {
      "type": "Feature",
      "geometry": {
        "type": "Point",
        "coordinates": [
          104.056434,
          30.717269
        ]
      },
      "properties": {
        "name": "釜玉堂教育",
        "category": "edu",
        "type": "科教文化服务;培训机构;培训机构",
        "district": "金牛区",
        "weight": 1
      }
    },
    {
      "type": "Feature",
      "geometry": {
        "type": "Point",
        "coordinates": [
          104.059042,
          30.71822
        ]
      },
      "properties": {
        "name": "新华文轩出版传媒股份有限公司成都物流中心(西门)",
        "category": "edu",
        "type": "科教文化服务;科教文化场所;科教文化场所",
        "district": "金牛区",
        "weight": 1
      }
    },
    {
      "type": "Feature",
      "geometry": {
        "type": "Point",
        "coordinates": [
          104.070838,
          30.70952
        ]
      },
      "properties": {
        "name": "站东小学校",
        "category": "edu",
        "type": "科教文化服务;学校;小学",
        "district": "成华区",
        "weight": 2
      }
    },
    {
      "type": "Feature",
      "geometry": {
        "type": "Point",
        "coordinates": [
          104.06691,
          30.714029
        ]
      },
      "properties": {
        "name": "亲子早教",
        "category": "edu",
        "type": "科教文化服务;培训机构;培训机构",
        "district": "金牛区",
        "weight": 7
      }
    },
    {
      "type": "Feature",
      "geometry": {
        "type": "Point",
        "coordinates": [
          104.071676,
          30.71346
        ]
      },
      "properties": {
        "name": "双水碾街道办事处市民学校",
        "category": "edu",
        "type": "科教文化服务;学校;学校",
        "district": "成华区",
        "weight": 1
      }
    },
    {
      "type": "Feature",
      "geometry": {
        "type": "Point",
        "coordinates": [
          104.067443,
          30.710451
        ]
      },
      "properties": {
        "name": "花径路社区教育工作站",
        "category": "edu",
        "type": "科教文化服务;科教文化场所;科教文化场所",
        "district": "金牛区",
        "weight": 2
      }
    },
    {
      "type": "Feature",
      "geometry": {
        "type": "Point",
        "coordinates": [
          104.066678,
          30.718621
        ]
      },
      "properties": {
        "name": "沙河水文明博览馆",
        "category": "edu",
        "type": "科教文化服务;展览馆;展览馆",
        "district": "金牛区",
        "weight": 1
      }
    },
    {
      "type": "Feature",
      "geometry": {
        "type": "Point",
        "coordinates": [
          104.064026,
          30.709593
        ]
      },
      "properties": {
        "name": "顶力士送餐机器人",
        "category": "edu",
        "type": "科教文化服务;科教文化场所;科教文化场所",
        "district": "金牛区",
        "weight": 1
      }
    },
    {
      "type": "Feature",
      "geometry": {
        "type": "Point",
        "coordinates": [
          104.066324,
          30.712697
        ]
      },
      "properties": {
        "name": "纽威教育(站北北街)",
        "category": "edu",
        "type": "科教文化服务;培训机构;培训机构",
        "district": "金牛区",
        "weight": 1
      }
    },
    {
      "type": "Feature",
      "geometry": {
        "type": "Point",
        "coordinates": [
          104.06936,
          30.70938
        ]
      },
      "properties": {
        "name": "琅斯教育",
        "category": "edu",
        "type": "科教文化服务;培训机构;培训机构",
        "district": "金牛区",
        "weight": 1
      }
    },
    {
      "type": "Feature",
      "geometry": {
        "type": "Point",
        "coordinates": [
          104.078447,
          30.71373
        ]
      },
      "properties": {
        "name": "博航文化传播有限公司",
        "category": "edu",
        "type": "科教文化服务;科教文化场所;科教文化场所",
        "district": "成华区",
        "weight": 1
      }
    },
    {
      "type": "Feature",
      "geometry": {
        "type": "Point",
        "coordinates": [
          104.078001,
          30.716746
        ]
      },
      "properties": {
        "name": "绿舟双水幼儿园",
        "category": "edu",
        "type": "科教文化服务;学校;幼儿园",
        "district": "成华区",
        "weight": 1
      }
    },
    {
      "type": "Feature",
      "geometry": {
        "type": "Point",
        "coordinates": [
          104.088287,
          30.715699
        ]
      },
      "properties": {
        "name": "双水小学",
        "category": "edu",
        "type": "科教文化服务;学校;小学",
        "district": "成华区",
        "weight": 2
      }
    },
    {
      "type": "Feature",
      "geometry": {
        "type": "Point",
        "coordinates": [
          104.084472,
          30.715208
        ]
      },
      "properties": {
        "name": "双水碾中学",
        "category": "edu",
        "type": "科教文化服务;学校;中学",
        "district": "成华区",
        "weight": 1
      }
    },
    {
      "type": "Feature",
      "geometry": {
        "type": "Point",
        "coordinates": [
          104.091304,
          30.710318
        ]
      },
      "properties": {
        "name": "诺维思教育培训",
        "category": "edu",
        "type": "科教文化服务;培训机构;培训机构",
        "district": "成华区",
        "weight": 2
      }
    },
    {
      "type": "Feature",
      "geometry": {
        "type": "Point",
        "coordinates": [
          104.090261,
          30.709252
        ]
      },
      "properties": {
        "name": "浩瑞教育",
        "category": "edu",
        "type": "科教文化服务;培训机构;培训机构",
        "district": "成华区",
        "weight": 6
      }
    },
    {
      "type": "Feature",
      "geometry": {
        "type": "Point",
        "coordinates": [
          104.086987,
          30.713519
        ]
      },
      "properties": {
        "name": "彩虹幼儿园(中环路双荆路路段)",
        "category": "edu",
        "type": "科教文化服务;学校;幼儿园",
        "district": "成华区",
        "weight": 1
      }
    },
    {
      "type": "Feature",
      "geometry": {
        "type": "Point",
        "coordinates": [
          104.090749,
          30.714794
        ]
      },
      "properties": {
        "name": "苹果树英语中心",
        "category": "edu",
        "type": "科教文化服务;科教文化场所;科教文化场所",
        "district": "成华区",
        "weight": 1
      }
    },
    {
      "type": "Feature",
      "geometry": {
        "type": "Point",
        "coordinates": [
          104.090298,
          30.716862
        ]
      },
      "properties": {
        "name": "天天教育",
        "category": "edu",
        "type": "科教文化服务;培训机构;培训机构",
        "district": "成华区",
        "weight": 3
      }
    },
    {
      "type": "Feature",
      "geometry": {
        "type": "Point",
        "coordinates": [
          104.092932,
          30.709398
        ]
      },
      "properties": {
        "name": "清大学习吧",
        "category": "edu",
        "type": "科教文化服务;培训机构;培训机构",
        "district": "成华区",
        "weight": 1
      }
    },
    {
      "type": "Feature",
      "geometry": {
        "type": "Point",
        "coordinates": [
          104.089049,
          30.713678
        ]
      },
      "properties": {
        "name": "至诚教育",
        "category": "edu",
        "type": "科教文化服务;培训机构;培训机构",
        "district": "成华区",
        "weight": 1
      }
    },
    {
      "type": "Feature",
      "geometry": {
        "type": "Point",
        "coordinates": [
          104.093082,
          30.710746
        ]
      },
      "properties": {
        "name": "艺蓉舞蹈培训学校(双荆路校区)",
        "category": "edu",
        "type": "科教文化服务;培训机构;培训机构",
        "district": "成华区",
        "weight": 1
      }
    },
    {
      "type": "Feature",
      "geometry": {
        "type": "Point",
        "coordinates": [
          104.093102,
          30.716121
        ]
      },
      "properties": {
        "name": "安亲宝贝专业托管课外辅导",
        "category": "edu",
        "type": "科教文化服务;培训机构;培训机构",
        "district": "成华区",
        "weight": 1
      }
    },
    {
      "type": "Feature",
      "geometry": {
        "type": "Point",
        "coordinates": [
          104.095079,
          30.712971
        ]
      },
      "properties": {
        "name": "但昭义钢琴艺术中心",
        "category": "edu",
        "type": "科教文化服务;培训机构;培训机构",
        "district": "成华区",
        "weight": 1
      }
    },
    {
      "type": "Feature",
      "geometry": {
        "type": "Point",
        "coordinates": [
          104.095543,
          30.70896
        ]
      },
      "properties": {
        "name": "艺婷舞蹈(总校)",
        "category": "edu",
        "type": "科教文化服务;培训机构;培训机构",
        "district": "成华区",
        "weight": 3
      }
    },
    {
      "type": "Feature",
      "geometry": {
        "type": "Point",
        "coordinates": [
          104.101708,
          30.715494
        ]
      },
      "properties": {
        "name": "正格博雅艺术中心",
        "category": "edu",
        "type": "科教文化服务;美术馆;美术馆",
        "district": "成华区",
        "weight": 4
      }
    },
    {
      "type": "Feature",
      "geometry": {
        "type": "Point",
        "coordinates": [
          104.097457,
          30.715022
        ]
      },
      "properties": {
        "name": "双水小学(东区)",
        "category": "edu",
        "type": "科教文化服务;学校;小学",
        "district": "成华区",
        "weight": 1
      }
    },
    {
      "type": "Feature",
      "geometry": {
        "type": "Point",
        "coordinates": [
          104.098889,
          30.715753
        ]
      },
      "properties": {
        "name": "蓉铁花园幼儿园",
        "category": "edu",
        "type": "科教文化服务;学校;幼儿园",
        "district": "成华区",
        "weight": 1
      }
    },
    {
      "type": "Feature",
      "geometry": {
        "type": "Point",
        "coordinates": [
          104.100372,
          30.713343
        ]
      },
      "properties": {
        "name": "西南华西肾病医学研究院",
        "category": "edu",
        "type": "科教文化服务;科研机构;科研机构",
        "district": "成华区",
        "weight": 1
      }
    },
    {
      "type": "Feature",
      "geometry": {
        "type": "Point",
        "coordinates": [
          104.100928,
          30.710912
        ]
      },
      "properties": {
        "name": "成都动物园科普馆",
        "category": "edu",
        "type": "科教文化服务;科技馆;科技馆",
        "district": "成华区",
        "weight": 1
      }
    },
    {
      "type": "Feature",
      "geometry": {
        "type": "Point",
        "coordinates": [
          104.094261,
          30.709002
        ]
      },
      "properties": {
        "name": "般若教育",
        "category": "edu",
        "type": "科教文化服务;培训机构;培训机构",
        "district": "成华区",
        "weight": 6
      }
    },
    {
      "type": "Feature",
      "geometry": {
        "type": "Point",
        "coordinates": [
          104.099604,
          30.714517
        ]
      },
      "properties": {
        "name": "成都迪丽斯西点培训学校",
        "category": "edu",
        "type": "科教文化服务;培训机构;培训机构",
        "district": "成华区",
        "weight": 2
      }
    },
    {
      "type": "Feature",
      "geometry": {
        "type": "Point",
        "coordinates": [
          104.096489,
          30.710804
        ]
      },
      "properties": {
        "name": "丹秋·名师堂学校",
        "category": "edu",
        "type": "科教文化服务;培训机构;培训机构",
        "district": "成华区",
        "weight": 2
      }
    },
    {
      "type": "Feature",
      "geometry": {
        "type": "Point",
        "coordinates": [
          104.106553,
          30.716305
        ]
      },
      "properties": {
        "name": "成都市北新实验小学",
        "category": "edu",
        "type": "科教文化服务;学校;小学",
        "district": "成华区",
        "weight": 2
      }
    },
    {
      "type": "Feature",
      "geometry": {
        "type": "Point",
        "coordinates": [
          104.106132,
          30.709474
        ]
      },
      "properties": {
        "name": "青龙西林幼儿园",
        "category": "edu",
        "type": "科教文化服务;学校;幼儿园",
        "district": "成华区",
        "weight": 1
      }
    },
    {
      "type": "Feature",
      "geometry": {
        "type": "Point",
        "coordinates": [
          104.112888,
          30.717616
        ]
      },
      "properties": {
        "name": "成都十三幼儿园(荆翠分园)",
        "category": "edu",
        "type": "科教文化服务;学校;幼儿园",
        "district": "成华区",
        "weight": 1
      }
    },
    {
      "type": "Feature",
      "geometry": {
        "type": "Point",
        "coordinates": [
          104.107713,
          30.716757
        ]
      },
      "properties": {
        "name": "天地鹰飞艺术中心",
        "category": "edu",
        "type": "科教文化服务;美术馆;美术馆",
        "district": "成华区",
        "weight": 2
      }
    },
    {
      "type": "Feature",
      "geometry": {
        "type": "Point",
        "coordinates": [
          104.106349,
          30.711556
        ]
      },
      "properties": {
        "name": "成都野生动物研究所",
        "category": "edu",
        "type": "科教文化服务;科研机构;科研机构",
        "district": "成华区",
        "weight": 2
      }
    },
    {
      "type": "Feature",
      "geometry": {
        "type": "Point",
        "coordinates": [
          104.10438,
          30.717846
        ]
      },
      "properties": {
        "name": "大成驾校",
        "category": "edu",
        "type": "科教文化服务;培训机构;培训机构",
        "district": "成华区",
        "weight": 1
      }
    },
    {
      "type": "Feature",
      "geometry": {
        "type": "Point",
        "coordinates": [
          104.104098,
          30.716062
        ]
      },
      "properties": {
        "name": "金脑壳教育(东昌路)",
        "category": "edu",
        "type": "科教文化服务;培训机构;培训机构",
        "district": "成华区",
        "weight": 1
      }
    },
    {
      "type": "Feature",
      "geometry": {
        "type": "Point",
        "coordinates": [
          104.106167,
          30.717936
        ]
      },
      "properties": {
        "name": "思维数学双语托管呼吸作文",
        "category": "edu",
        "type": "科教文化服务;科教文化场所;科教文化场所",
        "district": "成华区",
        "weight": 1
      }
    },
    {
      "type": "Feature",
      "geometry": {
        "type": "Point",
        "coordinates": [
          104.106934,
          30.714218
        ]
      },
      "properties": {
        "name": "蘑菇琴行",
        "category": "edu",
        "type": "科教文化服务;培训机构;培训机构",
        "district": "成华区",
        "weight": 4
      }
    },
    {
      "type": "Feature",
      "geometry": {
        "type": "Point",
        "coordinates": [
          104.109068,
          30.718001
        ]
      },
      "properties": {
        "name": "国栋教育",
        "category": "edu",
        "type": "科教文化服务;培训机构;培训机构",
        "district": "成华区",
        "weight": 4
      }
    },
    {
      "type": "Feature",
      "geometry": {
        "type": "Point",
        "coordinates": [
          104.108484,
          30.714073
        ]
      },
      "properties": {
        "name": "风华国乐艺术培训(动物园校区)",
        "category": "edu",
        "type": "科教文化服务;培训机构;培训机构",
        "district": "成华区",
        "weight": 1
      }
    },
    {
      "type": "Feature",
      "geometry": {
        "type": "Point",
        "coordinates": [
          104.119625,
          30.7102
        ]
      },
      "properties": {
        "name": "名艺堂艺术中心",
        "category": "edu",
        "type": "科教文化服务;美术馆;美术馆",
        "district": "成华区",
        "weight": 1
      }
    },
    {
      "type": "Feature",
      "geometry": {
        "type": "Point",
        "coordinates": [
          104.11614,
          30.71748
        ]
      },
      "properties": {
        "name": "爱尚幼儿园",
        "category": "edu",
        "type": "科教文化服务;学校;幼儿园",
        "district": "成华区",
        "weight": 1
      }
    },
    {
      "type": "Feature",
      "geometry": {
        "type": "Point",
        "coordinates": [
          104.129882,
          30.714228
        ]
      },
      "properties": {
        "name": "成华区青龙街道新山社区家长学校",
        "category": "edu",
        "type": "科教文化服务;科教文化场所;科教文化场所",
        "district": "成华区",
        "weight": 1
      }
    },
    {
      "type": "Feature",
      "geometry": {
        "type": "Point",
        "coordinates": [
          104.16632,
          30.717168
        ]
      },
      "properties": {
        "name": "起跑线·名师堂",
        "category": "edu",
        "type": "科教文化服务;培训机构;培训机构",
        "district": "成华区",
        "weight": 1
      }
    },
    {
      "type": "Feature",
      "geometry": {
        "type": "Point",
        "coordinates": [
          104.166906,
          30.718602
        ]
      },
      "properties": {
        "name": "英朗教育",
        "category": "edu",
        "type": "科教文化服务;培训机构;培训机构",
        "district": "成华区",
        "weight": 1
      }
    },
    {
      "type": "Feature",
      "geometry": {
        "type": "Point",
        "coordinates": [
          104.182704,
          30.717642
        ]
      },
      "properties": {
        "name": "海蓝天幼儿园(桂林北路)",
        "category": "edu",
        "type": "科教文化服务;学校;幼儿园",
        "district": "成华区",
        "weight": 1
      }
    },
    {
      "type": "Feature",
      "geometry": {
        "type": "Point",
        "coordinates": [
          104.182325,
          30.71852
        ]
      },
      "properties": {
        "name": "成都市峨眉武术学校",
        "category": "edu",
        "type": "科教文化服务;学校;学校",
        "district": "成华区",
        "weight": 2
      }
    },
    {
      "type": "Feature",
      "geometry": {
        "type": "Point",
        "coordinates": [
          104.177675,
          30.716846
        ]
      },
      "properties": {
        "name": "桂林小学",
        "category": "edu",
        "type": "科教文化服务;学校;小学",
        "district": "成华区",
        "weight": 1
      }
    },
    {
      "type": "Feature",
      "geometry": {
        "type": "Point",
        "coordinates": [
          103.965078,
          30.699716
        ]
      },
      "properties": {
        "name": "成飞幼儿园",
        "category": "edu",
        "type": "科教文化服务;学校;幼儿园",
        "district": "青羊区",
        "weight": 2
      }
    },
    {
      "type": "Feature",
      "geometry": {
        "type": "Point",
        "coordinates": [
          103.969763,
          30.699886
        ]
      },
      "properties": {
        "name": "欢欢幼儿园(纬一路)",
        "category": "edu",
        "type": "科教文化服务;学校;幼儿园",
        "district": "青羊区",
        "weight": 2
      }
    },
    {
      "type": "Feature",
      "geometry": {
        "type": "Point",
        "coordinates": [
          103.976585,
          30.70561
        ]
      },
      "properties": {
        "name": "金泉街道社区教育学校",
        "category": "edu",
        "type": "科教文化服务;学校;成人教育",
        "district": "金牛区",
        "weight": 7
      }
    },
    {
      "type": "Feature",
      "geometry": {
        "type": "Point",
        "coordinates": [
          103.979394,
          30.699434
        ]
      },
      "properties": {
        "name": "成都市金牛区神龙幼儿园",
        "category": "edu",
        "type": "科教文化服务;学校;幼儿园",
        "district": "金牛区",
        "weight": 5
      }
    },
    {
      "type": "Feature",
      "geometry": {
        "type": "Point",
        "coordinates": [
          103.983334,
          30.700943
        ]
      },
      "properties": {
        "name": "雯雯幼儿园",
        "category": "edu",
        "type": "科教文化服务;学校;幼儿园",
        "district": "金牛区",
        "weight": 1
      }
    },
    {
      "type": "Feature",
      "geometry": {
        "type": "Point",
        "coordinates": [
          103.974974,
          30.70874
        ]
      },
      "properties": {
        "name": "优悠幼儿园",
        "category": "edu",
        "type": "科教文化服务;学校;幼儿园",
        "district": "金牛区",
        "weight": 1
      }
    },
    {
      "type": "Feature",
      "geometry": {
        "type": "Point",
        "coordinates": [
          103.976638,
          30.707649
        ]
      },
      "properties": {
        "name": "魏达艺术工作室",
        "category": "edu",
        "type": "科教文化服务;培训机构;培训机构",
        "district": "金牛区",
        "weight": 4
      }
    },
    {
      "type": "Feature",
      "geometry": {
        "type": "Point",
        "coordinates": [
          103.991755,
          30.707864
        ]
      },
      "properties": {
        "name": "门幼儿园",
        "category": "edu",
        "type": "科教文化服务;学校;幼儿园",
        "district": "金牛区",
        "weight": 2
      }
    },
    {
      "type": "Feature",
      "geometry": {
        "type": "Point",
        "coordinates": [
          103.983922,
          30.702287
        ]
      },
      "properties": {
        "name": "靖水山庄休闲会议中心",
        "category": "edu",
        "type": "科教文化服务;会展中心;会展中心",
        "district": "金牛区",
        "weight": 1
      }
    },
    {
      "type": "Feature",
      "geometry": {
        "type": "Point",
        "coordinates": [
          103.993136,
          30.708085
        ]
      },
      "properties": {
        "name": "伯努艺术中心",
        "category": "edu",
        "type": "科教文化服务;美术馆;美术馆",
        "district": "金牛区",
        "weight": 2
      }
    },
    {
      "type": "Feature",
      "geometry": {
        "type": "Point",
        "coordinates": [
          103.983835,
          30.70567
        ]
      },
      "properties": {
        "name": "四川正路建设工程检测咨询有限公司材料实验室",
        "category": "edu",
        "type": "科教文化服务;科研机构;科研机构|公司企业;公司;公司",
        "district": "金牛区",
        "weight": 1
      }
    },
    {
      "type": "Feature",
      "geometry": {
        "type": "Point",
        "coordinates": [
          103.99402,
          30.709434
        ]
      },
      "properties": {
        "name": "成都市蜀西实验学校",
        "category": "edu",
        "type": "科教文化服务;学校;中学",
        "district": "金牛区",
        "weight": 1
      }
    },
    {
      "type": "Feature",
      "geometry": {
        "type": "Point",
        "coordinates": [
          104.002719,
          30.708836
        ]
      },
      "properties": {
        "name": "迎宾路小学校",
        "category": "edu",
        "type": "科教文化服务;学校;小学",
        "district": "金牛区",
        "weight": 1
      }
    },
    {
      "type": "Feature",
      "geometry": {
        "type": "Point",
        "coordinates": [
          103.99599,
          30.707587
        ]
      },
      "properties": {
        "name": "华菲艺术中心",
        "category": "edu",
        "type": "科教文化服务;培训机构;培训机构",
        "district": "金牛区",
        "weight": 1
      }
    },
    {
      "type": "Feature",
      "geometry": {
        "type": "Point",
        "coordinates": [
          103.999236,
          30.705043
        ]
      },
      "properties": {
        "name": "趣学习培训学校(羊犀校区)",
        "category": "edu",
        "type": "科教文化服务;培训机构;培训机构",
        "district": "金牛区",
        "weight": 1
      }
    },
    {
      "type": "Feature",
      "geometry": {
        "type": "Point",
        "coordinates": [
          104.001795,
          30.705831
        ]
      },
      "properties": {
        "name": "精英英语(西直门中心店)",
        "category": "edu",
        "type": "科教文化服务;培训机构;培训机构",
        "district": "金牛区",
        "weight": 1
      }
    },
    {
      "type": "Feature",
      "geometry": {
        "type": "Point",
        "coordinates": [
          103.997739,
          30.703621
        ]
      },
      "properties": {
        "name": "成都市青羊区爱心幼儿园",
        "category": "edu",
        "type": "科教文化服务;学校;幼儿园",
        "district": "金牛区",
        "weight": 1
      }
    },
    {
      "type": "Feature",
      "geometry": {
        "type": "Point",
        "coordinates": [
          104.00658,
          30.706226
        ]
      },
      "properties": {
        "name": "成都凯程圣地文化传播有限公司",
        "category": "edu",
        "type": "科教文化服务;科教文化场所;科教文化场所",
        "district": "金牛区",
        "weight": 1
      }
    },
    {
      "type": "Feature",
      "geometry": {
        "type": "Point",
        "coordinates": [
          104.012833,
          30.701003
        ]
      },
      "properties": {
        "name": "韵萌艺术",
        "category": "edu",
        "type": "科教文化服务;培训机构;培训机构",
        "district": "金牛区",
        "weight": 3
      }
    },
    {
      "type": "Feature",
      "geometry": {
        "type": "Point",
        "coordinates": [
          104.00581,
          30.706857
        ]
      },
      "properties": {
        "name": "优米幼儿园",
        "category": "edu",
        "type": "科教文化服务;学校;幼儿园",
        "district": "金牛区",
        "weight": 1
      }
    },
    {
      "type": "Feature",
      "geometry": {
        "type": "Point",
        "coordinates": [
          104.00412,
          30.708752
        ]
      },
      "properties": {
        "name": "大师教育",
        "category": "edu",
        "type": "科教文化服务;培训机构;培训机构",
        "district": "金牛区",
        "weight": 4
      }
    },
    {
      "type": "Feature",
      "geometry": {
        "type": "Point",
        "coordinates": [
          104.011142,
          30.70199
        ]
      },
      "properties": {
        "name": "成都市第四幼儿园锦绣分园",
        "category": "edu",
        "type": "科教文化服务;学校;幼儿园",
        "district": "金牛区",
        "weight": 1
      }
    },
    {
      "type": "Feature",
      "geometry": {
        "type": "Point",
        "coordinates": [
          104.006087,
          30.701907
        ]
      },
      "properties": {
        "name": "成都麒跃培训学校",
        "category": "edu",
        "type": "科教文化服务;培训机构;培训机构",
        "district": "金牛区",
        "weight": 2
      }
    },
    {
      "type": "Feature",
      "geometry": {
        "type": "Point",
        "coordinates": [
          104.008017,
          30.703756
        ]
      },
      "properties": {
        "name": "成都市京剧研究院",
        "category": "edu",
        "type": "科教文化服务;科研机构;科研机构",
        "district": "金牛区",
        "weight": 1
      }
    },
    {
      "type": "Feature",
      "geometry": {
        "type": "Point",
        "coordinates": [
          104.012859,
          30.703732
        ]
      },
      "properties": {
        "name": "青羊区新鸣乐技能培训工作室",
        "category": "edu",
        "type": "科教文化服务;科教文化场所;科教文化场所",
        "district": "金牛区",
        "weight": 1
      }
    },
    {
      "type": "Feature",
      "geometry": {
        "type": "Point",
        "coordinates": [
          104.021531,
          30.703956
        ]
      },
      "properties": {
        "name": "成都市金牛区文化馆",
        "category": "edu",
        "type": "科教文化服务;文化宫;文化宫",
        "district": "金牛区",
        "weight": 7
      }
    },
    {
      "type": "Feature",
      "geometry": {
        "type": "Point",
        "coordinates": [
          104.022361,
          30.70749
        ]
      },
      "properties": {
        "name": "星拓研发中心",
        "category": "edu",
        "type": "科教文化服务;科教文化场所;科教文化场所",
        "district": "金牛区",
        "weight": 2
      }
    },
    {
      "type": "Feature",
      "geometry": {
        "type": "Point",
        "coordinates": [
          104.020638,
          30.700207
        ]
      },
      "properties": {
        "name": "成都二十中(茶店子横街)",
        "category": "edu",
        "type": "科教文化服务;学校;中学",
        "district": "金牛区",
        "weight": 1
      }
    },
    {
      "type": "Feature",
      "geometry": {
        "type": "Point",
        "coordinates": [
          104.020318,
          30.703297
        ]
      },
      "properties": {
        "name": "成都市第四幼儿园",
        "category": "edu",
        "type": "科教文化服务;学校;幼儿园",
        "district": "金牛区",
        "weight": 1
      }
    },
    {
      "type": "Feature",
      "geometry": {
        "type": "Point",
        "coordinates": [
          104.016013,
          30.709186
        ]
      },
      "properties": {
        "name": "友谊小学校",
        "category": "edu",
        "type": "科教文化服务;学校;小学",
        "district": "金牛区",
        "weight": 1
      }
    },
    {
      "type": "Feature",
      "geometry": {
        "type": "Point",
        "coordinates": [
          104.020472,
          30.704579
        ]
      },
      "properties": {
        "name": "成都城市社区学校",
        "category": "edu",
        "type": "科教文化服务;学校;学校",
        "district": "金牛区",
        "weight": 3
      }
    },
    {
      "type": "Feature",
      "geometry": {
        "type": "Point",
        "coordinates": [
          104.023506,
          30.702196
        ]
      },
      "properties": {
        "name": "双丰实验幼稚园",
        "category": "edu",
        "type": "科教文化服务;学校;幼儿园",
        "district": "金牛区",
        "weight": 2
      }
    },
    {
      "type": "Feature",
      "geometry": {
        "type": "Point",
        "coordinates": [
          104.018862,
          30.705719
        ]
      },
      "properties": {
        "name": "武之团培训",
        "category": "edu",
        "type": "科教文化服务;培训机构;培训机构",
        "district": "金牛区",
        "weight": 2
      }
    },
    {
      "type": "Feature",
      "geometry": {
        "type": "Point",
        "coordinates": [
          104.017368,
          30.701752
        ]
      },
      "properties": {
        "name": "小书童托管教育中心(茶店子横街)",
        "category": "edu",
        "type": "科教文化服务;科教文化场所;科教文化场所",
        "district": "金牛区",
        "weight": 1
      }
    },
    {
      "type": "Feature",
      "geometry": {
        "type": "Point",
        "coordinates": [
          104.014076,
          30.701166
        ]
      },
      "properties": {
        "name": "懋园风景鑫起点教育",
        "category": "edu",
        "type": "科教文化服务;培训机构;培训机构",
        "district": "金牛区",
        "weight": 1
      }
    },
    {
      "type": "Feature",
      "geometry": {
        "type": "Point",
        "coordinates": [
          104.015058,
          30.702519
        ]
      },
      "properties": {
        "name": "家家乐教育",
        "category": "edu",
        "type": "科教文化服务;培训机构;培训机构",
        "district": "金牛区",
        "weight": 1
      }
    },
    {
      "type": "Feature",
      "geometry": {
        "type": "Point",
        "coordinates": [
          104.015336,
          30.700972
        ]
      },
      "properties": {
        "name": "爱哆艺术",
        "category": "edu",
        "type": "科教文化服务;培训机构;培训机构",
        "district": "金牛区",
        "weight": 1
      }
    },
    {
      "type": "Feature",
      "geometry": {
        "type": "Point",
        "coordinates": [
          104.020494,
          30.707675
        ]
      },
      "properties": {
        "name": "成都市危险化学品安全培训中心危化品实作培训基地",
        "category": "edu",
        "type": "科教文化服务;培训机构;培训机构",
        "district": "金牛区",
        "weight": 1
      }
    },
    {
      "type": "Feature",
      "geometry": {
        "type": "Point",
        "coordinates": [
          104.024093,
          30.70666
        ]
      },
      "properties": {
        "name": "成都七中八一学校",
        "category": "edu",
        "type": "科教文化服务;学校;中学",
        "district": "金牛区",
        "weight": 3
      }
    },
    {
      "type": "Feature",
      "geometry": {
        "type": "Point",
        "coordinates": [
          104.032432,
          30.70269
        ]
      },
      "properties": {
        "name": "格林幼儿园",
        "category": "edu",
        "type": "科教文化服务;学校;幼儿园",
        "district": "金牛区",
        "weight": 1
      }
    },
    {
      "type": "Feature",
      "geometry": {
        "type": "Point",
        "coordinates": [
          104.024981,
          30.702539
        ]
      },
      "properties": {
        "name": "含式特教",
        "category": "edu",
        "type": "科教文化服务;培训机构;培训机构",
        "district": "金牛区",
        "weight": 1
      }
    },
    {
      "type": "Feature",
      "geometry": {
        "type": "Point",
        "coordinates": [
          104.032851,
          30.701833
        ]
      },
      "properties": {
        "name": "法治大讲堂",
        "category": "edu",
        "type": "科教文化服务;培训机构;培训机构",
        "district": "金牛区",
        "weight": 1
      }
    },
    {
      "type": "Feature",
      "geometry": {
        "type": "Point",
        "coordinates": [
          104.037262,
          30.702199
        ]
      },
      "properties": {
        "name": "布梵画室",
        "category": "edu",
        "type": "科教文化服务;科教文化场所;科教文化场所",
        "district": "金牛区",
        "weight": 5
      }
    },
    {
      "type": "Feature",
      "geometry": {
        "type": "Point",
        "coordinates": [
          104.041728,
          30.705768
        ]
      },
      "properties": {
        "name": "南瓜英语",
        "category": "edu",
        "type": "科教文化服务;培训机构;培训机构",
        "district": "金牛区",
        "weight": 26
      }
    },
    {
      "type": "Feature",
      "geometry": {
        "type": "Point",
        "coordinates": [
          104.036254,
          30.700304
        ]
      },
      "properties": {
        "name": "成都翰阳教育",
        "category": "edu",
        "type": "科教文化服务;培训机构;培训机构",
        "district": "金牛区",
        "weight": 4
      }
    },
    {
      "type": "Feature",
      "geometry": {
        "type": "Point",
        "coordinates": [
          104.038802,
          30.70053
        ]
      },
      "properties": {
        "name": "成都二十中花照学校",
        "category": "edu",
        "type": "科教文化服务;学校;中学",
        "district": "金牛区",
        "weight": 1
      }
    },
    {
      "type": "Feature",
      "geometry": {
        "type": "Point",
        "coordinates": [
          104.034211,
          30.705563
        ]
      },
      "properties": {
        "name": "行知小学校",
        "category": "edu",
        "type": "科教文化服务;学校;小学",
        "district": "金牛区",
        "weight": 1
      }
    },
    {
      "type": "Feature",
      "geometry": {
        "type": "Point",
        "coordinates": [
          104.03487,
          30.702903
        ]
      },
      "properties": {
        "name": "成都新世纪大地双语幼稚园",
        "category": "edu",
        "type": "科教文化服务;学校;幼儿园",
        "district": "金牛区",
        "weight": 1
      }
    },
    {
      "type": "Feature",
      "geometry": {
        "type": "Point",
        "coordinates": [
          104.035458,
          30.706263
        ]
      },
      "properties": {
        "name": "书香原教育",
        "category": "edu",
        "type": "科教文化服务;培训机构;培训机构",
        "district": "金牛区",
        "weight": 3
      }
    },
    {
      "type": "Feature",
      "geometry": {
        "type": "Point",
        "coordinates": [
          104.041677,
          30.703259
        ]
      },
      "properties": {
        "name": "蓝天书画院(银沙街)",
        "category": "edu",
        "type": "科教文化服务;培训机构;培训机构",
        "district": "金牛区",
        "weight": 1
      }
    },
    {
      "type": "Feature",
      "geometry": {
        "type": "Point",
        "coordinates": [
          104.037612,
          30.704376
        ]
      },
      "properties": {
        "name": "绘画空间",
        "category": "edu",
        "type": "科教文化服务;科教文化场所;科教文化场所",
        "district": "金牛区",
        "weight": 7
      }
    },
    {
      "type": "Feature",
      "geometry": {
        "type": "Point",
        "coordinates": [
          104.03887,
          30.708813
        ]
      },
      "properties": {
        "name": "成都市民道德讲堂",
        "category": "edu",
        "type": "科教文化服务;科教文化场所;科教文化场所",
        "district": "金牛区",
        "weight": 3
      }
    },
    {
      "type": "Feature",
      "geometry": {
        "type": "Point",
        "coordinates": [
          104.04213,
          30.707759
        ]
      },
      "properties": {
        "name": "书香苑教育培训",
        "category": "edu",
        "type": "科教文化服务;培训机构;培训机构",
        "district": "金牛区",
        "weight": 2
      }
    },
    {
      "type": "Feature",
      "geometry": {
        "type": "Point",
        "coordinates": [
          104.04028,
          30.702191
        ]
      },
      "properties": {
        "name": "刘诗昆艺术学校(银河北街)",
        "category": "edu",
        "type": "科教文化服务;培训机构;培训机构",
        "district": "金牛区",
        "weight": 2
      }
    },
    {
      "type": "Feature",
      "geometry": {
        "type": "Point",
        "coordinates": [
          104.035604,
          30.704675
        ]
      },
      "properties": {
        "name": "格调琴艺(交大九期店)",
        "category": "edu",
        "type": "科教文化服务;培训机构;培训机构",
        "district": "金牛区",
        "weight": 1
      }
    },
    {
      "type": "Feature",
      "geometry": {
        "type": "Point",
        "coordinates": [
          104.041123,
          30.700495
        ]
      },
      "properties": {
        "name": "格林快乐钢琴(交大校区)",
        "category": "edu",
        "type": "科教文化服务;培训机构;培训机构",
        "district": "金牛区",
        "weight": 1
      }
    },
    {
      "type": "Feature",
      "geometry": {
        "type": "Point",
        "coordinates": [
          104.048823,
          30.702301
        ]
      },
      "properties": {
        "name": "西南交通大学九里校区通讯所",
        "category": "edu",
        "type": "科教文化服务;学校;高等院校",
        "district": "金牛区",
        "weight": 4
      }
    },
    {
      "type": "Feature",
      "geometry": {
        "type": "Point",
        "coordinates": [
          104.048807,
          30.703799
        ]
      },
      "properties": {
        "name": "西南交通大学九里校区A座",
        "category": "edu",
        "type": "科教文化服务;学校;高等院校",
        "district": "金牛区",
        "weight": 6
      }
    },
    {
      "type": "Feature",
      "geometry": {
        "type": "Point",
        "coordinates": [
          104.051547,
          30.702777
        ]
      },
      "properties": {
        "name": "西南交通大学九里校区计划财务处",
        "category": "edu",
        "type": "科教文化服务;学校;高等院校",
        "district": "金牛区",
        "weight": 3
      }
    },
    {
      "type": "Feature",
      "geometry": {
        "type": "Point",
        "coordinates": [
          104.053225,
          30.699796
        ]
      },
      "properties": {
        "name": "舞星天艺舞蹈",
        "category": "edu",
        "type": "科教文化服务;培训机构;培训机构",
        "district": "金牛区",
        "weight": 131
      }
    },
    {
      "type": "Feature",
      "geometry": {
        "type": "Point",
        "coordinates": [
          104.045343,
          30.699818
        ]
      },
      "properties": {
        "name": "多多艺术中心",
        "category": "edu",
        "type": "科教文化服务;培训机构;培训机构",
        "district": "金牛区",
        "weight": 14
      }
    },
    {
      "type": "Feature",
      "geometry": {
        "type": "Point",
        "coordinates": [
          104.048902,
          30.707394
        ]
      },
      "properties": {
        "name": "成都市锦西中学校",
        "category": "edu",
        "type": "科教文化服务;学校;中学",
        "district": "金牛区",
        "weight": 2
      }
    },
    {
      "type": "Feature",
      "geometry": {
        "type": "Point",
        "coordinates": [
          104.05123,
          30.708644
        ]
      },
      "properties": {
        "name": "九里堤小学校",
        "category": "edu",
        "type": "科教文化服务;学校;小学",
        "district": "金牛区",
        "weight": 2
      }
    },
    {
      "type": "Feature",
      "geometry": {
        "type": "Point",
        "coordinates": [
          104.047277,
          30.700388
        ]
      },
      "properties": {
        "name": "西南交通大学九里校区子弟小学校",
        "category": "edu",
        "type": "科教文化服务;学校;小学",
        "district": "金牛区",
        "weight": 1
      }
    },
    {
      "type": "Feature",
      "geometry": {
        "type": "Point",
        "coordinates": [
          104.048834,
          30.700465
        ]
      },
      "properties": {
        "name": "中国建筑艺术研究中心",
        "category": "edu",
        "type": "科教文化服务;科研机构;科研机构",
        "district": "金牛区",
        "weight": 6
      }
    },
    {
      "type": "Feature",
      "geometry": {
        "type": "Point",
        "coordinates": [
          104.053371,
          30.705781
        ]
      },
      "properties": {
        "name": "西南交通大学九里校区北侧门",
        "category": "edu",
        "type": "科教文化服务;学校;高等院校",
        "district": "金牛区",
        "weight": 1
      }
    },
    {
      "type": "Feature",
      "geometry": {
        "type": "Point",
        "coordinates": [
          104.051627,
          30.703855
        ]
      },
      "properties": {
        "name": "西南交通大学九里校区学生工作处研究生新闻中心",
        "category": "edu",
        "type": "科教文化服务;学校;高等院校",
        "district": "金牛区",
        "weight": 1
      }
    },
    {
      "type": "Feature",
      "geometry": {
        "type": "Point",
        "coordinates": [
          104.044378,
          30.703897
        ]
      },
      "properties": {
        "name": "金星幼儿园(交桂一巷)",
        "category": "edu",
        "type": "科教文化服务;学校;幼儿园",
        "district": "金牛区",
        "weight": 1
      }
    },
    {
      "type": "Feature",
      "geometry": {
        "type": "Point",
        "coordinates": [
          104.04592,
          30.707639
        ]
      },
      "properties": {
        "name": "跳跳兔幼儿园",
        "category": "edu",
        "type": "科教文化服务;学校;幼儿园",
        "district": "金牛区",
        "weight": 1
      }
    },
    {
      "type": "Feature",
      "geometry": {
        "type": "Point",
        "coordinates": [
          104.045827,
          30.704901
        ]
      },
      "properties": {
        "name": "成都美术之星培训班",
        "category": "edu",
        "type": "科教文化服务;培训机构;培训机构",
        "district": "金牛区",
        "weight": 5
      }
    },
    {
      "type": "Feature",
      "geometry": {
        "type": "Point",
        "coordinates": [
          104.051864,
          30.70502
        ]
      },
      "properties": {
        "name": "成都轨道交通技术研究院",
        "category": "edu",
        "type": "科教文化服务;科研机构;科研机构",
        "district": "金牛区",
        "weight": 2
      }
    },
    {
      "type": "Feature",
      "geometry": {
        "type": "Point",
        "coordinates": [
          104.052522,
          30.707088
        ]
      },
      "properties": {
        "name": "戴氏英语(九里堤北路)",
        "category": "edu",
        "type": "科教文化服务;培训机构;培训机构",
        "district": "金牛区",
        "weight": 3
      }
    },
    {
      "type": "Feature",
      "geometry": {
        "type": "Point",
        "coordinates": [
          104.043932,
          30.70611
        ]
      },
      "properties": {
        "name": "金牛区托管",
        "category": "edu",
        "type": "科教文化服务;培训机构;培训机构",
        "district": "金牛区",
        "weight": 2
      }
    },
    {
      "type": "Feature",
      "geometry": {
        "type": "Point",
        "coordinates": [
          104.05268,
          30.704133
        ]
      },
      "properties": {
        "name": "西南交通大学九里校区轨道交通国家实验室",
        "category": "edu",
        "type": "科教文化服务;科研机构;科研机构",
        "district": "金牛区",
        "weight": 1
      }
    },
    {
      "type": "Feature",
      "geometry": {
        "type": "Point",
        "coordinates": [
          104.063464,
          30.706001
        ]
      },
      "properties": {
        "name": "腾训教育",
        "category": "edu",
        "type": "科教文化服务;培训机构;培训机构",
        "district": "金牛区",
        "weight": 5
      }
    },
    {
      "type": "Feature",
      "geometry": {
        "type": "Point",
        "coordinates": [
          104.061452,
          30.702675
        ]
      },
      "properties": {
        "name": "原点油画工作室",
        "category": "edu",
        "type": "科教文化服务;培训机构;培训机构",
        "district": "金牛区",
        "weight": 3
      }
    },
    {
      "type": "Feature",
      "geometry": {
        "type": "Point",
        "coordinates": [
          104.062814,
          30.704957
        ]
      },
      "properties": {
        "name": "五块石小学",
        "category": "edu",
        "type": "科教文化服务;学校;小学",
        "district": "金牛区",
        "weight": 2
      }
    },
    {
      "type": "Feature",
      "geometry": {
        "type": "Point",
        "coordinates": [
          104.059396,
          30.707341
        ]
      },
      "properties": {
        "name": "成都市佳味添成饮料科技研究所",
        "category": "edu",
        "type": "科教文化服务;科研机构;科研机构",
        "district": "金牛区",
        "weight": 1
      }
    },
    {
      "type": "Feature",
      "geometry": {
        "type": "Point",
        "coordinates": [
          104.069039,
          30.704874
        ]
      },
      "properties": {
        "name": "成都铭轩文化传播有限公司",
        "category": "edu",
        "type": "科教文化服务;科教文化场所;科教文化场所",
        "district": "金牛区",
        "weight": 1
      }
    },
    {
      "type": "Feature",
      "geometry": {
        "type": "Point",
        "coordinates": [
          104.070344,
          30.70215
        ]
      },
      "properties": {
        "name": "成都市站东小学",
        "category": "edu",
        "type": "科教文化服务;学校;小学",
        "district": "成华区",
        "weight": 1
      }
    },
    {
      "type": "Feature",
      "geometry": {
        "type": "Point",
        "coordinates": [
          104.067942,
          30.70745
        ]
      },
      "properties": {
        "name": "BD舞蹈工作室",
        "category": "edu",
        "type": "科教文化服务;培训机构;培训机构",
        "district": "金牛区",
        "weight": 2
      }
    },
    {
      "type": "Feature",
      "geometry": {
        "type": "Point",
        "coordinates": [
          104.065514,
          30.700996
        ]
      },
      "properties": {
        "name": "残之缘电子阅览室(站西桥东巷)",
        "category": "edu",
        "type": "科教文化服务;图书馆;图书馆",
        "district": "金牛区",
        "weight": 1
      }
    },
    {
      "type": "Feature",
      "geometry": {
        "type": "Point",
        "coordinates": [
          104.066921,
          30.705314
        ]
      },
      "properties": {
        "name": "红林艺术中心",
        "category": "edu",
        "type": "科教文化服务;培训机构;培训机构",
        "district": "金牛区",
        "weight": 1
      }
    },
    {
      "type": "Feature",
      "geometry": {
        "type": "Point",
        "coordinates": [
          104.063982,
          30.700633
        ]
      },
      "properties": {
        "name": "中国传统医学会五块石风湿病骨质增生研究所",
        "category": "edu",
        "type": "科教文化服务;科研机构;科研机构",
        "district": "金牛区",
        "weight": 1
      }
    },
    {
      "type": "Feature",
      "geometry": {
        "type": "Point",
        "coordinates": [
          104.076284,
          30.701745
        ]
      },
      "properties": {
        "name": "成都火车头幼儿园",
        "category": "edu",
        "type": "科教文化服务;学校;幼儿园",
        "district": "成华区",
        "weight": 1
      }
    },
    {
      "type": "Feature",
      "geometry": {
        "type": "Point",
        "coordinates": [
          104.07477,
          30.70921
        ]
      },
      "properties": {
        "name": "甜恬幼儿园",
        "category": "edu",
        "type": "科教文化服务;学校;幼儿园",
        "district": "成华区",
        "weight": 2
      }
    },
    {
      "type": "Feature",
      "geometry": {
        "type": "Point",
        "coordinates": [
          104.073861,
          30.70677
        ]
      },
      "properties": {
        "name": "泰来幼儿园",
        "category": "edu",
        "type": "科教文化服务;学校;幼儿园",
        "district": "成华区",
        "weight": 1
      }
    },
    {
      "type": "Feature",
      "geometry": {
        "type": "Point",
        "coordinates": [
          104.073852,
          30.703722
        ]
      },
      "properties": {
        "name": "北站托管中心",
        "category": "edu",
        "type": "科教文化服务;培训机构;培训机构",
        "district": "成华区",
        "weight": 2
      }
    },
    {
      "type": "Feature",
      "geometry": {
        "type": "Point",
        "coordinates": [
          104.076107,
          30.704144
        ]
      },
      "properties": {
        "name": "北京市华美联盟精神病学医学研究所",
        "category": "edu",
        "type": "科教文化服务;科研机构;科研机构",
        "district": "成华区",
        "weight": 1
      }
    },
    {
      "type": "Feature",
      "geometry": {
        "type": "Point",
        "coordinates": [
          104.075127,
          30.704917
        ]
      },
      "properties": {
        "name": "大丰会计培训",
        "category": "edu",
        "type": "科教文化服务;培训机构;培训机构",
        "district": "成华区",
        "weight": 3
      }
    },
    {
      "type": "Feature",
      "geometry": {
        "type": "Point",
        "coordinates": [
          104.093471,
          30.705921
        ]
      },
      "properties": {
        "name": "戴氏教育",
        "category": "edu",
        "type": "科教文化服务;培训机构;培训机构",
        "district": "成华区",
        "weight": 26
      }
    },
    {
      "type": "Feature",
      "geometry": {
        "type": "Point",
        "coordinates": [
          104.099888,
          30.70025
        ]
      },
      "properties": {
        "name": "贝蕾幼儿园(西林四街)",
        "category": "edu",
        "type": "科教文化服务;学校;幼儿园",
        "district": "成华区",
        "weight": 1
      }
    },
    {
      "type": "Feature",
      "geometry": {
        "type": "Point",
        "coordinates": [
          104.097271,
          30.704387
        ]
      },
      "properties": {
        "name": "威尔教育",
        "category": "edu",
        "type": "科教文化服务;培训机构;培训机构",
        "district": "成华区",
        "weight": 2
      }
    },
    {
      "type": "Feature",
      "geometry": {
        "type": "Point",
        "coordinates": [
          104.097381,
          30.7018
        ]
      },
      "properties": {
        "name": "张杨童画",
        "category": "edu",
        "type": "科教文化服务;培训机构;培训机构",
        "district": "成华区",
        "weight": 5
      }
    },
    {
      "type": "Feature",
      "geometry": {
        "type": "Point",
        "coordinates": [
          104.094366,
          30.701154
        ]
      },
      "properties": {
        "name": "锦城艺术",
        "category": "edu",
        "type": "科教文化服务;美术馆;美术馆",
        "district": "成华区",
        "weight": 1
      }
    },
    {
      "type": "Feature",
      "geometry": {
        "type": "Point",
        "coordinates": [
          104.103244,
          30.700895
        ]
      },
      "properties": {
        "name": "新心爱蒙特托管中心",
        "category": "edu",
        "type": "科教文化服务;科教文化场所;科教文化场所",
        "district": "成华区",
        "weight": 1
      }
    },
    {
      "type": "Feature",
      "geometry": {
        "type": "Point",
        "coordinates": [
          104.097494,
          30.700316
        ]
      },
      "properties": {
        "name": "红领巾教育",
        "category": "edu",
        "type": "科教文化服务;培训机构;培训机构",
        "district": "成华区",
        "weight": 2
      }
    },
    {
      "type": "Feature",
      "geometry": {
        "type": "Point",
        "coordinates": [
          104.095367,
          30.705582
        ]
      },
      "properties": {
        "name": "懿途教育",
        "category": "edu",
        "type": "科教文化服务;培训机构;培训机构",
        "district": "成华区",
        "weight": 1
      }
    },
    {
      "type": "Feature",
      "geometry": {
        "type": "Point",
        "coordinates": [
          104.099629,
          30.701346
        ]
      },
      "properties": {
        "name": "裕佳辅导班",
        "category": "edu",
        "type": "科教文化服务;培训机构;培训机构",
        "district": "成华区",
        "weight": 4
      }
    },
    {
      "type": "Feature",
      "geometry": {
        "type": "Point",
        "coordinates": [
          104.10093,
          30.702298
        ]
      },
      "properties": {
        "name": "美承画室",
        "category": "edu",
        "type": "科教文化服务;培训机构;培训机构",
        "district": "成华区",
        "weight": 1
      }
    },
    {
      "type": "Feature",
      "geometry": {
        "type": "Point",
        "coordinates": [
          104.107472,
          30.703863
        ]
      },
      "properties": {
        "name": "青龙小学",
        "category": "edu",
        "type": "科教文化服务;学校;小学",
        "district": "成华区",
        "weight": 2
      }
    },
    {
      "type": "Feature",
      "geometry": {
        "type": "Point",
        "coordinates": [
          104.11201,
          30.704822
        ]
      },
      "properties": {
        "name": "戴氏教育青龙场总校",
        "category": "edu",
        "type": "科教文化服务;培训机构;培训机构",
        "district": "成华区",
        "weight": 2
      }
    },
    {
      "type": "Feature",
      "geometry": {
        "type": "Point",
        "coordinates": [
          104.106959,
          30.705754
        ]
      },
      "properties": {
        "name": "西南油气田老年大学",
        "category": "edu",
        "type": "科教文化服务;学校;成人教育",
        "district": "成华区",
        "weight": 3
      }
    },
    {
      "type": "Feature",
      "geometry": {
        "type": "Point",
        "coordinates": [
          104.107187,
          30.702686
        ]
      },
      "properties": {
        "name": "成都市第二十四幼儿园",
        "category": "edu",
        "type": "科教文化服务;学校;幼儿园",
        "district": "成华区",
        "weight": 1
      }
    },
    {
      "type": "Feature",
      "geometry": {
        "type": "Point",
        "coordinates": [
          104.103969,
          30.703969
        ]
      },
      "properties": {
        "name": "青龙中心幼儿园(云龙路)",
        "category": "edu",
        "type": "科教文化服务;学校;幼儿园",
        "district": "成华区",
        "weight": 1
      }
    },
    {
      "type": "Feature",
      "geometry": {
        "type": "Point",
        "coordinates": [
          104.113431,
          30.701906
        ]
      },
      "properties": {
        "name": "成都市民艺堂艺术中心",
        "category": "edu",
        "type": "科教文化服务;美术馆;美术馆",
        "district": "成华区",
        "weight": 5
      }
    },
    {
      "type": "Feature",
      "geometry": {
        "type": "Point",
        "coordinates": [
          104.108487,
          30.706729
        ]
      },
      "properties": {
        "name": "成都市第四十中学校",
        "category": "edu",
        "type": "科教文化服务;科教文化场所;科教文化场所",
        "district": "成华区",
        "weight": 5
      }
    },
    {
      "type": "Feature",
      "geometry": {
        "type": "Point",
        "coordinates": [
          104.1109,
          30.701996
        ]
      },
      "properties": {
        "name": "博瀚艺术幼儿园",
        "category": "edu",
        "type": "科教文化服务;学校;幼儿园",
        "district": "成华区",
        "weight": 1
      }
    },
    {
      "type": "Feature",
      "geometry": {
        "type": "Point",
        "coordinates": [
          104.106818,
          30.701811
        ]
      },
      "properties": {
        "name": "五彩石艺术中心",
        "category": "edu",
        "type": "科教文化服务;培训机构;培训机构",
        "district": "成华区",
        "weight": 1
      }
    },
    {
      "type": "Feature",
      "geometry": {
        "type": "Point",
        "coordinates": [
          104.107572,
          30.700154
        ]
      },
      "properties": {
        "name": "新心艺术培训中心",
        "category": "edu",
        "type": "科教文化服务;培训机构;培训机构",
        "district": "成华区",
        "weight": 2
      }
    },
    {
      "type": "Feature",
      "geometry": {
        "type": "Point",
        "coordinates": [
          104.105767,
          30.702967
        ]
      },
      "properties": {
        "name": "朝阳教育(云龙南路)",
        "category": "edu",
        "type": "科教文化服务;培训机构;培训机构",
        "district": "成华区",
        "weight": 1
      }
    },
    {
      "type": "Feature",
      "geometry": {
        "type": "Point",
        "coordinates": [
          104.103497,
          30.70582
        ]
      },
      "properties": {
        "name": "成都仁德教育培训学校",
        "category": "edu",
        "type": "科教文化服务;培训机构;培训机构",
        "district": "成华区",
        "weight": 1
      }
    },
    {
      "type": "Feature",
      "geometry": {
        "type": "Point",
        "coordinates": [
          104.122228,
          30.706578
        ]
      },
      "properties": {
        "name": "海滨小学",
        "category": "edu",
        "type": "科教文化服务;学校;小学",
        "district": "成华区",
        "weight": 2
      }
    },
    {
      "type": "Feature",
      "geometry": {
        "type": "Point",
        "coordinates": [
          104.117606,
          30.706216
        ]
      },
      "properties": {
        "name": "特种作业培训",
        "category": "edu",
        "type": "科教文化服务;培训机构;培训机构",
        "district": "成华区",
        "weight": 4
      }
    },
    {
      "type": "Feature",
      "geometry": {
        "type": "Point",
        "coordinates": [
          104.119274,
          30.709105
        ]
      },
      "properties": {
        "name": "成都市实验中学",
        "category": "edu",
        "type": "科教文化服务;学校;中学",
        "district": "成华区",
        "weight": 1
      }
    },
    {
      "type": "Feature",
      "geometry": {
        "type": "Point",
        "coordinates": [
          104.118122,
          30.703984
        ]
      },
      "properties": {
        "name": "教育科学研究院附属小学",
        "category": "edu",
        "type": "科教文化服务;学校;小学",
        "district": "成华区",
        "weight": 1
      }
    },
    {
      "type": "Feature",
      "geometry": {
        "type": "Point",
        "coordinates": [
          104.113537,
          30.700069
        ]
      },
      "properties": {
        "name": "新心启蒙幼儿托管中心",
        "category": "edu",
        "type": "科教文化服务;学校;幼儿园",
        "district": "成华区",
        "weight": 1
      }
    },
    {
      "type": "Feature",
      "geometry": {
        "type": "Point",
        "coordinates": [
          104.115764,
          30.703308
        ]
      },
      "properties": {
        "name": "会顶教育",
        "category": "edu",
        "type": "科教文化服务;培训机构;培训机构",
        "district": "成华区",
        "weight": 2
      }
    },
    {
      "type": "Feature",
      "geometry": {
        "type": "Point",
        "coordinates": [
          104.118778,
          30.702795
        ]
      },
      "properties": {
        "name": "成都市第十三幼儿园海滨分园",
        "category": "edu",
        "type": "科教文化服务;学校;幼儿园",
        "district": "成华区",
        "weight": 1
      }
    },
    {
      "type": "Feature",
      "geometry": {
        "type": "Point",
        "coordinates": [
          104.116879,
          30.708622
        ]
      },
      "properties": {
        "name": "海滨小学",
        "category": "edu",
        "type": "科教文化服务;学校;小学",
        "district": "成华区",
        "weight": 1
      }
    },
    {
      "type": "Feature",
      "geometry": {
        "type": "Point",
        "coordinates": [
          104.119754,
          30.700638
        ]
      },
      "properties": {
        "name": "成都机务段职工教育科",
        "category": "edu",
        "type": "科教文化服务;科教文化场所;科教文化场所",
        "district": "成华区",
        "weight": 1
      }
    },
    {
      "type": "Feature",
      "geometry": {
        "type": "Point",
        "coordinates": [
          104.117612,
          30.70318
        ]
      },
      "properties": {
        "name": "子罕教育",
        "category": "edu",
        "type": "科教文化服务;培训机构;培训机构",
        "district": "成华区",
        "weight": 1
      }
    },
    {
      "type": "Feature",
      "geometry": {
        "type": "Point",
        "coordinates": [
          104.115181,
          30.708006
        ]
      },
      "properties": {
        "name": "可瑞恩教育",
        "category": "edu",
        "type": "科教文化服务;培训机构;培训机构",
        "district": "成华区",
        "weight": 1
      }
    },
    {
      "type": "Feature",
      "geometry": {
        "type": "Point",
        "coordinates": [
          104.114984,
          30.706513
        ]
      },
      "properties": {
        "name": "中国建筑西南勘察研究院基地",
        "category": "edu",
        "type": "科教文化服务;科研机构;科研机构",
        "district": "成华区",
        "weight": 2
      }
    },
    {
      "type": "Feature",
      "geometry": {
        "type": "Point",
        "coordinates": [
          104.156835,
          30.70313
        ]
      },
      "properties": {
        "name": "四川盛视天和文化传播有限公司",
        "category": "edu",
        "type": "科教文化服务;科教文化场所;科教文化场所",
        "district": "成华区",
        "weight": 1
      }
    },
    {
      "type": "Feature",
      "geometry": {
        "type": "Point",
        "coordinates": [
          104.154061,
          30.702794
        ]
      },
      "properties": {
        "name": "成都石室中学(北湖校区)",
        "category": "edu",
        "type": "科教文化服务;学校;中学",
        "district": "成华区",
        "weight": 1
      }
    },
    {
      "type": "Feature",
      "geometry": {
        "type": "Point",
        "coordinates": [
          104.161142,
          30.70629
        ]
      },
      "properties": {
        "name": "龙潭小学校",
        "category": "edu",
        "type": "科教文化服务;学校;小学",
        "district": "成华区",
        "weight": 2
      }
    },
    {
      "type": "Feature",
      "geometry": {
        "type": "Point",
        "coordinates": [
          104.167327,
          30.708812
        ]
      },
      "properties": {
        "name": "方圆文化艺术培训学校",
        "category": "edu",
        "type": "科教文化服务;培训机构;培训机构",
        "district": "成华区",
        "weight": 1
      }
    },
    {
      "type": "Feature",
      "geometry": {
        "type": "Point",
        "coordinates": [
          104.168953,
          30.700567
        ]
      },
      "properties": {
        "name": "龙锦社区安心文化宫",
        "category": "edu",
        "type": "科教文化服务;文化宫;文化宫",
        "district": "成华区",
        "weight": 1
      }
    },
    {
      "type": "Feature",
      "geometry": {
        "type": "Point",
        "coordinates": [
          104.166022,
          30.69949
        ]
      },
      "properties": {
        "name": "成才教育",
        "category": "edu",
        "type": "科教文化服务;培训机构;培训机构",
        "district": "成华区",
        "weight": 7
      }
    },
    {
      "type": "Feature",
      "geometry": {
        "type": "Point",
        "coordinates": [
          104.167971,
          30.706275
        ]
      },
      "properties": {
        "name": "学而之教育",
        "category": "edu",
        "type": "科教文化服务;培训机构;培训机构",
        "district": "成华区",
        "weight": 4
      }
    },
    {
      "type": "Feature",
      "geometry": {
        "type": "Point",
        "coordinates": [
          104.171924,
          30.700415
        ]
      },
      "properties": {
        "name": "翰森贝迪幼儿园",
        "category": "edu",
        "type": "科教文化服务;学校;幼儿园",
        "district": "成华区",
        "weight": 1
      }
    },
    {
      "type": "Feature",
      "geometry": {
        "type": "Point",
        "coordinates": [
          104.17147,
          30.708418
        ]
      },
      "properties": {
        "name": "成都弘弘中医药研究院",
        "category": "edu",
        "type": "科教文化服务;科研机构;科研机构",
        "district": "成华区",
        "weight": 2
      }
    },
    {
      "type": "Feature",
      "geometry": {
        "type": "Point",
        "coordinates": [
          104.164083,
          30.705816
        ]
      },
      "properties": {
        "name": "成都鲍豪斯美发学校",
        "category": "edu",
        "type": "科教文化服务;科教文化场所;科教文化场所",
        "district": "成华区",
        "weight": 1
      }
    },
    {
      "type": "Feature",
      "geometry": {
        "type": "Point",
        "coordinates": [
          104.164312,
          30.700366
        ]
      },
      "properties": {
        "name": "天欣驾校华泰路分校",
        "category": "edu",
        "type": "科教文化服务;科教文化场所;科教文化场所",
        "district": "成华区",
        "weight": 1
      }
    },
    {
      "type": "Feature",
      "geometry": {
        "type": "Point",
        "coordinates": [
          104.171112,
          30.703342
        ]
      },
      "properties": {
        "name": "悦音钢琴屋",
        "category": "edu",
        "type": "科教文化服务;培训机构;培训机构",
        "district": "成华区",
        "weight": 1
      }
    },
    {
      "type": "Feature",
      "geometry": {
        "type": "Point",
        "coordinates": [
          104.178151,
          30.70919
        ]
      },
      "properties": {
        "name": "同仁幼儿园",
        "category": "edu",
        "type": "科教文化服务;学校;幼儿园",
        "district": "成华区",
        "weight": 3
      }
    },
    {
      "type": "Feature",
      "geometry": {
        "type": "Point",
        "coordinates": [
          103.969825,
          30.696692
        ]
      },
      "properties": {
        "name": "阳阳幼儿园(纬六路)",
        "category": "edu",
        "type": "科教文化服务;学校;幼儿园",
        "district": "青羊区",
        "weight": 1
      }
    },
    {
      "type": "Feature",
      "geometry": {
        "type": "Point",
        "coordinates": [
          103.972486,
          30.693102
        ]
      },
      "properties": {
        "name": "成航幼儿园",
        "category": "edu",
        "type": "科教文化服务;学校;幼儿园",
        "district": "青羊区",
        "weight": 1
      }
    },
    {
      "type": "Feature",
      "geometry": {
        "type": "Point",
        "coordinates": [
          103.966092,
          30.697734
        ]
      },
      "properties": {
        "name": "德学教育",
        "category": "edu",
        "type": "科教文化服务;科教文化场所;科教文化场所",
        "district": "青羊区",
        "weight": 5
      }
    },
    {
      "type": "Feature",
      "geometry": {
        "type": "Point",
        "coordinates": [
          103.969348,
          30.690515
        ]
      },
      "properties": {
        "name": "青羊区苗苗幼儿园(清河一支路)",
        "category": "edu",
        "type": "科教文化服务;学校;幼儿园",
        "district": "青羊区",
        "weight": 1
      }
    },
    {
      "type": "Feature",
      "geometry": {
        "type": "Point",
        "coordinates": [
          103.967591,
          30.692643
        ]
      },
      "properties": {
        "name": "成都市赵妈妈幼儿园",
        "category": "edu",
        "type": "科教文化服务;学校;幼儿园",
        "district": "青羊区",
        "weight": 1
      }
    },
    {
      "type": "Feature",
      "geometry": {
        "type": "Point",
        "coordinates": [
          103.965793,
          30.693793
        ]
      },
      "properties": {
        "name": "文大教育(成飞校区)",
        "category": "edu",
        "type": "科教文化服务;培训机构;培训机构",
        "district": "青羊区",
        "weight": 2
      }
    },
    {
      "type": "Feature",
      "geometry": {
        "type": "Point",
        "coordinates": [
          103.97179,
          30.696388
        ]
      },
      "properties": {
        "name": "乐学屋",
        "category": "edu",
        "type": "科教文化服务;培训机构;培训机构",
        "district": "青羊区",
        "weight": 6
      }
    },
    {
      "type": "Feature",
      "geometry": {
        "type": "Point",
        "coordinates": [
          103.97005,
          30.694581
        ]
      },
      "properties": {
        "name": "亭亭玉立舞培训中心",
        "category": "edu",
        "type": "科教文化服务;培训机构;培训机构",
        "district": "青羊区",
        "weight": 1
      }
    },
    {
      "type": "Feature",
      "geometry": {
        "type": "Point",
        "coordinates": [
          103.968431,
          30.691643
        ]
      },
      "properties": {
        "name": "百分百教育(清河一支路)",
        "category": "edu",
        "type": "科教文化服务;培训机构;培训机构",
        "district": "青羊区",
        "weight": 1
      }
    },
    {
      "type": "Feature",
      "geometry": {
        "type": "Point",
        "coordinates": [
          103.967513,
          30.69015
        ]
      },
      "properties": {
        "name": "成都实验小学明道分校",
        "category": "edu",
        "type": "科教文化服务;学校;小学",
        "district": "青羊区",
        "weight": 1
      }
    },
    {
      "type": "Feature",
      "geometry": {
        "type": "Point",
        "coordinates": [
          103.964573,
          30.692688
        ]
      },
      "properties": {
        "name": "成都市青羊区小燕子幼儿园",
        "category": "edu",
        "type": "科教文化服务;学校;幼儿园",
        "district": "青羊区",
        "weight": 1
      }
    },
    {
      "type": "Feature",
      "geometry": {
        "type": "Point",
        "coordinates": [
          103.982029,
          30.690777
        ]
      },
      "properties": {
        "name": "成都市树德实验中学(清波校区)",
        "category": "edu",
        "type": "科教文化服务;学校;中学",
        "district": "青羊区",
        "weight": 1
      }
    },
    {
      "type": "Feature",
      "geometry": {
        "type": "Point",
        "coordinates": [
          103.975987,
          30.692816
        ]
      },
      "properties": {
        "name": "青羊区星苗幼儿园",
        "category": "edu",
        "type": "科教文化服务;学校;幼儿园",
        "district": "青羊区",
        "weight": 1
      }
    },
    {
      "type": "Feature",
      "geometry": {
        "type": "Point",
        "coordinates": [
          103.983955,
          30.693461
        ]
      },
      "properties": {
        "name": "萌萌熊儿童学校",
        "category": "edu",
        "type": "科教文化服务;学校;幼儿园",
        "district": "青羊区",
        "weight": 1
      }
    },
    {
      "type": "Feature",
      "geometry": {
        "type": "Point",
        "coordinates": [
          103.985226,
          30.692122
        ]
      },
      "properties": {
        "name": "雏鹰幼儿园(蓝光·COCO金沙2期南)",
        "category": "edu",
        "type": "科教文化服务;学校;幼儿园",
        "district": "青羊区",
        "weight": 1
      }
    },
    {
      "type": "Feature",
      "geometry": {
        "type": "Point",
        "coordinates": [
          104.003507,
          30.695953
        ]
      },
      "properties": {
        "name": "成都市泡桐树中学",
        "category": "edu",
        "type": "科教文化服务;学校;中学",
        "district": "青羊区",
        "weight": 1
      }
    },
    {
      "type": "Feature",
      "geometry": {
        "type": "Point",
        "coordinates": [
          104.004583,
          30.69403
        ]
      },
      "properties": {
        "name": "真慧学教育",
        "category": "edu",
        "type": "科教文化服务;培训机构;培训机构",
        "district": "青羊区",
        "weight": 7
      }
    },
    {
      "type": "Feature",
      "geometry": {
        "type": "Point",
        "coordinates": [
          104.004389,
          30.692037
        ]
      },
      "properties": {
        "name": "乐由文化",
        "category": "edu",
        "type": "科教文化服务;传媒机构;传媒机构",
        "district": "青羊区",
        "weight": 1
      }
    },
    {
      "type": "Feature",
      "geometry": {
        "type": "Point",
        "coordinates": [
          104.01374,
          30.69037
        ]
      },
      "properties": {
        "name": "金菠萝幼儿园",
        "category": "edu",
        "type": "科教文化服务;学校;幼儿园",
        "district": "金牛区",
        "weight": 2
      }
    },
    {
      "type": "Feature",
      "geometry": {
        "type": "Point",
        "coordinates": [
          104.010898,
          30.695082
        ]
      },
      "properties": {
        "name": "弘博书院",
        "category": "edu",
        "type": "科教文化服务;培训机构;培训机构",
        "district": "金牛区",
        "weight": 4
      }
    },
    {
      "type": "Feature",
      "geometry": {
        "type": "Point",
        "coordinates": [
          104.006286,
          30.691487
        ]
      },
      "properties": {
        "name": "成都市五幼金沙国际园",
        "category": "edu",
        "type": "科教文化服务;学校;幼儿园",
        "district": "金牛区",
        "weight": 2
      }
    },
    {
      "type": "Feature",
      "geometry": {
        "type": "Point",
        "coordinates": [
          104.004662,
          30.695953
        ]
      },
      "properties": {
        "name": "成都市孔雀门易文化传播有限责任公司",
        "category": "edu",
        "type": "科教文化服务;科教文化场所;科教文化场所",
        "district": "青羊区",
        "weight": 1
      }
    },
    {
      "type": "Feature",
      "geometry": {
        "type": "Point",
        "coordinates": [
          104.01362,
          30.699052
        ]
      },
      "properties": {
        "name": "成都市茶店子小学校南区",
        "category": "edu",
        "type": "科教文化服务;学校;小学",
        "district": "金牛区",
        "weight": 2
      }
    },
    {
      "type": "Feature",
      "geometry": {
        "type": "Point",
        "coordinates": [
          104.010385,
          30.697729
        ]
      },
      "properties": {
        "name": "丽豪花园酒店-会议厅",
        "category": "edu",
        "type": "科教文化服务;会展中心;会展中心",
        "district": "金牛区",
        "weight": 1
      }
    },
    {
      "type": "Feature",
      "geometry": {
        "type": "Point",
        "coordinates": [
          104.006583,
          30.697457
        ]
      },
      "properties": {
        "name": "蜀汉外国语实验小学",
        "category": "edu",
        "type": "科教文化服务;学校;小学",
        "district": "金牛区",
        "weight": 1
      }
    },
    {
      "type": "Feature",
      "geometry": {
        "type": "Point",
        "coordinates": [
          104.010772,
          30.690569
        ]
      },
      "properties": {
        "name": "成都市城市照明管理处设计室",
        "category": "edu",
        "type": "科教文化服务;科研机构;科研机构",
        "district": "金牛区",
        "weight": 1
      }
    },
    {
      "type": "Feature",
      "geometry": {
        "type": "Point",
        "coordinates": [
          104.012009,
          30.694567
        ]
      },
      "properties": {
        "name": "格林威斯登酒店-会议厅",
        "category": "edu",
        "type": "科教文化服务;会展中心;会展中心",
        "district": "金牛区",
        "weight": 1
      }
    },
    {
      "type": "Feature",
      "geometry": {
        "type": "Point",
        "coordinates": [
          104.007225,
          30.695726
        ]
      },
      "properties": {
        "name": "亚得里亚少儿美术(金沙店)",
        "category": "edu",
        "type": "科教文化服务;美术馆;美术馆",
        "district": "青羊区",
        "weight": 1
      }
    },
    {
      "type": "Feature",
      "geometry": {
        "type": "Point",
        "coordinates": [
          104.008431,
          30.690146
        ]
      },
      "properties": {
        "name": "星宇家教中心",
        "category": "edu",
        "type": "科教文化服务;培训机构;培训机构",
        "district": "金牛区",
        "weight": 1
      }
    },
    {
      "type": "Feature",
      "geometry": {
        "type": "Point",
        "coordinates": [
          104.01653,
          30.691697
        ]
      },
      "properties": {
        "name": "乐谷教育",
        "category": "edu",
        "type": "科教文化服务;培训机构;培训机构",
        "district": "金牛区",
        "weight": 16
      }
    },
    {
      "type": "Feature",
      "geometry": {
        "type": "Point",
        "coordinates": [
          104.023251,
          30.698863
        ]
      },
      "properties": {
        "name": "联创教育",
        "category": "edu",
        "type": "科教文化服务;培训机构;培训机构",
        "district": "金牛区",
        "weight": 3
      }
    },
    {
      "type": "Feature",
      "geometry": {
        "type": "Point",
        "coordinates": [
          104.015263,
          30.698074
        ]
      },
      "properties": {
        "name": "名师园(育德路)",
        "category": "edu",
        "type": "科教文化服务;培训机构;培训机构",
        "district": "金牛区",
        "weight": 4
      }
    },
    {
      "type": "Feature",
      "geometry": {
        "type": "Point",
        "coordinates": [
          104.017655,
          30.697451
        ]
      },
      "properties": {
        "name": "红色幼儿园",
        "category": "edu",
        "type": "科教文化服务;学校;幼儿园",
        "district": "金牛区",
        "weight": 1
      }
    },
    {
      "type": "Feature",
      "geometry": {
        "type": "Point",
        "coordinates": [
          104.01453,
          30.695639
        ]
      },
      "properties": {
        "name": "上堰酒店-会议厅",
        "category": "edu",
        "type": "科教文化服务;会展中心;会展中心",
        "district": "金牛区",
        "weight": 7
      }
    },
    {
      "type": "Feature",
      "geometry": {
        "type": "Point",
        "coordinates": [
          104.022832,
          30.691378
        ]
      },
      "properties": {
        "name": "石笋街小学",
        "category": "edu",
        "type": "科教文化服务;学校;小学",
        "district": "金牛区",
        "weight": 4
      }
    },
    {
      "type": "Feature",
      "geometry": {
        "type": "Point",
        "coordinates": [
          104.021061,
          30.6934
        ]
      },
      "properties": {
        "name": "成都市标准化研究院",
        "category": "edu",
        "type": "科教文化服务;科研机构;科研机构",
        "district": "金牛区",
        "weight": 1
      }
    },
    {
      "type": "Feature",
      "geometry": {
        "type": "Point",
        "coordinates": [
          104.022248,
          30.696114
        ]
      },
      "properties": {
        "name": "启智幼儿园(营康西路)",
        "category": "edu",
        "type": "科教文化服务;学校;幼儿园",
        "district": "金牛区",
        "weight": 1
      }
    },
    {
      "type": "Feature",
      "geometry": {
        "type": "Point",
        "coordinates": [
          104.021317,
          30.696907
        ]
      },
      "properties": {
        "name": "西南电子设备研究所",
        "category": "edu",
        "type": "科教文化服务;科研机构;科研机构",
        "district": "金牛区",
        "weight": 3
      }
    },
    {
      "type": "Feature",
      "geometry": {
        "type": "Point",
        "coordinates": [
          104.019563,
          30.690656
        ]
      },
      "properties": {
        "name": "四川省院研究室",
        "category": "edu",
        "type": "科教文化服务;科研机构;科研机构",
        "district": "金牛区",
        "weight": 1
      }
    },
    {
      "type": "Feature",
      "geometry": {
        "type": "Point",
        "coordinates": [
          104.022053,
          30.693936
        ]
      },
      "properties": {
        "name": "音窖音乐",
        "category": "edu",
        "type": "科教文化服务;科教文化场所;科教文化场所",
        "district": "金牛区",
        "weight": 3
      }
    },
    {
      "type": "Feature",
      "geometry": {
        "type": "Point",
        "coordinates": [
          104.022599,
          30.688413
        ]
      },
      "properties": {
        "name": "天天音画",
        "category": "edu",
        "type": "科教文化服务;培训机构;培训机构",
        "district": "金牛区",
        "weight": 14
      }
    },
    {
      "type": "Feature",
      "geometry": {
        "type": "Point",
        "coordinates": [
          104.014292,
          30.693757
        ]
      },
      "properties": {
        "name": "成都中医药大学教学医(基地)",
        "category": "edu",
        "type": "科教文化服务;科教文化场所;科教文化场所",
        "district": "金牛区",
        "weight": 1
      }
    },
    {
      "type": "Feature",
      "geometry": {
        "type": "Point",
        "coordinates": [
          104.028946,
          30.693902
        ]
      },
      "properties": {
        "name": "佳诚围棋教室",
        "category": "edu",
        "type": "科教文化服务;培训机构;培训机构",
        "district": "金牛区",
        "weight": 2
      }
    },
    {
      "type": "Feature",
      "geometry": {
        "type": "Point",
        "coordinates": [
          104.024966,
          30.697436
        ]
      },
      "properties": {
        "name": "四川雅艺教育培训有限公司",
        "category": "edu",
        "type": "科教文化服务;科教文化场所;科教文化场所",
        "district": "金牛区",
        "weight": 2
      }
    },
    {
      "type": "Feature",
      "geometry": {
        "type": "Point",
        "coordinates": [
          104.026345,
          30.693204
        ]
      },
      "properties": {
        "name": "中国电子科技集团公司第十研究所",
        "category": "edu",
        "type": "科教文化服务;科研机构;科研机构",
        "district": "金牛区",
        "weight": 2
      }
    },
    {
      "type": "Feature",
      "geometry": {
        "type": "Point",
        "coordinates": [
          104.027339,
          30.690489
        ]
      },
      "properties": {
        "name": "兴乐幼儿园(营康西路)",
        "category": "edu",
        "type": "科教文化服务;学校;幼儿园",
        "district": "金牛区",
        "weight": 1
      }
    },
    {
      "type": "Feature",
      "geometry": {
        "type": "Point",
        "coordinates": [
          104.029344,
          30.696951
        ]
      },
      "properties": {
        "name": "成都耕涛美容美发职业培训学校",
        "category": "edu",
        "type": "科教文化服务;学校;职业技术学校|科教文化服务;培训机构;培训机构",
        "district": "金牛区",
        "weight": 2
      }
    },
    {
      "type": "Feature",
      "geometry": {
        "type": "Point",
        "coordinates": [
          104.032498,
          30.690274
        ]
      },
      "properties": {
        "name": "托菲诺幼儿园",
        "category": "edu",
        "type": "科教文化服务;学校;幼儿园",
        "district": "金牛区",
        "weight": 1
      }
    },
    {
      "type": "Feature",
      "geometry": {
        "type": "Point",
        "coordinates": [
          104.031588,
          30.693026
        ]
      },
      "properties": {
        "name": "茶店子街道老年学校",
        "category": "edu",
        "type": "科教文化服务;学校;成人教育",
        "district": "金牛区",
        "weight": 4
      }
    },
    {
      "type": "Feature",
      "geometry": {
        "type": "Point",
        "coordinates": [
          104.030664,
          30.696066
        ]
      },
      "properties": {
        "name": "十所学术交流中心",
        "category": "edu",
        "type": "科教文化服务;科教文化场所;科教文化场所",
        "district": "金牛区",
        "weight": 1
      }
    },
    {
      "type": "Feature",
      "geometry": {
        "type": "Point",
        "coordinates": [
          104.032589,
          30.694454
        ]
      },
      "properties": {
        "name": "巨民木艺根雕展示馆",
        "category": "edu",
        "type": "科教文化服务;展览馆;展览馆",
        "district": "金牛区",
        "weight": 1
      }
    },
    {
      "type": "Feature",
      "geometry": {
        "type": "Point",
        "coordinates": [
          104.030279,
          30.693399
        ]
      },
      "properties": {
        "name": "耘涛美容美发职业培训学校",
        "category": "edu",
        "type": "科教文化服务;培训机构;培训机构",
        "district": "金牛区",
        "weight": 1
      }
    },
    {
      "type": "Feature",
      "geometry": {
        "type": "Point",
        "coordinates": [
          104.042602,
          30.69046
        ]
      },
      "properties": {
        "name": "四川老年大学",
        "category": "edu",
        "type": "科教文化服务;学校;成人教育",
        "district": "金牛区",
        "weight": 9
      }
    },
    {
      "type": "Feature",
      "geometry": {
        "type": "Point",
        "coordinates": [
          104.035527,
          30.690346
        ]
      },
      "properties": {
        "name": "成都昌军影视文化传播有限公司",
        "category": "edu",
        "type": "科教文化服务;传媒机构;传媒机构",
        "district": "金牛区",
        "weight": 1
      }
    },
    {
      "type": "Feature",
      "geometry": {
        "type": "Point",
        "coordinates": [
          104.03798,
          30.693169
        ]
      },
      "properties": {
        "name": "瑞亨建筑培训",
        "category": "edu",
        "type": "科教文化服务;培训机构;培训机构",
        "district": "金牛区",
        "weight": 8
      }
    },
    {
      "type": "Feature",
      "geometry": {
        "type": "Point",
        "coordinates": [
          104.042576,
          30.695647
        ]
      },
      "properties": {
        "name": "奇魔乐高",
        "category": "edu",
        "type": "科教文化服务;培训机构;培训机构",
        "district": "金牛区",
        "weight": 11
      }
    },
    {
      "type": "Feature",
      "geometry": {
        "type": "Point",
        "coordinates": [
          104.040165,
          30.693699
        ]
      },
      "properties": {
        "name": "光荣小学校",
        "category": "edu",
        "type": "科教文化服务;学校;小学",
        "district": "金牛区",
        "weight": 7
      }
    },
    {
      "type": "Feature",
      "geometry": {
        "type": "Point",
        "coordinates": [
          104.03715,
          30.690448
        ]
      },
      "properties": {
        "name": "成都市金牛区图书馆",
        "category": "edu",
        "type": "科教文化服务;图书馆;图书馆",
        "district": "金牛区",
        "weight": 4
      }
    },
    {
      "type": "Feature",
      "geometry": {
        "type": "Point",
        "coordinates": [
          104.043198,
          30.699202
        ]
      },
      "properties": {
        "name": "魅客学院",
        "category": "edu",
        "type": "科教文化服务;学校;高等院校",
        "district": "金牛区",
        "weight": 6
      }
    },
    {
      "type": "Feature",
      "geometry": {
        "type": "Point",
        "coordinates": [
          104.038055,
          30.69139
        ]
      },
      "properties": {
        "name": "光亚幼稚园(鼎恒中心南)",
        "category": "edu",
        "type": "科教文化服务;学校;幼儿园",
        "district": "金牛区",
        "weight": 1
      }
    },
    {
      "type": "Feature",
      "geometry": {
        "type": "Point",
        "coordinates": [
          104.040765,
          30.698042
        ]
      },
      "properties": {
        "name": "光荣音乐幼儿园",
        "category": "edu",
        "type": "科教文化服务;学校;幼儿园",
        "district": "金牛区",
        "weight": 1
      }
    },
    {
      "type": "Feature",
      "geometry": {
        "type": "Point",
        "coordinates": [
          104.037024,
          30.697298
        ]
      },
      "properties": {
        "name": "小天鹅双语幼儿园",
        "category": "edu",
        "type": "科教文化服务;学校;幼儿园",
        "district": "金牛区",
        "weight": 2
      }
    },
    {
      "type": "Feature",
      "geometry": {
        "type": "Point",
        "coordinates": [
          104.034158,
          30.692431
        ]
      },
      "properties": {
        "name": "翰阳教育",
        "category": "edu",
        "type": "科教文化服务;培训机构;培训机构",
        "district": "金牛区",
        "weight": 9
      }
    },
    {
      "type": "Feature",
      "geometry": {
        "type": "Point",
        "coordinates": [
          104.038587,
          30.697561
        ]
      },
      "properties": {
        "name": "乐之艺音乐教室",
        "category": "edu",
        "type": "科教文化服务;培训机构;培训机构",
        "district": "金牛区",
        "weight": 1
      }
    },
    {
      "type": "Feature",
      "geometry": {
        "type": "Point",
        "coordinates": [
          104.034106,
          30.694868
        ]
      },
      "properties": {
        "name": "文林教育",
        "category": "edu",
        "type": "科教文化服务;培训机构;培训机构",
        "district": "金牛区",
        "weight": 2
      }
    },
    {
      "type": "Feature",
      "geometry": {
        "type": "Point",
        "coordinates": [
          104.038358,
          30.699376
        ]
      },
      "properties": {
        "name": "森之音琴行(交大艺术中心)",
        "category": "edu",
        "type": "科教文化服务;培训机构;培训机构",
        "district": "金牛区",
        "weight": 1
      }
    },
    {
      "type": "Feature",
      "geometry": {
        "type": "Point",
        "coordinates": [
          104.03641,
          30.693301
        ]
      },
      "properties": {
        "name": "四川省精神专科护士培训基地",
        "category": "edu",
        "type": "科教文化服务;培训机构;培训机构",
        "district": "金牛区",
        "weight": 1
      }
    },
    {
      "type": "Feature",
      "geometry": {
        "type": "Point",
        "coordinates": [
          104.041484,
          30.694109
        ]
      },
      "properties": {
        "name": "川妹子家政抚琴街道再就业培训中心",
        "category": "edu",
        "type": "科教文化服务;培训机构;培训机构",
        "district": "金牛区",
        "weight": 1
      }
    },
    {
      "type": "Feature",
      "geometry": {
        "type": "Point",
        "coordinates": [
          104.049228,
          30.689741
        ]
      },
      "properties": {
        "name": "锦城文化艺术学校",
        "category": "edu",
        "type": "科教文化服务;培训机构;培训机构",
        "district": "金牛区",
        "weight": 4
      }
    },
    {
      "type": "Feature",
      "geometry": {
        "type": "Point",
        "coordinates": [
          104.04941,
          30.690855
        ]
      },
      "properties": {
        "name": "成都江南文化艺术学校",
        "category": "edu",
        "type": "科教文化服务;学校;职业技术学校",
        "district": "金牛区",
        "weight": 2
      }
    },
    {
      "type": "Feature",
      "geometry": {
        "type": "Point",
        "coordinates": [
          104.044517,
          30.692957
        ]
      },
      "properties": {
        "name": "良语堂",
        "category": "edu",
        "type": "科教文化服务;培训机构;培训机构",
        "district": "金牛区",
        "weight": 3
      }
    },
    {
      "type": "Feature",
      "geometry": {
        "type": "Point",
        "coordinates": [
          104.048102,
          30.69305
        ]
      },
      "properties": {
        "name": "九正传媒",
        "category": "edu",
        "type": "科教文化服务;科教文化场所;科教文化场所",
        "district": "金牛区",
        "weight": 37
      }
    },
    {
      "type": "Feature",
      "geometry": {
        "type": "Point",
        "coordinates": [
          104.043802,
          30.694207
        ]
      },
      "properties": {
        "name": "成都聚尚映画文化传播有限公司",
        "category": "edu",
        "type": "科教文化服务;科教文化场所;科教文化场所",
        "district": "金牛区",
        "weight": 1
      }
    },
    {
      "type": "Feature",
      "geometry": {
        "type": "Point",
        "coordinates": [
          104.043675,
          30.696977
        ]
      },
      "properties": {
        "name": "成都范华玖洲文化传播有限公司",
        "category": "edu",
        "type": "科教文化服务;科教文化场所;科教文化场所",
        "district": "金牛区",
        "weight": 1
      }
    },
    {
      "type": "Feature",
      "geometry": {
        "type": "Point",
        "coordinates": [
          104.04654,
          30.690605
        ]
      },
      "properties": {
        "name": "四川省成都市财贸职业高级中学(光荣北路)",
        "category": "edu",
        "type": "科教文化服务;学校;中学",
        "district": "金牛区",
        "weight": 1
      }
    },
    {
      "type": "Feature",
      "geometry": {
        "type": "Point",
        "coordinates": [
          104.047597,
          30.696227
        ]
      },
      "properties": {
        "name": "精武天下",
        "category": "edu",
        "type": "科教文化服务;培训机构;培训机构",
        "district": "金牛区",
        "weight": 25
      }
    },
    {
      "type": "Feature",
      "geometry": {
        "type": "Point",
        "coordinates": [
          104.050424,
          30.697631
        ]
      },
      "properties": {
        "name": "西南交通大学九里校区办公楼",
        "category": "edu",
        "type": "科教文化服务;学校;学校",
        "district": "金牛区",
        "weight": 2
      }
    },
    {
      "type": "Feature",
      "geometry": {
        "type": "Point",
        "coordinates": [
          104.049821,
          30.696586
        ]
      },
      "properties": {
        "name": "成都协泰会计学校",
        "category": "edu",
        "type": "科教文化服务;培训机构;培训机构",
        "district": "金牛区",
        "weight": 4
      }
    },
    {
      "type": "Feature",
      "geometry": {
        "type": "Point",
        "coordinates": [
          104.046069,
          30.691771
        ]
      },
      "properties": {
        "name": "橄榄树英语幼儿园",
        "category": "edu",
        "type": "科教文化服务;学校;幼儿园",
        "district": "金牛区",
        "weight": 2
      }
    },
    {
      "type": "Feature",
      "geometry": {
        "type": "Point",
        "coordinates": [
          104.050038,
          30.688353
        ]
      },
      "properties": {
        "name": "沙湾路小学",
        "category": "edu",
        "type": "科教文化服务;学校;小学",
        "district": "金牛区",
        "weight": 13
      }
    },
    {
      "type": "Feature",
      "geometry": {
        "type": "Point",
        "coordinates": [
          104.04792,
          30.6952
        ]
      },
      "properties": {
        "name": "新华文轩博沃思认知力训练中心",
        "category": "edu",
        "type": "科教文化服务;科教文化场所;科教文化场所",
        "district": "金牛区",
        "weight": 2
      }
    },
    {
      "type": "Feature",
      "geometry": {
        "type": "Point",
        "coordinates": [
          104.053343,
          30.695345
        ]
      },
      "properties": {
        "name": "金世纪双语幼儿园(圃园路)",
        "category": "edu",
        "type": "科教文化服务;学校;幼儿园",
        "district": "金牛区",
        "weight": 1
      }
    },
    {
      "type": "Feature",
      "geometry": {
        "type": "Point",
        "coordinates": [
          104.045962,
          30.697408
        ]
      },
      "properties": {
        "name": "新思维学院",
        "category": "edu",
        "type": "科教文化服务;培训机构;培训机构",
        "district": "金牛区",
        "weight": 15
      }
    },
    {
      "type": "Feature",
      "geometry": {
        "type": "Point",
        "coordinates": [
          104.053081,
          30.693606
        ]
      },
      "properties": {
        "name": "七彩画屋",
        "category": "edu",
        "type": "科教文化服务;培训机构;培训机构",
        "district": "金牛区",
        "weight": 1
      }
    },
    {
      "type": "Feature",
      "geometry": {
        "type": "Point",
        "coordinates": [
          104.050574,
          30.690923
        ]
      },
      "properties": {
        "name": "乐天伦乐声艺术团",
        "category": "edu",
        "type": "科教文化服务;文艺团体;文艺团体",
        "district": "金牛区",
        "weight": 1
      }
    },
    {
      "type": "Feature",
      "geometry": {
        "type": "Point",
        "coordinates": [
          104.050217,
          30.694882
        ]
      },
      "properties": {
        "name": "天府早报&华西都市报发行站",
        "category": "edu",
        "type": "科教文化服务;传媒机构;报社",
        "district": "金牛区",
        "weight": 1
      }
    },
    {
      "type": "Feature",
      "geometry": {
        "type": "Point",
        "coordinates": [
          104.061364,
          30.691074
        ]
      },
      "properties": {
        "name": "成都立信会计学校",
        "category": "edu",
        "type": "科教文化服务;学校;成人教育",
        "district": "金牛区",
        "weight": 8
      }
    },
    {
      "type": "Feature",
      "geometry": {
        "type": "Point",
        "coordinates": [
          104.054731,
          30.691001
        ]
      },
      "properties": {
        "name": "成都市林业勘察规划设计院",
        "category": "edu",
        "type": "科教文化服务;科研机构;科研机构",
        "district": "金牛区",
        "weight": 2
      }
    },
    {
      "type": "Feature",
      "geometry": {
        "type": "Point",
        "coordinates": [
          104.059123,
          30.690195
        ]
      },
      "properties": {
        "name": "英菲尔幼儿园",
        "category": "edu",
        "type": "科教文化服务;学校;幼儿园",
        "district": "金牛区",
        "weight": 1
      }
    },
    {
      "type": "Feature",
      "geometry": {
        "type": "Point",
        "coordinates": [
          104.061897,
          30.698275
        ]
      },
      "properties": {
        "name": "金麦吉幼儿园",
        "category": "edu",
        "type": "科教文化服务;学校;幼儿园",
        "district": "金牛区",
        "weight": 1
      }
    },
    {
      "type": "Feature",
      "geometry": {
        "type": "Point",
        "coordinates": [
          104.056526,
          30.698969
        ]
      },
      "properties": {
        "name": "成都市兴育幼儿园",
        "category": "edu",
        "type": "科教文化服务;学校;幼儿园",
        "district": "金牛区",
        "weight": 1
      }
    },
    {
      "type": "Feature",
      "geometry": {
        "type": "Point",
        "coordinates": [
          104.057209,
          30.697581
        ]
      },
      "properties": {
        "name": "恩光培训学校",
        "category": "edu",
        "type": "科教文化服务;培训机构;培训机构",
        "district": "金牛区",
        "weight": 2
      }
    },
    {
      "type": "Feature",
      "geometry": {
        "type": "Point",
        "coordinates": [
          104.056016,
          30.696436
        ]
      },
      "properties": {
        "name": "玉衡国学馆(九里店)",
        "category": "edu",
        "type": "科教文化服务;科教文化场所;科教文化场所",
        "district": "金牛区",
        "weight": 1
      }
    },
    {
      "type": "Feature",
      "geometry": {
        "type": "Point",
        "coordinates": [
          104.05678,
          30.695134
        ]
      },
      "properties": {
        "name": "成都市五幼全兴分园",
        "category": "edu",
        "type": "科教文化服务;学校;幼儿园",
        "district": "金牛区",
        "weight": 1
      }
    },
    {
      "type": "Feature",
      "geometry": {
        "type": "Point",
        "coordinates": [
          104.056089,
          30.689608
        ]
      },
      "properties": {
        "name": "华西都市报天府早报金牛零售站广告办理点",
        "category": "edu",
        "type": "科教文化服务;科教文化场所;科教文化场所",
        "district": "金牛区",
        "weight": 1
      }
    },
    {
      "type": "Feature",
      "geometry": {
        "type": "Point",
        "coordinates": [
          104.072539,
          30.696206
        ]
      },
      "properties": {
        "name": "西南铁道报社",
        "category": "edu",
        "type": "科教文化服务;科教文化场所;科教文化场所",
        "district": "金牛区",
        "weight": 5
      }
    },
    {
      "type": "Feature",
      "geometry": {
        "type": "Point",
        "coordinates": [
          104.066617,
          30.692161
        ]
      },
      "properties": {
        "name": "成铁书画室",
        "category": "edu",
        "type": "科教文化服务;科教文化场所;科教文化场所",
        "district": "金牛区",
        "weight": 7
      }
    },
    {
      "type": "Feature",
      "geometry": {
        "type": "Point",
        "coordinates": [
          104.07134,
          30.691663
        ]
      },
      "properties": {
        "name": "宝莱坞小主持培训",
        "category": "edu",
        "type": "科教文化服务;培训机构;培训机构",
        "district": "金牛区",
        "weight": 12
      }
    },
    {
      "type": "Feature",
      "geometry": {
        "type": "Point",
        "coordinates": [
          104.072642,
          30.6883
        ]
      },
      "properties": {
        "name": "晴朗教育",
        "category": "edu",
        "type": "科教文化服务;培训机构;培训机构",
        "district": "金牛区",
        "weight": 28
      }
    },
    {
      "type": "Feature",
      "geometry": {
        "type": "Point",
        "coordinates": [
          104.071192,
          30.695792
        ]
      },
      "properties": {
        "name": "厨师培训班",
        "category": "edu",
        "type": "科教文化服务;培训机构;培训机构",
        "district": "金牛区",
        "weight": 2
      }
    },
    {
      "type": "Feature",
      "geometry": {
        "type": "Point",
        "coordinates": [
          104.073332,
          30.69254
        ]
      },
      "properties": {
        "name": "成都五年三班文化传播有限公司",
        "category": "edu",
        "type": "科教文化服务;科教文化场所;科教文化场所",
        "district": "金牛区",
        "weight": 1
      }
    },
    {
      "type": "Feature",
      "geometry": {
        "type": "Point",
        "coordinates": [
          104.072858,
          30.690664
        ]
      },
      "properties": {
        "name": "学尔森教育(金牛万达分校)",
        "category": "edu",
        "type": "科教文化服务;培训机构;培训机构",
        "district": "金牛区",
        "weight": 2
      }
    },
    {
      "type": "Feature",
      "geometry": {
        "type": "Point",
        "coordinates": [
          104.068283,
          30.692698
        ]
      },
      "properties": {
        "name": "睿研教育",
        "category": "edu",
        "type": "科教文化服务;培训机构;培训机构",
        "district": "金牛区",
        "weight": 6
      }
    },
    {
      "type": "Feature",
      "geometry": {
        "type": "Point",
        "coordinates": [
          104.067969,
          30.695806
        ]
      },
      "properties": {
        "name": "小天使幼稚园(杨柳巷)",
        "category": "edu",
        "type": "科教文化服务;学校;幼儿园",
        "district": "金牛区",
        "weight": 1
      }
    },
    {
      "type": "Feature",
      "geometry": {
        "type": "Point",
        "coordinates": [
          104.067345,
          30.693995
        ]
      },
      "properties": {
        "name": "西一路小学",
        "category": "edu",
        "type": "科教文化服务;学校;小学",
        "district": "金牛区",
        "weight": 1
      }
    },
    {
      "type": "Feature",
      "geometry": {
        "type": "Point",
        "coordinates": [
          104.069054,
          30.690932
        ]
      },
      "properties": {
        "name": "成都市第十七幼儿园",
        "category": "edu",
        "type": "科教文化服务;学校;幼儿园",
        "district": "金牛区",
        "weight": 1
      }
    },
    {
      "type": "Feature",
      "geometry": {
        "type": "Point",
        "coordinates": [
          104.072816,
          30.693743
        ]
      },
      "properties": {
        "name": "幢幼儿园",
        "category": "edu",
        "type": "科教文化服务;学校;幼儿园",
        "district": "金牛区",
        "weight": 1
      }
    },
    {
      "type": "Feature",
      "geometry": {
        "type": "Point",
        "coordinates": [
          104.067891,
          30.691137
        ]
      },
      "properties": {
        "name": "爱多多国学早教",
        "category": "edu",
        "type": "科教文化服务;学校;幼儿园",
        "district": "金牛区",
        "weight": 1
      }
    },
    {
      "type": "Feature",
      "geometry": {
        "type": "Point",
        "coordinates": [
          104.069641,
          30.693353
        ]
      },
      "properties": {
        "name": "四川铁道大酒店会议中心",
        "category": "edu",
        "type": "科教文化服务;会展中心;会展中心",
        "district": "金牛区",
        "weight": 1
      }
    },
    {
      "type": "Feature",
      "geometry": {
        "type": "Point",
        "coordinates": [
          104.063924,
          30.689755
        ]
      },
      "properties": {
        "name": "戴式精品堂学校",
        "category": "edu",
        "type": "科教文化服务;培训机构;培训机构",
        "district": "金牛区",
        "weight": 2
      }
    },
    {
      "type": "Feature",
      "geometry": {
        "type": "Point",
        "coordinates": [
          104.065143,
          30.69626
        ]
      },
      "properties": {
        "name": "成都市创伤骨科研究所",
        "category": "edu",
        "type": "科教文化服务;科研机构;科研机构",
        "district": "金牛区",
        "weight": 1
      }
    },
    {
      "type": "Feature",
      "geometry": {
        "type": "Point",
        "coordinates": [
          104.068724,
          30.696676
        ]
      },
      "properties": {
        "name": "永不放弃教育培训机构",
        "category": "edu",
        "type": "科教文化服务;培训机构;培训机构",
        "district": "金牛区",
        "weight": 1
      }
    },
    {
      "type": "Feature",
      "geometry": {
        "type": "Point",
        "coordinates": [
          104.08278,
          30.694549
        ]
      },
      "properties": {
        "name": "驷马桥小学",
        "category": "edu",
        "type": "科教文化服务;学校;小学",
        "district": "金牛区",
        "weight": 7
      }
    },
    {
      "type": "Feature",
      "geometry": {
        "type": "Point",
        "coordinates": [
          104.076291,
          30.697424
        ]
      },
      "properties": {
        "name": "荷花池小学",
        "category": "edu",
        "type": "科教文化服务;学校;小学",
        "district": "金牛区",
        "weight": 1
      }
    },
    {
      "type": "Feature",
      "geometry": {
        "type": "Point",
        "coordinates": [
          104.079107,
          30.690341
        ]
      },
      "properties": {
        "name": "成都市青羊区行政学校",
        "category": "edu",
        "type": "科教文化服务;学校;学校",
        "district": "金牛区",
        "weight": 2
      }
    },
    {
      "type": "Feature",
      "geometry": {
        "type": "Point",
        "coordinates": [
          104.081734,
          30.689779
        ]
      },
      "properties": {
        "name": "爱心幼儿园(解颐路)",
        "category": "edu",
        "type": "科教文化服务;学校;幼儿园",
        "district": "金牛区",
        "weight": 1
      }
    },
    {
      "type": "Feature",
      "geometry": {
        "type": "Point",
        "coordinates": [
          104.075405,
          30.698071
        ]
      },
      "properties": {
        "name": "成都市第十八幼儿园",
        "category": "edu",
        "type": "科教文化服务;学校;幼儿园",
        "district": "金牛区",
        "weight": 1
      }
    },
    {
      "type": "Feature",
      "geometry": {
        "type": "Point",
        "coordinates": [
          104.078174,
          30.695554
        ]
      },
      "properties": {
        "name": "爱幼儿园玩具",
        "category": "edu",
        "type": "科教文化服务;学校;幼儿园",
        "district": "金牛区",
        "weight": 1
      }
    },
    {
      "type": "Feature",
      "geometry": {
        "type": "Point",
        "coordinates": [
          104.076912,
          30.699112
        ]
      },
      "properties": {
        "name": "成都金牛区才艺学校",
        "category": "edu",
        "type": "科教文化服务;学校;小学",
        "district": "金牛区",
        "weight": 2
      }
    },
    {
      "type": "Feature",
      "geometry": {
        "type": "Point",
        "coordinates": [
          104.077717,
          30.696464
        ]
      },
      "properties": {
        "name": "藏绣宫艺术中心",
        "category": "edu",
        "type": "科教文化服务;美术馆;美术馆",
        "district": "金牛区",
        "weight": 2
      }
    },
    {
      "type": "Feature",
      "geometry": {
        "type": "Point",
        "coordinates": [
          104.081904,
          30.691403
        ]
      },
      "properties": {
        "name": "成都心桥心理研究中心",
        "category": "edu",
        "type": "科教文化服务;科研机构;科研机构",
        "district": "金牛区",
        "weight": 2
      }
    },
    {
      "type": "Feature",
      "geometry": {
        "type": "Point",
        "coordinates": [
          104.081652,
          30.696608
        ]
      },
      "properties": {
        "name": "华西疾病预防研究院(二环路北三段)",
        "category": "edu",
        "type": "科教文化服务;科研机构;科研机构",
        "district": "金牛区",
        "weight": 1
      }
    },
    {
      "type": "Feature",
      "geometry": {
        "type": "Point",
        "coordinates": [
          104.074826,
          30.696674
        ]
      },
      "properties": {
        "name": "温莎美术书法",
        "category": "edu",
        "type": "科教文化服务;培训机构;培训机构",
        "district": "金牛区",
        "weight": 1
      }
    },
    {
      "type": "Feature",
      "geometry": {
        "type": "Point",
        "coordinates": [
          104.076473,
          30.693297
        ]
      },
      "properties": {
        "name": "手拉手",
        "category": "edu",
        "type": "科教文化服务;培训机构;培训机构",
        "district": "金牛区",
        "weight": 1
      }
    },
    {
      "type": "Feature",
      "geometry": {
        "type": "Point",
        "coordinates": [
          104.078025,
          30.690353
        ]
      },
      "properties": {
        "name": "成都晚报金牛发行驿站",
        "category": "edu",
        "type": "科教文化服务;传媒机构;报社",
        "district": "金牛区",
        "weight": 1
      }
    },
    {
      "type": "Feature",
      "geometry": {
        "type": "Point",
        "coordinates": [
          104.074473,
          30.690748
        ]
      },
      "properties": {
        "name": "曾燕民歌舞蹈用品专卖店",
        "category": "edu",
        "type": "科教文化服务;培训机构;培训机构",
        "district": "金牛区",
        "weight": 1
      }
    },
    {
      "type": "Feature",
      "geometry": {
        "type": "Point",
        "coordinates": [
          104.076791,
          30.690185
        ]
      },
      "properties": {
        "name": "贝丽培训",
        "category": "edu",
        "type": "科教文化服务;培训机构;培训机构",
        "district": "金牛区",
        "weight": 1
      }
    },
    {
      "type": "Feature",
      "geometry": {
        "type": "Point",
        "coordinates": [
          104.07385,
          30.694681
        ]
      },
      "properties": {
        "name": "有幼儿园",
        "category": "edu",
        "type": "科教文化服务;学校;幼儿园",
        "district": "金牛区",
        "weight": 1
      }
    },
    {
      "type": "Feature",
      "geometry": {
        "type": "Point",
        "coordinates": [
          104.087107,
          30.69548
        ]
      },
      "properties": {
        "name": "春知归",
        "category": "edu",
        "type": "科教文化服务;科教文化场所;科教文化场所",
        "district": "金牛区",
        "weight": 6
      }
    },
    {
      "type": "Feature",
      "geometry": {
        "type": "Point",
        "coordinates": [
          104.090268,
          30.698234
        ]
      },
      "properties": {
        "name": "府青路八里庄社区文化活动室",
        "category": "edu",
        "type": "科教文化服务;文化宫;文化宫",
        "district": "成华区",
        "weight": 2
      }
    },
    {
      "type": "Feature",
      "geometry": {
        "type": "Point",
        "coordinates": [
          104.085151,
          30.691275
        ]
      },
      "properties": {
        "name": "驷马桥街道综合文化活动中心",
        "category": "edu",
        "type": "科教文化服务;文化宫;文化宫",
        "district": "金牛区",
        "weight": 4
      }
    },
    {
      "type": "Feature",
      "geometry": {
        "type": "Point",
        "coordinates": [
          104.084952,
          30.695944
        ]
      },
      "properties": {
        "name": "四川慧金强智文化传媒有限公司",
        "category": "edu",
        "type": "科教文化服务;科教文化场所;科教文化场所",
        "district": "金牛区",
        "weight": 1
      }
    },
    {
      "type": "Feature",
      "geometry": {
        "type": "Point",
        "coordinates": [
          104.08695,
          30.692663
        ]
      },
      "properties": {
        "name": "华新幼儿园",
        "category": "edu",
        "type": "科教文化服务;学校;幼儿园",
        "district": "金牛区",
        "weight": 2
      }
    },
    {
      "type": "Feature",
      "geometry": {
        "type": "Point",
        "coordinates": [
          104.088314,
          30.689778
        ]
      },
      "properties": {
        "name": "人北实验小学",
        "category": "edu",
        "type": "科教文化服务;学校;小学",
        "district": "金牛区",
        "weight": 1
      }
    },
    {
      "type": "Feature",
      "geometry": {
        "type": "Point",
        "coordinates": [
          104.08564,
          30.697783
        ]
      },
      "properties": {
        "name": "成都八中北区",
        "category": "edu",
        "type": "科教文化服务;学校;中学",
        "district": "金牛区",
        "weight": 1
      }
    },
    {
      "type": "Feature",
      "geometry": {
        "type": "Point",
        "coordinates": [
          104.088227,
          30.693306
        ]
      },
      "properties": {
        "name": "华西甲状腺病研究院",
        "category": "edu",
        "type": "科教文化服务;科研机构;科研机构",
        "district": "金牛区",
        "weight": 1
      }
    },
    {
      "type": "Feature",
      "geometry": {
        "type": "Point",
        "coordinates": [
          104.092295,
          30.690692
        ]
      },
      "properties": {
        "name": "四川省有色冶金研究院(三友路)",
        "category": "edu",
        "type": "科教文化服务;科研机构;科研机构",
        "district": "成华区",
        "weight": 3
      }
    },
    {
      "type": "Feature",
      "geometry": {
        "type": "Point",
        "coordinates": [
          104.09146,
          30.692344
        ]
      },
      "properties": {
        "name": "诚实幼儿园",
        "category": "edu",
        "type": "科教文化服务;科教文化场所;科教文化场所",
        "district": "成华区",
        "weight": 1
      }
    },
    {
      "type": "Feature",
      "geometry": {
        "type": "Point",
        "coordinates": [
          104.093567,
          30.691428
        ]
      },
      "properties": {
        "name": "五一二厂幼儿园",
        "category": "edu",
        "type": "科教文化服务;学校;幼儿园",
        "district": "成华区",
        "weight": 1
      }
    },
    {
      "type": "Feature",
      "geometry": {
        "type": "Point",
        "coordinates": [
          104.094745,
          30.697824
        ]
      },
      "properties": {
        "name": "东墙西施软装艺术画廊",
        "category": "edu",
        "type": "科教文化服务;科教文化场所;科教文化场所",
        "district": "成华区",
        "weight": 1
      }
    },
    {
      "type": "Feature",
      "geometry": {
        "type": "Point",
        "coordinates": [
          104.102607,
          30.689936
        ]
      },
      "properties": {
        "name": "上水舞蹈工作室",
        "category": "edu",
        "type": "科教文化服务;培训机构;培训机构",
        "district": "成华区",
        "weight": 1
      }
    },
    {
      "type": "Feature",
      "geometry": {
        "type": "Point",
        "coordinates": [
          104.098785,
          30.690537
        ]
      },
      "properties": {
        "name": "油田化学研究室",
        "category": "edu",
        "type": "科教文化服务;科研机构;科研机构",
        "district": "成华区",
        "weight": 1
      }
    },
    {
      "type": "Feature",
      "geometry": {
        "type": "Point",
        "coordinates": [
          104.109393,
          30.68984
        ]
      },
      "properties": {
        "name": "佳艺艺术中心",
        "category": "edu",
        "type": "科教文化服务;培训机构;培训机构",
        "district": "成华区",
        "weight": 4
      }
    },
    {
      "type": "Feature",
      "geometry": {
        "type": "Point",
        "coordinates": [
          104.105411,
          30.689856
        ]
      },
      "properties": {
        "name": "桃蹊社区幼儿园",
        "category": "edu",
        "type": "科教文化服务;学校;幼儿园",
        "district": "成华区",
        "weight": 1
      }
    },
    {
      "type": "Feature",
      "geometry": {
        "type": "Point",
        "coordinates": [
          104.106698,
          30.68986
        ]
      },
      "properties": {
        "name": "师路教育",
        "category": "edu",
        "type": "科教文化服务;培训机构;培训机构",
        "district": "成华区",
        "weight": 1
      }
    },
    {
      "type": "Feature",
      "geometry": {
        "type": "Point",
        "coordinates": [
          104.111279,
          30.692309
        ]
      },
      "properties": {
        "name": "地质勘察院",
        "category": "edu",
        "type": "科教文化服务;科教文化场所;科教文化场所",
        "district": "成华区",
        "weight": 1
      }
    },
    {
      "type": "Feature",
      "geometry": {
        "type": "Point",
        "coordinates": [
          104.114971,
          30.690253
        ]
      },
      "properties": {
        "name": "金运来噢互联网分校",
        "category": "edu",
        "type": "科教文化服务;科教文化场所;科教文化场所",
        "district": "成华区",
        "weight": 2
      }
    },
    {
      "type": "Feature",
      "geometry": {
        "type": "Point",
        "coordinates": [
          104.119639,
          30.696183
        ]
      },
      "properties": {
        "name": "中铁八局CA砂浆试验室",
        "category": "edu",
        "type": "科教文化服务;科研机构;科研机构",
        "district": "成华区",
        "weight": 1
      }
    },
    {
      "type": "Feature",
      "geometry": {
        "type": "Point",
        "coordinates": [
          104.140368,
          30.696195
        ]
      },
      "properties": {
        "name": "圣灯红十字博爱学校",
        "category": "edu",
        "type": "科教文化服务;学校;小学",
        "district": "成华区",
        "weight": 2
      }
    },
    {
      "type": "Feature",
      "geometry": {
        "type": "Point",
        "coordinates": [
          104.161477,
          30.698606
        ]
      },
      "properties": {
        "name": "慧明文化传播有限公司",
        "category": "edu",
        "type": "科教文化服务;科教文化场所;科教文化场所",
        "district": "成华区",
        "weight": 1
      }
    },
    {
      "type": "Feature",
      "geometry": {
        "type": "Point",
        "coordinates": [
          104.161053,
          30.695268
        ]
      },
      "properties": {
        "name": "成都攀岩者文化传播有限公司",
        "category": "edu",
        "type": "科教文化服务;科教文化场所;科教文化场所",
        "district": "成华区",
        "weight": 1
      }
    },
    {
      "type": "Feature",
      "geometry": {
        "type": "Point",
        "coordinates": [
          104.154199,
          30.694693
        ]
      },
      "properties": {
        "name": "向龙幼儿园",
        "category": "edu",
        "type": "科教文化服务;学校;幼儿园",
        "district": "成华区",
        "weight": 1
      }
    },
    {
      "type": "Feature",
      "geometry": {
        "type": "Point",
        "coordinates": [
          104.161999,
          30.6959
        ]
      },
      "properties": {
        "name": "启航中心幼稚园",
        "category": "edu",
        "type": "科教文化服务;学校;幼儿园",
        "district": "成华区",
        "weight": 1
      }
    },
    {
      "type": "Feature",
      "geometry": {
        "type": "Point",
        "coordinates": [
          104.161004,
          30.690342
        ]
      },
      "properties": {
        "name": "宝马培训学院",
        "category": "edu",
        "type": "科教文化服务;培训机构;培训机构",
        "district": "成华区",
        "weight": 2
      }
    },
    {
      "type": "Feature",
      "geometry": {
        "type": "Point",
        "coordinates": [
          104.162901,
          30.691304
        ]
      },
      "properties": {
        "name": "长征宝马军训培训基地",
        "category": "edu",
        "type": "科教文化服务;科教文化场所;科教文化场所",
        "district": "成华区",
        "weight": 1
      }
    },
    {
      "type": "Feature",
      "geometry": {
        "type": "Point",
        "coordinates": [
          104.168922,
          30.698848
        ]
      },
      "properties": {
        "name": "新未来教育(成康路)",
        "category": "edu",
        "type": "科教文化服务;培训机构;培训机构",
        "district": "成华区",
        "weight": 3
      }
    },
    {
      "type": "Feature",
      "geometry": {
        "type": "Point",
        "coordinates": [
          104.171042,
          30.698641
        ]
      },
      "properties": {
        "name": "学而乐教育",
        "category": "edu",
        "type": "科教文化服务;培训机构;培训机构",
        "district": "成华区",
        "weight": 6
      }
    },
    {
      "type": "Feature",
      "geometry": {
        "type": "Point",
        "coordinates": [
          104.172724,
          30.695032
        ]
      },
      "properties": {
        "name": "中国医学科学院",
        "category": "edu",
        "type": "科教文化服务;学校;高等院校",
        "district": "成华区",
        "weight": 2
      }
    },
    {
      "type": "Feature",
      "geometry": {
        "type": "Point",
        "coordinates": [
          104.170088,
          30.690332
        ]
      },
      "properties": {
        "name": "建材成都地质工程勘察院",
        "category": "edu",
        "type": "科教文化服务;科研机构;科研机构",
        "district": "成华区",
        "weight": 2
      }
    },
    {
      "type": "Feature",
      "geometry": {
        "type": "Point",
        "coordinates": [
          104.166058,
          30.6915
        ]
      },
      "properties": {
        "name": "西南通信技术研究中心",
        "category": "edu",
        "type": "科教文化服务;科研机构;科研机构",
        "district": "成华区",
        "weight": 1
      }
    },
    {
      "type": "Feature",
      "geometry": {
        "type": "Point",
        "coordinates": [
          104.17061,
          30.693608
        ]
      },
      "properties": {
        "name": "核工业西藏地质调查院",
        "category": "edu",
        "type": "科教文化服务;科研机构;科研机构",
        "district": "成华区",
        "weight": 1
      }
    },
    {
      "type": "Feature",
      "geometry": {
        "type": "Point",
        "coordinates": [
          104.166813,
          30.695434
        ]
      },
      "properties": {
        "name": "年代教育",
        "category": "edu",
        "type": "科教文化服务;培训机构;培训机构",
        "district": "成华区",
        "weight": 1
      }
    },
    {
      "type": "Feature",
      "geometry": {
        "type": "Point",
        "coordinates": [
          104.183384,
          30.692286
        ]
      },
      "properties": {
        "name": "中国西部房车博览中心",
        "category": "edu",
        "type": "科教文化服务;展览馆;展览馆",
        "district": "成华区",
        "weight": 1
      }
    },
    {
      "type": "Feature",
      "geometry": {
        "type": "Point",
        "coordinates": [
          104.175119,
          30.692081
        ]
      },
      "properties": {
        "name": "西南财经大学天府学院成都西区",
        "category": "edu",
        "type": "科教文化服务;学校;高等院校",
        "district": "成华区",
        "weight": 1
      }
    },
    {
      "type": "Feature",
      "geometry": {
        "type": "Point",
        "coordinates": [
          104.178733,
          30.691722
        ]
      },
      "properties": {
        "name": "龙潭水乡-会议中心",
        "category": "edu",
        "type": "科教文化服务;会展中心;会展中心",
        "district": "成华区",
        "weight": 3
      }
    },
    {
      "type": "Feature",
      "geometry": {
        "type": "Point",
        "coordinates": [
          104.175495,
          30.695691
        ]
      },
      "properties": {
        "name": "成都新艺想画室",
        "category": "edu",
        "type": "科教文化服务;培训机构;培训机构",
        "district": "成华区",
        "weight": 1
      }
    },
    {
      "type": "Feature",
      "geometry": {
        "type": "Point",
        "coordinates": [
          104.18083,
          30.697665
        ]
      },
      "properties": {
        "name": "成都博奥思企业管理咨询有限公司",
        "category": "edu",
        "type": "科教文化服务;培训机构;培训机构",
        "district": "成华区",
        "weight": 1
      }
    },
    {
      "type": "Feature",
      "geometry": {
        "type": "Point",
        "coordinates": [
          103.96511,
          30.681309
        ]
      },
      "properties": {
        "name": "七巧板教育",
        "category": "edu",
        "type": "科教文化服务;培训机构;培训机构",
        "district": "青羊区",
        "weight": 1
      }
    },
    {
      "type": "Feature",
      "geometry": {
        "type": "Point",
        "coordinates": [
          103.97442,
          30.68272
        ]
      },
      "properties": {
        "name": "七彩艺术馆",
        "category": "edu",
        "type": "科教文化服务;美术馆;美术馆",
        "district": "青羊区",
        "weight": 2
      }
    },
    {
      "type": "Feature",
      "geometry": {
        "type": "Point",
        "coordinates": [
          103.98221,
          30.683516
        ]
      },
      "properties": {
        "name": "玉泉清波幼稚园",
        "category": "edu",
        "type": "科教文化服务;学校;幼儿园",
        "district": "青羊区",
        "weight": 1
      }
    },
    {
      "type": "Feature",
      "geometry": {
        "type": "Point",
        "coordinates": [
          103.981444,
          30.682203
        ]
      },
      "properties": {
        "name": "琴筝艺术(清波校区)",
        "category": "edu",
        "type": "科教文化服务;培训机构;培训机构",
        "district": "青羊区",
        "weight": 1
      }
    },
    {
      "type": "Feature",
      "geometry": {
        "type": "Point",
        "coordinates": [
          103.983293,
          30.686491
        ]
      },
      "properties": {
        "name": "德智爱学习",
        "category": "edu",
        "type": "科教文化服务;培训机构;培训机构",
        "district": "青羊区",
        "weight": 1
      }
    },
    {
      "type": "Feature",
      "geometry": {
        "type": "Point",
        "coordinates": [
          103.982202,
          30.680355
        ]
      },
      "properties": {
        "name": "大风车教育",
        "category": "edu",
        "type": "科教文化服务;培训机构;培训机构",
        "district": "青羊区",
        "weight": 2
      }
    },
    {
      "type": "Feature",
      "geometry": {
        "type": "Point",
        "coordinates": [
          103.986209,
          30.680804
        ]
      },
      "properties": {
        "name": "声乐小主持",
        "category": "edu",
        "type": "科教文化服务;培训机构;培训机构",
        "district": "青羊区",
        "weight": 5
      }
    },
    {
      "type": "Feature",
      "geometry": {
        "type": "Point",
        "coordinates": [
          103.98463,
          30.680943
        ]
      },
      "properties": {
        "name": "琴筝艺术",
        "category": "edu",
        "type": "科教文化服务;美术馆;美术馆",
        "district": "青羊区",
        "weight": 5
      }
    },
    {
      "type": "Feature",
      "geometry": {
        "type": "Point",
        "coordinates": [
          103.987554,
          30.68573
        ]
      },
      "properties": {
        "name": "金沙小学(清波分校)",
        "category": "edu",
        "type": "科教文化服务;学校;小学",
        "district": "青羊区",
        "weight": 1
      }
    },
    {
      "type": "Feature",
      "geometry": {
        "type": "Point",
        "coordinates": [
          103.98813,
          30.688853
        ]
      },
      "properties": {
        "name": "清波红苹果幼儿园",
        "category": "edu",
        "type": "科教文化服务;学校;幼儿园",
        "district": "青羊区",
        "weight": 2
      }
    },
    {
      "type": "Feature",
      "geometry": {
        "type": "Point",
        "coordinates": [
          103.987996,
          30.683587
        ]
      },
      "properties": {
        "name": "成都贝尔童画幼儿园",
        "category": "edu",
        "type": "科教文化服务;学校;幼儿园",
        "district": "青羊区",
        "weight": 1
      }
    },
    {
      "type": "Feature",
      "geometry": {
        "type": "Point",
        "coordinates": [
          103.989453,
          30.685263
        ]
      },
      "properties": {
        "name": "廖记冒菜(蜀鑫店)",
        "category": "edu",
        "type": "科教文化服务;培训机构;培训机构",
        "district": "青羊区",
        "weight": 1
      }
    },
    {
      "type": "Feature",
      "geometry": {
        "type": "Point",
        "coordinates": [
          103.990597,
          30.685174
        ]
      },
      "properties": {
        "name": "成都星光艺术团(金沙合作校区)",
        "category": "edu",
        "type": "科教文化服务;文艺团体;文艺团体",
        "district": "青羊区",
        "weight": 1
      }
    },
    {
      "type": "Feature",
      "geometry": {
        "type": "Point",
        "coordinates": [
          103.989255,
          30.682761
        ]
      },
      "properties": {
        "name": "成都艺川文艺培训中心",
        "category": "edu",
        "type": "科教文化服务;培训机构;培训机构",
        "district": "青羊区",
        "weight": 1
      }
    },
    {
      "type": "Feature",
      "geometry": {
        "type": "Point",
        "coordinates": [
          103.996308,
          30.686104
        ]
      },
      "properties": {
        "name": "启恩教育",
        "category": "edu",
        "type": "科教文化服务;培训机构;培训机构",
        "district": "青羊区",
        "weight": 13
      }
    },
    {
      "type": "Feature",
      "geometry": {
        "type": "Point",
        "coordinates": [
          104.0007,
          30.684423
        ]
      },
      "properties": {
        "name": "四川广告人经济文化传播有限公司",
        "category": "edu",
        "type": "科教文化服务;科教文化场所;科教文化场所",
        "district": "青羊区",
        "weight": 1
      }
    },
    {
      "type": "Feature",
      "geometry": {
        "type": "Point",
        "coordinates": [
          103.9949,
          30.68257
        ]
      },
      "properties": {
        "name": "成都淇杰体育文化传播有限公司",
        "category": "edu",
        "type": "科教文化服务;科教文化场所;科教文化场所",
        "district": "青羊区",
        "weight": 1
      }
    },
    {
      "type": "Feature",
      "geometry": {
        "type": "Point",
        "coordinates": [
          103.999287,
          30.686796
        ]
      },
      "properties": {
        "name": "精锐教肓",
        "category": "edu",
        "type": "科教文化服务;科教文化场所;科教文化场所",
        "district": "青羊区",
        "weight": 5
      }
    },
    {
      "type": "Feature",
      "geometry": {
        "type": "Point",
        "coordinates": [
          103.99736,
          30.682342
        ]
      },
      "properties": {
        "name": "金沙小学",
        "category": "edu",
        "type": "科教文化服务;学校;小学",
        "district": "青羊区",
        "weight": 2
      }
    },
    {
      "type": "Feature",
      "geometry": {
        "type": "Point",
        "coordinates": [
          103.995781,
          30.680124
        ]
      },
      "properties": {
        "name": "筝悦会",
        "category": "edu",
        "type": "科教文化服务;培训机构;培训机构",
        "district": "青羊区",
        "weight": 7
      }
    },
    {
      "type": "Feature",
      "geometry": {
        "type": "Point",
        "coordinates": [
          103.998948,
          30.680516
        ]
      },
      "properties": {
        "name": "福禄培尔国际幼儿园",
        "category": "edu",
        "type": "科教文化服务;学校;幼儿园",
        "district": "青羊区",
        "weight": 1
      }
    },
    {
      "type": "Feature",
      "geometry": {
        "type": "Point",
        "coordinates": [
          104.00058,
          30.687841
        ]
      },
      "properties": {
        "name": "桂花树下",
        "category": "edu",
        "type": "科教文化服务;培训机构;培训机构",
        "district": "青羊区",
        "weight": 3
      }
    },
    {
      "type": "Feature",
      "geometry": {
        "type": "Point",
        "coordinates": [
          103.999166,
          30.681559
        ]
      },
      "properties": {
        "name": "金鹏双语幼儿园",
        "category": "edu",
        "type": "科教文化服务;学校;幼儿园",
        "district": "青羊区",
        "weight": 1
      }
    },
    {
      "type": "Feature",
      "geometry": {
        "type": "Point",
        "coordinates": [
          104.002912,
          30.681296
        ]
      },
      "properties": {
        "name": "妙笔书法学堂",
        "category": "edu",
        "type": "科教文化服务;培训机构;培训机构",
        "district": "青羊区",
        "weight": 1
      }
    },
    {
      "type": "Feature",
      "geometry": {
        "type": "Point",
        "coordinates": [
          104.001606,
          30.68298
        ]
      },
      "properties": {
        "name": "龙新教育(金阳路)",
        "category": "edu",
        "type": "科教文化服务;培训机构;培训机构",
        "district": "青羊区",
        "weight": 2
      }
    },
    {
      "type": "Feature",
      "geometry": {
        "type": "Point",
        "coordinates": [
          104.00341,
          30.68233
        ]
      },
      "properties": {
        "name": "七音教育",
        "category": "edu",
        "type": "科教文化服务;培训机构;培训机构",
        "district": "青羊区",
        "weight": 3
      }
    },
    {
      "type": "Feature",
      "geometry": {
        "type": "Point",
        "coordinates": [
          104.000908,
          30.685688
        ]
      },
      "properties": {
        "name": "风特英语",
        "category": "edu",
        "type": "科教文化服务;培训机构;培训机构",
        "district": "青羊区",
        "weight": 1
      }
    },
    {
      "type": "Feature",
      "geometry": {
        "type": "Point",
        "coordinates": [
          104.002027,
          30.679849
        ]
      },
      "properties": {
        "name": "莱斯特钢琴艺术中心",
        "category": "edu",
        "type": "科教文化服务;培训机构;培训机构",
        "district": "青羊区",
        "weight": 1
      }
    },
    {
      "type": "Feature",
      "geometry": {
        "type": "Point",
        "coordinates": [
          104.002428,
          30.68668
        ]
      },
      "properties": {
        "name": "四川广电",
        "category": "edu",
        "type": "科教文化服务;科教文化场所;科教文化场所",
        "district": "青羊区",
        "weight": 1
      }
    },
    {
      "type": "Feature",
      "geometry": {
        "type": "Point",
        "coordinates": [
          104.013431,
          30.682212
        ]
      },
      "properties": {
        "name": "美林教育",
        "category": "edu",
        "type": "科教文化服务;培训机构;培训机构",
        "district": "青羊区",
        "weight": 6
      }
    },
    {
      "type": "Feature",
      "geometry": {
        "type": "Point",
        "coordinates": [
          104.006899,
          30.683796
        ]
      },
      "properties": {
        "name": "成都善照禅净文化交流中心",
        "category": "edu",
        "type": "科教文化服务;科教文化场所;科教文化场所",
        "district": "青羊区",
        "weight": 2
      }
    },
    {
      "type": "Feature",
      "geometry": {
        "type": "Point",
        "coordinates": [
          104.006135,
          30.68286
        ]
      },
      "properties": {
        "name": "青羊区金沙街道文化活动中心",
        "category": "edu",
        "type": "科教文化服务;文化宫;文化宫",
        "district": "青羊区",
        "weight": 1
      }
    },
    {
      "type": "Feature",
      "geometry": {
        "type": "Point",
        "coordinates": [
          104.010305,
          30.684262
        ]
      },
      "properties": {
        "name": "金沙遗址博物馆",
        "category": "edu",
        "type": "科教文化服务;博物馆;博物馆",
        "district": "青羊区",
        "weight": 1
      }
    },
    {
      "type": "Feature",
      "geometry": {
        "type": "Point",
        "coordinates": [
          104.009262,
          30.681855
        ]
      },
      "properties": {
        "name": "金沙遗址博物馆(西南门)",
        "category": "edu",
        "type": "通行设施;临街院门;临街院门|科教文化服务;博物馆;博物馆",
        "district": "青羊区",
        "weight": 1
      }
    },
    {
      "type": "Feature",
      "geometry": {
        "type": "Point",
        "coordinates": [
          104.01314,
          30.685721
        ]
      },
      "properties": {
        "name": "金沙遗址博物馆(东北3门)",
        "category": "edu",
        "type": "科教文化服务;博物馆;博物馆|通行设施;临街院门;临街院门",
        "district": "金牛区",
        "weight": 1
      }
    },
    {
      "type": "Feature",
      "geometry": {
        "type": "Point",
        "coordinates": [
          104.005559,
          30.681614
        ]
      },
      "properties": {
        "name": "美国悦宝园早教中心",
        "category": "edu",
        "type": "科教文化服务;培训机构;培训机构",
        "district": "青羊区",
        "weight": 5
      }
    },
    {
      "type": "Feature",
      "geometry": {
        "type": "Point",
        "coordinates": [
          104.006769,
          30.680273
        ]
      },
      "properties": {
        "name": "金麦芽",
        "category": "edu",
        "type": "科教文化服务;科教文化场所;科教文化场所",
        "district": "青羊区",
        "weight": 8
      }
    },
    {
      "type": "Feature",
      "geometry": {
        "type": "Point",
        "coordinates": [
          104.010605,
          30.682116
        ]
      },
      "properties": {
        "name": "金沙遗址博物馆乌木林",
        "category": "edu",
        "type": "科教文化服务;科教文化场所;科教文化场所",
        "district": "青羊区",
        "weight": 1
      }
    },
    {
      "type": "Feature",
      "geometry": {
        "type": "Point",
        "coordinates": [
          104.006394,
          30.685903
        ]
      },
      "properties": {
        "name": "美亚蒙特梭利幼儿园(金泽路)",
        "category": "edu",
        "type": "科教文化服务;学校;幼儿园",
        "district": "青羊区",
        "weight": 1
      }
    },
    {
      "type": "Feature",
      "geometry": {
        "type": "Point",
        "coordinates": [
          104.005032,
          30.683786
        ]
      },
      "properties": {
        "name": "优优数学B区",
        "category": "edu",
        "type": "科教文化服务;科教文化场所;科教文化场所",
        "district": "青羊区",
        "weight": 2
      }
    },
    {
      "type": "Feature",
      "geometry": {
        "type": "Point",
        "coordinates": [
          104.013564,
          30.680075
        ]
      },
      "properties": {
        "name": "儿童画室梦的花园",
        "category": "edu",
        "type": "科教文化服务;科教文化场所;科教文化场所",
        "district": "青羊区",
        "weight": 4
      }
    },
    {
      "type": "Feature",
      "geometry": {
        "type": "Point",
        "coordinates": [
          104.020044,
          30.682084
        ]
      },
      "properties": {
        "name": "舞者·林舞蹈学校",
        "category": "edu",
        "type": "科教文化服务;培训机构;培训机构",
        "district": "青羊区",
        "weight": 8
      }
    },
    {
      "type": "Feature",
      "geometry": {
        "type": "Point",
        "coordinates": [
          104.022262,
          30.684648
        ]
      },
      "properties": {
        "name": "睿曦英才",
        "category": "edu",
        "type": "科教文化服务;培训机构;培训机构",
        "district": "青羊区",
        "weight": 1
      }
    },
    {
      "type": "Feature",
      "geometry": {
        "type": "Point",
        "coordinates": [
          104.021263,
          30.686059
        ]
      },
      "properties": {
        "name": "成都二十中(同育街)",
        "category": "edu",
        "type": "科教文化服务;学校;中学",
        "district": "金牛区",
        "weight": 1
      }
    },
    {
      "type": "Feature",
      "geometry": {
        "type": "Point",
        "coordinates": [
          104.018588,
          30.688863
        ]
      },
      "properties": {
        "name": "营门口小学校",
        "category": "edu",
        "type": "科教文化服务;学校;小学",
        "district": "金牛区",
        "weight": 1
      }
    },
    {
      "type": "Feature",
      "geometry": {
        "type": "Point",
        "coordinates": [
          104.018884,
          30.683727
        ]
      },
      "properties": {
        "name": "府南街道文体活动中心",
        "category": "edu",
        "type": "科教文化服务;科教文化场所;科教文化场所",
        "district": "青羊区",
        "weight": 2
      }
    },
    {
      "type": "Feature",
      "geometry": {
        "type": "Point",
        "coordinates": [
          104.014622,
          30.687716
        ]
      },
      "properties": {
        "name": "成都市金牛区社区教育学院",
        "category": "edu",
        "type": "科教文化服务;学校;学校",
        "district": "金牛区",
        "weight": 3
      }
    },
    {
      "type": "Feature",
      "geometry": {
        "type": "Point",
        "coordinates": [
          104.019683,
          30.679892
        ]
      },
      "properties": {
        "name": "金沙幼儿园",
        "category": "edu",
        "type": "科教文化服务;学校;幼儿园",
        "district": "青羊区",
        "weight": 1
      }
    },
    {
      "type": "Feature",
      "geometry": {
        "type": "Point",
        "coordinates": [
          104.015483,
          30.683482
        ]
      },
      "properties": {
        "name": "绿舟幼儿园",
        "category": "edu",
        "type": "科教文化服务;学校;幼儿园",
        "district": "青羊区",
        "weight": 1
      }
    },
    {
      "type": "Feature",
      "geometry": {
        "type": "Point",
        "coordinates": [
          104.019364,
          30.685772
        ]
      },
      "properties": {
        "name": "金牛区黄忠街道综合文体活动中心",
        "category": "edu",
        "type": "科教文化服务;文化宫;文化宫",
        "district": "金牛区",
        "weight": 1
      }
    },
    {
      "type": "Feature",
      "geometry": {
        "type": "Point",
        "coordinates": [
          104.016558,
          30.682197
        ]
      },
      "properties": {
        "name": "龙文教育(同盛路)",
        "category": "edu",
        "type": "科教文化服务;培训机构;培训机构",
        "district": "青羊区",
        "weight": 1
      }
    },
    {
      "type": "Feature",
      "geometry": {
        "type": "Point",
        "coordinates": [
          104.021386,
          30.680782
        ]
      },
      "properties": {
        "name": "帮你学",
        "category": "edu",
        "type": "科教文化服务;培训机构;培训机构",
        "district": "青羊区",
        "weight": 2
      }
    },
    {
      "type": "Feature",
      "geometry": {
        "type": "Point",
        "coordinates": [
          104.017458,
          30.681136
        ]
      },
      "properties": {
        "name": "知欣教育托管中心",
        "category": "edu",
        "type": "科教文化服务;培训机构;培训机构",
        "district": "青羊区",
        "weight": 1
      }
    },
    {
      "type": "Feature",
      "geometry": {
        "type": "Point",
        "coordinates": [
          104.015183,
          30.680837
        ]
      },
      "properties": {
        "name": "尚尚教育",
        "category": "edu",
        "type": "科教文化服务;培训机构;培训机构",
        "district": "青羊区",
        "weight": 1
      }
    },
    {
      "type": "Feature",
      "geometry": {
        "type": "Point",
        "coordinates": [
          104.015744,
          30.679387
        ]
      },
      "properties": {
        "name": "霖青教育",
        "category": "edu",
        "type": "科教文化服务;培训机构;培训机构",
        "district": "青羊区",
        "weight": 3
      }
    },
    {
      "type": "Feature",
      "geometry": {
        "type": "Point",
        "coordinates": [
          104.019877,
          30.688133
        ]
      },
      "properties": {
        "name": "优学教育(同兴北街)",
        "category": "edu",
        "type": "科教文化服务;培训机构;培训机构",
        "district": "金牛区",
        "weight": 2
      }
    },
    {
      "type": "Feature",
      "geometry": {
        "type": "Point",
        "coordinates": [
          104.01764,
          30.685597
        ]
      },
      "properties": {
        "name": "爱心贝贝幼儿园",
        "category": "edu",
        "type": "科教文化服务;科教文化场所;科教文化场所",
        "district": "青羊区",
        "weight": 2
      }
    },
    {
      "type": "Feature",
      "geometry": {
        "type": "Point",
        "coordinates": [
          104.031423,
          30.686843
        ]
      },
      "properties": {
        "name": "成都幼儿园玩具",
        "category": "edu",
        "type": "科教文化服务;科教文化场所;科教文化场所",
        "district": "金牛区",
        "weight": 5
      }
    },
    {
      "type": "Feature",
      "geometry": {
        "type": "Point",
        "coordinates": [
          104.031377,
          30.682601
        ]
      },
      "properties": {
        "name": "成都大成教育培训学校",
        "category": "edu",
        "type": "科教文化服务;培训机构;培训机构",
        "district": "金牛区",
        "weight": 5
      }
    },
    {
      "type": "Feature",
      "geometry": {
        "type": "Point",
        "coordinates": [
          104.029759,
          30.685336
        ]
      },
      "properties": {
        "name": "山海教育",
        "category": "edu",
        "type": "科教文化服务;培训机构;培训机构",
        "district": "金牛区",
        "weight": 19
      }
    },
    {
      "type": "Feature",
      "geometry": {
        "type": "Point",
        "coordinates": [
          104.025726,
          30.681779
        ]
      },
      "properties": {
        "name": "成都星秀舞蹈",
        "category": "edu",
        "type": "科教文化服务;培训机构;培训机构",
        "district": "青羊区",
        "weight": 3
      }
    },
    {
      "type": "Feature",
      "geometry": {
        "type": "Point",
        "coordinates": [
          104.027233,
          30.685106
        ]
      },
      "properties": {
        "name": "圣伽肚皮舞",
        "category": "edu",
        "type": "科教文化服务;培训机构;培训机构",
        "district": "金牛区",
        "weight": 14
      }
    },
    {
      "type": "Feature",
      "geometry": {
        "type": "Point",
        "coordinates": [
          104.029789,
          30.679488
        ]
      },
      "properties": {
        "name": "成都十八中",
        "category": "edu",
        "type": "科教文化服务;学校;中学",
        "district": "金牛区",
        "weight": 1
      }
    },
    {
      "type": "Feature",
      "geometry": {
        "type": "Point",
        "coordinates": [
          104.030701,
          30.688661
        ]
      },
      "properties": {
        "name": "奥林小学校",
        "category": "edu",
        "type": "科教文化服务;学校;小学",
        "district": "金牛区",
        "weight": 1
      }
    },
    {
      "type": "Feature",
      "geometry": {
        "type": "Point",
        "coordinates": [
          104.033284,
          30.685899
        ]
      },
      "properties": {
        "name": "星童幼稚园",
        "category": "edu",
        "type": "科教文化服务;学校;幼儿园",
        "district": "金牛区",
        "weight": 2
      }
    },
    {
      "type": "Feature",
      "geometry": {
        "type": "Point",
        "coordinates": [
          104.023922,
          30.680202
        ]
      },
      "properties": {
        "name": "成都峨眉山雪芽大酒店餐厅",
        "category": "edu",
        "type": "科教文化服务;会展中心;会展中心",
        "district": "青羊区",
        "weight": 1
      }
    },
    {
      "type": "Feature",
      "geometry": {
        "type": "Point",
        "coordinates": [
          104.027872,
          30.682114
        ]
      },
      "properties": {
        "name": "成都行知实验幼稚园",
        "category": "edu",
        "type": "科教文化服务;学校;幼儿园",
        "district": "青羊区",
        "weight": 1
      }
    },
    {
      "type": "Feature",
      "geometry": {
        "type": "Point",
        "coordinates": [
          104.032603,
          30.68341
        ]
      },
      "properties": {
        "name": "成都市金牛区机关第二幼儿园",
        "category": "edu",
        "type": "科教文化服务;学校;幼儿园",
        "district": "金牛区",
        "weight": 1
      }
    },
    {
      "type": "Feature",
      "geometry": {
        "type": "Point",
        "coordinates": [
          104.027768,
          30.680259
        ]
      },
      "properties": {
        "name": "金太阳幼稚园(清溪东路)",
        "category": "edu",
        "type": "科教文化服务;学校;幼儿园",
        "district": "青羊区",
        "weight": 1
      }
    },
    {
      "type": "Feature",
      "geometry": {
        "type": "Point",
        "coordinates": [
          104.02971,
          30.689456
        ]
      },
      "properties": {
        "name": "启蒙幼儿园(蜀营街)",
        "category": "edu",
        "type": "科教文化服务;学校;幼儿园",
        "district": "金牛区",
        "weight": 1
      }
    },
    {
      "type": "Feature",
      "geometry": {
        "type": "Point",
        "coordinates": [
          104.025609,
          30.67957
        ]
      },
      "properties": {
        "name": "婉艺舞蹈",
        "category": "edu",
        "type": "科教文化服务;培训机构;培训机构",
        "district": "青羊区",
        "weight": 8
      }
    },
    {
      "type": "Feature",
      "geometry": {
        "type": "Point",
        "coordinates": [
          104.026591,
          30.687163
        ]
      },
      "properties": {
        "name": "美生英语",
        "category": "edu",
        "type": "科教文化服务;培训机构;培训机构",
        "district": "金牛区",
        "weight": 9
      }
    },
    {
      "type": "Feature",
      "geometry": {
        "type": "Point",
        "coordinates": [
          104.024416,
          30.686135
        ]
      },
      "properties": {
        "name": "成都南山学校",
        "category": "edu",
        "type": "科教文化服务;科教文化场所;科教文化场所",
        "district": "金牛区",
        "weight": 2
      }
    },
    {
      "type": "Feature",
      "geometry": {
        "type": "Point",
        "coordinates": [
          104.028536,
          30.687056
        ]
      },
      "properties": {
        "name": "乘风驾校",
        "category": "edu",
        "type": "科教文化服务;培训机构;培训机构",
        "district": "金牛区",
        "weight": 2
      }
    },
    {
      "type": "Feature",
      "geometry": {
        "type": "Point",
        "coordinates": [
          104.033871,
          30.688911
        ]
      },
      "properties": {
        "name": "金翰教育",
        "category": "edu",
        "type": "科教文化服务;培训机构;培训机构",
        "district": "金牛区",
        "weight": 13
      }
    },
    {
      "type": "Feature",
      "geometry": {
        "type": "Point",
        "coordinates": [
          104.034469,
          30.678127
        ]
      },
      "properties": {
        "name": "托管班",
        "category": "edu",
        "type": "科教文化服务;培训机构;培训机构",
        "district": "金牛区",
        "weight": 53
      }
    },
    {
      "type": "Feature",
      "geometry": {
        "type": "Point",
        "coordinates": [
          104.031992,
          30.679587
        ]
      },
      "properties": {
        "name": "八达传播",
        "category": "edu",
        "type": "科教文化服务;科教文化场所;科教文化场所",
        "district": "金牛区",
        "weight": 1
      }
    },
    {
      "type": "Feature",
      "geometry": {
        "type": "Point",
        "coordinates": [
          104.028253,
          30.689099
        ]
      },
      "properties": {
        "name": "学霸堂",
        "category": "edu",
        "type": "科教文化服务;科教文化场所;科教文化场所",
        "district": "金牛区",
        "weight": 1
      }
    },
    {
      "type": "Feature",
      "geometry": {
        "type": "Point",
        "coordinates": [
          104.030061,
          30.682962
        ]
      },
      "properties": {
        "name": "北京音乐舞蹈学校选材基地",
        "category": "edu",
        "type": "科教文化服务;科教文化场所;科教文化场所",
        "district": "金牛区",
        "weight": 3
      }
    },
    {
      "type": "Feature",
      "geometry": {
        "type": "Point",
        "coordinates": [
          104.031626,
          30.6882
        ]
      },
      "properties": {
        "name": "诺尔教育",
        "category": "edu",
        "type": "科教文化服务;培训机构;培训机构",
        "district": "金牛区",
        "weight": 2
      }
    },
    {
      "type": "Feature",
      "geometry": {
        "type": "Point",
        "coordinates": [
          104.029926,
          30.683867
        ]
      },
      "properties": {
        "name": "成都福泽培训中心(西门校区)",
        "category": "edu",
        "type": "科教文化服务;培训机构;培训机构",
        "district": "金牛区",
        "weight": 1
      }
    },
    {
      "type": "Feature",
      "geometry": {
        "type": "Point",
        "coordinates": [
          104.041533,
          30.68491
        ]
      },
      "properties": {
        "name": "女刊编辑部",
        "category": "edu",
        "type": "科教文化服务;传媒机构;传媒机构",
        "district": "金牛区",
        "weight": 44
      }
    },
    {
      "type": "Feature",
      "geometry": {
        "type": "Point",
        "coordinates": [
          104.037038,
          30.685846
        ]
      },
      "properties": {
        "name": "新思维家长及未成年人学校",
        "category": "edu",
        "type": "科教文化服务;学校;学校",
        "district": "金牛区",
        "weight": 2
      }
    },
    {
      "type": "Feature",
      "geometry": {
        "type": "Point",
        "coordinates": [
          104.036164,
          30.682007
        ]
      },
      "properties": {
        "name": "金琴路小学",
        "category": "edu",
        "type": "科教文化服务;学校;小学",
        "district": "金牛区",
        "weight": 1
      }
    },
    {
      "type": "Feature",
      "geometry": {
        "type": "Point",
        "coordinates": [
          104.03962,
          30.687097
        ]
      },
      "properties": {
        "name": "上海交大成都昂立外语学校",
        "category": "edu",
        "type": "科教文化服务;学校;学校",
        "district": "金牛区",
        "weight": 1
      }
    },
    {
      "type": "Feature",
      "geometry": {
        "type": "Point",
        "coordinates": [
          104.038495,
          30.689287
        ]
      },
      "properties": {
        "name": "电脑商情报",
        "category": "edu",
        "type": "科教文化服务;传媒机构;报社",
        "district": "金牛区",
        "weight": 3
      }
    },
    {
      "type": "Feature",
      "geometry": {
        "type": "Point",
        "coordinates": [
          104.04279,
          30.688171
        ]
      },
      "properties": {
        "name": "金蕾幼儿园(光荣北路)",
        "category": "edu",
        "type": "科教文化服务;学校;幼儿园",
        "district": "金牛区",
        "weight": 1
      }
    },
    {
      "type": "Feature",
      "geometry": {
        "type": "Point",
        "coordinates": [
          104.040627,
          30.681168
        ]
      },
      "properties": {
        "name": "成都市白蚁防治研究所(一环路西三段)",
        "category": "edu",
        "type": "科教文化服务;科研机构;科研机构",
        "district": "金牛区",
        "weight": 1
      }
    },
    {
      "type": "Feature",
      "geometry": {
        "type": "Point",
        "coordinates": [
          104.038449,
          30.681435
        ]
      },
      "properties": {
        "name": "民进育才幼儿园",
        "category": "edu",
        "type": "科教文化服务;学校;幼儿园",
        "district": "金牛区",
        "weight": 1
      }
    },
    {
      "type": "Feature",
      "geometry": {
        "type": "Point",
        "coordinates": [
          104.038621,
          30.687893
        ]
      },
      "properties": {
        "name": "消费质量报",
        "category": "edu",
        "type": "科教文化服务;传媒机构;报社",
        "district": "金牛区",
        "weight": 5
      }
    },
    {
      "type": "Feature",
      "geometry": {
        "type": "Point",
        "coordinates": [
          104.03687,
          30.684885
        ]
      },
      "properties": {
        "name": "Linda肚皮舞家庭舞蹈室",
        "category": "edu",
        "type": "科教文化服务;培训机构;培训机构",
        "district": "金牛区",
        "weight": 1
      }
    },
    {
      "type": "Feature",
      "geometry": {
        "type": "Point",
        "coordinates": [
          104.045364,
          30.682502
        ]
      },
      "properties": {
        "name": "博瑞传播",
        "category": "edu",
        "type": "科教文化服务;传媒机构;传媒机构",
        "district": "金牛区",
        "weight": 16
      }
    },
    {
      "type": "Feature",
      "geometry": {
        "type": "Point",
        "coordinates": [
          104.04786,
          30.687024
        ]
      },
      "properties": {
        "name": "成都墨宴文化传播有限公司",
        "category": "edu",
        "type": "科教文化服务;科教文化场所;科教文化场所",
        "district": "金牛区",
        "weight": 2
      }
    },
    {
      "type": "Feature",
      "geometry": {
        "type": "Point",
        "coordinates": [
          104.04633,
          30.685734
        ]
      },
      "properties": {
        "name": "国学良师堂",
        "category": "edu",
        "type": "科教文化服务;科教文化场所;科教文化场所",
        "district": "金牛区",
        "weight": 7
      }
    },
    {
      "type": "Feature",
      "geometry": {
        "type": "Point",
        "coordinates": [
          104.046345,
          30.679486
        ]
      },
      "properties": {
        "name": "四川当代美术馆",
        "category": "edu",
        "type": "科教文化服务;美术馆;美术馆",
        "district": "金牛区",
        "weight": 12
      }
    },
    {
      "type": "Feature",
      "geometry": {
        "type": "Point",
        "coordinates": [
          104.04563,
          30.687122
        ]
      },
      "properties": {
        "name": "成都市特殊教育学校",
        "category": "edu",
        "type": "科教文化服务;学校;学校",
        "district": "金牛区",
        "weight": 2
      }
    },
    {
      "type": "Feature",
      "geometry": {
        "type": "Point",
        "coordinates": [
          104.04811,
          30.689039
        ]
      },
      "properties": {
        "name": "真善美幼儿园(光荣北路)",
        "category": "edu",
        "type": "科教文化服务;学校;幼儿园",
        "district": "金牛区",
        "weight": 1
      }
    },
    {
      "type": "Feature",
      "geometry": {
        "type": "Point",
        "coordinates": [
          104.0468,
          30.682655
        ]
      },
      "properties": {
        "name": "四川省成都市财贸职业高级中学(南薰巷)",
        "category": "edu",
        "type": "科教文化服务;学校;中学",
        "district": "金牛区",
        "weight": 1
      }
    },
    {
      "type": "Feature",
      "geometry": {
        "type": "Point",
        "coordinates": [
          104.05284,
          30.681404
        ]
      },
      "properties": {
        "name": "英集教育",
        "category": "edu",
        "type": "科教文化服务;培训机构;培训机构",
        "district": "金牛区",
        "weight": 14
      }
    },
    {
      "type": "Feature",
      "geometry": {
        "type": "Point",
        "coordinates": [
          104.045421,
          30.684804
        ]
      },
      "properties": {
        "name": "丹秋·名师堂学校(花牌坊公寓北)",
        "category": "edu",
        "type": "科教文化服务;培训机构;培训机构",
        "district": "金牛区",
        "weight": 1
      }
    },
    {
      "type": "Feature",
      "geometry": {
        "type": "Point",
        "coordinates": [
          104.05069,
          30.682561
        ]
      },
      "properties": {
        "name": "锦西花园酒店-会议厅",
        "category": "edu",
        "type": "科教文化服务;会展中心;会展中心",
        "district": "金牛区",
        "weight": 1
      }
    },
    {
      "type": "Feature",
      "geometry": {
        "type": "Point",
        "coordinates": [
          104.049083,
          30.681803
        ]
      },
      "properties": {
        "name": "花蕊幼儿园(马河湾13号院南)",
        "category": "edu",
        "type": "科教文化服务;学校;幼儿园",
        "district": "金牛区",
        "weight": 1
      }
    },
    {
      "type": "Feature",
      "geometry": {
        "type": "Point",
        "coordinates": [
          104.045924,
          30.688988
        ]
      },
      "properties": {
        "name": "光荣英杰幼儿园",
        "category": "edu",
        "type": "科教文化服务;学校;幼儿园",
        "district": "金牛区",
        "weight": 1
      }
    },
    {
      "type": "Feature",
      "geometry": {
        "type": "Point",
        "coordinates": [
          104.053411,
          30.683218
        ]
      },
      "properties": {
        "name": "明日之星艺体培训",
        "category": "edu",
        "type": "科教文化服务;培训机构;培训机构",
        "district": "金牛区",
        "weight": 3
      }
    },
    {
      "type": "Feature",
      "geometry": {
        "type": "Point",
        "coordinates": [
          104.053524,
          30.686589
        ]
      },
      "properties": {
        "name": "成都市通锦中学校",
        "category": "edu",
        "type": "科教文化服务;学校;中学",
        "district": "金牛区",
        "weight": 4
      }
    },
    {
      "type": "Feature",
      "geometry": {
        "type": "Point",
        "coordinates": [
          104.05167,
          30.679481
        ]
      },
      "properties": {
        "name": "爱阳教育学校",
        "category": "edu",
        "type": "科教文化服务;培训机构;培训机构",
        "district": "金牛区",
        "weight": 1
      }
    },
    {
      "type": "Feature",
      "geometry": {
        "type": "Point",
        "coordinates": [
          104.046974,
          30.688961
        ]
      },
      "properties": {
        "name": "蓝色摇篮钢琴培训",
        "category": "edu",
        "type": "科教文化服务;培训机构;培训机构",
        "district": "金牛区",
        "weight": 1
      }
    },
    {
      "type": "Feature",
      "geometry": {
        "type": "Point",
        "coordinates": [
          104.062179,
          30.68337
        ]
      },
      "properties": {
        "name": "通锦桥路社区文化活动室",
        "category": "edu",
        "type": "科教文化服务;文化宫;文化宫",
        "district": "青羊区",
        "weight": 1
      }
    },
    {
      "type": "Feature",
      "geometry": {
        "type": "Point",
        "coordinates": [
          104.056497,
          30.683546
        ]
      },
      "properties": {
        "name": "青羊体校办公室",
        "category": "edu",
        "type": "科教文化服务;学校;学校",
        "district": "金牛区",
        "weight": 20
      }
    },
    {
      "type": "Feature",
      "geometry": {
        "type": "Point",
        "coordinates": [
          104.055917,
          30.681505
        ]
      },
      "properties": {
        "name": "圣心幼儿园",
        "category": "edu",
        "type": "科教文化服务;学校;幼儿园",
        "district": "金牛区",
        "weight": 2
      }
    },
    {
      "type": "Feature",
      "geometry": {
        "type": "Point",
        "coordinates": [
          104.057492,
          30.68224
        ]
      },
      "properties": {
        "name": "西体路小学",
        "category": "edu",
        "type": "科教文化服务;学校;小学",
        "district": "金牛区",
        "weight": 1
      }
    },
    {
      "type": "Feature",
      "geometry": {
        "type": "Point",
        "coordinates": [
          104.055512,
          30.6798
        ]
      },
      "properties": {
        "name": "四川经济日报社",
        "category": "edu",
        "type": "科教文化服务;传媒机构;报社",
        "district": "青羊区",
        "weight": 2
      }
    },
    {
      "type": "Feature",
      "geometry": {
        "type": "Point",
        "coordinates": [
          104.055712,
          30.682632
        ]
      },
      "properties": {
        "name": "天赋画室",
        "category": "edu",
        "type": "科教文化服务;培训机构;培训机构",
        "district": "金牛区",
        "weight": 5
      }
    },
    {
      "type": "Feature",
      "geometry": {
        "type": "Point",
        "coordinates": [
          104.059092,
          30.688659
        ]
      },
      "properties": {
        "name": "西南肛肠疾病研究中心",
        "category": "edu",
        "type": "科教文化服务;科研机构;科研机构",
        "district": "金牛区",
        "weight": 4
      }
    },
    {
      "type": "Feature",
      "geometry": {
        "type": "Point",
        "coordinates": [
          104.063669,
          30.684836
        ]
      },
      "properties": {
        "name": "起跑点学校",
        "category": "edu",
        "type": "科教文化服务;培训机构;培训机构",
        "district": "金牛区",
        "weight": 7
      }
    },
    {
      "type": "Feature",
      "geometry": {
        "type": "Point",
        "coordinates": [
          104.05848,
          30.683781
        ]
      },
      "properties": {
        "name": "成都京研类风湿研究院",
        "category": "edu",
        "type": "科教文化服务;科研机构;科研机构",
        "district": "金牛区",
        "weight": 3
      }
    },
    {
      "type": "Feature",
      "geometry": {
        "type": "Point",
        "coordinates": [
          104.056632,
          30.68606
        ]
      },
      "properties": {
        "name": "成都市第十六幼儿园",
        "category": "edu",
        "type": "科教文化服务;学校;幼儿园",
        "district": "金牛区",
        "weight": 1
      }
    },
    {
      "type": "Feature",
      "geometry": {
        "type": "Point",
        "coordinates": [
          104.061606,
          30.689045
        ]
      },
      "properties": {
        "name": "贝贝幼儿园(一环路北二段)",
        "category": "edu",
        "type": "科教文化服务;学校;幼儿园",
        "district": "金牛区",
        "weight": 1
      }
    },
    {
      "type": "Feature",
      "geometry": {
        "type": "Point",
        "coordinates": [
          104.054701,
          30.684338
        ]
      },
      "properties": {
        "name": "铁道部第二勘测设计院",
        "category": "edu",
        "type": "科教文化服务;科研机构;科研机构",
        "district": "金牛区",
        "weight": 1
      }
    },
    {
      "type": "Feature",
      "geometry": {
        "type": "Point",
        "coordinates": [
          104.057139,
          30.688536
        ]
      },
      "properties": {
        "name": "西南结石病研究院",
        "category": "edu",
        "type": "科教文化服务;科研机构;科研机构",
        "district": "金牛区",
        "weight": 6
      }
    },
    {
      "type": "Feature",
      "geometry": {
        "type": "Point",
        "coordinates": [
          104.061197,
          30.687961
        ]
      },
      "properties": {
        "name": "众星国际舞蹈培训",
        "category": "edu",
        "type": "科教文化服务;培训机构;培训机构",
        "district": "金牛区",
        "weight": 2
      }
    },
    {
      "type": "Feature",
      "geometry": {
        "type": "Point",
        "coordinates": [
          104.055555,
          30.688248
        ]
      },
      "properties": {
        "name": "龙文教育(西北桥校区)",
        "category": "edu",
        "type": "科教文化服务;培训机构;培训机构",
        "district": "金牛区",
        "weight": 1
      }
    },
    {
      "type": "Feature",
      "geometry": {
        "type": "Point",
        "coordinates": [
          104.055441,
          30.685685
        ]
      },
      "properties": {
        "name": "中国中铁二院档案馆",
        "category": "edu",
        "type": "科教文化服务;档案馆;档案馆",
        "district": "金牛区",
        "weight": 3
      }
    },
    {
      "type": "Feature",
      "geometry": {
        "type": "Point",
        "coordinates": [
          104.07029,
          30.682566
        ]
      },
      "properties": {
        "name": "嘉和传播",
        "category": "edu",
        "type": "科教文化服务;科教文化场所;科教文化场所",
        "district": "金牛区",
        "weight": 8
      }
    },
    {
      "type": "Feature",
      "geometry": {
        "type": "Point",
        "coordinates": [
          104.073355,
          30.683812
        ]
      },
      "properties": {
        "name": "四川蓝狐文化传播有限公司",
        "category": "edu",
        "type": "科教文化服务;科教文化场所;科教文化场所",
        "district": "金牛区",
        "weight": 1
      }
    },
    {
      "type": "Feature",
      "geometry": {
        "type": "Point",
        "coordinates": [
          104.064872,
          30.687367
        ]
      },
      "properties": {
        "name": "成都铁中",
        "category": "edu",
        "type": "科教文化服务;学校;中学",
        "district": "金牛区",
        "weight": 1
      }
    },
    {
      "type": "Feature",
      "geometry": {
        "type": "Point",
        "coordinates": [
          104.068199,
          30.679394
        ]
      },
      "properties": {
        "name": "索菲斯锦苑宾馆-会议厅",
        "category": "edu",
        "type": "科教文化服务;会展中心;会展中心",
        "district": "青羊区",
        "weight": 1
      }
    },
    {
      "type": "Feature",
      "geometry": {
        "type": "Point",
        "coordinates": [
          104.067635,
          30.684779
        ]
      },
      "properties": {
        "name": "望子成龙学校(立体大厦)",
        "category": "edu",
        "type": "科教文化服务;学校;学校",
        "district": "金牛区",
        "weight": 1
      }
    },
    {
      "type": "Feature",
      "geometry": {
        "type": "Point",
        "coordinates": [
          104.071523,
          30.684387
        ]
      },
      "properties": {
        "name": "比非教育",
        "category": "edu",
        "type": "科教文化服务;培训机构;培训机构",
        "district": "金牛区",
        "weight": 10
      }
    },
    {
      "type": "Feature",
      "geometry": {
        "type": "Point",
        "coordinates": [
          104.069344,
          30.684466
        ]
      },
      "properties": {
        "name": "甲拉书院",
        "category": "edu",
        "type": "科教文化服务;培训机构;培训机构",
        "district": "金牛区",
        "weight": 2
      }
    },
    {
      "type": "Feature",
      "geometry": {
        "type": "Point",
        "coordinates": [
          104.066933,
          30.687408
        ]
      },
      "properties": {
        "name": "振动实验室",
        "category": "edu",
        "type": "科教文化服务;科研机构;科研机构",
        "district": "金牛区",
        "weight": 1
      }
    },
    {
      "type": "Feature",
      "geometry": {
        "type": "Point",
        "coordinates": [
          104.070809,
          30.686915
        ]
      },
      "properties": {
        "name": "国土资源资料馆",
        "category": "edu",
        "type": "科教文化服务;科教文化场所;科教文化场所",
        "district": "金牛区",
        "weight": 5
      }
    },
    {
      "type": "Feature",
      "geometry": {
        "type": "Point",
        "coordinates": [
          104.066643,
          30.68345
        ]
      },
      "properties": {
        "name": "蜀通岩土工程公司地理信息测绘院",
        "category": "edu",
        "type": "科教文化服务;科研机构;科研机构",
        "district": "金牛区",
        "weight": 2
      }
    },
    {
      "type": "Feature",
      "geometry": {
        "type": "Point",
        "coordinates": [
          104.074419,
          30.680099
        ]
      },
      "properties": {
        "name": "航天广电",
        "category": "edu",
        "type": "科教文化服务;科教文化场所;科教文化场所",
        "district": "金牛区",
        "weight": 10
      }
    },
    {
      "type": "Feature",
      "geometry": {
        "type": "Point",
        "coordinates": [
          104.079749,
          30.681033
        ]
      },
      "properties": {
        "name": "张家巷小学",
        "category": "edu",
        "type": "科教文化服务;学校;小学",
        "district": "金牛区",
        "weight": 5
      }
    },
    {
      "type": "Feature",
      "geometry": {
        "type": "Point",
        "coordinates": [
          104.083181,
          30.683242
        ]
      },
      "properties": {
        "name": "戴氏精品堂(恒德路)",
        "category": "edu",
        "type": "科教文化服务;培训机构;培训机构",
        "district": "金牛区",
        "weight": 3
      }
    },
    {
      "type": "Feature",
      "geometry": {
        "type": "Point",
        "coordinates": [
          104.081598,
          30.685463
        ]
      },
      "properties": {
        "name": "九果教育",
        "category": "edu",
        "type": "科教文化服务;培训机构;培训机构",
        "district": "金牛区",
        "weight": 5
      }
    },
    {
      "type": "Feature",
      "geometry": {
        "type": "Point",
        "coordinates": [
          104.076059,
          30.682388
        ]
      },
      "properties": {
        "name": "成都鑫禹辰文化传播有限公司",
        "category": "edu",
        "type": "科教文化服务;科教文化场所;科教文化场所",
        "district": "金牛区",
        "weight": 1
      }
    },
    {
      "type": "Feature",
      "geometry": {
        "type": "Point",
        "coordinates": [
          104.077544,
          30.68579
        ]
      },
      "properties": {
        "name": "成都市第八中学",
        "category": "edu",
        "type": "科教文化服务;学校;中学",
        "district": "金牛区",
        "weight": 5
      }
    },
    {
      "type": "Feature",
      "geometry": {
        "type": "Point",
        "coordinates": [
          104.075527,
          30.68504
        ]
      },
      "properties": {
        "name": "智能公共广播",
        "category": "edu",
        "type": "科教文化服务;科教文化场所;科教文化场所",
        "district": "金牛区",
        "weight": 7
      }
    },
    {
      "type": "Feature",
      "geometry": {
        "type": "Point",
        "coordinates": [
          104.080607,
          30.684492
        ]
      },
      "properties": {
        "name": "一刘画室",
        "category": "edu",
        "type": "科教文化服务;培训机构;培训机构",
        "district": "金牛区",
        "weight": 16
      }
    },
    {
      "type": "Feature",
      "geometry": {
        "type": "Point",
        "coordinates": [
          104.076932,
          30.680571
        ]
      },
      "properties": {
        "name": "钢管杂志社",
        "category": "edu",
        "type": "科教文化服务;传媒机构;杂志社",
        "district": "金牛区",
        "weight": 3
      }
    },
    {
      "type": "Feature",
      "geometry": {
        "type": "Point",
        "coordinates": [
          104.081775,
          30.680196
        ]
      },
      "properties": {
        "name": "四川省建材行业技术中心",
        "category": "edu",
        "type": "科教文化服务;科教文化场所;科教文化场所",
        "district": "金牛区",
        "weight": 6
      }
    },
    {
      "type": "Feature",
      "geometry": {
        "type": "Point",
        "coordinates": [
          104.080041,
          30.683308
        ]
      },
      "properties": {
        "name": "克里姆林宫会议中心",
        "category": "edu",
        "type": "科教文化服务;会展中心;会展中心",
        "district": "金牛区",
        "weight": 1
      }
    },
    {
      "type": "Feature",
      "geometry": {
        "type": "Point",
        "coordinates": [
          104.074263,
          30.683097
        ]
      },
      "properties": {
        "name": "专业话筒",
        "category": "edu",
        "type": "科教文化服务;科教文化场所;科教文化场所",
        "district": "金牛区",
        "weight": 1
      }
    },
    {
      "type": "Feature",
      "geometry": {
        "type": "Point",
        "coordinates": [
          104.078878,
          30.683626
        ]
      },
      "properties": {
        "name": "绿岛教育",
        "category": "edu",
        "type": "科教文化服务;培训机构;培训机构",
        "district": "金牛区",
        "weight": 1
      }
    },
    {
      "type": "Feature",
      "geometry": {
        "type": "Point",
        "coordinates": [
          104.079457,
          30.687612
        ]
      },
      "properties": {
        "name": "课外辅导中心",
        "category": "edu",
        "type": "科教文化服务;培训机构;培训机构",
        "district": "金牛区",
        "weight": 1
      }
    },
    {
      "type": "Feature",
      "geometry": {
        "type": "Point",
        "coordinates": [
          104.076607,
          30.688229
        ]
      },
      "properties": {
        "name": "四川省建科院经适房",
        "category": "edu",
        "type": "科教文化服务;科教文化场所;科教文化场所",
        "district": "金牛区",
        "weight": 1
      }
    },
    {
      "type": "Feature",
      "geometry": {
        "type": "Point",
        "coordinates": [
          104.086591,
          30.682889
        ]
      },
      "properties": {
        "name": "艺海画室(三友路)",
        "category": "edu",
        "type": "科教文化服务;培训机构;培训机构",
        "district": "金牛区",
        "weight": 3
      }
    },
    {
      "type": "Feature",
      "geometry": {
        "type": "Point",
        "coordinates": [
          104.089693,
          30.681368
        ]
      },
      "properties": {
        "name": "成都言意文化传播有限公司",
        "category": "edu",
        "type": "科教文化服务;科教文化场所;科教文化场所",
        "district": "成华区",
        "weight": 2
      }
    },
    {
      "type": "Feature",
      "geometry": {
        "type": "Point",
        "coordinates": [
          104.092187,
          30.681605
        ]
      },
      "properties": {
        "name": "金色雨林",
        "category": "edu",
        "type": "科教文化服务;培训机构;培训机构",
        "district": "成华区",
        "weight": 7
      }
    },
    {
      "type": "Feature",
      "geometry": {
        "type": "Point",
        "coordinates": [
          104.091171,
          30.686864
        ]
      },
      "properties": {
        "name": "美声琴行",
        "category": "edu",
        "type": "科教文化服务;培训机构;培训机构",
        "district": "成华区",
        "weight": 8
      }
    },
    {
      "type": "Feature",
      "geometry": {
        "type": "Point",
        "coordinates": [
          104.088794,
          30.685635
        ]
      },
      "properties": {
        "name": "成都大学附属中学",
        "category": "edu",
        "type": "科教文化服务;学校;中学",
        "district": "成华区",
        "weight": 4
      }
    },
    {
      "type": "Feature",
      "geometry": {
        "type": "Point",
        "coordinates": [
          104.088378,
          30.679871
        ]
      },
      "properties": {
        "name": "马鞍小学",
        "category": "edu",
        "type": "科教文化服务;学校;小学",
        "district": "金牛区",
        "weight": 2
      }
    },
    {
      "type": "Feature",
      "geometry": {
        "type": "Point",
        "coordinates": [
          104.086605,
          30.687238
        ]
      },
      "properties": {
        "name": "中房第一幼儿园",
        "category": "edu",
        "type": "科教文化服务;学校;幼儿园",
        "district": "金牛区",
        "weight": 3
      }
    },
    {
      "type": "Feature",
      "geometry": {
        "type": "Point",
        "coordinates": [
          104.083534,
          30.686659
        ]
      },
      "properties": {
        "name": "成都市驷马桥幼儿园",
        "category": "edu",
        "type": "科教文化服务;学校;幼儿园",
        "district": "金牛区",
        "weight": 1
      }
    },
    {
      "type": "Feature",
      "geometry": {
        "type": "Point",
        "coordinates": [
          104.084024,
          30.687723
        ]
      },
      "properties": {
        "name": "启智蓝光幼儿园",
        "category": "edu",
        "type": "科教文化服务;学校;幼儿园",
        "district": "金牛区",
        "weight": 1
      }
    },
    {
      "type": "Feature",
      "geometry": {
        "type": "Point",
        "coordinates": [
          104.084013,
          30.683974
        ]
      },
      "properties": {
        "name": "知学堂",
        "category": "edu",
        "type": "科教文化服务;培训机构;培训机构",
        "district": "金牛区",
        "weight": 2
      }
    },
    {
      "type": "Feature",
      "geometry": {
        "type": "Point",
        "coordinates": [
          104.08677,
          30.68152
        ]
      },
      "properties": {
        "name": "西南油气分公司勘察开发研究院",
        "category": "edu",
        "type": "科教文化服务;科研机构;科研机构",
        "district": "金牛区",
        "weight": 2
      }
    },
    {
      "type": "Feature",
      "geometry": {
        "type": "Point",
        "coordinates": [
          104.089854,
          30.685843
        ]
      },
      "properties": {
        "name": "成都市勘查院",
        "category": "edu",
        "type": "科教文化服务;科教文化场所;科教文化场所",
        "district": "成华区",
        "weight": 1
      }
    },
    {
      "type": "Feature",
      "geometry": {
        "type": "Point",
        "coordinates": [
          104.08594,
          30.679571
        ]
      },
      "properties": {
        "name": "依贝儿幼儿园",
        "category": "edu",
        "type": "科教文化服务;学校;幼儿园",
        "district": "金牛区",
        "weight": 1
      }
    },
    {
      "type": "Feature",
      "geometry": {
        "type": "Point",
        "coordinates": [
          104.084033,
          30.68929
        ]
      },
      "properties": {
        "name": "甘露幼儿园",
        "category": "edu",
        "type": "科教文化服务;学校;幼儿园",
        "district": "金牛区",
        "weight": 1
      }
    },
    {
      "type": "Feature",
      "geometry": {
        "type": "Point",
        "coordinates": [
          104.084958,
          30.680581
        ]
      },
      "properties": {
        "name": "老孙师画室",
        "category": "edu",
        "type": "科教文化服务;培训机构;培训机构",
        "district": "金牛区",
        "weight": 5
      }
    },
    {
      "type": "Feature",
      "geometry": {
        "type": "Point",
        "coordinates": [
          104.089213,
          30.686912
        ]
      },
      "properties": {
        "name": "新方舟学校",
        "category": "edu",
        "type": "科教文化服务;培训机构;培训机构",
        "district": "金牛区",
        "weight": 3
      }
    },
    {
      "type": "Feature",
      "geometry": {
        "type": "Point",
        "coordinates": [
          104.0918,
          30.68027
        ]
      },
      "properties": {
        "name": "艺海星少儿培训中心",
        "category": "edu",
        "type": "科教文化服务;培训机构;培训机构",
        "district": "成华区",
        "weight": 5
      }
    },
    {
      "type": "Feature",
      "geometry": {
        "type": "Point",
        "coordinates": [
          104.088348,
          30.687552
        ]
      },
      "properties": {
        "name": "快乐小提琴",
        "category": "edu",
        "type": "科教文化服务;培训机构;培训机构",
        "district": "金牛区",
        "weight": 1
      }
    },
    {
      "type": "Feature",
      "geometry": {
        "type": "Point",
        "coordinates": [
          104.091254,
          30.68419
        ]
      },
      "properties": {
        "name": "小书童教育(李家沱学习中心)",
        "category": "edu",
        "type": "科教文化服务;培训机构;培训机构",
        "district": "成华区",
        "weight": 1
      }
    },
    {
      "type": "Feature",
      "geometry": {
        "type": "Point",
        "coordinates": [
          104.101535,
          30.683616
        ]
      },
      "properties": {
        "name": "爱阳教育",
        "category": "edu",
        "type": "科教文化服务;培训机构;培训机构",
        "district": "成华区",
        "weight": 11
      }
    },
    {
      "type": "Feature",
      "geometry": {
        "type": "Point",
        "coordinates": [
          104.095236,
          30.682085
        ]
      },
      "properties": {
        "name": "成华区档案馆",
        "category": "edu",
        "type": "科教文化服务;档案馆;档案馆",
        "district": "成华区",
        "weight": 1
      }
    },
    {
      "type": "Feature",
      "geometry": {
        "type": "Point",
        "coordinates": [
          104.098568,
          30.684565
        ]
      },
      "properties": {
        "name": "品智教育",
        "category": "edu",
        "type": "科教文化服务;培训机构;培训机构",
        "district": "成华区",
        "weight": 21
      }
    },
    {
      "type": "Feature",
      "geometry": {
        "type": "Point",
        "coordinates": [
          104.099409,
          30.681254
        ]
      },
      "properties": {
        "name": "电子科技大学实验幼儿园",
        "category": "edu",
        "type": "科教文化服务;学校;幼儿园",
        "district": "成华区",
        "weight": 1
      }
    },
    {
      "type": "Feature",
      "geometry": {
        "type": "Point",
        "coordinates": [
          104.103448,
          30.686787
        ]
      },
      "properties": {
        "name": "格林春天浅水半岛幼儿园",
        "category": "edu",
        "type": "科教文化服务;学校;幼儿园",
        "district": "成华区",
        "weight": 1
      }
    },
    {
      "type": "Feature",
      "geometry": {
        "type": "Point",
        "coordinates": [
          104.094434,
          30.680935
        ]
      },
      "properties": {
        "name": "圣灯中心小学校",
        "category": "edu",
        "type": "科教文化服务;学校;小学",
        "district": "成华区",
        "weight": 3
      }
    },
    {
      "type": "Feature",
      "geometry": {
        "type": "Point",
        "coordinates": [
          104.098213,
          30.68688
        ]
      },
      "properties": {
        "name": "电子科技大学附属实验小学蓝水湾校区",
        "category": "edu",
        "type": "科教文化服务;学校;小学",
        "district": "成华区",
        "weight": 1
      }
    },
    {
      "type": "Feature",
      "geometry": {
        "type": "Point",
        "coordinates": [
          104.103491,
          30.689093
        ]
      },
      "properties": {
        "name": "蓝艺舞蹈",
        "category": "edu",
        "type": "科教文化服务;培训机构;培训机构",
        "district": "成华区",
        "weight": 3
      }
    },
    {
      "type": "Feature",
      "geometry": {
        "type": "Point",
        "coordinates": [
          104.103012,
          30.687619
        ]
      },
      "properties": {
        "name": "123钢琴中心",
        "category": "edu",
        "type": "科教文化服务;培训机构;培训机构",
        "district": "成华区",
        "weight": 1
      }
    },
    {
      "type": "Feature",
      "geometry": {
        "type": "Point",
        "coordinates": [
          104.103408,
          30.684675
        ]
      },
      "properties": {
        "name": "幼幼堂小主持人表演培训班",
        "category": "edu",
        "type": "科教文化服务;培训机构;培训机构",
        "district": "成华区",
        "weight": 1
      }
    },
    {
      "type": "Feature",
      "geometry": {
        "type": "Point",
        "coordinates": [
          104.108675,
          30.687478
        ]
      },
      "properties": {
        "name": "柠檬文化传播",
        "category": "edu",
        "type": "科教文化服务;传媒机构;传媒机构",
        "district": "成华区",
        "weight": 1
      }
    },
    {
      "type": "Feature",
      "geometry": {
        "type": "Point",
        "coordinates": [
          104.10984,
          30.685244
        ]
      },
      "properties": {
        "name": "扬帆学校",
        "category": "edu",
        "type": "科教文化服务;培训机构;培训机构",
        "district": "成华区",
        "weight": 9
      }
    },
    {
      "type": "Feature",
      "geometry": {
        "type": "Point",
        "coordinates": [
          104.111207,
          30.683227
        ]
      },
      "properties": {
        "name": "海潮音书画",
        "category": "edu",
        "type": "科教文化服务;美术馆;美术馆",
        "district": "成华区",
        "weight": 13
      }
    },
    {
      "type": "Feature",
      "geometry": {
        "type": "Point",
        "coordinates": [
          104.109612,
          30.680883
        ]
      },
      "properties": {
        "name": "金起点智能幼儿园",
        "category": "edu",
        "type": "科教文化服务;学校;幼儿园",
        "district": "成华区",
        "weight": 2
      }
    },
    {
      "type": "Feature",
      "geometry": {
        "type": "Point",
        "coordinates": [
          104.107424,
          30.680827
        ]
      },
      "properties": {
        "name": "成华实验小学",
        "category": "edu",
        "type": "科教文化服务;学校;小学",
        "district": "成华区",
        "weight": 2
      }
    },
    {
      "type": "Feature",
      "geometry": {
        "type": "Point",
        "coordinates": [
          104.109928,
          30.688983
        ]
      },
      "properties": {
        "name": "成华区海德玛幼儿园",
        "category": "edu",
        "type": "科教文化服务;学校;幼儿园",
        "district": "成华区",
        "weight": 1
      }
    },
    {
      "type": "Feature",
      "geometry": {
        "type": "Point",
        "coordinates": [
          104.11112,
          30.679558
        ]
      },
      "properties": {
        "name": "读者报品质生活馆(成华区店)",
        "category": "edu",
        "type": "科教文化服务;传媒机构;报社",
        "district": "成华区",
        "weight": 1
      }
    },
    {
      "type": "Feature",
      "geometry": {
        "type": "Point",
        "coordinates": [
          104.104968,
          30.683587
        ]
      },
      "properties": {
        "name": "四川博瑞佳",
        "category": "edu",
        "type": "科教文化服务;培训机构;培训机构",
        "district": "成华区",
        "weight": 3
      }
    },
    {
      "type": "Feature",
      "geometry": {
        "type": "Point",
        "coordinates": [
          104.105113,
          30.688819
        ]
      },
      "properties": {
        "name": "大千教育(怡福路)",
        "category": "edu",
        "type": "科教文化服务;培训机构;培训机构",
        "district": "成华区",
        "weight": 2
      }
    },
    {
      "type": "Feature",
      "geometry": {
        "type": "Point",
        "coordinates": [
          104.107556,
          30.688702
        ]
      },
      "properties": {
        "name": "教师苑培训",
        "category": "edu",
        "type": "科教文化服务;培训机构;培训机构",
        "district": "成华区",
        "weight": 2
      }
    },
    {
      "type": "Feature",
      "geometry": {
        "type": "Point",
        "coordinates": [
          104.112766,
          30.687932
        ]
      },
      "properties": {
        "name": "贝格幼稚园",
        "category": "edu",
        "type": "科教文化服务;学校;幼儿园",
        "district": "成华区",
        "weight": 2
      }
    },
    {
      "type": "Feature",
      "geometry": {
        "type": "Point",
        "coordinates": [
          104.103758,
          30.682293
        ]
      },
      "properties": {
        "name": "九方美术教育",
        "category": "edu",
        "type": "科教文化服务;培训机构;培训机构",
        "district": "成华区",
        "weight": 2
      }
    },
    {
      "type": "Feature",
      "geometry": {
        "type": "Point",
        "coordinates": [
          104.11233,
          30.685068
        ]
      },
      "properties": {
        "name": "八里小区音乐教室",
        "category": "edu",
        "type": "科教文化服务;培训机构;培训机构",
        "district": "成华区",
        "weight": 1
      }
    },
    {
      "type": "Feature",
      "geometry": {
        "type": "Point",
        "coordinates": [
          104.104642,
          30.680608
        ]
      },
      "properties": {
        "name": "五加三教育",
        "category": "edu",
        "type": "科教文化服务;培训机构;培训机构",
        "district": "成华区",
        "weight": 2
      }
    },
    {
      "type": "Feature",
      "geometry": {
        "type": "Point",
        "coordinates": [
          104.10769,
          30.68511
        ]
      },
      "properties": {
        "name": "天韵琴行八里小区音乐教室",
        "category": "edu",
        "type": "科教文化服务;培训机构;培训机构",
        "district": "成华区",
        "weight": 1
      }
    },
    {
      "type": "Feature",
      "geometry": {
        "type": "Point",
        "coordinates": [
          104.108386,
          30.683889
        ]
      },
      "properties": {
        "name": "牛津国际公学成都学校",
        "category": "edu",
        "type": "科教文化服务;培训机构;培训机构",
        "district": "成华区",
        "weight": 1
      }
    },
    {
      "type": "Feature",
      "geometry": {
        "type": "Point",
        "coordinates": [
          104.113824,
          30.679538
        ]
      },
      "properties": {
        "name": "易森文化艺术教育中心",
        "category": "edu",
        "type": "科教文化服务;培训机构;培训机构",
        "district": "成华区",
        "weight": 1
      }
    },
    {
      "type": "Feature",
      "geometry": {
        "type": "Point",
        "coordinates": [
          104.116703,
          30.680754
        ]
      },
      "properties": {
        "name": "学而知文化艺术培训学校",
        "category": "edu",
        "type": "科教文化服务;培训机构;培训机构",
        "district": "成华区",
        "weight": 1
      }
    },
    {
      "type": "Feature",
      "geometry": {
        "type": "Point",
        "coordinates": [
          104.115227,
          30.680464
        ]
      },
      "properties": {
        "name": "工艺研究所",
        "category": "edu",
        "type": "科教文化服务;科研机构;科研机构",
        "district": "成华区",
        "weight": 5
      }
    },
    {
      "type": "Feature",
      "geometry": {
        "type": "Point",
        "coordinates": [
          104.121157,
          30.680326
        ]
      },
      "properties": {
        "name": "成都树德成华中学",
        "category": "edu",
        "type": "科教文化服务;学校;中学",
        "district": "成华区",
        "weight": 2
      }
    },
    {
      "type": "Feature",
      "geometry": {
        "type": "Point",
        "coordinates": [
          104.119026,
          30.681818
        ]
      },
      "properties": {
        "name": "戴氏教育(八里校区)",
        "category": "edu",
        "type": "科教文化服务;培训机构;培训机构",
        "district": "成华区",
        "weight": 2
      }
    },
    {
      "type": "Feature",
      "geometry": {
        "type": "Point",
        "coordinates": [
          104.120243,
          30.683718
        ]
      },
      "properties": {
        "name": "贝多彩第二幼儿园",
        "category": "edu",
        "type": "科教文化服务;学校;幼儿园",
        "district": "成华区",
        "weight": 2
      }
    },
    {
      "type": "Feature",
      "geometry": {
        "type": "Point",
        "coordinates": [
          104.115422,
          30.687763
        ]
      },
      "properties": {
        "name": "八里庄小学校",
        "category": "edu",
        "type": "科教文化服务;学校;小学",
        "district": "成华区",
        "weight": 1
      }
    },
    {
      "type": "Feature",
      "geometry": {
        "type": "Point",
        "coordinates": [
          104.117851,
          30.679554
        ]
      },
      "properties": {
        "name": "圣灯村小学",
        "category": "edu",
        "type": "科教文化服务;学校;小学",
        "district": "成华区",
        "weight": 1
      }
    },
    {
      "type": "Feature",
      "geometry": {
        "type": "Point",
        "coordinates": [
          104.117158,
          30.686971
        ]
      },
      "properties": {
        "name": "石油社区幼儿园",
        "category": "edu",
        "type": "科教文化服务;学校;幼儿园",
        "district": "成华区",
        "weight": 3
      }
    },
    {
      "type": "Feature",
      "geometry": {
        "type": "Point",
        "coordinates": [
          104.117432,
          30.683205
        ]
      },
      "properties": {
        "name": "英姿武术培训中心",
        "category": "edu",
        "type": "科教文化服务;培训机构;培训机构",
        "district": "成华区",
        "weight": 2
      }
    },
    {
      "type": "Feature",
      "geometry": {
        "type": "Point",
        "coordinates": [
          104.121271,
          30.682884
        ]
      },
      "properties": {
        "name": "色尔咖啡培训体验馆",
        "category": "edu",
        "type": "科教文化服务;培训机构;培训机构",
        "district": "成华区",
        "weight": 2
      }
    },
    {
      "type": "Feature",
      "geometry": {
        "type": "Point",
        "coordinates": [
          104.129318,
          30.684467
        ]
      },
      "properties": {
        "name": "成都实验中学东校区",
        "category": "edu",
        "type": "科教文化服务;科教文化场所;科教文化场所",
        "district": "成华区",
        "weight": 2
      }
    },
    {
      "type": "Feature",
      "geometry": {
        "type": "Point",
        "coordinates": [
          104.13223,
          30.681788
        ]
      },
      "properties": {
        "name": "金苗公益性幼儿园(二仙桥北二路)",
        "category": "edu",
        "type": "科教文化服务;学校;幼儿园",
        "district": "成华区",
        "weight": 1
      }
    },
    {
      "type": "Feature",
      "geometry": {
        "type": "Point",
        "coordinates": [
          104.140146,
          30.684329
        ]
      },
      "properties": {
        "name": "好吃得一哔bi",
        "category": "edu",
        "type": "科教文化服务;学校;高等院校",
        "district": "成华区",
        "weight": 5
      }
    },
    {
      "type": "Feature",
      "geometry": {
        "type": "Point",
        "coordinates": [
          104.135056,
          30.681528
        ]
      },
      "properties": {
        "name": "成都市二仙桥学校",
        "category": "edu",
        "type": "科教文化服务;学校;中学",
        "district": "成华区",
        "weight": 5
      }
    },
    {
      "type": "Feature",
      "geometry": {
        "type": "Point",
        "coordinates": [
          104.141416,
          30.685128
        ]
      },
      "properties": {
        "name": "成都贝多乐",
        "category": "edu",
        "type": "科教文化服务;学校;幼儿园",
        "district": "成华区",
        "weight": 2
      }
    },
    {
      "type": "Feature",
      "geometry": {
        "type": "Point",
        "coordinates": [
          104.134751,
          30.685589
        ]
      },
      "properties": {
        "name": "金苗儿童教育",
        "category": "edu",
        "type": "科教文化服务;培训机构;培训机构",
        "district": "成华区",
        "weight": 2
      }
    },
    {
      "type": "Feature",
      "geometry": {
        "type": "Point",
        "coordinates": [
          104.13873,
          30.683826
        ]
      },
      "properties": {
        "name": "第七弦器乐艺术中心",
        "category": "edu",
        "type": "科教文化服务;培训机构;培训机构",
        "district": "成华区",
        "weight": 1
      }
    },
    {
      "type": "Feature",
      "geometry": {
        "type": "Point",
        "coordinates": [
          104.134128,
          30.683786
        ]
      },
      "properties": {
        "name": "二仙桥街道社区教育学校",
        "category": "edu",
        "type": "科教文化服务;学校;学校",
        "district": "成华区",
        "weight": 2
      }
    },
    {
      "type": "Feature",
      "geometry": {
        "type": "Point",
        "coordinates": [
          104.136713,
          30.684554
        ]
      },
      "properties": {
        "name": "尚·私塾",
        "category": "edu",
        "type": "科教文化服务;培训机构;培训机构",
        "district": "成华区",
        "weight": 4
      }
    },
    {
      "type": "Feature",
      "geometry": {
        "type": "Point",
        "coordinates": [
          104.138078,
          30.680768
        ]
      },
      "properties": {
        "name": "尚豪艺术培训中心",
        "category": "edu",
        "type": "科教文化服务;培训机构;培训机构",
        "district": "成华区",
        "weight": 1
      }
    },
    {
      "type": "Feature",
      "geometry": {
        "type": "Point",
        "coordinates": [
          104.146136,
          30.680066
        ]
      },
      "properties": {
        "name": "成都理工大学电视台",
        "category": "edu",
        "type": "科教文化服务;传媒机构;电视台",
        "district": "成华区",
        "weight": 7
      }
    },
    {
      "type": "Feature",
      "geometry": {
        "type": "Point",
        "coordinates": [
          104.144218,
          30.679559
        ]
      },
      "properties": {
        "name": "成都理工大学",
        "category": "edu",
        "type": "科教文化服务;学校;高等院校",
        "district": "成华区",
        "weight": 13
      }
    },
    {
      "type": "Feature",
      "geometry": {
        "type": "Point",
        "coordinates": [
          104.148799,
          30.680354
        ]
      },
      "properties": {
        "name": "第一教学楼(东区)",
        "category": "edu",
        "type": "科教文化服务;学校;学校",
        "district": "成华区",
        "weight": 7
      }
    },
    {
      "type": "Feature",
      "geometry": {
        "type": "Point",
        "coordinates": [
          104.162858,
          30.683994
        ]
      },
      "properties": {
        "name": "四川博惟文化传播有限公司",
        "category": "edu",
        "type": "科教文化服务;科教文化场所;科教文化场所",
        "district": "成华区",
        "weight": 2
      }
    },
    {
      "type": "Feature",
      "geometry": {
        "type": "Point",
        "coordinates": [
          104.162999,
          30.683001
        ]
      },
      "properties": {
        "name": "东风康明斯发动机有限公司-同创联合培训中心",
        "category": "edu",
        "type": "科教文化服务;培训机构;培训机构",
        "district": "成华区",
        "weight": 1
      }
    },
    {
      "type": "Feature",
      "geometry": {
        "type": "Point",
        "coordinates": [
          104.178922,
          30.688428
        ]
      },
      "properties": {
        "name": "翱翔艺术学校",
        "category": "edu",
        "type": "科教文化服务;学校;职业技术学校",
        "district": "成华区",
        "weight": 2
      }
    },
    {
      "type": "Feature",
      "geometry": {
        "type": "Point",
        "coordinates": [
          104.180224,
          30.689317
        ]
      },
      "properties": {
        "name": "成都新锐培训学校总校",
        "category": "edu",
        "type": "科教文化服务;科教文化场所;科教文化场所",
        "district": "成华区",
        "weight": 1
      }
    },
    {
      "type": "Feature",
      "geometry": {
        "type": "Point",
        "coordinates": [
          103.965157,
          30.66992
        ]
      },
      "properties": {
        "name": "成都树德中学光华校区",
        "category": "edu",
        "type": "科教文化服务;学校;中学",
        "district": "青羊区",
        "weight": 1
      }
    },
    {
      "type": "Feature",
      "geometry": {
        "type": "Point",
        "coordinates": [
          103.970596,
          30.672182
        ]
      },
      "properties": {
        "name": "今天艺术中心",
        "category": "edu",
        "type": "科教文化服务;美术馆;美术馆",
        "district": "青羊区",
        "weight": 2
      }
    },
    {
      "type": "Feature",
      "geometry": {
        "type": "Point",
        "coordinates": [
          103.970486,
          30.675178
        ]
      },
      "properties": {
        "name": "同辉(国际)学校",
        "category": "edu",
        "type": "科教文化服务;学校;学校",
        "district": "青羊区",
        "weight": 1
      }
    },
    {
      "type": "Feature",
      "geometry": {
        "type": "Point",
        "coordinates": [
          103.964793,
          30.675735
        ]
      },
      "properties": {
        "name": "麦田舞馆",
        "category": "edu",
        "type": "科教文化服务;科教文化场所;科教文化场所",
        "district": "青羊区",
        "weight": 1
      }
    },
    {
      "type": "Feature",
      "geometry": {
        "type": "Point",
        "coordinates": [
          103.966598,
          30.674861
        ]
      },
      "properties": {
        "name": "成都市第五幼儿园培风分园",
        "category": "edu",
        "type": "科教文化服务;学校;幼儿园",
        "district": "青羊区",
        "weight": 1
      }
    },
    {
      "type": "Feature",
      "geometry": {
        "type": "Point",
        "coordinates": [
          103.966855,
          30.675976
        ]
      },
      "properties": {
        "name": "青竹学园",
        "category": "edu",
        "type": "科教文化服务;培训机构;培训机构",
        "district": "青羊区",
        "weight": 2
      }
    },
    {
      "type": "Feature",
      "geometry": {
        "type": "Point",
        "coordinates": [
          103.973501,
          30.673237
        ]
      },
      "properties": {
        "name": "爱慧专业培训中心",
        "category": "edu",
        "type": "科教文化服务;培训机构;培训机构",
        "district": "青羊区",
        "weight": 1
      }
    },
    {
      "type": "Feature",
      "geometry": {
        "type": "Point",
        "coordinates": [
          103.969231,
          30.67381
        ]
      },
      "properties": {
        "name": "成都市百分百教育",
        "category": "edu",
        "type": "科教文化服务;培训机构;培训机构",
        "district": "青羊区",
        "weight": 3
      }
    },
    {
      "type": "Feature",
      "geometry": {
        "type": "Point",
        "coordinates": [
          103.965599,
          30.67736
        ]
      },
      "properties": {
        "name": "启尔音乐教室",
        "category": "edu",
        "type": "科教文化服务;培训机构;培训机构",
        "district": "青羊区",
        "weight": 1
      }
    },
    {
      "type": "Feature",
      "geometry": {
        "type": "Point",
        "coordinates": [
          103.97191,
          30.67195
        ]
      },
      "properties": {
        "name": "睿霖教育",
        "category": "edu",
        "type": "科教文化服务;培训机构;培训机构",
        "district": "青羊区",
        "weight": 2
      }
    },
    {
      "type": "Feature",
      "geometry": {
        "type": "Point",
        "coordinates": [
          103.966982,
          30.673698
        ]
      },
      "properties": {
        "name": "木之音艺术培训中心",
        "category": "edu",
        "type": "科教文化服务;培训机构;培训机构",
        "district": "青羊区",
        "weight": 1
      }
    },
    {
      "type": "Feature",
      "geometry": {
        "type": "Point",
        "coordinates": [
          103.980907,
          30.675563
        ]
      },
      "properties": {
        "name": "东坡小学",
        "category": "edu",
        "type": "科教文化服务;学校;小学",
        "district": "青羊区",
        "weight": 5
      }
    },
    {
      "type": "Feature",
      "geometry": {
        "type": "Point",
        "coordinates": [
          103.983008,
          30.675665
        ]
      },
      "properties": {
        "name": "未来幼儿园(苏坡中路)",
        "category": "edu",
        "type": "科教文化服务;学校;幼儿园",
        "district": "青羊区",
        "weight": 1
      }
    },
    {
      "type": "Feature",
      "geometry": {
        "type": "Point",
        "coordinates": [
          103.978751,
          30.670027
        ]
      },
      "properties": {
        "name": "成都市第三十七中学",
        "category": "edu",
        "type": "科教文化服务;学校;中学",
        "district": "青羊区",
        "weight": 1
      }
    },
    {
      "type": "Feature",
      "geometry": {
        "type": "Point",
        "coordinates": [
          103.981575,
          30.670507
        ]
      },
      "properties": {
        "name": "爱萌亲子园",
        "category": "edu",
        "type": "科教文化服务;学校;幼儿园",
        "district": "青羊区",
        "weight": 3
      }
    },
    {
      "type": "Feature",
      "geometry": {
        "type": "Point",
        "coordinates": [
          103.983066,
          30.677815
        ]
      },
      "properties": {
        "name": "剑桥幼稚园",
        "category": "edu",
        "type": "科教文化服务;学校;幼儿园",
        "district": "青羊区",
        "weight": 1
      }
    },
    {
      "type": "Feature",
      "geometry": {
        "type": "Point",
        "coordinates": [
          103.976538,
          30.674966
        ]
      },
      "properties": {
        "name": "蒙养幼儿园",
        "category": "edu",
        "type": "科教文化服务;学校;幼儿园",
        "district": "青羊区",
        "weight": 2
      }
    },
    {
      "type": "Feature",
      "geometry": {
        "type": "Point",
        "coordinates": [
          103.980375,
          30.673811
        ]
      },
      "properties": {
        "name": "点滴智慧相伴成长",
        "category": "edu",
        "type": "科教文化服务;科教文化场所;科教文化场所",
        "district": "青羊区",
        "weight": 1
      }
    },
    {
      "type": "Feature",
      "geometry": {
        "type": "Point",
        "coordinates": [
          103.976023,
          30.673057
        ]
      },
      "properties": {
        "name": "雅乐艺术培训中心",
        "category": "edu",
        "type": "科教文化服务;培训机构;培训机构",
        "district": "青羊区",
        "weight": 1
      }
    },
    {
      "type": "Feature",
      "geometry": {
        "type": "Point",
        "coordinates": [
          103.977194,
          30.671018
        ]
      },
      "properties": {
        "name": "六和教育",
        "category": "edu",
        "type": "科教文化服务;培训机构;培训机构",
        "district": "青羊区",
        "weight": 4
      }
    },
    {
      "type": "Feature",
      "geometry": {
        "type": "Point",
        "coordinates": [
          103.987124,
          30.671427
        ]
      },
      "properties": {
        "name": "泡桐树小学(境界校区)",
        "category": "edu",
        "type": "科教文化服务;学校;小学",
        "district": "青羊区",
        "weight": 1
      }
    },
    {
      "type": "Feature",
      "geometry": {
        "type": "Point",
        "coordinates": [
          103.990265,
          30.675182
        ]
      },
      "properties": {
        "name": "智慧树幼稚园(东顺路)",
        "category": "edu",
        "type": "科教文化服务;学校;幼儿园",
        "district": "青羊区",
        "weight": 1
      }
    },
    {
      "type": "Feature",
      "geometry": {
        "type": "Point",
        "coordinates": [
          103.990536,
          30.672303
        ]
      },
      "properties": {
        "name": "星彩艺术中心",
        "category": "edu",
        "type": "科教文化服务;美术馆;美术馆",
        "district": "青羊区",
        "weight": 2
      }
    },
    {
      "type": "Feature",
      "geometry": {
        "type": "Point",
        "coordinates": [
          103.992479,
          30.674812
        ]
      },
      "properties": {
        "name": "新发现教育",
        "category": "edu",
        "type": "科教文化服务;培训机构;培训机构",
        "district": "青羊区",
        "weight": 3
      }
    },
    {
      "type": "Feature",
      "geometry": {
        "type": "Point",
        "coordinates": [
          103.98835,
          30.671359
        ]
      },
      "properties": {
        "name": "成都幼师境界幼儿园",
        "category": "edu",
        "type": "科教文化服务;学校;幼儿园",
        "district": "青羊区",
        "weight": 1
      }
    },
    {
      "type": "Feature",
      "geometry": {
        "type": "Point",
        "coordinates": [
          103.985219,
          30.677625
        ]
      },
      "properties": {
        "name": "爱育幼童",
        "category": "edu",
        "type": "科教文化服务;学校;幼儿园",
        "district": "青羊区",
        "weight": 1
      }
    },
    {
      "type": "Feature",
      "geometry": {
        "type": "Point",
        "coordinates": [
          103.991747,
          30.67001
        ]
      },
      "properties": {
        "name": "美迪英语(春晓路)",
        "category": "edu",
        "type": "科教文化服务;培训机构;培训机构",
        "district": "青羊区",
        "weight": 3
      }
    },
    {
      "type": "Feature",
      "geometry": {
        "type": "Point",
        "coordinates": [
          103.987823,
          30.672986
        ]
      },
      "properties": {
        "name": "双新路社区党校",
        "category": "edu",
        "type": "科教文化服务;学校;学校",
        "district": "青羊区",
        "weight": 2
      }
    },
    {
      "type": "Feature",
      "geometry": {
        "type": "Point",
        "coordinates": [
          103.989388,
          30.673476
        ]
      },
      "properties": {
        "name": "四川海律艺术中心",
        "category": "edu",
        "type": "科教文化服务;培训机构;培训机构",
        "district": "青羊区",
        "weight": 1
      }
    },
    {
      "type": "Feature",
      "geometry": {
        "type": "Point",
        "coordinates": [
          103.993749,
          30.673236
        ]
      },
      "properties": {
        "name": "三品书画院",
        "category": "edu",
        "type": "科教文化服务;培训机构;培训机构",
        "district": "青羊区",
        "weight": 2
      }
    },
    {
      "type": "Feature",
      "geometry": {
        "type": "Point",
        "coordinates": [
          103.984294,
          30.674603
        ]
      },
      "properties": {
        "name": "启心教育",
        "category": "edu",
        "type": "科教文化服务;培训机构;培训机构",
        "district": "青羊区",
        "weight": 1
      }
    },
    {
      "type": "Feature",
      "geometry": {
        "type": "Point",
        "coordinates": [
          103.991409,
          30.671148
        ]
      },
      "properties": {
        "name": "奥数托管",
        "category": "edu",
        "type": "科教文化服务;培训机构;培训机构",
        "district": "青羊区",
        "weight": 1
      }
    },
    {
      "type": "Feature",
      "geometry": {
        "type": "Point",
        "coordinates": [
          103.99623,
          30.676875
        ]
      },
      "properties": {
        "name": "巨蟹文化传媒公司",
        "category": "edu",
        "type": "科教文化服务;科教文化场所;科教文化场所",
        "district": "青羊区",
        "weight": 6
      }
    },
    {
      "type": "Feature",
      "geometry": {
        "type": "Point",
        "coordinates": [
          104.000925,
          30.67659
        ]
      },
      "properties": {
        "name": "格林贝贝儿童成长中心",
        "category": "edu",
        "type": "科教文化服务;学校;幼儿园|科教文化服务;培训机构;培训机构",
        "district": "青羊区",
        "weight": 4
      }
    },
    {
      "type": "Feature",
      "geometry": {
        "type": "Point",
        "coordinates": [
          103.997534,
          30.678337
        ]
      },
      "properties": {
        "name": "金隆酒店-会议厅",
        "category": "edu",
        "type": "科教文化服务;会展中心;会展中心",
        "district": "青羊区",
        "weight": 4
      }
    },
    {
      "type": "Feature",
      "geometry": {
        "type": "Point",
        "coordinates": [
          103.999832,
          30.677955
        ]
      },
      "properties": {
        "name": "星艺堂艺术培训中心",
        "category": "edu",
        "type": "科教文化服务;培训机构;培训机构",
        "district": "青羊区",
        "weight": 3
      }
    },
    {
      "type": "Feature",
      "geometry": {
        "type": "Point",
        "coordinates": [
          103.995004,
          30.671149
        ]
      },
      "properties": {
        "name": "墨云轩书画",
        "category": "edu",
        "type": "科教文化服务;培训机构;培训机构",
        "district": "青羊区",
        "weight": 5
      }
    },
    {
      "type": "Feature",
      "geometry": {
        "type": "Point",
        "coordinates": [
          104.00196,
          30.670195
        ]
      },
      "properties": {
        "name": "成都科技会堂",
        "category": "edu",
        "type": "科教文化服务;科教文化场所;科教文化场所",
        "district": "青羊区",
        "weight": 3
      }
    },
    {
      "type": "Feature",
      "geometry": {
        "type": "Point",
        "coordinates": [
          104.001336,
          30.673956
        ]
      },
      "properties": {
        "name": "西村展演中心",
        "category": "edu",
        "type": "科教文化服务;展览馆;展览馆",
        "district": "青羊区",
        "weight": 7
      }
    },
    {
      "type": "Feature",
      "geometry": {
        "type": "Point",
        "coordinates": [
          103.999357,
          30.672558
        ]
      },
      "properties": {
        "name": "西村藏传石刻艺术馆",
        "category": "edu",
        "type": "科教文化服务;展览馆;展览馆",
        "district": "青羊区",
        "weight": 1
      }
    },
    {
      "type": "Feature",
      "geometry": {
        "type": "Point",
        "coordinates": [
          104.000019,
          30.670426
        ]
      },
      "properties": {
        "name": "新世纪幼儿园(贝双街)",
        "category": "edu",
        "type": "科教文化服务;学校;幼儿园",
        "district": "青羊区",
        "weight": 1
      }
    },
    {
      "type": "Feature",
      "geometry": {
        "type": "Point",
        "coordinates": [
          103.997526,
          30.670194
        ]
      },
      "properties": {
        "name": "金沙红书画培训中心",
        "category": "edu",
        "type": "科教文化服务;培训机构;培训机构",
        "district": "青羊区",
        "weight": 1
      }
    },
    {
      "type": "Feature",
      "geometry": {
        "type": "Point",
        "coordinates": [
          104.003071,
          30.675142
        ]
      },
      "properties": {
        "name": "戴氏教育(金沙总校)",
        "category": "edu",
        "type": "科教文化服务;培训机构;培训机构",
        "district": "青羊区",
        "weight": 1
      }
    },
    {
      "type": "Feature",
      "geometry": {
        "type": "Point",
        "coordinates": [
          103.99758,
          30.673144
        ]
      },
      "properties": {
        "name": "二十一世纪幼儿园",
        "category": "edu",
        "type": "科教文化服务;学校;幼儿园",
        "district": "青羊区",
        "weight": 2
      }
    },
    {
      "type": "Feature",
      "geometry": {
        "type": "Point",
        "coordinates": [
          104.006865,
          30.673153
        ]
      },
      "properties": {
        "name": "多功能会议厅",
        "category": "edu",
        "type": "科教文化服务;会展中心;会展中心",
        "district": "青羊区",
        "weight": 20
      }
    },
    {
      "type": "Feature",
      "geometry": {
        "type": "Point",
        "coordinates": [
          104.006039,
          30.678493
        ]
      },
      "properties": {
        "name": "七巧板教育",
        "category": "edu",
        "type": "科教文化服务;学校;幼儿园",
        "district": "青羊区",
        "weight": 11
      }
    },
    {
      "type": "Feature",
      "geometry": {
        "type": "Point",
        "coordinates": [
          104.008865,
          30.676192
        ]
      },
      "properties": {
        "name": "风淘沙文化传媒",
        "category": "edu",
        "type": "科教文化服务;传媒机构;传媒机构",
        "district": "青羊区",
        "weight": 1
      }
    },
    {
      "type": "Feature",
      "geometry": {
        "type": "Point",
        "coordinates": [
          104.011542,
          30.670205
        ]
      },
      "properties": {
        "name": "西财教育培训",
        "category": "edu",
        "type": "科教文化服务;培训机构;培训机构",
        "district": "青羊区",
        "weight": 2
      }
    },
    {
      "type": "Feature",
      "geometry": {
        "type": "Point",
        "coordinates": [
          104.009494,
          30.671523
        ]
      },
      "properties": {
        "name": "西南财经大学幼儿园",
        "category": "edu",
        "type": "科教文化服务;学校;幼儿园",
        "district": "青羊区",
        "weight": 1
      }
    },
    {
      "type": "Feature",
      "geometry": {
        "type": "Point",
        "coordinates": [
          104.011608,
          30.678968
        ]
      },
      "properties": {
        "name": "四川师范大学实验外国语学校",
        "category": "edu",
        "type": "科教文化服务;学校;高等院校",
        "district": "青羊区",
        "weight": 3
      }
    },
    {
      "type": "Feature",
      "geometry": {
        "type": "Point",
        "coordinates": [
          104.007149,
          30.676074
        ]
      },
      "properties": {
        "name": "新东方(金沙校区)",
        "category": "edu",
        "type": "科教文化服务;培训机构;培训机构",
        "district": "青羊区",
        "weight": 6
      }
    },
    {
      "type": "Feature",
      "geometry": {
        "type": "Point",
        "coordinates": [
          104.013462,
          30.672863
        ]
      },
      "properties": {
        "name": "西南财经大学体育教学研究部",
        "category": "edu",
        "type": "科教文化服务;学校;高等院校",
        "district": "青羊区",
        "weight": 1
      }
    },
    {
      "type": "Feature",
      "geometry": {
        "type": "Point",
        "coordinates": [
          104.012842,
          30.674182
        ]
      },
      "properties": {
        "name": "成都憧星艺术中心",
        "category": "edu",
        "type": "科教文化服务;培训机构;培训机构",
        "district": "青羊区",
        "weight": 3
      }
    },
    {
      "type": "Feature",
      "geometry": {
        "type": "Point",
        "coordinates": [
          104.009073,
          30.679452
        ]
      },
      "properties": {
        "name": "成都国学馆(金沙分馆)",
        "category": "edu",
        "type": "科教文化服务;科教文化场所;科教文化场所",
        "district": "青羊区",
        "weight": 1
      }
    },
    {
      "type": "Feature",
      "geometry": {
        "type": "Point",
        "coordinates": [
          104.014104,
          30.669306
        ]
      },
      "properties": {
        "name": "奕圃围棋2教室",
        "category": "edu",
        "type": "科教文化服务;培训机构;培训机构",
        "district": "青羊区",
        "weight": 11
      }
    },
    {
      "type": "Feature",
      "geometry": {
        "type": "Point",
        "coordinates": [
          104.011213,
          30.674867
        ]
      },
      "properties": {
        "name": "成都多来米艺术乐器培训中心西门校区",
        "category": "edu",
        "type": "科教文化服务;科教文化场所;科教文化场所",
        "district": "青羊区",
        "weight": 1
      }
    },
    {
      "type": "Feature",
      "geometry": {
        "type": "Point",
        "coordinates": [
          104.009014,
          30.672645
        ]
      },
      "properties": {
        "name": "西南财经大学金融研究院",
        "category": "edu",
        "type": "科教文化服务;科研机构;科研机构",
        "district": "青羊区",
        "weight": 1
      }
    },
    {
      "type": "Feature",
      "geometry": {
        "type": "Point",
        "coordinates": [
          104.006605,
          30.671034
        ]
      },
      "properties": {
        "name": "青羊文化宫",
        "category": "edu",
        "type": "科教文化服务;文化宫;文化宫",
        "district": "青羊区",
        "weight": 1
      }
    },
    {
      "type": "Feature",
      "geometry": {
        "type": "Point",
        "coordinates": [
          104.021595,
          30.673482
        ]
      },
      "properties": {
        "name": "星娱文化",
        "category": "edu",
        "type": "科教文化服务;传媒机构;传媒机构",
        "district": "青羊区",
        "weight": 9
      }
    },
    {
      "type": "Feature",
      "geometry": {
        "type": "Point",
        "coordinates": [
          104.018223,
          30.670744
        ]
      },
      "properties": {
        "name": "六要素(成都财大分店)",
        "category": "edu",
        "type": "科教文化服务;培训机构;培训机构",
        "district": "青羊区",
        "weight": 4
      }
    },
    {
      "type": "Feature",
      "geometry": {
        "type": "Point",
        "coordinates": [
          104.018466,
          30.67612
        ]
      },
      "properties": {
        "name": "虹宇艺术团",
        "category": "edu",
        "type": "科教文化服务;文艺团体;文艺团体",
        "district": "青羊区",
        "weight": 1
      }
    },
    {
      "type": "Feature",
      "geometry": {
        "type": "Point",
        "coordinates": [
          104.015358,
          30.675361
        ]
      },
      "properties": {
        "name": "金运驾校报名处(双顺路店)",
        "category": "edu",
        "type": "科教文化服务;培训机构;培训机构",
        "district": "青羊区",
        "weight": 1
      }
    },
    {
      "type": "Feature",
      "geometry": {
        "type": "Point",
        "coordinates": [
          104.018436,
          30.674559
        ]
      },
      "properties": {
        "name": "成都市职工大学",
        "category": "edu",
        "type": "科教文化服务;学校;成人教育",
        "district": "青羊区",
        "weight": 10
      }
    },
    {
      "type": "Feature",
      "geometry": {
        "type": "Point",
        "coordinates": [
          104.019743,
          30.671265
        ]
      },
      "properties": {
        "name": "金沙世纪酒店-会议厅",
        "category": "edu",
        "type": "科教文化服务;会展中心;会展中心",
        "district": "青羊区",
        "weight": 1
      }
    },
    {
      "type": "Feature",
      "geometry": {
        "type": "Point",
        "coordinates": [
          104.01436,
          30.671195
        ]
      },
      "properties": {
        "name": "西南财经大学光华楼会议厅",
        "category": "edu",
        "type": "科教文化服务;会展中心;会展中心",
        "district": "青羊区",
        "weight": 5
      }
    },
    {
      "type": "Feature",
      "geometry": {
        "type": "Point",
        "coordinates": [
          104.021821,
          30.671974
        ]
      },
      "properties": {
        "name": "四川烹饪高等专科学校",
        "category": "edu",
        "type": "科教文化服务;学校;职业技术学校",
        "district": "青羊区",
        "weight": 1
      }
    },
    {
      "type": "Feature",
      "geometry": {
        "type": "Point",
        "coordinates": [
          104.015396,
          30.672418
        ]
      },
      "properties": {
        "name": "中国白酒金三角发展研究院",
        "category": "edu",
        "type": "科教文化服务;科研机构;科研机构",
        "district": "青羊区",
        "weight": 5
      }
    },
    {
      "type": "Feature",
      "geometry": {
        "type": "Point",
        "coordinates": [
          104.016114,
          30.674551
        ]
      },
      "properties": {
        "name": "金沙幼稚园(双顺南路)",
        "category": "edu",
        "type": "科教文化服务;学校;幼儿园",
        "district": "青羊区",
        "weight": 1
      }
    },
    {
      "type": "Feature",
      "geometry": {
        "type": "Point",
        "coordinates": [
          104.0149,
          30.677053
        ]
      },
      "properties": {
        "name": "成都市新迪艺校",
        "category": "edu",
        "type": "科教文化服务;培训机构;培训机构",
        "district": "青羊区",
        "weight": 2
      }
    },
    {
      "type": "Feature",
      "geometry": {
        "type": "Point",
        "coordinates": [
          104.021849,
          30.677187
        ]
      },
      "properties": {
        "name": "本杰明西城幼稚园",
        "category": "edu",
        "type": "科教文化服务;学校;幼儿园",
        "district": "青羊区",
        "weight": 1
      }
    },
    {
      "type": "Feature",
      "geometry": {
        "type": "Point",
        "coordinates": [
          104.019526,
          30.677296
        ]
      },
      "properties": {
        "name": "成都华西风湿病医学研究院",
        "category": "edu",
        "type": "科教文化服务;科研机构;科研机构",
        "district": "青羊区",
        "weight": 3
      }
    },
    {
      "type": "Feature",
      "geometry": {
        "type": "Point",
        "coordinates": [
          104.017096,
          30.677228
        ]
      },
      "properties": {
        "name": "路正驾照",
        "category": "edu",
        "type": "科教文化服务;科教文化场所;科教文化场所",
        "district": "青羊区",
        "weight": 2
      }
    },
    {
      "type": "Feature",
      "geometry": {
        "type": "Point",
        "coordinates": [
          104.026311,
          30.677254
        ]
      },
      "properties": {
        "name": "朗艺舞蹈培训",
        "category": "edu",
        "type": "科教文化服务;培训机构;培训机构",
        "district": "青羊区",
        "weight": 6
      }
    },
    {
      "type": "Feature",
      "geometry": {
        "type": "Point",
        "coordinates": [
          104.029187,
          30.670846
        ]
      },
      "properties": {
        "name": "合欣教室",
        "category": "edu",
        "type": "科教文化服务;科教文化场所;科教文化场所",
        "district": "青羊区",
        "weight": 36
      }
    },
    {
      "type": "Feature",
      "geometry": {
        "type": "Point",
        "coordinates": [
          104.031591,
          30.675152
        ]
      },
      "properties": {
        "name": "成都大地艺术学校",
        "category": "edu",
        "type": "科教文化服务;学校;职业技术学校",
        "district": "金牛区",
        "weight": 7
      }
    },
    {
      "type": "Feature",
      "geometry": {
        "type": "Point",
        "coordinates": [
          104.024379,
          30.67862
        ]
      },
      "properties": {
        "name": "戴氏中考",
        "category": "edu",
        "type": "科教文化服务;科教文化场所;科教文化场所",
        "district": "青羊区",
        "weight": 4
      }
    },
    {
      "type": "Feature",
      "geometry": {
        "type": "Point",
        "coordinates": [
          104.023825,
          30.671665
        ]
      },
      "properties": {
        "name": "诚风计算机学校",
        "category": "edu",
        "type": "科教文化服务;培训机构;培训机构",
        "district": "青羊区",
        "weight": 14
      }
    },
    {
      "type": "Feature",
      "geometry": {
        "type": "Point",
        "coordinates": [
          104.025801,
          30.673018
        ]
      },
      "properties": {
        "name": "浣花小学",
        "category": "edu",
        "type": "科教文化服务;学校;小学",
        "district": "青羊区",
        "weight": 3
      }
    },
    {
      "type": "Feature",
      "geometry": {
        "type": "Point",
        "coordinates": [
          104.032404,
          30.670872
        ]
      },
      "properties": {
        "name": "雅途英语",
        "category": "edu",
        "type": "科教文化服务;培训机构;培训机构",
        "district": "青羊区",
        "weight": 16
      }
    },
    {
      "type": "Feature",
      "geometry": {
        "type": "Point",
        "coordinates": [
          104.032605,
          30.669779
        ]
      },
      "properties": {
        "name": "成都市青羊区浣花幼稚园",
        "category": "edu",
        "type": "科教文化服务;学校;幼儿园",
        "district": "青羊区",
        "weight": 1
      }
    },
    {
      "type": "Feature",
      "geometry": {
        "type": "Point",
        "coordinates": [
          104.0269,
          30.671876
        ]
      },
      "properties": {
        "name": "陈语舞蹈工作室",
        "category": "edu",
        "type": "科教文化服务;培训机构;培训机构",
        "district": "青羊区",
        "weight": 6
      }
    },
    {
      "type": "Feature",
      "geometry": {
        "type": "Point",
        "coordinates": [
          104.028155,
          30.677405
        ]
      },
      "properties": {
        "name": "流淌时光中",
        "category": "edu",
        "type": "科教文化服务;科教文化场所;科教文化场所",
        "district": "青羊区",
        "weight": 2
      }
    },
    {
      "type": "Feature",
      "geometry": {
        "type": "Point",
        "coordinates": [
          104.027837,
          30.673649
        ]
      },
      "properties": {
        "name": "状元堂托管中心",
        "category": "edu",
        "type": "科教文化服务;科教文化场所;科教文化场所",
        "district": "青羊区",
        "weight": 2
      }
    },
    {
      "type": "Feature",
      "geometry": {
        "type": "Point",
        "coordinates": [
          104.032663,
          30.676984
        ]
      },
      "properties": {
        "name": "新美院方新画室",
        "category": "edu",
        "type": "科教文化服务;培训机构;培训机构",
        "district": "金牛区",
        "weight": 2
      }
    },
    {
      "type": "Feature",
      "geometry": {
        "type": "Point",
        "coordinates": [
          104.02941,
          30.677692
        ]
      },
      "properties": {
        "name": "艺潇美术",
        "category": "edu",
        "type": "科教文化服务;培训机构;培训机构",
        "district": "金牛区",
        "weight": 2
      }
    },
    {
      "type": "Feature",
      "geometry": {
        "type": "Point",
        "coordinates": [
          104.033415,
          30.678565
        ]
      },
      "properties": {
        "name": "奇聚联创双创孵化园",
        "category": "edu",
        "type": "科教文化服务;培训机构;培训机构",
        "district": "金牛区",
        "weight": 1
      }
    },
    {
      "type": "Feature",
      "geometry": {
        "type": "Point",
        "coordinates": [
          104.041955,
          30.670683
        ]
      },
      "properties": {
        "name": "餐饮培训",
        "category": "edu",
        "type": "科教文化服务;培训机构;培训机构",
        "district": "金牛区",
        "weight": 21
      }
    },
    {
      "type": "Feature",
      "geometry": {
        "type": "Point",
        "coordinates": [
          104.038537,
          30.675054
        ]
      },
      "properties": {
        "name": "云泉琹馆",
        "category": "edu",
        "type": "科教文化服务;培训机构;培训机构",
        "district": "金牛区",
        "weight": 28
      }
    },
    {
      "type": "Feature",
      "geometry": {
        "type": "Point",
        "coordinates": [
          104.037113,
          30.671449
        ]
      },
      "properties": {
        "name": "成都红日学校",
        "category": "edu",
        "type": "科教文化服务;学校;学校",
        "district": "金牛区",
        "weight": 60
      }
    },
    {
      "type": "Feature",
      "geometry": {
        "type": "Point",
        "coordinates": [
          104.043536,
          30.67394
        ]
      },
      "properties": {
        "name": "金苗龙美术培训画廊",
        "category": "edu",
        "type": "科教文化服务;培训机构;培训机构",
        "district": "金牛区",
        "weight": 2
      }
    },
    {
      "type": "Feature",
      "geometry": {
        "type": "Point",
        "coordinates": [
          104.042939,
          30.676261
        ]
      },
      "properties": {
        "name": "四通培训",
        "category": "edu",
        "type": "科教文化服务;培训机构;培训机构",
        "district": "金牛区",
        "weight": 14
      }
    },
    {
      "type": "Feature",
      "geometry": {
        "type": "Point",
        "coordinates": [
          104.041598,
          30.678132
        ]
      },
      "properties": {
        "name": "成都十八中",
        "category": "edu",
        "type": "科教文化服务;学校;中学",
        "district": "金牛区",
        "weight": 1
      }
    },
    {
      "type": "Feature",
      "geometry": {
        "type": "Point",
        "coordinates": [
          104.039847,
          30.678477
        ]
      },
      "properties": {
        "name": "微软认证培训中心",
        "category": "edu",
        "type": "科教文化服务;培训机构;培训机构",
        "district": "金牛区",
        "weight": 9
      }
    },
    {
      "type": "Feature",
      "geometry": {
        "type": "Point",
        "coordinates": [
          104.041019,
          30.676504
        ]
      },
      "properties": {
        "name": "西文专业录音棚",
        "category": "edu",
        "type": "科教文化服务;传媒机构;传媒机构",
        "district": "金牛区",
        "weight": 10
      }
    },
    {
      "type": "Feature",
      "geometry": {
        "type": "Point",
        "coordinates": [
          104.034616,
          30.670313
        ]
      },
      "properties": {
        "name": "学而思培优(清江东路)",
        "category": "edu",
        "type": "科教文化服务;培训机构;培训机构",
        "district": "青羊区",
        "weight": 1
      }
    },
    {
      "type": "Feature",
      "geometry": {
        "type": "Point",
        "coordinates": [
          104.038649,
          30.673571
        ]
      },
      "properties": {
        "name": "中通小南街分部青羊北路分点",
        "category": "edu",
        "type": "科教文化服务;科教文化场所;科教文化场所",
        "district": "金牛区",
        "weight": 2
      }
    },
    {
      "type": "Feature",
      "geometry": {
        "type": "Point",
        "coordinates": [
          104.03735,
          30.678049
        ]
      },
      "properties": {
        "name": "成都市话剧团",
        "category": "edu",
        "type": "科教文化服务;文艺团体;文艺团体",
        "district": "金牛区",
        "weight": 1
      }
    },
    {
      "type": "Feature",
      "geometry": {
        "type": "Point",
        "coordinates": [
          104.046042,
          30.669809
        ]
      },
      "properties": {
        "name": "心艺舞蹈",
        "category": "edu",
        "type": "科教文化服务;培训机构;培训机构",
        "district": "金牛区",
        "weight": 32
      }
    },
    {
      "type": "Feature",
      "geometry": {
        "type": "Point",
        "coordinates": [
          104.049777,
          30.675656
        ]
      },
      "properties": {
        "name": "成都灵犀一点通教育",
        "category": "edu",
        "type": "科教文化服务;培训机构;培训机构",
        "district": "青羊区",
        "weight": 2
      }
    },
    {
      "type": "Feature",
      "geometry": {
        "type": "Point",
        "coordinates": [
          104.052264,
          30.676931
        ]
      },
      "properties": {
        "name": "成都东霖文化传播有限公司",
        "category": "edu",
        "type": "公司企业;公司;广告装饰|科教文化服务;科教文化场所;科教文化场所",
        "district": "青羊区",
        "weight": 1
      }
    },
    {
      "type": "Feature",
      "geometry": {
        "type": "Point",
        "coordinates": [
          104.046708,
          30.67624
        ]
      },
      "properties": {
        "name": "文正学校",
        "category": "edu",
        "type": "科教文化服务;培训机构;培训机构",
        "district": "金牛区",
        "weight": 30
      }
    },
    {
      "type": "Feature",
      "geometry": {
        "type": "Point",
        "coordinates": [
          104.052263,
          30.675456
        ]
      },
      "properties": {
        "name": "成都金蜂鸟文化传媒有限公司",
        "category": "edu",
        "type": "科教文化服务;传媒机构;传媒机构",
        "district": "青羊区",
        "weight": 1
      }
    },
    {
      "type": "Feature",
      "geometry": {
        "type": "Point",
        "coordinates": [
          104.0525,
          30.669605
        ]
      },
      "properties": {
        "name": "成都守矢文化传播有限公司",
        "category": "edu",
        "type": "科教文化服务;科教文化场所;科教文化场所",
        "district": "青羊区",
        "weight": 1
      }
    },
    {
      "type": "Feature",
      "geometry": {
        "type": "Point",
        "coordinates": [
          104.050054,
          30.677166
        ]
      },
      "properties": {
        "name": "晚霞报社",
        "category": "edu",
        "type": "科教文化服务;传媒机构;报社",
        "district": "青羊区",
        "weight": 8
      }
    },
    {
      "type": "Feature",
      "geometry": {
        "type": "Point",
        "coordinates": [
          104.04471,
          30.676823
        ]
      },
      "properties": {
        "name": "成都永陵博物馆",
        "category": "edu",
        "type": "科教文化服务;博物馆;博物馆",
        "district": "金牛区",
        "weight": 1
      }
    },
    {
      "type": "Feature",
      "geometry": {
        "type": "Point",
        "coordinates": [
          104.052159,
          30.671895
        ]
      },
      "properties": {
        "name": "巴蜀书社",
        "category": "edu",
        "type": "科教文化服务;传媒机构;出版社",
        "district": "青羊区",
        "weight": 28
      }
    },
    {
      "type": "Feature",
      "geometry": {
        "type": "Point",
        "coordinates": [
          104.045555,
          30.672526
        ]
      },
      "properties": {
        "name": "托管",
        "category": "edu",
        "type": "科教文化服务;培训机构;培训机构",
        "district": "金牛区",
        "weight": 14
      }
    },
    {
      "type": "Feature",
      "geometry": {
        "type": "Point",
        "coordinates": [
          104.05534,
          30.675849
        ]
      },
      "properties": {
        "name": "鼎艺舞校",
        "category": "edu",
        "type": "科教文化服务;培训机构;培训机构",
        "district": "青羊区",
        "weight": 56
      }
    },
    {
      "type": "Feature",
      "geometry": {
        "type": "Point",
        "coordinates": [
          104.049267,
          30.674226
        ]
      },
      "properties": {
        "name": "成都市城市建设科学研究院",
        "category": "edu",
        "type": "科教文化服务;科研机构;科研机构",
        "district": "青羊区",
        "weight": 1
      }
    },
    {
      "type": "Feature",
      "geometry": {
        "type": "Point",
        "coordinates": [
          104.043916,
          30.671986
        ]
      },
      "properties": {
        "name": "成都水文地质工程地质队",
        "category": "edu",
        "type": "科教文化服务;科研机构;科研机构",
        "district": "金牛区",
        "weight": 4
      }
    },
    {
      "type": "Feature",
      "geometry": {
        "type": "Point",
        "coordinates": [
          104.051474,
          30.673967
        ]
      },
      "properties": {
        "name": "四川省中医药科学院中医研究所",
        "category": "edu",
        "type": "科教文化服务;科研机构;科研机构",
        "district": "青羊区",
        "weight": 2
      }
    },
    {
      "type": "Feature",
      "geometry": {
        "type": "Point",
        "coordinates": [
          104.050368,
          30.671025
        ]
      },
      "properties": {
        "name": "四川交通大学市内招生办公室网络教育学院犀浦校区",
        "category": "edu",
        "type": "科教文化服务;学校;成人教育",
        "district": "青羊区",
        "weight": 1
      }
    },
    {
      "type": "Feature",
      "geometry": {
        "type": "Point",
        "coordinates": [
          104.049135,
          30.679094
        ]
      },
      "properties": {
        "name": "出彩教育",
        "category": "edu",
        "type": "科教文化服务;培训机构;培训机构",
        "district": "金牛区",
        "weight": 13
      }
    },
    {
      "type": "Feature",
      "geometry": {
        "type": "Point",
        "coordinates": [
          104.043993,
          30.678605
        ]
      },
      "properties": {
        "name": "工程素质训练中心",
        "category": "edu",
        "type": "科教文化服务;科教文化场所;科教文化场所",
        "district": "金牛区",
        "weight": 2
      }
    },
    {
      "type": "Feature",
      "geometry": {
        "type": "Point",
        "coordinates": [
          104.047959,
          30.67389
        ]
      },
      "properties": {
        "name": "利友教育",
        "category": "edu",
        "type": "科教文化服务;培训机构;培训机构",
        "district": "金牛区",
        "weight": 1
      }
    },
    {
      "type": "Feature",
      "geometry": {
        "type": "Point",
        "coordinates": [
          104.061789,
          30.674883
        ]
      },
      "properties": {
        "name": "成都铁路文化传媒总公司",
        "category": "edu",
        "type": "科教文化服务;科教文化场所;科教文化场所",
        "district": "青羊区",
        "weight": 1
      }
    },
    {
      "type": "Feature",
      "geometry": {
        "type": "Point",
        "coordinates": [
          104.059976,
          30.672928
        ]
      },
      "properties": {
        "name": "郎阁英语",
        "category": "edu",
        "type": "科教文化服务;科教文化场所;科教文化场所",
        "district": "青羊区",
        "weight": 55
      }
    },
    {
      "type": "Feature",
      "geometry": {
        "type": "Point",
        "coordinates": [
          104.055815,
          30.670934
        ]
      },
      "properties": {
        "name": "狄邦教育",
        "category": "edu",
        "type": "科教文化服务;培训机构;培训机构",
        "district": "青羊区",
        "weight": 8
      }
    },
    {
      "type": "Feature",
      "geometry": {
        "type": "Point",
        "coordinates": [
          104.05873,
          30.677568
        ]
      },
      "properties": {
        "name": "大业舞蹈工作室",
        "category": "edu",
        "type": "科教文化服务;培训机构;培训机构",
        "district": "青羊区",
        "weight": 2
      }
    },
    {
      "type": "Feature",
      "geometry": {
        "type": "Point",
        "coordinates": [
          104.057944,
          30.670482
        ]
      },
      "properties": {
        "name": "海蓝创想",
        "category": "edu",
        "type": "科教文化服务;传媒机构;传媒机构",
        "district": "青羊区",
        "weight": 10
      }
    },
    {
      "type": "Feature",
      "geometry": {
        "type": "Point",
        "coordinates": [
          104.059621,
          30.670165
        ]
      },
      "properties": {
        "name": "成都大学中职部",
        "category": "edu",
        "type": "科教文化服务;学校;职业技术学校",
        "district": "青羊区",
        "weight": 3
      }
    },
    {
      "type": "Feature",
      "geometry": {
        "type": "Point",
        "coordinates": [
          104.054032,
          30.677972
        ]
      },
      "properties": {
        "name": "成都树德中学",
        "category": "edu",
        "type": "科教文化服务;学校;中学",
        "district": "青羊区",
        "weight": 1
      }
    },
    {
      "type": "Feature",
      "geometry": {
        "type": "Point",
        "coordinates": [
          104.063425,
          30.676516
        ]
      },
      "properties": {
        "name": "新华宾馆会议中心",
        "category": "edu",
        "type": "科教文化服务;会展中心;会展中心",
        "district": "青羊区",
        "weight": 1
      }
    },
    {
      "type": "Feature",
      "geometry": {
        "type": "Point",
        "coordinates": [
          104.063255,
          30.670836
        ]
      },
      "properties": {
        "name": "华铁传媒",
        "category": "edu",
        "type": "科教文化服务;科教文化场所;科教文化场所",
        "district": "青羊区",
        "weight": 6
      }
    },
    {
      "type": "Feature",
      "geometry": {
        "type": "Point",
        "coordinates": [
          104.054029,
          30.669486
        ]
      },
      "properties": {
        "name": "牧童教育",
        "category": "edu",
        "type": "科教文化服务;科教文化场所;科教文化场所",
        "district": "青羊区",
        "weight": 19
      }
    },
    {
      "type": "Feature",
      "geometry": {
        "type": "Point",
        "coordinates": [
          104.06029,
          30.671811
        ]
      },
      "properties": {
        "name": "成都市肿瘤研究所",
        "category": "edu",
        "type": "科教文化服务;科研机构;科研机构",
        "district": "青羊区",
        "weight": 9
      }
    },
    {
      "type": "Feature",
      "geometry": {
        "type": "Point",
        "coordinates": [
          104.0622,
          30.676748
        ]
      },
      "properties": {
        "name": "成都前进歌舞团",
        "category": "edu",
        "type": "科教文化服务;文艺团体;文艺团体",
        "district": "青羊区",
        "weight": 3
      }
    },
    {
      "type": "Feature",
      "geometry": {
        "type": "Point",
        "coordinates": [
          104.063418,
          30.675281
        ]
      },
      "properties": {
        "name": "红光小学",
        "category": "edu",
        "type": "科教文化服务;学校;小学",
        "district": "青羊区",
        "weight": 3
      }
    },
    {
      "type": "Feature",
      "geometry": {
        "type": "Point",
        "coordinates": [
          104.058371,
          30.676012
        ]
      },
      "properties": {
        "name": "西平中心小学校",
        "category": "edu",
        "type": "科教文化服务;学校;小学",
        "district": "青羊区",
        "weight": 6
      }
    },
    {
      "type": "Feature",
      "geometry": {
        "type": "Point",
        "coordinates": [
          104.056405,
          30.676879
        ]
      },
      "properties": {
        "name": "狄邦教育",
        "category": "edu",
        "type": "科教文化服务;培训机构;培训机构",
        "district": "青羊区",
        "weight": 1
      }
    },
    {
      "type": "Feature",
      "geometry": {
        "type": "Point",
        "coordinates": [
          104.060394,
          30.677587
        ]
      },
      "properties": {
        "name": "战旗报社",
        "category": "edu",
        "type": "科教文化服务;传媒机构;报社",
        "district": "青羊区",
        "weight": 1
      }
    },
    {
      "type": "Feature",
      "geometry": {
        "type": "Point",
        "coordinates": [
          104.070471,
          30.6765
        ]
      },
      "properties": {
        "name": "空林琴馆",
        "category": "edu",
        "type": "科教文化服务;科教文化场所;科教文化场所",
        "district": "青羊区",
        "weight": 20
      }
    },
    {
      "type": "Feature",
      "geometry": {
        "type": "Point",
        "coordinates": [
          104.068741,
          30.67131
        ]
      },
      "properties": {
        "name": "成都恒博教育",
        "category": "edu",
        "type": "科教文化服务;培训机构;培训机构",
        "district": "青羊区",
        "weight": 3
      }
    },
    {
      "type": "Feature",
      "geometry": {
        "type": "Point",
        "coordinates": [
          104.068723,
          30.669689
        ]
      },
      "properties": {
        "name": "成都和佳文化传播公司",
        "category": "edu",
        "type": "科教文化服务;科教文化场所;科教文化场所",
        "district": "青羊区",
        "weight": 1
      }
    },
    {
      "type": "Feature",
      "geometry": {
        "type": "Point",
        "coordinates": [
          104.073346,
          30.671474
        ]
      },
      "properties": {
        "name": "多功能的会议厅",
        "category": "edu",
        "type": "科教文化服务;会展中心;会展中心",
        "district": "青羊区",
        "weight": 7
      }
    },
    {
      "type": "Feature",
      "geometry": {
        "type": "Point",
        "coordinates": [
          104.07005,
          30.67233
        ]
      },
      "properties": {
        "name": "艺峰教育",
        "category": "edu",
        "type": "科教文化服务;培训机构;培训机构",
        "district": "青羊区",
        "weight": 6
      }
    },
    {
      "type": "Feature",
      "geometry": {
        "type": "Point",
        "coordinates": [
          104.06591,
          30.676175
        ]
      },
      "properties": {
        "name": "新天地学校",
        "category": "edu",
        "type": "科教文化服务;科教文化场所;科教文化场所",
        "district": "青羊区",
        "weight": 7
      }
    },
    {
      "type": "Feature",
      "geometry": {
        "type": "Point",
        "coordinates": [
          104.065345,
          30.673087
        ]
      },
      "properties": {
        "name": "四川检察官学院",
        "category": "edu",
        "type": "科教文化服务;学校;高等院校",
        "district": "青羊区",
        "weight": 1
      }
    },
    {
      "type": "Feature",
      "geometry": {
        "type": "Point",
        "coordinates": [
          104.064884,
          30.668209
        ]
      },
      "properties": {
        "name": "三叶画廊",
        "category": "edu",
        "type": "科教文化服务;科教文化场所;科教文化场所",
        "district": "青羊区",
        "weight": 15
      }
    },
    {
      "type": "Feature",
      "geometry": {
        "type": "Point",
        "coordinates": [
          104.066221,
          30.674386
        ]
      },
      "properties": {
        "name": "西南肝病研究院",
        "category": "edu",
        "type": "科教文化服务;科研机构;科研机构",
        "district": "青羊区",
        "weight": 3
      }
    },
    {
      "type": "Feature",
      "geometry": {
        "type": "Point",
        "coordinates": [
          104.071151,
          30.678222
        ]
      },
      "properties": {
        "name": "成都仁德讲堂",
        "category": "edu",
        "type": "科教文化服务;培训机构;培训机构",
        "district": "青羊区",
        "weight": 2
      }
    },
    {
      "type": "Feature",
      "geometry": {
        "type": "Point",
        "coordinates": [
          104.069375,
          30.674857
        ]
      },
      "properties": {
        "name": "四川省易学研究会",
        "category": "edu",
        "type": "科教文化服务;科研机构;科研机构",
        "district": "青羊区",
        "weight": 1
      }
    },
    {
      "type": "Feature",
      "geometry": {
        "type": "Point",
        "coordinates": [
          104.064016,
          30.672145
        ]
      },
      "properties": {
        "name": "蒙氏风湿病研究所",
        "category": "edu",
        "type": "科教文化服务;科研机构;科研机构",
        "district": "青羊区",
        "weight": 3
      }
    },
    {
      "type": "Feature",
      "geometry": {
        "type": "Point",
        "coordinates": [
          104.070936,
          30.670144
        ]
      },
      "properties": {
        "name": "瑞丽潮妆学院",
        "category": "edu",
        "type": "科教文化服务;培训机构;培训机构",
        "district": "青羊区",
        "weight": 4
      }
    },
    {
      "type": "Feature",
      "geometry": {
        "type": "Point",
        "coordinates": [
          104.071048,
          30.674168
        ]
      },
      "properties": {
        "name": "仁爱腰椎病研究院",
        "category": "edu",
        "type": "科教文化服务;科研机构;科研机构",
        "district": "青羊区",
        "weight": 2
      }
    },
    {
      "type": "Feature",
      "geometry": {
        "type": "Point",
        "coordinates": [
          104.078567,
          30.668673
        ]
      },
      "properties": {
        "name": "新思维",
        "category": "edu",
        "type": "科教文化服务;科教文化场所;科教文化场所",
        "district": "青羊区",
        "weight": 88
      }
    },
    {
      "type": "Feature",
      "geometry": {
        "type": "Point",
        "coordinates": [
          104.071683,
          30.671822
        ]
      },
      "properties": {
        "name": "中国建筑材料工业地质勘查中心四川总队",
        "category": "edu",
        "type": "科教文化服务;科研机构;科研机构",
        "district": "青羊区",
        "weight": 1
      }
    },
    {
      "type": "Feature",
      "geometry": {
        "type": "Point",
        "coordinates": [
          104.06713,
          30.67755
        ]
      },
      "properties": {
        "name": "成都路凡教育",
        "category": "edu",
        "type": "科教文化服务;培训机构;培训机构",
        "district": "青羊区",
        "weight": 4
      }
    },
    {
      "type": "Feature",
      "geometry": {
        "type": "Point",
        "coordinates": [
          104.067428,
          30.669936
        ]
      },
      "properties": {
        "name": "成都市民用建筑统一建设办公室接待会议中心",
        "category": "edu",
        "type": "科教文化服务;会展中心;会展中心",
        "district": "青羊区",
        "weight": 2
      }
    },
    {
      "type": "Feature",
      "geometry": {
        "type": "Point",
        "coordinates": [
          104.073811,
          30.67423
        ]
      },
      "properties": {
        "name": "双眼井社区图书室",
        "category": "edu",
        "type": "科教文化服务;图书馆;图书馆",
        "district": "青羊区",
        "weight": 11
      }
    },
    {
      "type": "Feature",
      "geometry": {
        "type": "Point",
        "coordinates": [
          104.068587,
          30.67308
        ]
      },
      "properties": {
        "name": "说客英语(文武路分校)",
        "category": "edu",
        "type": "科教文化服务;培训机构;培训机构",
        "district": "青羊区",
        "weight": 1
      }
    },
    {
      "type": "Feature",
      "geometry": {
        "type": "Point",
        "coordinates": [
          104.065819,
          30.670081
        ]
      },
      "properties": {
        "name": "交通银行成都分行培训中心",
        "category": "edu",
        "type": "科教文化服务;培训机构;培训机构",
        "district": "青羊区",
        "weight": 1
      }
    },
    {
      "type": "Feature",
      "geometry": {
        "type": "Point",
        "coordinates": [
          104.068521,
          30.676113
        ]
      },
      "properties": {
        "name": "华茂堂画室",
        "category": "edu",
        "type": "科教文化服务;培训机构;培训机构",
        "district": "青羊区",
        "weight": 1
      }
    },
    {
      "type": "Feature",
      "geometry": {
        "type": "Point",
        "coordinates": [
          104.081948,
          30.676378
        ]
      },
      "properties": {
        "name": "成都大陆建筑设计",
        "category": "edu",
        "type": "科教文化服务;科研机构;科研机构",
        "district": "金牛区",
        "weight": 9
      }
    },
    {
      "type": "Feature",
      "geometry": {
        "type": "Point",
        "coordinates": [
          104.082975,
          30.671693
        ]
      },
      "properties": {
        "name": "育儿周刊",
        "category": "edu",
        "type": "科教文化服务;传媒机构;杂志社",
        "district": "青羊区",
        "weight": 14
      }
    },
    {
      "type": "Feature",
      "geometry": {
        "type": "Point",
        "coordinates": [
          104.074694,
          30.67709
        ]
      },
      "properties": {
        "name": "鹏展教育",
        "category": "edu",
        "type": "科教文化服务;培训机构;培训机构",
        "district": "青羊区",
        "weight": 17
      }
    },
    {
      "type": "Feature",
      "geometry": {
        "type": "Point",
        "coordinates": [
          104.082606,
          30.674569
        ]
      },
      "properties": {
        "name": "四川新思语文化传播广告有限公司",
        "category": "edu",
        "type": "科教文化服务;传媒机构;传媒机构",
        "district": "青羊区",
        "weight": 1
      }
    },
    {
      "type": "Feature",
      "geometry": {
        "type": "Point",
        "coordinates": [
          104.07818,
          30.671618
        ]
      },
      "properties": {
        "name": "秀域培训部",
        "category": "edu",
        "type": "科教文化服务;培训机构;培训机构",
        "district": "青羊区",
        "weight": 9
      }
    },
    {
      "type": "Feature",
      "geometry": {
        "type": "Point",
        "coordinates": [
          104.080197,
          30.674322
        ]
      },
      "properties": {
        "name": "西南户外传媒",
        "category": "edu",
        "type": "科教文化服务;传媒机构;传媒机构",
        "district": "青羊区",
        "weight": 9
      }
    },
    {
      "type": "Feature",
      "geometry": {
        "type": "Point",
        "coordinates": [
          104.078894,
          30.677595
        ]
      },
      "properties": {
        "name": "市政设计院十院",
        "category": "edu",
        "type": "科教文化服务;科教文化场所;科教文化场所",
        "district": "金牛区",
        "weight": 9
      }
    },
    {
      "type": "Feature",
      "geometry": {
        "type": "Point",
        "coordinates": [
          104.076932,
          30.673431
        ]
      },
      "properties": {
        "name": "双眼井小学",
        "category": "edu",
        "type": "科教文化服务;学校;小学",
        "district": "青羊区",
        "weight": 4
      }
    },
    {
      "type": "Feature",
      "geometry": {
        "type": "Point",
        "coordinates": [
          104.077427,
          30.67627
        ]
      },
      "properties": {
        "name": "四川省建筑设计院",
        "category": "edu",
        "type": "科教文化服务;科研机构;科研机构",
        "district": "青羊区",
        "weight": 3
      }
    },
    {
      "type": "Feature",
      "geometry": {
        "type": "Point",
        "coordinates": [
          104.08013,
          30.670828
        ]
      },
      "properties": {
        "name": "四川省直属机关东通顺幼儿园",
        "category": "edu",
        "type": "科教文化服务;学校;幼儿园",
        "district": "青羊区",
        "weight": 1
      }
    },
    {
      "type": "Feature",
      "geometry": {
        "type": "Point",
        "coordinates": [
          104.075904,
          30.671913
        ]
      },
      "properties": {
        "name": "成都华数",
        "category": "edu",
        "type": "科教文化服务;培训机构;培训机构",
        "district": "青羊区",
        "weight": 7
      }
    },
    {
      "type": "Feature",
      "geometry": {
        "type": "Point",
        "coordinates": [
          104.07578,
          30.673796
        ]
      },
      "properties": {
        "name": "成都协康肝病研究所",
        "category": "edu",
        "type": "科教文化服务;科研机构;科研机构",
        "district": "青羊区",
        "weight": 2
      }
    },
    {
      "type": "Feature",
      "geometry": {
        "type": "Point",
        "coordinates": [
          104.07895,
          30.673431
        ]
      },
      "properties": {
        "name": "美容教室",
        "category": "edu",
        "type": "科教文化服务;科教文化场所;科教文化场所",
        "district": "青羊区",
        "weight": 2
      }
    },
    {
      "type": "Feature",
      "geometry": {
        "type": "Point",
        "coordinates": [
          104.08947,
          30.672856
        ]
      },
      "properties": {
        "name": "成华区文化馆",
        "category": "edu",
        "type": "科教文化服务;文化宫;文化宫",
        "district": "成华区",
        "weight": 8
      }
    },
    {
      "type": "Feature",
      "geometry": {
        "type": "Point",
        "coordinates": [
          104.086852,
          30.673308
        ]
      },
      "properties": {
        "name": "梵音倾城文化传播有限公司",
        "category": "edu",
        "type": "科教文化服务;科教文化场所;科教文化场所",
        "district": "金牛区",
        "weight": 2
      }
    },
    {
      "type": "Feature",
      "geometry": {
        "type": "Point",
        "coordinates": [
          104.0898,
          30.669594
        ]
      },
      "properties": {
        "name": "成都市书院街道德讲堂",
        "category": "edu",
        "type": "科教文化服务;科教文化场所;科教文化场所",
        "district": "锦江区",
        "weight": 5
      }
    },
    {
      "type": "Feature",
      "geometry": {
        "type": "Point",
        "coordinates": [
          104.083546,
          30.676232
        ]
      },
      "properties": {
        "name": "成都市博涵文化传播有限公司",
        "category": "edu",
        "type": "科教文化服务;科教文化场所;科教文化场所",
        "district": "金牛区",
        "weight": 1
      }
    },
    {
      "type": "Feature",
      "geometry": {
        "type": "Point",
        "coordinates": [
          104.085867,
          30.669095
        ]
      },
      "properties": {
        "name": "极典艺术",
        "category": "edu",
        "type": "科教文化服务;美术馆;美术馆",
        "district": "锦江区",
        "weight": 31
      }
    },
    {
      "type": "Feature",
      "geometry": {
        "type": "Point",
        "coordinates": [
          104.093362,
          30.674328
        ]
      },
      "properties": {
        "name": "成都广播电视大学",
        "category": "edu",
        "type": "科教文化服务;学校;成人教育",
        "district": "成华区",
        "weight": 26
      }
    },
    {
      "type": "Feature",
      "geometry": {
        "type": "Point",
        "coordinates": [
          104.088102,
          30.678526
        ]
      },
      "properties": {
        "name": "四川省城乡规划设计研究院",
        "category": "edu",
        "type": "科教文化服务;科研机构;科研机构",
        "district": "金牛区",
        "weight": 2
      }
    },
    {
      "type": "Feature",
      "geometry": {
        "type": "Point",
        "coordinates": [
          104.085022,
          30.674415
        ]
      },
      "properties": {
        "name": "成都阳光酒店-会议厅",
        "category": "edu",
        "type": "科教文化服务;会展中心;会展中心",
        "district": "金牛区",
        "weight": 1
      }
    },
    {
      "type": "Feature",
      "geometry": {
        "type": "Point",
        "coordinates": [
          104.088288,
          30.672487
        ]
      },
      "properties": {
        "name": "成都成妆培训学校",
        "category": "edu",
        "type": "科教文化服务;培训机构;培训机构",
        "district": "成华区",
        "weight": 5
      }
    },
    {
      "type": "Feature",
      "geometry": {
        "type": "Point",
        "coordinates": [
          104.091311,
          30.677309
        ]
      },
      "properties": {
        "name": "石油局机关小学",
        "category": "edu",
        "type": "科教文化服务;学校;小学",
        "district": "成华区",
        "weight": 1
      }
    },
    {
      "type": "Feature",
      "geometry": {
        "type": "Point",
        "coordinates": [
          104.092444,
          30.675828
        ]
      },
      "properties": {
        "name": "千里马大地幼儿园",
        "category": "edu",
        "type": "科教文化服务;学校;幼儿园",
        "district": "成华区",
        "weight": 1
      }
    },
    {
      "type": "Feature",
      "geometry": {
        "type": "Point",
        "coordinates": [
          104.090025,
          30.678819
        ]
      },
      "properties": {
        "name": "启智阳光幼儿园",
        "category": "edu",
        "type": "科教文化服务;学校;幼儿园",
        "district": "金牛区",
        "weight": 1
      }
    },
    {
      "type": "Feature",
      "geometry": {
        "type": "Point",
        "coordinates": [
          104.092733,
          30.678567
        ]
      },
      "properties": {
        "name": "中国石油天然气价格研究中心",
        "category": "edu",
        "type": "科教文化服务;科研机构;科研机构",
        "district": "成华区",
        "weight": 4
      }
    },
    {
      "type": "Feature",
      "geometry": {
        "type": "Point",
        "coordinates": [
          104.086764,
          30.671331
        ]
      },
      "properties": {
        "name": "口腔专业护士临床实践培训基地",
        "category": "edu",
        "type": "科教文化服务;培训机构;培训机构",
        "district": "锦江区",
        "weight": 1
      }
    },
    {
      "type": "Feature",
      "geometry": {
        "type": "Point",
        "coordinates": [
          104.089731,
          30.674754
        ]
      },
      "properties": {
        "name": "四川石油新闻中心",
        "category": "edu",
        "type": "科教文化服务;科教文化场所;科教文化场所",
        "district": "成华区",
        "weight": 1
      }
    },
    {
      "type": "Feature",
      "geometry": {
        "type": "Point",
        "coordinates": [
          104.102193,
          30.671691
        ]
      },
      "properties": {
        "name": "镜尚传媒",
        "category": "edu",
        "type": "科教文化服务;传媒机构;传媒机构",
        "district": "成华区",
        "weight": 52
      }
    },
    {
      "type": "Feature",
      "geometry": {
        "type": "Point",
        "coordinates": [
          104.097754,
          30.67731
        ]
      },
      "properties": {
        "name": "电子科技大学",
        "category": "edu",
        "type": "科教文化服务;学校;高等院校",
        "district": "成华区",
        "weight": 78
      }
    },
    {
      "type": "Feature",
      "geometry": {
        "type": "Point",
        "coordinates": [
          104.098476,
          30.670919
        ]
      },
      "properties": {
        "name": "海德教育",
        "category": "edu",
        "type": "科教文化服务;培训机构;培训机构",
        "district": "成华区",
        "weight": 13
      }
    },
    {
      "type": "Feature",
      "geometry": {
        "type": "Point",
        "coordinates": [
          104.098302,
          30.67866
        ]
      },
      "properties": {
        "name": "电子科技大学沙河校区",
        "category": "edu",
        "type": "科教文化服务;学校;高等院校",
        "district": "成华区",
        "weight": 7
      }
    },
    {
      "type": "Feature",
      "geometry": {
        "type": "Point",
        "coordinates": [
          104.095731,
          30.67364
        ]
      },
      "properties": {
        "name": "子弟校",
        "category": "edu",
        "type": "科教文化服务;科教文化场所;科教文化场所",
        "district": "成华区",
        "weight": 8
      }
    },
    {
      "type": "Feature",
      "geometry": {
        "type": "Point",
        "coordinates": [
          104.09453,
          30.672846
        ]
      },
      "properties": {
        "name": "成都市公益性幼儿园",
        "category": "edu",
        "type": "科教文化服务;学校;幼儿园",
        "district": "成华区",
        "weight": 1
      }
    },
    {
      "type": "Feature",
      "geometry": {
        "type": "Point",
        "coordinates": [
          104.101189,
          30.674554
        ]
      },
      "properties": {
        "name": "金世纪东区幼儿园",
        "category": "edu",
        "type": "科教文化服务;学校;幼儿园",
        "district": "成华区",
        "weight": 1
      }
    },
    {
      "type": "Feature",
      "geometry": {
        "type": "Point",
        "coordinates": [
          104.110497,
          30.669908
        ]
      },
      "properties": {
        "name": "AI舞室(东区)",
        "category": "edu",
        "type": "科教文化服务;科教文化场所;科教文化场所",
        "district": "成华区",
        "weight": 11
      }
    },
    {
      "type": "Feature",
      "geometry": {
        "type": "Point",
        "coordinates": [
          104.107833,
          30.673687
        ]
      },
      "properties": {
        "name": "华盟传媒",
        "category": "edu",
        "type": "科教文化服务;科教文化场所;科教文化场所",
        "district": "成华区",
        "weight": 15
      }
    },
    {
      "type": "Feature",
      "geometry": {
        "type": "Point",
        "coordinates": [
          104.106874,
          30.676821
        ]
      },
      "properties": {
        "name": "云界教育",
        "category": "edu",
        "type": "科教文化服务;培训机构;培训机构",
        "district": "成华区",
        "weight": 20
      }
    },
    {
      "type": "Feature",
      "geometry": {
        "type": "Point",
        "coordinates": [
          104.104582,
          30.67916
        ]
      },
      "properties": {
        "name": "艺非舞蹈",
        "category": "edu",
        "type": "科教文化服务;培训机构;培训机构",
        "district": "成华区",
        "weight": 8
      }
    },
    {
      "type": "Feature",
      "geometry": {
        "type": "Point",
        "coordinates": [
          104.108194,
          30.671907
        ]
      },
      "properties": {
        "name": "宝宝贝贝儿童教育",
        "category": "edu",
        "type": "科教文化服务;培训机构;培训机构",
        "district": "成华区",
        "weight": 4
      }
    },
    {
      "type": "Feature",
      "geometry": {
        "type": "Point",
        "coordinates": [
          104.110716,
          30.67379
        ]
      },
      "properties": {
        "name": "云门艺术学校",
        "category": "edu",
        "type": "科教文化服务;学校;职业技术学校",
        "district": "成华区",
        "weight": 7
      }
    },
    {
      "type": "Feature",
      "geometry": {
        "type": "Point",
        "coordinates": [
          104.110866,
          30.67645
        ]
      },
      "properties": {
        "name": "沐影国际时尚舞蹈俱乐部",
        "category": "edu",
        "type": "科教文化服务;培训机构;培训机构",
        "district": "成华区",
        "weight": 1
      }
    },
    {
      "type": "Feature",
      "geometry": {
        "type": "Point",
        "coordinates": [
          104.108955,
          30.679104
        ]
      },
      "properties": {
        "name": "成都南山学校办公室",
        "category": "edu",
        "type": "科教文化服务;科教文化场所;科教文化场所",
        "district": "成华区",
        "weight": 2
      }
    },
    {
      "type": "Feature",
      "geometry": {
        "type": "Point",
        "coordinates": [
          104.104323,
          30.673919
        ]
      },
      "properties": {
        "name": "美社技能培训学校",
        "category": "edu",
        "type": "科教文化服务;培训机构;培训机构",
        "district": "成华区",
        "weight": 1
      }
    },
    {
      "type": "Feature",
      "geometry": {
        "type": "Point",
        "coordinates": [
          104.1122,
          30.670691
        ]
      },
      "properties": {
        "name": "菁菡舞蹈",
        "category": "edu",
        "type": "科教文化服务;培训机构;培训机构",
        "district": "成华区",
        "weight": 3
      }
    },
    {
      "type": "Feature",
      "geometry": {
        "type": "Point",
        "coordinates": [
          104.103868,
          30.671329
        ]
      },
      "properties": {
        "name": "徐宝吉他艺术中心(建设南街)",
        "category": "edu",
        "type": "科教文化服务;培训机构;培训机构",
        "district": "成华区",
        "weight": 1
      }
    },
    {
      "type": "Feature",
      "geometry": {
        "type": "Point",
        "coordinates": [
          104.116514,
          30.670227
        ]
      },
      "properties": {
        "name": "云艺术",
        "category": "edu",
        "type": "科教文化服务;科教文化场所;科教文化场所",
        "district": "成华区",
        "weight": 3
      }
    },
    {
      "type": "Feature",
      "geometry": {
        "type": "Point",
        "coordinates": [
          104.124191,
          30.67388
        ]
      },
      "properties": {
        "name": "清大学习吧",
        "category": "edu",
        "type": "科教文化服务;培训机构;培训机构",
        "district": "成华区",
        "weight": 4
      }
    },
    {
      "type": "Feature",
      "geometry": {
        "type": "Point",
        "coordinates": [
          104.114266,
          30.674028
        ]
      },
      "properties": {
        "name": "三心学堂",
        "category": "edu",
        "type": "科教文化服务;培训机构;培训机构",
        "district": "成华区",
        "weight": 4
      }
    },
    {
      "type": "Feature",
      "geometry": {
        "type": "Point",
        "coordinates": [
          104.119706,
          30.670888
        ]
      },
      "properties": {
        "name": "成都艺术超市",
        "category": "edu",
        "type": "科教文化服务;美术馆;美术馆",
        "district": "成华区",
        "weight": 3
      }
    },
    {
      "type": "Feature",
      "geometry": {
        "type": "Point",
        "coordinates": [
          104.121824,
          30.672156
        ]
      },
      "properties": {
        "name": "成都影像艺术中心",
        "category": "edu",
        "type": "科教文化服务;美术馆;美术馆",
        "district": "成华区",
        "weight": 2
      }
    },
    {
      "type": "Feature",
      "geometry": {
        "type": "Point",
        "coordinates": [
          104.121744,
          30.670566
        ]
      },
      "properties": {
        "name": "1899个人电影厂",
        "category": "edu",
        "type": "科教文化服务;传媒机构;传媒机构",
        "district": "成华区",
        "weight": 3
      }
    },
    {
      "type": "Feature",
      "geometry": {
        "type": "Point",
        "coordinates": [
          104.122028,
          30.674866
        ]
      },
      "properties": {
        "name": "青少年素质教育中心",
        "category": "edu",
        "type": "科教文化服务;科教文化场所;科教文化场所",
        "district": "成华区",
        "weight": 1
      }
    },
    {
      "type": "Feature",
      "geometry": {
        "type": "Point",
        "coordinates": [
          104.118698,
          30.671632
        ]
      },
      "properties": {
        "name": "音乐场",
        "category": "edu",
        "type": "科教文化服务;传媒机构;传媒机构",
        "district": "成华区",
        "weight": 2
      }
    },
    {
      "type": "Feature",
      "geometry": {
        "type": "Point",
        "coordinates": [
          104.119727,
          30.669749
        ]
      },
      "properties": {
        "name": "东郊记忆记忆长廊",
        "category": "edu",
        "type": "科教文化服务;展览馆;展览馆",
        "district": "成华区",
        "weight": 1
      }
    },
    {
      "type": "Feature",
      "geometry": {
        "type": "Point",
        "coordinates": [
          104.120197,
          30.674415
        ]
      },
      "properties": {
        "name": "成都妈妈爱双语艺术幼稚园",
        "category": "edu",
        "type": "科教文化服务;学校;幼儿园",
        "district": "成华区",
        "weight": 1
      }
    },
    {
      "type": "Feature",
      "geometry": {
        "type": "Point",
        "coordinates": [
          104.13269,
          30.677165
        ]
      },
      "properties": {
        "name": "音越琴行",
        "category": "edu",
        "type": "科教文化服务;培训机构;培训机构",
        "district": "成华区",
        "weight": 3
      }
    },
    {
      "type": "Feature",
      "geometry": {
        "type": "Point",
        "coordinates": [
          104.135984,
          30.671152
        ]
      },
      "properties": {
        "name": "爱倍儿智能幼儿园",
        "category": "edu",
        "type": "科教文化服务;学校;幼儿园",
        "district": "成华区",
        "weight": 3
      }
    },
    {
      "type": "Feature",
      "geometry": {
        "type": "Point",
        "coordinates": [
          104.136575,
          30.672242
        ]
      },
      "properties": {
        "name": "成都胜影文化传播有限公司",
        "category": "edu",
        "type": "科教文化服务;传媒机构;传媒机构",
        "district": "成华区",
        "weight": 1
      }
    },
    {
      "type": "Feature",
      "geometry": {
        "type": "Point",
        "coordinates": [
          104.140131,
          30.677067
        ]
      },
      "properties": {
        "name": "成都理工大学博物馆",
        "category": "edu",
        "type": "科教文化服务;博物馆;博物馆",
        "district": "成华区",
        "weight": 80
      }
    },
    {
      "type": "Feature",
      "geometry": {
        "type": "Point",
        "coordinates": [
          104.136948,
          30.67498
        ]
      },
      "properties": {
        "name": "成都理工大学核工楼",
        "category": "edu",
        "type": "科教文化服务;学校;高等院校",
        "district": "成华区",
        "weight": 6
      }
    },
    {
      "type": "Feature",
      "geometry": {
        "type": "Point",
        "coordinates": [
          104.135649,
          30.673606
        ]
      },
      "properties": {
        "name": "戴民精品堂学校",
        "category": "edu",
        "type": "科教文化服务;科教文化场所;科教文化场所",
        "district": "成华区",
        "weight": 5
      }
    },
    {
      "type": "Feature",
      "geometry": {
        "type": "Point",
        "coordinates": [
          104.137927,
          30.673313
        ]
      },
      "properties": {
        "name": "成都理工大学招生就业处",
        "category": "edu",
        "type": "科教文化服务;学校;高等院校",
        "district": "成华区",
        "weight": 2
      }
    },
    {
      "type": "Feature",
      "geometry": {
        "type": "Point",
        "coordinates": [
          104.142919,
          30.677618
        ]
      },
      "properties": {
        "name": "成都理工大学逸夫楼",
        "category": "edu",
        "type": "科教文化服务;学校;高等院校",
        "district": "成华区",
        "weight": 8
      }
    },
    {
      "type": "Feature",
      "geometry": {
        "type": "Point",
        "coordinates": [
          104.139015,
          30.67452
        ]
      },
      "properties": {
        "name": "成都理工大学研究生院",
        "category": "edu",
        "type": "科教文化服务;学校;高等院校",
        "district": "成华区",
        "weight": 13
      }
    },
    {
      "type": "Feature",
      "geometry": {
        "type": "Point",
        "coordinates": [
          104.143405,
          30.67294
        ]
      },
      "properties": {
        "name": "成都理工大学能源学院学生会",
        "category": "edu",
        "type": "科教文化服务;学校;高等院校",
        "district": "成华区",
        "weight": 5
      }
    },
    {
      "type": "Feature",
      "geometry": {
        "type": "Point",
        "coordinates": [
          104.143475,
          30.676262
        ]
      },
      "properties": {
        "name": "成都理工大学-教学8楼",
        "category": "edu",
        "type": "科教文化服务;学校;学校",
        "district": "成华区",
        "weight": 2
      }
    },
    {
      "type": "Feature",
      "geometry": {
        "type": "Point",
        "coordinates": [
          104.142514,
          30.679313
        ]
      },
      "properties": {
        "name": "成都理工大学基础力学实验室",
        "category": "edu",
        "type": "科教文化服务;科研机构;科研机构",
        "district": "成华区",
        "weight": 3
      }
    },
    {
      "type": "Feature",
      "geometry": {
        "type": "Point",
        "coordinates": [
          104.136014,
          30.677502
        ]
      },
      "properties": {
        "name": "建材成都地质工程勘察院",
        "category": "edu",
        "type": "科教文化服务;科研机构;科研机构",
        "district": "成华区",
        "weight": 4
      }
    },
    {
      "type": "Feature",
      "geometry": {
        "type": "Point",
        "coordinates": [
          104.136801,
          30.67628
        ]
      },
      "properties": {
        "name": "怡东国际酒店-会议厅",
        "category": "edu",
        "type": "科教文化服务;会展中心;会展中心",
        "district": "成华区",
        "weight": 2
      }
    },
    {
      "type": "Feature",
      "geometry": {
        "type": "Point",
        "coordinates": [
          104.142058,
          30.672854
        ]
      },
      "properties": {
        "name": "成都理工大学-银杏园",
        "category": "edu",
        "type": "科教文化服务;科教文化场所;科教文化场所",
        "district": "成华区",
        "weight": 1
      }
    },
    {
      "type": "Feature",
      "geometry": {
        "type": "Point",
        "coordinates": [
          104.138221,
          30.677911
        ]
      },
      "properties": {
        "name": "成都理工大学(中门)",
        "category": "edu",
        "type": "科教文化服务;科教文化场所;科教文化场所",
        "district": "成华区",
        "weight": 1
      }
    },
    {
      "type": "Feature",
      "geometry": {
        "type": "Point",
        "coordinates": [
          104.137855,
          30.672052
        ]
      },
      "properties": {
        "name": "二仙桥街道社会组织培育中心",
        "category": "edu",
        "type": "科教文化服务;培训机构;培训机构",
        "district": "成华区",
        "weight": 2
      }
    },
    {
      "type": "Feature",
      "geometry": {
        "type": "Point",
        "coordinates": [
          104.137465,
          30.67939
        ]
      },
      "properties": {
        "name": "精微至善社区教育中心",
        "category": "edu",
        "type": "科教文化服务;培训机构;培训机构",
        "district": "成华区",
        "weight": 1
      }
    },
    {
      "type": "Feature",
      "geometry": {
        "type": "Point",
        "coordinates": [
          104.136362,
          30.670061
        ]
      },
      "properties": {
        "name": "开心哈乐室内儿童主题亲子乐园",
        "category": "edu",
        "type": "科教文化服务;科教文化场所;科教文化场所",
        "district": "成华区",
        "weight": 1
      }
    },
    {
      "type": "Feature",
      "geometry": {
        "type": "Point",
        "coordinates": [
          104.145878,
          30.678718
        ]
      },
      "properties": {
        "name": "成都理工大学附属小学",
        "category": "edu",
        "type": "科教文化服务;学校;小学",
        "district": "成华区",
        "weight": 5
      }
    },
    {
      "type": "Feature",
      "geometry": {
        "type": "Point",
        "coordinates": [
          104.148942,
          30.67868
        ]
      },
      "properties": {
        "name": "新图书馆",
        "category": "edu",
        "type": "科教文化服务;图书馆;图书馆",
        "district": "成华区",
        "weight": 2
      }
    },
    {
      "type": "Feature",
      "geometry": {
        "type": "Point",
        "coordinates": [
          104.146016,
          30.673554
        ]
      },
      "properties": {
        "name": "成都理工大学珙桐园GB01-GB05教室",
        "category": "edu",
        "type": "科教文化服务;学校;高等院校",
        "district": "成华区",
        "weight": 1
      }
    },
    {
      "type": "Feature",
      "geometry": {
        "type": "Point",
        "coordinates": [
          104.152181,
          30.673696
        ]
      },
      "properties": {
        "name": "蓓蕾幼儿园",
        "category": "edu",
        "type": "科教文化服务;学校;幼儿园",
        "district": "成华区",
        "weight": 1
      }
    },
    {
      "type": "Feature",
      "geometry": {
        "type": "Point",
        "coordinates": [
          104.146922,
          30.674074
        ]
      },
      "properties": {
        "name": "成都理工大学-珙桐园GA01-GA05教室",
        "category": "edu",
        "type": "科教文化服务;学校;高等院校",
        "district": "成华区",
        "weight": 2
      }
    },
    {
      "type": "Feature",
      "geometry": {
        "type": "Point",
        "coordinates": [
          104.145187,
          30.675934
        ]
      },
      "properties": {
        "name": "成都理工大学大型泥石流试验室",
        "category": "edu",
        "type": "科教文化服务;科研机构;科研机构",
        "district": "成华区",
        "weight": 4
      }
    },
    {
      "type": "Feature",
      "geometry": {
        "type": "Point",
        "coordinates": [
          104.143979,
          30.67377
        ]
      },
      "properties": {
        "name": "成华区篮球培训班(训练营)",
        "category": "edu",
        "type": "科教文化服务;培训机构;培训机构",
        "district": "成华区",
        "weight": 1
      }
    },
    {
      "type": "Feature",
      "geometry": {
        "type": "Point",
        "coordinates": [
          104.156248,
          30.671063
        ]
      },
      "properties": {
        "name": "长林盘社区文化活动中心",
        "category": "edu",
        "type": "科教文化服务;文化宫;文化宫",
        "district": "成华区",
        "weight": 1
      }
    },
    {
      "type": "Feature",
      "geometry": {
        "type": "Point",
        "coordinates": [
          103.966212,
          30.661628
        ]
      },
      "properties": {
        "name": "成都大郎文化传播有限公司",
        "category": "edu",
        "type": "科教文化服务;传媒机构;传媒机构",
        "district": "青羊区",
        "weight": 1
      }
    },
    {
      "type": "Feature",
      "geometry": {
        "type": "Point",
        "coordinates": [
          103.964641,
          30.665255
        ]
      },
      "properties": {
        "name": "红灵新世纪幼儿园",
        "category": "edu",
        "type": "科教文化服务;学校;幼儿园",
        "district": "武侯区",
        "weight": 1
      }
    },
    {
      "type": "Feature",
      "geometry": {
        "type": "Point",
        "coordinates": [
          103.968476,
          30.666671
        ]
      },
      "properties": {
        "name": "书画培训",
        "category": "edu",
        "type": "科教文化服务;培训机构;培训机构",
        "district": "青羊区",
        "weight": 3
      }
    },
    {
      "type": "Feature",
      "geometry": {
        "type": "Point",
        "coordinates": [
          103.972076,
          30.6614
        ]
      },
      "properties": {
        "name": "思维多应用技术研究所",
        "category": "edu",
        "type": "科教文化服务;科研机构;科研机构",
        "district": "武侯区",
        "weight": 1
      }
    },
    {
      "type": "Feature",
      "geometry": {
        "type": "Point",
        "coordinates": [
          103.976239,
          30.667894
        ]
      },
      "properties": {
        "name": "汉唐书苑",
        "category": "edu",
        "type": "科教文化服务;培训机构;培训机构",
        "district": "青羊区",
        "weight": 16
      }
    },
    {
      "type": "Feature",
      "geometry": {
        "type": "Point",
        "coordinates": [
          103.976187,
          30.665772
        ]
      },
      "properties": {
        "name": "红黄蓝幼稚园(培风路)",
        "category": "edu",
        "type": "科教文化服务;学校;幼儿园",
        "district": "青羊区",
        "weight": 1
      }
    },
    {
      "type": "Feature",
      "geometry": {
        "type": "Point",
        "coordinates": [
          103.977552,
          30.663734
        ]
      },
      "properties": {
        "name": "新智慧树幼稚园",
        "category": "edu",
        "type": "科教文化服务;学校;幼儿园",
        "district": "青羊区",
        "weight": 1
      }
    },
    {
      "type": "Feature",
      "geometry": {
        "type": "Point",
        "coordinates": [
          103.983574,
          30.668811
        ]
      },
      "properties": {
        "name": "原香面包教室",
        "category": "edu",
        "type": "科教文化服务;培训机构;培训机构",
        "district": "青羊区",
        "weight": 1
      }
    },
    {
      "type": "Feature",
      "geometry": {
        "type": "Point",
        "coordinates": [
          103.993787,
          30.665888
        ]
      },
      "properties": {
        "name": "博艺天才",
        "category": "edu",
        "type": "科教文化服务;培训机构;培训机构",
        "district": "青羊区",
        "weight": 13
      }
    },
    {
      "type": "Feature",
      "geometry": {
        "type": "Point",
        "coordinates": [
          103.993438,
          30.667656
        ]
      },
      "properties": {
        "name": "美爱亲子早教中心",
        "category": "edu",
        "type": "科教文化服务;学校;幼儿园",
        "district": "青羊区",
        "weight": 2
      }
    },
    {
      "type": "Feature",
      "geometry": {
        "type": "Point",
        "coordinates": [
          103.99359,
          30.66109
        ]
      },
      "properties": {
        "name": "美亚幼儿园",
        "category": "edu",
        "type": "科教文化服务;学校;幼儿园",
        "district": "青羊区",
        "weight": 1
      }
    },
    {
      "type": "Feature",
      "geometry": {
        "type": "Point",
        "coordinates": [
          103.987381,
          30.667621
        ]
      },
      "properties": {
        "name": "残疾人托管中心",
        "category": "edu",
        "type": "科教文化服务;科教文化场所;科教文化场所",
        "district": "青羊区",
        "weight": 4
      }
    },
    {
      "type": "Feature",
      "geometry": {
        "type": "Point",
        "coordinates": [
          103.991708,
          30.667308
        ]
      },
      "properties": {
        "name": "名师点拨学校",
        "category": "edu",
        "type": "科教文化服务;科教文化场所;科教文化场所",
        "district": "青羊区",
        "weight": 1
      }
    },
    {
      "type": "Feature",
      "geometry": {
        "type": "Point",
        "coordinates": [
          103.991094,
          30.663209
        ]
      },
      "properties": {
        "name": "七音英语",
        "category": "edu",
        "type": "科教文化服务;培训机构;培训机构",
        "district": "青羊区",
        "weight": 1
      }
    },
    {
      "type": "Feature",
      "geometry": {
        "type": "Point",
        "coordinates": [
          103.988046,
          30.666418
        ]
      },
      "properties": {
        "name": "悠扬艺术培训学校",
        "category": "edu",
        "type": "科教文化服务;培训机构;培训机构",
        "district": "青羊区",
        "weight": 1
      }
    },
    {
      "type": "Feature",
      "geometry": {
        "type": "Point",
        "coordinates": [
          103.989978,
          30.669033
        ]
      },
      "properties": {
        "name": "成都电视台艺海星培训基地",
        "category": "edu",
        "type": "科教文化服务;培训机构;培训机构",
        "district": "青羊区",
        "weight": 3
      }
    },
    {
      "type": "Feature",
      "geometry": {
        "type": "Point",
        "coordinates": [
          103.992946,
          30.669351
        ]
      },
      "properties": {
        "name": "红菱艳教育",
        "category": "edu",
        "type": "科教文化服务;培训机构;培训机构",
        "district": "青羊区",
        "weight": 1
      }
    },
    {
      "type": "Feature",
      "geometry": {
        "type": "Point",
        "coordinates": [
          103.995276,
          30.668945
        ]
      },
      "properties": {
        "name": "成都市青羊区图书馆",
        "category": "edu",
        "type": "科教文化服务;图书馆;图书馆",
        "district": "青羊区",
        "weight": 6
      }
    },
    {
      "type": "Feature",
      "geometry": {
        "type": "Point",
        "coordinates": [
          104.000053,
          30.665197
        ]
      },
      "properties": {
        "name": "科乐绘自然学堂",
        "category": "edu",
        "type": "科教文化服务;培训机构;培训机构",
        "district": "青羊区",
        "weight": 7
      }
    },
    {
      "type": "Feature",
      "geometry": {
        "type": "Point",
        "coordinates": [
          103.994092,
          30.663187
        ]
      },
      "properties": {
        "name": "慧笙书院",
        "category": "edu",
        "type": "科教文化服务;培训机构;培训机构",
        "district": "青羊区",
        "weight": 5
      }
    },
    {
      "type": "Feature",
      "geometry": {
        "type": "Point",
        "coordinates": [
          104.000729,
          30.666951
        ]
      },
      "properties": {
        "name": "成都市青羊实验中学(优品道校区)",
        "category": "edu",
        "type": "科教文化服务;学校;中学",
        "district": "青羊区",
        "weight": 1
      }
    },
    {
      "type": "Feature",
      "geometry": {
        "type": "Point",
        "coordinates": [
          103.998405,
          30.667364
        ]
      },
      "properties": {
        "name": "四川艺术职业学院",
        "category": "edu",
        "type": "科教文化服务;学校;高等院校",
        "district": "青羊区",
        "weight": 6
      }
    },
    {
      "type": "Feature",
      "geometry": {
        "type": "Point",
        "coordinates": [
          103.998777,
          30.661924
        ]
      },
      "properties": {
        "name": "金世纪皇家幼儿园",
        "category": "edu",
        "type": "科教文化服务;学校;幼儿园",
        "district": "武侯区",
        "weight": 1
      }
    },
    {
      "type": "Feature",
      "geometry": {
        "type": "Point",
        "coordinates": [
          104.002041,
          30.667323
        ]
      },
      "properties": {
        "name": "翰林国际教育",
        "category": "edu",
        "type": "科教文化服务;培训机构;培训机构",
        "district": "青羊区",
        "weight": 4
      }
    },
    {
      "type": "Feature",
      "geometry": {
        "type": "Point",
        "coordinates": [
          103.998854,
          30.661019
        ]
      },
      "properties": {
        "name": "许博士全脑教育学校",
        "category": "edu",
        "type": "科教文化服务;学校;幼儿园",
        "district": "武侯区",
        "weight": 1
      }
    },
    {
      "type": "Feature",
      "geometry": {
        "type": "Point",
        "coordinates": [
          103.999851,
          30.660215
        ]
      },
      "properties": {
        "name": "成都康华口腔研究中心",
        "category": "edu",
        "type": "科教文化服务;科研机构;科研机构",
        "district": "武侯区",
        "weight": 2
      }
    },
    {
      "type": "Feature",
      "geometry": {
        "type": "Point",
        "coordinates": [
          104.001627,
          30.665948
        ]
      },
      "properties": {
        "name": "戈果美语",
        "category": "edu",
        "type": "科教文化服务;培训机构;培训机构",
        "district": "青羊区",
        "weight": 3
      }
    },
    {
      "type": "Feature",
      "geometry": {
        "type": "Point",
        "coordinates": [
          103.995093,
          30.667398
        ]
      },
      "properties": {
        "name": "我·创想艺术教育",
        "category": "edu",
        "type": "科教文化服务;培训机构;培训机构",
        "district": "青羊区",
        "weight": 1
      }
    },
    {
      "type": "Feature",
      "geometry": {
        "type": "Point",
        "coordinates": [
          104.00081,
          30.668909
        ]
      },
      "properties": {
        "name": "高等教育自学考试助学园区",
        "category": "edu",
        "type": "科教文化服务;科教文化场所;科教文化场所",
        "district": "青羊区",
        "weight": 1
      }
    },
    {
      "type": "Feature",
      "geometry": {
        "type": "Point",
        "coordinates": [
          104.003674,
          30.668987
        ]
      },
      "properties": {
        "name": "艺蒙美术",
        "category": "edu",
        "type": "科教文化服务;培训机构;培训机构",
        "district": "青羊区",
        "weight": 1
      }
    },
    {
      "type": "Feature",
      "geometry": {
        "type": "Point",
        "coordinates": [
          103.996957,
          30.667983
        ]
      },
      "properties": {
        "name": "银河时光机器人(玉宇路)",
        "category": "edu",
        "type": "科教文化服务;培训机构;培训机构",
        "district": "青羊区",
        "weight": 1
      }
    },
    {
      "type": "Feature",
      "geometry": {
        "type": "Point",
        "coordinates": [
          104.00151,
          30.660159
        ]
      },
      "properties": {
        "name": "华医牙科研究所(沙堰街)",
        "category": "edu",
        "type": "科教文化服务;科研机构;科研机构",
        "district": "武侯区",
        "weight": 1
      }
    },
    {
      "type": "Feature",
      "geometry": {
        "type": "Point",
        "coordinates": [
          104.012768,
          30.665999
        ]
      },
      "properties": {
        "name": "问书堂",
        "category": "edu",
        "type": "科教文化服务;培训机构;培训机构",
        "district": "青羊区",
        "weight": 45
      }
    },
    {
      "type": "Feature",
      "geometry": {
        "type": "Point",
        "coordinates": [
          104.005148,
          30.665817
        ]
      },
      "properties": {
        "name": "广育书院",
        "category": "edu",
        "type": "科教文化服务;培训机构;培训机构",
        "district": "青羊区",
        "weight": 24
      }
    },
    {
      "type": "Feature",
      "geometry": {
        "type": "Point",
        "coordinates": [
          104.010651,
          30.662525
        ]
      },
      "properties": {
        "name": "庆熙教育",
        "category": "edu",
        "type": "科教文化服务;培训机构;培训机构",
        "district": "青羊区",
        "weight": 4
      }
    },
    {
      "type": "Feature",
      "geometry": {
        "type": "Point",
        "coordinates": [
          104.0094,
          30.666077
        ]
      },
      "properties": {
        "name": "四川管理职业学院",
        "category": "edu",
        "type": "科教文化服务;学校;职业技术学校",
        "district": "青羊区",
        "weight": 13
      }
    },
    {
      "type": "Feature",
      "geometry": {
        "type": "Point",
        "coordinates": [
          104.006489,
          30.661255
        ]
      },
      "properties": {
        "name": "伏羲之家",
        "category": "edu",
        "type": "科教文化服务;学校;幼儿园",
        "district": "青羊区",
        "weight": 17
      }
    },
    {
      "type": "Feature",
      "geometry": {
        "type": "Point",
        "coordinates": [
          104.006772,
          30.669488
        ]
      },
      "properties": {
        "name": "童之梦",
        "category": "edu",
        "type": "科教文化服务;学校;幼儿园",
        "district": "青羊区",
        "weight": 1
      }
    },
    {
      "type": "Feature",
      "geometry": {
        "type": "Point",
        "coordinates": [
          104.008202,
          30.660595
        ]
      },
      "properties": {
        "name": "大熊猫爱心幼儿园",
        "category": "edu",
        "type": "科教文化服务;学校;幼儿园",
        "district": "青羊区",
        "weight": 2
      }
    },
    {
      "type": "Feature",
      "geometry": {
        "type": "Point",
        "coordinates": [
          104.0076,
          30.667115
        ]
      },
      "properties": {
        "name": "佳利艺校",
        "category": "edu",
        "type": "科教文化服务;学校;职业技术学校",
        "district": "青羊区",
        "weight": 1
      }
    },
    {
      "type": "Feature",
      "geometry": {
        "type": "Point",
        "coordinates": [
          104.013459,
          30.661061
        ]
      },
      "properties": {
        "name": "国际私塾(光华教学点)",
        "category": "edu",
        "type": "科教文化服务;培训机构;培训机构",
        "district": "青羊区",
        "weight": 1
      }
    },
    {
      "type": "Feature",
      "geometry": {
        "type": "Point",
        "coordinates": [
          104.020833,
          30.663177
        ]
      },
      "properties": {
        "name": "成都市文化馆",
        "category": "edu",
        "type": "科教文化服务;文化宫;文化宫",
        "district": "青羊区",
        "weight": 5
      }
    },
    {
      "type": "Feature",
      "geometry": {
        "type": "Point",
        "coordinates": [
          104.019418,
          30.660223
        ]
      },
      "properties": {
        "name": "成都市文化艺术学校",
        "category": "edu",
        "type": "科教文化服务;学校;职业技术学校",
        "district": "青羊区",
        "weight": 5
      }
    },
    {
      "type": "Feature",
      "geometry": {
        "type": "Point",
        "coordinates": [
          104.018594,
          30.66237
        ]
      },
      "properties": {
        "name": "成都新语文化传播有限公司",
        "category": "edu",
        "type": "科教文化服务;科教文化场所;科教文化场所",
        "district": "青羊区",
        "weight": 1
      }
    },
    {
      "type": "Feature",
      "geometry": {
        "type": "Point",
        "coordinates": [
          104.013909,
          30.663061
        ]
      },
      "properties": {
        "name": "天天向上文化艺术培训中心",
        "category": "edu",
        "type": "科教文化服务;培训机构;培训机构",
        "district": "青羊区",
        "weight": 1
      }
    },
    {
      "type": "Feature",
      "geometry": {
        "type": "Point",
        "coordinates": [
          104.017385,
          30.66476
        ]
      },
      "properties": {
        "name": "通途教育",
        "category": "edu",
        "type": "科教文化服务;培训机构;培训机构",
        "district": "青羊区",
        "weight": 20
      }
    },
    {
      "type": "Feature",
      "geometry": {
        "type": "Point",
        "coordinates": [
          104.015426,
          30.666277
        ]
      },
      "properties": {
        "name": "四川行政学院",
        "category": "edu",
        "type": "科教文化服务;学校;高等院校",
        "district": "青羊区",
        "weight": 3
      }
    },
    {
      "type": "Feature",
      "geometry": {
        "type": "Point",
        "coordinates": [
          104.019977,
          30.669316
        ]
      },
      "properties": {
        "name": "梦缘博物馆",
        "category": "edu",
        "type": "科教文化服务;博物馆;博物馆",
        "district": "青羊区",
        "weight": 1
      }
    },
    {
      "type": "Feature",
      "geometry": {
        "type": "Point",
        "coordinates": [
          104.02244,
          30.664328
        ]
      },
      "properties": {
        "name": "四川法商专修学院",
        "category": "edu",
        "type": "科教文化服务;学校;高等院校",
        "district": "青羊区",
        "weight": 3
      }
    },
    {
      "type": "Feature",
      "geometry": {
        "type": "Point",
        "coordinates": [
          104.021915,
          30.669197
        ]
      },
      "properties": {
        "name": "成都音乐幼儿园",
        "category": "edu",
        "type": "科教文化服务;学校;幼儿园",
        "district": "青羊区",
        "weight": 1
      }
    },
    {
      "type": "Feature",
      "geometry": {
        "type": "Point",
        "coordinates": [
          104.020228,
          30.66476
        ]
      },
      "properties": {
        "name": "四川省妇女干部学校",
        "category": "edu",
        "type": "科教文化服务;学校;成人教育",
        "district": "青羊区",
        "weight": 4
      }
    },
    {
      "type": "Feature",
      "geometry": {
        "type": "Point",
        "coordinates": [
          104.021674,
          30.665633
        ]
      },
      "properties": {
        "name": "四川省煤田测绘工程院",
        "category": "edu",
        "type": "科教文化服务;科研机构;科研机构",
        "district": "青羊区",
        "weight": 4
      }
    },
    {
      "type": "Feature",
      "geometry": {
        "type": "Point",
        "coordinates": [
          104.020444,
          30.668114
        ]
      },
      "properties": {
        "name": "联谊·嘉尚幼稚园",
        "category": "edu",
        "type": "科教文化服务;学校;幼儿园",
        "district": "青羊区",
        "weight": 1
      }
    },
    {
      "type": "Feature",
      "geometry": {
        "type": "Point",
        "coordinates": [
          104.015807,
          30.667838
        ]
      },
      "properties": {
        "name": "四川省委党校-教学大楼",
        "category": "edu",
        "type": "科教文化服务;科教文化场所;科教文化场所",
        "district": "青羊区",
        "weight": 1
      }
    },
    {
      "type": "Feature",
      "geometry": {
        "type": "Point",
        "coordinates": [
          104.017792,
          30.667525
        ]
      },
      "properties": {
        "name": "私立育文蒙特梭利幼儿园",
        "category": "edu",
        "type": "科教文化服务;学校;幼儿园",
        "district": "青羊区",
        "weight": 2
      }
    },
    {
      "type": "Feature",
      "geometry": {
        "type": "Point",
        "coordinates": [
          104.017726,
          30.669218
        ]
      },
      "properties": {
        "name": "财大社区教育工作站",
        "category": "edu",
        "type": "科教文化服务;科教文化场所;科教文化场所",
        "district": "青羊区",
        "weight": 2
      }
    },
    {
      "type": "Feature",
      "geometry": {
        "type": "Point",
        "coordinates": [
          104.01982,
          30.66712
        ]
      },
      "properties": {
        "name": "龙文教育(草堂北支路)",
        "category": "edu",
        "type": "科教文化服务;培训机构;培训机构",
        "district": "青羊区",
        "weight": 1
      }
    },
    {
      "type": "Feature",
      "geometry": {
        "type": "Point",
        "coordinates": [
          104.015345,
          30.662554
        ]
      },
      "properties": {
        "name": "四川省科普教育基地",
        "category": "edu",
        "type": "科教文化服务;培训机构;培训机构",
        "district": "青羊区",
        "weight": 2
      }
    },
    {
      "type": "Feature",
      "geometry": {
        "type": "Point",
        "coordinates": [
          104.024265,
          30.662548
        ]
      },
      "properties": {
        "name": "诗圣文化园",
        "category": "edu",
        "type": "科教文化服务;科教文化场所;科教文化场所",
        "district": "青羊区",
        "weight": 4
      }
    },
    {
      "type": "Feature",
      "geometry": {
        "type": "Point",
        "coordinates": [
          104.031311,
          30.662873
        ]
      },
      "properties": {
        "name": "娇子雅集",
        "category": "edu",
        "type": "科教文化服务;展览馆;展览馆",
        "district": "青羊区",
        "weight": 10
      }
    },
    {
      "type": "Feature",
      "geometry": {
        "type": "Point",
        "coordinates": [
          104.032621,
          30.665467
        ]
      },
      "properties": {
        "name": "武汉大学西南研究院",
        "category": "edu",
        "type": "科教文化服务;科研机构;科研机构",
        "district": "青羊区",
        "weight": 13
      }
    },
    {
      "type": "Feature",
      "geometry": {
        "type": "Point",
        "coordinates": [
          104.027252,
          30.665021
        ]
      },
      "properties": {
        "name": "成都中大中医研究院",
        "category": "edu",
        "type": "科教文化服务;科研机构;科研机构",
        "district": "青羊区",
        "weight": 5
      }
    },
    {
      "type": "Feature",
      "geometry": {
        "type": "Point",
        "coordinates": [
          104.024561,
          30.66703
        ]
      },
      "properties": {
        "name": "奇趣新闻天地",
        "category": "edu",
        "type": "科教文化服务;科教文化场所;科教文化场所",
        "district": "青羊区",
        "weight": 7
      }
    },
    {
      "type": "Feature",
      "geometry": {
        "type": "Point",
        "coordinates": [
          104.033497,
          30.660423
        ]
      },
      "properties": {
        "name": "草堂小学",
        "category": "edu",
        "type": "科教文化服务;学校;小学",
        "district": "青羊区",
        "weight": 10
      }
    },
    {
      "type": "Feature",
      "geometry": {
        "type": "Point",
        "coordinates": [
          104.028952,
          30.665373
        ]
      },
      "properties": {
        "name": "国网四川电科院",
        "category": "edu",
        "type": "科教文化服务;科研机构;科研机构",
        "district": "青羊区",
        "weight": 3
      }
    },
    {
      "type": "Feature",
      "geometry": {
        "type": "Point",
        "coordinates": [
          104.030395,
          30.66537
        ]
      },
      "properties": {
        "name": "水利部四川院",
        "category": "edu",
        "type": "科教文化服务;科研机构;科研机构",
        "district": "青羊区",
        "weight": 2
      }
    },
    {
      "type": "Feature",
      "geometry": {
        "type": "Point",
        "coordinates": [
          104.026376,
          30.661727
        ]
      },
      "properties": {
        "name": "草堂别馆",
        "category": "edu",
        "type": "科教文化服务;博物馆;博物馆",
        "district": "青羊区",
        "weight": 4
      }
    },
    {
      "type": "Feature",
      "geometry": {
        "type": "Point",
        "coordinates": [
          104.028733,
          30.66925
        ]
      },
      "properties": {
        "name": "草堂幼儿园",
        "category": "edu",
        "type": "科教文化服务;学校;幼儿园",
        "district": "青羊区",
        "weight": 1
      }
    },
    {
      "type": "Feature",
      "geometry": {
        "type": "Point",
        "coordinates": [
          104.029536,
          30.659776
        ]
      },
      "properties": {
        "name": "成都文艺之家",
        "category": "edu",
        "type": "科教文化服务;展览馆;展览馆",
        "district": "青羊区",
        "weight": 1
      }
    },
    {
      "type": "Feature",
      "geometry": {
        "type": "Point",
        "coordinates": [
          104.033229,
          30.663461
        ]
      },
      "properties": {
        "name": "成鑫苑酒店-会议厅",
        "category": "edu",
        "type": "科教文化服务;会展中心;会展中心",
        "district": "青羊区",
        "weight": 1
      }
    },
    {
      "type": "Feature",
      "geometry": {
        "type": "Point",
        "coordinates": [
          104.031144,
          30.668817
        ]
      },
      "properties": {
        "name": "成都萌芽乐乐园",
        "category": "edu",
        "type": "科教文化服务;学校;幼儿园",
        "district": "青羊区",
        "weight": 3
      }
    },
    {
      "type": "Feature",
      "geometry": {
        "type": "Point",
        "coordinates": [
          104.032535,
          30.662539
        ]
      },
      "properties": {
        "name": "青羊区草堂街道文体活动中心",
        "category": "edu",
        "type": "科教文化服务;文化宫;文化宫",
        "district": "青羊区",
        "weight": 1
      }
    },
    {
      "type": "Feature",
      "geometry": {
        "type": "Point",
        "coordinates": [
          104.02645,
          30.667879
        ]
      },
      "properties": {
        "name": "小升初名校签约班",
        "category": "edu",
        "type": "科教文化服务;科教文化场所;科教文化场所",
        "district": "青羊区",
        "weight": 3
      }
    },
    {
      "type": "Feature",
      "geometry": {
        "type": "Point",
        "coordinates": [
          104.024178,
          30.668793
        ]
      },
      "properties": {
        "name": "天天向上托辅中心",
        "category": "edu",
        "type": "科教文化服务;科教文化场所;科教文化场所",
        "district": "青羊区",
        "weight": 1
      }
    },
    {
      "type": "Feature",
      "geometry": {
        "type": "Point",
        "coordinates": [
          104.027015,
          30.669282
        ]
      },
      "properties": {
        "name": "垒艺艺术培训中心",
        "category": "edu",
        "type": "科教文化服务;培训机构;培训机构",
        "district": "青羊区",
        "weight": 1
      }
    },
    {
      "type": "Feature",
      "geometry": {
        "type": "Point",
        "coordinates": [
          104.031393,
          30.664272
        ]
      },
      "properties": {
        "name": "君庭艺术鉴赏空间",
        "category": "edu",
        "type": "科教文化服务;科教文化场所;科教文化场所",
        "district": "青羊区",
        "weight": 1
      }
    },
    {
      "type": "Feature",
      "geometry": {
        "type": "Point",
        "coordinates": [
          104.041046,
          30.66477
        ]
      },
      "properties": {
        "name": "老庄书院",
        "category": "edu",
        "type": "科教文化服务;培训机构;培训机构",
        "district": "青羊区",
        "weight": 2
      }
    },
    {
      "type": "Feature",
      "geometry": {
        "type": "Point",
        "coordinates": [
          104.037447,
          30.66846
        ]
      },
      "properties": {
        "name": "川软教育",
        "category": "edu",
        "type": "科教文化服务;培训机构;培训机构",
        "district": "青羊区",
        "weight": 8
      }
    },
    {
      "type": "Feature",
      "geometry": {
        "type": "Point",
        "coordinates": [
          104.034684,
          30.666891
        ]
      },
      "properties": {
        "name": "展奥教育",
        "category": "edu",
        "type": "科教文化服务;培训机构;培训机构",
        "district": "青羊区",
        "weight": 8
      }
    },
    {
      "type": "Feature",
      "geometry": {
        "type": "Point",
        "coordinates": [
          104.036229,
          30.663197
        ]
      },
      "properties": {
        "name": "智康教育",
        "category": "edu",
        "type": "科教文化服务;培训机构;培训机构",
        "district": "青羊区",
        "weight": 3
      }
    },
    {
      "type": "Feature",
      "geometry": {
        "type": "Point",
        "coordinates": [
          104.038017,
          30.663391
        ]
      },
      "properties": {
        "name": "草堂街道综合文化活动中心",
        "category": "edu",
        "type": "科教文化服务;文化宫;文化宫",
        "district": "青羊区",
        "weight": 5
      }
    },
    {
      "type": "Feature",
      "geometry": {
        "type": "Point",
        "coordinates": [
          104.03895,
          30.665458
        ]
      },
      "properties": {
        "name": "东华西点师培训",
        "category": "edu",
        "type": "科教文化服务;培训机构;培训机构",
        "district": "青羊区",
        "weight": 13
      }
    },
    {
      "type": "Feature",
      "geometry": {
        "type": "Point",
        "coordinates": [
          104.041048,
          30.66773
        ]
      },
      "properties": {
        "name": "医大教育",
        "category": "edu",
        "type": "科教文化服务;培训机构;培训机构",
        "district": "金牛区",
        "weight": 27
      }
    },
    {
      "type": "Feature",
      "geometry": {
        "type": "Point",
        "coordinates": [
          104.037696,
          30.661725
        ]
      },
      "properties": {
        "name": "大嘴外教",
        "category": "edu",
        "type": "科教文化服务;科教文化场所;科教文化场所",
        "district": "青羊区",
        "weight": 7
      }
    },
    {
      "type": "Feature",
      "geometry": {
        "type": "Point",
        "coordinates": [
          104.042822,
          30.662087
        ]
      },
      "properties": {
        "name": "诗婢家美术馆",
        "category": "edu",
        "type": "科教文化服务;美术馆;美术馆",
        "district": "青羊区",
        "weight": 3
      }
    },
    {
      "type": "Feature",
      "geometry": {
        "type": "Point",
        "coordinates": [
          104.03875,
          30.660186
        ]
      },
      "properties": {
        "name": "四川画院瀞园",
        "category": "edu",
        "type": "科教文化服务;科教文化场所;科教文化场所",
        "district": "青羊区",
        "weight": 4
      }
    },
    {
      "type": "Feature",
      "geometry": {
        "type": "Point",
        "coordinates": [
          104.036947,
          30.660093
        ]
      },
      "properties": {
        "name": "青羊横街小学",
        "category": "edu",
        "type": "科教文化服务;学校;小学",
        "district": "青羊区",
        "weight": 1
      }
    },
    {
      "type": "Feature",
      "geometry": {
        "type": "Point",
        "coordinates": [
          104.037397,
          30.665572
        ]
      },
      "properties": {
        "name": "四川省医学院科学院·四川省人民医院-中央计算机房",
        "category": "edu",
        "type": "科教文化服务;学校;高等院校",
        "district": "青羊区",
        "weight": 1
      }
    },
    {
      "type": "Feature",
      "geometry": {
        "type": "Point",
        "coordinates": [
          104.038617,
          30.66767
        ]
      },
      "properties": {
        "name": "西南华西颈腰椎研究院",
        "category": "edu",
        "type": "科教文化服务;科研机构;科研机构",
        "district": "青羊区",
        "weight": 1
      }
    },
    {
      "type": "Feature",
      "geometry": {
        "type": "Point",
        "coordinates": [
          104.036435,
          30.667023
        ]
      },
      "properties": {
        "name": "四川正大药物研究所",
        "category": "edu",
        "type": "科教文化服务;科研机构;科研机构",
        "district": "青羊区",
        "weight": 1
      }
    },
    {
      "type": "Feature",
      "geometry": {
        "type": "Point",
        "coordinates": [
          104.041755,
          30.659664
        ]
      },
      "properties": {
        "name": "邵仲节牡丹艺术研究会",
        "category": "edu",
        "type": "科教文化服务;科研机构;科研机构",
        "district": "青羊区",
        "weight": 2
      }
    },
    {
      "type": "Feature",
      "geometry": {
        "type": "Point",
        "coordinates": [
          104.034584,
          30.668958
        ]
      },
      "properties": {
        "name": "四川电力职业技术学院-成堪幼儿园",
        "category": "edu",
        "type": "科教文化服务;学校;幼儿园",
        "district": "青羊区",
        "weight": 1
      }
    },
    {
      "type": "Feature",
      "geometry": {
        "type": "Point",
        "coordinates": [
          104.03957,
          30.66192
        ]
      },
      "properties": {
        "name": "智能沙画",
        "category": "edu",
        "type": "科教文化服务;科教文化场所;科教文化场所",
        "district": "青羊区",
        "weight": 2
      }
    },
    {
      "type": "Feature",
      "geometry": {
        "type": "Point",
        "coordinates": [
          104.04325,
          30.665473
        ]
      },
      "properties": {
        "name": "纺织科技进展编辑部",
        "category": "edu",
        "type": "科教文化服务;传媒机构;杂志社",
        "district": "青羊区",
        "weight": 4
      }
    },
    {
      "type": "Feature",
      "geometry": {
        "type": "Point",
        "coordinates": [
          104.051544,
          30.662745
        ]
      },
      "properties": {
        "name": "胜西小学",
        "category": "edu",
        "type": "科教文化服务;学校;小学",
        "district": "青羊区",
        "weight": 10
      }
    },
    {
      "type": "Feature",
      "geometry": {
        "type": "Point",
        "coordinates": [
          104.049822,
          30.668161
        ]
      },
      "properties": {
        "name": "翰林图画院",
        "category": "edu",
        "type": "科教文化服务;培训机构;培训机构",
        "district": "青羊区",
        "weight": 8
      }
    },
    {
      "type": "Feature",
      "geometry": {
        "type": "Point",
        "coordinates": [
          104.047801,
          30.665763
        ]
      },
      "properties": {
        "name": "三格青少年教育中心",
        "category": "edu",
        "type": "科教文化服务;科教文化场所;科教文化场所",
        "district": "青羊区",
        "weight": 6
      }
    },
    {
      "type": "Feature",
      "geometry": {
        "type": "Point",
        "coordinates": [
          104.049418,
          30.661871
        ]
      },
      "properties": {
        "name": "少城社区未成年人活动中心",
        "category": "edu",
        "type": "科教文化服务;科教文化场所;科教文化场所",
        "district": "青羊区",
        "weight": 2
      }
    },
    {
      "type": "Feature",
      "geometry": {
        "type": "Point",
        "coordinates": [
          104.053209,
          30.667345
        ]
      },
      "properties": {
        "name": "泡桐树小学",
        "category": "edu",
        "type": "科教文化服务;学校;小学",
        "district": "青羊区",
        "weight": 12
      }
    },
    {
      "type": "Feature",
      "geometry": {
        "type": "Point",
        "coordinates": [
          104.050008,
          30.665345
        ]
      },
      "properties": {
        "name": "琉璃会",
        "category": "edu",
        "type": "科教文化服务;博物馆;博物馆",
        "district": "青羊区",
        "weight": 4
      }
    },
    {
      "type": "Feature",
      "geometry": {
        "type": "Point",
        "coordinates": [
          104.051378,
          30.664467
        ]
      },
      "properties": {
        "name": "少城小学",
        "category": "edu",
        "type": "科教文化服务;学校;小学",
        "district": "青羊区",
        "weight": 2
      }
    },
    {
      "type": "Feature",
      "geometry": {
        "type": "Point",
        "coordinates": [
          104.044296,
          30.668348
        ]
      },
      "properties": {
        "name": "精神文明报社",
        "category": "edu",
        "type": "科教文化服务;传媒机构;报社",
        "district": "金牛区",
        "weight": 9
      }
    },
    {
      "type": "Feature",
      "geometry": {
        "type": "Point",
        "coordinates": [
          104.049493,
          30.662923
        ]
      },
      "properties": {
        "name": "四川省化工设计院",
        "category": "edu",
        "type": "科教文化服务;科研机构;科研机构",
        "district": "青羊区",
        "weight": 1
      }
    },
    {
      "type": "Feature",
      "geometry": {
        "type": "Point",
        "coordinates": [
          104.050276,
          30.661053
        ]
      },
      "properties": {
        "name": "儒道书院",
        "category": "edu",
        "type": "科教文化服务;培训机构;培训机构",
        "district": "青羊区",
        "weight": 5
      }
    },
    {
      "type": "Feature",
      "geometry": {
        "type": "Point",
        "coordinates": [
          104.053284,
          30.664138
        ]
      },
      "properties": {
        "name": "金河宾馆会议中心",
        "category": "edu",
        "type": "科教文化服务;会展中心;会展中心",
        "district": "青羊区",
        "weight": 2
      }
    },
    {
      "type": "Feature",
      "geometry": {
        "type": "Point",
        "coordinates": [
          104.047194,
          30.663293
        ]
      },
      "properties": {
        "name": "联森酒店-会议厅",
        "category": "edu",
        "type": "科教文化服务;会展中心;会展中心",
        "district": "青羊区",
        "weight": 2
      }
    },
    {
      "type": "Feature",
      "geometry": {
        "type": "Point",
        "coordinates": [
          104.052176,
          30.661256
        ]
      },
      "properties": {
        "name": "尚美堂画室",
        "category": "edu",
        "type": "科教文化服务;培训机构;培训机构",
        "district": "青羊区",
        "weight": 8
      }
    },
    {
      "type": "Feature",
      "geometry": {
        "type": "Point",
        "coordinates": [
          104.051996,
          30.665548
        ]
      },
      "properties": {
        "name": "气味图书馆",
        "category": "edu",
        "type": "科教文化服务;图书馆;图书馆",
        "district": "青羊区",
        "weight": 1
      }
    },
    {
      "type": "Feature",
      "geometry": {
        "type": "Point",
        "coordinates": [
          104.044107,
          30.663655
        ]
      },
      "properties": {
        "name": "红台美术馆",
        "category": "edu",
        "type": "科教文化服务;美术馆;美术馆",
        "district": "青羊区",
        "weight": 1
      }
    },
    {
      "type": "Feature",
      "geometry": {
        "type": "Point",
        "coordinates": [
          104.050284,
          30.663906
        ]
      },
      "properties": {
        "name": "成都市城市环境管理科学研究院",
        "category": "edu",
        "type": "科教文化服务;科研机构;科研机构",
        "district": "青羊区",
        "weight": 2
      }
    },
    {
      "type": "Feature",
      "geometry": {
        "type": "Point",
        "coordinates": [
          104.052992,
          30.661989
        ]
      },
      "properties": {
        "name": "左右左画室",
        "category": "edu",
        "type": "科教文化服务;培训机构;培训机构",
        "district": "青羊区",
        "weight": 5
      }
    },
    {
      "type": "Feature",
      "geometry": {
        "type": "Point",
        "coordinates": [
          104.055683,
          30.66172
        ]
      },
      "properties": {
        "name": "正吉教育",
        "category": "edu",
        "type": "科教文化服务;培训机构;培训机构",
        "district": "青羊区",
        "weight": 23
      }
    },
    {
      "type": "Feature",
      "geometry": {
        "type": "Point",
        "coordinates": [
          104.05832,
          30.661797
        ]
      },
      "properties": {
        "name": "西北中学",
        "category": "edu",
        "type": "科教文化服务;学校;中学",
        "district": "青羊区",
        "weight": 109
      }
    },
    {
      "type": "Feature",
      "geometry": {
        "type": "Point",
        "coordinates": [
          104.059696,
          30.664315
        ]
      },
      "properties": {
        "name": "特闪润良文化传媒公司",
        "category": "edu",
        "type": "科教文化服务;科教文化场所;科教文化场所",
        "district": "青羊区",
        "weight": 4
      }
    },
    {
      "type": "Feature",
      "geometry": {
        "type": "Point",
        "coordinates": [
          104.062611,
          30.666966
        ]
      },
      "properties": {
        "name": "新智达教育",
        "category": "edu",
        "type": "科教文化服务;培训机构;培训机构",
        "district": "青羊区",
        "weight": 13
      }
    },
    {
      "type": "Feature",
      "geometry": {
        "type": "Point",
        "coordinates": [
          104.063338,
          30.662607
        ]
      },
      "properties": {
        "name": "四川科技馆",
        "category": "edu",
        "type": "科教文化服务;科技馆;科技馆",
        "district": "青羊区",
        "weight": 2
      }
    },
    {
      "type": "Feature",
      "geometry": {
        "type": "Point",
        "coordinates": [
          104.061087,
          30.661148
        ]
      },
      "properties": {
        "name": "四川省图书馆",
        "category": "edu",
        "type": "科教文化服务;图书馆;图书馆",
        "district": "青羊区",
        "weight": 2
      }
    },
    {
      "type": "Feature",
      "geometry": {
        "type": "Point",
        "coordinates": [
          104.061206,
          30.659752
        ]
      },
      "properties": {
        "name": "成都博物馆新馆",
        "category": "edu",
        "type": "科教文化服务;博物馆;博物馆",
        "district": "青羊区",
        "weight": 1
      }
    },
    {
      "type": "Feature",
      "geometry": {
        "type": "Point",
        "coordinates": [
          104.062225,
          30.661243
        ]
      },
      "properties": {
        "name": "成都国际友城展",
        "category": "edu",
        "type": "科教文化服务;展览馆;展览馆",
        "district": "青羊区",
        "weight": 1
      }
    },
    {
      "type": "Feature",
      "geometry": {
        "type": "Point",
        "coordinates": [
          104.054975,
          30.663506
        ]
      },
      "properties": {
        "name": "爱乐乐团",
        "category": "edu",
        "type": "科教文化服务;科教文化场所;科教文化场所",
        "district": "青羊区",
        "weight": 4
      }
    },
    {
      "type": "Feature",
      "geometry": {
        "type": "Point",
        "coordinates": [
          104.063911,
          30.659034
        ]
      },
      "properties": {
        "name": "国际视频会议中心",
        "category": "edu",
        "type": "科教文化服务;会展中心;会展中心",
        "district": "锦江区",
        "weight": 3
      }
    },
    {
      "type": "Feature",
      "geometry": {
        "type": "Point",
        "coordinates": [
          104.059157,
          30.668975
        ]
      },
      "properties": {
        "name": "成都市羊市街六一幼稚园",
        "category": "edu",
        "type": "科教文化服务;学校;幼儿园",
        "district": "青羊区",
        "weight": 1
      }
    },
    {
      "type": "Feature",
      "geometry": {
        "type": "Point",
        "coordinates": [
          104.055141,
          30.66764
        ]
      },
      "properties": {
        "name": "党史研究室",
        "category": "edu",
        "type": "科教文化服务;科教文化场所;科教文化场所",
        "district": "青羊区",
        "weight": 1
      }
    },
    {
      "type": "Feature",
      "geometry": {
        "type": "Point",
        "coordinates": [
          104.061596,
          30.664752
        ]
      },
      "properties": {
        "name": "总队文工团",
        "category": "edu",
        "type": "科教文化服务;科教文化场所;科教文化场所",
        "district": "青羊区",
        "weight": 1
      }
    },
    {
      "type": "Feature",
      "geometry": {
        "type": "Point",
        "coordinates": [
          104.056975,
          30.659693
        ]
      },
      "properties": {
        "name": "青城山祖师殿接引处",
        "category": "edu",
        "type": "科教文化服务;科教文化场所;科教文化场所",
        "district": "青羊区",
        "weight": 1
      }
    },
    {
      "type": "Feature",
      "geometry": {
        "type": "Point",
        "coordinates": [
          104.055591,
          30.664398
        ]
      },
      "properties": {
        "name": "成都市青羊区社会组织人才培育基地",
        "category": "edu",
        "type": "科教文化服务;科教文化场所;科教文化场所",
        "district": "青羊区",
        "weight": 1
      }
    },
    {
      "type": "Feature",
      "geometry": {
        "type": "Point",
        "coordinates": [
          104.05963,
          30.666712
        ]
      },
      "properties": {
        "name": "四川富利勤广告传媒有限公司",
        "category": "edu",
        "type": "科教文化服务;传媒机构;传媒机构",
        "district": "青羊区",
        "weight": 1
      }
    },
    {
      "type": "Feature",
      "geometry": {
        "type": "Point",
        "coordinates": [
          104.062437,
          30.663945
        ]
      },
      "properties": {
        "name": "三力音乐艺术学校(人民中路一段)",
        "category": "edu",
        "type": "科教文化服务;培训机构;培训机构",
        "district": "青羊区",
        "weight": 1
      }
    },
    {
      "type": "Feature",
      "geometry": {
        "type": "Point",
        "coordinates": [
          104.054631,
          30.664799
        ]
      },
      "properties": {
        "name": "成都市青羊区社会组织人才培训基地",
        "category": "edu",
        "type": "科教文化服务;培训机构;培训机构",
        "district": "青羊区",
        "weight": 1
      }
    },
    {
      "type": "Feature",
      "geometry": {
        "type": "Point",
        "coordinates": [
          104.056794,
          30.668692
        ]
      },
      "properties": {
        "name": "四川西部新农村建设培训中心",
        "category": "edu",
        "type": "科教文化服务;培训机构;培训机构",
        "district": "青羊区",
        "weight": 1
      }
    },
    {
      "type": "Feature",
      "geometry": {
        "type": "Point",
        "coordinates": [
          104.066377,
          30.660257
        ]
      },
      "properties": {
        "name": "黑白文化传媒有限公司",
        "category": "edu",
        "type": "科教文化服务;科教文化场所;科教文化场所",
        "district": "锦江区",
        "weight": 1
      }
    },
    {
      "type": "Feature",
      "geometry": {
        "type": "Point",
        "coordinates": [
          104.068598,
          30.666372
        ]
      },
      "properties": {
        "name": "中学生",
        "category": "edu",
        "type": "科教文化服务;科教文化场所;科教文化场所",
        "district": "青羊区",
        "weight": 97
      }
    },
    {
      "type": "Feature",
      "geometry": {
        "type": "Point",
        "coordinates": [
          104.067438,
          30.662354
        ]
      },
      "properties": {
        "name": "建明外语",
        "category": "edu",
        "type": "科教文化服务;培训机构;培训机构",
        "district": "青羊区",
        "weight": 32
      }
    },
    {
      "type": "Feature",
      "geometry": {
        "type": "Point",
        "coordinates": [
          104.072196,
          30.662373
        ]
      },
      "properties": {
        "name": "人民日报",
        "category": "edu",
        "type": "科教文化服务;传媒机构;报社",
        "district": "青羊区",
        "weight": 20
      }
    },
    {
      "type": "Feature",
      "geometry": {
        "type": "Point",
        "coordinates": [
          104.065363,
          30.660014
        ]
      },
      "properties": {
        "name": "锦城艺术宫",
        "category": "edu",
        "type": "科教文化服务;文化宫;文化宫",
        "district": "锦江区",
        "weight": 1
      }
    },
    {
      "type": "Feature",
      "geometry": {
        "type": "Point",
        "coordinates": [
          104.073169,
          30.665033
        ]
      },
      "properties": {
        "name": "中国肛肠网编辑部",
        "category": "edu",
        "type": "科教文化服务;传媒机构;传媒机构",
        "district": "青羊区",
        "weight": 4
      }
    },
    {
      "type": "Feature",
      "geometry": {
        "type": "Point",
        "coordinates": [
          104.069017,
          30.663026
        ]
      },
      "properties": {
        "name": "国际会议中心",
        "category": "edu",
        "type": "科教文化服务;会展中心;会展中心",
        "district": "青羊区",
        "weight": 2
      }
    },
    {
      "type": "Feature",
      "geometry": {
        "type": "Point",
        "coordinates": [
          104.064068,
          30.660191
        ]
      },
      "properties": {
        "name": "天府广场-生命奥秘博物馆",
        "category": "edu",
        "type": "科教文化服务;博物馆;博物馆",
        "district": "青羊区",
        "weight": 1
      }
    },
    {
      "type": "Feature",
      "geometry": {
        "type": "Point",
        "coordinates": [
          104.071362,
          30.668289
        ]
      },
      "properties": {
        "name": "鼓楼小学",
        "category": "edu",
        "type": "科教文化服务;学校;小学",
        "district": "青羊区",
        "weight": 5
      }
    },
    {
      "type": "Feature",
      "geometry": {
        "type": "Point",
        "coordinates": [
          104.07226,
          30.659666
        ]
      },
      "properties": {
        "name": "四川省人民政府文史研究馆",
        "category": "edu",
        "type": "科教文化服务;科研机构;科研机构",
        "district": "锦江区",
        "weight": 1
      }
    },
    {
      "type": "Feature",
      "geometry": {
        "type": "Point",
        "coordinates": [
          104.068797,
          30.659298
        ]
      },
      "properties": {
        "name": "影响力教育训练",
        "category": "edu",
        "type": "科教文化服务;科教文化场所;科教文化场所",
        "district": "锦江区",
        "weight": 2
      }
    },
    {
      "type": "Feature",
      "geometry": {
        "type": "Point",
        "coordinates": [
          104.06474,
          30.662467
        ]
      },
      "properties": {
        "name": "四川科技馆(东门)",
        "category": "edu",
        "type": "科教文化服务;科技馆;科技馆|通行设施;临街院门;临街院门",
        "district": "青羊区",
        "weight": 1
      }
    },
    {
      "type": "Feature",
      "geometry": {
        "type": "Point",
        "coordinates": [
          104.069743,
          30.668718
        ]
      },
      "properties": {
        "name": "成都深蓝国际象棋学校(梵音寺街)",
        "category": "edu",
        "type": "科教文化服务;培训机构;培训机构",
        "district": "青羊区",
        "weight": 1
      }
    },
    {
      "type": "Feature",
      "geometry": {
        "type": "Point",
        "coordinates": [
          104.063953,
          30.665618
        ]
      },
      "properties": {
        "name": "熠美舞蹈塑身中心",
        "category": "edu",
        "type": "科教文化服务;培训机构;培训机构",
        "district": "青羊区",
        "weight": 1
      }
    },
    {
      "type": "Feature",
      "geometry": {
        "type": "Point",
        "coordinates": [
          104.070171,
          30.660245
        ]
      },
      "properties": {
        "name": "首韩木子托管",
        "category": "edu",
        "type": "科教文化服务;培训机构;培训机构",
        "district": "锦江区",
        "weight": 2
      }
    },
    {
      "type": "Feature",
      "geometry": {
        "type": "Point",
        "coordinates": [
          104.07344,
          30.65979
        ]
      },
      "properties": {
        "name": "成都贺加贝化妆技能培训学校",
        "category": "edu",
        "type": "科教文化服务;培训机构;培训机构",
        "district": "锦江区",
        "weight": 1
      }
    },
    {
      "type": "Feature",
      "geometry": {
        "type": "Point",
        "coordinates": [
          104.082377,
          30.664205
        ]
      },
      "properties": {
        "name": "遗失登报",
        "category": "edu",
        "type": "科教文化服务;传媒机构;报社",
        "district": "锦江区",
        "weight": 50
      }
    },
    {
      "type": "Feature",
      "geometry": {
        "type": "Point",
        "coordinates": [
          104.078002,
          30.66017
        ]
      },
      "properties": {
        "name": "熊猫堂",
        "category": "edu",
        "type": "科教文化服务;文艺团体;文艺团体",
        "district": "锦江区",
        "weight": 191
      }
    },
    {
      "type": "Feature",
      "geometry": {
        "type": "Point",
        "coordinates": [
          104.081122,
          30.665665
        ]
      },
      "properties": {
        "name": "梦启航艺术文化培训",
        "category": "edu",
        "type": "科教文化服务;培训机构;培训机构",
        "district": "锦江区",
        "weight": 1
      }
    },
    {
      "type": "Feature",
      "geometry": {
        "type": "Point",
        "coordinates": [
          104.077761,
          30.667168
        ]
      },
      "properties": {
        "name": "四川新华文化传播有限责任公司(东玉龙街)",
        "category": "edu",
        "type": "科教文化服务;传媒机构;传媒机构",
        "district": "锦江区",
        "weight": 1
      }
    },
    {
      "type": "Feature",
      "geometry": {
        "type": "Point",
        "coordinates": [
          104.081969,
          30.666736
        ]
      },
      "properties": {
        "name": "仁爱学校",
        "category": "edu",
        "type": "科教文化服务;培训机构;培训机构",
        "district": "锦江区",
        "weight": 4
      }
    },
    {
      "type": "Feature",
      "geometry": {
        "type": "Point",
        "coordinates": [
          104.078609,
          30.664425
        ]
      },
      "properties": {
        "name": "严谷荪书库",
        "category": "edu",
        "type": "科教文化服务;图书馆;图书馆",
        "district": "锦江区",
        "weight": 6
      }
    },
    {
      "type": "Feature",
      "geometry": {
        "type": "Point",
        "coordinates": [
          104.082096,
          30.660036
        ]
      },
      "properties": {
        "name": "大大教育",
        "category": "edu",
        "type": "科教文化服务;培训机构;培训机构",
        "district": "锦江区",
        "weight": 22
      }
    },
    {
      "type": "Feature",
      "geometry": {
        "type": "Point",
        "coordinates": [
          104.075894,
          30.667818
        ]
      },
      "properties": {
        "name": "成都市儿科研究所",
        "category": "edu",
        "type": "科教文化服务;科研机构;科研机构",
        "district": "锦江区",
        "weight": 3
      }
    },
    {
      "type": "Feature",
      "geometry": {
        "type": "Point",
        "coordinates": [
          104.07503,
          30.661817
        ]
      },
      "properties": {
        "name": "紫光会堂",
        "category": "edu",
        "type": "科教文化服务;会展中心;会展中心",
        "district": "锦江区",
        "weight": 3
      }
    },
    {
      "type": "Feature",
      "geometry": {
        "type": "Point",
        "coordinates": [
          104.086635,
          30.662873
        ]
      },
      "properties": {
        "name": "院坝文化",
        "category": "edu",
        "type": "科教文化服务;培训机构;培训机构",
        "district": "锦江区",
        "weight": 3
      }
    },
    {
      "type": "Feature",
      "geometry": {
        "type": "Point",
        "coordinates": [
          104.091054,
          30.661194
        ]
      },
      "properties": {
        "name": "隆韵文化传播",
        "category": "edu",
        "type": "科教文化服务;科教文化场所;科教文化场所",
        "district": "成华区",
        "weight": 4
      }
    },
    {
      "type": "Feature",
      "geometry": {
        "type": "Point",
        "coordinates": [
          104.090979,
          30.66284
        ]
      },
      "properties": {
        "name": "领跑教育",
        "category": "edu",
        "type": "科教文化服务;培训机构;培训机构",
        "district": "成华区",
        "weight": 22
      }
    },
    {
      "type": "Feature",
      "geometry": {
        "type": "Point",
        "coordinates": [
          104.087577,
          30.664888
        ]
      },
      "properties": {
        "name": "金田杂志社",
        "category": "edu",
        "type": "科教文化服务;传媒机构;杂志社",
        "district": "锦江区",
        "weight": 5
      }
    },
    {
      "type": "Feature",
      "geometry": {
        "type": "Point",
        "coordinates": [
          104.085264,
          30.660744
        ]
      },
      "properties": {
        "name": "睿博教育",
        "category": "edu",
        "type": "科教文化服务;培训机构;培训机构",
        "district": "锦江区",
        "weight": 8
      }
    },
    {
      "type": "Feature",
      "geometry": {
        "type": "Point",
        "coordinates": [
          104.092746,
          30.665048
        ]
      },
      "properties": {
        "name": "泰晤士英语(339校区)",
        "category": "edu",
        "type": "科教文化服务;培训机构;培训机构",
        "district": "成华区",
        "weight": 2
      }
    },
    {
      "type": "Feature",
      "geometry": {
        "type": "Point",
        "coordinates": [
          104.087887,
          30.666147
        ]
      },
      "properties": {
        "name": "成都川影影视文化传播有限责任公司",
        "category": "edu",
        "type": "科教文化服务;科教文化场所;科教文化场所",
        "district": "锦江区",
        "weight": 1
      }
    },
    {
      "type": "Feature",
      "geometry": {
        "type": "Point",
        "coordinates": [
          104.088909,
          30.663419
        ]
      },
      "properties": {
        "name": "御品香餐饮培训中心",
        "category": "edu",
        "type": "科教文化服务;培训机构;培训机构",
        "district": "锦江区",
        "weight": 6
      }
    },
    {
      "type": "Feature",
      "geometry": {
        "type": "Point",
        "coordinates": [
          104.08967,
          30.664659
        ]
      },
      "properties": {
        "name": "红人音乐培训中心",
        "category": "edu",
        "type": "科教文化服务;培训机构;培训机构",
        "district": "锦江区",
        "weight": 1
      }
    },
    {
      "type": "Feature",
      "geometry": {
        "type": "Point",
        "coordinates": [
          104.085292,
          30.659555
        ]
      },
      "properties": {
        "name": "天涯石小学",
        "category": "edu",
        "type": "科教文化服务;学校;小学",
        "district": "锦江区",
        "weight": 1
      }
    },
    {
      "type": "Feature",
      "geometry": {
        "type": "Point",
        "coordinates": [
          104.089321,
          30.659958
        ]
      },
      "properties": {
        "name": "少儿美术招生",
        "category": "edu",
        "type": "科教文化服务;科教文化场所;科教文化场所",
        "district": "成华区",
        "weight": 4
      }
    },
    {
      "type": "Feature",
      "geometry": {
        "type": "Point",
        "coordinates": [
          104.085425,
          30.663235
        ]
      },
      "properties": {
        "name": "四川神学院",
        "category": "edu",
        "type": "科教文化服务;学校;学校",
        "district": "锦江区",
        "weight": 1
      }
    },
    {
      "type": "Feature",
      "geometry": {
        "type": "Point",
        "coordinates": [
          104.085249,
          30.665623
        ]
      },
      "properties": {
        "name": "和平幼儿园(五世同堂街)",
        "category": "edu",
        "type": "科教文化服务;学校;幼儿园",
        "district": "锦江区",
        "weight": 4
      }
    },
    {
      "type": "Feature",
      "geometry": {
        "type": "Point",
        "coordinates": [
          104.083893,
          30.666689
        ]
      },
      "properties": {
        "name": "礼顿酒店-会议室",
        "category": "edu",
        "type": "科教文化服务;会展中心;会展中心",
        "district": "锦江区",
        "weight": 1
      }
    },
    {
      "type": "Feature",
      "geometry": {
        "type": "Point",
        "coordinates": [
          104.093058,
          30.667017
        ]
      },
      "properties": {
        "name": "云顶1号",
        "category": "edu",
        "type": "科教文化服务;美术馆;美术馆",
        "district": "锦江区",
        "weight": 2
      }
    },
    {
      "type": "Feature",
      "geometry": {
        "type": "Point",
        "coordinates": [
          104.092976,
          30.662379
        ]
      },
      "properties": {
        "name": "成都广播电视大学财经管理学院",
        "category": "edu",
        "type": "科教文化服务;学校;成人教育",
        "district": "成华区",
        "weight": 2
      }
    },
    {
      "type": "Feature",
      "geometry": {
        "type": "Point",
        "coordinates": [
          104.090495,
          30.665829
        ]
      },
      "properties": {
        "name": "成都市猛追湾游泳场游泳学校",
        "category": "edu",
        "type": "科教文化服务;培训机构;培训机构",
        "district": "锦江区",
        "weight": 2
      }
    },
    {
      "type": "Feature",
      "geometry": {
        "type": "Point",
        "coordinates": [
          104.090378,
          30.667395
        ]
      },
      "properties": {
        "name": "天空私教工作室",
        "category": "edu",
        "type": "科教文化服务;科教文化场所;科教文化场所",
        "district": "锦江区",
        "weight": 2
      }
    },
    {
      "type": "Feature",
      "geometry": {
        "type": "Point",
        "coordinates": [
          104.083872,
          30.667625
        ]
      },
      "properties": {
        "name": "成妆技职业技能培训学校",
        "category": "edu",
        "type": "科教文化服务;学校;职业技术学校",
        "district": "青羊区",
        "weight": 1
      }
    },
    {
      "type": "Feature",
      "geometry": {
        "type": "Point",
        "coordinates": [
          104.08835,
          30.667568
        ]
      },
      "properties": {
        "name": "军团职楼",
        "category": "edu",
        "type": "科教文化服务;科教文化场所;科教文化场所",
        "district": "锦江区",
        "weight": 1
      }
    },
    {
      "type": "Feature",
      "geometry": {
        "type": "Point",
        "coordinates": [
          104.095387,
          30.66707
        ]
      },
      "properties": {
        "name": "华胜职业技能学校",
        "category": "edu",
        "type": "科教文化服务;学校;职业技术学校",
        "district": "成华区",
        "weight": 2
      }
    },
    {
      "type": "Feature",
      "geometry": {
        "type": "Point",
        "coordinates": [
          104.101437,
          30.662581
        ]
      },
      "properties": {
        "name": "春蕾幼儿园",
        "category": "edu",
        "type": "科教文化服务;学校;幼儿园",
        "district": "成华区",
        "weight": 3
      }
    },
    {
      "type": "Feature",
      "geometry": {
        "type": "Point",
        "coordinates": [
          104.096963,
          30.662206
        ]
      },
      "properties": {
        "name": "四川广播电视报",
        "category": "edu",
        "type": "科教文化服务;传媒机构;报社",
        "district": "成华区",
        "weight": 7
      }
    },
    {
      "type": "Feature",
      "geometry": {
        "type": "Point",
        "coordinates": [
          104.099502,
          30.659752
        ]
      },
      "properties": {
        "name": "交通广播",
        "category": "edu",
        "type": "科教文化服务;科教文化场所;科教文化场所",
        "district": "成华区",
        "weight": 6
      }
    },
    {
      "type": "Feature",
      "geometry": {
        "type": "Point",
        "coordinates": [
          104.096738,
          30.663758
        ]
      },
      "properties": {
        "name": "十一电子设计院",
        "category": "edu",
        "type": "科教文化服务;科研机构;科研机构",
        "district": "成华区",
        "weight": 4
      }
    },
    {
      "type": "Feature",
      "geometry": {
        "type": "Point",
        "coordinates": [
          104.102634,
          30.662132
        ]
      },
      "properties": {
        "name": "成都市第十四幼儿园",
        "category": "edu",
        "type": "科教文化服务;学校;幼儿园",
        "district": "成华区",
        "weight": 1
      }
    },
    {
      "type": "Feature",
      "geometry": {
        "type": "Point",
        "coordinates": [
          104.094726,
          30.665239
        ]
      },
      "properties": {
        "name": "北大育星培训学校",
        "category": "edu",
        "type": "科教文化服务;培训机构;培训机构",
        "district": "成华区",
        "weight": 5
      }
    },
    {
      "type": "Feature",
      "geometry": {
        "type": "Point",
        "coordinates": [
          104.100243,
          30.664077
        ]
      },
      "properties": {
        "name": "飞扬舞校(新鸿路)",
        "category": "edu",
        "type": "科教文化服务;培训机构;培训机构",
        "district": "成华区",
        "weight": 7
      }
    },
    {
      "type": "Feature",
      "geometry": {
        "type": "Point",
        "coordinates": [
          104.099218,
          30.663261
        ]
      },
      "properties": {
        "name": "成华区中医学院",
        "category": "edu",
        "type": "科教文化服务;学校;高等院校",
        "district": "成华区",
        "weight": 1
      }
    },
    {
      "type": "Feature",
      "geometry": {
        "type": "Point",
        "coordinates": [
          104.098391,
          30.667644
        ]
      },
      "properties": {
        "name": "法制传播网",
        "category": "edu",
        "type": "科教文化服务;科教文化场所;科教文化场所",
        "district": "成华区",
        "weight": 6
      }
    },
    {
      "type": "Feature",
      "geometry": {
        "type": "Point",
        "coordinates": [
          104.100689,
          30.665403
        ]
      },
      "properties": {
        "name": "三德名师点拨学校",
        "category": "edu",
        "type": "科教文化服务;培训机构;培训机构",
        "district": "成华区",
        "weight": 1
      }
    },
    {
      "type": "Feature",
      "geometry": {
        "type": "Point",
        "coordinates": [
          104.098559,
          30.669246
        ]
      },
      "properties": {
        "name": "八二幼儿园",
        "category": "edu",
        "type": "科教文化服务;学校;幼儿园",
        "district": "成华区",
        "weight": 1
      }
    },
    {
      "type": "Feature",
      "geometry": {
        "type": "Point",
        "coordinates": [
          104.103547,
          30.663972
        ]
      },
      "properties": {
        "name": "洋文堂教育",
        "category": "edu",
        "type": "科教文化服务;培训机构;培训机构",
        "district": "成华区",
        "weight": 5
      }
    },
    {
      "type": "Feature",
      "geometry": {
        "type": "Point",
        "coordinates": [
          104.102678,
          30.668015
        ]
      },
      "properties": {
        "name": "锦电培训中心",
        "category": "edu",
        "type": "科教文化服务;培训机构;培训机构",
        "district": "成华区",
        "weight": 9
      }
    },
    {
      "type": "Feature",
      "geometry": {
        "type": "Point",
        "coordinates": [
          104.093996,
          30.66171
        ]
      },
      "properties": {
        "name": "信息十一所设计院",
        "category": "edu",
        "type": "科教文化服务;科研机构;科研机构",
        "district": "成华区",
        "weight": 3
      }
    },
    {
      "type": "Feature",
      "geometry": {
        "type": "Point",
        "coordinates": [
          104.096655,
          30.664857
        ]
      },
      "properties": {
        "name": "高沛然建材设计院",
        "category": "edu",
        "type": "科教文化服务;科研机构;科研机构",
        "district": "成华区",
        "weight": 3
      }
    },
    {
      "type": "Feature",
      "geometry": {
        "type": "Point",
        "coordinates": [
          104.09795,
          30.661516
        ]
      },
      "properties": {
        "name": "爱学堂(建华南巷)",
        "category": "edu",
        "type": "科教文化服务;培训机构;培训机构",
        "district": "成华区",
        "weight": 2
      }
    },
    {
      "type": "Feature",
      "geometry": {
        "type": "Point",
        "coordinates": [
          104.106275,
          30.667449
        ]
      },
      "properties": {
        "name": "加州阳光幼儿园",
        "category": "edu",
        "type": "科教文化服务;学校;幼儿园",
        "district": "成华区",
        "weight": 1
      }
    },
    {
      "type": "Feature",
      "geometry": {
        "type": "Point",
        "coordinates": [
          104.108434,
          30.662499
        ]
      },
      "properties": {
        "name": "佳音英语(小龙桥路)",
        "category": "edu",
        "type": "科教文化服务;培训机构;培训机构",
        "district": "成华区",
        "weight": 1
      }
    },
    {
      "type": "Feature",
      "geometry": {
        "type": "Point",
        "coordinates": [
          104.105493,
          30.663873
        ]
      },
      "properties": {
        "name": "四川石油报",
        "category": "edu",
        "type": "科教文化服务;传媒机构;报社",
        "district": "成华区",
        "weight": 3
      }
    },
    {
      "type": "Feature",
      "geometry": {
        "type": "Point",
        "coordinates": [
          104.103689,
          30.666408
        ]
      },
      "properties": {
        "name": "成都市成华区社区教育学院",
        "category": "edu",
        "type": "科教文化服务;学校;成人教育",
        "district": "成华区",
        "weight": 1
      }
    },
    {
      "type": "Feature",
      "geometry": {
        "type": "Point",
        "coordinates": [
          104.1047,
          30.661606
        ]
      },
      "properties": {
        "name": "成华小学",
        "category": "edu",
        "type": "科教文化服务;学校;小学",
        "district": "成华区",
        "weight": 1
      }
    },
    {
      "type": "Feature",
      "geometry": {
        "type": "Point",
        "coordinates": [
          104.105441,
          30.66066
        ]
      },
      "properties": {
        "name": "时习托管中心",
        "category": "edu",
        "type": "科教文化服务;培训机构;培训机构",
        "district": "成华区",
        "weight": 2
      }
    },
    {
      "type": "Feature",
      "geometry": {
        "type": "Point",
        "coordinates": [
          104.108596,
          30.660821
        ]
      },
      "properties": {
        "name": "资料填报区",
        "category": "edu",
        "type": "科教文化服务;科教文化场所;科教文化场所",
        "district": "成华区",
        "weight": 1
      }
    },
    {
      "type": "Feature",
      "geometry": {
        "type": "Point",
        "coordinates": [
          104.109219,
          30.666278
        ]
      },
      "properties": {
        "name": "成都锦欣生殖医学与遗传学研究所",
        "category": "edu",
        "type": "科教文化服务;科研机构;科研机构",
        "district": "成华区",
        "weight": 1
      }
    },
    {
      "type": "Feature",
      "geometry": {
        "type": "Point",
        "coordinates": [
          104.111718,
          30.664824
        ]
      },
      "properties": {
        "name": "成都市京都临床中医医学研究所",
        "category": "edu",
        "type": "科教文化服务;科研机构;科研机构",
        "district": "成华区",
        "weight": 1
      }
    },
    {
      "type": "Feature",
      "geometry": {
        "type": "Point",
        "coordinates": [
          104.104421,
          30.669147
        ]
      },
      "properties": {
        "name": "向日葵儿童之家",
        "category": "edu",
        "type": "科教文化服务;培训机构;培训机构",
        "district": "成华区",
        "weight": 1
      }
    },
    {
      "type": "Feature",
      "geometry": {
        "type": "Point",
        "coordinates": [
          104.115326,
          30.659968
        ]
      },
      "properties": {
        "name": "大千教育",
        "category": "edu",
        "type": "科教文化服务;培训机构;培训机构",
        "district": "成华区",
        "weight": 2
      }
    },
    {
      "type": "Feature",
      "geometry": {
        "type": "Point",
        "coordinates": [
          104.115342,
          30.667873
        ]
      },
      "properties": {
        "name": "成都乐娱星天文化传播有限公司",
        "category": "edu",
        "type": "科教文化服务;科教文化场所;科教文化场所",
        "district": "成华区",
        "weight": 1
      }
    },
    {
      "type": "Feature",
      "geometry": {
        "type": "Point",
        "coordinates": [
          104.121218,
          30.659679
        ]
      },
      "properties": {
        "name": "成都职教中心",
        "category": "edu",
        "type": "科教文化服务;学校;职业技术学校",
        "district": "成华区",
        "weight": 3
      }
    },
    {
      "type": "Feature",
      "geometry": {
        "type": "Point",
        "coordinates": [
          104.11835,
          30.661042
        ]
      },
      "properties": {
        "name": "成华小学",
        "category": "edu",
        "type": "科教文化服务;学校;小学",
        "district": "成华区",
        "weight": 1
      }
    },
    {
      "type": "Feature",
      "geometry": {
        "type": "Point",
        "coordinates": [
          104.121838,
          30.661111
        ]
      },
      "properties": {
        "name": "成都热电厂生活区幼儿园",
        "category": "edu",
        "type": "科教文化服务;学校;幼儿园",
        "district": "成华区",
        "weight": 1
      }
    },
    {
      "type": "Feature",
      "geometry": {
        "type": "Point",
        "coordinates": [
          104.117123,
          30.660715
        ]
      },
      "properties": {
        "name": "锦绣东方幼儿园",
        "category": "edu",
        "type": "科教文化服务;学校;幼儿园",
        "district": "成华区",
        "weight": 1
      }
    },
    {
      "type": "Feature",
      "geometry": {
        "type": "Point",
        "coordinates": [
          104.114787,
          30.666319
        ]
      },
      "properties": {
        "name": "树人学校",
        "category": "edu",
        "type": "科教文化服务;科教文化场所;科教文化场所",
        "district": "成华区",
        "weight": 4
      }
    },
    {
      "type": "Feature",
      "geometry": {
        "type": "Point",
        "coordinates": [
          104.122269,
          30.662364
        ]
      },
      "properties": {
        "name": "凯凯音乐",
        "category": "edu",
        "type": "科教文化服务;科教文化场所;科教文化场所",
        "district": "成华区",
        "weight": 1
      }
    },
    {
      "type": "Feature",
      "geometry": {
        "type": "Point",
        "coordinates": [
          104.115167,
          30.664222
        ]
      },
      "properties": {
        "name": "慧学教育(东区)",
        "category": "edu",
        "type": "科教文化服务;培训机构;培训机构",
        "district": "成华区",
        "weight": 2
      }
    },
    {
      "type": "Feature",
      "geometry": {
        "type": "Point",
        "coordinates": [
          104.117993,
          30.665045
        ]
      },
      "properties": {
        "name": "贝思嘉艺术教育",
        "category": "edu",
        "type": "科教文化服务;培训机构;培训机构",
        "district": "成华区",
        "weight": 1
      }
    },
    {
      "type": "Feature",
      "geometry": {
        "type": "Point",
        "coordinates": [
          104.114403,
          30.66507
        ]
      },
      "properties": {
        "name": "皮肤研究所",
        "category": "edu",
        "type": "科教文化服务;科研机构;科研机构",
        "district": "成华区",
        "weight": 1
      }
    },
    {
      "type": "Feature",
      "geometry": {
        "type": "Point",
        "coordinates": [
          104.12714,
          30.665504
        ]
      },
      "properties": {
        "name": "华林小学",
        "category": "edu",
        "type": "科教文化服务;学校;小学",
        "district": "成华区",
        "weight": 1
      }
    },
    {
      "type": "Feature",
      "geometry": {
        "type": "Point",
        "coordinates": [
          104.129202,
          30.661179
        ]
      },
      "properties": {
        "name": "成都列五中学南华实验学校",
        "category": "edu",
        "type": "科教文化服务;学校;中学",
        "district": "成华区",
        "weight": 1
      }
    },
    {
      "type": "Feature",
      "geometry": {
        "type": "Point",
        "coordinates": [
          104.126751,
          30.663326
        ]
      },
      "properties": {
        "name": "T-8国际拉丁舞俱乐部(蓝光东方天地东南)",
        "category": "edu",
        "type": "科教文化服务;培训机构;培训机构",
        "district": "成华区",
        "weight": 1
      }
    },
    {
      "type": "Feature",
      "geometry": {
        "type": "Point",
        "coordinates": [
          104.13928,
          30.660018
        ]
      },
      "properties": {
        "name": "成都乐娱星天文化传播有限公司",
        "category": "edu",
        "type": "科教文化服务;传媒机构;传媒机构",
        "district": "成华区",
        "weight": 1
      }
    },
    {
      "type": "Feature",
      "geometry": {
        "type": "Point",
        "coordinates": [
          104.135794,
          30.667916
        ]
      },
      "properties": {
        "name": "崔家幼儿园",
        "category": "edu",
        "type": "科教文化服务;学校;幼儿园",
        "district": "成华区",
        "weight": 21
      }
    },
    {
      "type": "Feature",
      "geometry": {
        "type": "Point",
        "coordinates": [
          104.143369,
          30.66667
        ]
      },
      "properties": {
        "name": "爱思威·舜惠幼儿园",
        "category": "edu",
        "type": "科教文化服务;学校;幼儿园",
        "district": "成华区",
        "weight": 1
      }
    },
    {
      "type": "Feature",
      "geometry": {
        "type": "Point",
        "coordinates": [
          104.145603,
          30.665237
        ]
      },
      "properties": {
        "name": "CSS音乐",
        "category": "edu",
        "type": "科教文化服务;培训机构;培训机构",
        "district": "成华区",
        "weight": 1
      }
    },
    {
      "type": "Feature",
      "geometry": {
        "type": "Point",
        "coordinates": [
          103.967436,
          30.651893
        ]
      },
      "properties": {
        "name": "成都传世蓝韵文化传播有限公司",
        "category": "edu",
        "type": "科教文化服务;传媒机构;传媒机构",
        "district": "武侯区",
        "weight": 1
      }
    },
    {
      "type": "Feature",
      "geometry": {
        "type": "Point",
        "coordinates": [
          103.969908,
          30.655779
        ]
      },
      "properties": {
        "name": "凌氏教育",
        "category": "edu",
        "type": "科教文化服务;培训机构;培训机构",
        "district": "武侯区",
        "weight": 5
      }
    },
    {
      "type": "Feature",
      "geometry": {
        "type": "Point",
        "coordinates": [
          103.974165,
          30.653292
        ]
      },
      "properties": {
        "name": "成都外语职业中专学校",
        "category": "edu",
        "type": "科教文化服务;学校;职业技术学校",
        "district": "武侯区",
        "weight": 10
      }
    },
    {
      "type": "Feature",
      "geometry": {
        "type": "Point",
        "coordinates": [
          103.969783,
          30.650461
        ]
      },
      "properties": {
        "name": "公办幼儿园",
        "category": "edu",
        "type": "科教文化服务;学校;幼儿园",
        "district": "武侯区",
        "weight": 5
      }
    },
    {
      "type": "Feature",
      "geometry": {
        "type": "Point",
        "coordinates": [
          103.970472,
          30.658244
        ]
      },
      "properties": {
        "name": "贝幼幼儿园",
        "category": "edu",
        "type": "科教文化服务;学校;幼儿园",
        "district": "武侯区",
        "weight": 1
      }
    },
    {
      "type": "Feature",
      "geometry": {
        "type": "Point",
        "coordinates": [
          103.96523,
          30.658686
        ]
      },
      "properties": {
        "name": "晨欣幼儿园(机九路)",
        "category": "edu",
        "type": "科教文化服务;学校;幼儿园",
        "district": "武侯区",
        "weight": 3
      }
    },
    {
      "type": "Feature",
      "geometry": {
        "type": "Point",
        "coordinates": [
          103.969369,
          30.657605
        ]
      },
      "properties": {
        "name": "武侯区小新星幼儿园",
        "category": "edu",
        "type": "科教文化服务;学校;幼儿园",
        "district": "武侯区",
        "weight": 1
      }
    },
    {
      "type": "Feature",
      "geometry": {
        "type": "Point",
        "coordinates": [
          103.967881,
          30.654898
        ]
      },
      "properties": {
        "name": "成都市金盾保安学校",
        "category": "edu",
        "type": "科教文化服务;学校;职业技术学校",
        "district": "武侯区",
        "weight": 2
      }
    },
    {
      "type": "Feature",
      "geometry": {
        "type": "Point",
        "coordinates": [
          103.964096,
          30.656877
        ]
      },
      "properties": {
        "name": "中兴教育",
        "category": "edu",
        "type": "科教文化服务;培训机构;培训机构",
        "district": "武侯区",
        "weight": 1
      }
    },
    {
      "type": "Feature",
      "geometry": {
        "type": "Point",
        "coordinates": [
          103.965646,
          30.656118
        ]
      },
      "properties": {
        "name": "金花小燕子幼儿园(九金路)",
        "category": "edu",
        "type": "科教文化服务;学校;幼儿园",
        "district": "武侯区",
        "weight": 1
      }
    },
    {
      "type": "Feature",
      "geometry": {
        "type": "Point",
        "coordinates": [
          103.965406,
          30.65276
        ]
      },
      "properties": {
        "name": "川西幼稚园",
        "category": "edu",
        "type": "科教文化服务;学校;幼儿园",
        "district": "武侯区",
        "weight": 2
      }
    },
    {
      "type": "Feature",
      "geometry": {
        "type": "Point",
        "coordinates": [
          103.980055,
          30.649627
        ]
      },
      "properties": {
        "name": "宏伟艺术",
        "category": "edu",
        "type": "科教文化服务;培训机构;培训机构",
        "district": "武侯区",
        "weight": 13
      }
    },
    {
      "type": "Feature",
      "geometry": {
        "type": "Point",
        "coordinates": [
          103.974114,
          30.657668
        ]
      },
      "properties": {
        "name": "成都弘吉鑫文化传播有限公司",
        "category": "edu",
        "type": "科教文化服务;传媒机构;传媒机构",
        "district": "武侯区",
        "weight": 1
      }
    },
    {
      "type": "Feature",
      "geometry": {
        "type": "Point",
        "coordinates": [
          103.979491,
          30.652885
        ]
      },
      "properties": {
        "name": "机投小学",
        "category": "edu",
        "type": "科教文化服务;学校;小学",
        "district": "武侯区",
        "weight": 4
      }
    },
    {
      "type": "Feature",
      "geometry": {
        "type": "Point",
        "coordinates": [
          103.982145,
          30.651404
        ]
      },
      "properties": {
        "name": "成都市春晖学校",
        "category": "edu",
        "type": "科教文化服务;学校;学校",
        "district": "武侯区",
        "weight": 1
      }
    },
    {
      "type": "Feature",
      "geometry": {
        "type": "Point",
        "coordinates": [
          103.976701,
          30.653184
        ]
      },
      "properties": {
        "name": "先行者教育",
        "category": "edu",
        "type": "科教文化服务;培训机构;培训机构",
        "district": "武侯区",
        "weight": 2
      }
    },
    {
      "type": "Feature",
      "geometry": {
        "type": "Point",
        "coordinates": [
          103.983501,
          30.658589
        ]
      },
      "properties": {
        "name": "成都博爱军乐团",
        "category": "edu",
        "type": "科教文化服务;文艺团体;文艺团体",
        "district": "武侯区",
        "weight": 1
      }
    },
    {
      "type": "Feature",
      "geometry": {
        "type": "Point",
        "coordinates": [
          103.978354,
          30.652026
        ]
      },
      "properties": {
        "name": "贝美艺术",
        "category": "edu",
        "type": "科教文化服务;美术馆;美术馆",
        "district": "武侯区",
        "weight": 1
      }
    },
    {
      "type": "Feature",
      "geometry": {
        "type": "Point",
        "coordinates": [
          103.974935,
          30.658633
        ]
      },
      "properties": {
        "name": "成都市武侯区双星天乐幼儿园",
        "category": "edu",
        "type": "科教文化服务;学校;幼儿园",
        "district": "武侯区",
        "weight": 2
      }
    },
    {
      "type": "Feature",
      "geometry": {
        "type": "Point",
        "coordinates": [
          103.976557,
          30.651656
        ]
      },
      "properties": {
        "name": "知识杰教育",
        "category": "edu",
        "type": "科教文化服务;培训机构;培训机构",
        "district": "武侯区",
        "weight": 1
      }
    },
    {
      "type": "Feature",
      "geometry": {
        "type": "Point",
        "coordinates": [
          103.993294,
          30.654212
        ]
      },
      "properties": {
        "name": "成都市第二十幼儿园",
        "category": "edu",
        "type": "科教文化服务;学校;幼儿园",
        "district": "武侯区",
        "weight": 2
      }
    },
    {
      "type": "Feature",
      "geometry": {
        "type": "Point",
        "coordinates": [
          103.989205,
          30.657595
        ]
      },
      "properties": {
        "name": "四川省国土勘测规划研究院",
        "category": "edu",
        "type": "科教文化服务;科研机构;科研机构",
        "district": "武侯区",
        "weight": 1
      }
    },
    {
      "type": "Feature",
      "geometry": {
        "type": "Point",
        "coordinates": [
          103.991878,
          30.651014
        ]
      },
      "properties": {
        "name": "四川敏创教育",
        "category": "edu",
        "type": "科教文化服务;培训机构;培训机构",
        "district": "武侯区",
        "weight": 2
      }
    },
    {
      "type": "Feature",
      "geometry": {
        "type": "Point",
        "coordinates": [
          103.984964,
          30.658291
        ]
      },
      "properties": {
        "name": "艺摇·艺术",
        "category": "edu",
        "type": "科教文化服务;培训机构;培训机构",
        "district": "武侯区",
        "weight": 2
      }
    },
    {
      "type": "Feature",
      "geometry": {
        "type": "Point",
        "coordinates": [
          103.993159,
          30.650539
        ]
      },
      "properties": {
        "name": "麦克星球儿童创客学院",
        "category": "edu",
        "type": "科教文化服务;培训机构;培训机构",
        "district": "武侯区",
        "weight": 2
      }
    },
    {
      "type": "Feature",
      "geometry": {
        "type": "Point",
        "coordinates": [
          103.991408,
          30.649724
        ]
      },
      "properties": {
        "name": "周广仁钢琴艺术中心(金楠校区)",
        "category": "edu",
        "type": "科教文化服务;培训机构;培训机构",
        "district": "武侯区",
        "weight": 1
      }
    },
    {
      "type": "Feature",
      "geometry": {
        "type": "Point",
        "coordinates": [
          103.991374,
          30.65384
        ]
      },
      "properties": {
        "name": "阳光培训学校(中央花园三期西北)",
        "category": "edu",
        "type": "科教文化服务;培训机构;培训机构",
        "district": "武侯区",
        "weight": 1
      }
    },
    {
      "type": "Feature",
      "geometry": {
        "type": "Point",
        "coordinates": [
          103.985434,
          30.656654
        ]
      },
      "properties": {
        "name": "成都宏艺星幼儿园",
        "category": "edu",
        "type": "科教文化服务;学校;幼儿园",
        "district": "武侯区",
        "weight": 1
      }
    },
    {
      "type": "Feature",
      "geometry": {
        "type": "Point",
        "coordinates": [
          103.987911,
          30.650546
        ]
      },
      "properties": {
        "name": "成都铁路通信厂幼儿园",
        "category": "edu",
        "type": "科教文化服务;学校;幼儿园",
        "district": "武侯区",
        "weight": 1
      }
    },
    {
      "type": "Feature",
      "geometry": {
        "type": "Point",
        "coordinates": [
          103.997374,
          30.652154
        ]
      },
      "properties": {
        "name": "英语文化艺术",
        "category": "edu",
        "type": "科教文化服务;培训机构;培训机构",
        "district": "武侯区",
        "weight": 2
      }
    },
    {
      "type": "Feature",
      "geometry": {
        "type": "Point",
        "coordinates": [
          104.003314,
          30.655823
        ]
      },
      "properties": {
        "name": "成都弘武道文化传播有限公司",
        "category": "edu",
        "type": "科教文化服务;科教文化场所;科教文化场所",
        "district": "武侯区",
        "weight": 1
      }
    },
    {
      "type": "Feature",
      "geometry": {
        "type": "Point",
        "coordinates": [
          104.002128,
          30.65571
        ]
      },
      "properties": {
        "name": "成都市汉学研究会",
        "category": "edu",
        "type": "科教文化服务;科研机构;科研机构",
        "district": "武侯区",
        "weight": 2
      }
    },
    {
      "type": "Feature",
      "geometry": {
        "type": "Point",
        "coordinates": [
          103.999332,
          30.656918
        ]
      },
      "properties": {
        "name": "沙堰小学",
        "category": "edu",
        "type": "科教文化服务;学校;小学",
        "district": "武侯区",
        "weight": 6
      }
    },
    {
      "type": "Feature",
      "geometry": {
        "type": "Point",
        "coordinates": [
          103.9943,
          30.649376
        ]
      },
      "properties": {
        "name": "熙德教育",
        "category": "edu",
        "type": "科教文化服务;培训机构;培训机构",
        "district": "武侯区",
        "weight": 12
      }
    },
    {
      "type": "Feature",
      "geometry": {
        "type": "Point",
        "coordinates": [
          103.998837,
          30.652511
        ]
      },
      "properties": {
        "name": "心可儿幼儿园",
        "category": "edu",
        "type": "科教文化服务;学校;幼儿园",
        "district": "武侯区",
        "weight": 19
      }
    },
    {
      "type": "Feature",
      "geometry": {
        "type": "Point",
        "coordinates": [
          103.997717,
          30.658354
        ]
      },
      "properties": {
        "name": "新扬扬幼儿园",
        "category": "edu",
        "type": "科教文化服务;学校;幼儿园",
        "district": "武侯区",
        "weight": 3
      }
    },
    {
      "type": "Feature",
      "geometry": {
        "type": "Point",
        "coordinates": [
          103.996368,
          30.653386
        ]
      },
      "properties": {
        "name": "索菲亚艺术中心",
        "category": "edu",
        "type": "科教文化服务;美术馆;美术馆",
        "district": "武侯区",
        "weight": 4
      }
    },
    {
      "type": "Feature",
      "geometry": {
        "type": "Point",
        "coordinates": [
          103.999981,
          30.65518
        ]
      },
      "properties": {
        "name": "四川省成都市房建白蚁防治研究所",
        "category": "edu",
        "type": "科教文化服务;科研机构;科研机构",
        "district": "武侯区",
        "weight": 2
      }
    },
    {
      "type": "Feature",
      "geometry": {
        "type": "Point",
        "coordinates": [
          104.002519,
          30.65904
        ]
      },
      "properties": {
        "name": "军赋书画研究院",
        "category": "edu",
        "type": "科教文化服务;科教文化场所;科教文化场所",
        "district": "武侯区",
        "weight": 1
      }
    },
    {
      "type": "Feature",
      "geometry": {
        "type": "Point",
        "coordinates": [
          103.995801,
          30.656639
        ]
      },
      "properties": {
        "name": "五彩笔美术培训",
        "category": "edu",
        "type": "科教文化服务;培训机构;培训机构",
        "district": "武侯区",
        "weight": 1
      }
    },
    {
      "type": "Feature",
      "geometry": {
        "type": "Point",
        "coordinates": [
          103.995523,
          30.651292
        ]
      },
      "properties": {
        "name": "松琳艺术培训中心(晋阳分校)",
        "category": "edu",
        "type": "科教文化服务;培训机构;培训机构",
        "district": "武侯区",
        "weight": 3
      }
    },
    {
      "type": "Feature",
      "geometry": {
        "type": "Point",
        "coordinates": [
          104.012918,
          30.65736
        ]
      },
      "properties": {
        "name": "圈层文化传播有限公司",
        "category": "edu",
        "type": "科教文化服务;科教文化场所;科教文化场所",
        "district": "武侯区",
        "weight": 1
      }
    },
    {
      "type": "Feature",
      "geometry": {
        "type": "Point",
        "coordinates": [
          104.012797,
          30.655876
        ]
      },
      "properties": {
        "name": "天成教育",
        "category": "edu",
        "type": "科教文化服务;培训机构;培训机构",
        "district": "武侯区",
        "weight": 9
      }
    },
    {
      "type": "Feature",
      "geometry": {
        "type": "Point",
        "coordinates": [
          104.006345,
          30.651971
        ]
      },
      "properties": {
        "name": "鲨鱼公园儿童科学中心",
        "category": "edu",
        "type": "科教文化服务;科教文化场所;科教文化场所",
        "district": "武侯区",
        "weight": 3
      }
    },
    {
      "type": "Feature",
      "geometry": {
        "type": "Point",
        "coordinates": [
          104.00831,
          30.649795
        ]
      },
      "properties": {
        "name": "龙祥路小学",
        "category": "edu",
        "type": "科教文化服务;学校;小学",
        "district": "武侯区",
        "weight": 2
      }
    },
    {
      "type": "Feature",
      "geometry": {
        "type": "Point",
        "coordinates": [
          104.006312,
          30.65859
        ]
      },
      "properties": {
        "name": "天骄艺术",
        "category": "edu",
        "type": "科教文化服务;美术馆;美术馆",
        "district": "青羊区",
        "weight": 1
      }
    },
    {
      "type": "Feature",
      "geometry": {
        "type": "Point",
        "coordinates": [
          104.009578,
          30.654163
        ]
      },
      "properties": {
        "name": "龙腾幼稚园",
        "category": "edu",
        "type": "科教文化服务;学校;幼儿园",
        "district": "武侯区",
        "weight": 1
      }
    },
    {
      "type": "Feature",
      "geometry": {
        "type": "Point",
        "coordinates": [
          104.006888,
          30.649649
        ]
      },
      "properties": {
        "name": "凯星幼儿园(国际园)",
        "category": "edu",
        "type": "科教文化服务;学校;幼儿园",
        "district": "武侯区",
        "weight": 1
      }
    },
    {
      "type": "Feature",
      "geometry": {
        "type": "Point",
        "coordinates": [
          104.00696,
          30.650559
        ]
      },
      "properties": {
        "name": "哈佛之星美式幼稚园(鹭岛龙祥园)",
        "category": "edu",
        "type": "科教文化服务;学校;幼儿园",
        "district": "武侯区",
        "weight": 1
      }
    },
    {
      "type": "Feature",
      "geometry": {
        "type": "Point",
        "coordinates": [
          104.006292,
          30.659528
        ]
      },
      "properties": {
        "name": "青少年体育俱乐部实验小学",
        "category": "edu",
        "type": "科教文化服务;学校;小学",
        "district": "青羊区",
        "weight": 1
      }
    },
    {
      "type": "Feature",
      "geometry": {
        "type": "Point",
        "coordinates": [
          104.008571,
          30.652652
        ]
      },
      "properties": {
        "name": "成都辛迪家幼儿园(龙安街)",
        "category": "edu",
        "type": "科教文化服务;学校;幼儿园",
        "district": "武侯区",
        "weight": 1
      }
    },
    {
      "type": "Feature",
      "geometry": {
        "type": "Point",
        "coordinates": [
          104.007376,
          30.657606
        ]
      },
      "properties": {
        "name": "天娇艺术培训",
        "category": "edu",
        "type": "科教文化服务;培训机构;培训机构",
        "district": "青羊区",
        "weight": 2
      }
    },
    {
      "type": "Feature",
      "geometry": {
        "type": "Point",
        "coordinates": [
          104.013516,
          30.654059
        ]
      },
      "properties": {
        "name": "极客数学帮",
        "category": "edu",
        "type": "科教文化服务;培训机构;培训机构",
        "district": "武侯区",
        "weight": 4
      }
    },
    {
      "type": "Feature",
      "geometry": {
        "type": "Point",
        "coordinates": [
          104.009733,
          30.659255
        ]
      },
      "properties": {
        "name": "致乐钢琴艺术会馆(光华店)",
        "category": "edu",
        "type": "科教文化服务;培训机构;培训机构",
        "district": "青羊区",
        "weight": 1
      }
    },
    {
      "type": "Feature",
      "geometry": {
        "type": "Point",
        "coordinates": [
          104.004719,
          30.653114
        ]
      },
      "properties": {
        "name": "成都新桥教育咨询有限公司",
        "category": "edu",
        "type": "科教文化服务;培训机构;培训机构",
        "district": "武侯区",
        "weight": 1
      }
    },
    {
      "type": "Feature",
      "geometry": {
        "type": "Point",
        "coordinates": [
          104.005927,
          30.653293
        ]
      },
      "properties": {
        "name": "龙文教育(中环路武阳大道段)",
        "category": "edu",
        "type": "科教文化服务;培训机构;培训机构",
        "district": "武侯区",
        "weight": 1
      }
    },
    {
      "type": "Feature",
      "geometry": {
        "type": "Point",
        "coordinates": [
          104.016863,
          30.653943
        ]
      },
      "properties": {
        "name": "劳氏外语学校",
        "category": "edu",
        "type": "科教文化服务;培训机构;培训机构",
        "district": "武侯区",
        "weight": 13
      }
    },
    {
      "type": "Feature",
      "geometry": {
        "type": "Point",
        "coordinates": [
          104.022175,
          30.654075
        ]
      },
      "properties": {
        "name": "非洲鼓社",
        "category": "edu",
        "type": "科教文化服务;培训机构;培训机构",
        "district": "青羊区",
        "weight": 4
      }
    },
    {
      "type": "Feature",
      "geometry": {
        "type": "Point",
        "coordinates": [
          104.020123,
          30.657691
        ]
      },
      "properties": {
        "name": "金摇篮公益性幼儿园",
        "category": "edu",
        "type": "科教文化服务;学校;幼儿园",
        "district": "青羊区",
        "weight": 1
      }
    },
    {
      "type": "Feature",
      "geometry": {
        "type": "Point",
        "coordinates": [
          104.014528,
          30.650338
        ]
      },
      "properties": {
        "name": "圣宝乐幼稚园逸都园",
        "category": "edu",
        "type": "科教文化服务;学校;幼儿园",
        "district": "武侯区",
        "weight": 2
      }
    },
    {
      "type": "Feature",
      "geometry": {
        "type": "Point",
        "coordinates": [
          104.015101,
          30.658344
        ]
      },
      "properties": {
        "name": "C&D儿童美学",
        "category": "edu",
        "type": "科教文化服务;科教文化场所;科教文化场所",
        "district": "武侯区",
        "weight": 1
      }
    },
    {
      "type": "Feature",
      "geometry": {
        "type": "Point",
        "coordinates": [
          104.018039,
          30.649638
        ]
      },
      "properties": {
        "name": "嘉顿国际英语",
        "category": "edu",
        "type": "科教文化服务;培训机构;培训机构",
        "district": "武侯区",
        "weight": 1
      }
    },
    {
      "type": "Feature",
      "geometry": {
        "type": "Point",
        "coordinates": [
          104.015575,
          30.651884
        ]
      },
      "properties": {
        "name": "学大教育",
        "category": "edu",
        "type": "科教文化服务;培训机构;培训机构",
        "district": "武侯区",
        "weight": 1
      }
    },
    {
      "type": "Feature",
      "geometry": {
        "type": "Point",
        "coordinates": [
          104.019273,
          30.648421
        ]
      },
      "properties": {
        "name": "星海学校",
        "category": "edu",
        "type": "科教文化服务;学校;学校",
        "district": "武侯区",
        "weight": 29
      }
    },
    {
      "type": "Feature",
      "geometry": {
        "type": "Point",
        "coordinates": [
          104.014817,
          30.657393
        ]
      },
      "properties": {
        "name": "i2国际私塾(龙湾校区)",
        "category": "edu",
        "type": "科教文化服务;培训机构;培训机构",
        "district": "武侯区",
        "weight": 1
      }
    },
    {
      "type": "Feature",
      "geometry": {
        "type": "Point",
        "coordinates": [
          104.02123,
          30.651877
        ]
      },
      "properties": {
        "name": "听心坊",
        "category": "edu",
        "type": "科教文化服务;培训机构;培训机构",
        "district": "武侯区",
        "weight": 2
      }
    },
    {
      "type": "Feature",
      "geometry": {
        "type": "Point",
        "coordinates": [
          104.019331,
          30.651557
        ]
      },
      "properties": {
        "name": "八零三研究所",
        "category": "edu",
        "type": "科教文化服务;科研机构;科研机构",
        "district": "武侯区",
        "weight": 1
      }
    },
    {
      "type": "Feature",
      "geometry": {
        "type": "Point",
        "coordinates": [
          104.02001,
          30.656536
        ]
      },
      "properties": {
        "name": "金摇蓝幼稚园",
        "category": "edu",
        "type": "科教文化服务;学校;幼儿园",
        "district": "青羊区",
        "weight": 1
      }
    },
    {
      "type": "Feature",
      "geometry": {
        "type": "Point",
        "coordinates": [
          104.031093,
          30.65324
        ]
      },
      "properties": {
        "name": "郑学教育",
        "category": "edu",
        "type": "科教文化服务;培训机构;培训机构",
        "district": "武侯区",
        "weight": 22
      }
    },
    {
      "type": "Feature",
      "geometry": {
        "type": "Point",
        "coordinates": [
          104.026335,
          30.650714
        ]
      },
      "properties": {
        "name": "武侯实验小学",
        "category": "edu",
        "type": "科教文化服务;学校;小学",
        "district": "武侯区",
        "weight": 2
      }
    },
    {
      "type": "Feature",
      "geometry": {
        "type": "Point",
        "coordinates": [
          104.02589,
          30.649498
        ]
      },
      "properties": {
        "name": "灵通英语",
        "category": "edu",
        "type": "科教文化服务;培训机构;培训机构",
        "district": "武侯区",
        "weight": 4
      }
    },
    {
      "type": "Feature",
      "geometry": {
        "type": "Point",
        "coordinates": [
          104.025338,
          30.652127
        ]
      },
      "properties": {
        "name": "乐学园体验式教育",
        "category": "edu",
        "type": "科教文化服务;培训机构;培训机构",
        "district": "武侯区",
        "weight": 3
      }
    },
    {
      "type": "Feature",
      "geometry": {
        "type": "Point",
        "coordinates": [
          104.027984,
          30.65068
        ]
      },
      "properties": {
        "name": "优培生陶艺(少陵店)",
        "category": "edu",
        "type": "科教文化服务;培训机构;培训机构",
        "district": "武侯区",
        "weight": 2
      }
    },
    {
      "type": "Feature",
      "geometry": {
        "type": "Point",
        "coordinates": [
          104.03243,
          30.654538
        ]
      },
      "properties": {
        "name": "成都城市管理新媒体中心",
        "category": "edu",
        "type": "科教文化服务;科教文化场所;科教文化场所",
        "district": "青羊区",
        "weight": 1
      }
    },
    {
      "type": "Feature",
      "geometry": {
        "type": "Point",
        "coordinates": [
          104.024342,
          30.655494
        ]
      },
      "properties": {
        "name": "健哲吉他",
        "category": "edu",
        "type": "科教文化服务;培训机构;培训机构",
        "district": "青羊区",
        "weight": 1
      }
    },
    {
      "type": "Feature",
      "geometry": {
        "type": "Point",
        "coordinates": [
          104.038919,
          30.655098
        ]
      },
      "properties": {
        "name": "蜀汉文物陈列馆",
        "category": "edu",
        "type": "科教文化服务;展览馆;展览馆",
        "district": "青羊区",
        "weight": 10
      }
    },
    {
      "type": "Feature",
      "geometry": {
        "type": "Point",
        "coordinates": [
          104.03784,
          30.657372
        ]
      },
      "properties": {
        "name": "翰程书法",
        "category": "edu",
        "type": "科教文化服务;培训机构;培训机构",
        "district": "青羊区",
        "weight": 5
      }
    },
    {
      "type": "Feature",
      "geometry": {
        "type": "Point",
        "coordinates": [
          104.041796,
          30.650685
        ]
      },
      "properties": {
        "name": "成都体育学院",
        "category": "edu",
        "type": "科教文化服务;学校;高等院校",
        "district": "武侯区",
        "weight": 10
      }
    },
    {
      "type": "Feature",
      "geometry": {
        "type": "Point",
        "coordinates": [
          104.038646,
          30.649047
        ]
      },
      "properties": {
        "name": "ata考试中心",
        "category": "edu",
        "type": "科教文化服务;科教文化场所;科教文化场所",
        "district": "武侯区",
        "weight": 21
      }
    },
    {
      "type": "Feature",
      "geometry": {
        "type": "Point",
        "coordinates": [
          104.038924,
          30.651252
        ]
      },
      "properties": {
        "name": "成都正则会计学校",
        "category": "edu",
        "type": "科教文化服务;学校;学校",
        "district": "武侯区",
        "weight": 4
      }
    },
    {
      "type": "Feature",
      "geometry": {
        "type": "Point",
        "coordinates": [
          104.036585,
          30.653818
        ]
      },
      "properties": {
        "name": "每日电视",
        "category": "edu",
        "type": "科教文化服务;传媒机构;电视台",
        "district": "武侯区",
        "weight": 5
      }
    },
    {
      "type": "Feature",
      "geometry": {
        "type": "Point",
        "coordinates": [
          104.043048,
          30.654253
        ]
      },
      "properties": {
        "name": "每月十五文学社",
        "category": "edu",
        "type": "科教文化服务;科教文化场所;科教文化场所",
        "district": "青羊区",
        "weight": 6
      }
    },
    {
      "type": "Feature",
      "geometry": {
        "type": "Point",
        "coordinates": [
          104.042669,
          30.655979
        ]
      },
      "properties": {
        "name": "成都市环境保护科学研究院",
        "category": "edu",
        "type": "科教文化服务;科研机构;科研机构",
        "district": "青羊区",
        "weight": 2
      }
    },
    {
      "type": "Feature",
      "geometry": {
        "type": "Point",
        "coordinates": [
          104.036578,
          30.652238
        ]
      },
      "properties": {
        "name": "成都赢星教育",
        "category": "edu",
        "type": "科教文化服务;培训机构;培训机构",
        "district": "武侯区",
        "weight": 4
      }
    },
    {
      "type": "Feature",
      "geometry": {
        "type": "Point",
        "coordinates": [
          104.034148,
          30.65479
        ]
      },
      "properties": {
        "name": "金苹果幼儿园",
        "category": "edu",
        "type": "科教文化服务;学校;幼儿园",
        "district": "青羊区",
        "weight": 2
      }
    },
    {
      "type": "Feature",
      "geometry": {
        "type": "Point",
        "coordinates": [
          104.03826,
          30.652649
        ]
      },
      "properties": {
        "name": "嘉锐地产营销传播机构",
        "category": "edu",
        "type": "科教文化服务;科教文化场所;科教文化场所",
        "district": "武侯区",
        "weight": 3
      }
    },
    {
      "type": "Feature",
      "geometry": {
        "type": "Point",
        "coordinates": [
          104.036685,
          30.658621
        ]
      },
      "properties": {
        "name": "西昌学院动物科学系临床医学实践基地",
        "category": "edu",
        "type": "科教文化服务;科教文化场所;科教文化场所",
        "district": "青羊区",
        "weight": 1
      }
    },
    {
      "type": "Feature",
      "geometry": {
        "type": "Point",
        "coordinates": [
          104.050628,
          30.655898
        ]
      },
      "properties": {
        "name": "浩浩学校",
        "category": "edu",
        "type": "科教文化服务;培训机构;培训机构",
        "district": "青羊区",
        "weight": 4
      }
    },
    {
      "type": "Feature",
      "geometry": {
        "type": "Point",
        "coordinates": [
          104.049607,
          30.656935
        ]
      },
      "properties": {
        "name": "佳米教育",
        "category": "edu",
        "type": "科教文化服务;培训机构;培训机构",
        "district": "青羊区",
        "weight": 2
      }
    },
    {
      "type": "Feature",
      "geometry": {
        "type": "Point",
        "coordinates": [
          104.052614,
          30.650874
        ]
      },
      "properties": {
        "name": "四川省古今钱币文化研究会",
        "category": "edu",
        "type": "科教文化服务;科研机构;科研机构",
        "district": "武侯区",
        "weight": 2
      }
    },
    {
      "type": "Feature",
      "geometry": {
        "type": "Point",
        "coordinates": [
          104.052646,
          30.658405
        ]
      },
      "properties": {
        "name": "澳斯特教育",
        "category": "edu",
        "type": "科教文化服务;培训机构;培训机构",
        "district": "青羊区",
        "weight": 7
      }
    },
    {
      "type": "Feature",
      "geometry": {
        "type": "Point",
        "coordinates": [
          104.045295,
          30.649227
        ]
      },
      "properties": {
        "name": "水烟博物馆",
        "category": "edu",
        "type": "科教文化服务;博物馆;博物馆",
        "district": "武侯区",
        "weight": 5
      }
    },
    {
      "type": "Feature",
      "geometry": {
        "type": "Point",
        "coordinates": [
          104.045615,
          30.656488
        ]
      },
      "properties": {
        "name": "润禾学校",
        "category": "edu",
        "type": "科教文化服务;培训机构;培训机构",
        "district": "青羊区",
        "weight": 3
      }
    },
    {
      "type": "Feature",
      "geometry": {
        "type": "Point",
        "coordinates": [
          104.049795,
          30.658236
        ]
      },
      "properties": {
        "name": "成都市青羊区汪家智慧生活平台",
        "category": "edu",
        "type": "科教文化服务;科教文化场所;科教文化场所",
        "district": "青羊区",
        "weight": 2
      }
    },
    {
      "type": "Feature",
      "geometry": {
        "type": "Point",
        "coordinates": [
          104.044108,
          30.65349
        ]
      },
      "properties": {
        "name": "成都飞机设计研究所幼儿园",
        "category": "edu",
        "type": "科教文化服务;学校;幼儿园",
        "district": "武侯区",
        "weight": 1
      }
    },
    {
      "type": "Feature",
      "geometry": {
        "type": "Point",
        "coordinates": [
          104.051444,
          30.654968
        ]
      },
      "properties": {
        "name": "艺库画室",
        "category": "edu",
        "type": "科教文化服务;培训机构;培训机构",
        "district": "青羊区",
        "weight": 1
      }
    },
    {
      "type": "Feature",
      "geometry": {
        "type": "Point",
        "coordinates": [
          104.04843,
          30.650263
        ]
      },
      "properties": {
        "name": "611研究所体育活动中心培训",
        "category": "edu",
        "type": "科教文化服务;培训机构;培训机构",
        "district": "武侯区",
        "weight": 1
      }
    },
    {
      "type": "Feature",
      "geometry": {
        "type": "Point",
        "coordinates": [
          104.049378,
          30.655594
        ]
      },
      "properties": {
        "name": "华北星教育",
        "category": "edu",
        "type": "科教文化服务;培训机构;培训机构",
        "district": "青羊区",
        "weight": 1
      }
    },
    {
      "type": "Feature",
      "geometry": {
        "type": "Point",
        "coordinates": [
          104.054859,
          30.652792
        ]
      },
      "properties": {
        "name": "彩虹小学",
        "category": "edu",
        "type": "科教文化服务;学校;小学",
        "district": "青羊区",
        "weight": 3
      }
    },
    {
      "type": "Feature",
      "geometry": {
        "type": "Point",
        "coordinates": [
          104.06113,
          30.651303
        ]
      },
      "properties": {
        "name": "锦江宾馆锦苑楼-会议厅",
        "category": "edu",
        "type": "科教文化服务;会展中心;会展中心",
        "district": "锦江区",
        "weight": 3
      }
    },
    {
      "type": "Feature",
      "geometry": {
        "type": "Point",
        "coordinates": [
          104.062932,
          30.654338
        ]
      },
      "properties": {
        "name": "新通留学",
        "category": "edu",
        "type": "科教文化服务;科教文化场所;科教文化场所",
        "district": "锦江区",
        "weight": 5
      }
    },
    {
      "type": "Feature",
      "geometry": {
        "type": "Point",
        "coordinates": [
          104.056081,
          30.65055
        ]
      },
      "properties": {
        "name": "曾成伟古琴艺术机构",
        "category": "edu",
        "type": "科教文化服务;科教文化场所;科教文化场所",
        "district": "青羊区",
        "weight": 2
      }
    },
    {
      "type": "Feature",
      "geometry": {
        "type": "Point",
        "coordinates": [
          104.057174,
          30.649989
        ]
      },
      "properties": {
        "name": "成都市瑞世天晟文化传播有限责任公司",
        "category": "edu",
        "type": "科教文化服务;科教文化场所;科教文化场所",
        "district": "青羊区",
        "weight": 1
      }
    },
    {
      "type": "Feature",
      "geometry": {
        "type": "Point",
        "coordinates": [
          104.058623,
          30.656151
        ]
      },
      "properties": {
        "name": "幼儿乐园",
        "category": "edu",
        "type": "科教文化服务;学校;幼儿园",
        "district": "青羊区",
        "weight": 25
      }
    },
    {
      "type": "Feature",
      "geometry": {
        "type": "Point",
        "coordinates": [
          104.057762,
          30.65113
        ]
      },
      "properties": {
        "name": "北京起点教育成都中心",
        "category": "edu",
        "type": "科教文化服务;培训机构;培训机构",
        "district": "青羊区",
        "weight": 6
      }
    },
    {
      "type": "Feature",
      "geometry": {
        "type": "Point",
        "coordinates": [
          104.054726,
          30.656654
        ]
      },
      "properties": {
        "name": "成都石室中学",
        "category": "edu",
        "type": "科教文化服务;学校;中学",
        "district": "青羊区",
        "weight": 16
      }
    },
    {
      "type": "Feature",
      "geometry": {
        "type": "Point",
        "coordinates": [
          104.062965,
          30.652689
        ]
      },
      "properties": {
        "name": "四川省人大会议中心",
        "category": "edu",
        "type": "科教文化服务;会展中心;会展中心",
        "district": "锦江区",
        "weight": 1
      }
    },
    {
      "type": "Feature",
      "geometry": {
        "type": "Point",
        "coordinates": [
          104.062792,
          30.657063
        ]
      },
      "properties": {
        "name": "现代传播",
        "category": "edu",
        "type": "科教文化服务;传媒机构;传媒机构",
        "district": "青羊区",
        "weight": 38
      }
    },
    {
      "type": "Feature",
      "geometry": {
        "type": "Point",
        "coordinates": [
          104.059913,
          30.652897
        ]
      },
      "properties": {
        "name": "人民权力报社",
        "category": "edu",
        "type": "科教文化服务;传媒机构;报社",
        "district": "锦江区",
        "weight": 5
      }
    },
    {
      "type": "Feature",
      "geometry": {
        "type": "Point",
        "coordinates": [
          104.054594,
          30.654532
        ]
      },
      "properties": {
        "name": "晚霞杂志社",
        "category": "edu",
        "type": "科教文化服务;传媒机构;杂志社",
        "district": "青羊区",
        "weight": 5
      }
    },
    {
      "type": "Feature",
      "geometry": {
        "type": "Point",
        "coordinates": [
          104.061606,
          30.650308
        ]
      },
      "properties": {
        "name": "锦江宾馆-贵宾楼-会议厅",
        "category": "edu",
        "type": "科教文化服务;会展中心;会展中心",
        "district": "锦江区",
        "weight": 1
      }
    },
    {
      "type": "Feature",
      "geometry": {
        "type": "Point",
        "coordinates": [
          104.059603,
          30.650219
        ]
      },
      "properties": {
        "name": "坚果教室",
        "category": "edu",
        "type": "科教文化服务;科教文化场所;科教文化场所",
        "district": "锦江区",
        "weight": 4
      }
    },
    {
      "type": "Feature",
      "geometry": {
        "type": "Point",
        "coordinates": [
          104.061414,
          30.654004
        ]
      },
      "properties": {
        "name": "教育导报",
        "category": "edu",
        "type": "科教文化服务;传媒机构;报社",
        "district": "锦江区",
        "weight": 3
      }
    },
    {
      "type": "Feature",
      "geometry": {
        "type": "Point",
        "coordinates": [
          104.058708,
          30.654186
        ]
      },
      "properties": {
        "name": "成都市第六幼儿园文庙园区",
        "category": "edu",
        "type": "科教文化服务;学校;幼儿园",
        "district": "青羊区",
        "weight": 2
      }
    },
    {
      "type": "Feature",
      "geometry": {
        "type": "Point",
        "coordinates": [
          104.067568,
          30.655831
        ]
      },
      "properties": {
        "name": "菲菲教育",
        "category": "edu",
        "type": "科教文化服务;培训机构;培训机构",
        "district": "锦江区",
        "weight": 41
      }
    },
    {
      "type": "Feature",
      "geometry": {
        "type": "Point",
        "coordinates": [
          104.072564,
          30.658532
        ]
      },
      "properties": {
        "name": "SunSWATER文化传媒有限公司",
        "category": "edu",
        "type": "科教文化服务;科教文化场所;科教文化场所",
        "district": "锦江区",
        "weight": 1
      }
    },
    {
      "type": "Feature",
      "geometry": {
        "type": "Point",
        "coordinates": [
          104.069947,
          30.655038
        ]
      },
      "properties": {
        "name": "成师附小",
        "category": "edu",
        "type": "科教文化服务;学校;小学",
        "district": "锦江区",
        "weight": 9
      }
    },
    {
      "type": "Feature",
      "geometry": {
        "type": "Point",
        "coordinates": [
          104.072159,
          30.657047
        ]
      },
      "properties": {
        "name": "一杯舞蹈馆",
        "category": "edu",
        "type": "科教文化服务;培训机构;培训机构",
        "district": "锦江区",
        "weight": 2
      }
    },
    {
      "type": "Feature",
      "geometry": {
        "type": "Point",
        "coordinates": [
          104.066318,
          30.651368
        ]
      },
      "properties": {
        "name": "牧童教育",
        "category": "edu",
        "type": "科教文化服务;培训机构;培训机构",
        "district": "锦江区",
        "weight": 18
      }
    },
    {
      "type": "Feature",
      "geometry": {
        "type": "Point",
        "coordinates": [
          104.073407,
          30.654064
        ]
      },
      "properties": {
        "name": "四川上座文化传播有限公司南京办事处",
        "category": "edu",
        "type": "科教文化服务;科教文化场所;科教文化场所",
        "district": "锦江区",
        "weight": 1
      }
    },
    {
      "type": "Feature",
      "geometry": {
        "type": "Point",
        "coordinates": [
          104.069303,
          30.65132
        ]
      },
      "properties": {
        "name": "盐道街中学",
        "category": "edu",
        "type": "科教文化服务;学校;中学",
        "district": "锦江区",
        "weight": 3
      }
    },
    {
      "type": "Feature",
      "geometry": {
        "type": "Point",
        "coordinates": [
          104.069021,
          30.649528
        ]
      },
      "properties": {
        "name": "盐道街中学",
        "category": "edu",
        "type": "科教文化服务;学校;中学",
        "district": "锦江区",
        "weight": 6
      }
    },
    {
      "type": "Feature",
      "geometry": {
        "type": "Point",
        "coordinates": [
          104.070384,
          30.653186
        ]
      },
      "properties": {
        "name": "成都市第二幼儿园(督院园区)",
        "category": "edu",
        "type": "科教文化服务;学校;幼儿园",
        "district": "锦江区",
        "weight": 2
      }
    },
    {
      "type": "Feature",
      "geometry": {
        "type": "Point",
        "coordinates": [
          104.07103,
          30.656833
        ]
      },
      "properties": {
        "name": "四川省粮食工程设计院",
        "category": "edu",
        "type": "科教文化服务;科研机构;科研机构",
        "district": "锦江区",
        "weight": 2
      }
    },
    {
      "type": "Feature",
      "geometry": {
        "type": "Point",
        "coordinates": [
          104.066148,
          30.649682
        ]
      },
      "properties": {
        "name": "罗浮厅",
        "category": "edu",
        "type": "科教文化服务;科教文化场所;科教文化场所",
        "district": "锦江区",
        "weight": 2
      }
    },
    {
      "type": "Feature",
      "geometry": {
        "type": "Point",
        "coordinates": [
          104.066599,
          30.659126
        ]
      },
      "properties": {
        "name": "青少年",
        "category": "edu",
        "type": "科教文化服务;科教文化场所;科教文化场所",
        "district": "锦江区",
        "weight": 3
      }
    },
    {
      "type": "Feature",
      "geometry": {
        "type": "Point",
        "coordinates": [
          104.06464,
          30.654254
        ]
      },
      "properties": {
        "name": "汉默画廊",
        "category": "edu",
        "type": "科教文化服务;科教文化场所;科教文化场所",
        "district": "锦江区",
        "weight": 1
      }
    },
    {
      "type": "Feature",
      "geometry": {
        "type": "Point",
        "coordinates": [
          104.073582,
          30.655502
        ]
      },
      "properties": {
        "name": "《摄影报》社",
        "category": "edu",
        "type": "科教文化服务;传媒机构;报社",
        "district": "锦江区",
        "weight": 14
      }
    },
    {
      "type": "Feature",
      "geometry": {
        "type": "Point",
        "coordinates": [
          104.070129,
          30.654197
        ]
      },
      "properties": {
        "name": "成都师范附属小学",
        "category": "edu",
        "type": "科教文化服务;学校;小学",
        "district": "锦江区",
        "weight": 1
      }
    },
    {
      "type": "Feature",
      "geometry": {
        "type": "Point",
        "coordinates": [
          104.072187,
          30.653898
        ]
      },
      "properties": {
        "name": "经济日报社四川记者站",
        "category": "edu",
        "type": "科教文化服务;传媒机构;传媒机构",
        "district": "锦江区",
        "weight": 1
      }
    },
    {
      "type": "Feature",
      "geometry": {
        "type": "Point",
        "coordinates": [
          104.071328,
          30.650894
        ]
      },
      "properties": {
        "name": "笳汐艺术培训中心",
        "category": "edu",
        "type": "科教文化服务;培训机构;培训机构",
        "district": "锦江区",
        "weight": 1
      }
    },
    {
      "type": "Feature",
      "geometry": {
        "type": "Point",
        "coordinates": [
          104.080374,
          30.652146
        ]
      },
      "properties": {
        "name": "极地环宇",
        "category": "edu",
        "type": "科教文化服务;培训机构;培训机构",
        "district": "锦江区",
        "weight": 6
      }
    },
    {
      "type": "Feature",
      "geometry": {
        "type": "Point",
        "coordinates": [
          104.074571,
          30.652595
        ]
      },
      "properties": {
        "name": "成都天府妇科研究院",
        "category": "edu",
        "type": "科教文化服务;科研机构;科研机构",
        "district": "锦江区",
        "weight": 6
      }
    },
    {
      "type": "Feature",
      "geometry": {
        "type": "Point",
        "coordinates": [
          104.084134,
          30.653206
        ]
      },
      "properties": {
        "name": "星元传媒公司",
        "category": "edu",
        "type": "科教文化服务;科教文化场所;科教文化场所",
        "district": "锦江区",
        "weight": 14
      }
    },
    {
      "type": "Feature",
      "geometry": {
        "type": "Point",
        "coordinates": [
          104.075666,
          30.658992
        ]
      },
      "properties": {
        "name": "青年会培训中心",
        "category": "edu",
        "type": "科教文化服务;培训机构;培训机构",
        "district": "锦江区",
        "weight": 3
      }
    },
    {
      "type": "Feature",
      "geometry": {
        "type": "Point",
        "coordinates": [
          104.082159,
          30.650894
        ]
      },
      "properties": {
        "name": "国色舞",
        "category": "edu",
        "type": "科教文化服务;科教文化场所;科教文化场所",
        "district": "锦江区",
        "weight": 4
      }
    },
    {
      "type": "Feature",
      "geometry": {
        "type": "Point",
        "coordinates": [
          104.083664,
          30.654841
        ]
      },
      "properties": {
        "name": "时代留学女仆日语教室",
        "category": "edu",
        "type": "科教文化服务;科教文化场所;科教文化场所",
        "district": "锦江区",
        "weight": 4
      }
    },
    {
      "type": "Feature",
      "geometry": {
        "type": "Point",
        "coordinates": [
          104.076471,
          30.650347
        ]
      },
      "properties": {
        "name": "成都市唯舞舞蹈艺术培训",
        "category": "edu",
        "type": "科教文化服务;培训机构;培训机构",
        "district": "锦江区",
        "weight": 3
      }
    },
    {
      "type": "Feature",
      "geometry": {
        "type": "Point",
        "coordinates": [
          104.082136,
          30.658052
        ]
      },
      "properties": {
        "name": "科技日报社四川办事处",
        "category": "edu",
        "type": "科教文化服务;传媒机构;报社",
        "district": "锦江区",
        "weight": 7
      }
    },
    {
      "type": "Feature",
      "geometry": {
        "type": "Point",
        "coordinates": [
          104.075514,
          30.651523
        ]
      },
      "properties": {
        "name": "名师堂学校",
        "category": "edu",
        "type": "科教文化服务;科教文化场所;科教文化场所",
        "district": "锦江区",
        "weight": 3
      }
    },
    {
      "type": "Feature",
      "geometry": {
        "type": "Point",
        "coordinates": [
          104.078821,
          30.650368
        ]
      },
      "properties": {
        "name": "成都市礼仪职业中学(东区)",
        "category": "edu",
        "type": "科教文化服务;学校;职业技术学校",
        "district": "锦江区",
        "weight": 2
      }
    },
    {
      "type": "Feature",
      "geometry": {
        "type": "Point",
        "coordinates": [
          104.078432,
          30.653216
        ]
      },
      "properties": {
        "name": "外东小学",
        "category": "edu",
        "type": "科教文化服务;学校;小学",
        "district": "锦江区",
        "weight": 8
      }
    },
    {
      "type": "Feature",
      "geometry": {
        "type": "Point",
        "coordinates": [
          104.076504,
          30.652091
        ]
      },
      "properties": {
        "name": "成都市第一幼儿园",
        "category": "edu",
        "type": "科教文化服务;学校;幼儿园",
        "district": "锦江区",
        "weight": 2
      }
    },
    {
      "type": "Feature",
      "geometry": {
        "type": "Point",
        "coordinates": [
          104.080136,
          30.65895
        ]
      },
      "properties": {
        "name": "锦江区委党校",
        "category": "edu",
        "type": "科教文化服务;学校;学校",
        "district": "锦江区",
        "weight": 5
      }
    },
    {
      "type": "Feature",
      "geometry": {
        "type": "Point",
        "coordinates": [
          104.083239,
          30.649593
        ]
      },
      "properties": {
        "name": "企木音悦坊",
        "category": "edu",
        "type": "科教文化服务;传媒机构;传媒机构",
        "district": "锦江区",
        "weight": 2
      }
    },
    {
      "type": "Feature",
      "geometry": {
        "type": "Point",
        "coordinates": [
          104.075133,
          30.653818
        ]
      },
      "properties": {
        "name": "华美教育培训中心",
        "category": "edu",
        "type": "科教文化服务;培训机构;培训机构",
        "district": "锦江区",
        "weight": 2
      }
    },
    {
      "type": "Feature",
      "geometry": {
        "type": "Point",
        "coordinates": [
          104.077255,
          30.648735
        ]
      },
      "properties": {
        "name": "小初托管",
        "category": "edu",
        "type": "科教文化服务;培训机构;培训机构",
        "district": "锦江区",
        "weight": 6
      }
    },
    {
      "type": "Feature",
      "geometry": {
        "type": "Point",
        "coordinates": [
          104.074399,
          30.656552
        ]
      },
      "properties": {
        "name": "Candy Lab糖果研究室",
        "category": "edu",
        "type": "科教文化服务;科研机构;科研机构",
        "district": "锦江区",
        "weight": 1
      }
    },
    {
      "type": "Feature",
      "geometry": {
        "type": "Point",
        "coordinates": [
          104.083343,
          30.659143
        ]
      },
      "properties": {
        "name": "成都市锦江区道德讲堂总堂",
        "category": "edu",
        "type": "科教文化服务;科教文化场所;科教文化场所",
        "district": "锦江区",
        "weight": 1
      }
    },
    {
      "type": "Feature",
      "geometry": {
        "type": "Point",
        "coordinates": [
          104.078115,
          30.656307
        ]
      },
      "properties": {
        "name": "英桥国际教育",
        "category": "edu",
        "type": "科教文化服务;培训机构;培训机构",
        "district": "锦江区",
        "weight": 2
      }
    },
    {
      "type": "Feature",
      "geometry": {
        "type": "Point",
        "coordinates": [
          104.079797,
          30.657263
        ]
      },
      "properties": {
        "name": "易软教育",
        "category": "edu",
        "type": "科教文化服务;培训机构;培训机构",
        "district": "锦江区",
        "weight": 3
      }
    },
    {
      "type": "Feature",
      "geometry": {
        "type": "Point",
        "coordinates": [
          104.084866,
          30.649669
        ]
      },
      "properties": {
        "name": "车语传媒",
        "category": "edu",
        "type": "科教文化服务;科教文化场所;科教文化场所",
        "district": "锦江区",
        "weight": 17
      }
    },
    {
      "type": "Feature",
      "geometry": {
        "type": "Point",
        "coordinates": [
          104.087448,
          30.650142
        ]
      },
      "properties": {
        "name": "达内教育",
        "category": "edu",
        "type": "科教文化服务;科教文化场所;科教文化场所",
        "district": "锦江区",
        "weight": 18
      }
    },
    {
      "type": "Feature",
      "geometry": {
        "type": "Point",
        "coordinates": [
          104.090169,
          30.651538
        ]
      },
      "properties": {
        "name": "成都理想空间文化传播有限公司",
        "category": "edu",
        "type": "科教文化服务;科教文化场所;科教文化场所",
        "district": "锦江区",
        "weight": 1
      }
    },
    {
      "type": "Feature",
      "geometry": {
        "type": "Point",
        "coordinates": [
          104.089112,
          30.654627
        ]
      },
      "properties": {
        "name": "成华区电力设计院",
        "category": "edu",
        "type": "科教文化服务;科研机构;科研机构",
        "district": "成华区",
        "weight": 3
      }
    },
    {
      "type": "Feature",
      "geometry": {
        "type": "Point",
        "coordinates": [
          104.087343,
          30.656334
        ]
      },
      "properties": {
        "name": "笑艺场相声社",
        "category": "edu",
        "type": "科教文化服务;科教文化场所;科教文化场所",
        "district": "成华区",
        "weight": 5
      }
    },
    {
      "type": "Feature",
      "geometry": {
        "type": "Point",
        "coordinates": [
          104.093192,
          30.657325
        ]
      },
      "properties": {
        "name": "中国测试杂志社",
        "category": "edu",
        "type": "科教文化服务;科教文化场所;科教文化场所",
        "district": "成华区",
        "weight": 9
      }
    },
    {
      "type": "Feature",
      "geometry": {
        "type": "Point",
        "coordinates": [
          104.091502,
          30.656849
        ]
      },
      "properties": {
        "name": "成都市成华区特殊教育学校",
        "category": "edu",
        "type": "科教文化服务;学校;学校",
        "district": "成华区",
        "weight": 1
      }
    },
    {
      "type": "Feature",
      "geometry": {
        "type": "Point",
        "coordinates": [
          104.090306,
          30.65319
        ]
      },
      "properties": {
        "name": "成都市锦江区档案馆",
        "category": "edu",
        "type": "科教文化服务;档案馆;档案馆",
        "district": "锦江区",
        "weight": 1
      }
    },
    {
      "type": "Feature",
      "geometry": {
        "type": "Point",
        "coordinates": [
          104.08429,
          30.656903
        ]
      },
      "properties": {
        "name": "大慈雅韵学堂",
        "category": "edu",
        "type": "科教文化服务;科教文化场所;科教文化场所",
        "district": "锦江区",
        "weight": 14
      }
    },
    {
      "type": "Feature",
      "geometry": {
        "type": "Point",
        "coordinates": [
          104.093639,
          30.650741
        ]
      },
      "properties": {
        "name": "彦杰教育",
        "category": "edu",
        "type": "科教文化服务;培训机构;培训机构",
        "district": "锦江区",
        "weight": 22
      }
    },
    {
      "type": "Feature",
      "geometry": {
        "type": "Point",
        "coordinates": [
          104.092887,
          30.654992
        ]
      },
      "properties": {
        "name": "中国质量报四川记者站",
        "category": "edu",
        "type": "科教文化服务;传媒机构;传媒机构",
        "district": "成华区",
        "weight": 7
      }
    },
    {
      "type": "Feature",
      "geometry": {
        "type": "Point",
        "coordinates": [
          104.08826,
          30.65831
        ]
      },
      "properties": {
        "name": "四川省电力公司电力经济技术研究院(天祥大厦商务楼西)",
        "category": "edu",
        "type": "科教文化服务;科研机构;科研机构",
        "district": "成华区",
        "weight": 1
      }
    },
    {
      "type": "Feature",
      "geometry": {
        "type": "Point",
        "coordinates": [
          104.086647,
          30.658315
        ]
      },
      "properties": {
        "name": "海白味培训",
        "category": "edu",
        "type": "科教文化服务;培训机构;培训机构",
        "district": "锦江区",
        "weight": 3
      }
    },
    {
      "type": "Feature",
      "geometry": {
        "type": "Point",
        "coordinates": [
          104.084117,
          30.658451
        ]
      },
      "properties": {
        "name": "成都德馨学校",
        "category": "edu",
        "type": "科教文化服务;培训机构;培训机构",
        "district": "锦江区",
        "weight": 1
      }
    },
    {
      "type": "Feature",
      "geometry": {
        "type": "Point",
        "coordinates": [
          104.086734,
          30.654635
        ]
      },
      "properties": {
        "name": "成都市民道德讲堂",
        "category": "edu",
        "type": "科教文化服务;培训机构;培训机构",
        "district": "锦江区",
        "weight": 1
      }
    },
    {
      "type": "Feature",
      "geometry": {
        "type": "Point",
        "coordinates": [
          104.086856,
          30.652807
        ]
      },
      "properties": {
        "name": "名扬中高考学习中心",
        "category": "edu",
        "type": "科教文化服务;培训机构;培训机构",
        "district": "锦江区",
        "weight": 1
      }
    },
    {
      "type": "Feature",
      "geometry": {
        "type": "Point",
        "coordinates": [
          104.101172,
          30.650372
        ]
      },
      "properties": {
        "name": "新高教育",
        "category": "edu",
        "type": "科教文化服务;培训机构;培训机构",
        "district": "成华区",
        "weight": 4
      }
    },
    {
      "type": "Feature",
      "geometry": {
        "type": "Point",
        "coordinates": [
          104.097485,
          30.65535
        ]
      },
      "properties": {
        "name": "米熊画室",
        "category": "edu",
        "type": "科教文化服务;培训机构;培训机构",
        "district": "成华区",
        "weight": 12
      }
    },
    {
      "type": "Feature",
      "geometry": {
        "type": "Point",
        "coordinates": [
          104.098208,
          30.65824
        ]
      },
      "properties": {
        "name": "四川画报社",
        "category": "edu",
        "type": "科教文化服务;传媒机构;报社",
        "district": "成华区",
        "weight": 3
      }
    },
    {
      "type": "Feature",
      "geometry": {
        "type": "Point",
        "coordinates": [
          104.102073,
          30.656621
        ]
      },
      "properties": {
        "name": "国家开放大学五冶分校",
        "category": "edu",
        "type": "科教文化服务;学校;高等院校",
        "district": "成华区",
        "weight": 1
      }
    },
    {
      "type": "Feature",
      "geometry": {
        "type": "Point",
        "coordinates": [
          104.096657,
          30.657813
        ]
      },
      "properties": {
        "name": "逸成教育",
        "category": "edu",
        "type": "科教文化服务;培训机构;培训机构",
        "district": "成华区",
        "weight": 7
      }
    },
    {
      "type": "Feature",
      "geometry": {
        "type": "Point",
        "coordinates": [
          104.102188,
          30.657659
        ]
      },
      "properties": {
        "name": "五冶电大",
        "category": "edu",
        "type": "科教文化服务;学校;成人教育",
        "district": "成华区",
        "weight": 1
      }
    },
    {
      "type": "Feature",
      "geometry": {
        "type": "Point",
        "coordinates": [
          104.095317,
          30.656132
        ]
      },
      "properties": {
        "name": "美鑫画室",
        "category": "edu",
        "type": "科教文化服务;培训机构;培训机构",
        "district": "成华区",
        "weight": 5
      }
    },
    {
      "type": "Feature",
      "geometry": {
        "type": "Point",
        "coordinates": [
          104.100382,
          30.655651
        ]
      },
      "properties": {
        "name": "成都市成华区双林幼儿园",
        "category": "edu",
        "type": "科教文化服务;学校;幼儿园",
        "district": "成华区",
        "weight": 2
      }
    },
    {
      "type": "Feature",
      "geometry": {
        "type": "Point",
        "coordinates": [
          104.103477,
          30.653921
        ]
      },
      "properties": {
        "name": "双林社区老年大学",
        "category": "edu",
        "type": "科教文化服务;学校;成人教育",
        "district": "成华区",
        "weight": 3
      }
    },
    {
      "type": "Feature",
      "geometry": {
        "type": "Point",
        "coordinates": [
          104.097247,
          30.653118
        ]
      },
      "properties": {
        "name": "成都市第十二幼儿园",
        "category": "edu",
        "type": "科教文化服务;学校;幼儿园",
        "district": "成华区",
        "weight": 1
      }
    },
    {
      "type": "Feature",
      "geometry": {
        "type": "Point",
        "coordinates": [
          104.098668,
          30.651248
        ]
      },
      "properties": {
        "name": "勤林画室",
        "category": "edu",
        "type": "科教文化服务;美术馆;美术馆",
        "district": "成华区",
        "weight": 5
      }
    },
    {
      "type": "Feature",
      "geometry": {
        "type": "Point",
        "coordinates": [
          104.096629,
          30.649115
        ]
      },
      "properties": {
        "name": "莎木映画",
        "category": "edu",
        "type": "科教文化服务;培训机构;培训机构",
        "district": "锦江区",
        "weight": 13
      }
    },
    {
      "type": "Feature",
      "geometry": {
        "type": "Point",
        "coordinates": [
          104.103058,
          30.64958
        ]
      },
      "properties": {
        "name": "成都市十二幼蜀都分园",
        "category": "edu",
        "type": "科教文化服务;学校;幼儿园",
        "district": "成华区",
        "weight": 1
      }
    },
    {
      "type": "Feature",
      "geometry": {
        "type": "Point",
        "coordinates": [
          104.102681,
          30.655618
        ]
      },
      "properties": {
        "name": "聪明豆拖辅中心",
        "category": "edu",
        "type": "科教文化服务;科教文化场所;科教文化场所",
        "district": "成华区",
        "weight": 1
      }
    },
    {
      "type": "Feature",
      "geometry": {
        "type": "Point",
        "coordinates": [
          104.100918,
          30.654034
        ]
      },
      "properties": {
        "name": "艾米丽化妆造型学校",
        "category": "edu",
        "type": "科教文化服务;培训机构;培训机构",
        "district": "成华区",
        "weight": 4
      }
    },
    {
      "type": "Feature",
      "geometry": {
        "type": "Point",
        "coordinates": [
          104.0961,
          30.653882
        ]
      },
      "properties": {
        "name": "围棋教室",
        "category": "edu",
        "type": "科教文化服务;培训机构;培训机构",
        "district": "成华区",
        "weight": 2
      }
    },
    {
      "type": "Feature",
      "geometry": {
        "type": "Point",
        "coordinates": [
          104.095085,
          30.65716
        ]
      },
      "properties": {
        "name": "向日葵画室",
        "category": "edu",
        "type": "科教文化服务;培训机构;培训机构",
        "district": "成华区",
        "weight": 1
      }
    },
    {
      "type": "Feature",
      "geometry": {
        "type": "Point",
        "coordinates": [
          104.105564,
          30.656781
        ]
      },
      "properties": {
        "name": "成华区文化馆",
        "category": "edu",
        "type": "科教文化服务;文化宫;文化宫",
        "district": "成华区",
        "weight": 19
      }
    },
    {
      "type": "Feature",
      "geometry": {
        "type": "Point",
        "coordinates": [
          104.112048,
          30.653689
        ]
      },
      "properties": {
        "name": "童画馆",
        "category": "edu",
        "type": "科教文化服务;培训机构;培训机构",
        "district": "成华区",
        "weight": 46
      }
    },
    {
      "type": "Feature",
      "geometry": {
        "type": "Point",
        "coordinates": [
          104.105975,
          30.651171
        ]
      },
      "properties": {
        "name": "我形我塑",
        "category": "edu",
        "type": "生活服务;美容美发店;美容美发店|科教文化服务;培训机构;培训机构",
        "district": "成华区",
        "weight": 19
      }
    },
    {
      "type": "Feature",
      "geometry": {
        "type": "Point",
        "coordinates": [
          104.104131,
          30.655017
        ]
      },
      "properties": {
        "name": "成都市第十三幼儿园",
        "category": "edu",
        "type": "科教文化服务;学校;幼儿园",
        "district": "成华区",
        "weight": 2
      }
    },
    {
      "type": "Feature",
      "geometry": {
        "type": "Point",
        "coordinates": [
          104.106148,
          30.649558
        ]
      },
      "properties": {
        "name": "美迪教育集团",
        "category": "edu",
        "type": "科教文化服务;培训机构;培训机构",
        "district": "成华区",
        "weight": 2
      }
    },
    {
      "type": "Feature",
      "geometry": {
        "type": "Point",
        "coordinates": [
          104.107113,
          30.657455
        ]
      },
      "properties": {
        "name": "新华幼儿园",
        "category": "edu",
        "type": "科教文化服务;学校;幼儿园",
        "district": "成华区",
        "weight": 3
      }
    },
    {
      "type": "Feature",
      "geometry": {
        "type": "Point",
        "coordinates": [
          104.112299,
          30.65629
        ]
      },
      "properties": {
        "name": "成都戴氏英语学校",
        "category": "edu",
        "type": "科教文化服务;培训机构;培训机构",
        "district": "成华区",
        "weight": 8
      }
    },
    {
      "type": "Feature",
      "geometry": {
        "type": "Point",
        "coordinates": [
          104.104307,
          30.650389
        ]
      },
      "properties": {
        "name": "双林小学校",
        "category": "edu",
        "type": "科教文化服务;学校;小学",
        "district": "成华区",
        "weight": 1
      }
    },
    {
      "type": "Feature",
      "geometry": {
        "type": "Point",
        "coordinates": [
          104.108778,
          30.653542
        ]
      },
      "properties": {
        "name": "成华区职工幼儿园",
        "category": "edu",
        "type": "科教文化服务;学校;幼儿园",
        "district": "成华区",
        "weight": 2
      }
    },
    {
      "type": "Feature",
      "geometry": {
        "type": "Point",
        "coordinates": [
          104.107654,
          30.659065
        ]
      },
      "properties": {
        "name": "新华社区长者空间",
        "category": "edu",
        "type": "科教文化服务;科教文化场所;科教文化场所",
        "district": "成华区",
        "weight": 1
      }
    },
    {
      "type": "Feature",
      "geometry": {
        "type": "Point",
        "coordinates": [
          104.108536,
          30.658426
        ]
      },
      "properties": {
        "name": "启航幼儿艺术培训室",
        "category": "edu",
        "type": "科教文化服务;培训机构;培训机构",
        "district": "成华区",
        "weight": 1
      }
    },
    {
      "type": "Feature",
      "geometry": {
        "type": "Point",
        "coordinates": [
          104.112677,
          30.658716
        ]
      },
      "properties": {
        "name": "万年医院华西心脑血管病研究院",
        "category": "edu",
        "type": "科教文化服务;科教文化场所;科教文化场所",
        "district": "成华区",
        "weight": 1
      }
    },
    {
      "type": "Feature",
      "geometry": {
        "type": "Point",
        "coordinates": [
          104.115324,
          30.650098
        ]
      },
      "properties": {
        "name": "米奥钢琴艺术",
        "category": "edu",
        "type": "科教文化服务;培训机构;培训机构",
        "district": "成华区",
        "weight": 5
      }
    },
    {
      "type": "Feature",
      "geometry": {
        "type": "Point",
        "coordinates": [
          104.115213,
          30.654604
        ]
      },
      "properties": {
        "name": "启梦艺术教育",
        "category": "edu",
        "type": "科教文化服务;培训机构;培训机构",
        "district": "成华区",
        "weight": 2
      }
    },
    {
      "type": "Feature",
      "geometry": {
        "type": "Point",
        "coordinates": [
          104.122894,
          30.650454
        ]
      },
      "properties": {
        "name": "万年场街道综合文化活动中心",
        "category": "edu",
        "type": "科教文化服务;文化宫;文化宫",
        "district": "成华区",
        "weight": 1
      }
    },
    {
      "type": "Feature",
      "geometry": {
        "type": "Point",
        "coordinates": [
          104.116968,
          30.65372
        ]
      },
      "properties": {
        "name": "成都奔南泰拳体育文化传播有限公司",
        "category": "edu",
        "type": "科教文化服务;科教文化场所;科教文化场所",
        "district": "成华区",
        "weight": 1
      }
    },
    {
      "type": "Feature",
      "geometry": {
        "type": "Point",
        "coordinates": [
          104.117272,
          30.64986
        ]
      },
      "properties": {
        "name": "成都石室小学",
        "category": "edu",
        "type": "科教文化服务;学校;小学",
        "district": "成华区",
        "weight": 2
      }
    },
    {
      "type": "Feature",
      "geometry": {
        "type": "Point",
        "coordinates": [
          104.120749,
          30.655922
        ]
      },
      "properties": {
        "name": "春苗幼儿园(禾田路)",
        "category": "edu",
        "type": "科教文化服务;学校;幼儿园",
        "district": "成华区",
        "weight": 1
      }
    },
    {
      "type": "Feature",
      "geometry": {
        "type": "Point",
        "coordinates": [
          104.122498,
          30.654531
        ]
      },
      "properties": {
        "name": "四川省成都列五中学",
        "category": "edu",
        "type": "科教文化服务;学校;中学",
        "district": "成华区",
        "weight": 1
      }
    },
    {
      "type": "Feature",
      "geometry": {
        "type": "Point",
        "coordinates": [
          104.118512,
          30.654942
        ]
      },
      "properties": {
        "name": "爱尔乐幼儿园",
        "category": "edu",
        "type": "科教文化服务;学校;幼儿园",
        "district": "成华区",
        "weight": 1
      }
    },
    {
      "type": "Feature",
      "geometry": {
        "type": "Point",
        "coordinates": [
          104.113834,
          30.657235
        ]
      },
      "properties": {
        "name": "成都市沙河东篱幼儿园",
        "category": "edu",
        "type": "科教文化服务;学校;幼儿园",
        "district": "成华区",
        "weight": 1
      }
    },
    {
      "type": "Feature",
      "geometry": {
        "type": "Point",
        "coordinates": [
          104.1185,
          30.651588
        ]
      },
      "properties": {
        "name": "麦子吉他工作室",
        "category": "edu",
        "type": "科教文化服务;科教文化场所;科教文化场所",
        "district": "成华区",
        "weight": 1
      }
    },
    {
      "type": "Feature",
      "geometry": {
        "type": "Point",
        "coordinates": [
          104.119848,
          30.650773
        ]
      },
      "properties": {
        "name": "源教育",
        "category": "edu",
        "type": "科教文化服务;培训机构;培训机构",
        "district": "成华区",
        "weight": 1
      }
    },
    {
      "type": "Feature",
      "geometry": {
        "type": "Point",
        "coordinates": [
          104.12325,
          30.652384
        ]
      },
      "properties": {
        "name": "成都西越学校",
        "category": "edu",
        "type": "科教文化服务;培训机构;培训机构",
        "district": "成华区",
        "weight": 1
      }
    },
    {
      "type": "Feature",
      "geometry": {
        "type": "Point",
        "coordinates": [
          104.115543,
          30.656579
        ]
      },
      "properties": {
        "name": "成都交通学校汽车维修实训基地",
        "category": "edu",
        "type": "科教文化服务;培训机构;培训机构",
        "district": "成华区",
        "weight": 1
      }
    },
    {
      "type": "Feature",
      "geometry": {
        "type": "Point",
        "coordinates": [
          104.117577,
          30.657117
        ]
      },
      "properties": {
        "name": "营业性道路运输驾驶员职业培训中心",
        "category": "edu",
        "type": "科教文化服务;培训机构;培训机构",
        "district": "成华区",
        "weight": 1
      }
    },
    {
      "type": "Feature",
      "geometry": {
        "type": "Point",
        "coordinates": [
          104.118778,
          30.649606
        ]
      },
      "properties": {
        "name": "朗文少儿英语",
        "category": "edu",
        "type": "科教文化服务;培训机构;培训机构",
        "district": "成华区",
        "weight": 1
      }
    },
    {
      "type": "Feature",
      "geometry": {
        "type": "Point",
        "coordinates": [
          104.125968,
          30.658446
        ]
      },
      "properties": {
        "name": "蓓樱幼儿园",
        "category": "edu",
        "type": "科教文化服务;学校;幼儿园",
        "district": "成华区",
        "weight": 2
      }
    },
    {
      "type": "Feature",
      "geometry": {
        "type": "Point",
        "coordinates": [
          104.126997,
          30.657681
        ]
      },
      "properties": {
        "name": "爱贝水岸东里幼儿园",
        "category": "edu",
        "type": "科教文化服务;学校;幼儿园",
        "district": "成华区",
        "weight": 1
      }
    },
    {
      "type": "Feature",
      "geometry": {
        "type": "Point",
        "coordinates": [
          104.137843,
          30.653337
        ]
      },
      "properties": {
        "name": "成都交通学校实训楼",
        "category": "edu",
        "type": "科教文化服务;学校;学校",
        "district": "成华区",
        "weight": 3
      }
    },
    {
      "type": "Feature",
      "geometry": {
        "type": "Point",
        "coordinates": [
          104.139248,
          30.652496
        ]
      },
      "properties": {
        "name": "成都交通高级技工学校",
        "category": "edu",
        "type": "科教文化服务;学校;职业技术学校",
        "district": "成华区",
        "weight": 2
      }
    },
    {
      "type": "Feature",
      "geometry": {
        "type": "Point",
        "coordinates": [
          104.139644,
          30.651421
        ]
      },
      "properties": {
        "name": "中国五冶职工大学",
        "category": "edu",
        "type": "科教文化服务;学校;职业技术学校|科教文化服务;学校;成人教育",
        "district": "成华区",
        "weight": 5
      }
    },
    {
      "type": "Feature",
      "geometry": {
        "type": "Point",
        "coordinates": [
          104.143468,
          30.651715
        ]
      },
      "properties": {
        "name": "成都市华建学校东校区",
        "category": "edu",
        "type": "科教文化服务;学校;学校",
        "district": "成华区",
        "weight": 1
      }
    },
    {
      "type": "Feature",
      "geometry": {
        "type": "Point",
        "coordinates": [
          104.140615,
          30.657895
        ]
      },
      "properties": {
        "name": "杨柳公益幼儿园",
        "category": "edu",
        "type": "科教文化服务;学校;幼儿园",
        "district": "成华区",
        "weight": 1
      }
    },
    {
      "type": "Feature",
      "geometry": {
        "type": "Point",
        "coordinates": [
          104.134474,
          30.658362
        ]
      },
      "properties": {
        "name": "旺旺幼儿园(中环路双店路段)",
        "category": "edu",
        "type": "科教文化服务;学校;幼儿园",
        "district": "成华区",
        "weight": 1
      }
    },
    {
      "type": "Feature",
      "geometry": {
        "type": "Point",
        "coordinates": [
          104.137859,
          30.655375
        ]
      },
      "properties": {
        "name": "成都新东方烹饪学校",
        "category": "edu",
        "type": "科教文化服务;学校;职业技术学校",
        "district": "成华区",
        "weight": 1
      }
    },
    {
      "type": "Feature",
      "geometry": {
        "type": "Point",
        "coordinates": [
          104.136474,
          30.659092
        ]
      },
      "properties": {
        "name": "崔家店南路8号幼儿园",
        "category": "edu",
        "type": "科教文化服务;学校;幼儿园",
        "district": "成华区",
        "weight": 2
      }
    },
    {
      "type": "Feature",
      "geometry": {
        "type": "Point",
        "coordinates": [
          104.141736,
          30.655264
        ]
      },
      "properties": {
        "name": "旨道教育",
        "category": "edu",
        "type": "科教文化服务;培训机构;培训机构",
        "district": "成华区",
        "weight": 2
      }
    },
    {
      "type": "Feature",
      "geometry": {
        "type": "Point",
        "coordinates": [
          104.135925,
          30.650829
        ]
      },
      "properties": {
        "name": "联创电脑会计学校(槐树店路)",
        "category": "edu",
        "type": "科教文化服务;培训机构;培训机构",
        "district": "成华区",
        "weight": 1
      }
    },
    {
      "type": "Feature",
      "geometry": {
        "type": "Point",
        "coordinates": [
          104.142301,
          30.657556
        ]
      },
      "properties": {
        "name": "舞之麟艺术中心",
        "category": "edu",
        "type": "科教文化服务;培训机构;培训机构",
        "district": "成华区",
        "weight": 2
      }
    },
    {
      "type": "Feature",
      "geometry": {
        "type": "Point",
        "coordinates": [
          104.152218,
          30.649811
        ]
      },
      "properties": {
        "name": "四川天朗英华文化传播有限公司",
        "category": "edu",
        "type": "科教文化服务;科教文化场所;科教文化场所",
        "district": "成华区",
        "weight": 1
      }
    },
    {
      "type": "Feature",
      "geometry": {
        "type": "Point",
        "coordinates": [
          104.1507,
          30.650051
        ]
      },
      "properties": {
        "name": "东虹金橄榄幼儿园",
        "category": "edu",
        "type": "科教文化服务;学校;幼儿园",
        "district": "成华区",
        "weight": 1
      }
    },
    {
      "type": "Feature",
      "geometry": {
        "type": "Point",
        "coordinates": [
          104.146853,
          30.65723
        ]
      },
      "properties": {
        "name": "大成驾校",
        "category": "edu",
        "type": "科教文化服务;培训机构;培训机构",
        "district": "成华区",
        "weight": 1
      }
    },
    {
      "type": "Feature",
      "geometry": {
        "type": "Point",
        "coordinates": [
          103.970373,
          30.64643
        ]
      },
      "properties": {
        "name": "半边街村综合文化活动室",
        "category": "edu",
        "type": "科教文化服务;科教文化场所;科教文化场所",
        "district": "武侯区",
        "weight": 1
      }
    },
    {
      "type": "Feature",
      "geometry": {
        "type": "Point",
        "coordinates": [
          103.969208,
          30.648666
        ]
      },
      "properties": {
        "name": "行知实验小学",
        "category": "edu",
        "type": "科教文化服务;学校;小学",
        "district": "武侯区",
        "weight": 2
      }
    },
    {
      "type": "Feature",
      "geometry": {
        "type": "Point",
        "coordinates": [
          103.971698,
          30.647068
        ]
      },
      "properties": {
        "name": "雨田教育(九康五路)",
        "category": "edu",
        "type": "科教文化服务;培训机构;培训机构",
        "district": "武侯区",
        "weight": 2
      }
    },
    {
      "type": "Feature",
      "geometry": {
        "type": "Point",
        "coordinates": [
          103.970824,
          30.648347
        ]
      },
      "properties": {
        "name": "易百分教育",
        "category": "edu",
        "type": "科教文化服务;培训机构;培训机构",
        "district": "武侯区",
        "weight": 3
      }
    },
    {
      "type": "Feature",
      "geometry": {
        "type": "Point",
        "coordinates": [
          103.979435,
          30.642222
        ]
      },
      "properties": {
        "name": "虹桥幼稚园",
        "category": "edu",
        "type": "科教文化服务;学校;幼儿园",
        "district": "武侯区",
        "weight": 3
      }
    },
    {
      "type": "Feature",
      "geometry": {
        "type": "Point",
        "coordinates": [
          103.976152,
          30.644915
        ]
      },
      "properties": {
        "name": "寅生国际酒店-会议厅",
        "category": "edu",
        "type": "科教文化服务;会展中心;会展中心",
        "district": "武侯区",
        "weight": 1
      }
    },
    {
      "type": "Feature",
      "geometry": {
        "type": "Point",
        "coordinates": [
          103.976618,
          30.648785
        ]
      },
      "properties": {
        "name": "成都嘉成育才幼儿园",
        "category": "edu",
        "type": "科教文化服务;学校;幼儿园",
        "district": "武侯区",
        "weight": 3
      }
    },
    {
      "type": "Feature",
      "geometry": {
        "type": "Point",
        "coordinates": [
          103.982442,
          30.643518
        ]
      },
      "properties": {
        "name": "笔畅教育",
        "category": "edu",
        "type": "科教文化服务;培训机构;培训机构",
        "district": "武侯区",
        "weight": 6
      }
    },
    {
      "type": "Feature",
      "geometry": {
        "type": "Point",
        "coordinates": [
          103.974953,
          30.639546
        ]
      },
      "properties": {
        "name": "第二十二幼儿园",
        "category": "edu",
        "type": "科教文化服务;学校;幼儿园",
        "district": "武侯区",
        "weight": 2
      }
    },
    {
      "type": "Feature",
      "geometry": {
        "type": "Point",
        "coordinates": [
          103.97609,
          30.646123
        ]
      },
      "properties": {
        "name": "技佳培训",
        "category": "edu",
        "type": "科教文化服务;培训机构;培训机构",
        "district": "武侯区",
        "weight": 1
      }
    },
    {
      "type": "Feature",
      "geometry": {
        "type": "Point",
        "coordinates": [
          103.980199,
          30.639985
        ]
      },
      "properties": {
        "name": "成都小松检测技术研究所",
        "category": "edu",
        "type": "科教文化服务;科研机构;科研机构",
        "district": "武侯区",
        "weight": 1
      }
    },
    {
      "type": "Feature",
      "geometry": {
        "type": "Point",
        "coordinates": [
          103.982757,
          30.648827
        ]
      },
      "properties": {
        "name": "七彩云朵",
        "category": "edu",
        "type": "科教文化服务;科教文化场所;科教文化场所",
        "district": "武侯区",
        "weight": 1
      }
    },
    {
      "type": "Feature",
      "geometry": {
        "type": "Point",
        "coordinates": [
          103.974843,
          30.644753
        ]
      },
      "properties": {
        "name": "寅生艺术教育家园",
        "category": "edu",
        "type": "科教文化服务;培训机构;培训机构",
        "district": "武侯区",
        "weight": 1
      }
    },
    {
      "type": "Feature",
      "geometry": {
        "type": "Point",
        "coordinates": [
          103.980963,
          30.647983
        ]
      },
      "properties": {
        "name": "长青藤教育(潮音路)",
        "category": "edu",
        "type": "科教文化服务;培训机构;培训机构",
        "district": "武侯区",
        "weight": 1
      }
    },
    {
      "type": "Feature",
      "geometry": {
        "type": "Point",
        "coordinates": [
          103.988776,
          30.641819
        ]
      },
      "properties": {
        "name": "智联众创文化传播有限公司",
        "category": "edu",
        "type": "科教文化服务;传媒机构;传媒机构",
        "district": "武侯区",
        "weight": 1
      }
    },
    {
      "type": "Feature",
      "geometry": {
        "type": "Point",
        "coordinates": [
          103.990653,
          30.643906
        ]
      },
      "properties": {
        "name": "睿霖教育中心(果堰校区)",
        "category": "edu",
        "type": "科教文化服务;培训机构;培训机构",
        "district": "武侯区",
        "weight": 2
      }
    },
    {
      "type": "Feature",
      "geometry": {
        "type": "Point",
        "coordinates": [
          103.991772,
          30.64419
        ]
      },
      "properties": {
        "name": "艾尚西贝教育",
        "category": "edu",
        "type": "科教文化服务;培训机构;培训机构",
        "district": "武侯区",
        "weight": 3
      }
    },
    {
      "type": "Feature",
      "geometry": {
        "type": "Point",
        "coordinates": [
          103.984655,
          30.647691
        ]
      },
      "properties": {
        "name": "圣宝宝幼稚园",
        "category": "edu",
        "type": "科教文化服务;学校;幼儿园",
        "district": "武侯区",
        "weight": 1
      }
    },
    {
      "type": "Feature",
      "geometry": {
        "type": "Point",
        "coordinates": [
          103.99072,
          30.64769
        ]
      },
      "properties": {
        "name": "丽春镇文化站",
        "category": "edu",
        "type": "科教文化服务;文化宫;文化宫",
        "district": "武侯区",
        "weight": 4
      }
    },
    {
      "type": "Feature",
      "geometry": {
        "type": "Point",
        "coordinates": [
          103.984665,
          30.645976
        ]
      },
      "properties": {
        "name": "阳光幼稚园(果顺路)",
        "category": "edu",
        "type": "科教文化服务;学校;幼儿园",
        "district": "武侯区",
        "weight": 2
      }
    },
    {
      "type": "Feature",
      "geometry": {
        "type": "Point",
        "coordinates": [
          103.98701,
          30.649011
        ]
      },
      "properties": {
        "name": "成都铁路通信设备厂幼儿园",
        "category": "edu",
        "type": "科教文化服务;学校;幼儿园",
        "district": "武侯区",
        "weight": 1
      }
    },
    {
      "type": "Feature",
      "geometry": {
        "type": "Point",
        "coordinates": [
          103.986388,
          30.642391
        ]
      },
      "properties": {
        "name": "琴筝艺术(机投校区)",
        "category": "edu",
        "type": "科教文化服务;培训机构;培训机构",
        "district": "武侯区",
        "weight": 1
      }
    },
    {
      "type": "Feature",
      "geometry": {
        "type": "Point",
        "coordinates": [
          103.993248,
          30.645395
        ]
      },
      "properties": {
        "name": "凯迪教育(果堰路)",
        "category": "edu",
        "type": "科教文化服务;培训机构;培训机构",
        "district": "武侯区",
        "weight": 1
      }
    },
    {
      "type": "Feature",
      "geometry": {
        "type": "Point",
        "coordinates": [
          103.987168,
          30.643721
        ]
      },
      "properties": {
        "name": "创优外语",
        "category": "edu",
        "type": "科教文化服务;培训机构;培训机构",
        "district": "武侯区",
        "weight": 1
      }
    },
    {
      "type": "Feature",
      "geometry": {
        "type": "Point",
        "coordinates": [
          103.984746,
          30.644557
        ]
      },
      "properties": {
        "name": "成都武侯区天骄幼稚园",
        "category": "edu",
        "type": "科教文化服务;学校;幼儿园",
        "district": "武侯区",
        "weight": 1
      }
    },
    {
      "type": "Feature",
      "geometry": {
        "type": "Point",
        "coordinates": [
          103.992228,
          30.646482
        ]
      },
      "properties": {
        "name": "武侯区青苹果幼稚园",
        "category": "edu",
        "type": "科教文化服务;学校;幼儿园",
        "district": "武侯区",
        "weight": 1
      }
    },
    {
      "type": "Feature",
      "geometry": {
        "type": "Point",
        "coordinates": [
          103.99804,
          30.643604
        ]
      },
      "properties": {
        "name": "成都热橙文化传播有限公司",
        "category": "edu",
        "type": "科教文化服务;科教文化场所;科教文化场所",
        "district": "武侯区",
        "weight": 1
      }
    },
    {
      "type": "Feature",
      "geometry": {
        "type": "Point",
        "coordinates": [
          103.999666,
          30.644901
        ]
      },
      "properties": {
        "name": "成都途播未来文化传播有限公司",
        "category": "edu",
        "type": "科教文化服务;科教文化场所;科教文化场所",
        "district": "武侯区",
        "weight": 1
      }
    },
    {
      "type": "Feature",
      "geometry": {
        "type": "Point",
        "coordinates": [
          104.000025,
          30.643963
        ]
      },
      "properties": {
        "name": "彩虹桥幼儿园(晋吉北路)",
        "category": "edu",
        "type": "科教文化服务;学校;幼儿园",
        "district": "武侯区",
        "weight": 2
      }
    },
    {
      "type": "Feature",
      "geometry": {
        "type": "Point",
        "coordinates": [
          103.995874,
          30.648493
        ]
      },
      "properties": {
        "name": "成都市晋阳小学",
        "category": "edu",
        "type": "科教文化服务;学校;小学",
        "district": "武侯区",
        "weight": 1
      }
    },
    {
      "type": "Feature",
      "geometry": {
        "type": "Point",
        "coordinates": [
          103.994863,
          30.647214
        ]
      },
      "properties": {
        "name": "树童慧教育",
        "category": "edu",
        "type": "科教文化服务;培训机构;培训机构",
        "district": "武侯区",
        "weight": 3
      }
    },
    {
      "type": "Feature",
      "geometry": {
        "type": "Point",
        "coordinates": [
          104.001364,
          30.642857
        ]
      },
      "properties": {
        "name": "金泸州书画院",
        "category": "edu",
        "type": "科教文化服务;科教文化场所;科教文化场所",
        "district": "武侯区",
        "weight": 3
      }
    },
    {
      "type": "Feature",
      "geometry": {
        "type": "Point",
        "coordinates": [
          104.001541,
          30.64906
        ]
      },
      "properties": {
        "name": "成都金宝宝幼稚园",
        "category": "edu",
        "type": "科教文化服务;学校;幼儿园",
        "district": "武侯区",
        "weight": 1
      }
    },
    {
      "type": "Feature",
      "geometry": {
        "type": "Point",
        "coordinates": [
          103.994759,
          30.64043
        ]
      },
      "properties": {
        "name": "新世纪幼儿园(果堰街)",
        "category": "edu",
        "type": "科教文化服务;学校;幼儿园",
        "district": "武侯区",
        "weight": 1
      }
    },
    {
      "type": "Feature",
      "geometry": {
        "type": "Point",
        "coordinates": [
          103.99758,
          30.64744
        ]
      },
      "properties": {
        "name": "成都书府教育",
        "category": "edu",
        "type": "科教文化服务;培训机构;培训机构",
        "district": "武侯区",
        "weight": 2
      }
    },
    {
      "type": "Feature",
      "geometry": {
        "type": "Point",
        "coordinates": [
          104.003303,
          30.646333
        ]
      },
      "properties": {
        "name": "莘莘教育(吉福路)",
        "category": "edu",
        "type": "科教文化服务;培训机构;培训机构",
        "district": "武侯区",
        "weight": 1
      }
    },
    {
      "type": "Feature",
      "geometry": {
        "type": "Point",
        "coordinates": [
          103.994235,
          30.641503
        ]
      },
      "properties": {
        "name": "成都市武侯区小龙人幼稚园",
        "category": "edu",
        "type": "科教文化服务;学校;幼儿园",
        "district": "武侯区",
        "weight": 1
      }
    },
    {
      "type": "Feature",
      "geometry": {
        "type": "Point",
        "coordinates": [
          104.011368,
          30.646389
        ]
      },
      "properties": {
        "name": "成都爱儿坊鹭岛国际社区幼儿园",
        "category": "edu",
        "type": "科教文化服务;学校;幼儿园",
        "district": "武侯区",
        "weight": 2
      }
    },
    {
      "type": "Feature",
      "geometry": {
        "type": "Point",
        "coordinates": [
          104.007168,
          30.644294
        ]
      },
      "properties": {
        "name": "吴蜀传媒有限公司",
        "category": "edu",
        "type": "科教文化服务;科教文化场所;科教文化场所",
        "district": "武侯区",
        "weight": 2
      }
    },
    {
      "type": "Feature",
      "geometry": {
        "type": "Point",
        "coordinates": [
          104.005471,
          30.640505
        ]
      },
      "properties": {
        "name": "天宇驾校太平园分校",
        "category": "edu",
        "type": "科教文化服务;科教文化场所;科教文化场所",
        "district": "武侯区",
        "weight": 5
      }
    },
    {
      "type": "Feature",
      "geometry": {
        "type": "Point",
        "coordinates": [
          104.011593,
          30.640922
        ]
      },
      "properties": {
        "name": "红牌楼街道办事处市民学校",
        "category": "edu",
        "type": "科教文化服务;学校;学校",
        "district": "武侯区",
        "weight": 3
      }
    },
    {
      "type": "Feature",
      "geometry": {
        "type": "Point",
        "coordinates": [
          104.005854,
          30.64596
        ]
      },
      "properties": {
        "name": "阿波罗智慧教育",
        "category": "edu",
        "type": "科教文化服务;培训机构;培训机构",
        "district": "武侯区",
        "weight": 2
      }
    },
    {
      "type": "Feature",
      "geometry": {
        "type": "Point",
        "coordinates": [
          104.004932,
          30.643269
        ]
      },
      "properties": {
        "name": "森雨教育",
        "category": "edu",
        "type": "科教文化服务;培训机构;培训机构",
        "district": "武侯区",
        "weight": 6
      }
    },
    {
      "type": "Feature",
      "geometry": {
        "type": "Point",
        "coordinates": [
          104.013287,
          30.645531
        ]
      },
      "properties": {
        "name": "嗨嗨美术",
        "category": "edu",
        "type": "科教文化服务;培训机构;培训机构",
        "district": "武侯区",
        "weight": 4
      }
    },
    {
      "type": "Feature",
      "geometry": {
        "type": "Point",
        "coordinates": [
          104.006512,
          30.639726
        ]
      },
      "properties": {
        "name": "锦熙时代酒店-会议厅",
        "category": "edu",
        "type": "科教文化服务;会展中心;会展中心",
        "district": "武侯区",
        "weight": 1
      }
    },
    {
      "type": "Feature",
      "geometry": {
        "type": "Point",
        "coordinates": [
          104.012687,
          30.640019
        ]
      },
      "properties": {
        "name": "双丰实验幼稚园",
        "category": "edu",
        "type": "科教文化服务;学校;幼儿园",
        "district": "武侯区",
        "weight": 3
      }
    },
    {
      "type": "Feature",
      "geometry": {
        "type": "Point",
        "coordinates": [
          104.01079,
          30.648326
        ]
      },
      "properties": {
        "name": "蜀优教育",
        "category": "edu",
        "type": "科教文化服务;培训机构;培训机构",
        "district": "武侯区",
        "weight": 2
      }
    },
    {
      "type": "Feature",
      "geometry": {
        "type": "Point",
        "coordinates": [
          104.009928,
          30.645879
        ]
      },
      "properties": {
        "name": "可米可拉童话育乐园",
        "category": "edu",
        "type": "科教文化服务;培训机构;培训机构",
        "district": "武侯区",
        "weight": 2
      }
    },
    {
      "type": "Feature",
      "geometry": {
        "type": "Point",
        "coordinates": [
          104.011714,
          30.643639
        ]
      },
      "properties": {
        "name": "优优教育",
        "category": "edu",
        "type": "科教文化服务;培训机构;培训机构",
        "district": "武侯区",
        "weight": 5
      }
    },
    {
      "type": "Feature",
      "geometry": {
        "type": "Point",
        "coordinates": [
          104.009227,
          30.643738
        ]
      },
      "properties": {
        "name": "天天音画伊娃课堂",
        "category": "edu",
        "type": "科教文化服务;培训机构;培训机构",
        "district": "武侯区",
        "weight": 1
      }
    },
    {
      "type": "Feature",
      "geometry": {
        "type": "Point",
        "coordinates": [
          104.008277,
          30.647532
        ]
      },
      "properties": {
        "name": "i2国际私塾(鹭岛学习中心)",
        "category": "edu",
        "type": "科教文化服务;培训机构;培训机构",
        "district": "武侯区",
        "weight": 1
      }
    },
    {
      "type": "Feature",
      "geometry": {
        "type": "Point",
        "coordinates": [
          104.013642,
          30.643993
        ]
      },
      "properties": {
        "name": "成都蒲公英教育培训学校(栖霞路)",
        "category": "edu",
        "type": "科教文化服务;培训机构;培训机构",
        "district": "武侯区",
        "weight": 1
      }
    },
    {
      "type": "Feature",
      "geometry": {
        "type": "Point",
        "coordinates": [
          104.019894,
          30.642175
        ]
      },
      "properties": {
        "name": "成都上乔文化传播有限公司",
        "category": "edu",
        "type": "科教文化服务;科教文化场所;科教文化场所",
        "district": "武侯区",
        "weight": 1
      }
    },
    {
      "type": "Feature",
      "geometry": {
        "type": "Point",
        "coordinates": [
          104.018139,
          30.642086
        ]
      },
      "properties": {
        "name": "培生文化教育双楠校区",
        "category": "edu",
        "type": "科教文化服务;培训机构;培训机构",
        "district": "武侯区",
        "weight": 1
      }
    },
    {
      "type": "Feature",
      "geometry": {
        "type": "Point",
        "coordinates": [
          104.017284,
          30.644804
        ]
      },
      "properties": {
        "name": "棕北中学西区实验学校",
        "category": "edu",
        "type": "科教文化服务;学校;中学",
        "district": "武侯区",
        "weight": 2
      }
    },
    {
      "type": "Feature",
      "geometry": {
        "type": "Point",
        "coordinates": [
          104.01716,
          30.64271
        ]
      },
      "properties": {
        "name": "成都伟度传扬文化传播有限公司",
        "category": "edu",
        "type": "科教文化服务;科教文化场所;科教文化场所",
        "district": "武侯区",
        "weight": 1
      }
    },
    {
      "type": "Feature",
      "geometry": {
        "type": "Point",
        "coordinates": [
          104.013988,
          30.648617
        ]
      },
      "properties": {
        "name": "博艺琴行(龙阳街)",
        "category": "edu",
        "type": "科教文化服务;培训机构;培训机构",
        "district": "武侯区",
        "weight": 1
      }
    },
    {
      "type": "Feature",
      "geometry": {
        "type": "Point",
        "coordinates": [
          104.018497,
          30.640224
        ]
      },
      "properties": {
        "name": "璟缘阁艺术馆",
        "category": "edu",
        "type": "科教文化服务;展览馆;展览馆",
        "district": "武侯区",
        "weight": 1
      }
    },
    {
      "type": "Feature",
      "geometry": {
        "type": "Point",
        "coordinates": [
          104.022044,
          30.648334
        ]
      },
      "properties": {
        "name": "成都市第十幼儿园",
        "category": "edu",
        "type": "科教文化服务;学校;幼儿园",
        "district": "武侯区",
        "weight": 1
      }
    },
    {
      "type": "Feature",
      "geometry": {
        "type": "Point",
        "coordinates": [
          104.015727,
          30.640787
        ]
      },
      "properties": {
        "name": "成都西南脑科医学研究院",
        "category": "edu",
        "type": "科教文化服务;科研机构;科研机构",
        "district": "武侯区",
        "weight": 3
      }
    },
    {
      "type": "Feature",
      "geometry": {
        "type": "Point",
        "coordinates": [
          104.023155,
          30.646247
        ]
      },
      "properties": {
        "name": "今朝教育",
        "category": "edu",
        "type": "科教文化服务;培训机构;培训机构",
        "district": "武侯区",
        "weight": 23
      }
    },
    {
      "type": "Feature",
      "geometry": {
        "type": "Point",
        "coordinates": [
          104.014604,
          30.643005
        ]
      },
      "properties": {
        "name": "成都行知幼稚园",
        "category": "edu",
        "type": "科教文化服务;学校;幼儿园",
        "district": "武侯区",
        "weight": 1
      }
    },
    {
      "type": "Feature",
      "geometry": {
        "type": "Point",
        "coordinates": [
          104.014044,
          30.641058
        ]
      },
      "properties": {
        "name": "川武蓉功俱乐部",
        "category": "edu",
        "type": "科教文化服务;培训机构;培训机构",
        "district": "武侯区",
        "weight": 2
      }
    },
    {
      "type": "Feature",
      "geometry": {
        "type": "Point",
        "coordinates": [
          104.01538,
          30.644585
        ]
      },
      "properties": {
        "name": "智绘美术(双楠校区)",
        "category": "edu",
        "type": "科教文化服务;培训机构;培训机构",
        "district": "武侯区",
        "weight": 1
      }
    },
    {
      "type": "Feature",
      "geometry": {
        "type": "Point",
        "coordinates": [
          104.020977,
          30.642289
        ]
      },
      "properties": {
        "name": "成都市武侯区红星幼儿园",
        "category": "edu",
        "type": "科教文化服务;学校;幼儿园",
        "district": "武侯区",
        "weight": 1
      }
    },
    {
      "type": "Feature",
      "geometry": {
        "type": "Point",
        "coordinates": [
          104.02291,
          30.648957
        ]
      },
      "properties": {
        "name": "武侯区会议中心",
        "category": "edu",
        "type": "科教文化服务;会展中心;会展中心",
        "district": "武侯区",
        "weight": 1
      }
    },
    {
      "type": "Feature",
      "geometry": {
        "type": "Point",
        "coordinates": [
          104.033352,
          30.641993
        ]
      },
      "properties": {
        "name": "御品普洱茶文化传播中心",
        "category": "edu",
        "type": "科教文化服务;传媒机构;传媒机构",
        "district": "武侯区",
        "weight": 1
      }
    },
    {
      "type": "Feature",
      "geometry": {
        "type": "Point",
        "coordinates": [
          104.026373,
          30.642346
        ]
      },
      "properties": {
        "name": "成都洋文堂学校",
        "category": "edu",
        "type": "科教文化服务;科教文化场所;科教文化场所",
        "district": "武侯区",
        "weight": 2
      }
    },
    {
      "type": "Feature",
      "geometry": {
        "type": "Point",
        "coordinates": [
          104.025325,
          30.643703
        ]
      },
      "properties": {
        "name": "彭州市一中",
        "category": "edu",
        "type": "科教文化服务;学校;中学",
        "district": "武侯区",
        "weight": 2
      }
    },
    {
      "type": "Feature",
      "geometry": {
        "type": "Point",
        "coordinates": [
          104.024498,
          30.642302
        ]
      },
      "properties": {
        "name": "原树当代舞蹈艺术空间",
        "category": "edu",
        "type": "科教文化服务;培训机构;培训机构",
        "district": "武侯区",
        "weight": 2
      }
    },
    {
      "type": "Feature",
      "geometry": {
        "type": "Point",
        "coordinates": [
          104.032189,
          30.640073
        ]
      },
      "properties": {
        "name": "芙蓉门",
        "category": "edu",
        "type": "科教文化服务;培训机构;培训机构",
        "district": "武侯区",
        "weight": 1
      }
    },
    {
      "type": "Feature",
      "geometry": {
        "type": "Point",
        "coordinates": [
          104.028044,
          30.647628
        ]
      },
      "properties": {
        "name": "昂立外语",
        "category": "edu",
        "type": "科教文化服务;培训机构;培训机构",
        "district": "武侯区",
        "weight": 9
      }
    },
    {
      "type": "Feature",
      "geometry": {
        "type": "Point",
        "coordinates": [
          104.026925,
          30.643962
        ]
      },
      "properties": {
        "name": "成都大地双语幼儿园",
        "category": "edu",
        "type": "科教文化服务;学校;幼儿园",
        "district": "武侯区",
        "weight": 2
      }
    },
    {
      "type": "Feature",
      "geometry": {
        "type": "Point",
        "coordinates": [
          104.027699,
          30.640283
        ]
      },
      "properties": {
        "name": "德格西格曼展厅",
        "category": "edu",
        "type": "科教文化服务;科教文化场所;科教文化场所",
        "district": "武侯区",
        "weight": 3
      }
    },
    {
      "type": "Feature",
      "geometry": {
        "type": "Point",
        "coordinates": [
          104.033198,
          30.644017
        ]
      },
      "properties": {
        "name": "爱森堡幼儿园",
        "category": "edu",
        "type": "科教文化服务;学校;幼儿园",
        "district": "武侯区",
        "weight": 1
      }
    },
    {
      "type": "Feature",
      "geometry": {
        "type": "Point",
        "coordinates": [
          104.030008,
          30.641702
        ]
      },
      "properties": {
        "name": "童童童教育(广福横街)",
        "category": "edu",
        "type": "科教文化服务;培训机构;培训机构",
        "district": "武侯区",
        "weight": 1
      }
    },
    {
      "type": "Feature",
      "geometry": {
        "type": "Point",
        "coordinates": [
          104.028657,
          30.639724
        ]
      },
      "properties": {
        "name": "成都博仕胃肠病医学研究院",
        "category": "edu",
        "type": "科教文化服务;科研机构;科研机构",
        "district": "武侯区",
        "weight": 2
      }
    },
    {
      "type": "Feature",
      "geometry": {
        "type": "Point",
        "coordinates": [
          104.025668,
          30.647411
        ]
      },
      "properties": {
        "name": "美博教育(总部)",
        "category": "edu",
        "type": "科教文化服务;培训机构;培训机构",
        "district": "武侯区",
        "weight": 1
      }
    },
    {
      "type": "Feature",
      "geometry": {
        "type": "Point",
        "coordinates": [
          104.027107,
          30.645774
        ]
      },
      "properties": {
        "name": "川岳琴行",
        "category": "edu",
        "type": "科教文化服务;培训机构;培训机构",
        "district": "武侯区",
        "weight": 2
      }
    },
    {
      "type": "Feature",
      "geometry": {
        "type": "Point",
        "coordinates": [
          104.029688,
          30.647735
        ]
      },
      "properties": {
        "name": "三余教育",
        "category": "edu",
        "type": "科教文化服务;培训机构;培训机构",
        "district": "武侯区",
        "weight": 1
      }
    },
    {
      "type": "Feature",
      "geometry": {
        "type": "Point",
        "coordinates": [
          104.031806,
          30.64145
        ]
      },
      "properties": {
        "name": "懿腾青少年培训俱乐部",
        "category": "edu",
        "type": "科教文化服务;培训机构;培训机构",
        "district": "武侯区",
        "weight": 1
      }
    },
    {
      "type": "Feature",
      "geometry": {
        "type": "Point",
        "coordinates": [
          104.033724,
          30.644853
        ]
      },
      "properties": {
        "name": "新东方泡泡少儿教育",
        "category": "edu",
        "type": "科教文化服务;培训机构;培训机构",
        "district": "武侯区",
        "weight": 4
      }
    },
    {
      "type": "Feature",
      "geometry": {
        "type": "Point",
        "coordinates": [
          104.031638,
          30.643134
        ]
      },
      "properties": {
        "name": "青晨音乐培训",
        "category": "edu",
        "type": "科教文化服务;培训机构;培训机构",
        "district": "武侯区",
        "weight": 1
      }
    },
    {
      "type": "Feature",
      "geometry": {
        "type": "Point",
        "coordinates": [
          104.028383,
          30.642043
        ]
      },
      "properties": {
        "name": "普鲁特教育",
        "category": "edu",
        "type": "科教文化服务;培训机构;培训机构",
        "district": "武侯区",
        "weight": 1
      }
    },
    {
      "type": "Feature",
      "geometry": {
        "type": "Point",
        "coordinates": [
          104.027018,
          30.641351
        ]
      },
      "properties": {
        "name": "美狐专业舞蹈培训机构(双楠店)",
        "category": "edu",
        "type": "体育休闲服务;运动场馆;健身中心|科教文化服务;培训机构;培训机构",
        "district": "武侯区",
        "weight": 1
      }
    },
    {
      "type": "Feature",
      "geometry": {
        "type": "Point",
        "coordinates": [
          104.034883,
          30.641249
        ]
      },
      "properties": {
        "name": "华为培训",
        "category": "edu",
        "type": "科教文化服务;培训机构;培训机构",
        "district": "武侯区",
        "weight": 14
      }
    },
    {
      "type": "Feature",
      "geometry": {
        "type": "Point",
        "coordinates": [
          104.038139,
          30.644916
        ]
      },
      "properties": {
        "name": "悦厨培训学校",
        "category": "edu",
        "type": "科教文化服务;培训机构;培训机构",
        "district": "武侯区",
        "weight": 12
      }
    },
    {
      "type": "Feature",
      "geometry": {
        "type": "Point",
        "coordinates": [
          104.042484,
          30.640485
        ]
      },
      "properties": {
        "name": "新迪艺校",
        "category": "edu",
        "type": "科教文化服务;学校;职业技术学校",
        "district": "武侯区",
        "weight": 66
      }
    },
    {
      "type": "Feature",
      "geometry": {
        "type": "Point",
        "coordinates": [
          104.03956,
          30.644001
        ]
      },
      "properties": {
        "name": "美星传媒",
        "category": "edu",
        "type": "科教文化服务;科教文化场所;科教文化场所",
        "district": "武侯区",
        "weight": 7
      }
    },
    {
      "type": "Feature",
      "geometry": {
        "type": "Point",
        "coordinates": [
          104.038467,
          30.64685
        ]
      },
      "properties": {
        "name": "成都驼友文化传播有限公司",
        "category": "edu",
        "type": "科教文化服务;科教文化场所;科教文化场所",
        "district": "武侯区",
        "weight": 2
      }
    },
    {
      "type": "Feature",
      "geometry": {
        "type": "Point",
        "coordinates": [
          104.03843,
          30.64108
        ]
      },
      "properties": {
        "name": "健康号报",
        "category": "edu",
        "type": "科教文化服务;传媒机构;报社",
        "district": "武侯区",
        "weight": 6
      }
    },
    {
      "type": "Feature",
      "geometry": {
        "type": "Point",
        "coordinates": [
          104.036982,
          30.645816
        ]
      },
      "properties": {
        "name": "四川省时代人车路文化传播有限公司",
        "category": "edu",
        "type": "科教文化服务;科教文化场所;科教文化场所",
        "district": "武侯区",
        "weight": 1
      }
    },
    {
      "type": "Feature",
      "geometry": {
        "type": "Point",
        "coordinates": [
          104.0397,
          30.647854
        ]
      },
      "properties": {
        "name": "成都体育学院综合馆",
        "category": "edu",
        "type": "科教文化服务;学校;高等院校",
        "district": "武侯区",
        "weight": 2
      }
    },
    {
      "type": "Feature",
      "geometry": {
        "type": "Point",
        "coordinates": [
          104.042881,
          30.648514
        ]
      },
      "properties": {
        "name": "成都体育学院图书馆",
        "category": "edu",
        "type": "科教文化服务;图书馆;图书馆",
        "district": "武侯区",
        "weight": 8
      }
    },
    {
      "type": "Feature",
      "geometry": {
        "type": "Point",
        "coordinates": [
          104.043521,
          30.644884
        ]
      },
      "properties": {
        "name": "龙江路小学分校",
        "category": "edu",
        "type": "科教文化服务;学校;小学",
        "district": "武侯区",
        "weight": 1
      }
    },
    {
      "type": "Feature",
      "geometry": {
        "type": "Point",
        "coordinates": [
          104.034091,
          30.647582
        ]
      },
      "properties": {
        "name": "贝育幼儿园",
        "category": "edu",
        "type": "科教文化服务;学校;幼儿园",
        "district": "武侯区",
        "weight": 1
      }
    },
    {
      "type": "Feature",
      "geometry": {
        "type": "Point",
        "coordinates": [
          104.035457,
          30.643959
        ]
      },
      "properties": {
        "name": "艺林舞蹈学校",
        "category": "edu",
        "type": "科教文化服务;培训机构;培训机构",
        "district": "武侯区",
        "weight": 6
      }
    },
    {
      "type": "Feature",
      "geometry": {
        "type": "Point",
        "coordinates": [
          104.035793,
          30.645913
        ]
      },
      "properties": {
        "name": "蜀泸大酒店(南门)",
        "category": "edu",
        "type": "科教文化服务;学校;高等院校|通行设施;临街院门;临街院正门",
        "district": "武侯区",
        "weight": 3
      }
    },
    {
      "type": "Feature",
      "geometry": {
        "type": "Point",
        "coordinates": [
          104.041784,
          30.643787
        ]
      },
      "properties": {
        "name": "浆洗街街道办事处社区青少年活动中心",
        "category": "edu",
        "type": "科教文化服务;文化宫;文化宫",
        "district": "武侯区",
        "weight": 2
      }
    },
    {
      "type": "Feature",
      "geometry": {
        "type": "Point",
        "coordinates": [
          104.04223,
          30.646032
        ]
      },
      "properties": {
        "name": "成都体育学院附属体育医院博士后科研工作站",
        "category": "edu",
        "type": "科教文化服务;学校;高等院校",
        "district": "武侯区",
        "weight": 1
      }
    },
    {
      "type": "Feature",
      "geometry": {
        "type": "Point",
        "coordinates": [
          104.041068,
          30.64712
        ]
      },
      "properties": {
        "name": "成都体育学院-静园",
        "category": "edu",
        "type": "科教文化服务;科教文化场所;科教文化场所",
        "district": "武侯区",
        "weight": 1
      }
    },
    {
      "type": "Feature",
      "geometry": {
        "type": "Point",
        "coordinates": [
          104.046047,
          30.647406
        ]
      },
      "properties": {
        "name": "三国文化陈列馆",
        "category": "edu",
        "type": "科教文化服务;展览馆;展览馆",
        "district": "武侯区",
        "weight": 1
      }
    },
    {
      "type": "Feature",
      "geometry": {
        "type": "Point",
        "coordinates": [
          104.053552,
          30.642958
        ]
      },
      "properties": {
        "name": "云动传媒",
        "category": "edu",
        "type": "科教文化服务;科教文化场所;科教文化场所",
        "district": "武侯区",
        "weight": 33
      }
    },
    {
      "type": "Feature",
      "geometry": {
        "type": "Point",
        "coordinates": [
          104.052338,
          30.644427
        ]
      },
      "properties": {
        "name": "成都国轩文化传播有限公司",
        "category": "edu",
        "type": "科教文化服务;科教文化场所;科教文化场所",
        "district": "武侯区",
        "weight": 1
      }
    },
    {
      "type": "Feature",
      "geometry": {
        "type": "Point",
        "coordinates": [
          104.045063,
          30.643083
        ]
      },
      "properties": {
        "name": "桑铂扎文化传播有限责任公司",
        "category": "edu",
        "type": "科教文化服务;传媒机构;传媒机构",
        "district": "武侯区",
        "weight": 1
      }
    },
    {
      "type": "Feature",
      "geometry": {
        "type": "Point",
        "coordinates": [
          104.046809,
          30.64631
        ]
      },
      "properties": {
        "name": "三星堆艺术馆",
        "category": "edu",
        "type": "科教文化服务;展览馆;展览馆|科教文化服务;美术馆;美术馆",
        "district": "武侯区",
        "weight": 7
      }
    },
    {
      "type": "Feature",
      "geometry": {
        "type": "Point",
        "coordinates": [
          104.043857,
          30.646828
        ]
      },
      "properties": {
        "name": "星空商学院",
        "category": "edu",
        "type": "科教文化服务;学校;高等院校",
        "district": "武侯区",
        "weight": 2
      }
    },
    {
      "type": "Feature",
      "geometry": {
        "type": "Point",
        "coordinates": [
          104.051623,
          30.645826
        ]
      },
      "properties": {
        "name": "成都西北中学",
        "category": "edu",
        "type": "科教文化服务;学校;中学",
        "district": "武侯区",
        "weight": 1
      }
    },
    {
      "type": "Feature",
      "geometry": {
        "type": "Point",
        "coordinates": [
          104.049341,
          30.643228
        ]
      },
      "properties": {
        "name": "广播电视厅",
        "category": "edu",
        "type": "科教文化服务;科教文化场所;科教文化场所",
        "district": "武侯区",
        "weight": 4
      }
    },
    {
      "type": "Feature",
      "geometry": {
        "type": "Point",
        "coordinates": [
          104.050001,
          30.642366
        ]
      },
      "properties": {
        "name": "西南民族大学-行政大楼",
        "category": "edu",
        "type": "科教文化服务;学校;高等院校",
        "district": "武侯区",
        "weight": 1
      }
    },
    {
      "type": "Feature",
      "geometry": {
        "type": "Point",
        "coordinates": [
          104.052563,
          30.64816
        ]
      },
      "properties": {
        "name": "四川省化学工业研究设计院",
        "category": "edu",
        "type": "科教文化服务;科研机构;科研机构",
        "district": "武侯区",
        "weight": 2
      }
    },
    {
      "type": "Feature",
      "geometry": {
        "type": "Point",
        "coordinates": [
          104.045186,
          30.644893
        ]
      },
      "properties": {
        "name": "四川公路工程设计院",
        "category": "edu",
        "type": "科教文化服务;科研机构;科研机构",
        "district": "武侯区",
        "weight": 1
      }
    },
    {
      "type": "Feature",
      "geometry": {
        "type": "Point",
        "coordinates": [
          104.049829,
          30.648756
        ]
      },
      "properties": {
        "name": "中航工业成都飞机设计研究所(武侯祠大街)",
        "category": "edu",
        "type": "科教文化服务;科研机构;科研机构",
        "district": "武侯区",
        "weight": 2
      }
    },
    {
      "type": "Feature",
      "geometry": {
        "type": "Point",
        "coordinates": [
          104.049792,
          30.640416
        ]
      },
      "properties": {
        "name": "西南民族大学-章中祥新闻采集",
        "category": "edu",
        "type": "科教文化服务;科教文化场所;科教文化场所",
        "district": "武侯区",
        "weight": 1
      }
    },
    {
      "type": "Feature",
      "geometry": {
        "type": "Point",
        "coordinates": [
          104.04815,
          30.643965
        ]
      },
      "properties": {
        "name": "驾校(武侯分校)",
        "category": "edu",
        "type": "科教文化服务;科教文化场所;科教文化场所",
        "district": "武侯区",
        "weight": 1
      }
    },
    {
      "type": "Feature",
      "geometry": {
        "type": "Point",
        "coordinates": [
          104.04827,
          30.645451
        ]
      },
      "properties": {
        "name": "中航工业燃气涡轮研究院",
        "category": "edu",
        "type": "科教文化服务;科教文化场所;科教文化场所",
        "district": "武侯区",
        "weight": 1
      }
    },
    {
      "type": "Feature",
      "geometry": {
        "type": "Point",
        "coordinates": [
          104.061593,
          30.644213
        ]
      },
      "properties": {
        "name": "师徒同达",
        "category": "edu",
        "type": "科教文化服务;科教文化场所;科教文化场所",
        "district": "武侯区",
        "weight": 49
      }
    },
    {
      "type": "Feature",
      "geometry": {
        "type": "Point",
        "coordinates": [
          104.058345,
          30.64853
        ]
      },
      "properties": {
        "name": "贝特托管",
        "category": "edu",
        "type": "科教文化服务;培训机构;培训机构",
        "district": "武侯区",
        "weight": 10
      }
    },
    {
      "type": "Feature",
      "geometry": {
        "type": "Point",
        "coordinates": [
          104.062883,
          30.648391
        ]
      },
      "properties": {
        "name": "大者杂志社",
        "category": "edu",
        "type": "科教文化服务;传媒机构;杂志社",
        "district": "武侯区",
        "weight": 10
      }
    },
    {
      "type": "Feature",
      "geometry": {
        "type": "Point",
        "coordinates": [
          104.054421,
          30.648024
        ]
      },
      "properties": {
        "name": "锦里小学",
        "category": "edu",
        "type": "科教文化服务;学校;小学",
        "district": "武侯区",
        "weight": 9
      }
    },
    {
      "type": "Feature",
      "geometry": {
        "type": "Point",
        "coordinates": [
          104.05609,
          30.640263
        ]
      },
      "properties": {
        "name": "广益会堂",
        "category": "edu",
        "type": "科教文化服务;会展中心;会展中心",
        "district": "武侯区",
        "weight": 6
      }
    },
    {
      "type": "Feature",
      "geometry": {
        "type": "Point",
        "coordinates": [
          104.054415,
          30.640338
        ]
      },
      "properties": {
        "name": "润心教育",
        "category": "edu",
        "type": "科教文化服务;培训机构;培训机构",
        "district": "武侯区",
        "weight": 3
      }
    },
    {
      "type": "Feature",
      "geometry": {
        "type": "Point",
        "coordinates": [
          104.05792,
          30.646592
        ]
      },
      "properties": {
        "name": "成都市礼仪职业中学",
        "category": "edu",
        "type": "科教文化服务;学校;中学",
        "district": "武侯区",
        "weight": 3
      }
    },
    {
      "type": "Feature",
      "geometry": {
        "type": "Point",
        "coordinates": [
          104.059379,
          30.647249
        ]
      },
      "properties": {
        "name": "红专西路小学",
        "category": "edu",
        "type": "科教文化服务;学校;小学",
        "district": "武侯区",
        "weight": 4
      }
    },
    {
      "type": "Feature",
      "geometry": {
        "type": "Point",
        "coordinates": [
          104.06168,
          30.646796
        ]
      },
      "properties": {
        "name": "成都石室锦城外国语学校",
        "category": "edu",
        "type": "科教文化服务;学校;中学",
        "district": "武侯区",
        "weight": 1
      }
    },
    {
      "type": "Feature",
      "geometry": {
        "type": "Point",
        "coordinates": [
          104.056477,
          30.648397
        ]
      },
      "properties": {
        "name": "皇伽舞院",
        "category": "edu",
        "type": "科教文化服务;培训机构;培训机构",
        "district": "武侯区",
        "weight": 15
      }
    },
    {
      "type": "Feature",
      "geometry": {
        "type": "Point",
        "coordinates": [
          104.062702,
          30.639554
        ]
      },
      "properties": {
        "name": "成都师范学院图书馆",
        "category": "edu",
        "type": "科教文化服务;图书馆;图书馆",
        "district": "武侯区",
        "weight": 2
      }
    },
    {
      "type": "Feature",
      "geometry": {
        "type": "Point",
        "coordinates": [
          104.058317,
          30.641059
        ]
      },
      "properties": {
        "name": "艺缘美术培训",
        "category": "edu",
        "type": "科教文化服务;培训机构;培训机构",
        "district": "武侯区",
        "weight": 3
      }
    },
    {
      "type": "Feature",
      "geometry": {
        "type": "Point",
        "coordinates": [
          104.062903,
          30.642122
        ]
      },
      "properties": {
        "name": "临床检验科",
        "category": "edu",
        "type": "科教文化服务;科教文化场所;科教文化场所",
        "district": "武侯区",
        "weight": 1
      }
    },
    {
      "type": "Feature",
      "geometry": {
        "type": "Point",
        "coordinates": [
          104.06047,
          30.641382
        ]
      },
      "properties": {
        "name": "省教科所",
        "category": "edu",
        "type": "科教文化服务;科教文化场所;科教文化场所",
        "district": "武侯区",
        "weight": 2
      }
    },
    {
      "type": "Feature",
      "geometry": {
        "type": "Point",
        "coordinates": [
          104.062033,
          30.641058
        ]
      },
      "properties": {
        "name": "深圳梦想传媒",
        "category": "edu",
        "type": "科教文化服务;科教文化场所;科教文化场所",
        "district": "武侯区",
        "weight": 1
      }
    },
    {
      "type": "Feature",
      "geometry": {
        "type": "Point",
        "coordinates": [
          104.063726,
          30.640296
        ]
      },
      "properties": {
        "name": "南虹村社区教育工作站",
        "category": "edu",
        "type": "科教文化服务;科教文化场所;科教文化场所",
        "district": "武侯区",
        "weight": 6
      }
    },
    {
      "type": "Feature",
      "geometry": {
        "type": "Point",
        "coordinates": [
          104.061621,
          30.639826
        ]
      },
      "properties": {
        "name": "教育学园",
        "category": "edu",
        "type": "科教文化服务;培训机构;培训机构",
        "district": "武侯区",
        "weight": 1
      }
    },
    {
      "type": "Feature",
      "geometry": {
        "type": "Point",
        "coordinates": [
          104.068656,
          30.640137
        ]
      },
      "properties": {
        "name": "华西小学",
        "category": "edu",
        "type": "科教文化服务;学校;小学",
        "district": "武侯区",
        "weight": 22
      }
    },
    {
      "type": "Feature",
      "geometry": {
        "type": "Point",
        "coordinates": [
          104.06605,
          30.643327
        ]
      },
      "properties": {
        "name": "四川大学华西校区",
        "category": "edu",
        "type": "科教文化服务;学校;高等院校",
        "district": "武侯区",
        "weight": 41
      }
    },
    {
      "type": "Feature",
      "geometry": {
        "type": "Point",
        "coordinates": [
          104.073091,
          30.645371
        ]
      },
      "properties": {
        "name": "新邦教育",
        "category": "edu",
        "type": "科教文化服务;培训机构;培训机构",
        "district": "武侯区",
        "weight": 28
      }
    },
    {
      "type": "Feature",
      "geometry": {
        "type": "Point",
        "coordinates": [
          104.064915,
          30.641221
        ]
      },
      "properties": {
        "name": "清华大学出版社",
        "category": "edu",
        "type": "科教文化服务;传媒机构;出版社",
        "district": "武侯区",
        "weight": 5
      }
    },
    {
      "type": "Feature",
      "geometry": {
        "type": "Point",
        "coordinates": [
          104.068473,
          30.647814
        ]
      },
      "properties": {
        "name": "龙江路小学",
        "category": "edu",
        "type": "科教文化服务;学校;小学",
        "district": "武侯区",
        "weight": 6
      }
    },
    {
      "type": "Feature",
      "geometry": {
        "type": "Point",
        "coordinates": [
          104.072709,
          30.642591
        ]
      },
      "properties": {
        "name": "婴贝儿早教中心",
        "category": "edu",
        "type": "科教文化服务;学校;幼儿园",
        "district": "武侯区",
        "weight": 9
      }
    },
    {
      "type": "Feature",
      "geometry": {
        "type": "Point",
        "coordinates": [
          104.068278,
          30.644999
        ]
      },
      "properties": {
        "name": "寄生虫研究所",
        "category": "edu",
        "type": "科教文化服务;科研机构;科研机构",
        "district": "武侯区",
        "weight": 7
      }
    },
    {
      "type": "Feature",
      "geometry": {
        "type": "Point",
        "coordinates": [
          104.068939,
          30.64244
        ]
      },
      "properties": {
        "name": "川大后勤集团修缮中心华西接待室",
        "category": "edu",
        "type": "科教文化服务;学校;高等院校",
        "district": "武侯区",
        "weight": 1
      }
    },
    {
      "type": "Feature",
      "geometry": {
        "type": "Point",
        "coordinates": [
          104.067455,
          30.646009
        ]
      },
      "properties": {
        "name": "鼓手八火家",
        "category": "edu",
        "type": "科教文化服务;培训机构;培训机构",
        "district": "武侯区",
        "weight": 2
      }
    },
    {
      "type": "Feature",
      "geometry": {
        "type": "Point",
        "coordinates": [
          104.064493,
          30.642304
        ]
      },
      "properties": {
        "name": "智坊英语口语培训中心",
        "category": "edu",
        "type": "科教文化服务;科教文化场所;科教文化场所",
        "district": "武侯区",
        "weight": 1
      }
    },
    {
      "type": "Feature",
      "geometry": {
        "type": "Point",
        "coordinates": [
          104.0664,
          30.646875
        ]
      },
      "properties": {
        "name": "天欣驾校(新南门大学路店)",
        "category": "edu",
        "type": "科教文化服务;科教文化场所;科教文化场所",
        "district": "武侯区",
        "weight": 1
      }
    },
    {
      "type": "Feature",
      "geometry": {
        "type": "Point",
        "coordinates": [
          104.065644,
          30.639486
        ]
      },
      "properties": {
        "name": "世纪东方传媒",
        "category": "edu",
        "type": "科教文化服务;传媒机构;传媒机构",
        "district": "武侯区",
        "weight": 6
      }
    },
    {
      "type": "Feature",
      "geometry": {
        "type": "Point",
        "coordinates": [
          104.069806,
          30.646913
        ]
      },
      "properties": {
        "name": "快乐学堂",
        "category": "edu",
        "type": "科教文化服务;培训机构;培训机构",
        "district": "武侯区",
        "weight": 1
      }
    },
    {
      "type": "Feature",
      "geometry": {
        "type": "Point",
        "coordinates": [
          104.080398,
          30.643381
        ]
      },
      "properties": {
        "name": "繁熙音乐文化",
        "category": "edu",
        "type": "科教文化服务;培训机构;培训机构",
        "district": "武侯区",
        "weight": 3
      }
    },
    {
      "type": "Feature",
      "geometry": {
        "type": "Point",
        "coordinates": [
          104.077386,
          30.646081
        ]
      },
      "properties": {
        "name": "花形风尚文化传播",
        "category": "edu",
        "type": "科教文化服务;科教文化场所;科教文化场所",
        "district": "武侯区",
        "weight": 5
      }
    },
    {
      "type": "Feature",
      "geometry": {
        "type": "Point",
        "coordinates": [
          104.075396,
          30.644771
        ]
      },
      "properties": {
        "name": "成都韵天文化传播有限责任公司",
        "category": "edu",
        "type": "公司企业;公司;公司|科教文化服务;传媒机构;传媒机构",
        "district": "武侯区",
        "weight": 1
      }
    },
    {
      "type": "Feature",
      "geometry": {
        "type": "Point",
        "coordinates": [
          104.07723,
          30.641339
        ]
      },
      "properties": {
        "name": "美伦钢琴",
        "category": "edu",
        "type": "科教文化服务;培训机构;培训机构",
        "district": "武侯区",
        "weight": 51
      }
    },
    {
      "type": "Feature",
      "geometry": {
        "type": "Point",
        "coordinates": [
          104.078642,
          30.64475
        ]
      },
      "properties": {
        "name": "王时培训",
        "category": "edu",
        "type": "科教文化服务;培训机构;培训机构",
        "district": "武侯区",
        "weight": 2
      }
    },
    {
      "type": "Feature",
      "geometry": {
        "type": "Point",
        "coordinates": [
          104.079965,
          30.646555
        ]
      },
      "properties": {
        "name": "四川省纺织工业设计院",
        "category": "edu",
        "type": "科教文化服务;科研机构;科研机构",
        "district": "锦江区",
        "weight": 10
      }
    },
    {
      "type": "Feature",
      "geometry": {
        "type": "Point",
        "coordinates": [
          104.082502,
          30.642829
        ]
      },
      "properties": {
        "name": "成都市老年大学",
        "category": "edu",
        "type": "科教文化服务;学校;成人教育",
        "district": "武侯区",
        "weight": 5
      }
    },
    {
      "type": "Feature",
      "geometry": {
        "type": "Point",
        "coordinates": [
          104.077537,
          30.643568
        ]
      },
      "properties": {
        "name": "武侯区致民路幼儿园",
        "category": "edu",
        "type": "科教文化服务;学校;幼儿园",
        "district": "武侯区",
        "weight": 1
      }
    },
    {
      "type": "Feature",
      "geometry": {
        "type": "Point",
        "coordinates": [
          104.074285,
          30.647201
        ]
      },
      "properties": {
        "name": "成都市技师学院临江路校区",
        "category": "edu",
        "type": "科教文化服务;学校;高等院校",
        "district": "武侯区",
        "weight": 1
      }
    },
    {
      "type": "Feature",
      "geometry": {
        "type": "Point",
        "coordinates": [
          104.081168,
          30.648721
        ]
      },
      "properties": {
        "name": "四川华文职业培训中心",
        "category": "edu",
        "type": "科教文化服务;培训机构;培训机构",
        "district": "锦江区",
        "weight": 2
      }
    },
    {
      "type": "Feature",
      "geometry": {
        "type": "Point",
        "coordinates": [
          104.074116,
          30.648773
        ]
      },
      "properties": {
        "name": "黑暗中对话体验馆",
        "category": "edu",
        "type": "科教文化服务;科教文化场所;科教文化场所",
        "district": "锦江区",
        "weight": 2
      }
    },
    {
      "type": "Feature",
      "geometry": {
        "type": "Point",
        "coordinates": [
          104.076279,
          30.643777
        ]
      },
      "properties": {
        "name": "筝琴韻雅",
        "category": "edu",
        "type": "科教文化服务;科教文化场所;科教文化场所",
        "district": "武侯区",
        "weight": 4
      }
    },
    {
      "type": "Feature",
      "geometry": {
        "type": "Point",
        "coordinates": [
          104.076892,
          30.644632
        ]
      },
      "properties": {
        "name": "临江东路社区家长学校",
        "category": "edu",
        "type": "科教文化服务;科教文化场所;科教文化场所",
        "district": "武侯区",
        "weight": 1
      }
    },
    {
      "type": "Feature",
      "geometry": {
        "type": "Point",
        "coordinates": [
          104.077906,
          30.638074
        ]
      },
      "properties": {
        "name": "驰鹏教育",
        "category": "edu",
        "type": "科教文化服务;培训机构;培训机构",
        "district": "武侯区",
        "weight": 75
      }
    },
    {
      "type": "Feature",
      "geometry": {
        "type": "Point",
        "coordinates": [
          104.078798,
          30.640444
        ]
      },
      "properties": {
        "name": "宋浩钢琴教育",
        "category": "edu",
        "type": "科教文化服务;培训机构;培训机构|公司企业;公司;公司",
        "district": "武侯区",
        "weight": 1
      }
    },
    {
      "type": "Feature",
      "geometry": {
        "type": "Point",
        "coordinates": [
          104.08348,
          30.640956
        ]
      },
      "properties": {
        "name": "节和律弦乐教育",
        "category": "edu",
        "type": "科教文化服务;培训机构;培训机构",
        "district": "武侯区",
        "weight": 2
      }
    },
    {
      "type": "Feature",
      "geometry": {
        "type": "Point",
        "coordinates": [
          104.080075,
          30.648993
        ]
      },
      "properties": {
        "name": "爵士鼓钢琴电子鼓培训",
        "category": "edu",
        "type": "科教文化服务;培训机构;培训机构",
        "district": "锦江区",
        "weight": 1
      }
    },
    {
      "type": "Feature",
      "geometry": {
        "type": "Point",
        "coordinates": [
          104.090193,
          30.645419
        ]
      },
      "properties": {
        "name": "君乐文化",
        "category": "edu",
        "type": "科教文化服务;科教文化场所;科教文化场所",
        "district": "锦江区",
        "weight": 34
      }
    },
    {
      "type": "Feature",
      "geometry": {
        "type": "Point",
        "coordinates": [
          104.084496,
          30.64513
        ]
      },
      "properties": {
        "name": "百喜听文化传媒",
        "category": "edu",
        "type": "科教文化服务;科教文化场所;科教文化场所",
        "district": "锦江区",
        "weight": 2
      }
    },
    {
      "type": "Feature",
      "geometry": {
        "type": "Point",
        "coordinates": [
          104.088317,
          30.646196
        ]
      },
      "properties": {
        "name": "凯翔培训",
        "category": "edu",
        "type": "科教文化服务;培训机构;培训机构",
        "district": "锦江区",
        "weight": 23
      }
    },
    {
      "type": "Feature",
      "geometry": {
        "type": "Point",
        "coordinates": [
          104.089681,
          30.642366
        ]
      },
      "properties": {
        "name": "亚麻影视制作工作室",
        "category": "edu",
        "type": "科教文化服务;传媒机构;传媒机构",
        "district": "锦江区",
        "weight": 2
      }
    },
    {
      "type": "Feature",
      "geometry": {
        "type": "Point",
        "coordinates": [
          104.085462,
          30.640152
        ]
      },
      "properties": {
        "name": "凯乐特文化传播有限公司",
        "category": "edu",
        "type": "科教文化服务;科教文化场所;科教文化场所",
        "district": "武侯区",
        "weight": 1
      }
    },
    {
      "type": "Feature",
      "geometry": {
        "type": "Point",
        "coordinates": [
          104.086391,
          30.641196
        ]
      },
      "properties": {
        "name": "中西教育",
        "category": "edu",
        "type": "科教文化服务;培训机构;培训机构",
        "district": "武侯区",
        "weight": 12
      }
    },
    {
      "type": "Feature",
      "geometry": {
        "type": "Point",
        "coordinates": [
          104.08951,
          30.643471
        ]
      },
      "properties": {
        "name": "新愿教育",
        "category": "edu",
        "type": "科教文化服务;培训机构;培训机构",
        "district": "锦江区",
        "weight": 4
      }
    },
    {
      "type": "Feature",
      "geometry": {
        "type": "Point",
        "coordinates": [
          104.091003,
          30.647715
        ]
      },
      "properties": {
        "name": "艺术蜥蜴",
        "category": "edu",
        "type": "科教文化服务;科教文化场所;科教文化场所",
        "district": "锦江区",
        "weight": 28
      }
    },
    {
      "type": "Feature",
      "geometry": {
        "type": "Point",
        "coordinates": [
          104.084342,
          30.642699
        ]
      },
      "properties": {
        "name": "诚信国际书画院",
        "category": "edu",
        "type": "科教文化服务;科教文化场所;科教文化场所",
        "district": "武侯区",
        "weight": 4
      }
    },
    {
      "type": "Feature",
      "geometry": {
        "type": "Point",
        "coordinates": [
          104.08551,
          30.646947
        ]
      },
      "properties": {
        "name": "四川省成都市七中育才学校",
        "category": "edu",
        "type": "科教文化服务;学校;中学",
        "district": "锦江区",
        "weight": 1
      }
    },
    {
      "type": "Feature",
      "geometry": {
        "type": "Point",
        "coordinates": [
          104.083865,
          30.647498
        ]
      },
      "properties": {
        "name": "莫高书院",
        "category": "edu",
        "type": "科教文化服务;培训机构;培训机构",
        "district": "锦江区",
        "weight": 3
      }
    },
    {
      "type": "Feature",
      "geometry": {
        "type": "Point",
        "coordinates": [
          104.092126,
          30.645359
        ]
      },
      "properties": {
        "name": "龙文教育(九眼桥校区)",
        "category": "edu",
        "type": "科教文化服务;培训机构;培训机构",
        "district": "锦江区",
        "weight": 2
      }
    },
    {
      "type": "Feature",
      "geometry": {
        "type": "Point",
        "coordinates": [
          104.086458,
          30.644574
        ]
      },
      "properties": {
        "name": "成都化工研究设计院",
        "category": "edu",
        "type": "科教文化服务;科研机构;科研机构",
        "district": "锦江区",
        "weight": 3
      }
    },
    {
      "type": "Feature",
      "geometry": {
        "type": "Point",
        "coordinates": [
          104.088103,
          30.642682
        ]
      },
      "properties": {
        "name": "三幼树基福幼园",
        "category": "edu",
        "type": "科教文化服务;学校;幼儿园",
        "district": "锦江区",
        "weight": 3
      }
    },
    {
      "type": "Feature",
      "geometry": {
        "type": "Point",
        "coordinates": [
          104.091814,
          30.643632
        ]
      },
      "properties": {
        "name": "金苹果晶蓝半岛幼稚园",
        "category": "edu",
        "type": "科教文化服务;学校;幼儿园",
        "district": "锦江区",
        "weight": 2
      }
    },
    {
      "type": "Feature",
      "geometry": {
        "type": "Point",
        "coordinates": [
          104.092973,
          30.640167
        ]
      },
      "properties": {
        "name": "爱舞学堂",
        "category": "edu",
        "type": "科教文化服务;培训机构;培训机构",
        "district": "锦江区",
        "weight": 3
      }
    },
    {
      "type": "Feature",
      "geometry": {
        "type": "Point",
        "coordinates": [
          104.086755,
          30.647147
        ]
      },
      "properties": {
        "name": "水井坊街道水井坊社区家长学校",
        "category": "edu",
        "type": "科教文化服务;科教文化场所;科教文化场所",
        "district": "锦江区",
        "weight": 2
      }
    },
    {
      "type": "Feature",
      "geometry": {
        "type": "Point",
        "coordinates": [
          104.093354,
          30.64517
        ]
      },
      "properties": {
        "name": "新蜜蜂美术教育",
        "category": "edu",
        "type": "科教文化服务;培训机构;培训机构",
        "district": "锦江区",
        "weight": 2
      }
    },
    {
      "type": "Feature",
      "geometry": {
        "type": "Point",
        "coordinates": [
          104.099593,
          30.64665
        ]
      },
      "properties": {
        "name": "聚星小学",
        "category": "edu",
        "type": "科教文化服务;学校;小学",
        "district": "锦江区",
        "weight": 9
      }
    },
    {
      "type": "Feature",
      "geometry": {
        "type": "Point",
        "coordinates": [
          104.101208,
          30.642719
        ]
      },
      "properties": {
        "name": "孺子牛教育造价培训",
        "category": "edu",
        "type": "科教文化服务;培训机构;培训机构",
        "district": "锦江区",
        "weight": 5
      }
    },
    {
      "type": "Feature",
      "geometry": {
        "type": "Point",
        "coordinates": [
          104.099735,
          30.641331
        ]
      },
      "properties": {
        "name": "名师点拔",
        "category": "edu",
        "type": "科教文化服务;培训机构;培训机构",
        "district": "锦江区",
        "weight": 11
      }
    },
    {
      "type": "Feature",
      "geometry": {
        "type": "Point",
        "coordinates": [
          104.103392,
          30.641217
        ]
      },
      "properties": {
        "name": "成都瑞成教育",
        "category": "edu",
        "type": "科教文化服务;培训机构;培训机构",
        "district": "锦江区",
        "weight": 3
      }
    },
    {
      "type": "Feature",
      "geometry": {
        "type": "Point",
        "coordinates": [
          104.094686,
          30.643985
        ]
      },
      "properties": {
        "name": "成都市锦江区文化宫基本文化活动基地",
        "category": "edu",
        "type": "科教文化服务;科教文化场所;科教文化场所",
        "district": "锦江区",
        "weight": 2
      }
    },
    {
      "type": "Feature",
      "geometry": {
        "type": "Point",
        "coordinates": [
          104.102329,
          30.644905
        ]
      },
      "properties": {
        "name": "乒乓球培训",
        "category": "edu",
        "type": "科教文化服务;培训机构;培训机构",
        "district": "锦江区",
        "weight": 9
      }
    },
    {
      "type": "Feature",
      "geometry": {
        "type": "Point",
        "coordinates": [
          104.093502,
          30.643953
        ]
      },
      "properties": {
        "name": "娇子小学",
        "category": "edu",
        "type": "科教文化服务;学校;小学",
        "district": "锦江区",
        "weight": 1
      }
    },
    {
      "type": "Feature",
      "geometry": {
        "type": "Point",
        "coordinates": [
          104.097239,
          30.641229
        ]
      },
      "properties": {
        "name": "莲新幼儿园",
        "category": "edu",
        "type": "科教文化服务;学校;幼儿园",
        "district": "锦江区",
        "weight": 1
      }
    },
    {
      "type": "Feature",
      "geometry": {
        "type": "Point",
        "coordinates": [
          104.097121,
          30.642982
        ]
      },
      "properties": {
        "name": "成都神钢渠团技工学校",
        "category": "edu",
        "type": "科教文化服务;学校;职业技术学校",
        "district": "锦江区",
        "weight": 2
      }
    },
    {
      "type": "Feature",
      "geometry": {
        "type": "Point",
        "coordinates": [
          104.098032,
          30.640528
        ]
      },
      "properties": {
        "name": "上扬画室",
        "category": "edu",
        "type": "科教文化服务;培训机构;培训机构",
        "district": "锦江区",
        "weight": 3
      }
    },
    {
      "type": "Feature",
      "geometry": {
        "type": "Point",
        "coordinates": [
          104.101464,
          30.646517
        ]
      },
      "properties": {
        "name": "弦之狂技能培训工作室",
        "category": "edu",
        "type": "科教文化服务;科教文化场所;科教文化场所",
        "district": "锦江区",
        "weight": 1
      }
    },
    {
      "type": "Feature",
      "geometry": {
        "type": "Point",
        "coordinates": [
          104.095086,
          30.641979
        ]
      },
      "properties": {
        "name": "学衡国学堂",
        "category": "edu",
        "type": "科教文化服务;培训机构;培训机构",
        "district": "锦江区",
        "weight": 1
      }
    },
    {
      "type": "Feature",
      "geometry": {
        "type": "Point",
        "coordinates": [
          104.09818,
          30.643852
        ]
      },
      "properties": {
        "name": "精湛技能培训中心",
        "category": "edu",
        "type": "科教文化服务;培训机构;培训机构",
        "district": "锦江区",
        "weight": 1
      }
    },
    {
      "type": "Feature",
      "geometry": {
        "type": "Point",
        "coordinates": [
          104.096192,
          30.6464
        ]
      },
      "properties": {
        "name": "盛东画室",
        "category": "edu",
        "type": "科教文化服务;培训机构;培训机构",
        "district": "锦江区",
        "weight": 4
      }
    },
    {
      "type": "Feature",
      "geometry": {
        "type": "Point",
        "coordinates": [
          104.095555,
          30.641045
        ]
      },
      "properties": {
        "name": "成都新天艺术学校",
        "category": "edu",
        "type": "科教文化服务;培训机构;培训机构",
        "district": "锦江区",
        "weight": 1
      }
    },
    {
      "type": "Feature",
      "geometry": {
        "type": "Point",
        "coordinates": [
          104.104797,
          30.644252
        ]
      },
      "properties": {
        "name": "天空美术",
        "category": "edu",
        "type": "科教文化服务;美术馆;美术馆",
        "district": "锦江区",
        "weight": 5
      }
    },
    {
      "type": "Feature",
      "geometry": {
        "type": "Point",
        "coordinates": [
          104.103959,
          30.648674
        ]
      },
      "properties": {
        "name": "海莱特健身教练培训",
        "category": "edu",
        "type": "科教文化服务;培训机构;培训机构",
        "district": "成华区",
        "weight": 1
      }
    },
    {
      "type": "Feature",
      "geometry": {
        "type": "Point",
        "coordinates": [
          104.113015,
          30.644372
        ]
      },
      "properties": {
        "name": "疯狂教育",
        "category": "edu",
        "type": "科教文化服务;培训机构;培训机构",
        "district": "成华区",
        "weight": 1
      }
    },
    {
      "type": "Feature",
      "geometry": {
        "type": "Point",
        "coordinates": [
          104.116637,
          30.645347
        ]
      },
      "properties": {
        "name": "古筝工作室",
        "category": "edu",
        "type": "科教文化服务;培训机构;培训机构",
        "district": "成华区",
        "weight": 3
      }
    },
    {
      "type": "Feature",
      "geometry": {
        "type": "Point",
        "coordinates": [
          104.114092,
          30.645501
        ]
      },
      "properties": {
        "name": "嘉业幼儿园",
        "category": "edu",
        "type": "科教文化服务;学校;幼儿园",
        "district": "成华区",
        "weight": 7
      }
    },
    {
      "type": "Feature",
      "geometry": {
        "type": "Point",
        "coordinates": [
          104.119846,
          30.648136
        ]
      },
      "properties": {
        "name": "说客英语",
        "category": "edu",
        "type": "科教文化服务;培训机构;培训机构",
        "district": "成华区",
        "weight": 7
      }
    },
    {
      "type": "Feature",
      "geometry": {
        "type": "Point",
        "coordinates": [
          104.1228,
          30.649026
        ]
      },
      "properties": {
        "name": "双庆中学",
        "category": "edu",
        "type": "科教文化服务;学校;中学",
        "district": "成华区",
        "weight": 2
      }
    },
    {
      "type": "Feature",
      "geometry": {
        "type": "Point",
        "coordinates": [
          104.115971,
          30.640023
        ]
      },
      "properties": {
        "name": "成都爱思瑟国际学校",
        "category": "edu",
        "type": "科教文化服务;学校;学校",
        "district": "锦江区",
        "weight": 1
      }
    },
    {
      "type": "Feature",
      "geometry": {
        "type": "Point",
        "coordinates": [
          104.117583,
          30.6414
        ]
      },
      "properties": {
        "name": "四川国际标榜职业学院锦江校区",
        "category": "edu",
        "type": "科教文化服务;学校;高等院校",
        "district": "成华区",
        "weight": 2
      }
    },
    {
      "type": "Feature",
      "geometry": {
        "type": "Point",
        "coordinates": [
          104.121108,
          30.645349
        ]
      },
      "properties": {
        "name": "晨曦幼儿园(竞成路)",
        "category": "edu",
        "type": "科教文化服务;学校;幼儿园",
        "district": "成华区",
        "weight": 1
      }
    },
    {
      "type": "Feature",
      "geometry": {
        "type": "Point",
        "coordinates": [
          104.115033,
          30.647926
        ]
      },
      "properties": {
        "name": "金苹果博文幼稚园",
        "category": "edu",
        "type": "科教文化服务;学校;幼儿园",
        "district": "成华区",
        "weight": 4
      }
    },
    {
      "type": "Feature",
      "geometry": {
        "type": "Point",
        "coordinates": [
          104.122151,
          30.647998
        ]
      },
      "properties": {
        "name": "智汇智学教育",
        "category": "edu",
        "type": "科教文化服务;培训机构;培训机构",
        "district": "成华区",
        "weight": 1
      }
    },
    {
      "type": "Feature",
      "geometry": {
        "type": "Point",
        "coordinates": [
          104.127103,
          30.642539
        ]
      },
      "properties": {
        "name": "成都市体育运动学校",
        "category": "edu",
        "type": "科教文化服务;学校;职业技术学校",
        "district": "成华区",
        "weight": 4
      }
    },
    {
      "type": "Feature",
      "geometry": {
        "type": "Point",
        "coordinates": [
          104.128552,
          30.641038
        ]
      },
      "properties": {
        "name": "五桂桥小学",
        "category": "edu",
        "type": "科教文化服务;学校;小学",
        "district": "成华区",
        "weight": 1
      }
    },
    {
      "type": "Feature",
      "geometry": {
        "type": "Point",
        "coordinates": [
          104.123791,
          30.644591
        ]
      },
      "properties": {
        "name": "天欣驾校(槐树店路店)",
        "category": "edu",
        "type": "科教文化服务;科教文化场所;科教文化场所",
        "district": "成华区",
        "weight": 1
      }
    },
    {
      "type": "Feature",
      "geometry": {
        "type": "Point",
        "coordinates": [
          104.127214,
          30.644163
        ]
      },
      "properties": {
        "name": "未成年儿童保护中心",
        "category": "edu",
        "type": "科教文化服务;科教文化场所;科教文化场所",
        "district": "成华区",
        "weight": 1
      }
    },
    {
      "type": "Feature",
      "geometry": {
        "type": "Point",
        "coordinates": [
          104.136471,
          30.646928
        ]
      },
      "properties": {
        "name": "艺婷艺",
        "category": "edu",
        "type": "科教文化服务;培训机构;培训机构",
        "district": "成华区",
        "weight": 7
      }
    },
    {
      "type": "Feature",
      "geometry": {
        "type": "Point",
        "coordinates": [
          104.142371,
          30.645583
        ]
      },
      "properties": {
        "name": "优品婴幼园",
        "category": "edu",
        "type": "科教文化服务;学校;幼儿园",
        "district": "成华区",
        "weight": 1
      }
    },
    {
      "type": "Feature",
      "geometry": {
        "type": "Point",
        "coordinates": [
          104.139581,
          30.648262
        ]
      },
      "properties": {
        "name": "成都市华建学校",
        "category": "edu",
        "type": "科教文化服务;学校;学校",
        "district": "成华区",
        "weight": 2
      }
    },
    {
      "type": "Feature",
      "geometry": {
        "type": "Point",
        "coordinates": [
          104.139771,
          30.639536
        ]
      },
      "properties": {
        "name": "阆中大酒店-会议厅",
        "category": "edu",
        "type": "科教文化服务;会展中心;会展中心",
        "district": "成华区",
        "weight": 1
      }
    },
    {
      "type": "Feature",
      "geometry": {
        "type": "Point",
        "coordinates": [
          104.140019,
          30.641128
        ]
      },
      "properties": {
        "name": "成都魔术培训中心(东站校区)",
        "category": "edu",
        "type": "科教文化服务;培训机构;培训机构",
        "district": "成华区",
        "weight": 1
      }
    },
    {
      "type": "Feature",
      "geometry": {
        "type": "Point",
        "coordinates": [
          104.152065,
          30.646896
        ]
      },
      "properties": {
        "name": "数字化学习空间",
        "category": "edu",
        "type": "科教文化服务;科教文化场所;科教文化场所",
        "district": "成华区",
        "weight": 4
      }
    },
    {
      "type": "Feature",
      "geometry": {
        "type": "Point",
        "coordinates": [
          104.150518,
          30.643443
        ]
      },
      "properties": {
        "name": "仁博教育",
        "category": "edu",
        "type": "科教文化服务;培训机构;培训机构",
        "district": "成华区",
        "weight": 1
      }
    },
    {
      "type": "Feature",
      "geometry": {
        "type": "Point",
        "coordinates": [
          104.148057,
          30.642967
        ]
      },
      "properties": {
        "name": "成都市建筑职业中专校",
        "category": "edu",
        "type": "科教文化服务;学校;职业技术学校",
        "district": "成华区",
        "weight": 1
      }
    },
    {
      "type": "Feature",
      "geometry": {
        "type": "Point",
        "coordinates": [
          104.146343,
          30.642777
        ]
      },
      "properties": {
        "name": "杨柳小学",
        "category": "edu",
        "type": "科教文化服务;学校;小学",
        "district": "成华区",
        "weight": 1
      }
    },
    {
      "type": "Feature",
      "geometry": {
        "type": "Point",
        "coordinates": [
          104.145861,
          30.641154
        ]
      },
      "properties": {
        "name": "培育幼儿园(杨柳路B段)",
        "category": "edu",
        "type": "科教文化服务;学校;幼儿园",
        "district": "成华区",
        "weight": 1
      }
    },
    {
      "type": "Feature",
      "geometry": {
        "type": "Point",
        "coordinates": [
          104.149721,
          30.644611
        ]
      },
      "properties": {
        "name": "成都市机关二幼稚爱幼儿园",
        "category": "edu",
        "type": "科教文化服务;学校;幼儿园",
        "district": "成华区",
        "weight": 1
      }
    },
    {
      "type": "Feature",
      "geometry": {
        "type": "Point",
        "coordinates": [
          104.149932,
          30.646414
        ]
      },
      "properties": {
        "name": "利利培训中心",
        "category": "edu",
        "type": "科教文化服务;培训机构;培训机构",
        "district": "成华区",
        "weight": 2
      }
    },
    {
      "type": "Feature",
      "geometry": {
        "type": "Point",
        "coordinates": [
          104.146982,
          30.641751
        ]
      },
      "properties": {
        "name": "川大家教雨露托管",
        "category": "edu",
        "type": "科教文化服务;培训机构;培训机构",
        "district": "成华区",
        "weight": 1
      }
    },
    {
      "type": "Feature",
      "geometry": {
        "type": "Point",
        "coordinates": [
          104.153845,
          30.640537
        ]
      },
      "properties": {
        "name": "蜀安驾校(报名处)",
        "category": "edu",
        "type": "科教文化服务;科教文化场所;科教文化场所",
        "district": "成华区",
        "weight": 1
      }
    },
    {
      "type": "Feature",
      "geometry": {
        "type": "Point",
        "coordinates": [
          103.966558,
          30.63932
        ]
      },
      "properties": {
        "name": "成都市明成学校",
        "category": "edu",
        "type": "科教文化服务;学校;中学",
        "district": "武侯区",
        "weight": 2
      }
    },
    {
      "type": "Feature",
      "geometry": {
        "type": "Point",
        "coordinates": [
          103.969892,
          30.631486
        ]
      },
      "properties": {
        "name": "中视传媒股份有限公司(武科西四路)",
        "category": "edu",
        "type": "科教文化服务;传媒机构;传媒机构",
        "district": "武侯区",
        "weight": 1
      }
    },
    {
      "type": "Feature",
      "geometry": {
        "type": "Point",
        "coordinates": [
          103.978098,
          30.633718
        ]
      },
      "properties": {
        "name": "成都尧顺文化传播有限公司",
        "category": "edu",
        "type": "科教文化服务;传媒机构;传媒机构",
        "district": "武侯区",
        "weight": 2
      }
    },
    {
      "type": "Feature",
      "geometry": {
        "type": "Point",
        "coordinates": [
          103.975084,
          30.636758
        ]
      },
      "properties": {
        "name": "科幻博物馆",
        "category": "edu",
        "type": "科教文化服务;博物馆;博物馆",
        "district": "武侯区",
        "weight": 9
      }
    },
    {
      "type": "Feature",
      "geometry": {
        "type": "Point",
        "coordinates": [
          103.981884,
          30.630372
        ]
      },
      "properties": {
        "name": "成都百健佳文化传播有限公司",
        "category": "edu",
        "type": "科教文化服务;科教文化场所;科教文化场所",
        "district": "武侯区",
        "weight": 3
      }
    },
    {
      "type": "Feature",
      "geometry": {
        "type": "Point",
        "coordinates": [
          103.983564,
          30.6304
        ]
      },
      "properties": {
        "name": "小蚂蚁幼儿园",
        "category": "edu",
        "type": "科教文化服务;学校;幼儿园",
        "district": "武侯区",
        "weight": 1
      }
    },
    {
      "type": "Feature",
      "geometry": {
        "type": "Point",
        "coordinates": [
          103.97546,
          30.63269
        ]
      },
      "properties": {
        "name": "四川省安全宣传教育培训中心",
        "category": "edu",
        "type": "科教文化服务;培训机构;培训机构",
        "district": "武侯区",
        "weight": 3
      }
    },
    {
      "type": "Feature",
      "geometry": {
        "type": "Point",
        "coordinates": [
          103.976257,
          30.634902
        ]
      },
      "properties": {
        "name": "智谷软件技术职业技能培训学校",
        "category": "edu",
        "type": "科教文化服务;学校;职业技术学校",
        "district": "武侯区",
        "weight": 1
      }
    },
    {
      "type": "Feature",
      "geometry": {
        "type": "Point",
        "coordinates": [
          103.980335,
          30.634397
        ]
      },
      "properties": {
        "name": "成都天景汽车职业技能培训学校",
        "category": "edu",
        "type": "科教文化服务;培训机构;培训机构",
        "district": "武侯区",
        "weight": 1
      }
    },
    {
      "type": "Feature",
      "geometry": {
        "type": "Point",
        "coordinates": [
          103.978543,
          30.636951
        ]
      },
      "properties": {
        "name": "传承艺术中心",
        "category": "edu",
        "type": "科教文化服务;美术馆;美术馆",
        "district": "武侯区",
        "weight": 1
      }
    },
    {
      "type": "Feature",
      "geometry": {
        "type": "Point",
        "coordinates": [
          103.989781,
          30.636508
        ]
      },
      "properties": {
        "name": "香港卫视",
        "category": "edu",
        "type": "科教文化服务;科教文化场所;科教文化场所",
        "district": "武侯区",
        "weight": 5
      }
    },
    {
      "type": "Feature",
      "geometry": {
        "type": "Point",
        "coordinates": [
          103.984807,
          30.63951
        ]
      },
      "properties": {
        "name": "思邈教育",
        "category": "edu",
        "type": "科教文化服务;培训机构;培训机构",
        "district": "武侯区",
        "weight": 3
      }
    },
    {
      "type": "Feature",
      "geometry": {
        "type": "Point",
        "coordinates": [
          103.987853,
          30.63309
        ]
      },
      "properties": {
        "name": "西北综合勘察设计研究院(武科东二路)",
        "category": "edu",
        "type": "科教文化服务;科研机构;科研机构",
        "district": "武侯区",
        "weight": 1
      }
    },
    {
      "type": "Feature",
      "geometry": {
        "type": "Point",
        "coordinates": [
          103.985885,
          30.634164
        ]
      },
      "properties": {
        "name": "成都市药物研究所",
        "category": "edu",
        "type": "科教文化服务;科研机构;科研机构",
        "district": "武侯区",
        "weight": 1
      }
    },
    {
      "type": "Feature",
      "geometry": {
        "type": "Point",
        "coordinates": [
          103.992654,
          30.636228
        ]
      },
      "properties": {
        "name": "友豪锦江酒店-会议厅",
        "category": "edu",
        "type": "科教文化服务;会展中心;会展中心",
        "district": "武侯区",
        "weight": 1
      }
    },
    {
      "type": "Feature",
      "geometry": {
        "type": "Point",
        "coordinates": [
          103.991713,
          30.629672
        ]
      },
      "properties": {
        "name": "欧博艺美艺术中心",
        "category": "edu",
        "type": "科教文化服务;美术馆;美术馆",
        "district": "武侯区",
        "weight": 1
      }
    },
    {
      "type": "Feature",
      "geometry": {
        "type": "Point",
        "coordinates": [
          103.986811,
          30.632631
        ]
      },
      "properties": {
        "name": "恩贝斯幼稚园",
        "category": "edu",
        "type": "科教文化服务;学校;幼儿园",
        "district": "武侯区",
        "weight": 1
      }
    },
    {
      "type": "Feature",
      "geometry": {
        "type": "Point",
        "coordinates": [
          103.983946,
          30.636397
        ]
      },
      "properties": {
        "name": "碧漾亲子游泳",
        "category": "edu",
        "type": "科教文化服务;科教文化场所;科教文化场所",
        "district": "武侯区",
        "weight": 2
      }
    },
    {
      "type": "Feature",
      "geometry": {
        "type": "Point",
        "coordinates": [
          103.986464,
          30.629025
        ]
      },
      "properties": {
        "name": "华夏艺术培训中心",
        "category": "edu",
        "type": "科教文化服务;培训机构;培训机构",
        "district": "武侯区",
        "weight": 5
      }
    },
    {
      "type": "Feature",
      "geometry": {
        "type": "Point",
        "coordinates": [
          103.991971,
          30.633596
        ]
      },
      "properties": {
        "name": "诺丁山贝贝星幼稚园",
        "category": "edu",
        "type": "科教文化服务;学校;幼儿园",
        "district": "武侯区",
        "weight": 1
      }
    },
    {
      "type": "Feature",
      "geometry": {
        "type": "Point",
        "coordinates": [
          103.98769,
          30.630501
        ]
      },
      "properties": {
        "name": "四川川大智胜软件股份有限公司-培训中心",
        "category": "edu",
        "type": "科教文化服务;培训机构;培训机构",
        "district": "武侯区",
        "weight": 1
      }
    },
    {
      "type": "Feature",
      "geometry": {
        "type": "Point",
        "coordinates": [
          103.999098,
          30.635159
        ]
      },
      "properties": {
        "name": "985影艺培训",
        "category": "edu",
        "type": "科教文化服务;培训机构;培训机构",
        "district": "武侯区",
        "weight": 2
      }
    },
    {
      "type": "Feature",
      "geometry": {
        "type": "Point",
        "coordinates": [
          104.00283,
          30.630942
        ]
      },
      "properties": {
        "name": "龙江路小学中粮祥云分校",
        "category": "edu",
        "type": "科教文化服务;学校;小学",
        "district": "武侯区",
        "weight": 3
      }
    },
    {
      "type": "Feature",
      "geometry": {
        "type": "Point",
        "coordinates": [
          103.99927,
          30.638351
        ]
      },
      "properties": {
        "name": "成都市麦可蕊幼稚园",
        "category": "edu",
        "type": "科教文化服务;学校;幼儿园",
        "district": "武侯区",
        "weight": 1
      }
    },
    {
      "type": "Feature",
      "geometry": {
        "type": "Point",
        "coordinates": [
          103.999442,
          30.634097
        ]
      },
      "properties": {
        "name": "楠玺宝贝幼儿园",
        "category": "edu",
        "type": "科教文化服务;学校;幼儿园",
        "district": "武侯区",
        "weight": 2
      }
    },
    {
      "type": "Feature",
      "geometry": {
        "type": "Point",
        "coordinates": [
          103.999754,
          30.63073
        ]
      },
      "properties": {
        "name": "和圆教育(太平园中六路)",
        "category": "edu",
        "type": "科教文化服务;培训机构;培训机构",
        "district": "武侯区",
        "weight": 1
      }
    },
    {
      "type": "Feature",
      "geometry": {
        "type": "Point",
        "coordinates": [
          104.002367,
          30.629711
        ]
      },
      "properties": {
        "name": "睿奇教育",
        "category": "edu",
        "type": "科教文化服务;培训机构;培训机构",
        "district": "武侯区",
        "weight": 1
      }
    },
    {
      "type": "Feature",
      "geometry": {
        "type": "Point",
        "coordinates": [
          104.000531,
          30.632274
        ]
      },
      "properties": {
        "name": "童艺美术培训中心",
        "category": "edu",
        "type": "科教文化服务;培训机构;培训机构",
        "district": "武侯区",
        "weight": 1
      }
    },
    {
      "type": "Feature",
      "geometry": {
        "type": "Point",
        "coordinates": [
          104.000736,
          30.63113
        ]
      },
      "properties": {
        "name": "艺乐东方(巴厘岛校区)",
        "category": "edu",
        "type": "科教文化服务;培训机构;培训机构",
        "district": "武侯区",
        "weight": 1
      }
    },
    {
      "type": "Feature",
      "geometry": {
        "type": "Point",
        "coordinates": [
          104.006383,
          30.637093
        ]
      },
      "properties": {
        "name": "武侯文体中心",
        "category": "edu",
        "type": "科教文化服务;文化宫;文化宫",
        "district": "武侯区",
        "weight": 6
      }
    },
    {
      "type": "Feature",
      "geometry": {
        "type": "Point",
        "coordinates": [
          104.007975,
          30.629377
        ]
      },
      "properties": {
        "name": "疯狂钢琴(大悦城店)",
        "category": "edu",
        "type": "科教文化服务;培训机构;培训机构",
        "district": "武侯区",
        "weight": 7
      }
    },
    {
      "type": "Feature",
      "geometry": {
        "type": "Point",
        "coordinates": [
          104.007369,
          30.638791
        ]
      },
      "properties": {
        "name": "桦林贝尔幼稚园",
        "category": "edu",
        "type": "科教文化服务;学校;幼儿园",
        "district": "武侯区",
        "weight": 4
      }
    },
    {
      "type": "Feature",
      "geometry": {
        "type": "Point",
        "coordinates": [
          104.012998,
          30.637598
        ]
      },
      "properties": {
        "name": "四川省文添文化传播有限公司",
        "category": "edu",
        "type": "科教文化服务;科教文化场所;科教文化场所",
        "district": "武侯区",
        "weight": 1
      }
    },
    {
      "type": "Feature",
      "geometry": {
        "type": "Point",
        "coordinates": [
          104.012566,
          30.631676
        ]
      },
      "properties": {
        "name": "四川艺塾色彩文化传播有限公司",
        "category": "edu",
        "type": "科教文化服务;科教文化场所;科教文化场所",
        "district": "武侯区",
        "weight": 1
      }
    },
    {
      "type": "Feature",
      "geometry": {
        "type": "Point",
        "coordinates": [
          104.008851,
          30.637876
        ]
      },
      "properties": {
        "name": "四川电大",
        "category": "edu",
        "type": "科教文化服务;学校;成人教育",
        "district": "武侯区",
        "weight": 4
      }
    },
    {
      "type": "Feature",
      "geometry": {
        "type": "Point",
        "coordinates": [
          104.011314,
          30.635364
        ]
      },
      "properties": {
        "name": "叮当宠物幼儿园",
        "category": "edu",
        "type": "购物服务;花鸟鱼虫市场;宠物市场|科教文化服务;学校;幼儿园",
        "district": "武侯区",
        "weight": 2
      }
    },
    {
      "type": "Feature",
      "geometry": {
        "type": "Point",
        "coordinates": [
          104.01544,
          30.63295
        ]
      },
      "properties": {
        "name": "成都西虎文化传播有限公司",
        "category": "edu",
        "type": "科教文化服务;传媒机构;传媒机构",
        "district": "武侯区",
        "weight": 1
      }
    },
    {
      "type": "Feature",
      "geometry": {
        "type": "Point",
        "coordinates": [
          104.02293,
          30.63229
        ]
      },
      "properties": {
        "name": "新蕾出版社",
        "category": "edu",
        "type": "科教文化服务;传媒机构;出版社",
        "district": "武侯区",
        "weight": 2
      }
    },
    {
      "type": "Feature",
      "geometry": {
        "type": "Point",
        "coordinates": [
          104.020254,
          30.632567
        ]
      },
      "properties": {
        "name": "太平小学",
        "category": "edu",
        "type": "科教文化服务;学校;小学",
        "district": "武侯区",
        "weight": 1
      }
    },
    {
      "type": "Feature",
      "geometry": {
        "type": "Point",
        "coordinates": [
          104.020532,
          30.631131
        ]
      },
      "properties": {
        "name": "四川省交通管理学校",
        "category": "edu",
        "type": "科教文化服务;学校;学校",
        "district": "武侯区",
        "weight": 1
      }
    },
    {
      "type": "Feature",
      "geometry": {
        "type": "Point",
        "coordinates": [
          104.020671,
          30.636751
        ]
      },
      "properties": {
        "name": "成都市顺达博物馆",
        "category": "edu",
        "type": "科教文化服务;博物馆;博物馆",
        "district": "武侯区",
        "weight": 1
      }
    },
    {
      "type": "Feature",
      "geometry": {
        "type": "Point",
        "coordinates": [
          104.02161,
          30.630784
        ]
      },
      "properties": {
        "name": "中共四川省交通运输厅党校",
        "category": "edu",
        "type": "科教文化服务;培训机构;培训机构",
        "district": "武侯区",
        "weight": 4
      }
    },
    {
      "type": "Feature",
      "geometry": {
        "type": "Point",
        "coordinates": [
          104.014939,
          30.634436
        ]
      },
      "properties": {
        "name": "成都市第十幼儿园分园",
        "category": "edu",
        "type": "科教文化服务;学校;幼儿园",
        "district": "武侯区",
        "weight": 2
      }
    },
    {
      "type": "Feature",
      "geometry": {
        "type": "Point",
        "coordinates": [
          104.01864,
          30.635713
        ]
      },
      "properties": {
        "name": "希望幼儿园(永顺街)",
        "category": "edu",
        "type": "科教文化服务;学校;幼儿园",
        "district": "武侯区",
        "weight": 1
      }
    },
    {
      "type": "Feature",
      "geometry": {
        "type": "Point",
        "coordinates": [
          104.013843,
          30.639434
        ]
      },
      "properties": {
        "name": "华夏古筝艺术学校",
        "category": "edu",
        "type": "科教文化服务;学校;职业技术学校",
        "district": "武侯区",
        "weight": 1
      }
    },
    {
      "type": "Feature",
      "geometry": {
        "type": "Point",
        "coordinates": [
          104.014734,
          30.631524
        ]
      },
      "properties": {
        "name": "四川省防灾减灾教育馆(中环路武阳大道段)",
        "category": "edu",
        "type": "科教文化服务;科教文化场所;科教文化场所",
        "district": "武侯区",
        "weight": 1
      }
    },
    {
      "type": "Feature",
      "geometry": {
        "type": "Point",
        "coordinates": [
          104.031003,
          30.633956
        ]
      },
      "properties": {
        "name": "米缔亚肚皮舞",
        "category": "edu",
        "type": "科教文化服务;培训机构;培训机构",
        "district": "武侯区",
        "weight": 23
      }
    },
    {
      "type": "Feature",
      "geometry": {
        "type": "Point",
        "coordinates": [
          104.029764,
          30.635729
        ]
      },
      "properties": {
        "name": "成都超艺文化传播有限公司",
        "category": "edu",
        "type": "科教文化服务;科教文化场所;科教文化场所",
        "district": "武侯区",
        "weight": 1
      }
    },
    {
      "type": "Feature",
      "geometry": {
        "type": "Point",
        "coordinates": [
          104.025627,
          30.635873
        ]
      },
      "properties": {
        "name": "杰芭蕾",
        "category": "edu",
        "type": "科教文化服务;培训机构;培训机构",
        "district": "武侯区",
        "weight": 17
      }
    },
    {
      "type": "Feature",
      "geometry": {
        "type": "Point",
        "coordinates": [
          104.032787,
          30.639056
        ]
      },
      "properties": {
        "name": "成都信誉音乐培训",
        "category": "edu",
        "type": "科教文化服务;培训机构;培训机构",
        "district": "武侯区",
        "weight": 3
      }
    },
    {
      "type": "Feature",
      "geometry": {
        "type": "Point",
        "coordinates": [
          104.030679,
          30.638126
        ]
      },
      "properties": {
        "name": "曼迪拉丁舞培训学校",
        "category": "edu",
        "type": "科教文化服务;培训机构;培训机构",
        "district": "武侯区",
        "weight": 5
      }
    },
    {
      "type": "Feature",
      "geometry": {
        "type": "Point",
        "coordinates": [
          104.033525,
          30.630438
        ]
      },
      "properties": {
        "name": "幼师丽都幼儿园",
        "category": "edu",
        "type": "科教文化服务;学校;幼儿园",
        "district": "武侯区",
        "weight": 2
      }
    },
    {
      "type": "Feature",
      "geometry": {
        "type": "Point",
        "coordinates": [
          104.02748,
          30.632308
        ]
      },
      "properties": {
        "name": "金蕾笛幼儿园",
        "category": "edu",
        "type": "科教文化服务;学校;幼儿园",
        "district": "武侯区",
        "weight": 4
      }
    },
    {
      "type": "Feature",
      "geometry": {
        "type": "Point",
        "coordinates": [
          104.03176,
          30.636598
        ]
      },
      "properties": {
        "name": "广播电视大学(红牌楼店)",
        "category": "edu",
        "type": "科教文化服务;学校;成人教育",
        "district": "武侯区",
        "weight": 2
      }
    },
    {
      "type": "Feature",
      "geometry": {
        "type": "Point",
        "coordinates": [
          104.032269,
          30.632283
        ]
      },
      "properties": {
        "name": "阿帕图英语",
        "category": "edu",
        "type": "科教文化服务;培训机构;培训机构",
        "district": "武侯区",
        "weight": 2
      }
    },
    {
      "type": "Feature",
      "geometry": {
        "type": "Point",
        "coordinates": [
          104.023848,
          30.63153
        ]
      },
      "properties": {
        "name": "车饰汽车装饰学校",
        "category": "edu",
        "type": "科教文化服务;培训机构;培训机构",
        "district": "武侯区",
        "weight": 1
      }
    },
    {
      "type": "Feature",
      "geometry": {
        "type": "Point",
        "coordinates": [
          104.027772,
          30.634281
        ]
      },
      "properties": {
        "name": "红十字会卫生救护培训基地",
        "category": "edu",
        "type": "科教文化服务;培训机构;培训机构",
        "district": "武侯区",
        "weight": 1
      }
    },
    {
      "type": "Feature",
      "geometry": {
        "type": "Point",
        "coordinates": [
          104.024523,
          30.629501
        ]
      },
      "properties": {
        "name": "戴氏教育(高考升学中心)",
        "category": "edu",
        "type": "科教文化服务;培训机构;培训机构|公司企业;公司;公司",
        "district": "武侯区",
        "weight": 1
      }
    },
    {
      "type": "Feature",
      "geometry": {
        "type": "Point",
        "coordinates": [
          104.03919,
          30.631384
        ]
      },
      "properties": {
        "name": "肖家河书画社",
        "category": "edu",
        "type": "科教文化服务;科教文化场所;科教文化场所",
        "district": "武侯区",
        "weight": 8
      }
    },
    {
      "type": "Feature",
      "geometry": {
        "type": "Point",
        "coordinates": [
          104.036001,
          30.63208
        ]
      },
      "properties": {
        "name": "成都薇薇千禧文化传播有限公司",
        "category": "edu",
        "type": "科教文化服务;科教文化场所;科教文化场所",
        "district": "武侯区",
        "weight": 1
      }
    },
    {
      "type": "Feature",
      "geometry": {
        "type": "Point",
        "coordinates": [
          104.04279,
          30.637863
        ]
      },
      "properties": {
        "name": "贝美乐启蒙教育",
        "category": "edu",
        "type": "科教文化服务;培训机构;培训机构",
        "district": "武侯区",
        "weight": 2
      }
    },
    {
      "type": "Feature",
      "geometry": {
        "type": "Point",
        "coordinates": [
          104.040235,
          30.636343
        ]
      },
      "properties": {
        "name": "三味书院",
        "category": "edu",
        "type": "科教文化服务;培训机构;培训机构",
        "district": "武侯区",
        "weight": 5
      }
    },
    {
      "type": "Feature",
      "geometry": {
        "type": "Point",
        "coordinates": [
          104.035115,
          30.630728
        ]
      },
      "properties": {
        "name": "成都上程至上文化传播有限公司",
        "category": "edu",
        "type": "科教文化服务;科教文化场所;科教文化场所",
        "district": "武侯区",
        "weight": 1
      }
    },
    {
      "type": "Feature",
      "geometry": {
        "type": "Point",
        "coordinates": [
          104.038072,
          30.633888
        ]
      },
      "properties": {
        "name": "金老师韩国语教室",
        "category": "edu",
        "type": "科教文化服务;培训机构;培训机构",
        "district": "武侯区",
        "weight": 4
      }
    },
    {
      "type": "Feature",
      "geometry": {
        "type": "Point",
        "coordinates": [
          104.035841,
          30.634486
        ]
      },
      "properties": {
        "name": "成都西川中学",
        "category": "edu",
        "type": "科教文化服务;学校;中学",
        "district": "武侯区",
        "weight": 1
      }
    },
    {
      "type": "Feature",
      "geometry": {
        "type": "Point",
        "coordinates": [
          104.038096,
          30.629005
        ]
      },
      "properties": {
        "name": "少儿频道",
        "category": "edu",
        "type": "科教文化服务;科教文化场所;科教文化场所",
        "district": "武侯区",
        "weight": 11
      }
    },
    {
      "type": "Feature",
      "geometry": {
        "type": "Point",
        "coordinates": [
          104.042617,
          30.632456
        ]
      },
      "properties": {
        "name": "星学堂",
        "category": "edu",
        "type": "科教文化服务;培训机构;培训机构",
        "district": "武侯区",
        "weight": 5
      }
    },
    {
      "type": "Feature",
      "geometry": {
        "type": "Point",
        "coordinates": [
          104.036935,
          30.63485
        ]
      },
      "properties": {
        "name": "成都未来学校",
        "category": "edu",
        "type": "科教文化服务;学校;学校",
        "district": "武侯区",
        "weight": 6
      }
    },
    {
      "type": "Feature",
      "geometry": {
        "type": "Point",
        "coordinates": [
          104.039431,
          30.636877
        ]
      },
      "properties": {
        "name": "岷山拉萨大酒店-会议厅",
        "category": "edu",
        "type": "科教文化服务;会展中心;会展中心",
        "district": "武侯区",
        "weight": 1
      }
    },
    {
      "type": "Feature",
      "geometry": {
        "type": "Point",
        "coordinates": [
          104.037178,
          30.63763
        ]
      },
      "properties": {
        "name": "罗浮世家科技实验幼儿园",
        "category": "edu",
        "type": "科教文化服务;学校;幼儿园",
        "district": "武侯区",
        "weight": 2
      }
    },
    {
      "type": "Feature",
      "geometry": {
        "type": "Point",
        "coordinates": [
          104.03851,
          30.63275
        ]
      },
      "properties": {
        "name": "戴氏教育(肖家河沿街)",
        "category": "edu",
        "type": "科教文化服务;培训机构;培训机构|科教文化服务;学校;学校",
        "district": "武侯区",
        "weight": 1
      }
    },
    {
      "type": "Feature",
      "geometry": {
        "type": "Point",
        "coordinates": [
          104.040313,
          30.63373
        ]
      },
      "properties": {
        "name": "炫音艺术",
        "category": "edu",
        "type": "科教文化服务;培训机构;培训机构",
        "district": "武侯区",
        "weight": 2
      }
    },
    {
      "type": "Feature",
      "geometry": {
        "type": "Point",
        "coordinates": [
          104.041093,
          30.634822
        ]
      },
      "properties": {
        "name": "成都社区中医专家研究基地",
        "category": "edu",
        "type": "科教文化服务;科研机构;科研机构",
        "district": "武侯区",
        "weight": 2
      }
    },
    {
      "type": "Feature",
      "geometry": {
        "type": "Point",
        "coordinates": [
          104.03407,
          30.637616
        ]
      },
      "properties": {
        "name": "成都西南儿童自闭症研究院",
        "category": "edu",
        "type": "科教文化服务;科研机构;科研机构",
        "district": "武侯区",
        "weight": 2
      }
    },
    {
      "type": "Feature",
      "geometry": {
        "type": "Point",
        "coordinates": [
          104.046856,
          30.63857
        ]
      },
      "properties": {
        "name": "西南民族大学教务处",
        "category": "edu",
        "type": "科教文化服务;学校;高等院校",
        "district": "武侯区",
        "weight": 9
      }
    },
    {
      "type": "Feature",
      "geometry": {
        "type": "Point",
        "coordinates": [
          104.048972,
          30.635134
        ]
      },
      "properties": {
        "name": "成都墨池学校",
        "category": "edu",
        "type": "科教文化服务;学校;学校",
        "district": "武侯区",
        "weight": 4
      }
    },
    {
      "type": "Feature",
      "geometry": {
        "type": "Point",
        "coordinates": [
          104.05062,
          30.638271
        ]
      },
      "properties": {
        "name": "医学验光",
        "category": "edu",
        "type": "科教文化服务;科教文化场所;科教文化场所",
        "district": "武侯区",
        "weight": 8
      }
    },
    {
      "type": "Feature",
      "geometry": {
        "type": "Point",
        "coordinates": [
          104.052675,
          30.632889
        ]
      },
      "properties": {
        "name": "电大办公室",
        "category": "edu",
        "type": "科教文化服务;科教文化场所;科教文化场所",
        "district": "武侯区",
        "weight": 6
      }
    },
    {
      "type": "Feature",
      "geometry": {
        "type": "Point",
        "coordinates": [
          104.047622,
          30.634222
        ]
      },
      "properties": {
        "name": "四川广播电视大学",
        "category": "edu",
        "type": "科教文化服务;学校;成人教育",
        "district": "武侯区",
        "weight": 4
      }
    },
    {
      "type": "Feature",
      "geometry": {
        "type": "Point",
        "coordinates": [
          104.052582,
          30.635749
        ]
      },
      "properties": {
        "name": "无忧教育",
        "category": "edu",
        "type": "科教文化服务;培训机构;培训机构",
        "district": "武侯区",
        "weight": 9
      }
    },
    {
      "type": "Feature",
      "geometry": {
        "type": "Point",
        "coordinates": [
          104.045834,
          30.629925
        ]
      },
      "properties": {
        "name": "长盛帝都国际酒店-会议厅",
        "category": "edu",
        "type": "科教文化服务;会展中心;会展中心",
        "district": "武侯区",
        "weight": 1
      }
    },
    {
      "type": "Feature",
      "geometry": {
        "type": "Point",
        "coordinates": [
          104.047025,
          30.636618
        ]
      },
      "properties": {
        "name": "川办幼儿园",
        "category": "edu",
        "type": "科教文化服务;学校;幼儿园",
        "district": "武侯区",
        "weight": 1
      }
    },
    {
      "type": "Feature",
      "geometry": {
        "type": "Point",
        "coordinates": [
          104.046197,
          30.632253
        ]
      },
      "properties": {
        "name": "天籁艺术学校",
        "category": "edu",
        "type": "科教文化服务;学校;学校|科教文化服务;培训机构;培训机构",
        "district": "武侯区",
        "weight": 2
      }
    },
    {
      "type": "Feature",
      "geometry": {
        "type": "Point",
        "coordinates": [
          104.048285,
          30.637822
        ]
      },
      "properties": {
        "name": "清河完小",
        "category": "edu",
        "type": "科教文化服务;学校;小学",
        "district": "武侯区",
        "weight": 2
      }
    },
    {
      "type": "Feature",
      "geometry": {
        "type": "Point",
        "coordinates": [
          104.043706,
          30.635652
        ]
      },
      "properties": {
        "name": "永丰社区太极拳辅导站",
        "category": "edu",
        "type": "科教文化服务;培训机构;培训机构",
        "district": "武侯区",
        "weight": 2
      }
    },
    {
      "type": "Feature",
      "geometry": {
        "type": "Point",
        "coordinates": [
          104.049798,
          30.633753
        ]
      },
      "properties": {
        "name": "金万汇幼稚园",
        "category": "edu",
        "type": "科教文化服务;学校;幼儿园",
        "district": "武侯区",
        "weight": 2
      }
    },
    {
      "type": "Feature",
      "geometry": {
        "type": "Point",
        "coordinates": [
          104.053242,
          30.631066
        ]
      },
      "properties": {
        "name": "婷de邬托邦",
        "category": "edu",
        "type": "科教文化服务;培训机构;培训机构",
        "district": "武侯区",
        "weight": 4
      }
    },
    {
      "type": "Feature",
      "geometry": {
        "type": "Point",
        "coordinates": [
          104.044843,
          30.630472
        ]
      },
      "properties": {
        "name": "精灵之舞",
        "category": "edu",
        "type": "科教文化服务;培训机构;培训机构",
        "district": "武侯区",
        "weight": 3
      }
    },
    {
      "type": "Feature",
      "geometry": {
        "type": "Point",
        "coordinates": [
          104.044814,
          30.633032
        ]
      },
      "properties": {
        "name": "刘氏传承书院",
        "category": "edu",
        "type": "科教文化服务;培训机构;培训机构",
        "district": "武侯区",
        "weight": 2
      }
    },
    {
      "type": "Feature",
      "geometry": {
        "type": "Point",
        "coordinates": [
          104.049533,
          30.629777
        ]
      },
      "properties": {
        "name": "四川省教育考试院信访接待室",
        "category": "edu",
        "type": "科教文化服务;科教文化场所;科教文化场所",
        "district": "武侯区",
        "weight": 1
      }
    },
    {
      "type": "Feature",
      "geometry": {
        "type": "Point",
        "coordinates": [
          104.050887,
          30.631344
        ]
      },
      "properties": {
        "name": "芳莆幼儿园",
        "category": "edu",
        "type": "科教文化服务;学校;幼儿园",
        "district": "武侯区",
        "weight": 1
      }
    },
    {
      "type": "Feature",
      "geometry": {
        "type": "Point",
        "coordinates": [
          104.059979,
          30.635195
        ]
      },
      "properties": {
        "name": "新天艺术学校",
        "category": "edu",
        "type": "科教文化服务;学校;职业技术学校|科教文化服务;培训机构;培训机构",
        "district": "武侯区",
        "weight": 14
      }
    },
    {
      "type": "Feature",
      "geometry": {
        "type": "Point",
        "coordinates": [
          104.05653,
          30.635243
        ]
      },
      "properties": {
        "name": "艺术教育",
        "category": "edu",
        "type": "科教文化服务;培训机构;培训机构",
        "district": "武侯区",
        "weight": 20
      }
    },
    {
      "type": "Feature",
      "geometry": {
        "type": "Point",
        "coordinates": [
          104.056518,
          30.638223
        ]
      },
      "properties": {
        "name": "东华幼儿园(小天北街)",
        "category": "edu",
        "type": "科教文化服务;学校;幼儿园",
        "district": "武侯区",
        "weight": 1
      }
    },
    {
      "type": "Feature",
      "geometry": {
        "type": "Point",
        "coordinates": [
          104.060777,
          30.638323
        ]
      },
      "properties": {
        "name": "武侯计算机实验小学",
        "category": "edu",
        "type": "科教文化服务;学校;小学",
        "district": "武侯区",
        "weight": 3
      }
    },
    {
      "type": "Feature",
      "geometry": {
        "type": "Point",
        "coordinates": [
          104.061954,
          30.635114
        ]
      },
      "properties": {
        "name": "天翼羽毛球馆",
        "category": "edu",
        "type": "科教文化服务;培训机构;培训机构",
        "district": "武侯区",
        "weight": 4
      }
    },
    {
      "type": "Feature",
      "geometry": {
        "type": "Point",
        "coordinates": [
          104.05908,
          30.633221
        ]
      },
      "properties": {
        "name": "成都爱萌幼稚园",
        "category": "edu",
        "type": "科教文化服务;学校;幼儿园",
        "district": "武侯区",
        "weight": 1
      }
    },
    {
      "type": "Feature",
      "geometry": {
        "type": "Point",
        "coordinates": [
          104.058703,
          30.630806
        ]
      },
      "properties": {
        "name": "玉林街道玉林北路社区档案室",
        "category": "edu",
        "type": "科教文化服务;档案馆;档案馆",
        "district": "武侯区",
        "weight": 2
      }
    },
    {
      "type": "Feature",
      "geometry": {
        "type": "Point",
        "coordinates": [
          104.06085,
          30.630369
        ]
      },
      "properties": {
        "name": "农行培训学校",
        "category": "edu",
        "type": "科教文化服务;培训机构;培训机构",
        "district": "武侯区",
        "weight": 3
      }
    },
    {
      "type": "Feature",
      "geometry": {
        "type": "Point",
        "coordinates": [
          104.063058,
          30.637436
        ]
      },
      "properties": {
        "name": "西南银屑病研究院",
        "category": "edu",
        "type": "科教文化服务;科研机构;科研机构",
        "district": "武侯区",
        "weight": 2
      }
    },
    {
      "type": "Feature",
      "geometry": {
        "type": "Point",
        "coordinates": [
          104.054942,
          30.638388
        ]
      },
      "properties": {
        "name": "成都舞姿舞蹈俱乐部",
        "category": "edu",
        "type": "科教文化服务;培训机构;培训机构",
        "district": "武侯区",
        "weight": 1
      }
    },
    {
      "type": "Feature",
      "geometry": {
        "type": "Point",
        "coordinates": [
          104.066426,
          30.632171
        ]
      },
      "properties": {
        "name": "亚太教育",
        "category": "edu",
        "type": "科教文化服务;培训机构;培训机构",
        "district": "武侯区",
        "weight": 44
      }
    },
    {
      "type": "Feature",
      "geometry": {
        "type": "Point",
        "coordinates": [
          104.059152,
          30.637776
        ]
      },
      "properties": {
        "name": "金点子",
        "category": "edu",
        "type": "科教文化服务;培训机构;培训机构",
        "district": "武侯区",
        "weight": 2
      }
    },
    {
      "type": "Feature",
      "geometry": {
        "type": "Point",
        "coordinates": [
          104.05879,
          30.639038
        ]
      },
      "properties": {
        "name": "海伦凯勒青少年训练营",
        "category": "edu",
        "type": "科教文化服务;培训机构;培训机构",
        "district": "武侯区",
        "weight": 2
      }
    },
    {
      "type": "Feature",
      "geometry": {
        "type": "Point",
        "coordinates": [
          104.0618,
          30.631851
        ]
      },
      "properties": {
        "name": "成都经财会计职业技能培训学校",
        "category": "edu",
        "type": "科教文化服务;培训机构;培训机构",
        "district": "武侯区",
        "weight": 2
      }
    },
    {
      "type": "Feature",
      "geometry": {
        "type": "Point",
        "coordinates": [
          104.05978,
          30.632547
        ]
      },
      "properties": {
        "name": "玉林村出版社",
        "category": "edu",
        "type": "科教文化服务;传媒机构;出版社",
        "district": "武侯区",
        "weight": 1
      }
    },
    {
      "type": "Feature",
      "geometry": {
        "type": "Point",
        "coordinates": [
          104.070499,
          30.635614
        ]
      },
      "properties": {
        "name": "慧科教育",
        "category": "edu",
        "type": "科教文化服务;培训机构;培训机构",
        "district": "武侯区",
        "weight": 25
      }
    },
    {
      "type": "Feature",
      "geometry": {
        "type": "Point",
        "coordinates": [
          104.06515,
          30.635642
        ]
      },
      "properties": {
        "name": "协创教育",
        "category": "edu",
        "type": "科教文化服务;培训机构;培训机构",
        "district": "武侯区",
        "weight": 33
      }
    },
    {
      "type": "Feature",
      "geometry": {
        "type": "Point",
        "coordinates": [
          104.071264,
          30.632428
        ]
      },
      "properties": {
        "name": "成都广播电视大学",
        "category": "edu",
        "type": "科教文化服务;学校;成人教育",
        "district": "武侯区",
        "weight": 12
      }
    },
    {
      "type": "Feature",
      "geometry": {
        "type": "Point",
        "coordinates": [
          104.073443,
          30.638156
        ]
      },
      "properties": {
        "name": "威纳舞蹈",
        "category": "edu",
        "type": "科教文化服务;培训机构;培训机构",
        "district": "武侯区",
        "weight": 10
      }
    },
    {
      "type": "Feature",
      "geometry": {
        "type": "Point",
        "coordinates": [
          104.068662,
          30.629547
        ]
      },
      "properties": {
        "name": "棕北中学",
        "category": "edu",
        "type": "科教文化服务;学校;中学",
        "district": "武侯区",
        "weight": 1
      }
    },
    {
      "type": "Feature",
      "geometry": {
        "type": "Point",
        "coordinates": [
          104.063699,
          30.638819
        ]
      },
      "properties": {
        "name": "成都师范学院",
        "category": "edu",
        "type": "科教文化服务;学校;高等院校",
        "district": "武侯区",
        "weight": 1
      }
    },
    {
      "type": "Feature",
      "geometry": {
        "type": "Point",
        "coordinates": [
          104.066676,
          30.630209
        ]
      },
      "properties": {
        "name": "四川省科学技术研究成果档案馆",
        "category": "edu",
        "type": "科教文化服务;档案馆;档案馆",
        "district": "武侯区",
        "weight": 2
      }
    },
    {
      "type": "Feature",
      "geometry": {
        "type": "Point",
        "coordinates": [
          104.070125,
          30.638077
        ]
      },
      "properties": {
        "name": "童心亲子园",
        "category": "edu",
        "type": "科教文化服务;学校;幼儿园",
        "district": "武侯区",
        "weight": 3
      }
    },
    {
      "type": "Feature",
      "geometry": {
        "type": "Point",
        "coordinates": [
          104.071264,
          30.629962
        ]
      },
      "properties": {
        "name": "成都市第十一幼儿园棕北园区",
        "category": "edu",
        "type": "科教文化服务;学校;幼儿园",
        "district": "武侯区",
        "weight": 2
      }
    },
    {
      "type": "Feature",
      "geometry": {
        "type": "Point",
        "coordinates": [
          104.082114,
          30.637887
        ]
      },
      "properties": {
        "name": "小学馆",
        "category": "edu",
        "type": "科教文化服务;科教文化场所;科教文化场所",
        "district": "武侯区",
        "weight": 7
      }
    },
    {
      "type": "Feature",
      "geometry": {
        "type": "Point",
        "coordinates": [
          104.075966,
          30.632627
        ]
      },
      "properties": {
        "name": "造价员培训",
        "category": "edu",
        "type": "科教文化服务;培训机构;培训机构",
        "district": "武侯区",
        "weight": 174
      }
    },
    {
      "type": "Feature",
      "geometry": {
        "type": "Point",
        "coordinates": [
          104.076551,
          30.636457
        ]
      },
      "properties": {
        "name": "道德讲堂",
        "category": "edu",
        "type": "科教文化服务;培训机构;培训机构",
        "district": "武侯区",
        "weight": 21
      }
    },
    {
      "type": "Feature",
      "geometry": {
        "type": "Point",
        "coordinates": [
          104.081604,
          30.634772
        ]
      },
      "properties": {
        "name": "四川大学(望江校区)",
        "category": "edu",
        "type": "科教文化服务;学校;高等院校",
        "district": "武侯区",
        "weight": 10
      }
    },
    {
      "type": "Feature",
      "geometry": {
        "type": "Point",
        "coordinates": [
          104.074356,
          30.635348
        ]
      },
      "properties": {
        "name": "四川大学-教育部",
        "category": "edu",
        "type": "科教文化服务;学校;高等院校",
        "district": "武侯区",
        "weight": 13
      }
    },
    {
      "type": "Feature",
      "geometry": {
        "type": "Point",
        "coordinates": [
          104.080497,
          30.638698
        ]
      },
      "properties": {
        "name": "龙门教育",
        "category": "edu",
        "type": "科教文化服务;培训机构;培训机构",
        "district": "武侯区",
        "weight": 10
      }
    },
    {
      "type": "Feature",
      "geometry": {
        "type": "Point",
        "coordinates": [
          104.0814,
          30.631262
        ]
      },
      "properties": {
        "name": "四川大学望江校区体育学院",
        "category": "edu",
        "type": "科教文化服务;学校;高等院校",
        "district": "武侯区",
        "weight": 3
      }
    },
    {
      "type": "Feature",
      "geometry": {
        "type": "Point",
        "coordinates": [
          104.075877,
          30.638985
        ]
      },
      "properties": {
        "name": "四川音乐学院校本部综合楼",
        "category": "edu",
        "type": "科教文化服务;学校;高等院校",
        "district": "武侯区",
        "weight": 6
      }
    },
    {
      "type": "Feature",
      "geometry": {
        "type": "Point",
        "coordinates": [
          104.079691,
          30.631196
        ]
      },
      "properties": {
        "name": "四川大学望江校区第二幼儿园",
        "category": "edu",
        "type": "科教文化服务;学校;幼儿园",
        "district": "武侯区",
        "weight": 2
      }
    },
    {
      "type": "Feature",
      "geometry": {
        "type": "Point",
        "coordinates": [
          104.08068,
          30.630087
        ]
      },
      "properties": {
        "name": "爱乐教室",
        "category": "edu",
        "type": "科教文化服务;培训机构;培训机构",
        "district": "武侯区",
        "weight": 1
      }
    },
    {
      "type": "Feature",
      "geometry": {
        "type": "Point",
        "coordinates": [
          104.079437,
          30.629421
        ]
      },
      "properties": {
        "name": "四川大学望江校区(南门)",
        "category": "edu",
        "type": "科教文化服务;学校;高等院校|通行设施;临街院门;临街院门",
        "district": "武侯区",
        "weight": 2
      }
    },
    {
      "type": "Feature",
      "geometry": {
        "type": "Point",
        "coordinates": [
          104.087823,
          30.635
        ]
      },
      "properties": {
        "name": "竹文化陈列馆",
        "category": "edu",
        "type": "科教文化服务;展览馆;展览馆",
        "district": "武侯区",
        "weight": 119
      }
    },
    {
      "type": "Feature",
      "geometry": {
        "type": "Point",
        "coordinates": [
          104.084683,
          30.634007
        ]
      },
      "properties": {
        "name": "天府数学杂志社",
        "category": "edu",
        "type": "科教文化服务;传媒机构;杂志社",
        "district": "武侯区",
        "weight": 52
      }
    },
    {
      "type": "Feature",
      "geometry": {
        "type": "Point",
        "coordinates": [
          104.084617,
          30.635633
        ]
      },
      "properties": {
        "name": "四川大学望江校区艺术学院",
        "category": "edu",
        "type": "科教文化服务;学校;高等院校",
        "district": "武侯区",
        "weight": 3
      }
    },
    {
      "type": "Feature",
      "geometry": {
        "type": "Point",
        "coordinates": [
          104.084032,
          30.637462
        ]
      },
      "properties": {
        "name": "四川省成都市第十二中学",
        "category": "edu",
        "type": "科教文化服务;学校;中学",
        "district": "武侯区",
        "weight": 1
      }
    },
    {
      "type": "Feature",
      "geometry": {
        "type": "Point",
        "coordinates": [
          104.092282,
          30.633558
        ]
      },
      "properties": {
        "name": "成都市田家炳中学",
        "category": "edu",
        "type": "科教文化服务;学校;中学",
        "district": "锦江区",
        "weight": 1
      }
    },
    {
      "type": "Feature",
      "geometry": {
        "type": "Point",
        "coordinates": [
          104.083863,
          30.638675
        ]
      },
      "properties": {
        "name": "四川大学-附属中学",
        "category": "edu",
        "type": "科教文化服务;学校;中学",
        "district": "武侯区",
        "weight": 1
      }
    },
    {
      "type": "Feature",
      "geometry": {
        "type": "Point",
        "coordinates": [
          104.087851,
          30.629846
        ]
      },
      "properties": {
        "name": "成都薛涛研究会",
        "category": "edu",
        "type": "科教文化服务;科研机构;科研机构",
        "district": "武侯区",
        "weight": 2
      }
    },
    {
      "type": "Feature",
      "geometry": {
        "type": "Point",
        "coordinates": [
          104.092784,
          30.635217
        ]
      },
      "properties": {
        "name": "院史馆",
        "category": "edu",
        "type": "科教文化服务;科教文化场所;科教文化场所",
        "district": "锦江区",
        "weight": 1
      }
    },
    {
      "type": "Feature",
      "geometry": {
        "type": "Point",
        "coordinates": [
          104.096553,
          30.637618
        ]
      },
      "properties": {
        "name": "爱莲学堂",
        "category": "edu",
        "type": "科教文化服务;培训机构;培训机构",
        "district": "锦江区",
        "weight": 10
      }
    },
    {
      "type": "Feature",
      "geometry": {
        "type": "Point",
        "coordinates": [
          104.102153,
          30.637796
        ]
      },
      "properties": {
        "name": "汇蓉嘉瑞文化传播有限公司",
        "category": "edu",
        "type": "科教文化服务;传媒机构;传媒机构",
        "district": "锦江区",
        "weight": 1
      }
    },
    {
      "type": "Feature",
      "geometry": {
        "type": "Point",
        "coordinates": [
          104.094577,
          30.637622
        ]
      },
      "properties": {
        "name": "大千教育青少年文化艺术中心(莲桂教学区)",
        "category": "edu",
        "type": "科教文化服务;培训机构;培训机构",
        "district": "锦江区",
        "weight": 1
      }
    },
    {
      "type": "Feature",
      "geometry": {
        "type": "Point",
        "coordinates": [
          104.095001,
          30.630616
        ]
      },
      "properties": {
        "name": "启智教育",
        "category": "edu",
        "type": "科教文化服务;培训机构;培训机构",
        "district": "锦江区",
        "weight": 6
      }
    },
    {
      "type": "Feature",
      "geometry": {
        "type": "Point",
        "coordinates": [
          104.094638,
          30.638696
        ]
      },
      "properties": {
        "name": "盐道街小学",
        "category": "edu",
        "type": "科教文化服务;学校;小学",
        "district": "锦江区",
        "weight": 2
      }
    },
    {
      "type": "Feature",
      "geometry": {
        "type": "Point",
        "coordinates": [
          104.097731,
          30.636697
        ]
      },
      "properties": {
        "name": "四川师大附中初中部",
        "category": "edu",
        "type": "科教文化服务;学校;中学",
        "district": "锦江区",
        "weight": 1
      }
    },
    {
      "type": "Feature",
      "geometry": {
        "type": "Point",
        "coordinates": [
          104.09398,
          30.634416
        ]
      },
      "properties": {
        "name": "成都十九中",
        "category": "edu",
        "type": "科教文化服务;学校;中学",
        "district": "锦江区",
        "weight": 2
      }
    },
    {
      "type": "Feature",
      "geometry": {
        "type": "Point",
        "coordinates": [
          104.103452,
          30.629723
        ]
      },
      "properties": {
        "name": "四川省畜牧科学研究院",
        "category": "edu",
        "type": "科教文化服务;科研机构;科研机构",
        "district": "锦江区",
        "weight": 3
      }
    },
    {
      "type": "Feature",
      "geometry": {
        "type": "Point",
        "coordinates": [
          104.096448,
          30.633226
        ]
      },
      "properties": {
        "name": "就好宣传中心",
        "category": "edu",
        "type": "科教文化服务;传媒机构;传媒机构",
        "district": "锦江区",
        "weight": 10
      }
    },
    {
      "type": "Feature",
      "geometry": {
        "type": "Point",
        "coordinates": [
          104.09674,
          30.629619
        ]
      },
      "properties": {
        "name": "西南华西胎记研究院",
        "category": "edu",
        "type": "科教文化服务;科研机构;科研机构",
        "district": "锦江区",
        "weight": 6
      }
    },
    {
      "type": "Feature",
      "geometry": {
        "type": "Point",
        "coordinates": [
          104.095665,
          30.632325
        ]
      },
      "properties": {
        "name": "龙舟社区幼儿园",
        "category": "edu",
        "type": "科教文化服务;学校;幼儿园",
        "district": "锦江区",
        "weight": 1
      }
    },
    {
      "type": "Feature",
      "geometry": {
        "type": "Point",
        "coordinates": [
          104.09766,
          30.635255
        ]
      },
      "properties": {
        "name": "奇伟画室",
        "category": "edu",
        "type": "科教文化服务;培训机构;培训机构",
        "district": "锦江区",
        "weight": 9
      }
    },
    {
      "type": "Feature",
      "geometry": {
        "type": "Point",
        "coordinates": [
          104.094302,
          30.62941
        ]
      },
      "properties": {
        "name": "成都市锦江区青少年宫(龙舟南街)",
        "category": "edu",
        "type": "科教文化服务;文化宫;文化宫",
        "district": "锦江区",
        "weight": 1
      }
    },
    {
      "type": "Feature",
      "geometry": {
        "type": "Point",
        "coordinates": [
          104.099536,
          30.634507
        ]
      },
      "properties": {
        "name": "核工业西南勘察设计研究院",
        "category": "edu",
        "type": "科教文化服务;科研机构;科研机构",
        "district": "锦江区",
        "weight": 2
      }
    },
    {
      "type": "Feature",
      "geometry": {
        "type": "Point",
        "coordinates": [
          104.098344,
          30.630221
        ]
      },
      "properties": {
        "name": "华西都市报",
        "category": "edu",
        "type": "科教文化服务;科教文化场所;科教文化场所",
        "district": "锦江区",
        "weight": 1
      }
    },
    {
      "type": "Feature",
      "geometry": {
        "type": "Point",
        "coordinates": [
          104.101885,
          30.634115
        ]
      },
      "properties": {
        "name": "精锐教育(成都锦江学习中心)",
        "category": "edu",
        "type": "科教文化服务;科教文化场所;科教文化场所",
        "district": "锦江区",
        "weight": 2
      }
    },
    {
      "type": "Feature",
      "geometry": {
        "type": "Point",
        "coordinates": [
          104.102272,
          30.629928
        ]
      },
      "properties": {
        "name": "五福桥社区学堂",
        "category": "edu",
        "type": "科教文化服务;培训机构;培训机构",
        "district": "锦江区",
        "weight": 2
      }
    },
    {
      "type": "Feature",
      "geometry": {
        "type": "Point",
        "coordinates": [
          104.096004,
          30.63584
        ]
      },
      "properties": {
        "name": "易优学堂",
        "category": "edu",
        "type": "科教文化服务;培训机构;培训机构",
        "district": "锦江区",
        "weight": 2
      }
    },
    {
      "type": "Feature",
      "geometry": {
        "type": "Point",
        "coordinates": [
          104.100602,
          30.638077
        ]
      },
      "properties": {
        "name": "柳橙教育",
        "category": "edu",
        "type": "科教文化服务;培训机构;培训机构",
        "district": "锦江区",
        "weight": 3
      }
    },
    {
      "type": "Feature",
      "geometry": {
        "type": "Point",
        "coordinates": [
          104.096198,
          30.634923
        ]
      },
      "properties": {
        "name": "浩浩学习(莲桂南路)",
        "category": "edu",
        "type": "科教文化服务;培训机构;培训机构",
        "district": "锦江区",
        "weight": 1
      }
    },
    {
      "type": "Feature",
      "geometry": {
        "type": "Point",
        "coordinates": [
          104.107213,
          30.637985
        ]
      },
      "properties": {
        "name": "天才宝贝(锦江中心)",
        "category": "edu",
        "type": "科教文化服务;培训机构;培训机构",
        "district": "锦江区",
        "weight": 3
      }
    },
    {
      "type": "Feature",
      "geometry": {
        "type": "Point",
        "coordinates": [
          104.104458,
          30.634051
        ]
      },
      "properties": {
        "name": "成都市七中实验",
        "category": "edu",
        "type": "科教文化服务;科教文化场所;科教文化场所",
        "district": "锦江区",
        "weight": 2
      }
    },
    {
      "type": "Feature",
      "geometry": {
        "type": "Point",
        "coordinates": [
          104.105355,
          30.635174
        ]
      },
      "properties": {
        "name": "文轩YOYO国际幼稚园",
        "category": "edu",
        "type": "科教文化服务;学校;幼儿园",
        "district": "锦江区",
        "weight": 1
      }
    },
    {
      "type": "Feature",
      "geometry": {
        "type": "Point",
        "coordinates": [
          104.107484,
          30.634657
        ]
      },
      "properties": {
        "name": "弘韵飞乐",
        "category": "edu",
        "type": "科教文化服务;培训机构;培训机构",
        "district": "锦江区",
        "weight": 2
      }
    },
    {
      "type": "Feature",
      "geometry": {
        "type": "Point",
        "coordinates": [
          104.109235,
          30.633491
        ]
      },
      "properties": {
        "name": "星艺美教育",
        "category": "edu",
        "type": "科教文化服务;培训机构;培训机构",
        "district": "锦江区",
        "weight": 1
      }
    },
    {
      "type": "Feature",
      "geometry": {
        "type": "Point",
        "coordinates": [
          104.103956,
          30.632396
        ]
      },
      "properties": {
        "name": "爱舞·舞蹈培训中心",
        "category": "edu",
        "type": "科教文化服务;培训机构;培训机构",
        "district": "锦江区",
        "weight": 4
      }
    },
    {
      "type": "Feature",
      "geometry": {
        "type": "Point",
        "coordinates": [
          104.10661,
          30.631932
        ]
      },
      "properties": {
        "name": "锦江区青年大学生公共卫生创业就业实训基地",
        "category": "edu",
        "type": "科教文化服务;科教文化场所;科教文化场所",
        "district": "锦江区",
        "weight": 1
      }
    },
    {
      "type": "Feature",
      "geometry": {
        "type": "Point",
        "coordinates": [
          104.107013,
          30.633049
        ]
      },
      "properties": {
        "name": "成都师范附属小学慧源校区",
        "category": "edu",
        "type": "科教文化服务;学校;小学",
        "district": "锦江区",
        "weight": 1
      }
    },
    {
      "type": "Feature",
      "geometry": {
        "type": "Point",
        "coordinates": [
          104.108449,
          30.632243
        ]
      },
      "properties": {
        "name": "成都格林威教育(澳龙名城校区店)",
        "category": "edu",
        "type": "科教文化服务;培训机构;培训机构",
        "district": "锦江区",
        "weight": 1
      }
    },
    {
      "type": "Feature",
      "geometry": {
        "type": "Point",
        "coordinates": [
          104.115751,
          30.633334
        ]
      },
      "properties": {
        "name": "新亚艺术学校",
        "category": "edu",
        "type": "科教文化服务;学校;学校",
        "district": "锦江区",
        "weight": 11
      }
    },
    {
      "type": "Feature",
      "geometry": {
        "type": "Point",
        "coordinates": [
          104.116211,
          30.638851
        ]
      },
      "properties": {
        "name": "成都市第三幼儿园国际新城园区",
        "category": "edu",
        "type": "科教文化服务;学校;幼儿园",
        "district": "锦江区",
        "weight": 1
      }
    },
    {
      "type": "Feature",
      "geometry": {
        "type": "Point",
        "coordinates": [
          104.12143,
          30.63697
        ]
      },
      "properties": {
        "name": "阳光艺术团",
        "category": "edu",
        "type": "科教文化服务;文艺团体;文艺团体",
        "district": "锦江区",
        "weight": 1
      }
    },
    {
      "type": "Feature",
      "geometry": {
        "type": "Point",
        "coordinates": [
          104.15138,
          30.631858
        ]
      },
      "properties": {
        "name": "夏天美术",
        "category": "edu",
        "type": "科教文化服务;培训机构;培训机构",
        "district": "成华区",
        "weight": 12
      }
    },
    {
      "type": "Feature",
      "geometry": {
        "type": "Point",
        "coordinates": [
          104.145974,
          30.634008
        ]
      },
      "properties": {
        "name": "望梦圆教育",
        "category": "edu",
        "type": "科教文化服务;培训机构;培训机构",
        "district": "成华区",
        "weight": 2
      }
    },
    {
      "type": "Feature",
      "geometry": {
        "type": "Point",
        "coordinates": [
          104.149152,
          30.629969
        ]
      },
      "properties": {
        "name": "尚沃学校",
        "category": "edu",
        "type": "科教文化服务;学校;学校",
        "district": "成华区",
        "weight": 6
      }
    },
    {
      "type": "Feature",
      "geometry": {
        "type": "Point",
        "coordinates": [
          104.146763,
          30.634977
        ]
      },
      "properties": {
        "name": "成都帝杰文化传播有限公司",
        "category": "edu",
        "type": "科教文化服务;科教文化场所;科教文化场所",
        "district": "成华区",
        "weight": 1
      }
    },
    {
      "type": "Feature",
      "geometry": {
        "type": "Point",
        "coordinates": [
          104.14986,
          30.631176
        ]
      },
      "properties": {
        "name": "成都树德小学",
        "category": "edu",
        "type": "科教文化服务;学校;小学",
        "district": "成华区",
        "weight": 3
      }
    },
    {
      "type": "Feature",
      "geometry": {
        "type": "Point",
        "coordinates": [
          104.14371,
          30.634264
        ]
      },
      "properties": {
        "name": "蓉城小学",
        "category": "edu",
        "type": "科教文化服务;学校;小学",
        "district": "成华区",
        "weight": 2
      }
    },
    {
      "type": "Feature",
      "geometry": {
        "type": "Point",
        "coordinates": [
          104.152812,
          30.629732
        ]
      },
      "properties": {
        "name": "蓝图艺术",
        "category": "edu",
        "type": "科教文化服务;美术馆;美术馆",
        "district": "成华区",
        "weight": 3
      }
    },
    {
      "type": "Feature",
      "geometry": {
        "type": "Point",
        "coordinates": [
          104.15002,
          30.639114
        ]
      },
      "properties": {
        "name": "成都市检查井盖研发和培训基地",
        "category": "edu",
        "type": "科教文化服务;科研机构;科研机构",
        "district": "成华区",
        "weight": 1
      }
    },
    {
      "type": "Feature",
      "geometry": {
        "type": "Point",
        "coordinates": [
          104.145112,
          30.63509
        ]
      },
      "properties": {
        "name": "成艺艺术培训中心",
        "category": "edu",
        "type": "科教文化服务;培训机构;培训机构",
        "district": "成华区",
        "weight": 1
      }
    },
    {
      "type": "Feature",
      "geometry": {
        "type": "Point",
        "coordinates": [
          104.150912,
          30.629148
        ]
      },
      "properties": {
        "name": "心灵益栈",
        "category": "edu",
        "type": "科教文化服务;培训机构;培训机构",
        "district": "成华区",
        "weight": 14
      }
    },
    {
      "type": "Feature",
      "geometry": {
        "type": "Point",
        "coordinates": [
          104.1492,
          30.633193
        ]
      },
      "properties": {
        "name": "宏图腾少儿教育(和美西路)",
        "category": "edu",
        "type": "科教文化服务;培训机构;培训机构",
        "district": "成华区",
        "weight": 1
      }
    },
    {
      "type": "Feature",
      "geometry": {
        "type": "Point",
        "coordinates": [
          104.153139,
          30.632408
        ]
      },
      "properties": {
        "name": "小步亲子阅读中心",
        "category": "edu",
        "type": "科教文化服务;科教文化场所;科教文化场所",
        "district": "成华区",
        "weight": 1
      }
    },
    {
      "type": "Feature",
      "geometry": {
        "type": "Point",
        "coordinates": [
          104.159055,
          30.634683
        ]
      },
      "properties": {
        "name": "苗苗幼儿园(芙蓉社区西北)",
        "category": "edu",
        "type": "科教文化服务;学校;幼儿园",
        "district": "成华区",
        "weight": 1
      }
    },
    {
      "type": "Feature",
      "geometry": {
        "type": "Point",
        "coordinates": [
          104.154271,
          30.632423
        ]
      },
      "properties": {
        "name": "成都市第四十九中学分校(建设中)",
        "category": "edu",
        "type": "科教文化服务;学校;中学",
        "district": "成华区",
        "weight": 1
      }
    },
    {
      "type": "Feature",
      "geometry": {
        "type": "Point",
        "coordinates": [
          104.157155,
          30.630511
        ]
      },
      "properties": {
        "name": "英宝贝",
        "category": "edu",
        "type": "科教文化服务;培训机构;培训机构",
        "district": "成华区",
        "weight": 1
      }
    },
    {
      "type": "Feature",
      "geometry": {
        "type": "Point",
        "coordinates": [
          103.969041,
          30.624312
        ]
      },
      "properties": {
        "name": "童心幼儿园",
        "category": "edu",
        "type": "科教文化服务;学校;幼儿园",
        "district": "武侯区",
        "weight": 1
      }
    },
    {
      "type": "Feature",
      "geometry": {
        "type": "Point",
        "coordinates": [
          103.966196,
          30.626153
        ]
      },
      "properties": {
        "name": "红苹果幼儿园",
        "category": "edu",
        "type": "科教文化服务;学校;幼儿园",
        "district": "武侯区",
        "weight": 1
      }
    },
    {
      "type": "Feature",
      "geometry": {
        "type": "Point",
        "coordinates": [
          103.973592,
          30.629206
        ]
      },
      "properties": {
        "name": "四川省工业环境监测研究院(武科西三路)",
        "category": "edu",
        "type": "科教文化服务;科研机构;科研机构",
        "district": "武侯区",
        "weight": 2
      }
    },
    {
      "type": "Feature",
      "geometry": {
        "type": "Point",
        "coordinates": [
          103.971238,
          30.622148
        ]
      },
      "properties": {
        "name": "姿博艺术学校",
        "category": "edu",
        "type": "科教文化服务;培训机构;培训机构",
        "district": "武侯区",
        "weight": 1
      }
    },
    {
      "type": "Feature",
      "geometry": {
        "type": "Point",
        "coordinates": [
          103.968609,
          30.627252
        ]
      },
      "properties": {
        "name": "金花桥街道总工会职工技能派中派培训点",
        "category": "edu",
        "type": "科教文化服务;科教文化场所;科教文化场所",
        "district": "武侯区",
        "weight": 1
      }
    },
    {
      "type": "Feature",
      "geometry": {
        "type": "Point",
        "coordinates": [
          103.964409,
          30.620933
        ]
      },
      "properties": {
        "name": "成都双凤职业技能培训学校",
        "category": "edu",
        "type": "科教文化服务;学校;职业技术学校",
        "district": "武侯区",
        "weight": 1
      }
    },
    {
      "type": "Feature",
      "geometry": {
        "type": "Point",
        "coordinates": [
          103.974329,
          30.625868
        ]
      },
      "properties": {
        "name": "成都明德博学文化艺术中心",
        "category": "edu",
        "type": "科教文化服务;培训机构;培训机构",
        "district": "武侯区",
        "weight": 1
      }
    },
    {
      "type": "Feature",
      "geometry": {
        "type": "Point",
        "coordinates": [
          103.981274,
          30.628024
        ]
      },
      "properties": {
        "name": "北京协同共享文化传播有限公司成都办事处",
        "category": "edu",
        "type": "科教文化服务;科教文化场所;科教文化场所",
        "district": "武侯区",
        "weight": 1
      }
    },
    {
      "type": "Feature",
      "geometry": {
        "type": "Point",
        "coordinates": [
          103.975991,
          30.625706
        ]
      },
      "properties": {
        "name": "西南干线交通会议中心",
        "category": "edu",
        "type": "科教文化服务;会展中心;会展中心",
        "district": "武侯区",
        "weight": 2
      }
    },
    {
      "type": "Feature",
      "geometry": {
        "type": "Point",
        "coordinates": [
          103.991995,
          30.625666
        ]
      },
      "properties": {
        "name": "呱呱童画",
        "category": "edu",
        "type": "科教文化服务;培训机构;培训机构",
        "district": "武侯区",
        "weight": 5
      }
    },
    {
      "type": "Feature",
      "geometry": {
        "type": "Point",
        "coordinates": [
          103.985175,
          30.626238
        ]
      },
      "properties": {
        "name": "农银大学",
        "category": "edu",
        "type": "科教文化服务;学校;高等院校",
        "district": "武侯区",
        "weight": 3
      }
    },
    {
      "type": "Feature",
      "geometry": {
        "type": "Point",
        "coordinates": [
          103.984353,
          30.620169
        ]
      },
      "properties": {
        "name": "武顺街小学",
        "category": "edu",
        "type": "科教文化服务;学校;小学",
        "district": "武侯区",
        "weight": 1
      }
    },
    {
      "type": "Feature",
      "geometry": {
        "type": "Point",
        "coordinates": [
          103.985648,
          30.623829
        ]
      },
      "properties": {
        "name": "维也纳艺术中心",
        "category": "edu",
        "type": "科教文化服务;美术馆;美术馆|科教文化服务;培训机构;培训机构",
        "district": "武侯区",
        "weight": 1
      }
    },
    {
      "type": "Feature",
      "geometry": {
        "type": "Point",
        "coordinates": [
          103.989838,
          30.624406
        ]
      },
      "properties": {
        "name": "新蒙幼儿园",
        "category": "edu",
        "type": "科教文化服务;学校;幼儿园",
        "district": "武侯区",
        "weight": 1
      }
    },
    {
      "type": "Feature",
      "geometry": {
        "type": "Point",
        "coordinates": [
          103.988576,
          30.624189
        ]
      },
      "properties": {
        "name": "新蒙私塾园",
        "category": "edu",
        "type": "科教文化服务;培训机构;培训机构",
        "district": "武侯区",
        "weight": 1
      }
    },
    {
      "type": "Feature",
      "geometry": {
        "type": "Point",
        "coordinates": [
          103.991006,
          30.627796
        ]
      },
      "properties": {
        "name": "成都彩虹集团研究所",
        "category": "edu",
        "type": "科教文化服务;科研机构;科研机构",
        "district": "武侯区",
        "weight": 1
      }
    },
    {
      "type": "Feature",
      "geometry": {
        "type": "Point",
        "coordinates": [
          103.997364,
          30.628553
        ]
      },
      "properties": {
        "name": "哈佛之星幼稚园",
        "category": "edu",
        "type": "科教文化服务;学校;幼儿园",
        "district": "武侯区",
        "weight": 3
      }
    },
    {
      "type": "Feature",
      "geometry": {
        "type": "Point",
        "coordinates": [
          104.003485,
          30.621479
        ]
      },
      "properties": {
        "name": "成都市武侯区蓝天幼儿园(太平园西路)",
        "category": "edu",
        "type": "科教文化服务;学校;幼儿园",
        "district": "武侯区",
        "weight": 1
      }
    },
    {
      "type": "Feature",
      "geometry": {
        "type": "Point",
        "coordinates": [
          104.001224,
          30.62188
        ]
      },
      "properties": {
        "name": "成都市第五十七实验学校(西区)",
        "category": "edu",
        "type": "科教文化服务;学校;小学",
        "district": "武侯区",
        "weight": 1
      }
    },
    {
      "type": "Feature",
      "geometry": {
        "type": "Point",
        "coordinates": [
          104.006425,
          30.625203
        ]
      },
      "properties": {
        "name": "成都青弥文化传播有限公司",
        "category": "edu",
        "type": "科教文化服务;传媒机构;传媒机构",
        "district": "武侯区",
        "weight": 2
      }
    },
    {
      "type": "Feature",
      "geometry": {
        "type": "Point",
        "coordinates": [
          104.011642,
          30.622882
        ]
      },
      "properties": {
        "name": "西南民族大学太平园校区",
        "category": "edu",
        "type": "科教文化服务;学校;高等院校",
        "district": "武侯区",
        "weight": 2
      }
    },
    {
      "type": "Feature",
      "geometry": {
        "type": "Point",
        "coordinates": [
          104.011882,
          30.625633
        ]
      },
      "properties": {
        "name": "成都市第五十七实验学校",
        "category": "edu",
        "type": "科教文化服务;学校;小学",
        "district": "武侯区",
        "weight": 1
      }
    },
    {
      "type": "Feature",
      "geometry": {
        "type": "Point",
        "coordinates": [
          104.003853,
          30.624006
        ]
      },
      "properties": {
        "name": "百草园小学",
        "category": "edu",
        "type": "科教文化服务;学校;小学",
        "district": "武侯区",
        "weight": 2
      }
    },
    {
      "type": "Feature",
      "geometry": {
        "type": "Point",
        "coordinates": [
          104.009364,
          30.627564
        ]
      },
      "properties": {
        "name": "灰姑娘国际儿童艺术中心",
        "category": "edu",
        "type": "科教文化服务;美术馆;美术馆",
        "district": "武侯区",
        "weight": 2
      }
    },
    {
      "type": "Feature",
      "geometry": {
        "type": "Point",
        "coordinates": [
          104.009744,
          30.619773
        ]
      },
      "properties": {
        "name": "博睿电视墙",
        "category": "edu",
        "type": "科教文化服务;科教文化场所;科教文化场所",
        "district": "武侯区",
        "weight": 1
      }
    },
    {
      "type": "Feature",
      "geometry": {
        "type": "Point",
        "coordinates": [
          104.01168,
          30.626656
        ]
      },
      "properties": {
        "name": "歆歆幼儿园总园",
        "category": "edu",
        "type": "科教文化服务;学校;幼儿园",
        "district": "武侯区",
        "weight": 1
      }
    },
    {
      "type": "Feature",
      "geometry": {
        "type": "Point",
        "coordinates": [
          104.020109,
          30.62809
        ]
      },
      "properties": {
        "name": "成都迪凡文化传播有限公司",
        "category": "edu",
        "type": "科教文化服务;科教文化场所;科教文化场所",
        "district": "武侯区",
        "weight": 1
      }
    },
    {
      "type": "Feature",
      "geometry": {
        "type": "Point",
        "coordinates": [
          104.021008,
          30.629083
        ]
      },
      "properties": {
        "name": "波尔菲特酒店-会议厅",
        "category": "edu",
        "type": "科教文化服务;会展中心;会展中心",
        "district": "武侯区",
        "weight": 2
      }
    },
    {
      "type": "Feature",
      "geometry": {
        "type": "Point",
        "coordinates": [
          104.014165,
          30.623409
        ]
      },
      "properties": {
        "name": "西南民族大学-继续教育学院",
        "category": "edu",
        "type": "科教文化服务;学校;成人教育",
        "district": "武侯区",
        "weight": 1
      }
    },
    {
      "type": "Feature",
      "geometry": {
        "type": "Point",
        "coordinates": [
          104.023058,
          30.623901
        ]
      },
      "properties": {
        "name": "四川省减灾中心",
        "category": "edu",
        "type": "科教文化服务;科研机构;科研机构",
        "district": "武侯区",
        "weight": 1
      }
    },
    {
      "type": "Feature",
      "geometry": {
        "type": "Point",
        "coordinates": [
          104.03048,
          30.626156
        ]
      },
      "properties": {
        "name": "国际私塾",
        "category": "edu",
        "type": "科教文化服务;培训机构;培训机构",
        "district": "武侯区",
        "weight": 7
      }
    },
    {
      "type": "Feature",
      "geometry": {
        "type": "Point",
        "coordinates": [
          104.024442,
          30.625649
        ]
      },
      "properties": {
        "name": "圣迪幼儿园",
        "category": "edu",
        "type": "科教文化服务;学校;幼儿园",
        "district": "武侯区",
        "weight": 3
      }
    },
    {
      "type": "Feature",
      "geometry": {
        "type": "Point",
        "coordinates": [
          104.027554,
          30.628234
        ]
      },
      "properties": {
        "name": "四川中医高等专科学校",
        "category": "edu",
        "type": "科教文化服务;学校;高等院校",
        "district": "武侯区",
        "weight": 4
      }
    },
    {
      "type": "Feature",
      "geometry": {
        "type": "Point",
        "coordinates": [
          104.028506,
          30.62267
        ]
      },
      "properties": {
        "name": "福善莲根禅文化艺术馆",
        "category": "edu",
        "type": "科教文化服务;美术馆;美术馆",
        "district": "武侯区",
        "weight": 1
      }
    },
    {
      "type": "Feature",
      "geometry": {
        "type": "Point",
        "coordinates": [
          104.030261,
          30.621111
        ]
      },
      "properties": {
        "name": "华西科研基地",
        "category": "edu",
        "type": "科教文化服务;科教文化场所;科教文化场所",
        "district": "武侯区",
        "weight": 7
      }
    },
    {
      "type": "Feature",
      "geometry": {
        "type": "Point",
        "coordinates": [
          104.043267,
          30.625675
        ]
      },
      "properties": {
        "name": "道恩文化传播有限公司",
        "category": "edu",
        "type": "科教文化服务;科教文化场所;科教文化场所",
        "district": "武侯区",
        "weight": 1
      }
    },
    {
      "type": "Feature",
      "geometry": {
        "type": "Point",
        "coordinates": [
          104.034863,
          30.62799
        ]
      },
      "properties": {
        "name": "阳光美语",
        "category": "edu",
        "type": "科教文化服务;培训机构;培训机构",
        "district": "武侯区",
        "weight": 7
      }
    },
    {
      "type": "Feature",
      "geometry": {
        "type": "Point",
        "coordinates": [
          104.040756,
          30.625426
        ]
      },
      "properties": {
        "name": "中国电子科技集团公司第三十研究所",
        "category": "edu",
        "type": "科教文化服务;科研机构;科研机构",
        "district": "武侯区",
        "weight": 1
      }
    },
    {
      "type": "Feature",
      "geometry": {
        "type": "Point",
        "coordinates": [
          104.035101,
          30.621739
        ]
      },
      "properties": {
        "name": "四川广电",
        "category": "edu",
        "type": "科教文化服务;科教文化场所;科教文化场所",
        "district": "武侯区",
        "weight": 5
      }
    },
    {
      "type": "Feature",
      "geometry": {
        "type": "Point",
        "coordinates": [
          104.038545,
          30.627032
        ]
      },
      "properties": {
        "name": "精密激光聚变研究中心",
        "category": "edu",
        "type": "科教文化服务;科教文化场所;科教文化场所",
        "district": "武侯区",
        "weight": 2
      }
    },
    {
      "type": "Feature",
      "geometry": {
        "type": "Point",
        "coordinates": [
          104.04306,
          30.629066
        ]
      },
      "properties": {
        "name": "联谊社区图书室",
        "category": "edu",
        "type": "科教文化服务;图书馆;图书馆",
        "district": "武侯区",
        "weight": 2
      }
    },
    {
      "type": "Feature",
      "geometry": {
        "type": "Point",
        "coordinates": [
          104.036969,
          30.61994
        ]
      },
      "properties": {
        "name": "诺亚方舟-会议厅",
        "category": "edu",
        "type": "科教文化服务;会展中心;会展中心",
        "district": "武侯区",
        "weight": 1
      }
    },
    {
      "type": "Feature",
      "geometry": {
        "type": "Point",
        "coordinates": [
          104.042114,
          30.62641
        ]
      },
      "properties": {
        "name": "中国美网美术馆",
        "category": "edu",
        "type": "科教文化服务;美术馆;美术馆",
        "district": "武侯区",
        "weight": 2
      }
    },
    {
      "type": "Feature",
      "geometry": {
        "type": "Point",
        "coordinates": [
          104.043341,
          30.622832
        ]
      },
      "properties": {
        "name": "学大教育",
        "category": "edu",
        "type": "科教文化服务;培训机构;培训机构",
        "district": "武侯区",
        "weight": 15
      }
    },
    {
      "type": "Feature",
      "geometry": {
        "type": "Point",
        "coordinates": [
          104.034649,
          30.619543
        ]
      },
      "properties": {
        "name": "四川明信钾盐技术研究院",
        "category": "edu",
        "type": "科教文化服务;科研机构;科研机构",
        "district": "武侯区",
        "weight": 1
      }
    },
    {
      "type": "Feature",
      "geometry": {
        "type": "Point",
        "coordinates": [
          104.040197,
          30.622878
        ]
      },
      "properties": {
        "name": "峨眉电影频道",
        "category": "edu",
        "type": "科教文化服务;科教文化场所;科教文化场所",
        "district": "武侯区",
        "weight": 3
      }
    },
    {
      "type": "Feature",
      "geometry": {
        "type": "Point",
        "coordinates": [
          104.041415,
          30.620357
        ]
      },
      "properties": {
        "name": "播澜儿童艺术创想",
        "category": "edu",
        "type": "科教文化服务;科教文化场所;科教文化场所",
        "district": "武侯区",
        "weight": 2
      }
    },
    {
      "type": "Feature",
      "geometry": {
        "type": "Point",
        "coordinates": [
          104.036613,
          30.624224
        ]
      },
      "properties": {
        "name": "达内教育",
        "category": "edu",
        "type": "科教文化服务;培训机构;培训机构",
        "district": "武侯区",
        "weight": 1
      }
    },
    {
      "type": "Feature",
      "geometry": {
        "type": "Point",
        "coordinates": [
          104.042792,
          30.620137
        ]
      },
      "properties": {
        "name": "i2国际私塾(紫荆西路)",
        "category": "edu",
        "type": "科教文化服务;培训机构;培训机构",
        "district": "武侯区",
        "weight": 1
      }
    },
    {
      "type": "Feature",
      "geometry": {
        "type": "Point",
        "coordinates": [
          104.033798,
          30.626496
        ]
      },
      "properties": {
        "name": "江西省交通设计院成都分公司",
        "category": "edu",
        "type": "科教文化服务;科教文化场所;科教文化场所",
        "district": "武侯区",
        "weight": 1
      }
    },
    {
      "type": "Feature",
      "geometry": {
        "type": "Point",
        "coordinates": [
          104.035119,
          30.623742
        ]
      },
      "properties": {
        "name": "成都倍特药业研发中心",
        "category": "edu",
        "type": "科教文化服务;科教文化场所;科教文化场所",
        "district": "武侯区",
        "weight": 1
      }
    },
    {
      "type": "Feature",
      "geometry": {
        "type": "Point",
        "coordinates": [
          104.040123,
          30.62908
        ]
      },
      "properties": {
        "name": "责商教育",
        "category": "edu",
        "type": "科教文化服务;科教文化场所;科教文化场所",
        "district": "武侯区",
        "weight": 1
      }
    },
    {
      "type": "Feature",
      "geometry": {
        "type": "Point",
        "coordinates": [
          104.035845,
          30.625681
        ]
      },
      "properties": {
        "name": "广达新网研究院",
        "category": "edu",
        "type": "科教文化服务;科研机构;科研机构",
        "district": "武侯区",
        "weight": 1
      }
    },
    {
      "type": "Feature",
      "geometry": {
        "type": "Point",
        "coordinates": [
          104.050597,
          30.627782
        ]
      },
      "properties": {
        "name": "成都玉林中学芳草校区",
        "category": "edu",
        "type": "科教文化服务;学校;中学",
        "district": "武侯区",
        "weight": 3
      }
    },
    {
      "type": "Feature",
      "geometry": {
        "type": "Point",
        "coordinates": [
          104.044048,
          30.620366
        ]
      },
      "properties": {
        "name": "成都高新实验中学",
        "category": "edu",
        "type": "科教文化服务;学校;中学",
        "district": "武侯区",
        "weight": 4
      }
    },
    {
      "type": "Feature",
      "geometry": {
        "type": "Point",
        "coordinates": [
          104.047117,
          30.625208
        ]
      },
      "properties": {
        "name": "成都维克特文化传播有限公司",
        "category": "edu",
        "type": "科教文化服务;科教文化场所;科教文化场所",
        "district": "武侯区",
        "weight": 1
      }
    },
    {
      "type": "Feature",
      "geometry": {
        "type": "Point",
        "coordinates": [
          104.051175,
          30.623426
        ]
      },
      "properties": {
        "name": "成都师范银都小学",
        "category": "edu",
        "type": "科教文化服务;学校;小学",
        "district": "武侯区",
        "weight": 5
      }
    },
    {
      "type": "Feature",
      "geometry": {
        "type": "Point",
        "coordinates": [
          104.04869,
          30.62893
        ]
      },
      "properties": {
        "name": "艺蓉舞校",
        "category": "edu",
        "type": "科教文化服务;培训机构;培训机构",
        "district": "武侯区",
        "weight": 2
      }
    },
    {
      "type": "Feature",
      "geometry": {
        "type": "Point",
        "coordinates": [
          104.045409,
          30.628936
        ]
      },
      "properties": {
        "name": "成都倍得管理培训有限公司",
        "category": "edu",
        "type": "科教文化服务;培训机构;培训机构",
        "district": "武侯区",
        "weight": 3
      }
    },
    {
      "type": "Feature",
      "geometry": {
        "type": "Point",
        "coordinates": [
          104.050482,
          30.620119
        ]
      },
      "properties": {
        "name": "紫荆幼儿园",
        "category": "edu",
        "type": "科教文化服务;学校;幼儿园",
        "district": "武侯区",
        "weight": 2
      }
    },
    {
      "type": "Feature",
      "geometry": {
        "type": "Point",
        "coordinates": [
          104.053335,
          30.620888
        ]
      },
      "properties": {
        "name": "金苹果银都国际幼稚园",
        "category": "edu",
        "type": "科教文化服务;学校;幼儿园",
        "district": "武侯区",
        "weight": 1
      }
    },
    {
      "type": "Feature",
      "geometry": {
        "type": "Point",
        "coordinates": [
          104.052359,
          30.627095
        ]
      },
      "properties": {
        "name": "芳草老年大学",
        "category": "edu",
        "type": "科教文化服务;学校;成人教育",
        "district": "武侯区",
        "weight": 1
      }
    },
    {
      "type": "Feature",
      "geometry": {
        "type": "Point",
        "coordinates": [
          104.053035,
          30.618739
        ]
      },
      "properties": {
        "name": "气球艺术",
        "category": "edu",
        "type": "科教文化服务;美术馆;美术馆",
        "district": "武侯区",
        "weight": 40
      }
    },
    {
      "type": "Feature",
      "geometry": {
        "type": "Point",
        "coordinates": [
          104.047025,
          30.627584
        ]
      },
      "properties": {
        "name": "丹秋名师堂",
        "category": "edu",
        "type": "科教文化服务;科教文化场所;科教文化场所",
        "district": "武侯区",
        "weight": 2
      }
    },
    {
      "type": "Feature",
      "geometry": {
        "type": "Point",
        "coordinates": [
          104.046584,
          30.622304
        ]
      },
      "properties": {
        "name": "成都天娇艺术吉他培训(神仙树店)",
        "category": "edu",
        "type": "科教文化服务;培训机构;培训机构",
        "district": "武侯区",
        "weight": 1
      }
    },
    {
      "type": "Feature",
      "geometry": {
        "type": "Point",
        "coordinates": [
          104.046032,
          30.621438
        ]
      },
      "properties": {
        "name": "成都声乐培训(天娇艺术南门神仙树校区)",
        "category": "edu",
        "type": "科教文化服务;培训机构;培训机构",
        "district": "武侯区",
        "weight": 1
      }
    },
    {
      "type": "Feature",
      "geometry": {
        "type": "Point",
        "coordinates": [
          104.060463,
          30.626177
        ]
      },
      "properties": {
        "name": "四川山水文化传播有限公司",
        "category": "edu",
        "type": "科教文化服务;科教文化场所;科教文化场所",
        "district": "武侯区",
        "weight": 1
      }
    },
    {
      "type": "Feature",
      "geometry": {
        "type": "Point",
        "coordinates": [
          104.05429,
          30.628517
        ]
      },
      "properties": {
        "name": "光亚幼稚园(蓓蕾街)",
        "category": "edu",
        "type": "科教文化服务;学校;幼儿园",
        "district": "武侯区",
        "weight": 4
      }
    },
    {
      "type": "Feature",
      "geometry": {
        "type": "Point",
        "coordinates": [
          104.062572,
          30.623295
        ]
      },
      "properties": {
        "name": "兰西小屋",
        "category": "edu",
        "type": "科教文化服务;培训机构;培训机构",
        "district": "武侯区",
        "weight": 8
      }
    },
    {
      "type": "Feature",
      "geometry": {
        "type": "Point",
        "coordinates": [
          104.055424,
          30.620031
        ]
      },
      "properties": {
        "name": "希望英语",
        "category": "edu",
        "type": "科教文化服务;培训机构;培训机构",
        "district": "武侯区",
        "weight": 8
      }
    },
    {
      "type": "Feature",
      "geometry": {
        "type": "Point",
        "coordinates": [
          104.056946,
          30.627475
        ]
      },
      "properties": {
        "name": "玉林小学",
        "category": "edu",
        "type": "科教文化服务;学校;小学",
        "district": "武侯区",
        "weight": 28
      }
    },
    {
      "type": "Feature",
      "geometry": {
        "type": "Point",
        "coordinates": [
          104.060883,
          30.618941
        ]
      },
      "properties": {
        "name": "成都桃李成人钢琴培训工作室",
        "category": "edu",
        "type": "科教文化服务;科教文化场所;科教文化场所",
        "district": "武侯区",
        "weight": 4
      }
    },
    {
      "type": "Feature",
      "geometry": {
        "type": "Point",
        "coordinates": [
          104.063964,
          30.624885
        ]
      },
      "properties": {
        "name": "数字博物馆",
        "category": "edu",
        "type": "科教文化服务;博物馆;博物馆",
        "district": "武侯区",
        "weight": 4
      }
    },
    {
      "type": "Feature",
      "geometry": {
        "type": "Point",
        "coordinates": [
          104.056357,
          30.623872
        ]
      },
      "properties": {
        "name": "Friends-House",
        "category": "edu",
        "type": "科教文化服务;培训机构;培训机构",
        "district": "武侯区",
        "weight": 2
      }
    },
    {
      "type": "Feature",
      "geometry": {
        "type": "Point",
        "coordinates": [
          104.061724,
          30.625363
        ]
      },
      "properties": {
        "name": "成都市民道德讲堂",
        "category": "edu",
        "type": "科教文化服务;培训机构;培训机构",
        "district": "武侯区",
        "weight": 2
      }
    },
    {
      "type": "Feature",
      "geometry": {
        "type": "Point",
        "coordinates": [
          104.05599,
          30.621196
        ]
      },
      "properties": {
        "name": "四川华普医院会议室",
        "category": "edu",
        "type": "科教文化服务;会展中心;会展中心",
        "district": "武侯区",
        "weight": 1
      }
    },
    {
      "type": "Feature",
      "geometry": {
        "type": "Point",
        "coordinates": [
          104.054753,
          30.623198
        ]
      },
      "properties": {
        "name": "满江红会议厅",
        "category": "edu",
        "type": "科教文化服务;会展中心;会展中心",
        "district": "武侯区",
        "weight": 5
      }
    },
    {
      "type": "Feature",
      "geometry": {
        "type": "Point",
        "coordinates": [
          104.059276,
          30.62311
        ]
      },
      "properties": {
        "name": "中国地质科学院矿产综合利用研究所",
        "category": "edu",
        "type": "科教文化服务;科研机构;科研机构",
        "district": "武侯区",
        "weight": 2
      }
    },
    {
      "type": "Feature",
      "geometry": {
        "type": "Point",
        "coordinates": [
          104.059467,
          30.629176
        ]
      },
      "properties": {
        "name": "四川日报",
        "category": "edu",
        "type": "科教文化服务;传媒机构;报社",
        "district": "武侯区",
        "weight": 1
      }
    },
    {
      "type": "Feature",
      "geometry": {
        "type": "Point",
        "coordinates": [
          104.06063,
          30.628762
        ]
      },
      "properties": {
        "name": "英艺东区幼儿园",
        "category": "edu",
        "type": "科教文化服务;学校;幼儿园",
        "district": "武侯区",
        "weight": 1
      }
    },
    {
      "type": "Feature",
      "geometry": {
        "type": "Point",
        "coordinates": [
          104.058666,
          30.627165
        ]
      },
      "properties": {
        "name": "四川省机械研究设计院",
        "category": "edu",
        "type": "科教文化服务;科研机构;科研机构",
        "district": "武侯区",
        "weight": 1
      }
    },
    {
      "type": "Feature",
      "geometry": {
        "type": "Point",
        "coordinates": [
          104.059192,
          30.620775
        ]
      },
      "properties": {
        "name": "青漩美育",
        "category": "edu",
        "type": "科教文化服务;科教文化场所;科教文化场所",
        "district": "武侯区",
        "weight": 3
      }
    },
    {
      "type": "Feature",
      "geometry": {
        "type": "Point",
        "coordinates": [
          104.059823,
          30.623901
        ]
      },
      "properties": {
        "name": "云顶雅居社区图书馆",
        "category": "edu",
        "type": "科教文化服务;图书馆;图书馆",
        "district": "武侯区",
        "weight": 1
      }
    },
    {
      "type": "Feature",
      "geometry": {
        "type": "Point",
        "coordinates": [
          104.069082,
          30.627207
        ]
      },
      "properties": {
        "name": "琴瑟和鸣",
        "category": "edu",
        "type": "科教文化服务;科教文化场所;科教文化场所",
        "district": "武侯区",
        "weight": 76
      }
    },
    {
      "type": "Feature",
      "geometry": {
        "type": "Point",
        "coordinates": [
          104.065495,
          30.621053
        ]
      },
      "properties": {
        "name": "霍芬教育",
        "category": "edu",
        "type": "科教文化服务;培训机构;培训机构",
        "district": "武侯区",
        "weight": 17
      }
    },
    {
      "type": "Feature",
      "geometry": {
        "type": "Point",
        "coordinates": [
          104.068461,
          30.621609
        ]
      },
      "properties": {
        "name": "成都脉脉文化传播有限公司",
        "category": "edu",
        "type": "科教文化服务;科教文化场所;科教文化场所",
        "district": "武侯区",
        "weight": 1
      }
    },
    {
      "type": "Feature",
      "geometry": {
        "type": "Point",
        "coordinates": [
          104.065233,
          30.626528
        ]
      },
      "properties": {
        "name": "宏欣画室",
        "category": "edu",
        "type": "科教文化服务;培训机构;培训机构",
        "district": "武侯区",
        "weight": 10
      }
    },
    {
      "type": "Feature",
      "geometry": {
        "type": "Point",
        "coordinates": [
          104.070491,
          30.620575
        ]
      },
      "properties": {
        "name": "四川艾青莲文化传播有限公司",
        "category": "edu",
        "type": "科教文化服务;科教文化场所;科教文化场所",
        "district": "武侯区",
        "weight": 1
      }
    },
    {
      "type": "Feature",
      "geometry": {
        "type": "Point",
        "coordinates": [
          104.068684,
          30.625608
        ]
      },
      "properties": {
        "name": "红狐英语",
        "category": "edu",
        "type": "科教文化服务;培训机构;培训机构",
        "district": "武侯区",
        "weight": 5
      }
    },
    {
      "type": "Feature",
      "geometry": {
        "type": "Point",
        "coordinates": [
          104.064498,
          30.628815
        ]
      },
      "properties": {
        "name": "青元教育",
        "category": "edu",
        "type": "科教文化服务;培训机构;培训机构",
        "district": "武侯区",
        "weight": 22
      }
    },
    {
      "type": "Feature",
      "geometry": {
        "type": "Point",
        "coordinates": [
          104.071154,
          30.625084
        ]
      },
      "properties": {
        "name": "棕北小学",
        "category": "edu",
        "type": "科教文化服务;学校;小学",
        "district": "武侯区",
        "weight": 4
      }
    },
    {
      "type": "Feature",
      "geometry": {
        "type": "Point",
        "coordinates": [
          104.072257,
          30.628834
        ]
      },
      "properties": {
        "name": "爱康培训",
        "category": "edu",
        "type": "科教文化服务;培训机构;培训机构",
        "district": "武侯区",
        "weight": 4
      }
    },
    {
      "type": "Feature",
      "geometry": {
        "type": "Point",
        "coordinates": [
          104.063723,
          30.621037
        ]
      },
      "properties": {
        "name": "凯宾斯基饭店-会议厅",
        "category": "edu",
        "type": "科教文化服务;会展中心;会展中心",
        "district": "武侯区",
        "weight": 2
      }
    },
    {
      "type": "Feature",
      "geometry": {
        "type": "Point",
        "coordinates": [
          104.068013,
          30.623082
        ]
      },
      "properties": {
        "name": "川航教育",
        "category": "edu",
        "type": "科教文化服务;培训机构;培训机构",
        "district": "武侯区",
        "weight": 9
      }
    },
    {
      "type": "Feature",
      "geometry": {
        "type": "Point",
        "coordinates": [
          104.067956,
          30.62421
        ]
      },
      "properties": {
        "name": "梦之声艺术中心",
        "category": "edu",
        "type": "科教文化服务;培训机构;培训机构",
        "district": "武侯区",
        "weight": 2
      }
    },
    {
      "type": "Feature",
      "geometry": {
        "type": "Point",
        "coordinates": [
          104.063918,
          30.626203
        ]
      },
      "properties": {
        "name": "品信传媒",
        "category": "edu",
        "type": "科教文化服务;科教文化场所;科教文化场所",
        "district": "武侯区",
        "weight": 3
      }
    },
    {
      "type": "Feature",
      "geometry": {
        "type": "Point",
        "coordinates": [
          104.07377,
          30.620773
        ]
      },
      "properties": {
        "name": "空林琴馆",
        "category": "edu",
        "type": "科教文化服务;科教文化场所;科教文化场所",
        "district": "武侯区",
        "weight": 16
      }
    },
    {
      "type": "Feature",
      "geometry": {
        "type": "Point",
        "coordinates": [
          104.071088,
          30.619702
        ]
      },
      "properties": {
        "name": "金苹果锦官新城全程幼稚园",
        "category": "edu",
        "type": "科教文化服务;学校;幼儿园",
        "district": "武侯区",
        "weight": 1
      }
    },
    {
      "type": "Feature",
      "geometry": {
        "type": "Point",
        "coordinates": [
          104.07434,
          30.627098
        ]
      },
      "properties": {
        "name": "枫华国际",
        "category": "edu",
        "type": "科教文化服务;培训机构;培训机构",
        "district": "武侯区",
        "weight": 23
      }
    },
    {
      "type": "Feature",
      "geometry": {
        "type": "Point",
        "coordinates": [
          104.066092,
          30.623482
        ]
      },
      "properties": {
        "name": "内江市水景喷泉研究所成都分所",
        "category": "edu",
        "type": "科教文化服务;科教文化场所;科教文化场所",
        "district": "武侯区",
        "weight": 1
      }
    },
    {
      "type": "Feature",
      "geometry": {
        "type": "Point",
        "coordinates": [
          104.073857,
          30.625686
        ]
      },
      "properties": {
        "name": "燕园教育",
        "category": "edu",
        "type": "科教文化服务;培训机构;培训机构",
        "district": "武侯区",
        "weight": 7
      }
    },
    {
      "type": "Feature",
      "geometry": {
        "type": "Point",
        "coordinates": [
          104.077491,
          30.623592
        ]
      },
      "properties": {
        "name": "四川省自动化仪表研究所",
        "category": "edu",
        "type": "科教文化服务;科研机构;科研机构",
        "district": "武侯区",
        "weight": 6
      }
    },
    {
      "type": "Feature",
      "geometry": {
        "type": "Point",
        "coordinates": [
          104.074728,
          30.624217
        ]
      },
      "properties": {
        "name": "蝶舞艺术培训学校",
        "category": "edu",
        "type": "科教文化服务;培训机构;培训机构",
        "district": "武侯区",
        "weight": 6
      }
    },
    {
      "type": "Feature",
      "geometry": {
        "type": "Point",
        "coordinates": [
          104.07679,
          30.62601
        ]
      },
      "properties": {
        "name": "四川大学(望江校区)-摄扉文化传播",
        "category": "edu",
        "type": "科教文化服务;科教文化场所;科教文化场所",
        "district": "武侯区",
        "weight": 1
      }
    },
    {
      "type": "Feature",
      "geometry": {
        "type": "Point",
        "coordinates": [
          104.080238,
          30.625574
        ]
      },
      "properties": {
        "name": "海蓉双语幼园",
        "category": "edu",
        "type": "科教文化服务;学校;幼儿园",
        "district": "武侯区",
        "weight": 1
      }
    },
    {
      "type": "Feature",
      "geometry": {
        "type": "Point",
        "coordinates": [
          104.081768,
          30.62045
        ]
      },
      "properties": {
        "name": "浩然幼儿园",
        "category": "edu",
        "type": "科教文化服务;学校;幼儿园",
        "district": "武侯区",
        "weight": 1
      }
    },
    {
      "type": "Feature",
      "geometry": {
        "type": "Point",
        "coordinates": [
          104.075895,
          30.623158
        ]
      },
      "properties": {
        "name": "英联国际英语",
        "category": "edu",
        "type": "科教文化服务;培训机构;培训机构",
        "district": "武侯区",
        "weight": 1
      }
    },
    {
      "type": "Feature",
      "geometry": {
        "type": "Point",
        "coordinates": [
          104.078752,
          30.627989
        ]
      },
      "properties": {
        "name": "汇谦国学堂",
        "category": "edu",
        "type": "科教文化服务;培训机构;培训机构",
        "district": "武侯区",
        "weight": 2
      }
    },
    {
      "type": "Feature",
      "geometry": {
        "type": "Point",
        "coordinates": [
          104.089816,
          30.625816
        ]
      },
      "properties": {
        "name": "土星艺韵艺术画室",
        "category": "edu",
        "type": "科教文化服务;培训机构;培训机构",
        "district": "锦江区",
        "weight": 3
      }
    },
    {
      "type": "Feature",
      "geometry": {
        "type": "Point",
        "coordinates": [
          104.091273,
          30.628439
        ]
      },
      "properties": {
        "name": "卓越教育(河滨路)",
        "category": "edu",
        "type": "科教文化服务;培训机构;培训机构",
        "district": "锦江区",
        "weight": 5
      }
    },
    {
      "type": "Feature",
      "geometry": {
        "type": "Point",
        "coordinates": [
          104.093182,
          30.623169
        ]
      },
      "properties": {
        "name": "追风轮滑",
        "category": "edu",
        "type": "科教文化服务;培训机构;培训机构",
        "district": "锦江区",
        "weight": 12
      }
    },
    {
      "type": "Feature",
      "geometry": {
        "type": "Point",
        "coordinates": [
          104.088342,
          30.622567
        ]
      },
      "properties": {
        "name": "行动成功",
        "category": "edu",
        "type": "科教文化服务;科教文化场所;科教文化场所",
        "district": "锦江区",
        "weight": 7
      }
    },
    {
      "type": "Feature",
      "geometry": {
        "type": "Point",
        "coordinates": [
          104.090826,
          30.627013
        ]
      },
      "properties": {
        "name": "成都爱尚易播文化传播有限公司",
        "category": "edu",
        "type": "科教文化服务;传媒机构;传媒机构",
        "district": "锦江区",
        "weight": 1
      }
    },
    {
      "type": "Feature",
      "geometry": {
        "type": "Point",
        "coordinates": [
          104.090084,
          30.620376
        ]
      },
      "properties": {
        "name": "东湖小学",
        "category": "edu",
        "type": "科教文化服务;学校;小学",
        "district": "锦江区",
        "weight": 1
      }
    },
    {
      "type": "Feature",
      "geometry": {
        "type": "Point",
        "coordinates": [
          104.086029,
          30.621025
        ]
      },
      "properties": {
        "name": "域上和美艺术馆",
        "category": "edu",
        "type": "科教文化服务;美术馆;美术馆",
        "district": "锦江区",
        "weight": 1
      }
    },
    {
      "type": "Feature",
      "geometry": {
        "type": "Point",
        "coordinates": [
          104.087191,
          30.628444
        ]
      },
      "properties": {
        "name": "凯乐尔特教育咨询中心",
        "category": "edu",
        "type": "科教文化服务;培训机构;培训机构",
        "district": "锦江区",
        "weight": 3
      }
    },
    {
      "type": "Feature",
      "geometry": {
        "type": "Point",
        "coordinates": [
          104.083792,
          30.627092
        ]
      },
      "properties": {
        "name": "成都瑞麒和书画馆",
        "category": "edu",
        "type": "购物服务;专卖店;古玩字画店|科教文化服务;培训机构;培训机构",
        "district": "锦江区",
        "weight": 1
      }
    },
    {
      "type": "Feature",
      "geometry": {
        "type": "Point",
        "coordinates": [
          104.086063,
          30.624171
        ]
      },
      "properties": {
        "name": "雨齐舞蹈工作室",
        "category": "edu",
        "type": "科教文化服务;培训机构;培训机构",
        "district": "锦江区",
        "weight": 1
      }
    },
    {
      "type": "Feature",
      "geometry": {
        "type": "Point",
        "coordinates": [
          104.087516,
          30.623947
        ]
      },
      "properties": {
        "name": "紫砂壶及名人书画交流中心",
        "category": "edu",
        "type": "科教文化服务;科教文化场所;科教文化场所",
        "district": "锦江区",
        "weight": 1
      }
    },
    {
      "type": "Feature",
      "geometry": {
        "type": "Point",
        "coordinates": [
          104.093212,
          30.625116
        ]
      },
      "properties": {
        "name": "瑞思学科英语(二环路东五段)",
        "category": "edu",
        "type": "科教文化服务;培训机构;培训机构",
        "district": "锦江区",
        "weight": 1
      }
    },
    {
      "type": "Feature",
      "geometry": {
        "type": "Point",
        "coordinates": [
          104.095055,
          30.624346
        ]
      },
      "properties": {
        "name": "欧之派技能培训",
        "category": "edu",
        "type": "科教文化服务;培训机构;培训机构",
        "district": "锦江区",
        "weight": 9
      }
    },
    {
      "type": "Feature",
      "geometry": {
        "type": "Point",
        "coordinates": [
          104.097041,
          30.62117
        ]
      },
      "properties": {
        "name": "聪明宝宝",
        "category": "edu",
        "type": "科教文化服务;培训机构;培训机构",
        "district": "锦江区",
        "weight": 9
      }
    },
    {
      "type": "Feature",
      "geometry": {
        "type": "Point",
        "coordinates": [
          104.101366,
          30.622256
        ]
      },
      "properties": {
        "name": "芝兰幼稚园",
        "category": "edu",
        "type": "科教文化服务;学校;幼儿园",
        "district": "锦江区",
        "weight": 2
      }
    },
    {
      "type": "Feature",
      "geometry": {
        "type": "Point",
        "coordinates": [
          104.099724,
          30.626714
        ]
      },
      "properties": {
        "name": "墨香校园",
        "category": "edu",
        "type": "科教文化服务;科教文化场所;科教文化场所",
        "district": "锦江区",
        "weight": 12
      }
    },
    {
      "type": "Feature",
      "geometry": {
        "type": "Point",
        "coordinates": [
          104.098053,
          30.625352
        ]
      },
      "properties": {
        "name": "东京幼儿园",
        "category": "edu",
        "type": "科教文化服务;学校;幼儿园",
        "district": "锦江区",
        "weight": 1
      }
    },
    {
      "type": "Feature",
      "geometry": {
        "type": "Point",
        "coordinates": [
          104.098283,
          30.622567
        ]
      },
      "properties": {
        "name": "百姓学苑",
        "category": "edu",
        "type": "科教文化服务;图书馆;图书馆",
        "district": "锦江区",
        "weight": 3
      }
    },
    {
      "type": "Feature",
      "geometry": {
        "type": "Point",
        "coordinates": [
          104.095782,
          30.626292
        ]
      },
      "properties": {
        "name": "鼎一教育",
        "category": "edu",
        "type": "科教文化服务;培训机构;培训机构",
        "district": "锦江区",
        "weight": 8
      }
    },
    {
      "type": "Feature",
      "geometry": {
        "type": "Point",
        "coordinates": [
          104.103277,
          30.623015
        ]
      },
      "properties": {
        "name": "托管美术",
        "category": "edu",
        "type": "科教文化服务;美术馆;美术馆",
        "district": "锦江区",
        "weight": 1
      }
    },
    {
      "type": "Feature",
      "geometry": {
        "type": "Point",
        "coordinates": [
          104.096732,
          30.61959
        ]
      },
      "properties": {
        "name": "华希教育艺术中心",
        "category": "edu",
        "type": "科教文化服务;美术馆;美术馆",
        "district": "锦江区",
        "weight": 4
      }
    },
    {
      "type": "Feature",
      "geometry": {
        "type": "Point",
        "coordinates": [
          104.094276,
          30.628086
        ]
      },
      "properties": {
        "name": "河滨幼儿园",
        "category": "edu",
        "type": "科教文化服务;学校;幼儿园",
        "district": "锦江区",
        "weight": 1
      }
    },
    {
      "type": "Feature",
      "geometry": {
        "type": "Point",
        "coordinates": [
          104.09987,
          30.61965
        ]
      },
      "properties": {
        "name": "益学堂",
        "category": "edu",
        "type": "科教文化服务;培训机构;培训机构",
        "district": "锦江区",
        "weight": 7
      }
    },
    {
      "type": "Feature",
      "geometry": {
        "type": "Point",
        "coordinates": [
          104.09687,
          30.624143
        ]
      },
      "properties": {
        "name": "博蓓幼稚园",
        "category": "edu",
        "type": "科教文化服务;学校;幼儿园",
        "district": "锦江区",
        "weight": 1
      }
    },
    {
      "type": "Feature",
      "geometry": {
        "type": "Point",
        "coordinates": [
          104.093866,
          30.626387
        ]
      },
      "properties": {
        "name": "亚当会计教育",
        "category": "edu",
        "type": "科教文化服务;培训机构;培训机构",
        "district": "锦江区",
        "weight": 5
      }
    },
    {
      "type": "Feature",
      "geometry": {
        "type": "Point",
        "coordinates": [
          104.100302,
          30.623734
        ]
      },
      "properties": {
        "name": "羽艺艺术",
        "category": "edu",
        "type": "科教文化服务;培训机构;培训机构",
        "district": "锦江区",
        "weight": 7
      }
    },
    {
      "type": "Feature",
      "geometry": {
        "type": "Point",
        "coordinates": [
          104.099885,
          30.625104
        ]
      },
      "properties": {
        "name": "阳光育人教育",
        "category": "edu",
        "type": "科教文化服务;培训机构;培训机构",
        "district": "锦江区",
        "weight": 4
      }
    },
    {
      "type": "Feature",
      "geometry": {
        "type": "Point",
        "coordinates": [
          104.097011,
          30.628308
        ]
      },
      "properties": {
        "name": "匡老师吉他艺术中心",
        "category": "edu",
        "type": "科教文化服务;培训机构;培训机构",
        "district": "锦江区",
        "weight": 3
      }
    },
    {
      "type": "Feature",
      "geometry": {
        "type": "Point",
        "coordinates": [
          104.104929,
          30.625894
        ]
      },
      "properties": {
        "name": "四川省农业科学院",
        "category": "edu",
        "type": "科教文化服务;科研机构;科研机构",
        "district": "锦江区",
        "weight": 9
      }
    },
    {
      "type": "Feature",
      "geometry": {
        "type": "Point",
        "coordinates": [
          104.104408,
          30.622425
        ]
      },
      "properties": {
        "name": "成都扬帆文化传播有限公司",
        "category": "edu",
        "type": "科教文化服务;科教文化场所;科教文化场所",
        "district": "锦江区",
        "weight": 1
      }
    },
    {
      "type": "Feature",
      "geometry": {
        "type": "Point",
        "coordinates": [
          104.113327,
          30.621786
        ]
      },
      "properties": {
        "name": "朗易教育",
        "category": "edu",
        "type": "科教文化服务;培训机构;培训机构",
        "district": "锦江区",
        "weight": 4
      }
    },
    {
      "type": "Feature",
      "geometry": {
        "type": "Point",
        "coordinates": [
          104.109445,
          30.620429
        ]
      },
      "properties": {
        "name": "一品私塾",
        "category": "edu",
        "type": "科教文化服务;培训机构;培训机构",
        "district": "锦江区",
        "weight": 10
      }
    },
    {
      "type": "Feature",
      "geometry": {
        "type": "Point",
        "coordinates": [
          104.110999,
          30.623059
        ]
      },
      "properties": {
        "name": "沙河街道综合文化活动中心",
        "category": "edu",
        "type": "科教文化服务;文化宫;文化宫",
        "district": "锦江区",
        "weight": 1
      }
    },
    {
      "type": "Feature",
      "geometry": {
        "type": "Point",
        "coordinates": [
          104.104855,
          30.62899
        ]
      },
      "properties": {
        "name": "爱心幼儿园(牛沙路)",
        "category": "edu",
        "type": "科教文化服务;学校;幼儿园",
        "district": "锦江区",
        "weight": 6
      }
    },
    {
      "type": "Feature",
      "geometry": {
        "type": "Point",
        "coordinates": [
          104.105352,
          30.620543
        ]
      },
      "properties": {
        "name": "成都市锦江区永兴幼儿园",
        "category": "edu",
        "type": "科教文化服务;学校;幼儿园",
        "district": "锦江区",
        "weight": 1
      }
    },
    {
      "type": "Feature",
      "geometry": {
        "type": "Point",
        "coordinates": [
          104.105078,
          30.621685
        ]
      },
      "properties": {
        "name": "水墨空间四川东方书画艺术研究会",
        "category": "edu",
        "type": "科教文化服务;科研机构;科研机构",
        "district": "锦江区",
        "weight": 1
      }
    },
    {
      "type": "Feature",
      "geometry": {
        "type": "Point",
        "coordinates": [
          104.107592,
          30.626111
        ]
      },
      "properties": {
        "name": "四川省农业科学院遥感应用研究所",
        "category": "edu",
        "type": "科教文化服务;科研机构;科研机构",
        "district": "锦江区",
        "weight": 3
      }
    },
    {
      "type": "Feature",
      "geometry": {
        "type": "Point",
        "coordinates": [
          104.1042,
          30.620262
        ]
      },
      "properties": {
        "name": "博雅书画社",
        "category": "edu",
        "type": "科教文化服务;科教文化场所;科教文化场所",
        "district": "锦江区",
        "weight": 1
      }
    },
    {
      "type": "Feature",
      "geometry": {
        "type": "Point",
        "coordinates": [
          104.10792,
          30.624425
        ]
      },
      "properties": {
        "name": "四川省农科院信息所比尔中心",
        "category": "edu",
        "type": "科教文化服务;科教文化场所;科教文化场所",
        "district": "锦江区",
        "weight": 3
      }
    },
    {
      "type": "Feature",
      "geometry": {
        "type": "Point",
        "coordinates": [
          104.105353,
          30.623784
        ]
      },
      "properties": {
        "name": "育奇英语(静康路)",
        "category": "edu",
        "type": "科教文化服务;培训机构;培训机构",
        "district": "锦江区",
        "weight": 2
      }
    },
    {
      "type": "Feature",
      "geometry": {
        "type": "Point",
        "coordinates": [
          104.110258,
          30.626969
        ]
      },
      "properties": {
        "name": "成都市射击运动学校",
        "category": "edu",
        "type": "科教文化服务;学校;职业技术学校",
        "district": "锦江区",
        "weight": 1
      }
    },
    {
      "type": "Feature",
      "geometry": {
        "type": "Point",
        "coordinates": [
          104.117413,
          30.620597
        ]
      },
      "properties": {
        "name": "花果小学校",
        "category": "edu",
        "type": "科教文化服务;学校;小学",
        "district": "锦江区",
        "weight": 8
      }
    },
    {
      "type": "Feature",
      "geometry": {
        "type": "Point",
        "coordinates": [
          104.121224,
          30.622255
        ]
      },
      "properties": {
        "name": "四川邮电职业技术学院",
        "category": "edu",
        "type": "科教文化服务;学校;职业技术学校",
        "district": "锦江区",
        "weight": 3
      }
    },
    {
      "type": "Feature",
      "geometry": {
        "type": "Point",
        "coordinates": [
          104.122394,
          30.622925
        ]
      },
      "properties": {
        "name": "四川邮电职业技术学院图书馆",
        "category": "edu",
        "type": "科教文化服务;图书馆;图书馆",
        "district": "锦江区",
        "weight": 3
      }
    },
    {
      "type": "Feature",
      "geometry": {
        "type": "Point",
        "coordinates": [
          104.119145,
          30.620516
        ]
      },
      "properties": {
        "name": "菱窠路小学",
        "category": "edu",
        "type": "科教文化服务;学校;小学",
        "district": "锦江区",
        "weight": 1
      }
    },
    {
      "type": "Feature",
      "geometry": {
        "type": "Point",
        "coordinates": [
          104.120795,
          30.62805
        ]
      },
      "properties": {
        "name": "沙河堡小学",
        "category": "edu",
        "type": "科教文化服务;学校;小学",
        "district": "锦江区",
        "weight": 1
      }
    },
    {
      "type": "Feature",
      "geometry": {
        "type": "Point",
        "coordinates": [
          104.121527,
          30.625297
        ]
      },
      "properties": {
        "name": "艺先锋教育",
        "category": "edu",
        "type": "科教文化服务;培训机构;培训机构",
        "district": "锦江区",
        "weight": 3
      }
    },
    {
      "type": "Feature",
      "geometry": {
        "type": "Point",
        "coordinates": [
          104.122938,
          30.620461
        ]
      },
      "properties": {
        "name": "成都三幼树基大观幼儿园",
        "category": "edu",
        "type": "科教文化服务;学校;幼儿园",
        "district": "锦江区",
        "weight": 2
      }
    },
    {
      "type": "Feature",
      "geometry": {
        "type": "Point",
        "coordinates": [
          104.121294,
          30.629031
        ]
      },
      "properties": {
        "name": "成都市第二幼儿园沙河园区(塔子山壹号东南)",
        "category": "edu",
        "type": "科教文化服务;学校;幼儿园",
        "district": "锦江区",
        "weight": 1
      }
    },
    {
      "type": "Feature",
      "geometry": {
        "type": "Point",
        "coordinates": [
          104.113752,
          30.62425
        ]
      },
      "properties": {
        "name": "橙子树国际艺术成长中心",
        "category": "edu",
        "type": "科教文化服务;培训机构;培训机构",
        "district": "锦江区",
        "weight": 1
      }
    },
    {
      "type": "Feature",
      "geometry": {
        "type": "Point",
        "coordinates": [
          104.119996,
          30.623211
        ]
      },
      "properties": {
        "name": "四川邮电职业技术学院-新苗幼儿园",
        "category": "edu",
        "type": "科教文化服务;学校;幼儿园",
        "district": "锦江区",
        "weight": 1
      }
    },
    {
      "type": "Feature",
      "geometry": {
        "type": "Point",
        "coordinates": [
          104.113613,
          30.620661
        ]
      },
      "properties": {
        "name": "成都远航艺术培训中心(川师本部校区)",
        "category": "edu",
        "type": "科教文化服务;培训机构;培训机构",
        "district": "锦江区",
        "weight": 1
      }
    },
    {
      "type": "Feature",
      "geometry": {
        "type": "Point",
        "coordinates": [
          104.125373,
          30.619545
        ]
      },
      "properties": {
        "name": "成都仕玲文化传播有限公司",
        "category": "edu",
        "type": "科教文化服务;科教文化场所;科教文化场所",
        "district": "锦江区",
        "weight": 1
      }
    },
    {
      "type": "Feature",
      "geometry": {
        "type": "Point",
        "coordinates": [
          104.12523,
          30.621316
        ]
      },
      "properties": {
        "name": "星萌艺校(比华利校区)",
        "category": "edu",
        "type": "科教文化服务;培训机构;培训机构",
        "district": "锦江区",
        "weight": 2
      }
    },
    {
      "type": "Feature",
      "geometry": {
        "type": "Point",
        "coordinates": [
          104.131967,
          30.622233
        ]
      },
      "properties": {
        "name": "四川师大附中外国语学校",
        "category": "edu",
        "type": "科教文化服务;学校;中学",
        "district": "成华区",
        "weight": 1
      }
    },
    {
      "type": "Feature",
      "geometry": {
        "type": "Point",
        "coordinates": [
          104.13665,
          30.619921
        ]
      },
      "properties": {
        "name": "双胜文化传播",
        "category": "edu",
        "type": "科教文化服务;科教文化场所;科教文化场所",
        "district": "成华区",
        "weight": 2
      }
    },
    {
      "type": "Feature",
      "geometry": {
        "type": "Point",
        "coordinates": [
          104.135077,
          30.619541
        ]
      },
      "properties": {
        "name": "大观小学",
        "category": "edu",
        "type": "科教文化服务;学校;小学",
        "district": "锦江区",
        "weight": 8
      }
    },
    {
      "type": "Feature",
      "geometry": {
        "type": "Point",
        "coordinates": [
          104.146983,
          30.626998
        ]
      },
      "properties": {
        "name": "我们+第三成子空间",
        "category": "edu",
        "type": "科教文化服务;培训机构;培训机构",
        "district": "成华区",
        "weight": 4
      }
    },
    {
      "type": "Feature",
      "geometry": {
        "type": "Point",
        "coordinates": [
          104.145768,
          30.626965
        ]
      },
      "properties": {
        "name": "齐鲁乒乓",
        "category": "edu",
        "type": "科教文化服务;培训机构;培训机构",
        "district": "成华区",
        "weight": 1
      }
    },
    {
      "type": "Feature",
      "geometry": {
        "type": "Point",
        "coordinates": [
          104.1521,
          30.627672
        ]
      },
      "properties": {
        "name": "斐声钢琴",
        "category": "edu",
        "type": "科教文化服务;培训机构;培训机构",
        "district": "成华区",
        "weight": 1
      }
    },
    {
      "type": "Feature",
      "geometry": {
        "type": "Point",
        "coordinates": [
          104.147743,
          30.628224
        ]
      },
      "properties": {
        "name": "艺海琴行艺术中心(魅力店)",
        "category": "edu",
        "type": "科教文化服务;培训机构;培训机构",
        "district": "成华区",
        "weight": 1
      }
    },
    {
      "type": "Feature",
      "geometry": {
        "type": "Point",
        "coordinates": [
          103.971635,
          30.613105
        ]
      },
      "properties": {
        "name": "金花桥街道综合文化活动中心",
        "category": "edu",
        "type": "科教文化服务;文化宫;文化宫",
        "district": "武侯区",
        "weight": 1
      }
    },
    {
      "type": "Feature",
      "geometry": {
        "type": "Point",
        "coordinates": [
          103.968962,
          30.617895
        ]
      },
      "properties": {
        "name": "鹰狮产品检测展示中心",
        "category": "edu",
        "type": "科教文化服务;展览馆;展览馆",
        "district": "武侯区",
        "weight": 1
      }
    },
    {
      "type": "Feature",
      "geometry": {
        "type": "Point",
        "coordinates": [
          103.967634,
          30.618562
        ]
      },
      "properties": {
        "name": "四川华西中西医药研究院",
        "category": "edu",
        "type": "科教文化服务;科研机构;科研机构",
        "district": "武侯区",
        "weight": 1
      }
    },
    {
      "type": "Feature",
      "geometry": {
        "type": "Point",
        "coordinates": [
          103.969835,
          30.613306
        ]
      },
      "properties": {
        "name": "四川省泰来驾校(报名处)",
        "category": "edu",
        "type": "科教文化服务;科教文化场所;科教文化场所",
        "district": "武侯区",
        "weight": 1
      }
    },
    {
      "type": "Feature",
      "geometry": {
        "type": "Point",
        "coordinates": [
          103.966382,
          30.613528
        ]
      },
      "properties": {
        "name": "特尔艺术学校",
        "category": "edu",
        "type": "科教文化服务;培训机构;培训机构",
        "district": "武侯区",
        "weight": 1
      }
    },
    {
      "type": "Feature",
      "geometry": {
        "type": "Point",
        "coordinates": [
          103.969508,
          30.610062
        ]
      },
      "properties": {
        "name": "伏氏教育",
        "category": "edu",
        "type": "科教文化服务;培训机构;培训机构",
        "district": "武侯区",
        "weight": 2
      }
    },
    {
      "type": "Feature",
      "geometry": {
        "type": "Point",
        "coordinates": [
          103.978647,
          30.61225
        ]
      },
      "properties": {
        "name": "成都金花光明学校",
        "category": "edu",
        "type": "科教文化服务;学校;小学",
        "district": "武侯区",
        "weight": 1
      }
    },
    {
      "type": "Feature",
      "geometry": {
        "type": "Point",
        "coordinates": [
          103.975213,
          30.617992
        ]
      },
      "properties": {
        "name": "金花天乐幼儿园",
        "category": "edu",
        "type": "科教文化服务;学校;幼儿园",
        "district": "武侯区",
        "weight": 1
      }
    },
    {
      "type": "Feature",
      "geometry": {
        "type": "Point",
        "coordinates": [
          103.983161,
          30.61097
        ]
      },
      "properties": {
        "name": "成都市第二十三幼儿园",
        "category": "edu",
        "type": "科教文化服务;学校;幼儿园",
        "district": "武侯区",
        "weight": 3
      }
    },
    {
      "type": "Feature",
      "geometry": {
        "type": "Point",
        "coordinates": [
          103.978182,
          30.614411
        ]
      },
      "properties": {
        "name": "成都市武侯区小精灵幼儿园",
        "category": "edu",
        "type": "科教文化服务;学校;幼儿园",
        "district": "武侯区",
        "weight": 1
      }
    },
    {
      "type": "Feature",
      "geometry": {
        "type": "Point",
        "coordinates": [
          103.977736,
          30.613159
        ]
      },
      "properties": {
        "name": "石室佳兴外国语学校",
        "category": "edu",
        "type": "科教文化服务;学校;中学",
        "district": "武侯区",
        "weight": 1
      }
    },
    {
      "type": "Feature",
      "geometry": {
        "type": "Point",
        "coordinates": [
          103.975296,
          30.616379
        ]
      },
      "properties": {
        "name": "成都杰科计算机培训学校",
        "category": "edu",
        "type": "科教文化服务;培训机构;培训机构",
        "district": "武侯区",
        "weight": 1
      }
    },
    {
      "type": "Feature",
      "geometry": {
        "type": "Point",
        "coordinates": [
          103.989477,
          30.6128
        ]
      },
      "properties": {
        "name": "成都永轩文化传播有限公司",
        "category": "edu",
        "type": "科教文化服务;科教文化场所;科教文化场所",
        "district": "武侯区",
        "weight": 2
      }
    },
    {
      "type": "Feature",
      "geometry": {
        "type": "Point",
        "coordinates": [
          103.990622,
          30.611883
        ]
      },
      "properties": {
        "name": "成都市武侯区簇桥街道龙锦社区综合文化活动室",
        "category": "edu",
        "type": "科教文化服务;文化宫;文化宫",
        "district": "武侯区",
        "weight": 1
      }
    },
    {
      "type": "Feature",
      "geometry": {
        "type": "Point",
        "coordinates": [
          103.98553,
          30.619202
        ]
      },
      "properties": {
        "name": "艺源美术",
        "category": "edu",
        "type": "科教文化服务;培训机构;培训机构",
        "district": "武侯区",
        "weight": 2
      }
    },
    {
      "type": "Feature",
      "geometry": {
        "type": "Point",
        "coordinates": [
          103.988514,
          30.610231
        ]
      },
      "properties": {
        "name": "雅士拉丁舞",
        "category": "edu",
        "type": "科教文化服务;培训机构;培训机构",
        "district": "武侯区",
        "weight": 2
      }
    },
    {
      "type": "Feature",
      "geometry": {
        "type": "Point",
        "coordinates": [
          103.985516,
          30.612716
        ]
      },
      "properties": {
        "name": "远行教育(金履四路)",
        "category": "edu",
        "type": "科教文化服务;培训机构;培训机构",
        "district": "武侯区",
        "weight": 1
      }
    },
    {
      "type": "Feature",
      "geometry": {
        "type": "Point",
        "coordinates": [
          103.989971,
          30.614827
        ]
      },
      "properties": {
        "name": "小博士幼儿园(福锦路一段)",
        "category": "edu",
        "type": "科教文化服务;学校;幼儿园",
        "district": "武侯区",
        "weight": 1
      }
    },
    {
      "type": "Feature",
      "geometry": {
        "type": "Point",
        "coordinates": [
          103.993555,
          30.613537
        ]
      },
      "properties": {
        "name": "小勇士宠物美容培训中心",
        "category": "edu",
        "type": "科教文化服务;科教文化场所;科教文化场所",
        "district": "武侯区",
        "weight": 1
      }
    },
    {
      "type": "Feature",
      "geometry": {
        "type": "Point",
        "coordinates": [
          103.985135,
          30.610386
        ]
      },
      "properties": {
        "name": "川音大地艺术学校",
        "category": "edu",
        "type": "科教文化服务;培训机构;培训机构",
        "district": "武侯区",
        "weight": 1
      }
    },
    {
      "type": "Feature",
      "geometry": {
        "type": "Point",
        "coordinates": [
          103.989712,
          30.610278
        ]
      },
      "properties": {
        "name": "慧通教育",
        "category": "edu",
        "type": "科教文化服务;培训机构;培训机构",
        "district": "武侯区",
        "weight": 1
      }
    },
    {
      "type": "Feature",
      "geometry": {
        "type": "Point",
        "coordinates": [
          104.003582,
          30.615655
        ]
      },
      "properties": {
        "name": "国际会议中心",
        "category": "edu",
        "type": "科教文化服务;会展中心;会展中心",
        "district": "武侯区",
        "weight": 2
      }
    },
    {
      "type": "Feature",
      "geometry": {
        "type": "Point",
        "coordinates": [
          103.993991,
          30.610363
        ]
      },
      "properties": {
        "name": "图书阅览室",
        "category": "edu",
        "type": "科教文化服务;图书馆;图书馆",
        "district": "武侯区",
        "weight": 5
      }
    },
    {
      "type": "Feature",
      "geometry": {
        "type": "Point",
        "coordinates": [
          103.996796,
          30.610856
        ]
      },
      "properties": {
        "name": "金童星幼儿园",
        "category": "edu",
        "type": "科教文化服务;学校;幼儿园",
        "district": "武侯区",
        "weight": 3
      }
    },
    {
      "type": "Feature",
      "geometry": {
        "type": "Point",
        "coordinates": [
          103.99778,
          30.612015
        ]
      },
      "properties": {
        "name": "成都市星光学校(龙井东街)",
        "category": "edu",
        "type": "科教文化服务;培训机构;培训机构",
        "district": "武侯区",
        "weight": 1
      }
    },
    {
      "type": "Feature",
      "geometry": {
        "type": "Point",
        "coordinates": [
          104.009382,
          30.609873
        ]
      },
      "properties": {
        "name": "南桥双艺幼儿园",
        "category": "edu",
        "type": "科教文化服务;学校;幼儿园",
        "district": "武侯区",
        "weight": 1
      }
    },
    {
      "type": "Feature",
      "geometry": {
        "type": "Point",
        "coordinates": [
          104.009274,
          30.614555
        ]
      },
      "properties": {
        "name": "红泰餐桌",
        "category": "edu",
        "type": "科教文化服务;科教文化场所;科教文化场所",
        "district": "武侯区",
        "weight": 1
      }
    },
    {
      "type": "Feature",
      "geometry": {
        "type": "Point",
        "coordinates": [
          104.003844,
          30.617134
        ]
      },
      "properties": {
        "name": "天成声音传媒",
        "category": "edu",
        "type": "科教文化服务;科教文化场所;科教文化场所",
        "district": "武侯区",
        "weight": 1
      }
    },
    {
      "type": "Feature",
      "geometry": {
        "type": "Point",
        "coordinates": [
          104.011664,
          30.614346
        ]
      },
      "properties": {
        "name": "五彩乐园青少年儿童套房",
        "category": "edu",
        "type": "科教文化服务;科教文化场所;科教文化场所",
        "district": "武侯区",
        "weight": 1
      }
    },
    {
      "type": "Feature",
      "geometry": {
        "type": "Point",
        "coordinates": [
          104.011132,
          30.615439
        ]
      },
      "properties": {
        "name": "梦语艺术馆",
        "category": "edu",
        "type": "科教文化服务;美术馆;美术馆",
        "district": "武侯区",
        "weight": 1
      }
    },
    {
      "type": "Feature",
      "geometry": {
        "type": "Point",
        "coordinates": [
          104.021735,
          30.617473
        ]
      },
      "properties": {
        "name": "华兴小学",
        "category": "edu",
        "type": "科教文化服务;学校;小学",
        "district": "武侯区",
        "weight": 3
      }
    },
    {
      "type": "Feature",
      "geometry": {
        "type": "Point",
        "coordinates": [
          104.017015,
          30.616726
        ]
      },
      "properties": {
        "name": "成都市育华职业学校",
        "category": "edu",
        "type": "科教文化服务;学校;职业技术学校",
        "district": "武侯区",
        "weight": 5
      }
    },
    {
      "type": "Feature",
      "geometry": {
        "type": "Point",
        "coordinates": [
          104.023355,
          30.619156
        ]
      },
      "properties": {
        "name": "玖库艺术馆",
        "category": "edu",
        "type": "科教文化服务;美术馆;美术馆",
        "district": "武侯区",
        "weight": 2
      }
    },
    {
      "type": "Feature",
      "geometry": {
        "type": "Point",
        "coordinates": [
          104.019725,
          30.618645
        ]
      },
      "properties": {
        "name": "成都市武侯区簇桥圣心幼儿园",
        "category": "edu",
        "type": "科教文化服务;学校;幼儿园",
        "district": "武侯区",
        "weight": 1
      }
    },
    {
      "type": "Feature",
      "geometry": {
        "type": "Point",
        "coordinates": [
          104.021556,
          30.616135
        ]
      },
      "properties": {
        "name": "罗老师辅导中心",
        "category": "edu",
        "type": "科教文化服务;培训机构;培训机构",
        "district": "武侯区",
        "weight": 1
      }
    },
    {
      "type": "Feature",
      "geometry": {
        "type": "Point",
        "coordinates": [
          104.022767,
          30.610334
        ]
      },
      "properties": {
        "name": "成都上智道昱文化传播有限公司",
        "category": "edu",
        "type": "科教文化服务;科教文化场所;科教文化场所",
        "district": "武侯区",
        "weight": 1
      }
    },
    {
      "type": "Feature",
      "geometry": {
        "type": "Point",
        "coordinates": [
          104.031704,
          30.61512
        ]
      },
      "properties": {
        "name": "蚂蚁上树文化园",
        "category": "edu",
        "type": "科教文化服务;科教文化场所;科教文化场所",
        "district": "武侯区",
        "weight": 1
      }
    },
    {
      "type": "Feature",
      "geometry": {
        "type": "Point",
        "coordinates": [
          104.028222,
          30.610256
        ]
      },
      "properties": {
        "name": "成都大吉博物馆",
        "category": "edu",
        "type": "科教文化服务;博物馆;博物馆",
        "district": "武侯区",
        "weight": 1
      }
    },
    {
      "type": "Feature",
      "geometry": {
        "type": "Point",
        "coordinates": [
          104.02923,
          30.611782
        ]
      },
      "properties": {
        "name": "摩尔实验室",
        "category": "edu",
        "type": "科教文化服务;科研机构;科研机构",
        "district": "武侯区",
        "weight": 4
      }
    },
    {
      "type": "Feature",
      "geometry": {
        "type": "Point",
        "coordinates": [
          104.027287,
          30.618537
        ]
      },
      "properties": {
        "name": "中国科学院成都生物研究",
        "category": "edu",
        "type": "科教文化服务;科研机构;科研机构",
        "district": "武侯区",
        "weight": 1
      }
    },
    {
      "type": "Feature",
      "geometry": {
        "type": "Point",
        "coordinates": [
          104.029952,
          30.609872
        ]
      },
      "properties": {
        "name": "亚非齿科技术学校",
        "category": "edu",
        "type": "科教文化服务;学校;职业技术学校",
        "district": "武侯区",
        "weight": 1
      }
    },
    {
      "type": "Feature",
      "geometry": {
        "type": "Point",
        "coordinates": [
          104.02853,
          30.618552
        ]
      },
      "properties": {
        "name": "成都里来生物医学实验中心",
        "category": "edu",
        "type": "科教文化服务;科研机构;科研机构",
        "district": "武侯区",
        "weight": 1
      }
    },
    {
      "type": "Feature",
      "geometry": {
        "type": "Point",
        "coordinates": [
          104.028865,
          30.61719
        ]
      },
      "properties": {
        "name": "泌尿外科研究所",
        "category": "edu",
        "type": "科教文化服务;科研机构;科研机构",
        "district": "武侯区",
        "weight": 2
      }
    },
    {
      "type": "Feature",
      "geometry": {
        "type": "Point",
        "coordinates": [
          104.036937,
          30.610537
        ]
      },
      "properties": {
        "name": "贝乐艺术",
        "category": "edu",
        "type": "科教文化服务;美术馆;美术馆",
        "district": "武侯区",
        "weight": 8
      }
    },
    {
      "type": "Feature",
      "geometry": {
        "type": "Point",
        "coordinates": [
          104.040123,
          30.616827
        ]
      },
      "properties": {
        "name": "金苹果公学",
        "category": "edu",
        "type": "科教文化服务;学校;小学",
        "district": "武侯区",
        "weight": 7
      }
    },
    {
      "type": "Feature",
      "geometry": {
        "type": "Point",
        "coordinates": [
          104.036192,
          30.612231
        ]
      },
      "properties": {
        "name": "童森舞蹈工作室",
        "category": "edu",
        "type": "科教文化服务;培训机构;培训机构",
        "district": "武侯区",
        "weight": 2
      }
    },
    {
      "type": "Feature",
      "geometry": {
        "type": "Point",
        "coordinates": [
          104.043014,
          30.612848
        ]
      },
      "properties": {
        "name": "成都师范银都小学紫薇校区",
        "category": "edu",
        "type": "科教文化服务;学校;小学",
        "district": "武侯区",
        "weight": 1
      }
    },
    {
      "type": "Feature",
      "geometry": {
        "type": "Point",
        "coordinates": [
          104.042097,
          30.615502
        ]
      },
      "properties": {
        "name": "中海名城幼稚园",
        "category": "edu",
        "type": "科教文化服务;学校;幼儿园",
        "district": "武侯区",
        "weight": 2
      }
    },
    {
      "type": "Feature",
      "geometry": {
        "type": "Point",
        "coordinates": [
          104.042224,
          30.613653
        ]
      },
      "properties": {
        "name": "成都师范银都小学紫薇校区(西门)",
        "category": "edu",
        "type": "通行设施;临街院门;临街院正门|科教文化服务;科教文化场所;科教文化场所",
        "district": "武侯区",
        "weight": 1
      }
    },
    {
      "type": "Feature",
      "geometry": {
        "type": "Point",
        "coordinates": [
          104.038223,
          30.613229
        ]
      },
      "properties": {
        "name": "艺灵舞蹈",
        "category": "edu",
        "type": "科教文化服务;培训机构;培训机构",
        "district": "武侯区",
        "weight": 1
      }
    },
    {
      "type": "Feature",
      "geometry": {
        "type": "Point",
        "coordinates": [
          104.038771,
          30.615093
        ]
      },
      "properties": {
        "name": "悠扬钢琴",
        "category": "edu",
        "type": "科教文化服务;培训机构;培训机构",
        "district": "武侯区",
        "weight": 6
      }
    },
    {
      "type": "Feature",
      "geometry": {
        "type": "Point",
        "coordinates": [
          104.039504,
          30.611348
        ]
      },
      "properties": {
        "name": "成都市民道德讲堂",
        "category": "edu",
        "type": "科教文化服务;培训机构;培训机构",
        "district": "武侯区",
        "weight": 3
      }
    },
    {
      "type": "Feature",
      "geometry": {
        "type": "Point",
        "coordinates": [
          104.040522,
          30.614434
        ]
      },
      "properties": {
        "name": "抱朴国艺",
        "category": "edu",
        "type": "科教文化服务;培训机构;培训机构",
        "district": "武侯区",
        "weight": 3
      }
    },
    {
      "type": "Feature",
      "geometry": {
        "type": "Point",
        "coordinates": [
          104.042365,
          30.61811
        ]
      },
      "properties": {
        "name": "爱可思艺术培训中心",
        "category": "edu",
        "type": "科教文化服务;培训机构;培训机构",
        "district": "武侯区",
        "weight": 1
      }
    },
    {
      "type": "Feature",
      "geometry": {
        "type": "Point",
        "coordinates": [
          104.035121,
          30.61023
        ]
      },
      "properties": {
        "name": "秉正堂中医病症疗效研究所",
        "category": "edu",
        "type": "科教文化服务;科研机构;科研机构",
        "district": "武侯区",
        "weight": 1
      }
    },
    {
      "type": "Feature",
      "geometry": {
        "type": "Point",
        "coordinates": [
          104.037749,
          30.617277
        ]
      },
      "properties": {
        "name": "喻兰魔方教育",
        "category": "edu",
        "type": "科教文化服务;培训机构;培训机构",
        "district": "武侯区",
        "weight": 1
      }
    },
    {
      "type": "Feature",
      "geometry": {
        "type": "Point",
        "coordinates": [
          104.041443,
          30.618748
        ]
      },
      "properties": {
        "name": "TKCH音乐工作室",
        "category": "edu",
        "type": "科教文化服务;培训机构;培训机构",
        "district": "武侯区",
        "weight": 1
      }
    },
    {
      "type": "Feature",
      "geometry": {
        "type": "Point",
        "coordinates": [
          104.036937,
          30.616073
        ]
      },
      "properties": {
        "name": "中公培训学员",
        "category": "edu",
        "type": "科教文化服务;科教文化场所;科教文化场所",
        "district": "武侯区",
        "weight": 1
      }
    },
    {
      "type": "Feature",
      "geometry": {
        "type": "Point",
        "coordinates": [
          104.048293,
          30.61723
        ]
      },
      "properties": {
        "name": "上雅艺术学校",
        "category": "edu",
        "type": "科教文化服务;培训机构;培训机构",
        "district": "武侯区",
        "weight": 9
      }
    },
    {
      "type": "Feature",
      "geometry": {
        "type": "Point",
        "coordinates": [
          104.052912,
          30.613341
        ]
      },
      "properties": {
        "name": "新蕾艺术文化培训学校",
        "category": "edu",
        "type": "科教文化服务;培训机构;培训机构",
        "district": "武侯区",
        "weight": 1
      }
    },
    {
      "type": "Feature",
      "geometry": {
        "type": "Point",
        "coordinates": [
          104.04893,
          30.614568
        ]
      },
      "properties": {
        "name": "四季家园幼儿园",
        "category": "edu",
        "type": "科教文化服务;学校;幼儿园",
        "district": "武侯区",
        "weight": 3
      }
    },
    {
      "type": "Feature",
      "geometry": {
        "type": "Point",
        "coordinates": [
          104.046028,
          30.616456
        ]
      },
      "properties": {
        "name": "翠·金楠珠宝文化馆",
        "category": "edu",
        "type": "科教文化服务;文化宫;文化宫",
        "district": "武侯区",
        "weight": 1
      }
    },
    {
      "type": "Feature",
      "geometry": {
        "type": "Point",
        "coordinates": [
          104.052629,
          30.615957
        ]
      },
      "properties": {
        "name": "红星幼儿园",
        "category": "edu",
        "type": "科教文化服务;学校;幼儿园",
        "district": "武侯区",
        "weight": 3
      }
    },
    {
      "type": "Feature",
      "geometry": {
        "type": "Point",
        "coordinates": [
          104.050097,
          30.61273
        ]
      },
      "properties": {
        "name": "紫荆小学",
        "category": "edu",
        "type": "科教文化服务;学校;小学",
        "district": "武侯区",
        "weight": 5
      }
    },
    {
      "type": "Feature",
      "geometry": {
        "type": "Point",
        "coordinates": [
          104.046283,
          30.615529
        ]
      },
      "properties": {
        "name": "成都新东方千禧大酒店-会议厅",
        "category": "edu",
        "type": "科教文化服务;会展中心;会展中心",
        "district": "武侯区",
        "weight": 1
      }
    },
    {
      "type": "Feature",
      "geometry": {
        "type": "Point",
        "coordinates": [
          104.048422,
          30.615854
        ]
      },
      "properties": {
        "name": "成都华西中医研究院",
        "category": "edu",
        "type": "科教文化服务;科研机构;科研机构",
        "district": "武侯区",
        "weight": 1
      }
    },
    {
      "type": "Feature",
      "geometry": {
        "type": "Point",
        "coordinates": [
          104.047436,
          30.619011
        ]
      },
      "properties": {
        "name": "书畅琴行(紫荆店)",
        "category": "edu",
        "type": "购物服务;专卖店;专营店|科教文化服务;培训机构;培训机构",
        "district": "武侯区",
        "weight": 1
      }
    },
    {
      "type": "Feature",
      "geometry": {
        "type": "Point",
        "coordinates": [
          104.052714,
          30.614635
        ]
      },
      "properties": {
        "name": "浩浩学习",
        "category": "edu",
        "type": "科教文化服务;科教文化场所;科教文化场所",
        "district": "武侯区",
        "weight": 1
      }
    },
    {
      "type": "Feature",
      "geometry": {
        "type": "Point",
        "coordinates": [
          104.048191,
          30.613076
        ]
      },
      "properties": {
        "name": "牧禅书院",
        "category": "edu",
        "type": "公司企业;公司;广告装饰|科教文化服务;培训机构;培训机构",
        "district": "武侯区",
        "weight": 1
      }
    },
    {
      "type": "Feature",
      "geometry": {
        "type": "Point",
        "coordinates": [
          104.045765,
          30.618854
        ]
      },
      "properties": {
        "name": "心诺学教育",
        "category": "edu",
        "type": "科教文化服务;培训机构;培训机构",
        "district": "武侯区",
        "weight": 2
      }
    },
    {
      "type": "Feature",
      "geometry": {
        "type": "Point",
        "coordinates": [
          104.044969,
          30.612572
        ]
      },
      "properties": {
        "name": "Little Earth小小地球家庭园",
        "category": "edu",
        "type": "科教文化服务;科教文化场所;科教文化场所",
        "district": "武侯区",
        "weight": 1
      }
    },
    {
      "type": "Feature",
      "geometry": {
        "type": "Point",
        "coordinates": [
          104.061454,
          30.615503
        ]
      },
      "properties": {
        "name": "桐梓林社区文化活动室",
        "category": "edu",
        "type": "科教文化服务;文化宫;文化宫",
        "district": "武侯区",
        "weight": 1
      }
    },
    {
      "type": "Feature",
      "geometry": {
        "type": "Point",
        "coordinates": [
          104.063463,
          30.618995
        ]
      },
      "properties": {
        "name": "天府教育",
        "category": "edu",
        "type": "科教文化服务;培训机构;培训机构",
        "district": "武侯区",
        "weight": 13
      }
    },
    {
      "type": "Feature",
      "geometry": {
        "type": "Point",
        "coordinates": [
          104.06196,
          30.614299
        ]
      },
      "properties": {
        "name": "魔英英语",
        "category": "edu",
        "type": "科教文化服务;培训机构;培训机构",
        "district": "武侯区",
        "weight": 4
      }
    },
    {
      "type": "Feature",
      "geometry": {
        "type": "Point",
        "coordinates": [
          104.058504,
          30.616609
        ]
      },
      "properties": {
        "name": "桐梓林小学",
        "category": "edu",
        "type": "科教文化服务;学校;小学",
        "district": "武侯区",
        "weight": 1
      }
    },
    {
      "type": "Feature",
      "geometry": {
        "type": "Point",
        "coordinates": [
          104.057041,
          30.611972
        ]
      },
      "properties": {
        "name": "四川省旅游学校",
        "category": "edu",
        "type": "科教文化服务;学校;职业技术学校",
        "district": "武侯区",
        "weight": 2
      }
    },
    {
      "type": "Feature",
      "geometry": {
        "type": "Point",
        "coordinates": [
          104.056007,
          30.615007
        ]
      },
      "properties": {
        "name": "棕北中学",
        "category": "edu",
        "type": "科教文化服务;学校;中学",
        "district": "武侯区",
        "weight": 3
      }
    },
    {
      "type": "Feature",
      "geometry": {
        "type": "Point",
        "coordinates": [
          104.055566,
          30.616822
        ]
      },
      "properties": {
        "name": "成都大蜀艺术中心",
        "category": "edu",
        "type": "科教文化服务;美术馆;美术馆",
        "district": "武侯区",
        "weight": 2
      }
    },
    {
      "type": "Feature",
      "geometry": {
        "type": "Point",
        "coordinates": [
          104.060601,
          30.610673
        ]
      },
      "properties": {
        "name": "武侯区大美艺术中心",
        "category": "edu",
        "type": "科教文化服务;美术馆;美术馆",
        "district": "武侯区",
        "weight": 1
      }
    },
    {
      "type": "Feature",
      "geometry": {
        "type": "Point",
        "coordinates": [
          104.062925,
          30.612895
        ]
      },
      "properties": {
        "name": "王妈餐饮培训中心",
        "category": "edu",
        "type": "科教文化服务;培训机构;培训机构",
        "district": "武侯区",
        "weight": 3
      }
    },
    {
      "type": "Feature",
      "geometry": {
        "type": "Point",
        "coordinates": [
          104.058508,
          30.613487
        ]
      },
      "properties": {
        "name": "稚鸟儿童美术(欧城店)",
        "category": "edu",
        "type": "科教文化服务;科教文化场所;科教文化场所",
        "district": "武侯区",
        "weight": 5
      }
    },
    {
      "type": "Feature",
      "geometry": {
        "type": "Point",
        "coordinates": [
          104.054445,
          30.611427
        ]
      },
      "properties": {
        "name": "路正驾校(紫荆西路分校)",
        "category": "edu",
        "type": "科教文化服务;科教文化场所;科教文化场所",
        "district": "武侯区",
        "weight": 3
      }
    },
    {
      "type": "Feature",
      "geometry": {
        "type": "Point",
        "coordinates": [
          104.055768,
          30.612505
        ]
      },
      "properties": {
        "name": "爱思童儿童成长中心",
        "category": "edu",
        "type": "科教文化服务;科教文化场所;科教文化场所",
        "district": "武侯区",
        "weight": 1
      }
    },
    {
      "type": "Feature",
      "geometry": {
        "type": "Point",
        "coordinates": [
          104.060017,
          30.61729
        ]
      },
      "properties": {
        "name": "汉语角文化教育咨询有限公司",
        "category": "edu",
        "type": "科教文化服务;科教文化场所;科教文化场所",
        "district": "武侯区",
        "weight": 1
      }
    },
    {
      "type": "Feature",
      "geometry": {
        "type": "Point",
        "coordinates": [
          104.068029,
          30.61811
        ]
      },
      "properties": {
        "name": "梦凡传媒",
        "category": "edu",
        "type": "科教文化服务;科教文化场所;科教文化场所",
        "district": "武侯区",
        "weight": 55
      }
    },
    {
      "type": "Feature",
      "geometry": {
        "type": "Point",
        "coordinates": [
          104.065113,
          30.616865
        ]
      },
      "properties": {
        "name": "万叶日语",
        "category": "edu",
        "type": "科教文化服务;培训机构;培训机构",
        "district": "武侯区",
        "weight": 9
      }
    },
    {
      "type": "Feature",
      "geometry": {
        "type": "Point",
        "coordinates": [
          104.066394,
          30.613022
        ]
      },
      "properties": {
        "name": "彩虹幼稚园",
        "category": "edu",
        "type": "科教文化服务;学校;幼儿园",
        "district": "武侯区",
        "weight": 14
      }
    },
    {
      "type": "Feature",
      "geometry": {
        "type": "Point",
        "coordinates": [
          104.066169,
          30.619076
        ]
      },
      "properties": {
        "name": "四川华藏天下文化传播有限公司",
        "category": "edu",
        "type": "科教文化服务;科教文化场所;科教文化场所",
        "district": "武侯区",
        "weight": 1
      }
    },
    {
      "type": "Feature",
      "geometry": {
        "type": "Point",
        "coordinates": [
          104.071888,
          30.613655
        ]
      },
      "properties": {
        "name": "海蓓幼稚园",
        "category": "edu",
        "type": "科教文化服务;学校;幼儿园",
        "district": "武侯区",
        "weight": 4
      }
    },
    {
      "type": "Feature",
      "geometry": {
        "type": "Point",
        "coordinates": [
          104.072438,
          30.614775
        ]
      },
      "properties": {
        "name": "振晖教育",
        "category": "edu",
        "type": "科教文化服务;培训机构;培训机构",
        "district": "武侯区",
        "weight": 8
      }
    },
    {
      "type": "Feature",
      "geometry": {
        "type": "Point",
        "coordinates": [
          104.069301,
          30.60994
        ]
      },
      "properties": {
        "name": "长寿幼儿园",
        "category": "edu",
        "type": "科教文化服务;学校;幼儿园",
        "district": "武侯区",
        "weight": 2
      }
    },
    {
      "type": "Feature",
      "geometry": {
        "type": "Point",
        "coordinates": [
          104.063724,
          30.614612
        ]
      },
      "properties": {
        "name": "中国新闻社(四川分社)",
        "category": "edu",
        "type": "科教文化服务;传媒机构;报社",
        "district": "武侯区",
        "weight": 4
      }
    },
    {
      "type": "Feature",
      "geometry": {
        "type": "Point",
        "coordinates": [
          104.071587,
          30.611691
        ]
      },
      "properties": {
        "name": "成都商报发行投递广告有限公司",
        "category": "edu",
        "type": "科教文化服务;传媒机构;报社",
        "district": "武侯区",
        "weight": 2
      }
    },
    {
      "type": "Feature",
      "geometry": {
        "type": "Point",
        "coordinates": [
          104.07341,
          30.618522
        ]
      },
      "properties": {
        "name": "锦官新城小学",
        "category": "edu",
        "type": "科教文化服务;学校;小学",
        "district": "武侯区",
        "weight": 5
      }
    },
    {
      "type": "Feature",
      "geometry": {
        "type": "Point",
        "coordinates": [
          104.06532,
          30.614691
        ]
      },
      "properties": {
        "name": "学而思培优",
        "category": "edu",
        "type": "科教文化服务;培训机构;培训机构",
        "district": "武侯区",
        "weight": 5
      }
    },
    {
      "type": "Feature",
      "geometry": {
        "type": "Point",
        "coordinates": [
          104.07141,
          30.617358
        ]
      },
      "properties": {
        "name": "吉的堡维肯幼儿园",
        "category": "edu",
        "type": "科教文化服务;学校;幼儿园",
        "district": "武侯区",
        "weight": 2
      }
    },
    {
      "type": "Feature",
      "geometry": {
        "type": "Point",
        "coordinates": [
          104.072498,
          30.616078
        ]
      },
      "properties": {
        "name": "南街学习馆",
        "category": "edu",
        "type": "科教文化服务;科教文化场所;科教文化场所",
        "district": "武侯区",
        "weight": 2
      }
    },
    {
      "type": "Feature",
      "geometry": {
        "type": "Point",
        "coordinates": [
          104.063678,
          30.611439
        ]
      },
      "properties": {
        "name": "南舞王",
        "category": "edu",
        "type": "科教文化服务;科教文化场所;科教文化场所",
        "district": "武侯区",
        "weight": 1
      }
    },
    {
      "type": "Feature",
      "geometry": {
        "type": "Point",
        "coordinates": [
          104.07206,
          30.618588
        ]
      },
      "properties": {
        "name": "大墨教育",
        "category": "edu",
        "type": "科教文化服务;培训机构;培训机构",
        "district": "武侯区",
        "weight": 1
      }
    },
    {
      "type": "Feature",
      "geometry": {
        "type": "Point",
        "coordinates": [
          104.083342,
          30.610952
        ]
      },
      "properties": {
        "name": "阿吉太文化传播",
        "category": "edu",
        "type": "科教文化服务;科教文化场所;科教文化场所",
        "district": "武侯区",
        "weight": 1
      }
    },
    {
      "type": "Feature",
      "geometry": {
        "type": "Point",
        "coordinates": [
          104.078482,
          30.610196
        ]
      },
      "properties": {
        "name": "梦启迪少儿围棋培训中心",
        "category": "edu",
        "type": "科教文化服务;培训机构;培训机构",
        "district": "武侯区",
        "weight": 2
      }
    },
    {
      "type": "Feature",
      "geometry": {
        "type": "Point",
        "coordinates": [
          104.08135,
          30.614273
        ]
      },
      "properties": {
        "name": "同心艺术",
        "category": "edu",
        "type": "科教文化服务;美术馆;美术馆",
        "district": "武侯区",
        "weight": 9
      }
    },
    {
      "type": "Feature",
      "geometry": {
        "type": "Point",
        "coordinates": [
          104.076628,
          30.618436
        ]
      },
      "properties": {
        "name": "十二中大门",
        "category": "edu",
        "type": "科教文化服务;学校;中学",
        "district": "武侯区",
        "weight": 5
      }
    },
    {
      "type": "Feature",
      "geometry": {
        "type": "Point",
        "coordinates": [
          104.077603,
          30.617184
        ]
      },
      "properties": {
        "name": "四川省长征驾校培训处",
        "category": "edu",
        "type": "科教文化服务;科教文化场所;科教文化场所",
        "district": "武侯区",
        "weight": 1
      }
    },
    {
      "type": "Feature",
      "geometry": {
        "type": "Point",
        "coordinates": [
          104.081419,
          30.610084
        ]
      },
      "properties": {
        "name": "九天国际大酒店-会议厅",
        "category": "edu",
        "type": "科教文化服务;会展中心;会展中心",
        "district": "武侯区",
        "weight": 1
      }
    },
    {
      "type": "Feature",
      "geometry": {
        "type": "Point",
        "coordinates": [
          104.080531,
          30.619078
        ]
      },
      "properties": {
        "name": "仁智幼稚园",
        "category": "edu",
        "type": "科教文化服务;学校;幼儿园",
        "district": "武侯区",
        "weight": 1
      }
    },
    {
      "type": "Feature",
      "geometry": {
        "type": "Point",
        "coordinates": [
          104.078683,
          30.613373
        ]
      },
      "properties": {
        "name": "芳伊舞蹈工作室",
        "category": "edu",
        "type": "科教文化服务;培训机构;培训机构",
        "district": "武侯区",
        "weight": 1
      }
    },
    {
      "type": "Feature",
      "geometry": {
        "type": "Point",
        "coordinates": [
          104.081978,
          30.615624
        ]
      },
      "properties": {
        "name": "tsr训练中心",
        "category": "edu",
        "type": "科教文化服务;科教文化场所;科教文化场所",
        "district": "武侯区",
        "weight": 1
      }
    },
    {
      "type": "Feature",
      "geometry": {
        "type": "Point",
        "coordinates": [
          104.075348,
          30.611977
        ]
      },
      "properties": {
        "name": "成都商报(科华南路)",
        "category": "edu",
        "type": "科教文化服务;传媒机构;报社",
        "district": "武侯区",
        "weight": 1
      }
    },
    {
      "type": "Feature",
      "geometry": {
        "type": "Point",
        "coordinates": [
          104.075231,
          30.619218
        ]
      },
      "properties": {
        "name": "无画教育",
        "category": "edu",
        "type": "科教文化服务;培训机构;培训机构",
        "district": "武侯区",
        "weight": 1
      }
    },
    {
      "type": "Feature",
      "geometry": {
        "type": "Point",
        "coordinates": [
          104.075151,
          30.61459
        ]
      },
      "properties": {
        "name": "贝迪堡国际早教成都中心",
        "category": "edu",
        "type": "科教文化服务;培训机构;培训机构",
        "district": "武侯区",
        "weight": 3
      }
    },
    {
      "type": "Feature",
      "geometry": {
        "type": "Point",
        "coordinates": [
          104.076872,
          30.615499
        ]
      },
      "properties": {
        "name": "玛利娅蒙特梭利国际早教学校",
        "category": "edu",
        "type": "科教文化服务;培训机构;培训机构",
        "district": "武侯区",
        "weight": 2
      }
    },
    {
      "type": "Feature",
      "geometry": {
        "type": "Point",
        "coordinates": [
          104.084542,
          30.616707
        ]
      },
      "properties": {
        "name": "红美术馆",
        "category": "edu",
        "type": "科教文化服务;美术馆;美术馆",
        "district": "锦江区",
        "weight": 5
      }
    },
    {
      "type": "Feature",
      "geometry": {
        "type": "Point",
        "coordinates": [
          104.09183,
          30.6137
        ]
      },
      "properties": {
        "name": "成都小天才教育",
        "category": "edu",
        "type": "科教文化服务;培训机构;培训机构",
        "district": "锦江区",
        "weight": 6
      }
    },
    {
      "type": "Feature",
      "geometry": {
        "type": "Point",
        "coordinates": [
          104.089411,
          30.613193
        ]
      },
      "properties": {
        "name": "竹林幼舍早教中心",
        "category": "edu",
        "type": "科教文化服务;学校;幼儿园",
        "district": "锦江区",
        "weight": 3
      }
    },
    {
      "type": "Feature",
      "geometry": {
        "type": "Point",
        "coordinates": [
          104.093102,
          30.610113
        ]
      },
      "properties": {
        "name": "贝多彩幼稚园",
        "category": "edu",
        "type": "科教文化服务;学校;幼儿园",
        "district": "锦江区",
        "weight": 1
      }
    },
    {
      "type": "Feature",
      "geometry": {
        "type": "Point",
        "coordinates": [
          104.090526,
          30.618529
        ]
      },
      "properties": {
        "name": "爱育幼童(东湖国际中心)",
        "category": "edu",
        "type": "科教文化服务;学校;幼儿园",
        "district": "锦江区",
        "weight": 1
      }
    },
    {
      "type": "Feature",
      "geometry": {
        "type": "Point",
        "coordinates": [
          104.091436,
          30.61564
        ]
      },
      "properties": {
        "name": "树基儿童创意馆",
        "category": "edu",
        "type": "科教文化服务;科教文化场所;科教文化场所",
        "district": "锦江区",
        "weight": 3
      }
    },
    {
      "type": "Feature",
      "geometry": {
        "type": "Point",
        "coordinates": [
          104.092623,
          30.617479
        ]
      },
      "properties": {
        "name": "生命大讲堂",
        "category": "edu",
        "type": "科教文化服务;培训机构;培训机构",
        "district": "锦江区",
        "weight": 2
      }
    },
    {
      "type": "Feature",
      "geometry": {
        "type": "Point",
        "coordinates": [
          104.08964,
          30.614965
        ]
      },
      "properties": {
        "name": "蒙氏上宾全日制早教",
        "category": "edu",
        "type": "科教文化服务;培训机构;培训机构",
        "district": "锦江区",
        "weight": 3
      }
    },
    {
      "type": "Feature",
      "geometry": {
        "type": "Point",
        "coordinates": [
          104.090405,
          30.611938
        ]
      },
      "properties": {
        "name": "慧生书院",
        "category": "edu",
        "type": "科教文化服务;培训机构;培训机构",
        "district": "锦江区",
        "weight": 1
      }
    },
    {
      "type": "Feature",
      "geometry": {
        "type": "Point",
        "coordinates": [
          104.08737,
          30.614993
        ]
      },
      "properties": {
        "name": "家有儿女国际艺术早教中心(翡翠店)",
        "category": "edu",
        "type": "科教文化服务;培训机构;培训机构",
        "district": "锦江区",
        "weight": 1
      }
    },
    {
      "type": "Feature",
      "geometry": {
        "type": "Point",
        "coordinates": [
          104.099162,
          30.610575
        ]
      },
      "properties": {
        "name": "一品私塾",
        "category": "edu",
        "type": "科教文化服务;培训机构;培训机构",
        "district": "锦江区",
        "weight": 5
      }
    },
    {
      "type": "Feature",
      "geometry": {
        "type": "Point",
        "coordinates": [
          104.097934,
          30.617153
        ]
      },
      "properties": {
        "name": "家长学校",
        "category": "edu",
        "type": "科教文化服务;科教文化场所;科教文化场所",
        "district": "锦江区",
        "weight": 6
      }
    },
    {
      "type": "Feature",
      "geometry": {
        "type": "Point",
        "coordinates": [
          104.100896,
          30.611507
        ]
      },
      "properties": {
        "name": "四川农业科学研究院",
        "category": "edu",
        "type": "科教文化服务;科研机构;科研机构",
        "district": "锦江区",
        "weight": 2
      }
    },
    {
      "type": "Feature",
      "geometry": {
        "type": "Point",
        "coordinates": [
          104.100651,
          30.613465
        ]
      },
      "properties": {
        "name": "成都嘉祥外国语学校",
        "category": "edu",
        "type": "科教文化服务;学校;中学",
        "district": "锦江区",
        "weight": 5
      }
    },
    {
      "type": "Feature",
      "geometry": {
        "type": "Point",
        "coordinates": [
          104.10071,
          30.61819
        ]
      },
      "properties": {
        "name": "少儿美术",
        "category": "edu",
        "type": "科教文化服务;美术馆;美术馆",
        "district": "锦江区",
        "weight": 8
      }
    },
    {
      "type": "Feature",
      "geometry": {
        "type": "Point",
        "coordinates": [
          104.095528,
          30.617437
        ]
      },
      "properties": {
        "name": "成都师范附属小学(华润分校)",
        "category": "edu",
        "type": "科教文化服务;学校;小学",
        "district": "锦江区",
        "weight": 1
      }
    },
    {
      "type": "Feature",
      "geometry": {
        "type": "Point",
        "coordinates": [
          104.102022,
          30.614242
        ]
      },
      "properties": {
        "name": "嘉祥教育",
        "category": "edu",
        "type": "科教文化服务;培训机构;培训机构",
        "district": "锦江区",
        "weight": 3
      }
    },
    {
      "type": "Feature",
      "geometry": {
        "type": "Point",
        "coordinates": [
          104.100909,
          30.609888
        ]
      },
      "properties": {
        "name": "成都七中嘉祥外国语学校国际部",
        "category": "edu",
        "type": "科教文化服务;学校;中学",
        "district": "锦江区",
        "weight": 1
      }
    },
    {
      "type": "Feature",
      "geometry": {
        "type": "Point",
        "coordinates": [
          104.101895,
          30.615242
        ]
      },
      "properties": {
        "name": "嘉祥外国语学校实验幼儿园",
        "category": "edu",
        "type": "科教文化服务;学校;幼儿园",
        "district": "锦江区",
        "weight": 1
      }
    },
    {
      "type": "Feature",
      "geometry": {
        "type": "Point",
        "coordinates": [
          104.09719,
          30.611578
        ]
      },
      "properties": {
        "name": "乐要书咖",
        "category": "edu",
        "type": "科教文化服务;培训机构;培训机构",
        "district": "锦江区",
        "weight": 4
      }
    },
    {
      "type": "Feature",
      "geometry": {
        "type": "Point",
        "coordinates": [
          104.096671,
          30.617997
        ]
      },
      "properties": {
        "name": "耀兴书画社",
        "category": "edu",
        "type": "科教文化服务;科教文化场所;科教文化场所",
        "district": "锦江区",
        "weight": 1
      }
    },
    {
      "type": "Feature",
      "geometry": {
        "type": "Point",
        "coordinates": [
          104.10298,
          30.613604
        ]
      },
      "properties": {
        "name": "嘉祥九思留学考试学习中心",
        "category": "edu",
        "type": "科教文化服务;科教文化场所;科教文化场所",
        "district": "锦江区",
        "weight": 2
      }
    },
    {
      "type": "Feature",
      "geometry": {
        "type": "Point",
        "coordinates": [
          104.098786,
          30.613884
        ]
      },
      "properties": {
        "name": "嘉祥九思",
        "category": "edu",
        "type": "科教文化服务;培训机构;培训机构",
        "district": "锦江区",
        "weight": 3
      }
    },
    {
      "type": "Feature",
      "geometry": {
        "type": "Point",
        "coordinates": [
          104.112487,
          30.614313
        ]
      },
      "properties": {
        "name": "图书阅览室",
        "category": "edu",
        "type": "科教文化服务;图书馆;图书馆",
        "district": "锦江区",
        "weight": 13
      }
    },
    {
      "type": "Feature",
      "geometry": {
        "type": "Point",
        "coordinates": [
          104.106639,
          30.613782
        ]
      },
      "properties": {
        "name": "融创培训学校",
        "category": "edu",
        "type": "科教文化服务;培训机构;培训机构",
        "district": "锦江区",
        "weight": 12
      }
    },
    {
      "type": "Feature",
      "geometry": {
        "type": "Point",
        "coordinates": [
          104.111363,
          30.610508
        ]
      },
      "properties": {
        "name": "天娇艺术",
        "category": "edu",
        "type": "科教文化服务;美术馆;美术馆",
        "district": "锦江区",
        "weight": 13
      }
    },
    {
      "type": "Feature",
      "geometry": {
        "type": "Point",
        "coordinates": [
          104.106607,
          30.611375
        ]
      },
      "properties": {
        "name": "梵木艺术馆",
        "category": "edu",
        "type": "科教文化服务;美术馆;美术馆",
        "district": "锦江区",
        "weight": 1
      }
    },
    {
      "type": "Feature",
      "geometry": {
        "type": "Point",
        "coordinates": [
          104.112385,
          30.617222
        ]
      },
      "properties": {
        "name": "三幼树基城花幼儿园",
        "category": "edu",
        "type": "科教文化服务;学校;幼儿园",
        "district": "锦江区",
        "weight": 1
      }
    },
    {
      "type": "Feature",
      "geometry": {
        "type": "Point",
        "coordinates": [
          104.109468,
          30.618164
        ]
      },
      "properties": {
        "name": "曹县幼儿园",
        "category": "edu",
        "type": "科教文化服务;学校;幼儿园",
        "district": "锦江区",
        "weight": 1
      }
    },
    {
      "type": "Feature",
      "geometry": {
        "type": "Point",
        "coordinates": [
          104.111535,
          30.618846
        ]
      },
      "properties": {
        "name": "学大教育",
        "category": "edu",
        "type": "科教文化服务;培训机构;培训机构",
        "district": "锦江区",
        "weight": 20
      }
    },
    {
      "type": "Feature",
      "geometry": {
        "type": "Point",
        "coordinates": [
          104.109162,
          30.613539
        ]
      },
      "properties": {
        "name": "四川省农科院科研楼",
        "category": "edu",
        "type": "科教文化服务;科研机构;科研机构",
        "district": "锦江区",
        "weight": 1
      }
    },
    {
      "type": "Feature",
      "geometry": {
        "type": "Point",
        "coordinates": [
          104.109642,
          30.616569
        ]
      },
      "properties": {
        "name": "农科院生物技术和技术研究所",
        "category": "edu",
        "type": "科教文化服务;科研机构;科研机构",
        "district": "锦江区",
        "weight": 3
      }
    },
    {
      "type": "Feature",
      "geometry": {
        "type": "Point",
        "coordinates": [
          104.108085,
          30.618469
        ]
      },
      "properties": {
        "name": "四川省农科院农产品加工研究所",
        "category": "edu",
        "type": "科教文化服务;科研机构;科研机构",
        "district": "锦江区",
        "weight": 1
      }
    },
    {
      "type": "Feature",
      "geometry": {
        "type": "Point",
        "coordinates": [
          104.106515,
          30.615267
        ]
      },
      "properties": {
        "name": "睿创教育",
        "category": "edu",
        "type": "科教文化服务;培训机构;培训机构",
        "district": "锦江区",
        "weight": 5
      }
    },
    {
      "type": "Feature",
      "geometry": {
        "type": "Point",
        "coordinates": [
          104.122854,
          30.6141
        ]
      },
      "properties": {
        "name": "启航考研(菱窠路)",
        "category": "edu",
        "type": "科教文化服务;培训机构;培训机构",
        "district": "锦江区",
        "weight": 6
      }
    },
    {
      "type": "Feature",
      "geometry": {
        "type": "Point",
        "coordinates": [
          104.118883,
          30.612707
        ]
      },
      "properties": {
        "name": "四川师范大学",
        "category": "edu",
        "type": "科教文化服务;学校;高等院校",
        "district": "锦江区",
        "weight": 59
      }
    },
    {
      "type": "Feature",
      "geometry": {
        "type": "Point",
        "coordinates": [
          104.12045,
          30.61114
        ]
      },
      "properties": {
        "name": "四川师范大学培训楼",
        "category": "edu",
        "type": "科教文化服务;学校;高等院校",
        "district": "锦江区",
        "weight": 16
      }
    },
    {
      "type": "Feature",
      "geometry": {
        "type": "Point",
        "coordinates": [
          104.121083,
          30.615859
        ]
      },
      "properties": {
        "name": "四川师范大学第九教学楼",
        "category": "edu",
        "type": "科教文化服务;学校;高等院校",
        "district": "锦江区",
        "weight": 14
      }
    },
    {
      "type": "Feature",
      "geometry": {
        "type": "Point",
        "coordinates": [
          104.118328,
          30.616532
        ]
      },
      "properties": {
        "name": "四川师大附中",
        "category": "edu",
        "type": "科教文化服务;学校;中学",
        "district": "锦江区",
        "weight": 1
      }
    },
    {
      "type": "Feature",
      "geometry": {
        "type": "Point",
        "coordinates": [
          104.116109,
          30.609127
        ]
      },
      "properties": {
        "name": "云尚舞-舞蹈团",
        "category": "edu",
        "type": "科教文化服务;科教文化场所;科教文化场所",
        "district": "锦江区",
        "weight": 5
      }
    },
    {
      "type": "Feature",
      "geometry": {
        "type": "Point",
        "coordinates": [
          104.114333,
          30.614869
        ]
      },
      "properties": {
        "name": "电钢琴雅马哈二手",
        "category": "edu",
        "type": "科教文化服务;科教文化场所;科教文化场所",
        "district": "锦江区",
        "weight": 1
      }
    },
    {
      "type": "Feature",
      "geometry": {
        "type": "Point",
        "coordinates": [
          104.114228,
          30.612461
        ]
      },
      "properties": {
        "name": "爱瑞英语",
        "category": "edu",
        "type": "科教文化服务;培训机构;培训机构",
        "district": "锦江区",
        "weight": 5
      }
    },
    {
      "type": "Feature",
      "geometry": {
        "type": "Point",
        "coordinates": [
          104.116163,
          30.613336
        ]
      },
      "properties": {
        "name": "泊森艺考",
        "category": "edu",
        "type": "科教文化服务;培训机构;培训机构",
        "district": "锦江区",
        "weight": 3
      }
    },
    {
      "type": "Feature",
      "geometry": {
        "type": "Point",
        "coordinates": [
          104.114294,
          30.610646
        ]
      },
      "properties": {
        "name": "启明之星教育",
        "category": "edu",
        "type": "科教文化服务;培训机构;培训机构",
        "district": "锦江区",
        "weight": 1
      }
    },
    {
      "type": "Feature",
      "geometry": {
        "type": "Point",
        "coordinates": [
          104.117792,
          30.60971
        ]
      },
      "properties": {
        "name": "百思特音乐教室",
        "category": "edu",
        "type": "科教文化服务;培训机构;培训机构",
        "district": "锦江区",
        "weight": 1
      }
    },
    {
      "type": "Feature",
      "geometry": {
        "type": "Point",
        "coordinates": [
          104.122503,
          30.619059
        ]
      },
      "properties": {
        "name": "优胜教育培训学校",
        "category": "edu",
        "type": "科教文化服务;培训机构;培训机构",
        "district": "锦江区",
        "weight": 3
      }
    },
    {
      "type": "Feature",
      "geometry": {
        "type": "Point",
        "coordinates": [
          104.117575,
          30.618571
        ]
      },
      "properties": {
        "name": "四卓教育",
        "category": "edu",
        "type": "科教文化服务;培训机构;培训机构",
        "district": "锦江区",
        "weight": 1
      }
    },
    {
      "type": "Feature",
      "geometry": {
        "type": "Point",
        "coordinates": [
          104.127562,
          30.612289
        ]
      },
      "properties": {
        "name": "弈通社区文化发展中心",
        "category": "edu",
        "type": "科教文化服务;科教文化场所;科教文化场所",
        "district": "锦江区",
        "weight": 4
      }
    },
    {
      "type": "Feature",
      "geometry": {
        "type": "Point",
        "coordinates": [
          104.132007,
          30.613895
        ]
      },
      "properties": {
        "name": "领行教育",
        "category": "edu",
        "type": "科教文化服务;培训机构;培训机构",
        "district": "锦江区",
        "weight": 10
      }
    },
    {
      "type": "Feature",
      "geometry": {
        "type": "Point",
        "coordinates": [
          104.126287,
          30.61563
        ]
      },
      "properties": {
        "name": "成都艺蜀之声文化艺术学校",
        "category": "edu",
        "type": "科教文化服务;培训机构;培训机构",
        "district": "锦江区",
        "weight": 2
      }
    },
    {
      "type": "Feature",
      "geometry": {
        "type": "Point",
        "coordinates": [
          104.132271,
          30.61266
        ]
      },
      "properties": {
        "name": "新蒙特梭利幼儿园",
        "category": "edu",
        "type": "科教文化服务;学校;幼儿园",
        "district": "锦江区",
        "weight": 3
      }
    },
    {
      "type": "Feature",
      "geometry": {
        "type": "Point",
        "coordinates": [
          104.128863,
          30.618045
        ]
      },
      "properties": {
        "name": "乐辰蒙氏亲子园",
        "category": "edu",
        "type": "科教文化服务;培训机构;培训机构",
        "district": "锦江区",
        "weight": 2
      }
    },
    {
      "type": "Feature",
      "geometry": {
        "type": "Point",
        "coordinates": [
          104.123906,
          30.617327
        ]
      },
      "properties": {
        "name": "新生代教育",
        "category": "edu",
        "type": "科教文化服务;培训机构;培训机构",
        "district": "锦江区",
        "weight": 1
      }
    },
    {
      "type": "Feature",
      "geometry": {
        "type": "Point",
        "coordinates": [
          104.126352,
          30.60948
        ]
      },
      "properties": {
        "name": "思远教育",
        "category": "edu",
        "type": "科教文化服务;培训机构;培训机构",
        "district": "锦江区",
        "weight": 2
      }
    },
    {
      "type": "Feature",
      "geometry": {
        "type": "Point",
        "coordinates": [
          104.128791,
          30.612578
        ]
      },
      "properties": {
        "name": "艺梵托管",
        "category": "edu",
        "type": "科教文化服务;培训机构;培训机构",
        "district": "锦江区",
        "weight": 1
      }
    },
    {
      "type": "Feature",
      "geometry": {
        "type": "Point",
        "coordinates": [
          104.133541,
          30.610064
        ]
      },
      "properties": {
        "name": "圣心幼稚园",
        "category": "edu",
        "type": "科教文化服务;学校;幼儿园",
        "district": "锦江区",
        "weight": 3
      }
    },
    {
      "type": "Feature",
      "geometry": {
        "type": "Point",
        "coordinates": [
          104.134867,
          30.617981
        ]
      },
      "properties": {
        "name": "大观里幼儿园",
        "category": "edu",
        "type": "科教文化服务;学校;幼儿园",
        "district": "锦江区",
        "weight": 1
      }
    },
    {
      "type": "Feature",
      "geometry": {
        "type": "Point",
        "coordinates": [
          104.134464,
          30.612033
        ]
      },
      "properties": {
        "name": "许博士全脑教育学校",
        "category": "edu",
        "type": "科教文化服务;培训机构;培训机构",
        "district": "锦江区",
        "weight": 5
      }
    },
    {
      "type": "Feature",
      "geometry": {
        "type": "Point",
        "coordinates": [
          104.137306,
          30.610004
        ]
      },
      "properties": {
        "name": "李氏教育",
        "category": "edu",
        "type": "科教文化服务;培训机构;培训机构",
        "district": "锦江区",
        "weight": 2
      }
    },
    {
      "type": "Feature",
      "geometry": {
        "type": "Point",
        "coordinates": [
          104.138117,
          30.611166
        ]
      },
      "properties": {
        "name": "东方爱婴",
        "category": "edu",
        "type": "科教文化服务;培训机构;培训机构",
        "district": "锦江区",
        "weight": 2
      }
    },
    {
      "type": "Feature",
      "geometry": {
        "type": "Point",
        "coordinates": [
          104.140038,
          30.610095
        ]
      },
      "properties": {
        "name": "思乐图国际少儿艺术教育中心",
        "category": "edu",
        "type": "科教文化服务;培训机构;培训机构",
        "district": "锦江区",
        "weight": 2
      }
    },
    {
      "type": "Feature",
      "geometry": {
        "type": "Point",
        "coordinates": [
          103.966614,
          30.60908
        ]
      },
      "properties": {
        "name": "川越教育",
        "category": "edu",
        "type": "科教文化服务;培训机构;培训机构",
        "district": "武侯区",
        "weight": 4
      }
    },
    {
      "type": "Feature",
      "geometry": {
        "type": "Point",
        "coordinates": [
          103.973673,
          30.605246
        ]
      },
      "properties": {
        "name": "爱玛西南地区销售培训服务中心",
        "category": "edu",
        "type": "科教文化服务;科教文化场所;科教文化场所",
        "district": "武侯区",
        "weight": 1
      }
    },
    {
      "type": "Feature",
      "geometry": {
        "type": "Point",
        "coordinates": [
          103.966195,
          30.606324
        ]
      },
      "properties": {
        "name": "成都市金花中学",
        "category": "edu",
        "type": "科教文化服务;学校;中学",
        "district": "武侯区",
        "weight": 3
      }
    },
    {
      "type": "Feature",
      "geometry": {
        "type": "Point",
        "coordinates": [
          103.971472,
          30.605717
        ]
      },
      "properties": {
        "name": "成都市武侯区光明实验学校",
        "category": "edu",
        "type": "科教文化服务;学校;中学",
        "district": "武侯区",
        "weight": 1
      }
    },
    {
      "type": "Feature",
      "geometry": {
        "type": "Point",
        "coordinates": [
          103.971523,
          30.60256
        ]
      },
      "properties": {
        "name": "乐乐幼儿园",
        "category": "edu",
        "type": "科教文化服务;学校;幼儿园",
        "district": "武侯区",
        "weight": 1
      }
    },
    {
      "type": "Feature",
      "geometry": {
        "type": "Point",
        "coordinates": [
          103.978642,
          30.601638
        ]
      },
      "properties": {
        "name": "维度百纳文化传播有限公司",
        "category": "edu",
        "type": "科教文化服务;科教文化场所;科教文化场所",
        "district": "武侯区",
        "weight": 2
      }
    },
    {
      "type": "Feature",
      "geometry": {
        "type": "Point",
        "coordinates": [
          103.981905,
          30.605734
        ]
      },
      "properties": {
        "name": "童画馆",
        "category": "edu",
        "type": "科教文化服务;科教文化场所;科教文化场所",
        "district": "武侯区",
        "weight": 13
      }
    },
    {
      "type": "Feature",
      "geometry": {
        "type": "Point",
        "coordinates": [
          103.981258,
          30.601239
        ]
      },
      "properties": {
        "name": "高远传媒",
        "category": "edu",
        "type": "科教文化服务;科教文化场所;科教文化场所",
        "district": "武侯区",
        "weight": 3
      }
    },
    {
      "type": "Feature",
      "geometry": {
        "type": "Point",
        "coordinates": [
          103.97943,
          30.602555
        ]
      },
      "properties": {
        "name": "成都市金花实验学校(华康路)",
        "category": "edu",
        "type": "科教文化服务;学校;中学",
        "district": "武侯区",
        "weight": 1
      }
    },
    {
      "type": "Feature",
      "geometry": {
        "type": "Point",
        "coordinates": [
          103.978793,
          30.600471
        ]
      },
      "properties": {
        "name": "鞋都展览展示中心",
        "category": "edu",
        "type": "科教文化服务;展览馆;展览馆",
        "district": "武侯区",
        "weight": 1
      }
    },
    {
      "type": "Feature",
      "geometry": {
        "type": "Point",
        "coordinates": [
          103.977497,
          30.606404
        ]
      },
      "properties": {
        "name": "成都育仁实验学校",
        "category": "edu",
        "type": "科教文化服务;学校;小学",
        "district": "武侯区",
        "weight": 2
      }
    },
    {
      "type": "Feature",
      "geometry": {
        "type": "Point",
        "coordinates": [
          103.976997,
          30.607456
        ]
      },
      "properties": {
        "name": "玛丽亚中心幼儿园",
        "category": "edu",
        "type": "科教文化服务;学校;幼儿园",
        "district": "武侯区",
        "weight": 2
      }
    },
    {
      "type": "Feature",
      "geometry": {
        "type": "Point",
        "coordinates": [
          103.981271,
          30.60674
        ]
      },
      "properties": {
        "name": "爱心幼儿园(智谷大道)",
        "category": "edu",
        "type": "科教文化服务;学校;幼儿园",
        "district": "武侯区",
        "weight": 1
      }
    },
    {
      "type": "Feature",
      "geometry": {
        "type": "Point",
        "coordinates": [
          103.98357,
          30.606728
        ]
      },
      "properties": {
        "name": "567go健身教练培训",
        "category": "edu",
        "type": "科教文化服务;培训机构;培训机构",
        "district": "武侯区",
        "weight": 1
      }
    },
    {
      "type": "Feature",
      "geometry": {
        "type": "Point",
        "coordinates": [
          103.983249,
          30.604615
        ]
      },
      "properties": {
        "name": "美韵教育",
        "category": "edu",
        "type": "科教文化服务;培训机构;培训机构",
        "district": "武侯区",
        "weight": 1
      }
    },
    {
      "type": "Feature",
      "geometry": {
        "type": "Point",
        "coordinates": [
          103.980775,
          30.6022
        ]
      },
      "properties": {
        "name": "成都优品文化传播有限公司",
        "category": "edu",
        "type": "科教文化服务;科教文化场所;科教文化场所",
        "district": "武侯区",
        "weight": 1
      }
    },
    {
      "type": "Feature",
      "geometry": {
        "type": "Point",
        "coordinates": [
          103.987326,
          30.605362
        ]
      },
      "properties": {
        "name": "静宁传媒",
        "category": "edu",
        "type": "科教文化服务;传媒机构;传媒机构",
        "district": "武侯区",
        "weight": 1
      }
    },
    {
      "type": "Feature",
      "geometry": {
        "type": "Point",
        "coordinates": [
          103.99244,
          30.604676
        ]
      },
      "properties": {
        "name": "三味书屋辅导中心",
        "category": "edu",
        "type": "科教文化服务;培训机构;培训机构",
        "district": "武侯区",
        "weight": 10
      }
    },
    {
      "type": "Feature",
      "geometry": {
        "type": "Point",
        "coordinates": [
          103.987825,
          30.603181
        ]
      },
      "properties": {
        "name": "佳家乐幼儿园(望锦横街)",
        "category": "edu",
        "type": "科教文化服务;学校;幼儿园",
        "district": "武侯区",
        "weight": 1
      }
    },
    {
      "type": "Feature",
      "geometry": {
        "type": "Point",
        "coordinates": [
          103.989161,
          30.60593
        ]
      },
      "properties": {
        "name": "金太阳幼儿园(龙井西街)",
        "category": "edu",
        "type": "科教文化服务;学校;幼儿园",
        "district": "武侯区",
        "weight": 1
      }
    },
    {
      "type": "Feature",
      "geometry": {
        "type": "Point",
        "coordinates": [
          103.992846,
          30.607942
        ]
      },
      "properties": {
        "name": "新城社区青少年活动中心",
        "category": "edu",
        "type": "科教文化服务;文化宫;文化宫",
        "district": "武侯区",
        "weight": 4
      }
    },
    {
      "type": "Feature",
      "geometry": {
        "type": "Point",
        "coordinates": [
          103.988255,
          30.60457
        ]
      },
      "properties": {
        "name": "俊旭教育",
        "category": "edu",
        "type": "科教文化服务;培训机构;培训机构",
        "district": "武侯区",
        "weight": 1
      }
    },
    {
      "type": "Feature",
      "geometry": {
        "type": "Point",
        "coordinates": [
          103.989881,
          30.600206
        ]
      },
      "properties": {
        "name": "锐思创广告传播",
        "category": "edu",
        "type": "科教文化服务;传媒机构;传媒机构",
        "district": "武侯区",
        "weight": 1
      }
    },
    {
      "type": "Feature",
      "geometry": {
        "type": "Point",
        "coordinates": [
          103.984653,
          30.603723
        ]
      },
      "properties": {
        "name": "丹秋名师堂学校(簇桥校区)",
        "category": "edu",
        "type": "科教文化服务;科教文化场所;科教文化场所",
        "district": "武侯区",
        "weight": 1
      }
    },
    {
      "type": "Feature",
      "geometry": {
        "type": "Point",
        "coordinates": [
          103.987695,
          30.608575
        ]
      },
      "properties": {
        "name": "玖零街舞工作室",
        "category": "edu",
        "type": "科教文化服务;培训机构;培训机构",
        "district": "武侯区",
        "weight": 1
      }
    },
    {
      "type": "Feature",
      "geometry": {
        "type": "Point",
        "coordinates": [
          103.98402,
          30.608694
        ]
      },
      "properties": {
        "name": "课外一堂中小学辅导",
        "category": "edu",
        "type": "科教文化服务;培训机构;培训机构",
        "district": "武侯区",
        "weight": 2
      }
    },
    {
      "type": "Feature",
      "geometry": {
        "type": "Point",
        "coordinates": [
          103.990628,
          30.606122
        ]
      },
      "properties": {
        "name": "俊旭名师堂",
        "category": "edu",
        "type": "科教文化服务;培训机构;培训机构",
        "district": "武侯区",
        "weight": 2
      }
    },
    {
      "type": "Feature",
      "geometry": {
        "type": "Point",
        "coordinates": [
          103.990912,
          30.60472
        ]
      },
      "properties": {
        "name": "文大教育(簇桥校区)",
        "category": "edu",
        "type": "科教文化服务;培训机构;培训机构",
        "district": "武侯区",
        "weight": 1
      }
    },
    {
      "type": "Feature",
      "geometry": {
        "type": "Point",
        "coordinates": [
          103.984663,
          30.607557
        ]
      },
      "properties": {
        "name": "景成教育",
        "category": "edu",
        "type": "科教文化服务;培训机构;培训机构",
        "district": "武侯区",
        "weight": 1
      }
    },
    {
      "type": "Feature",
      "geometry": {
        "type": "Point",
        "coordinates": [
          103.985721,
          30.605131
        ]
      },
      "properties": {
        "name": "成都市锦江区戴氏高考中考培训学校簇桥总校",
        "category": "edu",
        "type": "科教文化服务;科教文化场所;科教文化场所",
        "district": "武侯区",
        "weight": 1
      }
    },
    {
      "type": "Feature",
      "geometry": {
        "type": "Point",
        "coordinates": [
          103.98872,
          30.601408
        ]
      },
      "properties": {
        "name": "西部信息工程电脑学校(簇桥下街)",
        "category": "edu",
        "type": "科教文化服务;培训机构;培训机构",
        "district": "武侯区",
        "weight": 2
      }
    },
    {
      "type": "Feature",
      "geometry": {
        "type": "Point",
        "coordinates": [
          103.99049,
          30.602887
        ]
      },
      "properties": {
        "name": "成都市武侯区优优幼儿园",
        "category": "edu",
        "type": "科教文化服务;学校;幼儿园",
        "district": "武侯区",
        "weight": 1
      }
    },
    {
      "type": "Feature",
      "geometry": {
        "type": "Point",
        "coordinates": [
          103.994835,
          30.603341
        ]
      },
      "properties": {
        "name": "武侯区簇桥街道综合文化活动中心(簇桥后街)",
        "category": "edu",
        "type": "科教文化服务;文化宫;文化宫",
        "district": "武侯区",
        "weight": 1
      }
    },
    {
      "type": "Feature",
      "geometry": {
        "type": "Point",
        "coordinates": [
          103.994288,
          30.602195
        ]
      },
      "properties": {
        "name": "志恒教育(簇桥后街)",
        "category": "edu",
        "type": "科教文化服务;培训机构;培训机构",
        "district": "武侯区",
        "weight": 2
      }
    },
    {
      "type": "Feature",
      "geometry": {
        "type": "Point",
        "coordinates": [
          104.002607,
          30.604971
        ]
      },
      "properties": {
        "name": "华兴阳光幼儿园",
        "category": "edu",
        "type": "科教文化服务;学校;幼儿园",
        "district": "武侯区",
        "weight": 1
      }
    },
    {
      "type": "Feature",
      "geometry": {
        "type": "Point",
        "coordinates": [
          104.003252,
          30.601263
        ]
      },
      "properties": {
        "name": "壹加贰教育托管中心",
        "category": "edu",
        "type": "科教文化服务;学校;幼儿园",
        "district": "武侯区",
        "weight": 1
      }
    },
    {
      "type": "Feature",
      "geometry": {
        "type": "Point",
        "coordinates": [
          103.997306,
          30.606307
        ]
      },
      "properties": {
        "name": "龙井幼儿园(木鱼庙街)",
        "category": "edu",
        "type": "科教文化服务;学校;幼儿园",
        "district": "武侯区",
        "weight": 1
      }
    },
    {
      "type": "Feature",
      "geometry": {
        "type": "Point",
        "coordinates": [
          103.998901,
          30.5999
        ]
      },
      "properties": {
        "name": "乖娃娃幼儿园(新安大道)",
        "category": "edu",
        "type": "科教文化服务;学校;幼儿园",
        "district": "武侯区",
        "weight": 1
      }
    },
    {
      "type": "Feature",
      "geometry": {
        "type": "Point",
        "coordinates": [
          104.001791,
          30.602846
        ]
      },
      "properties": {
        "name": "巴比诺幼稚园",
        "category": "edu",
        "type": "科教文化服务;学校;幼儿园",
        "district": "武侯区",
        "weight": 1
      }
    },
    {
      "type": "Feature",
      "geometry": {
        "type": "Point",
        "coordinates": [
          103.99551,
          30.607133
        ]
      },
      "properties": {
        "name": "红太阳艺术学校",
        "category": "edu",
        "type": "科教文化服务;培训机构;培训机构",
        "district": "武侯区",
        "weight": 1
      }
    },
    {
      "type": "Feature",
      "geometry": {
        "type": "Point",
        "coordinates": [
          103.998529,
          30.60668
        ]
      },
      "properties": {
        "name": "光亚零岁亲子教育中心",
        "category": "edu",
        "type": "科教文化服务;科教文化场所;科教文化场所",
        "district": "武侯区",
        "weight": 1
      }
    },
    {
      "type": "Feature",
      "geometry": {
        "type": "Point",
        "coordinates": [
          104.002533,
          30.607003
        ]
      },
      "properties": {
        "name": "好孩子幼儿园(五桂路)",
        "category": "edu",
        "type": "科教文化服务;学校;幼儿园",
        "district": "武侯区",
        "weight": 1
      }
    },
    {
      "type": "Feature",
      "geometry": {
        "type": "Point",
        "coordinates": [
          103.996792,
          30.603248
        ]
      },
      "properties": {
        "name": "尚书房教育",
        "category": "edu",
        "type": "科教文化服务;培训机构;培训机构",
        "district": "武侯区",
        "weight": 2
      }
    },
    {
      "type": "Feature",
      "geometry": {
        "type": "Point",
        "coordinates": [
          104.006259,
          30.605241
        ]
      },
      "properties": {
        "name": "狄邦教育",
        "category": "edu",
        "type": "科教文化服务;培训机构;培训机构",
        "district": "武侯区",
        "weight": 3
      }
    },
    {
      "type": "Feature",
      "geometry": {
        "type": "Point",
        "coordinates": [
          104.012149,
          30.606457
        ]
      },
      "properties": {
        "name": "成都直升机博物馆",
        "category": "edu",
        "type": "科教文化服务;博物馆;博物馆",
        "district": "武侯区",
        "weight": 1
      }
    },
    {
      "type": "Feature",
      "geometry": {
        "type": "Point",
        "coordinates": [
          104.004631,
          30.605762
        ]
      },
      "properties": {
        "name": "重庆鲁轩美术培训学校(成都分校)",
        "category": "edu",
        "type": "科教文化服务;培训机构;培训机构",
        "district": "武侯区",
        "weight": 1
      }
    },
    {
      "type": "Feature",
      "geometry": {
        "type": "Point",
        "coordinates": [
          104.022838,
          30.603772
        ]
      },
      "properties": {
        "name": "棒垒曲训练基地",
        "category": "edu",
        "type": "科教文化服务;培训机构;培训机构",
        "district": "武侯区",
        "weight": 2
      }
    },
    {
      "type": "Feature",
      "geometry": {
        "type": "Point",
        "coordinates": [
          104.033255,
          30.600478
        ]
      },
      "properties": {
        "name": "成都翌宸文化传播有限公司",
        "category": "edu",
        "type": "科教文化服务;科教文化场所;科教文化场所",
        "district": "武侯区",
        "weight": 2
      }
    },
    {
      "type": "Feature",
      "geometry": {
        "type": "Point",
        "coordinates": [
          104.026071,
          30.6039
        ]
      },
      "properties": {
        "name": "成都体校",
        "category": "edu",
        "type": "科教文化服务;学校;职业技术学校",
        "district": "武侯区",
        "weight": 7
      }
    },
    {
      "type": "Feature",
      "geometry": {
        "type": "Point",
        "coordinates": [
          104.027955,
          30.604075
        ]
      },
      "properties": {
        "name": "四川省运动技术学院重竞技系",
        "category": "edu",
        "type": "科教文化服务;学校;高等院校",
        "district": "武侯区",
        "weight": 2
      }
    },
    {
      "type": "Feature",
      "geometry": {
        "type": "Point",
        "coordinates": [
          104.029164,
          30.606495
        ]
      },
      "properties": {
        "name": "成都高新区庆安小学",
        "category": "edu",
        "type": "科教文化服务;学校;小学",
        "district": "武侯区",
        "weight": 1
      }
    },
    {
      "type": "Feature",
      "geometry": {
        "type": "Point",
        "coordinates": [
          104.029212,
          30.60559
        ]
      },
      "properties": {
        "name": "绿舟庆安幼儿园",
        "category": "edu",
        "type": "科教文化服务;学校;幼儿园",
        "district": "武侯区",
        "weight": 1
      }
    },
    {
      "type": "Feature",
      "geometry": {
        "type": "Point",
        "coordinates": [
          104.031163,
          30.599852
        ]
      },
      "properties": {
        "name": "大象传媒",
        "category": "edu",
        "type": "科教文化服务;科教文化场所;科教文化场所",
        "district": "武侯区",
        "weight": 1
      }
    },
    {
      "type": "Feature",
      "geometry": {
        "type": "Point",
        "coordinates": [
          104.027884,
          30.606647
        ]
      },
      "properties": {
        "name": "成都南桥艺术工作室",
        "category": "edu",
        "type": "科教文化服务;培训机构;培训机构",
        "district": "武侯区",
        "weight": 1
      }
    },
    {
      "type": "Feature",
      "geometry": {
        "type": "Point",
        "coordinates": [
          104.024537,
          30.6067
        ]
      },
      "properties": {
        "name": "雨露培训学校",
        "category": "edu",
        "type": "科教文化服务;培训机构;培训机构",
        "district": "武侯区",
        "weight": 1
      }
    },
    {
      "type": "Feature",
      "geometry": {
        "type": "Point",
        "coordinates": [
          104.038246,
          30.600005
        ]
      },
      "properties": {
        "name": "三和老爷车博物馆",
        "category": "edu",
        "type": "科教文化服务;博物馆;博物馆",
        "district": "武侯区",
        "weight": 1
      }
    },
    {
      "type": "Feature",
      "geometry": {
        "type": "Point",
        "coordinates": [
          104.036611,
          30.607397
        ]
      },
      "properties": {
        "name": "创美画廊",
        "category": "edu",
        "type": "科教文化服务;科教文化场所;科教文化场所",
        "district": "武侯区",
        "weight": 7
      }
    },
    {
      "type": "Feature",
      "geometry": {
        "type": "Point",
        "coordinates": [
          104.034426,
          30.600675
        ]
      },
      "properties": {
        "name": "成都美国学校",
        "category": "edu",
        "type": "科教文化服务;学校;学校|科教文化服务;培训机构;培训机构",
        "district": "武侯区",
        "weight": 1
      }
    },
    {
      "type": "Feature",
      "geometry": {
        "type": "Point",
        "coordinates": [
          104.036725,
          30.602874
        ]
      },
      "properties": {
        "name": "四川省明仿化工研究所(美洲北路)",
        "category": "edu",
        "type": "科教文化服务;科研机构;科研机构",
        "district": "武侯区",
        "weight": 1
      }
    },
    {
      "type": "Feature",
      "geometry": {
        "type": "Point",
        "coordinates": [
          104.040241,
          30.600122
        ]
      },
      "properties": {
        "name": "成都三和远景汽车工程职业学校",
        "category": "edu",
        "type": "科教文化服务;学校;职业技术学校",
        "district": "武侯区",
        "weight": 1
      }
    },
    {
      "type": "Feature",
      "geometry": {
        "type": "Point",
        "coordinates": [
          104.034891,
          30.607794
        ]
      },
      "properties": {
        "name": "学道教育",
        "category": "edu",
        "type": "科教文化服务;培训机构;培训机构",
        "district": "武侯区",
        "weight": 5
      }
    },
    {
      "type": "Feature",
      "geometry": {
        "type": "Point",
        "coordinates": [
          104.038387,
          30.605891
        ]
      },
      "properties": {
        "name": "京文教育",
        "category": "edu",
        "type": "科教文化服务;培训机构;培训机构",
        "district": "武侯区",
        "weight": 2
      }
    },
    {
      "type": "Feature",
      "geometry": {
        "type": "Point",
        "coordinates": [
          104.038681,
          30.60722
        ]
      },
      "properties": {
        "name": "戴氏教育(新乐路)",
        "category": "edu",
        "type": "科教文化服务;培训机构;培训机构",
        "district": "武侯区",
        "weight": 1
      }
    },
    {
      "type": "Feature",
      "geometry": {
        "type": "Point",
        "coordinates": [
          104.034934,
          30.601464
        ]
      },
      "properties": {
        "name": "魔方音乐工作室(美洲学院)",
        "category": "edu",
        "type": "科教文化服务;培训机构;培训机构",
        "district": "武侯区",
        "weight": 1
      }
    },
    {
      "type": "Feature",
      "geometry": {
        "type": "Point",
        "coordinates": [
          104.052441,
          30.605644
        ]
      },
      "properties": {
        "name": "成都北冥鱼文化传播有限公司",
        "category": "edu",
        "type": "科教文化服务;科教文化场所;科教文化场所",
        "district": "武侯区",
        "weight": 1
      }
    },
    {
      "type": "Feature",
      "geometry": {
        "type": "Point",
        "coordinates": [
          104.052959,
          30.60318
        ]
      },
      "properties": {
        "name": "芳草小学南区",
        "category": "edu",
        "type": "科教文化服务;学校;小学",
        "district": "武侯区",
        "weight": 1
      }
    },
    {
      "type": "Feature",
      "geometry": {
        "type": "Point",
        "coordinates": [
          104.045052,
          30.604394
        ]
      },
      "properties": {
        "name": "东床驼峰展馆",
        "category": "edu",
        "type": "科教文化服务;科教文化场所;科教文化场所",
        "district": "武侯区",
        "weight": 1
      }
    },
    {
      "type": "Feature",
      "geometry": {
        "type": "Point",
        "coordinates": [
          104.060587,
          30.605998
        ]
      },
      "properties": {
        "name": "巴黎域尚",
        "category": "edu",
        "type": "科教文化服务;科教文化场所;科教文化场所",
        "district": "武侯区",
        "weight": 11
      }
    },
    {
      "type": "Feature",
      "geometry": {
        "type": "Point",
        "coordinates": [
          104.056929,
          30.601882
        ]
      },
      "properties": {
        "name": "品尚教育",
        "category": "edu",
        "type": "科教文化服务;培训机构;培训机构",
        "district": "武侯区",
        "weight": 7
      }
    },
    {
      "type": "Feature",
      "geometry": {
        "type": "Point",
        "coordinates": [
          104.057016,
          30.60707
        ]
      },
      "properties": {
        "name": "格颜美育文化传播有限公司",
        "category": "edu",
        "type": "科教文化服务;传媒机构;传媒机构",
        "district": "武侯区",
        "weight": 2
      }
    },
    {
      "type": "Feature",
      "geometry": {
        "type": "Point",
        "coordinates": [
          104.057827,
          30.60482
        ]
      },
      "properties": {
        "name": "成都蓉创文化传播有限责任公司",
        "category": "edu",
        "type": "科教文化服务;科教文化场所;科教文化场所",
        "district": "武侯区",
        "weight": 1
      }
    },
    {
      "type": "Feature",
      "geometry": {
        "type": "Point",
        "coordinates": [
          104.062117,
          30.604022
        ]
      },
      "properties": {
        "name": "美视艺术",
        "category": "edu",
        "type": "科教文化服务;美术馆;美术馆",
        "district": "武侯区",
        "weight": 2
      }
    },
    {
      "type": "Feature",
      "geometry": {
        "type": "Point",
        "coordinates": [
          104.063239,
          30.606519
        ]
      },
      "properties": {
        "name": "成都市交通规划勘察设计院",
        "category": "edu",
        "type": "科教文化服务;科研机构;科研机构",
        "district": "武侯区",
        "weight": 1
      }
    },
    {
      "type": "Feature",
      "geometry": {
        "type": "Point",
        "coordinates": [
          104.053914,
          30.605978
        ]
      },
      "properties": {
        "name": "翰音艺术",
        "category": "edu",
        "type": "科教文化服务;培训机构;培训机构|购物服务;专卖店;专营店",
        "district": "武侯区",
        "weight": 2
      }
    },
    {
      "type": "Feature",
      "geometry": {
        "type": "Point",
        "coordinates": [
          104.058389,
          30.60612
        ]
      },
      "properties": {
        "name": "天娇艺术(南延线店)",
        "category": "edu",
        "type": "科教文化服务;科教文化场所;科教文化场所",
        "district": "武侯区",
        "weight": 1
      }
    },
    {
      "type": "Feature",
      "geometry": {
        "type": "Point",
        "coordinates": [
          104.055937,
          30.608393
        ]
      },
      "properties": {
        "name": "眼睛S睿司传媒",
        "category": "edu",
        "type": "科教文化服务;科教文化场所;科教文化场所",
        "district": "武侯区",
        "weight": 1
      }
    },
    {
      "type": "Feature",
      "geometry": {
        "type": "Point",
        "coordinates": [
          104.063762,
          30.603997
        ]
      },
      "properties": {
        "name": "金色航程儿童教育",
        "category": "edu",
        "type": "科教文化服务;培训机构;培训机构",
        "district": "武侯区",
        "weight": 7
      }
    },
    {
      "type": "Feature",
      "geometry": {
        "type": "Point",
        "coordinates": [
          104.061327,
          30.601177
        ]
      },
      "properties": {
        "name": "成都高新区篮协篮球培训",
        "category": "edu",
        "type": "科教文化服务;培训机构;培训机构",
        "district": "武侯区",
        "weight": 1
      }
    },
    {
      "type": "Feature",
      "geometry": {
        "type": "Point",
        "coordinates": [
          104.068836,
          30.601257
        ]
      },
      "properties": {
        "name": "海之星文化传播有限公司",
        "category": "edu",
        "type": "科教文化服务;科教文化场所;科教文化场所",
        "district": "武侯区",
        "weight": 1
      }
    },
    {
      "type": "Feature",
      "geometry": {
        "type": "Point",
        "coordinates": [
          104.066648,
          30.605444
        ]
      },
      "properties": {
        "name": "金色雨林",
        "category": "edu",
        "type": "科教文化服务;培训机构;培训机构",
        "district": "武侯区",
        "weight": 16
      }
    },
    {
      "type": "Feature",
      "geometry": {
        "type": "Point",
        "coordinates": [
          104.069872,
          30.605347
        ]
      },
      "properties": {
        "name": "新档案馆",
        "category": "edu",
        "type": "科教文化服务;档案馆;档案馆",
        "district": "武侯区",
        "weight": 13
      }
    },
    {
      "type": "Feature",
      "geometry": {
        "type": "Point",
        "coordinates": [
          104.072289,
          30.605213
        ]
      },
      "properties": {
        "name": "成都高新和平学校",
        "category": "edu",
        "type": "科教文化服务;学校;中学",
        "district": "武侯区",
        "weight": 2
      }
    },
    {
      "type": "Feature",
      "geometry": {
        "type": "Point",
        "coordinates": [
          104.067378,
          30.607413
        ]
      },
      "properties": {
        "name": "艺家国际画廊",
        "category": "edu",
        "type": "科教文化服务;科教文化场所;科教文化场所",
        "district": "武侯区",
        "weight": 2
      }
    },
    {
      "type": "Feature",
      "geometry": {
        "type": "Point",
        "coordinates": [
          104.06984,
          30.60201
        ]
      },
      "properties": {
        "name": "和平社区幼儿园",
        "category": "edu",
        "type": "科教文化服务;学校;幼儿园",
        "district": "武侯区",
        "weight": 1
      }
    },
    {
      "type": "Feature",
      "geometry": {
        "type": "Point",
        "coordinates": [
          104.072946,
          30.603017
        ]
      },
      "properties": {
        "name": "绿舟和平幼儿园",
        "category": "edu",
        "type": "科教文化服务;学校;幼儿园",
        "district": "武侯区",
        "weight": 1
      }
    },
    {
      "type": "Feature",
      "geometry": {
        "type": "Point",
        "coordinates": [
          104.070896,
          30.601266
        ]
      },
      "properties": {
        "name": "童梦摇亲子园",
        "category": "edu",
        "type": "科教文化服务;学校;幼儿园",
        "district": "武侯区",
        "weight": 3
      }
    },
    {
      "type": "Feature",
      "geometry": {
        "type": "Point",
        "coordinates": [
          104.066676,
          30.604264
        ]
      },
      "properties": {
        "name": "成都慧心职业技能培训学校",
        "category": "edu",
        "type": "科教文化服务;学校;职业技术学校",
        "district": "武侯区",
        "weight": 1
      }
    },
    {
      "type": "Feature",
      "geometry": {
        "type": "Point",
        "coordinates": [
          104.072477,
          30.604329
        ]
      },
      "properties": {
        "name": "夏加儿美术教育(天仁路)",
        "category": "edu",
        "type": "科教文化服务;培训机构;培训机构",
        "district": "武侯区",
        "weight": 1
      }
    },
    {
      "type": "Feature",
      "geometry": {
        "type": "Point",
        "coordinates": [
          104.076621,
          30.607477
        ]
      },
      "properties": {
        "name": "成都意格文化传播有限公司",
        "category": "edu",
        "type": "科教文化服务;科教文化场所;科教文化场所",
        "district": "武侯区",
        "weight": 1
      }
    },
    {
      "type": "Feature",
      "geometry": {
        "type": "Point",
        "coordinates": [
          104.075412,
          30.605384
        ]
      },
      "properties": {
        "name": "百若萌文化传播有限公司",
        "category": "edu",
        "type": "科教文化服务;科教文化场所;科教文化场所",
        "district": "武侯区",
        "weight": 1
      }
    },
    {
      "type": "Feature",
      "geometry": {
        "type": "Point",
        "coordinates": [
          104.079141,
          30.608086
        ]
      },
      "properties": {
        "name": "我们的艺术",
        "category": "edu",
        "type": "科教文化服务;培训机构;培训机构|科教文化服务;美术馆;美术馆",
        "district": "武侯区",
        "weight": 6
      }
    },
    {
      "type": "Feature",
      "geometry": {
        "type": "Point",
        "coordinates": [
          104.074383,
          30.605708
        ]
      },
      "properties": {
        "name": "成都三乐学校",
        "category": "edu",
        "type": "科教文化服务;培训机构;培训机构",
        "district": "武侯区",
        "weight": 1
      }
    },
    {
      "type": "Feature",
      "geometry": {
        "type": "Point",
        "coordinates": [
          104.080991,
          30.606287
        ]
      },
      "properties": {
        "name": "城市学校少年宫",
        "category": "edu",
        "type": "科教文化服务;文化宫;文化宫",
        "district": "武侯区",
        "weight": 3
      }
    },
    {
      "type": "Feature",
      "geometry": {
        "type": "Point",
        "coordinates": [
          104.0808,
          30.607955
        ]
      },
      "properties": {
        "name": "三瓦窑社区幼儿园",
        "category": "edu",
        "type": "科教文化服务;学校;幼儿园",
        "district": "武侯区",
        "weight": 1
      }
    },
    {
      "type": "Feature",
      "geometry": {
        "type": "Point",
        "coordinates": [
          104.075748,
          30.602977
        ]
      },
      "properties": {
        "name": "声声乐耳",
        "category": "edu",
        "type": "科教文化服务;培训机构;培训机构",
        "district": "武侯区",
        "weight": 1
      }
    },
    {
      "type": "Feature",
      "geometry": {
        "type": "Point",
        "coordinates": [
          104.076806,
          30.60402
        ]
      },
      "properties": {
        "name": "麦麦教育",
        "category": "edu",
        "type": "科教文化服务;培训机构;培训机构",
        "district": "武侯区",
        "weight": 1
      }
    },
    {
      "type": "Feature",
      "geometry": {
        "type": "Point",
        "coordinates": [
          104.086942,
          30.600077
        ]
      },
      "properties": {
        "name": "成都星光时代文化传播有限公司",
        "category": "edu",
        "type": "科教文化服务;科教文化场所;科教文化场所",
        "district": "锦江区",
        "weight": 1
      }
    },
    {
      "type": "Feature",
      "geometry": {
        "type": "Point",
        "coordinates": [
          104.083626,
          30.606836
        ]
      },
      "properties": {
        "name": "成都目之视觉文化传播有限公司",
        "category": "edu",
        "type": "科教文化服务;科教文化场所;科教文化场所",
        "district": "武侯区",
        "weight": 1
      }
    },
    {
      "type": "Feature",
      "geometry": {
        "type": "Point",
        "coordinates": [
          104.086368,
          30.604671
        ]
      },
      "properties": {
        "name": "心可儿幼稚园",
        "category": "edu",
        "type": "科教文化服务;学校;幼儿园",
        "district": "锦江区",
        "weight": 3
      }
    },
    {
      "type": "Feature",
      "geometry": {
        "type": "Point",
        "coordinates": [
          104.089234,
          30.605446
        ]
      },
      "properties": {
        "name": "丹秋教育",
        "category": "edu",
        "type": "科教文化服务;培训机构;培训机构",
        "district": "锦江区",
        "weight": 3
      }
    },
    {
      "type": "Feature",
      "geometry": {
        "type": "Point",
        "coordinates": [
          104.086778,
          30.607158
        ]
      },
      "properties": {
        "name": "川音大地",
        "category": "edu",
        "type": "科教文化服务;培训机构;培训机构",
        "district": "锦江区",
        "weight": 2
      }
    },
    {
      "type": "Feature",
      "geometry": {
        "type": "Point",
        "coordinates": [
          104.084068,
          30.601204
        ]
      },
      "properties": {
        "name": "四川鑫成传媒有限公司",
        "category": "edu",
        "type": "科教文化服务;传媒机构;传媒机构",
        "district": "锦江区",
        "weight": 1
      }
    },
    {
      "type": "Feature",
      "geometry": {
        "type": "Point",
        "coordinates": [
          104.102737,
          30.607329
        ]
      },
      "properties": {
        "name": "成都锦江区大爱武术文化中心",
        "category": "edu",
        "type": "科教文化服务;科教文化场所;科教文化场所",
        "district": "锦江区",
        "weight": 1
      }
    },
    {
      "type": "Feature",
      "geometry": {
        "type": "Point",
        "coordinates": [
          104.093946,
          30.603565
        ]
      },
      "properties": {
        "name": "成都晟意天光文化传播有限公司",
        "category": "edu",
        "type": "科教文化服务;科教文化场所;科教文化场所",
        "district": "锦江区",
        "weight": 1
      }
    },
    {
      "type": "Feature",
      "geometry": {
        "type": "Point",
        "coordinates": [
          104.099523,
          30.608597
        ]
      },
      "properties": {
        "name": "成都市社会科学院",
        "category": "edu",
        "type": "科教文化服务;学校;高等院校",
        "district": "锦江区",
        "weight": 4
      }
    },
    {
      "type": "Feature",
      "geometry": {
        "type": "Point",
        "coordinates": [
          104.099051,
          30.603178
        ]
      },
      "properties": {
        "name": "成都市民道德讲堂",
        "category": "edu",
        "type": "科教文化服务;培训机构;培训机构",
        "district": "锦江区",
        "weight": 2
      }
    },
    {
      "type": "Feature",
      "geometry": {
        "type": "Point",
        "coordinates": [
          104.102707,
          30.603131
        ]
      },
      "properties": {
        "name": "新海小学",
        "category": "edu",
        "type": "科教文化服务;学校;小学",
        "district": "锦江区",
        "weight": 6
      }
    },
    {
      "type": "Feature",
      "geometry": {
        "type": "Point",
        "coordinates": [
          104.098064,
          30.604089
        ]
      },
      "properties": {
        "name": "广陵琴行",
        "category": "edu",
        "type": "科教文化服务;培训机构;培训机构",
        "district": "锦江区",
        "weight": 2
      }
    },
    {
      "type": "Feature",
      "geometry": {
        "type": "Point",
        "coordinates": [
          104.100587,
          30.603607
        ]
      },
      "properties": {
        "name": "星韵艺术",
        "category": "edu",
        "type": "科教文化服务;美术馆;美术馆",
        "district": "锦江区",
        "weight": 2
      }
    },
    {
      "type": "Feature",
      "geometry": {
        "type": "Point",
        "coordinates": [
          104.097698,
          30.599618
        ]
      },
      "properties": {
        "name": "成都爱贝幼儿园",
        "category": "edu",
        "type": "科教文化服务;学校;幼儿园",
        "district": "锦江区",
        "weight": 1
      }
    },
    {
      "type": "Feature",
      "geometry": {
        "type": "Point",
        "coordinates": [
          104.098536,
          30.600856
        ]
      },
      "properties": {
        "name": "成都广播电视台",
        "category": "edu",
        "type": "科教文化服务;传媒机构;电视台",
        "district": "锦江区",
        "weight": 2
      }
    },
    {
      "type": "Feature",
      "geometry": {
        "type": "Point",
        "coordinates": [
          104.102758,
          30.605799
        ]
      },
      "properties": {
        "name": "皇经社区中心幼儿园",
        "category": "edu",
        "type": "科教文化服务;学校;幼儿园",
        "district": "锦江区",
        "weight": 1
      }
    },
    {
      "type": "Feature",
      "geometry": {
        "type": "Point",
        "coordinates": [
          104.103293,
          30.60904
        ]
      },
      "properties": {
        "name": "晨辉社区少年儿童成长中心",
        "category": "edu",
        "type": "科教文化服务;科教文化场所;科教文化场所|生活服务;生活服务场所;生活服务场所",
        "district": "锦江区",
        "weight": 2
      }
    },
    {
      "type": "Feature",
      "geometry": {
        "type": "Point",
        "coordinates": [
          104.097799,
          30.608973
        ]
      },
      "properties": {
        "name": "老农科院",
        "category": "edu",
        "type": "科教文化服务;科教文化场所;科教文化场所",
        "district": "锦江区",
        "weight": 1
      }
    },
    {
      "type": "Feature",
      "geometry": {
        "type": "Point",
        "coordinates": [
          104.094752,
          30.608873
        ]
      },
      "properties": {
        "name": "蒲公英教育培训学校",
        "category": "edu",
        "type": "科教文化服务;培训机构;培训机构",
        "district": "锦江区",
        "weight": 3
      }
    },
    {
      "type": "Feature",
      "geometry": {
        "type": "Point",
        "coordinates": [
          104.100784,
          30.602526
        ]
      },
      "properties": {
        "name": "非凡星海教育培训学校",
        "category": "edu",
        "type": "科教文化服务;培训机构;培训机构",
        "district": "锦江区",
        "weight": 1
      }
    },
    {
      "type": "Feature",
      "geometry": {
        "type": "Point",
        "coordinates": [
          104.09699,
          30.602571
        ]
      },
      "properties": {
        "name": "四川金蝶艺术中心(琉璃校区)",
        "category": "edu",
        "type": "科教文化服务;培训机构;培训机构",
        "district": "锦江区",
        "weight": 1
      }
    },
    {
      "type": "Feature",
      "geometry": {
        "type": "Point",
        "coordinates": [
          104.107766,
          30.603847
        ]
      },
      "properties": {
        "name": "东蜀华德福小学",
        "category": "edu",
        "type": "科教文化服务;学校;小学",
        "district": "锦江区",
        "weight": 4
      }
    },
    {
      "type": "Feature",
      "geometry": {
        "type": "Point",
        "coordinates": [
          104.107408,
          30.601945
        ]
      },
      "properties": {
        "name": "东国教育",
        "category": "edu",
        "type": "科教文化服务;培训机构;培训机构",
        "district": "锦江区",
        "weight": 4
      }
    },
    {
      "type": "Feature",
      "geometry": {
        "type": "Point",
        "coordinates": [
          104.104286,
          30.605832
        ]
      },
      "properties": {
        "name": "锦江区四方幼稚园",
        "category": "edu",
        "type": "科教文化服务;学校;幼儿园",
        "district": "锦江区",
        "weight": 1
      }
    },
    {
      "type": "Feature",
      "geometry": {
        "type": "Point",
        "coordinates": [
          104.104456,
          30.602988
        ]
      },
      "properties": {
        "name": "八火非洲鼓工作室",
        "category": "edu",
        "type": "科教文化服务;培训机构;培训机构",
        "district": "锦江区",
        "weight": 2
      }
    },
    {
      "type": "Feature",
      "geometry": {
        "type": "Point",
        "coordinates": [
          104.12455,
          30.606562
        ]
      },
      "properties": {
        "name": "成都三中",
        "category": "edu",
        "type": "科教文化服务;学校;中学",
        "district": "锦江区",
        "weight": 28
      }
    },
    {
      "type": "Feature",
      "geometry": {
        "type": "Point",
        "coordinates": [
          104.114641,
          30.600556
        ]
      },
      "properties": {
        "name": "成都市锦江区职工学校",
        "category": "edu",
        "type": "科教文化服务;学校;职业技术学校",
        "district": "锦江区",
        "weight": 1
      }
    },
    {
      "type": "Feature",
      "geometry": {
        "type": "Point",
        "coordinates": [
          104.116504,
          30.59993
        ]
      },
      "properties": {
        "name": "成都市锦江区青少年宫(南三环路二段辅路)",
        "category": "edu",
        "type": "科教文化服务;文化宫;文化宫",
        "district": "锦江区",
        "weight": 1
      }
    },
    {
      "type": "Feature",
      "geometry": {
        "type": "Point",
        "coordinates": [
          104.133132,
          30.601926
        ]
      },
      "properties": {
        "name": "盐道街小学卓锦分校",
        "category": "edu",
        "type": "科教文化服务;学校;小学",
        "district": "锦江区",
        "weight": 1
      }
    },
    {
      "type": "Feature",
      "geometry": {
        "type": "Point",
        "coordinates": [
          104.129664,
          30.609076
        ]
      },
      "properties": {
        "name": "贝佳乐幼儿园(水杉街)",
        "category": "edu",
        "type": "科教文化服务;学校;幼儿园",
        "district": "锦江区",
        "weight": 1
      }
    },
    {
      "type": "Feature",
      "geometry": {
        "type": "Point",
        "coordinates": [
          104.129219,
          30.600959
        ]
      },
      "properties": {
        "name": "成都市锦江区伊顿幼儿园",
        "category": "edu",
        "type": "科教文化服务;学校;幼儿园",
        "district": "锦江区",
        "weight": 1
      }
    },
    {
      "type": "Feature",
      "geometry": {
        "type": "Point",
        "coordinates": [
          104.127811,
          30.602626
        ]
      },
      "properties": {
        "name": "如果艺术中心(卓锦校区)",
        "category": "edu",
        "type": "科教文化服务;美术馆;美术馆",
        "district": "锦江区",
        "weight": 1
      }
    },
    {
      "type": "Feature",
      "geometry": {
        "type": "Point",
        "coordinates": [
          104.131423,
          30.602393
        ]
      },
      "properties": {
        "name": "盐道街小学卓锦分校(西门)",
        "category": "edu",
        "type": "科教文化服务;学校;小学",
        "district": "锦江区",
        "weight": 1
      }
    },
    {
      "type": "Feature",
      "geometry": {
        "type": "Point",
        "coordinates": [
          104.128737,
          30.602102
        ]
      },
      "properties": {
        "name": "莫扎特钢琴学堂",
        "category": "edu",
        "type": "科教文化服务;培训机构;培训机构",
        "district": "锦江区",
        "weight": 1
      }
    },
    {
      "type": "Feature",
      "geometry": {
        "type": "Point",
        "coordinates": [
          104.131993,
          30.60796
        ]
      },
      "properties": {
        "name": "成都市携成职业技能培训学校",
        "category": "edu",
        "type": "科教文化服务;培训机构;培训机构",
        "district": "锦江区",
        "weight": 1
      }
    },
    {
      "type": "Feature",
      "geometry": {
        "type": "Point",
        "coordinates": [
          104.130858,
          30.600795
        ]
      },
      "properties": {
        "name": "乐伊公学社区儿童成长中心(卓锦城校区)",
        "category": "edu",
        "type": "科教文化服务;培训机构;培训机构",
        "district": "锦江区",
        "weight": 1
      }
    },
    {
      "type": "Feature",
      "geometry": {
        "type": "Point",
        "coordinates": [
          104.140124,
          30.601239
        ]
      },
      "properties": {
        "name": "盛喜文化传播有限公司",
        "category": "edu",
        "type": "科教文化服务;科教文化场所;科教文化场所",
        "district": "锦江区",
        "weight": 1
      }
    },
    {
      "type": "Feature",
      "geometry": {
        "type": "Point",
        "coordinates": [
          104.133545,
          30.604789
        ]
      },
      "properties": {
        "name": "灵沐风云体育文化传播有限公司",
        "category": "edu",
        "type": "科教文化服务;科教文化场所;科教文化场所",
        "district": "锦江区",
        "weight": 1
      }
    },
    {
      "type": "Feature",
      "geometry": {
        "type": "Point",
        "coordinates": [
          104.13814,
          30.607702
        ]
      },
      "properties": {
        "name": "成都树德中学外国语校区",
        "category": "edu",
        "type": "科教文化服务;学校;中学",
        "district": "锦江区",
        "weight": 2
      }
    },
    {
      "type": "Feature",
      "geometry": {
        "type": "Point",
        "coordinates": [
          104.140485,
          30.608531
        ]
      },
      "properties": {
        "name": "锦江外国语小学",
        "category": "edu",
        "type": "科教文化服务;学校;小学",
        "district": "锦江区",
        "weight": 1
      }
    },
    {
      "type": "Feature",
      "geometry": {
        "type": "Point",
        "coordinates": [
          104.138092,
          30.601383
        ]
      },
      "properties": {
        "name": "爱童艺术中心",
        "category": "edu",
        "type": "科教文化服务;美术馆;美术馆",
        "district": "锦江区",
        "weight": 1
      }
    },
    {
      "type": "Feature",
      "geometry": {
        "type": "Point",
        "coordinates": [
          104.139624,
          30.599783
        ]
      },
      "properties": {
        "name": "佳声录音棚",
        "category": "edu",
        "type": "科教文化服务;科教文化场所;科教文化场所",
        "district": "锦江区",
        "weight": 1
      }
    },
    {
      "type": "Feature",
      "geometry": {
        "type": "Point",
        "coordinates": [
          104.13603,
          30.602738
        ]
      },
      "properties": {
        "name": "成都市第一幼儿园卓锦园区",
        "category": "edu",
        "type": "科教文化服务;科教文化场所;科教文化场所",
        "district": "锦江区",
        "weight": 1
      }
    },
    {
      "type": "Feature",
      "geometry": {
        "type": "Point",
        "coordinates": [
          104.142913,
          30.606713
        ]
      },
      "properties": {
        "name": "泰勒斯教育",
        "category": "edu",
        "type": "科教文化服务;培训机构;培训机构",
        "district": "锦江区",
        "weight": 1
      }
    },
    {
      "type": "Feature",
      "geometry": {
        "type": "Point",
        "coordinates": [
          104.139025,
          30.608824
        ]
      },
      "properties": {
        "name": "星萌艺校",
        "category": "edu",
        "type": "科教文化服务;培训机构;培训机构",
        "district": "锦江区",
        "weight": 4
      }
    },
    {
      "type": "Feature",
      "geometry": {
        "type": "Point",
        "coordinates": [
          103.971991,
          30.595051
        ]
      },
      "properties": {
        "name": "成都市启明学校",
        "category": "edu",
        "type": "科教文化服务;学校;中学",
        "district": "武侯区",
        "weight": 1
      }
    },
    {
      "type": "Feature",
      "geometry": {
        "type": "Point",
        "coordinates": [
          103.96738,
          30.593707
        ]
      },
      "properties": {
        "name": "启明教育",
        "category": "edu",
        "type": "科教文化服务;培训机构;培训机构",
        "district": "武侯区",
        "weight": 7
      }
    },
    {
      "type": "Feature",
      "geometry": {
        "type": "Point",
        "coordinates": [
          103.971257,
          30.593138
        ]
      },
      "properties": {
        "name": "小太阳成长幼儿园",
        "category": "edu",
        "type": "科教文化服务;学校;幼儿园",
        "district": "武侯区",
        "weight": 1
      }
    },
    {
      "type": "Feature",
      "geometry": {
        "type": "Point",
        "coordinates": [
          103.973771,
          30.592338
        ]
      },
      "properties": {
        "name": "启明翔越电脑培训",
        "category": "edu",
        "type": "科教文化服务;培训机构;培训机构",
        "district": "武侯区",
        "weight": 3
      }
    },
    {
      "type": "Feature",
      "geometry": {
        "type": "Point",
        "coordinates": [
          103.982712,
          30.596182
        ]
      },
      "properties": {
        "name": "新苗小学",
        "category": "edu",
        "type": "科教文化服务;学校;小学",
        "district": "武侯区",
        "weight": 2
      }
    },
    {
      "type": "Feature",
      "geometry": {
        "type": "Point",
        "coordinates": [
          103.98342,
          30.598562
        ]
      },
      "properties": {
        "name": "成都市育华学校",
        "category": "edu",
        "type": "科教文化服务;学校;学校",
        "district": "武侯区",
        "weight": 1
      }
    },
    {
      "type": "Feature",
      "geometry": {
        "type": "Point",
        "coordinates": [
          103.976586,
          30.589701
        ]
      },
      "properties": {
        "name": "成都市武侯区星宇幼儿园",
        "category": "edu",
        "type": "科教文化服务;学校;幼儿园",
        "district": "武侯区",
        "weight": 1
      }
    },
    {
      "type": "Feature",
      "geometry": {
        "type": "Point",
        "coordinates": [
          103.984992,
          30.597366
        ]
      },
      "properties": {
        "name": "艺晨教育",
        "category": "edu",
        "type": "科教文化服务;培训机构;培训机构",
        "district": "武侯区",
        "weight": 2
      }
    },
    {
      "type": "Feature",
      "geometry": {
        "type": "Point",
        "coordinates": [
          103.992578,
          30.597633
        ]
      },
      "properties": {
        "name": "成都市武侯实验中学",
        "category": "edu",
        "type": "科教文化服务;学校;中学",
        "district": "武侯区",
        "weight": 1
      }
    },
    {
      "type": "Feature",
      "geometry": {
        "type": "Point",
        "coordinates": [
          103.986323,
          30.596319
        ]
      },
      "properties": {
        "name": "新苗新居幼儿园",
        "category": "edu",
        "type": "科教文化服务;学校;幼儿园",
        "district": "武侯区",
        "weight": 1
      }
    },
    {
      "type": "Feature",
      "geometry": {
        "type": "Point",
        "coordinates": [
          103.986911,
          30.598976
        ]
      },
      "properties": {
        "name": "新苗阳光幼儿园",
        "category": "edu",
        "type": "科教文化服务;学校;幼儿园",
        "district": "武侯区",
        "weight": 3
      }
    },
    {
      "type": "Feature",
      "geometry": {
        "type": "Point",
        "coordinates": [
          103.986364,
          30.59747
        ]
      },
      "properties": {
        "name": "武侯实验中学附属小学",
        "category": "edu",
        "type": "科教文化服务;学校;小学",
        "district": "武侯区",
        "weight": 1
      }
    },
    {
      "type": "Feature",
      "geometry": {
        "type": "Point",
        "coordinates": [
          103.985153,
          30.599212
        ]
      },
      "properties": {
        "name": "尚好教育(簇马路一段)",
        "category": "edu",
        "type": "科教文化服务;培训机构;培训机构",
        "district": "武侯区",
        "weight": 1
      }
    },
    {
      "type": "Feature",
      "geometry": {
        "type": "Point",
        "coordinates": [
          103.991323,
          30.598632
        ]
      },
      "properties": {
        "name": "戴氏名师中心",
        "category": "edu",
        "type": "科教文化服务;科教文化场所;科教文化场所",
        "district": "武侯区",
        "weight": 3
      }
    },
    {
      "type": "Feature",
      "geometry": {
        "type": "Point",
        "coordinates": [
          103.988927,
          30.596965
        ]
      },
      "properties": {
        "name": "慧特教育",
        "category": "edu",
        "type": "科教文化服务;培训机构;培训机构",
        "district": "武侯区",
        "weight": 1
      }
    },
    {
      "type": "Feature",
      "geometry": {
        "type": "Point",
        "coordinates": [
          103.992984,
          30.593177
        ]
      },
      "properties": {
        "name": "训犬中心",
        "category": "edu",
        "type": "科教文化服务;科教文化场所;科教文化场所",
        "district": "武侯区",
        "weight": 1
      }
    },
    {
      "type": "Feature",
      "geometry": {
        "type": "Point",
        "coordinates": [
          103.997562,
          30.596903
        ]
      },
      "properties": {
        "name": "成都市武侯区优优幼儿园文昌分园",
        "category": "edu",
        "type": "科教文化服务;学校;幼儿园",
        "district": "武侯区",
        "weight": 1
      }
    },
    {
      "type": "Feature",
      "geometry": {
        "type": "Point",
        "coordinates": [
          104.003517,
          30.597925
        ]
      },
      "properties": {
        "name": "中共沈家桥村党校",
        "category": "edu",
        "type": "科教文化服务;学校;学校",
        "district": "武侯区",
        "weight": 1
      }
    },
    {
      "type": "Feature",
      "geometry": {
        "type": "Point",
        "coordinates": [
          103.999771,
          30.590092
        ]
      },
      "properties": {
        "name": "汽车维修省振中驾校",
        "category": "edu",
        "type": "科教文化服务;科教文化场所;科教文化场所",
        "district": "武侯区",
        "weight": 1
      }
    },
    {
      "type": "Feature",
      "geometry": {
        "type": "Point",
        "coordinates": [
          104.003785,
          30.598803
        ]
      },
      "properties": {
        "name": "太平寺西区小学",
        "category": "edu",
        "type": "科教文化服务;学校;小学",
        "district": "武侯区",
        "weight": 2
      }
    },
    {
      "type": "Feature",
      "geometry": {
        "type": "Point",
        "coordinates": [
          104.004957,
          30.59141
        ]
      },
      "properties": {
        "name": "天艺美术馆·一号馆",
        "category": "edu",
        "type": "科教文化服务;美术馆;美术馆",
        "district": "武侯区",
        "weight": 1
      }
    },
    {
      "type": "Feature",
      "geometry": {
        "type": "Point",
        "coordinates": [
          104.007298,
          30.591088
        ]
      },
      "properties": {
        "name": "童之梦亲子园",
        "category": "edu",
        "type": "科教文化服务;学校;幼儿园",
        "district": "武侯区",
        "weight": 1
      }
    },
    {
      "type": "Feature",
      "geometry": {
        "type": "Point",
        "coordinates": [
          104.004453,
          30.590315
        ]
      },
      "properties": {
        "name": "天国教育馆",
        "category": "edu",
        "type": "科教文化服务;科教文化场所;科教文化场所",
        "district": "武侯区",
        "weight": 3
      }
    },
    {
      "type": "Feature",
      "geometry": {
        "type": "Point",
        "coordinates": [
          104.017179,
          30.590107
        ]
      },
      "properties": {
        "name": "三好教育",
        "category": "edu",
        "type": "科教文化服务;培训机构;培训机构",
        "district": "武侯区",
        "weight": 1
      }
    },
    {
      "type": "Feature",
      "geometry": {
        "type": "Point",
        "coordinates": [
          104.027066,
          30.593236
        ]
      },
      "properties": {
        "name": "四川省青少年艺术团",
        "category": "edu",
        "type": "科教文化服务;文艺团体;文艺团体",
        "district": "武侯区",
        "weight": 4
      }
    },
    {
      "type": "Feature",
      "geometry": {
        "type": "Point",
        "coordinates": [
          104.024824,
          30.593635
        ]
      },
      "properties": {
        "name": "心悦幼儿园",
        "category": "edu",
        "type": "科教文化服务;学校;幼儿园",
        "district": "武侯区",
        "weight": 1
      }
    },
    {
      "type": "Feature",
      "geometry": {
        "type": "Point",
        "coordinates": [
          104.024759,
          30.598708
        ]
      },
      "properties": {
        "name": "成都华艺外国语学校",
        "category": "edu",
        "type": "科教文化服务;学校;中学",
        "district": "武侯区",
        "weight": 1
      }
    },
    {
      "type": "Feature",
      "geometry": {
        "type": "Point",
        "coordinates": [
          104.030655,
          30.59665
        ]
      },
      "properties": {
        "name": "天赋神韵艺术中心",
        "category": "edu",
        "type": "科教文化服务;美术馆;美术馆",
        "district": "武侯区",
        "weight": 1
      }
    },
    {
      "type": "Feature",
      "geometry": {
        "type": "Point",
        "coordinates": [
          104.037941,
          30.58994
        ]
      },
      "properties": {
        "name": "成都市财政贸易学校",
        "category": "edu",
        "type": "科教文化服务;学校;职业技术学校",
        "district": "武侯区",
        "weight": 3
      }
    },
    {
      "type": "Feature",
      "geometry": {
        "type": "Point",
        "coordinates": [
          104.034012,
          30.594775
        ]
      },
      "properties": {
        "name": "中国工程院院士达威工作站",
        "category": "edu",
        "type": "科教文化服务;科教文化场所;科教文化场所",
        "district": "武侯区",
        "weight": 3
      }
    },
    {
      "type": "Feature",
      "geometry": {
        "type": "Point",
        "coordinates": [
          104.053131,
          30.589096
        ]
      },
      "properties": {
        "name": "夸克英语",
        "category": "edu",
        "type": "科教文化服务;培训机构;培训机构",
        "district": "武侯区",
        "weight": 27
      }
    },
    {
      "type": "Feature",
      "geometry": {
        "type": "Point",
        "coordinates": [
          104.047095,
          30.592838
        ]
      },
      "properties": {
        "name": "成都高新区锦城小学",
        "category": "edu",
        "type": "科教文化服务;学校;小学",
        "district": "武侯区",
        "weight": 1
      }
    },
    {
      "type": "Feature",
      "geometry": {
        "type": "Point",
        "coordinates": [
          104.052756,
          30.596226
        ]
      },
      "properties": {
        "name": "宓度艺术",
        "category": "edu",
        "type": "科教文化服务;美术馆;美术馆",
        "district": "武侯区",
        "weight": 1
      }
    },
    {
      "type": "Feature",
      "geometry": {
        "type": "Point",
        "coordinates": [
          104.047642,
          30.597283
        ]
      },
      "properties": {
        "name": "弋果幼儿园",
        "category": "edu",
        "type": "科教文化服务;学校;幼儿园",
        "district": "武侯区",
        "weight": 1
      }
    },
    {
      "type": "Feature",
      "geometry": {
        "type": "Point",
        "coordinates": [
          104.052479,
          30.594899
        ]
      },
      "properties": {
        "name": "戴氏教育",
        "category": "edu",
        "type": "科教文化服务;培训机构;培训机构",
        "district": "武侯区",
        "weight": 3
      }
    },
    {
      "type": "Feature",
      "geometry": {
        "type": "Point",
        "coordinates": [
          104.050159,
          30.594189
        ]
      },
      "properties": {
        "name": "英菲特国际儿童会",
        "category": "edu",
        "type": "科教文化服务;培训机构;培训机构",
        "district": "武侯区",
        "weight": 2
      }
    },
    {
      "type": "Feature",
      "geometry": {
        "type": "Point",
        "coordinates": [
          104.053119,
          30.59213
        ]
      },
      "properties": {
        "name": "四川省成都市玉林中学石羊校区",
        "category": "edu",
        "type": "科教文化服务;学校;中学",
        "district": "武侯区",
        "weight": 1
      }
    },
    {
      "type": "Feature",
      "geometry": {
        "type": "Point",
        "coordinates": [
          104.05942,
          30.595822
        ]
      },
      "properties": {
        "name": "人瑞教育",
        "category": "edu",
        "type": "科教文化服务;学校;高等院校",
        "district": "武侯区",
        "weight": 26
      }
    },
    {
      "type": "Feature",
      "geometry": {
        "type": "Point",
        "coordinates": [
          104.061094,
          30.591681
        ]
      },
      "properties": {
        "name": "大惠至教育",
        "category": "edu",
        "type": "科教文化服务;培训机构;培训机构",
        "district": "武侯区",
        "weight": 3
      }
    },
    {
      "type": "Feature",
      "geometry": {
        "type": "Point",
        "coordinates": [
          104.05919,
          30.591706
        ]
      },
      "properties": {
        "name": "成都万象映画文化传播有限公司",
        "category": "edu",
        "type": "科教文化服务;科教文化场所;科教文化场所",
        "district": "武侯区",
        "weight": 1
      }
    },
    {
      "type": "Feature",
      "geometry": {
        "type": "Point",
        "coordinates": [
          104.059837,
          30.590251
        ]
      },
      "properties": {
        "name": "成都市交委研究院",
        "category": "edu",
        "type": "科教文化服务;科研机构;科研机构",
        "district": "武侯区",
        "weight": 5
      }
    },
    {
      "type": "Feature",
      "geometry": {
        "type": "Point",
        "coordinates": [
          104.06326,
          30.593411
        ]
      },
      "properties": {
        "name": "领域传媒",
        "category": "edu",
        "type": "科教文化服务;科教文化场所;科教文化场所",
        "district": "武侯区",
        "weight": 24
      }
    },
    {
      "type": "Feature",
      "geometry": {
        "type": "Point",
        "coordinates": [
          104.054647,
          30.598789
        ]
      },
      "properties": {
        "name": "健哲吉他",
        "category": "edu",
        "type": "科教文化服务;培训机构;培训机构",
        "district": "武侯区",
        "weight": 1
      }
    },
    {
      "type": "Feature",
      "geometry": {
        "type": "Point",
        "coordinates": [
          104.05991,
          30.59236
        ]
      },
      "properties": {
        "name": "成都市青羊区孟翔教育培训中心",
        "category": "edu",
        "type": "科教文化服务;培训机构;培训机构",
        "district": "武侯区",
        "weight": 1
      }
    },
    {
      "type": "Feature",
      "geometry": {
        "type": "Point",
        "coordinates": [
          104.067707,
          30.593946
        ]
      },
      "properties": {
        "name": "万卷文化传媒公司",
        "category": "edu",
        "type": "科教文化服务;科教文化场所;科教文化场所",
        "district": "武侯区",
        "weight": 3
      }
    },
    {
      "type": "Feature",
      "geometry": {
        "type": "Point",
        "coordinates": [
          104.067912,
          30.595479
        ]
      },
      "properties": {
        "name": "上嘉美悦艺术教育",
        "category": "edu",
        "type": "科教文化服务;培训机构;培训机构",
        "district": "武侯区",
        "weight": 6
      }
    },
    {
      "type": "Feature",
      "geometry": {
        "type": "Point",
        "coordinates": [
          104.06765,
          30.598493
        ]
      },
      "properties": {
        "name": "成都锦添视博文化传播有限公司",
        "category": "edu",
        "type": "科教文化服务;科教文化场所;科教文化场所",
        "district": "武侯区",
        "weight": 1
      }
    },
    {
      "type": "Feature",
      "geometry": {
        "type": "Point",
        "coordinates": [
          104.071105,
          30.589663
        ]
      },
      "properties": {
        "name": "成都高新区锦晖小学",
        "category": "edu",
        "type": "科教文化服务;学校;小学",
        "district": "武侯区",
        "weight": 1
      }
    },
    {
      "type": "Feature",
      "geometry": {
        "type": "Point",
        "coordinates": [
          104.067875,
          30.591705
        ]
      },
      "properties": {
        "name": "君豪酒店-多功能会议室",
        "category": "edu",
        "type": "科教文化服务;会展中心;会展中心",
        "district": "武侯区",
        "weight": 1
      }
    },
    {
      "type": "Feature",
      "geometry": {
        "type": "Point",
        "coordinates": [
          104.071309,
          30.594847
        ]
      },
      "properties": {
        "name": "沐童艺术教育",
        "category": "edu",
        "type": "科教文化服务;培训机构;培训机构",
        "district": "武侯区",
        "weight": 9
      }
    },
    {
      "type": "Feature",
      "geometry": {
        "type": "Point",
        "coordinates": [
          104.066688,
          30.593077
        ]
      },
      "properties": {
        "name": "成都高新豪生大酒店会议室",
        "category": "edu",
        "type": "科教文化服务;会展中心;会展中心",
        "district": "武侯区",
        "weight": 1
      }
    },
    {
      "type": "Feature",
      "geometry": {
        "type": "Point",
        "coordinates": [
          104.072708,
          30.592606
        ]
      },
      "properties": {
        "name": "阿波罗爱儿坊凯丽滨江幼儿学苑",
        "category": "edu",
        "type": "科教文化服务;学校;幼儿园",
        "district": "武侯区",
        "weight": 1
      }
    },
    {
      "type": "Feature",
      "geometry": {
        "type": "Point",
        "coordinates": [
          104.073323,
          30.597032
        ]
      },
      "properties": {
        "name": "成都崇文教育(天府长城校区)",
        "category": "edu",
        "type": "科教文化服务;培训机构;培训机构",
        "district": "武侯区",
        "weight": 1
      }
    },
    {
      "type": "Feature",
      "geometry": {
        "type": "Point",
        "coordinates": [
          104.066764,
          30.591706
        ]
      },
      "properties": {
        "name": "上海勘测设计院四川分院",
        "category": "edu",
        "type": "科教文化服务;科教文化场所;科教文化场所",
        "district": "武侯区",
        "weight": 1
      }
    },
    {
      "type": "Feature",
      "geometry": {
        "type": "Point",
        "coordinates": [
          104.064519,
          30.596556
        ]
      },
      "properties": {
        "name": "中国石油西南油气田公司勘探开发研究院",
        "category": "edu",
        "type": "科教文化服务;科研机构;科研机构",
        "district": "武侯区",
        "weight": 2
      }
    },
    {
      "type": "Feature",
      "geometry": {
        "type": "Point",
        "coordinates": [
          104.08245,
          30.593632
        ]
      },
      "properties": {
        "name": "印刷文明陈列馆",
        "category": "edu",
        "type": "科教文化服务;展览馆;展览馆",
        "district": "锦江区",
        "weight": 2
      }
    },
    {
      "type": "Feature",
      "geometry": {
        "type": "Point",
        "coordinates": [
          104.082663,
          30.589754
        ]
      },
      "properties": {
        "name": "岁月艺术馆",
        "category": "edu",
        "type": "科教文化服务;美术馆;美术馆",
        "district": "锦江区",
        "weight": 4
      }
    },
    {
      "type": "Feature",
      "geometry": {
        "type": "Point",
        "coordinates": [
          104.073607,
          30.598856
        ]
      },
      "properties": {
        "name": "成都七中初中",
        "category": "edu",
        "type": "科教文化服务;学校;中学",
        "district": "武侯区",
        "weight": 1
      }
    },
    {
      "type": "Feature",
      "geometry": {
        "type": "Point",
        "coordinates": [
          104.081599,
          30.591707
        ]
      },
      "properties": {
        "name": "文轩教育",
        "category": "edu",
        "type": "科教文化服务;科教文化场所;科教文化场所",
        "district": "锦江区",
        "weight": 6
      }
    },
    {
      "type": "Feature",
      "geometry": {
        "type": "Point",
        "coordinates": [
          104.076452,
          30.597501
        ]
      },
      "properties": {
        "name": "幼狮半岛城邦国际幼儿园",
        "category": "edu",
        "type": "科教文化服务;学校;幼儿园",
        "district": "武侯区",
        "weight": 3
      }
    },
    {
      "type": "Feature",
      "geometry": {
        "type": "Point",
        "coordinates": [
          104.074437,
          30.595582
        ]
      },
      "properties": {
        "name": "豪韵艺术学校",
        "category": "edu",
        "type": "科教文化服务;培训机构;培训机构",
        "district": "武侯区",
        "weight": 4
      }
    },
    {
      "type": "Feature",
      "geometry": {
        "type": "Point",
        "coordinates": [
          104.083146,
          30.594408
        ]
      },
      "properties": {
        "name": "成都市市政工程设计研究院",
        "category": "edu",
        "type": "科教文化服务;科研机构;科研机构",
        "district": "锦江区",
        "weight": 1
      }
    },
    {
      "type": "Feature",
      "geometry": {
        "type": "Point",
        "coordinates": [
          104.077432,
          30.596139
        ]
      },
      "properties": {
        "name": "成都幼师城邦国际幼儿园",
        "category": "edu",
        "type": "科教文化服务;学校;幼儿园",
        "district": "武侯区",
        "weight": 1
      }
    },
    {
      "type": "Feature",
      "geometry": {
        "type": "Point",
        "coordinates": [
          104.09094,
          30.595082
        ]
      },
      "properties": {
        "name": "博济传媒",
        "category": "edu",
        "type": "科教文化服务;科教文化场所;科教文化场所",
        "district": "锦江区",
        "weight": 17
      }
    },
    {
      "type": "Feature",
      "geometry": {
        "type": "Point",
        "coordinates": [
          104.089239,
          30.591899
        ]
      },
      "properties": {
        "name": "成都大广文化传媒有限公司",
        "category": "edu",
        "type": "科教文化服务;传媒机构;传媒机构",
        "district": "锦江区",
        "weight": 1
      }
    },
    {
      "type": "Feature",
      "geometry": {
        "type": "Point",
        "coordinates": [
          104.086891,
          30.596128
        ]
      },
      "properties": {
        "name": "兴蓉研究院",
        "category": "edu",
        "type": "科教文化服务;科研机构;科研机构",
        "district": "锦江区",
        "weight": 2
      }
    },
    {
      "type": "Feature",
      "geometry": {
        "type": "Point",
        "coordinates": [
          104.093119,
          30.598915
        ]
      },
      "properties": {
        "name": "成都市锦江区胜利中学(西门)",
        "category": "edu",
        "type": "科教文化服务;学校;中学",
        "district": "锦江区",
        "weight": 1
      }
    },
    {
      "type": "Feature",
      "geometry": {
        "type": "Point",
        "coordinates": [
          104.087065,
          30.590584
        ]
      },
      "properties": {
        "name": "四川省机械研究设计院(墨香路)",
        "category": "edu",
        "type": "科教文化服务;科研机构;科研机构",
        "district": "锦江区",
        "weight": 1
      }
    },
    {
      "type": "Feature",
      "geometry": {
        "type": "Point",
        "coordinates": [
          104.084318,
          30.589552
        ]
      },
      "properties": {
        "name": "中电传媒(锦江大道)",
        "category": "edu",
        "type": "科教文化服务;传媒机构;传媒机构",
        "district": "锦江区",
        "weight": 3
      }
    },
    {
      "type": "Feature",
      "geometry": {
        "type": "Point",
        "coordinates": [
          104.084523,
          30.590719
        ]
      },
      "properties": {
        "name": "四川省重大科技成果转化分析测试平台",
        "category": "edu",
        "type": "科教文化服务;科教文化场所;科教文化场所",
        "district": "锦江区",
        "weight": 1
      }
    },
    {
      "type": "Feature",
      "geometry": {
        "type": "Point",
        "coordinates": [
          104.093958,
          30.598357
        ]
      },
      "properties": {
        "name": "盐道街中学实验学校",
        "category": "edu",
        "type": "科教文化服务;学校;中学",
        "district": "锦江区",
        "weight": 1
      }
    },
    {
      "type": "Feature",
      "geometry": {
        "type": "Point",
        "coordinates": [
          104.094252,
          30.593632
        ]
      },
      "properties": {
        "name": "育苗幼儿园(榕声路)",
        "category": "edu",
        "type": "科教文化服务;学校;幼儿园",
        "district": "锦江区",
        "weight": 1
      }
    },
    {
      "type": "Feature",
      "geometry": {
        "type": "Point",
        "coordinates": [
          104.094295,
          30.591991
        ]
      },
      "properties": {
        "name": "盐道街小学(锦馨分校)",
        "category": "edu",
        "type": "科教文化服务;学校;小学",
        "district": "锦江区",
        "weight": 1
      }
    },
    {
      "type": "Feature",
      "geometry": {
        "type": "Point",
        "coordinates": [
          104.095067,
          30.589863
        ]
      },
      "properties": {
        "name": "一直远方教育",
        "category": "edu",
        "type": "科教文化服务;培训机构;培训机构",
        "district": "锦江区",
        "weight": 1
      }
    },
    {
      "type": "Feature",
      "geometry": {
        "type": "Point",
        "coordinates": [
          104.094308,
          30.591066
        ]
      },
      "properties": {
        "name": "锦馨学堂",
        "category": "edu",
        "type": "科教文化服务;培训机构;培训机构",
        "district": "锦江区",
        "weight": 2
      }
    },
    {
      "type": "Feature",
      "geometry": {
        "type": "Point",
        "coordinates": [
          104.111935,
          30.591007
        ]
      },
      "properties": {
        "name": "成都文庆文化传播有限公司",
        "category": "edu",
        "type": "科教文化服务;科教文化场所;科教文化场所",
        "district": "锦江区",
        "weight": 1
      }
    },
    {
      "type": "Feature",
      "geometry": {
        "type": "Point",
        "coordinates": [
          104.105026,
          30.592571
        ]
      },
      "properties": {
        "name": "天涯石小学锦东分校",
        "category": "edu",
        "type": "科教文化服务;学校;小学",
        "district": "锦江区",
        "weight": 3
      }
    },
    {
      "type": "Feature",
      "geometry": {
        "type": "Point",
        "coordinates": [
          104.110534,
          30.590562
        ]
      },
      "properties": {
        "name": "逸景幼儿园",
        "category": "edu",
        "type": "科教文化服务;学校;幼儿园",
        "district": "锦江区",
        "weight": 1
      }
    },
    {
      "type": "Feature",
      "geometry": {
        "type": "Point",
        "coordinates": [
          104.110282,
          30.595903
        ]
      },
      "properties": {
        "name": "学文锦城幼儿园",
        "category": "edu",
        "type": "科教文化服务;学校;幼儿园",
        "district": "锦江区",
        "weight": 1
      }
    },
    {
      "type": "Feature",
      "geometry": {
        "type": "Point",
        "coordinates": [
          104.105204,
          30.590996
        ]
      },
      "properties": {
        "name": "八七小学",
        "category": "edu",
        "type": "科教文化服务;学校;幼儿园",
        "district": "锦江区",
        "weight": 1
      }
    },
    {
      "type": "Feature",
      "geometry": {
        "type": "Point",
        "coordinates": [
          104.110133,
          30.593194
        ]
      },
      "properties": {
        "name": "星辰艺术教育",
        "category": "edu",
        "type": "科教文化服务;培训机构;培训机构",
        "district": "锦江区",
        "weight": 6
      }
    },
    {
      "type": "Feature",
      "geometry": {
        "type": "Point",
        "coordinates": [
          104.104615,
          30.595734
        ]
      },
      "properties": {
        "name": "新华实验幼儿园(皇经楼一街)",
        "category": "edu",
        "type": "科教文化服务;学校;幼儿园",
        "district": "锦江区",
        "weight": 1
      }
    },
    {
      "type": "Feature",
      "geometry": {
        "type": "Point",
        "coordinates": [
          104.106607,
          30.58997
        ]
      },
      "properties": {
        "name": "小天使幼儿园(锦江大道)",
        "category": "edu",
        "type": "科教文化服务;学校;幼儿园",
        "district": "锦江区",
        "weight": 1
      }
    },
    {
      "type": "Feature",
      "geometry": {
        "type": "Point",
        "coordinates": [
          104.113195,
          30.591344
        ]
      },
      "properties": {
        "name": "可知教育",
        "category": "edu",
        "type": "科教文化服务;培训机构;培训机构",
        "district": "锦江区",
        "weight": 1
      }
    },
    {
      "type": "Feature",
      "geometry": {
        "type": "Point",
        "coordinates": [
          104.122771,
          30.598783
        ]
      },
      "properties": {
        "name": "小太阳幼儿园一分部",
        "category": "edu",
        "type": "科教文化服务;科教文化场所;科教文化场所",
        "district": "锦江区",
        "weight": 1
      }
    },
    {
      "type": "Feature",
      "geometry": {
        "type": "Point",
        "coordinates": [
          104.113897,
          30.590459
        ]
      },
      "properties": {
        "name": "绿道田园展示中心",
        "category": "edu",
        "type": "科教文化服务;科教文化场所;科教文化场所",
        "district": "锦江区",
        "weight": 1
      }
    },
    {
      "type": "Feature",
      "geometry": {
        "type": "Point",
        "coordinates": [
          104.126922,
          30.589619
        ]
      },
      "properties": {
        "name": "成都天府树人文化学校",
        "category": "edu",
        "type": "科教文化服务;学校;学校",
        "district": "锦江区",
        "weight": 3
      }
    },
    {
      "type": "Feature",
      "geometry": {
        "type": "Point",
        "coordinates": [
          104.128836,
          30.590293
        ]
      },
      "properties": {
        "name": "明伦书院",
        "category": "edu",
        "type": "科教文化服务;科教文化场所;科教文化场所",
        "district": "锦江区",
        "weight": 2
      }
    },
    {
      "type": "Feature",
      "geometry": {
        "type": "Point",
        "coordinates": [
          104.1286,
          30.591279
        ]
      },
      "properties": {
        "name": "传薪书院",
        "category": "edu",
        "type": "科教文化服务;培训机构;培训机构",
        "district": "锦江区",
        "weight": 2
      }
    },
    {
      "type": "Feature",
      "geometry": {
        "type": "Point",
        "coordinates": [
          104.130154,
          30.594919
        ]
      },
      "properties": {
        "name": "四川金蝶艺术中心",
        "category": "edu",
        "type": "科教文化服务;培训机构;培训机构",
        "district": "锦江区",
        "weight": 3
      }
    },
    {
      "type": "Feature",
      "geometry": {
        "type": "Point",
        "coordinates": [
          104.136504,
          30.598464
        ]
      },
      "properties": {
        "name": "成都市锦江区伊顿国香幼儿园",
        "category": "edu",
        "type": "科教文化服务;学校;幼儿园",
        "district": "锦江区",
        "weight": 2
      }
    },
    {
      "type": "Feature",
      "geometry": {
        "type": "Point",
        "coordinates": [
          104.139099,
          30.592047
        ]
      },
      "properties": {
        "name": "成美教育",
        "category": "edu",
        "type": "科教文化服务;培训机构;培训机构",
        "district": "锦江区",
        "weight": 5
      }
    },
    {
      "type": "Feature",
      "geometry": {
        "type": "Point",
        "coordinates": [
          104.135508,
          30.593591
        ]
      },
      "properties": {
        "name": "小豆丁幼稚园",
        "category": "edu",
        "type": "科教文化服务;学校;幼儿园",
        "district": "锦江区",
        "weight": 1
      }
    },
    {
      "type": "Feature",
      "geometry": {
        "type": "Point",
        "coordinates": [
          104.137034,
          30.591268
        ]
      },
      "properties": {
        "name": "新天地幼儿园(白桦林路)",
        "category": "edu",
        "type": "科教文化服务;学校;幼儿园",
        "district": "锦江区",
        "weight": 1
      }
    },
    {
      "type": "Feature",
      "geometry": {
        "type": "Point",
        "coordinates": [
          104.140695,
          30.596449
        ]
      },
      "properties": {
        "name": "星星海艺术中心",
        "category": "edu",
        "type": "科教文化服务;美术馆;美术馆",
        "district": "锦江区",
        "weight": 1
      }
    },
    {
      "type": "Feature",
      "geometry": {
        "type": "Point",
        "coordinates": [
          104.134918,
          30.592503
        ]
      },
      "properties": {
        "name": "喜贝舞蹈艺术中心",
        "category": "edu",
        "type": "科教文化服务;培训机构;培训机构",
        "district": "锦江区",
        "weight": 1
      }
    },
    {
      "type": "Feature",
      "geometry": {
        "type": "Point",
        "coordinates": [
          104.144758,
          30.590957
        ]
      },
      "properties": {
        "name": "成都七中育才学校(银杏校区)",
        "category": "edu",
        "type": "科教文化服务;学校;中学",
        "district": "锦江区",
        "weight": 1
      }
    },
    {
      "type": "Feature",
      "geometry": {
        "type": "Point",
        "coordinates": [
          104.143986,
          30.597161
        ]
      },
      "properties": {
        "name": "盐道街小学(528校区)(建设中)",
        "category": "edu",
        "type": "科教文化服务;学校;小学",
        "district": "锦江区",
        "weight": 1
      }
    },
    {
      "type": "Feature",
      "geometry": {
        "type": "Point",
        "coordinates": [
          104.14436,
          30.598774
        ]
      },
      "properties": {
        "name": "成都艺尚美术工作室",
        "category": "edu",
        "type": "科教文化服务;科教文化场所;科教文化场所",
        "district": "锦江区",
        "weight": 2
      }
    },
    {
      "type": "Feature",
      "geometry": {
        "type": "Point",
        "coordinates": [
          104.15688,
          30.590889
        ]
      },
      "properties": {
        "name": "清源际",
        "category": "edu",
        "type": "科教文化服务;美术馆;美术馆",
        "district": "锦江区",
        "weight": 5
      }
    },
    {
      "type": "Feature",
      "geometry": {
        "type": "Point",
        "coordinates": [
          104.155848,
          30.59255
        ]
      },
      "properties": {
        "name": "子曰",
        "category": "edu",
        "type": "科教文化服务;科教文化场所;科教文化场所",
        "district": "锦江区",
        "weight": 7
      }
    },
    {
      "type": "Feature",
      "geometry": {
        "type": "Point",
        "coordinates": [
          103.969515,
          30.584108
        ]
      },
      "properties": {
        "name": "成都双剑鞋文化博物馆",
        "category": "edu",
        "type": "科教文化服务;博物馆;博物馆",
        "district": "武侯区",
        "weight": 1
      }
    },
    {
      "type": "Feature",
      "geometry": {
        "type": "Point",
        "coordinates": [
          103.97391,
          30.588702
        ]
      },
      "properties": {
        "name": "凉井小学",
        "category": "edu",
        "type": "科教文化服务;学校;小学",
        "district": "武侯区",
        "weight": 2
      }
    },
    {
      "type": "Feature",
      "geometry": {
        "type": "Point",
        "coordinates": [
          103.969401,
          30.582075
        ]
      },
      "properties": {
        "name": "金辉实验学校",
        "category": "edu",
        "type": "科教文化服务;学校;中学",
        "district": "武侯区",
        "weight": 1
      }
    },
    {
      "type": "Feature",
      "geometry": {
        "type": "Point",
        "coordinates": [
          103.965617,
          30.586559
        ]
      },
      "properties": {
        "name": "大洋艺术学校(簇马路三段)",
        "category": "edu",
        "type": "科教文化服务;培训机构;培训机构",
        "district": "武侯区",
        "weight": 1
      }
    },
    {
      "type": "Feature",
      "geometry": {
        "type": "Point",
        "coordinates": [
          103.97183,
          30.581119
        ]
      },
      "properties": {
        "name": "成都市武侯区金迪幼儿园",
        "category": "edu",
        "type": "科教文化服务;学校;幼儿园",
        "district": "武侯区",
        "weight": 1
      }
    },
    {
      "type": "Feature",
      "geometry": {
        "type": "Point",
        "coordinates": [
          103.9753,
          30.579877
        ]
      },
      "properties": {
        "name": "白晴市一中",
        "category": "edu",
        "type": "科教文化服务;学校;中学",
        "district": "武侯区",
        "weight": 1
      }
    },
    {
      "type": "Feature",
      "geometry": {
        "type": "Point",
        "coordinates": [
          103.973906,
          30.58207
        ]
      },
      "properties": {
        "name": "小博士幼儿园(凉港三路)",
        "category": "edu",
        "type": "科教文化服务;学校;幼儿园",
        "district": "武侯区",
        "weight": 1
      }
    },
    {
      "type": "Feature",
      "geometry": {
        "type": "Point",
        "coordinates": [
          103.976447,
          30.588707
        ]
      },
      "properties": {
        "name": "阳光子弟学校",
        "category": "edu",
        "type": "科教文化服务;学校;中学",
        "district": "武侯区",
        "weight": 1
      }
    },
    {
      "type": "Feature",
      "geometry": {
        "type": "Point",
        "coordinates": [
          103.976283,
          30.582349
        ]
      },
      "properties": {
        "name": "贝佳才艺幼儿园",
        "category": "edu",
        "type": "科教文化服务;学校;幼儿园",
        "district": "武侯区",
        "weight": 1
      }
    },
    {
      "type": "Feature",
      "geometry": {
        "type": "Point",
        "coordinates": [
          103.980099,
          30.585093
        ]
      },
      "properties": {
        "name": "阳光快乐公益幼儿园",
        "category": "edu",
        "type": "科教文化服务;学校;幼儿园",
        "district": "武侯区",
        "weight": 1
      }
    },
    {
      "type": "Feature",
      "geometry": {
        "type": "Point",
        "coordinates": [
          103.974882,
          30.586795
        ]
      },
      "properties": {
        "name": "成都市武侯区奇巧板幼稚园",
        "category": "edu",
        "type": "科教文化服务;学校;幼儿园",
        "district": "武侯区",
        "weight": 1
      }
    },
    {
      "type": "Feature",
      "geometry": {
        "type": "Point",
        "coordinates": [
          103.984869,
          30.58915
        ]
      },
      "properties": {
        "name": "藏獒艺术馆",
        "category": "edu",
        "type": "科教文化服务;美术馆;美术馆",
        "district": "武侯区",
        "weight": 13
      }
    },
    {
      "type": "Feature",
      "geometry": {
        "type": "Point",
        "coordinates": [
          103.990346,
          30.586872
        ]
      },
      "properties": {
        "name": "成都信息工程大学气象实习台",
        "category": "edu",
        "type": "科教文化服务;学校;高等院校",
        "district": "武侯区",
        "weight": 4
      }
    },
    {
      "type": "Feature",
      "geometry": {
        "type": "Point",
        "coordinates": [
          103.9844,
          30.588236
        ]
      },
      "properties": {
        "name": "天艺·浓园国际艺术馆",
        "category": "edu",
        "type": "科教文化服务;展览馆;展览馆",
        "district": "武侯区",
        "weight": 1
      }
    },
    {
      "type": "Feature",
      "geometry": {
        "type": "Point",
        "coordinates": [
          103.98654,
          30.587988
        ]
      },
      "properties": {
        "name": "邱光平工作室",
        "category": "edu",
        "type": "科教文化服务;展览馆;展览馆",
        "district": "武侯区",
        "weight": 1
      }
    },
    {
      "type": "Feature",
      "geometry": {
        "type": "Point",
        "coordinates": [
          104.002093,
          30.585561
        ]
      },
      "properties": {
        "name": "蜀安驾校",
        "category": "edu",
        "type": "科教文化服务;科教文化场所;科教文化场所",
        "district": "武侯区",
        "weight": 1
      }
    },
    {
      "type": "Feature",
      "geometry": {
        "type": "Point",
        "coordinates": [
          104.00478,
          30.586157
        ]
      },
      "properties": {
        "name": "成都体育学院航空港校区",
        "category": "edu",
        "type": "科教文化服务;学校;高等院校",
        "district": "武侯区",
        "weight": 1
      }
    },
    {
      "type": "Feature",
      "geometry": {
        "type": "Point",
        "coordinates": [
          104.006106,
          30.586508
        ]
      },
      "properties": {
        "name": "成都体育学院航空港校区教学楼",
        "category": "edu",
        "type": "科教文化服务;学校;学校",
        "district": "武侯区",
        "weight": 2
      }
    },
    {
      "type": "Feature",
      "geometry": {
        "type": "Point",
        "coordinates": [
          104.017008,
          30.586384
        ]
      },
      "properties": {
        "name": "新天高考部",
        "category": "edu",
        "type": "科教文化服务;培训机构;培训机构",
        "district": "武侯区",
        "weight": 11
      }
    },
    {
      "type": "Feature",
      "geometry": {
        "type": "Point",
        "coordinates": [
          104.017238,
          30.588861
        ]
      },
      "properties": {
        "name": "三河小学",
        "category": "edu",
        "type": "科教文化服务;学校;小学",
        "district": "武侯区",
        "weight": 1
      }
    },
    {
      "type": "Feature",
      "geometry": {
        "type": "Point",
        "coordinates": [
          104.027974,
          30.583228
        ]
      },
      "properties": {
        "name": "妙思文化传播",
        "category": "edu",
        "type": "科教文化服务;传媒机构;传媒机构",
        "district": "武侯区",
        "weight": 3
      }
    },
    {
      "type": "Feature",
      "geometry": {
        "type": "Point",
        "coordinates": [
          104.03178,
          30.581647
        ]
      },
      "properties": {
        "name": "成都高新新源学校",
        "category": "edu",
        "type": "科教文化服务;学校;学校",
        "district": "武侯区",
        "weight": 1
      }
    },
    {
      "type": "Feature",
      "geometry": {
        "type": "Point",
        "coordinates": [
          104.033325,
          30.583073
        ]
      },
      "properties": {
        "name": "蓝贝儿幼儿园(仁和东街)",
        "category": "edu",
        "type": "科教文化服务;学校;幼儿园",
        "district": "武侯区",
        "weight": 1
      }
    },
    {
      "type": "Feature",
      "geometry": {
        "type": "Point",
        "coordinates": [
          104.030644,
          30.585352
        ]
      },
      "properties": {
        "name": "成都高新区六幼新南幼儿园",
        "category": "edu",
        "type": "科教文化服务;学校;幼儿园",
        "district": "武侯区",
        "weight": 1
      }
    },
    {
      "type": "Feature",
      "geometry": {
        "type": "Point",
        "coordinates": [
          104.03066,
          30.581559
        ]
      },
      "properties": {
        "name": "石羊街道新街社区青少年活动中心",
        "category": "edu",
        "type": "科教文化服务;文化宫;文化宫",
        "district": "武侯区",
        "weight": 1
      }
    },
    {
      "type": "Feature",
      "geometry": {
        "type": "Point",
        "coordinates": [
          104.036047,
          30.587756
        ]
      },
      "properties": {
        "name": "红蕾文化艺术学校",
        "category": "edu",
        "type": "科教文化服务;培训机构;培训机构",
        "district": "武侯区",
        "weight": 1
      }
    },
    {
      "type": "Feature",
      "geometry": {
        "type": "Point",
        "coordinates": [
          104.042448,
          30.58277
        ]
      },
      "properties": {
        "name": "成都市石室天府中学",
        "category": "edu",
        "type": "科教文化服务;学校;中学",
        "district": "武侯区",
        "weight": 1
      }
    },
    {
      "type": "Feature",
      "geometry": {
        "type": "Point",
        "coordinates": [
          104.050673,
          30.57966
        ]
      },
      "properties": {
        "name": "博艺星动力艺术空间",
        "category": "edu",
        "type": "科教文化服务;科教文化场所;科教文化场所",
        "district": "武侯区",
        "weight": 3
      }
    },
    {
      "type": "Feature",
      "geometry": {
        "type": "Point",
        "coordinates": [
          104.047546,
          30.581623
        ]
      },
      "properties": {
        "name": "逖舞空间威尚文化传播有限公司",
        "category": "edu",
        "type": "科教文化服务;科教文化场所;科教文化场所",
        "district": "武侯区",
        "weight": 1
      }
    },
    {
      "type": "Feature",
      "geometry": {
        "type": "Point",
        "coordinates": [
          104.045569,
          30.580605
        ]
      },
      "properties": {
        "name": "宋庆龄国际幼儿园(锦尚西二路)",
        "category": "edu",
        "type": "科教文化服务;学校;幼儿园",
        "district": "武侯区",
        "weight": 1
      }
    },
    {
      "type": "Feature",
      "geometry": {
        "type": "Point",
        "coordinates": [
          104.048264,
          30.58024
        ]
      },
      "properties": {
        "name": "泡桐树幼儿园",
        "category": "edu",
        "type": "科教文化服务;学校;幼儿园",
        "district": "武侯区",
        "weight": 3
      }
    },
    {
      "type": "Feature",
      "geometry": {
        "type": "Point",
        "coordinates": [
          104.05148,
          30.58682
        ]
      },
      "properties": {
        "name": "金苹果爱弥儿幼稚园(成汉南路)",
        "category": "edu",
        "type": "科教文化服务;学校;幼儿园",
        "district": "武侯区",
        "weight": 1
      }
    },
    {
      "type": "Feature",
      "geometry": {
        "type": "Point",
        "coordinates": [
          104.049802,
          30.586382
        ]
      },
      "properties": {
        "name": "侯老师舞蹈教室(侯老师舞蹈教室誉峰店)",
        "category": "edu",
        "type": "科教文化服务;培训机构;培训机构",
        "district": "武侯区",
        "weight": 1
      }
    },
    {
      "type": "Feature",
      "geometry": {
        "type": "Point",
        "coordinates": [
          104.058529,
          30.586715
        ]
      },
      "properties": {
        "name": "新潮传媒",
        "category": "edu",
        "type": "科教文化服务;科教文化场所;科教文化场所",
        "district": "武侯区",
        "weight": 9
      }
    },
    {
      "type": "Feature",
      "geometry": {
        "type": "Point",
        "coordinates": [
          104.061646,
          30.585033
        ]
      },
      "properties": {
        "name": "南昌凯恒文化传播有限公司",
        "category": "edu",
        "type": "科教文化服务;科教文化场所;科教文化场所",
        "district": "武侯区",
        "weight": 1
      }
    },
    {
      "type": "Feature",
      "geometry": {
        "type": "Point",
        "coordinates": [
          104.056396,
          30.584168
        ]
      },
      "properties": {
        "name": "东方天呈文化传媒有限公司",
        "category": "edu",
        "type": "科教文化服务;科教文化场所;科教文化场所",
        "district": "武侯区",
        "weight": 2
      }
    },
    {
      "type": "Feature",
      "geometry": {
        "type": "Point",
        "coordinates": [
          104.060471,
          30.589189
        ]
      },
      "properties": {
        "name": "成都规划馆",
        "category": "edu",
        "type": "科教文化服务;展览馆;展览馆",
        "district": "武侯区",
        "weight": 3
      }
    },
    {
      "type": "Feature",
      "geometry": {
        "type": "Point",
        "coordinates": [
          104.058792,
          30.584111
        ]
      },
      "properties": {
        "name": "成都宝鼎传媒",
        "category": "edu",
        "type": "科教文化服务;科教文化场所;科教文化场所",
        "district": "武侯区",
        "weight": 2
      }
    },
    {
      "type": "Feature",
      "geometry": {
        "type": "Point",
        "coordinates": [
          104.058362,
          30.579865
        ]
      },
      "properties": {
        "name": "苏打出行中航国际交流中心站点",
        "category": "edu",
        "type": "科教文化服务;科教文化场所;科教文化场所",
        "district": "武侯区",
        "weight": 1
      }
    },
    {
      "type": "Feature",
      "geometry": {
        "type": "Point",
        "coordinates": [
          104.058661,
          30.580935
        ]
      },
      "properties": {
        "name": "鼎达教育",
        "category": "edu",
        "type": "科教文化服务;培训机构;培训机构",
        "district": "武侯区",
        "weight": 1
      }
    },
    {
      "type": "Feature",
      "geometry": {
        "type": "Point",
        "coordinates": [
          104.064315,
          30.58517
        ]
      },
      "properties": {
        "name": "成都天府新城会议中心",
        "category": "edu",
        "type": "科教文化服务;会展中心;会展中心",
        "district": "武侯区",
        "weight": 1
      }
    },
    {
      "type": "Feature",
      "geometry": {
        "type": "Point",
        "coordinates": [
          104.07016,
          30.588747
        ]
      },
      "properties": {
        "name": "威乐尔幼稚园",
        "category": "edu",
        "type": "科教文化服务;学校;幼儿园",
        "district": "武侯区",
        "weight": 1
      }
    },
    {
      "type": "Feature",
      "geometry": {
        "type": "Point",
        "coordinates": [
          104.064326,
          30.589015
        ]
      },
      "properties": {
        "name": "中国建筑西南建筑设计研究院第二设计所",
        "category": "edu",
        "type": "科教文化服务;科研机构;科研机构",
        "district": "武侯区",
        "weight": 1
      }
    },
    {
      "type": "Feature",
      "geometry": {
        "type": "Point",
        "coordinates": [
          104.090739,
          30.582264
        ]
      },
      "properties": {
        "name": "祝国寺小学",
        "category": "edu",
        "type": "科教文化服务;学校;小学",
        "district": "锦江区",
        "weight": 1
      }
    },
    {
      "type": "Feature",
      "geometry": {
        "type": "Point",
        "coordinates": [
          104.09048,
          30.587813
        ]
      },
      "properties": {
        "name": "蓉生生物研究所",
        "category": "edu",
        "type": "科教文化服务;科研机构;科研机构",
        "district": "锦江区",
        "weight": 1
      }
    },
    {
      "type": "Feature",
      "geometry": {
        "type": "Point",
        "coordinates": [
          104.092433,
          30.588459
        ]
      },
      "properties": {
        "name": "锦江区生态幼儿园",
        "category": "edu",
        "type": "科教文化服务;学校;幼儿园",
        "district": "锦江区",
        "weight": 1
      }
    },
    {
      "type": "Feature",
      "geometry": {
        "type": "Point",
        "coordinates": [
          104.093732,
          30.581408
        ]
      },
      "properties": {
        "name": "成都生物制品研究所",
        "category": "edu",
        "type": "公司企业;公司;公司|科教文化服务;科研机构;科研机构",
        "district": "锦江区",
        "weight": 1
      }
    },
    {
      "type": "Feature",
      "geometry": {
        "type": "Point",
        "coordinates": [
          104.103163,
          30.585878
        ]
      },
      "properties": {
        "name": "慧能幼儿园",
        "category": "edu",
        "type": "科教文化服务;学校;幼儿园",
        "district": "锦江区",
        "weight": 1
      }
    },
    {
      "type": "Feature",
      "geometry": {
        "type": "Point",
        "coordinates": [
          104.093511,
          30.587698
        ]
      },
      "properties": {
        "name": "生态公益幼儿园",
        "category": "edu",
        "type": "科教文化服务;学校;幼儿园",
        "district": "锦江区",
        "weight": 1
      }
    },
    {
      "type": "Feature",
      "geometry": {
        "type": "Point",
        "coordinates": [
          104.102462,
          30.588652
        ]
      },
      "properties": {
        "name": "童韵幼儿园",
        "category": "edu",
        "type": "科教文化服务;学校;幼儿园",
        "district": "锦江区",
        "weight": 1
      }
    },
    {
      "type": "Feature",
      "geometry": {
        "type": "Point",
        "coordinates": [
          104.106852,
          30.587349
        ]
      },
      "properties": {
        "name": "潘家沟村小天使幼儿园",
        "category": "edu",
        "type": "科教文化服务;学校;幼儿园",
        "district": "锦江区",
        "weight": 1
      }
    },
    {
      "type": "Feature",
      "geometry": {
        "type": "Point",
        "coordinates": [
          104.11758,
          30.585821
        ]
      },
      "properties": {
        "name": "成都极速场文化传播有限公司",
        "category": "edu",
        "type": "科教文化服务;科教文化场所;科教文化场所",
        "district": "锦江区",
        "weight": 1
      }
    },
    {
      "type": "Feature",
      "geometry": {
        "type": "Point",
        "coordinates": [
          104.113872,
          30.588241
        ]
      },
      "properties": {
        "name": "锦江精品城区展示中心",
        "category": "edu",
        "type": "科教文化服务;展览馆;展览馆",
        "district": "锦江区",
        "weight": 1
      }
    },
    {
      "type": "Feature",
      "geometry": {
        "type": "Point",
        "coordinates": [
          104.126443,
          30.585606
        ]
      },
      "properties": {
        "name": "金锐展会中心",
        "category": "edu",
        "type": "科教文化服务;展览馆;展览馆",
        "district": "锦江区",
        "weight": 1
      }
    },
    {
      "type": "Feature",
      "geometry": {
        "type": "Point",
        "coordinates": [
          104.131572,
          30.587239
        ]
      },
      "properties": {
        "name": "华德福玫瑰园幼儿园",
        "category": "edu",
        "type": "科教文化服务;学校;幼儿园",
        "district": "锦江区",
        "weight": 1
      }
    },
    {
      "type": "Feature",
      "geometry": {
        "type": "Point",
        "coordinates": [
          104.132533,
          30.582754
        ]
      },
      "properties": {
        "name": "禅绣纹饰培训学院",
        "category": "edu",
        "type": "科教文化服务;培训机构;培训机构",
        "district": "锦江区",
        "weight": 3
      }
    },
    {
      "type": "Feature",
      "geometry": {
        "type": "Point",
        "coordinates": [
          104.13844,
          30.582473
        ]
      },
      "properties": {
        "name": "易晓别院",
        "category": "edu",
        "type": "科教文化服务;培训机构;培训机构",
        "district": "锦江区",
        "weight": 3
      }
    },
    {
      "type": "Feature",
      "geometry": {
        "type": "Point",
        "coordinates": [
          104.136435,
          30.581238
        ]
      },
      "properties": {
        "name": "微亭小院",
        "category": "edu",
        "type": "科教文化服务;培训机构;培训机构",
        "district": "锦江区",
        "weight": 2
      }
    },
    {
      "type": "Feature",
      "geometry": {
        "type": "Point",
        "coordinates": [
          104.138872,
          30.584687
        ]
      },
      "properties": {
        "name": "成都宽筑文化传播有限公司",
        "category": "edu",
        "type": "科教文化服务;科教文化场所;科教文化场所",
        "district": "锦江区",
        "weight": 1
      }
    },
    {
      "type": "Feature",
      "geometry": {
        "type": "Point",
        "coordinates": [
          104.136387,
          30.58368
        ]
      },
      "properties": {
        "name": "四川郑路太极文化传播有限公司",
        "category": "edu",
        "type": "科教文化服务;传媒机构;传媒机构",
        "district": "锦江区",
        "weight": 1
      }
    },
    {
      "type": "Feature",
      "geometry": {
        "type": "Point",
        "coordinates": [
          104.141862,
          30.58901
        ]
      },
      "properties": {
        "name": "三圣小学",
        "category": "edu",
        "type": "科教文化服务;学校;小学",
        "district": "锦江区",
        "weight": 1
      }
    },
    {
      "type": "Feature",
      "geometry": {
        "type": "Point",
        "coordinates": [
          104.143054,
          30.580846
        ]
      },
      "properties": {
        "name": "三圣乡华德福生活园",
        "category": "edu",
        "type": "科教文化服务;学校;幼儿园",
        "district": "锦江区",
        "weight": 1
      }
    },
    {
      "type": "Feature",
      "geometry": {
        "type": "Point",
        "coordinates": [
          104.153137,
          30.588499
        ]
      },
      "properties": {
        "name": "三圣街道办事处老年学校",
        "category": "edu",
        "type": "科教文化服务;学校;成人教育",
        "district": "锦江区",
        "weight": 2
      }
    },
    {
      "type": "Feature",
      "geometry": {
        "type": "Point",
        "coordinates": [
          104.153648,
          30.585478
        ]
      },
      "properties": {
        "name": "创想库体验中心",
        "category": "edu",
        "type": "科教文化服务;科教文化场所;科教文化场所",
        "district": "锦江区",
        "weight": 5
      }
    },
    {
      "type": "Feature",
      "geometry": {
        "type": "Point",
        "coordinates": [
          104.146382,
          30.581558
        ]
      },
      "properties": {
        "name": "驸马小学",
        "category": "edu",
        "type": "科教文化服务;学校;小学",
        "district": "锦江区",
        "weight": 2
      }
    },
    {
      "type": "Feature",
      "geometry": {
        "type": "Point",
        "coordinates": [
          104.157438,
          30.589004
        ]
      },
      "properties": {
        "name": "天欣驾校(锦江分部)",
        "category": "edu",
        "type": "科教文化服务;科教文化场所;科教文化场所",
        "district": "锦江区",
        "weight": 2
      }
    },
    {
      "type": "Feature",
      "geometry": {
        "type": "Point",
        "coordinates": [
          104.161931,
          30.585696
        ]
      },
      "properties": {
        "name": "彼得培训中心",
        "category": "edu",
        "type": "科教文化服务;培训机构;培训机构",
        "district": "锦江区",
        "weight": 2
      }
    },
    {
      "type": "Feature",
      "geometry": {
        "type": "Point",
        "coordinates": [
          104.162215,
          30.588594
        ]
      },
      "properties": {
        "name": "IDLE花香艺术馆",
        "category": "edu",
        "type": "科教文化服务;展览馆;展览馆",
        "district": "锦江区",
        "weight": 1
      }
    },
    {
      "type": "Feature",
      "geometry": {
        "type": "Point",
        "coordinates": [
          104.161723,
          30.587625
        ]
      },
      "properties": {
        "name": "致和学堂",
        "category": "edu",
        "type": "科教文化服务;培训机构;培训机构|体育休闲服务;休闲场所;休闲场所",
        "district": "锦江区",
        "weight": 1
      }
    }
  ]
}