{
  "type": "FeatureCollection",
  "features": [
    {
      "type": "Feature",
      "geometry": {
        "type": "Point",
        "coordinates": [
          103.974324,
          30.733963
        ]
      },
      "properties": {
        "name": "顶新造型",
        "category": "life",
        "type": "生活服务;美容美发店;美容美发店",
        "district": "金牛区",
        "weight": 12
      }
    },
    {
      "type": "Feature",
      "geometry": {
        "type": "Point",
        "coordinates": [
          103.972445,
          30.732785
        ]
      },
      "properties": {
        "name": "万科城售楼部",
        "category": "life",
        "type": "生活服务;生活服务场所;生活服务场所",
        "district": "金牛区",
        "weight": 2
      }
    },
    {
      "type": "Feature",
      "geometry": {
        "type": "Point",
        "coordinates": [
          103.976587,
          30.734743
        ]
      },
      "properties": {
        "name": "绚诺soho(百草路店)",
        "category": "life",
        "type": "生活服务;美容美发店;美容美发店",
        "district": "金牛区",
        "weight": 1
      }
    },
    {
      "type": "Feature",
      "geometry": {
        "type": "Point",
        "coordinates": [
          103.975983,
          30.733862
        ]
      },
      "properties": {
        "name": "玛丽艳千年古方熏蒸养生馆(林桐店)",
        "category": "life",
        "type": "生活服务;美容美发店;美容美发店",
        "district": "金牛区",
        "weight": 1
      }
    },
    {
      "type": "Feature",
      "geometry": {
        "type": "Point",
        "coordinates": [
          103.98206,
          30.732985
        ]
      },
      "properties": {
        "name": "唐三姐换拉链",
        "category": "life",
        "type": "生活服务;生活服务场所;生活服务场所",
        "district": "金牛区",
        "weight": 2
      }
    },
    {
      "type": "Feature",
      "geometry": {
        "type": "Point",
        "coordinates": [
          103.978306,
          30.733322
        ]
      },
      "properties": {
        "name": "深粤装饰",
        "category": "life",
        "type": "生活服务;生活服务场所;生活服务场所",
        "district": "金牛区",
        "weight": 1
      }
    },
    {
      "type": "Feature",
      "geometry": {
        "type": "Point",
        "coordinates": [
          103.976828,
          30.730894
        ]
      },
      "properties": {
        "name": "衣卫士洗衣(新里派克公馆店)",
        "category": "life",
        "type": "生活服务;洗衣店;洗衣店",
        "district": "金牛区",
        "weight": 1
      }
    },
    {
      "type": "Feature",
      "geometry": {
        "type": "Point",
        "coordinates": [
          103.991246,
          30.730574
        ]
      },
      "properties": {
        "name": "tt造型",
        "category": "life",
        "type": "生活服务;生活服务场所;生活服务场所",
        "district": "金牛区",
        "weight": 5
      }
    },
    {
      "type": "Feature",
      "geometry": {
        "type": "Point",
        "coordinates": [
          103.984639,
          30.733895
        ]
      },
      "properties": {
        "name": "举手之劳·盲人按摩",
        "category": "life",
        "type": "生活服务;洗浴推拿场所;洗浴推拿场所",
        "district": "金牛区",
        "weight": 1
      }
    },
    {
      "type": "Feature",
      "geometry": {
        "type": "Point",
        "coordinates": [
          104.000282,
          30.733389
        ]
      },
      "properties": {
        "name": "蜀东水站",
        "category": "life",
        "type": "生活服务;生活服务场所;生活服务场所",
        "district": "金牛区",
        "weight": 4
      }
    },
    {
      "type": "Feature",
      "geometry": {
        "type": "Point",
        "coordinates": [
          104.001066,
          30.734574
        ]
      },
      "properties": {
        "name": "国通快递",
        "category": "life",
        "type": "生活服务;物流速递;物流速递",
        "district": "金牛区",
        "weight": 3
      }
    },
    {
      "type": "Feature",
      "geometry": {
        "type": "Point",
        "coordinates": [
          104.001778,
          30.735813
        ]
      },
      "properties": {
        "name": "工字白铁加工",
        "category": "life",
        "type": "生活服务;生活服务场所;生活服务场所",
        "district": "金牛区",
        "weight": 1
      }
    },
    {
      "type": "Feature",
      "geometry": {
        "type": "Point",
        "coordinates": [
          103.997694,
          30.733192
        ]
      },
      "properties": {
        "name": "电脑雕刻喷砂",
        "category": "life",
        "type": "生活服务;生活服务场所;生活服务场所",
        "district": "金牛区",
        "weight": 1
      }
    },
    {
      "type": "Feature",
      "geometry": {
        "type": "Point",
        "coordinates": [
          103.996066,
          30.73483
        ]
      },
      "properties": {
        "name": "鼎盛雕刻",
        "category": "life",
        "type": "购物服务;家居建材市场;建材五金市场|生活服务;生活服务场所;生活服务场所",
        "district": "金牛区",
        "weight": 1
      }
    },
    {
      "type": "Feature",
      "geometry": {
        "type": "Point",
        "coordinates": [
          104.002519,
          30.736911
        ]
      },
      "properties": {
        "name": "小邓专业维修(全兴路)",
        "category": "life",
        "type": "生活服务;维修站点;维修站点",
        "district": "金牛区",
        "weight": 1
      }
    },
    {
      "type": "Feature",
      "geometry": {
        "type": "Point",
        "coordinates": [
          104.008581,
          30.733191
        ]
      },
      "properties": {
        "name": "古尚丽辰",
        "category": "life",
        "type": "生活服务;美容美发店;美容美发店",
        "district": "金牛区",
        "weight": 40
      }
    },
    {
      "type": "Feature",
      "geometry": {
        "type": "Point",
        "coordinates": [
          104.011468,
          30.73442
        ]
      },
      "properties": {
        "name": "蜂巢快递",
        "category": "life",
        "type": "生活服务;生活服务场所;生活服务场所",
        "district": "金牛区",
        "weight": 5
      }
    },
    {
      "type": "Feature",
      "geometry": {
        "type": "Point",
        "coordinates": [
          104.012295,
          30.732122
        ]
      },
      "properties": {
        "name": "廖记榨油房",
        "category": "life",
        "type": "生活服务;生活服务场所;生活服务场所",
        "district": "金牛区",
        "weight": 8
      }
    },
    {
      "type": "Feature",
      "geometry": {
        "type": "Point",
        "coordinates": [
          104.0138,
          30.735426
        ]
      },
      "properties": {
        "name": "蜀安驾校",
        "category": "life",
        "type": "生活服务;生活服务场所;生活服务场所",
        "district": "金牛区",
        "weight": 11
      }
    },
    {
      "type": "Feature",
      "geometry": {
        "type": "Point",
        "coordinates": [
          104.007736,
          30.738704
        ]
      },
      "properties": {
        "name": "公交驾校报名点(侯家桥二街)",
        "category": "life",
        "type": "生活服务;生活服务场所;生活服务场所",
        "district": "金牛区",
        "weight": 1
      }
    },
    {
      "type": "Feature",
      "geometry": {
        "type": "Point",
        "coordinates": [
          104.005302,
          30.730544
        ]
      },
      "properties": {
        "name": "成都市318信箱",
        "category": "life",
        "type": "生活服务;生活服务场所;生活服务场所",
        "district": "金牛区",
        "weight": 1
      }
    },
    {
      "type": "Feature",
      "geometry": {
        "type": "Point",
        "coordinates": [
          104.013371,
          30.733825
        ]
      },
      "properties": {
        "name": "快递铺",
        "category": "life",
        "type": "生活服务;生活服务场所;生活服务场所",
        "district": "金牛区",
        "weight": 3
      }
    },
    {
      "type": "Feature",
      "geometry": {
        "type": "Point",
        "coordinates": [
          104.019283,
          30.734332
        ]
      },
      "properties": {
        "name": "茗艺造型(金鑫大道)",
        "category": "life",
        "type": "生活服务;美容美发店;美容美发店",
        "district": "金牛区",
        "weight": 1
      }
    },
    {
      "type": "Feature",
      "geometry": {
        "type": "Point",
        "coordinates": [
          104.01941,
          30.735876
        ]
      },
      "properties": {
        "name": "中铁现代物流(成都配送中心)",
        "category": "life",
        "type": "生活服务;物流速递;物流速递",
        "district": "金牛区",
        "weight": 1
      }
    },
    {
      "type": "Feature",
      "geometry": {
        "type": "Point",
        "coordinates": [
          104.01809,
          30.736458
        ]
      },
      "properties": {
        "name": "小吴机械加工",
        "category": "life",
        "type": "生活服务;生活服务场所;生活服务场所",
        "district": "金牛区",
        "weight": 2
      }
    },
    {
      "type": "Feature",
      "geometry": {
        "type": "Point",
        "coordinates": [
          104.020101,
          30.732729
        ]
      },
      "properties": {
        "name": "伟中机械加工",
        "category": "life",
        "type": "生活服务;生活服务场所;生活服务场所",
        "district": "金牛区",
        "weight": 1
      }
    },
    {
      "type": "Feature",
      "geometry": {
        "type": "Point",
        "coordinates": [
          104.021826,
          30.7345
        ]
      },
      "properties": {
        "name": "专业按摩(金芙蓉大道)",
        "category": "life",
        "type": "生活服务;洗浴推拿场所;洗浴推拿场所",
        "district": "金牛区",
        "weight": 2
      }
    },
    {
      "type": "Feature",
      "geometry": {
        "type": "Point",
        "coordinates": [
          104.020163,
          30.737743
        ]
      },
      "properties": {
        "name": "蓝光矿泉水",
        "category": "life",
        "type": "生活服务;生活服务场所;生活服务场所",
        "district": "金牛区",
        "weight": 2
      }
    },
    {
      "type": "Feature",
      "geometry": {
        "type": "Point",
        "coordinates": [
          104.01648,
          30.738539
        ]
      },
      "properties": {
        "name": "子云美发",
        "category": "life",
        "type": "生活服务;美容美发店;美容美发店",
        "district": "金牛区",
        "weight": 6
      }
    },
    {
      "type": "Feature",
      "geometry": {
        "type": "Point",
        "coordinates": [
          104.023021,
          30.731217
        ]
      },
      "properties": {
        "name": "爱尚美甲",
        "category": "life",
        "type": "生活服务;美容美发店;美容美发店",
        "district": "金牛区",
        "weight": 7
      }
    },
    {
      "type": "Feature",
      "geometry": {
        "type": "Point",
        "coordinates": [
          104.01913,
          30.729948
        ]
      },
      "properties": {
        "name": "红光红旗配送中心",
        "category": "life",
        "type": "生活服务;物流速递;物流速递",
        "district": "金牛区",
        "weight": 1
      }
    },
    {
      "type": "Feature",
      "geometry": {
        "type": "Point",
        "coordinates": [
          104.016448,
          30.728873
        ]
      },
      "properties": {
        "name": "永鑫焊接",
        "category": "life",
        "type": "生活服务;生活服务场所;生活服务场所",
        "district": "金牛区",
        "weight": 14
      }
    },
    {
      "type": "Feature",
      "geometry": {
        "type": "Point",
        "coordinates": [
          104.021583,
          30.730008
        ]
      },
      "properties": {
        "name": "成都沃特供水机械租赁公司",
        "category": "life",
        "type": "生活服务;生活服务场所;生活服务场所",
        "district": "金牛区",
        "weight": 1
      }
    },
    {
      "type": "Feature",
      "geometry": {
        "type": "Point",
        "coordinates": [
          104.028262,
          30.734452
        ]
      },
      "properties": {
        "name": "东林电脑维修",
        "category": "life",
        "type": "生活服务;维修站点;维修站点",
        "district": "金牛区",
        "weight": 2
      }
    },
    {
      "type": "Feature",
      "geometry": {
        "type": "Point",
        "coordinates": [
          104.026317,
          30.731787
        ]
      },
      "properties": {
        "name": "艾诗造型",
        "category": "life",
        "type": "生活服务;美容美发店;美容美发店",
        "district": "金牛区",
        "weight": 31
      }
    },
    {
      "type": "Feature",
      "geometry": {
        "type": "Point",
        "coordinates": [
          104.029536,
          30.730884
        ]
      },
      "properties": {
        "name": "泊雅诗美容美体养生SPA馆",
        "category": "life",
        "type": "生活服务;美容美发店;美容美发店",
        "district": "金牛区",
        "weight": 1
      }
    },
    {
      "type": "Feature",
      "geometry": {
        "type": "Point",
        "coordinates": [
          104.028023,
          30.730658
        ]
      },
      "properties": {
        "name": "尖点美发",
        "category": "life",
        "type": "生活服务;生活服务场所;生活服务场所",
        "district": "金牛区",
        "weight": 1
      }
    },
    {
      "type": "Feature",
      "geometry": {
        "type": "Point",
        "coordinates": [
          104.030552,
          30.729882
        ]
      },
      "properties": {
        "name": "锦尚发艺(府河星城馨苑东)",
        "category": "life",
        "type": "生活服务;美容美发店;美容美发店",
        "district": "金牛区",
        "weight": 1
      }
    },
    {
      "type": "Feature",
      "geometry": {
        "type": "Point",
        "coordinates": [
          104.033436,
          30.737869
        ]
      },
      "properties": {
        "name": "四川浩天驾校招生处",
        "category": "life",
        "type": "生活服务;生活服务场所;生活服务场所",
        "district": "金牛区",
        "weight": 2
      }
    },
    {
      "type": "Feature",
      "geometry": {
        "type": "Point",
        "coordinates": [
          104.03663,
          30.736305
        ]
      },
      "properties": {
        "name": "五州货运",
        "category": "life",
        "type": "生活服务;物流速递;物流速递",
        "district": "金牛区",
        "weight": 17
      }
    },
    {
      "type": "Feature",
      "geometry": {
        "type": "Point",
        "coordinates": [
          104.041604,
          30.732877
        ]
      },
      "properties": {
        "name": "华西集团有限公司租赁分公司第一租赁站",
        "category": "life",
        "type": "生活服务;生活服务场所;生活服务场所",
        "district": "金牛区",
        "weight": 1
      }
    },
    {
      "type": "Feature",
      "geometry": {
        "type": "Point",
        "coordinates": [
          104.043072,
          30.733795
        ]
      },
      "properties": {
        "name": "收废品",
        "category": "life",
        "type": "生活服务;生活服务场所;生活服务场所",
        "district": "金牛区",
        "weight": 2
      }
    },
    {
      "type": "Feature",
      "geometry": {
        "type": "Point",
        "coordinates": [
          104.034565,
          30.738234
        ]
      },
      "properties": {
        "name": "震洪印务",
        "category": "life",
        "type": "生活服务;生活服务场所;生活服务场所",
        "district": "金牛区",
        "weight": 4
      }
    },
    {
      "type": "Feature",
      "geometry": {
        "type": "Point",
        "coordinates": [
          104.04102,
          30.739256
        ]
      },
      "properties": {
        "name": "精修电动车",
        "category": "life",
        "type": "生活服务;维修站点;维修站点",
        "district": "金牛区",
        "weight": 2
      }
    },
    {
      "type": "Feature",
      "geometry": {
        "type": "Point",
        "coordinates": [
          104.047772,
          30.735122
        ]
      },
      "properties": {
        "name": "宏久调色中心",
        "category": "life",
        "type": "生活服务;生活服务场所;生活服务场所",
        "district": "金牛区",
        "weight": 4
      }
    },
    {
      "type": "Feature",
      "geometry": {
        "type": "Point",
        "coordinates": [
          104.050495,
          30.736422
        ]
      },
      "properties": {
        "name": "三山水业",
        "category": "life",
        "type": "生活服务;生活服务场所;生活服务场所",
        "district": "金牛区",
        "weight": 45
      }
    },
    {
      "type": "Feature",
      "geometry": {
        "type": "Point",
        "coordinates": [
          104.046494,
          30.730471
        ]
      },
      "properties": {
        "name": "尚龙商务",
        "category": "life",
        "type": "生活服务;生活服务场所;生活服务场所",
        "district": "金牛区",
        "weight": 19
      }
    },
    {
      "type": "Feature",
      "geometry": {
        "type": "Point",
        "coordinates": [
          104.0462,
          30.737901
        ]
      },
      "properties": {
        "name": "渝川通物流",
        "category": "life",
        "type": "生活服务;物流速递;物流速递",
        "district": "金牛区",
        "weight": 2
      }
    },
    {
      "type": "Feature",
      "geometry": {
        "type": "Point",
        "coordinates": [
          104.050033,
          30.729601
        ]
      },
      "properties": {
        "name": "成都量力钢材物流中心(古柏路)",
        "category": "life",
        "type": "生活服务;物流速递;物流速递",
        "district": "金牛区",
        "weight": 1
      }
    },
    {
      "type": "Feature",
      "geometry": {
        "type": "Point",
        "coordinates": [
          104.049646,
          30.733747
        ]
      },
      "properties": {
        "name": "付妹美发",
        "category": "life",
        "type": "生活服务;美容美发店;美容美发店",
        "district": "金牛区",
        "weight": 2
      }
    },
    {
      "type": "Feature",
      "geometry": {
        "type": "Point",
        "coordinates": [
          104.059504,
          30.734156
        ]
      },
      "properties": {
        "name": "婉香如玉",
        "category": "life",
        "type": "生活服务;美容美发店;美容美发店",
        "district": "金牛区",
        "weight": 6
      }
    },
    {
      "type": "Feature",
      "geometry": {
        "type": "Point",
        "coordinates": [
          104.058643,
          30.735418
        ]
      },
      "properties": {
        "name": "收废铁",
        "category": "life",
        "type": "生活服务;生活服务场所;生活服务场所",
        "district": "金牛区",
        "weight": 4
      }
    },
    {
      "type": "Feature",
      "geometry": {
        "type": "Point",
        "coordinates": [
          104.056132,
          30.734081
        ]
      },
      "properties": {
        "name": "富桥靓丽堂",
        "category": "life",
        "type": "生活服务;洗浴推拿场所;洗浴推拿场所",
        "district": "金牛区",
        "weight": 4
      }
    },
    {
      "type": "Feature",
      "geometry": {
        "type": "Point",
        "coordinates": [
          104.062201,
          30.735724
        ]
      },
      "properties": {
        "name": "韵达快递",
        "category": "life",
        "type": "生活服务;物流速递;物流速递",
        "district": "金牛区",
        "weight": 18
      }
    },
    {
      "type": "Feature",
      "geometry": {
        "type": "Point",
        "coordinates": [
          104.060482,
          30.736643
        ]
      },
      "properties": {
        "name": "东邻造型",
        "category": "life",
        "type": "生活服务;美容美发店;美容美发店",
        "district": "金牛区",
        "weight": 2
      }
    },
    {
      "type": "Feature",
      "geometry": {
        "type": "Point",
        "coordinates": [
          104.061052,
          30.732941
        ]
      },
      "properties": {
        "name": "汗蒸养生",
        "category": "life",
        "type": "生活服务;洗浴推拿场所;洗浴推拿场所",
        "district": "金牛区",
        "weight": 1
      }
    },
    {
      "type": "Feature",
      "geometry": {
        "type": "Point",
        "coordinates": [
          104.054499,
          30.734405
        ]
      },
      "properties": {
        "name": "成都量力钢材物流中心(泉水路)",
        "category": "life",
        "type": "生活服务;物流速递;物流速递",
        "district": "金牛区",
        "weight": 1
      }
    },
    {
      "type": "Feature",
      "geometry": {
        "type": "Point",
        "coordinates": [
          104.059087,
          30.73074
        ]
      },
      "properties": {
        "name": "长城驾校报名处(嘉泽路)",
        "category": "life",
        "type": "生活服务;生活服务场所;生活服务场所",
        "district": "金牛区",
        "weight": 1
      }
    },
    {
      "type": "Feature",
      "geometry": {
        "type": "Point",
        "coordinates": [
          104.057068,
          30.738636
        ]
      },
      "properties": {
        "name": "路军托运",
        "category": "life",
        "type": "生活服务;物流速递;物流速递",
        "district": "金牛区",
        "weight": 1
      }
    },
    {
      "type": "Feature",
      "geometry": {
        "type": "Point",
        "coordinates": [
          104.06211,
          30.730316
        ]
      },
      "properties": {
        "name": "颐身缘",
        "category": "life",
        "type": "生活服务;洗浴推拿场所;洗浴推拿场所",
        "district": "金牛区",
        "weight": 3
      }
    },
    {
      "type": "Feature",
      "geometry": {
        "type": "Point",
        "coordinates": [
          104.055079,
          30.729944
        ]
      },
      "properties": {
        "name": "合兴激光切割加工",
        "category": "life",
        "type": "生活服务;生活服务场所;生活服务场所",
        "district": "金牛区",
        "weight": 1
      }
    },
    {
      "type": "Feature",
      "geometry": {
        "type": "Point",
        "coordinates": [
          104.062446,
          30.739225
        ]
      },
      "properties": {
        "name": "沙河源怡宝店",
        "category": "life",
        "type": "生活服务;生活服务场所;生活服务场所",
        "district": "金牛区",
        "weight": 1
      }
    },
    {
      "type": "Feature",
      "geometry": {
        "type": "Point",
        "coordinates": [
          104.054816,
          30.732372
        ]
      },
      "properties": {
        "name": "长城宽带",
        "category": "life",
        "type": "生活服务;电讯营业厅;电讯营业厅",
        "district": "金牛区",
        "weight": 1
      }
    },
    {
      "type": "Feature",
      "geometry": {
        "type": "Point",
        "coordinates": [
          104.056938,
          30.735852
        ]
      },
      "properties": {
        "name": "国家电网(洞子口供电营业厅)",
        "category": "life",
        "type": "生活服务;电力营业厅;电力营业厅",
        "district": "金牛区",
        "weight": 1
      }
    },
    {
      "type": "Feature",
      "geometry": {
        "type": "Point",
        "coordinates": [
          104.067522,
          30.732619
        ]
      },
      "properties": {
        "name": "老喻氧电焊",
        "category": "life",
        "type": "生活服务;生活服务场所;生活服务场所",
        "district": "金牛区",
        "weight": 2
      }
    },
    {
      "type": "Feature",
      "geometry": {
        "type": "Point",
        "coordinates": [
          104.06976,
          30.735942
        ]
      },
      "properties": {
        "name": "乡林涵碧天下接待中心",
        "category": "life",
        "type": "生活服务;生活服务场所;生活服务场所",
        "district": "金牛区",
        "weight": 1
      }
    },
    {
      "type": "Feature",
      "geometry": {
        "type": "Point",
        "coordinates": [
          104.067545,
          30.730775
        ]
      },
      "properties": {
        "name": "金阳光货运",
        "category": "life",
        "type": "生活服务;物流速递;物流速递",
        "district": "金牛区",
        "weight": 10
      }
    },
    {
      "type": "Feature",
      "geometry": {
        "type": "Point",
        "coordinates": [
          104.064719,
          30.738205
        ]
      },
      "properties": {
        "name": "老张焊接",
        "category": "life",
        "type": "生活服务;生活服务场所;生活服务场所",
        "district": "金牛区",
        "weight": 3
      }
    },
    {
      "type": "Feature",
      "geometry": {
        "type": "Point",
        "coordinates": [
          104.10147,
          30.729575
        ]
      },
      "properties": {
        "name": "万佳货运",
        "category": "life",
        "type": "生活服务;物流速递;物流速递",
        "district": "成华区",
        "weight": 23
      }
    },
    {
      "type": "Feature",
      "geometry": {
        "type": "Point",
        "coordinates": [
          104.101475,
          30.731443
        ]
      },
      "properties": {
        "name": "友联货运",
        "category": "life",
        "type": "生活服务;物流速递;物流速递",
        "district": "成华区",
        "weight": 2
      }
    },
    {
      "type": "Feature",
      "geometry": {
        "type": "Point",
        "coordinates": [
          104.097632,
          30.729451
        ]
      },
      "properties": {
        "name": "佳驰航空票务",
        "category": "life",
        "type": "生活服务;售票处;售票处",
        "district": "金牛区",
        "weight": 3
      }
    },
    {
      "type": "Feature",
      "geometry": {
        "type": "Point",
        "coordinates": [
          104.102725,
          30.736228
        ]
      },
      "properties": {
        "name": "小朱理发",
        "category": "life",
        "type": "生活服务;美容美发店;美容美发店",
        "district": "金牛区",
        "weight": 1
      }
    },
    {
      "type": "Feature",
      "geometry": {
        "type": "Point",
        "coordinates": [
          104.106031,
          30.735324
        ]
      },
      "properties": {
        "name": "中国福利彩票",
        "category": "life",
        "type": "生活服务;彩票彩券销售点;彩票彩券销售点",
        "district": "金牛区",
        "weight": 3
      }
    },
    {
      "type": "Feature",
      "geometry": {
        "type": "Point",
        "coordinates": [
          104.108082,
          30.734846
        ]
      },
      "properties": {
        "name": "联宜加工房",
        "category": "life",
        "type": "生活服务;生活服务场所;生活服务场所",
        "district": "金牛区",
        "weight": 2
      }
    },
    {
      "type": "Feature",
      "geometry": {
        "type": "Point",
        "coordinates": [
          104.107821,
          30.733022
        ]
      },
      "properties": {
        "name": "日益通速递",
        "category": "life",
        "type": "生活服务;生活服务场所;生活服务场所",
        "district": "金牛区",
        "weight": 3
      }
    },
    {
      "type": "Feature",
      "geometry": {
        "type": "Point",
        "coordinates": [
          104.106553,
          30.73177
        ]
      },
      "properties": {
        "name": "棉被加工",
        "category": "life",
        "type": "生活服务;生活服务场所;生活服务场所",
        "district": "成华区",
        "weight": 65
      }
    },
    {
      "type": "Feature",
      "geometry": {
        "type": "Point",
        "coordinates": [
          104.112787,
          30.733184
        ]
      },
      "properties": {
        "name": "中国福利彩票",
        "category": "life",
        "type": "生活服务;彩票彩券销售点;彩票彩券销售点",
        "district": "金牛区",
        "weight": 2
      }
    },
    {
      "type": "Feature",
      "geometry": {
        "type": "Point",
        "coordinates": [
          104.111345,
          30.72987
        ]
      },
      "properties": {
        "name": "艺剪缘美发(外北蜀陵路)",
        "category": "life",
        "type": "生活服务;美容美发店;美容美发店",
        "district": "成华区",
        "weight": 1
      }
    },
    {
      "type": "Feature",
      "geometry": {
        "type": "Point",
        "coordinates": [
          104.109351,
          30.736425
        ]
      },
      "properties": {
        "name": "王群理发店",
        "category": "life",
        "type": "生活服务;生活服务场所;生活服务场所",
        "district": "金牛区",
        "weight": 2
      }
    },
    {
      "type": "Feature",
      "geometry": {
        "type": "Point",
        "coordinates": [
          104.104111,
          30.735492
        ]
      },
      "properties": {
        "name": "天回镇石油液化气配送点第一联络点",
        "category": "life",
        "type": "生活服务;生活服务场所;生活服务场所",
        "district": "金牛区",
        "weight": 1
      }
    },
    {
      "type": "Feature",
      "geometry": {
        "type": "Point",
        "coordinates": [
          104.120133,
          30.738205
        ]
      },
      "properties": {
        "name": "鑫家美艺",
        "category": "life",
        "type": "生活服务;生活服务场所;生活服务场所",
        "district": "成华区",
        "weight": 12
      }
    },
    {
      "type": "Feature",
      "geometry": {
        "type": "Point",
        "coordinates": [
          104.11769,
          30.737187
        ]
      },
      "properties": {
        "name": "随意修理门市",
        "category": "life",
        "type": "生活服务;维修站点;维修站点",
        "district": "成华区",
        "weight": 2
      }
    },
    {
      "type": "Feature",
      "geometry": {
        "type": "Point",
        "coordinates": [
          104.122895,
          30.739339
        ]
      },
      "properties": {
        "name": "巧剪刀理发店",
        "category": "life",
        "type": "生活服务;生活服务场所;生活服务场所",
        "district": "成华区",
        "weight": 1
      }
    },
    {
      "type": "Feature",
      "geometry": {
        "type": "Point",
        "coordinates": [
          104.114922,
          30.734728
        ]
      },
      "properties": {
        "name": "福利彩票",
        "category": "life",
        "type": "生活服务;彩票彩券销售点;彩票彩券销售点",
        "district": "金牛区",
        "weight": 1
      }
    },
    {
      "type": "Feature",
      "geometry": {
        "type": "Point",
        "coordinates": [
          104.13051,
          30.732994
        ]
      },
      "properties": {
        "name": "众贯建材开票处",
        "category": "life",
        "type": "生活服务;生活服务场所;生活服务场所",
        "district": "成华区",
        "weight": 1
      }
    },
    {
      "type": "Feature",
      "geometry": {
        "type": "Point",
        "coordinates": [
          104.129831,
          30.72955
        ]
      },
      "properties": {
        "name": "嘉丰建材仓储中心",
        "category": "life",
        "type": "生活服务;物流速递;物流仓储场地",
        "district": "成华区",
        "weight": 2
      }
    },
    {
      "type": "Feature",
      "geometry": {
        "type": "Point",
        "coordinates": [
          104.124974,
          30.739349
        ]
      },
      "properties": {
        "name": "成华区石岭公墓业务接洽室",
        "category": "life",
        "type": "生活服务;生活服务场所;生活服务场所",
        "district": "成华区",
        "weight": 1
      }
    },
    {
      "type": "Feature",
      "geometry": {
        "type": "Point",
        "coordinates": [
          104.129594,
          30.730848
        ]
      },
      "properties": {
        "name": "黄祥物业",
        "category": "life",
        "type": "生活服务;生活服务场所;生活服务场所",
        "district": "成华区",
        "weight": 1
      }
    },
    {
      "type": "Feature",
      "geometry": {
        "type": "Point",
        "coordinates": [
          104.128554,
          30.730079
        ]
      },
      "properties": {
        "name": "俊菱物流",
        "category": "life",
        "type": "生活服务;物流速递;物流速递",
        "district": "成华区",
        "weight": 1
      }
    },
    {
      "type": "Feature",
      "geometry": {
        "type": "Point",
        "coordinates": [
          104.143559,
          30.735222
        ]
      },
      "properties": {
        "name": "景区直通车",
        "category": "life",
        "type": "生活服务;生活服务场所;生活服务场所",
        "district": "成华区",
        "weight": 5
      }
    },
    {
      "type": "Feature",
      "geometry": {
        "type": "Point",
        "coordinates": [
          103.972191,
          30.728963
        ]
      },
      "properties": {
        "name": "中海社区党群服务中心",
        "category": "life",
        "type": "生活服务;生活服务场所;生活服务场所",
        "district": "金牛区",
        "weight": 1
      }
    },
    {
      "type": "Feature",
      "geometry": {
        "type": "Point",
        "coordinates": [
          103.977592,
          30.722412
        ]
      },
      "properties": {
        "name": "纤足坊",
        "category": "life",
        "type": "生活服务;洗浴推拿场所;洗浴推拿场所",
        "district": "金牛区",
        "weight": 137
      }
    },
    {
      "type": "Feature",
      "geometry": {
        "type": "Point",
        "coordinates": [
          103.98252,
          30.723231
        ]
      },
      "properties": {
        "name": "天天快递(精城国际西北)",
        "category": "life",
        "type": "生活服务;物流速递;物流速递",
        "district": "金牛区",
        "weight": 1
      }
    },
    {
      "type": "Feature",
      "geometry": {
        "type": "Point",
        "coordinates": [
          103.973952,
          30.726733
        ]
      },
      "properties": {
        "name": "卡尼造型(绿茵街)",
        "category": "life",
        "type": "生活服务;美容美发店;美容美发店",
        "district": "金牛区",
        "weight": 1
      }
    },
    {
      "type": "Feature",
      "geometry": {
        "type": "Point",
        "coordinates": [
          103.990459,
          30.723327
        ]
      },
      "properties": {
        "name": "旌鸿快运",
        "category": "life",
        "type": "生活服务;物流速递;物流速递",
        "district": "金牛区",
        "weight": 7
      }
    },
    {
      "type": "Feature",
      "geometry": {
        "type": "Point",
        "coordinates": [
          103.988367,
          30.722767
        ]
      },
      "properties": {
        "name": "蓉儿理发",
        "category": "life",
        "type": "生活服务;美容美发店;美容美发店",
        "district": "金牛区",
        "weight": 3
      }
    },
    {
      "type": "Feature",
      "geometry": {
        "type": "Point",
        "coordinates": [
          103.98603,
          30.722198
        ]
      },
      "properties": {
        "name": "一方人图文快印",
        "category": "life",
        "type": "生活服务;生活服务场所;生活服务场所",
        "district": "金牛区",
        "weight": 7
      }
    },
    {
      "type": "Feature",
      "geometry": {
        "type": "Point",
        "coordinates": [
          103.985678,
          30.726099
        ]
      },
      "properties": {
        "name": "华安驾校报名咨询大厅",
        "category": "life",
        "type": "生活服务;生活服务场所;生活服务场所",
        "district": "金牛区",
        "weight": 1
      }
    },
    {
      "type": "Feature",
      "geometry": {
        "type": "Point",
        "coordinates": [
          103.989623,
          30.72048
        ]
      },
      "properties": {
        "name": "艾珀耐特",
        "category": "life",
        "type": "生活服务;生活服务场所;生活服务场所",
        "district": "金牛区",
        "weight": 5
      }
    },
    {
      "type": "Feature",
      "geometry": {
        "type": "Point",
        "coordinates": [
          103.984284,
          30.721561
        ]
      },
      "properties": {
        "name": "锦桥广告",
        "category": "life",
        "type": "生活服务;生活服务场所;生活服务场所",
        "district": "金牛区",
        "weight": 1
      }
    },
    {
      "type": "Feature",
      "geometry": {
        "type": "Point",
        "coordinates": [
          103.999458,
          30.724758
        ]
      },
      "properties": {
        "name": "壹剪发艺",
        "category": "life",
        "type": "生活服务;美容美发店;美容美发店",
        "district": "金牛区",
        "weight": 12
      }
    },
    {
      "type": "Feature",
      "geometry": {
        "type": "Point",
        "coordinates": [
          103.996806,
          30.723878
        ]
      },
      "properties": {
        "name": "美容美发剪直染烫发",
        "category": "life",
        "type": "生活服务;美容美发店;美容美发店",
        "district": "金牛区",
        "weight": 1
      }
    },
    {
      "type": "Feature",
      "geometry": {
        "type": "Point",
        "coordinates": [
          103.995597,
          30.724821
        ]
      },
      "properties": {
        "name": "蓝领广告设计",
        "category": "life",
        "type": "生活服务;生活服务场所;生活服务场所",
        "district": "金牛区",
        "weight": 4
      }
    },
    {
      "type": "Feature",
      "geometry": {
        "type": "Point",
        "coordinates": [
          103.99982,
          30.721674
        ]
      },
      "properties": {
        "name": "收废品",
        "category": "life",
        "type": "生活服务;生活服务场所;生活服务场所",
        "district": "金牛区",
        "weight": 3
      }
    },
    {
      "type": "Feature",
      "geometry": {
        "type": "Point",
        "coordinates": [
          104.001292,
          30.727281
        ]
      },
      "properties": {
        "name": "保利地产",
        "category": "life",
        "type": "生活服务;生活服务场所;生活服务场所",
        "district": "金牛区",
        "weight": 1
      }
    },
    {
      "type": "Feature",
      "geometry": {
        "type": "Point",
        "coordinates": [
          103.997493,
          30.720673
        ]
      },
      "properties": {
        "name": "罗亚方舟",
        "category": "life",
        "type": "生活服务;生活服务场所;生活服务场所",
        "district": "金牛区",
        "weight": 1
      }
    },
    {
      "type": "Feature",
      "geometry": {
        "type": "Point",
        "coordinates": [
          104.003399,
          30.723451
        ]
      },
      "properties": {
        "name": "佳鑫图文",
        "category": "life",
        "type": "生活服务;生活服务场所;生活服务场所",
        "district": "金牛区",
        "weight": 5
      }
    },
    {
      "type": "Feature",
      "geometry": {
        "type": "Point",
        "coordinates": [
          103.996301,
          30.72948
        ]
      },
      "properties": {
        "name": "富金升石材工艺",
        "category": "life",
        "type": "生活服务;生活服务场所;生活服务场所",
        "district": "金牛区",
        "weight": 1
      }
    },
    {
      "type": "Feature",
      "geometry": {
        "type": "Point",
        "coordinates": [
          104.003185,
          30.719525
        ]
      },
      "properties": {
        "name": "玖劲科技",
        "category": "life",
        "type": "生活服务;生活服务场所;生活服务场所",
        "district": "金牛区",
        "weight": 3
      }
    },
    {
      "type": "Feature",
      "geometry": {
        "type": "Point",
        "coordinates": [
          103.994034,
          30.729513
        ]
      },
      "properties": {
        "name": "静逸堂功夫肩颈(金牛派克公馆店)",
        "category": "life",
        "type": "生活服务;洗浴推拿场所;洗浴推拿场所",
        "district": "金牛区",
        "weight": 1
      }
    },
    {
      "type": "Feature",
      "geometry": {
        "type": "Point",
        "coordinates": [
          104.002232,
          30.722795
        ]
      },
      "properties": {
        "name": "中国电信(金科北路营业厅)",
        "category": "life",
        "type": "生活服务;电讯营业厅;中国电信营业厅",
        "district": "金牛区",
        "weight": 1
      }
    },
    {
      "type": "Feature",
      "geometry": {
        "type": "Point",
        "coordinates": [
          104.001444,
          30.723754
        ]
      },
      "properties": {
        "name": "东原·亲亲里",
        "category": "life",
        "type": "商务住宅;住宅区;住宅小区|生活服务;生活服务场所;生活服务场所",
        "district": "金牛区",
        "weight": 1
      }
    },
    {
      "type": "Feature",
      "geometry": {
        "type": "Point",
        "coordinates": [
          103.996171,
          30.721279
        ]
      },
      "properties": {
        "name": "西瓜酱洗护",
        "category": "life",
        "type": "生活服务;洗衣店;洗衣店",
        "district": "金牛区",
        "weight": 1
      }
    },
    {
      "type": "Feature",
      "geometry": {
        "type": "Point",
        "coordinates": [
          103.995838,
          30.722641
        ]
      },
      "properties": {
        "name": "菜鸟驿站(正成拉菲3栋1单元102号)",
        "category": "life",
        "type": "生活服务;物流速递;物流速递",
        "district": "金牛区",
        "weight": 1
      }
    },
    {
      "type": "Feature",
      "geometry": {
        "type": "Point",
        "coordinates": [
          104.011306,
          30.725216
        ]
      },
      "properties": {
        "name": "吴师理发",
        "category": "life",
        "type": "生活服务;生活服务场所;生活服务场所",
        "district": "金牛区",
        "weight": 4
      }
    },
    {
      "type": "Feature",
      "geometry": {
        "type": "Point",
        "coordinates": [
          104.006482,
          30.725514
        ]
      },
      "properties": {
        "name": "骥马雕刻",
        "category": "life",
        "type": "生活服务;生活服务场所;生活服务场所",
        "district": "金牛区",
        "weight": 2
      }
    },
    {
      "type": "Feature",
      "geometry": {
        "type": "Point",
        "coordinates": [
          104.005509,
          30.724388
        ]
      },
      "properties": {
        "name": "金桥社区便民服务站",
        "category": "life",
        "type": "生活服务;生活服务场所;生活服务场所",
        "district": "金牛区",
        "weight": 4
      }
    },
    {
      "type": "Feature",
      "geometry": {
        "type": "Point",
        "coordinates": [
          104.005704,
          30.722058
        ]
      },
      "properties": {
        "name": "域阳图文",
        "category": "life",
        "type": "生活服务;生活服务场所;生活服务场所",
        "district": "金牛区",
        "weight": 2
      }
    },
    {
      "type": "Feature",
      "geometry": {
        "type": "Point",
        "coordinates": [
          104.013654,
          30.726502
        ]
      },
      "properties": {
        "name": "家电维修",
        "category": "life",
        "type": "生活服务;维修站点;维修站点",
        "district": "金牛区",
        "weight": 12
      }
    },
    {
      "type": "Feature",
      "geometry": {
        "type": "Point",
        "coordinates": [
          104.004269,
          30.726154
        ]
      },
      "properties": {
        "name": "壹号时空装饰",
        "category": "life",
        "type": "生活服务;生活服务场所;生活服务场所",
        "district": "金牛区",
        "weight": 3
      }
    },
    {
      "type": "Feature",
      "geometry": {
        "type": "Point",
        "coordinates": [
          104.005202,
          30.727424
        ]
      },
      "properties": {
        "name": "中国福利彩票",
        "category": "life",
        "type": "生活服务;彩票彩券销售点;彩票彩券销售点",
        "district": "金牛区",
        "weight": 2
      }
    },
    {
      "type": "Feature",
      "geometry": {
        "type": "Point",
        "coordinates": [
          104.00385,
          30.724814
        ]
      },
      "properties": {
        "name": "快照复印邮件交通事故法律咨询",
        "category": "life",
        "type": "生活服务;生活服务场所;生活服务场所",
        "district": "金牛区",
        "weight": 1
      }
    },
    {
      "type": "Feature",
      "geometry": {
        "type": "Point",
        "coordinates": [
          104.00398,
          30.721772
        ]
      },
      "properties": {
        "name": "兴盛国际营销中心",
        "category": "life",
        "type": "生活服务;生活服务场所;生活服务场所",
        "district": "金牛区",
        "weight": 1
      }
    },
    {
      "type": "Feature",
      "geometry": {
        "type": "Point",
        "coordinates": [
          104.006384,
          30.72665
        ]
      },
      "properties": {
        "name": "中国移动(土桥服务厅)",
        "category": "life",
        "type": "生活服务;电讯营业厅;中国移动营业厅",
        "district": "金牛区",
        "weight": 2
      }
    },
    {
      "type": "Feature",
      "geometry": {
        "type": "Point",
        "coordinates": [
          104.019068,
          30.724259
        ]
      },
      "properties": {
        "name": "国茂减速机集团四川售后服务部",
        "category": "life",
        "type": "生活服务;生活服务场所;生活服务场所",
        "district": "金牛区",
        "weight": 1
      }
    },
    {
      "type": "Feature",
      "geometry": {
        "type": "Point",
        "coordinates": [
          104.01868,
          30.723151
        ]
      },
      "properties": {
        "name": "李师修车(华严路)",
        "category": "life",
        "type": "生活服务;维修站点;维修站点",
        "district": "金牛区",
        "weight": 5
      }
    },
    {
      "type": "Feature",
      "geometry": {
        "type": "Point",
        "coordinates": [
          104.01688,
          30.724843
        ]
      },
      "properties": {
        "name": "家无忧保洁",
        "category": "life",
        "type": "生活服务;生活服务场所;生活服务场所",
        "district": "金牛区",
        "weight": 3
      }
    },
    {
      "type": "Feature",
      "geometry": {
        "type": "Point",
        "coordinates": [
          104.020982,
          30.724295
        ]
      },
      "properties": {
        "name": "速递易(华侨城纯水岸二期B09)",
        "category": "life",
        "type": "生活服务;物流速递;物流速递",
        "district": "金牛区",
        "weight": 1
      }
    },
    {
      "type": "Feature",
      "geometry": {
        "type": "Point",
        "coordinates": [
          104.022093,
          30.723753
        ]
      },
      "properties": {
        "name": "菜鸟驿站(川影校内商业街)",
        "category": "life",
        "type": "生活服务;物流速递;物流速递",
        "district": "金牛区",
        "weight": 1
      }
    },
    {
      "type": "Feature",
      "geometry": {
        "type": "Point",
        "coordinates": [
          104.020515,
          30.721505
        ]
      },
      "properties": {
        "name": "煤气液化气配送点",
        "category": "life",
        "type": "生活服务;生活服务场所;生活服务场所",
        "district": "金牛区",
        "weight": 2
      }
    },
    {
      "type": "Feature",
      "geometry": {
        "type": "Point",
        "coordinates": [
          104.021513,
          30.727147
        ]
      },
      "properties": {
        "name": "金火焰燃气西华青杠体验店",
        "category": "life",
        "type": "生活服务;生活服务场所;生活服务场所",
        "district": "金牛区",
        "weight": 1
      }
    },
    {
      "type": "Feature",
      "geometry": {
        "type": "Point",
        "coordinates": [
          104.023888,
          30.726251
        ]
      },
      "properties": {
        "name": "圆通速递",
        "category": "life",
        "type": "生活服务;物流速递;物流速递",
        "district": "金牛区",
        "weight": 16
      }
    },
    {
      "type": "Feature",
      "geometry": {
        "type": "Point",
        "coordinates": [
          104.025977,
          30.72366
        ]
      },
      "properties": {
        "name": "净衣馆",
        "category": "life",
        "type": "生活服务;洗衣店;洗衣店",
        "district": "金牛区",
        "weight": 7
      }
    },
    {
      "type": "Feature",
      "geometry": {
        "type": "Point",
        "coordinates": [
          104.02706,
          30.722355
        ]
      },
      "properties": {
        "name": "悦己太太私房养生美容馆(华侨城店)",
        "category": "life",
        "type": "生活服务;美容美发店;美容美发店",
        "district": "金牛区",
        "weight": 1
      }
    },
    {
      "type": "Feature",
      "geometry": {
        "type": "Point",
        "coordinates": [
          104.025517,
          30.725089
        ]
      },
      "properties": {
        "name": "精诚电线电缆维修服务部",
        "category": "life",
        "type": "生活服务;生活服务场所;生活服务场所",
        "district": "金牛区",
        "weight": 1
      }
    },
    {
      "type": "Feature",
      "geometry": {
        "type": "Point",
        "coordinates": [
          104.032965,
          30.722392
        ]
      },
      "properties": {
        "name": "上风上水",
        "category": "life",
        "type": "生活服务;洗浴推拿场所;洗浴推拿场所",
        "district": "金牛区",
        "weight": 9
      }
    },
    {
      "type": "Feature",
      "geometry": {
        "type": "Point",
        "coordinates": [
          104.030554,
          30.721037
        ]
      },
      "properties": {
        "name": "小林创意",
        "category": "life",
        "type": "生活服务;生活服务场所;生活服务场所",
        "district": "金牛区",
        "weight": 2
      }
    },
    {
      "type": "Feature",
      "geometry": {
        "type": "Point",
        "coordinates": [
          104.026877,
          30.719569
        ]
      },
      "properties": {
        "name": "天鹅保物业中心",
        "category": "life",
        "type": "生活服务;生活服务场所;生活服务场所",
        "district": "金牛区",
        "weight": 1
      }
    },
    {
      "type": "Feature",
      "geometry": {
        "type": "Point",
        "coordinates": [
          104.038766,
          30.724448
        ]
      },
      "properties": {
        "name": "速递易(北三环路一段辅路)",
        "category": "life",
        "type": "生活服务;物流速递;物流速递",
        "district": "金牛区",
        "weight": 1
      }
    },
    {
      "type": "Feature",
      "geometry": {
        "type": "Point",
        "coordinates": [
          104.039183,
          30.720087
        ]
      },
      "properties": {
        "name": "龙都物流",
        "category": "life",
        "type": "生活服务;物流速递;物流速递",
        "district": "金牛区",
        "weight": 52
      }
    },
    {
      "type": "Feature",
      "geometry": {
        "type": "Point",
        "coordinates": [
          104.033651,
          30.726073
        ]
      },
      "properties": {
        "name": "成都欢乐谷淋浴室",
        "category": "life",
        "type": "生活服务;生活服务场所;生活服务场所",
        "district": "金牛区",
        "weight": 1
      }
    },
    {
      "type": "Feature",
      "geometry": {
        "type": "Point",
        "coordinates": [
          104.042648,
          30.7205
        ]
      },
      "properties": {
        "name": "河北博亨移动脚手架",
        "category": "life",
        "type": "生活服务;生活服务场所;生活服务场所",
        "district": "金牛区",
        "weight": 4
      }
    },
    {
      "type": "Feature",
      "geometry": {
        "type": "Point",
        "coordinates": [
          104.041631,
          30.726896
        ]
      },
      "properties": {
        "name": "千岛视觉",
        "category": "life",
        "type": "生活服务;摄影冲印店;摄影冲印",
        "district": "金牛区",
        "weight": 1
      }
    },
    {
      "type": "Feature",
      "geometry": {
        "type": "Point",
        "coordinates": [
          104.055757,
          30.724383
        ]
      },
      "properties": {
        "name": "韵达",
        "category": "life",
        "type": "生活服务;物流速递;物流速递",
        "district": "金牛区",
        "weight": 93
      }
    },
    {
      "type": "Feature",
      "geometry": {
        "type": "Point",
        "coordinates": [
          104.048198,
          30.726661
        ]
      },
      "properties": {
        "name": "创梦造型",
        "category": "life",
        "type": "生活服务;美容美发店;美容美发店",
        "district": "金牛区",
        "weight": 14
      }
    },
    {
      "type": "Feature",
      "geometry": {
        "type": "Point",
        "coordinates": [
          104.05251,
          30.728735
        ]
      },
      "properties": {
        "name": "量力钢材物流中心B区(3号门)",
        "category": "life",
        "type": "生活服务;生活服务场所;生活服务场所",
        "district": "金牛区",
        "weight": 1
      }
    },
    {
      "type": "Feature",
      "geometry": {
        "type": "Point",
        "coordinates": [
          104.047575,
          30.724841
        ]
      },
      "properties": {
        "name": "自行车租赁点(中环路洞子口路段)",
        "category": "life",
        "type": "生活服务;生活服务场所;生活服务场所",
        "district": "金牛区",
        "weight": 1
      }
    },
    {
      "type": "Feature",
      "geometry": {
        "type": "Point",
        "coordinates": [
          104.045801,
          30.725373
        ]
      },
      "properties": {
        "name": "越西快运",
        "category": "life",
        "type": "生活服务;物流速递;物流速递",
        "district": "金牛区",
        "weight": 22
      }
    },
    {
      "type": "Feature",
      "geometry": {
        "type": "Point",
        "coordinates": [
          104.04457,
          30.726658
        ]
      },
      "properties": {
        "name": "德邦物流(金府路店)",
        "category": "life",
        "type": "生活服务;物流速递;物流速递",
        "district": "金牛区",
        "weight": 1
      }
    },
    {
      "type": "Feature",
      "geometry": {
        "type": "Point",
        "coordinates": [
          104.043944,
          30.721881
        ]
      },
      "properties": {
        "name": "成都市昌盛建材租售部",
        "category": "life",
        "type": "生活服务;生活服务场所;生活服务场所",
        "district": "金牛区",
        "weight": 1
      }
    },
    {
      "type": "Feature",
      "geometry": {
        "type": "Point",
        "coordinates": [
          104.048989,
          30.729268
        ]
      },
      "properties": {
        "name": "中国福利彩票",
        "category": "life",
        "type": "生活服务;彩票彩券销售点;彩票彩券销售点",
        "district": "金牛区",
        "weight": 1
      }
    },
    {
      "type": "Feature",
      "geometry": {
        "type": "Point",
        "coordinates": [
          104.044077,
          30.718293
        ]
      },
      "properties": {
        "name": "艺甲屋",
        "category": "life",
        "type": "生活服务;生活服务场所;生活服务场所",
        "district": "金牛区",
        "weight": 48
      }
    },
    {
      "type": "Feature",
      "geometry": {
        "type": "Point",
        "coordinates": [
          104.05344,
          30.726107
        ]
      },
      "properties": {
        "name": "小李电动车维修店",
        "category": "life",
        "type": "生活服务;维修站点;维修站点",
        "district": "金牛区",
        "weight": 1
      }
    },
    {
      "type": "Feature",
      "geometry": {
        "type": "Point",
        "coordinates": [
          104.061474,
          30.725128
        ]
      },
      "properties": {
        "name": "御垚瘦",
        "category": "life",
        "type": "生活服务;生活服务场所;生活服务场所",
        "district": "金牛区",
        "weight": 9
      }
    },
    {
      "type": "Feature",
      "geometry": {
        "type": "Point",
        "coordinates": [
          104.059381,
          30.72618
        ]
      },
      "properties": {
        "name": "蕾奇尔洗衣(花满庭店)",
        "category": "life",
        "type": "生活服务;洗衣店;洗衣店",
        "district": "金牛区",
        "weight": 1
      }
    },
    {
      "type": "Feature",
      "geometry": {
        "type": "Point",
        "coordinates": [
          104.05774,
          30.726815
        ]
      },
      "properties": {
        "name": "速递易",
        "category": "life",
        "type": "生活服务;物流速递;物流速递",
        "district": "金牛区",
        "weight": 2
      }
    },
    {
      "type": "Feature",
      "geometry": {
        "type": "Point",
        "coordinates": [
          104.061531,
          30.722201
        ]
      },
      "properties": {
        "name": "泉水社区便民服务点",
        "category": "life",
        "type": "生活服务;生活服务场所;生活服务场所",
        "district": "金牛区",
        "weight": 1
      }
    },
    {
      "type": "Feature",
      "geometry": {
        "type": "Point",
        "coordinates": [
          104.059954,
          30.728958
        ]
      },
      "properties": {
        "name": "速递易",
        "category": "life",
        "type": "生活服务;生活服务场所;生活服务场所",
        "district": "金牛区",
        "weight": 12
      }
    },
    {
      "type": "Feature",
      "geometry": {
        "type": "Point",
        "coordinates": [
          104.059544,
          30.719953
        ]
      },
      "properties": {
        "name": "西部出版物物流配送中心(文轩路)",
        "category": "life",
        "type": "生活服务;物流速递;物流速递",
        "district": "金牛区",
        "weight": 1
      }
    },
    {
      "type": "Feature",
      "geometry": {
        "type": "Point",
        "coordinates": [
          104.063946,
          30.722727
        ]
      },
      "properties": {
        "name": "喜客来",
        "category": "life",
        "type": "生活服务;美容美发店;美容美发店",
        "district": "金牛区",
        "weight": 10
      }
    },
    {
      "type": "Feature",
      "geometry": {
        "type": "Point",
        "coordinates": [
          104.066187,
          30.722638
        ]
      },
      "properties": {
        "name": "馨颜美容",
        "category": "life",
        "type": "生活服务;生活服务场所;生活服务场所",
        "district": "金牛区",
        "weight": 41
      }
    },
    {
      "type": "Feature",
      "geometry": {
        "type": "Point",
        "coordinates": [
          104.068941,
          30.72266
        ]
      },
      "properties": {
        "name": "洞子口石油液化气配送点",
        "category": "life",
        "type": "生活服务;生活服务场所;生活服务场所",
        "district": "金牛区",
        "weight": 1
      }
    },
    {
      "type": "Feature",
      "geometry": {
        "type": "Point",
        "coordinates": [
          104.071299,
          30.724965
        ]
      },
      "properties": {
        "name": "成都通能CNG",
        "category": "life",
        "type": "生活服务;生活服务场所;生活服务场所",
        "district": "金牛区",
        "weight": 1
      }
    },
    {
      "type": "Feature",
      "geometry": {
        "type": "Point",
        "coordinates": [
          104.068992,
          30.728648
        ]
      },
      "properties": {
        "name": "成都昌运物流有限公司",
        "category": "life",
        "type": "生活服务;物流速递;物流速递",
        "district": "金牛区",
        "weight": 1
      }
    },
    {
      "type": "Feature",
      "geometry": {
        "type": "Point",
        "coordinates": [
          104.067868,
          30.728739
        ]
      },
      "properties": {
        "name": "江师维修电动车",
        "category": "life",
        "type": "生活服务;维修站点;维修站点",
        "district": "金牛区",
        "weight": 1
      }
    },
    {
      "type": "Feature",
      "geometry": {
        "type": "Point",
        "coordinates": [
          104.071347,
          30.720184
        ]
      },
      "properties": {
        "name": "上海牛元防水收废铁",
        "category": "life",
        "type": "生活服务;生活服务场所;生活服务场所",
        "district": "金牛区",
        "weight": 1
      }
    },
    {
      "type": "Feature",
      "geometry": {
        "type": "Point",
        "coordinates": [
          104.075322,
          30.720429
        ]
      },
      "properties": {
        "name": "龙邦速递",
        "category": "life",
        "type": "生活服务;物流速递;物流速递",
        "district": "金牛区",
        "weight": 18
      }
    },
    {
      "type": "Feature",
      "geometry": {
        "type": "Point",
        "coordinates": [
          104.075933,
          30.722942
        ]
      },
      "properties": {
        "name": "印象美业",
        "category": "life",
        "type": "生活服务;美容美发店;美容美发店",
        "district": "金牛区",
        "weight": 27
      }
    },
    {
      "type": "Feature",
      "geometry": {
        "type": "Point",
        "coordinates": [
          104.076348,
          30.719392
        ]
      },
      "properties": {
        "name": "菜鸟驿站",
        "category": "life",
        "type": "生活服务;生活服务场所;生活服务场所",
        "district": "金牛区",
        "weight": 1
      }
    },
    {
      "type": "Feature",
      "geometry": {
        "type": "Point",
        "coordinates": [
          104.089355,
          30.724609
        ]
      },
      "properties": {
        "name": "省泰驾校报名点",
        "category": "life",
        "type": "生活服务;生活服务场所;生活服务场所",
        "district": "金牛区",
        "weight": 1
      }
    },
    {
      "type": "Feature",
      "geometry": {
        "type": "Point",
        "coordinates": [
          104.095626,
          30.726089
        ]
      },
      "properties": {
        "name": "圆通速递",
        "category": "life",
        "type": "生活服务;物流速递;物流速递",
        "district": "金牛区",
        "weight": 4
      }
    },
    {
      "type": "Feature",
      "geometry": {
        "type": "Point",
        "coordinates": [
          104.09798,
          30.719564
        ]
      },
      "properties": {
        "name": "乐爱纹绣",
        "category": "life",
        "type": "生活服务;生活服务场所;生活服务场所",
        "district": "成华区",
        "weight": 2
      }
    },
    {
      "type": "Feature",
      "geometry": {
        "type": "Point",
        "coordinates": [
          104.100512,
          30.719668
        ]
      },
      "properties": {
        "name": "彩视界广告",
        "category": "life",
        "type": "生活服务;生活服务场所;生活服务场所",
        "district": "成华区",
        "weight": 4
      }
    },
    {
      "type": "Feature",
      "geometry": {
        "type": "Point",
        "coordinates": [
          104.107216,
          30.724221
        ]
      },
      "properties": {
        "name": "美家堂装饰(北富森设计部)",
        "category": "life",
        "type": "生活服务;生活服务场所;生活服务场所",
        "district": "成华区",
        "weight": 1
      }
    },
    {
      "type": "Feature",
      "geometry": {
        "type": "Point",
        "coordinates": [
          104.109198,
          30.725532
        ]
      },
      "properties": {
        "name": "宏洋装饰",
        "category": "life",
        "type": "生活服务;生活服务场所;生活服务场所",
        "district": "成华区",
        "weight": 2
      }
    },
    {
      "type": "Feature",
      "geometry": {
        "type": "Point",
        "coordinates": [
          104.107559,
          30.725469
        ]
      },
      "properties": {
        "name": "剑龙装饰",
        "category": "life",
        "type": "生活服务;生活服务场所;生活服务场所",
        "district": "成华区",
        "weight": 1
      }
    },
    {
      "type": "Feature",
      "geometry": {
        "type": "Point",
        "coordinates": [
          104.10647,
          30.725585
        ]
      },
      "properties": {
        "name": "贵阳安帮货运部",
        "category": "life",
        "type": "生活服务;物流速递;物流速递",
        "district": "成华区",
        "weight": 1
      }
    },
    {
      "type": "Feature",
      "geometry": {
        "type": "Point",
        "coordinates": [
          104.111373,
          30.724632
        ]
      },
      "properties": {
        "name": "腾辉装饰",
        "category": "life",
        "type": "生活服务;生活服务场所;生活服务场所",
        "district": "成华区",
        "weight": 1
      }
    },
    {
      "type": "Feature",
      "geometry": {
        "type": "Point",
        "coordinates": [
          104.111593,
          30.726912
        ]
      },
      "properties": {
        "name": "富森美",
        "category": "life",
        "type": "生活服务;生活服务场所;生活服务场所",
        "district": "成华区",
        "weight": 32
      }
    },
    {
      "type": "Feature",
      "geometry": {
        "type": "Point",
        "coordinates": [
          104.112439,
          30.723126
        ]
      },
      "properties": {
        "name": "金柯达",
        "category": "life",
        "type": "生活服务;生活服务场所;生活服务场所",
        "district": "成华区",
        "weight": 4
      }
    },
    {
      "type": "Feature",
      "geometry": {
        "type": "Point",
        "coordinates": [
          104.10438,
          30.726038
        ]
      },
      "properties": {
        "name": "创业运输",
        "category": "life",
        "type": "生活服务;生活服务场所;生活服务场所",
        "district": "成华区",
        "weight": 2
      }
    },
    {
      "type": "Feature",
      "geometry": {
        "type": "Point",
        "coordinates": [
          104.106392,
          30.727844
        ]
      },
      "properties": {
        "name": "成都市鑫运物流",
        "category": "life",
        "type": "生活服务;物流速递;物流速递",
        "district": "成华区",
        "weight": 2
      }
    },
    {
      "type": "Feature",
      "geometry": {
        "type": "Point",
        "coordinates": [
          104.106346,
          30.720213
        ]
      },
      "properties": {
        "name": "积木到家(上东一号店)",
        "category": "life",
        "type": "生活服务;生活服务场所;生活服务场所",
        "district": "成华区",
        "weight": 1
      }
    },
    {
      "type": "Feature",
      "geometry": {
        "type": "Point",
        "coordinates": [
          104.105431,
          30.72848
        ]
      },
      "properties": {
        "name": "昌达移动脚手架直销处",
        "category": "life",
        "type": "生活服务;生活服务场所;生活服务场所",
        "district": "成华区",
        "weight": 1
      }
    },
    {
      "type": "Feature",
      "geometry": {
        "type": "Point",
        "coordinates": [
          104.105855,
          30.723917
        ]
      },
      "properties": {
        "name": "家家",
        "category": "life",
        "type": "生活服务;洗浴推拿场所;洗浴推拿场所",
        "district": "成华区",
        "weight": 1
      }
    },
    {
      "type": "Feature",
      "geometry": {
        "type": "Point",
        "coordinates": [
          104.107709,
          30.728419
        ]
      },
      "properties": {
        "name": "熙源汗蒸美容养生馆",
        "category": "life",
        "type": "生活服务;美容美发店;美容美发店",
        "district": "成华区",
        "weight": 1
      }
    },
    {
      "type": "Feature",
      "geometry": {
        "type": "Point",
        "coordinates": [
          104.107377,
          30.722231
        ]
      },
      "properties": {
        "name": "兴龙装饰",
        "category": "life",
        "type": "生活服务;生活服务场所;生活服务场所",
        "district": "成华区",
        "weight": 1
      }
    },
    {
      "type": "Feature",
      "geometry": {
        "type": "Point",
        "coordinates": [
          104.119414,
          30.726684
        ]
      },
      "properties": {
        "name": "联运物流",
        "category": "life",
        "type": "生活服务;物流速递;物流速递",
        "district": "成华区",
        "weight": 138
      }
    },
    {
      "type": "Feature",
      "geometry": {
        "type": "Point",
        "coordinates": [
          104.122311,
          30.724372
        ]
      },
      "properties": {
        "name": "秦源物流",
        "category": "life",
        "type": "生活服务;物流速递;物流速递",
        "district": "成华区",
        "weight": 46
      }
    },
    {
      "type": "Feature",
      "geometry": {
        "type": "Point",
        "coordinates": [
          104.118358,
          30.720445
        ]
      },
      "properties": {
        "name": "八维物流(致和路)",
        "category": "life",
        "type": "生活服务;物流速递;物流速递",
        "district": "成华区",
        "weight": 1
      }
    },
    {
      "type": "Feature",
      "geometry": {
        "type": "Point",
        "coordinates": [
          104.129998,
          30.724701
        ]
      },
      "properties": {
        "name": "腾辉装饰",
        "category": "life",
        "type": "生活服务;生活服务场所;生活服务场所",
        "district": "成华区",
        "weight": 3
      }
    },
    {
      "type": "Feature",
      "geometry": {
        "type": "Point",
        "coordinates": [
          104.126012,
          30.723746
        ]
      },
      "properties": {
        "name": "利君货运",
        "category": "life",
        "type": "生活服务;物流速递;物流速递",
        "district": "成华区",
        "weight": 67
      }
    },
    {
      "type": "Feature",
      "geometry": {
        "type": "Point",
        "coordinates": [
          104.129716,
          30.722259
        ]
      },
      "properties": {
        "name": "鸿达广告(东林二路)",
        "category": "life",
        "type": "生活服务;生活服务场所;生活服务场所",
        "district": "成华区",
        "weight": 3
      }
    },
    {
      "type": "Feature",
      "geometry": {
        "type": "Point",
        "coordinates": [
          104.126724,
          30.721384
        ]
      },
      "properties": {
        "name": "新山生活垃圾压缩站",
        "category": "life",
        "type": "生活服务;生活服务场所;生活服务场所",
        "district": "成华区",
        "weight": 2
      }
    },
    {
      "type": "Feature",
      "geometry": {
        "type": "Point",
        "coordinates": [
          104.125863,
          30.726997
        ]
      },
      "properties": {
        "name": "永丰建材配送中心",
        "category": "life",
        "type": "生活服务;物流速递;物流速递",
        "district": "成华区",
        "weight": 1
      }
    },
    {
      "type": "Feature",
      "geometry": {
        "type": "Point",
        "coordinates": [
          104.128196,
          30.720741
        ]
      },
      "properties": {
        "name": "老袁专业焊校大梁",
        "category": "life",
        "type": "生活服务;生活服务场所;生活服务场所",
        "district": "成华区",
        "weight": 1
      }
    },
    {
      "type": "Feature",
      "geometry": {
        "type": "Point",
        "coordinates": [
          104.131324,
          30.727393
        ]
      },
      "properties": {
        "name": "合兴货运",
        "category": "life",
        "type": "生活服务;物流速递;物流速递",
        "district": "成华区",
        "weight": 4
      }
    },
    {
      "type": "Feature",
      "geometry": {
        "type": "Point",
        "coordinates": [
          104.124912,
          30.721502
        ]
      },
      "properties": {
        "name": "天丰建材开票处",
        "category": "life",
        "type": "生活服务;生活服务场所;生活服务场所",
        "district": "成华区",
        "weight": 1
      }
    },
    {
      "type": "Feature",
      "geometry": {
        "type": "Point",
        "coordinates": [
          104.130911,
          30.720119
        ]
      },
      "properties": {
        "name": "安驰物流",
        "category": "life",
        "type": "生活服务;物流速递;物流速递",
        "district": "成华区",
        "weight": 12
      }
    },
    {
      "type": "Feature",
      "geometry": {
        "type": "Point",
        "coordinates": [
          104.134048,
          30.727769
        ]
      },
      "properties": {
        "name": "成华区青龙街道一里塘社区服务站",
        "category": "life",
        "type": "生活服务;生活服务场所;生活服务场所",
        "district": "成华区",
        "weight": 1
      }
    },
    {
      "type": "Feature",
      "geometry": {
        "type": "Point",
        "coordinates": [
          104.142554,
          30.719537
        ]
      },
      "properties": {
        "name": "四川省大件运输公司第二分公司",
        "category": "life",
        "type": "生活服务;物流速递;物流速递",
        "district": "成华区",
        "weight": 1
      }
    },
    {
      "type": "Feature",
      "geometry": {
        "type": "Point",
        "coordinates": [
          104.144839,
          30.720333
        ]
      },
      "properties": {
        "name": "广州源灏物流",
        "category": "life",
        "type": "生活服务;物流速递;物流速递",
        "district": "成华区",
        "weight": 5
      }
    },
    {
      "type": "Feature",
      "geometry": {
        "type": "Point",
        "coordinates": [
          104.152158,
          30.72288
        ]
      },
      "properties": {
        "name": "成华区龙潭社区和成社区服务站",
        "category": "life",
        "type": "生活服务;生活服务场所;生活服务场所",
        "district": "成华区",
        "weight": 1
      }
    },
    {
      "type": "Feature",
      "geometry": {
        "type": "Point",
        "coordinates": [
          104.154918,
          30.722769
        ]
      },
      "properties": {
        "name": "成华区龙潭街道和成社区服务站",
        "category": "life",
        "type": "生活服务;生活服务场所;生活服务场所",
        "district": "成华区",
        "weight": 1
      }
    },
    {
      "type": "Feature",
      "geometry": {
        "type": "Point",
        "coordinates": [
          104.165439,
          30.718241
        ]
      },
      "properties": {
        "name": "王妃",
        "category": "life",
        "type": "生活服务;美容美发店;美容美发店",
        "district": "成华区",
        "weight": 61
      }
    },
    {
      "type": "Feature",
      "geometry": {
        "type": "Point",
        "coordinates": [
          104.165682,
          30.721245
        ]
      },
      "properties": {
        "name": "倩莎美业",
        "category": "life",
        "type": "生活服务;美容美发店;美容美发店",
        "district": "成华区",
        "weight": 1
      }
    },
    {
      "type": "Feature",
      "geometry": {
        "type": "Point",
        "coordinates": [
          104.175411,
          30.722778
        ]
      },
      "properties": {
        "name": "康巴物流",
        "category": "life",
        "type": "生活服务;物流速递;物流速递",
        "district": "成华区",
        "weight": 1
      }
    },
    {
      "type": "Feature",
      "geometry": {
        "type": "Point",
        "coordinates": [
          103.964918,
          30.717648
        ]
      },
      "properties": {
        "name": "成都高新区恒达试验设备维修服务部",
        "category": "life",
        "type": "生活服务;维修站点;维修站点",
        "district": "金牛区",
        "weight": 1
      }
    },
    {
      "type": "Feature",
      "geometry": {
        "type": "Point",
        "coordinates": [
          103.964079,
          30.719016
        ]
      },
      "properties": {
        "name": "惠民网配送中心",
        "category": "life",
        "type": "生活服务;生活服务场所;生活服务场所",
        "district": "金牛区",
        "weight": 1
      }
    },
    {
      "type": "Feature",
      "geometry": {
        "type": "Point",
        "coordinates": [
          103.965675,
          30.716153
        ]
      },
      "properties": {
        "name": "金火焰燃气(土龙路配送点)",
        "category": "life",
        "type": "生活服务;生活服务场所;生活服务场所",
        "district": "金牛区",
        "weight": 1
      }
    },
    {
      "type": "Feature",
      "geometry": {
        "type": "Point",
        "coordinates": [
          103.982224,
          30.714946
        ]
      },
      "properties": {
        "name": "靓丽纹绣",
        "category": "life",
        "type": "生活服务;美容美发店;美容美发店",
        "district": "金牛区",
        "weight": 17
      }
    },
    {
      "type": "Feature",
      "geometry": {
        "type": "Point",
        "coordinates": [
          103.978074,
          30.715807
        ]
      },
      "properties": {
        "name": "韵达快运(龙湖·源著西南)",
        "category": "life",
        "type": "生活服务;物流速递;物流速递",
        "district": "金牛区",
        "weight": 1
      }
    },
    {
      "type": "Feature",
      "geometry": {
        "type": "Point",
        "coordinates": [
          103.983514,
          30.713871
        ]
      },
      "properties": {
        "name": "巧手私人定制",
        "category": "life",
        "type": "生活服务;美容美发店;美容美发店",
        "district": "金牛区",
        "weight": 1
      }
    },
    {
      "type": "Feature",
      "geometry": {
        "type": "Point",
        "coordinates": [
          103.978372,
          30.706871
        ]
      },
      "properties": {
        "name": "星空间",
        "category": "life",
        "type": "生活服务;美容美发店;美容美发店",
        "district": "金牛区",
        "weight": 90
      }
    },
    {
      "type": "Feature",
      "geometry": {
        "type": "Point",
        "coordinates": [
          103.983484,
          30.710443
        ]
      },
      "properties": {
        "name": "特约代理点",
        "category": "life",
        "type": "生活服务;生活服务场所;生活服务场所",
        "district": "金牛区",
        "weight": 1
      }
    },
    {
      "type": "Feature",
      "geometry": {
        "type": "Point",
        "coordinates": [
          103.985716,
          30.713524
        ]
      },
      "properties": {
        "name": "秀阁",
        "category": "life",
        "type": "生活服务;美容美发店;美容美发店",
        "district": "金牛区",
        "weight": 26
      }
    },
    {
      "type": "Feature",
      "geometry": {
        "type": "Point",
        "coordinates": [
          103.991228,
          30.711301
        ]
      },
      "properties": {
        "name": "顶峰造型",
        "category": "life",
        "type": "生活服务;美容美发店;美容美发店",
        "district": "金牛区",
        "weight": 63
      }
    },
    {
      "type": "Feature",
      "geometry": {
        "type": "Point",
        "coordinates": [
          103.989894,
          30.716667
        ]
      },
      "properties": {
        "name": "三泰魔方速递易",
        "category": "life",
        "type": "生活服务;物流速递;物流速递",
        "district": "金牛区",
        "weight": 1
      }
    },
    {
      "type": "Feature",
      "geometry": {
        "type": "Point",
        "coordinates": [
          103.987943,
          30.718115
        ]
      },
      "properties": {
        "name": "静轩图文",
        "category": "life",
        "type": "生活服务;生活服务场所;生活服务场所",
        "district": "金牛区",
        "weight": 17
      }
    },
    {
      "type": "Feature",
      "geometry": {
        "type": "Point",
        "coordinates": [
          103.985022,
          30.716505
        ]
      },
      "properties": {
        "name": "维修服务区",
        "category": "life",
        "type": "生活服务;生活服务场所;生活服务场所",
        "district": "金牛区",
        "weight": 1
      }
    },
    {
      "type": "Feature",
      "geometry": {
        "type": "Point",
        "coordinates": [
          103.992493,
          30.716067
        ]
      },
      "properties": {
        "name": "成都宝悦MINI",
        "category": "life",
        "type": "生活服务;生活服务场所;生活服务场所",
        "district": "金牛区",
        "weight": 2
      }
    },
    {
      "type": "Feature",
      "geometry": {
        "type": "Point",
        "coordinates": [
          103.984788,
          30.718061
        ]
      },
      "properties": {
        "name": "华星华驰克莱斯勒服务有限公司售后服务顾问",
        "category": "life",
        "type": "生活服务;生活服务场所;生活服务场所",
        "district": "金牛区",
        "weight": 1
      }
    },
    {
      "type": "Feature",
      "geometry": {
        "type": "Point",
        "coordinates": [
          103.991637,
          30.71897
        ]
      },
      "properties": {
        "name": "飞鸿广告",
        "category": "life",
        "type": "生活服务;生活服务场所;生活服务场所",
        "district": "金牛区",
        "weight": 1
      }
    },
    {
      "type": "Feature",
      "geometry": {
        "type": "Point",
        "coordinates": [
          103.997406,
          30.715132
        ]
      },
      "properties": {
        "name": "九寨运业",
        "category": "life",
        "type": "生活服务;生活服务场所;生活服务场所",
        "district": "金牛区",
        "weight": 9
      }
    },
    {
      "type": "Feature",
      "geometry": {
        "type": "Point",
        "coordinates": [
          103.999017,
          30.713186
        ]
      },
      "properties": {
        "name": "玲云美发",
        "category": "life",
        "type": "生活服务;美容美发店;美容美发店",
        "district": "金牛区",
        "weight": 8
      }
    },
    {
      "type": "Feature",
      "geometry": {
        "type": "Point",
        "coordinates": [
          104.001858,
          30.716699
        ]
      },
      "properties": {
        "name": "租房售房",
        "category": "life",
        "type": "生活服务;生活服务场所;生活服务场所",
        "district": "金牛区",
        "weight": 7
      }
    },
    {
      "type": "Feature",
      "geometry": {
        "type": "Point",
        "coordinates": [
          104.001832,
          30.714095
        ]
      },
      "properties": {
        "name": "全秀按摩",
        "category": "life",
        "type": "生活服务;洗浴推拿场所;洗浴推拿场所",
        "district": "金牛区",
        "weight": 3
      }
    },
    {
      "type": "Feature",
      "geometry": {
        "type": "Point",
        "coordinates": [
          104.003167,
          30.714615
        ]
      },
      "properties": {
        "name": "菜鸟驿站",
        "category": "life",
        "type": "生活服务;生活服务场所;生活服务场所",
        "district": "金牛区",
        "weight": 1
      }
    },
    {
      "type": "Feature",
      "geometry": {
        "type": "Point",
        "coordinates": [
          103.995231,
          30.717235
        ]
      },
      "properties": {
        "name": "四川鼎鑫至永资产评估事务所有限责任公司(第二办公区)",
        "category": "life",
        "type": "生活服务;生活服务场所;生活服务场所",
        "district": "金牛区",
        "weight": 1
      }
    },
    {
      "type": "Feature",
      "geometry": {
        "type": "Point",
        "coordinates": [
          104.001587,
          30.710807
        ]
      },
      "properties": {
        "name": "自行车租赁点(迎宾大道)",
        "category": "life",
        "type": "生活服务;生活服务场所;生活服务场所",
        "district": "金牛区",
        "weight": 1
      }
    },
    {
      "type": "Feature",
      "geometry": {
        "type": "Point",
        "coordinates": [
          103.997969,
          30.706819
        ]
      },
      "properties": {
        "name": "晟大房产",
        "category": "life",
        "type": "生活服务;生活服务场所;生活服务场所",
        "district": "金牛区",
        "weight": 49
      }
    },
    {
      "type": "Feature",
      "geometry": {
        "type": "Point",
        "coordinates": [
          103.995595,
          30.718425
        ]
      },
      "properties": {
        "name": "法斯特消防安全性能评估有限公司",
        "category": "life",
        "type": "生活服务;事务所;评估事务所",
        "district": "金牛区",
        "weight": 1
      }
    },
    {
      "type": "Feature",
      "geometry": {
        "type": "Point",
        "coordinates": [
          104.000683,
          30.711771
        ]
      },
      "properties": {
        "name": "四川博力律师事务所",
        "category": "life",
        "type": "生活服务;事务所;律师事务所",
        "district": "金牛区",
        "weight": 1
      }
    },
    {
      "type": "Feature",
      "geometry": {
        "type": "Point",
        "coordinates": [
          104.009128,
          30.713153
        ]
      },
      "properties": {
        "name": "保修中心",
        "category": "life",
        "type": "生活服务;生活服务场所;生活服务场所",
        "district": "金牛区",
        "weight": 9
      }
    },
    {
      "type": "Feature",
      "geometry": {
        "type": "Point",
        "coordinates": [
          104.007702,
          30.715882
        ]
      },
      "properties": {
        "name": "日月地产",
        "category": "life",
        "type": "生活服务;生活服务场所;生活服务场所",
        "district": "金牛区",
        "weight": 4
      }
    },
    {
      "type": "Feature",
      "geometry": {
        "type": "Point",
        "coordinates": [
          104.010761,
          30.71394
        ]
      },
      "properties": {
        "name": "锦颜国际美容养生会所",
        "category": "life",
        "type": "生活服务;美容美发店;美容美发店",
        "district": "金牛区",
        "weight": 1
      }
    },
    {
      "type": "Feature",
      "geometry": {
        "type": "Point",
        "coordinates": [
          104.008562,
          30.708878
        ]
      },
      "properties": {
        "name": "物业",
        "category": "life",
        "type": "生活服务;生活服务场所;生活服务场所",
        "district": "金牛区",
        "weight": 37
      }
    },
    {
      "type": "Feature",
      "geometry": {
        "type": "Point",
        "coordinates": [
          104.011305,
          30.716079
        ]
      },
      "properties": {
        "name": "金牛西苑物业服务中心",
        "category": "life",
        "type": "生活服务;生活服务场所;生活服务场所",
        "district": "金牛区",
        "weight": 1
      }
    },
    {
      "type": "Feature",
      "geometry": {
        "type": "Point",
        "coordinates": [
          104.008851,
          30.711549
        ]
      },
      "properties": {
        "name": "快递之家",
        "category": "life",
        "type": "生活服务;生活服务场所;生活服务场所",
        "district": "金牛区",
        "weight": 3
      }
    },
    {
      "type": "Feature",
      "geometry": {
        "type": "Point",
        "coordinates": [
          104.010198,
          30.716958
        ]
      },
      "properties": {
        "name": "蓝领集团车辆上牌处",
        "category": "life",
        "type": "生活服务;生活服务场所;生活服务场所",
        "district": "金牛区",
        "weight": 2
      }
    },
    {
      "type": "Feature",
      "geometry": {
        "type": "Point",
        "coordinates": [
          104.005832,
          30.712305
        ]
      },
      "properties": {
        "name": "自行车租赁点(金瑞路)",
        "category": "life",
        "type": "生活服务;生活服务场所;生活服务场所",
        "district": "金牛区",
        "weight": 1
      }
    },
    {
      "type": "Feature",
      "geometry": {
        "type": "Point",
        "coordinates": [
          104.011896,
          30.717882
        ]
      },
      "properties": {
        "name": "逸品印务",
        "category": "life",
        "type": "生活服务;生活服务场所;生活服务场所",
        "district": "金牛区",
        "weight": 3
      }
    },
    {
      "type": "Feature",
      "geometry": {
        "type": "Point",
        "coordinates": [
          104.01176,
          30.719173
        ]
      },
      "properties": {
        "name": "婚纱照场",
        "category": "life",
        "type": "生活服务;生活服务场所;生活服务场所",
        "district": "金牛区",
        "weight": 1
      }
    },
    {
      "type": "Feature",
      "geometry": {
        "type": "Point",
        "coordinates": [
          104.004013,
          30.718503
        ]
      },
      "properties": {
        "name": "中国电信(土桥营业厅)",
        "category": "life",
        "type": "生活服务;电讯营业厅;中国电信营业厅",
        "district": "金牛区",
        "weight": 1
      }
    },
    {
      "type": "Feature",
      "geometry": {
        "type": "Point",
        "coordinates": [
          104.006963,
          30.716964
        ]
      },
      "properties": {
        "name": "艾普宽带总部营业厅",
        "category": "life",
        "type": "生活服务;电讯营业厅;电讯营业厅",
        "district": "金牛区",
        "weight": 2
      }
    },
    {
      "type": "Feature",
      "geometry": {
        "type": "Point",
        "coordinates": [
          104.020237,
          30.713906
        ]
      },
      "properties": {
        "name": "天地源",
        "category": "life",
        "type": "生活服务;美容美发店;美容美发店",
        "district": "金牛区",
        "weight": 35
      }
    },
    {
      "type": "Feature",
      "geometry": {
        "type": "Point",
        "coordinates": [
          104.017647,
          30.712229
        ]
      },
      "properties": {
        "name": "龙师傅修车",
        "category": "life",
        "type": "生活服务;维修站点;维修站点",
        "district": "金牛区",
        "weight": 8
      }
    },
    {
      "type": "Feature",
      "geometry": {
        "type": "Point",
        "coordinates": [
          104.018124,
          30.716059
        ]
      },
      "properties": {
        "name": "博力多配送",
        "category": "life",
        "type": "生活服务;物流速递;物流速递",
        "district": "金牛区",
        "weight": 1
      }
    },
    {
      "type": "Feature",
      "geometry": {
        "type": "Point",
        "coordinates": [
          104.019396,
          30.716379
        ]
      },
      "properties": {
        "name": "收废铁",
        "category": "life",
        "type": "生活服务;生活服务场所;生活服务场所",
        "district": "金牛区",
        "weight": 6
      }
    },
    {
      "type": "Feature",
      "geometry": {
        "type": "Point",
        "coordinates": [
          104.02047,
          30.711482
        ]
      },
      "properties": {
        "name": "琼嘎物流",
        "category": "life",
        "type": "生活服务;物流速递;物流速递",
        "district": "金牛区",
        "weight": 3
      }
    },
    {
      "type": "Feature",
      "geometry": {
        "type": "Point",
        "coordinates": [
          104.023321,
          30.713214
        ]
      },
      "properties": {
        "name": "路正驾校报名点(西城首峻东)",
        "category": "life",
        "type": "生活服务;生活服务场所;生活服务场所",
        "district": "金牛区",
        "weight": 2
      }
    },
    {
      "type": "Feature",
      "geometry": {
        "type": "Point",
        "coordinates": [
          104.022521,
          30.707815
        ]
      },
      "properties": {
        "name": "摩达",
        "category": "life",
        "type": "生活服务;生活服务场所;生活服务场所",
        "district": "金牛区",
        "weight": 38
      }
    },
    {
      "type": "Feature",
      "geometry": {
        "type": "Point",
        "coordinates": [
          104.023345,
          30.710756
        ]
      },
      "properties": {
        "name": "八面风物流",
        "category": "life",
        "type": "生活服务;物流速递;物流速递",
        "district": "金牛区",
        "weight": 3
      }
    },
    {
      "type": "Feature",
      "geometry": {
        "type": "Point",
        "coordinates": [
          104.013979,
          30.710433
        ]
      },
      "properties": {
        "name": "蓝光矿泉水(金卉路)",
        "category": "life",
        "type": "生活服务;生活服务场所;生活服务场所",
        "district": "金牛区",
        "weight": 1
      }
    },
    {
      "type": "Feature",
      "geometry": {
        "type": "Point",
        "coordinates": [
          104.014302,
          30.718897
        ]
      },
      "properties": {
        "name": "新东方咨询中心",
        "category": "life",
        "type": "生活服务;生活服务场所;生活服务场所",
        "district": "金牛区",
        "weight": 1
      }
    },
    {
      "type": "Feature",
      "geometry": {
        "type": "Point",
        "coordinates": [
          104.028669,
          30.713628
        ]
      },
      "properties": {
        "name": "凯林焊接",
        "category": "life",
        "type": "生活服务;生活服务场所;生活服务场所",
        "district": "金牛区",
        "weight": 7
      }
    },
    {
      "type": "Feature",
      "geometry": {
        "type": "Point",
        "coordinates": [
          104.031281,
          30.715437
        ]
      },
      "properties": {
        "name": "鹰之印",
        "category": "life",
        "type": "生活服务;生活服务场所;生活服务场所",
        "district": "金牛区",
        "weight": 5
      }
    },
    {
      "type": "Feature",
      "geometry": {
        "type": "Point",
        "coordinates": [
          104.02635,
          30.715939
        ]
      },
      "properties": {
        "name": "菜鸟驿站",
        "category": "life",
        "type": "生活服务;生活服务场所;生活服务场所",
        "district": "金牛区",
        "weight": 5
      }
    },
    {
      "type": "Feature",
      "geometry": {
        "type": "Point",
        "coordinates": [
          104.027684,
          30.717201
        ]
      },
      "properties": {
        "name": "菜鸟驿站(华侨城一期红旗连锁旁水岸五金店内)",
        "category": "life",
        "type": "生活服务;物流速递;物流速递",
        "district": "金牛区",
        "weight": 1
      }
    },
    {
      "type": "Feature",
      "geometry": {
        "type": "Point",
        "coordinates": [
          104.032961,
          30.713129
        ]
      },
      "properties": {
        "name": "阳平印务",
        "category": "life",
        "type": "生活服务;生活服务场所;生活服务场所",
        "district": "金牛区",
        "weight": 117
      }
    },
    {
      "type": "Feature",
      "geometry": {
        "type": "Point",
        "coordinates": [
          104.025857,
          30.710562
        ]
      },
      "properties": {
        "name": "宇斌广告",
        "category": "life",
        "type": "生活服务;生活服务场所;生活服务场所",
        "district": "金牛区",
        "weight": 129
      }
    },
    {
      "type": "Feature",
      "geometry": {
        "type": "Point",
        "coordinates": [
          104.065786,
          30.668641
        ]
      },
      "properties": {
        "name": "鑫尚",
        "category": "life",
        "type": "生活服务;美容美发店;美容美发店",
        "district": "金牛区",
        "weight": 18598
      }
    },
    {
      "type": "Feature",
      "geometry": {
        "type": "Point",
        "coordinates": [
          104.033824,
          30.717517
        ]
      },
      "properties": {
        "name": "金山快运",
        "category": "life",
        "type": "生活服务;物流速递;物流速递",
        "district": "金牛区",
        "weight": 5
      }
    },
    {
      "type": "Feature",
      "geometry": {
        "type": "Point",
        "coordinates": [
          104.041032,
          30.713328
        ]
      },
      "properties": {
        "name": "佳佳美发",
        "category": "life",
        "type": "生活服务;美容美发店;美容美发店",
        "district": "金牛区",
        "weight": 1
      }
    },
    {
      "type": "Feature",
      "geometry": {
        "type": "Point",
        "coordinates": [
          104.037469,
          30.717338
        ]
      },
      "properties": {
        "name": "原野工具配送中心",
        "category": "life",
        "type": "生活服务;生活服务场所;生活服务场所",
        "district": "金牛区",
        "weight": 1
      }
    },
    {
      "type": "Feature",
      "geometry": {
        "type": "Point",
        "coordinates": [
          104.041904,
          30.715538
        ]
      },
      "properties": {
        "name": "开锁换锁芯配钥匙",
        "category": "life",
        "type": "生活服务;生活服务场所;生活服务场所",
        "district": "金牛区",
        "weight": 1
      }
    },
    {
      "type": "Feature",
      "geometry": {
        "type": "Point",
        "coordinates": [
          104.039088,
          30.717475
        ]
      },
      "properties": {
        "name": "广告公司",
        "category": "life",
        "type": "生活服务;生活服务场所;生活服务场所",
        "district": "金牛区",
        "weight": 1
      }
    },
    {
      "type": "Feature",
      "geometry": {
        "type": "Point",
        "coordinates": [
          104.03571,
          30.7172
        ]
      },
      "properties": {
        "name": "依莎浴室柜",
        "category": "life",
        "type": "生活服务;洗浴推拿场所;洗浴推拿场所",
        "district": "金牛区",
        "weight": 2
      }
    },
    {
      "type": "Feature",
      "geometry": {
        "type": "Point",
        "coordinates": [
          104.040419,
          30.717709
        ]
      },
      "properties": {
        "name": "盛达图文快印",
        "category": "life",
        "type": "生活服务;生活服务场所;生活服务场所",
        "district": "金牛区",
        "weight": 3
      }
    },
    {
      "type": "Feature",
      "geometry": {
        "type": "Point",
        "coordinates": [
          104.044924,
          30.714304
        ]
      },
      "properties": {
        "name": "MM美甲",
        "category": "life",
        "type": "生活服务;美容美发店;美容美发店",
        "district": "金牛区",
        "weight": 45
      }
    },
    {
      "type": "Feature",
      "geometry": {
        "type": "Point",
        "coordinates": [
          104.034476,
          30.715887
        ]
      },
      "properties": {
        "name": "伟伟印务",
        "category": "life",
        "type": "生活服务;生活服务场所;生活服务场所",
        "district": "金牛区",
        "weight": 2
      }
    },
    {
      "type": "Feature",
      "geometry": {
        "type": "Point",
        "coordinates": [
          104.047795,
          30.714836
        ]
      },
      "properties": {
        "name": "天欣驾校报名处",
        "category": "life",
        "type": "生活服务;生活服务场所;生活服务场所",
        "district": "金牛区",
        "weight": 1
      }
    },
    {
      "type": "Feature",
      "geometry": {
        "type": "Point",
        "coordinates": [
          104.047664,
          30.713589
        ]
      },
      "properties": {
        "name": "自行车租赁点(九里堤西路)",
        "category": "life",
        "type": "生活服务;生活服务场所;生活服务场所",
        "district": "金牛区",
        "weight": 1
      }
    },
    {
      "type": "Feature",
      "geometry": {
        "type": "Point",
        "coordinates": [
          104.05058,
          30.716574
        ]
      },
      "properties": {
        "name": "蜀弘驾校报名点(九里堤北路52号院北)",
        "category": "life",
        "type": "生活服务;生活服务场所;生活服务场所",
        "district": "金牛区",
        "weight": 1
      }
    },
    {
      "type": "Feature",
      "geometry": {
        "type": "Point",
        "coordinates": [
          104.052246,
          30.713863
        ]
      },
      "properties": {
        "name": "菜鸟驿站(五福佳苑2栋1单元103)",
        "category": "life",
        "type": "生活服务;物流速递;物流速递",
        "district": "金牛区",
        "weight": 1
      }
    },
    {
      "type": "Feature",
      "geometry": {
        "type": "Point",
        "coordinates": [
          104.057937,
          30.71593
        ]
      },
      "properties": {
        "name": "睿信地产",
        "category": "life",
        "type": "生活服务;生活服务场所;生活服务场所",
        "district": "金牛区",
        "weight": 10
      }
    },
    {
      "type": "Feature",
      "geometry": {
        "type": "Point",
        "coordinates": [
          104.067339,
          30.707776
        ]
      },
      "properties": {
        "name": "慕纱",
        "category": "life",
        "type": "生活服务;美容美发店;美容美发店",
        "district": "金牛区",
        "weight": 1342
      }
    },
    {
      "type": "Feature",
      "geometry": {
        "type": "Point",
        "coordinates": [
          104.05586,
          30.717707
        ]
      },
      "properties": {
        "name": "禾丰物流",
        "category": "life",
        "type": "生活服务;物流速递;物流速递",
        "district": "金牛区",
        "weight": 23
      }
    },
    {
      "type": "Feature",
      "geometry": {
        "type": "Point",
        "coordinates": [
          104.059836,
          30.715945
        ]
      },
      "properties": {
        "name": "菜鸟驿站(映日荷花2栋1单元101号)",
        "category": "life",
        "type": "生活服务;物流速递;物流速递",
        "district": "金牛区",
        "weight": 1
      }
    },
    {
      "type": "Feature",
      "geometry": {
        "type": "Point",
        "coordinates": [
          104.059634,
          30.712566
        ]
      },
      "properties": {
        "name": "小王加工行",
        "category": "life",
        "type": "生活服务;生活服务场所;生活服务场所",
        "district": "金牛区",
        "weight": 1
      }
    },
    {
      "type": "Feature",
      "geometry": {
        "type": "Point",
        "coordinates": [
          104.060969,
          30.71768
        ]
      },
      "properties": {
        "name": "精剪发艺焗油烫染店",
        "category": "life",
        "type": "生活服务;美容美发店;美容美发店",
        "district": "金牛区",
        "weight": 1
      }
    },
    {
      "type": "Feature",
      "geometry": {
        "type": "Point",
        "coordinates": [
          104.057898,
          30.719292
        ]
      },
      "properties": {
        "name": "终端开票厅",
        "category": "life",
        "type": "生活服务;生活服务场所;生活服务场所",
        "district": "金牛区",
        "weight": 2
      }
    },
    {
      "type": "Feature",
      "geometry": {
        "type": "Point",
        "coordinates": [
          104.071584,
          30.717603
        ]
      },
      "properties": {
        "name": "咨询台",
        "category": "life",
        "type": "生活服务;生活服务场所;生活服务场所",
        "district": "金牛区",
        "weight": 4
      }
    },
    {
      "type": "Feature",
      "geometry": {
        "type": "Point",
        "coordinates": [
          104.069173,
          30.718865
        ]
      },
      "properties": {
        "name": "名剪发烫染店",
        "category": "life",
        "type": "生活服务;美容美发店;美容美发店",
        "district": "成华区",
        "weight": 11
      }
    },
    {
      "type": "Feature",
      "geometry": {
        "type": "Point",
        "coordinates": [
          104.067358,
          30.718576
        ]
      },
      "properties": {
        "name": "金牛区法律援助中心",
        "category": "life",
        "type": "生活服务;事务所;律师事务所",
        "district": "金牛区",
        "weight": 3
      }
    },
    {
      "type": "Feature",
      "geometry": {
        "type": "Point",
        "coordinates": [
          104.071883,
          30.710262
        ]
      },
      "properties": {
        "name": "佳鑫休闲按摩",
        "category": "life",
        "type": "生活服务;洗浴推拿场所;洗浴推拿场所",
        "district": "成华区",
        "weight": 4
      }
    },
    {
      "type": "Feature",
      "geometry": {
        "type": "Point",
        "coordinates": [
          104.073658,
          30.710796
        ]
      },
      "properties": {
        "name": "速递易",
        "category": "life",
        "type": "生活服务;物流速递;物流速递",
        "district": "成华区",
        "weight": 15
      }
    },
    {
      "type": "Feature",
      "geometry": {
        "type": "Point",
        "coordinates": [
          104.080401,
          30.714185
        ]
      },
      "properties": {
        "name": "中国联通",
        "category": "life",
        "type": "生活服务;电讯营业厅;电讯营业厅",
        "district": "成华区",
        "weight": 8
      }
    },
    {
      "type": "Feature",
      "geometry": {
        "type": "Point",
        "coordinates": [
          104.076527,
          30.715929
        ]
      },
      "properties": {
        "name": "经典造型(双耀二路)",
        "category": "life",
        "type": "生活服务;美容美发店;美容美发店",
        "district": "成华区",
        "weight": 1
      }
    },
    {
      "type": "Feature",
      "geometry": {
        "type": "Point",
        "coordinates": [
          104.074458,
          30.716718
        ]
      },
      "properties": {
        "name": "发思琪",
        "category": "life",
        "type": "生活服务;美容美发店;美容美发店",
        "district": "成华区",
        "weight": 15
      }
    },
    {
      "type": "Feature",
      "geometry": {
        "type": "Point",
        "coordinates": [
          104.075948,
          30.718436
        ]
      },
      "properties": {
        "name": "发舞狂潮",
        "category": "life",
        "type": "生活服务;美容美发店;美容美发店",
        "district": "金牛区",
        "weight": 32
      }
    },
    {
      "type": "Feature",
      "geometry": {
        "type": "Point",
        "coordinates": [
          104.076315,
          30.714949
        ]
      },
      "properties": {
        "name": "七彩祥云搬家服务",
        "category": "life",
        "type": "生活服务;生活服务场所;生活服务场所",
        "district": "成华区",
        "weight": 1
      }
    },
    {
      "type": "Feature",
      "geometry": {
        "type": "Point",
        "coordinates": [
          104.077687,
          30.712241
        ]
      },
      "properties": {
        "name": "华天桑拿洗浴会所",
        "category": "life",
        "type": "生活服务;洗浴推拿场所;洗浴推拿场所",
        "district": "成华区",
        "weight": 1
      }
    },
    {
      "type": "Feature",
      "geometry": {
        "type": "Point",
        "coordinates": [
          104.083591,
          30.713425
        ]
      },
      "properties": {
        "name": "芬芳浴足",
        "category": "life",
        "type": "生活服务;洗浴推拿场所;洗浴推拿场所",
        "district": "成华区",
        "weight": 3
      }
    },
    {
      "type": "Feature",
      "geometry": {
        "type": "Point",
        "coordinates": [
          104.081601,
          30.717551
        ]
      },
      "properties": {
        "name": "蜀弘驾校报名点",
        "category": "life",
        "type": "生活服务;生活服务场所;生活服务场所",
        "district": "金牛区",
        "weight": 1
      }
    },
    {
      "type": "Feature",
      "geometry": {
        "type": "Point",
        "coordinates": [
          104.083396,
          30.714889
        ]
      },
      "properties": {
        "name": "曹氏家电经营部",
        "category": "life",
        "type": "生活服务;维修站点;维修站点",
        "district": "成华区",
        "weight": 1
      }
    },
    {
      "type": "Feature",
      "geometry": {
        "type": "Point",
        "coordinates": [
          104.089801,
          30.714582
        ]
      },
      "properties": {
        "name": "瑶蒸堂",
        "category": "life",
        "type": "生活服务;洗浴推拿场所;洗浴推拿场所",
        "district": "成华区",
        "weight": 53
      }
    },
    {
      "type": "Feature",
      "geometry": {
        "type": "Point",
        "coordinates": [
          104.087281,
          30.715791
        ]
      },
      "properties": {
        "name": "李氏按摩床",
        "category": "life",
        "type": "生活服务;洗浴推拿场所;洗浴推拿场所",
        "district": "成华区",
        "weight": 3
      }
    },
    {
      "type": "Feature",
      "geometry": {
        "type": "Point",
        "coordinates": [
          104.089945,
          30.71683
        ]
      },
      "properties": {
        "name": "泰昶驾校招生点",
        "category": "life",
        "type": "生活服务;生活服务场所;生活服务场所",
        "district": "成华区",
        "weight": 3
      }
    },
    {
      "type": "Feature",
      "geometry": {
        "type": "Point",
        "coordinates": [
          104.09332,
          30.708642
        ]
      },
      "properties": {
        "name": "指源",
        "category": "life",
        "type": "生活服务;生活服务场所;生活服务场所",
        "district": "成华区",
        "weight": 262
      }
    },
    {
      "type": "Feature",
      "geometry": {
        "type": "Point",
        "coordinates": [
          104.085332,
          30.713211
        ]
      },
      "properties": {
        "name": "中药浴足",
        "category": "life",
        "type": "生活服务;洗浴推拿场所;洗浴推拿场所",
        "district": "成华区",
        "weight": 1
      }
    },
    {
      "type": "Feature",
      "geometry": {
        "type": "Point",
        "coordinates": [
          104.086847,
          30.71695
        ]
      },
      "properties": {
        "name": "诚信平价车行",
        "category": "life",
        "type": "生活服务;维修站点;维修站点",
        "district": "成华区",
        "weight": 1
      }
    },
    {
      "type": "Feature",
      "geometry": {
        "type": "Point",
        "coordinates": [
          104.084942,
          30.715102
        ]
      },
      "properties": {
        "name": "祥云水站",
        "category": "life",
        "type": "生活服务;生活服务场所;生活服务场所",
        "district": "成华区",
        "weight": 2
      }
    },
    {
      "type": "Feature",
      "geometry": {
        "type": "Point",
        "coordinates": [
          104.0898,
          30.710312
        ]
      },
      "properties": {
        "name": "丽水房产",
        "category": "life",
        "type": "生活服务;生活服务场所;生活服务场所",
        "district": "成华区",
        "weight": 4
      }
    },
    {
      "type": "Feature",
      "geometry": {
        "type": "Point",
        "coordinates": [
          104.08631,
          30.717903
        ]
      },
      "properties": {
        "name": "中江肖氏换油蹄片清路清洗保养灯归零",
        "category": "life",
        "type": "生活服务;生活服务场所;生活服务场所",
        "district": "成华区",
        "weight": 1
      }
    },
    {
      "type": "Feature",
      "geometry": {
        "type": "Point",
        "coordinates": [
          104.084062,
          30.716075
        ]
      },
      "properties": {
        "name": "正科盲人理疗盲人按摩所",
        "category": "life",
        "type": "生活服务;洗浴推拿场所;洗浴推拿场所",
        "district": "成华区",
        "weight": 1
      }
    },
    {
      "type": "Feature",
      "geometry": {
        "type": "Point",
        "coordinates": [
          104.084357,
          30.718236
        ]
      },
      "properties": {
        "name": "南王液化气",
        "category": "life",
        "type": "生活服务;生活服务场所;生活服务场所",
        "district": "金牛区",
        "weight": 3
      }
    },
    {
      "type": "Feature",
      "geometry": {
        "type": "Point",
        "coordinates": [
          104.091373,
          30.71837
        ]
      },
      "properties": {
        "name": "金丽美容养生SPA馆",
        "category": "life",
        "type": "生活服务;美容美发店;美容美发店",
        "district": "成华区",
        "weight": 1
      }
    },
    {
      "type": "Feature",
      "geometry": {
        "type": "Point",
        "coordinates": [
          104.107963,
          30.716781
        ]
      },
      "properties": {
        "name": "悦妍",
        "category": "life",
        "type": "生活服务;生活服务场所;生活服务场所",
        "district": "成华区",
        "weight": 179
      }
    },
    {
      "type": "Feature",
      "geometry": {
        "type": "Point",
        "coordinates": [
          104.096326,
          30.717573
        ]
      },
      "properties": {
        "name": "中国体育彩票",
        "category": "life",
        "type": "生活服务;彩票彩券销售点;彩票彩券销售点",
        "district": "成华区",
        "weight": 5
      }
    },
    {
      "type": "Feature",
      "geometry": {
        "type": "Point",
        "coordinates": [
          104.101377,
          30.717285
        ]
      },
      "properties": {
        "name": "中国福利彩票",
        "category": "life",
        "type": "生活服务;彩票彩券销售点;彩票彩券销售点",
        "district": "成华区",
        "weight": 4
      }
    },
    {
      "type": "Feature",
      "geometry": {
        "type": "Point",
        "coordinates": [
          104.09892,
          30.717827
        ]
      },
      "properties": {
        "name": "洁美干洗店(荆竹分店)",
        "category": "life",
        "type": "生活服务;洗衣店;洗衣店",
        "district": "成华区",
        "weight": 2
      }
    },
    {
      "type": "Feature",
      "geometry": {
        "type": "Point",
        "coordinates": [
          104.094398,
          30.717123
        ]
      },
      "properties": {
        "name": "英英美发",
        "category": "life",
        "type": "生活服务;美容美发店;美容美发店",
        "district": "成华区",
        "weight": 1
      }
    },
    {
      "type": "Feature",
      "geometry": {
        "type": "Point",
        "coordinates": [
          104.095565,
          30.71902
        ]
      },
      "properties": {
        "name": "泰旭驾校报名点",
        "category": "life",
        "type": "生活服务;生活服务场所;生活服务场所",
        "district": "成华区",
        "weight": 1
      }
    },
    {
      "type": "Feature",
      "geometry": {
        "type": "Point",
        "coordinates": [
          104.10902,
          30.714459
        ]
      },
      "properties": {
        "name": "天天美甲",
        "category": "life",
        "type": "生活服务;美容美发店;美容美发店",
        "district": "成华区",
        "weight": 3
      }
    },
    {
      "type": "Feature",
      "geometry": {
        "type": "Point",
        "coordinates": [
          104.106976,
          30.713809
        ]
      },
      "properties": {
        "name": "欣丽美容",
        "category": "life",
        "type": "生活服务;美容美发店;美容美发店",
        "district": "成华区",
        "weight": 11
      }
    },
    {
      "type": "Feature",
      "geometry": {
        "type": "Point",
        "coordinates": [
          104.108696,
          30.71287
        ]
      },
      "properties": {
        "name": "赖推拿足道",
        "category": "life",
        "type": "生活服务;洗浴推拿场所;洗浴推拿场所",
        "district": "成华区",
        "weight": 11
      }
    },
    {
      "type": "Feature",
      "geometry": {
        "type": "Point",
        "coordinates": [
          104.111326,
          30.713104
        ]
      },
      "properties": {
        "name": "煌城造型",
        "category": "life",
        "type": "生活服务;美容美发店;美容美发店",
        "district": "成华区",
        "weight": 9
      }
    },
    {
      "type": "Feature",
      "geometry": {
        "type": "Point",
        "coordinates": [
          104.110163,
          30.716218
        ]
      },
      "properties": {
        "name": "专业烫染",
        "category": "life",
        "type": "生活服务;美容美发店;美容美发店",
        "district": "成华区",
        "weight": 3
      }
    },
    {
      "type": "Feature",
      "geometry": {
        "type": "Point",
        "coordinates": [
          104.116761,
          30.71849
        ]
      },
      "properties": {
        "name": "紫罗兰婚庆花艺(荆竹中路店)",
        "category": "life",
        "type": "生活服务;生活服务场所;生活服务场所",
        "district": "成华区",
        "weight": 1
      }
    },
    {
      "type": "Feature",
      "geometry": {
        "type": "Point",
        "coordinates": [
          104.115696,
          30.717391
        ]
      },
      "properties": {
        "name": "白莲水站",
        "category": "life",
        "type": "生活服务;生活服务场所;生活服务场所",
        "district": "成华区",
        "weight": 2
      }
    },
    {
      "type": "Feature",
      "geometry": {
        "type": "Point",
        "coordinates": [
          104.119781,
          30.712705
        ]
      },
      "properties": {
        "name": "UCC国际洗衣",
        "category": "life",
        "type": "生活服务;洗衣店;洗衣店",
        "district": "成华区",
        "weight": 1
      }
    },
    {
      "type": "Feature",
      "geometry": {
        "type": "Point",
        "coordinates": [
          104.129271,
          30.715541
        ]
      },
      "properties": {
        "name": "明英发屋",
        "category": "life",
        "type": "生活服务;生活服务场所;生活服务场所",
        "district": "成华区",
        "weight": 3
      }
    },
    {
      "type": "Feature",
      "geometry": {
        "type": "Point",
        "coordinates": [
          104.129332,
          30.714368
        ]
      },
      "properties": {
        "name": "中国移动4G宽带电视服务站",
        "category": "life",
        "type": "生活服务;生活服务场所;生活服务场所",
        "district": "成华区",
        "weight": 1
      }
    },
    {
      "type": "Feature",
      "geometry": {
        "type": "Point",
        "coordinates": [
          104.130523,
          30.714374
        ]
      },
      "properties": {
        "name": "做费",
        "category": "life",
        "type": "生活服务;生活服务场所;生活服务场所",
        "district": "成华区",
        "weight": 6
      }
    },
    {
      "type": "Feature",
      "geometry": {
        "type": "Point",
        "coordinates": [
          104.127644,
          30.716119
        ]
      },
      "properties": {
        "name": "伊美造型",
        "category": "life",
        "type": "生活服务;美容美发店;美容美发店",
        "district": "成华区",
        "weight": 7
      }
    },
    {
      "type": "Feature",
      "geometry": {
        "type": "Point",
        "coordinates": [
          104.125472,
          30.714713
        ]
      },
      "properties": {
        "name": "牡丹红按摩",
        "category": "life",
        "type": "生活服务;洗浴推拿场所;洗浴推拿场所",
        "district": "成华区",
        "weight": 4
      }
    },
    {
      "type": "Feature",
      "geometry": {
        "type": "Point",
        "coordinates": [
          104.125735,
          30.712426
        ]
      },
      "properties": {
        "name": "收废铁",
        "category": "life",
        "type": "生活服务;生活服务场所;生活服务场所",
        "district": "成华区",
        "weight": 1
      }
    },
    {
      "type": "Feature",
      "geometry": {
        "type": "Point",
        "coordinates": [
          104.125941,
          30.717634
        ]
      },
      "properties": {
        "name": "诗涵广告(北三环路四段辅路)",
        "category": "life",
        "type": "生活服务;生活服务场所;生活服务场所",
        "district": "成华区",
        "weight": 1
      }
    },
    {
      "type": "Feature",
      "geometry": {
        "type": "Point",
        "coordinates": [
          104.133393,
          30.716352
        ]
      },
      "properties": {
        "name": "物流公司",
        "category": "life",
        "type": "生活服务;物流速递;物流速递",
        "district": "成华区",
        "weight": 1
      }
    },
    {
      "type": "Feature",
      "geometry": {
        "type": "Point",
        "coordinates": [
          104.12861,
          30.719203
        ]
      },
      "properties": {
        "name": "长城宽带",
        "category": "life",
        "type": "生活服务;生活服务场所;生活服务场所",
        "district": "成华区",
        "weight": 1
      }
    },
    {
      "type": "Feature",
      "geometry": {
        "type": "Point",
        "coordinates": [
          104.131639,
          30.71845
        ]
      },
      "properties": {
        "name": "浩天驾校报名点",
        "category": "life",
        "type": "生活服务;生活服务场所;生活服务场所",
        "district": "成华区",
        "weight": 1
      }
    },
    {
      "type": "Feature",
      "geometry": {
        "type": "Point",
        "coordinates": [
          104.124255,
          30.710002
        ]
      },
      "properties": {
        "name": "成都铁轩快运有限公司",
        "category": "life",
        "type": "生活服务;物流速递;物流速递",
        "district": "成华区",
        "weight": 1
      }
    },
    {
      "type": "Feature",
      "geometry": {
        "type": "Point",
        "coordinates": [
          104.124383,
          30.719304
        ]
      },
      "properties": {
        "name": "新石田物流成都分公司",
        "category": "life",
        "type": "生活服务;物流速递;物流速递",
        "district": "成华区",
        "weight": 1
      }
    },
    {
      "type": "Feature",
      "geometry": {
        "type": "Point",
        "coordinates": [
          104.125841,
          30.715746
        ]
      },
      "properties": {
        "name": "杨氏家电维修(东林二路)",
        "category": "life",
        "type": "生活服务;维修站点;维修站点",
        "district": "成华区",
        "weight": 1
      }
    },
    {
      "type": "Feature",
      "geometry": {
        "type": "Point",
        "coordinates": [
          104.137968,
          30.718024
        ]
      },
      "properties": {
        "name": "先锋广告(老龙青路)",
        "category": "life",
        "type": "生活服务;生活服务场所;生活服务场所",
        "district": "成华区",
        "weight": 2
      }
    },
    {
      "type": "Feature",
      "geometry": {
        "type": "Point",
        "coordinates": [
          104.134706,
          30.712714
        ]
      },
      "properties": {
        "name": "睿美时尚",
        "category": "life",
        "type": "生活服务;美容美发店;美容美发店",
        "district": "成华区",
        "weight": 1
      }
    },
    {
      "type": "Feature",
      "geometry": {
        "type": "Point",
        "coordinates": [
          104.140581,
          30.717894
        ]
      },
      "properties": {
        "name": "北湖鑫园休闲会所接待部",
        "category": "life",
        "type": "生活服务;生活服务场所;生活服务场所",
        "district": "成华区",
        "weight": 1
      }
    },
    {
      "type": "Feature",
      "geometry": {
        "type": "Point",
        "coordinates": [
          104.144594,
          30.716713
        ]
      },
      "properties": {
        "name": "致高物流",
        "category": "life",
        "type": "生活服务;物流速递;物流速递",
        "district": "成华区",
        "weight": 7
      }
    },
    {
      "type": "Feature",
      "geometry": {
        "type": "Point",
        "coordinates": [
          104.14628,
          30.715395
        ]
      },
      "properties": {
        "name": "广州恒捷物流有限公司",
        "category": "life",
        "type": "生活服务;物流速递;物流速递",
        "district": "成华区",
        "weight": 1
      }
    },
    {
      "type": "Feature",
      "geometry": {
        "type": "Point",
        "coordinates": [
          104.156121,
          30.710393
        ]
      },
      "properties": {
        "name": "私享家软装服务咨询点",
        "category": "life",
        "type": "生活服务;生活服务场所;生活服务场所",
        "district": "成华区",
        "weight": 1
      }
    },
    {
      "type": "Feature",
      "geometry": {
        "type": "Point",
        "coordinates": [
          104.158977,
          30.71107
        ]
      },
      "properties": {
        "name": "妤婕SPA健康养生馆(北湖印象总店)",
        "category": "life",
        "type": "生活服务;美容美发店;美容美发店",
        "district": "成华区",
        "weight": 1
      }
    },
    {
      "type": "Feature",
      "geometry": {
        "type": "Point",
        "coordinates": [
          104.167598,
          30.714616
        ]
      },
      "properties": {
        "name": "魏师装配",
        "category": "life",
        "type": "生活服务;生活服务场所;生活服务场所",
        "district": "成华区",
        "weight": 1
      }
    },
    {
      "type": "Feature",
      "geometry": {
        "type": "Point",
        "coordinates": [
          104.16667,
          30.711726
        ]
      },
      "properties": {
        "name": "圣唐广告装饰",
        "category": "life",
        "type": "生活服务;生活服务场所;生活服务场所",
        "district": "成华区",
        "weight": 4
      }
    },
    {
      "type": "Feature",
      "geometry": {
        "type": "Point",
        "coordinates": [
          104.16869,
          30.71843
        ]
      },
      "properties": {
        "name": "俏颜坊美容养生馆",
        "category": "life",
        "type": "生活服务;美容美发店;美容美发店",
        "district": "成华区",
        "weight": 1
      }
    },
    {
      "type": "Feature",
      "geometry": {
        "type": "Point",
        "coordinates": [
          104.173267,
          30.711634
        ]
      },
      "properties": {
        "name": "成都铁路东站运输服务公司",
        "category": "life",
        "type": "生活服务;物流速递;物流速递",
        "district": "成华区",
        "weight": 1
      }
    },
    {
      "type": "Feature",
      "geometry": {
        "type": "Point",
        "coordinates": [
          104.169191,
          30.708528
        ]
      },
      "properties": {
        "name": "雅蓝",
        "category": "life",
        "type": "生活服务;美容美发店;美容美发店",
        "district": "成华区",
        "weight": 79
      }
    },
    {
      "type": "Feature",
      "geometry": {
        "type": "Point",
        "coordinates": [
          104.163862,
          30.715691
        ]
      },
      "properties": {
        "name": "国家电网(锦江龙潭供电营业厅)",
        "category": "life",
        "type": "生活服务;电力营业厅;电力营业厅",
        "district": "成华区",
        "weight": 1
      }
    },
    {
      "type": "Feature",
      "geometry": {
        "type": "Point",
        "coordinates": [
          104.177014,
          30.714476
        ]
      },
      "properties": {
        "name": "绿地悦蓉公馆售楼部",
        "category": "life",
        "type": "生活服务;生活服务场所;生活服务场所",
        "district": "成华区",
        "weight": 1
      }
    },
    {
      "type": "Feature",
      "geometry": {
        "type": "Point",
        "coordinates": [
          104.18296,
          30.714762
        ]
      },
      "properties": {
        "name": "同乐装饰装修部",
        "category": "life",
        "type": "生活服务;生活服务场所;生活服务场所",
        "district": "成华区",
        "weight": 7
      }
    },
    {
      "type": "Feature",
      "geometry": {
        "type": "Point",
        "coordinates": [
          104.176171,
          30.710406
        ]
      },
      "properties": {
        "name": "铁路货运",
        "category": "life",
        "type": "生活服务;物流速递;物流速递",
        "district": "成华区",
        "weight": 7
      }
    },
    {
      "type": "Feature",
      "geometry": {
        "type": "Point",
        "coordinates": [
          104.180764,
          30.709848
        ]
      },
      "properties": {
        "name": "冉师机械",
        "category": "life",
        "type": "生活服务;生活服务场所;生活服务场所",
        "district": "成华区",
        "weight": 7
      }
    },
    {
      "type": "Feature",
      "geometry": {
        "type": "Point",
        "coordinates": [
          104.182446,
          30.718558
        ]
      },
      "properties": {
        "name": "成华区龙潭街道桂林社区服务站",
        "category": "life",
        "type": "生活服务;生活服务场所;生活服务场所",
        "district": "成华区",
        "weight": 1
      }
    },
    {
      "type": "Feature",
      "geometry": {
        "type": "Point",
        "coordinates": [
          104.178302,
          30.710165
        ]
      },
      "properties": {
        "name": "利民美发室",
        "category": "life",
        "type": "生活服务;美容美发店;美容美发店",
        "district": "成华区",
        "weight": 1
      }
    },
    {
      "type": "Feature",
      "geometry": {
        "type": "Point",
        "coordinates": [
          103.969578,
          30.703746
        ]
      },
      "properties": {
        "name": "棉絮加工",
        "category": "life",
        "type": "生活服务;生活服务场所;生活服务场所",
        "district": "青羊区",
        "weight": 4
      }
    },
    {
      "type": "Feature",
      "geometry": {
        "type": "Point",
        "coordinates": [
          103.969067,
          30.705877
        ]
      },
      "properties": {
        "name": "达畅驾校报名点",
        "category": "life",
        "type": "生活服务;生活服务场所;生活服务场所",
        "district": "青羊区",
        "weight": 1
      }
    },
    {
      "type": "Feature",
      "geometry": {
        "type": "Point",
        "coordinates": [
          103.97226,
          30.703848
        ]
      },
      "properties": {
        "name": "老陈维修",
        "category": "life",
        "type": "生活服务;维修站点;维修站点",
        "district": "金牛区",
        "weight": 2
      }
    },
    {
      "type": "Feature",
      "geometry": {
        "type": "Point",
        "coordinates": [
          103.966933,
          30.701463
        ]
      },
      "properties": {
        "name": "中国福利彩票",
        "category": "life",
        "type": "生活服务;彩票彩券销售点;彩票彩券销售点",
        "district": "青羊区",
        "weight": 8
      }
    },
    {
      "type": "Feature",
      "geometry": {
        "type": "Point",
        "coordinates": [
          103.969692,
          30.700109
        ]
      },
      "properties": {
        "name": "成都市青羊区黄田坝街道人民委员部",
        "category": "life",
        "type": "生活服务;生活服务场所;生活服务场所",
        "district": "青羊区",
        "weight": 1
      }
    },
    {
      "type": "Feature",
      "geometry": {
        "type": "Point",
        "coordinates": [
          103.964753,
          30.701125
        ]
      },
      "properties": {
        "name": "成飞浴室",
        "category": "life",
        "type": "生活服务;洗浴推拿场所;洗浴推拿场所",
        "district": "青羊区",
        "weight": 3
      }
    },
    {
      "type": "Feature",
      "geometry": {
        "type": "Point",
        "coordinates": [
          103.965046,
          30.699628
        ]
      },
      "properties": {
        "name": "芭雅岛女士生活馆",
        "category": "life",
        "type": "生活服务;美容美发店;美容美发店",
        "district": "青羊区",
        "weight": 13
      }
    },
    {
      "type": "Feature",
      "geometry": {
        "type": "Point",
        "coordinates": [
          103.96932,
          30.701546
        ]
      },
      "properties": {
        "name": "中国福利彩票",
        "category": "life",
        "type": "生活服务;彩票彩券销售点;彩票彩券销售点",
        "district": "青羊区",
        "weight": 1
      }
    },
    {
      "type": "Feature",
      "geometry": {
        "type": "Point",
        "coordinates": [
          103.981704,
          30.702844
        ]
      },
      "properties": {
        "name": "艾尚嘉",
        "category": "life",
        "type": "生活服务;生活服务场所;生活服务场所",
        "district": "金牛区",
        "weight": 44
      }
    },
    {
      "type": "Feature",
      "geometry": {
        "type": "Point",
        "coordinates": [
          103.975422,
          30.705083
        ]
      },
      "properties": {
        "name": "清水苑特色美容业务",
        "category": "life",
        "type": "生活服务;洗浴推拿场所;洗浴推拿场所",
        "district": "金牛区",
        "weight": 1
      }
    },
    {
      "type": "Feature",
      "geometry": {
        "type": "Point",
        "coordinates": [
          103.978579,
          30.699154
        ]
      },
      "properties": {
        "name": "收废铁",
        "category": "life",
        "type": "生活服务;生活服务场所;生活服务场所",
        "district": "金牛区",
        "weight": 4
      }
    },
    {
      "type": "Feature",
      "geometry": {
        "type": "Point",
        "coordinates": [
          103.990268,
          30.707778
        ]
      },
      "properties": {
        "name": "布兰奇(保利梧桐语店)",
        "category": "life",
        "type": "生活服务;洗衣店;洗衣店",
        "district": "金牛区",
        "weight": 2
      }
    },
    {
      "type": "Feature",
      "geometry": {
        "type": "Point",
        "coordinates": [
          103.985688,
          30.706632
        ]
      },
      "properties": {
        "name": "金牛区金泉生活垃圾压缩站",
        "category": "life",
        "type": "生活服务;生活服务场所;生活服务场所",
        "district": "金牛区",
        "weight": 1
      }
    },
    {
      "type": "Feature",
      "geometry": {
        "type": "Point",
        "coordinates": [
          103.993094,
          30.708214
        ]
      },
      "properties": {
        "name": "韩式美甲馆",
        "category": "life",
        "type": "生活服务;美容美发店;美容美发店",
        "district": "金牛区",
        "weight": 36
      }
    },
    {
      "type": "Feature",
      "geometry": {
        "type": "Point",
        "coordinates": [
          103.988506,
          30.708525
        ]
      },
      "properties": {
        "name": "中国福利彩票",
        "category": "life",
        "type": "生活服务;彩票彩券销售点;彩票彩券销售点",
        "district": "金牛区",
        "weight": 2
      }
    },
    {
      "type": "Feature",
      "geometry": {
        "type": "Point",
        "coordinates": [
          103.984318,
          30.702151
        ]
      },
      "properties": {
        "name": "四川奥太暖通设备工程有限公司售后服务中心",
        "category": "life",
        "type": "生活服务;维修站点;维修站点",
        "district": "金牛区",
        "weight": 1
      }
    },
    {
      "type": "Feature",
      "geometry": {
        "type": "Point",
        "coordinates": [
          103.984912,
          30.70068
        ]
      },
      "properties": {
        "name": "海鑫浴室",
        "category": "life",
        "type": "生活服务;洗浴推拿场所;洗浴推拿场所",
        "district": "金牛区",
        "weight": 2
      }
    },
    {
      "type": "Feature",
      "geometry": {
        "type": "Point",
        "coordinates": [
          103.999704,
          30.702378
        ]
      },
      "properties": {
        "name": "丽尚烫染发型设计",
        "category": "life",
        "type": "生活服务;美容美发店;美容美发店",
        "district": "金牛区",
        "weight": 2
      }
    },
    {
      "type": "Feature",
      "geometry": {
        "type": "Point",
        "coordinates": [
          104.000951,
          30.701683
        ]
      },
      "properties": {
        "name": "诗丽堂",
        "category": "life",
        "type": "生活服务;美容美发店;美容美发店",
        "district": "金牛区",
        "weight": 1
      }
    },
    {
      "type": "Feature",
      "geometry": {
        "type": "Point",
        "coordinates": [
          104.001393,
          30.706227
        ]
      },
      "properties": {
        "name": "慕思婚礼",
        "category": "life",
        "type": "生活服务;生活服务场所;生活服务场所",
        "district": "金牛区",
        "weight": 4
      }
    },
    {
      "type": "Feature",
      "geometry": {
        "type": "Point",
        "coordinates": [
          103.99752,
          30.701585
        ]
      },
      "properties": {
        "name": "百仁农产品交易结算中心",
        "category": "life",
        "type": "生活服务;生活服务场所;生活服务场所",
        "district": "青羊区",
        "weight": 1
      }
    },
    {
      "type": "Feature",
      "geometry": {
        "type": "Point",
        "coordinates": [
          103.994282,
          30.706189
        ]
      },
      "properties": {
        "name": "一生缘养生馆",
        "category": "life",
        "type": "生活服务;洗浴推拿场所;洗浴推拿场所",
        "district": "金牛区",
        "weight": 2
      }
    },
    {
      "type": "Feature",
      "geometry": {
        "type": "Point",
        "coordinates": [
          104.003989,
          30.706557
        ]
      },
      "properties": {
        "name": "中国体育彩票",
        "category": "life",
        "type": "生活服务;彩票彩券销售点;彩票彩券销售点",
        "district": "金牛区",
        "weight": 9
      }
    },
    {
      "type": "Feature",
      "geometry": {
        "type": "Point",
        "coordinates": [
          104.002293,
          30.708509
        ]
      },
      "properties": {
        "name": "中国福利彩票",
        "category": "life",
        "type": "生活服务;彩票彩券销售点;彩票彩券销售点",
        "district": "金牛区",
        "weight": 3
      }
    },
    {
      "type": "Feature",
      "geometry": {
        "type": "Point",
        "coordinates": [
          104.0028,
          30.70002
        ]
      },
      "properties": {
        "name": "菜鸟驿站(礼尧药房)",
        "category": "life",
        "type": "生活服务;生活服务场所;生活服务场所",
        "district": "青羊区",
        "weight": 2
      }
    },
    {
      "type": "Feature",
      "geometry": {
        "type": "Point",
        "coordinates": [
          104.00055,
          30.708193
        ]
      },
      "properties": {
        "name": "速递易",
        "category": "life",
        "type": "生活服务;物流速递;物流速递",
        "district": "金牛区",
        "weight": 1
      }
    },
    {
      "type": "Feature",
      "geometry": {
        "type": "Point",
        "coordinates": [
          104.008771,
          30.704711
        ]
      },
      "properties": {
        "name": "芙蓉花嫁婚庆",
        "category": "life",
        "type": "生活服务;生活服务场所;生活服务场所",
        "district": "金牛区",
        "weight": 1
      }
    },
    {
      "type": "Feature",
      "geometry": {
        "type": "Point",
        "coordinates": [
          104.007108,
          30.704212
        ]
      },
      "properties": {
        "name": "自动快递机",
        "category": "life",
        "type": "生活服务;生活服务场所;生活服务场所",
        "district": "金牛区",
        "weight": 1
      }
    },
    {
      "type": "Feature",
      "geometry": {
        "type": "Point",
        "coordinates": [
          104.00749,
          30.700422
        ]
      },
      "properties": {
        "name": "按摩理疗",
        "category": "life",
        "type": "生活服务;生活服务场所;生活服务场所",
        "district": "金牛区",
        "weight": 19
      }
    },
    {
      "type": "Feature",
      "geometry": {
        "type": "Point",
        "coordinates": [
          104.005521,
          30.708892
        ]
      },
      "properties": {
        "name": "指影",
        "category": "life",
        "type": "生活服务;美容美发店;美容美发店",
        "district": "金牛区",
        "weight": 21
      }
    },
    {
      "type": "Feature",
      "geometry": {
        "type": "Point",
        "coordinates": [
          104.00802,
          30.703004
        ]
      },
      "properties": {
        "name": "垃圾收集点",
        "category": "life",
        "type": "生活服务;生活服务场所;生活服务场所",
        "district": "金牛区",
        "weight": 1
      }
    },
    {
      "type": "Feature",
      "geometry": {
        "type": "Point",
        "coordinates": [
          104.009696,
          30.700675
        ]
      },
      "properties": {
        "name": "合顺按摩",
        "category": "life",
        "type": "生活服务;洗浴推拿场所;洗浴推拿场所",
        "district": "金牛区",
        "weight": 8
      }
    },
    {
      "type": "Feature",
      "geometry": {
        "type": "Point",
        "coordinates": [
          104.011383,
          30.707071
        ]
      },
      "properties": {
        "name": "自行车租赁点(西三环路五段辅路)",
        "category": "life",
        "type": "生活服务;生活服务场所;生活服务场所",
        "district": "金牛区",
        "weight": 1
      }
    },
    {
      "type": "Feature",
      "geometry": {
        "type": "Point",
        "coordinates": [
          104.009298,
          30.708259
        ]
      },
      "properties": {
        "name": "天府通(茶店子服务点)",
        "category": "life",
        "type": "生活服务;生活服务场所;生活服务场所",
        "district": "金牛区",
        "weight": 1
      }
    },
    {
      "type": "Feature",
      "geometry": {
        "type": "Point",
        "coordinates": [
          104.011952,
          30.707905
        ]
      },
      "properties": {
        "name": "茶店子客运站小件快运",
        "category": "life",
        "type": "生活服务;物流速递;物流速递",
        "district": "金牛区",
        "weight": 2
      }
    },
    {
      "type": "Feature",
      "geometry": {
        "type": "Point",
        "coordinates": [
          104.004992,
          30.700087
        ]
      },
      "properties": {
        "name": "易灸养生馆",
        "category": "life",
        "type": "生活服务;美容美发店;美容美发店",
        "district": "青羊区",
        "weight": 9
      }
    },
    {
      "type": "Feature",
      "geometry": {
        "type": "Point",
        "coordinates": [
          104.018464,
          30.705296
        ]
      },
      "properties": {
        "name": "新时尚美发",
        "category": "life",
        "type": "生活服务;美容美发店;美容美发店",
        "district": "金牛区",
        "weight": 22
      }
    },
    {
      "type": "Feature",
      "geometry": {
        "type": "Point",
        "coordinates": [
          104.019384,
          30.702484
        ]
      },
      "properties": {
        "name": "皮鞋美容店",
        "category": "life",
        "type": "生活服务;生活服务场所;生活服务场所",
        "district": "金牛区",
        "weight": 6
      }
    },
    {
      "type": "Feature",
      "geometry": {
        "type": "Point",
        "coordinates": [
          104.01733,
          30.702205
        ]
      },
      "properties": {
        "name": "独品",
        "category": "life",
        "type": "生活服务;美容美发店;美容美发店",
        "district": "金牛区",
        "weight": 4
      }
    },
    {
      "type": "Feature",
      "geometry": {
        "type": "Point",
        "coordinates": [
          104.021937,
          30.704024
        ]
      },
      "properties": {
        "name": "柯达彩色",
        "category": "life",
        "type": "生活服务;生活服务场所;生活服务场所",
        "district": "金牛区",
        "weight": 16
      }
    },
    {
      "type": "Feature",
      "geometry": {
        "type": "Point",
        "coordinates": [
          104.014586,
          30.703365
        ]
      },
      "properties": {
        "name": "湘川图文快印",
        "category": "life",
        "type": "生活服务;生活服务场所;生活服务场所",
        "district": "金牛区",
        "weight": 2
      }
    },
    {
      "type": "Feature",
      "geometry": {
        "type": "Point",
        "coordinates": [
          104.020074,
          30.708554
        ]
      },
      "properties": {
        "name": "酒都物流",
        "category": "life",
        "type": "生活服务;物流速递;物流速递",
        "district": "金牛区",
        "weight": 8
      }
    },
    {
      "type": "Feature",
      "geometry": {
        "type": "Point",
        "coordinates": [
          104.022773,
          30.700942
        ]
      },
      "properties": {
        "name": "刻章机票",
        "category": "life",
        "type": "生活服务;生活服务场所;生活服务场所",
        "district": "金牛区",
        "weight": 12
      }
    },
    {
      "type": "Feature",
      "geometry": {
        "type": "Point",
        "coordinates": [
          104.016988,
          30.709204
        ]
      },
      "properties": {
        "name": "自行车租赁点(金牛山庄西)",
        "category": "life",
        "type": "生活服务;生活服务场所;生活服务场所",
        "district": "金牛区",
        "weight": 1
      }
    },
    {
      "type": "Feature",
      "geometry": {
        "type": "Point",
        "coordinates": [
          104.030274,
          30.703674
        ]
      },
      "properties": {
        "name": "长虹空调客户服务中心(维达-金牛店)",
        "category": "life",
        "type": "生活服务;维修站点;维修站点",
        "district": "金牛区",
        "weight": 1
      }
    },
    {
      "type": "Feature",
      "geometry": {
        "type": "Point",
        "coordinates": [
          104.03113,
          30.705622
        ]
      },
      "properties": {
        "name": "茶店社区便民服务站",
        "category": "life",
        "type": "生活服务;生活服务场所;生活服务场所",
        "district": "金牛区",
        "weight": 2
      }
    },
    {
      "type": "Feature",
      "geometry": {
        "type": "Point",
        "coordinates": [
          104.024802,
          30.702779
        ]
      },
      "properties": {
        "name": "德邦(茶店子路)",
        "category": "life",
        "type": "生活服务;物流速递;物流速递",
        "district": "金牛区",
        "weight": 2
      }
    },
    {
      "type": "Feature",
      "geometry": {
        "type": "Point",
        "coordinates": [
          104.028677,
          30.70854
        ]
      },
      "properties": {
        "name": "华讯广告(花照壁东街)",
        "category": "life",
        "type": "生活服务;生活服务场所;生活服务场所",
        "district": "金牛区",
        "weight": 1
      }
    },
    {
      "type": "Feature",
      "geometry": {
        "type": "Point",
        "coordinates": [
          104.032838,
          30.706315
        ]
      },
      "properties": {
        "name": "黛颜韩式半永久",
        "category": "life",
        "type": "生活服务;生活服务场所;生活服务场所",
        "district": "金牛区",
        "weight": 1
      }
    },
    {
      "type": "Feature",
      "geometry": {
        "type": "Point",
        "coordinates": [
          104.03353,
          30.704618
        ]
      },
      "properties": {
        "name": "幸福婚庆花艺30店",
        "category": "life",
        "type": "生活服务;生活服务场所;生活服务场所",
        "district": "金牛区",
        "weight": 5
      }
    },
    {
      "type": "Feature",
      "geometry": {
        "type": "Point",
        "coordinates": [
          104.025807,
          30.701032
        ]
      },
      "properties": {
        "name": "贵丽美发室",
        "category": "life",
        "type": "生活服务;美容美发店;美容美发店",
        "district": "金牛区",
        "weight": 1
      }
    },
    {
      "type": "Feature",
      "geometry": {
        "type": "Point",
        "coordinates": [
          104.025195,
          30.700039
        ]
      },
      "properties": {
        "name": "雅尚美",
        "category": "life",
        "type": "生活服务;美容美发店;美容美发店",
        "district": "金牛区",
        "weight": 11
      }
    },
    {
      "type": "Feature",
      "geometry": {
        "type": "Point",
        "coordinates": [
          104.031639,
          30.709001
        ]
      },
      "properties": {
        "name": "小谢专业美发",
        "category": "life",
        "type": "生活服务;美容美发店;美容美发店",
        "district": "金牛区",
        "weight": 4
      }
    },
    {
      "type": "Feature",
      "geometry": {
        "type": "Point",
        "coordinates": [
          104.032443,
          30.7034
        ]
      },
      "properties": {
        "name": "三单元丰巢快递柜",
        "category": "life",
        "type": "生活服务;生活服务场所;生活服务场所",
        "district": "金牛区",
        "weight": 1
      }
    },
    {
      "type": "Feature",
      "geometry": {
        "type": "Point",
        "coordinates": [
          104.036101,
          30.700044
        ]
      },
      "properties": {
        "name": "陈晨",
        "category": "life",
        "type": "生活服务;生活服务场所;生活服务场所",
        "district": "金牛区",
        "weight": 9
      }
    },
    {
      "type": "Feature",
      "geometry": {
        "type": "Point",
        "coordinates": [
          104.034673,
          30.70061
        ]
      },
      "properties": {
        "name": "申通快递(成都大学金牛校区存放点)",
        "category": "life",
        "type": "生活服务;物流速递;物流速递",
        "district": "金牛区",
        "weight": 1
      }
    },
    {
      "type": "Feature",
      "geometry": {
        "type": "Point",
        "coordinates": [
          104.049429,
          30.703758
        ]
      },
      "properties": {
        "name": "交大快递",
        "category": "life",
        "type": "生活服务;物流速递;物流速递",
        "district": "金牛区",
        "weight": 32
      }
    },
    {
      "type": "Feature",
      "geometry": {
        "type": "Point",
        "coordinates": [
          104.051842,
          30.702592
        ]
      },
      "properties": {
        "name": "星星打印店",
        "category": "life",
        "type": "生活服务;生活服务场所;生活服务场所",
        "district": "金牛区",
        "weight": 6
      }
    },
    {
      "type": "Feature",
      "geometry": {
        "type": "Point",
        "coordinates": [
          104.050496,
          30.701506
        ]
      },
      "properties": {
        "name": "扬华斋物管客户服务中心",
        "category": "life",
        "type": "生活服务;生活服务场所;生活服务场所",
        "district": "金牛区",
        "weight": 1
      }
    },
    {
      "type": "Feature",
      "geometry": {
        "type": "Point",
        "coordinates": [
          104.045915,
          30.707637
        ]
      },
      "properties": {
        "name": "锦西民园物业服务中心",
        "category": "life",
        "type": "生活服务;生活服务场所;生活服务场所",
        "district": "金牛区",
        "weight": 1
      }
    },
    {
      "type": "Feature",
      "geometry": {
        "type": "Point",
        "coordinates": [
          104.048565,
          30.700546
        ]
      },
      "properties": {
        "name": "西南交大旅行社(西门店)",
        "category": "life",
        "type": "生活服务;旅行社;旅行社",
        "district": "金牛区",
        "weight": 1
      }
    },
    {
      "type": "Feature",
      "geometry": {
        "type": "Point",
        "coordinates": [
          104.050017,
          30.699695
        ]
      },
      "properties": {
        "name": "西南交通大学九里校区自学考试学习服务中心",
        "category": "life",
        "type": "生活服务;生活服务场所;生活服务场所",
        "district": "金牛区",
        "weight": 1
      }
    },
    {
      "type": "Feature",
      "geometry": {
        "type": "Point",
        "coordinates": [
          104.048418,
          30.702313
        ]
      },
      "properties": {
        "name": "交大通信",
        "category": "life",
        "type": "购物服务;家电电子卖场;手机销售|生活服务;生活服务场所;生活服务场所",
        "district": "金牛区",
        "weight": 1
      }
    },
    {
      "type": "Feature",
      "geometry": {
        "type": "Point",
        "coordinates": [
          104.059042,
          30.704048
        ]
      },
      "properties": {
        "name": "钱钱美甲",
        "category": "life",
        "type": "生活服务;美容美发店;美容美发店",
        "district": "金牛区",
        "weight": 1
      }
    },
    {
      "type": "Feature",
      "geometry": {
        "type": "Point",
        "coordinates": [
          104.061154,
          30.700872
        ]
      },
      "properties": {
        "name": "夫妻缝补店",
        "category": "life",
        "type": "生活服务;生活服务场所;生活服务场所",
        "district": "金牛区",
        "weight": 3
      }
    },
    {
      "type": "Feature",
      "geometry": {
        "type": "Point",
        "coordinates": [
          104.060067,
          30.698356
        ]
      },
      "properties": {
        "name": "捷翔货运",
        "category": "life",
        "type": "生活服务;物流速递;物流速递",
        "district": "金牛区",
        "weight": 41
      }
    },
    {
      "type": "Feature",
      "geometry": {
        "type": "Point",
        "coordinates": [
          104.069593,
          30.701045
        ]
      },
      "properties": {
        "name": "川豪",
        "category": "life",
        "type": "生活服务;物流速递;物流速递",
        "district": "成华区",
        "weight": 2
      }
    },
    {
      "type": "Feature",
      "geometry": {
        "type": "Point",
        "coordinates": [
          104.07827,
          30.688002
        ]
      },
      "properties": {
        "name": "昕尚",
        "category": "life",
        "type": "生活服务;美容美发店;美容美发店",
        "district": "金牛区",
        "weight": 2658
      }
    },
    {
      "type": "Feature",
      "geometry": {
        "type": "Point",
        "coordinates": [
          104.064095,
          30.697522
        ]
      },
      "properties": {
        "name": "广告打印",
        "category": "life",
        "type": "生活服务;生活服务场所;生活服务场所",
        "district": "金牛区",
        "weight": 24
      }
    },
    {
      "type": "Feature",
      "geometry": {
        "type": "Point",
        "coordinates": [
          104.077623,
          30.706273
        ]
      },
      "properties": {
        "name": "成泰物流(北星大道)",
        "category": "life",
        "type": "生活服务;物流速递;物流速递",
        "district": "成华区",
        "weight": 1
      }
    },
    {
      "type": "Feature",
      "geometry": {
        "type": "Point",
        "coordinates": [
          104.076923,
          30.707617
        ]
      },
      "properties": {
        "name": "义乌市永兴托运处",
        "category": "life",
        "type": "生活服务;物流速递;物流速递",
        "district": "成华区",
        "weight": 1
      }
    },
    {
      "type": "Feature",
      "geometry": {
        "type": "Point",
        "coordinates": [
          104.088567,
          30.705554
        ]
      },
      "properties": {
        "name": "艺点",
        "category": "life",
        "type": "生活服务;美容美发店;美容美发店",
        "district": "成华区",
        "weight": 4
      }
    },
    {
      "type": "Feature",
      "geometry": {
        "type": "Point",
        "coordinates": [
          104.089819,
          30.702863
        ]
      },
      "properties": {
        "name": "妍言纹绣",
        "category": "life",
        "type": "生活服务;生活服务场所;生活服务场所",
        "district": "成华区",
        "weight": 6
      }
    },
    {
      "type": "Feature",
      "geometry": {
        "type": "Point",
        "coordinates": [
          104.085848,
          30.702852
        ]
      },
      "properties": {
        "name": "中国福利彩票",
        "category": "life",
        "type": "生活服务;彩票彩券销售点;彩票彩券销售点",
        "district": "成华区",
        "weight": 7
      }
    },
    {
      "type": "Feature",
      "geometry": {
        "type": "Point",
        "coordinates": [
          104.086031,
          30.705606
        ]
      },
      "properties": {
        "name": "李纹水业有限公司",
        "category": "life",
        "type": "生活服务;生活服务场所;生活服务场所",
        "district": "成华区",
        "weight": 1
      }
    },
    {
      "type": "Feature",
      "geometry": {
        "type": "Point",
        "coordinates": [
          104.08628,
          30.701651
        ]
      },
      "properties": {
        "name": "美丽一生美容美体养生馆",
        "category": "life",
        "type": "生活服务;美容美发店;美容美发店",
        "district": "成华区",
        "weight": 2
      }
    },
    {
      "type": "Feature",
      "geometry": {
        "type": "Point",
        "coordinates": [
          104.092817,
          30.701966
        ]
      },
      "properties": {
        "name": "美甲连锁沙龙",
        "category": "life",
        "type": "生活服务;生活服务场所;生活服务场所",
        "district": "成华区",
        "weight": 5
      }
    },
    {
      "type": "Feature",
      "geometry": {
        "type": "Point",
        "coordinates": [
          104.088743,
          30.708799
        ]
      },
      "properties": {
        "name": "速递易",
        "category": "life",
        "type": "生活服务;物流速递;物流速递",
        "district": "成华区",
        "weight": 2
      }
    },
    {
      "type": "Feature",
      "geometry": {
        "type": "Point",
        "coordinates": [
          104.093456,
          30.703333
        ]
      },
      "properties": {
        "name": "星耀天都营销中心",
        "category": "life",
        "type": "生活服务;生活服务场所;生活服务场所",
        "district": "成华区",
        "weight": 1
      }
    },
    {
      "type": "Feature",
      "geometry": {
        "type": "Point",
        "coordinates": [
          104.095919,
          30.704868
        ]
      },
      "properties": {
        "name": "汇美韩式半永久美颜工作室",
        "category": "life",
        "type": "生活服务;美容美发店;美容美发店",
        "district": "成华区",
        "weight": 1
      }
    },
    {
      "type": "Feature",
      "geometry": {
        "type": "Point",
        "coordinates": [
          104.098418,
          30.702903
        ]
      },
      "properties": {
        "name": "桃李面包(成华区配送中心)",
        "category": "life",
        "type": "生活服务;物流速递;物流速递|餐饮服务;糕饼店;糕饼店",
        "district": "成华区",
        "weight": 1
      }
    },
    {
      "type": "Feature",
      "geometry": {
        "type": "Point",
        "coordinates": [
          104.099784,
          30.701268
        ]
      },
      "properties": {
        "name": "千艺美业",
        "category": "life",
        "type": "生活服务;美容美发店;美容美发店",
        "district": "成华区",
        "weight": 74
      }
    },
    {
      "type": "Feature",
      "geometry": {
        "type": "Point",
        "coordinates": [
          104.10608,
          30.702866
        ]
      },
      "properties": {
        "name": "简创",
        "category": "life",
        "type": "生活服务;美容美发店;美容美发店",
        "district": "成华区",
        "weight": 119
      }
    },
    {
      "type": "Feature",
      "geometry": {
        "type": "Point",
        "coordinates": [
          104.095452,
          30.706615
        ]
      },
      "properties": {
        "name": "法狮龙四川营销中心",
        "category": "life",
        "type": "生活服务;生活服务场所;生活服务场所",
        "district": "成华区",
        "weight": 1
      }
    },
    {
      "type": "Feature",
      "geometry": {
        "type": "Point",
        "coordinates": [
          104.101556,
          30.7069
        ]
      },
      "properties": {
        "name": "昭觉寺车站货运部",
        "category": "life",
        "type": "生活服务;物流速递;物流速递",
        "district": "成华区",
        "weight": 2
      }
    },
    {
      "type": "Feature",
      "geometry": {
        "type": "Point",
        "coordinates": [
          104.100894,
          30.707837
        ]
      },
      "properties": {
        "name": "IC卡办理点",
        "category": "life",
        "type": "生活服务;生活服务场所;生活服务场所",
        "district": "成华区",
        "weight": 1
      }
    },
    {
      "type": "Feature",
      "geometry": {
        "type": "Point",
        "coordinates": [
          104.094027,
          30.701963
        ]
      },
      "properties": {
        "name": "仁义路便民服务点",
        "category": "life",
        "type": "生活服务;生活服务场所;生活服务场所",
        "district": "成华区",
        "weight": 1
      }
    },
    {
      "type": "Feature",
      "geometry": {
        "type": "Point",
        "coordinates": [
          104.097989,
          30.708741
        ]
      },
      "properties": {
        "name": "腾龙广告印务",
        "category": "life",
        "type": "生活服务;生活服务场所;生活服务场所",
        "district": "成华区",
        "weight": 1
      }
    },
    {
      "type": "Feature",
      "geometry": {
        "type": "Point",
        "coordinates": [
          104.103641,
          30.706973
        ]
      },
      "properties": {
        "name": "取名堂",
        "category": "life",
        "type": "购物服务;专卖店;专营店|生活服务;生活服务场所;生活服务场所",
        "district": "成华区",
        "weight": 9
      }
    },
    {
      "type": "Feature",
      "geometry": {
        "type": "Point",
        "coordinates": [
          104.09379,
          30.700489
        ]
      },
      "properties": {
        "name": "千妍女子美容院",
        "category": "life",
        "type": "生活服务;生活服务场所;生活服务场所",
        "district": "成华区",
        "weight": 5
      }
    },
    {
      "type": "Feature",
      "geometry": {
        "type": "Point",
        "coordinates": [
          104.09965,
          30.705767
        ]
      },
      "properties": {
        "name": "中国电信(青龙场营业厅)",
        "category": "life",
        "type": "生活服务;电讯营业厅;中国电信营业厅",
        "district": "成华区",
        "weight": 1
      }
    },
    {
      "type": "Feature",
      "geometry": {
        "type": "Point",
        "coordinates": [
          104.110045,
          30.704765
        ]
      },
      "properties": {
        "name": "小张按摩",
        "category": "life",
        "type": "生活服务;洗浴推拿场所;洗浴推拿场所",
        "district": "成华区",
        "weight": 42
      }
    },
    {
      "type": "Feature",
      "geometry": {
        "type": "Point",
        "coordinates": [
          104.112174,
          30.70135
        ]
      },
      "properties": {
        "name": "木兰烫染",
        "category": "life",
        "type": "生活服务;美容美发店;美容美发店",
        "district": "成华区",
        "weight": 18
      }
    },
    {
      "type": "Feature",
      "geometry": {
        "type": "Point",
        "coordinates": [
          104.112858,
          30.70405
        ]
      },
      "properties": {
        "name": "淑懈",
        "category": "life",
        "type": "生活服务;洗浴推拿场所;洗浴推拿场所",
        "district": "成华区",
        "weight": 6
      }
    },
    {
      "type": "Feature",
      "geometry": {
        "type": "Point",
        "coordinates": [
          104.107021,
          30.700134
        ]
      },
      "properties": {
        "name": "海尔星级服务中心",
        "category": "life",
        "type": "生活服务;维修站点;维修站点",
        "district": "成华区",
        "weight": 2
      }
    },
    {
      "type": "Feature",
      "geometry": {
        "type": "Point",
        "coordinates": [
          104.112603,
          30.707152
        ]
      },
      "properties": {
        "name": "微美塑形美容公司",
        "category": "life",
        "type": "生活服务;生活服务场所;生活服务场所",
        "district": "成华区",
        "weight": 1
      }
    },
    {
      "type": "Feature",
      "geometry": {
        "type": "Point",
        "coordinates": [
          104.117643,
          30.706365
        ]
      },
      "properties": {
        "name": "兴宇复印",
        "category": "life",
        "type": "生活服务;生活服务场所;生活服务场所",
        "district": "成华区",
        "weight": 5
      }
    },
    {
      "type": "Feature",
      "geometry": {
        "type": "Point",
        "coordinates": [
          104.121631,
          30.703758
        ]
      },
      "properties": {
        "name": "李氏发艺",
        "category": "life",
        "type": "生活服务;美容美发店;美容美发店",
        "district": "成华区",
        "weight": 4
      }
    },
    {
      "type": "Feature",
      "geometry": {
        "type": "Point",
        "coordinates": [
          104.115477,
          30.703103
        ]
      },
      "properties": {
        "name": "华安驾校报名点",
        "category": "life",
        "type": "生活服务;生活服务场所;生活服务场所",
        "district": "成华区",
        "weight": 1
      }
    },
    {
      "type": "Feature",
      "geometry": {
        "type": "Point",
        "coordinates": [
          104.115255,
          30.706489
        ]
      },
      "properties": {
        "name": "三苏矿泉(青龙场水站)",
        "category": "life",
        "type": "生活服务;生活服务场所;生活服务场所",
        "district": "成华区",
        "weight": 1
      }
    },
    {
      "type": "Feature",
      "geometry": {
        "type": "Point",
        "coordinates": [
          104.122199,
          30.706338
        ]
      },
      "properties": {
        "name": "青少年维权岗联系点",
        "category": "life",
        "type": "生活服务;生活服务场所;生活服务场所",
        "district": "成华区",
        "weight": 1
      }
    },
    {
      "type": "Feature",
      "geometry": {
        "type": "Point",
        "coordinates": [
          104.121244,
          30.707732
        ]
      },
      "properties": {
        "name": "多彩专业发型",
        "category": "life",
        "type": "生活服务;美容美发店;美容美发店",
        "district": "成华区",
        "weight": 2
      }
    },
    {
      "type": "Feature",
      "geometry": {
        "type": "Point",
        "coordinates": [
          104.116196,
          30.708001
        ]
      },
      "properties": {
        "name": "邮政储物柜",
        "category": "life",
        "type": "生活服务;生活服务场所;生活服务场所",
        "district": "成华区",
        "weight": 3
      }
    },
    {
      "type": "Feature",
      "geometry": {
        "type": "Point",
        "coordinates": [
          104.125298,
          30.701514
        ]
      },
      "properties": {
        "name": "成华区昭青路社区再生资源回收站",
        "category": "life",
        "type": "生活服务;生活服务场所;生活服务场所",
        "district": "成华区",
        "weight": 1
      }
    },
    {
      "type": "Feature",
      "geometry": {
        "type": "Point",
        "coordinates": [
          104.158792,
          30.704167
        ]
      },
      "properties": {
        "name": "仙莉美容美发",
        "category": "life",
        "type": "生活服务;美容美发店;美容美发店",
        "district": "成华区",
        "weight": 1
      }
    },
    {
      "type": "Feature",
      "geometry": {
        "type": "Point",
        "coordinates": [
          104.159957,
          30.705311
        ]
      },
      "properties": {
        "name": "中国福利彩票",
        "category": "life",
        "type": "生活服务;彩票彩券销售点;彩票彩券销售点",
        "district": "成华区",
        "weight": 3
      }
    },
    {
      "type": "Feature",
      "geometry": {
        "type": "Point",
        "coordinates": [
          104.162488,
          30.70406
        ]
      },
      "properties": {
        "name": "金鑫印务",
        "category": "life",
        "type": "生活服务;生活服务场所;生活服务场所",
        "district": "成华区",
        "weight": 16
      }
    },
    {
      "type": "Feature",
      "geometry": {
        "type": "Point",
        "coordinates": [
          104.156386,
          30.708964
        ]
      },
      "properties": {
        "name": "菜鸟驿站",
        "category": "life",
        "type": "生活服务;物流速递;物流速递",
        "district": "成华区",
        "weight": 4
      }
    },
    {
      "type": "Feature",
      "geometry": {
        "type": "Point",
        "coordinates": [
          104.162803,
          30.708292
        ]
      },
      "properties": {
        "name": "中国邮政(龙潭寺邮政支局)",
        "category": "life",
        "type": "生活服务;邮局;邮政速递",
        "district": "成华区",
        "weight": 2
      }
    },
    {
      "type": "Feature",
      "geometry": {
        "type": "Point",
        "coordinates": [
          104.157553,
          30.705003
        ]
      },
      "properties": {
        "name": "四川省中国青年旅行社",
        "category": "life",
        "type": "生活服务;旅行社;旅行社",
        "district": "成华区",
        "weight": 1
      }
    },
    {
      "type": "Feature",
      "geometry": {
        "type": "Point",
        "coordinates": [
          104.167122,
          30.703002
        ]
      },
      "properties": {
        "name": "飞灵丝",
        "category": "life",
        "type": "生活服务;美容美发店;美容美发店",
        "district": "成华区",
        "weight": 9
      }
    },
    {
      "type": "Feature",
      "geometry": {
        "type": "Point",
        "coordinates": [
          104.169854,
          30.702617
        ]
      },
      "properties": {
        "name": "达特肯妮",
        "category": "life",
        "type": "生活服务;美容美发店;美容美发店",
        "district": "成华区",
        "weight": 3
      }
    },
    {
      "type": "Feature",
      "geometry": {
        "type": "Point",
        "coordinates": [
          104.17095,
          30.703337
        ]
      },
      "properties": {
        "name": "尚艺造型",
        "category": "life",
        "type": "生活服务;美容美发店;美容美发店",
        "district": "成华区",
        "weight": 1
      }
    },
    {
      "type": "Feature",
      "geometry": {
        "type": "Point",
        "coordinates": [
          104.16511,
          30.705892
        ]
      },
      "properties": {
        "name": "蓝剑水",
        "category": "life",
        "type": "生活服务;生活服务场所;生活服务场所",
        "district": "成华区",
        "weight": 29
      }
    },
    {
      "type": "Feature",
      "geometry": {
        "type": "Point",
        "coordinates": [
          104.170774,
          30.70204
        ]
      },
      "properties": {
        "name": "sister半永久",
        "category": "life",
        "type": "生活服务;美容美发店;美容美发店",
        "district": "成华区",
        "weight": 1
      }
    },
    {
      "type": "Feature",
      "geometry": {
        "type": "Point",
        "coordinates": [
          104.168679,
          30.698944
        ]
      },
      "properties": {
        "name": "风尚",
        "category": "life",
        "type": "生活服务;美容美发店;美容美发店",
        "district": "成华区",
        "weight": 125
      }
    },
    {
      "type": "Feature",
      "geometry": {
        "type": "Point",
        "coordinates": [
          104.168341,
          30.705521
        ]
      },
      "properties": {
        "name": "成华区龙潭街道隆兴路社区服务站",
        "category": "life",
        "type": "生活服务;生活服务场所;生活服务场所",
        "district": "成华区",
        "weight": 2
      }
    },
    {
      "type": "Feature",
      "geometry": {
        "type": "Point",
        "coordinates": [
          104.172735,
          30.705166
        ]
      },
      "properties": {
        "name": "中国福利彩票",
        "category": "life",
        "type": "生活服务;彩票彩券销售点;彩票彩券销售点",
        "district": "成华区",
        "weight": 2
      }
    },
    {
      "type": "Feature",
      "geometry": {
        "type": "Point",
        "coordinates": [
          104.172348,
          30.706192
        ]
      },
      "properties": {
        "name": "民思达售后站",
        "category": "life",
        "type": "生活服务;维修站点;维修站点",
        "district": "成华区",
        "weight": 1
      }
    },
    {
      "type": "Feature",
      "geometry": {
        "type": "Point",
        "coordinates": [
          104.172171,
          30.701534
        ]
      },
      "properties": {
        "name": "紫金美甲小屋",
        "category": "life",
        "type": "生活服务;生活服务场所;生活服务场所",
        "district": "成华区",
        "weight": 2
      }
    },
    {
      "type": "Feature",
      "geometry": {
        "type": "Point",
        "coordinates": [
          104.17333,
          30.702674
        ]
      },
      "properties": {
        "name": "龙潭街道同仁社区调解室",
        "category": "life",
        "type": "生活服务;生活服务场所;生活服务场所",
        "district": "成华区",
        "weight": 1
      }
    },
    {
      "type": "Feature",
      "geometry": {
        "type": "Point",
        "coordinates": [
          104.172198,
          30.69955
        ]
      },
      "properties": {
        "name": "百领造型(龙潭寺唯美沙宣店)",
        "category": "life",
        "type": "生活服务;生活服务场所;生活服务场所",
        "district": "成华区",
        "weight": 1
      }
    },
    {
      "type": "Feature",
      "geometry": {
        "type": "Point",
        "coordinates": [
          104.180796,
          30.704822
        ]
      },
      "properties": {
        "name": "成都城嘉物流有限公司",
        "category": "life",
        "type": "生活服务;物流速递;物流速递",
        "district": "成华区",
        "weight": 1
      }
    },
    {
      "type": "Feature",
      "geometry": {
        "type": "Point",
        "coordinates": [
          104.17608,
          30.701052
        ]
      },
      "properties": {
        "name": "韩氏推拿按摩",
        "category": "life",
        "type": "生活服务;洗浴推拿场所;洗浴推拿场所",
        "district": "成华区",
        "weight": 1
      }
    },
    {
      "type": "Feature",
      "geometry": {
        "type": "Point",
        "coordinates": [
          104.176802,
          30.703106
        ]
      },
      "properties": {
        "name": "城嘉物流",
        "category": "life",
        "type": "生活服务;物流速递;物流速递",
        "district": "成华区",
        "weight": 3
      }
    },
    {
      "type": "Feature",
      "geometry": {
        "type": "Point",
        "coordinates": [
          104.17521,
          30.703606
        ]
      },
      "properties": {
        "name": "四三七处营业大厅",
        "category": "life",
        "type": "生活服务;生活服务场所;生活服务场所",
        "district": "成华区",
        "weight": 2
      }
    },
    {
      "type": "Feature",
      "geometry": {
        "type": "Point",
        "coordinates": [
          104.178223,
          30.702301
        ]
      },
      "properties": {
        "name": "骥晟物流有限公司",
        "category": "life",
        "type": "生活服务;物流速递;物流速递",
        "district": "成华区",
        "weight": 1
      }
    },
    {
      "type": "Feature",
      "geometry": {
        "type": "Point",
        "coordinates": [
          104.177975,
          30.708784
        ]
      },
      "properties": {
        "name": "同仁社区失地农民再就业援助基地",
        "category": "life",
        "type": "生活服务;生活服务场所;生活服务场所",
        "district": "成华区",
        "weight": 1
      }
    },
    {
      "type": "Feature",
      "geometry": {
        "type": "Point",
        "coordinates": [
          103.970696,
          30.695632
        ]
      },
      "properties": {
        "name": "广艺发型",
        "category": "life",
        "type": "生活服务;美容美发店;美容美发店",
        "district": "青羊区",
        "weight": 42
      }
    },
    {
      "type": "Feature",
      "geometry": {
        "type": "Point",
        "coordinates": [
          103.967226,
          30.692994
        ]
      },
      "properties": {
        "name": "安然汗蒸养生馆",
        "category": "life",
        "type": "生活服务;洗浴推拿场所;洗浴推拿场所",
        "district": "青羊区",
        "weight": 1
      }
    },
    {
      "type": "Feature",
      "geometry": {
        "type": "Point",
        "coordinates": [
          103.96864,
          30.696803
        ]
      },
      "properties": {
        "name": "金银加工",
        "category": "life",
        "type": "生活服务;生活服务场所;生活服务场所",
        "district": "青羊区",
        "weight": 2
      }
    },
    {
      "type": "Feature",
      "geometry": {
        "type": "Point",
        "coordinates": [
          103.965101,
          30.694432
        ]
      },
      "properties": {
        "name": "倍美",
        "category": "life",
        "type": "生活服务;美容美发店;美容美发店",
        "district": "青羊区",
        "weight": 35
      }
    },
    {
      "type": "Feature",
      "geometry": {
        "type": "Point",
        "coordinates": [
          103.96643,
          30.697805
        ]
      },
      "properties": {
        "name": "槟花",
        "category": "life",
        "type": "生活服务;生活服务场所;生活服务场所",
        "district": "青羊区",
        "weight": 17
      }
    },
    {
      "type": "Feature",
      "geometry": {
        "type": "Point",
        "coordinates": [
          103.97201,
          30.691521
        ]
      },
      "properties": {
        "name": "灵感",
        "category": "life",
        "type": "生活服务;美容美发店;美容美发店",
        "district": "青羊区",
        "weight": 23
      }
    },
    {
      "type": "Feature",
      "geometry": {
        "type": "Point",
        "coordinates": [
          103.964551,
          30.696638
        ]
      },
      "properties": {
        "name": "名都造型",
        "category": "life",
        "type": "生活服务;美容美发店;美容美发店",
        "district": "青羊区",
        "weight": 1
      }
    },
    {
      "type": "Feature",
      "geometry": {
        "type": "Point",
        "coordinates": [
          103.973616,
          30.691841
        ]
      },
      "properties": {
        "name": "清新家政服务部",
        "category": "life",
        "type": "生活服务;生活服务场所;生活服务场所",
        "district": "青羊区",
        "weight": 1
      }
    },
    {
      "type": "Feature",
      "geometry": {
        "type": "Point",
        "coordinates": [
          103.971027,
          30.699495
        ]
      },
      "properties": {
        "name": "中国电信(成都新航黄田坝社区)",
        "category": "life",
        "type": "生活服务;生活服务场所;生活服务场所",
        "district": "青羊区",
        "weight": 1
      }
    },
    {
      "type": "Feature",
      "geometry": {
        "type": "Point",
        "coordinates": [
          103.9737,
          30.690786
        ]
      },
      "properties": {
        "name": "四川航空爱老之家养老服务有限公司(清江苑店)",
        "category": "life",
        "type": "生活服务;生活服务场所;生活服务场所",
        "district": "青羊区",
        "weight": 1
      }
    },
    {
      "type": "Feature",
      "geometry": {
        "type": "Point",
        "coordinates": [
          103.982206,
          30.692062
        ]
      },
      "properties": {
        "name": "新居工程",
        "category": "life",
        "type": "生活服务;生活服务场所;生活服务场所",
        "district": "青羊区",
        "weight": 10
      }
    },
    {
      "type": "Feature",
      "geometry": {
        "type": "Point",
        "coordinates": [
          103.975259,
          30.693197
        ]
      },
      "properties": {
        "name": "五星塑型",
        "category": "life",
        "type": "生活服务;美容美发店;美容美发店",
        "district": "青羊区",
        "weight": 3
      }
    },
    {
      "type": "Feature",
      "geometry": {
        "type": "Point",
        "coordinates": [
          103.976086,
          30.697461
        ]
      },
      "properties": {
        "name": "交安驾校报名处(金辉路)",
        "category": "life",
        "type": "生活服务;生活服务场所;生活服务场所",
        "district": "青羊区",
        "weight": 1
      }
    },
    {
      "type": "Feature",
      "geometry": {
        "type": "Point",
        "coordinates": [
          103.97455,
          30.695522
        ]
      },
      "properties": {
        "name": "苏黄液化气配送点",
        "category": "life",
        "type": "生活服务;生活服务场所;生活服务场所",
        "district": "青羊区",
        "weight": 1
      }
    },
    {
      "type": "Feature",
      "geometry": {
        "type": "Point",
        "coordinates": [
          103.974313,
          30.697848
        ]
      },
      "properties": {
        "name": "顺鑫租赁(清河路)",
        "category": "life",
        "type": "生活服务;生活服务场所;生活服务场所",
        "district": "青羊区",
        "weight": 1
      }
    },
    {
      "type": "Feature",
      "geometry": {
        "type": "Point",
        "coordinates": [
          103.982992,
          30.689838
        ]
      },
      "properties": {
        "name": "中国体育彩票",
        "category": "life",
        "type": "生活服务;彩票彩券销售点;彩票彩券销售点",
        "district": "青羊区",
        "weight": 2
      }
    },
    {
      "type": "Feature",
      "geometry": {
        "type": "Point",
        "coordinates": [
          103.990199,
          30.689864
        ]
      },
      "properties": {
        "name": "中国体育彩票",
        "category": "life",
        "type": "生活服务;彩票彩券销售点;彩票彩券销售点",
        "district": "青羊区",
        "weight": 3
      }
    },
    {
      "type": "Feature",
      "geometry": {
        "type": "Point",
        "coordinates": [
          103.985686,
          30.693374
        ]
      },
      "properties": {
        "name": "蓝剑(外金沙店)",
        "category": "life",
        "type": "购物服务;专卖店;专营店|生活服务;生活服务场所;生活服务场所",
        "district": "青羊区",
        "weight": 1
      }
    },
    {
      "type": "Feature",
      "geometry": {
        "type": "Point",
        "coordinates": [
          103.984543,
          30.693105
        ]
      },
      "properties": {
        "name": "富锦堂装饰",
        "category": "life",
        "type": "生活服务;生活服务场所;生活服务场所",
        "district": "青羊区",
        "weight": 4
      }
    },
    {
      "type": "Feature",
      "geometry": {
        "type": "Point",
        "coordinates": [
          103.99667,
          30.691353
        ]
      },
      "properties": {
        "name": "青羊苏坡供电客户服务部",
        "category": "life",
        "type": "生活服务;生活服务场所;生活服务场所",
        "district": "青羊区",
        "weight": 1
      }
    },
    {
      "type": "Feature",
      "geometry": {
        "type": "Point",
        "coordinates": [
          104.00424,
          30.694208
        ]
      },
      "properties": {
        "name": "精工皮具护理",
        "category": "life",
        "type": "生活服务;生活服务场所;生活服务场所",
        "district": "青羊区",
        "weight": 12
      }
    },
    {
      "type": "Feature",
      "geometry": {
        "type": "Point",
        "coordinates": [
          104.003243,
          30.692215
        ]
      },
      "properties": {
        "name": "谷森造型",
        "category": "life",
        "type": "生活服务;美容美发店;美容美发店",
        "district": "青羊区",
        "weight": 10
      }
    },
    {
      "type": "Feature",
      "geometry": {
        "type": "Point",
        "coordinates": [
          104.00022,
          30.694315
        ]
      },
      "properties": {
        "name": "全兴水业(黄苑街)",
        "category": "life",
        "type": "生活服务;生活服务场所;生活服务场所",
        "district": "青羊区",
        "weight": 1
      }
    },
    {
      "type": "Feature",
      "geometry": {
        "type": "Point",
        "coordinates": [
          104.010045,
          30.692779
        ]
      },
      "properties": {
        "name": "妩媚按摩",
        "category": "life",
        "type": "生活服务;洗浴推拿场所;洗浴推拿场所",
        "district": "金牛区",
        "weight": 63
      }
    },
    {
      "type": "Feature",
      "geometry": {
        "type": "Point",
        "coordinates": [
          104.007482,
          30.696202
        ]
      },
      "properties": {
        "name": "贝娜妃莎",
        "category": "life",
        "type": "生活服务;生活服务场所;生活服务场所",
        "district": "青羊区",
        "weight": 1
      }
    },
    {
      "type": "Feature",
      "geometry": {
        "type": "Point",
        "coordinates": [
          104.006202,
          30.690839
        ]
      },
      "properties": {
        "name": "成都洗衣婆",
        "category": "life",
        "type": "生活服务;洗衣店;洗衣店",
        "district": "青羊区",
        "weight": 18
      }
    },
    {
      "type": "Feature",
      "geometry": {
        "type": "Point",
        "coordinates": [
          104.008239,
          30.69751
        ]
      },
      "properties": {
        "name": "垃圾集中收集点",
        "category": "life",
        "type": "生活服务;生活服务场所;生活服务场所",
        "district": "金牛区",
        "weight": 1
      }
    },
    {
      "type": "Feature",
      "geometry": {
        "type": "Point",
        "coordinates": [
          104.008259,
          30.69027
        ]
      },
      "properties": {
        "name": "脊柱梳理",
        "category": "life",
        "type": "生活服务;生活服务场所;生活服务场所",
        "district": "金牛区",
        "weight": 14
      }
    },
    {
      "type": "Feature",
      "geometry": {
        "type": "Point",
        "coordinates": [
          104.005682,
          30.696884
        ]
      },
      "properties": {
        "name": "菜鸟驿站(链家欧韵店612000204)",
        "category": "life",
        "type": "生活服务;物流速递;物流速递",
        "district": "青羊区",
        "weight": 1
      }
    },
    {
      "type": "Feature",
      "geometry": {
        "type": "Point",
        "coordinates": [
          104.005344,
          30.69157
        ]
      },
      "properties": {
        "name": "海光家居摄影",
        "category": "life",
        "type": "生活服务;摄影冲印店;摄影冲印",
        "district": "青羊区",
        "weight": 3
      }
    },
    {
      "type": "Feature",
      "geometry": {
        "type": "Point",
        "coordinates": [
          104.013795,
          30.687827
        ]
      },
      "properties": {
        "name": "指依恋",
        "category": "life",
        "type": "生活服务;美容美发店;美容美发店",
        "district": "金牛区",
        "weight": 37
      }
    },
    {
      "type": "Feature",
      "geometry": {
        "type": "Point",
        "coordinates": [
          104.020004,
          30.693196
        ]
      },
      "properties": {
        "name": "水漾年华",
        "category": "life",
        "type": "生活服务;洗浴推拿场所;洗浴推拿场所",
        "district": "金牛区",
        "weight": 10
      }
    },
    {
      "type": "Feature",
      "geometry": {
        "type": "Point",
        "coordinates": [
          104.02319,
          30.696834
        ]
      },
      "properties": {
        "name": "TD造型",
        "category": "life",
        "type": "生活服务;美容美发店;美容美发店",
        "district": "金牛区",
        "weight": 61
      }
    },
    {
      "type": "Feature",
      "geometry": {
        "type": "Point",
        "coordinates": [
          104.022888,
          30.691528
        ]
      },
      "properties": {
        "name": "常润足道",
        "category": "life",
        "type": "生活服务;洗浴推拿场所;洗浴推拿场所",
        "district": "金牛区",
        "weight": 10
      }
    },
    {
      "type": "Feature",
      "geometry": {
        "type": "Point",
        "coordinates": [
          104.015556,
          30.68952
        ]
      },
      "properties": {
        "name": "丸美素肌美人诞生馆(星河街店)",
        "category": "life",
        "type": "生活服务;美容美发店;美容美发店",
        "district": "金牛区",
        "weight": 1
      }
    },
    {
      "type": "Feature",
      "geometry": {
        "type": "Point",
        "coordinates": [
          104.029246,
          30.694301
        ]
      },
      "properties": {
        "name": "金德",
        "category": "life",
        "type": "生活服务;美容美发店;美容美发店",
        "district": "金牛区",
        "weight": 20
      }
    },
    {
      "type": "Feature",
      "geometry": {
        "type": "Point",
        "coordinates": [
          104.031076,
          30.696617
        ]
      },
      "properties": {
        "name": "福寿园",
        "category": "life",
        "type": "生活服务;生活服务场所;生活服务场所",
        "district": "金牛区",
        "weight": 32
      }
    },
    {
      "type": "Feature",
      "geometry": {
        "type": "Point",
        "coordinates": [
          104.032399,
          30.695097
        ]
      },
      "properties": {
        "name": "中国体育彩票",
        "category": "life",
        "type": "生活服务;彩票彩券销售点;彩票彩券销售点",
        "district": "金牛区",
        "weight": 3
      }
    },
    {
      "type": "Feature",
      "geometry": {
        "type": "Point",
        "coordinates": [
          104.025601,
          30.692051
        ]
      },
      "properties": {
        "name": "四川路标律师事务所",
        "category": "life",
        "type": "生活服务;生活服务场所;生活服务场所",
        "district": "金牛区",
        "weight": 1
      }
    },
    {
      "type": "Feature",
      "geometry": {
        "type": "Point",
        "coordinates": [
          104.026569,
          30.698433
        ]
      },
      "properties": {
        "name": "金哑铃美容健身会所(西城公馆店)",
        "category": "life",
        "type": "生活服务;生活服务场所;生活服务场所",
        "district": "金牛区",
        "weight": 1
      }
    },
    {
      "type": "Feature",
      "geometry": {
        "type": "Point",
        "coordinates": [
          104.024856,
          30.691074
        ]
      },
      "properties": {
        "name": "爱氏康音律能量养生馆(中亚店)",
        "category": "life",
        "type": "生活服务;美容美发店;美容美发店",
        "district": "金牛区",
        "weight": 1
      }
    },
    {
      "type": "Feature",
      "geometry": {
        "type": "Point",
        "coordinates": [
          104.023655,
          30.694606
        ]
      },
      "properties": {
        "name": "中国体育彩票",
        "category": "life",
        "type": "生活服务;彩票彩券销售点;彩票彩券销售点",
        "district": "金牛区",
        "weight": 1
      }
    },
    {
      "type": "Feature",
      "geometry": {
        "type": "Point",
        "coordinates": [
          104.041484,
          30.694109
        ]
      },
      "properties": {
        "name": "川妹子家政抚琴街道金沙路社区网点",
        "category": "life",
        "type": "生活服务;生活服务场所;生活服务场所",
        "district": "金牛区",
        "weight": 1
      }
    },
    {
      "type": "Feature",
      "geometry": {
        "type": "Point",
        "coordinates": [
          104.03474,
          30.694027
        ]
      },
      "properties": {
        "name": "168广告印务",
        "category": "life",
        "type": "生活服务;生活服务场所;生活服务场所",
        "district": "金牛区",
        "weight": 1
      }
    },
    {
      "type": "Feature",
      "geometry": {
        "type": "Point",
        "coordinates": [
          104.040767,
          30.691228
        ]
      },
      "properties": {
        "name": "蓝光天然矿泉水",
        "category": "life",
        "type": "生活服务;生活服务场所;生活服务场所",
        "district": "金牛区",
        "weight": 1
      }
    },
    {
      "type": "Feature",
      "geometry": {
        "type": "Point",
        "coordinates": [
          104.053252,
          30.693607
        ]
      },
      "properties": {
        "name": "阿清美容瘦身馆",
        "category": "life",
        "type": "生活服务;美容美发店;美容美发店",
        "district": "金牛区",
        "weight": 3
      }
    },
    {
      "type": "Feature",
      "geometry": {
        "type": "Point",
        "coordinates": [
          104.058886,
          30.695096
        ]
      },
      "properties": {
        "name": "欣洋装饰",
        "category": "life",
        "type": "生活服务;生活服务场所;生活服务场所",
        "district": "金牛区",
        "weight": 1
      }
    },
    {
      "type": "Feature",
      "geometry": {
        "type": "Point",
        "coordinates": [
          104.058794,
          30.693636
        ]
      },
      "properties": {
        "name": "嘉阳创美",
        "category": "life",
        "type": "生活服务;生活服务场所;生活服务场所",
        "district": "金牛区",
        "weight": 1
      }
    },
    {
      "type": "Feature",
      "geometry": {
        "type": "Point",
        "coordinates": [
          104.060053,
          30.693198
        ]
      },
      "properties": {
        "name": "明信装饰",
        "category": "life",
        "type": "生活服务;生活服务场所;生活服务场所",
        "district": "金牛区",
        "weight": 4
      }
    },
    {
      "type": "Feature",
      "geometry": {
        "type": "Point",
        "coordinates": [
          104.060147,
          30.696427
        ]
      },
      "properties": {
        "name": "生生装饰",
        "category": "life",
        "type": "生活服务;生活服务场所;生活服务场所",
        "district": "金牛区",
        "weight": 2
      }
    },
    {
      "type": "Feature",
      "geometry": {
        "type": "Point",
        "coordinates": [
          104.061425,
          30.694464
        ]
      },
      "properties": {
        "name": "神采芸玻",
        "category": "life",
        "type": "生活服务;生活服务场所;生活服务场所",
        "district": "金牛区",
        "weight": 1
      }
    },
    {
      "type": "Feature",
      "geometry": {
        "type": "Point",
        "coordinates": [
          104.062003,
          30.696847
        ]
      },
      "properties": {
        "name": "华华食品包装",
        "category": "life",
        "type": "生活服务;生活服务场所;生活服务场所",
        "district": "金牛区",
        "weight": 1
      }
    },
    {
      "type": "Feature",
      "geometry": {
        "type": "Point",
        "coordinates": [
          104.055035,
          30.699342
        ]
      },
      "properties": {
        "name": "FJ造型(交大店)",
        "category": "life",
        "type": "生活服务;美容美发店;美容美发店",
        "district": "金牛区",
        "weight": 1
      }
    },
    {
      "type": "Feature",
      "geometry": {
        "type": "Point",
        "coordinates": [
          104.06181,
          30.693581
        ]
      },
      "properties": {
        "name": "时尚经典",
        "category": "life",
        "type": "生活服务;摄影冲印店;摄影冲印",
        "district": "金牛区",
        "weight": 1
      }
    },
    {
      "type": "Feature",
      "geometry": {
        "type": "Point",
        "coordinates": [
          104.068894,
          30.690934
        ]
      },
      "properties": {
        "name": "茵子美容",
        "category": "life",
        "type": "生活服务;美容美发店;美容美发店",
        "district": "金牛区",
        "weight": 13
      }
    },
    {
      "type": "Feature",
      "geometry": {
        "type": "Point",
        "coordinates": [
          104.065119,
          30.694418
        ]
      },
      "properties": {
        "name": "建波货运部",
        "category": "life",
        "type": "生活服务;生活服务场所;生活服务场所",
        "district": "金牛区",
        "weight": 1
      }
    },
    {
      "type": "Feature",
      "geometry": {
        "type": "Point",
        "coordinates": [
          104.066179,
          30.691231
        ]
      },
      "properties": {
        "name": "姐妹美发",
        "category": "life",
        "type": "生活服务;美容美发店;美容美发店",
        "district": "金牛区",
        "weight": 1
      }
    },
    {
      "type": "Feature",
      "geometry": {
        "type": "Point",
        "coordinates": [
          104.076311,
          30.694263
        ]
      },
      "properties": {
        "name": "自然美",
        "category": "life",
        "type": "生活服务;美容美发店;美容美发店",
        "district": "金牛区",
        "weight": 1
      }
    },
    {
      "type": "Feature",
      "geometry": {
        "type": "Point",
        "coordinates": [
          104.075933,
          30.695713
        ]
      },
      "properties": {
        "name": "彩足熊",
        "category": "life",
        "type": "生活服务;生活服务场所;生活服务场所",
        "district": "金牛区",
        "weight": 3
      }
    },
    {
      "type": "Feature",
      "geometry": {
        "type": "Point",
        "coordinates": [
          104.079532,
          30.697428
        ]
      },
      "properties": {
        "name": "艾爵安可售后服务",
        "category": "life",
        "type": "生活服务;生活服务场所;生活服务场所",
        "district": "金牛区",
        "weight": 1
      }
    },
    {
      "type": "Feature",
      "geometry": {
        "type": "Point",
        "coordinates": [
          104.087005,
          30.696434
        ]
      },
      "properties": {
        "name": "美仑广告",
        "category": "life",
        "type": "生活服务;生活服务场所;生活服务场所",
        "district": "金牛区",
        "weight": 10
      }
    },
    {
      "type": "Feature",
      "geometry": {
        "type": "Point",
        "coordinates": [
          104.086785,
          30.695156
        ]
      },
      "properties": {
        "name": "新壳装饰空间",
        "category": "life",
        "type": "生活服务;生活服务场所;生活服务场所",
        "district": "金牛区",
        "weight": 4
      }
    },
    {
      "type": "Feature",
      "geometry": {
        "type": "Point",
        "coordinates": [
          104.093695,
          30.693687
        ]
      },
      "properties": {
        "name": "型·秀",
        "category": "life",
        "type": "生活服务;美容美发店;美容美发店",
        "district": "成华区",
        "weight": 69
      }
    },
    {
      "type": "Feature",
      "geometry": {
        "type": "Point",
        "coordinates": [
          104.091828,
          30.698086
        ]
      },
      "properties": {
        "name": "蓝剑",
        "category": "life",
        "type": "生活服务;生活服务场所;生活服务场所",
        "district": "成华区",
        "weight": 17
      }
    },
    {
      "type": "Feature",
      "geometry": {
        "type": "Point",
        "coordinates": [
          104.092793,
          30.691057
        ]
      },
      "properties": {
        "name": "中国福利彩票",
        "category": "life",
        "type": "生活服务;彩票彩券销售点;彩票彩券销售点",
        "district": "成华区",
        "weight": 9
      }
    },
    {
      "type": "Feature",
      "geometry": {
        "type": "Point",
        "coordinates": [
          104.083583,
          30.699124
        ]
      },
      "properties": {
        "name": "菜鸟驿站(芙蓉华庭6号院速递易)",
        "category": "life",
        "type": "生活服务;生活服务场所;生活服务场所",
        "district": "金牛区",
        "weight": 1
      }
    },
    {
      "type": "Feature",
      "geometry": {
        "type": "Point",
        "coordinates": [
          104.100426,
          30.69769
        ]
      },
      "properties": {
        "name": "成都市汽车运输(集团)公司第九分公司仓储部",
        "category": "life",
        "type": "生活服务;物流速递;物流仓储场地",
        "district": "成华区",
        "weight": 1
      }
    },
    {
      "type": "Feature",
      "geometry": {
        "type": "Point",
        "coordinates": [
          104.097303,
          30.689214
        ]
      },
      "properties": {
        "name": "海都物流",
        "category": "life",
        "type": "生活服务;生活服务场所;生活服务场所",
        "district": "成华区",
        "weight": 14
      }
    },
    {
      "type": "Feature",
      "geometry": {
        "type": "Point",
        "coordinates": [
          104.096903,
          30.698161
        ]
      },
      "properties": {
        "name": "成华区白铁加工部",
        "category": "life",
        "type": "生活服务;生活服务场所;生活服务场所",
        "district": "成华区",
        "weight": 1
      }
    },
    {
      "type": "Feature",
      "geometry": {
        "type": "Point",
        "coordinates": [
          104.102397,
          30.697332
        ]
      },
      "properties": {
        "name": "卓益广告",
        "category": "life",
        "type": "生活服务;生活服务场所;生活服务场所",
        "district": "成华区",
        "weight": 3
      }
    },
    {
      "type": "Feature",
      "geometry": {
        "type": "Point",
        "coordinates": [
          104.094991,
          30.697627
        ]
      },
      "properties": {
        "name": "沃特水业配送中心",
        "category": "life",
        "type": "生活服务;生活服务场所;生活服务场所",
        "district": "成华区",
        "weight": 2
      }
    },
    {
      "type": "Feature",
      "geometry": {
        "type": "Point",
        "coordinates": [
          104.103451,
          30.693506
        ]
      },
      "properties": {
        "name": "鑫荣和",
        "category": "life",
        "type": "生活服务;生活服务场所;生活服务场所",
        "district": "成华区",
        "weight": 2
      }
    },
    {
      "type": "Feature",
      "geometry": {
        "type": "Point",
        "coordinates": [
          104.093764,
          30.696915
        ]
      },
      "properties": {
        "name": "府青路街道养老服务中心",
        "category": "life",
        "type": "生活服务;生活服务场所;生活服务场所",
        "district": "成华区",
        "weight": 1
      }
    },
    {
      "type": "Feature",
      "geometry": {
        "type": "Point",
        "coordinates": [
          104.107301,
          30.68669
        ]
      },
      "properties": {
        "name": "美之",
        "category": "life",
        "type": "生活服务;美容美发店;美容美发店",
        "district": "成华区",
        "weight": 587
      }
    },
    {
      "type": "Feature",
      "geometry": {
        "type": "Point",
        "coordinates": [
          104.09511,
          30.689488
        ]
      },
      "properties": {
        "name": "富足怡生",
        "category": "life",
        "type": "生活服务;洗浴推拿场所;洗浴推拿场所",
        "district": "成华区",
        "weight": 2
      }
    },
    {
      "type": "Feature",
      "geometry": {
        "type": "Point",
        "coordinates": [
          104.112722,
          30.691705
        ]
      },
      "properties": {
        "name": "鑫春美发",
        "category": "life",
        "type": "生活服务;美容美发店;美容美发店",
        "district": "成华区",
        "weight": 46
      }
    },
    {
      "type": "Feature",
      "geometry": {
        "type": "Point",
        "coordinates": [
          104.107878,
          30.692904
        ]
      },
      "properties": {
        "name": "养生石疗汗蒸馆",
        "category": "life",
        "type": "生活服务;生活服务场所;生活服务场所",
        "district": "成华区",
        "weight": 1
      }
    },
    {
      "type": "Feature",
      "geometry": {
        "type": "Point",
        "coordinates": [
          104.110401,
          30.695021
        ]
      },
      "properties": {
        "name": "四川省大件运输公司装卸分公司",
        "category": "life",
        "type": "生活服务;物流速递;物流速递",
        "district": "成华区",
        "weight": 1
      }
    },
    {
      "type": "Feature",
      "geometry": {
        "type": "Point",
        "coordinates": [
          104.106524,
          30.696028
        ]
      },
      "properties": {
        "name": "废品收购废旧拆除",
        "category": "life",
        "type": "生活服务;生活服务场所;生活服务场所",
        "district": "成华区",
        "weight": 2
      }
    },
    {
      "type": "Feature",
      "geometry": {
        "type": "Point",
        "coordinates": [
          104.10526,
          30.694815
        ]
      },
      "properties": {
        "name": "鑫盛不锈钢制作",
        "category": "life",
        "type": "生活服务;生活服务场所;生活服务场所",
        "district": "成华区",
        "weight": 2
      }
    },
    {
      "type": "Feature",
      "geometry": {
        "type": "Point",
        "coordinates": [
          104.104061,
          30.695875
        ]
      },
      "properties": {
        "name": "盛达配送",
        "category": "life",
        "type": "生活服务;生活服务场所;生活服务场所",
        "district": "成华区",
        "weight": 1
      }
    },
    {
      "type": "Feature",
      "geometry": {
        "type": "Point",
        "coordinates": [
          104.104336,
          30.692217
        ]
      },
      "properties": {
        "name": "四川省有线广播电视网络股份有限公司成都成华分公司",
        "category": "life",
        "type": "生活服务;生活服务场所;生活服务场所",
        "district": "成华区",
        "weight": 1
      }
    },
    {
      "type": "Feature",
      "geometry": {
        "type": "Point",
        "coordinates": [
          104.104096,
          30.697473
        ]
      },
      "properties": {
        "name": "蓝桦养生馆",
        "category": "life",
        "type": "生活服务;洗浴推拿场所;洗浴推拿场所",
        "district": "成华区",
        "weight": 1
      }
    },
    {
      "type": "Feature",
      "geometry": {
        "type": "Point",
        "coordinates": [
          104.10386,
          30.698528
        ]
      },
      "properties": {
        "name": "魏姐理发店",
        "category": "life",
        "type": "生活服务;美容美发店;美容美发店",
        "district": "成华区",
        "weight": 1
      }
    },
    {
      "type": "Feature",
      "geometry": {
        "type": "Point",
        "coordinates": [
          104.116909,
          30.694966
        ]
      },
      "properties": {
        "name": "方科发艺",
        "category": "life",
        "type": "生活服务;美容美发店;美容美发店",
        "district": "成华区",
        "weight": 2
      }
    },
    {
      "type": "Feature",
      "geometry": {
        "type": "Point",
        "coordinates": [
          104.118904,
          30.696237
        ]
      },
      "properties": {
        "name": "成都铁路华飞贸易总公司储运公司",
        "category": "life",
        "type": "生活服务;物流速递;物流速递",
        "district": "成华区",
        "weight": 1
      }
    },
    {
      "type": "Feature",
      "geometry": {
        "type": "Point",
        "coordinates": [
          104.121272,
          30.693862
        ]
      },
      "properties": {
        "name": "中铁二局物流公司",
        "category": "life",
        "type": "生活服务;物流速递;物流速递",
        "district": "成华区",
        "weight": 3
      }
    },
    {
      "type": "Feature",
      "geometry": {
        "type": "Point",
        "coordinates": [
          104.11835,
          30.691842
        ]
      },
      "properties": {
        "name": "万事泰物流",
        "category": "life",
        "type": "生活服务;物流速递;物流速递",
        "district": "成华区",
        "weight": 3
      }
    },
    {
      "type": "Feature",
      "geometry": {
        "type": "Point",
        "coordinates": [
          104.117751,
          30.690531
        ]
      },
      "properties": {
        "name": "中铁物流",
        "category": "life",
        "type": "生活服务;物流速递;物流速递",
        "district": "成华区",
        "weight": 1
      }
    },
    {
      "type": "Feature",
      "geometry": {
        "type": "Point",
        "coordinates": [
          104.120209,
          30.693023
        ]
      },
      "properties": {
        "name": "中国中铁二局集团物资有限公司(成都分公司)",
        "category": "life",
        "type": "公司企业;公司;公司|生活服务;物流速递;物流速递",
        "district": "成华区",
        "weight": 1
      }
    },
    {
      "type": "Feature",
      "geometry": {
        "type": "Point",
        "coordinates": [
          104.124046,
          30.694452
        ]
      },
      "properties": {
        "name": "中国移动",
        "category": "life",
        "type": "生活服务;电讯营业厅;电讯营业厅",
        "district": "成华区",
        "weight": 2
      }
    },
    {
      "type": "Feature",
      "geometry": {
        "type": "Point",
        "coordinates": [
          104.125588,
          30.690162
        ]
      },
      "properties": {
        "name": "恒丰公司配送中心",
        "category": "life",
        "type": "生活服务;物流速递;物流速递",
        "district": "成华区",
        "weight": 1
      }
    },
    {
      "type": "Feature",
      "geometry": {
        "type": "Point",
        "coordinates": [
          104.141958,
          30.697449
        ]
      },
      "properties": {
        "name": "成华区圣灯街道人民塘社区服务站",
        "category": "life",
        "type": "生活服务;生活服务场所;生活服务场所",
        "district": "成华区",
        "weight": 2
      }
    },
    {
      "type": "Feature",
      "geometry": {
        "type": "Point",
        "coordinates": [
          104.140438,
          30.690271
        ]
      },
      "properties": {
        "name": "机车厂游泳池售票处",
        "category": "life",
        "type": "生活服务;售票处;售票处",
        "district": "成华区",
        "weight": 1
      }
    },
    {
      "type": "Feature",
      "geometry": {
        "type": "Point",
        "coordinates": [
          104.141122,
          30.691173
        ]
      },
      "properties": {
        "name": "匠人组合Builders Hair",
        "category": "life",
        "type": "生活服务;美容美发店;美容美发店",
        "district": "成华区",
        "weight": 1
      }
    },
    {
      "type": "Feature",
      "geometry": {
        "type": "Point",
        "coordinates": [
          104.137172,
          30.69087
        ]
      },
      "properties": {
        "name": "剪美造型",
        "category": "life",
        "type": "生活服务;美容美发店;美容美发店",
        "district": "成华区",
        "weight": 1
      }
    },
    {
      "type": "Feature",
      "geometry": {
        "type": "Point",
        "coordinates": [
          104.139989,
          30.69615
        ]
      },
      "properties": {
        "name": "南京远方物流集团有限公司成都仓储配送中心",
        "category": "life",
        "type": "生活服务;生活服务场所;生活服务场所",
        "district": "成华区",
        "weight": 1
      }
    },
    {
      "type": "Feature",
      "geometry": {
        "type": "Point",
        "coordinates": [
          104.144436,
          30.691491
        ]
      },
      "properties": {
        "name": "金龙山公墓",
        "category": "life",
        "type": "生活服务;生活服务场所;生活服务场所",
        "district": "成华区",
        "weight": 2
      }
    },
    {
      "type": "Feature",
      "geometry": {
        "type": "Point",
        "coordinates": [
          104.147631,
          30.689106
        ]
      },
      "properties": {
        "name": "收废品",
        "category": "life",
        "type": "生活服务;生活服务场所;生活服务场所",
        "district": "成华区",
        "weight": 9
      }
    },
    {
      "type": "Feature",
      "geometry": {
        "type": "Point",
        "coordinates": [
          104.157724,
          30.695599
        ]
      },
      "properties": {
        "name": "四川特约技术服务中心",
        "category": "life",
        "type": "生活服务;生活服务场所;生活服务场所",
        "district": "成华区",
        "weight": 1
      }
    },
    {
      "type": "Feature",
      "geometry": {
        "type": "Point",
        "coordinates": [
          104.156774,
          30.69482
        ]
      },
      "properties": {
        "name": "伊莱克斯授权客户服务中心",
        "category": "life",
        "type": "生活服务;生活服务场所;生活服务场所",
        "district": "成华区",
        "weight": 1
      }
    },
    {
      "type": "Feature",
      "geometry": {
        "type": "Point",
        "coordinates": [
          104.154087,
          30.694868
        ]
      },
      "properties": {
        "name": "通达配送",
        "category": "life",
        "type": "生活服务;物流速递;物流速递",
        "district": "成华区",
        "weight": 5
      }
    },
    {
      "type": "Feature",
      "geometry": {
        "type": "Point",
        "coordinates": [
          104.161346,
          30.691785
        ]
      },
      "properties": {
        "name": "奔驰售后",
        "category": "life",
        "type": "生活服务;生活服务场所;生活服务场所",
        "district": "成华区",
        "weight": 1
      }
    },
    {
      "type": "Feature",
      "geometry": {
        "type": "Point",
        "coordinates": [
          104.162608,
          30.695892
        ]
      },
      "properties": {
        "name": "居家福地客服中心",
        "category": "life",
        "type": "生活服务;生活服务场所;生活服务场所",
        "district": "成华区",
        "weight": 1
      }
    },
    {
      "type": "Feature",
      "geometry": {
        "type": "Point",
        "coordinates": [
          104.159716,
          30.698985
        ]
      },
      "properties": {
        "name": "浪波湾(龙潭立交店)",
        "category": "life",
        "type": "生活服务;美容美发店;美容美发店",
        "district": "成华区",
        "weight": 1
      }
    },
    {
      "type": "Feature",
      "geometry": {
        "type": "Point",
        "coordinates": [
          104.161871,
          30.698943
        ]
      },
      "properties": {
        "name": "美格烫染造型",
        "category": "life",
        "type": "生活服务;美容美发店;美容美发店",
        "district": "成华区",
        "weight": 6
      }
    },
    {
      "type": "Feature",
      "geometry": {
        "type": "Point",
        "coordinates": [
          104.163452,
          30.69927
        ]
      },
      "properties": {
        "name": "睿翼广告",
        "category": "life",
        "type": "生活服务;生活服务场所;生活服务场所",
        "district": "成华区",
        "weight": 2
      }
    },
    {
      "type": "Feature",
      "geometry": {
        "type": "Point",
        "coordinates": [
          104.159566,
          30.697417
        ]
      },
      "properties": {
        "name": "成都郭新新建筑空间摄影",
        "category": "life",
        "type": "生活服务;摄影冲印店;摄影冲印",
        "district": "成华区",
        "weight": 1
      }
    },
    {
      "type": "Feature",
      "geometry": {
        "type": "Point",
        "coordinates": [
          104.167884,
          30.69515
        ]
      },
      "properties": {
        "name": "成都市华森物流有限公司",
        "category": "life",
        "type": "生活服务;物流速递;物流速递",
        "district": "成华区",
        "weight": 1
      }
    },
    {
      "type": "Feature",
      "geometry": {
        "type": "Point",
        "coordinates": [
          104.166813,
          30.695434
        ]
      },
      "properties": {
        "name": "新华文轩出版传媒股份有限公司(出版物流分中心)",
        "category": "life",
        "type": "生活服务;物流速递;物流速递",
        "district": "成华区",
        "weight": 1
      }
    },
    {
      "type": "Feature",
      "geometry": {
        "type": "Point",
        "coordinates": [
          104.165045,
          30.697744
        ]
      },
      "properties": {
        "name": "友谊修鞋美鞋店",
        "category": "life",
        "type": "生活服务;生活服务场所;生活服务场所",
        "district": "成华区",
        "weight": 4
      }
    },
    {
      "type": "Feature",
      "geometry": {
        "type": "Point",
        "coordinates": [
          104.166516,
          30.696516
        ]
      },
      "properties": {
        "name": "花雨林养生馆",
        "category": "life",
        "type": "生活服务;生活服务场所;生活服务场所",
        "district": "成华区",
        "weight": 1
      }
    },
    {
      "type": "Feature",
      "geometry": {
        "type": "Point",
        "coordinates": [
          104.164844,
          30.694188
        ]
      },
      "properties": {
        "name": "中国电信(龙潭寺营业厅)",
        "category": "life",
        "type": "生活服务;电讯营业厅;中国电信营业厅",
        "district": "成华区",
        "weight": 2
      }
    },
    {
      "type": "Feature",
      "geometry": {
        "type": "Point",
        "coordinates": [
          104.164595,
          30.695557
        ]
      },
      "properties": {
        "name": "中国福利彩票",
        "category": "life",
        "type": "生活服务;彩票彩券销售点;彩票彩券销售点",
        "district": "成华区",
        "weight": 3
      }
    },
    {
      "type": "Feature",
      "geometry": {
        "type": "Point",
        "coordinates": [
          104.176252,
          30.696773
        ]
      },
      "properties": {
        "name": "小君美甲美睫",
        "category": "life",
        "type": "生活服务;生活服务场所;生活服务场所",
        "district": "成华区",
        "weight": 2
      }
    },
    {
      "type": "Feature",
      "geometry": {
        "type": "Point",
        "coordinates": [
          104.18189,
          30.695311
        ]
      },
      "properties": {
        "name": "四川国储物流股份有限公司",
        "category": "life",
        "type": "生活服务;物流速递;物流速递",
        "district": "成华区",
        "weight": 1
      }
    },
    {
      "type": "Feature",
      "geometry": {
        "type": "Point",
        "coordinates": [
          104.181404,
          30.689131
        ]
      },
      "properties": {
        "name": "安华置业",
        "category": "life",
        "type": "生活服务;生活服务场所;生活服务场所",
        "district": "成华区",
        "weight": 4
      }
    },
    {
      "type": "Feature",
      "geometry": {
        "type": "Point",
        "coordinates": [
          104.174373,
          30.691735
        ]
      },
      "properties": {
        "name": "成都豪万居装饰工程有限公司",
        "category": "life",
        "type": "生活服务;生活服务场所;生活服务场所",
        "district": "成华区",
        "weight": 2
      }
    },
    {
      "type": "Feature",
      "geometry": {
        "type": "Point",
        "coordinates": [
          104.174664,
          30.696822
        ]
      },
      "properties": {
        "name": "梦幻国度",
        "category": "life",
        "type": "生活服务;美容美发店;美容美发店",
        "district": "成华区",
        "weight": 1
      }
    },
    {
      "type": "Feature",
      "geometry": {
        "type": "Point",
        "coordinates": [
          103.971464,
          30.686561
        ]
      },
      "properties": {
        "name": "四川辉腾建筑劳务有限公司",
        "category": "life",
        "type": "生活服务;人才市场;人才市场",
        "district": "青羊区",
        "weight": 1
      }
    },
    {
      "type": "Feature",
      "geometry": {
        "type": "Point",
        "coordinates": [
          103.966188,
          30.681285
        ]
      },
      "properties": {
        "name": "中国福利彩票",
        "category": "life",
        "type": "生活服务;彩票彩券销售点;彩票彩券销售点",
        "district": "青羊区",
        "weight": 2
      }
    },
    {
      "type": "Feature",
      "geometry": {
        "type": "Point",
        "coordinates": [
          103.965763,
          30.680207
        ]
      },
      "properties": {
        "name": "悦丽美颜馆",
        "category": "life",
        "type": "生活服务;生活服务场所;生活服务场所",
        "district": "青羊区",
        "weight": 3
      }
    },
    {
      "type": "Feature",
      "geometry": {
        "type": "Point",
        "coordinates": [
          103.973084,
          30.688688
        ]
      },
      "properties": {
        "name": "靓点石膏线装饰部",
        "category": "life",
        "type": "生活服务;生活服务场所;生活服务场所",
        "district": "青羊区",
        "weight": 3
      }
    },
    {
      "type": "Feature",
      "geometry": {
        "type": "Point",
        "coordinates": [
          103.973587,
          30.682365
        ]
      },
      "properties": {
        "name": "泛美国际",
        "category": "life",
        "type": "生活服务;美容美发店;美容美发店",
        "district": "青羊区",
        "weight": 1
      }
    },
    {
      "type": "Feature",
      "geometry": {
        "type": "Point",
        "coordinates": [
          103.97364,
          30.68505
        ]
      },
      "properties": {
        "name": "美尔美发连锁",
        "category": "life",
        "type": "生活服务;美容美发店;美容美发店",
        "district": "青羊区",
        "weight": 1
      }
    },
    {
      "type": "Feature",
      "geometry": {
        "type": "Point",
        "coordinates": [
          103.973932,
          30.679986
        ]
      },
      "properties": {
        "name": "司南文辉专业电瓶",
        "category": "life",
        "type": "生活服务;维修站点;维修站点|购物服务;专卖店;专营店",
        "district": "青羊区",
        "weight": 2
      }
    },
    {
      "type": "Feature",
      "geometry": {
        "type": "Point",
        "coordinates": [
          103.975726,
          30.683765
        ]
      },
      "properties": {
        "name": "阿龙摄影室",
        "category": "life",
        "type": "生活服务;生活服务场所;生活服务场所",
        "district": "青羊区",
        "weight": 6
      }
    },
    {
      "type": "Feature",
      "geometry": {
        "type": "Point",
        "coordinates": [
          103.980182,
          30.684852
        ]
      },
      "properties": {
        "name": "速递易(翠微清波一期A10)",
        "category": "life",
        "type": "生活服务;物流速递;物流速递",
        "district": "青羊区",
        "weight": 2
      }
    },
    {
      "type": "Feature",
      "geometry": {
        "type": "Point",
        "coordinates": [
          103.976121,
          30.685461
        ]
      },
      "properties": {
        "name": "家美莱装饰",
        "category": "life",
        "type": "生活服务;生活服务场所;生活服务场所",
        "district": "青羊区",
        "weight": 2
      }
    },
    {
      "type": "Feature",
      "geometry": {
        "type": "Point",
        "coordinates": [
          103.983873,
          30.680095
        ]
      },
      "properties": {
        "name": "杨洲修脚",
        "category": "life",
        "type": "生活服务;洗浴推拿场所;洗浴推拿场所",
        "district": "青羊区",
        "weight": 84
      }
    },
    {
      "type": "Feature",
      "geometry": {
        "type": "Point",
        "coordinates": [
          103.9768,
          30.680992
        ]
      },
      "properties": {
        "name": "个理发店",
        "category": "life",
        "type": "生活服务;生活服务场所;生活服务场所",
        "district": "青羊区",
        "weight": 3
      }
    },
    {
      "type": "Feature",
      "geometry": {
        "type": "Point",
        "coordinates": [
          103.982634,
          30.687757
        ]
      },
      "properties": {
        "name": "美之源",
        "category": "life",
        "type": "生活服务;美容美发店;美容美发店",
        "district": "青羊区",
        "weight": 13
      }
    },
    {
      "type": "Feature",
      "geometry": {
        "type": "Point",
        "coordinates": [
          103.977942,
          30.686736
        ]
      },
      "properties": {
        "name": "成都西车站货运营业厅",
        "category": "life",
        "type": "生活服务;物流速递;物流速递",
        "district": "青羊区",
        "weight": 1
      }
    },
    {
      "type": "Feature",
      "geometry": {
        "type": "Point",
        "coordinates": [
          103.981485,
          30.685862
        ]
      },
      "properties": {
        "name": "蓝光矿泉水(金辉路)",
        "category": "life",
        "type": "生活服务;生活服务场所;生活服务场所",
        "district": "青羊区",
        "weight": 1
      }
    },
    {
      "type": "Feature",
      "geometry": {
        "type": "Point",
        "coordinates": [
          103.979747,
          30.688182
        ]
      },
      "properties": {
        "name": "成都市青羊区金正机械加工部",
        "category": "life",
        "type": "生活服务;生活服务场所;生活服务场所",
        "district": "青羊区",
        "weight": 1
      }
    },
    {
      "type": "Feature",
      "geometry": {
        "type": "Point",
        "coordinates": [
          103.974922,
          30.682244
        ]
      },
      "properties": {
        "name": "瑞新房产",
        "category": "life",
        "type": "生活服务;生活服务场所;生活服务场所",
        "district": "青羊区",
        "weight": 5
      }
    },
    {
      "type": "Feature",
      "geometry": {
        "type": "Point",
        "coordinates": [
          103.974014,
          30.683973
        ]
      },
      "properties": {
        "name": "韩尔适纳米汗蒸养生馆(清水路苑店)",
        "category": "life",
        "type": "生活服务;洗浴推拿场所;洗浴推拿场所",
        "district": "青羊区",
        "weight": 1
      }
    },
    {
      "type": "Feature",
      "geometry": {
        "type": "Point",
        "coordinates": [
          103.974898,
          30.688572
        ]
      },
      "properties": {
        "name": "阳光物流",
        "category": "life",
        "type": "生活服务;物流速递;物流速递",
        "district": "青羊区",
        "weight": 2
      }
    },
    {
      "type": "Feature",
      "geometry": {
        "type": "Point",
        "coordinates": [
          103.983293,
          30.685918
        ]
      },
      "properties": {
        "name": "中国移动(清百路服务厅)",
        "category": "life",
        "type": "生活服务;电讯营业厅;中国移动营业厅",
        "district": "青羊区",
        "weight": 1
      }
    },
    {
      "type": "Feature",
      "geometry": {
        "type": "Point",
        "coordinates": [
          103.977091,
          30.683767
        ]
      },
      "properties": {
        "name": "苏西货站",
        "category": "life",
        "type": "生活服务;生活服务场所;生活服务场所",
        "district": "青羊区",
        "weight": 1
      }
    },
    {
      "type": "Feature",
      "geometry": {
        "type": "Point",
        "coordinates": [
          103.990222,
          30.684797
        ]
      },
      "properties": {
        "name": "香槟花舍",
        "category": "life",
        "type": "生活服务;生活服务场所;生活服务场所",
        "district": "青羊区",
        "weight": 27
      }
    },
    {
      "type": "Feature",
      "geometry": {
        "type": "Point",
        "coordinates": [
          103.990361,
          30.686762
        ]
      },
      "properties": {
        "name": "美尚米兰",
        "category": "life",
        "type": "生活服务;美容美发店;美容美发店",
        "district": "青羊区",
        "weight": 3
      }
    },
    {
      "type": "Feature",
      "geometry": {
        "type": "Point",
        "coordinates": [
          103.98962,
          30.681976
        ]
      },
      "properties": {
        "name": "丝艺(金辉路)",
        "category": "life",
        "type": "生活服务;美容美发店;美容美发店",
        "district": "青羊区",
        "weight": 1
      }
    },
    {
      "type": "Feature",
      "geometry": {
        "type": "Point",
        "coordinates": [
          103.993205,
          30.685728
        ]
      },
      "properties": {
        "name": "nails4you美甲工作室",
        "category": "life",
        "type": "生活服务;美容美发店;美容美发店",
        "district": "青羊区",
        "weight": 1
      }
    },
    {
      "type": "Feature",
      "geometry": {
        "type": "Point",
        "coordinates": [
          103.988841,
          30.689027
        ]
      },
      "properties": {
        "name": "衡道堂艾灸馆",
        "category": "life",
        "type": "生活服务;洗浴推拿场所;洗浴推拿场所",
        "district": "青羊区",
        "weight": 9
      }
    },
    {
      "type": "Feature",
      "geometry": {
        "type": "Point",
        "coordinates": [
          103.998953,
          30.67234
        ]
      },
      "properties": {
        "name": "沐喜",
        "category": "life",
        "type": "生活服务;洗浴推拿场所;洗浴推拿场所",
        "district": "青羊区",
        "weight": 757
      }
    },
    {
      "type": "Feature",
      "geometry": {
        "type": "Point",
        "coordinates": [
          103.993333,
          30.689191
        ]
      },
      "properties": {
        "name": "金悦湾客服中心",
        "category": "life",
        "type": "生活服务;生活服务场所;生活服务场所",
        "district": "青羊区",
        "weight": 1
      }
    },
    {
      "type": "Feature",
      "geometry": {
        "type": "Point",
        "coordinates": [
          103.989979,
          30.682966
        ]
      },
      "properties": {
        "name": "西映金沙速易递",
        "category": "life",
        "type": "生活服务;生活服务场所;生活服务场所",
        "district": "青羊区",
        "weight": 2
      }
    },
    {
      "type": "Feature",
      "geometry": {
        "type": "Point",
        "coordinates": [
          104.00002,
          30.684137
        ]
      },
      "properties": {
        "name": "春风理发馆",
        "category": "life",
        "type": "生活服务;美容美发店;美容美发店",
        "district": "青羊区",
        "weight": 1
      }
    },
    {
      "type": "Feature",
      "geometry": {
        "type": "Point",
        "coordinates": [
          103.998427,
          30.686125
        ]
      },
      "properties": {
        "name": "雨黠",
        "category": "life",
        "type": "生活服务;美容美发店;美容美发店",
        "district": "青羊区",
        "weight": 9
      }
    },
    {
      "type": "Feature",
      "geometry": {
        "type": "Point",
        "coordinates": [
          103.999537,
          30.682792
        ]
      },
      "properties": {
        "name": "瑞婴健康",
        "category": "life",
        "type": "生活服务;美容美发店;美容美发店",
        "district": "青羊区",
        "weight": 2
      }
    },
    {
      "type": "Feature",
      "geometry": {
        "type": "Point",
        "coordinates": [
          104.001148,
          30.686384
        ]
      },
      "properties": {
        "name": "合能地产",
        "category": "life",
        "type": "生活服务;生活服务场所;生活服务场所",
        "district": "青羊区",
        "weight": 21
      }
    },
    {
      "type": "Feature",
      "geometry": {
        "type": "Point",
        "coordinates": [
          104.004666,
          30.680127
        ]
      },
      "properties": {
        "name": "其妙",
        "category": "life",
        "type": "生活服务;洗浴推拿场所;洗浴推拿场所",
        "district": "青羊区",
        "weight": 211
      }
    },
    {
      "type": "Feature",
      "geometry": {
        "type": "Point",
        "coordinates": [
          103.995625,
          30.685815
        ]
      },
      "properties": {
        "name": "水莲缘",
        "category": "life",
        "type": "生活服务;洗浴推拿场所;洗浴推拿场所",
        "district": "青羊区",
        "weight": 9
      }
    },
    {
      "type": "Feature",
      "geometry": {
        "type": "Point",
        "coordinates": [
          104.002867,
          30.686654
        ]
      },
      "properties": {
        "name": "四川广电网络(金沙营业厅)",
        "category": "life",
        "type": "生活服务;生活服务场所;生活服务场所",
        "district": "青羊区",
        "weight": 1
      }
    },
    {
      "type": "Feature",
      "geometry": {
        "type": "Point",
        "coordinates": [
          104.004922,
          30.683788
        ]
      },
      "properties": {
        "name": "艺美奇美容养生",
        "category": "life",
        "type": "生活服务;洗浴推拿场所;洗浴推拿场所",
        "district": "青羊区",
        "weight": 2
      }
    },
    {
      "type": "Feature",
      "geometry": {
        "type": "Point",
        "coordinates": [
          104.00706,
          30.685608
        ]
      },
      "properties": {
        "name": "扬州修足",
        "category": "life",
        "type": "生活服务;生活服务场所;生活服务场所",
        "district": "青羊区",
        "weight": 2
      }
    },
    {
      "type": "Feature",
      "geometry": {
        "type": "Point",
        "coordinates": [
          104.008488,
          30.681686
        ]
      },
      "properties": {
        "name": "唐朝广告",
        "category": "life",
        "type": "生活服务;生活服务场所;生活服务场所",
        "district": "青羊区",
        "weight": 2
      }
    },
    {
      "type": "Feature",
      "geometry": {
        "type": "Point",
        "coordinates": [
          104.009409,
          30.688287
        ]
      },
      "properties": {
        "name": "纤韵养生美容馆",
        "category": "life",
        "type": "生活服务;美容美发店;美容美发店",
        "district": "金牛区",
        "weight": 5
      }
    },
    {
      "type": "Feature",
      "geometry": {
        "type": "Point",
        "coordinates": [
          104.008189,
          30.685779
        ]
      },
      "properties": {
        "name": "馨庐SPA(美之露金凤店)",
        "category": "life",
        "type": "生活服务;洗浴推拿场所;洗浴推拿场所",
        "district": "青羊区",
        "weight": 1
      }
    },
    {
      "type": "Feature",
      "geometry": {
        "type": "Point",
        "coordinates": [
          104.007521,
          30.68255
        ]
      },
      "properties": {
        "name": "金沙元年游客服务中心",
        "category": "life",
        "type": "生活服务;生活服务场所;生活服务场所",
        "district": "青羊区",
        "weight": 1
      }
    },
    {
      "type": "Feature",
      "geometry": {
        "type": "Point",
        "coordinates": [
          104.005394,
          30.686361
        ]
      },
      "properties": {
        "name": "社区志愿服务站",
        "category": "life",
        "type": "生活服务;生活服务场所;生活服务场所",
        "district": "青羊区",
        "weight": 3
      }
    },
    {
      "type": "Feature",
      "geometry": {
        "type": "Point",
        "coordinates": [
          104.014834,
          30.682677
        ]
      },
      "properties": {
        "name": "雨花石足道",
        "category": "life",
        "type": "生活服务;洗浴推拿场所;洗浴推拿场所",
        "district": "青羊区",
        "weight": 21
      }
    },
    {
      "type": "Feature",
      "geometry": {
        "type": "Point",
        "coordinates": [
          104.009659,
          30.680559
        ]
      },
      "properties": {
        "name": "鑫湖会",
        "category": "life",
        "type": "生活服务;洗浴推拿场所;洗浴推拿场所",
        "district": "青羊区",
        "weight": 1
      }
    },
    {
      "type": "Feature",
      "geometry": {
        "type": "Point",
        "coordinates": [
          104.00386,
          30.684331
        ]
      },
      "properties": {
        "name": "锦鑫浴足",
        "category": "life",
        "type": "生活服务;洗浴推拿场所;洗浴推拿场所",
        "district": "青羊区",
        "weight": 1
      }
    },
    {
      "type": "Feature",
      "geometry": {
        "type": "Point",
        "coordinates": [
          104.012098,
          30.680902
        ]
      },
      "properties": {
        "name": "瑞影数码影像工作室",
        "category": "life",
        "type": "生活服务;生活服务场所;生活服务场所",
        "district": "青羊区",
        "weight": 1
      }
    },
    {
      "type": "Feature",
      "geometry": {
        "type": "Point",
        "coordinates": [
          104.005145,
          30.688579
        ]
      },
      "properties": {
        "name": "菜鸟驿站(雍锦湾速递易)",
        "category": "life",
        "type": "生活服务;生活服务场所;生活服务场所",
        "district": "金牛区",
        "weight": 1
      }
    },
    {
      "type": "Feature",
      "geometry": {
        "type": "Point",
        "coordinates": [
          104.018306,
          30.682415
        ]
      },
      "properties": {
        "name": "资秋田美容会馆",
        "category": "life",
        "type": "生活服务;美容美发店;美容美发店",
        "district": "青羊区",
        "weight": 1
      }
    },
    {
      "type": "Feature",
      "geometry": {
        "type": "Point",
        "coordinates": [
          104.01457,
          30.680758
        ]
      },
      "properties": {
        "name": "金邦通讯",
        "category": "life",
        "type": "生活服务;维修站点;维修站点",
        "district": "青羊区",
        "weight": 6
      }
    },
    {
      "type": "Feature",
      "geometry": {
        "type": "Point",
        "coordinates": [
          104.03329,
          30.682728
        ]
      },
      "properties": {
        "name": "宏运家电电脑维修部",
        "category": "life",
        "type": "生活服务;维修站点;维修站点",
        "district": "金牛区",
        "weight": 1
      }
    },
    {
      "type": "Feature",
      "geometry": {
        "type": "Point",
        "coordinates": [
          104.048851,
          30.684247
        ]
      },
      "properties": {
        "name": "圆通速递(马河湾13号院东南)",
        "category": "life",
        "type": "生活服务;物流速递;物流速递",
        "district": "金牛区",
        "weight": 1
      }
    },
    {
      "type": "Feature",
      "geometry": {
        "type": "Point",
        "coordinates": [
          104.050222,
          30.684801
        ]
      },
      "properties": {
        "name": "唯艺",
        "category": "life",
        "type": "生活服务;生活服务场所;生活服务场所",
        "district": "金牛区",
        "weight": 8
      }
    },
    {
      "type": "Feature",
      "geometry": {
        "type": "Point",
        "coordinates": [
          104.04969,
          30.682929
        ]
      },
      "properties": {
        "name": "流动人口信息采集点",
        "category": "life",
        "type": "生活服务;生活服务场所;生活服务场所",
        "district": "金牛区",
        "weight": 1
      }
    },
    {
      "type": "Feature",
      "geometry": {
        "type": "Point",
        "coordinates": [
          104.05286,
          30.684346
        ]
      },
      "properties": {
        "name": "飞象广告",
        "category": "life",
        "type": "生活服务;生活服务场所;生活服务场所",
        "district": "金牛区",
        "weight": 2
      }
    },
    {
      "type": "Feature",
      "geometry": {
        "type": "Point",
        "coordinates": [
          104.056728,
          30.683986
        ]
      },
      "properties": {
        "name": "小赵美发",
        "category": "life",
        "type": "生活服务;美容美发店;美容美发店",
        "district": "金牛区",
        "weight": 2
      }
    },
    {
      "type": "Feature",
      "geometry": {
        "type": "Point",
        "coordinates": [
          104.059297,
          30.686644
        ]
      },
      "properties": {
        "name": "中铁八局同新房地产开发有限公司客户服务中心",
        "category": "life",
        "type": "生活服务;生活服务场所;生活服务场所",
        "district": "金牛区",
        "weight": 1
      }
    },
    {
      "type": "Feature",
      "geometry": {
        "type": "Point",
        "coordinates": [
          104.059844,
          30.682061
        ]
      },
      "properties": {
        "name": "奕開锁",
        "category": "life",
        "type": "生活服务;维修站点;维修站点",
        "district": "青羊区",
        "weight": 1
      }
    },
    {
      "type": "Feature",
      "geometry": {
        "type": "Point",
        "coordinates": [
          104.05966,
          30.681131
        ]
      },
      "properties": {
        "name": "艾帮开锁",
        "category": "life",
        "type": "生活服务;生活服务场所;生活服务场所",
        "district": "青羊区",
        "weight": 3
      }
    },
    {
      "type": "Feature",
      "geometry": {
        "type": "Point",
        "coordinates": [
          104.054876,
          30.686136
        ]
      },
      "properties": {
        "name": "秀颜养生",
        "category": "life",
        "type": "生活服务;生活服务场所;生活服务场所",
        "district": "金牛区",
        "weight": 5
      }
    },
    {
      "type": "Feature",
      "geometry": {
        "type": "Point",
        "coordinates": [
          104.071706,
          30.685797
        ]
      },
      "properties": {
        "name": "如意发艺",
        "category": "life",
        "type": "生活服务;美容美发店;美容美发店",
        "district": "金牛区",
        "weight": 1
      }
    },
    {
      "type": "Feature",
      "geometry": {
        "type": "Point",
        "coordinates": [
          104.065694,
          30.681891
        ]
      },
      "properties": {
        "name": "藏药泡脚",
        "category": "life",
        "type": "生活服务;洗浴推拿场所;洗浴推拿场所",
        "district": "青羊区",
        "weight": 3
      }
    },
    {
      "type": "Feature",
      "geometry": {
        "type": "Point",
        "coordinates": [
          104.098088,
          30.685066
        ]
      },
      "properties": {
        "name": "如是堂",
        "category": "life",
        "type": "生活服务;美容美发店;美容美发店",
        "district": "成华区",
        "weight": 36
      }
    },
    {
      "type": "Feature",
      "geometry": {
        "type": "Point",
        "coordinates": [
          104.100086,
          30.685111
        ]
      },
      "properties": {
        "name": "infinity∞韩式半永久工作室",
        "category": "life",
        "type": "生活服务;生活服务场所;生活服务场所",
        "district": "成华区",
        "weight": 1
      }
    },
    {
      "type": "Feature",
      "geometry": {
        "type": "Point",
        "coordinates": [
          104.098117,
          30.68058
        ]
      },
      "properties": {
        "name": "匠人制作",
        "category": "life",
        "type": "生活服务;美容美发店;美容美发店",
        "district": "成华区",
        "weight": 18
      }
    },
    {
      "type": "Feature",
      "geometry": {
        "type": "Point",
        "coordinates": [
          104.095834,
          30.68153
        ]
      },
      "properties": {
        "name": "成华区出入境接待中心",
        "category": "life",
        "type": "生活服务;生活服务场所;生活服务场所",
        "district": "成华区",
        "weight": 2
      }
    },
    {
      "type": "Feature",
      "geometry": {
        "type": "Point",
        "coordinates": [
          104.099744,
          30.68049
        ]
      },
      "properties": {
        "name": "精修各种电动车",
        "category": "life",
        "type": "生活服务;生活服务场所;生活服务场所",
        "district": "成华区",
        "weight": 2
      }
    },
    {
      "type": "Feature",
      "geometry": {
        "type": "Point",
        "coordinates": [
          104.09655,
          30.680581
        ]
      },
      "properties": {
        "name": "快递取件点",
        "category": "life",
        "type": "生活服务;生活服务场所;生活服务场所",
        "district": "成华区",
        "weight": 2
      }
    },
    {
      "type": "Feature",
      "geometry": {
        "type": "Point",
        "coordinates": [
          104.094866,
          30.679971
        ]
      },
      "properties": {
        "name": "电子科技大学沙河校区学生浴室",
        "category": "life",
        "type": "生活服务;洗浴推拿场所;洗浴推拿场所",
        "district": "成华区",
        "weight": 1
      }
    },
    {
      "type": "Feature",
      "geometry": {
        "type": "Point",
        "coordinates": [
          104.108525,
          30.681186
        ]
      },
      "properties": {
        "name": "一品足轩",
        "category": "life",
        "type": "生活服务;洗浴推拿场所;洗浴推拿场所",
        "district": "成华区",
        "weight": 32
      }
    },
    {
      "type": "Feature",
      "geometry": {
        "type": "Point",
        "coordinates": [
          104.113375,
          30.688923
        ]
      },
      "properties": {
        "name": "宝泰家园物业中心",
        "category": "life",
        "type": "生活服务;生活服务场所;生活服务场所",
        "district": "成华区",
        "weight": 2
      }
    },
    {
      "type": "Feature",
      "geometry": {
        "type": "Point",
        "coordinates": [
          104.119935,
          30.68389
        ]
      },
      "properties": {
        "name": "成都燃气(成华服务中心)",
        "category": "life",
        "type": "生活服务;生活服务场所;生活服务场所",
        "district": "成华区",
        "weight": 1
      }
    },
    {
      "type": "Feature",
      "geometry": {
        "type": "Point",
        "coordinates": [
          104.120961,
          30.682523
        ]
      },
      "properties": {
        "name": "天天艺剪",
        "category": "life",
        "type": "生活服务;美容美发店;美容美发店",
        "district": "成华区",
        "weight": 15
      }
    },
    {
      "type": "Feature",
      "geometry": {
        "type": "Point",
        "coordinates": [
          104.119165,
          30.686781
        ]
      },
      "properties": {
        "name": "永大",
        "category": "life",
        "type": "生活服务;生活服务场所;生活服务场所",
        "district": "成华区",
        "weight": 88
      }
    },
    {
      "type": "Feature",
      "geometry": {
        "type": "Point",
        "coordinates": [
          104.117179,
          30.68673
        ]
      },
      "properties": {
        "name": "收费结算中心",
        "category": "life",
        "type": "生活服务;生活服务场所;生活服务场所",
        "district": "成华区",
        "weight": 2
      }
    },
    {
      "type": "Feature",
      "geometry": {
        "type": "Point",
        "coordinates": [
          104.121238,
          30.681193
        ]
      },
      "properties": {
        "name": "成华区无语按摩店",
        "category": "life",
        "type": "生活服务;洗浴推拿场所;洗浴推拿场所",
        "district": "成华区",
        "weight": 3
      }
    },
    {
      "type": "Feature",
      "geometry": {
        "type": "Point",
        "coordinates": [
          104.127526,
          30.685315
        ]
      },
      "properties": {
        "name": "名扬摄影",
        "category": "life",
        "type": "生活服务;摄影冲印店;摄影冲印",
        "district": "成华区",
        "weight": 10
      }
    },
    {
      "type": "Feature",
      "geometry": {
        "type": "Point",
        "coordinates": [
          104.125042,
          30.683587
        ]
      },
      "properties": {
        "name": "理发店",
        "category": "life",
        "type": "生活服务;美容美发店;美容美发店",
        "district": "成华区",
        "weight": 20
      }
    },
    {
      "type": "Feature",
      "geometry": {
        "type": "Point",
        "coordinates": [
          104.1329,
          30.68176
        ]
      },
      "properties": {
        "name": "发发哒",
        "category": "life",
        "type": "生活服务;美容美发店;美容美发店",
        "district": "成华区",
        "weight": 23
      }
    },
    {
      "type": "Feature",
      "geometry": {
        "type": "Point",
        "coordinates": [
          104.129885,
          30.683656
        ]
      },
      "properties": {
        "name": "邹师理疗盲人按摩",
        "category": "life",
        "type": "生活服务;洗浴推拿场所;洗浴推拿场所",
        "district": "成华区",
        "weight": 2
      }
    },
    {
      "type": "Feature",
      "geometry": {
        "type": "Point",
        "coordinates": [
          104.128742,
          30.687106
        ]
      },
      "properties": {
        "name": "宏远驾校报名点",
        "category": "life",
        "type": "生活服务;生活服务场所;生活服务场所",
        "district": "成华区",
        "weight": 6
      }
    },
    {
      "type": "Feature",
      "geometry": {
        "type": "Point",
        "coordinates": [
          104.131075,
          30.683085
        ]
      },
      "properties": {
        "name": "惠鑫隆装饰工程部",
        "category": "life",
        "type": "生活服务;生活服务场所;生活服务场所",
        "district": "成华区",
        "weight": 1
      }
    },
    {
      "type": "Feature",
      "geometry": {
        "type": "Point",
        "coordinates": [
          104.126157,
          30.6819
        ]
      },
      "properties": {
        "name": "龙欣机电加工",
        "category": "life",
        "type": "生活服务;生活服务场所;生活服务场所",
        "district": "成华区",
        "weight": 2
      }
    },
    {
      "type": "Feature",
      "geometry": {
        "type": "Point",
        "coordinates": [
          104.129481,
          30.688155
        ]
      },
      "properties": {
        "name": "成都韵达二仙桥公司",
        "category": "life",
        "type": "生活服务;物流速递;物流速递",
        "district": "成华区",
        "weight": 1
      }
    },
    {
      "type": "Feature",
      "geometry": {
        "type": "Point",
        "coordinates": [
          104.124874,
          30.681478
        ]
      },
      "properties": {
        "name": "华新水利电力物资有限公司储运分公司",
        "category": "life",
        "type": "生活服务;物流速递;物流速递",
        "district": "成华区",
        "weight": 2
      }
    },
    {
      "type": "Feature",
      "geometry": {
        "type": "Point",
        "coordinates": [
          104.128754,
          30.679102
        ]
      },
      "properties": {
        "name": "龙瑶文氏物流",
        "category": "life",
        "type": "生活服务;物流速递;物流速递",
        "district": "成华区",
        "weight": 5
      }
    },
    {
      "type": "Feature",
      "geometry": {
        "type": "Point",
        "coordinates": [
          104.138852,
          30.684508
        ]
      },
      "properties": {
        "name": "千纤丝语",
        "category": "life",
        "type": "生活服务;美容美发店;美容美发店",
        "district": "成华区",
        "weight": 35
      }
    },
    {
      "type": "Feature",
      "geometry": {
        "type": "Point",
        "coordinates": [
          104.136569,
          30.682123
        ]
      },
      "properties": {
        "name": "平娃理发",
        "category": "life",
        "type": "生活服务;美容美发店;美容美发店",
        "district": "成华区",
        "weight": 90
      }
    },
    {
      "type": "Feature",
      "geometry": {
        "type": "Point",
        "coordinates": [
          104.141132,
          30.685846
        ]
      },
      "properties": {
        "name": "韵达快递(东华三路)",
        "category": "life",
        "type": "生活服务;物流速递;物流速递",
        "district": "成华区",
        "weight": 2
      }
    },
    {
      "type": "Feature",
      "geometry": {
        "type": "Point",
        "coordinates": [
          104.142127,
          30.682303
        ]
      },
      "properties": {
        "name": "电动车维修",
        "category": "life",
        "type": "生活服务;生活服务场所;生活服务场所",
        "district": "成华区",
        "weight": 3
      }
    },
    {
      "type": "Feature",
      "geometry": {
        "type": "Point",
        "coordinates": [
          104.134348,
          30.686556
        ]
      },
      "properties": {
        "name": "漆氏车行",
        "category": "life",
        "type": "生活服务;维修站点;维修站点",
        "district": "成华区",
        "weight": 7
      }
    },
    {
      "type": "Feature",
      "geometry": {
        "type": "Point",
        "coordinates": [
          104.139049,
          30.688678
        ]
      },
      "properties": {
        "name": "百世快递",
        "category": "life",
        "type": "生活服务;物流速递;物流速递",
        "district": "成华区",
        "weight": 3
      }
    },
    {
      "type": "Feature",
      "geometry": {
        "type": "Point",
        "coordinates": [
          104.150704,
          30.684166
        ]
      },
      "properties": {
        "name": "速递易",
        "category": "life",
        "type": "生活服务;生活服务场所;生活服务场所",
        "district": "成华区",
        "weight": 13
      }
    },
    {
      "type": "Feature",
      "geometry": {
        "type": "Point",
        "coordinates": [
          104.153072,
          30.684067
        ]
      },
      "properties": {
        "name": "澳思塔",
        "category": "life",
        "type": "生活服务;洗衣店;洗衣店",
        "district": "成华区",
        "weight": 1
      }
    },
    {
      "type": "Feature",
      "geometry": {
        "type": "Point",
        "coordinates": [
          104.152164,
          30.679639
        ]
      },
      "properties": {
        "name": "成都理工大学校园卡自助服务区",
        "category": "life",
        "type": "生活服务;生活服务场所;生活服务场所",
        "district": "成华区",
        "weight": 1
      }
    },
    {
      "type": "Feature",
      "geometry": {
        "type": "Point",
        "coordinates": [
          104.144731,
          30.679183
        ]
      },
      "properties": {
        "name": "精创",
        "category": "life",
        "type": "生活服务;美容美发店;美容美发店",
        "district": "成华区",
        "weight": 17
      }
    },
    {
      "type": "Feature",
      "geometry": {
        "type": "Point",
        "coordinates": [
          104.156862,
          30.686602
        ]
      },
      "properties": {
        "name": "美立方便民服务中心",
        "category": "life",
        "type": "生活服务;生活服务场所;生活服务场所",
        "district": "成华区",
        "weight": 8
      }
    },
    {
      "type": "Feature",
      "geometry": {
        "type": "Point",
        "coordinates": [
          104.160778,
          30.686499
        ]
      },
      "properties": {
        "name": "中国烟草成都诚至诚商务物流有限责任公司",
        "category": "life",
        "type": "生活服务;物流速递;物流速递",
        "district": "成华区",
        "weight": 1
      }
    },
    {
      "type": "Feature",
      "geometry": {
        "type": "Point",
        "coordinates": [
          104.162464,
          30.685312
        ]
      },
      "properties": {
        "name": "五菱售后",
        "category": "life",
        "type": "生活服务;生活服务场所;生活服务场所",
        "district": "成华区",
        "weight": 4
      }
    },
    {
      "type": "Feature",
      "geometry": {
        "type": "Point",
        "coordinates": [
          104.162596,
          30.684133
        ]
      },
      "properties": {
        "name": "成都欣华欣物流有限公司",
        "category": "life",
        "type": "生活服务;物流速递;物流速递",
        "district": "成华区",
        "weight": 1
      }
    },
    {
      "type": "Feature",
      "geometry": {
        "type": "Point",
        "coordinates": [
          104.163308,
          30.682833
        ]
      },
      "properties": {
        "name": "玉柴机器特约维修服务中心",
        "category": "life",
        "type": "生活服务;生活服务场所;生活服务场所",
        "district": "成华区",
        "weight": 10
      }
    },
    {
      "type": "Feature",
      "geometry": {
        "type": "Point",
        "coordinates": [
          104.162402,
          30.689291
        ]
      },
      "properties": {
        "name": "众泰售后服务",
        "category": "life",
        "type": "生活服务;维修站点;维修站点",
        "district": "成华区",
        "weight": 1
      }
    },
    {
      "type": "Feature",
      "geometry": {
        "type": "Point",
        "coordinates": [
          104.156128,
          30.685425
        ]
      },
      "properties": {
        "name": "成都海外旅游",
        "category": "life",
        "type": "生活服务;旅行社;旅行社",
        "district": "成华区",
        "weight": 1
      }
    },
    {
      "type": "Feature",
      "geometry": {
        "type": "Point",
        "coordinates": [
          104.1606,
          30.687932
        ]
      },
      "properties": {
        "name": "诚志诚烟草物流配送中心",
        "category": "life",
        "type": "生活服务;生活服务场所;生活服务场所",
        "district": "成华区",
        "weight": 1
      }
    },
    {
      "type": "Feature",
      "geometry": {
        "type": "Point",
        "coordinates": [
          104.168445,
          30.68484
        ]
      },
      "properties": {
        "name": "济南柴油机股份有限公司四川重庆地区特约维修服务站",
        "category": "life",
        "type": "生活服务;维修站点;维修站点",
        "district": "成华区",
        "weight": 1
      }
    },
    {
      "type": "Feature",
      "geometry": {
        "type": "Point",
        "coordinates": [
          104.170534,
          30.687471
        ]
      },
      "properties": {
        "name": "运成物流",
        "category": "life",
        "type": "生活服务;物流速递;物流速递",
        "district": "成华区",
        "weight": 2
      }
    },
    {
      "type": "Feature",
      "geometry": {
        "type": "Point",
        "coordinates": [
          104.169059,
          30.68802
        ]
      },
      "properties": {
        "name": "百强实业公司储运部",
        "category": "life",
        "type": "生活服务;生活服务场所;生活服务场所",
        "district": "成华区",
        "weight": 2
      }
    },
    {
      "type": "Feature",
      "geometry": {
        "type": "Point",
        "coordinates": [
          104.169591,
          30.684885
        ]
      },
      "properties": {
        "name": "明嘉标志上户中心",
        "category": "life",
        "type": "生活服务;生活服务场所;生活服务场所",
        "district": "成华区",
        "weight": 1
      }
    },
    {
      "type": "Feature",
      "geometry": {
        "type": "Point",
        "coordinates": [
          104.166624,
          30.687788
        ]
      },
      "properties": {
        "name": "圆通速递(成济路)",
        "category": "life",
        "type": "生活服务;物流速递;物流仓储场地",
        "district": "成华区",
        "weight": 1
      }
    },
    {
      "type": "Feature",
      "geometry": {
        "type": "Point",
        "coordinates": [
          104.173324,
          30.687646
        ]
      },
      "properties": {
        "name": "海尔维修部",
        "category": "life",
        "type": "生活服务;生活服务场所;生活服务场所",
        "district": "成华区",
        "weight": 1
      }
    },
    {
      "type": "Feature",
      "geometry": {
        "type": "Point",
        "coordinates": [
          104.174531,
          30.684772
        ]
      },
      "properties": {
        "name": "米兰印象",
        "category": "life",
        "type": "生活服务;生活服务场所;生活服务场所",
        "district": "成华区",
        "weight": 1
      }
    },
    {
      "type": "Feature",
      "geometry": {
        "type": "Point",
        "coordinates": [
          104.179482,
          30.688522
        ]
      },
      "properties": {
        "name": "四川君源物流有限公司",
        "category": "life",
        "type": "生活服务;物流速递;物流速递",
        "district": "成华区",
        "weight": 1
      }
    },
    {
      "type": "Feature",
      "geometry": {
        "type": "Point",
        "coordinates": [
          103.968879,
          30.672983
        ]
      },
      "properties": {
        "name": "斯曼养生美容美体(心灵家园店)",
        "category": "life",
        "type": "生活服务;美容美发店;美容美发店",
        "district": "青羊区",
        "weight": 1
      }
    },
    {
      "type": "Feature",
      "geometry": {
        "type": "Point",
        "coordinates": [
          103.969072,
          30.674394
        ]
      },
      "properties": {
        "name": "广辉皮具美容(光华东三路)",
        "category": "life",
        "type": "生活服务;生活服务场所;生活服务场所",
        "district": "青羊区",
        "weight": 2
      }
    },
    {
      "type": "Feature",
      "geometry": {
        "type": "Point",
        "coordinates": [
          103.971211,
          30.674081
        ]
      },
      "properties": {
        "name": "牧童房屋",
        "category": "life",
        "type": "生活服务;生活服务场所;生活服务场所",
        "district": "青羊区",
        "weight": 5
      }
    },
    {
      "type": "Feature",
      "geometry": {
        "type": "Point",
        "coordinates": [
          103.966935,
          30.676119
        ]
      },
      "properties": {
        "name": "侨侨保健",
        "category": "life",
        "type": "生活服务;生活服务场所;生活服务场所",
        "district": "青羊区",
        "weight": 3
      }
    },
    {
      "type": "Feature",
      "geometry": {
        "type": "Point",
        "coordinates": [
          103.967218,
          30.672884
        ]
      },
      "properties": {
        "name": "新风尚",
        "category": "life",
        "type": "生活服务;美容美发店;美容美发店",
        "district": "青羊区",
        "weight": 10
      }
    },
    {
      "type": "Feature",
      "geometry": {
        "type": "Point",
        "coordinates": [
          103.968055,
          30.677316
        ]
      },
      "properties": {
        "name": "吉祥发艺",
        "category": "life",
        "type": "生活服务;美容美发店;美容美发店",
        "district": "青羊区",
        "weight": 3
      }
    },
    {
      "type": "Feature",
      "geometry": {
        "type": "Point",
        "coordinates": [
          103.972055,
          30.672432
        ]
      },
      "properties": {
        "name": "安益",
        "category": "life",
        "type": "生活服务;洗浴推拿场所;洗浴推拿场所",
        "district": "青羊区",
        "weight": 33
      }
    },
    {
      "type": "Feature",
      "geometry": {
        "type": "Point",
        "coordinates": [
          103.964858,
          30.673149
        ]
      },
      "properties": {
        "name": "爱洗衣店",
        "category": "life",
        "type": "生活服务;生活服务场所;生活服务场所",
        "district": "青羊区",
        "weight": 22
      }
    },
    {
      "type": "Feature",
      "geometry": {
        "type": "Point",
        "coordinates": [
          103.965926,
          30.675385
        ]
      },
      "properties": {
        "name": "花语城物业客服中心",
        "category": "life",
        "type": "生活服务;生活服务场所;生活服务场所",
        "district": "青羊区",
        "weight": 1
      }
    },
    {
      "type": "Feature",
      "geometry": {
        "type": "Point",
        "coordinates": [
          103.965698,
          30.677724
        ]
      },
      "properties": {
        "name": "栎脉达光华第二服务部",
        "category": "life",
        "type": "生活服务;生活服务场所;生活服务场所",
        "district": "青羊区",
        "weight": 1
      }
    },
    {
      "type": "Feature",
      "geometry": {
        "type": "Point",
        "coordinates": [
          103.964237,
          30.675325
        ]
      },
      "properties": {
        "name": "金阳投递",
        "category": "life",
        "type": "生活服务;生活服务场所;生活服务场所",
        "district": "青羊区",
        "weight": 1
      }
    },
    {
      "type": "Feature",
      "geometry": {
        "type": "Point",
        "coordinates": [
          103.971358,
          30.670568
        ]
      },
      "properties": {
        "name": "菜鸟驿站(清溪雅筑8栋2单元104扫码送欧莱雅)",
        "category": "life",
        "type": "生活服务;物流速递;物流速递",
        "district": "青羊区",
        "weight": 1
      }
    },
    {
      "type": "Feature",
      "geometry": {
        "type": "Point",
        "coordinates": [
          103.972012,
          30.678418
        ]
      },
      "properties": {
        "name": "岷皓劳务",
        "category": "life",
        "type": "生活服务;生活服务场所;生活服务场所",
        "district": "青羊区",
        "weight": 3
      }
    },
    {
      "type": "Feature",
      "geometry": {
        "type": "Point",
        "coordinates": [
          103.966537,
          30.678882
        ]
      },
      "properties": {
        "name": "清江美庐小区邮局",
        "category": "life",
        "type": "生活服务;生活服务场所;生活服务场所",
        "district": "青羊区",
        "weight": 1
      }
    },
    {
      "type": "Feature",
      "geometry": {
        "type": "Point",
        "coordinates": [
          103.973122,
          30.670793
        ]
      },
      "properties": {
        "name": "菜鸟驿站(百世邻里清溪雅筑)",
        "category": "life",
        "type": "生活服务;物流速递;物流速递",
        "district": "青羊区",
        "weight": 1
      }
    },
    {
      "type": "Feature",
      "geometry": {
        "type": "Point",
        "coordinates": [
          103.973381,
          30.673631
        ]
      },
      "properties": {
        "name": "中国电信(培风路创威营业厅)",
        "category": "life",
        "type": "生活服务;电讯营业厅;中国电信营业厅",
        "district": "青羊区",
        "weight": 1
      }
    },
    {
      "type": "Feature",
      "geometry": {
        "type": "Point",
        "coordinates": [
          103.976369,
          30.673948
        ]
      },
      "properties": {
        "name": "魔发室",
        "category": "life",
        "type": "生活服务;美容美发店;美容美发店",
        "district": "青羊区",
        "weight": 23
      }
    },
    {
      "type": "Feature",
      "geometry": {
        "type": "Point",
        "coordinates": [
          103.982121,
          30.673477
        ]
      },
      "properties": {
        "name": "明辉",
        "category": "life",
        "type": "生活服务;美容美发店;美容美发店",
        "district": "青羊区",
        "weight": 50
      }
    },
    {
      "type": "Feature",
      "geometry": {
        "type": "Point",
        "coordinates": [
          103.979815,
          30.672027
        ]
      },
      "properties": {
        "name": "丽发美发",
        "category": "life",
        "type": "生活服务;美容美发店;美容美发店",
        "district": "青羊区",
        "weight": 1
      }
    },
    {
      "type": "Feature",
      "geometry": {
        "type": "Point",
        "coordinates": [
          103.97775,
          30.671294
        ]
      },
      "properties": {
        "name": "华力康广告",
        "category": "life",
        "type": "生活服务;生活服务场所;生活服务场所",
        "district": "青羊区",
        "weight": 5
      }
    },
    {
      "type": "Feature",
      "geometry": {
        "type": "Point",
        "coordinates": [
          103.975525,
          30.676138
        ]
      },
      "properties": {
        "name": "汽车电瓶车电瓶维修电瓶车",
        "category": "life",
        "type": "生活服务;生活服务场所;生活服务场所",
        "district": "青羊区",
        "weight": 2
      }
    },
    {
      "type": "Feature",
      "geometry": {
        "type": "Point",
        "coordinates": [
          103.982084,
          30.671444
        ]
      },
      "properties": {
        "name": "瑞倪维儿美容养生减肥中心",
        "category": "life",
        "type": "生活服务;美容美发店;美容美发店",
        "district": "青羊区",
        "weight": 1
      }
    },
    {
      "type": "Feature",
      "geometry": {
        "type": "Point",
        "coordinates": [
          103.982111,
          30.677996
        ]
      },
      "properties": {
        "name": "理发(精城水印阁西南)",
        "category": "life",
        "type": "生活服务;美容美发店;美容美发店",
        "district": "青羊区",
        "weight": 1
      }
    },
    {
      "type": "Feature",
      "geometry": {
        "type": "Point",
        "coordinates": [
          103.985959,
          30.672269
        ]
      },
      "properties": {
        "name": "换电池电动车维修",
        "category": "life",
        "type": "生活服务;生活服务场所;生活服务场所",
        "district": "青羊区",
        "weight": 5
      }
    },
    {
      "type": "Feature",
      "geometry": {
        "type": "Point",
        "coordinates": [
          103.989533,
          30.670915
        ]
      },
      "properties": {
        "name": "格兰若美容美体馆",
        "category": "life",
        "type": "生活服务;美容美发店;美容美发店",
        "district": "青羊区",
        "weight": 1
      }
    },
    {
      "type": "Feature",
      "geometry": {
        "type": "Point",
        "coordinates": [
          103.987853,
          30.668145
        ]
      },
      "properties": {
        "name": "丽雅馨",
        "category": "life",
        "type": "生活服务;美容美发店;美容美发店",
        "district": "青羊区",
        "weight": 70
      }
    },
    {
      "type": "Feature",
      "geometry": {
        "type": "Point",
        "coordinates": [
          103.993457,
          30.675705
        ]
      },
      "properties": {
        "name": "甲妆爱美",
        "category": "life",
        "type": "生活服务;美容美发店;美容美发店",
        "district": "青羊区",
        "weight": 1
      }
    },
    {
      "type": "Feature",
      "geometry": {
        "type": "Point",
        "coordinates": [
          103.999531,
          30.673938
        ]
      },
      "properties": {
        "name": "行家地产机构",
        "category": "life",
        "type": "生活服务;生活服务场所;生活服务场所",
        "district": "青羊区",
        "weight": 1
      }
    },
    {
      "type": "Feature",
      "geometry": {
        "type": "Point",
        "coordinates": [
          104.006463,
          30.673321
        ]
      },
      "properties": {
        "name": "杨梅红私立美校",
        "category": "life",
        "type": "生活服务;美容美发店;美容美发店",
        "district": "青羊区",
        "weight": 1
      }
    },
    {
      "type": "Feature",
      "geometry": {
        "type": "Point",
        "coordinates": [
          104.011489,
          30.674296
        ]
      },
      "properties": {
        "name": "艾丽思婚礼",
        "category": "life",
        "type": "生活服务;生活服务场所;生活服务场所",
        "district": "青羊区",
        "weight": 6
      }
    },
    {
      "type": "Feature",
      "geometry": {
        "type": "Point",
        "coordinates": [
          104.006962,
          30.670718
        ]
      },
      "properties": {
        "name": "富桥保健",
        "category": "life",
        "type": "生活服务;洗浴推拿场所;洗浴推拿场所",
        "district": "青羊区",
        "weight": 23
      }
    },
    {
      "type": "Feature",
      "geometry": {
        "type": "Point",
        "coordinates": [
          104.005073,
          30.676323
        ]
      },
      "properties": {
        "name": "维修报修中心",
        "category": "life",
        "type": "生活服务;生活服务场所;生活服务场所",
        "district": "青羊区",
        "weight": 2
      }
    },
    {
      "type": "Feature",
      "geometry": {
        "type": "Point",
        "coordinates": [
          104.013305,
          30.673945
        ]
      },
      "properties": {
        "name": "心梦源",
        "category": "life",
        "type": "生活服务;洗浴推拿场所;洗浴推拿场所",
        "district": "青羊区",
        "weight": 11
      }
    },
    {
      "type": "Feature",
      "geometry": {
        "type": "Point",
        "coordinates": [
          104.005982,
          30.672171
        ]
      },
      "properties": {
        "name": "春季修身",
        "category": "life",
        "type": "生活服务;生活服务场所;生活服务场所",
        "district": "青羊区",
        "weight": 1
      }
    },
    {
      "type": "Feature",
      "geometry": {
        "type": "Point",
        "coordinates": [
          104.011268,
          30.678569
        ]
      },
      "properties": {
        "name": "招生咨询",
        "category": "life",
        "type": "生活服务;生活服务场所;生活服务场所",
        "district": "青羊区",
        "weight": 3
      }
    },
    {
      "type": "Feature",
      "geometry": {
        "type": "Point",
        "coordinates": [
          104.010821,
          30.669489
        ]
      },
      "properties": {
        "name": "凤凰国际",
        "category": "life",
        "type": "生活服务;生活服务场所;生活服务场所",
        "district": "青羊区",
        "weight": 11
      }
    },
    {
      "type": "Feature",
      "geometry": {
        "type": "Point",
        "coordinates": [
          104.010288,
          30.670858
        ]
      },
      "properties": {
        "name": "西南财经大学后勤服务总公司修缮服务中心维修部",
        "category": "life",
        "type": "生活服务;维修站点;维修站点",
        "district": "青羊区",
        "weight": 1
      }
    },
    {
      "type": "Feature",
      "geometry": {
        "type": "Point",
        "coordinates": [
          104.01335,
          30.670219
        ]
      },
      "properties": {
        "name": "四川省中国青年旅行社(国际社)",
        "category": "life",
        "type": "生活服务;旅行社;旅行社",
        "district": "青羊区",
        "weight": 1
      }
    },
    {
      "type": "Feature",
      "geometry": {
        "type": "Point",
        "coordinates": [
          104.009577,
          30.674103
        ]
      },
      "properties": {
        "name": "中国移动通信(飞越店)",
        "category": "life",
        "type": "购物服务;家电电子卖场;手机销售|生活服务;电讯营业厅;中国移动营业厅",
        "district": "青羊区",
        "weight": 1
      }
    },
    {
      "type": "Feature",
      "geometry": {
        "type": "Point",
        "coordinates": [
          104.02108,
          30.672825
        ]
      },
      "properties": {
        "name": "离退工作处",
        "category": "life",
        "type": "生活服务;生活服务场所;生活服务场所",
        "district": "青羊区",
        "weight": 2
      }
    },
    {
      "type": "Feature",
      "geometry": {
        "type": "Point",
        "coordinates": [
          104.014829,
          30.679247
        ]
      },
      "properties": {
        "name": "成鑫驾校招生点",
        "category": "life",
        "type": "生活服务;生活服务场所;生活服务场所",
        "district": "青羊区",
        "weight": 1
      }
    },
    {
      "type": "Feature",
      "geometry": {
        "type": "Point",
        "coordinates": [
          104.013989,
          30.678201
        ]
      },
      "properties": {
        "name": "环球国旅(锦花苑社区旅游服务中心)",
        "category": "life",
        "type": "生活服务;旅行社;旅行社",
        "district": "青羊区",
        "weight": 1
      }
    },
    {
      "type": "Feature",
      "geometry": {
        "type": "Point",
        "coordinates": [
          104.027004,
          30.671893
        ]
      },
      "properties": {
        "name": "欣雨禾健康会所",
        "category": "life",
        "type": "生活服务;洗浴推拿场所;洗浴推拿场所",
        "district": "青羊区",
        "weight": 2
      }
    },
    {
      "type": "Feature",
      "geometry": {
        "type": "Point",
        "coordinates": [
          104.033516,
          30.679317
        ]
      },
      "properties": {
        "name": "龙翔旅游有限公司",
        "category": "life",
        "type": "生活服务;生活服务场所;生活服务场所",
        "district": "金牛区",
        "weight": 1
      }
    },
    {
      "type": "Feature",
      "geometry": {
        "type": "Point",
        "coordinates": [
          104.042565,
          30.675222
        ]
      },
      "properties": {
        "name": "鑫天彩广告有限公司",
        "category": "life",
        "type": "生活服务;生活服务场所;生活服务场所",
        "district": "金牛区",
        "weight": 2
      }
    },
    {
      "type": "Feature",
      "geometry": {
        "type": "Point",
        "coordinates": [
          104.043578,
          30.674381
        ]
      },
      "properties": {
        "name": "中国福利彩票",
        "category": "life",
        "type": "生活服务;彩票彩券销售点;彩票彩券销售点",
        "district": "金牛区",
        "weight": 2
      }
    },
    {
      "type": "Feature",
      "geometry": {
        "type": "Point",
        "coordinates": [
          104.059257,
          30.67151
        ]
      },
      "properties": {
        "name": "成都市第三人民医院锅炉房",
        "category": "life",
        "type": "生活服务;生活服务场所;生活服务场所",
        "district": "青羊区",
        "weight": 3
      }
    },
    {
      "type": "Feature",
      "geometry": {
        "type": "Point",
        "coordinates": [
          104.060614,
          30.670487
        ]
      },
      "properties": {
        "name": "成都市第三人民医院24小时服务中心",
        "category": "life",
        "type": "生活服务;生活服务场所;生活服务场所",
        "district": "青羊区",
        "weight": 1
      }
    },
    {
      "type": "Feature",
      "geometry": {
        "type": "Point",
        "coordinates": [
          104.076096,
          30.678992
        ]
      },
      "properties": {
        "name": "影立方艺术堂",
        "category": "life",
        "type": "生活服务;摄影冲印店;摄影冲印",
        "district": "金牛区",
        "weight": 2
      }
    },
    {
      "type": "Feature",
      "geometry": {
        "type": "Point",
        "coordinates": [
          104.090797,
          30.675963
        ]
      },
      "properties": {
        "name": "胡氏推拿",
        "category": "life",
        "type": "生活服务;洗浴推拿场所;洗浴推拿场所",
        "district": "成华区",
        "weight": 28
      }
    },
    {
      "type": "Feature",
      "geometry": {
        "type": "Point",
        "coordinates": [
          104.086221,
          30.673834
        ]
      },
      "properties": {
        "name": "鼎峰商业视觉",
        "category": "life",
        "type": "生活服务;生活服务场所;生活服务场所",
        "district": "金牛区",
        "weight": 4
      }
    },
    {
      "type": "Feature",
      "geometry": {
        "type": "Point",
        "coordinates": [
          104.088181,
          30.671345
        ]
      },
      "properties": {
        "name": "活水公园游客接待中心",
        "category": "life",
        "type": "生活服务;生活服务场所;生活服务场所",
        "district": "锦江区",
        "weight": 1
      }
    },
    {
      "type": "Feature",
      "geometry": {
        "type": "Point",
        "coordinates": [
          104.0942,
          30.679235
        ]
      },
      "properties": {
        "name": "发缘造型空间",
        "category": "life",
        "type": "生活服务;生活服务场所;生活服务场所",
        "district": "成华区",
        "weight": 1
      }
    },
    {
      "type": "Feature",
      "geometry": {
        "type": "Point",
        "coordinates": [
          104.111122,
          30.669362
        ]
      },
      "properties": {
        "name": "招商中央华城销售中心(建设南路)",
        "category": "life",
        "type": "生活服务;生活服务场所;生活服务场所",
        "district": "成华区",
        "weight": 2
      }
    },
    {
      "type": "Feature",
      "geometry": {
        "type": "Point",
        "coordinates": [
          104.12225,
          30.674854
        ]
      },
      "properties": {
        "name": "鞋美姿",
        "category": "life",
        "type": "生活服务;生活服务场所;生活服务场所",
        "district": "成华区",
        "weight": 65
      }
    },
    {
      "type": "Feature",
      "geometry": {
        "type": "Point",
        "coordinates": [
          104.118529,
          30.674923
        ]
      },
      "properties": {
        "name": "小周缝纫",
        "category": "life",
        "type": "生活服务;生活服务场所;生活服务场所",
        "district": "成华区",
        "weight": 1
      }
    },
    {
      "type": "Feature",
      "geometry": {
        "type": "Point",
        "coordinates": [
          104.120338,
          30.672746
        ]
      },
      "properties": {
        "name": "容运营中心",
        "category": "life",
        "type": "生活服务;生活服务场所;生活服务场所",
        "district": "成华区",
        "weight": 3
      }
    },
    {
      "type": "Feature",
      "geometry": {
        "type": "Point",
        "coordinates": [
          104.118793,
          30.670736
        ]
      },
      "properties": {
        "name": "东郊记忆-游客中心",
        "category": "life",
        "type": "生活服务;生活服务场所;生活服务场所",
        "district": "成华区",
        "weight": 3
      }
    },
    {
      "type": "Feature",
      "geometry": {
        "type": "Point",
        "coordinates": [
          104.121508,
          30.67081
        ]
      },
      "properties": {
        "name": "屯子摄影",
        "category": "life",
        "type": "生活服务;生活服务场所;生活服务场所",
        "district": "成华区",
        "weight": 1
      }
    },
    {
      "type": "Feature",
      "geometry": {
        "type": "Point",
        "coordinates": [
          104.120253,
          30.669908
        ]
      },
      "properties": {
        "name": "成都公益组织服务园",
        "category": "life",
        "type": "生活服务;生活服务场所;生活服务场所",
        "district": "成华区",
        "weight": 1
      }
    },
    {
      "type": "Feature",
      "geometry": {
        "type": "Point",
        "coordinates": [
          104.123194,
          30.67696
        ]
      },
      "properties": {
        "name": "慧创意婚礼工作室",
        "category": "life",
        "type": "生活服务;生活服务场所;生活服务场所",
        "district": "成华区",
        "weight": 2
      }
    },
    {
      "type": "Feature",
      "geometry": {
        "type": "Point",
        "coordinates": [
          104.119795,
          30.679136
        ]
      },
      "properties": {
        "name": "印象美容",
        "category": "life",
        "type": "生活服务;美容美发店;美容美发店",
        "district": "成华区",
        "weight": 1
      }
    },
    {
      "type": "Feature",
      "geometry": {
        "type": "Point",
        "coordinates": [
          104.116213,
          30.669778
        ]
      },
      "properties": {
        "name": "途图影像馆",
        "category": "life",
        "type": "生活服务;生活服务场所;生活服务场所",
        "district": "成华区",
        "weight": 3
      }
    },
    {
      "type": "Feature",
      "geometry": {
        "type": "Point",
        "coordinates": [
          104.119837,
          30.676996
        ]
      },
      "properties": {
        "name": "成都和益劳务有限公司",
        "category": "life",
        "type": "生活服务;人才市场;人才市场",
        "district": "成华区",
        "weight": 1
      }
    },
    {
      "type": "Feature",
      "geometry": {
        "type": "Point",
        "coordinates": [
          104.129571,
          30.673126
        ]
      },
      "properties": {
        "name": "招商中央华城销售中心(杉板桥路)",
        "category": "life",
        "type": "生活服务;生活服务场所;生活服务场所",
        "district": "成华区",
        "weight": 1
      }
    },
    {
      "type": "Feature",
      "geometry": {
        "type": "Point",
        "coordinates": [
          104.133651,
          30.676873
        ]
      },
      "properties": {
        "name": "吴师修车",
        "category": "life",
        "type": "生活服务;维修站点;维修站点",
        "district": "成华区",
        "weight": 37
      }
    },
    {
      "type": "Feature",
      "geometry": {
        "type": "Point",
        "coordinates": [
          104.129409,
          30.670825
        ]
      },
      "properties": {
        "name": "便民缝纫店",
        "category": "life",
        "type": "生活服务;生活服务场所;生活服务场所",
        "district": "成华区",
        "weight": 2
      }
    },
    {
      "type": "Feature",
      "geometry": {
        "type": "Point",
        "coordinates": [
          104.132796,
          30.673406
        ]
      },
      "properties": {
        "name": "十里配送(杉板桥路)",
        "category": "life",
        "type": "生活服务;物流速递;物流速递",
        "district": "成华区",
        "weight": 1
      }
    },
    {
      "type": "Feature",
      "geometry": {
        "type": "Point",
        "coordinates": [
          104.130081,
          30.678689
        ]
      },
      "properties": {
        "name": "城市绿站",
        "category": "life",
        "type": "生活服务;生活服务场所;生活服务场所",
        "district": "成华区",
        "weight": 7
      }
    },
    {
      "type": "Feature",
      "geometry": {
        "type": "Point",
        "coordinates": [
          104.12665,
          30.669058
        ]
      },
      "properties": {
        "name": "全峰快递",
        "category": "life",
        "type": "生活服务;物流速递;物流速递",
        "district": "成华区",
        "weight": 11
      }
    },
    {
      "type": "Feature",
      "geometry": {
        "type": "Point",
        "coordinates": [
          104.124548,
          30.672654
        ]
      },
      "properties": {
        "name": "万科租售中心",
        "category": "life",
        "type": "生活服务;生活服务场所;生活服务场所",
        "district": "成华区",
        "weight": 1
      }
    },
    {
      "type": "Feature",
      "geometry": {
        "type": "Point",
        "coordinates": [
          104.141683,
          30.675222
        ]
      },
      "properties": {
        "name": "初旬生活馆",
        "category": "life",
        "type": "生活服务;美容美发店;美容美发店",
        "district": "成华区",
        "weight": 1
      }
    },
    {
      "type": "Feature",
      "geometry": {
        "type": "Point",
        "coordinates": [
          104.137683,
          30.672159
        ]
      },
      "properties": {
        "name": "乐多配送中心",
        "category": "life",
        "type": "生活服务;生活服务场所;生活服务场所",
        "district": "成华区",
        "weight": 3
      }
    },
    {
      "type": "Feature",
      "geometry": {
        "type": "Point",
        "coordinates": [
          104.135198,
          30.673688
        ]
      },
      "properties": {
        "name": "卢杨の店",
        "category": "life",
        "type": "生活服务;美容美发店;美容美发店",
        "district": "成华区",
        "weight": 6
      }
    },
    {
      "type": "Feature",
      "geometry": {
        "type": "Point",
        "coordinates": [
          104.143019,
          30.675769
        ]
      },
      "properties": {
        "name": "柠檬造型",
        "category": "life",
        "type": "生活服务;美容美发店;美容美发店",
        "district": "成华区",
        "weight": 1
      }
    },
    {
      "type": "Feature",
      "geometry": {
        "type": "Point",
        "coordinates": [
          104.134747,
          30.67047
        ]
      },
      "properties": {
        "name": "专业焊接",
        "category": "life",
        "type": "生活服务;生活服务场所;生活服务场所",
        "district": "成华区",
        "weight": 17
      }
    },
    {
      "type": "Feature",
      "geometry": {
        "type": "Point",
        "coordinates": [
          104.136163,
          30.669666
        ]
      },
      "properties": {
        "name": "环球美业造型室",
        "category": "life",
        "type": "生活服务;美容美发店;美容美发店",
        "district": "成华区",
        "weight": 2
      }
    },
    {
      "type": "Feature",
      "geometry": {
        "type": "Point",
        "coordinates": [
          104.143291,
          30.677915
        ]
      },
      "properties": {
        "name": "百世快递",
        "category": "life",
        "type": "生活服务;物流速递;物流速递",
        "district": "成华区",
        "weight": 21
      }
    },
    {
      "type": "Feature",
      "geometry": {
        "type": "Point",
        "coordinates": [
          104.141118,
          30.673027
        ]
      },
      "properties": {
        "name": "银杏树校园卡自助服务区",
        "category": "life",
        "type": "生活服务;生活服务场所;生活服务场所",
        "district": "成华区",
        "weight": 3
      }
    },
    {
      "type": "Feature",
      "geometry": {
        "type": "Point",
        "coordinates": [
          104.138055,
          30.677558
        ]
      },
      "properties": {
        "name": "成都理工大学女浴室",
        "category": "life",
        "type": "生活服务;洗浴推拿场所;洗浴推拿场所",
        "district": "成华区",
        "weight": 12
      }
    },
    {
      "type": "Feature",
      "geometry": {
        "type": "Point",
        "coordinates": [
          104.136747,
          30.676182
        ]
      },
      "properties": {
        "name": "怡东国际大酒店圣SPA",
        "category": "life",
        "type": "生活服务;洗浴推拿场所;洗浴推拿场所",
        "district": "成华区",
        "weight": 6
      }
    },
    {
      "type": "Feature",
      "geometry": {
        "type": "Point",
        "coordinates": [
          104.140261,
          30.671351
        ]
      },
      "properties": {
        "name": "成华区市政设施维护处",
        "category": "life",
        "type": "生活服务;生活服务场所;生活服务场所",
        "district": "成华区",
        "weight": 1
      }
    },
    {
      "type": "Feature",
      "geometry": {
        "type": "Point",
        "coordinates": [
          104.143985,
          30.673237
        ]
      },
      "properties": {
        "name": "交工驾校",
        "category": "life",
        "type": "生活服务;生活服务场所;生活服务场所",
        "district": "成华区",
        "weight": 13
      }
    },
    {
      "type": "Feature",
      "geometry": {
        "type": "Point",
        "coordinates": [
          104.136977,
          30.674767
        ]
      },
      "properties": {
        "name": "成都理工大学游泳场售票处",
        "category": "life",
        "type": "生活服务;售票处;售票处",
        "district": "成华区",
        "weight": 1
      }
    },
    {
      "type": "Feature",
      "geometry": {
        "type": "Point",
        "coordinates": [
          104.137851,
          30.673327
        ]
      },
      "properties": {
        "name": "成都理工大学就业指导中心招聘面试室",
        "category": "life",
        "type": "生活服务;人才市场;人才市场",
        "district": "成华区",
        "weight": 1
      }
    },
    {
      "type": "Feature",
      "geometry": {
        "type": "Point",
        "coordinates": [
          104.146358,
          30.674844
        ]
      },
      "properties": {
        "name": "成都理工大学浴室(长邻潭社区卫生站北)",
        "category": "life",
        "type": "生活服务;洗浴推拿场所;洗浴推拿场所",
        "district": "成华区",
        "weight": 2
      }
    },
    {
      "type": "Feature",
      "geometry": {
        "type": "Point",
        "coordinates": [
          104.14404,
          30.674653
        ]
      },
      "properties": {
        "name": "学府理工水行",
        "category": "life",
        "type": "生活服务;生活服务场所;生活服务场所",
        "district": "成华区",
        "weight": 2
      }
    },
    {
      "type": "Feature",
      "geometry": {
        "type": "Point",
        "coordinates": [
          104.143822,
          30.670865
        ]
      },
      "properties": {
        "name": "圆通速递(长邻潭社区卫生站西)",
        "category": "life",
        "type": "生活服务;物流速递;物流速递",
        "district": "成华区",
        "weight": 1
      }
    },
    {
      "type": "Feature",
      "geometry": {
        "type": "Point",
        "coordinates": [
          104.157235,
          30.671781
        ]
      },
      "properties": {
        "name": "华都燃气",
        "category": "life",
        "type": "生活服务;生活服务场所;生活服务场所",
        "district": "成华区",
        "weight": 1
      }
    },
    {
      "type": "Feature",
      "geometry": {
        "type": "Point",
        "coordinates": [
          104.163748,
          30.678697
        ]
      },
      "properties": {
        "name": "优速快递龙泉二部分公司",
        "category": "life",
        "type": "生活服务;物流速递;物流速递",
        "district": "成华区",
        "weight": 3
      }
    },
    {
      "type": "Feature",
      "geometry": {
        "type": "Point",
        "coordinates": [
          103.970558,
          30.664252
        ]
      },
      "properties": {
        "name": "时光美发精剪店",
        "category": "life",
        "type": "生活服务;美容美发店;美容美发店",
        "district": "青羊区",
        "weight": 2
      }
    },
    {
      "type": "Feature",
      "geometry": {
        "type": "Point",
        "coordinates": [
          103.968148,
          30.664258
        ]
      },
      "properties": {
        "name": "永红印务",
        "category": "life",
        "type": "生活服务;生活服务场所;生活服务场所",
        "district": "青羊区",
        "weight": 2
      }
    },
    {
      "type": "Feature",
      "geometry": {
        "type": "Point",
        "coordinates": [
          103.968948,
          30.666126
        ]
      },
      "properties": {
        "name": "快捷快递",
        "category": "life",
        "type": "生活服务;物流速递;物流速递",
        "district": "青羊区",
        "weight": 2
      }
    },
    {
      "type": "Feature",
      "geometry": {
        "type": "Point",
        "coordinates": [
          103.966334,
          30.658695
        ]
      },
      "properties": {
        "name": "尚佳",
        "category": "life",
        "type": "生活服务;美容美发店;美容美发店",
        "district": "武侯区",
        "weight": 77
      }
    },
    {
      "type": "Feature",
      "geometry": {
        "type": "Point",
        "coordinates": [
          103.965874,
          30.667421
        ]
      },
      "properties": {
        "name": "收废品",
        "category": "life",
        "type": "生活服务;生活服务场所;生活服务场所",
        "district": "青羊区",
        "weight": 12
      }
    },
    {
      "type": "Feature",
      "geometry": {
        "type": "Point",
        "coordinates": [
          103.971817,
          30.668633
        ]
      },
      "properties": {
        "name": "红发廊",
        "category": "life",
        "type": "生活服务;美容美发店;美容美发店",
        "district": "青羊区",
        "weight": 2
      }
    },
    {
      "type": "Feature",
      "geometry": {
        "type": "Point",
        "coordinates": [
          103.973713,
          30.662158
        ]
      },
      "properties": {
        "name": "按摩浴足吸附矿泥",
        "category": "life",
        "type": "生活服务;洗浴推拿场所;洗浴推拿场所",
        "district": "武侯区",
        "weight": 4
      }
    },
    {
      "type": "Feature",
      "geometry": {
        "type": "Point",
        "coordinates": [
          103.971617,
          30.660128
        ]
      },
      "properties": {
        "name": "飞发走丝(鑫绿路)",
        "category": "life",
        "type": "生活服务;美容美发店;美容美发店",
        "district": "武侯区",
        "weight": 1
      }
    },
    {
      "type": "Feature",
      "geometry": {
        "type": "Point",
        "coordinates": [
          103.967448,
          30.666815
        ]
      },
      "properties": {
        "name": "高价回收各种废旧金属",
        "category": "life",
        "type": "生活服务;生活服务场所;生活服务场所",
        "district": "青羊区",
        "weight": 2
      }
    },
    {
      "type": "Feature",
      "geometry": {
        "type": "Point",
        "coordinates": [
          103.965385,
          30.6649
        ]
      },
      "properties": {
        "name": "蓝光水业",
        "category": "life",
        "type": "生活服务;生活服务场所;生活服务场所",
        "district": "武侯区",
        "weight": 2
      }
    },
    {
      "type": "Feature",
      "geometry": {
        "type": "Point",
        "coordinates": [
          103.964475,
          30.665752
        ]
      },
      "properties": {
        "name": "富康机电维修部",
        "category": "life",
        "type": "生活服务;维修站点;维修站点",
        "district": "青羊区",
        "weight": 3
      }
    },
    {
      "type": "Feature",
      "geometry": {
        "type": "Point",
        "coordinates": [
          103.973727,
          30.66356
        ]
      },
      "properties": {
        "name": "海尔星级服务中心",
        "category": "life",
        "type": "生活服务;维修站点;维修站点",
        "district": "青羊区",
        "weight": 5
      }
    },
    {
      "type": "Feature",
      "geometry": {
        "type": "Point",
        "coordinates": [
          103.973207,
          30.668632
        ]
      },
      "properties": {
        "name": "美嘉仕蓝洗衣新时代(培风店)",
        "category": "life",
        "type": "生活服务;洗衣店;洗衣店",
        "district": "青羊区",
        "weight": 1
      }
    },
    {
      "type": "Feature",
      "geometry": {
        "type": "Point",
        "coordinates": [
          103.978165,
          30.662725
        ]
      },
      "properties": {
        "name": "尊尚丽人",
        "category": "life",
        "type": "生活服务;美容美发店;美容美发店",
        "district": "青羊区",
        "weight": 13
      }
    },
    {
      "type": "Feature",
      "geometry": {
        "type": "Point",
        "coordinates": [
          103.976496,
          30.667136
        ]
      },
      "properties": {
        "name": "帮客家",
        "category": "life",
        "type": "生活服务;维修站点;维修站点",
        "district": "青羊区",
        "weight": 66
      }
    },
    {
      "type": "Feature",
      "geometry": {
        "type": "Point",
        "coordinates": [
          103.979863,
          30.661958
        ]
      },
      "properties": {
        "name": "对外加工新旧棉絮",
        "category": "life",
        "type": "生活服务;生活服务场所;生活服务场所",
        "district": "青羊区",
        "weight": 4
      }
    },
    {
      "type": "Feature",
      "geometry": {
        "type": "Point",
        "coordinates": [
          103.976204,
          30.664481
        ]
      },
      "properties": {
        "name": "京东(黄田坝配送站)",
        "category": "life",
        "type": "生活服务;物流速递;物流速递",
        "district": "青羊区",
        "weight": 1
      }
    },
    {
      "type": "Feature",
      "geometry": {
        "type": "Point",
        "coordinates": [
          103.975502,
          30.663549
        ]
      },
      "properties": {
        "name": "天地华宇(武青北路)",
        "category": "life",
        "type": "生活服务;物流速递;物流速递",
        "district": "青羊区",
        "weight": 4
      }
    },
    {
      "type": "Feature",
      "geometry": {
        "type": "Point",
        "coordinates": [
          103.977993,
          30.661171
        ]
      },
      "properties": {
        "name": "三株酵本草生态健康店",
        "category": "life",
        "type": "生活服务;美容美发店;美容美发店",
        "district": "青羊区",
        "weight": 1
      }
    },
    {
      "type": "Feature",
      "geometry": {
        "type": "Point",
        "coordinates": [
          103.98014,
          30.660482
        ]
      },
      "properties": {
        "name": "丽黛丹姿美容",
        "category": "life",
        "type": "生活服务;美容美发店;美容美发店",
        "district": "武侯区",
        "weight": 1
      }
    },
    {
      "type": "Feature",
      "geometry": {
        "type": "Point",
        "coordinates": [
          103.981473,
          30.668532
        ]
      },
      "properties": {
        "name": "积木到家",
        "category": "life",
        "type": "生活服务;物流速递;物流速递",
        "district": "青羊区",
        "weight": 1
      }
    },
    {
      "type": "Feature",
      "geometry": {
        "type": "Point",
        "coordinates": [
          103.983139,
          30.661544
        ]
      },
      "properties": {
        "name": "哑巴修胎",
        "category": "life",
        "type": "生活服务;维修站点;维修站点",
        "district": "武侯区",
        "weight": 1
      }
    },
    {
      "type": "Feature",
      "geometry": {
        "type": "Point",
        "coordinates": [
          103.990388,
          30.663382
        ]
      },
      "properties": {
        "name": "中国福利彩票",
        "category": "life",
        "type": "生活服务;彩票彩券销售点;彩票彩券销售点",
        "district": "青羊区",
        "weight": 3
      }
    },
    {
      "type": "Feature",
      "geometry": {
        "type": "Point",
        "coordinates": [
          103.990783,
          30.666674
        ]
      },
      "properties": {
        "name": "经络养生",
        "category": "life",
        "type": "生活服务;洗浴推拿场所;洗浴推拿场所",
        "district": "青羊区",
        "weight": 45
      }
    },
    {
      "type": "Feature",
      "geometry": {
        "type": "Point",
        "coordinates": [
          103.992597,
          30.663853
        ]
      },
      "properties": {
        "name": "红豆庄",
        "category": "life",
        "type": "生活服务;洗浴推拿场所;洗浴推拿场所",
        "district": "青羊区",
        "weight": 9
      }
    },
    {
      "type": "Feature",
      "geometry": {
        "type": "Point",
        "coordinates": [
          103.992812,
          30.665638
        ]
      },
      "properties": {
        "name": "红颜秘笈美容院",
        "category": "life",
        "type": "生活服务;美容美发店;美容美发店",
        "district": "青羊区",
        "weight": 6
      }
    },
    {
      "type": "Feature",
      "geometry": {
        "type": "Point",
        "coordinates": [
          103.985722,
          30.661912
        ]
      },
      "properties": {
        "name": "角角啤酒配送",
        "category": "life",
        "type": "生活服务;生活服务场所;生活服务场所",
        "district": "武侯区",
        "weight": 2
      }
    },
    {
      "type": "Feature",
      "geometry": {
        "type": "Point",
        "coordinates": [
          103.986149,
          30.659938
        ]
      },
      "properties": {
        "name": "大理矿泉",
        "category": "life",
        "type": "生活服务;生活服务场所;生活服务场所",
        "district": "武侯区",
        "weight": 3
      }
    },
    {
      "type": "Feature",
      "geometry": {
        "type": "Point",
        "coordinates": [
          103.984551,
          30.660846
        ]
      },
      "properties": {
        "name": "万寿桥村为老服务点",
        "category": "life",
        "type": "生活服务;生活服务场所;生活服务场所",
        "district": "武侯区",
        "weight": 3
      }
    },
    {
      "type": "Feature",
      "geometry": {
        "type": "Point",
        "coordinates": [
          103.998933,
          30.661116
        ]
      },
      "properties": {
        "name": "天天快递",
        "category": "life",
        "type": "生活服务;物流速递;物流速递",
        "district": "武侯区",
        "weight": 16
      }
    },
    {
      "type": "Feature",
      "geometry": {
        "type": "Point",
        "coordinates": [
          103.994638,
          30.66642
        ]
      },
      "properties": {
        "name": "便民缝纫店",
        "category": "life",
        "type": "生活服务;生活服务场所;生活服务场所",
        "district": "青羊区",
        "weight": 2
      }
    },
    {
      "type": "Feature",
      "geometry": {
        "type": "Point",
        "coordinates": [
          103.997085,
          30.653775
        ]
      },
      "properties": {
        "name": "宏侨",
        "category": "life",
        "type": "生活服务;洗浴推拿场所;洗浴推拿场所",
        "district": "武侯区",
        "weight": 410
      }
    },
    {
      "type": "Feature",
      "geometry": {
        "type": "Point",
        "coordinates": [
          103.994591,
          30.66778
        ]
      },
      "properties": {
        "name": "时代精剪形象设计",
        "category": "life",
        "type": "生活服务;美容美发店;美容美发店",
        "district": "青羊区",
        "weight": 3
      }
    },
    {
      "type": "Feature",
      "geometry": {
        "type": "Point",
        "coordinates": [
          103.996094,
          30.659986
        ]
      },
      "properties": {
        "name": "洁净清洗",
        "category": "life",
        "type": "生活服务;生活服务场所;生活服务场所",
        "district": "武侯区",
        "weight": 1
      }
    },
    {
      "type": "Feature",
      "geometry": {
        "type": "Point",
        "coordinates": [
          104.009421,
          30.665059
        ]
      },
      "properties": {
        "name": "四川行政财贸管理干部学院女生浴室",
        "category": "life",
        "type": "生活服务;洗浴推拿场所;洗浴推拿场所",
        "district": "青羊区",
        "weight": 1
      }
    },
    {
      "type": "Feature",
      "geometry": {
        "type": "Point",
        "coordinates": [
          104.005921,
          30.660981
        ]
      },
      "properties": {
        "name": "爱美蒂亚",
        "category": "life",
        "type": "生活服务;美容美发店;美容美发店",
        "district": "青羊区",
        "weight": 13
      }
    },
    {
      "type": "Feature",
      "geometry": {
        "type": "Point",
        "coordinates": [
          104.013643,
          30.66209
        ]
      },
      "properties": {
        "name": "NG造型",
        "category": "life",
        "type": "生活服务;生活服务场所;生活服务场所",
        "district": "青羊区",
        "weight": 12
      }
    },
    {
      "type": "Feature",
      "geometry": {
        "type": "Point",
        "coordinates": [
          104.006062,
          30.668685
        ]
      },
      "properties": {
        "name": "爱星保洁服务部",
        "category": "life",
        "type": "生活服务;生活服务场所;生活服务场所",
        "district": "青羊区",
        "weight": 1
      }
    },
    {
      "type": "Feature",
      "geometry": {
        "type": "Point",
        "coordinates": [
          104.018599,
          30.661751
        ]
      },
      "properties": {
        "name": "心裳",
        "category": "life",
        "type": "生活服务;美容美发店;美容美发店",
        "district": "青羊区",
        "weight": 28
      }
    },
    {
      "type": "Feature",
      "geometry": {
        "type": "Point",
        "coordinates": [
          104.018749,
          30.668701
        ]
      },
      "properties": {
        "name": "洁客家政",
        "category": "life",
        "type": "生活服务;生活服务场所;生活服务场所",
        "district": "青羊区",
        "weight": 1
      }
    },
    {
      "type": "Feature",
      "geometry": {
        "type": "Point",
        "coordinates": [
          104.032185,
          30.66696
        ]
      },
      "properties": {
        "name": "吴师美发",
        "category": "life",
        "type": "生活服务;美容美发店;美容美发店",
        "district": "青羊区",
        "weight": 6
      }
    },
    {
      "type": "Feature",
      "geometry": {
        "type": "Point",
        "coordinates": [
          104.031788,
          30.664746
        ]
      },
      "properties": {
        "name": "金彩图文(青华路)",
        "category": "life",
        "type": "生活服务;生活服务场所;生活服务场所",
        "district": "青羊区",
        "weight": 4
      }
    },
    {
      "type": "Feature",
      "geometry": {
        "type": "Point",
        "coordinates": [
          104.032522,
          30.662468
        ]
      },
      "properties": {
        "name": "成都市辉煌物流",
        "category": "life",
        "type": "生活服务;物流速递;物流速递",
        "district": "青羊区",
        "weight": 4
      }
    },
    {
      "type": "Feature",
      "geometry": {
        "type": "Point",
        "coordinates": [
          104.026552,
          30.661063
        ]
      },
      "properties": {
        "name": "杜甫草堂-讲解联系处",
        "category": "life",
        "type": "生活服务;生活服务场所;生活服务场所",
        "district": "青羊区",
        "weight": 4
      }
    },
    {
      "type": "Feature",
      "geometry": {
        "type": "Point",
        "coordinates": [
          104.033307,
          30.664926
        ]
      },
      "properties": {
        "name": "梨尊堂",
        "category": "life",
        "type": "生活服务;生活服务场所;生活服务场所",
        "district": "青羊区",
        "weight": 2
      }
    },
    {
      "type": "Feature",
      "geometry": {
        "type": "Point",
        "coordinates": [
          104.023822,
          30.662914
        ]
      },
      "properties": {
        "name": "四川省博物馆学会历史文化名人纪念馆专业委员会",
        "category": "life",
        "type": "生活服务;生活服务场所;生活服务场所",
        "district": "青羊区",
        "weight": 1
      }
    },
    {
      "type": "Feature",
      "geometry": {
        "type": "Point",
        "coordinates": [
          104.024183,
          30.662016
        ]
      },
      "properties": {
        "name": "成都杜甫草堂售票处",
        "category": "life",
        "type": "生活服务;售票处;公园景点售票处",
        "district": "青羊区",
        "weight": 1
      }
    },
    {
      "type": "Feature",
      "geometry": {
        "type": "Point",
        "coordinates": [
          104.038976,
          30.665288
        ]
      },
      "properties": {
        "name": "佳简发美发",
        "category": "life",
        "type": "生活服务;美容美发店;美容美发店",
        "district": "青羊区",
        "weight": 5
      }
    },
    {
      "type": "Feature",
      "geometry": {
        "type": "Point",
        "coordinates": [
          104.037108,
          30.662866
        ]
      },
      "properties": {
        "name": "艺枯阁",
        "category": "life",
        "type": "生活服务;生活服务场所;生活服务场所",
        "district": "青羊区",
        "weight": 19
      }
    },
    {
      "type": "Feature",
      "geometry": {
        "type": "Point",
        "coordinates": [
          104.039891,
          30.667637
        ]
      },
      "properties": {
        "name": "礼品回收",
        "category": "life",
        "type": "生活服务;生活服务场所;生活服务场所",
        "district": "金牛区",
        "weight": 11
      }
    },
    {
      "type": "Feature",
      "geometry": {
        "type": "Point",
        "coordinates": [
          104.03767,
          30.66076
        ]
      },
      "properties": {
        "name": "猫生活馆",
        "category": "life",
        "type": "生活服务;生活服务场所;生活服务场所",
        "district": "青羊区",
        "weight": 19
      }
    },
    {
      "type": "Feature",
      "geometry": {
        "type": "Point",
        "coordinates": [
          104.040167,
          30.666686
        ]
      },
      "properties": {
        "name": "成都中医药大学离退休工作处",
        "category": "life",
        "type": "生活服务;生活服务场所;生活服务场所",
        "district": "青羊区",
        "weight": 1
      }
    },
    {
      "type": "Feature",
      "geometry": {
        "type": "Point",
        "coordinates": [
          104.04115,
          30.662872
        ]
      },
      "properties": {
        "name": "成都市文化公园管理处",
        "category": "life",
        "type": "生活服务;生活服务场所;生活服务场所",
        "district": "青羊区",
        "weight": 1
      }
    },
    {
      "type": "Feature",
      "geometry": {
        "type": "Point",
        "coordinates": [
          104.034442,
          30.664061
        ]
      },
      "properties": {
        "name": "单取",
        "category": "life",
        "type": "生活服务;生活服务场所;生活服务场所",
        "district": "青羊区",
        "weight": 17
      }
    },
    {
      "type": "Feature",
      "geometry": {
        "type": "Point",
        "coordinates": [
          104.042263,
          30.665986
        ]
      },
      "properties": {
        "name": "成都供水",
        "category": "life",
        "type": "生活服务;生活服务场所;生活服务场所",
        "district": "青羊区",
        "weight": 4
      }
    },
    {
      "type": "Feature",
      "geometry": {
        "type": "Point",
        "coordinates": [
          104.034004,
          30.665665
        ]
      },
      "properties": {
        "name": "嘉华工艺",
        "category": "life",
        "type": "生活服务;生活服务场所;生活服务场所",
        "district": "青羊区",
        "weight": 2
      }
    },
    {
      "type": "Feature",
      "geometry": {
        "type": "Point",
        "coordinates": [
          104.034514,
          30.667539
        ]
      },
      "properties": {
        "name": "仙乐足道",
        "category": "life",
        "type": "生活服务;洗浴推拿场所;洗浴推拿场所",
        "district": "青羊区",
        "weight": 24
      }
    },
    {
      "type": "Feature",
      "geometry": {
        "type": "Point",
        "coordinates": [
          104.041035,
          30.660918
        ]
      },
      "properties": {
        "name": "青羊区发尔姿个人形象设计工作室",
        "category": "life",
        "type": "生活服务;生活服务场所;生活服务场所",
        "district": "青羊区",
        "weight": 1
      }
    },
    {
      "type": "Feature",
      "geometry": {
        "type": "Point",
        "coordinates": [
          104.04244,
          30.661299
        ]
      },
      "properties": {
        "name": "招商国际旅行社(百花店)",
        "category": "life",
        "type": "生活服务;生活服务场所;生活服务场所",
        "district": "青羊区",
        "weight": 1
      }
    },
    {
      "type": "Feature",
      "geometry": {
        "type": "Point",
        "coordinates": [
          104.041544,
          30.668395
        ]
      },
      "properties": {
        "name": "成鑫驾校报名点(华神大厦东北)",
        "category": "life",
        "type": "生活服务;生活服务场所;生活服务场所",
        "district": "金牛区",
        "weight": 1
      }
    },
    {
      "type": "Feature",
      "geometry": {
        "type": "Point",
        "coordinates": [
          104.047638,
          30.668445
        ]
      },
      "properties": {
        "name": "H2视觉摄影",
        "category": "life",
        "type": "生活服务;摄影冲印店;摄影冲印",
        "district": "青羊区",
        "weight": 3
      }
    },
    {
      "type": "Feature",
      "geometry": {
        "type": "Point",
        "coordinates": [
          104.043618,
          30.663403
        ]
      },
      "properties": {
        "name": "广告印务",
        "category": "life",
        "type": "生活服务;生活服务场所;生活服务场所",
        "district": "青羊区",
        "weight": 1
      }
    },
    {
      "type": "Feature",
      "geometry": {
        "type": "Point",
        "coordinates": [
          104.062748,
          30.664567
        ]
      },
      "properties": {
        "name": "美耶造型",
        "category": "life",
        "type": "生活服务;生活服务场所;生活服务场所",
        "district": "青羊区",
        "weight": 1
      }
    },
    {
      "type": "Feature",
      "geometry": {
        "type": "Point",
        "coordinates": [
          104.063037,
          30.665742
        ]
      },
      "properties": {
        "name": "飞鸽广告(人民中路一段)",
        "category": "life",
        "type": "生活服务;生活服务场所;生活服务场所",
        "district": "青羊区",
        "weight": 1
      }
    },
    {
      "type": "Feature",
      "geometry": {
        "type": "Point",
        "coordinates": [
          104.088781,
          30.666094
        ]
      },
      "properties": {
        "name": "萌萌美甲",
        "category": "life",
        "type": "生活服务;生活服务场所;生活服务场所",
        "district": "锦江区",
        "weight": 1
      }
    },
    {
      "type": "Feature",
      "geometry": {
        "type": "Point",
        "coordinates": [
          104.092047,
          30.666614
        ]
      },
      "properties": {
        "name": "志愿者服务站",
        "category": "life",
        "type": "生活服务;生活服务场所;生活服务场所",
        "district": "锦江区",
        "weight": 1
      }
    },
    {
      "type": "Feature",
      "geometry": {
        "type": "Point",
        "coordinates": [
          104.091095,
          30.66876
        ]
      },
      "properties": {
        "name": "旗帜制作",
        "category": "life",
        "type": "生活服务;生活服务场所;生活服务场所",
        "district": "锦江区",
        "weight": 6
      }
    },
    {
      "type": "Feature",
      "geometry": {
        "type": "Point",
        "coordinates": [
          104.093246,
          30.66863
        ]
      },
      "properties": {
        "name": "Super-S Studio",
        "category": "life",
        "type": "生活服务;美容美发店;美容美发店",
        "district": "成华区",
        "weight": 1
      }
    },
    {
      "type": "Feature",
      "geometry": {
        "type": "Point",
        "coordinates": [
          104.090313,
          30.667467
        ]
      },
      "properties": {
        "name": "TCD设计师事务所",
        "category": "life",
        "type": "生活服务;事务所;事务所",
        "district": "锦江区",
        "weight": 1
      }
    },
    {
      "type": "Feature",
      "geometry": {
        "type": "Point",
        "coordinates": [
          104.110557,
          30.663757
        ]
      },
      "properties": {
        "name": "聂意劳务",
        "category": "life",
        "type": "生活服务;生活服务场所;生活服务场所",
        "district": "成华区",
        "weight": 1
      }
    },
    {
      "type": "Feature",
      "geometry": {
        "type": "Point",
        "coordinates": [
          104.11256,
          30.664903
        ]
      },
      "properties": {
        "name": "天幕图文",
        "category": "life",
        "type": "生活服务;生活服务场所;生活服务场所",
        "district": "成华区",
        "weight": 18
      }
    },
    {
      "type": "Feature",
      "geometry": {
        "type": "Point",
        "coordinates": [
          104.112291,
          30.662948
        ]
      },
      "properties": {
        "name": "金锐制冷",
        "category": "life",
        "type": "生活服务;维修站点;维修站点",
        "district": "成华区",
        "weight": 6
      }
    },
    {
      "type": "Feature",
      "geometry": {
        "type": "Point",
        "coordinates": [
          104.118157,
          30.661817
        ]
      },
      "properties": {
        "name": "益生馆",
        "category": "life",
        "type": "生活服务;洗浴推拿场所;洗浴推拿场所",
        "district": "成华区",
        "weight": 8
      }
    },
    {
      "type": "Feature",
      "geometry": {
        "type": "Point",
        "coordinates": [
          104.117605,
          30.664684
        ]
      },
      "properties": {
        "name": "沙河锦庭物业中心",
        "category": "life",
        "type": "生活服务;生活服务场所;生活服务场所",
        "district": "成华区",
        "weight": 2
      }
    },
    {
      "type": "Feature",
      "geometry": {
        "type": "Point",
        "coordinates": [
          104.116902,
          30.666171
        ]
      },
      "properties": {
        "name": "拜哥房产",
        "category": "life",
        "type": "生活服务;生活服务场所;生活服务场所",
        "district": "成华区",
        "weight": 9
      }
    },
    {
      "type": "Feature",
      "geometry": {
        "type": "Point",
        "coordinates": [
          104.115684,
          30.663023
        ]
      },
      "properties": {
        "name": "佳源造型",
        "category": "life",
        "type": "生活服务;美容美发店;美容美发店",
        "district": "成华区",
        "weight": 6
      }
    },
    {
      "type": "Feature",
      "geometry": {
        "type": "Point",
        "coordinates": [
          104.116324,
          30.661232
        ]
      },
      "properties": {
        "name": "弥尚美业(锦绣东方店)",
        "category": "life",
        "type": "生活服务;美容美发店;美容美发店",
        "district": "成华区",
        "weight": 2
      }
    },
    {
      "type": "Feature",
      "geometry": {
        "type": "Point",
        "coordinates": [
          104.122268,
          30.660686
        ]
      },
      "properties": {
        "name": "蒋师按摩",
        "category": "life",
        "type": "生活服务;洗浴推拿场所;洗浴推拿场所",
        "district": "成华区",
        "weight": 28
      }
    },
    {
      "type": "Feature",
      "geometry": {
        "type": "Point",
        "coordinates": [
          104.11502,
          30.66647
        ]
      },
      "properties": {
        "name": "力业家政",
        "category": "life",
        "type": "生活服务;生活服务场所;生活服务场所",
        "district": "成华区",
        "weight": 7
      }
    },
    {
      "type": "Feature",
      "geometry": {
        "type": "Point",
        "coordinates": [
          104.119536,
          30.661059
        ]
      },
      "properties": {
        "name": "发财搬家服务部",
        "category": "life",
        "type": "生活服务;生活服务场所;生活服务场所",
        "district": "成华区",
        "weight": 1
      }
    },
    {
      "type": "Feature",
      "geometry": {
        "type": "Point",
        "coordinates": [
          104.122701,
          30.663027
        ]
      },
      "properties": {
        "name": "成都市信鸽协会城东服务中心",
        "category": "life",
        "type": "生活服务;生活服务场所;生活服务场所",
        "district": "成华区",
        "weight": 1
      }
    },
    {
      "type": "Feature",
      "geometry": {
        "type": "Point",
        "coordinates": [
          104.115342,
          30.667873
        ]
      },
      "properties": {
        "name": "保利物业",
        "category": "life",
        "type": "生活服务;生活服务场所;生活服务场所",
        "district": "成华区",
        "weight": 1
      }
    },
    {
      "type": "Feature",
      "geometry": {
        "type": "Point",
        "coordinates": [
          104.115293,
          30.660022
        ]
      },
      "properties": {
        "name": "锦绣社区市民中心",
        "category": "life",
        "type": "生活服务;生活服务场所;生活服务场所",
        "district": "成华区",
        "weight": 7
      }
    },
    {
      "type": "Feature",
      "geometry": {
        "type": "Point",
        "coordinates": [
          104.127459,
          30.664255
        ]
      },
      "properties": {
        "name": "中国福利彩票",
        "category": "life",
        "type": "生活服务;彩票彩券销售点;彩票彩券销售点",
        "district": "成华区",
        "weight": 8
      }
    },
    {
      "type": "Feature",
      "geometry": {
        "type": "Point",
        "coordinates": [
          104.130453,
          30.663151
        ]
      },
      "properties": {
        "name": "幻艺美发",
        "category": "life",
        "type": "生活服务;美容美发店;美容美发店",
        "district": "成华区",
        "weight": 17
      }
    },
    {
      "type": "Feature",
      "geometry": {
        "type": "Point",
        "coordinates": [
          104.130114,
          30.665741
        ]
      },
      "properties": {
        "name": "修车店",
        "category": "life",
        "type": "生活服务;生活服务场所;生活服务场所",
        "district": "成华区",
        "weight": 1
      }
    },
    {
      "type": "Feature",
      "geometry": {
        "type": "Point",
        "coordinates": [
          104.126521,
          30.663231
        ]
      },
      "properties": {
        "name": "新业图文广告",
        "category": "life",
        "type": "生活服务;生活服务场所;生活服务场所",
        "district": "成华区",
        "weight": 3
      }
    },
    {
      "type": "Feature",
      "geometry": {
        "type": "Point",
        "coordinates": [
          104.127388,
          30.662015
        ]
      },
      "properties": {
        "name": "菜鸟驿站",
        "category": "life",
        "type": "生活服务;生活服务场所;生活服务场所",
        "district": "成华区",
        "weight": 2
      }
    },
    {
      "type": "Feature",
      "geometry": {
        "type": "Point",
        "coordinates": [
          104.125299,
          30.663626
        ]
      },
      "properties": {
        "name": "淼淼桶装水配送",
        "category": "life",
        "type": "生活服务;生活服务场所;生活服务场所",
        "district": "成华区",
        "weight": 2
      }
    },
    {
      "type": "Feature",
      "geometry": {
        "type": "Point",
        "coordinates": [
          104.124238,
          30.664734
        ]
      },
      "properties": {
        "name": "美装天下",
        "category": "life",
        "type": "生活服务;生活服务场所;生活服务场所",
        "district": "成华区",
        "weight": 1
      }
    },
    {
      "type": "Feature",
      "geometry": {
        "type": "Point",
        "coordinates": [
          104.132356,
          30.666115
        ]
      },
      "properties": {
        "name": "大春电动车维修",
        "category": "life",
        "type": "生活服务;维修站点;维修站点",
        "district": "成华区",
        "weight": 3
      }
    },
    {
      "type": "Feature",
      "geometry": {
        "type": "Point",
        "coordinates": [
          104.12482,
          30.660897
        ]
      },
      "properties": {
        "name": "垃圾中转房",
        "category": "life",
        "type": "生活服务;生活服务场所;生活服务场所",
        "district": "成华区",
        "weight": 5
      }
    },
    {
      "type": "Feature",
      "geometry": {
        "type": "Point",
        "coordinates": [
          104.134562,
          30.666195
        ]
      },
      "properties": {
        "name": "玩美造型",
        "category": "life",
        "type": "生活服务;美容美发店;美容美发店",
        "district": "成华区",
        "weight": 9
      }
    },
    {
      "type": "Feature",
      "geometry": {
        "type": "Point",
        "coordinates": [
          104.139301,
          30.667622
        ]
      },
      "properties": {
        "name": "赵师维修部",
        "category": "life",
        "type": "生活服务;维修站点;维修站点",
        "district": "成华区",
        "weight": 6
      }
    },
    {
      "type": "Feature",
      "geometry": {
        "type": "Point",
        "coordinates": [
          104.134387,
          30.664324
        ]
      },
      "properties": {
        "name": "幸福时光婚礼工作室",
        "category": "life",
        "type": "生活服务;生活服务场所;生活服务场所",
        "district": "成华区",
        "weight": 1
      }
    },
    {
      "type": "Feature",
      "geometry": {
        "type": "Point",
        "coordinates": [
          104.134834,
          30.662007
        ]
      },
      "properties": {
        "name": "鑫瑞普制冷设备服务部",
        "category": "life",
        "type": "生活服务;生活服务场所;生活服务场所",
        "district": "成华区",
        "weight": 1
      }
    },
    {
      "type": "Feature",
      "geometry": {
        "type": "Point",
        "coordinates": [
          104.14363,
          30.66649
        ]
      },
      "properties": {
        "name": "天地网",
        "category": "life",
        "type": "生活服务;生活服务场所;生活服务场所",
        "district": "成华区",
        "weight": 11
      }
    },
    {
      "type": "Feature",
      "geometry": {
        "type": "Point",
        "coordinates": [
          104.13815,
          30.668751
        ]
      },
      "properties": {
        "name": "好相因配送",
        "category": "life",
        "type": "生活服务;物流速递;物流速递",
        "district": "成华区",
        "weight": 1
      }
    },
    {
      "type": "Feature",
      "geometry": {
        "type": "Point",
        "coordinates": [
          104.136886,
          30.668594
        ]
      },
      "properties": {
        "name": "成都理工大学(校本部)自考成教招生报名处",
        "category": "life",
        "type": "生活服务;生活服务场所;生活服务场所",
        "district": "成华区",
        "weight": 1
      }
    },
    {
      "type": "Feature",
      "geometry": {
        "type": "Point",
        "coordinates": [
          104.152316,
          30.661877
        ]
      },
      "properties": {
        "name": "创兴喷绘",
        "category": "life",
        "type": "生活服务;生活服务场所;生活服务场所",
        "district": "成华区",
        "weight": 1
      }
    },
    {
      "type": "Feature",
      "geometry": {
        "type": "Point",
        "coordinates": [
          104.156275,
          30.665767
        ]
      },
      "properties": {
        "name": "成都凯力达电器维修有限公司",
        "category": "life",
        "type": "生活服务;维修站点;维修站点",
        "district": "成华区",
        "weight": 1
      }
    },
    {
      "type": "Feature",
      "geometry": {
        "type": "Point",
        "coordinates": [
          103.969671,
          30.654938
        ]
      },
      "properties": {
        "name": "超越前线",
        "category": "life",
        "type": "生活服务;美容美发店;美容美发店",
        "district": "武侯区",
        "weight": 18
      }
    },
    {
      "type": "Feature",
      "geometry": {
        "type": "Point",
        "coordinates": [
          103.968238,
          30.650269
        ]
      },
      "properties": {
        "name": "美够",
        "category": "life",
        "type": "生活服务;美容美发店;美容美发店",
        "district": "武侯区",
        "weight": 38
      }
    },
    {
      "type": "Feature",
      "geometry": {
        "type": "Point",
        "coordinates": [
          103.973507,
          30.654529
        ]
      },
      "properties": {
        "name": "骑瑞图文",
        "category": "life",
        "type": "生活服务;生活服务场所;生活服务场所",
        "district": "武侯区",
        "weight": 19
      }
    },
    {
      "type": "Feature",
      "geometry": {
        "type": "Point",
        "coordinates": [
          103.965448,
          30.652218
        ]
      },
      "properties": {
        "name": "宏帆脚手架",
        "category": "life",
        "type": "生活服务;生活服务场所;生活服务场所",
        "district": "武侯区",
        "weight": 4
      }
    },
    {
      "type": "Feature",
      "geometry": {
        "type": "Point",
        "coordinates": [
          103.972752,
          30.657647
        ]
      },
      "properties": {
        "name": "华南净化彩板",
        "category": "life",
        "type": "生活服务;生活服务场所;生活服务场所",
        "district": "武侯区",
        "weight": 1
      }
    },
    {
      "type": "Feature",
      "geometry": {
        "type": "Point",
        "coordinates": [
          103.974447,
          30.65878
        ]
      },
      "properties": {
        "name": "全峰快递",
        "category": "life",
        "type": "生活服务;物流速递;物流速递",
        "district": "武侯区",
        "weight": 20
      }
    },
    {
      "type": "Feature",
      "geometry": {
        "type": "Point",
        "coordinates": [
          103.964013,
          30.656686
        ]
      },
      "properties": {
        "name": "四川雅彦化妆品有限公司物流中心",
        "category": "life",
        "type": "生活服务;物流速递;物流速递",
        "district": "武侯区",
        "weight": 1
      }
    },
    {
      "type": "Feature",
      "geometry": {
        "type": "Point",
        "coordinates": [
          103.973534,
          30.652271
        ]
      },
      "properties": {
        "name": "中海集团四川物流有限公司",
        "category": "life",
        "type": "生活服务;物流速递;物流速递",
        "district": "武侯区",
        "weight": 2
      }
    },
    {
      "type": "Feature",
      "geometry": {
        "type": "Point",
        "coordinates": [
          103.968628,
          30.659452
        ]
      },
      "properties": {
        "name": "蓝鸟制衣",
        "category": "life",
        "type": "生活服务;生活服务场所;生活服务场所",
        "district": "青羊区",
        "weight": 2
      }
    },
    {
      "type": "Feature",
      "geometry": {
        "type": "Point",
        "coordinates": [
          103.964636,
          30.650069
        ]
      },
      "properties": {
        "name": "昌顺物流",
        "category": "life",
        "type": "生活服务;物流速递;物流速递",
        "district": "武侯区",
        "weight": 1
      }
    },
    {
      "type": "Feature",
      "geometry": {
        "type": "Point",
        "coordinates": [
          103.978577,
          30.651484
        ]
      },
      "properties": {
        "name": "速递易",
        "category": "life",
        "type": "生活服务;生活服务场所;生活服务场所",
        "district": "武侯区",
        "weight": 255
      }
    },
    {
      "type": "Feature",
      "geometry": {
        "type": "Point",
        "coordinates": [
          103.976601,
          30.655565
        ]
      },
      "properties": {
        "name": "中国福利彩票",
        "category": "life",
        "type": "生活服务;彩票彩券销售点;彩票彩券销售点",
        "district": "武侯区",
        "weight": 3
      }
    },
    {
      "type": "Feature",
      "geometry": {
        "type": "Point",
        "coordinates": [
          103.979217,
          30.65847
        ]
      },
      "properties": {
        "name": "胖姐修车店",
        "category": "life",
        "type": "生活服务;维修站点;维修站点",
        "district": "武侯区",
        "weight": 8
      }
    },
    {
      "type": "Feature",
      "geometry": {
        "type": "Point",
        "coordinates": [
          103.974119,
          30.657834
        ]
      },
      "properties": {
        "name": "机械对外加工",
        "category": "life",
        "type": "生活服务;生活服务场所;生活服务场所",
        "district": "武侯区",
        "weight": 1
      }
    },
    {
      "type": "Feature",
      "geometry": {
        "type": "Point",
        "coordinates": [
          103.975023,
          30.650625
        ]
      },
      "properties": {
        "name": "艾尚专业烫染",
        "category": "life",
        "type": "生活服务;美容美发店;美容美发店",
        "district": "武侯区",
        "weight": 3
      }
    },
    {
      "type": "Feature",
      "geometry": {
        "type": "Point",
        "coordinates": [
          103.983744,
          30.658596
        ]
      },
      "properties": {
        "name": "清水河公园游船售票处",
        "category": "life",
        "type": "生活服务;售票处;公园景点售票处",
        "district": "武侯区",
        "weight": 1
      }
    },
    {
      "type": "Feature",
      "geometry": {
        "type": "Point",
        "coordinates": [
          103.990009,
          30.652361
        ]
      },
      "properties": {
        "name": "羽翼形象·生活馆(美甲纹绣服装定制)",
        "category": "life",
        "type": "生活服务;生活服务场所;生活服务场所",
        "district": "武侯区",
        "weight": 1
      }
    },
    {
      "type": "Feature",
      "geometry": {
        "type": "Point",
        "coordinates": [
          103.988986,
          30.654225
        ]
      },
      "properties": {
        "name": "金鑫铁件加工",
        "category": "life",
        "type": "生活服务;生活服务场所;生活服务场所",
        "district": "武侯区",
        "weight": 2
      }
    },
    {
      "type": "Feature",
      "geometry": {
        "type": "Point",
        "coordinates": [
          103.986182,
          30.656356
        ]
      },
      "properties": {
        "name": "靓典",
        "category": "life",
        "type": "生活服务;美容美发店;美容美发店",
        "district": "武侯区",
        "weight": 4
      }
    },
    {
      "type": "Feature",
      "geometry": {
        "type": "Point",
        "coordinates": [
          103.991453,
          30.653486
        ]
      },
      "properties": {
        "name": "深圳名剪",
        "category": "life",
        "type": "生活服务;生活服务场所;生活服务场所",
        "district": "武侯区",
        "weight": 9
      }
    },
    {
      "type": "Feature",
      "geometry": {
        "type": "Point",
        "coordinates": [
          103.989203,
          30.651169
        ]
      },
      "properties": {
        "name": "菜鸟驿站(百世邻里清水路苑)",
        "category": "life",
        "type": "生活服务;物流速递;物流速递",
        "district": "武侯区",
        "weight": 1
      }
    },
    {
      "type": "Feature",
      "geometry": {
        "type": "Point",
        "coordinates": [
          103.987161,
          30.651117
        ]
      },
      "properties": {
        "name": "招牌王",
        "category": "life",
        "type": "生活服务;生活服务场所;生活服务场所",
        "district": "武侯区",
        "weight": 1
      }
    },
    {
      "type": "Feature",
      "geometry": {
        "type": "Point",
        "coordinates": [
          103.989462,
          30.650175
        ]
      },
      "properties": {
        "name": "厂家直销泰式中式按摩床洗脚沙发及回收",
        "category": "life",
        "type": "生活服务;生活服务场所;生活服务场所",
        "district": "武侯区",
        "weight": 1
      }
    },
    {
      "type": "Feature",
      "geometry": {
        "type": "Point",
        "coordinates": [
          103.985018,
          30.658204
        ]
      },
      "properties": {
        "name": "法治周末四川联络处",
        "category": "life",
        "type": "生活服务;生活服务场所;生活服务场所",
        "district": "武侯区",
        "weight": 2
      }
    },
    {
      "type": "Feature",
      "geometry": {
        "type": "Point",
        "coordinates": [
          103.987619,
          30.649886
        ]
      },
      "properties": {
        "name": "捷兔帮跑腿",
        "category": "life",
        "type": "生活服务;生活服务场所;生活服务场所",
        "district": "武侯区",
        "weight": 1
      }
    },
    {
      "type": "Feature",
      "geometry": {
        "type": "Point",
        "coordinates": [
          104.004401,
          30.653381
        ]
      },
      "properties": {
        "name": "欧巴摄影",
        "category": "life",
        "type": "生活服务;生活服务场所;生活服务场所",
        "district": "武侯区",
        "weight": 71
      }
    },
    {
      "type": "Feature",
      "geometry": {
        "type": "Point",
        "coordinates": [
          103.996396,
          30.658898
        ]
      },
      "properties": {
        "name": "京东到家",
        "category": "life",
        "type": "生活服务;生活服务场所;生活服务场所",
        "district": "武侯区",
        "weight": 2
      }
    },
    {
      "type": "Feature",
      "geometry": {
        "type": "Point",
        "coordinates": [
          104.001585,
          30.650042
        ]
      },
      "properties": {
        "name": "便民维修",
        "category": "life",
        "type": "生活服务;生活服务场所;生活服务场所",
        "district": "武侯区",
        "weight": 3
      }
    },
    {
      "type": "Feature",
      "geometry": {
        "type": "Point",
        "coordinates": [
          104.002725,
          30.657689
        ]
      },
      "properties": {
        "name": "衣卫士洗衣(解甲园店)",
        "category": "life",
        "type": "生活服务;洗衣店;洗衣店",
        "district": "武侯区",
        "weight": 1
      }
    },
    {
      "type": "Feature",
      "geometry": {
        "type": "Point",
        "coordinates": [
          104.013842,
          30.649971
        ]
      },
      "properties": {
        "name": "蜜秘",
        "category": "life",
        "type": "生活服务;美容美发店;美容美发店",
        "district": "武侯区",
        "weight": 382
      }
    },
    {
      "type": "Feature",
      "geometry": {
        "type": "Point",
        "coordinates": [
          104.007362,
          30.657445
        ]
      },
      "properties": {
        "name": "美丽100(成都花园)",
        "category": "life",
        "type": "生活服务;美容美发店;美容美发店",
        "district": "青羊区",
        "weight": 1
      }
    },
    {
      "type": "Feature",
      "geometry": {
        "type": "Point",
        "coordinates": [
          104.009582,
          30.658021
        ]
      },
      "properties": {
        "name": "艾灸养生馆",
        "category": "life",
        "type": "生活服务;生活服务场所;生活服务场所",
        "district": "青羊区",
        "weight": 1
      }
    },
    {
      "type": "Feature",
      "geometry": {
        "type": "Point",
        "coordinates": [
          104.007372,
          30.659322
        ]
      },
      "properties": {
        "name": "天域西藏药蒸(青羊大道店)",
        "category": "life",
        "type": "生活服务;洗浴推拿场所;洗浴推拿场所",
        "district": "青羊区",
        "weight": 1
      }
    },
    {
      "type": "Feature",
      "geometry": {
        "type": "Point",
        "coordinates": [
          104.012596,
          30.650107
        ]
      },
      "properties": {
        "name": "康丽养生俱乐部",
        "category": "life",
        "type": "生活服务;美容美发店;美容美发店",
        "district": "武侯区",
        "weight": 7
      }
    },
    {
      "type": "Feature",
      "geometry": {
        "type": "Point",
        "coordinates": [
          104.006147,
          30.658405
        ]
      },
      "properties": {
        "name": "致中和律师事务所",
        "category": "life",
        "type": "生活服务;事务所;律师事务所",
        "district": "青羊区",
        "weight": 1
      }
    },
    {
      "type": "Feature",
      "geometry": {
        "type": "Point",
        "coordinates": [
          104.019176,
          30.652785
        ]
      },
      "properties": {
        "name": "U+美甲美睫工作室",
        "category": "life",
        "type": "生活服务;生活服务场所;生活服务场所",
        "district": "武侯区",
        "weight": 1
      }
    },
    {
      "type": "Feature",
      "geometry": {
        "type": "Point",
        "coordinates": [
          104.018854,
          30.653978
        ]
      },
      "properties": {
        "name": "中国移动",
        "category": "life",
        "type": "生活服务;电讯营业厅;电讯营业厅",
        "district": "武侯区",
        "weight": 2
      }
    },
    {
      "type": "Feature",
      "geometry": {
        "type": "Point",
        "coordinates": [
          104.016728,
          30.654437
        ]
      },
      "properties": {
        "name": "夏普特约服务中心",
        "category": "life",
        "type": "生活服务;生活服务场所;生活服务场所",
        "district": "武侯区",
        "weight": 4
      }
    },
    {
      "type": "Feature",
      "geometry": {
        "type": "Point",
        "coordinates": [
          104.019983,
          30.656218
        ]
      },
      "properties": {
        "name": "1+1工作室",
        "category": "life",
        "type": "生活服务;美容美发店;美容美发店",
        "district": "青羊区",
        "weight": 2
      }
    },
    {
      "type": "Feature",
      "geometry": {
        "type": "Point",
        "coordinates": [
          104.019297,
          30.657301
        ]
      },
      "properties": {
        "name": "现场喷绘写真",
        "category": "life",
        "type": "生活服务;生活服务场所;生活服务场所",
        "district": "青羊区",
        "weight": 3
      }
    },
    {
      "type": "Feature",
      "geometry": {
        "type": "Point",
        "coordinates": [
          104.045117,
          30.635485
        ]
      },
      "properties": {
        "name": "仙登",
        "category": "life",
        "type": "生活服务;洗浴推拿场所;洗浴推拿场所",
        "district": "武侯区",
        "weight": 5449
      }
    },
    {
      "type": "Feature",
      "geometry": {
        "type": "Point",
        "coordinates": [
          104.01715,
          30.652089
        ]
      },
      "properties": {
        "name": "巧首造型(云霞店)",
        "category": "life",
        "type": "生活服务;美容美发店;美容美发店",
        "district": "武侯区",
        "weight": 1
      }
    },
    {
      "type": "Feature",
      "geometry": {
        "type": "Point",
        "coordinates": [
          104.021017,
          30.656509
        ]
      },
      "properties": {
        "name": "1+1理发店",
        "category": "life",
        "type": "生活服务;生活服务场所;生活服务场所",
        "district": "青羊区",
        "weight": 1
      }
    },
    {
      "type": "Feature",
      "geometry": {
        "type": "Point",
        "coordinates": [
          104.018077,
          30.652546
        ]
      },
      "properties": {
        "name": "天易正堂(双楠店)",
        "category": "life",
        "type": "生活服务;洗浴推拿场所;洗浴推拿场所",
        "district": "武侯区",
        "weight": 2
      }
    },
    {
      "type": "Feature",
      "geometry": {
        "type": "Point",
        "coordinates": [
          104.015303,
          30.655506
        ]
      },
      "properties": {
        "name": "方与圆美业",
        "category": "life",
        "type": "生活服务;美容美发店;美容美发店",
        "district": "武侯区",
        "weight": 4
      }
    },
    {
      "type": "Feature",
      "geometry": {
        "type": "Point",
        "coordinates": [
          104.015786,
          30.65762
        ]
      },
      "properties": {
        "name": "古熙中医养生馆",
        "category": "life",
        "type": "生活服务;美容美发店;美容美发店",
        "district": "武侯区",
        "weight": 2
      }
    },
    {
      "type": "Feature",
      "geometry": {
        "type": "Point",
        "coordinates": [
          104.020655,
          30.659176
        ]
      },
      "properties": {
        "name": "管家中心",
        "category": "life",
        "type": "生活服务;生活服务场所;生活服务场所",
        "district": "青羊区",
        "weight": 1
      }
    },
    {
      "type": "Feature",
      "geometry": {
        "type": "Point",
        "coordinates": [
          104.030621,
          30.656352
        ]
      },
      "properties": {
        "name": "福美优鲜服务台",
        "category": "life",
        "type": "生活服务;生活服务场所;生活服务场所",
        "district": "青羊区",
        "weight": 4
      }
    },
    {
      "type": "Feature",
      "geometry": {
        "type": "Point",
        "coordinates": [
          104.026546,
          30.654731
        ]
      },
      "properties": {
        "name": "医疗废物暂储室",
        "category": "life",
        "type": "生活服务;生活服务场所;生活服务场所",
        "district": "青羊区",
        "weight": 1
      }
    },
    {
      "type": "Feature",
      "geometry": {
        "type": "Point",
        "coordinates": [
          104.032478,
          30.65489
        ]
      },
      "properties": {
        "name": "顺意皮具护理精修",
        "category": "life",
        "type": "生活服务;生活服务场所;生活服务场所",
        "district": "青羊区",
        "weight": 2
      }
    },
    {
      "type": "Feature",
      "geometry": {
        "type": "Point",
        "coordinates": [
          104.024359,
          30.656096
        ]
      },
      "properties": {
        "name": "益寿堂保健按摩",
        "category": "life",
        "type": "生活服务;洗浴推拿场所;洗浴推拿场所",
        "district": "青羊区",
        "weight": 1
      }
    },
    {
      "type": "Feature",
      "geometry": {
        "type": "Point",
        "coordinates": [
          104.030712,
          30.657463
        ]
      },
      "properties": {
        "name": "北京市大成律师事务所四川分所",
        "category": "life",
        "type": "生活服务;事务所;律师事务所",
        "district": "青羊区",
        "weight": 1
      }
    },
    {
      "type": "Feature",
      "geometry": {
        "type": "Point",
        "coordinates": [
          104.039669,
          30.655389
        ]
      },
      "properties": {
        "name": "刻章",
        "category": "life",
        "type": "生活服务;生活服务场所;生活服务场所",
        "district": "青羊区",
        "weight": 75
      }
    },
    {
      "type": "Feature",
      "geometry": {
        "type": "Point",
        "coordinates": [
          104.038105,
          30.651361
        ]
      },
      "properties": {
        "name": "体院点",
        "category": "life",
        "type": "生活服务;美容美发店;美容美发店",
        "district": "武侯区",
        "weight": 51
      }
    },
    {
      "type": "Feature",
      "geometry": {
        "type": "Point",
        "coordinates": [
          104.036198,
          30.655318
        ]
      },
      "properties": {
        "name": "蜀安驾校报名点(百卉路)",
        "category": "life",
        "type": "生活服务;生活服务场所;生活服务场所",
        "district": "青羊区",
        "weight": 2
      }
    },
    {
      "type": "Feature",
      "geometry": {
        "type": "Point",
        "coordinates": [
          104.040784,
          30.657174
        ]
      },
      "properties": {
        "name": "龙颜堂",
        "category": "life",
        "type": "生活服务;洗浴推拿场所;洗浴推拿场所",
        "district": "青羊区",
        "weight": 5
      }
    },
    {
      "type": "Feature",
      "geometry": {
        "type": "Point",
        "coordinates": [
          104.034988,
          30.655377
        ]
      },
      "properties": {
        "name": "琪雅美容健康",
        "category": "life",
        "type": "生活服务;美容美发店;美容美发店",
        "district": "青羊区",
        "weight": 2
      }
    },
    {
      "type": "Feature",
      "geometry": {
        "type": "Point",
        "coordinates": [
          104.036419,
          30.658555
        ]
      },
      "properties": {
        "name": "海港湾",
        "category": "life",
        "type": "生活服务;洗浴推拿场所;洗浴推拿场所",
        "district": "青羊区",
        "weight": 28
      }
    },
    {
      "type": "Feature",
      "geometry": {
        "type": "Point",
        "coordinates": [
          104.040403,
          30.65097
        ]
      },
      "properties": {
        "name": "成都体育学院后勤产业处学生公寓服务中心",
        "category": "life",
        "type": "生活服务;生活服务场所;生活服务场所",
        "district": "武侯区",
        "weight": 1
      }
    },
    {
      "type": "Feature",
      "geometry": {
        "type": "Point",
        "coordinates": [
          104.042145,
          30.651136
        ]
      },
      "properties": {
        "name": "新知图文",
        "category": "life",
        "type": "生活服务;生活服务场所;生活服务场所",
        "district": "武侯区",
        "weight": 7
      }
    },
    {
      "type": "Feature",
      "geometry": {
        "type": "Point",
        "coordinates": [
          104.04123,
          30.658519
        ]
      },
      "properties": {
        "name": "锦鲤鱼池",
        "category": "life",
        "type": "生活服务;生活服务场所;生活服务场所",
        "district": "青羊区",
        "weight": 1
      }
    },
    {
      "type": "Feature",
      "geometry": {
        "type": "Point",
        "coordinates": [
          104.043709,
          30.651389
        ]
      },
      "properties": {
        "name": "成都体育学院浴室",
        "category": "life",
        "type": "生活服务;洗浴推拿场所;洗浴推拿场所",
        "district": "武侯区",
        "weight": 5
      }
    },
    {
      "type": "Feature",
      "geometry": {
        "type": "Point",
        "coordinates": [
          104.050589,
          30.653947
        ]
      },
      "properties": {
        "name": "风云展览",
        "category": "life",
        "type": "生活服务;生活服务场所;生活服务场所",
        "district": "武侯区",
        "weight": 1
      }
    },
    {
      "type": "Feature",
      "geometry": {
        "type": "Point",
        "coordinates": [
          104.050488,
          30.652092
        ]
      },
      "properties": {
        "name": "标逸美发",
        "category": "life",
        "type": "生活服务;美容美发店;美容美发店",
        "district": "武侯区",
        "weight": 6
      }
    },
    {
      "type": "Feature",
      "geometry": {
        "type": "Point",
        "coordinates": [
          104.052382,
          30.653963
        ]
      },
      "properties": {
        "name": "和信通便民缴费点(锦里中路)",
        "category": "life",
        "type": "生活服务;生活服务场所;生活服务场所",
        "district": "青羊区",
        "weight": 1
      }
    },
    {
      "type": "Feature",
      "geometry": {
        "type": "Point",
        "coordinates": [
          104.047682,
          30.658157
        ]
      },
      "properties": {
        "name": "长城社区计划生育服务站",
        "category": "life",
        "type": "生活服务;生活服务场所;生活服务场所",
        "district": "青羊区",
        "weight": 1
      }
    },
    {
      "type": "Feature",
      "geometry": {
        "type": "Point",
        "coordinates": [
          104.046409,
          30.65034
        ]
      },
      "properties": {
        "name": "锦上花",
        "category": "life",
        "type": "生活服务;生活服务场所;生活服务场所",
        "district": "武侯区",
        "weight": 5
      }
    },
    {
      "type": "Feature",
      "geometry": {
        "type": "Point",
        "coordinates": [
          104.053865,
          30.65273
        ]
      },
      "properties": {
        "name": "卓越假期",
        "category": "life",
        "type": "生活服务;生活服务场所;生活服务场所",
        "district": "青羊区",
        "weight": 8
      }
    },
    {
      "type": "Feature",
      "geometry": {
        "type": "Point",
        "coordinates": [
          104.048524,
          30.649688
        ]
      },
      "properties": {
        "name": "雅之蔓美容店",
        "category": "life",
        "type": "生活服务;美容美发店;美容美发店",
        "district": "武侯区",
        "weight": 1
      }
    },
    {
      "type": "Feature",
      "geometry": {
        "type": "Point",
        "coordinates": [
          104.048931,
          30.646481
        ]
      },
      "properties": {
        "name": "好瘦",
        "category": "life",
        "type": "生活服务;生活服务场所;生活服务场所",
        "district": "武侯区",
        "weight": 111
      }
    },
    {
      "type": "Feature",
      "geometry": {
        "type": "Point",
        "coordinates": [
          104.052536,
          30.656503
        ]
      },
      "properties": {
        "name": "四川省卫生人才交流中心",
        "category": "life",
        "type": "生活服务;人才市场;人才市场",
        "district": "青羊区",
        "weight": 1
      }
    },
    {
      "type": "Feature",
      "geometry": {
        "type": "Point",
        "coordinates": [
          104.057673,
          30.651549
        ]
      },
      "properties": {
        "name": "十八岁",
        "category": "life",
        "type": "生活服务;美容美发店;美容美发店",
        "district": "青羊区",
        "weight": 30
      }
    },
    {
      "type": "Feature",
      "geometry": {
        "type": "Point",
        "coordinates": [
          104.055823,
          30.653093
        ]
      },
      "properties": {
        "name": "刻章玉器",
        "category": "life",
        "type": "生活服务;生活服务场所;生活服务场所",
        "district": "青羊区",
        "weight": 10
      }
    },
    {
      "type": "Feature",
      "geometry": {
        "type": "Point",
        "coordinates": [
          104.059964,
          30.65189
        ]
      },
      "properties": {
        "name": "宝丽莱数码冲印",
        "category": "life",
        "type": "生活服务;摄影冲印店;摄影冲印",
        "district": "锦江区",
        "weight": 2
      }
    },
    {
      "type": "Feature",
      "geometry": {
        "type": "Point",
        "coordinates": [
          104.061058,
          30.651428
        ]
      },
      "properties": {
        "name": "中国旅游服务公司",
        "category": "life",
        "type": "生活服务;旅行社;旅行社",
        "district": "锦江区",
        "weight": 2
      }
    },
    {
      "type": "Feature",
      "geometry": {
        "type": "Point",
        "coordinates": [
          104.059634,
          30.650261
        ]
      },
      "properties": {
        "name": "主慧堂广告",
        "category": "life",
        "type": "生活服务;生活服务场所;生活服务场所",
        "district": "锦江区",
        "weight": 7
      }
    },
    {
      "type": "Feature",
      "geometry": {
        "type": "Point",
        "coordinates": [
          104.057138,
          30.647693
        ]
      },
      "properties": {
        "name": "碧萝芷",
        "category": "life",
        "type": "生活服务;美容美发店;美容美发店",
        "district": "武侯区",
        "weight": 114
      }
    },
    {
      "type": "Feature",
      "geometry": {
        "type": "Point",
        "coordinates": [
          104.066331,
          30.649636
        ]
      },
      "properties": {
        "name": "睫弯弯",
        "category": "life",
        "type": "生活服务;生活服务场所;生活服务场所",
        "district": "锦江区",
        "weight": 11
      }
    },
    {
      "type": "Feature",
      "geometry": {
        "type": "Point",
        "coordinates": [
          104.081289,
          30.656808
        ]
      },
      "properties": {
        "name": "锦江区靓丽摄影工作室",
        "category": "life",
        "type": "生活服务;生活服务场所;生活服务场所",
        "district": "锦江区",
        "weight": 1
      }
    },
    {
      "type": "Feature",
      "geometry": {
        "type": "Point",
        "coordinates": [
          104.077462,
          30.649855
        ]
      },
      "properties": {
        "name": "合江亭社区养老服务",
        "category": "life",
        "type": "生活服务;生活服务场所;生活服务场所",
        "district": "锦江区",
        "weight": 2
      }
    },
    {
      "type": "Feature",
      "geometry": {
        "type": "Point",
        "coordinates": [
          104.083388,
          30.649394
        ]
      },
      "properties": {
        "name": "企木印象",
        "category": "life",
        "type": "生活服务;生活服务场所;生活服务场所",
        "district": "锦江区",
        "weight": 2
      }
    },
    {
      "type": "Feature",
      "geometry": {
        "type": "Point",
        "coordinates": [
          104.091161,
          30.656605
        ]
      },
      "properties": {
        "name": "君诚装饰装修",
        "category": "life",
        "type": "生活服务;生活服务场所;生活服务场所",
        "district": "成华区",
        "weight": 7
      }
    },
    {
      "type": "Feature",
      "geometry": {
        "type": "Point",
        "coordinates": [
          104.100008,
          30.652323
        ]
      },
      "properties": {
        "name": "易佰分电脑维修",
        "category": "life",
        "type": "生活服务;维修站点;维修站点",
        "district": "成华区",
        "weight": 1
      }
    },
    {
      "type": "Feature",
      "geometry": {
        "type": "Point",
        "coordinates": [
          104.093857,
          30.653289
        ]
      },
      "properties": {
        "name": "星云印务",
        "category": "life",
        "type": "生活服务;生活服务场所;生活服务场所",
        "district": "成华区",
        "weight": 4
      }
    },
    {
      "type": "Feature",
      "geometry": {
        "type": "Point",
        "coordinates": [
          104.110556,
          30.656314
        ]
      },
      "properties": {
        "name": "清洁房",
        "category": "life",
        "type": "生活服务;生活服务场所;生活服务场所",
        "district": "成华区",
        "weight": 3
      }
    },
    {
      "type": "Feature",
      "geometry": {
        "type": "Point",
        "coordinates": [
          104.121444,
          30.65236
        ]
      },
      "properties": {
        "name": "客服中心",
        "category": "life",
        "type": "生活服务;生活服务场所;生活服务场所",
        "district": "成华区",
        "weight": 4
      }
    },
    {
      "type": "Feature",
      "geometry": {
        "type": "Point",
        "coordinates": [
          104.122842,
          30.653586
        ]
      },
      "properties": {
        "name": "柒号相馆",
        "category": "life",
        "type": "生活服务;生活服务场所;生活服务场所",
        "district": "成华区",
        "weight": 3
      }
    },
    {
      "type": "Feature",
      "geometry": {
        "type": "Point",
        "coordinates": [
          104.120084,
          30.650743
        ]
      },
      "properties": {
        "name": "卡夫理疗馆",
        "category": "life",
        "type": "生活服务;生活服务场所;生活服务场所",
        "district": "成华区",
        "weight": 3
      }
    },
    {
      "type": "Feature",
      "geometry": {
        "type": "Point",
        "coordinates": [
          104.115503,
          30.647643
        ]
      },
      "properties": {
        "name": "髪亮点",
        "category": "life",
        "type": "生活服务;美容美发店;美容美发店",
        "district": "成华区",
        "weight": 67
      }
    },
    {
      "type": "Feature",
      "geometry": {
        "type": "Point",
        "coordinates": [
          104.123588,
          30.652052
        ]
      },
      "properties": {
        "name": "安康年万年场街道养老服务中心",
        "category": "life",
        "type": "生活服务;生活服务场所;生活服务场所",
        "district": "成华区",
        "weight": 2
      }
    },
    {
      "type": "Feature",
      "geometry": {
        "type": "Point",
        "coordinates": [
          104.119568,
          30.648571
        ]
      },
      "properties": {
        "name": "圣锦泽林养生馆",
        "category": "life",
        "type": "生活服务;美容美发店;美容美发店",
        "district": "成华区",
        "weight": 6
      }
    },
    {
      "type": "Feature",
      "geometry": {
        "type": "Point",
        "coordinates": [
          104.123388,
          30.649683
        ]
      },
      "properties": {
        "name": "唐氏开锁",
        "category": "life",
        "type": "生活服务;生活服务场所;生活服务场所",
        "district": "成华区",
        "weight": 7
      }
    },
    {
      "type": "Feature",
      "geometry": {
        "type": "Point",
        "coordinates": [
          104.127026,
          30.650124
        ]
      },
      "properties": {
        "name": "小区美发",
        "category": "life",
        "type": "生活服务;美容美发店;美容美发店",
        "district": "成华区",
        "weight": 3
      }
    },
    {
      "type": "Feature",
      "geometry": {
        "type": "Point",
        "coordinates": [
          104.126323,
          30.653751
        ]
      },
      "properties": {
        "name": "路正驾校报名点",
        "category": "life",
        "type": "生活服务;生活服务场所;生活服务场所",
        "district": "成华区",
        "weight": 3
      }
    },
    {
      "type": "Feature",
      "geometry": {
        "type": "Point",
        "coordinates": [
          104.12928,
          30.650138
        ]
      },
      "properties": {
        "name": "四川天之娇子物流有限责任公司",
        "category": "life",
        "type": "生活服务;生活服务场所;生活服务场所",
        "district": "成华区",
        "weight": 2
      }
    },
    {
      "type": "Feature",
      "geometry": {
        "type": "Point",
        "coordinates": [
          104.128922,
          30.65617
        ]
      },
      "properties": {
        "name": "涟涟美发",
        "category": "life",
        "type": "生活服务;美容美发店;美容美发店",
        "district": "成华区",
        "weight": 4
      }
    },
    {
      "type": "Feature",
      "geometry": {
        "type": "Point",
        "coordinates": [
          104.125783,
          30.658434
        ]
      },
      "properties": {
        "name": "焗油烫发",
        "category": "life",
        "type": "生活服务;生活服务场所;生活服务场所",
        "district": "成华区",
        "weight": 2
      }
    },
    {
      "type": "Feature",
      "geometry": {
        "type": "Point",
        "coordinates": [
          104.127589,
          30.657114
        ]
      },
      "properties": {
        "name": "钰杉标牌技术有限公司工程部",
        "category": "life",
        "type": "生活服务;生活服务场所;生活服务场所",
        "district": "成华区",
        "weight": 1
      }
    },
    {
      "type": "Feature",
      "geometry": {
        "type": "Point",
        "coordinates": [
          104.139894,
          30.655699
        ]
      },
      "properties": {
        "name": "梦中人",
        "category": "life",
        "type": "生活服务;美容美发店;美容美发店|生活服务;摄影冲印店;摄影冲印",
        "district": "成华区",
        "weight": 76
      }
    },
    {
      "type": "Feature",
      "geometry": {
        "type": "Point",
        "coordinates": [
          104.13771,
          30.653459
        ]
      },
      "properties": {
        "name": "空调维修",
        "category": "life",
        "type": "生活服务;维修站点;维修站点",
        "district": "成华区",
        "weight": 2
      }
    },
    {
      "type": "Feature",
      "geometry": {
        "type": "Point",
        "coordinates": [
          104.138085,
          30.651434
        ]
      },
      "properties": {
        "name": "诚信修理",
        "category": "life",
        "type": "生活服务;生活服务场所;生活服务场所",
        "district": "成华区",
        "weight": 51
      }
    },
    {
      "type": "Feature",
      "geometry": {
        "type": "Point",
        "coordinates": [
          104.137075,
          30.656916
        ]
      },
      "properties": {
        "name": "昌盛配送(华晨雅庭西)",
        "category": "life",
        "type": "生活服务;物流速递;物流速递",
        "district": "成华区",
        "weight": 2
      }
    },
    {
      "type": "Feature",
      "geometry": {
        "type": "Point",
        "coordinates": [
          104.14328,
          30.652136
        ]
      },
      "properties": {
        "name": "蜀诚家政",
        "category": "life",
        "type": "生活服务;生活服务场所;生活服务场所",
        "district": "成华区",
        "weight": 14
      }
    },
    {
      "type": "Feature",
      "geometry": {
        "type": "Point",
        "coordinates": [
          104.136768,
          30.658707
        ]
      },
      "properties": {
        "name": "崔家店南路8号退管站",
        "category": "life",
        "type": "生活服务;生活服务场所;生活服务场所",
        "district": "成华区",
        "weight": 1
      }
    },
    {
      "type": "Feature",
      "geometry": {
        "type": "Point",
        "coordinates": [
          104.134048,
          30.658668
        ]
      },
      "properties": {
        "name": "小马洗护",
        "category": "life",
        "type": "生活服务;生活服务场所;生活服务场所",
        "district": "成华区",
        "weight": 1
      }
    },
    {
      "type": "Feature",
      "geometry": {
        "type": "Point",
        "coordinates": [
          104.146609,
          30.658037
        ]
      },
      "properties": {
        "name": "帮家客",
        "category": "life",
        "type": "生活服务;生活服务场所;生活服务场所",
        "district": "成华区",
        "weight": 46
      }
    },
    {
      "type": "Feature",
      "geometry": {
        "type": "Point",
        "coordinates": [
          104.150254,
          30.65134
        ]
      },
      "properties": {
        "name": "秀域",
        "category": "life",
        "type": "生活服务;美容美发店;美容美发店",
        "district": "成华区",
        "weight": 1
      }
    },
    {
      "type": "Feature",
      "geometry": {
        "type": "Point",
        "coordinates": [
          104.144751,
          30.655034
        ]
      },
      "properties": {
        "name": "菜篮子蔬菜整理配送中心",
        "category": "life",
        "type": "生活服务;生活服务场所;生活服务场所",
        "district": "成华区",
        "weight": 1
      }
    },
    {
      "type": "Feature",
      "geometry": {
        "type": "Point",
        "coordinates": [
          104.148983,
          30.650251
        ]
      },
      "properties": {
        "name": "四川省老板电器有限公司物流仓储中心",
        "category": "life",
        "type": "生活服务;物流速递;物流仓储场地",
        "district": "成华区",
        "weight": 1
      }
    },
    {
      "type": "Feature",
      "geometry": {
        "type": "Point",
        "coordinates": [
          104.150143,
          30.649709
        ]
      },
      "properties": {
        "name": "飞黄物流",
        "category": "life",
        "type": "生活服务;物流速递;物流速递",
        "district": "成华区",
        "weight": 3
      }
    },
    {
      "type": "Feature",
      "geometry": {
        "type": "Point",
        "coordinates": [
          104.144126,
          30.650958
        ]
      },
      "properties": {
        "name": "成都锦湖长运运输有限公司",
        "category": "life",
        "type": "生活服务;物流速递;物流速递",
        "district": "成华区",
        "weight": 1
      }
    },
    {
      "type": "Feature",
      "geometry": {
        "type": "Point",
        "coordinates": [
          104.152483,
          30.649844
        ]
      },
      "properties": {
        "name": "成都·时运物流",
        "category": "life",
        "type": "生活服务;物流速递;物流速递",
        "district": "成华区",
        "weight": 2
      }
    },
    {
      "type": "Feature",
      "geometry": {
        "type": "Point",
        "coordinates": [
          104.151316,
          30.651659
        ]
      },
      "properties": {
        "name": "中国福利彩票",
        "category": "life",
        "type": "生活服务;彩票彩券销售点;彩票彩券销售点",
        "district": "成华区",
        "weight": 1
      }
    },
    {
      "type": "Feature",
      "geometry": {
        "type": "Point",
        "coordinates": [
          104.15751,
          30.65088
        ]
      },
      "properties": {
        "name": "保和法律援助工作站",
        "category": "life",
        "type": "生活服务;事务所;律师事务所",
        "district": "成华区",
        "weight": 3
      }
    },
    {
      "type": "Feature",
      "geometry": {
        "type": "Point",
        "coordinates": [
          103.971262,
          30.646288
        ]
      },
      "properties": {
        "name": "发茹艺",
        "category": "life",
        "type": "生活服务;美容美发店;美容美发店",
        "district": "武侯区",
        "weight": 57
      }
    },
    {
      "type": "Feature",
      "geometry": {
        "type": "Point",
        "coordinates": [
          103.964669,
          30.643703
        ]
      },
      "properties": {
        "name": "锐志广告·策划",
        "category": "life",
        "type": "生活服务;生活服务场所;生活服务场所",
        "district": "武侯区",
        "weight": 2
      }
    },
    {
      "type": "Feature",
      "geometry": {
        "type": "Point",
        "coordinates": [
          103.973247,
          30.644926
        ]
      },
      "properties": {
        "name": "西福自动变速箱维修",
        "category": "life",
        "type": "生活服务;维修站点;维修站点",
        "district": "武侯区",
        "weight": 1
      }
    },
    {
      "type": "Feature",
      "geometry": {
        "type": "Point",
        "coordinates": [
          103.967864,
          30.640913
        ]
      },
      "properties": {
        "name": "百世快运(武青西二路)",
        "category": "life",
        "type": "生活服务;物流速递;物流速递",
        "district": "武侯区",
        "weight": 1
      }
    },
    {
      "type": "Feature",
      "geometry": {
        "type": "Point",
        "coordinates": [
          103.965039,
          30.641378
        ]
      },
      "properties": {
        "name": "黑格广告制作中心",
        "category": "life",
        "type": "生活服务;生活服务场所;生活服务场所",
        "district": "武侯区",
        "weight": 1
      }
    },
    {
      "type": "Feature",
      "geometry": {
        "type": "Point",
        "coordinates": [
          103.981949,
          30.642595
        ]
      },
      "properties": {
        "name": "痣斑堂",
        "category": "life",
        "type": "生活服务;生活服务场所;生活服务场所",
        "district": "武侯区",
        "weight": 174
      }
    },
    {
      "type": "Feature",
      "geometry": {
        "type": "Point",
        "coordinates": [
          103.978871,
          30.645851
        ]
      },
      "properties": {
        "name": "鑫欣电脑维修",
        "category": "life",
        "type": "生活服务;维修站点;维修站点",
        "district": "武侯区",
        "weight": 11
      }
    },
    {
      "type": "Feature",
      "geometry": {
        "type": "Point",
        "coordinates": [
          103.976,
          30.644136
        ]
      },
      "properties": {
        "name": "房屋管家",
        "category": "life",
        "type": "生活服务;生活服务场所;生活服务场所",
        "district": "武侯区",
        "weight": 22
      }
    },
    {
      "type": "Feature",
      "geometry": {
        "type": "Point",
        "coordinates": [
          103.97672,
          30.645956
        ]
      },
      "properties": {
        "name": "小松配件及维修",
        "category": "life",
        "type": "生活服务;维修站点;维修站点",
        "district": "武侯区",
        "weight": 2
      }
    },
    {
      "type": "Feature",
      "geometry": {
        "type": "Point",
        "coordinates": [
          103.974247,
          30.646631
        ]
      },
      "properties": {
        "name": "蓝创CNG",
        "category": "life",
        "type": "生活服务;维修站点;维修站点",
        "district": "武侯区",
        "weight": 2
      }
    },
    {
      "type": "Feature",
      "geometry": {
        "type": "Point",
        "coordinates": [
          103.973836,
          30.64378
        ]
      },
      "properties": {
        "name": "长庆石油液化气公司(机投配送中心)",
        "category": "life",
        "type": "生活服务;生活服务场所;生活服务场所",
        "district": "武侯区",
        "weight": 1
      }
    },
    {
      "type": "Feature",
      "geometry": {
        "type": "Point",
        "coordinates": [
          103.973875,
          30.642652
        ]
      },
      "properties": {
        "name": "雅凯广告",
        "category": "life",
        "type": "生活服务;生活服务场所;生活服务场所",
        "district": "武侯区",
        "weight": 2
      }
    },
    {
      "type": "Feature",
      "geometry": {
        "type": "Point",
        "coordinates": [
          103.975912,
          30.640587
        ]
      },
      "properties": {
        "name": "模工坊不锈钢制作有限公司",
        "category": "life",
        "type": "生活服务;生活服务场所;生活服务场所",
        "district": "武侯区",
        "weight": 1
      }
    },
    {
      "type": "Feature",
      "geometry": {
        "type": "Point",
        "coordinates": [
          103.980199,
          30.639985
        ]
      },
      "properties": {
        "name": "武侯区鸿瑞工程机械租赁",
        "category": "life",
        "type": "生活服务;生活服务场所;生活服务场所",
        "district": "武侯区",
        "weight": 2
      }
    },
    {
      "type": "Feature",
      "geometry": {
        "type": "Point",
        "coordinates": [
          103.975366,
          30.639646
        ]
      },
      "properties": {
        "name": "潮音社区党群服务中心",
        "category": "life",
        "type": "生活服务;生活服务场所;生活服务场所",
        "district": "武侯区",
        "weight": 1
      }
    },
    {
      "type": "Feature",
      "geometry": {
        "type": "Point",
        "coordinates": [
          103.974437,
          30.649268
        ]
      },
      "properties": {
        "name": "成都宏伟挖机整车配件维修",
        "category": "life",
        "type": "生活服务;维修站点;维修站点",
        "district": "武侯区",
        "weight": 1
      }
    },
    {
      "type": "Feature",
      "geometry": {
        "type": "Point",
        "coordinates": [
          103.978416,
          30.640369
        ]
      },
      "properties": {
        "name": "德邦(双星大道南二段)",
        "category": "life",
        "type": "生活服务;物流速递;物流速递",
        "district": "武侯区",
        "weight": 1
      }
    },
    {
      "type": "Feature",
      "geometry": {
        "type": "Point",
        "coordinates": [
          103.992289,
          30.644257
        ]
      },
      "properties": {
        "name": "魔髮师",
        "category": "life",
        "type": "生活服务;美容美发店;美容美发店",
        "district": "武侯区",
        "weight": 243
      }
    },
    {
      "type": "Feature",
      "geometry": {
        "type": "Point",
        "coordinates": [
          103.985285,
          30.645417
        ]
      },
      "properties": {
        "name": "龚阴阳",
        "category": "life",
        "type": "生活服务;生活服务场所;生活服务场所",
        "district": "武侯区",
        "weight": 39
      }
    },
    {
      "type": "Feature",
      "geometry": {
        "type": "Point",
        "coordinates": [
          103.98709,
          30.642085
        ]
      },
      "properties": {
        "name": "刚刚车行",
        "category": "life",
        "type": "生活服务;维修站点;维修站点",
        "district": "武侯区",
        "weight": 32
      }
    },
    {
      "type": "Feature",
      "geometry": {
        "type": "Point",
        "coordinates": [
          103.989227,
          30.638133
        ]
      },
      "properties": {
        "name": "收废铁",
        "category": "life",
        "type": "生活服务;生活服务场所;生活服务场所",
        "district": "武侯区",
        "weight": 24
      }
    },
    {
      "type": "Feature",
      "geometry": {
        "type": "Point",
        "coordinates": [
          104.000126,
          30.643964
        ]
      },
      "properties": {
        "name": "桢程铁艺",
        "category": "life",
        "type": "生活服务;生活服务场所;生活服务场所",
        "district": "武侯区",
        "weight": 12
      }
    },
    {
      "type": "Feature",
      "geometry": {
        "type": "Point",
        "coordinates": [
          103.99829,
          30.646096
        ]
      },
      "properties": {
        "name": "白铁加工",
        "category": "life",
        "type": "生活服务;生活服务场所;生活服务场所",
        "district": "武侯区",
        "weight": 6
      }
    },
    {
      "type": "Feature",
      "geometry": {
        "type": "Point",
        "coordinates": [
          103.997958,
          30.64338
        ]
      },
      "properties": {
        "name": "成都威廉古堡别墅聚会会所3号店",
        "category": "life",
        "type": "生活服务;生活服务场所;生活服务场所",
        "district": "武侯区",
        "weight": 1
      }
    },
    {
      "type": "Feature",
      "geometry": {
        "type": "Point",
        "coordinates": [
          104.001733,
          30.646826
        ]
      },
      "properties": {
        "name": "缝补店",
        "category": "life",
        "type": "生活服务;生活服务场所;生活服务场所",
        "district": "武侯区",
        "weight": 129
      }
    },
    {
      "type": "Feature",
      "geometry": {
        "type": "Point",
        "coordinates": [
          103.996024,
          30.646434
        ]
      },
      "properties": {
        "name": "大众美发",
        "category": "life",
        "type": "生活服务;美容美发店;美容美发店",
        "district": "武侯区",
        "weight": 2
      }
    },
    {
      "type": "Feature",
      "geometry": {
        "type": "Point",
        "coordinates": [
          104.002712,
          30.64164
        ]
      },
      "properties": {
        "name": "阳运装饰",
        "category": "life",
        "type": "生活服务;生活服务场所;生活服务场所",
        "district": "武侯区",
        "weight": 21
      }
    },
    {
      "type": "Feature",
      "geometry": {
        "type": "Point",
        "coordinates": [
          104.001082,
          30.641142
        ]
      },
      "properties": {
        "name": "速美达家庭式养生馆",
        "category": "life",
        "type": "生活服务;洗浴推拿场所;洗浴推拿场所",
        "district": "武侯区",
        "weight": 1
      }
    },
    {
      "type": "Feature",
      "geometry": {
        "type": "Point",
        "coordinates": [
          104.00363,
          30.644429
        ]
      },
      "properties": {
        "name": "晋阳街道办事处社会事务服务中心",
        "category": "life",
        "type": "生活服务;生活服务场所;生活服务场所",
        "district": "武侯区",
        "weight": 1
      }
    },
    {
      "type": "Feature",
      "geometry": {
        "type": "Point",
        "coordinates": [
          103.994289,
          30.64655
        ]
      },
      "properties": {
        "name": "纤指女王",
        "category": "life",
        "type": "生活服务;美容美发店;美容美发店",
        "district": "武侯区",
        "weight": 1
      }
    },
    {
      "type": "Feature",
      "geometry": {
        "type": "Point",
        "coordinates": [
          103.998173,
          30.64889
        ]
      },
      "properties": {
        "name": "辣轩配送",
        "category": "life",
        "type": "生活服务;生活服务场所;生活服务场所",
        "district": "武侯区",
        "weight": 1
      }
    },
    {
      "type": "Feature",
      "geometry": {
        "type": "Point",
        "coordinates": [
          104.000963,
          30.639748
        ]
      },
      "properties": {
        "name": "爱心原始点理疗",
        "category": "life",
        "type": "生活服务;洗浴推拿场所;洗浴推拿场所",
        "district": "武侯区",
        "weight": 2
      }
    },
    {
      "type": "Feature",
      "geometry": {
        "type": "Point",
        "coordinates": [
          104.007016,
          30.645109
        ]
      },
      "properties": {
        "name": "意屋光汇美肤中心",
        "category": "life",
        "type": "生活服务;美容美发店;美容美发店",
        "district": "武侯区",
        "weight": 3
      }
    },
    {
      "type": "Feature",
      "geometry": {
        "type": "Point",
        "coordinates": [
          104.010947,
          30.644044
        ]
      },
      "properties": {
        "name": "雅韵",
        "category": "life",
        "type": "生活服务;美容美发店;美容美发店",
        "district": "武侯区",
        "weight": 7
      }
    },
    {
      "type": "Feature",
      "geometry": {
        "type": "Point",
        "coordinates": [
          104.009805,
          30.648201
        ]
      },
      "properties": {
        "name": "茉茉美甲",
        "category": "life",
        "type": "生活服务;美容美发店;美容美发店",
        "district": "武侯区",
        "weight": 43
      }
    },
    {
      "type": "Feature",
      "geometry": {
        "type": "Point",
        "coordinates": [
          104.009198,
          30.641656
        ]
      },
      "properties": {
        "name": "诗奈尔(中环路武阳大道段)",
        "category": "life",
        "type": "生活服务;生活服务场所;生活服务场所",
        "district": "武侯区",
        "weight": 2
      }
    },
    {
      "type": "Feature",
      "geometry": {
        "type": "Point",
        "coordinates": [
          104.00486,
          30.642497
        ]
      },
      "properties": {
        "name": "晶楠天地销售中心",
        "category": "life",
        "type": "生活服务;生活服务场所;生活服务场所",
        "district": "武侯区",
        "weight": 3
      }
    },
    {
      "type": "Feature",
      "geometry": {
        "type": "Point",
        "coordinates": [
          104.022376,
          30.640613
        ]
      },
      "properties": {
        "name": "妇产科专委会副主任委员单位",
        "category": "life",
        "type": "生活服务;生活服务场所;生活服务场所",
        "district": "武侯区",
        "weight": 1
      }
    },
    {
      "type": "Feature",
      "geometry": {
        "type": "Point",
        "coordinates": [
          104.030918,
          30.640294
        ]
      },
      "properties": {
        "name": "标榜",
        "category": "life",
        "type": "生活服务;美容美发店;美容美发店",
        "district": "武侯区",
        "weight": 2
      }
    },
    {
      "type": "Feature",
      "geometry": {
        "type": "Point",
        "coordinates": [
          104.029824,
          30.647143
        ]
      },
      "properties": {
        "name": "速递易(名都苑B86)",
        "category": "life",
        "type": "生活服务;物流速递;物流速递",
        "district": "武侯区",
        "weight": 1
      }
    },
    {
      "type": "Feature",
      "geometry": {
        "type": "Point",
        "coordinates": [
          104.040759,
          30.648801
        ]
      },
      "properties": {
        "name": "永嘉易站(成都体育学院校园快递综合服务中心)",
        "category": "life",
        "type": "生活服务;生活服务场所;生活服务场所",
        "district": "武侯区",
        "weight": 1
      }
    },
    {
      "type": "Feature",
      "geometry": {
        "type": "Point",
        "coordinates": [
          104.036655,
          30.642745
        ]
      },
      "properties": {
        "name": "中国移动(高升桥服务厅)",
        "category": "life",
        "type": "生活服务;电讯营业厅;中国移动营业厅",
        "district": "武侯区",
        "weight": 2
      }
    },
    {
      "type": "Feature",
      "geometry": {
        "type": "Point",
        "coordinates": [
          104.050949,
          30.646607
        ]
      },
      "properties": {
        "name": "乐助社",
        "category": "life",
        "type": "生活服务;生活服务场所;生活服务场所",
        "district": "武侯区",
        "weight": 6
      }
    },
    {
      "type": "Feature",
      "geometry": {
        "type": "Point",
        "coordinates": [
          104.048704,
          30.641177
        ]
      },
      "properties": {
        "name": "全心印务",
        "category": "life",
        "type": "生活服务;生活服务场所;生活服务场所",
        "district": "武侯区",
        "weight": 9
      }
    },
    {
      "type": "Feature",
      "geometry": {
        "type": "Point",
        "coordinates": [
          104.047171,
          30.648802
        ]
      },
      "properties": {
        "name": "成都武侯祠博物馆售票厅",
        "category": "life",
        "type": "生活服务;售票处;公园景点售票处",
        "district": "武侯区",
        "weight": 1
      }
    },
    {
      "type": "Feature",
      "geometry": {
        "type": "Point",
        "coordinates": [
          104.047607,
          30.638107
        ]
      },
      "properties": {
        "name": "省青旅",
        "category": "life",
        "type": "生活服务;生活服务场所;生活服务场所",
        "district": "武侯区",
        "weight": 30
      }
    },
    {
      "type": "Feature",
      "geometry": {
        "type": "Point",
        "coordinates": [
          104.046736,
          30.642332
        ]
      },
      "properties": {
        "name": "西南民族大学邮政所",
        "category": "life",
        "type": "生活服务;邮局;邮局",
        "district": "武侯区",
        "weight": 1
      }
    },
    {
      "type": "Feature",
      "geometry": {
        "type": "Point",
        "coordinates": [
          104.056474,
          30.644678
        ]
      },
      "properties": {
        "name": "理发室(桓新巷)",
        "category": "life",
        "type": "生活服务;美容美发店;美容美发店",
        "district": "武侯区",
        "weight": 2
      }
    },
    {
      "type": "Feature",
      "geometry": {
        "type": "Point",
        "coordinates": [
          104.05903,
          30.644645
        ]
      },
      "properties": {
        "name": "成都通银联便民支付点",
        "category": "life",
        "type": "生活服务;生活服务场所;生活服务场所",
        "district": "武侯区",
        "weight": 10
      }
    },
    {
      "type": "Feature",
      "geometry": {
        "type": "Point",
        "coordinates": [
          104.059231,
          30.641951
        ]
      },
      "properties": {
        "name": "谢谢发艺",
        "category": "life",
        "type": "生活服务;美容美发店;美容美发店",
        "district": "武侯区",
        "weight": 3
      }
    },
    {
      "type": "Feature",
      "geometry": {
        "type": "Point",
        "coordinates": [
          104.063085,
          30.646825
        ]
      },
      "properties": {
        "name": "航空票务",
        "category": "life",
        "type": "生活服务;售票处;飞机票代售点",
        "district": "武侯区",
        "weight": 7
      }
    },
    {
      "type": "Feature",
      "geometry": {
        "type": "Point",
        "coordinates": [
          104.062976,
          30.641783
        ]
      },
      "properties": {
        "name": "实名制就诊卡填表处",
        "category": "life",
        "type": "生活服务;生活服务场所;生活服务场所",
        "district": "武侯区",
        "weight": 2
      }
    },
    {
      "type": "Feature",
      "geometry": {
        "type": "Point",
        "coordinates": [
          104.062259,
          30.648552
        ]
      },
      "properties": {
        "name": "G+造型",
        "category": "life",
        "type": "生活服务;美容美发店;美容美发店",
        "district": "武侯区",
        "weight": 17
      }
    },
    {
      "type": "Feature",
      "geometry": {
        "type": "Point",
        "coordinates": [
          104.065384,
          30.645304
        ]
      },
      "properties": {
        "name": "中国体育彩票",
        "category": "life",
        "type": "生活服务;彩票彩券销售点;彩票彩券销售点",
        "district": "武侯区",
        "weight": 15
      }
    },
    {
      "type": "Feature",
      "geometry": {
        "type": "Point",
        "coordinates": [
          104.069149,
          30.642511
        ]
      },
      "properties": {
        "name": "乐永文印店",
        "category": "life",
        "type": "生活服务;生活服务场所;生活服务场所",
        "district": "武侯区",
        "weight": 8
      }
    },
    {
      "type": "Feature",
      "geometry": {
        "type": "Point",
        "coordinates": [
          104.077576,
          30.642054
        ]
      },
      "properties": {
        "name": "悦媄",
        "category": "life",
        "type": "生活服务;美容美发店;美容美发店",
        "district": "武侯区",
        "weight": 631
      }
    },
    {
      "type": "Feature",
      "geometry": {
        "type": "Point",
        "coordinates": [
          104.067538,
          30.646899
        ]
      },
      "properties": {
        "name": "房屋租售",
        "category": "life",
        "type": "生活服务;生活服务场所;生活服务场所",
        "district": "武侯区",
        "weight": 10
      }
    },
    {
      "type": "Feature",
      "geometry": {
        "type": "Point",
        "coordinates": [
          104.067778,
          30.64325
        ]
      },
      "properties": {
        "name": "中国移动(华西店)",
        "category": "life",
        "type": "生活服务;电讯营业厅;中国移动营业厅",
        "district": "武侯区",
        "weight": 5
      }
    },
    {
      "type": "Feature",
      "geometry": {
        "type": "Point",
        "coordinates": [
          104.065367,
          30.643323
        ]
      },
      "properties": {
        "name": "成都美国海外留学中心",
        "category": "life",
        "type": "生活服务;生活服务场所;生活服务场所",
        "district": "武侯区",
        "weight": 1
      }
    },
    {
      "type": "Feature",
      "geometry": {
        "type": "Point",
        "coordinates": [
          104.064335,
          30.641434
        ]
      },
      "properties": {
        "name": "发现之旅",
        "category": "life",
        "type": "生活服务;生活服务场所;生活服务场所",
        "district": "武侯区",
        "weight": 13
      }
    },
    {
      "type": "Feature",
      "geometry": {
        "type": "Point",
        "coordinates": [
          104.069596,
          30.638916
        ]
      },
      "properties": {
        "name": "忠毅印务",
        "category": "life",
        "type": "生活服务;生活服务场所;生活服务场所",
        "district": "武侯区",
        "weight": 33
      }
    },
    {
      "type": "Feature",
      "geometry": {
        "type": "Point",
        "coordinates": [
          104.067989,
          30.649168
        ]
      },
      "properties": {
        "name": "熏衣香堡工作室",
        "category": "life",
        "type": "生活服务;生活服务场所;生活服务场所",
        "district": "锦江区",
        "weight": 2
      }
    },
    {
      "type": "Feature",
      "geometry": {
        "type": "Point",
        "coordinates": [
          104.064595,
          30.648155
        ]
      },
      "properties": {
        "name": "行德广告",
        "category": "life",
        "type": "生活服务;生活服务场所;生活服务场所",
        "district": "武侯区",
        "weight": 2
      }
    },
    {
      "type": "Feature",
      "geometry": {
        "type": "Point",
        "coordinates": [
          104.065796,
          30.639403
        ]
      },
      "properties": {
        "name": "喜乐旅游",
        "category": "life",
        "type": "生活服务;旅行社;旅行社",
        "district": "武侯区",
        "weight": 20
      }
    },
    {
      "type": "Feature",
      "geometry": {
        "type": "Point",
        "coordinates": [
          104.063835,
          30.64003
        ]
      },
      "properties": {
        "name": "睿秀月嫂",
        "category": "life",
        "type": "生活服务;生活服务场所;生活服务场所",
        "district": "武侯区",
        "weight": 5
      }
    },
    {
      "type": "Feature",
      "geometry": {
        "type": "Point",
        "coordinates": [
          104.082123,
          30.646782
        ]
      },
      "properties": {
        "name": "嘟嘟美甲",
        "category": "life",
        "type": "生活服务;美容美发店;美容美发店",
        "district": "锦江区",
        "weight": 6
      }
    },
    {
      "type": "Feature",
      "geometry": {
        "type": "Point",
        "coordinates": [
          104.083939,
          30.645515
        ]
      },
      "properties": {
        "name": "凡廷私人造型",
        "category": "life",
        "type": "生活服务;美容美发店;美容美发店",
        "district": "锦江区",
        "weight": 4
      }
    },
    {
      "type": "Feature",
      "geometry": {
        "type": "Point",
        "coordinates": [
          104.088378,
          30.641664
        ]
      },
      "properties": {
        "name": "悦享自助洗衣",
        "category": "life",
        "type": "生活服务;洗衣店;洗衣店",
        "district": "锦江区",
        "weight": 4
      }
    },
    {
      "type": "Feature",
      "geometry": {
        "type": "Point",
        "coordinates": [
          104.089396,
          30.640519
        ]
      },
      "properties": {
        "name": "最FASHION催乳师",
        "category": "life",
        "type": "生活服务;美容美发店;美容美发店",
        "district": "锦江区",
        "weight": 2
      }
    },
    {
      "type": "Feature",
      "geometry": {
        "type": "Point",
        "coordinates": [
          104.084356,
          30.647968
        ]
      },
      "properties": {
        "name": "优特图文快印",
        "category": "life",
        "type": "生活服务;生活服务场所;生活服务场所",
        "district": "锦江区",
        "weight": 8
      }
    },
    {
      "type": "Feature",
      "geometry": {
        "type": "Point",
        "coordinates": [
          104.105207,
          30.644017
        ]
      },
      "properties": {
        "name": "老发屋",
        "category": "life",
        "type": "生活服务;美容美发店;美容美发店",
        "district": "锦江区",
        "weight": 7
      }
    },
    {
      "type": "Feature",
      "geometry": {
        "type": "Point",
        "coordinates": [
          104.106937,
          30.646193
        ]
      },
      "properties": {
        "name": "红红棉胎加工店",
        "category": "life",
        "type": "生活服务;生活服务场所;生活服务场所",
        "district": "成华区",
        "weight": 4
      }
    },
    {
      "type": "Feature",
      "geometry": {
        "type": "Point",
        "coordinates": [
          104.121498,
          30.646166
        ]
      },
      "properties": {
        "name": "瑞法斯",
        "category": "life",
        "type": "生活服务;美容美发店;美容美发店",
        "district": "成华区",
        "weight": 55
      }
    },
    {
      "type": "Feature",
      "geometry": {
        "type": "Point",
        "coordinates": [
          104.119906,
          30.642863
        ]
      },
      "properties": {
        "name": "圣华广告",
        "category": "life",
        "type": "生活服务;生活服务场所;生活服务场所",
        "district": "成华区",
        "weight": 2
      }
    },
    {
      "type": "Feature",
      "geometry": {
        "type": "Point",
        "coordinates": [
          104.118918,
          30.646792
        ]
      },
      "properties": {
        "name": "黄金指专业修脚店",
        "category": "life",
        "type": "生活服务;洗浴推拿场所;洗浴推拿场所",
        "district": "成华区",
        "weight": 2
      }
    },
    {
      "type": "Feature",
      "geometry": {
        "type": "Point",
        "coordinates": [
          104.121434,
          30.643087
        ]
      },
      "properties": {
        "name": "满堂红",
        "category": "life",
        "type": "生活服务;生活服务场所;生活服务场所",
        "district": "成华区",
        "weight": 1
      }
    },
    {
      "type": "Feature",
      "geometry": {
        "type": "Point",
        "coordinates": [
          104.11605,
          30.641512
        ]
      },
      "properties": {
        "name": "中洲地产",
        "category": "life",
        "type": "生活服务;生活服务场所;生活服务场所",
        "district": "锦江区",
        "weight": 1
      }
    },
    {
      "type": "Feature",
      "geometry": {
        "type": "Point",
        "coordinates": [
          104.123434,
          30.646561
        ]
      },
      "properties": {
        "name": "丽芙美睫",
        "category": "life",
        "type": "生活服务;美容美发店;美容美发店",
        "district": "成华区",
        "weight": 2
      }
    },
    {
      "type": "Feature",
      "geometry": {
        "type": "Point",
        "coordinates": [
          104.119332,
          30.639512
        ]
      },
      "properties": {
        "name": "塔子山公园-鸟语林售票窗",
        "category": "life",
        "type": "生活服务;售票处;公园景点售票处",
        "district": "锦江区",
        "weight": 1
      }
    },
    {
      "type": "Feature",
      "geometry": {
        "type": "Point",
        "coordinates": [
          104.128776,
          30.644024
        ]
      },
      "properties": {
        "name": "巧手缝补店",
        "category": "life",
        "type": "生活服务;生活服务场所;生活服务场所",
        "district": "成华区",
        "weight": 1
      }
    },
    {
      "type": "Feature",
      "geometry": {
        "type": "Point",
        "coordinates": [
          104.129859,
          30.644059
        ]
      },
      "properties": {
        "name": "家电维修",
        "category": "life",
        "type": "生活服务;维修站点;维修站点",
        "district": "成华区",
        "weight": 2
      }
    },
    {
      "type": "Feature",
      "geometry": {
        "type": "Point",
        "coordinates": [
          104.127642,
          30.647096
        ]
      },
      "properties": {
        "name": "云南哈呢专业按摩",
        "category": "life",
        "type": "生活服务;洗浴推拿场所;洗浴推拿场所",
        "district": "成华区",
        "weight": 3
      }
    },
    {
      "type": "Feature",
      "geometry": {
        "type": "Point",
        "coordinates": [
          104.12751,
          30.640386
        ]
      },
      "properties": {
        "name": "尚纤美业",
        "category": "life",
        "type": "生活服务;美容美发店;美容美发店",
        "district": "成华区",
        "weight": 7
      }
    },
    {
      "type": "Feature",
      "geometry": {
        "type": "Point",
        "coordinates": [
          104.135655,
          30.646598
        ]
      },
      "properties": {
        "name": "法国珀蒂",
        "category": "life",
        "type": "生活服务;美容美发店;美容美发店",
        "district": "成华区",
        "weight": 23
      }
    },
    {
      "type": "Feature",
      "geometry": {
        "type": "Point",
        "coordinates": [
          104.13337,
          30.639793
        ]
      },
      "properties": {
        "name": "东虹路社区综合管理服务站",
        "category": "life",
        "type": "生活服务;生活服务场所;生活服务场所",
        "district": "成华区",
        "weight": 2
      }
    },
    {
      "type": "Feature",
      "geometry": {
        "type": "Point",
        "coordinates": [
          104.130375,
          30.639991
        ]
      },
      "properties": {
        "name": "成都公交五桂桥北区客运站售票处",
        "category": "life",
        "type": "生活服务;售票处;长途汽车票代售点",
        "district": "成华区",
        "weight": 1
      }
    },
    {
      "type": "Feature",
      "geometry": {
        "type": "Point",
        "coordinates": [
          104.138256,
          30.644338
        ]
      },
      "properties": {
        "name": "新达复印",
        "category": "life",
        "type": "生活服务;生活服务场所;生活服务场所",
        "district": "成华区",
        "weight": 36
      }
    },
    {
      "type": "Feature",
      "geometry": {
        "type": "Point",
        "coordinates": [
          104.138127,
          30.641994
        ]
      },
      "properties": {
        "name": "M.Mi尚造型",
        "category": "life",
        "type": "生活服务;美容美发店;美容美发店",
        "district": "成华区",
        "weight": 4
      }
    },
    {
      "type": "Feature",
      "geometry": {
        "type": "Point",
        "coordinates": [
          104.140267,
          30.640835
        ]
      },
      "properties": {
        "name": "邮政快递",
        "category": "life",
        "type": "生活服务;物流速递;物流速递",
        "district": "成华区",
        "weight": 3
      }
    },
    {
      "type": "Feature",
      "geometry": {
        "type": "Point",
        "coordinates": [
          104.13917,
          30.646619
        ]
      },
      "properties": {
        "name": "Sweetly婚纱礼服工作室",
        "category": "life",
        "type": "生活服务;摄影冲印店;摄影冲印",
        "district": "成华区",
        "weight": 1
      }
    },
    {
      "type": "Feature",
      "geometry": {
        "type": "Point",
        "coordinates": [
          104.141499,
          30.641068
        ]
      },
      "properties": {
        "name": "卡伊妮洗衣(阳光100店)",
        "category": "life",
        "type": "生活服务;洗衣店;洗衣店",
        "district": "成华区",
        "weight": 1
      }
    },
    {
      "type": "Feature",
      "geometry": {
        "type": "Point",
        "coordinates": [
          104.137368,
          30.648292
        ]
      },
      "properties": {
        "name": "小刘专业维修电动车",
        "category": "life",
        "type": "生活服务;维修站点;维修站点",
        "district": "成华区",
        "weight": 1
      }
    },
    {
      "type": "Feature",
      "geometry": {
        "type": "Point",
        "coordinates": [
          104.15056,
          30.646311
        ]
      },
      "properties": {
        "name": "易速递",
        "category": "life",
        "type": "生活服务;生活服务场所;生活服务场所",
        "district": "成华区",
        "weight": 21
      }
    },
    {
      "type": "Feature",
      "geometry": {
        "type": "Point",
        "coordinates": [
          104.15061,
          30.644122
        ]
      },
      "properties": {
        "name": "四川广电网络(保和营业厅)",
        "category": "life",
        "type": "生活服务;生活服务场所;生活服务场所",
        "district": "成华区",
        "weight": 2
      }
    },
    {
      "type": "Feature",
      "geometry": {
        "type": "Point",
        "coordinates": [
          104.15,
          30.641583
        ]
      },
      "properties": {
        "name": "金银加工",
        "category": "life",
        "type": "生活服务;生活服务场所;生活服务场所",
        "district": "成华区",
        "weight": 6
      }
    },
    {
      "type": "Feature",
      "geometry": {
        "type": "Point",
        "coordinates": [
          104.148691,
          30.640698
        ]
      },
      "properties": {
        "name": "创意发屋",
        "category": "life",
        "type": "生活服务;生活服务场所;生活服务场所",
        "district": "成华区",
        "weight": 5
      }
    },
    {
      "type": "Feature",
      "geometry": {
        "type": "Point",
        "coordinates": [
          104.151564,
          30.647778
        ]
      },
      "properties": {
        "name": "便民理发",
        "category": "life",
        "type": "生活服务;美容美发店;美容美发店",
        "district": "成华区",
        "weight": 4
      }
    },
    {
      "type": "Feature",
      "geometry": {
        "type": "Point",
        "coordinates": [
          104.15227,
          30.64872
        ]
      },
      "properties": {
        "name": "接待室",
        "category": "life",
        "type": "生活服务;生活服务场所;生活服务场所",
        "district": "成华区",
        "weight": 1
      }
    },
    {
      "type": "Feature",
      "geometry": {
        "type": "Point",
        "coordinates": [
          104.148664,
          30.645102
        ]
      },
      "properties": {
        "name": "圆通速递(杨东路三段)",
        "category": "life",
        "type": "生活服务;物流速递;物流速递",
        "district": "成华区",
        "weight": 3
      }
    },
    {
      "type": "Feature",
      "geometry": {
        "type": "Point",
        "coordinates": [
          104.152696,
          30.640401
        ]
      },
      "properties": {
        "name": "速递易",
        "category": "life",
        "type": "生活服务;物流速递;物流速递",
        "district": "成华区",
        "weight": 1
      }
    },
    {
      "type": "Feature",
      "geometry": {
        "type": "Point",
        "coordinates": [
          104.15928,
          30.644584
        ]
      },
      "properties": {
        "name": "金箭驾校报名点(胜天新苑东区东)",
        "category": "life",
        "type": "生活服务;生活服务场所;生活服务场所",
        "district": "成华区",
        "weight": 1
      }
    },
    {
      "type": "Feature",
      "geometry": {
        "type": "Point",
        "coordinates": [
          104.157765,
          30.642228
        ]
      },
      "properties": {
        "name": "中储晋商储运",
        "category": "life",
        "type": "生活服务;物流速递;物流速递",
        "district": "成华区",
        "weight": 1
      }
    },
    {
      "type": "Feature",
      "geometry": {
        "type": "Point",
        "coordinates": [
          104.155382,
          30.642622
        ]
      },
      "properties": {
        "name": "成都鸿翔特约维修服务站",
        "category": "life",
        "type": "生活服务;生活服务场所;生活服务场所",
        "district": "成华区",
        "weight": 1
      }
    },
    {
      "type": "Feature",
      "geometry": {
        "type": "Point",
        "coordinates": [
          104.158842,
          30.640999
        ]
      },
      "properties": {
        "name": "众潢广告",
        "category": "life",
        "type": "生活服务;生活服务场所;生活服务场所",
        "district": "成华区",
        "weight": 2
      }
    },
    {
      "type": "Feature",
      "geometry": {
        "type": "Point",
        "coordinates": [
          104.158052,
          30.6397
        ]
      },
      "properties": {
        "name": "新潮理发店(斑竹社区卫生服务站西)",
        "category": "life",
        "type": "生活服务;美容美发店;美容美发店",
        "district": "成华区",
        "weight": 2
      }
    },
    {
      "type": "Feature",
      "geometry": {
        "type": "Point",
        "coordinates": [
          104.15393,
          30.640788
        ]
      },
      "properties": {
        "name": "中国福利彩票",
        "category": "life",
        "type": "生活服务;彩票彩券销售点;彩票彩券销售点",
        "district": "成华区",
        "weight": 6
      }
    },
    {
      "type": "Feature",
      "geometry": {
        "type": "Point",
        "coordinates": [
          103.966857,
          30.629199
        ]
      },
      "properties": {
        "name": "理发店",
        "category": "life",
        "type": "生活服务;美容美发店;美容美发店",
        "district": "武侯区",
        "weight": 97
      }
    },
    {
      "type": "Feature",
      "geometry": {
        "type": "Point",
        "coordinates": [
          103.966723,
          30.635785
        ]
      },
      "properties": {
        "name": "嘉瑞物流",
        "category": "life",
        "type": "生活服务;物流速递;物流速递",
        "district": "武侯区",
        "weight": 12
      }
    },
    {
      "type": "Feature",
      "geometry": {
        "type": "Point",
        "coordinates": [
          103.967217,
          30.638788
        ]
      },
      "properties": {
        "name": "创艺美发(武青西四路)",
        "category": "life",
        "type": "生活服务;美容美发店;美容美发店",
        "district": "武侯区",
        "weight": 2
      }
    },
    {
      "type": "Feature",
      "geometry": {
        "type": "Point",
        "coordinates": [
          103.968405,
          30.637089
        ]
      },
      "properties": {
        "name": "厚石广告",
        "category": "life",
        "type": "生活服务;生活服务场所;生活服务场所",
        "district": "武侯区",
        "weight": 1
      }
    },
    {
      "type": "Feature",
      "geometry": {
        "type": "Point",
        "coordinates": [
          103.970549,
          30.632463
        ]
      },
      "properties": {
        "name": "瑞格利图文(西部智谷店)",
        "category": "life",
        "type": "生活服务;生活服务场所;生活服务场所",
        "district": "武侯区",
        "weight": 1
      }
    },
    {
      "type": "Feature",
      "geometry": {
        "type": "Point",
        "coordinates": [
          103.969373,
          30.631723
        ]
      },
      "properties": {
        "name": "重庆市运益物流有限公司",
        "category": "life",
        "type": "生活服务;物流速递;物流速递",
        "district": "武侯区",
        "weight": 1
      }
    },
    {
      "type": "Feature",
      "geometry": {
        "type": "Point",
        "coordinates": [
          103.973766,
          30.638938
        ]
      },
      "properties": {
        "name": "跑跑兔搬家",
        "category": "life",
        "type": "生活服务;生活服务场所;生活服务场所",
        "district": "武侯区",
        "weight": 2
      }
    },
    {
      "type": "Feature",
      "geometry": {
        "type": "Point",
        "coordinates": [
          103.98017,
          30.635136
        ]
      },
      "properties": {
        "name": "四川国盛特约维修",
        "category": "life",
        "type": "生活服务;生活服务场所;生活服务场所",
        "district": "武侯区",
        "weight": 1
      }
    },
    {
      "type": "Feature",
      "geometry": {
        "type": "Point",
        "coordinates": [
          103.982127,
          30.636664
        ]
      },
      "properties": {
        "name": "腾翔旅行社",
        "category": "life",
        "type": "生活服务;生活服务场所;生活服务场所",
        "district": "武侯区",
        "weight": 5
      }
    },
    {
      "type": "Feature",
      "geometry": {
        "type": "Point",
        "coordinates": [
          103.97906,
          30.637744
        ]
      },
      "properties": {
        "name": "嘉印图文",
        "category": "life",
        "type": "生活服务;生活服务场所;生活服务场所",
        "district": "武侯区",
        "weight": 4
      }
    },
    {
      "type": "Feature",
      "geometry": {
        "type": "Point",
        "coordinates": [
          103.974754,
          30.635807
        ]
      },
      "properties": {
        "name": "京东商城成都客服中心",
        "category": "life",
        "type": "生活服务;生活服务场所;生活服务场所",
        "district": "武侯区",
        "weight": 2
      }
    },
    {
      "type": "Feature",
      "geometry": {
        "type": "Point",
        "coordinates": [
          103.975588,
          30.632101
        ]
      },
      "properties": {
        "name": "夜狼安防(四川总代理)",
        "category": "life",
        "type": "生活服务;生活服务场所;生活服务场所",
        "district": "武侯区",
        "weight": 1
      }
    },
    {
      "type": "Feature",
      "geometry": {
        "type": "Point",
        "coordinates": [
          103.974916,
          30.636887
        ]
      },
      "properties": {
        "name": "成都易联物流有限公司",
        "category": "life",
        "type": "生活服务;物流速递;物流速递",
        "district": "武侯区",
        "weight": 5
      }
    },
    {
      "type": "Feature",
      "geometry": {
        "type": "Point",
        "coordinates": [
          103.976878,
          30.638217
        ]
      },
      "properties": {
        "name": "顺丰速运(武青西四路营业点)",
        "category": "life",
        "type": "生活服务;物流速递;物流速递",
        "district": "武侯区",
        "weight": 2
      }
    },
    {
      "type": "Feature",
      "geometry": {
        "type": "Point",
        "coordinates": [
          103.98196,
          30.63086
        ]
      },
      "properties": {
        "name": "菜鸟驿站",
        "category": "life",
        "type": "生活服务;生活服务场所;生活服务场所",
        "district": "武侯区",
        "weight": 6
      }
    },
    {
      "type": "Feature",
      "geometry": {
        "type": "Point",
        "coordinates": [
          103.984176,
          30.635684
        ]
      },
      "properties": {
        "name": "格力售后",
        "category": "life",
        "type": "生活服务;生活服务场所;生活服务场所",
        "district": "武侯区",
        "weight": 3
      }
    },
    {
      "type": "Feature",
      "geometry": {
        "type": "Point",
        "coordinates": [
          103.983731,
          30.631894
        ]
      },
      "properties": {
        "name": "海帛制作",
        "category": "life",
        "type": "生活服务;生活服务场所;生活服务场所",
        "district": "武侯区",
        "weight": 4
      }
    },
    {
      "type": "Feature",
      "geometry": {
        "type": "Point",
        "coordinates": [
          103.983816,
          30.629973
        ]
      },
      "properties": {
        "name": "中国福利彩票",
        "category": "life",
        "type": "生活服务;彩票彩券销售点;彩票彩券销售点",
        "district": "武侯区",
        "weight": 7
      }
    },
    {
      "type": "Feature",
      "geometry": {
        "type": "Point",
        "coordinates": [
          103.980668,
          30.633431
        ]
      },
      "properties": {
        "name": "成都神鹰燃油喷射维修服务中心",
        "category": "life",
        "type": "生活服务;维修站点;维修站点",
        "district": "武侯区",
        "weight": 1
      }
    },
    {
      "type": "Feature",
      "geometry": {
        "type": "Point",
        "coordinates": [
          103.975935,
          30.630384
        ]
      },
      "properties": {
        "name": "武侯工业园邮政所",
        "category": "life",
        "type": "生活服务;邮局;邮局",
        "district": "武侯区",
        "weight": 1
      }
    },
    {
      "type": "Feature",
      "geometry": {
        "type": "Point",
        "coordinates": [
          103.987624,
          30.632901
        ]
      },
      "properties": {
        "name": "富临运业",
        "category": "life",
        "type": "生活服务;生活服务场所;生活服务场所",
        "district": "武侯区",
        "weight": 3
      }
    },
    {
      "type": "Feature",
      "geometry": {
        "type": "Point",
        "coordinates": [
          103.992751,
          30.631789
        ]
      },
      "properties": {
        "name": "秀色",
        "category": "life",
        "type": "生活服务;美容美发店;美容美发店",
        "district": "武侯区",
        "weight": 12
      }
    },
    {
      "type": "Feature",
      "geometry": {
        "type": "Point",
        "coordinates": [
          103.993897,
          30.628802
        ]
      },
      "properties": {
        "name": "丝颂",
        "category": "life",
        "type": "生活服务;美容美发店;美容美发店",
        "district": "武侯区",
        "weight": 44
      }
    },
    {
      "type": "Feature",
      "geometry": {
        "type": "Point",
        "coordinates": [
          103.992052,
          30.635424
        ]
      },
      "properties": {
        "name": "菜鸟驿站(百世邻里天际首府)",
        "category": "life",
        "type": "生活服务;物流速递;物流速递",
        "district": "武侯区",
        "weight": 2
      }
    },
    {
      "type": "Feature",
      "geometry": {
        "type": "Point",
        "coordinates": [
          103.986805,
          30.637886
        ]
      },
      "properties": {
        "name": "成都亿联达物流公司",
        "category": "life",
        "type": "生活服务;物流速递;物流速递",
        "district": "武侯区",
        "weight": 2
      }
    },
    {
      "type": "Feature",
      "geometry": {
        "type": "Point",
        "coordinates": [
          103.990881,
          30.63044
        ]
      },
      "properties": {
        "name": "永能售后部",
        "category": "life",
        "type": "生活服务;生活服务场所;生活服务场所",
        "district": "武侯区",
        "weight": 3
      }
    },
    {
      "type": "Feature",
      "geometry": {
        "type": "Point",
        "coordinates": [
          103.984433,
          30.638244
        ]
      },
      "properties": {
        "name": "振鑫图文快印",
        "category": "life",
        "type": "生活服务;生活服务场所;生活服务场所",
        "district": "武侯区",
        "weight": 2
      }
    },
    {
      "type": "Feature",
      "geometry": {
        "type": "Point",
        "coordinates": [
          103.986151,
          30.630879
        ]
      },
      "properties": {
        "name": "电信营业厅",
        "category": "life",
        "type": "生活服务;电讯营业厅;中国电信营业厅",
        "district": "武侯区",
        "weight": 1
      }
    },
    {
      "type": "Feature",
      "geometry": {
        "type": "Point",
        "coordinates": [
          103.985918,
          30.632118
        ]
      },
      "properties": {
        "name": "成都鑫鼎房地产",
        "category": "life",
        "type": "生活服务;生活服务场所;生活服务场所",
        "district": "武侯区",
        "weight": 1
      }
    },
    {
      "type": "Feature",
      "geometry": {
        "type": "Point",
        "coordinates": [
          103.998311,
          30.636212
        ]
      },
      "properties": {
        "name": "爱仔",
        "category": "life",
        "type": "生活服务;生活服务场所;生活服务场所",
        "district": "武侯区",
        "weight": 136
      }
    },
    {
      "type": "Feature",
      "geometry": {
        "type": "Point",
        "coordinates": [
          104.00124,
          30.633663
        ]
      },
      "properties": {
        "name": "植物医生",
        "category": "life",
        "type": "生活服务;生活服务场所;生活服务场所",
        "district": "武侯区",
        "weight": 4
      }
    },
    {
      "type": "Feature",
      "geometry": {
        "type": "Point",
        "coordinates": [
          103.999663,
          30.631167
        ]
      },
      "properties": {
        "name": "爱诗",
        "category": "life",
        "type": "生活服务;生活服务场所;生活服务场所",
        "district": "武侯区",
        "weight": 11
      }
    },
    {
      "type": "Feature",
      "geometry": {
        "type": "Point",
        "coordinates": [
          104.002753,
          30.6344
        ]
      },
      "properties": {
        "name": "恒基装饰·设计创意中心",
        "category": "life",
        "type": "生活服务;生活服务场所;生活服务场所",
        "district": "武侯区",
        "weight": 1
      }
    },
    {
      "type": "Feature",
      "geometry": {
        "type": "Point",
        "coordinates": [
          104.003811,
          30.632922
        ]
      },
      "properties": {
        "name": "晨辉旅游",
        "category": "life",
        "type": "生活服务;生活服务场所;生活服务场所",
        "district": "武侯区",
        "weight": 17
      }
    },
    {
      "type": "Feature",
      "geometry": {
        "type": "Point",
        "coordinates": [
          104.000736,
          30.63113
        ]
      },
      "properties": {
        "name": "如意窝养生",
        "category": "life",
        "type": "生活服务;美容美发店;美容美发店",
        "district": "武侯区",
        "weight": 1
      }
    },
    {
      "type": "Feature",
      "geometry": {
        "type": "Point",
        "coordinates": [
          103.999855,
          30.638654
        ]
      },
      "properties": {
        "name": "武侯区簇锦街道农村产权维护法律援助工作站",
        "category": "life",
        "type": "生活服务;生活服务场所;生活服务场所",
        "district": "武侯区",
        "weight": 1
      }
    },
    {
      "type": "Feature",
      "geometry": {
        "type": "Point",
        "coordinates": [
          103.994407,
          30.632525
        ]
      },
      "properties": {
        "name": "小尾巴摄影工作室",
        "category": "life",
        "type": "生活服务;生活服务场所;生活服务场所",
        "district": "武侯区",
        "weight": 1
      }
    },
    {
      "type": "Feature",
      "geometry": {
        "type": "Point",
        "coordinates": [
          103.993766,
          30.633361
        ]
      },
      "properties": {
        "name": "今晨家政(武侯店)",
        "category": "life",
        "type": "生活服务;生活服务场所;生活服务场所",
        "district": "武侯区",
        "weight": 1
      }
    },
    {
      "type": "Feature",
      "geometry": {
        "type": "Point",
        "coordinates": [
          103.996529,
          30.628772
        ]
      },
      "properties": {
        "name": "美卡多",
        "category": "life",
        "type": "生活服务;生活服务场所;生活服务场所",
        "district": "武侯区",
        "weight": 26
      }
    },
    {
      "type": "Feature",
      "geometry": {
        "type": "Point",
        "coordinates": [
          104.002893,
          30.638852
        ]
      },
      "properties": {
        "name": "美的顾客服务中心",
        "category": "life",
        "type": "生活服务;维修站点;维修站点",
        "district": "武侯区",
        "weight": 1
      }
    },
    {
      "type": "Feature",
      "geometry": {
        "type": "Point",
        "coordinates": [
          104.003398,
          30.630168
        ]
      },
      "properties": {
        "name": "中国邮政便民服务站",
        "category": "life",
        "type": "生活服务;物流速递;物流速递",
        "district": "武侯区",
        "weight": 1
      }
    },
    {
      "type": "Feature",
      "geometry": {
        "type": "Point",
        "coordinates": [
          104.012263,
          30.633301
        ]
      },
      "properties": {
        "name": "韵达快递(旗舰店)",
        "category": "life",
        "type": "生活服务;物流速递;物流速递",
        "district": "武侯区",
        "weight": 3
      }
    },
    {
      "type": "Feature",
      "geometry": {
        "type": "Point",
        "coordinates": [
          104.012414,
          30.635158
        ]
      },
      "properties": {
        "name": "蒂梵美甲",
        "category": "life",
        "type": "生活服务;美容美发店;美容美发店",
        "district": "武侯区",
        "weight": 9
      }
    },
    {
      "type": "Feature",
      "geometry": {
        "type": "Point",
        "coordinates": [
          104.011723,
          30.631839
        ]
      },
      "properties": {
        "name": "路易安娜护理中心",
        "category": "life",
        "type": "生活服务;美容美发店;美容美发店",
        "district": "武侯区",
        "weight": 5
      }
    },
    {
      "type": "Feature",
      "geometry": {
        "type": "Point",
        "coordinates": [
          104.006174,
          30.636584
        ]
      },
      "properties": {
        "name": "逸汇",
        "category": "life",
        "type": "生活服务;生活服务场所;生活服务场所",
        "district": "武侯区",
        "weight": 1
      }
    },
    {
      "type": "Feature",
      "geometry": {
        "type": "Point",
        "coordinates": [
          104.007726,
          30.630691
        ]
      },
      "properties": {
        "name": "漫蒂芬",
        "category": "life",
        "type": "生活服务;美容美发店;美容美发店",
        "district": "武侯区",
        "weight": 2
      }
    },
    {
      "type": "Feature",
      "geometry": {
        "type": "Point",
        "coordinates": [
          104.005075,
          30.631684
        ]
      },
      "properties": {
        "name": "中粮祥云国际物业客服中心",
        "category": "life",
        "type": "生活服务;生活服务场所;生活服务场所",
        "district": "武侯区",
        "weight": 1
      }
    },
    {
      "type": "Feature",
      "geometry": {
        "type": "Point",
        "coordinates": [
          104.012862,
          30.63064
        ]
      },
      "properties": {
        "name": "丽雅贝佳美容会所",
        "category": "life",
        "type": "生活服务;生活服务场所;生活服务场所",
        "district": "武侯区",
        "weight": 4
      }
    },
    {
      "type": "Feature",
      "geometry": {
        "type": "Point",
        "coordinates": [
          104.003938,
          30.631577
        ]
      },
      "properties": {
        "name": "远扬快通物流有限公司武侯营业部",
        "category": "life",
        "type": "生活服务;生活服务场所;生活服务场所",
        "district": "武侯区",
        "weight": 1
      }
    },
    {
      "type": "Feature",
      "geometry": {
        "type": "Point",
        "coordinates": [
          104.008116,
          30.628974
        ]
      },
      "properties": {
        "name": "英格蜜儿",
        "category": "life",
        "type": "生活服务;美容美发店;美容美发店",
        "district": "武侯区",
        "weight": 10
      }
    },
    {
      "type": "Feature",
      "geometry": {
        "type": "Point",
        "coordinates": [
          104.020745,
          30.634484
        ]
      },
      "properties": {
        "name": "成旭货运",
        "category": "life",
        "type": "生活服务;物流速递;物流速递",
        "district": "武侯区",
        "weight": 63
      }
    },
    {
      "type": "Feature",
      "geometry": {
        "type": "Point",
        "coordinates": [
          104.01876,
          30.636774
        ]
      },
      "properties": {
        "name": "帅钥匙",
        "category": "life",
        "type": "生活服务;生活服务场所;生活服务场所",
        "district": "武侯区",
        "weight": 35
      }
    },
    {
      "type": "Feature",
      "geometry": {
        "type": "Point",
        "coordinates": [
          104.019271,
          30.629978
        ]
      },
      "properties": {
        "name": "长兴快运",
        "category": "life",
        "type": "生活服务;物流速递;物流速递",
        "district": "武侯区",
        "weight": 18
      }
    },
    {
      "type": "Feature",
      "geometry": {
        "type": "Point",
        "coordinates": [
          104.016391,
          30.630303
        ]
      },
      "properties": {
        "name": "成温运输有限公司",
        "category": "life",
        "type": "生活服务;物流速递;物流速递",
        "district": "武侯区",
        "weight": 2
      }
    },
    {
      "type": "Feature",
      "geometry": {
        "type": "Point",
        "coordinates": [
          104.02023,
          30.639141
        ]
      },
      "properties": {
        "name": "审美美容美发用品",
        "category": "life",
        "type": "生活服务;美容美发店;美容美发店",
        "district": "武侯区",
        "weight": 1
      }
    },
    {
      "type": "Feature",
      "geometry": {
        "type": "Point",
        "coordinates": [
          104.02184,
          30.638732
        ]
      },
      "properties": {
        "name": "中国福利彩票",
        "category": "life",
        "type": "生活服务;彩票彩券销售点;彩票彩券销售点",
        "district": "武侯区",
        "weight": 2
      }
    },
    {
      "type": "Feature",
      "geometry": {
        "type": "Point",
        "coordinates": [
          104.031164,
          30.634057
        ]
      },
      "properties": {
        "name": "卓捷地产",
        "category": "life",
        "type": "生活服务;生活服务场所;生活服务场所",
        "district": "武侯区",
        "weight": 30
      }
    },
    {
      "type": "Feature",
      "geometry": {
        "type": "Point",
        "coordinates": [
          104.032451,
          30.631616
        ]
      },
      "properties": {
        "name": "金丽晶",
        "category": "life",
        "type": "生活服务;美容美发店;美容美发店",
        "district": "武侯区",
        "weight": 11
      }
    },
    {
      "type": "Feature",
      "geometry": {
        "type": "Point",
        "coordinates": [
          104.029622,
          30.635637
        ]
      },
      "properties": {
        "name": "多糖相馆",
        "category": "life",
        "type": "生活服务;摄影冲印店;摄影冲印",
        "district": "武侯区",
        "weight": 1
      }
    },
    {
      "type": "Feature",
      "geometry": {
        "type": "Point",
        "coordinates": [
          104.03647,
          30.636205
        ]
      },
      "properties": {
        "name": "理大师",
        "category": "life",
        "type": "生活服务;生活服务场所;生活服务场所",
        "district": "武侯区",
        "weight": 1
      }
    },
    {
      "type": "Feature",
      "geometry": {
        "type": "Point",
        "coordinates": [
          104.03449,
          30.633398
        ]
      },
      "properties": {
        "name": "美年大健康体检(凯尔店)",
        "category": "life",
        "type": "生活服务;生活服务场所;生活服务场所",
        "district": "武侯区",
        "weight": 2
      }
    },
    {
      "type": "Feature",
      "geometry": {
        "type": "Point",
        "coordinates": [
          104.033853,
          30.63448
        ]
      },
      "properties": {
        "name": "天九广告喷绘",
        "category": "life",
        "type": "生活服务;生活服务场所;生活服务场所",
        "district": "武侯区",
        "weight": 3
      }
    },
    {
      "type": "Feature",
      "geometry": {
        "type": "Point",
        "coordinates": [
          104.048149,
          30.635048
        ]
      },
      "properties": {
        "name": "家谱坊",
        "category": "life",
        "type": "生活服务;生活服务场所;生活服务场所",
        "district": "武侯区",
        "weight": 25
      }
    },
    {
      "type": "Feature",
      "geometry": {
        "type": "Point",
        "coordinates": [
          104.047663,
          30.636778
        ]
      },
      "properties": {
        "name": "来人到家(高新店)",
        "category": "life",
        "type": "生活服务;生活服务场所;生活服务场所",
        "district": "武侯区",
        "weight": 1
      }
    },
    {
      "type": "Feature",
      "geometry": {
        "type": "Point",
        "coordinates": [
          104.045219,
          30.635989
        ]
      },
      "properties": {
        "name": "中国福利彩票",
        "category": "life",
        "type": "生活服务;彩票彩券销售点;彩票彩券销售点",
        "district": "武侯区",
        "weight": 3
      }
    },
    {
      "type": "Feature",
      "geometry": {
        "type": "Point",
        "coordinates": [
          104.061889,
          30.633538
        ]
      },
      "properties": {
        "name": "四川省运动技术学院后勤服务中心",
        "category": "life",
        "type": "生活服务;生活服务场所;生活服务场所",
        "district": "武侯区",
        "weight": 1
      }
    },
    {
      "type": "Feature",
      "geometry": {
        "type": "Point",
        "coordinates": [
          104.053996,
          30.633398
        ]
      },
      "properties": {
        "name": "新能巷社区志愿者服务工作站",
        "category": "life",
        "type": "生活服务;生活服务场所;生活服务场所",
        "district": "武侯区",
        "weight": 1
      }
    },
    {
      "type": "Feature",
      "geometry": {
        "type": "Point",
        "coordinates": [
          104.065358,
          30.637701
        ]
      },
      "properties": {
        "name": "四川职称申报代理中心",
        "category": "life",
        "type": "生活服务;生活服务场所;生活服务场所",
        "district": "武侯区",
        "weight": 1
      }
    },
    {
      "type": "Feature",
      "geometry": {
        "type": "Point",
        "coordinates": [
          104.0789,
          30.635754
        ]
      },
      "properties": {
        "name": "老冯广告印务",
        "category": "life",
        "type": "生活服务;生活服务场所;生活服务场所",
        "district": "武侯区",
        "weight": 10
      }
    },
    {
      "type": "Feature",
      "geometry": {
        "type": "Point",
        "coordinates": [
          104.080259,
          30.63377
        ]
      },
      "properties": {
        "name": "联大摄影",
        "category": "life",
        "type": "生活服务;摄影冲印店;摄影冲印",
        "district": "武侯区",
        "weight": 9
      }
    },
    {
      "type": "Feature",
      "geometry": {
        "type": "Point",
        "coordinates": [
          104.079303,
          30.631478
        ]
      },
      "properties": {
        "name": "申通快递(弘毅路)",
        "category": "life",
        "type": "生活服务;物流速递;物流速递",
        "district": "武侯区",
        "weight": 1
      }
    },
    {
      "type": "Feature",
      "geometry": {
        "type": "Point",
        "coordinates": [
          104.080143,
          30.637287
        ]
      },
      "properties": {
        "name": "友邦电脑维修(北园路)",
        "category": "life",
        "type": "生活服务;维修站点;维修站点",
        "district": "武侯区",
        "weight": 1
      }
    },
    {
      "type": "Feature",
      "geometry": {
        "type": "Point",
        "coordinates": [
          104.080912,
          30.631379
        ]
      },
      "properties": {
        "name": "川体摄影中心",
        "category": "life",
        "type": "生活服务;摄影冲印店;摄影冲印",
        "district": "武侯区",
        "weight": 1
      }
    },
    {
      "type": "Feature",
      "geometry": {
        "type": "Point",
        "coordinates": [
          104.083268,
          30.631973
        ]
      },
      "properties": {
        "name": "雨雨发屋",
        "category": "life",
        "type": "生活服务;美容美发店;美容美发店",
        "district": "武侯区",
        "weight": 10
      }
    },
    {
      "type": "Feature",
      "geometry": {
        "type": "Point",
        "coordinates": [
          104.07818,
          30.63038
        ]
      },
      "properties": {
        "name": "发艺美发店",
        "category": "life",
        "type": "生活服务;生活服务场所;生活服务场所",
        "district": "武侯区",
        "weight": 1
      }
    },
    {
      "type": "Feature",
      "geometry": {
        "type": "Point",
        "coordinates": [
          104.080152,
          30.63028
        ]
      },
      "properties": {
        "name": "四川大学望江校区社区服务站",
        "category": "life",
        "type": "生活服务;生活服务场所;生活服务场所",
        "district": "武侯区",
        "weight": 1
      }
    },
    {
      "type": "Feature",
      "geometry": {
        "type": "Point",
        "coordinates": [
          104.081034,
          30.629506
        ]
      },
      "properties": {
        "name": "美琳造型",
        "category": "life",
        "type": "生活服务;美容美发店;美容美发店",
        "district": "武侯区",
        "weight": 2
      }
    },
    {
      "type": "Feature",
      "geometry": {
        "type": "Point",
        "coordinates": [
          104.07557,
          30.639137
        ]
      },
      "properties": {
        "name": "四川音乐学院校本部浴室",
        "category": "life",
        "type": "生活服务;洗浴推拿场所;洗浴推拿场所",
        "district": "武侯区",
        "weight": 2
      }
    },
    {
      "type": "Feature",
      "geometry": {
        "type": "Point",
        "coordinates": [
          104.080567,
          30.632446
        ]
      },
      "properties": {
        "name": "中国联通(四川大学望江校区营业厅)",
        "category": "life",
        "type": "生活服务;电讯营业厅;中国联通营业厅",
        "district": "武侯区",
        "weight": 1
      }
    },
    {
      "type": "Feature",
      "geometry": {
        "type": "Point",
        "coordinates": [
          104.087992,
          30.637985
        ]
      },
      "properties": {
        "name": "四川大雪红瓦宾馆美发中心",
        "category": "life",
        "type": "生活服务;美容美发店;美容美发店",
        "district": "武侯区",
        "weight": 1
      }
    },
    {
      "type": "Feature",
      "geometry": {
        "type": "Point",
        "coordinates": [
          104.088977,
          30.63642
        ]
      },
      "properties": {
        "name": "四川大学垃圾压缩站",
        "category": "life",
        "type": "生活服务;生活服务场所;生活服务场所",
        "district": "武侯区",
        "weight": 1
      }
    },
    {
      "type": "Feature",
      "geometry": {
        "type": "Point",
        "coordinates": [
          104.086832,
          30.63608
        ]
      },
      "properties": {
        "name": "新瑞丰快印",
        "category": "life",
        "type": "生活服务;生活服务场所;生活服务场所",
        "district": "武侯区",
        "weight": 8
      }
    },
    {
      "type": "Feature",
      "geometry": {
        "type": "Point",
        "coordinates": [
          104.085147,
          30.635793
        ]
      },
      "properties": {
        "name": "四川大学望江校区服务站",
        "category": "life",
        "type": "生活服务;生活服务场所;生活服务场所",
        "district": "武侯区",
        "weight": 2
      }
    },
    {
      "type": "Feature",
      "geometry": {
        "type": "Point",
        "coordinates": [
          104.092521,
          30.633429
        ]
      },
      "properties": {
        "name": "新颖标榜",
        "category": "life",
        "type": "生活服务;生活服务场所;生活服务场所",
        "district": "锦江区",
        "weight": 1
      }
    },
    {
      "type": "Feature",
      "geometry": {
        "type": "Point",
        "coordinates": [
          104.092825,
          30.629559
        ]
      },
      "properties": {
        "name": "望江嘉苑物业管理中心",
        "category": "life",
        "type": "生活服务;生活服务场所;生活服务场所",
        "district": "锦江区",
        "weight": 1
      }
    },
    {
      "type": "Feature",
      "geometry": {
        "type": "Point",
        "coordinates": [
          104.092107,
          30.630721
        ]
      },
      "properties": {
        "name": "中国电信(三官堂社区营业厅)",
        "category": "life",
        "type": "生活服务;电讯营业厅;中国电信营业厅",
        "district": "锦江区",
        "weight": 1
      }
    },
    {
      "type": "Feature",
      "geometry": {
        "type": "Point",
        "coordinates": [
          104.089916,
          30.634858
        ]
      },
      "properties": {
        "name": "望江楼售票处",
        "category": "life",
        "type": "生活服务;售票处;公园景点售票处",
        "district": "武侯区",
        "weight": 1
      }
    },
    {
      "type": "Feature",
      "geometry": {
        "type": "Point",
        "coordinates": [
          104.08358,
          30.630268
        ]
      },
      "properties": {
        "name": "物管可代收",
        "category": "life",
        "type": "生活服务;生活服务场所;生活服务场所",
        "district": "武侯区",
        "weight": 1
      }
    },
    {
      "type": "Feature",
      "geometry": {
        "type": "Point",
        "coordinates": [
          104.098972,
          30.637763
        ]
      },
      "properties": {
        "name": "彩云美发",
        "category": "life",
        "type": "生活服务;美容美发店;美容美发店",
        "district": "锦江区",
        "weight": 3
      }
    },
    {
      "type": "Feature",
      "geometry": {
        "type": "Point",
        "coordinates": [
          104.096052,
          30.637852
        ]
      },
      "properties": {
        "name": "成都社区居家养老服务中心",
        "category": "life",
        "type": "生活服务;生活服务场所;生活服务场所",
        "district": "锦江区",
        "weight": 1
      }
    },
    {
      "type": "Feature",
      "geometry": {
        "type": "Point",
        "coordinates": [
          104.103128,
          30.632483
        ]
      },
      "properties": {
        "name": "绿地锦天府保维修中心",
        "category": "life",
        "type": "生活服务;生活服务场所;生活服务场所",
        "district": "锦江区",
        "weight": 1
      }
    },
    {
      "type": "Feature",
      "geometry": {
        "type": "Point",
        "coordinates": [
          104.101995,
          30.629661
        ]
      },
      "properties": {
        "name": "玉妃矿泉",
        "category": "life",
        "type": "生活服务;生活服务场所;生活服务场所",
        "district": "锦江区",
        "weight": 9
      }
    },
    {
      "type": "Feature",
      "geometry": {
        "type": "Point",
        "coordinates": [
          104.103648,
          30.631014
        ]
      },
      "properties": {
        "name": "菜鸟驿站",
        "category": "life",
        "type": "生活服务;生活服务场所;生活服务场所",
        "district": "锦江区",
        "weight": 3
      }
    },
    {
      "type": "Feature",
      "geometry": {
        "type": "Point",
        "coordinates": [
          104.108453,
          30.631051
        ]
      },
      "properties": {
        "name": "睫蜜",
        "category": "life",
        "type": "生活服务;美容美发店;美容美发店",
        "district": "锦江区",
        "weight": 7
      }
    },
    {
      "type": "Feature",
      "geometry": {
        "type": "Point",
        "coordinates": [
          104.106424,
          30.631818
        ]
      },
      "properties": {
        "name": "艺灵(梁洪造型)",
        "category": "life",
        "type": "生活服务;美容美发店;美容美发店",
        "district": "锦江区",
        "weight": 4
      }
    },
    {
      "type": "Feature",
      "geometry": {
        "type": "Point",
        "coordinates": [
          104.10706,
          30.63809
        ]
      },
      "properties": {
        "name": "铂澜女性健康减压中心",
        "category": "life",
        "type": "生活服务;美容美发店;美容美发店",
        "district": "锦江区",
        "weight": 1
      }
    },
    {
      "type": "Feature",
      "geometry": {
        "type": "Point",
        "coordinates": [
          104.110184,
          30.638354
        ]
      },
      "properties": {
        "name": "中国电信(通源路营业厅)",
        "category": "life",
        "type": "生活服务;电讯营业厅;中国电信营业厅",
        "district": "锦江区",
        "weight": 2
      }
    },
    {
      "type": "Feature",
      "geometry": {
        "type": "Point",
        "coordinates": [
          104.106283,
          30.628878
        ]
      },
      "properties": {
        "name": "天天擦鞋",
        "category": "life",
        "type": "生活服务;生活服务场所;生活服务场所",
        "district": "锦江区",
        "weight": 15
      }
    },
    {
      "type": "Feature",
      "geometry": {
        "type": "Point",
        "coordinates": [
          104.1079,
          30.634172
        ]
      },
      "properties": {
        "name": "中国移动4G宽带电视服务站",
        "category": "life",
        "type": "生活服务;生活服务场所;生活服务场所",
        "district": "锦江区",
        "weight": 2
      }
    },
    {
      "type": "Feature",
      "geometry": {
        "type": "Point",
        "coordinates": [
          104.108948,
          30.635266
        ]
      },
      "properties": {
        "name": "四川广电(东大路营业厅)",
        "category": "life",
        "type": "生活服务;生活服务场所;生活服务场所",
        "district": "锦江区",
        "weight": 1
      }
    },
    {
      "type": "Feature",
      "geometry": {
        "type": "Point",
        "coordinates": [
          104.109603,
          30.633164
        ]
      },
      "properties": {
        "name": "舂店(交流体验店)",
        "category": "life",
        "type": "生活服务;生活服务场所;生活服务场所",
        "district": "锦江区",
        "weight": 1
      }
    },
    {
      "type": "Feature",
      "geometry": {
        "type": "Point",
        "coordinates": [
          104.107916,
          30.636147
        ]
      },
      "properties": {
        "name": "田师傅叉车出租",
        "category": "life",
        "type": "生活服务;生活服务场所;生活服务场所",
        "district": "锦江区",
        "weight": 1
      }
    },
    {
      "type": "Feature",
      "geometry": {
        "type": "Point",
        "coordinates": [
          104.109269,
          30.638948
        ]
      },
      "properties": {
        "name": "阿玛尼·洗衣会所(通源街)",
        "category": "life",
        "type": "生活服务;洗衣店;洗衣店",
        "district": "锦江区",
        "weight": 1
      }
    },
    {
      "type": "Feature",
      "geometry": {
        "type": "Point",
        "coordinates": [
          104.112116,
          30.629694
        ]
      },
      "properties": {
        "name": "月靓月子中心(望江店)",
        "category": "life",
        "type": "生活服务;生活服务场所;生活服务场所",
        "district": "锦江区",
        "weight": 2
      }
    },
    {
      "type": "Feature",
      "geometry": {
        "type": "Point",
        "coordinates": [
          104.115982,
          30.633419
        ]
      },
      "properties": {
        "name": "嘉维电器维修服务中心",
        "category": "life",
        "type": "生活服务;维修站点;维修站点",
        "district": "锦江区",
        "weight": 2
      }
    },
    {
      "type": "Feature",
      "geometry": {
        "type": "Point",
        "coordinates": [
          104.116154,
          30.63076
        ]
      },
      "properties": {
        "name": "恒大望江华府销售中心",
        "category": "life",
        "type": "生活服务;生活服务场所;生活服务场所",
        "district": "锦江区",
        "weight": 2
      }
    },
    {
      "type": "Feature",
      "geometry": {
        "type": "Point",
        "coordinates": [
          104.119448,
          30.635544
        ]
      },
      "properties": {
        "name": "锦东庭园物业中心",
        "category": "life",
        "type": "生活服务;生活服务场所;生活服务场所",
        "district": "锦江区",
        "weight": 2
      }
    },
    {
      "type": "Feature",
      "geometry": {
        "type": "Point",
        "coordinates": [
          104.12145,
          30.631603
        ]
      },
      "properties": {
        "name": "圆通速递代理点",
        "category": "life",
        "type": "生活服务;生活服务场所;生活服务场所",
        "district": "成华区",
        "weight": 1
      }
    },
    {
      "type": "Feature",
      "geometry": {
        "type": "Point",
        "coordinates": [
          104.12503,
          30.638282
        ]
      },
      "properties": {
        "name": "成都汽车总站售票处",
        "category": "life",
        "type": "生活服务;售票处;长途汽车票代售点",
        "district": "成华区",
        "weight": 4
      }
    },
    {
      "type": "Feature",
      "geometry": {
        "type": "Point",
        "coordinates": [
          104.137358,
          30.632052
        ]
      },
      "properties": {
        "name": "成都东站地铁售票",
        "category": "life",
        "type": "生活服务;售票处;售票处",
        "district": "成华区",
        "weight": 14
      }
    },
    {
      "type": "Feature",
      "geometry": {
        "type": "Point",
        "coordinates": [
          104.139618,
          30.630677
        ]
      },
      "properties": {
        "name": "售票处5(成都东站)",
        "category": "life",
        "type": "交通设施服务;火车站;售票|生活服务;售票处;售票处",
        "district": "成华区",
        "weight": 5
      }
    },
    {
      "type": "Feature",
      "geometry": {
        "type": "Point",
        "coordinates": [
          104.141166,
          30.631215
        ]
      },
      "properties": {
        "name": "售票处4(成都东站)",
        "category": "life",
        "type": "交通设施服务;火车站;售票|生活服务;售票处;售票处",
        "district": "成华区",
        "weight": 1
      }
    },
    {
      "type": "Feature",
      "geometry": {
        "type": "Point",
        "coordinates": [
          104.139597,
          30.639012
        ]
      },
      "properties": {
        "name": "罗马甲日",
        "category": "life",
        "type": "生活服务;美容美发店;美容美发店",
        "district": "成华区",
        "weight": 2
      }
    },
    {
      "type": "Feature",
      "geometry": {
        "type": "Point",
        "coordinates": [
          104.146117,
          30.634513
        ]
      },
      "properties": {
        "name": "金足阁",
        "category": "life",
        "type": "生活服务;洗浴推拿场所;洗浴推拿场所",
        "district": "成华区",
        "weight": 12
      }
    },
    {
      "type": "Feature",
      "geometry": {
        "type": "Point",
        "coordinates": [
          104.151598,
          30.630166
        ]
      },
      "properties": {
        "name": "纤巧",
        "category": "life",
        "type": "生活服务;美容美发店;美容美发店",
        "district": "成华区",
        "weight": 208
      }
    },
    {
      "type": "Feature",
      "geometry": {
        "type": "Point",
        "coordinates": [
          104.145752,
          30.632637
        ]
      },
      "properties": {
        "name": "菜鸟驿站(东方新城一幢四单元旁老年活动中心前中通)",
        "category": "life",
        "type": "生活服务;物流速递;物流速递",
        "district": "成华区",
        "weight": 1
      }
    },
    {
      "type": "Feature",
      "geometry": {
        "type": "Point",
        "coordinates": [
          104.15278,
          30.634963
        ]
      },
      "properties": {
        "name": "武安驾校报名点(洪河大道北路)",
        "category": "life",
        "type": "生活服务;生活服务场所;生活服务场所",
        "district": "成华区",
        "weight": 2
      }
    },
    {
      "type": "Feature",
      "geometry": {
        "type": "Point",
        "coordinates": [
          104.144153,
          30.633582
        ]
      },
      "properties": {
        "name": "天欣驾校报名处",
        "category": "life",
        "type": "生活服务;生活服务场所;生活服务场所",
        "district": "成华区",
        "weight": 2
      }
    },
    {
      "type": "Feature",
      "geometry": {
        "type": "Point",
        "coordinates": [
          104.145553,
          30.631411
        ]
      },
      "properties": {
        "name": "成都通能压缩天然气有限公司(成华保和内侧加气站)",
        "category": "life",
        "type": "生活服务;生活服务场所;生活服务场所",
        "district": "成华区",
        "weight": 1
      }
    },
    {
      "type": "Feature",
      "geometry": {
        "type": "Point",
        "coordinates": [
          104.147145,
          30.62994
        ]
      },
      "properties": {
        "name": "如意婚庆",
        "category": "life",
        "type": "生活服务;生活服务场所;生活服务场所",
        "district": "成华区",
        "weight": 2
      }
    },
    {
      "type": "Feature",
      "geometry": {
        "type": "Point",
        "coordinates": [
          104.143935,
          30.631277
        ]
      },
      "properties": {
        "name": "发型秀(嘉陵江路)",
        "category": "life",
        "type": "生活服务;美容美发店;美容美发店",
        "district": "成华区",
        "weight": 1
      }
    },
    {
      "type": "Feature",
      "geometry": {
        "type": "Point",
        "coordinates": [
          104.159045,
          30.634892
        ]
      },
      "properties": {
        "name": "靓艺发丝",
        "category": "life",
        "type": "生活服务;美容美发店;美容美发店",
        "district": "成华区",
        "weight": 13
      }
    },
    {
      "type": "Feature",
      "geometry": {
        "type": "Point",
        "coordinates": [
          104.158086,
          30.632143
        ]
      },
      "properties": {
        "name": "张鞋匠",
        "category": "life",
        "type": "生活服务;生活服务场所;生活服务场所",
        "district": "成华区",
        "weight": 9
      }
    },
    {
      "type": "Feature",
      "geometry": {
        "type": "Point",
        "coordinates": [
          104.155393,
          30.636158
        ]
      },
      "properties": {
        "name": "专业搭棚丧葬全套",
        "category": "life",
        "type": "生活服务;生活服务场所;生活服务场所",
        "district": "成华区",
        "weight": 3
      }
    },
    {
      "type": "Feature",
      "geometry": {
        "type": "Point",
        "coordinates": [
          104.160034,
          30.639242
        ]
      },
      "properties": {
        "name": "四川老兵运输有限公司",
        "category": "life",
        "type": "生活服务;物流速递;物流速递",
        "district": "成华区",
        "weight": 1
      }
    },
    {
      "type": "Feature",
      "geometry": {
        "type": "Point",
        "coordinates": [
          103.967922,
          30.623103
        ]
      },
      "properties": {
        "name": "意发",
        "category": "life",
        "type": "生活服务;生活服务场所;生活服务场所",
        "district": "武侯区",
        "weight": 174
      }
    },
    {
      "type": "Feature",
      "geometry": {
        "type": "Point",
        "coordinates": [
          103.96875,
          30.620964
        ]
      },
      "properties": {
        "name": "维修服务入口",
        "category": "life",
        "type": "生活服务;生活服务场所;生活服务场所",
        "district": "武侯区",
        "weight": 2
      }
    },
    {
      "type": "Feature",
      "geometry": {
        "type": "Point",
        "coordinates": [
          103.967192,
          30.620681
        ]
      },
      "properties": {
        "name": "大兴达售后服务部",
        "category": "life",
        "type": "生活服务;生活服务场所;生活服务场所",
        "district": "武侯区",
        "weight": 3
      }
    },
    {
      "type": "Feature",
      "geometry": {
        "type": "Point",
        "coordinates": [
          103.978146,
          30.62361
        ]
      },
      "properties": {
        "name": "李元广告公司",
        "category": "life",
        "type": "生活服务;生活服务场所;生活服务场所",
        "district": "武侯区",
        "weight": 3
      }
    },
    {
      "type": "Feature",
      "geometry": {
        "type": "Point",
        "coordinates": [
          103.977681,
          30.625369
        ]
      },
      "properties": {
        "name": "滴滴打车",
        "category": "life",
        "type": "生活服务;生活服务场所;生活服务场所",
        "district": "武侯区",
        "weight": 1
      }
    },
    {
      "type": "Feature",
      "geometry": {
        "type": "Point",
        "coordinates": [
          103.982173,
          30.62482
        ]
      },
      "properties": {
        "name": "迈翔物流",
        "category": "life",
        "type": "生活服务;生活服务场所;生活服务场所",
        "district": "武侯区",
        "weight": 6
      }
    },
    {
      "type": "Feature",
      "geometry": {
        "type": "Point",
        "coordinates": [
          103.98025,
          30.627552
        ]
      },
      "properties": {
        "name": "优优图文(武兴三路)",
        "category": "life",
        "type": "生活服务;生活服务场所;生活服务场所",
        "district": "武侯区",
        "weight": 1
      }
    },
    {
      "type": "Feature",
      "geometry": {
        "type": "Point",
        "coordinates": [
          103.975636,
          30.62197
        ]
      },
      "properties": {
        "name": "小刘摩修",
        "category": "life",
        "type": "生活服务;维修站点;维修站点",
        "district": "武侯区",
        "weight": 3
      }
    },
    {
      "type": "Feature",
      "geometry": {
        "type": "Point",
        "coordinates": [
          103.97481,
          30.62602
        ]
      },
      "properties": {
        "name": "宇佳图文快印",
        "category": "life",
        "type": "生活服务;生活服务场所;生活服务场所",
        "district": "武侯区",
        "weight": 1
      }
    },
    {
      "type": "Feature",
      "geometry": {
        "type": "Point",
        "coordinates": [
          103.981843,
          30.628132
        ]
      },
      "properties": {
        "name": "丸摄影",
        "category": "life",
        "type": "生活服务;生活服务场所;生活服务场所",
        "district": "武侯区",
        "weight": 8
      }
    },
    {
      "type": "Feature",
      "geometry": {
        "type": "Point",
        "coordinates": [
          103.976492,
          30.620794
        ]
      },
      "properties": {
        "name": "头等仓美发造型",
        "category": "life",
        "type": "生活服务;美容美发店;美容美发店",
        "district": "武侯区",
        "weight": 1
      }
    },
    {
      "type": "Feature",
      "geometry": {
        "type": "Point",
        "coordinates": [
          103.974079,
          30.62151
        ]
      },
      "properties": {
        "name": "金亿鑫广告",
        "category": "life",
        "type": "生活服务;生活服务场所;生活服务场所",
        "district": "武侯区",
        "weight": 1
      }
    },
    {
      "type": "Feature",
      "geometry": {
        "type": "Point",
        "coordinates": [
          103.977337,
          30.627968
        ]
      },
      "properties": {
        "name": "融信钣喷中心",
        "category": "life",
        "type": "生活服务;生活服务场所;生活服务场所",
        "district": "武侯区",
        "weight": 1
      }
    },
    {
      "type": "Feature",
      "geometry": {
        "type": "Point",
        "coordinates": [
          103.988634,
          30.624114
        ]
      },
      "properties": {
        "name": "怡和堂",
        "category": "life",
        "type": "生活服务;生活服务场所;生活服务场所",
        "district": "武侯区",
        "weight": 107
      }
    },
    {
      "type": "Feature",
      "geometry": {
        "type": "Point",
        "coordinates": [
          103.986489,
          30.62616
        ]
      },
      "properties": {
        "name": "花草集花艺婚庆",
        "category": "life",
        "type": "生活服务;生活服务场所;生活服务场所",
        "district": "武侯区",
        "weight": 3
      }
    },
    {
      "type": "Feature",
      "geometry": {
        "type": "Point",
        "coordinates": [
          103.99072,
          30.626438
        ]
      },
      "properties": {
        "name": "美墅浴室柜",
        "category": "life",
        "type": "生活服务;洗浴推拿场所;洗浴推拿场所",
        "district": "武侯区",
        "weight": 2
      }
    },
    {
      "type": "Feature",
      "geometry": {
        "type": "Point",
        "coordinates": [
          103.990621,
          30.622412
        ]
      },
      "properties": {
        "name": "立川物流",
        "category": "life",
        "type": "生活服务;物流速递;物流速递",
        "district": "武侯区",
        "weight": 1
      }
    },
    {
      "type": "Feature",
      "geometry": {
        "type": "Point",
        "coordinates": [
          103.99256,
          30.624818
        ]
      },
      "properties": {
        "name": "广告图文",
        "category": "life",
        "type": "生活服务;生活服务场所;生活服务场所",
        "district": "武侯区",
        "weight": 1
      }
    },
    {
      "type": "Feature",
      "geometry": {
        "type": "Point",
        "coordinates": [
          103.986995,
          30.628654
        ]
      },
      "properties": {
        "name": "城市置业",
        "category": "life",
        "type": "生活服务;生活服务场所;生活服务场所",
        "district": "武侯区",
        "weight": 6
      }
    },
    {
      "type": "Feature",
      "geometry": {
        "type": "Point",
        "coordinates": [
          103.990554,
          30.620528
        ]
      },
      "properties": {
        "name": "德发",
        "category": "life",
        "type": "生活服务;物流速递;物流速递",
        "district": "武侯区",
        "weight": 101
      }
    },
    {
      "type": "Feature",
      "geometry": {
        "type": "Point",
        "coordinates": [
          103.990048,
          30.628809
        ]
      },
      "properties": {
        "name": "保时捷维修入口",
        "category": "life",
        "type": "生活服务;生活服务场所;生活服务场所",
        "district": "武侯区",
        "weight": 1
      }
    },
    {
      "type": "Feature",
      "geometry": {
        "type": "Point",
        "coordinates": [
          103.98459,
          30.621164
        ]
      },
      "properties": {
        "name": "兰庭集招商运营中心",
        "category": "life",
        "type": "生活服务;生活服务场所;生活服务场所",
        "district": "武侯区",
        "weight": 2
      }
    },
    {
      "type": "Feature",
      "geometry": {
        "type": "Point",
        "coordinates": [
          103.984084,
          30.628635
        ]
      },
      "properties": {
        "name": "森岚环保科技",
        "category": "life",
        "type": "生活服务;生活服务场所;生活服务场所",
        "district": "武侯区",
        "weight": 2
      }
    },
    {
      "type": "Feature",
      "geometry": {
        "type": "Point",
        "coordinates": [
          103.998982,
          30.627251
        ]
      },
      "properties": {
        "name": "绍忠",
        "category": "life",
        "type": "生活服务;物流速递;物流速递",
        "district": "武侯区",
        "weight": 93
      }
    },
    {
      "type": "Feature",
      "geometry": {
        "type": "Point",
        "coordinates": [
          104.000012,
          30.621567
        ]
      },
      "properties": {
        "name": "漛飞水站",
        "category": "life",
        "type": "生活服务;生活服务场所;生活服务场所",
        "district": "武侯区",
        "weight": 16
      }
    },
    {
      "type": "Feature",
      "geometry": {
        "type": "Point",
        "coordinates": [
          104.003228,
          30.624054
        ]
      },
      "properties": {
        "name": "动能特技车队",
        "category": "life",
        "type": "生活服务;生活服务场所;生活服务场所",
        "district": "武侯区",
        "weight": 2
      }
    },
    {
      "type": "Feature",
      "geometry": {
        "type": "Point",
        "coordinates": [
          104.004785,
          30.621818
        ]
      },
      "properties": {
        "name": "亿飞广告",
        "category": "life",
        "type": "生活服务;生活服务场所;生活服务场所",
        "district": "武侯区",
        "weight": 38
      }
    },
    {
      "type": "Feature",
      "geometry": {
        "type": "Point",
        "coordinates": [
          103.995151,
          30.627555
        ]
      },
      "properties": {
        "name": "中国移动4G宽带电视服务站(聚荟街)",
        "category": "life",
        "type": "生活服务;生活服务场所;生活服务场所",
        "district": "武侯区",
        "weight": 1
      }
    },
    {
      "type": "Feature",
      "geometry": {
        "type": "Point",
        "coordinates": [
          104.00109,
          30.629544
        ]
      },
      "properties": {
        "name": "顺江社区综合服务管理站",
        "category": "life",
        "type": "生活服务;生活服务场所;生活服务场所",
        "district": "武侯区",
        "weight": 1
      }
    },
    {
      "type": "Feature",
      "geometry": {
        "type": "Point",
        "coordinates": [
          104.009351,
          30.622894
        ]
      },
      "properties": {
        "name": "征程电脑维修中心",
        "category": "life",
        "type": "生活服务;维修站点;维修站点",
        "district": "武侯区",
        "weight": 1
      }
    },
    {
      "type": "Feature",
      "geometry": {
        "type": "Point",
        "coordinates": [
          104.006305,
          30.625613
        ]
      },
      "properties": {
        "name": "中粮地产",
        "category": "life",
        "type": "生活服务;生活服务场所;生活服务场所",
        "district": "武侯区",
        "weight": 4
      }
    },
    {
      "type": "Feature",
      "geometry": {
        "type": "Point",
        "coordinates": [
          104.013405,
          30.622144
        ]
      },
      "properties": {
        "name": "太阳鸟",
        "category": "life",
        "type": "生活服务;美容美发店;美容美发店",
        "district": "武侯区",
        "weight": 2
      }
    },
    {
      "type": "Feature",
      "geometry": {
        "type": "Point",
        "coordinates": [
          104.004752,
          30.624011
        ]
      },
      "properties": {
        "name": "盛世超凡广告(西三环路一段辅路)",
        "category": "life",
        "type": "生活服务;生活服务场所;生活服务场所",
        "district": "武侯区",
        "weight": 1
      }
    },
    {
      "type": "Feature",
      "geometry": {
        "type": "Point",
        "coordinates": [
          104.007648,
          30.621169
        ]
      },
      "properties": {
        "name": "路正驾校报名点(八益家具城三期宿舍北)",
        "category": "life",
        "type": "生活服务;生活服务场所;生活服务场所",
        "district": "武侯区",
        "weight": 1
      }
    },
    {
      "type": "Feature",
      "geometry": {
        "type": "Point",
        "coordinates": [
          104.005224,
          30.626794
        ]
      },
      "properties": {
        "name": "南苑水站",
        "category": "life",
        "type": "生活服务;生活服务场所;生活服务场所",
        "district": "武侯区",
        "weight": 9
      }
    },
    {
      "type": "Feature",
      "geometry": {
        "type": "Point",
        "coordinates": [
          104.012784,
          30.625496
        ]
      },
      "properties": {
        "name": "荣兴驾照",
        "category": "life",
        "type": "生活服务;生活服务场所;生活服务场所",
        "district": "武侯区",
        "weight": 2
      }
    },
    {
      "type": "Feature",
      "geometry": {
        "type": "Point",
        "coordinates": [
          104.01395,
          30.623706
        ]
      },
      "properties": {
        "name": "积木到家(新界店)",
        "category": "life",
        "type": "生活服务;生活服务场所;生活服务场所",
        "district": "武侯区",
        "weight": 3
      }
    },
    {
      "type": "Feature",
      "geometry": {
        "type": "Point",
        "coordinates": [
          104.008712,
          30.62496
        ]
      },
      "properties": {
        "name": "叶水福物流(成都)有限公司",
        "category": "life",
        "type": "生活服务;物流速递;物流速递",
        "district": "武侯区",
        "weight": 1
      }
    },
    {
      "type": "Feature",
      "geometry": {
        "type": "Point",
        "coordinates": [
          104.017311,
          30.626005
        ]
      },
      "properties": {
        "name": "博饰美装饰",
        "category": "life",
        "type": "生活服务;生活服务场所;生活服务场所",
        "district": "武侯区",
        "weight": 3
      }
    },
    {
      "type": "Feature",
      "geometry": {
        "type": "Point",
        "coordinates": [
          104.016993,
          30.621705
        ]
      },
      "properties": {
        "name": "兴兴发艺",
        "category": "life",
        "type": "生活服务;美容美发店;美容美发店",
        "district": "武侯区",
        "weight": 9
      }
    },
    {
      "type": "Feature",
      "geometry": {
        "type": "Point",
        "coordinates": [
          104.021295,
          30.626704
        ]
      },
      "properties": {
        "name": "四川路阳律师事务所",
        "category": "life",
        "type": "生活服务;事务所;律师事务所",
        "district": "武侯区",
        "weight": 2
      }
    },
    {
      "type": "Feature",
      "geometry": {
        "type": "Point",
        "coordinates": [
          104.018067,
          30.628412
        ]
      },
      "properties": {
        "name": "成都弘丽物流有限公司",
        "category": "life",
        "type": "生活服务;物流速递;物流速递",
        "district": "武侯区",
        "weight": 2
      }
    },
    {
      "type": "Feature",
      "geometry": {
        "type": "Point",
        "coordinates": [
          104.017245,
          30.61941
        ]
      },
      "properties": {
        "name": "锐博图文",
        "category": "life",
        "type": "生活服务;生活服务场所;生活服务场所",
        "district": "武侯区",
        "weight": 13
      }
    },
    {
      "type": "Feature",
      "geometry": {
        "type": "Point",
        "coordinates": [
          104.015135,
          30.624127
        ]
      },
      "properties": {
        "name": "贵伦美订制",
        "category": "life",
        "type": "生活服务;生活服务场所;生活服务场所",
        "district": "武侯区",
        "weight": 1
      }
    },
    {
      "type": "Feature",
      "geometry": {
        "type": "Point",
        "coordinates": [
          104.031507,
          30.62528
        ]
      },
      "properties": {
        "name": "卡伦造型·申度美妆",
        "category": "life",
        "type": "生活服务;美容美发店;美容美发店",
        "district": "武侯区",
        "weight": 2
      }
    },
    {
      "type": "Feature",
      "geometry": {
        "type": "Point",
        "coordinates": [
          104.028528,
          30.622852
        ]
      },
      "properties": {
        "name": "中国体育彩票",
        "category": "life",
        "type": "生活服务;彩票彩券销售点;彩票彩券销售点",
        "district": "武侯区",
        "weight": 3
      }
    },
    {
      "type": "Feature",
      "geometry": {
        "type": "Point",
        "coordinates": [
          104.02519,
          30.623988
        ]
      },
      "properties": {
        "name": "红牌楼垃圾中转站",
        "category": "life",
        "type": "生活服务;生活服务场所;生活服务场所",
        "district": "武侯区",
        "weight": 1
      }
    },
    {
      "type": "Feature",
      "geometry": {
        "type": "Point",
        "coordinates": [
          104.034512,
          30.627019
        ]
      },
      "properties": {
        "name": "速递易",
        "category": "life",
        "type": "生活服务;物流速递;物流速递",
        "district": "武侯区",
        "weight": 25
      }
    },
    {
      "type": "Feature",
      "geometry": {
        "type": "Point",
        "coordinates": [
          104.031217,
          30.628605
        ]
      },
      "properties": {
        "name": "丽都会所",
        "category": "life",
        "type": "生活服务;美容美发店;美容美发店",
        "district": "武侯区",
        "weight": 1
      }
    },
    {
      "type": "Feature",
      "geometry": {
        "type": "Point",
        "coordinates": [
          104.032269,
          30.628863
        ]
      },
      "properties": {
        "name": "中粮香榭附333物业中心",
        "category": "life",
        "type": "生活服务;生活服务场所;生活服务场所",
        "district": "武侯区",
        "weight": 1
      }
    },
    {
      "type": "Feature",
      "geometry": {
        "type": "Point",
        "coordinates": [
          104.033211,
          30.620739
        ]
      },
      "properties": {
        "name": "龙昊置业",
        "category": "life",
        "type": "生活服务;生活服务场所;生活服务场所",
        "district": "武侯区",
        "weight": 2
      }
    },
    {
      "type": "Feature",
      "geometry": {
        "type": "Point",
        "coordinates": [
          104.045552,
          30.622714
        ]
      },
      "properties": {
        "name": "精丝发艺",
        "category": "life",
        "type": "生活服务;美容美发店;美容美发店",
        "district": "武侯区",
        "weight": 64
      }
    },
    {
      "type": "Feature",
      "geometry": {
        "type": "Point",
        "coordinates": [
          104.038577,
          30.623939
        ]
      },
      "properties": {
        "name": "国通快递",
        "category": "life",
        "type": "生活服务;物流速递;物流速递",
        "district": "武侯区",
        "weight": 1
      }
    },
    {
      "type": "Feature",
      "geometry": {
        "type": "Point",
        "coordinates": [
          104.036698,
          30.625344
        ]
      },
      "properties": {
        "name": "佳杰科技成都分拨中心",
        "category": "life",
        "type": "生活服务;物流速递;物流速递",
        "district": "武侯区",
        "weight": 2
      }
    },
    {
      "type": "Feature",
      "geometry": {
        "type": "Point",
        "coordinates": [
          104.042013,
          30.621021
        ]
      },
      "properties": {
        "name": "嘉宝创意",
        "category": "life",
        "type": "生活服务;生活服务场所;生活服务场所",
        "district": "武侯区",
        "weight": 23
      }
    },
    {
      "type": "Feature",
      "geometry": {
        "type": "Point",
        "coordinates": [
          104.04164,
          30.628074
        ]
      },
      "properties": {
        "name": "美到家美容SPA(桐梓林店)",
        "category": "life",
        "type": "生活服务;美容美发店;美容美发店",
        "district": "武侯区",
        "weight": 2
      }
    },
    {
      "type": "Feature",
      "geometry": {
        "type": "Point",
        "coordinates": [
          104.03678,
          30.620118
        ]
      },
      "properties": {
        "name": "一品足道",
        "category": "life",
        "type": "生活服务;洗浴推拿场所;洗浴推拿场所",
        "district": "武侯区",
        "weight": 6
      }
    },
    {
      "type": "Feature",
      "geometry": {
        "type": "Point",
        "coordinates": [
          104.041856,
          30.618168
        ]
      },
      "properties": {
        "name": "谜芭",
        "category": "life",
        "type": "生活服务;洗浴推拿场所;洗浴推拿场所",
        "district": "武侯区",
        "weight": 25
      }
    },
    {
      "type": "Feature",
      "geometry": {
        "type": "Point",
        "coordinates": [
          104.039065,
          30.62268
        ]
      },
      "properties": {
        "name": "中国移动(芳草营销服务中心)",
        "category": "life",
        "type": "生活服务;电讯营业厅;中国移动营业厅",
        "district": "武侯区",
        "weight": 2
      }
    },
    {
      "type": "Feature",
      "geometry": {
        "type": "Point",
        "coordinates": [
          104.039729,
          30.626378
        ]
      },
      "properties": {
        "name": "想象力快印",
        "category": "life",
        "type": "生活服务;生活服务场所;生活服务场所",
        "district": "武侯区",
        "weight": 1
      }
    },
    {
      "type": "Feature",
      "geometry": {
        "type": "Point",
        "coordinates": [
          104.039059,
          30.627199
        ]
      },
      "properties": {
        "name": "成都贴心办证刻章",
        "category": "life",
        "type": "生活服务;生活服务场所;生活服务场所",
        "district": "武侯区",
        "weight": 1
      }
    },
    {
      "type": "Feature",
      "geometry": {
        "type": "Point",
        "coordinates": [
          104.043073,
          30.625406
        ]
      },
      "properties": {
        "name": "剑恒发展中心大厅",
        "category": "life",
        "type": "生活服务;生活服务场所;生活服务场所",
        "district": "武侯区",
        "weight": 4
      }
    },
    {
      "type": "Feature",
      "geometry": {
        "type": "Point",
        "coordinates": [
          104.035528,
          30.621523
        ]
      },
      "properties": {
        "name": "万润地产",
        "category": "life",
        "type": "生活服务;生活服务场所;生活服务场所",
        "district": "武侯区",
        "weight": 4
      }
    },
    {
      "type": "Feature",
      "geometry": {
        "type": "Point",
        "coordinates": [
          104.037258,
          30.627966
        ]
      },
      "properties": {
        "name": "承然按摩理疗中心",
        "category": "life",
        "type": "生活服务;洗浴推拿场所;洗浴推拿场所",
        "district": "武侯区",
        "weight": 1
      }
    },
    {
      "type": "Feature",
      "geometry": {
        "type": "Point",
        "coordinates": [
          104.038687,
          30.628655
        ]
      },
      "properties": {
        "name": "藏真堂药妆药浴",
        "category": "life",
        "type": "生活服务;洗浴推拿场所;洗浴推拿场所",
        "district": "武侯区",
        "weight": 6
      }
    },
    {
      "type": "Feature",
      "geometry": {
        "type": "Point",
        "coordinates": [
          104.033741,
          30.621574
        ]
      },
      "properties": {
        "name": "广电客服部",
        "category": "life",
        "type": "生活服务;生活服务场所;生活服务场所",
        "district": "武侯区",
        "weight": 2
      }
    },
    {
      "type": "Feature",
      "geometry": {
        "type": "Point",
        "coordinates": [
          104.039902,
          30.619506
        ]
      },
      "properties": {
        "name": "法国丽多美专业女士减肥养生抗衰中心",
        "category": "life",
        "type": "生活服务;美容美发店;美容美发店",
        "district": "武侯区",
        "weight": 1
      }
    },
    {
      "type": "Feature",
      "geometry": {
        "type": "Point",
        "coordinates": [
          104.038543,
          30.62488
        ]
      },
      "properties": {
        "name": "盛图彩印",
        "category": "life",
        "type": "公司企业;公司;公司|生活服务;生活服务场所;生活服务场所",
        "district": "武侯区",
        "weight": 1
      }
    },
    {
      "type": "Feature",
      "geometry": {
        "type": "Point",
        "coordinates": [
          104.048717,
          30.624736
        ]
      },
      "properties": {
        "name": "伊禾园阳光养生堂",
        "category": "life",
        "type": "生活服务;美容美发店;美容美发店",
        "district": "武侯区",
        "weight": 4
      }
    },
    {
      "type": "Feature",
      "geometry": {
        "type": "Point",
        "coordinates": [
          104.049843,
          30.623708
        ]
      },
      "properties": {
        "name": "宅急修",
        "category": "life",
        "type": "生活服务;生活服务场所;生活服务场所",
        "district": "武侯区",
        "weight": 1
      }
    },
    {
      "type": "Feature",
      "geometry": {
        "type": "Point",
        "coordinates": [
          104.046057,
          30.626142
        ]
      },
      "properties": {
        "name": "城南驿站",
        "category": "life",
        "type": "生活服务;洗浴推拿场所;洗浴推拿场所",
        "district": "武侯区",
        "weight": 6
      }
    },
    {
      "type": "Feature",
      "geometry": {
        "type": "Point",
        "coordinates": [
          104.046098,
          30.62428
        ]
      },
      "properties": {
        "name": "文唐电脑维修",
        "category": "life",
        "type": "生活服务;生活服务场所;生活服务场所",
        "district": "武侯区",
        "weight": 1
      }
    },
    {
      "type": "Feature",
      "geometry": {
        "type": "Point",
        "coordinates": [
          104.05017,
          30.62784
        ]
      },
      "properties": {
        "name": "和信通便民缴费点(芳草东街)",
        "category": "life",
        "type": "生活服务;生活服务场所;生活服务场所",
        "district": "武侯区",
        "weight": 1
      }
    },
    {
      "type": "Feature",
      "geometry": {
        "type": "Point",
        "coordinates": [
          104.053084,
          30.621253
        ]
      },
      "properties": {
        "name": "纹绣阁",
        "category": "life",
        "type": "生活服务;生活服务场所;生活服务场所",
        "district": "武侯区",
        "weight": 1
      }
    },
    {
      "type": "Feature",
      "geometry": {
        "type": "Point",
        "coordinates": [
          104.051184,
          30.629408
        ]
      },
      "properties": {
        "name": "速递易",
        "category": "life",
        "type": "生活服务;物流速递;物流速递",
        "district": "武侯区",
        "weight": 1
      }
    },
    {
      "type": "Feature",
      "geometry": {
        "type": "Point",
        "coordinates": [
          104.065356,
          30.621016
        ]
      },
      "properties": {
        "name": "杰艺理疗",
        "category": "life",
        "type": "生活服务;生活服务场所;生活服务场所",
        "district": "武侯区",
        "weight": 69
      }
    },
    {
      "type": "Feature",
      "geometry": {
        "type": "Point",
        "coordinates": [
          104.068003,
          30.624264
        ]
      },
      "properties": {
        "name": "米兰韩式半永久",
        "category": "life",
        "type": "生活服务;生活服务场所;生活服务场所",
        "district": "武侯区",
        "weight": 1
      }
    },
    {
      "type": "Feature",
      "geometry": {
        "type": "Point",
        "coordinates": [
          104.071776,
          30.623959
        ]
      },
      "properties": {
        "name": "利谐装饰",
        "category": "life",
        "type": "生活服务;生活服务场所;生活服务场所",
        "district": "武侯区",
        "weight": 11
      }
    },
    {
      "type": "Feature",
      "geometry": {
        "type": "Point",
        "coordinates": [
          104.068924,
          30.621042
        ]
      },
      "properties": {
        "name": "室内装饰工程",
        "category": "life",
        "type": "生活服务;生活服务场所;生活服务场所",
        "district": "武侯区",
        "weight": 4
      }
    },
    {
      "type": "Feature",
      "geometry": {
        "type": "Point",
        "coordinates": [
          104.067637,
          30.620962
        ]
      },
      "properties": {
        "name": "美眉甲",
        "category": "life",
        "type": "生活服务;美容美发店;美容美发店",
        "district": "武侯区",
        "weight": 1
      }
    },
    {
      "type": "Feature",
      "geometry": {
        "type": "Point",
        "coordinates": [
          104.075493,
          30.619506
        ]
      },
      "properties": {
        "name": "花匠",
        "category": "life",
        "type": "生活服务;生活服务场所;生活服务场所",
        "district": "武侯区",
        "weight": 82
      }
    },
    {
      "type": "Feature",
      "geometry": {
        "type": "Point",
        "coordinates": [
          104.07167,
          30.62033
        ]
      },
      "properties": {
        "name": "兴君道",
        "category": "life",
        "type": "生活服务;美容美发店;美容美发店",
        "district": "武侯区",
        "weight": 1
      }
    },
    {
      "type": "Feature",
      "geometry": {
        "type": "Point",
        "coordinates": [
          104.078933,
          30.626362
        ]
      },
      "properties": {
        "name": "速递易",
        "category": "life",
        "type": "生活服务;物流速递;物流速递",
        "district": "武侯区",
        "weight": 54
      }
    },
    {
      "type": "Feature",
      "geometry": {
        "type": "Point",
        "coordinates": [
          104.081075,
          30.624174
        ]
      },
      "properties": {
        "name": "五金水电安装",
        "category": "life",
        "type": "生活服务;生活服务场所;生活服务场所",
        "district": "武侯区",
        "weight": 14
      }
    },
    {
      "type": "Feature",
      "geometry": {
        "type": "Point",
        "coordinates": [
          104.081473,
          30.621989
        ]
      },
      "properties": {
        "name": "天罡印务",
        "category": "life",
        "type": "生活服务;生活服务场所;生活服务场所",
        "district": "武侯区",
        "weight": 2
      }
    },
    {
      "type": "Feature",
      "geometry": {
        "type": "Point",
        "coordinates": [
          104.080307,
          30.621279
        ]
      },
      "properties": {
        "name": "开开配送",
        "category": "life",
        "type": "生活服务;生活服务场所;生活服务场所",
        "district": "武侯区",
        "weight": 1
      }
    },
    {
      "type": "Feature",
      "geometry": {
        "type": "Point",
        "coordinates": [
          104.076697,
          30.628421
        ]
      },
      "properties": {
        "name": "集君图文印务",
        "category": "life",
        "type": "生活服务;生活服务场所;生活服务场所",
        "district": "武侯区",
        "weight": 2
      }
    },
    {
      "type": "Feature",
      "geometry": {
        "type": "Point",
        "coordinates": [
          104.08025,
          30.619013
        ]
      },
      "properties": {
        "name": "宏福休闲",
        "category": "life",
        "type": "生活服务;洗浴推拿场所;洗浴推拿场所",
        "district": "武侯区",
        "weight": 30
      }
    },
    {
      "type": "Feature",
      "geometry": {
        "type": "Point",
        "coordinates": [
          104.082861,
          30.629273
        ]
      },
      "properties": {
        "name": "巧手发屋",
        "category": "life",
        "type": "生活服务;生活服务场所;生活服务场所",
        "district": "武侯区",
        "weight": 3
      }
    },
    {
      "type": "Feature",
      "geometry": {
        "type": "Point",
        "coordinates": [
          104.088424,
          30.623648
        ]
      },
      "properties": {
        "name": "美丽工厂",
        "category": "life",
        "type": "生活服务;美容美发店;美容美发店",
        "district": "锦江区",
        "weight": 8
      }
    },
    {
      "type": "Feature",
      "geometry": {
        "type": "Point",
        "coordinates": [
          104.090456,
          30.625976
        ]
      },
      "properties": {
        "name": "苑中苑",
        "category": "life",
        "type": "生活服务;生活服务场所;生活服务场所",
        "district": "锦江区",
        "weight": 39
      }
    },
    {
      "type": "Feature",
      "geometry": {
        "type": "Point",
        "coordinates": [
          104.087764,
          30.622518
        ]
      },
      "properties": {
        "name": "幸福记婚礼",
        "category": "life",
        "type": "生活服务;生活服务场所;生活服务场所",
        "district": "锦江区",
        "weight": 5
      }
    },
    {
      "type": "Feature",
      "geometry": {
        "type": "Point",
        "coordinates": [
          104.0861,
          30.624152
        ]
      },
      "properties": {
        "name": "曾记皮鞋美容",
        "category": "life",
        "type": "生活服务;生活服务场所;生活服务场所",
        "district": "锦江区",
        "weight": 4
      }
    },
    {
      "type": "Feature",
      "geometry": {
        "type": "Point",
        "coordinates": [
          104.090044,
          30.621773
        ]
      },
      "properties": {
        "name": "华西相馆",
        "category": "life",
        "type": "生活服务;摄影冲印店;摄影冲印",
        "district": "锦江区",
        "weight": 22
      }
    },
    {
      "type": "Feature",
      "geometry": {
        "type": "Point",
        "coordinates": [
          104.088402,
          30.627141
        ]
      },
      "properties": {
        "name": "9渡摄影公馆",
        "category": "life",
        "type": "生活服务;生活服务场所;生活服务场所",
        "district": "锦江区",
        "weight": 1
      }
    },
    {
      "type": "Feature",
      "geometry": {
        "type": "Point",
        "coordinates": [
          104.084338,
          30.62353
        ]
      },
      "properties": {
        "name": "龙舟路街道羊毛驻场关爱中心",
        "category": "life",
        "type": "生活服务;生活服务场所;生活服务场所",
        "district": "锦江区",
        "weight": 2
      }
    },
    {
      "type": "Feature",
      "geometry": {
        "type": "Point",
        "coordinates": [
          104.084166,
          30.625122
        ]
      },
      "properties": {
        "name": "清韩式半永久美妆",
        "category": "life",
        "type": "生活服务;美容美发店;美容美发店",
        "district": "锦江区",
        "weight": 1
      }
    },
    {
      "type": "Feature",
      "geometry": {
        "type": "Point",
        "coordinates": [
          104.087298,
          30.628308
        ]
      },
      "properties": {
        "name": "鼓瓜鼓瓜蹦",
        "category": "life",
        "type": "生活服务;美容美发店;美容美发店",
        "district": "锦江区",
        "weight": 2
      }
    },
    {
      "type": "Feature",
      "geometry": {
        "type": "Point",
        "coordinates": [
          104.086294,
          30.620836
        ]
      },
      "properties": {
        "name": "花好月圆私弥坊摄影工作室",
        "category": "life",
        "type": "生活服务;生活服务场所;生活服务场所",
        "district": "锦江区",
        "weight": 1
      }
    },
    {
      "type": "Feature",
      "geometry": {
        "type": "Point",
        "coordinates": [
          104.089259,
          30.628633
        ]
      },
      "properties": {
        "name": "善喜婚礼",
        "category": "life",
        "type": "生活服务;生活服务场所;生活服务场所",
        "district": "锦江区",
        "weight": 1
      }
    },
    {
      "type": "Feature",
      "geometry": {
        "type": "Point",
        "coordinates": [
          104.091288,
          30.629184
        ]
      },
      "properties": {
        "name": "河滨社区重点青少年帮教服务站",
        "category": "life",
        "type": "生活服务;生活服务场所;生活服务场所",
        "district": "锦江区",
        "weight": 2
      }
    },
    {
      "type": "Feature",
      "geometry": {
        "type": "Point",
        "coordinates": [
          104.098374,
          30.622573
        ]
      },
      "properties": {
        "name": "艾妮尔美容美体",
        "category": "life",
        "type": "生活服务;美容美发店;美容美发店",
        "district": "锦江区",
        "weight": 3
      }
    },
    {
      "type": "Feature",
      "geometry": {
        "type": "Point",
        "coordinates": [
          104.109292,
          30.621152
        ]
      },
      "properties": {
        "name": "维度发艺",
        "category": "life",
        "type": "生活服务;美容美发店;美容美发店",
        "district": "锦江区",
        "weight": 22
      }
    },
    {
      "type": "Feature",
      "geometry": {
        "type": "Point",
        "coordinates": [
          104.107902,
          30.624468
        ]
      },
      "properties": {
        "name": "快美CTP输出中心",
        "category": "life",
        "type": "生活服务;生活服务场所;生活服务场所",
        "district": "锦江区",
        "weight": 2
      }
    },
    {
      "type": "Feature",
      "geometry": {
        "type": "Point",
        "coordinates": [
          104.109591,
          30.624808
        ]
      },
      "properties": {
        "name": "百世快递",
        "category": "life",
        "type": "生活服务;物流速递;物流速递",
        "district": "锦江区",
        "weight": 3
      }
    },
    {
      "type": "Feature",
      "geometry": {
        "type": "Point",
        "coordinates": [
          104.110337,
          30.62261
        ]
      },
      "properties": {
        "name": "精修电动车换电池配钥匙补鞋",
        "category": "life",
        "type": "生活服务;生活服务场所;生活服务场所",
        "district": "锦江区",
        "weight": 1
      }
    },
    {
      "type": "Feature",
      "geometry": {
        "type": "Point",
        "coordinates": [
          104.11329,
          30.621443
        ]
      },
      "properties": {
        "name": "行者无忧",
        "category": "life",
        "type": "生活服务;生活服务场所;生活服务场所",
        "district": "锦江区",
        "weight": 26
      }
    },
    {
      "type": "Feature",
      "geometry": {
        "type": "Point",
        "coordinates": [
          104.114297,
          30.627739
        ]
      },
      "properties": {
        "name": "东旺物业",
        "category": "life",
        "type": "生活服务;生活服务场所;生活服务场所",
        "district": "锦江区",
        "weight": 14
      }
    },
    {
      "type": "Feature",
      "geometry": {
        "type": "Point",
        "coordinates": [
          104.110297,
          30.61913
        ]
      },
      "properties": {
        "name": "万科签约中心",
        "category": "life",
        "type": "生活服务;生活服务场所;生活服务场所",
        "district": "锦江区",
        "weight": 2
      }
    },
    {
      "type": "Feature",
      "geometry": {
        "type": "Point",
        "coordinates": [
          104.117351,
          30.620859
        ]
      },
      "properties": {
        "name": "小月理发",
        "category": "life",
        "type": "生活服务;美容美发店;美容美发店",
        "district": "锦江区",
        "weight": 21
      }
    },
    {
      "type": "Feature",
      "geometry": {
        "type": "Point",
        "coordinates": [
          104.117658,
          30.625058
        ]
      },
      "properties": {
        "name": "静康社区网格工作站",
        "category": "life",
        "type": "生活服务;生活服务场所;生活服务场所",
        "district": "锦江区",
        "weight": 1
      }
    },
    {
      "type": "Feature",
      "geometry": {
        "type": "Point",
        "coordinates": [
          104.114691,
          30.625099
        ]
      },
      "properties": {
        "name": "速递易",
        "category": "life",
        "type": "生活服务;生活服务场所;生活服务场所",
        "district": "锦江区",
        "weight": 15
      }
    },
    {
      "type": "Feature",
      "geometry": {
        "type": "Point",
        "coordinates": [
          104.115945,
          30.621662
        ]
      },
      "properties": {
        "name": "艺剪造型",
        "category": "life",
        "type": "生活服务;美容美发店;美容美发店",
        "district": "锦江区",
        "weight": 3
      }
    },
    {
      "type": "Feature",
      "geometry": {
        "type": "Point",
        "coordinates": [
          104.116917,
          30.628144
        ]
      },
      "properties": {
        "name": "敏敏美发室",
        "category": "life",
        "type": "生活服务;美容美发店;美容美发店",
        "district": "锦江区",
        "weight": 5
      }
    },
    {
      "type": "Feature",
      "geometry": {
        "type": "Point",
        "coordinates": [
          104.118598,
          30.622629
        ]
      },
      "properties": {
        "name": "基层公开综合服务监管平台信息查询点",
        "category": "life",
        "type": "生活服务;生活服务场所;生活服务场所",
        "district": "锦江区",
        "weight": 1
      }
    },
    {
      "type": "Feature",
      "geometry": {
        "type": "Point",
        "coordinates": [
          104.116281,
          30.623916
        ]
      },
      "properties": {
        "name": "菜鸟驿站(成都金润华府幸福驿站万科限业主)",
        "category": "life",
        "type": "生活服务;物流速递;物流速递",
        "district": "锦江区",
        "weight": 1
      }
    },
    {
      "type": "Feature",
      "geometry": {
        "type": "Point",
        "coordinates": [
          104.12034,
          30.621087
        ]
      },
      "properties": {
        "name": "四川邮电职业技术学院菜鸟驿站",
        "category": "life",
        "type": "生活服务;物流速递;物流速递",
        "district": "锦江区",
        "weight": 3
      }
    },
    {
      "type": "Feature",
      "geometry": {
        "type": "Point",
        "coordinates": [
          104.114537,
          30.619869
        ]
      },
      "properties": {
        "name": "易速递",
        "category": "life",
        "type": "生活服务;生活服务场所;生活服务场所",
        "district": "锦江区",
        "weight": 1
      }
    },
    {
      "type": "Feature",
      "geometry": {
        "type": "Point",
        "coordinates": [
          104.121601,
          30.624972
        ]
      },
      "properties": {
        "name": "中国电信(沙河铺营业厅)",
        "category": "life",
        "type": "购物服务;家电电子卖场;手机销售|生活服务;电讯营业厅;中国电信营业厅",
        "district": "锦江区",
        "weight": 1
      }
    },
    {
      "type": "Feature",
      "geometry": {
        "type": "Point",
        "coordinates": [
          104.131765,
          30.626824
        ]
      },
      "properties": {
        "name": "美容塑身SPA",
        "category": "life",
        "type": "生活服务;美容美发店;美容美发店",
        "district": "成华区",
        "weight": 1
      }
    },
    {
      "type": "Feature",
      "geometry": {
        "type": "Point",
        "coordinates": [
          104.125143,
          30.621257
        ]
      },
      "properties": {
        "name": "曾老二电动车维修",
        "category": "life",
        "type": "生活服务;维修站点;维修站点",
        "district": "成华区",
        "weight": 5
      }
    },
    {
      "type": "Feature",
      "geometry": {
        "type": "Point",
        "coordinates": [
          104.125317,
          30.618664
        ]
      },
      "properties": {
        "name": "小祝发屋",
        "category": "life",
        "type": "生活服务;美容美发店;美容美发店",
        "district": "锦江区",
        "weight": 37
      }
    },
    {
      "type": "Feature",
      "geometry": {
        "type": "Point",
        "coordinates": [
          104.134617,
          30.619671
        ]
      },
      "properties": {
        "name": "金玉休闲",
        "category": "life",
        "type": "生活服务;洗浴推拿场所;洗浴推拿场所",
        "district": "锦江区",
        "weight": 68
      }
    },
    {
      "type": "Feature",
      "geometry": {
        "type": "Point",
        "coordinates": [
          104.123892,
          30.623106
        ]
      },
      "properties": {
        "name": "中国体育彩票",
        "category": "life",
        "type": "生活服务;彩票彩券销售点;彩票彩券销售点",
        "district": "锦江区",
        "weight": 1
      }
    },
    {
      "type": "Feature",
      "geometry": {
        "type": "Point",
        "coordinates": [
          104.12896,
          30.618836
        ]
      },
      "properties": {
        "name": "大同快递",
        "category": "life",
        "type": "生活服务;物流速递;物流速递",
        "district": "锦江区",
        "weight": 3
      }
    },
    {
      "type": "Feature",
      "geometry": {
        "type": "Point",
        "coordinates": [
          104.139737,
          30.623632
        ]
      },
      "properties": {
        "name": "浩凡广告",
        "category": "life",
        "type": "生活服务;生活服务场所;生活服务场所",
        "district": "成华区",
        "weight": 6
      }
    },
    {
      "type": "Feature",
      "geometry": {
        "type": "Point",
        "coordinates": [
          104.141441,
          30.624007
        ]
      },
      "properties": {
        "name": "蜀新驾校",
        "category": "life",
        "type": "科教文化服务;驾校;驾校|生活服务;生活服务场所;生活服务场所",
        "district": "成华区",
        "weight": 2
      }
    },
    {
      "type": "Feature",
      "geometry": {
        "type": "Point",
        "coordinates": [
          104.140206,
          30.628514
        ]
      },
      "properties": {
        "name": "小件寄存行李托运",
        "category": "life",
        "type": "生活服务;生活服务场所;生活服务场所",
        "district": "成华区",
        "weight": 2
      }
    },
    {
      "type": "Feature",
      "geometry": {
        "type": "Point",
        "coordinates": [
          104.13559,
          30.627858
        ]
      },
      "properties": {
        "name": "东站提货处",
        "category": "life",
        "type": "生活服务;生活服务场所;生活服务场所",
        "district": "成华区",
        "weight": 1
      }
    },
    {
      "type": "Feature",
      "geometry": {
        "type": "Point",
        "coordinates": [
          104.136013,
          30.628996
        ]
      },
      "properties": {
        "name": "成都东站行李包裹托运处",
        "category": "life",
        "type": "生活服务;物流速递;物流速递",
        "district": "成华区",
        "weight": 2
      }
    },
    {
      "type": "Feature",
      "geometry": {
        "type": "Point",
        "coordinates": [
          104.137086,
          30.623227
        ]
      },
      "properties": {
        "name": "兴城嘉苑物业管理中心",
        "category": "life",
        "type": "生活服务;生活服务场所;生活服务场所",
        "district": "成华区",
        "weight": 1
      }
    },
    {
      "type": "Feature",
      "geometry": {
        "type": "Point",
        "coordinates": [
          104.146716,
          30.624883
        ]
      },
      "properties": {
        "name": "美玲阁专业按摩",
        "category": "life",
        "type": "生活服务;洗浴推拿场所;洗浴推拿场所",
        "district": "成华区",
        "weight": 3
      }
    },
    {
      "type": "Feature",
      "geometry": {
        "type": "Point",
        "coordinates": [
          104.146358,
          30.626577
        ]
      },
      "properties": {
        "name": "晴晴专业按摩",
        "category": "life",
        "type": "生活服务;洗浴推拿场所;洗浴推拿场所",
        "district": "成华区",
        "weight": 5
      }
    },
    {
      "type": "Feature",
      "geometry": {
        "type": "Point",
        "coordinates": [
          104.144742,
          30.626485
        ]
      },
      "properties": {
        "name": "瑞豪专业烫染连锁",
        "category": "life",
        "type": "生活服务;生活服务场所;生活服务场所",
        "district": "成华区",
        "weight": 1
      }
    },
    {
      "type": "Feature",
      "geometry": {
        "type": "Point",
        "coordinates": [
          104.152584,
          30.626142
        ]
      },
      "properties": {
        "name": "汇通速递",
        "category": "life",
        "type": "生活服务;物流速递;物流速递",
        "district": "成华区",
        "weight": 2
      }
    },
    {
      "type": "Feature",
      "geometry": {
        "type": "Point",
        "coordinates": [
          104.149448,
          30.627475
        ]
      },
      "properties": {
        "name": "菜鸟驿站(万科三期一号门外)",
        "category": "life",
        "type": "生活服务;物流速递;物流速递",
        "district": "成华区",
        "weight": 1
      }
    },
    {
      "type": "Feature",
      "geometry": {
        "type": "Point",
        "coordinates": [
          104.154207,
          30.627093
        ]
      },
      "properties": {
        "name": "盲人按摩(和韵路)",
        "category": "life",
        "type": "生活服务;洗浴推拿场所;洗浴推拿场所",
        "district": "成华区",
        "weight": 7
      }
    },
    {
      "type": "Feature",
      "geometry": {
        "type": "Point",
        "coordinates": [
          104.158462,
          30.623368
        ]
      },
      "properties": {
        "name": "理发",
        "category": "life",
        "type": "生活服务;美容美发店;美容美发店",
        "district": "成华区",
        "weight": 2
      }
    },
    {
      "type": "Feature",
      "geometry": {
        "type": "Point",
        "coordinates": [
          104.158112,
          30.625936
        ]
      },
      "properties": {
        "name": "隆鑫·印象东方售楼部",
        "category": "life",
        "type": "生活服务;生活服务场所;生活服务场所",
        "district": "成华区",
        "weight": 1
      }
    },
    {
      "type": "Feature",
      "geometry": {
        "type": "Point",
        "coordinates": [
          104.155033,
          30.623912
        ]
      },
      "properties": {
        "name": "莲花公墓办事处(魅力之城4期·B7组团东)",
        "category": "life",
        "type": "生活服务;生活服务场所;生活服务场所",
        "district": "成华区",
        "weight": 1
      }
    },
    {
      "type": "Feature",
      "geometry": {
        "type": "Point",
        "coordinates": [
          104.157049,
          30.627997
        ]
      },
      "properties": {
        "name": "紫提东郡物业中心",
        "category": "life",
        "type": "生活服务;生活服务场所;生活服务场所",
        "district": "成华区",
        "weight": 3
      }
    },
    {
      "type": "Feature",
      "geometry": {
        "type": "Point",
        "coordinates": [
          103.971176,
          30.615518
        ]
      },
      "properties": {
        "name": "顺发",
        "category": "life",
        "type": "生活服务;生活服务场所;生活服务场所",
        "district": "武侯区",
        "weight": 37
      }
    },
    {
      "type": "Feature",
      "geometry": {
        "type": "Point",
        "coordinates": [
          103.968241,
          30.609618
        ]
      },
      "properties": {
        "name": "姿韵",
        "category": "life",
        "type": "生活服务;美容美发店;美容美发店",
        "district": "武侯区",
        "weight": 143
      }
    },
    {
      "type": "Feature",
      "geometry": {
        "type": "Point",
        "coordinates": [
          103.969188,
          30.617432
        ]
      },
      "properties": {
        "name": "阳粗线",
        "category": "life",
        "type": "生活服务;生活服务场所;生活服务场所",
        "district": "武侯区",
        "weight": 32
      }
    },
    {
      "type": "Feature",
      "geometry": {
        "type": "Point",
        "coordinates": [
          103.970783,
          30.612553
        ]
      },
      "properties": {
        "name": "英姿美",
        "category": "life",
        "type": "生活服务;美容美发店;美容美发店",
        "district": "武侯区",
        "weight": 8
      }
    },
    {
      "type": "Feature",
      "geometry": {
        "type": "Point",
        "coordinates": [
          103.965558,
          30.615739
        ]
      },
      "properties": {
        "name": "佰丽足源",
        "category": "life",
        "type": "生活服务;生活服务场所;生活服务场所",
        "district": "武侯区",
        "weight": 1
      }
    },
    {
      "type": "Feature",
      "geometry": {
        "type": "Point",
        "coordinates": [
          103.968197,
          30.61875
        ]
      },
      "properties": {
        "name": "宝途售后",
        "category": "life",
        "type": "生活服务;生活服务场所;生活服务场所",
        "district": "武侯区",
        "weight": 3
      }
    },
    {
      "type": "Feature",
      "geometry": {
        "type": "Point",
        "coordinates": [
          103.965035,
          30.618005
        ]
      },
      "properties": {
        "name": "齐飞焊接加工",
        "category": "life",
        "type": "生活服务;生活服务场所;生活服务场所",
        "district": "武侯区",
        "weight": 6
      }
    },
    {
      "type": "Feature",
      "geometry": {
        "type": "Point",
        "coordinates": [
          103.967618,
          30.619552
        ]
      },
      "properties": {
        "name": "成都迈风车行(金摩店)",
        "category": "life",
        "type": "生活服务;生活服务场所;生活服务场所",
        "district": "武侯区",
        "weight": 1
      }
    },
    {
      "type": "Feature",
      "geometry": {
        "type": "Point",
        "coordinates": [
          103.970275,
          30.619538
        ]
      },
      "properties": {
        "name": "鞋盒配送中心",
        "category": "life",
        "type": "生活服务;生活服务场所;生活服务场所",
        "district": "武侯区",
        "weight": 1
      }
    },
    {
      "type": "Feature",
      "geometry": {
        "type": "Point",
        "coordinates": [
          103.964222,
          30.611439
        ]
      },
      "properties": {
        "name": "武侯区长庆石油液化气公司金花液化气配送中心",
        "category": "life",
        "type": "生活服务;生活服务场所;生活服务场所",
        "district": "武侯区",
        "weight": 1
      }
    },
    {
      "type": "Feature",
      "geometry": {
        "type": "Point",
        "coordinates": [
          103.966308,
          30.619399
        ]
      },
      "properties": {
        "name": "大阳售后中心",
        "category": "life",
        "type": "生活服务;生活服务场所;生活服务场所",
        "district": "武侯区",
        "weight": 1
      }
    },
    {
      "type": "Feature",
      "geometry": {
        "type": "Point",
        "coordinates": [
          103.984141,
          30.612881
        ]
      },
      "properties": {
        "name": "尊享",
        "category": "life",
        "type": "生活服务;洗浴推拿场所;洗浴推拿场所",
        "district": "武侯区",
        "weight": 38
      }
    },
    {
      "type": "Feature",
      "geometry": {
        "type": "Point",
        "coordinates": [
          103.977768,
          30.612146
        ]
      },
      "properties": {
        "name": "中国福利彩票",
        "category": "life",
        "type": "生活服务;彩票彩券销售点;彩票彩券销售点",
        "district": "武侯区",
        "weight": 2
      }
    },
    {
      "type": "Feature",
      "geometry": {
        "type": "Point",
        "coordinates": [
          103.981818,
          30.610016
        ]
      },
      "properties": {
        "name": "韩美纹绣",
        "category": "life",
        "type": "生活服务;美容美发店;美容美发店",
        "district": "武侯区",
        "weight": 15
      }
    },
    {
      "type": "Feature",
      "geometry": {
        "type": "Point",
        "coordinates": [
          103.976919,
          30.613508
        ]
      },
      "properties": {
        "name": "路正驾校",
        "category": "life",
        "type": "生活服务;生活服务场所;生活服务场所",
        "district": "武侯区",
        "weight": 2
      }
    },
    {
      "type": "Feature",
      "geometry": {
        "type": "Point",
        "coordinates": [
          103.975287,
          30.61446
        ]
      },
      "properties": {
        "name": "蜀安驾校桂花路报名处",
        "category": "life",
        "type": "生活服务;生活服务场所;生活服务场所",
        "district": "武侯区",
        "weight": 1
      }
    },
    {
      "type": "Feature",
      "geometry": {
        "type": "Point",
        "coordinates": [
          103.974562,
          30.616047
        ]
      },
      "properties": {
        "name": "足源",
        "category": "life",
        "type": "生活服务;洗浴推拿场所;洗浴推拿场所",
        "district": "武侯区",
        "weight": 2
      }
    },
    {
      "type": "Feature",
      "geometry": {
        "type": "Point",
        "coordinates": [
          103.973991,
          30.618244
        ]
      },
      "properties": {
        "name": "植物取痣",
        "category": "life",
        "type": "生活服务;美容美发店;美容美发店",
        "district": "武侯区",
        "weight": 1
      }
    },
    {
      "type": "Feature",
      "geometry": {
        "type": "Point",
        "coordinates": [
          103.982617,
          30.61931
        ]
      },
      "properties": {
        "name": "西派城售楼处",
        "category": "life",
        "type": "生活服务;生活服务场所;生活服务场所",
        "district": "武侯区",
        "weight": 1
      }
    },
    {
      "type": "Feature",
      "geometry": {
        "type": "Point",
        "coordinates": [
          103.987581,
          30.614898
        ]
      },
      "properties": {
        "name": "中国体育彩票",
        "category": "life",
        "type": "生活服务;彩票彩券销售点;彩票彩券销售点",
        "district": "武侯区",
        "weight": 3
      }
    },
    {
      "type": "Feature",
      "geometry": {
        "type": "Point",
        "coordinates": [
          103.994206,
          30.607055
        ]
      },
      "properties": {
        "name": "陌森",
        "category": "life",
        "type": "生活服务;美容美发店;美容美发店",
        "district": "武侯区",
        "weight": 1146
      }
    },
    {
      "type": "Feature",
      "geometry": {
        "type": "Point",
        "coordinates": [
          103.98687,
          30.616388
        ]
      },
      "properties": {
        "name": "乐家服务站",
        "category": "life",
        "type": "生活服务;生活服务场所;生活服务场所",
        "district": "武侯区",
        "weight": 6
      }
    },
    {
      "type": "Feature",
      "geometry": {
        "type": "Point",
        "coordinates": [
          103.986483,
          30.617522
        ]
      },
      "properties": {
        "name": "意中意中介",
        "category": "life",
        "type": "生活服务;生活服务场所;生活服务场所",
        "district": "武侯区",
        "weight": 2
      }
    },
    {
      "type": "Feature",
      "geometry": {
        "type": "Point",
        "coordinates": [
          103.992326,
          30.616206
        ]
      },
      "properties": {
        "name": "精指发艺",
        "category": "life",
        "type": "生活服务;美容美发店;美容美发店",
        "district": "武侯区",
        "weight": 3
      }
    },
    {
      "type": "Feature",
      "geometry": {
        "type": "Point",
        "coordinates": [
          103.990632,
          30.617909
        ]
      },
      "properties": {
        "name": "芳胜发艺",
        "category": "life",
        "type": "生活服务;美容美发店;美容美发店",
        "district": "武侯区",
        "weight": 4
      }
    },
    {
      "type": "Feature",
      "geometry": {
        "type": "Point",
        "coordinates": [
          103.993614,
          30.613766
        ]
      },
      "properties": {
        "name": "浴足房",
        "category": "life",
        "type": "生活服务;洗浴推拿场所;洗浴推拿场所",
        "district": "武侯区",
        "weight": 14
      }
    },
    {
      "type": "Feature",
      "geometry": {
        "type": "Point",
        "coordinates": [
          103.984095,
          30.616624
        ]
      },
      "properties": {
        "name": "途腾物流",
        "category": "life",
        "type": "生活服务;物流速递;物流速递",
        "district": "武侯区",
        "weight": 1
      }
    },
    {
      "type": "Feature",
      "geometry": {
        "type": "Point",
        "coordinates": [
          103.986443,
          30.618725
        ]
      },
      "properties": {
        "name": "成都鑫中通物流有限公司",
        "category": "life",
        "type": "生活服务;物流速递;物流速递",
        "district": "武侯区",
        "weight": 1
      }
    },
    {
      "type": "Feature",
      "geometry": {
        "type": "Point",
        "coordinates": [
          103.997184,
          30.612913
        ]
      },
      "properties": {
        "name": "5701水站",
        "category": "life",
        "type": "生活服务;生活服务场所;生活服务场所",
        "district": "武侯区",
        "weight": 2
      }
    },
    {
      "type": "Feature",
      "geometry": {
        "type": "Point",
        "coordinates": [
          104.001804,
          30.61501
        ]
      },
      "properties": {
        "name": "莫霍克家具皮具修补",
        "category": "life",
        "type": "生活服务;生活服务场所;生活服务场所",
        "district": "武侯区",
        "weight": 4
      }
    },
    {
      "type": "Feature",
      "geometry": {
        "type": "Point",
        "coordinates": [
          104.000362,
          30.61678
        ]
      },
      "properties": {
        "name": "八益辅料商场办公室",
        "category": "life",
        "type": "生活服务;生活服务场所;生活服务场所",
        "district": "武侯区",
        "weight": 1
      }
    },
    {
      "type": "Feature",
      "geometry": {
        "type": "Point",
        "coordinates": [
          104.003392,
          30.615737
        ]
      },
      "properties": {
        "name": "普通汽运",
        "category": "life",
        "type": "生活服务;生活服务场所;生活服务场所",
        "district": "武侯区",
        "weight": 21
      }
    },
    {
      "type": "Feature",
      "geometry": {
        "type": "Point",
        "coordinates": [
          103.995314,
          30.6127
        ]
      },
      "properties": {
        "name": "静心画舍(零基础油画体验)",
        "category": "life",
        "type": "生活服务;生活服务场所;生活服务场所",
        "district": "武侯区",
        "weight": 2
      }
    },
    {
      "type": "Feature",
      "geometry": {
        "type": "Point",
        "coordinates": [
          104.000362,
          30.618364
        ]
      },
      "properties": {
        "name": "永凤服务站",
        "category": "life",
        "type": "生活服务;生活服务场所;生活服务场所",
        "district": "武侯区",
        "weight": 2
      }
    },
    {
      "type": "Feature",
      "geometry": {
        "type": "Point",
        "coordinates": [
          104.003808,
          30.617773
        ]
      },
      "properties": {
        "name": "茂源运业",
        "category": "life",
        "type": "生活服务;物流速递;物流速递",
        "district": "武侯区",
        "weight": 13
      }
    },
    {
      "type": "Feature",
      "geometry": {
        "type": "Point",
        "coordinates": [
          104.007501,
          30.614197
        ]
      },
      "properties": {
        "name": "中国邮政(聚龙路)",
        "category": "life",
        "type": "生活服务;邮局;邮局",
        "district": "武侯区",
        "weight": 3
      }
    },
    {
      "type": "Feature",
      "geometry": {
        "type": "Point",
        "coordinates": [
          104.009158,
          30.613466
        ]
      },
      "properties": {
        "name": "澹泊广告",
        "category": "life",
        "type": "生活服务;生活服务场所;生活服务场所",
        "district": "武侯区",
        "weight": 1
      }
    },
    {
      "type": "Feature",
      "geometry": {
        "type": "Point",
        "coordinates": [
          104.01101,
          30.616366
        ]
      },
      "properties": {
        "name": "瑞盛沙龙",
        "category": "life",
        "type": "生活服务;生活服务场所;生活服务场所",
        "district": "武侯区",
        "weight": 2
      }
    },
    {
      "type": "Feature",
      "geometry": {
        "type": "Point",
        "coordinates": [
          104.011943,
          30.613311
        ]
      },
      "properties": {
        "name": "菜鸟驿站(链家中粮祥云店612000220)",
        "category": "life",
        "type": "生活服务;物流速递;物流速递",
        "district": "武侯区",
        "weight": 1
      }
    },
    {
      "type": "Feature",
      "geometry": {
        "type": "Point",
        "coordinates": [
          104.009724,
          30.618321
        ]
      },
      "properties": {
        "name": "名美轩",
        "category": "life",
        "type": "生活服务;生活服务场所;生活服务场所",
        "district": "武侯区",
        "weight": 6
      }
    },
    {
      "type": "Feature",
      "geometry": {
        "type": "Point",
        "coordinates": [
          104.013072,
          30.613751
        ]
      },
      "properties": {
        "name": "鑫瑞恒",
        "category": "life",
        "type": "生活服务;物流速递;物流速递",
        "district": "武侯区",
        "weight": 1
      }
    },
    {
      "type": "Feature",
      "geometry": {
        "type": "Point",
        "coordinates": [
          104.012736,
          30.617013
        ]
      },
      "properties": {
        "name": "凯越装饰",
        "category": "life",
        "type": "生活服务;生活服务场所;生活服务场所",
        "district": "武侯区",
        "weight": 3
      }
    },
    {
      "type": "Feature",
      "geometry": {
        "type": "Point",
        "coordinates": [
          104.005841,
          30.618824
        ]
      },
      "properties": {
        "name": "方寸广告摄影棚",
        "category": "life",
        "type": "生活服务;生活服务场所;生活服务场所",
        "district": "武侯区",
        "weight": 1
      }
    },
    {
      "type": "Feature",
      "geometry": {
        "type": "Point",
        "coordinates": [
          104.006552,
          30.615958
        ]
      },
      "properties": {
        "name": "黑马摄影设计中心",
        "category": "life",
        "type": "生活服务;摄影冲印店;摄影冲印",
        "district": "武侯区",
        "weight": 1
      }
    },
    {
      "type": "Feature",
      "geometry": {
        "type": "Point",
        "coordinates": [
          104.018045,
          30.613045
        ]
      },
      "properties": {
        "name": "铭流造型",
        "category": "life",
        "type": "生活服务;美容美发店;美容美发店",
        "district": "武侯区",
        "weight": 3
      }
    },
    {
      "type": "Feature",
      "geometry": {
        "type": "Point",
        "coordinates": [
          104.021003,
          30.615005
        ]
      },
      "properties": {
        "name": "垃圾转运站",
        "category": "life",
        "type": "生活服务;生活服务场所;生活服务场所",
        "district": "武侯区",
        "weight": 6
      }
    },
    {
      "type": "Feature",
      "geometry": {
        "type": "Point",
        "coordinates": [
          104.021776,
          30.617088
        ]
      },
      "properties": {
        "name": "丰巢快递柜",
        "category": "life",
        "type": "生活服务;生活服务场所;生活服务场所",
        "district": "武侯区",
        "weight": 4
      }
    },
    {
      "type": "Feature",
      "geometry": {
        "type": "Point",
        "coordinates": [
          104.019571,
          30.618006
        ]
      },
      "properties": {
        "name": "顺意发艺",
        "category": "life",
        "type": "生活服务;美容美发店;美容美发店",
        "district": "武侯区",
        "weight": 14
      }
    },
    {
      "type": "Feature",
      "geometry": {
        "type": "Point",
        "coordinates": [
          104.016212,
          30.616664
        ]
      },
      "properties": {
        "name": "省成汽运四分公司",
        "category": "life",
        "type": "生活服务;旅行社;旅行社|公司企业;公司;公司",
        "district": "武侯区",
        "weight": 2
      }
    },
    {
      "type": "Feature",
      "geometry": {
        "type": "Point",
        "coordinates": [
          104.022363,
          30.611653
        ]
      },
      "properties": {
        "name": "超威电池开锁配钥匙电动车维修",
        "category": "life",
        "type": "生活服务;生活服务场所;生活服务场所",
        "district": "武侯区",
        "weight": 1
      }
    },
    {
      "type": "Feature",
      "geometry": {
        "type": "Point",
        "coordinates": [
          104.021142,
          30.618318
        ]
      },
      "properties": {
        "name": "创和物业客服中心",
        "category": "life",
        "type": "生活服务;生活服务场所;生活服务场所",
        "district": "武侯区",
        "weight": 1
      }
    },
    {
      "type": "Feature",
      "geometry": {
        "type": "Point",
        "coordinates": [
          104.013787,
          30.61585
        ]
      },
      "properties": {
        "name": "青禾金属加工部",
        "category": "life",
        "type": "生活服务;生活服务场所;生活服务场所",
        "district": "武侯区",
        "weight": 1
      }
    },
    {
      "type": "Feature",
      "geometry": {
        "type": "Point",
        "coordinates": [
          104.016004,
          30.618709
        ]
      },
      "properties": {
        "name": "罗姐裁缝店",
        "category": "life",
        "type": "生活服务;生活服务场所;生活服务场所",
        "district": "武侯区",
        "weight": 1
      }
    },
    {
      "type": "Feature",
      "geometry": {
        "type": "Point",
        "coordinates": [
          104.021775,
          30.619385
        ]
      },
      "properties": {
        "name": "桃李(武侯区配送中心)",
        "category": "life",
        "type": "生活服务;物流速递;物流速递",
        "district": "武侯区",
        "weight": 3
      }
    },
    {
      "type": "Feature",
      "geometry": {
        "type": "Point",
        "coordinates": [
          104.031034,
          30.611873
        ]
      },
      "properties": {
        "name": "丁丁堂微信公众号服务办事处",
        "category": "life",
        "type": "生活服务;生活服务场所;生活服务场所",
        "district": "武侯区",
        "weight": 1
      }
    },
    {
      "type": "Feature",
      "geometry": {
        "type": "Point",
        "coordinates": [
          104.028546,
          30.618391
        ]
      },
      "properties": {
        "name": "天府生命科技园物业服务中心",
        "category": "life",
        "type": "生活服务;生活服务场所;生活服务场所",
        "district": "武侯区",
        "weight": 1
      }
    },
    {
      "type": "Feature",
      "geometry": {
        "type": "Point",
        "coordinates": [
          104.029655,
          30.614186
        ]
      },
      "properties": {
        "name": "中通快递公司",
        "category": "life",
        "type": "生活服务;物流速递;物流速递",
        "district": "武侯区",
        "weight": 2
      }
    },
    {
      "type": "Feature",
      "geometry": {
        "type": "Point",
        "coordinates": [
          104.027206,
          30.617495
        ]
      },
      "properties": {
        "name": "兴科图文广告(科园南路)",
        "category": "life",
        "type": "生活服务;生活服务场所;生活服务场所",
        "district": "武侯区",
        "weight": 2
      }
    },
    {
      "type": "Feature",
      "geometry": {
        "type": "Point",
        "coordinates": [
          104.03039,
          30.61031
        ]
      },
      "properties": {
        "name": "哦哦物流中心",
        "category": "life",
        "type": "生活服务;物流速递;物流速递",
        "district": "武侯区",
        "weight": 1
      }
    },
    {
      "type": "Feature",
      "geometry": {
        "type": "Point",
        "coordinates": [
          104.031958,
          30.610344
        ]
      },
      "properties": {
        "name": "格力售后",
        "category": "life",
        "type": "生活服务;生活服务场所;生活服务场所",
        "district": "武侯区",
        "weight": 2
      }
    },
    {
      "type": "Feature",
      "geometry": {
        "type": "Point",
        "coordinates": [
          104.02389,
          30.618663
        ]
      },
      "properties": {
        "name": "登飞物流取货中心",
        "category": "life",
        "type": "生活服务;生活服务场所;生活服务场所",
        "district": "武侯区",
        "weight": 1
      }
    },
    {
      "type": "Feature",
      "geometry": {
        "type": "Point",
        "coordinates": [
          104.025476,
          30.611728
        ]
      },
      "properties": {
        "name": "成都随时递现代物流有限公司",
        "category": "life",
        "type": "生活服务;物流速递;物流速递",
        "district": "武侯区",
        "weight": 1
      }
    },
    {
      "type": "Feature",
      "geometry": {
        "type": "Point",
        "coordinates": [
          104.038666,
          30.615259
        ]
      },
      "properties": {
        "name": "玉甲坊",
        "category": "life",
        "type": "生活服务;美容美发店;美容美发店",
        "district": "武侯区",
        "weight": 24
      }
    },
    {
      "type": "Feature",
      "geometry": {
        "type": "Point",
        "coordinates": [
          104.037761,
          30.613056
        ]
      },
      "properties": {
        "name": "何姐专业按摩",
        "category": "life",
        "type": "生活服务;洗浴推拿场所;洗浴推拿场所",
        "district": "武侯区",
        "weight": 6
      }
    },
    {
      "type": "Feature",
      "geometry": {
        "type": "Point",
        "coordinates": [
          104.035796,
          30.614494
        ]
      },
      "properties": {
        "name": "成都捷辉货运有限公司",
        "category": "life",
        "type": "生活服务;物流速递;物流速递",
        "district": "武侯区",
        "weight": 2
      }
    },
    {
      "type": "Feature",
      "geometry": {
        "type": "Point",
        "coordinates": [
          104.040293,
          30.61665
        ]
      },
      "properties": {
        "name": "神仙树社区综合服务站",
        "category": "life",
        "type": "生活服务;生活服务场所;生活服务场所",
        "district": "武侯区",
        "weight": 2
      }
    },
    {
      "type": "Feature",
      "geometry": {
        "type": "Point",
        "coordinates": [
          104.036187,
          30.612627
        ]
      },
      "properties": {
        "name": "瑞芮养发美容中心",
        "category": "life",
        "type": "生活服务;美容美发店;美容美发店",
        "district": "武侯区",
        "weight": 1
      }
    },
    {
      "type": "Feature",
      "geometry": {
        "type": "Point",
        "coordinates": [
          104.038206,
          30.611314
        ]
      },
      "properties": {
        "name": "成都高新区社会养老服务中心",
        "category": "life",
        "type": "生活服务;生活服务场所;生活服务场所",
        "district": "武侯区",
        "weight": 2
      }
    },
    {
      "type": "Feature",
      "geometry": {
        "type": "Point",
        "coordinates": [
          104.039671,
          30.611266
        ]
      },
      "properties": {
        "name": "新北社区综合服务站",
        "category": "life",
        "type": "生活服务;生活服务场所;生活服务场所",
        "district": "武侯区",
        "weight": 2
      }
    },
    {
      "type": "Feature",
      "geometry": {
        "type": "Point",
        "coordinates": [
          104.034415,
          30.613924
        ]
      },
      "properties": {
        "name": "交苑驾校报名处",
        "category": "life",
        "type": "生活服务;生活服务场所;生活服务场所",
        "district": "武侯区",
        "weight": 4
      }
    },
    {
      "type": "Feature",
      "geometry": {
        "type": "Point",
        "coordinates": [
          104.035629,
          30.609532
        ]
      },
      "properties": {
        "name": "纤姿惠",
        "category": "life",
        "type": "生活服务;美容美发店;美容美发店",
        "district": "武侯区",
        "weight": 114
      }
    },
    {
      "type": "Feature",
      "geometry": {
        "type": "Point",
        "coordinates": [
          104.036244,
          30.618113
        ]
      },
      "properties": {
        "name": "中铁现代物流(成都第二配送中心)",
        "category": "life",
        "type": "生活服务;物流速递;物流速递",
        "district": "武侯区",
        "weight": 2
      }
    },
    {
      "type": "Feature",
      "geometry": {
        "type": "Point",
        "coordinates": [
          104.039534,
          30.610215
        ]
      },
      "properties": {
        "name": "金标榜美发",
        "category": "life",
        "type": "生活服务;美容美发店;美容美发店",
        "district": "武侯区",
        "weight": 1
      }
    },
    {
      "type": "Feature",
      "geometry": {
        "type": "Point",
        "coordinates": [
          104.041587,
          30.60968
        ]
      },
      "properties": {
        "name": "浩林文印",
        "category": "life",
        "type": "生活服务;生活服务场所;生活服务场所",
        "district": "武侯区",
        "weight": 3
      }
    },
    {
      "type": "Feature",
      "geometry": {
        "type": "Point",
        "coordinates": [
          104.033636,
          30.617736
        ]
      },
      "properties": {
        "name": "地奥医药连锁有限公司配送中心",
        "category": "life",
        "type": "生活服务;物流速递;物流速递",
        "district": "武侯区",
        "weight": 1
      }
    },
    {
      "type": "Feature",
      "geometry": {
        "type": "Point",
        "coordinates": [
          104.048495,
          30.614903
        ]
      },
      "properties": {
        "name": "紫薇社区综合服务站",
        "category": "life",
        "type": "生活服务;生活服务场所;生活服务场所",
        "district": "武侯区",
        "weight": 3
      }
    },
    {
      "type": "Feature",
      "geometry": {
        "type": "Point",
        "coordinates": [
          104.049146,
          30.613219
        ]
      },
      "properties": {
        "name": "御手国医(紫荆店)",
        "category": "life",
        "type": "生活服务;洗浴推拿场所;洗浴推拿场所",
        "district": "武侯区",
        "weight": 3
      }
    },
    {
      "type": "Feature",
      "geometry": {
        "type": "Point",
        "coordinates": [
          104.046456,
          30.615118
        ]
      },
      "properties": {
        "name": "SPA中心",
        "category": "life",
        "type": "生活服务;生活服务场所;生活服务场所",
        "district": "武侯区",
        "weight": 3
      }
    },
    {
      "type": "Feature",
      "geometry": {
        "type": "Point",
        "coordinates": [
          104.051905,
          30.613094
        ]
      },
      "properties": {
        "name": "四季美依",
        "category": "life",
        "type": "生活服务;生活服务场所;生活服务场所",
        "district": "武侯区",
        "weight": 19
      }
    },
    {
      "type": "Feature",
      "geometry": {
        "type": "Point",
        "coordinates": [
          104.046758,
          30.613556
        ]
      },
      "properties": {
        "name": "缦斋高级定制",
        "category": "life",
        "type": "生活服务;生活服务场所;生活服务场所",
        "district": "武侯区",
        "weight": 2
      }
    },
    {
      "type": "Feature",
      "geometry": {
        "type": "Point",
        "coordinates": [
          104.044766,
          30.616697
        ]
      },
      "properties": {
        "name": "海洁商务",
        "category": "life",
        "type": "生活服务;生活服务场所;生活服务场所",
        "district": "武侯区",
        "weight": 2
      }
    },
    {
      "type": "Feature",
      "geometry": {
        "type": "Point",
        "coordinates": [
          104.045017,
          30.611955
        ]
      },
      "properties": {
        "name": "自然美美容美体沙龙(中海名城店)",
        "category": "life",
        "type": "生活服务;生活服务场所;生活服务场所",
        "district": "武侯区",
        "weight": 1
      }
    },
    {
      "type": "Feature",
      "geometry": {
        "type": "Point",
        "coordinates": [
          104.04701,
          30.609821
        ]
      },
      "properties": {
        "name": "鼎力家政(南门店)",
        "category": "life",
        "type": "生活服务;生活服务场所;生活服务场所",
        "district": "武侯区",
        "weight": 1
      }
    },
    {
      "type": "Feature",
      "geometry": {
        "type": "Point",
        "coordinates": [
          104.053868,
          30.610854
        ]
      },
      "properties": {
        "name": "馨悦荟",
        "category": "life",
        "type": "生活服务;生活服务场所;生活服务场所",
        "district": "武侯区",
        "weight": 4
      }
    },
    {
      "type": "Feature",
      "geometry": {
        "type": "Point",
        "coordinates": [
          104.057617,
          30.613451
        ]
      },
      "properties": {
        "name": "艺馨阁",
        "category": "life",
        "type": "生活服务;美容美发店;美容美发店",
        "district": "武侯区",
        "weight": 35
      }
    },
    {
      "type": "Feature",
      "geometry": {
        "type": "Point",
        "coordinates": [
          104.063496,
          30.613787
        ]
      },
      "properties": {
        "name": "逸梦缘",
        "category": "life",
        "type": "生活服务;美容美发店;美容美发店",
        "district": "武侯区",
        "weight": 116
      }
    },
    {
      "type": "Feature",
      "geometry": {
        "type": "Point",
        "coordinates": [
          104.058914,
          30.61621
        ]
      },
      "properties": {
        "name": "漾书美睫美甲",
        "category": "life",
        "type": "生活服务;生活服务场所;生活服务场所",
        "district": "武侯区",
        "weight": 2
      }
    },
    {
      "type": "Feature",
      "geometry": {
        "type": "Point",
        "coordinates": [
          104.056894,
          30.610942
        ]
      },
      "properties": {
        "name": "宇程之旅",
        "category": "life",
        "type": "生活服务;生活服务场所;生活服务场所",
        "district": "武侯区",
        "weight": 16
      }
    },
    {
      "type": "Feature",
      "geometry": {
        "type": "Point",
        "coordinates": [
          104.057277,
          30.617229
        ]
      },
      "properties": {
        "name": "丽妍精致美颜馆",
        "category": "life",
        "type": "生活服务;生活服务场所;生活服务场所",
        "district": "武侯区",
        "weight": 1
      }
    },
    {
      "type": "Feature",
      "geometry": {
        "type": "Point",
        "coordinates": [
          104.059646,
          30.61755
        ]
      },
      "properties": {
        "name": "漾畵美甲工作室",
        "category": "life",
        "type": "生活服务;美容美发店;美容美发店",
        "district": "武侯区",
        "weight": 2
      }
    },
    {
      "type": "Feature",
      "geometry": {
        "type": "Point",
        "coordinates": [
          104.059842,
          30.610413
        ]
      },
      "properties": {
        "name": "租赁中心",
        "category": "life",
        "type": "生活服务;生活服务场所;生活服务场所",
        "district": "武侯区",
        "weight": 10
      }
    },
    {
      "type": "Feature",
      "geometry": {
        "type": "Point",
        "coordinates": [
          104.054633,
          30.612026
        ]
      },
      "properties": {
        "name": "棉絮加工店",
        "category": "life",
        "type": "生活服务;生活服务场所;生活服务场所",
        "district": "武侯区",
        "weight": 9
      }
    },
    {
      "type": "Feature",
      "geometry": {
        "type": "Point",
        "coordinates": [
          104.071438,
          30.61492
        ]
      },
      "properties": {
        "name": "佳域",
        "category": "life",
        "type": "生活服务;美容美发店;美容美发店",
        "district": "武侯区",
        "weight": 360
      }
    },
    {
      "type": "Feature",
      "geometry": {
        "type": "Point",
        "coordinates": [
          104.072532,
          30.616079
        ]
      },
      "properties": {
        "name": "顺心辰",
        "category": "life",
        "type": "生活服务;生活服务场所;生活服务场所",
        "district": "武侯区",
        "weight": 7
      }
    },
    {
      "type": "Feature",
      "geometry": {
        "type": "Point",
        "coordinates": [
          104.066542,
          30.611231
        ]
      },
      "properties": {
        "name": "盛鸿印务",
        "category": "life",
        "type": "生活服务;生活服务场所;生活服务场所",
        "district": "武侯区",
        "weight": 3
      }
    },
    {
      "type": "Feature",
      "geometry": {
        "type": "Point",
        "coordinates": [
          104.069167,
          30.610788
        ]
      },
      "properties": {
        "name": "特价飞机票",
        "category": "life",
        "type": "生活服务;售票处;飞机票代售点",
        "district": "武侯区",
        "weight": 3
      }
    },
    {
      "type": "Feature",
      "geometry": {
        "type": "Point",
        "coordinates": [
          104.064176,
          30.610128
        ]
      },
      "properties": {
        "name": "天邦物流",
        "category": "life",
        "type": "生活服务;物流速递;物流速递",
        "district": "武侯区",
        "weight": 6
      }
    },
    {
      "type": "Feature",
      "geometry": {
        "type": "Point",
        "coordinates": [
          104.070361,
          30.61116
        ]
      },
      "properties": {
        "name": "远成快运(中环路火车南站东路段)",
        "category": "life",
        "type": "生活服务;物流速递;物流速递",
        "district": "武侯区",
        "weight": 1
      }
    },
    {
      "type": "Feature",
      "geometry": {
        "type": "Point",
        "coordinates": [
          104.080696,
          30.614155
        ]
      },
      "properties": {
        "name": "熙朵",
        "category": "life",
        "type": "生活服务;美容美发店;美容美发店",
        "district": "武侯区",
        "weight": 62
      }
    },
    {
      "type": "Feature",
      "geometry": {
        "type": "Point",
        "coordinates": [
          104.078049,
          30.614732
        ]
      },
      "properties": {
        "name": "飞利浦专柜(王府井科华中路店)",
        "category": "life",
        "type": "生活服务;生活服务场所;生活服务场所",
        "district": "武侯区",
        "weight": 1
      }
    },
    {
      "type": "Feature",
      "geometry": {
        "type": "Point",
        "coordinates": [
          104.080148,
          30.611895
        ]
      },
      "properties": {
        "name": "莲之堂形体梳理",
        "category": "life",
        "type": "生活服务;美容美发店;美容美发店",
        "district": "武侯区",
        "weight": 2
      }
    },
    {
      "type": "Feature",
      "geometry": {
        "type": "Point",
        "coordinates": [
          104.082071,
          30.616048
        ]
      },
      "properties": {
        "name": "老王家的理发铺",
        "category": "life",
        "type": "生活服务;美容美发店;美容美发店",
        "district": "武侯区",
        "weight": 1
      }
    },
    {
      "type": "Feature",
      "geometry": {
        "type": "Point",
        "coordinates": [
          104.082511,
          30.611043
        ]
      },
      "properties": {
        "name": "山东会馆",
        "category": "life",
        "type": "生活服务;洗浴推拿场所;洗浴推拿场所",
        "district": "武侯区",
        "weight": 2
      }
    },
    {
      "type": "Feature",
      "geometry": {
        "type": "Point",
        "coordinates": [
          104.081356,
          30.609918
        ]
      },
      "properties": {
        "name": "悦容坊",
        "category": "life",
        "type": "生活服务;美容美发店;美容美发店",
        "district": "武侯区",
        "weight": 3
      }
    },
    {
      "type": "Feature",
      "geometry": {
        "type": "Point",
        "coordinates": [
          104.076829,
          30.615596
        ]
      },
      "properties": {
        "name": "中国移动",
        "category": "life",
        "type": "生活服务;电讯营业厅;电讯营业厅",
        "district": "武侯区",
        "weight": 1
      }
    },
    {
      "type": "Feature",
      "geometry": {
        "type": "Point",
        "coordinates": [
          104.089978,
          30.615091
        ]
      },
      "properties": {
        "name": "尚姿蝶",
        "category": "life",
        "type": "生活服务;美容美发店;美容美发店",
        "district": "锦江区",
        "weight": 122
      }
    },
    {
      "type": "Feature",
      "geometry": {
        "type": "Point",
        "coordinates": [
          104.087229,
          30.616434
        ]
      },
      "properties": {
        "name": "鼎力家政(华润路店)",
        "category": "life",
        "type": "生活服务;生活服务场所;生活服务场所",
        "district": "锦江区",
        "weight": 1
      }
    },
    {
      "type": "Feature",
      "geometry": {
        "type": "Point",
        "coordinates": [
          104.092836,
          30.617485
        ]
      },
      "properties": {
        "name": "渝富桥(东湖店)",
        "category": "life",
        "type": "生活服务;洗浴推拿场所;洗浴推拿场所",
        "district": "锦江区",
        "weight": 1
      }
    },
    {
      "type": "Feature",
      "geometry": {
        "type": "Point",
        "coordinates": [
          104.092177,
          30.60969
        ]
      },
      "properties": {
        "name": "蜀安驾校(琉璃报名处)",
        "category": "life",
        "type": "生活服务;生活服务场所;生活服务场所",
        "district": "锦江区",
        "weight": 1
      }
    },
    {
      "type": "Feature",
      "geometry": {
        "type": "Point",
        "coordinates": [
          104.098095,
          30.611817
        ]
      },
      "properties": {
        "name": "十字绣",
        "category": "life",
        "type": "生活服务;洗浴推拿场所;洗浴推拿场所",
        "district": "锦江区",
        "weight": 133
      }
    },
    {
      "type": "Feature",
      "geometry": {
        "type": "Point",
        "coordinates": [
          104.096184,
          30.612844
        ]
      },
      "properties": {
        "name": "安然纳米汗蒸馆(康郡店)",
        "category": "life",
        "type": "生活服务;洗浴推拿场所;洗浴推拿场所",
        "district": "锦江区",
        "weight": 1
      }
    },
    {
      "type": "Feature",
      "geometry": {
        "type": "Point",
        "coordinates": [
          104.101733,
          30.614863
        ]
      },
      "properties": {
        "name": "克丽缇娜(嘉祥店)",
        "category": "life",
        "type": "生活服务;美容美发店;美容美发店",
        "district": "锦江区",
        "weight": 3
      }
    },
    {
      "type": "Feature",
      "geometry": {
        "type": "Point",
        "coordinates": [
          104.102464,
          30.61368
        ]
      },
      "properties": {
        "name": "快又省",
        "category": "life",
        "type": "生活服务;生活服务场所;生活服务场所",
        "district": "锦江区",
        "weight": 2
      }
    },
    {
      "type": "Feature",
      "geometry": {
        "type": "Point",
        "coordinates": [
          104.10081,
          30.608931
        ]
      },
      "properties": {
        "name": "魔发",
        "category": "life",
        "type": "生活服务;美容美发店;美容美发店",
        "district": "锦江区",
        "weight": 29
      }
    },
    {
      "type": "Feature",
      "geometry": {
        "type": "Point",
        "coordinates": [
          104.094176,
          30.615254
        ]
      },
      "properties": {
        "name": "速递易(翡翠城4期A12)",
        "category": "life",
        "type": "生活服务;物流速递;物流速递",
        "district": "锦江区",
        "weight": 1
      }
    },
    {
      "type": "Feature",
      "geometry": {
        "type": "Point",
        "coordinates": [
          104.107022,
          30.617988
        ]
      },
      "properties": {
        "name": "老熊理发",
        "category": "life",
        "type": "生活服务;美容美发店;美容美发店",
        "district": "锦江区",
        "weight": 1
      }
    },
    {
      "type": "Feature",
      "geometry": {
        "type": "Point",
        "coordinates": [
          104.113187,
          30.614038
        ]
      },
      "properties": {
        "name": "意林按摩",
        "category": "life",
        "type": "生活服务;洗浴推拿场所;洗浴推拿场所",
        "district": "锦江区",
        "weight": 24
      }
    },
    {
      "type": "Feature",
      "geometry": {
        "type": "Point",
        "coordinates": [
          104.11208,
          30.618905
        ]
      },
      "properties": {
        "name": "净衣空间",
        "category": "life",
        "type": "生活服务;生活服务场所;生活服务场所",
        "district": "锦江区",
        "weight": 14
      }
    },
    {
      "type": "Feature",
      "geometry": {
        "type": "Point",
        "coordinates": [
          104.106826,
          30.611363
        ]
      },
      "properties": {
        "name": "成都创意设计",
        "category": "life",
        "type": "生活服务;生活服务场所;生活服务场所",
        "district": "锦江区",
        "weight": 1
      }
    },
    {
      "type": "Feature",
      "geometry": {
        "type": "Point",
        "coordinates": [
          104.104665,
          30.612023
        ]
      },
      "properties": {
        "name": "佳信广告(晨辉北路)",
        "category": "life",
        "type": "生活服务;生活服务场所;生活服务场所",
        "district": "锦江区",
        "weight": 1
      }
    },
    {
      "type": "Feature",
      "geometry": {
        "type": "Point",
        "coordinates": [
          104.11181,
          30.610582
        ]
      },
      "properties": {
        "name": "锦江广电",
        "category": "life",
        "type": "生活服务;生活服务场所;生活服务场所",
        "district": "锦江区",
        "weight": 2
      }
    },
    {
      "type": "Feature",
      "geometry": {
        "type": "Point",
        "coordinates": [
          104.104754,
          30.615431
        ]
      },
      "properties": {
        "name": "晨辉社区文明便民服务点",
        "category": "life",
        "type": "购物服务;综合市场;蔬菜市场|生活服务;生活服务场所;生活服务场所",
        "district": "锦江区",
        "weight": 1
      }
    },
    {
      "type": "Feature",
      "geometry": {
        "type": "Point",
        "coordinates": [
          104.104488,
          30.614083
        ]
      },
      "properties": {
        "name": "中国福利彩票",
        "category": "life",
        "type": "生活服务;彩票彩券销售点;彩票彩券销售点",
        "district": "锦江区",
        "weight": 1
      }
    },
    {
      "type": "Feature",
      "geometry": {
        "type": "Point",
        "coordinates": [
          104.106557,
          30.614273
        ]
      },
      "properties": {
        "name": "蜀府物业客服中心",
        "category": "life",
        "type": "生活服务;生活服务场所;生活服务场所",
        "district": "锦江区",
        "weight": 1
      }
    },
    {
      "type": "Feature",
      "geometry": {
        "type": "Point",
        "coordinates": [
          104.120315,
          30.616042
        ]
      },
      "properties": {
        "name": "创业空间",
        "category": "life",
        "type": "生活服务;生活服务场所;生活服务场所",
        "district": "锦江区",
        "weight": 5
      }
    },
    {
      "type": "Feature",
      "geometry": {
        "type": "Point",
        "coordinates": [
          104.122129,
          30.613382
        ]
      },
      "properties": {
        "name": "甲可爱",
        "category": "life",
        "type": "生活服务;美容美发店;美容美发店",
        "district": "锦江区",
        "weight": 57
      }
    },
    {
      "type": "Feature",
      "geometry": {
        "type": "Point",
        "coordinates": [
          104.11745,
          30.610563
        ]
      },
      "properties": {
        "name": "世纪名剪",
        "category": "life",
        "type": "生活服务;美容美发店;美容美发店",
        "district": "锦江区",
        "weight": 9
      }
    },
    {
      "type": "Feature",
      "geometry": {
        "type": "Point",
        "coordinates": [
          104.116218,
          30.613491
        ]
      },
      "properties": {
        "name": "新元图文广告设计中心",
        "category": "life",
        "type": "生活服务;生活服务场所;生活服务场所",
        "district": "锦江区",
        "weight": 1
      }
    },
    {
      "type": "Feature",
      "geometry": {
        "type": "Point",
        "coordinates": [
          104.115652,
          30.612406
        ]
      },
      "properties": {
        "name": "幸福里客户服务中心",
        "category": "life",
        "type": "生活服务;生活服务场所;生活服务场所",
        "district": "锦江区",
        "weight": 2
      }
    },
    {
      "type": "Feature",
      "geometry": {
        "type": "Point",
        "coordinates": [
          104.120014,
          30.6176
        ]
      },
      "properties": {
        "name": "天欣驾校咨询报名处",
        "category": "life",
        "type": "生活服务;生活服务场所;生活服务场所",
        "district": "锦江区",
        "weight": 1
      }
    },
    {
      "type": "Feature",
      "geometry": {
        "type": "Point",
        "coordinates": [
          104.119704,
          30.610911
        ]
      },
      "properties": {
        "name": "四川师范大学后勤集团接待中心",
        "category": "life",
        "type": "生活服务;生活服务场所;生活服务场所",
        "district": "锦江区",
        "weight": 4
      }
    },
    {
      "type": "Feature",
      "geometry": {
        "type": "Point",
        "coordinates": [
          104.114299,
          30.615564
        ]
      },
      "properties": {
        "name": "凯德保洁万科(城市花园店)",
        "category": "life",
        "type": "生活服务;生活服务场所;生活服务场所",
        "district": "锦江区",
        "weight": 2
      }
    },
    {
      "type": "Feature",
      "geometry": {
        "type": "Point",
        "coordinates": [
          104.114552,
          30.612399
        ]
      },
      "properties": {
        "name": "韵达(菱安路)",
        "category": "life",
        "type": "生活服务;物流速递;物流速递",
        "district": "锦江区",
        "weight": 1
      }
    },
    {
      "type": "Feature",
      "geometry": {
        "type": "Point",
        "coordinates": [
          104.114654,
          30.617063
        ]
      },
      "properties": {
        "name": "米小爱(万科城市花园店)",
        "category": "life",
        "type": "生活服务;生活服务场所;生活服务场所",
        "district": "锦江区",
        "weight": 1
      }
    },
    {
      "type": "Feature",
      "geometry": {
        "type": "Point",
        "coordinates": [
          104.119148,
          30.618647
        ]
      },
      "properties": {
        "name": "澜间",
        "category": "life",
        "type": "生活服务;生活服务场所;生活服务场所",
        "district": "锦江区",
        "weight": 1
      }
    },
    {
      "type": "Feature",
      "geometry": {
        "type": "Point",
        "coordinates": [
          104.114858,
          30.611476
        ]
      },
      "properties": {
        "name": "菜鸟驿站",
        "category": "life",
        "type": "生活服务;生活服务场所;生活服务场所",
        "district": "锦江区",
        "weight": 1
      }
    },
    {
      "type": "Feature",
      "geometry": {
        "type": "Point",
        "coordinates": [
          104.12058,
          30.618707
        ]
      },
      "properties": {
        "name": "阿玛尼剪烫",
        "category": "life",
        "type": "生活服务;美容美发店;美容美发店",
        "district": "锦江区",
        "weight": 5
      }
    },
    {
      "type": "Feature",
      "geometry": {
        "type": "Point",
        "coordinates": [
          104.122571,
          30.618233
        ]
      },
      "properties": {
        "name": "热风造型(简爱)",
        "category": "life",
        "type": "生活服务;美容美发店;美容美发店",
        "district": "锦江区",
        "weight": 4
      }
    },
    {
      "type": "Feature",
      "geometry": {
        "type": "Point",
        "coordinates": [
          104.115989,
          30.609276
        ]
      },
      "properties": {
        "name": "按摩足浴",
        "category": "life",
        "type": "生活服务;洗浴推拿场所;洗浴推拿场所",
        "district": "锦江区",
        "weight": 46
      }
    },
    {
      "type": "Feature",
      "geometry": {
        "type": "Point",
        "coordinates": [
          104.121164,
          30.610039
        ]
      },
      "properties": {
        "name": "唐氏美容院",
        "category": "life",
        "type": "生活服务;美容美发店;美容美发店",
        "district": "锦江区",
        "weight": 1
      }
    },
    {
      "type": "Feature",
      "geometry": {
        "type": "Point",
        "coordinates": [
          104.114432,
          30.618672
        ]
      },
      "properties": {
        "name": "克林缇娜",
        "category": "life",
        "type": "生活服务;生活服务场所;生活服务场所",
        "district": "锦江区",
        "weight": 7
      }
    },
    {
      "type": "Feature",
      "geometry": {
        "type": "Point",
        "coordinates": [
          104.122537,
          30.61546
        ]
      },
      "properties": {
        "name": "中国邮政(菱窠路)",
        "category": "life",
        "type": "生活服务;邮局;邮局",
        "district": "锦江区",
        "weight": 1
      }
    },
    {
      "type": "Feature",
      "geometry": {
        "type": "Point",
        "coordinates": [
          104.129214,
          30.61278
        ]
      },
      "properties": {
        "name": "万蓉房产",
        "category": "life",
        "type": "生活服务;生活服务场所;生活服务场所",
        "district": "锦江区",
        "weight": 9
      }
    },
    {
      "type": "Feature",
      "geometry": {
        "type": "Point",
        "coordinates": [
          104.130825,
          30.615487
        ]
      },
      "properties": {
        "name": "中国体育彩票",
        "category": "life",
        "type": "生活服务;彩票彩券销售点;彩票彩券销售点",
        "district": "锦江区",
        "weight": 19
      }
    },
    {
      "type": "Feature",
      "geometry": {
        "type": "Point",
        "coordinates": [
          104.127087,
          30.615545
        ]
      },
      "properties": {
        "name": "中国体育彩票",
        "category": "life",
        "type": "生活服务;彩票彩券销售点;彩票彩券销售点",
        "district": "锦江区",
        "weight": 5
      }
    },
    {
      "type": "Feature",
      "geometry": {
        "type": "Point",
        "coordinates": [
          104.132353,
          30.61366
        ]
      },
      "properties": {
        "name": "滨海盲人按摩",
        "category": "life",
        "type": "生活服务;洗浴推拿场所;洗浴推拿场所",
        "district": "锦江区",
        "weight": 15
      }
    },
    {
      "type": "Feature",
      "geometry": {
        "type": "Point",
        "coordinates": [
          104.128547,
          30.609982
        ]
      },
      "properties": {
        "name": "首艺",
        "category": "life",
        "type": "生活服务;美容美发店;美容美发店",
        "district": "锦江区",
        "weight": 76
      }
    },
    {
      "type": "Feature",
      "geometry": {
        "type": "Point",
        "coordinates": [
          104.124784,
          30.613904
        ]
      },
      "properties": {
        "name": "菜鸟驿站(凯旋天地)",
        "category": "life",
        "type": "生活服务;物流速递;物流速递",
        "district": "锦江区",
        "weight": 1
      }
    },
    {
      "type": "Feature",
      "geometry": {
        "type": "Point",
        "coordinates": [
          104.123861,
          30.616059
        ]
      },
      "properties": {
        "name": "美天造型(菱窠东路)",
        "category": "life",
        "type": "生活服务;美容美发店;美容美发店",
        "district": "锦江区",
        "weight": 1
      }
    },
    {
      "type": "Feature",
      "geometry": {
        "type": "Point",
        "coordinates": [
          104.130503,
          30.610281
        ]
      },
      "properties": {
        "name": "天香逸指",
        "category": "life",
        "type": "生活服务;洗浴推拿场所;洗浴推拿场所",
        "district": "锦江区",
        "weight": 1
      }
    },
    {
      "type": "Feature",
      "geometry": {
        "type": "Point",
        "coordinates": [
          104.134064,
          30.611442
        ]
      },
      "properties": {
        "name": "速递易",
        "category": "life",
        "type": "生活服务;物流速递;物流速递",
        "district": "锦江区",
        "weight": 51
      }
    },
    {
      "type": "Feature",
      "geometry": {
        "type": "Point",
        "coordinates": [
          104.132769,
          30.618118
        ]
      },
      "properties": {
        "name": "销售招商中心",
        "category": "life",
        "type": "生活服务;生活服务场所;生活服务场所",
        "district": "锦江区",
        "weight": 1
      }
    },
    {
      "type": "Feature",
      "geometry": {
        "type": "Point",
        "coordinates": [
          104.123762,
          30.619221
        ]
      },
      "properties": {
        "name": "dodo美甲",
        "category": "life",
        "type": "生活服务;美容美发店;美容美发店",
        "district": "锦江区",
        "weight": 1
      }
    },
    {
      "type": "Feature",
      "geometry": {
        "type": "Point",
        "coordinates": [
          104.140985,
          30.611028
        ]
      },
      "properties": {
        "name": "欧奈尔",
        "category": "life",
        "type": "生活服务;美容美发店;美容美发店",
        "district": "锦江区",
        "weight": 18
      }
    },
    {
      "type": "Feature",
      "geometry": {
        "type": "Point",
        "coordinates": [
          104.140674,
          30.614065
        ]
      },
      "properties": {
        "name": "四川力展物流(农科院营业部)",
        "category": "life",
        "type": "生活服务;物流速递;物流速递",
        "district": "锦江区",
        "weight": 1
      }
    },
    {
      "type": "Feature",
      "geometry": {
        "type": "Point",
        "coordinates": [
          104.141325,
          30.615174
        ]
      },
      "properties": {
        "name": "双晶·双桂物流公司",
        "category": "life",
        "type": "生活服务;物流速递;物流速递",
        "district": "锦江区",
        "weight": 1
      }
    },
    {
      "type": "Feature",
      "geometry": {
        "type": "Point",
        "coordinates": [
          104.134402,
          30.616044
        ]
      },
      "properties": {
        "name": "从头来美发",
        "category": "life",
        "type": "生活服务;美容美发店;美容美发店",
        "district": "锦江区",
        "weight": 5
      }
    },
    {
      "type": "Feature",
      "geometry": {
        "type": "Point",
        "coordinates": [
          104.139406,
          30.611964
        ]
      },
      "properties": {
        "name": "中国福利彩票",
        "category": "life",
        "type": "生活服务;彩票彩券销售点;彩票彩券销售点",
        "district": "锦江区",
        "weight": 3
      }
    },
    {
      "type": "Feature",
      "geometry": {
        "type": "Point",
        "coordinates": [
          104.140892,
          30.612935
        ]
      },
      "properties": {
        "name": "安娜贝儿儿童摄影馆",
        "category": "life",
        "type": "生活服务;摄影冲印店;摄影冲印",
        "district": "锦江区",
        "weight": 1
      }
    },
    {
      "type": "Feature",
      "geometry": {
        "type": "Point",
        "coordinates": [
          104.145686,
          30.609482
        ]
      },
      "properties": {
        "name": "天猫家装e站线下服务站",
        "category": "life",
        "type": "生活服务;生活服务场所;生活服务场所",
        "district": "锦江区",
        "weight": 2
      }
    },
    {
      "type": "Feature",
      "geometry": {
        "type": "Point",
        "coordinates": [
          103.970742,
          30.602908
        ]
      },
      "properties": {
        "name": "时尚发艺",
        "category": "life",
        "type": "生活服务;美容美发店;美容美发店",
        "district": "武侯区",
        "weight": 9
      }
    },
    {
      "type": "Feature",
      "geometry": {
        "type": "Point",
        "coordinates": [
          103.969293,
          30.60445
        ]
      },
      "properties": {
        "name": "路正驾校报名点",
        "category": "life",
        "type": "生活服务;生活服务场所;生活服务场所",
        "district": "武侯区",
        "weight": 4
      }
    },
    {
      "type": "Feature",
      "geometry": {
        "type": "Point",
        "coordinates": [
          103.966788,
          30.603938
        ]
      },
      "properties": {
        "name": "杰科皮革工艺",
        "category": "life",
        "type": "生活服务;生活服务场所;生活服务场所",
        "district": "武侯区",
        "weight": 5
      }
    },
    {
      "type": "Feature",
      "geometry": {
        "type": "Point",
        "coordinates": [
          103.969081,
          30.607421
        ]
      },
      "properties": {
        "name": "收废铁",
        "category": "life",
        "type": "生活服务;生活服务场所;生活服务场所",
        "district": "武侯区",
        "weight": 1
      }
    },
    {
      "type": "Feature",
      "geometry": {
        "type": "Point",
        "coordinates": [
          103.970539,
          30.607484
        ]
      },
      "properties": {
        "name": "交安驾校报名点(七里大道)",
        "category": "life",
        "type": "生活服务;生活服务场所;生活服务场所",
        "district": "武侯区",
        "weight": 1
      }
    },
    {
      "type": "Feature",
      "geometry": {
        "type": "Point",
        "coordinates": [
          103.973074,
          30.606416
        ]
      },
      "properties": {
        "name": "鸿运包装",
        "category": "life",
        "type": "生活服务;生活服务场所;生活服务场所",
        "district": "武侯区",
        "weight": 3
      }
    },
    {
      "type": "Feature",
      "geometry": {
        "type": "Point",
        "coordinates": [
          103.973831,
          30.605238
        ]
      },
      "properties": {
        "name": "金荷物流",
        "category": "life",
        "type": "生活服务;物流速递;物流速递",
        "district": "武侯区",
        "weight": 4
      }
    },
    {
      "type": "Feature",
      "geometry": {
        "type": "Point",
        "coordinates": [
          103.974985,
          30.601524
        ]
      },
      "properties": {
        "name": "芳芳理发",
        "category": "life",
        "type": "生活服务;美容美发店;美容美发店",
        "district": "武侯区",
        "weight": 40
      }
    },
    {
      "type": "Feature",
      "geometry": {
        "type": "Point",
        "coordinates": [
          103.981229,
          30.605701
        ]
      },
      "properties": {
        "name": "晶生好运",
        "category": "life",
        "type": "生活服务;生活服务场所;生活服务场所",
        "district": "武侯区",
        "weight": 4
      }
    },
    {
      "type": "Feature",
      "geometry": {
        "type": "Point",
        "coordinates": [
          103.977674,
          30.60578
        ]
      },
      "properties": {
        "name": "泰顺鞋业办公室",
        "category": "life",
        "type": "生活服务;生活服务场所;生活服务场所",
        "district": "武侯区",
        "weight": 2
      }
    },
    {
      "type": "Feature",
      "geometry": {
        "type": "Point",
        "coordinates": [
          103.977635,
          30.603552
        ]
      },
      "properties": {
        "name": "广州平安货运成都分公司",
        "category": "life",
        "type": "生活服务;物流速递;物流速递",
        "district": "武侯区",
        "weight": 4
      }
    },
    {
      "type": "Feature",
      "geometry": {
        "type": "Point",
        "coordinates": [
          103.983284,
          30.603355
        ]
      },
      "properties": {
        "name": "力宝物业",
        "category": "life",
        "type": "生活服务;生活服务场所;生活服务场所",
        "district": "武侯区",
        "weight": 2
      }
    },
    {
      "type": "Feature",
      "geometry": {
        "type": "Point",
        "coordinates": [
          103.983706,
          30.604206
        ]
      },
      "properties": {
        "name": "指尚色彩",
        "category": "life",
        "type": "生活服务;生活服务场所;生活服务场所",
        "district": "武侯区",
        "weight": 2
      }
    },
    {
      "type": "Feature",
      "geometry": {
        "type": "Point",
        "coordinates": [
          103.979034,
          30.602685
        ]
      },
      "properties": {
        "name": "华康电商服务中心",
        "category": "life",
        "type": "生活服务;生活服务场所;生活服务场所",
        "district": "武侯区",
        "weight": 6
      }
    },
    {
      "type": "Feature",
      "geometry": {
        "type": "Point",
        "coordinates": [
          103.975764,
          30.604354
        ]
      },
      "properties": {
        "name": "恒鑫物流(成双大道)",
        "category": "life",
        "type": "生活服务;物流速递;物流速递",
        "district": "武侯区",
        "weight": 2
      }
    },
    {
      "type": "Feature",
      "geometry": {
        "type": "Point",
        "coordinates": [
          103.981467,
          30.601283
        ]
      },
      "properties": {
        "name": "名流",
        "category": "life",
        "type": "生活服务;美容美发店;美容美发店",
        "district": "武侯区",
        "weight": 13
      }
    },
    {
      "type": "Feature",
      "geometry": {
        "type": "Point",
        "coordinates": [
          103.978192,
          30.607946
        ]
      },
      "properties": {
        "name": "时代广告图文",
        "category": "life",
        "type": "生活服务;生活服务场所;生活服务场所",
        "district": "武侯区",
        "weight": 2
      }
    },
    {
      "type": "Feature",
      "geometry": {
        "type": "Point",
        "coordinates": [
          103.974974,
          30.605785
        ]
      },
      "properties": {
        "name": "中天物流",
        "category": "life",
        "type": "生活服务;物流速递;物流速递",
        "district": "武侯区",
        "weight": 1
      }
    },
    {
      "type": "Feature",
      "geometry": {
        "type": "Point",
        "coordinates": [
          103.983127,
          30.605672
        ]
      },
      "properties": {
        "name": "好逸SMART女鞋之都店",
        "category": "life",
        "type": "生活服务;生活服务场所;生活服务场所",
        "district": "武侯区",
        "weight": 1
      }
    },
    {
      "type": "Feature",
      "geometry": {
        "type": "Point",
        "coordinates": [
          103.979808,
          30.600468
        ]
      },
      "properties": {
        "name": "中通女鞋之都公司",
        "category": "life",
        "type": "生活服务;物流速递;物流速递",
        "district": "武侯区",
        "weight": 2
      }
    },
    {
      "type": "Feature",
      "geometry": {
        "type": "Point",
        "coordinates": [
          103.983221,
          30.606904
        ]
      },
      "properties": {
        "name": "路正驾校",
        "category": "life",
        "type": "生活服务;生活服务场所;生活服务场所",
        "district": "武侯区",
        "weight": 2
      }
    },
    {
      "type": "Feature",
      "geometry": {
        "type": "Point",
        "coordinates": [
          103.977349,
          30.609181
        ]
      },
      "properties": {
        "name": "青木堂纹身纹绣",
        "category": "life",
        "type": "生活服务;美容美发店;美容美发店",
        "district": "武侯区",
        "weight": 1
      }
    },
    {
      "type": "Feature",
      "geometry": {
        "type": "Point",
        "coordinates": [
          103.98476,
          30.604367
        ]
      },
      "properties": {
        "name": "四季君美产后恢复",
        "category": "life",
        "type": "生活服务;美容美发店;美容美发店",
        "district": "武侯区",
        "weight": 1
      }
    },
    {
      "type": "Feature",
      "geometry": {
        "type": "Point",
        "coordinates": [
          103.984208,
          30.60793
        ]
      },
      "properties": {
        "name": "美甲美睫",
        "category": "life",
        "type": "生活服务;美容美发店;美容美发店",
        "district": "武侯区",
        "weight": 5
      }
    },
    {
      "type": "Feature",
      "geometry": {
        "type": "Point",
        "coordinates": [
          103.985889,
          30.608991
        ]
      },
      "properties": {
        "name": "千方御养养生会所",
        "category": "life",
        "type": "生活服务;美容美发店;美容美发店",
        "district": "武侯区",
        "weight": 1
      }
    },
    {
      "type": "Feature",
      "geometry": {
        "type": "Point",
        "coordinates": [
          103.992526,
          30.599754
        ]
      },
      "properties": {
        "name": "运茂物流",
        "category": "life",
        "type": "生活服务;物流速递;物流速递",
        "district": "武侯区",
        "weight": 11
      }
    },
    {
      "type": "Feature",
      "geometry": {
        "type": "Point",
        "coordinates": [
          104.003129,
          30.605092
        ]
      },
      "properties": {
        "name": "御足轩",
        "category": "life",
        "type": "生活服务;洗浴推拿场所;洗浴推拿场所",
        "district": "武侯区",
        "weight": 88
      }
    },
    {
      "type": "Feature",
      "geometry": {
        "type": "Point",
        "coordinates": [
          103.999363,
          30.607434
        ]
      },
      "properties": {
        "name": "劳保消防擦机布",
        "category": "life",
        "type": "生活服务;生活服务场所;生活服务场所",
        "district": "武侯区",
        "weight": 2
      }
    },
    {
      "type": "Feature",
      "geometry": {
        "type": "Point",
        "coordinates": [
          103.999569,
          30.600276
        ]
      },
      "properties": {
        "name": "接待中心",
        "category": "life",
        "type": "生活服务;生活服务场所;生活服务场所",
        "district": "武侯区",
        "weight": 26
      }
    },
    {
      "type": "Feature",
      "geometry": {
        "type": "Point",
        "coordinates": [
          103.997751,
          30.60087
        ]
      },
      "properties": {
        "name": "远成快运(新安大道)",
        "category": "life",
        "type": "生活服务;物流速递;物流速递",
        "district": "武侯区",
        "weight": 1
      }
    },
    {
      "type": "Feature",
      "geometry": {
        "type": "Point",
        "coordinates": [
          104.007917,
          30.602709
        ]
      },
      "properties": {
        "name": "万兴水业",
        "category": "life",
        "type": "生活服务;生活服务场所;生活服务场所",
        "district": "武侯区",
        "weight": 1
      }
    },
    {
      "type": "Feature",
      "geometry": {
        "type": "Point",
        "coordinates": [
          104.009118,
          30.608273
        ]
      },
      "properties": {
        "name": "金诚货运",
        "category": "life",
        "type": "生活服务;物流速递;物流速递",
        "district": "武侯区",
        "weight": 40
      }
    },
    {
      "type": "Feature",
      "geometry": {
        "type": "Point",
        "coordinates": [
          104.006474,
          30.601372
        ]
      },
      "properties": {
        "name": "七七安装",
        "category": "life",
        "type": "生活服务;生活服务场所;生活服务场所",
        "district": "武侯区",
        "weight": 2
      }
    },
    {
      "type": "Feature",
      "geometry": {
        "type": "Point",
        "coordinates": [
          104.029496,
          30.60386
        ]
      },
      "properties": {
        "name": "创艺空间专业烫染",
        "category": "life",
        "type": "生活服务;美容美发店;美容美发店",
        "district": "武侯区",
        "weight": 4
      }
    },
    {
      "type": "Feature",
      "geometry": {
        "type": "Point",
        "coordinates": [
          104.027973,
          30.603507
        ]
      },
      "properties": {
        "name": "唯颐形象设计烫染店",
        "category": "life",
        "type": "生活服务;美容美发店;美容美发店",
        "district": "武侯区",
        "weight": 1
      }
    },
    {
      "type": "Feature",
      "geometry": {
        "type": "Point",
        "coordinates": [
          104.026355,
          30.606679
        ]
      },
      "properties": {
        "name": "茗竹苑茶坊",
        "category": "life",
        "type": "生活服务;洗浴推拿场所;洗浴推拿场所|餐饮服务;茶艺馆;茶艺馆",
        "district": "武侯区",
        "weight": 13
      }
    },
    {
      "type": "Feature",
      "geometry": {
        "type": "Point",
        "coordinates": [
          104.024539,
          30.605028
        ]
      },
      "properties": {
        "name": "勤勤缝纫",
        "category": "life",
        "type": "生活服务;生活服务场所;生活服务场所",
        "district": "武侯区",
        "weight": 15
      }
    },
    {
      "type": "Feature",
      "geometry": {
        "type": "Point",
        "coordinates": [
          104.032723,
          30.604176
        ]
      },
      "properties": {
        "name": "指尖恋人",
        "category": "life",
        "type": "生活服务;生活服务场所;生活服务场所",
        "district": "武侯区",
        "weight": 1
      }
    },
    {
      "type": "Feature",
      "geometry": {
        "type": "Point",
        "coordinates": [
          104.027308,
          30.604993
        ]
      },
      "properties": {
        "name": "庆安社区老年人日间照料中心",
        "category": "life",
        "type": "生活服务;生活服务场所;生活服务场所",
        "district": "武侯区",
        "weight": 2
      }
    },
    {
      "type": "Feature",
      "geometry": {
        "type": "Point",
        "coordinates": [
          104.026009,
          30.603681
        ]
      },
      "properties": {
        "name": "卓瑞电脑上门维修服务部",
        "category": "life",
        "type": "生活服务;维修站点;维修站点",
        "district": "武侯区",
        "weight": 1
      }
    },
    {
      "type": "Feature",
      "geometry": {
        "type": "Point",
        "coordinates": [
          104.026375,
          30.602767
        ]
      },
      "properties": {
        "name": "四川省运动技术学院温水康复中心",
        "category": "life",
        "type": "生活服务;洗浴推拿场所;洗浴推拿场所",
        "district": "武侯区",
        "weight": 1
      }
    },
    {
      "type": "Feature",
      "geometry": {
        "type": "Point",
        "coordinates": [
          104.032697,
          30.600799
        ]
      },
      "properties": {
        "name": "中联广告(美洲花园店)",
        "category": "life",
        "type": "生活服务;生活服务场所;生活服务场所",
        "district": "武侯区",
        "weight": 2
      }
    },
    {
      "type": "Feature",
      "geometry": {
        "type": "Point",
        "coordinates": [
          104.038824,
          30.605036
        ]
      },
      "properties": {
        "name": "百世快递",
        "category": "life",
        "type": "生活服务;物流速递;物流速递",
        "district": "武侯区",
        "weight": 10
      }
    },
    {
      "type": "Feature",
      "geometry": {
        "type": "Point",
        "coordinates": [
          104.041973,
          30.606039
        ]
      },
      "properties": {
        "name": "临江广告",
        "category": "life",
        "type": "生活服务;生活服务场所;生活服务场所",
        "district": "武侯区",
        "weight": 26
      }
    },
    {
      "type": "Feature",
      "geometry": {
        "type": "Point",
        "coordinates": [
          104.035462,
          30.602682
        ]
      },
      "properties": {
        "name": "皮具护理",
        "category": "life",
        "type": "生活服务;生活服务场所;生活服务场所",
        "district": "武侯区",
        "weight": 22
      }
    },
    {
      "type": "Feature",
      "geometry": {
        "type": "Point",
        "coordinates": [
          104.037721,
          30.602219
        ]
      },
      "properties": {
        "name": "万瀚名车",
        "category": "life",
        "type": "生活服务;生活服务场所;生活服务场所",
        "district": "武侯区",
        "weight": 1
      }
    },
    {
      "type": "Feature",
      "geometry": {
        "type": "Point",
        "coordinates": [
          104.048426,
          30.605076
        ]
      },
      "properties": {
        "name": "臻欣美容养生馆",
        "category": "life",
        "type": "生活服务;美容美发店;美容美发店",
        "district": "武侯区",
        "weight": 1
      }
    },
    {
      "type": "Feature",
      "geometry": {
        "type": "Point",
        "coordinates": [
          104.048348,
          30.603642
        ]
      },
      "properties": {
        "name": "梓霖极致车美服务项目",
        "category": "life",
        "type": "生活服务;生活服务场所;生活服务场所",
        "district": "武侯区",
        "weight": 3
      }
    },
    {
      "type": "Feature",
      "geometry": {
        "type": "Point",
        "coordinates": [
          104.05123,
          30.604428
        ]
      },
      "properties": {
        "name": "保修中心",
        "category": "life",
        "type": "生活服务;生活服务场所;生活服务场所",
        "district": "武侯区",
        "weight": 8
      }
    },
    {
      "type": "Feature",
      "geometry": {
        "type": "Point",
        "coordinates": [
          104.050293,
          30.602543
        ]
      },
      "properties": {
        "name": "发仕名匠",
        "category": "life",
        "type": "生活服务;美容美发店;美容美发店",
        "district": "武侯区",
        "weight": 17
      }
    },
    {
      "type": "Feature",
      "geometry": {
        "type": "Point",
        "coordinates": [
          104.045244,
          30.604555
        ]
      },
      "properties": {
        "name": "速递易",
        "category": "life",
        "type": "生活服务;物流速递;物流速递",
        "district": "武侯区",
        "weight": 4
      }
    },
    {
      "type": "Feature",
      "geometry": {
        "type": "Point",
        "coordinates": [
          104.049126,
          30.60163
        ]
      },
      "properties": {
        "name": "菜鸟驿站(中海翠屏湾4栋3单元旁快递扫码送欧莱雅)",
        "category": "life",
        "type": "生活服务;物流速递;物流速递",
        "district": "武侯区",
        "weight": 1
      }
    },
    {
      "type": "Feature",
      "geometry": {
        "type": "Point",
        "coordinates": [
          104.052589,
          30.6058
        ]
      },
      "properties": {
        "name": "古艾灸疗养生馆",
        "category": "life",
        "type": "生活服务;生活服务场所;生活服务场所",
        "district": "武侯区",
        "weight": 2
      }
    },
    {
      "type": "Feature",
      "geometry": {
        "type": "Point",
        "coordinates": [
          104.044123,
          30.604898
        ]
      },
      "properties": {
        "name": "售后服务中心",
        "category": "life",
        "type": "生活服务;生活服务场所;生活服务场所",
        "district": "武侯区",
        "weight": 1
      }
    },
    {
      "type": "Feature",
      "geometry": {
        "type": "Point",
        "coordinates": [
          104.052046,
          30.60732
        ]
      },
      "properties": {
        "name": "成都高新区芳草街街道办事处盛泰社区综合服务站",
        "category": "life",
        "type": "生活服务;生活服务场所;生活服务场所",
        "district": "武侯区",
        "weight": 1
      }
    },
    {
      "type": "Feature",
      "geometry": {
        "type": "Point",
        "coordinates": [
          104.043642,
          30.604068
        ]
      },
      "properties": {
        "name": "马自达维修服务",
        "category": "life",
        "type": "生活服务;生活服务场所;生活服务场所",
        "district": "武侯区",
        "weight": 1
      }
    },
    {
      "type": "Feature",
      "geometry": {
        "type": "Point",
        "coordinates": [
          104.058461,
          30.603724
        ]
      },
      "properties": {
        "name": "玉琢",
        "category": "life",
        "type": "生活服务;生活服务场所;生活服务场所",
        "district": "武侯区",
        "weight": 2
      }
    },
    {
      "type": "Feature",
      "geometry": {
        "type": "Point",
        "coordinates": [
          104.060879,
          30.606058
        ]
      },
      "properties": {
        "name": "大汉",
        "category": "life",
        "type": "生活服务;洗浴推拿场所;洗浴推拿场所",
        "district": "武侯区",
        "weight": 65
      }
    },
    {
      "type": "Feature",
      "geometry": {
        "type": "Point",
        "coordinates": [
          104.05844,
          30.605279
        ]
      },
      "properties": {
        "name": "宜家站自行车租赁点",
        "category": "life",
        "type": "生活服务;生活服务场所;生活服务场所",
        "district": "武侯区",
        "weight": 1
      }
    },
    {
      "type": "Feature",
      "geometry": {
        "type": "Point",
        "coordinates": [
          104.057557,
          30.60293
        ]
      },
      "properties": {
        "name": "优佳孕美影像生活馆",
        "category": "life",
        "type": "生活服务;生活服务场所;生活服务场所",
        "district": "武侯区",
        "weight": 1
      }
    },
    {
      "type": "Feature",
      "geometry": {
        "type": "Point",
        "coordinates": [
          104.058394,
          30.606512
        ]
      },
      "properties": {
        "name": "互动式维修接待区",
        "category": "life",
        "type": "生活服务;生活服务场所;生活服务场所",
        "district": "武侯区",
        "weight": 2
      }
    },
    {
      "type": "Feature",
      "geometry": {
        "type": "Point",
        "coordinates": [
          104.056998,
          30.601726
        ]
      },
      "properties": {
        "name": "清会馆",
        "category": "life",
        "type": "生活服务;洗浴推拿场所;洗浴推拿场所",
        "district": "武侯区",
        "weight": 11
      }
    },
    {
      "type": "Feature",
      "geometry": {
        "type": "Point",
        "coordinates": [
          104.057331,
          30.607112
        ]
      },
      "properties": {
        "name": "成都鸿帆沙发整形美容中心",
        "category": "life",
        "type": "生活服务;生活服务场所;生活服务场所",
        "district": "武侯区",
        "weight": 2
      }
    },
    {
      "type": "Feature",
      "geometry": {
        "type": "Point",
        "coordinates": [
          104.062058,
          30.604363
        ]
      },
      "properties": {
        "name": "唐形",
        "category": "life",
        "type": "生活服务;生活服务场所;生活服务场所",
        "district": "武侯区",
        "weight": 9
      }
    },
    {
      "type": "Feature",
      "geometry": {
        "type": "Point",
        "coordinates": [
          104.054903,
          30.603026
        ]
      },
      "properties": {
        "name": "盛和林语售楼部",
        "category": "life",
        "type": "生活服务;生活服务场所;生活服务场所",
        "district": "武侯区",
        "weight": 1
      }
    },
    {
      "type": "Feature",
      "geometry": {
        "type": "Point",
        "coordinates": [
          104.062157,
          30.602524
        ]
      },
      "properties": {
        "name": "收货区",
        "category": "life",
        "type": "生活服务;生活服务场所;生活服务场所",
        "district": "武侯区",
        "weight": 1
      }
    },
    {
      "type": "Feature",
      "geometry": {
        "type": "Point",
        "coordinates": [
          104.056823,
          30.607964
        ]
      },
      "properties": {
        "name": "易飞易国际旅行社",
        "category": "life",
        "type": "生活服务;生活服务场所;生活服务场所",
        "district": "武侯区",
        "weight": 1
      }
    },
    {
      "type": "Feature",
      "geometry": {
        "type": "Point",
        "coordinates": [
          104.054304,
          30.605895
        ]
      },
      "properties": {
        "name": "美格育颜",
        "category": "life",
        "type": "生活服务;生活服务场所;生活服务场所",
        "district": "武侯区",
        "weight": 3
      }
    },
    {
      "type": "Feature",
      "geometry": {
        "type": "Point",
        "coordinates": [
          104.063941,
          30.604048
        ]
      },
      "properties": {
        "name": "美洛美发",
        "category": "life",
        "type": "生活服务;美容美发店;美容美发店",
        "district": "武侯区",
        "weight": 16
      }
    },
    {
      "type": "Feature",
      "geometry": {
        "type": "Point",
        "coordinates": [
          104.057365,
          30.60019
        ]
      },
      "properties": {
        "name": "川和造型(理想店)",
        "category": "life",
        "type": "生活服务;美容美发店;美容美发店",
        "district": "武侯区",
        "weight": 1
      }
    },
    {
      "type": "Feature",
      "geometry": {
        "type": "Point",
        "coordinates": [
          104.05585,
          30.608318
        ]
      },
      "properties": {
        "name": "蓝楹.素美馆美甲美睫.半永久",
        "category": "life",
        "type": "生活服务;美容美发店;美容美发店",
        "district": "武侯区",
        "weight": 1
      }
    },
    {
      "type": "Feature",
      "geometry": {
        "type": "Point",
        "coordinates": [
          104.058634,
          30.609073
        ]
      },
      "properties": {
        "name": "快捷快递",
        "category": "life",
        "type": "生活服务;物流速递;物流速递",
        "district": "武侯区",
        "weight": 1
      }
    },
    {
      "type": "Feature",
      "geometry": {
        "type": "Point",
        "coordinates": [
          104.063398,
          30.606533
        ]
      },
      "properties": {
        "name": "妙道养生美容",
        "category": "life",
        "type": "生活服务;美容美发店;美容美发店",
        "district": "武侯区",
        "weight": 4
      }
    },
    {
      "type": "Feature",
      "geometry": {
        "type": "Point",
        "coordinates": [
          104.067184,
          30.604316
        ]
      },
      "properties": {
        "name": "快剪",
        "category": "life",
        "type": "生活服务;美容美发店;美容美发店",
        "district": "武侯区",
        "weight": 43
      }
    },
    {
      "type": "Feature",
      "geometry": {
        "type": "Point",
        "coordinates": [
          104.070981,
          30.606182
        ]
      },
      "properties": {
        "name": "庞氏造型",
        "category": "life",
        "type": "生活服务;美容美发店;美容美发店",
        "district": "武侯区",
        "weight": 28
      }
    },
    {
      "type": "Feature",
      "geometry": {
        "type": "Point",
        "coordinates": [
          104.07096,
          30.602339
        ]
      },
      "properties": {
        "name": "中国福利彩票",
        "category": "life",
        "type": "生活服务;彩票彩券销售点;彩票彩券销售点",
        "district": "武侯区",
        "weight": 11
      }
    },
    {
      "type": "Feature",
      "geometry": {
        "type": "Point",
        "coordinates": [
          104.068755,
          30.601235
        ]
      },
      "properties": {
        "name": "桂溪街道永安社区日间照料中心",
        "category": "life",
        "type": "生活服务;生活服务场所;生活服务场所",
        "district": "武侯区",
        "weight": 1
      }
    },
    {
      "type": "Feature",
      "geometry": {
        "type": "Point",
        "coordinates": [
          104.066385,
          30.608048
        ]
      },
      "properties": {
        "name": "成都南站售票处",
        "category": "life",
        "type": "生活服务;售票处;火车票代售点",
        "district": "武侯区",
        "weight": 4
      }
    },
    {
      "type": "Feature",
      "geometry": {
        "type": "Point",
        "coordinates": [
          104.070487,
          30.601094
        ]
      },
      "properties": {
        "name": "爱旅游",
        "category": "life",
        "type": "生活服务;旅行社;旅行社",
        "district": "武侯区",
        "weight": 5
      }
    },
    {
      "type": "Feature",
      "geometry": {
        "type": "Point",
        "coordinates": [
          104.072776,
          30.606517
        ]
      },
      "properties": {
        "name": "中国体育彩票",
        "category": "life",
        "type": "生活服务;彩票彩券销售点;彩票彩券销售点",
        "district": "武侯区",
        "weight": 2
      }
    },
    {
      "type": "Feature",
      "geometry": {
        "type": "Point",
        "coordinates": [
          104.065618,
          30.607142
        ]
      },
      "properties": {
        "name": "国家电网(天仁北二街)",
        "category": "life",
        "type": "生活服务;电力营业厅;电力营业厅",
        "district": "武侯区",
        "weight": 1
      }
    },
    {
      "type": "Feature",
      "geometry": {
        "type": "Point",
        "coordinates": [
          104.079002,
          30.606938
        ]
      },
      "properties": {
        "name": "快发",
        "category": "life",
        "type": "生活服务;美容美发店;美容美发店",
        "district": "武侯区",
        "weight": 36
      }
    },
    {
      "type": "Feature",
      "geometry": {
        "type": "Point",
        "coordinates": [
          104.07633,
          30.605368
        ]
      },
      "properties": {
        "name": "精灵之家儿童美术原创机构",
        "category": "life",
        "type": "生活服务;生活服务场所;生活服务场所",
        "district": "武侯区",
        "weight": 1
      }
    },
    {
      "type": "Feature",
      "geometry": {
        "type": "Point",
        "coordinates": [
          104.076185,
          30.602282
        ]
      },
      "properties": {
        "name": "灰姑娘美容美体工作室",
        "category": "life",
        "type": "生活服务;生活服务场所;生活服务场所",
        "district": "武侯区",
        "weight": 1
      }
    },
    {
      "type": "Feature",
      "geometry": {
        "type": "Point",
        "coordinates": [
          104.081571,
          30.601306
        ]
      },
      "properties": {
        "name": "菜鸟驿站",
        "category": "life",
        "type": "生活服务;生活服务场所;生活服务场所",
        "district": "锦江区",
        "weight": 8
      }
    },
    {
      "type": "Feature",
      "geometry": {
        "type": "Point",
        "coordinates": [
          104.076708,
          30.603812
        ]
      },
      "properties": {
        "name": "自行车租赁点(桂溪西街)",
        "category": "life",
        "type": "生活服务;生活服务场所;生活服务场所",
        "district": "武侯区",
        "weight": 1
      }
    },
    {
      "type": "Feature",
      "geometry": {
        "type": "Point",
        "coordinates": [
          104.077782,
          30.601509
        ]
      },
      "properties": {
        "name": "咏洁生物",
        "category": "life",
        "type": "生活服务;洗浴推拿场所;洗浴推拿场所",
        "district": "武侯区",
        "weight": 3
      }
    },
    {
      "type": "Feature",
      "geometry": {
        "type": "Point",
        "coordinates": [
          104.075437,
          30.606766
        ]
      },
      "properties": {
        "name": "四川恒坤会计师事务所有限公司",
        "category": "life",
        "type": "生活服务;生活服务场所;生活服务场所",
        "district": "武侯区",
        "weight": 1
      }
    },
    {
      "type": "Feature",
      "geometry": {
        "type": "Point",
        "coordinates": [
          104.074418,
          30.605546
        ]
      },
      "properties": {
        "name": "和平社区综合服务站",
        "category": "life",
        "type": "生活服务;生活服务场所;生活服务场所",
        "district": "武侯区",
        "weight": 3
      }
    },
    {
      "type": "Feature",
      "geometry": {
        "type": "Point",
        "coordinates": [
          104.073892,
          30.604032
        ]
      },
      "properties": {
        "name": "和平农贸市场站自行车租赁点",
        "category": "life",
        "type": "生活服务;生活服务场所;生活服务场所",
        "district": "武侯区",
        "weight": 1
      }
    },
    {
      "type": "Feature",
      "geometry": {
        "type": "Point",
        "coordinates": [
          104.073703,
          30.60212
        ]
      },
      "properties": {
        "name": "菜鸟驿站",
        "category": "life",
        "type": "生活服务;生活服务场所;生活服务场所",
        "district": "武侯区",
        "weight": 2
      }
    },
    {
      "type": "Feature",
      "geometry": {
        "type": "Point",
        "coordinates": [
          104.087218,
          30.606383
        ]
      },
      "properties": {
        "name": "邮件自提点",
        "category": "life",
        "type": "生活服务;生活服务场所;生活服务场所",
        "district": "锦江区",
        "weight": 21
      }
    },
    {
      "type": "Feature",
      "geometry": {
        "type": "Point",
        "coordinates": [
          104.091561,
          30.606123
        ]
      },
      "properties": {
        "name": "名剪",
        "category": "life",
        "type": "生活服务;美容美发店;美容美发店",
        "district": "锦江区",
        "weight": 90
      }
    },
    {
      "type": "Feature",
      "geometry": {
        "type": "Point",
        "coordinates": [
          104.086217,
          30.604651
        ]
      },
      "properties": {
        "name": "川侨印务",
        "category": "life",
        "type": "生活服务;生活服务场所;生活服务场所",
        "district": "锦江区",
        "weight": 4
      }
    },
    {
      "type": "Feature",
      "geometry": {
        "type": "Point",
        "coordinates": [
          104.092078,
          30.602902
        ]
      },
      "properties": {
        "name": "红砖美发",
        "category": "life",
        "type": "生活服务;美容美发店;美容美发店",
        "district": "锦江区",
        "weight": 5
      }
    },
    {
      "type": "Feature",
      "geometry": {
        "type": "Point",
        "coordinates": [
          104.08537,
          30.601483
        ]
      },
      "properties": {
        "name": "小陈电动车维修行",
        "category": "life",
        "type": "生活服务;维修站点;维修站点",
        "district": "锦江区",
        "weight": 3
      }
    },
    {
      "type": "Feature",
      "geometry": {
        "type": "Point",
        "coordinates": [
          104.093472,
          30.601532
        ]
      },
      "properties": {
        "name": "皓诚广告",
        "category": "life",
        "type": "生活服务;生活服务场所;生活服务场所",
        "district": "锦江区",
        "weight": 26
      }
    },
    {
      "type": "Feature",
      "geometry": {
        "type": "Point",
        "coordinates": [
          104.093972,
          30.603908
        ]
      },
      "properties": {
        "name": "幸福之约广告",
        "category": "life",
        "type": "生活服务;生活服务场所;生活服务场所",
        "district": "锦江区",
        "weight": 3
      }
    },
    {
      "type": "Feature",
      "geometry": {
        "type": "Point",
        "coordinates": [
          104.086179,
          30.600481
        ]
      },
      "properties": {
        "name": "心悦造型",
        "category": "life",
        "type": "生活服务;美容美发店;美容美发店",
        "district": "锦江区",
        "weight": 4
      }
    },
    {
      "type": "Feature",
      "geometry": {
        "type": "Point",
        "coordinates": [
          104.088122,
          30.600246
        ]
      },
      "properties": {
        "name": "焦点广告有限公司",
        "category": "life",
        "type": "生活服务;生活服务场所;生活服务场所",
        "district": "锦江区",
        "weight": 2
      }
    },
    {
      "type": "Feature",
      "geometry": {
        "type": "Point",
        "coordinates": [
          104.084062,
          30.60126
        ]
      },
      "properties": {
        "name": "中通速递(凯丽香江片区)",
        "category": "life",
        "type": "生活服务;物流速递;物流速递",
        "district": "锦江区",
        "weight": 1
      }
    },
    {
      "type": "Feature",
      "geometry": {
        "type": "Point",
        "coordinates": [
          104.092343,
          30.600412
        ]
      },
      "properties": {
        "name": "室内装修维修",
        "category": "life",
        "type": "生活服务;生活服务场所;生活服务场所",
        "district": "锦江区",
        "weight": 1
      }
    },
    {
      "type": "Feature",
      "geometry": {
        "type": "Point",
        "coordinates": [
          104.092782,
          30.608786
        ]
      },
      "properties": {
        "name": "香江花园物业服务中心",
        "category": "life",
        "type": "生活服务;生活服务场所;生活服务场所",
        "district": "锦江区",
        "weight": 1
      }
    },
    {
      "type": "Feature",
      "geometry": {
        "type": "Point",
        "coordinates": [
          104.100935,
          30.604569
        ]
      },
      "properties": {
        "name": "微创",
        "category": "life",
        "type": "生活服务;美容美发店;美容美发店",
        "district": "锦江区",
        "weight": 191
      }
    },
    {
      "type": "Feature",
      "geometry": {
        "type": "Point",
        "coordinates": [
          104.09631,
          30.602474
        ]
      },
      "properties": {
        "name": "发丝缘(仁居路)",
        "category": "life",
        "type": "生活服务;美容美发店;美容美发店",
        "district": "锦江区",
        "weight": 6
      }
    },
    {
      "type": "Feature",
      "geometry": {
        "type": "Point",
        "coordinates": [
          104.101042,
          30.602226
        ]
      },
      "properties": {
        "name": "速递易",
        "category": "life",
        "type": "生活服务;物流速递;物流速递",
        "district": "锦江区",
        "weight": 18
      }
    },
    {
      "type": "Feature",
      "geometry": {
        "type": "Point",
        "coordinates": [
          104.096515,
          30.600121
        ]
      },
      "properties": {
        "name": "氧焊",
        "category": "life",
        "type": "生活服务;生活服务场所;生活服务场所",
        "district": "锦江区",
        "weight": 28
      }
    },
    {
      "type": "Feature",
      "geometry": {
        "type": "Point",
        "coordinates": [
          104.102454,
          30.607372
        ]
      },
      "properties": {
        "name": "顺成机电维修部",
        "category": "life",
        "type": "生活服务;维修站点;维修站点",
        "district": "锦江区",
        "weight": 4
      }
    },
    {
      "type": "Feature",
      "geometry": {
        "type": "Point",
        "coordinates": [
          104.095466,
          30.608747
        ]
      },
      "properties": {
        "name": "中国福利彩票",
        "category": "life",
        "type": "生活服务;彩票彩券销售点;彩票彩券销售点",
        "district": "锦江区",
        "weight": 4
      }
    },
    {
      "type": "Feature",
      "geometry": {
        "type": "Point",
        "coordinates": [
          104.103311,
          30.601421
        ]
      },
      "properties": {
        "name": "叶师车行",
        "category": "life",
        "type": "生活服务;维修站点;维修站点",
        "district": "锦江区",
        "weight": 9
      }
    },
    {
      "type": "Feature",
      "geometry": {
        "type": "Point",
        "coordinates": [
          104.10186,
          30.599636
        ]
      },
      "properties": {
        "name": "明家老铺",
        "category": "life",
        "type": "生活服务;洗浴推拿场所;洗浴推拿场所",
        "district": "锦江区",
        "weight": 5
      }
    },
    {
      "type": "Feature",
      "geometry": {
        "type": "Point",
        "coordinates": [
          104.103454,
          30.599773
        ]
      },
      "properties": {
        "name": "中国福利彩票",
        "category": "life",
        "type": "生活服务;彩票彩券销售点;彩票彩券销售点",
        "district": "锦江区",
        "weight": 3
      }
    },
    {
      "type": "Feature",
      "geometry": {
        "type": "Point",
        "coordinates": [
          104.1046,
          30.603002
        ]
      },
      "properties": {
        "name": "洪于广告印务",
        "category": "life",
        "type": "生活服务;生活服务场所;生活服务场所",
        "district": "锦江区",
        "weight": 4
      }
    },
    {
      "type": "Feature",
      "geometry": {
        "type": "Point",
        "coordinates": [
          104.108566,
          30.601515
        ]
      },
      "properties": {
        "name": "长城驾校(琉三路报名点)",
        "category": "life",
        "type": "生活服务;生活服务场所;生活服务场所",
        "district": "锦江区",
        "weight": 1
      }
    },
    {
      "type": "Feature",
      "geometry": {
        "type": "Point",
        "coordinates": [
          104.111065,
          30.608822
        ]
      },
      "properties": {
        "name": "成都洪河液化石油气有限公司(成龙配送点)(海伦商务酒店西南)",
        "category": "life",
        "type": "生活服务;生活服务场所;生活服务场所",
        "district": "锦江区",
        "weight": 1
      }
    },
    {
      "type": "Feature",
      "geometry": {
        "type": "Point",
        "coordinates": [
          104.105117,
          30.600261
        ]
      },
      "properties": {
        "name": "柳江配送",
        "category": "life",
        "type": "生活服务;物流速递;物流速递",
        "district": "锦江区",
        "weight": 2
      }
    },
    {
      "type": "Feature",
      "geometry": {
        "type": "Point",
        "coordinates": [
          104.116105,
          30.605387
        ]
      },
      "properties": {
        "name": "瘦美人形象设计",
        "category": "life",
        "type": "生活服务;生活服务场所;生活服务场所",
        "district": "锦江区",
        "weight": 2
      }
    },
    {
      "type": "Feature",
      "geometry": {
        "type": "Point",
        "coordinates": [
          104.119275,
          30.606286
        ]
      },
      "properties": {
        "name": "蓝光金悦天娇售楼部",
        "category": "life",
        "type": "生活服务;生活服务场所;生活服务场所",
        "district": "锦江区",
        "weight": 1
      }
    },
    {
      "type": "Feature",
      "geometry": {
        "type": "Point",
        "coordinates": [
          104.121659,
          30.603196
        ]
      },
      "properties": {
        "name": "鑫柯造型",
        "category": "life",
        "type": "生活服务;美容美发店;美容美发店",
        "district": "锦江区",
        "weight": 6
      }
    },
    {
      "type": "Feature",
      "geometry": {
        "type": "Point",
        "coordinates": [
          104.120357,
          30.601855
        ]
      },
      "properties": {
        "name": "莱美造型",
        "category": "life",
        "type": "生活服务;美容美发店;美容美发店",
        "district": "锦江区",
        "weight": 1
      }
    },
    {
      "type": "Feature",
      "geometry": {
        "type": "Point",
        "coordinates": [
          104.123651,
          30.606473
        ]
      },
      "properties": {
        "name": "海外旅游",
        "category": "life",
        "type": "生活服务;旅行社;旅行社",
        "district": "锦江区",
        "weight": 67
      }
    },
    {
      "type": "Feature",
      "geometry": {
        "type": "Point",
        "coordinates": [
          104.115176,
          30.602919
        ]
      },
      "properties": {
        "name": "美人计女子私房会馆",
        "category": "life",
        "type": "生活服务;生活服务场所;生活服务场所",
        "district": "锦江区",
        "weight": 1
      }
    },
    {
      "type": "Feature",
      "geometry": {
        "type": "Point",
        "coordinates": [
          104.129622,
          30.603426
        ]
      },
      "properties": {
        "name": "电信营业厅",
        "category": "life",
        "type": "生活服务;电讯营业厅;中国电信营业厅",
        "district": "锦江区",
        "weight": 2
      }
    },
    {
      "type": "Feature",
      "geometry": {
        "type": "Point",
        "coordinates": [
          104.128857,
          30.606082
        ]
      },
      "properties": {
        "name": "中国体育彩票",
        "category": "life",
        "type": "生活服务;彩票彩券销售点;彩票彩券销售点",
        "district": "锦江区",
        "weight": 6
      }
    },
    {
      "type": "Feature",
      "geometry": {
        "type": "Point",
        "coordinates": [
          104.130774,
          30.607425
        ]
      },
      "properties": {
        "name": "丝美发店",
        "category": "life",
        "type": "生活服务;生活服务场所;生活服务场所",
        "district": "锦江区",
        "weight": 11
      }
    },
    {
      "type": "Feature",
      "geometry": {
        "type": "Point",
        "coordinates": [
          104.131644,
          30.600575
        ]
      },
      "properties": {
        "name": "康济中医理疗养升馆",
        "category": "life",
        "type": "生活服务;生活服务场所;生活服务场所",
        "district": "锦江区",
        "weight": 10
      }
    },
    {
      "type": "Feature",
      "geometry": {
        "type": "Point",
        "coordinates": [
          104.131813,
          30.602649
        ]
      },
      "properties": {
        "name": "速递易(卓锦城五期A03)",
        "category": "life",
        "type": "生活服务;物流速递;物流速递",
        "district": "锦江区",
        "weight": 1
      }
    },
    {
      "type": "Feature",
      "geometry": {
        "type": "Point",
        "coordinates": [
          104.124679,
          30.608381
        ]
      },
      "properties": {
        "name": "疯觅工作室",
        "category": "life",
        "type": "生活服务;生活服务场所;生活服务场所",
        "district": "锦江区",
        "weight": 1
      }
    },
    {
      "type": "Feature",
      "geometry": {
        "type": "Point",
        "coordinates": [
          104.137589,
          30.602305
        ]
      },
      "properties": {
        "name": "四海会所(三圣乡店)",
        "category": "life",
        "type": "生活服务;美容美发店;美容美发店",
        "district": "锦江区",
        "weight": 1
      }
    },
    {
      "type": "Feature",
      "geometry": {
        "type": "Point",
        "coordinates": [
          104.13883,
          30.601625
        ]
      },
      "properties": {
        "name": "速递易(四海逸家二期A41)",
        "category": "life",
        "type": "生活服务;物流速递;物流速递",
        "district": "锦江区",
        "weight": 1
      }
    },
    {
      "type": "Feature",
      "geometry": {
        "type": "Point",
        "coordinates": [
          104.134444,
          30.606111
        ]
      },
      "properties": {
        "name": "纯植物染发馆",
        "category": "life",
        "type": "生活服务;美容美发店;美容美发店",
        "district": "锦江区",
        "weight": 2
      }
    },
    {
      "type": "Feature",
      "geometry": {
        "type": "Point",
        "coordinates": [
          104.13381,
          30.60529
        ]
      },
      "properties": {
        "name": "HMDF和美东方产后恢复中心(三圣乡店)",
        "category": "life",
        "type": "生活服务;美容美发店;美容美发店",
        "district": "锦江区",
        "weight": 1
      }
    },
    {
      "type": "Feature",
      "geometry": {
        "type": "Point",
        "coordinates": [
          104.140311,
          30.600077
        ]
      },
      "properties": {
        "name": "圆通快递",
        "category": "life",
        "type": "生活服务;物流速递;物流速递",
        "district": "锦江区",
        "weight": 42
      }
    },
    {
      "type": "Feature",
      "geometry": {
        "type": "Point",
        "coordinates": [
          104.134695,
          30.600832
        ]
      },
      "properties": {
        "name": "美发美容",
        "category": "life",
        "type": "生活服务;生活服务场所;生活服务场所",
        "district": "锦江区",
        "weight": 7
      }
    },
    {
      "type": "Feature",
      "geometry": {
        "type": "Point",
        "coordinates": [
          104.137501,
          30.606682
        ]
      },
      "properties": {
        "name": "成都公益组织服务园(百日红西路)",
        "category": "life",
        "type": "生活服务;生活服务场所;生活服务场所",
        "district": "锦江区",
        "weight": 1
      }
    },
    {
      "type": "Feature",
      "geometry": {
        "type": "Point",
        "coordinates": [
          104.135777,
          30.606385
        ]
      },
      "properties": {
        "name": "杨杨修脚",
        "category": "life",
        "type": "生活服务;洗浴推拿场所;洗浴推拿场所",
        "district": "锦江区",
        "weight": 2
      }
    },
    {
      "type": "Feature",
      "geometry": {
        "type": "Point",
        "coordinates": [
          104.142267,
          30.607151
        ]
      },
      "properties": {
        "name": "菜鸟驿站(华韵天府007超市寄件有减免)",
        "category": "life",
        "type": "生活服务;物流速递;物流速递",
        "district": "锦江区",
        "weight": 1
      }
    },
    {
      "type": "Feature",
      "geometry": {
        "type": "Point",
        "coordinates": [
          104.133865,
          30.601811
        ]
      },
      "properties": {
        "name": "菜鸟驿站(链家卓锦城店Y612000167)",
        "category": "life",
        "type": "生活服务;物流速递;物流速递",
        "district": "锦江区",
        "weight": 2
      }
    },
    {
      "type": "Feature",
      "geometry": {
        "type": "Point",
        "coordinates": [
          104.143109,
          30.608307
        ]
      },
      "properties": {
        "name": "绿地中心468",
        "category": "life",
        "type": "生活服务;生活服务场所;生活服务场所",
        "district": "锦江区",
        "weight": 11
      }
    },
    {
      "type": "Feature",
      "geometry": {
        "type": "Point",
        "coordinates": [
          104.142606,
          30.599714
        ]
      },
      "properties": {
        "name": "蜀安驾校报名点(牡丹街)",
        "category": "life",
        "type": "生活服务;生活服务场所;生活服务场所",
        "district": "锦江区",
        "weight": 1
      }
    },
    {
      "type": "Feature",
      "geometry": {
        "type": "Point",
        "coordinates": [
          104.148934,
          30.607295
        ]
      },
      "properties": {
        "name": "易速递",
        "category": "life",
        "type": "生活服务;生活服务场所;生活服务场所",
        "district": "锦江区",
        "weight": 21
      }
    },
    {
      "type": "Feature",
      "geometry": {
        "type": "Point",
        "coordinates": [
          104.147859,
          30.604838
        ]
      },
      "properties": {
        "name": "香樟社区筹备组",
        "category": "life",
        "type": "生活服务;生活服务场所;生活服务场所",
        "district": "锦江区",
        "weight": 1
      }
    },
    {
      "type": "Feature",
      "geometry": {
        "type": "Point",
        "coordinates": [
          104.146203,
          30.604248
        ]
      },
      "properties": {
        "name": "菜鸟驿站",
        "category": "life",
        "type": "生活服务;生活服务场所;生活服务场所",
        "district": "锦江区",
        "weight": 2
      }
    },
    {
      "type": "Feature",
      "geometry": {
        "type": "Point",
        "coordinates": [
          104.14378,
          30.598562
        ]
      },
      "properties": {
        "name": "青墨甲艺",
        "category": "life",
        "type": "生活服务;美容美发店;美容美发店",
        "district": "锦江区",
        "weight": 21
      }
    },
    {
      "type": "Feature",
      "geometry": {
        "type": "Point",
        "coordinates": [
          104.147712,
          30.602922
        ]
      },
      "properties": {
        "name": "九九养生(锦蓉店)",
        "category": "life",
        "type": "生活服务;洗浴推拿场所;洗浴推拿场所",
        "district": "锦江区",
        "weight": 1
      }
    },
    {
      "type": "Feature",
      "geometry": {
        "type": "Point",
        "coordinates": [
          104.146029,
          30.605211
        ]
      },
      "properties": {
        "name": "塑美女子生活会馆",
        "category": "life",
        "type": "生活服务;生活服务场所;生活服务场所",
        "district": "锦江区",
        "weight": 1
      }
    },
    {
      "type": "Feature",
      "geometry": {
        "type": "Point",
        "coordinates": [
          104.145535,
          30.607404
        ]
      },
      "properties": {
        "name": "洪河加压站",
        "category": "life",
        "type": "生活服务;生活服务场所;生活服务场所",
        "district": "锦江区",
        "weight": 1
      }
    },
    {
      "type": "Feature",
      "geometry": {
        "type": "Point",
        "coordinates": [
          103.969922,
          30.59353
        ]
      },
      "properties": {
        "name": "收废品站",
        "category": "life",
        "type": "生活服务;生活服务场所;生活服务场所",
        "district": "武侯区",
        "weight": 22
      }
    },
    {
      "type": "Feature",
      "geometry": {
        "type": "Point",
        "coordinates": [
          103.966714,
          30.597705
        ]
      },
      "properties": {
        "name": "华日激光",
        "category": "life",
        "type": "生活服务;生活服务场所;生活服务场所",
        "district": "武侯区",
        "weight": 24
      }
    },
    {
      "type": "Feature",
      "geometry": {
        "type": "Point",
        "coordinates": [
          103.973752,
          30.592474
        ]
      },
      "properties": {
        "name": "延阁造型",
        "category": "life",
        "type": "生活服务;美容美发店;美容美发店",
        "district": "武侯区",
        "weight": 65
      }
    },
    {
      "type": "Feature",
      "geometry": {
        "type": "Point",
        "coordinates": [
          103.96636,
          30.594696
        ]
      },
      "properties": {
        "name": "时代工作室",
        "category": "life",
        "type": "生活服务;生活服务场所;生活服务场所",
        "district": "武侯区",
        "weight": 1
      }
    },
    {
      "type": "Feature",
      "geometry": {
        "type": "Point",
        "coordinates": [
          103.970942,
          30.587956
        ]
      },
      "properties": {
        "name": "收废品",
        "category": "life",
        "type": "生活服务;生活服务场所;生活服务场所",
        "district": "武侯区",
        "weight": 90
      }
    },
    {
      "type": "Feature",
      "geometry": {
        "type": "Point",
        "coordinates": [
          103.96385,
          30.597778
        ]
      },
      "properties": {
        "name": "成都鑫城广告",
        "category": "life",
        "type": "生活服务;生活服务场所;生活服务场所",
        "district": "武侯区",
        "weight": 1
      }
    },
    {
      "type": "Feature",
      "geometry": {
        "type": "Point",
        "coordinates": [
          103.975343,
          30.594099
        ]
      },
      "properties": {
        "name": "吉祥之家成都库房(8号仓库)",
        "category": "life",
        "type": "生活服务;生活服务场所;生活服务场所",
        "district": "武侯区",
        "weight": 1
      }
    },
    {
      "type": "Feature",
      "geometry": {
        "type": "Point",
        "coordinates": [
          103.981044,
          30.599136
        ]
      },
      "properties": {
        "name": "甜蜜转身",
        "category": "life",
        "type": "生活服务;美容美发店;美容美发店",
        "district": "武侯区",
        "weight": 6
      }
    },
    {
      "type": "Feature",
      "geometry": {
        "type": "Point",
        "coordinates": [
          103.976057,
          30.598972
        ]
      },
      "properties": {
        "name": "晓蓉美发",
        "category": "life",
        "type": "生活服务;美容美发店;美容美发店",
        "district": "武侯区",
        "weight": 7
      }
    },
    {
      "type": "Feature",
      "geometry": {
        "type": "Point",
        "coordinates": [
          103.981958,
          30.597538
        ]
      },
      "properties": {
        "name": "迈翔物流",
        "category": "life",
        "type": "生活服务;物流速递;物流速递",
        "district": "武侯区",
        "weight": 1
      }
    },
    {
      "type": "Feature",
      "geometry": {
        "type": "Point",
        "coordinates": [
          103.990222,
          30.59609
        ]
      },
      "properties": {
        "name": "收废品",
        "category": "life",
        "type": "生活服务;生活服务场所;生活服务场所",
        "district": "武侯区",
        "weight": 21
      }
    },
    {
      "type": "Feature",
      "geometry": {
        "type": "Point",
        "coordinates": [
          103.993711,
          30.592487
        ]
      },
      "properties": {
        "name": "宏丰物流",
        "category": "life",
        "type": "生活服务;物流速递;物流速递",
        "district": "武侯区",
        "weight": 78
      }
    },
    {
      "type": "Feature",
      "geometry": {
        "type": "Point",
        "coordinates": [
          103.993097,
          30.595667
        ]
      },
      "properties": {
        "name": "金鑫货运",
        "category": "life",
        "type": "生活服务;物流速递;物流速递",
        "district": "武侯区",
        "weight": 25
      }
    },
    {
      "type": "Feature",
      "geometry": {
        "type": "Point",
        "coordinates": [
          103.984287,
          30.594602
        ]
      },
      "properties": {
        "name": "星海运业",
        "category": "life",
        "type": "生活服务;物流速递;物流速递",
        "district": "武侯区",
        "weight": 1
      }
    },
    {
      "type": "Feature",
      "geometry": {
        "type": "Point",
        "coordinates": [
          103.985226,
          30.597171
        ]
      },
      "properties": {
        "name": "成鑫驾校报名点(新智一路)",
        "category": "life",
        "type": "生活服务;生活服务场所;生活服务场所",
        "district": "武侯区",
        "weight": 1
      }
    },
    {
      "type": "Feature",
      "geometry": {
        "type": "Point",
        "coordinates": [
          103.992256,
          30.591857
        ]
      },
      "properties": {
        "name": "优速快递",
        "category": "life",
        "type": "生活服务;物流速递;物流速递",
        "district": "武侯区",
        "weight": 2
      }
    },
    {
      "type": "Feature",
      "geometry": {
        "type": "Point",
        "coordinates": [
          103.991252,
          30.598339
        ]
      },
      "properties": {
        "name": "文指印务",
        "category": "life",
        "type": "生活服务;生活服务场所;生活服务场所",
        "district": "武侯区",
        "weight": 2
      }
    },
    {
      "type": "Feature",
      "geometry": {
        "type": "Point",
        "coordinates": [
          103.99894,
          30.591678
        ]
      },
      "properties": {
        "name": "嘉兴燃气",
        "category": "life",
        "type": "生活服务;生活服务场所;生活服务场所",
        "district": "武侯区",
        "weight": 32
      }
    },
    {
      "type": "Feature",
      "geometry": {
        "type": "Point",
        "coordinates": [
          104.000487,
          30.594059
        ]
      },
      "properties": {
        "name": "都安物流",
        "category": "life",
        "type": "生活服务;物流速递;物流速递",
        "district": "武侯区",
        "weight": 21
      }
    },
    {
      "type": "Feature",
      "geometry": {
        "type": "Point",
        "coordinates": [
          103.997702,
          30.596023
        ]
      },
      "properties": {
        "name": "康藏物流",
        "category": "life",
        "type": "生活服务;物流速递;物流速递",
        "district": "武侯区",
        "weight": 5
      }
    },
    {
      "type": "Feature",
      "geometry": {
        "type": "Point",
        "coordinates": [
          103.99943,
          30.596159
        ]
      },
      "properties": {
        "name": "华旺物流有限公司",
        "category": "life",
        "type": "生活服务;物流速递;物流速递",
        "district": "武侯区",
        "weight": 1
      }
    },
    {
      "type": "Feature",
      "geometry": {
        "type": "Point",
        "coordinates": [
          103.996359,
          30.596661
        ]
      },
      "properties": {
        "name": "鸿顺货运",
        "category": "life",
        "type": "生活服务;物流速递;物流速递",
        "district": "武侯区",
        "weight": 29
      }
    },
    {
      "type": "Feature",
      "geometry": {
        "type": "Point",
        "coordinates": [
          104.002557,
          30.594009
        ]
      },
      "properties": {
        "name": "顺亿达物流",
        "category": "life",
        "type": "生活服务;物流速递;物流速递",
        "district": "武侯区",
        "weight": 1
      }
    },
    {
      "type": "Feature",
      "geometry": {
        "type": "Point",
        "coordinates": [
          103.993954,
          30.594159
        ]
      },
      "properties": {
        "name": "成都永航安货运代理有限公司",
        "category": "life",
        "type": "生活服务;物流速递;物流速递",
        "district": "武侯区",
        "weight": 1
      }
    },
    {
      "type": "Feature",
      "geometry": {
        "type": "Point",
        "coordinates": [
          103.996142,
          30.599184
        ]
      },
      "properties": {
        "name": "修车电焊",
        "category": "life",
        "type": "生活服务;生活服务场所;生活服务场所",
        "district": "武侯区",
        "weight": 1
      }
    },
    {
      "type": "Feature",
      "geometry": {
        "type": "Point",
        "coordinates": [
          104.006762,
          30.595349
        ]
      },
      "properties": {
        "name": "恒艺货运",
        "category": "life",
        "type": "生活服务;物流速递;物流速递",
        "district": "武侯区",
        "weight": 9
      }
    },
    {
      "type": "Feature",
      "geometry": {
        "type": "Point",
        "coordinates": [
          104.008222,
          30.591349
        ]
      },
      "properties": {
        "name": "捷世通",
        "category": "life",
        "type": "生活服务;物流速递;物流速递",
        "district": "武侯区",
        "weight": 52
      }
    },
    {
      "type": "Feature",
      "geometry": {
        "type": "Point",
        "coordinates": [
          104.005998,
          30.597916
        ]
      },
      "properties": {
        "name": "金奕广告制作中心",
        "category": "life",
        "type": "生活服务;生活服务场所;生活服务场所",
        "district": "武侯区",
        "weight": 1
      }
    },
    {
      "type": "Feature",
      "geometry": {
        "type": "Point",
        "coordinates": [
          104.012217,
          30.59052
        ]
      },
      "properties": {
        "name": "海沣货运",
        "category": "life",
        "type": "生活服务;物流速递;物流速递",
        "district": "武侯区",
        "weight": 3
      }
    },
    {
      "type": "Feature",
      "geometry": {
        "type": "Point",
        "coordinates": [
          104.005713,
          30.590038
        ]
      },
      "properties": {
        "name": "废品回收",
        "category": "life",
        "type": "生活服务;生活服务场所;生活服务场所",
        "district": "武侯区",
        "weight": 1
      }
    },
    {
      "type": "Feature",
      "geometry": {
        "type": "Point",
        "coordinates": [
          104.004893,
          30.590884
        ]
      },
      "properties": {
        "name": "天艺婚典",
        "category": "life",
        "type": "生活服务;摄影冲印店;摄影冲印",
        "district": "武侯区",
        "weight": 1
      }
    },
    {
      "type": "Feature",
      "geometry": {
        "type": "Point",
        "coordinates": [
          104.005762,
          30.594309
        ]
      },
      "properties": {
        "name": "隆涛货运",
        "category": "life",
        "type": "生活服务;生活服务场所;生活服务场所",
        "district": "武侯区",
        "weight": 2
      }
    },
    {
      "type": "Feature",
      "geometry": {
        "type": "Point",
        "coordinates": [
          104.019606,
          30.594896
        ]
      },
      "properties": {
        "name": "中益燃气",
        "category": "life",
        "type": "生活服务;生活服务场所;生活服务场所",
        "district": "武侯区",
        "weight": 22
      }
    },
    {
      "type": "Feature",
      "geometry": {
        "type": "Point",
        "coordinates": [
          104.020275,
          30.593564
        ]
      },
      "properties": {
        "name": "电瓶修换",
        "category": "life",
        "type": "生活服务;生活服务场所;生活服务场所",
        "district": "武侯区",
        "weight": 1
      }
    },
    {
      "type": "Feature",
      "geometry": {
        "type": "Point",
        "coordinates": [
          104.017094,
          30.593165
        ]
      },
      "properties": {
        "name": "顺发广告装饰",
        "category": "life",
        "type": "生活服务;生活服务场所;生活服务场所",
        "district": "武侯区",
        "weight": 2
      }
    },
    {
      "type": "Feature",
      "geometry": {
        "type": "Point",
        "coordinates": [
          104.017159,
          30.591019
        ]
      },
      "properties": {
        "name": "靓点精剪(围机路)",
        "category": "life",
        "type": "生活服务;美容美发店;美容美发店",
        "district": "武侯区",
        "weight": 1
      }
    },
    {
      "type": "Feature",
      "geometry": {
        "type": "Point",
        "coordinates": [
          104.023583,
          30.599432
        ]
      },
      "properties": {
        "name": "中石油昆仑燃气华兴配送点",
        "category": "life",
        "type": "生活服务;生活服务场所;生活服务场所",
        "district": "武侯区",
        "weight": 1
      }
    },
    {
      "type": "Feature",
      "geometry": {
        "type": "Point",
        "coordinates": [
          104.015514,
          30.590078
        ]
      },
      "properties": {
        "name": "双度物流",
        "category": "life",
        "type": "生活服务;物流速递;物流速递",
        "district": "武侯区",
        "weight": 1
      }
    },
    {
      "type": "Feature",
      "geometry": {
        "type": "Point",
        "coordinates": [
          104.023475,
          30.597034
        ]
      },
      "properties": {
        "name": "泰宇租赁站",
        "category": "life",
        "type": "生活服务;生活服务场所;生活服务场所",
        "district": "武侯区",
        "weight": 1
      }
    },
    {
      "type": "Feature",
      "geometry": {
        "type": "Point",
        "coordinates": [
          104.027384,
          30.593382
        ]
      },
      "properties": {
        "name": "电焊氧焊热补内外胎",
        "category": "life",
        "type": "生活服务;生活服务场所;生活服务场所",
        "district": "武侯区",
        "weight": 2
      }
    },
    {
      "type": "Feature",
      "geometry": {
        "type": "Point",
        "coordinates": [
          104.026038,
          30.595288
        ]
      },
      "properties": {
        "name": "永欣数码",
        "category": "life",
        "type": "生活服务;维修站点;维修站点",
        "district": "武侯区",
        "weight": 14
      }
    },
    {
      "type": "Feature",
      "geometry": {
        "type": "Point",
        "coordinates": [
          104.029219,
          30.592564
        ]
      },
      "properties": {
        "name": "(北京现代)维修接待",
        "category": "life",
        "type": "生活服务;生活服务场所;生活服务场所",
        "district": "武侯区",
        "weight": 1
      }
    },
    {
      "type": "Feature",
      "geometry": {
        "type": "Point",
        "coordinates": [
          104.028995,
          30.596979
        ]
      },
      "properties": {
        "name": "垃圾压缩站",
        "category": "life",
        "type": "生活服务;生活服务场所;生活服务场所",
        "district": "武侯区",
        "weight": 1
      }
    },
    {
      "type": "Feature",
      "geometry": {
        "type": "Point",
        "coordinates": [
          104.030284,
          30.591078
        ]
      },
      "properties": {
        "name": "新地物流发展有限公司",
        "category": "life",
        "type": "生活服务;物流速递;物流速递",
        "district": "武侯区",
        "weight": 3
      }
    },
    {
      "type": "Feature",
      "geometry": {
        "type": "Point",
        "coordinates": [
          104.02812,
          30.59804
        ]
      },
      "properties": {
        "name": "华冠物流",
        "category": "life",
        "type": "生活服务;物流速递;物流速递",
        "district": "武侯区",
        "weight": 1
      }
    },
    {
      "type": "Feature",
      "geometry": {
        "type": "Point",
        "coordinates": [
          104.029492,
          30.590317
        ]
      },
      "properties": {
        "name": "中外运敦豪(益园二路)",
        "category": "life",
        "type": "生活服务;物流速递;物流速递",
        "district": "武侯区",
        "weight": 1
      }
    },
    {
      "type": "Feature",
      "geometry": {
        "type": "Point",
        "coordinates": [
          104.026302,
          30.59049
        ]
      },
      "properties": {
        "name": "TesLa.成都服务中心",
        "category": "life",
        "type": "生活服务;生活服务场所;生活服务场所",
        "district": "武侯区",
        "weight": 1
      }
    },
    {
      "type": "Feature",
      "geometry": {
        "type": "Point",
        "coordinates": [
          104.031187,
          30.598738
        ]
      },
      "properties": {
        "name": "和谐修车",
        "category": "life",
        "type": "生活服务;生活服务场所;生活服务场所",
        "district": "武侯区",
        "weight": 2
      }
    },
    {
      "type": "Feature",
      "geometry": {
        "type": "Point",
        "coordinates": [
          104.03464,
          30.589784
        ]
      },
      "properties": {
        "name": "长征驾校(南门服务中心)",
        "category": "life",
        "type": "生活服务;生活服务场所;生活服务场所",
        "district": "武侯区",
        "weight": 1
      }
    },
    {
      "type": "Feature",
      "geometry": {
        "type": "Point",
        "coordinates": [
          104.036714,
          30.596547
        ]
      },
      "properties": {
        "name": "四川新程物流有限公司",
        "category": "life",
        "type": "生活服务;物流速递;物流速递",
        "district": "武侯区",
        "weight": 4
      }
    },
    {
      "type": "Feature",
      "geometry": {
        "type": "Point",
        "coordinates": [
          104.039611,
          30.592602
        ]
      },
      "properties": {
        "name": "天天快递(新园南二路)",
        "category": "life",
        "type": "生活服务;物流速递;物流速递",
        "district": "武侯区",
        "weight": 4
      }
    },
    {
      "type": "Feature",
      "geometry": {
        "type": "Point",
        "coordinates": [
          104.036227,
          30.598144
        ]
      },
      "properties": {
        "name": "车辆检测中心",
        "category": "life",
        "type": "生活服务;生活服务场所;生活服务场所",
        "district": "武侯区",
        "weight": 1
      }
    },
    {
      "type": "Feature",
      "geometry": {
        "type": "Point",
        "coordinates": [
          104.03514,
          30.590663
        ]
      },
      "properties": {
        "name": "自行车租赁点(府城大道西段)",
        "category": "life",
        "type": "生活服务;生活服务场所;生活服务场所",
        "district": "武侯区",
        "weight": 1
      }
    },
    {
      "type": "Feature",
      "geometry": {
        "type": "Point",
        "coordinates": [
          104.039286,
          30.597853
        ]
      },
      "properties": {
        "name": "众立综合便民市场理发店",
        "category": "life",
        "type": "生活服务;生活服务场所;生活服务场所",
        "district": "武侯区",
        "weight": 1
      }
    },
    {
      "type": "Feature",
      "geometry": {
        "type": "Point",
        "coordinates": [
          104.052512,
          30.596483
        ]
      },
      "properties": {
        "name": "南创房产",
        "category": "life",
        "type": "生活服务;生活服务场所;生活服务场所",
        "district": "武侯区",
        "weight": 30
      }
    },
    {
      "type": "Feature",
      "geometry": {
        "type": "Point",
        "coordinates": [
          104.045926,
          30.593899
        ]
      },
      "properties": {
        "name": "大手牵小手家庭服务",
        "category": "life",
        "type": "生活服务;生活服务场所;生活服务场所",
        "district": "武侯区",
        "weight": 1
      }
    },
    {
      "type": "Feature",
      "geometry": {
        "type": "Point",
        "coordinates": [
          104.046017,
          30.592664
        ]
      },
      "properties": {
        "name": "居雅家政",
        "category": "life",
        "type": "生活服务;生活服务场所;生活服务场所",
        "district": "武侯区",
        "weight": 2
      }
    },
    {
      "type": "Feature",
      "geometry": {
        "type": "Point",
        "coordinates": [
          104.050064,
          30.598065
        ]
      },
      "properties": {
        "name": "赛维洗衣生活馆",
        "category": "life",
        "type": "生活服务;洗衣店;洗衣店",
        "district": "武侯区",
        "weight": 6
      }
    },
    {
      "type": "Feature",
      "geometry": {
        "type": "Point",
        "coordinates": [
          104.046985,
          30.593714
        ]
      },
      "properties": {
        "name": "和盛西街站自行车租赁点",
        "category": "life",
        "type": "生活服务;生活服务场所;生活服务场所",
        "district": "武侯区",
        "weight": 1
      }
    },
    {
      "type": "Feature",
      "geometry": {
        "type": "Point",
        "coordinates": [
          104.048177,
          30.592587
        ]
      },
      "properties": {
        "name": "市一医院自行车租赁点(万象北路)",
        "category": "life",
        "type": "生活服务;生活服务场所;生活服务场所",
        "district": "武侯区",
        "weight": 1
      }
    },
    {
      "type": "Feature",
      "geometry": {
        "type": "Point",
        "coordinates": [
          104.047293,
          30.596335
        ]
      },
      "properties": {
        "name": "南城都汇站自行车租赁点(雍翠路)",
        "category": "life",
        "type": "生活服务;生活服务场所;生活服务场所",
        "district": "武侯区",
        "weight": 1
      }
    },
    {
      "type": "Feature",
      "geometry": {
        "type": "Point",
        "coordinates": [
          104.051747,
          30.594067
        ]
      },
      "properties": {
        "name": "自行车租赁点(成汉中路)",
        "category": "life",
        "type": "生活服务;生活服务场所;生活服务场所",
        "district": "武侯区",
        "weight": 1
      }
    },
    {
      "type": "Feature",
      "geometry": {
        "type": "Point",
        "coordinates": [
          104.048522,
          30.598003
        ]
      },
      "properties": {
        "name": "万象北路站自行车租赁点",
        "category": "life",
        "type": "生活服务;生活服务场所;生活服务场所",
        "district": "武侯区",
        "weight": 1
      }
    },
    {
      "type": "Feature",
      "geometry": {
        "type": "Point",
        "coordinates": [
          104.047898,
          30.599365
        ]
      },
      "properties": {
        "name": "石羊街道办事处社会事务服务中心(家和街)",
        "category": "life",
        "type": "生活服务;生活服务场所;生活服务场所",
        "district": "武侯区",
        "weight": 1
      }
    },
    {
      "type": "Feature",
      "geometry": {
        "type": "Point",
        "coordinates": [
          104.052777,
          30.588995
        ]
      },
      "properties": {
        "name": "奕美荟",
        "category": "life",
        "type": "生活服务;美容美发店;美容美发店",
        "district": "武侯区",
        "weight": 61
      }
    },
    {
      "type": "Feature",
      "geometry": {
        "type": "Point",
        "coordinates": [
          104.052146,
          30.599161
        ]
      },
      "properties": {
        "name": "大自然汗蒸会馆",
        "category": "life",
        "type": "生活服务;洗浴推拿场所;洗浴推拿场所",
        "district": "武侯区",
        "weight": 3
      }
    },
    {
      "type": "Feature",
      "geometry": {
        "type": "Point",
        "coordinates": [
          104.050294,
          30.591052
        ]
      },
      "properties": {
        "name": "天翼营业厅(成都长途通信传输局城南分局)",
        "category": "life",
        "type": "生活服务;电讯营业厅;电讯营业厅",
        "district": "武侯区",
        "weight": 1
      }
    },
    {
      "type": "Feature",
      "geometry": {
        "type": "Point",
        "coordinates": [
          104.058971,
          30.594689
        ]
      },
      "properties": {
        "name": "丝想家",
        "category": "life",
        "type": "生活服务;美容美发店;美容美发店",
        "district": "武侯区",
        "weight": 12
      }
    },
    {
      "type": "Feature",
      "geometry": {
        "type": "Point",
        "coordinates": [
          104.060413,
          30.593011
        ]
      },
      "properties": {
        "name": "美丽传奇",
        "category": "life",
        "type": "生活服务;美容美发店;美容美发店",
        "district": "武侯区",
        "weight": 1
      }
    },
    {
      "type": "Feature",
      "geometry": {
        "type": "Point",
        "coordinates": [
          104.058875,
          30.597123
        ]
      },
      "properties": {
        "name": "祁杰发艺",
        "category": "life",
        "type": "生活服务;美容美发店;美容美发店",
        "district": "武侯区",
        "weight": 1
      }
    },
    {
      "type": "Feature",
      "geometry": {
        "type": "Point",
        "coordinates": [
          104.060213,
          30.597971
        ]
      },
      "properties": {
        "name": "华网咨询",
        "category": "life",
        "type": "生活服务;生活服务场所;生活服务场所",
        "district": "武侯区",
        "weight": 38
      }
    },
    {
      "type": "Feature",
      "geometry": {
        "type": "Point",
        "coordinates": [
          104.056056,
          30.597777
        ]
      },
      "properties": {
        "name": "完美芦荟养发美容生活馆",
        "category": "life",
        "type": "生活服务;美容美发店;美容美发店",
        "district": "武侯区",
        "weight": 1
      }
    },
    {
      "type": "Feature",
      "geometry": {
        "type": "Point",
        "coordinates": [
          104.058387,
          30.592762
        ]
      },
      "properties": {
        "name": "帕菲魔门环球旅拍",
        "category": "life",
        "type": "生活服务;摄影冲印店;摄影冲印",
        "district": "武侯区",
        "weight": 1
      }
    },
    {
      "type": "Feature",
      "geometry": {
        "type": "Point",
        "coordinates": [
          104.061471,
          30.594847
        ]
      },
      "properties": {
        "name": "地铁高新站自行车租赁点",
        "category": "life",
        "type": "生活服务;生活服务场所;生活服务场所",
        "district": "武侯区",
        "weight": 1
      }
    },
    {
      "type": "Feature",
      "geometry": {
        "type": "Point",
        "coordinates": [
          104.057619,
          30.596957
        ]
      },
      "properties": {
        "name": "职业技术学院站自行车租赁点",
        "category": "life",
        "type": "生活服务;生活服务场所;生活服务场所",
        "district": "武侯区",
        "weight": 1
      }
    },
    {
      "type": "Feature",
      "geometry": {
        "type": "Point",
        "coordinates": [
          104.063227,
          30.593185
        ]
      },
      "properties": {
        "name": "货车帮",
        "category": "life",
        "type": "生活服务;物流速递;物流速递",
        "district": "武侯区",
        "weight": 67
      }
    },
    {
      "type": "Feature",
      "geometry": {
        "type": "Point",
        "coordinates": [
          104.060181,
          30.590446
        ]
      },
      "properties": {
        "name": "市交委综合运输处",
        "category": "life",
        "type": "生活服务;生活服务场所;生活服务场所",
        "district": "武侯区",
        "weight": 1
      }
    },
    {
      "type": "Feature",
      "geometry": {
        "type": "Point",
        "coordinates": [
          104.058982,
          30.589783
        ]
      },
      "properties": {
        "name": "国家电网票务中心",
        "category": "life",
        "type": "生活服务;生活服务场所;生活服务场所",
        "district": "武侯区",
        "weight": 1
      }
    },
    {
      "type": "Feature",
      "geometry": {
        "type": "Point",
        "coordinates": [
          104.062996,
          30.597498
        ]
      },
      "properties": {
        "name": "诉讼服务中心",
        "category": "life",
        "type": "生活服务;生活服务场所;生活服务场所",
        "district": "武侯区",
        "weight": 1
      }
    },
    {
      "type": "Feature",
      "geometry": {
        "type": "Point",
        "coordinates": [
          104.061267,
          30.589975
        ]
      },
      "properties": {
        "name": "自行车租赁点",
        "category": "life",
        "type": "生活服务;生活服务场所;生活服务场所",
        "district": "武侯区",
        "weight": 1
      }
    },
    {
      "type": "Feature",
      "geometry": {
        "type": "Point",
        "coordinates": [
          104.060279,
          30.589467
        ]
      },
      "properties": {
        "name": "自行车租赁点(蜀绣西路)",
        "category": "life",
        "type": "生活服务;生活服务场所;生活服务场所",
        "district": "武侯区",
        "weight": 1
      }
    },
    {
      "type": "Feature",
      "geometry": {
        "type": "Point",
        "coordinates": [
          104.054843,
          30.59856
        ]
      },
      "properties": {
        "name": "菜鸟驿站(南城都汇四期15栋103号)",
        "category": "life",
        "type": "生活服务;物流速递;物流速递",
        "district": "武侯区",
        "weight": 1
      }
    },
    {
      "type": "Feature",
      "geometry": {
        "type": "Point",
        "coordinates": [
          104.070908,
          30.595966
        ]
      },
      "properties": {
        "name": "改衣坊",
        "category": "life",
        "type": "生活服务;生活服务场所;生活服务场所",
        "district": "武侯区",
        "weight": 135
      }
    },
    {
      "type": "Feature",
      "geometry": {
        "type": "Point",
        "coordinates": [
          104.068986,
          30.592302
        ]
      },
      "properties": {
        "name": "天府民居物业",
        "category": "life",
        "type": "生活服务;生活服务场所;生活服务场所",
        "district": "武侯区",
        "weight": 5
      }
    },
    {
      "type": "Feature",
      "geometry": {
        "type": "Point",
        "coordinates": [
          104.068844,
          30.590087
        ]
      },
      "properties": {
        "name": "维家净(高新店)",
        "category": "life",
        "type": "生活服务;生活服务场所;生活服务场所",
        "district": "武侯区",
        "weight": 1
      }
    },
    {
      "type": "Feature",
      "geometry": {
        "type": "Point",
        "coordinates": [
          104.07349,
          30.591718
        ]
      },
      "properties": {
        "name": "学府水行",
        "category": "life",
        "type": "生活服务;生活服务场所;生活服务场所",
        "district": "武侯区",
        "weight": 2
      }
    },
    {
      "type": "Feature",
      "geometry": {
        "type": "Point",
        "coordinates": [
          104.076726,
          30.597537
        ]
      },
      "properties": {
        "name": "芳踪·科美中心",
        "category": "life",
        "type": "生活服务;生活服务场所;生活服务场所",
        "district": "武侯区",
        "weight": 4
      }
    },
    {
      "type": "Feature",
      "geometry": {
        "type": "Point",
        "coordinates": [
          104.078197,
          30.595324
        ]
      },
      "properties": {
        "name": "布兰奇洗衣(半岛店)",
        "category": "life",
        "type": "生活服务;洗衣店;洗衣店",
        "district": "武侯区",
        "weight": 3
      }
    },
    {
      "type": "Feature",
      "geometry": {
        "type": "Point",
        "coordinates": [
          104.074148,
          30.593442
        ]
      },
      "properties": {
        "name": "万点工作室",
        "category": "life",
        "type": "生活服务;摄影冲印店;摄影冲印",
        "district": "武侯区",
        "weight": 4
      }
    },
    {
      "type": "Feature",
      "geometry": {
        "type": "Point",
        "coordinates": [
          104.076655,
          30.594123
        ]
      },
      "properties": {
        "name": "菜鸟驿站(链家半岛城邦店612000052)",
        "category": "life",
        "type": "生活服务;物流速递;物流速递",
        "district": "武侯区",
        "weight": 1
      }
    },
    {
      "type": "Feature",
      "geometry": {
        "type": "Point",
        "coordinates": [
          104.082414,
          30.593139
        ]
      },
      "properties": {
        "name": "诚鑫数码图文",
        "category": "life",
        "type": "生活服务;生活服务场所;生活服务场所",
        "district": "锦江区",
        "weight": 8
      }
    },
    {
      "type": "Feature",
      "geometry": {
        "type": "Point",
        "coordinates": [
          104.082946,
          30.590165
        ]
      },
      "properties": {
        "name": "尚城装饰",
        "category": "life",
        "type": "生活服务;生活服务场所;生活服务场所",
        "district": "锦江区",
        "weight": 5
      }
    },
    {
      "type": "Feature",
      "geometry": {
        "type": "Point",
        "coordinates": [
          104.081502,
          30.597493
        ]
      },
      "properties": {
        "name": "美的空调成都售后维修站",
        "category": "life",
        "type": "生活服务;维修站点;维修站点",
        "district": "锦江区",
        "weight": 1
      }
    },
    {
      "type": "Feature",
      "geometry": {
        "type": "Point",
        "coordinates": [
          104.087766,
          30.594233
        ]
      },
      "properties": {
        "name": "湘印天下图文店",
        "category": "life",
        "type": "生活服务;生活服务场所;生活服务场所",
        "district": "锦江区",
        "weight": 1
      }
    },
    {
      "type": "Feature",
      "geometry": {
        "type": "Point",
        "coordinates": [
          104.088304,
          30.596179
        ]
      },
      "properties": {
        "name": "恒康集团活动中心",
        "category": "life",
        "type": "生活服务;生活服务场所;生活服务场所",
        "district": "锦江区",
        "weight": 1
      }
    },
    {
      "type": "Feature",
      "geometry": {
        "type": "Point",
        "coordinates": [
          104.091692,
          30.594815
        ]
      },
      "properties": {
        "name": "天诗地产",
        "category": "life",
        "type": "生活服务;生活服务场所;生活服务场所",
        "district": "锦江区",
        "weight": 18
      }
    },
    {
      "type": "Feature",
      "geometry": {
        "type": "Point",
        "coordinates": [
          104.086946,
          30.596102
        ]
      },
      "properties": {
        "name": "CCTV发现之旅",
        "category": "life",
        "type": "生活服务;生活服务场所;生活服务场所",
        "district": "锦江区",
        "weight": 1
      }
    },
    {
      "type": "Feature",
      "geometry": {
        "type": "Point",
        "coordinates": [
          104.088939,
          30.591915
        ]
      },
      "properties": {
        "name": "成都市菲凡办公用品配送中心",
        "category": "life",
        "type": "生活服务;物流速递;物流速递",
        "district": "锦江区",
        "weight": 1
      }
    },
    {
      "type": "Feature",
      "geometry": {
        "type": "Point",
        "coordinates": [
          104.090951,
          30.59104
        ]
      },
      "properties": {
        "name": "王热补",
        "category": "life",
        "type": "生活服务;生活服务场所;生活服务场所",
        "district": "锦江区",
        "weight": 36
      }
    },
    {
      "type": "Feature",
      "geometry": {
        "type": "Point",
        "coordinates": [
          104.084472,
          30.593467
        ]
      },
      "properties": {
        "name": "邮区中心局(报刊封发分局)",
        "category": "life",
        "type": "生活服务;邮局;邮局",
        "district": "锦江区",
        "weight": 1
      }
    },
    {
      "type": "Feature",
      "geometry": {
        "type": "Point",
        "coordinates": [
          104.084763,
          30.589789
        ]
      },
      "properties": {
        "name": "梵天地产",
        "category": "life",
        "type": "生活服务;生活服务场所;生活服务场所",
        "district": "锦江区",
        "weight": 1
      }
    },
    {
      "type": "Feature",
      "geometry": {
        "type": "Point",
        "coordinates": [
          104.092293,
          30.590937
        ]
      },
      "properties": {
        "name": "成都锦江区锦华路营业部",
        "category": "life",
        "type": "生活服务;生活服务场所;生活服务场所",
        "district": "锦江区",
        "weight": 1
      }
    },
    {
      "type": "Feature",
      "geometry": {
        "type": "Point",
        "coordinates": [
          104.085243,
          30.597662
        ]
      },
      "properties": {
        "name": "上海大众售后",
        "category": "life",
        "type": "生活服务;生活服务场所;生活服务场所",
        "district": "锦江区",
        "weight": 1
      }
    },
    {
      "type": "Feature",
      "geometry": {
        "type": "Point",
        "coordinates": [
          104.086791,
          30.590544
        ]
      },
      "properties": {
        "name": "燃气中心",
        "category": "life",
        "type": "生活服务;生活服务场所;生活服务场所",
        "district": "锦江区",
        "weight": 1
      }
    },
    {
      "type": "Feature",
      "geometry": {
        "type": "Point",
        "coordinates": [
          104.101195,
          30.596669
        ]
      },
      "properties": {
        "name": "工友理发",
        "category": "life",
        "type": "生活服务;生活服务场所;生活服务场所",
        "district": "锦江区",
        "weight": 9
      }
    },
    {
      "type": "Feature",
      "geometry": {
        "type": "Point",
        "coordinates": [
          104.101115,
          30.595025
        ]
      },
      "properties": {
        "name": "高价回收",
        "category": "life",
        "type": "生活服务;生活服务场所;生活服务场所",
        "district": "锦江区",
        "weight": 1
      }
    },
    {
      "type": "Feature",
      "geometry": {
        "type": "Point",
        "coordinates": [
          104.097856,
          30.591464
        ]
      },
      "properties": {
        "name": "联合粮油配送中心",
        "category": "life",
        "type": "生活服务;物流速递;物流速递",
        "district": "锦江区",
        "weight": 5
      }
    },
    {
      "type": "Feature",
      "geometry": {
        "type": "Point",
        "coordinates": [
          104.102643,
          30.593332
        ]
      },
      "properties": {
        "name": "发源时尚造型",
        "category": "life",
        "type": "生活服务;美容美发店;美容美发店",
        "district": "锦江区",
        "weight": 3
      }
    },
    {
      "type": "Feature",
      "geometry": {
        "type": "Point",
        "coordinates": [
          104.096229,
          30.590738
        ]
      },
      "properties": {
        "name": "洋洋美甲",
        "category": "life",
        "type": "生活服务;生活服务场所;生活服务场所",
        "district": "锦江区",
        "weight": 12
      }
    },
    {
      "type": "Feature",
      "geometry": {
        "type": "Point",
        "coordinates": [
          104.094023,
          30.591153
        ]
      },
      "properties": {
        "name": "逸彩美业",
        "category": "life",
        "type": "生活服务;美容美发店;美容美发店",
        "district": "锦江区",
        "weight": 8
      }
    },
    {
      "type": "Feature",
      "geometry": {
        "type": "Point",
        "coordinates": [
          104.102422,
          30.589729
        ]
      },
      "properties": {
        "name": "腾飞车行(琉新路)",
        "category": "life",
        "type": "生活服务;维修站点;维修站点",
        "district": "锦江区",
        "weight": 1
      }
    },
    {
      "type": "Feature",
      "geometry": {
        "type": "Point",
        "coordinates": [
          104.111052,
          30.593124
        ]
      },
      "properties": {
        "name": "红正堂",
        "category": "life",
        "type": "生活服务;洗浴推拿场所;洗浴推拿场所",
        "district": "锦江区",
        "weight": 18
      }
    },
    {
      "type": "Feature",
      "geometry": {
        "type": "Point",
        "coordinates": [
          104.104817,
          30.595754
        ]
      },
      "properties": {
        "name": "聚仙廊",
        "category": "life",
        "type": "生活服务;生活服务场所;生活服务场所",
        "district": "锦江区",
        "weight": 15
      }
    },
    {
      "type": "Feature",
      "geometry": {
        "type": "Point",
        "coordinates": [
          104.105528,
          30.593895
        ]
      },
      "properties": {
        "name": "菜鸟驿站",
        "category": "life",
        "type": "生活服务;生活服务场所;生活服务场所",
        "district": "锦江区",
        "weight": 8
      }
    },
    {
      "type": "Feature",
      "geometry": {
        "type": "Point",
        "coordinates": [
          104.111744,
          30.59542
        ]
      },
      "properties": {
        "name": "菜鸟驿站(百世邻里锦城逸景C区)",
        "category": "life",
        "type": "生活服务;物流速递;物流速递",
        "district": "锦江区",
        "weight": 1
      }
    },
    {
      "type": "Feature",
      "geometry": {
        "type": "Point",
        "coordinates": [
          104.107365,
          30.597617
        ]
      },
      "properties": {
        "name": "成都捷龙起亚4S店",
        "category": "life",
        "type": "生活服务;生活服务场所;生活服务场所",
        "district": "锦江区",
        "weight": 1
      }
    },
    {
      "type": "Feature",
      "geometry": {
        "type": "Point",
        "coordinates": [
          104.10648,
          30.591334
        ]
      },
      "properties": {
        "name": "川岛天然山泉水",
        "category": "life",
        "type": "生活服务;生活服务场所;生活服务场所",
        "district": "锦江区",
        "weight": 1
      }
    },
    {
      "type": "Feature",
      "geometry": {
        "type": "Point",
        "coordinates": [
          104.111653,
          30.597935
        ]
      },
      "properties": {
        "name": "审车点",
        "category": "life",
        "type": "生活服务;生活服务场所;生活服务场所",
        "district": "锦江区",
        "weight": 1
      }
    },
    {
      "type": "Feature",
      "geometry": {
        "type": "Point",
        "coordinates": [
          104.111502,
          30.589719
        ]
      },
      "properties": {
        "name": "斯柯达售后",
        "category": "life",
        "type": "生活服务;生活服务场所;生活服务场所",
        "district": "锦江区",
        "weight": 1
      }
    },
    {
      "type": "Feature",
      "geometry": {
        "type": "Point",
        "coordinates": [
          104.112589,
          30.590389
        ]
      },
      "properties": {
        "name": "雅兰美发私人定制烫染名店",
        "category": "life",
        "type": "生活服务;美容美发店;美容美发店",
        "district": "锦江区",
        "weight": 1
      }
    },
    {
      "type": "Feature",
      "geometry": {
        "type": "Point",
        "coordinates": [
          104.123274,
          30.596128
        ]
      },
      "properties": {
        "name": "金箭驾照",
        "category": "life",
        "type": "生活服务;生活服务场所;生活服务场所",
        "district": "锦江区",
        "weight": 2
      }
    },
    {
      "type": "Feature",
      "geometry": {
        "type": "Point",
        "coordinates": [
          104.113895,
          30.590453
        ]
      },
      "properties": {
        "name": "菜鸟驿站(链家美林湾店612000159)",
        "category": "life",
        "type": "生活服务;物流速递;物流速递",
        "district": "锦江区",
        "weight": 1
      }
    },
    {
      "type": "Feature",
      "geometry": {
        "type": "Point",
        "coordinates": [
          104.127728,
          30.592474
        ]
      },
      "properties": {
        "name": "美团专送",
        "category": "life",
        "type": "生活服务;生活服务场所;生活服务场所",
        "district": "锦江区",
        "weight": 2
      }
    },
    {
      "type": "Feature",
      "geometry": {
        "type": "Point",
        "coordinates": [
          104.132123,
          30.59669
        ]
      },
      "properties": {
        "name": "福利彩票店",
        "category": "life",
        "type": "生活服务;生活服务场所;生活服务场所",
        "district": "锦江区",
        "weight": 2
      }
    },
    {
      "type": "Feature",
      "geometry": {
        "type": "Point",
        "coordinates": [
          104.132392,
          30.590054
        ]
      },
      "properties": {
        "name": "生活委员(水碾河店)",
        "category": "life",
        "type": "生活服务;生活服务场所;生活服务场所",
        "district": "锦江区",
        "weight": 2
      }
    },
    {
      "type": "Feature",
      "geometry": {
        "type": "Point",
        "coordinates": [
          104.133025,
          30.598693
        ]
      },
      "properties": {
        "name": "美乐美睫美甲",
        "category": "life",
        "type": "生活服务;生活服务场所;生活服务场所",
        "district": "锦江区",
        "weight": 8
      }
    },
    {
      "type": "Feature",
      "geometry": {
        "type": "Point",
        "coordinates": [
          104.129587,
          30.593853
        ]
      },
      "properties": {
        "name": "绵阳东方物流",
        "category": "life",
        "type": "生活服务;物流速递;物流速递",
        "district": "锦江区",
        "weight": 1
      }
    },
    {
      "type": "Feature",
      "geometry": {
        "type": "Point",
        "coordinates": [
          104.131082,
          30.599282
        ]
      },
      "properties": {
        "name": "布兰奇国际洗衣(卓锦城店)",
        "category": "life",
        "type": "生活服务;洗衣店;洗衣店",
        "district": "锦江区",
        "weight": 1
      }
    },
    {
      "type": "Feature",
      "geometry": {
        "type": "Point",
        "coordinates": [
          104.138611,
          30.596006
        ]
      },
      "properties": {
        "name": "T型攻略",
        "category": "life",
        "type": "生活服务;美容美发店;美容美发店",
        "district": "锦江区",
        "weight": 5
      }
    },
    {
      "type": "Feature",
      "geometry": {
        "type": "Point",
        "coordinates": [
          104.135341,
          30.59338
        ]
      },
      "properties": {
        "name": "速递易",
        "category": "life",
        "type": "生活服务;物流速递;物流速递",
        "district": "锦江区",
        "weight": 10
      }
    },
    {
      "type": "Feature",
      "geometry": {
        "type": "Point",
        "coordinates": [
          104.138518,
          30.591694
        ]
      },
      "properties": {
        "name": "菜鸟驿站",
        "category": "life",
        "type": "生活服务;生活服务场所;生活服务场所",
        "district": "锦江区",
        "weight": 4
      }
    },
    {
      "type": "Feature",
      "geometry": {
        "type": "Point",
        "coordinates": [
          104.141659,
          30.596589
        ]
      },
      "properties": {
        "name": "美尚",
        "category": "life",
        "type": "生活服务;美容美发店;美容美发店",
        "district": "锦江区",
        "weight": 37
      }
    },
    {
      "type": "Feature",
      "geometry": {
        "type": "Point",
        "coordinates": [
          104.13608,
          30.591624
        ]
      },
      "properties": {
        "name": "晶晶美容工作室",
        "category": "life",
        "type": "生活服务;生活服务场所;生活服务场所",
        "district": "锦江区",
        "weight": 2
      }
    },
    {
      "type": "Feature",
      "geometry": {
        "type": "Point",
        "coordinates": [
          104.138939,
          30.598313
        ]
      },
      "properties": {
        "name": "卓雅私人发型空间",
        "category": "life",
        "type": "生活服务;美容美发店;美容美发店",
        "district": "锦江区",
        "weight": 2
      }
    },
    {
      "type": "Feature",
      "geometry": {
        "type": "Point",
        "coordinates": [
          104.136084,
          30.597905
        ]
      },
      "properties": {
        "name": "邮政速递易",
        "category": "life",
        "type": "生活服务;生活服务场所;生活服务场所",
        "district": "锦江区",
        "weight": 3
      }
    },
    {
      "type": "Feature",
      "geometry": {
        "type": "Point",
        "coordinates": [
          104.13776,
          30.598952
        ]
      },
      "properties": {
        "name": "古力美容养生连锁机构",
        "category": "life",
        "type": "生活服务;生活服务场所;生活服务场所",
        "district": "锦江区",
        "weight": 2
      }
    },
    {
      "type": "Feature",
      "geometry": {
        "type": "Point",
        "coordinates": [
          104.133945,
          30.591031
        ]
      },
      "properties": {
        "name": "三圣花乡游客中心",
        "category": "life",
        "type": "生活服务;生活服务场所;生活服务场所",
        "district": "锦江区",
        "weight": 2
      }
    },
    {
      "type": "Feature",
      "geometry": {
        "type": "Point",
        "coordinates": [
          104.150784,
          30.593877
        ]
      },
      "properties": {
        "name": "天欣驾校报名点(杨树街)",
        "category": "life",
        "type": "生活服务;生活服务场所;生活服务场所",
        "district": "锦江区",
        "weight": 1
      }
    },
    {
      "type": "Feature",
      "geometry": {
        "type": "Point",
        "coordinates": [
          104.144851,
          30.597882
        ]
      },
      "properties": {
        "name": "世纪经典五店",
        "category": "life",
        "type": "生活服务;美容美发店;美容美发店",
        "district": "锦江区",
        "weight": 1
      }
    },
    {
      "type": "Feature",
      "geometry": {
        "type": "Point",
        "coordinates": [
          104.151714,
          30.592863
        ]
      },
      "properties": {
        "name": "菜鸟驿站(牡丹街星雅俊园YOOUKA商城O2O超市)",
        "category": "life",
        "type": "生活服务;物流速递;物流速递",
        "district": "锦江区",
        "weight": 1
      }
    },
    {
      "type": "Feature",
      "geometry": {
        "type": "Point",
        "coordinates": [
          104.155868,
          30.592583
        ]
      },
      "properties": {
        "name": "牛放子曰工作室",
        "category": "life",
        "type": "生活服务;生活服务场所;生活服务场所",
        "district": "锦江区",
        "weight": 1
      }
    },
    {
      "type": "Feature",
      "geometry": {
        "type": "Point",
        "coordinates": [
          104.164521,
          30.592692
        ]
      },
      "properties": {
        "name": "灿烂千阳艺术摄影吧",
        "category": "life",
        "type": "生活服务;摄影冲印店;摄影冲印",
        "district": "锦江区",
        "weight": 1
      }
    },
    {
      "type": "Feature",
      "geometry": {
        "type": "Point",
        "coordinates": [
          103.973086,
          30.581508
        ]
      },
      "properties": {
        "name": "同心缘",
        "category": "life",
        "type": "生活服务;生活服务场所;生活服务场所",
        "district": "武侯区",
        "weight": 124
      }
    },
    {
      "type": "Feature",
      "geometry": {
        "type": "Point",
        "coordinates": [
          103.966742,
          30.582105
        ]
      },
      "properties": {
        "name": "发丝雅",
        "category": "life",
        "type": "生活服务;美容美发店;美容美发店",
        "district": "武侯区",
        "weight": 15
      }
    },
    {
      "type": "Feature",
      "geometry": {
        "type": "Point",
        "coordinates": [
          103.965283,
          30.58648
        ]
      },
      "properties": {
        "name": "三川丝印",
        "category": "life",
        "type": "生活服务;生活服务场所;生活服务场所",
        "district": "武侯区",
        "weight": 17
      }
    },
    {
      "type": "Feature",
      "geometry": {
        "type": "Point",
        "coordinates": [
          103.965012,
          30.589149
        ]
      },
      "properties": {
        "name": "成都市大学生爱心服务基地",
        "category": "life",
        "type": "生活服务;生活服务场所;生活服务场所",
        "district": "武侯区",
        "weight": 1
      }
    },
    {
      "type": "Feature",
      "geometry": {
        "type": "Point",
        "coordinates": [
          103.97309,
          30.588937
        ]
      },
      "properties": {
        "name": "利仕发艺",
        "category": "life",
        "type": "生活服务;美容美发店;美容美发店",
        "district": "武侯区",
        "weight": 2
      }
    },
    {
      "type": "Feature",
      "geometry": {
        "type": "Point",
        "coordinates": [
          103.979655,
          30.585255
        ]
      },
      "properties": {
        "name": "旧货回收",
        "category": "life",
        "type": "生活服务;生活服务场所;生活服务场所",
        "district": "武侯区",
        "weight": 11
      }
    },
    {
      "type": "Feature",
      "geometry": {
        "type": "Point",
        "coordinates": [
          103.978255,
          30.587351
        ]
      },
      "properties": {
        "name": "艺丽发型",
        "category": "life",
        "type": "生活服务;美容美发店;美容美发店",
        "district": "武侯区",
        "weight": 7
      }
    },
    {
      "type": "Feature",
      "geometry": {
        "type": "Point",
        "coordinates": [
          103.977291,
          30.588302
        ]
      },
      "properties": {
        "name": "胜强不锈钢加工部",
        "category": "life",
        "type": "生活服务;生活服务场所;生活服务场所",
        "district": "武侯区",
        "weight": 2
      }
    },
    {
      "type": "Feature",
      "geometry": {
        "type": "Point",
        "coordinates": [
          103.979563,
          30.588858
        ]
      },
      "properties": {
        "name": "艺剪坊",
        "category": "life",
        "type": "生活服务;美容美发店;美容美发店",
        "district": "武侯区",
        "weight": 2
      }
    },
    {
      "type": "Feature",
      "geometry": {
        "type": "Point",
        "coordinates": [
          103.984926,
          30.589139
        ]
      },
      "properties": {
        "name": "孟涛工作室",
        "category": "life",
        "type": "生活服务;生活服务场所;生活服务场所",
        "district": "武侯区",
        "weight": 2
      }
    },
    {
      "type": "Feature",
      "geometry": {
        "type": "Point",
        "coordinates": [
          103.999416,
          30.584655
        ]
      },
      "properties": {
        "name": "成都众鑫货运服务有限公司",
        "category": "life",
        "type": "生活服务;物流速递;物流速递",
        "district": "武侯区",
        "weight": 1
      }
    },
    {
      "type": "Feature",
      "geometry": {
        "type": "Point",
        "coordinates": [
          103.998016,
          30.583979
        ]
      },
      "properties": {
        "name": "友诚物流(文昌西路)",
        "category": "life",
        "type": "生活服务;物流速递;物流速递",
        "district": "武侯区",
        "weight": 2
      }
    },
    {
      "type": "Feature",
      "geometry": {
        "type": "Point",
        "coordinates": [
          104.001333,
          30.585018
        ]
      },
      "properties": {
        "name": "西部物流",
        "category": "life",
        "type": "生活服务;物流速递;物流速递",
        "district": "武侯区",
        "weight": 31
      }
    },
    {
      "type": "Feature",
      "geometry": {
        "type": "Point",
        "coordinates": [
          103.997701,
          30.586769
        ]
      },
      "properties": {
        "name": "万鑫雕塑艺术",
        "category": "life",
        "type": "生活服务;生活服务场所;生活服务场所",
        "district": "武侯区",
        "weight": 1
      }
    },
    {
      "type": "Feature",
      "geometry": {
        "type": "Point",
        "coordinates": [
          104.000396,
          30.587715
        ]
      },
      "properties": {
        "name": "文昌水站",
        "category": "life",
        "type": "生活服务;生活服务场所;生活服务场所",
        "district": "武侯区",
        "weight": 3
      }
    },
    {
      "type": "Feature",
      "geometry": {
        "type": "Point",
        "coordinates": [
          103.99687,
          30.587868
        ]
      },
      "properties": {
        "name": "京广快运",
        "category": "life",
        "type": "生活服务;物流速递;物流速递",
        "district": "武侯区",
        "weight": 2
      }
    },
    {
      "type": "Feature",
      "geometry": {
        "type": "Point",
        "coordinates": [
          104.002231,
          30.582852
        ]
      },
      "properties": {
        "name": "金佛浴足",
        "category": "life",
        "type": "生活服务;洗浴推拿场所;洗浴推拿场所",
        "district": "武侯区",
        "weight": 1
      }
    },
    {
      "type": "Feature",
      "geometry": {
        "type": "Point",
        "coordinates": [
          104.002575,
          30.579785
        ]
      },
      "properties": {
        "name": "修电动车",
        "category": "life",
        "type": "生活服务;维修站点;维修站点",
        "district": "武侯区",
        "weight": 1
      }
    },
    {
      "type": "Feature",
      "geometry": {
        "type": "Point",
        "coordinates": [
          104.004591,
          30.586403
        ]
      },
      "properties": {
        "name": "菜鸟驿站(百世邻里体育学校门口胖哥超市)",
        "category": "life",
        "type": "生活服务;物流速递;物流速递",
        "district": "武侯区",
        "weight": 1
      }
    },
    {
      "type": "Feature",
      "geometry": {
        "type": "Point",
        "coordinates": [
          104.003886,
          30.584921
        ]
      },
      "properties": {
        "name": "顺风浴室(美好花园三期西)",
        "category": "life",
        "type": "生活服务;洗浴推拿场所;洗浴推拿场所",
        "district": "武侯区",
        "weight": 1
      }
    },
    {
      "type": "Feature",
      "geometry": {
        "type": "Point",
        "coordinates": [
          104.011812,
          30.588856
        ]
      },
      "properties": {
        "name": "明松物流",
        "category": "life",
        "type": "生活服务;物流速递;物流速递",
        "district": "武侯区",
        "weight": 2
      }
    },
    {
      "type": "Feature",
      "geometry": {
        "type": "Point",
        "coordinates": [
          104.020667,
          30.589298
        ]
      },
      "properties": {
        "name": "气瓶检验服务大厅",
        "category": "life",
        "type": "生活服务;生活服务场所;生活服务场所",
        "district": "武侯区",
        "weight": 1
      }
    },
    {
      "type": "Feature",
      "geometry": {
        "type": "Point",
        "coordinates": [
          104.016875,
          30.586654
        ]
      },
      "properties": {
        "name": "中国平安指定维修点",
        "category": "life",
        "type": "生活服务;生活服务场所;生活服务场所",
        "district": "武侯区",
        "weight": 2
      }
    },
    {
      "type": "Feature",
      "geometry": {
        "type": "Point",
        "coordinates": [
          104.013954,
          30.588378
        ]
      },
      "properties": {
        "name": "蓉开货运(武侯大道三河段)",
        "category": "life",
        "type": "生活服务;物流速递;物流速递",
        "district": "武侯区",
        "weight": 1
      }
    },
    {
      "type": "Feature",
      "geometry": {
        "type": "Point",
        "coordinates": [
          104.018865,
          30.589268
        ]
      },
      "properties": {
        "name": "维科辅材库",
        "category": "life",
        "type": "生活服务;生活服务场所;生活服务场所",
        "district": "武侯区",
        "weight": 1
      }
    },
    {
      "type": "Feature",
      "geometry": {
        "type": "Point",
        "coordinates": [
          104.018362,
          30.585383
        ]
      },
      "properties": {
        "name": "车身色彩定制",
        "category": "life",
        "type": "生活服务;生活服务场所;生活服务场所",
        "district": "武侯区",
        "weight": 1
      }
    },
    {
      "type": "Feature",
      "geometry": {
        "type": "Point",
        "coordinates": [
          104.023406,
          30.588035
        ]
      },
      "properties": {
        "name": "国跃斯柯达售后",
        "category": "life",
        "type": "生活服务;生活服务场所;生活服务场所",
        "district": "武侯区",
        "weight": 1
      }
    },
    {
      "type": "Feature",
      "geometry": {
        "type": "Point",
        "coordinates": [
          104.028346,
          30.584144
        ]
      },
      "properties": {
        "name": "仁和美发",
        "category": "life",
        "type": "生活服务;美容美发店;美容美发店",
        "district": "武侯区",
        "weight": 31
      }
    },
    {
      "type": "Feature",
      "geometry": {
        "type": "Point",
        "coordinates": [
          104.032111,
          30.585996
        ]
      },
      "properties": {
        "name": "棉絮加工",
        "category": "life",
        "type": "生活服务;生活服务场所;生活服务场所",
        "district": "武侯区",
        "weight": 31
      }
    },
    {
      "type": "Feature",
      "geometry": {
        "type": "Point",
        "coordinates": [
          104.029299,
          30.582751
        ]
      },
      "properties": {
        "name": "石桥路南站自行车租赁点",
        "category": "life",
        "type": "生活服务;生活服务场所;生活服务场所",
        "district": "武侯区",
        "weight": 1
      }
    },
    {
      "type": "Feature",
      "geometry": {
        "type": "Point",
        "coordinates": [
          104.030632,
          30.581579
        ]
      },
      "properties": {
        "name": "鼎圣装饰",
        "category": "life",
        "type": "生活服务;生活服务场所;生活服务场所",
        "district": "武侯区",
        "weight": 5
      }
    },
    {
      "type": "Feature",
      "geometry": {
        "type": "Point",
        "coordinates": [
          104.030681,
          30.580155
        ]
      },
      "properties": {
        "name": "美洲滑板公园接待大厅",
        "category": "life",
        "type": "生活服务;生活服务场所;生活服务场所",
        "district": "武侯区",
        "weight": 1
      }
    },
    {
      "type": "Feature",
      "geometry": {
        "type": "Point",
        "coordinates": [
          104.030618,
          30.589194
        ]
      },
      "properties": {
        "name": "大开莱康",
        "category": "life",
        "type": "生活服务;生活服务场所;生活服务场所",
        "district": "武侯区",
        "weight": 1
      }
    },
    {
      "type": "Feature",
      "geometry": {
        "type": "Point",
        "coordinates": [
          104.032609,
          30.580769
        ]
      },
      "properties": {
        "name": "尚美国际烫染沙龙",
        "category": "life",
        "type": "生活服务;美容美发店;美容美发店",
        "district": "武侯区",
        "weight": 3
      }
    },
    {
      "type": "Feature",
      "geometry": {
        "type": "Point",
        "coordinates": [
          104.031651,
          30.588978
        ]
      },
      "properties": {
        "name": "石羊场公交站三站自行车租赁点",
        "category": "life",
        "type": "生活服务;生活服务场所;生活服务场所",
        "district": "武侯区",
        "weight": 1
      }
    },
    {
      "type": "Feature",
      "geometry": {
        "type": "Point",
        "coordinates": [
          104.029881,
          30.588211
        ]
      },
      "properties": {
        "name": "成都石羊客运站售票处",
        "category": "life",
        "type": "生活服务;售票处;长途汽车票代售点",
        "district": "武侯区",
        "weight": 1
      }
    },
    {
      "type": "Feature",
      "geometry": {
        "type": "Point",
        "coordinates": [
          104.03136,
          30.58798
        ]
      },
      "properties": {
        "name": "石羊运业有限责任公司",
        "category": "life",
        "type": "生活服务;生活服务场所;生活服务场所",
        "district": "武侯区",
        "weight": 2
      }
    },
    {
      "type": "Feature",
      "geometry": {
        "type": "Point",
        "coordinates": [
          104.03432,
          30.58066
        ]
      },
      "properties": {
        "name": "新南社区服务中心",
        "category": "life",
        "type": "生活服务;生活服务场所;生活服务场所",
        "district": "武侯区",
        "weight": 2
      }
    },
    {
      "type": "Feature",
      "geometry": {
        "type": "Point",
        "coordinates": [
          104.039308,
          30.581648
        ]
      },
      "properties": {
        "name": "中国移动(石羊营销服务中心)",
        "category": "life",
        "type": "生活服务;电讯营业厅;中国移动营业厅",
        "district": "武侯区",
        "weight": 1
      }
    },
    {
      "type": "Feature",
      "geometry": {
        "type": "Point",
        "coordinates": [
          104.035101,
          30.582229
        ]
      },
      "properties": {
        "name": "韩佳怡",
        "category": "life",
        "type": "生活服务;美容美发店;美容美发店",
        "district": "武侯区",
        "weight": 7
      }
    },
    {
      "type": "Feature",
      "geometry": {
        "type": "Point",
        "coordinates": [
          104.037962,
          30.586906
        ]
      },
      "properties": {
        "name": "中通快递石羊公司(昆阳路)",
        "category": "life",
        "type": "生活服务;物流速递;物流速递",
        "district": "武侯区",
        "weight": 1
      }
    },
    {
      "type": "Feature",
      "geometry": {
        "type": "Point",
        "coordinates": [
          104.034132,
          30.588535
        ]
      },
      "properties": {
        "name": "朝芬数码照相",
        "category": "life",
        "type": "生活服务;摄影冲印店;摄影冲印",
        "district": "武侯区",
        "weight": 2
      }
    },
    {
      "type": "Feature",
      "geometry": {
        "type": "Point",
        "coordinates": [
          104.049882,
          30.583238
        ]
      },
      "properties": {
        "name": "华府水业",
        "category": "life",
        "type": "生活服务;生活服务场所;生活服务场所",
        "district": "武侯区",
        "weight": 4
      }
    },
    {
      "type": "Feature",
      "geometry": {
        "type": "Point",
        "coordinates": [
          104.051665,
          30.582466
        ]
      },
      "properties": {
        "name": "美力家",
        "category": "life",
        "type": "生活服务;美容美发店;美容美发店",
        "district": "武侯区",
        "weight": 25
      }
    },
    {
      "type": "Feature",
      "geometry": {
        "type": "Point",
        "coordinates": [
          104.050033,
          30.587905
        ]
      },
      "properties": {
        "name": "LE COIFFEUR专业发艺沙龙",
        "category": "life",
        "type": "生活服务;美容美发店;美容美发店",
        "district": "武侯区",
        "weight": 1
      }
    },
    {
      "type": "Feature",
      "geometry": {
        "type": "Point",
        "coordinates": [
          104.046953,
          30.580839
        ]
      },
      "properties": {
        "name": "皇冠造型(锦尚西二路)",
        "category": "life",
        "type": "生活服务;美容美发店;美容美发店",
        "district": "武侯区",
        "weight": 4
      }
    },
    {
      "type": "Feature",
      "geometry": {
        "type": "Point",
        "coordinates": [
          104.045716,
          30.582784
        ]
      },
      "properties": {
        "name": "维房维修中心",
        "category": "life",
        "type": "生活服务;生活服务场所;生活服务场所",
        "district": "武侯区",
        "weight": 1
      }
    },
    {
      "type": "Feature",
      "geometry": {
        "type": "Point",
        "coordinates": [
          104.048617,
          30.581157
        ]
      },
      "properties": {
        "name": "天天畅智慧家庭服务站(锦尚西二路)",
        "category": "life",
        "type": "生活服务;生活服务场所;生活服务场所",
        "district": "武侯区",
        "weight": 2
      }
    },
    {
      "type": "Feature",
      "geometry": {
        "type": "Point",
        "coordinates": [
          104.048662,
          30.587768
        ]
      },
      "properties": {
        "name": "简爱丝",
        "category": "life",
        "type": "生活服务;美容美发店;美容美发店|购物服务;服装鞋帽皮具店;服装鞋帽皮具店",
        "district": "武侯区",
        "weight": 1
      }
    },
    {
      "type": "Feature",
      "geometry": {
        "type": "Point",
        "coordinates": [
          104.058658,
          30.586943
        ]
      },
      "properties": {
        "name": "速递易",
        "category": "life",
        "type": "生活服务;物流速递;物流速递",
        "district": "武侯区",
        "weight": 30
      }
    },
    {
      "type": "Feature",
      "geometry": {
        "type": "Point",
        "coordinates": [
          104.05849,
          30.584075
        ]
      },
      "properties": {
        "name": "瑞格利图文快印",
        "category": "life",
        "type": "生活服务;生活服务场所;生活服务场所",
        "district": "武侯区",
        "weight": 4
      }
    },
    {
      "type": "Feature",
      "geometry": {
        "type": "Point",
        "coordinates": [
          104.05849,
          30.580187
        ]
      },
      "properties": {
        "name": "奇客装修",
        "category": "life",
        "type": "生活服务;生活服务场所;生活服务场所",
        "district": "武侯区",
        "weight": 16
      }
    },
    {
      "type": "Feature",
      "geometry": {
        "type": "Point",
        "coordinates": [
          104.059622,
          30.584571
        ]
      },
      "properties": {
        "name": "地铁金融城站自行车租赁点",
        "category": "life",
        "type": "生活服务;生活服务场所;生活服务场所",
        "district": "武侯区",
        "weight": 1
      }
    },
    {
      "type": "Feature",
      "geometry": {
        "type": "Point",
        "coordinates": [
          104.056181,
          30.58418
        ]
      },
      "properties": {
        "name": "天元律师事务所",
        "category": "life",
        "type": "生活服务;生活服务场所;生活服务场所",
        "district": "武侯区",
        "weight": 1
      }
    },
    {
      "type": "Feature",
      "geometry": {
        "type": "Point",
        "coordinates": [
          104.055587,
          30.581238
        ]
      },
      "properties": {
        "name": "中海城南1号站自行车租赁点",
        "category": "life",
        "type": "生活服务;生活服务场所;生活服务场所",
        "district": "武侯区",
        "weight": 1
      }
    },
    {
      "type": "Feature",
      "geometry": {
        "type": "Point",
        "coordinates": [
          104.062207,
          30.580529
        ]
      },
      "properties": {
        "name": "机关会议服务中心",
        "category": "life",
        "type": "生活服务;生活服务场所;生活服务场所",
        "district": "武侯区",
        "weight": 3
      }
    },
    {
      "type": "Feature",
      "geometry": {
        "type": "Point",
        "coordinates": [
          104.054077,
          30.583365
        ]
      },
      "properties": {
        "name": "速递易",
        "category": "life",
        "type": "生活服务;物流速递;物流速递",
        "district": "武侯区",
        "weight": 1
      }
    },
    {
      "type": "Feature",
      "geometry": {
        "type": "Point",
        "coordinates": [
          104.060876,
          30.586955
        ]
      },
      "properties": {
        "name": "四川凯盈律师事务所",
        "category": "life",
        "type": "生活服务;生活服务场所;生活服务场所",
        "district": "武侯区",
        "weight": 1
      }
    },
    {
      "type": "Feature",
      "geometry": {
        "type": "Point",
        "coordinates": [
          104.06742,
          30.587759
        ]
      },
      "properties": {
        "name": "悦美会所",
        "category": "life",
        "type": "生活服务;生活服务场所;生活服务场所",
        "district": "武侯区",
        "weight": 1
      }
    },
    {
      "type": "Feature",
      "geometry": {
        "type": "Point",
        "coordinates": [
          104.070983,
          30.588676
        ]
      },
      "properties": {
        "name": "兰亭金汤",
        "category": "life",
        "type": "餐饮服务;中餐厅;中餐厅|生活服务;洗浴推拿场所;洗浴推拿场所",
        "district": "武侯区",
        "weight": 6
      }
    },
    {
      "type": "Feature",
      "geometry": {
        "type": "Point",
        "coordinates": [
          104.066248,
          30.589123
        ]
      },
      "properties": {
        "name": "链家(银泰城店)",
        "category": "life",
        "type": "生活服务;生活服务场所;生活服务场所",
        "district": "武侯区",
        "weight": 1
      }
    },
    {
      "type": "Feature",
      "geometry": {
        "type": "Point",
        "coordinates": [
          104.063615,
          30.58127
        ]
      },
      "properties": {
        "name": "政府四办公区站自行车租赁点(锦尚西一路)",
        "category": "life",
        "type": "生活服务;生活服务场所;生活服务场所",
        "district": "武侯区",
        "weight": 1
      }
    },
    {
      "type": "Feature",
      "geometry": {
        "type": "Point",
        "coordinates": [
          104.063604,
          30.58007
        ]
      },
      "properties": {
        "name": "自行车租赁点(金融城南路)",
        "category": "life",
        "type": "生活服务;生活服务场所;生活服务场所",
        "district": "武侯区",
        "weight": 1
      }
    },
    {
      "type": "Feature",
      "geometry": {
        "type": "Point",
        "coordinates": [
          104.064018,
          30.589294
        ]
      },
      "properties": {
        "name": "朴素图文",
        "category": "life",
        "type": "生活服务;生活服务场所;生活服务场所",
        "district": "武侯区",
        "weight": 4
      }
    },
    {
      "type": "Feature",
      "geometry": {
        "type": "Point",
        "coordinates": [
          104.073339,
          30.588808
        ]
      },
      "properties": {
        "name": "菜鸟驿站(礼顿山一号小区超市)",
        "category": "life",
        "type": "生活服务;物流速递;物流速递",
        "district": "武侯区",
        "weight": 1
      }
    },
    {
      "type": "Feature",
      "geometry": {
        "type": "Point",
        "coordinates": [
          104.064031,
          30.582502
        ]
      },
      "properties": {
        "name": "地产金融",
        "category": "life",
        "type": "生活服务;生活服务场所;生活服务场所",
        "district": "武侯区",
        "weight": 1
      }
    },
    {
      "type": "Feature",
      "geometry": {
        "type": "Point",
        "coordinates": [
          104.093264,
          30.586461
        ]
      },
      "properties": {
        "name": "可可便民服务",
        "category": "life",
        "type": "生活服务;生活服务场所;生活服务场所",
        "district": "锦江区",
        "weight": 1
      }
    },
    {
      "type": "Feature",
      "geometry": {
        "type": "Point",
        "coordinates": [
          104.090819,
          30.588476
        ]
      },
      "properties": {
        "name": "柳江街道办事处第三社区公共服务站",
        "category": "life",
        "type": "生活服务;生活服务场所;生活服务场所",
        "district": "锦江区",
        "weight": 1
      }
    },
    {
      "type": "Feature",
      "geometry": {
        "type": "Point",
        "coordinates": [
          104.092171,
          30.579981
        ]
      },
      "properties": {
        "name": "新创意厨房设备加工部",
        "category": "life",
        "type": "生活服务;生活服务场所;生活服务场所",
        "district": "锦江区",
        "weight": 1
      }
    },
    {
      "type": "Feature",
      "geometry": {
        "type": "Point",
        "coordinates": [
          104.090493,
          30.579503
        ]
      },
      "properties": {
        "name": "祝国寺公墓",
        "category": "life",
        "type": "生活服务;生活服务场所;生活服务场所",
        "district": "锦江区",
        "weight": 1
      }
    },
    {
      "type": "Feature",
      "geometry": {
        "type": "Point",
        "coordinates": [
          104.093432,
          30.579686
        ]
      },
      "properties": {
        "name": "燕涛装饰",
        "category": "life",
        "type": "生活服务;生活服务场所;生活服务场所",
        "district": "锦江区",
        "weight": 2
      }
    },
    {
      "type": "Feature",
      "geometry": {
        "type": "Point",
        "coordinates": [
          104.090386,
          30.581722
        ]
      },
      "properties": {
        "name": "腾飞快修",
        "category": "life",
        "type": "生活服务;维修站点;维修站点",
        "district": "锦江区",
        "weight": 1
      }
    },
    {
      "type": "Feature",
      "geometry": {
        "type": "Point",
        "coordinates": [
          104.091903,
          30.585397
        ]
      },
      "properties": {
        "name": "福兴电脑科技",
        "category": "life",
        "type": "生活服务;维修站点;维修站点",
        "district": "锦江区",
        "weight": 1
      }
    },
    {
      "type": "Feature",
      "geometry": {
        "type": "Point",
        "coordinates": [
          104.102658,
          30.588066
        ]
      },
      "properties": {
        "name": "中国福利彩票",
        "category": "life",
        "type": "生活服务;彩票彩券销售点;彩票彩券销售点",
        "district": "锦江区",
        "weight": 4
      }
    },
    {
      "type": "Feature",
      "geometry": {
        "type": "Point",
        "coordinates": [
          104.095448,
          30.588349
        ]
      },
      "properties": {
        "name": "快捷快递(包江社区东)",
        "category": "life",
        "type": "生活服务;物流速递;物流速递",
        "district": "锦江区",
        "weight": 1
      }
    },
    {
      "type": "Feature",
      "geometry": {
        "type": "Point",
        "coordinates": [
          104.107163,
          30.583202
        ]
      },
      "properties": {
        "name": "中铁物流(锦阳大道)",
        "category": "life",
        "type": "生活服务;物流速递;物流速递",
        "district": "锦江区",
        "weight": 1
      }
    },
    {
      "type": "Feature",
      "geometry": {
        "type": "Point",
        "coordinates": [
          104.105908,
          30.585609
        ]
      },
      "properties": {
        "name": "圆通速递(桊五新居南)",
        "category": "life",
        "type": "生活服务;物流速递;物流速递",
        "district": "锦江区",
        "weight": 1
      }
    },
    {
      "type": "Feature",
      "geometry": {
        "type": "Point",
        "coordinates": [
          104.103955,
          30.585818
        ]
      },
      "properties": {
        "name": "云华打印复印部",
        "category": "life",
        "type": "生活服务;生活服务场所;生活服务场所",
        "district": "锦江区",
        "weight": 8
      }
    },
    {
      "type": "Feature",
      "geometry": {
        "type": "Point",
        "coordinates": [
          104.105907,
          30.586514
        ]
      },
      "properties": {
        "name": "新禾印务",
        "category": "life",
        "type": "生活服务;生活服务场所;生活服务场所",
        "district": "锦江区",
        "weight": 1
      }
    },
    {
      "type": "Feature",
      "geometry": {
        "type": "Point",
        "coordinates": [
          104.11515,
          30.587921
        ]
      },
      "properties": {
        "name": "维修服务",
        "category": "life",
        "type": "生活服务;生活服务场所;生活服务场所",
        "district": "锦江区",
        "weight": 2
      }
    },
    {
      "type": "Feature",
      "geometry": {
        "type": "Point",
        "coordinates": [
          104.11758,
          30.585821
        ]
      },
      "properties": {
        "name": "城市物流涂装",
        "category": "life",
        "type": "生活服务;生活服务场所;生活服务场所",
        "district": "锦江区",
        "weight": 1
      }
    },
    {
      "type": "Feature",
      "geometry": {
        "type": "Point",
        "coordinates": [
          104.115607,
          30.583986
        ]
      },
      "properties": {
        "name": "大幕后婚礼制景",
        "category": "life",
        "type": "生活服务;生活服务场所;生活服务场所",
        "district": "锦江区",
        "weight": 1
      }
    },
    {
      "type": "Feature",
      "geometry": {
        "type": "Point",
        "coordinates": [
          104.120053,
          30.587362
        ]
      },
      "properties": {
        "name": "秀丽东方百老汇演出",
        "category": "life",
        "type": "生活服务;生活服务场所;生活服务场所",
        "district": "锦江区",
        "weight": 1
      }
    },
    {
      "type": "Feature",
      "geometry": {
        "type": "Point",
        "coordinates": [
          104.113543,
          30.587785
        ]
      },
      "properties": {
        "name": "自行车租赁点(锦江大道)",
        "category": "life",
        "type": "生活服务;生活服务场所;生活服务场所",
        "district": "锦江区",
        "weight": 1
      }
    },
    {
      "type": "Feature",
      "geometry": {
        "type": "Point",
        "coordinates": [
          104.132368,
          30.583287
        ]
      },
      "properties": {
        "name": "秀丽东方售票处(幸福路)",
        "category": "life",
        "type": "生活服务;售票处;公园景点售票处",
        "district": "锦江区",
        "weight": 1
      }
    },
    {
      "type": "Feature",
      "geometry": {
        "type": "Point",
        "coordinates": [
          104.12388,
          30.584763
        ]
      },
      "properties": {
        "name": "秀丽东方生态文化景区售票处",
        "category": "life",
        "type": "生活服务;售票处;公园景点售票处",
        "district": "锦江区",
        "weight": 1
      }
    },
    {
      "type": "Feature",
      "geometry": {
        "type": "Point",
        "coordinates": [
          104.132802,
          30.585622
        ]
      },
      "properties": {
        "name": "日敦社",
        "category": "life",
        "type": "公司企业;公司;公司|生活服务;生活服务场所;生活服务场所",
        "district": "锦江区",
        "weight": 2
      }
    },
    {
      "type": "Feature",
      "geometry": {
        "type": "Point",
        "coordinates": [
          104.126291,
          30.585775
        ]
      },
      "properties": {
        "name": "幸福社区养老助残关爱站",
        "category": "life",
        "type": "生活服务;生活服务场所;生活服务场所",
        "district": "锦江区",
        "weight": 1
      }
    },
    {
      "type": "Feature",
      "geometry": {
        "type": "Point",
        "coordinates": [
          104.143496,
          30.582837
        ]
      },
      "properties": {
        "name": "鑫逸发屋",
        "category": "life",
        "type": "生活服务;美容美发店;美容美发店",
        "district": "锦江区",
        "weight": 5
      }
    },
    {
      "type": "Feature",
      "geometry": {
        "type": "Point",
        "coordinates": [
          104.149751,
          30.584612
        ]
      },
      "properties": {
        "name": "菜鸟驿站(YOOUKA商城O2O超市锦江春天店)",
        "category": "life",
        "type": "生活服务;物流速递;物流速递",
        "district": "锦江区",
        "weight": 1
      }
    },
    {
      "type": "Feature",
      "geometry": {
        "type": "Point",
        "coordinates": [
          104.145734,
          30.583388
        ]
      },
      "properties": {
        "name": "鹏飞发型设计",
        "category": "life",
        "type": "生活服务;美容美发店;美容美发店",
        "district": "锦江区",
        "weight": 2
      }
    },
    {
      "type": "Feature",
      "geometry": {
        "type": "Point",
        "coordinates": [
          104.146897,
          30.581835
        ]
      },
      "properties": {
        "name": "收废品",
        "category": "life",
        "type": "生活服务;生活服务场所;生活服务场所",
        "district": "锦江区",
        "weight": 5
      }
    },
    {
      "type": "Feature",
      "geometry": {
        "type": "Point",
        "coordinates": [
          104.144474,
          30.584793
        ]
      },
      "properties": {
        "name": "大姐租车",
        "category": "life",
        "type": "生活服务;生活服务场所;生活服务场所",
        "district": "锦江区",
        "weight": 5
      }
    },
    {
      "type": "Feature",
      "geometry": {
        "type": "Point",
        "coordinates": [
          104.153457,
          30.585132
        ]
      },
      "properties": {
        "name": "自行车租赁点(柳荫路)",
        "category": "life",
        "type": "生活服务;生活服务场所;生活服务场所",
        "district": "锦江区",
        "weight": 2
      }
    },
    {
      "type": "Feature",
      "geometry": {
        "type": "Point",
        "coordinates": [
          104.153152,
          30.587162
        ]
      },
      "properties": {
        "name": "观景车行",
        "category": "life",
        "type": "生活服务;生活服务场所;生活服务场所",
        "district": "锦江区",
        "weight": 2
      }
    },
    {
      "type": "Feature",
      "geometry": {
        "type": "Point",
        "coordinates": [
          104.150195,
          30.579615
        ]
      },
      "properties": {
        "name": "园林工具专业维修",
        "category": "life",
        "type": "生活服务;生活服务场所;生活服务场所",
        "district": "锦江区",
        "weight": 1
      }
    },
    {
      "type": "Feature",
      "geometry": {
        "type": "Point",
        "coordinates": [
          104.157805,
          30.589089
        ]
      },
      "properties": {
        "name": "费森设计",
        "category": "life",
        "type": "生活服务;生活服务场所;生活服务场所",
        "district": "锦江区",
        "weight": 3
      }
    },
    {
      "type": "Feature",
      "geometry": {
        "type": "Point",
        "coordinates": [
          104.156288,
          30.584156
        ]
      },
      "properties": {
        "name": "棉絮加工",
        "category": "life",
        "type": "生活服务;生活服务场所;生活服务场所",
        "district": "锦江区",
        "weight": 3
      }
    },
    {
      "type": "Feature",
      "geometry": {
        "type": "Point",
        "coordinates": [
          104.161373,
          30.586207
        ]
      },
      "properties": {
        "name": "凯茜米亚婚礼策划",
        "category": "life",
        "type": "生活服务;生活服务场所;生活服务场所",
        "district": "锦江区",
        "weight": 1
      }
    },
    {
      "type": "Feature",
      "geometry": {
        "type": "Point",
        "coordinates": [
          104.159502,
          30.586716
        ]
      },
      "properties": {
        "name": "自行车租赁点(银杏路)",
        "category": "life",
        "type": "生活服务;生活服务场所;生活服务场所",
        "district": "锦江区",
        "weight": 1
      }
    },
    {
      "type": "Feature",
      "geometry": {
        "type": "Point",
        "coordinates": [
          104.160875,
          30.587055
        ]
      },
      "properties": {
        "name": "天香苑接待中心",
        "category": "life",
        "type": "生活服务;生活服务场所;生活服务场所",
        "district": "锦江区",
        "weight": 1
      }
    },
    {
      "type": "Feature",
      "geometry": {
        "type": "Point",
        "coordinates": [
          104.154944,
          30.58283
        ]
      },
      "properties": {
        "name": "蜀仙园接待室",
        "category": "life",
        "type": "生活服务;生活服务场所;生活服务场所",
        "district": "锦江区",
        "weight": 2
      }
    },
    {
      "type": "Feature",
      "geometry": {
        "type": "Point",
        "coordinates": [
          104.155534,
          30.585712
        ]
      },
      "properties": {
        "name": "三圣乡自行车租赁点(紫藤路)",
        "category": "life",
        "type": "生活服务;生活服务场所;生活服务场所",
        "district": "锦江区",
        "weight": 1
      }
    },
    {
      "type": "Feature",
      "geometry": {
        "type": "Point",
        "coordinates": [
          104.16005,
          30.58082
        ]
      },
      "properties": {
        "name": "刘家花园婚庆馆",
        "category": "life",
        "type": "生活服务;生活服务场所;生活服务场所",
        "district": "锦江区",
        "weight": 1
      }
    }
  ]
}