name,category,type,district,wgs_lng,wgs_lat,weight
顶新造型,life,生活服务;美容美发店;美容美发店,金牛区,103.974324,30.733963,12
万科城售楼部,life,生活服务;生活服务场所;生活服务场所,金牛区,103.972445,30.732785,2
绚诺soho(百草路店),life,生活服务;美容美发店;美容美发店,金牛区,103.976587,30.734743,1
玛丽艳千年古方熏蒸养生馆(林桐店),life,生活服务;美容美发店;美容美发店,金牛区,103.975983,30.733862,1
唐三姐换拉链,life,生活服务;生活服务场所;生活服务场所,金牛区,103.98206,30.732985,2
深粤装饰,life,生活服务;生活服务场所;生活服务场所,金牛区,103.978306,30.733322,1
衣卫士洗衣(新里派克公馆店),life,生活服务;洗衣店;洗衣店,金牛区,103.976828,30.730894,1
tt造型,life,生活服务;生活服务场所;生活服务场所,金牛区,103.991246,30.730574,5
举手之劳·盲人按摩,life,生活服务;洗浴推拿场所;洗浴推拿场所,金牛区,103.984639,30.733895,1
蜀东水站,life,生活服务;生活服务场所;生活服务场所,金牛区,104.000282,30.733389,4
国通快递,life,生活服务;物流速递;物流速递,金牛区,104.001066,30.734574,3
工字白铁加工,life,生活服务;生活服务场所;生活服务场所,金牛区,104.001778,30.735813,1
电脑雕刻喷砂,life,生活服务;生活服务场所;生活服务场所,金牛区,103.997694,30.733192,1
鼎盛雕刻,life,购物服务;家居建材市场;建材五金市场|生活服务;生活服务场所;生活服务场所,金牛区,103.996066,30.73483,1
小邓专业维修(全兴路),life,生活服务;维修站点;维修站点,金牛区,104.002519,30.736911,1
古尚丽辰,life,生活服务;美容美发店;美容美发店,金牛区,104.008581,30.733191,40
蜂巢快递,life,生活服务;生活服务场所;生活服务场所,金牛区,104.011468,30.73442,5
廖记榨油房,life,生活服务;生活服务场所;生活服务场所,金牛区,104.012295,30.732122,8
蜀安驾校,life,生活服务;生活服务场所;生活服务场所,金牛区,104.0138,30.735426,11
公交驾校报名点(侯家桥二街),life,生活服务;生活服务场所;生活服务场所,金牛区,104.007736,30.738704,1
成都市318信箱,life,生活服务;生活服务场所;生活服务场所,金牛区,104.005302,30.730544,1
快递铺,life,生活服务;生活服务场所;生活服务场所,金牛区,104.013371,30.733825,3
茗艺造型(金鑫大道),life,生活服务;美容美发店;美容美发店,金牛区,104.019283,30.734332,1
中铁现代物流(成都配送中心),life,生活服务;物流速递;物流速递,金牛区,104.01941,30.735876,1
小吴机械加工,life,生活服务;生活服务场所;生活服务场所,金牛区,104.01809,30.736458,2
伟中机械加工,life,生活服务;生活服务场所;生活服务场所,金牛区,104.020101,30.732729,1
专业按摩(金芙蓉大道),life,生活服务;洗浴推拿场所;洗浴推拿场所,金牛区,104.021826,30.7345,2
蓝光矿泉水,life,生活服务;生活服务场所;生活服务场所,金牛区,104.020163,30.737743,2
子云美发,life,生活服务;美容美发店;美容美发店,金牛区,104.01648,30.738539,6
爱尚美甲,life,生活服务;美容美发店;美容美发店,金牛区,104.023021,30.731217,7
红光红旗配送中心,life,生活服务;物流速递;物流速递,金牛区,104.01913,30.729948,1
永鑫焊接,life,生活服务;生活服务场所;生活服务场所,金牛区,104.016448,30.728873,14
成都沃特供水机械租赁公司,life,生活服务;生活服务场所;生活服务场所,金牛区,104.021583,30.730008,1
东林电脑维修,life,生活服务;维修站点;维修站点,金牛区,104.028262,30.734452,2
艾诗造型,life,生活服务;美容美发店;美容美发店,金牛区,104.026317,30.731787,31
泊雅诗美容美体养生SPA馆,life,生活服务;美容美发店;美容美发店,金牛区,104.029536,30.730884,1
尖点美发,life,生活服务;生活服务场所;生活服务场所,金牛区,104.028023,30.730658,1
锦尚发艺(府河星城馨苑东),life,生活服务;美容美发店;美容美发店,金牛区,104.030552,30.729882,1
四川浩天驾校招生处,life,生活服务;生活服务场所;生活服务场所,金牛区,104.033436,30.737869,2
五州货运,life,生活服务;物流速递;物流速递,金牛区,104.03663,30.736305,17
华西集团有限公司租赁分公司第一租赁站,life,生活服务;生活服务场所;生活服务场所,金牛区,104.041604,30.732877,1
收废品,life,生活服务;生活服务场所;生活服务场所,金牛区,104.043072,30.733795,2
震洪印务,life,生活服务;生活服务场所;生活服务场所,金牛区,104.034565,30.738234,4
精修电动车,life,生活服务;维修站点;维修站点,金牛区,104.04102,30.739256,2
宏久调色中心,life,生活服务;生活服务场所;生活服务场所,金牛区,104.047772,30.735122,4
三山水业,life,生活服务;生活服务场所;生活服务场所,金牛区,104.050495,30.736422,45
尚龙商务,life,生活服务;生活服务场所;生活服务场所,金牛区,104.046494,30.730471,19
渝川通物流,life,生活服务;物流速递;物流速递,金牛区,104.0462,30.737901,2
成都量力钢材物流中心(古柏路),life,生活服务;物流速递;物流速递,金牛区,104.050033,30.729601,1
付妹美发,life,生活服务;美容美发店;美容美发店,金牛区,104.049646,30.733747,2
婉香如玉,life,生活服务;美容美发店;美容美发店,金牛区,104.059504,30.734156,6
收废铁,life,生活服务;生活服务场所;生活服务场所,金牛区,104.058643,30.735418,4
富桥靓丽堂,life,生活服务;洗浴推拿场所;洗浴推拿场所,金牛区,104.056132,30.734081,4
韵达快递,life,生活服务;物流速递;物流速递,金牛区,104.062201,30.735724,18
东邻造型,life,生活服务;美容美发店;美容美发店,金牛区,104.060482,30.736643,2
汗蒸养生,life,生活服务;洗浴推拿场所;洗浴推拿场所,金牛区,104.061052,30.732941,1
成都量力钢材物流中心(泉水路),life,生活服务;物流速递;物流速递,金牛区,104.054499,30.734405,1
长城驾校报名处(嘉泽路),life,生活服务;生活服务场所;生活服务场所,金牛区,104.059087,30.73074,1
路军托运,life,生活服务;物流速递;物流速递,金牛区,104.057068,30.738636,1
颐身缘,life,生活服务;洗浴推拿场所;洗浴推拿场所,金牛区,104.06211,30.730316,3
合兴激光切割加工,life,生活服务;生活服务场所;生活服务场所,金牛区,104.055079,30.729944,1
沙河源怡宝店,life,生活服务;生活服务场所;生活服务场所,金牛区,104.062446,30.739225,1
长城宽带,life,生活服务;电讯营业厅;电讯营业厅,金牛区,104.054816,30.732372,1
国家电网(洞子口供电营业厅),life,生活服务;电力营业厅;电力营业厅,金牛区,104.056938,30.735852,1
老喻氧电焊,life,生活服务;生活服务场所;生活服务场所,金牛区,104.067522,30.732619,2
乡林涵碧天下接待中心,life,生活服务;生活服务场所;生活服务场所,金牛区,104.06976,30.735942,1
金阳光货运,life,生活服务;物流速递;物流速递,金牛区,104.067545,30.730775,10
老张焊接,life,生活服务;生活服务场所;生活服务场所,金牛区,104.064719,30.738205,3
万佳货运,life,生活服务;物流速递;物流速递,成华区,104.10147,30.729575,23
友联货运,life,生活服务;物流速递;物流速递,成华区,104.101475,30.731443,2
佳驰航空票务,life,生活服务;售票处;售票处,金牛区,104.097632,30.729451,3
小朱理发,life,生活服务;美容美发店;美容美发店,金牛区,104.102725,30.736228,1
中国福利彩票,life,生活服务;彩票彩券销售点;彩票彩券销售点,金牛区,104.106031,30.735324,3
联宜加工房,life,生活服务;生活服务场所;生活服务场所,金牛区,104.108082,30.734846,2
日益通速递,life,生活服务;生活服务场所;生活服务场所,金牛区,104.107821,30.733022,3
棉被加工,life,生活服务;生活服务场所;生活服务场所,成华区,104.106553,30.73177,65
中国福利彩票,life,生活服务;彩票彩券销售点;彩票彩券销售点,金牛区,104.112787,30.733184,2
艺剪缘美发(外北蜀陵路),life,生活服务;美容美发店;美容美发店,成华区,104.111345,30.72987,1
王群理发店,life,生活服务;生活服务场所;生活服务场所,金牛区,104.109351,30.736425,2
天回镇石油液化气配送点第一联络点,life,生活服务;生活服务场所;生活服务场所,金牛区,104.104111,30.735492,1
鑫家美艺,life,生活服务;生活服务场所;生活服务场所,成华区,104.120133,30.738205,12
随意修理门市,life,生活服务;维修站点;维修站点,成华区,104.11769,30.737187,2
巧剪刀理发店,life,生活服务;生活服务场所;生活服务场所,成华区,104.122895,30.739339,1
福利彩票,life,生活服务;彩票彩券销售点;彩票彩券销售点,金牛区,104.114922,30.734728,1
众贯建材开票处,life,生活服务;生活服务场所;生活服务场所,成华区,104.13051,30.732994,1
嘉丰建材仓储中心,life,生活服务;物流速递;物流仓储场地,成华区,104.129831,30.72955,2
成华区石岭公墓业务接洽室,life,生活服务;生活服务场所;生活服务场所,成华区,104.124974,30.739349,1
黄祥物业,life,生活服务;生活服务场所;生活服务场所,成华区,104.129594,30.730848,1
俊菱物流,life,生活服务;物流速递;物流速递,成华区,104.128554,30.730079,1
景区直通车,life,生活服务;生活服务场所;生活服务场所,成华区,104.143559,30.735222,5
中海社区党群服务中心,life,生活服务;生活服务场所;生活服务场所,金牛区,103.972191,30.728963,1
纤足坊,life,生活服务;洗浴推拿场所;洗浴推拿场所,金牛区,103.977592,30.722412,137
天天快递(精城国际西北),life,生活服务;物流速递;物流速递,金牛区,103.98252,30.723231,1
卡尼造型(绿茵街),life,生活服务;美容美发店;美容美发店,金牛区,103.973952,30.726733,1
旌鸿快运,life,生活服务;物流速递;物流速递,金牛区,103.990459,30.723327,7
蓉儿理发,life,生活服务;美容美发店;美容美发店,金牛区,103.988367,30.722767,3
一方人图文快印,life,生活服务;生活服务场所;生活服务场所,金牛区,103.98603,30.722198,7
华安驾校报名咨询大厅,life,生活服务;生活服务场所;生活服务场所,金牛区,103.985678,30.726099,1
艾珀耐特,life,生活服务;生活服务场所;生活服务场所,金牛区,103.989623,30.72048,5
锦桥广告,life,生活服务;生活服务场所;生活服务场所,金牛区,103.984284,30.721561,1
壹剪发艺,life,生活服务;美容美发店;美容美发店,金牛区,103.999458,30.724758,12
美容美发剪直染烫发,life,生活服务;美容美发店;美容美发店,金牛区,103.996806,30.723878,1
蓝领广告设计,life,生活服务;生活服务场所;生活服务场所,金牛区,103.995597,30.724821,4
收废品,life,生活服务;生活服务场所;生活服务场所,金牛区,103.99982,30.721674,3
保利地产,life,生活服务;生活服务场所;生活服务场所,金牛区,104.001292,30.727281,1
罗亚方舟,life,生活服务;生活服务场所;生活服务场所,金牛区,103.997493,30.720673,1
佳鑫图文,life,生活服务;生活服务场所;生活服务场所,金牛区,104.003399,30.723451,5
富金升石材工艺,life,生活服务;生活服务场所;生活服务场所,金牛区,103.996301,30.72948,1
玖劲科技,life,生活服务;生活服务场所;生活服务场所,金牛区,104.003185,30.719525,3
静逸堂功夫肩颈(金牛派克公馆店),life,生活服务;洗浴推拿场所;洗浴推拿场所,金牛区,103.994034,30.729513,1
中国电信(金科北路营业厅),life,生活服务;电讯营业厅;中国电信营业厅,金牛区,104.002232,30.722795,1
东原·亲亲里,life,商务住宅;住宅区;住宅小区|生活服务;生活服务场所;生活服务场所,金牛区,104.001444,30.723754,1
西瓜酱洗护,life,生活服务;洗衣店;洗衣店,金牛区,103.996171,30.721279,1
菜鸟驿站(正成拉菲3栋1单元102号),life,生活服务;物流速递;物流速递,金牛区,103.995838,30.722641,1
吴师理发,life,生活服务;生活服务场所;生活服务场所,金牛区,104.011306,30.725216,4
骥马雕刻,life,生活服务;生活服务场所;生活服务场所,金牛区,104.006482,30.725514,2
金桥社区便民服务站,life,生活服务;生活服务场所;生活服务场所,金牛区,104.005509,30.724388,4
域阳图文,life,生活服务;生活服务场所;生活服务场所,金牛区,104.005704,30.722058,2
家电维修,life,生活服务;维修站点;维修站点,金牛区,104.013654,30.726502,12
壹号时空装饰,life,生活服务;生活服务场所;生活服务场所,金牛区,104.004269,30.726154,3
中国福利彩票,life,生活服务;彩票彩券销售点;彩票彩券销售点,金牛区,104.005202,30.727424,2
快照复印邮件交通事故法律咨询,life,生活服务;生活服务场所;生活服务场所,金牛区,104.00385,30.724814,1
兴盛国际营销中心,life,生活服务;生活服务场所;生活服务场所,金牛区,104.00398,30.721772,1
中国移动(土桥服务厅),life,生活服务;电讯营业厅;中国移动营业厅,金牛区,104.006384,30.72665,2
国茂减速机集团四川售后服务部,life,生活服务;生活服务场所;生活服务场所,金牛区,104.019068,30.724259,1
李师修车(华严路),life,生活服务;维修站点;维修站点,金牛区,104.01868,30.723151,5
家无忧保洁,life,生活服务;生活服务场所;生活服务场所,金牛区,104.01688,30.724843,3
速递易(华侨城纯水岸二期B09),life,生活服务;物流速递;物流速递,金牛区,104.020982,30.724295,1
菜鸟驿站(川影校内商业街),life,生活服务;物流速递;物流速递,金牛区,104.022093,30.723753,1
煤气液化气配送点,life,生活服务;生活服务场所;生活服务场所,金牛区,104.020515,30.721505,2
金火焰燃气西华青杠体验店,life,生活服务;生活服务场所;生活服务场所,金牛区,104.021513,30.727147,1
圆通速递,life,生活服务;物流速递;物流速递,金牛区,104.023888,30.726251,16
净衣馆,life,生活服务;洗衣店;洗衣店,金牛区,104.025977,30.72366,7
悦己太太私房养生美容馆(华侨城店),life,生活服务;美容美发店;美容美发店,金牛区,104.02706,30.722355,1
精诚电线电缆维修服务部,life,生活服务;生活服务场所;生活服务场所,金牛区,104.025517,30.725089,1
上风上水,life,生活服务;洗浴推拿场所;洗浴推拿场所,金牛区,104.032965,30.722392,9
小林创意,life,生活服务;生活服务场所;生活服务场所,金牛区,104.030554,30.721037,2
天鹅保物业中心,life,生活服务;生活服务场所;生活服务场所,金牛区,104.026877,30.719569,1
速递易(北三环路一段辅路),life,生活服务;物流速递;物流速递,金牛区,104.038766,30.724448,1
龙都物流,life,生活服务;物流速递;物流速递,金牛区,104.039183,30.720087,52
成都欢乐谷淋浴室,life,生活服务;生活服务场所;生活服务场所,金牛区,104.033651,30.726073,1
河北博亨移动脚手架,life,生活服务;生活服务场所;生活服务场所,金牛区,104.042648,30.7205,4
千岛视觉,life,生活服务;摄影冲印店;摄影冲印,金牛区,104.041631,30.726896,1
韵达,life,生活服务;物流速递;物流速递,金牛区,104.055757,30.724383,93
创梦造型,life,生活服务;美容美发店;美容美发店,金牛区,104.048198,30.726661,14
量力钢材物流中心B区(3号门),life,生活服务;生活服务场所;生活服务场所,金牛区,104.05251,30.728735,1
自行车租赁点(中环路洞子口路段),life,生活服务;生活服务场所;生活服务场所,金牛区,104.047575,30.724841,1
越西快运,life,生活服务;物流速递;物流速递,金牛区,104.045801,30.725373,22
德邦物流(金府路店),life,生活服务;物流速递;物流速递,金牛区,104.04457,30.726658,1
成都市昌盛建材租售部,life,生活服务;生活服务场所;生活服务场所,金牛区,104.043944,30.721881,1
中国福利彩票,life,生活服务;彩票彩券销售点;彩票彩券销售点,金牛区,104.048989,30.729268,1
艺甲屋,life,生活服务;生活服务场所;生活服务场所,金牛区,104.044077,30.718293,48
小李电动车维修店,life,生活服务;维修站点;维修站点,金牛区,104.05344,30.726107,1
御垚瘦,life,生活服务;生活服务场所;生活服务场所,金牛区,104.061474,30.725128,9
蕾奇尔洗衣(花满庭店),life,生活服务;洗衣店;洗衣店,金牛区,104.059381,30.72618,1
速递易,life,生活服务;物流速递;物流速递,金牛区,104.05774,30.726815,2
泉水社区便民服务点,life,生活服务;生活服务场所;生活服务场所,金牛区,104.061531,30.722201,1
速递易,life,生活服务;生活服务场所;生活服务场所,金牛区,104.059954,30.728958,12
西部出版物物流配送中心(文轩路),life,生活服务;物流速递;物流速递,金牛区,104.059544,30.719953,1
喜客来,life,生活服务;美容美发店;美容美发店,金牛区,104.063946,30.722727,10
馨颜美容,life,生活服务;生活服务场所;生活服务场所,金牛区,104.066187,30.722638,41
洞子口石油液化气配送点,life,生活服务;生活服务场所;生活服务场所,金牛区,104.068941,30.72266,1
成都通能CNG,life,生活服务;生活服务场所;生活服务场所,金牛区,104.071299,30.724965,1
成都昌运物流有限公司,life,生活服务;物流速递;物流速递,金牛区,104.068992,30.728648,1
江师维修电动车,life,生活服务;维修站点;维修站点,金牛区,104.067868,30.728739,1
上海牛元防水收废铁,life,生活服务;生活服务场所;生活服务场所,金牛区,104.071347,30.720184,1
龙邦速递,life,生活服务;物流速递;物流速递,金牛区,104.075322,30.720429,18
印象美业,life,生活服务;美容美发店;美容美发店,金牛区,104.075933,30.722942,27
菜鸟驿站,life,生活服务;生活服务场所;生活服务场所,金牛区,104.076348,30.719392,1
省泰驾校报名点,life,生活服务;生活服务场所;生活服务场所,金牛区,104.089355,30.724609,1
圆通速递,life,生活服务;物流速递;物流速递,金牛区,104.095626,30.726089,4
乐爱纹绣,life,生活服务;生活服务场所;生活服务场所,成华区,104.09798,30.719564,2
彩视界广告,life,生活服务;生活服务场所;生活服务场所,成华区,104.100512,30.719668,4
美家堂装饰(北富森设计部),life,生活服务;生活服务场所;生活服务场所,成华区,104.107216,30.724221,1
宏洋装饰,life,生活服务;生活服务场所;生活服务场所,成华区,104.109198,30.725532,2
剑龙装饰,life,生活服务;生活服务场所;生活服务场所,成华区,104.107559,30.725469,1
贵阳安帮货运部,life,生活服务;物流速递;物流速递,成华区,104.10647,30.725585,1
腾辉装饰,life,生活服务;生活服务场所;生活服务场所,成华区,104.111373,30.724632,1
富森美,life,生活服务;生活服务场所;生活服务场所,成华区,104.111593,30.726912,32
金柯达,life,生活服务;生活服务场所;生活服务场所,成华区,104.112439,30.723126,4
创业运输,life,生活服务;生活服务场所;生活服务场所,成华区,104.10438,30.726038,2
成都市鑫运物流,life,生活服务;物流速递;物流速递,成华区,104.106392,30.727844,2
积木到家(上东一号店),life,生活服务;生活服务场所;生活服务场所,成华区,104.106346,30.720213,1
昌达移动脚手架直销处,life,生活服务;生活服务场所;生活服务场所,成华区,104.105431,30.72848,1
家家,life,生活服务;洗浴推拿场所;洗浴推拿场所,成华区,104.105855,30.723917,1
熙源汗蒸美容养生馆,life,生活服务;美容美发店;美容美发店,成华区,104.107709,30.728419,1
兴龙装饰,life,生活服务;生活服务场所;生活服务场所,成华区,104.107377,30.722231,1
联运物流,life,生活服务;物流速递;物流速递,成华区,104.119414,30.726684,138
秦源物流,life,生活服务;物流速递;物流速递,成华区,104.122311,30.724372,46
八维物流(致和路),life,生活服务;物流速递;物流速递,成华区,104.118358,30.720445,1
腾辉装饰,life,生活服务;生活服务场所;生活服务场所,成华区,104.129998,30.724701,3
利君货运,life,生活服务;物流速递;物流速递,成华区,104.126012,30.723746,67
鸿达广告(东林二路),life,生活服务;生活服务场所;生活服务场所,成华区,104.129716,30.722259,3
新山生活垃圾压缩站,life,生活服务;生活服务场所;生活服务场所,成华区,104.126724,30.721384,2
永丰建材配送中心,life,生活服务;物流速递;物流速递,成华区,104.125863,30.726997,1
老袁专业焊校大梁,life,生活服务;生活服务场所;生活服务场所,成华区,104.128196,30.720741,1
合兴货运,life,生活服务;物流速递;物流速递,成华区,104.131324,30.727393,4
天丰建材开票处,life,生活服务;生活服务场所;生活服务场所,成华区,104.124912,30.721502,1
安驰物流,life,生活服务;物流速递;物流速递,成华区,104.130911,30.720119,12
成华区青龙街道一里塘社区服务站,life,生活服务;生活服务场所;生活服务场所,成华区,104.134048,30.727769,1
四川省大件运输公司第二分公司,life,生活服务;物流速递;物流速递,成华区,104.142554,30.719537,1
广州源灏物流,life,生活服务;物流速递;物流速递,成华区,104.144839,30.720333,5
成华区龙潭社区和成社区服务站,life,生活服务;生活服务场所;生活服务场所,成华区,104.152158,30.72288,1
成华区龙潭街道和成社区服务站,life,生活服务;生活服务场所;生活服务场所,成华区,104.154918,30.722769,1
王妃,life,生活服务;美容美发店;美容美发店,成华区,104.165439,30.718241,61
倩莎美业,life,生活服务;美容美发店;美容美发店,成华区,104.165682,30.721245,1
康巴物流,life,生活服务;物流速递;物流速递,成华区,104.175411,30.722778,1
成都高新区恒达试验设备维修服务部,life,生活服务;维修站点;维修站点,金牛区,103.964918,30.717648,1
惠民网配送中心,life,生活服务;生活服务场所;生活服务场所,金牛区,103.964079,30.719016,1
金火焰燃气(土龙路配送点),life,生活服务;生活服务场所;生活服务场所,金牛区,103.965675,30.716153,1
靓丽纹绣,life,生活服务;美容美发店;美容美发店,金牛区,103.982224,30.714946,17
韵达快运(龙湖·源著西南),life,生活服务;物流速递;物流速递,金牛区,103.978074,30.715807,1
巧手私人定制,life,生活服务;美容美发店;美容美发店,金牛区,103.983514,30.713871,1
星空间,life,生活服务;美容美发店;美容美发店,金牛区,103.978372,30.706871,90
特约代理点,life,生活服务;生活服务场所;生活服务场所,金牛区,103.983484,30.710443,1
秀阁,life,生活服务;美容美发店;美容美发店,金牛区,103.985716,30.713524,26
顶峰造型,life,生活服务;美容美发店;美容美发店,金牛区,103.991228,30.711301,63
三泰魔方速递易,life,生活服务;物流速递;物流速递,金牛区,103.989894,30.716667,1
静轩图文,life,生活服务;生活服务场所;生活服务场所,金牛区,103.987943,30.718115,17
维修服务区,life,生活服务;生活服务场所;生活服务场所,金牛区,103.985022,30.716505,1
成都宝悦MINI,life,生活服务;生活服务场所;生活服务场所,金牛区,103.992493,30.716067,2
华星华驰克莱斯勒服务有限公司售后服务顾问,life,生活服务;生活服务场所;生活服务场所,金牛区,103.984788,30.718061,1
飞鸿广告,life,生活服务;生活服务场所;生活服务场所,金牛区,103.991637,30.71897,1
九寨运业,life,生活服务;生活服务场所;生活服务场所,金牛区,103.997406,30.715132,9
玲云美发,life,生活服务;美容美发店;美容美发店,金牛区,103.999017,30.713186,8
租房售房,life,生活服务;生活服务场所;生活服务场所,金牛区,104.001858,30.716699,7
全秀按摩,life,生活服务;洗浴推拿场所;洗浴推拿场所,金牛区,104.001832,30.714095,3
菜鸟驿站,life,生活服务;生活服务场所;生活服务场所,金牛区,104.003167,30.714615,1
四川鼎鑫至永资产评估事务所有限责任公司(第二办公区),life,生活服务;生活服务场所;生活服务场所,金牛区,103.995231,30.717235,1
自行车租赁点(迎宾大道),life,生活服务;生活服务场所;生活服务场所,金牛区,104.001587,30.710807,1
晟大房产,life,生活服务;生活服务场所;生活服务场所,金牛区,103.997969,30.706819,49
法斯特消防安全性能评估有限公司,life,生活服务;事务所;评估事务所,金牛区,103.995595,30.718425,1
四川博力律师事务所,life,生活服务;事务所;律师事务所,金牛区,104.000683,30.711771,1
保修中心,life,生活服务;生活服务场所;生活服务场所,金牛区,104.009128,30.713153,9
日月地产,life,生活服务;生活服务场所;生活服务场所,金牛区,104.007702,30.715882,4
锦颜国际美容养生会所,life,生活服务;美容美发店;美容美发店,金牛区,104.010761,30.71394,1
物业,life,生活服务;生活服务场所;生活服务场所,金牛区,104.008562,30.708878,37
金牛西苑物业服务中心,life,生活服务;生活服务场所;生活服务场所,金牛区,104.011305,30.716079,1
快递之家,life,生活服务;生活服务场所;生活服务场所,金牛区,104.008851,30.711549,3
蓝领集团车辆上牌处,life,生活服务;生活服务场所;生活服务场所,金牛区,104.010198,30.716958,2
自行车租赁点(金瑞路),life,生活服务;生活服务场所;生活服务场所,金牛区,104.005832,30.712305,1
逸品印务,life,生活服务;生活服务场所;生活服务场所,金牛区,104.011896,30.717882,3
婚纱照场,life,生活服务;生活服务场所;生活服务场所,金牛区,104.01176,30.719173,1
中国电信(土桥营业厅),life,生活服务;电讯营业厅;中国电信营业厅,金牛区,104.004013,30.718503,1
艾普宽带总部营业厅,life,生活服务;电讯营业厅;电讯营业厅,金牛区,104.006963,30.716964,2
天地源,life,生活服务;美容美发店;美容美发店,金牛区,104.020237,30.713906,35
龙师傅修车,life,生活服务;维修站点;维修站点,金牛区,104.017647,30.712229,8
博力多配送,life,生活服务;物流速递;物流速递,金牛区,104.018124,30.716059,1
收废铁,life,生活服务;生活服务场所;生活服务场所,金牛区,104.019396,30.716379,6
琼嘎物流,life,生活服务;物流速递;物流速递,金牛区,104.02047,30.711482,3
路正驾校报名点(西城首峻东),life,生活服务;生活服务场所;生活服务场所,金牛区,104.023321,30.713214,2
摩达,life,生活服务;生活服务场所;生活服务场所,金牛区,104.022521,30.707815,38
八面风物流,life,生活服务;物流速递;物流速递,金牛区,104.023345,30.710756,3
蓝光矿泉水(金卉路),life,生活服务;生活服务场所;生活服务场所,金牛区,104.013979,30.710433,1
新东方咨询中心,life,生活服务;生活服务场所;生活服务场所,金牛区,104.014302,30.718897,1
凯林焊接,life,生活服务;生活服务场所;生活服务场所,金牛区,104.028669,30.713628,7
鹰之印,life,生活服务;生活服务场所;生活服务场所,金牛区,104.031281,30.715437,5
菜鸟驿站,life,生活服务;生活服务场所;生活服务场所,金牛区,104.02635,30.715939,5
菜鸟驿站(华侨城一期红旗连锁旁水岸五金店内),life,生活服务;物流速递;物流速递,金牛区,104.027684,30.717201,1
阳平印务,life,生活服务;生活服务场所;生活服务场所,金牛区,104.032961,30.713129,117
宇斌广告,life,生活服务;生活服务场所;生活服务场所,金牛区,104.025857,30.710562,129
鑫尚,life,生活服务;美容美发店;美容美发店,金牛区,104.065786,30.668641,18598
金山快运,life,生活服务;物流速递;物流速递,金牛区,104.033824,30.717517,5
佳佳美发,life,生活服务;美容美发店;美容美发店,金牛区,104.041032,30.713328,1
原野工具配送中心,life,生活服务;生活服务场所;生活服务场所,金牛区,104.037469,30.717338,1
开锁换锁芯配钥匙,life,生活服务;生活服务场所;生活服务场所,金牛区,104.041904,30.715538,1
广告公司,life,生活服务;生活服务场所;生活服务场所,金牛区,104.039088,30.717475,1
依莎浴室柜,life,生活服务;洗浴推拿场所;洗浴推拿场所,金牛区,104.03571,30.7172,2
盛达图文快印,life,生活服务;生活服务场所;生活服务场所,金牛区,104.040419,30.717709,3
MM美甲,life,生活服务;美容美发店;美容美发店,金牛区,104.044924,30.714304,45
伟伟印务,life,生活服务;生活服务场所;生活服务场所,金牛区,104.034476,30.715887,2
天欣驾校报名处,life,生活服务;生活服务场所;生活服务场所,金牛区,104.047795,30.714836,1
自行车租赁点(九里堤西路),life,生活服务;生活服务场所;生活服务场所,金牛区,104.047664,30.713589,1
蜀弘驾校报名点(九里堤北路52号院北),life,生活服务;生活服务场所;生活服务场所,金牛区,104.05058,30.716574,1
菜鸟驿站(五福佳苑2栋1单元103),life,生活服务;物流速递;物流速递,金牛区,104.052246,30.713863,1
睿信地产,life,生活服务;生活服务场所;生活服务场所,金牛区,104.057937,30.71593,10
慕纱,life,生活服务;美容美发店;美容美发店,金牛区,104.067339,30.707776,1342
禾丰物流,life,生活服务;物流速递;物流速递,金牛区,104.05586,30.717707,23
菜鸟驿站(映日荷花2栋1单元101号),life,生活服务;物流速递;物流速递,金牛区,104.059836,30.715945,1
小王加工行,life,生活服务;生活服务场所;生活服务场所,金牛区,104.059634,30.712566,1
精剪发艺焗油烫染店,life,生活服务;美容美发店;美容美发店,金牛区,104.060969,30.71768,1
终端开票厅,life,生活服务;生活服务场所;生活服务场所,金牛区,104.057898,30.719292,2
咨询台,life,生活服务;生活服务场所;生活服务场所,金牛区,104.071584,30.717603,4
名剪发烫染店,life,生活服务;美容美发店;美容美发店,成华区,104.069173,30.718865,11
金牛区法律援助中心,life,生活服务;事务所;律师事务所,金牛区,104.067358,30.718576,3
佳鑫休闲按摩,life,生活服务;洗浴推拿场所;洗浴推拿场所,成华区,104.071883,30.710262,4
速递易,life,生活服务;物流速递;物流速递,成华区,104.073658,30.710796,15
中国联通,life,生活服务;电讯营业厅;电讯营业厅,成华区,104.080401,30.714185,8
经典造型(双耀二路),life,生活服务;美容美发店;美容美发店,成华区,104.076527,30.715929,1
发思琪,life,生活服务;美容美发店;美容美发店,成华区,104.074458,30.716718,15
发舞狂潮,life,生活服务;美容美发店;美容美发店,金牛区,104.075948,30.718436,32
七彩祥云搬家服务,life,生活服务;生活服务场所;生活服务场所,成华区,104.076315,30.714949,1
华天桑拿洗浴会所,life,生活服务;洗浴推拿场所;洗浴推拿场所,成华区,104.077687,30.712241,1
芬芳浴足,life,生活服务;洗浴推拿场所;洗浴推拿场所,成华区,104.083591,30.713425,3
蜀弘驾校报名点,life,生活服务;生活服务场所;生活服务场所,金牛区,104.081601,30.717551,1
曹氏家电经营部,life,生活服务;维修站点;维修站点,成华区,104.083396,30.714889,1
瑶蒸堂,life,生活服务;洗浴推拿场所;洗浴推拿场所,成华区,104.089801,30.714582,53
李氏按摩床,life,生活服务;洗浴推拿场所;洗浴推拿场所,成华区,104.087281,30.715791,3
泰昶驾校招生点,life,生活服务;生活服务场所;生活服务场所,成华区,104.089945,30.71683,3
指源,life,生活服务;生活服务场所;生活服务场所,成华区,104.09332,30.708642,262
中药浴足,life,生活服务;洗浴推拿场所;洗浴推拿场所,成华区,104.085332,30.713211,1
诚信平价车行,life,生活服务;维修站点;维修站点,成华区,104.086847,30.71695,1
祥云水站,life,生活服务;生活服务场所;生活服务场所,成华区,104.084942,30.715102,2
丽水房产,life,生活服务;生活服务场所;生活服务场所,成华区,104.0898,30.710312,4
中江肖氏换油蹄片清路清洗保养灯归零,life,生活服务;生活服务场所;生活服务场所,成华区,104.08631,30.717903,1
正科盲人理疗盲人按摩所,life,生活服务;洗浴推拿场所;洗浴推拿场所,成华区,104.084062,30.716075,1
南王液化气,life,生活服务;生活服务场所;生活服务场所,金牛区,104.084357,30.718236,3
金丽美容养生SPA馆,life,生活服务;美容美发店;美容美发店,成华区,104.091373,30.71837,1
悦妍,life,生活服务;生活服务场所;生活服务场所,成华区,104.107963,30.716781,179
中国体育彩票,life,生活服务;彩票彩券销售点;彩票彩券销售点,成华区,104.096326,30.717573,5
中国福利彩票,life,生活服务;彩票彩券销售点;彩票彩券销售点,成华区,104.101377,30.717285,4
洁美干洗店(荆竹分店),life,生活服务;洗衣店;洗衣店,成华区,104.09892,30.717827,2
英英美发,life,生活服务;美容美发店;美容美发店,成华区,104.094398,30.717123,1
泰旭驾校报名点,life,生活服务;生活服务场所;生活服务场所,成华区,104.095565,30.71902,1
天天美甲,life,生活服务;美容美发店;美容美发店,成华区,104.10902,30.714459,3
欣丽美容,life,生活服务;美容美发店;美容美发店,成华区,104.106976,30.713809,11
赖推拿足道,life,生活服务;洗浴推拿场所;洗浴推拿场所,成华区,104.108696,30.71287,11
煌城造型,life,生活服务;美容美发店;美容美发店,成华区,104.111326,30.713104,9
专业烫染,life,生活服务;美容美发店;美容美发店,成华区,104.110163,30.716218,3
紫罗兰婚庆花艺(荆竹中路店),life,生活服务;生活服务场所;生活服务场所,成华区,104.116761,30.71849,1
白莲水站,life,生活服务;生活服务场所;生活服务场所,成华区,104.115696,30.717391,2
UCC国际洗衣,life,生活服务;洗衣店;洗衣店,成华区,104.119781,30.712705,1
明英发屋,life,生活服务;生活服务场所;生活服务场所,成华区,104.129271,30.715541,3
中国移动4G宽带电视服务站,life,生活服务;生活服务场所;生活服务场所,成华区,104.129332,30.714368,1
做费,life,生活服务;生活服务场所;生活服务场所,成华区,104.130523,30.714374,6
伊美造型,life,生活服务;美容美发店;美容美发店,成华区,104.127644,30.716119,7
牡丹红按摩,life,生活服务;洗浴推拿场所;洗浴推拿场所,成华区,104.125472,30.714713,4
收废铁,life,生活服务;生活服务场所;生活服务场所,成华区,104.125735,30.712426,1
诗涵广告(北三环路四段辅路),life,生活服务;生活服务场所;生活服务场所,成华区,104.125941,30.717634,1
物流公司,life,生活服务;物流速递;物流速递,成华区,104.133393,30.716352,1
长城宽带,life,生活服务;生活服务场所;生活服务场所,成华区,104.12861,30.719203,1
浩天驾校报名点,life,生活服务;生活服务场所;生活服务场所,成华区,104.131639,30.71845,1
成都铁轩快运有限公司,life,生活服务;物流速递;物流速递,成华区,104.124255,30.710002,1
新石田物流成都分公司,life,生活服务;物流速递;物流速递,成华区,104.124383,30.719304,1
杨氏家电维修(东林二路),life,生活服务;维修站点;维修站点,成华区,104.125841,30.715746,1
先锋广告(老龙青路),life,生活服务;生活服务场所;生活服务场所,成华区,104.137968,30.718024,2
睿美时尚,life,生活服务;美容美发店;美容美发店,成华区,104.134706,30.712714,1
北湖鑫园休闲会所接待部,life,生活服务;生活服务场所;生活服务场所,成华区,104.140581,30.717894,1
致高物流,life,生活服务;物流速递;物流速递,成华区,104.144594,30.716713,7
广州恒捷物流有限公司,life,生活服务;物流速递;物流速递,成华区,104.14628,30.715395,1
私享家软装服务咨询点,life,生活服务;生活服务场所;生活服务场所,成华区,104.156121,30.710393,1
妤婕SPA健康养生馆(北湖印象总店),life,生活服务;美容美发店;美容美发店,成华区,104.158977,30.71107,1
魏师装配,life,生活服务;生活服务场所;生活服务场所,成华区,104.167598,30.714616,1
圣唐广告装饰,life,生活服务;生活服务场所;生活服务场所,成华区,104.16667,30.711726,4
俏颜坊美容养生馆,life,生活服务;美容美发店;美容美发店,成华区,104.16869,30.71843,1
成都铁路东站运输服务公司,life,生活服务;物流速递;物流速递,成华区,104.173267,30.711634,1
雅蓝,life,生活服务;美容美发店;美容美发店,成华区,104.169191,30.708528,79
国家电网(锦江龙潭供电营业厅),life,生活服务;电力营业厅;电力营业厅,成华区,104.163862,30.715691,1
绿地悦蓉公馆售楼部,life,生活服务;生活服务场所;生活服务场所,成华区,104.177014,30.714476,1
同乐装饰装修部,life,生活服务;生活服务场所;生活服务场所,成华区,104.18296,30.714762,7
铁路货运,life,生活服务;物流速递;物流速递,成华区,104.176171,30.710406,7
冉师机械,life,生活服务;生活服务场所;生活服务场所,成华区,104.180764,30.709848,7
成华区龙潭街道桂林社区服务站,life,生活服务;生活服务场所;生活服务场所,成华区,104.182446,30.718558,1
利民美发室,life,生活服务;美容美发店;美容美发店,成华区,104.178302,30.710165,1
棉絮加工,life,生活服务;生活服务场所;生活服务场所,青羊区,103.969578,30.703746,4
达畅驾校报名点,life,生活服务;生活服务场所;生活服务场所,青羊区,103.969067,30.705877,1
老陈维修,life,生活服务;维修站点;维修站点,金牛区,103.97226,30.703848,2
中国福利彩票,life,生活服务;彩票彩券销售点;彩票彩券销售点,青羊区,103.966933,30.701463,8
成都市青羊区黄田坝街道人民委员部,life,生活服务;生活服务场所;生活服务场所,青羊区,103.969692,30.700109,1
成飞浴室,life,生活服务;洗浴推拿场所;洗浴推拿场所,青羊区,103.964753,30.701125,3
芭雅岛女士生活馆,life,生活服务;美容美发店;美容美发店,青羊区,103.965046,30.699628,13
中国福利彩票,life,生活服务;彩票彩券销售点;彩票彩券销售点,青羊区,103.96932,30.701546,1
艾尚嘉,life,生活服务;生活服务场所;生活服务场所,金牛区,103.981704,30.702844,44
清水苑特色美容业务,life,生活服务;洗浴推拿场所;洗浴推拿场所,金牛区,103.975422,30.705083,1
收废铁,life,生活服务;生活服务场所;生活服务场所,金牛区,103.978579,30.699154,4
布兰奇(保利梧桐语店),life,生活服务;洗衣店;洗衣店,金牛区,103.990268,30.707778,2
金牛区金泉生活垃圾压缩站,life,生活服务;生活服务场所;生活服务场所,金牛区,103.985688,30.706632,1
韩式美甲馆,life,生活服务;美容美发店;美容美发店,金牛区,103.993094,30.708214,36
中国福利彩票,life,生活服务;彩票彩券销售点;彩票彩券销售点,金牛区,103.988506,30.708525,2
四川奥太暖通设备工程有限公司售后服务中心,life,生活服务;维修站点;维修站点,金牛区,103.984318,30.702151,1
海鑫浴室,life,生活服务;洗浴推拿场所;洗浴推拿场所,金牛区,103.984912,30.70068,2
丽尚烫染发型设计,life,生活服务;美容美发店;美容美发店,金牛区,103.999704,30.702378,2
诗丽堂,life,生活服务;美容美发店;美容美发店,金牛区,104.000951,30.701683,1
慕思婚礼,life,生活服务;生活服务场所;生活服务场所,金牛区,104.001393,30.706227,4
百仁农产品交易结算中心,life,生活服务;生活服务场所;生活服务场所,青羊区,103.99752,30.701585,1
一生缘养生馆,life,生活服务;洗浴推拿场所;洗浴推拿场所,金牛区,103.994282,30.706189,2
中国体育彩票,life,生活服务;彩票彩券销售点;彩票彩券销售点,金牛区,104.003989,30.706557,9
中国福利彩票,life,生活服务;彩票彩券销售点;彩票彩券销售点,金牛区,104.002293,30.708509,3
菜鸟驿站(礼尧药房),life,生活服务;生活服务场所;生活服务场所,青羊区,104.0028,30.70002,2
速递易,life,生活服务;物流速递;物流速递,金牛区,104.00055,30.708193,1
芙蓉花嫁婚庆,life,生活服务;生活服务场所;生活服务场所,金牛区,104.008771,30.704711,1
自动快递机,life,生活服务;生活服务场所;生活服务场所,金牛区,104.007108,30.704212,1
按摩理疗,life,生活服务;生活服务场所;生活服务场所,金牛区,104.00749,30.700422,19
指影,life,生活服务;美容美发店;美容美发店,金牛区,104.005521,30.708892,21
垃圾收集点,life,生活服务;生活服务场所;生活服务场所,金牛区,104.00802,30.703004,1
合顺按摩,life,生活服务;洗浴推拿场所;洗浴推拿场所,金牛区,104.009696,30.700675,8
自行车租赁点(西三环路五段辅路),life,生活服务;生活服务场所;生活服务场所,金牛区,104.011383,30.707071,1
天府通(茶店子服务点),life,生活服务;生活服务场所;生活服务场所,金牛区,104.009298,30.708259,1
茶店子客运站小件快运,life,生活服务;物流速递;物流速递,金牛区,104.011952,30.707905,2
易灸养生馆,life,生活服务;美容美发店;美容美发店,青羊区,104.004992,30.700087,9
新时尚美发,life,生活服务;美容美发店;美容美发店,金牛区,104.018464,30.705296,22
皮鞋美容店,life,生活服务;生活服务场所;生活服务场所,金牛区,104.019384,30.702484,6
独品,life,生活服务;美容美发店;美容美发店,金牛区,104.01733,30.702205,4
柯达彩色,life,生活服务;生活服务场所;生活服务场所,金牛区,104.021937,30.704024,16
湘川图文快印,life,生活服务;生活服务场所;生活服务场所,金牛区,104.014586,30.703365,2
酒都物流,life,生活服务;物流速递;物流速递,金牛区,104.020074,30.708554,8
刻章机票,life,生活服务;生活服务场所;生活服务场所,金牛区,104.022773,30.700942,12
自行车租赁点(金牛山庄西),life,生活服务;生活服务场所;生活服务场所,金牛区,104.016988,30.709204,1
长虹空调客户服务中心(维达-金牛店),life,生活服务;维修站点;维修站点,金牛区,104.030274,30.703674,1
茶店社区便民服务站,life,生活服务;生活服务场所;生活服务场所,金牛区,104.03113,30.705622,2
德邦(茶店子路),life,生活服务;物流速递;物流速递,金牛区,104.024802,30.702779,2
华讯广告(花照壁东街),life,生活服务;生活服务场所;生活服务场所,金牛区,104.028677,30.70854,1
黛颜韩式半永久,life,生活服务;生活服务场所;生活服务场所,金牛区,104.032838,30.706315,1
幸福婚庆花艺30店,life,生活服务;生活服务场所;生活服务场所,金牛区,104.03353,30.704618,5
贵丽美发室,life,生活服务;美容美发店;美容美发店,金牛区,104.025807,30.701032,1
雅尚美,life,生活服务;美容美发店;美容美发店,金牛区,104.025195,30.700039,11
小谢专业美发,life,生活服务;美容美发店;美容美发店,金牛区,104.031639,30.709001,4
三单元丰巢快递柜,life,生活服务;生活服务场所;生活服务场所,金牛区,104.032443,30.7034,1
陈晨,life,生活服务;生活服务场所;生活服务场所,金牛区,104.036101,30.700044,9
申通快递(成都大学金牛校区存放点),life,生活服务;物流速递;物流速递,金牛区,104.034673,30.70061,1
交大快递,life,生活服务;物流速递;物流速递,金牛区,104.049429,30.703758,32
星星打印店,life,生活服务;生活服务场所;生活服务场所,金牛区,104.051842,30.702592,6
扬华斋物管客户服务中心,life,生活服务;生活服务场所;生活服务场所,金牛区,104.050496,30.701506,1
锦西民园物业服务中心,life,生活服务;生活服务场所;生活服务场所,金牛区,104.045915,30.707637,1
西南交大旅行社(西门店),life,生活服务;旅行社;旅行社,金牛区,104.048565,30.700546,1
西南交通大学九里校区自学考试学习服务中心,life,生活服务;生活服务场所;生活服务场所,金牛区,104.050017,30.699695,1
交大通信,life,购物服务;家电电子卖场;手机销售|生活服务;生活服务场所;生活服务场所,金牛区,104.048418,30.702313,1
钱钱美甲,life,生活服务;美容美发店;美容美发店,金牛区,104.059042,30.704048,1
夫妻缝补店,life,生活服务;生活服务场所;生活服务场所,金牛区,104.061154,30.700872,3
捷翔货运,life,生活服务;物流速递;物流速递,金牛区,104.060067,30.698356,41
川豪,life,生活服务;物流速递;物流速递,成华区,104.069593,30.701045,2
昕尚,life,生活服务;美容美发店;美容美发店,金牛区,104.07827,30.688002,2658
广告打印,life,生活服务;生活服务场所;生活服务场所,金牛区,104.064095,30.697522,24
成泰物流(北星大道),life,生活服务;物流速递;物流速递,成华区,104.077623,30.706273,1
义乌市永兴托运处,life,生活服务;物流速递;物流速递,成华区,104.076923,30.707617,1
艺点,life,生活服务;美容美发店;美容美发店,成华区,104.088567,30.705554,4
妍言纹绣,life,生活服务;生活服务场所;生活服务场所,成华区,104.089819,30.702863,6
中国福利彩票,life,生活服务;彩票彩券销售点;彩票彩券销售点,成华区,104.085848,30.702852,7
李纹水业有限公司,life,生活服务;生活服务场所;生活服务场所,成华区,104.086031,30.705606,1
美丽一生美容美体养生馆,life,生活服务;美容美发店;美容美发店,成华区,104.08628,30.701651,2
美甲连锁沙龙,life,生活服务;生活服务场所;生活服务场所,成华区,104.092817,30.701966,5
速递易,life,生活服务;物流速递;物流速递,成华区,104.088743,30.708799,2
星耀天都营销中心,life,生活服务;生活服务场所;生活服务场所,成华区,104.093456,30.703333,1
汇美韩式半永久美颜工作室,life,生活服务;美容美发店;美容美发店,成华区,104.095919,30.704868,1
桃李面包(成华区配送中心),life,生活服务;物流速递;物流速递|餐饮服务;糕饼店;糕饼店,成华区,104.098418,30.702903,1
千艺美业,life,生活服务;美容美发店;美容美发店,成华区,104.099784,30.701268,74
简创,life,生活服务;美容美发店;美容美发店,成华区,104.10608,30.702866,119
法狮龙四川营销中心,life,生活服务;生活服务场所;生活服务场所,成华区,104.095452,30.706615,1
昭觉寺车站货运部,life,生活服务;物流速递;物流速递,成华区,104.101556,30.7069,2
IC卡办理点,life,生活服务;生活服务场所;生活服务场所,成华区,104.100894,30.707837,1
仁义路便民服务点,life,生活服务;生活服务场所;生活服务场所,成华区,104.094027,30.701963,1
腾龙广告印务,life,生活服务;生活服务场所;生活服务场所,成华区,104.097989,30.708741,1
取名堂,life,购物服务;专卖店;专营店|生活服务;生活服务场所;生活服务场所,成华区,104.103641,30.706973,9
千妍女子美容院,life,生活服务;生活服务场所;生活服务场所,成华区,104.09379,30.700489,5
中国电信(青龙场营业厅),life,生活服务;电讯营业厅;中国电信营业厅,成华区,104.09965,30.705767,1
小张按摩,life,生活服务;洗浴推拿场所;洗浴推拿场所,成华区,104.110045,30.704765,42
木兰烫染,life,生活服务;美容美发店;美容美发店,成华区,104.112174,30.70135,18
淑懈,life,生活服务;洗浴推拿场所;洗浴推拿场所,成华区,104.112858,30.70405,6
海尔星级服务中心,life,生活服务;维修站点;维修站点,成华区,104.107021,30.700134,2
微美塑形美容公司,life,生活服务;生活服务场所;生活服务场所,成华区,104.112603,30.707152,1
兴宇复印,life,生活服务;生活服务场所;生活服务场所,成华区,104.117643,30.706365,5
李氏发艺,life,生活服务;美容美发店;美容美发店,成华区,104.121631,30.703758,4
华安驾校报名点,life,生活服务;生活服务场所;生活服务场所,成华区,104.115477,30.703103,1
三苏矿泉(青龙场水站),life,生活服务;生活服务场所;生活服务场所,成华区,104.115255,30.706489,1
青少年维权岗联系点,life,生活服务;生活服务场所;生活服务场所,成华区,104.122199,30.706338,1
多彩专业发型,life,生活服务;美容美发店;美容美发店,成华区,104.121244,30.707732,2
邮政储物柜,life,生活服务;生活服务场所;生活服务场所,成华区,104.116196,30.708001,3
成华区昭青路社区再生资源回收站,life,生活服务;生活服务场所;生活服务场所,成华区,104.125298,30.701514,1
仙莉美容美发,life,生活服务;美容美发店;美容美发店,成华区,104.158792,30.704167,1
中国福利彩票,life,生活服务;彩票彩券销售点;彩票彩券销售点,成华区,104.159957,30.705311,3
金鑫印务,life,生活服务;生活服务场所;生活服务场所,成华区,104.162488,30.70406,16
菜鸟驿站,life,生活服务;物流速递;物流速递,成华区,104.156386,30.708964,4
中国邮政(龙潭寺邮政支局),life,生活服务;邮局;邮政速递,成华区,104.162803,30.708292,2
四川省中国青年旅行社,life,生活服务;旅行社;旅行社,成华区,104.157553,30.705003,1
飞灵丝,life,生活服务;美容美发店;美容美发店,成华区,104.167122,30.703002,9
达特肯妮,life,生活服务;美容美发店;美容美发店,成华区,104.169854,30.702617,3
尚艺造型,life,生活服务;美容美发店;美容美发店,成华区,104.17095,30.703337,1
蓝剑水,life,生活服务;生活服务场所;生活服务场所,成华区,104.16511,30.705892,29
sister半永久,life,生活服务;美容美发店;美容美发店,成华区,104.170774,30.70204,1
风尚,life,生活服务;美容美发店;美容美发店,成华区,104.168679,30.698944,125
成华区龙潭街道隆兴路社区服务站,life,生活服务;生活服务场所;生活服务场所,成华区,104.168341,30.705521,2
中国福利彩票,life,生活服务;彩票彩券销售点;彩票彩券销售点,成华区,104.172735,30.705166,2
民思达售后站,life,生活服务;维修站点;维修站点,成华区,104.172348,30.706192,1
紫金美甲小屋,life,生活服务;生活服务场所;生活服务场所,成华区,104.172171,30.701534,2
龙潭街道同仁社区调解室,life,生活服务;生活服务场所;生活服务场所,成华区,104.17333,30.702674,1
百领造型(龙潭寺唯美沙宣店),life,生活服务;生活服务场所;生活服务场所,成华区,104.172198,30.69955,1
成都城嘉物流有限公司,life,生活服务;物流速递;物流速递,成华区,104.180796,30.704822,1
韩氏推拿按摩,life,生活服务;洗浴推拿场所;洗浴推拿场所,成华区,104.17608,30.701052,1
城嘉物流,life,生活服务;物流速递;物流速递,成华区,104.176802,30.703106,3
四三七处营业大厅,life,生活服务;生活服务场所;生活服务场所,成华区,104.17521,30.703606,2
骥晟物流有限公司,life,生活服务;物流速递;物流速递,成华区,104.178223,30.702301,1
同仁社区失地农民再就业援助基地,life,生活服务;生活服务场所;生活服务场所,成华区,104.177975,30.708784,1
广艺发型,life,生活服务;美容美发店;美容美发店,青羊区,103.970696,30.695632,42
安然汗蒸养生馆,life,生活服务;洗浴推拿场所;洗浴推拿场所,青羊区,103.967226,30.692994,1
金银加工,life,生活服务;生活服务场所;生活服务场所,青羊区,103.96864,30.696803,2
倍美,life,生活服务;美容美发店;美容美发店,青羊区,103.965101,30.694432,35
槟花,life,生活服务;生活服务场所;生活服务场所,青羊区,103.96643,30.697805,17
灵感,life,生活服务;美容美发店;美容美发店,青羊区,103.97201,30.691521,23
名都造型,life,生活服务;美容美发店;美容美发店,青羊区,103.964551,30.696638,1
清新家政服务部,life,生活服务;生活服务场所;生活服务场所,青羊区,103.973616,30.691841,1
中国电信(成都新航黄田坝社区),life,生活服务;生活服务场所;生活服务场所,青羊区,103.971027,30.699495,1
四川航空爱老之家养老服务有限公司(清江苑店),life,生活服务;生活服务场所;生活服务场所,青羊区,103.9737,30.690786,1
新居工程,life,生活服务;生活服务场所;生活服务场所,青羊区,103.982206,30.692062,10
五星塑型,life,生活服务;美容美发店;美容美发店,青羊区,103.975259,30.693197,3
交安驾校报名处(金辉路),life,生活服务;生活服务场所;生活服务场所,青羊区,103.976086,30.697461,1
苏黄液化气配送点,life,生活服务;生活服务场所;生活服务场所,青羊区,103.97455,30.695522,1
顺鑫租赁(清河路),life,生活服务;生活服务场所;生活服务场所,青羊区,103.974313,30.697848,1
中国体育彩票,life,生活服务;彩票彩券销售点;彩票彩券销售点,青羊区,103.982992,30.689838,2
中国体育彩票,life,生活服务;彩票彩券销售点;彩票彩券销售点,青羊区,103.990199,30.689864,3
蓝剑(外金沙店),life,购物服务;专卖店;专营店|生活服务;生活服务场所;生活服务场所,青羊区,103.985686,30.693374,1
富锦堂装饰,life,生活服务;生活服务场所;生活服务场所,青羊区,103.984543,30.693105,4
青羊苏坡供电客户服务部,life,生活服务;生活服务场所;生活服务场所,青羊区,103.99667,30.691353,1
精工皮具护理,life,生活服务;生活服务场所;生活服务场所,青羊区,104.00424,30.694208,12
谷森造型,life,生活服务;美容美发店;美容美发店,青羊区,104.003243,30.692215,10
全兴水业(黄苑街),life,生活服务;生活服务场所;生活服务场所,青羊区,104.00022,30.694315,1
妩媚按摩,life,生活服务;洗浴推拿场所;洗浴推拿场所,金牛区,104.010045,30.692779,63
贝娜妃莎,life,生活服务;生活服务场所;生活服务场所,青羊区,104.007482,30.696202,1
成都洗衣婆,life,生活服务;洗衣店;洗衣店,青羊区,104.006202,30.690839,18
垃圾集中收集点,life,生活服务;生活服务场所;生活服务场所,金牛区,104.008239,30.69751,1
脊柱梳理,life,生活服务;生活服务场所;生活服务场所,金牛区,104.008259,30.69027,14
菜鸟驿站(链家欧韵店612000204),life,生活服务;物流速递;物流速递,青羊区,104.005682,30.696884,1
海光家居摄影,life,生活服务;摄影冲印店;摄影冲印,青羊区,104.005344,30.69157,3
指依恋,life,生活服务;美容美发店;美容美发店,金牛区,104.013795,30.687827,37
水漾年华,life,生活服务;洗浴推拿场所;洗浴推拿场所,金牛区,104.020004,30.693196,10
TD造型,life,生活服务;美容美发店;美容美发店,金牛区,104.02319,30.696834,61
常润足道,life,生活服务;洗浴推拿场所;洗浴推拿场所,金牛区,104.022888,30.691528,10
丸美素肌美人诞生馆(星河街店),life,生活服务;美容美发店;美容美发店,金牛区,104.015556,30.68952,1
金德,life,生活服务;美容美发店;美容美发店,金牛区,104.029246,30.694301,20
福寿园,life,生活服务;生活服务场所;生活服务场所,金牛区,104.031076,30.696617,32
中国体育彩票,life,生活服务;彩票彩券销售点;彩票彩券销售点,金牛区,104.032399,30.695097,3
四川路标律师事务所,life,生活服务;生活服务场所;生活服务场所,金牛区,104.025601,30.692051,1
金哑铃美容健身会所(西城公馆店),life,生活服务;生活服务场所;生活服务场所,金牛区,104.026569,30.698433,1
爱氏康音律能量养生馆(中亚店),life,生活服务;美容美发店;美容美发店,金牛区,104.024856,30.691074,1
中国体育彩票,life,生活服务;彩票彩券销售点;彩票彩券销售点,金牛区,104.023655,30.694606,1
川妹子家政抚琴街道金沙路社区网点,life,生活服务;生活服务场所;生活服务场所,金牛区,104.041484,30.694109,1
168广告印务,life,生活服务;生活服务场所;生活服务场所,金牛区,104.03474,30.694027,1
蓝光天然矿泉水,life,生活服务;生活服务场所;生活服务场所,金牛区,104.040767,30.691228,1
阿清美容瘦身馆,life,生活服务;美容美发店;美容美发店,金牛区,104.053252,30.693607,3
欣洋装饰,life,生活服务;生活服务场所;生活服务场所,金牛区,104.058886,30.695096,1
嘉阳创美,life,生活服务;生活服务场所;生活服务场所,金牛区,104.058794,30.693636,1
明信装饰,life,生活服务;生活服务场所;生活服务场所,金牛区,104.060053,30.693198,4
生生装饰,life,生活服务;生活服务场所;生活服务场所,金牛区,104.060147,30.696427,2
神采芸玻,life,生活服务;生活服务场所;生活服务场所,金牛区,104.061425,30.694464,1
华华食品包装,life,生活服务;生活服务场所;生活服务场所,金牛区,104.062003,30.696847,1
FJ造型(交大店),life,生活服务;美容美发店;美容美发店,金牛区,104.055035,30.699342,1
时尚经典,life,生活服务;摄影冲印店;摄影冲印,金牛区,104.06181,30.693581,1
茵子美容,life,生活服务;美容美发店;美容美发店,金牛区,104.068894,30.690934,13
建波货运部,life,生活服务;生活服务场所;生活服务场所,金牛区,104.065119,30.694418,1
姐妹美发,life,生活服务;美容美发店;美容美发店,金牛区,104.066179,30.691231,1
自然美,life,生活服务;美容美发店;美容美发店,金牛区,104.076311,30.694263,1
彩足熊,life,生活服务;生活服务场所;生活服务场所,金牛区,104.075933,30.695713,3
艾爵安可售后服务,life,生活服务;生活服务场所;生活服务场所,金牛区,104.079532,30.697428,1
美仑广告,life,生活服务;生活服务场所;生活服务场所,金牛区,104.087005,30.696434,10
新壳装饰空间,life,生活服务;生活服务场所;生活服务场所,金牛区,104.086785,30.695156,4
型·秀,life,生活服务;美容美发店;美容美发店,成华区,104.093695,30.693687,69
蓝剑,life,生活服务;生活服务场所;生活服务场所,成华区,104.091828,30.698086,17
中国福利彩票,life,生活服务;彩票彩券销售点;彩票彩券销售点,成华区,104.092793,30.691057,9
菜鸟驿站(芙蓉华庭6号院速递易),life,生活服务;生活服务场所;生活服务场所,金牛区,104.083583,30.699124,1
成都市汽车运输(集团)公司第九分公司仓储部,life,生活服务;物流速递;物流仓储场地,成华区,104.100426,30.69769,1
海都物流,life,生活服务;生活服务场所;生活服务场所,成华区,104.097303,30.689214,14
成华区白铁加工部,life,生活服务;生活服务场所;生活服务场所,成华区,104.096903,30.698161,1
卓益广告,life,生活服务;生活服务场所;生活服务场所,成华区,104.102397,30.697332,3
沃特水业配送中心,life,生活服务;生活服务场所;生活服务场所,成华区,104.094991,30.697627,2
鑫荣和,life,生活服务;生活服务场所;生活服务场所,成华区,104.103451,30.693506,2
府青路街道养老服务中心,life,生活服务;生活服务场所;生活服务场所,成华区,104.093764,30.696915,1
美之,life,生活服务;美容美发店;美容美发店,成华区,104.107301,30.68669,587
富足怡生,life,生活服务;洗浴推拿场所;洗浴推拿场所,成华区,104.09511,30.689488,2
鑫春美发,life,生活服务;美容美发店;美容美发店,成华区,104.112722,30.691705,46
养生石疗汗蒸馆,life,生活服务;生活服务场所;生活服务场所,成华区,104.107878,30.692904,1
四川省大件运输公司装卸分公司,life,生活服务;物流速递;物流速递,成华区,104.110401,30.695021,1
废品收购废旧拆除,life,生活服务;生活服务场所;生活服务场所,成华区,104.106524,30.696028,2
鑫盛不锈钢制作,life,生活服务;生活服务场所;生活服务场所,成华区,104.10526,30.694815,2
盛达配送,life,生活服务;生活服务场所;生活服务场所,成华区,104.104061,30.695875,1
四川省有线广播电视网络股份有限公司成都成华分公司,life,生活服务;生活服务场所;生活服务场所,成华区,104.104336,30.692217,1
蓝桦养生馆,life,生活服务;洗浴推拿场所;洗浴推拿场所,成华区,104.104096,30.697473,1
魏姐理发店,life,生活服务;美容美发店;美容美发店,成华区,104.10386,30.698528,1
方科发艺,life,生活服务;美容美发店;美容美发店,成华区,104.116909,30.694966,2
成都铁路华飞贸易总公司储运公司,life,生活服务;物流速递;物流速递,成华区,104.118904,30.696237,1
中铁二局物流公司,life,生活服务;物流速递;物流速递,成华区,104.121272,30.693862,3
万事泰物流,life,生活服务;物流速递;物流速递,成华区,104.11835,30.691842,3
中铁物流,life,生活服务;物流速递;物流速递,成华区,104.117751,30.690531,1
中国中铁二局集团物资有限公司(成都分公司),life,公司企业;公司;公司|生活服务;物流速递;物流速递,成华区,104.120209,30.693023,1
中国移动,life,生活服务;电讯营业厅;电讯营业厅,成华区,104.124046,30.694452,2
恒丰公司配送中心,life,生活服务;物流速递;物流速递,成华区,104.125588,30.690162,1
成华区圣灯街道人民塘社区服务站,life,生活服务;生活服务场所;生活服务场所,成华区,104.141958,30.697449,2
机车厂游泳池售票处,life,生活服务;售票处;售票处,成华区,104.140438,30.690271,1
匠人组合Builders Hair,life,生活服务;美容美发店;美容美发店,成华区,104.141122,30.691173,1
剪美造型,life,生活服务;美容美发店;美容美发店,成华区,104.137172,30.69087,1
南京远方物流集团有限公司成都仓储配送中心,life,生活服务;生活服务场所;生活服务场所,成华区,104.139989,30.69615,1
金龙山公墓,life,生活服务;生活服务场所;生活服务场所,成华区,104.144436,30.691491,2
收废品,life,生活服务;生活服务场所;生活服务场所,成华区,104.147631,30.689106,9
四川特约技术服务中心,life,生活服务;生活服务场所;生活服务场所,成华区,104.157724,30.695599,1
伊莱克斯授权客户服务中心,life,生活服务;生活服务场所;生活服务场所,成华区,104.156774,30.69482,1
通达配送,life,生活服务;物流速递;物流速递,成华区,104.154087,30.694868,5
奔驰售后,life,生活服务;生活服务场所;生活服务场所,成华区,104.161346,30.691785,1
居家福地客服中心,life,生活服务;生活服务场所;生活服务场所,成华区,104.162608,30.695892,1
浪波湾(龙潭立交店),life,生活服务;美容美发店;美容美发店,成华区,104.159716,30.698985,1
美格烫染造型,life,生活服务;美容美发店;美容美发店,成华区,104.161871,30.698943,6
睿翼广告,life,生活服务;生活服务场所;生活服务场所,成华区,104.163452,30.69927,2
成都郭新新建筑空间摄影,life,生活服务;摄影冲印店;摄影冲印,成华区,104.159566,30.697417,1
成都市华森物流有限公司,life,生活服务;物流速递;物流速递,成华区,104.167884,30.69515,1
新华文轩出版传媒股份有限公司(出版物流分中心),life,生活服务;物流速递;物流速递,成华区,104.166813,30.695434,1
友谊修鞋美鞋店,life,生活服务;生活服务场所;生活服务场所,成华区,104.165045,30.697744,4
花雨林养生馆,life,生活服务;生活服务场所;生活服务场所,成华区,104.166516,30.696516,1
中国电信(龙潭寺营业厅),life,生活服务;电讯营业厅;中国电信营业厅,成华区,104.164844,30.694188,2
中国福利彩票,life,生活服务;彩票彩券销售点;彩票彩券销售点,成华区,104.164595,30.695557,3
小君美甲美睫,life,生活服务;生活服务场所;生活服务场所,成华区,104.176252,30.696773,2
四川国储物流股份有限公司,life,生活服务;物流速递;物流速递,成华区,104.18189,30.695311,1
安华置业,life,生活服务;生活服务场所;生活服务场所,成华区,104.181404,30.689131,4
成都豪万居装饰工程有限公司,life,生活服务;生活服务场所;生活服务场所,成华区,104.174373,30.691735,2
梦幻国度,life,生活服务;美容美发店;美容美发店,成华区,104.174664,30.696822,1
四川辉腾建筑劳务有限公司,life,生活服务;人才市场;人才市场,青羊区,103.971464,30.686561,1
中国福利彩票,life,生活服务;彩票彩券销售点;彩票彩券销售点,青羊区,103.966188,30.681285,2
悦丽美颜馆,life,生活服务;生活服务场所;生活服务场所,青羊区,103.965763,30.680207,3
靓点石膏线装饰部,life,生活服务;生活服务场所;生活服务场所,青羊区,103.973084,30.688688,3
泛美国际,life,生活服务;美容美发店;美容美发店,青羊区,103.973587,30.682365,1
美尔美发连锁,life,生活服务;美容美发店;美容美发店,青羊区,103.97364,30.68505,1
司南文辉专业电瓶,life,生活服务;维修站点;维修站点|购物服务;专卖店;专营店,青羊区,103.973932,30.679986,2
阿龙摄影室,life,生活服务;生活服务场所;生活服务场所,青羊区,103.975726,30.683765,6
速递易(翠微清波一期A10),life,生活服务;物流速递;物流速递,青羊区,103.980182,30.684852,2
家美莱装饰,life,生活服务;生活服务场所;生活服务场所,青羊区,103.976121,30.685461,2
杨洲修脚,life,生活服务;洗浴推拿场所;洗浴推拿场所,青羊区,103.983873,30.680095,84
个理发店,life,生活服务;生活服务场所;生活服务场所,青羊区,103.9768,30.680992,3
美之源,life,生活服务;美容美发店;美容美发店,青羊区,103.982634,30.687757,13
成都西车站货运营业厅,life,生活服务;物流速递;物流速递,青羊区,103.977942,30.686736,1
蓝光矿泉水(金辉路),life,生活服务;生活服务场所;生活服务场所,青羊区,103.981485,30.685862,1
成都市青羊区金正机械加工部,life,生活服务;生活服务场所;生活服务场所,青羊区,103.979747,30.688182,1
瑞新房产,life,生活服务;生活服务场所;生活服务场所,青羊区,103.974922,30.682244,5
韩尔适纳米汗蒸养生馆(清水路苑店),life,生活服务;洗浴推拿场所;洗浴推拿场所,青羊区,103.974014,30.683973,1
阳光物流,life,生活服务;物流速递;物流速递,青羊区,103.974898,30.688572,2
中国移动(清百路服务厅),life,生活服务;电讯营业厅;中国移动营业厅,青羊区,103.983293,30.685918,1
苏西货站,life,生活服务;生活服务场所;生活服务场所,青羊区,103.977091,30.683767,1
香槟花舍,life,生活服务;生活服务场所;生活服务场所,青羊区,103.990222,30.684797,27
美尚米兰,life,生活服务;美容美发店;美容美发店,青羊区,103.990361,30.686762,3
丝艺(金辉路),life,生活服务;美容美发店;美容美发店,青羊区,103.98962,30.681976,1
nails4you美甲工作室,life,生活服务;美容美发店;美容美发店,青羊区,103.993205,30.685728,1
衡道堂艾灸馆,life,生活服务;洗浴推拿场所;洗浴推拿场所,青羊区,103.988841,30.689027,9
沐喜,life,生活服务;洗浴推拿场所;洗浴推拿场所,青羊区,103.998953,30.67234,757
金悦湾客服中心,life,生活服务;生活服务场所;生活服务场所,青羊区,103.993333,30.689191,1
西映金沙速易递,life,生活服务;生活服务场所;生活服务场所,青羊区,103.989979,30.682966,2
春风理发馆,life,生活服务;美容美发店;美容美发店,青羊区,104.00002,30.684137,1
雨黠,life,生活服务;美容美发店;美容美发店,青羊区,103.998427,30.686125,9
瑞婴健康,life,生活服务;美容美发店;美容美发店,青羊区,103.999537,30.682792,2
合能地产,life,生活服务;生活服务场所;生活服务场所,青羊区,104.001148,30.686384,21
其妙,life,生活服务;洗浴推拿场所;洗浴推拿场所,青羊区,104.004666,30.680127,211
水莲缘,life,生活服务;洗浴推拿场所;洗浴推拿场所,青羊区,103.995625,30.685815,9
四川广电网络(金沙营业厅),life,生活服务;生活服务场所;生活服务场所,青羊区,104.002867,30.686654,1
艺美奇美容养生,life,生活服务;洗浴推拿场所;洗浴推拿场所,青羊区,104.004922,30.683788,2
扬州修足,life,生活服务;生活服务场所;生活服务场所,青羊区,104.00706,30.685608,2
唐朝广告,life,生活服务;生活服务场所;生活服务场所,青羊区,104.008488,30.681686,2
纤韵养生美容馆,life,生活服务;美容美发店;美容美发店,金牛区,104.009409,30.688287,5
馨庐SPA(美之露金凤店),life,生活服务;洗浴推拿场所;洗浴推拿场所,青羊区,104.008189,30.685779,1
金沙元年游客服务中心,life,生活服务;生活服务场所;生活服务场所,青羊区,104.007521,30.68255,1
社区志愿服务站,life,生活服务;生活服务场所;生活服务场所,青羊区,104.005394,30.686361,3
雨花石足道,life,生活服务;洗浴推拿场所;洗浴推拿场所,青羊区,104.014834,30.682677,21
鑫湖会,life,生活服务;洗浴推拿场所;洗浴推拿场所,青羊区,104.009659,30.680559,1
锦鑫浴足,life,生活服务;洗浴推拿场所;洗浴推拿场所,青羊区,104.00386,30.684331,1
瑞影数码影像工作室,life,生活服务;生活服务场所;生活服务场所,青羊区,104.012098,30.680902,1
菜鸟驿站(雍锦湾速递易),life,生活服务;生活服务场所;生活服务场所,金牛区,104.005145,30.688579,1
资秋田美容会馆,life,生活服务;美容美发店;美容美发店,青羊区,104.018306,30.682415,1
金邦通讯,life,生活服务;维修站点;维修站点,青羊区,104.01457,30.680758,6
宏运家电电脑维修部,life,生活服务;维修站点;维修站点,金牛区,104.03329,30.682728,1
圆通速递(马河湾13号院东南),life,生活服务;物流速递;物流速递,金牛区,104.048851,30.684247,1
唯艺,life,生活服务;生活服务场所;生活服务场所,金牛区,104.050222,30.684801,8
流动人口信息采集点,life,生活服务;生活服务场所;生活服务场所,金牛区,104.04969,30.682929,1
飞象广告,life,生活服务;生活服务场所;生活服务场所,金牛区,104.05286,30.684346,2
小赵美发,life,生活服务;美容美发店;美容美发店,金牛区,104.056728,30.683986,2
中铁八局同新房地产开发有限公司客户服务中心,life,生活服务;生活服务场所;生活服务场所,金牛区,104.059297,30.686644,1
奕開锁,life,生活服务;维修站点;维修站点,青羊区,104.059844,30.682061,1
艾帮开锁,life,生活服务;生活服务场所;生活服务场所,青羊区,104.05966,30.681131,3
秀颜养生,life,生活服务;生活服务场所;生活服务场所,金牛区,104.054876,30.686136,5
如意发艺,life,生活服务;美容美发店;美容美发店,金牛区,104.071706,30.685797,1
藏药泡脚,life,生活服务;洗浴推拿场所;洗浴推拿场所,青羊区,104.065694,30.681891,3
如是堂,life,生活服务;美容美发店;美容美发店,成华区,104.098088,30.685066,36
infinity∞韩式半永久工作室,life,生活服务;生活服务场所;生活服务场所,成华区,104.100086,30.685111,1
匠人制作,life,生活服务;美容美发店;美容美发店,成华区,104.098117,30.68058,18
成华区出入境接待中心,life,生活服务;生活服务场所;生活服务场所,成华区,104.095834,30.68153,2
精修各种电动车,life,生活服务;生活服务场所;生活服务场所,成华区,104.099744,30.68049,2
快递取件点,life,生活服务;生活服务场所;生活服务场所,成华区,104.09655,30.680581,2
电子科技大学沙河校区学生浴室,life,生活服务;洗浴推拿场所;洗浴推拿场所,成华区,104.094866,30.679971,1
一品足轩,life,生活服务;洗浴推拿场所;洗浴推拿场所,成华区,104.108525,30.681186,32
宝泰家园物业中心,life,生活服务;生活服务场所;生活服务场所,成华区,104.113375,30.688923,2
成都燃气(成华服务中心),life,生活服务;生活服务场所;生活服务场所,成华区,104.119935,30.68389,1
天天艺剪,life,生活服务;美容美发店;美容美发店,成华区,104.120961,30.682523,15
永大,life,生活服务;生活服务场所;生活服务场所,成华区,104.119165,30.686781,88
收费结算中心,life,生活服务;生活服务场所;生活服务场所,成华区,104.117179,30.68673,2
成华区无语按摩店,life,生活服务;洗浴推拿场所;洗浴推拿场所,成华区,104.121238,30.681193,3
名扬摄影,life,生活服务;摄影冲印店;摄影冲印,成华区,104.127526,30.685315,10
理发店,life,生活服务;美容美发店;美容美发店,成华区,104.125042,30.683587,20
发发哒,life,生活服务;美容美发店;美容美发店,成华区,104.1329,30.68176,23
邹师理疗盲人按摩,life,生活服务;洗浴推拿场所;洗浴推拿场所,成华区,104.129885,30.683656,2
宏远驾校报名点,life,生活服务;生活服务场所;生活服务场所,成华区,104.128742,30.687106,6
惠鑫隆装饰工程部,life,生活服务;生活服务场所;生活服务场所,成华区,104.131075,30.683085,1
龙欣机电加工,life,生活服务;生活服务场所;生活服务场所,成华区,104.126157,30.6819,2
成都韵达二仙桥公司,life,生活服务;物流速递;物流速递,成华区,104.129481,30.688155,1
华新水利电力物资有限公司储运分公司,life,生活服务;物流速递;物流速递,成华区,104.124874,30.681478,2
龙瑶文氏物流,life,生活服务;物流速递;物流速递,成华区,104.128754,30.679102,5
千纤丝语,life,生活服务;美容美发店;美容美发店,成华区,104.138852,30.684508,35
平娃理发,life,生活服务;美容美发店;美容美发店,成华区,104.136569,30.682123,90
韵达快递(东华三路),life,生活服务;物流速递;物流速递,成华区,104.141132,30.685846,2
电动车维修,life,生活服务;生活服务场所;生活服务场所,成华区,104.142127,30.682303,3
漆氏车行,life,生活服务;维修站点;维修站点,成华区,104.134348,30.686556,7
百世快递,life,生活服务;物流速递;物流速递,成华区,104.139049,30.688678,3
速递易,life,生活服务;生活服务场所;生活服务场所,成华区,104.150704,30.684166,13
澳思塔,life,生活服务;洗衣店;洗衣店,成华区,104.153072,30.684067,1
成都理工大学校园卡自助服务区,life,生活服务;生活服务场所;生活服务场所,成华区,104.152164,30.679639,1
精创,life,生活服务;美容美发店;美容美发店,成华区,104.144731,30.679183,17
美立方便民服务中心,life,生活服务;生活服务场所;生活服务场所,成华区,104.156862,30.686602,8
中国烟草成都诚至诚商务物流有限责任公司,life,生活服务;物流速递;物流速递,成华区,104.160778,30.686499,1
五菱售后,life,生活服务;生活服务场所;生活服务场所,成华区,104.162464,30.685312,4
成都欣华欣物流有限公司,life,生活服务;物流速递;物流速递,成华区,104.162596,30.684133,1
玉柴机器特约维修服务中心,life,生活服务;生活服务场所;生活服务场所,成华区,104.163308,30.682833,10
众泰售后服务,life,生活服务;维修站点;维修站点,成华区,104.162402,30.689291,1
成都海外旅游,life,生活服务;旅行社;旅行社,成华区,104.156128,30.685425,1
诚志诚烟草物流配送中心,life,生活服务;生活服务场所;生活服务场所,成华区,104.1606,30.687932,1
济南柴油机股份有限公司四川重庆地区特约维修服务站,life,生活服务;维修站点;维修站点,成华区,104.168445,30.68484,1
运成物流,life,生活服务;物流速递;物流速递,成华区,104.170534,30.687471,2
百强实业公司储运部,life,生活服务;生活服务场所;生活服务场所,成华区,104.169059,30.68802,2
明嘉标志上户中心,life,生活服务;生活服务场所;生活服务场所,成华区,104.169591,30.684885,1
圆通速递(成济路),life,生活服务;物流速递;物流仓储场地,成华区,104.166624,30.687788,1
海尔维修部,life,生活服务;生活服务场所;生活服务场所,成华区,104.173324,30.687646,1
米兰印象,life,生活服务;生活服务场所;生活服务场所,成华区,104.174531,30.684772,1
四川君源物流有限公司,life,生活服务;物流速递;物流速递,成华区,104.179482,30.688522,1
斯曼养生美容美体(心灵家园店),life,生活服务;美容美发店;美容美发店,青羊区,103.968879,30.672983,1
广辉皮具美容(光华东三路),life,生活服务;生活服务场所;生活服务场所,青羊区,103.969072,30.674394,2
牧童房屋,life,生活服务;生活服务场所;生活服务场所,青羊区,103.971211,30.674081,5
侨侨保健,life,生活服务;生活服务场所;生活服务场所,青羊区,103.966935,30.676119,3
新风尚,life,生活服务;美容美发店;美容美发店,青羊区,103.967218,30.672884,10
吉祥发艺,life,生活服务;美容美发店;美容美发店,青羊区,103.968055,30.677316,3
安益,life,生活服务;洗浴推拿场所;洗浴推拿场所,青羊区,103.972055,30.672432,33
爱洗衣店,life,生活服务;生活服务场所;生活服务场所,青羊区,103.964858,30.673149,22
花语城物业客服中心,life,生活服务;生活服务场所;生活服务场所,青羊区,103.965926,30.675385,1
栎脉达光华第二服务部,life,生活服务;生活服务场所;生活服务场所,青羊区,103.965698,30.677724,1
金阳投递,life,生活服务;生活服务场所;生活服务场所,青羊区,103.964237,30.675325,1
菜鸟驿站(清溪雅筑8栋2单元104扫码送欧莱雅),life,生活服务;物流速递;物流速递,青羊区,103.971358,30.670568,1
岷皓劳务,life,生活服务;生活服务场所;生活服务场所,青羊区,103.972012,30.678418,3
清江美庐小区邮局,life,生活服务;生活服务场所;生活服务场所,青羊区,103.966537,30.678882,1
菜鸟驿站(百世邻里清溪雅筑),life,生活服务;物流速递;物流速递,青羊区,103.973122,30.670793,1
中国电信(培风路创威营业厅),life,生活服务;电讯营业厅;中国电信营业厅,青羊区,103.973381,30.673631,1
魔发室,life,生活服务;美容美发店;美容美发店,青羊区,103.976369,30.673948,23
明辉,life,生活服务;美容美发店;美容美发店,青羊区,103.982121,30.673477,50
丽发美发,life,生活服务;美容美发店;美容美发店,青羊区,103.979815,30.672027,1
华力康广告,life,生活服务;生活服务场所;生活服务场所,青羊区,103.97775,30.671294,5
汽车电瓶车电瓶维修电瓶车,life,生活服务;生活服务场所;生活服务场所,青羊区,103.975525,30.676138,2
瑞倪维儿美容养生减肥中心,life,生活服务;美容美发店;美容美发店,青羊区,103.982084,30.671444,1
理发(精城水印阁西南),life,生活服务;美容美发店;美容美发店,青羊区,103.982111,30.677996,1
换电池电动车维修,life,生活服务;生活服务场所;生活服务场所,青羊区,103.985959,30.672269,5
格兰若美容美体馆,life,生活服务;美容美发店;美容美发店,青羊区,103.989533,30.670915,1
丽雅馨,life,生活服务;美容美发店;美容美发店,青羊区,103.987853,30.668145,70
甲妆爱美,life,生活服务;美容美发店;美容美发店,青羊区,103.993457,30.675705,1
行家地产机构,life,生活服务;生活服务场所;生活服务场所,青羊区,103.999531,30.673938,1
杨梅红私立美校,life,生活服务;美容美发店;美容美发店,青羊区,104.006463,30.673321,1
艾丽思婚礼,life,生活服务;生活服务场所;生活服务场所,青羊区,104.011489,30.674296,6
富桥保健,life,生活服务;洗浴推拿场所;洗浴推拿场所,青羊区,104.006962,30.670718,23
维修报修中心,life,生活服务;生活服务场所;生活服务场所,青羊区,104.005073,30.676323,2
心梦源,life,生活服务;洗浴推拿场所;洗浴推拿场所,青羊区,104.013305,30.673945,11
春季修身,life,生活服务;生活服务场所;生活服务场所,青羊区,104.005982,30.672171,1
招生咨询,life,生活服务;生活服务场所;生活服务场所,青羊区,104.011268,30.678569,3
凤凰国际,life,生活服务;生活服务场所;生活服务场所,青羊区,104.010821,30.669489,11
西南财经大学后勤服务总公司修缮服务中心维修部,life,生活服务;维修站点;维修站点,青羊区,104.010288,30.670858,1
四川省中国青年旅行社(国际社),life,生活服务;旅行社;旅行社,青羊区,104.01335,30.670219,1
中国移动通信(飞越店),life,购物服务;家电电子卖场;手机销售|生活服务;电讯营业厅;中国移动营业厅,青羊区,104.009577,30.674103,1
离退工作处,life,生活服务;生活服务场所;生活服务场所,青羊区,104.02108,30.672825,2
成鑫驾校招生点,life,生活服务;生活服务场所;生活服务场所,青羊区,104.014829,30.679247,1
环球国旅(锦花苑社区旅游服务中心),life,生活服务;旅行社;旅行社,青羊区,104.013989,30.678201,1
欣雨禾健康会所,life,生活服务;洗浴推拿场所;洗浴推拿场所,青羊区,104.027004,30.671893,2
龙翔旅游有限公司,life,生活服务;生活服务场所;生活服务场所,金牛区,104.033516,30.679317,1
鑫天彩广告有限公司,life,生活服务;生活服务场所;生活服务场所,金牛区,104.042565,30.675222,2
中国福利彩票,life,生活服务;彩票彩券销售点;彩票彩券销售点,金牛区,104.043578,30.674381,2
成都市第三人民医院锅炉房,life,生活服务;生活服务场所;生活服务场所,青羊区,104.059257,30.67151,3
成都市第三人民医院24小时服务中心,life,生活服务;生活服务场所;生活服务场所,青羊区,104.060614,30.670487,1
影立方艺术堂,life,生活服务;摄影冲印店;摄影冲印,金牛区,104.076096,30.678992,2
胡氏推拿,life,生活服务;洗浴推拿场所;洗浴推拿场所,成华区,104.090797,30.675963,28
鼎峰商业视觉,life,生活服务;生活服务场所;生活服务场所,金牛区,104.086221,30.673834,4
活水公园游客接待中心,life,生活服务;生活服务场所;生活服务场所,锦江区,104.088181,30.671345,1
发缘造型空间,life,生活服务;生活服务场所;生活服务场所,成华区,104.0942,30.679235,1
招商中央华城销售中心(建设南路),life,生活服务;生活服务场所;生活服务场所,成华区,104.111122,30.669362,2
鞋美姿,life,生活服务;生活服务场所;生活服务场所,成华区,104.12225,30.674854,65
小周缝纫,life,生活服务;生活服务场所;生活服务场所,成华区,104.118529,30.674923,1
容运营中心,life,生活服务;生活服务场所;生活服务场所,成华区,104.120338,30.672746,3
东郊记忆-游客中心,life,生活服务;生活服务场所;生活服务场所,成华区,104.118793,30.670736,3
屯子摄影,life,生活服务;生活服务场所;生活服务场所,成华区,104.121508,30.67081,1
成都公益组织服务园,life,生活服务;生活服务场所;生活服务场所,成华区,104.120253,30.669908,1
慧创意婚礼工作室,life,生活服务;生活服务场所;生活服务场所,成华区,104.123194,30.67696,2
印象美容,life,生活服务;美容美发店;美容美发店,成华区,104.119795,30.679136,1
途图影像馆,life,生活服务;生活服务场所;生活服务场所,成华区,104.116213,30.669778,3
成都和益劳务有限公司,life,生活服务;人才市场;人才市场,成华区,104.119837,30.676996,1
招商中央华城销售中心(杉板桥路),life,生活服务;生活服务场所;生活服务场所,成华区,104.129571,30.673126,1
吴师修车,life,生活服务;维修站点;维修站点,成华区,104.133651,30.676873,37
便民缝纫店,life,生活服务;生活服务场所;生活服务场所,成华区,104.129409,30.670825,2
十里配送(杉板桥路),life,生活服务;物流速递;物流速递,成华区,104.132796,30.673406,1
城市绿站,life,生活服务;生活服务场所;生活服务场所,成华区,104.130081,30.678689,7
全峰快递,life,生活服务;物流速递;物流速递,成华区,104.12665,30.669058,11
万科租售中心,life,生活服务;生活服务场所;生活服务场所,成华区,104.124548,30.672654,1
初旬生活馆,life,生活服务;美容美发店;美容美发店,成华区,104.141683,30.675222,1
乐多配送中心,life,生活服务;生活服务场所;生活服务场所,成华区,104.137683,30.672159,3
卢杨の店,life,生活服务;美容美发店;美容美发店,成华区,104.135198,30.673688,6
柠檬造型,life,生活服务;美容美发店;美容美发店,成华区,104.143019,30.675769,1
专业焊接,life,生活服务;生活服务场所;生活服务场所,成华区,104.134747,30.67047,17
环球美业造型室,life,生活服务;美容美发店;美容美发店,成华区,104.136163,30.669666,2
百世快递,life,生活服务;物流速递;物流速递,成华区,104.143291,30.677915,21
银杏树校园卡自助服务区,life,生活服务;生活服务场所;生活服务场所,成华区,104.141118,30.673027,3
成都理工大学女浴室,life,生活服务;洗浴推拿场所;洗浴推拿场所,成华区,104.138055,30.677558,12
怡东国际大酒店圣SPA,life,生活服务;洗浴推拿场所;洗浴推拿场所,成华区,104.136747,30.676182,6
成华区市政设施维护处,life,生活服务;生活服务场所;生活服务场所,成华区,104.140261,30.671351,1
交工驾校,life,生活服务;生活服务场所;生活服务场所,成华区,104.143985,30.673237,13
成都理工大学游泳场售票处,life,生活服务;售票处;售票处,成华区,104.136977,30.674767,1
成都理工大学就业指导中心招聘面试室,life,生活服务;人才市场;人才市场,成华区,104.137851,30.673327,1
成都理工大学浴室(长邻潭社区卫生站北),life,生活服务;洗浴推拿场所;洗浴推拿场所,成华区,104.146358,30.674844,2
学府理工水行,life,生活服务;生活服务场所;生活服务场所,成华区,104.14404,30.674653,2
圆通速递(长邻潭社区卫生站西),life,生活服务;物流速递;物流速递,成华区,104.143822,30.670865,1
华都燃气,life,生活服务;生活服务场所;生活服务场所,成华区,104.157235,30.671781,1
优速快递龙泉二部分公司,life,生活服务;物流速递;物流速递,成华区,104.163748,30.678697,3
时光美发精剪店,life,生活服务;美容美发店;美容美发店,青羊区,103.970558,30.664252,2
永红印务,life,生活服务;生活服务场所;生活服务场所,青羊区,103.968148,30.664258,2
快捷快递,life,生活服务;物流速递;物流速递,青羊区,103.968948,30.666126,2
尚佳,life,生活服务;美容美发店;美容美发店,武侯区,103.966334,30.658695,77
收废品,life,生活服务;生活服务场所;生活服务场所,青羊区,103.965874,30.667421,12
红发廊,life,生活服务;美容美发店;美容美发店,青羊区,103.971817,30.668633,2
按摩浴足吸附矿泥,life,生活服务;洗浴推拿场所;洗浴推拿场所,武侯区,103.973713,30.662158,4
飞发走丝(鑫绿路),life,生活服务;美容美发店;美容美发店,武侯区,103.971617,30.660128,1
高价回收各种废旧金属,life,生活服务;生活服务场所;生活服务场所,青羊区,103.967448,30.666815,2
蓝光水业,life,生活服务;生活服务场所;生活服务场所,武侯区,103.965385,30.6649,2
富康机电维修部,life,生活服务;维修站点;维修站点,青羊区,103.964475,30.665752,3
海尔星级服务中心,life,生活服务;维修站点;维修站点,青羊区,103.973727,30.66356,5
美嘉仕蓝洗衣新时代(培风店),life,生活服务;洗衣店;洗衣店,青羊区,103.973207,30.668632,1
尊尚丽人,life,生活服务;美容美发店;美容美发店,青羊区,103.978165,30.662725,13
帮客家,life,生活服务;维修站点;维修站点,青羊区,103.976496,30.667136,66
对外加工新旧棉絮,life,生活服务;生活服务场所;生活服务场所,青羊区,103.979863,30.661958,4
京东(黄田坝配送站),life,生活服务;物流速递;物流速递,青羊区,103.976204,30.664481,1
天地华宇(武青北路),life,生活服务;物流速递;物流速递,青羊区,103.975502,30.663549,4
三株酵本草生态健康店,life,生活服务;美容美发店;美容美发店,青羊区,103.977993,30.661171,1
丽黛丹姿美容,life,生活服务;美容美发店;美容美发店,武侯区,103.98014,30.660482,1
积木到家,life,生活服务;物流速递;物流速递,青羊区,103.981473,30.668532,1
哑巴修胎,life,生活服务;维修站点;维修站点,武侯区,103.983139,30.661544,1
中国福利彩票,life,生活服务;彩票彩券销售点;彩票彩券销售点,青羊区,103.990388,30.663382,3
经络养生,life,生活服务;洗浴推拿场所;洗浴推拿场所,青羊区,103.990783,30.666674,45
红豆庄,life,生活服务;洗浴推拿场所;洗浴推拿场所,青羊区,103.992597,30.663853,9
红颜秘笈美容院,life,生活服务;美容美发店;美容美发店,青羊区,103.992812,30.665638,6
角角啤酒配送,life,生活服务;生活服务场所;生活服务场所,武侯区,103.985722,30.661912,2
大理矿泉,life,生活服务;生活服务场所;生活服务场所,武侯区,103.986149,30.659938,3
万寿桥村为老服务点,life,生活服务;生活服务场所;生活服务场所,武侯区,103.984551,30.660846,3
天天快递,life,生活服务;物流速递;物流速递,武侯区,103.998933,30.661116,16
便民缝纫店,life,生活服务;生活服务场所;生活服务场所,青羊区,103.994638,30.66642,2
宏侨,life,生活服务;洗浴推拿场所;洗浴推拿场所,武侯区,103.997085,30.653775,410
时代精剪形象设计,life,生活服务;美容美发店;美容美发店,青羊区,103.994591,30.66778,3
洁净清洗,life,生活服务;生活服务场所;生活服务场所,武侯区,103.996094,30.659986,1
四川行政财贸管理干部学院女生浴室,life,生活服务;洗浴推拿场所;洗浴推拿场所,青羊区,104.009421,30.665059,1
爱美蒂亚,life,生活服务;美容美发店;美容美发店,青羊区,104.005921,30.660981,13
NG造型,life,生活服务;生活服务场所;生活服务场所,青羊区,104.013643,30.66209,12
爱星保洁服务部,life,生活服务;生活服务场所;生活服务场所,青羊区,104.006062,30.668685,1
心裳,life,生活服务;美容美发店;美容美发店,青羊区,104.018599,30.661751,28
洁客家政,life,生活服务;生活服务场所;生活服务场所,青羊区,104.018749,30.668701,1
吴师美发,life,生活服务;美容美发店;美容美发店,青羊区,104.032185,30.66696,6
金彩图文(青华路),life,生活服务;生活服务场所;生活服务场所,青羊区,104.031788,30.664746,4
成都市辉煌物流,life,生活服务;物流速递;物流速递,青羊区,104.032522,30.662468,4
杜甫草堂-讲解联系处,life,生活服务;生活服务场所;生活服务场所,青羊区,104.026552,30.661063,4
梨尊堂,life,生活服务;生活服务场所;生活服务场所,青羊区,104.033307,30.664926,2
四川省博物馆学会历史文化名人纪念馆专业委员会,life,生活服务;生活服务场所;生活服务场所,青羊区,104.023822,30.662914,1
成都杜甫草堂售票处,life,生活服务;售票处;公园景点售票处,青羊区,104.024183,30.662016,1
佳简发美发,life,生活服务;美容美发店;美容美发店,青羊区,104.038976,30.665288,5
艺枯阁,life,生活服务;生活服务场所;生活服务场所,青羊区,104.037108,30.662866,19
礼品回收,life,生活服务;生活服务场所;生活服务场所,金牛区,104.039891,30.667637,11
猫生活馆,life,生活服务;生活服务场所;生活服务场所,青羊区,104.03767,30.66076,19
成都中医药大学离退休工作处,life,生活服务;生活服务场所;生活服务场所,青羊区,104.040167,30.666686,1
成都市文化公园管理处,life,生活服务;生活服务场所;生活服务场所,青羊区,104.04115,30.662872,1
单取,life,生活服务;生活服务场所;生活服务场所,青羊区,104.034442,30.664061,17
成都供水,life,生活服务;生活服务场所;生活服务场所,青羊区,104.042263,30.665986,4
嘉华工艺,life,生活服务;生活服务场所;生活服务场所,青羊区,104.034004,30.665665,2
仙乐足道,life,生活服务;洗浴推拿场所;洗浴推拿场所,青羊区,104.034514,30.667539,24
青羊区发尔姿个人形象设计工作室,life,生活服务;生活服务场所;生活服务场所,青羊区,104.041035,30.660918,1
招商国际旅行社(百花店),life,生活服务;生活服务场所;生活服务场所,青羊区,104.04244,30.661299,1
成鑫驾校报名点(华神大厦东北),life,生活服务;生活服务场所;生活服务场所,金牛区,104.041544,30.668395,1
H2视觉摄影,life,生活服务;摄影冲印店;摄影冲印,青羊区,104.047638,30.668445,3
广告印务,life,生活服务;生活服务场所;生活服务场所,青羊区,104.043618,30.663403,1
美耶造型,life,生活服务;生活服务场所;生活服务场所,青羊区,104.062748,30.664567,1
飞鸽广告(人民中路一段),life,生活服务;生活服务场所;生活服务场所,青羊区,104.063037,30.665742,1
萌萌美甲,life,生活服务;生活服务场所;生活服务场所,锦江区,104.088781,30.666094,1
志愿者服务站,life,生活服务;生活服务场所;生活服务场所,锦江区,104.092047,30.666614,1
旗帜制作,life,生活服务;生活服务场所;生活服务场所,锦江区,104.091095,30.66876,6
Super-S Studio,life,生活服务;美容美发店;美容美发店,成华区,104.093246,30.66863,1
TCD设计师事务所,life,生活服务;事务所;事务所,锦江区,104.090313,30.667467,1
聂意劳务,life,生活服务;生活服务场所;生活服务场所,成华区,104.110557,30.663757,1
天幕图文,life,生活服务;生活服务场所;生活服务场所,成华区,104.11256,30.664903,18
金锐制冷,life,生活服务;维修站点;维修站点,成华区,104.112291,30.662948,6
益生馆,life,生活服务;洗浴推拿场所;洗浴推拿场所,成华区,104.118157,30.661817,8
沙河锦庭物业中心,life,生活服务;生活服务场所;生活服务场所,成华区,104.117605,30.664684,2
拜哥房产,life,生活服务;生活服务场所;生活服务场所,成华区,104.116902,30.666171,9
佳源造型,life,生活服务;美容美发店;美容美发店,成华区,104.115684,30.663023,6
弥尚美业(锦绣东方店),life,生活服务;美容美发店;美容美发店,成华区,104.116324,30.661232,2
蒋师按摩,life,生活服务;洗浴推拿场所;洗浴推拿场所,成华区,104.122268,30.660686,28
力业家政,life,生活服务;生活服务场所;生活服务场所,成华区,104.11502,30.66647,7
发财搬家服务部,life,生活服务;生活服务场所;生活服务场所,成华区,104.119536,30.661059,1
成都市信鸽协会城东服务中心,life,生活服务;生活服务场所;生活服务场所,成华区,104.122701,30.663027,1
保利物业,life,生活服务;生活服务场所;生活服务场所,成华区,104.115342,30.667873,1
锦绣社区市民中心,life,生活服务;生活服务场所;生活服务场所,成华区,104.115293,30.660022,7
中国福利彩票,life,生活服务;彩票彩券销售点;彩票彩券销售点,成华区,104.127459,30.664255,8
幻艺美发,life,生活服务;美容美发店;美容美发店,成华区,104.130453,30.663151,17
修车店,life,生活服务;生活服务场所;生活服务场所,成华区,104.130114,30.665741,1
新业图文广告,life,生活服务;生活服务场所;生活服务场所,成华区,104.126521,30.663231,3
菜鸟驿站,life,生活服务;生活服务场所;生活服务场所,成华区,104.127388,30.662015,2
淼淼桶装水配送,life,生活服务;生活服务场所;生活服务场所,成华区,104.125299,30.663626,2
美装天下,life,生活服务;生活服务场所;生活服务场所,成华区,104.124238,30.664734,1
大春电动车维修,life,生活服务;维修站点;维修站点,成华区,104.132356,30.666115,3
垃圾中转房,life,生活服务;生活服务场所;生活服务场所,成华区,104.12482,30.660897,5
玩美造型,life,生活服务;美容美发店;美容美发店,成华区,104.134562,30.666195,9
赵师维修部,life,生活服务;维修站点;维修站点,成华区,104.139301,30.667622,6
幸福时光婚礼工作室,life,生活服务;生活服务场所;生活服务场所,成华区,104.134387,30.664324,1
鑫瑞普制冷设备服务部,life,生活服务;生活服务场所;生活服务场所,成华区,104.134834,30.662007,1
天地网,life,生活服务;生活服务场所;生活服务场所,成华区,104.14363,30.66649,11
好相因配送,life,生活服务;物流速递;物流速递,成华区,104.13815,30.668751,1
成都理工大学(校本部)自考成教招生报名处,life,生活服务;生活服务场所;生活服务场所,成华区,104.136886,30.668594,1
创兴喷绘,life,生活服务;生活服务场所;生活服务场所,成华区,104.152316,30.661877,1
成都凯力达电器维修有限公司,life,生活服务;维修站点;维修站点,成华区,104.156275,30.665767,1
超越前线,life,生活服务;美容美发店;美容美发店,武侯区,103.969671,30.654938,18
美够,life,生活服务;美容美发店;美容美发店,武侯区,103.968238,30.650269,38
骑瑞图文,life,生活服务;生活服务场所;生活服务场所,武侯区,103.973507,30.654529,19
宏帆脚手架,life,生活服务;生活服务场所;生活服务场所,武侯区,103.965448,30.652218,4
华南净化彩板,life,生活服务;生活服务场所;生活服务场所,武侯区,103.972752,30.657647,1
全峰快递,life,生活服务;物流速递;物流速递,武侯区,103.974447,30.65878,20
四川雅彦化妆品有限公司物流中心,life,生活服务;物流速递;物流速递,武侯区,103.964013,30.656686,1
中海集团四川物流有限公司,life,生活服务;物流速递;物流速递,武侯区,103.973534,30.652271,2
蓝鸟制衣,life,生活服务;生活服务场所;生活服务场所,青羊区,103.968628,30.659452,2
昌顺物流,life,生活服务;物流速递;物流速递,武侯区,103.964636,30.650069,1
速递易,life,生活服务;生活服务场所;生活服务场所,武侯区,103.978577,30.651484,255
中国福利彩票,life,生活服务;彩票彩券销售点;彩票彩券销售点,武侯区,103.976601,30.655565,3
胖姐修车店,life,生活服务;维修站点;维修站点,武侯区,103.979217,30.65847,8
机械对外加工,life,生活服务;生活服务场所;生活服务场所,武侯区,103.974119,30.657834,1
艾尚专业烫染,life,生活服务;美容美发店;美容美发店,武侯区,103.975023,30.650625,3
清水河公园游船售票处,life,生活服务;售票处;公园景点售票处,武侯区,103.983744,30.658596,1
羽翼形象·生活馆(美甲纹绣服装定制),life,生活服务;生活服务场所;生活服务场所,武侯区,103.990009,30.652361,1
金鑫铁件加工,life,生活服务;生活服务场所;生活服务场所,武侯区,103.988986,30.654225,2
靓典,life,生活服务;美容美发店;美容美发店,武侯区,103.986182,30.656356,4
深圳名剪,life,生活服务;生活服务场所;生活服务场所,武侯区,103.991453,30.653486,9
菜鸟驿站(百世邻里清水路苑),life,生活服务;物流速递;物流速递,武侯区,103.989203,30.651169,1
招牌王,life,生活服务;生活服务场所;生活服务场所,武侯区,103.987161,30.651117,1
厂家直销泰式中式按摩床洗脚沙发及回收,life,生活服务;生活服务场所;生活服务场所,武侯区,103.989462,30.650175,1
法治周末四川联络处,life,生活服务;生活服务场所;生活服务场所,武侯区,103.985018,30.658204,2
捷兔帮跑腿,life,生活服务;生活服务场所;生活服务场所,武侯区,103.987619,30.649886,1
欧巴摄影,life,生活服务;生活服务场所;生活服务场所,武侯区,104.004401,30.653381,71
京东到家,life,生活服务;生活服务场所;生活服务场所,武侯区,103.996396,30.658898,2
便民维修,life,生活服务;生活服务场所;生活服务场所,武侯区,104.001585,30.650042,3
衣卫士洗衣(解甲园店),life,生活服务;洗衣店;洗衣店,武侯区,104.002725,30.657689,1
蜜秘,life,生活服务;美容美发店;美容美发店,武侯区,104.013842,30.649971,382
美丽100(成都花园),life,生活服务;美容美发店;美容美发店,青羊区,104.007362,30.657445,1
艾灸养生馆,life,生活服务;生活服务场所;生活服务场所,青羊区,104.009582,30.658021,1
天域西藏药蒸(青羊大道店),life,生活服务;洗浴推拿场所;洗浴推拿场所,青羊区,104.007372,30.659322,1
康丽养生俱乐部,life,生活服务;美容美发店;美容美发店,武侯区,104.012596,30.650107,7
致中和律师事务所,life,生活服务;事务所;律师事务所,青羊区,104.006147,30.658405,1
U+美甲美睫工作室,life,生活服务;生活服务场所;生活服务场所,武侯区,104.019176,30.652785,1
中国移动,life,生活服务;电讯营业厅;电讯营业厅,武侯区,104.018854,30.653978,2
夏普特约服务中心,life,生活服务;生活服务场所;生活服务场所,武侯区,104.016728,30.654437,4
1+1工作室,life,生活服务;美容美发店;美容美发店,青羊区,104.019983,30.656218,2
现场喷绘写真,life,生活服务;生活服务场所;生活服务场所,青羊区,104.019297,30.657301,3
仙登,life,生活服务;洗浴推拿场所;洗浴推拿场所,武侯区,104.045117,30.635485,5449
巧首造型(云霞店),life,生活服务;美容美发店;美容美发店,武侯区,104.01715,30.652089,1
1+1理发店,life,生活服务;生活服务场所;生活服务场所,青羊区,104.021017,30.656509,1
天易正堂(双楠店),life,生活服务;洗浴推拿场所;洗浴推拿场所,武侯区,104.018077,30.652546,2
方与圆美业,life,生活服务;美容美发店;美容美发店,武侯区,104.015303,30.655506,4
古熙中医养生馆,life,生活服务;美容美发店;美容美发店,武侯区,104.015786,30.65762,2
管家中心,life,生活服务;生活服务场所;生活服务场所,青羊区,104.020655,30.659176,1
福美优鲜服务台,life,生活服务;生活服务场所;生活服务场所,青羊区,104.030621,30.656352,4
医疗废物暂储室,life,生活服务;生活服务场所;生活服务场所,青羊区,104.026546,30.654731,1
顺意皮具护理精修,life,生活服务;生活服务场所;生活服务场所,青羊区,104.032478,30.65489,2
益寿堂保健按摩,life,生活服务;洗浴推拿场所;洗浴推拿场所,青羊区,104.024359,30.656096,1
北京市大成律师事务所四川分所,life,生活服务;事务所;律师事务所,青羊区,104.030712,30.657463,1
刻章,life,生活服务;生活服务场所;生活服务场所,青羊区,104.039669,30.655389,75
体院点,life,生活服务;美容美发店;美容美发店,武侯区,104.038105,30.651361,51
蜀安驾校报名点(百卉路),life,生活服务;生活服务场所;生活服务场所,青羊区,104.036198,30.655318,2
龙颜堂,life,生活服务;洗浴推拿场所;洗浴推拿场所,青羊区,104.040784,30.657174,5
琪雅美容健康,life,生活服务;美容美发店;美容美发店,青羊区,104.034988,30.655377,2
海港湾,life,生活服务;洗浴推拿场所;洗浴推拿场所,青羊区,104.036419,30.658555,28
成都体育学院后勤产业处学生公寓服务中心,life,生活服务;生活服务场所;生活服务场所,武侯区,104.040403,30.65097,1
新知图文,life,生活服务;生活服务场所;生活服务场所,武侯区,104.042145,30.651136,7
锦鲤鱼池,life,生活服务;生活服务场所;生活服务场所,青羊区,104.04123,30.658519,1
成都体育学院浴室,life,生活服务;洗浴推拿场所;洗浴推拿场所,武侯区,104.043709,30.651389,5
风云展览,life,生活服务;生活服务场所;生活服务场所,武侯区,104.050589,30.653947,1
标逸美发,life,生活服务;美容美发店;美容美发店,武侯区,104.050488,30.652092,6
和信通便民缴费点(锦里中路),life,生活服务;生活服务场所;生活服务场所,青羊区,104.052382,30.653963,1
长城社区计划生育服务站,life,生活服务;生活服务场所;生活服务场所,青羊区,104.047682,30.658157,1
锦上花,life,生活服务;生活服务场所;生活服务场所,武侯区,104.046409,30.65034,5
卓越假期,life,生活服务;生活服务场所;生活服务场所,青羊区,104.053865,30.65273,8
雅之蔓美容店,life,生活服务;美容美发店;美容美发店,武侯区,104.048524,30.649688,1
好瘦,life,生活服务;生活服务场所;生活服务场所,武侯区,104.048931,30.646481,111
四川省卫生人才交流中心,life,生活服务;人才市场;人才市场,青羊区,104.052536,30.656503,1
十八岁,life,生活服务;美容美发店;美容美发店,青羊区,104.057673,30.651549,30
刻章玉器,life,生活服务;生活服务场所;生活服务场所,青羊区,104.055823,30.653093,10
宝丽莱数码冲印,life,生活服务;摄影冲印店;摄影冲印,锦江区,104.059964,30.65189,2
中国旅游服务公司,life,生活服务;旅行社;旅行社,锦江区,104.061058,30.651428,2
主慧堂广告,life,生活服务;生活服务场所;生活服务场所,锦江区,104.059634,30.650261,7
碧萝芷,life,生活服务;美容美发店;美容美发店,武侯区,104.057138,30.647693,114
睫弯弯,life,生活服务;生活服务场所;生活服务场所,锦江区,104.066331,30.649636,11
锦江区靓丽摄影工作室,life,生活服务;生活服务场所;生活服务场所,锦江区,104.081289,30.656808,1
合江亭社区养老服务,life,生活服务;生活服务场所;生活服务场所,锦江区,104.077462,30.649855,2
企木印象,life,生活服务;生活服务场所;生活服务场所,锦江区,104.083388,30.649394,2
君诚装饰装修,life,生活服务;生活服务场所;生活服务场所,成华区,104.091161,30.656605,7
易佰分电脑维修,life,生活服务;维修站点;维修站点,成华区,104.100008,30.652323,1
星云印务,life,生活服务;生活服务场所;生活服务场所,成华区,104.093857,30.653289,4
清洁房,life,生活服务;生活服务场所;生活服务场所,成华区,104.110556,30.656314,3
客服中心,life,生活服务;生活服务场所;生活服务场所,成华区,104.121444,30.65236,4
柒号相馆,life,生活服务;生活服务场所;生活服务场所,成华区,104.122842,30.653586,3
卡夫理疗馆,life,生活服务;生活服务场所;生活服务场所,成华区,104.120084,30.650743,3
髪亮点,life,生活服务;美容美发店;美容美发店,成华区,104.115503,30.647643,67
安康年万年场街道养老服务中心,life,生活服务;生活服务场所;生活服务场所,成华区,104.123588,30.652052,2
圣锦泽林养生馆,life,生活服务;美容美发店;美容美发店,成华区,104.119568,30.648571,6
唐氏开锁,life,生活服务;生活服务场所;生活服务场所,成华区,104.123388,30.649683,7
小区美发,life,生活服务;美容美发店;美容美发店,成华区,104.127026,30.650124,3
路正驾校报名点,life,生活服务;生活服务场所;生活服务场所,成华区,104.126323,30.653751,3
四川天之娇子物流有限责任公司,life,生活服务;生活服务场所;生活服务场所,成华区,104.12928,30.650138,2
涟涟美发,life,生活服务;美容美发店;美容美发店,成华区,104.128922,30.65617,4
焗油烫发,life,生活服务;生活服务场所;生活服务场所,成华区,104.125783,30.658434,2
钰杉标牌技术有限公司工程部,life,生活服务;生活服务场所;生活服务场所,成华区,104.127589,30.657114,1
梦中人,life,生活服务;美容美发店;美容美发店|生活服务;摄影冲印店;摄影冲印,成华区,104.139894,30.655699,76
空调维修,life,生活服务;维修站点;维修站点,成华区,104.13771,30.653459,2
诚信修理,life,生活服务;生活服务场所;生活服务场所,成华区,104.138085,30.651434,51
昌盛配送(华晨雅庭西),life,生活服务;物流速递;物流速递,成华区,104.137075,30.656916,2
蜀诚家政,life,生活服务;生活服务场所;生活服务场所,成华区,104.14328,30.652136,14
崔家店南路8号退管站,life,生活服务;生活服务场所;生活服务场所,成华区,104.136768,30.658707,1
小马洗护,life,生活服务;生活服务场所;生活服务场所,成华区,104.134048,30.658668,1
帮家客,life,生活服务;生活服务场所;生活服务场所,成华区,104.146609,30.658037,46
秀域,life,生活服务;美容美发店;美容美发店,成华区,104.150254,30.65134,1
菜篮子蔬菜整理配送中心,life,生活服务;生活服务场所;生活服务场所,成华区,104.144751,30.655034,1
四川省老板电器有限公司物流仓储中心,life,生活服务;物流速递;物流仓储场地,成华区,104.148983,30.650251,1
飞黄物流,life,生活服务;物流速递;物流速递,成华区,104.150143,30.649709,3
成都锦湖长运运输有限公司,life,生活服务;物流速递;物流速递,成华区,104.144126,30.650958,1
成都·时运物流,life,生活服务;物流速递;物流速递,成华区,104.152483,30.649844,2
中国福利彩票,life,生活服务;彩票彩券销售点;彩票彩券销售点,成华区,104.151316,30.651659,1
保和法律援助工作站,life,生活服务;事务所;律师事务所,成华区,104.15751,30.65088,3
发茹艺,life,生活服务;美容美发店;美容美发店,武侯区,103.971262,30.646288,57
锐志广告·策划,life,生活服务;生活服务场所;生活服务场所,武侯区,103.964669,30.643703,2
西福自动变速箱维修,life,生活服务;维修站点;维修站点,武侯区,103.973247,30.644926,1
百世快运(武青西二路),life,生活服务;物流速递;物流速递,武侯区,103.967864,30.640913,1
黑格广告制作中心,life,生活服务;生活服务场所;生活服务场所,武侯区,103.965039,30.641378,1
痣斑堂,life,生活服务;生活服务场所;生活服务场所,武侯区,103.981949,30.642595,174
鑫欣电脑维修,life,生活服务;维修站点;维修站点,武侯区,103.978871,30.645851,11
房屋管家,life,生活服务;生活服务场所;生活服务场所,武侯区,103.976,30.644136,22
小松配件及维修,life,生活服务;维修站点;维修站点,武侯区,103.97672,30.645956,2
蓝创CNG,life,生活服务;维修站点;维修站点,武侯区,103.974247,30.646631,2
长庆石油液化气公司(机投配送中心),life,生活服务;生活服务场所;生活服务场所,武侯区,103.973836,30.64378,1
雅凯广告,life,生活服务;生活服务场所;生活服务场所,武侯区,103.973875,30.642652,2
模工坊不锈钢制作有限公司,life,生活服务;生活服务场所;生活服务场所,武侯区,103.975912,30.640587,1
武侯区鸿瑞工程机械租赁,life,生活服务;生活服务场所;生活服务场所,武侯区,103.980199,30.639985,2
潮音社区党群服务中心,life,生活服务;生活服务场所;生活服务场所,武侯区,103.975366,30.639646,1
成都宏伟挖机整车配件维修,life,生活服务;维修站点;维修站点,武侯区,103.974437,30.649268,1
德邦(双星大道南二段),life,生活服务;物流速递;物流速递,武侯区,103.978416,30.640369,1
魔髮师,life,生活服务;美容美发店;美容美发店,武侯区,103.992289,30.644257,243
龚阴阳,life,生活服务;生活服务场所;生活服务场所,武侯区,103.985285,30.645417,39
刚刚车行,life,生活服务;维修站点;维修站点,武侯区,103.98709,30.642085,32
收废铁,life,生活服务;生活服务场所;生活服务场所,武侯区,103.989227,30.638133,24
桢程铁艺,life,生活服务;生活服务场所;生活服务场所,武侯区,104.000126,30.643964,12
白铁加工,life,生活服务;生活服务场所;生活服务场所,武侯区,103.99829,30.646096,6
成都威廉古堡别墅聚会会所3号店,life,生活服务;生活服务场所;生活服务场所,武侯区,103.997958,30.64338,1
缝补店,life,生活服务;生活服务场所;生活服务场所,武侯区,104.001733,30.646826,129
大众美发,life,生活服务;美容美发店;美容美发店,武侯区,103.996024,30.646434,2
阳运装饰,life,生活服务;生活服务场所;生活服务场所,武侯区,104.002712,30.64164,21
速美达家庭式养生馆,life,生活服务;洗浴推拿场所;洗浴推拿场所,武侯区,104.001082,30.641142,1
晋阳街道办事处社会事务服务中心,life,生活服务;生活服务场所;生活服务场所,武侯区,104.00363,30.644429,1
纤指女王,life,生活服务;美容美发店;美容美发店,武侯区,103.994289,30.64655,1
辣轩配送,life,生活服务;生活服务场所;生活服务场所,武侯区,103.998173,30.64889,1
爱心原始点理疗,life,生活服务;洗浴推拿场所;洗浴推拿场所,武侯区,104.000963,30.639748,2
意屋光汇美肤中心,life,生活服务;美容美发店;美容美发店,武侯区,104.007016,30.645109,3
雅韵,life,生活服务;美容美发店;美容美发店,武侯区,104.010947,30.644044,7
茉茉美甲,life,生活服务;美容美发店;美容美发店,武侯区,104.009805,30.648201,43
诗奈尔(中环路武阳大道段),life,生活服务;生活服务场所;生活服务场所,武侯区,104.009198,30.641656,2
晶楠天地销售中心,life,生活服务;生活服务场所;生活服务场所,武侯区,104.00486,30.642497,3
妇产科专委会副主任委员单位,life,生活服务;生活服务场所;生活服务场所,武侯区,104.022376,30.640613,1
标榜,life,生活服务;美容美发店;美容美发店,武侯区,104.030918,30.640294,2
速递易(名都苑B86),life,生活服务;物流速递;物流速递,武侯区,104.029824,30.647143,1
永嘉易站(成都体育学院校园快递综合服务中心),life,生活服务;生活服务场所;生活服务场所,武侯区,104.040759,30.648801,1
中国移动(高升桥服务厅),life,生活服务;电讯营业厅;中国移动营业厅,武侯区,104.036655,30.642745,2
乐助社,life,生活服务;生活服务场所;生活服务场所,武侯区,104.050949,30.646607,6
全心印务,life,生活服务;生活服务场所;生活服务场所,武侯区,104.048704,30.641177,9
成都武侯祠博物馆售票厅,life,生活服务;售票处;公园景点售票处,武侯区,104.047171,30.648802,1
省青旅,life,生活服务;生活服务场所;生活服务场所,武侯区,104.047607,30.638107,30
西南民族大学邮政所,life,生活服务;邮局;邮局,武侯区,104.046736,30.642332,1
理发室(桓新巷),life,生活服务;美容美发店;美容美发店,武侯区,104.056474,30.644678,2
成都通银联便民支付点,life,生活服务;生活服务场所;生活服务场所,武侯区,104.05903,30.644645,10
谢谢发艺,life,生活服务;美容美发店;美容美发店,武侯区,104.059231,30.641951,3
航空票务,life,生活服务;售票处;飞机票代售点,武侯区,104.063085,30.646825,7
实名制就诊卡填表处,life,生活服务;生活服务场所;生活服务场所,武侯区,104.062976,30.641783,2
G+造型,life,生活服务;美容美发店;美容美发店,武侯区,104.062259,30.648552,17
中国体育彩票,life,生活服务;彩票彩券销售点;彩票彩券销售点,武侯区,104.065384,30.645304,15
乐永文印店,life,生活服务;生活服务场所;生活服务场所,武侯区,104.069149,30.642511,8
悦媄,life,生活服务;美容美发店;美容美发店,武侯区,104.077576,30.642054,631
房屋租售,life,生活服务;生活服务场所;生活服务场所,武侯区,104.067538,30.646899,10
中国移动(华西店),life,生活服务;电讯营业厅;中国移动营业厅,武侯区,104.067778,30.64325,5
成都美国海外留学中心,life,生活服务;生活服务场所;生活服务场所,武侯区,104.065367,30.643323,1
发现之旅,life,生活服务;生活服务场所;生活服务场所,武侯区,104.064335,30.641434,13
忠毅印务,life,生活服务;生活服务场所;生活服务场所,武侯区,104.069596,30.638916,33
熏衣香堡工作室,life,生活服务;生活服务场所;生活服务场所,锦江区,104.067989,30.649168,2
行德广告,life,生活服务;生活服务场所;生活服务场所,武侯区,104.064595,30.648155,2
喜乐旅游,life,生活服务;旅行社;旅行社,武侯区,104.065796,30.639403,20
睿秀月嫂,life,生活服务;生活服务场所;生活服务场所,武侯区,104.063835,30.64003,5
嘟嘟美甲,life,生活服务;美容美发店;美容美发店,锦江区,104.082123,30.646782,6
凡廷私人造型,life,生活服务;美容美发店;美容美发店,锦江区,104.083939,30.645515,4
悦享自助洗衣,life,生活服务;洗衣店;洗衣店,锦江区,104.088378,30.641664,4
最FASHION催乳师,life,生活服务;美容美发店;美容美发店,锦江区,104.089396,30.640519,2
优特图文快印,life,生活服务;生活服务场所;生活服务场所,锦江区,104.084356,30.647968,8
老发屋,life,生活服务;美容美发店;美容美发店,锦江区,104.105207,30.644017,7
红红棉胎加工店,life,生活服务;生活服务场所;生活服务场所,成华区,104.106937,30.646193,4
瑞法斯,life,生活服务;美容美发店;美容美发店,成华区,104.121498,30.646166,55
圣华广告,life,生活服务;生活服务场所;生活服务场所,成华区,104.119906,30.642863,2
黄金指专业修脚店,life,生活服务;洗浴推拿场所;洗浴推拿场所,成华区,104.118918,30.646792,2
满堂红,life,生活服务;生活服务场所;生活服务场所,成华区,104.121434,30.643087,1
中洲地产,life,生活服务;生活服务场所;生活服务场所,锦江区,104.11605,30.641512,1
丽芙美睫,life,生活服务;美容美发店;美容美发店,成华区,104.123434,30.646561,2
塔子山公园-鸟语林售票窗,life,生活服务;售票处;公园景点售票处,锦江区,104.119332,30.639512,1
巧手缝补店,life,生活服务;生活服务场所;生活服务场所,成华区,104.128776,30.644024,1
家电维修,life,生活服务;维修站点;维修站点,成华区,104.129859,30.644059,2
云南哈呢专业按摩,life,生活服务;洗浴推拿场所;洗浴推拿场所,成华区,104.127642,30.647096,3
尚纤美业,life,生活服务;美容美发店;美容美发店,成华区,104.12751,30.640386,7
法国珀蒂,life,生活服务;美容美发店;美容美发店,成华区,104.135655,30.646598,23
东虹路社区综合管理服务站,life,生活服务;生活服务场所;生活服务场所,成华区,104.13337,30.639793,2
成都公交五桂桥北区客运站售票处,life,生活服务;售票处;长途汽车票代售点,成华区,104.130375,30.639991,1
新达复印,life,生活服务;生活服务场所;生活服务场所,成华区,104.138256,30.644338,36
M.Mi尚造型,life,生活服务;美容美发店;美容美发店,成华区,104.138127,30.641994,4
邮政快递,life,生活服务;物流速递;物流速递,成华区,104.140267,30.640835,3
Sweetly婚纱礼服工作室,life,生活服务;摄影冲印店;摄影冲印,成华区,104.13917,30.646619,1
卡伊妮洗衣(阳光100店),life,生活服务;洗衣店;洗衣店,成华区,104.141499,30.641068,1
小刘专业维修电动车,life,生活服务;维修站点;维修站点,成华区,104.137368,30.648292,1
易速递,life,生活服务;生活服务场所;生活服务场所,成华区,104.15056,30.646311,21
四川广电网络(保和营业厅),life,生活服务;生活服务场所;生活服务场所,成华区,104.15061,30.644122,2
金银加工,life,生活服务;生活服务场所;生活服务场所,成华区,104.15,30.641583,6
创意发屋,life,生活服务;生活服务场所;生活服务场所,成华区,104.148691,30.640698,5
便民理发,life,生活服务;美容美发店;美容美发店,成华区,104.151564,30.647778,4
接待室,life,生活服务;生活服务场所;生活服务场所,成华区,104.15227,30.64872,1
圆通速递(杨东路三段),life,生活服务;物流速递;物流速递,成华区,104.148664,30.645102,3
速递易,life,生活服务;物流速递;物流速递,成华区,104.152696,30.640401,1
金箭驾校报名点(胜天新苑东区东),life,生活服务;生活服务场所;生活服务场所,成华区,104.15928,30.644584,1
中储晋商储运,life,生活服务;物流速递;物流速递,成华区,104.157765,30.642228,1
成都鸿翔特约维修服务站,life,生活服务;生活服务场所;生活服务场所,成华区,104.155382,30.642622,1
众潢广告,life,生活服务;生活服务场所;生活服务场所,成华区,104.158842,30.640999,2
新潮理发店(斑竹社区卫生服务站西),life,生活服务;美容美发店;美容美发店,成华区,104.158052,30.6397,2
中国福利彩票,life,生活服务;彩票彩券销售点;彩票彩券销售点,成华区,104.15393,30.640788,6
理发店,life,生活服务;美容美发店;美容美发店,武侯区,103.966857,30.629199,97
嘉瑞物流,life,生活服务;物流速递;物流速递,武侯区,103.966723,30.635785,12
创艺美发(武青西四路),life,生活服务;美容美发店;美容美发店,武侯区,103.967217,30.638788,2
厚石广告,life,生活服务;生活服务场所;生活服务场所,武侯区,103.968405,30.637089,1
瑞格利图文(西部智谷店),life,生活服务;生活服务场所;生活服务场所,武侯区,103.970549,30.632463,1
重庆市运益物流有限公司,life,生活服务;物流速递;物流速递,武侯区,103.969373,30.631723,1
跑跑兔搬家,life,生活服务;生活服务场所;生活服务场所,武侯区,103.973766,30.638938,2
四川国盛特约维修,life,生活服务;生活服务场所;生活服务场所,武侯区,103.98017,30.635136,1
腾翔旅行社,life,生活服务;生活服务场所;生活服务场所,武侯区,103.982127,30.636664,5
嘉印图文,life,生活服务;生活服务场所;生活服务场所,武侯区,103.97906,30.637744,4
京东商城成都客服中心,life,生活服务;生活服务场所;生活服务场所,武侯区,103.974754,30.635807,2
夜狼安防(四川总代理),life,生活服务;生活服务场所;生活服务场所,武侯区,103.975588,30.632101,1
成都易联物流有限公司,life,生活服务;物流速递;物流速递,武侯区,103.974916,30.636887,5
顺丰速运(武青西四路营业点),life,生活服务;物流速递;物流速递,武侯区,103.976878,30.638217,2
菜鸟驿站,life,生活服务;生活服务场所;生活服务场所,武侯区,103.98196,30.63086,6
格力售后,life,生活服务;生活服务场所;生活服务场所,武侯区,103.984176,30.635684,3
海帛制作,life,生活服务;生活服务场所;生活服务场所,武侯区,103.983731,30.631894,4
中国福利彩票,life,生活服务;彩票彩券销售点;彩票彩券销售点,武侯区,103.983816,30.629973,7
成都神鹰燃油喷射维修服务中心,life,生活服务;维修站点;维修站点,武侯区,103.980668,30.633431,1
武侯工业园邮政所,life,生活服务;邮局;邮局,武侯区,103.975935,30.630384,1
富临运业,life,生活服务;生活服务场所;生活服务场所,武侯区,103.987624,30.632901,3
秀色,life,生活服务;美容美发店;美容美发店,武侯区,103.992751,30.631789,12
丝颂,life,生活服务;美容美发店;美容美发店,武侯区,103.993897,30.628802,44
菜鸟驿站(百世邻里天际首府),life,生活服务;物流速递;物流速递,武侯区,103.992052,30.635424,2
成都亿联达物流公司,life,生活服务;物流速递;物流速递,武侯区,103.986805,30.637886,2
永能售后部,life,生活服务;生活服务场所;生活服务场所,武侯区,103.990881,30.63044,3
振鑫图文快印,life,生活服务;生活服务场所;生活服务场所,武侯区,103.984433,30.638244,2
电信营业厅,life,生活服务;电讯营业厅;中国电信营业厅,武侯区,103.986151,30.630879,1
成都鑫鼎房地产,life,生活服务;生活服务场所;生活服务场所,武侯区,103.985918,30.632118,1
爱仔,life,生活服务;生活服务场所;生活服务场所,武侯区,103.998311,30.636212,136
植物医生,life,生活服务;生活服务场所;生活服务场所,武侯区,104.00124,30.633663,4
爱诗,life,生活服务;生活服务场所;生活服务场所,武侯区,103.999663,30.631167,11
恒基装饰·设计创意中心,life,生活服务;生活服务场所;生活服务场所,武侯区,104.002753,30.6344,1
晨辉旅游,life,生活服务;生活服务场所;生活服务场所,武侯区,104.003811,30.632922,17
如意窝养生,life,生活服务;美容美发店;美容美发店,武侯区,104.000736,30.63113,1
武侯区簇锦街道农村产权维护法律援助工作站,life,生活服务;生活服务场所;生活服务场所,武侯区,103.999855,30.638654,1
小尾巴摄影工作室,life,生活服务;生活服务场所;生活服务场所,武侯区,103.994407,30.632525,1
今晨家政(武侯店),life,生活服务;生活服务场所;生活服务场所,武侯区,103.993766,30.633361,1
美卡多,life,生活服务;生活服务场所;生活服务场所,武侯区,103.996529,30.628772,26
美的顾客服务中心,life,生活服务;维修站点;维修站点,武侯区,104.002893,30.638852,1
中国邮政便民服务站,life,生活服务;物流速递;物流速递,武侯区,104.003398,30.630168,1
韵达快递(旗舰店),life,生活服务;物流速递;物流速递,武侯区,104.012263,30.633301,3
蒂梵美甲,life,生活服务;美容美发店;美容美发店,武侯区,104.012414,30.635158,9
路易安娜护理中心,life,生活服务;美容美发店;美容美发店,武侯区,104.011723,30.631839,5
逸汇,life,生活服务;生活服务场所;生活服务场所,武侯区,104.006174,30.636584,1
漫蒂芬,life,生活服务;美容美发店;美容美发店,武侯区,104.007726,30.630691,2
中粮祥云国际物业客服中心,life,生活服务;生活服务场所;生活服务场所,武侯区,104.005075,30.631684,1
丽雅贝佳美容会所,life,生活服务;生活服务场所;生活服务场所,武侯区,104.012862,30.63064,4
远扬快通物流有限公司武侯营业部,life,生活服务;生活服务场所;生活服务场所,武侯区,104.003938,30.631577,1
英格蜜儿,life,生活服务;美容美发店;美容美发店,武侯区,104.008116,30.628974,10
成旭货运,life,生活服务;物流速递;物流速递,武侯区,104.020745,30.634484,63
帅钥匙,life,生活服务;生活服务场所;生活服务场所,武侯区,104.01876,30.636774,35
长兴快运,life,生活服务;物流速递;物流速递,武侯区,104.019271,30.629978,18
成温运输有限公司,life,生活服务;物流速递;物流速递,武侯区,104.016391,30.630303,2
审美美容美发用品,life,生活服务;美容美发店;美容美发店,武侯区,104.02023,30.639141,1
中国福利彩票,life,生活服务;彩票彩券销售点;彩票彩券销售点,武侯区,104.02184,30.638732,2
卓捷地产,life,生活服务;生活服务场所;生活服务场所,武侯区,104.031164,30.634057,30
金丽晶,life,生活服务;美容美发店;美容美发店,武侯区,104.032451,30.631616,11
多糖相馆,life,生活服务;摄影冲印店;摄影冲印,武侯区,104.029622,30.635637,1
理大师,life,生活服务;生活服务场所;生活服务场所,武侯区,104.03647,30.636205,1
美年大健康体检(凯尔店),life,生活服务;生活服务场所;生活服务场所,武侯区,104.03449,30.633398,2
天九广告喷绘,life,生活服务;生活服务场所;生活服务场所,武侯区,104.033853,30.63448,3
家谱坊,life,生活服务;生活服务场所;生活服务场所,武侯区,104.048149,30.635048,25
来人到家(高新店),life,生活服务;生活服务场所;生活服务场所,武侯区,104.047663,30.636778,1
中国福利彩票,life,生活服务;彩票彩券销售点;彩票彩券销售点,武侯区,104.045219,30.635989,3
四川省运动技术学院后勤服务中心,life,生活服务;生活服务场所;生活服务场所,武侯区,104.061889,30.633538,1
新能巷社区志愿者服务工作站,life,生活服务;生活服务场所;生活服务场所,武侯区,104.053996,30.633398,1
四川职称申报代理中心,life,生活服务;生活服务场所;生活服务场所,武侯区,104.065358,30.637701,1
老冯广告印务,life,生活服务;生活服务场所;生活服务场所,武侯区,104.0789,30.635754,10
联大摄影,life,生活服务;摄影冲印店;摄影冲印,武侯区,104.080259,30.63377,9
申通快递(弘毅路),life,生活服务;物流速递;物流速递,武侯区,104.079303,30.631478,1
友邦电脑维修(北园路),life,生活服务;维修站点;维修站点,武侯区,104.080143,30.637287,1
川体摄影中心,life,生活服务;摄影冲印店;摄影冲印,武侯区,104.080912,30.631379,1
雨雨发屋,life,生活服务;美容美发店;美容美发店,武侯区,104.083268,30.631973,10
发艺美发店,life,生活服务;生活服务场所;生活服务场所,武侯区,104.07818,30.63038,1
四川大学望江校区社区服务站,life,生活服务;生活服务场所;生活服务场所,武侯区,104.080152,30.63028,1
美琳造型,life,生活服务;美容美发店;美容美发店,武侯区,104.081034,30.629506,2
四川音乐学院校本部浴室,life,生活服务;洗浴推拿场所;洗浴推拿场所,武侯区,104.07557,30.639137,2
中国联通(四川大学望江校区营业厅),life,生活服务;电讯营业厅;中国联通营业厅,武侯区,104.080567,30.632446,1
四川大雪红瓦宾馆美发中心,life,生活服务;美容美发店;美容美发店,武侯区,104.087992,30.637985,1
四川大学垃圾压缩站,life,生活服务;生活服务场所;生活服务场所,武侯区,104.088977,30.63642,1
新瑞丰快印,life,生活服务;生活服务场所;生活服务场所,武侯区,104.086832,30.63608,8
四川大学望江校区服务站,life,生活服务;生活服务场所;生活服务场所,武侯区,104.085147,30.635793,2
新颖标榜,life,生活服务;生活服务场所;生活服务场所,锦江区,104.092521,30.633429,1
望江嘉苑物业管理中心,life,生活服务;生活服务场所;生活服务场所,锦江区,104.092825,30.629559,1
中国电信(三官堂社区营业厅),life,生活服务;电讯营业厅;中国电信营业厅,锦江区,104.092107,30.630721,1
望江楼售票处,life,生活服务;售票处;公园景点售票处,武侯区,104.089916,30.634858,1
物管可代收,life,生活服务;生活服务场所;生活服务场所,武侯区,104.08358,30.630268,1
彩云美发,life,生活服务;美容美发店;美容美发店,锦江区,104.098972,30.637763,3
成都社区居家养老服务中心,life,生活服务;生活服务场所;生活服务场所,锦江区,104.096052,30.637852,1
绿地锦天府保维修中心,life,生活服务;生活服务场所;生活服务场所,锦江区,104.103128,30.632483,1
玉妃矿泉,life,生活服务;生活服务场所;生活服务场所,锦江区,104.101995,30.629661,9
菜鸟驿站,life,生活服务;生活服务场所;生活服务场所,锦江区,104.103648,30.631014,3
睫蜜,life,生活服务;美容美发店;美容美发店,锦江区,104.108453,30.631051,7
艺灵(梁洪造型),life,生活服务;美容美发店;美容美发店,锦江区,104.106424,30.631818,4
铂澜女性健康减压中心,life,生活服务;美容美发店;美容美发店,锦江区,104.10706,30.63809,1
中国电信(通源路营业厅),life,生活服务;电讯营业厅;中国电信营业厅,锦江区,104.110184,30.638354,2
天天擦鞋,life,生活服务;生活服务场所;生活服务场所,锦江区,104.106283,30.628878,15
中国移动4G宽带电视服务站,life,生活服务;生活服务场所;生活服务场所,锦江区,104.1079,30.634172,2
四川广电(东大路营业厅),life,生活服务;生活服务场所;生活服务场所,锦江区,104.108948,30.635266,1
舂店(交流体验店),life,生活服务;生活服务场所;生活服务场所,锦江区,104.109603,30.633164,1
田师傅叉车出租,life,生活服务;生活服务场所;生活服务场所,锦江区,104.107916,30.636147,1
阿玛尼·洗衣会所(通源街),life,生活服务;洗衣店;洗衣店,锦江区,104.109269,30.638948,1
月靓月子中心(望江店),life,生活服务;生活服务场所;生活服务场所,锦江区,104.112116,30.629694,2
嘉维电器维修服务中心,life,生活服务;维修站点;维修站点,锦江区,104.115982,30.633419,2
恒大望江华府销售中心,life,生活服务;生活服务场所;生活服务场所,锦江区,104.116154,30.63076,2
锦东庭园物业中心,life,生活服务;生活服务场所;生活服务场所,锦江区,104.119448,30.635544,2
圆通速递代理点,life,生活服务;生活服务场所;生活服务场所,成华区,104.12145,30.631603,1
成都汽车总站售票处,life,生活服务;售票处;长途汽车票代售点,成华区,104.12503,30.638282,4
成都东站地铁售票,life,生活服务;售票处;售票处,成华区,104.137358,30.632052,14
售票处5(成都东站),life,交通设施服务;火车站;售票|生活服务;售票处;售票处,成华区,104.139618,30.630677,5
售票处4(成都东站),life,交通设施服务;火车站;售票|生活服务;售票处;售票处,成华区,104.141166,30.631215,1
罗马甲日,life,生活服务;美容美发店;美容美发店,成华区,104.139597,30.639012,2
金足阁,life,生活服务;洗浴推拿场所;洗浴推拿场所,成华区,104.146117,30.634513,12
纤巧,life,生活服务;美容美发店;美容美发店,成华区,104.151598,30.630166,208
菜鸟驿站(东方新城一幢四单元旁老年活动中心前中通),life,生活服务;物流速递;物流速递,成华区,104.145752,30.632637,1
武安驾校报名点(洪河大道北路),life,生活服务;生活服务场所;生活服务场所,成华区,104.15278,30.634963,2
天欣驾校报名处,life,生活服务;生活服务场所;生活服务场所,成华区,104.144153,30.633582,2
成都通能压缩天然气有限公司(成华保和内侧加气站),life,生活服务;生活服务场所;生活服务场所,成华区,104.145553,30.631411,1
如意婚庆,life,生活服务;生活服务场所;生活服务场所,成华区,104.147145,30.62994,2
发型秀(嘉陵江路),life,生活服务;美容美发店;美容美发店,成华区,104.143935,30.631277,1
靓艺发丝,life,生活服务;美容美发店;美容美发店,成华区,104.159045,30.634892,13
张鞋匠,life,生活服务;生活服务场所;生活服务场所,成华区,104.158086,30.632143,9
专业搭棚丧葬全套,life,生活服务;生活服务场所;生活服务场所,成华区,104.155393,30.636158,3
四川老兵运输有限公司,life,生活服务;物流速递;物流速递,成华区,104.160034,30.639242,1
意发,life,生活服务;生活服务场所;生活服务场所,武侯区,103.967922,30.623103,174
维修服务入口,life,生活服务;生活服务场所;生活服务场所,武侯区,103.96875,30.620964,2
大兴达售后服务部,life,生活服务;生活服务场所;生活服务场所,武侯区,103.967192,30.620681,3
李元广告公司,life,生活服务;生活服务场所;生活服务场所,武侯区,103.978146,30.62361,3
滴滴打车,life,生活服务;生活服务场所;生活服务场所,武侯区,103.977681,30.625369,1
迈翔物流,life,生活服务;生活服务场所;生活服务场所,武侯区,103.982173,30.62482,6
优优图文(武兴三路),life,生活服务;生活服务场所;生活服务场所,武侯区,103.98025,30.627552,1
小刘摩修,life,生活服务;维修站点;维修站点,武侯区,103.975636,30.62197,3
宇佳图文快印,life,生活服务;生活服务场所;生活服务场所,武侯区,103.97481,30.62602,1
丸摄影,life,生活服务;生活服务场所;生活服务场所,武侯区,103.981843,30.628132,8
头等仓美发造型,life,生活服务;美容美发店;美容美发店,武侯区,103.976492,30.620794,1
金亿鑫广告,life,生活服务;生活服务场所;生活服务场所,武侯区,103.974079,30.62151,1
融信钣喷中心,life,生活服务;生活服务场所;生活服务场所,武侯区,103.977337,30.627968,1
怡和堂,life,生活服务;生活服务场所;生活服务场所,武侯区,103.988634,30.624114,107
花草集花艺婚庆,life,生活服务;生活服务场所;生活服务场所,武侯区,103.986489,30.62616,3
美墅浴室柜,life,生活服务;洗浴推拿场所;洗浴推拿场所,武侯区,103.99072,30.626438,2
立川物流,life,生活服务;物流速递;物流速递,武侯区,103.990621,30.622412,1
广告图文,life,生活服务;生活服务场所;生活服务场所,武侯区,103.99256,30.624818,1
城市置业,life,生活服务;生活服务场所;生活服务场所,武侯区,103.986995,30.628654,6
德发,life,生活服务;物流速递;物流速递,武侯区,103.990554,30.620528,101
保时捷维修入口,life,生活服务;生活服务场所;生活服务场所,武侯区,103.990048,30.628809,1
兰庭集招商运营中心,life,生活服务;生活服务场所;生活服务场所,武侯区,103.98459,30.621164,2
森岚环保科技,life,生活服务;生活服务场所;生活服务场所,武侯区,103.984084,30.628635,2
绍忠,life,生活服务;物流速递;物流速递,武侯区,103.998982,30.627251,93
漛飞水站,life,生活服务;生活服务场所;生活服务场所,武侯区,104.000012,30.621567,16
动能特技车队,life,生活服务;生活服务场所;生活服务场所,武侯区,104.003228,30.624054,2
亿飞广告,life,生活服务;生活服务场所;生活服务场所,武侯区,104.004785,30.621818,38
中国移动4G宽带电视服务站(聚荟街),life,生活服务;生活服务场所;生活服务场所,武侯区,103.995151,30.627555,1
顺江社区综合服务管理站,life,生活服务;生活服务场所;生活服务场所,武侯区,104.00109,30.629544,1
征程电脑维修中心,life,生活服务;维修站点;维修站点,武侯区,104.009351,30.622894,1
中粮地产,life,生活服务;生活服务场所;生活服务场所,武侯区,104.006305,30.625613,4
太阳鸟,life,生活服务;美容美发店;美容美发店,武侯区,104.013405,30.622144,2
盛世超凡广告(西三环路一段辅路),life,生活服务;生活服务场所;生活服务场所,武侯区,104.004752,30.624011,1
路正驾校报名点(八益家具城三期宿舍北),life,生活服务;生活服务场所;生活服务场所,武侯区,104.007648,30.621169,1
南苑水站,life,生活服务;生活服务场所;生活服务场所,武侯区,104.005224,30.626794,9
荣兴驾照,life,生活服务;生活服务场所;生活服务场所,武侯区,104.012784,30.625496,2
积木到家(新界店),life,生活服务;生活服务场所;生活服务场所,武侯区,104.01395,30.623706,3
叶水福物流(成都)有限公司,life,生活服务;物流速递;物流速递,武侯区,104.008712,30.62496,1
博饰美装饰,life,生活服务;生活服务场所;生活服务场所,武侯区,104.017311,30.626005,3
兴兴发艺,life,生活服务;美容美发店;美容美发店,武侯区,104.016993,30.621705,9
四川路阳律师事务所,life,生活服务;事务所;律师事务所,武侯区,104.021295,30.626704,2
成都弘丽物流有限公司,life,生活服务;物流速递;物流速递,武侯区,104.018067,30.628412,2
锐博图文,life,生活服务;生活服务场所;生活服务场所,武侯区,104.017245,30.61941,13
贵伦美订制,life,生活服务;生活服务场所;生活服务场所,武侯区,104.015135,30.624127,1
卡伦造型·申度美妆,life,生活服务;美容美发店;美容美发店,武侯区,104.031507,30.62528,2
中国体育彩票,life,生活服务;彩票彩券销售点;彩票彩券销售点,武侯区,104.028528,30.622852,3
红牌楼垃圾中转站,life,生活服务;生活服务场所;生活服务场所,武侯区,104.02519,30.623988,1
速递易,life,生活服务;物流速递;物流速递,武侯区,104.034512,30.627019,25
丽都会所,life,生活服务;美容美发店;美容美发店,武侯区,104.031217,30.628605,1
中粮香榭附333物业中心,life,生活服务;生活服务场所;生活服务场所,武侯区,104.032269,30.628863,1
龙昊置业,life,生活服务;生活服务场所;生活服务场所,武侯区,104.033211,30.620739,2
精丝发艺,life,生活服务;美容美发店;美容美发店,武侯区,104.045552,30.622714,64
国通快递,life,生活服务;物流速递;物流速递,武侯区,104.038577,30.623939,1
佳杰科技成都分拨中心,life,生活服务;物流速递;物流速递,武侯区,104.036698,30.625344,2
嘉宝创意,life,生活服务;生活服务场所;生活服务场所,武侯区,104.042013,30.621021,23
美到家美容SPA(桐梓林店),life,生活服务;美容美发店;美容美发店,武侯区,104.04164,30.628074,2
一品足道,life,生活服务;洗浴推拿场所;洗浴推拿场所,武侯区,104.03678,30.620118,6
谜芭,life,生活服务;洗浴推拿场所;洗浴推拿场所,武侯区,104.041856,30.618168,25
中国移动(芳草营销服务中心),life,生活服务;电讯营业厅;中国移动营业厅,武侯区,104.039065,30.62268,2
想象力快印,life,生活服务;生活服务场所;生活服务场所,武侯区,104.039729,30.626378,1
成都贴心办证刻章,life,生活服务;生活服务场所;生活服务场所,武侯区,104.039059,30.627199,1
剑恒发展中心大厅,life,生活服务;生活服务场所;生活服务场所,武侯区,104.043073,30.625406,4
万润地产,life,生活服务;生活服务场所;生活服务场所,武侯区,104.035528,30.621523,4
承然按摩理疗中心,life,生活服务;洗浴推拿场所;洗浴推拿场所,武侯区,104.037258,30.627966,1
藏真堂药妆药浴,life,生活服务;洗浴推拿场所;洗浴推拿场所,武侯区,104.038687,30.628655,6
广电客服部,life,生活服务;生活服务场所;生活服务场所,武侯区,104.033741,30.621574,2
法国丽多美专业女士减肥养生抗衰中心,life,生活服务;美容美发店;美容美发店,武侯区,104.039902,30.619506,1
盛图彩印,life,公司企业;公司;公司|生活服务;生活服务场所;生活服务场所,武侯区,104.038543,30.62488,1
伊禾园阳光养生堂,life,生活服务;美容美发店;美容美发店,武侯区,104.048717,30.624736,4
宅急修,life,生活服务;生活服务场所;生活服务场所,武侯区,104.049843,30.623708,1
城南驿站,life,生活服务;洗浴推拿场所;洗浴推拿场所,武侯区,104.046057,30.626142,6
文唐电脑维修,life,生活服务;生活服务场所;生活服务场所,武侯区,104.046098,30.62428,1
和信通便民缴费点(芳草东街),life,生活服务;生活服务场所;生活服务场所,武侯区,104.05017,30.62784,1
纹绣阁,life,生活服务;生活服务场所;生活服务场所,武侯区,104.053084,30.621253,1
速递易,life,生活服务;物流速递;物流速递,武侯区,104.051184,30.629408,1
杰艺理疗,life,生活服务;生活服务场所;生活服务场所,武侯区,104.065356,30.621016,69
米兰韩式半永久,life,生活服务;生活服务场所;生活服务场所,武侯区,104.068003,30.624264,1
利谐装饰,life,生活服务;生活服务场所;生活服务场所,武侯区,104.071776,30.623959,11
室内装饰工程,life,生活服务;生活服务场所;生活服务场所,武侯区,104.068924,30.621042,4
美眉甲,life,生活服务;美容美发店;美容美发店,武侯区,104.067637,30.620962,1
花匠,life,生活服务;生活服务场所;生活服务场所,武侯区,104.075493,30.619506,82
兴君道,life,生活服务;美容美发店;美容美发店,武侯区,104.07167,30.62033,1
速递易,life,生活服务;物流速递;物流速递,武侯区,104.078933,30.626362,54
五金水电安装,life,生活服务;生活服务场所;生活服务场所,武侯区,104.081075,30.624174,14
天罡印务,life,生活服务;生活服务场所;生活服务场所,武侯区,104.081473,30.621989,2
开开配送,life,生活服务;生活服务场所;生活服务场所,武侯区,104.080307,30.621279,1
集君图文印务,life,生活服务;生活服务场所;生活服务场所,武侯区,104.076697,30.628421,2
宏福休闲,life,生活服务;洗浴推拿场所;洗浴推拿场所,武侯区,104.08025,30.619013,30
巧手发屋,life,生活服务;生活服务场所;生活服务场所,武侯区,104.082861,30.629273,3
美丽工厂,life,生活服务;美容美发店;美容美发店,锦江区,104.088424,30.623648,8
苑中苑,life,生活服务;生活服务场所;生活服务场所,锦江区,104.090456,30.625976,39
幸福记婚礼,life,生活服务;生活服务场所;生活服务场所,锦江区,104.087764,30.622518,5
曾记皮鞋美容,life,生活服务;生活服务场所;生活服务场所,锦江区,104.0861,30.624152,4
华西相馆,life,生活服务;摄影冲印店;摄影冲印,锦江区,104.090044,30.621773,22
9渡摄影公馆,life,生活服务;生活服务场所;生活服务场所,锦江区,104.088402,30.627141,1
龙舟路街道羊毛驻场关爱中心,life,生活服务;生活服务场所;生活服务场所,锦江区,104.084338,30.62353,2
清韩式半永久美妆,life,生活服务;美容美发店;美容美发店,锦江区,104.084166,30.625122,1
鼓瓜鼓瓜蹦,life,生活服务;美容美发店;美容美发店,锦江区,104.087298,30.628308,2
花好月圆私弥坊摄影工作室,life,生活服务;生活服务场所;生活服务场所,锦江区,104.086294,30.620836,1
善喜婚礼,life,生活服务;生活服务场所;生活服务场所,锦江区,104.089259,30.628633,1
河滨社区重点青少年帮教服务站,life,生活服务;生活服务场所;生活服务场所,锦江区,104.091288,30.629184,2
艾妮尔美容美体,life,生活服务;美容美发店;美容美发店,锦江区,104.098374,30.622573,3
维度发艺,life,生活服务;美容美发店;美容美发店,锦江区,104.109292,30.621152,22
快美CTP输出中心,life,生活服务;生活服务场所;生活服务场所,锦江区,104.107902,30.624468,2
百世快递,life,生活服务;物流速递;物流速递,锦江区,104.109591,30.624808,3
精修电动车换电池配钥匙补鞋,life,生活服务;生活服务场所;生活服务场所,锦江区,104.110337,30.62261,1
行者无忧,life,生活服务;生活服务场所;生活服务场所,锦江区,104.11329,30.621443,26
东旺物业,life,生活服务;生活服务场所;生活服务场所,锦江区,104.114297,30.627739,14
万科签约中心,life,生活服务;生活服务场所;生活服务场所,锦江区,104.110297,30.61913,2
小月理发,life,生活服务;美容美发店;美容美发店,锦江区,104.117351,30.620859,21
静康社区网格工作站,life,生活服务;生活服务场所;生活服务场所,锦江区,104.117658,30.625058,1
速递易,life,生活服务;生活服务场所;生活服务场所,锦江区,104.114691,30.625099,15
艺剪造型,life,生活服务;美容美发店;美容美发店,锦江区,104.115945,30.621662,3
敏敏美发室,life,生活服务;美容美发店;美容美发店,锦江区,104.116917,30.628144,5
基层公开综合服务监管平台信息查询点,life,生活服务;生活服务场所;生活服务场所,锦江区,104.118598,30.622629,1
菜鸟驿站(成都金润华府幸福驿站万科限业主),life,生活服务;物流速递;物流速递,锦江区,104.116281,30.623916,1
四川邮电职业技术学院菜鸟驿站,life,生活服务;物流速递;物流速递,锦江区,104.12034,30.621087,3
易速递,life,生活服务;生活服务场所;生活服务场所,锦江区,104.114537,30.619869,1
中国电信(沙河铺营业厅),life,购物服务;家电电子卖场;手机销售|生活服务;电讯营业厅;中国电信营业厅,锦江区,104.121601,30.624972,1
美容塑身SPA,life,生活服务;美容美发店;美容美发店,成华区,104.131765,30.626824,1
曾老二电动车维修,life,生活服务;维修站点;维修站点,成华区,104.125143,30.621257,5
小祝发屋,life,生活服务;美容美发店;美容美发店,锦江区,104.125317,30.618664,37
金玉休闲,life,生活服务;洗浴推拿场所;洗浴推拿场所,锦江区,104.134617,30.619671,68
中国体育彩票,life,生活服务;彩票彩券销售点;彩票彩券销售点,锦江区,104.123892,30.623106,1
大同快递,life,生活服务;物流速递;物流速递,锦江区,104.12896,30.618836,3
浩凡广告,life,生活服务;生活服务场所;生活服务场所,成华区,104.139737,30.623632,6
蜀新驾校,life,科教文化服务;驾校;驾校|生活服务;生活服务场所;生活服务场所,成华区,104.141441,30.624007,2
小件寄存行李托运,life,生活服务;生活服务场所;生活服务场所,成华区,104.140206,30.628514,2
东站提货处,life,生活服务;生活服务场所;生活服务场所,成华区,104.13559,30.627858,1
成都东站行李包裹托运处,life,生活服务;物流速递;物流速递,成华区,104.136013,30.628996,2
兴城嘉苑物业管理中心,life,生活服务;生活服务场所;生活服务场所,成华区,104.137086,30.623227,1
美玲阁专业按摩,life,生活服务;洗浴推拿场所;洗浴推拿场所,成华区,104.146716,30.624883,3
晴晴专业按摩,life,生活服务;洗浴推拿场所;洗浴推拿场所,成华区,104.146358,30.626577,5
瑞豪专业烫染连锁,life,生活服务;生活服务场所;生活服务场所,成华区,104.144742,30.626485,1
汇通速递,life,生活服务;物流速递;物流速递,成华区,104.152584,30.626142,2
菜鸟驿站(万科三期一号门外),life,生活服务;物流速递;物流速递,成华区,104.149448,30.627475,1
盲人按摩(和韵路),life,生活服务;洗浴推拿场所;洗浴推拿场所,成华区,104.154207,30.627093,7
理发,life,生活服务;美容美发店;美容美发店,成华区,104.158462,30.623368,2
隆鑫·印象东方售楼部,life,生活服务;生活服务场所;生活服务场所,成华区,104.158112,30.625936,1
莲花公墓办事处(魅力之城4期·B7组团东),life,生活服务;生活服务场所;生活服务场所,成华区,104.155033,30.623912,1
紫提东郡物业中心,life,生活服务;生活服务场所;生活服务场所,成华区,104.157049,30.627997,3
顺发,life,生活服务;生活服务场所;生活服务场所,武侯区,103.971176,30.615518,37
姿韵,life,生活服务;美容美发店;美容美发店,武侯区,103.968241,30.609618,143
阳粗线,life,生活服务;生活服务场所;生活服务场所,武侯区,103.969188,30.617432,32
英姿美,life,生活服务;美容美发店;美容美发店,武侯区,103.970783,30.612553,8
佰丽足源,life,生活服务;生活服务场所;生活服务场所,武侯区,103.965558,30.615739,1
宝途售后,life,生活服务;生活服务场所;生活服务场所,武侯区,103.968197,30.61875,3
齐飞焊接加工,life,生活服务;生活服务场所;生活服务场所,武侯区,103.965035,30.618005,6
成都迈风车行(金摩店),life,生活服务;生活服务场所;生活服务场所,武侯区,103.967618,30.619552,1
鞋盒配送中心,life,生活服务;生活服务场所;生活服务场所,武侯区,103.970275,30.619538,1
武侯区长庆石油液化气公司金花液化气配送中心,life,生活服务;生活服务场所;生活服务场所,武侯区,103.964222,30.611439,1
大阳售后中心,life,生活服务;生活服务场所;生活服务场所,武侯区,103.966308,30.619399,1
尊享,life,生活服务;洗浴推拿场所;洗浴推拿场所,武侯区,103.984141,30.612881,38
中国福利彩票,life,生活服务;彩票彩券销售点;彩票彩券销售点,武侯区,103.977768,30.612146,2
韩美纹绣,life,生活服务;美容美发店;美容美发店,武侯区,103.981818,30.610016,15
路正驾校,life,生活服务;生活服务场所;生活服务场所,武侯区,103.976919,30.613508,2
蜀安驾校桂花路报名处,life,生活服务;生活服务场所;生活服务场所,武侯区,103.975287,30.61446,1
足源,life,生活服务;洗浴推拿场所;洗浴推拿场所,武侯区,103.974562,30.616047,2
植物取痣,life,生活服务;美容美发店;美容美发店,武侯区,103.973991,30.618244,1
西派城售楼处,life,生活服务;生活服务场所;生活服务场所,武侯区,103.982617,30.61931,1
中国体育彩票,life,生活服务;彩票彩券销售点;彩票彩券销售点,武侯区,103.987581,30.614898,3
陌森,life,生活服务;美容美发店;美容美发店,武侯区,103.994206,30.607055,1146
乐家服务站,life,生活服务;生活服务场所;生活服务场所,武侯区,103.98687,30.616388,6
意中意中介,life,生活服务;生活服务场所;生活服务场所,武侯区,103.986483,30.617522,2
精指发艺,life,生活服务;美容美发店;美容美发店,武侯区,103.992326,30.616206,3
芳胜发艺,life,生活服务;美容美发店;美容美发店,武侯区,103.990632,30.617909,4
浴足房,life,生活服务;洗浴推拿场所;洗浴推拿场所,武侯区,103.993614,30.613766,14
途腾物流,life,生活服务;物流速递;物流速递,武侯区,103.984095,30.616624,1
成都鑫中通物流有限公司,life,生活服务;物流速递;物流速递,武侯区,103.986443,30.618725,1
5701水站,life,生活服务;生活服务场所;生活服务场所,武侯区,103.997184,30.612913,2
莫霍克家具皮具修补,life,生活服务;生活服务场所;生活服务场所,武侯区,104.001804,30.61501,4
八益辅料商场办公室,life,生活服务;生活服务场所;生活服务场所,武侯区,104.000362,30.61678,1
普通汽运,life,生活服务;生活服务场所;生活服务场所,武侯区,104.003392,30.615737,21
静心画舍(零基础油画体验),life,生活服务;生活服务场所;生活服务场所,武侯区,103.995314,30.6127,2
永凤服务站,life,生活服务;生活服务场所;生活服务场所,武侯区,104.000362,30.618364,2
茂源运业,life,生活服务;物流速递;物流速递,武侯区,104.003808,30.617773,13
中国邮政(聚龙路),life,生活服务;邮局;邮局,武侯区,104.007501,30.614197,3
澹泊广告,life,生活服务;生活服务场所;生活服务场所,武侯区,104.009158,30.613466,1
瑞盛沙龙,life,生活服务;生活服务场所;生活服务场所,武侯区,104.01101,30.616366,2
菜鸟驿站(链家中粮祥云店612000220),life,生活服务;物流速递;物流速递,武侯区,104.011943,30.613311,1
名美轩,life,生活服务;生活服务场所;生活服务场所,武侯区,104.009724,30.618321,6
鑫瑞恒,life,生活服务;物流速递;物流速递,武侯区,104.013072,30.613751,1
凯越装饰,life,生活服务;生活服务场所;生活服务场所,武侯区,104.012736,30.617013,3
方寸广告摄影棚,life,生活服务;生活服务场所;生活服务场所,武侯区,104.005841,30.618824,1
黑马摄影设计中心,life,生活服务;摄影冲印店;摄影冲印,武侯区,104.006552,30.615958,1
铭流造型,life,生活服务;美容美发店;美容美发店,武侯区,104.018045,30.613045,3
垃圾转运站,life,生活服务;生活服务场所;生活服务场所,武侯区,104.021003,30.615005,6
丰巢快递柜,life,生活服务;生活服务场所;生活服务场所,武侯区,104.021776,30.617088,4
顺意发艺,life,生活服务;美容美发店;美容美发店,武侯区,104.019571,30.618006,14
省成汽运四分公司,life,生活服务;旅行社;旅行社|公司企业;公司;公司,武侯区,104.016212,30.616664,2
超威电池开锁配钥匙电动车维修,life,生活服务;生活服务场所;生活服务场所,武侯区,104.022363,30.611653,1
创和物业客服中心,life,生活服务;生活服务场所;生活服务场所,武侯区,104.021142,30.618318,1
青禾金属加工部,life,生活服务;生活服务场所;生活服务场所,武侯区,104.013787,30.61585,1
罗姐裁缝店,life,生活服务;生活服务场所;生活服务场所,武侯区,104.016004,30.618709,1
桃李(武侯区配送中心),life,生活服务;物流速递;物流速递,武侯区,104.021775,30.619385,3
丁丁堂微信公众号服务办事处,life,生活服务;生活服务场所;生活服务场所,武侯区,104.031034,30.611873,1
天府生命科技园物业服务中心,life,生活服务;生活服务场所;生活服务场所,武侯区,104.028546,30.618391,1
中通快递公司,life,生活服务;物流速递;物流速递,武侯区,104.029655,30.614186,2
兴科图文广告(科园南路),life,生活服务;生活服务场所;生活服务场所,武侯区,104.027206,30.617495,2
哦哦物流中心,life,生活服务;物流速递;物流速递,武侯区,104.03039,30.61031,1
格力售后,life,生活服务;生活服务场所;生活服务场所,武侯区,104.031958,30.610344,2
登飞物流取货中心,life,生活服务;生活服务场所;生活服务场所,武侯区,104.02389,30.618663,1
成都随时递现代物流有限公司,life,生活服务;物流速递;物流速递,武侯区,104.025476,30.611728,1
玉甲坊,life,生活服务;美容美发店;美容美发店,武侯区,104.038666,30.615259,24
何姐专业按摩,life,生活服务;洗浴推拿场所;洗浴推拿场所,武侯区,104.037761,30.613056,6
成都捷辉货运有限公司,life,生活服务;物流速递;物流速递,武侯区,104.035796,30.614494,2
神仙树社区综合服务站,life,生活服务;生活服务场所;生活服务场所,武侯区,104.040293,30.61665,2
瑞芮养发美容中心,life,生活服务;美容美发店;美容美发店,武侯区,104.036187,30.612627,1
成都高新区社会养老服务中心,life,生活服务;生活服务场所;生活服务场所,武侯区,104.038206,30.611314,2
新北社区综合服务站,life,生活服务;生活服务场所;生活服务场所,武侯区,104.039671,30.611266,2
交苑驾校报名处,life,生活服务;生活服务场所;生活服务场所,武侯区,104.034415,30.613924,4
纤姿惠,life,生活服务;美容美发店;美容美发店,武侯区,104.035629,30.609532,114
中铁现代物流(成都第二配送中心),life,生活服务;物流速递;物流速递,武侯区,104.036244,30.618113,2
金标榜美发,life,生活服务;美容美发店;美容美发店,武侯区,104.039534,30.610215,1
浩林文印,life,生活服务;生活服务场所;生活服务场所,武侯区,104.041587,30.60968,3
地奥医药连锁有限公司配送中心,life,生活服务;物流速递;物流速递,武侯区,104.033636,30.617736,1
紫薇社区综合服务站,life,生活服务;生活服务场所;生活服务场所,武侯区,104.048495,30.614903,3
御手国医(紫荆店),life,生活服务;洗浴推拿场所;洗浴推拿场所,武侯区,104.049146,30.613219,3
SPA中心,life,生活服务;生活服务场所;生活服务场所,武侯区,104.046456,30.615118,3
四季美依,life,生活服务;生活服务场所;生活服务场所,武侯区,104.051905,30.613094,19
缦斋高级定制,life,生活服务;生活服务场所;生活服务场所,武侯区,104.046758,30.613556,2
海洁商务,life,生活服务;生活服务场所;生活服务场所,武侯区,104.044766,30.616697,2
自然美美容美体沙龙(中海名城店),life,生活服务;生活服务场所;生活服务场所,武侯区,104.045017,30.611955,1
鼎力家政(南门店),life,生活服务;生活服务场所;生活服务场所,武侯区,104.04701,30.609821,1
馨悦荟,life,生活服务;生活服务场所;生活服务场所,武侯区,104.053868,30.610854,4
艺馨阁,life,生活服务;美容美发店;美容美发店,武侯区,104.057617,30.613451,35
逸梦缘,life,生活服务;美容美发店;美容美发店,武侯区,104.063496,30.613787,116
漾书美睫美甲,life,生活服务;生活服务场所;生活服务场所,武侯区,104.058914,30.61621,2
宇程之旅,life,生活服务;生活服务场所;生活服务场所,武侯区,104.056894,30.610942,16
丽妍精致美颜馆,life,生活服务;生活服务场所;生活服务场所,武侯区,104.057277,30.617229,1
漾畵美甲工作室,life,生活服务;美容美发店;美容美发店,武侯区,104.059646,30.61755,2
租赁中心,life,生活服务;生活服务场所;生活服务场所,武侯区,104.059842,30.610413,10
棉絮加工店,life,生活服务;生活服务场所;生活服务场所,武侯区,104.054633,30.612026,9
佳域,life,生活服务;美容美发店;美容美发店,武侯区,104.071438,30.61492,360
顺心辰,life,生活服务;生活服务场所;生活服务场所,武侯区,104.072532,30.616079,7
盛鸿印务,life,生活服务;生活服务场所;生活服务场所,武侯区,104.066542,30.611231,3
特价飞机票,life,生活服务;售票处;飞机票代售点,武侯区,104.069167,30.610788,3
天邦物流,life,生活服务;物流速递;物流速递,武侯区,104.064176,30.610128,6
远成快运(中环路火车南站东路段),life,生活服务;物流速递;物流速递,武侯区,104.070361,30.61116,1
熙朵,life,生活服务;美容美发店;美容美发店,武侯区,104.080696,30.614155,62
飞利浦专柜(王府井科华中路店),life,生活服务;生活服务场所;生活服务场所,武侯区,104.078049,30.614732,1
莲之堂形体梳理,life,生活服务;美容美发店;美容美发店,武侯区,104.080148,30.611895,2
老王家的理发铺,life,生活服务;美容美发店;美容美发店,武侯区,104.082071,30.616048,1
山东会馆,life,生活服务;洗浴推拿场所;洗浴推拿场所,武侯区,104.082511,30.611043,2
悦容坊,life,生活服务;美容美发店;美容美发店,武侯区,104.081356,30.609918,3
中国移动,life,生活服务;电讯营业厅;电讯营业厅,武侯区,104.076829,30.615596,1
尚姿蝶,life,生活服务;美容美发店;美容美发店,锦江区,104.089978,30.615091,122
鼎力家政(华润路店),life,生活服务;生活服务场所;生活服务场所,锦江区,104.087229,30.616434,1
渝富桥(东湖店),life,生活服务;洗浴推拿场所;洗浴推拿场所,锦江区,104.092836,30.617485,1
蜀安驾校(琉璃报名处),life,生活服务;生活服务场所;生活服务场所,锦江区,104.092177,30.60969,1
十字绣,life,生活服务;洗浴推拿场所;洗浴推拿场所,锦江区,104.098095,30.611817,133
安然纳米汗蒸馆(康郡店),life,生活服务;洗浴推拿场所;洗浴推拿场所,锦江区,104.096184,30.612844,1
克丽缇娜(嘉祥店),life,生活服务;美容美发店;美容美发店,锦江区,104.101733,30.614863,3
快又省,life,生活服务;生活服务场所;生活服务场所,锦江区,104.102464,30.61368,2
魔发,life,生活服务;美容美发店;美容美发店,锦江区,104.10081,30.608931,29
速递易(翡翠城4期A12),life,生活服务;物流速递;物流速递,锦江区,104.094176,30.615254,1
老熊理发,life,生活服务;美容美发店;美容美发店,锦江区,104.107022,30.617988,1
意林按摩,life,生活服务;洗浴推拿场所;洗浴推拿场所,锦江区,104.113187,30.614038,24
净衣空间,life,生活服务;生活服务场所;生活服务场所,锦江区,104.11208,30.618905,14
成都创意设计,life,生活服务;生活服务场所;生活服务场所,锦江区,104.106826,30.611363,1
佳信广告(晨辉北路),life,生活服务;生活服务场所;生活服务场所,锦江区,104.104665,30.612023,1
锦江广电,life,生活服务;生活服务场所;生活服务场所,锦江区,104.11181,30.610582,2
晨辉社区文明便民服务点,life,购物服务;综合市场;蔬菜市场|生活服务;生活服务场所;生活服务场所,锦江区,104.104754,30.615431,1
中国福利彩票,life,生活服务;彩票彩券销售点;彩票彩券销售点,锦江区,104.104488,30.614083,1
蜀府物业客服中心,life,生活服务;生活服务场所;生活服务场所,锦江区,104.106557,30.614273,1
创业空间,life,生活服务;生活服务场所;生活服务场所,锦江区,104.120315,30.616042,5
甲可爱,life,生活服务;美容美发店;美容美发店,锦江区,104.122129,30.613382,57
世纪名剪,life,生活服务;美容美发店;美容美发店,锦江区,104.11745,30.610563,9
新元图文广告设计中心,life,生活服务;生活服务场所;生活服务场所,锦江区,104.116218,30.613491,1
幸福里客户服务中心,life,生活服务;生活服务场所;生活服务场所,锦江区,104.115652,30.612406,2
天欣驾校咨询报名处,life,生活服务;生活服务场所;生活服务场所,锦江区,104.120014,30.6176,1
四川师范大学后勤集团接待中心,life,生活服务;生活服务场所;生活服务场所,锦江区,104.119704,30.610911,4
凯德保洁万科(城市花园店),life,生活服务;生活服务场所;生活服务场所,锦江区,104.114299,30.615564,2
韵达(菱安路),life,生活服务;物流速递;物流速递,锦江区,104.114552,30.612399,1
米小爱(万科城市花园店),life,生活服务;生活服务场所;生活服务场所,锦江区,104.114654,30.617063,1
澜间,life,生活服务;生活服务场所;生活服务场所,锦江区,104.119148,30.618647,1
菜鸟驿站,life,生活服务;生活服务场所;生活服务场所,锦江区,104.114858,30.611476,1
阿玛尼剪烫,life,生活服务;美容美发店;美容美发店,锦江区,104.12058,30.618707,5
热风造型(简爱),life,生活服务;美容美发店;美容美发店,锦江区,104.122571,30.618233,4
按摩足浴,life,生活服务;洗浴推拿场所;洗浴推拿场所,锦江区,104.115989,30.609276,46
唐氏美容院,life,生活服务;美容美发店;美容美发店,锦江区,104.121164,30.610039,1
克林缇娜,life,生活服务;生活服务场所;生活服务场所,锦江区,104.114432,30.618672,7
中国邮政(菱窠路),life,生活服务;邮局;邮局,锦江区,104.122537,30.61546,1
万蓉房产,life,生活服务;生活服务场所;生活服务场所,锦江区,104.129214,30.61278,9
中国体育彩票,life,生活服务;彩票彩券销售点;彩票彩券销售点,锦江区,104.130825,30.615487,19
中国体育彩票,life,生活服务;彩票彩券销售点;彩票彩券销售点,锦江区,104.127087,30.615545,5
滨海盲人按摩,life,生活服务;洗浴推拿场所;洗浴推拿场所,锦江区,104.132353,30.61366,15
首艺,life,生活服务;美容美发店;美容美发店,锦江区,104.128547,30.609982,76
菜鸟驿站(凯旋天地),life,生活服务;物流速递;物流速递,锦江区,104.124784,30.613904,1
美天造型(菱窠东路),life,生活服务;美容美发店;美容美发店,锦江区,104.123861,30.616059,1
天香逸指,life,生活服务;洗浴推拿场所;洗浴推拿场所,锦江区,104.130503,30.610281,1
速递易,life,生活服务;物流速递;物流速递,锦江区,104.134064,30.611442,51
销售招商中心,life,生活服务;生活服务场所;生活服务场所,锦江区,104.132769,30.618118,1
dodo美甲,life,生活服务;美容美发店;美容美发店,锦江区,104.123762,30.619221,1
欧奈尔,life,生活服务;美容美发店;美容美发店,锦江区,104.140985,30.611028,18
四川力展物流(农科院营业部),life,生活服务;物流速递;物流速递,锦江区,104.140674,30.614065,1
双晶·双桂物流公司,life,生活服务;物流速递;物流速递,锦江区,104.141325,30.615174,1
从头来美发,life,生活服务;美容美发店;美容美发店,锦江区,104.134402,30.616044,5
中国福利彩票,life,生活服务;彩票彩券销售点;彩票彩券销售点,锦江区,104.139406,30.611964,3
安娜贝儿儿童摄影馆,life,生活服务;摄影冲印店;摄影冲印,锦江区,104.140892,30.612935,1
天猫家装e站线下服务站,life,生活服务;生活服务场所;生活服务场所,锦江区,104.145686,30.609482,2
时尚发艺,life,生活服务;美容美发店;美容美发店,武侯区,103.970742,30.602908,9
路正驾校报名点,life,生活服务;生活服务场所;生活服务场所,武侯区,103.969293,30.60445,4
杰科皮革工艺,life,生活服务;生活服务场所;生活服务场所,武侯区,103.966788,30.603938,5
收废铁,life,生活服务;生活服务场所;生活服务场所,武侯区,103.969081,30.607421,1
交安驾校报名点(七里大道),life,生活服务;生活服务场所;生活服务场所,武侯区,103.970539,30.607484,1
鸿运包装,life,生活服务;生活服务场所;生活服务场所,武侯区,103.973074,30.606416,3
金荷物流,life,生活服务;物流速递;物流速递,武侯区,103.973831,30.605238,4
芳芳理发,life,生活服务;美容美发店;美容美发店,武侯区,103.974985,30.601524,40
晶生好运,life,生活服务;生活服务场所;生活服务场所,武侯区,103.981229,30.605701,4
泰顺鞋业办公室,life,生活服务;生活服务场所;生活服务场所,武侯区,103.977674,30.60578,2
广州平安货运成都分公司,life,生活服务;物流速递;物流速递,武侯区,103.977635,30.603552,4
力宝物业,life,生活服务;生活服务场所;生活服务场所,武侯区,103.983284,30.603355,2
指尚色彩,life,生活服务;生活服务场所;生活服务场所,武侯区,103.983706,30.604206,2
华康电商服务中心,life,生活服务;生活服务场所;生活服务场所,武侯区,103.979034,30.602685,6
恒鑫物流(成双大道),life,生活服务;物流速递;物流速递,武侯区,103.975764,30.604354,2
名流,life,生活服务;美容美发店;美容美发店,武侯区,103.981467,30.601283,13
时代广告图文,life,生活服务;生活服务场所;生活服务场所,武侯区,103.978192,30.607946,2
中天物流,life,生活服务;物流速递;物流速递,武侯区,103.974974,30.605785,1
好逸SMART女鞋之都店,life,生活服务;生活服务场所;生活服务场所,武侯区,103.983127,30.605672,1
中通女鞋之都公司,life,生活服务;物流速递;物流速递,武侯区,103.979808,30.600468,2
路正驾校,life,生活服务;生活服务场所;生活服务场所,武侯区,103.983221,30.606904,2
青木堂纹身纹绣,life,生活服务;美容美发店;美容美发店,武侯区,103.977349,30.609181,1
四季君美产后恢复,life,生活服务;美容美发店;美容美发店,武侯区,103.98476,30.604367,1
美甲美睫,life,生活服务;美容美发店;美容美发店,武侯区,103.984208,30.60793,5
千方御养养生会所,life,生活服务;美容美发店;美容美发店,武侯区,103.985889,30.608991,1
运茂物流,life,生活服务;物流速递;物流速递,武侯区,103.992526,30.599754,11
御足轩,life,生活服务;洗浴推拿场所;洗浴推拿场所,武侯区,104.003129,30.605092,88
劳保消防擦机布,life,生活服务;生活服务场所;生活服务场所,武侯区,103.999363,30.607434,2
接待中心,life,生活服务;生活服务场所;生活服务场所,武侯区,103.999569,30.600276,26
远成快运(新安大道),life,生活服务;物流速递;物流速递,武侯区,103.997751,30.60087,1
万兴水业,life,生活服务;生活服务场所;生活服务场所,武侯区,104.007917,30.602709,1
金诚货运,life,生活服务;物流速递;物流速递,武侯区,104.009118,30.608273,40
七七安装,life,生活服务;生活服务场所;生活服务场所,武侯区,104.006474,30.601372,2
创艺空间专业烫染,life,生活服务;美容美发店;美容美发店,武侯区,104.029496,30.60386,4
唯颐形象设计烫染店,life,生活服务;美容美发店;美容美发店,武侯区,104.027973,30.603507,1
茗竹苑茶坊,life,生活服务;洗浴推拿场所;洗浴推拿场所|餐饮服务;茶艺馆;茶艺馆,武侯区,104.026355,30.606679,13
勤勤缝纫,life,生活服务;生活服务场所;生活服务场所,武侯区,104.024539,30.605028,15
指尖恋人,life,生活服务;生活服务场所;生活服务场所,武侯区,104.032723,30.604176,1
庆安社区老年人日间照料中心,life,生活服务;生活服务场所;生活服务场所,武侯区,104.027308,30.604993,2
卓瑞电脑上门维修服务部,life,生活服务;维修站点;维修站点,武侯区,104.026009,30.603681,1
四川省运动技术学院温水康复中心,life,生活服务;洗浴推拿场所;洗浴推拿场所,武侯区,104.026375,30.602767,1
中联广告(美洲花园店),life,生活服务;生活服务场所;生活服务场所,武侯区,104.032697,30.600799,2
百世快递,life,生活服务;物流速递;物流速递,武侯区,104.038824,30.605036,10
临江广告,life,生活服务;生活服务场所;生活服务场所,武侯区,104.041973,30.606039,26
皮具护理,life,生活服务;生活服务场所;生活服务场所,武侯区,104.035462,30.602682,22
万瀚名车,life,生活服务;生活服务场所;生活服务场所,武侯区,104.037721,30.602219,1
臻欣美容养生馆,life,生活服务;美容美发店;美容美发店,武侯区,104.048426,30.605076,1
梓霖极致车美服务项目,life,生活服务;生活服务场所;生活服务场所,武侯区,104.048348,30.603642,3
保修中心,life,生活服务;生活服务场所;生活服务场所,武侯区,104.05123,30.604428,8
发仕名匠,life,生活服务;美容美发店;美容美发店,武侯区,104.050293,30.602543,17
速递易,life,生活服务;物流速递;物流速递,武侯区,104.045244,30.604555,4
菜鸟驿站(中海翠屏湾4栋3单元旁快递扫码送欧莱雅),life,生活服务;物流速递;物流速递,武侯区,104.049126,30.60163,1
古艾灸疗养生馆,life,生活服务;生活服务场所;生活服务场所,武侯区,104.052589,30.6058,2
售后服务中心,life,生活服务;生活服务场所;生活服务场所,武侯区,104.044123,30.604898,1
成都高新区芳草街街道办事处盛泰社区综合服务站,life,生活服务;生活服务场所;生活服务场所,武侯区,104.052046,30.60732,1
马自达维修服务,life,生活服务;生活服务场所;生活服务场所,武侯区,104.043642,30.604068,1
玉琢,life,生活服务;生活服务场所;生活服务场所,武侯区,104.058461,30.603724,2
大汉,life,生活服务;洗浴推拿场所;洗浴推拿场所,武侯区,104.060879,30.606058,65
宜家站自行车租赁点,life,生活服务;生活服务场所;生活服务场所,武侯区,104.05844,30.605279,1
优佳孕美影像生活馆,life,生活服务;生活服务场所;生活服务场所,武侯区,104.057557,30.60293,1
互动式维修接待区,life,生活服务;生活服务场所;生活服务场所,武侯区,104.058394,30.606512,2
清会馆,life,生活服务;洗浴推拿场所;洗浴推拿场所,武侯区,104.056998,30.601726,11
成都鸿帆沙发整形美容中心,life,生活服务;生活服务场所;生活服务场所,武侯区,104.057331,30.607112,2
唐形,life,生活服务;生活服务场所;生活服务场所,武侯区,104.062058,30.604363,9
盛和林语售楼部,life,生活服务;生活服务场所;生活服务场所,武侯区,104.054903,30.603026,1
收货区,life,生活服务;生活服务场所;生活服务场所,武侯区,104.062157,30.602524,1
易飞易国际旅行社,life,生活服务;生活服务场所;生活服务场所,武侯区,104.056823,30.607964,1
美格育颜,life,生活服务;生活服务场所;生活服务场所,武侯区,104.054304,30.605895,3
美洛美发,life,生活服务;美容美发店;美容美发店,武侯区,104.063941,30.604048,16
川和造型(理想店),life,生活服务;美容美发店;美容美发店,武侯区,104.057365,30.60019,1
蓝楹.素美馆美甲美睫.半永久,life,生活服务;美容美发店;美容美发店,武侯区,104.05585,30.608318,1
快捷快递,life,生活服务;物流速递;物流速递,武侯区,104.058634,30.609073,1
妙道养生美容,life,生活服务;美容美发店;美容美发店,武侯区,104.063398,30.606533,4
快剪,life,生活服务;美容美发店;美容美发店,武侯区,104.067184,30.604316,43
庞氏造型,life,生活服务;美容美发店;美容美发店,武侯区,104.070981,30.606182,28
中国福利彩票,life,生活服务;彩票彩券销售点;彩票彩券销售点,武侯区,104.07096,30.602339,11
桂溪街道永安社区日间照料中心,life,生活服务;生活服务场所;生活服务场所,武侯区,104.068755,30.601235,1
成都南站售票处,life,生活服务;售票处;火车票代售点,武侯区,104.066385,30.608048,4
爱旅游,life,生活服务;旅行社;旅行社,武侯区,104.070487,30.601094,5
中国体育彩票,life,生活服务;彩票彩券销售点;彩票彩券销售点,武侯区,104.072776,30.606517,2
国家电网(天仁北二街),life,生活服务;电力营业厅;电力营业厅,武侯区,104.065618,30.607142,1
快发,life,生活服务;美容美发店;美容美发店,武侯区,104.079002,30.606938,36
精灵之家儿童美术原创机构,life,生活服务;生活服务场所;生活服务场所,武侯区,104.07633,30.605368,1
灰姑娘美容美体工作室,life,生活服务;生活服务场所;生活服务场所,武侯区,104.076185,30.602282,1
菜鸟驿站,life,生活服务;生活服务场所;生活服务场所,锦江区,104.081571,30.601306,8
自行车租赁点(桂溪西街),life,生活服务;生活服务场所;生活服务场所,武侯区,104.076708,30.603812,1
咏洁生物,life,生活服务;洗浴推拿场所;洗浴推拿场所,武侯区,104.077782,30.601509,3
四川恒坤会计师事务所有限公司,life,生活服务;生活服务场所;生活服务场所,武侯区,104.075437,30.606766,1
和平社区综合服务站,life,生活服务;生活服务场所;生活服务场所,武侯区,104.074418,30.605546,3
和平农贸市场站自行车租赁点,life,生活服务;生活服务场所;生活服务场所,武侯区,104.073892,30.604032,1
菜鸟驿站,life,生活服务;生活服务场所;生活服务场所,武侯区,104.073703,30.60212,2
邮件自提点,life,生活服务;生活服务场所;生活服务场所,锦江区,104.087218,30.606383,21
名剪,life,生活服务;美容美发店;美容美发店,锦江区,104.091561,30.606123,90
川侨印务,life,生活服务;生活服务场所;生活服务场所,锦江区,104.086217,30.604651,4
红砖美发,life,生活服务;美容美发店;美容美发店,锦江区,104.092078,30.602902,5
小陈电动车维修行,life,生活服务;维修站点;维修站点,锦江区,104.08537,30.601483,3
皓诚广告,life,生活服务;生活服务场所;生活服务场所,锦江区,104.093472,30.601532,26
幸福之约广告,life,生活服务;生活服务场所;生活服务场所,锦江区,104.093972,30.603908,3
心悦造型,life,生活服务;美容美发店;美容美发店,锦江区,104.086179,30.600481,4
焦点广告有限公司,life,生活服务;生活服务场所;生活服务场所,锦江区,104.088122,30.600246,2
中通速递(凯丽香江片区),life,生活服务;物流速递;物流速递,锦江区,104.084062,30.60126,1
室内装修维修,life,生活服务;生活服务场所;生活服务场所,锦江区,104.092343,30.600412,1
香江花园物业服务中心,life,生活服务;生活服务场所;生活服务场所,锦江区,104.092782,30.608786,1
微创,life,生活服务;美容美发店;美容美发店,锦江区,104.100935,30.604569,191
发丝缘(仁居路),life,生活服务;美容美发店;美容美发店,锦江区,104.09631,30.602474,6
速递易,life,生活服务;物流速递;物流速递,锦江区,104.101042,30.602226,18
氧焊,life,生活服务;生活服务场所;生活服务场所,锦江区,104.096515,30.600121,28
顺成机电维修部,life,生活服务;维修站点;维修站点,锦江区,104.102454,30.607372,4
中国福利彩票,life,生活服务;彩票彩券销售点;彩票彩券销售点,锦江区,104.095466,30.608747,4
叶师车行,life,生活服务;维修站点;维修站点,锦江区,104.103311,30.601421,9
明家老铺,life,生活服务;洗浴推拿场所;洗浴推拿场所,锦江区,104.10186,30.599636,5
中国福利彩票,life,生活服务;彩票彩券销售点;彩票彩券销售点,锦江区,104.103454,30.599773,3
洪于广告印务,life,生活服务;生活服务场所;生活服务场所,锦江区,104.1046,30.603002,4
长城驾校(琉三路报名点),life,生活服务;生活服务场所;生活服务场所,锦江区,104.108566,30.601515,1
成都洪河液化石油气有限公司(成龙配送点)(海伦商务酒店西南),life,生活服务;生活服务场所;生活服务场所,锦江区,104.111065,30.608822,1
柳江配送,life,生活服务;物流速递;物流速递,锦江区,104.105117,30.600261,2
瘦美人形象设计,life,生活服务;生活服务场所;生活服务场所,锦江区,104.116105,30.605387,2
蓝光金悦天娇售楼部,life,生活服务;生活服务场所;生活服务场所,锦江区,104.119275,30.606286,1
鑫柯造型,life,生活服务;美容美发店;美容美发店,锦江区,104.121659,30.603196,6
莱美造型,life,生活服务;美容美发店;美容美发店,锦江区,104.120357,30.601855,1
海外旅游,life,生活服务;旅行社;旅行社,锦江区,104.123651,30.606473,67
美人计女子私房会馆,life,生活服务;生活服务场所;生活服务场所,锦江区,104.115176,30.602919,1
电信营业厅,life,生活服务;电讯营业厅;中国电信营业厅,锦江区,104.129622,30.603426,2
中国体育彩票,life,生活服务;彩票彩券销售点;彩票彩券销售点,锦江区,104.128857,30.606082,6
丝美发店,life,生活服务;生活服务场所;生活服务场所,锦江区,104.130774,30.607425,11
康济中医理疗养升馆,life,生活服务;生活服务场所;生活服务场所,锦江区,104.131644,30.600575,10
速递易(卓锦城五期A03),life,生活服务;物流速递;物流速递,锦江区,104.131813,30.602649,1
疯觅工作室,life,生活服务;生活服务场所;生活服务场所,锦江区,104.124679,30.608381,1
四海会所(三圣乡店),life,生活服务;美容美发店;美容美发店,锦江区,104.137589,30.602305,1
速递易(四海逸家二期A41),life,生活服务;物流速递;物流速递,锦江区,104.13883,30.601625,1
纯植物染发馆,life,生活服务;美容美发店;美容美发店,锦江区,104.134444,30.606111,2
HMDF和美东方产后恢复中心(三圣乡店),life,生活服务;美容美发店;美容美发店,锦江区,104.13381,30.60529,1
圆通快递,life,生活服务;物流速递;物流速递,锦江区,104.140311,30.600077,42
美发美容,life,生活服务;生活服务场所;生活服务场所,锦江区,104.134695,30.600832,7
成都公益组织服务园(百日红西路),life,生活服务;生活服务场所;生活服务场所,锦江区,104.137501,30.606682,1
杨杨修脚,life,生活服务;洗浴推拿场所;洗浴推拿场所,锦江区,104.135777,30.606385,2
菜鸟驿站(华韵天府007超市寄件有减免),life,生活服务;物流速递;物流速递,锦江区,104.142267,30.607151,1
菜鸟驿站(链家卓锦城店Y612000167),life,生活服务;物流速递;物流速递,锦江区,104.133865,30.601811,2
绿地中心468,life,生活服务;生活服务场所;生活服务场所,锦江区,104.143109,30.608307,11
蜀安驾校报名点(牡丹街),life,生活服务;生活服务场所;生活服务场所,锦江区,104.142606,30.599714,1
易速递,life,生活服务;生活服务场所;生活服务场所,锦江区,104.148934,30.607295,21
香樟社区筹备组,life,生活服务;生活服务场所;生活服务场所,锦江区,104.147859,30.604838,1
菜鸟驿站,life,生活服务;生活服务场所;生活服务场所,锦江区,104.146203,30.604248,2
青墨甲艺,life,生活服务;美容美发店;美容美发店,锦江区,104.14378,30.598562,21
九九养生(锦蓉店),life,生活服务;洗浴推拿场所;洗浴推拿场所,锦江区,104.147712,30.602922,1
塑美女子生活会馆,life,生活服务;生活服务场所;生活服务场所,锦江区,104.146029,30.605211,1
洪河加压站,life,生活服务;生活服务场所;生活服务场所,锦江区,104.145535,30.607404,1
收废品站,life,生活服务;生活服务场所;生活服务场所,武侯区,103.969922,30.59353,22
华日激光,life,生活服务;生活服务场所;生活服务场所,武侯区,103.966714,30.597705,24
延阁造型,life,生活服务;美容美发店;美容美发店,武侯区,103.973752,30.592474,65
时代工作室,life,生活服务;生活服务场所;生活服务场所,武侯区,103.96636,30.594696,1
收废品,life,生活服务;生活服务场所;生活服务场所,武侯区,103.970942,30.587956,90
成都鑫城广告,life,生活服务;生活服务场所;生活服务场所,武侯区,103.96385,30.597778,1
吉祥之家成都库房(8号仓库),life,生活服务;生活服务场所;生活服务场所,武侯区,103.975343,30.594099,1
甜蜜转身,life,生活服务;美容美发店;美容美发店,武侯区,103.981044,30.599136,6
晓蓉美发,life,生活服务;美容美发店;美容美发店,武侯区,103.976057,30.598972,7
迈翔物流,life,生活服务;物流速递;物流速递,武侯区,103.981958,30.597538,1
收废品,life,生活服务;生活服务场所;生活服务场所,武侯区,103.990222,30.59609,21
宏丰物流,life,生活服务;物流速递;物流速递,武侯区,103.993711,30.592487,78
金鑫货运,life,生活服务;物流速递;物流速递,武侯区,103.993097,30.595667,25
星海运业,life,生活服务;物流速递;物流速递,武侯区,103.984287,30.594602,1
成鑫驾校报名点(新智一路),life,生活服务;生活服务场所;生活服务场所,武侯区,103.985226,30.597171,1
优速快递,life,生活服务;物流速递;物流速递,武侯区,103.992256,30.591857,2
文指印务,life,生活服务;生活服务场所;生活服务场所,武侯区,103.991252,30.598339,2
嘉兴燃气,life,生活服务;生活服务场所;生活服务场所,武侯区,103.99894,30.591678,32
都安物流,life,生活服务;物流速递;物流速递,武侯区,104.000487,30.594059,21
康藏物流,life,生活服务;物流速递;物流速递,武侯区,103.997702,30.596023,5
华旺物流有限公司,life,生活服务;物流速递;物流速递,武侯区,103.99943,30.596159,1
鸿顺货运,life,生活服务;物流速递;物流速递,武侯区,103.996359,30.596661,29
顺亿达物流,life,生活服务;物流速递;物流速递,武侯区,104.002557,30.594009,1
成都永航安货运代理有限公司,life,生活服务;物流速递;物流速递,武侯区,103.993954,30.594159,1
修车电焊,life,生活服务;生活服务场所;生活服务场所,武侯区,103.996142,30.599184,1
恒艺货运,life,生活服务;物流速递;物流速递,武侯区,104.006762,30.595349,9
捷世通,life,生活服务;物流速递;物流速递,武侯区,104.008222,30.591349,52
金奕广告制作中心,life,生活服务;生活服务场所;生活服务场所,武侯区,104.005998,30.597916,1
海沣货运,life,生活服务;物流速递;物流速递,武侯区,104.012217,30.59052,3
废品回收,life,生活服务;生活服务场所;生活服务场所,武侯区,104.005713,30.590038,1
天艺婚典,life,生活服务;摄影冲印店;摄影冲印,武侯区,104.004893,30.590884,1
隆涛货运,life,生活服务;生活服务场所;生活服务场所,武侯区,104.005762,30.594309,2
中益燃气,life,生活服务;生活服务场所;生活服务场所,武侯区,104.019606,30.594896,22
电瓶修换,life,生活服务;生活服务场所;生活服务场所,武侯区,104.020275,30.593564,1
顺发广告装饰,life,生活服务;生活服务场所;生活服务场所,武侯区,104.017094,30.593165,2
靓点精剪(围机路),life,生活服务;美容美发店;美容美发店,武侯区,104.017159,30.591019,1
中石油昆仑燃气华兴配送点,life,生活服务;生活服务场所;生活服务场所,武侯区,104.023583,30.599432,1
双度物流,life,生活服务;物流速递;物流速递,武侯区,104.015514,30.590078,1
泰宇租赁站,life,生活服务;生活服务场所;生活服务场所,武侯区,104.023475,30.597034,1
电焊氧焊热补内外胎,life,生活服务;生活服务场所;生活服务场所,武侯区,104.027384,30.593382,2
永欣数码,life,生活服务;维修站点;维修站点,武侯区,104.026038,30.595288,14
(北京现代)维修接待,life,生活服务;生活服务场所;生活服务场所,武侯区,104.029219,30.592564,1
垃圾压缩站,life,生活服务;生活服务场所;生活服务场所,武侯区,104.028995,30.596979,1
新地物流发展有限公司,life,生活服务;物流速递;物流速递,武侯区,104.030284,30.591078,3
华冠物流,life,生活服务;物流速递;物流速递,武侯区,104.02812,30.59804,1
中外运敦豪(益园二路),life,生活服务;物流速递;物流速递,武侯区,104.029492,30.590317,1
TesLa.成都服务中心,life,生活服务;生活服务场所;生活服务场所,武侯区,104.026302,30.59049,1
和谐修车,life,生活服务;生活服务场所;生活服务场所,武侯区,104.031187,30.598738,2
长征驾校(南门服务中心),life,生活服务;生活服务场所;生活服务场所,武侯区,104.03464,30.589784,1
四川新程物流有限公司,life,生活服务;物流速递;物流速递,武侯区,104.036714,30.596547,4
天天快递(新园南二路),life,生活服务;物流速递;物流速递,武侯区,104.039611,30.592602,4
车辆检测中心,life,生活服务;生活服务场所;生活服务场所,武侯区,104.036227,30.598144,1
自行车租赁点(府城大道西段),life,生活服务;生活服务场所;生活服务场所,武侯区,104.03514,30.590663,1
众立综合便民市场理发店,life,生活服务;生活服务场所;生活服务场所,武侯区,104.039286,30.597853,1
南创房产,life,生活服务;生活服务场所;生活服务场所,武侯区,104.052512,30.596483,30
大手牵小手家庭服务,life,生活服务;生活服务场所;生活服务场所,武侯区,104.045926,30.593899,1
居雅家政,life,生活服务;生活服务场所;生活服务场所,武侯区,104.046017,30.592664,2
赛维洗衣生活馆,life,生活服务;洗衣店;洗衣店,武侯区,104.050064,30.598065,6
和盛西街站自行车租赁点,life,生活服务;生活服务场所;生活服务场所,武侯区,104.046985,30.593714,1
市一医院自行车租赁点(万象北路),life,生活服务;生活服务场所;生活服务场所,武侯区,104.048177,30.592587,1
南城都汇站自行车租赁点(雍翠路),life,生活服务;生活服务场所;生活服务场所,武侯区,104.047293,30.596335,1
自行车租赁点(成汉中路),life,生活服务;生活服务场所;生活服务场所,武侯区,104.051747,30.594067,1
万象北路站自行车租赁点,life,生活服务;生活服务场所;生活服务场所,武侯区,104.048522,30.598003,1
石羊街道办事处社会事务服务中心(家和街),life,生活服务;生活服务场所;生活服务场所,武侯区,104.047898,30.599365,1
奕美荟,life,生活服务;美容美发店;美容美发店,武侯区,104.052777,30.588995,61
大自然汗蒸会馆,life,生活服务;洗浴推拿场所;洗浴推拿场所,武侯区,104.052146,30.599161,3
天翼营业厅(成都长途通信传输局城南分局),life,生活服务;电讯营业厅;电讯营业厅,武侯区,104.050294,30.591052,1
丝想家,life,生活服务;美容美发店;美容美发店,武侯区,104.058971,30.594689,12
美丽传奇,life,生活服务;美容美发店;美容美发店,武侯区,104.060413,30.593011,1
祁杰发艺,life,生活服务;美容美发店;美容美发店,武侯区,104.058875,30.597123,1
华网咨询,life,生活服务;生活服务场所;生活服务场所,武侯区,104.060213,30.597971,38
完美芦荟养发美容生活馆,life,生活服务;美容美发店;美容美发店,武侯区,104.056056,30.597777,1
帕菲魔门环球旅拍,life,生活服务;摄影冲印店;摄影冲印,武侯区,104.058387,30.592762,1
地铁高新站自行车租赁点,life,生活服务;生活服务场所;生活服务场所,武侯区,104.061471,30.594847,1
职业技术学院站自行车租赁点,life,生活服务;生活服务场所;生活服务场所,武侯区,104.057619,30.596957,1
货车帮,life,生活服务;物流速递;物流速递,武侯区,104.063227,30.593185,67
市交委综合运输处,life,生活服务;生活服务场所;生活服务场所,武侯区,104.060181,30.590446,1
国家电网票务中心,life,生活服务;生活服务场所;生活服务场所,武侯区,104.058982,30.589783,1
诉讼服务中心,life,生活服务;生活服务场所;生活服务场所,武侯区,104.062996,30.597498,1
自行车租赁点,life,生活服务;生活服务场所;生活服务场所,武侯区,104.061267,30.589975,1
自行车租赁点(蜀绣西路),life,生活服务;生活服务场所;生活服务场所,武侯区,104.060279,30.589467,1
菜鸟驿站(南城都汇四期15栋103号),life,生活服务;物流速递;物流速递,武侯区,104.054843,30.59856,1
改衣坊,life,生活服务;生活服务场所;生活服务场所,武侯区,104.070908,30.595966,135
天府民居物业,life,生活服务;生活服务场所;生活服务场所,武侯区,104.068986,30.592302,5
维家净(高新店),life,生活服务;生活服务场所;生活服务场所,武侯区,104.068844,30.590087,1
学府水行,life,生活服务;生活服务场所;生活服务场所,武侯区,104.07349,30.591718,2
芳踪·科美中心,life,生活服务;生活服务场所;生活服务场所,武侯区,104.076726,30.597537,4
布兰奇洗衣(半岛店),life,生活服务;洗衣店;洗衣店,武侯区,104.078197,30.595324,3
万点工作室,life,生活服务;摄影冲印店;摄影冲印,武侯区,104.074148,30.593442,4
菜鸟驿站(链家半岛城邦店612000052),life,生活服务;物流速递;物流速递,武侯区,104.076655,30.594123,1
诚鑫数码图文,life,生活服务;生活服务场所;生活服务场所,锦江区,104.082414,30.593139,8
尚城装饰,life,生活服务;生活服务场所;生活服务场所,锦江区,104.082946,30.590165,5
美的空调成都售后维修站,life,生活服务;维修站点;维修站点,锦江区,104.081502,30.597493,1
湘印天下图文店,life,生活服务;生活服务场所;生活服务场所,锦江区,104.087766,30.594233,1
恒康集团活动中心,life,生活服务;生活服务场所;生活服务场所,锦江区,104.088304,30.596179,1
天诗地产,life,生活服务;生活服务场所;生活服务场所,锦江区,104.091692,30.594815,18
CCTV发现之旅,life,生活服务;生活服务场所;生活服务场所,锦江区,104.086946,30.596102,1
成都市菲凡办公用品配送中心,life,生活服务;物流速递;物流速递,锦江区,104.088939,30.591915,1
王热补,life,生活服务;生活服务场所;生活服务场所,锦江区,104.090951,30.59104,36
邮区中心局(报刊封发分局),life,生活服务;邮局;邮局,锦江区,104.084472,30.593467,1
梵天地产,life,生活服务;生活服务场所;生活服务场所,锦江区,104.084763,30.589789,1
成都锦江区锦华路营业部,life,生活服务;生活服务场所;生活服务场所,锦江区,104.092293,30.590937,1
上海大众售后,life,生活服务;生活服务场所;生活服务场所,锦江区,104.085243,30.597662,1
燃气中心,life,生活服务;生活服务场所;生活服务场所,锦江区,104.086791,30.590544,1
工友理发,life,生活服务;生活服务场所;生活服务场所,锦江区,104.101195,30.596669,9
高价回收,life,生活服务;生活服务场所;生活服务场所,锦江区,104.101115,30.595025,1
联合粮油配送中心,life,生活服务;物流速递;物流速递,锦江区,104.097856,30.591464,5
发源时尚造型,life,生活服务;美容美发店;美容美发店,锦江区,104.102643,30.593332,3
洋洋美甲,life,生活服务;生活服务场所;生活服务场所,锦江区,104.096229,30.590738,12
逸彩美业,life,生活服务;美容美发店;美容美发店,锦江区,104.094023,30.591153,8
腾飞车行(琉新路),life,生活服务;维修站点;维修站点,锦江区,104.102422,30.589729,1
红正堂,life,生活服务;洗浴推拿场所;洗浴推拿场所,锦江区,104.111052,30.593124,18
聚仙廊,life,生活服务;生活服务场所;生活服务场所,锦江区,104.104817,30.595754,15
菜鸟驿站,life,生活服务;生活服务场所;生活服务场所,锦江区,104.105528,30.593895,8
菜鸟驿站(百世邻里锦城逸景C区),life,生活服务;物流速递;物流速递,锦江区,104.111744,30.59542,1
成都捷龙起亚4S店,life,生活服务;生活服务场所;生活服务场所,锦江区,104.107365,30.597617,1
川岛天然山泉水,life,生活服务;生活服务场所;生活服务场所,锦江区,104.10648,30.591334,1
审车点,life,生活服务;生活服务场所;生活服务场所,锦江区,104.111653,30.597935,1
斯柯达售后,life,生活服务;生活服务场所;生活服务场所,锦江区,104.111502,30.589719,1
雅兰美发私人定制烫染名店,life,生活服务;美容美发店;美容美发店,锦江区,104.112589,30.590389,1
金箭驾照,life,生活服务;生活服务场所;生活服务场所,锦江区,104.123274,30.596128,2
菜鸟驿站(链家美林湾店612000159),life,生活服务;物流速递;物流速递,锦江区,104.113895,30.590453,1
美团专送,life,生活服务;生活服务场所;生活服务场所,锦江区,104.127728,30.592474,2
福利彩票店,life,生活服务;生活服务场所;生活服务场所,锦江区,104.132123,30.59669,2
生活委员(水碾河店),life,生活服务;生活服务场所;生活服务场所,锦江区,104.132392,30.590054,2
美乐美睫美甲,life,生活服务;生活服务场所;生活服务场所,锦江区,104.133025,30.598693,8
绵阳东方物流,life,生活服务;物流速递;物流速递,锦江区,104.129587,30.593853,1
布兰奇国际洗衣(卓锦城店),life,生活服务;洗衣店;洗衣店,锦江区,104.131082,30.599282,1
T型攻略,life,生活服务;美容美发店;美容美发店,锦江区,104.138611,30.596006,5
速递易,life,生活服务;物流速递;物流速递,锦江区,104.135341,30.59338,10
菜鸟驿站,life,生活服务;生活服务场所;生活服务场所,锦江区,104.138518,30.591694,4
美尚,life,生活服务;美容美发店;美容美发店,锦江区,104.141659,30.596589,37
晶晶美容工作室,life,生活服务;生活服务场所;生活服务场所,锦江区,104.13608,30.591624,2
卓雅私人发型空间,life,生活服务;美容美发店;美容美发店,锦江区,104.138939,30.598313,2
邮政速递易,life,生活服务;生活服务场所;生活服务场所,锦江区,104.136084,30.597905,3
古力美容养生连锁机构,life,生活服务;生活服务场所;生活服务场所,锦江区,104.13776,30.598952,2
三圣花乡游客中心,life,生活服务;生活服务场所;生活服务场所,锦江区,104.133945,30.591031,2
天欣驾校报名点(杨树街),life,生活服务;生活服务场所;生活服务场所,锦江区,104.150784,30.593877,1
世纪经典五店,life,生活服务;美容美发店;美容美发店,锦江区,104.144851,30.597882,1
菜鸟驿站(牡丹街星雅俊园YOOUKA商城O2O超市),life,生活服务;物流速递;物流速递,锦江区,104.151714,30.592863,1
牛放子曰工作室,life,生活服务;生活服务场所;生活服务场所,锦江区,104.155868,30.592583,1
灿烂千阳艺术摄影吧,life,生活服务;摄影冲印店;摄影冲印,锦江区,104.164521,30.592692,1
同心缘,life,生活服务;生活服务场所;生活服务场所,武侯区,103.973086,30.581508,124
发丝雅,life,生活服务;美容美发店;美容美发店,武侯区,103.966742,30.582105,15
三川丝印,life,生活服务;生活服务场所;生活服务场所,武侯区,103.965283,30.58648,17
成都市大学生爱心服务基地,life,生活服务;生活服务场所;生活服务场所,武侯区,103.965012,30.589149,1
利仕发艺,life,生活服务;美容美发店;美容美发店,武侯区,103.97309,30.588937,2
旧货回收,life,生活服务;生活服务场所;生活服务场所,武侯区,103.979655,30.585255,11
艺丽发型,life,生活服务;美容美发店;美容美发店,武侯区,103.978255,30.587351,7
胜强不锈钢加工部,life,生活服务;生活服务场所;生活服务场所,武侯区,103.977291,30.588302,2
艺剪坊,life,生活服务;美容美发店;美容美发店,武侯区,103.979563,30.588858,2
孟涛工作室,life,生活服务;生活服务场所;生活服务场所,武侯区,103.984926,30.589139,2
成都众鑫货运服务有限公司,life,生活服务;物流速递;物流速递,武侯区,103.999416,30.584655,1
友诚物流(文昌西路),life,生活服务;物流速递;物流速递,武侯区,103.998016,30.583979,2
西部物流,life,生活服务;物流速递;物流速递,武侯区,104.001333,30.585018,31
万鑫雕塑艺术,life,生活服务;生活服务场所;生活服务场所,武侯区,103.997701,30.586769,1
文昌水站,life,生活服务;生活服务场所;生活服务场所,武侯区,104.000396,30.587715,3
京广快运,life,生活服务;物流速递;物流速递,武侯区,103.99687,30.587868,2
金佛浴足,life,生活服务;洗浴推拿场所;洗浴推拿场所,武侯区,104.002231,30.582852,1
修电动车,life,生活服务;维修站点;维修站点,武侯区,104.002575,30.579785,1
菜鸟驿站(百世邻里体育学校门口胖哥超市),life,生活服务;物流速递;物流速递,武侯区,104.004591,30.586403,1
顺风浴室(美好花园三期西),life,生活服务;洗浴推拿场所;洗浴推拿场所,武侯区,104.003886,30.584921,1
明松物流,life,生活服务;物流速递;物流速递,武侯区,104.011812,30.588856,2
气瓶检验服务大厅,life,生活服务;生活服务场所;生活服务场所,武侯区,104.020667,30.589298,1
中国平安指定维修点,life,生活服务;生活服务场所;生活服务场所,武侯区,104.016875,30.586654,2
蓉开货运(武侯大道三河段),life,生活服务;物流速递;物流速递,武侯区,104.013954,30.588378,1
维科辅材库,life,生活服务;生活服务场所;生活服务场所,武侯区,104.018865,30.589268,1
车身色彩定制,life,生活服务;生活服务场所;生活服务场所,武侯区,104.018362,30.585383,1
国跃斯柯达售后,life,生活服务;生活服务场所;生活服务场所,武侯区,104.023406,30.588035,1
仁和美发,life,生活服务;美容美发店;美容美发店,武侯区,104.028346,30.584144,31
棉絮加工,life,生活服务;生活服务场所;生活服务场所,武侯区,104.032111,30.585996,31
石桥路南站自行车租赁点,life,生活服务;生活服务场所;生活服务场所,武侯区,104.029299,30.582751,1
鼎圣装饰,life,生活服务;生活服务场所;生活服务场所,武侯区,104.030632,30.581579,5
美洲滑板公园接待大厅,life,生活服务;生活服务场所;生活服务场所,武侯区,104.030681,30.580155,1
大开莱康,life,生活服务;生活服务场所;生活服务场所,武侯区,104.030618,30.589194,1
尚美国际烫染沙龙,life,生活服务;美容美发店;美容美发店,武侯区,104.032609,30.580769,3
石羊场公交站三站自行车租赁点,life,生活服务;生活服务场所;生活服务场所,武侯区,104.031651,30.588978,1
成都石羊客运站售票处,life,生活服务;售票处;长途汽车票代售点,武侯区,104.029881,30.588211,1
石羊运业有限责任公司,life,生活服务;生活服务场所;生活服务场所,武侯区,104.03136,30.58798,2
新南社区服务中心,life,生活服务;生活服务场所;生活服务场所,武侯区,104.03432,30.58066,2
中国移动(石羊营销服务中心),life,生活服务;电讯营业厅;中国移动营业厅,武侯区,104.039308,30.581648,1
韩佳怡,life,生活服务;美容美发店;美容美发店,武侯区,104.035101,30.582229,7
中通快递石羊公司(昆阳路),life,生活服务;物流速递;物流速递,武侯区,104.037962,30.586906,1
朝芬数码照相,life,生活服务;摄影冲印店;摄影冲印,武侯区,104.034132,30.588535,2
华府水业,life,生活服务;生活服务场所;生活服务场所,武侯区,104.049882,30.583238,4
美力家,life,生活服务;美容美发店;美容美发店,武侯区,104.051665,30.582466,25
LE COIFFEUR专业发艺沙龙,life,生活服务;美容美发店;美容美发店,武侯区,104.050033,30.587905,1
皇冠造型(锦尚西二路),life,生活服务;美容美发店;美容美发店,武侯区,104.046953,30.580839,4
维房维修中心,life,生活服务;生活服务场所;生活服务场所,武侯区,104.045716,30.582784,1
天天畅智慧家庭服务站(锦尚西二路),life,生活服务;生活服务场所;生活服务场所,武侯区,104.048617,30.581157,2
简爱丝,life,生活服务;美容美发店;美容美发店|购物服务;服装鞋帽皮具店;服装鞋帽皮具店,武侯区,104.048662,30.587768,1
速递易,life,生活服务;物流速递;物流速递,武侯区,104.058658,30.586943,30
瑞格利图文快印,life,生活服务;生活服务场所;生活服务场所,武侯区,104.05849,30.584075,4
奇客装修,life,生活服务;生活服务场所;生活服务场所,武侯区,104.05849,30.580187,16
地铁金融城站自行车租赁点,life,生活服务;生活服务场所;生活服务场所,武侯区,104.059622,30.584571,1
天元律师事务所,life,生活服务;生活服务场所;生活服务场所,武侯区,104.056181,30.58418,1
中海城南1号站自行车租赁点,life,生活服务;生活服务场所;生活服务场所,武侯区,104.055587,30.581238,1
机关会议服务中心,life,生活服务;生活服务场所;生活服务场所,武侯区,104.062207,30.580529,3
速递易,life,生活服务;物流速递;物流速递,武侯区,104.054077,30.583365,1
四川凯盈律师事务所,life,生活服务;生活服务场所;生活服务场所,武侯区,104.060876,30.586955,1
悦美会所,life,生活服务;生活服务场所;生活服务场所,武侯区,104.06742,30.587759,1
兰亭金汤,life,餐饮服务;中餐厅;中餐厅|生活服务;洗浴推拿场所;洗浴推拿场所,武侯区,104.070983,30.588676,6
链家(银泰城店),life,生活服务;生活服务场所;生活服务场所,武侯区,104.066248,30.589123,1
政府四办公区站自行车租赁点(锦尚西一路),life,生活服务;生活服务场所;生活服务场所,武侯区,104.063615,30.58127,1
自行车租赁点(金融城南路),life,生活服务;生活服务场所;生活服务场所,武侯区,104.063604,30.58007,1
朴素图文,life,生活服务;生活服务场所;生活服务场所,武侯区,104.064018,30.589294,4
菜鸟驿站(礼顿山一号小区超市),life,生活服务;物流速递;物流速递,武侯区,104.073339,30.588808,1
地产金融,life,生活服务;生活服务场所;生活服务场所,武侯区,104.064031,30.582502,1
可可便民服务,life,生活服务;生活服务场所;生活服务场所,锦江区,104.093264,30.586461,1
柳江街道办事处第三社区公共服务站,life,生活服务;生活服务场所;生活服务场所,锦江区,104.090819,30.588476,1
新创意厨房设备加工部,life,生活服务;生活服务场所;生活服务场所,锦江区,104.092171,30.579981,1
祝国寺公墓,life,生活服务;生活服务场所;生活服务场所,锦江区,104.090493,30.579503,1
燕涛装饰,life,生活服务;生活服务场所;生活服务场所,锦江区,104.093432,30.579686,2
腾飞快修,life,生活服务;维修站点;维修站点,锦江区,104.090386,30.581722,1
福兴电脑科技,life,生活服务;维修站点;维修站点,锦江区,104.091903,30.585397,1
中国福利彩票,life,生活服务;彩票彩券销售点;彩票彩券销售点,锦江区,104.102658,30.588066,4
快捷快递(包江社区东),life,生活服务;物流速递;物流速递,锦江区,104.095448,30.588349,1
中铁物流(锦阳大道),life,生活服务;物流速递;物流速递,锦江区,104.107163,30.583202,1
圆通速递(桊五新居南),life,生活服务;物流速递;物流速递,锦江区,104.105908,30.585609,1
云华打印复印部,life,生活服务;生活服务场所;生活服务场所,锦江区,104.103955,30.585818,8
新禾印务,life,生活服务;生活服务场所;生活服务场所,锦江区,104.105907,30.586514,1
维修服务,life,生活服务;生活服务场所;生活服务场所,锦江区,104.11515,30.587921,2
城市物流涂装,life,生活服务;生活服务场所;生活服务场所,锦江区,104.11758,30.585821,1
大幕后婚礼制景,life,生活服务;生活服务场所;生活服务场所,锦江区,104.115607,30.583986,1
秀丽东方百老汇演出,life,生活服务;生活服务场所;生活服务场所,锦江区,104.120053,30.587362,1
自行车租赁点(锦江大道),life,生活服务;生活服务场所;生活服务场所,锦江区,104.113543,30.587785,1
秀丽东方售票处(幸福路),life,生活服务;售票处;公园景点售票处,锦江区,104.132368,30.583287,1
秀丽东方生态文化景区售票处,life,生活服务;售票处;公园景点售票处,锦江区,104.12388,30.584763,1
日敦社,life,公司企业;公司;公司|生活服务;生活服务场所;生活服务场所,锦江区,104.132802,30.585622,2
幸福社区养老助残关爱站,life,生活服务;生活服务场所;生活服务场所,锦江区,104.126291,30.585775,1
鑫逸发屋,life,生活服务;美容美发店;美容美发店,锦江区,104.143496,30.582837,5
菜鸟驿站(YOOUKA商城O2O超市锦江春天店),life,生活服务;物流速递;物流速递,锦江区,104.149751,30.584612,1
鹏飞发型设计,life,生活服务;美容美发店;美容美发店,锦江区,104.145734,30.583388,2
收废品,life,生活服务;生活服务场所;生活服务场所,锦江区,104.146897,30.581835,5
大姐租车,life,生活服务;生活服务场所;生活服务场所,锦江区,104.144474,30.584793,5
自行车租赁点(柳荫路),life,生活服务;生活服务场所;生活服务场所,锦江区,104.153457,30.585132,2
观景车行,life,生活服务;生活服务场所;生活服务场所,锦江区,104.153152,30.587162,2
园林工具专业维修,life,生活服务;生活服务场所;生活服务场所,锦江区,104.150195,30.579615,1
费森设计,life,生活服务;生活服务场所;生活服务场所,锦江区,104.157805,30.589089,3
棉絮加工,life,生活服务;生活服务场所;生活服务场所,锦江区,104.156288,30.584156,3
凯茜米亚婚礼策划,life,生活服务;生活服务场所;生活服务场所,锦江区,104.161373,30.586207,1
自行车租赁点(银杏路),life,生活服务;生活服务场所;生活服务场所,锦江区,104.159502,30.586716,1
天香苑接待中心,life,生活服务;生活服务场所;生活服务场所,锦江区,104.160875,30.587055,1
蜀仙园接待室,life,生活服务;生活服务场所;生活服务场所,锦江区,104.154944,30.58283,2
三圣乡自行车租赁点(紫藤路),life,生活服务;生活服务场所;生活服务场所,锦江区,104.155534,30.585712,1
刘家花园婚庆馆,life,生活服务;生活服务场所;生活服务场所,锦江区,104.16005,30.58082,1
