{
  "type": "FeatureCollection",
  "features": [
    {
      "type": "Feature",
      "geometry": {
        "type": "Point",
        "coordinates": [
          103.974719,
          30.734036
        ]
      },
      "properties": {
        "name": "英伦诊所",
        "category": "medical",
        "type": "医疗保健服务;诊所;诊所",
        "district": "金牛区",
        "weight": 4
      }
    },
    {
      "type": "Feature",
      "geometry": {
        "type": "Point",
        "coordinates": [
          103.97809,
          30.733631
        ]
      },
      "properties": {
        "name": "郫县浩民诊所",
        "category": "medical",
        "type": "医疗保健服务;诊所;诊所",
        "district": "金牛区",
        "weight": 1
      }
    },
    {
      "type": "Feature",
      "geometry": {
        "type": "Point",
        "coordinates": [
          103.992052,
          30.73131
        ]
      },
      "properties": {
        "name": "天仁堂大药房(塔米亚药房)",
        "category": "medical",
        "type": "医疗保健服务;医药保健销售店;药房",
        "district": "金牛区",
        "weight": 2
      }
    },
    {
      "type": "Feature",
      "geometry": {
        "type": "Point",
        "coordinates": [
          104.013485,
          30.732373
        ]
      },
      "properties": {
        "name": "兴盛世家社区卫生服务站",
        "category": "medical",
        "type": "医疗保健服务;综合医院;卫生院",
        "district": "金牛区",
        "weight": 1
      }
    },
    {
      "type": "Feature",
      "geometry": {
        "type": "Point",
        "coordinates": [
          104.011254,
          30.733853
        ]
      },
      "properties": {
        "name": "予康诊所",
        "category": "medical",
        "type": "医疗保健服务;诊所;诊所",
        "district": "金牛区",
        "weight": 5
      }
    },
    {
      "type": "Feature",
      "geometry": {
        "type": "Point",
        "coordinates": [
          104.011359,
          30.731441
        ]
      },
      "properties": {
        "name": "金牛蜀都诊所",
        "category": "medical",
        "type": "医疗保健服务;诊所;诊所",
        "district": "金牛区",
        "weight": 2
      }
    },
    {
      "type": "Feature",
      "geometry": {
        "type": "Point",
        "coordinates": [
          104.00974,
          30.737422
        ]
      },
      "properties": {
        "name": "侯家桥村卫生站",
        "category": "medical",
        "type": "医疗保健服务;诊所;诊所",
        "district": "金牛区",
        "weight": 2
      }
    },
    {
      "type": "Feature",
      "geometry": {
        "type": "Point",
        "coordinates": [
          104.011857,
          30.738928
        ]
      },
      "properties": {
        "name": "金牛国诊所",
        "category": "medical",
        "type": "医疗保健服务;诊所;诊所",
        "district": "金牛区",
        "weight": 1
      }
    },
    {
      "type": "Feature",
      "geometry": {
        "type": "Point",
        "coordinates": [
          104.008645,
          30.733993
        ]
      },
      "properties": {
        "name": "欣瑞药店",
        "category": "medical",
        "type": "医疗保健服务;医药保健销售店;药房",
        "district": "金牛区",
        "weight": 5
      }
    },
    {
      "type": "Feature",
      "geometry": {
        "type": "Point",
        "coordinates": [
          104.007832,
          30.732574
        ]
      },
      "properties": {
        "name": "显毅诊所",
        "category": "medical",
        "type": "医疗保健服务;诊所;诊所",
        "district": "金牛区",
        "weight": 1
      }
    },
    {
      "type": "Feature",
      "geometry": {
        "type": "Point",
        "coordinates": [
          104.007285,
          30.738638
        ]
      },
      "properties": {
        "name": "壶春堂药房",
        "category": "medical",
        "type": "医疗保健服务;医药保健销售店;药房",
        "district": "金牛区",
        "weight": 1
      }
    },
    {
      "type": "Feature",
      "geometry": {
        "type": "Point",
        "coordinates": [
          104.014154,
          30.735401
        ]
      },
      "properties": {
        "name": "金牛明明诊所",
        "category": "medical",
        "type": "医疗保健服务;诊所;诊所",
        "district": "金牛区",
        "weight": 3
      }
    },
    {
      "type": "Feature",
      "geometry": {
        "type": "Point",
        "coordinates": [
          104.022309,
          30.731778
        ]
      },
      "properties": {
        "name": "瑞铭康诊所",
        "category": "medical",
        "type": "医疗保健服务;诊所;诊所",
        "district": "金牛区",
        "weight": 2
      }
    },
    {
      "type": "Feature",
      "geometry": {
        "type": "Point",
        "coordinates": [
          104.018164,
          30.735791
        ]
      },
      "properties": {
        "name": "金牛民明诊所",
        "category": "medical",
        "type": "医疗保健服务;诊所;诊所",
        "district": "金牛区",
        "weight": 2
      }
    },
    {
      "type": "Feature",
      "geometry": {
        "type": "Point",
        "coordinates": [
          104.019124,
          30.730619
        ]
      },
      "properties": {
        "name": "金牛区金牛乡兴盛村卫生站",
        "category": "medical",
        "type": "医疗保健服务;诊所;诊所",
        "district": "金牛区",
        "weight": 2
      }
    },
    {
      "type": "Feature",
      "geometry": {
        "type": "Point",
        "coordinates": [
          104.026357,
          30.733017
        ]
      },
      "properties": {
        "name": "春昇堂诊所",
        "category": "medical",
        "type": "医疗保健服务;诊所;诊所",
        "district": "金牛区",
        "weight": 10
      }
    },
    {
      "type": "Feature",
      "geometry": {
        "type": "Point",
        "coordinates": [
          104.028587,
          30.732133
        ]
      },
      "properties": {
        "name": "金牛区明明药房",
        "category": "medical",
        "type": "医疗保健服务;医药保健销售店;药房",
        "district": "金牛区",
        "weight": 2
      }
    },
    {
      "type": "Feature",
      "geometry": {
        "type": "Point",
        "coordinates": [
          104.024534,
          30.731799
        ]
      },
      "properties": {
        "name": "府河星城社区医院",
        "category": "medical",
        "type": "医疗保健服务;诊所;诊所",
        "district": "金牛区",
        "weight": 1
      }
    },
    {
      "type": "Feature",
      "geometry": {
        "type": "Point",
        "coordinates": [
          104.033661,
          30.738028
        ]
      },
      "properties": {
        "name": "郫县乐康药房",
        "category": "medical",
        "type": "医疗保健服务;医药保健销售店;药房",
        "district": "金牛区",
        "weight": 3
      }
    },
    {
      "type": "Feature",
      "geometry": {
        "type": "Point",
        "coordinates": [
          104.040991,
          30.739297
        ]
      },
      "properties": {
        "name": "君寿堂诊所",
        "category": "medical",
        "type": "医疗保健服务;诊所;诊所",
        "district": "金牛区",
        "weight": 3
      }
    },
    {
      "type": "Feature",
      "geometry": {
        "type": "Point",
        "coordinates": [
          104.050026,
          30.735984
        ]
      },
      "properties": {
        "name": "友联诊所(川建路)",
        "category": "medical",
        "type": "医疗保健服务;诊所;诊所",
        "district": "金牛区",
        "weight": 12
      }
    },
    {
      "type": "Feature",
      "geometry": {
        "type": "Point",
        "coordinates": [
          104.047534,
          30.732289
        ]
      },
      "properties": {
        "name": "量力建康城",
        "category": "medical",
        "type": "医疗保健服务;医药保健销售店;医药保健相关",
        "district": "金牛区",
        "weight": 1
      }
    },
    {
      "type": "Feature",
      "geometry": {
        "type": "Point",
        "coordinates": [
          104.046546,
          30.729894
        ]
      },
      "properties": {
        "name": "药品超市",
        "category": "medical",
        "type": "医疗保健服务;医药保健销售店;药房",
        "district": "金牛区",
        "weight": 1
      }
    },
    {
      "type": "Feature",
      "geometry": {
        "type": "Point",
        "coordinates": [
          104.045409,
          30.736594
        ]
      },
      "properties": {
        "name": "量力医药健康城",
        "category": "medical",
        "type": "医疗保健服务;医药保健销售店;药房",
        "district": "金牛区",
        "weight": 1
      }
    },
    {
      "type": "Feature",
      "geometry": {
        "type": "Point",
        "coordinates": [
          104.053013,
          30.735407
        ]
      },
      "properties": {
        "name": "齐顺堂大药房",
        "category": "medical",
        "type": "医疗保健服务;医药保健销售店;药房",
        "district": "金牛区",
        "weight": 3
      }
    },
    {
      "type": "Feature",
      "geometry": {
        "type": "Point",
        "coordinates": [
          104.056111,
          30.734372
        ]
      },
      "properties": {
        "name": "百汇吉金牛济康诊所",
        "category": "medical",
        "type": "医疗保健服务;诊所;诊所",
        "district": "金牛区",
        "weight": 1
      }
    },
    {
      "type": "Feature",
      "geometry": {
        "type": "Point",
        "coordinates": [
          104.061896,
          30.735451
        ]
      },
      "properties": {
        "name": "金牛秦氏康复诊所",
        "category": "medical",
        "type": "医疗保健服务;诊所;诊所",
        "district": "金牛区",
        "weight": 1
      }
    },
    {
      "type": "Feature",
      "geometry": {
        "type": "Point",
        "coordinates": [
          104.059477,
          30.734421
        ]
      },
      "properties": {
        "name": "金牛双乐诊所",
        "category": "medical",
        "type": "医疗保健服务;诊所;诊所",
        "district": "金牛区",
        "weight": 5
      }
    },
    {
      "type": "Feature",
      "geometry": {
        "type": "Point",
        "coordinates": [
          104.058411,
          30.730728
        ]
      },
      "properties": {
        "name": "娣德诊所",
        "category": "medical",
        "type": "医疗保健服务;诊所;诊所",
        "district": "金牛区",
        "weight": 6
      }
    },
    {
      "type": "Feature",
      "geometry": {
        "type": "Point",
        "coordinates": [
          104.062171,
          30.729896
        ]
      },
      "properties": {
        "name": "金牛区益生堂诊所",
        "category": "medical",
        "type": "医疗保健服务;诊所;诊所",
        "district": "金牛区",
        "weight": 1
      }
    },
    {
      "type": "Feature",
      "geometry": {
        "type": "Point",
        "coordinates": [
          104.064331,
          30.737299
        ]
      },
      "properties": {
        "name": "金牛区康晖药房",
        "category": "medical",
        "type": "医疗保健服务;医药保健销售店;药房",
        "district": "金牛区",
        "weight": 1
      }
    },
    {
      "type": "Feature",
      "geometry": {
        "type": "Point",
        "coordinates": [
          104.101008,
          30.729194
        ]
      },
      "properties": {
        "name": "天桥诊所",
        "category": "medical",
        "type": "医疗保健服务;诊所;诊所",
        "district": "成华区",
        "weight": 2
      }
    },
    {
      "type": "Feature",
      "geometry": {
        "type": "Point",
        "coordinates": [
          104.113036,
          30.733951
        ]
      },
      "properties": {
        "name": "四川地质医院",
        "category": "medical",
        "type": "医疗保健服务;综合医院;综合医院",
        "district": "金牛区",
        "weight": 3
      }
    },
    {
      "type": "Feature",
      "geometry": {
        "type": "Point",
        "coordinates": [
          104.108799,
          30.731254
        ]
      },
      "properties": {
        "name": "成华清华诊所",
        "category": "medical",
        "type": "医疗保健服务;诊所;诊所",
        "district": "成华区",
        "weight": 2
      }
    },
    {
      "type": "Feature",
      "geometry": {
        "type": "Point",
        "coordinates": [
          104.106451,
          30.731441
        ]
      },
      "properties": {
        "name": "丽齿口腔",
        "category": "medical",
        "type": "医疗保健服务;专科医院;口腔医院",
        "district": "金牛区",
        "weight": 1
      }
    },
    {
      "type": "Feature",
      "geometry": {
        "type": "Point",
        "coordinates": [
          104.105955,
          30.73542
        ]
      },
      "properties": {
        "name": "回春大药房(湾仔巷)",
        "category": "medical",
        "type": "医疗保健服务;医药保健销售店;药房",
        "district": "金牛区",
        "weight": 1
      }
    },
    {
      "type": "Feature",
      "geometry": {
        "type": "Point",
        "coordinates": [
          104.121215,
          30.738621
        ]
      },
      "properties": {
        "name": "九华药品(蜀陵路)",
        "category": "medical",
        "type": "医疗保健服务;医药保健销售店;药房",
        "district": "成华区",
        "weight": 1
      }
    },
    {
      "type": "Feature",
      "geometry": {
        "type": "Point",
        "coordinates": [
          104.118967,
          30.737445
        ]
      },
      "properties": {
        "name": "铁卫诊所",
        "category": "medical",
        "type": "医疗保健服务;诊所;诊所",
        "district": "成华区",
        "weight": 1
      }
    },
    {
      "type": "Feature",
      "geometry": {
        "type": "Point",
        "coordinates": [
          104.124188,
          30.738898
        ]
      },
      "properties": {
        "name": "石岭社区卫生服务站",
        "category": "medical",
        "type": "医疗保健服务;综合医院;卫生院|医疗保健服务;诊所;诊所",
        "district": "成华区",
        "weight": 1
      }
    },
    {
      "type": "Feature",
      "geometry": {
        "type": "Point",
        "coordinates": [
          104.145387,
          30.734957
        ]
      },
      "properties": {
        "name": "回龙社区卫生服务站(熊猫大道)",
        "category": "medical",
        "type": "医疗保健服务;综合医院;卫生院",
        "district": "成华区",
        "weight": 1
      }
    },
    {
      "type": "Feature",
      "geometry": {
        "type": "Point",
        "coordinates": [
          103.977699,
          30.724033
        ]
      },
      "properties": {
        "name": "宸光齿艺",
        "category": "medical",
        "type": "医疗保健服务;专科医院;口腔医院|医疗保健服务;诊所;诊所",
        "district": "金牛区",
        "weight": 5
      }
    },
    {
      "type": "Feature",
      "geometry": {
        "type": "Point",
        "coordinates": [
          103.976324,
          30.72167
        ]
      },
      "properties": {
        "name": "御健堂大药房",
        "category": "medical",
        "type": "医疗保健服务;医药保健销售店;药房",
        "district": "金牛区",
        "weight": 1
      }
    },
    {
      "type": "Feature",
      "geometry": {
        "type": "Point",
        "coordinates": [
          103.977416,
          30.719096
        ]
      },
      "properties": {
        "name": "金牛靖泸诊所",
        "category": "medical",
        "type": "医疗保健服务;诊所;诊所",
        "district": "金牛区",
        "weight": 6
      }
    },
    {
      "type": "Feature",
      "geometry": {
        "type": "Point",
        "coordinates": [
          103.974798,
          30.720922
        ]
      },
      "properties": {
        "name": "成都全愈堂中海药房",
        "category": "medical",
        "type": "医疗保健服务;医药保健销售店;药房",
        "district": "金牛区",
        "weight": 2
      }
    },
    {
      "type": "Feature",
      "geometry": {
        "type": "Point",
        "coordinates": [
          103.987815,
          30.725003
        ]
      },
      "properties": {
        "name": "金牛区金泉街道互助社区卫生站",
        "category": "medical",
        "type": "医疗保健服务;综合医院;卫生院",
        "district": "金牛区",
        "weight": 1
      }
    },
    {
      "type": "Feature",
      "geometry": {
        "type": "Point",
        "coordinates": [
          103.990668,
          30.729232
        ]
      },
      "properties": {
        "name": "郫县景仁药房",
        "category": "medical",
        "type": "医疗保健服务;医药保健销售店;药房",
        "district": "金牛区",
        "weight": 1
      }
    },
    {
      "type": "Feature",
      "geometry": {
        "type": "Point",
        "coordinates": [
          103.985971,
          30.722108
        ]
      },
      "properties": {
        "name": "四川康贝大药房(金牛加劲药店)",
        "category": "medical",
        "type": "医疗保健服务;医药保健销售店;药房",
        "district": "金牛区",
        "weight": 1
      }
    },
    {
      "type": "Feature",
      "geometry": {
        "type": "Point",
        "coordinates": [
          104.003561,
          30.723814
        ]
      },
      "properties": {
        "name": "金泉社区卫生服务中心",
        "category": "medical",
        "type": "医疗保健服务;综合医院;卫生院",
        "district": "金牛区",
        "weight": 3
      }
    },
    {
      "type": "Feature",
      "geometry": {
        "type": "Point",
        "coordinates": [
          104.000406,
          30.722726
        ]
      },
      "properties": {
        "name": "济仁药店(金科西路)",
        "category": "medical",
        "type": "医疗保健服务;医药保健销售店;药房",
        "district": "金牛区",
        "weight": 1
      }
    },
    {
      "type": "Feature",
      "geometry": {
        "type": "Point",
        "coordinates": [
          103.99916,
          30.725039
        ]
      },
      "properties": {
        "name": "五里墩李氏诊所",
        "category": "medical",
        "type": "医疗保健服务;诊所;诊所",
        "district": "金牛区",
        "weight": 2
      }
    },
    {
      "type": "Feature",
      "geometry": {
        "type": "Point",
        "coordinates": [
          103.999526,
          30.721534
        ]
      },
      "properties": {
        "name": "金牛永益诊所",
        "category": "medical",
        "type": "医疗保健服务;诊所;诊所",
        "district": "金牛区",
        "weight": 1
      }
    },
    {
      "type": "Feature",
      "geometry": {
        "type": "Point",
        "coordinates": [
          103.99527,
          30.724592
        ]
      },
      "properties": {
        "name": "天乐药业(恒熙药房)",
        "category": "medical",
        "type": "医疗保健服务;医药保健销售店;药房",
        "district": "金牛区",
        "weight": 2
      }
    },
    {
      "type": "Feature",
      "geometry": {
        "type": "Point",
        "coordinates": [
          104.013223,
          30.726338
        ]
      },
      "properties": {
        "name": "金牛超群诊所",
        "category": "medical",
        "type": "医疗保健服务;诊所;诊所",
        "district": "金牛区",
        "weight": 3
      }
    },
    {
      "type": "Feature",
      "geometry": {
        "type": "Point",
        "coordinates": [
          104.004643,
          30.726067
        ]
      },
      "properties": {
        "name": "金牛华卫诊所(信息园西路)",
        "category": "medical",
        "type": "医疗保健服务;诊所;诊所",
        "district": "金牛区",
        "weight": 1
      }
    },
    {
      "type": "Feature",
      "geometry": {
        "type": "Point",
        "coordinates": [
          104.015837,
          30.728198
        ]
      },
      "properties": {
        "name": "成都善道医院门诊部",
        "category": "medical",
        "type": "医疗保健服务;综合医院;综合医院",
        "district": "金牛区",
        "weight": 2
      }
    },
    {
      "type": "Feature",
      "geometry": {
        "type": "Point",
        "coordinates": [
          104.01798,
          30.72392
        ]
      },
      "properties": {
        "name": "金牛南洁诊所",
        "category": "medical",
        "type": "医疗保健服务;诊所;诊所",
        "district": "金牛区",
        "weight": 2
      }
    },
    {
      "type": "Feature",
      "geometry": {
        "type": "Point",
        "coordinates": [
          104.023872,
          30.726265
        ]
      },
      "properties": {
        "name": "康复门诊",
        "category": "medical",
        "type": "医疗保健服务;诊所;诊所",
        "district": "金牛区",
        "weight": 2
      }
    },
    {
      "type": "Feature",
      "geometry": {
        "type": "Point",
        "coordinates": [
          104.026143,
          30.723632
        ]
      },
      "properties": {
        "name": "瑞御堂大药房",
        "category": "medical",
        "type": "医疗保健服务;医药保健销售店;药房",
        "district": "金牛区",
        "weight": 1
      }
    },
    {
      "type": "Feature",
      "geometry": {
        "type": "Point",
        "coordinates": [
          104.034534,
          30.722728
        ]
      },
      "properties": {
        "name": "李勤中医馆",
        "category": "medical",
        "type": "医疗保健服务;诊所;诊所",
        "district": "金牛区",
        "weight": 1
      }
    },
    {
      "type": "Feature",
      "geometry": {
        "type": "Point",
        "coordinates": [
          104.033788,
          30.72546
        ]
      },
      "properties": {
        "name": "欢乐谷医务室",
        "category": "medical",
        "type": "医疗保健服务;诊所;诊所",
        "district": "金牛区",
        "weight": 1
      }
    },
    {
      "type": "Feature",
      "geometry": {
        "type": "Point",
        "coordinates": [
          104.053772,
          30.723899
        ]
      },
      "properties": {
        "name": "清新诊所",
        "category": "medical",
        "type": "医疗保健服务;诊所;诊所",
        "district": "金牛区",
        "weight": 12
      }
    },
    {
      "type": "Feature",
      "geometry": {
        "type": "Point",
        "coordinates": [
          104.044049,
          30.71931
        ]
      },
      "properties": {
        "name": "中医药馆",
        "category": "medical",
        "type": "医疗保健服务;医药保健销售店;药房",
        "district": "金牛区",
        "weight": 7
      }
    },
    {
      "type": "Feature",
      "geometry": {
        "type": "Point",
        "coordinates": [
          104.051148,
          30.725283
        ]
      },
      "properties": {
        "name": "穗铁老医师诊所",
        "category": "medical",
        "type": "医疗保健服务;专科医院;口腔医院",
        "district": "金牛区",
        "weight": 1
      }
    },
    {
      "type": "Feature",
      "geometry": {
        "type": "Point",
        "coordinates": [
          104.048359,
          30.72676
        ]
      },
      "properties": {
        "name": "佳宁诊所",
        "category": "medical",
        "type": "医疗保健服务;诊所;诊所",
        "district": "金牛区",
        "weight": 2
      }
    },
    {
      "type": "Feature",
      "geometry": {
        "type": "Point",
        "coordinates": [
          104.065558,
          30.722098
        ]
      },
      "properties": {
        "name": "林业诊所",
        "category": "medical",
        "type": "医疗保健服务;诊所;诊所",
        "district": "金牛区",
        "weight": 13
      }
    },
    {
      "type": "Feature",
      "geometry": {
        "type": "Point",
        "coordinates": [
          104.059391,
          30.72496
        ]
      },
      "properties": {
        "name": "晋川大药房",
        "category": "medical",
        "type": "医疗保健服务;医药保健销售店;药房",
        "district": "金牛区",
        "weight": 9
      }
    },
    {
      "type": "Feature",
      "geometry": {
        "type": "Point",
        "coordinates": [
          104.059836,
          30.728831
        ]
      },
      "properties": {
        "name": "精诚诊所",
        "category": "medical",
        "type": "医疗保健服务;诊所;诊所",
        "district": "金牛区",
        "weight": 4
      }
    },
    {
      "type": "Feature",
      "geometry": {
        "type": "Point",
        "coordinates": [
          104.061665,
          30.725325
        ]
      },
      "properties": {
        "name": "琪瑞大药房",
        "category": "medical",
        "type": "医疗保健服务;医药保健销售店;药房",
        "district": "金牛区",
        "weight": 3
      }
    },
    {
      "type": "Feature",
      "geometry": {
        "type": "Point",
        "coordinates": [
          104.057906,
          30.719354
        ]
      },
      "properties": {
        "name": "西部医药集团购销大厅",
        "category": "medical",
        "type": "医疗保健服务;医药保健销售店;药房",
        "district": "金牛区",
        "weight": 2
      }
    },
    {
      "type": "Feature",
      "geometry": {
        "type": "Point",
        "coordinates": [
          104.073137,
          30.720663
        ]
      },
      "properties": {
        "name": "金牛区善司康药房",
        "category": "medical",
        "type": "医疗保健服务;医药保健销售店;药房",
        "district": "金牛区",
        "weight": 1
      }
    },
    {
      "type": "Feature",
      "geometry": {
        "type": "Point",
        "coordinates": [
          104.068368,
          30.728687
        ]
      },
      "properties": {
        "name": "四川康贝大药房(王贾路)",
        "category": "medical",
        "type": "医疗保健服务;医药保健销售店;药房",
        "district": "金牛区",
        "weight": 1
      }
    },
    {
      "type": "Feature",
      "geometry": {
        "type": "Point",
        "coordinates": [
          104.077352,
          30.719954
        ]
      },
      "properties": {
        "name": "金牛区双凤诊所",
        "category": "medical",
        "type": "医疗保健服务;诊所;诊所",
        "district": "金牛区",
        "weight": 1
      }
    },
    {
      "type": "Feature",
      "geometry": {
        "type": "Point",
        "coordinates": [
          104.076646,
          30.722444
        ]
      },
      "properties": {
        "name": "源济棠诊所",
        "category": "medical",
        "type": "医疗保健服务;诊所;诊所",
        "district": "金牛区",
        "weight": 5
      }
    },
    {
      "type": "Feature",
      "geometry": {
        "type": "Point",
        "coordinates": [
          104.07562,
          30.720454
        ]
      },
      "properties": {
        "name": "李医生诊所(韦家碾三路)",
        "category": "medical",
        "type": "医疗保健服务;诊所;诊所",
        "district": "金牛区",
        "weight": 1
      }
    },
    {
      "type": "Feature",
      "geometry": {
        "type": "Point",
        "coordinates": [
          104.098616,
          30.729009
        ]
      },
      "properties": {
        "name": "九五八七九部队机关医院",
        "category": "medical",
        "type": "医疗保健服务;综合医院;综合医院",
        "district": "金牛区",
        "weight": 1
      }
    },
    {
      "type": "Feature",
      "geometry": {
        "type": "Point",
        "coordinates": [
          104.100871,
          30.719797
        ]
      },
      "properties": {
        "name": "成华兴诚康诊所",
        "category": "medical",
        "type": "医疗保健服务;诊所;诊所",
        "district": "成华区",
        "weight": 1
      }
    },
    {
      "type": "Feature",
      "geometry": {
        "type": "Point",
        "coordinates": [
          104.1126,
          30.727612
        ]
      },
      "properties": {
        "name": "桐林药房",
        "category": "medical",
        "type": "医疗保健服务;医药保健销售店;药房",
        "district": "成华区",
        "weight": 2
      }
    },
    {
      "type": "Feature",
      "geometry": {
        "type": "Point",
        "coordinates": [
          104.120834,
          30.723657
        ]
      },
      "properties": {
        "name": "成华区泓川诊所",
        "category": "medical",
        "type": "医疗保健服务;诊所;诊所",
        "district": "成华区",
        "weight": 2
      }
    },
    {
      "type": "Feature",
      "geometry": {
        "type": "Point",
        "coordinates": [
          104.123789,
          30.725559
        ]
      },
      "properties": {
        "name": "成华区日日升药房",
        "category": "medical",
        "type": "医疗保健服务;医药保健销售店;药房",
        "district": "成华区",
        "weight": 4
      }
    },
    {
      "type": "Feature",
      "geometry": {
        "type": "Point",
        "coordinates": [
          104.119315,
          30.721818
        ]
      },
      "properties": {
        "name": "天乐药房(龙台店)",
        "category": "medical",
        "type": "医疗保健服务;医药保健销售店;药房",
        "district": "成华区",
        "weight": 1
      }
    },
    {
      "type": "Feature",
      "geometry": {
        "type": "Point",
        "coordinates": [
          104.129714,
          30.72225
        ]
      },
      "properties": {
        "name": "普济诊所(东林二路)",
        "category": "medical",
        "type": "医疗保健服务;诊所;诊所",
        "district": "成华区",
        "weight": 1
      }
    },
    {
      "type": "Feature",
      "geometry": {
        "type": "Point",
        "coordinates": [
          104.136181,
          30.72808
        ]
      },
      "properties": {
        "name": "齐顺堂大药房",
        "category": "medical",
        "type": "医疗保健服务;医药保健销售店;药房",
        "district": "成华区",
        "weight": 1
      }
    },
    {
      "type": "Feature",
      "geometry": {
        "type": "Point",
        "coordinates": [
          104.152161,
          30.722877
        ]
      },
      "properties": {
        "name": "成都街道两代表一委员服务站",
        "category": "medical",
        "type": "医疗保健服务;综合医院;卫生院",
        "district": "成华区",
        "weight": 1
      }
    },
    {
      "type": "Feature",
      "geometry": {
        "type": "Point",
        "coordinates": [
          104.165394,
          30.718934
        ]
      },
      "properties": {
        "name": "成华智华诊所",
        "category": "medical",
        "type": "医疗保健服务;诊所;诊所",
        "district": "成华区",
        "weight": 13
      }
    },
    {
      "type": "Feature",
      "geometry": {
        "type": "Point",
        "coordinates": [
          103.97311,
          30.712473
        ]
      },
      "properties": {
        "name": "成都西点颈腰椎病专科医院-住院部",
        "category": "medical",
        "type": "医疗保健服务;综合医院;综合医院",
        "district": "金牛区",
        "weight": 1
      }
    },
    {
      "type": "Feature",
      "geometry": {
        "type": "Point",
        "coordinates": [
          103.980093,
          30.709483
        ]
      },
      "properties": {
        "name": "泗兴诊所",
        "category": "medical",
        "type": "医疗保健服务;诊所;诊所",
        "district": "金牛区",
        "weight": 5
      }
    },
    {
      "type": "Feature",
      "geometry": {
        "type": "Point",
        "coordinates": [
          103.982353,
          30.714917
        ]
      },
      "properties": {
        "name": "春升堂大药房",
        "category": "medical",
        "type": "医疗保健服务;医药保健销售店;药房",
        "district": "金牛区",
        "weight": 4
      }
    },
    {
      "type": "Feature",
      "geometry": {
        "type": "Point",
        "coordinates": [
          103.977415,
          30.716576
        ]
      },
      "properties": {
        "name": "何家村卫生站",
        "category": "medical",
        "type": "医疗保健服务;诊所;诊所",
        "district": "金牛区",
        "weight": 1
      }
    },
    {
      "type": "Feature",
      "geometry": {
        "type": "Point",
        "coordinates": [
          103.986373,
          30.71258
        ]
      },
      "properties": {
        "name": "胡记洪英诊所",
        "category": "medical",
        "type": "医疗保健服务;诊所;诊所",
        "district": "金牛区",
        "weight": 3
      }
    },
    {
      "type": "Feature",
      "geometry": {
        "type": "Point",
        "coordinates": [
          103.984838,
          30.714597
        ]
      },
      "properties": {
        "name": "百信药业(三味药店)",
        "category": "medical",
        "type": "医疗保健服务;医药保健销售店;药房",
        "district": "金牛区",
        "weight": 2
      }
    },
    {
      "type": "Feature",
      "geometry": {
        "type": "Point",
        "coordinates": [
          103.990795,
          30.711072
        ]
      },
      "properties": {
        "name": "康维牙科",
        "category": "medical",
        "type": "医疗保健服务;专科医院;口腔医院",
        "district": "金牛区",
        "weight": 9
      }
    },
    {
      "type": "Feature",
      "geometry": {
        "type": "Point",
        "coordinates": [
          103.991447,
          30.713157
        ]
      },
      "properties": {
        "name": "西线大药房",
        "category": "medical",
        "type": "医疗保健服务;医药保健销售店;药房",
        "district": "金牛区",
        "weight": 1
      }
    },
    {
      "type": "Feature",
      "geometry": {
        "type": "Point",
        "coordinates": [
          104.001784,
          30.716054
        ]
      },
      "properties": {
        "name": "成都仁一医院",
        "category": "medical",
        "type": "医疗保健服务;综合医院;综合医院",
        "district": "金牛区",
        "weight": 9
      }
    },
    {
      "type": "Feature",
      "geometry": {
        "type": "Point",
        "coordinates": [
          103.999098,
          30.713203
        ]
      },
      "properties": {
        "name": "金牛迎宾诊所",
        "category": "medical",
        "type": "医疗保健服务;诊所;诊所",
        "district": "金牛区",
        "weight": 3
      }
    },
    {
      "type": "Feature",
      "geometry": {
        "type": "Point",
        "coordinates": [
          103.997783,
          30.714309
        ]
      },
      "properties": {
        "name": "佳乐安医药",
        "category": "medical",
        "type": "医疗保健服务;医药保健销售店;药房",
        "district": "金牛区",
        "weight": 2
      }
    },
    {
      "type": "Feature",
      "geometry": {
        "type": "Point",
        "coordinates": [
          104.010439,
          30.71051
        ]
      },
      "properties": {
        "name": "花圃牙科(蜀跃路)",
        "category": "medical",
        "type": "医疗保健服务;专科医院;口腔医院",
        "district": "金牛区",
        "weight": 2
      }
    },
    {
      "type": "Feature",
      "geometry": {
        "type": "Point",
        "coordinates": [
          104.010558,
          30.713861
        ]
      },
      "properties": {
        "name": "臻享中医馆",
        "category": "medical",
        "type": "医疗保健服务;诊所;诊所",
        "district": "金牛区",
        "weight": 1
      }
    },
    {
      "type": "Feature",
      "geometry": {
        "type": "Point",
        "coordinates": [
          104.008078,
          30.712961
        ]
      },
      "properties": {
        "name": "百信药业(尚善堂大药房)",
        "category": "medical",
        "type": "医疗保健服务;医药保健销售店;药房",
        "district": "金牛区",
        "weight": 1
      }
    },
    {
      "type": "Feature",
      "geometry": {
        "type": "Point",
        "coordinates": [
          104.007904,
          30.709809
        ]
      },
      "properties": {
        "name": "福康缘大药房(蜀跃路)",
        "category": "medical",
        "type": "医疗保健服务;医药保健销售店;药房",
        "district": "金牛区",
        "weight": 1
      }
    },
    {
      "type": "Feature",
      "geometry": {
        "type": "Point",
        "coordinates": [
          104.020471,
          30.714494
        ]
      },
      "properties": {
        "name": "金牛金西诊所",
        "category": "medical",
        "type": "医疗保健服务;诊所;诊所",
        "district": "金牛区",
        "weight": 5
      }
    },
    {
      "type": "Feature",
      "geometry": {
        "type": "Point",
        "coordinates": [
          104.018687,
          30.712929
        ]
      },
      "properties": {
        "name": "金牛区爱民诊所",
        "category": "medical",
        "type": "医疗保健服务;诊所;诊所",
        "district": "金牛区",
        "weight": 3
      }
    },
    {
      "type": "Feature",
      "geometry": {
        "type": "Point",
        "coordinates": [
          104.016891,
          30.711512
        ]
      },
      "properties": {
        "name": "瑞尔医药",
        "category": "medical",
        "type": "医疗保健服务;医药保健销售店;药房",
        "district": "金牛区",
        "weight": 1
      }
    },
    {
      "type": "Feature",
      "geometry": {
        "type": "Point",
        "coordinates": [
          104.026414,
          30.709776
        ]
      },
      "properties": {
        "name": "金牛区人民医院",
        "category": "medical",
        "type": "医疗保健服务;综合医院;综合医院",
        "district": "金牛区",
        "weight": 2
      }
    },
    {
      "type": "Feature",
      "geometry": {
        "type": "Point",
        "coordinates": [
          104.034536,
          30.708302
        ]
      },
      "properties": {
        "name": "民辉诊所",
        "category": "medical",
        "type": "医疗保健服务;诊所;诊所",
        "district": "金牛区",
        "weight": 25
      }
    },
    {
      "type": "Feature",
      "geometry": {
        "type": "Point",
        "coordinates": [
          104.02725,
          30.717421
        ]
      },
      "properties": {
        "name": "格瑞大药房(华严路店)",
        "category": "medical",
        "type": "医疗保健服务;医药保健销售店;药房",
        "district": "金牛区",
        "weight": 1
      }
    },
    {
      "type": "Feature",
      "geometry": {
        "type": "Point",
        "coordinates": [
          104.042221,
          30.71708
        ]
      },
      "properties": {
        "name": "口腔科",
        "category": "medical",
        "type": "医疗保健服务;专科医院;口腔医院",
        "district": "金牛区",
        "weight": 11
      }
    },
    {
      "type": "Feature",
      "geometry": {
        "type": "Point",
        "coordinates": [
          104.035196,
          30.711929
        ]
      },
      "properties": {
        "name": "东松平诊所",
        "category": "medical",
        "type": "医疗保健服务;诊所;诊所",
        "district": "金牛区",
        "weight": 4
      }
    },
    {
      "type": "Feature",
      "geometry": {
        "type": "Point",
        "coordinates": [
          104.038294,
          30.710799
        ]
      },
      "properties": {
        "name": "珍齐口腔",
        "category": "medical",
        "type": "医疗保健服务;专科医院;口腔医院",
        "district": "金牛区",
        "weight": 6
      }
    },
    {
      "type": "Feature",
      "geometry": {
        "type": "Point",
        "coordinates": [
          104.035495,
          30.715498
        ]
      },
      "properties": {
        "name": "民康药业物流区",
        "category": "medical",
        "type": "医疗保健服务;医药保健销售店;药房",
        "district": "金牛区",
        "weight": 1
      }
    },
    {
      "type": "Feature",
      "geometry": {
        "type": "Point",
        "coordinates": [
          104.039903,
          30.709157
        ]
      },
      "properties": {
        "name": "金牛欣欣太生诊所",
        "category": "medical",
        "type": "医疗保健服务;诊所;诊所",
        "district": "金牛区",
        "weight": 5
      }
    },
    {
      "type": "Feature",
      "geometry": {
        "type": "Point",
        "coordinates": [
          104.04609,
          30.715908
        ]
      },
      "properties": {
        "name": "白果林诊所",
        "category": "medical",
        "type": "医疗保健服务;诊所;诊所",
        "district": "金牛区",
        "weight": 4
      }
    },
    {
      "type": "Feature",
      "geometry": {
        "type": "Point",
        "coordinates": [
          104.050407,
          30.709212
        ]
      },
      "properties": {
        "name": "柏草荟",
        "category": "medical",
        "type": "医疗保健服务;医药保健销售店;医药保健相关",
        "district": "金牛区",
        "weight": 20
      }
    },
    {
      "type": "Feature",
      "geometry": {
        "type": "Point",
        "coordinates": [
          104.044671,
          30.709223
        ]
      },
      "properties": {
        "name": "济和春",
        "category": "medical",
        "type": "医疗保健服务;专科医院;骨科医院",
        "district": "金牛区",
        "weight": 3
      }
    },
    {
      "type": "Feature",
      "geometry": {
        "type": "Point",
        "coordinates": [
          104.047098,
          30.709578
        ]
      },
      "properties": {
        "name": "金牛妙手中医诊所",
        "category": "medical",
        "type": "医疗保健服务;诊所;诊所",
        "district": "金牛区",
        "weight": 4
      }
    },
    {
      "type": "Feature",
      "geometry": {
        "type": "Point",
        "coordinates": [
          104.052071,
          30.716202
        ]
      },
      "properties": {
        "name": "岷江局医院大西南建材城卫生所",
        "category": "medical",
        "type": "医疗保健服务;诊所;诊所",
        "district": "金牛区",
        "weight": 1
      }
    },
    {
      "type": "Feature",
      "geometry": {
        "type": "Point",
        "coordinates": [
          104.057796,
          30.716088
        ]
      },
      "properties": {
        "name": "四川天乐医药(芳兴大药房)",
        "category": "medical",
        "type": "医疗保健服务;医药保健销售店;药房",
        "district": "金牛区",
        "weight": 2
      }
    },
    {
      "type": "Feature",
      "geometry": {
        "type": "Point",
        "coordinates": [
          104.060757,
          30.712002
        ]
      },
      "properties": {
        "name": "金牛唯尔口腔诊所",
        "category": "medical",
        "type": "医疗保健服务;专科医院;口腔医院",
        "district": "金牛区",
        "weight": 1
      }
    },
    {
      "type": "Feature",
      "geometry": {
        "type": "Point",
        "coordinates": [
          104.062585,
          30.715137
        ]
      },
      "properties": {
        "name": "宏康诊所",
        "category": "medical",
        "type": "医疗保健服务;诊所;诊所",
        "district": "金牛区",
        "weight": 6
      }
    },
    {
      "type": "Feature",
      "geometry": {
        "type": "Point",
        "coordinates": [
          104.05569,
          30.717405
        ]
      },
      "properties": {
        "name": "健康长寿诊所",
        "category": "medical",
        "type": "医疗保健服务;诊所;诊所",
        "district": "金牛区",
        "weight": 4
      }
    },
    {
      "type": "Feature",
      "geometry": {
        "type": "Point",
        "coordinates": [
          104.06333,
          30.712888
        ]
      },
      "properties": {
        "name": "龙一药店",
        "category": "medical",
        "type": "医疗保健服务;医药保健销售店;药房",
        "district": "金牛区",
        "weight": 9
      }
    },
    {
      "type": "Feature",
      "geometry": {
        "type": "Point",
        "coordinates": [
          104.0689,
          30.710772
        ]
      },
      "properties": {
        "name": "横桥牙科",
        "category": "medical",
        "type": "医疗保健服务;专科医院;口腔医院",
        "district": "金牛区",
        "weight": 26
      }
    },
    {
      "type": "Feature",
      "geometry": {
        "type": "Point",
        "coordinates": [
          104.068802,
          30.719034
        ]
      },
      "properties": {
        "name": "天键诊所",
        "category": "medical",
        "type": "医疗保健服务;诊所;诊所",
        "district": "成华区",
        "weight": 4
      }
    },
    {
      "type": "Feature",
      "geometry": {
        "type": "Point",
        "coordinates": [
          104.066058,
          30.714086
        ]
      },
      "properties": {
        "name": "益世堂诊所",
        "category": "medical",
        "type": "医疗保健服务;诊所;诊所",
        "district": "金牛区",
        "weight": 8
      }
    },
    {
      "type": "Feature",
      "geometry": {
        "type": "Point",
        "coordinates": [
          104.074776,
          30.718013
        ]
      },
      "properties": {
        "name": "中药馆",
        "category": "medical",
        "type": "医疗保健服务;医药保健销售店;药房",
        "district": "金牛区",
        "weight": 11
      }
    },
    {
      "type": "Feature",
      "geometry": {
        "type": "Point",
        "coordinates": [
          104.080516,
          30.713355
        ]
      },
      "properties": {
        "name": "格瑞大药房(双水店)",
        "category": "medical",
        "type": "医疗保健服务;医药保健销售店;药房",
        "district": "成华区",
        "weight": 1
      }
    },
    {
      "type": "Feature",
      "geometry": {
        "type": "Point",
        "coordinates": [
          104.076785,
          30.715795
        ]
      },
      "properties": {
        "name": "成华夏辉诊所",
        "category": "medical",
        "type": "医疗保健服务;诊所;诊所",
        "district": "成华区",
        "weight": 1
      }
    },
    {
      "type": "Feature",
      "geometry": {
        "type": "Point",
        "coordinates": [
          104.081041,
          30.715128
        ]
      },
      "properties": {
        "name": "唐胡草药",
        "category": "medical",
        "type": "医疗保健服务;医药保健销售店;药房",
        "district": "成华区",
        "weight": 2
      }
    },
    {
      "type": "Feature",
      "geometry": {
        "type": "Point",
        "coordinates": [
          104.090773,
          30.715042
        ]
      },
      "properties": {
        "name": "口腔科",
        "category": "medical",
        "type": "医疗保健服务;专科医院;口腔医院",
        "district": "成华区",
        "weight": 29
      }
    },
    {
      "type": "Feature",
      "geometry": {
        "type": "Point",
        "coordinates": [
          104.095943,
          30.709534
        ]
      },
      "properties": {
        "name": "华仁堂",
        "category": "medical",
        "type": "医疗保健服务;诊所;诊所",
        "district": "成华区",
        "weight": 66
      }
    },
    {
      "type": "Feature",
      "geometry": {
        "type": "Point",
        "coordinates": [
          104.090913,
          30.717871
        ]
      },
      "properties": {
        "name": "仁仁诊所",
        "category": "medical",
        "type": "医疗保健服务;诊所;诊所",
        "district": "成华区",
        "weight": 1
      }
    },
    {
      "type": "Feature",
      "geometry": {
        "type": "Point",
        "coordinates": [
          104.099265,
          30.712312
        ]
      },
      "properties": {
        "name": "成都城北医院妇科治疗室",
        "category": "medical",
        "type": "医疗保健服务;综合医院;综合医院",
        "district": "成华区",
        "weight": 1
      }
    },
    {
      "type": "Feature",
      "geometry": {
        "type": "Point",
        "coordinates": [
          104.100372,
          30.713343
        ]
      },
      "properties": {
        "name": "成都华山医院",
        "category": "medical",
        "type": "医疗保健服务;综合医院;综合医院",
        "district": "成华区",
        "weight": 1
      }
    },
    {
      "type": "Feature",
      "geometry": {
        "type": "Point",
        "coordinates": [
          104.09628,
          30.717825
        ]
      },
      "properties": {
        "name": "成华平安诊所",
        "category": "medical",
        "type": "医疗保健服务;诊所;诊所",
        "district": "成华区",
        "weight": 2
      }
    },
    {
      "type": "Feature",
      "geometry": {
        "type": "Point",
        "coordinates": [
          104.09722,
          30.711914
        ]
      },
      "properties": {
        "name": "盖亚诊所",
        "category": "medical",
        "type": "医疗保健服务;诊所;诊所",
        "district": "成华区",
        "weight": 3
      }
    },
    {
      "type": "Feature",
      "geometry": {
        "type": "Point",
        "coordinates": [
          104.099104,
          30.715508
        ]
      },
      "properties": {
        "name": "协和门诊",
        "category": "medical",
        "type": "医疗保健服务;诊所;诊所",
        "district": "成华区",
        "weight": 1
      }
    },
    {
      "type": "Feature",
      "geometry": {
        "type": "Point",
        "coordinates": [
          104.104129,
          30.717756
        ]
      },
      "properties": {
        "name": "愈美大药房",
        "category": "medical",
        "type": "医疗保健服务;医药保健销售店;药房",
        "district": "成华区",
        "weight": 15
      }
    },
    {
      "type": "Feature",
      "geometry": {
        "type": "Point",
        "coordinates": [
          104.107682,
          30.715994
        ]
      },
      "properties": {
        "name": "同仁医院",
        "category": "medical",
        "type": "医疗保健服务;综合医院;综合医院",
        "district": "成华区",
        "weight": 9
      }
    },
    {
      "type": "Feature",
      "geometry": {
        "type": "Point",
        "coordinates": [
          104.112142,
          30.717464
        ]
      },
      "properties": {
        "name": "美亚口腔诊所",
        "category": "medical",
        "type": "医疗保健服务;专科医院;口腔医院|医疗保健服务;诊所;诊所",
        "district": "成华区",
        "weight": 5
      }
    },
    {
      "type": "Feature",
      "geometry": {
        "type": "Point",
        "coordinates": [
          104.109401,
          30.712772
        ]
      },
      "properties": {
        "name": "成华青山诊所",
        "category": "medical",
        "type": "医疗保健服务;诊所;诊所",
        "district": "成华区",
        "weight": 1
      }
    },
    {
      "type": "Feature",
      "geometry": {
        "type": "Point",
        "coordinates": [
          104.112369,
          30.715272
        ]
      },
      "properties": {
        "name": "成华佳益诊所",
        "category": "medical",
        "type": "医疗保健服务;诊所;诊所",
        "district": "成华区",
        "weight": 3
      }
    },
    {
      "type": "Feature",
      "geometry": {
        "type": "Point",
        "coordinates": [
          104.111478,
          30.713598
        ]
      },
      "properties": {
        "name": "全康堂药房",
        "category": "medical",
        "type": "医疗保健服务;医药保健销售店;药房",
        "district": "成华区",
        "weight": 2
      }
    },
    {
      "type": "Feature",
      "geometry": {
        "type": "Point",
        "coordinates": [
          104.12708,
          30.716182
        ]
      },
      "properties": {
        "name": "新山黄氏中医",
        "category": "medical",
        "type": "医疗保健服务;诊所;诊所",
        "district": "成华区",
        "weight": 4
      }
    },
    {
      "type": "Feature",
      "geometry": {
        "type": "Point",
        "coordinates": [
          104.125567,
          30.71491
        ]
      },
      "properties": {
        "name": "百信药业(鑫森大药房店)",
        "category": "medical",
        "type": "医疗保健服务;医药保健销售店;药房",
        "district": "成华区",
        "weight": 1
      }
    },
    {
      "type": "Feature",
      "geometry": {
        "type": "Point",
        "coordinates": [
          104.139408,
          30.71846
        ]
      },
      "properties": {
        "name": "新洪诊所",
        "category": "medical",
        "type": "医疗保健服务;诊所;诊所",
        "district": "成华区",
        "weight": 2
      }
    },
    {
      "type": "Feature",
      "geometry": {
        "type": "Point",
        "coordinates": [
          104.149805,
          30.719273
        ]
      },
      "properties": {
        "name": "逆光医疗美容",
        "category": "medical",
        "type": "医疗保健服务;专科医院;专科医院",
        "district": "成华区",
        "weight": 1
      }
    },
    {
      "type": "Feature",
      "geometry": {
        "type": "Point",
        "coordinates": [
          104.156438,
          30.709946
        ]
      },
      "properties": {
        "name": "君康诊所",
        "category": "medical",
        "type": "医疗保健服务;诊所;诊所",
        "district": "成华区",
        "weight": 1
      }
    },
    {
      "type": "Feature",
      "geometry": {
        "type": "Point",
        "coordinates": [
          104.165753,
          30.71559
        ]
      },
      "properties": {
        "name": "精康乐诊所",
        "category": "medical",
        "type": "医疗保健服务;诊所;诊所",
        "district": "成华区",
        "weight": 2
      }
    },
    {
      "type": "Feature",
      "geometry": {
        "type": "Point",
        "coordinates": [
          104.168193,
          30.708465
        ]
      },
      "properties": {
        "name": "健源诊所",
        "category": "medical",
        "type": "医疗保健服务;诊所;诊所",
        "district": "成华区",
        "weight": 20
      }
    },
    {
      "type": "Feature",
      "geometry": {
        "type": "Point",
        "coordinates": [
          104.16649,
          30.711759
        ]
      },
      "properties": {
        "name": "成华君康诊所",
        "category": "medical",
        "type": "医疗保健服务;诊所;诊所",
        "district": "成华区",
        "weight": 1
      }
    },
    {
      "type": "Feature",
      "geometry": {
        "type": "Point",
        "coordinates": [
          104.167927,
          30.717677
        ]
      },
      "properties": {
        "name": "弘博诊所",
        "category": "medical",
        "type": "医疗保健服务;诊所;诊所",
        "district": "成华区",
        "weight": 1
      }
    },
    {
      "type": "Feature",
      "geometry": {
        "type": "Point",
        "coordinates": [
          104.171712,
          30.709919
        ]
      },
      "properties": {
        "name": "任氏中医骨科",
        "category": "medical",
        "type": "医疗保健服务;专科医院;骨科医院",
        "district": "成华区",
        "weight": 1
      }
    },
    {
      "type": "Feature",
      "geometry": {
        "type": "Point",
        "coordinates": [
          104.183082,
          30.716109
        ]
      },
      "properties": {
        "name": "桂林社区卫生服务站",
        "category": "medical",
        "type": "医疗保健服务;综合医院;卫生院",
        "district": "成华区",
        "weight": 1
      }
    },
    {
      "type": "Feature",
      "geometry": {
        "type": "Point",
        "coordinates": [
          104.182267,
          30.718475
        ]
      },
      "properties": {
        "name": "成华区龙潭街道桂林社区卫生服务站",
        "category": "medical",
        "type": "医疗保健服务;综合医院;卫生院|医疗保健服务;诊所;诊所",
        "district": "成华区",
        "weight": 1
      }
    },
    {
      "type": "Feature",
      "geometry": {
        "type": "Point",
        "coordinates": [
          104.18078,
          30.709549
        ]
      },
      "properties": {
        "name": "成华芳芳诊所",
        "category": "medical",
        "type": "医疗保健服务;诊所;诊所",
        "district": "成华区",
        "weight": 1
      }
    },
    {
      "type": "Feature",
      "geometry": {
        "type": "Point",
        "coordinates": [
          103.969163,
          30.701227
        ]
      },
      "properties": {
        "name": "彭氏便民诊所",
        "category": "medical",
        "type": "医疗保健服务;诊所;诊所",
        "district": "青羊区",
        "weight": 1
      }
    },
    {
      "type": "Feature",
      "geometry": {
        "type": "Point",
        "coordinates": [
          103.978067,
          30.706413
        ]
      },
      "properties": {
        "name": "国清诊所",
        "category": "medical",
        "type": "医疗保健服务;诊所;诊所",
        "district": "金牛区",
        "weight": 16
      }
    },
    {
      "type": "Feature",
      "geometry": {
        "type": "Point",
        "coordinates": [
          103.977659,
          30.708862
        ]
      },
      "properties": {
        "name": "新两河大药房",
        "category": "medical",
        "type": "医疗保健服务;医药保健销售店;药房",
        "district": "金牛区",
        "weight": 2
      }
    },
    {
      "type": "Feature",
      "geometry": {
        "type": "Point",
        "coordinates": [
          103.981445,
          30.701708
        ]
      },
      "properties": {
        "name": "金牛鸿安堂诊所",
        "category": "medical",
        "type": "医疗保健服务;诊所;诊所",
        "district": "金牛区",
        "weight": 3
      }
    },
    {
      "type": "Feature",
      "geometry": {
        "type": "Point",
        "coordinates": [
          103.982775,
          30.703202
        ]
      },
      "properties": {
        "name": "国医门诊",
        "category": "medical",
        "type": "医疗保健服务;诊所;诊所",
        "district": "金牛区",
        "weight": 1
      }
    },
    {
      "type": "Feature",
      "geometry": {
        "type": "Point",
        "coordinates": [
          103.978184,
          30.704443
        ]
      },
      "properties": {
        "name": "泰康堂大药房(清淳二街药店)",
        "category": "medical",
        "type": "医疗保健服务;医药保健销售店;药房",
        "district": "金牛区",
        "weight": 1
      }
    },
    {
      "type": "Feature",
      "geometry": {
        "type": "Point",
        "coordinates": [
          103.98873,
          30.708637
        ]
      },
      "properties": {
        "name": "新康华诊所",
        "category": "medical",
        "type": "医疗保健服务;诊所;诊所",
        "district": "金牛区",
        "weight": 1
      }
    },
    {
      "type": "Feature",
      "geometry": {
        "type": "Point",
        "coordinates": [
          103.995109,
          30.707869
        ]
      },
      "properties": {
        "name": "金牛家鸿口腔",
        "category": "medical",
        "type": "医疗保健服务;专科医院;口腔医院",
        "district": "金牛区",
        "weight": 8
      }
    },
    {
      "type": "Feature",
      "geometry": {
        "type": "Point",
        "coordinates": [
          103.984423,
          30.700873
        ]
      },
      "properties": {
        "name": "郑氏门诊",
        "category": "medical",
        "type": "医疗保健服务;诊所;诊所",
        "district": "金牛区",
        "weight": 1
      }
    },
    {
      "type": "Feature",
      "geometry": {
        "type": "Point",
        "coordinates": [
          104.00165,
          30.70586
        ]
      },
      "properties": {
        "name": "臻瑞阿芙罗医疗美容",
        "category": "medical",
        "type": "医疗保健服务;专科医院;整形美容",
        "district": "金牛区",
        "weight": 2
      }
    },
    {
      "type": "Feature",
      "geometry": {
        "type": "Point",
        "coordinates": [
          103.999464,
          30.705226
        ]
      },
      "properties": {
        "name": "慈医堂诊所",
        "category": "medical",
        "type": "医疗保健服务;诊所;诊所",
        "district": "金牛区",
        "weight": 8
      }
    },
    {
      "type": "Feature",
      "geometry": {
        "type": "Point",
        "coordinates": [
          104.004763,
          30.708365
        ]
      },
      "properties": {
        "name": "求不疼诊所",
        "category": "medical",
        "type": "医疗保健服务;诊所;诊所",
        "district": "金牛区",
        "weight": 5
      }
    },
    {
      "type": "Feature",
      "geometry": {
        "type": "Point",
        "coordinates": [
          103.996794,
          30.702093
        ]
      },
      "properties": {
        "name": "百信药业(百仁药房)",
        "category": "medical",
        "type": "医疗保健服务;医药保健销售店;药房",
        "district": "青羊区",
        "weight": 1
      }
    },
    {
      "type": "Feature",
      "geometry": {
        "type": "Point",
        "coordinates": [
          104.004139,
          30.700143
        ]
      },
      "properties": {
        "name": "礼尧大药房",
        "category": "medical",
        "type": "医疗保健服务;医药保健销售店;药房",
        "district": "青羊区",
        "weight": 3
      }
    },
    {
      "type": "Feature",
      "geometry": {
        "type": "Point",
        "coordinates": [
          104.002225,
          30.708675
        ]
      },
      "properties": {
        "name": "鼎圣堂大药房",
        "category": "medical",
        "type": "医疗保健服务;医药保健销售店;药房",
        "district": "金牛区",
        "weight": 1
      }
    },
    {
      "type": "Feature",
      "geometry": {
        "type": "Point",
        "coordinates": [
          104.013258,
          30.700758
        ]
      },
      "properties": {
        "name": "国医堂",
        "category": "medical",
        "type": "医疗保健服务;诊所;诊所",
        "district": "金牛区",
        "weight": 20
      }
    },
    {
      "type": "Feature",
      "geometry": {
        "type": "Point",
        "coordinates": [
          104.006072,
          30.701943
        ]
      },
      "properties": {
        "name": "百信药业(蜀汉路)",
        "category": "medical",
        "type": "医疗保健服务;医药保健销售店;药房",
        "district": "金牛区",
        "weight": 1
      }
    },
    {
      "type": "Feature",
      "geometry": {
        "type": "Point",
        "coordinates": [
          104.004771,
          30.706568
        ]
      },
      "properties": {
        "name": "禅杏堂",
        "category": "medical",
        "type": "医疗保健服务;诊所;诊所",
        "district": "金牛区",
        "weight": 2
      }
    },
    {
      "type": "Feature",
      "geometry": {
        "type": "Point",
        "coordinates": [
          104.007986,
          30.70389
        ]
      },
      "properties": {
        "name": "成都西华医院",
        "category": "medical",
        "type": "医疗保健服务;综合医院;综合医院",
        "district": "金牛区",
        "weight": 1
      }
    },
    {
      "type": "Feature",
      "geometry": {
        "type": "Point",
        "coordinates": [
          104.006707,
          30.707589
        ]
      },
      "properties": {
        "name": "金牛桂莎诊所",
        "category": "medical",
        "type": "医疗保健服务;诊所;诊所",
        "district": "金牛区",
        "weight": 2
      }
    },
    {
      "type": "Feature",
      "geometry": {
        "type": "Point",
        "coordinates": [
          104.007662,
          30.699328
        ]
      },
      "properties": {
        "name": "金牛良康诊所",
        "category": "medical",
        "type": "医疗保健服务;诊所;诊所",
        "district": "金牛区",
        "weight": 7
      }
    },
    {
      "type": "Feature",
      "geometry": {
        "type": "Point",
        "coordinates": [
          104.009865,
          30.700981
        ]
      },
      "properties": {
        "name": "博仁诊所(千和茗居西北)",
        "category": "medical",
        "type": "医疗保健服务;诊所;诊所",
        "district": "金牛区",
        "weight": 1
      }
    },
    {
      "type": "Feature",
      "geometry": {
        "type": "Point",
        "coordinates": [
          104.018045,
          30.70523
        ]
      },
      "properties": {
        "name": "金伟银牙科",
        "category": "medical",
        "type": "医疗保健服务;专科医院;口腔医院",
        "district": "金牛区",
        "weight": 15
      }
    },
    {
      "type": "Feature",
      "geometry": {
        "type": "Point",
        "coordinates": [
          104.022288,
          30.701494
        ]
      },
      "properties": {
        "name": "华仁诊所",
        "category": "medical",
        "type": "医疗保健服务;诊所;诊所",
        "district": "金牛区",
        "weight": 9
      }
    },
    {
      "type": "Feature",
      "geometry": {
        "type": "Point",
        "coordinates": [
          104.021059,
          30.704478
        ]
      },
      "properties": {
        "name": "炬山堂大药房",
        "category": "medical",
        "type": "医疗保健服务;医药保健销售店;药房",
        "district": "金牛区",
        "weight": 3
      }
    },
    {
      "type": "Feature",
      "geometry": {
        "type": "Point",
        "coordinates": [
          104.023201,
          30.706805
        ]
      },
      "properties": {
        "name": "金牛明新诊所",
        "category": "medical",
        "type": "医疗保健服务;诊所;诊所",
        "district": "金牛区",
        "weight": 1
      }
    },
    {
      "type": "Feature",
      "geometry": {
        "type": "Point",
        "coordinates": [
          104.024767,
          30.708881
        ]
      },
      "properties": {
        "name": "瑞康大药房(金府路)",
        "category": "medical",
        "type": "医疗保健服务;医药保健销售店;药房",
        "district": "金牛区",
        "weight": 1
      }
    },
    {
      "type": "Feature",
      "geometry": {
        "type": "Point",
        "coordinates": [
          104.038849,
          30.702949
        ]
      },
      "properties": {
        "name": "鲁氏口腔",
        "category": "medical",
        "type": "医疗保健服务;专科医院;口腔医院",
        "district": "金牛区",
        "weight": 14
      }
    },
    {
      "type": "Feature",
      "geometry": {
        "type": "Point",
        "coordinates": [
          104.043034,
          30.698679
        ]
      },
      "properties": {
        "name": "张小儿",
        "category": "medical",
        "type": "医疗保健服务;诊所;诊所",
        "district": "金牛区",
        "weight": 32
      }
    },
    {
      "type": "Feature",
      "geometry": {
        "type": "Point",
        "coordinates": [
          104.043349,
          30.705502
        ]
      },
      "properties": {
        "name": "一心堂",
        "category": "medical",
        "type": "医疗保健服务;医药保健销售店;药房",
        "district": "金牛区",
        "weight": 14
      }
    },
    {
      "type": "Feature",
      "geometry": {
        "type": "Point",
        "coordinates": [
          104.043148,
          30.708156
        ]
      },
      "properties": {
        "name": "金牛星晨牙科诊所",
        "category": "medical",
        "type": "医疗保健服务;专科医院;口腔医院",
        "district": "金牛区",
        "weight": 3
      }
    },
    {
      "type": "Feature",
      "geometry": {
        "type": "Point",
        "coordinates": [
          104.03904,
          30.699296
        ]
      },
      "properties": {
        "name": "牙牙诊所",
        "category": "medical",
        "type": "医疗保健服务;专科医院;口腔医院|医疗保健服务;诊所;诊所",
        "district": "金牛区",
        "weight": 4
      }
    },
    {
      "type": "Feature",
      "geometry": {
        "type": "Point",
        "coordinates": [
          104.036652,
          30.700648
        ]
      },
      "properties": {
        "name": "永康堂大药房(花照壁中横街)",
        "category": "medical",
        "type": "医疗保健服务;医药保健销售店;药房",
        "district": "金牛区",
        "weight": 1
      }
    },
    {
      "type": "Feature",
      "geometry": {
        "type": "Point",
        "coordinates": [
          104.048041,
          30.7019
        ]
      },
      "properties": {
        "name": "西南交通大学九里校区医院",
        "category": "medical",
        "type": "医疗保健服务;综合医院;综合医院",
        "district": "金牛区",
        "weight": 1
      }
    },
    {
      "type": "Feature",
      "geometry": {
        "type": "Point",
        "coordinates": [
          104.046647,
          30.703277
        ]
      },
      "properties": {
        "name": "仁一堂诊所",
        "category": "medical",
        "type": "医疗保健服务;诊所;诊所",
        "district": "金牛区",
        "weight": 1
      }
    },
    {
      "type": "Feature",
      "geometry": {
        "type": "Point",
        "coordinates": [
          104.048811,
          30.704226
        ]
      },
      "properties": {
        "name": "喜悦药房(群星路药店)",
        "category": "medical",
        "type": "医疗保健服务;医药保健销售店;药房",
        "district": "金牛区",
        "weight": 1
      }
    },
    {
      "type": "Feature",
      "geometry": {
        "type": "Point",
        "coordinates": [
          104.054087,
          30.70518
        ]
      },
      "properties": {
        "name": "世博医院",
        "category": "medical",
        "type": "医疗保健服务;综合医院;综合医院",
        "district": "金牛区",
        "weight": 6
      }
    },
    {
      "type": "Feature",
      "geometry": {
        "type": "Point",
        "coordinates": [
          104.055886,
          30.700198
        ]
      },
      "properties": {
        "name": "鑫华仁药房",
        "category": "medical",
        "type": "医疗保健服务;医药保健销售店;药房",
        "district": "金牛区",
        "weight": 7
      }
    },
    {
      "type": "Feature",
      "geometry": {
        "type": "Point",
        "coordinates": [
          104.06083,
          30.707094
        ]
      },
      "properties": {
        "name": "金牛蓉威诊所",
        "category": "medical",
        "type": "医疗保健服务;专科医院;口腔医院",
        "district": "金牛区",
        "weight": 5
      }
    },
    {
      "type": "Feature",
      "geometry": {
        "type": "Point",
        "coordinates": [
          104.063418,
          30.702577
        ]
      },
      "properties": {
        "name": "兴鸿保健",
        "category": "medical",
        "type": "医疗保健服务;医药保健销售店;药房",
        "district": "金牛区",
        "weight": 20
      }
    },
    {
      "type": "Feature",
      "geometry": {
        "type": "Point",
        "coordinates": [
          104.063459,
          30.706765
        ]
      },
      "properties": {
        "name": "翔和门诊部",
        "category": "medical",
        "type": "医疗保健服务;诊所;诊所",
        "district": "金牛区",
        "weight": 4
      }
    },
    {
      "type": "Feature",
      "geometry": {
        "type": "Point",
        "coordinates": [
          104.073767,
          30.707132
        ]
      },
      "properties": {
        "name": "齐盛诊所",
        "category": "medical",
        "type": "医疗保健服务;诊所;诊所",
        "district": "成华区",
        "weight": 30
      }
    },
    {
      "type": "Feature",
      "geometry": {
        "type": "Point",
        "coordinates": [
          104.064703,
          30.704905
        ]
      },
      "properties": {
        "name": "成都市龙诚大药房",
        "category": "medical",
        "type": "医疗保健服务;医药保健销售店;药房",
        "district": "金牛区",
        "weight": 2
      }
    },
    {
      "type": "Feature",
      "geometry": {
        "type": "Point",
        "coordinates": [
          104.072776,
          30.704374
        ]
      },
      "properties": {
        "name": "泰安门诊",
        "category": "medical",
        "type": "医疗保健服务;诊所;诊所",
        "district": "成华区",
        "weight": 35
      }
    },
    {
      "type": "Feature",
      "geometry": {
        "type": "Point",
        "coordinates": [
          104.065354,
          30.707643
        ]
      },
      "properties": {
        "name": "旭东诊所",
        "category": "medical",
        "type": "医疗保健服务;诊所;诊所",
        "district": "金牛区",
        "weight": 3
      }
    },
    {
      "type": "Feature",
      "geometry": {
        "type": "Point",
        "coordinates": [
          104.068539,
          30.702415
        ]
      },
      "properties": {
        "name": "辰鑫康大药房",
        "category": "medical",
        "type": "医疗保健服务;医药保健销售店;药房",
        "district": "金牛区",
        "weight": 8
      }
    },
    {
      "type": "Feature",
      "geometry": {
        "type": "Point",
        "coordinates": [
          104.076134,
          30.708581
        ]
      },
      "properties": {
        "name": "为尔康诊所(东沙街)",
        "category": "medical",
        "type": "医疗保健服务;诊所;诊所",
        "district": "成华区",
        "weight": 1
      }
    },
    {
      "type": "Feature",
      "geometry": {
        "type": "Point",
        "coordinates": [
          104.088425,
          30.705971
        ]
      },
      "properties": {
        "name": "横桥社区卫生服务站",
        "category": "medical",
        "type": "医疗保健服务;综合医院;卫生院",
        "district": "成华区",
        "weight": 4
      }
    },
    {
      "type": "Feature",
      "geometry": {
        "type": "Point",
        "coordinates": [
          104.093241,
          30.701722
        ]
      },
      "properties": {
        "name": "康美臣药房",
        "category": "medical",
        "type": "医疗保健服务;医药保健销售店;药房",
        "district": "成华区",
        "weight": 3
      }
    },
    {
      "type": "Feature",
      "geometry": {
        "type": "Point",
        "coordinates": [
          104.091064,
          30.706119
        ]
      },
      "properties": {
        "name": "成华馨康诊所",
        "category": "medical",
        "type": "医疗保健服务;诊所;诊所",
        "district": "成华区",
        "weight": 7
      }
    },
    {
      "type": "Feature",
      "geometry": {
        "type": "Point",
        "coordinates": [
          104.085792,
          30.702842
        ]
      },
      "properties": {
        "name": "广济大药房",
        "category": "medical",
        "type": "医疗保健服务;医药保健销售店;药房",
        "district": "成华区",
        "weight": 4
      }
    },
    {
      "type": "Feature",
      "geometry": {
        "type": "Point",
        "coordinates": [
          104.08946,
          30.703112
        ]
      },
      "properties": {
        "name": "健平诊所",
        "category": "medical",
        "type": "医疗保健服务;诊所;诊所",
        "district": "成华区",
        "weight": 4
      }
    },
    {
      "type": "Feature",
      "geometry": {
        "type": "Point",
        "coordinates": [
          104.100571,
          30.702172
        ]
      },
      "properties": {
        "name": "佰灵诊所",
        "category": "medical",
        "type": "医疗保健服务;诊所;诊所",
        "district": "成华区",
        "weight": 8
      }
    },
    {
      "type": "Feature",
      "geometry": {
        "type": "Point",
        "coordinates": [
          104.103487,
          30.704785
        ]
      },
      "properties": {
        "name": "同清牙科诊所",
        "category": "medical",
        "type": "医疗保健服务;专科医院;口腔医院",
        "district": "成华区",
        "weight": 5
      }
    },
    {
      "type": "Feature",
      "geometry": {
        "type": "Point",
        "coordinates": [
          104.096989,
          30.70156
        ]
      },
      "properties": {
        "name": "龙一大药房",
        "category": "medical",
        "type": "医疗保健服务;医药保健销售店;药房",
        "district": "成华区",
        "weight": 4
      }
    },
    {
      "type": "Feature",
      "geometry": {
        "type": "Point",
        "coordinates": [
          104.110545,
          30.704587
        ]
      },
      "properties": {
        "name": "西林诊所",
        "category": "medical",
        "type": "医疗保健服务;诊所;诊所",
        "district": "成华区",
        "weight": 39
      }
    },
    {
      "type": "Feature",
      "geometry": {
        "type": "Point",
        "coordinates": [
          104.105504,
          30.702339
        ]
      },
      "properties": {
        "name": "康益诊所",
        "category": "medical",
        "type": "医疗保健服务;诊所;诊所",
        "district": "成华区",
        "weight": 18
      }
    },
    {
      "type": "Feature",
      "geometry": {
        "type": "Point",
        "coordinates": [
          104.105838,
          30.706713
        ]
      },
      "properties": {
        "name": "成华复康诊所",
        "category": "medical",
        "type": "医疗保健服务;诊所;诊所",
        "district": "成华区",
        "weight": 3
      }
    },
    {
      "type": "Feature",
      "geometry": {
        "type": "Point",
        "coordinates": [
          104.113555,
          30.703508
        ]
      },
      "properties": {
        "name": "成华治安诊所",
        "category": "medical",
        "type": "医疗保健服务;诊所;诊所",
        "district": "成华区",
        "weight": 2
      }
    },
    {
      "type": "Feature",
      "geometry": {
        "type": "Point",
        "coordinates": [
          104.11532,
          30.703098
        ]
      },
      "properties": {
        "name": "海滨湾社区卫生服务站",
        "category": "medical",
        "type": "医疗保健服务;综合医院;卫生院",
        "district": "成华区",
        "weight": 1
      }
    },
    {
      "type": "Feature",
      "geometry": {
        "type": "Point",
        "coordinates": [
          104.113657,
          30.701584
        ]
      },
      "properties": {
        "name": "成华区青龙社区卫生服务中心",
        "category": "medical",
        "type": "医疗保健服务;综合医院;卫生院",
        "district": "成华区",
        "weight": 1
      }
    },
    {
      "type": "Feature",
      "geometry": {
        "type": "Point",
        "coordinates": [
          104.162851,
          30.708169
        ]
      },
      "properties": {
        "name": "龙潭社区卫生服务中心",
        "category": "medical",
        "type": "医疗保健服务;综合医院;卫生院",
        "district": "成华区",
        "weight": 1
      }
    },
    {
      "type": "Feature",
      "geometry": {
        "type": "Point",
        "coordinates": [
          104.162205,
          30.700614
        ]
      },
      "properties": {
        "name": "成都市第二人民医院龙潭医院",
        "category": "medical",
        "type": "医疗保健服务;综合医院;综合医院",
        "district": "成华区",
        "weight": 1
      }
    },
    {
      "type": "Feature",
      "geometry": {
        "type": "Point",
        "coordinates": [
          104.162176,
          30.703738
        ]
      },
      "properties": {
        "name": "成华高氏康健诊所",
        "category": "medical",
        "type": "医疗保健服务;诊所;诊所",
        "district": "成华区",
        "weight": 2
      }
    },
    {
      "type": "Feature",
      "geometry": {
        "type": "Point",
        "coordinates": [
          104.157421,
          30.706244
        ]
      },
      "properties": {
        "name": "成华徐氏诊所",
        "category": "medical",
        "type": "医疗保健服务;诊所;诊所",
        "district": "成华区",
        "weight": 1
      }
    },
    {
      "type": "Feature",
      "geometry": {
        "type": "Point",
        "coordinates": [
          104.159975,
          30.705028
        ]
      },
      "properties": {
        "name": "瑞嘉大药房",
        "category": "medical",
        "type": "医疗保健服务;医药保健销售店;药房",
        "district": "成华区",
        "weight": 3
      }
    },
    {
      "type": "Feature",
      "geometry": {
        "type": "Point",
        "coordinates": [
          104.16961,
          30.698838
        ]
      },
      "properties": {
        "name": "瀚林口腔",
        "category": "medical",
        "type": "医疗保健服务;专科医院;口腔医院",
        "district": "成华区",
        "weight": 12
      }
    },
    {
      "type": "Feature",
      "geometry": {
        "type": "Point",
        "coordinates": [
          104.165745,
          30.700027
        ]
      },
      "properties": {
        "name": "德仁堂",
        "category": "medical",
        "type": "医疗保健服务;医药保健销售店;药房",
        "district": "成华区",
        "weight": 14
      }
    },
    {
      "type": "Feature",
      "geometry": {
        "type": "Point",
        "coordinates": [
          104.169865,
          30.702506
        ]
      },
      "properties": {
        "name": "勇康口腔",
        "category": "medical",
        "type": "医疗保健服务;专科医院;口腔医院",
        "district": "成华区",
        "weight": 2
      }
    },
    {
      "type": "Feature",
      "geometry": {
        "type": "Point",
        "coordinates": [
          104.17218,
          30.700872
        ]
      },
      "properties": {
        "name": "成华四和诊所",
        "category": "medical",
        "type": "医疗保健服务;诊所;诊所",
        "district": "成华区",
        "weight": 4
      }
    },
    {
      "type": "Feature",
      "geometry": {
        "type": "Point",
        "coordinates": [
          104.164933,
          30.706051
        ]
      },
      "properties": {
        "name": "文珍牙科",
        "category": "medical",
        "type": "医疗保健服务;专科医院;口腔医院",
        "district": "成华区",
        "weight": 5
      }
    },
    {
      "type": "Feature",
      "geometry": {
        "type": "Point",
        "coordinates": [
          104.172245,
          30.703355
        ]
      },
      "properties": {
        "name": "格瑞人康药房(龙潭寺店)",
        "category": "medical",
        "type": "医疗保健服务;医药保健销售店;药房",
        "district": "成华区",
        "weight": 1
      }
    },
    {
      "type": "Feature",
      "geometry": {
        "type": "Point",
        "coordinates": [
          103.965562,
          30.699452
        ]
      },
      "properties": {
        "name": "黄田坝成飞社区卫生服务中心",
        "category": "medical",
        "type": "医疗保健服务;综合医院;卫生院",
        "district": "青羊区",
        "weight": 2
      }
    },
    {
      "type": "Feature",
      "geometry": {
        "type": "Point",
        "coordinates": [
          103.973219,
          30.691601
        ]
      },
      "properties": {
        "name": "福仁德药房",
        "category": "medical",
        "type": "医疗保健服务;医药保健销售店;药房",
        "district": "青羊区",
        "weight": 6
      }
    },
    {
      "type": "Feature",
      "geometry": {
        "type": "Point",
        "coordinates": [
          103.967811,
          30.69716
        ]
      },
      "properties": {
        "name": "青羊区青联药店",
        "category": "medical",
        "type": "医疗保健服务;医药保健销售店;药房",
        "district": "青羊区",
        "weight": 2
      }
    },
    {
      "type": "Feature",
      "geometry": {
        "type": "Point",
        "coordinates": [
          103.965935,
          30.697591
        ]
      },
      "properties": {
        "name": "回春堂(经二路店)",
        "category": "medical",
        "type": "医疗保健服务;医药保健销售店;药房",
        "district": "青羊区",
        "weight": 1
      }
    },
    {
      "type": "Feature",
      "geometry": {
        "type": "Point",
        "coordinates": [
          103.969976,
          30.695558
        ]
      },
      "properties": {
        "name": "青羊仁济诊所",
        "category": "medical",
        "type": "医疗保健服务;诊所;诊所",
        "district": "青羊区",
        "weight": 3
      }
    },
    {
      "type": "Feature",
      "geometry": {
        "type": "Point",
        "coordinates": [
          103.972198,
          30.696745
        ]
      },
      "properties": {
        "name": "青羊杨先高诊所",
        "category": "medical",
        "type": "医疗保健服务;诊所;诊所",
        "district": "青羊区",
        "weight": 2
      }
    },
    {
      "type": "Feature",
      "geometry": {
        "type": "Point",
        "coordinates": [
          103.965237,
          30.694264
        ]
      },
      "properties": {
        "name": "青羊廷显诊所",
        "category": "medical",
        "type": "医疗保健服务;诊所;诊所",
        "district": "青羊区",
        "weight": 4
      }
    },
    {
      "type": "Feature",
      "geometry": {
        "type": "Point",
        "coordinates": [
          103.970507,
          30.693439
        ]
      },
      "properties": {
        "name": "长生堂诊所(清河一支路)",
        "category": "medical",
        "type": "医疗保健服务;诊所;诊所",
        "district": "青羊区",
        "weight": 1
      }
    },
    {
      "type": "Feature",
      "geometry": {
        "type": "Point",
        "coordinates": [
          103.982117,
          30.691553
        ]
      },
      "properties": {
        "name": "青羊天吉诊所",
        "category": "medical",
        "type": "医疗保健服务;诊所;诊所",
        "district": "青羊区",
        "weight": 3
      }
    },
    {
      "type": "Feature",
      "geometry": {
        "type": "Point",
        "coordinates": [
          103.989348,
          30.689458
        ]
      },
      "properties": {
        "name": "青羊少兴诊所",
        "category": "medical",
        "type": "医疗保健服务;诊所;诊所",
        "district": "青羊区",
        "weight": 4
      }
    },
    {
      "type": "Feature",
      "geometry": {
        "type": "Point",
        "coordinates": [
          104.000399,
          30.694434
        ]
      },
      "properties": {
        "name": "青羊周开玉诊所",
        "category": "medical",
        "type": "医疗保健服务;诊所;诊所",
        "district": "青羊区",
        "weight": 1
      }
    },
    {
      "type": "Feature",
      "geometry": {
        "type": "Point",
        "coordinates": [
          104.011627,
          30.689427
        ]
      },
      "properties": {
        "name": "仲惟康药房",
        "category": "medical",
        "type": "医疗保健服务;医药保健销售店;药房",
        "district": "金牛区",
        "weight": 9
      }
    },
    {
      "type": "Feature",
      "geometry": {
        "type": "Point",
        "coordinates": [
          104.008391,
          30.693812
        ]
      },
      "properties": {
        "name": "金牛卓越口腔诊所",
        "category": "medical",
        "type": "医疗保健服务;专科医院;口腔医院",
        "district": "青羊区",
        "weight": 2
      }
    },
    {
      "type": "Feature",
      "geometry": {
        "type": "Point",
        "coordinates": [
          104.010999,
          30.698575
        ]
      },
      "properties": {
        "name": "弘宜大药房",
        "category": "medical",
        "type": "医疗保健服务;医药保健销售店;药房",
        "district": "金牛区",
        "weight": 5
      }
    },
    {
      "type": "Feature",
      "geometry": {
        "type": "Point",
        "coordinates": [
          104.006207,
          30.690662
        ]
      },
      "properties": {
        "name": "百汇吉民益诊所",
        "category": "medical",
        "type": "医疗保健服务;诊所;诊所",
        "district": "金牛区",
        "weight": 4
      }
    },
    {
      "type": "Feature",
      "geometry": {
        "type": "Point",
        "coordinates": [
          104.003723,
          30.692772
        ]
      },
      "properties": {
        "name": "为尔牙科(黄苑街)",
        "category": "medical",
        "type": "医疗保健服务;专科医院;口腔医院",
        "district": "青羊区",
        "weight": 1
      }
    },
    {
      "type": "Feature",
      "geometry": {
        "type": "Point",
        "coordinates": [
          104.012925,
          30.696716
        ]
      },
      "properties": {
        "name": "一心堂",
        "category": "medical",
        "type": "医疗保健服务;医药保健销售店;药房",
        "district": "金牛区",
        "weight": 6
      }
    },
    {
      "type": "Feature",
      "geometry": {
        "type": "Point",
        "coordinates": [
          104.010386,
          30.692831
        ]
      },
      "properties": {
        "name": "金牛仁杏诊所",
        "category": "medical",
        "type": "医疗保健服务;诊所;诊所",
        "district": "金牛区",
        "weight": 3
      }
    },
    {
      "type": "Feature",
      "geometry": {
        "type": "Point",
        "coordinates": [
          104.009007,
          30.689923
        ]
      },
      "properties": {
        "name": "德润堂大药房(黄苑街)",
        "category": "medical",
        "type": "医疗保健服务;医药保健销售店;药房",
        "district": "金牛区",
        "weight": 1
      }
    },
    {
      "type": "Feature",
      "geometry": {
        "type": "Point",
        "coordinates": [
          104.004066,
          30.694677
        ]
      },
      "properties": {
        "name": "同怡堂大药房",
        "category": "medical",
        "type": "医疗保健服务;医药保健销售店;药房",
        "district": "青羊区",
        "weight": 1
      }
    },
    {
      "type": "Feature",
      "geometry": {
        "type": "Point",
        "coordinates": [
          104.005632,
          30.697364
        ]
      },
      "properties": {
        "name": "安琪儿妇产医院行政楼",
        "category": "medical",
        "type": "医疗保健服务;专科医院;妇科医院",
        "district": "青羊区",
        "weight": 2
      }
    },
    {
      "type": "Feature",
      "geometry": {
        "type": "Point",
        "coordinates": [
          104.012548,
          30.692548
        ]
      },
      "properties": {
        "name": "德仁堂(黄忠路)",
        "category": "medical",
        "type": "医疗保健服务;医药保健销售店;药房",
        "district": "金牛区",
        "weight": 1
      }
    },
    {
      "type": "Feature",
      "geometry": {
        "type": "Point",
        "coordinates": [
          104.014712,
          30.69301
        ]
      },
      "properties": {
        "name": "冠美牙科",
        "category": "medical",
        "type": "医疗保健服务;专科医院;口腔医院|医疗保健服务;诊所;诊所",
        "district": "金牛区",
        "weight": 11
      }
    },
    {
      "type": "Feature",
      "geometry": {
        "type": "Point",
        "coordinates": [
          104.017377,
          30.690023
        ]
      },
      "properties": {
        "name": "凌珑口腔",
        "category": "medical",
        "type": "医疗保健服务;专科医院;口腔医院",
        "district": "金牛区",
        "weight": 5
      }
    },
    {
      "type": "Feature",
      "geometry": {
        "type": "Point",
        "coordinates": [
          104.022933,
          30.698683
        ]
      },
      "properties": {
        "name": "安蓉路博乐诊所",
        "category": "medical",
        "type": "医疗保健服务;诊所;诊所",
        "district": "金牛区",
        "weight": 73
      }
    },
    {
      "type": "Feature",
      "geometry": {
        "type": "Point",
        "coordinates": [
          104.017454,
          30.697989
        ]
      },
      "properties": {
        "name": "红色吴氏诊所",
        "category": "medical",
        "type": "医疗保健服务;诊所;诊所",
        "district": "金牛区",
        "weight": 7
      }
    },
    {
      "type": "Feature",
      "geometry": {
        "type": "Point",
        "coordinates": [
          104.015165,
          30.698196
        ]
      },
      "properties": {
        "name": "金牛成宇诊所",
        "category": "medical",
        "type": "医疗保健服务;诊所;诊所",
        "district": "金牛区",
        "weight": 2
      }
    },
    {
      "type": "Feature",
      "geometry": {
        "type": "Point",
        "coordinates": [
          104.019386,
          30.692583
        ]
      },
      "properties": {
        "name": "喜悦药房(蜀汉路药店)",
        "category": "medical",
        "type": "医疗保健服务;医药保健销售店;药房",
        "district": "金牛区",
        "weight": 1
      }
    },
    {
      "type": "Feature",
      "geometry": {
        "type": "Point",
        "coordinates": [
          104.022576,
          30.68786
        ]
      },
      "properties": {
        "name": "中医馆",
        "category": "medical",
        "type": "医疗保健服务;诊所;诊所",
        "district": "金牛区",
        "weight": 29
      }
    },
    {
      "type": "Feature",
      "geometry": {
        "type": "Point",
        "coordinates": [
          104.014841,
          30.696032
        ]
      },
      "properties": {
        "name": "花圃牙科(蜀明东路)",
        "category": "medical",
        "type": "医疗保健服务;专科医院;口腔医院",
        "district": "金牛区",
        "weight": 2
      }
    },
    {
      "type": "Feature",
      "geometry": {
        "type": "Point",
        "coordinates": [
          104.022538,
          30.694845
        ]
      },
      "properties": {
        "name": "御手国医馆(一品天下店)",
        "category": "medical",
        "type": "医疗保健服务;诊所;诊所",
        "district": "金牛区",
        "weight": 3
      }
    },
    {
      "type": "Feature",
      "geometry": {
        "type": "Point",
        "coordinates": [
          104.030071,
          30.686098
        ]
      },
      "properties": {
        "name": "营策诊所",
        "category": "medical",
        "type": "医疗保健服务;诊所;诊所",
        "district": "金牛区",
        "weight": 128
      }
    },
    {
      "type": "Feature",
      "geometry": {
        "type": "Point",
        "coordinates": [
          104.030611,
          30.692501
        ]
      },
      "properties": {
        "name": "五里墩陈氏诊所",
        "category": "medical",
        "type": "医疗保健服务;诊所;诊所",
        "district": "金牛区",
        "weight": 1
      }
    },
    {
      "type": "Feature",
      "geometry": {
        "type": "Point",
        "coordinates": [
          104.026072,
          30.699064
        ]
      },
      "properties": {
        "name": "美而口腔门诊部",
        "category": "medical",
        "type": "医疗保健服务;专科医院;口腔医院",
        "district": "金牛区",
        "weight": 2
      }
    },
    {
      "type": "Feature",
      "geometry": {
        "type": "Point",
        "coordinates": [
          104.030819,
          30.69575
        ]
      },
      "properties": {
        "name": "九四医院",
        "category": "medical",
        "type": "医疗保健服务;综合医院;综合医院",
        "district": "金牛区",
        "weight": 3
      }
    },
    {
      "type": "Feature",
      "geometry": {
        "type": "Point",
        "coordinates": [
          104.03298,
          30.69561
        ]
      },
      "properties": {
        "name": "金牛大德医馆诊所",
        "category": "medical",
        "type": "医疗保健服务;诊所;诊所",
        "district": "金牛区",
        "weight": 2
      }
    },
    {
      "type": "Feature",
      "geometry": {
        "type": "Point",
        "coordinates": [
          104.024444,
          30.690464
        ]
      },
      "properties": {
        "name": "乙连",
        "category": "medical",
        "type": "购物服务;购物相关场所;购物相关场所",
        "district": "金牛区",
        "weight": 2
      }
    },
    {
      "type": "Feature",
      "geometry": {
        "type": "Point",
        "coordinates": [
          104.029324,
          30.694735
        ]
      },
      "properties": {
        "name": "中国电子科技集团公司第十研究所门诊部",
        "category": "medical",
        "type": "医疗保健服务;诊所;诊所",
        "district": "金牛区",
        "weight": 1
      }
    },
    {
      "type": "Feature",
      "geometry": {
        "type": "Point",
        "coordinates": [
          104.037498,
          30.69778
        ]
      },
      "properties": {
        "name": "金房苑社区卫生服务站",
        "category": "medical",
        "type": "医疗保健服务;综合医院;卫生院",
        "district": "金牛区",
        "weight": 1
      }
    },
    {
      "type": "Feature",
      "geometry": {
        "type": "Point",
        "coordinates": [
          104.036586,
          30.69421
        ]
      },
      "properties": {
        "name": "名医馆",
        "category": "medical",
        "type": "医疗保健服务;医药保健销售店;药房",
        "district": "金牛区",
        "weight": 46
      }
    },
    {
      "type": "Feature",
      "geometry": {
        "type": "Point",
        "coordinates": [
          104.036708,
          30.690678
        ]
      },
      "properties": {
        "name": "蓉春堂大药房",
        "category": "medical",
        "type": "医疗保健服务;医药保健销售店;药房",
        "district": "金牛区",
        "weight": 2
      }
    },
    {
      "type": "Feature",
      "geometry": {
        "type": "Point",
        "coordinates": [
          104.041983,
          30.690018
        ]
      },
      "properties": {
        "name": "德仁堂(光荣店)",
        "category": "medical",
        "type": "医疗保健服务;医药保健销售店;药房",
        "district": "金牛区",
        "weight": 1
      }
    },
    {
      "type": "Feature",
      "geometry": {
        "type": "Point",
        "coordinates": [
          104.040495,
          30.692552
        ]
      },
      "properties": {
        "name": "协兴诊所",
        "category": "medical",
        "type": "医疗保健服务;诊所;诊所",
        "district": "金牛区",
        "weight": 6
      }
    },
    {
      "type": "Feature",
      "geometry": {
        "type": "Point",
        "coordinates": [
          104.039135,
          30.688946
        ]
      },
      "properties": {
        "name": "助康诊所",
        "category": "medical",
        "type": "医疗保健服务;诊所;诊所",
        "district": "金牛区",
        "weight": 5
      }
    },
    {
      "type": "Feature",
      "geometry": {
        "type": "Point",
        "coordinates": [
          104.043346,
          30.694413
        ]
      },
      "properties": {
        "name": "沈跃全中医诊所",
        "category": "medical",
        "type": "医疗保健服务;诊所;诊所",
        "district": "金牛区",
        "weight": 1
      }
    },
    {
      "type": "Feature",
      "geometry": {
        "type": "Point",
        "coordinates": [
          104.035392,
          30.69845
        ]
      },
      "properties": {
        "name": "桑梓大药房",
        "category": "medical",
        "type": "医疗保健服务;医药保健销售店;药房",
        "district": "金牛区",
        "weight": 2
      }
    },
    {
      "type": "Feature",
      "geometry": {
        "type": "Point",
        "coordinates": [
          104.04312,
          30.695837
        ]
      },
      "properties": {
        "name": "金牛区吕氏叁才中医诊所",
        "category": "medical",
        "type": "医疗保健服务;诊所;诊所",
        "district": "金牛区",
        "weight": 1
      }
    },
    {
      "type": "Feature",
      "geometry": {
        "type": "Point",
        "coordinates": [
          104.050852,
          30.690675
        ]
      },
      "properties": {
        "name": "钟声诊所",
        "category": "medical",
        "type": "医疗保健服务;诊所;诊所",
        "district": "金牛区",
        "weight": 72
      }
    },
    {
      "type": "Feature",
      "geometry": {
        "type": "Point",
        "coordinates": [
          104.044535,
          30.693119
        ]
      },
      "properties": {
        "name": "三仙堂中医馆",
        "category": "medical",
        "type": "医疗保健服务;诊所;诊所",
        "district": "金牛区",
        "weight": 4
      }
    },
    {
      "type": "Feature",
      "geometry": {
        "type": "Point",
        "coordinates": [
          104.044042,
          30.691068
        ]
      },
      "properties": {
        "name": "雅韵诊所",
        "category": "medical",
        "type": "医疗保健服务;诊所;诊所",
        "district": "金牛区",
        "weight": 3
      }
    },
    {
      "type": "Feature",
      "geometry": {
        "type": "Point",
        "coordinates": [
          104.049624,
          30.696691
        ]
      },
      "properties": {
        "name": "成都金牛春天牙科门诊部",
        "category": "medical",
        "type": "医疗保健服务;专科医院;口腔医院",
        "district": "金牛区",
        "weight": 1
      }
    },
    {
      "type": "Feature",
      "geometry": {
        "type": "Point",
        "coordinates": [
          104.047156,
          30.693843
        ]
      },
      "properties": {
        "name": "德仁堂(成都加州花园酒店东南)",
        "category": "medical",
        "type": "医疗保健服务;医药保健销售店;药房",
        "district": "金牛区",
        "weight": 1
      }
    },
    {
      "type": "Feature",
      "geometry": {
        "type": "Point",
        "coordinates": [
          104.054083,
          30.695043
        ]
      },
      "properties": {
        "name": "金玉诊所",
        "category": "medical",
        "type": "医疗保健服务;专科医院;口腔医院",
        "district": "金牛区",
        "weight": 11
      }
    },
    {
      "type": "Feature",
      "geometry": {
        "type": "Point",
        "coordinates": [
          104.055221,
          30.697536
        ]
      },
      "properties": {
        "name": "金牛瑞金牙科",
        "category": "medical",
        "type": "医疗保健服务;专科医院;口腔医院",
        "district": "金牛区",
        "weight": 2
      }
    },
    {
      "type": "Feature",
      "geometry": {
        "type": "Point",
        "coordinates": [
          104.058716,
          30.689147
        ]
      },
      "properties": {
        "name": "金牛同泰诊所",
        "category": "medical",
        "type": "医疗保健服务;诊所;诊所",
        "district": "金牛区",
        "weight": 29
      }
    },
    {
      "type": "Feature",
      "geometry": {
        "type": "Point",
        "coordinates": [
          104.056549,
          30.691647
        ]
      },
      "properties": {
        "name": "韩牙科",
        "category": "medical",
        "type": "医疗保健服务;专科医院;口腔医院",
        "district": "金牛区",
        "weight": 1
      }
    },
    {
      "type": "Feature",
      "geometry": {
        "type": "Point",
        "coordinates": [
          104.06334,
          30.69148
        ]
      },
      "properties": {
        "name": "名老中医馆",
        "category": "medical",
        "type": "医疗保健服务;诊所;诊所",
        "district": "金牛区",
        "weight": 3
      }
    },
    {
      "type": "Feature",
      "geometry": {
        "type": "Point",
        "coordinates": [
          104.055258,
          30.690273
        ]
      },
      "properties": {
        "name": "贝尔康大药房(九里堤南路店)",
        "category": "medical",
        "type": "医疗保健服务;医药保健销售店;药房",
        "district": "金牛区",
        "weight": 1
      }
    },
    {
      "type": "Feature",
      "geometry": {
        "type": "Point",
        "coordinates": [
          104.067145,
          30.698289
        ]
      },
      "properties": {
        "name": "金牛区妇幼保健院-医疗区",
        "category": "medical",
        "type": "医疗保健服务;综合医院;综合医院",
        "district": "金牛区",
        "weight": 18
      }
    },
    {
      "type": "Feature",
      "geometry": {
        "type": "Point",
        "coordinates": [
          104.065228,
          30.69654
        ]
      },
      "properties": {
        "name": "跃恒口腔",
        "category": "medical",
        "type": "医疗保健服务;专科医院;口腔医院",
        "district": "金牛区",
        "weight": 56
      }
    },
    {
      "type": "Feature",
      "geometry": {
        "type": "Point",
        "coordinates": [
          104.070551,
          30.69576
        ]
      },
      "properties": {
        "name": "三山大药房(人北店)",
        "category": "medical",
        "type": "医疗保健服务;医药保健销售店;药房",
        "district": "金牛区",
        "weight": 1
      }
    },
    {
      "type": "Feature",
      "geometry": {
        "type": "Point",
        "coordinates": [
          104.070518,
          30.693983
        ]
      },
      "properties": {
        "name": "喜悦药房(人北药店)",
        "category": "medical",
        "type": "医疗保健服务;医药保健销售店;药房",
        "district": "金牛区",
        "weight": 1
      }
    },
    {
      "type": "Feature",
      "geometry": {
        "type": "Point",
        "coordinates": [
          104.073533,
          30.690488
        ]
      },
      "properties": {
        "name": "一心堂",
        "category": "medical",
        "type": "医疗保健服务;医药保健销售店;药房",
        "district": "金牛区",
        "weight": 5
      }
    },
    {
      "type": "Feature",
      "geometry": {
        "type": "Point",
        "coordinates": [
          104.068468,
          30.690776
        ]
      },
      "properties": {
        "name": "百信药业(辉润大药房)",
        "category": "medical",
        "type": "医疗保健服务;医药保健销售店;药房",
        "district": "金牛区",
        "weight": 2
      }
    },
    {
      "type": "Feature",
      "geometry": {
        "type": "Point",
        "coordinates": [
          104.071376,
          30.690008
        ]
      },
      "properties": {
        "name": "瑞泰口腔医院(万达广场金牛店)",
        "category": "medical",
        "type": "医疗保健服务;专科医院;口腔医院",
        "district": "金牛区",
        "weight": 1
      }
    },
    {
      "type": "Feature",
      "geometry": {
        "type": "Point",
        "coordinates": [
          104.072449,
          30.695878
        ]
      },
      "properties": {
        "name": "荷花池美牙诊所",
        "category": "medical",
        "type": "医疗保健服务;专科医院;口腔医院|医疗保健服务;诊所;诊所",
        "district": "金牛区",
        "weight": 1
      }
    },
    {
      "type": "Feature",
      "geometry": {
        "type": "Point",
        "coordinates": [
          104.063907,
          30.689528
        ]
      },
      "properties": {
        "name": "九鼎药房(北站西二路)",
        "category": "medical",
        "type": "医疗保健服务;医药保健销售店;药房",
        "district": "金牛区",
        "weight": 2
      }
    },
    {
      "type": "Feature",
      "geometry": {
        "type": "Point",
        "coordinates": [
          104.074701,
          30.69799
        ]
      },
      "properties": {
        "name": "金牛方便药房",
        "category": "medical",
        "type": "医疗保健服务;医药保健销售店;药房",
        "district": "金牛区",
        "weight": 16
      }
    },
    {
      "type": "Feature",
      "geometry": {
        "type": "Point",
        "coordinates": [
          104.076974,
          30.697493
        ]
      },
      "properties": {
        "name": "内科口腔科",
        "category": "medical",
        "type": "医疗保健服务;专科医院;口腔医院",
        "district": "金牛区",
        "weight": 13
      }
    },
    {
      "type": "Feature",
      "geometry": {
        "type": "Point",
        "coordinates": [
          104.081712,
          30.69666
        ]
      },
      "properties": {
        "name": "华蓥诊所",
        "category": "medical",
        "type": "医疗保健服务;诊所;诊所",
        "district": "金牛区",
        "weight": 5
      }
    },
    {
      "type": "Feature",
      "geometry": {
        "type": "Point",
        "coordinates": [
          104.07815,
          30.690466
        ]
      },
      "properties": {
        "name": "金牛东风诊所",
        "category": "medical",
        "type": "医疗保健服务;诊所;诊所",
        "district": "金牛区",
        "weight": 5
      }
    },
    {
      "type": "Feature",
      "geometry": {
        "type": "Point",
        "coordinates": [
          104.081077,
          30.689765
        ]
      },
      "properties": {
        "name": "美林牙科",
        "category": "medical",
        "type": "医疗保健服务;专科医院;口腔医院|医疗保健服务;诊所;诊所",
        "district": "金牛区",
        "weight": 8
      }
    },
    {
      "type": "Feature",
      "geometry": {
        "type": "Point",
        "coordinates": [
          104.080156,
          30.692759
        ]
      },
      "properties": {
        "name": "五福堂大药房",
        "category": "medical",
        "type": "医疗保健服务;医药保健销售店;药房",
        "district": "金牛区",
        "weight": 3
      }
    },
    {
      "type": "Feature",
      "geometry": {
        "type": "Point",
        "coordinates": [
          104.082402,
          30.692636
        ]
      },
      "properties": {
        "name": "金牛福慈诊所",
        "category": "medical",
        "type": "医疗保健服务;诊所;诊所",
        "district": "金牛区",
        "weight": 3
      }
    },
    {
      "type": "Feature",
      "geometry": {
        "type": "Point",
        "coordinates": [
          104.083306,
          30.694085
        ]
      },
      "properties": {
        "name": "金牛诊所",
        "category": "medical",
        "type": "医疗保健服务;诊所;诊所",
        "district": "金牛区",
        "weight": 2
      }
    },
    {
      "type": "Feature",
      "geometry": {
        "type": "Point",
        "coordinates": [
          104.091482,
          30.691902
        ]
      },
      "properties": {
        "name": "416医院",
        "category": "medical",
        "type": "医疗保健服务;综合医院;综合医院",
        "district": "成华区",
        "weight": 65
      }
    },
    {
      "type": "Feature",
      "geometry": {
        "type": "Point",
        "coordinates": [
          104.087766,
          30.693635
        ]
      },
      "properties": {
        "name": "金牛高笋塘诊所",
        "category": "medical",
        "type": "医疗保健服务;诊所;诊所",
        "district": "金牛区",
        "weight": 2
      }
    },
    {
      "type": "Feature",
      "geometry": {
        "type": "Point",
        "coordinates": [
          104.084599,
          30.695179
        ]
      },
      "properties": {
        "name": "百信药业(二环路北三段店)",
        "category": "medical",
        "type": "医疗保健服务;医药保健销售店;药房",
        "district": "金牛区",
        "weight": 1
      }
    },
    {
      "type": "Feature",
      "geometry": {
        "type": "Point",
        "coordinates": [
          104.085895,
          30.693127
        ]
      },
      "properties": {
        "name": "华安堂(高笋塘药店)",
        "category": "medical",
        "type": "医疗保健服务;医药保健销售店;药房",
        "district": "金牛区",
        "weight": 1
      }
    },
    {
      "type": "Feature",
      "geometry": {
        "type": "Point",
        "coordinates": [
          104.084638,
          30.69167
        ]
      },
      "properties": {
        "name": "金牛回春堂诊所",
        "category": "medical",
        "type": "医疗保健服务;诊所;诊所",
        "district": "金牛区",
        "weight": 3
      }
    },
    {
      "type": "Feature",
      "geometry": {
        "type": "Point",
        "coordinates": [
          104.08426,
          30.689982
        ]
      },
      "properties": {
        "name": "一心堂(解放路药店)",
        "category": "medical",
        "type": "医疗保健服务;医药保健销售店;药房",
        "district": "金牛区",
        "weight": 2
      }
    },
    {
      "type": "Feature",
      "geometry": {
        "type": "Point",
        "coordinates": [
          104.087195,
          30.69635
        ]
      },
      "properties": {
        "name": "本草堂药品(红旗巷铭艳店)",
        "category": "medical",
        "type": "医疗保健服务;医药保健销售店;药房",
        "district": "金牛区",
        "weight": 2
      }
    },
    {
      "type": "Feature",
      "geometry": {
        "type": "Point",
        "coordinates": [
          104.093194,
          30.697817
        ]
      },
      "properties": {
        "name": "成华怡民堂诊所",
        "category": "medical",
        "type": "医疗保健服务;诊所;诊所",
        "district": "成华区",
        "weight": 3
      }
    },
    {
      "type": "Feature",
      "geometry": {
        "type": "Point",
        "coordinates": [
          104.102057,
          30.69747
        ]
      },
      "properties": {
        "name": "成都交通医院",
        "category": "medical",
        "type": "医疗保健服务;综合医院;综合医院",
        "district": "成华区",
        "weight": 31
      }
    },
    {
      "type": "Feature",
      "geometry": {
        "type": "Point",
        "coordinates": [
          104.106649,
          30.687827
        ]
      },
      "properties": {
        "name": "八理骨科",
        "category": "medical",
        "type": "医疗保健服务;专科医院;骨科医院",
        "district": "成华区",
        "weight": 62
      }
    },
    {
      "type": "Feature",
      "geometry": {
        "type": "Point",
        "coordinates": [
          104.09519,
          30.68974
        ]
      },
      "properties": {
        "name": "诚丰药房",
        "category": "medical",
        "type": "医疗保健服务;医药保健销售店;药房",
        "district": "成华区",
        "weight": 2
      }
    },
    {
      "type": "Feature",
      "geometry": {
        "type": "Point",
        "coordinates": [
          104.107122,
          30.696092
        ]
      },
      "properties": {
        "name": "成华区第四人民医院门诊",
        "category": "medical",
        "type": "医疗保健服务;诊所;诊所",
        "district": "成华区",
        "weight": 2
      }
    },
    {
      "type": "Feature",
      "geometry": {
        "type": "Point",
        "coordinates": [
          104.10456,
          30.69722
        ]
      },
      "properties": {
        "name": "华安堂(驷马桥便民店)",
        "category": "medical",
        "type": "医疗保健服务;医药保健销售店;药房",
        "district": "成华区",
        "weight": 1
      }
    },
    {
      "type": "Feature",
      "geometry": {
        "type": "Point",
        "coordinates": [
          104.103973,
          30.692628
        ]
      },
      "properties": {
        "name": "成华区瑞御堂大药房",
        "category": "medical",
        "type": "医疗保健服务;医药保健销售店;药房",
        "district": "成华区",
        "weight": 2
      }
    },
    {
      "type": "Feature",
      "geometry": {
        "type": "Point",
        "coordinates": [
          104.115734,
          30.689709
        ]
      },
      "properties": {
        "name": "本草堂药品连锁(成华区川铁店)",
        "category": "medical",
        "type": "医疗保健服务;医药保健销售店;药房",
        "district": "成华区",
        "weight": 2
      }
    },
    {
      "type": "Feature",
      "geometry": {
        "type": "Point",
        "coordinates": [
          104.118686,
          30.692812
        ]
      },
      "properties": {
        "name": "成华成梅诊所(二仙桥西北路)",
        "category": "medical",
        "type": "医疗保健服务;诊所;诊所",
        "district": "成华区",
        "weight": 1
      }
    },
    {
      "type": "Feature",
      "geometry": {
        "type": "Point",
        "coordinates": [
          104.137003,
          30.690748
        ]
      },
      "properties": {
        "name": "成华崇仁中西医诊所",
        "category": "medical",
        "type": "医疗保健服务;诊所;诊所",
        "district": "成华区",
        "weight": 2
      }
    },
    {
      "type": "Feature",
      "geometry": {
        "type": "Point",
        "coordinates": [
          104.161721,
          30.698537
        ]
      },
      "properties": {
        "name": "瀚林口腔诊所",
        "category": "medical",
        "type": "医疗保健服务;专科医院;口腔医院",
        "district": "成华区",
        "weight": 3
      }
    },
    {
      "type": "Feature",
      "geometry": {
        "type": "Point",
        "coordinates": [
          104.154401,
          30.694369
        ]
      },
      "properties": {
        "name": "向龙村卫生站",
        "category": "medical",
        "type": "医疗保健服务;诊所;诊所",
        "district": "成华区",
        "weight": 1
      }
    },
    {
      "type": "Feature",
      "geometry": {
        "type": "Point",
        "coordinates": [
          104.164328,
          30.695603
        ]
      },
      "properties": {
        "name": "龙港医院",
        "category": "medical",
        "type": "医疗保健服务;综合医院;综合医院",
        "district": "成华区",
        "weight": 4
      }
    },
    {
      "type": "Feature",
      "geometry": {
        "type": "Point",
        "coordinates": [
          104.164132,
          30.690595
        ]
      },
      "properties": {
        "name": "成都成华汇博医院",
        "category": "medical",
        "type": "医疗保健服务;综合医院;综合医院",
        "district": "成华区",
        "weight": 1
      }
    },
    {
      "type": "Feature",
      "geometry": {
        "type": "Point",
        "coordinates": [
          104.1727,
          30.697306
        ]
      },
      "properties": {
        "name": "成华红耘诊所",
        "category": "medical",
        "type": "医疗保健服务;诊所;诊所",
        "district": "成华区",
        "weight": 3
      }
    },
    {
      "type": "Feature",
      "geometry": {
        "type": "Point",
        "coordinates": [
          104.166326,
          30.691398
        ]
      },
      "properties": {
        "name": "百信益寿药店",
        "category": "medical",
        "type": "医疗保健服务;医药保健销售店;药房",
        "district": "成华区",
        "weight": 1
      }
    },
    {
      "type": "Feature",
      "geometry": {
        "type": "Point",
        "coordinates": [
          104.176338,
          30.696569
        ]
      },
      "properties": {
        "name": "瀚林口腔诊所",
        "category": "medical",
        "type": "医疗保健服务;专科医院;口腔医院",
        "district": "成华区",
        "weight": 2
      }
    },
    {
      "type": "Feature",
      "geometry": {
        "type": "Point",
        "coordinates": [
          104.174722,
          30.697014
        ]
      },
      "properties": {
        "name": "贝尔康大药房",
        "category": "medical",
        "type": "医疗保健服务;医药保健销售店;药房",
        "district": "成华区",
        "weight": 1
      }
    },
    {
      "type": "Feature",
      "geometry": {
        "type": "Point",
        "coordinates": [
          103.966141,
          30.679885
        ]
      },
      "properties": {
        "name": "乌衣路药店",
        "category": "medical",
        "type": "医疗保健服务;医药保健销售店;药房",
        "district": "青羊区",
        "weight": 5
      }
    },
    {
      "type": "Feature",
      "geometry": {
        "type": "Point",
        "coordinates": [
          103.981803,
          30.680061
        ]
      },
      "properties": {
        "name": "悦美口腔诊所",
        "category": "medical",
        "type": "医疗保健服务;专科医院;口腔医院",
        "district": "青羊区",
        "weight": 1
      }
    },
    {
      "type": "Feature",
      "geometry": {
        "type": "Point",
        "coordinates": [
          103.98356,
          30.681006
        ]
      },
      "properties": {
        "name": "四要堂",
        "category": "medical",
        "type": "医疗保健服务;诊所;诊所",
        "district": "青羊区",
        "weight": 13
      }
    },
    {
      "type": "Feature",
      "geometry": {
        "type": "Point",
        "coordinates": [
          103.983167,
          30.687183
        ]
      },
      "properties": {
        "name": "勇拳诊所",
        "category": "medical",
        "type": "医疗保健服务;诊所;诊所",
        "district": "青羊区",
        "weight": 3
      }
    },
    {
      "type": "Feature",
      "geometry": {
        "type": "Point",
        "coordinates": [
          103.990851,
          30.686511
        ]
      },
      "properties": {
        "name": "成都青羊朗博医疗门诊部",
        "category": "medical",
        "type": "医疗保健服务;诊所;诊所",
        "district": "青羊区",
        "weight": 1
      }
    },
    {
      "type": "Feature",
      "geometry": {
        "type": "Point",
        "coordinates": [
          103.986492,
          30.682045
        ]
      },
      "properties": {
        "name": "成都市第一骨科医院",
        "category": "medical",
        "type": "医疗保健服务;专科医院;骨科医院",
        "district": "青羊区",
        "weight": 1
      }
    },
    {
      "type": "Feature",
      "geometry": {
        "type": "Point",
        "coordinates": [
          103.989126,
          30.682562
        ]
      },
      "properties": {
        "name": "熊小儿",
        "category": "medical",
        "type": "医疗保健服务;诊所;诊所",
        "district": "青羊区",
        "weight": 2
      }
    },
    {
      "type": "Feature",
      "geometry": {
        "type": "Point",
        "coordinates": [
          103.989725,
          30.684957
        ]
      },
      "properties": {
        "name": "青羊敬佩诊所",
        "category": "medical",
        "type": "医疗保健服务;诊所;诊所",
        "district": "青羊区",
        "weight": 3
      }
    },
    {
      "type": "Feature",
      "geometry": {
        "type": "Point",
        "coordinates": [
          104.004951,
          30.678979
        ]
      },
      "properties": {
        "name": "唯品口腔",
        "category": "medical",
        "type": "医疗保健服务;专科医院;口腔医院",
        "district": "青羊区",
        "weight": 34
      }
    },
    {
      "type": "Feature",
      "geometry": {
        "type": "Point",
        "coordinates": [
          103.999123,
          30.686475
        ]
      },
      "properties": {
        "name": "青羊启香诊所",
        "category": "medical",
        "type": "医疗保健服务;诊所;诊所",
        "district": "青羊区",
        "weight": 2
      }
    },
    {
      "type": "Feature",
      "geometry": {
        "type": "Point",
        "coordinates": [
          103.996454,
          30.68256
        ]
      },
      "properties": {
        "name": "百汇吉诊所(金鹏街)",
        "category": "medical",
        "type": "医疗保健服务;诊所;诊所",
        "district": "青羊区",
        "weight": 2
      }
    },
    {
      "type": "Feature",
      "geometry": {
        "type": "Point",
        "coordinates": [
          103.994272,
          30.679062
        ]
      },
      "properties": {
        "name": "星蓝牙科",
        "category": "medical",
        "type": "医疗保健服务;专科医院;口腔医院",
        "district": "青羊区",
        "weight": 7
      }
    },
    {
      "type": "Feature",
      "geometry": {
        "type": "Point",
        "coordinates": [
          104.000969,
          30.685666
        ]
      },
      "properties": {
        "name": "安蓉福药房",
        "category": "medical",
        "type": "医疗保健服务;医药保健销售店;药房",
        "district": "青羊区",
        "weight": 1
      }
    },
    {
      "type": "Feature",
      "geometry": {
        "type": "Point",
        "coordinates": [
          103.996548,
          30.685411
        ]
      },
      "properties": {
        "name": "洪锋诊所",
        "category": "medical",
        "type": "医疗保健服务;诊所;诊所",
        "district": "青羊区",
        "weight": 4
      }
    },
    {
      "type": "Feature",
      "geometry": {
        "type": "Point",
        "coordinates": [
          104.00785,
          30.685476
        ]
      },
      "properties": {
        "name": "天使口腔医院(金凤路)",
        "category": "medical",
        "type": "医疗保健服务;专科医院;口腔医院",
        "district": "青羊区",
        "weight": 1
      }
    },
    {
      "type": "Feature",
      "geometry": {
        "type": "Point",
        "coordinates": [
          104.015937,
          30.687478
        ]
      },
      "properties": {
        "name": "黄忠社区卫生服务中心",
        "category": "medical",
        "type": "医疗保健服务;综合医院;卫生院",
        "district": "金牛区",
        "weight": 2
      }
    },
    {
      "type": "Feature",
      "geometry": {
        "type": "Point",
        "coordinates": [
          104.02378,
          30.674454
        ]
      },
      "properties": {
        "name": "红吉堂",
        "category": "medical",
        "type": "医疗保健服务;诊所;诊所",
        "district": "青羊区",
        "weight": 160
      }
    },
    {
      "type": "Feature",
      "geometry": {
        "type": "Point",
        "coordinates": [
          104.015356,
          30.682448
        ]
      },
      "properties": {
        "name": "纯福牙科",
        "category": "medical",
        "type": "医疗保健服务;专科医院;口腔医院",
        "district": "青羊区",
        "weight": 4
      }
    },
    {
      "type": "Feature",
      "geometry": {
        "type": "Point",
        "coordinates": [
          104.014309,
          30.685951
        ]
      },
      "properties": {
        "name": "金牛区丹顶鹤诊所",
        "category": "medical",
        "type": "医疗保健服务;诊所;诊所",
        "district": "金牛区",
        "weight": 3
      }
    },
    {
      "type": "Feature",
      "geometry": {
        "type": "Point",
        "coordinates": [
          104.019109,
          30.684138
        ]
      },
      "properties": {
        "name": "青羊童德中医诊所",
        "category": "medical",
        "type": "医疗保健服务;诊所;诊所",
        "district": "青羊区",
        "weight": 1
      }
    },
    {
      "type": "Feature",
      "geometry": {
        "type": "Point",
        "coordinates": [
          104.021961,
          30.680044
        ]
      },
      "properties": {
        "name": "德福堂药房",
        "category": "medical",
        "type": "医疗保健服务;医药保健销售店;药房",
        "district": "青羊区",
        "weight": 3
      }
    },
    {
      "type": "Feature",
      "geometry": {
        "type": "Point",
        "coordinates": [
          104.014767,
          30.680783
        ]
      },
      "properties": {
        "name": "杨大鹏诊所",
        "category": "medical",
        "type": "医疗保健服务;诊所;诊所",
        "district": "青羊区",
        "weight": 1
      }
    },
    {
      "type": "Feature",
      "geometry": {
        "type": "Point",
        "coordinates": [
          104.033223,
          30.680455
        ]
      },
      "properties": {
        "name": "华安堂(抚琴店)",
        "category": "medical",
        "type": "医疗保健服务;医药保健销售店;药房",
        "district": "金牛区",
        "weight": 1
      }
    },
    {
      "type": "Feature",
      "geometry": {
        "type": "Point",
        "coordinates": [
          104.025221,
          30.682391
        ]
      },
      "properties": {
        "name": "成都市少儿住院互助金定点医院",
        "category": "medical",
        "type": "医疗保健服务;综合医院;综合医院",
        "district": "青羊区",
        "weight": 2
      }
    },
    {
      "type": "Feature",
      "geometry": {
        "type": "Point",
        "coordinates": [
          104.025803,
          30.689131
        ]
      },
      "properties": {
        "name": "弥生三立中医馆",
        "category": "medical",
        "type": "医疗保健服务;诊所;诊所",
        "district": "金牛区",
        "weight": 1
      }
    },
    {
      "type": "Feature",
      "geometry": {
        "type": "Point",
        "coordinates": [
          104.040676,
          30.68618
        ]
      },
      "properties": {
        "name": "恒博医疗美容",
        "category": "medical",
        "type": "医疗保健服务;专科医院;整形美容",
        "district": "金牛区",
        "weight": 31
      }
    },
    {
      "type": "Feature",
      "geometry": {
        "type": "Point",
        "coordinates": [
          104.042864,
          30.688732
        ]
      },
      "properties": {
        "name": "顺馨诊所",
        "category": "medical",
        "type": "医疗保健服务;诊所;诊所",
        "district": "金牛区",
        "weight": 6
      }
    },
    {
      "type": "Feature",
      "geometry": {
        "type": "Point",
        "coordinates": [
          104.041466,
          30.683049
        ]
      },
      "properties": {
        "name": "留意牙科诊所",
        "category": "medical",
        "type": "医疗保健服务;专科医院;口腔医院|医疗保健服务;诊所;诊所",
        "district": "金牛区",
        "weight": 11
      }
    },
    {
      "type": "Feature",
      "geometry": {
        "type": "Point",
        "coordinates": [
          104.039468,
          30.677743
        ]
      },
      "properties": {
        "name": "仁惠口腔",
        "category": "medical",
        "type": "医疗保健服务;专科医院;口腔医院",
        "district": "金牛区",
        "weight": 43
      }
    },
    {
      "type": "Feature",
      "geometry": {
        "type": "Point",
        "coordinates": [
          104.03601,
          30.682497
        ]
      },
      "properties": {
        "name": "金琴口腔",
        "category": "medical",
        "type": "医疗保健服务;专科医院;口腔医院",
        "district": "金牛区",
        "weight": 19
      }
    },
    {
      "type": "Feature",
      "geometry": {
        "type": "Point",
        "coordinates": [
          104.037078,
          30.689256
        ]
      },
      "properties": {
        "name": "德春堂诊所",
        "category": "medical",
        "type": "医疗保健服务;诊所;诊所",
        "district": "金牛区",
        "weight": 2
      }
    },
    {
      "type": "Feature",
      "geometry": {
        "type": "Point",
        "coordinates": [
          104.038657,
          30.680992
        ]
      },
      "properties": {
        "name": "营通口腔诊所",
        "category": "medical",
        "type": "医疗保健服务;专科医院;口腔医院|医疗保健服务;诊所;诊所",
        "district": "金牛区",
        "weight": 1
      }
    },
    {
      "type": "Feature",
      "geometry": {
        "type": "Point",
        "coordinates": [
          104.037755,
          30.685891
        ]
      },
      "properties": {
        "name": "人鑫堂诊所",
        "category": "medical",
        "type": "医疗保健服务;诊所;诊所",
        "district": "金牛区",
        "weight": 4
      }
    },
    {
      "type": "Feature",
      "geometry": {
        "type": "Point",
        "coordinates": [
          104.042294,
          30.680555
        ]
      },
      "properties": {
        "name": "戴维中医诊所",
        "category": "medical",
        "type": "医疗保健服务;诊所;诊所",
        "district": "金牛区",
        "weight": 2
      }
    },
    {
      "type": "Feature",
      "geometry": {
        "type": "Point",
        "coordinates": [
          104.034838,
          30.680203
        ]
      },
      "properties": {
        "name": "仁达医药连锁(抚琴店)",
        "category": "medical",
        "type": "医疗保健服务;医药保健销售店;药房",
        "district": "金牛区",
        "weight": 1
      }
    },
    {
      "type": "Feature",
      "geometry": {
        "type": "Point",
        "coordinates": [
          104.048095,
          30.686341
        ]
      },
      "properties": {
        "name": "明星医疗美容",
        "category": "medical",
        "type": "医疗保健服务;专科医院;整形美容",
        "district": "金牛区",
        "weight": 11
      }
    },
    {
      "type": "Feature",
      "geometry": {
        "type": "Point",
        "coordinates": [
          104.048703,
          30.679585
        ]
      },
      "properties": {
        "name": "视城名医馆",
        "category": "medical",
        "type": "医疗保健服务;诊所;诊所",
        "district": "金牛区",
        "weight": 47
      }
    },
    {
      "type": "Feature",
      "geometry": {
        "type": "Point",
        "coordinates": [
          104.052329,
          30.688996
        ]
      },
      "properties": {
        "name": "金牛新村锦南诊所",
        "category": "medical",
        "type": "医疗保健服务;诊所;诊所",
        "district": "金牛区",
        "weight": 1
      }
    },
    {
      "type": "Feature",
      "geometry": {
        "type": "Point",
        "coordinates": [
          104.045343,
          30.683728
        ]
      },
      "properties": {
        "name": "瑞敏诊所",
        "category": "medical",
        "type": "医疗保健服务;诊所;诊所",
        "district": "金牛区",
        "weight": 6
      }
    },
    {
      "type": "Feature",
      "geometry": {
        "type": "Point",
        "coordinates": [
          104.055292,
          30.682335
        ]
      },
      "properties": {
        "name": "口腔科",
        "category": "medical",
        "type": "医疗保健服务;专科医院;口腔医院",
        "district": "金牛区",
        "weight": 16
      }
    },
    {
      "type": "Feature",
      "geometry": {
        "type": "Point",
        "coordinates": [
          104.052359,
          30.687195
        ]
      },
      "properties": {
        "name": "金牛众康中西医诊所",
        "category": "medical",
        "type": "医疗保健服务;诊所;诊所",
        "district": "金牛区",
        "weight": 1
      }
    },
    {
      "type": "Feature",
      "geometry": {
        "type": "Point",
        "coordinates": [
          104.053258,
          30.683275
        ]
      },
      "properties": {
        "name": "铁道部第二勘测设计院医院",
        "category": "medical",
        "type": "医疗保健服务;综合医院;综合医院",
        "district": "金牛区",
        "weight": 1
      }
    },
    {
      "type": "Feature",
      "geometry": {
        "type": "Point",
        "coordinates": [
          104.050929,
          30.682164
        ]
      },
      "properties": {
        "name": "金牛区第二人民医院社区药物维持治疗门诊",
        "category": "medical",
        "type": "医疗保健服务;诊所;诊所",
        "district": "金牛区",
        "weight": 1
      }
    },
    {
      "type": "Feature",
      "geometry": {
        "type": "Point",
        "coordinates": [
          104.064146,
          30.685536
        ]
      },
      "properties": {
        "name": "和平医疗诊所",
        "category": "medical",
        "type": "医疗保健服务;诊所;诊所",
        "district": "金牛区",
        "weight": 19
      }
    },
    {
      "type": "Feature",
      "geometry": {
        "type": "Point",
        "coordinates": [
          104.055554,
          30.679102
        ]
      },
      "properties": {
        "name": "军民诊所(西城角巷)",
        "category": "medical",
        "type": "医疗保健服务;诊所;诊所",
        "district": "青羊区",
        "weight": 2
      }
    },
    {
      "type": "Feature",
      "geometry": {
        "type": "Point",
        "coordinates": [
          104.061788,
          30.687681
        ]
      },
      "properties": {
        "name": "星空药房",
        "category": "medical",
        "type": "医疗保健服务;医药保健销售店;药房",
        "district": "金牛区",
        "weight": 3
      }
    },
    {
      "type": "Feature",
      "geometry": {
        "type": "Point",
        "coordinates": [
          104.05551,
          30.686106
        ]
      },
      "properties": {
        "name": "成都大学附属医院铁二院分院",
        "category": "medical",
        "type": "医疗保健服务;综合医院;综合医院",
        "district": "金牛区",
        "weight": 1
      }
    },
    {
      "type": "Feature",
      "geometry": {
        "type": "Point",
        "coordinates": [
          104.054024,
          30.688158
        ]
      },
      "properties": {
        "name": "金牛谊友诊所",
        "category": "medical",
        "type": "医疗保健服务;诊所;诊所",
        "district": "金牛区",
        "weight": 3
      }
    },
    {
      "type": "Feature",
      "geometry": {
        "type": "Point",
        "coordinates": [
          104.058369,
          30.681229
        ]
      },
      "properties": {
        "name": "金牛府青中医诊所",
        "category": "medical",
        "type": "医疗保健服务;诊所;诊所",
        "district": "金牛区",
        "weight": 2
      }
    },
    {
      "type": "Feature",
      "geometry": {
        "type": "Point",
        "coordinates": [
          104.058416,
          30.685133
        ]
      },
      "properties": {
        "name": "仨仁堂大药房(西体北路)",
        "category": "medical",
        "type": "医疗保健服务;医药保健销售店;药房",
        "district": "金牛区",
        "weight": 1
      }
    },
    {
      "type": "Feature",
      "geometry": {
        "type": "Point",
        "coordinates": [
          104.056084,
          30.681026
        ]
      },
      "properties": {
        "name": "安富之家(免费体验店)",
        "category": "medical",
        "type": "医疗保健服务;医药保健销售店;药房",
        "district": "金牛区",
        "weight": 1
      }
    },
    {
      "type": "Feature",
      "geometry": {
        "type": "Point",
        "coordinates": [
          104.07039,
          30.684591
        ]
      },
      "properties": {
        "name": "华夏中医馆",
        "category": "medical",
        "type": "医疗保健服务;诊所;诊所",
        "district": "金牛区",
        "weight": 8
      }
    },
    {
      "type": "Feature",
      "geometry": {
        "type": "Point",
        "coordinates": [
          104.067441,
          30.678982
        ]
      },
      "properties": {
        "name": "蓝海医院-北楼",
        "category": "medical",
        "type": "医疗保健服务;综合医院;综合医院",
        "district": "青羊区",
        "weight": 144
      }
    },
    {
      "type": "Feature",
      "geometry": {
        "type": "Point",
        "coordinates": [
          104.073714,
          30.687805
        ]
      },
      "properties": {
        "name": "五冶医院",
        "category": "medical",
        "type": "医疗保健服务;综合医院;综合医院",
        "district": "金牛区",
        "weight": 34
      }
    },
    {
      "type": "Feature",
      "geometry": {
        "type": "Point",
        "coordinates": [
          104.065974,
          30.683976
        ]
      },
      "properties": {
        "name": "江氏智能诊所",
        "category": "medical",
        "type": "医疗保健服务;诊所;诊所",
        "district": "金牛区",
        "weight": 2
      }
    },
    {
      "type": "Feature",
      "geometry": {
        "type": "Point",
        "coordinates": [
          104.068484,
          30.68482
        ]
      },
      "properties": {
        "name": "大华药房(成华西街)",
        "category": "medical",
        "type": "医疗保健服务;医药保健销售店;药房",
        "district": "金牛区",
        "weight": 1
      }
    },
    {
      "type": "Feature",
      "geometry": {
        "type": "Point",
        "coordinates": [
          104.066666,
          30.688098
        ]
      },
      "properties": {
        "name": "宜康大药房",
        "category": "medical",
        "type": "医疗保健服务;医药保健销售店;药房",
        "district": "金牛区",
        "weight": 2
      }
    },
    {
      "type": "Feature",
      "geometry": {
        "type": "Point",
        "coordinates": [
          104.071299,
          30.681231
        ]
      },
      "properties": {
        "name": "拜欧大药房(星辉西路)",
        "category": "medical",
        "type": "医疗保健服务;医药保健销售店;药房",
        "district": "金牛区",
        "weight": 3
      }
    },
    {
      "type": "Feature",
      "geometry": {
        "type": "Point",
        "coordinates": [
          104.079562,
          30.680445
        ]
      },
      "properties": {
        "name": "李垣红",
        "category": "medical",
        "type": "医疗保健服务;专科医院;口腔医院",
        "district": "金牛区",
        "weight": 12
      }
    },
    {
      "type": "Feature",
      "geometry": {
        "type": "Point",
        "coordinates": [
          104.076742,
          30.67968
        ]
      },
      "properties": {
        "name": "同吉康大药房",
        "category": "medical",
        "type": "医疗保健服务;医药保健销售店;药房",
        "district": "金牛区",
        "weight": 10
      }
    },
    {
      "type": "Feature",
      "geometry": {
        "type": "Point",
        "coordinates": [
          104.079851,
          30.686703
        ]
      },
      "properties": {
        "name": "洪鉴诊所",
        "category": "medical",
        "type": "医疗保健服务;诊所;诊所",
        "district": "金牛区",
        "weight": 24
      }
    },
    {
      "type": "Feature",
      "geometry": {
        "type": "Point",
        "coordinates": [
          104.080651,
          30.684321
        ]
      },
      "properties": {
        "name": "京西牙科",
        "category": "medical",
        "type": "医疗保健服务;诊所;诊所",
        "district": "金牛区",
        "weight": 5
      }
    },
    {
      "type": "Feature",
      "geometry": {
        "type": "Point",
        "coordinates": [
          104.082619,
          30.684097
        ]
      },
      "properties": {
        "name": "华民诊所(一环路北四段)",
        "category": "medical",
        "type": "医疗保健服务;诊所;诊所",
        "district": "金牛区",
        "weight": 1
      }
    },
    {
      "type": "Feature",
      "geometry": {
        "type": "Point",
        "coordinates": [
          104.079362,
          30.683364
        ]
      },
      "properties": {
        "name": "素问堂中医诊所",
        "category": "medical",
        "type": "医疗保健服务;诊所;诊所",
        "district": "金牛区",
        "weight": 1
      }
    },
    {
      "type": "Feature",
      "geometry": {
        "type": "Point",
        "coordinates": [
          104.087973,
          30.68741
        ]
      },
      "properties": {
        "name": "嘉美康",
        "category": "medical",
        "type": "医疗保健服务;医药保健销售店;医药保健相关",
        "district": "金牛区",
        "weight": 36
      }
    },
    {
      "type": "Feature",
      "geometry": {
        "type": "Point",
        "coordinates": [
          104.091845,
          30.683813
        ]
      },
      "properties": {
        "name": "斯迈牙科",
        "category": "medical",
        "type": "医疗保健服务;专科医院;口腔医院",
        "district": "成华区",
        "weight": 21
      }
    },
    {
      "type": "Feature",
      "geometry": {
        "type": "Point",
        "coordinates": [
          104.085801,
          30.683273
        ]
      },
      "properties": {
        "name": "福泰堂",
        "category": "medical",
        "type": "医疗保健服务;医药保健销售店;药房",
        "district": "金牛区",
        "weight": 40
      }
    },
    {
      "type": "Feature",
      "geometry": {
        "type": "Point",
        "coordinates": [
          104.089698,
          30.680273
        ]
      },
      "properties": {
        "name": "王氏中草药",
        "category": "medical",
        "type": "医疗保健服务;医药保健销售店;药房",
        "district": "金牛区",
        "weight": 6
      }
    },
    {
      "type": "Feature",
      "geometry": {
        "type": "Point",
        "coordinates": [
          104.097618,
          30.68885
        ]
      },
      "properties": {
        "name": "思齐牙科",
        "category": "medical",
        "type": "医疗保健服务;专科医院;口腔医院",
        "district": "成华区",
        "weight": 8
      }
    },
    {
      "type": "Feature",
      "geometry": {
        "type": "Point",
        "coordinates": [
          104.097822,
          30.684786
        ]
      },
      "properties": {
        "name": "惠润大药房",
        "category": "medical",
        "type": "医疗保健服务;医药保健销售店;药房",
        "district": "成华区",
        "weight": 8
      }
    },
    {
      "type": "Feature",
      "geometry": {
        "type": "Point",
        "coordinates": [
          104.101824,
          30.682172
        ]
      },
      "properties": {
        "name": "益锦堂大药房",
        "category": "medical",
        "type": "医疗保健服务;医药保健销售店;药房",
        "district": "成华区",
        "weight": 2
      }
    },
    {
      "type": "Feature",
      "geometry": {
        "type": "Point",
        "coordinates": [
          104.101704,
          30.684428
        ]
      },
      "properties": {
        "name": "牙牙乐口腔诊所(二环路东一段)",
        "category": "medical",
        "type": "医疗保健服务;专科医院;口腔医院",
        "district": "成华区",
        "weight": 1
      }
    },
    {
      "type": "Feature",
      "geometry": {
        "type": "Point",
        "coordinates": [
          104.098765,
          30.681415
        ]
      },
      "properties": {
        "name": "九鼎药房(建设北路东院社区东)",
        "category": "medical",
        "type": "医疗保健服务;医药保健销售店;药房",
        "district": "成华区",
        "weight": 1
      }
    },
    {
      "type": "Feature",
      "geometry": {
        "type": "Point",
        "coordinates": [
          104.113084,
          30.685258
        ]
      },
      "properties": {
        "name": "成都八里医院",
        "category": "medical",
        "type": "医疗保健服务;综合医院;综合医院",
        "district": "成华区",
        "weight": 7
      }
    },
    {
      "type": "Feature",
      "geometry": {
        "type": "Point",
        "coordinates": [
          104.111121,
          30.679447
        ]
      },
      "properties": {
        "name": "秉智牙科",
        "category": "medical",
        "type": "医疗保健服务;诊所;诊所",
        "district": "成华区",
        "weight": 7
      }
    },
    {
      "type": "Feature",
      "geometry": {
        "type": "Point",
        "coordinates": [
          104.10917,
          30.681546
        ]
      },
      "properties": {
        "name": "益健大药房",
        "category": "medical",
        "type": "医疗保健服务;医药保健销售店;药房",
        "district": "成华区",
        "weight": 2
      }
    },
    {
      "type": "Feature",
      "geometry": {
        "type": "Point",
        "coordinates": [
          104.111324,
          30.683714
        ]
      },
      "properties": {
        "name": "华美便民诊所",
        "category": "medical",
        "type": "医疗保健服务;诊所;诊所",
        "district": "成华区",
        "weight": 7
      }
    },
    {
      "type": "Feature",
      "geometry": {
        "type": "Point",
        "coordinates": [
          104.103983,
          30.682769
        ]
      },
      "properties": {
        "name": "膏药章膏药铺",
        "category": "medical",
        "type": "医疗保健服务;医药保健销售店;药房",
        "district": "成华区",
        "weight": 3
      }
    },
    {
      "type": "Feature",
      "geometry": {
        "type": "Point",
        "coordinates": [
          104.105815,
          30.680424
        ]
      },
      "properties": {
        "name": "成华仕通诊所",
        "category": "medical",
        "type": "医疗保健服务;诊所;诊所",
        "district": "成华区",
        "weight": 3
      }
    },
    {
      "type": "Feature",
      "geometry": {
        "type": "Point",
        "coordinates": [
          104.118177,
          30.687075
        ]
      },
      "properties": {
        "name": "口腔",
        "category": "medical",
        "type": "医疗保健服务;专科医院;口腔医院",
        "district": "成华区",
        "weight": 3
      }
    },
    {
      "type": "Feature",
      "geometry": {
        "type": "Point",
        "coordinates": [
          104.118321,
          30.681971
        ]
      },
      "properties": {
        "name": "中医馆",
        "category": "medical",
        "type": "医疗保健服务;诊所;诊所",
        "district": "成华区",
        "weight": 13
      }
    },
    {
      "type": "Feature",
      "geometry": {
        "type": "Point",
        "coordinates": [
          104.115081,
          30.680492
        ]
      },
      "properties": {
        "name": "德善大药房",
        "category": "medical",
        "type": "医疗保健服务;医药保健销售店;药房",
        "district": "成华区",
        "weight": 2
      }
    },
    {
      "type": "Feature",
      "geometry": {
        "type": "Point",
        "coordinates": [
          104.121437,
          30.685502
        ]
      },
      "properties": {
        "name": "宏康中西医门诊",
        "category": "medical",
        "type": "医疗保健服务;诊所;诊所",
        "district": "成华区",
        "weight": 1
      }
    },
    {
      "type": "Feature",
      "geometry": {
        "type": "Point",
        "coordinates": [
          104.124779,
          30.68251
        ]
      },
      "properties": {
        "name": "成都市成华区第五人民医院",
        "category": "medical",
        "type": "医疗保健服务;综合医院;综合医院",
        "district": "成华区",
        "weight": 5
      }
    },
    {
      "type": "Feature",
      "geometry": {
        "type": "Point",
        "coordinates": [
          104.133838,
          30.683153
        ]
      },
      "properties": {
        "name": "妙善诊所",
        "category": "medical",
        "type": "医疗保健服务;诊所;诊所",
        "district": "成华区",
        "weight": 46
      }
    },
    {
      "type": "Feature",
      "geometry": {
        "type": "Point",
        "coordinates": [
          104.127666,
          30.685235
        ]
      },
      "properties": {
        "name": "鸿康药房",
        "category": "medical",
        "type": "医疗保健服务;医药保健销售店;药房",
        "district": "成华区",
        "weight": 3
      }
    },
    {
      "type": "Feature",
      "geometry": {
        "type": "Point",
        "coordinates": [
          104.129569,
          30.683866
        ]
      },
      "properties": {
        "name": "锦伦儿童专科",
        "category": "medical",
        "type": "医疗保健服务;专科医院;专科医院",
        "district": "成华区",
        "weight": 2
      }
    },
    {
      "type": "Feature",
      "geometry": {
        "type": "Point",
        "coordinates": [
          104.129045,
          30.68725
        ]
      },
      "properties": {
        "name": "成华雅筑诊所",
        "category": "medical",
        "type": "医疗保健服务;诊所;诊所",
        "district": "成华区",
        "weight": 1
      }
    },
    {
      "type": "Feature",
      "geometry": {
        "type": "Point",
        "coordinates": [
          104.12512,
          30.684964
        ]
      },
      "properties": {
        "name": "知音门诊",
        "category": "medical",
        "type": "医疗保健服务;诊所;诊所",
        "district": "成华区",
        "weight": 1
      }
    },
    {
      "type": "Feature",
      "geometry": {
        "type": "Point",
        "coordinates": [
          104.138591,
          30.685557
        ]
      },
      "properties": {
        "name": "大利诊所",
        "category": "medical",
        "type": "医疗保健服务;诊所;诊所",
        "district": "成华区",
        "weight": 5
      }
    },
    {
      "type": "Feature",
      "geometry": {
        "type": "Point",
        "coordinates": [
          104.137268,
          30.679463
        ]
      },
      "properties": {
        "name": "成华华川路诊所",
        "category": "medical",
        "type": "医疗保健服务;诊所;诊所",
        "district": "成华区",
        "weight": 4
      }
    },
    {
      "type": "Feature",
      "geometry": {
        "type": "Point",
        "coordinates": [
          104.13868,
          30.683474
        ]
      },
      "properties": {
        "name": "平乐康大药房",
        "category": "medical",
        "type": "医疗保健服务;医药保健销售店;药房",
        "district": "成华区",
        "weight": 2
      }
    },
    {
      "type": "Feature",
      "geometry": {
        "type": "Point",
        "coordinates": [
          104.150878,
          30.684171
        ]
      },
      "properties": {
        "name": "成华区兴宏科大药房",
        "category": "medical",
        "type": "医疗保健服务;医药保健销售店;药房",
        "district": "成华区",
        "weight": 4
      }
    },
    {
      "type": "Feature",
      "geometry": {
        "type": "Point",
        "coordinates": [
          104.156762,
          30.686721
        ]
      },
      "properties": {
        "name": "四川康贝大药房(益正药房)",
        "category": "medical",
        "type": "医疗保健服务;医药保健销售店;药房",
        "district": "成华区",
        "weight": 1
      }
    },
    {
      "type": "Feature",
      "geometry": {
        "type": "Point",
        "coordinates": [
          103.971626,
          30.671896
        ]
      },
      "properties": {
        "name": "人和牙科",
        "category": "medical",
        "type": "医疗保健服务;专科医院;口腔医院",
        "district": "青羊区",
        "weight": 2
      }
    },
    {
      "type": "Feature",
      "geometry": {
        "type": "Point",
        "coordinates": [
          103.96409,
          30.674293
        ]
      },
      "properties": {
        "name": "华大方正门诊部",
        "category": "medical",
        "type": "医疗保健服务;诊所;诊所",
        "district": "青羊区",
        "weight": 1
      }
    },
    {
      "type": "Feature",
      "geometry": {
        "type": "Point",
        "coordinates": [
          103.96516,
          30.672098
        ]
      },
      "properties": {
        "name": "百汇吉好一生诊所",
        "category": "medical",
        "type": "医疗保健服务;诊所;诊所",
        "district": "青羊区",
        "weight": 2
      }
    },
    {
      "type": "Feature",
      "geometry": {
        "type": "Point",
        "coordinates": [
          103.967182,
          30.673302
        ]
      },
      "properties": {
        "name": "药品超市",
        "category": "medical",
        "type": "医疗保健服务;医药保健销售店;药房",
        "district": "青羊区",
        "weight": 4
      }
    },
    {
      "type": "Feature",
      "geometry": {
        "type": "Point",
        "coordinates": [
          103.97002,
          30.674424
        ]
      },
      "properties": {
        "name": "嘉美大药房(光华东三路)",
        "category": "medical",
        "type": "医疗保健服务;医药保健销售店;药房",
        "district": "青羊区",
        "weight": 2
      }
    },
    {
      "type": "Feature",
      "geometry": {
        "type": "Point",
        "coordinates": [
          103.973508,
          30.673183
        ]
      },
      "properties": {
        "name": "益合堂大药房(培风路)",
        "category": "medical",
        "type": "医疗保健服务;医药保健销售店;药房",
        "district": "青羊区",
        "weight": 1
      }
    },
    {
      "type": "Feature",
      "geometry": {
        "type": "Point",
        "coordinates": [
          103.96655,
          30.676229
        ]
      },
      "properties": {
        "name": "康顺大药房",
        "category": "medical",
        "type": "医疗保健服务;医药保健销售店;药房",
        "district": "青羊区",
        "weight": 1
      }
    },
    {
      "type": "Feature",
      "geometry": {
        "type": "Point",
        "coordinates": [
          103.980314,
          30.671995
        ]
      },
      "properties": {
        "name": "青羊区第九人民医院",
        "category": "medical",
        "type": "医疗保健服务;综合医院;综合医院",
        "district": "青羊区",
        "weight": 8
      }
    },
    {
      "type": "Feature",
      "geometry": {
        "type": "Point",
        "coordinates": [
          103.98194,
          30.673794
        ]
      },
      "properties": {
        "name": "洁美诊所",
        "category": "medical",
        "type": "医疗保健服务;诊所;诊所",
        "district": "青羊区",
        "weight": 10
      }
    },
    {
      "type": "Feature",
      "geometry": {
        "type": "Point",
        "coordinates": [
          103.97726,
          30.671015
        ]
      },
      "properties": {
        "name": "西诚大药房",
        "category": "medical",
        "type": "医疗保健服务;医药保健销售店;药房",
        "district": "青羊区",
        "weight": 3
      }
    },
    {
      "type": "Feature",
      "geometry": {
        "type": "Point",
        "coordinates": [
          103.976762,
          30.674089
        ]
      },
      "properties": {
        "name": "承博堂诊所",
        "category": "medical",
        "type": "医疗保健服务;诊所;诊所",
        "district": "青羊区",
        "weight": 6
      }
    },
    {
      "type": "Feature",
      "geometry": {
        "type": "Point",
        "coordinates": [
          103.990218,
          30.673571
        ]
      },
      "properties": {
        "name": "痣仁堂",
        "category": "medical",
        "type": "医疗保健服务;医药保健销售店;药房",
        "district": "青羊区",
        "weight": 19
      }
    },
    {
      "type": "Feature",
      "geometry": {
        "type": "Point",
        "coordinates": [
          103.985428,
          30.677315
        ]
      },
      "properties": {
        "name": "贝尔康大药房(健佳药房)",
        "category": "medical",
        "type": "医疗保健服务;医药保健销售店;药房",
        "district": "青羊区",
        "weight": 2
      }
    },
    {
      "type": "Feature",
      "geometry": {
        "type": "Point",
        "coordinates": [
          103.994578,
          30.672661
        ]
      },
      "properties": {
        "name": "吉福堂药房",
        "category": "medical",
        "type": "医疗保健服务;医药保健销售店;药房",
        "district": "青羊区",
        "weight": 3
      }
    },
    {
      "type": "Feature",
      "geometry": {
        "type": "Point",
        "coordinates": [
          104.001209,
          30.670404
        ]
      },
      "properties": {
        "name": "若兰口腔",
        "category": "medical",
        "type": "医疗保健服务;专科医院;口腔医院",
        "district": "青羊区",
        "weight": 64
      }
    },
    {
      "type": "Feature",
      "geometry": {
        "type": "Point",
        "coordinates": [
          103.997847,
          30.675599
        ]
      },
      "properties": {
        "name": "益品药业",
        "category": "medical",
        "type": "医疗保健服务;医药保健销售店;药房",
        "district": "青羊区",
        "weight": 7
      }
    },
    {
      "type": "Feature",
      "geometry": {
        "type": "Point",
        "coordinates": [
          103.996037,
          30.671137
        ]
      },
      "properties": {
        "name": "博堂诊所",
        "category": "medical",
        "type": "医疗保健服务;诊所;诊所",
        "district": "青羊区",
        "weight": 4
      }
    },
    {
      "type": "Feature",
      "geometry": {
        "type": "Point",
        "coordinates": [
          103.996939,
          30.678676
        ]
      },
      "properties": {
        "name": "亚非牙科(双清路店)",
        "category": "medical",
        "type": "医疗保健服务;专科医院;口腔医院|医疗保健服务;诊所;诊所",
        "district": "青羊区",
        "weight": 1
      }
    },
    {
      "type": "Feature",
      "geometry": {
        "type": "Point",
        "coordinates": [
          104.000931,
          30.675339
        ]
      },
      "properties": {
        "name": "青年钰森诊所",
        "category": "medical",
        "type": "医疗保健服务;诊所;诊所",
        "district": "青羊区",
        "weight": 1
      }
    },
    {
      "type": "Feature",
      "geometry": {
        "type": "Point",
        "coordinates": [
          104.003454,
          30.675106
        ]
      },
      "properties": {
        "name": "成楠大药房",
        "category": "medical",
        "type": "医疗保健服务;医药保健销售店;药房",
        "district": "青羊区",
        "weight": 2
      }
    },
    {
      "type": "Feature",
      "geometry": {
        "type": "Point",
        "coordinates": [
          104.014869,
          30.673896
        ]
      },
      "properties": {
        "name": "皮肤病专科",
        "category": "medical",
        "type": "医疗保健服务;专科医院;传染病医院",
        "district": "青羊区",
        "weight": 9
      }
    },
    {
      "type": "Feature",
      "geometry": {
        "type": "Point",
        "coordinates": [
          104.011004,
          30.674742
        ]
      },
      "properties": {
        "name": "成都嘉美整形",
        "category": "medical",
        "type": "医疗保健服务;专科医院;整形美容",
        "district": "青羊区",
        "weight": 4
      }
    },
    {
      "type": "Feature",
      "geometry": {
        "type": "Point",
        "coordinates": [
          104.006959,
          30.670504
        ]
      },
      "properties": {
        "name": "益生堂大药房",
        "category": "medical",
        "type": "医疗保健服务;医药保健销售店;药房",
        "district": "青羊区",
        "weight": 3
      }
    },
    {
      "type": "Feature",
      "geometry": {
        "type": "Point",
        "coordinates": [
          104.005457,
          30.674882
        ]
      },
      "properties": {
        "name": "立创健康大药房(清江店)",
        "category": "medical",
        "type": "医疗保健服务;医药保健销售店;药房",
        "district": "青羊区",
        "weight": 1
      }
    },
    {
      "type": "Feature",
      "geometry": {
        "type": "Point",
        "coordinates": [
          104.015081,
          30.676529
        ]
      },
      "properties": {
        "name": "康得诊所",
        "category": "medical",
        "type": "医疗保健服务;诊所;诊所",
        "district": "青羊区",
        "weight": 5
      }
    },
    {
      "type": "Feature",
      "geometry": {
        "type": "Point",
        "coordinates": [
          104.017698,
          30.669547
        ]
      },
      "properties": {
        "name": "益安堂大药房",
        "category": "medical",
        "type": "医疗保健服务;医药保健销售店;药房",
        "district": "青羊区",
        "weight": 10
      }
    },
    {
      "type": "Feature",
      "geometry": {
        "type": "Point",
        "coordinates": [
          104.019386,
          30.673263
        ]
      },
      "properties": {
        "name": "青羊区富膏奇骨馆中医诊所",
        "category": "medical",
        "type": "医疗保健服务;专科医院;骨科医院",
        "district": "青羊区",
        "weight": 1
      }
    },
    {
      "type": "Feature",
      "geometry": {
        "type": "Point",
        "coordinates": [
          104.029994,
          30.672772
        ]
      },
      "properties": {
        "name": "成都胃病医院",
        "category": "medical",
        "type": "医疗保健服务;专科医院;专科医院",
        "district": "青羊区",
        "weight": 6
      }
    },
    {
      "type": "Feature",
      "geometry": {
        "type": "Point",
        "coordinates": [
          104.033862,
          30.67607
        ]
      },
      "properties": {
        "name": "瑞美大药房",
        "category": "medical",
        "type": "医疗保健服务;医药保健销售店;药房",
        "district": "金牛区",
        "weight": 9
      }
    },
    {
      "type": "Feature",
      "geometry": {
        "type": "Point",
        "coordinates": [
          104.032263,
          30.670345
        ]
      },
      "properties": {
        "name": "金鹿骨科",
        "category": "medical",
        "type": "医疗保健服务;诊所;诊所",
        "district": "青羊区",
        "weight": 6
      }
    },
    {
      "type": "Feature",
      "geometry": {
        "type": "Point",
        "coordinates": [
          104.027531,
          30.676047
        ]
      },
      "properties": {
        "name": "汇康大药房",
        "category": "medical",
        "type": "医疗保健服务;医药保健销售店;药房",
        "district": "青羊区",
        "weight": 4
      }
    },
    {
      "type": "Feature",
      "geometry": {
        "type": "Point",
        "coordinates": [
          104.03045,
          30.67794
        ]
      },
      "properties": {
        "name": "景华诊所",
        "category": "medical",
        "type": "医疗保健服务;诊所;诊所",
        "district": "金牛区",
        "weight": 7
      }
    },
    {
      "type": "Feature",
      "geometry": {
        "type": "Point",
        "coordinates": [
          104.031706,
          30.673691
        ]
      },
      "properties": {
        "name": "阳氏诊所(百寿路)",
        "category": "medical",
        "type": "医疗保健服务;诊所;诊所",
        "district": "金牛区",
        "weight": 1
      }
    },
    {
      "type": "Feature",
      "geometry": {
        "type": "Point",
        "coordinates": [
          104.038714,
          30.66779
        ]
      },
      "properties": {
        "name": "中医馆",
        "category": "medical",
        "type": "医疗保健服务;诊所;诊所",
        "district": "金牛区",
        "weight": 222
      }
    },
    {
      "type": "Feature",
      "geometry": {
        "type": "Point",
        "coordinates": [
          104.035023,
          30.678584
        ]
      },
      "properties": {
        "name": "金琴南路社区卫生服务站(抚琴西南路12号院东)",
        "category": "medical",
        "type": "医疗保健服务;综合医院;卫生院",
        "district": "金牛区",
        "weight": 1
      }
    },
    {
      "type": "Feature",
      "geometry": {
        "type": "Point",
        "coordinates": [
          104.041175,
          30.673387
        ]
      },
      "properties": {
        "name": "福道堂诊所",
        "category": "medical",
        "type": "医疗保健服务;诊所;诊所",
        "district": "金牛区",
        "weight": 10
      }
    },
    {
      "type": "Feature",
      "geometry": {
        "type": "Point",
        "coordinates": [
          104.03413,
          30.67276
        ]
      },
      "properties": {
        "name": "益延堂大药房",
        "category": "medical",
        "type": "医疗保健服务;医药保健销售店;药房",
        "district": "金牛区",
        "weight": 3
      }
    },
    {
      "type": "Feature",
      "geometry": {
        "type": "Point",
        "coordinates": [
          104.034432,
          30.670358
        ]
      },
      "properties": {
        "name": "青羊康华中医诊所",
        "category": "medical",
        "type": "医疗保健服务;诊所;诊所",
        "district": "青羊区",
        "weight": 1
      }
    },
    {
      "type": "Feature",
      "geometry": {
        "type": "Point",
        "coordinates": [
          104.055709,
          30.672261
        ]
      },
      "properties": {
        "name": "中医馆",
        "category": "medical",
        "type": "医疗保健服务;诊所;诊所",
        "district": "青羊区",
        "weight": 302
      }
    },
    {
      "type": "Feature",
      "geometry": {
        "type": "Point",
        "coordinates": [
          104.046099,
          30.671855
        ]
      },
      "properties": {
        "name": "瑞康大药房",
        "category": "medical",
        "type": "医疗保健服务;医药保健销售店;药房",
        "district": "金牛区",
        "weight": 7
      }
    },
    {
      "type": "Feature",
      "geometry": {
        "type": "Point",
        "coordinates": [
          104.047089,
          30.676502
        ]
      },
      "properties": {
        "name": "富康牙医诊所",
        "category": "medical",
        "type": "医疗保健服务;专科医院;口腔医院|医疗保健服务;诊所;诊所",
        "district": "金牛区",
        "weight": 3
      }
    },
    {
      "type": "Feature",
      "geometry": {
        "type": "Point",
        "coordinates": [
          104.043981,
          30.675791
        ]
      },
      "properties": {
        "name": "华医泌尿医学门诊部",
        "category": "medical",
        "type": "医疗保健服务;专科医院;专科医院",
        "district": "金牛区",
        "weight": 3
      }
    },
    {
      "type": "Feature",
      "geometry": {
        "type": "Point",
        "coordinates": [
          104.053124,
          30.67863
        ]
      },
      "properties": {
        "name": "重德口腔门诊部",
        "category": "medical",
        "type": "医疗保健服务;专科医院;口腔医院",
        "district": "青羊区",
        "weight": 2
      }
    },
    {
      "type": "Feature",
      "geometry": {
        "type": "Point",
        "coordinates": [
          104.048658,
          30.673995
        ]
      },
      "properties": {
        "name": "愚仁中医诊所",
        "category": "medical",
        "type": "医疗保健服务;诊所;诊所",
        "district": "金牛区",
        "weight": 1
      }
    },
    {
      "type": "Feature",
      "geometry": {
        "type": "Point",
        "coordinates": [
          104.057518,
          30.676169
        ]
      },
      "properties": {
        "name": "青羊区人民医院",
        "category": "medical",
        "type": "医疗保健服务;综合医院;卫生院",
        "district": "青羊区",
        "weight": 7
      }
    },
    {
      "type": "Feature",
      "geometry": {
        "type": "Point",
        "coordinates": [
          104.063442,
          30.670548
        ]
      },
      "properties": {
        "name": "御河社区卫生服务中心",
        "category": "medical",
        "type": "医疗保健服务;综合医院;卫生院",
        "district": "青羊区",
        "weight": 3
      }
    },
    {
      "type": "Feature",
      "geometry": {
        "type": "Point",
        "coordinates": [
          104.061414,
          30.674934
        ]
      },
      "properties": {
        "name": "永信康元诊所",
        "category": "medical",
        "type": "医疗保健服务;诊所;诊所",
        "district": "青羊区",
        "weight": 3
      }
    },
    {
      "type": "Feature",
      "geometry": {
        "type": "Point",
        "coordinates": [
          104.0558,
          30.674448
        ]
      },
      "properties": {
        "name": "琥和口腔",
        "category": "medical",
        "type": "医疗保健服务;专科医院;口腔医院",
        "district": "青羊区",
        "weight": 4
      }
    },
    {
      "type": "Feature",
      "geometry": {
        "type": "Point",
        "coordinates": [
          104.061166,
          30.676814
        ]
      },
      "properties": {
        "name": "德仁堂(江汉店)",
        "category": "medical",
        "type": "医疗保健服务;医药保健销售店;药房",
        "district": "青羊区",
        "weight": 1
      }
    },
    {
      "type": "Feature",
      "geometry": {
        "type": "Point",
        "coordinates": [
          104.064661,
          30.673305
        ]
      },
      "properties": {
        "name": "人中药房",
        "category": "medical",
        "type": "医疗保健服务;医药保健销售店;药房",
        "district": "青羊区",
        "weight": 41
      }
    },
    {
      "type": "Feature",
      "geometry": {
        "type": "Point",
        "coordinates": [
          104.070782,
          30.671115
        ]
      },
      "properties": {
        "name": "成都瑞恩糖尿病医院",
        "category": "medical",
        "type": "医疗保健服务;专科医院;专科医院",
        "district": "青羊区",
        "weight": 3
      }
    },
    {
      "type": "Feature",
      "geometry": {
        "type": "Point",
        "coordinates": [
          104.069716,
          30.674072
        ]
      },
      "properties": {
        "name": "锦阳诊所",
        "category": "medical",
        "type": "医疗保健服务;诊所;诊所",
        "district": "青羊区",
        "weight": 10
      }
    },
    {
      "type": "Feature",
      "geometry": {
        "type": "Point",
        "coordinates": [
          104.067096,
          30.669905
        ]
      },
      "properties": {
        "name": "马泷齿科成都诊所",
        "category": "medical",
        "type": "医疗保健服务;专科医院;口腔医院|医疗保健服务;诊所;诊所",
        "district": "青羊区",
        "weight": 4
      }
    },
    {
      "type": "Feature",
      "geometry": {
        "type": "Point",
        "coordinates": [
          104.075219,
          30.673348
        ]
      },
      "properties": {
        "name": "德厚医馆",
        "category": "medical",
        "type": "医疗保健服务;诊所;诊所",
        "district": "青羊区",
        "weight": 77
      }
    },
    {
      "type": "Feature",
      "geometry": {
        "type": "Point",
        "coordinates": [
          104.076378,
          30.671838
        ]
      },
      "properties": {
        "name": "青羊区康永利大药房",
        "category": "medical",
        "type": "医疗保健服务;医药保健销售店;药房",
        "district": "青羊区",
        "weight": 7
      }
    },
    {
      "type": "Feature",
      "geometry": {
        "type": "Point",
        "coordinates": [
          104.082019,
          30.676746
        ]
      },
      "properties": {
        "name": "洪康诊所",
        "category": "medical",
        "type": "医疗保健服务;诊所;诊所",
        "district": "金牛区",
        "weight": 5
      }
    },
    {
      "type": "Feature",
      "geometry": {
        "type": "Point",
        "coordinates": [
          104.076096,
          30.667778
        ]
      },
      "properties": {
        "name": "禾一诊所",
        "category": "medical",
        "type": "医疗保健服务;诊所;诊所",
        "district": "锦江区",
        "weight": 55
      }
    },
    {
      "type": "Feature",
      "geometry": {
        "type": "Point",
        "coordinates": [
          104.079024,
          30.670183
        ]
      },
      "properties": {
        "name": "通顺诊所",
        "category": "medical",
        "type": "医疗保健服务;诊所;诊所",
        "district": "青羊区",
        "weight": 3
      }
    },
    {
      "type": "Feature",
      "geometry": {
        "type": "Point",
        "coordinates": [
          104.084217,
          30.678583
        ]
      },
      "properties": {
        "name": "中医馆",
        "category": "medical",
        "type": "医疗保健服务;诊所;诊所",
        "district": "金牛区",
        "weight": 6
      }
    },
    {
      "type": "Feature",
      "geometry": {
        "type": "Point",
        "coordinates": [
          104.075555,
          30.676888
        ]
      },
      "properties": {
        "name": "平价德源堂",
        "category": "medical",
        "type": "医疗保健服务;医药保健销售店;药房",
        "district": "青羊区",
        "weight": 1
      }
    },
    {
      "type": "Feature",
      "geometry": {
        "type": "Point",
        "coordinates": [
          104.078523,
          30.677781
        ]
      },
      "properties": {
        "name": "金牛李枝华中医骨科诊所",
        "category": "medical",
        "type": "医疗保健服务;诊所;诊所",
        "district": "金牛区",
        "weight": 2
      }
    },
    {
      "type": "Feature",
      "geometry": {
        "type": "Point",
        "coordinates": [
          104.082011,
          30.670608
        ]
      },
      "properties": {
        "name": "成都福泰堂药品(百姓康大药房)",
        "category": "medical",
        "type": "医疗保健服务;医药保健销售店;药房",
        "district": "青羊区",
        "weight": 1
      }
    },
    {
      "type": "Feature",
      "geometry": {
        "type": "Point",
        "coordinates": [
          104.091959,
          30.675704
        ]
      },
      "properties": {
        "name": "石油成都医院",
        "category": "medical",
        "type": "医疗保健服务;综合医院;综合医院",
        "district": "成华区",
        "weight": 24
      }
    },
    {
      "type": "Feature",
      "geometry": {
        "type": "Point",
        "coordinates": [
          104.086725,
          30.674341
        ]
      },
      "properties": {
        "name": "四川省建筑医院-CT室",
        "category": "medical",
        "type": "医疗保健服务;综合医院;综合医院",
        "district": "金牛区",
        "weight": 38
      }
    },
    {
      "type": "Feature",
      "geometry": {
        "type": "Point",
        "coordinates": [
          104.08567,
          30.670862
        ]
      },
      "properties": {
        "name": "成都市中医医院",
        "category": "medical",
        "type": "医疗保健服务;综合医院;综合医院",
        "district": "青羊区",
        "weight": 79
      }
    },
    {
      "type": "Feature",
      "geometry": {
        "type": "Point",
        "coordinates": [
          104.084026,
          30.67393
        ]
      },
      "properties": {
        "name": "成都正好医学美容医院",
        "category": "medical",
        "type": "医疗保健服务;专科医院;整形美容",
        "district": "青羊区",
        "weight": 4
      }
    },
    {
      "type": "Feature",
      "geometry": {
        "type": "Point",
        "coordinates": [
          104.089082,
          30.669852
        ]
      },
      "properties": {
        "name": "锦江圣康诊所",
        "category": "medical",
        "type": "医疗保健服务;诊所;诊所",
        "district": "锦江区",
        "weight": 1
      }
    },
    {
      "type": "Feature",
      "geometry": {
        "type": "Point",
        "coordinates": [
          104.088586,
          30.672938
        ]
      },
      "properties": {
        "name": "海王星辰健康药房(建设北路一段店)",
        "category": "medical",
        "type": "医疗保健服务;医药保健销售店;药房",
        "district": "成华区",
        "weight": 1
      }
    },
    {
      "type": "Feature",
      "geometry": {
        "type": "Point",
        "coordinates": [
          104.10132,
          30.676668
        ]
      },
      "properties": {
        "name": "电子科技大学医院",
        "category": "medical",
        "type": "医疗保健服务;综合医院;综合医院",
        "district": "成华区",
        "weight": 2
      }
    },
    {
      "type": "Feature",
      "geometry": {
        "type": "Point",
        "coordinates": [
          104.104873,
          30.670202
        ]
      },
      "properties": {
        "name": "光阳诊所",
        "category": "medical",
        "type": "医疗保健服务;诊所;诊所",
        "district": "成华区",
        "weight": 135
      }
    },
    {
      "type": "Feature",
      "geometry": {
        "type": "Point",
        "coordinates": [
          104.099404,
          30.665912
        ]
      },
      "properties": {
        "name": "郡阳诊所",
        "category": "medical",
        "type": "医疗保健服务;诊所;诊所",
        "district": "成华区",
        "weight": 61
      }
    },
    {
      "type": "Feature",
      "geometry": {
        "type": "Point",
        "coordinates": [
          104.095365,
          30.67502
        ]
      },
      "properties": {
        "name": "德驰牙科",
        "category": "medical",
        "type": "医疗保健服务;专科医院;口腔医院",
        "district": "成华区",
        "weight": 1
      }
    },
    {
      "type": "Feature",
      "geometry": {
        "type": "Point",
        "coordinates": [
          104.094058,
          30.677987
        ]
      },
      "properties": {
        "name": "成华晓袁诊所",
        "category": "medical",
        "type": "医疗保健服务;诊所;诊所",
        "district": "成华区",
        "weight": 1
      }
    },
    {
      "type": "Feature",
      "geometry": {
        "type": "Point",
        "coordinates": [
          104.099054,
          30.671089
        ]
      },
      "properties": {
        "name": "国光医院",
        "category": "medical",
        "type": "医疗保健服务;综合医院;综合医院",
        "district": "成华区",
        "weight": 2
      }
    },
    {
      "type": "Feature",
      "geometry": {
        "type": "Point",
        "coordinates": [
          104.105757,
          30.677964
        ]
      },
      "properties": {
        "name": "厂北路诊所",
        "category": "medical",
        "type": "医疗保健服务;诊所;诊所",
        "district": "成华区",
        "weight": 3
      }
    },
    {
      "type": "Feature",
      "geometry": {
        "type": "Point",
        "coordinates": [
          104.106497,
          30.6753
        ]
      },
      "properties": {
        "name": "华美牙科(东门店)",
        "category": "medical",
        "type": "医疗保健服务;专科医院;口腔医院",
        "district": "成华区",
        "weight": 1
      }
    },
    {
      "type": "Feature",
      "geometry": {
        "type": "Point",
        "coordinates": [
          104.111003,
          30.67443
        ]
      },
      "properties": {
        "name": "兴星诊所",
        "category": "medical",
        "type": "医疗保健服务;专科医院;口腔医院|医疗保健服务;诊所;诊所",
        "district": "成华区",
        "weight": 20
      }
    },
    {
      "type": "Feature",
      "geometry": {
        "type": "Point",
        "coordinates": [
          104.109827,
          30.669804
        ]
      },
      "properties": {
        "name": "健之佳健康药房",
        "category": "medical",
        "type": "医疗保健服务;医药保健销售店;药房",
        "district": "成华区",
        "weight": 1
      }
    },
    {
      "type": "Feature",
      "geometry": {
        "type": "Point",
        "coordinates": [
          104.106594,
          30.673718
        ]
      },
      "properties": {
        "name": "德仁堂(伊藤洋华堂建设路店)",
        "category": "medical",
        "type": "医疗保健服务;医药保健销售店;药房",
        "district": "成华区",
        "weight": 2
      }
    },
    {
      "type": "Feature",
      "geometry": {
        "type": "Point",
        "coordinates": [
          104.10793,
          30.671913
        ]
      },
      "properties": {
        "name": "药易购健康之家(二环路东二段药店)",
        "category": "medical",
        "type": "医疗保健服务;医药保健销售店;药房",
        "district": "成华区",
        "weight": 1
      }
    },
    {
      "type": "Feature",
      "geometry": {
        "type": "Point",
        "coordinates": [
          104.122342,
          30.674649
        ]
      },
      "properties": {
        "name": "华众口腔",
        "category": "medical",
        "type": "医疗保健服务;专科医院;口腔医院",
        "district": "成华区",
        "weight": 17
      }
    },
    {
      "type": "Feature",
      "geometry": {
        "type": "Point",
        "coordinates": [
          104.126596,
          30.669637
        ]
      },
      "properties": {
        "name": "西南电管局职工医院",
        "category": "medical",
        "type": "医疗保健服务;综合医院;综合医院",
        "district": "成华区",
        "weight": 6
      }
    },
    {
      "type": "Feature",
      "geometry": {
        "type": "Point",
        "coordinates": [
          104.13236,
          30.677783
        ]
      },
      "properties": {
        "name": "龙康药房",
        "category": "medical",
        "type": "医疗保健服务;医药保健销售店;药房",
        "district": "成华区",
        "weight": 4
      }
    },
    {
      "type": "Feature",
      "geometry": {
        "type": "Point",
        "coordinates": [
          104.140145,
          30.67921
        ]
      },
      "properties": {
        "name": "成都理工大学医院",
        "category": "medical",
        "type": "医疗保健服务;综合医院;综合医院",
        "district": "成华区",
        "weight": 1
      }
    },
    {
      "type": "Feature",
      "geometry": {
        "type": "Point",
        "coordinates": [
          104.137257,
          30.671786
        ]
      },
      "properties": {
        "name": "九五诊所",
        "category": "medical",
        "type": "医疗保健服务;诊所;诊所",
        "district": "成华区",
        "weight": 1
      }
    },
    {
      "type": "Feature",
      "geometry": {
        "type": "Point",
        "coordinates": [
          104.141521,
          30.672599
        ]
      },
      "properties": {
        "name": "成华区学府大药房",
        "category": "medical",
        "type": "医疗保健服务;医药保健销售店;药房",
        "district": "成华区",
        "weight": 1
      }
    },
    {
      "type": "Feature",
      "geometry": {
        "type": "Point",
        "coordinates": [
          104.135498,
          30.673926
        ]
      },
      "properties": {
        "name": "利民中西医诊所(中环路崔家店路段)",
        "category": "medical",
        "type": "医疗保健服务;诊所;诊所",
        "district": "成华区",
        "weight": 1
      }
    },
    {
      "type": "Feature",
      "geometry": {
        "type": "Point",
        "coordinates": [
          104.144996,
          30.679345
        ]
      },
      "properties": {
        "name": "成华区慈世济民诊所",
        "category": "medical",
        "type": "医疗保健服务;诊所;诊所",
        "district": "成华区",
        "weight": 1
      }
    },
    {
      "type": "Feature",
      "geometry": {
        "type": "Point",
        "coordinates": [
          104.163646,
          30.67869
        ]
      },
      "properties": {
        "name": "丛树村卫生站",
        "category": "medical",
        "type": "医疗保健服务;诊所;诊所",
        "district": "成华区",
        "weight": 1
      }
    },
    {
      "type": "Feature",
      "geometry": {
        "type": "Point",
        "coordinates": [
          103.967007,
          30.660581
        ]
      },
      "properties": {
        "name": "顺安诊所(万柳路)",
        "category": "medical",
        "type": "医疗保健服务;诊所;诊所",
        "district": "青羊区",
        "weight": 2
      }
    },
    {
      "type": "Feature",
      "geometry": {
        "type": "Point",
        "coordinates": [
          103.966144,
          30.667635
        ]
      },
      "properties": {
        "name": "慧丰诊所",
        "category": "medical",
        "type": "医疗保健服务;诊所;诊所",
        "district": "青羊区",
        "weight": 3
      }
    },
    {
      "type": "Feature",
      "geometry": {
        "type": "Point",
        "coordinates": [
          103.972856,
          30.668692
        ]
      },
      "properties": {
        "name": "博妙诊所",
        "category": "medical",
        "type": "医疗保健服务;诊所;诊所",
        "district": "青羊区",
        "weight": 4
      }
    },
    {
      "type": "Feature",
      "geometry": {
        "type": "Point",
        "coordinates": [
          103.976489,
          30.667214
        ]
      },
      "properties": {
        "name": "宜佳诊所",
        "category": "medical",
        "type": "医疗保健服务;诊所;诊所",
        "district": "青羊区",
        "weight": 13
      }
    },
    {
      "type": "Feature",
      "geometry": {
        "type": "Point",
        "coordinates": [
          103.977933,
          30.662329
        ]
      },
      "properties": {
        "name": "琼英诊所",
        "category": "medical",
        "type": "医疗保健服务;诊所;诊所",
        "district": "青羊区",
        "weight": 11
      }
    },
    {
      "type": "Feature",
      "geometry": {
        "type": "Point",
        "coordinates": [
          103.981103,
          30.667622
        ]
      },
      "properties": {
        "name": "龙一药品",
        "category": "medical",
        "type": "医疗保健服务;医药保健销售店;药房",
        "district": "青羊区",
        "weight": 3
      }
    },
    {
      "type": "Feature",
      "geometry": {
        "type": "Point",
        "coordinates": [
          103.977803,
          30.664106
        ]
      },
      "properties": {
        "name": "敬德堂药店(万寿三路)",
        "category": "medical",
        "type": "医疗保健服务;医药保健销售店;药房",
        "district": "青羊区",
        "weight": 1
      }
    },
    {
      "type": "Feature",
      "geometry": {
        "type": "Point",
        "coordinates": [
          103.974112,
          30.662415
        ]
      },
      "properties": {
        "name": "百汇吉便民健康民安康中西医诊所",
        "category": "medical",
        "type": "医疗保健服务;诊所;诊所",
        "district": "武侯区",
        "weight": 1
      }
    },
    {
      "type": "Feature",
      "geometry": {
        "type": "Point",
        "coordinates": [
          103.989825,
          30.668006
        ]
      },
      "properties": {
        "name": "和济堂",
        "category": "medical",
        "type": "医疗保健服务;诊所;诊所",
        "district": "青羊区",
        "weight": 24
      }
    },
    {
      "type": "Feature",
      "geometry": {
        "type": "Point",
        "coordinates": [
          103.992764,
          30.663771
        ]
      },
      "properties": {
        "name": "松月堂中医诊所",
        "category": "medical",
        "type": "医疗保健服务;诊所;诊所",
        "district": "青羊区",
        "weight": 2
      }
    },
    {
      "type": "Feature",
      "geometry": {
        "type": "Point",
        "coordinates": [
          104.000254,
          30.660248
        ]
      },
      "properties": {
        "name": "德祥大药房",
        "category": "medical",
        "type": "医疗保健服务;医药保健销售店;药房",
        "district": "武侯区",
        "weight": 14
      }
    },
    {
      "type": "Feature",
      "geometry": {
        "type": "Point",
        "coordinates": [
          104.003108,
          30.664116
        ]
      },
      "properties": {
        "name": "圣爱中医馆(优品道店)",
        "category": "medical",
        "type": "医疗保健服务;诊所;诊所",
        "district": "青羊区",
        "weight": 1
      }
    },
    {
      "type": "Feature",
      "geometry": {
        "type": "Point",
        "coordinates": [
          104.003207,
          30.668161
        ]
      },
      "properties": {
        "name": "康骨坊",
        "category": "medical",
        "type": "医疗保健服务;专科医院;专科医院",
        "district": "青羊区",
        "weight": 4
      }
    },
    {
      "type": "Feature",
      "geometry": {
        "type": "Point",
        "coordinates": [
          103.997595,
          30.664669
        ]
      },
      "properties": {
        "name": "瑞丽牙科",
        "category": "medical",
        "type": "医疗保健服务;专科医院;口腔医院",
        "district": "青羊区",
        "weight": 2
      }
    },
    {
      "type": "Feature",
      "geometry": {
        "type": "Point",
        "coordinates": [
          103.996264,
          30.669112
        ]
      },
      "properties": {
        "name": "爱朋诊所",
        "category": "medical",
        "type": "医疗保健服务;诊所;诊所",
        "district": "青羊区",
        "weight": 2
      }
    },
    {
      "type": "Feature",
      "geometry": {
        "type": "Point",
        "coordinates": [
          104.000448,
          30.665349
        ]
      },
      "properties": {
        "name": "爱雅堂口腔",
        "category": "medical",
        "type": "医疗保健服务;专科医院;口腔医院|医疗保健服务;诊所;诊所",
        "district": "青羊区",
        "weight": 2
      }
    },
    {
      "type": "Feature",
      "geometry": {
        "type": "Point",
        "coordinates": [
          103.993892,
          30.667803
        ]
      },
      "properties": {
        "name": "仁康大药房(玉宇路)",
        "category": "medical",
        "type": "医疗保健服务;医药保健销售店;药房",
        "district": "青羊区",
        "weight": 1
      }
    },
    {
      "type": "Feature",
      "geometry": {
        "type": "Point",
        "coordinates": [
          103.996721,
          30.665939
        ]
      },
      "properties": {
        "name": "青羊格林诊所(水岸格林西南)",
        "category": "medical",
        "type": "医疗保健服务;诊所;诊所",
        "district": "青羊区",
        "weight": 1
      }
    },
    {
      "type": "Feature",
      "geometry": {
        "type": "Point",
        "coordinates": [
          103.994345,
          30.666445
        ]
      },
      "properties": {
        "name": "鑫华仁药房(东坡店)",
        "category": "medical",
        "type": "医疗保健服务;医药保健销售店;药房",
        "district": "青羊区",
        "weight": 1
      }
    },
    {
      "type": "Feature",
      "geometry": {
        "type": "Point",
        "coordinates": [
          103.999077,
          30.667939
        ]
      },
      "properties": {
        "name": "华安堂(华忱大药房)",
        "category": "medical",
        "type": "医疗保健服务;医药保健销售店;药房",
        "district": "青羊区",
        "weight": 1
      }
    },
    {
      "type": "Feature",
      "geometry": {
        "type": "Point",
        "coordinates": [
          103.997657,
          30.667246
        ]
      },
      "properties": {
        "name": "格瑞大药房(瑞南路店)",
        "category": "medical",
        "type": "医疗保健服务;医药保健销售店;药房",
        "district": "青羊区",
        "weight": 1
      }
    },
    {
      "type": "Feature",
      "geometry": {
        "type": "Point",
        "coordinates": [
          104.00938,
          30.6672
        ]
      },
      "properties": {
        "name": "成都周围血管病医院",
        "category": "medical",
        "type": "医疗保健服务;专科医院;专科医院",
        "district": "青羊区",
        "weight": 3
      }
    },
    {
      "type": "Feature",
      "geometry": {
        "type": "Point",
        "coordinates": [
          104.010229,
          30.663447
        ]
      },
      "properties": {
        "name": "铸康诊所",
        "category": "medical",
        "type": "医疗保健服务;诊所;诊所",
        "district": "青羊区",
        "weight": 5
      }
    },
    {
      "type": "Feature",
      "geometry": {
        "type": "Point",
        "coordinates": [
          104.006141,
          30.66493
        ]
      },
      "properties": {
        "name": "青羊扶正中医诊所",
        "category": "medical",
        "type": "医疗保健服务;诊所;诊所",
        "district": "青羊区",
        "weight": 3
      }
    },
    {
      "type": "Feature",
      "geometry": {
        "type": "Point",
        "coordinates": [
          104.006952,
          30.667445
        ]
      },
      "properties": {
        "name": "光华门诊",
        "category": "medical",
        "type": "医疗保健服务;专科医院;口腔医院",
        "district": "青羊区",
        "weight": 3
      }
    },
    {
      "type": "Feature",
      "geometry": {
        "type": "Point",
        "coordinates": [
          104.01365,
          30.661556
        ]
      },
      "properties": {
        "name": "青羊区颐和堂大药房",
        "category": "medical",
        "type": "医疗保健服务;医药保健销售店;药房",
        "district": "青羊区",
        "weight": 1
      }
    },
    {
      "type": "Feature",
      "geometry": {
        "type": "Point",
        "coordinates": [
          104.004847,
          30.66619
        ]
      },
      "properties": {
        "name": "萱妮儿产后调理恢复中心(西门店)",
        "category": "medical",
        "type": "医疗保健服务;专科医院;专科医院",
        "district": "青羊区",
        "weight": 1
      }
    },
    {
      "type": "Feature",
      "geometry": {
        "type": "Point",
        "coordinates": [
          104.012939,
          30.66456
        ]
      },
      "properties": {
        "name": "一心堂药店",
        "category": "medical",
        "type": "医疗保健服务;医药保健销售店;药房",
        "district": "青羊区",
        "weight": 3
      }
    },
    {
      "type": "Feature",
      "geometry": {
        "type": "Point",
        "coordinates": [
          104.007787,
          30.66348
        ]
      },
      "properties": {
        "name": "勇辉诊所",
        "category": "medical",
        "type": "医疗保健服务;诊所;诊所",
        "district": "青羊区",
        "weight": 1
      }
    },
    {
      "type": "Feature",
      "geometry": {
        "type": "Point",
        "coordinates": [
          104.006085,
          30.661168
        ]
      },
      "properties": {
        "name": "海归堂中医诊所",
        "category": "medical",
        "type": "医疗保健服务;诊所;诊所",
        "district": "青羊区",
        "weight": 1
      }
    },
    {
      "type": "Feature",
      "geometry": {
        "type": "Point",
        "coordinates": [
          104.018631,
          30.665685
        ]
      },
      "properties": {
        "name": "天度医学美容",
        "category": "medical",
        "type": "医疗保健服务;专科医院;整形美容",
        "district": "青羊区",
        "weight": 5
      }
    },
    {
      "type": "Feature",
      "geometry": {
        "type": "Point",
        "coordinates": [
          104.016008,
          30.665045
        ]
      },
      "properties": {
        "name": "成都市青羊区中医医院",
        "category": "medical",
        "type": "医疗保健服务;综合医院;综合医院",
        "district": "青羊区",
        "weight": 4
      }
    },
    {
      "type": "Feature",
      "geometry": {
        "type": "Point",
        "coordinates": [
          104.021022,
          30.664544
        ]
      },
      "properties": {
        "name": "承济堂中医诊疗馆",
        "category": "medical",
        "type": "医疗保健服务;诊所;诊所",
        "district": "青羊区",
        "weight": 2
      }
    },
    {
      "type": "Feature",
      "geometry": {
        "type": "Point",
        "coordinates": [
          104.014996,
          30.669107
        ]
      },
      "properties": {
        "name": "西南财经大学医院",
        "category": "medical",
        "type": "医疗保健服务;综合医院;综合医院",
        "district": "青羊区",
        "weight": 1
      }
    },
    {
      "type": "Feature",
      "geometry": {
        "type": "Point",
        "coordinates": [
          104.018992,
          30.662647
        ]
      },
      "properties": {
        "name": "安康堂大药房",
        "category": "medical",
        "type": "医疗保健服务;医药保健销售店;药房",
        "district": "青羊区",
        "weight": 3
      }
    },
    {
      "type": "Feature",
      "geometry": {
        "type": "Point",
        "coordinates": [
          104.02303,
          30.665052
        ]
      },
      "properties": {
        "name": "青羊区百乐康药房",
        "category": "medical",
        "type": "医疗保健服务;医药保健销售店;药房",
        "district": "青羊区",
        "weight": 1
      }
    },
    {
      "type": "Feature",
      "geometry": {
        "type": "Point",
        "coordinates": [
          104.01913,
          30.659875
        ]
      },
      "properties": {
        "name": "成都清杨华生莱顿医学门诊部",
        "category": "medical",
        "type": "医疗保健服务;诊所;诊所",
        "district": "青羊区",
        "weight": 1
      }
    },
    {
      "type": "Feature",
      "geometry": {
        "type": "Point",
        "coordinates": [
          104.0139,
          30.662989
        ]
      },
      "properties": {
        "name": "华仁大药房(家园南街)",
        "category": "medical",
        "type": "医疗保健服务;医药保健销售店;药房",
        "district": "青羊区",
        "weight": 1
      }
    },
    {
      "type": "Feature",
      "geometry": {
        "type": "Point",
        "coordinates": [
          104.054223,
          30.666562
        ]
      },
      "properties": {
        "name": "晟德药房",
        "category": "medical",
        "type": "医疗保健服务;医药保健销售店;药房",
        "district": "青羊区",
        "weight": 69
      }
    },
    {
      "type": "Feature",
      "geometry": {
        "type": "Point",
        "coordinates": [
          104.043782,
          30.666828
        ]
      },
      "properties": {
        "name": "十二桥药房",
        "category": "medical",
        "type": "医疗保健服务;医药保健销售店;药房",
        "district": "金牛区",
        "weight": 3
      }
    },
    {
      "type": "Feature",
      "geometry": {
        "type": "Point",
        "coordinates": [
          104.049656,
          30.66589
        ]
      },
      "properties": {
        "name": "杏林牙医",
        "category": "medical",
        "type": "医疗保健服务;专科医院;口腔医院",
        "district": "青羊区",
        "weight": 4
      }
    },
    {
      "type": "Feature",
      "geometry": {
        "type": "Point",
        "coordinates": [
          104.047741,
          30.661439
        ]
      },
      "properties": {
        "name": "联勤部机关医院",
        "category": "medical",
        "type": "医疗保健服务;综合医院;综合医院",
        "district": "青羊区",
        "weight": 3
      }
    },
    {
      "type": "Feature",
      "geometry": {
        "type": "Point",
        "coordinates": [
          104.052234,
          30.659785
        ]
      },
      "properties": {
        "name": "妇产科医院",
        "category": "medical",
        "type": "医疗保健服务;专科医院;妇科医院",
        "district": "青羊区",
        "weight": 14
      }
    },
    {
      "type": "Feature",
      "geometry": {
        "type": "Point",
        "coordinates": [
          104.049843,
          30.663151
        ]
      },
      "properties": {
        "name": "圣菲牙科(金河路)",
        "category": "medical",
        "type": "医疗保健服务;专科医院;口腔医院",
        "district": "青羊区",
        "weight": 2
      }
    },
    {
      "type": "Feature",
      "geometry": {
        "type": "Point",
        "coordinates": [
          104.047654,
          30.665026
        ]
      },
      "properties": {
        "name": "正安中医(成都店)",
        "category": "medical",
        "type": "医疗保健服务;诊所;诊所",
        "district": "青羊区",
        "weight": 2
      }
    },
    {
      "type": "Feature",
      "geometry": {
        "type": "Point",
        "coordinates": [
          104.045902,
          30.66871
        ]
      },
      "properties": {
        "name": "抚南诊所",
        "category": "medical",
        "type": "医疗保健服务;诊所;诊所",
        "district": "金牛区",
        "weight": 2
      }
    },
    {
      "type": "Feature",
      "geometry": {
        "type": "Point",
        "coordinates": [
          104.045616,
          30.665195
        ]
      },
      "properties": {
        "name": "华安堂(通惠门店)",
        "category": "medical",
        "type": "医疗保健服务;医药保健销售店;药房",
        "district": "青羊区",
        "weight": 1
      }
    },
    {
      "type": "Feature",
      "geometry": {
        "type": "Point",
        "coordinates": [
          104.052541,
          30.667904
        ]
      },
      "properties": {
        "name": "杜氏骨伤",
        "category": "medical",
        "type": "医疗保健服务;诊所;诊所",
        "district": "青羊区",
        "weight": 6
      }
    },
    {
      "type": "Feature",
      "geometry": {
        "type": "Point",
        "coordinates": [
          104.058033,
          30.661465
        ]
      },
      "properties": {
        "name": "福频诊所",
        "category": "medical",
        "type": "医疗保健服务;诊所;诊所",
        "district": "青羊区",
        "weight": 67
      }
    },
    {
      "type": "Feature",
      "geometry": {
        "type": "Point",
        "coordinates": [
          104.057375,
          30.665772
        ]
      },
      "properties": {
        "name": "洁西口腔诊所",
        "category": "medical",
        "type": "医疗保健服务;专科医院;口腔医院",
        "district": "青羊区",
        "weight": 5
      }
    },
    {
      "type": "Feature",
      "geometry": {
        "type": "Point",
        "coordinates": [
          104.062577,
          30.663647
        ]
      },
      "properties": {
        "name": "集美牙科",
        "category": "medical",
        "type": "医疗保健服务;专科医院;口腔医院|医疗保健服务;诊所;诊所",
        "district": "青羊区",
        "weight": 3
      }
    },
    {
      "type": "Feature",
      "geometry": {
        "type": "Point",
        "coordinates": [
          104.060206,
          30.663832
        ]
      },
      "properties": {
        "name": "微风牙科",
        "category": "medical",
        "type": "医疗保健服务;专科医院;口腔医院",
        "district": "青羊区",
        "weight": 1
      }
    },
    {
      "type": "Feature",
      "geometry": {
        "type": "Point",
        "coordinates": [
          104.060427,
          30.667776
        ]
      },
      "properties": {
        "name": "华安中医馆",
        "category": "medical",
        "type": "医疗保健服务;医药保健销售店;药房",
        "district": "青羊区",
        "weight": 3
      }
    },
    {
      "type": "Feature",
      "geometry": {
        "type": "Point",
        "coordinates": [
          104.068492,
          30.666913
        ]
      },
      "properties": {
        "name": "碧莲盛",
        "category": "medical",
        "type": "医疗保健服务;专科医院;整形美容",
        "district": "青羊区",
        "weight": 2
      }
    },
    {
      "type": "Feature",
      "geometry": {
        "type": "Point",
        "coordinates": [
          104.071826,
          30.661073
        ]
      },
      "properties": {
        "name": "德仁堂(涉处药店)",
        "category": "medical",
        "type": "医疗保健服务;医药保健销售店;药房",
        "district": "锦江区",
        "weight": 1
      }
    },
    {
      "type": "Feature",
      "geometry": {
        "type": "Point",
        "coordinates": [
          104.071809,
          30.668864
        ]
      },
      "properties": {
        "name": "中医馆",
        "category": "medical",
        "type": "医疗保健服务;诊所;诊所",
        "district": "青羊区",
        "weight": 2
      }
    },
    {
      "type": "Feature",
      "geometry": {
        "type": "Point",
        "coordinates": [
          104.072538,
          30.665347
        ]
      },
      "properties": {
        "name": "祥太诊所",
        "category": "medical",
        "type": "医疗保健服务;诊所;诊所",
        "district": "青羊区",
        "weight": 5
      }
    },
    {
      "type": "Feature",
      "geometry": {
        "type": "Point",
        "coordinates": [
          104.064079,
          30.668842
        ]
      },
      "properties": {
        "name": "永和堂大药房",
        "category": "medical",
        "type": "医疗保健服务;医药保健销售店;药房",
        "district": "青羊区",
        "weight": 2
      }
    },
    {
      "type": "Feature",
      "geometry": {
        "type": "Point",
        "coordinates": [
          104.074745,
          30.662698
        ]
      },
      "properties": {
        "name": "华安堂",
        "category": "medical",
        "type": "医疗保健服务;医药保健销售店;药房",
        "district": "锦江区",
        "weight": 40
      }
    },
    {
      "type": "Feature",
      "geometry": {
        "type": "Point",
        "coordinates": [
          104.065827,
          30.667826
        ]
      },
      "properties": {
        "name": "御河诊所",
        "category": "medical",
        "type": "医疗保健服务;诊所;诊所",
        "district": "青羊区",
        "weight": 2
      }
    },
    {
      "type": "Feature",
      "geometry": {
        "type": "Point",
        "coordinates": [
          104.068969,
          30.662477
        ]
      },
      "properties": {
        "name": "成都大药房(提督店)",
        "category": "medical",
        "type": "医疗保健服务;医药保健销售店;药房",
        "district": "青羊区",
        "weight": 1
      }
    },
    {
      "type": "Feature",
      "geometry": {
        "type": "Point",
        "coordinates": [
          104.070824,
          30.667014
        ]
      },
      "properties": {
        "name": "百信药业(鼓楼店)",
        "category": "medical",
        "type": "医疗保健服务;医药保健销售店;药房",
        "district": "青羊区",
        "weight": 4
      }
    },
    {
      "type": "Feature",
      "geometry": {
        "type": "Point",
        "coordinates": [
          104.084517,
          30.661315
        ]
      },
      "properties": {
        "name": "中医馆",
        "category": "medical",
        "type": "医疗保健服务;诊所;诊所",
        "district": "锦江区",
        "weight": 177
      }
    },
    {
      "type": "Feature",
      "geometry": {
        "type": "Point",
        "coordinates": [
          104.080952,
          30.669339
        ]
      },
      "properties": {
        "name": "建国口腔(福德街)",
        "category": "medical",
        "type": "医疗保健服务;专科医院;口腔医院",
        "district": "青羊区",
        "weight": 1
      }
    },
    {
      "type": "Feature",
      "geometry": {
        "type": "Point",
        "coordinates": [
          104.080405,
          30.665061
        ]
      },
      "properties": {
        "name": "成都锦江农工门诊部",
        "category": "medical",
        "type": "医疗保健服务;诊所;诊所",
        "district": "锦江区",
        "weight": 3
      }
    },
    {
      "type": "Feature",
      "geometry": {
        "type": "Point",
        "coordinates": [
          104.081017,
          30.667545
        ]
      },
      "properties": {
        "name": "华安堂药业(玉沙路店)",
        "category": "medical",
        "type": "医疗保健服务;医药保健销售店;药房",
        "district": "锦江区",
        "weight": 1
      }
    },
    {
      "type": "Feature",
      "geometry": {
        "type": "Point",
        "coordinates": [
          104.077837,
          30.661353
        ]
      },
      "properties": {
        "name": "同仁堂药店",
        "category": "medical",
        "type": "医疗保健服务;医药保健销售店;药房",
        "district": "锦江区",
        "weight": 3
      }
    },
    {
      "type": "Feature",
      "geometry": {
        "type": "Point",
        "coordinates": [
          104.073943,
          30.659588
        ]
      },
      "properties": {
        "name": "海天药房(中新街)",
        "category": "medical",
        "type": "医疗保健服务;医药保健销售店;药房",
        "district": "锦江区",
        "weight": 1
      }
    },
    {
      "type": "Feature",
      "geometry": {
        "type": "Point",
        "coordinates": [
          104.094121,
          30.664396
        ]
      },
      "properties": {
        "name": "成华慈济堂诊所",
        "category": "medical",
        "type": "医疗保健服务;诊所;诊所",
        "district": "成华区",
        "weight": 61
      }
    },
    {
      "type": "Feature",
      "geometry": {
        "type": "Point",
        "coordinates": [
          104.09156,
          30.661435
        ]
      },
      "properties": {
        "name": "同济",
        "category": "medical",
        "type": "医疗保健服务;医药保健销售店;药房",
        "district": "成华区",
        "weight": 8
      }
    },
    {
      "type": "Feature",
      "geometry": {
        "type": "Point",
        "coordinates": [
          104.084567,
          30.660104
        ]
      },
      "properties": {
        "name": "王氏口腔诊所",
        "category": "medical",
        "type": "医疗保健服务;专科医院;口腔医院",
        "district": "锦江区",
        "weight": 1
      }
    },
    {
      "type": "Feature",
      "geometry": {
        "type": "Point",
        "coordinates": [
          104.089206,
          30.66314
        ]
      },
      "properties": {
        "name": "锦江宗塔诊所",
        "category": "medical",
        "type": "医疗保健服务;诊所;诊所",
        "district": "锦江区",
        "weight": 2
      }
    },
    {
      "type": "Feature",
      "geometry": {
        "type": "Point",
        "coordinates": [
          104.102502,
          30.667018
        ]
      },
      "properties": {
        "name": "成都大药房(南新店)",
        "category": "medical",
        "type": "医疗保健服务;医药保健销售店;药房",
        "district": "成华区",
        "weight": 4
      }
    },
    {
      "type": "Feature",
      "geometry": {
        "type": "Point",
        "coordinates": [
          104.09678,
          30.662656
        ]
      },
      "properties": {
        "name": "天德药房",
        "category": "medical",
        "type": "医疗保健服务;医药保健销售店;药房",
        "district": "成华区",
        "weight": 8
      }
    },
    {
      "type": "Feature",
      "geometry": {
        "type": "Point",
        "coordinates": [
          104.094964,
          30.668074
        ]
      },
      "properties": {
        "name": "翔飞诊所",
        "category": "medical",
        "type": "医疗保健服务;诊所;诊所",
        "district": "成华区",
        "weight": 1
      }
    },
    {
      "type": "Feature",
      "geometry": {
        "type": "Point",
        "coordinates": [
          104.09543,
          30.666131
        ]
      },
      "properties": {
        "name": "格瑞大药房(康复店)",
        "category": "medical",
        "type": "医疗保健服务;医药保健销售店;药房",
        "district": "成华区",
        "weight": 1
      }
    },
    {
      "type": "Feature",
      "geometry": {
        "type": "Point",
        "coordinates": [
          104.097361,
          30.659701
        ]
      },
      "properties": {
        "name": "康福隆平价药房(天康药店)",
        "category": "medical",
        "type": "医疗保健服务;医药保健销售店;药房",
        "district": "成华区",
        "weight": 1
      }
    },
    {
      "type": "Feature",
      "geometry": {
        "type": "Point",
        "coordinates": [
          104.109375,
          30.666556
        ]
      },
      "properties": {
        "name": "成都西囡妇科医院",
        "category": "medical",
        "type": "医疗保健服务;专科医院;妇科医院",
        "district": "成华区",
        "weight": 2
      }
    },
    {
      "type": "Feature",
      "geometry": {
        "type": "Point",
        "coordinates": [
          104.112366,
          30.665024
        ]
      },
      "properties": {
        "name": "成都华医门诊部",
        "category": "medical",
        "type": "医疗保健服务;诊所;诊所",
        "district": "成华区",
        "weight": 2
      }
    },
    {
      "type": "Feature",
      "geometry": {
        "type": "Point",
        "coordinates": [
          104.108216,
          30.660134
        ]
      },
      "properties": {
        "name": "洁美牙科",
        "category": "medical",
        "type": "医疗保健服务;专科医院;口腔医院|医疗保健服务;诊所;诊所",
        "district": "成华区",
        "weight": 15
      }
    },
    {
      "type": "Feature",
      "geometry": {
        "type": "Point",
        "coordinates": [
          104.104814,
          30.659824
        ]
      },
      "properties": {
        "name": "成华雁蓉中西医诊所",
        "category": "medical",
        "type": "医疗保健服务;诊所;诊所",
        "district": "成华区",
        "weight": 2
      }
    },
    {
      "type": "Feature",
      "geometry": {
        "type": "Point",
        "coordinates": [
          104.106896,
          30.66399
        ]
      },
      "properties": {
        "name": "中医馆",
        "category": "medical",
        "type": "医疗保健服务;诊所;诊所",
        "district": "成华区",
        "weight": 6
      }
    },
    {
      "type": "Feature",
      "geometry": {
        "type": "Point",
        "coordinates": [
          104.112616,
          30.658995
        ]
      },
      "properties": {
        "name": "成都面瘫医院",
        "category": "medical",
        "type": "医疗保健服务;综合医院;综合医院",
        "district": "成华区",
        "weight": 10
      }
    },
    {
      "type": "Feature",
      "geometry": {
        "type": "Point",
        "coordinates": [
          104.113485,
          30.663221
        ]
      },
      "properties": {
        "name": "拜欧大药房(东秀一路)",
        "category": "medical",
        "type": "医疗保健服务;医药保健销售店;药房",
        "district": "成华区",
        "weight": 1
      }
    },
    {
      "type": "Feature",
      "geometry": {
        "type": "Point",
        "coordinates": [
          104.118706,
          30.664802
        ]
      },
      "properties": {
        "name": "成都市华川医院",
        "category": "medical",
        "type": "医疗保健服务;综合医院;综合医院",
        "district": "成华区",
        "weight": 2
      }
    },
    {
      "type": "Feature",
      "geometry": {
        "type": "Point",
        "coordinates": [
          104.116231,
          30.661665
        ]
      },
      "properties": {
        "name": "成华美希诊所",
        "category": "medical",
        "type": "医疗保健服务;诊所;诊所",
        "district": "成华区",
        "weight": 6
      }
    },
    {
      "type": "Feature",
      "geometry": {
        "type": "Point",
        "coordinates": [
          104.122451,
          30.660931
        ]
      },
      "properties": {
        "name": "跳蹬诊所",
        "category": "medical",
        "type": "医疗保健服务;诊所;诊所",
        "district": "成华区",
        "weight": 3
      }
    },
    {
      "type": "Feature",
      "geometry": {
        "type": "Point",
        "coordinates": [
          104.125379,
          30.661129
        ]
      },
      "properties": {
        "name": "成华区跳蹬河社区卫生服务中心",
        "category": "medical",
        "type": "医疗保健服务;综合医院;卫生院",
        "district": "成华区",
        "weight": 1
      }
    },
    {
      "type": "Feature",
      "geometry": {
        "type": "Point",
        "coordinates": [
          104.12999,
          30.663001
        ]
      },
      "properties": {
        "name": "永安堂药店",
        "category": "medical",
        "type": "医疗保健服务;医药保健销售店;药房",
        "district": "成华区",
        "weight": 6
      }
    },
    {
      "type": "Feature",
      "geometry": {
        "type": "Point",
        "coordinates": [
          104.139515,
          30.667726
        ]
      },
      "properties": {
        "name": "成都成华陈氏诊所",
        "category": "medical",
        "type": "医疗保健服务;诊所;诊所",
        "district": "成华区",
        "weight": 3
      }
    },
    {
      "type": "Feature",
      "geometry": {
        "type": "Point",
        "coordinates": [
          104.143561,
          30.665805
        ]
      },
      "properties": {
        "name": "成华华辰诊所",
        "category": "medical",
        "type": "医疗保健服务;诊所;诊所",
        "district": "成华区",
        "weight": 5
      }
    },
    {
      "type": "Feature",
      "geometry": {
        "type": "Point",
        "coordinates": [
          104.134686,
          30.668632
        ]
      },
      "properties": {
        "name": "成华夏氏为民诊所",
        "category": "medical",
        "type": "医疗保健服务;诊所;诊所",
        "district": "成华区",
        "weight": 4
      }
    },
    {
      "type": "Feature",
      "geometry": {
        "type": "Point",
        "coordinates": [
          104.134114,
          30.666424
        ]
      },
      "properties": {
        "name": "成华区人欣堂药房",
        "category": "medical",
        "type": "医疗保健服务;医药保健销售店;药房",
        "district": "成华区",
        "weight": 3
      }
    },
    {
      "type": "Feature",
      "geometry": {
        "type": "Point",
        "coordinates": [
          103.977821,
          30.651733
        ]
      },
      "properties": {
        "name": "邓草药",
        "category": "medical",
        "type": "医疗保健服务;医药保健销售店;药房",
        "district": "武侯区",
        "weight": 49
      }
    },
    {
      "type": "Feature",
      "geometry": {
        "type": "Point",
        "coordinates": [
          103.967815,
          30.65
        ]
      },
      "properties": {
        "name": "湘北诊所",
        "category": "medical",
        "type": "医疗保健服务;诊所;诊所",
        "district": "武侯区",
        "weight": 13
      }
    },
    {
      "type": "Feature",
      "geometry": {
        "type": "Point",
        "coordinates": [
          103.969371,
          30.655095
        ]
      },
      "properties": {
        "name": "诚鑫大药房",
        "category": "medical",
        "type": "医疗保健服务;医药保健销售店;药房",
        "district": "武侯区",
        "weight": 3
      }
    },
    {
      "type": "Feature",
      "geometry": {
        "type": "Point",
        "coordinates": [
          103.966394,
          30.658037
        ]
      },
      "properties": {
        "name": "治平诊所",
        "category": "medical",
        "type": "医疗保健服务;诊所;诊所",
        "district": "武侯区",
        "weight": 8
      }
    },
    {
      "type": "Feature",
      "geometry": {
        "type": "Point",
        "coordinates": [
          103.971217,
          30.658779
        ]
      },
      "properties": {
        "name": "华王药房",
        "category": "medical",
        "type": "医疗保健服务;医药保健销售店;药房",
        "district": "武侯区",
        "weight": 1
      }
    },
    {
      "type": "Feature",
      "geometry": {
        "type": "Point",
        "coordinates": [
          103.964998,
          30.656163
        ]
      },
      "properties": {
        "name": "泰林大药房",
        "category": "medical",
        "type": "医疗保健服务;医药保健销售店;药房",
        "district": "武侯区",
        "weight": 2
      }
    },
    {
      "type": "Feature",
      "geometry": {
        "type": "Point",
        "coordinates": [
          103.973459,
          30.658802
        ]
      },
      "properties": {
        "name": "华王药房",
        "category": "medical",
        "type": "医疗保健服务;医药保健销售店;药房",
        "district": "武侯区",
        "weight": 1
      }
    },
    {
      "type": "Feature",
      "geometry": {
        "type": "Point",
        "coordinates": [
          103.969451,
          30.65704
        ]
      },
      "properties": {
        "name": "锦康大药房",
        "category": "medical",
        "type": "医疗保健服务;医药保健销售店;药房",
        "district": "武侯区",
        "weight": 2
      }
    },
    {
      "type": "Feature",
      "geometry": {
        "type": "Point",
        "coordinates": [
          103.979382,
          30.658775
        ]
      },
      "properties": {
        "name": "九华药房(康乐店)",
        "category": "medical",
        "type": "医疗保健服务;医药保健销售店;药房",
        "district": "武侯区",
        "weight": 1
      }
    },
    {
      "type": "Feature",
      "geometry": {
        "type": "Point",
        "coordinates": [
          103.975312,
          30.650418
        ]
      },
      "properties": {
        "name": "武侯永康诊所",
        "category": "medical",
        "type": "医疗保健服务;诊所;诊所",
        "district": "武侯区",
        "weight": 1
      }
    },
    {
      "type": "Feature",
      "geometry": {
        "type": "Point",
        "coordinates": [
          103.994746,
          30.653523
        ]
      },
      "properties": {
        "name": "欢浴堂",
        "category": "medical",
        "type": "医疗保健服务;医药保健销售店;药房",
        "district": "武侯区",
        "weight": 73
      }
    },
    {
      "type": "Feature",
      "geometry": {
        "type": "Point",
        "coordinates": [
          103.986939,
          30.655936
        ]
      },
      "properties": {
        "name": "机投镇万寿村医疗室",
        "category": "medical",
        "type": "医疗保健服务;诊所;诊所",
        "district": "武侯区",
        "weight": 1
      }
    },
    {
      "type": "Feature",
      "geometry": {
        "type": "Point",
        "coordinates": [
          103.98732,
          30.650765
        ]
      },
      "properties": {
        "name": "成通医院",
        "category": "medical",
        "type": "医疗保健服务;综合医院;综合医院",
        "district": "武侯区",
        "weight": 4
      }
    },
    {
      "type": "Feature",
      "geometry": {
        "type": "Point",
        "coordinates": [
          103.992177,
          30.651462
        ]
      },
      "properties": {
        "name": "传世口腔",
        "category": "medical",
        "type": "医疗保健服务;专科医院;口腔医院",
        "district": "武侯区",
        "weight": 2
      }
    },
    {
      "type": "Feature",
      "geometry": {
        "type": "Point",
        "coordinates": [
          103.989092,
          30.654097
        ]
      },
      "properties": {
        "name": "武侯区万顺大药房",
        "category": "medical",
        "type": "医疗保健服务;医药保健销售店;药房",
        "district": "武侯区",
        "weight": 1
      }
    },
    {
      "type": "Feature",
      "geometry": {
        "type": "Point",
        "coordinates": [
          103.994535,
          30.649716
        ]
      },
      "properties": {
        "name": "忠明诊所",
        "category": "medical",
        "type": "医疗保健服务;诊所;诊所",
        "district": "武侯区",
        "weight": 10
      }
    },
    {
      "type": "Feature",
      "geometry": {
        "type": "Point",
        "coordinates": [
          104.002968,
          30.651241
        ]
      },
      "properties": {
        "name": "晋阳社区卫生服务中心",
        "category": "medical",
        "type": "医疗保健服务;综合医院;卫生院",
        "district": "武侯区",
        "weight": 1
      }
    },
    {
      "type": "Feature",
      "geometry": {
        "type": "Point",
        "coordinates": [
          103.998723,
          30.657195
        ]
      },
      "properties": {
        "name": "生珍诊所",
        "category": "medical",
        "type": "医疗保健服务;诊所;诊所",
        "district": "武侯区",
        "weight": 11
      }
    },
    {
      "type": "Feature",
      "geometry": {
        "type": "Point",
        "coordinates": [
          103.997903,
          30.650272
        ]
      },
      "properties": {
        "name": "德安堂大药房",
        "category": "medical",
        "type": "医疗保健服务;医药保健销售店;药房",
        "district": "武侯区",
        "weight": 1
      }
    },
    {
      "type": "Feature",
      "geometry": {
        "type": "Point",
        "coordinates": [
          104.003322,
          30.653474
        ]
      },
      "properties": {
        "name": "永华诊所(龙腾西路)",
        "category": "medical",
        "type": "医疗保健服务;诊所;诊所",
        "district": "武侯区",
        "weight": 1
      }
    },
    {
      "type": "Feature",
      "geometry": {
        "type": "Point",
        "coordinates": [
          104.007201,
          30.654281
        ]
      },
      "properties": {
        "name": "成都艾米丽医疗美容门诊",
        "category": "medical",
        "type": "医疗保健服务;专科医院;整形美容",
        "district": "武侯区",
        "weight": 1
      }
    },
    {
      "type": "Feature",
      "geometry": {
        "type": "Point",
        "coordinates": [
          104.006147,
          30.658455
        ]
      },
      "properties": {
        "name": "青羊区光华社区卫生服务中心",
        "category": "medical",
        "type": "医疗保健服务;综合医院;卫生院",
        "district": "青羊区",
        "weight": 2
      }
    },
    {
      "type": "Feature",
      "geometry": {
        "type": "Point",
        "coordinates": [
          104.009226,
          30.650705
        ]
      },
      "properties": {
        "name": "8991自然健康",
        "category": "medical",
        "type": "医疗保健服务;医药保健销售店;医药保健相关",
        "district": "武侯区",
        "weight": 9
      }
    },
    {
      "type": "Feature",
      "geometry": {
        "type": "Point",
        "coordinates": [
          104.01332,
          30.653157
        ]
      },
      "properties": {
        "name": "爱齿口腔",
        "category": "medical",
        "type": "医疗保健服务;专科医院;口腔医院",
        "district": "武侯区",
        "weight": 25
      }
    },
    {
      "type": "Feature",
      "geometry": {
        "type": "Point",
        "coordinates": [
          104.005961,
          30.652887
        ]
      },
      "properties": {
        "name": "安龢堂中医馆",
        "category": "medical",
        "type": "医疗保健服务;诊所;诊所",
        "district": "武侯区",
        "weight": 5
      }
    },
    {
      "type": "Feature",
      "geometry": {
        "type": "Point",
        "coordinates": [
          104.019716,
          30.651204
        ]
      },
      "properties": {
        "name": "华仁牙科",
        "category": "medical",
        "type": "医疗保健服务;诊所;诊所",
        "district": "武侯区",
        "weight": 12
      }
    },
    {
      "type": "Feature",
      "geometry": {
        "type": "Point",
        "coordinates": [
          104.017719,
          30.654739
        ]
      },
      "properties": {
        "name": "圣贝牙科(龙腾东路)",
        "category": "medical",
        "type": "医疗保健服务;专科医院;口腔医院",
        "district": "武侯区",
        "weight": 1
      }
    },
    {
      "type": "Feature",
      "geometry": {
        "type": "Point",
        "coordinates": [
          104.029139,
          30.647993
        ]
      },
      "properties": {
        "name": "口腔科",
        "category": "medical",
        "type": "医疗保健服务;专科医院;口腔医院",
        "district": "武侯区",
        "weight": 121
      }
    },
    {
      "type": "Feature",
      "geometry": {
        "type": "Point",
        "coordinates": [
          104.01904,
          30.658405
        ]
      },
      "properties": {
        "name": "花田医学美容",
        "category": "medical",
        "type": "医疗保健服务;专科医院;整形美容",
        "district": "青羊区",
        "weight": 1
      }
    },
    {
      "type": "Feature",
      "geometry": {
        "type": "Point",
        "coordinates": [
          104.01557,
          30.653716
        ]
      },
      "properties": {
        "name": "中医馆",
        "category": "medical",
        "type": "医疗保健服务;诊所;诊所",
        "district": "武侯区",
        "weight": 2
      }
    },
    {
      "type": "Feature",
      "geometry": {
        "type": "Point",
        "coordinates": [
          104.0156,
          30.655471
        ]
      },
      "properties": {
        "name": "四川康贝大药房(保仁堂大药房)",
        "category": "medical",
        "type": "医疗保健服务;医药保健销售店;药房",
        "district": "武侯区",
        "weight": 1
      }
    },
    {
      "type": "Feature",
      "geometry": {
        "type": "Point",
        "coordinates": [
          104.026776,
          30.654462
        ]
      },
      "properties": {
        "name": "四川省人民医院门诊诊疗区",
        "category": "medical",
        "type": "医疗保健服务;综合医院;综合医院",
        "district": "青羊区",
        "weight": 9
      }
    },
    {
      "type": "Feature",
      "geometry": {
        "type": "Point",
        "coordinates": [
          104.030743,
          30.649373
        ]
      },
      "properties": {
        "name": "淳和中医诊所",
        "category": "medical",
        "type": "医疗保健服务;诊所;诊所",
        "district": "武侯区",
        "weight": 4
      }
    },
    {
      "type": "Feature",
      "geometry": {
        "type": "Point",
        "coordinates": [
          104.036347,
          30.658477
        ]
      },
      "properties": {
        "name": "青羊德馨诊所",
        "category": "medical",
        "type": "医疗保健服务;诊所;诊所",
        "district": "青羊区",
        "weight": 3
      }
    },
    {
      "type": "Feature",
      "geometry": {
        "type": "Point",
        "coordinates": [
          104.038375,
          30.653774
        ]
      },
      "properties": {
        "name": "成都体育医院",
        "category": "medical",
        "type": "医疗保健服务;专科医院;专科医院",
        "district": "武侯区",
        "weight": 90
      }
    },
    {
      "type": "Feature",
      "geometry": {
        "type": "Point",
        "coordinates": [
          104.034014,
          30.653554
        ]
      },
      "properties": {
        "name": "华安堂(大石西路店)",
        "category": "medical",
        "type": "医疗保健服务;医药保健销售店;药房",
        "district": "青羊区",
        "weight": 1
      }
    },
    {
      "type": "Feature",
      "geometry": {
        "type": "Point",
        "coordinates": [
          104.041577,
          30.654405
        ]
      },
      "properties": {
        "name": "晨朴中医",
        "category": "medical",
        "type": "医疗保健服务;诊所;诊所",
        "district": "武侯区",
        "weight": 5
      }
    },
    {
      "type": "Feature",
      "geometry": {
        "type": "Point",
        "coordinates": [
          104.044801,
          30.65709
        ]
      },
      "properties": {
        "name": "医问",
        "category": "medical",
        "type": "医疗保健服务;诊所;诊所",
        "district": "青羊区",
        "weight": 5
      }
    },
    {
      "type": "Feature",
      "geometry": {
        "type": "Point",
        "coordinates": [
          104.052258,
          30.651693
        ]
      },
      "properties": {
        "name": "本草堂",
        "category": "medical",
        "type": "医疗保健服务;医药保健销售店;药房",
        "district": "武侯区",
        "weight": 26
      }
    },
    {
      "type": "Feature",
      "geometry": {
        "type": "Point",
        "coordinates": [
          104.050412,
          30.656463
        ]
      },
      "properties": {
        "name": "明仁雅仕齿科",
        "category": "medical",
        "type": "医疗保健服务;专科医院;口腔医院",
        "district": "青羊区",
        "weight": 4
      }
    },
    {
      "type": "Feature",
      "geometry": {
        "type": "Point",
        "coordinates": [
          104.048592,
          30.655622
        ]
      },
      "properties": {
        "name": "九康大药房(锦里店)",
        "category": "medical",
        "type": "医疗保健服务;医药保健销售店;药房",
        "district": "青羊区",
        "weight": 1
      }
    },
    {
      "type": "Feature",
      "geometry": {
        "type": "Point",
        "coordinates": [
          104.055538,
          30.656732
        ]
      },
      "properties": {
        "name": "泽文诊所",
        "category": "medical",
        "type": "医疗保健服务;诊所;诊所",
        "district": "青羊区",
        "weight": 23
      }
    },
    {
      "type": "Feature",
      "geometry": {
        "type": "Point",
        "coordinates": [
          104.058879,
          30.652468
        ]
      },
      "properties": {
        "name": "成都中山骨科医院",
        "category": "medical",
        "type": "医疗保健服务;专科医院;骨科医院",
        "district": "青羊区",
        "weight": 6
      }
    },
    {
      "type": "Feature",
      "geometry": {
        "type": "Point",
        "coordinates": [
          104.060609,
          30.656722
        ]
      },
      "properties": {
        "name": "冬林口腔",
        "category": "medical",
        "type": "医疗保健服务;专科医院;口腔医院",
        "district": "青羊区",
        "weight": 6
      }
    },
    {
      "type": "Feature",
      "geometry": {
        "type": "Point",
        "coordinates": [
          104.054273,
          30.654578
        ]
      },
      "properties": {
        "name": "百信药业(文庙前街)",
        "category": "medical",
        "type": "医疗保健服务;医药保健销售店;药房",
        "district": "青羊区",
        "weight": 1
      }
    },
    {
      "type": "Feature",
      "geometry": {
        "type": "Point",
        "coordinates": [
          104.055204,
          30.651721
        ]
      },
      "properties": {
        "name": "康百堂",
        "category": "medical",
        "type": "医疗保健服务;医药保健销售店;药房",
        "district": "青羊区",
        "weight": 1
      }
    },
    {
      "type": "Feature",
      "geometry": {
        "type": "Point",
        "coordinates": [
          104.0677,
          30.655939
        ]
      },
      "properties": {
        "name": "名医馆",
        "category": "medical",
        "type": "医疗保健服务;医药保健销售店;药房",
        "district": "锦江区",
        "weight": 97
      }
    },
    {
      "type": "Feature",
      "geometry": {
        "type": "Point",
        "coordinates": [
          104.073907,
          30.655235
        ]
      },
      "properties": {
        "name": "四川德仁堂",
        "category": "medical",
        "type": "医疗保健服务;医药保健销售店;药房",
        "district": "锦江区",
        "weight": 32
      }
    },
    {
      "type": "Feature",
      "geometry": {
        "type": "Point",
        "coordinates": [
          104.06485,
          30.654016
        ]
      },
      "properties": {
        "name": "九鼎药房(指挥店)",
        "category": "medical",
        "type": "医疗保健服务;医药保健销售店;药房",
        "district": "锦江区",
        "weight": 2
      }
    },
    {
      "type": "Feature",
      "geometry": {
        "type": "Point",
        "coordinates": [
          104.06396,
          30.656108
        ]
      },
      "properties": {
        "name": "龙环口腔",
        "category": "medical",
        "type": "医疗保健服务;专科医院;口腔医院|医疗保健服务;诊所;诊所",
        "district": "锦江区",
        "weight": 2
      }
    },
    {
      "type": "Feature",
      "geometry": {
        "type": "Point",
        "coordinates": [
          104.075346,
          30.651367
        ]
      },
      "properties": {
        "name": "泓川诊所",
        "category": "medical",
        "type": "医疗保健服务;诊所;诊所",
        "district": "锦江区",
        "weight": 22
      }
    },
    {
      "type": "Feature",
      "geometry": {
        "type": "Point",
        "coordinates": [
          104.069415,
          30.651236
        ]
      },
      "properties": {
        "name": "封帛友花卉诊所",
        "category": "medical",
        "type": "医疗保健服务;诊所;诊所",
        "district": "锦江区",
        "weight": 2
      }
    },
    {
      "type": "Feature",
      "geometry": {
        "type": "Point",
        "coordinates": [
          104.064229,
          30.65843
        ]
      },
      "properties": {
        "name": "北京同仁堂",
        "category": "medical",
        "type": "医疗保健服务;医药保健销售店;药房",
        "district": "锦江区",
        "weight": 1
      }
    },
    {
      "type": "Feature",
      "geometry": {
        "type": "Point",
        "coordinates": [
          104.06645,
          30.651386
        ]
      },
      "properties": {
        "name": "雷允上(新开街)",
        "category": "medical",
        "type": "医疗保健服务;医药保健销售店;药房",
        "district": "锦江区",
        "weight": 2
      }
    },
    {
      "type": "Feature",
      "geometry": {
        "type": "Point",
        "coordinates": [
          104.080918,
          30.649187
        ]
      },
      "properties": {
        "name": "妙手医馆",
        "category": "medical",
        "type": "医疗保健服务;诊所;诊所",
        "district": "锦江区",
        "weight": 6
      }
    },
    {
      "type": "Feature",
      "geometry": {
        "type": "Point",
        "coordinates": [
          104.078718,
          30.654016
        ]
      },
      "properties": {
        "name": "纱帽街中医诊所",
        "category": "medical",
        "type": "医疗保健服务;诊所;诊所",
        "district": "锦江区",
        "weight": 2
      }
    },
    {
      "type": "Feature",
      "geometry": {
        "type": "Point",
        "coordinates": [
          104.076741,
          30.655366
        ]
      },
      "properties": {
        "name": "青齿牙科诊所",
        "category": "medical",
        "type": "医疗保健服务;专科医院;口腔医院",
        "district": "锦江区",
        "weight": 1
      }
    },
    {
      "type": "Feature",
      "geometry": {
        "type": "Point",
        "coordinates": [
          104.081224,
          30.653319
        ]
      },
      "properties": {
        "name": "科发源",
        "category": "medical",
        "type": "医疗保健服务;专科医院;整形美容",
        "district": "锦江区",
        "weight": 2
      }
    },
    {
      "type": "Feature",
      "geometry": {
        "type": "Point",
        "coordinates": [
          104.077121,
          30.657208
        ]
      },
      "properties": {
        "name": "井手牙科",
        "category": "medical",
        "type": "医疗保健服务;专科医院;口腔医院",
        "district": "锦江区",
        "weight": 1
      }
    },
    {
      "type": "Feature",
      "geometry": {
        "type": "Point",
        "coordinates": [
          104.088113,
          30.653417
        ]
      },
      "properties": {
        "name": "万康诊所",
        "category": "medical",
        "type": "医疗保健服务;诊所;诊所",
        "district": "锦江区",
        "weight": 52
      }
    },
    {
      "type": "Feature",
      "geometry": {
        "type": "Point",
        "coordinates": [
          104.091354,
          30.657604
        ]
      },
      "properties": {
        "name": "南山堂药房",
        "category": "medical",
        "type": "医疗保健服务;医药保健销售店;药房",
        "district": "成华区",
        "weight": 5
      }
    },
    {
      "type": "Feature",
      "geometry": {
        "type": "Point",
        "coordinates": [
          104.091714,
          30.650284
        ]
      },
      "properties": {
        "name": "乐美牙科",
        "category": "medical",
        "type": "医疗保健服务;专科医院;口腔医院",
        "district": "锦江区",
        "weight": 9
      }
    },
    {
      "type": "Feature",
      "geometry": {
        "type": "Point",
        "coordinates": [
          104.09098,
          30.652422
        ]
      },
      "properties": {
        "name": "花乡诊所",
        "category": "medical",
        "type": "医疗保健服务;诊所;诊所",
        "district": "锦江区",
        "weight": 2
      }
    },
    {
      "type": "Feature",
      "geometry": {
        "type": "Point",
        "coordinates": [
          104.088611,
          30.649571
        ]
      },
      "properties": {
        "name": "贝臣齿科",
        "category": "medical",
        "type": "医疗保健服务;诊所;诊所",
        "district": "锦江区",
        "weight": 1
      }
    },
    {
      "type": "Feature",
      "geometry": {
        "type": "Point",
        "coordinates": [
          104.100178,
          30.651093
        ]
      },
      "properties": {
        "name": "攀钢集团成都医院",
        "category": "medical",
        "type": "医疗保健服务;综合医院;综合医院",
        "district": "成华区",
        "weight": 27
      }
    },
    {
      "type": "Feature",
      "geometry": {
        "type": "Point",
        "coordinates": [
          104.100728,
          30.658271
        ]
      },
      "properties": {
        "name": "双林口腔",
        "category": "medical",
        "type": "医疗保健服务;专科医院;口腔医院",
        "district": "成华区",
        "weight": 8
      }
    },
    {
      "type": "Feature",
      "geometry": {
        "type": "Point",
        "coordinates": [
          104.096051,
          30.658697
        ]
      },
      "properties": {
        "name": "祥和康复诊所",
        "category": "medical",
        "type": "医疗保健服务;诊所;诊所",
        "district": "成华区",
        "weight": 7
      }
    },
    {
      "type": "Feature",
      "geometry": {
        "type": "Point",
        "coordinates": [
          104.095363,
          30.649539
        ]
      },
      "properties": {
        "name": "福康药房",
        "category": "medical",
        "type": "医疗保健服务;医药保健销售店;药房",
        "district": "锦江区",
        "weight": 25
      }
    },
    {
      "type": "Feature",
      "geometry": {
        "type": "Point",
        "coordinates": [
          104.101185,
          30.653547
        ]
      },
      "properties": {
        "name": "成都新华医院",
        "category": "medical",
        "type": "医疗保健服务;综合医院;综合医院",
        "district": "成华区",
        "weight": 35
      }
    },
    {
      "type": "Feature",
      "geometry": {
        "type": "Point",
        "coordinates": [
          104.094963,
          30.655321
        ]
      },
      "properties": {
        "name": "中医馆",
        "category": "medical",
        "type": "医疗保健服务;诊所;诊所",
        "district": "成华区",
        "weight": 18
      }
    },
    {
      "type": "Feature",
      "geometry": {
        "type": "Point",
        "coordinates": [
          104.101286,
          30.655598
        ]
      },
      "properties": {
        "name": "五冶医院",
        "category": "medical",
        "type": "医疗保健服务;综合医院;综合医院",
        "district": "成华区",
        "weight": 3
      }
    },
    {
      "type": "Feature",
      "geometry": {
        "type": "Point",
        "coordinates": [
          104.098434,
          30.655045
        ]
      },
      "properties": {
        "name": "康泰药房",
        "category": "medical",
        "type": "医疗保健服务;医药保健销售店;药房",
        "district": "成华区",
        "weight": 6
      }
    },
    {
      "type": "Feature",
      "geometry": {
        "type": "Point",
        "coordinates": [
          104.10713,
          30.655715
        ]
      },
      "properties": {
        "name": "城东医院",
        "category": "medical",
        "type": "医疗保健服务;综合医院;综合医院",
        "district": "成华区",
        "weight": 6
      }
    },
    {
      "type": "Feature",
      "geometry": {
        "type": "Point",
        "coordinates": [
          104.107465,
          30.650988
        ]
      },
      "properties": {
        "name": "南光医院",
        "category": "medical",
        "type": "医疗保健服务;综合医院;综合医院",
        "district": "成华区",
        "weight": 30
      }
    },
    {
      "type": "Feature",
      "geometry": {
        "type": "Point",
        "coordinates": [
          104.111523,
          30.656254
        ]
      },
      "properties": {
        "name": "万年泰康诊所",
        "category": "medical",
        "type": "医疗保健服务;诊所;诊所",
        "district": "成华区",
        "weight": 8
      }
    },
    {
      "type": "Feature",
      "geometry": {
        "type": "Point",
        "coordinates": [
          104.108862,
          30.654487
        ]
      },
      "properties": {
        "name": "成华华瑞诊所",
        "category": "medical",
        "type": "医疗保健服务;诊所;诊所",
        "district": "成华区",
        "weight": 4
      }
    },
    {
      "type": "Feature",
      "geometry": {
        "type": "Point",
        "coordinates": [
          104.111377,
          30.653267
        ]
      },
      "properties": {
        "name": "海王星辰中医坐堂诊所",
        "category": "medical",
        "type": "医疗保健服务;诊所;诊所",
        "district": "成华区",
        "weight": 4
      }
    },
    {
      "type": "Feature",
      "geometry": {
        "type": "Point",
        "coordinates": [
          104.105,
          30.654103
        ]
      },
      "properties": {
        "name": "同德堂药房",
        "category": "medical",
        "type": "医疗保健服务;医药保健销售店;药房",
        "district": "成华区",
        "weight": 4
      }
    },
    {
      "type": "Feature",
      "geometry": {
        "type": "Point",
        "coordinates": [
          104.103927,
          30.655674
        ]
      },
      "properties": {
        "name": "成都市人民中西医医院",
        "category": "medical",
        "type": "医疗保健服务;诊所;诊所",
        "district": "成华区",
        "weight": 1
      }
    },
    {
      "type": "Feature",
      "geometry": {
        "type": "Point",
        "coordinates": [
          104.117205,
          30.654382
        ]
      },
      "properties": {
        "name": "大友牙科",
        "category": "medical",
        "type": "医疗保健服务;专科医院;口腔医院",
        "district": "成华区",
        "weight": 31
      }
    },
    {
      "type": "Feature",
      "geometry": {
        "type": "Point",
        "coordinates": [
          104.115259,
          30.658247
        ]
      },
      "properties": {
        "name": "联合新诊所",
        "category": "medical",
        "type": "医疗保健服务;诊所;诊所",
        "district": "成华区",
        "weight": 6
      }
    },
    {
      "type": "Feature",
      "geometry": {
        "type": "Point",
        "coordinates": [
          104.118348,
          30.658002
        ]
      },
      "properties": {
        "name": "成华联谊诊所",
        "category": "medical",
        "type": "医疗保健服务;诊所;诊所",
        "district": "成华区",
        "weight": 4
      }
    },
    {
      "type": "Feature",
      "geometry": {
        "type": "Point",
        "coordinates": [
          104.115928,
          30.649161
        ]
      },
      "properties": {
        "name": "华杏大药房(双成三路)",
        "category": "medical",
        "type": "医疗保健服务;医药保健销售店;药房",
        "district": "成华区",
        "weight": 5
      }
    },
    {
      "type": "Feature",
      "geometry": {
        "type": "Point",
        "coordinates": [
          104.121482,
          30.656339
        ]
      },
      "properties": {
        "name": "安康诊所(禾田路)",
        "category": "medical",
        "type": "医疗保健服务;诊所;诊所",
        "district": "成华区",
        "weight": 1
      }
    },
    {
      "type": "Feature",
      "geometry": {
        "type": "Point",
        "coordinates": [
          104.119741,
          30.650779
        ]
      },
      "properties": {
        "name": "成毅康缘大药房(双庆店)",
        "category": "medical",
        "type": "医疗保健服务;医药保健销售店;药房",
        "district": "成华区",
        "weight": 1
      }
    },
    {
      "type": "Feature",
      "geometry": {
        "type": "Point",
        "coordinates": [
          104.128357,
          30.65666
        ]
      },
      "properties": {
        "name": "成都成华友爱诊所",
        "category": "medical",
        "type": "医疗保健服务;诊所;诊所",
        "district": "成华区",
        "weight": 2
      }
    },
    {
      "type": "Feature",
      "geometry": {
        "type": "Point",
        "coordinates": [
          104.13376,
          30.658204
        ]
      },
      "properties": {
        "name": "大利诊所(生育文化大院西北)",
        "category": "medical",
        "type": "医疗保健服务;诊所;诊所",
        "district": "成华区",
        "weight": 2
      }
    },
    {
      "type": "Feature",
      "geometry": {
        "type": "Point",
        "coordinates": [
          104.140161,
          30.655979
        ]
      },
      "properties": {
        "name": "百姓药业",
        "category": "medical",
        "type": "医疗保健服务;医药保健销售店;药房",
        "district": "成华区",
        "weight": 17
      }
    },
    {
      "type": "Feature",
      "geometry": {
        "type": "Point",
        "coordinates": [
          104.138728,
          30.651911
        ]
      },
      "properties": {
        "name": "成华顺诚诊所",
        "category": "medical",
        "type": "医疗保健服务;诊所;诊所",
        "district": "成华区",
        "weight": 5
      }
    },
    {
      "type": "Feature",
      "geometry": {
        "type": "Point",
        "coordinates": [
          104.142669,
          30.652168
        ]
      },
      "properties": {
        "name": "双林中西医诊所",
        "category": "medical",
        "type": "医疗保健服务;诊所;诊所",
        "district": "成华区",
        "weight": 3
      }
    },
    {
      "type": "Feature",
      "geometry": {
        "type": "Point",
        "coordinates": [
          104.14663,
          30.65779
        ]
      },
      "properties": {
        "name": "中药馆",
        "category": "medical",
        "type": "医疗保健服务;医药保健销售店;药房",
        "district": "成华区",
        "weight": 12
      }
    },
    {
      "type": "Feature",
      "geometry": {
        "type": "Point",
        "coordinates": [
          104.153363,
          30.652745
        ]
      },
      "properties": {
        "name": "四川贝尔康大药房(禾稼大药房)",
        "category": "medical",
        "type": "医疗保健服务;医药保健销售店;药房",
        "district": "成华区",
        "weight": 1
      }
    },
    {
      "type": "Feature",
      "geometry": {
        "type": "Point",
        "coordinates": [
          103.972319,
          30.642263
        ]
      },
      "properties": {
        "name": "武侯区福满堂药房",
        "category": "medical",
        "type": "医疗保健服务;医药保健销售店;药房",
        "district": "武侯区",
        "weight": 3
      }
    },
    {
      "type": "Feature",
      "geometry": {
        "type": "Point",
        "coordinates": [
          103.971656,
          30.647216
        ]
      },
      "properties": {
        "name": "康友诊所",
        "category": "medical",
        "type": "医疗保健服务;诊所;诊所",
        "district": "武侯区",
        "weight": 7
      }
    },
    {
      "type": "Feature",
      "geometry": {
        "type": "Point",
        "coordinates": [
          103.965002,
          30.647228
        ]
      },
      "properties": {
        "name": "白佛社区家庭医生工作室",
        "category": "medical",
        "type": "医疗保健服务;诊所;诊所",
        "district": "武侯区",
        "weight": 1
      }
    },
    {
      "type": "Feature",
      "geometry": {
        "type": "Point",
        "coordinates": [
          103.964867,
          30.643799
        ]
      },
      "properties": {
        "name": "本草堂药品(机投店)",
        "category": "medical",
        "type": "医疗保健服务;医药保健销售店;药房",
        "district": "武侯区",
        "weight": 1
      }
    },
    {
      "type": "Feature",
      "geometry": {
        "type": "Point",
        "coordinates": [
          103.975345,
          30.6397
        ]
      },
      "properties": {
        "name": "武新社区卫生服务站",
        "category": "medical",
        "type": "医疗保健服务;综合医院;卫生院",
        "district": "武侯区",
        "weight": 1
      }
    },
    {
      "type": "Feature",
      "geometry": {
        "type": "Point",
        "coordinates": [
          103.982416,
          30.64277
        ]
      },
      "properties": {
        "name": "淑蓉诊所",
        "category": "medical",
        "type": "医疗保健服务;诊所;诊所",
        "district": "武侯区",
        "weight": 36
      }
    },
    {
      "type": "Feature",
      "geometry": {
        "type": "Point",
        "coordinates": [
          103.976458,
          30.643104
        ]
      },
      "properties": {
        "name": "武侯乾坤诊所",
        "category": "medical",
        "type": "医疗保健服务;诊所;诊所",
        "district": "武侯区",
        "weight": 2
      }
    },
    {
      "type": "Feature",
      "geometry": {
        "type": "Point",
        "coordinates": [
          103.977062,
          30.645571
        ]
      },
      "properties": {
        "name": "玉林春红诊所",
        "category": "medical",
        "type": "医疗保健服务;诊所;诊所",
        "district": "武侯区",
        "weight": 1
      }
    },
    {
      "type": "Feature",
      "geometry": {
        "type": "Point",
        "coordinates": [
          103.975516,
          30.644922
        ]
      },
      "properties": {
        "name": "武侯刘建平诊所",
        "category": "medical",
        "type": "医疗保健服务;诊所;诊所",
        "district": "武侯区",
        "weight": 2
      }
    },
    {
      "type": "Feature",
      "geometry": {
        "type": "Point",
        "coordinates": [
          103.978636,
          30.645932
        ]
      },
      "properties": {
        "name": "立创健康大药房(武青东一路店)",
        "category": "medical",
        "type": "医疗保健服务;医药保健销售店;药房",
        "district": "武侯区",
        "weight": 1
      }
    },
    {
      "type": "Feature",
      "geometry": {
        "type": "Point",
        "coordinates": [
          103.991555,
          30.64431
        ]
      },
      "properties": {
        "name": "永如诊所",
        "category": "medical",
        "type": "医疗保健服务;诊所;诊所",
        "district": "武侯区",
        "weight": 6
      }
    },
    {
      "type": "Feature",
      "geometry": {
        "type": "Point",
        "coordinates": [
          103.990202,
          30.646632
        ]
      },
      "properties": {
        "name": "元凯诊所",
        "category": "medical",
        "type": "医疗保健服务;诊所;诊所",
        "district": "武侯区",
        "weight": 7
      }
    },
    {
      "type": "Feature",
      "geometry": {
        "type": "Point",
        "coordinates": [
          103.99423,
          30.641103
        ]
      },
      "properties": {
        "name": "口腔科",
        "category": "medical",
        "type": "医疗保健服务;专科医院;口腔医院",
        "district": "武侯区",
        "weight": 15
      }
    },
    {
      "type": "Feature",
      "geometry": {
        "type": "Point",
        "coordinates": [
          103.987799,
          30.643022
        ]
      },
      "properties": {
        "name": "同福堂药房(武青东四路)",
        "category": "medical",
        "type": "医疗保健服务;医药保健销售店;药房",
        "district": "武侯区",
        "weight": 1
      }
    },
    {
      "type": "Feature",
      "geometry": {
        "type": "Point",
        "coordinates": [
          104.001228,
          30.642931
        ]
      },
      "properties": {
        "name": "家春诊所",
        "category": "medical",
        "type": "医疗保健服务;诊所;诊所",
        "district": "武侯区",
        "weight": 7
      }
    },
    {
      "type": "Feature",
      "geometry": {
        "type": "Point",
        "coordinates": [
          103.998504,
          30.645831
        ]
      },
      "properties": {
        "name": "曹真元诊所",
        "category": "medical",
        "type": "医疗保健服务;诊所;诊所",
        "district": "武侯区",
        "weight": 1
      }
    },
    {
      "type": "Feature",
      "geometry": {
        "type": "Point",
        "coordinates": [
          104.00128,
          30.647096
        ]
      },
      "properties": {
        "name": "尹杨诊所",
        "category": "medical",
        "type": "医疗保健服务;诊所;诊所",
        "district": "武侯区",
        "weight": 4
      }
    },
    {
      "type": "Feature",
      "geometry": {
        "type": "Point",
        "coordinates": [
          104.014767,
          30.646205
        ]
      },
      "properties": {
        "name": "济盛堂",
        "category": "medical",
        "type": "医疗保健服务;诊所;诊所",
        "district": "武侯区",
        "weight": 17
      }
    },
    {
      "type": "Feature",
      "geometry": {
        "type": "Point",
        "coordinates": [
          104.013687,
          30.640507
        ]
      },
      "properties": {
        "name": "食疗",
        "category": "medical",
        "type": "医疗保健服务;医药保健销售店;医药保健相关",
        "district": "武侯区",
        "weight": 45
      }
    },
    {
      "type": "Feature",
      "geometry": {
        "type": "Point",
        "coordinates": [
          104.005773,
          30.640495
        ]
      },
      "properties": {
        "name": "景华堂大药房",
        "category": "medical",
        "type": "医疗保健服务;医药保健销售店;药房",
        "district": "武侯区",
        "weight": 6
      }
    },
    {
      "type": "Feature",
      "geometry": {
        "type": "Point",
        "coordinates": [
          104.01093,
          30.648031
        ]
      },
      "properties": {
        "name": "DR口腔定制",
        "category": "medical",
        "type": "医疗保健服务;诊所;诊所",
        "district": "武侯区",
        "weight": 1
      }
    },
    {
      "type": "Feature",
      "geometry": {
        "type": "Point",
        "coordinates": [
          104.011402,
          30.644369
        ]
      },
      "properties": {
        "name": "科创大药房(武侯康栖店)",
        "category": "medical",
        "type": "医疗保健服务;医药保健销售店;药房",
        "district": "武侯区",
        "weight": 1
      }
    },
    {
      "type": "Feature",
      "geometry": {
        "type": "Point",
        "coordinates": [
          104.009501,
          30.641074
        ]
      },
      "properties": {
        "name": "九寿堂大药房",
        "category": "medical",
        "type": "医疗保健服务;医药保健销售店;药房",
        "district": "武侯区",
        "weight": 1
      }
    },
    {
      "type": "Feature",
      "geometry": {
        "type": "Point",
        "coordinates": [
          104.018452,
          30.642655
        ]
      },
      "properties": {
        "name": "武侯区鸿康诊所",
        "category": "medical",
        "type": "医疗保健服务;诊所;诊所",
        "district": "武侯区",
        "weight": 6
      }
    },
    {
      "type": "Feature",
      "geometry": {
        "type": "Point",
        "coordinates": [
          104.025016,
          30.63964
        ]
      },
      "properties": {
        "name": "中医馆",
        "category": "medical",
        "type": "医疗保健服务;诊所;诊所",
        "district": "武侯区",
        "weight": 79
      }
    },
    {
      "type": "Feature",
      "geometry": {
        "type": "Point",
        "coordinates": [
          104.01618,
          30.649215
        ]
      },
      "properties": {
        "name": "中楠牙科",
        "category": "medical",
        "type": "医疗保健服务;专科医院;口腔医院",
        "district": "武侯区",
        "weight": 1
      }
    },
    {
      "type": "Feature",
      "geometry": {
        "type": "Point",
        "coordinates": [
          104.036391,
          30.636688
        ]
      },
      "properties": {
        "name": "上品口腔",
        "category": "medical",
        "type": "医疗保健服务;专科医院;口腔医院",
        "district": "武侯区",
        "weight": 132
      }
    },
    {
      "type": "Feature",
      "geometry": {
        "type": "Point",
        "coordinates": [
          104.029319,
          30.648353
        ]
      },
      "properties": {
        "name": "佳和口腔(广厦巷)",
        "category": "medical",
        "type": "医疗保健服务;专科医院;口腔医院",
        "district": "武侯区",
        "weight": 2
      }
    },
    {
      "type": "Feature",
      "geometry": {
        "type": "Point",
        "coordinates": [
          104.038772,
          30.648913
        ]
      },
      "properties": {
        "name": "华安堂(体院店)",
        "category": "medical",
        "type": "医疗保健服务;医药保健销售店;药房",
        "district": "武侯区",
        "weight": 4
      }
    },
    {
      "type": "Feature",
      "geometry": {
        "type": "Point",
        "coordinates": [
          104.040472,
          30.642195
        ]
      },
      "properties": {
        "name": "爵丽医疗美容",
        "category": "medical",
        "type": "医疗保健服务;专科医院;整形美容",
        "district": "武侯区",
        "weight": 3
      }
    },
    {
      "type": "Feature",
      "geometry": {
        "type": "Point",
        "coordinates": [
          104.042022,
          30.64604
        ]
      },
      "properties": {
        "name": "永禄诊所",
        "category": "medical",
        "type": "医疗保健服务;诊所;诊所",
        "district": "武侯区",
        "weight": 8
      }
    },
    {
      "type": "Feature",
      "geometry": {
        "type": "Point",
        "coordinates": [
          104.042502,
          30.643447
        ]
      },
      "properties": {
        "name": "晨星诊所",
        "category": "medical",
        "type": "医疗保健服务;诊所;诊所",
        "district": "武侯区",
        "weight": 3
      }
    },
    {
      "type": "Feature",
      "geometry": {
        "type": "Point",
        "coordinates": [
          104.038636,
          30.641544
        ]
      },
      "properties": {
        "name": "福康堂大药房(一环路南四段)",
        "category": "medical",
        "type": "医疗保健服务;医药保健销售店;药房",
        "district": "武侯区",
        "weight": 1
      }
    },
    {
      "type": "Feature",
      "geometry": {
        "type": "Point",
        "coordinates": [
          104.03604,
          30.6419
        ]
      },
      "properties": {
        "name": "贝尔康大药房(高升桥路店)",
        "category": "medical",
        "type": "医疗保健服务;医药保健销售店;药房",
        "district": "武侯区",
        "weight": 1
      }
    },
    {
      "type": "Feature",
      "geometry": {
        "type": "Point",
        "coordinates": [
          104.056334,
          30.641868
        ]
      },
      "properties": {
        "name": "华西名医",
        "category": "medical",
        "type": "医疗保健服务;专科医院;专科医院",
        "district": "武侯区",
        "weight": 167
      }
    },
    {
      "type": "Feature",
      "geometry": {
        "type": "Point",
        "coordinates": [
          104.047852,
          30.647044
        ]
      },
      "properties": {
        "name": "同善堂国医馆",
        "category": "medical",
        "type": "医疗保健服务;诊所;诊所",
        "district": "武侯区",
        "weight": 3
      }
    },
    {
      "type": "Feature",
      "geometry": {
        "type": "Point",
        "coordinates": [
          104.048569,
          30.644523
        ]
      },
      "properties": {
        "name": "光清诊所",
        "category": "medical",
        "type": "医疗保健服务;诊所;诊所",
        "district": "武侯区",
        "weight": 36
      }
    },
    {
      "type": "Feature",
      "geometry": {
        "type": "Point",
        "coordinates": [
          104.051542,
          30.648541
        ]
      },
      "properties": {
        "name": "堂正诊所",
        "category": "medical",
        "type": "医疗保健服务;诊所;诊所",
        "district": "武侯区",
        "weight": 6
      }
    },
    {
      "type": "Feature",
      "geometry": {
        "type": "Point",
        "coordinates": [
          104.04429,
          30.641109
        ]
      },
      "properties": {
        "name": "西南民族大学校医院",
        "category": "medical",
        "type": "医疗保健服务;综合医院;综合医院",
        "district": "武侯区",
        "weight": 3
      }
    },
    {
      "type": "Feature",
      "geometry": {
        "type": "Point",
        "coordinates": [
          104.044814,
          30.645408
        ]
      },
      "properties": {
        "name": "郭念华牙科",
        "category": "medical",
        "type": "医疗保健服务;专科医院;口腔医院",
        "district": "武侯区",
        "weight": 1
      }
    },
    {
      "type": "Feature",
      "geometry": {
        "type": "Point",
        "coordinates": [
          104.050681,
          30.642276
        ]
      },
      "properties": {
        "name": "藏医诊所(洗面桥巷)",
        "category": "medical",
        "type": "医疗保健服务;诊所;诊所",
        "district": "武侯区",
        "weight": 3
      }
    },
    {
      "type": "Feature",
      "geometry": {
        "type": "Point",
        "coordinates": [
          104.063299,
          30.642093
        ]
      },
      "properties": {
        "name": "同庆医药科技",
        "category": "medical",
        "type": "医疗保健服务;医药保健销售店;药房",
        "district": "武侯区",
        "weight": 55
      }
    },
    {
      "type": "Feature",
      "geometry": {
        "type": "Point",
        "coordinates": [
          104.063138,
          30.645179
        ]
      },
      "properties": {
        "name": "华西牙种植医院",
        "category": "medical",
        "type": "医疗保健服务;专科医院;口腔医院",
        "district": "武侯区",
        "weight": 46
      }
    },
    {
      "type": "Feature",
      "geometry": {
        "type": "Point",
        "coordinates": [
          104.061404,
          30.643731
        ]
      },
      "properties": {
        "name": "四川大学华西校区公共卫生学院(华西第四医院)健康管理中心",
        "category": "medical",
        "type": "医疗保健服务;综合医院;综合医院",
        "district": "武侯区",
        "weight": 2
      }
    },
    {
      "type": "Feature",
      "geometry": {
        "type": "Point",
        "coordinates": [
          104.06123,
          30.640252
        ]
      },
      "properties": {
        "name": "积熙诊所",
        "category": "medical",
        "type": "医疗保健服务;诊所;诊所",
        "district": "武侯区",
        "weight": 1
      }
    },
    {
      "type": "Feature",
      "geometry": {
        "type": "Point",
        "coordinates": [
          104.068357,
          30.639812
        ]
      },
      "properties": {
        "name": "常春藤大药房",
        "category": "medical",
        "type": "医疗保健服务;医药保健销售店;药房",
        "district": "武侯区",
        "weight": 10
      }
    },
    {
      "type": "Feature",
      "geometry": {
        "type": "Point",
        "coordinates": [
          104.070682,
          30.649051
        ]
      },
      "properties": {
        "name": "科健唯美眼科医院",
        "category": "medical",
        "type": "医疗保健服务;专科医院;眼科医院",
        "district": "锦江区",
        "weight": 14
      }
    },
    {
      "type": "Feature",
      "geometry": {
        "type": "Point",
        "coordinates": [
          104.07366,
          30.642056
        ]
      },
      "properties": {
        "name": "成都空军机关医院",
        "category": "medical",
        "type": "医疗保健服务;综合医院;综合医院",
        "district": "武侯区",
        "weight": 67
      }
    },
    {
      "type": "Feature",
      "geometry": {
        "type": "Point",
        "coordinates": [
          104.071654,
          30.645359
        ]
      },
      "properties": {
        "name": "传贤诊所",
        "category": "medical",
        "type": "医疗保健服务;诊所;诊所",
        "district": "武侯区",
        "weight": 16
      }
    },
    {
      "type": "Feature",
      "geometry": {
        "type": "Point",
        "coordinates": [
          104.070845,
          30.643178
        ]
      },
      "properties": {
        "name": "宝康诊所(胜利佳苑西)",
        "category": "medical",
        "type": "医疗保健服务;诊所;诊所",
        "district": "武侯区",
        "weight": 1
      }
    },
    {
      "type": "Feature",
      "geometry": {
        "type": "Point",
        "coordinates": [
          104.065223,
          30.645357
        ]
      },
      "properties": {
        "name": "德仁堂(小天竺药店)",
        "category": "medical",
        "type": "医疗保健服务;医药保健销售店;药房",
        "district": "武侯区",
        "weight": 1
      }
    },
    {
      "type": "Feature",
      "geometry": {
        "type": "Point",
        "coordinates": [
          104.077651,
          30.644288
        ]
      },
      "properties": {
        "name": "丽锦口腔",
        "category": "medical",
        "type": "医疗保健服务;专科医院;口腔医院|医疗保健服务;诊所;诊所",
        "district": "武侯区",
        "weight": 128
      }
    },
    {
      "type": "Feature",
      "geometry": {
        "type": "Point",
        "coordinates": [
          104.083313,
          30.640996
        ]
      },
      "properties": {
        "name": "成都大药房(九眼桥店)",
        "category": "medical",
        "type": "医疗保健服务;医药保健销售店;药房",
        "district": "武侯区",
        "weight": 2
      }
    },
    {
      "type": "Feature",
      "geometry": {
        "type": "Point",
        "coordinates": [
          104.081213,
          30.643522
        ]
      },
      "properties": {
        "name": "吉芳口腔",
        "category": "medical",
        "type": "医疗保健服务;专科医院;口腔医院",
        "district": "武侯区",
        "weight": 4
      }
    },
    {
      "type": "Feature",
      "geometry": {
        "type": "Point",
        "coordinates": [
          104.078375,
          30.647168
        ]
      },
      "properties": {
        "name": "思迈口腔(青莲上街)",
        "category": "medical",
        "type": "医疗保健服务;专科医院;口腔医院",
        "district": "锦江区",
        "weight": 1
      }
    },
    {
      "type": "Feature",
      "geometry": {
        "type": "Point",
        "coordinates": [
          104.077189,
          30.640866
        ]
      },
      "properties": {
        "name": "四川音乐学院校本部校医院",
        "category": "medical",
        "type": "医疗保健服务;诊所;诊所",
        "district": "武侯区",
        "weight": 1
      }
    },
    {
      "type": "Feature",
      "geometry": {
        "type": "Point",
        "coordinates": [
          104.080737,
          30.641903
        ]
      },
      "properties": {
        "name": "君悦药房",
        "category": "medical",
        "type": "医疗保健服务;医药保健销售店;药房",
        "district": "武侯区",
        "weight": 1
      }
    },
    {
      "type": "Feature",
      "geometry": {
        "type": "Point",
        "coordinates": [
          104.0841,
          30.642436
        ]
      },
      "properties": {
        "name": "许伯琴中医诊所",
        "category": "medical",
        "type": "医疗保健服务;诊所;诊所",
        "district": "武侯区",
        "weight": 4
      }
    },
    {
      "type": "Feature",
      "geometry": {
        "type": "Point",
        "coordinates": [
          104.086765,
          30.644384
        ]
      },
      "properties": {
        "name": "水井坊社区卫生服务中心",
        "category": "medical",
        "type": "医疗保健服务;综合医院;卫生院",
        "district": "锦江区",
        "weight": 4
      }
    },
    {
      "type": "Feature",
      "geometry": {
        "type": "Point",
        "coordinates": [
          104.092936,
          30.640566
        ]
      },
      "properties": {
        "name": "涛美医学",
        "category": "medical",
        "type": "医疗保健服务;专科医院;整形美容",
        "district": "锦江区",
        "weight": 28
      }
    },
    {
      "type": "Feature",
      "geometry": {
        "type": "Point",
        "coordinates": [
          104.084136,
          30.64761
        ]
      },
      "properties": {
        "name": "水井药房",
        "category": "medical",
        "type": "医疗保健服务;医药保健销售店;药房",
        "district": "锦江区",
        "weight": 2
      }
    },
    {
      "type": "Feature",
      "geometry": {
        "type": "Point",
        "coordinates": [
          104.092508,
          30.645061
        ]
      },
      "properties": {
        "name": "拜尔口腔",
        "category": "medical",
        "type": "医疗保健服务;专科医院;口腔医院|医疗保健服务;诊所;诊所",
        "district": "锦江区",
        "weight": 12
      }
    },
    {
      "type": "Feature",
      "geometry": {
        "type": "Point",
        "coordinates": [
          104.086246,
          30.648221
        ]
      },
      "properties": {
        "name": "锦江紫东诊所",
        "category": "medical",
        "type": "医疗保健服务;诊所;诊所",
        "district": "锦江区",
        "weight": 1
      }
    },
    {
      "type": "Feature",
      "geometry": {
        "type": "Point",
        "coordinates": [
          104.086206,
          30.646168
        ]
      },
      "properties": {
        "name": "慧华鑫中医馆",
        "category": "medical",
        "type": "医疗保健服务;诊所;诊所",
        "district": "锦江区",
        "weight": 1
      }
    },
    {
      "type": "Feature",
      "geometry": {
        "type": "Point",
        "coordinates": [
          104.098691,
          30.640703
        ]
      },
      "properties": {
        "name": "中医馆",
        "category": "medical",
        "type": "医疗保健服务;诊所;诊所",
        "district": "锦江区",
        "weight": 19
      }
    },
    {
      "type": "Feature",
      "geometry": {
        "type": "Point",
        "coordinates": [
          104.096321,
          30.647085
        ]
      },
      "properties": {
        "name": "成都权健医院",
        "category": "medical",
        "type": "医疗保健服务;专科医院;肿瘤医院",
        "district": "锦江区",
        "weight": 4
      }
    },
    {
      "type": "Feature",
      "geometry": {
        "type": "Point",
        "coordinates": [
          104.102023,
          30.643465
        ]
      },
      "properties": {
        "name": "锦江乾圆诊所",
        "category": "medical",
        "type": "医疗保健服务;诊所;诊所",
        "district": "锦江区",
        "weight": 3
      }
    },
    {
      "type": "Feature",
      "geometry": {
        "type": "Point",
        "coordinates": [
          104.100029,
          30.645702
        ]
      },
      "properties": {
        "name": "成功诊所(大田坎街)",
        "category": "medical",
        "type": "医疗保健服务;诊所;诊所",
        "district": "锦江区",
        "weight": 2
      }
    },
    {
      "type": "Feature",
      "geometry": {
        "type": "Point",
        "coordinates": [
          104.097974,
          30.642388
        ]
      },
      "properties": {
        "name": "锦江御皇堂诊所",
        "category": "medical",
        "type": "医疗保健服务;诊所;诊所",
        "district": "锦江区",
        "weight": 1
      }
    },
    {
      "type": "Feature",
      "geometry": {
        "type": "Point",
        "coordinates": [
          104.104057,
          30.647926
        ]
      },
      "properties": {
        "name": "同仁康药堂",
        "category": "medical",
        "type": "医疗保健服务;医药保健销售店;药房",
        "district": "成华区",
        "weight": 12
      }
    },
    {
      "type": "Feature",
      "geometry": {
        "type": "Point",
        "coordinates": [
          104.107824,
          30.648751
        ]
      },
      "properties": {
        "name": "会东诊所",
        "category": "medical",
        "type": "医疗保健服务;诊所;诊所",
        "district": "成华区",
        "weight": 2
      }
    },
    {
      "type": "Feature",
      "geometry": {
        "type": "Point",
        "coordinates": [
          104.105287,
          30.64379
        ]
      },
      "properties": {
        "name": "肖小儿国医馆",
        "category": "medical",
        "type": "医疗保健服务;诊所;诊所|医疗保健服务;综合医院;综合医院",
        "district": "锦江区",
        "weight": 2
      }
    },
    {
      "type": "Feature",
      "geometry": {
        "type": "Point",
        "coordinates": [
          104.103922,
          30.640429
        ]
      },
      "properties": {
        "name": "保康门诊",
        "category": "medical",
        "type": "医疗保健服务;诊所;诊所",
        "district": "锦江区",
        "weight": 1
      }
    },
    {
      "type": "Feature",
      "geometry": {
        "type": "Point",
        "coordinates": [
          104.115005,
          30.645648
        ]
      },
      "properties": {
        "name": "桑梓药号",
        "category": "medical",
        "type": "医疗保健服务;医药保健销售店;药房",
        "district": "成华区",
        "weight": 8
      }
    },
    {
      "type": "Feature",
      "geometry": {
        "type": "Point",
        "coordinates": [
          104.106884,
          30.646361
        ]
      },
      "properties": {
        "name": "成都市成华区社区药物维持治疗门诊",
        "category": "medical",
        "type": "医疗保健服务;诊所;诊所",
        "district": "成华区",
        "weight": 1
      }
    },
    {
      "type": "Feature",
      "geometry": {
        "type": "Point",
        "coordinates": [
          104.121363,
          30.645457
        ]
      },
      "properties": {
        "name": "成华华联中西医诊所",
        "category": "medical",
        "type": "医疗保健服务;诊所;诊所",
        "district": "成华区",
        "weight": 5
      }
    },
    {
      "type": "Feature",
      "geometry": {
        "type": "Point",
        "coordinates": [
          104.123424,
          30.649169
        ]
      },
      "properties": {
        "name": "四川贝尔康大药房(仁心堂大药房)",
        "category": "medical",
        "type": "医疗保健服务;医药保健销售店;药房",
        "district": "成华区",
        "weight": 1
      }
    },
    {
      "type": "Feature",
      "geometry": {
        "type": "Point",
        "coordinates": [
          104.121999,
          30.647608
        ]
      },
      "properties": {
        "name": "天年中医诊所",
        "category": "medical",
        "type": "医疗保健服务;诊所;诊所",
        "district": "成华区",
        "weight": 3
      }
    },
    {
      "type": "Feature",
      "geometry": {
        "type": "Point",
        "coordinates": [
          104.127352,
          30.647429
        ]
      },
      "properties": {
        "name": "成华东林瑞阳诊所",
        "category": "medical",
        "type": "医疗保健服务;诊所;诊所",
        "district": "成华区",
        "weight": 1
      }
    },
    {
      "type": "Feature",
      "geometry": {
        "type": "Point",
        "coordinates": [
          104.1273,
          30.640797
        ]
      },
      "properties": {
        "name": "瑞康大药房",
        "category": "medical",
        "type": "医疗保健服务;医药保健销售店;药房",
        "district": "成华区",
        "weight": 2
      }
    },
    {
      "type": "Feature",
      "geometry": {
        "type": "Point",
        "coordinates": [
          104.137738,
          30.644441
        ]
      },
      "properties": {
        "name": "成华长康诊所",
        "category": "medical",
        "type": "医疗保健服务;诊所;诊所",
        "district": "成华区",
        "weight": 7
      }
    },
    {
      "type": "Feature",
      "geometry": {
        "type": "Point",
        "coordinates": [
          104.13784,
          30.647866
        ]
      },
      "properties": {
        "name": "成华胡氏中医诊所",
        "category": "medical",
        "type": "医疗保健服务;诊所;诊所",
        "district": "成华区",
        "weight": 3
      }
    },
    {
      "type": "Feature",
      "geometry": {
        "type": "Point",
        "coordinates": [
          104.141391,
          30.641067
        ]
      },
      "properties": {
        "name": "御惠堂大药房",
        "category": "medical",
        "type": "医疗保健服务;医药保健销售店;药房",
        "district": "成华区",
        "weight": 1
      }
    },
    {
      "type": "Feature",
      "geometry": {
        "type": "Point",
        "coordinates": [
          104.140543,
          30.645263
        ]
      },
      "properties": {
        "name": "无极限(建材路)",
        "category": "medical",
        "type": "医疗保健服务;医药保健销售店;医药保健相关",
        "district": "成华区",
        "weight": 2
      }
    },
    {
      "type": "Feature",
      "geometry": {
        "type": "Point",
        "coordinates": [
          104.150987,
          30.646071
        ]
      },
      "properties": {
        "name": "成华人天诊所",
        "category": "medical",
        "type": "医疗保健服务;诊所;诊所",
        "district": "成华区",
        "weight": 10
      }
    },
    {
      "type": "Feature",
      "geometry": {
        "type": "Point",
        "coordinates": [
          104.144801,
          30.64167
        ]
      },
      "properties": {
        "name": "成都市成华区第六人民医院",
        "category": "medical",
        "type": "医疗保健服务;综合医院;综合医院",
        "district": "成华区",
        "weight": 1
      }
    },
    {
      "type": "Feature",
      "geometry": {
        "type": "Point",
        "coordinates": [
          104.1487,
          30.640419
        ]
      },
      "properties": {
        "name": "口腔科",
        "category": "medical",
        "type": "医疗保健服务;专科医院;口腔医院",
        "district": "成华区",
        "weight": 2
      }
    },
    {
      "type": "Feature",
      "geometry": {
        "type": "Point",
        "coordinates": [
          104.149599,
          30.641891
        ]
      },
      "properties": {
        "name": "华荣诊所(东虹路)",
        "category": "medical",
        "type": "医疗保健服务;诊所;诊所",
        "district": "成华区",
        "weight": 1
      }
    },
    {
      "type": "Feature",
      "geometry": {
        "type": "Point",
        "coordinates": [
          104.158541,
          30.639711
        ]
      },
      "properties": {
        "name": "斑竹社区卫生服务站",
        "category": "medical",
        "type": "医疗保健服务;综合医院;卫生院",
        "district": "成华区",
        "weight": 1
      }
    },
    {
      "type": "Feature",
      "geometry": {
        "type": "Point",
        "coordinates": [
          104.154039,
          30.640865
        ]
      },
      "properties": {
        "name": "和瑞大药房(天鹅路)",
        "category": "medical",
        "type": "医疗保健服务;医药保健销售店;药房",
        "district": "成华区",
        "weight": 3
      }
    },
    {
      "type": "Feature",
      "geometry": {
        "type": "Point",
        "coordinates": [
          103.965004,
          30.631435
        ]
      },
      "properties": {
        "name": "康福堂药房(金兴北路)",
        "category": "medical",
        "type": "医疗保健服务;医药保健销售店;药房",
        "district": "武侯区",
        "weight": 4
      }
    },
    {
      "type": "Feature",
      "geometry": {
        "type": "Point",
        "coordinates": [
          103.983521,
          30.630224
        ]
      },
      "properties": {
        "name": "武侯左凯诊所",
        "category": "medical",
        "type": "医疗保健服务;诊所;诊所",
        "district": "武侯区",
        "weight": 6
      }
    },
    {
      "type": "Feature",
      "geometry": {
        "type": "Point",
        "coordinates": [
          103.984517,
          30.637931
        ]
      },
      "properties": {
        "name": "武侯区机投桥潮音社区卫生服务站",
        "category": "medical",
        "type": "医疗保健服务;综合医院;卫生院",
        "district": "武侯区",
        "weight": 1
      }
    },
    {
      "type": "Feature",
      "geometry": {
        "type": "Point",
        "coordinates": [
          103.991802,
          30.634431
        ]
      },
      "properties": {
        "name": "成都现代医院新城院区",
        "category": "medical",
        "type": "医疗保健服务;综合医院;综合医院",
        "district": "武侯区",
        "weight": 1
      }
    },
    {
      "type": "Feature",
      "geometry": {
        "type": "Point",
        "coordinates": [
          103.989202,
          30.63818
        ]
      },
      "properties": {
        "name": "景菱诊所",
        "category": "medical",
        "type": "医疗保健服务;诊所;诊所",
        "district": "武侯区",
        "weight": 2
      }
    },
    {
      "type": "Feature",
      "geometry": {
        "type": "Point",
        "coordinates": [
          103.992116,
          30.632663
        ]
      },
      "properties": {
        "name": "武侯海涛诊所",
        "category": "medical",
        "type": "医疗保健服务;诊所;诊所",
        "district": "武侯区",
        "weight": 2
      }
    },
    {
      "type": "Feature",
      "geometry": {
        "type": "Point",
        "coordinates": [
          103.998599,
          30.635697
        ]
      },
      "properties": {
        "name": "华亿牙科",
        "category": "medical",
        "type": "医疗保健服务;专科医院;口腔医院",
        "district": "武侯区",
        "weight": 12
      }
    },
    {
      "type": "Feature",
      "geometry": {
        "type": "Point",
        "coordinates": [
          104.001758,
          30.636635
        ]
      },
      "properties": {
        "name": "甘路宝力",
        "category": "medical",
        "type": "医疗保健服务;医药保健销售店;医药保健相关",
        "district": "武侯区",
        "weight": 2
      }
    },
    {
      "type": "Feature",
      "geometry": {
        "type": "Point",
        "coordinates": [
          103.999754,
          30.63193
        ]
      },
      "properties": {
        "name": "顺洁诊所",
        "category": "medical",
        "type": "医疗保健服务;诊所;诊所",
        "district": "武侯区",
        "weight": 1
      }
    },
    {
      "type": "Feature",
      "geometry": {
        "type": "Point",
        "coordinates": [
          104.002427,
          30.629747
        ]
      },
      "properties": {
        "name": "武侯区福瑞堂大药房",
        "category": "medical",
        "type": "医疗保健服务;医药保健销售店;药房",
        "district": "武侯区",
        "weight": 1
      }
    },
    {
      "type": "Feature",
      "geometry": {
        "type": "Point",
        "coordinates": [
          104.002662,
          30.632781
        ]
      },
      "properties": {
        "name": "道生一药房",
        "category": "medical",
        "type": "医疗保健服务;医药保健销售店;药房",
        "district": "武侯区",
        "weight": 2
      }
    },
    {
      "type": "Feature",
      "geometry": {
        "type": "Point",
        "coordinates": [
          103.998809,
          30.639276
        ]
      },
      "properties": {
        "name": "永顺堂大药房(金楠·缤纷小区东北)",
        "category": "medical",
        "type": "医疗保健服务;医药保健销售店;药房",
        "district": "武侯区",
        "weight": 1
      }
    },
    {
      "type": "Feature",
      "geometry": {
        "type": "Point",
        "coordinates": [
          103.996732,
          30.63798
        ]
      },
      "properties": {
        "name": "武侯区桐仁康药房",
        "category": "medical",
        "type": "医疗保健服务;医药保健销售店;药房",
        "district": "武侯区",
        "weight": 2
      }
    },
    {
      "type": "Feature",
      "geometry": {
        "type": "Point",
        "coordinates": [
          104.008407,
          30.637648
        ]
      },
      "properties": {
        "name": "杨仲学诊所",
        "category": "medical",
        "type": "医疗保健服务;诊所;诊所",
        "district": "武侯区",
        "weight": 8
      }
    },
    {
      "type": "Feature",
      "geometry": {
        "type": "Point",
        "coordinates": [
          104.012402,
          30.63523
        ]
      },
      "properties": {
        "name": "武侯禄洪诊所",
        "category": "medical",
        "type": "医疗保健服务;诊所;诊所",
        "district": "武侯区",
        "weight": 5
      }
    },
    {
      "type": "Feature",
      "geometry": {
        "type": "Point",
        "coordinates": [
          104.012008,
          30.631291
        ]
      },
      "properties": {
        "name": "一米健康(新界店)",
        "category": "medical",
        "type": "医疗保健服务;医药保健销售店;医药保健相关",
        "district": "武侯区",
        "weight": 1
      }
    },
    {
      "type": "Feature",
      "geometry": {
        "type": "Point",
        "coordinates": [
          104.011883,
          30.632874
        ]
      },
      "properties": {
        "name": "康乐药房",
        "category": "medical",
        "type": "医疗保健服务;医药保健销售店;药房",
        "district": "武侯区",
        "weight": 2
      }
    },
    {
      "type": "Feature",
      "geometry": {
        "type": "Point",
        "coordinates": [
          104.003768,
          30.633913
        ]
      },
      "properties": {
        "name": "怡欣诊所(太平园中六路)",
        "category": "medical",
        "type": "医疗保健服务;诊所;诊所",
        "district": "武侯区",
        "weight": 1
      }
    },
    {
      "type": "Feature",
      "geometry": {
        "type": "Point",
        "coordinates": [
          104.007386,
          30.638827
        ]
      },
      "properties": {
        "name": "杏林大药房(晋吉店)",
        "category": "medical",
        "type": "医疗保健服务;医药保健销售店;药房",
        "district": "武侯区",
        "weight": 1
      }
    },
    {
      "type": "Feature",
      "geometry": {
        "type": "Point",
        "coordinates": [
          104.022485,
          30.636752
        ]
      },
      "properties": {
        "name": "中新药业(康福大药房)",
        "category": "medical",
        "type": "医疗保健服务;医药保健销售店;药房",
        "district": "武侯区",
        "weight": 2
      }
    },
    {
      "type": "Feature",
      "geometry": {
        "type": "Point",
        "coordinates": [
          104.023431,
          30.635416
        ]
      },
      "properties": {
        "name": "永康诊所(红牌楼一街)",
        "category": "medical",
        "type": "医疗保健服务;诊所;诊所",
        "district": "武侯区",
        "weight": 1
      }
    },
    {
      "type": "Feature",
      "geometry": {
        "type": "Point",
        "coordinates": [
          104.016808,
          30.638325
        ]
      },
      "properties": {
        "name": "大华药房(太平盛世店)",
        "category": "medical",
        "type": "医疗保健服务;医药保健销售店;药房",
        "district": "武侯区",
        "weight": 1
      }
    },
    {
      "type": "Feature",
      "geometry": {
        "type": "Point",
        "coordinates": [
          104.0326,
          30.631755
        ]
      },
      "properties": {
        "name": "庐火神扶阳中医馆",
        "category": "medical",
        "type": "医疗保健服务;诊所;诊所",
        "district": "武侯区",
        "weight": 3
      }
    },
    {
      "type": "Feature",
      "geometry": {
        "type": "Point",
        "coordinates": [
          104.025862,
          30.631866
        ]
      },
      "properties": {
        "name": "吕勇诊所",
        "category": "medical",
        "type": "医疗保健服务;诊所;诊所",
        "district": "武侯区",
        "weight": 5
      }
    },
    {
      "type": "Feature",
      "geometry": {
        "type": "Point",
        "coordinates": [
          104.031507,
          30.63626
        ]
      },
      "properties": {
        "name": "瑞丰堂大药房(二环路南四段)",
        "category": "medical",
        "type": "医疗保健服务;医药保健销售店;药房",
        "district": "武侯区",
        "weight": 1
      }
    },
    {
      "type": "Feature",
      "geometry": {
        "type": "Point",
        "coordinates": [
          104.041459,
          30.634902
        ]
      },
      "properties": {
        "name": "联康诊所",
        "category": "medical",
        "type": "医疗保健服务;诊所;诊所",
        "district": "武侯区",
        "weight": 30
      }
    },
    {
      "type": "Feature",
      "geometry": {
        "type": "Point",
        "coordinates": [
          104.040522,
          30.638458
        ]
      },
      "properties": {
        "name": "国医馆",
        "category": "medical",
        "type": "医疗保健服务;诊所;诊所",
        "district": "武侯区",
        "weight": 2
      }
    },
    {
      "type": "Feature",
      "geometry": {
        "type": "Point",
        "coordinates": [
          104.037062,
          30.631327
        ]
      },
      "properties": {
        "name": "成都市武侯区第五人民医院",
        "category": "medical",
        "type": "医疗保健服务;综合医院;综合医院",
        "district": "武侯区",
        "weight": 1
      }
    },
    {
      "type": "Feature",
      "geometry": {
        "type": "Point",
        "coordinates": [
          104.043077,
          30.630184
        ]
      },
      "properties": {
        "name": "吉祥便民诊所",
        "category": "medical",
        "type": "医疗保健服务;诊所;诊所",
        "district": "武侯区",
        "weight": 2
      }
    },
    {
      "type": "Feature",
      "geometry": {
        "type": "Point",
        "coordinates": [
          104.038789,
          30.631475
        ]
      },
      "properties": {
        "name": "成安诊所",
        "category": "medical",
        "type": "医疗保健服务;诊所;诊所",
        "district": "武侯区",
        "weight": 1
      }
    },
    {
      "type": "Feature",
      "geometry": {
        "type": "Point",
        "coordinates": [
          104.04128,
          30.631965
        ]
      },
      "properties": {
        "name": "王氏中西医结合诊所",
        "category": "medical",
        "type": "医疗保健服务;诊所;诊所",
        "district": "武侯区",
        "weight": 2
      }
    },
    {
      "type": "Feature",
      "geometry": {
        "type": "Point",
        "coordinates": [
          104.040146,
          30.629982
        ]
      },
      "properties": {
        "name": "本草堂爱康大药房(肖家河街店)",
        "category": "medical",
        "type": "医疗保健服务;医药保健销售店;药房",
        "district": "武侯区",
        "weight": 2
      }
    },
    {
      "type": "Feature",
      "geometry": {
        "type": "Point",
        "coordinates": [
          104.050267,
          30.63169
        ]
      },
      "properties": {
        "name": "玉林牙科",
        "category": "medical",
        "type": "医疗保健服务;诊所;诊所",
        "district": "武侯区",
        "weight": 7
      }
    },
    {
      "type": "Feature",
      "geometry": {
        "type": "Point",
        "coordinates": [
          104.047043,
          30.632491
        ]
      },
      "properties": {
        "name": "高新增川诊所",
        "category": "medical",
        "type": "医疗保健服务;诊所;诊所",
        "district": "武侯区",
        "weight": 6
      }
    },
    {
      "type": "Feature",
      "geometry": {
        "type": "Point",
        "coordinates": [
          104.05197,
          30.629829
        ]
      },
      "properties": {
        "name": "高新华南医院",
        "category": "medical",
        "type": "医疗保健服务;综合医院;综合医院",
        "district": "武侯区",
        "weight": 4
      }
    },
    {
      "type": "Feature",
      "geometry": {
        "type": "Point",
        "coordinates": [
          104.045606,
          30.638728
        ]
      },
      "properties": {
        "name": "海天药房(衣冠庙店)",
        "category": "medical",
        "type": "医疗保健服务;医药保健销售店;药房",
        "district": "武侯区",
        "weight": 2
      }
    },
    {
      "type": "Feature",
      "geometry": {
        "type": "Point",
        "coordinates": [
          104.055573,
          30.631285
        ]
      },
      "properties": {
        "name": "梵林伽",
        "category": "medical",
        "type": "医疗保健服务;医药保健销售店;药房",
        "district": "武侯区",
        "weight": 7
      }
    },
    {
      "type": "Feature",
      "geometry": {
        "type": "Point",
        "coordinates": [
          104.048593,
          30.629128
        ]
      },
      "properties": {
        "name": "口腔种植",
        "category": "medical",
        "type": "医疗保健服务;专科医院;口腔医院",
        "district": "武侯区",
        "weight": 6
      }
    },
    {
      "type": "Feature",
      "geometry": {
        "type": "Point",
        "coordinates": [
          104.051979,
          30.634392
        ]
      },
      "properties": {
        "name": "益康诊所(新能巷)",
        "category": "medical",
        "type": "医疗保健服务;诊所;诊所",
        "district": "武侯区",
        "weight": 3
      }
    },
    {
      "type": "Feature",
      "geometry": {
        "type": "Point",
        "coordinates": [
          104.063054,
          30.629644
        ]
      },
      "properties": {
        "name": "成都市南桥中药店",
        "category": "medical",
        "type": "医疗保健服务;医药保健销售店;药房",
        "district": "武侯区",
        "weight": 1
      }
    },
    {
      "type": "Feature",
      "geometry": {
        "type": "Point",
        "coordinates": [
          104.058932,
          30.632082
        ]
      },
      "properties": {
        "name": "武侯刘丕成",
        "category": "medical",
        "type": "医疗保健服务;诊所;诊所",
        "district": "武侯区",
        "weight": 1
      }
    },
    {
      "type": "Feature",
      "geometry": {
        "type": "Point",
        "coordinates": [
          104.061708,
          30.637462
        ]
      },
      "properties": {
        "name": "武侯罗兰诊所",
        "category": "medical",
        "type": "医疗保健服务;诊所;诊所",
        "district": "武侯区",
        "weight": 1
      }
    },
    {
      "type": "Feature",
      "geometry": {
        "type": "Point",
        "coordinates": [
          104.061176,
          30.629967
        ]
      },
      "properties": {
        "name": "瑞康大药房",
        "category": "medical",
        "type": "医疗保健服务;医药保健销售店;药房",
        "district": "武侯区",
        "weight": 6
      }
    },
    {
      "type": "Feature",
      "geometry": {
        "type": "Point",
        "coordinates": [
          104.059679,
          30.630814
        ]
      },
      "properties": {
        "name": "武侯国海兰天诊所",
        "category": "medical",
        "type": "医疗保健服务;诊所;诊所",
        "district": "武侯区",
        "weight": 1
      }
    },
    {
      "type": "Feature",
      "geometry": {
        "type": "Point",
        "coordinates": [
          104.073427,
          30.63418
        ]
      },
      "properties": {
        "name": "成都东大肛肠医院",
        "category": "medical",
        "type": "医疗保健服务;专科医院;专科医院",
        "district": "武侯区",
        "weight": 5
      }
    },
    {
      "type": "Feature",
      "geometry": {
        "type": "Point",
        "coordinates": [
          104.064902,
          30.635982
        ]
      },
      "properties": {
        "name": "苹果医院",
        "category": "medical",
        "type": "医疗保健服务;综合医院;综合医院",
        "district": "武侯区",
        "weight": 4
      }
    },
    {
      "type": "Feature",
      "geometry": {
        "type": "Point",
        "coordinates": [
          104.066895,
          30.631569
        ]
      },
      "properties": {
        "name": "成科路家庭医生工作室",
        "category": "medical",
        "type": "医疗保健服务;诊所;诊所",
        "district": "武侯区",
        "weight": 1
      }
    },
    {
      "type": "Feature",
      "geometry": {
        "type": "Point",
        "coordinates": [
          104.068138,
          30.637949
        ]
      },
      "properties": {
        "name": "四川国防医院",
        "category": "medical",
        "type": "医疗保健服务;综合医院;综合医院",
        "district": "武侯区",
        "weight": 1
      }
    },
    {
      "type": "Feature",
      "geometry": {
        "type": "Point",
        "coordinates": [
          104.068981,
          30.636347
        ]
      },
      "properties": {
        "name": "科学园医院",
        "category": "medical",
        "type": "医疗保健服务;综合医院;综合医院",
        "district": "武侯区",
        "weight": 15
      }
    },
    {
      "type": "Feature",
      "geometry": {
        "type": "Point",
        "coordinates": [
          104.070934,
          30.635831
        ]
      },
      "properties": {
        "name": "友谊大药房(科分院店)",
        "category": "medical",
        "type": "医疗保健服务;医药保健销售店;药房",
        "district": "武侯区",
        "weight": 2
      }
    },
    {
      "type": "Feature",
      "geometry": {
        "type": "Point",
        "coordinates": [
          104.064803,
          30.631412
        ]
      },
      "properties": {
        "name": "艾珂口腔",
        "category": "medical",
        "type": "医疗保健服务;专科医院;口腔医院",
        "district": "武侯区",
        "weight": 1
      }
    },
    {
      "type": "Feature",
      "geometry": {
        "type": "Point",
        "coordinates": [
          104.072596,
          30.630568
        ]
      },
      "properties": {
        "name": "治江诊所",
        "category": "medical",
        "type": "医疗保健服务;诊所;诊所",
        "district": "武侯区",
        "weight": 1
      }
    },
    {
      "type": "Feature",
      "geometry": {
        "type": "Point",
        "coordinates": [
          104.069421,
          30.628301
        ]
      },
      "properties": {
        "name": "九星药房",
        "category": "medical",
        "type": "医疗保健服务;医药保健销售店;药房",
        "district": "武侯区",
        "weight": 12
      }
    },
    {
      "type": "Feature",
      "geometry": {
        "type": "Point",
        "coordinates": [
          104.078378,
          30.638409
        ]
      },
      "properties": {
        "name": "军康门诊部",
        "category": "medical",
        "type": "医疗保健服务;诊所;诊所",
        "district": "武侯区",
        "weight": 9
      }
    },
    {
      "type": "Feature",
      "geometry": {
        "type": "Point",
        "coordinates": [
          104.081204,
          30.634202
        ]
      },
      "properties": {
        "name": "望江医院",
        "category": "medical",
        "type": "医疗保健服务;综合医院;综合医院",
        "district": "武侯区",
        "weight": 2
      }
    },
    {
      "type": "Feature",
      "geometry": {
        "type": "Point",
        "coordinates": [
          104.082055,
          30.636699
        ]
      },
      "properties": {
        "name": "继红诊所",
        "category": "medical",
        "type": "医疗保健服务;诊所;诊所",
        "district": "武侯区",
        "weight": 2
      }
    },
    {
      "type": "Feature",
      "geometry": {
        "type": "Point",
        "coordinates": [
          104.092835,
          30.635526
        ]
      },
      "properties": {
        "name": "锦江区一生药房",
        "category": "medical",
        "type": "医疗保健服务;医药保健销售店;药房",
        "district": "锦江区",
        "weight": 62
      }
    },
    {
      "type": "Feature",
      "geometry": {
        "type": "Point",
        "coordinates": [
          104.091066,
          30.632142
        ]
      },
      "properties": {
        "name": "成都军区四五二医院-消化内分泌科3消化疾病诊断室",
        "category": "medical",
        "type": "医疗保健服务;综合医院;综合医院",
        "district": "武侯区",
        "weight": 1
      }
    },
    {
      "type": "Feature",
      "geometry": {
        "type": "Point",
        "coordinates": [
          104.083664,
          30.639002
        ]
      },
      "properties": {
        "name": "本草堂诊所(太平南新街)",
        "category": "medical",
        "type": "医疗保健服务;诊所;诊所",
        "district": "武侯区",
        "weight": 1
      }
    },
    {
      "type": "Feature",
      "geometry": {
        "type": "Point",
        "coordinates": [
          104.091205,
          30.638154
        ]
      },
      "properties": {
        "name": "顺江游氏祖传草药店",
        "category": "medical",
        "type": "医疗保健服务;医药保健销售店;药房",
        "district": "锦江区",
        "weight": 1
      }
    },
    {
      "type": "Feature",
      "geometry": {
        "type": "Point",
        "coordinates": [
          104.097284,
          30.631587
        ]
      },
      "properties": {
        "name": "锦江区龙舟社区卫生服务站",
        "category": "medical",
        "type": "医疗保健服务;综合医院;卫生院",
        "district": "锦江区",
        "weight": 2
      }
    },
    {
      "type": "Feature",
      "geometry": {
        "type": "Point",
        "coordinates": [
          104.102357,
          30.629927
        ]
      },
      "properties": {
        "name": "锦江区福欣药房",
        "category": "medical",
        "type": "医疗保健服务;医药保健销售店;药房",
        "district": "锦江区",
        "weight": 6
      }
    },
    {
      "type": "Feature",
      "geometry": {
        "type": "Point",
        "coordinates": [
          104.102358,
          30.638746
        ]
      },
      "properties": {
        "name": "德胜诊所",
        "category": "medical",
        "type": "医疗保健服务;诊所;诊所",
        "district": "锦江区",
        "weight": 2
      }
    },
    {
      "type": "Feature",
      "geometry": {
        "type": "Point",
        "coordinates": [
          104.097934,
          30.634982
        ]
      },
      "properties": {
        "name": "李如林诊所",
        "category": "medical",
        "type": "医疗保健服务;诊所;诊所",
        "district": "锦江区",
        "weight": 4
      }
    },
    {
      "type": "Feature",
      "geometry": {
        "type": "Point",
        "coordinates": [
          104.094657,
          30.631668
        ]
      },
      "properties": {
        "name": "成都华福堂药房",
        "category": "medical",
        "type": "医疗保健服务;医药保健销售店;药房",
        "district": "锦江区",
        "weight": 7
      }
    },
    {
      "type": "Feature",
      "geometry": {
        "type": "Point",
        "coordinates": [
          104.0939,
          30.627902
        ]
      },
      "properties": {
        "name": "大厦诊所",
        "category": "medical",
        "type": "医疗保健服务;诊所;诊所",
        "district": "锦江区",
        "weight": 44
      }
    },
    {
      "type": "Feature",
      "geometry": {
        "type": "Point",
        "coordinates": [
          104.100162,
          30.638785
        ]
      },
      "properties": {
        "name": "一度",
        "category": "medical",
        "type": "医疗保健服务;诊所;诊所",
        "district": "锦江区",
        "weight": 2
      }
    },
    {
      "type": "Feature",
      "geometry": {
        "type": "Point",
        "coordinates": [
          104.09944,
          30.631865
        ]
      },
      "properties": {
        "name": "仲康诊所",
        "category": "medical",
        "type": "医疗保健服务;诊所;诊所",
        "district": "锦江区",
        "weight": 2
      }
    },
    {
      "type": "Feature",
      "geometry": {
        "type": "Point",
        "coordinates": [
          104.100457,
          30.634922
        ]
      },
      "properties": {
        "name": "盈源堂大药房",
        "category": "medical",
        "type": "医疗保健服务;医药保健销售店;药房",
        "district": "锦江区",
        "weight": 1
      }
    },
    {
      "type": "Feature",
      "geometry": {
        "type": "Point",
        "coordinates": [
          104.099215,
          30.636264
        ]
      },
      "properties": {
        "name": "锦江区天秀诊所",
        "category": "medical",
        "type": "医疗保健服务;诊所;诊所",
        "district": "锦江区",
        "weight": 1
      }
    },
    {
      "type": "Feature",
      "geometry": {
        "type": "Point",
        "coordinates": [
          104.103131,
          30.633279
        ]
      },
      "properties": {
        "name": "贝尔康大药房(绿地锦天府店)",
        "category": "medical",
        "type": "医疗保健服务;医药保健销售店;药房",
        "district": "锦江区",
        "weight": 1
      }
    },
    {
      "type": "Feature",
      "geometry": {
        "type": "Point",
        "coordinates": [
          104.107161,
          30.63153
        ]
      },
      "properties": {
        "name": "利群诊所",
        "category": "medical",
        "type": "医疗保健服务;诊所;诊所",
        "district": "锦江区",
        "weight": 5
      }
    },
    {
      "type": "Feature",
      "geometry": {
        "type": "Point",
        "coordinates": [
          104.110068,
          30.638544
        ]
      },
      "properties": {
        "name": "华誉口腔(通源街)",
        "category": "medical",
        "type": "医疗保健服务;专科医院;口腔医院",
        "district": "锦江区",
        "weight": 3
      }
    },
    {
      "type": "Feature",
      "geometry": {
        "type": "Point",
        "coordinates": [
          104.108013,
          30.634259
        ]
      },
      "properties": {
        "name": "精致口腔(汇源南路)",
        "category": "medical",
        "type": "医疗保健服务;专科医院;口腔医院",
        "district": "锦江区",
        "weight": 1
      }
    },
    {
      "type": "Feature",
      "geometry": {
        "type": "Point",
        "coordinates": [
          104.115614,
          30.639142
        ]
      },
      "properties": {
        "name": "东大国际卫生服务中心",
        "category": "medical",
        "type": "医疗保健服务;综合医院;卫生院",
        "district": "锦江区",
        "weight": 1
      }
    },
    {
      "type": "Feature",
      "geometry": {
        "type": "Point",
        "coordinates": [
          104.115839,
          30.633466
        ]
      },
      "properties": {
        "name": "望江华生诊所",
        "category": "medical",
        "type": "医疗保健服务;诊所;诊所",
        "district": "锦江区",
        "weight": 1
      }
    },
    {
      "type": "Feature",
      "geometry": {
        "type": "Point",
        "coordinates": [
          104.125688,
          30.638307
        ]
      },
      "properties": {
        "name": "本草堂药品(必成店)",
        "category": "medical",
        "type": "医疗保健服务;医药保健销售店;药房",
        "district": "成华区",
        "weight": 1
      }
    },
    {
      "type": "Feature",
      "geometry": {
        "type": "Point",
        "coordinates": [
          104.125596,
          30.636191
        ]
      },
      "properties": {
        "name": "东桂社区卫生站",
        "category": "medical",
        "type": "医疗保健服务;诊所;诊所",
        "district": "锦江区",
        "weight": 1
      }
    },
    {
      "type": "Feature",
      "geometry": {
        "type": "Point",
        "coordinates": [
          104.149268,
          30.629145
        ]
      },
      "properties": {
        "name": "尚迈口腔",
        "category": "medical",
        "type": "医疗保健服务;专科医院;口腔医院",
        "district": "成华区",
        "weight": 9
      }
    },
    {
      "type": "Feature",
      "geometry": {
        "type": "Point",
        "coordinates": [
          104.145711,
          30.634083
        ]
      },
      "properties": {
        "name": "方正诊所(金马河路)",
        "category": "medical",
        "type": "医疗保健服务;诊所;诊所",
        "district": "成华区",
        "weight": 3
      }
    },
    {
      "type": "Feature",
      "geometry": {
        "type": "Point",
        "coordinates": [
          104.15038,
          30.632959
        ]
      },
      "properties": {
        "name": "康达诊所",
        "category": "medical",
        "type": "医疗保健服务;诊所;诊所",
        "district": "成华区",
        "weight": 6
      }
    },
    {
      "type": "Feature",
      "geometry": {
        "type": "Point",
        "coordinates": [
          104.152262,
          30.631536
        ]
      },
      "properties": {
        "name": "石氏中医馆",
        "category": "medical",
        "type": "医疗保健服务;医药保健销售店;药房|医疗保健服务;诊所;诊所",
        "district": "成华区",
        "weight": 4
      }
    },
    {
      "type": "Feature",
      "geometry": {
        "type": "Point",
        "coordinates": [
          104.144033,
          30.633331
        ]
      },
      "properties": {
        "name": "兴仁康诊所",
        "category": "medical",
        "type": "医疗保健服务;诊所;诊所",
        "district": "成华区",
        "weight": 1
      }
    },
    {
      "type": "Feature",
      "geometry": {
        "type": "Point",
        "coordinates": [
          104.154913,
          30.628823
        ]
      },
      "properties": {
        "name": "皓康口腔",
        "category": "medical",
        "type": "医疗保健服务;专科医院;口腔医院",
        "district": "成华区",
        "weight": 14
      }
    },
    {
      "type": "Feature",
      "geometry": {
        "type": "Point",
        "coordinates": [
          103.964821,
          30.620627
        ]
      },
      "properties": {
        "name": "双凤社区卫生服务站(草金路中段)",
        "category": "medical",
        "type": "医疗保健服务;综合医院;卫生院",
        "district": "武侯区",
        "weight": 1
      }
    },
    {
      "type": "Feature",
      "geometry": {
        "type": "Point",
        "coordinates": [
          103.97236,
          30.622031
        ]
      },
      "properties": {
        "name": "家洪诊所",
        "category": "medical",
        "type": "医疗保健服务;诊所;诊所",
        "district": "武侯区",
        "weight": 4
      }
    },
    {
      "type": "Feature",
      "geometry": {
        "type": "Point",
        "coordinates": [
          103.970942,
          30.625066
        ]
      },
      "properties": {
        "name": "百信药业(鑫达药店)",
        "category": "medical",
        "type": "医疗保健服务;医药保健销售店;药房",
        "district": "武侯区",
        "weight": 1
      }
    },
    {
      "type": "Feature",
      "geometry": {
        "type": "Point",
        "coordinates": [
          103.966523,
          30.625491
        ]
      },
      "properties": {
        "name": "宏铭门诊",
        "category": "medical",
        "type": "医疗保健服务;诊所;诊所",
        "district": "武侯区",
        "weight": 11
      }
    },
    {
      "type": "Feature",
      "geometry": {
        "type": "Point",
        "coordinates": [
          103.970171,
          30.623374
        ]
      },
      "properties": {
        "name": "西科门诊部",
        "category": "medical",
        "type": "医疗保健服务;诊所;诊所",
        "district": "武侯区",
        "weight": 2
      }
    },
    {
      "type": "Feature",
      "geometry": {
        "type": "Point",
        "coordinates": [
          103.967219,
          30.628611
        ]
      },
      "properties": {
        "name": "大才诊所",
        "category": "medical",
        "type": "医疗保健服务;诊所;诊所",
        "district": "武侯区",
        "weight": 5
      }
    },
    {
      "type": "Feature",
      "geometry": {
        "type": "Point",
        "coordinates": [
          103.966184,
          30.621681
        ]
      },
      "properties": {
        "name": "百汇吉便民健康武侯仁鑫诊所",
        "category": "medical",
        "type": "医疗保健服务;诊所;诊所",
        "district": "武侯区",
        "weight": 1
      }
    },
    {
      "type": "Feature",
      "geometry": {
        "type": "Point",
        "coordinates": [
          103.968039,
          30.622636
        ]
      },
      "properties": {
        "name": "本草堂药品(天乙药店)",
        "category": "medical",
        "type": "医疗保健服务;医药保健销售店;药房",
        "district": "武侯区",
        "weight": 2
      }
    },
    {
      "type": "Feature",
      "geometry": {
        "type": "Point",
        "coordinates": [
          103.979287,
          30.627073
        ]
      },
      "properties": {
        "name": "华佛国际妇产医院",
        "category": "medical",
        "type": "医疗保健服务;专科医院;妇科医院",
        "district": "武侯区",
        "weight": 1
      }
    },
    {
      "type": "Feature",
      "geometry": {
        "type": "Point",
        "coordinates": [
          103.978286,
          30.628827
        ]
      },
      "properties": {
        "name": "四川华佛国际妇产医院",
        "category": "medical",
        "type": "医疗保健服务;专科医院;专科医院",
        "district": "武侯区",
        "weight": 1
      }
    },
    {
      "type": "Feature",
      "geometry": {
        "type": "Point",
        "coordinates": [
          103.981814,
          30.626045
        ]
      },
      "properties": {
        "name": "米诺娃妇女儿童医院(建设中)",
        "category": "medical",
        "type": "医疗保健服务;专科医院;专科医院",
        "district": "武侯区",
        "weight": 1
      }
    },
    {
      "type": "Feature",
      "geometry": {
        "type": "Point",
        "coordinates": [
          103.976318,
          30.621555
        ]
      },
      "properties": {
        "name": "康友诊所",
        "category": "medical",
        "type": "医疗保健服务;诊所;诊所",
        "district": "武侯区",
        "weight": 3
      }
    },
    {
      "type": "Feature",
      "geometry": {
        "type": "Point",
        "coordinates": [
          103.98041,
          30.6253
        ]
      },
      "properties": {
        "name": "西南医药(武兴路药店)",
        "category": "medical",
        "type": "医疗保健服务;医药保健销售店;药房",
        "district": "武侯区",
        "weight": 1
      }
    },
    {
      "type": "Feature",
      "geometry": {
        "type": "Point",
        "coordinates": [
          103.989019,
          30.624121
        ]
      },
      "properties": {
        "name": "润原诊所",
        "category": "medical",
        "type": "医疗保健服务;诊所;诊所",
        "district": "武侯区",
        "weight": 11
      }
    },
    {
      "type": "Feature",
      "geometry": {
        "type": "Point",
        "coordinates": [
          103.985089,
          30.623756
        ]
      },
      "properties": {
        "name": "易美口腔",
        "category": "medical",
        "type": "医疗保健服务;专科医院;口腔医院",
        "district": "武侯区",
        "weight": 6
      }
    },
    {
      "type": "Feature",
      "geometry": {
        "type": "Point",
        "coordinates": [
          103.993784,
          30.629367
        ]
      },
      "properties": {
        "name": "谭功军中西医诊所",
        "category": "medical",
        "type": "医疗保健服务;诊所;诊所",
        "district": "武侯区",
        "weight": 2
      }
    },
    {
      "type": "Feature",
      "geometry": {
        "type": "Point",
        "coordinates": [
          103.995138,
          30.627988
        ]
      },
      "properties": {
        "name": "德仁堂(聚萃店)",
        "category": "medical",
        "type": "医疗保健服务;医药保健销售店;药房",
        "district": "武侯区",
        "weight": 6
      }
    },
    {
      "type": "Feature",
      "geometry": {
        "type": "Point",
        "coordinates": [
          103.99798,
          30.626703
        ]
      },
      "properties": {
        "name": "武侯福琳诊所",
        "category": "medical",
        "type": "医疗保健服务;诊所;诊所",
        "district": "武侯区",
        "weight": 2
      }
    },
    {
      "type": "Feature",
      "geometry": {
        "type": "Point",
        "coordinates": [
          104.003587,
          30.621729
        ]
      },
      "properties": {
        "name": "武侯小彭诊所",
        "category": "medical",
        "type": "医疗保健服务;诊所;诊所",
        "district": "武侯区",
        "weight": 3
      }
    },
    {
      "type": "Feature",
      "geometry": {
        "type": "Point",
        "coordinates": [
          103.999805,
          30.621662
        ]
      },
      "properties": {
        "name": "百信药业(泰康隆药店)",
        "category": "medical",
        "type": "医疗保健服务;医药保健销售店;药房",
        "district": "武侯区",
        "weight": 1
      }
    },
    {
      "type": "Feature",
      "geometry": {
        "type": "Point",
        "coordinates": [
          104.004934,
          30.626442
        ]
      },
      "properties": {
        "name": "仁宏诊所",
        "category": "medical",
        "type": "医疗保健服务;诊所;诊所",
        "district": "武侯区",
        "weight": 2
      }
    },
    {
      "type": "Feature",
      "geometry": {
        "type": "Point",
        "coordinates": [
          104.006005,
          30.621882
        ]
      },
      "properties": {
        "name": "祥莼诊所",
        "category": "medical",
        "type": "医疗保健服务;诊所;诊所",
        "district": "武侯区",
        "weight": 4
      }
    },
    {
      "type": "Feature",
      "geometry": {
        "type": "Point",
        "coordinates": [
          104.008461,
          30.628282
        ]
      },
      "properties": {
        "name": "北京同仁堂",
        "category": "medical",
        "type": "医疗保健服务;医药保健销售店;药房",
        "district": "武侯区",
        "weight": 1
      }
    },
    {
      "type": "Feature",
      "geometry": {
        "type": "Point",
        "coordinates": [
          104.01649,
          30.621927
        ]
      },
      "properties": {
        "name": "仁康诊所(华兴街道办事处社会事务服务中心北)",
        "category": "medical",
        "type": "医疗保健服务;诊所;诊所",
        "district": "武侯区",
        "weight": 1
      }
    },
    {
      "type": "Feature",
      "geometry": {
        "type": "Point",
        "coordinates": [
          104.014883,
          30.620764
        ]
      },
      "properties": {
        "name": "省动物疫病预防",
        "category": "medical",
        "type": "医疗保健服务;疾病预防机构;疾病预防",
        "district": "武侯区",
        "weight": 1
      }
    },
    {
      "type": "Feature",
      "geometry": {
        "type": "Point",
        "coordinates": [
          104.016648,
          30.625927
        ]
      },
      "properties": {
        "name": "成都武侯南区骨科医院",
        "category": "medical",
        "type": "医疗保健服务;专科医院;骨科医院",
        "district": "武侯区",
        "weight": 2
      }
    },
    {
      "type": "Feature",
      "geometry": {
        "type": "Point",
        "coordinates": [
          104.01762,
          30.628942
        ]
      },
      "properties": {
        "name": "志鹏诊所(中环路武阳大道段)",
        "category": "medical",
        "type": "医疗保健服务;诊所;诊所",
        "district": "武侯区",
        "weight": 2
      }
    },
    {
      "type": "Feature",
      "geometry": {
        "type": "Point",
        "coordinates": [
          104.028518,
          30.624915
        ]
      },
      "properties": {
        "name": "华颜口腔",
        "category": "medical",
        "type": "医疗保健服务;专科医院;口腔医院",
        "district": "武侯区",
        "weight": 7
      }
    },
    {
      "type": "Feature",
      "geometry": {
        "type": "Point",
        "coordinates": [
          104.027681,
          30.628541
        ]
      },
      "properties": {
        "name": "金维牙科",
        "category": "medical",
        "type": "医疗保健服务;专科医院;口腔医院",
        "district": "武侯区",
        "weight": 15
      }
    },
    {
      "type": "Feature",
      "geometry": {
        "type": "Point",
        "coordinates": [
          104.024925,
          30.629376
        ]
      },
      "properties": {
        "name": "若天中医馆",
        "category": "medical",
        "type": "医疗保健服务;诊所;诊所",
        "district": "武侯区",
        "weight": 1
      }
    },
    {
      "type": "Feature",
      "geometry": {
        "type": "Point",
        "coordinates": [
          104.028926,
          30.622525
        ]
      },
      "properties": {
        "name": "杜克加诊所(武侯店)",
        "category": "medical",
        "type": "医疗保健服务;诊所;诊所",
        "district": "武侯区",
        "weight": 1
      }
    },
    {
      "type": "Feature",
      "geometry": {
        "type": "Point",
        "coordinates": [
          104.025282,
          30.627114
        ]
      },
      "properties": {
        "name": "文鑫药房",
        "category": "medical",
        "type": "医疗保健服务;医药保健销售店;药房",
        "district": "武侯区",
        "weight": 2
      }
    },
    {
      "type": "Feature",
      "geometry": {
        "type": "Point",
        "coordinates": [
          104.039381,
          30.624412
        ]
      },
      "properties": {
        "name": "成都高新博力医院",
        "category": "medical",
        "type": "医疗保健服务;综合医院;综合医院",
        "district": "武侯区",
        "weight": 1
      }
    },
    {
      "type": "Feature",
      "geometry": {
        "type": "Point",
        "coordinates": [
          104.038165,
          30.619835
        ]
      },
      "properties": {
        "name": "西婵口腔科",
        "category": "medical",
        "type": "医疗保健服务;专科医院;口腔医院",
        "district": "武侯区",
        "weight": 2
      }
    },
    {
      "type": "Feature",
      "geometry": {
        "type": "Point",
        "coordinates": [
          104.047626,
          30.620333
        ]
      },
      "properties": {
        "name": "黄忠英诊所",
        "category": "medical",
        "type": "医疗保健服务;诊所;诊所",
        "district": "武侯区",
        "weight": 18
      }
    },
    {
      "type": "Feature",
      "geometry": {
        "type": "Point",
        "coordinates": [
          104.039219,
          30.62297
        ]
      },
      "properties": {
        "name": "百舜医药",
        "category": "medical",
        "type": "医疗保健服务;医药保健销售店;药房",
        "district": "武侯区",
        "weight": 1
      }
    },
    {
      "type": "Feature",
      "geometry": {
        "type": "Point",
        "coordinates": [
          104.042005,
          30.620732
        ]
      },
      "properties": {
        "name": "昇和药品总汇(紫荆西路药店)",
        "category": "medical",
        "type": "医疗保健服务;医药保健销售店;药房",
        "district": "武侯区",
        "weight": 1
      }
    },
    {
      "type": "Feature",
      "geometry": {
        "type": "Point",
        "coordinates": [
          104.050154,
          30.623892
        ]
      },
      "properties": {
        "name": "成都春天医疗美容",
        "category": "medical",
        "type": "医疗保健服务;专科医院;整形美容",
        "district": "武侯区",
        "weight": 1
      }
    },
    {
      "type": "Feature",
      "geometry": {
        "type": "Point",
        "coordinates": [
          104.047116,
          30.62316
        ]
      },
      "properties": {
        "name": "普康医院",
        "category": "medical",
        "type": "医疗保健服务;综合医院;综合医院",
        "district": "武侯区",
        "weight": 9
      }
    },
    {
      "type": "Feature",
      "geometry": {
        "type": "Point",
        "coordinates": [
          104.044384,
          30.624834
        ]
      },
      "properties": {
        "name": "六三九医院",
        "category": "medical",
        "type": "医疗保健服务;综合医院;综合医院",
        "district": "武侯区",
        "weight": 7
      }
    },
    {
      "type": "Feature",
      "geometry": {
        "type": "Point",
        "coordinates": [
          104.049073,
          30.625977
        ]
      },
      "properties": {
        "name": "华美紫馨美容牙科中心",
        "category": "medical",
        "type": "医疗保健服务;专科医院;口腔医院",
        "district": "武侯区",
        "weight": 2
      }
    },
    {
      "type": "Feature",
      "geometry": {
        "type": "Point",
        "coordinates": [
          104.053376,
          30.625022
        ]
      },
      "properties": {
        "name": "广林大药房(芳华街)",
        "category": "medical",
        "type": "医疗保健服务;医药保健销售店;药房",
        "district": "武侯区",
        "weight": 1
      }
    },
    {
      "type": "Feature",
      "geometry": {
        "type": "Point",
        "coordinates": [
          104.046875,
          30.627576
        ]
      },
      "properties": {
        "name": "善馀堂",
        "category": "medical",
        "type": "医疗保健服务;医药保健销售店;药房",
        "district": "武侯区",
        "weight": 3
      }
    },
    {
      "type": "Feature",
      "geometry": {
        "type": "Point",
        "coordinates": [
          104.051901,
          30.627693
        ]
      },
      "properties": {
        "name": "海王星辰健康药房(芳草东街)",
        "category": "medical",
        "type": "医疗保健服务;医药保健销售店;药房",
        "district": "武侯区",
        "weight": 1
      }
    },
    {
      "type": "Feature",
      "geometry": {
        "type": "Point",
        "coordinates": [
          104.055763,
          30.62148
        ]
      },
      "properties": {
        "name": "四川华普医院",
        "category": "medical",
        "type": "医疗保健服务;综合医院;综合医院",
        "district": "武侯区",
        "weight": 6
      }
    },
    {
      "type": "Feature",
      "geometry": {
        "type": "Point",
        "coordinates": [
          104.053821,
          30.628315
        ]
      },
      "properties": {
        "name": "芳草中医馆",
        "category": "medical",
        "type": "医疗保健服务;诊所;诊所",
        "district": "武侯区",
        "weight": 2
      }
    },
    {
      "type": "Feature",
      "geometry": {
        "type": "Point",
        "coordinates": [
          104.062132,
          30.623003
        ]
      },
      "properties": {
        "name": "福寿艾灸",
        "category": "medical",
        "type": "医疗保健服务;诊所;诊所",
        "district": "武侯区",
        "weight": 2
      }
    },
    {
      "type": "Feature",
      "geometry": {
        "type": "Point",
        "coordinates": [
          104.05604,
          30.626566
        ]
      },
      "properties": {
        "name": "玉西诊所",
        "category": "medical",
        "type": "医疗保健服务;诊所;诊所",
        "district": "武侯区",
        "weight": 13
      }
    },
    {
      "type": "Feature",
      "geometry": {
        "type": "Point",
        "coordinates": [
          104.063972,
          30.62589
        ]
      },
      "properties": {
        "name": "四川何氏骨科医院",
        "category": "medical",
        "type": "医疗保健服务;专科医院;骨科医院",
        "district": "武侯区",
        "weight": 10
      }
    },
    {
      "type": "Feature",
      "geometry": {
        "type": "Point",
        "coordinates": [
          104.054476,
          30.619248
        ]
      },
      "properties": {
        "name": "亚非牙科大世界诊所",
        "category": "medical",
        "type": "医疗保健服务;专科医院;口腔医院",
        "district": "武侯区",
        "weight": 8
      }
    },
    {
      "type": "Feature",
      "geometry": {
        "type": "Point",
        "coordinates": [
          104.060015,
          30.625949
        ]
      },
      "properties": {
        "name": "蒋贻文诊所",
        "category": "medical",
        "type": "医疗保健服务;诊所;诊所",
        "district": "武侯区",
        "weight": 5
      }
    },
    {
      "type": "Feature",
      "geometry": {
        "type": "Point",
        "coordinates": [
          104.055045,
          30.623207
        ]
      },
      "properties": {
        "name": "荣美心理咨询",
        "category": "medical",
        "type": "医疗保健服务;诊所;诊所",
        "district": "武侯区",
        "weight": 2
      }
    },
    {
      "type": "Feature",
      "geometry": {
        "type": "Point",
        "coordinates": [
          104.056811,
          30.62315
        ]
      },
      "properties": {
        "name": "武侯骏清中医诊所(玉通巷)",
        "category": "medical",
        "type": "医疗保健服务;诊所;诊所",
        "district": "武侯区",
        "weight": 1
      }
    },
    {
      "type": "Feature",
      "geometry": {
        "type": "Point",
        "coordinates": [
          104.065218,
          30.621005
        ]
      },
      "properties": {
        "name": "尼斯铂尚医疗美容",
        "category": "medical",
        "type": "医疗保健服务;专科医院;专科医院",
        "district": "武侯区",
        "weight": 5
      }
    },
    {
      "type": "Feature",
      "geometry": {
        "type": "Point",
        "coordinates": [
          104.071214,
          30.628918
        ]
      },
      "properties": {
        "name": "武侯区跳伞塔棕北社区卫生服务站",
        "category": "medical",
        "type": "医疗保健服务;综合医院;卫生院",
        "district": "武侯区",
        "weight": 1
      }
    },
    {
      "type": "Feature",
      "geometry": {
        "type": "Point",
        "coordinates": [
          104.064944,
          30.62812
        ]
      },
      "properties": {
        "name": "四川生殖卫生医院",
        "category": "medical",
        "type": "医疗保健服务;专科医院;专科医院",
        "district": "武侯区",
        "weight": 15
      }
    },
    {
      "type": "Feature",
      "geometry": {
        "type": "Point",
        "coordinates": [
          104.067894,
          30.623146
        ]
      },
      "properties": {
        "name": "成都安神诺医院",
        "category": "medical",
        "type": "医疗保健服务;专科医院;精神病医院",
        "district": "武侯区",
        "weight": 2
      }
    },
    {
      "type": "Feature",
      "geometry": {
        "type": "Point",
        "coordinates": [
          104.072227,
          30.627631
        ]
      },
      "properties": {
        "name": "德仁堂中医馆(锦绣路店)",
        "category": "medical",
        "type": "医疗保健服务;医药保健销售店;药房",
        "district": "武侯区",
        "weight": 2
      }
    },
    {
      "type": "Feature",
      "geometry": {
        "type": "Point",
        "coordinates": [
          104.065566,
          30.623254
        ]
      },
      "properties": {
        "name": "武侯天佑诊所",
        "category": "medical",
        "type": "医疗保健服务;诊所;诊所",
        "district": "武侯区",
        "weight": 1
      }
    },
    {
      "type": "Feature",
      "geometry": {
        "type": "Point",
        "coordinates": [
          104.071976,
          30.623264
        ]
      },
      "properties": {
        "name": "安吉堂药房(棕南正街)",
        "category": "medical",
        "type": "医疗保健服务;医药保健销售店;药房",
        "district": "武侯区",
        "weight": 1
      }
    },
    {
      "type": "Feature",
      "geometry": {
        "type": "Point",
        "coordinates": [
          104.074,
          30.62557
        ]
      },
      "properties": {
        "name": "力宝医疗门诊部",
        "category": "medical",
        "type": "医疗保健服务;诊所;诊所",
        "district": "武侯区",
        "weight": 6
      }
    },
    {
      "type": "Feature",
      "geometry": {
        "type": "Point",
        "coordinates": [
          104.074944,
          30.620054
        ]
      },
      "properties": {
        "name": "火车南站社区服务中心家庭医生工作室",
        "category": "medical",
        "type": "医疗保健服务;诊所;诊所",
        "district": "武侯区",
        "weight": 1
      }
    },
    {
      "type": "Feature",
      "geometry": {
        "type": "Point",
        "coordinates": [
          104.078696,
          30.626401
        ]
      },
      "properties": {
        "name": "大医馆",
        "category": "medical",
        "type": "医疗保健服务;诊所;诊所",
        "district": "武侯区",
        "weight": 16
      }
    },
    {
      "type": "Feature",
      "geometry": {
        "type": "Point",
        "coordinates": [
          104.080586,
          30.619835
        ]
      },
      "properties": {
        "name": "来中诊所",
        "category": "medical",
        "type": "医疗保健服务;诊所;诊所",
        "district": "武侯区",
        "weight": 1
      }
    },
    {
      "type": "Feature",
      "geometry": {
        "type": "Point",
        "coordinates": [
          104.074555,
          30.627249
        ]
      },
      "properties": {
        "name": "武侯区惠宁大药房",
        "category": "medical",
        "type": "医疗保健服务;医药保健销售店;药房",
        "district": "武侯区",
        "weight": 1
      }
    },
    {
      "type": "Feature",
      "geometry": {
        "type": "Point",
        "coordinates": [
          104.073893,
          30.628766
        ]
      },
      "properties": {
        "name": "苗一手清肤老铺(科华北路店)",
        "category": "medical",
        "type": "医疗保健服务;医药保健销售店;药房",
        "district": "武侯区",
        "weight": 1
      }
    },
    {
      "type": "Feature",
      "geometry": {
        "type": "Point",
        "coordinates": [
          104.077153,
          30.623142
        ]
      },
      "properties": {
        "name": "四川康贝医药(德福堂健康药房)",
        "category": "medical",
        "type": "医疗保健服务;医药保健销售店;药房",
        "district": "武侯区",
        "weight": 1
      }
    },
    {
      "type": "Feature",
      "geometry": {
        "type": "Point",
        "coordinates": [
          104.087761,
          30.622299
        ]
      },
      "properties": {
        "name": "美芯东裕医疗美容诊所",
        "category": "medical",
        "type": "医疗保健服务;诊所;诊所",
        "district": "锦江区",
        "weight": 1
      }
    },
    {
      "type": "Feature",
      "geometry": {
        "type": "Point",
        "coordinates": [
          104.091497,
          30.623426
        ]
      },
      "properties": {
        "name": "志超中医诊所",
        "category": "medical",
        "type": "医疗保健服务;诊所;诊所",
        "district": "锦江区",
        "weight": 1
      }
    },
    {
      "type": "Feature",
      "geometry": {
        "type": "Point",
        "coordinates": [
          104.10272,
          30.624908
        ]
      },
      "properties": {
        "name": "孙氏寡医",
        "category": "medical",
        "type": "医疗保健服务;诊所;诊所",
        "district": "锦江区",
        "weight": 59
      }
    },
    {
      "type": "Feature",
      "geometry": {
        "type": "Point",
        "coordinates": [
          104.098535,
          30.619379
        ]
      },
      "properties": {
        "name": "锦江疾控",
        "category": "medical",
        "type": "医疗保健服务;疾病预防机构;疾病预防",
        "district": "锦江区",
        "weight": 34
      }
    },
    {
      "type": "Feature",
      "geometry": {
        "type": "Point",
        "coordinates": [
          104.097044,
          30.625465
        ]
      },
      "properties": {
        "name": "静居中西医诊所",
        "category": "medical",
        "type": "医疗保健服务;诊所;诊所",
        "district": "锦江区",
        "weight": 2
      }
    },
    {
      "type": "Feature",
      "geometry": {
        "type": "Point",
        "coordinates": [
          104.098978,
          30.622699
        ]
      },
      "properties": {
        "name": "贝尔康大药房(瑞御堂店)",
        "category": "medical",
        "type": "医疗保健服务;医药保健销售店;药房",
        "district": "锦江区",
        "weight": 1
      }
    },
    {
      "type": "Feature",
      "geometry": {
        "type": "Point",
        "coordinates": [
          104.095338,
          30.623368
        ]
      },
      "properties": {
        "name": "NBTY药店",
        "category": "medical",
        "type": "医疗保健服务;医药保健销售店;药房",
        "district": "锦江区",
        "weight": 2
      }
    },
    {
      "type": "Feature",
      "geometry": {
        "type": "Point",
        "coordinates": [
          104.10951,
          30.623094
        ]
      },
      "properties": {
        "name": "贝尔康大药房(静康路)",
        "category": "medical",
        "type": "医疗保健服务;医药保健销售店;药房",
        "district": "锦江区",
        "weight": 2
      }
    },
    {
      "type": "Feature",
      "geometry": {
        "type": "Point",
        "coordinates": [
          104.104591,
          30.620772
        ]
      },
      "properties": {
        "name": "大医诊所",
        "category": "medical",
        "type": "医疗保健服务;诊所;诊所",
        "district": "锦江区",
        "weight": 4
      }
    },
    {
      "type": "Feature",
      "geometry": {
        "type": "Point",
        "coordinates": [
          104.112832,
          30.621568
        ]
      },
      "properties": {
        "name": "凯悦口腔",
        "category": "medical",
        "type": "医疗保健服务;专科医院;口腔医院|医疗保健服务;诊所;诊所",
        "district": "锦江区",
        "weight": 6
      }
    },
    {
      "type": "Feature",
      "geometry": {
        "type": "Point",
        "coordinates": [
          104.105957,
          30.629094
        ]
      },
      "properties": {
        "name": "华珍诊所(牛沙路)",
        "category": "medical",
        "type": "医疗保健服务;诊所;诊所",
        "district": "锦江区",
        "weight": 3
      }
    },
    {
      "type": "Feature",
      "geometry": {
        "type": "Point",
        "coordinates": [
          104.114669,
          30.626292
        ]
      },
      "properties": {
        "name": "康睦家门诊",
        "category": "medical",
        "type": "医疗保健服务;诊所;诊所",
        "district": "锦江区",
        "weight": 5
      }
    },
    {
      "type": "Feature",
      "geometry": {
        "type": "Point",
        "coordinates": [
          104.117358,
          30.624068
        ]
      },
      "properties": {
        "name": "成都市锦江区妇幼保健院(静秀分院)",
        "category": "medical",
        "type": "医疗保健服务;专科医院;专科医院",
        "district": "锦江区",
        "weight": 1
      }
    },
    {
      "type": "Feature",
      "geometry": {
        "type": "Point",
        "coordinates": [
          104.120782,
          30.62648
        ]
      },
      "properties": {
        "name": "四川友谊医院",
        "category": "medical",
        "type": "医疗保健服务;综合医院;综合医院",
        "district": "锦江区",
        "weight": 5
      }
    },
    {
      "type": "Feature",
      "geometry": {
        "type": "Point",
        "coordinates": [
          104.11756,
          30.62106
        ]
      },
      "properties": {
        "name": "王成贵诊所",
        "category": "medical",
        "type": "医疗保健服务;诊所;诊所",
        "district": "锦江区",
        "weight": 5
      }
    },
    {
      "type": "Feature",
      "geometry": {
        "type": "Point",
        "coordinates": [
          104.116366,
          30.628609
        ]
      },
      "properties": {
        "name": "杨氏中西医诊所(中沙河铺街)",
        "category": "medical",
        "type": "医疗保健服务;诊所;诊所",
        "district": "锦江区",
        "weight": 1
      }
    },
    {
      "type": "Feature",
      "geometry": {
        "type": "Point",
        "coordinates": [
          104.118603,
          30.622949
        ]
      },
      "properties": {
        "name": "东来大药店",
        "category": "medical",
        "type": "医疗保健服务;医药保健销售店;药房",
        "district": "锦江区",
        "weight": 1
      }
    },
    {
      "type": "Feature",
      "geometry": {
        "type": "Point",
        "coordinates": [
          104.122013,
          30.622856
        ]
      },
      "properties": {
        "name": "四川邮电职业技术学院卫生所",
        "category": "medical",
        "type": "医疗保健服务;综合医院;卫生院",
        "district": "锦江区",
        "weight": 1
      }
    },
    {
      "type": "Feature",
      "geometry": {
        "type": "Point",
        "coordinates": [
          104.123918,
          30.620147
        ]
      },
      "properties": {
        "name": "成都沙河堡医院",
        "category": "medical",
        "type": "医疗保健服务;综合医院;综合医院",
        "district": "锦江区",
        "weight": 5
      }
    },
    {
      "type": "Feature",
      "geometry": {
        "type": "Point",
        "coordinates": [
          104.125444,
          30.621462
        ]
      },
      "properties": {
        "name": "斑竹卫生站",
        "category": "medical",
        "type": "医疗保健服务;综合医院;卫生院",
        "district": "成华区",
        "weight": 2
      }
    },
    {
      "type": "Feature",
      "geometry": {
        "type": "Point",
        "coordinates": [
          104.126333,
          30.619948
        ]
      },
      "properties": {
        "name": "德鑫诊所(佳宏北路)",
        "category": "medical",
        "type": "医疗保健服务;诊所;诊所",
        "district": "锦江区",
        "weight": 3
      }
    },
    {
      "type": "Feature",
      "geometry": {
        "type": "Point",
        "coordinates": [
          104.134796,
          30.619254
        ]
      },
      "properties": {
        "name": "粮丰卫生站",
        "category": "medical",
        "type": "医疗保健服务;诊所;诊所",
        "district": "锦江区",
        "weight": 12
      }
    },
    {
      "type": "Feature",
      "geometry": {
        "type": "Point",
        "coordinates": [
          104.139496,
          30.623078
        ]
      },
      "properties": {
        "name": "金福康大药房(邛崃山店)",
        "category": "medical",
        "type": "医疗保健服务;医药保健销售店;药房",
        "district": "成华区",
        "weight": 1
      }
    },
    {
      "type": "Feature",
      "geometry": {
        "type": "Point",
        "coordinates": [
          104.147655,
          30.628058
        ]
      },
      "properties": {
        "name": "本草堂(来康店)",
        "category": "medical",
        "type": "医疗保健服务;医药保健销售店;药房",
        "district": "成华区",
        "weight": 2
      }
    },
    {
      "type": "Feature",
      "geometry": {
        "type": "Point",
        "coordinates": [
          103.968361,
          30.611054
        ]
      },
      "properties": {
        "name": "口腔科",
        "category": "medical",
        "type": "医疗保健服务;专科医院;口腔医院",
        "district": "武侯区",
        "weight": 32
      }
    },
    {
      "type": "Feature",
      "geometry": {
        "type": "Point",
        "coordinates": [
          103.967603,
          30.618378
        ]
      },
      "properties": {
        "name": "华西附属成双医院急诊楼",
        "category": "medical",
        "type": "医疗保健服务;综合医院;综合医院",
        "district": "武侯区",
        "weight": 5
      }
    },
    {
      "type": "Feature",
      "geometry": {
        "type": "Point",
        "coordinates": [
          103.970403,
          30.612247
        ]
      },
      "properties": {
        "name": "本草堂药品(怡众店)",
        "category": "medical",
        "type": "医疗保健服务;医药保健销售店;药房",
        "district": "武侯区",
        "weight": 1
      }
    },
    {
      "type": "Feature",
      "geometry": {
        "type": "Point",
        "coordinates": [
          103.965883,
          30.615915
        ]
      },
      "properties": {
        "name": "永福康药房",
        "category": "medical",
        "type": "医疗保健服务;医药保健销售店;药房",
        "district": "武侯区",
        "weight": 2
      }
    },
    {
      "type": "Feature",
      "geometry": {
        "type": "Point",
        "coordinates": [
          103.971671,
          30.614865
        ]
      },
      "properties": {
        "name": "圣翰诊所",
        "category": "medical",
        "type": "医疗保健服务;诊所;诊所",
        "district": "武侯区",
        "weight": 1
      }
    },
    {
      "type": "Feature",
      "geometry": {
        "type": "Point",
        "coordinates": [
          103.976308,
          30.614537
        ]
      },
      "properties": {
        "name": "康民大药房",
        "category": "medical",
        "type": "医疗保健服务;医药保健销售店;药房",
        "district": "武侯区",
        "weight": 5
      }
    },
    {
      "type": "Feature",
      "geometry": {
        "type": "Point",
        "coordinates": [
          103.983438,
          30.612538
        ]
      },
      "properties": {
        "name": "勇惠诊所",
        "category": "medical",
        "type": "医疗保健服务;诊所;诊所",
        "district": "武侯区",
        "weight": 9
      }
    },
    {
      "type": "Feature",
      "geometry": {
        "type": "Point",
        "coordinates": [
          103.983956,
          30.609634
        ]
      },
      "properties": {
        "name": "怀橘诊所",
        "category": "medical",
        "type": "医疗保健服务;诊所;诊所",
        "district": "武侯区",
        "weight": 12
      }
    },
    {
      "type": "Feature",
      "geometry": {
        "type": "Point",
        "coordinates": [
          103.987507,
          30.61593
        ]
      },
      "properties": {
        "name": "天一药房(铁佛路)",
        "category": "medical",
        "type": "医疗保健服务;医药保健销售店;药房",
        "district": "武侯区",
        "weight": 6
      }
    },
    {
      "type": "Feature",
      "geometry": {
        "type": "Point",
        "coordinates": [
          103.990319,
          30.612298
        ]
      },
      "properties": {
        "name": "爱民诊所",
        "category": "medical",
        "type": "医疗保健服务;诊所;诊所",
        "district": "武侯区",
        "weight": 23
      }
    },
    {
      "type": "Feature",
      "geometry": {
        "type": "Point",
        "coordinates": [
          103.985772,
          30.614485
        ]
      },
      "properties": {
        "name": "刘伟口腔",
        "category": "medical",
        "type": "医疗保健服务;专科医院;口腔医院",
        "district": "武侯区",
        "weight": 1
      }
    },
    {
      "type": "Feature",
      "geometry": {
        "type": "Point",
        "coordinates": [
          103.9941,
          30.609724
        ]
      },
      "properties": {
        "name": "严虹诊所",
        "category": "medical",
        "type": "医疗保健服务;诊所;诊所",
        "district": "武侯区",
        "weight": 7
      }
    },
    {
      "type": "Feature",
      "geometry": {
        "type": "Point",
        "coordinates": [
          103.984077,
          30.617824
        ]
      },
      "properties": {
        "name": "安谕口腔",
        "category": "medical",
        "type": "医疗保健服务;专科医院;口腔医院",
        "district": "武侯区",
        "weight": 5
      }
    },
    {
      "type": "Feature",
      "geometry": {
        "type": "Point",
        "coordinates": [
          103.987325,
          30.613378
        ]
      },
      "properties": {
        "name": "九玖堂药房",
        "category": "medical",
        "type": "医疗保健服务;医药保健销售店;药房",
        "district": "武侯区",
        "weight": 1
      }
    },
    {
      "type": "Feature",
      "geometry": {
        "type": "Point",
        "coordinates": [
          103.997745,
          30.611456
        ]
      },
      "properties": {
        "name": "贵华诊所",
        "category": "medical",
        "type": "医疗保健服务;诊所;诊所",
        "district": "武侯区",
        "weight": 9
      }
    },
    {
      "type": "Feature",
      "geometry": {
        "type": "Point",
        "coordinates": [
          103.99419,
          30.614016
        ]
      },
      "properties": {
        "name": "茂生诊所(百锦路)",
        "category": "medical",
        "type": "医疗保健服务;诊所;诊所",
        "district": "武侯区",
        "weight": 2
      }
    },
    {
      "type": "Feature",
      "geometry": {
        "type": "Point",
        "coordinates": [
          104.006466,
          30.614753
        ]
      },
      "properties": {
        "name": "严小龙诊所(成双大道)",
        "category": "medical",
        "type": "医疗保健服务;诊所;诊所",
        "district": "武侯区",
        "weight": 1
      }
    },
    {
      "type": "Feature",
      "geometry": {
        "type": "Point",
        "coordinates": [
          104.009193,
          30.61302
        ]
      },
      "properties": {
        "name": "五心大药房",
        "category": "medical",
        "type": "医疗保健服务;医药保健销售店;药房",
        "district": "武侯区",
        "weight": 3
      }
    },
    {
      "type": "Feature",
      "geometry": {
        "type": "Point",
        "coordinates": [
          104.019585,
          30.61795
        ]
      },
      "properties": {
        "name": "建兴大药房",
        "category": "medical",
        "type": "医疗保健服务;医药保健销售店;药房",
        "district": "武侯区",
        "weight": 4
      }
    },
    {
      "type": "Feature",
      "geometry": {
        "type": "Point",
        "coordinates": [
          104.02107,
          30.618837
        ]
      },
      "properties": {
        "name": "海瑞大药房(华泰四路)",
        "category": "medical",
        "type": "医疗保健服务;医药保健销售店;药房",
        "district": "武侯区",
        "weight": 1
      }
    },
    {
      "type": "Feature",
      "geometry": {
        "type": "Point",
        "coordinates": [
          104.017234,
          30.616484
        ]
      },
      "properties": {
        "name": "成都市育华职业学校-医务室",
        "category": "medical",
        "type": "医疗保健服务;诊所;诊所",
        "district": "武侯区",
        "weight": 1
      }
    },
    {
      "type": "Feature",
      "geometry": {
        "type": "Point",
        "coordinates": [
          104.03063,
          30.612503
        ]
      },
      "properties": {
        "name": "成都高新西囡妇科医院",
        "category": "medical",
        "type": "医疗保健服务;专科医院;妇科医院",
        "district": "武侯区",
        "weight": 1
      }
    },
    {
      "type": "Feature",
      "geometry": {
        "type": "Point",
        "coordinates": [
          104.039765,
          30.616973
        ]
      },
      "properties": {
        "name": "成都高新区芳草社区卫生服务中心",
        "category": "medical",
        "type": "医疗保健服务;综合医院;卫生院",
        "district": "武侯区",
        "weight": 1
      }
    },
    {
      "type": "Feature",
      "geometry": {
        "type": "Point",
        "coordinates": [
          104.036227,
          30.610736
        ]
      },
      "properties": {
        "name": "同康大药房",
        "category": "medical",
        "type": "医疗保健服务;医药保健销售店;药房",
        "district": "武侯区",
        "weight": 10
      }
    },
    {
      "type": "Feature",
      "geometry": {
        "type": "Point",
        "coordinates": [
          104.040548,
          30.611625
        ]
      },
      "properties": {
        "name": "成都惠生医院",
        "category": "medical",
        "type": "医疗保健服务;综合医院;综合医院",
        "district": "武侯区",
        "weight": 1
      }
    },
    {
      "type": "Feature",
      "geometry": {
        "type": "Point",
        "coordinates": [
          104.03722,
          30.61593
        ]
      },
      "properties": {
        "name": "御生堂大药房(紫瑞大道)",
        "category": "medical",
        "type": "医疗保健服务;医药保健销售店;药房",
        "district": "武侯区",
        "weight": 1
      }
    },
    {
      "type": "Feature",
      "geometry": {
        "type": "Point",
        "coordinates": [
          104.040342,
          30.614726
        ]
      },
      "properties": {
        "name": "真善堂中医馆",
        "category": "medical",
        "type": "医疗保健服务;专科医院;专科医院",
        "district": "武侯区",
        "weight": 2
      }
    },
    {
      "type": "Feature",
      "geometry": {
        "type": "Point",
        "coordinates": [
          104.041652,
          30.616813
        ]
      },
      "properties": {
        "name": "德仁堂(紫瑞北街店)",
        "category": "medical",
        "type": "医疗保健服务;医药保健销售店;药房",
        "district": "武侯区",
        "weight": 1
      }
    },
    {
      "type": "Feature",
      "geometry": {
        "type": "Point",
        "coordinates": [
          104.047318,
          30.613418
        ]
      },
      "properties": {
        "name": "美瑞皮肤医疗美容",
        "category": "medical",
        "type": "医疗保健服务;专科医院;整形美容",
        "district": "武侯区",
        "weight": 2
      }
    },
    {
      "type": "Feature",
      "geometry": {
        "type": "Point",
        "coordinates": [
          104.048384,
          30.615802
        ]
      },
      "properties": {
        "name": "中医之家",
        "category": "medical",
        "type": "医疗保健服务;诊所;诊所",
        "district": "武侯区",
        "weight": 2
      }
    },
    {
      "type": "Feature",
      "geometry": {
        "type": "Point",
        "coordinates": [
          104.052187,
          30.617195
        ]
      },
      "properties": {
        "name": "舒普玛(九鼎药房)",
        "category": "medical",
        "type": "医疗保健服务;医药保健销售店;药房",
        "district": "武侯区",
        "weight": 1
      }
    },
    {
      "type": "Feature",
      "geometry": {
        "type": "Point",
        "coordinates": [
          104.051177,
          30.613033
        ]
      },
      "properties": {
        "name": "高新瑞康诊所",
        "category": "medical",
        "type": "医疗保健服务;诊所;诊所",
        "district": "武侯区",
        "weight": 1
      }
    },
    {
      "type": "Feature",
      "geometry": {
        "type": "Point",
        "coordinates": [
          104.045798,
          30.61881
        ]
      },
      "properties": {
        "name": "德仁堂(紫荆店)",
        "category": "medical",
        "type": "医疗保健服务;医药保健销售店;药房",
        "district": "武侯区",
        "weight": 2
      }
    },
    {
      "type": "Feature",
      "geometry": {
        "type": "Point",
        "coordinates": [
          104.049928,
          30.617543
        ]
      },
      "properties": {
        "name": "一心堂(新光路药店)",
        "category": "medical",
        "type": "医疗保健服务;医药保健销售店;药房",
        "district": "武侯区",
        "weight": 2
      }
    },
    {
      "type": "Feature",
      "geometry": {
        "type": "Point",
        "coordinates": [
          104.051339,
          30.615179
        ]
      },
      "properties": {
        "name": "紫馨大药房",
        "category": "medical",
        "type": "医疗保健服务;医药保健销售店;药房",
        "district": "武侯区",
        "weight": 1
      }
    },
    {
      "type": "Feature",
      "geometry": {
        "type": "Point",
        "coordinates": [
          104.054746,
          30.615382
        ]
      },
      "properties": {
        "name": "雅诺医疗",
        "category": "medical",
        "type": "医疗保健服务;诊所;诊所",
        "district": "武侯区",
        "weight": 3
      }
    },
    {
      "type": "Feature",
      "geometry": {
        "type": "Point",
        "coordinates": [
          104.060953,
          30.618673
        ]
      },
      "properties": {
        "name": "汉密尔顿美容医院",
        "category": "medical",
        "type": "医疗保健服务;专科医院;整形美容",
        "district": "武侯区",
        "weight": 1
      }
    },
    {
      "type": "Feature",
      "geometry": {
        "type": "Point",
        "coordinates": [
          104.059786,
          30.613949
        ]
      },
      "properties": {
        "name": "御民堂大药房(桐梓林店)",
        "category": "medical",
        "type": "医疗保健服务;医药保健销售店;药房",
        "district": "武侯区",
        "weight": 1
      }
    },
    {
      "type": "Feature",
      "geometry": {
        "type": "Point",
        "coordinates": [
          104.062614,
          30.611487
        ]
      },
      "properties": {
        "name": "桐梓林卫生室",
        "category": "medical",
        "type": "医疗保健服务;诊所;诊所",
        "district": "武侯区",
        "weight": 4
      }
    },
    {
      "type": "Feature",
      "geometry": {
        "type": "Point",
        "coordinates": [
          104.062203,
          30.613978
        ]
      },
      "properties": {
        "name": "晋元诊所",
        "category": "medical",
        "type": "医疗保健服务;诊所;诊所",
        "district": "武侯区",
        "weight": 1
      }
    },
    {
      "type": "Feature",
      "geometry": {
        "type": "Point",
        "coordinates": [
          104.057739,
          30.613636
        ]
      },
      "properties": {
        "name": "钟树安诊所",
        "category": "medical",
        "type": "医疗保健服务;诊所;诊所",
        "district": "武侯区",
        "weight": 2
      }
    },
    {
      "type": "Feature",
      "geometry": {
        "type": "Point",
        "coordinates": [
          104.05553,
          30.613927
        ]
      },
      "properties": {
        "name": "诚康药房",
        "category": "medical",
        "type": "医疗保健服务;医药保健销售店;药房",
        "district": "武侯区",
        "weight": 3
      }
    },
    {
      "type": "Feature",
      "geometry": {
        "type": "Point",
        "coordinates": [
          104.058766,
          30.618674
        ]
      },
      "properties": {
        "name": "华安堂(桐梓林北路药店)",
        "category": "medical",
        "type": "医疗保健服务;医药保健销售店;药房",
        "district": "武侯区",
        "weight": 1
      }
    },
    {
      "type": "Feature",
      "geometry": {
        "type": "Point",
        "coordinates": [
          104.068802,
          30.618647
        ]
      },
      "properties": {
        "name": "凯俪医疗美容",
        "category": "medical",
        "type": "医疗保健服务;专科医院;专科医院",
        "district": "武侯区",
        "weight": 7
      }
    },
    {
      "type": "Feature",
      "geometry": {
        "type": "Point",
        "coordinates": [
          104.06565,
          30.618476
        ]
      },
      "properties": {
        "name": "港华悦容医疗美容",
        "category": "medical",
        "type": "医疗保健服务;专科医院;专科医院",
        "district": "武侯区",
        "weight": 1
      }
    },
    {
      "type": "Feature",
      "geometry": {
        "type": "Point",
        "coordinates": [
          104.069018,
          30.61319
        ]
      },
      "properties": {
        "name": "航银牙科",
        "category": "medical",
        "type": "医疗保健服务;专科医院;口腔医院",
        "district": "武侯区",
        "weight": 42
      }
    },
    {
      "type": "Feature",
      "geometry": {
        "type": "Point",
        "coordinates": [
          104.065489,
          30.615656
        ]
      },
      "properties": {
        "name": "瑞泰口腔医院",
        "category": "medical",
        "type": "医疗保健服务;专科医院;口腔医院",
        "district": "武侯区",
        "weight": 23
      }
    },
    {
      "type": "Feature",
      "geometry": {
        "type": "Point",
        "coordinates": [
          104.072644,
          30.617159
        ]
      },
      "properties": {
        "name": "高博口腔",
        "category": "medical",
        "type": "医疗保健服务;专科医院;口腔医院",
        "district": "武侯区",
        "weight": 2
      }
    },
    {
      "type": "Feature",
      "geometry": {
        "type": "Point",
        "coordinates": [
          104.074626,
          30.612184
        ]
      },
      "properties": {
        "name": "唐牙科",
        "category": "medical",
        "type": "医疗保健服务;专科医院;口腔医院",
        "district": "武侯区",
        "weight": 10
      }
    },
    {
      "type": "Feature",
      "geometry": {
        "type": "Point",
        "coordinates": [
          104.078556,
          30.610826
        ]
      },
      "properties": {
        "name": "纯福雅乐口腔",
        "category": "medical",
        "type": "医疗保健服务;专科医院;口腔医院|医疗保健服务;诊所;诊所",
        "district": "武侯区",
        "weight": 7
      }
    },
    {
      "type": "Feature",
      "geometry": {
        "type": "Point",
        "coordinates": [
          104.077222,
          30.618554
        ]
      },
      "properties": {
        "name": "张均勒诊所",
        "category": "medical",
        "type": "医疗保健服务;诊所;诊所",
        "district": "武侯区",
        "weight": 3
      }
    },
    {
      "type": "Feature",
      "geometry": {
        "type": "Point",
        "coordinates": [
          104.079736,
          30.615196
        ]
      },
      "properties": {
        "name": "瑞康牙科",
        "category": "medical",
        "type": "医疗保健服务;专科医院;口腔医院",
        "district": "武侯区",
        "weight": 7
      }
    },
    {
      "type": "Feature",
      "geometry": {
        "type": "Point",
        "coordinates": [
          104.082824,
          30.611286
        ]
      },
      "properties": {
        "name": "怀仁骨伤",
        "category": "medical",
        "type": "医疗保健服务;专科医院;骨科医院",
        "district": "武侯区",
        "weight": 1
      }
    },
    {
      "type": "Feature",
      "geometry": {
        "type": "Point",
        "coordinates": [
          104.080178,
          30.618299
        ]
      },
      "properties": {
        "name": "百信药业(高攀店)",
        "category": "medical",
        "type": "医疗保健服务;医药保健销售店;药房",
        "district": "武侯区",
        "weight": 1
      }
    },
    {
      "type": "Feature",
      "geometry": {
        "type": "Point",
        "coordinates": [
          104.088119,
          30.61418
        ]
      },
      "properties": {
        "name": "遂源堂国医馆",
        "category": "medical",
        "type": "医疗保健服务;诊所;诊所",
        "district": "锦江区",
        "weight": 10
      }
    },
    {
      "type": "Feature",
      "geometry": {
        "type": "Point",
        "coordinates": [
          104.091292,
          30.617015
        ]
      },
      "properties": {
        "name": "中道诊所",
        "category": "medical",
        "type": "医疗保健服务;诊所;诊所",
        "district": "锦江区",
        "weight": 7
      }
    },
    {
      "type": "Feature",
      "geometry": {
        "type": "Point",
        "coordinates": [
          104.091887,
          30.613219
        ]
      },
      "properties": {
        "name": "静安口腔",
        "category": "medical",
        "type": "医疗保健服务;专科医院;口腔医院",
        "district": "锦江区",
        "weight": 1
      }
    },
    {
      "type": "Feature",
      "geometry": {
        "type": "Point",
        "coordinates": [
          104.095322,
          30.610122
        ]
      },
      "properties": {
        "name": "盐石骨道",
        "category": "medical",
        "type": "医疗保健服务;专科医院;骨科医院",
        "district": "锦江区",
        "weight": 4
      }
    },
    {
      "type": "Feature",
      "geometry": {
        "type": "Point",
        "coordinates": [
          104.098498,
          30.612936
        ]
      },
      "properties": {
        "name": "德美口腔门诊",
        "category": "medical",
        "type": "医疗保健服务;专科医院;口腔医院",
        "district": "锦江区",
        "weight": 10
      }
    },
    {
      "type": "Feature",
      "geometry": {
        "type": "Point",
        "coordinates": [
          104.099104,
          30.609506
        ]
      },
      "properties": {
        "name": "同一堂(金象店)",
        "category": "medical",
        "type": "医疗保健服务;医药保健销售店;药房",
        "district": "锦江区",
        "weight": 5
      }
    },
    {
      "type": "Feature",
      "geometry": {
        "type": "Point",
        "coordinates": [
          104.102164,
          30.614183
        ]
      },
      "properties": {
        "name": "太极大药房(东淩店)",
        "category": "medical",
        "type": "医疗保健服务;医药保健销售店;药房",
        "district": "锦江区",
        "weight": 3
      }
    },
    {
      "type": "Feature",
      "geometry": {
        "type": "Point",
        "coordinates": [
          104.112958,
          30.613256
        ]
      },
      "properties": {
        "name": "亘古正和堂中医馆",
        "category": "medical",
        "type": "医疗保健服务;诊所;诊所",
        "district": "锦江区",
        "weight": 7
      }
    },
    {
      "type": "Feature",
      "geometry": {
        "type": "Point",
        "coordinates": [
          104.112097,
          30.61882
        ]
      },
      "properties": {
        "name": "凯尔牙科诊所",
        "category": "medical",
        "type": "医疗保健服务;专科医院;口腔医院",
        "district": "锦江区",
        "weight": 5
      }
    },
    {
      "type": "Feature",
      "geometry": {
        "type": "Point",
        "coordinates": [
          104.104861,
          30.61087
        ]
      },
      "properties": {
        "name": "金像寺村卫生站",
        "category": "medical",
        "type": "医疗保健服务;诊所;诊所",
        "district": "锦江区",
        "weight": 1
      }
    },
    {
      "type": "Feature",
      "geometry": {
        "type": "Point",
        "coordinates": [
          104.104445,
          30.613961
        ]
      },
      "properties": {
        "name": "爱心诊所",
        "category": "medical",
        "type": "医疗保健服务;诊所;诊所",
        "district": "锦江区",
        "weight": 2
      }
    },
    {
      "type": "Feature",
      "geometry": {
        "type": "Point",
        "coordinates": [
          104.121922,
          30.618085
        ]
      },
      "properties": {
        "name": "康新大药房",
        "category": "medical",
        "type": "医疗保健服务;医药保健销售店;药房",
        "district": "锦江区",
        "weight": 6
      }
    },
    {
      "type": "Feature",
      "geometry": {
        "type": "Point",
        "coordinates": [
          104.114847,
          30.609971
        ]
      },
      "properties": {
        "name": "诺亚齿科诊所",
        "category": "medical",
        "type": "医疗保健服务;专科医院;口腔医院|医疗保健服务;诊所;诊所",
        "district": "锦江区",
        "weight": 4
      }
    },
    {
      "type": "Feature",
      "geometry": {
        "type": "Point",
        "coordinates": [
          104.118653,
          30.61351
        ]
      },
      "properties": {
        "name": "四川师范大学医院",
        "category": "medical",
        "type": "医疗保健服务;综合医院;综合医院",
        "district": "锦江区",
        "weight": 1
      }
    },
    {
      "type": "Feature",
      "geometry": {
        "type": "Point",
        "coordinates": [
          104.117955,
          30.609603
        ]
      },
      "properties": {
        "name": "锦江鑫方元口腔",
        "category": "medical",
        "type": "医疗保健服务;专科医院;口腔医院",
        "district": "锦江区",
        "weight": 1
      }
    },
    {
      "type": "Feature",
      "geometry": {
        "type": "Point",
        "coordinates": [
          104.122059,
          30.613446
        ]
      },
      "properties": {
        "name": "师大西医诊所",
        "category": "medical",
        "type": "医疗保健服务;诊所;诊所",
        "district": "锦江区",
        "weight": 3
      }
    },
    {
      "type": "Feature",
      "geometry": {
        "type": "Point",
        "coordinates": [
          104.120832,
          30.616556
        ]
      },
      "properties": {
        "name": "千禧药房中医馆",
        "category": "medical",
        "type": "医疗保健服务;医药保健销售店;药房",
        "district": "锦江区",
        "weight": 2
      }
    },
    {
      "type": "Feature",
      "geometry": {
        "type": "Point",
        "coordinates": [
          104.115092,
          30.618679
        ]
      },
      "properties": {
        "name": "普济诊所(花园街店)",
        "category": "medical",
        "type": "医疗保健服务;诊所;诊所",
        "district": "锦江区",
        "weight": 1
      }
    },
    {
      "type": "Feature",
      "geometry": {
        "type": "Point",
        "coordinates": [
          104.123669,
          30.617056
        ]
      },
      "properties": {
        "name": "7436医院",
        "category": "medical",
        "type": "医疗保健服务;综合医院;综合医院",
        "district": "锦江区",
        "weight": 3
      }
    },
    {
      "type": "Feature",
      "geometry": {
        "type": "Point",
        "coordinates": [
          104.131462,
          30.613845
        ]
      },
      "properties": {
        "name": "龙翔大药房(国槐街)",
        "category": "medical",
        "type": "医疗保健服务;医药保健销售店;药房",
        "district": "锦江区",
        "weight": 8
      }
    },
    {
      "type": "Feature",
      "geometry": {
        "type": "Point",
        "coordinates": [
          104.129069,
          30.612242
        ]
      },
      "properties": {
        "name": "中医馆",
        "category": "medical",
        "type": "医疗保健服务;诊所;诊所",
        "district": "锦江区",
        "weight": 5
      }
    },
    {
      "type": "Feature",
      "geometry": {
        "type": "Point",
        "coordinates": [
          104.126373,
          30.609492
        ]
      },
      "properties": {
        "name": "锦江望江华生诊所",
        "category": "medical",
        "type": "医疗保健服务;诊所;诊所",
        "district": "锦江区",
        "weight": 3
      }
    },
    {
      "type": "Feature",
      "geometry": {
        "type": "Point",
        "coordinates": [
          104.131116,
          30.61196
        ]
      },
      "properties": {
        "name": "同康诊所",
        "category": "medical",
        "type": "医疗保健服务;专科医院;口腔医院",
        "district": "锦江区",
        "weight": 2
      }
    },
    {
      "type": "Feature",
      "geometry": {
        "type": "Point",
        "coordinates": [
          104.13138,
          30.616011
        ]
      },
      "properties": {
        "name": "仲林诊所",
        "category": "medical",
        "type": "医疗保健服务;诊所;诊所",
        "district": "锦江区",
        "weight": 2
      }
    },
    {
      "type": "Feature",
      "geometry": {
        "type": "Point",
        "coordinates": [
          104.127044,
          30.611434
        ]
      },
      "properties": {
        "name": "民间中草药",
        "category": "medical",
        "type": "医疗保健服务;医药保健销售店;药房",
        "district": "锦江区",
        "weight": 2
      }
    },
    {
      "type": "Feature",
      "geometry": {
        "type": "Point",
        "coordinates": [
          104.128974,
          30.617287
        ]
      },
      "properties": {
        "name": "贝尔康大药房(健福药房)",
        "category": "medical",
        "type": "医疗保健服务;医药保健销售店;药房",
        "district": "锦江区",
        "weight": 1
      }
    },
    {
      "type": "Feature",
      "geometry": {
        "type": "Point",
        "coordinates": [
          104.138656,
          30.617079
        ]
      },
      "properties": {
        "name": "成都市公共卫生临床医疗中心",
        "category": "medical",
        "type": "医疗保健服务;专科医院;传染病医院|医疗保健服务;综合医院;三级甲等医院",
        "district": "锦江区",
        "weight": 7
      }
    },
    {
      "type": "Feature",
      "geometry": {
        "type": "Point",
        "coordinates": [
          104.134285,
          30.611726
        ]
      },
      "properties": {
        "name": "凌霄诊所",
        "category": "medical",
        "type": "医疗保健服务;诊所;诊所",
        "district": "锦江区",
        "weight": 5
      }
    },
    {
      "type": "Feature",
      "geometry": {
        "type": "Point",
        "coordinates": [
          104.140176,
          30.610298
        ]
      },
      "properties": {
        "name": "慈丹阁",
        "category": "medical",
        "type": "医疗保健服务;诊所;诊所",
        "district": "锦江区",
        "weight": 2
      }
    },
    {
      "type": "Feature",
      "geometry": {
        "type": "Point",
        "coordinates": [
          104.137847,
          30.610632
        ]
      },
      "properties": {
        "name": "南光医院五桂桥诊所",
        "category": "medical",
        "type": "医疗保健服务;诊所;诊所",
        "district": "锦江区",
        "weight": 1
      }
    },
    {
      "type": "Feature",
      "geometry": {
        "type": "Point",
        "coordinates": [
          104.142235,
          30.610894
        ]
      },
      "properties": {
        "name": "早康诊所(樱花街)",
        "category": "medical",
        "type": "医疗保健服务;诊所;诊所",
        "district": "锦江区",
        "weight": 2
      }
    },
    {
      "type": "Feature",
      "geometry": {
        "type": "Point",
        "coordinates": [
          103.966514,
          30.607741
        ]
      },
      "properties": {
        "name": "泰康中西医诊所(金花街)",
        "category": "medical",
        "type": "医疗保健服务;诊所;诊所",
        "district": "武侯区",
        "weight": 2
      }
    },
    {
      "type": "Feature",
      "geometry": {
        "type": "Point",
        "coordinates": [
          103.9649,
          30.60919
        ]
      },
      "properties": {
        "name": "武侯康明诊所",
        "category": "medical",
        "type": "医疗保健服务;诊所;诊所",
        "district": "武侯区",
        "weight": 2
      }
    },
    {
      "type": "Feature",
      "geometry": {
        "type": "Point",
        "coordinates": [
          103.966243,
          30.605637
        ]
      },
      "properties": {
        "name": "利民门诊(金航路)",
        "category": "medical",
        "type": "医疗保健服务;诊所;诊所",
        "district": "武侯区",
        "weight": 1
      }
    },
    {
      "type": "Feature",
      "geometry": {
        "type": "Point",
        "coordinates": [
          103.969818,
          30.603451
        ]
      },
      "properties": {
        "name": "武侯宏济诊所",
        "category": "medical",
        "type": "医疗保健服务;诊所;诊所",
        "district": "武侯区",
        "weight": 1
      }
    },
    {
      "type": "Feature",
      "geometry": {
        "type": "Point",
        "coordinates": [
          103.972354,
          30.601849
        ]
      },
      "properties": {
        "name": "武侯区金花村卫生室",
        "category": "medical",
        "type": "医疗保健服务;诊所;诊所",
        "district": "武侯区",
        "weight": 1
      }
    },
    {
      "type": "Feature",
      "geometry": {
        "type": "Point",
        "coordinates": [
          103.975247,
          30.601067
        ]
      },
      "properties": {
        "name": "俊杰诊所",
        "category": "medical",
        "type": "医疗保健服务;诊所;诊所",
        "district": "武侯区",
        "weight": 7
      }
    },
    {
      "type": "Feature",
      "geometry": {
        "type": "Point",
        "coordinates": [
          103.975845,
          30.608689
        ]
      },
      "properties": {
        "name": "四川康贝大药房(智星二路)",
        "category": "medical",
        "type": "医疗保健服务;医药保健销售店;药房",
        "district": "武侯区",
        "weight": 1
      }
    },
    {
      "type": "Feature",
      "geometry": {
        "type": "Point",
        "coordinates": [
          103.991174,
          30.605274
        ]
      },
      "properties": {
        "name": "钟牙科",
        "category": "medical",
        "type": "医疗保健服务;专科医院;口腔医院",
        "district": "武侯区",
        "weight": 90
      }
    },
    {
      "type": "Feature",
      "geometry": {
        "type": "Point",
        "coordinates": [
          103.98737,
          30.605379
        ]
      },
      "properties": {
        "name": "华乐诊所(望锦东街)",
        "category": "medical",
        "type": "医疗保健服务;诊所;诊所",
        "district": "武侯区",
        "weight": 1
      }
    },
    {
      "type": "Feature",
      "geometry": {
        "type": "Point",
        "coordinates": [
          103.991919,
          30.60455
        ]
      },
      "properties": {
        "name": "双龙盛药房",
        "category": "medical",
        "type": "医疗保健服务;医药保健销售店;药房",
        "district": "武侯区",
        "weight": 2
      }
    },
    {
      "type": "Feature",
      "geometry": {
        "type": "Point",
        "coordinates": [
          104.002511,
          30.605751
        ]
      },
      "properties": {
        "name": "安贞医疗",
        "category": "medical",
        "type": "医疗保健服务;专科医院;妇科医院",
        "district": "武侯区",
        "weight": 12
      }
    },
    {
      "type": "Feature",
      "geometry": {
        "type": "Point",
        "coordinates": [
          103.995012,
          30.599884
        ]
      },
      "properties": {
        "name": "君医口腔",
        "category": "medical",
        "type": "医疗保健服务;专科医院;口腔医院|医疗保健服务;诊所;诊所",
        "district": "武侯区",
        "weight": 6
      }
    },
    {
      "type": "Feature",
      "geometry": {
        "type": "Point",
        "coordinates": [
          103.997716,
          30.606389
        ]
      },
      "properties": {
        "name": "琪霖诊所",
        "category": "medical",
        "type": "医疗保健服务;诊所;诊所",
        "district": "武侯区",
        "weight": 5
      }
    },
    {
      "type": "Feature",
      "geometry": {
        "type": "Point",
        "coordinates": [
          104.002533,
          30.603114
        ]
      },
      "properties": {
        "name": "鼎峰大药房",
        "category": "medical",
        "type": "医疗保健服务;医药保健销售店;药房",
        "district": "武侯区",
        "weight": 3
      }
    },
    {
      "type": "Feature",
      "geometry": {
        "type": "Point",
        "coordinates": [
          104.005694,
          30.605676
        ]
      },
      "properties": {
        "name": "武侯康平诊所",
        "category": "medical",
        "type": "医疗保健服务;诊所;诊所",
        "district": "武侯区",
        "weight": 4
      }
    },
    {
      "type": "Feature",
      "geometry": {
        "type": "Point",
        "coordinates": [
          104.008486,
          30.608914
        ]
      },
      "properties": {
        "name": "慧兰诊所",
        "category": "medical",
        "type": "医疗保健服务;诊所;诊所",
        "district": "武侯区",
        "weight": 3
      }
    },
    {
      "type": "Feature",
      "geometry": {
        "type": "Point",
        "coordinates": [
          104.026376,
          30.602766
        ]
      },
      "properties": {
        "name": "四川省运动技术学院运动医疗门诊部",
        "category": "medical",
        "type": "医疗保健服务;诊所;诊所",
        "district": "武侯区",
        "weight": 1
      }
    },
    {
      "type": "Feature",
      "geometry": {
        "type": "Point",
        "coordinates": [
          104.026668,
          30.60661
        ]
      },
      "properties": {
        "name": "吴云诊所",
        "category": "medical",
        "type": "医疗保健服务;诊所;诊所",
        "district": "武侯区",
        "weight": 10
      }
    },
    {
      "type": "Feature",
      "geometry": {
        "type": "Point",
        "coordinates": [
          104.029175,
          30.604126
        ]
      },
      "properties": {
        "name": "仁义诊所",
        "category": "medical",
        "type": "医疗保健服务;诊所;诊所",
        "district": "武侯区",
        "weight": 1
      }
    },
    {
      "type": "Feature",
      "geometry": {
        "type": "Point",
        "coordinates": [
          104.024707,
          30.604956
        ]
      },
      "properties": {
        "name": "恒诚大药房",
        "category": "medical",
        "type": "医疗保健服务;医药保健销售店;药房",
        "district": "武侯区",
        "weight": 2
      }
    },
    {
      "type": "Feature",
      "geometry": {
        "type": "Point",
        "coordinates": [
          104.036251,
          30.60799
        ]
      },
      "properties": {
        "name": "慧达诊所",
        "category": "medical",
        "type": "医疗保健服务;诊所;诊所",
        "district": "武侯区",
        "weight": 11
      }
    },
    {
      "type": "Feature",
      "geometry": {
        "type": "Point",
        "coordinates": [
          104.038162,
          30.605583
        ]
      },
      "properties": {
        "name": "太极大药房(润新大药房)",
        "category": "medical",
        "type": "医疗保健服务;医药保健销售店;药房",
        "district": "武侯区",
        "weight": 2
      }
    },
    {
      "type": "Feature",
      "geometry": {
        "type": "Point",
        "coordinates": [
          104.034603,
          30.601079
        ]
      },
      "properties": {
        "name": "德仁堂(美州花园店)",
        "category": "medical",
        "type": "医疗保健服务;医药保健销售店;药房",
        "district": "武侯区",
        "weight": 1
      }
    },
    {
      "type": "Feature",
      "geometry": {
        "type": "Point",
        "coordinates": [
          104.041855,
          30.606451
        ]
      },
      "properties": {
        "name": "健霖诊所",
        "category": "medical",
        "type": "医疗保健服务;诊所;诊所",
        "district": "武侯区",
        "weight": 2
      }
    },
    {
      "type": "Feature",
      "geometry": {
        "type": "Point",
        "coordinates": [
          104.03504,
          30.602703
        ]
      },
      "properties": {
        "name": "高新区美康堂大药房",
        "category": "medical",
        "type": "医疗保健服务;医药保健销售店;药房",
        "district": "武侯区",
        "weight": 3
      }
    },
    {
      "type": "Feature",
      "geometry": {
        "type": "Point",
        "coordinates": [
          104.051653,
          30.604167
        ]
      },
      "properties": {
        "name": "艾玛医疗美容",
        "category": "medical",
        "type": "医疗保健服务;专科医院;整形美容",
        "district": "武侯区",
        "weight": 1
      }
    },
    {
      "type": "Feature",
      "geometry": {
        "type": "Point",
        "coordinates": [
          104.049873,
          30.602708
        ]
      },
      "properties": {
        "name": "康仁堂药房(泰和二街)",
        "category": "medical",
        "type": "医疗保健服务;医药保健销售店;药房",
        "district": "武侯区",
        "weight": 2
      }
    },
    {
      "type": "Feature",
      "geometry": {
        "type": "Point",
        "coordinates": [
          104.060045,
          30.607856
        ]
      },
      "properties": {
        "name": "百信药业(广和药店)",
        "category": "medical",
        "type": "医疗保健服务;医药保健销售店;药房",
        "district": "武侯区",
        "weight": 1
      }
    },
    {
      "type": "Feature",
      "geometry": {
        "type": "Point",
        "coordinates": [
          104.057429,
          30.602077
        ]
      },
      "properties": {
        "name": "可斐口腔",
        "category": "medical",
        "type": "医疗保健服务;专科医院;口腔医院",
        "district": "武侯区",
        "weight": 1
      }
    },
    {
      "type": "Feature",
      "geometry": {
        "type": "Point",
        "coordinates": [
          104.058918,
          30.604524
        ]
      },
      "properties": {
        "name": "德仁堂",
        "category": "medical",
        "type": "医疗保健服务;医药保健销售店;药房",
        "district": "武侯区",
        "weight": 2
      }
    },
    {
      "type": "Feature",
      "geometry": {
        "type": "Point",
        "coordinates": [
          104.05463,
          30.605805
        ]
      },
      "properties": {
        "name": "德仁堂(盛和二路)",
        "category": "medical",
        "type": "医疗保健服务;医药保健销售店;药房",
        "district": "武侯区",
        "weight": 1
      }
    },
    {
      "type": "Feature",
      "geometry": {
        "type": "Point",
        "coordinates": [
          104.070518,
          30.603495
        ]
      },
      "properties": {
        "name": "恒泰牙科",
        "category": "medical",
        "type": "医疗保健服务;专科医院;口腔医院",
        "district": "武侯区",
        "weight": 11
      }
    },
    {
      "type": "Feature",
      "geometry": {
        "type": "Point",
        "coordinates": [
          104.07114,
          30.606325
        ]
      },
      "properties": {
        "name": "瑞康大药房(天和路)",
        "category": "medical",
        "type": "医疗保健服务;医药保健销售店;药房",
        "district": "武侯区",
        "weight": 1
      }
    },
    {
      "type": "Feature",
      "geometry": {
        "type": "Point",
        "coordinates": [
          104.070755,
          30.607658
        ]
      },
      "properties": {
        "name": "万和大药房(天仁北二街)",
        "category": "medical",
        "type": "医疗保健服务;医药保健销售店;药房",
        "district": "武侯区",
        "weight": 1
      }
    },
    {
      "type": "Feature",
      "geometry": {
        "type": "Point",
        "coordinates": [
          104.079297,
          30.607085
        ]
      },
      "properties": {
        "name": "百姓药业",
        "category": "medical",
        "type": "医疗保健服务;医药保健销售店;药房",
        "district": "武侯区",
        "weight": 9
      }
    },
    {
      "type": "Feature",
      "geometry": {
        "type": "Point",
        "coordinates": [
          104.076127,
          30.603892
        ]
      },
      "properties": {
        "name": "圣贝牙科(高新店)",
        "category": "medical",
        "type": "医疗保健服务;专科医院;口腔医院",
        "district": "武侯区",
        "weight": 1
      }
    },
    {
      "type": "Feature",
      "geometry": {
        "type": "Point",
        "coordinates": [
          104.094466,
          30.605743
        ]
      },
      "properties": {
        "name": "门诊",
        "category": "medical",
        "type": "医疗保健服务;综合医院;综合医院",
        "district": "锦江区",
        "weight": 43
      }
    },
    {
      "type": "Feature",
      "geometry": {
        "type": "Point",
        "coordinates": [
          104.087452,
          30.605823
        ]
      },
      "properties": {
        "name": "人仁堂诊所",
        "category": "medical",
        "type": "医疗保健服务;诊所;诊所",
        "district": "锦江区",
        "weight": 3
      }
    },
    {
      "type": "Feature",
      "geometry": {
        "type": "Point",
        "coordinates": [
          104.086171,
          30.600678
        ]
      },
      "properties": {
        "name": "四川贝尔康大药房",
        "category": "medical",
        "type": "医疗保健服务;医药保健销售店;药房",
        "district": "锦江区",
        "weight": 3
      }
    },
    {
      "type": "Feature",
      "geometry": {
        "type": "Point",
        "coordinates": [
          104.088368,
          30.609024
        ]
      },
      "properties": {
        "name": "宾顿·伽诗丹",
        "category": "medical",
        "type": "医疗保健服务;专科医院;整形美容",
        "district": "锦江区",
        "weight": 1
      }
    },
    {
      "type": "Feature",
      "geometry": {
        "type": "Point",
        "coordinates": [
          104.097065,
          30.600248
        ]
      },
      "properties": {
        "name": "锦江罗载鑫诊所",
        "category": "medical",
        "type": "医疗保健服务;诊所;诊所",
        "district": "锦江区",
        "weight": 4
      }
    },
    {
      "type": "Feature",
      "geometry": {
        "type": "Point",
        "coordinates": [
          104.097861,
          30.602713
        ]
      },
      "properties": {
        "name": "成都长峰医院",
        "category": "medical",
        "type": "医疗保健服务;专科医院;肿瘤医院",
        "district": "锦江区",
        "weight": 3
      }
    },
    {
      "type": "Feature",
      "geometry": {
        "type": "Point",
        "coordinates": [
          104.103808,
          30.605336
        ]
      },
      "properties": {
        "name": "瑞仁堂大药房",
        "category": "medical",
        "type": "医疗保健服务;医药保健销售店;药房",
        "district": "锦江区",
        "weight": 10
      }
    },
    {
      "type": "Feature",
      "geometry": {
        "type": "Point",
        "coordinates": [
          104.10064,
          30.601799
        ]
      },
      "properties": {
        "name": "南府诊所(经天西路)",
        "category": "medical",
        "type": "医疗保健服务;诊所;诊所",
        "district": "锦江区",
        "weight": 3
      }
    },
    {
      "type": "Feature",
      "geometry": {
        "type": "Point",
        "coordinates": [
          104.10267,
          30.609051
        ]
      },
      "properties": {
        "name": "德康大药房",
        "category": "medical",
        "type": "医疗保健服务;医药保健销售店;药房",
        "district": "锦江区",
        "weight": 3
      }
    },
    {
      "type": "Feature",
      "geometry": {
        "type": "Point",
        "coordinates": [
          104.10204,
          30.599665
        ]
      },
      "properties": {
        "name": "锦江俊德诊所(经天三街)",
        "category": "medical",
        "type": "医疗保健服务;诊所;诊所",
        "district": "锦江区",
        "weight": 1
      }
    },
    {
      "type": "Feature",
      "geometry": {
        "type": "Point",
        "coordinates": [
          104.094363,
          30.601377
        ]
      },
      "properties": {
        "name": "成都本草堂药品(文怡店)",
        "category": "medical",
        "type": "医疗保健服务;医药保健销售店;药房",
        "district": "锦江区",
        "weight": 1
      }
    },
    {
      "type": "Feature",
      "geometry": {
        "type": "Point",
        "coordinates": [
          104.105812,
          30.603186
        ]
      },
      "properties": {
        "name": "本草堂(天缘药店)",
        "category": "medical",
        "type": "医疗保健服务;医药保健销售店;药房",
        "district": "锦江区",
        "weight": 2
      }
    },
    {
      "type": "Feature",
      "geometry": {
        "type": "Point",
        "coordinates": [
          104.107588,
          30.601621
        ]
      },
      "properties": {
        "name": "成都市第一精神卫生防治院老年第二住院部",
        "category": "medical",
        "type": "医疗保健服务;专科医院;精神病医院",
        "district": "锦江区",
        "weight": 1
      }
    },
    {
      "type": "Feature",
      "geometry": {
        "type": "Point",
        "coordinates": [
          104.121376,
          30.60304
        ]
      },
      "properties": {
        "name": "凌能诊所",
        "category": "medical",
        "type": "医疗保健服务;诊所;诊所",
        "district": "锦江区",
        "weight": 5
      }
    },
    {
      "type": "Feature",
      "geometry": {
        "type": "Point",
        "coordinates": [
          104.123939,
          30.605677
        ]
      },
      "properties": {
        "name": "百姓药业",
        "category": "medical",
        "type": "医疗保健服务;医药保健销售店;药房",
        "district": "锦江区",
        "weight": 12
      }
    },
    {
      "type": "Feature",
      "geometry": {
        "type": "Point",
        "coordinates": [
          104.116488,
          30.608783
        ]
      },
      "properties": {
        "name": "国科诊所(静安路)",
        "category": "medical",
        "type": "医疗保健服务;诊所;诊所",
        "district": "锦江区",
        "weight": 1
      }
    },
    {
      "type": "Feature",
      "geometry": {
        "type": "Point",
        "coordinates": [
          104.128938,
          30.608748
        ]
      },
      "properties": {
        "name": "芳宇口腔",
        "category": "medical",
        "type": "医疗保健服务;专科医院;口腔医院",
        "district": "锦江区",
        "weight": 5
      }
    },
    {
      "type": "Feature",
      "geometry": {
        "type": "Point",
        "coordinates": [
          104.131137,
          30.607333
        ]
      },
      "properties": {
        "name": "口腔科",
        "category": "medical",
        "type": "医疗保健服务;专科医院;口腔医院",
        "district": "锦江区",
        "weight": 11
      }
    },
    {
      "type": "Feature",
      "geometry": {
        "type": "Point",
        "coordinates": [
          104.128831,
          30.601158
        ]
      },
      "properties": {
        "name": "美联口腔",
        "category": "medical",
        "type": "医疗保健服务;专科医院;口腔医院|医疗保健服务;诊所;诊所",
        "district": "锦江区",
        "weight": 1
      }
    },
    {
      "type": "Feature",
      "geometry": {
        "type": "Point",
        "coordinates": [
          104.127129,
          30.607686
        ]
      },
      "properties": {
        "name": "罗美汇健康药房",
        "category": "medical",
        "type": "医疗保健服务;医药保健销售店;药房",
        "district": "锦江区",
        "weight": 1
      }
    },
    {
      "type": "Feature",
      "geometry": {
        "type": "Point",
        "coordinates": [
          104.14075,
          30.60011
        ]
      },
      "properties": {
        "name": "朴康大药房",
        "category": "medical",
        "type": "医疗保健服务;医药保健销售店;药房",
        "district": "锦江区",
        "weight": 3
      }
    },
    {
      "type": "Feature",
      "geometry": {
        "type": "Point",
        "coordinates": [
          104.143016,
          30.607742
        ]
      },
      "properties": {
        "name": "君泰药房",
        "category": "medical",
        "type": "医疗保健服务;医药保健销售店;药房",
        "district": "锦江区",
        "weight": 4
      }
    },
    {
      "type": "Feature",
      "geometry": {
        "type": "Point",
        "coordinates": [
          104.134453,
          30.601516
        ]
      },
      "properties": {
        "name": "锦江仁华诊所",
        "category": "medical",
        "type": "医疗保健服务;诊所;诊所",
        "district": "锦江区",
        "weight": 3
      }
    },
    {
      "type": "Feature",
      "geometry": {
        "type": "Point",
        "coordinates": [
          104.142667,
          30.600104
        ]
      },
      "properties": {
        "name": "国科诊所(锦江大道)",
        "category": "medical",
        "type": "医疗保健服务;诊所;诊所",
        "district": "锦江区",
        "weight": 2
      }
    },
    {
      "type": "Feature",
      "geometry": {
        "type": "Point",
        "coordinates": [
          104.135418,
          30.604955
        ]
      },
      "properties": {
        "name": "百汇吉锦江逸家诊所",
        "category": "medical",
        "type": "医疗保健服务;诊所;诊所",
        "district": "锦江区",
        "weight": 2
      }
    },
    {
      "type": "Feature",
      "geometry": {
        "type": "Point",
        "coordinates": [
          104.149208,
          30.606802
        ]
      },
      "properties": {
        "name": "泰铭堂药房",
        "category": "medical",
        "type": "医疗保健服务;医药保健销售店;药房",
        "district": "锦江区",
        "weight": 4
      }
    },
    {
      "type": "Feature",
      "geometry": {
        "type": "Point",
        "coordinates": [
          104.145673,
          30.602424
        ]
      },
      "properties": {
        "name": "御锦大药房",
        "category": "medical",
        "type": "医疗保健服务;医药保健销售店;药房",
        "district": "锦江区",
        "weight": 1
      }
    },
    {
      "type": "Feature",
      "geometry": {
        "type": "Point",
        "coordinates": [
          103.973429,
          30.592753
        ]
      },
      "properties": {
        "name": "神和诊所",
        "category": "medical",
        "type": "医疗保健服务;诊所;诊所",
        "district": "武侯区",
        "weight": 7
      }
    },
    {
      "type": "Feature",
      "geometry": {
        "type": "Point",
        "coordinates": [
          103.969583,
          30.59371
        ]
      },
      "properties": {
        "name": "俊茂诊所",
        "category": "medical",
        "type": "医疗保健服务;诊所;诊所",
        "district": "武侯区",
        "weight": 3
      }
    },
    {
      "type": "Feature",
      "geometry": {
        "type": "Point",
        "coordinates": [
          103.971719,
          30.59027
        ]
      },
      "properties": {
        "name": "康旺堂药房",
        "category": "medical",
        "type": "医疗保健服务;医药保健销售店;药房",
        "district": "武侯区",
        "weight": 4
      }
    },
    {
      "type": "Feature",
      "geometry": {
        "type": "Point",
        "coordinates": [
          103.966941,
          30.596871
        ]
      },
      "properties": {
        "name": "本草堂药品(欣亿药房)",
        "category": "medical",
        "type": "医疗保健服务;医药保健销售店;药房",
        "district": "武侯区",
        "weight": 1
      }
    },
    {
      "type": "Feature",
      "geometry": {
        "type": "Point",
        "coordinates": [
          103.984445,
          30.597971
        ]
      },
      "properties": {
        "name": "武侯众康诊所",
        "category": "medical",
        "type": "医疗保健服务;诊所;诊所",
        "district": "武侯区",
        "weight": 5
      }
    },
    {
      "type": "Feature",
      "geometry": {
        "type": "Point",
        "coordinates": [
          103.989019,
          30.598857
        ]
      },
      "properties": {
        "name": "新苗村卫生室",
        "category": "medical",
        "type": "医疗保健服务;诊所;诊所",
        "district": "武侯区",
        "weight": 5
      }
    },
    {
      "type": "Feature",
      "geometry": {
        "type": "Point",
        "coordinates": [
          103.992308,
          30.599426
        ]
      },
      "properties": {
        "name": "思淇诊所",
        "category": "medical",
        "type": "医疗保健服务;诊所;诊所",
        "district": "武侯区",
        "weight": 2
      }
    },
    {
      "type": "Feature",
      "geometry": {
        "type": "Point",
        "coordinates": [
          103.997129,
          30.596772
        ]
      },
      "properties": {
        "name": "润康大药房(文昌路)",
        "category": "medical",
        "type": "医疗保健服务;医药保健销售店;药房",
        "district": "武侯区",
        "weight": 2
      }
    },
    {
      "type": "Feature",
      "geometry": {
        "type": "Point",
        "coordinates": [
          103.997993,
          30.594068
        ]
      },
      "properties": {
        "name": "百信·禾瑞药店",
        "category": "medical",
        "type": "医疗保健服务;医药保健销售店;药房",
        "district": "武侯区",
        "weight": 1
      }
    },
    {
      "type": "Feature",
      "geometry": {
        "type": "Point",
        "coordinates": [
          104.007007,
          30.590161
        ]
      },
      "properties": {
        "name": "华兴三河社区卫生服务站",
        "category": "medical",
        "type": "医疗保健服务;综合医院;卫生院",
        "district": "武侯区",
        "weight": 2
      }
    },
    {
      "type": "Feature",
      "geometry": {
        "type": "Point",
        "coordinates": [
          104.009484,
          30.590921
        ]
      },
      "properties": {
        "name": "武侯区珍爱诊所",
        "category": "medical",
        "type": "医疗保健服务;诊所;诊所",
        "district": "武侯区",
        "weight": 3
      }
    },
    {
      "type": "Feature",
      "geometry": {
        "type": "Point",
        "coordinates": [
          104.010368,
          30.593741
        ]
      },
      "properties": {
        "name": "百信药业(利兴店)",
        "category": "medical",
        "type": "医疗保健服务;医药保健销售店;药房",
        "district": "武侯区",
        "weight": 1
      }
    },
    {
      "type": "Feature",
      "geometry": {
        "type": "Point",
        "coordinates": [
          104.008408,
          30.593286
        ]
      },
      "properties": {
        "name": "四川康贝大药房(全发大药房)",
        "category": "medical",
        "type": "医疗保健服务;医药保健销售店;药房",
        "district": "武侯区",
        "weight": 1
      }
    },
    {
      "type": "Feature",
      "geometry": {
        "type": "Point",
        "coordinates": [
          104.018805,
          30.594796
        ]
      },
      "properties": {
        "name": "百姓药房",
        "category": "medical",
        "type": "医疗保健服务;医药保健销售店;药房",
        "district": "武侯区",
        "weight": 8
      }
    },
    {
      "type": "Feature",
      "geometry": {
        "type": "Point",
        "coordinates": [
          104.017093,
          30.593255
        ]
      },
      "properties": {
        "name": "于海中医诊所",
        "category": "medical",
        "type": "医疗保健服务;诊所;诊所",
        "district": "武侯区",
        "weight": 1
      }
    },
    {
      "type": "Feature",
      "geometry": {
        "type": "Point",
        "coordinates": [
          104.021867,
          30.595251
        ]
      },
      "properties": {
        "name": "康美龙大药房(围机路)",
        "category": "medical",
        "type": "医疗保健服务;医药保健销售店;药房",
        "district": "武侯区",
        "weight": 1
      }
    },
    {
      "type": "Feature",
      "geometry": {
        "type": "Point",
        "coordinates": [
          104.016881,
          30.590492
        ]
      },
      "properties": {
        "name": "成都恒安堂大药房(兰君大药房)",
        "category": "medical",
        "type": "医疗保健服务;医药保健销售店;药房",
        "district": "武侯区",
        "weight": 1
      }
    },
    {
      "type": "Feature",
      "geometry": {
        "type": "Point",
        "coordinates": [
          104.02713,
          30.595258
        ]
      },
      "properties": {
        "name": "四川康贝大药房(英顺大药房)",
        "category": "medical",
        "type": "医疗保健服务;医药保健销售店;药房",
        "district": "武侯区",
        "weight": 1
      }
    },
    {
      "type": "Feature",
      "geometry": {
        "type": "Point",
        "coordinates": [
          104.052469,
          30.595293
        ]
      },
      "properties": {
        "name": "蕊康医疗",
        "category": "medical",
        "type": "医疗保健服务;诊所;诊所",
        "district": "武侯区",
        "weight": 6
      }
    },
    {
      "type": "Feature",
      "geometry": {
        "type": "Point",
        "coordinates": [
          104.049757,
          30.592265
        ]
      },
      "properties": {
        "name": "成都市第一人民医院",
        "category": "medical",
        "type": "医疗保健服务;综合医院;三级甲等医院",
        "district": "武侯区",
        "weight": 71
      }
    },
    {
      "type": "Feature",
      "geometry": {
        "type": "Point",
        "coordinates": [
          104.052577,
          30.589954
        ]
      },
      "properties": {
        "name": "皓雅口腔(成汉南路)",
        "category": "medical",
        "type": "医疗保健服务;专科医院;口腔医院",
        "district": "武侯区",
        "weight": 4
      }
    },
    {
      "type": "Feature",
      "geometry": {
        "type": "Point",
        "coordinates": [
          104.046436,
          30.594977
        ]
      },
      "properties": {
        "name": "涌泉堂大药房",
        "category": "medical",
        "type": "医疗保健服务;医药保健销售店;药房",
        "district": "武侯区",
        "weight": 1
      }
    },
    {
      "type": "Feature",
      "geometry": {
        "type": "Point",
        "coordinates": [
          104.052838,
          30.597452
        ]
      },
      "properties": {
        "name": "康瑞堂药房",
        "category": "medical",
        "type": "医疗保健服务;医药保健销售店;药房",
        "district": "武侯区",
        "weight": 1
      }
    },
    {
      "type": "Feature",
      "geometry": {
        "type": "Point",
        "coordinates": [
          104.0605,
          30.597884
        ]
      },
      "properties": {
        "name": "九生堂大药房",
        "category": "medical",
        "type": "医疗保健服务;医药保健销售店;药房",
        "district": "武侯区",
        "weight": 7
      }
    },
    {
      "type": "Feature",
      "geometry": {
        "type": "Point",
        "coordinates": [
          104.058782,
          30.594722
        ]
      },
      "properties": {
        "name": "成都职业技术学院高新校区医务室",
        "category": "medical",
        "type": "医疗保健服务;诊所;诊所",
        "district": "武侯区",
        "weight": 1
      }
    },
    {
      "type": "Feature",
      "geometry": {
        "type": "Point",
        "coordinates": [
          104.063658,
          30.594061
        ]
      },
      "properties": {
        "name": "安生美高新国际诊所",
        "category": "medical",
        "type": "医疗保健服务;诊所;诊所",
        "district": "武侯区",
        "weight": 3
      }
    },
    {
      "type": "Feature",
      "geometry": {
        "type": "Point",
        "coordinates": [
          104.072568,
          30.595336
        ]
      },
      "properties": {
        "name": "一洲牙科",
        "category": "medical",
        "type": "医疗保健服务;专科医院;口腔医院|医疗保健服务;诊所;诊所",
        "district": "武侯区",
        "weight": 13
      }
    },
    {
      "type": "Feature",
      "geometry": {
        "type": "Point",
        "coordinates": [
          104.069478,
          30.593231
        ]
      },
      "properties": {
        "name": "天成大药房(天久南街)",
        "category": "medical",
        "type": "医疗保健服务;医药保健销售店;药房",
        "district": "武侯区",
        "weight": 2
      }
    },
    {
      "type": "Feature",
      "geometry": {
        "type": "Point",
        "coordinates": [
          104.068736,
          30.596898
        ]
      },
      "properties": {
        "name": "灸正堂中医馆",
        "category": "medical",
        "type": "医疗保健服务;诊所;诊所",
        "district": "武侯区",
        "weight": 4
      }
    },
    {
      "type": "Feature",
      "geometry": {
        "type": "Point",
        "coordinates": [
          104.072721,
          30.591707
        ]
      },
      "properties": {
        "name": "福原大药房(府城大道东段店)",
        "category": "medical",
        "type": "医疗保健服务;医药保健销售店;药房",
        "district": "武侯区",
        "weight": 1
      }
    },
    {
      "type": "Feature",
      "geometry": {
        "type": "Point",
        "coordinates": [
          104.067878,
          30.598824
        ]
      },
      "properties": {
        "name": "天顺大药房(天顺北街)",
        "category": "medical",
        "type": "医疗保健服务;医药保健销售店;药房",
        "district": "武侯区",
        "weight": 1
      }
    },
    {
      "type": "Feature",
      "geometry": {
        "type": "Point",
        "coordinates": [
          104.078114,
          30.595457
        ]
      },
      "properties": {
        "name": "善仁堂药房(濯锦路)",
        "category": "medical",
        "type": "医疗保健服务;医药保健销售店;药房",
        "district": "武侯区",
        "weight": 1
      }
    },
    {
      "type": "Feature",
      "geometry": {
        "type": "Point",
        "coordinates": [
          104.09104,
          30.591024
        ]
      },
      "properties": {
        "name": "包江桥村卫生站",
        "category": "medical",
        "type": "医疗保健服务;诊所;诊所",
        "district": "锦江区",
        "weight": 3
      }
    },
    {
      "type": "Feature",
      "geometry": {
        "type": "Point",
        "coordinates": [
          104.09341,
          30.593266
        ]
      },
      "properties": {
        "name": "百信药业(锦绣大药房)",
        "category": "medical",
        "type": "医疗保健服务;医药保健销售店;药房",
        "district": "锦江区",
        "weight": 1
      }
    },
    {
      "type": "Feature",
      "geometry": {
        "type": "Point",
        "coordinates": [
          104.095582,
          30.59088
        ]
      },
      "properties": {
        "name": "君和康大药房",
        "category": "medical",
        "type": "医疗保健服务;医药保健销售店;药房",
        "district": "锦江区",
        "weight": 8
      }
    },
    {
      "type": "Feature",
      "geometry": {
        "type": "Point",
        "coordinates": [
          104.105569,
          30.595614
        ]
      },
      "properties": {
        "name": "长树诊所",
        "category": "medical",
        "type": "医疗保健服务;诊所;诊所",
        "district": "锦江区",
        "weight": 13
      }
    },
    {
      "type": "Feature",
      "geometry": {
        "type": "Point",
        "coordinates": [
          104.108937,
          30.597987
        ]
      },
      "properties": {
        "name": "锦江区精神卫生中心",
        "category": "medical",
        "type": "医疗保健服务;专科医院;精神病医院",
        "district": "锦江区",
        "weight": 1
      }
    },
    {
      "type": "Feature",
      "geometry": {
        "type": "Point",
        "coordinates": [
          104.110349,
          30.594263
        ]
      },
      "properties": {
        "name": "东苑诊所",
        "category": "medical",
        "type": "医疗保健服务;诊所;诊所",
        "district": "锦江区",
        "weight": 10
      }
    },
    {
      "type": "Feature",
      "geometry": {
        "type": "Point",
        "coordinates": [
          104.110537,
          30.591209
        ]
      },
      "properties": {
        "name": "华仁医馆",
        "category": "medical",
        "type": "医疗保健服务;诊所;诊所",
        "district": "锦江区",
        "weight": 2
      }
    },
    {
      "type": "Feature",
      "geometry": {
        "type": "Point",
        "coordinates": [
          104.132392,
          30.596642
        ]
      },
      "properties": {
        "name": "华新村卫生站",
        "category": "medical",
        "type": "医疗保健服务;诊所;诊所",
        "district": "锦江区",
        "weight": 1
      }
    },
    {
      "type": "Feature",
      "geometry": {
        "type": "Point",
        "coordinates": [
          104.133097,
          30.598798
        ]
      },
      "properties": {
        "name": "德仁堂(卓锦城店)",
        "category": "medical",
        "type": "医疗保健服务;医药保健销售店;药房",
        "district": "锦江区",
        "weight": 1
      }
    },
    {
      "type": "Feature",
      "geometry": {
        "type": "Point",
        "coordinates": [
          104.134947,
          30.592728
        ]
      },
      "properties": {
        "name": "物联网连锁医院",
        "category": "medical",
        "type": "医疗保健服务;综合医院;综合医院",
        "district": "锦江区",
        "weight": 4
      }
    },
    {
      "type": "Feature",
      "geometry": {
        "type": "Point",
        "coordinates": [
          104.138496,
          30.59606
        ]
      },
      "properties": {
        "name": "索菲亚口腔",
        "category": "medical",
        "type": "医疗保健服务;专科医院;口腔医院|医疗保健服务;诊所;诊所",
        "district": "锦江区",
        "weight": 5
      }
    },
    {
      "type": "Feature",
      "geometry": {
        "type": "Point",
        "coordinates": [
          104.141614,
          30.597085
        ]
      },
      "properties": {
        "name": "道德诊所",
        "category": "medical",
        "type": "医疗保健服务;诊所;诊所",
        "district": "锦江区",
        "weight": 7
      }
    },
    {
      "type": "Feature",
      "geometry": {
        "type": "Point",
        "coordinates": [
          104.139087,
          30.592388
        ]
      },
      "properties": {
        "name": "锦江华都便民综合诊所",
        "category": "medical",
        "type": "医疗保健服务;诊所;诊所",
        "district": "锦江区",
        "weight": 1
      }
    },
    {
      "type": "Feature",
      "geometry": {
        "type": "Point",
        "coordinates": [
          104.143578,
          30.597747
        ]
      },
      "properties": {
        "name": "百汇吉锦江国涛诊所",
        "category": "medical",
        "type": "医疗保健服务;诊所;诊所",
        "district": "锦江区",
        "weight": 2
      }
    },
    {
      "type": "Feature",
      "geometry": {
        "type": "Point",
        "coordinates": [
          103.970427,
          30.588422
        ]
      },
      "properties": {
        "name": "美玲医疗",
        "category": "medical",
        "type": "医疗保健服务;诊所;诊所",
        "district": "武侯区",
        "weight": 7
      }
    },
    {
      "type": "Feature",
      "geometry": {
        "type": "Point",
        "coordinates": [
          103.973054,
          30.586366
        ]
      },
      "properties": {
        "name": "杰龙诊所",
        "category": "medical",
        "type": "医疗保健服务;诊所;诊所",
        "district": "武侯区",
        "weight": 6
      }
    },
    {
      "type": "Feature",
      "geometry": {
        "type": "Point",
        "coordinates": [
          103.966248,
          30.58747
        ]
      },
      "properties": {
        "name": "本草堂药品(荣兴药房店)",
        "category": "medical",
        "type": "医疗保健服务;医药保健销售店;药房",
        "district": "武侯区",
        "weight": 1
      }
    },
    {
      "type": "Feature",
      "geometry": {
        "type": "Point",
        "coordinates": [
          103.97293,
          30.581028
        ]
      },
      "properties": {
        "name": "樊林伽",
        "category": "medical",
        "type": "医疗保健服务;医药保健销售店;药房",
        "district": "武侯区",
        "weight": 16
      }
    },
    {
      "type": "Feature",
      "geometry": {
        "type": "Point",
        "coordinates": [
          103.970313,
          30.585035
        ]
      },
      "properties": {
        "name": "鑫连鑫药房",
        "category": "medical",
        "type": "医疗保健服务;医药保健销售店;药房",
        "district": "武侯区",
        "weight": 3
      }
    },
    {
      "type": "Feature",
      "geometry": {
        "type": "Point",
        "coordinates": [
          103.965521,
          30.586256
        ]
      },
      "properties": {
        "name": "武侯涔琳诊所",
        "category": "medical",
        "type": "医疗保健服务;诊所;诊所",
        "district": "武侯区",
        "weight": 1
      }
    },
    {
      "type": "Feature",
      "geometry": {
        "type": "Point",
        "coordinates": [
          103.966847,
          30.583015
        ]
      },
      "properties": {
        "name": "亿百药店",
        "category": "medical",
        "type": "医疗保健服务;医药保健销售店;药房",
        "district": "武侯区",
        "weight": 5
      }
    },
    {
      "type": "Feature",
      "geometry": {
        "type": "Point",
        "coordinates": [
          104.001269,
          30.585246
        ]
      },
      "properties": {
        "name": "容东诊所",
        "category": "medical",
        "type": "医疗保健服务;诊所;诊所",
        "district": "武侯区",
        "weight": 4
      }
    },
    {
      "type": "Feature",
      "geometry": {
        "type": "Point",
        "coordinates": [
          104.032369,
          30.586575
        ]
      },
      "properties": {
        "name": "郭氏诊所",
        "category": "medical",
        "type": "医疗保健服务;专科医院;骨科医院|医疗保健服务;诊所;诊所",
        "district": "武侯区",
        "weight": 5
      }
    },
    {
      "type": "Feature",
      "geometry": {
        "type": "Point",
        "coordinates": [
          104.02707,
          30.583013
        ]
      },
      "properties": {
        "name": "良英诊所",
        "category": "medical",
        "type": "医疗保健服务;诊所;诊所",
        "district": "武侯区",
        "weight": 2
      }
    },
    {
      "type": "Feature",
      "geometry": {
        "type": "Point",
        "coordinates": [
          104.031277,
          30.583176
        ]
      },
      "properties": {
        "name": "高新李德伟妇科诊所",
        "category": "medical",
        "type": "医疗保健服务;专科医院;妇科医院",
        "district": "武侯区",
        "weight": 2
      }
    },
    {
      "type": "Feature",
      "geometry": {
        "type": "Point",
        "coordinates": [
          104.02729,
          30.584634
        ]
      },
      "properties": {
        "name": "康博大药房",
        "category": "medical",
        "type": "医疗保健服务;医药保健销售店;药房",
        "district": "武侯区",
        "weight": 4
      }
    },
    {
      "type": "Feature",
      "geometry": {
        "type": "Point",
        "coordinates": [
          104.030077,
          30.585406
        ]
      },
      "properties": {
        "name": "康贝(康顺药房)",
        "category": "medical",
        "type": "医疗保健服务;医药保健销售店;药房",
        "district": "武侯区",
        "weight": 1
      }
    },
    {
      "type": "Feature",
      "geometry": {
        "type": "Point",
        "coordinates": [
          104.033182,
          30.580591
        ]
      },
      "properties": {
        "name": "安吉堂药房(民丰大道西段)",
        "category": "medical",
        "type": "医疗保健服务;医药保健销售店;药房",
        "district": "武侯区",
        "weight": 2
      }
    },
    {
      "type": "Feature",
      "geometry": {
        "type": "Point",
        "coordinates": [
          104.035901,
          30.582376
        ]
      },
      "properties": {
        "name": "御善堂药房(仁和东街)",
        "category": "medical",
        "type": "医疗保健服务;医药保健销售店;药房",
        "district": "武侯区",
        "weight": 2
      }
    },
    {
      "type": "Feature",
      "geometry": {
        "type": "Point",
        "coordinates": [
          104.05166,
          30.581646
        ]
      },
      "properties": {
        "name": "轩逸堂大药房",
        "category": "medical",
        "type": "医疗保健服务;医药保健销售店;药房",
        "district": "武侯区",
        "weight": 3
      }
    },
    {
      "type": "Feature",
      "geometry": {
        "type": "Point",
        "coordinates": [
          104.051457,
          30.587519
        ]
      },
      "properties": {
        "name": "俊康药房",
        "category": "medical",
        "type": "医疗保健服务;医药保健销售店;药房",
        "district": "武侯区",
        "weight": 1
      }
    },
    {
      "type": "Feature",
      "geometry": {
        "type": "Point",
        "coordinates": [
          104.046406,
          30.580754
        ]
      },
      "properties": {
        "name": "高新区锦尚大药房",
        "category": "medical",
        "type": "医疗保健服务;医药保健销售店;药房",
        "district": "武侯区",
        "weight": 1
      }
    },
    {
      "type": "Feature",
      "geometry": {
        "type": "Point",
        "coordinates": [
          104.059554,
          30.587512
        ]
      },
      "properties": {
        "name": "心悦容医疗美容",
        "category": "medical",
        "type": "医疗保健服务;专科医院;专科医院",
        "district": "武侯区",
        "weight": 1
      }
    },
    {
      "type": "Feature",
      "geometry": {
        "type": "Point",
        "coordinates": [
          104.053582,
          30.588461
        ]
      },
      "properties": {
        "name": "德仁堂(锦晖西二街)",
        "category": "medical",
        "type": "医疗保健服务;医药保健销售店;药房",
        "district": "武侯区",
        "weight": 1
      }
    },
    {
      "type": "Feature",
      "geometry": {
        "type": "Point",
        "coordinates": [
          104.059534,
          30.579508
        ]
      },
      "properties": {
        "name": "鑫九生堂大药房(奥克斯广场)",
        "category": "medical",
        "type": "医疗保健服务;医药保健销售店;药房",
        "district": "武侯区",
        "weight": 1
      }
    },
    {
      "type": "Feature",
      "geometry": {
        "type": "Point",
        "coordinates": [
          104.070651,
          30.588598
        ]
      },
      "properties": {
        "name": "成都本草堂药品(高新区裕康大药房)",
        "category": "medical",
        "type": "医疗保健服务;医药保健销售店;药房",
        "district": "武侯区",
        "weight": 1
      }
    },
    {
      "type": "Feature",
      "geometry": {
        "type": "Point",
        "coordinates": [
          104.102728,
          30.58785
        ]
      },
      "properties": {
        "name": "长安诊所(琉新路)",
        "category": "medical",
        "type": "医疗保健服务;诊所;诊所",
        "district": "锦江区",
        "weight": 1
      }
    },
    {
      "type": "Feature",
      "geometry": {
        "type": "Point",
        "coordinates": [
          104.10382,
          30.585323
        ]
      },
      "properties": {
        "name": "潘家沟社区卫生服务中心",
        "category": "medical",
        "type": "医疗保健服务;综合医院;卫生院",
        "district": "锦江区",
        "weight": 1
      }
    },
    {
      "type": "Feature",
      "geometry": {
        "type": "Point",
        "coordinates": [
          104.133027,
          30.582274
        ]
      },
      "properties": {
        "name": "自得居",
        "category": "medical",
        "type": "医疗保健服务;诊所;诊所",
        "district": "锦江区",
        "weight": 1
      }
    },
    {
      "type": "Feature",
      "geometry": {
        "type": "Point",
        "coordinates": [
          104.144434,
          30.584502
        ]
      },
      "properties": {
        "name": "锦江区三圣社区卫生服务中心",
        "category": "medical",
        "type": "医疗保健服务;综合医院;卫生院",
        "district": "锦江区",
        "weight": 2
      }
    },
    {
      "type": "Feature",
      "geometry": {
        "type": "Point",
        "coordinates": [
          104.144899,
          30.587801
        ]
      },
      "properties": {
        "name": "四川大学华西第二医院锦江院区(建设中)",
        "category": "medical",
        "type": "医疗保健服务;专科医院;专科医院",
        "district": "锦江区",
        "weight": 1
      }
    },
    {
      "type": "Feature",
      "geometry": {
        "type": "Point",
        "coordinates": [
          104.157874,
          30.588926
        ]
      },
      "properties": {
        "name": "红沙社区卫生站",
        "category": "medical",
        "type": "医疗保健服务;综合医院;卫生院",
        "district": "锦江区",
        "weight": 1
      }
    }
  ]
}