name,category,type,district,wgs_lng,wgs_lat,weight
英伦书香府邸2期,residential,商务住宅;住宅区;住宅小区,金牛区,103.9768,30.733682,2
成都外国语学校教师公寓,residential,商务住宅;住宅区;住宅小区,金牛区,103.979073,30.733828,1
书香府邸1期,residential,商务住宅;住宅区;住宅小区,金牛区,103.976486,30.734863,1
中铁·塔米亚2期美邻(正门),residential,商务住宅;住宅区;住宅小区,金牛区,103.992674,30.731365,1
兴盛世家,residential,商务住宅;住宅区;住宅小区,金牛区,104.008108,30.733528,4
兴盛世家D区,residential,商务住宅;住宅区;住宅小区,金牛区,104.013211,30.733686,1
兴盛世家B区,residential,商务住宅;住宅区;住宅小区,金牛区,104.010074,30.731881,1
兴盛世家C区,residential,商务住宅;住宅区;住宅小区,金牛区,104.011142,30.734885,1
侯家花园,residential,商务住宅;住宅区;住宅小区,金牛区,104.009441,30.737832,2
西华街道兴盛世家社区,residential,商务住宅;住宅区;住宅小区,金牛区,104.013172,30.732442,1
府河星城名苑,residential,商务住宅;住宅区;住宅小区,金牛区,104.023451,30.733075,1
兴盛村,residential,商务住宅;住宅区;住宅小区,金牛区,104.019136,30.732914,1
兴盛世家E区,residential,商务住宅;住宅区;住宅小区,金牛区,104.014916,30.731519,1
兴盛家园,residential,商务住宅;住宅区;住宅小区,金牛区,104.014736,30.733359,1
府河星城,residential,商务住宅;住宅区;住宅小区,金牛区,104.023144,30.731009,1
府河丽景,residential,商务住宅;住宅区;住宅小区,金牛区,104.020946,30.73309,1
府河星城名苑B区,residential,商务住宅;住宅区;住宅小区,金牛区,104.025515,30.733099,1
府河星城馨苑,residential,商务住宅;住宅区;住宅小区,金牛区,104.027235,30.731058,1
厍庭,residential,商务住宅;住宅区;住宅小区,金牛区,104.026617,30.733944,1
欢乐城198,residential,商务住宅;住宅区;住宅小区,金牛区,104.041886,30.736599,1
踏水新居,residential,商务住宅;住宅区;住宅小区,金牛区,104.040974,30.737925,1
华侨城原岸,residential,商务住宅;住宅区;住宅小区,金牛区,104.041546,30.72995,2
华侨城5期,residential,商务住宅;住宅区;住宅区,金牛区,104.043537,30.730045,1
府河·双桥苑,residential,商务住宅;住宅区;住宅小区,金牛区,104.040576,30.73883,1
成都华侨城·东岸A2区,residential,商务住宅;住宅区;住宅区,金牛区,104.036378,30.730236,1
华侨城·原岸6期,residential,商务住宅;住宅区;住宅小区,金牛区,104.043984,30.731469,1
沙河原社区,residential,商务住宅;住宅区;住宅小区,金牛区,104.051514,30.735183,2
沙河源街道川建社区,residential,商务住宅;住宅区;住宅小区,金牛区,104.051375,30.734149,1
沙河源街道川建社区(西南门),residential,商务住宅;住宅区;住宅小区,金牛区,104.050525,30.732775,1
泉水人家,residential,商务住宅;住宅区;住宅小区,金牛区,104.057722,30.731724,1
泉水人家3期A区,residential,商务住宅;住宅区;住宅小区,金牛区,104.057646,30.734097,1
泉水人家3期B区,residential,商务住宅;住宅区;住宅小区,金牛区,104.061001,30.734015,1
腌卤巷,residential,商务住宅;住宅区;住宅小区,金牛区,104.058503,30.733116,1
泉水人家2期,residential,商务住宅;住宅区;住宅小区,金牛区,104.058107,30.72968,2
泉水小区,residential,商务住宅;住宅区;住宅小区,金牛区,104.059605,30.734263,2
涵碧天下,residential,商务住宅;住宅区;住宅小区,金牛区,104.069392,30.737851,1
工疗家园,residential,商务住宅;住宅区;住宅小区,成华区,104.11224,30.732325,1
合家园,residential,商务住宅;住宅区;住宅区,成华区,104.116671,30.732609,1
保利两河森林,residential,商务住宅;住宅区;住宅小区,金牛区,103.965376,30.722969,1
金牛国际社区,residential,商务住宅;住宅区;住宅小区,金牛区,103.972373,30.729039,1
北京城建龙樾熙城,residential,商务住宅;住宅区;住宅小区,金牛区,103.979908,30.724193,1
龙樾熙城,residential,商务住宅;住宅区;住宅小区,金牛区,103.979439,30.726072,1
橙郡一期,residential,商务住宅;住宅区;住宅小区,金牛区,103.978269,30.721434,1
中海国际社区北门,residential,商务住宅;住宅区;住宅小区,金牛区,103.976073,30.727406,1
精城国际,residential,商务住宅;住宅区;住宅小区,金牛区,103.982547,30.721901,1
保利学府城(建设中),residential,商务住宅;住宅区;住宅小区,金牛区,103.993378,30.728738,1
互助社区,residential,商务住宅;住宅区;住宅小区,金牛区,103.991554,30.723705,1
互助家园安置小区,residential,商务住宅;住宅区;住宅小区,金牛区,103.991473,30.726511,1
金华花园(金周路),residential,商务住宅;住宅区;住宅小区,金牛区,104.001667,30.726261,1
金盾苑,residential,商务住宅;住宅区;住宅小区,金牛区,104.003585,30.723294,1
万科国宾润园,residential,商务住宅;住宅区;住宅小区,金牛区,104.001622,30.720092,2
鑫房名苑,residential,商务住宅;住宅区;住宅小区,金牛区,103.999298,30.726254,3
保利学府城,residential,商务住宅;住宅区;住宅小区,金牛区,104.001962,30.728439,1
中成主角,residential,商务住宅;住宅区;住宅区,金牛区,104.000435,30.726802,1
正成·拉斐,residential,商务住宅;住宅区;住宅小区,金牛区,103.996636,30.721282,2
正成·拉斐2期,residential,商务住宅;住宅区;住宅区,金牛区,103.997508,30.721894,1
迪舒·美领,residential,商务住宅;住宅区;住宅小区,金牛区,104.003427,30.720509,1
东原·亲亲里,residential,商务住宅;住宅区;住宅小区|生活服务;生活服务场所;生活服务场所,金牛区,104.001444,30.723754,1
西城上域,residential,商务住宅;住宅区;住宅小区,金牛区,104.006304,30.726747,1
西华街道金牛社区,residential,商务住宅;住宅区;住宅小区,金牛区,104.011253,30.725204,2
国宾·时光汇,residential,商务住宅;住宅区;住宅小区,金牛区,104.004851,30.7263,1
泽瑞西园,residential,商务住宅;住宅区;住宅小区,金牛区,104.011201,30.721995,1
金桥苑(信息园西路),residential,商务住宅;住宅区;住宅小区,金牛区,104.005541,30.721624,1
金泉街道青杠社区,residential,商务住宅;住宅区;住宅小区,金牛区,104.022686,30.728218,2
西园,residential,商务住宅;住宅区;住宅小区,金牛区,104.014019,30.723275,1
金牛区瓦子社区,residential,商务住宅;住宅区;住宅小区,金牛区,104.016357,30.725494,1
纯水岸2区,residential,商务住宅;住宅区;住宅小区,金牛区,104.023266,30.722188,1
纯水岸北区,residential,商务住宅;住宅区;住宅小区,金牛区,104.026208,30.722368,2
华侨城纯水岸1期,residential,商务住宅;住宅区;住宅区,金牛区,104.025851,30.719528,1
华侨城3期,residential,商务住宅;住宅区;住宅区,金牛区,104.024789,30.721593,1
华侨城·东岸东区,residential,商务住宅;住宅区;住宅小区,金牛区,104.04242,30.727874,1
华侨城·东岸西区,residential,商务住宅;住宅区;住宅小区,金牛区,104.035957,30.729043,1
华侨城·天屿,residential,商务住宅;住宅区;住宅小区,金牛区,104.038913,30.72657,1
中加水岸,residential,商务住宅;住宅区;住宅小区,金牛区,104.042755,30.721884,1
成都华侨城·东岸A1区,residential,商务住宅;住宅区;住宅区,金牛区,104.036112,30.727189,1
成都华侨城·东岸A3区,residential,商务住宅;住宅区;住宅区,金牛区,104.041038,30.726729,1
金府世家,residential,商务住宅;住宅区;住宅小区,金牛区,104.050812,30.725115,1
新桥丽景,residential,商务住宅;住宅区;住宅小区,金牛区,104.049676,30.726458,2
沙河·源上金府,residential,商务住宅;住宅区;住宅小区,金牛区,104.053303,30.724506,1
新元绿洲,residential,商务住宅;住宅区;住宅区,金牛区,104.04486,30.719918,2
洞翠苑,residential,商务住宅;住宅区;住宅小区,金牛区,104.052811,30.720985,1
杨柳新屯小区,residential,商务住宅;住宅区;住宅小区,金牛区,104.047788,30.727128,1
沙河源上金府2期,residential,商务住宅;住宅区;住宅区,金牛区,104.052226,30.724973,1
天悦城,residential,商务住宅;住宅区;住宅小区,金牛区,104.053424,30.726285,1
新桥丽景西区,residential,商务住宅;住宅区;住宅小区,金牛区,104.048472,30.726047,1
新桥丽景2期,residential,商务住宅;住宅区;住宅区,金牛区,104.051354,30.727171,1
蓝光·花满庭,residential,商务住宅;住宅区;住宅小区,金牛区,104.057794,30.725585,1
泉水南苑,residential,商务住宅;住宅区;住宅小区,金牛区,104.060023,30.72514,1
凌江尚府,residential,商务住宅;住宅区;住宅小区,金牛区,104.0549,30.724127,1
泉水北苑,residential,商务住宅;住宅区;住宅小区,金牛区,104.060225,30.726127,1
沙河源街道泉水社区,residential,商务住宅;住宅区;住宅小区,金牛区,104.0608,30.723841,1
蓉北商贸二段,residential,商务住宅;住宅区;住宅小区,金牛区,104.056907,30.72347,2
天悦汇中心2期,residential,商务住宅;住宅区;住宅小区,金牛区,104.055196,30.727643,1
泉水人家2期B区,residential,商务住宅;住宅区;住宅小区,金牛区,104.061262,30.729261,1
泉水东苑A区,residential,商务住宅;住宅区;住宅小区,金牛区,104.061622,30.725576,2
水韵天府,residential,商务住宅;住宅区;住宅小区,金牛区,104.064803,30.721942,1
香江岸,residential,商务住宅;住宅区;住宅小区,金牛区,104.066591,30.722544,1
三九·绿城,residential,商务住宅;住宅区;住宅小区,金牛区,104.067182,30.720373,1
芙华新大陆,residential,商务住宅;住宅区;住宅小区,成华区,104.069106,30.719239,2
王贾·红豆华庭,residential,商务住宅;住宅区;住宅小区,金牛区,104.0704,30.722548,2
沙河·凤凰城Ⅰ区,residential,商务住宅;住宅区;住宅小区,金牛区,104.07344,30.719855,1
邓家大院,residential,商务住宅;住宅区;住宅小区,金牛区,104.071097,30.720853,1
绿地·世纪城,residential,商务住宅;住宅区;住宅小区,金牛区,104.07717,30.722993,2
沙河凤凰城2区,residential,商务住宅;住宅区;住宅区,金牛区,104.076683,30.719665,3
绿地世纪城3期,residential,商务住宅;住宅区;住宅小区,金牛区,104.079925,30.72289,1
成都市凤凰山3期,residential,商务住宅;住宅区;住宅小区,金牛区,104.073607,30.720984,1
上东1号,residential,商务住宅;住宅区;住宅小区,成华区,104.104308,30.719362,1
蓝光金悦府,residential,商务住宅;住宅区;住宅小区,成华区,104.112674,30.725138,1
白莲小区,residential,商务住宅;住宅区;住宅小区,成华区,104.108978,30.727616,2
御苑,residential,商务住宅;住宅区;住宅小区,成华区,104.105918,30.723208,1
白莲小区一号院,residential,商务住宅;住宅区;住宅区,成华区,104.107663,30.727612,1
金悦府3期,residential,商务住宅;住宅区;住宅小区,成华区,104.11497,30.725153,1
蓝润蓝客城,residential,商务住宅;住宅区;住宅小区,成华区,104.13079,30.723186,1
一里塘社区,residential,商务住宅;住宅区;住宅小区,成华区,104.134106,30.727791,1
和成社区,residential,商务住宅;住宅区;住宅小区,成华区,104.151875,30.722771,1
北湖印象,residential,商务住宅;住宅区;住宅小区,成华区,104.16394,30.719445,3
北湖印象东区3期,residential,商务住宅;住宅区;住宅区,成华区,104.166629,30.721241,1
清淳家园,residential,商务住宅;住宅区;住宅小区,金牛区,103.979711,30.709804,2
金科苑(高家小区)1区,residential,商务住宅;住宅区;住宅小区,金牛区,103.982548,30.712936,1
远洋·朗郡,residential,商务住宅;住宅区;住宅小区,金牛区,103.97766,30.718284,1
河滨森邻C区,residential,商务住宅;住宅区;住宅小区,金牛区,103.982887,30.715414,1
金科苑四区,residential,商务住宅;住宅区;住宅小区,金牛区,103.983373,30.711572,1
河滨森邻A区,residential,商务住宅;住宅区;住宅小区,金牛区,103.980421,30.716241,1
河滨森邻,residential,商务住宅;住宅区;住宅小区,金牛区,103.981548,30.716672,2
龙湖·源著(两河西三路),residential,商务住宅;住宅区;住宅小区|体育休闲服务;休闲场所;休闲场所,金牛区,103.977925,30.716101,1
河滨森邻D区,residential,商务住宅;住宅区;住宅小区,金牛区,103.981351,30.714622,1
金牛花园,residential,商务住宅;住宅区;住宅小区,金牛区,103.989494,30.712243,2
金科苑六区,residential,商务住宅;住宅区;住宅小区,金牛区,103.986399,30.713603,1
金科苑三区,residential,商务住宅;住宅区;住宅小区,金牛区,103.985322,30.714732,2
西线阳光,residential,商务住宅;住宅区;住宅小区,金牛区,103.99195,30.712873,1
金科社区,residential,商务住宅;住宅区;住宅小区,金牛区,103.985852,30.712189,2
金科苑,residential,商务住宅;住宅区;住宅小区,金牛区,103.984281,30.713495,2
金科苑五区,residential,商务住宅;住宅区;住宅小区,金牛区,103.984786,30.712338,1
百仁安盛,residential,商务住宅;住宅区;住宅小区,金牛区,103.99017,30.710502,1
美立方,residential,商务住宅;住宅区;住宅区,金牛区,103.99167,30.710075,3
万科·锦西润园(蜀西南三路),residential,商务住宅;住宅区;住宅小区,金牛区,103.992391,30.711454,1
白鸽岛尚,residential,商务住宅;住宅区;住宅小区,金牛区,103.993573,30.710944,1
西城映画(蜀跃西路),residential,商务住宅;住宅区;住宅小区,金牛区,104.002712,30.710343,1
近郊民居,residential,商务住宅;住宅区;住宅小区,金牛区,104.001502,30.713856,1
路劲高家庄,residential,商务住宅;住宅区;住宅区,金牛区,103.997315,30.709566,1
金卉苑,residential,商务住宅;住宅区;住宅小区,金牛区,104.003605,30.716243,1
保利国宾首府,residential,商务住宅;住宅区;住宅小区,金牛区,103.998364,30.719528,1
金玺园,residential,商务住宅;住宅区;住宅小区,金牛区,103.995464,30.710376,1
德润苑,residential,商务住宅;住宅区;住宅区,金牛区,103.997773,30.715181,1
仁和香榭广场,residential,商务住宅;住宅区;住宅小区,金牛区,104.008559,30.714198,1
蓝海中心,residential,商务住宅;住宅区;住宅区,金牛区,104.008381,30.715896,1
省委家属院,residential,商务住宅;住宅区;住宅小区,金牛区,104.010676,30.71549,1
华置·西锦城,residential,商务住宅;住宅区;住宅小区,金牛区,104.008516,30.712257,1
仁和迎宾,residential,商务住宅;住宅区;住宅小区,金牛区,104.006849,30.712148,1
万科国宾首府,residential,商务住宅;住宅区;住宅小区,金牛区,104.010321,30.711834,1
金域西岭,residential,商务住宅;住宅区;住宅小区,金牛区,104.011488,30.712606,1
恒大·西锦城,residential,商务住宅;住宅区;住宅小区,金牛区,104.008529,30.711356,1
迎宾大道一号2期,residential,商务住宅;住宅区;住宅区,金牛区,104.013523,30.715491,1
益州蓉苑,residential,商务住宅;住宅区;住宅小区,金牛区,104.011337,30.710275,1
西岸观邸,residential,商务住宅;住宅区;住宅小区,金牛区,104.009465,30.709531,1
锦城豪庭,residential,商务住宅;住宅区;住宅小区,金牛区,104.005183,30.710487,1
金泉4号院,residential,商务住宅;住宅区;住宅小区,金牛区,104.012429,30.718312,1
西汇苑,residential,商务住宅;住宅区;住宅小区,金牛区,104.004822,30.7191,1
西蜀皓月,residential,商务住宅;住宅区;住宅小区,金牛区,104.014834,30.711808,1
纯水岸208区,residential,商务住宅;住宅区;住宅小区,金牛区,104.023325,30.719279,1
西城首峻,residential,商务住宅;住宅区;住宅小区,金牛区,104.022707,30.71309,1
川西名居,residential,商务住宅;住宅区;住宅小区,金牛区,104.016454,30.712184,1
锦熙玉苑,residential,商务住宅;住宅区;住宅小区,金牛区,104.020734,30.713732,1
九四信箱第三生活区,residential,商务住宅;住宅区;住宅小区,金牛区,104.015927,30.710958,1
金泉街道跃进社区,residential,商务住宅;住宅区;住宅小区,金牛区,104.022592,30.712143,1
纯水岸南区,residential,商务住宅;住宅区;住宅小区,金牛区,104.024743,30.716248,1
蓝色雅典,residential,商务住宅;住宅区;住宅小区,金牛区,104.032051,30.710608,1
嘉宇·天琢城,residential,商务住宅;住宅区;住宅小区,金牛区,104.023935,30.709594,1
华侨城纯水岸,residential,商务住宅;住宅区;住宅小区,金牛区,104.024651,30.719058,1
蓝色空间如意府D区,residential,商务住宅;住宅区;住宅小区,金牛区,104.033086,30.711013,1
万贯银座小区办公点,residential,商务住宅;住宅区;住宅区,金牛区,104.033405,30.714457,1
长久新城长乐苑,residential,商务住宅;住宅区;住宅小区,金牛区,104.039633,30.714381,1
花香九里,residential,商务住宅;住宅区;住宅小区,金牛区,104.039147,30.71177,2
长久新城长福苑,residential,商务住宅;住宅区;住宅小区,金牛区,104.04126,30.714104,1
久鑫华园,residential,商务住宅;住宅区;住宅小区,金牛区,104.037192,30.711939,1
锦鸿西苑,residential,商务住宅;住宅区;住宅小区,金牛区,104.038971,30.71008,6
长久新城长兴苑,residential,商务住宅;住宅区;住宅小区,金牛区,104.041598,30.712112,2
金府西部正金机电城,residential,商务住宅;住宅区;住宅区,金牛区,104.034414,30.714819,1
蓝色空间A1,residential,商务住宅;住宅区;住宅区,金牛区,104.03466,30.712012,3
新桥逸景,residential,商务住宅;住宅区;住宅小区,金牛区,104.041869,30.716983,1
万基·兰御,residential,商务住宅;住宅区;住宅小区,金牛区,104.04313,30.714773,1
蓝色空间,residential,商务住宅;住宅区;住宅小区,金牛区,104.035495,30.711049,1
金府旺角,residential,商务住宅;住宅区;住宅小区,金牛区,104.035564,30.718234,1
星河小区,residential,商务住宅;住宅区;住宅小区,金牛区,104.041572,30.710295,2
金桔花园北苑,residential,商务住宅;住宅区;住宅小区,金牛区,104.036824,30.709443,3
五合苑,residential,商务住宅;住宅区;住宅小区,金牛区,104.050007,30.7147,1
幸福时光(星汉路),residential,商务住宅;住宅区;住宅小区,金牛区,104.045915,30.714287,1
新天地民苑,residential,商务住宅;住宅区;住宅小区,金牛区,104.045901,30.71549,1
五福佳苑,residential,商务住宅;住宅区;住宅小区,金牛区,104.052301,30.715139,1
博爱家园(九里堤北路),residential,商务住宅;住宅区;住宅小区,金牛区,104.047817,30.710961,1
千禧花园(星汉路),residential,商务住宅;住宅区;住宅小区,金牛区,104.044407,30.714245,1
九里苑,residential,商务住宅;住宅区;住宅小区,金牛区,104.044587,30.715602,1
佳美花园,residential,商务住宅;住宅区;住宅小区,金牛区,104.046064,30.710194,3
九里堤北路小区,residential,商务住宅;住宅区;住宅小区,金牛区,104.050238,30.710262,2
新桥逸景C区,residential,商务住宅;住宅区;住宅小区,金牛区,104.043901,30.716417,1
九里西苑,residential,商务住宅;住宅区;住宅区,金牛区,104.048713,30.70979,2
交大智能小区(4-5期),residential,商务住宅;住宅区;住宅小区,金牛区,104.044643,30.711237,1
兴元绿洲,residential,商务住宅;住宅区;住宅小区,金牛区,104.045235,30.718228,1
星科北街2号院,residential,商务住宅;住宅区;住宅小区,金牛区,104.047302,30.709693,1
聚贤半岛花苑,residential,商务住宅;住宅区;住宅小区,金牛区,104.051493,30.709598,1
合力达·映日荷花,residential,商务住宅;住宅区;住宅小区,金牛区,104.058964,30.716048,1
峰尚,residential,商务住宅;住宅区;住宅区,金牛区,104.056671,30.716419,1
龙湖·北城天街2期,residential,商务住宅;住宅区;住宅小区,金牛区,104.061624,30.713376,1
华润·银杏华庭,residential,商务住宅;住宅区;住宅小区,金牛区,104.062455,30.715484,1
福宁小区,residential,商务住宅;住宅区;住宅小区,金牛区,104.059874,30.717754,1
忠义苑,residential,商务住宅;住宅区;住宅区,金牛区,104.055392,30.7186,2
滨雅苑,residential,商务住宅;住宅区;住宅小区,成华区,104.069164,30.713444,2
龙湖北城1期,residential,商务住宅;住宅区;住宅区,金牛区,104.066503,30.713829,4
五福桥东路八号院(五福桥东路),residential,商务住宅;住宅区;住宅小区,金牛区,104.066648,30.715476,1
花郡佳园,residential,商务住宅;住宅区;住宅小区,成华区,104.068619,30.711586,3
河滨丽苑,residential,商务住宅;住宅区;住宅小区,成华区,104.070703,30.713114,1
北城时代,residential,商务住宅;住宅区;住宅区,金牛区,104.064851,30.713451,1
花径园,residential,商务住宅;住宅区;住宅小区,成华区,104.07048,30.710846,1
北城盛世,residential,商务住宅;住宅区;住宅小区,金牛区,104.065244,30.710989,1
沙河阳光,residential,商务住宅;住宅区;住宅小区,金牛区,104.072854,30.716826,1
北港新城,residential,商务住宅;住宅区;住宅小区,金牛区,104.068391,30.709645,1
智业福地,residential,商务住宅;住宅区;住宅小区,金牛区,104.066153,30.710035,1
天福缘(水武街),residential,商务住宅;住宅区;住宅小区,成华区,104.072785,30.710876,1
水武街77号院,residential,商务住宅;住宅区;住宅区,成华区,104.073652,30.709972,2
双水康城,residential,商务住宅;住宅区;住宅小区,成华区,104.076096,30.717338,2
微时代,residential,商务住宅;住宅区;住宅区,成华区,104.074928,30.715311,3
沙河北岸,residential,商务住宅;住宅区;住宅小区,成华区,104.089696,30.714322,2
上行锦绣,residential,商务住宅;住宅区;住宅小区,成华区,104.092818,30.71342,1
荆竹小区二号院,residential,商务住宅;住宅区;住宅小区,成华区,104.09113,30.71455,1
荆竹小区六号院,residential,商务住宅;住宅区;住宅小区,成华区,104.091438,30.718394,1
兴元华盛,residential,商务住宅;住宅区;住宅小区,成华区,104.091436,30.711193,2
荆竹小区三号院,residential,商务住宅;住宅区;住宅小区,成华区,104.091491,30.716384,1
荆竹苑,residential,商务住宅;住宅区;住宅小区,成华区,104.093253,30.715627,1
成华区双水碾街道云锦社区,residential,商务住宅;住宅区;住宅小区,成华区,104.092841,30.712172,1
沙河北岸北区,residential,商务住宅;住宅区;住宅小区,成华区,104.08961,30.7159,2
丽水澜庭,residential,商务住宅;住宅区;住宅小区,成华区,104.089462,30.710314,2
荆竹小区一号院,residential,商务住宅;住宅区;住宅区,成华区,104.091062,30.713095,2
荆竹小区五号院,residential,商务住宅;住宅区;住宅小区,成华区,104.088456,30.717081,1
竹林居,residential,商务住宅;住宅区;住宅小区,成华区,104.092293,30.714288,1
蓉铁花园,residential,商务住宅;住宅区;住宅小区,成华区,104.098024,30.717031,1
雍华府,residential,商务住宅;住宅区;住宅小区,成华区,104.095155,30.712643,1
维多利亚富御,residential,商务住宅;住宅区;住宅小区,成华区,104.094289,30.715322,1
荆竹小区八号院,residential,商务住宅;住宅区;住宅小区,成华区,104.099184,30.718061,1
招商·雍华府2期,residential,商务住宅;住宅区;住宅小区,成华区,104.09615,30.711087,1
招商·雍华府1期,residential,商务住宅;住宅区;住宅区,成华区,104.094057,30.712912,1
凤翔华庭,residential,商务住宅;住宅区;住宅小区,成华区,104.095816,30.717829,1
蓝光BRC·富丽花城春色园,residential,商务住宅;住宅区;住宅小区,成华区,104.103053,30.715947,1
上东1号·蓉华上林,residential,商务住宅;住宅区;住宅小区,成华区,104.102893,30.717307,1
荆竹小区七号院,residential,商务住宅;住宅区;住宅小区,成华区,104.094113,30.718038,1
兴元华盛3区,residential,商务住宅;住宅区;住宅小区,成华区,104.094504,30.710046,2
金科一城,residential,商务住宅;住宅区;住宅小区,成华区,104.109274,30.713783,1
平安小区,residential,商务住宅;住宅区;住宅小区,成华区,104.107826,30.713036,3
东林小区,residential,商务住宅;住宅区;住宅小区,成华区,104.110111,30.716295,1
华润·翠林华庭,residential,商务住宅;住宅区;住宅小区,成华区,104.104843,30.714699,1
上东1号3期,residential,商务住宅;住宅区;住宅小区|地名地址信息;门牌信息;楼栋号,成华区,104.10556,30.717201,2
合能·东林城市花园,residential,商务住宅;住宅区;住宅小区,成华区,104.112872,30.715918,1
首创光和城,residential,商务住宅;住宅区;住宅小区,成华区,104.113233,30.713389,1
富丽花城,residential,商务住宅;住宅区;住宅小区,成华区,104.110079,30.718581,1
华宇·阳光尚座,residential,商务住宅;住宅区;住宅小区,成华区,104.113378,30.718132,1
蓝光·COCO国际1期,residential,商务住宅;住宅区;住宅小区,成华区,104.11882,30.711244,1
蓝光·COCO国际,residential,商务住宅;住宅区;住宅小区,成华区,104.119755,30.712702,1
新山复郡,residential,商务住宅;住宅区;住宅小区,成华区,104.129118,30.715038,1
翠屏北里(荆翠东路),residential,商务住宅;住宅区;住宅小区,成华区,104.126817,30.715025,1
北湖新城1期,residential,商务住宅;住宅区;住宅小区,成华区,104.159888,30.710026,1
北湖印象南区,residential,商务住宅;住宅区;住宅小区,成华区,104.166653,30.716578,3
北湖印象6期,residential,商务住宅;住宅区;住宅小区,成华区,104.168854,30.718544,1
北湖印象1期,residential,商务住宅;住宅区;住宅区,成华区,104.16481,30.717188,1
北湖印象-东区,residential,商务住宅;住宅区;住宅区,成华区,104.165796,30.718274,1
北湖印象5期,residential,商务住宅;住宅区;住宅小区,成华区,104.167382,30.718897,1
北湖印象2期(南门),residential,商务住宅;住宅区;住宅小区|通行设施;临街院门;临街院门,成华区,104.163901,30.718515,1
恒大锦城(建设中),residential,商务住宅;住宅区;住宅小区,成华区,104.174077,30.714229,1
绿地悦蓉公馆,residential,商务住宅;住宅区;住宅小区,成华区,104.177019,30.71425,1
中航工业成飞单身公寓(纬一路),residential,商务住宅;住宅区;住宅小区,青羊区,103.966262,30.701511,1
成飞217小区,residential,商务住宅;住宅区;住宅小区,青羊区,103.96388,30.700292,1
清淳家园2期A区,residential,商务住宅;住宅区;住宅小区,金牛区,103.975915,30.702752,1
清淳家园2期B区,residential,商务住宅;住宅区;住宅小区,金牛区,103.974854,30.702058,1
清淳家园4区,residential,商务住宅;住宅区;住宅小区,金牛区,103.978324,30.705054,4
雨河社区,residential,商务住宅;住宅区;住宅小区,金牛区,103.979231,30.706836,3
清淳一街25号院,residential,商务住宅;住宅区;住宅区,金牛区,103.976502,30.70724,1
两河锦地,residential,商务住宅;住宅区;住宅小区,金牛区,103.992058,30.708458,1
华宇西城雅郡,residential,商务住宅;住宅区;住宅小区,金牛区,103.984105,30.709573,1
保利·梧桐语,residential,商务住宅;住宅区;住宅小区,金牛区,103.988843,30.70812,1
金泉阳光景新苑,residential,商务住宅;住宅区;住宅小区,金牛区,103.997922,30.704928,1
居然小区,residential,商务住宅;住宅区;住宅小区,金牛区,104.000068,30.705104,2
郎家小区,residential,商务住宅;住宅区;住宅小区,金牛区,103.999055,30.702742,1
青房·尚瑞天韵,residential,商务住宅;住宅区;住宅小区,金牛区,104.000759,30.703308,1
蜀汉芯天地,residential,商务住宅;住宅区;住宅小区,金牛区,104.001634,30.705419,1
金泉阳光畅新苑,residential,商务住宅;住宅区;住宅小区,金牛区,103.99706,30.707062,1
金泉阳光怡新苑,residential,商务住宅;住宅区;住宅小区,金牛区,104.000534,30.701702,1
蓝光·金悅金沙,residential,商务住宅;住宅区;住宅小区,金牛区,103.99922,30.700831,1
金泉街办蜀西社区,residential,商务住宅;住宅区;住宅小区,金牛区,103.99496,30.707531,1
西城星座,residential,商务住宅;住宅区;住宅小区,金牛区,104.003004,30.706938,1
风林假日,residential,商务住宅;住宅区;住宅小区,金牛区,104.001172,30.708415,1
高家庄赞城,residential,商务住宅;住宅区;住宅小区,金牛区,103.995732,30.708518,2
金泉阳光雅新苑,residential,商务住宅;住宅区;住宅小区,金牛区,103.993931,30.707274,1
益州锦苑,residential,商务住宅;住宅区;住宅小区,金牛区,104.001242,30.70937,1
金地·嘉年华城西区,residential,商务住宅;住宅区;住宅区,青羊区,104.00286,30.700359,2
西蜀瑞苑,residential,商务住宅;住宅区;住宅小区,金牛区,104.006895,30.703846,1
明阳·家在回廊,residential,商务住宅;住宅区;住宅小区,金牛区,104.00725,30.702197,1
和谐家园(蜀汉路),residential,商务住宅;住宅区;住宅小区,金牛区,104.006372,30.702777,1
檀香花园,residential,商务住宅;住宅区;住宅小区,金牛区,104.006955,30.706843,1
新雨香沁,residential,商务住宅;住宅区;住宅小区,金牛区,104.011992,30.703827,1
大院人家,residential,商务住宅;住宅区;住宅小区,金牛区,104.007233,30.700889,3
千和茗居,residential,商务住宅;住宅区;住宅小区,金牛区,104.010095,30.70079,1
翡翠海湾,residential,商务住宅;住宅区;住宅小区,金牛区,104.004387,30.705942,1
普罗旺斯(蜀跃路),residential,商务住宅;住宅区;住宅小区,金牛区,104.006345,30.708269,1
红色佳苑,residential,商务住宅;住宅区;住宅小区,金牛区,104.0123,30.700921,1
泰逸美景,residential,商务住宅;住宅区;住宅小区,金牛区,104.004117,30.70748,1
西延锦绣,residential,商务住宅;住宅区;住宅小区,金牛区,104.011253,30.700074,1
金牛区金泉街道高家社区,residential,商务住宅;住宅区;住宅小区,金牛区,104.004436,30.709132,1
金地·嘉年华城,residential,商务住宅;住宅区;住宅小区,青羊区,104.00413,30.699672,1
博雅馨地,residential,商务住宅;住宅区;住宅小区,金牛区,104.018074,30.703678,1
锦熙玉苑(育仁北路),residential,商务住宅;住宅区;住宅小区,金牛区,104.01907,30.705543,1
墨池公寓,residential,商务住宅;住宅区;住宅小区,金牛区,104.019206,30.702492,5
西西里二期·公园前,residential,商务住宅;住宅区;住宅小区,金牛区,104.017049,30.704098,1
西西里,residential,商务住宅;住宅区;住宅小区,金牛区,104.016895,30.705486,1
西雅语嫣,residential,商务住宅;住宅区;住宅小区,金牛区,104.018763,30.707139,1
育才路小区,residential,商务住宅;住宅区;住宅小区,金牛区,104.020917,30.702024,2
西街7号院,residential,商务住宅;住宅区;住宅小区,金牛区,104.022237,30.703266,4
育苗佳苑,residential,商务住宅;住宅区;住宅小区,金牛区,104.016991,30.701964,1
茗园尚筑,residential,商务住宅;住宅区;住宅小区,金牛区,104.015634,30.702859,1
福详家园,residential,商务住宅;住宅区;住宅区,金牛区,104.017067,30.70062,2
万通金牛新都会,residential,商务住宅;住宅区;住宅小区,金牛区,104.023086,30.70661,1
翼社区,residential,商务住宅;住宅区;住宅小区,金牛区,104.022361,30.70749,1
福祥家园瑞祥苑,residential,商务住宅;住宅区;住宅小区,金牛区,104.018429,30.699601,1
金牛座,residential,商务住宅;住宅区;住宅小区,金牛区,104.022658,30.700204,4
阳曦芙蓉城,residential,商务住宅;住宅区;住宅小区,金牛区,104.014076,30.701166,1
福祥家园瑞康苑,residential,商务住宅;住宅区;住宅小区,金牛区,104.015169,30.699618,1
西蜀皓月3期,residential,商务住宅;住宅区;住宅区,金牛区,104.020235,30.706997,1
深越西园(子云路),residential,商务住宅;住宅区;住宅小区,金牛区,104.030382,30.703388,1
花照小区,residential,商务住宅;住宅区;住宅小区,金牛区,104.031504,30.703678,1
首开龙湖紫宸(建设中),residential,商务住宅;住宅区;住宅小区,金牛区,104.028766,30.701754,1
锦西人家,residential,商务住宅;住宅区;住宅区,金牛区,104.030616,30.706974,2
锦西人家2期,residential,商务住宅;住宅区;住宅小区,金牛区,104.031907,30.705685,2
优派公寓,residential,商务住宅;住宅区;住宅小区,金牛区,104.025323,30.702718,1
尚熙庭苑,residential,商务住宅;住宅区;住宅小区,金牛区,104.029465,30.70866,2
西街社区,residential,商务住宅;住宅区;住宅小区,金牛区,104.02437,30.701666,2
龙湖·花照1期,residential,商务住宅;住宅区;住宅小区,金牛区,104.030764,30.700465,1
金府路6号小区(金府路),residential,商务住宅;住宅区;住宅小区,金牛区,104.025923,30.708298,1
锦西人家四期,residential,商务住宅;住宅区;住宅小区,金牛区,104.032954,30.706875,1
生活2区,residential,商务住宅;住宅区;住宅小区,金牛区,104.024375,30.707504,2
城市绿舟花园,residential,商务住宅;住宅区;住宅小区,金牛区,104.032364,30.708366,1
城市博客阳光里,residential,商务住宅;住宅区;住宅小区,金牛区,104.024715,30.699281,5
华宇·锦城名都,residential,商务住宅;住宅区;住宅小区,金牛区,104.039174,30.703575,1
今日家园(长庆东一路),residential,商务住宅;住宅区;住宅小区,金牛区,104.037637,30.705068,1
锦城名都2期,residential,商务住宅;住宅区;住宅区,金牛区,104.038054,30.702716,2
九里教师苑,residential,商务住宅;住宅区;住宅小区,金牛区,104.040682,30.704169,1
香榭里,residential,商务住宅;住宅区;住宅小区,金牛区,104.039218,30.706522,2
第九交响南区,residential,商务住宅;住宅区;住宅小区,金牛区,104.036264,30.704219,1
香榭里公交苑,residential,商务住宅;住宅区;住宅小区,金牛区,104.038064,30.707256,4
怡泽苑,residential,商务住宅;住宅区;住宅小区,金牛区,104.035653,30.706825,6
第九交响,residential,商务住宅;住宅区;住宅小区,金牛区,104.035283,30.705223,1
交大路号,residential,商务住宅;住宅区;住宅小区,金牛区,104.042059,30.704668,1
宏源新居,residential,商务住宅;住宅区;住宅小区,金牛区,104.040531,30.701732,3
人和佳苑,residential,商务住宅;住宅区;住宅小区,金牛区,104.040267,30.707448,2
金海雅舍,residential,商务住宅;住宅区;住宅小区,金牛区,104.035052,30.703248,1
和睦人家3期,residential,商务住宅;住宅区;住宅区,金牛区,104.035884,30.701606,2
花照壁西顺街31号院,residential,商务住宅;住宅区;住宅小区,金牛区,104.033877,30.704381,3
三友小区,residential,商务住宅;住宅区;住宅小区,金牛区,104.044862,30.703054,12
众合华庭,residential,商务住宅;住宅区;住宅小区,金牛区,104.041539,30.707895,2
和睦·新天地,residential,商务住宅;住宅区;住宅小区,金牛区,104.037575,30.700422,1
九里苑西区,residential,商务住宅;住宅区;住宅小区,金牛区,104.042825,30.707722,2
银沙新居,residential,商务住宅;住宅区;住宅小区,金牛区,104.038358,30.699606,1
佳美榕苑,residential,商务住宅;住宅区;住宅小区,金牛区,104.040919,30.708942,1
聚贤阁,residential,商务住宅;住宅区;住宅小区,金牛区,104.0351,30.70843,2
银河路小区,residential,商务住宅;住宅区;住宅小区,金牛区,104.042763,30.700815,2
银沙公寓,residential,商务住宅;住宅区;住宅小区,金牛区,104.041587,30.698165,31
长庆路4号院,residential,商务住宅;住宅区;住宅小区,金牛区,104.033821,30.707694,1
顶峰·水岸汇景1期C区,residential,商务住宅;住宅区;住宅小区,金牛区,104.033946,30.700255,1
锦西花园,residential,商务住宅;住宅区;住宅小区,金牛区,104.042818,30.709325,1
恒和华园,residential,商务住宅;住宅区;住宅小区,金牛区,104.033785,30.709351,1
群星花园,residential,商务住宅;住宅区;住宅小区,金牛区,104.048512,30.704888,1
交大智能1期,residential,商务住宅;住宅区;住宅区,金牛区,104.047466,30.703808,1
云庭苑,residential,商务住宅;住宅区;住宅小区,金牛区,104.047809,30.706072,1
交大智能小区,residential,商务住宅;住宅区;住宅小区,金牛区,104.045873,30.705563,3
西南交通大学九里校区北园住宅区,residential,商务住宅;住宅区;住宅小区,金牛区,104.046737,30.701923,2
交大东园,residential,商务住宅;住宅区;住宅小区,金牛区,104.050762,30.706567,2
交桂一巷11号院,residential,商务住宅;住宅区;住宅小区,金牛区,104.044625,30.704151,1
亲水美居,residential,商务住宅;住宅区;住宅小区,金牛区,104.050051,30.708329,6
锦西民园,residential,商务住宅;住宅区;住宅小区,金牛区,104.045611,30.707696,1
玉居庵西路8号院,residential,商务住宅;住宅区;住宅小区,金牛区,104.060133,30.703894,3
五福花园,residential,商务住宅;住宅区;住宅小区,金牛区,104.059872,30.705637,1
欧美苑,residential,商务住宅;住宅区;住宅小区,金牛区,104.055122,30.704898,8
华凌·尚城,residential,商务住宅;住宅区;住宅小区,金牛区,104.060186,30.706718,2
五福苑,residential,商务住宅;住宅区;住宅小区,金牛区,104.061591,30.704371,1
九里欣居,residential,商务住宅;住宅区;住宅小区,金牛区,104.056093,30.700258,8
清荷苑,residential,商务住宅;住宅区;住宅小区,金牛区,104.062772,30.706191,2
站西桥西巷小区,residential,商务住宅;住宅区;住宅小区,金牛区,104.062246,30.701603,2
竹苑巷4号院,residential,商务住宅;住宅区;住宅小区,金牛区,104.063461,30.704328,1
五福丽景,residential,商务住宅;住宅区;住宅小区,金牛区,104.058662,30.708678,2
恒业·星园,residential,商务住宅;住宅区;住宅小区,金牛区,104.060144,30.708491,1
蓉北商贸一段,residential,商务住宅;住宅区;住宅小区,金牛区,104.063739,30.703131,3
能达花园,residential,商务住宅;住宅区;住宅小区,金牛区,104.068593,30.70345,1
玉居庵东路3号院,residential,商务住宅;住宅区;住宅小区,金牛区,104.066981,30.702497,3
美好家园,residential,商务住宅;住宅区;住宅小区,金牛区,104.069042,30.701582,4
福顺苑,residential,商务住宅;住宅区;住宅小区,成华区,104.071426,30.706066,3
北港新城南苑,residential,商务住宅;住宅区;住宅小区,金牛区,104.069273,30.706845,1
金色港湾(玉局庵东路),residential,商务住宅;住宅区;住宅小区,金牛区,104.065798,30.703052,1
五丰苑,residential,商务住宅;住宅区;住宅小区,金牛区,104.065776,30.707869,16
齐盛花园,residential,商务住宅;住宅区;住宅小区,成华区,104.070222,30.707973,5
站西桥东巷6号,residential,商务住宅;住宅区;住宅区,金牛区,104.066209,30.701007,8
都市花城,residential,商务住宅;住宅区;住宅小区,成华区,104.073313,30.702227,3
南一社区,residential,商务住宅;住宅区;住宅小区,成华区,104.073434,30.703383,1
泰来小区,residential,商务住宅;住宅区;住宅小区,成华区,104.072994,30.706457,1
馨碧苑,residential,商务住宅;住宅区;住宅小区,成华区,104.07215,30.707961,1
站北东横街46号院,residential,商务住宅;住宅区;住宅小区,成华区,104.073454,30.701101,1
站西桥西街28号院,residential,商务住宅;住宅区;住宅小区,金牛区,104.063847,30.7005,1
站西桥东街1号院,residential,商务住宅;住宅区;住宅小区,金牛区,104.063914,30.699099,4
八里桥路84号小区,residential,商务住宅;住宅区;住宅小区,成华区,104.077786,30.703036,1
五汇苑,residential,商务住宅;住宅区;住宅小区,成华区,104.076752,30.704984,1
红花堰住宅小区,residential,商务住宅;住宅区;住宅小区,成华区,104.078435,30.706784,1
润芝园,residential,商务住宅;住宅区;住宅小区,成华区,104.07668,30.702366,1
站东一组小区,residential,商务住宅;住宅区;住宅小区,成华区,104.074803,30.703619,3
南二社区,residential,商务住宅;住宅区;住宅小区,成华区,104.074612,30.702589,1
站东小区,residential,商务住宅;住宅区;住宅小区,成华区,104.07592,30.701119,2
北辰商寓,residential,商务住宅;住宅区;住宅小区,成华区,104.073781,30.704338,1
新绿苑,residential,商务住宅;住宅区;住宅小区,成华区,104.082752,30.701436,1
荷花池街小区,residential,商务住宅;住宅区;住宅小区,成华区,104.081942,30.70034,1
东沙路社区,residential,商务住宅;住宅区;住宅小区,成华区,104.075878,30.709225,1
祥苑(水武街),residential,商务住宅;住宅区;住宅小区,成华区,104.074172,30.709087,1
华宇·阳光水岸,residential,商务住宅;住宅区;住宅小区,成华区,104.088272,30.704855,1
滨河丽景,residential,商务住宅;住宅区;住宅小区,成华区,104.090248,30.704116,2
朝阳北苑,residential,商务住宅;住宅区;住宅小区,成华区,104.090664,30.705538,2
欣河苑,residential,商务住宅;住宅区;住宅小区,成华区,104.085705,30.703972,1
香澜半岛,residential,商务住宅;住宅区;住宅小区,成华区,104.089724,30.702054,1
沙河·路苑,residential,商务住宅;住宅区;住宅小区,成华区,104.08594,30.701896,1
驷马康城,residential,商务住宅;住宅区;住宅小区,成华区,104.09258,30.701104,2
东立国际广场,residential,商务住宅;住宅区;住宅小区,成华区,104.090124,30.699818,1
鑫禾·北城鑫街,residential,商务住宅;住宅区;住宅小区,成华区,104.092994,30.7074,1
仙湖公馆,residential,商务住宅;住宅区;住宅小区,成华区,104.091297,30.708691,1
丽水澜庭A区,residential,商务住宅;住宅区;住宅小区,成华区,104.088759,30.709329,1
兴元华盛2期,residential,商务住宅;住宅区;住宅小区,成华区,104.093347,30.708732,1
军星佳苑,residential,商务住宅;住宅区;住宅小区,成华区,104.099078,30.703487,1
青龙鹭苑,residential,商务住宅;住宅区;住宅小区,成华区,104.096101,30.704121,1
北回归线,residential,商务住宅;住宅区;住宅小区,成华区,104.100368,30.702658,2
北回归线1期,residential,商务住宅;住宅区;住宅区,成华区,104.099496,30.701828,1
瑞祥御锦,residential,商务住宅;住宅区;住宅小区,成华区,104.098401,30.701322,1
北辰美庐,residential,商务住宅;住宅区;住宅小区,成华区,104.095524,30.702182,1
西林小区,residential,商务住宅;住宅区;住宅小区,成华区,104.100798,30.701043,4
金科星耀天都,residential,商务住宅;住宅区;住宅小区,成华区,104.094351,30.702887,1
青龙日月苑,residential,商务住宅;住宅区;住宅小区,成华区,104.102532,30.70269,1
富丽锦城,residential,商务住宅;住宅区;住宅小区,成华区,104.095139,30.701014,1
融锦城,residential,商务住宅;住宅区;住宅小区,成华区,104.094519,30.707588,1
诺亚方舟,residential,商务住宅;楼宇;楼宇相关,成华区,104.100014,30.704835,1
青乐苑D区,residential,商务住宅;住宅区;住宅区,成华区,104.108218,30.705138,1
青乐苑A区,residential,商务住宅;住宅区;住宅区,成华区,104.109693,30.704664,3
青铁家园,residential,商务住宅;住宅区;住宅小区,成华区,104.109007,30.702883,1
青兴苑,residential,商务住宅;住宅区;住宅小区,成华区,104.106356,30.703011,5
昭青社区,residential,商务住宅;住宅区;住宅小区,成华区,104.106208,30.705387,2
青乐苑,residential,商务住宅;住宅区;住宅小区,成华区,104.110861,30.704016,1
龙城,residential,商务住宅;住宅区;住宅小区,成华区,104.104902,30.703254,4
中铁·北城华府,residential,商务住宅;住宅区;住宅小区,成华区,104.111962,30.703142,2
新和平苑,residential,商务住宅;住宅区;住宅小区,成华区,104.109259,30.701013,1
西林豫府,residential,商务住宅;住宅区;住宅小区,成华区,104.111269,30.701286,1
东林景忆,residential,商务住宅;住宅区;住宅小区,成华区,104.112054,30.707128,1
昭青怡园,residential,商务住宅;住宅区;住宅小区,成华区,104.103703,30.704852,1
昭君路社区,residential,商务住宅;住宅区;住宅小区,成华区,104.103566,30.706651,1
青龙乾院,residential,商务住宅;住宅区;住宅小区,成华区,104.103687,30.701319,1
平安大院,residential,商务住宅;住宅区;住宅小区,成华区,104.122354,30.704574,1
马克公馆2期,residential,商务住宅;住宅区;住宅小区,成华区,104.116454,30.70259,1
马克公馆,residential,商务住宅;住宅区;住宅小区,成华区,104.11508,30.703336,2
银锣湾(青龙路),residential,商务住宅;住宅区;住宅小区,成华区,104.116027,30.707874,1
西林新居2期,residential,商务住宅;住宅区;住宅小区,成华区,104.113602,30.701478,1
青龙乡海滨村三组77号,residential,商务住宅;住宅区;住宅区,成华区,104.121183,30.704658,1
上古天地,residential,商务住宅;住宅区;住宅小区,成华区,104.163292,30.707038,1
上东国际,residential,商务住宅;住宅区;住宅小区,成华区,104.159595,30.702874,3
隆兴嘉苑(龙树路),residential,商务住宅;住宅区;住宅小区,成华区,104.158555,30.705298,1
中国铁建北湖国际城,residential,商务住宅;住宅区;住宅小区,成华区,104.154531,30.709367,1
北湖国际城2期(建设中),residential,商务住宅;住宅区;住宅小区,成华区,104.155171,30.708634,1
华宇·北城中央,residential,商务住宅;住宅区;住宅小区,成华区,104.161697,30.705555,1
隆兴雅园,residential,商务住宅;住宅区;住宅小区,成华区,104.159567,30.707369,1
香木林馨园,residential,商务住宅;住宅区;住宅小区,成华区,104.162611,30.703729,1
龙翔人家,residential,商务住宅;住宅区;住宅小区,成华区,104.167939,30.704946,1
北湖龙珠,residential,商务住宅;住宅区;住宅小区,成华区,104.167114,30.70265,4
时代欣城,residential,商务住宅;住宅区;住宅小区,成华区,104.170851,30.702865,1
龙翔苑,residential,商务住宅;住宅区;住宅区,成华区,104.165045,30.706092,2
秀林苑,residential,商务住宅;住宅区;住宅小区,成华区,104.169115,30.700305,1
金科·天籁城,residential,商务住宅;住宅区;住宅小区,成华区,104.16553,30.700831,2
秀林尚苑东区,residential,商务住宅;住宅区;住宅小区,成华区,104.170897,30.700588,1
隆兴路三号,residential,商务住宅;住宅区;住宅小区,成华区,104.163991,30.705358,1
龙湖丽景,residential,商务住宅;住宅区;住宅小区,成华区,104.16707,30.708989,1
同乐社区2幢,residential,商务住宅;住宅区;住宅小区,成华区,104.171346,30.708931,1
二重嘉苑,residential,商务住宅;住宅区;住宅小区,成华区,104.180125,30.700637,1
清江苑,residential,商务住宅;住宅区;住宅小区,青羊区,103.973068,30.69032,2
黄金苑,residential,商务住宅;住宅区;住宅小区,青羊区,103.968415,30.692226,1
黄土小区,residential,商务住宅;住宅区;住宅小区,青羊区,103.970725,30.690656,1
成飞463小区,residential,商务住宅;住宅区;住宅小区,青羊区,103.964487,30.695968,1
盛畅园,residential,商务住宅;住宅区;住宅小区,青羊区,103.964362,30.69739,1
成飞520小区,residential,商务住宅;住宅区;住宅小区,青羊区,103.966296,30.696742,1
西金苑,residential,商务住宅;住宅区;住宅区,青羊区,103.970134,30.695752,2
成飞物业559小区,residential,商务住宅;住宅区;住宅小区,青羊区,103.968232,30.698739,1
成飞404小区,residential,商务住宅;住宅区;住宅小区,青羊区,103.964748,30.698836,1
成飞家园512小区,residential,商务住宅;住宅区;住宅小区,青羊区,103.966658,30.69951,1
西金苑C区,residential,商务住宅;住宅区;住宅小区,青羊区,103.971941,30.696087,1
黄土中心村,residential,商务住宅;住宅区;住宅小区,青羊区,103.965772,30.694217,1
西金苑D区,residential,商务住宅;住宅区;住宅小区,青羊区,103.971051,30.694557,1
西金苑B区,residential,商务住宅;住宅区;住宅小区,青羊区,103.971964,30.697375,1
西金苑D区14号,residential,商务住宅;住宅区;住宅区,青羊区,103.970437,30.693629,1
清波小区西区,residential,商务住宅;住宅区;住宅小区,青羊区,103.981731,30.692409,1
清波小区,residential,商务住宅;住宅区;住宅小区,青羊区,103.983066,30.692018,1
清水河社区,residential,商务住宅;住宅区;住宅小区,金牛区,103.978207,30.697351,1
清波小区(东区),residential,商务住宅;住宅区;住宅小区,青羊区,103.984552,30.691779,1
蓝光·雍锦园,residential,商务住宅;住宅区;住宅小区,青羊区,103.988268,30.692777,1
雍锦王府(建设中),residential,商务住宅;住宅区;住宅小区,青羊区,103.988007,30.691828,1
蓝光·CoCo金沙2期,residential,商务住宅;住宅区;住宅小区,青羊区,103.984553,30.6938,1
海亮樾金沙,residential,商务住宅;住宅区;住宅小区,青羊区,103.990531,30.690961,1
海亮爱金沙,residential,商务住宅;住宅区;住宅小区,青羊区,103.987052,30.692789,1
中海·金沙府,residential,商务住宅;住宅区;住宅小区,青羊区,104.003459,30.691238,1
金沙城,residential,商务住宅;住宅区;住宅小区,青羊区,103.998068,30.695122,2
成都潮蓉金沙彦府,residential,商务住宅;住宅区;住宅小区,青羊区,103.999962,30.693996,1
龙栖苑,residential,商务住宅;住宅区;住宅小区,青羊区,104.000464,30.69543,1
蜀辉路299号院,residential,商务住宅;住宅区;住宅区,青羊区,104.0037,30.69715,2
龙嘴路9号院,residential,商务住宅;住宅区;住宅小区,青羊区,104.002123,30.698317,1
龙嘴小区,residential,商务住宅;住宅区;住宅小区,青羊区,104.00857,30.69329,2
金都花园(蜀汉路),residential,商务住宅;住宅区;住宅小区,金牛区,104.010539,30.6944,1
同怡横街50号院,residential,商务住宅;住宅区;住宅小区,金牛区,104.008511,30.691918,1
芙蓉苑(黄忠西街),residential,商务住宅;住宅区;住宅小区,金牛区,104.010785,30.692544,1
绿洲华苑,residential,商务住宅;住宅区;住宅小区,金牛区,104.008428,30.697204,1
千和馨城,residential,商务住宅;住宅区;住宅小区,金牛区,104.012192,30.693845,1
金域港湾,residential,商务住宅;住宅区;住宅小区,金牛区,104.011136,30.696786,1
同怡社区(东门),residential,商务住宅;住宅区;住宅小区,青羊区,104.00528,30.694017,1
欧韵金沙,residential,商务住宅;住宅区;住宅小区,青羊区,104.006138,30.696866,1
春语花间,residential,商务住宅;住宅区;住宅小区,青羊区,104.005565,30.692471,1
芙蓉苑(黄忠横街),residential,商务住宅;住宅区;住宅小区,金牛区,104.009879,30.691159,1
蜀汉路337号大院,residential,商务住宅;住宅区;住宅区,金牛区,104.012684,30.695078,1
金沙·别致,residential,商务住宅;住宅区;住宅小区,金牛区,104.01124,30.691557,1
西城天下,residential,商务住宅;住宅区;住宅小区,金牛区,104.012204,30.69668,1
幸福春天,residential,商务住宅;住宅区;住宅小区,金牛区,104.009425,30.698366,1
建发·金沙里,residential,商务住宅;住宅区;住宅小区,青羊区,104.004132,30.694002,2
德意馨苑,residential,商务住宅;住宅区;住宅小区,金牛区,104.007072,30.698347,1
上品·优空间,residential,商务住宅;住宅区;住宅小区,金牛区,104.01326,30.692693,3
幸福枫景,residential,商务住宅;住宅区;住宅小区,金牛区,104.0122,30.698207,3
同怡社区(南门),residential,商务住宅;住宅区;住宅小区,青羊区,104.003997,30.692676,1
千和银杏·花苑,residential,商务住宅;住宅区;住宅小区,金牛区,104.010486,30.698778,1
加贝花园,residential,商务住宅;住宅区;住宅小区,金牛区,104.013386,30.696657,1
金沙·逸苑,residential,商务住宅;住宅区;住宅小区,金牛区,104.010388,30.690124,1
博雅庭韵,residential,商务住宅;住宅区;住宅小区,金牛区,104.00508,30.690971,1
金沙国际,residential,商务住宅;住宅区;住宅小区,金牛区,104.006444,30.689722,2
金沙美邻丽雅苑,residential,商务住宅;住宅区;住宅小区,金牛区,104.012126,30.690521,2
金色池塘,residential,商务住宅;住宅区;住宅小区,金牛区,104.008708,30.699481,1
金地金沙府邸,residential,商务住宅;住宅区;住宅小区,青羊区,104.004829,30.69863,1
西延雅舍,residential,商务住宅;住宅区;住宅小区,金牛区,104.013553,30.690118,1
欧尚小区,residential,商务住宅;住宅区;住宅小区,金牛区,104.017774,30.693116,2
东方苑(蜀兴西街),residential,商务住宅;住宅区;住宅小区,金牛区,104.016304,30.694828,1
福兴苑,residential,商务住宅;住宅区;住宅小区,金牛区,104.017228,30.696516,2
一品天下A区,residential,商务住宅;住宅区;住宅小区,金牛区,104.021147,30.69462,1
二十九所生活区丁区,residential,商务住宅;住宅区;住宅小区,金牛区,104.020908,30.695532,1
金穗苑(蜀兴西街),residential,商务住宅;住宅区;住宅小区,金牛区,104.015884,30.69586,1
攀乐苑,residential,商务住宅;住宅区;住宅小区,金牛区,104.021844,30.692516,2
锦城花园(中环路一品天下大街段),residential,商务住宅;住宅区;住宅小区,金牛区,104.020582,30.691701,1
一品天下C区,residential,商务住宅;住宅区;住宅小区,金牛区,104.022478,30.694335,1
红色小区,residential,商务住宅;住宅区;住宅小区,金牛区,104.016173,30.697305,2
新天地(蜀汉路),residential,商务住宅;住宅区;住宅小区,金牛区,104.016652,30.691336,2
阳光地带(蜀光路),residential,商务住宅;住宅区;住宅小区,金牛区,104.01448,30.694425,1
蜀汉路488号院,residential,商务住宅;住宅区;住宅区,金牛区,104.015131,30.692565,1
金港湾花园,residential,商务住宅;住宅区;住宅小区,金牛区,104.017446,30.698248,1
西藏邮苑,residential,商务住宅;住宅区;住宅小区,金牛区,104.014741,30.696929,1
二十九所生活区丙区,residential,商务住宅;住宅区;住宅小区,金牛区,104.022514,30.697232,1
益和苑,residential,商务住宅;住宅区;住宅小区,金牛区,104.019014,30.689091,8
锦城庭院,residential,商务住宅;住宅区;住宅小区,金牛区,104.022999,30.691759,1
懋园·西沿风景,residential,商务住宅;住宅区;住宅小区,金牛区,104.016404,30.698738,1
唯特郡,residential,商务住宅;住宅区;住宅小区,金牛区,104.021897,30.689708,4
蜀汉路259号院,residential,商务住宅;住宅区;住宅区,金牛区,104.020191,30.689974,1
金沙美邻,residential,商务住宅;住宅区;住宅区,金牛区,104.01433,30.691255,2
三和花园,residential,商务住宅;住宅区;住宅小区,金牛区,104.015748,30.690254,1
二十九所生活区甲区,residential,商务住宅;住宅区;住宅小区,金牛区,104.02122,30.699122,1
安蓉小区,residential,商务住宅;住宅区;住宅小区,金牛区,104.023364,30.697968,2
五里墩路49号院,residential,商务住宅;住宅区;住宅小区,金牛区,104.028758,30.693839,1
外化城,residential,商务住宅;住宅区;住宅区,金牛区,104.031458,30.690833,46
十七号大院,residential,商务住宅;住宅区;住宅小区,金牛区,104.030842,30.695098,2
电子所住宅区,residential,商务住宅;住宅区;住宅小区,金牛区,104.030483,30.696496,2
茶店子东街48号院,residential,商务住宅;住宅区;住宅小区,金牛区,104.028164,30.697009,1
锦城社区东区,residential,商务住宅;住宅区;住宅小区,金牛区,104.029131,30.697733,1
蜀兴苑,residential,商务住宅;住宅区;住宅小区,金牛区,104.02521,30.692113,1
一品天下D区,residential,商务住宅;住宅区;住宅小区,金牛区,104.024059,30.695525,1
千喜之春公寓,residential,商务住宅;住宅区;住宅小区,金牛区,104.033451,30.69555,2
锦汇花园,residential,商务住宅;住宅区;住宅小区,金牛区,104.027872,30.69018,1
西城公馆,residential,商务住宅;住宅区;住宅小区,金牛区,104.025754,30.698098,1
顶峰·水岸汇景,residential,商务住宅;住宅区;住宅小区,金牛区,104.032921,30.697438,2
一品天下B区,residential,商务住宅;住宅区;住宅小区,金牛区,104.023677,30.696696,1
蓝光·云鼎,residential,商务住宅;住宅区;住宅小区,金牛区,104.025297,30.689877,1
凯丽豪景2期,residential,商务住宅;住宅区;住宅小区,金牛区,104.023957,30.689786,1
新柳苑,residential,商务住宅;住宅区;住宅小区,金牛区,104.03783,30.694668,2
新天地,residential,商务住宅;住宅区;住宅小区,金牛区,104.040241,30.695028,8
二环路北二段241号院,residential,商务住宅;住宅区;住宅区,金牛区,104.03774,30.693356,2
为民路54号院,residential,商务住宅;住宅区;住宅区,金牛区,104.040585,30.692859,2
琴园,residential,商务住宅;住宅区;住宅小区,金牛区,104.037133,30.696996,3
汇景新村,residential,商务住宅;住宅区;住宅小区,金牛区,104.035642,30.694326,8
运生苑,residential,商务住宅;住宅区;住宅小区,金牛区,104.039545,30.690609,21
万科加州湾,residential,商务住宅;住宅区;住宅小区,金牛区,104.042839,30.694761,4
金房星座,residential,商务住宅;住宅区;住宅小区,金牛区,104.038857,30.698017,2
月园,residential,商务住宅;住宅区;住宅小区,金牛区,104.034847,30.696283,2
八零派,residential,商务住宅;住宅区;住宅小区,金牛区,104.044133,30.689424,48
澳林春天,residential,商务住宅;住宅区;住宅小区,金牛区,104.034465,30.692083,2
凤凰栖,residential,商务住宅;住宅区;住宅小区,金牛区,104.037574,30.698836,1
金奥苑,residential,商务住宅;住宅区;住宅小区,金牛区,104.034937,30.697744,3
金房央座,residential,商务住宅;住宅区;住宅小区,金牛区,104.036182,30.698972,2
康品,residential,商务住宅;住宅区;住宅小区,金牛区,104.035659,30.683786,184
钻石年代,residential,商务住宅;住宅区;住宅小区,金牛区,104.035134,30.699037,1
顶峰水岸3期,residential,商务住宅;住宅区;住宅小区,金牛区,104.034089,30.698974,1
凌远花园(圃园南二路),residential,商务住宅;住宅区;住宅小区,金牛区,104.050296,30.695329,1
潮蓉苑,residential,商务住宅;住宅区;住宅小区,金牛区,104.050728,30.694404,1
天合苑,residential,商务住宅;住宅区;住宅小区,金牛区,104.052536,30.695905,17
红星院,residential,商务住宅;住宅区;住宅小区,金牛区,104.052288,30.692501,23
金洲家园,residential,商务住宅;住宅区;住宅小区,金牛区,104.048152,30.691832,1
懋园国际商住城,residential,商务住宅;住宅区;住宅小区,金牛区,104.046247,30.69227,1
西南交通大学九里校区南园9幢,residential,商务住宅;住宅区;住宅小区,金牛区,104.047693,30.698343,23
金阳光苑,residential,商务住宅;住宅区;住宅区,金牛区,104.047399,30.690726,5
银桂桥西街小区,residential,商务住宅;住宅区;住宅小区,金牛区,104.045864,30.697231,3
现代城(金沙路),residential,商务住宅;住宅区;住宅小区,金牛区,104.044109,30.693934,1
沙湾公寓,residential,商务住宅;住宅区;住宅小区,金牛区,104.049458,30.689821,6
银桂桥社区,residential,商务住宅;住宅区;住宅小区,金牛区,104.044862,30.699021,3
全兴花园,residential,商务住宅;住宅区;住宅小区,金牛区,104.056255,30.694286,1
九里堤南路86号院,residential,商务住宅;住宅区;住宅区,金牛区,104.057019,30.696732,1
成都木综厂小区,residential,商务住宅;住宅区;住宅小区,金牛区,104.055682,30.696216,2
府河桥社区,residential,商务住宅;住宅区;住宅小区,金牛区,104.055723,30.692262,1
如福苑,residential,商务住宅;住宅区;住宅小区,金牛区,104.06257,30.691341,14
龙门镇,residential,商务住宅;住宅区;住宅小区,金牛区,104.05904,30.690727,1
北站西二路38号院,residential,商务住宅;住宅区;住宅小区,金牛区,104.062865,30.694486,1
锦宏河滨苑,residential,商务住宅;住宅区;住宅小区,金牛区,104.057454,30.698259,1
劲草园,residential,商务住宅;住宅区;住宅小区,金牛区,104.055585,30.691038,2
太阳门公寓,residential,商务住宅;住宅区;住宅小区,金牛区,104.055594,30.697798,1
府河1号,residential,商务住宅;住宅区;住宅小区,金牛区,104.05812,30.689616,1
北站西二路50号院,residential,商务住宅;住宅区;住宅小区,金牛区,104.063366,30.696179,2
府河路苑,residential,商务住宅;住宅区;住宅小区,金牛区,104.061185,30.698825,1
木棕厂家属院,residential,商务住宅;住宅区;住宅小区,金牛区,104.056123,30.689027,4
北站西一路131号院,residential,商务住宅;住宅区;住宅小区,金牛区,104.067521,30.694358,2
北站西二巷2号院,residential,商务住宅;住宅区;住宅小区,青羊区,104.069026,30.693367,1
荷花池街道杨柳巷社区,residential,商务住宅;住宅区;住宅小区,金牛区,104.068009,30.696315,1
西一路十号院,residential,商务住宅;住宅区;住宅小区,金牛区,104.067593,30.691931,4
人民北路小区,residential,商务住宅;住宅区;住宅小区,金牛区,104.07102,30.694924,1
北站西一巷17号小区,residential,商务住宅;住宅区;住宅小区,金牛区,104.06603,30.695155,1
二环路北二段4号,residential,商务住宅;住宅区;住宅区,金牛区,104.069134,30.696629,1
北站西一路88号院,residential,商务住宅;住宅区;住宅区,金牛区,104.066671,30.696116,1
北站西一路16号院,residential,商务住宅;住宅区;住宅小区,金牛区,104.066428,30.69253,2
航空苑,residential,商务住宅;住宅区;住宅小区,金牛区,104.071429,30.693248,2
人民北路二段5号小区,residential,商务住宅;住宅区;住宅小区,金牛区,104.069436,30.691597,1
肖三南巷78号院,residential,商务住宅;住宅区;住宅小区,金牛区,104.071978,30.69178,2
二环路北二段77号院,residential,商务住宅;住宅区;住宅小区,金牛区,104.065362,30.697438,1
北站西三巷29号院,residential,商务住宅;住宅区;住宅小区,金牛区,104.066673,30.690378,1
北站西二路36号院,residential,商务住宅;住宅区;住宅小区,金牛区,104.063525,30.693543,1
和谐平安四分会南院,residential,商务住宅;住宅区;住宅小区,金牛区,104.069985,30.690161,1
肖家村三巷69号院,residential,商务住宅;住宅区;住宅小区,金牛区,104.073577,30.691346,15
汽配公寓,residential,商务住宅;住宅区;住宅小区,金牛区,104.080286,30.695277,1
馨江苑,residential,商务住宅;住宅区;住宅小区,金牛区,104.080398,30.6926,5
幸福村一组,residential,商务住宅;住宅区;住宅区,金牛区,104.075961,30.694091,1
聚源公寓,residential,商务住宅;住宅区;住宅小区,金牛区,104.076921,30.692287,2
二环路北三段220号,residential,商务住宅;住宅区;住宅区,金牛区,104.080597,30.696492,2
红花小区,residential,商务住宅;住宅区;住宅小区,金牛区,104.078732,30.690636,8
荷花池公寓,residential,商务住宅;住宅区;住宅小区,金牛区,104.081714,30.695519,1
馨红苑,residential,商务住宅;住宅区;住宅小区,金牛区,104.083024,30.691793,41
红花苑,residential,商务住宅;住宅区;住宅区,金牛区,104.083681,30.694483,6
富丽城,residential,商务住宅;住宅区;住宅小区,金牛区,104.080187,30.697886,1
粗粮2号馍(荷花池店),residential,商务住宅;住宅区;住宅小区,金牛区,104.077169,30.69834,1
盛世豪庭,residential,商务住宅;住宅区;住宅小区,金牛区,104.082558,30.697387,2
一品荷花,residential,商务住宅;住宅区;住宅小区,金牛区,104.078056,30.699096,2
福居苑,residential,商务住宅;住宅区;住宅小区,金牛区,104.075803,30.6895,13
禾嘉利好,residential,商务住宅;住宅区;住宅小区,金牛区,104.081832,30.698463,1
解放路一段120号大院,residential,商务住宅;住宅区;住宅小区,金牛区,104.083472,30.690353,2
城北天地,residential,商务住宅;住宅区;住宅小区,金牛区,104.087378,30.694458,1
瑞安·城中汇,residential,商务住宅;住宅区;住宅小区,金牛区,104.089302,30.695502,1
二环路北四段70院,residential,商务住宅;住宅区;住宅小区,金牛区,104.087532,30.693122,2
经典再现,residential,商务住宅;住宅区;住宅小区,金牛区,104.087363,30.695822,1
芙蓉华庭,residential,商务住宅;住宅区;住宅小区,金牛区,104.085951,30.696765,4
润泽园(红旗巷),residential,商务住宅;住宅区;住宅小区,金牛区,104.087485,30.697058,1
通瑞龙邸,residential,商务住宅;住宅区;住宅小区,成华区,104.092915,30.692459,7
二环北路四段5号新10栋院,residential,商务住宅;住宅区;住宅区,成华区,104.093,30.694902,1
八里庄社区,residential,商务住宅;住宅区;住宅小区,成华区,104.090364,30.698465,1
蓝光富丽碧蔓汀,residential,商务住宅;住宅区;住宅小区,金牛区,104.086131,30.690072,1
沙河·云景湾,residential,商务住宅;住宅区;住宅小区,金牛区,104.086734,30.698881,1
沙河庭院,residential,商务住宅;住宅区;住宅小区,成华区,104.09237,30.69025,3
永立·龙邸,residential,商务住宅;住宅区;住宅小区,成华区,104.096705,30.692172,2
汇融名城C区,residential,商务住宅;住宅区;住宅小区,成华区,104.095113,30.694995,1
汇融名城,residential,商务住宅;住宅区;住宅小区,成华区,104.094578,30.693718,1
瑞通新居,residential,商务住宅;住宅区;住宅小区,成华区,104.098025,30.690373,1
宝源·驷马城,residential,商务住宅;住宅区;住宅小区,成华区,104.094901,30.697368,1
水畔经典(驷马桥路),residential,商务住宅;住宅区;住宅小区,成华区,104.10057,30.698594,1
二环路北四段小区,residential,商务住宅;住宅区;住宅小区,成华区,104.094146,30.691079,1
浅水半岛C区,residential,商务住宅;住宅区;住宅小区,成华区,104.102687,30.690191,1
锦都馨苑,residential,商务住宅;住宅区;住宅小区,成华区,104.107759,30.692853,1
文德路44号新98号,residential,商务住宅;住宅区;住宅区,成华区,104.106055,30.692955,1
金津苑,residential,商务住宅;住宅区;住宅小区,成华区,104.106735,30.691157,4
地质花园,residential,商务住宅;住宅区;住宅小区,成华区,104.111239,30.691639,1
世家东部时空,residential,商务住宅;住宅区;住宅小区,成华区,104.104654,30.692638,1
上行东方,residential,商务住宅;住宅区;住宅小区,成华区,104.110533,30.690574,1
八里小区,residential,商务住宅;住宅区;住宅小区,成华区,104.109223,30.688372,22
怡福社区,residential,商务住宅;住宅区;住宅小区,成华区,104.104864,30.690393,3
锦电苑,residential,商务住宅;住宅区;住宅小区,成华区,104.106941,30.689185,3
东星名居,residential,商务住宅;住宅区;住宅小区,成华区,104.117155,30.690011,2
八里庄路小区,residential,商务住宅;住宅区;住宅小区,成华区,104.115539,30.689754,1
二仙桥西北一路6号院,residential,商务住宅;住宅区;住宅区,成华区,104.118365,30.694173,1
海湾社区一组3号,residential,商务住宅;住宅区;住宅区,成华区,104.122562,30.696218,1
民兴苑,residential,商务住宅;住宅区;住宅小区,成华区,104.137395,30.690457,1
蓝光乐彩城,residential,商务住宅;住宅区;住宅小区,成华区,104.136102,30.692818,1
乐彩城3期,residential,商务住宅;住宅区;住宅小区,成华区,104.136182,30.691325,1
民兴北苑,residential,商务住宅;住宅区;住宅小区,成华区,104.146121,30.693177,1
民兴南苑,residential,商务住宅;住宅区;住宅小区,成华区,104.144793,30.691295,1
居家福地,residential,商务住宅;住宅区;住宅小区,成华区,104.162842,30.696836,1
香木林花园里,residential,商务住宅;住宅区;住宅小区,成华区,104.162883,30.69889,1
向龙小区,residential,商务住宅;住宅区;住宅小区,成华区,104.161149,30.696923,2
龙华居,residential,商务住宅;住宅区;住宅小区,成华区,104.160739,30.698633,1
向龙社区,residential,商务住宅;住宅区;住宅小区,成华区,104.154284,30.694703,1
鹤林小区,residential,商务住宅;住宅区;住宅小区,成华区,104.16825,30.697287,1
北湖卡夫诺,residential,商务住宅;住宅区;住宅区,成华区,104.165143,30.69456,1
东方丽苑,residential,商务住宅;住宅区;住宅小区,成华区,104.166235,30.696712,1
龙锦雅苑,residential,商务住宅;住宅区;住宅小区,成华区,104.171244,30.697121,1
金科·天籁城南区,residential,商务住宅;住宅区;住宅小区,成华区,104.165053,30.696565,1
成康雅筑,residential,商务住宅;住宅区;住宅区,成华区,104.166522,30.697809,1
水乡茗居,residential,商务住宅;住宅区;住宅小区,成华区,104.173918,30.697274,4
水乡茗房东区,residential,商务住宅;住宅区;住宅小区,成华区,104.175903,30.697172,2
二重嘉苑4期,residential,商务住宅;住宅区;住宅小区,成华区,104.180368,30.69789,2
611住宅(建设中),residential,商务住宅;住宅区;住宅小区,青羊区,103.966079,30.684839,1
紫御熙庭,residential,商务住宅;住宅区;住宅小区,青羊区,103.972311,30.683287,1
融创观玺台(建设中),residential,商务住宅;住宅区;住宅小区,青羊区,103.972069,30.680506,1
馨光华庭,residential,商务住宅;住宅区;住宅小区,青羊区,103.965421,30.680452,1
龙湖·翠微清波,residential,商务住宅;住宅区;住宅小区,青羊区,103.981546,30.682546,2
中铁·双龙湾,residential,商务住宅;住宅区;住宅小区,青羊区,103.982732,30.679891,1
清水路苑,residential,商务住宅;住宅区;住宅小区,青羊区,103.975532,30.683639,1
蓝光·COCO金沙3期,residential,商务住宅;住宅区;住宅小区,青羊区,103.982194,30.689114,1
蓝光·COCO金沙1期,residential,商务住宅;住宅区;住宅小区,青羊区,103.982712,30.686792,1
清波苑,residential,商务住宅;住宅区;住宅区,青羊区,103.982893,30.684441,2
龙湖·翠微清波A区,residential,商务住宅;住宅区;住宅小区,青羊区,103.982337,30.681277,1
保利·金香槟,residential,商务住宅;住宅区;住宅小区,青羊区,103.990083,30.684298,1
保利·香槟国际,residential,商务住宅;住宅区;住宅区,青羊区,103.988237,30.683183,1
西映金沙,residential,商务住宅;住宅区;住宅小区,青羊区,103.990072,30.682994,1
金沙海棠,residential,商务住宅;住宅区;住宅小区,青羊区,103.991031,30.685908,1
清江之春,residential,商务住宅;住宅区;住宅小区,青羊区,103.989397,30.681944,1
金沙愉景,residential,商务住宅;住宅区;住宅小区,青羊区,103.988908,30.688895,4
金辉苑(金辉路),residential,商务住宅;住宅区;住宅小区,青羊区,103.98465,30.68391,1
金沙·柏林郡(清波路),residential,商务住宅;住宅区;住宅小区,青羊区,103.99271,30.685877,1
清江小区,residential,商务住宅;住宅区;住宅小区,青羊区,103.987417,30.680681,1
金福苑(蜀清路),residential,商务住宅;住宅区;住宅小区,青羊区,103.984022,30.682682,1
百仁,residential,商务住宅;住宅区;住宅区,青羊区,103.984695,30.687595,1
中大·君悦金沙花园南区,residential,商务住宅;住宅区;住宅小区,青羊区,103.992556,30.681227,1
鸿运之星,residential,商务住宅;住宅区;住宅小区,青羊区,103.984783,30.6806,1
华润金悦湾,residential,商务住宅;住宅区;住宅小区,青羊区,103.993049,30.689027,1
中大·君悦金沙9期君雅院,residential,商务住宅;住宅区;住宅小区,青羊区,103.993452,30.679736,2
上善清波,residential,商务住宅;住宅区;住宅小区,青羊区,103.984673,30.689456,1
金沙鹭岛2期,residential,商务住宅;住宅区;住宅小区,青羊区,103.99833,30.683504,1
金沙鹭岛1期,residential,商务住宅;住宅区;住宅小区,青羊区,104.000712,30.684446,2
世纪金沙,residential,商务住宅;住宅区;住宅小区,青羊区,103.997647,30.686052,1
金沙鹭岛3期,residential,商务住宅;住宅区;住宅小区,青羊区,103.99614,30.683547,4
金鹏街小区,residential,商务住宅;住宅区;住宅小区,青羊区,103.998842,30.681481,8
公元·西,residential,商务住宅;住宅区;住宅小区,青羊区,104.001615,30.685829,1
西贵金沙,residential,商务住宅;住宅区;住宅小区,青羊区,104.000427,30.68695,1
印象金沙,residential,商务住宅;住宅区;住宅小区,青羊区,103.996562,30.686854,1
金沙鹭岛4期,residential,商务住宅;住宅区;住宅小区,青羊区,103.995144,30.685124,1
金沙云庭,residential,商务住宅;住宅区;住宅小区,青羊区,104.00268,30.683495,1
青江小区,residential,商务住宅;住宅区;住宅小区,青羊区,103.996904,30.681218,1
兰亭(金泽路),residential,商务住宅;住宅区;住宅小区,青羊区,104.002428,30.68668,1
金沙西园Ⅱ期南区,residential,商务住宅;住宅区;住宅小区,青羊区,104.001224,30.681142,2
中大·君悦金沙,residential,商务住宅;住宅区;住宅小区,青羊区,103.995128,30.681103,5
中大·君悦金沙5期君郎院,residential,商务住宅;住宅区;住宅小区,青羊区,103.996959,30.679739,1
金沙西园4期,residential,商务住宅;住宅区;住宅小区,青羊区,104.00028,30.679656,1
金沙金瓯路社区,residential,商务住宅;住宅区;住宅小区,青羊区,104.003354,30.67989,2
蜀风兰苑,residential,商务住宅;住宅区;住宅小区,青羊区,104.006715,30.684904,1
燕沙庭院,residential,商务住宅;住宅区;住宅小区,青羊区,104.007547,30.686644,1
蜀风花园城,residential,商务住宅;住宅区;住宅小区,青羊区,104.005068,30.684978,1
金沙西墅,residential,商务住宅;住宅区;住宅小区,青羊区,104.005078,30.686576,3
金凤路小区,residential,商务住宅;住宅区;住宅小区,青羊区,104.00646,30.681568,1
天韵金沙,residential,商务住宅;住宅区;住宅小区,青羊区,104.008399,30.680822,1
金沙古韵,residential,商务住宅;住宅区;住宅小区,金牛区,104.008881,30.688537,1
金沙御苑,residential,商务住宅;住宅区;住宅小区,金牛区,104.012787,30.689163,2
雍锦湾,residential,商务住宅;住宅区;住宅小区,青羊区,104.005534,30.687633,1
金沙西园Ⅲ期,residential,商务住宅;住宅区;住宅小区,青羊区,104.004897,30.682021,1
豪诚,residential,商务住宅;住宅区;住宅小区,青羊区,104.013252,30.682667,1
锦秀民居,residential,商务住宅;住宅区;住宅小区,青羊区,104.01282,30.681805,1
金沙上城,residential,商务住宅;住宅区;住宅小区,金牛区,104.012278,30.687966,1
紫桂花园,residential,商务住宅;住宅区;住宅小区,金牛区,104.009298,30.689407,1
科沁苑,residential,商务住宅;住宅区;住宅小区,青羊区,104.011886,30.680246,1
花间雅舍金沙西园Ⅰ期,residential,商务住宅;住宅区;住宅小区,青羊区,104.003992,30.680884,1
鸿生花园,residential,商务住宅;住宅区;住宅小区,青羊区,104.017842,30.684477,1
四季春天,residential,商务住宅;住宅区;住宅小区,青羊区,104.020278,30.681168,16
天鹅星座,residential,商务住宅;住宅区;住宅小区,青羊区,104.017366,30.685317,1
香榭名苑,residential,商务住宅;住宅区;住宅小区,青羊区,104.021045,30.684171,4
西祥公寓,residential,商务住宅;住宅区;住宅小区,金牛区,104.018734,30.686594,2
锦青苑,residential,商务住宅;住宅区;住宅小区,青羊区,104.017429,30.682665,1
西和公寓,residential,商务住宅;住宅区;住宅小区,金牛区,104.020499,30.686444,1
千和·沁香华庭,residential,商务住宅;住宅区;住宅小区,青羊区,104.015977,30.683199,1
欣民苑,residential,商务住宅;住宅区;住宅小区,金牛区,104.015772,30.686102,1
同馨苑(同善桥东街),residential,商务住宅;住宅区;住宅小区,青羊区,104.022633,30.684139,1
悦民苑,residential,商务住宅;住宅区;住宅小区,金牛区,104.017024,30.687676,1
锦翠苑(同盛路),residential,商务住宅;住宅区;住宅小区,青羊区,104.016379,30.681062,2
同善桥,residential,商务住宅;住宅区;住宅区,金牛区,104.023319,30.685913,9
锦红苑,residential,商务住宅;住宅区;住宅小区,青羊区,104.014423,30.683742,1
同和苑(同善横街),residential,商务住宅;住宅区;住宅小区,青羊区,104.022773,30.683149,1
锦桂苑,residential,商务住宅;住宅区;住宅小区,青羊区,104.018051,30.68071,1
惠民苑,residential,商务住宅;住宅区;住宅小区,金牛区,104.014173,30.686632,2
格林花园(同友路),residential,商务住宅;住宅区;住宅小区,金牛区,104.022186,30.687337,1
锦西民宅,residential,商务住宅;住宅区;住宅小区,青羊区,104.014748,30.681559,1
青羊教师公寓,residential,商务住宅;住宅区;住宅小区,青羊区,104.017311,30.679708,2
益民苑,residential,商务住宅;住宅区;住宅小区,金牛区,104.015029,30.688623,1
西城家园2期,residential,商务住宅;住宅区;住宅小区,青羊区,104.022113,30.680039,2
锦怡居,residential,商务住宅;住宅区;住宅小区,青羊区,104.01569,30.679782,1
桂香庭园,residential,商务住宅;住宅区;住宅小区,金牛区,104.023714,30.68822,3
阳光心筑,residential,商务住宅;住宅区;住宅小区,金牛区,104.027067,30.684294,2
西景花园(蜀兴东街),residential,商务住宅;住宅区;住宅小区,金牛区,104.027957,30.686736,1
瑞西苑,residential,商务住宅;住宅区;住宅小区,金牛区,104.026171,30.685841,6
云畊苑,residential,商务住宅;住宅区;住宅小区,青羊区,104.026459,30.6808,31
翠堤雅筑,residential,商务住宅;住宅区;住宅小区,青羊区,104.029036,30.68152,1
黄忠小区(同善街),residential,商务住宅;住宅区;住宅小区,金牛区,104.023762,30.684524,1
锦赛雅苑,residential,商务住宅;住宅区;住宅小区,金牛区,104.025875,30.688063,1
金鱼街6号院,residential,商务住宅;住宅区;住宅小区,金牛区,104.036897,30.68413,2
抚琴街南三巷2号,residential,商务住宅;住宅区;住宅区,金牛区,104.037882,30.682687,1
金鱼街9号院,residential,商务住宅;住宅区;住宅小区,金牛区,104.039204,30.688075,2
人和逸景,residential,商务住宅;住宅区;住宅小区,金牛区,104.038009,30.688029,1
抚林巷5号院,residential,商务住宅;住宅区;住宅小区,金牛区,104.040787,30.679008,20
文家巷18号小区,residential,商务住宅;住宅区;住宅小区,金牛区,104.041681,30.687569,1
金荣巷7号,residential,商务住宅;住宅区;住宅区,金牛区,104.042863,30.6887,2
明苑公寓,residential,商务住宅;住宅区;住宅小区,金牛区,104.041806,30.689404,1
抚琴西南路14号院,residential,商务住宅;住宅区;住宅小区,金牛区,104.034048,30.679553,1
中铁鹭岛艺术城,residential,商务住宅;住宅区;住宅小区,金牛区,104.050196,30.68466,2
马家花园,residential,商务住宅;住宅区;住宅小区,金牛区,104.049603,30.682913,4
佳利公寓,residential,商务住宅;住宅区;住宅小区,金牛区,104.045799,30.683756,8
贝多小屋,residential,商务住宅;住宅区;住宅小区,金牛区,104.049408,30.686328,1
一环路北三段10号,residential,商务住宅;住宅区;住宅区,金牛区,104.047088,30.686128,1
聚贤苑,residential,商务住宅;住宅区;住宅小区,金牛区,104.050823,30.681943,4
科泰公寓,residential,商务住宅;住宅区;住宅小区,金牛区,104.04713,30.687133,1
荷里活,residential,商务住宅;住宅区;住宅小区,金牛区,104.046137,30.681567,4
中铁艺术城,residential,商务住宅;住宅区;住宅小区,金牛区,104.052299,30.686764,5
双城,residential,商务住宅;住宅区;住宅小区,金牛区,104.053594,30.670183,384
家和楼,residential,商务住宅;住宅区;住宅小区,金牛区,104.047013,30.680493,2
通锦路9号院,residential,商务住宅;住宅区;住宅小区,金牛区,104.053282,30.684365,2
天茵苑,residential,商务住宅;住宅区;住宅小区,金牛区,104.05357,30.682854,4
西锦国际西区,residential,商务住宅;住宅区;住宅小区,金牛区,104.044114,30.684579,1
花牌坊社区,residential,商务住宅;住宅区;住宅小区,金牛区,104.047978,30.679898,5
西锦国际优+公馆,residential,商务住宅;住宅区;住宅区,金牛区,104.043977,30.68268,1
一环路北一段300号院,residential,商务住宅;住宅区;住宅小区,金牛区,104.051756,30.687932,1
仙桥苑,residential,商务住宅;住宅区;住宅小区,金牛区,104.052441,30.681082,1
王家巷小区,residential,商务住宅;住宅区;住宅小区,金牛区,104.044938,30.680258,4
新二村小区,residential,商务住宅;住宅区;住宅小区,金牛区,104.057826,30.683404,5
书香门第(西体北路),residential,商务住宅;住宅区;住宅小区,金牛区,104.059267,30.684627,1
西体北路1号附7号院,residential,商务住宅;住宅区;住宅小区,金牛区,104.057112,30.685652,2
殷家沟1号院,residential,商务住宅;住宅区;住宅小区,金牛区,104.059652,30.68293,2
山羊座,residential,商务住宅;住宅区;住宅区,金牛区,104.060658,30.686087,7
西体路7号10幢院,residential,商务住宅;住宅区;住宅小区,金牛区,104.055824,30.68237,2
西北桥边街1号附12号院,residential,商务住宅;住宅区;住宅小区,金牛区,104.058643,30.687428,1
柳苑,residential,商务住宅;住宅区;住宅小区,金牛区,104.057773,30.681246,1
天仁雅居,residential,商务住宅;住宅区;住宅小区,金牛区,104.056848,30.687496,4
北较场西路18号院,residential,商务住宅;住宅区;住宅小区,青羊区,104.059684,30.681145,1
阀门厂宿舍,residential,商务住宅;住宅区;住宅小区,金牛区,104.060032,30.68817,2
锦欣苑,residential,商务住宅;住宅区;住宅小区,青羊区,104.056324,30.67871,14
和朝新居,residential,商务住宅;住宅区;住宅小区,金牛区,104.062485,30.687977,4
通锦小区,residential,商务住宅;住宅区;住宅小区,青羊区,104.055929,30.680136,1
通锦苑(通锦桥路),residential,商务住宅;住宅区;住宅小区,金牛区,104.054087,30.68033,2
东二道街小区,residential,商务住宅;住宅区;住宅小区,青羊区,104.062383,30.680133,1
一环路北二段7号院,residential,商务住宅;住宅区;住宅小区,金牛区,104.061609,30.689278,1
铁路新村(沙洲街),residential,商务住宅;住宅区;住宅小区,金牛区,104.053712,30.688975,1
北站西二路4号院(北站西二路),residential,商务住宅;住宅区;住宅小区,金牛区,104.063168,30.689311,1
万担仓路小区,residential,商务住宅;住宅区;住宅小区,金牛区,104.068103,30.683874,1
北城8号,residential,商务住宅;住宅区;住宅小区|生活服务;生活服务场所;生活服务场所,金牛区,104.067527,30.682349,6
白马苑,residential,商务住宅;住宅区;住宅小区,金牛区,104.065521,30.684264,4
万福苑(成华西街),residential,商务住宅;住宅区;住宅小区,金牛区,104.066461,30.685497,1
地矿局宿舍,residential,商务住宅;住宅区;住宅小区,金牛区,104.070949,30.684987,1
人民北路一段小区,residential,商务住宅;住宅区;住宅小区,金牛区,104.07049,30.6858,1
铁路局商住楼,residential,商务住宅;住宅区;住宅区,金牛区,104.066751,30.68733,3
福林公寓,residential,商务住宅;住宅区;住宅小区,金牛区,104.070992,30.681506,2
白马寺街10号院落,residential,商务住宅;住宅区;住宅小区,金牛区,104.06507,30.686318,1
武都路6号院,residential,商务住宅;住宅区;住宅小区,青羊区,104.068215,30.680308,2
成华巷3号,residential,商务住宅;住宅区;住宅区,金牛区,104.073232,30.683334,3
金华公寓(星辉西路),residential,商务住宅;住宅区;住宅小区,金牛区,104.072177,30.681576,1
五丁路16号院,residential,商务住宅;住宅区;住宅小区,金牛区,104.063758,30.686425,1
人民中路三段小区,residential,商务住宅;住宅区;住宅小区,青羊区,104.0698,30.679854,1
星辉西路8号院,residential,商务住宅;住宅区;住宅区,金牛区,104.072888,30.680475,1
上河新城,residential,商务住宅;住宅区;住宅小区,青羊区,104.071341,30.679223,4
北站西二路1号院,residential,商务住宅;住宅区;住宅小区,金牛区,104.064255,30.688759,1
星辰苑(一环路北三段),residential,商务住宅;住宅区;住宅小区,金牛区,104.0791,30.68477,1
雅图丽景,residential,商务住宅;住宅区;住宅小区,金牛区,104.077855,30.68525,1
南玻公寓,residential,商务住宅;住宅区;住宅小区,金牛区,104.078874,30.68628,1
百佳庭院,residential,商务住宅;住宅区;住宅小区,金牛区,104.077711,30.686781,3
盛世豪庭,residential,商务住宅;住宅区;住宅小区,金牛区,104.07938,30.680939,9
北极星花园,residential,商务住宅;住宅区;住宅小区,金牛区,104.077663,30.681964,1
成华南街小区,residential,商务住宅;住宅区;住宅小区,金牛区,104.075576,30.683355,1
城隍公寓,residential,商务住宅;住宅区;住宅小区,金牛区,104.080362,30.681858,1
解放路二段333号院,residential,商务住宅;住宅区;住宅小区,金牛区,104.081801,30.685573,1
先锋路小区,residential,商务住宅;住宅区;住宅小区,金牛区,104.079165,30.687742,4
花圃苑,residential,商务住宅;住宅区;住宅区,金牛区,104.074938,30.685371,1
互助路五治住宅区,residential,商务住宅;住宅区;住宅小区,金牛区,104.081442,30.687091,4
城北商务广场花圃名居,residential,商务住宅;住宅区;住宅小区,金牛区,104.077346,30.680843,1
成华街9号院,residential,商务住宅;住宅区;住宅小区,金牛区,104.074449,30.683994,1
迪康·银色诗典,residential,商务住宅;住宅区;住宅区,金牛区,104.074799,30.686513,3
纯溪公寓,residential,商务住宅;住宅区;住宅小区,金牛区,104.075606,30.681289,2
格林尚元丽舍,residential,商务住宅;住宅区;住宅小区,金牛区,104.084058,30.684022,6
北站东二路3号院,residential,商务住宅;住宅区;住宅小区,金牛区,104.076607,30.688229,1
金荷名邸,residential,商务住宅;住宅区;住宅小区,金牛区,104.07904,30.688797,1
膳庄公寓,residential,商务住宅;住宅区;住宅小区,金牛区,104.076575,30.679893,1
恒德路6号院,residential,商务住宅;住宅区;住宅区,金牛区,104.081755,30.680503,1
西南建筑设计院家属楼,residential,商务住宅;住宅区;住宅小区,金牛区,104.07396,30.681164,1
平福路小区,residential,商务住宅;住宅区;住宅小区,金牛区,104.083284,30.687413,1
金港兴城,residential,商务住宅;住宅区;住宅小区,金牛区,104.074686,30.679816,3
华欣园,residential,商务住宅;住宅区;住宅小区,金牛区,104.082981,30.679317,7
解放路一段31号院,residential,商务住宅;住宅区;住宅小区,金牛区,104.083381,30.688532,1
西油苑,residential,商务住宅;住宅区;住宅小区,金牛区,104.087246,30.685067,9
华油路138号居民大院,residential,商务住宅;住宅区;住宅小区,成华区,104.089235,30.683497,1
峰南小区,residential,商务住宅;住宅区;住宅小区,成华区,104.0878,30.683156,2
华油苑,residential,商务住宅;住宅区;住宅小区,成华区,104.092023,30.685109,23
马鞍东路社区(北门),residential,商务住宅;住宅区;住宅小区,金牛区,104.090599,30.679798,1
成勘苑,residential,商务住宅;住宅区;住宅小区,成华区,104.089854,30.685843,1
前锋小区,residential,商务住宅;住宅区;住宅小区,成华区,104.087446,30.682107,1
阳光欣园,residential,商务住宅;住宅区;住宅小区,成华区,104.089188,30.681974,1
平福里,residential,商务住宅;住宅区;住宅小区,金牛区,104.085354,30.687077,22
首汇观筑,residential,商务住宅;住宅区;住宅小区,成华区,104.091748,30.682628,3
李家沱小区,residential,商务住宅;住宅区;住宅小区,金牛区,104.087801,30.688081,4
万科金色家园(前锋路),residential,商务住宅;住宅区;住宅小区,成华区,104.0907,30.681386,2
树蓓巷1号院,residential,商务住宅;住宅区;住宅区,金牛区,104.089736,30.687985,4
马鞍北路51,residential,商务住宅;住宅区;住宅小区,金牛区,104.085584,30.681025,4
平安苑(虹波路),residential,商务住宅;住宅区;住宅小区,成华区,104.093468,30.685733,2
北苑富兴公寓,residential,商务住宅;住宅区;住宅小区,金牛区,104.089187,30.679954,1
财富又一城(西门),residential,商务住宅;住宅区;住宅小区|通行设施;临街院门;临街院门,成华区,104.091663,30.680656,1
协信中心,residential,商务住宅;住宅区;住宅小区,成华区,104.098023,30.684244,2
华栋云庭,residential,商务住宅;住宅区;住宅小区,成华区,104.099698,30.683782,1
沙河新城2期,residential,商务住宅;住宅区;住宅区,成华区,104.097152,30.685359,2
玛塞城,residential,商务住宅;住宅区;住宅小区,成华区,104.099212,30.685994,2
电子科大社区,residential,商务住宅;住宅区;住宅小区,成华区,104.099598,30.682328,2
云翔金座(建设中),residential,商务住宅;住宅区;住宅小区,成华区,104.096516,30.683008,1
东院1区,residential,商务住宅;住宅区;住宅区,成华区,104.098008,30.681441,2
蓝光COCO时代,residential,商务住宅;住宅区;住宅小区,成华区,104.101535,30.683499,1
府青立交蓝水湾小区5栋,residential,商务住宅;住宅区;住宅小区,成华区,104.09802,30.687587,1
一环路东一段小区,residential,商务住宅;住宅区;住宅小区,成华区,104.10215,30.682352,2
水映兰庭,residential,商务住宅;住宅区;住宅小区,成华区,104.094518,30.68514,1
富临·沙河新城,residential,商务住宅;住宅区;住宅小区,成华区,104.095847,30.687163,1
浅水半岛A区,residential,商务住宅;住宅区;住宅小区,成华区,104.102602,30.68563,1
东院院士公寓,residential,商务住宅;住宅区;住宅小区,成华区,104.100807,30.680322,5
中房·蓝水湾(二环路北四段),residential,商务住宅;住宅区;住宅小区,成华区,104.096586,30.688577,1
浅水半岛B区,residential,商务住宅;住宅区;住宅小区,成华区,104.101934,30.687988,1
圣灯公寓,residential,商务住宅;住宅区;住宅小区,成华区,104.094439,30.681039,2
府青苑,residential,商务住宅;住宅区;住宅小区,成华区,104.093932,30.680096,1
明苑,residential,商务住宅;住宅区;住宅小区,成华区,104.107679,30.685162,13
田园,residential,商务住宅;住宅区;住宅小区,成华区,104.109952,30.684256,2
桃溪庭苑,residential,商务住宅;住宅区;住宅小区,成华区,104.110689,30.685563,1
隆发苑,residential,商务住宅;住宅区;住宅小区,成华区,104.109979,30.68629,1
桃源街社区,residential,商务住宅;住宅区;住宅小区,成华区,104.112715,30.683963,7
明信花园,residential,商务住宅;住宅区;住宅小区,成华区,104.111462,30.684837,1
瀚林花园(二环路东一段),residential,商务住宅;住宅区;住宅小区,成华区,104.106532,30.682358,1
公交苑,residential,商务住宅;住宅区;住宅小区,成华区,104.105535,30.686527,3
香木林·花园,residential,商务住宅;住宅区;住宅小区,成华区,104.10709,30.681217,1
望园居,residential,商务住宅;住宅区;住宅小区,成华区,104.109376,30.680865,2
桃蹊路47号院,residential,商务住宅;住宅区;住宅小区,成华区,104.104893,30.682824,1
成电花园桃源苑,residential,商务住宅;住宅区;住宅小区,成华区,104.112337,30.6857,1
成功悦都,residential,商务住宅;住宅区;住宅小区,成华区,104.112572,30.681778,8
安庆苑,residential,商务住宅;住宅区;住宅小区,成华区,104.106427,30.687532,1
八里阳光,residential,商务住宅;住宅区;住宅小区,成华区,104.104233,30.684601,1
怡福巷80号院,residential,商务住宅;住宅区;住宅小区,成华区,104.104026,30.685802,2
蜀东小区,residential,商务住宅;住宅区;住宅小区,成华区,104.104562,30.68096,9
景碧园,residential,商务住宅;住宅区;住宅小区,成华区,104.103845,30.683254,2
南天苑,residential,商务住宅;住宅区;住宅小区,成华区,104.113258,30.686207,3
圣地名居,residential,商务住宅;住宅区;住宅小区,成华区,104.106728,30.680206,2
华房苑,residential,商务住宅;住宅区;住宅小区,成华区,104.104885,30.688006,3
成都·东方明珠花园东区,residential,商务住宅;住宅区;住宅小区,成华区,104.111546,30.680337,1
东方明珠花园西区,residential,商务住宅;住宅区;住宅小区,成华区,104.109102,30.67926,2
浅水半岛,residential,商务住宅;住宅区;住宅小区,成华区,104.103574,30.68879,2
宝泰家园,residential,商务住宅;住宅区;住宅小区,成华区,104.11338,30.688924,1
成功·银玺国际,residential,商务住宅;住宅区;住宅小区,成华区,104.11347,30.679512,1
春熙苑(地勘路),residential,商务住宅;住宅区;住宅小区,成华区,104.119536,30.684146,1
二仙桥石油社区管理站第二住宅区,residential,商务住宅;住宅区;住宅小区,成华区,104.120593,30.685195,1
格林尚城,residential,商务住宅;住宅区;住宅小区,成华区,104.120366,30.682866,4
二仙桥西路五号东区院,residential,商务住宅;住宅区;住宅小区,成华区,104.11929,30.686348,1
祥和苑,residential,商务住宅;住宅区;住宅小区,成华区,104.116114,30.683599,2
关家苑,residential,商务住宅;住宅区;住宅小区,成华区,104.117304,30.682324,2
中国石油三仙桥石油社区管理站第一社区(22栋),residential,商务住宅;住宅区;住宅区,成华区,104.115702,30.68572,1
二仙桥石油社区,residential,商务住宅;住宅区;住宅小区,成华区,104.117551,30.687349,2
成功·悦城,residential,商务住宅;住宅区;住宅小区,成华区,104.114845,30.682898,3
建设北路三段小区,residential,商务住宅;住宅区;住宅小区,成华区,104.121685,30.686267,1
东方苑(建设北路三段),residential,商务住宅;住宅区;住宅小区,成华区,104.121123,30.681788,1
成电花园文德苑,residential,商务住宅;住宅区;住宅小区,成华区,104.114435,30.684782,1
时代锦汇华庭,residential,商务住宅;住宅区;住宅小区,成华区,104.114979,30.681116,6
朗基少东家,residential,商务住宅;住宅区;住宅小区|餐饮服务;中餐厅;中餐厅|购物服务;购物相关场所;购物相关场所,成华区,104.119087,30.679756,1
金珠苑,residential,商务住宅;住宅区;住宅小区,成华区,104.114086,30.68741,1
泰博理想城,residential,商务住宅;住宅区;住宅小区,成华区,104.123437,30.687285,1
东城映象B区,residential,商务住宅;住宅区;住宅小区,成华区,104.123064,30.680005,1
东圣苑,residential,商务住宅;住宅区;住宅小区,成华区,104.127566,30.684722,2
汇融云庭,residential,商务住宅;住宅区;住宅小区,成华区,104.129058,30.683803,1
二仙桥北二路5号院,residential,商务住宅;住宅区;住宅区,成华区,104.130524,30.683457,1
华西雅筑,residential,商务住宅;住宅区;住宅区,成华区,104.128098,30.686921,3
二仙桥东路9号院,residential,商务住宅;住宅区;住宅小区,成华区,104.12537,30.682635,2
交大·归谷建设派,residential,商务住宅;住宅区;住宅小区,成华区,104.125499,30.686074,1
下涧槽社区(西1门),residential,商务住宅;住宅区;住宅小区,成华区,104.132719,30.68203,1
机车馨苑,residential,商务住宅;住宅区;住宅区,成华区,104.128906,30.688398,2
成华区圣灯乡关家堰村,residential,商务住宅;住宅区;住宅小区,成华区,104.133287,30.68344,1
晴和苑,residential,商务住宅;住宅区;住宅小区,成华区,104.123612,30.682035,1
下涧槽社区(南门),residential,商务住宅;住宅区;住宅小区,成华区,104.133252,30.681148,1
富临理宫,residential,商务住宅;住宅区;住宅小区,成华区,104.13889,30.684199,1
华林南苑,residential,商务住宅;住宅区;住宅小区,成华区,104.137278,30.685228,2
华林东苑,residential,商务住宅;住宅区;住宅小区,成华区,104.140003,30.68516,2
五坪小区(下涧槽路),residential,商务住宅;住宅区;住宅小区,成华区,104.136619,30.683112,1
华林西苑,residential,商务住宅;住宅区;住宅小区,成华区,104.138673,30.686676,1
一坪小区,residential,商务住宅;住宅区;住宅小区,成华区,104.135485,30.682599,1
成都机车厂生活小区,residential,商务住宅;住宅区;住宅小区,成华区,104.13539,30.686231,1
下涧槽社区(东门),residential,商务住宅;住宅区;住宅小区,成华区,104.137652,30.681112,1
和风满院,residential,商务住宅;住宅区;住宅小区,成华区,104.135915,30.679507,3
理工东苑,residential,商务住宅;住宅区;住宅小区,成华区,104.148528,30.684323,2
理工东苑东区,residential,商务住宅;住宅区;住宅小区,成华区,104.152087,30.683879,1
多元总部国际1号,residential,商务住宅;住宅区;住宅小区,成华区,104.162172,30.683869,1
蓝润·尚东城2期,residential,商务住宅;住宅区;住宅小区,成华区,104.156593,30.688018,1
蓝润·东公元,residential,商务住宅;住宅区;住宅区,成华区,104.158398,30.688145,2
正成·东区1号,residential,商务住宅;住宅区;住宅小区,成华区,104.156296,30.68644,1
蓝润·V客尚东,residential,商务住宅;住宅区;住宅小区,成华区,104.157612,30.689265,1
美立方,residential,商务住宅;住宅区;住宅小区,成华区,104.157366,30.68484,2
丛树新型社区,residential,商务住宅;住宅区;住宅小区,成华区,104.178805,30.682218,1
成都龙潭裕都C区,residential,商务住宅;住宅区;住宅小区,成华区,104.182234,30.6864,1
光华杏林,residential,商务住宅;住宅区;住宅小区,青羊区,103.965788,30.672497,1
国一·梦巢,residential,商务住宅;住宅区;住宅小区,青羊区,103.968661,30.670702,2
元益花园,residential,商务住宅;住宅区;住宅小区,青羊区,103.971987,30.673102,1
心灵家园,residential,商务住宅;住宅区;住宅小区,青羊区,103.968996,30.672842,1
长虹和悦府,residential,商务住宅;住宅区;住宅小区,青羊区,103.966726,30.677202,1
清溪雅筑,residential,商务住宅;住宅区;住宅小区,青羊区,103.972698,30.669932,1
金阳易诚国际,residential,商务住宅;住宅区;住宅小区,青羊区,103.965796,30.673827,2
荣盛·花语城,residential,商务住宅;住宅区;住宅小区,青羊区,103.965913,30.675631,1
清江美庐,residential,商务住宅;住宅区;住宅小区,青羊区,103.968051,30.679601,1
兴城融域,residential,商务住宅;住宅区;住宅小区,青羊区,103.977777,30.67513,1
兴城佳域,residential,商务住宅;住宅区;住宅小区,青羊区,103.979853,30.675314,1
中坝小区,residential,商务住宅;住宅区;住宅小区,青羊区,103.97819,30.672949,1
中鹏花园,residential,商务住宅;住宅区;住宅区,青羊区,103.981553,30.674,3
锦绣光华,residential,商务住宅;住宅区;住宅小区,青羊区,103.976249,30.67291,1
航天佳苑,residential,商务住宅;住宅区;住宅小区,青羊区,103.975574,30.67491,1
光华大道一段487号,residential,商务住宅;住宅区;住宅区,青羊区,103.978464,30.67142,1
河景花园,residential,商务住宅;住宅区;住宅区,青羊区,103.983787,30.674234,2
清水路苑一组团,residential,商务住宅;住宅区;住宅小区,青羊区,103.979236,30.679376,1
颐和京都,residential,商务住宅;住宅区;住宅小区,青羊区,103.975833,30.670498,1
精城水印阁,residential,商务住宅;住宅区;住宅小区,青羊区,103.982878,30.678015,1
玉园清水湾,residential,商务住宅;住宅区;住宅小区,青羊区,103.983774,30.670252,2
美丽朋城,residential,商务住宅;住宅区;住宅小区,青羊区,103.988148,30.674508,1
上城生活馆,residential,商务住宅;住宅区;住宅小区,青羊区,103.989287,30.674112,1
瑞通凯域,residential,商务住宅;住宅区;住宅小区,青羊区,103.989829,30.675608,1
贝森园,residential,商务住宅;住宅区;住宅小区,青羊区,103.991078,30.674209,3
铸信·境界1期,residential,商务住宅;住宅区;住宅小区,青羊区,103.989387,30.673055,2
青森小区,residential,商务住宅;住宅区;住宅小区,青羊区,103.987526,30.672689,1
玉双苑(四威北路),residential,商务住宅;住宅区;住宅小区,青羊区,103.991316,30.675651,1
铸信境界,residential,商务住宅;住宅区;住宅小区,青羊区,103.989226,30.671848,1
蓝光Coco蜜城,residential,商务住宅;住宅区;住宅小区,青羊区,103.990812,30.672287,1
长顺苑,residential,商务住宅;住宅区;住宅小区,青羊区,103.992387,30.674746,1
西双苑,residential,商务住宅;住宅区;住宅小区,青羊区,103.992402,30.673564,1
新联·英伦金沙,residential,商务住宅;住宅区;住宅小区,青羊区,103.987491,30.67811,1
华明居,residential,商务住宅;住宅区;住宅小区,青羊区,103.99125,30.671001,1
乐摩筑,residential,商务住宅;住宅区;住宅小区,青羊区,103.993496,30.675839,1
朗基龙堂,residential,商务住宅;住宅区;住宅小区,青羊区,103.988836,30.669846,1
瑞联路249号院,residential,商务住宅;住宅区;住宅区,青羊区,103.985916,30.670075,1
东立清水河畔,residential,商务住宅;住宅区;住宅小区,青羊区,103.984885,30.678561,1
米兰香洲,residential,商务住宅;住宅区;住宅小区,青羊区,103.986419,30.679474,1
凯丽美域,residential,商务住宅;住宅区;住宅小区,青羊区,103.99471,30.678134,4
新阳光健康家园,residential,商务住宅;住宅区;住宅小区,青羊区,103.999742,30.674859,1
二十一世纪花园,residential,商务住宅;住宅区;住宅小区,青羊区,103.997594,30.673142,1
苏坡东路5号院,residential,商务住宅;住宅区;住宅小区,青羊区,104.001168,30.675298,1
百家苑(贝新巷),residential,商务住宅;住宅区;住宅小区,青羊区,103.999598,30.671933,1
锦绣朋城,residential,商务住宅;住宅区;住宅小区,青羊区,103.995487,30.672408,3
大陆·紫云金沙,residential,商务住宅;住宅区;住宅小区,青羊区,104.002325,30.674654,1
贝森宜苑,residential,商务住宅;住宅区;住宅小区,青羊区,104.000993,30.671777,1
仁和金沙,residential,商务住宅;住宅区;住宅小区,青羊区,103.997003,30.677722,1
保利·贝森公馆,residential,商务住宅;住宅区;住宅小区,青羊区,104.002528,30.673059,1
华府金沙,residential,商务住宅;住宅区;住宅小区,青羊区,103.999839,30.678367,1
贝森兴园,residential,商务住宅;住宅区;住宅小区,青羊区,104.00004,30.67079,1
祥域,residential,商务住宅;住宅区;住宅小区,青羊区,104.001886,30.677436,1
双玺,residential,商务住宅;住宅区;住宅小区,青羊区,103.994155,30.67379,1
金牛区光荣小区,residential,商务住宅;住宅区;住宅小区,青羊区,104.00314,30.676656,2
金沙苑(贝森路),residential,商务住宅;住宅区;住宅小区,青羊区,104.002217,30.671616,1
揽胜金沙,residential,商务住宅;住宅区;住宅小区,青羊区,103.99877,30.678874,1
皇冠花园,residential,商务住宅;住宅区;住宅小区,青羊区,103.994505,30.672177,1
海宁西苑,residential,商务住宅;住宅区;住宅小区,青羊区,104.000658,30.669799,1
听城,residential,商务住宅;住宅区;住宅小区,青羊区,104.002012,30.678828,1
金沙顺苑,residential,商务住宅;住宅区;住宅小区,青羊区,104.00318,30.678367,1
金沙春,residential,商务住宅;住宅区;住宅小区,青羊区,104.009171,30.67378,2
卧龙晓城(中环路青羊大道段),residential,商务住宅;住宅区;住宅小区,青羊区,104.008163,30.676017,2
金沙蜜地,residential,商务住宅;住宅区;住宅小区,青羊区,104.010892,30.674824,1
金沙揽胜,residential,商务住宅;住宅区;住宅小区,青羊区,104.005558,30.674287,1
金沙岁月,residential,商务住宅;住宅区;住宅小区,青羊区,104.012681,30.674883,5
齐力花园,residential,商务住宅;住宅区;住宅小区,青羊区,104.011423,30.677272,1
香格里拉花园(清江中路),residential,商务住宅;住宅区;住宅小区,青羊区,104.003921,30.674509,1
海棠月色,residential,商务住宅;住宅区;住宅小区,青羊区,104.005262,30.67152,1
金沙园,residential,商务住宅;住宅区;住宅区,青羊区,104.007497,30.678667,1
光华馨地,residential,商务住宅;住宅区;住宅小区,青羊区,104.007943,30.669883,1
华府·双楠(金凤路),residential,商务住宅;住宅区;住宅小区,青羊区,104.004077,30.677549,1
晴朗居,residential,商务住宅;住宅区;住宅小区,青羊区,104.005771,30.679529,1
锦花苑(锦翠南路),residential,商务住宅;住宅区;住宅小区,青羊区,104.013441,30.67885,1
博瑞·都市花园,residential,商务住宅;住宅区;住宅小区,青羊区,104.004209,30.669842,1
建川商寓,residential,商务住宅;住宅区;住宅小区,青羊区,104.019362,30.673651,6
凯乐碧园,residential,商务住宅;住宅区;住宅小区,青羊区,104.016594,30.674405,7
凌熹苑,residential,商务住宅;住宅区;住宅小区,青羊区,104.018496,30.677115,6
罗家碾街157号院,residential,商务住宅;住宅区;住宅小区,青羊区,104.020448,30.67598,2
财经商住楼,residential,商务住宅;住宅区;住宅区,青羊区,104.015996,30.676306,3
文德苑,residential,商务住宅;住宅区;住宅小区,青羊区,104.024056,30.676627,44
西城家园(二环路西二段),residential,商务住宅;住宅区;住宅小区,青羊区,104.02106,30.67712,1
蓝苑,residential,商务住宅;住宅区;住宅小区,青羊区,104.024116,30.670667,37
百草园,residential,商务住宅;住宅区;住宅小区,青羊区,104.014866,30.67657,1
群益路9号院,residential,商务住宅;住宅区;住宅小区,青羊区,104.017312,30.670051,8
锦欣苑,residential,商务住宅;住宅区;住宅小区,青羊区,104.016868,30.678238,1
嘉逸花园,residential,商务住宅;住宅区;住宅小区,青羊区,104.013894,30.67533,1
攀钢苑,residential,商务住宅;住宅区;住宅小区,青羊区,104.019999,30.678956,2
锦卉苑,residential,商务住宅;住宅区;住宅小区,青羊区,104.015045,30.678375,1
西雅苑,residential,商务住宅;住宅区;住宅小区,青羊区,104.029345,30.675681,60
南风苑,residential,商务住宅;住宅区;住宅小区,青羊区,104.025484,30.674385,4
民航一园,residential,商务住宅;住宅区;住宅小区,青羊区,104.026622,30.673201,1
川西庭院,residential,商务住宅;住宅区;住宅小区,金牛区,104.033913,30.675279,48
富临·清江雅居,residential,商务住宅;住宅区;住宅小区,青羊区,104.031001,30.671799,1
草堂铭城,residential,商务住宅;住宅区;住宅小区,青羊区,104.026544,30.670851,1
北果林小区,residential,商务住宅;住宅区;住宅小区,金牛区,104.031298,30.678612,6
清江雅居2期,residential,商务住宅;住宅区;住宅区,青羊区,104.031894,30.670796,2
杏苑公寓,residential,商务住宅;住宅区;住宅小区,金牛区,104.033771,30.672591,3
清江东路31号院,residential,商务住宅;住宅区;住宅区,青羊区,104.031076,30.670164,1
北路小区,residential,商务住宅;住宅区;住宅小区,金牛区,104.038416,30.673589,5
青羊西路二号院,residential,商务住宅;住宅区;住宅小区,金牛区,104.039817,30.675175,1
青羊东二路78号院,residential,商务住宅;住宅区;住宅小区,金牛区,104.040956,30.674072,1
百寿路2号院落,residential,商务住宅;住宅区;住宅小区,金牛区,104.036902,30.671978,5
一环路西三段8号院,residential,商务住宅;住宅区;住宅小区,金牛区,104.039235,30.671506,4
白果岭小区,residential,商务住宅;住宅区;住宅小区,金牛区,104.03538,30.673047,2
西安路枣子巷社区,residential,商务住宅;住宅区;住宅小区,金牛区,104.041375,30.671822,4
金牛社区(抚琴西南路),residential,商务住宅;住宅区;住宅小区,金牛区,104.036314,30.677768,2
西安路街道白果林社区,residential,商务住宅;住宅区;住宅小区,金牛区,104.03506,30.671983,1
枣子巷45号,residential,商务住宅;住宅区;住宅小区,金牛区,104.042541,30.671891,1
枣子巷47号院,residential,商务住宅;住宅区;住宅小区,金牛区,104.042092,30.670889,1
抚琴西南路12号院,residential,商务住宅;住宅区;住宅小区,金牛区,104.035022,30.678527,1
清江花园(清江东路),residential,商务住宅;住宅区;住宅小区,青羊区,104.034146,30.670794,1
憩园公寓,residential,商务住宅;住宅区;住宅小区,金牛区,104.043104,30.678398,1
康瑞苑(槐树街),residential,商务住宅;住宅区;住宅小区,金牛区,104.047108,30.673551,1
锦城世家8号公馆,residential,商务住宅;住宅区;住宅区,金牛区,104.046763,30.677235,1
华安府,residential,商务住宅;住宅区;住宅小区,金牛区,104.044761,30.668345,22
锦城世家,residential,商务住宅;住宅区;住宅小区,金牛区,104.046181,30.678304,1
少城雅居,residential,商务住宅;住宅区;住宅小区,金牛区,104.044127,30.671254,2
成都电子高专教师电梯公寓,residential,商务住宅;住宅区;住宅小区,金牛区,104.044182,30.678932,1
守经街6号院,residential,商务住宅;住宅区;住宅区,青羊区,104.059586,30.674348,2
万通花生猫,residential,商务住宅;住宅区;住宅区,青羊区,104.057284,30.673592,2
万和路小区,residential,商务住宅;住宅区;住宅小区,青羊区,104.057986,30.675503,1
横东城根街4号院,residential,商务住宅;住宅区;住宅小区,青羊区,104.058711,30.672582,4
锦程丽都,residential,商务住宅;住宅区;住宅小区,青羊区,104.056677,30.676343,7
王家塘,residential,商务住宅;住宅区;住宅区,青羊区,104.061735,30.674351,10
灯笼街小区,residential,商务住宅;住宅区;住宅小区,青羊区,104.058499,30.677434,6
青龙街小区,residential,商务住宅;住宅区;住宅小区,青羊区,104.0613,30.672497,2
金色夏威夷B座,residential,商务住宅;住宅区;住宅小区,青羊区,104.055305,30.674552,1
王家塘巷9号院,residential,商务住宅;住宅区;住宅小区,青羊区,104.061043,30.676173,1
曙馨苑,residential,商务住宅;住宅区;住宅小区,青羊区,104.065911,30.671851,40
罗马国际,residential,商务住宅;住宅区;住宅小区,青羊区,104.062184,30.671538,1
金欣苑,residential,商务住宅;住宅区;住宅小区,青羊区,104.068074,30.675282,6
长盛苑,residential,商务住宅;住宅区;住宅小区,青羊区,104.071263,30.674101,7
文武路小区,residential,商务住宅;住宅区;住宅小区,青羊区,104.066585,30.674247,1
北打铜街4号院,residential,商务住宅;住宅区;住宅区,青羊区,104.069276,30.672075,4
洛阳路1号院,residential,商务住宅;住宅区;住宅小区,青羊区,104.064915,30.675952,4
洛阳路138号院,residential,商务住宅;住宅区;住宅小区,青羊区,104.066509,30.677541,9
东打铜街30号院,residential,商务住宅;住宅区;住宅小区,青羊区,104.069703,30.670695,3
福珠苑,residential,商务住宅;住宅区;住宅小区,青羊区,104.072728,30.676125,2
五金苑,residential,商务住宅;住宅区;住宅小区,青羊区,104.074722,30.67109,61
府河公馆,residential,商务住宅;住宅区;住宅小区,青羊区,104.073427,30.678006,3
正好花园,residential,商务住宅;住宅区;住宅小区,青羊区,104.078043,30.675267,8
卫民巷19号院,residential,商务住宅;住宅区;住宅小区,青羊区,104.075789,30.674916,6
缤舍,residential,商务住宅;住宅区;住宅小区,锦江区,104.082339,30.666902,241
工人村,residential,商务住宅;住宅区;住宅区,金牛区,104.081148,30.676806,11
星辉中路20号小区,residential,商务住宅;住宅区;住宅小区,金牛区,104.078438,30.67759,2
北斗星花园,residential,商务住宅;住宅区;住宅小区,青羊区,104.075442,30.67677,3
外曹家巷4号,residential,商务住宅;住宅区;住宅区,金牛区,104.080345,30.677521,1
新锦江·时代锋尚,residential,商务住宅;住宅区;住宅小区,青羊区,104.073616,30.674295,1
锦江岸,residential,商务住宅;住宅区;住宅小区,金牛区,104.084046,30.675568,4
河边住宅区,residential,商务住宅;住宅区;住宅小区,金牛区,104.07594,30.678944,2
上河居公寓,residential,商务住宅;住宅区;住宅小区,青羊区,104.07484,30.678154,1
石油嘉苑,residential,商务住宅;住宅区;住宅区,金牛区,104.088745,30.674947,1
府河苑,residential,商务住宅;住宅区;住宅小区,金牛区,104.086833,30.673313,3
家益锦华苑,residential,商务住宅;住宅区;住宅小区,成华区,104.09025,30.675723,3
石油社区,residential,商务住宅;住宅区;住宅小区,成华区,104.091933,30.674343,1
府青路一段34号,residential,商务住宅;住宅区;住宅小区,金牛区,104.09026,30.677148,1
嘉通云尚,residential,商务住宅;住宅区;住宅小区,成华区,104.092595,30.675407,3
水岸丽舍,residential,商务住宅;住宅区;住宅小区,青羊区,104.086362,30.67144,2
粽香苑,residential,商务住宅;住宅区;住宅小区,金牛区,104.086208,30.677864,5
世茂·玉锦湾,residential,商务住宅;住宅区;住宅小区,成华区,104.091706,30.671691,1
石油苑,residential,商务住宅;住宅区;住宅小区,成华区,104.091781,30.677319,3
猛追湾一队,residential,商务住宅;住宅区;住宅小区,成华区,104.093204,30.673547,1
梦华苑,residential,商务住宅;住宅区;住宅小区,金牛区,104.088494,30.67903,2
华兴苑,residential,商务住宅;住宅区;住宅小区,金牛区,104.08659,30.679235,1
太阳公元(建设中路),residential,商务住宅;住宅区;住宅小区,成华区,104.098982,30.67451,1
国光大院,residential,商务住宅;住宅区;住宅小区,成华区,104.098765,30.672985,5
甲壳特区,residential,商务住宅;住宅区;住宅小区,成华区,104.100413,30.674019,3
建设路46号院,residential,商务住宅;住宅区;住宅区,成华区,104.098977,30.671893,1
新兴社区(建设北路一段),residential,商务住宅;住宅区;住宅小区,成华区,104.095028,30.673156,1
建设路永年村,residential,商务住宅;住宅区;住宅小区,成华区,104.098021,30.67106,1
佳州·星城,residential,商务住宅;住宅区;住宅小区,成华区,104.102265,30.673482,1
石油社区224号院落,residential,商务住宅;住宅区;住宅小区,成华区,104.094672,30.675818,2
新东方,residential,商务住宅;住宅区;住宅小区,成华区,104.095879,30.671068,3
紫薇苑,residential,商务住宅;住宅区;住宅小区,成华区,104.10035,30.670267,3
棕榈苑,residential,商务住宅;住宅区;住宅小区,成华区,104.096992,30.669127,4
新兴苑(建设北路二段),residential,商务住宅;住宅区;住宅小区,成华区,104.102926,30.677466,1
高地,residential,商务住宅;住宅区;住宅小区,成华区,104.103137,30.670371,3
宁静港湾,residential,商务住宅;住宅区;住宅小区,成华区,104.094392,30.678104,1
南洋公寓(一环路东一段),residential,商务住宅;住宅区;住宅小区,成华区,104.093609,30.679044,1
恒河广场,residential,商务住宅;住宅区;住宅小区,成华区,104.107683,30.674567,1
龙湖·三千里西区,residential,商务住宅;住宅区;住宅小区,成华区,104.109135,30.674193,2
首创后海,residential,商务住宅;住宅区;住宅区,成华区,104.106528,30.673733,1
龙湖三千里B区,residential,商务住宅;住宅区;住宅区,成华区,104.111077,30.674319,3
首创·爱这城,residential,商务住宅;住宅区;住宅小区,成华区,104.105631,30.674902,1
龙湖三千城,residential,商务住宅;住宅区;住宅小区,成华区,104.109,30.677513,6
颐和家园(建和路),residential,商务住宅;住宅区;住宅小区,成华区,104.111064,30.676098,1
万科·金域蓝湾(二环路东二段),residential,商务住宅;住宅区;住宅小区,成华区,104.106884,30.67177,1
万科·金域蓝湾二环路1号岗,residential,商务住宅;住宅区;住宅小区,成华区,104.108199,30.671473,1
水岸花园,residential,商务住宅;住宅区;住宅小区,成华区,104.104637,30.674025,1
虹波苑,residential,商务住宅;住宅区;住宅小区,成华区,104.112758,30.67438,1
合能·耀之城,residential,商务住宅;住宅区;住宅小区,成华区,104.112069,30.672338,1
二环路东二段小区,residential,商务住宅;住宅区;住宅小区,成华区,104.10841,30.670421,2
新禧苑,residential,商务住宅;住宅区;住宅小区,成华区,104.11107,30.678583,2
建设公寓(建设北街),residential,商务住宅;住宅区;住宅小区,成华区,104.10366,30.673156,1
东篱居南区,residential,商务住宅;住宅区;住宅区,成华区,104.11343,30.673307,1
培华东路小区,residential,商务住宅;住宅区;住宅小区,成华区,104.104953,30.670936,4
万基新界,residential,商务住宅;住宅区;住宅小区,成华区,104.106346,30.678648,2
万基蓝麟(建设北路三段),residential,商务住宅;住宅区;住宅小区,成华区,104.10749,30.679094,1
踏水社区,residential,商务住宅;住宅区;住宅小区,成华区,104.104262,30.677943,3
宏明锦苑,residential,商务住宅;住宅区;住宅小区,成华区,104.11286,30.670966,1
祥福苑,residential,商务住宅;住宅区;住宅小区,成华区,104.118518,30.674759,2
吉祥苑,residential,商务住宅;住宅区;住宅小区,成华区,104.118607,30.67316,1
枫祥苑,residential,商务住宅;住宅区;住宅小区,成华区,104.120165,30.675006,1
蓝光雍锦阁,residential,商务住宅;住宅区;住宅小区,成华区,104.116416,30.674264,1
金房玺座,residential,商务住宅;住宅区;住宅小区,成华区,104.116661,30.673314,1
枫瑞苑,residential,商务住宅;住宅区;住宅小区,成华区,104.120722,30.673607,1
圣欣苑,residential,商务住宅;住宅区;住宅小区,成华区,104.12042,30.676412,2
红枫岭(一至三期),residential,商务住宅;住宅区;住宅区,成华区,104.121447,30.675354,1
蓝润V客东区(建设中),residential,商务住宅;住宅区;住宅小区,成华区,104.116641,30.671878,1
圣灯片区,residential,商务住宅;住宅区;住宅区,成华区,104.120036,30.677927,3
河畔华苑,residential,商务住宅;住宅区;住宅小区,成华区,104.114513,30.672464,1
枫悦苑,residential,商务住宅;住宅区;住宅区,成华区,104.123021,30.676115,5
东篱居(建兴路),residential,商务住宅;住宅区;住宅小区,成华区,104.113821,30.674429,1
东城印象A区,residential,商务住宅;住宅区;住宅小区,成华区,104.121512,30.678348,1
罗兰小镇,residential,商务住宅;住宅区;住宅小区,成华区,104.132744,30.678313,1
关家社区,residential,商务住宅;住宅区;住宅小区,成华区,104.130255,30.670402,1
中房·红枫岭3期,residential,商务住宅;住宅区;住宅小区,成华区,104.123776,30.674691,1
煤成库生活区,residential,商务住宅;住宅区;住宅小区,成华区,104.130927,30.678926,1
招商中央华城,residential,商务住宅;住宅区;住宅小区,成华区,104.129308,30.672967,1
东城印象C区,residential,商务住宅;住宅区;住宅小区,成华区,104.125232,30.678267,1
建设广场,residential,商务住宅;住宅区;住宅区,成华区,104.130235,30.677884,1
和泓·东28,residential,商务住宅;住宅区;住宅小区,成华区,104.128262,30.678436,1
万科·金色乐府,residential,商务住宅;住宅区;住宅小区,成华区,104.124537,30.67267,1
枫和苑,residential,商务住宅;住宅区;住宅小区,成华区,104.125177,30.675668,1
关欣苑,residential,商务住宅;住宅区;住宅区,成华区,104.129216,30.671074,1
树生苑,residential,商务住宅;住宅区;住宅小区,成华区,104.137009,30.672684,1
十里彩云间,residential,商务住宅;住宅区;住宅小区,成华区,104.135991,30.673508,1
华西花园2期,residential,商务住宅;住宅区;住宅小区,成华区,104.136267,30.671683,1
大道小区,residential,商务住宅;住宅区;住宅小区,成华区,104.134623,30.6754,1
高盛公司崔家店社区,residential,商务住宅;住宅区;住宅小区,成华区,104.134916,30.672357,1
上城国际,residential,商务住宅;住宅区;住宅小区,成华区,104.134124,30.674049,1
十里翠苑,residential,商务住宅;住宅区;住宅小区,成华区,104.137856,30.679332,1
连心苑(中环路崔家店路段),residential,商务住宅;住宅区;住宅小区,成华区,104.134088,30.670857,1
生态家园,residential,商务住宅;住宅区;住宅小区,成华区,104.13478,30.669704,4
万西苑住宅小区,residential,商务住宅;住宅区;住宅小区,青羊区,103.965609,30.665909,1
花龙门小区,residential,商务住宅;住宅区;住宅小区,武侯区,103.973978,30.662441,3
欧苑,residential,商务住宅;住宅区;住宅小区,青羊区,103.979488,30.663478,1
上道·西城,residential,商务住宅;住宅区;住宅小区,青羊区,103.977527,30.66341,1
培风社区小区,residential,商务住宅;住宅区;住宅小区,青羊区,103.977627,30.665999,1
清河阳光,residential,商务住宅;住宅区;住宅小区,青羊区,103.980877,30.667106,1
美苑(万寿四路),residential,商务住宅;住宅区;住宅小区,青羊区,103.978954,30.661412,1
光华馨苑,residential,商务住宅;住宅区;住宅小区,青羊区,103.975512,30.667107,3
苏坡社区,residential,商务住宅;住宅区;住宅小区,青羊区,103.976988,30.668229,1
洪锦名都,residential,商务住宅;住宅区;住宅小区,武侯区,103.97533,30.661721,1
富诗特,residential,商务住宅;住宅区;住宅小区,青羊区,103.975848,30.668503,2
丽都玉园·领邸,residential,商务住宅;住宅区;住宅小区,青羊区,103.983285,30.668229,1
江郊庭苑,residential,商务住宅;住宅区;住宅小区,青羊区,103.989965,30.664715,1
光华揽胜,residential,商务住宅;住宅区;住宅小区,青羊区,103.990353,30.665735,1
阳光家园,residential,商务住宅;住宅区;住宅小区,青羊区,103.988825,30.66747,4
碧华鄰,residential,商务住宅;住宅区;住宅小区,青羊区,103.986457,30.666104,1
东坡小区,residential,商务住宅;住宅区;住宅小区,青羊区,103.990548,30.666678,1
水映长岛,residential,商务住宅;住宅区;住宅小区,青羊区,103.987273,30.661967,1
中铁·西子香荷,residential,商务住宅;住宅区;住宅小区,青羊区,103.992339,30.664972,1
置信丽都玉园天俊,residential,商务住宅;住宅区;住宅小区,青羊区,103.98501,30.666064,1
时代尊城,residential,商务住宅;住宅区;住宅小区,青羊区,103.992395,30.662786,1
光华·美邻,residential,商务住宅;住宅区;住宅小区,青羊区,103.991026,30.667656,1
光华岁月,residential,商务住宅;住宅区;住宅小区,青羊区,103.985907,30.667813,1
一环路西一段小区,residential,商务住宅;住宅区;住宅小区,青羊区,103.993262,30.665794,1
华府世家,residential,商务住宅;住宅区;住宅小区,青羊区,103.98881,30.668786,1
光明园,residential,商务住宅;住宅区;住宅小区,青羊区,103.987588,30.669264,3
知贤坊,residential,商务住宅;住宅区;住宅小区,青羊区,103.992084,30.668909,2
齐力光华岁月,residential,商务住宅;住宅区;住宅小区,青羊区,103.986277,30.669103,1
香木林新城,residential,商务住宅;住宅区;住宅小区,青羊区,103.990528,30.669425,1
水映长岛浣谷,residential,商务住宅;住宅区;住宅小区,青羊区,103.99359,30.66109,1
海棠园,residential,商务住宅;住宅区;住宅小区|餐饮服务;中餐厅;中餐厅,武侯区,103.983863,30.660843,1
优品道曦岸,residential,商务住宅;住宅区;住宅小区,青羊区,103.998695,30.66463,1
川粮大院,residential,商务住宅;住宅区;住宅小区,青羊区,103.99817,30.666182,1
香槟花园,residential,商务住宅;住宅区;住宅小区,青羊区,103.99945,30.666401,1
浪琴湾,residential,商务住宅;住宅区;住宅小区,青羊区,103.996389,30.664916,1
欣苑(金雁路),residential,商务住宅;住宅区;住宅小区,武侯区,103.998253,30.661918,2
水岸格林,residential,商务住宅;住宅区;住宅小区,青羊区,103.997171,30.666841,1
皇家花园(金雁路),residential,商务住宅;住宅区;住宅小区,武侯区,103.997116,30.662108,1
优品道2期,residential,商务住宅;住宅区;住宅小区,青羊区,104.002071,30.664791,1
TT·尚品,residential,商务住宅;住宅区;住宅小区,青羊区,103.998949,30.667848,1
怡苑,residential,商务住宅;住宅区;住宅小区,武侯区,103.999682,30.660886,2
优品道,residential,商务住宅;住宅区;住宅小区,青羊区,104.002783,30.665909,1
清沙苑,residential,商务住宅;住宅区;住宅小区,武侯区,103.997966,30.660797,1
翠堤春晓西区,residential,商务住宅;住宅区;住宅小区,武侯区,104.001832,30.661617,1
凯旋天际湾,residential,商务住宅;住宅区;住宅小区,青羊区,103.994314,30.663362,1
光华里,residential,商务住宅;住宅区;住宅小区,青羊区,103.994532,30.666383,1
二十一世纪花园世纪城4期,residential,商务住宅;住宅区;住宅区,青羊区,103.997216,30.668487,1
珍宝金楠,residential,商务住宅;住宅区;住宅小区|生活服务;生活服务场所;生活服务场所,武侯区,103.999493,30.659305,9
优品道1期,residential,商务住宅;住宅区;住宅小区,青羊区,104.003302,30.667009,1
天合凯旋城(贝双街),residential,商务住宅;住宅区;住宅小区,青羊区,103.999634,30.669161,1
成都市青羊区东坡街道清水河社区,residential,商务住宅;住宅区;住宅小区,青羊区,103.995635,30.668497,1
西锦·渡,residential,商务住宅;住宅区;住宅小区,青羊区,103.993908,30.667284,1
生活立方小区,residential,商务住宅;住宅区;住宅小区,青羊区,104.001753,30.668909,1
二十一世纪花园世纪城,residential,商务住宅;住宅区;住宅小区,青羊区,103.997221,30.669541,1
翠堤春晓(沙堰街),residential,商务住宅;住宅区;住宅小区,武侯区,104.002522,30.660272,1
民警小区,residential,商务住宅;住宅区;住宅小区,青羊区,104.010543,30.664299,2
中华家园(家园路),residential,商务住宅;住宅区;住宅小区,青羊区,104.008803,30.662701,1
青羊区光华街道花园社区,residential,商务住宅;住宅区;住宅小区,青羊区,104.00645,30.664484,1
水木光华,residential,商务住宅;住宅区;住宅小区,青羊区,104.006766,30.665666,1
学府春,residential,商务住宅;住宅区;住宅小区,青羊区,104.008664,30.666526,1
中华家园东区,residential,商务住宅;住宅区;住宅小区,青羊区,104.011282,30.662781,1
佳苑望郡A区,residential,商务住宅;住宅区;住宅小区,青羊区,104.008189,30.661426,1
优品道3期,residential,商务住宅;住宅区;住宅小区,青羊区,104.004747,30.664936,1
优品道1、、2期,residential,商务住宅;住宅区;住宅区,青羊区,104.005213,30.666733,1
金阳伦敦,residential,商务住宅;住宅区;住宅区,青羊区,104.005359,30.662176,1
西华家园,residential,商务住宅;住宅区;住宅小区,青羊区,104.013053,30.663045,1
望郡B区,residential,商务住宅;住宅区;住宅小区,青羊区,104.009248,30.660352,1
西城花园(中环路青羊大道段),residential,商务住宅;住宅区;住宅小区,青羊区,104.00685,30.66846,1
上城成都花园,residential,商务住宅;住宅区;住宅小区,青羊区,104.012121,30.660916,1
金满堂,residential,商务住宅;住宅区;住宅区,青羊区,104.020235,30.66346,5
大陆·西城秀筑,residential,商务住宅;住宅区;住宅小区,青羊区,104.018095,30.662867,1
天情阁,residential,商务住宅;住宅区;住宅区,青羊区,104.020647,30.666725,10
仁和·世代春天(二环路西二段),residential,商务住宅;住宅区;住宅小区,青羊区,104.017582,30.666457,1
草堂别院,residential,商务住宅;住宅区;住宅小区,青羊区,104.021957,30.664188,1
群和路小区,residential,商务住宅;住宅区;住宅小区,青羊区,104.017613,30.667892,6
天邑花园,residential,商务住宅;住宅区;住宅小区,青羊区,104.017681,30.661057,1
光华公屋南区,residential,商务住宅;住宅区;住宅小区,青羊区,104.022085,30.666747,1
草堂之春,residential,商务住宅;住宅区;住宅小区,青羊区,104.021142,30.661205,1
荣馨西苑,residential,商务住宅;住宅区;住宅小区,青羊区,104.025274,30.666205,12
拉萨市公安局驻成都民警公寓,residential,商务住宅;住宅区;住宅小区,青羊区,104.014011,30.661881,1
汇厦花园,residential,商务住宅;住宅区;住宅小区,青羊区,104.022017,30.668333,1
盛世草堂,residential,商务住宅;住宅区;住宅小区,青羊区,104.020563,30.669033,1
蜀华大厦,residential,商务住宅;住宅区;住宅小区,青羊区,104.014492,30.668079,1
光华苑,residential,商务住宅;住宅区;住宅小区,青羊区,104.023253,30.667946,1
青华路小区,residential,商务住宅;住宅区;住宅小区,青羊区,104.027896,30.664674,1
牧电巷小区,residential,商务住宅;住宅区;住宅小区,青羊区,104.030597,30.666576,1
浣花苑(草堂北路),residential,商务住宅;住宅区;住宅小区,青羊区,104.027344,30.666988,1
浣花小区东区,residential,商务住宅;住宅区;住宅小区,青羊区,104.030899,30.661752,1
牧电路小区,residential,商务住宅;住宅区;住宅小区,青羊区,104.029627,30.668828,5
同乐苑(牧电后街),residential,商务住宅;住宅区;住宅小区,青羊区,104.027967,30.668482,1
草堂社区,residential,商务住宅;住宅区;住宅小区,青羊区,104.033073,30.662142,1
康欣苑(牧电巷),residential,商务住宅;住宅区;住宅小区,青羊区,104.031548,30.668432,1
顺园,residential,商务住宅;住宅区;住宅区,青羊区,104.024944,30.660577,1
成勘院,residential,商务住宅;住宅区;住宅小区,青羊区,104.032834,30.668661,1
锦里苑,residential,商务住宅;住宅区;住宅小区,青羊区,104.03315,30.659514,4
一环路西二段小区,residential,商务住宅;住宅区;住宅小区,青羊区,104.038463,30.664503,2
青羊上街138号院,residential,商务住宅;住宅区;住宅小区,青羊区,104.037203,30.663074,2
青羊上街208号院,residential,商务住宅;住宅区;住宅小区,青羊区,104.036252,30.663669,1
艺术家苑,residential,商务住宅;住宅区;住宅小区,青羊区,104.035341,30.663349,6
琴台路社区,residential,商务住宅;住宅区;住宅小区,青羊区,104.041791,30.665195,2
成勘院浣花小区(东门),residential,商务住宅;住宅区;住宅小区,青羊区,104.034622,30.669277,1
成都中医药大学家属院,residential,商务住宅;住宅区;住宅小区,青羊区,104.040347,30.667172,1
咏陶阁,residential,商务住宅;住宅区;住宅区,青羊区,104.034149,30.665472,2
新一村,residential,商务住宅;住宅区;住宅小区,青羊区,104.037755,30.667986,1
浣花北路6号商住楼,residential,商务住宅;住宅区;住宅区,青羊区,104.034156,30.664377,1
浣花新城,residential,商务住宅;住宅区;住宅小区,青羊区,104.036344,30.661011,1
雅雨苑,residential,商务住宅;住宅区;住宅小区,青羊区,104.034626,30.666606,1
浣花苑东区,residential,商务住宅;住宅区;住宅小区,青羊区,104.035286,30.668269,6
南河上居,residential,商务住宅;住宅区;住宅小区,青羊区,104.03723,30.660222,1
琴台路小区,residential,商务住宅;住宅区;住宅小区,青羊区,104.042697,30.661758,1
宜家结庐缘,residential,商务住宅;住宅区;住宅小区,金牛区,104.043242,30.66789,1
同仁路社区,residential,商务住宅;住宅区;住宅小区,青羊区,104.048105,30.664235,1
新少城,residential,商务住宅;住宅区;住宅小区,青羊区,104.050143,30.662884,63
锦都,residential,商务住宅;住宅区;住宅小区,青羊区,104.046691,30.66509,2
香韵,residential,商务住宅;住宅区;住宅区,青羊区,104.051039,30.665695,1
锦都3期,residential,商务住宅;住宅区;住宅小区,青羊区,104.0475,30.66686,1
长富新城,residential,商务住宅;住宅区;住宅小区,青羊区,104.046324,30.667069,1
小南街公寓,residential,商务住宅;住宅区;住宅小区,青羊区,104.052683,30.661188,6
包家巷80号院,residential,商务住宅;住宅区;住宅小区,青羊区,104.050975,30.660239,1
领地,residential,商务住宅;住宅区;住宅区,青羊区,104.052042,30.6597,2
西华门街24号院,residential,商务住宅;住宅区;住宅小区,青羊区,104.061512,30.665415,1
东胜街41号院,residential,商务住宅;住宅区;住宅小区,青羊区,104.054457,30.663457,1
西华门街8号院(人民中路一段),residential,商务住宅;住宅区;住宅小区,青羊区,104.060887,30.661362,1
人民西路147号院,residential,商务住宅;住宅区;住宅小区,青羊区,104.058966,30.660121,5
三桂前街小区,residential,商务住宅;住宅区;住宅小区,青羊区,104.07004,30.663654,10
化八院小区,residential,商务住宅;住宅区;住宅小区,青羊区,104.069652,30.665286,2
同心苑,residential,商务住宅;住宅区;住宅小区,青羊区,104.066851,30.664151,7
富力·公馆,residential,商务住宅;住宅区;住宅小区,青羊区,104.066796,30.66632,2
东华馨苑,residential,商务住宅;住宅区;住宅小区,青羊区,104.067278,30.661874,7
天府公寓,residential,商务住宅;住宅区;住宅小区,青羊区,104.071728,30.666403,32
总府路81号院,residential,商务住宅;住宅区;住宅小区,青羊区,104.07068,30.661304,3
人民中路一段小区,residential,商务住宅;住宅区;住宅小区,青羊区,104.065071,30.662323,2
人民中路一段9号院,residential,商务住宅;住宅区;住宅小区,青羊区,104.064234,30.663577,1
上升街14号院,residential,商务住宅;住宅区;住宅区,青羊区,104.067558,30.668811,3
红照壁小区,residential,商务住宅;住宅区;住宅小区,锦江区,104.069342,30.660204,1
横九龙巷44号院,residential,商务住宅;住宅区;住宅区,锦江区,104.070962,30.660024,2
暑袜中街48号院,residential,商务住宅;住宅区;住宅小区,锦江区,104.07234,30.659744,2
华兴苑(华兴上街),residential,商务住宅;住宅区;住宅小区,锦江区,104.075765,30.66231,1
桂王桥东街2号院,residential,商务住宅;住宅区;住宅小区,锦江区,104.081719,30.666021,5
泰丰佳寓,residential,商务住宅;住宅区;住宅小区,锦江区,104.08292,30.661172,22
九龙仓,residential,商务住宅;住宅区;住宅区,锦江区,104.07999,30.659517,8
红星国际,residential,商务住宅;住宅区;住宅小区,锦江区,104.083571,30.663665,3
童子街庭苑,residential,商务住宅;住宅区;住宅小区,青羊区,104.07414,30.668076,1
中新街小区,residential,商务住宅;住宅区;住宅小区,锦江区,104.074029,30.659319,9
长城锦苑,residential,商务住宅;住宅区;住宅小区,锦江区,104.088423,30.665172,1
金叶村,residential,商务住宅;住宅区;住宅小区,成华区,104.092987,30.659564,38
四圣祠北街12号小区,residential,商务住宅;住宅区;住宅小区,锦江区,104.08534,30.662114,2
电信苑,residential,商务住宅;住宅区;住宅小区,成华区,104.093327,30.66332,4
大陆锦江华庭,residential,商务住宅;住宅区;住宅小区,锦江区,104.089994,30.668092,1
天涯南苑,residential,商务住宅;住宅区;住宅小区,锦江区,104.084382,30.659818,3
新鸿苑,residential,商务住宅;住宅区;住宅小区,成华区,104.098483,30.665616,6
航天苑,residential,商务住宅;住宅区;住宅小区,成华区,104.0967,30.663703,16
新鸿社区(西门),residential,商务住宅;住宅区;住宅小区,成华区,104.100119,30.662748,2
千和苑,residential,商务住宅;住宅区;住宅小区,成华区,104.102216,30.665281,13
培华社区,residential,商务住宅;住宅区;住宅小区,成华区,104.099192,30.667333,11
平心苑,residential,商务住宅;住宅区;住宅小区,成华区,104.098051,30.661122,22
猛追湾街189号院,residential,商务住宅;住宅区;住宅小区,成华区,104.095203,30.66521,3
猛追小区,residential,商务住宅;住宅区;住宅小区,成华区,104.095359,30.667259,5
新鸿社区,residential,商务住宅;住宅区;住宅小区,成华区,104.101477,30.66285,1
城市博客C城,residential,商务住宅;住宅区;住宅小区,成华区,104.103308,30.66359,2
云星锦城,residential,商务住宅;住宅区;住宅区,成华区,104.095569,30.660775,1
南苑(培华西路),residential,商务住宅;住宅区;住宅小区,成华区,104.1017,30.668168,1
双林路251号院,residential,商务住宅;住宅区;住宅区,成华区,104.093839,30.661867,1
新鸿2区,residential,商务住宅;住宅区;住宅区,成华区,104.103701,30.661879,3
双林北支路471号院,residential,商务住宅;住宅区;住宅小区,成华区,104.102712,30.660889,1
景馨园,residential,商务住宅;住宅区;住宅小区,成华区,104.094464,30.668494,1
小龙桥,residential,商务住宅;住宅区;住宅区,成华区,104.108987,30.663508,2
盛茗苑,residential,商务住宅;住宅区;住宅小区,成华区,104.107063,30.663042,4
光明馨苑西区,residential,商务住宅;住宅区;住宅小区,成华区,104.106825,30.665328,1
新龙苑,residential,商务住宅;住宅区;住宅小区,成华区,104.108924,30.662344,1
恒大豪庭,residential,商务住宅;住宅区;住宅小区,成华区,104.110788,30.662607,1
杉板桥社区,residential,商务住宅;住宅区;住宅小区,成华区,104.111888,30.664366,3
锦绣天地,residential,商务住宅;住宅区;住宅区,成华区,104.108419,30.661417,1
和信·融锦云湾,residential,商务住宅;住宅区;住宅区,成华区,104.109301,30.667407,1
中海·新华府,residential,商务住宅;住宅区;住宅小区,成华区,104.109491,30.661384,1
供电局家属院,residential,商务住宅;住宅区;住宅小区,成华区,104.105562,30.66231,2
新龙苑西区,residential,商务住宅;住宅区;住宅小区,成华区,104.104506,30.6635,1
馨地居,residential,商务住宅;住宅区;住宅小区,成华区,104.105595,30.661225,2
光明馨苑东区,residential,商务住宅;住宅区;住宅小区,成华区,104.108201,30.668157,1
海棠名居,residential,商务住宅;住宅区;住宅小区,成华区,104.113092,30.664458,1
恒大景帝(建设中),residential,商务住宅;住宅区;住宅小区,成华区,104.11118,30.661144,1
中建新华府,residential,商务住宅;住宅区;住宅区,成华区,104.108413,30.660399,1
欣苑(建设南新路),residential,商务住宅;住宅区;住宅小区,成华区,104.104414,30.666382,1
保利东方中心,residential,商务住宅;住宅区;住宅区,成华区,104.113219,30.666828,1
新鸿1区,residential,商务住宅;住宅区;住宅区,成华区,104.104164,30.660433,1
红光小区(培华东路),residential,商务住宅;住宅区;住宅小区,成华区,104.103871,30.668583,1
十号院,residential,商务住宅;住宅区;住宅小区,成华区,104.114443,30.658245,20
跳蹬河北路小区,residential,商务住宅;住宅区;住宅小区,成华区,104.118205,30.664846,1
榜样,residential,商务住宅;住宅区;住宅小区,成华区,104.117159,30.665859,3
锦绣东方(东秀一路),residential,商务住宅;住宅区;住宅小区,成华区,104.116949,30.66262,1
汇厦·沙河锦庭,residential,商务住宅;住宅区;住宅小区,成华区,104.115474,30.665907,1
锦绣东方2期,residential,商务住宅;住宅区;住宅小区,成华区,104.114788,30.663786,1
成都热电厂生活区,residential,商务住宅;住宅区;住宅小区,成华区,104.121032,30.660954,1
万科金色乐府,residential,商务住宅;住宅区;住宅小区,成华区,104.118987,30.668588,1
保利·康桥,residential,商务住宅;住宅区;住宅小区,成华区,104.115185,30.667948,1
九龙仓·御园,residential,商务住宅;住宅区;住宅小区,成华区,104.113915,30.661745,2
上霖东方,residential,商务住宅;住宅区;住宅小区,成华区,104.13098,30.663031,4
蓝光东方天地,residential,商务住宅;住宅区;住宅小区,成华区,104.126587,30.663246,1
安逸园,residential,商务住宅;住宅区;住宅小区,成华区,104.133269,30.667716,1
云水苑(中环路崔家店路段),residential,商务住宅;住宅区;住宅小区,成华区,104.131549,30.666854,1
华都云景台(建设中),residential,商务住宅;住宅区;住宅小区,成华区,104.128303,30.663681,1
中粮锦云,residential,商务住宅;住宅区;住宅小区,成华区,104.125133,30.665008,1
跳蹬河社区,residential,商务住宅;住宅区;住宅小区,成华区,104.12651,30.668974,1
天空城,residential,商务住宅;住宅区;住宅小区,成华区,104.134167,30.665365,1
华西花园,residential,商务住宅;住宅区;住宅小区,成华区,104.140296,30.668331,1
舜和家园,residential,商务住宅;住宅区;住宅小区,成华区,104.143266,30.665669,4
四川省省建二公司生活区,residential,商务住宅;住宅区;住宅小区,成华区,104.139199,30.668498,1
东方·惠城B区,residential,商务住宅;住宅区;住宅小区,成华区,104.148163,30.659691,1
和悦庭院B区,residential,商务住宅;住宅区;住宅小区,成华区,104.144839,30.659857,1
舜惠家园,residential,商务住宅;住宅区;住宅小区,成华区,104.144065,30.666866,1
半边街新居,residential,商务住宅;住宅区;住宅小区,武侯区,103.966856,30.650341,4
正成星光大道,residential,商务住宅;住宅区;住宅区,武侯区,103.973775,30.657156,1
花木林,residential,商务住宅;住宅区;住宅小区,武侯区,103.980671,30.653665,1
富邑华庭,residential,商务住宅;住宅区;住宅小区,武侯区,103.9772,30.649953,2
星悦领地,residential,商务住宅;住宅区;住宅小区,武侯区,103.981385,30.650504,2
美丽庭院,residential,商务住宅;住宅区;住宅小区,武侯区,103.975944,30.659369,1
鑫盛苑,residential,商务住宅;住宅区;住宅小区,武侯区,103.978758,30.658273,1
嘉楠美地,residential,商务住宅;住宅区;住宅小区,武侯区,103.975041,30.650315,1
金阳不夜,residential,商务住宅;住宅区;住宅小区,武侯区,103.983107,30.653853,1
星语双城,residential,商务住宅;住宅区;住宅小区,武侯区,103.97533,30.654256,5
上水花苑,residential,商务住宅;住宅区;住宅区,武侯区,103.977079,30.659069,1
好园小区,residential,商务住宅;住宅区;住宅小区,武侯区,103.978486,30.65124,1
喜宇天宇住宅区,residential,商务住宅;住宅区;住宅小区,武侯区,103.989716,30.654134,1
中央花园跃层洋楼精装版2区,residential,商务住宅;住宅区;住宅小区,武侯区,103.989842,30.655327,1
花香庭园,residential,商务住宅;住宅区;住宅小区,武侯区,103.987337,30.654831,1
清水苑,residential,商务住宅;住宅区;住宅小区,武侯区,103.988321,30.656465,1
唐庄,residential,商务住宅;住宅区;住宅小区,武侯区,103.99063,30.652027,2
中央花园3期,residential,商务住宅;住宅区;住宅小区,武侯区,103.991908,30.653108,1
万福苑A区,residential,商务住宅;住宅区;住宅小区,武侯区,103.984597,30.654378,1
沙竹苑,residential,商务住宅;住宅区;住宅小区,武侯区,103.993099,30.654863,1
香楠阳光,residential,商务住宅;住宅区;住宅小区,武侯区,103.98655,30.651124,2
清荷苑(万寿桥南路),residential,商务住宅;住宅区;住宅小区,武侯区,103.990305,30.658519,1
龙湖·金楠星座,residential,商务住宅;住宅区;住宅小区,武侯区,103.991711,30.650631,2
万福苑B区,residential,商务住宅;住宅区;住宅小区,武侯区,103.984284,30.652181,2
杏外庭院,residential,商务住宅;住宅区;住宅区,武侯区,103.984918,30.651039,1
互盛佳苑,residential,商务住宅;住宅区;住宅小区,武侯区,103.999143,30.653477,4
橄榄苑3期,residential,商务住宅;住宅区;住宅小区,武侯区,103.99827,30.655242,1
五大花园,residential,商务住宅;住宅区;住宅小区|住宿服务;宾馆酒店;宾馆酒店,武侯区,103.999664,30.656179,9
颐和雅居,residential,商务住宅;住宅区;住宅小区,武侯区,103.996428,30.654448,1
西郡香林,residential,商务住宅;住宅区;住宅小区,武侯区,103.997581,30.652265,1
星辰花园,residential,商务住宅;住宅区;住宅小区,武侯区,103.995969,30.653311,1
西城锦绣,residential,商务住宅;住宅区;住宅小区,武侯区,104.002036,30.655122,1
中央花园精1区,residential,商务住宅;住宅区;住宅小区,武侯区,103.994605,30.653983,1
中央花园2期,residential,商务住宅;住宅区;住宅小区,武侯区,103.995737,30.657189,1
双景秀庭,residential,商务住宅;住宅区;住宅小区,武侯区,104.002526,30.652938,1
会所·花园,residential,商务住宅;住宅区;住宅小区,武侯区,103.998865,30.65086,1
会所·金澜苑(晋康街),residential,商务住宅;住宅区;住宅小区,武侯区,103.9978,30.650807,1
金钻2期,residential,商务住宅;住宅区;住宅小区,武侯区,104.001883,30.651504,1
解甲园,residential,商务住宅;住宅区;住宅小区,武侯区,104.002228,30.657469,1
瑞泰锦城,residential,商务住宅;住宅区;住宅小区,武侯区,103.996206,30.650845,1
海天阁,residential,商务住宅;住宅区;住宅小区,武侯区,104.001069,30.658679,1
会所·金澜苑,residential,商务住宅;住宅区;住宅小区,武侯区,103.999263,30.649782,1
红运花园,residential,商务住宅;住宅区;住宅小区,武侯区,104.003689,30.65176,1
晋阳社区,residential,商务住宅;住宅区;住宅小区,武侯区,104.002825,30.65012,2
丽景华庭2期,residential,商务住宅;住宅区;住宅小区,武侯区,104.008167,30.653838,1
炎华置信花间集,residential,商务住宅;住宅区;住宅小区,武侯区,104.009755,30.655392,1
龙华北路9号院,residential,商务住宅;住宅区;住宅小区,武侯区,104.010452,30.653558,1
龙安街2号院,residential,商务住宅;住宅区;住宅小区,武侯区,104.009658,30.652842,1
龙安街10号大院,residential,商务住宅;住宅区;住宅小区,武侯区,104.00715,30.652875,1
龙湾生活广场,residential,商务住宅;住宅区;住宅小区,武侯区,104.011035,30.652607,1
绿城花园(龙安街),residential,商务住宅;住宅区;住宅小区,武侯区,104.007335,30.651973,1
加怡名城,residential,商务住宅;住宅区;住宅小区,武侯区,104.011847,30.655283,1
鑫盛白兰地,residential,商务住宅;住宅区;住宅小区,武侯区,104.011894,30.653857,1
金林俊景,residential,商务住宅;住宅区;住宅小区,武侯区,104.005481,30.653309,1
西藏花园,residential,商务住宅;住宅区;住宅小区,武侯区,104.010092,30.651422,1
泊景湾,residential,商务住宅;住宅区;住宅小区,武侯区,104.012088,30.656591,1
成都花园,residential,商务住宅;住宅区;住宅小区,青羊区,104.009365,30.658187,1
龙华阳光,residential,商务住宅;住宅区;住宅小区,武侯区,104.012526,30.652804,1
正基·城市主场,residential,商务住宅;住宅区;住宅小区,武侯区,104.005555,30.651947,1
龙锦花园,residential,商务住宅;住宅区;住宅小区,武侯区,104.007092,30.650969,1
龙腾小区,residential,商务住宅;住宅区;住宅小区,武侯区,104.013165,30.655706,2
众和西景,residential,商务住宅;住宅区;住宅小区,武侯区,104.014185,30.65377,3
水润缇香,residential,商务住宅;住宅区;住宅小区,武侯区,104.003927,30.654939,1
红运花园1期,residential,商务住宅;住宅区;住宅区,武侯区,104.003814,30.653669,1
润锦城,residential,商务住宅;住宅区;住宅小区,青羊区,104.004872,30.657978,2
嘉瑞苑华美居,residential,商务住宅;住宅区;住宅小区,武侯区,104.012582,30.651366,1
美丽星,residential,商务住宅;住宅区;住宅小区,武侯区,104.010171,30.650078,1
中海·龙湾半岛龙园,residential,商务住宅;住宅区;住宅小区,武侯区,104.013155,30.657862,1
喜丽佳园,residential,商务住宅;住宅区;住宅小区,武侯区,104.017506,30.653624,2
双楠所有阳光,residential,商务住宅;住宅区;住宅小区,武侯区,104.01883,30.653174,1
爱丁堡(天乐街),residential,商务住宅;住宅区;住宅小区,武侯区,104.01746,30.652397,1
杜甫花园,residential,商务住宅;住宅区;住宅小区,武侯区,104.017183,30.656936,2
四川省文化公寓,residential,商务住宅;住宅区;住宅小区,武侯区,104.020562,30.651765,3
浣花小区(二环路西一段),residential,商务住宅;住宅区;住宅小区,青羊区,104.020645,30.656715,1
雅然居,residential,商务住宅;住宅区;住宅小区,武侯区,104.024829,30.652016,14
远鸿·方程式,residential,商务住宅;住宅区;住宅小区,武侯区,104.018739,30.651417,2
中海·常春藤花园,residential,商务住宅;住宅区;住宅小区,武侯区,104.014985,30.655551,1
康河郦景,residential,商务住宅;住宅区;住宅小区,武侯区,104.022156,30.652975,1
怡馨花园(二环路西一段),residential,商务住宅;住宅区;住宅小区,青羊区,104.018811,30.657903,1
楠逸苑,residential,商务住宅;住宅区;住宅小区,武侯区,104.014802,30.652686,2
嘉瑞苑,residential,商务住宅;住宅区;住宅小区,武侯区,104.01693,30.651261,1
康河郦景Ⅲ,residential,商务住宅;住宅区;住宅小区,武侯区,104.0219,30.651576,2
禾嘉花园,residential,商务住宅;住宅区;住宅小区,青羊区,104.023227,30.654521,1
中海·龙湾半岛紫园,residential,商务住宅;住宅区;住宅小区,武侯区,104.014861,30.657291,1
大华情融苑,residential,商务住宅;住宅区;住宅小区,武侯区,104.014828,30.651329,1
置信花园思华苑,residential,商务住宅;住宅区;住宅小区,武侯区,104.018701,30.649914,1
楠极地,residential,商务住宅;住宅区;住宅小区,武侯区,104.021457,30.648739,12
中海·龙湾半岛,residential,商务住宅;住宅区;住宅小区,武侯区,104.015078,30.658693,1
四川省医学科学院·四川省人民医院草堂病区家属院,residential,商务住宅;住宅区;住宅小区,青羊区,104.027646,30.654263,1
浣花溪山庄,residential,商务住宅;住宅区;住宅小区,青羊区,104.027317,30.655713,2
泰庄花园,residential,商务住宅;住宅区;住宅小区,武侯区,104.02893,30.652825,1
浣花苑,residential,商务住宅;住宅区;住宅小区,青羊区,104.031582,30.652583,23
少陵社区,residential,商务住宅;住宅区;住宅小区,武侯区,104.027385,30.652231,2
浣花居,residential,商务住宅;住宅区;住宅小区,青羊区,104.031906,30.655105,4
浣锦滨河路296号院,residential,商务住宅;住宅区;住宅区,青羊区,104.028771,30.657193,1
柏仕晶舍,residential,商务住宅;住宅区;住宅小区,青羊区,104.025019,30.653887,1
金地花园,residential,商务住宅;住宅区;住宅小区,武侯区,104.027822,30.651185,1
流水山庄,residential,商务住宅;住宅区;住宅小区,青羊区,104.027205,30.657806,1
白湖印象,residential,商务住宅;住宅区;住宅小区,青羊区,104.031975,30.657015,4
金地花园西区,residential,商务住宅;住宅区;住宅小区,武侯区,104.026688,30.65084,1
浣花滨河路53号院,residential,商务住宅;住宅区;住宅区,青羊区,104.024168,30.656215,1
浣花小区(浣花南路),residential,商务住宅;住宅区;住宅小区,青羊区,104.03005,30.658908,2
黄华楼,residential,商务住宅;住宅区;住宅区,武侯区,104.031927,30.649911,8
戎居苑,residential,商务住宅;住宅区;住宅小区,武侯区,104.029098,30.649208,5
菊园,residential,商务住宅;住宅区;住宅小区,武侯区,104.026819,30.649623,1
蜀馨苑A区,residential,商务住宅;住宅区;住宅小区,武侯区,104.025268,30.649642,1
双和苑,residential,商务住宅;住宅区;住宅小区,武侯区,104.023873,30.649932,1
零壹上品,residential,商务住宅;住宅区;住宅区,青羊区,104.03914,30.654967,4
成都飞机设计研究所C2住宅小区,residential,商务住宅;住宅区;住宅小区,武侯区,104.040078,30.653924,1
一环路西一段65号院,residential,商务住宅;住宅区;住宅小区,武侯区,104.039274,30.652605,1
云天小区,residential,商务住宅;住宅区;住宅小区,武侯区,104.036072,30.653408,3
大石西一街2号院,residential,商务住宅;住宅区;住宅小区,武侯区,104.037356,30.652585,1
百兴苑,residential,商务住宅;住宅区;住宅小区,青羊区,104.039425,30.657295,3
大石东路5号院,residential,商务住宅;住宅区;住宅小区,青羊区,104.041914,30.654689,3
草堂空间,residential,商务住宅;住宅区;住宅小区,青羊区,104.037467,30.657046,2
燃灯寺社区,residential,商务住宅;住宅区;住宅小区,武侯区,104.040763,30.6527,2
桂园(百花巷),residential,商务住宅;住宅区;住宅小区,青羊区,104.036231,30.656127,1
天朗·锦邸,residential,商务住宅;住宅区;住宅小区,武侯区,104.038922,30.651168,3
名景园,residential,商务住宅;住宅区;住宅小区,青羊区,104.035156,30.654136,1
大石西路3号院,residential,商务住宅;住宅区;住宅区,武侯区,104.036405,30.652136,1
百花东路小区,residential,商务住宅;住宅区;住宅小区,青羊区,104.041295,30.656524,1
百卉路11号院,residential,商务住宅;住宅区;住宅小区,青羊区,104.034902,30.655171,1
怡园(怀贤路),residential,商务住宅;住宅区;住宅小区,武侯区,104.040803,30.651451,1
德惠公寓,residential,商务住宅;住宅区;住宅小区,青羊区,104.042332,30.656265,1
清漪苑,residential,商务住宅;住宅区;住宅小区,青羊区,104.03618,30.658447,9
百花芳邻(芳邻路),residential,商务住宅;住宅区;住宅小区,青羊区,104.039945,30.658485,1
恒宾园,residential,商务住宅;住宅区;住宅小区,青羊区,104.033707,30.654051,1
百卉路19号,residential,商务住宅;住宅区;住宅小区,青羊区,104.033605,30.655114,1
春天花园(百卉路),residential,商务住宅;住宅区;住宅小区,青羊区,104.03387,30.656753,1
顺苑,residential,商务住宅;住宅区;住宅小区,武侯区,104.035816,30.646916,55
百花森苑,residential,商务住宅;住宅区;住宅小区,武侯区,104.03413,30.650314,2
现代城,residential,商务住宅;住宅区;住宅小区,青羊区,104.046301,30.65575,21
彩虹花园,residential,商务住宅;住宅区;住宅小区,武侯区,104.049937,30.653639,1
富华新起点,residential,商务住宅;住宅区;住宅小区,青羊区,104.05077,30.655145,1
冠城花园,residential,商务住宅;住宅区;住宅小区,青羊区,104.049265,30.656815,1
南河公寓(南浦中路),residential,商务住宅;住宅区;住宅小区,武侯区,104.051205,30.652847,1
旭和倾城,residential,商务住宅;住宅区;住宅小区,青羊区,104.051428,30.656201,3
旭和倾城1期,residential,商务住宅;住宅区;住宅小区,青羊区,104.05022,30.657279,1
文翁华府,residential,商务住宅;住宅区;住宅小区,青羊区,104.053945,30.654349,24
长城社区,residential,商务住宅;住宅区;住宅小区,青羊区,104.047784,30.657984,1
武侯祠大街89号院,residential,商务住宅;住宅区;住宅小区,武侯区,104.044311,30.65345,2
成都飞机设计研究所B1住宅小区,residential,商务住宅;住宅区;住宅小区,武侯区,104.045028,30.651885,1
西府少城,residential,商务住宅;住宅区;住宅小区,青羊区,104.04968,30.658545,1
通祠苑,residential,商务住宅;住宅区;住宅小区,武侯区,104.052757,30.649963,8
长城园,residential,商务住宅;住宅区;住宅小区,青羊区,104.051378,30.658562,1
君平街89号院,residential,商务住宅;住宅区;住宅小区,青羊区,104.053388,30.65798,2
丽舍滨江,residential,商务住宅;住宅区;住宅小区,青羊区,104.057825,30.652751,16
金盾路35号院,residential,商务住宅;住宅区;住宅小区,青羊区,104.058348,30.655789,2
长富花园,residential,商务住宅;住宅区;住宅小区,青羊区,104.059217,30.656945,30
中南大街58号院,residential,商务住宅;住宅区;住宅小区,青羊区,104.059703,30.652665,1
石室巷5号院,residential,商务住宅;住宅区;住宅小区,青羊区,104.056111,30.656052,1
世代锦江,residential,商务住宅;住宅区;住宅小区,锦江区,104.059914,30.650688,1
陕西街34号院,residential,商务住宅;住宅区;住宅小区,青羊区,104.061765,30.657242,2
戏剧研究院小区,residential,商务住宅;住宅区;住宅小区,青羊区,104.054704,30.656994,2
国嘉华庭,residential,商务住宅;住宅区;住宅小区,青羊区,104.056263,30.650412,1
静园,residential,商务住宅;住宅区;住宅区,锦江区,104.074905,30.651642,120
开园,residential,商务住宅;住宅区;住宅小区,锦江区,104.065619,30.652765,13
新锦江巧筑,residential,商务住宅;住宅区;住宅区,锦江区,104.066047,30.655866,9
龙园,residential,商务住宅;住宅区;住宅小区,锦江区,104.069118,30.651102,21
和睦苑,residential,商务住宅;住宅区;住宅小区,锦江区,104.072548,30.654816,4
皇城公寓,residential,商务住宅;住宅区;住宅小区,锦江区,104.064741,30.656544,1
总府路社区(南新街),residential,商务住宅;住宅区;住宅小区,锦江区,104.071592,30.657766,1
梨花街38号院,residential,商务住宅;住宅区;住宅小区,锦江区,104.064419,30.657505,1
警悦居,residential,商务住宅;住宅区;住宅区,锦江区,104.071022,30.649319,2
南纱帽街31号院,residential,商务住宅;住宅区;住宅小区,锦江区,104.078035,30.654674,1
油篓街35号院,residential,商务住宅;住宅区;住宅区,锦江区,104.08062,30.653528,3
东大街下东大街段8号院,residential,商务住宅;住宅区;住宅小区,锦江区,104.076574,30.653844,1
春喜公寓,residential,商务住宅;住宅区;住宅小区,锦江区,104.076697,30.657115,3
可园,residential,商务住宅;住宅区;住宅小区,锦江区,104.084796,30.656474,34
锦川楼,residential,商务住宅;住宅区;住宅小区,锦江区,104.08378,30.652875,6
秀水花园,residential,商务住宅;住宅区;住宅小区,锦江区,104.081938,30.650842,3
正科甲巷76号附1,residential,商务住宅;住宅区;住宅区,锦江区,104.076957,30.659002,1
大慈寺路小区,residential,商务住宅;住宅区;住宅小区,锦江区,104.082803,30.657643,3
时代尊邸,residential,商务住宅;住宅区;住宅小区,锦江区,104.08323,30.649443,1
东风路15号院,residential,商务住宅;住宅区;住宅小区,锦江区,104.08852,30.654158,1
旺府公寓,residential,商务住宅;住宅区;住宅小区,锦江区,104.086748,30.652105,24
西南电力设计院小区,residential,商务住宅;住宅区;住宅小区,成华区,104.089258,30.655799,1
玉风苑,residential,商务住宅;住宅区;住宅小区,成华区,104.090643,30.654176,8
点将台街56号院,residential,商务住宅;住宅区;住宅区,锦江区,104.089088,30.652768,1
蜜城,residential,商务住宅;住宅区;住宅小区,成华区,104.087664,30.65731,4
东风路22号小区,residential,商务住宅;住宅区;住宅小区,成华区,104.091619,30.654068,1
蓉上坊,residential,商务住宅;住宅区;住宅小区,锦江区,104.090175,30.649937,23
东风路北一巷1号小区,residential,商务住宅;住宅区;住宅小区,成华区,104.091793,30.655128,1
人民苑,residential,商务住宅;住宅区;住宅小区,成华区,104.090064,30.658127,8
东风路北二巷3号小区,residential,商务住宅;住宅区;住宅小区,成华区,104.092891,30.654041,1
望平街153号院,residential,商务住宅;住宅区;住宅区,成华区,104.088621,30.65883,1
一环路东四段83号院,residential,商务住宅;住宅区;住宅区,锦江区,104.092718,30.651747,1
启明公寓,residential,商务住宅;住宅区;住宅小区,锦江区,104.084424,30.651353,1
时代豪庭东区,residential,商务住宅;住宅区;住宅小区,锦江区,104.086437,30.649198,5
水碾河路西小区,residential,商务住宅;住宅区;住宅小区,锦江区,104.092626,30.650281,3
五冶小区,residential,商务住宅;住宅区;住宅小区,成华区,104.099414,30.654465,7
磨子村,residential,商务住宅;住宅区;住宅小区,成华区,104.098551,30.652137,5
朝发苑,residential,商务住宅;住宅区;住宅小区,成华区,104.096376,30.654992,1
双桥路184号院,residential,商务住宅;住宅区;住宅小区,成华区,104.10009,30.653043,1
祥和里小区(东门),residential,商务住宅;住宅区;住宅小区,成华区,104.097049,30.658489,1
居民大院,residential,商务住宅;住宅区;住宅小区,成华区,104.095061,30.654238,10
路北社区,residential,商务住宅;住宅区;住宅小区,成华区,104.097534,30.656864,1
新华商住楼,residential,商务住宅;住宅区;住宅小区,成华区,104.101431,30.65329,1
东城小居,residential,商务住宅;住宅区;住宅区,成华区,104.099138,30.657189,1
新鸿路五冶住宅区,residential,商务住宅;住宅区;住宅小区,成华区,104.102057,30.655097,1
水碾河路北社区,residential,商务住宅;住宅区;住宅小区,成华区,104.096266,30.651982,2
玉双苑(玉双路),residential,商务住宅;住宅区;住宅小区,成华区,104.095589,30.656961,1
聚乐苑(双桥路),residential,商务住宅;住宅区;住宅小区,成华区,104.102629,30.65375,1
锦泰公寓,residential,商务住宅;住宅区;住宅小区,成华区,104.096227,30.65776,1
名都楼,residential,商务住宅;住宅区;住宅小区,成华区,104.103579,30.65578,2
福晟·钱隆天下,residential,商务住宅;住宅区;住宅小区,成华区,104.099873,30.658309,1
双林二巷社区,residential,商务住宅;住宅区;住宅小区,成华区,104.098518,30.658499,1
东方锦都,residential,商务住宅;住宅区;住宅小区,成华区,104.101035,30.657892,1
华成苑,residential,体育休闲服务;娱乐场所;娱乐场所|商务住宅;住宅区;住宅小区,锦江区,104.095805,30.648748,19
三街坊社区(双桥路南四街),residential,商务住宅;住宅区;住宅小区,成华区,104.10256,30.65161,1
双林路196号大院,residential,商务住宅;住宅区;住宅小区,成华区,104.102929,30.656912,1
锦丽苑,residential,商务住宅;住宅区;住宅小区,锦江区,104.094627,30.651046,2
蜀都惠园,residential,商务住宅;住宅区;住宅小区,成华区,104.101858,30.649495,1
同和里小区,residential,商务住宅;住宅区;住宅小区,成华区,104.108094,30.654602,1
钢管厂4区,residential,商务住宅;住宅区;住宅区,成华区,104.109709,30.654887,1
双林中横路社区北区,residential,商务住宅;住宅区;住宅小区,成华区,104.108691,30.652775,1
双园社区,residential,商务住宅;住宅区;住宅小区,成华区,104.107272,30.656279,3
精英大厦商务楼,residential,商务住宅;住宅区;住宅区,成华区,104.111235,30.653588,2
枫景雅居,residential,商务住宅;住宅区;住宅小区,成华区,104.110388,30.651845,5
北新苑,residential,商务住宅;住宅区;住宅小区,成华区,104.106101,30.653071,1
千和·家和楼,residential,商务住宅;住宅区;住宅小区,成华区,104.111602,30.654886,1
双林社区(双桥路),residential,商务住宅;住宅区;住宅小区,成华区,104.105421,30.654847,1
万年商寓,residential,商务住宅;住宅区;住宅小区,成华区,104.111822,30.656034,4
北一街小区,residential,商务住宅;住宅区;住宅小区,成华区,104.107343,30.651695,1
北二街小区西门,residential,商务住宅;住宅区;住宅小区,成华区,104.105357,30.652375,2
万晟社区,residential,商务住宅;住宅区;住宅小区,成华区,104.108871,30.65766,1
新华社区(双林北横路),residential,商务住宅;住宅区;住宅小区,成华区,104.107555,30.65796,1
机械厂家属院,residential,商务住宅;住宅区;住宅小区,成华区,104.110775,30.658141,3
成都市职业培训中心住宿区,residential,商务住宅;住宅区;住宅小区,成华区,104.105148,30.657206,1
银河商业广场,residential,商务住宅;住宅区;住宅小区,成华区,104.113235,30.653754,1
双桥路171号院,residential,商务住宅;住宅区;住宅小区,成华区,104.103847,30.653237,1
七六苑,residential,商务住宅;住宅区;住宅小区,成华区,104.107368,30.650186,1
双林中横路社区(经华北路),residential,商务住宅;住宅区;住宅小区,成华区,104.104994,30.651202,1
新华园,residential,商务住宅;住宅区;住宅小区,成华区,104.108992,30.659012,1
万年场下街小区,residential,商务住宅;住宅区;住宅小区,成华区,104.11011,30.659266,2
双林北支路30号60号院,residential,商务住宅;住宅区;住宅小区,成华区,104.111693,30.659264,1
经华路社区,residential,商务住宅;住宅区;住宅小区,成华区,104.103893,30.649428,1
万兴街小区,residential,商务住宅;住宅区;住宅小区,成华区,104.119072,30.654534,2
积步街6号院,residential,商务住宅;住宅区;住宅区,成华区,104.11754,30.65562,12
花样年花郡4期,residential,商务住宅;住宅区;住宅区,成华区,104.117198,30.653808,1
联合公寓,residential,商务住宅;住宅区;住宅小区,成华区,104.120193,30.65522,1
成发·紫东芯座,residential,商务住宅;住宅区;住宅小区,成华区,104.119094,30.651893,1
洁美街4号院,residential,商务住宅;住宅区;住宅小区,成华区,104.119193,30.656896,1
联合四组,residential,商务住宅;住宅区;住宅小区,成华区,104.120398,30.65704,2
万年路8号院,residential,商务住宅;住宅区;住宅小区,成华区,104.115568,30.655628,1
二十四城1期,residential,商务住宅;住宅区;住宅小区,成华区,104.116526,30.65187,2
花样年·花郡,residential,商务住宅;住宅区;住宅小区,成华区,104.115091,30.654322,1
正成沙河明珠,residential,商务住宅;住宅区;住宅小区,成华区,104.122249,30.656325,1
跳蹬街五组,residential,商务住宅;住宅区;住宅小区,成华区,104.118745,30.65894,2
千居朝阳,residential,商务住宅;住宅区;住宅小区,成华区,104.120757,30.650644,1
香山长岛售楼部,residential,商务住宅;住宅区;住宅区,成华区,104.122899,30.65162,1
华润二十四城G期,residential,商务住宅;住宅区;住宅区,成华区,104.114044,30.651386,1
长天社区,residential,商务住宅;住宅区;住宅小区,成华区,104.123216,30.650253,2
和睦之家小区,residential,商务住宅;住宅区;住宅小区,成华区,104.126185,30.658688,2
沙河丽景,residential,商务住宅;住宅区;住宅小区,成华区,104.127702,30.655179,1
水岸东里,residential,商务住宅;住宅区;住宅小区,成华区,104.126501,30.656006,2
成都大东展,residential,商务住宅;住宅区;住宅小区,成华区,104.13164,30.657991,1
成华奥园广场,residential,商务住宅;住宅区;住宅小区,成华区,104.128474,30.657934,1
沙河名仕公馆,residential,商务住宅;住宅区;住宅小区,成华区,104.123561,30.654118,1
跳蹬河南路3号院,residential,商务住宅;住宅区;住宅小区,成华区,104.125211,30.659267,1
宏苑,residential,商务住宅;住宅区;住宅小区,成华区,104.138184,30.654356,1
民苑,residential,商务住宅;住宅区;住宅小区,成华区,104.139823,30.654565,1
欣苑(宏苑北),residential,商务住宅;住宅区;住宅小区,成华区,104.138122,30.65553,1
华晨雅庭,residential,商务住宅;住宅区;住宅小区,成华区,104.139907,30.656224,4
东升花园(长融街),residential,商务住宅;住宅区;住宅小区,成华区,104.141263,30.652761,1
槐树店路小区,residential,商务住宅;住宅区;住宅小区,成华区,104.140348,30.651326,2
一代天骄,residential,商务住宅;住宅区;住宅区,成华区,104.141556,30.656372,2
红桥社区(东门),residential,商务住宅;住宅区;住宅小区,成华区,104.137028,30.658882,2
华天阳光小区,residential,商务住宅;住宅区;住宅小区,成华区,104.1383,30.651043,1
槐树苑A区,residential,商务住宅;住宅区;住宅小区,成华区,104.135711,30.651974,1
世纪长春小区,residential,商务住宅;住宅区;住宅小区,成华区,104.141002,30.657594,1
团结社区(槐树店路),residential,商务住宅;住宅区;住宅小区,成华区,104.142566,30.652666,1
东升社区,residential,商务住宅;住宅区;住宅小区|地名地址信息;普通地名;村庄级地名,成华区,104.136392,30.649887,1
生育文化大院,residential,商务住宅;住宅区;住宅小区,成华区,104.133833,30.657797,1
香山长岛,residential,商务住宅;住宅区;住宅小区,成华区,104.142702,30.659112,1
东方·惠城A区,residential,商务住宅;住宅区;住宅小区,成华区,104.147023,30.657835,1
东锦城,residential,商务住宅;住宅区;住宅小区,成华区,104.152548,30.652581,2
城投·东庐,residential,商务住宅;住宅区;住宅小区,成华区,104.147004,30.655733,1
和悦庭院,residential,商务住宅;住宅区;住宅小区,成华区,104.144812,30.658458,2
东锦城B区,residential,商务住宅;住宅区;住宅小区,成华区,104.154065,30.652412,1
金茂·诚品上院,residential,商务住宅;住宅区;住宅小区,武侯区,103.971933,30.645218,1
蓝光金双楠,residential,商务住宅;住宅区;住宅小区,武侯区,103.966379,30.648504,1
蓝光金双楠2期,residential,商务住宅;住宅区;住宅小区,武侯区,103.967544,30.646671,1
华都星公馆,residential,商务住宅;住宅区;住宅小区,武侯区,103.978515,30.643872,2
正成·城市乐章,residential,商务住宅;住宅区;住宅小区,武侯区,103.978881,30.646567,1
花香茗都,residential,商务住宅;住宅区;住宅区,武侯区,103.975504,30.644551,4
花样年·花好园,residential,商务住宅;住宅区;住宅小区,武侯区,103.976405,30.643686,1
华都·星公馆2期,residential,商务住宅;住宅区;住宅小区,武侯区,103.977418,30.646894,1
西武家园,residential,商务住宅;住宅区;住宅小区,武侯区,103.976636,30.642748,1
锦溪,residential,商务住宅;住宅区;住宅小区,武侯区,103.983805,30.648426,3
兴元嘉园,residential,商务住宅;住宅区;住宅小区,武侯区,103.989346,30.645379,1
果堰小区-西区,residential,商务住宅;住宅区;住宅区,武侯区,103.990483,30.646442,2
竹韵天府,residential,商务住宅;住宅区;住宅小区,武侯区,103.991362,30.643133,1
正成·金楠尚府,residential,商务住宅;住宅区;住宅小区,武侯区,103.987956,30.647308,1
潮福苑,residential,商务住宅;住宅区;住宅小区,武侯区,103.984334,30.643094,1
金辉枫尚,residential,商务住宅;住宅区;住宅小区,武侯区,103.993587,30.644595,1
银杏苑(武青东二路),residential,商务住宅;住宅区;住宅小区,武侯区,103.983832,30.645816,1
山南家园,residential,商务住宅;住宅区;住宅小区,武侯区,103.987843,30.64017,1
成通小区,residential,商务住宅;住宅区;住宅小区,武侯区,103.987309,30.649092,1
中华锦绣,residential,商务住宅;住宅区;住宅小区,武侯区,103.985254,30.640628,1
龙湖·金楠天街楠香庭,residential,商务住宅;住宅区;住宅小区,武侯区,103.992888,30.649149,1
果堰小区,residential,商务住宅;住宅区;住宅小区,武侯区,103.993515,30.639913,1
雷迪波尔·城市花园,residential,商务住宅;住宅区;住宅小区,武侯区,104.000538,30.644169,1
吉绿苑,residential,商务住宅;住宅区;住宅小区,武侯区,103.999727,30.642022,2
中央花园4期,residential,商务住宅;住宅区;住宅小区,武侯区,103.996659,30.646116,1
园中园北苑,residential,商务住宅;住宅区;住宅小区|通行设施;临街院门;临街院正门,武侯区,103.999282,30.647199,2
园中园西苑,residential,商务住宅;住宅区;住宅小区,武侯区,104.000842,30.646974,1
顺江新苑B区,residential,商务住宅;住宅区;住宅小区,武侯区,103.995183,30.643189,1
金福园,residential,商务住宅;住宅区;住宅小区,武侯区,103.997117,30.641407,1
名乐苑小区,residential,商务住宅;住宅区;住宅小区,武侯区,103.999868,30.648175,2
园中园南苑,residential,商务住宅;住宅区;住宅小区,武侯区,104.002809,30.646049,1
园中园东苑,residential,商务住宅;住宅区;住宅小区,武侯区,104.001862,30.648519,12
交大庭院,residential,商务住宅;住宅区;住宅小区,武侯区,104.003276,30.643342,1
顺江新苑A区,residential,商务住宅;住宅区;住宅小区,武侯区,103.993754,30.642565,1
金楠·缤纷,residential,商务住宅;住宅区;住宅小区,武侯区,103.998668,30.639829,1
交大花园广厦小区,residential,商务住宅;住宅区;住宅小区,武侯区,104.003048,30.641179,1
长盛续锦,residential,商务住宅;住宅区;住宅小区,武侯区,103.997294,30.649458,1
蓝光·金楠府,residential,商务住宅;住宅区;住宅小区,武侯区,104.00148,30.639819,1
龙湖·金楠天街蓉香庭,residential,商务住宅;住宅区;住宅小区,武侯区,103.994495,30.649537,1
鹭岛国际社区,residential,商务住宅;住宅区;住宅小区,武侯区,104.009253,30.645852,3
新瑞园,residential,商务住宅;住宅区;住宅小区,武侯区,104.01149,30.643173,1
吉福庭苑,residential,商务住宅;住宅区;住宅小区,武侯区,104.006715,30.642291,1
吉馨苑,residential,商务住宅;住宅区;住宅小区,武侯区,104.008455,30.641695,1
龙禧苑,residential,商务住宅;住宅区;住宅小区,武侯区,104.013554,30.646244,13
普建苑,residential,商务住宅;住宅区;住宅小区,武侯区,104.010109,30.641474,2
丽百居,residential,商务住宅;住宅区;住宅小区,武侯区,104.012581,30.641755,3
双楠·锐派,residential,商务住宅;住宅区;住宅小区,武侯区,104.005011,30.642576,1
城楠映象,residential,商务住宅;住宅区;住宅小区,武侯区,104.009415,30.640699,1
吉静苑,residential,商务住宅;住宅区;住宅小区,武侯区,104.007406,30.640809,1
圣沅·汇景樱桃季,residential,商务住宅;住宅区;住宅小区,武侯区,104.013195,30.644895,1
梧桐,residential,商务住宅;住宅区;住宅小区,武侯区,104.005551,30.640601,5
鹭岛国际社区3期,residential,商务住宅;住宅区;住宅小区,武侯区,104.009008,30.648713,1
吉春苑,residential,商务住宅;住宅区;住宅小区,武侯区,104.003854,30.646019,1
交大花园武侯小区,residential,商务住宅;住宅区;住宅小区,武侯区,104.008662,30.639458,2
溢阳绿城,residential,商务住宅;住宅区;住宅小区,武侯区,104.012794,30.649028,1
成都水晶名仕阁酒店,residential,住宿服务;宾馆酒店;四星级宾馆|商务住宅;住宅区;住宅小区,武侯区,104.009959,30.647813,1
汇景2期,residential,商务住宅;住宅区;住宅小区,武侯区,104.018702,30.645263,2
一椽坊,residential,商务住宅;住宅区;住宅小区,武侯区,104.018253,30.643399,1
森世阳光,residential,商务住宅;住宅区;住宅区,武侯区,104.020292,30.643614,1
顺达苑,residential,商务住宅;住宅区;住宅小区,武侯区,104.017243,30.642702,1
西藏阳光苑,residential,商务住宅;住宅区;住宅小区,武侯区,104.016735,30.646308,1
双楠美邻,residential,商务住宅;住宅区;住宅小区,武侯区,104.018391,30.647007,1
竹园(永盛东街),residential,商务住宅;住宅区;住宅小区,武侯区,104.020917,30.642814,1
华府双楠,residential,商务住宅;住宅区;住宅小区,武侯区,104.015967,30.643302,1
双楠融域,residential,商务住宅;住宅区;住宅小区,武侯区,104.01546,30.64426,1
双楠森世阳光花园,residential,商务住宅;住宅区;住宅小区,武侯区,104.02182,30.643986,1
顺福苑,residential,商务住宅;住宅区;住宅小区,武侯区,104.01708,30.641187,3
双楠竹园1期,residential,商务住宅;住宅区;住宅小区,武侯区,104.022362,30.643159,1
怡顺苑,residential,商务住宅;住宅区;住宅小区,武侯区,104.02353,30.641407,10
绿地·海珀香庭,residential,商务住宅;住宅区;住宅小区,武侯区,104.018425,30.640864,1
长居花苑,residential,商务住宅;住宅区;住宅小区,武侯区,104.015456,30.641867,2
双楠融域2期,residential,商务住宅;住宅区;住宅小区,武侯区,104.014231,30.644061,1
龙门公寓,residential,商务住宅;住宅区;住宅小区,武侯区,104.02302,30.645302,1
金色花园(双丰中路),residential,商务住宅;住宅区;住宅小区,武侯区,104.014106,30.642667,1
五彩生活,residential,商务住宅;住宅区;住宅小区,武侯区,104.014359,30.641746,2
天乐街小区,residential,商务住宅;住宅区;住宅小区,武侯区,104.017308,30.649088,2
美好时光,residential,商务住宅;住宅区;住宅小区,武侯区,104.017438,30.639869,1
家和南苑,residential,商务住宅;住宅区;住宅小区,武侯区,104.01519,30.639626,3
云影苑,residential,商务住宅;住宅区;住宅小区,武侯区,104.015038,30.648982,1
蓝光雍锦世家(建设中),residential,商务住宅;住宅区;住宅小区,武侯区,104.022509,30.640121,1
双楠谊苑,residential,商务住宅;住宅区;住宅小区,武侯区,104.023768,30.648036,2
双楠花园,residential,商务住宅;住宅区;住宅小区,武侯区,104.029317,30.644231,1
兰园,residential,商务住宅;住宅区;住宅小区,武侯区,104.027296,30.645156,6
碧云天(碧云路),residential,商务住宅;住宅区;住宅小区,武侯区,104.028629,30.642719,1
宝润苑,residential,商务住宅;住宅区;住宅小区,武侯区,104.030739,30.64496,3
巴黎阳光小区,residential,商务住宅;住宅区;住宅小区,武侯区,104.030809,30.642893,1
月光琉域,residential,商务住宅;住宅区;住宅小区,武侯区,104.026463,30.64238,2
安居花园(双楠街),residential,商务住宅;住宅区;住宅小区,武侯区,104.026935,30.646713,1
名都苑,residential,商务住宅;住宅区;住宅小区,武侯区,104.029971,30.646914,1
花样年华风华庭,residential,商务住宅;住宅区;住宅小区,武侯区,104.032374,30.644666,1
置信花园,residential,商务住宅;住宅区;住宅小区,武侯区,104.027275,30.647618,1
双楠1区,residential,商务住宅;住宅区;住宅小区,武侯区,104.025048,30.646496,3
新筑,residential,商务住宅;住宅区;住宅小区,武侯区,104.032627,30.643468,1
园丁园,residential,商务住宅;住宅区;住宅小区,武侯区,104.024358,30.644204,1
双楠府邸,residential,商务住宅;住宅区;住宅小区,武侯区,104.030056,30.640348,3
卫居苑(双楠路),residential,商务住宅;住宅区;住宅小区,武侯区,104.028376,30.648537,1
双楠华苑,residential,商务住宅;住宅区;住宅小区,武侯区,104.024022,30.645626,1
广福楼,residential,商务住宅;住宅区;住宅小区,武侯区,104.032732,30.641831,3
二环路西一段15号院,residential,商务住宅;住宅区;住宅区,武侯区,104.0239,30.643095,2
蜀馨苑,residential,商务住宅;住宅区;住宅小区,武侯区,104.026635,30.648545,3
红南港,residential,商务住宅;住宅区;住宅小区,武侯区,104.026371,30.638855,7
美好家园,residential,商务住宅;住宅区;住宅小区,武侯区,104.031943,30.639784,1
高升小区,residential,商务住宅;住宅区;住宅小区,武侯区,104.033523,30.640413,3
竹园2期,residential,商务住宅;住宅区;住宅小区,武侯区,104.024366,30.639657,1
百花邨,residential,商务住宅;住宅区;住宅小区,武侯区,104.034003,30.649133,3
通祥苑,residential,商务住宅;住宅区;住宅小区,武侯区,104.037703,30.645284,1
油油苑,residential,商务住宅;住宅区;住宅区,武侯区,104.042468,30.643208,24
成都A区·锦外,residential,商务住宅;住宅区;住宅区,武侯区,104.038366,30.642416,1
七道堰社区,residential,商务住宅;住宅区;住宅小区,武侯区,104.035812,30.644516,1
高升桥小区,residential,商务住宅;住宅区;住宅小区,武侯区,104.037195,30.64083,7
新巢公寓,residential,商务住宅;住宅区;住宅小区,武侯区,104.034859,30.643661,2
四季花城,residential,商务住宅;住宅区;住宅小区,武侯区,104.033743,30.643331,1
武侯祠大街245号院,residential,商务住宅;住宅区;住宅小区,武侯区,104.043023,30.64682,1
武侯名园,residential,商务住宅;住宅区;住宅小区,武侯区,104.043279,30.641962,1
绿苑,residential,商务住宅;住宅区;住宅小区,武侯区,104.04156,30.634716,142
建国巷4号院,residential,商务住宅;住宅区;住宅小区,武侯区,104.048321,30.645402,2
洗面桥横街35号院,residential,商务住宅;住宅区;住宅小区,武侯区,104.047235,30.643861,1
洗面桥宿舍,residential,商务住宅;住宅区;住宅小区,武侯区,104.049543,30.643321,1
蜀芙苑,residential,商务住宅;住宅区;住宅小区,武侯区,104.05061,30.643879,1
武侯祠横街1号院,residential,商务住宅;住宅区;住宅区,武侯区,104.047089,30.646335,1
锦官城(武侯祠大街),residential,商务住宅;住宅区;住宅小区,武侯区,104.049718,30.646548,1
瓦子堰,residential,商务住宅;住宅区;住宅小区,武侯区,104.051209,30.641378,7
蜀光苑小区,residential,商务住宅;住宅区;住宅小区,武侯区,104.0516,30.64475,1
西源公寓,residential,商务住宅;住宅区;住宅小区,武侯区,104.044606,30.645172,4
圣地阳光,residential,商务住宅;住宅区;住宅区,武侯区,104.051729,30.643187,1
汇锦公寓,residential,商务住宅;住宅区;住宅小区,武侯区,104.053164,30.644277,3
成都飞机设计研究所A2住宅小区,residential,商务住宅;住宅区;住宅小区,武侯区,104.049114,30.648731,2
成都飞机设计研究所A3住宅小区,residential,商务住宅;住宅区;住宅小区,武侯区,104.047768,30.648502,1
武侯祠大街小区,residential,商务住宅;住宅区;住宅小区,武侯区,104.052117,30.647086,1
青龙苑,residential,商务住宅;住宅区;住宅小区,武侯区,104.048549,30.639365,7
橄榄苑,residential,商务住宅;住宅区;住宅区,武侯区,104.053548,30.645769,2
武侯区省级机关单位小区,residential,商务住宅;住宅区;住宅小区,武侯区,104.050395,30.648598,1
华西医技楼,residential,商务住宅;楼宇;楼宇相关,武侯区,104.057367,30.645671,3
阳城云尚,residential,商务住宅;住宅区;住宅区,武侯区,104.055101,30.643841,15
黉门公馆,residential,商务住宅;住宅区;住宅小区,武侯区,104.059408,30.646685,4
公行道一号院,residential,商务住宅;住宅区;住宅区,武侯区,104.060767,30.64245,3
电信路18号院,residential,商务住宅;住宅区;住宅小区,武侯区,104.058137,30.64158,1
楠园,residential,商务住宅;住宅区;住宅小区,武侯区,104.059026,30.639043,99
四川大学华西校区口腔医院职工住宅区6,residential,商务住宅;住宅区;住宅小区,武侯区,104.062374,30.64567,5
小天竺街105号院,residential,商务住宅;住宅区;住宅小区,武侯区,104.061264,30.646616,1
国嘉南苑(黉门后街),residential,商务住宅;住宅区;住宅小区,武侯区,104.055289,30.646451,2
竺苑,residential,商务住宅;住宅区;住宅小区,武侯区,104.0597,30.648387,15
金钻时代,residential,商务住宅;住宅区;住宅区,武侯区,104.061748,30.647528,2
万里号,residential,商务住宅;住宅区;住宅区,武侯区,104.056729,30.649139,1
新气象小区(北门),residential,商务住宅;住宅区;住宅小区,武侯区,104.063383,30.647716,1
大学路1号院,residential,商务住宅;住宅区;住宅小区,武侯区,104.06939,30.644976,3
一鑫居,residential,商务住宅;住宅区;住宅小区,武侯区,104.072723,30.644205,55
大学路3号院,residential,商务住宅;住宅区;住宅区,武侯区,104.067586,30.646399,2
伊顿社区,residential,商务住宅;住宅区;住宅小区,武侯区,104.069888,30.642423,1
胜利村110号院,residential,商务住宅;住宅区;住宅小区,武侯区,104.070259,30.641412,2
人民南路三段15号院,residential,商务住宅;住宅区;住宅小区,武侯区,104.064235,30.644756,1
南虹村,residential,商务住宅;住宅区;住宅小区,武侯区,104.069164,30.639225,15
锦江新园,residential,商务住宅;住宅区;住宅小区,武侯区,104.07336,30.646669,3
华西美庐,residential,商务住宅;住宅区;住宅小区,武侯区,104.064647,30.640898,2
佳顺苑,residential,商务住宅;住宅区;住宅小区,武侯区,104.080632,30.642938,49
摩卡筑,residential,商务住宅;住宅区;住宅小区,武侯区,104.079096,30.641712,1
都会风尚,residential,商务住宅;住宅区;住宅小区,锦江区,104.077901,30.647483,3
群众路2号院,residential,商务住宅;住宅区;住宅小区,武侯区,104.078383,30.640597,2
怀园,residential,商务住宅;住宅区;住宅小区,武侯区,104.077916,30.639266,7
一环路南一段7号院,residential,商务住宅;住宅区;住宅小区,武侯区,104.080555,30.63996,1
新南路89号院,residential,商务住宅;住宅区;住宅小区,武侯区,104.073744,30.640086,1
金泉小区(星桥街),residential,商务住宅;住宅区;住宅小区,锦江区,104.086679,30.644671,1
外滩,residential,商务住宅;住宅区;住宅小区,锦江区,104.089804,30.642774,1
晶蓝半岛1期,residential,商务住宅;住宅区;住宅小区,锦江区,104.090675,30.643489,1
金泉街50号院,residential,商务住宅;住宅区;住宅小区,锦江区,104.086124,30.645478,1
顺江路49号院,residential,商务住宅;住宅区;住宅小区,锦江区,104.08883,30.641736,2
丰景苑,residential,商务住宅;住宅区;住宅小区,锦江区,104.088429,30.647357,13
宏济苑,residential,商务住宅;住宅区;住宅区,锦江区,104.092196,30.646208,7
晶蓝半岛2期,residential,商务住宅;住宅区;住宅区,锦江区,104.091913,30.643978,2
宏济新路95号院,residential,商务住宅;住宅区;住宅小区,锦江区,104.0905,30.642061,1
龙井苑,residential,商务住宅;住宅区;住宅小区,锦江区,104.085396,30.647704,10
粼江峰阁(顺江路),residential,商务住宅;住宅区;住宅小区,锦江区,104.090699,30.640857,2
世纪朝阳,residential,商务住宅;住宅区;住宅小区,锦江区,104.092512,30.642285,2
新桂社区,residential,商务住宅;住宅区;住宅小区,锦江区,104.091994,30.641079,3
南府锦,residential,商务住宅;住宅区;住宅小区,锦江区,104.090795,30.639646,2
中海格林威治城,residential,商务住宅;住宅区;住宅小区,武侯区,104.086487,30.639432,1
莲花新2区,residential,商务住宅;住宅区;住宅区,锦江区,104.093806,30.640619,3
林家坡大院,residential,商务住宅;住宅区;住宅小区,锦江区,104.098198,30.64342,1
三电宿舍,residential,商务住宅;住宅区;住宅小区,锦江区,104.097779,30.645518,1
锦江区75号,residential,商务住宅;住宅区;住宅小区,锦江区,104.096507,30.644437,1
雍锦汇,residential,商务住宅;住宅区;住宅小区,锦江区,104.1006,30.64413,2
大田坎,residential,商务住宅;住宅区;住宅区,锦江区,104.099953,30.645733,1
富丽苑,residential,商务住宅;住宅区;住宅小区,锦江区,104.099783,30.642481,3
一心园,residential,商务住宅;住宅区;住宅小区,锦江区,104.095961,30.642423,8
一心桥南街小区,residential,商务住宅;住宅区;住宅小区,锦江区,104.096749,30.646154,1
合能东城攻略,residential,商务住宅;住宅区;住宅小区,锦江区,104.098337,30.641919,1
成工大院,residential,商务住宅;住宅区;住宅小区,锦江区,104.101919,30.645434,3
东风新城,residential,商务住宅;住宅区;住宅区,锦江区,104.101966,30.642879,3
怡心园(水碾河路),residential,商务住宅;住宅区;住宅小区,锦江区,104.098951,30.647951,1
蜀都花园,residential,商务住宅;住宅区;住宅小区,锦江区,104.101083,30.647225,1
莲花新区,residential,商务住宅;住宅区;住宅小区,锦江区,104.097306,30.640484,2
华兴商寓,residential,商务住宅;住宅区;住宅小区,锦江区,104.099777,30.640582,2
瑞升·莲花逸都,residential,商务住宅;住宅区;住宅区,锦江区,104.101212,30.640995,1
水碾河路16号附3号院,residential,商务住宅;住宅区;住宅小区,锦江区,104.098746,30.64904,2
锦东路小区,residential,商务住宅;住宅区;住宅小区,锦江区,104.103073,30.641576,4
文明社区,residential,商务住宅;住宅区;住宅小区,锦江区,104.101136,30.639973,2
水碾河路19号院,residential,商务住宅;住宅区;住宅小区,成华区,104.10329,30.648376,1
华润·二十四城柒公馆(建设中),residential,商务住宅;住宅区;住宅小区,成华区,104.109999,30.646218,1
乐天圣苑(通源街),residential,商务住宅;住宅区;住宅小区,锦江区,104.1069,30.642539,1
二环路东三段小区,residential,商务住宅;住宅区;住宅小区,成华区,104.10738,30.646677,1
得胜小区,residential,商务住宅;住宅区;住宅小区,锦江区,104.104951,30.643705,5
华润二十四城柒公馆,residential,商务住宅;住宅区;住宅小区,成华区,104.10916,30.647466,1
水碾河路6号院,residential,商务住宅;住宅区;住宅小区,锦江区,104.105358,30.646289,1
东方正红,residential,商务住宅;住宅区;住宅小区,锦江区,104.111714,30.642171,1
天誉北区,residential,商务住宅;住宅区;住宅小区,锦江区,104.111325,30.641323,1
紫东阳光1期,residential,商务住宅;住宅区;住宅小区,成华区,104.108646,30.648471,2
华润·熙云府南区,residential,商务住宅;住宅区;住宅小区,成华区,104.113416,30.644538,2
双桥社区,residential,商务住宅;住宅区;住宅小区,成华区,104.10684,30.648555,1
华润·国际社区,residential,商务住宅;住宅区;住宅小区,成华区,104.11247,30.647656,1
乐天,residential,商务住宅;住宅区;住宅区,锦江区,104.10747,30.639589,1
中粮鸿云,residential,商务住宅;住宅区;住宅小区,锦江区,104.113005,30.641266,1
经华苑,residential,商务住宅;住宅区;住宅区,成华区,104.104388,30.648041,2
双华苑,residential,商务住宅;住宅区;住宅小区,成华区,104.105098,30.648989,1
钢三区,residential,商务住宅;住宅区;住宅小区,成华区,104.117992,30.643579,2
长天路4号院,residential,商务住宅;住宅区;住宅小区,成华区,104.12004,30.645904,3
华润·凌云府,residential,商务住宅;住宅区;住宅小区,成华区,104.116586,30.64541,1
工地小区,residential,商务住宅;住宅区;住宅小区,成华区,104.116927,30.642633,1
竞成路4号院,residential,商务住宅;住宅区;住宅小区,成华区,104.12117,30.644774,1
华润·锦云府,residential,商务住宅;住宅区;住宅小区,成华区,104.115442,30.646019,1
二十四城尚云庭,residential,商务住宅;住宅区;住宅小区,成华区,104.117559,30.647609,1
锦华苑(五桂桥北路),residential,商务住宅;住宅区;住宅小区,成华区,104.122363,30.645413,1
长天路3号,residential,商务住宅;住宅区;住宅小区,成华区,104.122018,30.646287,1
联合小区,residential,商务住宅;住宅区;住宅小区,成华区,104.121452,30.647924,2
御龙山铂璟,residential,商务住宅;住宅区;住宅区,成华区,104.12302,30.643975,1
华润·二十四城锦云府,residential,商务住宅;住宅区;住宅小区,成华区,104.11436,30.646456,1
观城,residential,商务住宅;住宅区;住宅小区,成华区,104.11873,30.64858,1
信和·御龙山,residential,商务住宅;住宅区;住宅小区,成华区,104.122337,30.641824,1
华润二十四城2期,residential,商务住宅;住宅区;住宅区,成华区,104.117642,30.648604,1
水岸华庭,residential,商务住宅;住宅区;住宅小区,成华区,104.12296,30.647074,1
中洲·中央城邦,residential,商务住宅;住宅区;住宅小区,锦江区,104.115088,30.640607,1
华润·紫云府,residential,商务住宅;住宅区;住宅小区,成华区,104.115334,30.649152,1
东桂二号院,residential,商务住宅;住宅区;住宅小区,成华区,104.127271,30.640514,3
沙河湾,residential,商务住宅;住宅区;住宅小区,成华区,104.123974,30.649181,1
保和街道东虹路社区,residential,商务住宅;住宅区;住宅小区,成华区,104.133118,30.639744,1
鲁能城,residential,商务住宅;住宅区;住宅小区,成华区,104.132447,30.649232,1
明信鹭湾,residential,商务住宅;住宅区;住宅小区,成华区,104.124434,30.644561,1
隆鑫九熙3期,residential,商务住宅;住宅区;住宅小区,成华区,104.133426,30.646492,1
华府沙河,residential,商务住宅;住宅区;住宅小区,成华区,104.124022,30.647934,1
东桂三号院,residential,商务住宅;住宅区;住宅小区,成华区,104.128862,30.640305,1
东桂四号院,residential,商务住宅;住宅区;住宅小区,成华区,104.128245,30.646607,1
救助站小区,residential,商务住宅;住宅区;住宅小区,成华区,104.126548,30.649171,1
明信鹭湾花园A区,residential,商务住宅;住宅区;住宅小区,成华区,104.125336,30.645109,1
优品道上东区,residential,商务住宅;住宅区;住宅小区,成华区,104.137894,30.644976,1
优品尚东,residential,商务住宅;住宅区;住宅小区,成华区,104.139535,30.644754,1
优品尚东3期,residential,商务住宅;住宅区;住宅小区,成华区,104.140843,30.645045,1
隆鑫九熙1期,residential,商务住宅;住宅区;住宅小区,成华区,104.139403,30.646775,1
阳光100米娅中心2期,residential,商务住宅;住宅区;住宅小区,成华区,104.13829,30.641799,1
槐树店路25号院,residential,商务住宅;住宅区;住宅区,成华区,104.140663,30.646959,1
隆鑫·九熙2期,residential,商务住宅;住宅区;住宅小区,成华区,104.135651,30.646659,1
上东世家,residential,商务住宅;住宅区;住宅小区,成华区,104.150586,30.644287,1
科瑞1期,residential,商务住宅;住宅区;住宅区,成华区,104.150452,30.64307,2
尚东美林(一至三期),residential,商务住宅;住宅区;住宅区,成华区,104.150888,30.645269,1
东升小区,residential,商务住宅;住宅区;住宅小区,成华区,104.150189,30.646985,1
保和小区2期,residential,商务住宅;住宅区;住宅小区,成华区,104.147758,30.641367,1
尚东美林3期,residential,商务住宅;住宅区;住宅小区,成华区,104.152094,30.64687,1
园缘公寓,residential,商务住宅;住宅区;住宅小区,成华区,104.145882,30.641248,1
东虹小区,residential,商务住宅;住宅区;住宅小区,成华区,104.150685,30.648109,1
胜天人居,residential,商务住宅;住宅区;住宅小区,成华区,104.15315,30.64126,1
胜天新苑,residential,商务住宅;住宅区;住宅小区,成华区,104.155247,30.644782,3
东兴苑,residential,商务住宅;住宅区;住宅小区,成华区,104.15463,30.640624,2
世豪嘉柏,residential,商务住宅;住宅区;住宅小区,武侯区,103.982679,30.631944,1
武新花园,residential,商务住宅;住宅区;住宅小区,武侯区,103.973997,30.638934,1
金鑫中药大厦,residential,商务住宅;楼宇;工业大厦建筑物,武侯区,103.987925,30.635788,1
大地世纪,residential,商务住宅;住宅区;住宅小区,武侯区,103.989225,30.6362,1
武青嘉苑,residential,商务住宅;住宅区;住宅小区,武侯区,103.990042,30.637293,1
驿鑫乡卿城,residential,商务住宅;住宅区;住宅小区,武侯区,103.991447,30.636479,1
天际首府,residential,商务住宅;住宅区;住宅小区,武侯区,103.993223,30.634766,1
榕苑(武科东四路),residential,商务住宅;住宅区;住宅小区,武侯区,103.990161,30.638415,1
武科新园,residential,商务住宅;住宅区;住宅小区,武侯区,103.986151,30.630879,1
蓝光诺丁山(武隆街),residential,商务住宅;住宅区;住宅小区,武侯区,103.993399,30.632685,1
世豪金街,residential,商务住宅;住宅区;住宅区,武侯区,103.984284,30.632056,1
潮音小区,residential,商务住宅;住宅区;住宅小区,武侯区,103.985615,30.63842,1
团结社区(武兴街),residential,商务住宅;住宅区;住宅小区,武侯区,103.984604,30.630355,1
顺江嘉苑,residential,商务住宅;住宅区;住宅小区,武侯区,103.998882,30.634685,2
花样年华,residential,商务住宅;住宅区;住宅小区,武侯区,103.999762,30.635656,1
武侯民居,residential,商务住宅;住宅区;住宅小区,武侯区,103.999836,30.6329,1
兴元丽园(顺和街),residential,商务住宅;住宅区;住宅小区,武侯区,103.996219,30.635169,1
置信巴厘岛,residential,商务住宅;住宅区;住宅小区,武侯区,103.999089,30.632177,1
置信·丽都楠庭,residential,商务住宅;住宅区;住宅小区,武侯区,104.00098,30.633034,1
中华名园(顺和街),residential,商务住宅;住宅区;住宅小区,武侯区,104.00056,30.636565,1
中粮·悦云府,residential,商务住宅;住宅区;住宅区,武侯区,104.00159,30.633933,1
丽园小区,residential,商务住宅;住宅区;住宅小区,武侯区,103.995017,30.637322,6
簇锦街道顺和社区,residential,商务住宅;住宅区;住宅小区,武侯区,104.001435,30.637258,1
置信丽都花园城,residential,商务住宅;住宅区;住宅小区,武侯区,104.001756,30.632119,1
红帆·蓝调,residential,商务住宅;住宅区;住宅小区,武侯区,104.00345,30.634146,1
中粮·祥云,residential,商务住宅;住宅区;住宅小区,武侯区,104.003879,30.632992,2
3号线,residential,商务住宅;住宅区;住宅小区,武侯区,103.994286,30.630062,1
高碑瑞苑,residential,商务住宅;住宅区;住宅小区,武侯区,104.003111,30.629726,5
武侯庭园,residential,商务住宅;住宅区;住宅小区,武侯区,104.007554,30.635143,1
新界1期,residential,商务住宅;住宅区;住宅小区,武侯区,104.010952,30.633668,2
楠雅阁,residential,商务住宅;住宅区;住宅小区,武侯区,104.008698,30.636845,3
双楠映象,residential,商务住宅;住宅区;住宅小区,武侯区,104.006056,30.63455,1
金楠国际,residential,商务住宅;住宅区;住宅小区,武侯区,104.011152,30.636079,1
双楠忆景,residential,商务住宅;住宅区;住宅小区,武侯区,104.012102,30.634358,1
中铁瑞城新界,residential,商务住宅;住宅区;住宅小区,武侯区,104.012267,30.632807,1
交大花园武侯小区(西门),residential,商务住宅;住宅区;住宅小区,武侯区,104.007888,30.638389,1
锦座名都,residential,商务住宅;住宅区;住宅小区,武侯区,104.013778,30.634837,2
中粮·祥云3期,residential,商务住宅;住宅区;住宅小区,武侯区,104.006825,30.630417,2
金色花园(中环路武阳大道段),residential,商务住宅;住宅区;住宅小区,武侯区,104.012587,30.637578,1
新界3期,residential,商务住宅;住宅区;住宅小区,武侯区,104.011301,30.630541,1
顺江苑(武侯大道双楠段),residential,商务住宅;住宅区;住宅小区,武侯区,104.0046,30.637471,1
清风晓筑,residential,商务住宅;住宅区;住宅小区,武侯区,104.010207,30.639344,1
正成·双楠格调,residential,商务住宅;住宅区;住宅小区,武侯区,104.005755,30.6389,1
新界2期,residential,商务住宅;住宅区;住宅小区,武侯区,104.013086,30.631093,1
楠庭理想,residential,商务住宅;住宅区;住宅小区,武侯区,104.020004,30.637048,3
佳灵路20号院,residential,商务住宅;住宅区;住宅区,武侯区,104.021485,30.633096,1
太平盛世,residential,商务住宅;住宅区;住宅小区,武侯区,104.016446,30.63712,1
逸尚美庭,residential,商务住宅;住宅区;住宅小区,武侯区,104.018494,30.637883,1
中环晓院,residential,商务住宅;住宅区;住宅区,武侯区,104.014647,30.633459,1
佳灵路18号院,residential,商务住宅;住宅区;住宅区,武侯区,104.022959,30.634123,1
红馆,residential,商务住宅;住宅区;住宅小区,武侯区,104.02309,30.636631,4
卫欣苑,residential,商务住宅;住宅区;住宅小区,武侯区,104.014469,30.638153,4
戎盛苑,residential,商务住宅;住宅区;住宅小区,武侯区,104.017586,30.638937,1
新界5期,residential,商务住宅;住宅区;住宅小区,武侯区,104.013891,30.632104,1
香樟林,residential,商务住宅;住宅区;住宅小区,武侯区,104.02242,30.638843,1
优客联邦,residential,商务住宅;住宅区;住宅小区,武侯区,104.028149,30.634864,2
优客联邦3期,residential,商务住宅;住宅区;住宅小区,武侯区,104.028854,30.633773,1
优客联邦1期,residential,商务住宅;住宅区;住宅小区,武侯区,104.028963,30.636009,1
长城嘉苑,residential,商务住宅;住宅区;住宅小区,武侯区,104.028224,30.632789,1
长城福苑,residential,商务住宅;住宅区;住宅小区,武侯区,104.026974,30.633106,2
优地,residential,商务住宅;住宅区;住宅小区,武侯区,104.026117,30.633635,2
成都电力机械厂家属院,residential,商务住宅;住宅区;住宅小区,武侯区,104.029623,30.632342,1
丽都世家,residential,商务住宅;住宅区;住宅区,武侯区,104.031389,30.635368,2
长城社区,residential,商务住宅;住宅区;住宅小区,武侯区,104.027358,30.631776,2
福苑南区,residential,商务住宅;住宅区;住宅小区,武侯区,104.025306,30.631462,6
丽都花园A区,residential,商务住宅;住宅区;住宅小区,武侯区,104.032475,30.633099,1
永红佳园,residential,商务住宅;住宅区;住宅小区,武侯区,104.031245,30.637348,1
新鸿达电梯公寓,residential,商务住宅;住宅区;住宅小区,武侯区,104.027845,30.638105,1
添馨苑,residential,商务住宅;住宅区;住宅小区,武侯区,104.032418,30.636408,3
橙堡,residential,商务住宅;住宅区;住宅小区,武侯区,104.02469,30.636233,1
丽都花园B区,residential,商务住宅;住宅区;住宅小区,武侯区,104.031402,30.631485,1
置信丽都花园,residential,商务住宅;住宅区;住宅小区,武侯区,104.032256,30.632113,1
丽鑫苑,residential,商务住宅;住宅区;住宅小区,武侯区,104.033452,30.635156,3
红牌楼商城公寓B座,residential,商务住宅;住宅区;住宅小区,武侯区,104.030795,30.63848,2
长城寿苑,residential,商务住宅;住宅区;住宅小区,武侯区,104.026804,30.630402,2
丽苑(红牌楼北街),residential,商务住宅;住宅区;住宅小区,武侯区,104.032052,30.638309,2
丽都花园C区,residential,商务住宅;住宅区;住宅小区,武侯区,104.030638,30.629886,1
宏景园,residential,商务住宅;住宅区;住宅小区,武侯区,104.025016,30.638807,1
嘉祥苑,residential,商务住宅;住宅区;住宅小区,武侯区,104.034419,30.637219,7
优地A区,residential,商务住宅;住宅区;住宅小区,武侯区,104.024273,30.63206,1
高升桥东路小区,residential,商务住宅;住宅区;住宅小区,武侯区,104.038271,30.636564,2
银海佳苑,residential,商务住宅;住宅区;住宅小区,武侯区,104.035328,30.635435,1
川航佳园,residential,商务住宅;住宅区;住宅小区,武侯区,104.035083,30.633509,2
锦阳阁,residential,商务住宅;住宅区;住宅小区,武侯区,104.037808,30.638797,5
汇茗苑,residential,商务住宅;住宅区;住宅小区,武侯区,104.034646,30.636215,1
罗浮世家2期,residential,商务住宅;住宅区;住宅小区,武侯区,104.035733,30.638468,1
檀香山,residential,商务住宅;住宅区;住宅小区,武侯区,104.034685,30.630493,1
富都苑,residential,商务住宅;住宅区;住宅小区,武侯区,104.034509,30.638978,2
新能社区,residential,商务住宅;住宅区;住宅小区,武侯区,104.047212,30.633479,6
永丰路8号院,residential,商务住宅;住宅区;住宅小区,武侯区,104.047752,30.635117,2
玉林芳华,residential,商务住宅;住宅区;住宅区,武侯区,104.050024,30.63359,2
永丰路3号院,residential,商务住宅;住宅区;住宅小区,武侯区,104.050445,30.636053,4
晓苑,residential,商务住宅;住宅区;住宅区,武侯区,104.054967,30.630301,198
超洋花园,residential,商务住宅;住宅区;住宅小区,武侯区,104.048241,30.636421,1
超洋路2号院,residential,商务住宅;住宅区;住宅小区,武侯区,104.047446,30.637127,1
玉林西路143号院,residential,商务住宅;住宅区;住宅小区,武侯区,104.050768,30.63215,2
五七大院,residential,商务住宅;住宅区;住宅小区,武侯区,104.052319,30.636959,7
国际花园,residential,商务住宅;住宅区;住宅小区,武侯区,104.044831,30.632791,1
倍特金杏苑,residential,商务住宅;住宅区;住宅小区,武侯区,104.047226,30.630917,3
洗面桥街小区,residential,商务住宅;住宅区;住宅小区,武侯区,104.050098,30.638347,1
金杏苑A区,residential,商务住宅;住宅区;住宅小区,武侯区,104.04845,30.630275,1
橄榄园二期,residential,商务住宅;住宅区;住宅小区,武侯区,104.044548,30.631175,1
凉山彝族自治州小区,residential,商务住宅;住宅区;住宅小区,武侯区,104.046182,30.629837,1
雕院,residential,商务住宅;住宅区;住宅区,武侯区,104.050751,30.639158,1
小天公寓,residential,商务住宅;住宅区;住宅小区,武侯区,104.053016,30.638105,1
玉林北街4号院,residential,商务住宅;住宅区;住宅小区,武侯区,104.057073,30.634995,1
一环路南三段11号,residential,商务住宅;住宅区;住宅区,武侯区,104.061348,30.636096,2
盛景华庭,residential,商务住宅;住宅区;住宅小区,武侯区,104.055128,30.636529,3
玉福苑,residential,商务住宅;住宅区;住宅小区,武侯区,104.061236,30.630269,3
丽景天成,residential,商务住宅;住宅区;住宅小区,武侯区,104.054914,30.637673,1
华宇·蓉国府(玉林一巷),residential,商务住宅;住宅区;住宅小区,武侯区,104.062514,30.630877,1
晨光嘉苑,residential,商务住宅;住宅区;住宅小区,武侯区,104.06025,30.629389,2
国嘉·美领居,residential,商务住宅;住宅区;住宅小区,武侯区,104.063411,30.630155,3
西南技术物理研究所第一生活区,residential,商务住宅;住宅区;住宅小区,武侯区,104.067568,30.634801,1
一环路南二段20号,residential,商务住宅;住宅区;住宅区,武侯区,104.066429,30.634996,1
弘福苑,residential,商务住宅;住宅区;住宅小区,武侯区,104.067873,30.62992,38
一环路南二段8号,residential,商务住宅;住宅区;住宅区,武侯区,104.070912,30.635447,1
旅游村,residential,商务住宅;住宅区;住宅小区,武侯区,104.070016,30.636916,6
成都来福士广场,residential,商务住宅;住宅区;住宅区,武侯区,104.065385,30.634053,1
宜苑,residential,商务住宅;住宅区;住宅小区,武侯区,104.072208,30.632642,28
一环路南二段13号,residential,商务住宅;住宅区;住宅区,武侯区,104.06561,30.636191,1
一环路南二段5号院,residential,商务住宅;住宅区;住宅小区,武侯区,104.072124,30.636647,1
四维村6号院,residential,商务住宅;住宅区;住宅小区,武侯区,104.071483,30.638924,1
棕苑,residential,商务住宅;住宅区;住宅小区,武侯区,104.072644,30.629949,1
林荫中街2号院,residential,商务住宅;住宅区;住宅小区,武侯区,104.072569,30.639143,1
中兴村职工住宅区,residential,商务住宅;住宅区;住宅小区,武侯区,104.080076,30.633321,1
新南村(新南路),residential,商务住宅;住宅区;住宅小区,武侯区,104.078282,30.630362,22
四川大学望江校区后勤公寓,residential,商务住宅;住宅区;住宅小区,武侯区,104.082327,30.634772,1
福阁,residential,商务住宅;住宅区;住宅区,武侯区,104.082511,30.636973,7
一环路南一段51号院,residential,商务住宅;住宅区;住宅小区,武侯区,104.075906,30.637702,1
望江公寓,residential,商务住宅;住宅区;住宅小区,武侯区,104.074555,30.636802,1
共和村职工住宅区,residential,商务住宅;住宅区;住宅小区,武侯区,104.081804,30.63884,1
文里小区,residential,商务住宅;住宅区;住宅小区,武侯区,104.08625,30.636989,3
顺和苑(顺江路),residential,商务住宅;住宅区;住宅小区,锦江区,104.092263,30.634408,1
绿场村职工住宅区,residential,商务住宅;住宅区;住宅小区,武侯区,104.084992,30.631244,2
顺江苑(龙舟路),residential,商务住宅;住宅区;住宅小区,锦江区,104.092882,30.633313,1
青青河畔,residential,商务住宅;住宅区;住宅小区,锦江区,104.091974,30.637554,3
桃林村职工住宅区,residential,商务住宅;住宅区;住宅小区,武侯区,104.084081,30.631991,1
莲桂西路社区,residential,商务住宅;住宅区;住宅小区,锦江区,104.094284,30.634067,7
华西新村职工住宅区,residential,商务住宅;住宅区;住宅小区,武侯区,104.084245,30.63708,1
吉祥,residential,商务住宅;住宅区;住宅小区,锦江区,104.095741,30.632206,30
华西新村十四宿舍,residential,商务住宅;住宅区;住宅小区,武侯区,104.084495,30.638062,1
阿玛尼艺术公寓,residential,商务住宅;住宅区;住宅小区,锦江区,104.093413,30.637448,1
莲桂西路98号院(莲桂西路),residential,商务住宅;住宅区;住宅小区,锦江区,104.093115,30.638561,1
望江嘉苑,residential,商务住宅;住宅区;住宅小区,锦江区,104.092825,30.629559,1
四川大学望江校区农林村,residential,商务住宅;住宅区;住宅小区,武侯区,104.083918,30.629617,1
太平南新街小区,residential,商务住宅;住宅区;住宅小区,武侯区,104.083944,30.639373,1
莲新苑,residential,商务住宅;住宅区;住宅小区,锦江区,104.097122,30.634675,10
东桂苑小区,residential,商务住宅;住宅区;住宅小区,锦江区,104.099909,30.637922,8
逸情苑,residential,商务住宅;住宅区;住宅小区,锦江区,104.098787,30.630684,7
绿地锦天府,residential,商务住宅;住宅区;住宅小区,锦江区,104.101468,30.632471,1
顺江新苑,residential,商务住宅;住宅区;住宅小区,锦江区,104.095334,30.637306,8
凌云峰阁,residential,商务住宅;住宅区;住宅小区,锦江区,104.102825,30.634743,2
新莲馨,residential,商务住宅;住宅区;住宅小区,锦江区,104.097224,30.638476,3
牛沙馨苑,residential,商务住宅;住宅区;住宅小区,锦江区,104.100699,30.63009,6
钢管厂5区,residential,商务住宅;住宅区;住宅小区,锦江区,104.098774,30.638877,4
龙舟大院,residential,商务住宅;住宅区;住宅小区,锦江区,104.096911,30.630025,4
通用时代(通宝街),residential,商务住宅;住宅区;住宅小区,锦江区,104.108871,30.633255,2
天誉·南庭,residential,商务住宅;住宅区;住宅小区,锦江区,104.106901,30.635222,1
澳龙名城,residential,商务住宅;住宅区;住宅小区,锦江区,104.109035,30.632022,1
澳龙名城维格,residential,商务住宅;住宅区;住宅区,锦江区,104.106311,30.63168,1
成都ICC凯旋门,residential,商务住宅;住宅区;住宅区,锦江区,104.113017,30.634225,1
天曜,residential,商务住宅;住宅区;住宅小区,锦江区,104.113164,30.63666,4
新沙河阳光水岸,residential,商务住宅;住宅区;住宅小区,锦江区,104.107526,30.629905,1
伊泰·天骄,residential,商务住宅;住宅区;住宅小区,锦江区,104.103768,30.63667,1
镏金岁月,residential,商务住宅;住宅区;住宅小区,锦江区,104.104052,30.631604,1
天誉,residential,商务住宅;住宅区;住宅小区,锦江区,104.110127,30.639253,1
塔子山壹号,residential,商务住宅;住宅区;住宅小区,锦江区,104.119335,30.629451,1
秀水园,residential,商务住宅;住宅区;住宅小区,成华区,104.121651,30.631572,1
仁恒滨河湾,residential,商务住宅;住宅区;住宅小区,锦江区,104.11418,30.637824,1
仁恒·滨河湾3期,residential,商务住宅;住宅区;住宅小区,锦江区,104.116484,30.638319,1
锦东庭园,residential,商务住宅;住宅区;住宅小区,锦江区,104.12062,30.635039,2
cosmo天廊,residential,商务住宅;住宅区;住宅小区,锦江区,104.117408,30.630469,1
恒大望江华府(在建中),residential,商务住宅;住宅区;住宅小区,锦江区,104.117138,30.632101,1
蓝润东悦荟,residential,商务住宅;住宅区;住宅小区,成华区,104.133362,30.629448,1
杨柳社区,residential,商务住宅;住宅区;住宅小区,成华区,104.140231,30.638393,2
迎晖路小区,residential,商务住宅;住宅区;住宅小区,成华区,104.13686,30.637838,1
首创国际城2期,residential,商务住宅;住宅区;住宅小区,成华区,104.149458,30.633369,1
新里·柏仕公馆,residential,商务住宅;住宅区;住宅小区,成华区,104.146473,30.635598,1
东方新城2期,residential,商务住宅;住宅区;住宅小区,成华区,104.145653,30.63326,3
首创百朗峰,residential,商务住宅;住宅区;住宅小区,成华区,104.151679,30.634853,1
首创国际城,residential,商务住宅;住宅区;住宅小区,成华区,104.149273,30.6317,1
富丽东方,residential,商务住宅;住宅区;住宅小区,成华区,104.15249,30.633205,1
万科魅力之城1期,residential,商务住宅;住宅区;住宅小区,成华区,104.147941,30.630789,1
漫岭云天,residential,商务住宅;住宅区;住宅小区,成华区,104.144125,30.632741,1
摩玛新城,residential,商务住宅;住宅区;住宅小区,成华区,104.15185,30.631183,1
和美社区,residential,商务住宅;住宅区;住宅小区,成华区,104.152982,30.631771,1
成都两城一家家庭公寓,residential,商务住宅;住宅区;住宅小区,成华区,104.14395,30.631411,1
万科·魅力之城南区,residential,商务住宅;住宅区;住宅区,成华区,104.147433,30.629524,1
恋日家园B区,residential,商务住宅;住宅区;住宅小区,成华区,104.158749,30.6316,1
蓝光锦绣城1期,residential,商务住宅;住宅区;住宅小区,成华区,104.154499,30.63128,1
锦绣城,residential,商务住宅;住宅区;住宅小区,成华区,104.154467,30.629436,6
蓝光锦绣城2期,residential,商务住宅;住宅区;住宅小区,成华区,104.156107,30.631026,1
恋日家园A区,residential,商务住宅;住宅区;住宅小区,成华区,104.156958,30.632245,1
海上海北苑,residential,商务住宅;住宅区;住宅小区,成华区,104.158094,30.630249,1
优博,residential,商务住宅;住宅区;住宅小区,武侯区,103.971768,30.621255,1
双凤苑,residential,商务住宅;住宅区;住宅小区,武侯区,103.970439,30.628576,1
布鲁汀小区,residential,商务住宅;住宅区;住宅小区,武侯区,103.982846,30.629148,1
沃的奥,residential,商务住宅;住宅区;住宅小区,武侯区,103.981818,30.628132,1
楠汇坊,residential,商务住宅;住宅区;住宅小区,武侯区,103.982349,30.622957,1
优博国际,residential,商务住宅;住宅区;住宅小区,武侯区,103.982243,30.624908,1
同顺公寓(铁佛工业区一路),residential,商务住宅;住宅区;住宅小区,武侯区,103.978146,30.62152,1
天际锦上府1期,residential,商务住宅;住宅区;住宅小区,武侯区,103.988201,30.625616,1
保利花园,residential,商务住宅;住宅区;住宅小区,武侯区,103.99106,30.624068,1
中铁·骑士公馆,residential,商务住宅;住宅区;住宅小区,武侯区,103.986614,30.622461,1
华兴(沃尔建材市场),residential,商务住宅;住宅区;住宅小区,武侯区,103.991592,30.626836,1
首信·首御,residential,商务住宅;住宅区;住宅小区,武侯区,103.984402,30.624249,1
中筑·西府兰庭,residential,商务住宅;住宅区;住宅小区,武侯区,103.983901,30.621686,1
华宇·楠苑,residential,商务住宅;住宅区;住宅小区,武侯区,103.992957,30.628711,1
成都置信逸都城市会所,residential,商务住宅;住宅区;住宅小区,武侯区,103.983851,30.628165,1
置信丽都花园城C区,residential,商务住宅;住宅区;住宅小区,武侯区,103.997898,30.627915,1
华宇·静苑,residential,商务住宅;住宅区;住宅小区,武侯区,103.995382,30.62895,2
金隅大成·珑熙郡,residential,商务住宅;住宅区;住宅小区,武侯区,103.995074,30.622914,1
顺江锦苑,residential,商务住宅;住宅区;住宅小区,武侯区,104.000399,30.629527,1
置信丽都·花园城D区,residential,商务住宅;住宅区;住宅小区,武侯区,103.99644,30.627301,1
高碑瑞苑C区,residential,商务住宅;住宅区;住宅小区,武侯区,104.001661,30.628718,1
五七〇一厂社区北区,residential,商务住宅;住宅区;住宅小区,武侯区,104.000728,30.621538,3
双楠尚品广场·满园春,residential,商务住宅;住宅区;住宅小区,武侯区,103.994276,30.626608,1
华宇静苑2期,residential,商务住宅;住宅区;住宅区,武侯区,103.995496,30.626881,1
顺江锦苑(顺江七组)拆迁安置房,residential,商务住宅;住宅区;住宅区,武侯区,103.999084,30.629495,1
五七〇一厂社区,residential,商务住宅;住宅区;住宅小区,武侯区,104.011124,30.625701,1
锦翠南苑,residential,商务住宅;住宅区;住宅区,武侯区,104.005296,30.625896,1
三期小区,residential,商务住宅;住宅区;住宅小区,武侯区,104.005118,30.621902,2
锦翠花园(南苑),residential,商务住宅;住宅区;住宅小区,武侯区,104.004466,30.626882,1
八益家具城三期宿舍,residential,商务住宅;住宅区;住宅小区,武侯区,104.007844,30.619774,1
美好家园,residential,商务住宅;住宅区;住宅小区,武侯区,104.009744,30.619772,1
新界4期,residential,商务住宅;住宅区;住宅小区,武侯区,104.013425,30.628588,1
天邑华庭,residential,商务住宅;住宅区;住宅小区,武侯区,104.018506,30.625568,1
下一站都市,residential,商务住宅;住宅区;住宅小区,武侯区,104.02068,30.626852,1
南桥村九组33号,residential,商务住宅;住宅区;住宅区,武侯区,104.016444,30.622081,2
交大·归谷国际住区,residential,商务住宅;住宅区;住宅小区,武侯区,104.0222,30.625215,1
核桃小区,residential,商务住宅;住宅区;住宅小区,武侯区,104.023524,30.626759,2
富临美丽天城,residential,商务住宅;住宅区;住宅小区,武侯区,104.021648,30.628419,1
置信丽都花园丽府,residential,商务住宅;住宅区;住宅小区,武侯区,104.029209,30.62346,1
花样年华,residential,商务住宅;住宅区;住宅小区,武侯区,104.030139,30.624862,2
丽都帝景,residential,商务住宅;住宅区;住宅小区,武侯区,104.027358,30.624986,1
维港,residential,商务住宅;住宅区;住宅小区,武侯区,104.028354,30.625838,1
杰座,residential,商务住宅;住宅区;住宅小区,武侯区,104.029465,30.626827,1
丽都首府,residential,商务住宅;住宅区;住宅小区,武侯区,104.026797,30.626594,1
中环丰锦,residential,商务住宅;住宅区;住宅小区,武侯区,104.025742,30.623031,1
长益商业寓所,residential,商务住宅;住宅区;住宅小区,武侯区,104.027916,30.62737,1
远雄风华苑,residential,商务住宅;住宅区;住宅小区,武侯区,104.0289,30.621506,1
幸福时光,residential,商务住宅;住宅区;住宅小区,武侯区,104.029598,30.628358,2
丽都花园D区,residential,商务住宅;住宅区;住宅小区,武侯区,104.031473,30.627397,1
交大格外,residential,商务住宅;住宅区;住宅小区,武侯区,104.024619,30.626194,1
丽都世家,residential,商务住宅;住宅区;住宅区,武侯区,104.025385,30.627111,1
长城祥苑,residential,商务住宅;住宅区;住宅小区,武侯区,104.026027,30.628051,2
丽都花园CB区,residential,商务住宅;住宅区;住宅小区,武侯区,104.028388,30.628976,1
新联·楠贵坊,residential,商务住宅;住宅区;住宅小区,武侯区,104.026245,30.629438,1
中粮·香榭丽都,residential,商务住宅;住宅区;住宅小区,武侯区,104.032269,30.628863,1
红城,residential,商务住宅;住宅区;住宅小区,武侯区,104.024662,30.629036,1
金叶苑,residential,商务住宅;住宅区;住宅小区,武侯区,104.041776,30.623066,4
神仙树大院1期,residential,商务住宅;住宅区;住宅小区,武侯区,104.04065,30.621329,1
紫荆岁月,residential,商务住宅;住宅区;住宅小区,武侯区,104.04286,30.625029,1
地奥公寓,residential,商务住宅;住宅区;住宅小区,武侯区,104.043543,30.62435,3
紫馨苑,residential,商务住宅;住宅区;住宅小区,武侯区,104.043462,30.621424,5
南门一号,residential,商务住宅;住宅区;住宅小区,武侯区,104.048116,30.625072,2
经典嘉苑,residential,商务住宅;住宅区;住宅小区,武侯区,104.048187,30.623485,1
元通一巷小区,residential,商务住宅;住宅区;住宅小区,武侯区,104.046439,30.624668,2
紫荆社区,residential,商务住宅;住宅区;住宅小区,武侯区,104.04934,30.622382,2
城市印象,residential,商务住宅;住宅区;住宅小区,武侯区,104.05069,30.622436,2
威廉古堡别墅聚会,residential,商务住宅;住宅区;住宅区,武侯区,104.046756,30.622238,1
瑞升南园,residential,商务住宅;住宅区;住宅小区,武侯区,104.045672,30.626114,1
牡丹御园,residential,商务住宅;住宅区;住宅小区,武侯区,104.046695,30.627062,1
金竹苑,residential,商务住宅;住宅区;住宅小区,武侯区,104.045173,30.622799,4
三九雅园,residential,商务住宅;住宅区;住宅小区,武侯区,104.049228,30.628052,3
普天小区,residential,商务住宅;住宅区;住宅小区,武侯区,104.047125,30.62025,6
瑞升花园(瑞升北街),residential,商务住宅;住宅区;住宅小区,武侯区,104.047809,30.628051,1
紫瑞苑,residential,商务住宅;住宅区;住宅小区,武侯区,104.049388,30.620185,6
美舍,residential,商务住宅;住宅区;住宅小区,武侯区,104.052001,30.627848,5
新丰园,residential,商务住宅;住宅区;住宅小区,武侯区,104.044213,30.625829,5
名人苑,residential,商务住宅;住宅区;住宅小区,武侯区,104.046758,30.628588,2
芳草街47号院,residential,商务住宅;住宅区;住宅小区,武侯区,104.049998,30.629357,1
玉苑,residential,商务住宅;住宅区;住宅小区,武侯区,104.059504,30.625544,8
玉林人家,residential,商务住宅;住宅区;住宅小区,武侯区,104.05767,30.62312,2
嘉信花园,residential,商务住宅;住宅区;住宅小区,武侯区,104.055243,30.623574,5
中华园华苑,residential,商务住宅;住宅区;住宅小区,武侯区,104.060471,30.620999,6
和苑(玉林横街),residential,商务住宅;住宅区;住宅小区,武侯区,104.059013,30.628126,2
化八院,residential,商务住宅;住宅区;住宅区,武侯区,104.06263,30.625315,3
人民南路四段36号院,residential,商务住宅;住宅区;住宅区,武侯区,104.063314,30.623527,1
观南上域瑞苑,residential,商务住宅;住宅区;住宅小区,武侯区,104.056376,30.619885,1
梅花苑(倪家桥路),residential,商务住宅;住宅区;住宅小区,武侯区,104.062932,30.62757,1
馨兰苑,residential,商务住宅;住宅区;住宅小区,武侯区,104.070084,30.624832,8
首航欣程,residential,商务住宅;住宅区;住宅小区,武侯区,104.06737,30.624064,1
棕南公寓,residential,商务住宅;住宅区;住宅小区,武侯区,104.067347,30.62548,1
翠鸣苑,residential,商务住宅;住宅区;住宅区,武侯区,104.065677,30.624957,16
雅兰苑,residential,商务住宅;住宅区;住宅小区,武侯区,104.070727,30.626499,3
阳光花园(棕南正街),residential,商务住宅;住宅区;住宅小区,武侯区,104.071493,30.623191,1
锦官新城西区,residential,商务住宅;住宅区;住宅小区,武侯区,104.067834,30.621185,1
翠兰苑,residential,商务住宅;住宅区;住宅小区,武侯区,104.072935,30.624548,13
科华街小区,residential,商务住宅;住宅区;住宅小区,武侯区,104.072583,30.626484,2
秀苑(锦绣街),residential,商务住宅;住宅区;住宅小区,武侯区,104.070085,30.628251,1
锦官新城东区,residential,商务住宅;住宅区;住宅小区,武侯区,104.07124,30.620714,1
龙珠园,residential,商务住宅;住宅区;住宅区,武侯区,104.069819,30.620003,1
棕北国际,residential,商务住宅;住宅区;住宅小区,武侯区,104.07189,30.627944,2
中新楼,residential,商务住宅;住宅区;住宅小区,武侯区,104.079845,30.624111,18
川大花园南园,residential,商务住宅;住宅区;住宅小区,武侯区,104.076346,30.625222,1
川大花园,residential,商务住宅;住宅区;住宅小区,武侯区,104.076538,30.626426,2
棕榈花园,residential,商务住宅;住宅区;住宅小区,武侯区,104.075702,30.623378,1
望江澜庭,residential,商务住宅;住宅区;住宅小区,武侯区,104.081465,30.625881,1
棕南苑,residential,商务住宅;住宅区;住宅小区,武侯区,104.07489,30.624195,1
棕东小区,residential,商务住宅;住宅区;住宅小区,武侯区,104.080496,30.627749,13
南园职工住宅区,residential,商务住宅;住宅区;住宅小区,武侯区,104.077353,30.628165,2
绿地中央广场,residential,商务住宅;住宅区;住宅小区,武侯区,104.077409,30.62057,2
时代经典,residential,商务住宅;住宅区;住宅区,锦江区,104.083117,30.623871,2
花样年华梦想家,residential,商务住宅;住宅区;住宅小区,武侯区,104.073959,30.623398,2
锦江·东湖花园,residential,商务住宅;住宅区;住宅小区,锦江区,104.083532,30.62521,2
白云小区,residential,商务住宅;住宅区;住宅小区,武侯区,104.081611,30.620988,1
绿地景都,residential,商务住宅;住宅区;住宅小区,武侯区,104.074826,30.621371,1
纯真年代,residential,商务住宅;住宅区;住宅小区,武侯区,104.082296,30.627702,1
竹林村职工住宅区,residential,商务住宅;住宅区;住宅小区,武侯区,104.081718,30.62889,1
摩玛城,residential,商务住宅;住宅区;住宅小区,锦江区,104.08852,30.623666,1
瑞升·望江橡树林南院,residential,商务住宅;住宅区;住宅小区,锦江区,104.089294,30.624909,1
华润翡翠城,residential,商务住宅;住宅区;住宅区,锦江区,104.088835,30.62273,1
国信滨河雅居,residential,商务住宅;住宅区;住宅小区,锦江区,104.085924,30.625,1
望江橡树林2期,residential,商务住宅;住宅区;住宅区,锦江区,104.089992,30.626652,2
瑞升望江橡树林3期,residential,商务住宅;住宅区;住宅小区,锦江区,104.091632,30.624002,2
河滨印象(河滨路),residential,商务住宅;住宅区;住宅小区,锦江区,104.086044,30.627277,1
锦洲花园,residential,商务住宅;住宅区;住宅小区,锦江区,104.092396,30.626242,1
中港ccpark一期(建设中),residential,商务住宅;住宅区;住宅小区,锦江区,104.091157,30.6205,1
中港CC Park二期(建设中),residential,商务住宅;住宅区;住宅小区,锦江区,104.093467,30.620574,1
顺兴苑,residential,商务住宅;住宅区;住宅小区,锦江区,104.099595,30.62529,8
静居嘉苑,residential,商务住宅;住宅区;住宅小区,锦江区,104.098816,30.623672,1
永兴社区6号苑,residential,商务住宅;住宅区;住宅小区,锦江区,104.098017,30.626002,1
新港湾,residential,商务住宅;住宅区;住宅小区,锦江区,104.096301,30.625731,4
汇丽汀香,residential,商务住宅;住宅区;住宅小区,锦江区,104.096299,30.623627,1
青房·云上西区,residential,商务住宅;住宅区;住宅小区,锦江区,104.098878,30.62193,2
东兴苑,residential,商务住宅;住宅区;住宅小区,锦江区,104.096764,30.622486,1
青房·云上,residential,商务住宅;住宅区;住宅小区,锦江区,104.100471,30.622563,1
东城叠苑,residential,商务住宅;住宅区;住宅小区,锦江区,104.095416,30.627944,15
东怡社区,residential,商务住宅;住宅区;住宅小区,锦江区,104.096985,30.620378,10
明珠园3期,residential,商务住宅;住宅区;住宅小区,锦江区,104.102892,30.622332,6
东润风景,residential,商务住宅;住宅区;住宅小区,锦江区,104.103046,30.624029,2
东怡社区东区,residential,商务住宅;住宅区;住宅小区,锦江区,104.10051,30.620893,1
观音桥西路16号院,residential,商务住宅;住宅区;住宅小区,锦江区,104.101549,30.6214,2
上海东韵,residential,商务住宅;住宅区;住宅小区,锦江区,104.100221,30.628199,2
净居寺路18号院,residential,商务住宅;住宅区;住宅区,锦江区,104.103347,30.625159,2
沙河苑公寓,residential,商务住宅;住宅区;住宅小区,锦江区,104.098616,30.619264,6
成龙花园,residential,商务住宅;住宅区;住宅小区,锦江区,104.098834,30.629038,1
二环路东四段93号院,residential,商务住宅;住宅区;住宅小区,锦江区,104.097771,30.629209,1
锦东苑,residential,商务住宅;住宅区;住宅小区,锦江区,104.100974,30.619111,8
沙河绿洲,residential,商务住宅;住宅区;住宅小区,锦江区,104.108273,30.623769,1
望江锦园,residential,商务住宅;住宅区;住宅小区,锦江区,104.109887,30.624614,1
帕丽湾,residential,商务住宅;住宅区;住宅小区,锦江区,104.108088,30.622569,2
净居寺社区,residential,商务住宅;住宅区;住宅小区,锦江区,104.105239,30.624548,2
东润理想居,residential,商务住宅;住宅区;住宅区,锦江区,104.104939,30.623155,1
交大绿岭,residential,商务住宅;住宅区;住宅小区,锦江区,104.104294,30.620431,12
江东民居2区,residential,商务住宅;住宅区;住宅小区,锦江区,104.106633,30.628566,2
沙河壹号2期,residential,商务住宅;住宅区;住宅小区,锦江区,104.112026,30.621208,2
望江水岸,residential,商务住宅;住宅区;住宅小区,锦江区,104.110765,30.628414,1
花果新居1期,residential,商务住宅;住宅区;住宅小区,锦江区,104.113343,30.626687,1
望冮锦苑,residential,商务住宅;住宅区;住宅小区,锦江区,104.113026,30.628389,1
万科城市花园7期,residential,商务住宅;住宅区;住宅小区,锦江区,104.112117,30.619613,1
锦官阁(建设中),residential,商务住宅;住宅区;住宅小区,锦江区,104.115791,30.622807,1
万科·金润华府,residential,商务住宅;住宅区;住宅小区,锦江区,104.115184,30.624838,1
静康社区,residential,商务住宅;住宅区;住宅小区,锦江区,104.115617,30.6259,1
明珠园,residential,商务住宅;住宅区;住宅区,锦江区,104.118546,30.620722,2
中沙河铺36号,residential,商务住宅;住宅区;住宅小区,锦江区,104.116419,30.628268,1
桂香居,residential,商务住宅;住宅区;住宅小区,锦江区,104.113606,30.622634,1
花果社区,residential,商务住宅;住宅区;住宅小区,锦江区,104.116485,30.619754,2
华宇嘉苑,residential,商务住宅;住宅区;住宅小区,锦江区,104.123475,30.62679,1
沙河壹号1期,residential,商务住宅;住宅区;住宅小区,锦江区,104.11378,30.621212,2
五福苑(马家沟路),residential,商务住宅;住宅区;住宅小区,锦江区,104.115346,30.628948,1
彩域,residential,商务住宅;住宅区;住宅小区,锦江区,104.114284,30.619445,1
荣盛香榭兰庭,residential,商务住宅;住宅区;住宅小区,成华区,104.13245,30.626863,1
东汇家园(安宁河路),residential,商务住宅;住宅区;住宅小区,成华区,104.133079,30.623492,1
兴城·嘉苑3期,residential,商务住宅;住宅区;住宅小区,成华区,104.132194,30.625766,1
稻香苑,residential,商务住宅;住宅区;住宅小区,锦江区,104.134418,30.61918,10
菱窠社区,residential,商务住宅;住宅区;住宅小区,锦江区,104.12361,30.619515,1
比华利国际城3期,residential,商务住宅;住宅区;住宅小区,锦江区,104.125176,30.620467,1
比华利国际城3期(西门),residential,商务住宅;住宅区;住宅小区|通行设施;临街院门;临街院门,锦江区,104.123982,30.620788,1
龙之梦·鹏瑞利新城,residential,商务住宅;住宅区;住宅小区,成华区,104.141531,30.624926,1
兴城·嘉苑,residential,商务住宅;住宅区;住宅小区,成华区,104.137178,30.623261,5
天鹅社区,residential,商务住宅;住宅区;住宅小区,成华区,104.147041,30.626868,1
万科·魅力之城3期,residential,商务住宅;住宅区;住宅小区,成华区,104.149448,30.627482,1
魅力阳光,residential,商务住宅;住宅区;住宅小区,成华区,104.145835,30.626956,1
万科·魅力之城4期,residential,商务住宅;住宅区;住宅小区,成华区,104.152584,30.626142,1
万科·魅力之城2期,residential,商务住宅;住宅区;住宅小区,成华区,104.146942,30.628417,1
万科·魅力之城5期,residential,商务住宅;住宅区;住宅小区,成华区,104.150801,30.629275,1
隆鑫·印象东方,residential,商务住宅;住宅区;住宅小区,成华区,104.158305,30.627636,1
海上海,residential,商务住宅;住宅区;住宅小区,成华区,104.157385,30.62887,2
荣盛·紫提东郡(和韵路),residential,商务住宅;住宅区;住宅小区,成华区,104.155988,30.627554,1
万科魅力之城,residential,商务住宅;住宅区;住宅小区,成华区,104.153876,30.627133,1
金城丽舍,residential,商务住宅;住宅区;住宅小区,武侯区,103.968168,30.613712,2
花半里,residential,商务住宅;住宅区;住宅小区,武侯区,103.967869,30.615127,1
楠郡,residential,商务住宅;住宅区;住宅小区,武侯区,103.966855,30.614656,1
中铁·金花国际城,residential,商务住宅;住宅区;住宅小区,武侯区,103.966431,30.616082,1
金花新天地,residential,商务住宅;住宅区;住宅小区,武侯区,103.965513,30.614599,1
永乐汇,residential,商务住宅;住宅区;住宅区,武侯区,103.964989,30.615463,1
和鸿·天府金花,residential,商务住宅;住宅区;住宅小区,武侯区,103.967211,30.61136,1
江安河新居,residential,商务住宅;住宅区;住宅小区,武侯区,103.964487,30.613016,3
假日时光,residential,商务住宅;住宅区;住宅区,武侯区,103.967869,30.609648,3
西派城(建设中),residential,商务住宅;住宅区;住宅小区,武侯区,103.982224,30.619051,1
7里晓月,residential,商务住宅;住宅区;住宅小区,武侯区,103.981243,30.612244,1
绿地·圣路易名邸1期,residential,商务住宅;住宅区;住宅小区,武侯区,103.98173,30.610712,1
人和春天,residential,商务住宅;住宅区;住宅区,武侯区,103.974107,30.615564,1
玲珑珺小区,residential,商务住宅;住宅区;住宅小区,武侯区,103.982548,30.61277,2
绿地·圣路易名邸2期,residential,商务住宅;住宅区;住宅区,武侯区,103.981825,30.609755,1
永康苑,residential,商务住宅;住宅区;住宅小区,武侯区,103.988138,30.615113,2
铁佛名苑D区,residential,商务住宅;住宅区;住宅区,武侯区,103.988688,30.613639,1
永安苑,residential,商务住宅;住宅区;住宅区,武侯区,103.986936,30.614518,2
铁佛兴苑,residential,商务住宅;住宅区;住宅小区,武侯区,103.98916,30.612807,2
名苑小区C区,residential,商务住宅;住宅区;住宅小区,武侯区,103.990826,30.614277,1
铁佛名苑,residential,商务住宅;住宅区;住宅小区,武侯区,103.990666,30.613229,1
永吉苑,residential,商务住宅;住宅区;住宅小区,武侯区,103.985943,30.616832,3
簇桥小区,residential,商务住宅;住宅区;住宅小区,武侯区,103.989258,30.611126,2
滨河苑(百锦路),residential,商务住宅;住宅区;住宅小区,武侯区,103.992613,30.613954,1
玲珑郡,residential,商务住宅;住宅区;住宅小区,武侯区,103.984416,30.613341,1
中海锦城1期,residential,商务住宅;住宅区;住宅小区,武侯区,103.985399,30.611298,2
龙井桂苑,residential,商务住宅;住宅区;住宅小区,武侯区,103.991878,30.611083,1
玲玲群小区,residential,商务住宅;住宅区;住宅小区,武侯区,103.984295,30.612333,1
千盛公寓,residential,商务住宅;住宅区;住宅小区,武侯区,103.988701,30.610091,1
龙锦欣苑,residential,商务住宅;住宅区;住宅小区,武侯区,103.990471,30.609696,1
龙井北路小区,residential,商务住宅;住宅区;住宅小区,武侯区,103.991608,30.609854,1
永乐苑,residential,商务住宅;住宅区;住宅小区,武侯区,103.984036,30.61892,1
龙锦庭园,residential,商务住宅;住宅区;住宅小区,武侯区,103.992631,30.609052,6
名苑4期,residential,商务住宅;住宅区;住宅小区,武侯区,103.998875,30.613529,1
簇锦欣苑,residential,商务住宅;住宅区;住宅小区,武侯区,103.998014,30.611081,1
蓝天苑,residential,商务住宅;住宅区;住宅小区,武侯区,103.994194,30.615135,1
西部家园,residential,商务住宅;住宅区;住宅小区,武侯区,104.000329,30.61072,1
簇锦古镇,residential,商务住宅;住宅区;住宅小区,武侯区,103.995972,30.610479,2
明珠小区,residential,商务住宅;住宅区;住宅小区,武侯区,104.006834,30.612939,1
幸福家园,residential,商务住宅;住宅区;住宅小区,武侯区,104.010995,30.616779,1
江南名居,residential,商务住宅;住宅区;住宅小区,武侯区,104.008843,30.617589,1
八益家属区,residential,商务住宅;住宅区;住宅小区,武侯区,104.007034,30.617959,1
南桥新居,residential,商务住宅;住宅区;住宅小区,武侯区,104.021798,30.618808,1
南桥新居A区,residential,商务住宅;住宅区;住宅小区,武侯区,104.020827,30.616636,1
颐景园,residential,商务住宅;住宅区;住宅小区,武侯区,104.031925,30.610426,1
融城后街,residential,商务住宅;住宅区;住宅小区,武侯区,104.037556,30.615776,1
新里维多利亚公寓,residential,商务住宅;住宅区;住宅小区,武侯区,104.039044,30.616042,1
新盛社区,residential,商务住宅;住宅区;住宅小区,武侯区,104.036143,30.613922,1
新北小区4期,residential,商务住宅;住宅区;住宅小区,武侯区,104.039441,30.611588,3
恩威玲珑南域,residential,商务住宅;住宅区;住宅小区,武侯区,104.0362,30.611882,1
神二库家属院,residential,商务住宅;住宅区;住宅小区,武侯区,104.034553,30.614054,1
创业路38号院,residential,商务住宅;住宅区;住宅区,武侯区,104.036929,30.617871,1
中海名城,residential,商务住宅;住宅区;住宅小区,武侯区,104.043518,30.615671,1
神仙树·缤纷,residential,商务住宅;住宅区;住宅小区,武侯区,104.036145,30.61026,1
神仙树·馨苑,residential,商务住宅;住宅区;住宅小区,武侯区,104.034742,30.611082,1
神仙树大院,residential,商务住宅;住宅区;住宅小区,武侯区,104.040844,30.618992,1
新北佳苑,residential,商务住宅;住宅区;住宅小区,武侯区,104.034134,30.610165,2
康桥雅舍,residential,商务住宅;住宅区;住宅小区,武侯区,104.04756,30.614104,2
四季家园(紫荆南路),residential,商务住宅;住宅区;住宅小区,武侯区,104.049586,30.61451,1
上海花园(紫荆南路),residential,商务住宅;住宅区;住宅小区,武侯区,104.047184,30.615592,1
神仙树南路51号院,residential,商务住宅;住宅区;住宅小区,武侯区,104.046305,30.613902,1
清华坊,residential,商务住宅;住宅区;住宅小区,武侯区,104.048245,30.612408,1
紫荆核动力院宿舍,residential,商务住宅;住宅区;住宅小区,武侯区,104.049486,30.616631,1
南鑫园,residential,商务住宅;住宅区;住宅小区,武侯区,104.051463,30.614621,1
圣安卓花园,residential,商务住宅;住宅区;住宅小区,武侯区,104.050984,30.615883,1
自由星城,residential,商务住宅;住宅区;住宅小区,武侯区,104.050918,30.612783,1
紫荆名园,residential,商务住宅;住宅区;住宅小区,武侯区,104.047587,30.617546,1
紫华苑(紫竹南二街),residential,商务住宅;住宅区;住宅小区|餐饮服务;茶艺馆;茶艺馆,武侯区,104.052714,30.614635,1
神仙园,residential,商务住宅;住宅区;住宅小区,武侯区,104.046215,30.617632,2
紫竹苑,residential,商务住宅;住宅区;住宅小区,武侯区,104.050043,30.618218,1
中海名城3期,residential,商务住宅;住宅区;住宅小区,武侯区,104.044727,30.616677,1
翔宇苑,residential,商务住宅;住宅区;住宅小区,武侯区,104.052542,30.612205,1
彩世界,residential,商务住宅;住宅区;住宅小区,武侯区,104.05232,30.617119,1
桐梓林,residential,商务住宅;住宅区;住宅小区,武侯区,104.053058,30.616056,1
紫薇庭园,residential,商务住宅;住宅区;住宅小区,武侯区,104.047979,30.618715,1
南方半岛花园,residential,商务住宅;住宅区;住宅小区,武侯区,104.047729,30.609836,1
紫竹北街六十五号院,residential,商务住宅;住宅区;住宅小区,武侯区,104.051653,30.619221,1
圣安卓国际公寓,residential,商务住宅;住宅区;住宅小区,武侯区,104.057386,30.614649,2
世纪锦苑(桐梓林东路),residential,商务住宅;住宅区;住宅小区,武侯区,104.059039,30.615242,1
桐梓林欧城,residential,商务住宅;住宅区;住宅小区,武侯区,104.059267,30.613509,2
四季锦苑,residential,商务住宅;住宅区;住宅区,武侯区,104.060081,30.615525,1
新加坡花园,residential,商务住宅;住宅区;住宅小区,武侯区,104.056358,30.613386,1
风华苑(新光路),residential,商务住宅;住宅区;住宅小区,武侯区,104.056304,30.615448,1
芳草地(桐梓林中路),residential,商务住宅;住宅区;住宅小区,武侯区,104.061716,30.615304,1
梓桐苑,residential,商务住宅;住宅区;住宅小区,武侯区,104.056471,30.617056,4
南站社区12号院,residential,商务住宅;住宅区;住宅小区,武侯区,104.059163,30.611731,1
华新国际,residential,商务住宅;住宅区;住宅区,武侯区,104.059256,30.617816,2
中华园4期,residential,商务住宅;住宅区;住宅区,武侯区,104.061125,30.616551,1
新绿季节,residential,商务住宅;住宅区;住宅小区,武侯区,104.054548,30.615399,1
翔宇花园(紫竹南二街),residential,商务住宅;住宅区;住宅小区,武侯区,104.053664,30.613857,1
新光花园,residential,商务住宅;住宅区;住宅小区,武侯区,104.054246,30.611834,2
华尔道,residential,商务住宅;住宅区;住宅小区,武侯区,104.060225,30.610154,4
锦绣花园东区,residential,商务住宅;住宅区;住宅小区,武侯区,104.062324,30.617499,1
紫薇社区,residential,商务住宅;住宅区;住宅小区,武侯区,104.053879,30.616924,1
上锦雅筑,residential,商务住宅;住宅区;住宅小区,武侯区,104.056675,30.609943,1
冠军小区,residential,商务住宅;住宅区;住宅小区,武侯区,104.060556,30.618931,2
中华园中苑,residential,商务住宅;住宅区;住宅小区,武侯区,104.057038,30.619117,1
中德·苹果跃层,residential,商务住宅;住宅区;住宅区,武侯区,104.054583,30.618043,1
中华园绣苑(桐梓林东路),residential,商务住宅;住宅区;住宅小区,武侯区,104.059153,30.619407,1
凯莱帝景(桐梓林北路),residential,商务住宅;住宅区;住宅小区,武侯区,104.063426,30.619028,1
名士公馆,residential,商务住宅;住宅区;住宅小区,武侯区,104.068282,30.614947,1
景逸阁,residential,商务住宅;住宅区;住宅区,武侯区,104.069295,30.614714,1
嘉逸阁,residential,商务住宅;住宅区;住宅区,武侯区,104.06662,30.614846,2
城南新贵,residential,商务住宅;住宅区;住宅小区,武侯区,104.068739,30.616958,7
水漪袅铜,residential,商务住宅;住宅区;住宅小区,武侯区,104.070154,30.615501,1
长安院,residential,商务住宅;住宅区;住宅小区,武侯区,104.071316,30.61397,2
嘉云台,residential,商务住宅;住宅区;住宅小区,武侯区,104.065816,30.613493,2
中苑巷3号院,residential,商务住宅;住宅区;住宅小区,武侯区,104.066643,30.616533,3
长康院,residential,商务住宅;住宅区;住宅小区,武侯区,104.072513,30.612142,13
长寿苑社区59号院落,residential,商务住宅;住宅区;住宅小区,武侯区,104.066247,30.611794,1
伊甸阳光,residential,商务住宅;住宅区;住宅小区,武侯区,104.071278,30.616701,1
长富院,residential,商务住宅;住宅区;住宅区,武侯区,104.072649,30.614276,3
长寿苑17号院,residential,商务住宅;住宅区;住宅小区,武侯区,104.069135,30.610475,3
锦官秀城2期,residential,商务住宅;住宅区;住宅区,武侯区,104.072729,30.615837,1
锦官秀城,residential,商务住宅;住宅区;住宅小区,武侯区,104.072343,30.616817,2
兴彩苑,residential,商务住宅;住宅区;住宅小区,武侯区,104.063762,30.613732,2
时代阳光花园,residential,商务住宅;住宅区;住宅小区,武侯区,104.070433,30.618374,2
火车南站7号院,residential,商务住宅;住宅区;住宅区,武侯区,104.067996,30.610027,2
高攀教师苑,residential,商务住宅;住宅区;住宅小区,武侯区,104.078803,30.615162,1
高攀社区,residential,商务住宅;住宅区;住宅小区,武侯区,104.079963,30.613995,1
泛悦国际,residential,商务住宅;住宅区;住宅小区,武侯区,104.076829,30.615596,1
蓝天小区(科华南路),residential,商务住宅;住宅区;住宅小区,武侯区,104.076563,30.613234,1
万科·金色海蓉2期,residential,商务住宅;住宅区;住宅小区,武侯区,104.080784,30.613086,1
3度空间,residential,商务住宅;住宅区;住宅小区,武侯区,104.07754,30.611754,2
成都高攀路7322厂,residential,商务住宅;住宅区;住宅区,武侯区,104.079924,30.616998,1
阳光春天,residential,商务住宅;住宅区;住宅小区,武侯区,104.0798,30.611208,1
南辰景秀,residential,商务住宅;住宅区;住宅小区,武侯区,104.075751,30.611568,1
科华南苑,residential,商务住宅;住宅区;住宅小区,武侯区,104.077299,30.617954,1
航空路20号,residential,商务住宅;住宅区;住宅区,武侯区,104.079054,30.618453,3
科华中路193号院,residential,商务住宅;住宅区;住宅小区,武侯区,104.075013,30.617233,1
万科·金色海蓉3期,residential,商务住宅;住宅区;住宅小区,武侯区,104.083166,30.612983,1
双发·金英汇,residential,商务住宅;住宅区;住宅小区,武侯区,104.07381,30.616301,1
武海·美丽南庭,residential,商务住宅;住宅区;住宅小区,武侯区,104.076407,30.609831,1
锦顺苑,residential,商务住宅;住宅区;住宅小区,武侯区,104.076733,30.619383,1
白云花园,residential,商务住宅;住宅区;住宅小区,武侯区,104.083295,30.610129,1
翡翠城5期,residential,商务住宅;住宅区;住宅小区,锦江区,104.089376,30.614312,1
翡翠城2期,residential,商务住宅;住宅区;住宅小区,锦江区,104.087751,30.613399,1
华润置地·翡翠城林语湖畔,residential,商务住宅;住宅区;住宅小区,锦江区,104.086906,30.615509,1
翡翠城·汇锦云天,residential,商务住宅;住宅区;住宅小区,锦江区,104.088758,30.612584,1
翡翠天地,residential,商务住宅;住宅区;住宅小区,锦江区,104.091616,30.614263,1
华润·翡翠城3期,residential,商务住宅;住宅区;住宅小区,锦江区,104.091402,30.613025,1
永兴佳苑,residential,商务住宅;住宅区;住宅小区,锦江区,104.088814,30.617579,1
华润·翡翠城,residential,商务住宅;住宅区;住宅小区,锦江区,104.093177,30.615178,1
东湖国际2期,residential,商务住宅;住宅区;住宅小区,锦江区,104.092417,30.617138,1
锦华社区,residential,政府机构及社会团体;政府机关;乡镇以下级政府及事业单位|商务住宅;住宅区;住宅小区,锦江区,104.090462,30.618204,2
东湖国际(琉璃路),residential,商务住宅;住宅区;住宅小区,锦江区,104.091955,30.618112,1
晨辉社区,residential,商务住宅;住宅区;住宅小区,锦江区,104.098609,30.61375,1
茗兴2期,residential,商务住宅;住宅区;住宅区,锦江区,104.096796,30.614533,1
育才·都市家园,residential,商务住宅;住宅区;住宅小区,锦江区,104.100437,30.614528,1
育晓小筑,residential,商务住宅;住宅区;住宅区,锦江区,104.100173,30.613535,1
康郡城1期,residential,商务住宅;住宅区;住宅小区,锦江区,104.095948,30.61328,1
东怡园,residential,商务住宅;住宅区;住宅小区,锦江区,104.097327,30.61762,1
金象花园,residential,商务住宅;住宅区;住宅小区,锦江区,104.097813,30.610983,1
康郡,residential,商务住宅;住宅区;住宅小区,锦江区,104.095562,30.611503,1
新莲新苑,residential,商务住宅;住宅区;住宅小区,锦江区,104.102163,30.618426,2
晨辉东路小区,residential,商务住宅;住宅区;住宅小区,锦江区,104.100848,30.609593,1
康郡3期,residential,商务住宅;住宅区;住宅区,锦江区,104.093771,30.610245,1
万科城市花园(北一门),residential,商务住宅;住宅区;住宅小区|通行设施;临街院门;临街院门,锦江区,104.112368,30.618552,1
学府芳邻(静安路),residential,商务住宅;住宅区;住宅小区,锦江区,104.109678,30.618239,1
城东雅郡,residential,商务住宅;住宅区;住宅小区,锦江区,104.113336,30.609441,1
万科城花社区,residential,商务住宅;住宅区;住宅小区,锦江区,104.112941,30.614131,3
致瑞雅苑,residential,商务住宅;住宅区;住宅小区,锦江区,104.104018,30.613426,3
金色乐章,residential,商务住宅;住宅区;住宅区,锦江区,104.107701,30.619128,1
静安路小区,residential,商务住宅;住宅区;住宅小区,锦江区,104.111803,30.613483,1
致瑞雅苑B区,residential,商务住宅;住宅区;住宅小区,锦江区,104.103761,30.612246,1
菱安路103号院,residential,商务住宅;住宅区;住宅区,锦江区,104.117442,30.615299,1
瀚林·美居,residential,商务住宅;住宅区;住宅小区,锦江区,104.116889,30.613781,1
华润·幸福里,residential,商务住宅;住宅区;住宅小区,锦江区,104.115201,30.612714,4
万科城市花园(静安路),residential,商务住宅;住宅区;住宅小区,锦江区,104.11452,30.616333,1
川师聚贤楼,residential,商务住宅;住宅区;住宅区,锦江区,104.123139,30.613899,1
德馨苑(菱安路),residential,商务住宅;住宅区;住宅小区,锦江区,104.115325,30.61129,1
爱丁郡院,residential,商务住宅;住宅区;住宅小区,锦江区,104.118875,30.618728,1
锦江区阳光家园,residential,商务住宅;住宅区;住宅小区,锦江区,104.123583,30.616277,2
香樟苑(潼川南路),residential,商务住宅;住宅区;住宅小区,锦江区,104.117911,30.610073,1
辉煌佳苑,residential,商务住宅;住宅区;住宅小区,锦江区,104.11778,30.618907,1
四川师范大学桂苑,residential,商务住宅;住宅区;住宅小区,锦江区,104.119267,30.609502,1
校园春天,residential,商务住宅;住宅区;住宅小区,锦江区,104.115252,30.610227,1
桂苑小区30栋,residential,商务住宅;住宅区;住宅小区,锦江区,104.121995,30.610281,2
嘉和园,residential,商务住宅;住宅区;住宅小区,锦江区,104.122285,30.618669,1
大观祥苑,residential,商务住宅;住宅区;住宅小区,锦江区,104.127044,30.615733,1
华润·凯旋天地,residential,商务住宅;住宅区;住宅小区,锦江区,104.126107,30.614089,1
大观苑,residential,商务住宅;住宅区;住宅区,锦江区,104.131391,30.614472,1
海桐苑1期,residential,商务住宅;住宅区;住宅区,锦江区,104.12853,30.611944,1
东方丽景(国槐街),residential,商务住宅;住宅区;住宅小区,锦江区,104.130091,30.61214,1
国槐路社区,residential,商务住宅;住宅区;住宅小区,锦江区,104.127649,30.61143,1
比华利国际城1期,residential,商务住宅;住宅区;住宅小区,锦江区,104.125609,30.617108,1
锦江国际花园(中环路锦绣大道段),residential,商务住宅;住宅区;住宅小区,锦江区,104.129307,30.61802,1
领域,residential,商务住宅;住宅区;住宅小区,锦江区,104.13347,30.614331,1
紫东梵谷,residential,商务住宅;住宅区;住宅小区,锦江区,104.133054,30.611177,7
成龙路街道综合文化活动中心(东北门),residential,商务住宅;住宅区;住宅小区,锦江区,104.127533,30.612641,1
比华利国际城,residential,商务住宅;住宅区;住宅小区,锦江区,104.12654,30.619129,1
海桐一期(东门),residential,商务住宅;住宅区;住宅小区,锦江区,104.126491,30.609448,1
468公馆,residential,商务住宅;住宅区;住宅小区,锦江区,104.141686,30.610404,2
紫东·丽景,residential,商务住宅;住宅区;住宅小区,锦江区,104.13486,30.611743,1
东城印象,residential,商务住宅;住宅区;住宅小区,锦江区,104.133733,30.617261,1
人居锦尚春天A区,residential,商务住宅;住宅区;住宅小区,锦江区,104.142054,30.611891,1
人居·锦尚春天B区,residential,商务住宅;住宅区;住宅小区,锦江区,104.137087,30.609943,1
468公馆3期,residential,商务住宅;住宅区;住宅小区,锦江区,104.138949,30.609838,1
江安河畔,residential,商务住宅;住宅区;住宅小区,武侯区,103.966709,30.607601,1
金花社区,residential,商务住宅;住宅区;住宅小区,武侯区,103.964968,30.606248,1
绿地·圣路易名邸,residential,商务住宅;住宅区;住宅小区,武侯区,103.982402,30.608574,1
美丽都汇,residential,商务住宅;住宅区;住宅小区,武侯区,103.980939,30.604196,1
首信汇,residential,商务住宅;住宅区;住宅小区,武侯区,103.977606,30.608653,1
童子林小区,residential,商务住宅;住宅区;住宅小区,武侯区,103.989928,30.604555,7
芳华苑(龙井西街),residential,商务住宅;住宅区;住宅小区,武侯区,103.988227,30.605256,2
望锦配套小区,residential,商务住宅;住宅区;住宅小区,武侯区,103.98767,30.603945,2
祥龙居,residential,商务住宅;住宅区;住宅小区,武侯区,103.986845,30.605804,3
望锦西街81号院,residential,商务住宅;住宅区;住宅小区,武侯区,103.986526,30.603669,2
簇兴苑小区,residential,商务住宅;住宅区;住宅小区,武侯区,103.990461,30.602618,2
牛儿桥,residential,商务住宅;住宅区;住宅小区,武侯区,103.992691,30.603196,15
怡沁苑,residential,商务住宅;住宅区;住宅小区,武侯区,103.98912,30.607368,2
龙锦苑5区,residential,商务住宅;住宅区;住宅小区,武侯区,103.987906,30.60795,2
望锦西街9号院,residential,商务住宅;住宅区;住宅小区,武侯区,103.986324,30.602141,2
龙锦苑2区,residential,商务住宅;住宅区;住宅小区,武侯区,103.990823,30.60745,1
龙锦苑3区,residential,商务住宅;住宅区;住宅小区,武侯区,103.992751,30.606036,1
龙锦慧苑,residential,商务住宅;住宅区;住宅小区,武侯区,103.989523,30.609004,1
红怡苑,residential,商务住宅;住宅区;住宅小区,武侯区,103.989435,30.599259,7
中海锦城,residential,商务住宅;住宅区;住宅区,武侯区,103.985523,30.608998,2
文锦街1号院,residential,商务住宅;住宅区;住宅小区,武侯区,103.993368,30.608269,1
名苑3区,residential,商务住宅;住宅区;住宅小区,武侯区,103.997947,30.604956,4
簇锦苑,residential,商务住宅;住宅区;住宅小区,武侯区,103.995749,30.604863,14
华兴南街3区,residential,商务住宅;住宅区;住宅小区,武侯区,103.996628,30.607124,3
沈家桥社区,residential,商务住宅;住宅区;住宅小区,武侯区,103.999703,30.607373,1
蓝光·金悦城,residential,商务住宅;住宅区;住宅小区,武侯区,103.998864,30.608088,1
南锦苑,residential,商务住宅;住宅区;住宅小区,武侯区,103.999741,30.608643,1
龙井南街170号院,residential,商务住宅;住宅区;住宅小区,武侯区,103.99418,30.606669,1
簇锦家园,residential,商务住宅;住宅区;住宅小区,武侯区,103.996424,30.60055,1
龙井新村,residential,商务住宅;住宅区;住宅小区,武侯区,103.995246,30.60819,2
文锦街2号院(文锦街),residential,商务住宅;住宅区;住宅小区,武侯区,103.994626,30.60917,1
蓝星苑,residential,商务住宅;住宅区;住宅小区,武侯区,104.010574,30.600165,1
新北5期,residential,商务住宅;住宅区;住宅小区,武侯区,104.026842,30.605992,4
庆安社区,residential,商务住宅;住宅区;住宅小区,武侯区,104.030132,30.605824,1
太平寺10号,residential,商务住宅;住宅区;住宅区,武侯区,104.025166,30.603788,1
新雅中街41号院,residential,商务住宅;住宅区;住宅区,武侯区,104.025212,30.606672,2
庆安社区西区,residential,商务住宅;住宅区;住宅小区,武侯区,104.024082,30.606124,1
波特兰小镇,residential,商务住宅;住宅区;住宅小区,武侯区,104.033158,30.601919,2
加州阳光南区,residential,商务住宅;住宅区;住宅小区,武侯区,104.032613,30.600134,1
新雅正街2号院,residential,商务住宅;住宅区;住宅小区,武侯区,104.024208,30.609332,1
润新花园A区,residential,商务住宅;住宅区;住宅小区,武侯区,104.038362,30.60481,2
中房润新花园,residential,商务住宅;住宅区;住宅小区,武侯区,104.039286,30.605982,1
安信花园,residential,商务住宅;住宅区;住宅小区,武侯区,104.041727,30.605795,3
城南公馆,residential,商务住宅;住宅区;住宅小区,武侯区,104.036911,30.601702,2
温哥华水城,residential,商务住宅;住宅区;住宅小区,武侯区,104.03494,30.603311,1
美洲花园,residential,商务住宅;住宅区;住宅小区,武侯区,104.035323,30.601964,1
兴元丽都,residential,商务住宅;住宅区;住宅小区,武侯区,104.03719,30.608064,1
密苏里小城,residential,商务住宅;住宅区;住宅小区,武侯区,104.035483,30.600663,1
新北社区,residential,商务住宅;住宅区;住宅小区,武侯区,104.040381,30.609313,1
新光社区文韵苑,residential,商务住宅;住宅区;住宅小区,武侯区,104.033735,30.607625,1
新光社区文景苑,residential,商务住宅;住宅区;住宅小区,武侯区,104.034568,30.60899,1
中海·翠屏湾,residential,商务住宅;住宅区;住宅小区,武侯区,104.049462,30.60214,1
蓝光·公馆1881,residential,商务住宅;住宅区;住宅小区,武侯区,104.050623,30.604282,1
南钻·威尼斯,residential,商务住宅;住宅区;住宅小区,武侯区,104.052614,30.605089,1
江南岸,residential,商务住宅;住宅区;住宅小区,武侯区,104.059022,30.606064,2
御苑,residential,商务住宅;住宅区;住宅小区,武侯区,104.061936,30.604643,1
都会路苑,residential,商务住宅;住宅区;住宅小区,武侯区,104.060162,30.607118,1
城市春天,residential,商务住宅;住宅区;住宅小区,武侯区,104.056476,30.601826,1
合景叠翠峰,residential,商务住宅;住宅区;住宅小区,武侯区,104.056375,30.608196,1
桐梓林壹号,residential,商务住宅;住宅区;住宅小区,武侯区,104.05356,30.606745,1
南晶国际·南庭,residential,商务住宅;住宅区;住宅小区,武侯区,104.06912,30.602989,1
和平祥苑,residential,商务住宅;住宅区;住宅小区,武侯区,104.070793,30.605068,1
皇城花卉,residential,商务住宅;住宅区;住宅小区,武侯区,104.070592,30.60301,1
情真苑,residential,商务住宅;住宅区;住宅区,武侯区,104.067812,30.60676,2
南都领秀,residential,商务住宅;住宅区;住宅小区,武侯区,104.071051,30.606891,7
天和国际,residential,商务住宅;住宅区;住宅小区,武侯区,104.069125,30.60154,1
和平锦苑,residential,商务住宅;住宅区;住宅小区,武侯区,104.070237,30.601653,1
和平瑞苑,residential,商务住宅;住宅区;住宅小区,武侯区,104.072774,30.605972,2
人居锦尚天华,residential,商务住宅;住宅区;住宅小区,武侯区,104.072633,30.602133,1
锦江畔,residential,商务住宅;住宅区;住宅小区,武侯区,104.079029,30.605463,3
成都电力金具总厂家属区,residential,商务住宅;住宅区;住宅小区,锦江区,104.082233,30.603423,1
长桂源,residential,商务住宅;住宅区;住宅小区,武侯区,104.080774,30.607614,3
和平社区(天和东街),residential,商务住宅;住宅区;住宅小区,武侯区,104.074186,30.605562,1
蓝光·凯丽香江,residential,商务住宅;住宅区;住宅小区,锦江区,104.081425,30.601094,1
南延新苑,residential,商务住宅;住宅区;住宅小区,武侯区,104.07389,30.60198,1
东苑A区(桂溪东路),residential,商务住宅;住宅区;住宅小区,武侯区,104.08278,30.607355,1
天仁北二街2号院,residential,商务住宅;住宅区;住宅小区,武侯区,104.073608,30.607217,1
龙光·天悦龙庭,residential,商务住宅;住宅区;住宅小区,锦江区,104.086942,30.600077,1
柳江新居,residential,商务住宅;住宅区;住宅小区,锦江区,104.090781,30.606684,1
柳江社区,residential,商务住宅;住宅区;住宅小区,锦江区,104.087654,30.60666,2
紫东锦源,residential,商务住宅;住宅区;住宅小区,锦江区,104.093244,30.605718,1
府河小区(琉璃路),residential,商务住宅;住宅区;住宅小区,锦江区,104.091764,30.605925,1
柳江新居3期,residential,商务住宅;住宅区;住宅小区,锦江区,104.093234,30.604217,1
科创路4号院,residential,商务住宅;住宅区;住宅小区,锦江区,104.090615,30.605738,1
柳江新居1期A区,residential,商务住宅;住宅区;住宅区,锦江区,104.089176,30.606472,1
东方阳光城B区,residential,商务住宅;住宅区;住宅区,锦江区,104.09782,30.604231,1
东方阳光城C区,residential,商务住宅;住宅区;住宅小区,锦江区,104.099507,30.604068,1
东方阳光城A区,residential,商务住宅;住宅区;住宅区,锦江区,104.098441,30.606176,1
银杏森林(琉三路),residential,商务住宅;住宅区;住宅小区,锦江区,104.099463,30.601974,1
金像雅苑,residential,商务住宅;住宅区;住宅小区,锦江区,104.102588,30.603316,5
金像苑,residential,商务住宅;住宅区;住宅小区,锦江区,104.095861,30.601632,4
金像民居,residential,商务住宅;住宅区;住宅小区,锦江区,104.094748,30.604422,1
银杏森林1期,residential,商务住宅;住宅区;住宅小区,锦江区,104.101198,30.602053,1
沙河嘉苑,residential,商务住宅;住宅区;住宅小区,锦江区,104.100026,30.60066,2
金红苑,residential,商务住宅;住宅区;住宅小区,锦江区,104.096766,30.608548,2
柳江新居5期,residential,商务住宅;住宅区;住宅小区,锦江区,104.094249,30.606217,1
上东花园,residential,商务住宅;住宅区;住宅小区,锦江区,104.103483,30.604983,2
启明家园,residential,商务住宅;住宅区;住宅区,锦江区,104.097127,30.600111,1
金象嘉园,residential,商务住宅;住宅区;住宅小区,锦江区,104.100752,30.608457,1
皇经苑,residential,商务住宅;住宅区;住宅小区,锦江区,104.101292,30.600584,1
彩蝶花园,residential,商务住宅;住宅区;住宅小区,锦江区,104.098378,30.609183,1
育才晓筑,residential,商务住宅;住宅区;住宅小区,锦江区,104.102463,30.60826,1
香江花园(琉璃路),residential,商务住宅;住宅区;住宅小区,锦江区,104.09374,30.608874,1
皇经花园B区,residential,商务住宅;住宅区;住宅区,锦江区,104.104555,30.60103,3
上东家园,residential,商务住宅;住宅区;住宅小区,锦江区,104.105564,30.602018,1
上东花园三组团,residential,商务住宅;住宅区;住宅小区,锦江区,104.104402,30.603708,1
上东花园二组团,residential,商务住宅;住宅区;住宅小区,锦江区,104.104911,30.604998,1
成功·红树林,residential,商务住宅;住宅区;住宅小区,锦江区,104.104934,30.608002,2
上东花园四组团,residential,商务住宅;住宅区;住宅小区,锦江区,104.105829,30.603558,1
上东锦城B区,residential,商务住宅;住宅区;住宅小区,锦江区,104.121128,30.603535,1
华兴新居(草红路),residential,商务住宅;住宅区;住宅小区,锦江区,104.116744,30.605227,2
蓝谷地,residential,商务住宅;住宅区;住宅小区,锦江区,104.122643,30.604803,1
蓝谷地1期,residential,商务住宅;住宅区;住宅小区,锦江区,104.120222,30.605413,1
东城美地,residential,商务住宅;住宅区;住宅小区,锦江区,104.119612,30.603473,1
上东锦城,residential,商务住宅;住宅区;住宅小区,锦江区,104.122046,30.602506,2
雅郡1期,residential,商务住宅;住宅区;住宅区,锦江区,104.114447,30.608848,1
蓝谷地4期,residential,商务住宅;住宅区;住宅小区,锦江区,104.123078,30.607349,1
蓝谷地A区,residential,商务住宅;住宅区;住宅小区,锦江区,104.121703,30.605763,1
卓锦城2期,residential,商务住宅;住宅区;住宅小区,锦江区,104.129414,30.6032,1
海桐二期,residential,商务住宅;住宅区;住宅小区,锦江区,104.129296,30.605985,1
紫气东来,residential,商务住宅;住宅区;住宅小区,锦江区,104.127926,30.606278,1
蓝谷地社区,residential,商务住宅;住宅区;住宅小区,锦江区,104.124842,30.604601,3
卓锦城(一至四期),residential,商务住宅;住宅区;住宅小区,锦江区,104.13001,30.601975,1
海棠佳苑,residential,商务住宅;住宅区;住宅小区,锦江区,104.13247,30.605354,1
海桐三期,residential,商务住宅;住宅区;住宅小区,锦江区,104.129562,30.607892,2
华固一品,residential,商务住宅;住宅区;住宅小区,锦江区,104.127213,30.607948,1
四海云庭,residential,商务住宅;住宅区;住宅小区,锦江区,104.133503,30.604699,1
蓝谷地3期,residential,商务住宅;住宅区;住宅区,锦江区,104.12455,30.607786,1
海桐一期,residential,商务住宅;住宅区;住宅小区,锦江区,104.127681,30.609191,1
卓锦城1期,residential,商务住宅;住宅区;住宅小区,锦江区,104.132443,30.599635,1
四海逸家·蓝钻,residential,商务住宅;住宅区;住宅小区,锦江区,104.138002,30.602802,1
锦江逸家,residential,商务住宅;住宅区;住宅小区,锦江区,104.135509,30.605629,1
四海逸家3期,residential,商务住宅;住宅区;住宅小区,锦江区,104.135329,30.603095,1
四海逸家·华府,residential,商务住宅;住宅区;住宅小区,锦江区,104.137189,30.601209,1
鑫苑名家,residential,商务住宅;住宅区;住宅小区,锦江区,104.140506,30.600972,2
四海逸家·云庭,residential,商务住宅;住宅区;住宅小区,锦江区,104.133873,30.603027,1
人居锦尚春天,residential,商务住宅;住宅区;住宅小区,锦江区,104.140988,30.609182,1
卓锦城5期繁花郡,residential,商务住宅;住宅区;住宅小区,锦江区,104.135801,30.599445,1
卓锦城4期,residential,商务住宅;住宅区;住宅小区,锦江区,104.133888,30.600542,2
东锦瑞苑,residential,商务住宅;住宅区;住宅小区,锦江区,104.146671,30.605279,1
锦蓉佳苑·天阔,residential,商务住宅;住宅区;住宅小区,锦江区,104.146326,30.603319,1
绿地中心东区,residential,商务住宅;住宅区;住宅小区,锦江区,104.151066,30.605806,2
东洪广厦,residential,商务住宅;住宅区;住宅小区,锦江区,104.148563,30.607124,1
V客东都,residential,商务住宅;住宅区;住宅小区,锦江区,104.151551,30.602518,1
绿地中心西区,residential,商务住宅;住宅区;住宅小区,锦江区,104.145777,30.607934,2
绿地中心·云锦468东区,residential,商务住宅;住宅区;住宅小区,锦江区,104.152951,30.604091,1
绿地中心·云锦468西区,residential,商务住宅;住宅区;住宅小区,锦江区,104.152396,30.606351,1
华韵天府,residential,商务住宅;住宅区;住宅小区,锦江区,104.143706,30.607032,1
绿地468公馆2期,residential,商务住宅;住宅区;住宅小区,锦江区,104.144751,30.608977,1
锦江·城市花园3期,residential,商务住宅;住宅区;住宅小区,锦江区,104.144328,30.599896,1
绿地中心,residential,商务住宅;住宅区;住宅小区,锦江区,104.154683,30.60651,2
美丽点会所,residential,商务住宅;住宅区;住宅小区|体育休闲服务;娱乐场所;娱乐场所,武侯区,103.96636,30.594696,1
中大长景,residential,商务住宅;住宅区;住宅小区,武侯区,103.969007,30.594076,1
美丽点会所小区,residential,商务住宅;住宅区;住宅小区,武侯区,103.966208,30.593459,1
邹家花园,residential,商务住宅;住宅区;住宅小区,武侯区,103.973938,30.592553,1
盛昌小区,residential,商务住宅;住宅区;住宅小区,武侯区,103.974986,30.59194,1
时代锦绣,residential,商务住宅;住宅区;住宅小区,武侯区,103.989245,30.596087,1
新苗新居2期,residential,商务住宅;住宅区;住宅小区,武侯区,103.984276,30.597289,1
新苗新居,residential,商务住宅;住宅区;住宅区,武侯区,103.984819,30.598527,2
新苑3期,residential,商务住宅;住宅区;住宅小区,武侯区,103.992939,30.599424,1
三河新居(建设中),residential,商务住宅;住宅区;住宅小区,武侯区,104.003633,30.596217,1
簇锦家园B区,residential,商务住宅;住宅区;住宅区,武侯区,103.994683,30.598958,1
武侯区簇桥沈家桥五组,residential,商务住宅;住宅区;住宅区,武侯区,104.005543,30.598226,1
新和·领航,residential,商务住宅;住宅区;住宅小区,武侯区,104.021838,30.590099,3
美洲花园E区,residential,商务住宅;住宅区;住宅小区,武侯区,104.032795,30.598377,2
人居天府汇城,residential,商务住宅;住宅区;住宅小区,武侯区,104.04288,30.589638,1
雄飞新园紫郡,residential,商务住宅;住宅区;住宅小区,武侯区,104.03784,30.597087,3
石羊街道新园社区,residential,商务住宅;住宅区;住宅小区,武侯区,104.038636,30.59174,2
加州山庄,residential,商务住宅;住宅区;住宅小区,武侯区,104.034282,30.5994,1
i都会,residential,商务住宅;住宅区;住宅区,武侯区,104.043338,30.592491,3
南城都汇5B期,residential,商务住宅;住宅区;住宅区,武侯区,104.04345,30.594347,2
新园社区(西门),residential,商务住宅;住宅区;住宅小区,武侯区,104.037389,30.590901,1
南城都汇1期,residential,商务住宅;住宅区;住宅小区,武侯区,104.046905,30.594958,4
南城都汇三A期,residential,商务住宅;住宅区;住宅区,武侯区,104.04597,30.59249,2
南城都汇汇曦园,residential,商务住宅;住宅区;住宅小区,武侯区,104.05025,30.597528,2
南城都汇,residential,商务住宅;住宅区;住宅小区,武侯区,104.051465,30.596454,1
南城都汇3期,residential,商务住宅;住宅区;住宅区,武侯区,104.046826,30.597958,2
南城都汇汇雅园,residential,商务住宅;住宅区;住宅小区,武侯区,104.05014,30.599167,1
成都南城都汇汇尚园奇绘悦陶坊,residential,商务住宅;住宅区;住宅区,武侯区,104.053212,30.597508,1
时代·晶科名苑(益州大道北段),residential,商务住宅;住宅区;住宅小区,武侯区,104.059589,30.592539,1
南城都汇8期,residential,商务住宅;住宅区;住宅小区,武侯区,104.05485,30.595223,1
融城理想,residential,商务住宅;住宅区;住宅小区,武侯区,104.059321,30.598732,1
南城都汇4期,residential,商务住宅;住宅区;住宅小区,武侯区,104.054871,30.598432,2
天府名居金沙江苑,residential,商务住宅;住宅区;住宅小区,武侯区,104.069287,30.59409,1
华敏·世家花园,residential,商务住宅;住宅区;住宅小区,武侯区,104.067914,30.592516,1
天府长城·图南多,residential,商务住宅;住宅区;住宅小区,武侯区,104.069412,30.596472,1
天府名居,residential,商务住宅;住宅区;住宅小区,武侯区,104.070169,30.592277,1
天府长城·嘉南地,residential,商务住宅;住宅区;住宅小区,武侯区,104.071521,30.5938,1
御府花都,residential,商务住宅;住宅区;住宅小区,武侯区,104.067959,30.597079,1
天府长城丽日清风,residential,商务住宅;住宅区;住宅小区,武侯区,104.071722,30.596274,1
五洲花园,residential,商务住宅;住宅区;住宅小区,武侯区,104.070399,30.598617,1
泛林格兰晴天,residential,商务住宅;住宅区;住宅小区,武侯区,104.069044,30.589819,1
礼顿山1号,residential,商务住宅;住宅区;住宅小区,武侯区,104.072859,30.589588,1
长城·半岛城邦Ⅱ,residential,商务住宅;住宅区;住宅小区,武侯区,104.077077,30.596003,3
南尚国际,residential,商务住宅;住宅区;住宅区,武侯区,104.075127,30.595559,1
火炬·动力港1期,residential,商务住宅;住宅区;住宅区,锦江区,104.082737,30.593596,1
长城·半岛城邦3期,residential,商务住宅;住宅区;住宅小区,武侯区,104.077205,30.598564,1
凯丽滨江花园,residential,商务住宅;住宅区;住宅小区,武侯区,104.073535,30.593544,1
天府长城·柏南郡,residential,商务住宅;住宅区;住宅小区,武侯区,104.074151,30.596796,1
泰和佳园,residential,商务住宅;住宅区;住宅小区,武侯区,104.073635,30.592165,1
博瑞麦迪亚,residential,商务住宅;住宅区;住宅区,锦江区,104.082244,30.589898,1
锦水花乡·蓝湾,residential,商务住宅;住宅区;住宅小区,锦江区,104.090833,30.592775,1
锦绣阳光,residential,商务住宅;住宅区;住宅小区,锦江区,104.09242,30.592285,1
锦馨社区,residential,商务住宅;住宅区;住宅小区,锦江区,104.093276,30.590621,6
包江小区,residential,商务住宅;住宅区;住宅小区,锦江区,104.091509,30.58998,1
锦馨家园,residential,商务住宅;住宅区;住宅小区,锦江区,104.095696,30.590525,3
东晶丽苑,residential,商务住宅;住宅区;住宅小区,锦江区,104.097199,30.598898,1
锦鑫佳苑社区,residential,商务住宅;住宅区;住宅小区,锦江区,104.096719,30.591792,1
楠馨社区,residential,商务住宅;住宅区;住宅小区,锦江区,104.098092,30.591513,2
皇经嘉苑,residential,商务住宅;住宅区;住宅小区,锦江区,104.102204,30.599045,3
皇经楼,residential,商务住宅;住宅区;住宅小区,锦江区,104.105784,30.593573,3
皇经楼新居2期,residential,商务住宅;住宅区;住宅小区,锦江区,104.105522,30.595074,1
皇经楼新居1期,residential,商务住宅;住宅区;住宅小区,锦江区,104.105495,30.596595,3
锦城逸景,residential,商务住宅;住宅区;住宅小区,锦江区,104.111731,30.593468,2
锦城逸景C区,residential,商务住宅;住宅区;住宅小区,锦江区,104.11152,30.59535,1
锦城逸景A区,residential,商务住宅;住宅区;住宅小区,锦江区,104.111997,30.591419,1
棬五新居,residential,商务住宅;住宅区;住宅小区,锦江区,104.106195,30.589471,1
首创·娇子1号(建设中),residential,商务住宅;住宅区;住宅小区,锦江区,104.120765,30.598896,1
首创·娇子1号,residential,商务住宅;住宅区;住宅小区,锦江区,104.124463,30.598115,1
和祥瑞苑,residential,商务住宅;住宅区;住宅小区,锦江区,104.139307,30.596105,1
华都·美林湾,residential,商务住宅;住宅区;住宅小区,锦江区,104.136987,30.592381,1
栀子街社区,residential,商务住宅;住宅区;住宅小区,锦江区,104.139319,30.592087,1
卓锦城紫郡,residential,商务住宅;住宅区;住宅小区,锦江区,104.137161,30.598174,4
合能·锦城,residential,商务住宅;住宅区;住宅小区,锦江区,104.139634,30.597984,1
东景家园,residential,商务住宅;住宅区;住宅小区,锦江区,104.139661,30.590836,1
红郡卓锦城,residential,商务住宅;住宅区;住宅小区,锦江区,104.135546,30.59746,2
锦江城市花园,residential,商务住宅;住宅区;住宅小区,锦江区,104.142966,30.598362,2
华熙·528艺术村,residential,商务住宅;住宅区;住宅小区,锦江区,104.143479,30.590736,1
华熙艺术村悦都,residential,商务住宅;住宅区;住宅小区,锦江区,104.147222,30.598375,1
华熙艺术村盈都,residential,商务住宅;住宅区;住宅小区,锦江区,104.146182,30.597046,1
俊发park公馆,residential,商务住宅;住宅区;住宅小区,锦江区,104.15313,30.593015,1
华熙艺术村锦郡,residential,商务住宅;住宅区;住宅小区,锦江区,104.144769,30.594325,1
俊发·星雅俊园,residential,商务住宅;住宅区;住宅小区,锦江区,104.151714,30.592866,1
银木佳苑,residential,商务住宅;住宅区;住宅小区,锦江区,104.146931,30.59248,1
人居东御佲家,residential,商务住宅;住宅区;住宅小区,锦江区,104.148979,30.594537,1
锦和康城和贵苑,residential,商务住宅;住宅区;住宅区,锦江区,104.167593,30.592642,1
盛世佳源,residential,商务住宅;住宅区;住宅小区,武侯区,103.967025,30.580121,1
绪安公寓,residential,商务住宅;住宅区;住宅区,武侯区,103.972506,30.585442,1
月亮湾,residential,商务住宅;住宅区;住宅小区|体育休闲服务;休闲场所;休闲场所,武侯区,104.001476,30.589459,1
三元社区,residential,商务住宅;住宅区;住宅小区,武侯区,104.027966,30.58527,2
三元社区东区,residential,商务住宅;住宅区;住宅小区,武侯区,104.028038,30.583174,1
新南2期,residential,商务住宅;住宅区;住宅小区,武侯区,104.02662,30.584647,1
三元社区西区,residential,商务住宅;住宅区;住宅小区,武侯区,104.026371,30.583765,1
新街社区,residential,商务住宅;住宅区;住宅小区,武侯区,104.031113,30.584927,1
新南小区1期,residential,商务住宅;住宅区;住宅区,武侯区,104.030944,30.583418,1
新街社区南区,residential,商务住宅;住宅区;住宅小区,武侯区,104.030562,30.582332,2
新南1期B区,residential,商务住宅;住宅区;住宅区,武侯区,104.031849,30.58635,3
新南1期A区,residential,商务住宅;住宅区;住宅区,武侯区,104.032952,30.587031,1
惠风和苑,residential,商务住宅;住宅区;住宅小区,武侯区,104.032461,30.58818,1
国防家苑,residential,商务住宅;住宅区;住宅小区,武侯区,104.036756,30.588957,1
亿佳苑,residential,商务住宅;住宅区;住宅区,武侯区,104.034546,30.581167,3
新南4期,residential,商务住宅;住宅区;住宅小区,武侯区,104.033611,30.582345,1
锦晖苑,residential,商务住宅;住宅区;住宅小区,武侯区,104.042945,30.588202,1
中大·文儒德B区,residential,商务住宅;住宅区;住宅小区,武侯区,104.043036,30.580636,1
保利·锦湖林语北区,residential,商务住宅;住宅区;住宅小区,武侯区,104.038974,30.582487,1
金房大榕湾,residential,商务住宅;住宅区;住宅小区,武侯区,104.041105,30.588006,1
中海·城南华府,residential,商务住宅;住宅区;住宅小区,武侯区,104.049854,30.582807,1
誉峰合景,residential,商务住宅;住宅区;住宅小区,武侯区,104.049562,30.586796,2
中海·九号公馆,residential,商务住宅;住宅区;住宅小区,武侯区,104.045956,30.582815,1
润富国际花园,residential,商务住宅;住宅区;住宅小区,武侯区,104.04594,30.586305,1
中海·九号天地,residential,商务住宅;住宅区;住宅小区,武侯区,104.053134,30.58458,1
仁和春天国际广场,residential,商务住宅;住宅区;住宅小区,武侯区,104.050166,30.588964,2
天荟,residential,商务住宅;住宅区;住宅小区,武侯区,104.058609,30.583051,1
誉峰2期,residential,商务住宅;住宅区;住宅区,武侯区,104.056157,30.58724,1
成都汇巢别墅设计机构,residential,商务住宅;住宅区;住宅区,武侯区,104.057876,30.587955,1
誉峰国际中心,residential,商务住宅;住宅区;住宅小区,武侯区,104.054772,30.586457,1
中海·城南1号,residential,商务住宅;住宅区;住宅小区,武侯区,104.05459,30.582515,1
南苑1期,residential,商务住宅;住宅区;住宅区,武侯区,104.055203,30.580886,1
奥克斯宽庭3号,residential,商务住宅;住宅区;住宅区,武侯区,104.059623,30.579627,8
南苑A区,residential,商务住宅;住宅区;住宅小区,武侯区,104.054482,30.579896,2
成都银泰中心华悦府,residential,商务住宅;住宅区;住宅小区,武侯区,104.066551,30.585945,1
包江桥社区,residential,商务住宅;住宅区;住宅小区,锦江区,104.091666,30.588417,1
锦华路三段379号院,residential,商务住宅;住宅区;住宅小区,锦江区,104.092809,30.586872,1
蓝润·锦江春天,residential,商务住宅;住宅区;住宅小区,锦江区,104.149975,30.58462,2
绿岛筑,residential,商务住宅;住宅区;住宅小区,锦江区,104.147705,30.585666,1
吉祥佳苑,residential,商务住宅;住宅区;住宅小区,锦江区,104.149262,30.589444,1
绿岛(四川大学华西第二医院锦江院区东南),residential,商务住宅;住宅区;住宅小区,锦江区,104.148068,30.584759,1
红砂联合一组325号,residential,商务住宅;住宅区;住宅区,锦江区,104.159621,30.586677,1
红砂联合三组23号,residential,商务住宅;住宅区;住宅区,锦江区,104.156111,30.584051,2
