{
  "type": "FeatureCollection",
  "features": [
    {
      "type": "Feature",
      "geometry": {
        "type": "Point",
        "coordinates": [
          103.9768,
          30.733682
        ]
      },
      "properties": {
        "name": "英伦书香府邸2期",
        "category": "residential",
        "type": "商务住宅;住宅区;住宅小区",
        "district": "金牛区",
        "weight": 2
      }
    },
    {
      "type": "Feature",
      "geometry": {
        "type": "Point",
        "coordinates": [
          103.979073,
          30.733828
        ]
      },
      "properties": {
        "name": "成都外国语学校教师公寓",
        "category": "residential",
        "type": "商务住宅;住宅区;住宅小区",
        "district": "金牛区",
        "weight": 1
      }
    },
    {
      "type": "Feature",
      "geometry": {
        "type": "Point",
        "coordinates": [
          103.976486,
          30.734863
        ]
      },
      "properties": {
        "name": "书香府邸1期",
        "category": "residential",
        "type": "商务住宅;住宅区;住宅小区",
        "district": "金牛区",
        "weight": 1
      }
    },
    {
      "type": "Feature",
      "geometry": {
        "type": "Point",
        "coordinates": [
          103.992674,
          30.731365
        ]
      },
      "properties": {
        "name": "中铁·塔米亚2期美邻(正门)",
        "category": "residential",
        "type": "商务住宅;住宅区;住宅小区",
        "district": "金牛区",
        "weight": 1
      }
    },
    {
      "type": "Feature",
      "geometry": {
        "type": "Point",
        "coordinates": [
          104.008108,
          30.733528
        ]
      },
      "properties": {
        "name": "兴盛世家",
        "category": "residential",
        "type": "商务住宅;住宅区;住宅小区",
        "district": "金牛区",
        "weight": 4
      }
    },
    {
      "type": "Feature",
      "geometry": {
        "type": "Point",
        "coordinates": [
          104.013211,
          30.733686
        ]
      },
      "properties": {
        "name": "兴盛世家D区",
        "category": "residential",
        "type": "商务住宅;住宅区;住宅小区",
        "district": "金牛区",
        "weight": 1
      }
    },
    {
      "type": "Feature",
      "geometry": {
        "type": "Point",
        "coordinates": [
          104.010074,
          30.731881
        ]
      },
      "properties": {
        "name": "兴盛世家B区",
        "category": "residential",
        "type": "商务住宅;住宅区;住宅小区",
        "district": "金牛区",
        "weight": 1
      }
    },
    {
      "type": "Feature",
      "geometry": {
        "type": "Point",
        "coordinates": [
          104.011142,
          30.734885
        ]
      },
      "properties": {
        "name": "兴盛世家C区",
        "category": "residential",
        "type": "商务住宅;住宅区;住宅小区",
        "district": "金牛区",
        "weight": 1
      }
    },
    {
      "type": "Feature",
      "geometry": {
        "type": "Point",
        "coordinates": [
          104.009441,
          30.737832
        ]
      },
      "properties": {
        "name": "侯家花园",
        "category": "residential",
        "type": "商务住宅;住宅区;住宅小区",
        "district": "金牛区",
        "weight": 2
      }
    },
    {
      "type": "Feature",
      "geometry": {
        "type": "Point",
        "coordinates": [
          104.013172,
          30.732442
        ]
      },
      "properties": {
        "name": "西华街道兴盛世家社区",
        "category": "residential",
        "type": "商务住宅;住宅区;住宅小区",
        "district": "金牛区",
        "weight": 1
      }
    },
    {
      "type": "Feature",
      "geometry": {
        "type": "Point",
        "coordinates": [
          104.023451,
          30.733075
        ]
      },
      "properties": {
        "name": "府河星城名苑",
        "category": "residential",
        "type": "商务住宅;住宅区;住宅小区",
        "district": "金牛区",
        "weight": 1
      }
    },
    {
      "type": "Feature",
      "geometry": {
        "type": "Point",
        "coordinates": [
          104.019136,
          30.732914
        ]
      },
      "properties": {
        "name": "兴盛村",
        "category": "residential",
        "type": "商务住宅;住宅区;住宅小区",
        "district": "金牛区",
        "weight": 1
      }
    },
    {
      "type": "Feature",
      "geometry": {
        "type": "Point",
        "coordinates": [
          104.014916,
          30.731519
        ]
      },
      "properties": {
        "name": "兴盛世家E区",
        "category": "residential",
        "type": "商务住宅;住宅区;住宅小区",
        "district": "金牛区",
        "weight": 1
      }
    },
    {
      "type": "Feature",
      "geometry": {
        "type": "Point",
        "coordinates": [
          104.014736,
          30.733359
        ]
      },
      "properties": {
        "name": "兴盛家园",
        "category": "residential",
        "type": "商务住宅;住宅区;住宅小区",
        "district": "金牛区",
        "weight": 1
      }
    },
    {
      "type": "Feature",
      "geometry": {
        "type": "Point",
        "coordinates": [
          104.023144,
          30.731009
        ]
      },
      "properties": {
        "name": "府河星城",
        "category": "residential",
        "type": "商务住宅;住宅区;住宅小区",
        "district": "金牛区",
        "weight": 1
      }
    },
    {
      "type": "Feature",
      "geometry": {
        "type": "Point",
        "coordinates": [
          104.020946,
          30.73309
        ]
      },
      "properties": {
        "name": "府河丽景",
        "category": "residential",
        "type": "商务住宅;住宅区;住宅小区",
        "district": "金牛区",
        "weight": 1
      }
    },
    {
      "type": "Feature",
      "geometry": {
        "type": "Point",
        "coordinates": [
          104.025515,
          30.733099
        ]
      },
      "properties": {
        "name": "府河星城名苑B区",
        "category": "residential",
        "type": "商务住宅;住宅区;住宅小区",
        "district": "金牛区",
        "weight": 1
      }
    },
    {
      "type": "Feature",
      "geometry": {
        "type": "Point",
        "coordinates": [
          104.027235,
          30.731058
        ]
      },
      "properties": {
        "name": "府河星城馨苑",
        "category": "residential",
        "type": "商务住宅;住宅区;住宅小区",
        "district": "金牛区",
        "weight": 1
      }
    },
    {
      "type": "Feature",
      "geometry": {
        "type": "Point",
        "coordinates": [
          104.026617,
          30.733944
        ]
      },
      "properties": {
        "name": "厍庭",
        "category": "residential",
        "type": "商务住宅;住宅区;住宅小区",
        "district": "金牛区",
        "weight": 1
      }
    },
    {
      "type": "Feature",
      "geometry": {
        "type": "Point",
        "coordinates": [
          104.041886,
          30.736599
        ]
      },
      "properties": {
        "name": "欢乐城198",
        "category": "residential",
        "type": "商务住宅;住宅区;住宅小区",
        "district": "金牛区",
        "weight": 1
      }
    },
    {
      "type": "Feature",
      "geometry": {
        "type": "Point",
        "coordinates": [
          104.040974,
          30.737925
        ]
      },
      "properties": {
        "name": "踏水新居",
        "category": "residential",
        "type": "商务住宅;住宅区;住宅小区",
        "district": "金牛区",
        "weight": 1
      }
    },
    {
      "type": "Feature",
      "geometry": {
        "type": "Point",
        "coordinates": [
          104.041546,
          30.72995
        ]
      },
      "properties": {
        "name": "华侨城原岸",
        "category": "residential",
        "type": "商务住宅;住宅区;住宅小区",
        "district": "金牛区",
        "weight": 2
      }
    },
    {
      "type": "Feature",
      "geometry": {
        "type": "Point",
        "coordinates": [
          104.043537,
          30.730045
        ]
      },
      "properties": {
        "name": "华侨城5期",
        "category": "residential",
        "type": "商务住宅;住宅区;住宅区",
        "district": "金牛区",
        "weight": 1
      }
    },
    {
      "type": "Feature",
      "geometry": {
        "type": "Point",
        "coordinates": [
          104.040576,
          30.73883
        ]
      },
      "properties": {
        "name": "府河·双桥苑",
        "category": "residential",
        "type": "商务住宅;住宅区;住宅小区",
        "district": "金牛区",
        "weight": 1
      }
    },
    {
      "type": "Feature",
      "geometry": {
        "type": "Point",
        "coordinates": [
          104.036378,
          30.730236
        ]
      },
      "properties": {
        "name": "成都华侨城·东岸A2区",
        "category": "residential",
        "type": "商务住宅;住宅区;住宅区",
        "district": "金牛区",
        "weight": 1
      }
    },
    {
      "type": "Feature",
      "geometry": {
        "type": "Point",
        "coordinates": [
          104.043984,
          30.731469
        ]
      },
      "properties": {
        "name": "华侨城·原岸6期",
        "category": "residential",
        "type": "商务住宅;住宅区;住宅小区",
        "district": "金牛区",
        "weight": 1
      }
    },
    {
      "type": "Feature",
      "geometry": {
        "type": "Point",
        "coordinates": [
          104.051514,
          30.735183
        ]
      },
      "properties": {
        "name": "沙河原社区",
        "category": "residential",
        "type": "商务住宅;住宅区;住宅小区",
        "district": "金牛区",
        "weight": 2
      }
    },
    {
      "type": "Feature",
      "geometry": {
        "type": "Point",
        "coordinates": [
          104.051375,
          30.734149
        ]
      },
      "properties": {
        "name": "沙河源街道川建社区",
        "category": "residential",
        "type": "商务住宅;住宅区;住宅小区",
        "district": "金牛区",
        "weight": 1
      }
    },
    {
      "type": "Feature",
      "geometry": {
        "type": "Point",
        "coordinates": [
          104.050525,
          30.732775
        ]
      },
      "properties": {
        "name": "沙河源街道川建社区(西南门)",
        "category": "residential",
        "type": "商务住宅;住宅区;住宅小区",
        "district": "金牛区",
        "weight": 1
      }
    },
    {
      "type": "Feature",
      "geometry": {
        "type": "Point",
        "coordinates": [
          104.057722,
          30.731724
        ]
      },
      "properties": {
        "name": "泉水人家",
        "category": "residential",
        "type": "商务住宅;住宅区;住宅小区",
        "district": "金牛区",
        "weight": 1
      }
    },
    {
      "type": "Feature",
      "geometry": {
        "type": "Point",
        "coordinates": [
          104.057646,
          30.734097
        ]
      },
      "properties": {
        "name": "泉水人家3期A区",
        "category": "residential",
        "type": "商务住宅;住宅区;住宅小区",
        "district": "金牛区",
        "weight": 1
      }
    },
    {
      "type": "Feature",
      "geometry": {
        "type": "Point",
        "coordinates": [
          104.061001,
          30.734015
        ]
      },
      "properties": {
        "name": "泉水人家3期B区",
        "category": "residential",
        "type": "商务住宅;住宅区;住宅小区",
        "district": "金牛区",
        "weight": 1
      }
    },
    {
      "type": "Feature",
      "geometry": {
        "type": "Point",
        "coordinates": [
          104.058503,
          30.733116
        ]
      },
      "properties": {
        "name": "腌卤巷",
        "category": "residential",
        "type": "商务住宅;住宅区;住宅小区",
        "district": "金牛区",
        "weight": 1
      }
    },
    {
      "type": "Feature",
      "geometry": {
        "type": "Point",
        "coordinates": [
          104.058107,
          30.72968
        ]
      },
      "properties": {
        "name": "泉水人家2期",
        "category": "residential",
        "type": "商务住宅;住宅区;住宅小区",
        "district": "金牛区",
        "weight": 2
      }
    },
    {
      "type": "Feature",
      "geometry": {
        "type": "Point",
        "coordinates": [
          104.059605,
          30.734263
        ]
      },
      "properties": {
        "name": "泉水小区",
        "category": "residential",
        "type": "商务住宅;住宅区;住宅小区",
        "district": "金牛区",
        "weight": 2
      }
    },
    {
      "type": "Feature",
      "geometry": {
        "type": "Point",
        "coordinates": [
          104.069392,
          30.737851
        ]
      },
      "properties": {
        "name": "涵碧天下",
        "category": "residential",
        "type": "商务住宅;住宅区;住宅小区",
        "district": "金牛区",
        "weight": 1
      }
    },
    {
      "type": "Feature",
      "geometry": {
        "type": "Point",
        "coordinates": [
          104.11224,
          30.732325
        ]
      },
      "properties": {
        "name": "工疗家园",
        "category": "residential",
        "type": "商务住宅;住宅区;住宅小区",
        "district": "成华区",
        "weight": 1
      }
    },
    {
      "type": "Feature",
      "geometry": {
        "type": "Point",
        "coordinates": [
          104.116671,
          30.732609
        ]
      },
      "properties": {
        "name": "合家园",
        "category": "residential",
        "type": "商务住宅;住宅区;住宅区",
        "district": "成华区",
        "weight": 1
      }
    },
    {
      "type": "Feature",
      "geometry": {
        "type": "Point",
        "coordinates": [
          103.965376,
          30.722969
        ]
      },
      "properties": {
        "name": "保利两河森林",
        "category": "residential",
        "type": "商务住宅;住宅区;住宅小区",
        "district": "金牛区",
        "weight": 1
      }
    },
    {
      "type": "Feature",
      "geometry": {
        "type": "Point",
        "coordinates": [
          103.972373,
          30.729039
        ]
      },
      "properties": {
        "name": "金牛国际社区",
        "category": "residential",
        "type": "商务住宅;住宅区;住宅小区",
        "district": "金牛区",
        "weight": 1
      }
    },
    {
      "type": "Feature",
      "geometry": {
        "type": "Point",
        "coordinates": [
          103.979908,
          30.724193
        ]
      },
      "properties": {
        "name": "北京城建龙樾熙城",
        "category": "residential",
        "type": "商务住宅;住宅区;住宅小区",
        "district": "金牛区",
        "weight": 1
      }
    },
    {
      "type": "Feature",
      "geometry": {
        "type": "Point",
        "coordinates": [
          103.979439,
          30.726072
        ]
      },
      "properties": {
        "name": "龙樾熙城",
        "category": "residential",
        "type": "商务住宅;住宅区;住宅小区",
        "district": "金牛区",
        "weight": 1
      }
    },
    {
      "type": "Feature",
      "geometry": {
        "type": "Point",
        "coordinates": [
          103.978269,
          30.721434
        ]
      },
      "properties": {
        "name": "橙郡一期",
        "category": "residential",
        "type": "商务住宅;住宅区;住宅小区",
        "district": "金牛区",
        "weight": 1
      }
    },
    {
      "type": "Feature",
      "geometry": {
        "type": "Point",
        "coordinates": [
          103.976073,
          30.727406
        ]
      },
      "properties": {
        "name": "中海国际社区北门",
        "category": "residential",
        "type": "商务住宅;住宅区;住宅小区",
        "district": "金牛区",
        "weight": 1
      }
    },
    {
      "type": "Feature",
      "geometry": {
        "type": "Point",
        "coordinates": [
          103.982547,
          30.721901
        ]
      },
      "properties": {
        "name": "精城国际",
        "category": "residential",
        "type": "商务住宅;住宅区;住宅小区",
        "district": "金牛区",
        "weight": 1
      }
    },
    {
      "type": "Feature",
      "geometry": {
        "type": "Point",
        "coordinates": [
          103.993378,
          30.728738
        ]
      },
      "properties": {
        "name": "保利学府城(建设中)",
        "category": "residential",
        "type": "商务住宅;住宅区;住宅小区",
        "district": "金牛区",
        "weight": 1
      }
    },
    {
      "type": "Feature",
      "geometry": {
        "type": "Point",
        "coordinates": [
          103.991554,
          30.723705
        ]
      },
      "properties": {
        "name": "互助社区",
        "category": "residential",
        "type": "商务住宅;住宅区;住宅小区",
        "district": "金牛区",
        "weight": 1
      }
    },
    {
      "type": "Feature",
      "geometry": {
        "type": "Point",
        "coordinates": [
          103.991473,
          30.726511
        ]
      },
      "properties": {
        "name": "互助家园安置小区",
        "category": "residential",
        "type": "商务住宅;住宅区;住宅小区",
        "district": "金牛区",
        "weight": 1
      }
    },
    {
      "type": "Feature",
      "geometry": {
        "type": "Point",
        "coordinates": [
          104.001667,
          30.726261
        ]
      },
      "properties": {
        "name": "金华花园(金周路)",
        "category": "residential",
        "type": "商务住宅;住宅区;住宅小区",
        "district": "金牛区",
        "weight": 1
      }
    },
    {
      "type": "Feature",
      "geometry": {
        "type": "Point",
        "coordinates": [
          104.003585,
          30.723294
        ]
      },
      "properties": {
        "name": "金盾苑",
        "category": "residential",
        "type": "商务住宅;住宅区;住宅小区",
        "district": "金牛区",
        "weight": 1
      }
    },
    {
      "type": "Feature",
      "geometry": {
        "type": "Point",
        "coordinates": [
          104.001622,
          30.720092
        ]
      },
      "properties": {
        "name": "万科国宾润园",
        "category": "residential",
        "type": "商务住宅;住宅区;住宅小区",
        "district": "金牛区",
        "weight": 2
      }
    },
    {
      "type": "Feature",
      "geometry": {
        "type": "Point",
        "coordinates": [
          103.999298,
          30.726254
        ]
      },
      "properties": {
        "name": "鑫房名苑",
        "category": "residential",
        "type": "商务住宅;住宅区;住宅小区",
        "district": "金牛区",
        "weight": 3
      }
    },
    {
      "type": "Feature",
      "geometry": {
        "type": "Point",
        "coordinates": [
          104.001962,
          30.728439
        ]
      },
      "properties": {
        "name": "保利学府城",
        "category": "residential",
        "type": "商务住宅;住宅区;住宅小区",
        "district": "金牛区",
        "weight": 1
      }
    },
    {
      "type": "Feature",
      "geometry": {
        "type": "Point",
        "coordinates": [
          104.000435,
          30.726802
        ]
      },
      "properties": {
        "name": "中成主角",
        "category": "residential",
        "type": "商务住宅;住宅区;住宅区",
        "district": "金牛区",
        "weight": 1
      }
    },
    {
      "type": "Feature",
      "geometry": {
        "type": "Point",
        "coordinates": [
          103.996636,
          30.721282
        ]
      },
      "properties": {
        "name": "正成·拉斐",
        "category": "residential",
        "type": "商务住宅;住宅区;住宅小区",
        "district": "金牛区",
        "weight": 2
      }
    },
    {
      "type": "Feature",
      "geometry": {
        "type": "Point",
        "coordinates": [
          103.997508,
          30.721894
        ]
      },
      "properties": {
        "name": "正成·拉斐2期",
        "category": "residential",
        "type": "商务住宅;住宅区;住宅区",
        "district": "金牛区",
        "weight": 1
      }
    },
    {
      "type": "Feature",
      "geometry": {
        "type": "Point",
        "coordinates": [
          104.003427,
          30.720509
        ]
      },
      "properties": {
        "name": "迪舒·美领",
        "category": "residential",
        "type": "商务住宅;住宅区;住宅小区",
        "district": "金牛区",
        "weight": 1
      }
    },
    {
      "type": "Feature",
      "geometry": {
        "type": "Point",
        "coordinates": [
          104.001444,
          30.723754
        ]
      },
      "properties": {
        "name": "东原·亲亲里",
        "category": "residential",
        "type": "商务住宅;住宅区;住宅小区|生活服务;生活服务场所;生活服务场所",
        "district": "金牛区",
        "weight": 1
      }
    },
    {
      "type": "Feature",
      "geometry": {
        "type": "Point",
        "coordinates": [
          104.006304,
          30.726747
        ]
      },
      "properties": {
        "name": "西城上域",
        "category": "residential",
        "type": "商务住宅;住宅区;住宅小区",
        "district": "金牛区",
        "weight": 1
      }
    },
    {
      "type": "Feature",
      "geometry": {
        "type": "Point",
        "coordinates": [
          104.011253,
          30.725204
        ]
      },
      "properties": {
        "name": "西华街道金牛社区",
        "category": "residential",
        "type": "商务住宅;住宅区;住宅小区",
        "district": "金牛区",
        "weight": 2
      }
    },
    {
      "type": "Feature",
      "geometry": {
        "type": "Point",
        "coordinates": [
          104.004851,
          30.7263
        ]
      },
      "properties": {
        "name": "国宾·时光汇",
        "category": "residential",
        "type": "商务住宅;住宅区;住宅小区",
        "district": "金牛区",
        "weight": 1
      }
    },
    {
      "type": "Feature",
      "geometry": {
        "type": "Point",
        "coordinates": [
          104.011201,
          30.721995
        ]
      },
      "properties": {
        "name": "泽瑞西园",
        "category": "residential",
        "type": "商务住宅;住宅区;住宅小区",
        "district": "金牛区",
        "weight": 1
      }
    },
    {
      "type": "Feature",
      "geometry": {
        "type": "Point",
        "coordinates": [
          104.005541,
          30.721624
        ]
      },
      "properties": {
        "name": "金桥苑(信息园西路)",
        "category": "residential",
        "type": "商务住宅;住宅区;住宅小区",
        "district": "金牛区",
        "weight": 1
      }
    },
    {
      "type": "Feature",
      "geometry": {
        "type": "Point",
        "coordinates": [
          104.022686,
          30.728218
        ]
      },
      "properties": {
        "name": "金泉街道青杠社区",
        "category": "residential",
        "type": "商务住宅;住宅区;住宅小区",
        "district": "金牛区",
        "weight": 2
      }
    },
    {
      "type": "Feature",
      "geometry": {
        "type": "Point",
        "coordinates": [
          104.014019,
          30.723275
        ]
      },
      "properties": {
        "name": "西园",
        "category": "residential",
        "type": "商务住宅;住宅区;住宅小区",
        "district": "金牛区",
        "weight": 1
      }
    },
    {
      "type": "Feature",
      "geometry": {
        "type": "Point",
        "coordinates": [
          104.016357,
          30.725494
        ]
      },
      "properties": {
        "name": "金牛区瓦子社区",
        "category": "residential",
        "type": "商务住宅;住宅区;住宅小区",
        "district": "金牛区",
        "weight": 1
      }
    },
    {
      "type": "Feature",
      "geometry": {
        "type": "Point",
        "coordinates": [
          104.023266,
          30.722188
        ]
      },
      "properties": {
        "name": "纯水岸2区",
        "category": "residential",
        "type": "商务住宅;住宅区;住宅小区",
        "district": "金牛区",
        "weight": 1
      }
    },
    {
      "type": "Feature",
      "geometry": {
        "type": "Point",
        "coordinates": [
          104.026208,
          30.722368
        ]
      },
      "properties": {
        "name": "纯水岸北区",
        "category": "residential",
        "type": "商务住宅;住宅区;住宅小区",
        "district": "金牛区",
        "weight": 2
      }
    },
    {
      "type": "Feature",
      "geometry": {
        "type": "Point",
        "coordinates": [
          104.025851,
          30.719528
        ]
      },
      "properties": {
        "name": "华侨城纯水岸1期",
        "category": "residential",
        "type": "商务住宅;住宅区;住宅区",
        "district": "金牛区",
        "weight": 1
      }
    },
    {
      "type": "Feature",
      "geometry": {
        "type": "Point",
        "coordinates": [
          104.024789,
          30.721593
        ]
      },
      "properties": {
        "name": "华侨城3期",
        "category": "residential",
        "type": "商务住宅;住宅区;住宅区",
        "district": "金牛区",
        "weight": 1
      }
    },
    {
      "type": "Feature",
      "geometry": {
        "type": "Point",
        "coordinates": [
          104.04242,
          30.727874
        ]
      },
      "properties": {
        "name": "华侨城·东岸东区",
        "category": "residential",
        "type": "商务住宅;住宅区;住宅小区",
        "district": "金牛区",
        "weight": 1
      }
    },
    {
      "type": "Feature",
      "geometry": {
        "type": "Point",
        "coordinates": [
          104.035957,
          30.729043
        ]
      },
      "properties": {
        "name": "华侨城·东岸西区",
        "category": "residential",
        "type": "商务住宅;住宅区;住宅小区",
        "district": "金牛区",
        "weight": 1
      }
    },
    {
      "type": "Feature",
      "geometry": {
        "type": "Point",
        "coordinates": [
          104.038913,
          30.72657
        ]
      },
      "properties": {
        "name": "华侨城·天屿",
        "category": "residential",
        "type": "商务住宅;住宅区;住宅小区",
        "district": "金牛区",
        "weight": 1
      }
    },
    {
      "type": "Feature",
      "geometry": {
        "type": "Point",
        "coordinates": [
          104.042755,
          30.721884
        ]
      },
      "properties": {
        "name": "中加水岸",
        "category": "residential",
        "type": "商务住宅;住宅区;住宅小区",
        "district": "金牛区",
        "weight": 1
      }
    },
    {
      "type": "Feature",
      "geometry": {
        "type": "Point",
        "coordinates": [
          104.036112,
          30.727189
        ]
      },
      "properties": {
        "name": "成都华侨城·东岸A1区",
        "category": "residential",
        "type": "商务住宅;住宅区;住宅区",
        "district": "金牛区",
        "weight": 1
      }
    },
    {
      "type": "Feature",
      "geometry": {
        "type": "Point",
        "coordinates": [
          104.041038,
          30.726729
        ]
      },
      "properties": {
        "name": "成都华侨城·东岸A3区",
        "category": "residential",
        "type": "商务住宅;住宅区;住宅区",
        "district": "金牛区",
        "weight": 1
      }
    },
    {
      "type": "Feature",
      "geometry": {
        "type": "Point",
        "coordinates": [
          104.050812,
          30.725115
        ]
      },
      "properties": {
        "name": "金府世家",
        "category": "residential",
        "type": "商务住宅;住宅区;住宅小区",
        "district": "金牛区",
        "weight": 1
      }
    },
    {
      "type": "Feature",
      "geometry": {
        "type": "Point",
        "coordinates": [
          104.049676,
          30.726458
        ]
      },
      "properties": {
        "name": "新桥丽景",
        "category": "residential",
        "type": "商务住宅;住宅区;住宅小区",
        "district": "金牛区",
        "weight": 2
      }
    },
    {
      "type": "Feature",
      "geometry": {
        "type": "Point",
        "coordinates": [
          104.053303,
          30.724506
        ]
      },
      "properties": {
        "name": "沙河·源上金府",
        "category": "residential",
        "type": "商务住宅;住宅区;住宅小区",
        "district": "金牛区",
        "weight": 1
      }
    },
    {
      "type": "Feature",
      "geometry": {
        "type": "Point",
        "coordinates": [
          104.04486,
          30.719918
        ]
      },
      "properties": {
        "name": "新元绿洲",
        "category": "residential",
        "type": "商务住宅;住宅区;住宅区",
        "district": "金牛区",
        "weight": 2
      }
    },
    {
      "type": "Feature",
      "geometry": {
        "type": "Point",
        "coordinates": [
          104.052811,
          30.720985
        ]
      },
      "properties": {
        "name": "洞翠苑",
        "category": "residential",
        "type": "商务住宅;住宅区;住宅小区",
        "district": "金牛区",
        "weight": 1
      }
    },
    {
      "type": "Feature",
      "geometry": {
        "type": "Point",
        "coordinates": [
          104.047788,
          30.727128
        ]
      },
      "properties": {
        "name": "杨柳新屯小区",
        "category": "residential",
        "type": "商务住宅;住宅区;住宅小区",
        "district": "金牛区",
        "weight": 1
      }
    },
    {
      "type": "Feature",
      "geometry": {
        "type": "Point",
        "coordinates": [
          104.052226,
          30.724973
        ]
      },
      "properties": {
        "name": "沙河源上金府2期",
        "category": "residential",
        "type": "商务住宅;住宅区;住宅区",
        "district": "金牛区",
        "weight": 1
      }
    },
    {
      "type": "Feature",
      "geometry": {
        "type": "Point",
        "coordinates": [
          104.053424,
          30.726285
        ]
      },
      "properties": {
        "name": "天悦城",
        "category": "residential",
        "type": "商务住宅;住宅区;住宅小区",
        "district": "金牛区",
        "weight": 1
      }
    },
    {
      "type": "Feature",
      "geometry": {
        "type": "Point",
        "coordinates": [
          104.048472,
          30.726047
        ]
      },
      "properties": {
        "name": "新桥丽景西区",
        "category": "residential",
        "type": "商务住宅;住宅区;住宅小区",
        "district": "金牛区",
        "weight": 1
      }
    },
    {
      "type": "Feature",
      "geometry": {
        "type": "Point",
        "coordinates": [
          104.051354,
          30.727171
        ]
      },
      "properties": {
        "name": "新桥丽景2期",
        "category": "residential",
        "type": "商务住宅;住宅区;住宅区",
        "district": "金牛区",
        "weight": 1
      }
    },
    {
      "type": "Feature",
      "geometry": {
        "type": "Point",
        "coordinates": [
          104.057794,
          30.725585
        ]
      },
      "properties": {
        "name": "蓝光·花满庭",
        "category": "residential",
        "type": "商务住宅;住宅区;住宅小区",
        "district": "金牛区",
        "weight": 1
      }
    },
    {
      "type": "Feature",
      "geometry": {
        "type": "Point",
        "coordinates": [
          104.060023,
          30.72514
        ]
      },
      "properties": {
        "name": "泉水南苑",
        "category": "residential",
        "type": "商务住宅;住宅区;住宅小区",
        "district": "金牛区",
        "weight": 1
      }
    },
    {
      "type": "Feature",
      "geometry": {
        "type": "Point",
        "coordinates": [
          104.0549,
          30.724127
        ]
      },
      "properties": {
        "name": "凌江尚府",
        "category": "residential",
        "type": "商务住宅;住宅区;住宅小区",
        "district": "金牛区",
        "weight": 1
      }
    },
    {
      "type": "Feature",
      "geometry": {
        "type": "Point",
        "coordinates": [
          104.060225,
          30.726127
        ]
      },
      "properties": {
        "name": "泉水北苑",
        "category": "residential",
        "type": "商务住宅;住宅区;住宅小区",
        "district": "金牛区",
        "weight": 1
      }
    },
    {
      "type": "Feature",
      "geometry": {
        "type": "Point",
        "coordinates": [
          104.0608,
          30.723841
        ]
      },
      "properties": {
        "name": "沙河源街道泉水社区",
        "category": "residential",
        "type": "商务住宅;住宅区;住宅小区",
        "district": "金牛区",
        "weight": 1
      }
    },
    {
      "type": "Feature",
      "geometry": {
        "type": "Point",
        "coordinates": [
          104.056907,
          30.72347
        ]
      },
      "properties": {
        "name": "蓉北商贸二段",
        "category": "residential",
        "type": "商务住宅;住宅区;住宅小区",
        "district": "金牛区",
        "weight": 2
      }
    },
    {
      "type": "Feature",
      "geometry": {
        "type": "Point",
        "coordinates": [
          104.055196,
          30.727643
        ]
      },
      "properties": {
        "name": "天悦汇中心2期",
        "category": "residential",
        "type": "商务住宅;住宅区;住宅小区",
        "district": "金牛区",
        "weight": 1
      }
    },
    {
      "type": "Feature",
      "geometry": {
        "type": "Point",
        "coordinates": [
          104.061262,
          30.729261
        ]
      },
      "properties": {
        "name": "泉水人家2期B区",
        "category": "residential",
        "type": "商务住宅;住宅区;住宅小区",
        "district": "金牛区",
        "weight": 1
      }
    },
    {
      "type": "Feature",
      "geometry": {
        "type": "Point",
        "coordinates": [
          104.061622,
          30.725576
        ]
      },
      "properties": {
        "name": "泉水东苑A区",
        "category": "residential",
        "type": "商务住宅;住宅区;住宅小区",
        "district": "金牛区",
        "weight": 2
      }
    },
    {
      "type": "Feature",
      "geometry": {
        "type": "Point",
        "coordinates": [
          104.064803,
          30.721942
        ]
      },
      "properties": {
        "name": "水韵天府",
        "category": "residential",
        "type": "商务住宅;住宅区;住宅小区",
        "district": "金牛区",
        "weight": 1
      }
    },
    {
      "type": "Feature",
      "geometry": {
        "type": "Point",
        "coordinates": [
          104.066591,
          30.722544
        ]
      },
      "properties": {
        "name": "香江岸",
        "category": "residential",
        "type": "商务住宅;住宅区;住宅小区",
        "district": "金牛区",
        "weight": 1
      }
    },
    {
      "type": "Feature",
      "geometry": {
        "type": "Point",
        "coordinates": [
          104.067182,
          30.720373
        ]
      },
      "properties": {
        "name": "三九·绿城",
        "category": "residential",
        "type": "商务住宅;住宅区;住宅小区",
        "district": "金牛区",
        "weight": 1
      }
    },
    {
      "type": "Feature",
      "geometry": {
        "type": "Point",
        "coordinates": [
          104.069106,
          30.719239
        ]
      },
      "properties": {
        "name": "芙华新大陆",
        "category": "residential",
        "type": "商务住宅;住宅区;住宅小区",
        "district": "成华区",
        "weight": 2
      }
    },
    {
      "type": "Feature",
      "geometry": {
        "type": "Point",
        "coordinates": [
          104.0704,
          30.722548
        ]
      },
      "properties": {
        "name": "王贾·红豆华庭",
        "category": "residential",
        "type": "商务住宅;住宅区;住宅小区",
        "district": "金牛区",
        "weight": 2
      }
    },
    {
      "type": "Feature",
      "geometry": {
        "type": "Point",
        "coordinates": [
          104.07344,
          30.719855
        ]
      },
      "properties": {
        "name": "沙河·凤凰城Ⅰ区",
        "category": "residential",
        "type": "商务住宅;住宅区;住宅小区",
        "district": "金牛区",
        "weight": 1
      }
    },
    {
      "type": "Feature",
      "geometry": {
        "type": "Point",
        "coordinates": [
          104.071097,
          30.720853
        ]
      },
      "properties": {
        "name": "邓家大院",
        "category": "residential",
        "type": "商务住宅;住宅区;住宅小区",
        "district": "金牛区",
        "weight": 1
      }
    },
    {
      "type": "Feature",
      "geometry": {
        "type": "Point",
        "coordinates": [
          104.07717,
          30.722993
        ]
      },
      "properties": {
        "name": "绿地·世纪城",
        "category": "residential",
        "type": "商务住宅;住宅区;住宅小区",
        "district": "金牛区",
        "weight": 2
      }
    },
    {
      "type": "Feature",
      "geometry": {
        "type": "Point",
        "coordinates": [
          104.076683,
          30.719665
        ]
      },
      "properties": {
        "name": "沙河凤凰城2区",
        "category": "residential",
        "type": "商务住宅;住宅区;住宅区",
        "district": "金牛区",
        "weight": 3
      }
    },
    {
      "type": "Feature",
      "geometry": {
        "type": "Point",
        "coordinates": [
          104.079925,
          30.72289
        ]
      },
      "properties": {
        "name": "绿地世纪城3期",
        "category": "residential",
        "type": "商务住宅;住宅区;住宅小区",
        "district": "金牛区",
        "weight": 1
      }
    },
    {
      "type": "Feature",
      "geometry": {
        "type": "Point",
        "coordinates": [
          104.073607,
          30.720984
        ]
      },
      "properties": {
        "name": "成都市凤凰山3期",
        "category": "residential",
        "type": "商务住宅;住宅区;住宅小区",
        "district": "金牛区",
        "weight": 1
      }
    },
    {
      "type": "Feature",
      "geometry": {
        "type": "Point",
        "coordinates": [
          104.104308,
          30.719362
        ]
      },
      "properties": {
        "name": "上东1号",
        "category": "residential",
        "type": "商务住宅;住宅区;住宅小区",
        "district": "成华区",
        "weight": 1
      }
    },
    {
      "type": "Feature",
      "geometry": {
        "type": "Point",
        "coordinates": [
          104.112674,
          30.725138
        ]
      },
      "properties": {
        "name": "蓝光金悦府",
        "category": "residential",
        "type": "商务住宅;住宅区;住宅小区",
        "district": "成华区",
        "weight": 1
      }
    },
    {
      "type": "Feature",
      "geometry": {
        "type": "Point",
        "coordinates": [
          104.108978,
          30.727616
        ]
      },
      "properties": {
        "name": "白莲小区",
        "category": "residential",
        "type": "商务住宅;住宅区;住宅小区",
        "district": "成华区",
        "weight": 2
      }
    },
    {
      "type": "Feature",
      "geometry": {
        "type": "Point",
        "coordinates": [
          104.105918,
          30.723208
        ]
      },
      "properties": {
        "name": "御苑",
        "category": "residential",
        "type": "商务住宅;住宅区;住宅小区",
        "district": "成华区",
        "weight": 1
      }
    },
    {
      "type": "Feature",
      "geometry": {
        "type": "Point",
        "coordinates": [
          104.107663,
          30.727612
        ]
      },
      "properties": {
        "name": "白莲小区一号院",
        "category": "residential",
        "type": "商务住宅;住宅区;住宅区",
        "district": "成华区",
        "weight": 1
      }
    },
    {
      "type": "Feature",
      "geometry": {
        "type": "Point",
        "coordinates": [
          104.11497,
          30.725153
        ]
      },
      "properties": {
        "name": "金悦府3期",
        "category": "residential",
        "type": "商务住宅;住宅区;住宅小区",
        "district": "成华区",
        "weight": 1
      }
    },
    {
      "type": "Feature",
      "geometry": {
        "type": "Point",
        "coordinates": [
          104.13079,
          30.723186
        ]
      },
      "properties": {
        "name": "蓝润蓝客城",
        "category": "residential",
        "type": "商务住宅;住宅区;住宅小区",
        "district": "成华区",
        "weight": 1
      }
    },
    {
      "type": "Feature",
      "geometry": {
        "type": "Point",
        "coordinates": [
          104.134106,
          30.727791
        ]
      },
      "properties": {
        "name": "一里塘社区",
        "category": "residential",
        "type": "商务住宅;住宅区;住宅小区",
        "district": "成华区",
        "weight": 1
      }
    },
    {
      "type": "Feature",
      "geometry": {
        "type": "Point",
        "coordinates": [
          104.151875,
          30.722771
        ]
      },
      "properties": {
        "name": "和成社区",
        "category": "residential",
        "type": "商务住宅;住宅区;住宅小区",
        "district": "成华区",
        "weight": 1
      }
    },
    {
      "type": "Feature",
      "geometry": {
        "type": "Point",
        "coordinates": [
          104.16394,
          30.719445
        ]
      },
      "properties": {
        "name": "北湖印象",
        "category": "residential",
        "type": "商务住宅;住宅区;住宅小区",
        "district": "成华区",
        "weight": 3
      }
    },
    {
      "type": "Feature",
      "geometry": {
        "type": "Point",
        "coordinates": [
          104.166629,
          30.721241
        ]
      },
      "properties": {
        "name": "北湖印象东区3期",
        "category": "residential",
        "type": "商务住宅;住宅区;住宅区",
        "district": "成华区",
        "weight": 1
      }
    },
    {
      "type": "Feature",
      "geometry": {
        "type": "Point",
        "coordinates": [
          103.979711,
          30.709804
        ]
      },
      "properties": {
        "name": "清淳家园",
        "category": "residential",
        "type": "商务住宅;住宅区;住宅小区",
        "district": "金牛区",
        "weight": 2
      }
    },
    {
      "type": "Feature",
      "geometry": {
        "type": "Point",
        "coordinates": [
          103.982548,
          30.712936
        ]
      },
      "properties": {
        "name": "金科苑(高家小区)1区",
        "category": "residential",
        "type": "商务住宅;住宅区;住宅小区",
        "district": "金牛区",
        "weight": 1
      }
    },
    {
      "type": "Feature",
      "geometry": {
        "type": "Point",
        "coordinates": [
          103.97766,
          30.718284
        ]
      },
      "properties": {
        "name": "远洋·朗郡",
        "category": "residential",
        "type": "商务住宅;住宅区;住宅小区",
        "district": "金牛区",
        "weight": 1
      }
    },
    {
      "type": "Feature",
      "geometry": {
        "type": "Point",
        "coordinates": [
          103.982887,
          30.715414
        ]
      },
      "properties": {
        "name": "河滨森邻C区",
        "category": "residential",
        "type": "商务住宅;住宅区;住宅小区",
        "district": "金牛区",
        "weight": 1
      }
    },
    {
      "type": "Feature",
      "geometry": {
        "type": "Point",
        "coordinates": [
          103.983373,
          30.711572
        ]
      },
      "properties": {
        "name": "金科苑四区",
        "category": "residential",
        "type": "商务住宅;住宅区;住宅小区",
        "district": "金牛区",
        "weight": 1
      }
    },
    {
      "type": "Feature",
      "geometry": {
        "type": "Point",
        "coordinates": [
          103.980421,
          30.716241
        ]
      },
      "properties": {
        "name": "河滨森邻A区",
        "category": "residential",
        "type": "商务住宅;住宅区;住宅小区",
        "district": "金牛区",
        "weight": 1
      }
    },
    {
      "type": "Feature",
      "geometry": {
        "type": "Point",
        "coordinates": [
          103.981548,
          30.716672
        ]
      },
      "properties": {
        "name": "河滨森邻",
        "category": "residential",
        "type": "商务住宅;住宅区;住宅小区",
        "district": "金牛区",
        "weight": 2
      }
    },
    {
      "type": "Feature",
      "geometry": {
        "type": "Point",
        "coordinates": [
          103.977925,
          30.716101
        ]
      },
      "properties": {
        "name": "龙湖·源著(两河西三路)",
        "category": "residential",
        "type": "商务住宅;住宅区;住宅小区|体育休闲服务;休闲场所;休闲场所",
        "district": "金牛区",
        "weight": 1
      }
    },
    {
      "type": "Feature",
      "geometry": {
        "type": "Point",
        "coordinates": [
          103.981351,
          30.714622
        ]
      },
      "properties": {
        "name": "河滨森邻D区",
        "category": "residential",
        "type": "商务住宅;住宅区;住宅小区",
        "district": "金牛区",
        "weight": 1
      }
    },
    {
      "type": "Feature",
      "geometry": {
        "type": "Point",
        "coordinates": [
          103.989494,
          30.712243
        ]
      },
      "properties": {
        "name": "金牛花园",
        "category": "residential",
        "type": "商务住宅;住宅区;住宅小区",
        "district": "金牛区",
        "weight": 2
      }
    },
    {
      "type": "Feature",
      "geometry": {
        "type": "Point",
        "coordinates": [
          103.986399,
          30.713603
        ]
      },
      "properties": {
        "name": "金科苑六区",
        "category": "residential",
        "type": "商务住宅;住宅区;住宅小区",
        "district": "金牛区",
        "weight": 1
      }
    },
    {
      "type": "Feature",
      "geometry": {
        "type": "Point",
        "coordinates": [
          103.985322,
          30.714732
        ]
      },
      "properties": {
        "name": "金科苑三区",
        "category": "residential",
        "type": "商务住宅;住宅区;住宅小区",
        "district": "金牛区",
        "weight": 2
      }
    },
    {
      "type": "Feature",
      "geometry": {
        "type": "Point",
        "coordinates": [
          103.99195,
          30.712873
        ]
      },
      "properties": {
        "name": "西线阳光",
        "category": "residential",
        "type": "商务住宅;住宅区;住宅小区",
        "district": "金牛区",
        "weight": 1
      }
    },
    {
      "type": "Feature",
      "geometry": {
        "type": "Point",
        "coordinates": [
          103.985852,
          30.712189
        ]
      },
      "properties": {
        "name": "金科社区",
        "category": "residential",
        "type": "商务住宅;住宅区;住宅小区",
        "district": "金牛区",
        "weight": 2
      }
    },
    {
      "type": "Feature",
      "geometry": {
        "type": "Point",
        "coordinates": [
          103.984281,
          30.713495
        ]
      },
      "properties": {
        "name": "金科苑",
        "category": "residential",
        "type": "商务住宅;住宅区;住宅小区",
        "district": "金牛区",
        "weight": 2
      }
    },
    {
      "type": "Feature",
      "geometry": {
        "type": "Point",
        "coordinates": [
          103.984786,
          30.712338
        ]
      },
      "properties": {
        "name": "金科苑五区",
        "category": "residential",
        "type": "商务住宅;住宅区;住宅小区",
        "district": "金牛区",
        "weight": 1
      }
    },
    {
      "type": "Feature",
      "geometry": {
        "type": "Point",
        "coordinates": [
          103.99017,
          30.710502
        ]
      },
      "properties": {
        "name": "百仁安盛",
        "category": "residential",
        "type": "商务住宅;住宅区;住宅小区",
        "district": "金牛区",
        "weight": 1
      }
    },
    {
      "type": "Feature",
      "geometry": {
        "type": "Point",
        "coordinates": [
          103.99167,
          30.710075
        ]
      },
      "properties": {
        "name": "美立方",
        "category": "residential",
        "type": "商务住宅;住宅区;住宅区",
        "district": "金牛区",
        "weight": 3
      }
    },
    {
      "type": "Feature",
      "geometry": {
        "type": "Point",
        "coordinates": [
          103.992391,
          30.711454
        ]
      },
      "properties": {
        "name": "万科·锦西润园(蜀西南三路)",
        "category": "residential",
        "type": "商务住宅;住宅区;住宅小区",
        "district": "金牛区",
        "weight": 1
      }
    },
    {
      "type": "Feature",
      "geometry": {
        "type": "Point",
        "coordinates": [
          103.993573,
          30.710944
        ]
      },
      "properties": {
        "name": "白鸽岛尚",
        "category": "residential",
        "type": "商务住宅;住宅区;住宅小区",
        "district": "金牛区",
        "weight": 1
      }
    },
    {
      "type": "Feature",
      "geometry": {
        "type": "Point",
        "coordinates": [
          104.002712,
          30.710343
        ]
      },
      "properties": {
        "name": "西城映画(蜀跃西路)",
        "category": "residential",
        "type": "商务住宅;住宅区;住宅小区",
        "district": "金牛区",
        "weight": 1
      }
    },
    {
      "type": "Feature",
      "geometry": {
        "type": "Point",
        "coordinates": [
          104.001502,
          30.713856
        ]
      },
      "properties": {
        "name": "近郊民居",
        "category": "residential",
        "type": "商务住宅;住宅区;住宅小区",
        "district": "金牛区",
        "weight": 1
      }
    },
    {
      "type": "Feature",
      "geometry": {
        "type": "Point",
        "coordinates": [
          103.997315,
          30.709566
        ]
      },
      "properties": {
        "name": "路劲高家庄",
        "category": "residential",
        "type": "商务住宅;住宅区;住宅区",
        "district": "金牛区",
        "weight": 1
      }
    },
    {
      "type": "Feature",
      "geometry": {
        "type": "Point",
        "coordinates": [
          104.003605,
          30.716243
        ]
      },
      "properties": {
        "name": "金卉苑",
        "category": "residential",
        "type": "商务住宅;住宅区;住宅小区",
        "district": "金牛区",
        "weight": 1
      }
    },
    {
      "type": "Feature",
      "geometry": {
        "type": "Point",
        "coordinates": [
          103.998364,
          30.719528
        ]
      },
      "properties": {
        "name": "保利国宾首府",
        "category": "residential",
        "type": "商务住宅;住宅区;住宅小区",
        "district": "金牛区",
        "weight": 1
      }
    },
    {
      "type": "Feature",
      "geometry": {
        "type": "Point",
        "coordinates": [
          103.995464,
          30.710376
        ]
      },
      "properties": {
        "name": "金玺园",
        "category": "residential",
        "type": "商务住宅;住宅区;住宅小区",
        "district": "金牛区",
        "weight": 1
      }
    },
    {
      "type": "Feature",
      "geometry": {
        "type": "Point",
        "coordinates": [
          103.997773,
          30.715181
        ]
      },
      "properties": {
        "name": "德润苑",
        "category": "residential",
        "type": "商务住宅;住宅区;住宅区",
        "district": "金牛区",
        "weight": 1
      }
    },
    {
      "type": "Feature",
      "geometry": {
        "type": "Point",
        "coordinates": [
          104.008559,
          30.714198
        ]
      },
      "properties": {
        "name": "仁和香榭广场",
        "category": "residential",
        "type": "商务住宅;住宅区;住宅小区",
        "district": "金牛区",
        "weight": 1
      }
    },
    {
      "type": "Feature",
      "geometry": {
        "type": "Point",
        "coordinates": [
          104.008381,
          30.715896
        ]
      },
      "properties": {
        "name": "蓝海中心",
        "category": "residential",
        "type": "商务住宅;住宅区;住宅区",
        "district": "金牛区",
        "weight": 1
      }
    },
    {
      "type": "Feature",
      "geometry": {
        "type": "Point",
        "coordinates": [
          104.010676,
          30.71549
        ]
      },
      "properties": {
        "name": "省委家属院",
        "category": "residential",
        "type": "商务住宅;住宅区;住宅小区",
        "district": "金牛区",
        "weight": 1
      }
    },
    {
      "type": "Feature",
      "geometry": {
        "type": "Point",
        "coordinates": [
          104.008516,
          30.712257
        ]
      },
      "properties": {
        "name": "华置·西锦城",
        "category": "residential",
        "type": "商务住宅;住宅区;住宅小区",
        "district": "金牛区",
        "weight": 1
      }
    },
    {
      "type": "Feature",
      "geometry": {
        "type": "Point",
        "coordinates": [
          104.006849,
          30.712148
        ]
      },
      "properties": {
        "name": "仁和迎宾",
        "category": "residential",
        "type": "商务住宅;住宅区;住宅小区",
        "district": "金牛区",
        "weight": 1
      }
    },
    {
      "type": "Feature",
      "geometry": {
        "type": "Point",
        "coordinates": [
          104.010321,
          30.711834
        ]
      },
      "properties": {
        "name": "万科国宾首府",
        "category": "residential",
        "type": "商务住宅;住宅区;住宅小区",
        "district": "金牛区",
        "weight": 1
      }
    },
    {
      "type": "Feature",
      "geometry": {
        "type": "Point",
        "coordinates": [
          104.011488,
          30.712606
        ]
      },
      "properties": {
        "name": "金域西岭",
        "category": "residential",
        "type": "商务住宅;住宅区;住宅小区",
        "district": "金牛区",
        "weight": 1
      }
    },
    {
      "type": "Feature",
      "geometry": {
        "type": "Point",
        "coordinates": [
          104.008529,
          30.711356
        ]
      },
      "properties": {
        "name": "恒大·西锦城",
        "category": "residential",
        "type": "商务住宅;住宅区;住宅小区",
        "district": "金牛区",
        "weight": 1
      }
    },
    {
      "type": "Feature",
      "geometry": {
        "type": "Point",
        "coordinates": [
          104.013523,
          30.715491
        ]
      },
      "properties": {
        "name": "迎宾大道一号2期",
        "category": "residential",
        "type": "商务住宅;住宅区;住宅区",
        "district": "金牛区",
        "weight": 1
      }
    },
    {
      "type": "Feature",
      "geometry": {
        "type": "Point",
        "coordinates": [
          104.011337,
          30.710275
        ]
      },
      "properties": {
        "name": "益州蓉苑",
        "category": "residential",
        "type": "商务住宅;住宅区;住宅小区",
        "district": "金牛区",
        "weight": 1
      }
    },
    {
      "type": "Feature",
      "geometry": {
        "type": "Point",
        "coordinates": [
          104.009465,
          30.709531
        ]
      },
      "properties": {
        "name": "西岸观邸",
        "category": "residential",
        "type": "商务住宅;住宅区;住宅小区",
        "district": "金牛区",
        "weight": 1
      }
    },
    {
      "type": "Feature",
      "geometry": {
        "type": "Point",
        "coordinates": [
          104.005183,
          30.710487
        ]
      },
      "properties": {
        "name": "锦城豪庭",
        "category": "residential",
        "type": "商务住宅;住宅区;住宅小区",
        "district": "金牛区",
        "weight": 1
      }
    },
    {
      "type": "Feature",
      "geometry": {
        "type": "Point",
        "coordinates": [
          104.012429,
          30.718312
        ]
      },
      "properties": {
        "name": "金泉4号院",
        "category": "residential",
        "type": "商务住宅;住宅区;住宅小区",
        "district": "金牛区",
        "weight": 1
      }
    },
    {
      "type": "Feature",
      "geometry": {
        "type": "Point",
        "coordinates": [
          104.004822,
          30.7191
        ]
      },
      "properties": {
        "name": "西汇苑",
        "category": "residential",
        "type": "商务住宅;住宅区;住宅小区",
        "district": "金牛区",
        "weight": 1
      }
    },
    {
      "type": "Feature",
      "geometry": {
        "type": "Point",
        "coordinates": [
          104.014834,
          30.711808
        ]
      },
      "properties": {
        "name": "西蜀皓月",
        "category": "residential",
        "type": "商务住宅;住宅区;住宅小区",
        "district": "金牛区",
        "weight": 1
      }
    },
    {
      "type": "Feature",
      "geometry": {
        "type": "Point",
        "coordinates": [
          104.023325,
          30.719279
        ]
      },
      "properties": {
        "name": "纯水岸208区",
        "category": "residential",
        "type": "商务住宅;住宅区;住宅小区",
        "district": "金牛区",
        "weight": 1
      }
    },
    {
      "type": "Feature",
      "geometry": {
        "type": "Point",
        "coordinates": [
          104.022707,
          30.71309
        ]
      },
      "properties": {
        "name": "西城首峻",
        "category": "residential",
        "type": "商务住宅;住宅区;住宅小区",
        "district": "金牛区",
        "weight": 1
      }
    },
    {
      "type": "Feature",
      "geometry": {
        "type": "Point",
        "coordinates": [
          104.016454,
          30.712184
        ]
      },
      "properties": {
        "name": "川西名居",
        "category": "residential",
        "type": "商务住宅;住宅区;住宅小区",
        "district": "金牛区",
        "weight": 1
      }
    },
    {
      "type": "Feature",
      "geometry": {
        "type": "Point",
        "coordinates": [
          104.020734,
          30.713732
        ]
      },
      "properties": {
        "name": "锦熙玉苑",
        "category": "residential",
        "type": "商务住宅;住宅区;住宅小区",
        "district": "金牛区",
        "weight": 1
      }
    },
    {
      "type": "Feature",
      "geometry": {
        "type": "Point",
        "coordinates": [
          104.015927,
          30.710958
        ]
      },
      "properties": {
        "name": "九四信箱第三生活区",
        "category": "residential",
        "type": "商务住宅;住宅区;住宅小区",
        "district": "金牛区",
        "weight": 1
      }
    },
    {
      "type": "Feature",
      "geometry": {
        "type": "Point",
        "coordinates": [
          104.022592,
          30.712143
        ]
      },
      "properties": {
        "name": "金泉街道跃进社区",
        "category": "residential",
        "type": "商务住宅;住宅区;住宅小区",
        "district": "金牛区",
        "weight": 1
      }
    },
    {
      "type": "Feature",
      "geometry": {
        "type": "Point",
        "coordinates": [
          104.024743,
          30.716248
        ]
      },
      "properties": {
        "name": "纯水岸南区",
        "category": "residential",
        "type": "商务住宅;住宅区;住宅小区",
        "district": "金牛区",
        "weight": 1
      }
    },
    {
      "type": "Feature",
      "geometry": {
        "type": "Point",
        "coordinates": [
          104.032051,
          30.710608
        ]
      },
      "properties": {
        "name": "蓝色雅典",
        "category": "residential",
        "type": "商务住宅;住宅区;住宅小区",
        "district": "金牛区",
        "weight": 1
      }
    },
    {
      "type": "Feature",
      "geometry": {
        "type": "Point",
        "coordinates": [
          104.023935,
          30.709594
        ]
      },
      "properties": {
        "name": "嘉宇·天琢城",
        "category": "residential",
        "type": "商务住宅;住宅区;住宅小区",
        "district": "金牛区",
        "weight": 1
      }
    },
    {
      "type": "Feature",
      "geometry": {
        "type": "Point",
        "coordinates": [
          104.024651,
          30.719058
        ]
      },
      "properties": {
        "name": "华侨城纯水岸",
        "category": "residential",
        "type": "商务住宅;住宅区;住宅小区",
        "district": "金牛区",
        "weight": 1
      }
    },
    {
      "type": "Feature",
      "geometry": {
        "type": "Point",
        "coordinates": [
          104.033086,
          30.711013
        ]
      },
      "properties": {
        "name": "蓝色空间如意府D区",
        "category": "residential",
        "type": "商务住宅;住宅区;住宅小区",
        "district": "金牛区",
        "weight": 1
      }
    },
    {
      "type": "Feature",
      "geometry": {
        "type": "Point",
        "coordinates": [
          104.033405,
          30.714457
        ]
      },
      "properties": {
        "name": "万贯银座小区办公点",
        "category": "residential",
        "type": "商务住宅;住宅区;住宅区",
        "district": "金牛区",
        "weight": 1
      }
    },
    {
      "type": "Feature",
      "geometry": {
        "type": "Point",
        "coordinates": [
          104.039633,
          30.714381
        ]
      },
      "properties": {
        "name": "长久新城长乐苑",
        "category": "residential",
        "type": "商务住宅;住宅区;住宅小区",
        "district": "金牛区",
        "weight": 1
      }
    },
    {
      "type": "Feature",
      "geometry": {
        "type": "Point",
        "coordinates": [
          104.039147,
          30.71177
        ]
      },
      "properties": {
        "name": "花香九里",
        "category": "residential",
        "type": "商务住宅;住宅区;住宅小区",
        "district": "金牛区",
        "weight": 2
      }
    },
    {
      "type": "Feature",
      "geometry": {
        "type": "Point",
        "coordinates": [
          104.04126,
          30.714104
        ]
      },
      "properties": {
        "name": "长久新城长福苑",
        "category": "residential",
        "type": "商务住宅;住宅区;住宅小区",
        "district": "金牛区",
        "weight": 1
      }
    },
    {
      "type": "Feature",
      "geometry": {
        "type": "Point",
        "coordinates": [
          104.037192,
          30.711939
        ]
      },
      "properties": {
        "name": "久鑫华园",
        "category": "residential",
        "type": "商务住宅;住宅区;住宅小区",
        "district": "金牛区",
        "weight": 1
      }
    },
    {
      "type": "Feature",
      "geometry": {
        "type": "Point",
        "coordinates": [
          104.038971,
          30.71008
        ]
      },
      "properties": {
        "name": "锦鸿西苑",
        "category": "residential",
        "type": "商务住宅;住宅区;住宅小区",
        "district": "金牛区",
        "weight": 6
      }
    },
    {
      "type": "Feature",
      "geometry": {
        "type": "Point",
        "coordinates": [
          104.041598,
          30.712112
        ]
      },
      "properties": {
        "name": "长久新城长兴苑",
        "category": "residential",
        "type": "商务住宅;住宅区;住宅小区",
        "district": "金牛区",
        "weight": 2
      }
    },
    {
      "type": "Feature",
      "geometry": {
        "type": "Point",
        "coordinates": [
          104.034414,
          30.714819
        ]
      },
      "properties": {
        "name": "金府西部正金机电城",
        "category": "residential",
        "type": "商务住宅;住宅区;住宅区",
        "district": "金牛区",
        "weight": 1
      }
    },
    {
      "type": "Feature",
      "geometry": {
        "type": "Point",
        "coordinates": [
          104.03466,
          30.712012
        ]
      },
      "properties": {
        "name": "蓝色空间A1",
        "category": "residential",
        "type": "商务住宅;住宅区;住宅区",
        "district": "金牛区",
        "weight": 3
      }
    },
    {
      "type": "Feature",
      "geometry": {
        "type": "Point",
        "coordinates": [
          104.041869,
          30.716983
        ]
      },
      "properties": {
        "name": "新桥逸景",
        "category": "residential",
        "type": "商务住宅;住宅区;住宅小区",
        "district": "金牛区",
        "weight": 1
      }
    },
    {
      "type": "Feature",
      "geometry": {
        "type": "Point",
        "coordinates": [
          104.04313,
          30.714773
        ]
      },
      "properties": {
        "name": "万基·兰御",
        "category": "residential",
        "type": "商务住宅;住宅区;住宅小区",
        "district": "金牛区",
        "weight": 1
      }
    },
    {
      "type": "Feature",
      "geometry": {
        "type": "Point",
        "coordinates": [
          104.035495,
          30.711049
        ]
      },
      "properties": {
        "name": "蓝色空间",
        "category": "residential",
        "type": "商务住宅;住宅区;住宅小区",
        "district": "金牛区",
        "weight": 1
      }
    },
    {
      "type": "Feature",
      "geometry": {
        "type": "Point",
        "coordinates": [
          104.035564,
          30.718234
        ]
      },
      "properties": {
        "name": "金府旺角",
        "category": "residential",
        "type": "商务住宅;住宅区;住宅小区",
        "district": "金牛区",
        "weight": 1
      }
    },
    {
      "type": "Feature",
      "geometry": {
        "type": "Point",
        "coordinates": [
          104.041572,
          30.710295
        ]
      },
      "properties": {
        "name": "星河小区",
        "category": "residential",
        "type": "商务住宅;住宅区;住宅小区",
        "district": "金牛区",
        "weight": 2
      }
    },
    {
      "type": "Feature",
      "geometry": {
        "type": "Point",
        "coordinates": [
          104.036824,
          30.709443
        ]
      },
      "properties": {
        "name": "金桔花园北苑",
        "category": "residential",
        "type": "商务住宅;住宅区;住宅小区",
        "district": "金牛区",
        "weight": 3
      }
    },
    {
      "type": "Feature",
      "geometry": {
        "type": "Point",
        "coordinates": [
          104.050007,
          30.7147
        ]
      },
      "properties": {
        "name": "五合苑",
        "category": "residential",
        "type": "商务住宅;住宅区;住宅小区",
        "district": "金牛区",
        "weight": 1
      }
    },
    {
      "type": "Feature",
      "geometry": {
        "type": "Point",
        "coordinates": [
          104.045915,
          30.714287
        ]
      },
      "properties": {
        "name": "幸福时光(星汉路)",
        "category": "residential",
        "type": "商务住宅;住宅区;住宅小区",
        "district": "金牛区",
        "weight": 1
      }
    },
    {
      "type": "Feature",
      "geometry": {
        "type": "Point",
        "coordinates": [
          104.045901,
          30.71549
        ]
      },
      "properties": {
        "name": "新天地民苑",
        "category": "residential",
        "type": "商务住宅;住宅区;住宅小区",
        "district": "金牛区",
        "weight": 1
      }
    },
    {
      "type": "Feature",
      "geometry": {
        "type": "Point",
        "coordinates": [
          104.052301,
          30.715139
        ]
      },
      "properties": {
        "name": "五福佳苑",
        "category": "residential",
        "type": "商务住宅;住宅区;住宅小区",
        "district": "金牛区",
        "weight": 1
      }
    },
    {
      "type": "Feature",
      "geometry": {
        "type": "Point",
        "coordinates": [
          104.047817,
          30.710961
        ]
      },
      "properties": {
        "name": "博爱家园(九里堤北路)",
        "category": "residential",
        "type": "商务住宅;住宅区;住宅小区",
        "district": "金牛区",
        "weight": 1
      }
    },
    {
      "type": "Feature",
      "geometry": {
        "type": "Point",
        "coordinates": [
          104.044407,
          30.714245
        ]
      },
      "properties": {
        "name": "千禧花园(星汉路)",
        "category": "residential",
        "type": "商务住宅;住宅区;住宅小区",
        "district": "金牛区",
        "weight": 1
      }
    },
    {
      "type": "Feature",
      "geometry": {
        "type": "Point",
        "coordinates": [
          104.044587,
          30.715602
        ]
      },
      "properties": {
        "name": "九里苑",
        "category": "residential",
        "type": "商务住宅;住宅区;住宅小区",
        "district": "金牛区",
        "weight": 1
      }
    },
    {
      "type": "Feature",
      "geometry": {
        "type": "Point",
        "coordinates": [
          104.046064,
          30.710194
        ]
      },
      "properties": {
        "name": "佳美花园",
        "category": "residential",
        "type": "商务住宅;住宅区;住宅小区",
        "district": "金牛区",
        "weight": 3
      }
    },
    {
      "type": "Feature",
      "geometry": {
        "type": "Point",
        "coordinates": [
          104.050238,
          30.710262
        ]
      },
      "properties": {
        "name": "九里堤北路小区",
        "category": "residential",
        "type": "商务住宅;住宅区;住宅小区",
        "district": "金牛区",
        "weight": 2
      }
    },
    {
      "type": "Feature",
      "geometry": {
        "type": "Point",
        "coordinates": [
          104.043901,
          30.716417
        ]
      },
      "properties": {
        "name": "新桥逸景C区",
        "category": "residential",
        "type": "商务住宅;住宅区;住宅小区",
        "district": "金牛区",
        "weight": 1
      }
    },
    {
      "type": "Feature",
      "geometry": {
        "type": "Point",
        "coordinates": [
          104.048713,
          30.70979
        ]
      },
      "properties": {
        "name": "九里西苑",
        "category": "residential",
        "type": "商务住宅;住宅区;住宅区",
        "district": "金牛区",
        "weight": 2
      }
    },
    {
      "type": "Feature",
      "geometry": {
        "type": "Point",
        "coordinates": [
          104.044643,
          30.711237
        ]
      },
      "properties": {
        "name": "交大智能小区(4-5期)",
        "category": "residential",
        "type": "商务住宅;住宅区;住宅小区",
        "district": "金牛区",
        "weight": 1
      }
    },
    {
      "type": "Feature",
      "geometry": {
        "type": "Point",
        "coordinates": [
          104.045235,
          30.718228
        ]
      },
      "properties": {
        "name": "兴元绿洲",
        "category": "residential",
        "type": "商务住宅;住宅区;住宅小区",
        "district": "金牛区",
        "weight": 1
      }
    },
    {
      "type": "Feature",
      "geometry": {
        "type": "Point",
        "coordinates": [
          104.047302,
          30.709693
        ]
      },
      "properties": {
        "name": "星科北街2号院",
        "category": "residential",
        "type": "商务住宅;住宅区;住宅小区",
        "district": "金牛区",
        "weight": 1
      }
    },
    {
      "type": "Feature",
      "geometry": {
        "type": "Point",
        "coordinates": [
          104.051493,
          30.709598
        ]
      },
      "properties": {
        "name": "聚贤半岛花苑",
        "category": "residential",
        "type": "商务住宅;住宅区;住宅小区",
        "district": "金牛区",
        "weight": 1
      }
    },
    {
      "type": "Feature",
      "geometry": {
        "type": "Point",
        "coordinates": [
          104.058964,
          30.716048
        ]
      },
      "properties": {
        "name": "合力达·映日荷花",
        "category": "residential",
        "type": "商务住宅;住宅区;住宅小区",
        "district": "金牛区",
        "weight": 1
      }
    },
    {
      "type": "Feature",
      "geometry": {
        "type": "Point",
        "coordinates": [
          104.056671,
          30.716419
        ]
      },
      "properties": {
        "name": "峰尚",
        "category": "residential",
        "type": "商务住宅;住宅区;住宅区",
        "district": "金牛区",
        "weight": 1
      }
    },
    {
      "type": "Feature",
      "geometry": {
        "type": "Point",
        "coordinates": [
          104.061624,
          30.713376
        ]
      },
      "properties": {
        "name": "龙湖·北城天街2期",
        "category": "residential",
        "type": "商务住宅;住宅区;住宅小区",
        "district": "金牛区",
        "weight": 1
      }
    },
    {
      "type": "Feature",
      "geometry": {
        "type": "Point",
        "coordinates": [
          104.062455,
          30.715484
        ]
      },
      "properties": {
        "name": "华润·银杏华庭",
        "category": "residential",
        "type": "商务住宅;住宅区;住宅小区",
        "district": "金牛区",
        "weight": 1
      }
    },
    {
      "type": "Feature",
      "geometry": {
        "type": "Point",
        "coordinates": [
          104.059874,
          30.717754
        ]
      },
      "properties": {
        "name": "福宁小区",
        "category": "residential",
        "type": "商务住宅;住宅区;住宅小区",
        "district": "金牛区",
        "weight": 1
      }
    },
    {
      "type": "Feature",
      "geometry": {
        "type": "Point",
        "coordinates": [
          104.055392,
          30.7186
        ]
      },
      "properties": {
        "name": "忠义苑",
        "category": "residential",
        "type": "商务住宅;住宅区;住宅区",
        "district": "金牛区",
        "weight": 2
      }
    },
    {
      "type": "Feature",
      "geometry": {
        "type": "Point",
        "coordinates": [
          104.069164,
          30.713444
        ]
      },
      "properties": {
        "name": "滨雅苑",
        "category": "residential",
        "type": "商务住宅;住宅区;住宅小区",
        "district": "成华区",
        "weight": 2
      }
    },
    {
      "type": "Feature",
      "geometry": {
        "type": "Point",
        "coordinates": [
          104.066503,
          30.713829
        ]
      },
      "properties": {
        "name": "龙湖北城1期",
        "category": "residential",
        "type": "商务住宅;住宅区;住宅区",
        "district": "金牛区",
        "weight": 4
      }
    },
    {
      "type": "Feature",
      "geometry": {
        "type": "Point",
        "coordinates": [
          104.066648,
          30.715476
        ]
      },
      "properties": {
        "name": "五福桥东路八号院(五福桥东路)",
        "category": "residential",
        "type": "商务住宅;住宅区;住宅小区",
        "district": "金牛区",
        "weight": 1
      }
    },
    {
      "type": "Feature",
      "geometry": {
        "type": "Point",
        "coordinates": [
          104.068619,
          30.711586
        ]
      },
      "properties": {
        "name": "花郡佳园",
        "category": "residential",
        "type": "商务住宅;住宅区;住宅小区",
        "district": "成华区",
        "weight": 3
      }
    },
    {
      "type": "Feature",
      "geometry": {
        "type": "Point",
        "coordinates": [
          104.070703,
          30.713114
        ]
      },
      "properties": {
        "name": "河滨丽苑",
        "category": "residential",
        "type": "商务住宅;住宅区;住宅小区",
        "district": "成华区",
        "weight": 1
      }
    },
    {
      "type": "Feature",
      "geometry": {
        "type": "Point",
        "coordinates": [
          104.064851,
          30.713451
        ]
      },
      "properties": {
        "name": "北城时代",
        "category": "residential",
        "type": "商务住宅;住宅区;住宅区",
        "district": "金牛区",
        "weight": 1
      }
    },
    {
      "type": "Feature",
      "geometry": {
        "type": "Point",
        "coordinates": [
          104.07048,
          30.710846
        ]
      },
      "properties": {
        "name": "花径园",
        "category": "residential",
        "type": "商务住宅;住宅区;住宅小区",
        "district": "成华区",
        "weight": 1
      }
    },
    {
      "type": "Feature",
      "geometry": {
        "type": "Point",
        "coordinates": [
          104.065244,
          30.710989
        ]
      },
      "properties": {
        "name": "北城盛世",
        "category": "residential",
        "type": "商务住宅;住宅区;住宅小区",
        "district": "金牛区",
        "weight": 1
      }
    },
    {
      "type": "Feature",
      "geometry": {
        "type": "Point",
        "coordinates": [
          104.072854,
          30.716826
        ]
      },
      "properties": {
        "name": "沙河阳光",
        "category": "residential",
        "type": "商务住宅;住宅区;住宅小区",
        "district": "金牛区",
        "weight": 1
      }
    },
    {
      "type": "Feature",
      "geometry": {
        "type": "Point",
        "coordinates": [
          104.068391,
          30.709645
        ]
      },
      "properties": {
        "name": "北港新城",
        "category": "residential",
        "type": "商务住宅;住宅区;住宅小区",
        "district": "金牛区",
        "weight": 1
      }
    },
    {
      "type": "Feature",
      "geometry": {
        "type": "Point",
        "coordinates": [
          104.066153,
          30.710035
        ]
      },
      "properties": {
        "name": "智业福地",
        "category": "residential",
        "type": "商务住宅;住宅区;住宅小区",
        "district": "金牛区",
        "weight": 1
      }
    },
    {
      "type": "Feature",
      "geometry": {
        "type": "Point",
        "coordinates": [
          104.072785,
          30.710876
        ]
      },
      "properties": {
        "name": "天福缘(水武街)",
        "category": "residential",
        "type": "商务住宅;住宅区;住宅小区",
        "district": "成华区",
        "weight": 1
      }
    },
    {
      "type": "Feature",
      "geometry": {
        "type": "Point",
        "coordinates": [
          104.073652,
          30.709972
        ]
      },
      "properties": {
        "name": "水武街77号院",
        "category": "residential",
        "type": "商务住宅;住宅区;住宅区",
        "district": "成华区",
        "weight": 2
      }
    },
    {
      "type": "Feature",
      "geometry": {
        "type": "Point",
        "coordinates": [
          104.076096,
          30.717338
        ]
      },
      "properties": {
        "name": "双水康城",
        "category": "residential",
        "type": "商务住宅;住宅区;住宅小区",
        "district": "成华区",
        "weight": 2
      }
    },
    {
      "type": "Feature",
      "geometry": {
        "type": "Point",
        "coordinates": [
          104.074928,
          30.715311
        ]
      },
      "properties": {
        "name": "微时代",
        "category": "residential",
        "type": "商务住宅;住宅区;住宅区",
        "district": "成华区",
        "weight": 3
      }
    },
    {
      "type": "Feature",
      "geometry": {
        "type": "Point",
        "coordinates": [
          104.089696,
          30.714322
        ]
      },
      "properties": {
        "name": "沙河北岸",
        "category": "residential",
        "type": "商务住宅;住宅区;住宅小区",
        "district": "成华区",
        "weight": 2
      }
    },
    {
      "type": "Feature",
      "geometry": {
        "type": "Point",
        "coordinates": [
          104.092818,
          30.71342
        ]
      },
      "properties": {
        "name": "上行锦绣",
        "category": "residential",
        "type": "商务住宅;住宅区;住宅小区",
        "district": "成华区",
        "weight": 1
      }
    },
    {
      "type": "Feature",
      "geometry": {
        "type": "Point",
        "coordinates": [
          104.09113,
          30.71455
        ]
      },
      "properties": {
        "name": "荆竹小区二号院",
        "category": "residential",
        "type": "商务住宅;住宅区;住宅小区",
        "district": "成华区",
        "weight": 1
      }
    },
    {
      "type": "Feature",
      "geometry": {
        "type": "Point",
        "coordinates": [
          104.091438,
          30.718394
        ]
      },
      "properties": {
        "name": "荆竹小区六号院",
        "category": "residential",
        "type": "商务住宅;住宅区;住宅小区",
        "district": "成华区",
        "weight": 1
      }
    },
    {
      "type": "Feature",
      "geometry": {
        "type": "Point",
        "coordinates": [
          104.091436,
          30.711193
        ]
      },
      "properties": {
        "name": "兴元华盛",
        "category": "residential",
        "type": "商务住宅;住宅区;住宅小区",
        "district": "成华区",
        "weight": 2
      }
    },
    {
      "type": "Feature",
      "geometry": {
        "type": "Point",
        "coordinates": [
          104.091491,
          30.716384
        ]
      },
      "properties": {
        "name": "荆竹小区三号院",
        "category": "residential",
        "type": "商务住宅;住宅区;住宅小区",
        "district": "成华区",
        "weight": 1
      }
    },
    {
      "type": "Feature",
      "geometry": {
        "type": "Point",
        "coordinates": [
          104.093253,
          30.715627
        ]
      },
      "properties": {
        "name": "荆竹苑",
        "category": "residential",
        "type": "商务住宅;住宅区;住宅小区",
        "district": "成华区",
        "weight": 1
      }
    },
    {
      "type": "Feature",
      "geometry": {
        "type": "Point",
        "coordinates": [
          104.092841,
          30.712172
        ]
      },
      "properties": {
        "name": "成华区双水碾街道云锦社区",
        "category": "residential",
        "type": "商务住宅;住宅区;住宅小区",
        "district": "成华区",
        "weight": 1
      }
    },
    {
      "type": "Feature",
      "geometry": {
        "type": "Point",
        "coordinates": [
          104.08961,
          30.7159
        ]
      },
      "properties": {
        "name": "沙河北岸北区",
        "category": "residential",
        "type": "商务住宅;住宅区;住宅小区",
        "district": "成华区",
        "weight": 2
      }
    },
    {
      "type": "Feature",
      "geometry": {
        "type": "Point",
        "coordinates": [
          104.089462,
          30.710314
        ]
      },
      "properties": {
        "name": "丽水澜庭",
        "category": "residential",
        "type": "商务住宅;住宅区;住宅小区",
        "district": "成华区",
        "weight": 2
      }
    },
    {
      "type": "Feature",
      "geometry": {
        "type": "Point",
        "coordinates": [
          104.091062,
          30.713095
        ]
      },
      "properties": {
        "name": "荆竹小区一号院",
        "category": "residential",
        "type": "商务住宅;住宅区;住宅区",
        "district": "成华区",
        "weight": 2
      }
    },
    {
      "type": "Feature",
      "geometry": {
        "type": "Point",
        "coordinates": [
          104.088456,
          30.717081
        ]
      },
      "properties": {
        "name": "荆竹小区五号院",
        "category": "residential",
        "type": "商务住宅;住宅区;住宅小区",
        "district": "成华区",
        "weight": 1
      }
    },
    {
      "type": "Feature",
      "geometry": {
        "type": "Point",
        "coordinates": [
          104.092293,
          30.714288
        ]
      },
      "properties": {
        "name": "竹林居",
        "category": "residential",
        "type": "商务住宅;住宅区;住宅小区",
        "district": "成华区",
        "weight": 1
      }
    },
    {
      "type": "Feature",
      "geometry": {
        "type": "Point",
        "coordinates": [
          104.098024,
          30.717031
        ]
      },
      "properties": {
        "name": "蓉铁花园",
        "category": "residential",
        "type": "商务住宅;住宅区;住宅小区",
        "district": "成华区",
        "weight": 1
      }
    },
    {
      "type": "Feature",
      "geometry": {
        "type": "Point",
        "coordinates": [
          104.095155,
          30.712643
        ]
      },
      "properties": {
        "name": "雍华府",
        "category": "residential",
        "type": "商务住宅;住宅区;住宅小区",
        "district": "成华区",
        "weight": 1
      }
    },
    {
      "type": "Feature",
      "geometry": {
        "type": "Point",
        "coordinates": [
          104.094289,
          30.715322
        ]
      },
      "properties": {
        "name": "维多利亚富御",
        "category": "residential",
        "type": "商务住宅;住宅区;住宅小区",
        "district": "成华区",
        "weight": 1
      }
    },
    {
      "type": "Feature",
      "geometry": {
        "type": "Point",
        "coordinates": [
          104.099184,
          30.718061
        ]
      },
      "properties": {
        "name": "荆竹小区八号院",
        "category": "residential",
        "type": "商务住宅;住宅区;住宅小区",
        "district": "成华区",
        "weight": 1
      }
    },
    {
      "type": "Feature",
      "geometry": {
        "type": "Point",
        "coordinates": [
          104.09615,
          30.711087
        ]
      },
      "properties": {
        "name": "招商·雍华府2期",
        "category": "residential",
        "type": "商务住宅;住宅区;住宅小区",
        "district": "成华区",
        "weight": 1
      }
    },
    {
      "type": "Feature",
      "geometry": {
        "type": "Point",
        "coordinates": [
          104.094057,
          30.712912
        ]
      },
      "properties": {
        "name": "招商·雍华府1期",
        "category": "residential",
        "type": "商务住宅;住宅区;住宅区",
        "district": "成华区",
        "weight": 1
      }
    },
    {
      "type": "Feature",
      "geometry": {
        "type": "Point",
        "coordinates": [
          104.095816,
          30.717829
        ]
      },
      "properties": {
        "name": "凤翔华庭",
        "category": "residential",
        "type": "商务住宅;住宅区;住宅小区",
        "district": "成华区",
        "weight": 1
      }
    },
    {
      "type": "Feature",
      "geometry": {
        "type": "Point",
        "coordinates": [
          104.103053,
          30.715947
        ]
      },
      "properties": {
        "name": "蓝光BRC·富丽花城春色园",
        "category": "residential",
        "type": "商务住宅;住宅区;住宅小区",
        "district": "成华区",
        "weight": 1
      }
    },
    {
      "type": "Feature",
      "geometry": {
        "type": "Point",
        "coordinates": [
          104.102893,
          30.717307
        ]
      },
      "properties": {
        "name": "上东1号·蓉华上林",
        "category": "residential",
        "type": "商务住宅;住宅区;住宅小区",
        "district": "成华区",
        "weight": 1
      }
    },
    {
      "type": "Feature",
      "geometry": {
        "type": "Point",
        "coordinates": [
          104.094113,
          30.718038
        ]
      },
      "properties": {
        "name": "荆竹小区七号院",
        "category": "residential",
        "type": "商务住宅;住宅区;住宅小区",
        "district": "成华区",
        "weight": 1
      }
    },
    {
      "type": "Feature",
      "geometry": {
        "type": "Point",
        "coordinates": [
          104.094504,
          30.710046
        ]
      },
      "properties": {
        "name": "兴元华盛3区",
        "category": "residential",
        "type": "商务住宅;住宅区;住宅小区",
        "district": "成华区",
        "weight": 2
      }
    },
    {
      "type": "Feature",
      "geometry": {
        "type": "Point",
        "coordinates": [
          104.109274,
          30.713783
        ]
      },
      "properties": {
        "name": "金科一城",
        "category": "residential",
        "type": "商务住宅;住宅区;住宅小区",
        "district": "成华区",
        "weight": 1
      }
    },
    {
      "type": "Feature",
      "geometry": {
        "type": "Point",
        "coordinates": [
          104.107826,
          30.713036
        ]
      },
      "properties": {
        "name": "平安小区",
        "category": "residential",
        "type": "商务住宅;住宅区;住宅小区",
        "district": "成华区",
        "weight": 3
      }
    },
    {
      "type": "Feature",
      "geometry": {
        "type": "Point",
        "coordinates": [
          104.110111,
          30.716295
        ]
      },
      "properties": {
        "name": "东林小区",
        "category": "residential",
        "type": "商务住宅;住宅区;住宅小区",
        "district": "成华区",
        "weight": 1
      }
    },
    {
      "type": "Feature",
      "geometry": {
        "type": "Point",
        "coordinates": [
          104.104843,
          30.714699
        ]
      },
      "properties": {
        "name": "华润·翠林华庭",
        "category": "residential",
        "type": "商务住宅;住宅区;住宅小区",
        "district": "成华区",
        "weight": 1
      }
    },
    {
      "type": "Feature",
      "geometry": {
        "type": "Point",
        "coordinates": [
          104.10556,
          30.717201
        ]
      },
      "properties": {
        "name": "上东1号3期",
        "category": "residential",
        "type": "商务住宅;住宅区;住宅小区|地名地址信息;门牌信息;楼栋号",
        "district": "成华区",
        "weight": 2
      }
    },
    {
      "type": "Feature",
      "geometry": {
        "type": "Point",
        "coordinates": [
          104.112872,
          30.715918
        ]
      },
      "properties": {
        "name": "合能·东林城市花园",
        "category": "residential",
        "type": "商务住宅;住宅区;住宅小区",
        "district": "成华区",
        "weight": 1
      }
    },
    {
      "type": "Feature",
      "geometry": {
        "type": "Point",
        "coordinates": [
          104.113233,
          30.713389
        ]
      },
      "properties": {
        "name": "首创光和城",
        "category": "residential",
        "type": "商务住宅;住宅区;住宅小区",
        "district": "成华区",
        "weight": 1
      }
    },
    {
      "type": "Feature",
      "geometry": {
        "type": "Point",
        "coordinates": [
          104.110079,
          30.718581
        ]
      },
      "properties": {
        "name": "富丽花城",
        "category": "residential",
        "type": "商务住宅;住宅区;住宅小区",
        "district": "成华区",
        "weight": 1
      }
    },
    {
      "type": "Feature",
      "geometry": {
        "type": "Point",
        "coordinates": [
          104.113378,
          30.718132
        ]
      },
      "properties": {
        "name": "华宇·阳光尚座",
        "category": "residential",
        "type": "商务住宅;住宅区;住宅小区",
        "district": "成华区",
        "weight": 1
      }
    },
    {
      "type": "Feature",
      "geometry": {
        "type": "Point",
        "coordinates": [
          104.11882,
          30.711244
        ]
      },
      "properties": {
        "name": "蓝光·COCO国际1期",
        "category": "residential",
        "type": "商务住宅;住宅区;住宅小区",
        "district": "成华区",
        "weight": 1
      }
    },
    {
      "type": "Feature",
      "geometry": {
        "type": "Point",
        "coordinates": [
          104.119755,
          30.712702
        ]
      },
      "properties": {
        "name": "蓝光·COCO国际",
        "category": "residential",
        "type": "商务住宅;住宅区;住宅小区",
        "district": "成华区",
        "weight": 1
      }
    },
    {
      "type": "Feature",
      "geometry": {
        "type": "Point",
        "coordinates": [
          104.129118,
          30.715038
        ]
      },
      "properties": {
        "name": "新山复郡",
        "category": "residential",
        "type": "商务住宅;住宅区;住宅小区",
        "district": "成华区",
        "weight": 1
      }
    },
    {
      "type": "Feature",
      "geometry": {
        "type": "Point",
        "coordinates": [
          104.126817,
          30.715025
        ]
      },
      "properties": {
        "name": "翠屏北里(荆翠东路)",
        "category": "residential",
        "type": "商务住宅;住宅区;住宅小区",
        "district": "成华区",
        "weight": 1
      }
    },
    {
      "type": "Feature",
      "geometry": {
        "type": "Point",
        "coordinates": [
          104.159888,
          30.710026
        ]
      },
      "properties": {
        "name": "北湖新城1期",
        "category": "residential",
        "type": "商务住宅;住宅区;住宅小区",
        "district": "成华区",
        "weight": 1
      }
    },
    {
      "type": "Feature",
      "geometry": {
        "type": "Point",
        "coordinates": [
          104.166653,
          30.716578
        ]
      },
      "properties": {
        "name": "北湖印象南区",
        "category": "residential",
        "type": "商务住宅;住宅区;住宅小区",
        "district": "成华区",
        "weight": 3
      }
    },
    {
      "type": "Feature",
      "geometry": {
        "type": "Point",
        "coordinates": [
          104.168854,
          30.718544
        ]
      },
      "properties": {
        "name": "北湖印象6期",
        "category": "residential",
        "type": "商务住宅;住宅区;住宅小区",
        "district": "成华区",
        "weight": 1
      }
    },
    {
      "type": "Feature",
      "geometry": {
        "type": "Point",
        "coordinates": [
          104.16481,
          30.717188
        ]
      },
      "properties": {
        "name": "北湖印象1期",
        "category": "residential",
        "type": "商务住宅;住宅区;住宅区",
        "district": "成华区",
        "weight": 1
      }
    },
    {
      "type": "Feature",
      "geometry": {
        "type": "Point",
        "coordinates": [
          104.165796,
          30.718274
        ]
      },
      "properties": {
        "name": "北湖印象-东区",
        "category": "residential",
        "type": "商务住宅;住宅区;住宅区",
        "district": "成华区",
        "weight": 1
      }
    },
    {
      "type": "Feature",
      "geometry": {
        "type": "Point",
        "coordinates": [
          104.167382,
          30.718897
        ]
      },
      "properties": {
        "name": "北湖印象5期",
        "category": "residential",
        "type": "商务住宅;住宅区;住宅小区",
        "district": "成华区",
        "weight": 1
      }
    },
    {
      "type": "Feature",
      "geometry": {
        "type": "Point",
        "coordinates": [
          104.163901,
          30.718515
        ]
      },
      "properties": {
        "name": "北湖印象2期(南门)",
        "category": "residential",
        "type": "商务住宅;住宅区;住宅小区|通行设施;临街院门;临街院门",
        "district": "成华区",
        "weight": 1
      }
    },
    {
      "type": "Feature",
      "geometry": {
        "type": "Point",
        "coordinates": [
          104.174077,
          30.714229
        ]
      },
      "properties": {
        "name": "恒大锦城(建设中)",
        "category": "residential",
        "type": "商务住宅;住宅区;住宅小区",
        "district": "成华区",
        "weight": 1
      }
    },
    {
      "type": "Feature",
      "geometry": {
        "type": "Point",
        "coordinates": [
          104.177019,
          30.71425
        ]
      },
      "properties": {
        "name": "绿地悦蓉公馆",
        "category": "residential",
        "type": "商务住宅;住宅区;住宅小区",
        "district": "成华区",
        "weight": 1
      }
    },
    {
      "type": "Feature",
      "geometry": {
        "type": "Point",
        "coordinates": [
          103.966262,
          30.701511
        ]
      },
      "properties": {
        "name": "中航工业成飞单身公寓(纬一路)",
        "category": "residential",
        "type": "商务住宅;住宅区;住宅小区",
        "district": "青羊区",
        "weight": 1
      }
    },
    {
      "type": "Feature",
      "geometry": {
        "type": "Point",
        "coordinates": [
          103.96388,
          30.700292
        ]
      },
      "properties": {
        "name": "成飞217小区",
        "category": "residential",
        "type": "商务住宅;住宅区;住宅小区",
        "district": "青羊区",
        "weight": 1
      }
    },
    {
      "type": "Feature",
      "geometry": {
        "type": "Point",
        "coordinates": [
          103.975915,
          30.702752
        ]
      },
      "properties": {
        "name": "清淳家园2期A区",
        "category": "residential",
        "type": "商务住宅;住宅区;住宅小区",
        "district": "金牛区",
        "weight": 1
      }
    },
    {
      "type": "Feature",
      "geometry": {
        "type": "Point",
        "coordinates": [
          103.974854,
          30.702058
        ]
      },
      "properties": {
        "name": "清淳家园2期B区",
        "category": "residential",
        "type": "商务住宅;住宅区;住宅小区",
        "district": "金牛区",
        "weight": 1
      }
    },
    {
      "type": "Feature",
      "geometry": {
        "type": "Point",
        "coordinates": [
          103.978324,
          30.705054
        ]
      },
      "properties": {
        "name": "清淳家园4区",
        "category": "residential",
        "type": "商务住宅;住宅区;住宅小区",
        "district": "金牛区",
        "weight": 4
      }
    },
    {
      "type": "Feature",
      "geometry": {
        "type": "Point",
        "coordinates": [
          103.979231,
          30.706836
        ]
      },
      "properties": {
        "name": "雨河社区",
        "category": "residential",
        "type": "商务住宅;住宅区;住宅小区",
        "district": "金牛区",
        "weight": 3
      }
    },
    {
      "type": "Feature",
      "geometry": {
        "type": "Point",
        "coordinates": [
          103.976502,
          30.70724
        ]
      },
      "properties": {
        "name": "清淳一街25号院",
        "category": "residential",
        "type": "商务住宅;住宅区;住宅区",
        "district": "金牛区",
        "weight": 1
      }
    },
    {
      "type": "Feature",
      "geometry": {
        "type": "Point",
        "coordinates": [
          103.992058,
          30.708458
        ]
      },
      "properties": {
        "name": "两河锦地",
        "category": "residential",
        "type": "商务住宅;住宅区;住宅小区",
        "district": "金牛区",
        "weight": 1
      }
    },
    {
      "type": "Feature",
      "geometry": {
        "type": "Point",
        "coordinates": [
          103.984105,
          30.709573
        ]
      },
      "properties": {
        "name": "华宇西城雅郡",
        "category": "residential",
        "type": "商务住宅;住宅区;住宅小区",
        "district": "金牛区",
        "weight": 1
      }
    },
    {
      "type": "Feature",
      "geometry": {
        "type": "Point",
        "coordinates": [
          103.988843,
          30.70812
        ]
      },
      "properties": {
        "name": "保利·梧桐语",
        "category": "residential",
        "type": "商务住宅;住宅区;住宅小区",
        "district": "金牛区",
        "weight": 1
      }
    },
    {
      "type": "Feature",
      "geometry": {
        "type": "Point",
        "coordinates": [
          103.997922,
          30.704928
        ]
      },
      "properties": {
        "name": "金泉阳光景新苑",
        "category": "residential",
        "type": "商务住宅;住宅区;住宅小区",
        "district": "金牛区",
        "weight": 1
      }
    },
    {
      "type": "Feature",
      "geometry": {
        "type": "Point",
        "coordinates": [
          104.000068,
          30.705104
        ]
      },
      "properties": {
        "name": "居然小区",
        "category": "residential",
        "type": "商务住宅;住宅区;住宅小区",
        "district": "金牛区",
        "weight": 2
      }
    },
    {
      "type": "Feature",
      "geometry": {
        "type": "Point",
        "coordinates": [
          103.999055,
          30.702742
        ]
      },
      "properties": {
        "name": "郎家小区",
        "category": "residential",
        "type": "商务住宅;住宅区;住宅小区",
        "district": "金牛区",
        "weight": 1
      }
    },
    {
      "type": "Feature",
      "geometry": {
        "type": "Point",
        "coordinates": [
          104.000759,
          30.703308
        ]
      },
      "properties": {
        "name": "青房·尚瑞天韵",
        "category": "residential",
        "type": "商务住宅;住宅区;住宅小区",
        "district": "金牛区",
        "weight": 1
      }
    },
    {
      "type": "Feature",
      "geometry": {
        "type": "Point",
        "coordinates": [
          104.001634,
          30.705419
        ]
      },
      "properties": {
        "name": "蜀汉芯天地",
        "category": "residential",
        "type": "商务住宅;住宅区;住宅小区",
        "district": "金牛区",
        "weight": 1
      }
    },
    {
      "type": "Feature",
      "geometry": {
        "type": "Point",
        "coordinates": [
          103.99706,
          30.707062
        ]
      },
      "properties": {
        "name": "金泉阳光畅新苑",
        "category": "residential",
        "type": "商务住宅;住宅区;住宅小区",
        "district": "金牛区",
        "weight": 1
      }
    },
    {
      "type": "Feature",
      "geometry": {
        "type": "Point",
        "coordinates": [
          104.000534,
          30.701702
        ]
      },
      "properties": {
        "name": "金泉阳光怡新苑",
        "category": "residential",
        "type": "商务住宅;住宅区;住宅小区",
        "district": "金牛区",
        "weight": 1
      }
    },
    {
      "type": "Feature",
      "geometry": {
        "type": "Point",
        "coordinates": [
          103.99922,
          30.700831
        ]
      },
      "properties": {
        "name": "蓝光·金悅金沙",
        "category": "residential",
        "type": "商务住宅;住宅区;住宅小区",
        "district": "金牛区",
        "weight": 1
      }
    },
    {
      "type": "Feature",
      "geometry": {
        "type": "Point",
        "coordinates": [
          103.99496,
          30.707531
        ]
      },
      "properties": {
        "name": "金泉街办蜀西社区",
        "category": "residential",
        "type": "商务住宅;住宅区;住宅小区",
        "district": "金牛区",
        "weight": 1
      }
    },
    {
      "type": "Feature",
      "geometry": {
        "type": "Point",
        "coordinates": [
          104.003004,
          30.706938
        ]
      },
      "properties": {
        "name": "西城星座",
        "category": "residential",
        "type": "商务住宅;住宅区;住宅小区",
        "district": "金牛区",
        "weight": 1
      }
    },
    {
      "type": "Feature",
      "geometry": {
        "type": "Point",
        "coordinates": [
          104.001172,
          30.708415
        ]
      },
      "properties": {
        "name": "风林假日",
        "category": "residential",
        "type": "商务住宅;住宅区;住宅小区",
        "district": "金牛区",
        "weight": 1
      }
    },
    {
      "type": "Feature",
      "geometry": {
        "type": "Point",
        "coordinates": [
          103.995732,
          30.708518
        ]
      },
      "properties": {
        "name": "高家庄赞城",
        "category": "residential",
        "type": "商务住宅;住宅区;住宅小区",
        "district": "金牛区",
        "weight": 2
      }
    },
    {
      "type": "Feature",
      "geometry": {
        "type": "Point",
        "coordinates": [
          103.993931,
          30.707274
        ]
      },
      "properties": {
        "name": "金泉阳光雅新苑",
        "category": "residential",
        "type": "商务住宅;住宅区;住宅小区",
        "district": "金牛区",
        "weight": 1
      }
    },
    {
      "type": "Feature",
      "geometry": {
        "type": "Point",
        "coordinates": [
          104.001242,
          30.70937
        ]
      },
      "properties": {
        "name": "益州锦苑",
        "category": "residential",
        "type": "商务住宅;住宅区;住宅小区",
        "district": "金牛区",
        "weight": 1
      }
    },
    {
      "type": "Feature",
      "geometry": {
        "type": "Point",
        "coordinates": [
          104.00286,
          30.700359
        ]
      },
      "properties": {
        "name": "金地·嘉年华城西区",
        "category": "residential",
        "type": "商务住宅;住宅区;住宅区",
        "district": "青羊区",
        "weight": 2
      }
    },
    {
      "type": "Feature",
      "geometry": {
        "type": "Point",
        "coordinates": [
          104.006895,
          30.703846
        ]
      },
      "properties": {
        "name": "西蜀瑞苑",
        "category": "residential",
        "type": "商务住宅;住宅区;住宅小区",
        "district": "金牛区",
        "weight": 1
      }
    },
    {
      "type": "Feature",
      "geometry": {
        "type": "Point",
        "coordinates": [
          104.00725,
          30.702197
        ]
      },
      "properties": {
        "name": "明阳·家在回廊",
        "category": "residential",
        "type": "商务住宅;住宅区;住宅小区",
        "district": "金牛区",
        "weight": 1
      }
    },
    {
      "type": "Feature",
      "geometry": {
        "type": "Point",
        "coordinates": [
          104.006372,
          30.702777
        ]
      },
      "properties": {
        "name": "和谐家园(蜀汉路)",
        "category": "residential",
        "type": "商务住宅;住宅区;住宅小区",
        "district": "金牛区",
        "weight": 1
      }
    },
    {
      "type": "Feature",
      "geometry": {
        "type": "Point",
        "coordinates": [
          104.006955,
          30.706843
        ]
      },
      "properties": {
        "name": "檀香花园",
        "category": "residential",
        "type": "商务住宅;住宅区;住宅小区",
        "district": "金牛区",
        "weight": 1
      }
    },
    {
      "type": "Feature",
      "geometry": {
        "type": "Point",
        "coordinates": [
          104.011992,
          30.703827
        ]
      },
      "properties": {
        "name": "新雨香沁",
        "category": "residential",
        "type": "商务住宅;住宅区;住宅小区",
        "district": "金牛区",
        "weight": 1
      }
    },
    {
      "type": "Feature",
      "geometry": {
        "type": "Point",
        "coordinates": [
          104.007233,
          30.700889
        ]
      },
      "properties": {
        "name": "大院人家",
        "category": "residential",
        "type": "商务住宅;住宅区;住宅小区",
        "district": "金牛区",
        "weight": 3
      }
    },
    {
      "type": "Feature",
      "geometry": {
        "type": "Point",
        "coordinates": [
          104.010095,
          30.70079
        ]
      },
      "properties": {
        "name": "千和茗居",
        "category": "residential",
        "type": "商务住宅;住宅区;住宅小区",
        "district": "金牛区",
        "weight": 1
      }
    },
    {
      "type": "Feature",
      "geometry": {
        "type": "Point",
        "coordinates": [
          104.004387,
          30.705942
        ]
      },
      "properties": {
        "name": "翡翠海湾",
        "category": "residential",
        "type": "商务住宅;住宅区;住宅小区",
        "district": "金牛区",
        "weight": 1
      }
    },
    {
      "type": "Feature",
      "geometry": {
        "type": "Point",
        "coordinates": [
          104.006345,
          30.708269
        ]
      },
      "properties": {
        "name": "普罗旺斯(蜀跃路)",
        "category": "residential",
        "type": "商务住宅;住宅区;住宅小区",
        "district": "金牛区",
        "weight": 1
      }
    },
    {
      "type": "Feature",
      "geometry": {
        "type": "Point",
        "coordinates": [
          104.0123,
          30.700921
        ]
      },
      "properties": {
        "name": "红色佳苑",
        "category": "residential",
        "type": "商务住宅;住宅区;住宅小区",
        "district": "金牛区",
        "weight": 1
      }
    },
    {
      "type": "Feature",
      "geometry": {
        "type": "Point",
        "coordinates": [
          104.004117,
          30.70748
        ]
      },
      "properties": {
        "name": "泰逸美景",
        "category": "residential",
        "type": "商务住宅;住宅区;住宅小区",
        "district": "金牛区",
        "weight": 1
      }
    },
    {
      "type": "Feature",
      "geometry": {
        "type": "Point",
        "coordinates": [
          104.011253,
          30.700074
        ]
      },
      "properties": {
        "name": "西延锦绣",
        "category": "residential",
        "type": "商务住宅;住宅区;住宅小区",
        "district": "金牛区",
        "weight": 1
      }
    },
    {
      "type": "Feature",
      "geometry": {
        "type": "Point",
        "coordinates": [
          104.004436,
          30.709132
        ]
      },
      "properties": {
        "name": "金牛区金泉街道高家社区",
        "category": "residential",
        "type": "商务住宅;住宅区;住宅小区",
        "district": "金牛区",
        "weight": 1
      }
    },
    {
      "type": "Feature",
      "geometry": {
        "type": "Point",
        "coordinates": [
          104.00413,
          30.699672
        ]
      },
      "properties": {
        "name": "金地·嘉年华城",
        "category": "residential",
        "type": "商务住宅;住宅区;住宅小区",
        "district": "青羊区",
        "weight": 1
      }
    },
    {
      "type": "Feature",
      "geometry": {
        "type": "Point",
        "coordinates": [
          104.018074,
          30.703678
        ]
      },
      "properties": {
        "name": "博雅馨地",
        "category": "residential",
        "type": "商务住宅;住宅区;住宅小区",
        "district": "金牛区",
        "weight": 1
      }
    },
    {
      "type": "Feature",
      "geometry": {
        "type": "Point",
        "coordinates": [
          104.01907,
          30.705543
        ]
      },
      "properties": {
        "name": "锦熙玉苑(育仁北路)",
        "category": "residential",
        "type": "商务住宅;住宅区;住宅小区",
        "district": "金牛区",
        "weight": 1
      }
    },
    {
      "type": "Feature",
      "geometry": {
        "type": "Point",
        "coordinates": [
          104.019206,
          30.702492
        ]
      },
      "properties": {
        "name": "墨池公寓",
        "category": "residential",
        "type": "商务住宅;住宅区;住宅小区",
        "district": "金牛区",
        "weight": 5
      }
    },
    {
      "type": "Feature",
      "geometry": {
        "type": "Point",
        "coordinates": [
          104.017049,
          30.704098
        ]
      },
      "properties": {
        "name": "西西里二期·公园前",
        "category": "residential",
        "type": "商务住宅;住宅区;住宅小区",
        "district": "金牛区",
        "weight": 1
      }
    },
    {
      "type": "Feature",
      "geometry": {
        "type": "Point",
        "coordinates": [
          104.016895,
          30.705486
        ]
      },
      "properties": {
        "name": "西西里",
        "category": "residential",
        "type": "商务住宅;住宅区;住宅小区",
        "district": "金牛区",
        "weight": 1
      }
    },
    {
      "type": "Feature",
      "geometry": {
        "type": "Point",
        "coordinates": [
          104.018763,
          30.707139
        ]
      },
      "properties": {
        "name": "西雅语嫣",
        "category": "residential",
        "type": "商务住宅;住宅区;住宅小区",
        "district": "金牛区",
        "weight": 1
      }
    },
    {
      "type": "Feature",
      "geometry": {
        "type": "Point",
        "coordinates": [
          104.020917,
          30.702024
        ]
      },
      "properties": {
        "name": "育才路小区",
        "category": "residential",
        "type": "商务住宅;住宅区;住宅小区",
        "district": "金牛区",
        "weight": 2
      }
    },
    {
      "type": "Feature",
      "geometry": {
        "type": "Point",
        "coordinates": [
          104.022237,
          30.703266
        ]
      },
      "properties": {
        "name": "西街7号院",
        "category": "residential",
        "type": "商务住宅;住宅区;住宅小区",
        "district": "金牛区",
        "weight": 4
      }
    },
    {
      "type": "Feature",
      "geometry": {
        "type": "Point",
        "coordinates": [
          104.016991,
          30.701964
        ]
      },
      "properties": {
        "name": "育苗佳苑",
        "category": "residential",
        "type": "商务住宅;住宅区;住宅小区",
        "district": "金牛区",
        "weight": 1
      }
    },
    {
      "type": "Feature",
      "geometry": {
        "type": "Point",
        "coordinates": [
          104.015634,
          30.702859
        ]
      },
      "properties": {
        "name": "茗园尚筑",
        "category": "residential",
        "type": "商务住宅;住宅区;住宅小区",
        "district": "金牛区",
        "weight": 1
      }
    },
    {
      "type": "Feature",
      "geometry": {
        "type": "Point",
        "coordinates": [
          104.017067,
          30.70062
        ]
      },
      "properties": {
        "name": "福详家园",
        "category": "residential",
        "type": "商务住宅;住宅区;住宅区",
        "district": "金牛区",
        "weight": 2
      }
    },
    {
      "type": "Feature",
      "geometry": {
        "type": "Point",
        "coordinates": [
          104.023086,
          30.70661
        ]
      },
      "properties": {
        "name": "万通金牛新都会",
        "category": "residential",
        "type": "商务住宅;住宅区;住宅小区",
        "district": "金牛区",
        "weight": 1
      }
    },
    {
      "type": "Feature",
      "geometry": {
        "type": "Point",
        "coordinates": [
          104.022361,
          30.70749
        ]
      },
      "properties": {
        "name": "翼社区",
        "category": "residential",
        "type": "商务住宅;住宅区;住宅小区",
        "district": "金牛区",
        "weight": 1
      }
    },
    {
      "type": "Feature",
      "geometry": {
        "type": "Point",
        "coordinates": [
          104.018429,
          30.699601
        ]
      },
      "properties": {
        "name": "福祥家园瑞祥苑",
        "category": "residential",
        "type": "商务住宅;住宅区;住宅小区",
        "district": "金牛区",
        "weight": 1
      }
    },
    {
      "type": "Feature",
      "geometry": {
        "type": "Point",
        "coordinates": [
          104.022658,
          30.700204
        ]
      },
      "properties": {
        "name": "金牛座",
        "category": "residential",
        "type": "商务住宅;住宅区;住宅小区",
        "district": "金牛区",
        "weight": 4
      }
    },
    {
      "type": "Feature",
      "geometry": {
        "type": "Point",
        "coordinates": [
          104.014076,
          30.701166
        ]
      },
      "properties": {
        "name": "阳曦芙蓉城",
        "category": "residential",
        "type": "商务住宅;住宅区;住宅小区",
        "district": "金牛区",
        "weight": 1
      }
    },
    {
      "type": "Feature",
      "geometry": {
        "type": "Point",
        "coordinates": [
          104.015169,
          30.699618
        ]
      },
      "properties": {
        "name": "福祥家园瑞康苑",
        "category": "residential",
        "type": "商务住宅;住宅区;住宅小区",
        "district": "金牛区",
        "weight": 1
      }
    },
    {
      "type": "Feature",
      "geometry": {
        "type": "Point",
        "coordinates": [
          104.020235,
          30.706997
        ]
      },
      "properties": {
        "name": "西蜀皓月3期",
        "category": "residential",
        "type": "商务住宅;住宅区;住宅区",
        "district": "金牛区",
        "weight": 1
      }
    },
    {
      "type": "Feature",
      "geometry": {
        "type": "Point",
        "coordinates": [
          104.030382,
          30.703388
        ]
      },
      "properties": {
        "name": "深越西园(子云路)",
        "category": "residential",
        "type": "商务住宅;住宅区;住宅小区",
        "district": "金牛区",
        "weight": 1
      }
    },
    {
      "type": "Feature",
      "geometry": {
        "type": "Point",
        "coordinates": [
          104.031504,
          30.703678
        ]
      },
      "properties": {
        "name": "花照小区",
        "category": "residential",
        "type": "商务住宅;住宅区;住宅小区",
        "district": "金牛区",
        "weight": 1
      }
    },
    {
      "type": "Feature",
      "geometry": {
        "type": "Point",
        "coordinates": [
          104.028766,
          30.701754
        ]
      },
      "properties": {
        "name": "首开龙湖紫宸(建设中)",
        "category": "residential",
        "type": "商务住宅;住宅区;住宅小区",
        "district": "金牛区",
        "weight": 1
      }
    },
    {
      "type": "Feature",
      "geometry": {
        "type": "Point",
        "coordinates": [
          104.030616,
          30.706974
        ]
      },
      "properties": {
        "name": "锦西人家",
        "category": "residential",
        "type": "商务住宅;住宅区;住宅区",
        "district": "金牛区",
        "weight": 2
      }
    },
    {
      "type": "Feature",
      "geometry": {
        "type": "Point",
        "coordinates": [
          104.031907,
          30.705685
        ]
      },
      "properties": {
        "name": "锦西人家2期",
        "category": "residential",
        "type": "商务住宅;住宅区;住宅小区",
        "district": "金牛区",
        "weight": 2
      }
    },
    {
      "type": "Feature",
      "geometry": {
        "type": "Point",
        "coordinates": [
          104.025323,
          30.702718
        ]
      },
      "properties": {
        "name": "优派公寓",
        "category": "residential",
        "type": "商务住宅;住宅区;住宅小区",
        "district": "金牛区",
        "weight": 1
      }
    },
    {
      "type": "Feature",
      "geometry": {
        "type": "Point",
        "coordinates": [
          104.029465,
          30.70866
        ]
      },
      "properties": {
        "name": "尚熙庭苑",
        "category": "residential",
        "type": "商务住宅;住宅区;住宅小区",
        "district": "金牛区",
        "weight": 2
      }
    },
    {
      "type": "Feature",
      "geometry": {
        "type": "Point",
        "coordinates": [
          104.02437,
          30.701666
        ]
      },
      "properties": {
        "name": "西街社区",
        "category": "residential",
        "type": "商务住宅;住宅区;住宅小区",
        "district": "金牛区",
        "weight": 2
      }
    },
    {
      "type": "Feature",
      "geometry": {
        "type": "Point",
        "coordinates": [
          104.030764,
          30.700465
        ]
      },
      "properties": {
        "name": "龙湖·花照1期",
        "category": "residential",
        "type": "商务住宅;住宅区;住宅小区",
        "district": "金牛区",
        "weight": 1
      }
    },
    {
      "type": "Feature",
      "geometry": {
        "type": "Point",
        "coordinates": [
          104.025923,
          30.708298
        ]
      },
      "properties": {
        "name": "金府路6号小区(金府路)",
        "category": "residential",
        "type": "商务住宅;住宅区;住宅小区",
        "district": "金牛区",
        "weight": 1
      }
    },
    {
      "type": "Feature",
      "geometry": {
        "type": "Point",
        "coordinates": [
          104.032954,
          30.706875
        ]
      },
      "properties": {
        "name": "锦西人家四期",
        "category": "residential",
        "type": "商务住宅;住宅区;住宅小区",
        "district": "金牛区",
        "weight": 1
      }
    },
    {
      "type": "Feature",
      "geometry": {
        "type": "Point",
        "coordinates": [
          104.024375,
          30.707504
        ]
      },
      "properties": {
        "name": "生活2区",
        "category": "residential",
        "type": "商务住宅;住宅区;住宅小区",
        "district": "金牛区",
        "weight": 2
      }
    },
    {
      "type": "Feature",
      "geometry": {
        "type": "Point",
        "coordinates": [
          104.032364,
          30.708366
        ]
      },
      "properties": {
        "name": "城市绿舟花园",
        "category": "residential",
        "type": "商务住宅;住宅区;住宅小区",
        "district": "金牛区",
        "weight": 1
      }
    },
    {
      "type": "Feature",
      "geometry": {
        "type": "Point",
        "coordinates": [
          104.024715,
          30.699281
        ]
      },
      "properties": {
        "name": "城市博客阳光里",
        "category": "residential",
        "type": "商务住宅;住宅区;住宅小区",
        "district": "金牛区",
        "weight": 5
      }
    },
    {
      "type": "Feature",
      "geometry": {
        "type": "Point",
        "coordinates": [
          104.039174,
          30.703575
        ]
      },
      "properties": {
        "name": "华宇·锦城名都",
        "category": "residential",
        "type": "商务住宅;住宅区;住宅小区",
        "district": "金牛区",
        "weight": 1
      }
    },
    {
      "type": "Feature",
      "geometry": {
        "type": "Point",
        "coordinates": [
          104.037637,
          30.705068
        ]
      },
      "properties": {
        "name": "今日家园(长庆东一路)",
        "category": "residential",
        "type": "商务住宅;住宅区;住宅小区",
        "district": "金牛区",
        "weight": 1
      }
    },
    {
      "type": "Feature",
      "geometry": {
        "type": "Point",
        "coordinates": [
          104.038054,
          30.702716
        ]
      },
      "properties": {
        "name": "锦城名都2期",
        "category": "residential",
        "type": "商务住宅;住宅区;住宅区",
        "district": "金牛区",
        "weight": 2
      }
    },
    {
      "type": "Feature",
      "geometry": {
        "type": "Point",
        "coordinates": [
          104.040682,
          30.704169
        ]
      },
      "properties": {
        "name": "九里教师苑",
        "category": "residential",
        "type": "商务住宅;住宅区;住宅小区",
        "district": "金牛区",
        "weight": 1
      }
    },
    {
      "type": "Feature",
      "geometry": {
        "type": "Point",
        "coordinates": [
          104.039218,
          30.706522
        ]
      },
      "properties": {
        "name": "香榭里",
        "category": "residential",
        "type": "商务住宅;住宅区;住宅小区",
        "district": "金牛区",
        "weight": 2
      }
    },
    {
      "type": "Feature",
      "geometry": {
        "type": "Point",
        "coordinates": [
          104.036264,
          30.704219
        ]
      },
      "properties": {
        "name": "第九交响南区",
        "category": "residential",
        "type": "商务住宅;住宅区;住宅小区",
        "district": "金牛区",
        "weight": 1
      }
    },
    {
      "type": "Feature",
      "geometry": {
        "type": "Point",
        "coordinates": [
          104.038064,
          30.707256
        ]
      },
      "properties": {
        "name": "香榭里公交苑",
        "category": "residential",
        "type": "商务住宅;住宅区;住宅小区",
        "district": "金牛区",
        "weight": 4
      }
    },
    {
      "type": "Feature",
      "geometry": {
        "type": "Point",
        "coordinates": [
          104.035653,
          30.706825
        ]
      },
      "properties": {
        "name": "怡泽苑",
        "category": "residential",
        "type": "商务住宅;住宅区;住宅小区",
        "district": "金牛区",
        "weight": 6
      }
    },
    {
      "type": "Feature",
      "geometry": {
        "type": "Point",
        "coordinates": [
          104.035283,
          30.705223
        ]
      },
      "properties": {
        "name": "第九交响",
        "category": "residential",
        "type": "商务住宅;住宅区;住宅小区",
        "district": "金牛区",
        "weight": 1
      }
    },
    {
      "type": "Feature",
      "geometry": {
        "type": "Point",
        "coordinates": [
          104.042059,
          30.704668
        ]
      },
      "properties": {
        "name": "交大路号",
        "category": "residential",
        "type": "商务住宅;住宅区;住宅小区",
        "district": "金牛区",
        "weight": 1
      }
    },
    {
      "type": "Feature",
      "geometry": {
        "type": "Point",
        "coordinates": [
          104.040531,
          30.701732
        ]
      },
      "properties": {
        "name": "宏源新居",
        "category": "residential",
        "type": "商务住宅;住宅区;住宅小区",
        "district": "金牛区",
        "weight": 3
      }
    },
    {
      "type": "Feature",
      "geometry": {
        "type": "Point",
        "coordinates": [
          104.040267,
          30.707448
        ]
      },
      "properties": {
        "name": "人和佳苑",
        "category": "residential",
        "type": "商务住宅;住宅区;住宅小区",
        "district": "金牛区",
        "weight": 2
      }
    },
    {
      "type": "Feature",
      "geometry": {
        "type": "Point",
        "coordinates": [
          104.035052,
          30.703248
        ]
      },
      "properties": {
        "name": "金海雅舍",
        "category": "residential",
        "type": "商务住宅;住宅区;住宅小区",
        "district": "金牛区",
        "weight": 1
      }
    },
    {
      "type": "Feature",
      "geometry": {
        "type": "Point",
        "coordinates": [
          104.035884,
          30.701606
        ]
      },
      "properties": {
        "name": "和睦人家3期",
        "category": "residential",
        "type": "商务住宅;住宅区;住宅区",
        "district": "金牛区",
        "weight": 2
      }
    },
    {
      "type": "Feature",
      "geometry": {
        "type": "Point",
        "coordinates": [
          104.033877,
          30.704381
        ]
      },
      "properties": {
        "name": "花照壁西顺街31号院",
        "category": "residential",
        "type": "商务住宅;住宅区;住宅小区",
        "district": "金牛区",
        "weight": 3
      }
    },
    {
      "type": "Feature",
      "geometry": {
        "type": "Point",
        "coordinates": [
          104.044862,
          30.703054
        ]
      },
      "properties": {
        "name": "三友小区",
        "category": "residential",
        "type": "商务住宅;住宅区;住宅小区",
        "district": "金牛区",
        "weight": 12
      }
    },
    {
      "type": "Feature",
      "geometry": {
        "type": "Point",
        "coordinates": [
          104.041539,
          30.707895
        ]
      },
      "properties": {
        "name": "众合华庭",
        "category": "residential",
        "type": "商务住宅;住宅区;住宅小区",
        "district": "金牛区",
        "weight": 2
      }
    },
    {
      "type": "Feature",
      "geometry": {
        "type": "Point",
        "coordinates": [
          104.037575,
          30.700422
        ]
      },
      "properties": {
        "name": "和睦·新天地",
        "category": "residential",
        "type": "商务住宅;住宅区;住宅小区",
        "district": "金牛区",
        "weight": 1
      }
    },
    {
      "type": "Feature",
      "geometry": {
        "type": "Point",
        "coordinates": [
          104.042825,
          30.707722
        ]
      },
      "properties": {
        "name": "九里苑西区",
        "category": "residential",
        "type": "商务住宅;住宅区;住宅小区",
        "district": "金牛区",
        "weight": 2
      }
    },
    {
      "type": "Feature",
      "geometry": {
        "type": "Point",
        "coordinates": [
          104.038358,
          30.699606
        ]
      },
      "properties": {
        "name": "银沙新居",
        "category": "residential",
        "type": "商务住宅;住宅区;住宅小区",
        "district": "金牛区",
        "weight": 1
      }
    },
    {
      "type": "Feature",
      "geometry": {
        "type": "Point",
        "coordinates": [
          104.040919,
          30.708942
        ]
      },
      "properties": {
        "name": "佳美榕苑",
        "category": "residential",
        "type": "商务住宅;住宅区;住宅小区",
        "district": "金牛区",
        "weight": 1
      }
    },
    {
      "type": "Feature",
      "geometry": {
        "type": "Point",
        "coordinates": [
          104.0351,
          30.70843
        ]
      },
      "properties": {
        "name": "聚贤阁",
        "category": "residential",
        "type": "商务住宅;住宅区;住宅小区",
        "district": "金牛区",
        "weight": 2
      }
    },
    {
      "type": "Feature",
      "geometry": {
        "type": "Point",
        "coordinates": [
          104.042763,
          30.700815
        ]
      },
      "properties": {
        "name": "银河路小区",
        "category": "residential",
        "type": "商务住宅;住宅区;住宅小区",
        "district": "金牛区",
        "weight": 2
      }
    },
    {
      "type": "Feature",
      "geometry": {
        "type": "Point",
        "coordinates": [
          104.041587,
          30.698165
        ]
      },
      "properties": {
        "name": "银沙公寓",
        "category": "residential",
        "type": "商务住宅;住宅区;住宅小区",
        "district": "金牛区",
        "weight": 31
      }
    },
    {
      "type": "Feature",
      "geometry": {
        "type": "Point",
        "coordinates": [
          104.033821,
          30.707694
        ]
      },
      "properties": {
        "name": "长庆路4号院",
        "category": "residential",
        "type": "商务住宅;住宅区;住宅小区",
        "district": "金牛区",
        "weight": 1
      }
    },
    {
      "type": "Feature",
      "geometry": {
        "type": "Point",
        "coordinates": [
          104.033946,
          30.700255
        ]
      },
      "properties": {
        "name": "顶峰·水岸汇景1期C区",
        "category": "residential",
        "type": "商务住宅;住宅区;住宅小区",
        "district": "金牛区",
        "weight": 1
      }
    },
    {
      "type": "Feature",
      "geometry": {
        "type": "Point",
        "coordinates": [
          104.042818,
          30.709325
        ]
      },
      "properties": {
        "name": "锦西花园",
        "category": "residential",
        "type": "商务住宅;住宅区;住宅小区",
        "district": "金牛区",
        "weight": 1
      }
    },
    {
      "type": "Feature",
      "geometry": {
        "type": "Point",
        "coordinates": [
          104.033785,
          30.709351
        ]
      },
      "properties": {
        "name": "恒和华园",
        "category": "residential",
        "type": "商务住宅;住宅区;住宅小区",
        "district": "金牛区",
        "weight": 1
      }
    },
    {
      "type": "Feature",
      "geometry": {
        "type": "Point",
        "coordinates": [
          104.048512,
          30.704888
        ]
      },
      "properties": {
        "name": "群星花园",
        "category": "residential",
        "type": "商务住宅;住宅区;住宅小区",
        "district": "金牛区",
        "weight": 1
      }
    },
    {
      "type": "Feature",
      "geometry": {
        "type": "Point",
        "coordinates": [
          104.047466,
          30.703808
        ]
      },
      "properties": {
        "name": "交大智能1期",
        "category": "residential",
        "type": "商务住宅;住宅区;住宅区",
        "district": "金牛区",
        "weight": 1
      }
    },
    {
      "type": "Feature",
      "geometry": {
        "type": "Point",
        "coordinates": [
          104.047809,
          30.706072
        ]
      },
      "properties": {
        "name": "云庭苑",
        "category": "residential",
        "type": "商务住宅;住宅区;住宅小区",
        "district": "金牛区",
        "weight": 1
      }
    },
    {
      "type": "Feature",
      "geometry": {
        "type": "Point",
        "coordinates": [
          104.045873,
          30.705563
        ]
      },
      "properties": {
        "name": "交大智能小区",
        "category": "residential",
        "type": "商务住宅;住宅区;住宅小区",
        "district": "金牛区",
        "weight": 3
      }
    },
    {
      "type": "Feature",
      "geometry": {
        "type": "Point",
        "coordinates": [
          104.046737,
          30.701923
        ]
      },
      "properties": {
        "name": "西南交通大学九里校区北园住宅区",
        "category": "residential",
        "type": "商务住宅;住宅区;住宅小区",
        "district": "金牛区",
        "weight": 2
      }
    },
    {
      "type": "Feature",
      "geometry": {
        "type": "Point",
        "coordinates": [
          104.050762,
          30.706567
        ]
      },
      "properties": {
        "name": "交大东园",
        "category": "residential",
        "type": "商务住宅;住宅区;住宅小区",
        "district": "金牛区",
        "weight": 2
      }
    },
    {
      "type": "Feature",
      "geometry": {
        "type": "Point",
        "coordinates": [
          104.044625,
          30.704151
        ]
      },
      "properties": {
        "name": "交桂一巷11号院",
        "category": "residential",
        "type": "商务住宅;住宅区;住宅小区",
        "district": "金牛区",
        "weight": 1
      }
    },
    {
      "type": "Feature",
      "geometry": {
        "type": "Point",
        "coordinates": [
          104.050051,
          30.708329
        ]
      },
      "properties": {
        "name": "亲水美居",
        "category": "residential",
        "type": "商务住宅;住宅区;住宅小区",
        "district": "金牛区",
        "weight": 6
      }
    },
    {
      "type": "Feature",
      "geometry": {
        "type": "Point",
        "coordinates": [
          104.045611,
          30.707696
        ]
      },
      "properties": {
        "name": "锦西民园",
        "category": "residential",
        "type": "商务住宅;住宅区;住宅小区",
        "district": "金牛区",
        "weight": 1
      }
    },
    {
      "type": "Feature",
      "geometry": {
        "type": "Point",
        "coordinates": [
          104.060133,
          30.703894
        ]
      },
      "properties": {
        "name": "玉居庵西路8号院",
        "category": "residential",
        "type": "商务住宅;住宅区;住宅小区",
        "district": "金牛区",
        "weight": 3
      }
    },
    {
      "type": "Feature",
      "geometry": {
        "type": "Point",
        "coordinates": [
          104.059872,
          30.705637
        ]
      },
      "properties": {
        "name": "五福花园",
        "category": "residential",
        "type": "商务住宅;住宅区;住宅小区",
        "district": "金牛区",
        "weight": 1
      }
    },
    {
      "type": "Feature",
      "geometry": {
        "type": "Point",
        "coordinates": [
          104.055122,
          30.704898
        ]
      },
      "properties": {
        "name": "欧美苑",
        "category": "residential",
        "type": "商务住宅;住宅区;住宅小区",
        "district": "金牛区",
        "weight": 8
      }
    },
    {
      "type": "Feature",
      "geometry": {
        "type": "Point",
        "coordinates": [
          104.060186,
          30.706718
        ]
      },
      "properties": {
        "name": "华凌·尚城",
        "category": "residential",
        "type": "商务住宅;住宅区;住宅小区",
        "district": "金牛区",
        "weight": 2
      }
    },
    {
      "type": "Feature",
      "geometry": {
        "type": "Point",
        "coordinates": [
          104.061591,
          30.704371
        ]
      },
      "properties": {
        "name": "五福苑",
        "category": "residential",
        "type": "商务住宅;住宅区;住宅小区",
        "district": "金牛区",
        "weight": 1
      }
    },
    {
      "type": "Feature",
      "geometry": {
        "type": "Point",
        "coordinates": [
          104.056093,
          30.700258
        ]
      },
      "properties": {
        "name": "九里欣居",
        "category": "residential",
        "type": "商务住宅;住宅区;住宅小区",
        "district": "金牛区",
        "weight": 8
      }
    },
    {
      "type": "Feature",
      "geometry": {
        "type": "Point",
        "coordinates": [
          104.062772,
          30.706191
        ]
      },
      "properties": {
        "name": "清荷苑",
        "category": "residential",
        "type": "商务住宅;住宅区;住宅小区",
        "district": "金牛区",
        "weight": 2
      }
    },
    {
      "type": "Feature",
      "geometry": {
        "type": "Point",
        "coordinates": [
          104.062246,
          30.701603
        ]
      },
      "properties": {
        "name": "站西桥西巷小区",
        "category": "residential",
        "type": "商务住宅;住宅区;住宅小区",
        "district": "金牛区",
        "weight": 2
      }
    },
    {
      "type": "Feature",
      "geometry": {
        "type": "Point",
        "coordinates": [
          104.063461,
          30.704328
        ]
      },
      "properties": {
        "name": "竹苑巷4号院",
        "category": "residential",
        "type": "商务住宅;住宅区;住宅小区",
        "district": "金牛区",
        "weight": 1
      }
    },
    {
      "type": "Feature",
      "geometry": {
        "type": "Point",
        "coordinates": [
          104.058662,
          30.708678
        ]
      },
      "properties": {
        "name": "五福丽景",
        "category": "residential",
        "type": "商务住宅;住宅区;住宅小区",
        "district": "金牛区",
        "weight": 2
      }
    },
    {
      "type": "Feature",
      "geometry": {
        "type": "Point",
        "coordinates": [
          104.060144,
          30.708491
        ]
      },
      "properties": {
        "name": "恒业·星园",
        "category": "residential",
        "type": "商务住宅;住宅区;住宅小区",
        "district": "金牛区",
        "weight": 1
      }
    },
    {
      "type": "Feature",
      "geometry": {
        "type": "Point",
        "coordinates": [
          104.063739,
          30.703131
        ]
      },
      "properties": {
        "name": "蓉北商贸一段",
        "category": "residential",
        "type": "商务住宅;住宅区;住宅小区",
        "district": "金牛区",
        "weight": 3
      }
    },
    {
      "type": "Feature",
      "geometry": {
        "type": "Point",
        "coordinates": [
          104.068593,
          30.70345
        ]
      },
      "properties": {
        "name": "能达花园",
        "category": "residential",
        "type": "商务住宅;住宅区;住宅小区",
        "district": "金牛区",
        "weight": 1
      }
    },
    {
      "type": "Feature",
      "geometry": {
        "type": "Point",
        "coordinates": [
          104.066981,
          30.702497
        ]
      },
      "properties": {
        "name": "玉居庵东路3号院",
        "category": "residential",
        "type": "商务住宅;住宅区;住宅小区",
        "district": "金牛区",
        "weight": 3
      }
    },
    {
      "type": "Feature",
      "geometry": {
        "type": "Point",
        "coordinates": [
          104.069042,
          30.701582
        ]
      },
      "properties": {
        "name": "美好家园",
        "category": "residential",
        "type": "商务住宅;住宅区;住宅小区",
        "district": "金牛区",
        "weight": 4
      }
    },
    {
      "type": "Feature",
      "geometry": {
        "type": "Point",
        "coordinates": [
          104.071426,
          30.706066
        ]
      },
      "properties": {
        "name": "福顺苑",
        "category": "residential",
        "type": "商务住宅;住宅区;住宅小区",
        "district": "成华区",
        "weight": 3
      }
    },
    {
      "type": "Feature",
      "geometry": {
        "type": "Point",
        "coordinates": [
          104.069273,
          30.706845
        ]
      },
      "properties": {
        "name": "北港新城南苑",
        "category": "residential",
        "type": "商务住宅;住宅区;住宅小区",
        "district": "金牛区",
        "weight": 1
      }
    },
    {
      "type": "Feature",
      "geometry": {
        "type": "Point",
        "coordinates": [
          104.065798,
          30.703052
        ]
      },
      "properties": {
        "name": "金色港湾(玉局庵东路)",
        "category": "residential",
        "type": "商务住宅;住宅区;住宅小区",
        "district": "金牛区",
        "weight": 1
      }
    },
    {
      "type": "Feature",
      "geometry": {
        "type": "Point",
        "coordinates": [
          104.065776,
          30.707869
        ]
      },
      "properties": {
        "name": "五丰苑",
        "category": "residential",
        "type": "商务住宅;住宅区;住宅小区",
        "district": "金牛区",
        "weight": 16
      }
    },
    {
      "type": "Feature",
      "geometry": {
        "type": "Point",
        "coordinates": [
          104.070222,
          30.707973
        ]
      },
      "properties": {
        "name": "齐盛花园",
        "category": "residential",
        "type": "商务住宅;住宅区;住宅小区",
        "district": "成华区",
        "weight": 5
      }
    },
    {
      "type": "Feature",
      "geometry": {
        "type": "Point",
        "coordinates": [
          104.066209,
          30.701007
        ]
      },
      "properties": {
        "name": "站西桥东巷6号",
        "category": "residential",
        "type": "商务住宅;住宅区;住宅区",
        "district": "金牛区",
        "weight": 8
      }
    },
    {
      "type": "Feature",
      "geometry": {
        "type": "Point",
        "coordinates": [
          104.073313,
          30.702227
        ]
      },
      "properties": {
        "name": "都市花城",
        "category": "residential",
        "type": "商务住宅;住宅区;住宅小区",
        "district": "成华区",
        "weight": 3
      }
    },
    {
      "type": "Feature",
      "geometry": {
        "type": "Point",
        "coordinates": [
          104.073434,
          30.703383
        ]
      },
      "properties": {
        "name": "南一社区",
        "category": "residential",
        "type": "商务住宅;住宅区;住宅小区",
        "district": "成华区",
        "weight": 1
      }
    },
    {
      "type": "Feature",
      "geometry": {
        "type": "Point",
        "coordinates": [
          104.072994,
          30.706457
        ]
      },
      "properties": {
        "name": "泰来小区",
        "category": "residential",
        "type": "商务住宅;住宅区;住宅小区",
        "district": "成华区",
        "weight": 1
      }
    },
    {
      "type": "Feature",
      "geometry": {
        "type": "Point",
        "coordinates": [
          104.07215,
          30.707961
        ]
      },
      "properties": {
        "name": "馨碧苑",
        "category": "residential",
        "type": "商务住宅;住宅区;住宅小区",
        "district": "成华区",
        "weight": 1
      }
    },
    {
      "type": "Feature",
      "geometry": {
        "type": "Point",
        "coordinates": [
          104.073454,
          30.701101
        ]
      },
      "properties": {
        "name": "站北东横街46号院",
        "category": "residential",
        "type": "商务住宅;住宅区;住宅小区",
        "district": "成华区",
        "weight": 1
      }
    },
    {
      "type": "Feature",
      "geometry": {
        "type": "Point",
        "coordinates": [
          104.063847,
          30.7005
        ]
      },
      "properties": {
        "name": "站西桥西街28号院",
        "category": "residential",
        "type": "商务住宅;住宅区;住宅小区",
        "district": "金牛区",
        "weight": 1
      }
    },
    {
      "type": "Feature",
      "geometry": {
        "type": "Point",
        "coordinates": [
          104.063914,
          30.699099
        ]
      },
      "properties": {
        "name": "站西桥东街1号院",
        "category": "residential",
        "type": "商务住宅;住宅区;住宅小区",
        "district": "金牛区",
        "weight": 4
      }
    },
    {
      "type": "Feature",
      "geometry": {
        "type": "Point",
        "coordinates": [
          104.077786,
          30.703036
        ]
      },
      "properties": {
        "name": "八里桥路84号小区",
        "category": "residential",
        "type": "商务住宅;住宅区;住宅小区",
        "district": "成华区",
        "weight": 1
      }
    },
    {
      "type": "Feature",
      "geometry": {
        "type": "Point",
        "coordinates": [
          104.076752,
          30.704984
        ]
      },
      "properties": {
        "name": "五汇苑",
        "category": "residential",
        "type": "商务住宅;住宅区;住宅小区",
        "district": "成华区",
        "weight": 1
      }
    },
    {
      "type": "Feature",
      "geometry": {
        "type": "Point",
        "coordinates": [
          104.078435,
          30.706784
        ]
      },
      "properties": {
        "name": "红花堰住宅小区",
        "category": "residential",
        "type": "商务住宅;住宅区;住宅小区",
        "district": "成华区",
        "weight": 1
      }
    },
    {
      "type": "Feature",
      "geometry": {
        "type": "Point",
        "coordinates": [
          104.07668,
          30.702366
        ]
      },
      "properties": {
        "name": "润芝园",
        "category": "residential",
        "type": "商务住宅;住宅区;住宅小区",
        "district": "成华区",
        "weight": 1
      }
    },
    {
      "type": "Feature",
      "geometry": {
        "type": "Point",
        "coordinates": [
          104.074803,
          30.703619
        ]
      },
      "properties": {
        "name": "站东一组小区",
        "category": "residential",
        "type": "商务住宅;住宅区;住宅小区",
        "district": "成华区",
        "weight": 3
      }
    },
    {
      "type": "Feature",
      "geometry": {
        "type": "Point",
        "coordinates": [
          104.074612,
          30.702589
        ]
      },
      "properties": {
        "name": "南二社区",
        "category": "residential",
        "type": "商务住宅;住宅区;住宅小区",
        "district": "成华区",
        "weight": 1
      }
    },
    {
      "type": "Feature",
      "geometry": {
        "type": "Point",
        "coordinates": [
          104.07592,
          30.701119
        ]
      },
      "properties": {
        "name": "站东小区",
        "category": "residential",
        "type": "商务住宅;住宅区;住宅小区",
        "district": "成华区",
        "weight": 2
      }
    },
    {
      "type": "Feature",
      "geometry": {
        "type": "Point",
        "coordinates": [
          104.073781,
          30.704338
        ]
      },
      "properties": {
        "name": "北辰商寓",
        "category": "residential",
        "type": "商务住宅;住宅区;住宅小区",
        "district": "成华区",
        "weight": 1
      }
    },
    {
      "type": "Feature",
      "geometry": {
        "type": "Point",
        "coordinates": [
          104.082752,
          30.701436
        ]
      },
      "properties": {
        "name": "新绿苑",
        "category": "residential",
        "type": "商务住宅;住宅区;住宅小区",
        "district": "成华区",
        "weight": 1
      }
    },
    {
      "type": "Feature",
      "geometry": {
        "type": "Point",
        "coordinates": [
          104.081942,
          30.70034
        ]
      },
      "properties": {
        "name": "荷花池街小区",
        "category": "residential",
        "type": "商务住宅;住宅区;住宅小区",
        "district": "成华区",
        "weight": 1
      }
    },
    {
      "type": "Feature",
      "geometry": {
        "type": "Point",
        "coordinates": [
          104.075878,
          30.709225
        ]
      },
      "properties": {
        "name": "东沙路社区",
        "category": "residential",
        "type": "商务住宅;住宅区;住宅小区",
        "district": "成华区",
        "weight": 1
      }
    },
    {
      "type": "Feature",
      "geometry": {
        "type": "Point",
        "coordinates": [
          104.074172,
          30.709087
        ]
      },
      "properties": {
        "name": "祥苑(水武街)",
        "category": "residential",
        "type": "商务住宅;住宅区;住宅小区",
        "district": "成华区",
        "weight": 1
      }
    },
    {
      "type": "Feature",
      "geometry": {
        "type": "Point",
        "coordinates": [
          104.088272,
          30.704855
        ]
      },
      "properties": {
        "name": "华宇·阳光水岸",
        "category": "residential",
        "type": "商务住宅;住宅区;住宅小区",
        "district": "成华区",
        "weight": 1
      }
    },
    {
      "type": "Feature",
      "geometry": {
        "type": "Point",
        "coordinates": [
          104.090248,
          30.704116
        ]
      },
      "properties": {
        "name": "滨河丽景",
        "category": "residential",
        "type": "商务住宅;住宅区;住宅小区",
        "district": "成华区",
        "weight": 2
      }
    },
    {
      "type": "Feature",
      "geometry": {
        "type": "Point",
        "coordinates": [
          104.090664,
          30.705538
        ]
      },
      "properties": {
        "name": "朝阳北苑",
        "category": "residential",
        "type": "商务住宅;住宅区;住宅小区",
        "district": "成华区",
        "weight": 2
      }
    },
    {
      "type": "Feature",
      "geometry": {
        "type": "Point",
        "coordinates": [
          104.085705,
          30.703972
        ]
      },
      "properties": {
        "name": "欣河苑",
        "category": "residential",
        "type": "商务住宅;住宅区;住宅小区",
        "district": "成华区",
        "weight": 1
      }
    },
    {
      "type": "Feature",
      "geometry": {
        "type": "Point",
        "coordinates": [
          104.089724,
          30.702054
        ]
      },
      "properties": {
        "name": "香澜半岛",
        "category": "residential",
        "type": "商务住宅;住宅区;住宅小区",
        "district": "成华区",
        "weight": 1
      }
    },
    {
      "type": "Feature",
      "geometry": {
        "type": "Point",
        "coordinates": [
          104.08594,
          30.701896
        ]
      },
      "properties": {
        "name": "沙河·路苑",
        "category": "residential",
        "type": "商务住宅;住宅区;住宅小区",
        "district": "成华区",
        "weight": 1
      }
    },
    {
      "type": "Feature",
      "geometry": {
        "type": "Point",
        "coordinates": [
          104.09258,
          30.701104
        ]
      },
      "properties": {
        "name": "驷马康城",
        "category": "residential",
        "type": "商务住宅;住宅区;住宅小区",
        "district": "成华区",
        "weight": 2
      }
    },
    {
      "type": "Feature",
      "geometry": {
        "type": "Point",
        "coordinates": [
          104.090124,
          30.699818
        ]
      },
      "properties": {
        "name": "东立国际广场",
        "category": "residential",
        "type": "商务住宅;住宅区;住宅小区",
        "district": "成华区",
        "weight": 1
      }
    },
    {
      "type": "Feature",
      "geometry": {
        "type": "Point",
        "coordinates": [
          104.092994,
          30.7074
        ]
      },
      "properties": {
        "name": "鑫禾·北城鑫街",
        "category": "residential",
        "type": "商务住宅;住宅区;住宅小区",
        "district": "成华区",
        "weight": 1
      }
    },
    {
      "type": "Feature",
      "geometry": {
        "type": "Point",
        "coordinates": [
          104.091297,
          30.708691
        ]
      },
      "properties": {
        "name": "仙湖公馆",
        "category": "residential",
        "type": "商务住宅;住宅区;住宅小区",
        "district": "成华区",
        "weight": 1
      }
    },
    {
      "type": "Feature",
      "geometry": {
        "type": "Point",
        "coordinates": [
          104.088759,
          30.709329
        ]
      },
      "properties": {
        "name": "丽水澜庭A区",
        "category": "residential",
        "type": "商务住宅;住宅区;住宅小区",
        "district": "成华区",
        "weight": 1
      }
    },
    {
      "type": "Feature",
      "geometry": {
        "type": "Point",
        "coordinates": [
          104.093347,
          30.708732
        ]
      },
      "properties": {
        "name": "兴元华盛2期",
        "category": "residential",
        "type": "商务住宅;住宅区;住宅小区",
        "district": "成华区",
        "weight": 1
      }
    },
    {
      "type": "Feature",
      "geometry": {
        "type": "Point",
        "coordinates": [
          104.099078,
          30.703487
        ]
      },
      "properties": {
        "name": "军星佳苑",
        "category": "residential",
        "type": "商务住宅;住宅区;住宅小区",
        "district": "成华区",
        "weight": 1
      }
    },
    {
      "type": "Feature",
      "geometry": {
        "type": "Point",
        "coordinates": [
          104.096101,
          30.704121
        ]
      },
      "properties": {
        "name": "青龙鹭苑",
        "category": "residential",
        "type": "商务住宅;住宅区;住宅小区",
        "district": "成华区",
        "weight": 1
      }
    },
    {
      "type": "Feature",
      "geometry": {
        "type": "Point",
        "coordinates": [
          104.100368,
          30.702658
        ]
      },
      "properties": {
        "name": "北回归线",
        "category": "residential",
        "type": "商务住宅;住宅区;住宅小区",
        "district": "成华区",
        "weight": 2
      }
    },
    {
      "type": "Feature",
      "geometry": {
        "type": "Point",
        "coordinates": [
          104.099496,
          30.701828
        ]
      },
      "properties": {
        "name": "北回归线1期",
        "category": "residential",
        "type": "商务住宅;住宅区;住宅区",
        "district": "成华区",
        "weight": 1
      }
    },
    {
      "type": "Feature",
      "geometry": {
        "type": "Point",
        "coordinates": [
          104.098401,
          30.701322
        ]
      },
      "properties": {
        "name": "瑞祥御锦",
        "category": "residential",
        "type": "商务住宅;住宅区;住宅小区",
        "district": "成华区",
        "weight": 1
      }
    },
    {
      "type": "Feature",
      "geometry": {
        "type": "Point",
        "coordinates": [
          104.095524,
          30.702182
        ]
      },
      "properties": {
        "name": "北辰美庐",
        "category": "residential",
        "type": "商务住宅;住宅区;住宅小区",
        "district": "成华区",
        "weight": 1
      }
    },
    {
      "type": "Feature",
      "geometry": {
        "type": "Point",
        "coordinates": [
          104.100798,
          30.701043
        ]
      },
      "properties": {
        "name": "西林小区",
        "category": "residential",
        "type": "商务住宅;住宅区;住宅小区",
        "district": "成华区",
        "weight": 4
      }
    },
    {
      "type": "Feature",
      "geometry": {
        "type": "Point",
        "coordinates": [
          104.094351,
          30.702887
        ]
      },
      "properties": {
        "name": "金科星耀天都",
        "category": "residential",
        "type": "商务住宅;住宅区;住宅小区",
        "district": "成华区",
        "weight": 1
      }
    },
    {
      "type": "Feature",
      "geometry": {
        "type": "Point",
        "coordinates": [
          104.102532,
          30.70269
        ]
      },
      "properties": {
        "name": "青龙日月苑",
        "category": "residential",
        "type": "商务住宅;住宅区;住宅小区",
        "district": "成华区",
        "weight": 1
      }
    },
    {
      "type": "Feature",
      "geometry": {
        "type": "Point",
        "coordinates": [
          104.095139,
          30.701014
        ]
      },
      "properties": {
        "name": "富丽锦城",
        "category": "residential",
        "type": "商务住宅;住宅区;住宅小区",
        "district": "成华区",
        "weight": 1
      }
    },
    {
      "type": "Feature",
      "geometry": {
        "type": "Point",
        "coordinates": [
          104.094519,
          30.707588
        ]
      },
      "properties": {
        "name": "融锦城",
        "category": "residential",
        "type": "商务住宅;住宅区;住宅小区",
        "district": "成华区",
        "weight": 1
      }
    },
    {
      "type": "Feature",
      "geometry": {
        "type": "Point",
        "coordinates": [
          104.100014,
          30.704835
        ]
      },
      "properties": {
        "name": "诺亚方舟",
        "category": "residential",
        "type": "商务住宅;楼宇;楼宇相关",
        "district": "成华区",
        "weight": 1
      }
    },
    {
      "type": "Feature",
      "geometry": {
        "type": "Point",
        "coordinates": [
          104.108218,
          30.705138
        ]
      },
      "properties": {
        "name": "青乐苑D区",
        "category": "residential",
        "type": "商务住宅;住宅区;住宅区",
        "district": "成华区",
        "weight": 1
      }
    },
    {
      "type": "Feature",
      "geometry": {
        "type": "Point",
        "coordinates": [
          104.109693,
          30.704664
        ]
      },
      "properties": {
        "name": "青乐苑A区",
        "category": "residential",
        "type": "商务住宅;住宅区;住宅区",
        "district": "成华区",
        "weight": 3
      }
    },
    {
      "type": "Feature",
      "geometry": {
        "type": "Point",
        "coordinates": [
          104.109007,
          30.702883
        ]
      },
      "properties": {
        "name": "青铁家园",
        "category": "residential",
        "type": "商务住宅;住宅区;住宅小区",
        "district": "成华区",
        "weight": 1
      }
    },
    {
      "type": "Feature",
      "geometry": {
        "type": "Point",
        "coordinates": [
          104.106356,
          30.703011
        ]
      },
      "properties": {
        "name": "青兴苑",
        "category": "residential",
        "type": "商务住宅;住宅区;住宅小区",
        "district": "成华区",
        "weight": 5
      }
    },
    {
      "type": "Feature",
      "geometry": {
        "type": "Point",
        "coordinates": [
          104.106208,
          30.705387
        ]
      },
      "properties": {
        "name": "昭青社区",
        "category": "residential",
        "type": "商务住宅;住宅区;住宅小区",
        "district": "成华区",
        "weight": 2
      }
    },
    {
      "type": "Feature",
      "geometry": {
        "type": "Point",
        "coordinates": [
          104.110861,
          30.704016
        ]
      },
      "properties": {
        "name": "青乐苑",
        "category": "residential",
        "type": "商务住宅;住宅区;住宅小区",
        "district": "成华区",
        "weight": 1
      }
    },
    {
      "type": "Feature",
      "geometry": {
        "type": "Point",
        "coordinates": [
          104.104902,
          30.703254
        ]
      },
      "properties": {
        "name": "龙城",
        "category": "residential",
        "type": "商务住宅;住宅区;住宅小区",
        "district": "成华区",
        "weight": 4
      }
    },
    {
      "type": "Feature",
      "geometry": {
        "type": "Point",
        "coordinates": [
          104.111962,
          30.703142
        ]
      },
      "properties": {
        "name": "中铁·北城华府",
        "category": "residential",
        "type": "商务住宅;住宅区;住宅小区",
        "district": "成华区",
        "weight": 2
      }
    },
    {
      "type": "Feature",
      "geometry": {
        "type": "Point",
        "coordinates": [
          104.109259,
          30.701013
        ]
      },
      "properties": {
        "name": "新和平苑",
        "category": "residential",
        "type": "商务住宅;住宅区;住宅小区",
        "district": "成华区",
        "weight": 1
      }
    },
    {
      "type": "Feature",
      "geometry": {
        "type": "Point",
        "coordinates": [
          104.111269,
          30.701286
        ]
      },
      "properties": {
        "name": "西林豫府",
        "category": "residential",
        "type": "商务住宅;住宅区;住宅小区",
        "district": "成华区",
        "weight": 1
      }
    },
    {
      "type": "Feature",
      "geometry": {
        "type": "Point",
        "coordinates": [
          104.112054,
          30.707128
        ]
      },
      "properties": {
        "name": "东林景忆",
        "category": "residential",
        "type": "商务住宅;住宅区;住宅小区",
        "district": "成华区",
        "weight": 1
      }
    },
    {
      "type": "Feature",
      "geometry": {
        "type": "Point",
        "coordinates": [
          104.103703,
          30.704852
        ]
      },
      "properties": {
        "name": "昭青怡园",
        "category": "residential",
        "type": "商务住宅;住宅区;住宅小区",
        "district": "成华区",
        "weight": 1
      }
    },
    {
      "type": "Feature",
      "geometry": {
        "type": "Point",
        "coordinates": [
          104.103566,
          30.706651
        ]
      },
      "properties": {
        "name": "昭君路社区",
        "category": "residential",
        "type": "商务住宅;住宅区;住宅小区",
        "district": "成华区",
        "weight": 1
      }
    },
    {
      "type": "Feature",
      "geometry": {
        "type": "Point",
        "coordinates": [
          104.103687,
          30.701319
        ]
      },
      "properties": {
        "name": "青龙乾院",
        "category": "residential",
        "type": "商务住宅;住宅区;住宅小区",
        "district": "成华区",
        "weight": 1
      }
    },
    {
      "type": "Feature",
      "geometry": {
        "type": "Point",
        "coordinates": [
          104.122354,
          30.704574
        ]
      },
      "properties": {
        "name": "平安大院",
        "category": "residential",
        "type": "商务住宅;住宅区;住宅小区",
        "district": "成华区",
        "weight": 1
      }
    },
    {
      "type": "Feature",
      "geometry": {
        "type": "Point",
        "coordinates": [
          104.116454,
          30.70259
        ]
      },
      "properties": {
        "name": "马克公馆2期",
        "category": "residential",
        "type": "商务住宅;住宅区;住宅小区",
        "district": "成华区",
        "weight": 1
      }
    },
    {
      "type": "Feature",
      "geometry": {
        "type": "Point",
        "coordinates": [
          104.11508,
          30.703336
        ]
      },
      "properties": {
        "name": "马克公馆",
        "category": "residential",
        "type": "商务住宅;住宅区;住宅小区",
        "district": "成华区",
        "weight": 2
      }
    },
    {
      "type": "Feature",
      "geometry": {
        "type": "Point",
        "coordinates": [
          104.116027,
          30.707874
        ]
      },
      "properties": {
        "name": "银锣湾(青龙路)",
        "category": "residential",
        "type": "商务住宅;住宅区;住宅小区",
        "district": "成华区",
        "weight": 1
      }
    },
    {
      "type": "Feature",
      "geometry": {
        "type": "Point",
        "coordinates": [
          104.113602,
          30.701478
        ]
      },
      "properties": {
        "name": "西林新居2期",
        "category": "residential",
        "type": "商务住宅;住宅区;住宅小区",
        "district": "成华区",
        "weight": 1
      }
    },
    {
      "type": "Feature",
      "geometry": {
        "type": "Point",
        "coordinates": [
          104.121183,
          30.704658
        ]
      },
      "properties": {
        "name": "青龙乡海滨村三组77号",
        "category": "residential",
        "type": "商务住宅;住宅区;住宅区",
        "district": "成华区",
        "weight": 1
      }
    },
    {
      "type": "Feature",
      "geometry": {
        "type": "Point",
        "coordinates": [
          104.163292,
          30.707038
        ]
      },
      "properties": {
        "name": "上古天地",
        "category": "residential",
        "type": "商务住宅;住宅区;住宅小区",
        "district": "成华区",
        "weight": 1
      }
    },
    {
      "type": "Feature",
      "geometry": {
        "type": "Point",
        "coordinates": [
          104.159595,
          30.702874
        ]
      },
      "properties": {
        "name": "上东国际",
        "category": "residential",
        "type": "商务住宅;住宅区;住宅小区",
        "district": "成华区",
        "weight": 3
      }
    },
    {
      "type": "Feature",
      "geometry": {
        "type": "Point",
        "coordinates": [
          104.158555,
          30.705298
        ]
      },
      "properties": {
        "name": "隆兴嘉苑(龙树路)",
        "category": "residential",
        "type": "商务住宅;住宅区;住宅小区",
        "district": "成华区",
        "weight": 1
      }
    },
    {
      "type": "Feature",
      "geometry": {
        "type": "Point",
        "coordinates": [
          104.154531,
          30.709367
        ]
      },
      "properties": {
        "name": "中国铁建北湖国际城",
        "category": "residential",
        "type": "商务住宅;住宅区;住宅小区",
        "district": "成华区",
        "weight": 1
      }
    },
    {
      "type": "Feature",
      "geometry": {
        "type": "Point",
        "coordinates": [
          104.155171,
          30.708634
        ]
      },
      "properties": {
        "name": "北湖国际城2期(建设中)",
        "category": "residential",
        "type": "商务住宅;住宅区;住宅小区",
        "district": "成华区",
        "weight": 1
      }
    },
    {
      "type": "Feature",
      "geometry": {
        "type": "Point",
        "coordinates": [
          104.161697,
          30.705555
        ]
      },
      "properties": {
        "name": "华宇·北城中央",
        "category": "residential",
        "type": "商务住宅;住宅区;住宅小区",
        "district": "成华区",
        "weight": 1
      }
    },
    {
      "type": "Feature",
      "geometry": {
        "type": "Point",
        "coordinates": [
          104.159567,
          30.707369
        ]
      },
      "properties": {
        "name": "隆兴雅园",
        "category": "residential",
        "type": "商务住宅;住宅区;住宅小区",
        "district": "成华区",
        "weight": 1
      }
    },
    {
      "type": "Feature",
      "geometry": {
        "type": "Point",
        "coordinates": [
          104.162611,
          30.703729
        ]
      },
      "properties": {
        "name": "香木林馨园",
        "category": "residential",
        "type": "商务住宅;住宅区;住宅小区",
        "district": "成华区",
        "weight": 1
      }
    },
    {
      "type": "Feature",
      "geometry": {
        "type": "Point",
        "coordinates": [
          104.167939,
          30.704946
        ]
      },
      "properties": {
        "name": "龙翔人家",
        "category": "residential",
        "type": "商务住宅;住宅区;住宅小区",
        "district": "成华区",
        "weight": 1
      }
    },
    {
      "type": "Feature",
      "geometry": {
        "type": "Point",
        "coordinates": [
          104.167114,
          30.70265
        ]
      },
      "properties": {
        "name": "北湖龙珠",
        "category": "residential",
        "type": "商务住宅;住宅区;住宅小区",
        "district": "成华区",
        "weight": 4
      }
    },
    {
      "type": "Feature",
      "geometry": {
        "type": "Point",
        "coordinates": [
          104.170851,
          30.702865
        ]
      },
      "properties": {
        "name": "时代欣城",
        "category": "residential",
        "type": "商务住宅;住宅区;住宅小区",
        "district": "成华区",
        "weight": 1
      }
    },
    {
      "type": "Feature",
      "geometry": {
        "type": "Point",
        "coordinates": [
          104.165045,
          30.706092
        ]
      },
      "properties": {
        "name": "龙翔苑",
        "category": "residential",
        "type": "商务住宅;住宅区;住宅区",
        "district": "成华区",
        "weight": 2
      }
    },
    {
      "type": "Feature",
      "geometry": {
        "type": "Point",
        "coordinates": [
          104.169115,
          30.700305
        ]
      },
      "properties": {
        "name": "秀林苑",
        "category": "residential",
        "type": "商务住宅;住宅区;住宅小区",
        "district": "成华区",
        "weight": 1
      }
    },
    {
      "type": "Feature",
      "geometry": {
        "type": "Point",
        "coordinates": [
          104.16553,
          30.700831
        ]
      },
      "properties": {
        "name": "金科·天籁城",
        "category": "residential",
        "type": "商务住宅;住宅区;住宅小区",
        "district": "成华区",
        "weight": 2
      }
    },
    {
      "type": "Feature",
      "geometry": {
        "type": "Point",
        "coordinates": [
          104.170897,
          30.700588
        ]
      },
      "properties": {
        "name": "秀林尚苑东区",
        "category": "residential",
        "type": "商务住宅;住宅区;住宅小区",
        "district": "成华区",
        "weight": 1
      }
    },
    {
      "type": "Feature",
      "geometry": {
        "type": "Point",
        "coordinates": [
          104.163991,
          30.705358
        ]
      },
      "properties": {
        "name": "隆兴路三号",
        "category": "residential",
        "type": "商务住宅;住宅区;住宅小区",
        "district": "成华区",
        "weight": 1
      }
    },
    {
      "type": "Feature",
      "geometry": {
        "type": "Point",
        "coordinates": [
          104.16707,
          30.708989
        ]
      },
      "properties": {
        "name": "龙湖丽景",
        "category": "residential",
        "type": "商务住宅;住宅区;住宅小区",
        "district": "成华区",
        "weight": 1
      }
    },
    {
      "type": "Feature",
      "geometry": {
        "type": "Point",
        "coordinates": [
          104.171346,
          30.708931
        ]
      },
      "properties": {
        "name": "同乐社区2幢",
        "category": "residential",
        "type": "商务住宅;住宅区;住宅小区",
        "district": "成华区",
        "weight": 1
      }
    },
    {
      "type": "Feature",
      "geometry": {
        "type": "Point",
        "coordinates": [
          104.180125,
          30.700637
        ]
      },
      "properties": {
        "name": "二重嘉苑",
        "category": "residential",
        "type": "商务住宅;住宅区;住宅小区",
        "district": "成华区",
        "weight": 1
      }
    },
    {
      "type": "Feature",
      "geometry": {
        "type": "Point",
        "coordinates": [
          103.973068,
          30.69032
        ]
      },
      "properties": {
        "name": "清江苑",
        "category": "residential",
        "type": "商务住宅;住宅区;住宅小区",
        "district": "青羊区",
        "weight": 2
      }
    },
    {
      "type": "Feature",
      "geometry": {
        "type": "Point",
        "coordinates": [
          103.968415,
          30.692226
        ]
      },
      "properties": {
        "name": "黄金苑",
        "category": "residential",
        "type": "商务住宅;住宅区;住宅小区",
        "district": "青羊区",
        "weight": 1
      }
    },
    {
      "type": "Feature",
      "geometry": {
        "type": "Point",
        "coordinates": [
          103.970725,
          30.690656
        ]
      },
      "properties": {
        "name": "黄土小区",
        "category": "residential",
        "type": "商务住宅;住宅区;住宅小区",
        "district": "青羊区",
        "weight": 1
      }
    },
    {
      "type": "Feature",
      "geometry": {
        "type": "Point",
        "coordinates": [
          103.964487,
          30.695968
        ]
      },
      "properties": {
        "name": "成飞463小区",
        "category": "residential",
        "type": "商务住宅;住宅区;住宅小区",
        "district": "青羊区",
        "weight": 1
      }
    },
    {
      "type": "Feature",
      "geometry": {
        "type": "Point",
        "coordinates": [
          103.964362,
          30.69739
        ]
      },
      "properties": {
        "name": "盛畅园",
        "category": "residential",
        "type": "商务住宅;住宅区;住宅小区",
        "district": "青羊区",
        "weight": 1
      }
    },
    {
      "type": "Feature",
      "geometry": {
        "type": "Point",
        "coordinates": [
          103.966296,
          30.696742
        ]
      },
      "properties": {
        "name": "成飞520小区",
        "category": "residential",
        "type": "商务住宅;住宅区;住宅小区",
        "district": "青羊区",
        "weight": 1
      }
    },
    {
      "type": "Feature",
      "geometry": {
        "type": "Point",
        "coordinates": [
          103.970134,
          30.695752
        ]
      },
      "properties": {
        "name": "西金苑",
        "category": "residential",
        "type": "商务住宅;住宅区;住宅区",
        "district": "青羊区",
        "weight": 2
      }
    },
    {
      "type": "Feature",
      "geometry": {
        "type": "Point",
        "coordinates": [
          103.968232,
          30.698739
        ]
      },
      "properties": {
        "name": "成飞物业559小区",
        "category": "residential",
        "type": "商务住宅;住宅区;住宅小区",
        "district": "青羊区",
        "weight": 1
      }
    },
    {
      "type": "Feature",
      "geometry": {
        "type": "Point",
        "coordinates": [
          103.964748,
          30.698836
        ]
      },
      "properties": {
        "name": "成飞404小区",
        "category": "residential",
        "type": "商务住宅;住宅区;住宅小区",
        "district": "青羊区",
        "weight": 1
      }
    },
    {
      "type": "Feature",
      "geometry": {
        "type": "Point",
        "coordinates": [
          103.966658,
          30.69951
        ]
      },
      "properties": {
        "name": "成飞家园512小区",
        "category": "residential",
        "type": "商务住宅;住宅区;住宅小区",
        "district": "青羊区",
        "weight": 1
      }
    },
    {
      "type": "Feature",
      "geometry": {
        "type": "Point",
        "coordinates": [
          103.971941,
          30.696087
        ]
      },
      "properties": {
        "name": "西金苑C区",
        "category": "residential",
        "type": "商务住宅;住宅区;住宅小区",
        "district": "青羊区",
        "weight": 1
      }
    },
    {
      "type": "Feature",
      "geometry": {
        "type": "Point",
        "coordinates": [
          103.965772,
          30.694217
        ]
      },
      "properties": {
        "name": "黄土中心村",
        "category": "residential",
        "type": "商务住宅;住宅区;住宅小区",
        "district": "青羊区",
        "weight": 1
      }
    },
    {
      "type": "Feature",
      "geometry": {
        "type": "Point",
        "coordinates": [
          103.971051,
          30.694557
        ]
      },
      "properties": {
        "name": "西金苑D区",
        "category": "residential",
        "type": "商务住宅;住宅区;住宅小区",
        "district": "青羊区",
        "weight": 1
      }
    },
    {
      "type": "Feature",
      "geometry": {
        "type": "Point",
        "coordinates": [
          103.971964,
          30.697375
        ]
      },
      "properties": {
        "name": "西金苑B区",
        "category": "residential",
        "type": "商务住宅;住宅区;住宅小区",
        "district": "青羊区",
        "weight": 1
      }
    },
    {
      "type": "Feature",
      "geometry": {
        "type": "Point",
        "coordinates": [
          103.970437,
          30.693629
        ]
      },
      "properties": {
        "name": "西金苑D区14号",
        "category": "residential",
        "type": "商务住宅;住宅区;住宅区",
        "district": "青羊区",
        "weight": 1
      }
    },
    {
      "type": "Feature",
      "geometry": {
        "type": "Point",
        "coordinates": [
          103.981731,
          30.692409
        ]
      },
      "properties": {
        "name": "清波小区西区",
        "category": "residential",
        "type": "商务住宅;住宅区;住宅小区",
        "district": "青羊区",
        "weight": 1
      }
    },
    {
      "type": "Feature",
      "geometry": {
        "type": "Point",
        "coordinates": [
          103.983066,
          30.692018
        ]
      },
      "properties": {
        "name": "清波小区",
        "category": "residential",
        "type": "商务住宅;住宅区;住宅小区",
        "district": "青羊区",
        "weight": 1
      }
    },
    {
      "type": "Feature",
      "geometry": {
        "type": "Point",
        "coordinates": [
          103.978207,
          30.697351
        ]
      },
      "properties": {
        "name": "清水河社区",
        "category": "residential",
        "type": "商务住宅;住宅区;住宅小区",
        "district": "金牛区",
        "weight": 1
      }
    },
    {
      "type": "Feature",
      "geometry": {
        "type": "Point",
        "coordinates": [
          103.984552,
          30.691779
        ]
      },
      "properties": {
        "name": "清波小区(东区)",
        "category": "residential",
        "type": "商务住宅;住宅区;住宅小区",
        "district": "青羊区",
        "weight": 1
      }
    },
    {
      "type": "Feature",
      "geometry": {
        "type": "Point",
        "coordinates": [
          103.988268,
          30.692777
        ]
      },
      "properties": {
        "name": "蓝光·雍锦园",
        "category": "residential",
        "type": "商务住宅;住宅区;住宅小区",
        "district": "青羊区",
        "weight": 1
      }
    },
    {
      "type": "Feature",
      "geometry": {
        "type": "Point",
        "coordinates": [
          103.988007,
          30.691828
        ]
      },
      "properties": {
        "name": "雍锦王府(建设中)",
        "category": "residential",
        "type": "商务住宅;住宅区;住宅小区",
        "district": "青羊区",
        "weight": 1
      }
    },
    {
      "type": "Feature",
      "geometry": {
        "type": "Point",
        "coordinates": [
          103.984553,
          30.6938
        ]
      },
      "properties": {
        "name": "蓝光·CoCo金沙2期",
        "category": "residential",
        "type": "商务住宅;住宅区;住宅小区",
        "district": "青羊区",
        "weight": 1
      }
    },
    {
      "type": "Feature",
      "geometry": {
        "type": "Point",
        "coordinates": [
          103.990531,
          30.690961
        ]
      },
      "properties": {
        "name": "海亮樾金沙",
        "category": "residential",
        "type": "商务住宅;住宅区;住宅小区",
        "district": "青羊区",
        "weight": 1
      }
    },
    {
      "type": "Feature",
      "geometry": {
        "type": "Point",
        "coordinates": [
          103.987052,
          30.692789
        ]
      },
      "properties": {
        "name": "海亮爱金沙",
        "category": "residential",
        "type": "商务住宅;住宅区;住宅小区",
        "district": "青羊区",
        "weight": 1
      }
    },
    {
      "type": "Feature",
      "geometry": {
        "type": "Point",
        "coordinates": [
          104.003459,
          30.691238
        ]
      },
      "properties": {
        "name": "中海·金沙府",
        "category": "residential",
        "type": "商务住宅;住宅区;住宅小区",
        "district": "青羊区",
        "weight": 1
      }
    },
    {
      "type": "Feature",
      "geometry": {
        "type": "Point",
        "coordinates": [
          103.998068,
          30.695122
        ]
      },
      "properties": {
        "name": "金沙城",
        "category": "residential",
        "type": "商务住宅;住宅区;住宅小区",
        "district": "青羊区",
        "weight": 2
      }
    },
    {
      "type": "Feature",
      "geometry": {
        "type": "Point",
        "coordinates": [
          103.999962,
          30.693996
        ]
      },
      "properties": {
        "name": "成都潮蓉金沙彦府",
        "category": "residential",
        "type": "商务住宅;住宅区;住宅小区",
        "district": "青羊区",
        "weight": 1
      }
    },
    {
      "type": "Feature",
      "geometry": {
        "type": "Point",
        "coordinates": [
          104.000464,
          30.69543
        ]
      },
      "properties": {
        "name": "龙栖苑",
        "category": "residential",
        "type": "商务住宅;住宅区;住宅小区",
        "district": "青羊区",
        "weight": 1
      }
    },
    {
      "type": "Feature",
      "geometry": {
        "type": "Point",
        "coordinates": [
          104.0037,
          30.69715
        ]
      },
      "properties": {
        "name": "蜀辉路299号院",
        "category": "residential",
        "type": "商务住宅;住宅区;住宅区",
        "district": "青羊区",
        "weight": 2
      }
    },
    {
      "type": "Feature",
      "geometry": {
        "type": "Point",
        "coordinates": [
          104.002123,
          30.698317
        ]
      },
      "properties": {
        "name": "龙嘴路9号院",
        "category": "residential",
        "type": "商务住宅;住宅区;住宅小区",
        "district": "青羊区",
        "weight": 1
      }
    },
    {
      "type": "Feature",
      "geometry": {
        "type": "Point",
        "coordinates": [
          104.00857,
          30.69329
        ]
      },
      "properties": {
        "name": "龙嘴小区",
        "category": "residential",
        "type": "商务住宅;住宅区;住宅小区",
        "district": "青羊区",
        "weight": 2
      }
    },
    {
      "type": "Feature",
      "geometry": {
        "type": "Point",
        "coordinates": [
          104.010539,
          30.6944
        ]
      },
      "properties": {
        "name": "金都花园(蜀汉路)",
        "category": "residential",
        "type": "商务住宅;住宅区;住宅小区",
        "district": "金牛区",
        "weight": 1
      }
    },
    {
      "type": "Feature",
      "geometry": {
        "type": "Point",
        "coordinates": [
          104.008511,
          30.691918
        ]
      },
      "properties": {
        "name": "同怡横街50号院",
        "category": "residential",
        "type": "商务住宅;住宅区;住宅小区",
        "district": "金牛区",
        "weight": 1
      }
    },
    {
      "type": "Feature",
      "geometry": {
        "type": "Point",
        "coordinates": [
          104.010785,
          30.692544
        ]
      },
      "properties": {
        "name": "芙蓉苑(黄忠西街)",
        "category": "residential",
        "type": "商务住宅;住宅区;住宅小区",
        "district": "金牛区",
        "weight": 1
      }
    },
    {
      "type": "Feature",
      "geometry": {
        "type": "Point",
        "coordinates": [
          104.008428,
          30.697204
        ]
      },
      "properties": {
        "name": "绿洲华苑",
        "category": "residential",
        "type": "商务住宅;住宅区;住宅小区",
        "district": "金牛区",
        "weight": 1
      }
    },
    {
      "type": "Feature",
      "geometry": {
        "type": "Point",
        "coordinates": [
          104.012192,
          30.693845
        ]
      },
      "properties": {
        "name": "千和馨城",
        "category": "residential",
        "type": "商务住宅;住宅区;住宅小区",
        "district": "金牛区",
        "weight": 1
      }
    },
    {
      "type": "Feature",
      "geometry": {
        "type": "Point",
        "coordinates": [
          104.011136,
          30.696786
        ]
      },
      "properties": {
        "name": "金域港湾",
        "category": "residential",
        "type": "商务住宅;住宅区;住宅小区",
        "district": "金牛区",
        "weight": 1
      }
    },
    {
      "type": "Feature",
      "geometry": {
        "type": "Point",
        "coordinates": [
          104.00528,
          30.694017
        ]
      },
      "properties": {
        "name": "同怡社区(东门)",
        "category": "residential",
        "type": "商务住宅;住宅区;住宅小区",
        "district": "青羊区",
        "weight": 1
      }
    },
    {
      "type": "Feature",
      "geometry": {
        "type": "Point",
        "coordinates": [
          104.006138,
          30.696866
        ]
      },
      "properties": {
        "name": "欧韵金沙",
        "category": "residential",
        "type": "商务住宅;住宅区;住宅小区",
        "district": "青羊区",
        "weight": 1
      }
    },
    {
      "type": "Feature",
      "geometry": {
        "type": "Point",
        "coordinates": [
          104.005565,
          30.692471
        ]
      },
      "properties": {
        "name": "春语花间",
        "category": "residential",
        "type": "商务住宅;住宅区;住宅小区",
        "district": "青羊区",
        "weight": 1
      }
    },
    {
      "type": "Feature",
      "geometry": {
        "type": "Point",
        "coordinates": [
          104.009879,
          30.691159
        ]
      },
      "properties": {
        "name": "芙蓉苑(黄忠横街)",
        "category": "residential",
        "type": "商务住宅;住宅区;住宅小区",
        "district": "金牛区",
        "weight": 1
      }
    },
    {
      "type": "Feature",
      "geometry": {
        "type": "Point",
        "coordinates": [
          104.012684,
          30.695078
        ]
      },
      "properties": {
        "name": "蜀汉路337号大院",
        "category": "residential",
        "type": "商务住宅;住宅区;住宅区",
        "district": "金牛区",
        "weight": 1
      }
    },
    {
      "type": "Feature",
      "geometry": {
        "type": "Point",
        "coordinates": [
          104.01124,
          30.691557
        ]
      },
      "properties": {
        "name": "金沙·别致",
        "category": "residential",
        "type": "商务住宅;住宅区;住宅小区",
        "district": "金牛区",
        "weight": 1
      }
    },
    {
      "type": "Feature",
      "geometry": {
        "type": "Point",
        "coordinates": [
          104.012204,
          30.69668
        ]
      },
      "properties": {
        "name": "西城天下",
        "category": "residential",
        "type": "商务住宅;住宅区;住宅小区",
        "district": "金牛区",
        "weight": 1
      }
    },
    {
      "type": "Feature",
      "geometry": {
        "type": "Point",
        "coordinates": [
          104.009425,
          30.698366
        ]
      },
      "properties": {
        "name": "幸福春天",
        "category": "residential",
        "type": "商务住宅;住宅区;住宅小区",
        "district": "金牛区",
        "weight": 1
      }
    },
    {
      "type": "Feature",
      "geometry": {
        "type": "Point",
        "coordinates": [
          104.004132,
          30.694002
        ]
      },
      "properties": {
        "name": "建发·金沙里",
        "category": "residential",
        "type": "商务住宅;住宅区;住宅小区",
        "district": "青羊区",
        "weight": 2
      }
    },
    {
      "type": "Feature",
      "geometry": {
        "type": "Point",
        "coordinates": [
          104.007072,
          30.698347
        ]
      },
      "properties": {
        "name": "德意馨苑",
        "category": "residential",
        "type": "商务住宅;住宅区;住宅小区",
        "district": "金牛区",
        "weight": 1
      }
    },
    {
      "type": "Feature",
      "geometry": {
        "type": "Point",
        "coordinates": [
          104.01326,
          30.692693
        ]
      },
      "properties": {
        "name": "上品·优空间",
        "category": "residential",
        "type": "商务住宅;住宅区;住宅小区",
        "district": "金牛区",
        "weight": 3
      }
    },
    {
      "type": "Feature",
      "geometry": {
        "type": "Point",
        "coordinates": [
          104.0122,
          30.698207
        ]
      },
      "properties": {
        "name": "幸福枫景",
        "category": "residential",
        "type": "商务住宅;住宅区;住宅小区",
        "district": "金牛区",
        "weight": 3
      }
    },
    {
      "type": "Feature",
      "geometry": {
        "type": "Point",
        "coordinates": [
          104.003997,
          30.692676
        ]
      },
      "properties": {
        "name": "同怡社区(南门)",
        "category": "residential",
        "type": "商务住宅;住宅区;住宅小区",
        "district": "青羊区",
        "weight": 1
      }
    },
    {
      "type": "Feature",
      "geometry": {
        "type": "Point",
        "coordinates": [
          104.010486,
          30.698778
        ]
      },
      "properties": {
        "name": "千和银杏·花苑",
        "category": "residential",
        "type": "商务住宅;住宅区;住宅小区",
        "district": "金牛区",
        "weight": 1
      }
    },
    {
      "type": "Feature",
      "geometry": {
        "type": "Point",
        "coordinates": [
          104.013386,
          30.696657
        ]
      },
      "properties": {
        "name": "加贝花园",
        "category": "residential",
        "type": "商务住宅;住宅区;住宅小区",
        "district": "金牛区",
        "weight": 1
      }
    },
    {
      "type": "Feature",
      "geometry": {
        "type": "Point",
        "coordinates": [
          104.010388,
          30.690124
        ]
      },
      "properties": {
        "name": "金沙·逸苑",
        "category": "residential",
        "type": "商务住宅;住宅区;住宅小区",
        "district": "金牛区",
        "weight": 1
      }
    },
    {
      "type": "Feature",
      "geometry": {
        "type": "Point",
        "coordinates": [
          104.00508,
          30.690971
        ]
      },
      "properties": {
        "name": "博雅庭韵",
        "category": "residential",
        "type": "商务住宅;住宅区;住宅小区",
        "district": "金牛区",
        "weight": 1
      }
    },
    {
      "type": "Feature",
      "geometry": {
        "type": "Point",
        "coordinates": [
          104.006444,
          30.689722
        ]
      },
      "properties": {
        "name": "金沙国际",
        "category": "residential",
        "type": "商务住宅;住宅区;住宅小区",
        "district": "金牛区",
        "weight": 2
      }
    },
    {
      "type": "Feature",
      "geometry": {
        "type": "Point",
        "coordinates": [
          104.012126,
          30.690521
        ]
      },
      "properties": {
        "name": "金沙美邻丽雅苑",
        "category": "residential",
        "type": "商务住宅;住宅区;住宅小区",
        "district": "金牛区",
        "weight": 2
      }
    },
    {
      "type": "Feature",
      "geometry": {
        "type": "Point",
        "coordinates": [
          104.008708,
          30.699481
        ]
      },
      "properties": {
        "name": "金色池塘",
        "category": "residential",
        "type": "商务住宅;住宅区;住宅小区",
        "district": "金牛区",
        "weight": 1
      }
    },
    {
      "type": "Feature",
      "geometry": {
        "type": "Point",
        "coordinates": [
          104.004829,
          30.69863
        ]
      },
      "properties": {
        "name": "金地金沙府邸",
        "category": "residential",
        "type": "商务住宅;住宅区;住宅小区",
        "district": "青羊区",
        "weight": 1
      }
    },
    {
      "type": "Feature",
      "geometry": {
        "type": "Point",
        "coordinates": [
          104.013553,
          30.690118
        ]
      },
      "properties": {
        "name": "西延雅舍",
        "category": "residential",
        "type": "商务住宅;住宅区;住宅小区",
        "district": "金牛区",
        "weight": 1
      }
    },
    {
      "type": "Feature",
      "geometry": {
        "type": "Point",
        "coordinates": [
          104.017774,
          30.693116
        ]
      },
      "properties": {
        "name": "欧尚小区",
        "category": "residential",
        "type": "商务住宅;住宅区;住宅小区",
        "district": "金牛区",
        "weight": 2
      }
    },
    {
      "type": "Feature",
      "geometry": {
        "type": "Point",
        "coordinates": [
          104.016304,
          30.694828
        ]
      },
      "properties": {
        "name": "东方苑(蜀兴西街)",
        "category": "residential",
        "type": "商务住宅;住宅区;住宅小区",
        "district": "金牛区",
        "weight": 1
      }
    },
    {
      "type": "Feature",
      "geometry": {
        "type": "Point",
        "coordinates": [
          104.017228,
          30.696516
        ]
      },
      "properties": {
        "name": "福兴苑",
        "category": "residential",
        "type": "商务住宅;住宅区;住宅小区",
        "district": "金牛区",
        "weight": 2
      }
    },
    {
      "type": "Feature",
      "geometry": {
        "type": "Point",
        "coordinates": [
          104.021147,
          30.69462
        ]
      },
      "properties": {
        "name": "一品天下A区",
        "category": "residential",
        "type": "商务住宅;住宅区;住宅小区",
        "district": "金牛区",
        "weight": 1
      }
    },
    {
      "type": "Feature",
      "geometry": {
        "type": "Point",
        "coordinates": [
          104.020908,
          30.695532
        ]
      },
      "properties": {
        "name": "二十九所生活区丁区",
        "category": "residential",
        "type": "商务住宅;住宅区;住宅小区",
        "district": "金牛区",
        "weight": 1
      }
    },
    {
      "type": "Feature",
      "geometry": {
        "type": "Point",
        "coordinates": [
          104.015884,
          30.69586
        ]
      },
      "properties": {
        "name": "金穗苑(蜀兴西街)",
        "category": "residential",
        "type": "商务住宅;住宅区;住宅小区",
        "district": "金牛区",
        "weight": 1
      }
    },
    {
      "type": "Feature",
      "geometry": {
        "type": "Point",
        "coordinates": [
          104.021844,
          30.692516
        ]
      },
      "properties": {
        "name": "攀乐苑",
        "category": "residential",
        "type": "商务住宅;住宅区;住宅小区",
        "district": "金牛区",
        "weight": 2
      }
    },
    {
      "type": "Feature",
      "geometry": {
        "type": "Point",
        "coordinates": [
          104.020582,
          30.691701
        ]
      },
      "properties": {
        "name": "锦城花园(中环路一品天下大街段)",
        "category": "residential",
        "type": "商务住宅;住宅区;住宅小区",
        "district": "金牛区",
        "weight": 1
      }
    },
    {
      "type": "Feature",
      "geometry": {
        "type": "Point",
        "coordinates": [
          104.022478,
          30.694335
        ]
      },
      "properties": {
        "name": "一品天下C区",
        "category": "residential",
        "type": "商务住宅;住宅区;住宅小区",
        "district": "金牛区",
        "weight": 1
      }
    },
    {
      "type": "Feature",
      "geometry": {
        "type": "Point",
        "coordinates": [
          104.016173,
          30.697305
        ]
      },
      "properties": {
        "name": "红色小区",
        "category": "residential",
        "type": "商务住宅;住宅区;住宅小区",
        "district": "金牛区",
        "weight": 2
      }
    },
    {
      "type": "Feature",
      "geometry": {
        "type": "Point",
        "coordinates": [
          104.016652,
          30.691336
        ]
      },
      "properties": {
        "name": "新天地(蜀汉路)",
        "category": "residential",
        "type": "商务住宅;住宅区;住宅小区",
        "district": "金牛区",
        "weight": 2
      }
    },
    {
      "type": "Feature",
      "geometry": {
        "type": "Point",
        "coordinates": [
          104.01448,
          30.694425
        ]
      },
      "properties": {
        "name": "阳光地带(蜀光路)",
        "category": "residential",
        "type": "商务住宅;住宅区;住宅小区",
        "district": "金牛区",
        "weight": 1
      }
    },
    {
      "type": "Feature",
      "geometry": {
        "type": "Point",
        "coordinates": [
          104.015131,
          30.692565
        ]
      },
      "properties": {
        "name": "蜀汉路488号院",
        "category": "residential",
        "type": "商务住宅;住宅区;住宅区",
        "district": "金牛区",
        "weight": 1
      }
    },
    {
      "type": "Feature",
      "geometry": {
        "type": "Point",
        "coordinates": [
          104.017446,
          30.698248
        ]
      },
      "properties": {
        "name": "金港湾花园",
        "category": "residential",
        "type": "商务住宅;住宅区;住宅小区",
        "district": "金牛区",
        "weight": 1
      }
    },
    {
      "type": "Feature",
      "geometry": {
        "type": "Point",
        "coordinates": [
          104.014741,
          30.696929
        ]
      },
      "properties": {
        "name": "西藏邮苑",
        "category": "residential",
        "type": "商务住宅;住宅区;住宅小区",
        "district": "金牛区",
        "weight": 1
      }
    },
    {
      "type": "Feature",
      "geometry": {
        "type": "Point",
        "coordinates": [
          104.022514,
          30.697232
        ]
      },
      "properties": {
        "name": "二十九所生活区丙区",
        "category": "residential",
        "type": "商务住宅;住宅区;住宅小区",
        "district": "金牛区",
        "weight": 1
      }
    },
    {
      "type": "Feature",
      "geometry": {
        "type": "Point",
        "coordinates": [
          104.019014,
          30.689091
        ]
      },
      "properties": {
        "name": "益和苑",
        "category": "residential",
        "type": "商务住宅;住宅区;住宅小区",
        "district": "金牛区",
        "weight": 8
      }
    },
    {
      "type": "Feature",
      "geometry": {
        "type": "Point",
        "coordinates": [
          104.022999,
          30.691759
        ]
      },
      "properties": {
        "name": "锦城庭院",
        "category": "residential",
        "type": "商务住宅;住宅区;住宅小区",
        "district": "金牛区",
        "weight": 1
      }
    },
    {
      "type": "Feature",
      "geometry": {
        "type": "Point",
        "coordinates": [
          104.016404,
          30.698738
        ]
      },
      "properties": {
        "name": "懋园·西沿风景",
        "category": "residential",
        "type": "商务住宅;住宅区;住宅小区",
        "district": "金牛区",
        "weight": 1
      }
    },
    {
      "type": "Feature",
      "geometry": {
        "type": "Point",
        "coordinates": [
          104.021897,
          30.689708
        ]
      },
      "properties": {
        "name": "唯特郡",
        "category": "residential",
        "type": "商务住宅;住宅区;住宅小区",
        "district": "金牛区",
        "weight": 4
      }
    },
    {
      "type": "Feature",
      "geometry": {
        "type": "Point",
        "coordinates": [
          104.020191,
          30.689974
        ]
      },
      "properties": {
        "name": "蜀汉路259号院",
        "category": "residential",
        "type": "商务住宅;住宅区;住宅区",
        "district": "金牛区",
        "weight": 1
      }
    },
    {
      "type": "Feature",
      "geometry": {
        "type": "Point",
        "coordinates": [
          104.01433,
          30.691255
        ]
      },
      "properties": {
        "name": "金沙美邻",
        "category": "residential",
        "type": "商务住宅;住宅区;住宅区",
        "district": "金牛区",
        "weight": 2
      }
    },
    {
      "type": "Feature",
      "geometry": {
        "type": "Point",
        "coordinates": [
          104.015748,
          30.690254
        ]
      },
      "properties": {
        "name": "三和花园",
        "category": "residential",
        "type": "商务住宅;住宅区;住宅小区",
        "district": "金牛区",
        "weight": 1
      }
    },
    {
      "type": "Feature",
      "geometry": {
        "type": "Point",
        "coordinates": [
          104.02122,
          30.699122
        ]
      },
      "properties": {
        "name": "二十九所生活区甲区",
        "category": "residential",
        "type": "商务住宅;住宅区;住宅小区",
        "district": "金牛区",
        "weight": 1
      }
    },
    {
      "type": "Feature",
      "geometry": {
        "type": "Point",
        "coordinates": [
          104.023364,
          30.697968
        ]
      },
      "properties": {
        "name": "安蓉小区",
        "category": "residential",
        "type": "商务住宅;住宅区;住宅小区",
        "district": "金牛区",
        "weight": 2
      }
    },
    {
      "type": "Feature",
      "geometry": {
        "type": "Point",
        "coordinates": [
          104.028758,
          30.693839
        ]
      },
      "properties": {
        "name": "五里墩路49号院",
        "category": "residential",
        "type": "商务住宅;住宅区;住宅小区",
        "district": "金牛区",
        "weight": 1
      }
    },
    {
      "type": "Feature",
      "geometry": {
        "type": "Point",
        "coordinates": [
          104.031458,
          30.690833
        ]
      },
      "properties": {
        "name": "外化城",
        "category": "residential",
        "type": "商务住宅;住宅区;住宅区",
        "district": "金牛区",
        "weight": 46
      }
    },
    {
      "type": "Feature",
      "geometry": {
        "type": "Point",
        "coordinates": [
          104.030842,
          30.695098
        ]
      },
      "properties": {
        "name": "十七号大院",
        "category": "residential",
        "type": "商务住宅;住宅区;住宅小区",
        "district": "金牛区",
        "weight": 2
      }
    },
    {
      "type": "Feature",
      "geometry": {
        "type": "Point",
        "coordinates": [
          104.030483,
          30.696496
        ]
      },
      "properties": {
        "name": "电子所住宅区",
        "category": "residential",
        "type": "商务住宅;住宅区;住宅小区",
        "district": "金牛区",
        "weight": 2
      }
    },
    {
      "type": "Feature",
      "geometry": {
        "type": "Point",
        "coordinates": [
          104.028164,
          30.697009
        ]
      },
      "properties": {
        "name": "茶店子东街48号院",
        "category": "residential",
        "type": "商务住宅;住宅区;住宅小区",
        "district": "金牛区",
        "weight": 1
      }
    },
    {
      "type": "Feature",
      "geometry": {
        "type": "Point",
        "coordinates": [
          104.029131,
          30.697733
        ]
      },
      "properties": {
        "name": "锦城社区东区",
        "category": "residential",
        "type": "商务住宅;住宅区;住宅小区",
        "district": "金牛区",
        "weight": 1
      }
    },
    {
      "type": "Feature",
      "geometry": {
        "type": "Point",
        "coordinates": [
          104.02521,
          30.692113
        ]
      },
      "properties": {
        "name": "蜀兴苑",
        "category": "residential",
        "type": "商务住宅;住宅区;住宅小区",
        "district": "金牛区",
        "weight": 1
      }
    },
    {
      "type": "Feature",
      "geometry": {
        "type": "Point",
        "coordinates": [
          104.024059,
          30.695525
        ]
      },
      "properties": {
        "name": "一品天下D区",
        "category": "residential",
        "type": "商务住宅;住宅区;住宅小区",
        "district": "金牛区",
        "weight": 1
      }
    },
    {
      "type": "Feature",
      "geometry": {
        "type": "Point",
        "coordinates": [
          104.033451,
          30.69555
        ]
      },
      "properties": {
        "name": "千喜之春公寓",
        "category": "residential",
        "type": "商务住宅;住宅区;住宅小区",
        "district": "金牛区",
        "weight": 2
      }
    },
    {
      "type": "Feature",
      "geometry": {
        "type": "Point",
        "coordinates": [
          104.027872,
          30.69018
        ]
      },
      "properties": {
        "name": "锦汇花园",
        "category": "residential",
        "type": "商务住宅;住宅区;住宅小区",
        "district": "金牛区",
        "weight": 1
      }
    },
    {
      "type": "Feature",
      "geometry": {
        "type": "Point",
        "coordinates": [
          104.025754,
          30.698098
        ]
      },
      "properties": {
        "name": "西城公馆",
        "category": "residential",
        "type": "商务住宅;住宅区;住宅小区",
        "district": "金牛区",
        "weight": 1
      }
    },
    {
      "type": "Feature",
      "geometry": {
        "type": "Point",
        "coordinates": [
          104.032921,
          30.697438
        ]
      },
      "properties": {
        "name": "顶峰·水岸汇景",
        "category": "residential",
        "type": "商务住宅;住宅区;住宅小区",
        "district": "金牛区",
        "weight": 2
      }
    },
    {
      "type": "Feature",
      "geometry": {
        "type": "Point",
        "coordinates": [
          104.023677,
          30.696696
        ]
      },
      "properties": {
        "name": "一品天下B区",
        "category": "residential",
        "type": "商务住宅;住宅区;住宅小区",
        "district": "金牛区",
        "weight": 1
      }
    },
    {
      "type": "Feature",
      "geometry": {
        "type": "Point",
        "coordinates": [
          104.025297,
          30.689877
        ]
      },
      "properties": {
        "name": "蓝光·云鼎",
        "category": "residential",
        "type": "商务住宅;住宅区;住宅小区",
        "district": "金牛区",
        "weight": 1
      }
    },
    {
      "type": "Feature",
      "geometry": {
        "type": "Point",
        "coordinates": [
          104.023957,
          30.689786
        ]
      },
      "properties": {
        "name": "凯丽豪景2期",
        "category": "residential",
        "type": "商务住宅;住宅区;住宅小区",
        "district": "金牛区",
        "weight": 1
      }
    },
    {
      "type": "Feature",
      "geometry": {
        "type": "Point",
        "coordinates": [
          104.03783,
          30.694668
        ]
      },
      "properties": {
        "name": "新柳苑",
        "category": "residential",
        "type": "商务住宅;住宅区;住宅小区",
        "district": "金牛区",
        "weight": 2
      }
    },
    {
      "type": "Feature",
      "geometry": {
        "type": "Point",
        "coordinates": [
          104.040241,
          30.695028
        ]
      },
      "properties": {
        "name": "新天地",
        "category": "residential",
        "type": "商务住宅;住宅区;住宅小区",
        "district": "金牛区",
        "weight": 8
      }
    },
    {
      "type": "Feature",
      "geometry": {
        "type": "Point",
        "coordinates": [
          104.03774,
          30.693356
        ]
      },
      "properties": {
        "name": "二环路北二段241号院",
        "category": "residential",
        "type": "商务住宅;住宅区;住宅区",
        "district": "金牛区",
        "weight": 2
      }
    },
    {
      "type": "Feature",
      "geometry": {
        "type": "Point",
        "coordinates": [
          104.040585,
          30.692859
        ]
      },
      "properties": {
        "name": "为民路54号院",
        "category": "residential",
        "type": "商务住宅;住宅区;住宅区",
        "district": "金牛区",
        "weight": 2
      }
    },
    {
      "type": "Feature",
      "geometry": {
        "type": "Point",
        "coordinates": [
          104.037133,
          30.696996
        ]
      },
      "properties": {
        "name": "琴园",
        "category": "residential",
        "type": "商务住宅;住宅区;住宅小区",
        "district": "金牛区",
        "weight": 3
      }
    },
    {
      "type": "Feature",
      "geometry": {
        "type": "Point",
        "coordinates": [
          104.035642,
          30.694326
        ]
      },
      "properties": {
        "name": "汇景新村",
        "category": "residential",
        "type": "商务住宅;住宅区;住宅小区",
        "district": "金牛区",
        "weight": 8
      }
    },
    {
      "type": "Feature",
      "geometry": {
        "type": "Point",
        "coordinates": [
          104.039545,
          30.690609
        ]
      },
      "properties": {
        "name": "运生苑",
        "category": "residential",
        "type": "商务住宅;住宅区;住宅小区",
        "district": "金牛区",
        "weight": 21
      }
    },
    {
      "type": "Feature",
      "geometry": {
        "type": "Point",
        "coordinates": [
          104.042839,
          30.694761
        ]
      },
      "properties": {
        "name": "万科加州湾",
        "category": "residential",
        "type": "商务住宅;住宅区;住宅小区",
        "district": "金牛区",
        "weight": 4
      }
    },
    {
      "type": "Feature",
      "geometry": {
        "type": "Point",
        "coordinates": [
          104.038857,
          30.698017
        ]
      },
      "properties": {
        "name": "金房星座",
        "category": "residential",
        "type": "商务住宅;住宅区;住宅小区",
        "district": "金牛区",
        "weight": 2
      }
    },
    {
      "type": "Feature",
      "geometry": {
        "type": "Point",
        "coordinates": [
          104.034847,
          30.696283
        ]
      },
      "properties": {
        "name": "月园",
        "category": "residential",
        "type": "商务住宅;住宅区;住宅小区",
        "district": "金牛区",
        "weight": 2
      }
    },
    {
      "type": "Feature",
      "geometry": {
        "type": "Point",
        "coordinates": [
          104.044133,
          30.689424
        ]
      },
      "properties": {
        "name": "八零派",
        "category": "residential",
        "type": "商务住宅;住宅区;住宅小区",
        "district": "金牛区",
        "weight": 48
      }
    },
    {
      "type": "Feature",
      "geometry": {
        "type": "Point",
        "coordinates": [
          104.034465,
          30.692083
        ]
      },
      "properties": {
        "name": "澳林春天",
        "category": "residential",
        "type": "商务住宅;住宅区;住宅小区",
        "district": "金牛区",
        "weight": 2
      }
    },
    {
      "type": "Feature",
      "geometry": {
        "type": "Point",
        "coordinates": [
          104.037574,
          30.698836
        ]
      },
      "properties": {
        "name": "凤凰栖",
        "category": "residential",
        "type": "商务住宅;住宅区;住宅小区",
        "district": "金牛区",
        "weight": 1
      }
    },
    {
      "type": "Feature",
      "geometry": {
        "type": "Point",
        "coordinates": [
          104.034937,
          30.697744
        ]
      },
      "properties": {
        "name": "金奥苑",
        "category": "residential",
        "type": "商务住宅;住宅区;住宅小区",
        "district": "金牛区",
        "weight": 3
      }
    },
    {
      "type": "Feature",
      "geometry": {
        "type": "Point",
        "coordinates": [
          104.036182,
          30.698972
        ]
      },
      "properties": {
        "name": "金房央座",
        "category": "residential",
        "type": "商务住宅;住宅区;住宅小区",
        "district": "金牛区",
        "weight": 2
      }
    },
    {
      "type": "Feature",
      "geometry": {
        "type": "Point",
        "coordinates": [
          104.035659,
          30.683786
        ]
      },
      "properties": {
        "name": "康品",
        "category": "residential",
        "type": "商务住宅;住宅区;住宅小区",
        "district": "金牛区",
        "weight": 184
      }
    },
    {
      "type": "Feature",
      "geometry": {
        "type": "Point",
        "coordinates": [
          104.035134,
          30.699037
        ]
      },
      "properties": {
        "name": "钻石年代",
        "category": "residential",
        "type": "商务住宅;住宅区;住宅小区",
        "district": "金牛区",
        "weight": 1
      }
    },
    {
      "type": "Feature",
      "geometry": {
        "type": "Point",
        "coordinates": [
          104.034089,
          30.698974
        ]
      },
      "properties": {
        "name": "顶峰水岸3期",
        "category": "residential",
        "type": "商务住宅;住宅区;住宅小区",
        "district": "金牛区",
        "weight": 1
      }
    },
    {
      "type": "Feature",
      "geometry": {
        "type": "Point",
        "coordinates": [
          104.050296,
          30.695329
        ]
      },
      "properties": {
        "name": "凌远花园(圃园南二路)",
        "category": "residential",
        "type": "商务住宅;住宅区;住宅小区",
        "district": "金牛区",
        "weight": 1
      }
    },
    {
      "type": "Feature",
      "geometry": {
        "type": "Point",
        "coordinates": [
          104.050728,
          30.694404
        ]
      },
      "properties": {
        "name": "潮蓉苑",
        "category": "residential",
        "type": "商务住宅;住宅区;住宅小区",
        "district": "金牛区",
        "weight": 1
      }
    },
    {
      "type": "Feature",
      "geometry": {
        "type": "Point",
        "coordinates": [
          104.052536,
          30.695905
        ]
      },
      "properties": {
        "name": "天合苑",
        "category": "residential",
        "type": "商务住宅;住宅区;住宅小区",
        "district": "金牛区",
        "weight": 17
      }
    },
    {
      "type": "Feature",
      "geometry": {
        "type": "Point",
        "coordinates": [
          104.052288,
          30.692501
        ]
      },
      "properties": {
        "name": "红星院",
        "category": "residential",
        "type": "商务住宅;住宅区;住宅小区",
        "district": "金牛区",
        "weight": 23
      }
    },
    {
      "type": "Feature",
      "geometry": {
        "type": "Point",
        "coordinates": [
          104.048152,
          30.691832
        ]
      },
      "properties": {
        "name": "金洲家园",
        "category": "residential",
        "type": "商务住宅;住宅区;住宅小区",
        "district": "金牛区",
        "weight": 1
      }
    },
    {
      "type": "Feature",
      "geometry": {
        "type": "Point",
        "coordinates": [
          104.046247,
          30.69227
        ]
      },
      "properties": {
        "name": "懋园国际商住城",
        "category": "residential",
        "type": "商务住宅;住宅区;住宅小区",
        "district": "金牛区",
        "weight": 1
      }
    },
    {
      "type": "Feature",
      "geometry": {
        "type": "Point",
        "coordinates": [
          104.047693,
          30.698343
        ]
      },
      "properties": {
        "name": "西南交通大学九里校区南园9幢",
        "category": "residential",
        "type": "商务住宅;住宅区;住宅小区",
        "district": "金牛区",
        "weight": 23
      }
    },
    {
      "type": "Feature",
      "geometry": {
        "type": "Point",
        "coordinates": [
          104.047399,
          30.690726
        ]
      },
      "properties": {
        "name": "金阳光苑",
        "category": "residential",
        "type": "商务住宅;住宅区;住宅区",
        "district": "金牛区",
        "weight": 5
      }
    },
    {
      "type": "Feature",
      "geometry": {
        "type": "Point",
        "coordinates": [
          104.045864,
          30.697231
        ]
      },
      "properties": {
        "name": "银桂桥西街小区",
        "category": "residential",
        "type": "商务住宅;住宅区;住宅小区",
        "district": "金牛区",
        "weight": 3
      }
    },
    {
      "type": "Feature",
      "geometry": {
        "type": "Point",
        "coordinates": [
          104.044109,
          30.693934
        ]
      },
      "properties": {
        "name": "现代城(金沙路)",
        "category": "residential",
        "type": "商务住宅;住宅区;住宅小区",
        "district": "金牛区",
        "weight": 1
      }
    },
    {
      "type": "Feature",
      "geometry": {
        "type": "Point",
        "coordinates": [
          104.049458,
          30.689821
        ]
      },
      "properties": {
        "name": "沙湾公寓",
        "category": "residential",
        "type": "商务住宅;住宅区;住宅小区",
        "district": "金牛区",
        "weight": 6
      }
    },
    {
      "type": "Feature",
      "geometry": {
        "type": "Point",
        "coordinates": [
          104.044862,
          30.699021
        ]
      },
      "properties": {
        "name": "银桂桥社区",
        "category": "residential",
        "type": "商务住宅;住宅区;住宅小区",
        "district": "金牛区",
        "weight": 3
      }
    },
    {
      "type": "Feature",
      "geometry": {
        "type": "Point",
        "coordinates": [
          104.056255,
          30.694286
        ]
      },
      "properties": {
        "name": "全兴花园",
        "category": "residential",
        "type": "商务住宅;住宅区;住宅小区",
        "district": "金牛区",
        "weight": 1
      }
    },
    {
      "type": "Feature",
      "geometry": {
        "type": "Point",
        "coordinates": [
          104.057019,
          30.696732
        ]
      },
      "properties": {
        "name": "九里堤南路86号院",
        "category": "residential",
        "type": "商务住宅;住宅区;住宅区",
        "district": "金牛区",
        "weight": 1
      }
    },
    {
      "type": "Feature",
      "geometry": {
        "type": "Point",
        "coordinates": [
          104.055682,
          30.696216
        ]
      },
      "properties": {
        "name": "成都木综厂小区",
        "category": "residential",
        "type": "商务住宅;住宅区;住宅小区",
        "district": "金牛区",
        "weight": 2
      }
    },
    {
      "type": "Feature",
      "geometry": {
        "type": "Point",
        "coordinates": [
          104.055723,
          30.692262
        ]
      },
      "properties": {
        "name": "府河桥社区",
        "category": "residential",
        "type": "商务住宅;住宅区;住宅小区",
        "district": "金牛区",
        "weight": 1
      }
    },
    {
      "type": "Feature",
      "geometry": {
        "type": "Point",
        "coordinates": [
          104.06257,
          30.691341
        ]
      },
      "properties": {
        "name": "如福苑",
        "category": "residential",
        "type": "商务住宅;住宅区;住宅小区",
        "district": "金牛区",
        "weight": 14
      }
    },
    {
      "type": "Feature",
      "geometry": {
        "type": "Point",
        "coordinates": [
          104.05904,
          30.690727
        ]
      },
      "properties": {
        "name": "龙门镇",
        "category": "residential",
        "type": "商务住宅;住宅区;住宅小区",
        "district": "金牛区",
        "weight": 1
      }
    },
    {
      "type": "Feature",
      "geometry": {
        "type": "Point",
        "coordinates": [
          104.062865,
          30.694486
        ]
      },
      "properties": {
        "name": "北站西二路38号院",
        "category": "residential",
        "type": "商务住宅;住宅区;住宅小区",
        "district": "金牛区",
        "weight": 1
      }
    },
    {
      "type": "Feature",
      "geometry": {
        "type": "Point",
        "coordinates": [
          104.057454,
          30.698259
        ]
      },
      "properties": {
        "name": "锦宏河滨苑",
        "category": "residential",
        "type": "商务住宅;住宅区;住宅小区",
        "district": "金牛区",
        "weight": 1
      }
    },
    {
      "type": "Feature",
      "geometry": {
        "type": "Point",
        "coordinates": [
          104.055585,
          30.691038
        ]
      },
      "properties": {
        "name": "劲草园",
        "category": "residential",
        "type": "商务住宅;住宅区;住宅小区",
        "district": "金牛区",
        "weight": 2
      }
    },
    {
      "type": "Feature",
      "geometry": {
        "type": "Point",
        "coordinates": [
          104.055594,
          30.697798
        ]
      },
      "properties": {
        "name": "太阳门公寓",
        "category": "residential",
        "type": "商务住宅;住宅区;住宅小区",
        "district": "金牛区",
        "weight": 1
      }
    },
    {
      "type": "Feature",
      "geometry": {
        "type": "Point",
        "coordinates": [
          104.05812,
          30.689616
        ]
      },
      "properties": {
        "name": "府河1号",
        "category": "residential",
        "type": "商务住宅;住宅区;住宅小区",
        "district": "金牛区",
        "weight": 1
      }
    },
    {
      "type": "Feature",
      "geometry": {
        "type": "Point",
        "coordinates": [
          104.063366,
          30.696179
        ]
      },
      "properties": {
        "name": "北站西二路50号院",
        "category": "residential",
        "type": "商务住宅;住宅区;住宅小区",
        "district": "金牛区",
        "weight": 2
      }
    },
    {
      "type": "Feature",
      "geometry": {
        "type": "Point",
        "coordinates": [
          104.061185,
          30.698825
        ]
      },
      "properties": {
        "name": "府河路苑",
        "category": "residential",
        "type": "商务住宅;住宅区;住宅小区",
        "district": "金牛区",
        "weight": 1
      }
    },
    {
      "type": "Feature",
      "geometry": {
        "type": "Point",
        "coordinates": [
          104.056123,
          30.689027
        ]
      },
      "properties": {
        "name": "木棕厂家属院",
        "category": "residential",
        "type": "商务住宅;住宅区;住宅小区",
        "district": "金牛区",
        "weight": 4
      }
    },
    {
      "type": "Feature",
      "geometry": {
        "type": "Point",
        "coordinates": [
          104.067521,
          30.694358
        ]
      },
      "properties": {
        "name": "北站西一路131号院",
        "category": "residential",
        "type": "商务住宅;住宅区;住宅小区",
        "district": "金牛区",
        "weight": 2
      }
    },
    {
      "type": "Feature",
      "geometry": {
        "type": "Point",
        "coordinates": [
          104.069026,
          30.693367
        ]
      },
      "properties": {
        "name": "北站西二巷2号院",
        "category": "residential",
        "type": "商务住宅;住宅区;住宅小区",
        "district": "青羊区",
        "weight": 1
      }
    },
    {
      "type": "Feature",
      "geometry": {
        "type": "Point",
        "coordinates": [
          104.068009,
          30.696315
        ]
      },
      "properties": {
        "name": "荷花池街道杨柳巷社区",
        "category": "residential",
        "type": "商务住宅;住宅区;住宅小区",
        "district": "金牛区",
        "weight": 1
      }
    },
    {
      "type": "Feature",
      "geometry": {
        "type": "Point",
        "coordinates": [
          104.067593,
          30.691931
        ]
      },
      "properties": {
        "name": "西一路十号院",
        "category": "residential",
        "type": "商务住宅;住宅区;住宅小区",
        "district": "金牛区",
        "weight": 4
      }
    },
    {
      "type": "Feature",
      "geometry": {
        "type": "Point",
        "coordinates": [
          104.07102,
          30.694924
        ]
      },
      "properties": {
        "name": "人民北路小区",
        "category": "residential",
        "type": "商务住宅;住宅区;住宅小区",
        "district": "金牛区",
        "weight": 1
      }
    },
    {
      "type": "Feature",
      "geometry": {
        "type": "Point",
        "coordinates": [
          104.06603,
          30.695155
        ]
      },
      "properties": {
        "name": "北站西一巷17号小区",
        "category": "residential",
        "type": "商务住宅;住宅区;住宅小区",
        "district": "金牛区",
        "weight": 1
      }
    },
    {
      "type": "Feature",
      "geometry": {
        "type": "Point",
        "coordinates": [
          104.069134,
          30.696629
        ]
      },
      "properties": {
        "name": "二环路北二段4号",
        "category": "residential",
        "type": "商务住宅;住宅区;住宅区",
        "district": "金牛区",
        "weight": 1
      }
    },
    {
      "type": "Feature",
      "geometry": {
        "type": "Point",
        "coordinates": [
          104.066671,
          30.696116
        ]
      },
      "properties": {
        "name": "北站西一路88号院",
        "category": "residential",
        "type": "商务住宅;住宅区;住宅区",
        "district": "金牛区",
        "weight": 1
      }
    },
    {
      "type": "Feature",
      "geometry": {
        "type": "Point",
        "coordinates": [
          104.066428,
          30.69253
        ]
      },
      "properties": {
        "name": "北站西一路16号院",
        "category": "residential",
        "type": "商务住宅;住宅区;住宅小区",
        "district": "金牛区",
        "weight": 2
      }
    },
    {
      "type": "Feature",
      "geometry": {
        "type": "Point",
        "coordinates": [
          104.071429,
          30.693248
        ]
      },
      "properties": {
        "name": "航空苑",
        "category": "residential",
        "type": "商务住宅;住宅区;住宅小区",
        "district": "金牛区",
        "weight": 2
      }
    },
    {
      "type": "Feature",
      "geometry": {
        "type": "Point",
        "coordinates": [
          104.069436,
          30.691597
        ]
      },
      "properties": {
        "name": "人民北路二段5号小区",
        "category": "residential",
        "type": "商务住宅;住宅区;住宅小区",
        "district": "金牛区",
        "weight": 1
      }
    },
    {
      "type": "Feature",
      "geometry": {
        "type": "Point",
        "coordinates": [
          104.071978,
          30.69178
        ]
      },
      "properties": {
        "name": "肖三南巷78号院",
        "category": "residential",
        "type": "商务住宅;住宅区;住宅小区",
        "district": "金牛区",
        "weight": 2
      }
    },
    {
      "type": "Feature",
      "geometry": {
        "type": "Point",
        "coordinates": [
          104.065362,
          30.697438
        ]
      },
      "properties": {
        "name": "二环路北二段77号院",
        "category": "residential",
        "type": "商务住宅;住宅区;住宅小区",
        "district": "金牛区",
        "weight": 1
      }
    },
    {
      "type": "Feature",
      "geometry": {
        "type": "Point",
        "coordinates": [
          104.066673,
          30.690378
        ]
      },
      "properties": {
        "name": "北站西三巷29号院",
        "category": "residential",
        "type": "商务住宅;住宅区;住宅小区",
        "district": "金牛区",
        "weight": 1
      }
    },
    {
      "type": "Feature",
      "geometry": {
        "type": "Point",
        "coordinates": [
          104.063525,
          30.693543
        ]
      },
      "properties": {
        "name": "北站西二路36号院",
        "category": "residential",
        "type": "商务住宅;住宅区;住宅小区",
        "district": "金牛区",
        "weight": 1
      }
    },
    {
      "type": "Feature",
      "geometry": {
        "type": "Point",
        "coordinates": [
          104.069985,
          30.690161
        ]
      },
      "properties": {
        "name": "和谐平安四分会南院",
        "category": "residential",
        "type": "商务住宅;住宅区;住宅小区",
        "district": "金牛区",
        "weight": 1
      }
    },
    {
      "type": "Feature",
      "geometry": {
        "type": "Point",
        "coordinates": [
          104.073577,
          30.691346
        ]
      },
      "properties": {
        "name": "肖家村三巷69号院",
        "category": "residential",
        "type": "商务住宅;住宅区;住宅小区",
        "district": "金牛区",
        "weight": 15
      }
    },
    {
      "type": "Feature",
      "geometry": {
        "type": "Point",
        "coordinates": [
          104.080286,
          30.695277
        ]
      },
      "properties": {
        "name": "汽配公寓",
        "category": "residential",
        "type": "商务住宅;住宅区;住宅小区",
        "district": "金牛区",
        "weight": 1
      }
    },
    {
      "type": "Feature",
      "geometry": {
        "type": "Point",
        "coordinates": [
          104.080398,
          30.6926
        ]
      },
      "properties": {
        "name": "馨江苑",
        "category": "residential",
        "type": "商务住宅;住宅区;住宅小区",
        "district": "金牛区",
        "weight": 5
      }
    },
    {
      "type": "Feature",
      "geometry": {
        "type": "Point",
        "coordinates": [
          104.075961,
          30.694091
        ]
      },
      "properties": {
        "name": "幸福村一组",
        "category": "residential",
        "type": "商务住宅;住宅区;住宅区",
        "district": "金牛区",
        "weight": 1
      }
    },
    {
      "type": "Feature",
      "geometry": {
        "type": "Point",
        "coordinates": [
          104.076921,
          30.692287
        ]
      },
      "properties": {
        "name": "聚源公寓",
        "category": "residential",
        "type": "商务住宅;住宅区;住宅小区",
        "district": "金牛区",
        "weight": 2
      }
    },
    {
      "type": "Feature",
      "geometry": {
        "type": "Point",
        "coordinates": [
          104.080597,
          30.696492
        ]
      },
      "properties": {
        "name": "二环路北三段220号",
        "category": "residential",
        "type": "商务住宅;住宅区;住宅区",
        "district": "金牛区",
        "weight": 2
      }
    },
    {
      "type": "Feature",
      "geometry": {
        "type": "Point",
        "coordinates": [
          104.078732,
          30.690636
        ]
      },
      "properties": {
        "name": "红花小区",
        "category": "residential",
        "type": "商务住宅;住宅区;住宅小区",
        "district": "金牛区",
        "weight": 8
      }
    },
    {
      "type": "Feature",
      "geometry": {
        "type": "Point",
        "coordinates": [
          104.081714,
          30.695519
        ]
      },
      "properties": {
        "name": "荷花池公寓",
        "category": "residential",
        "type": "商务住宅;住宅区;住宅小区",
        "district": "金牛区",
        "weight": 1
      }
    },
    {
      "type": "Feature",
      "geometry": {
        "type": "Point",
        "coordinates": [
          104.083024,
          30.691793
        ]
      },
      "properties": {
        "name": "馨红苑",
        "category": "residential",
        "type": "商务住宅;住宅区;住宅小区",
        "district": "金牛区",
        "weight": 41
      }
    },
    {
      "type": "Feature",
      "geometry": {
        "type": "Point",
        "coordinates": [
          104.083681,
          30.694483
        ]
      },
      "properties": {
        "name": "红花苑",
        "category": "residential",
        "type": "商务住宅;住宅区;住宅区",
        "district": "金牛区",
        "weight": 6
      }
    },
    {
      "type": "Feature",
      "geometry": {
        "type": "Point",
        "coordinates": [
          104.080187,
          30.697886
        ]
      },
      "properties": {
        "name": "富丽城",
        "category": "residential",
        "type": "商务住宅;住宅区;住宅小区",
        "district": "金牛区",
        "weight": 1
      }
    },
    {
      "type": "Feature",
      "geometry": {
        "type": "Point",
        "coordinates": [
          104.077169,
          30.69834
        ]
      },
      "properties": {
        "name": "粗粮2号馍(荷花池店)",
        "category": "residential",
        "type": "商务住宅;住宅区;住宅小区",
        "district": "金牛区",
        "weight": 1
      }
    },
    {
      "type": "Feature",
      "geometry": {
        "type": "Point",
        "coordinates": [
          104.082558,
          30.697387
        ]
      },
      "properties": {
        "name": "盛世豪庭",
        "category": "residential",
        "type": "商务住宅;住宅区;住宅小区",
        "district": "金牛区",
        "weight": 2
      }
    },
    {
      "type": "Feature",
      "geometry": {
        "type": "Point",
        "coordinates": [
          104.078056,
          30.699096
        ]
      },
      "properties": {
        "name": "一品荷花",
        "category": "residential",
        "type": "商务住宅;住宅区;住宅小区",
        "district": "金牛区",
        "weight": 2
      }
    },
    {
      "type": "Feature",
      "geometry": {
        "type": "Point",
        "coordinates": [
          104.075803,
          30.6895
        ]
      },
      "properties": {
        "name": "福居苑",
        "category": "residential",
        "type": "商务住宅;住宅区;住宅小区",
        "district": "金牛区",
        "weight": 13
      }
    },
    {
      "type": "Feature",
      "geometry": {
        "type": "Point",
        "coordinates": [
          104.081832,
          30.698463
        ]
      },
      "properties": {
        "name": "禾嘉利好",
        "category": "residential",
        "type": "商务住宅;住宅区;住宅小区",
        "district": "金牛区",
        "weight": 1
      }
    },
    {
      "type": "Feature",
      "geometry": {
        "type": "Point",
        "coordinates": [
          104.083472,
          30.690353
        ]
      },
      "properties": {
        "name": "解放路一段120号大院",
        "category": "residential",
        "type": "商务住宅;住宅区;住宅小区",
        "district": "金牛区",
        "weight": 2
      }
    },
    {
      "type": "Feature",
      "geometry": {
        "type": "Point",
        "coordinates": [
          104.087378,
          30.694458
        ]
      },
      "properties": {
        "name": "城北天地",
        "category": "residential",
        "type": "商务住宅;住宅区;住宅小区",
        "district": "金牛区",
        "weight": 1
      }
    },
    {
      "type": "Feature",
      "geometry": {
        "type": "Point",
        "coordinates": [
          104.089302,
          30.695502
        ]
      },
      "properties": {
        "name": "瑞安·城中汇",
        "category": "residential",
        "type": "商务住宅;住宅区;住宅小区",
        "district": "金牛区",
        "weight": 1
      }
    },
    {
      "type": "Feature",
      "geometry": {
        "type": "Point",
        "coordinates": [
          104.087532,
          30.693122
        ]
      },
      "properties": {
        "name": "二环路北四段70院",
        "category": "residential",
        "type": "商务住宅;住宅区;住宅小区",
        "district": "金牛区",
        "weight": 2
      }
    },
    {
      "type": "Feature",
      "geometry": {
        "type": "Point",
        "coordinates": [
          104.087363,
          30.695822
        ]
      },
      "properties": {
        "name": "经典再现",
        "category": "residential",
        "type": "商务住宅;住宅区;住宅小区",
        "district": "金牛区",
        "weight": 1
      }
    },
    {
      "type": "Feature",
      "geometry": {
        "type": "Point",
        "coordinates": [
          104.085951,
          30.696765
        ]
      },
      "properties": {
        "name": "芙蓉华庭",
        "category": "residential",
        "type": "商务住宅;住宅区;住宅小区",
        "district": "金牛区",
        "weight": 4
      }
    },
    {
      "type": "Feature",
      "geometry": {
        "type": "Point",
        "coordinates": [
          104.087485,
          30.697058
        ]
      },
      "properties": {
        "name": "润泽园(红旗巷)",
        "category": "residential",
        "type": "商务住宅;住宅区;住宅小区",
        "district": "金牛区",
        "weight": 1
      }
    },
    {
      "type": "Feature",
      "geometry": {
        "type": "Point",
        "coordinates": [
          104.092915,
          30.692459
        ]
      },
      "properties": {
        "name": "通瑞龙邸",
        "category": "residential",
        "type": "商务住宅;住宅区;住宅小区",
        "district": "成华区",
        "weight": 7
      }
    },
    {
      "type": "Feature",
      "geometry": {
        "type": "Point",
        "coordinates": [
          104.093,
          30.694902
        ]
      },
      "properties": {
        "name": "二环北路四段5号新10栋院",
        "category": "residential",
        "type": "商务住宅;住宅区;住宅区",
        "district": "成华区",
        "weight": 1
      }
    },
    {
      "type": "Feature",
      "geometry": {
        "type": "Point",
        "coordinates": [
          104.090364,
          30.698465
        ]
      },
      "properties": {
        "name": "八里庄社区",
        "category": "residential",
        "type": "商务住宅;住宅区;住宅小区",
        "district": "成华区",
        "weight": 1
      }
    },
    {
      "type": "Feature",
      "geometry": {
        "type": "Point",
        "coordinates": [
          104.086131,
          30.690072
        ]
      },
      "properties": {
        "name": "蓝光富丽碧蔓汀",
        "category": "residential",
        "type": "商务住宅;住宅区;住宅小区",
        "district": "金牛区",
        "weight": 1
      }
    },
    {
      "type": "Feature",
      "geometry": {
        "type": "Point",
        "coordinates": [
          104.086734,
          30.698881
        ]
      },
      "properties": {
        "name": "沙河·云景湾",
        "category": "residential",
        "type": "商务住宅;住宅区;住宅小区",
        "district": "金牛区",
        "weight": 1
      }
    },
    {
      "type": "Feature",
      "geometry": {
        "type": "Point",
        "coordinates": [
          104.09237,
          30.69025
        ]
      },
      "properties": {
        "name": "沙河庭院",
        "category": "residential",
        "type": "商务住宅;住宅区;住宅小区",
        "district": "成华区",
        "weight": 3
      }
    },
    {
      "type": "Feature",
      "geometry": {
        "type": "Point",
        "coordinates": [
          104.096705,
          30.692172
        ]
      },
      "properties": {
        "name": "永立·龙邸",
        "category": "residential",
        "type": "商务住宅;住宅区;住宅小区",
        "district": "成华区",
        "weight": 2
      }
    },
    {
      "type": "Feature",
      "geometry": {
        "type": "Point",
        "coordinates": [
          104.095113,
          30.694995
        ]
      },
      "properties": {
        "name": "汇融名城C区",
        "category": "residential",
        "type": "商务住宅;住宅区;住宅小区",
        "district": "成华区",
        "weight": 1
      }
    },
    {
      "type": "Feature",
      "geometry": {
        "type": "Point",
        "coordinates": [
          104.094578,
          30.693718
        ]
      },
      "properties": {
        "name": "汇融名城",
        "category": "residential",
        "type": "商务住宅;住宅区;住宅小区",
        "district": "成华区",
        "weight": 1
      }
    },
    {
      "type": "Feature",
      "geometry": {
        "type": "Point",
        "coordinates": [
          104.098025,
          30.690373
        ]
      },
      "properties": {
        "name": "瑞通新居",
        "category": "residential",
        "type": "商务住宅;住宅区;住宅小区",
        "district": "成华区",
        "weight": 1
      }
    },
    {
      "type": "Feature",
      "geometry": {
        "type": "Point",
        "coordinates": [
          104.094901,
          30.697368
        ]
      },
      "properties": {
        "name": "宝源·驷马城",
        "category": "residential",
        "type": "商务住宅;住宅区;住宅小区",
        "district": "成华区",
        "weight": 1
      }
    },
    {
      "type": "Feature",
      "geometry": {
        "type": "Point",
        "coordinates": [
          104.10057,
          30.698594
        ]
      },
      "properties": {
        "name": "水畔经典(驷马桥路)",
        "category": "residential",
        "type": "商务住宅;住宅区;住宅小区",
        "district": "成华区",
        "weight": 1
      }
    },
    {
      "type": "Feature",
      "geometry": {
        "type": "Point",
        "coordinates": [
          104.094146,
          30.691079
        ]
      },
      "properties": {
        "name": "二环路北四段小区",
        "category": "residential",
        "type": "商务住宅;住宅区;住宅小区",
        "district": "成华区",
        "weight": 1
      }
    },
    {
      "type": "Feature",
      "geometry": {
        "type": "Point",
        "coordinates": [
          104.102687,
          30.690191
        ]
      },
      "properties": {
        "name": "浅水半岛C区",
        "category": "residential",
        "type": "商务住宅;住宅区;住宅小区",
        "district": "成华区",
        "weight": 1
      }
    },
    {
      "type": "Feature",
      "geometry": {
        "type": "Point",
        "coordinates": [
          104.107759,
          30.692853
        ]
      },
      "properties": {
        "name": "锦都馨苑",
        "category": "residential",
        "type": "商务住宅;住宅区;住宅小区",
        "district": "成华区",
        "weight": 1
      }
    },
    {
      "type": "Feature",
      "geometry": {
        "type": "Point",
        "coordinates": [
          104.106055,
          30.692955
        ]
      },
      "properties": {
        "name": "文德路44号新98号",
        "category": "residential",
        "type": "商务住宅;住宅区;住宅区",
        "district": "成华区",
        "weight": 1
      }
    },
    {
      "type": "Feature",
      "geometry": {
        "type": "Point",
        "coordinates": [
          104.106735,
          30.691157
        ]
      },
      "properties": {
        "name": "金津苑",
        "category": "residential",
        "type": "商务住宅;住宅区;住宅小区",
        "district": "成华区",
        "weight": 4
      }
    },
    {
      "type": "Feature",
      "geometry": {
        "type": "Point",
        "coordinates": [
          104.111239,
          30.691639
        ]
      },
      "properties": {
        "name": "地质花园",
        "category": "residential",
        "type": "商务住宅;住宅区;住宅小区",
        "district": "成华区",
        "weight": 1
      }
    },
    {
      "type": "Feature",
      "geometry": {
        "type": "Point",
        "coordinates": [
          104.104654,
          30.692638
        ]
      },
      "properties": {
        "name": "世家东部时空",
        "category": "residential",
        "type": "商务住宅;住宅区;住宅小区",
        "district": "成华区",
        "weight": 1
      }
    },
    {
      "type": "Feature",
      "geometry": {
        "type": "Point",
        "coordinates": [
          104.110533,
          30.690574
        ]
      },
      "properties": {
        "name": "上行东方",
        "category": "residential",
        "type": "商务住宅;住宅区;住宅小区",
        "district": "成华区",
        "weight": 1
      }
    },
    {
      "type": "Feature",
      "geometry": {
        "type": "Point",
        "coordinates": [
          104.109223,
          30.688372
        ]
      },
      "properties": {
        "name": "八里小区",
        "category": "residential",
        "type": "商务住宅;住宅区;住宅小区",
        "district": "成华区",
        "weight": 22
      }
    },
    {
      "type": "Feature",
      "geometry": {
        "type": "Point",
        "coordinates": [
          104.104864,
          30.690393
        ]
      },
      "properties": {
        "name": "怡福社区",
        "category": "residential",
        "type": "商务住宅;住宅区;住宅小区",
        "district": "成华区",
        "weight": 3
      }
    },
    {
      "type": "Feature",
      "geometry": {
        "type": "Point",
        "coordinates": [
          104.106941,
          30.689185
        ]
      },
      "properties": {
        "name": "锦电苑",
        "category": "residential",
        "type": "商务住宅;住宅区;住宅小区",
        "district": "成华区",
        "weight": 3
      }
    },
    {
      "type": "Feature",
      "geometry": {
        "type": "Point",
        "coordinates": [
          104.117155,
          30.690011
        ]
      },
      "properties": {
        "name": "东星名居",
        "category": "residential",
        "type": "商务住宅;住宅区;住宅小区",
        "district": "成华区",
        "weight": 2
      }
    },
    {
      "type": "Feature",
      "geometry": {
        "type": "Point",
        "coordinates": [
          104.115539,
          30.689754
        ]
      },
      "properties": {
        "name": "八里庄路小区",
        "category": "residential",
        "type": "商务住宅;住宅区;住宅小区",
        "district": "成华区",
        "weight": 1
      }
    },
    {
      "type": "Feature",
      "geometry": {
        "type": "Point",
        "coordinates": [
          104.118365,
          30.694173
        ]
      },
      "properties": {
        "name": "二仙桥西北一路6号院",
        "category": "residential",
        "type": "商务住宅;住宅区;住宅区",
        "district": "成华区",
        "weight": 1
      }
    },
    {
      "type": "Feature",
      "geometry": {
        "type": "Point",
        "coordinates": [
          104.122562,
          30.696218
        ]
      },
      "properties": {
        "name": "海湾社区一组3号",
        "category": "residential",
        "type": "商务住宅;住宅区;住宅区",
        "district": "成华区",
        "weight": 1
      }
    },
    {
      "type": "Feature",
      "geometry": {
        "type": "Point",
        "coordinates": [
          104.137395,
          30.690457
        ]
      },
      "properties": {
        "name": "民兴苑",
        "category": "residential",
        "type": "商务住宅;住宅区;住宅小区",
        "district": "成华区",
        "weight": 1
      }
    },
    {
      "type": "Feature",
      "geometry": {
        "type": "Point",
        "coordinates": [
          104.136102,
          30.692818
        ]
      },
      "properties": {
        "name": "蓝光乐彩城",
        "category": "residential",
        "type": "商务住宅;住宅区;住宅小区",
        "district": "成华区",
        "weight": 1
      }
    },
    {
      "type": "Feature",
      "geometry": {
        "type": "Point",
        "coordinates": [
          104.136182,
          30.691325
        ]
      },
      "properties": {
        "name": "乐彩城3期",
        "category": "residential",
        "type": "商务住宅;住宅区;住宅小区",
        "district": "成华区",
        "weight": 1
      }
    },
    {
      "type": "Feature",
      "geometry": {
        "type": "Point",
        "coordinates": [
          104.146121,
          30.693177
        ]
      },
      "properties": {
        "name": "民兴北苑",
        "category": "residential",
        "type": "商务住宅;住宅区;住宅小区",
        "district": "成华区",
        "weight": 1
      }
    },
    {
      "type": "Feature",
      "geometry": {
        "type": "Point",
        "coordinates": [
          104.144793,
          30.691295
        ]
      },
      "properties": {
        "name": "民兴南苑",
        "category": "residential",
        "type": "商务住宅;住宅区;住宅小区",
        "district": "成华区",
        "weight": 1
      }
    },
    {
      "type": "Feature",
      "geometry": {
        "type": "Point",
        "coordinates": [
          104.162842,
          30.696836
        ]
      },
      "properties": {
        "name": "居家福地",
        "category": "residential",
        "type": "商务住宅;住宅区;住宅小区",
        "district": "成华区",
        "weight": 1
      }
    },
    {
      "type": "Feature",
      "geometry": {
        "type": "Point",
        "coordinates": [
          104.162883,
          30.69889
        ]
      },
      "properties": {
        "name": "香木林花园里",
        "category": "residential",
        "type": "商务住宅;住宅区;住宅小区",
        "district": "成华区",
        "weight": 1
      }
    },
    {
      "type": "Feature",
      "geometry": {
        "type": "Point",
        "coordinates": [
          104.161149,
          30.696923
        ]
      },
      "properties": {
        "name": "向龙小区",
        "category": "residential",
        "type": "商务住宅;住宅区;住宅小区",
        "district": "成华区",
        "weight": 2
      }
    },
    {
      "type": "Feature",
      "geometry": {
        "type": "Point",
        "coordinates": [
          104.160739,
          30.698633
        ]
      },
      "properties": {
        "name": "龙华居",
        "category": "residential",
        "type": "商务住宅;住宅区;住宅小区",
        "district": "成华区",
        "weight": 1
      }
    },
    {
      "type": "Feature",
      "geometry": {
        "type": "Point",
        "coordinates": [
          104.154284,
          30.694703
        ]
      },
      "properties": {
        "name": "向龙社区",
        "category": "residential",
        "type": "商务住宅;住宅区;住宅小区",
        "district": "成华区",
        "weight": 1
      }
    },
    {
      "type": "Feature",
      "geometry": {
        "type": "Point",
        "coordinates": [
          104.16825,
          30.697287
        ]
      },
      "properties": {
        "name": "鹤林小区",
        "category": "residential",
        "type": "商务住宅;住宅区;住宅小区",
        "district": "成华区",
        "weight": 1
      }
    },
    {
      "type": "Feature",
      "geometry": {
        "type": "Point",
        "coordinates": [
          104.165143,
          30.69456
        ]
      },
      "properties": {
        "name": "北湖卡夫诺",
        "category": "residential",
        "type": "商务住宅;住宅区;住宅区",
        "district": "成华区",
        "weight": 1
      }
    },
    {
      "type": "Feature",
      "geometry": {
        "type": "Point",
        "coordinates": [
          104.166235,
          30.696712
        ]
      },
      "properties": {
        "name": "东方丽苑",
        "category": "residential",
        "type": "商务住宅;住宅区;住宅小区",
        "district": "成华区",
        "weight": 1
      }
    },
    {
      "type": "Feature",
      "geometry": {
        "type": "Point",
        "coordinates": [
          104.171244,
          30.697121
        ]
      },
      "properties": {
        "name": "龙锦雅苑",
        "category": "residential",
        "type": "商务住宅;住宅区;住宅小区",
        "district": "成华区",
        "weight": 1
      }
    },
    {
      "type": "Feature",
      "geometry": {
        "type": "Point",
        "coordinates": [
          104.165053,
          30.696565
        ]
      },
      "properties": {
        "name": "金科·天籁城南区",
        "category": "residential",
        "type": "商务住宅;住宅区;住宅小区",
        "district": "成华区",
        "weight": 1
      }
    },
    {
      "type": "Feature",
      "geometry": {
        "type": "Point",
        "coordinates": [
          104.166522,
          30.697809
        ]
      },
      "properties": {
        "name": "成康雅筑",
        "category": "residential",
        "type": "商务住宅;住宅区;住宅区",
        "district": "成华区",
        "weight": 1
      }
    },
    {
      "type": "Feature",
      "geometry": {
        "type": "Point",
        "coordinates": [
          104.173918,
          30.697274
        ]
      },
      "properties": {
        "name": "水乡茗居",
        "category": "residential",
        "type": "商务住宅;住宅区;住宅小区",
        "district": "成华区",
        "weight": 4
      }
    },
    {
      "type": "Feature",
      "geometry": {
        "type": "Point",
        "coordinates": [
          104.175903,
          30.697172
        ]
      },
      "properties": {
        "name": "水乡茗房东区",
        "category": "residential",
        "type": "商务住宅;住宅区;住宅小区",
        "district": "成华区",
        "weight": 2
      }
    },
    {
      "type": "Feature",
      "geometry": {
        "type": "Point",
        "coordinates": [
          104.180368,
          30.69789
        ]
      },
      "properties": {
        "name": "二重嘉苑4期",
        "category": "residential",
        "type": "商务住宅;住宅区;住宅小区",
        "district": "成华区",
        "weight": 2
      }
    },
    {
      "type": "Feature",
      "geometry": {
        "type": "Point",
        "coordinates": [
          103.966079,
          30.684839
        ]
      },
      "properties": {
        "name": "611住宅(建设中)",
        "category": "residential",
        "type": "商务住宅;住宅区;住宅小区",
        "district": "青羊区",
        "weight": 1
      }
    },
    {
      "type": "Feature",
      "geometry": {
        "type": "Point",
        "coordinates": [
          103.972311,
          30.683287
        ]
      },
      "properties": {
        "name": "紫御熙庭",
        "category": "residential",
        "type": "商务住宅;住宅区;住宅小区",
        "district": "青羊区",
        "weight": 1
      }
    },
    {
      "type": "Feature",
      "geometry": {
        "type": "Point",
        "coordinates": [
          103.972069,
          30.680506
        ]
      },
      "properties": {
        "name": "融创观玺台(建设中)",
        "category": "residential",
        "type": "商务住宅;住宅区;住宅小区",
        "district": "青羊区",
        "weight": 1
      }
    },
    {
      "type": "Feature",
      "geometry": {
        "type": "Point",
        "coordinates": [
          103.965421,
          30.680452
        ]
      },
      "properties": {
        "name": "馨光华庭",
        "category": "residential",
        "type": "商务住宅;住宅区;住宅小区",
        "district": "青羊区",
        "weight": 1
      }
    },
    {
      "type": "Feature",
      "geometry": {
        "type": "Point",
        "coordinates": [
          103.981546,
          30.682546
        ]
      },
      "properties": {
        "name": "龙湖·翠微清波",
        "category": "residential",
        "type": "商务住宅;住宅区;住宅小区",
        "district": "青羊区",
        "weight": 2
      }
    },
    {
      "type": "Feature",
      "geometry": {
        "type": "Point",
        "coordinates": [
          103.982732,
          30.679891
        ]
      },
      "properties": {
        "name": "中铁·双龙湾",
        "category": "residential",
        "type": "商务住宅;住宅区;住宅小区",
        "district": "青羊区",
        "weight": 1
      }
    },
    {
      "type": "Feature",
      "geometry": {
        "type": "Point",
        "coordinates": [
          103.975532,
          30.683639
        ]
      },
      "properties": {
        "name": "清水路苑",
        "category": "residential",
        "type": "商务住宅;住宅区;住宅小区",
        "district": "青羊区",
        "weight": 1
      }
    },
    {
      "type": "Feature",
      "geometry": {
        "type": "Point",
        "coordinates": [
          103.982194,
          30.689114
        ]
      },
      "properties": {
        "name": "蓝光·COCO金沙3期",
        "category": "residential",
        "type": "商务住宅;住宅区;住宅小区",
        "district": "青羊区",
        "weight": 1
      }
    },
    {
      "type": "Feature",
      "geometry": {
        "type": "Point",
        "coordinates": [
          103.982712,
          30.686792
        ]
      },
      "properties": {
        "name": "蓝光·COCO金沙1期",
        "category": "residential",
        "type": "商务住宅;住宅区;住宅小区",
        "district": "青羊区",
        "weight": 1
      }
    },
    {
      "type": "Feature",
      "geometry": {
        "type": "Point",
        "coordinates": [
          103.982893,
          30.684441
        ]
      },
      "properties": {
        "name": "清波苑",
        "category": "residential",
        "type": "商务住宅;住宅区;住宅区",
        "district": "青羊区",
        "weight": 2
      }
    },
    {
      "type": "Feature",
      "geometry": {
        "type": "Point",
        "coordinates": [
          103.982337,
          30.681277
        ]
      },
      "properties": {
        "name": "龙湖·翠微清波A区",
        "category": "residential",
        "type": "商务住宅;住宅区;住宅小区",
        "district": "青羊区",
        "weight": 1
      }
    },
    {
      "type": "Feature",
      "geometry": {
        "type": "Point",
        "coordinates": [
          103.990083,
          30.684298
        ]
      },
      "properties": {
        "name": "保利·金香槟",
        "category": "residential",
        "type": "商务住宅;住宅区;住宅小区",
        "district": "青羊区",
        "weight": 1
      }
    },
    {
      "type": "Feature",
      "geometry": {
        "type": "Point",
        "coordinates": [
          103.988237,
          30.683183
        ]
      },
      "properties": {
        "name": "保利·香槟国际",
        "category": "residential",
        "type": "商务住宅;住宅区;住宅区",
        "district": "青羊区",
        "weight": 1
      }
    },
    {
      "type": "Feature",
      "geometry": {
        "type": "Point",
        "coordinates": [
          103.990072,
          30.682994
        ]
      },
      "properties": {
        "name": "西映金沙",
        "category": "residential",
        "type": "商务住宅;住宅区;住宅小区",
        "district": "青羊区",
        "weight": 1
      }
    },
    {
      "type": "Feature",
      "geometry": {
        "type": "Point",
        "coordinates": [
          103.991031,
          30.685908
        ]
      },
      "properties": {
        "name": "金沙海棠",
        "category": "residential",
        "type": "商务住宅;住宅区;住宅小区",
        "district": "青羊区",
        "weight": 1
      }
    },
    {
      "type": "Feature",
      "geometry": {
        "type": "Point",
        "coordinates": [
          103.989397,
          30.681944
        ]
      },
      "properties": {
        "name": "清江之春",
        "category": "residential",
        "type": "商务住宅;住宅区;住宅小区",
        "district": "青羊区",
        "weight": 1
      }
    },
    {
      "type": "Feature",
      "geometry": {
        "type": "Point",
        "coordinates": [
          103.988908,
          30.688895
        ]
      },
      "properties": {
        "name": "金沙愉景",
        "category": "residential",
        "type": "商务住宅;住宅区;住宅小区",
        "district": "青羊区",
        "weight": 4
      }
    },
    {
      "type": "Feature",
      "geometry": {
        "type": "Point",
        "coordinates": [
          103.98465,
          30.68391
        ]
      },
      "properties": {
        "name": "金辉苑(金辉路)",
        "category": "residential",
        "type": "商务住宅;住宅区;住宅小区",
        "district": "青羊区",
        "weight": 1
      }
    },
    {
      "type": "Feature",
      "geometry": {
        "type": "Point",
        "coordinates": [
          103.99271,
          30.685877
        ]
      },
      "properties": {
        "name": "金沙·柏林郡(清波路)",
        "category": "residential",
        "type": "商务住宅;住宅区;住宅小区",
        "district": "青羊区",
        "weight": 1
      }
    },
    {
      "type": "Feature",
      "geometry": {
        "type": "Point",
        "coordinates": [
          103.987417,
          30.680681
        ]
      },
      "properties": {
        "name": "清江小区",
        "category": "residential",
        "type": "商务住宅;住宅区;住宅小区",
        "district": "青羊区",
        "weight": 1
      }
    },
    {
      "type": "Feature",
      "geometry": {
        "type": "Point",
        "coordinates": [
          103.984022,
          30.682682
        ]
      },
      "properties": {
        "name": "金福苑(蜀清路)",
        "category": "residential",
        "type": "商务住宅;住宅区;住宅小区",
        "district": "青羊区",
        "weight": 1
      }
    },
    {
      "type": "Feature",
      "geometry": {
        "type": "Point",
        "coordinates": [
          103.984695,
          30.687595
        ]
      },
      "properties": {
        "name": "百仁",
        "category": "residential",
        "type": "商务住宅;住宅区;住宅区",
        "district": "青羊区",
        "weight": 1
      }
    },
    {
      "type": "Feature",
      "geometry": {
        "type": "Point",
        "coordinates": [
          103.992556,
          30.681227
        ]
      },
      "properties": {
        "name": "中大·君悦金沙花园南区",
        "category": "residential",
        "type": "商务住宅;住宅区;住宅小区",
        "district": "青羊区",
        "weight": 1
      }
    },
    {
      "type": "Feature",
      "geometry": {
        "type": "Point",
        "coordinates": [
          103.984783,
          30.6806
        ]
      },
      "properties": {
        "name": "鸿运之星",
        "category": "residential",
        "type": "商务住宅;住宅区;住宅小区",
        "district": "青羊区",
        "weight": 1
      }
    },
    {
      "type": "Feature",
      "geometry": {
        "type": "Point",
        "coordinates": [
          103.993049,
          30.689027
        ]
      },
      "properties": {
        "name": "华润金悦湾",
        "category": "residential",
        "type": "商务住宅;住宅区;住宅小区",
        "district": "青羊区",
        "weight": 1
      }
    },
    {
      "type": "Feature",
      "geometry": {
        "type": "Point",
        "coordinates": [
          103.993452,
          30.679736
        ]
      },
      "properties": {
        "name": "中大·君悦金沙9期君雅院",
        "category": "residential",
        "type": "商务住宅;住宅区;住宅小区",
        "district": "青羊区",
        "weight": 2
      }
    },
    {
      "type": "Feature",
      "geometry": {
        "type": "Point",
        "coordinates": [
          103.984673,
          30.689456
        ]
      },
      "properties": {
        "name": "上善清波",
        "category": "residential",
        "type": "商务住宅;住宅区;住宅小区",
        "district": "青羊区",
        "weight": 1
      }
    },
    {
      "type": "Feature",
      "geometry": {
        "type": "Point",
        "coordinates": [
          103.99833,
          30.683504
        ]
      },
      "properties": {
        "name": "金沙鹭岛2期",
        "category": "residential",
        "type": "商务住宅;住宅区;住宅小区",
        "district": "青羊区",
        "weight": 1
      }
    },
    {
      "type": "Feature",
      "geometry": {
        "type": "Point",
        "coordinates": [
          104.000712,
          30.684446
        ]
      },
      "properties": {
        "name": "金沙鹭岛1期",
        "category": "residential",
        "type": "商务住宅;住宅区;住宅小区",
        "district": "青羊区",
        "weight": 2
      }
    },
    {
      "type": "Feature",
      "geometry": {
        "type": "Point",
        "coordinates": [
          103.997647,
          30.686052
        ]
      },
      "properties": {
        "name": "世纪金沙",
        "category": "residential",
        "type": "商务住宅;住宅区;住宅小区",
        "district": "青羊区",
        "weight": 1
      }
    },
    {
      "type": "Feature",
      "geometry": {
        "type": "Point",
        "coordinates": [
          103.99614,
          30.683547
        ]
      },
      "properties": {
        "name": "金沙鹭岛3期",
        "category": "residential",
        "type": "商务住宅;住宅区;住宅小区",
        "district": "青羊区",
        "weight": 4
      }
    },
    {
      "type": "Feature",
      "geometry": {
        "type": "Point",
        "coordinates": [
          103.998842,
          30.681481
        ]
      },
      "properties": {
        "name": "金鹏街小区",
        "category": "residential",
        "type": "商务住宅;住宅区;住宅小区",
        "district": "青羊区",
        "weight": 8
      }
    },
    {
      "type": "Feature",
      "geometry": {
        "type": "Point",
        "coordinates": [
          104.001615,
          30.685829
        ]
      },
      "properties": {
        "name": "公元·西",
        "category": "residential",
        "type": "商务住宅;住宅区;住宅小区",
        "district": "青羊区",
        "weight": 1
      }
    },
    {
      "type": "Feature",
      "geometry": {
        "type": "Point",
        "coordinates": [
          104.000427,
          30.68695
        ]
      },
      "properties": {
        "name": "西贵金沙",
        "category": "residential",
        "type": "商务住宅;住宅区;住宅小区",
        "district": "青羊区",
        "weight": 1
      }
    },
    {
      "type": "Feature",
      "geometry": {
        "type": "Point",
        "coordinates": [
          103.996562,
          30.686854
        ]
      },
      "properties": {
        "name": "印象金沙",
        "category": "residential",
        "type": "商务住宅;住宅区;住宅小区",
        "district": "青羊区",
        "weight": 1
      }
    },
    {
      "type": "Feature",
      "geometry": {
        "type": "Point",
        "coordinates": [
          103.995144,
          30.685124
        ]
      },
      "properties": {
        "name": "金沙鹭岛4期",
        "category": "residential",
        "type": "商务住宅;住宅区;住宅小区",
        "district": "青羊区",
        "weight": 1
      }
    },
    {
      "type": "Feature",
      "geometry": {
        "type": "Point",
        "coordinates": [
          104.00268,
          30.683495
        ]
      },
      "properties": {
        "name": "金沙云庭",
        "category": "residential",
        "type": "商务住宅;住宅区;住宅小区",
        "district": "青羊区",
        "weight": 1
      }
    },
    {
      "type": "Feature",
      "geometry": {
        "type": "Point",
        "coordinates": [
          103.996904,
          30.681218
        ]
      },
      "properties": {
        "name": "青江小区",
        "category": "residential",
        "type": "商务住宅;住宅区;住宅小区",
        "district": "青羊区",
        "weight": 1
      }
    },
    {
      "type": "Feature",
      "geometry": {
        "type": "Point",
        "coordinates": [
          104.002428,
          30.68668
        ]
      },
      "properties": {
        "name": "兰亭(金泽路)",
        "category": "residential",
        "type": "商务住宅;住宅区;住宅小区",
        "district": "青羊区",
        "weight": 1
      }
    },
    {
      "type": "Feature",
      "geometry": {
        "type": "Point",
        "coordinates": [
          104.001224,
          30.681142
        ]
      },
      "properties": {
        "name": "金沙西园Ⅱ期南区",
        "category": "residential",
        "type": "商务住宅;住宅区;住宅小区",
        "district": "青羊区",
        "weight": 2
      }
    },
    {
      "type": "Feature",
      "geometry": {
        "type": "Point",
        "coordinates": [
          103.995128,
          30.681103
        ]
      },
      "properties": {
        "name": "中大·君悦金沙",
        "category": "residential",
        "type": "商务住宅;住宅区;住宅小区",
        "district": "青羊区",
        "weight": 5
      }
    },
    {
      "type": "Feature",
      "geometry": {
        "type": "Point",
        "coordinates": [
          103.996959,
          30.679739
        ]
      },
      "properties": {
        "name": "中大·君悦金沙5期君郎院",
        "category": "residential",
        "type": "商务住宅;住宅区;住宅小区",
        "district": "青羊区",
        "weight": 1
      }
    },
    {
      "type": "Feature",
      "geometry": {
        "type": "Point",
        "coordinates": [
          104.00028,
          30.679656
        ]
      },
      "properties": {
        "name": "金沙西园4期",
        "category": "residential",
        "type": "商务住宅;住宅区;住宅小区",
        "district": "青羊区",
        "weight": 1
      }
    },
    {
      "type": "Feature",
      "geometry": {
        "type": "Point",
        "coordinates": [
          104.003354,
          30.67989
        ]
      },
      "properties": {
        "name": "金沙金瓯路社区",
        "category": "residential",
        "type": "商务住宅;住宅区;住宅小区",
        "district": "青羊区",
        "weight": 2
      }
    },
    {
      "type": "Feature",
      "geometry": {
        "type": "Point",
        "coordinates": [
          104.006715,
          30.684904
        ]
      },
      "properties": {
        "name": "蜀风兰苑",
        "category": "residential",
        "type": "商务住宅;住宅区;住宅小区",
        "district": "青羊区",
        "weight": 1
      }
    },
    {
      "type": "Feature",
      "geometry": {
        "type": "Point",
        "coordinates": [
          104.007547,
          30.686644
        ]
      },
      "properties": {
        "name": "燕沙庭院",
        "category": "residential",
        "type": "商务住宅;住宅区;住宅小区",
        "district": "青羊区",
        "weight": 1
      }
    },
    {
      "type": "Feature",
      "geometry": {
        "type": "Point",
        "coordinates": [
          104.005068,
          30.684978
        ]
      },
      "properties": {
        "name": "蜀风花园城",
        "category": "residential",
        "type": "商务住宅;住宅区;住宅小区",
        "district": "青羊区",
        "weight": 1
      }
    },
    {
      "type": "Feature",
      "geometry": {
        "type": "Point",
        "coordinates": [
          104.005078,
          30.686576
        ]
      },
      "properties": {
        "name": "金沙西墅",
        "category": "residential",
        "type": "商务住宅;住宅区;住宅小区",
        "district": "青羊区",
        "weight": 3
      }
    },
    {
      "type": "Feature",
      "geometry": {
        "type": "Point",
        "coordinates": [
          104.00646,
          30.681568
        ]
      },
      "properties": {
        "name": "金凤路小区",
        "category": "residential",
        "type": "商务住宅;住宅区;住宅小区",
        "district": "青羊区",
        "weight": 1
      }
    },
    {
      "type": "Feature",
      "geometry": {
        "type": "Point",
        "coordinates": [
          104.008399,
          30.680822
        ]
      },
      "properties": {
        "name": "天韵金沙",
        "category": "residential",
        "type": "商务住宅;住宅区;住宅小区",
        "district": "青羊区",
        "weight": 1
      }
    },
    {
      "type": "Feature",
      "geometry": {
        "type": "Point",
        "coordinates": [
          104.008881,
          30.688537
        ]
      },
      "properties": {
        "name": "金沙古韵",
        "category": "residential",
        "type": "商务住宅;住宅区;住宅小区",
        "district": "金牛区",
        "weight": 1
      }
    },
    {
      "type": "Feature",
      "geometry": {
        "type": "Point",
        "coordinates": [
          104.012787,
          30.689163
        ]
      },
      "properties": {
        "name": "金沙御苑",
        "category": "residential",
        "type": "商务住宅;住宅区;住宅小区",
        "district": "金牛区",
        "weight": 2
      }
    },
    {
      "type": "Feature",
      "geometry": {
        "type": "Point",
        "coordinates": [
          104.005534,
          30.687633
        ]
      },
      "properties": {
        "name": "雍锦湾",
        "category": "residential",
        "type": "商务住宅;住宅区;住宅小区",
        "district": "青羊区",
        "weight": 1
      }
    },
    {
      "type": "Feature",
      "geometry": {
        "type": "Point",
        "coordinates": [
          104.004897,
          30.682021
        ]
      },
      "properties": {
        "name": "金沙西园Ⅲ期",
        "category": "residential",
        "type": "商务住宅;住宅区;住宅小区",
        "district": "青羊区",
        "weight": 1
      }
    },
    {
      "type": "Feature",
      "geometry": {
        "type": "Point",
        "coordinates": [
          104.013252,
          30.682667
        ]
      },
      "properties": {
        "name": "豪诚",
        "category": "residential",
        "type": "商务住宅;住宅区;住宅小区",
        "district": "青羊区",
        "weight": 1
      }
    },
    {
      "type": "Feature",
      "geometry": {
        "type": "Point",
        "coordinates": [
          104.01282,
          30.681805
        ]
      },
      "properties": {
        "name": "锦秀民居",
        "category": "residential",
        "type": "商务住宅;住宅区;住宅小区",
        "district": "青羊区",
        "weight": 1
      }
    },
    {
      "type": "Feature",
      "geometry": {
        "type": "Point",
        "coordinates": [
          104.012278,
          30.687966
        ]
      },
      "properties": {
        "name": "金沙上城",
        "category": "residential",
        "type": "商务住宅;住宅区;住宅小区",
        "district": "金牛区",
        "weight": 1
      }
    },
    {
      "type": "Feature",
      "geometry": {
        "type": "Point",
        "coordinates": [
          104.009298,
          30.689407
        ]
      },
      "properties": {
        "name": "紫桂花园",
        "category": "residential",
        "type": "商务住宅;住宅区;住宅小区",
        "district": "金牛区",
        "weight": 1
      }
    },
    {
      "type": "Feature",
      "geometry": {
        "type": "Point",
        "coordinates": [
          104.011886,
          30.680246
        ]
      },
      "properties": {
        "name": "科沁苑",
        "category": "residential",
        "type": "商务住宅;住宅区;住宅小区",
        "district": "青羊区",
        "weight": 1
      }
    },
    {
      "type": "Feature",
      "geometry": {
        "type": "Point",
        "coordinates": [
          104.003992,
          30.680884
        ]
      },
      "properties": {
        "name": "花间雅舍金沙西园Ⅰ期",
        "category": "residential",
        "type": "商务住宅;住宅区;住宅小区",
        "district": "青羊区",
        "weight": 1
      }
    },
    {
      "type": "Feature",
      "geometry": {
        "type": "Point",
        "coordinates": [
          104.017842,
          30.684477
        ]
      },
      "properties": {
        "name": "鸿生花园",
        "category": "residential",
        "type": "商务住宅;住宅区;住宅小区",
        "district": "青羊区",
        "weight": 1
      }
    },
    {
      "type": "Feature",
      "geometry": {
        "type": "Point",
        "coordinates": [
          104.020278,
          30.681168
        ]
      },
      "properties": {
        "name": "四季春天",
        "category": "residential",
        "type": "商务住宅;住宅区;住宅小区",
        "district": "青羊区",
        "weight": 16
      }
    },
    {
      "type": "Feature",
      "geometry": {
        "type": "Point",
        "coordinates": [
          104.017366,
          30.685317
        ]
      },
      "properties": {
        "name": "天鹅星座",
        "category": "residential",
        "type": "商务住宅;住宅区;住宅小区",
        "district": "青羊区",
        "weight": 1
      }
    },
    {
      "type": "Feature",
      "geometry": {
        "type": "Point",
        "coordinates": [
          104.021045,
          30.684171
        ]
      },
      "properties": {
        "name": "香榭名苑",
        "category": "residential",
        "type": "商务住宅;住宅区;住宅小区",
        "district": "青羊区",
        "weight": 4
      }
    },
    {
      "type": "Feature",
      "geometry": {
        "type": "Point",
        "coordinates": [
          104.018734,
          30.686594
        ]
      },
      "properties": {
        "name": "西祥公寓",
        "category": "residential",
        "type": "商务住宅;住宅区;住宅小区",
        "district": "金牛区",
        "weight": 2
      }
    },
    {
      "type": "Feature",
      "geometry": {
        "type": "Point",
        "coordinates": [
          104.017429,
          30.682665
        ]
      },
      "properties": {
        "name": "锦青苑",
        "category": "residential",
        "type": "商务住宅;住宅区;住宅小区",
        "district": "青羊区",
        "weight": 1
      }
    },
    {
      "type": "Feature",
      "geometry": {
        "type": "Point",
        "coordinates": [
          104.020499,
          30.686444
        ]
      },
      "properties": {
        "name": "西和公寓",
        "category": "residential",
        "type": "商务住宅;住宅区;住宅小区",
        "district": "金牛区",
        "weight": 1
      }
    },
    {
      "type": "Feature",
      "geometry": {
        "type": "Point",
        "coordinates": [
          104.015977,
          30.683199
        ]
      },
      "properties": {
        "name": "千和·沁香华庭",
        "category": "residential",
        "type": "商务住宅;住宅区;住宅小区",
        "district": "青羊区",
        "weight": 1
      }
    },
    {
      "type": "Feature",
      "geometry": {
        "type": "Point",
        "coordinates": [
          104.015772,
          30.686102
        ]
      },
      "properties": {
        "name": "欣民苑",
        "category": "residential",
        "type": "商务住宅;住宅区;住宅小区",
        "district": "金牛区",
        "weight": 1
      }
    },
    {
      "type": "Feature",
      "geometry": {
        "type": "Point",
        "coordinates": [
          104.022633,
          30.684139
        ]
      },
      "properties": {
        "name": "同馨苑(同善桥东街)",
        "category": "residential",
        "type": "商务住宅;住宅区;住宅小区",
        "district": "青羊区",
        "weight": 1
      }
    },
    {
      "type": "Feature",
      "geometry": {
        "type": "Point",
        "coordinates": [
          104.017024,
          30.687676
        ]
      },
      "properties": {
        "name": "悦民苑",
        "category": "residential",
        "type": "商务住宅;住宅区;住宅小区",
        "district": "金牛区",
        "weight": 1
      }
    },
    {
      "type": "Feature",
      "geometry": {
        "type": "Point",
        "coordinates": [
          104.016379,
          30.681062
        ]
      },
      "properties": {
        "name": "锦翠苑(同盛路)",
        "category": "residential",
        "type": "商务住宅;住宅区;住宅小区",
        "district": "青羊区",
        "weight": 2
      }
    },
    {
      "type": "Feature",
      "geometry": {
        "type": "Point",
        "coordinates": [
          104.023319,
          30.685913
        ]
      },
      "properties": {
        "name": "同善桥",
        "category": "residential",
        "type": "商务住宅;住宅区;住宅区",
        "district": "金牛区",
        "weight": 9
      }
    },
    {
      "type": "Feature",
      "geometry": {
        "type": "Point",
        "coordinates": [
          104.014423,
          30.683742
        ]
      },
      "properties": {
        "name": "锦红苑",
        "category": "residential",
        "type": "商务住宅;住宅区;住宅小区",
        "district": "青羊区",
        "weight": 1
      }
    },
    {
      "type": "Feature",
      "geometry": {
        "type": "Point",
        "coordinates": [
          104.022773,
          30.683149
        ]
      },
      "properties": {
        "name": "同和苑(同善横街)",
        "category": "residential",
        "type": "商务住宅;住宅区;住宅小区",
        "district": "青羊区",
        "weight": 1
      }
    },
    {
      "type": "Feature",
      "geometry": {
        "type": "Point",
        "coordinates": [
          104.018051,
          30.68071
        ]
      },
      "properties": {
        "name": "锦桂苑",
        "category": "residential",
        "type": "商务住宅;住宅区;住宅小区",
        "district": "青羊区",
        "weight": 1
      }
    },
    {
      "type": "Feature",
      "geometry": {
        "type": "Point",
        "coordinates": [
          104.014173,
          30.686632
        ]
      },
      "properties": {
        "name": "惠民苑",
        "category": "residential",
        "type": "商务住宅;住宅区;住宅小区",
        "district": "金牛区",
        "weight": 2
      }
    },
    {
      "type": "Feature",
      "geometry": {
        "type": "Point",
        "coordinates": [
          104.022186,
          30.687337
        ]
      },
      "properties": {
        "name": "格林花园(同友路)",
        "category": "residential",
        "type": "商务住宅;住宅区;住宅小区",
        "district": "金牛区",
        "weight": 1
      }
    },
    {
      "type": "Feature",
      "geometry": {
        "type": "Point",
        "coordinates": [
          104.014748,
          30.681559
        ]
      },
      "properties": {
        "name": "锦西民宅",
        "category": "residential",
        "type": "商务住宅;住宅区;住宅小区",
        "district": "青羊区",
        "weight": 1
      }
    },
    {
      "type": "Feature",
      "geometry": {
        "type": "Point",
        "coordinates": [
          104.017311,
          30.679708
        ]
      },
      "properties": {
        "name": "青羊教师公寓",
        "category": "residential",
        "type": "商务住宅;住宅区;住宅小区",
        "district": "青羊区",
        "weight": 2
      }
    },
    {
      "type": "Feature",
      "geometry": {
        "type": "Point",
        "coordinates": [
          104.015029,
          30.688623
        ]
      },
      "properties": {
        "name": "益民苑",
        "category": "residential",
        "type": "商务住宅;住宅区;住宅小区",
        "district": "金牛区",
        "weight": 1
      }
    },
    {
      "type": "Feature",
      "geometry": {
        "type": "Point",
        "coordinates": [
          104.022113,
          30.680039
        ]
      },
      "properties": {
        "name": "西城家园2期",
        "category": "residential",
        "type": "商务住宅;住宅区;住宅小区",
        "district": "青羊区",
        "weight": 2
      }
    },
    {
      "type": "Feature",
      "geometry": {
        "type": "Point",
        "coordinates": [
          104.01569,
          30.679782
        ]
      },
      "properties": {
        "name": "锦怡居",
        "category": "residential",
        "type": "商务住宅;住宅区;住宅小区",
        "district": "青羊区",
        "weight": 1
      }
    },
    {
      "type": "Feature",
      "geometry": {
        "type": "Point",
        "coordinates": [
          104.023714,
          30.68822
        ]
      },
      "properties": {
        "name": "桂香庭园",
        "category": "residential",
        "type": "商务住宅;住宅区;住宅小区",
        "district": "金牛区",
        "weight": 3
      }
    },
    {
      "type": "Feature",
      "geometry": {
        "type": "Point",
        "coordinates": [
          104.027067,
          30.684294
        ]
      },
      "properties": {
        "name": "阳光心筑",
        "category": "residential",
        "type": "商务住宅;住宅区;住宅小区",
        "district": "金牛区",
        "weight": 2
      }
    },
    {
      "type": "Feature",
      "geometry": {
        "type": "Point",
        "coordinates": [
          104.027957,
          30.686736
        ]
      },
      "properties": {
        "name": "西景花园(蜀兴东街)",
        "category": "residential",
        "type": "商务住宅;住宅区;住宅小区",
        "district": "金牛区",
        "weight": 1
      }
    },
    {
      "type": "Feature",
      "geometry": {
        "type": "Point",
        "coordinates": [
          104.026171,
          30.685841
        ]
      },
      "properties": {
        "name": "瑞西苑",
        "category": "residential",
        "type": "商务住宅;住宅区;住宅小区",
        "district": "金牛区",
        "weight": 6
      }
    },
    {
      "type": "Feature",
      "geometry": {
        "type": "Point",
        "coordinates": [
          104.026459,
          30.6808
        ]
      },
      "properties": {
        "name": "云畊苑",
        "category": "residential",
        "type": "商务住宅;住宅区;住宅小区",
        "district": "青羊区",
        "weight": 31
      }
    },
    {
      "type": "Feature",
      "geometry": {
        "type": "Point",
        "coordinates": [
          104.029036,
          30.68152
        ]
      },
      "properties": {
        "name": "翠堤雅筑",
        "category": "residential",
        "type": "商务住宅;住宅区;住宅小区",
        "district": "青羊区",
        "weight": 1
      }
    },
    {
      "type": "Feature",
      "geometry": {
        "type": "Point",
        "coordinates": [
          104.023762,
          30.684524
        ]
      },
      "properties": {
        "name": "黄忠小区(同善街)",
        "category": "residential",
        "type": "商务住宅;住宅区;住宅小区",
        "district": "金牛区",
        "weight": 1
      }
    },
    {
      "type": "Feature",
      "geometry": {
        "type": "Point",
        "coordinates": [
          104.025875,
          30.688063
        ]
      },
      "properties": {
        "name": "锦赛雅苑",
        "category": "residential",
        "type": "商务住宅;住宅区;住宅小区",
        "district": "金牛区",
        "weight": 1
      }
    },
    {
      "type": "Feature",
      "geometry": {
        "type": "Point",
        "coordinates": [
          104.036897,
          30.68413
        ]
      },
      "properties": {
        "name": "金鱼街6号院",
        "category": "residential",
        "type": "商务住宅;住宅区;住宅小区",
        "district": "金牛区",
        "weight": 2
      }
    },
    {
      "type": "Feature",
      "geometry": {
        "type": "Point",
        "coordinates": [
          104.037882,
          30.682687
        ]
      },
      "properties": {
        "name": "抚琴街南三巷2号",
        "category": "residential",
        "type": "商务住宅;住宅区;住宅区",
        "district": "金牛区",
        "weight": 1
      }
    },
    {
      "type": "Feature",
      "geometry": {
        "type": "Point",
        "coordinates": [
          104.039204,
          30.688075
        ]
      },
      "properties": {
        "name": "金鱼街9号院",
        "category": "residential",
        "type": "商务住宅;住宅区;住宅小区",
        "district": "金牛区",
        "weight": 2
      }
    },
    {
      "type": "Feature",
      "geometry": {
        "type": "Point",
        "coordinates": [
          104.038009,
          30.688029
        ]
      },
      "properties": {
        "name": "人和逸景",
        "category": "residential",
        "type": "商务住宅;住宅区;住宅小区",
        "district": "金牛区",
        "weight": 1
      }
    },
    {
      "type": "Feature",
      "geometry": {
        "type": "Point",
        "coordinates": [
          104.040787,
          30.679008
        ]
      },
      "properties": {
        "name": "抚林巷5号院",
        "category": "residential",
        "type": "商务住宅;住宅区;住宅小区",
        "district": "金牛区",
        "weight": 20
      }
    },
    {
      "type": "Feature",
      "geometry": {
        "type": "Point",
        "coordinates": [
          104.041681,
          30.687569
        ]
      },
      "properties": {
        "name": "文家巷18号小区",
        "category": "residential",
        "type": "商务住宅;住宅区;住宅小区",
        "district": "金牛区",
        "weight": 1
      }
    },
    {
      "type": "Feature",
      "geometry": {
        "type": "Point",
        "coordinates": [
          104.042863,
          30.6887
        ]
      },
      "properties": {
        "name": "金荣巷7号",
        "category": "residential",
        "type": "商务住宅;住宅区;住宅区",
        "district": "金牛区",
        "weight": 2
      }
    },
    {
      "type": "Feature",
      "geometry": {
        "type": "Point",
        "coordinates": [
          104.041806,
          30.689404
        ]
      },
      "properties": {
        "name": "明苑公寓",
        "category": "residential",
        "type": "商务住宅;住宅区;住宅小区",
        "district": "金牛区",
        "weight": 1
      }
    },
    {
      "type": "Feature",
      "geometry": {
        "type": "Point",
        "coordinates": [
          104.034048,
          30.679553
        ]
      },
      "properties": {
        "name": "抚琴西南路14号院",
        "category": "residential",
        "type": "商务住宅;住宅区;住宅小区",
        "district": "金牛区",
        "weight": 1
      }
    },
    {
      "type": "Feature",
      "geometry": {
        "type": "Point",
        "coordinates": [
          104.050196,
          30.68466
        ]
      },
      "properties": {
        "name": "中铁鹭岛艺术城",
        "category": "residential",
        "type": "商务住宅;住宅区;住宅小区",
        "district": "金牛区",
        "weight": 2
      }
    },
    {
      "type": "Feature",
      "geometry": {
        "type": "Point",
        "coordinates": [
          104.049603,
          30.682913
        ]
      },
      "properties": {
        "name": "马家花园",
        "category": "residential",
        "type": "商务住宅;住宅区;住宅小区",
        "district": "金牛区",
        "weight": 4
      }
    },
    {
      "type": "Feature",
      "geometry": {
        "type": "Point",
        "coordinates": [
          104.045799,
          30.683756
        ]
      },
      "properties": {
        "name": "佳利公寓",
        "category": "residential",
        "type": "商务住宅;住宅区;住宅小区",
        "district": "金牛区",
        "weight": 8
      }
    },
    {
      "type": "Feature",
      "geometry": {
        "type": "Point",
        "coordinates": [
          104.049408,
          30.686328
        ]
      },
      "properties": {
        "name": "贝多小屋",
        "category": "residential",
        "type": "商务住宅;住宅区;住宅小区",
        "district": "金牛区",
        "weight": 1
      }
    },
    {
      "type": "Feature",
      "geometry": {
        "type": "Point",
        "coordinates": [
          104.047088,
          30.686128
        ]
      },
      "properties": {
        "name": "一环路北三段10号",
        "category": "residential",
        "type": "商务住宅;住宅区;住宅区",
        "district": "金牛区",
        "weight": 1
      }
    },
    {
      "type": "Feature",
      "geometry": {
        "type": "Point",
        "coordinates": [
          104.050823,
          30.681943
        ]
      },
      "properties": {
        "name": "聚贤苑",
        "category": "residential",
        "type": "商务住宅;住宅区;住宅小区",
        "district": "金牛区",
        "weight": 4
      }
    },
    {
      "type": "Feature",
      "geometry": {
        "type": "Point",
        "coordinates": [
          104.04713,
          30.687133
        ]
      },
      "properties": {
        "name": "科泰公寓",
        "category": "residential",
        "type": "商务住宅;住宅区;住宅小区",
        "district": "金牛区",
        "weight": 1
      }
    },
    {
      "type": "Feature",
      "geometry": {
        "type": "Point",
        "coordinates": [
          104.046137,
          30.681567
        ]
      },
      "properties": {
        "name": "荷里活",
        "category": "residential",
        "type": "商务住宅;住宅区;住宅小区",
        "district": "金牛区",
        "weight": 4
      }
    },
    {
      "type": "Feature",
      "geometry": {
        "type": "Point",
        "coordinates": [
          104.052299,
          30.686764
        ]
      },
      "properties": {
        "name": "中铁艺术城",
        "category": "residential",
        "type": "商务住宅;住宅区;住宅小区",
        "district": "金牛区",
        "weight": 5
      }
    },
    {
      "type": "Feature",
      "geometry": {
        "type": "Point",
        "coordinates": [
          104.053594,
          30.670183
        ]
      },
      "properties": {
        "name": "双城",
        "category": "residential",
        "type": "商务住宅;住宅区;住宅小区",
        "district": "金牛区",
        "weight": 384
      }
    },
    {
      "type": "Feature",
      "geometry": {
        "type": "Point",
        "coordinates": [
          104.047013,
          30.680493
        ]
      },
      "properties": {
        "name": "家和楼",
        "category": "residential",
        "type": "商务住宅;住宅区;住宅小区",
        "district": "金牛区",
        "weight": 2
      }
    },
    {
      "type": "Feature",
      "geometry": {
        "type": "Point",
        "coordinates": [
          104.053282,
          30.684365
        ]
      },
      "properties": {
        "name": "通锦路9号院",
        "category": "residential",
        "type": "商务住宅;住宅区;住宅小区",
        "district": "金牛区",
        "weight": 2
      }
    },
    {
      "type": "Feature",
      "geometry": {
        "type": "Point",
        "coordinates": [
          104.05357,
          30.682854
        ]
      },
      "properties": {
        "name": "天茵苑",
        "category": "residential",
        "type": "商务住宅;住宅区;住宅小区",
        "district": "金牛区",
        "weight": 4
      }
    },
    {
      "type": "Feature",
      "geometry": {
        "type": "Point",
        "coordinates": [
          104.044114,
          30.684579
        ]
      },
      "properties": {
        "name": "西锦国际西区",
        "category": "residential",
        "type": "商务住宅;住宅区;住宅小区",
        "district": "金牛区",
        "weight": 1
      }
    },
    {
      "type": "Feature",
      "geometry": {
        "type": "Point",
        "coordinates": [
          104.047978,
          30.679898
        ]
      },
      "properties": {
        "name": "花牌坊社区",
        "category": "residential",
        "type": "商务住宅;住宅区;住宅小区",
        "district": "金牛区",
        "weight": 5
      }
    },
    {
      "type": "Feature",
      "geometry": {
        "type": "Point",
        "coordinates": [
          104.043977,
          30.68268
        ]
      },
      "properties": {
        "name": "西锦国际优+公馆",
        "category": "residential",
        "type": "商务住宅;住宅区;住宅区",
        "district": "金牛区",
        "weight": 1
      }
    },
    {
      "type": "Feature",
      "geometry": {
        "type": "Point",
        "coordinates": [
          104.051756,
          30.687932
        ]
      },
      "properties": {
        "name": "一环路北一段300号院",
        "category": "residential",
        "type": "商务住宅;住宅区;住宅小区",
        "district": "金牛区",
        "weight": 1
      }
    },
    {
      "type": "Feature",
      "geometry": {
        "type": "Point",
        "coordinates": [
          104.052441,
          30.681082
        ]
      },
      "properties": {
        "name": "仙桥苑",
        "category": "residential",
        "type": "商务住宅;住宅区;住宅小区",
        "district": "金牛区",
        "weight": 1
      }
    },
    {
      "type": "Feature",
      "geometry": {
        "type": "Point",
        "coordinates": [
          104.044938,
          30.680258
        ]
      },
      "properties": {
        "name": "王家巷小区",
        "category": "residential",
        "type": "商务住宅;住宅区;住宅小区",
        "district": "金牛区",
        "weight": 4
      }
    },
    {
      "type": "Feature",
      "geometry": {
        "type": "Point",
        "coordinates": [
          104.057826,
          30.683404
        ]
      },
      "properties": {
        "name": "新二村小区",
        "category": "residential",
        "type": "商务住宅;住宅区;住宅小区",
        "district": "金牛区",
        "weight": 5
      }
    },
    {
      "type": "Feature",
      "geometry": {
        "type": "Point",
        "coordinates": [
          104.059267,
          30.684627
        ]
      },
      "properties": {
        "name": "书香门第(西体北路)",
        "category": "residential",
        "type": "商务住宅;住宅区;住宅小区",
        "district": "金牛区",
        "weight": 1
      }
    },
    {
      "type": "Feature",
      "geometry": {
        "type": "Point",
        "coordinates": [
          104.057112,
          30.685652
        ]
      },
      "properties": {
        "name": "西体北路1号附7号院",
        "category": "residential",
        "type": "商务住宅;住宅区;住宅小区",
        "district": "金牛区",
        "weight": 2
      }
    },
    {
      "type": "Feature",
      "geometry": {
        "type": "Point",
        "coordinates": [
          104.059652,
          30.68293
        ]
      },
      "properties": {
        "name": "殷家沟1号院",
        "category": "residential",
        "type": "商务住宅;住宅区;住宅小区",
        "district": "金牛区",
        "weight": 2
      }
    },
    {
      "type": "Feature",
      "geometry": {
        "type": "Point",
        "coordinates": [
          104.060658,
          30.686087
        ]
      },
      "properties": {
        "name": "山羊座",
        "category": "residential",
        "type": "商务住宅;住宅区;住宅区",
        "district": "金牛区",
        "weight": 7
      }
    },
    {
      "type": "Feature",
      "geometry": {
        "type": "Point",
        "coordinates": [
          104.055824,
          30.68237
        ]
      },
      "properties": {
        "name": "西体路7号10幢院",
        "category": "residential",
        "type": "商务住宅;住宅区;住宅小区",
        "district": "金牛区",
        "weight": 2
      }
    },
    {
      "type": "Feature",
      "geometry": {
        "type": "Point",
        "coordinates": [
          104.058643,
          30.687428
        ]
      },
      "properties": {
        "name": "西北桥边街1号附12号院",
        "category": "residential",
        "type": "商务住宅;住宅区;住宅小区",
        "district": "金牛区",
        "weight": 1
      }
    },
    {
      "type": "Feature",
      "geometry": {
        "type": "Point",
        "coordinates": [
          104.057773,
          30.681246
        ]
      },
      "properties": {
        "name": "柳苑",
        "category": "residential",
        "type": "商务住宅;住宅区;住宅小区",
        "district": "金牛区",
        "weight": 1
      }
    },
    {
      "type": "Feature",
      "geometry": {
        "type": "Point",
        "coordinates": [
          104.056848,
          30.687496
        ]
      },
      "properties": {
        "name": "天仁雅居",
        "category": "residential",
        "type": "商务住宅;住宅区;住宅小区",
        "district": "金牛区",
        "weight": 4
      }
    },
    {
      "type": "Feature",
      "geometry": {
        "type": "Point",
        "coordinates": [
          104.059684,
          30.681145
        ]
      },
      "properties": {
        "name": "北较场西路18号院",
        "category": "residential",
        "type": "商务住宅;住宅区;住宅小区",
        "district": "青羊区",
        "weight": 1
      }
    },
    {
      "type": "Feature",
      "geometry": {
        "type": "Point",
        "coordinates": [
          104.060032,
          30.68817
        ]
      },
      "properties": {
        "name": "阀门厂宿舍",
        "category": "residential",
        "type": "商务住宅;住宅区;住宅小区",
        "district": "金牛区",
        "weight": 2
      }
    },
    {
      "type": "Feature",
      "geometry": {
        "type": "Point",
        "coordinates": [
          104.056324,
          30.67871
        ]
      },
      "properties": {
        "name": "锦欣苑",
        "category": "residential",
        "type": "商务住宅;住宅区;住宅小区",
        "district": "青羊区",
        "weight": 14
      }
    },
    {
      "type": "Feature",
      "geometry": {
        "type": "Point",
        "coordinates": [
          104.062485,
          30.687977
        ]
      },
      "properties": {
        "name": "和朝新居",
        "category": "residential",
        "type": "商务住宅;住宅区;住宅小区",
        "district": "金牛区",
        "weight": 4
      }
    },
    {
      "type": "Feature",
      "geometry": {
        "type": "Point",
        "coordinates": [
          104.055929,
          30.680136
        ]
      },
      "properties": {
        "name": "通锦小区",
        "category": "residential",
        "type": "商务住宅;住宅区;住宅小区",
        "district": "青羊区",
        "weight": 1
      }
    },
    {
      "type": "Feature",
      "geometry": {
        "type": "Point",
        "coordinates": [
          104.054087,
          30.68033
        ]
      },
      "properties": {
        "name": "通锦苑(通锦桥路)",
        "category": "residential",
        "type": "商务住宅;住宅区;住宅小区",
        "district": "金牛区",
        "weight": 2
      }
    },
    {
      "type": "Feature",
      "geometry": {
        "type": "Point",
        "coordinates": [
          104.062383,
          30.680133
        ]
      },
      "properties": {
        "name": "东二道街小区",
        "category": "residential",
        "type": "商务住宅;住宅区;住宅小区",
        "district": "青羊区",
        "weight": 1
      }
    },
    {
      "type": "Feature",
      "geometry": {
        "type": "Point",
        "coordinates": [
          104.061609,
          30.689278
        ]
      },
      "properties": {
        "name": "一环路北二段7号院",
        "category": "residential",
        "type": "商务住宅;住宅区;住宅小区",
        "district": "金牛区",
        "weight": 1
      }
    },
    {
      "type": "Feature",
      "geometry": {
        "type": "Point",
        "coordinates": [
          104.053712,
          30.688975
        ]
      },
      "properties": {
        "name": "铁路新村(沙洲街)",
        "category": "residential",
        "type": "商务住宅;住宅区;住宅小区",
        "district": "金牛区",
        "weight": 1
      }
    },
    {
      "type": "Feature",
      "geometry": {
        "type": "Point",
        "coordinates": [
          104.063168,
          30.689311
        ]
      },
      "properties": {
        "name": "北站西二路4号院(北站西二路)",
        "category": "residential",
        "type": "商务住宅;住宅区;住宅小区",
        "district": "金牛区",
        "weight": 1
      }
    },
    {
      "type": "Feature",
      "geometry": {
        "type": "Point",
        "coordinates": [
          104.068103,
          30.683874
        ]
      },
      "properties": {
        "name": "万担仓路小区",
        "category": "residential",
        "type": "商务住宅;住宅区;住宅小区",
        "district": "金牛区",
        "weight": 1
      }
    },
    {
      "type": "Feature",
      "geometry": {
        "type": "Point",
        "coordinates": [
          104.067527,
          30.682349
        ]
      },
      "properties": {
        "name": "北城8号",
        "category": "residential",
        "type": "商务住宅;住宅区;住宅小区|生活服务;生活服务场所;生活服务场所",
        "district": "金牛区",
        "weight": 6
      }
    },
    {
      "type": "Feature",
      "geometry": {
        "type": "Point",
        "coordinates": [
          104.065521,
          30.684264
        ]
      },
      "properties": {
        "name": "白马苑",
        "category": "residential",
        "type": "商务住宅;住宅区;住宅小区",
        "district": "金牛区",
        "weight": 4
      }
    },
    {
      "type": "Feature",
      "geometry": {
        "type": "Point",
        "coordinates": [
          104.066461,
          30.685497
        ]
      },
      "properties": {
        "name": "万福苑(成华西街)",
        "category": "residential",
        "type": "商务住宅;住宅区;住宅小区",
        "district": "金牛区",
        "weight": 1
      }
    },
    {
      "type": "Feature",
      "geometry": {
        "type": "Point",
        "coordinates": [
          104.070949,
          30.684987
        ]
      },
      "properties": {
        "name": "地矿局宿舍",
        "category": "residential",
        "type": "商务住宅;住宅区;住宅小区",
        "district": "金牛区",
        "weight": 1
      }
    },
    {
      "type": "Feature",
      "geometry": {
        "type": "Point",
        "coordinates": [
          104.07049,
          30.6858
        ]
      },
      "properties": {
        "name": "人民北路一段小区",
        "category": "residential",
        "type": "商务住宅;住宅区;住宅小区",
        "district": "金牛区",
        "weight": 1
      }
    },
    {
      "type": "Feature",
      "geometry": {
        "type": "Point",
        "coordinates": [
          104.066751,
          30.68733
        ]
      },
      "properties": {
        "name": "铁路局商住楼",
        "category": "residential",
        "type": "商务住宅;住宅区;住宅区",
        "district": "金牛区",
        "weight": 3
      }
    },
    {
      "type": "Feature",
      "geometry": {
        "type": "Point",
        "coordinates": [
          104.070992,
          30.681506
        ]
      },
      "properties": {
        "name": "福林公寓",
        "category": "residential",
        "type": "商务住宅;住宅区;住宅小区",
        "district": "金牛区",
        "weight": 2
      }
    },
    {
      "type": "Feature",
      "geometry": {
        "type": "Point",
        "coordinates": [
          104.06507,
          30.686318
        ]
      },
      "properties": {
        "name": "白马寺街10号院落",
        "category": "residential",
        "type": "商务住宅;住宅区;住宅小区",
        "district": "金牛区",
        "weight": 1
      }
    },
    {
      "type": "Feature",
      "geometry": {
        "type": "Point",
        "coordinates": [
          104.068215,
          30.680308
        ]
      },
      "properties": {
        "name": "武都路6号院",
        "category": "residential",
        "type": "商务住宅;住宅区;住宅小区",
        "district": "青羊区",
        "weight": 2
      }
    },
    {
      "type": "Feature",
      "geometry": {
        "type": "Point",
        "coordinates": [
          104.073232,
          30.683334
        ]
      },
      "properties": {
        "name": "成华巷3号",
        "category": "residential",
        "type": "商务住宅;住宅区;住宅区",
        "district": "金牛区",
        "weight": 3
      }
    },
    {
      "type": "Feature",
      "geometry": {
        "type": "Point",
        "coordinates": [
          104.072177,
          30.681576
        ]
      },
      "properties": {
        "name": "金华公寓(星辉西路)",
        "category": "residential",
        "type": "商务住宅;住宅区;住宅小区",
        "district": "金牛区",
        "weight": 1
      }
    },
    {
      "type": "Feature",
      "geometry": {
        "type": "Point",
        "coordinates": [
          104.063758,
          30.686425
        ]
      },
      "properties": {
        "name": "五丁路16号院",
        "category": "residential",
        "type": "商务住宅;住宅区;住宅小区",
        "district": "金牛区",
        "weight": 1
      }
    },
    {
      "type": "Feature",
      "geometry": {
        "type": "Point",
        "coordinates": [
          104.0698,
          30.679854
        ]
      },
      "properties": {
        "name": "人民中路三段小区",
        "category": "residential",
        "type": "商务住宅;住宅区;住宅小区",
        "district": "青羊区",
        "weight": 1
      }
    },
    {
      "type": "Feature",
      "geometry": {
        "type": "Point",
        "coordinates": [
          104.072888,
          30.680475
        ]
      },
      "properties": {
        "name": "星辉西路8号院",
        "category": "residential",
        "type": "商务住宅;住宅区;住宅区",
        "district": "金牛区",
        "weight": 1
      }
    },
    {
      "type": "Feature",
      "geometry": {
        "type": "Point",
        "coordinates": [
          104.071341,
          30.679223
        ]
      },
      "properties": {
        "name": "上河新城",
        "category": "residential",
        "type": "商务住宅;住宅区;住宅小区",
        "district": "青羊区",
        "weight": 4
      }
    },
    {
      "type": "Feature",
      "geometry": {
        "type": "Point",
        "coordinates": [
          104.064255,
          30.688759
        ]
      },
      "properties": {
        "name": "北站西二路1号院",
        "category": "residential",
        "type": "商务住宅;住宅区;住宅小区",
        "district": "金牛区",
        "weight": 1
      }
    },
    {
      "type": "Feature",
      "geometry": {
        "type": "Point",
        "coordinates": [
          104.0791,
          30.68477
        ]
      },
      "properties": {
        "name": "星辰苑(一环路北三段)",
        "category": "residential",
        "type": "商务住宅;住宅区;住宅小区",
        "district": "金牛区",
        "weight": 1
      }
    },
    {
      "type": "Feature",
      "geometry": {
        "type": "Point",
        "coordinates": [
          104.077855,
          30.68525
        ]
      },
      "properties": {
        "name": "雅图丽景",
        "category": "residential",
        "type": "商务住宅;住宅区;住宅小区",
        "district": "金牛区",
        "weight": 1
      }
    },
    {
      "type": "Feature",
      "geometry": {
        "type": "Point",
        "coordinates": [
          104.078874,
          30.68628
        ]
      },
      "properties": {
        "name": "南玻公寓",
        "category": "residential",
        "type": "商务住宅;住宅区;住宅小区",
        "district": "金牛区",
        "weight": 1
      }
    },
    {
      "type": "Feature",
      "geometry": {
        "type": "Point",
        "coordinates": [
          104.077711,
          30.686781
        ]
      },
      "properties": {
        "name": "百佳庭院",
        "category": "residential",
        "type": "商务住宅;住宅区;住宅小区",
        "district": "金牛区",
        "weight": 3
      }
    },
    {
      "type": "Feature",
      "geometry": {
        "type": "Point",
        "coordinates": [
          104.07938,
          30.680939
        ]
      },
      "properties": {
        "name": "盛世豪庭",
        "category": "residential",
        "type": "商务住宅;住宅区;住宅小区",
        "district": "金牛区",
        "weight": 9
      }
    },
    {
      "type": "Feature",
      "geometry": {
        "type": "Point",
        "coordinates": [
          104.077663,
          30.681964
        ]
      },
      "properties": {
        "name": "北极星花园",
        "category": "residential",
        "type": "商务住宅;住宅区;住宅小区",
        "district": "金牛区",
        "weight": 1
      }
    },
    {
      "type": "Feature",
      "geometry": {
        "type": "Point",
        "coordinates": [
          104.075576,
          30.683355
        ]
      },
      "properties": {
        "name": "成华南街小区",
        "category": "residential",
        "type": "商务住宅;住宅区;住宅小区",
        "district": "金牛区",
        "weight": 1
      }
    },
    {
      "type": "Feature",
      "geometry": {
        "type": "Point",
        "coordinates": [
          104.080362,
          30.681858
        ]
      },
      "properties": {
        "name": "城隍公寓",
        "category": "residential",
        "type": "商务住宅;住宅区;住宅小区",
        "district": "金牛区",
        "weight": 1
      }
    },
    {
      "type": "Feature",
      "geometry": {
        "type": "Point",
        "coordinates": [
          104.081801,
          30.685573
        ]
      },
      "properties": {
        "name": "解放路二段333号院",
        "category": "residential",
        "type": "商务住宅;住宅区;住宅小区",
        "district": "金牛区",
        "weight": 1
      }
    },
    {
      "type": "Feature",
      "geometry": {
        "type": "Point",
        "coordinates": [
          104.079165,
          30.687742
        ]
      },
      "properties": {
        "name": "先锋路小区",
        "category": "residential",
        "type": "商务住宅;住宅区;住宅小区",
        "district": "金牛区",
        "weight": 4
      }
    },
    {
      "type": "Feature",
      "geometry": {
        "type": "Point",
        "coordinates": [
          104.074938,
          30.685371
        ]
      },
      "properties": {
        "name": "花圃苑",
        "category": "residential",
        "type": "商务住宅;住宅区;住宅区",
        "district": "金牛区",
        "weight": 1
      }
    },
    {
      "type": "Feature",
      "geometry": {
        "type": "Point",
        "coordinates": [
          104.081442,
          30.687091
        ]
      },
      "properties": {
        "name": "互助路五治住宅区",
        "category": "residential",
        "type": "商务住宅;住宅区;住宅小区",
        "district": "金牛区",
        "weight": 4
      }
    },
    {
      "type": "Feature",
      "geometry": {
        "type": "Point",
        "coordinates": [
          104.077346,
          30.680843
        ]
      },
      "properties": {
        "name": "城北商务广场花圃名居",
        "category": "residential",
        "type": "商务住宅;住宅区;住宅小区",
        "district": "金牛区",
        "weight": 1
      }
    },
    {
      "type": "Feature",
      "geometry": {
        "type": "Point",
        "coordinates": [
          104.074449,
          30.683994
        ]
      },
      "properties": {
        "name": "成华街9号院",
        "category": "residential",
        "type": "商务住宅;住宅区;住宅小区",
        "district": "金牛区",
        "weight": 1
      }
    },
    {
      "type": "Feature",
      "geometry": {
        "type": "Point",
        "coordinates": [
          104.074799,
          30.686513
        ]
      },
      "properties": {
        "name": "迪康·银色诗典",
        "category": "residential",
        "type": "商务住宅;住宅区;住宅区",
        "district": "金牛区",
        "weight": 3
      }
    },
    {
      "type": "Feature",
      "geometry": {
        "type": "Point",
        "coordinates": [
          104.075606,
          30.681289
        ]
      },
      "properties": {
        "name": "纯溪公寓",
        "category": "residential",
        "type": "商务住宅;住宅区;住宅小区",
        "district": "金牛区",
        "weight": 2
      }
    },
    {
      "type": "Feature",
      "geometry": {
        "type": "Point",
        "coordinates": [
          104.084058,
          30.684022
        ]
      },
      "properties": {
        "name": "格林尚元丽舍",
        "category": "residential",
        "type": "商务住宅;住宅区;住宅小区",
        "district": "金牛区",
        "weight": 6
      }
    },
    {
      "type": "Feature",
      "geometry": {
        "type": "Point",
        "coordinates": [
          104.076607,
          30.688229
        ]
      },
      "properties": {
        "name": "北站东二路3号院",
        "category": "residential",
        "type": "商务住宅;住宅区;住宅小区",
        "district": "金牛区",
        "weight": 1
      }
    },
    {
      "type": "Feature",
      "geometry": {
        "type": "Point",
        "coordinates": [
          104.07904,
          30.688797
        ]
      },
      "properties": {
        "name": "金荷名邸",
        "category": "residential",
        "type": "商务住宅;住宅区;住宅小区",
        "district": "金牛区",
        "weight": 1
      }
    },
    {
      "type": "Feature",
      "geometry": {
        "type": "Point",
        "coordinates": [
          104.076575,
          30.679893
        ]
      },
      "properties": {
        "name": "膳庄公寓",
        "category": "residential",
        "type": "商务住宅;住宅区;住宅小区",
        "district": "金牛区",
        "weight": 1
      }
    },
    {
      "type": "Feature",
      "geometry": {
        "type": "Point",
        "coordinates": [
          104.081755,
          30.680503
        ]
      },
      "properties": {
        "name": "恒德路6号院",
        "category": "residential",
        "type": "商务住宅;住宅区;住宅区",
        "district": "金牛区",
        "weight": 1
      }
    },
    {
      "type": "Feature",
      "geometry": {
        "type": "Point",
        "coordinates": [
          104.07396,
          30.681164
        ]
      },
      "properties": {
        "name": "西南建筑设计院家属楼",
        "category": "residential",
        "type": "商务住宅;住宅区;住宅小区",
        "district": "金牛区",
        "weight": 1
      }
    },
    {
      "type": "Feature",
      "geometry": {
        "type": "Point",
        "coordinates": [
          104.083284,
          30.687413
        ]
      },
      "properties": {
        "name": "平福路小区",
        "category": "residential",
        "type": "商务住宅;住宅区;住宅小区",
        "district": "金牛区",
        "weight": 1
      }
    },
    {
      "type": "Feature",
      "geometry": {
        "type": "Point",
        "coordinates": [
          104.074686,
          30.679816
        ]
      },
      "properties": {
        "name": "金港兴城",
        "category": "residential",
        "type": "商务住宅;住宅区;住宅小区",
        "district": "金牛区",
        "weight": 3
      }
    },
    {
      "type": "Feature",
      "geometry": {
        "type": "Point",
        "coordinates": [
          104.082981,
          30.679317
        ]
      },
      "properties": {
        "name": "华欣园",
        "category": "residential",
        "type": "商务住宅;住宅区;住宅小区",
        "district": "金牛区",
        "weight": 7
      }
    },
    {
      "type": "Feature",
      "geometry": {
        "type": "Point",
        "coordinates": [
          104.083381,
          30.688532
        ]
      },
      "properties": {
        "name": "解放路一段31号院",
        "category": "residential",
        "type": "商务住宅;住宅区;住宅小区",
        "district": "金牛区",
        "weight": 1
      }
    },
    {
      "type": "Feature",
      "geometry": {
        "type": "Point",
        "coordinates": [
          104.087246,
          30.685067
        ]
      },
      "properties": {
        "name": "西油苑",
        "category": "residential",
        "type": "商务住宅;住宅区;住宅小区",
        "district": "金牛区",
        "weight": 9
      }
    },
    {
      "type": "Feature",
      "geometry": {
        "type": "Point",
        "coordinates": [
          104.089235,
          30.683497
        ]
      },
      "properties": {
        "name": "华油路138号居民大院",
        "category": "residential",
        "type": "商务住宅;住宅区;住宅小区",
        "district": "成华区",
        "weight": 1
      }
    },
    {
      "type": "Feature",
      "geometry": {
        "type": "Point",
        "coordinates": [
          104.0878,
          30.683156
        ]
      },
      "properties": {
        "name": "峰南小区",
        "category": "residential",
        "type": "商务住宅;住宅区;住宅小区",
        "district": "成华区",
        "weight": 2
      }
    },
    {
      "type": "Feature",
      "geometry": {
        "type": "Point",
        "coordinates": [
          104.092023,
          30.685109
        ]
      },
      "properties": {
        "name": "华油苑",
        "category": "residential",
        "type": "商务住宅;住宅区;住宅小区",
        "district": "成华区",
        "weight": 23
      }
    },
    {
      "type": "Feature",
      "geometry": {
        "type": "Point",
        "coordinates": [
          104.090599,
          30.679798
        ]
      },
      "properties": {
        "name": "马鞍东路社区(北门)",
        "category": "residential",
        "type": "商务住宅;住宅区;住宅小区",
        "district": "金牛区",
        "weight": 1
      }
    },
    {
      "type": "Feature",
      "geometry": {
        "type": "Point",
        "coordinates": [
          104.089854,
          30.685843
        ]
      },
      "properties": {
        "name": "成勘苑",
        "category": "residential",
        "type": "商务住宅;住宅区;住宅小区",
        "district": "成华区",
        "weight": 1
      }
    },
    {
      "type": "Feature",
      "geometry": {
        "type": "Point",
        "coordinates": [
          104.087446,
          30.682107
        ]
      },
      "properties": {
        "name": "前锋小区",
        "category": "residential",
        "type": "商务住宅;住宅区;住宅小区",
        "district": "成华区",
        "weight": 1
      }
    },
    {
      "type": "Feature",
      "geometry": {
        "type": "Point",
        "coordinates": [
          104.089188,
          30.681974
        ]
      },
      "properties": {
        "name": "阳光欣园",
        "category": "residential",
        "type": "商务住宅;住宅区;住宅小区",
        "district": "成华区",
        "weight": 1
      }
    },
    {
      "type": "Feature",
      "geometry": {
        "type": "Point",
        "coordinates": [
          104.085354,
          30.687077
        ]
      },
      "properties": {
        "name": "平福里",
        "category": "residential",
        "type": "商务住宅;住宅区;住宅小区",
        "district": "金牛区",
        "weight": 22
      }
    },
    {
      "type": "Feature",
      "geometry": {
        "type": "Point",
        "coordinates": [
          104.091748,
          30.682628
        ]
      },
      "properties": {
        "name": "首汇观筑",
        "category": "residential",
        "type": "商务住宅;住宅区;住宅小区",
        "district": "成华区",
        "weight": 3
      }
    },
    {
      "type": "Feature",
      "geometry": {
        "type": "Point",
        "coordinates": [
          104.087801,
          30.688081
        ]
      },
      "properties": {
        "name": "李家沱小区",
        "category": "residential",
        "type": "商务住宅;住宅区;住宅小区",
        "district": "金牛区",
        "weight": 4
      }
    },
    {
      "type": "Feature",
      "geometry": {
        "type": "Point",
        "coordinates": [
          104.0907,
          30.681386
        ]
      },
      "properties": {
        "name": "万科金色家园(前锋路)",
        "category": "residential",
        "type": "商务住宅;住宅区;住宅小区",
        "district": "成华区",
        "weight": 2
      }
    },
    {
      "type": "Feature",
      "geometry": {
        "type": "Point",
        "coordinates": [
          104.089736,
          30.687985
        ]
      },
      "properties": {
        "name": "树蓓巷1号院",
        "category": "residential",
        "type": "商务住宅;住宅区;住宅区",
        "district": "金牛区",
        "weight": 4
      }
    },
    {
      "type": "Feature",
      "geometry": {
        "type": "Point",
        "coordinates": [
          104.085584,
          30.681025
        ]
      },
      "properties": {
        "name": "马鞍北路51",
        "category": "residential",
        "type": "商务住宅;住宅区;住宅小区",
        "district": "金牛区",
        "weight": 4
      }
    },
    {
      "type": "Feature",
      "geometry": {
        "type": "Point",
        "coordinates": [
          104.093468,
          30.685733
        ]
      },
      "properties": {
        "name": "平安苑(虹波路)",
        "category": "residential",
        "type": "商务住宅;住宅区;住宅小区",
        "district": "成华区",
        "weight": 2
      }
    },
    {
      "type": "Feature",
      "geometry": {
        "type": "Point",
        "coordinates": [
          104.089187,
          30.679954
        ]
      },
      "properties": {
        "name": "北苑富兴公寓",
        "category": "residential",
        "type": "商务住宅;住宅区;住宅小区",
        "district": "金牛区",
        "weight": 1
      }
    },
    {
      "type": "Feature",
      "geometry": {
        "type": "Point",
        "coordinates": [
          104.091663,
          30.680656
        ]
      },
      "properties": {
        "name": "财富又一城(西门)",
        "category": "residential",
        "type": "商务住宅;住宅区;住宅小区|通行设施;临街院门;临街院门",
        "district": "成华区",
        "weight": 1
      }
    },
    {
      "type": "Feature",
      "geometry": {
        "type": "Point",
        "coordinates": [
          104.098023,
          30.684244
        ]
      },
      "properties": {
        "name": "协信中心",
        "category": "residential",
        "type": "商务住宅;住宅区;住宅小区",
        "district": "成华区",
        "weight": 2
      }
    },
    {
      "type": "Feature",
      "geometry": {
        "type": "Point",
        "coordinates": [
          104.099698,
          30.683782
        ]
      },
      "properties": {
        "name": "华栋云庭",
        "category": "residential",
        "type": "商务住宅;住宅区;住宅小区",
        "district": "成华区",
        "weight": 1
      }
    },
    {
      "type": "Feature",
      "geometry": {
        "type": "Point",
        "coordinates": [
          104.097152,
          30.685359
        ]
      },
      "properties": {
        "name": "沙河新城2期",
        "category": "residential",
        "type": "商务住宅;住宅区;住宅区",
        "district": "成华区",
        "weight": 2
      }
    },
    {
      "type": "Feature",
      "geometry": {
        "type": "Point",
        "coordinates": [
          104.099212,
          30.685994
        ]
      },
      "properties": {
        "name": "玛塞城",
        "category": "residential",
        "type": "商务住宅;住宅区;住宅小区",
        "district": "成华区",
        "weight": 2
      }
    },
    {
      "type": "Feature",
      "geometry": {
        "type": "Point",
        "coordinates": [
          104.099598,
          30.682328
        ]
      },
      "properties": {
        "name": "电子科大社区",
        "category": "residential",
        "type": "商务住宅;住宅区;住宅小区",
        "district": "成华区",
        "weight": 2
      }
    },
    {
      "type": "Feature",
      "geometry": {
        "type": "Point",
        "coordinates": [
          104.096516,
          30.683008
        ]
      },
      "properties": {
        "name": "云翔金座(建设中)",
        "category": "residential",
        "type": "商务住宅;住宅区;住宅小区",
        "district": "成华区",
        "weight": 1
      }
    },
    {
      "type": "Feature",
      "geometry": {
        "type": "Point",
        "coordinates": [
          104.098008,
          30.681441
        ]
      },
      "properties": {
        "name": "东院1区",
        "category": "residential",
        "type": "商务住宅;住宅区;住宅区",
        "district": "成华区",
        "weight": 2
      }
    },
    {
      "type": "Feature",
      "geometry": {
        "type": "Point",
        "coordinates": [
          104.101535,
          30.683499
        ]
      },
      "properties": {
        "name": "蓝光COCO时代",
        "category": "residential",
        "type": "商务住宅;住宅区;住宅小区",
        "district": "成华区",
        "weight": 1
      }
    },
    {
      "type": "Feature",
      "geometry": {
        "type": "Point",
        "coordinates": [
          104.09802,
          30.687587
        ]
      },
      "properties": {
        "name": "府青立交蓝水湾小区5栋",
        "category": "residential",
        "type": "商务住宅;住宅区;住宅小区",
        "district": "成华区",
        "weight": 1
      }
    },
    {
      "type": "Feature",
      "geometry": {
        "type": "Point",
        "coordinates": [
          104.10215,
          30.682352
        ]
      },
      "properties": {
        "name": "一环路东一段小区",
        "category": "residential",
        "type": "商务住宅;住宅区;住宅小区",
        "district": "成华区",
        "weight": 2
      }
    },
    {
      "type": "Feature",
      "geometry": {
        "type": "Point",
        "coordinates": [
          104.094518,
          30.68514
        ]
      },
      "properties": {
        "name": "水映兰庭",
        "category": "residential",
        "type": "商务住宅;住宅区;住宅小区",
        "district": "成华区",
        "weight": 1
      }
    },
    {
      "type": "Feature",
      "geometry": {
        "type": "Point",
        "coordinates": [
          104.095847,
          30.687163
        ]
      },
      "properties": {
        "name": "富临·沙河新城",
        "category": "residential",
        "type": "商务住宅;住宅区;住宅小区",
        "district": "成华区",
        "weight": 1
      }
    },
    {
      "type": "Feature",
      "geometry": {
        "type": "Point",
        "coordinates": [
          104.102602,
          30.68563
        ]
      },
      "properties": {
        "name": "浅水半岛A区",
        "category": "residential",
        "type": "商务住宅;住宅区;住宅小区",
        "district": "成华区",
        "weight": 1
      }
    },
    {
      "type": "Feature",
      "geometry": {
        "type": "Point",
        "coordinates": [
          104.100807,
          30.680322
        ]
      },
      "properties": {
        "name": "东院院士公寓",
        "category": "residential",
        "type": "商务住宅;住宅区;住宅小区",
        "district": "成华区",
        "weight": 5
      }
    },
    {
      "type": "Feature",
      "geometry": {
        "type": "Point",
        "coordinates": [
          104.096586,
          30.688577
        ]
      },
      "properties": {
        "name": "中房·蓝水湾(二环路北四段)",
        "category": "residential",
        "type": "商务住宅;住宅区;住宅小区",
        "district": "成华区",
        "weight": 1
      }
    },
    {
      "type": "Feature",
      "geometry": {
        "type": "Point",
        "coordinates": [
          104.101934,
          30.687988
        ]
      },
      "properties": {
        "name": "浅水半岛B区",
        "category": "residential",
        "type": "商务住宅;住宅区;住宅小区",
        "district": "成华区",
        "weight": 1
      }
    },
    {
      "type": "Feature",
      "geometry": {
        "type": "Point",
        "coordinates": [
          104.094439,
          30.681039
        ]
      },
      "properties": {
        "name": "圣灯公寓",
        "category": "residential",
        "type": "商务住宅;住宅区;住宅小区",
        "district": "成华区",
        "weight": 2
      }
    },
    {
      "type": "Feature",
      "geometry": {
        "type": "Point",
        "coordinates": [
          104.093932,
          30.680096
        ]
      },
      "properties": {
        "name": "府青苑",
        "category": "residential",
        "type": "商务住宅;住宅区;住宅小区",
        "district": "成华区",
        "weight": 1
      }
    },
    {
      "type": "Feature",
      "geometry": {
        "type": "Point",
        "coordinates": [
          104.107679,
          30.685162
        ]
      },
      "properties": {
        "name": "明苑",
        "category": "residential",
        "type": "商务住宅;住宅区;住宅小区",
        "district": "成华区",
        "weight": 13
      }
    },
    {
      "type": "Feature",
      "geometry": {
        "type": "Point",
        "coordinates": [
          104.109952,
          30.684256
        ]
      },
      "properties": {
        "name": "田园",
        "category": "residential",
        "type": "商务住宅;住宅区;住宅小区",
        "district": "成华区",
        "weight": 2
      }
    },
    {
      "type": "Feature",
      "geometry": {
        "type": "Point",
        "coordinates": [
          104.110689,
          30.685563
        ]
      },
      "properties": {
        "name": "桃溪庭苑",
        "category": "residential",
        "type": "商务住宅;住宅区;住宅小区",
        "district": "成华区",
        "weight": 1
      }
    },
    {
      "type": "Feature",
      "geometry": {
        "type": "Point",
        "coordinates": [
          104.109979,
          30.68629
        ]
      },
      "properties": {
        "name": "隆发苑",
        "category": "residential",
        "type": "商务住宅;住宅区;住宅小区",
        "district": "成华区",
        "weight": 1
      }
    },
    {
      "type": "Feature",
      "geometry": {
        "type": "Point",
        "coordinates": [
          104.112715,
          30.683963
        ]
      },
      "properties": {
        "name": "桃源街社区",
        "category": "residential",
        "type": "商务住宅;住宅区;住宅小区",
        "district": "成华区",
        "weight": 7
      }
    },
    {
      "type": "Feature",
      "geometry": {
        "type": "Point",
        "coordinates": [
          104.111462,
          30.684837
        ]
      },
      "properties": {
        "name": "明信花园",
        "category": "residential",
        "type": "商务住宅;住宅区;住宅小区",
        "district": "成华区",
        "weight": 1
      }
    },
    {
      "type": "Feature",
      "geometry": {
        "type": "Point",
        "coordinates": [
          104.106532,
          30.682358
        ]
      },
      "properties": {
        "name": "瀚林花园(二环路东一段)",
        "category": "residential",
        "type": "商务住宅;住宅区;住宅小区",
        "district": "成华区",
        "weight": 1
      }
    },
    {
      "type": "Feature",
      "geometry": {
        "type": "Point",
        "coordinates": [
          104.105535,
          30.686527
        ]
      },
      "properties": {
        "name": "公交苑",
        "category": "residential",
        "type": "商务住宅;住宅区;住宅小区",
        "district": "成华区",
        "weight": 3
      }
    },
    {
      "type": "Feature",
      "geometry": {
        "type": "Point",
        "coordinates": [
          104.10709,
          30.681217
        ]
      },
      "properties": {
        "name": "香木林·花园",
        "category": "residential",
        "type": "商务住宅;住宅区;住宅小区",
        "district": "成华区",
        "weight": 1
      }
    },
    {
      "type": "Feature",
      "geometry": {
        "type": "Point",
        "coordinates": [
          104.109376,
          30.680865
        ]
      },
      "properties": {
        "name": "望园居",
        "category": "residential",
        "type": "商务住宅;住宅区;住宅小区",
        "district": "成华区",
        "weight": 2
      }
    },
    {
      "type": "Feature",
      "geometry": {
        "type": "Point",
        "coordinates": [
          104.104893,
          30.682824
        ]
      },
      "properties": {
        "name": "桃蹊路47号院",
        "category": "residential",
        "type": "商务住宅;住宅区;住宅小区",
        "district": "成华区",
        "weight": 1
      }
    },
    {
      "type": "Feature",
      "geometry": {
        "type": "Point",
        "coordinates": [
          104.112337,
          30.6857
        ]
      },
      "properties": {
        "name": "成电花园桃源苑",
        "category": "residential",
        "type": "商务住宅;住宅区;住宅小区",
        "district": "成华区",
        "weight": 1
      }
    },
    {
      "type": "Feature",
      "geometry": {
        "type": "Point",
        "coordinates": [
          104.112572,
          30.681778
        ]
      },
      "properties": {
        "name": "成功悦都",
        "category": "residential",
        "type": "商务住宅;住宅区;住宅小区",
        "district": "成华区",
        "weight": 8
      }
    },
    {
      "type": "Feature",
      "geometry": {
        "type": "Point",
        "coordinates": [
          104.106427,
          30.687532
        ]
      },
      "properties": {
        "name": "安庆苑",
        "category": "residential",
        "type": "商务住宅;住宅区;住宅小区",
        "district": "成华区",
        "weight": 1
      }
    },
    {
      "type": "Feature",
      "geometry": {
        "type": "Point",
        "coordinates": [
          104.104233,
          30.684601
        ]
      },
      "properties": {
        "name": "八里阳光",
        "category": "residential",
        "type": "商务住宅;住宅区;住宅小区",
        "district": "成华区",
        "weight": 1
      }
    },
    {
      "type": "Feature",
      "geometry": {
        "type": "Point",
        "coordinates": [
          104.104026,
          30.685802
        ]
      },
      "properties": {
        "name": "怡福巷80号院",
        "category": "residential",
        "type": "商务住宅;住宅区;住宅小区",
        "district": "成华区",
        "weight": 2
      }
    },
    {
      "type": "Feature",
      "geometry": {
        "type": "Point",
        "coordinates": [
          104.104562,
          30.68096
        ]
      },
      "properties": {
        "name": "蜀东小区",
        "category": "residential",
        "type": "商务住宅;住宅区;住宅小区",
        "district": "成华区",
        "weight": 9
      }
    },
    {
      "type": "Feature",
      "geometry": {
        "type": "Point",
        "coordinates": [
          104.103845,
          30.683254
        ]
      },
      "properties": {
        "name": "景碧园",
        "category": "residential",
        "type": "商务住宅;住宅区;住宅小区",
        "district": "成华区",
        "weight": 2
      }
    },
    {
      "type": "Feature",
      "geometry": {
        "type": "Point",
        "coordinates": [
          104.113258,
          30.686207
        ]
      },
      "properties": {
        "name": "南天苑",
        "category": "residential",
        "type": "商务住宅;住宅区;住宅小区",
        "district": "成华区",
        "weight": 3
      }
    },
    {
      "type": "Feature",
      "geometry": {
        "type": "Point",
        "coordinates": [
          104.106728,
          30.680206
        ]
      },
      "properties": {
        "name": "圣地名居",
        "category": "residential",
        "type": "商务住宅;住宅区;住宅小区",
        "district": "成华区",
        "weight": 2
      }
    },
    {
      "type": "Feature",
      "geometry": {
        "type": "Point",
        "coordinates": [
          104.104885,
          30.688006
        ]
      },
      "properties": {
        "name": "华房苑",
        "category": "residential",
        "type": "商务住宅;住宅区;住宅小区",
        "district": "成华区",
        "weight": 3
      }
    },
    {
      "type": "Feature",
      "geometry": {
        "type": "Point",
        "coordinates": [
          104.111546,
          30.680337
        ]
      },
      "properties": {
        "name": "成都·东方明珠花园东区",
        "category": "residential",
        "type": "商务住宅;住宅区;住宅小区",
        "district": "成华区",
        "weight": 1
      }
    },
    {
      "type": "Feature",
      "geometry": {
        "type": "Point",
        "coordinates": [
          104.109102,
          30.67926
        ]
      },
      "properties": {
        "name": "东方明珠花园西区",
        "category": "residential",
        "type": "商务住宅;住宅区;住宅小区",
        "district": "成华区",
        "weight": 2
      }
    },
    {
      "type": "Feature",
      "geometry": {
        "type": "Point",
        "coordinates": [
          104.103574,
          30.68879
        ]
      },
      "properties": {
        "name": "浅水半岛",
        "category": "residential",
        "type": "商务住宅;住宅区;住宅小区",
        "district": "成华区",
        "weight": 2
      }
    },
    {
      "type": "Feature",
      "geometry": {
        "type": "Point",
        "coordinates": [
          104.11338,
          30.688924
        ]
      },
      "properties": {
        "name": "宝泰家园",
        "category": "residential",
        "type": "商务住宅;住宅区;住宅小区",
        "district": "成华区",
        "weight": 1
      }
    },
    {
      "type": "Feature",
      "geometry": {
        "type": "Point",
        "coordinates": [
          104.11347,
          30.679512
        ]
      },
      "properties": {
        "name": "成功·银玺国际",
        "category": "residential",
        "type": "商务住宅;住宅区;住宅小区",
        "district": "成华区",
        "weight": 1
      }
    },
    {
      "type": "Feature",
      "geometry": {
        "type": "Point",
        "coordinates": [
          104.119536,
          30.684146
        ]
      },
      "properties": {
        "name": "春熙苑(地勘路)",
        "category": "residential",
        "type": "商务住宅;住宅区;住宅小区",
        "district": "成华区",
        "weight": 1
      }
    },
    {
      "type": "Feature",
      "geometry": {
        "type": "Point",
        "coordinates": [
          104.120593,
          30.685195
        ]
      },
      "properties": {
        "name": "二仙桥石油社区管理站第二住宅区",
        "category": "residential",
        "type": "商务住宅;住宅区;住宅小区",
        "district": "成华区",
        "weight": 1
      }
    },
    {
      "type": "Feature",
      "geometry": {
        "type": "Point",
        "coordinates": [
          104.120366,
          30.682866
        ]
      },
      "properties": {
        "name": "格林尚城",
        "category": "residential",
        "type": "商务住宅;住宅区;住宅小区",
        "district": "成华区",
        "weight": 4
      }
    },
    {
      "type": "Feature",
      "geometry": {
        "type": "Point",
        "coordinates": [
          104.11929,
          30.686348
        ]
      },
      "properties": {
        "name": "二仙桥西路五号东区院",
        "category": "residential",
        "type": "商务住宅;住宅区;住宅小区",
        "district": "成华区",
        "weight": 1
      }
    },
    {
      "type": "Feature",
      "geometry": {
        "type": "Point",
        "coordinates": [
          104.116114,
          30.683599
        ]
      },
      "properties": {
        "name": "祥和苑",
        "category": "residential",
        "type": "商务住宅;住宅区;住宅小区",
        "district": "成华区",
        "weight": 2
      }
    },
    {
      "type": "Feature",
      "geometry": {
        "type": "Point",
        "coordinates": [
          104.117304,
          30.682324
        ]
      },
      "properties": {
        "name": "关家苑",
        "category": "residential",
        "type": "商务住宅;住宅区;住宅小区",
        "district": "成华区",
        "weight": 2
      }
    },
    {
      "type": "Feature",
      "geometry": {
        "type": "Point",
        "coordinates": [
          104.115702,
          30.68572
        ]
      },
      "properties": {
        "name": "中国石油三仙桥石油社区管理站第一社区(22栋)",
        "category": "residential",
        "type": "商务住宅;住宅区;住宅区",
        "district": "成华区",
        "weight": 1
      }
    },
    {
      "type": "Feature",
      "geometry": {
        "type": "Point",
        "coordinates": [
          104.117551,
          30.687349
        ]
      },
      "properties": {
        "name": "二仙桥石油社区",
        "category": "residential",
        "type": "商务住宅;住宅区;住宅小区",
        "district": "成华区",
        "weight": 2
      }
    },
    {
      "type": "Feature",
      "geometry": {
        "type": "Point",
        "coordinates": [
          104.114845,
          30.682898
        ]
      },
      "properties": {
        "name": "成功·悦城",
        "category": "residential",
        "type": "商务住宅;住宅区;住宅小区",
        "district": "成华区",
        "weight": 3
      }
    },
    {
      "type": "Feature",
      "geometry": {
        "type": "Point",
        "coordinates": [
          104.121685,
          30.686267
        ]
      },
      "properties": {
        "name": "建设北路三段小区",
        "category": "residential",
        "type": "商务住宅;住宅区;住宅小区",
        "district": "成华区",
        "weight": 1
      }
    },
    {
      "type": "Feature",
      "geometry": {
        "type": "Point",
        "coordinates": [
          104.121123,
          30.681788
        ]
      },
      "properties": {
        "name": "东方苑(建设北路三段)",
        "category": "residential",
        "type": "商务住宅;住宅区;住宅小区",
        "district": "成华区",
        "weight": 1
      }
    },
    {
      "type": "Feature",
      "geometry": {
        "type": "Point",
        "coordinates": [
          104.114435,
          30.684782
        ]
      },
      "properties": {
        "name": "成电花园文德苑",
        "category": "residential",
        "type": "商务住宅;住宅区;住宅小区",
        "district": "成华区",
        "weight": 1
      }
    },
    {
      "type": "Feature",
      "geometry": {
        "type": "Point",
        "coordinates": [
          104.114979,
          30.681116
        ]
      },
      "properties": {
        "name": "时代锦汇华庭",
        "category": "residential",
        "type": "商务住宅;住宅区;住宅小区",
        "district": "成华区",
        "weight": 6
      }
    },
    {
      "type": "Feature",
      "geometry": {
        "type": "Point",
        "coordinates": [
          104.119087,
          30.679756
        ]
      },
      "properties": {
        "name": "朗基少东家",
        "category": "residential",
        "type": "商务住宅;住宅区;住宅小区|餐饮服务;中餐厅;中餐厅|购物服务;购物相关场所;购物相关场所",
        "district": "成华区",
        "weight": 1
      }
    },
    {
      "type": "Feature",
      "geometry": {
        "type": "Point",
        "coordinates": [
          104.114086,
          30.68741
        ]
      },
      "properties": {
        "name": "金珠苑",
        "category": "residential",
        "type": "商务住宅;住宅区;住宅小区",
        "district": "成华区",
        "weight": 1
      }
    },
    {
      "type": "Feature",
      "geometry": {
        "type": "Point",
        "coordinates": [
          104.123437,
          30.687285
        ]
      },
      "properties": {
        "name": "泰博理想城",
        "category": "residential",
        "type": "商务住宅;住宅区;住宅小区",
        "district": "成华区",
        "weight": 1
      }
    },
    {
      "type": "Feature",
      "geometry": {
        "type": "Point",
        "coordinates": [
          104.123064,
          30.680005
        ]
      },
      "properties": {
        "name": "东城映象B区",
        "category": "residential",
        "type": "商务住宅;住宅区;住宅小区",
        "district": "成华区",
        "weight": 1
      }
    },
    {
      "type": "Feature",
      "geometry": {
        "type": "Point",
        "coordinates": [
          104.127566,
          30.684722
        ]
      },
      "properties": {
        "name": "东圣苑",
        "category": "residential",
        "type": "商务住宅;住宅区;住宅小区",
        "district": "成华区",
        "weight": 2
      }
    },
    {
      "type": "Feature",
      "geometry": {
        "type": "Point",
        "coordinates": [
          104.129058,
          30.683803
        ]
      },
      "properties": {
        "name": "汇融云庭",
        "category": "residential",
        "type": "商务住宅;住宅区;住宅小区",
        "district": "成华区",
        "weight": 1
      }
    },
    {
      "type": "Feature",
      "geometry": {
        "type": "Point",
        "coordinates": [
          104.130524,
          30.683457
        ]
      },
      "properties": {
        "name": "二仙桥北二路5号院",
        "category": "residential",
        "type": "商务住宅;住宅区;住宅区",
        "district": "成华区",
        "weight": 1
      }
    },
    {
      "type": "Feature",
      "geometry": {
        "type": "Point",
        "coordinates": [
          104.128098,
          30.686921
        ]
      },
      "properties": {
        "name": "华西雅筑",
        "category": "residential",
        "type": "商务住宅;住宅区;住宅区",
        "district": "成华区",
        "weight": 3
      }
    },
    {
      "type": "Feature",
      "geometry": {
        "type": "Point",
        "coordinates": [
          104.12537,
          30.682635
        ]
      },
      "properties": {
        "name": "二仙桥东路9号院",
        "category": "residential",
        "type": "商务住宅;住宅区;住宅小区",
        "district": "成华区",
        "weight": 2
      }
    },
    {
      "type": "Feature",
      "geometry": {
        "type": "Point",
        "coordinates": [
          104.125499,
          30.686074
        ]
      },
      "properties": {
        "name": "交大·归谷建设派",
        "category": "residential",
        "type": "商务住宅;住宅区;住宅小区",
        "district": "成华区",
        "weight": 1
      }
    },
    {
      "type": "Feature",
      "geometry": {
        "type": "Point",
        "coordinates": [
          104.132719,
          30.68203
        ]
      },
      "properties": {
        "name": "下涧槽社区(西1门)",
        "category": "residential",
        "type": "商务住宅;住宅区;住宅小区",
        "district": "成华区",
        "weight": 1
      }
    },
    {
      "type": "Feature",
      "geometry": {
        "type": "Point",
        "coordinates": [
          104.128906,
          30.688398
        ]
      },
      "properties": {
        "name": "机车馨苑",
        "category": "residential",
        "type": "商务住宅;住宅区;住宅区",
        "district": "成华区",
        "weight": 2
      }
    },
    {
      "type": "Feature",
      "geometry": {
        "type": "Point",
        "coordinates": [
          104.133287,
          30.68344
        ]
      },
      "properties": {
        "name": "成华区圣灯乡关家堰村",
        "category": "residential",
        "type": "商务住宅;住宅区;住宅小区",
        "district": "成华区",
        "weight": 1
      }
    },
    {
      "type": "Feature",
      "geometry": {
        "type": "Point",
        "coordinates": [
          104.123612,
          30.682035
        ]
      },
      "properties": {
        "name": "晴和苑",
        "category": "residential",
        "type": "商务住宅;住宅区;住宅小区",
        "district": "成华区",
        "weight": 1
      }
    },
    {
      "type": "Feature",
      "geometry": {
        "type": "Point",
        "coordinates": [
          104.133252,
          30.681148
        ]
      },
      "properties": {
        "name": "下涧槽社区(南门)",
        "category": "residential",
        "type": "商务住宅;住宅区;住宅小区",
        "district": "成华区",
        "weight": 1
      }
    },
    {
      "type": "Feature",
      "geometry": {
        "type": "Point",
        "coordinates": [
          104.13889,
          30.684199
        ]
      },
      "properties": {
        "name": "富临理宫",
        "category": "residential",
        "type": "商务住宅;住宅区;住宅小区",
        "district": "成华区",
        "weight": 1
      }
    },
    {
      "type": "Feature",
      "geometry": {
        "type": "Point",
        "coordinates": [
          104.137278,
          30.685228
        ]
      },
      "properties": {
        "name": "华林南苑",
        "category": "residential",
        "type": "商务住宅;住宅区;住宅小区",
        "district": "成华区",
        "weight": 2
      }
    },
    {
      "type": "Feature",
      "geometry": {
        "type": "Point",
        "coordinates": [
          104.140003,
          30.68516
        ]
      },
      "properties": {
        "name": "华林东苑",
        "category": "residential",
        "type": "商务住宅;住宅区;住宅小区",
        "district": "成华区",
        "weight": 2
      }
    },
    {
      "type": "Feature",
      "geometry": {
        "type": "Point",
        "coordinates": [
          104.136619,
          30.683112
        ]
      },
      "properties": {
        "name": "五坪小区(下涧槽路)",
        "category": "residential",
        "type": "商务住宅;住宅区;住宅小区",
        "district": "成华区",
        "weight": 1
      }
    },
    {
      "type": "Feature",
      "geometry": {
        "type": "Point",
        "coordinates": [
          104.138673,
          30.686676
        ]
      },
      "properties": {
        "name": "华林西苑",
        "category": "residential",
        "type": "商务住宅;住宅区;住宅小区",
        "district": "成华区",
        "weight": 1
      }
    },
    {
      "type": "Feature",
      "geometry": {
        "type": "Point",
        "coordinates": [
          104.135485,
          30.682599
        ]
      },
      "properties": {
        "name": "一坪小区",
        "category": "residential",
        "type": "商务住宅;住宅区;住宅小区",
        "district": "成华区",
        "weight": 1
      }
    },
    {
      "type": "Feature",
      "geometry": {
        "type": "Point",
        "coordinates": [
          104.13539,
          30.686231
        ]
      },
      "properties": {
        "name": "成都机车厂生活小区",
        "category": "residential",
        "type": "商务住宅;住宅区;住宅小区",
        "district": "成华区",
        "weight": 1
      }
    },
    {
      "type": "Feature",
      "geometry": {
        "type": "Point",
        "coordinates": [
          104.137652,
          30.681112
        ]
      },
      "properties": {
        "name": "下涧槽社区(东门)",
        "category": "residential",
        "type": "商务住宅;住宅区;住宅小区",
        "district": "成华区",
        "weight": 1
      }
    },
    {
      "type": "Feature",
      "geometry": {
        "type": "Point",
        "coordinates": [
          104.135915,
          30.679507
        ]
      },
      "properties": {
        "name": "和风满院",
        "category": "residential",
        "type": "商务住宅;住宅区;住宅小区",
        "district": "成华区",
        "weight": 3
      }
    },
    {
      "type": "Feature",
      "geometry": {
        "type": "Point",
        "coordinates": [
          104.148528,
          30.684323
        ]
      },
      "properties": {
        "name": "理工东苑",
        "category": "residential",
        "type": "商务住宅;住宅区;住宅小区",
        "district": "成华区",
        "weight": 2
      }
    },
    {
      "type": "Feature",
      "geometry": {
        "type": "Point",
        "coordinates": [
          104.152087,
          30.683879
        ]
      },
      "properties": {
        "name": "理工东苑东区",
        "category": "residential",
        "type": "商务住宅;住宅区;住宅小区",
        "district": "成华区",
        "weight": 1
      }
    },
    {
      "type": "Feature",
      "geometry": {
        "type": "Point",
        "coordinates": [
          104.162172,
          30.683869
        ]
      },
      "properties": {
        "name": "多元总部国际1号",
        "category": "residential",
        "type": "商务住宅;住宅区;住宅小区",
        "district": "成华区",
        "weight": 1
      }
    },
    {
      "type": "Feature",
      "geometry": {
        "type": "Point",
        "coordinates": [
          104.156593,
          30.688018
        ]
      },
      "properties": {
        "name": "蓝润·尚东城2期",
        "category": "residential",
        "type": "商务住宅;住宅区;住宅小区",
        "district": "成华区",
        "weight": 1
      }
    },
    {
      "type": "Feature",
      "geometry": {
        "type": "Point",
        "coordinates": [
          104.158398,
          30.688145
        ]
      },
      "properties": {
        "name": "蓝润·东公元",
        "category": "residential",
        "type": "商务住宅;住宅区;住宅区",
        "district": "成华区",
        "weight": 2
      }
    },
    {
      "type": "Feature",
      "geometry": {
        "type": "Point",
        "coordinates": [
          104.156296,
          30.68644
        ]
      },
      "properties": {
        "name": "正成·东区1号",
        "category": "residential",
        "type": "商务住宅;住宅区;住宅小区",
        "district": "成华区",
        "weight": 1
      }
    },
    {
      "type": "Feature",
      "geometry": {
        "type": "Point",
        "coordinates": [
          104.157612,
          30.689265
        ]
      },
      "properties": {
        "name": "蓝润·V客尚东",
        "category": "residential",
        "type": "商务住宅;住宅区;住宅小区",
        "district": "成华区",
        "weight": 1
      }
    },
    {
      "type": "Feature",
      "geometry": {
        "type": "Point",
        "coordinates": [
          104.157366,
          30.68484
        ]
      },
      "properties": {
        "name": "美立方",
        "category": "residential",
        "type": "商务住宅;住宅区;住宅小区",
        "district": "成华区",
        "weight": 2
      }
    },
    {
      "type": "Feature",
      "geometry": {
        "type": "Point",
        "coordinates": [
          104.178805,
          30.682218
        ]
      },
      "properties": {
        "name": "丛树新型社区",
        "category": "residential",
        "type": "商务住宅;住宅区;住宅小区",
        "district": "成华区",
        "weight": 1
      }
    },
    {
      "type": "Feature",
      "geometry": {
        "type": "Point",
        "coordinates": [
          104.182234,
          30.6864
        ]
      },
      "properties": {
        "name": "成都龙潭裕都C区",
        "category": "residential",
        "type": "商务住宅;住宅区;住宅小区",
        "district": "成华区",
        "weight": 1
      }
    },
    {
      "type": "Feature",
      "geometry": {
        "type": "Point",
        "coordinates": [
          103.965788,
          30.672497
        ]
      },
      "properties": {
        "name": "光华杏林",
        "category": "residential",
        "type": "商务住宅;住宅区;住宅小区",
        "district": "青羊区",
        "weight": 1
      }
    },
    {
      "type": "Feature",
      "geometry": {
        "type": "Point",
        "coordinates": [
          103.968661,
          30.670702
        ]
      },
      "properties": {
        "name": "国一·梦巢",
        "category": "residential",
        "type": "商务住宅;住宅区;住宅小区",
        "district": "青羊区",
        "weight": 2
      }
    },
    {
      "type": "Feature",
      "geometry": {
        "type": "Point",
        "coordinates": [
          103.971987,
          30.673102
        ]
      },
      "properties": {
        "name": "元益花园",
        "category": "residential",
        "type": "商务住宅;住宅区;住宅小区",
        "district": "青羊区",
        "weight": 1
      }
    },
    {
      "type": "Feature",
      "geometry": {
        "type": "Point",
        "coordinates": [
          103.968996,
          30.672842
        ]
      },
      "properties": {
        "name": "心灵家园",
        "category": "residential",
        "type": "商务住宅;住宅区;住宅小区",
        "district": "青羊区",
        "weight": 1
      }
    },
    {
      "type": "Feature",
      "geometry": {
        "type": "Point",
        "coordinates": [
          103.966726,
          30.677202
        ]
      },
      "properties": {
        "name": "长虹和悦府",
        "category": "residential",
        "type": "商务住宅;住宅区;住宅小区",
        "district": "青羊区",
        "weight": 1
      }
    },
    {
      "type": "Feature",
      "geometry": {
        "type": "Point",
        "coordinates": [
          103.972698,
          30.669932
        ]
      },
      "properties": {
        "name": "清溪雅筑",
        "category": "residential",
        "type": "商务住宅;住宅区;住宅小区",
        "district": "青羊区",
        "weight": 1
      }
    },
    {
      "type": "Feature",
      "geometry": {
        "type": "Point",
        "coordinates": [
          103.965796,
          30.673827
        ]
      },
      "properties": {
        "name": "金阳易诚国际",
        "category": "residential",
        "type": "商务住宅;住宅区;住宅小区",
        "district": "青羊区",
        "weight": 2
      }
    },
    {
      "type": "Feature",
      "geometry": {
        "type": "Point",
        "coordinates": [
          103.965913,
          30.675631
        ]
      },
      "properties": {
        "name": "荣盛·花语城",
        "category": "residential",
        "type": "商务住宅;住宅区;住宅小区",
        "district": "青羊区",
        "weight": 1
      }
    },
    {
      "type": "Feature",
      "geometry": {
        "type": "Point",
        "coordinates": [
          103.968051,
          30.679601
        ]
      },
      "properties": {
        "name": "清江美庐",
        "category": "residential",
        "type": "商务住宅;住宅区;住宅小区",
        "district": "青羊区",
        "weight": 1
      }
    },
    {
      "type": "Feature",
      "geometry": {
        "type": "Point",
        "coordinates": [
          103.977777,
          30.67513
        ]
      },
      "properties": {
        "name": "兴城融域",
        "category": "residential",
        "type": "商务住宅;住宅区;住宅小区",
        "district": "青羊区",
        "weight": 1
      }
    },
    {
      "type": "Feature",
      "geometry": {
        "type": "Point",
        "coordinates": [
          103.979853,
          30.675314
        ]
      },
      "properties": {
        "name": "兴城佳域",
        "category": "residential",
        "type": "商务住宅;住宅区;住宅小区",
        "district": "青羊区",
        "weight": 1
      }
    },
    {
      "type": "Feature",
      "geometry": {
        "type": "Point",
        "coordinates": [
          103.97819,
          30.672949
        ]
      },
      "properties": {
        "name": "中坝小区",
        "category": "residential",
        "type": "商务住宅;住宅区;住宅小区",
        "district": "青羊区",
        "weight": 1
      }
    },
    {
      "type": "Feature",
      "geometry": {
        "type": "Point",
        "coordinates": [
          103.981553,
          30.674
        ]
      },
      "properties": {
        "name": "中鹏花园",
        "category": "residential",
        "type": "商务住宅;住宅区;住宅区",
        "district": "青羊区",
        "weight": 3
      }
    },
    {
      "type": "Feature",
      "geometry": {
        "type": "Point",
        "coordinates": [
          103.976249,
          30.67291
        ]
      },
      "properties": {
        "name": "锦绣光华",
        "category": "residential",
        "type": "商务住宅;住宅区;住宅小区",
        "district": "青羊区",
        "weight": 1
      }
    },
    {
      "type": "Feature",
      "geometry": {
        "type": "Point",
        "coordinates": [
          103.975574,
          30.67491
        ]
      },
      "properties": {
        "name": "航天佳苑",
        "category": "residential",
        "type": "商务住宅;住宅区;住宅小区",
        "district": "青羊区",
        "weight": 1
      }
    },
    {
      "type": "Feature",
      "geometry": {
        "type": "Point",
        "coordinates": [
          103.978464,
          30.67142
        ]
      },
      "properties": {
        "name": "光华大道一段487号",
        "category": "residential",
        "type": "商务住宅;住宅区;住宅区",
        "district": "青羊区",
        "weight": 1
      }
    },
    {
      "type": "Feature",
      "geometry": {
        "type": "Point",
        "coordinates": [
          103.983787,
          30.674234
        ]
      },
      "properties": {
        "name": "河景花园",
        "category": "residential",
        "type": "商务住宅;住宅区;住宅区",
        "district": "青羊区",
        "weight": 2
      }
    },
    {
      "type": "Feature",
      "geometry": {
        "type": "Point",
        "coordinates": [
          103.979236,
          30.679376
        ]
      },
      "properties": {
        "name": "清水路苑一组团",
        "category": "residential",
        "type": "商务住宅;住宅区;住宅小区",
        "district": "青羊区",
        "weight": 1
      }
    },
    {
      "type": "Feature",
      "geometry": {
        "type": "Point",
        "coordinates": [
          103.975833,
          30.670498
        ]
      },
      "properties": {
        "name": "颐和京都",
        "category": "residential",
        "type": "商务住宅;住宅区;住宅小区",
        "district": "青羊区",
        "weight": 1
      }
    },
    {
      "type": "Feature",
      "geometry": {
        "type": "Point",
        "coordinates": [
          103.982878,
          30.678015
        ]
      },
      "properties": {
        "name": "精城水印阁",
        "category": "residential",
        "type": "商务住宅;住宅区;住宅小区",
        "district": "青羊区",
        "weight": 1
      }
    },
    {
      "type": "Feature",
      "geometry": {
        "type": "Point",
        "coordinates": [
          103.983774,
          30.670252
        ]
      },
      "properties": {
        "name": "玉园清水湾",
        "category": "residential",
        "type": "商务住宅;住宅区;住宅小区",
        "district": "青羊区",
        "weight": 2
      }
    },
    {
      "type": "Feature",
      "geometry": {
        "type": "Point",
        "coordinates": [
          103.988148,
          30.674508
        ]
      },
      "properties": {
        "name": "美丽朋城",
        "category": "residential",
        "type": "商务住宅;住宅区;住宅小区",
        "district": "青羊区",
        "weight": 1
      }
    },
    {
      "type": "Feature",
      "geometry": {
        "type": "Point",
        "coordinates": [
          103.989287,
          30.674112
        ]
      },
      "properties": {
        "name": "上城生活馆",
        "category": "residential",
        "type": "商务住宅;住宅区;住宅小区",
        "district": "青羊区",
        "weight": 1
      }
    },
    {
      "type": "Feature",
      "geometry": {
        "type": "Point",
        "coordinates": [
          103.989829,
          30.675608
        ]
      },
      "properties": {
        "name": "瑞通凯域",
        "category": "residential",
        "type": "商务住宅;住宅区;住宅小区",
        "district": "青羊区",
        "weight": 1
      }
    },
    {
      "type": "Feature",
      "geometry": {
        "type": "Point",
        "coordinates": [
          103.991078,
          30.674209
        ]
      },
      "properties": {
        "name": "贝森园",
        "category": "residential",
        "type": "商务住宅;住宅区;住宅小区",
        "district": "青羊区",
        "weight": 3
      }
    },
    {
      "type": "Feature",
      "geometry": {
        "type": "Point",
        "coordinates": [
          103.989387,
          30.673055
        ]
      },
      "properties": {
        "name": "铸信·境界1期",
        "category": "residential",
        "type": "商务住宅;住宅区;住宅小区",
        "district": "青羊区",
        "weight": 2
      }
    },
    {
      "type": "Feature",
      "geometry": {
        "type": "Point",
        "coordinates": [
          103.987526,
          30.672689
        ]
      },
      "properties": {
        "name": "青森小区",
        "category": "residential",
        "type": "商务住宅;住宅区;住宅小区",
        "district": "青羊区",
        "weight": 1
      }
    },
    {
      "type": "Feature",
      "geometry": {
        "type": "Point",
        "coordinates": [
          103.991316,
          30.675651
        ]
      },
      "properties": {
        "name": "玉双苑(四威北路)",
        "category": "residential",
        "type": "商务住宅;住宅区;住宅小区",
        "district": "青羊区",
        "weight": 1
      }
    },
    {
      "type": "Feature",
      "geometry": {
        "type": "Point",
        "coordinates": [
          103.989226,
          30.671848
        ]
      },
      "properties": {
        "name": "铸信境界",
        "category": "residential",
        "type": "商务住宅;住宅区;住宅小区",
        "district": "青羊区",
        "weight": 1
      }
    },
    {
      "type": "Feature",
      "geometry": {
        "type": "Point",
        "coordinates": [
          103.990812,
          30.672287
        ]
      },
      "properties": {
        "name": "蓝光Coco蜜城",
        "category": "residential",
        "type": "商务住宅;住宅区;住宅小区",
        "district": "青羊区",
        "weight": 1
      }
    },
    {
      "type": "Feature",
      "geometry": {
        "type": "Point",
        "coordinates": [
          103.992387,
          30.674746
        ]
      },
      "properties": {
        "name": "长顺苑",
        "category": "residential",
        "type": "商务住宅;住宅区;住宅小区",
        "district": "青羊区",
        "weight": 1
      }
    },
    {
      "type": "Feature",
      "geometry": {
        "type": "Point",
        "coordinates": [
          103.992402,
          30.673564
        ]
      },
      "properties": {
        "name": "西双苑",
        "category": "residential",
        "type": "商务住宅;住宅区;住宅小区",
        "district": "青羊区",
        "weight": 1
      }
    },
    {
      "type": "Feature",
      "geometry": {
        "type": "Point",
        "coordinates": [
          103.987491,
          30.67811
        ]
      },
      "properties": {
        "name": "新联·英伦金沙",
        "category": "residential",
        "type": "商务住宅;住宅区;住宅小区",
        "district": "青羊区",
        "weight": 1
      }
    },
    {
      "type": "Feature",
      "geometry": {
        "type": "Point",
        "coordinates": [
          103.99125,
          30.671001
        ]
      },
      "properties": {
        "name": "华明居",
        "category": "residential",
        "type": "商务住宅;住宅区;住宅小区",
        "district": "青羊区",
        "weight": 1
      }
    },
    {
      "type": "Feature",
      "geometry": {
        "type": "Point",
        "coordinates": [
          103.993496,
          30.675839
        ]
      },
      "properties": {
        "name": "乐摩筑",
        "category": "residential",
        "type": "商务住宅;住宅区;住宅小区",
        "district": "青羊区",
        "weight": 1
      }
    },
    {
      "type": "Feature",
      "geometry": {
        "type": "Point",
        "coordinates": [
          103.988836,
          30.669846
        ]
      },
      "properties": {
        "name": "朗基龙堂",
        "category": "residential",
        "type": "商务住宅;住宅区;住宅小区",
        "district": "青羊区",
        "weight": 1
      }
    },
    {
      "type": "Feature",
      "geometry": {
        "type": "Point",
        "coordinates": [
          103.985916,
          30.670075
        ]
      },
      "properties": {
        "name": "瑞联路249号院",
        "category": "residential",
        "type": "商务住宅;住宅区;住宅区",
        "district": "青羊区",
        "weight": 1
      }
    },
    {
      "type": "Feature",
      "geometry": {
        "type": "Point",
        "coordinates": [
          103.984885,
          30.678561
        ]
      },
      "properties": {
        "name": "东立清水河畔",
        "category": "residential",
        "type": "商务住宅;住宅区;住宅小区",
        "district": "青羊区",
        "weight": 1
      }
    },
    {
      "type": "Feature",
      "geometry": {
        "type": "Point",
        "coordinates": [
          103.986419,
          30.679474
        ]
      },
      "properties": {
        "name": "米兰香洲",
        "category": "residential",
        "type": "商务住宅;住宅区;住宅小区",
        "district": "青羊区",
        "weight": 1
      }
    },
    {
      "type": "Feature",
      "geometry": {
        "type": "Point",
        "coordinates": [
          103.99471,
          30.678134
        ]
      },
      "properties": {
        "name": "凯丽美域",
        "category": "residential",
        "type": "商务住宅;住宅区;住宅小区",
        "district": "青羊区",
        "weight": 4
      }
    },
    {
      "type": "Feature",
      "geometry": {
        "type": "Point",
        "coordinates": [
          103.999742,
          30.674859
        ]
      },
      "properties": {
        "name": "新阳光健康家园",
        "category": "residential",
        "type": "商务住宅;住宅区;住宅小区",
        "district": "青羊区",
        "weight": 1
      }
    },
    {
      "type": "Feature",
      "geometry": {
        "type": "Point",
        "coordinates": [
          103.997594,
          30.673142
        ]
      },
      "properties": {
        "name": "二十一世纪花园",
        "category": "residential",
        "type": "商务住宅;住宅区;住宅小区",
        "district": "青羊区",
        "weight": 1
      }
    },
    {
      "type": "Feature",
      "geometry": {
        "type": "Point",
        "coordinates": [
          104.001168,
          30.675298
        ]
      },
      "properties": {
        "name": "苏坡东路5号院",
        "category": "residential",
        "type": "商务住宅;住宅区;住宅小区",
        "district": "青羊区",
        "weight": 1
      }
    },
    {
      "type": "Feature",
      "geometry": {
        "type": "Point",
        "coordinates": [
          103.999598,
          30.671933
        ]
      },
      "properties": {
        "name": "百家苑(贝新巷)",
        "category": "residential",
        "type": "商务住宅;住宅区;住宅小区",
        "district": "青羊区",
        "weight": 1
      }
    },
    {
      "type": "Feature",
      "geometry": {
        "type": "Point",
        "coordinates": [
          103.995487,
          30.672408
        ]
      },
      "properties": {
        "name": "锦绣朋城",
        "category": "residential",
        "type": "商务住宅;住宅区;住宅小区",
        "district": "青羊区",
        "weight": 3
      }
    },
    {
      "type": "Feature",
      "geometry": {
        "type": "Point",
        "coordinates": [
          104.002325,
          30.674654
        ]
      },
      "properties": {
        "name": "大陆·紫云金沙",
        "category": "residential",
        "type": "商务住宅;住宅区;住宅小区",
        "district": "青羊区",
        "weight": 1
      }
    },
    {
      "type": "Feature",
      "geometry": {
        "type": "Point",
        "coordinates": [
          104.000993,
          30.671777
        ]
      },
      "properties": {
        "name": "贝森宜苑",
        "category": "residential",
        "type": "商务住宅;住宅区;住宅小区",
        "district": "青羊区",
        "weight": 1
      }
    },
    {
      "type": "Feature",
      "geometry": {
        "type": "Point",
        "coordinates": [
          103.997003,
          30.677722
        ]
      },
      "properties": {
        "name": "仁和金沙",
        "category": "residential",
        "type": "商务住宅;住宅区;住宅小区",
        "district": "青羊区",
        "weight": 1
      }
    },
    {
      "type": "Feature",
      "geometry": {
        "type": "Point",
        "coordinates": [
          104.002528,
          30.673059
        ]
      },
      "properties": {
        "name": "保利·贝森公馆",
        "category": "residential",
        "type": "商务住宅;住宅区;住宅小区",
        "district": "青羊区",
        "weight": 1
      }
    },
    {
      "type": "Feature",
      "geometry": {
        "type": "Point",
        "coordinates": [
          103.999839,
          30.678367
        ]
      },
      "properties": {
        "name": "华府金沙",
        "category": "residential",
        "type": "商务住宅;住宅区;住宅小区",
        "district": "青羊区",
        "weight": 1
      }
    },
    {
      "type": "Feature",
      "geometry": {
        "type": "Point",
        "coordinates": [
          104.00004,
          30.67079
        ]
      },
      "properties": {
        "name": "贝森兴园",
        "category": "residential",
        "type": "商务住宅;住宅区;住宅小区",
        "district": "青羊区",
        "weight": 1
      }
    },
    {
      "type": "Feature",
      "geometry": {
        "type": "Point",
        "coordinates": [
          104.001886,
          30.677436
        ]
      },
      "properties": {
        "name": "祥域",
        "category": "residential",
        "type": "商务住宅;住宅区;住宅小区",
        "district": "青羊区",
        "weight": 1
      }
    },
    {
      "type": "Feature",
      "geometry": {
        "type": "Point",
        "coordinates": [
          103.994155,
          30.67379
        ]
      },
      "properties": {
        "name": "双玺",
        "category": "residential",
        "type": "商务住宅;住宅区;住宅小区",
        "district": "青羊区",
        "weight": 1
      }
    },
    {
      "type": "Feature",
      "geometry": {
        "type": "Point",
        "coordinates": [
          104.00314,
          30.676656
        ]
      },
      "properties": {
        "name": "金牛区光荣小区",
        "category": "residential",
        "type": "商务住宅;住宅区;住宅小区",
        "district": "青羊区",
        "weight": 2
      }
    },
    {
      "type": "Feature",
      "geometry": {
        "type": "Point",
        "coordinates": [
          104.002217,
          30.671616
        ]
      },
      "properties": {
        "name": "金沙苑(贝森路)",
        "category": "residential",
        "type": "商务住宅;住宅区;住宅小区",
        "district": "青羊区",
        "weight": 1
      }
    },
    {
      "type": "Feature",
      "geometry": {
        "type": "Point",
        "coordinates": [
          103.99877,
          30.678874
        ]
      },
      "properties": {
        "name": "揽胜金沙",
        "category": "residential",
        "type": "商务住宅;住宅区;住宅小区",
        "district": "青羊区",
        "weight": 1
      }
    },
    {
      "type": "Feature",
      "geometry": {
        "type": "Point",
        "coordinates": [
          103.994505,
          30.672177
        ]
      },
      "properties": {
        "name": "皇冠花园",
        "category": "residential",
        "type": "商务住宅;住宅区;住宅小区",
        "district": "青羊区",
        "weight": 1
      }
    },
    {
      "type": "Feature",
      "geometry": {
        "type": "Point",
        "coordinates": [
          104.000658,
          30.669799
        ]
      },
      "properties": {
        "name": "海宁西苑",
        "category": "residential",
        "type": "商务住宅;住宅区;住宅小区",
        "district": "青羊区",
        "weight": 1
      }
    },
    {
      "type": "Feature",
      "geometry": {
        "type": "Point",
        "coordinates": [
          104.002012,
          30.678828
        ]
      },
      "properties": {
        "name": "听城",
        "category": "residential",
        "type": "商务住宅;住宅区;住宅小区",
        "district": "青羊区",
        "weight": 1
      }
    },
    {
      "type": "Feature",
      "geometry": {
        "type": "Point",
        "coordinates": [
          104.00318,
          30.678367
        ]
      },
      "properties": {
        "name": "金沙顺苑",
        "category": "residential",
        "type": "商务住宅;住宅区;住宅小区",
        "district": "青羊区",
        "weight": 1
      }
    },
    {
      "type": "Feature",
      "geometry": {
        "type": "Point",
        "coordinates": [
          104.009171,
          30.67378
        ]
      },
      "properties": {
        "name": "金沙春",
        "category": "residential",
        "type": "商务住宅;住宅区;住宅小区",
        "district": "青羊区",
        "weight": 2
      }
    },
    {
      "type": "Feature",
      "geometry": {
        "type": "Point",
        "coordinates": [
          104.008163,
          30.676017
        ]
      },
      "properties": {
        "name": "卧龙晓城(中环路青羊大道段)",
        "category": "residential",
        "type": "商务住宅;住宅区;住宅小区",
        "district": "青羊区",
        "weight": 2
      }
    },
    {
      "type": "Feature",
      "geometry": {
        "type": "Point",
        "coordinates": [
          104.010892,
          30.674824
        ]
      },
      "properties": {
        "name": "金沙蜜地",
        "category": "residential",
        "type": "商务住宅;住宅区;住宅小区",
        "district": "青羊区",
        "weight": 1
      }
    },
    {
      "type": "Feature",
      "geometry": {
        "type": "Point",
        "coordinates": [
          104.005558,
          30.674287
        ]
      },
      "properties": {
        "name": "金沙揽胜",
        "category": "residential",
        "type": "商务住宅;住宅区;住宅小区",
        "district": "青羊区",
        "weight": 1
      }
    },
    {
      "type": "Feature",
      "geometry": {
        "type": "Point",
        "coordinates": [
          104.012681,
          30.674883
        ]
      },
      "properties": {
        "name": "金沙岁月",
        "category": "residential",
        "type": "商务住宅;住宅区;住宅小区",
        "district": "青羊区",
        "weight": 5
      }
    },
    {
      "type": "Feature",
      "geometry": {
        "type": "Point",
        "coordinates": [
          104.011423,
          30.677272
        ]
      },
      "properties": {
        "name": "齐力花园",
        "category": "residential",
        "type": "商务住宅;住宅区;住宅小区",
        "district": "青羊区",
        "weight": 1
      }
    },
    {
      "type": "Feature",
      "geometry": {
        "type": "Point",
        "coordinates": [
          104.003921,
          30.674509
        ]
      },
      "properties": {
        "name": "香格里拉花园(清江中路)",
        "category": "residential",
        "type": "商务住宅;住宅区;住宅小区",
        "district": "青羊区",
        "weight": 1
      }
    },
    {
      "type": "Feature",
      "geometry": {
        "type": "Point",
        "coordinates": [
          104.005262,
          30.67152
        ]
      },
      "properties": {
        "name": "海棠月色",
        "category": "residential",
        "type": "商务住宅;住宅区;住宅小区",
        "district": "青羊区",
        "weight": 1
      }
    },
    {
      "type": "Feature",
      "geometry": {
        "type": "Point",
        "coordinates": [
          104.007497,
          30.678667
        ]
      },
      "properties": {
        "name": "金沙园",
        "category": "residential",
        "type": "商务住宅;住宅区;住宅区",
        "district": "青羊区",
        "weight": 1
      }
    },
    {
      "type": "Feature",
      "geometry": {
        "type": "Point",
        "coordinates": [
          104.007943,
          30.669883
        ]
      },
      "properties": {
        "name": "光华馨地",
        "category": "residential",
        "type": "商务住宅;住宅区;住宅小区",
        "district": "青羊区",
        "weight": 1
      }
    },
    {
      "type": "Feature",
      "geometry": {
        "type": "Point",
        "coordinates": [
          104.004077,
          30.677549
        ]
      },
      "properties": {
        "name": "华府·双楠(金凤路)",
        "category": "residential",
        "type": "商务住宅;住宅区;住宅小区",
        "district": "青羊区",
        "weight": 1
      }
    },
    {
      "type": "Feature",
      "geometry": {
        "type": "Point",
        "coordinates": [
          104.005771,
          30.679529
        ]
      },
      "properties": {
        "name": "晴朗居",
        "category": "residential",
        "type": "商务住宅;住宅区;住宅小区",
        "district": "青羊区",
        "weight": 1
      }
    },
    {
      "type": "Feature",
      "geometry": {
        "type": "Point",
        "coordinates": [
          104.013441,
          30.67885
        ]
      },
      "properties": {
        "name": "锦花苑(锦翠南路)",
        "category": "residential",
        "type": "商务住宅;住宅区;住宅小区",
        "district": "青羊区",
        "weight": 1
      }
    },
    {
      "type": "Feature",
      "geometry": {
        "type": "Point",
        "coordinates": [
          104.004209,
          30.669842
        ]
      },
      "properties": {
        "name": "博瑞·都市花园",
        "category": "residential",
        "type": "商务住宅;住宅区;住宅小区",
        "district": "青羊区",
        "weight": 1
      }
    },
    {
      "type": "Feature",
      "geometry": {
        "type": "Point",
        "coordinates": [
          104.019362,
          30.673651
        ]
      },
      "properties": {
        "name": "建川商寓",
        "category": "residential",
        "type": "商务住宅;住宅区;住宅小区",
        "district": "青羊区",
        "weight": 6
      }
    },
    {
      "type": "Feature",
      "geometry": {
        "type": "Point",
        "coordinates": [
          104.016594,
          30.674405
        ]
      },
      "properties": {
        "name": "凯乐碧园",
        "category": "residential",
        "type": "商务住宅;住宅区;住宅小区",
        "district": "青羊区",
        "weight": 7
      }
    },
    {
      "type": "Feature",
      "geometry": {
        "type": "Point",
        "coordinates": [
          104.018496,
          30.677115
        ]
      },
      "properties": {
        "name": "凌熹苑",
        "category": "residential",
        "type": "商务住宅;住宅区;住宅小区",
        "district": "青羊区",
        "weight": 6
      }
    },
    {
      "type": "Feature",
      "geometry": {
        "type": "Point",
        "coordinates": [
          104.020448,
          30.67598
        ]
      },
      "properties": {
        "name": "罗家碾街157号院",
        "category": "residential",
        "type": "商务住宅;住宅区;住宅小区",
        "district": "青羊区",
        "weight": 2
      }
    },
    {
      "type": "Feature",
      "geometry": {
        "type": "Point",
        "coordinates": [
          104.015996,
          30.676306
        ]
      },
      "properties": {
        "name": "财经商住楼",
        "category": "residential",
        "type": "商务住宅;住宅区;住宅区",
        "district": "青羊区",
        "weight": 3
      }
    },
    {
      "type": "Feature",
      "geometry": {
        "type": "Point",
        "coordinates": [
          104.024056,
          30.676627
        ]
      },
      "properties": {
        "name": "文德苑",
        "category": "residential",
        "type": "商务住宅;住宅区;住宅小区",
        "district": "青羊区",
        "weight": 44
      }
    },
    {
      "type": "Feature",
      "geometry": {
        "type": "Point",
        "coordinates": [
          104.02106,
          30.67712
        ]
      },
      "properties": {
        "name": "西城家园(二环路西二段)",
        "category": "residential",
        "type": "商务住宅;住宅区;住宅小区",
        "district": "青羊区",
        "weight": 1
      }
    },
    {
      "type": "Feature",
      "geometry": {
        "type": "Point",
        "coordinates": [
          104.024116,
          30.670667
        ]
      },
      "properties": {
        "name": "蓝苑",
        "category": "residential",
        "type": "商务住宅;住宅区;住宅小区",
        "district": "青羊区",
        "weight": 37
      }
    },
    {
      "type": "Feature",
      "geometry": {
        "type": "Point",
        "coordinates": [
          104.014866,
          30.67657
        ]
      },
      "properties": {
        "name": "百草园",
        "category": "residential",
        "type": "商务住宅;住宅区;住宅小区",
        "district": "青羊区",
        "weight": 1
      }
    },
    {
      "type": "Feature",
      "geometry": {
        "type": "Point",
        "coordinates": [
          104.017312,
          30.670051
        ]
      },
      "properties": {
        "name": "群益路9号院",
        "category": "residential",
        "type": "商务住宅;住宅区;住宅小区",
        "district": "青羊区",
        "weight": 8
      }
    },
    {
      "type": "Feature",
      "geometry": {
        "type": "Point",
        "coordinates": [
          104.016868,
          30.678238
        ]
      },
      "properties": {
        "name": "锦欣苑",
        "category": "residential",
        "type": "商务住宅;住宅区;住宅小区",
        "district": "青羊区",
        "weight": 1
      }
    },
    {
      "type": "Feature",
      "geometry": {
        "type": "Point",
        "coordinates": [
          104.013894,
          30.67533
        ]
      },
      "properties": {
        "name": "嘉逸花园",
        "category": "residential",
        "type": "商务住宅;住宅区;住宅小区",
        "district": "青羊区",
        "weight": 1
      }
    },
    {
      "type": "Feature",
      "geometry": {
        "type": "Point",
        "coordinates": [
          104.019999,
          30.678956
        ]
      },
      "properties": {
        "name": "攀钢苑",
        "category": "residential",
        "type": "商务住宅;住宅区;住宅小区",
        "district": "青羊区",
        "weight": 2
      }
    },
    {
      "type": "Feature",
      "geometry": {
        "type": "Point",
        "coordinates": [
          104.015045,
          30.678375
        ]
      },
      "properties": {
        "name": "锦卉苑",
        "category": "residential",
        "type": "商务住宅;住宅区;住宅小区",
        "district": "青羊区",
        "weight": 1
      }
    },
    {
      "type": "Feature",
      "geometry": {
        "type": "Point",
        "coordinates": [
          104.029345,
          30.675681
        ]
      },
      "properties": {
        "name": "西雅苑",
        "category": "residential",
        "type": "商务住宅;住宅区;住宅小区",
        "district": "青羊区",
        "weight": 60
      }
    },
    {
      "type": "Feature",
      "geometry": {
        "type": "Point",
        "coordinates": [
          104.025484,
          30.674385
        ]
      },
      "properties": {
        "name": "南风苑",
        "category": "residential",
        "type": "商务住宅;住宅区;住宅小区",
        "district": "青羊区",
        "weight": 4
      }
    },
    {
      "type": "Feature",
      "geometry": {
        "type": "Point",
        "coordinates": [
          104.026622,
          30.673201
        ]
      },
      "properties": {
        "name": "民航一园",
        "category": "residential",
        "type": "商务住宅;住宅区;住宅小区",
        "district": "青羊区",
        "weight": 1
      }
    },
    {
      "type": "Feature",
      "geometry": {
        "type": "Point",
        "coordinates": [
          104.033913,
          30.675279
        ]
      },
      "properties": {
        "name": "川西庭院",
        "category": "residential",
        "type": "商务住宅;住宅区;住宅小区",
        "district": "金牛区",
        "weight": 48
      }
    },
    {
      "type": "Feature",
      "geometry": {
        "type": "Point",
        "coordinates": [
          104.031001,
          30.671799
        ]
      },
      "properties": {
        "name": "富临·清江雅居",
        "category": "residential",
        "type": "商务住宅;住宅区;住宅小区",
        "district": "青羊区",
        "weight": 1
      }
    },
    {
      "type": "Feature",
      "geometry": {
        "type": "Point",
        "coordinates": [
          104.026544,
          30.670851
        ]
      },
      "properties": {
        "name": "草堂铭城",
        "category": "residential",
        "type": "商务住宅;住宅区;住宅小区",
        "district": "青羊区",
        "weight": 1
      }
    },
    {
      "type": "Feature",
      "geometry": {
        "type": "Point",
        "coordinates": [
          104.031298,
          30.678612
        ]
      },
      "properties": {
        "name": "北果林小区",
        "category": "residential",
        "type": "商务住宅;住宅区;住宅小区",
        "district": "金牛区",
        "weight": 6
      }
    },
    {
      "type": "Feature",
      "geometry": {
        "type": "Point",
        "coordinates": [
          104.031894,
          30.670796
        ]
      },
      "properties": {
        "name": "清江雅居2期",
        "category": "residential",
        "type": "商务住宅;住宅区;住宅区",
        "district": "青羊区",
        "weight": 2
      }
    },
    {
      "type": "Feature",
      "geometry": {
        "type": "Point",
        "coordinates": [
          104.033771,
          30.672591
        ]
      },
      "properties": {
        "name": "杏苑公寓",
        "category": "residential",
        "type": "商务住宅;住宅区;住宅小区",
        "district": "金牛区",
        "weight": 3
      }
    },
    {
      "type": "Feature",
      "geometry": {
        "type": "Point",
        "coordinates": [
          104.031076,
          30.670164
        ]
      },
      "properties": {
        "name": "清江东路31号院",
        "category": "residential",
        "type": "商务住宅;住宅区;住宅区",
        "district": "青羊区",
        "weight": 1
      }
    },
    {
      "type": "Feature",
      "geometry": {
        "type": "Point",
        "coordinates": [
          104.038416,
          30.673589
        ]
      },
      "properties": {
        "name": "北路小区",
        "category": "residential",
        "type": "商务住宅;住宅区;住宅小区",
        "district": "金牛区",
        "weight": 5
      }
    },
    {
      "type": "Feature",
      "geometry": {
        "type": "Point",
        "coordinates": [
          104.039817,
          30.675175
        ]
      },
      "properties": {
        "name": "青羊西路二号院",
        "category": "residential",
        "type": "商务住宅;住宅区;住宅小区",
        "district": "金牛区",
        "weight": 1
      }
    },
    {
      "type": "Feature",
      "geometry": {
        "type": "Point",
        "coordinates": [
          104.040956,
          30.674072
        ]
      },
      "properties": {
        "name": "青羊东二路78号院",
        "category": "residential",
        "type": "商务住宅;住宅区;住宅小区",
        "district": "金牛区",
        "weight": 1
      }
    },
    {
      "type": "Feature",
      "geometry": {
        "type": "Point",
        "coordinates": [
          104.036902,
          30.671978
        ]
      },
      "properties": {
        "name": "百寿路2号院落",
        "category": "residential",
        "type": "商务住宅;住宅区;住宅小区",
        "district": "金牛区",
        "weight": 5
      }
    },
    {
      "type": "Feature",
      "geometry": {
        "type": "Point",
        "coordinates": [
          104.039235,
          30.671506
        ]
      },
      "properties": {
        "name": "一环路西三段8号院",
        "category": "residential",
        "type": "商务住宅;住宅区;住宅小区",
        "district": "金牛区",
        "weight": 4
      }
    },
    {
      "type": "Feature",
      "geometry": {
        "type": "Point",
        "coordinates": [
          104.03538,
          30.673047
        ]
      },
      "properties": {
        "name": "白果岭小区",
        "category": "residential",
        "type": "商务住宅;住宅区;住宅小区",
        "district": "金牛区",
        "weight": 2
      }
    },
    {
      "type": "Feature",
      "geometry": {
        "type": "Point",
        "coordinates": [
          104.041375,
          30.671822
        ]
      },
      "properties": {
        "name": "西安路枣子巷社区",
        "category": "residential",
        "type": "商务住宅;住宅区;住宅小区",
        "district": "金牛区",
        "weight": 4
      }
    },
    {
      "type": "Feature",
      "geometry": {
        "type": "Point",
        "coordinates": [
          104.036314,
          30.677768
        ]
      },
      "properties": {
        "name": "金牛社区(抚琴西南路)",
        "category": "residential",
        "type": "商务住宅;住宅区;住宅小区",
        "district": "金牛区",
        "weight": 2
      }
    },
    {
      "type": "Feature",
      "geometry": {
        "type": "Point",
        "coordinates": [
          104.03506,
          30.671983
        ]
      },
      "properties": {
        "name": "西安路街道白果林社区",
        "category": "residential",
        "type": "商务住宅;住宅区;住宅小区",
        "district": "金牛区",
        "weight": 1
      }
    },
    {
      "type": "Feature",
      "geometry": {
        "type": "Point",
        "coordinates": [
          104.042541,
          30.671891
        ]
      },
      "properties": {
        "name": "枣子巷45号",
        "category": "residential",
        "type": "商务住宅;住宅区;住宅小区",
        "district": "金牛区",
        "weight": 1
      }
    },
    {
      "type": "Feature",
      "geometry": {
        "type": "Point",
        "coordinates": [
          104.042092,
          30.670889
        ]
      },
      "properties": {
        "name": "枣子巷47号院",
        "category": "residential",
        "type": "商务住宅;住宅区;住宅小区",
        "district": "金牛区",
        "weight": 1
      }
    },
    {
      "type": "Feature",
      "geometry": {
        "type": "Point",
        "coordinates": [
          104.035022,
          30.678527
        ]
      },
      "properties": {
        "name": "抚琴西南路12号院",
        "category": "residential",
        "type": "商务住宅;住宅区;住宅小区",
        "district": "金牛区",
        "weight": 1
      }
    },
    {
      "type": "Feature",
      "geometry": {
        "type": "Point",
        "coordinates": [
          104.034146,
          30.670794
        ]
      },
      "properties": {
        "name": "清江花园(清江东路)",
        "category": "residential",
        "type": "商务住宅;住宅区;住宅小区",
        "district": "青羊区",
        "weight": 1
      }
    },
    {
      "type": "Feature",
      "geometry": {
        "type": "Point",
        "coordinates": [
          104.043104,
          30.678398
        ]
      },
      "properties": {
        "name": "憩园公寓",
        "category": "residential",
        "type": "商务住宅;住宅区;住宅小区",
        "district": "金牛区",
        "weight": 1
      }
    },
    {
      "type": "Feature",
      "geometry": {
        "type": "Point",
        "coordinates": [
          104.047108,
          30.673551
        ]
      },
      "properties": {
        "name": "康瑞苑(槐树街)",
        "category": "residential",
        "type": "商务住宅;住宅区;住宅小区",
        "district": "金牛区",
        "weight": 1
      }
    },
    {
      "type": "Feature",
      "geometry": {
        "type": "Point",
        "coordinates": [
          104.046763,
          30.677235
        ]
      },
      "properties": {
        "name": "锦城世家8号公馆",
        "category": "residential",
        "type": "商务住宅;住宅区;住宅区",
        "district": "金牛区",
        "weight": 1
      }
    },
    {
      "type": "Feature",
      "geometry": {
        "type": "Point",
        "coordinates": [
          104.044761,
          30.668345
        ]
      },
      "properties": {
        "name": "华安府",
        "category": "residential",
        "type": "商务住宅;住宅区;住宅小区",
        "district": "金牛区",
        "weight": 22
      }
    },
    {
      "type": "Feature",
      "geometry": {
        "type": "Point",
        "coordinates": [
          104.046181,
          30.678304
        ]
      },
      "properties": {
        "name": "锦城世家",
        "category": "residential",
        "type": "商务住宅;住宅区;住宅小区",
        "district": "金牛区",
        "weight": 1
      }
    },
    {
      "type": "Feature",
      "geometry": {
        "type": "Point",
        "coordinates": [
          104.044127,
          30.671254
        ]
      },
      "properties": {
        "name": "少城雅居",
        "category": "residential",
        "type": "商务住宅;住宅区;住宅小区",
        "district": "金牛区",
        "weight": 2
      }
    },
    {
      "type": "Feature",
      "geometry": {
        "type": "Point",
        "coordinates": [
          104.044182,
          30.678932
        ]
      },
      "properties": {
        "name": "成都电子高专教师电梯公寓",
        "category": "residential",
        "type": "商务住宅;住宅区;住宅小区",
        "district": "金牛区",
        "weight": 1
      }
    },
    {
      "type": "Feature",
      "geometry": {
        "type": "Point",
        "coordinates": [
          104.059586,
          30.674348
        ]
      },
      "properties": {
        "name": "守经街6号院",
        "category": "residential",
        "type": "商务住宅;住宅区;住宅区",
        "district": "青羊区",
        "weight": 2
      }
    },
    {
      "type": "Feature",
      "geometry": {
        "type": "Point",
        "coordinates": [
          104.057284,
          30.673592
        ]
      },
      "properties": {
        "name": "万通花生猫",
        "category": "residential",
        "type": "商务住宅;住宅区;住宅区",
        "district": "青羊区",
        "weight": 2
      }
    },
    {
      "type": "Feature",
      "geometry": {
        "type": "Point",
        "coordinates": [
          104.057986,
          30.675503
        ]
      },
      "properties": {
        "name": "万和路小区",
        "category": "residential",
        "type": "商务住宅;住宅区;住宅小区",
        "district": "青羊区",
        "weight": 1
      }
    },
    {
      "type": "Feature",
      "geometry": {
        "type": "Point",
        "coordinates": [
          104.058711,
          30.672582
        ]
      },
      "properties": {
        "name": "横东城根街4号院",
        "category": "residential",
        "type": "商务住宅;住宅区;住宅小区",
        "district": "青羊区",
        "weight": 4
      }
    },
    {
      "type": "Feature",
      "geometry": {
        "type": "Point",
        "coordinates": [
          104.056677,
          30.676343
        ]
      },
      "properties": {
        "name": "锦程丽都",
        "category": "residential",
        "type": "商务住宅;住宅区;住宅小区",
        "district": "青羊区",
        "weight": 7
      }
    },
    {
      "type": "Feature",
      "geometry": {
        "type": "Point",
        "coordinates": [
          104.061735,
          30.674351
        ]
      },
      "properties": {
        "name": "王家塘",
        "category": "residential",
        "type": "商务住宅;住宅区;住宅区",
        "district": "青羊区",
        "weight": 10
      }
    },
    {
      "type": "Feature",
      "geometry": {
        "type": "Point",
        "coordinates": [
          104.058499,
          30.677434
        ]
      },
      "properties": {
        "name": "灯笼街小区",
        "category": "residential",
        "type": "商务住宅;住宅区;住宅小区",
        "district": "青羊区",
        "weight": 6
      }
    },
    {
      "type": "Feature",
      "geometry": {
        "type": "Point",
        "coordinates": [
          104.0613,
          30.672497
        ]
      },
      "properties": {
        "name": "青龙街小区",
        "category": "residential",
        "type": "商务住宅;住宅区;住宅小区",
        "district": "青羊区",
        "weight": 2
      }
    },
    {
      "type": "Feature",
      "geometry": {
        "type": "Point",
        "coordinates": [
          104.055305,
          30.674552
        ]
      },
      "properties": {
        "name": "金色夏威夷B座",
        "category": "residential",
        "type": "商务住宅;住宅区;住宅小区",
        "district": "青羊区",
        "weight": 1
      }
    },
    {
      "type": "Feature",
      "geometry": {
        "type": "Point",
        "coordinates": [
          104.061043,
          30.676173
        ]
      },
      "properties": {
        "name": "王家塘巷9号院",
        "category": "residential",
        "type": "商务住宅;住宅区;住宅小区",
        "district": "青羊区",
        "weight": 1
      }
    },
    {
      "type": "Feature",
      "geometry": {
        "type": "Point",
        "coordinates": [
          104.065911,
          30.671851
        ]
      },
      "properties": {
        "name": "曙馨苑",
        "category": "residential",
        "type": "商务住宅;住宅区;住宅小区",
        "district": "青羊区",
        "weight": 40
      }
    },
    {
      "type": "Feature",
      "geometry": {
        "type": "Point",
        "coordinates": [
          104.062184,
          30.671538
        ]
      },
      "properties": {
        "name": "罗马国际",
        "category": "residential",
        "type": "商务住宅;住宅区;住宅小区",
        "district": "青羊区",
        "weight": 1
      }
    },
    {
      "type": "Feature",
      "geometry": {
        "type": "Point",
        "coordinates": [
          104.068074,
          30.675282
        ]
      },
      "properties": {
        "name": "金欣苑",
        "category": "residential",
        "type": "商务住宅;住宅区;住宅小区",
        "district": "青羊区",
        "weight": 6
      }
    },
    {
      "type": "Feature",
      "geometry": {
        "type": "Point",
        "coordinates": [
          104.071263,
          30.674101
        ]
      },
      "properties": {
        "name": "长盛苑",
        "category": "residential",
        "type": "商务住宅;住宅区;住宅小区",
        "district": "青羊区",
        "weight": 7
      }
    },
    {
      "type": "Feature",
      "geometry": {
        "type": "Point",
        "coordinates": [
          104.066585,
          30.674247
        ]
      },
      "properties": {
        "name": "文武路小区",
        "category": "residential",
        "type": "商务住宅;住宅区;住宅小区",
        "district": "青羊区",
        "weight": 1
      }
    },
    {
      "type": "Feature",
      "geometry": {
        "type": "Point",
        "coordinates": [
          104.069276,
          30.672075
        ]
      },
      "properties": {
        "name": "北打铜街4号院",
        "category": "residential",
        "type": "商务住宅;住宅区;住宅区",
        "district": "青羊区",
        "weight": 4
      }
    },
    {
      "type": "Feature",
      "geometry": {
        "type": "Point",
        "coordinates": [
          104.064915,
          30.675952
        ]
      },
      "properties": {
        "name": "洛阳路1号院",
        "category": "residential",
        "type": "商务住宅;住宅区;住宅小区",
        "district": "青羊区",
        "weight": 4
      }
    },
    {
      "type": "Feature",
      "geometry": {
        "type": "Point",
        "coordinates": [
          104.066509,
          30.677541
        ]
      },
      "properties": {
        "name": "洛阳路138号院",
        "category": "residential",
        "type": "商务住宅;住宅区;住宅小区",
        "district": "青羊区",
        "weight": 9
      }
    },
    {
      "type": "Feature",
      "geometry": {
        "type": "Point",
        "coordinates": [
          104.069703,
          30.670695
        ]
      },
      "properties": {
        "name": "东打铜街30号院",
        "category": "residential",
        "type": "商务住宅;住宅区;住宅小区",
        "district": "青羊区",
        "weight": 3
      }
    },
    {
      "type": "Feature",
      "geometry": {
        "type": "Point",
        "coordinates": [
          104.072728,
          30.676125
        ]
      },
      "properties": {
        "name": "福珠苑",
        "category": "residential",
        "type": "商务住宅;住宅区;住宅小区",
        "district": "青羊区",
        "weight": 2
      }
    },
    {
      "type": "Feature",
      "geometry": {
        "type": "Point",
        "coordinates": [
          104.074722,
          30.67109
        ]
      },
      "properties": {
        "name": "五金苑",
        "category": "residential",
        "type": "商务住宅;住宅区;住宅小区",
        "district": "青羊区",
        "weight": 61
      }
    },
    {
      "type": "Feature",
      "geometry": {
        "type": "Point",
        "coordinates": [
          104.073427,
          30.678006
        ]
      },
      "properties": {
        "name": "府河公馆",
        "category": "residential",
        "type": "商务住宅;住宅区;住宅小区",
        "district": "青羊区",
        "weight": 3
      }
    },
    {
      "type": "Feature",
      "geometry": {
        "type": "Point",
        "coordinates": [
          104.078043,
          30.675267
        ]
      },
      "properties": {
        "name": "正好花园",
        "category": "residential",
        "type": "商务住宅;住宅区;住宅小区",
        "district": "青羊区",
        "weight": 8
      }
    },
    {
      "type": "Feature",
      "geometry": {
        "type": "Point",
        "coordinates": [
          104.075789,
          30.674916
        ]
      },
      "properties": {
        "name": "卫民巷19号院",
        "category": "residential",
        "type": "商务住宅;住宅区;住宅小区",
        "district": "青羊区",
        "weight": 6
      }
    },
    {
      "type": "Feature",
      "geometry": {
        "type": "Point",
        "coordinates": [
          104.082339,
          30.666902
        ]
      },
      "properties": {
        "name": "缤舍",
        "category": "residential",
        "type": "商务住宅;住宅区;住宅小区",
        "district": "锦江区",
        "weight": 241
      }
    },
    {
      "type": "Feature",
      "geometry": {
        "type": "Point",
        "coordinates": [
          104.081148,
          30.676806
        ]
      },
      "properties": {
        "name": "工人村",
        "category": "residential",
        "type": "商务住宅;住宅区;住宅区",
        "district": "金牛区",
        "weight": 11
      }
    },
    {
      "type": "Feature",
      "geometry": {
        "type": "Point",
        "coordinates": [
          104.078438,
          30.67759
        ]
      },
      "properties": {
        "name": "星辉中路20号小区",
        "category": "residential",
        "type": "商务住宅;住宅区;住宅小区",
        "district": "金牛区",
        "weight": 2
      }
    },
    {
      "type": "Feature",
      "geometry": {
        "type": "Point",
        "coordinates": [
          104.075442,
          30.67677
        ]
      },
      "properties": {
        "name": "北斗星花园",
        "category": "residential",
        "type": "商务住宅;住宅区;住宅小区",
        "district": "青羊区",
        "weight": 3
      }
    },
    {
      "type": "Feature",
      "geometry": {
        "type": "Point",
        "coordinates": [
          104.080345,
          30.677521
        ]
      },
      "properties": {
        "name": "外曹家巷4号",
        "category": "residential",
        "type": "商务住宅;住宅区;住宅区",
        "district": "金牛区",
        "weight": 1
      }
    },
    {
      "type": "Feature",
      "geometry": {
        "type": "Point",
        "coordinates": [
          104.073616,
          30.674295
        ]
      },
      "properties": {
        "name": "新锦江·时代锋尚",
        "category": "residential",
        "type": "商务住宅;住宅区;住宅小区",
        "district": "青羊区",
        "weight": 1
      }
    },
    {
      "type": "Feature",
      "geometry": {
        "type": "Point",
        "coordinates": [
          104.084046,
          30.675568
        ]
      },
      "properties": {
        "name": "锦江岸",
        "category": "residential",
        "type": "商务住宅;住宅区;住宅小区",
        "district": "金牛区",
        "weight": 4
      }
    },
    {
      "type": "Feature",
      "geometry": {
        "type": "Point",
        "coordinates": [
          104.07594,
          30.678944
        ]
      },
      "properties": {
        "name": "河边住宅区",
        "category": "residential",
        "type": "商务住宅;住宅区;住宅小区",
        "district": "金牛区",
        "weight": 2
      }
    },
    {
      "type": "Feature",
      "geometry": {
        "type": "Point",
        "coordinates": [
          104.07484,
          30.678154
        ]
      },
      "properties": {
        "name": "上河居公寓",
        "category": "residential",
        "type": "商务住宅;住宅区;住宅小区",
        "district": "青羊区",
        "weight": 1
      }
    },
    {
      "type": "Feature",
      "geometry": {
        "type": "Point",
        "coordinates": [
          104.088745,
          30.674947
        ]
      },
      "properties": {
        "name": "石油嘉苑",
        "category": "residential",
        "type": "商务住宅;住宅区;住宅区",
        "district": "金牛区",
        "weight": 1
      }
    },
    {
      "type": "Feature",
      "geometry": {
        "type": "Point",
        "coordinates": [
          104.086833,
          30.673313
        ]
      },
      "properties": {
        "name": "府河苑",
        "category": "residential",
        "type": "商务住宅;住宅区;住宅小区",
        "district": "金牛区",
        "weight": 3
      }
    },
    {
      "type": "Feature",
      "geometry": {
        "type": "Point",
        "coordinates": [
          104.09025,
          30.675723
        ]
      },
      "properties": {
        "name": "家益锦华苑",
        "category": "residential",
        "type": "商务住宅;住宅区;住宅小区",
        "district": "成华区",
        "weight": 3
      }
    },
    {
      "type": "Feature",
      "geometry": {
        "type": "Point",
        "coordinates": [
          104.091933,
          30.674343
        ]
      },
      "properties": {
        "name": "石油社区",
        "category": "residential",
        "type": "商务住宅;住宅区;住宅小区",
        "district": "成华区",
        "weight": 1
      }
    },
    {
      "type": "Feature",
      "geometry": {
        "type": "Point",
        "coordinates": [
          104.09026,
          30.677148
        ]
      },
      "properties": {
        "name": "府青路一段34号",
        "category": "residential",
        "type": "商务住宅;住宅区;住宅小区",
        "district": "金牛区",
        "weight": 1
      }
    },
    {
      "type": "Feature",
      "geometry": {
        "type": "Point",
        "coordinates": [
          104.092595,
          30.675407
        ]
      },
      "properties": {
        "name": "嘉通云尚",
        "category": "residential",
        "type": "商务住宅;住宅区;住宅小区",
        "district": "成华区",
        "weight": 3
      }
    },
    {
      "type": "Feature",
      "geometry": {
        "type": "Point",
        "coordinates": [
          104.086362,
          30.67144
        ]
      },
      "properties": {
        "name": "水岸丽舍",
        "category": "residential",
        "type": "商务住宅;住宅区;住宅小区",
        "district": "青羊区",
        "weight": 2
      }
    },
    {
      "type": "Feature",
      "geometry": {
        "type": "Point",
        "coordinates": [
          104.086208,
          30.677864
        ]
      },
      "properties": {
        "name": "粽香苑",
        "category": "residential",
        "type": "商务住宅;住宅区;住宅小区",
        "district": "金牛区",
        "weight": 5
      }
    },
    {
      "type": "Feature",
      "geometry": {
        "type": "Point",
        "coordinates": [
          104.091706,
          30.671691
        ]
      },
      "properties": {
        "name": "世茂·玉锦湾",
        "category": "residential",
        "type": "商务住宅;住宅区;住宅小区",
        "district": "成华区",
        "weight": 1
      }
    },
    {
      "type": "Feature",
      "geometry": {
        "type": "Point",
        "coordinates": [
          104.091781,
          30.677319
        ]
      },
      "properties": {
        "name": "石油苑",
        "category": "residential",
        "type": "商务住宅;住宅区;住宅小区",
        "district": "成华区",
        "weight": 3
      }
    },
    {
      "type": "Feature",
      "geometry": {
        "type": "Point",
        "coordinates": [
          104.093204,
          30.673547
        ]
      },
      "properties": {
        "name": "猛追湾一队",
        "category": "residential",
        "type": "商务住宅;住宅区;住宅小区",
        "district": "成华区",
        "weight": 1
      }
    },
    {
      "type": "Feature",
      "geometry": {
        "type": "Point",
        "coordinates": [
          104.088494,
          30.67903
        ]
      },
      "properties": {
        "name": "梦华苑",
        "category": "residential",
        "type": "商务住宅;住宅区;住宅小区",
        "district": "金牛区",
        "weight": 2
      }
    },
    {
      "type": "Feature",
      "geometry": {
        "type": "Point",
        "coordinates": [
          104.08659,
          30.679235
        ]
      },
      "properties": {
        "name": "华兴苑",
        "category": "residential",
        "type": "商务住宅;住宅区;住宅小区",
        "district": "金牛区",
        "weight": 1
      }
    },
    {
      "type": "Feature",
      "geometry": {
        "type": "Point",
        "coordinates": [
          104.098982,
          30.67451
        ]
      },
      "properties": {
        "name": "太阳公元(建设中路)",
        "category": "residential",
        "type": "商务住宅;住宅区;住宅小区",
        "district": "成华区",
        "weight": 1
      }
    },
    {
      "type": "Feature",
      "geometry": {
        "type": "Point",
        "coordinates": [
          104.098765,
          30.672985
        ]
      },
      "properties": {
        "name": "国光大院",
        "category": "residential",
        "type": "商务住宅;住宅区;住宅小区",
        "district": "成华区",
        "weight": 5
      }
    },
    {
      "type": "Feature",
      "geometry": {
        "type": "Point",
        "coordinates": [
          104.100413,
          30.674019
        ]
      },
      "properties": {
        "name": "甲壳特区",
        "category": "residential",
        "type": "商务住宅;住宅区;住宅小区",
        "district": "成华区",
        "weight": 3
      }
    },
    {
      "type": "Feature",
      "geometry": {
        "type": "Point",
        "coordinates": [
          104.098977,
          30.671893
        ]
      },
      "properties": {
        "name": "建设路46号院",
        "category": "residential",
        "type": "商务住宅;住宅区;住宅区",
        "district": "成华区",
        "weight": 1
      }
    },
    {
      "type": "Feature",
      "geometry": {
        "type": "Point",
        "coordinates": [
          104.095028,
          30.673156
        ]
      },
      "properties": {
        "name": "新兴社区(建设北路一段)",
        "category": "residential",
        "type": "商务住宅;住宅区;住宅小区",
        "district": "成华区",
        "weight": 1
      }
    },
    {
      "type": "Feature",
      "geometry": {
        "type": "Point",
        "coordinates": [
          104.098021,
          30.67106
        ]
      },
      "properties": {
        "name": "建设路永年村",
        "category": "residential",
        "type": "商务住宅;住宅区;住宅小区",
        "district": "成华区",
        "weight": 1
      }
    },
    {
      "type": "Feature",
      "geometry": {
        "type": "Point",
        "coordinates": [
          104.102265,
          30.673482
        ]
      },
      "properties": {
        "name": "佳州·星城",
        "category": "residential",
        "type": "商务住宅;住宅区;住宅小区",
        "district": "成华区",
        "weight": 1
      }
    },
    {
      "type": "Feature",
      "geometry": {
        "type": "Point",
        "coordinates": [
          104.094672,
          30.675818
        ]
      },
      "properties": {
        "name": "石油社区224号院落",
        "category": "residential",
        "type": "商务住宅;住宅区;住宅小区",
        "district": "成华区",
        "weight": 2
      }
    },
    {
      "type": "Feature",
      "geometry": {
        "type": "Point",
        "coordinates": [
          104.095879,
          30.671068
        ]
      },
      "properties": {
        "name": "新东方",
        "category": "residential",
        "type": "商务住宅;住宅区;住宅小区",
        "district": "成华区",
        "weight": 3
      }
    },
    {
      "type": "Feature",
      "geometry": {
        "type": "Point",
        "coordinates": [
          104.10035,
          30.670267
        ]
      },
      "properties": {
        "name": "紫薇苑",
        "category": "residential",
        "type": "商务住宅;住宅区;住宅小区",
        "district": "成华区",
        "weight": 3
      }
    },
    {
      "type": "Feature",
      "geometry": {
        "type": "Point",
        "coordinates": [
          104.096992,
          30.669127
        ]
      },
      "properties": {
        "name": "棕榈苑",
        "category": "residential",
        "type": "商务住宅;住宅区;住宅小区",
        "district": "成华区",
        "weight": 4
      }
    },
    {
      "type": "Feature",
      "geometry": {
        "type": "Point",
        "coordinates": [
          104.102926,
          30.677466
        ]
      },
      "properties": {
        "name": "新兴苑(建设北路二段)",
        "category": "residential",
        "type": "商务住宅;住宅区;住宅小区",
        "district": "成华区",
        "weight": 1
      }
    },
    {
      "type": "Feature",
      "geometry": {
        "type": "Point",
        "coordinates": [
          104.103137,
          30.670371
        ]
      },
      "properties": {
        "name": "高地",
        "category": "residential",
        "type": "商务住宅;住宅区;住宅小区",
        "district": "成华区",
        "weight": 3
      }
    },
    {
      "type": "Feature",
      "geometry": {
        "type": "Point",
        "coordinates": [
          104.094392,
          30.678104
        ]
      },
      "properties": {
        "name": "宁静港湾",
        "category": "residential",
        "type": "商务住宅;住宅区;住宅小区",
        "district": "成华区",
        "weight": 1
      }
    },
    {
      "type": "Feature",
      "geometry": {
        "type": "Point",
        "coordinates": [
          104.093609,
          30.679044
        ]
      },
      "properties": {
        "name": "南洋公寓(一环路东一段)",
        "category": "residential",
        "type": "商务住宅;住宅区;住宅小区",
        "district": "成华区",
        "weight": 1
      }
    },
    {
      "type": "Feature",
      "geometry": {
        "type": "Point",
        "coordinates": [
          104.107683,
          30.674567
        ]
      },
      "properties": {
        "name": "恒河广场",
        "category": "residential",
        "type": "商务住宅;住宅区;住宅小区",
        "district": "成华区",
        "weight": 1
      }
    },
    {
      "type": "Feature",
      "geometry": {
        "type": "Point",
        "coordinates": [
          104.109135,
          30.674193
        ]
      },
      "properties": {
        "name": "龙湖·三千里西区",
        "category": "residential",
        "type": "商务住宅;住宅区;住宅小区",
        "district": "成华区",
        "weight": 2
      }
    },
    {
      "type": "Feature",
      "geometry": {
        "type": "Point",
        "coordinates": [
          104.106528,
          30.673733
        ]
      },
      "properties": {
        "name": "首创后海",
        "category": "residential",
        "type": "商务住宅;住宅区;住宅区",
        "district": "成华区",
        "weight": 1
      }
    },
    {
      "type": "Feature",
      "geometry": {
        "type": "Point",
        "coordinates": [
          104.111077,
          30.674319
        ]
      },
      "properties": {
        "name": "龙湖三千里B区",
        "category": "residential",
        "type": "商务住宅;住宅区;住宅区",
        "district": "成华区",
        "weight": 3
      }
    },
    {
      "type": "Feature",
      "geometry": {
        "type": "Point",
        "coordinates": [
          104.105631,
          30.674902
        ]
      },
      "properties": {
        "name": "首创·爱这城",
        "category": "residential",
        "type": "商务住宅;住宅区;住宅小区",
        "district": "成华区",
        "weight": 1
      }
    },
    {
      "type": "Feature",
      "geometry": {
        "type": "Point",
        "coordinates": [
          104.109,
          30.677513
        ]
      },
      "properties": {
        "name": "龙湖三千城",
        "category": "residential",
        "type": "商务住宅;住宅区;住宅小区",
        "district": "成华区",
        "weight": 6
      }
    },
    {
      "type": "Feature",
      "geometry": {
        "type": "Point",
        "coordinates": [
          104.111064,
          30.676098
        ]
      },
      "properties": {
        "name": "颐和家园(建和路)",
        "category": "residential",
        "type": "商务住宅;住宅区;住宅小区",
        "district": "成华区",
        "weight": 1
      }
    },
    {
      "type": "Feature",
      "geometry": {
        "type": "Point",
        "coordinates": [
          104.106884,
          30.67177
        ]
      },
      "properties": {
        "name": "万科·金域蓝湾(二环路东二段)",
        "category": "residential",
        "type": "商务住宅;住宅区;住宅小区",
        "district": "成华区",
        "weight": 1
      }
    },
    {
      "type": "Feature",
      "geometry": {
        "type": "Point",
        "coordinates": [
          104.108199,
          30.671473
        ]
      },
      "properties": {
        "name": "万科·金域蓝湾二环路1号岗",
        "category": "residential",
        "type": "商务住宅;住宅区;住宅小区",
        "district": "成华区",
        "weight": 1
      }
    },
    {
      "type": "Feature",
      "geometry": {
        "type": "Point",
        "coordinates": [
          104.104637,
          30.674025
        ]
      },
      "properties": {
        "name": "水岸花园",
        "category": "residential",
        "type": "商务住宅;住宅区;住宅小区",
        "district": "成华区",
        "weight": 1
      }
    },
    {
      "type": "Feature",
      "geometry": {
        "type": "Point",
        "coordinates": [
          104.112758,
          30.67438
        ]
      },
      "properties": {
        "name": "虹波苑",
        "category": "residential",
        "type": "商务住宅;住宅区;住宅小区",
        "district": "成华区",
        "weight": 1
      }
    },
    {
      "type": "Feature",
      "geometry": {
        "type": "Point",
        "coordinates": [
          104.112069,
          30.672338
        ]
      },
      "properties": {
        "name": "合能·耀之城",
        "category": "residential",
        "type": "商务住宅;住宅区;住宅小区",
        "district": "成华区",
        "weight": 1
      }
    },
    {
      "type": "Feature",
      "geometry": {
        "type": "Point",
        "coordinates": [
          104.10841,
          30.670421
        ]
      },
      "properties": {
        "name": "二环路东二段小区",
        "category": "residential",
        "type": "商务住宅;住宅区;住宅小区",
        "district": "成华区",
        "weight": 2
      }
    },
    {
      "type": "Feature",
      "geometry": {
        "type": "Point",
        "coordinates": [
          104.11107,
          30.678583
        ]
      },
      "properties": {
        "name": "新禧苑",
        "category": "residential",
        "type": "商务住宅;住宅区;住宅小区",
        "district": "成华区",
        "weight": 2
      }
    },
    {
      "type": "Feature",
      "geometry": {
        "type": "Point",
        "coordinates": [
          104.10366,
          30.673156
        ]
      },
      "properties": {
        "name": "建设公寓(建设北街)",
        "category": "residential",
        "type": "商务住宅;住宅区;住宅小区",
        "district": "成华区",
        "weight": 1
      }
    },
    {
      "type": "Feature",
      "geometry": {
        "type": "Point",
        "coordinates": [
          104.11343,
          30.673307
        ]
      },
      "properties": {
        "name": "东篱居南区",
        "category": "residential",
        "type": "商务住宅;住宅区;住宅区",
        "district": "成华区",
        "weight": 1
      }
    },
    {
      "type": "Feature",
      "geometry": {
        "type": "Point",
        "coordinates": [
          104.104953,
          30.670936
        ]
      },
      "properties": {
        "name": "培华东路小区",
        "category": "residential",
        "type": "商务住宅;住宅区;住宅小区",
        "district": "成华区",
        "weight": 4
      }
    },
    {
      "type": "Feature",
      "geometry": {
        "type": "Point",
        "coordinates": [
          104.106346,
          30.678648
        ]
      },
      "properties": {
        "name": "万基新界",
        "category": "residential",
        "type": "商务住宅;住宅区;住宅小区",
        "district": "成华区",
        "weight": 2
      }
    },
    {
      "type": "Feature",
      "geometry": {
        "type": "Point",
        "coordinates": [
          104.10749,
          30.679094
        ]
      },
      "properties": {
        "name": "万基蓝麟(建设北路三段)",
        "category": "residential",
        "type": "商务住宅;住宅区;住宅小区",
        "district": "成华区",
        "weight": 1
      }
    },
    {
      "type": "Feature",
      "geometry": {
        "type": "Point",
        "coordinates": [
          104.104262,
          30.677943
        ]
      },
      "properties": {
        "name": "踏水社区",
        "category": "residential",
        "type": "商务住宅;住宅区;住宅小区",
        "district": "成华区",
        "weight": 3
      }
    },
    {
      "type": "Feature",
      "geometry": {
        "type": "Point",
        "coordinates": [
          104.11286,
          30.670966
        ]
      },
      "properties": {
        "name": "宏明锦苑",
        "category": "residential",
        "type": "商务住宅;住宅区;住宅小区",
        "district": "成华区",
        "weight": 1
      }
    },
    {
      "type": "Feature",
      "geometry": {
        "type": "Point",
        "coordinates": [
          104.118518,
          30.674759
        ]
      },
      "properties": {
        "name": "祥福苑",
        "category": "residential",
        "type": "商务住宅;住宅区;住宅小区",
        "district": "成华区",
        "weight": 2
      }
    },
    {
      "type": "Feature",
      "geometry": {
        "type": "Point",
        "coordinates": [
          104.118607,
          30.67316
        ]
      },
      "properties": {
        "name": "吉祥苑",
        "category": "residential",
        "type": "商务住宅;住宅区;住宅小区",
        "district": "成华区",
        "weight": 1
      }
    },
    {
      "type": "Feature",
      "geometry": {
        "type": "Point",
        "coordinates": [
          104.120165,
          30.675006
        ]
      },
      "properties": {
        "name": "枫祥苑",
        "category": "residential",
        "type": "商务住宅;住宅区;住宅小区",
        "district": "成华区",
        "weight": 1
      }
    },
    {
      "type": "Feature",
      "geometry": {
        "type": "Point",
        "coordinates": [
          104.116416,
          30.674264
        ]
      },
      "properties": {
        "name": "蓝光雍锦阁",
        "category": "residential",
        "type": "商务住宅;住宅区;住宅小区",
        "district": "成华区",
        "weight": 1
      }
    },
    {
      "type": "Feature",
      "geometry": {
        "type": "Point",
        "coordinates": [
          104.116661,
          30.673314
        ]
      },
      "properties": {
        "name": "金房玺座",
        "category": "residential",
        "type": "商务住宅;住宅区;住宅小区",
        "district": "成华区",
        "weight": 1
      }
    },
    {
      "type": "Feature",
      "geometry": {
        "type": "Point",
        "coordinates": [
          104.120722,
          30.673607
        ]
      },
      "properties": {
        "name": "枫瑞苑",
        "category": "residential",
        "type": "商务住宅;住宅区;住宅小区",
        "district": "成华区",
        "weight": 1
      }
    },
    {
      "type": "Feature",
      "geometry": {
        "type": "Point",
        "coordinates": [
          104.12042,
          30.676412
        ]
      },
      "properties": {
        "name": "圣欣苑",
        "category": "residential",
        "type": "商务住宅;住宅区;住宅小区",
        "district": "成华区",
        "weight": 2
      }
    },
    {
      "type": "Feature",
      "geometry": {
        "type": "Point",
        "coordinates": [
          104.121447,
          30.675354
        ]
      },
      "properties": {
        "name": "红枫岭(一至三期)",
        "category": "residential",
        "type": "商务住宅;住宅区;住宅区",
        "district": "成华区",
        "weight": 1
      }
    },
    {
      "type": "Feature",
      "geometry": {
        "type": "Point",
        "coordinates": [
          104.116641,
          30.671878
        ]
      },
      "properties": {
        "name": "蓝润V客东区(建设中)",
        "category": "residential",
        "type": "商务住宅;住宅区;住宅小区",
        "district": "成华区",
        "weight": 1
      }
    },
    {
      "type": "Feature",
      "geometry": {
        "type": "Point",
        "coordinates": [
          104.120036,
          30.677927
        ]
      },
      "properties": {
        "name": "圣灯片区",
        "category": "residential",
        "type": "商务住宅;住宅区;住宅区",
        "district": "成华区",
        "weight": 3
      }
    },
    {
      "type": "Feature",
      "geometry": {
        "type": "Point",
        "coordinates": [
          104.114513,
          30.672464
        ]
      },
      "properties": {
        "name": "河畔华苑",
        "category": "residential",
        "type": "商务住宅;住宅区;住宅小区",
        "district": "成华区",
        "weight": 1
      }
    },
    {
      "type": "Feature",
      "geometry": {
        "type": "Point",
        "coordinates": [
          104.123021,
          30.676115
        ]
      },
      "properties": {
        "name": "枫悦苑",
        "category": "residential",
        "type": "商务住宅;住宅区;住宅区",
        "district": "成华区",
        "weight": 5
      }
    },
    {
      "type": "Feature",
      "geometry": {
        "type": "Point",
        "coordinates": [
          104.113821,
          30.674429
        ]
      },
      "properties": {
        "name": "东篱居(建兴路)",
        "category": "residential",
        "type": "商务住宅;住宅区;住宅小区",
        "district": "成华区",
        "weight": 1
      }
    },
    {
      "type": "Feature",
      "geometry": {
        "type": "Point",
        "coordinates": [
          104.121512,
          30.678348
        ]
      },
      "properties": {
        "name": "东城印象A区",
        "category": "residential",
        "type": "商务住宅;住宅区;住宅小区",
        "district": "成华区",
        "weight": 1
      }
    },
    {
      "type": "Feature",
      "geometry": {
        "type": "Point",
        "coordinates": [
          104.132744,
          30.678313
        ]
      },
      "properties": {
        "name": "罗兰小镇",
        "category": "residential",
        "type": "商务住宅;住宅区;住宅小区",
        "district": "成华区",
        "weight": 1
      }
    },
    {
      "type": "Feature",
      "geometry": {
        "type": "Point",
        "coordinates": [
          104.130255,
          30.670402
        ]
      },
      "properties": {
        "name": "关家社区",
        "category": "residential",
        "type": "商务住宅;住宅区;住宅小区",
        "district": "成华区",
        "weight": 1
      }
    },
    {
      "type": "Feature",
      "geometry": {
        "type": "Point",
        "coordinates": [
          104.123776,
          30.674691
        ]
      },
      "properties": {
        "name": "中房·红枫岭3期",
        "category": "residential",
        "type": "商务住宅;住宅区;住宅小区",
        "district": "成华区",
        "weight": 1
      }
    },
    {
      "type": "Feature",
      "geometry": {
        "type": "Point",
        "coordinates": [
          104.130927,
          30.678926
        ]
      },
      "properties": {
        "name": "煤成库生活区",
        "category": "residential",
        "type": "商务住宅;住宅区;住宅小区",
        "district": "成华区",
        "weight": 1
      }
    },
    {
      "type": "Feature",
      "geometry": {
        "type": "Point",
        "coordinates": [
          104.129308,
          30.672967
        ]
      },
      "properties": {
        "name": "招商中央华城",
        "category": "residential",
        "type": "商务住宅;住宅区;住宅小区",
        "district": "成华区",
        "weight": 1
      }
    },
    {
      "type": "Feature",
      "geometry": {
        "type": "Point",
        "coordinates": [
          104.125232,
          30.678267
        ]
      },
      "properties": {
        "name": "东城印象C区",
        "category": "residential",
        "type": "商务住宅;住宅区;住宅小区",
        "district": "成华区",
        "weight": 1
      }
    },
    {
      "type": "Feature",
      "geometry": {
        "type": "Point",
        "coordinates": [
          104.130235,
          30.677884
        ]
      },
      "properties": {
        "name": "建设广场",
        "category": "residential",
        "type": "商务住宅;住宅区;住宅区",
        "district": "成华区",
        "weight": 1
      }
    },
    {
      "type": "Feature",
      "geometry": {
        "type": "Point",
        "coordinates": [
          104.128262,
          30.678436
        ]
      },
      "properties": {
        "name": "和泓·东28",
        "category": "residential",
        "type": "商务住宅;住宅区;住宅小区",
        "district": "成华区",
        "weight": 1
      }
    },
    {
      "type": "Feature",
      "geometry": {
        "type": "Point",
        "coordinates": [
          104.124537,
          30.67267
        ]
      },
      "properties": {
        "name": "万科·金色乐府",
        "category": "residential",
        "type": "商务住宅;住宅区;住宅小区",
        "district": "成华区",
        "weight": 1
      }
    },
    {
      "type": "Feature",
      "geometry": {
        "type": "Point",
        "coordinates": [
          104.125177,
          30.675668
        ]
      },
      "properties": {
        "name": "枫和苑",
        "category": "residential",
        "type": "商务住宅;住宅区;住宅小区",
        "district": "成华区",
        "weight": 1
      }
    },
    {
      "type": "Feature",
      "geometry": {
        "type": "Point",
        "coordinates": [
          104.129216,
          30.671074
        ]
      },
      "properties": {
        "name": "关欣苑",
        "category": "residential",
        "type": "商务住宅;住宅区;住宅区",
        "district": "成华区",
        "weight": 1
      }
    },
    {
      "type": "Feature",
      "geometry": {
        "type": "Point",
        "coordinates": [
          104.137009,
          30.672684
        ]
      },
      "properties": {
        "name": "树生苑",
        "category": "residential",
        "type": "商务住宅;住宅区;住宅小区",
        "district": "成华区",
        "weight": 1
      }
    },
    {
      "type": "Feature",
      "geometry": {
        "type": "Point",
        "coordinates": [
          104.135991,
          30.673508
        ]
      },
      "properties": {
        "name": "十里彩云间",
        "category": "residential",
        "type": "商务住宅;住宅区;住宅小区",
        "district": "成华区",
        "weight": 1
      }
    },
    {
      "type": "Feature",
      "geometry": {
        "type": "Point",
        "coordinates": [
          104.136267,
          30.671683
        ]
      },
      "properties": {
        "name": "华西花园2期",
        "category": "residential",
        "type": "商务住宅;住宅区;住宅小区",
        "district": "成华区",
        "weight": 1
      }
    },
    {
      "type": "Feature",
      "geometry": {
        "type": "Point",
        "coordinates": [
          104.134623,
          30.6754
        ]
      },
      "properties": {
        "name": "大道小区",
        "category": "residential",
        "type": "商务住宅;住宅区;住宅小区",
        "district": "成华区",
        "weight": 1
      }
    },
    {
      "type": "Feature",
      "geometry": {
        "type": "Point",
        "coordinates": [
          104.134916,
          30.672357
        ]
      },
      "properties": {
        "name": "高盛公司崔家店社区",
        "category": "residential",
        "type": "商务住宅;住宅区;住宅小区",
        "district": "成华区",
        "weight": 1
      }
    },
    {
      "type": "Feature",
      "geometry": {
        "type": "Point",
        "coordinates": [
          104.134124,
          30.674049
        ]
      },
      "properties": {
        "name": "上城国际",
        "category": "residential",
        "type": "商务住宅;住宅区;住宅小区",
        "district": "成华区",
        "weight": 1
      }
    },
    {
      "type": "Feature",
      "geometry": {
        "type": "Point",
        "coordinates": [
          104.137856,
          30.679332
        ]
      },
      "properties": {
        "name": "十里翠苑",
        "category": "residential",
        "type": "商务住宅;住宅区;住宅小区",
        "district": "成华区",
        "weight": 1
      }
    },
    {
      "type": "Feature",
      "geometry": {
        "type": "Point",
        "coordinates": [
          104.134088,
          30.670857
        ]
      },
      "properties": {
        "name": "连心苑(中环路崔家店路段)",
        "category": "residential",
        "type": "商务住宅;住宅区;住宅小区",
        "district": "成华区",
        "weight": 1
      }
    },
    {
      "type": "Feature",
      "geometry": {
        "type": "Point",
        "coordinates": [
          104.13478,
          30.669704
        ]
      },
      "properties": {
        "name": "生态家园",
        "category": "residential",
        "type": "商务住宅;住宅区;住宅小区",
        "district": "成华区",
        "weight": 4
      }
    },
    {
      "type": "Feature",
      "geometry": {
        "type": "Point",
        "coordinates": [
          103.965609,
          30.665909
        ]
      },
      "properties": {
        "name": "万西苑住宅小区",
        "category": "residential",
        "type": "商务住宅;住宅区;住宅小区",
        "district": "青羊区",
        "weight": 1
      }
    },
    {
      "type": "Feature",
      "geometry": {
        "type": "Point",
        "coordinates": [
          103.973978,
          30.662441
        ]
      },
      "properties": {
        "name": "花龙门小区",
        "category": "residential",
        "type": "商务住宅;住宅区;住宅小区",
        "district": "武侯区",
        "weight": 3
      }
    },
    {
      "type": "Feature",
      "geometry": {
        "type": "Point",
        "coordinates": [
          103.979488,
          30.663478
        ]
      },
      "properties": {
        "name": "欧苑",
        "category": "residential",
        "type": "商务住宅;住宅区;住宅小区",
        "district": "青羊区",
        "weight": 1
      }
    },
    {
      "type": "Feature",
      "geometry": {
        "type": "Point",
        "coordinates": [
          103.977527,
          30.66341
        ]
      },
      "properties": {
        "name": "上道·西城",
        "category": "residential",
        "type": "商务住宅;住宅区;住宅小区",
        "district": "青羊区",
        "weight": 1
      }
    },
    {
      "type": "Feature",
      "geometry": {
        "type": "Point",
        "coordinates": [
          103.977627,
          30.665999
        ]
      },
      "properties": {
        "name": "培风社区小区",
        "category": "residential",
        "type": "商务住宅;住宅区;住宅小区",
        "district": "青羊区",
        "weight": 1
      }
    },
    {
      "type": "Feature",
      "geometry": {
        "type": "Point",
        "coordinates": [
          103.980877,
          30.667106
        ]
      },
      "properties": {
        "name": "清河阳光",
        "category": "residential",
        "type": "商务住宅;住宅区;住宅小区",
        "district": "青羊区",
        "weight": 1
      }
    },
    {
      "type": "Feature",
      "geometry": {
        "type": "Point",
        "coordinates": [
          103.978954,
          30.661412
        ]
      },
      "properties": {
        "name": "美苑(万寿四路)",
        "category": "residential",
        "type": "商务住宅;住宅区;住宅小区",
        "district": "青羊区",
        "weight": 1
      }
    },
    {
      "type": "Feature",
      "geometry": {
        "type": "Point",
        "coordinates": [
          103.975512,
          30.667107
        ]
      },
      "properties": {
        "name": "光华馨苑",
        "category": "residential",
        "type": "商务住宅;住宅区;住宅小区",
        "district": "青羊区",
        "weight": 3
      }
    },
    {
      "type": "Feature",
      "geometry": {
        "type": "Point",
        "coordinates": [
          103.976988,
          30.668229
        ]
      },
      "properties": {
        "name": "苏坡社区",
        "category": "residential",
        "type": "商务住宅;住宅区;住宅小区",
        "district": "青羊区",
        "weight": 1
      }
    },
    {
      "type": "Feature",
      "geometry": {
        "type": "Point",
        "coordinates": [
          103.97533,
          30.661721
        ]
      },
      "properties": {
        "name": "洪锦名都",
        "category": "residential",
        "type": "商务住宅;住宅区;住宅小区",
        "district": "武侯区",
        "weight": 1
      }
    },
    {
      "type": "Feature",
      "geometry": {
        "type": "Point",
        "coordinates": [
          103.975848,
          30.668503
        ]
      },
      "properties": {
        "name": "富诗特",
        "category": "residential",
        "type": "商务住宅;住宅区;住宅小区",
        "district": "青羊区",
        "weight": 2
      }
    },
    {
      "type": "Feature",
      "geometry": {
        "type": "Point",
        "coordinates": [
          103.983285,
          30.668229
        ]
      },
      "properties": {
        "name": "丽都玉园·领邸",
        "category": "residential",
        "type": "商务住宅;住宅区;住宅小区",
        "district": "青羊区",
        "weight": 1
      }
    },
    {
      "type": "Feature",
      "geometry": {
        "type": "Point",
        "coordinates": [
          103.989965,
          30.664715
        ]
      },
      "properties": {
        "name": "江郊庭苑",
        "category": "residential",
        "type": "商务住宅;住宅区;住宅小区",
        "district": "青羊区",
        "weight": 1
      }
    },
    {
      "type": "Feature",
      "geometry": {
        "type": "Point",
        "coordinates": [
          103.990353,
          30.665735
        ]
      },
      "properties": {
        "name": "光华揽胜",
        "category": "residential",
        "type": "商务住宅;住宅区;住宅小区",
        "district": "青羊区",
        "weight": 1
      }
    },
    {
      "type": "Feature",
      "geometry": {
        "type": "Point",
        "coordinates": [
          103.988825,
          30.66747
        ]
      },
      "properties": {
        "name": "阳光家园",
        "category": "residential",
        "type": "商务住宅;住宅区;住宅小区",
        "district": "青羊区",
        "weight": 4
      }
    },
    {
      "type": "Feature",
      "geometry": {
        "type": "Point",
        "coordinates": [
          103.986457,
          30.666104
        ]
      },
      "properties": {
        "name": "碧华鄰",
        "category": "residential",
        "type": "商务住宅;住宅区;住宅小区",
        "district": "青羊区",
        "weight": 1
      }
    },
    {
      "type": "Feature",
      "geometry": {
        "type": "Point",
        "coordinates": [
          103.990548,
          30.666678
        ]
      },
      "properties": {
        "name": "东坡小区",
        "category": "residential",
        "type": "商务住宅;住宅区;住宅小区",
        "district": "青羊区",
        "weight": 1
      }
    },
    {
      "type": "Feature",
      "geometry": {
        "type": "Point",
        "coordinates": [
          103.987273,
          30.661967
        ]
      },
      "properties": {
        "name": "水映长岛",
        "category": "residential",
        "type": "商务住宅;住宅区;住宅小区",
        "district": "青羊区",
        "weight": 1
      }
    },
    {
      "type": "Feature",
      "geometry": {
        "type": "Point",
        "coordinates": [
          103.992339,
          30.664972
        ]
      },
      "properties": {
        "name": "中铁·西子香荷",
        "category": "residential",
        "type": "商务住宅;住宅区;住宅小区",
        "district": "青羊区",
        "weight": 1
      }
    },
    {
      "type": "Feature",
      "geometry": {
        "type": "Point",
        "coordinates": [
          103.98501,
          30.666064
        ]
      },
      "properties": {
        "name": "置信丽都玉园天俊",
        "category": "residential",
        "type": "商务住宅;住宅区;住宅小区",
        "district": "青羊区",
        "weight": 1
      }
    },
    {
      "type": "Feature",
      "geometry": {
        "type": "Point",
        "coordinates": [
          103.992395,
          30.662786
        ]
      },
      "properties": {
        "name": "时代尊城",
        "category": "residential",
        "type": "商务住宅;住宅区;住宅小区",
        "district": "青羊区",
        "weight": 1
      }
    },
    {
      "type": "Feature",
      "geometry": {
        "type": "Point",
        "coordinates": [
          103.991026,
          30.667656
        ]
      },
      "properties": {
        "name": "光华·美邻",
        "category": "residential",
        "type": "商务住宅;住宅区;住宅小区",
        "district": "青羊区",
        "weight": 1
      }
    },
    {
      "type": "Feature",
      "geometry": {
        "type": "Point",
        "coordinates": [
          103.985907,
          30.667813
        ]
      },
      "properties": {
        "name": "光华岁月",
        "category": "residential",
        "type": "商务住宅;住宅区;住宅小区",
        "district": "青羊区",
        "weight": 1
      }
    },
    {
      "type": "Feature",
      "geometry": {
        "type": "Point",
        "coordinates": [
          103.993262,
          30.665794
        ]
      },
      "properties": {
        "name": "一环路西一段小区",
        "category": "residential",
        "type": "商务住宅;住宅区;住宅小区",
        "district": "青羊区",
        "weight": 1
      }
    },
    {
      "type": "Feature",
      "geometry": {
        "type": "Point",
        "coordinates": [
          103.98881,
          30.668786
        ]
      },
      "properties": {
        "name": "华府世家",
        "category": "residential",
        "type": "商务住宅;住宅区;住宅小区",
        "district": "青羊区",
        "weight": 1
      }
    },
    {
      "type": "Feature",
      "geometry": {
        "type": "Point",
        "coordinates": [
          103.987588,
          30.669264
        ]
      },
      "properties": {
        "name": "光明园",
        "category": "residential",
        "type": "商务住宅;住宅区;住宅小区",
        "district": "青羊区",
        "weight": 3
      }
    },
    {
      "type": "Feature",
      "geometry": {
        "type": "Point",
        "coordinates": [
          103.992084,
          30.668909
        ]
      },
      "properties": {
        "name": "知贤坊",
        "category": "residential",
        "type": "商务住宅;住宅区;住宅小区",
        "district": "青羊区",
        "weight": 2
      }
    },
    {
      "type": "Feature",
      "geometry": {
        "type": "Point",
        "coordinates": [
          103.986277,
          30.669103
        ]
      },
      "properties": {
        "name": "齐力光华岁月",
        "category": "residential",
        "type": "商务住宅;住宅区;住宅小区",
        "district": "青羊区",
        "weight": 1
      }
    },
    {
      "type": "Feature",
      "geometry": {
        "type": "Point",
        "coordinates": [
          103.990528,
          30.669425
        ]
      },
      "properties": {
        "name": "香木林新城",
        "category": "residential",
        "type": "商务住宅;住宅区;住宅小区",
        "district": "青羊区",
        "weight": 1
      }
    },
    {
      "type": "Feature",
      "geometry": {
        "type": "Point",
        "coordinates": [
          103.99359,
          30.66109
        ]
      },
      "properties": {
        "name": "水映长岛浣谷",
        "category": "residential",
        "type": "商务住宅;住宅区;住宅小区",
        "district": "青羊区",
        "weight": 1
      }
    },
    {
      "type": "Feature",
      "geometry": {
        "type": "Point",
        "coordinates": [
          103.983863,
          30.660843
        ]
      },
      "properties": {
        "name": "海棠园",
        "category": "residential",
        "type": "商务住宅;住宅区;住宅小区|餐饮服务;中餐厅;中餐厅",
        "district": "武侯区",
        "weight": 1
      }
    },
    {
      "type": "Feature",
      "geometry": {
        "type": "Point",
        "coordinates": [
          103.998695,
          30.66463
        ]
      },
      "properties": {
        "name": "优品道曦岸",
        "category": "residential",
        "type": "商务住宅;住宅区;住宅小区",
        "district": "青羊区",
        "weight": 1
      }
    },
    {
      "type": "Feature",
      "geometry": {
        "type": "Point",
        "coordinates": [
          103.99817,
          30.666182
        ]
      },
      "properties": {
        "name": "川粮大院",
        "category": "residential",
        "type": "商务住宅;住宅区;住宅小区",
        "district": "青羊区",
        "weight": 1
      }
    },
    {
      "type": "Feature",
      "geometry": {
        "type": "Point",
        "coordinates": [
          103.99945,
          30.666401
        ]
      },
      "properties": {
        "name": "香槟花园",
        "category": "residential",
        "type": "商务住宅;住宅区;住宅小区",
        "district": "青羊区",
        "weight": 1
      }
    },
    {
      "type": "Feature",
      "geometry": {
        "type": "Point",
        "coordinates": [
          103.996389,
          30.664916
        ]
      },
      "properties": {
        "name": "浪琴湾",
        "category": "residential",
        "type": "商务住宅;住宅区;住宅小区",
        "district": "青羊区",
        "weight": 1
      }
    },
    {
      "type": "Feature",
      "geometry": {
        "type": "Point",
        "coordinates": [
          103.998253,
          30.661918
        ]
      },
      "properties": {
        "name": "欣苑(金雁路)",
        "category": "residential",
        "type": "商务住宅;住宅区;住宅小区",
        "district": "武侯区",
        "weight": 2
      }
    },
    {
      "type": "Feature",
      "geometry": {
        "type": "Point",
        "coordinates": [
          103.997171,
          30.666841
        ]
      },
      "properties": {
        "name": "水岸格林",
        "category": "residential",
        "type": "商务住宅;住宅区;住宅小区",
        "district": "青羊区",
        "weight": 1
      }
    },
    {
      "type": "Feature",
      "geometry": {
        "type": "Point",
        "coordinates": [
          103.997116,
          30.662108
        ]
      },
      "properties": {
        "name": "皇家花园(金雁路)",
        "category": "residential",
        "type": "商务住宅;住宅区;住宅小区",
        "district": "武侯区",
        "weight": 1
      }
    },
    {
      "type": "Feature",
      "geometry": {
        "type": "Point",
        "coordinates": [
          104.002071,
          30.664791
        ]
      },
      "properties": {
        "name": "优品道2期",
        "category": "residential",
        "type": "商务住宅;住宅区;住宅小区",
        "district": "青羊区",
        "weight": 1
      }
    },
    {
      "type": "Feature",
      "geometry": {
        "type": "Point",
        "coordinates": [
          103.998949,
          30.667848
        ]
      },
      "properties": {
        "name": "TT·尚品",
        "category": "residential",
        "type": "商务住宅;住宅区;住宅小区",
        "district": "青羊区",
        "weight": 1
      }
    },
    {
      "type": "Feature",
      "geometry": {
        "type": "Point",
        "coordinates": [
          103.999682,
          30.660886
        ]
      },
      "properties": {
        "name": "怡苑",
        "category": "residential",
        "type": "商务住宅;住宅区;住宅小区",
        "district": "武侯区",
        "weight": 2
      }
    },
    {
      "type": "Feature",
      "geometry": {
        "type": "Point",
        "coordinates": [
          104.002783,
          30.665909
        ]
      },
      "properties": {
        "name": "优品道",
        "category": "residential",
        "type": "商务住宅;住宅区;住宅小区",
        "district": "青羊区",
        "weight": 1
      }
    },
    {
      "type": "Feature",
      "geometry": {
        "type": "Point",
        "coordinates": [
          103.997966,
          30.660797
        ]
      },
      "properties": {
        "name": "清沙苑",
        "category": "residential",
        "type": "商务住宅;住宅区;住宅小区",
        "district": "武侯区",
        "weight": 1
      }
    },
    {
      "type": "Feature",
      "geometry": {
        "type": "Point",
        "coordinates": [
          104.001832,
          30.661617
        ]
      },
      "properties": {
        "name": "翠堤春晓西区",
        "category": "residential",
        "type": "商务住宅;住宅区;住宅小区",
        "district": "武侯区",
        "weight": 1
      }
    },
    {
      "type": "Feature",
      "geometry": {
        "type": "Point",
        "coordinates": [
          103.994314,
          30.663362
        ]
      },
      "properties": {
        "name": "凯旋天际湾",
        "category": "residential",
        "type": "商务住宅;住宅区;住宅小区",
        "district": "青羊区",
        "weight": 1
      }
    },
    {
      "type": "Feature",
      "geometry": {
        "type": "Point",
        "coordinates": [
          103.994532,
          30.666383
        ]
      },
      "properties": {
        "name": "光华里",
        "category": "residential",
        "type": "商务住宅;住宅区;住宅小区",
        "district": "青羊区",
        "weight": 1
      }
    },
    {
      "type": "Feature",
      "geometry": {
        "type": "Point",
        "coordinates": [
          103.997216,
          30.668487
        ]
      },
      "properties": {
        "name": "二十一世纪花园世纪城4期",
        "category": "residential",
        "type": "商务住宅;住宅区;住宅区",
        "district": "青羊区",
        "weight": 1
      }
    },
    {
      "type": "Feature",
      "geometry": {
        "type": "Point",
        "coordinates": [
          103.999493,
          30.659305
        ]
      },
      "properties": {
        "name": "珍宝金楠",
        "category": "residential",
        "type": "商务住宅;住宅区;住宅小区|生活服务;生活服务场所;生活服务场所",
        "district": "武侯区",
        "weight": 9
      }
    },
    {
      "type": "Feature",
      "geometry": {
        "type": "Point",
        "coordinates": [
          104.003302,
          30.667009
        ]
      },
      "properties": {
        "name": "优品道1期",
        "category": "residential",
        "type": "商务住宅;住宅区;住宅小区",
        "district": "青羊区",
        "weight": 1
      }
    },
    {
      "type": "Feature",
      "geometry": {
        "type": "Point",
        "coordinates": [
          103.999634,
          30.669161
        ]
      },
      "properties": {
        "name": "天合凯旋城(贝双街)",
        "category": "residential",
        "type": "商务住宅;住宅区;住宅小区",
        "district": "青羊区",
        "weight": 1
      }
    },
    {
      "type": "Feature",
      "geometry": {
        "type": "Point",
        "coordinates": [
          103.995635,
          30.668497
        ]
      },
      "properties": {
        "name": "成都市青羊区东坡街道清水河社区",
        "category": "residential",
        "type": "商务住宅;住宅区;住宅小区",
        "district": "青羊区",
        "weight": 1
      }
    },
    {
      "type": "Feature",
      "geometry": {
        "type": "Point",
        "coordinates": [
          103.993908,
          30.667284
        ]
      },
      "properties": {
        "name": "西锦·渡",
        "category": "residential",
        "type": "商务住宅;住宅区;住宅小区",
        "district": "青羊区",
        "weight": 1
      }
    },
    {
      "type": "Feature",
      "geometry": {
        "type": "Point",
        "coordinates": [
          104.001753,
          30.668909
        ]
      },
      "properties": {
        "name": "生活立方小区",
        "category": "residential",
        "type": "商务住宅;住宅区;住宅小区",
        "district": "青羊区",
        "weight": 1
      }
    },
    {
      "type": "Feature",
      "geometry": {
        "type": "Point",
        "coordinates": [
          103.997221,
          30.669541
        ]
      },
      "properties": {
        "name": "二十一世纪花园世纪城",
        "category": "residential",
        "type": "商务住宅;住宅区;住宅小区",
        "district": "青羊区",
        "weight": 1
      }
    },
    {
      "type": "Feature",
      "geometry": {
        "type": "Point",
        "coordinates": [
          104.002522,
          30.660272
        ]
      },
      "properties": {
        "name": "翠堤春晓(沙堰街)",
        "category": "residential",
        "type": "商务住宅;住宅区;住宅小区",
        "district": "武侯区",
        "weight": 1
      }
    },
    {
      "type": "Feature",
      "geometry": {
        "type": "Point",
        "coordinates": [
          104.010543,
          30.664299
        ]
      },
      "properties": {
        "name": "民警小区",
        "category": "residential",
        "type": "商务住宅;住宅区;住宅小区",
        "district": "青羊区",
        "weight": 2
      }
    },
    {
      "type": "Feature",
      "geometry": {
        "type": "Point",
        "coordinates": [
          104.008803,
          30.662701
        ]
      },
      "properties": {
        "name": "中华家园(家园路)",
        "category": "residential",
        "type": "商务住宅;住宅区;住宅小区",
        "district": "青羊区",
        "weight": 1
      }
    },
    {
      "type": "Feature",
      "geometry": {
        "type": "Point",
        "coordinates": [
          104.00645,
          30.664484
        ]
      },
      "properties": {
        "name": "青羊区光华街道花园社区",
        "category": "residential",
        "type": "商务住宅;住宅区;住宅小区",
        "district": "青羊区",
        "weight": 1
      }
    },
    {
      "type": "Feature",
      "geometry": {
        "type": "Point",
        "coordinates": [
          104.006766,
          30.665666
        ]
      },
      "properties": {
        "name": "水木光华",
        "category": "residential",
        "type": "商务住宅;住宅区;住宅小区",
        "district": "青羊区",
        "weight": 1
      }
    },
    {
      "type": "Feature",
      "geometry": {
        "type": "Point",
        "coordinates": [
          104.008664,
          30.666526
        ]
      },
      "properties": {
        "name": "学府春",
        "category": "residential",
        "type": "商务住宅;住宅区;住宅小区",
        "district": "青羊区",
        "weight": 1
      }
    },
    {
      "type": "Feature",
      "geometry": {
        "type": "Point",
        "coordinates": [
          104.011282,
          30.662781
        ]
      },
      "properties": {
        "name": "中华家园东区",
        "category": "residential",
        "type": "商务住宅;住宅区;住宅小区",
        "district": "青羊区",
        "weight": 1
      }
    },
    {
      "type": "Feature",
      "geometry": {
        "type": "Point",
        "coordinates": [
          104.008189,
          30.661426
        ]
      },
      "properties": {
        "name": "佳苑望郡A区",
        "category": "residential",
        "type": "商务住宅;住宅区;住宅小区",
        "district": "青羊区",
        "weight": 1
      }
    },
    {
      "type": "Feature",
      "geometry": {
        "type": "Point",
        "coordinates": [
          104.004747,
          30.664936
        ]
      },
      "properties": {
        "name": "优品道3期",
        "category": "residential",
        "type": "商务住宅;住宅区;住宅小区",
        "district": "青羊区",
        "weight": 1
      }
    },
    {
      "type": "Feature",
      "geometry": {
        "type": "Point",
        "coordinates": [
          104.005213,
          30.666733
        ]
      },
      "properties": {
        "name": "优品道1、、2期",
        "category": "residential",
        "type": "商务住宅;住宅区;住宅区",
        "district": "青羊区",
        "weight": 1
      }
    },
    {
      "type": "Feature",
      "geometry": {
        "type": "Point",
        "coordinates": [
          104.005359,
          30.662176
        ]
      },
      "properties": {
        "name": "金阳伦敦",
        "category": "residential",
        "type": "商务住宅;住宅区;住宅区",
        "district": "青羊区",
        "weight": 1
      }
    },
    {
      "type": "Feature",
      "geometry": {
        "type": "Point",
        "coordinates": [
          104.013053,
          30.663045
        ]
      },
      "properties": {
        "name": "西华家园",
        "category": "residential",
        "type": "商务住宅;住宅区;住宅小区",
        "district": "青羊区",
        "weight": 1
      }
    },
    {
      "type": "Feature",
      "geometry": {
        "type": "Point",
        "coordinates": [
          104.009248,
          30.660352
        ]
      },
      "properties": {
        "name": "望郡B区",
        "category": "residential",
        "type": "商务住宅;住宅区;住宅小区",
        "district": "青羊区",
        "weight": 1
      }
    },
    {
      "type": "Feature",
      "geometry": {
        "type": "Point",
        "coordinates": [
          104.00685,
          30.66846
        ]
      },
      "properties": {
        "name": "西城花园(中环路青羊大道段)",
        "category": "residential",
        "type": "商务住宅;住宅区;住宅小区",
        "district": "青羊区",
        "weight": 1
      }
    },
    {
      "type": "Feature",
      "geometry": {
        "type": "Point",
        "coordinates": [
          104.012121,
          30.660916
        ]
      },
      "properties": {
        "name": "上城成都花园",
        "category": "residential",
        "type": "商务住宅;住宅区;住宅小区",
        "district": "青羊区",
        "weight": 1
      }
    },
    {
      "type": "Feature",
      "geometry": {
        "type": "Point",
        "coordinates": [
          104.020235,
          30.66346
        ]
      },
      "properties": {
        "name": "金满堂",
        "category": "residential",
        "type": "商务住宅;住宅区;住宅区",
        "district": "青羊区",
        "weight": 5
      }
    },
    {
      "type": "Feature",
      "geometry": {
        "type": "Point",
        "coordinates": [
          104.018095,
          30.662867
        ]
      },
      "properties": {
        "name": "大陆·西城秀筑",
        "category": "residential",
        "type": "商务住宅;住宅区;住宅小区",
        "district": "青羊区",
        "weight": 1
      }
    },
    {
      "type": "Feature",
      "geometry": {
        "type": "Point",
        "coordinates": [
          104.020647,
          30.666725
        ]
      },
      "properties": {
        "name": "天情阁",
        "category": "residential",
        "type": "商务住宅;住宅区;住宅区",
        "district": "青羊区",
        "weight": 10
      }
    },
    {
      "type": "Feature",
      "geometry": {
        "type": "Point",
        "coordinates": [
          104.017582,
          30.666457
        ]
      },
      "properties": {
        "name": "仁和·世代春天(二环路西二段)",
        "category": "residential",
        "type": "商务住宅;住宅区;住宅小区",
        "district": "青羊区",
        "weight": 1
      }
    },
    {
      "type": "Feature",
      "geometry": {
        "type": "Point",
        "coordinates": [
          104.021957,
          30.664188
        ]
      },
      "properties": {
        "name": "草堂别院",
        "category": "residential",
        "type": "商务住宅;住宅区;住宅小区",
        "district": "青羊区",
        "weight": 1
      }
    },
    {
      "type": "Feature",
      "geometry": {
        "type": "Point",
        "coordinates": [
          104.017613,
          30.667892
        ]
      },
      "properties": {
        "name": "群和路小区",
        "category": "residential",
        "type": "商务住宅;住宅区;住宅小区",
        "district": "青羊区",
        "weight": 6
      }
    },
    {
      "type": "Feature",
      "geometry": {
        "type": "Point",
        "coordinates": [
          104.017681,
          30.661057
        ]
      },
      "properties": {
        "name": "天邑花园",
        "category": "residential",
        "type": "商务住宅;住宅区;住宅小区",
        "district": "青羊区",
        "weight": 1
      }
    },
    {
      "type": "Feature",
      "geometry": {
        "type": "Point",
        "coordinates": [
          104.022085,
          30.666747
        ]
      },
      "properties": {
        "name": "光华公屋南区",
        "category": "residential",
        "type": "商务住宅;住宅区;住宅小区",
        "district": "青羊区",
        "weight": 1
      }
    },
    {
      "type": "Feature",
      "geometry": {
        "type": "Point",
        "coordinates": [
          104.021142,
          30.661205
        ]
      },
      "properties": {
        "name": "草堂之春",
        "category": "residential",
        "type": "商务住宅;住宅区;住宅小区",
        "district": "青羊区",
        "weight": 1
      }
    },
    {
      "type": "Feature",
      "geometry": {
        "type": "Point",
        "coordinates": [
          104.025274,
          30.666205
        ]
      },
      "properties": {
        "name": "荣馨西苑",
        "category": "residential",
        "type": "商务住宅;住宅区;住宅小区",
        "district": "青羊区",
        "weight": 12
      }
    },
    {
      "type": "Feature",
      "geometry": {
        "type": "Point",
        "coordinates": [
          104.014011,
          30.661881
        ]
      },
      "properties": {
        "name": "拉萨市公安局驻成都民警公寓",
        "category": "residential",
        "type": "商务住宅;住宅区;住宅小区",
        "district": "青羊区",
        "weight": 1
      }
    },
    {
      "type": "Feature",
      "geometry": {
        "type": "Point",
        "coordinates": [
          104.022017,
          30.668333
        ]
      },
      "properties": {
        "name": "汇厦花园",
        "category": "residential",
        "type": "商务住宅;住宅区;住宅小区",
        "district": "青羊区",
        "weight": 1
      }
    },
    {
      "type": "Feature",
      "geometry": {
        "type": "Point",
        "coordinates": [
          104.020563,
          30.669033
        ]
      },
      "properties": {
        "name": "盛世草堂",
        "category": "residential",
        "type": "商务住宅;住宅区;住宅小区",
        "district": "青羊区",
        "weight": 1
      }
    },
    {
      "type": "Feature",
      "geometry": {
        "type": "Point",
        "coordinates": [
          104.014492,
          30.668079
        ]
      },
      "properties": {
        "name": "蜀华大厦",
        "category": "residential",
        "type": "商务住宅;住宅区;住宅小区",
        "district": "青羊区",
        "weight": 1
      }
    },
    {
      "type": "Feature",
      "geometry": {
        "type": "Point",
        "coordinates": [
          104.023253,
          30.667946
        ]
      },
      "properties": {
        "name": "光华苑",
        "category": "residential",
        "type": "商务住宅;住宅区;住宅小区",
        "district": "青羊区",
        "weight": 1
      }
    },
    {
      "type": "Feature",
      "geometry": {
        "type": "Point",
        "coordinates": [
          104.027896,
          30.664674
        ]
      },
      "properties": {
        "name": "青华路小区",
        "category": "residential",
        "type": "商务住宅;住宅区;住宅小区",
        "district": "青羊区",
        "weight": 1
      }
    },
    {
      "type": "Feature",
      "geometry": {
        "type": "Point",
        "coordinates": [
          104.030597,
          30.666576
        ]
      },
      "properties": {
        "name": "牧电巷小区",
        "category": "residential",
        "type": "商务住宅;住宅区;住宅小区",
        "district": "青羊区",
        "weight": 1
      }
    },
    {
      "type": "Feature",
      "geometry": {
        "type": "Point",
        "coordinates": [
          104.027344,
          30.666988
        ]
      },
      "properties": {
        "name": "浣花苑(草堂北路)",
        "category": "residential",
        "type": "商务住宅;住宅区;住宅小区",
        "district": "青羊区",
        "weight": 1
      }
    },
    {
      "type": "Feature",
      "geometry": {
        "type": "Point",
        "coordinates": [
          104.030899,
          30.661752
        ]
      },
      "properties": {
        "name": "浣花小区东区",
        "category": "residential",
        "type": "商务住宅;住宅区;住宅小区",
        "district": "青羊区",
        "weight": 1
      }
    },
    {
      "type": "Feature",
      "geometry": {
        "type": "Point",
        "coordinates": [
          104.029627,
          30.668828
        ]
      },
      "properties": {
        "name": "牧电路小区",
        "category": "residential",
        "type": "商务住宅;住宅区;住宅小区",
        "district": "青羊区",
        "weight": 5
      }
    },
    {
      "type": "Feature",
      "geometry": {
        "type": "Point",
        "coordinates": [
          104.027967,
          30.668482
        ]
      },
      "properties": {
        "name": "同乐苑(牧电后街)",
        "category": "residential",
        "type": "商务住宅;住宅区;住宅小区",
        "district": "青羊区",
        "weight": 1
      }
    },
    {
      "type": "Feature",
      "geometry": {
        "type": "Point",
        "coordinates": [
          104.033073,
          30.662142
        ]
      },
      "properties": {
        "name": "草堂社区",
        "category": "residential",
        "type": "商务住宅;住宅区;住宅小区",
        "district": "青羊区",
        "weight": 1
      }
    },
    {
      "type": "Feature",
      "geometry": {
        "type": "Point",
        "coordinates": [
          104.031548,
          30.668432
        ]
      },
      "properties": {
        "name": "康欣苑(牧电巷)",
        "category": "residential",
        "type": "商务住宅;住宅区;住宅小区",
        "district": "青羊区",
        "weight": 1
      }
    },
    {
      "type": "Feature",
      "geometry": {
        "type": "Point",
        "coordinates": [
          104.024944,
          30.660577
        ]
      },
      "properties": {
        "name": "顺园",
        "category": "residential",
        "type": "商务住宅;住宅区;住宅区",
        "district": "青羊区",
        "weight": 1
      }
    },
    {
      "type": "Feature",
      "geometry": {
        "type": "Point",
        "coordinates": [
          104.032834,
          30.668661
        ]
      },
      "properties": {
        "name": "成勘院",
        "category": "residential",
        "type": "商务住宅;住宅区;住宅小区",
        "district": "青羊区",
        "weight": 1
      }
    },
    {
      "type": "Feature",
      "geometry": {
        "type": "Point",
        "coordinates": [
          104.03315,
          30.659514
        ]
      },
      "properties": {
        "name": "锦里苑",
        "category": "residential",
        "type": "商务住宅;住宅区;住宅小区",
        "district": "青羊区",
        "weight": 4
      }
    },
    {
      "type": "Feature",
      "geometry": {
        "type": "Point",
        "coordinates": [
          104.038463,
          30.664503
        ]
      },
      "properties": {
        "name": "一环路西二段小区",
        "category": "residential",
        "type": "商务住宅;住宅区;住宅小区",
        "district": "青羊区",
        "weight": 2
      }
    },
    {
      "type": "Feature",
      "geometry": {
        "type": "Point",
        "coordinates": [
          104.037203,
          30.663074
        ]
      },
      "properties": {
        "name": "青羊上街138号院",
        "category": "residential",
        "type": "商务住宅;住宅区;住宅小区",
        "district": "青羊区",
        "weight": 2
      }
    },
    {
      "type": "Feature",
      "geometry": {
        "type": "Point",
        "coordinates": [
          104.036252,
          30.663669
        ]
      },
      "properties": {
        "name": "青羊上街208号院",
        "category": "residential",
        "type": "商务住宅;住宅区;住宅小区",
        "district": "青羊区",
        "weight": 1
      }
    },
    {
      "type": "Feature",
      "geometry": {
        "type": "Point",
        "coordinates": [
          104.035341,
          30.663349
        ]
      },
      "properties": {
        "name": "艺术家苑",
        "category": "residential",
        "type": "商务住宅;住宅区;住宅小区",
        "district": "青羊区",
        "weight": 6
      }
    },
    {
      "type": "Feature",
      "geometry": {
        "type": "Point",
        "coordinates": [
          104.041791,
          30.665195
        ]
      },
      "properties": {
        "name": "琴台路社区",
        "category": "residential",
        "type": "商务住宅;住宅区;住宅小区",
        "district": "青羊区",
        "weight": 2
      }
    },
    {
      "type": "Feature",
      "geometry": {
        "type": "Point",
        "coordinates": [
          104.034622,
          30.669277
        ]
      },
      "properties": {
        "name": "成勘院浣花小区(东门)",
        "category": "residential",
        "type": "商务住宅;住宅区;住宅小区",
        "district": "青羊区",
        "weight": 1
      }
    },
    {
      "type": "Feature",
      "geometry": {
        "type": "Point",
        "coordinates": [
          104.040347,
          30.667172
        ]
      },
      "properties": {
        "name": "成都中医药大学家属院",
        "category": "residential",
        "type": "商务住宅;住宅区;住宅小区",
        "district": "青羊区",
        "weight": 1
      }
    },
    {
      "type": "Feature",
      "geometry": {
        "type": "Point",
        "coordinates": [
          104.034149,
          30.665472
        ]
      },
      "properties": {
        "name": "咏陶阁",
        "category": "residential",
        "type": "商务住宅;住宅区;住宅区",
        "district": "青羊区",
        "weight": 2
      }
    },
    {
      "type": "Feature",
      "geometry": {
        "type": "Point",
        "coordinates": [
          104.037755,
          30.667986
        ]
      },
      "properties": {
        "name": "新一村",
        "category": "residential",
        "type": "商务住宅;住宅区;住宅小区",
        "district": "青羊区",
        "weight": 1
      }
    },
    {
      "type": "Feature",
      "geometry": {
        "type": "Point",
        "coordinates": [
          104.034156,
          30.664377
        ]
      },
      "properties": {
        "name": "浣花北路6号商住楼",
        "category": "residential",
        "type": "商务住宅;住宅区;住宅区",
        "district": "青羊区",
        "weight": 1
      }
    },
    {
      "type": "Feature",
      "geometry": {
        "type": "Point",
        "coordinates": [
          104.036344,
          30.661011
        ]
      },
      "properties": {
        "name": "浣花新城",
        "category": "residential",
        "type": "商务住宅;住宅区;住宅小区",
        "district": "青羊区",
        "weight": 1
      }
    },
    {
      "type": "Feature",
      "geometry": {
        "type": "Point",
        "coordinates": [
          104.034626,
          30.666606
        ]
      },
      "properties": {
        "name": "雅雨苑",
        "category": "residential",
        "type": "商务住宅;住宅区;住宅小区",
        "district": "青羊区",
        "weight": 1
      }
    },
    {
      "type": "Feature",
      "geometry": {
        "type": "Point",
        "coordinates": [
          104.035286,
          30.668269
        ]
      },
      "properties": {
        "name": "浣花苑东区",
        "category": "residential",
        "type": "商务住宅;住宅区;住宅小区",
        "district": "青羊区",
        "weight": 6
      }
    },
    {
      "type": "Feature",
      "geometry": {
        "type": "Point",
        "coordinates": [
          104.03723,
          30.660222
        ]
      },
      "properties": {
        "name": "南河上居",
        "category": "residential",
        "type": "商务住宅;住宅区;住宅小区",
        "district": "青羊区",
        "weight": 1
      }
    },
    {
      "type": "Feature",
      "geometry": {
        "type": "Point",
        "coordinates": [
          104.042697,
          30.661758
        ]
      },
      "properties": {
        "name": "琴台路小区",
        "category": "residential",
        "type": "商务住宅;住宅区;住宅小区",
        "district": "青羊区",
        "weight": 1
      }
    },
    {
      "type": "Feature",
      "geometry": {
        "type": "Point",
        "coordinates": [
          104.043242,
          30.66789
        ]
      },
      "properties": {
        "name": "宜家结庐缘",
        "category": "residential",
        "type": "商务住宅;住宅区;住宅小区",
        "district": "金牛区",
        "weight": 1
      }
    },
    {
      "type": "Feature",
      "geometry": {
        "type": "Point",
        "coordinates": [
          104.048105,
          30.664235
        ]
      },
      "properties": {
        "name": "同仁路社区",
        "category": "residential",
        "type": "商务住宅;住宅区;住宅小区",
        "district": "青羊区",
        "weight": 1
      }
    },
    {
      "type": "Feature",
      "geometry": {
        "type": "Point",
        "coordinates": [
          104.050143,
          30.662884
        ]
      },
      "properties": {
        "name": "新少城",
        "category": "residential",
        "type": "商务住宅;住宅区;住宅小区",
        "district": "青羊区",
        "weight": 63
      }
    },
    {
      "type": "Feature",
      "geometry": {
        "type": "Point",
        "coordinates": [
          104.046691,
          30.66509
        ]
      },
      "properties": {
        "name": "锦都",
        "category": "residential",
        "type": "商务住宅;住宅区;住宅小区",
        "district": "青羊区",
        "weight": 2
      }
    },
    {
      "type": "Feature",
      "geometry": {
        "type": "Point",
        "coordinates": [
          104.051039,
          30.665695
        ]
      },
      "properties": {
        "name": "香韵",
        "category": "residential",
        "type": "商务住宅;住宅区;住宅区",
        "district": "青羊区",
        "weight": 1
      }
    },
    {
      "type": "Feature",
      "geometry": {
        "type": "Point",
        "coordinates": [
          104.0475,
          30.66686
        ]
      },
      "properties": {
        "name": "锦都3期",
        "category": "residential",
        "type": "商务住宅;住宅区;住宅小区",
        "district": "青羊区",
        "weight": 1
      }
    },
    {
      "type": "Feature",
      "geometry": {
        "type": "Point",
        "coordinates": [
          104.046324,
          30.667069
        ]
      },
      "properties": {
        "name": "长富新城",
        "category": "residential",
        "type": "商务住宅;住宅区;住宅小区",
        "district": "青羊区",
        "weight": 1
      }
    },
    {
      "type": "Feature",
      "geometry": {
        "type": "Point",
        "coordinates": [
          104.052683,
          30.661188
        ]
      },
      "properties": {
        "name": "小南街公寓",
        "category": "residential",
        "type": "商务住宅;住宅区;住宅小区",
        "district": "青羊区",
        "weight": 6
      }
    },
    {
      "type": "Feature",
      "geometry": {
        "type": "Point",
        "coordinates": [
          104.050975,
          30.660239
        ]
      },
      "properties": {
        "name": "包家巷80号院",
        "category": "residential",
        "type": "商务住宅;住宅区;住宅小区",
        "district": "青羊区",
        "weight": 1
      }
    },
    {
      "type": "Feature",
      "geometry": {
        "type": "Point",
        "coordinates": [
          104.052042,
          30.6597
        ]
      },
      "properties": {
        "name": "领地",
        "category": "residential",
        "type": "商务住宅;住宅区;住宅区",
        "district": "青羊区",
        "weight": 2
      }
    },
    {
      "type": "Feature",
      "geometry": {
        "type": "Point",
        "coordinates": [
          104.061512,
          30.665415
        ]
      },
      "properties": {
        "name": "西华门街24号院",
        "category": "residential",
        "type": "商务住宅;住宅区;住宅小区",
        "district": "青羊区",
        "weight": 1
      }
    },
    {
      "type": "Feature",
      "geometry": {
        "type": "Point",
        "coordinates": [
          104.054457,
          30.663457
        ]
      },
      "properties": {
        "name": "东胜街41号院",
        "category": "residential",
        "type": "商务住宅;住宅区;住宅小区",
        "district": "青羊区",
        "weight": 1
      }
    },
    {
      "type": "Feature",
      "geometry": {
        "type": "Point",
        "coordinates": [
          104.060887,
          30.661362
        ]
      },
      "properties": {
        "name": "西华门街8号院(人民中路一段)",
        "category": "residential",
        "type": "商务住宅;住宅区;住宅小区",
        "district": "青羊区",
        "weight": 1
      }
    },
    {
      "type": "Feature",
      "geometry": {
        "type": "Point",
        "coordinates": [
          104.058966,
          30.660121
        ]
      },
      "properties": {
        "name": "人民西路147号院",
        "category": "residential",
        "type": "商务住宅;住宅区;住宅小区",
        "district": "青羊区",
        "weight": 5
      }
    },
    {
      "type": "Feature",
      "geometry": {
        "type": "Point",
        "coordinates": [
          104.07004,
          30.663654
        ]
      },
      "properties": {
        "name": "三桂前街小区",
        "category": "residential",
        "type": "商务住宅;住宅区;住宅小区",
        "district": "青羊区",
        "weight": 10
      }
    },
    {
      "type": "Feature",
      "geometry": {
        "type": "Point",
        "coordinates": [
          104.069652,
          30.665286
        ]
      },
      "properties": {
        "name": "化八院小区",
        "category": "residential",
        "type": "商务住宅;住宅区;住宅小区",
        "district": "青羊区",
        "weight": 2
      }
    },
    {
      "type": "Feature",
      "geometry": {
        "type": "Point",
        "coordinates": [
          104.066851,
          30.664151
        ]
      },
      "properties": {
        "name": "同心苑",
        "category": "residential",
        "type": "商务住宅;住宅区;住宅小区",
        "district": "青羊区",
        "weight": 7
      }
    },
    {
      "type": "Feature",
      "geometry": {
        "type": "Point",
        "coordinates": [
          104.066796,
          30.66632
        ]
      },
      "properties": {
        "name": "富力·公馆",
        "category": "residential",
        "type": "商务住宅;住宅区;住宅小区",
        "district": "青羊区",
        "weight": 2
      }
    },
    {
      "type": "Feature",
      "geometry": {
        "type": "Point",
        "coordinates": [
          104.067278,
          30.661874
        ]
      },
      "properties": {
        "name": "东华馨苑",
        "category": "residential",
        "type": "商务住宅;住宅区;住宅小区",
        "district": "青羊区",
        "weight": 7
      }
    },
    {
      "type": "Feature",
      "geometry": {
        "type": "Point",
        "coordinates": [
          104.071728,
          30.666403
        ]
      },
      "properties": {
        "name": "天府公寓",
        "category": "residential",
        "type": "商务住宅;住宅区;住宅小区",
        "district": "青羊区",
        "weight": 32
      }
    },
    {
      "type": "Feature",
      "geometry": {
        "type": "Point",
        "coordinates": [
          104.07068,
          30.661304
        ]
      },
      "properties": {
        "name": "总府路81号院",
        "category": "residential",
        "type": "商务住宅;住宅区;住宅小区",
        "district": "青羊区",
        "weight": 3
      }
    },
    {
      "type": "Feature",
      "geometry": {
        "type": "Point",
        "coordinates": [
          104.065071,
          30.662323
        ]
      },
      "properties": {
        "name": "人民中路一段小区",
        "category": "residential",
        "type": "商务住宅;住宅区;住宅小区",
        "district": "青羊区",
        "weight": 2
      }
    },
    {
      "type": "Feature",
      "geometry": {
        "type": "Point",
        "coordinates": [
          104.064234,
          30.663577
        ]
      },
      "properties": {
        "name": "人民中路一段9号院",
        "category": "residential",
        "type": "商务住宅;住宅区;住宅小区",
        "district": "青羊区",
        "weight": 1
      }
    },
    {
      "type": "Feature",
      "geometry": {
        "type": "Point",
        "coordinates": [
          104.067558,
          30.668811
        ]
      },
      "properties": {
        "name": "上升街14号院",
        "category": "residential",
        "type": "商务住宅;住宅区;住宅区",
        "district": "青羊区",
        "weight": 3
      }
    },
    {
      "type": "Feature",
      "geometry": {
        "type": "Point",
        "coordinates": [
          104.069342,
          30.660204
        ]
      },
      "properties": {
        "name": "红照壁小区",
        "category": "residential",
        "type": "商务住宅;住宅区;住宅小区",
        "district": "锦江区",
        "weight": 1
      }
    },
    {
      "type": "Feature",
      "geometry": {
        "type": "Point",
        "coordinates": [
          104.070962,
          30.660024
        ]
      },
      "properties": {
        "name": "横九龙巷44号院",
        "category": "residential",
        "type": "商务住宅;住宅区;住宅区",
        "district": "锦江区",
        "weight": 2
      }
    },
    {
      "type": "Feature",
      "geometry": {
        "type": "Point",
        "coordinates": [
          104.07234,
          30.659744
        ]
      },
      "properties": {
        "name": "暑袜中街48号院",
        "category": "residential",
        "type": "商务住宅;住宅区;住宅小区",
        "district": "锦江区",
        "weight": 2
      }
    },
    {
      "type": "Feature",
      "geometry": {
        "type": "Point",
        "coordinates": [
          104.075765,
          30.66231
        ]
      },
      "properties": {
        "name": "华兴苑(华兴上街)",
        "category": "residential",
        "type": "商务住宅;住宅区;住宅小区",
        "district": "锦江区",
        "weight": 1
      }
    },
    {
      "type": "Feature",
      "geometry": {
        "type": "Point",
        "coordinates": [
          104.081719,
          30.666021
        ]
      },
      "properties": {
        "name": "桂王桥东街2号院",
        "category": "residential",
        "type": "商务住宅;住宅区;住宅小区",
        "district": "锦江区",
        "weight": 5
      }
    },
    {
      "type": "Feature",
      "geometry": {
        "type": "Point",
        "coordinates": [
          104.08292,
          30.661172
        ]
      },
      "properties": {
        "name": "泰丰佳寓",
        "category": "residential",
        "type": "商务住宅;住宅区;住宅小区",
        "district": "锦江区",
        "weight": 22
      }
    },
    {
      "type": "Feature",
      "geometry": {
        "type": "Point",
        "coordinates": [
          104.07999,
          30.659517
        ]
      },
      "properties": {
        "name": "九龙仓",
        "category": "residential",
        "type": "商务住宅;住宅区;住宅区",
        "district": "锦江区",
        "weight": 8
      }
    },
    {
      "type": "Feature",
      "geometry": {
        "type": "Point",
        "coordinates": [
          104.083571,
          30.663665
        ]
      },
      "properties": {
        "name": "红星国际",
        "category": "residential",
        "type": "商务住宅;住宅区;住宅小区",
        "district": "锦江区",
        "weight": 3
      }
    },
    {
      "type": "Feature",
      "geometry": {
        "type": "Point",
        "coordinates": [
          104.07414,
          30.668076
        ]
      },
      "properties": {
        "name": "童子街庭苑",
        "category": "residential",
        "type": "商务住宅;住宅区;住宅小区",
        "district": "青羊区",
        "weight": 1
      }
    },
    {
      "type": "Feature",
      "geometry": {
        "type": "Point",
        "coordinates": [
          104.074029,
          30.659319
        ]
      },
      "properties": {
        "name": "中新街小区",
        "category": "residential",
        "type": "商务住宅;住宅区;住宅小区",
        "district": "锦江区",
        "weight": 9
      }
    },
    {
      "type": "Feature",
      "geometry": {
        "type": "Point",
        "coordinates": [
          104.088423,
          30.665172
        ]
      },
      "properties": {
        "name": "长城锦苑",
        "category": "residential",
        "type": "商务住宅;住宅区;住宅小区",
        "district": "锦江区",
        "weight": 1
      }
    },
    {
      "type": "Feature",
      "geometry": {
        "type": "Point",
        "coordinates": [
          104.092987,
          30.659564
        ]
      },
      "properties": {
        "name": "金叶村",
        "category": "residential",
        "type": "商务住宅;住宅区;住宅小区",
        "district": "成华区",
        "weight": 38
      }
    },
    {
      "type": "Feature",
      "geometry": {
        "type": "Point",
        "coordinates": [
          104.08534,
          30.662114
        ]
      },
      "properties": {
        "name": "四圣祠北街12号小区",
        "category": "residential",
        "type": "商务住宅;住宅区;住宅小区",
        "district": "锦江区",
        "weight": 2
      }
    },
    {
      "type": "Feature",
      "geometry": {
        "type": "Point",
        "coordinates": [
          104.093327,
          30.66332
        ]
      },
      "properties": {
        "name": "电信苑",
        "category": "residential",
        "type": "商务住宅;住宅区;住宅小区",
        "district": "成华区",
        "weight": 4
      }
    },
    {
      "type": "Feature",
      "geometry": {
        "type": "Point",
        "coordinates": [
          104.089994,
          30.668092
        ]
      },
      "properties": {
        "name": "大陆锦江华庭",
        "category": "residential",
        "type": "商务住宅;住宅区;住宅小区",
        "district": "锦江区",
        "weight": 1
      }
    },
    {
      "type": "Feature",
      "geometry": {
        "type": "Point",
        "coordinates": [
          104.084382,
          30.659818
        ]
      },
      "properties": {
        "name": "天涯南苑",
        "category": "residential",
        "type": "商务住宅;住宅区;住宅小区",
        "district": "锦江区",
        "weight": 3
      }
    },
    {
      "type": "Feature",
      "geometry": {
        "type": "Point",
        "coordinates": [
          104.098483,
          30.665616
        ]
      },
      "properties": {
        "name": "新鸿苑",
        "category": "residential",
        "type": "商务住宅;住宅区;住宅小区",
        "district": "成华区",
        "weight": 6
      }
    },
    {
      "type": "Feature",
      "geometry": {
        "type": "Point",
        "coordinates": [
          104.0967,
          30.663703
        ]
      },
      "properties": {
        "name": "航天苑",
        "category": "residential",
        "type": "商务住宅;住宅区;住宅小区",
        "district": "成华区",
        "weight": 16
      }
    },
    {
      "type": "Feature",
      "geometry": {
        "type": "Point",
        "coordinates": [
          104.100119,
          30.662748
        ]
      },
      "properties": {
        "name": "新鸿社区(西门)",
        "category": "residential",
        "type": "商务住宅;住宅区;住宅小区",
        "district": "成华区",
        "weight": 2
      }
    },
    {
      "type": "Feature",
      "geometry": {
        "type": "Point",
        "coordinates": [
          104.102216,
          30.665281
        ]
      },
      "properties": {
        "name": "千和苑",
        "category": "residential",
        "type": "商务住宅;住宅区;住宅小区",
        "district": "成华区",
        "weight": 13
      }
    },
    {
      "type": "Feature",
      "geometry": {
        "type": "Point",
        "coordinates": [
          104.099192,
          30.667333
        ]
      },
      "properties": {
        "name": "培华社区",
        "category": "residential",
        "type": "商务住宅;住宅区;住宅小区",
        "district": "成华区",
        "weight": 11
      }
    },
    {
      "type": "Feature",
      "geometry": {
        "type": "Point",
        "coordinates": [
          104.098051,
          30.661122
        ]
      },
      "properties": {
        "name": "平心苑",
        "category": "residential",
        "type": "商务住宅;住宅区;住宅小区",
        "district": "成华区",
        "weight": 22
      }
    },
    {
      "type": "Feature",
      "geometry": {
        "type": "Point",
        "coordinates": [
          104.095203,
          30.66521
        ]
      },
      "properties": {
        "name": "猛追湾街189号院",
        "category": "residential",
        "type": "商务住宅;住宅区;住宅小区",
        "district": "成华区",
        "weight": 3
      }
    },
    {
      "type": "Feature",
      "geometry": {
        "type": "Point",
        "coordinates": [
          104.095359,
          30.667259
        ]
      },
      "properties": {
        "name": "猛追小区",
        "category": "residential",
        "type": "商务住宅;住宅区;住宅小区",
        "district": "成华区",
        "weight": 5
      }
    },
    {
      "type": "Feature",
      "geometry": {
        "type": "Point",
        "coordinates": [
          104.101477,
          30.66285
        ]
      },
      "properties": {
        "name": "新鸿社区",
        "category": "residential",
        "type": "商务住宅;住宅区;住宅小区",
        "district": "成华区",
        "weight": 1
      }
    },
    {
      "type": "Feature",
      "geometry": {
        "type": "Point",
        "coordinates": [
          104.103308,
          30.66359
        ]
      },
      "properties": {
        "name": "城市博客C城",
        "category": "residential",
        "type": "商务住宅;住宅区;住宅小区",
        "district": "成华区",
        "weight": 2
      }
    },
    {
      "type": "Feature",
      "geometry": {
        "type": "Point",
        "coordinates": [
          104.095569,
          30.660775
        ]
      },
      "properties": {
        "name": "云星锦城",
        "category": "residential",
        "type": "商务住宅;住宅区;住宅区",
        "district": "成华区",
        "weight": 1
      }
    },
    {
      "type": "Feature",
      "geometry": {
        "type": "Point",
        "coordinates": [
          104.1017,
          30.668168
        ]
      },
      "properties": {
        "name": "南苑(培华西路)",
        "category": "residential",
        "type": "商务住宅;住宅区;住宅小区",
        "district": "成华区",
        "weight": 1
      }
    },
    {
      "type": "Feature",
      "geometry": {
        "type": "Point",
        "coordinates": [
          104.093839,
          30.661867
        ]
      },
      "properties": {
        "name": "双林路251号院",
        "category": "residential",
        "type": "商务住宅;住宅区;住宅区",
        "district": "成华区",
        "weight": 1
      }
    },
    {
      "type": "Feature",
      "geometry": {
        "type": "Point",
        "coordinates": [
          104.103701,
          30.661879
        ]
      },
      "properties": {
        "name": "新鸿2区",
        "category": "residential",
        "type": "商务住宅;住宅区;住宅区",
        "district": "成华区",
        "weight": 3
      }
    },
    {
      "type": "Feature",
      "geometry": {
        "type": "Point",
        "coordinates": [
          104.102712,
          30.660889
        ]
      },
      "properties": {
        "name": "双林北支路471号院",
        "category": "residential",
        "type": "商务住宅;住宅区;住宅小区",
        "district": "成华区",
        "weight": 1
      }
    },
    {
      "type": "Feature",
      "geometry": {
        "type": "Point",
        "coordinates": [
          104.094464,
          30.668494
        ]
      },
      "properties": {
        "name": "景馨园",
        "category": "residential",
        "type": "商务住宅;住宅区;住宅小区",
        "district": "成华区",
        "weight": 1
      }
    },
    {
      "type": "Feature",
      "geometry": {
        "type": "Point",
        "coordinates": [
          104.108987,
          30.663508
        ]
      },
      "properties": {
        "name": "小龙桥",
        "category": "residential",
        "type": "商务住宅;住宅区;住宅区",
        "district": "成华区",
        "weight": 2
      }
    },
    {
      "type": "Feature",
      "geometry": {
        "type": "Point",
        "coordinates": [
          104.107063,
          30.663042
        ]
      },
      "properties": {
        "name": "盛茗苑",
        "category": "residential",
        "type": "商务住宅;住宅区;住宅小区",
        "district": "成华区",
        "weight": 4
      }
    },
    {
      "type": "Feature",
      "geometry": {
        "type": "Point",
        "coordinates": [
          104.106825,
          30.665328
        ]
      },
      "properties": {
        "name": "光明馨苑西区",
        "category": "residential",
        "type": "商务住宅;住宅区;住宅小区",
        "district": "成华区",
        "weight": 1
      }
    },
    {
      "type": "Feature",
      "geometry": {
        "type": "Point",
        "coordinates": [
          104.108924,
          30.662344
        ]
      },
      "properties": {
        "name": "新龙苑",
        "category": "residential",
        "type": "商务住宅;住宅区;住宅小区",
        "district": "成华区",
        "weight": 1
      }
    },
    {
      "type": "Feature",
      "geometry": {
        "type": "Point",
        "coordinates": [
          104.110788,
          30.662607
        ]
      },
      "properties": {
        "name": "恒大豪庭",
        "category": "residential",
        "type": "商务住宅;住宅区;住宅小区",
        "district": "成华区",
        "weight": 1
      }
    },
    {
      "type": "Feature",
      "geometry": {
        "type": "Point",
        "coordinates": [
          104.111888,
          30.664366
        ]
      },
      "properties": {
        "name": "杉板桥社区",
        "category": "residential",
        "type": "商务住宅;住宅区;住宅小区",
        "district": "成华区",
        "weight": 3
      }
    },
    {
      "type": "Feature",
      "geometry": {
        "type": "Point",
        "coordinates": [
          104.108419,
          30.661417
        ]
      },
      "properties": {
        "name": "锦绣天地",
        "category": "residential",
        "type": "商务住宅;住宅区;住宅区",
        "district": "成华区",
        "weight": 1
      }
    },
    {
      "type": "Feature",
      "geometry": {
        "type": "Point",
        "coordinates": [
          104.109301,
          30.667407
        ]
      },
      "properties": {
        "name": "和信·融锦云湾",
        "category": "residential",
        "type": "商务住宅;住宅区;住宅区",
        "district": "成华区",
        "weight": 1
      }
    },
    {
      "type": "Feature",
      "geometry": {
        "type": "Point",
        "coordinates": [
          104.109491,
          30.661384
        ]
      },
      "properties": {
        "name": "中海·新华府",
        "category": "residential",
        "type": "商务住宅;住宅区;住宅小区",
        "district": "成华区",
        "weight": 1
      }
    },
    {
      "type": "Feature",
      "geometry": {
        "type": "Point",
        "coordinates": [
          104.105562,
          30.66231
        ]
      },
      "properties": {
        "name": "供电局家属院",
        "category": "residential",
        "type": "商务住宅;住宅区;住宅小区",
        "district": "成华区",
        "weight": 2
      }
    },
    {
      "type": "Feature",
      "geometry": {
        "type": "Point",
        "coordinates": [
          104.104506,
          30.6635
        ]
      },
      "properties": {
        "name": "新龙苑西区",
        "category": "residential",
        "type": "商务住宅;住宅区;住宅小区",
        "district": "成华区",
        "weight": 1
      }
    },
    {
      "type": "Feature",
      "geometry": {
        "type": "Point",
        "coordinates": [
          104.105595,
          30.661225
        ]
      },
      "properties": {
        "name": "馨地居",
        "category": "residential",
        "type": "商务住宅;住宅区;住宅小区",
        "district": "成华区",
        "weight": 2
      }
    },
    {
      "type": "Feature",
      "geometry": {
        "type": "Point",
        "coordinates": [
          104.108201,
          30.668157
        ]
      },
      "properties": {
        "name": "光明馨苑东区",
        "category": "residential",
        "type": "商务住宅;住宅区;住宅小区",
        "district": "成华区",
        "weight": 1
      }
    },
    {
      "type": "Feature",
      "geometry": {
        "type": "Point",
        "coordinates": [
          104.113092,
          30.664458
        ]
      },
      "properties": {
        "name": "海棠名居",
        "category": "residential",
        "type": "商务住宅;住宅区;住宅小区",
        "district": "成华区",
        "weight": 1
      }
    },
    {
      "type": "Feature",
      "geometry": {
        "type": "Point",
        "coordinates": [
          104.11118,
          30.661144
        ]
      },
      "properties": {
        "name": "恒大景帝(建设中)",
        "category": "residential",
        "type": "商务住宅;住宅区;住宅小区",
        "district": "成华区",
        "weight": 1
      }
    },
    {
      "type": "Feature",
      "geometry": {
        "type": "Point",
        "coordinates": [
          104.108413,
          30.660399
        ]
      },
      "properties": {
        "name": "中建新华府",
        "category": "residential",
        "type": "商务住宅;住宅区;住宅区",
        "district": "成华区",
        "weight": 1
      }
    },
    {
      "type": "Feature",
      "geometry": {
        "type": "Point",
        "coordinates": [
          104.104414,
          30.666382
        ]
      },
      "properties": {
        "name": "欣苑(建设南新路)",
        "category": "residential",
        "type": "商务住宅;住宅区;住宅小区",
        "district": "成华区",
        "weight": 1
      }
    },
    {
      "type": "Feature",
      "geometry": {
        "type": "Point",
        "coordinates": [
          104.113219,
          30.666828
        ]
      },
      "properties": {
        "name": "保利东方中心",
        "category": "residential",
        "type": "商务住宅;住宅区;住宅区",
        "district": "成华区",
        "weight": 1
      }
    },
    {
      "type": "Feature",
      "geometry": {
        "type": "Point",
        "coordinates": [
          104.104164,
          30.660433
        ]
      },
      "properties": {
        "name": "新鸿1区",
        "category": "residential",
        "type": "商务住宅;住宅区;住宅区",
        "district": "成华区",
        "weight": 1
      }
    },
    {
      "type": "Feature",
      "geometry": {
        "type": "Point",
        "coordinates": [
          104.103871,
          30.668583
        ]
      },
      "properties": {
        "name": "红光小区(培华东路)",
        "category": "residential",
        "type": "商务住宅;住宅区;住宅小区",
        "district": "成华区",
        "weight": 1
      }
    },
    {
      "type": "Feature",
      "geometry": {
        "type": "Point",
        "coordinates": [
          104.114443,
          30.658245
        ]
      },
      "properties": {
        "name": "十号院",
        "category": "residential",
        "type": "商务住宅;住宅区;住宅小区",
        "district": "成华区",
        "weight": 20
      }
    },
    {
      "type": "Feature",
      "geometry": {
        "type": "Point",
        "coordinates": [
          104.118205,
          30.664846
        ]
      },
      "properties": {
        "name": "跳蹬河北路小区",
        "category": "residential",
        "type": "商务住宅;住宅区;住宅小区",
        "district": "成华区",
        "weight": 1
      }
    },
    {
      "type": "Feature",
      "geometry": {
        "type": "Point",
        "coordinates": [
          104.117159,
          30.665859
        ]
      },
      "properties": {
        "name": "榜样",
        "category": "residential",
        "type": "商务住宅;住宅区;住宅小区",
        "district": "成华区",
        "weight": 3
      }
    },
    {
      "type": "Feature",
      "geometry": {
        "type": "Point",
        "coordinates": [
          104.116949,
          30.66262
        ]
      },
      "properties": {
        "name": "锦绣东方(东秀一路)",
        "category": "residential",
        "type": "商务住宅;住宅区;住宅小区",
        "district": "成华区",
        "weight": 1
      }
    },
    {
      "type": "Feature",
      "geometry": {
        "type": "Point",
        "coordinates": [
          104.115474,
          30.665907
        ]
      },
      "properties": {
        "name": "汇厦·沙河锦庭",
        "category": "residential",
        "type": "商务住宅;住宅区;住宅小区",
        "district": "成华区",
        "weight": 1
      }
    },
    {
      "type": "Feature",
      "geometry": {
        "type": "Point",
        "coordinates": [
          104.114788,
          30.663786
        ]
      },
      "properties": {
        "name": "锦绣东方2期",
        "category": "residential",
        "type": "商务住宅;住宅区;住宅小区",
        "district": "成华区",
        "weight": 1
      }
    },
    {
      "type": "Feature",
      "geometry": {
        "type": "Point",
        "coordinates": [
          104.121032,
          30.660954
        ]
      },
      "properties": {
        "name": "成都热电厂生活区",
        "category": "residential",
        "type": "商务住宅;住宅区;住宅小区",
        "district": "成华区",
        "weight": 1
      }
    },
    {
      "type": "Feature",
      "geometry": {
        "type": "Point",
        "coordinates": [
          104.118987,
          30.668588
        ]
      },
      "properties": {
        "name": "万科金色乐府",
        "category": "residential",
        "type": "商务住宅;住宅区;住宅小区",
        "district": "成华区",
        "weight": 1
      }
    },
    {
      "type": "Feature",
      "geometry": {
        "type": "Point",
        "coordinates": [
          104.115185,
          30.667948
        ]
      },
      "properties": {
        "name": "保利·康桥",
        "category": "residential",
        "type": "商务住宅;住宅区;住宅小区",
        "district": "成华区",
        "weight": 1
      }
    },
    {
      "type": "Feature",
      "geometry": {
        "type": "Point",
        "coordinates": [
          104.113915,
          30.661745
        ]
      },
      "properties": {
        "name": "九龙仓·御园",
        "category": "residential",
        "type": "商务住宅;住宅区;住宅小区",
        "district": "成华区",
        "weight": 2
      }
    },
    {
      "type": "Feature",
      "geometry": {
        "type": "Point",
        "coordinates": [
          104.13098,
          30.663031
        ]
      },
      "properties": {
        "name": "上霖东方",
        "category": "residential",
        "type": "商务住宅;住宅区;住宅小区",
        "district": "成华区",
        "weight": 4
      }
    },
    {
      "type": "Feature",
      "geometry": {
        "type": "Point",
        "coordinates": [
          104.126587,
          30.663246
        ]
      },
      "properties": {
        "name": "蓝光东方天地",
        "category": "residential",
        "type": "商务住宅;住宅区;住宅小区",
        "district": "成华区",
        "weight": 1
      }
    },
    {
      "type": "Feature",
      "geometry": {
        "type": "Point",
        "coordinates": [
          104.133269,
          30.667716
        ]
      },
      "properties": {
        "name": "安逸园",
        "category": "residential",
        "type": "商务住宅;住宅区;住宅小区",
        "district": "成华区",
        "weight": 1
      }
    },
    {
      "type": "Feature",
      "geometry": {
        "type": "Point",
        "coordinates": [
          104.131549,
          30.666854
        ]
      },
      "properties": {
        "name": "云水苑(中环路崔家店路段)",
        "category": "residential",
        "type": "商务住宅;住宅区;住宅小区",
        "district": "成华区",
        "weight": 1
      }
    },
    {
      "type": "Feature",
      "geometry": {
        "type": "Point",
        "coordinates": [
          104.128303,
          30.663681
        ]
      },
      "properties": {
        "name": "华都云景台(建设中)",
        "category": "residential",
        "type": "商务住宅;住宅区;住宅小区",
        "district": "成华区",
        "weight": 1
      }
    },
    {
      "type": "Feature",
      "geometry": {
        "type": "Point",
        "coordinates": [
          104.125133,
          30.665008
        ]
      },
      "properties": {
        "name": "中粮锦云",
        "category": "residential",
        "type": "商务住宅;住宅区;住宅小区",
        "district": "成华区",
        "weight": 1
      }
    },
    {
      "type": "Feature",
      "geometry": {
        "type": "Point",
        "coordinates": [
          104.12651,
          30.668974
        ]
      },
      "properties": {
        "name": "跳蹬河社区",
        "category": "residential",
        "type": "商务住宅;住宅区;住宅小区",
        "district": "成华区",
        "weight": 1
      }
    },
    {
      "type": "Feature",
      "geometry": {
        "type": "Point",
        "coordinates": [
          104.134167,
          30.665365
        ]
      },
      "properties": {
        "name": "天空城",
        "category": "residential",
        "type": "商务住宅;住宅区;住宅小区",
        "district": "成华区",
        "weight": 1
      }
    },
    {
      "type": "Feature",
      "geometry": {
        "type": "Point",
        "coordinates": [
          104.140296,
          30.668331
        ]
      },
      "properties": {
        "name": "华西花园",
        "category": "residential",
        "type": "商务住宅;住宅区;住宅小区",
        "district": "成华区",
        "weight": 1
      }
    },
    {
      "type": "Feature",
      "geometry": {
        "type": "Point",
        "coordinates": [
          104.143266,
          30.665669
        ]
      },
      "properties": {
        "name": "舜和家园",
        "category": "residential",
        "type": "商务住宅;住宅区;住宅小区",
        "district": "成华区",
        "weight": 4
      }
    },
    {
      "type": "Feature",
      "geometry": {
        "type": "Point",
        "coordinates": [
          104.139199,
          30.668498
        ]
      },
      "properties": {
        "name": "四川省省建二公司生活区",
        "category": "residential",
        "type": "商务住宅;住宅区;住宅小区",
        "district": "成华区",
        "weight": 1
      }
    },
    {
      "type": "Feature",
      "geometry": {
        "type": "Point",
        "coordinates": [
          104.148163,
          30.659691
        ]
      },
      "properties": {
        "name": "东方·惠城B区",
        "category": "residential",
        "type": "商务住宅;住宅区;住宅小区",
        "district": "成华区",
        "weight": 1
      }
    },
    {
      "type": "Feature",
      "geometry": {
        "type": "Point",
        "coordinates": [
          104.144839,
          30.659857
        ]
      },
      "properties": {
        "name": "和悦庭院B区",
        "category": "residential",
        "type": "商务住宅;住宅区;住宅小区",
        "district": "成华区",
        "weight": 1
      }
    },
    {
      "type": "Feature",
      "geometry": {
        "type": "Point",
        "coordinates": [
          104.144065,
          30.666866
        ]
      },
      "properties": {
        "name": "舜惠家园",
        "category": "residential",
        "type": "商务住宅;住宅区;住宅小区",
        "district": "成华区",
        "weight": 1
      }
    },
    {
      "type": "Feature",
      "geometry": {
        "type": "Point",
        "coordinates": [
          103.966856,
          30.650341
        ]
      },
      "properties": {
        "name": "半边街新居",
        "category": "residential",
        "type": "商务住宅;住宅区;住宅小区",
        "district": "武侯区",
        "weight": 4
      }
    },
    {
      "type": "Feature",
      "geometry": {
        "type": "Point",
        "coordinates": [
          103.973775,
          30.657156
        ]
      },
      "properties": {
        "name": "正成星光大道",
        "category": "residential",
        "type": "商务住宅;住宅区;住宅区",
        "district": "武侯区",
        "weight": 1
      }
    },
    {
      "type": "Feature",
      "geometry": {
        "type": "Point",
        "coordinates": [
          103.980671,
          30.653665
        ]
      },
      "properties": {
        "name": "花木林",
        "category": "residential",
        "type": "商务住宅;住宅区;住宅小区",
        "district": "武侯区",
        "weight": 1
      }
    },
    {
      "type": "Feature",
      "geometry": {
        "type": "Point",
        "coordinates": [
          103.9772,
          30.649953
        ]
      },
      "properties": {
        "name": "富邑华庭",
        "category": "residential",
        "type": "商务住宅;住宅区;住宅小区",
        "district": "武侯区",
        "weight": 2
      }
    },
    {
      "type": "Feature",
      "geometry": {
        "type": "Point",
        "coordinates": [
          103.981385,
          30.650504
        ]
      },
      "properties": {
        "name": "星悦领地",
        "category": "residential",
        "type": "商务住宅;住宅区;住宅小区",
        "district": "武侯区",
        "weight": 2
      }
    },
    {
      "type": "Feature",
      "geometry": {
        "type": "Point",
        "coordinates": [
          103.975944,
          30.659369
        ]
      },
      "properties": {
        "name": "美丽庭院",
        "category": "residential",
        "type": "商务住宅;住宅区;住宅小区",
        "district": "武侯区",
        "weight": 1
      }
    },
    {
      "type": "Feature",
      "geometry": {
        "type": "Point",
        "coordinates": [
          103.978758,
          30.658273
        ]
      },
      "properties": {
        "name": "鑫盛苑",
        "category": "residential",
        "type": "商务住宅;住宅区;住宅小区",
        "district": "武侯区",
        "weight": 1
      }
    },
    {
      "type": "Feature",
      "geometry": {
        "type": "Point",
        "coordinates": [
          103.975041,
          30.650315
        ]
      },
      "properties": {
        "name": "嘉楠美地",
        "category": "residential",
        "type": "商务住宅;住宅区;住宅小区",
        "district": "武侯区",
        "weight": 1
      }
    },
    {
      "type": "Feature",
      "geometry": {
        "type": "Point",
        "coordinates": [
          103.983107,
          30.653853
        ]
      },
      "properties": {
        "name": "金阳不夜",
        "category": "residential",
        "type": "商务住宅;住宅区;住宅小区",
        "district": "武侯区",
        "weight": 1
      }
    },
    {
      "type": "Feature",
      "geometry": {
        "type": "Point",
        "coordinates": [
          103.97533,
          30.654256
        ]
      },
      "properties": {
        "name": "星语双城",
        "category": "residential",
        "type": "商务住宅;住宅区;住宅小区",
        "district": "武侯区",
        "weight": 5
      }
    },
    {
      "type": "Feature",
      "geometry": {
        "type": "Point",
        "coordinates": [
          103.977079,
          30.659069
        ]
      },
      "properties": {
        "name": "上水花苑",
        "category": "residential",
        "type": "商务住宅;住宅区;住宅区",
        "district": "武侯区",
        "weight": 1
      }
    },
    {
      "type": "Feature",
      "geometry": {
        "type": "Point",
        "coordinates": [
          103.978486,
          30.65124
        ]
      },
      "properties": {
        "name": "好园小区",
        "category": "residential",
        "type": "商务住宅;住宅区;住宅小区",
        "district": "武侯区",
        "weight": 1
      }
    },
    {
      "type": "Feature",
      "geometry": {
        "type": "Point",
        "coordinates": [
          103.989716,
          30.654134
        ]
      },
      "properties": {
        "name": "喜宇天宇住宅区",
        "category": "residential",
        "type": "商务住宅;住宅区;住宅小区",
        "district": "武侯区",
        "weight": 1
      }
    },
    {
      "type": "Feature",
      "geometry": {
        "type": "Point",
        "coordinates": [
          103.989842,
          30.655327
        ]
      },
      "properties": {
        "name": "中央花园跃层洋楼精装版2区",
        "category": "residential",
        "type": "商务住宅;住宅区;住宅小区",
        "district": "武侯区",
        "weight": 1
      }
    },
    {
      "type": "Feature",
      "geometry": {
        "type": "Point",
        "coordinates": [
          103.987337,
          30.654831
        ]
      },
      "properties": {
        "name": "花香庭园",
        "category": "residential",
        "type": "商务住宅;住宅区;住宅小区",
        "district": "武侯区",
        "weight": 1
      }
    },
    {
      "type": "Feature",
      "geometry": {
        "type": "Point",
        "coordinates": [
          103.988321,
          30.656465
        ]
      },
      "properties": {
        "name": "清水苑",
        "category": "residential",
        "type": "商务住宅;住宅区;住宅小区",
        "district": "武侯区",
        "weight": 1
      }
    },
    {
      "type": "Feature",
      "geometry": {
        "type": "Point",
        "coordinates": [
          103.99063,
          30.652027
        ]
      },
      "properties": {
        "name": "唐庄",
        "category": "residential",
        "type": "商务住宅;住宅区;住宅小区",
        "district": "武侯区",
        "weight": 2
      }
    },
    {
      "type": "Feature",
      "geometry": {
        "type": "Point",
        "coordinates": [
          103.991908,
          30.653108
        ]
      },
      "properties": {
        "name": "中央花园3期",
        "category": "residential",
        "type": "商务住宅;住宅区;住宅小区",
        "district": "武侯区",
        "weight": 1
      }
    },
    {
      "type": "Feature",
      "geometry": {
        "type": "Point",
        "coordinates": [
          103.984597,
          30.654378
        ]
      },
      "properties": {
        "name": "万福苑A区",
        "category": "residential",
        "type": "商务住宅;住宅区;住宅小区",
        "district": "武侯区",
        "weight": 1
      }
    },
    {
      "type": "Feature",
      "geometry": {
        "type": "Point",
        "coordinates": [
          103.993099,
          30.654863
        ]
      },
      "properties": {
        "name": "沙竹苑",
        "category": "residential",
        "type": "商务住宅;住宅区;住宅小区",
        "district": "武侯区",
        "weight": 1
      }
    },
    {
      "type": "Feature",
      "geometry": {
        "type": "Point",
        "coordinates": [
          103.98655,
          30.651124
        ]
      },
      "properties": {
        "name": "香楠阳光",
        "category": "residential",
        "type": "商务住宅;住宅区;住宅小区",
        "district": "武侯区",
        "weight": 2
      }
    },
    {
      "type": "Feature",
      "geometry": {
        "type": "Point",
        "coordinates": [
          103.990305,
          30.658519
        ]
      },
      "properties": {
        "name": "清荷苑(万寿桥南路)",
        "category": "residential",
        "type": "商务住宅;住宅区;住宅小区",
        "district": "武侯区",
        "weight": 1
      }
    },
    {
      "type": "Feature",
      "geometry": {
        "type": "Point",
        "coordinates": [
          103.991711,
          30.650631
        ]
      },
      "properties": {
        "name": "龙湖·金楠星座",
        "category": "residential",
        "type": "商务住宅;住宅区;住宅小区",
        "district": "武侯区",
        "weight": 2
      }
    },
    {
      "type": "Feature",
      "geometry": {
        "type": "Point",
        "coordinates": [
          103.984284,
          30.652181
        ]
      },
      "properties": {
        "name": "万福苑B区",
        "category": "residential",
        "type": "商务住宅;住宅区;住宅小区",
        "district": "武侯区",
        "weight": 2
      }
    },
    {
      "type": "Feature",
      "geometry": {
        "type": "Point",
        "coordinates": [
          103.984918,
          30.651039
        ]
      },
      "properties": {
        "name": "杏外庭院",
        "category": "residential",
        "type": "商务住宅;住宅区;住宅区",
        "district": "武侯区",
        "weight": 1
      }
    },
    {
      "type": "Feature",
      "geometry": {
        "type": "Point",
        "coordinates": [
          103.999143,
          30.653477
        ]
      },
      "properties": {
        "name": "互盛佳苑",
        "category": "residential",
        "type": "商务住宅;住宅区;住宅小区",
        "district": "武侯区",
        "weight": 4
      }
    },
    {
      "type": "Feature",
      "geometry": {
        "type": "Point",
        "coordinates": [
          103.99827,
          30.655242
        ]
      },
      "properties": {
        "name": "橄榄苑3期",
        "category": "residential",
        "type": "商务住宅;住宅区;住宅小区",
        "district": "武侯区",
        "weight": 1
      }
    },
    {
      "type": "Feature",
      "geometry": {
        "type": "Point",
        "coordinates": [
          103.999664,
          30.656179
        ]
      },
      "properties": {
        "name": "五大花园",
        "category": "residential",
        "type": "商务住宅;住宅区;住宅小区|住宿服务;宾馆酒店;宾馆酒店",
        "district": "武侯区",
        "weight": 9
      }
    },
    {
      "type": "Feature",
      "geometry": {
        "type": "Point",
        "coordinates": [
          103.996428,
          30.654448
        ]
      },
      "properties": {
        "name": "颐和雅居",
        "category": "residential",
        "type": "商务住宅;住宅区;住宅小区",
        "district": "武侯区",
        "weight": 1
      }
    },
    {
      "type": "Feature",
      "geometry": {
        "type": "Point",
        "coordinates": [
          103.997581,
          30.652265
        ]
      },
      "properties": {
        "name": "西郡香林",
        "category": "residential",
        "type": "商务住宅;住宅区;住宅小区",
        "district": "武侯区",
        "weight": 1
      }
    },
    {
      "type": "Feature",
      "geometry": {
        "type": "Point",
        "coordinates": [
          103.995969,
          30.653311
        ]
      },
      "properties": {
        "name": "星辰花园",
        "category": "residential",
        "type": "商务住宅;住宅区;住宅小区",
        "district": "武侯区",
        "weight": 1
      }
    },
    {
      "type": "Feature",
      "geometry": {
        "type": "Point",
        "coordinates": [
          104.002036,
          30.655122
        ]
      },
      "properties": {
        "name": "西城锦绣",
        "category": "residential",
        "type": "商务住宅;住宅区;住宅小区",
        "district": "武侯区",
        "weight": 1
      }
    },
    {
      "type": "Feature",
      "geometry": {
        "type": "Point",
        "coordinates": [
          103.994605,
          30.653983
        ]
      },
      "properties": {
        "name": "中央花园精1区",
        "category": "residential",
        "type": "商务住宅;住宅区;住宅小区",
        "district": "武侯区",
        "weight": 1
      }
    },
    {
      "type": "Feature",
      "geometry": {
        "type": "Point",
        "coordinates": [
          103.995737,
          30.657189
        ]
      },
      "properties": {
        "name": "中央花园2期",
        "category": "residential",
        "type": "商务住宅;住宅区;住宅小区",
        "district": "武侯区",
        "weight": 1
      }
    },
    {
      "type": "Feature",
      "geometry": {
        "type": "Point",
        "coordinates": [
          104.002526,
          30.652938
        ]
      },
      "properties": {
        "name": "双景秀庭",
        "category": "residential",
        "type": "商务住宅;住宅区;住宅小区",
        "district": "武侯区",
        "weight": 1
      }
    },
    {
      "type": "Feature",
      "geometry": {
        "type": "Point",
        "coordinates": [
          103.998865,
          30.65086
        ]
      },
      "properties": {
        "name": "会所·花园",
        "category": "residential",
        "type": "商务住宅;住宅区;住宅小区",
        "district": "武侯区",
        "weight": 1
      }
    },
    {
      "type": "Feature",
      "geometry": {
        "type": "Point",
        "coordinates": [
          103.9978,
          30.650807
        ]
      },
      "properties": {
        "name": "会所·金澜苑(晋康街)",
        "category": "residential",
        "type": "商务住宅;住宅区;住宅小区",
        "district": "武侯区",
        "weight": 1
      }
    },
    {
      "type": "Feature",
      "geometry": {
        "type": "Point",
        "coordinates": [
          104.001883,
          30.651504
        ]
      },
      "properties": {
        "name": "金钻2期",
        "category": "residential",
        "type": "商务住宅;住宅区;住宅小区",
        "district": "武侯区",
        "weight": 1
      }
    },
    {
      "type": "Feature",
      "geometry": {
        "type": "Point",
        "coordinates": [
          104.002228,
          30.657469
        ]
      },
      "properties": {
        "name": "解甲园",
        "category": "residential",
        "type": "商务住宅;住宅区;住宅小区",
        "district": "武侯区",
        "weight": 1
      }
    },
    {
      "type": "Feature",
      "geometry": {
        "type": "Point",
        "coordinates": [
          103.996206,
          30.650845
        ]
      },
      "properties": {
        "name": "瑞泰锦城",
        "category": "residential",
        "type": "商务住宅;住宅区;住宅小区",
        "district": "武侯区",
        "weight": 1
      }
    },
    {
      "type": "Feature",
      "geometry": {
        "type": "Point",
        "coordinates": [
          104.001069,
          30.658679
        ]
      },
      "properties": {
        "name": "海天阁",
        "category": "residential",
        "type": "商务住宅;住宅区;住宅小区",
        "district": "武侯区",
        "weight": 1
      }
    },
    {
      "type": "Feature",
      "geometry": {
        "type": "Point",
        "coordinates": [
          103.999263,
          30.649782
        ]
      },
      "properties": {
        "name": "会所·金澜苑",
        "category": "residential",
        "type": "商务住宅;住宅区;住宅小区",
        "district": "武侯区",
        "weight": 1
      }
    },
    {
      "type": "Feature",
      "geometry": {
        "type": "Point",
        "coordinates": [
          104.003689,
          30.65176
        ]
      },
      "properties": {
        "name": "红运花园",
        "category": "residential",
        "type": "商务住宅;住宅区;住宅小区",
        "district": "武侯区",
        "weight": 1
      }
    },
    {
      "type": "Feature",
      "geometry": {
        "type": "Point",
        "coordinates": [
          104.002825,
          30.65012
        ]
      },
      "properties": {
        "name": "晋阳社区",
        "category": "residential",
        "type": "商务住宅;住宅区;住宅小区",
        "district": "武侯区",
        "weight": 2
      }
    },
    {
      "type": "Feature",
      "geometry": {
        "type": "Point",
        "coordinates": [
          104.008167,
          30.653838
        ]
      },
      "properties": {
        "name": "丽景华庭2期",
        "category": "residential",
        "type": "商务住宅;住宅区;住宅小区",
        "district": "武侯区",
        "weight": 1
      }
    },
    {
      "type": "Feature",
      "geometry": {
        "type": "Point",
        "coordinates": [
          104.009755,
          30.655392
        ]
      },
      "properties": {
        "name": "炎华置信花间集",
        "category": "residential",
        "type": "商务住宅;住宅区;住宅小区",
        "district": "武侯区",
        "weight": 1
      }
    },
    {
      "type": "Feature",
      "geometry": {
        "type": "Point",
        "coordinates": [
          104.010452,
          30.653558
        ]
      },
      "properties": {
        "name": "龙华北路9号院",
        "category": "residential",
        "type": "商务住宅;住宅区;住宅小区",
        "district": "武侯区",
        "weight": 1
      }
    },
    {
      "type": "Feature",
      "geometry": {
        "type": "Point",
        "coordinates": [
          104.009658,
          30.652842
        ]
      },
      "properties": {
        "name": "龙安街2号院",
        "category": "residential",
        "type": "商务住宅;住宅区;住宅小区",
        "district": "武侯区",
        "weight": 1
      }
    },
    {
      "type": "Feature",
      "geometry": {
        "type": "Point",
        "coordinates": [
          104.00715,
          30.652875
        ]
      },
      "properties": {
        "name": "龙安街10号大院",
        "category": "residential",
        "type": "商务住宅;住宅区;住宅小区",
        "district": "武侯区",
        "weight": 1
      }
    },
    {
      "type": "Feature",
      "geometry": {
        "type": "Point",
        "coordinates": [
          104.011035,
          30.652607
        ]
      },
      "properties": {
        "name": "龙湾生活广场",
        "category": "residential",
        "type": "商务住宅;住宅区;住宅小区",
        "district": "武侯区",
        "weight": 1
      }
    },
    {
      "type": "Feature",
      "geometry": {
        "type": "Point",
        "coordinates": [
          104.007335,
          30.651973
        ]
      },
      "properties": {
        "name": "绿城花园(龙安街)",
        "category": "residential",
        "type": "商务住宅;住宅区;住宅小区",
        "district": "武侯区",
        "weight": 1
      }
    },
    {
      "type": "Feature",
      "geometry": {
        "type": "Point",
        "coordinates": [
          104.011847,
          30.655283
        ]
      },
      "properties": {
        "name": "加怡名城",
        "category": "residential",
        "type": "商务住宅;住宅区;住宅小区",
        "district": "武侯区",
        "weight": 1
      }
    },
    {
      "type": "Feature",
      "geometry": {
        "type": "Point",
        "coordinates": [
          104.011894,
          30.653857
        ]
      },
      "properties": {
        "name": "鑫盛白兰地",
        "category": "residential",
        "type": "商务住宅;住宅区;住宅小区",
        "district": "武侯区",
        "weight": 1
      }
    },
    {
      "type": "Feature",
      "geometry": {
        "type": "Point",
        "coordinates": [
          104.005481,
          30.653309
        ]
      },
      "properties": {
        "name": "金林俊景",
        "category": "residential",
        "type": "商务住宅;住宅区;住宅小区",
        "district": "武侯区",
        "weight": 1
      }
    },
    {
      "type": "Feature",
      "geometry": {
        "type": "Point",
        "coordinates": [
          104.010092,
          30.651422
        ]
      },
      "properties": {
        "name": "西藏花园",
        "category": "residential",
        "type": "商务住宅;住宅区;住宅小区",
        "district": "武侯区",
        "weight": 1
      }
    },
    {
      "type": "Feature",
      "geometry": {
        "type": "Point",
        "coordinates": [
          104.012088,
          30.656591
        ]
      },
      "properties": {
        "name": "泊景湾",
        "category": "residential",
        "type": "商务住宅;住宅区;住宅小区",
        "district": "武侯区",
        "weight": 1
      }
    },
    {
      "type": "Feature",
      "geometry": {
        "type": "Point",
        "coordinates": [
          104.009365,
          30.658187
        ]
      },
      "properties": {
        "name": "成都花园",
        "category": "residential",
        "type": "商务住宅;住宅区;住宅小区",
        "district": "青羊区",
        "weight": 1
      }
    },
    {
      "type": "Feature",
      "geometry": {
        "type": "Point",
        "coordinates": [
          104.012526,
          30.652804
        ]
      },
      "properties": {
        "name": "龙华阳光",
        "category": "residential",
        "type": "商务住宅;住宅区;住宅小区",
        "district": "武侯区",
        "weight": 1
      }
    },
    {
      "type": "Feature",
      "geometry": {
        "type": "Point",
        "coordinates": [
          104.005555,
          30.651947
        ]
      },
      "properties": {
        "name": "正基·城市主场",
        "category": "residential",
        "type": "商务住宅;住宅区;住宅小区",
        "district": "武侯区",
        "weight": 1
      }
    },
    {
      "type": "Feature",
      "geometry": {
        "type": "Point",
        "coordinates": [
          104.007092,
          30.650969
        ]
      },
      "properties": {
        "name": "龙锦花园",
        "category": "residential",
        "type": "商务住宅;住宅区;住宅小区",
        "district": "武侯区",
        "weight": 1
      }
    },
    {
      "type": "Feature",
      "geometry": {
        "type": "Point",
        "coordinates": [
          104.013165,
          30.655706
        ]
      },
      "properties": {
        "name": "龙腾小区",
        "category": "residential",
        "type": "商务住宅;住宅区;住宅小区",
        "district": "武侯区",
        "weight": 2
      }
    },
    {
      "type": "Feature",
      "geometry": {
        "type": "Point",
        "coordinates": [
          104.014185,
          30.65377
        ]
      },
      "properties": {
        "name": "众和西景",
        "category": "residential",
        "type": "商务住宅;住宅区;住宅小区",
        "district": "武侯区",
        "weight": 3
      }
    },
    {
      "type": "Feature",
      "geometry": {
        "type": "Point",
        "coordinates": [
          104.003927,
          30.654939
        ]
      },
      "properties": {
        "name": "水润缇香",
        "category": "residential",
        "type": "商务住宅;住宅区;住宅小区",
        "district": "武侯区",
        "weight": 1
      }
    },
    {
      "type": "Feature",
      "geometry": {
        "type": "Point",
        "coordinates": [
          104.003814,
          30.653669
        ]
      },
      "properties": {
        "name": "红运花园1期",
        "category": "residential",
        "type": "商务住宅;住宅区;住宅区",
        "district": "武侯区",
        "weight": 1
      }
    },
    {
      "type": "Feature",
      "geometry": {
        "type": "Point",
        "coordinates": [
          104.004872,
          30.657978
        ]
      },
      "properties": {
        "name": "润锦城",
        "category": "residential",
        "type": "商务住宅;住宅区;住宅小区",
        "district": "青羊区",
        "weight": 2
      }
    },
    {
      "type": "Feature",
      "geometry": {
        "type": "Point",
        "coordinates": [
          104.012582,
          30.651366
        ]
      },
      "properties": {
        "name": "嘉瑞苑华美居",
        "category": "residential",
        "type": "商务住宅;住宅区;住宅小区",
        "district": "武侯区",
        "weight": 1
      }
    },
    {
      "type": "Feature",
      "geometry": {
        "type": "Point",
        "coordinates": [
          104.010171,
          30.650078
        ]
      },
      "properties": {
        "name": "美丽星",
        "category": "residential",
        "type": "商务住宅;住宅区;住宅小区",
        "district": "武侯区",
        "weight": 1
      }
    },
    {
      "type": "Feature",
      "geometry": {
        "type": "Point",
        "coordinates": [
          104.013155,
          30.657862
        ]
      },
      "properties": {
        "name": "中海·龙湾半岛龙园",
        "category": "residential",
        "type": "商务住宅;住宅区;住宅小区",
        "district": "武侯区",
        "weight": 1
      }
    },
    {
      "type": "Feature",
      "geometry": {
        "type": "Point",
        "coordinates": [
          104.017506,
          30.653624
        ]
      },
      "properties": {
        "name": "喜丽佳园",
        "category": "residential",
        "type": "商务住宅;住宅区;住宅小区",
        "district": "武侯区",
        "weight": 2
      }
    },
    {
      "type": "Feature",
      "geometry": {
        "type": "Point",
        "coordinates": [
          104.01883,
          30.653174
        ]
      },
      "properties": {
        "name": "双楠所有阳光",
        "category": "residential",
        "type": "商务住宅;住宅区;住宅小区",
        "district": "武侯区",
        "weight": 1
      }
    },
    {
      "type": "Feature",
      "geometry": {
        "type": "Point",
        "coordinates": [
          104.01746,
          30.652397
        ]
      },
      "properties": {
        "name": "爱丁堡(天乐街)",
        "category": "residential",
        "type": "商务住宅;住宅区;住宅小区",
        "district": "武侯区",
        "weight": 1
      }
    },
    {
      "type": "Feature",
      "geometry": {
        "type": "Point",
        "coordinates": [
          104.017183,
          30.656936
        ]
      },
      "properties": {
        "name": "杜甫花园",
        "category": "residential",
        "type": "商务住宅;住宅区;住宅小区",
        "district": "武侯区",
        "weight": 2
      }
    },
    {
      "type": "Feature",
      "geometry": {
        "type": "Point",
        "coordinates": [
          104.020562,
          30.651765
        ]
      },
      "properties": {
        "name": "四川省文化公寓",
        "category": "residential",
        "type": "商务住宅;住宅区;住宅小区",
        "district": "武侯区",
        "weight": 3
      }
    },
    {
      "type": "Feature",
      "geometry": {
        "type": "Point",
        "coordinates": [
          104.020645,
          30.656715
        ]
      },
      "properties": {
        "name": "浣花小区(二环路西一段)",
        "category": "residential",
        "type": "商务住宅;住宅区;住宅小区",
        "district": "青羊区",
        "weight": 1
      }
    },
    {
      "type": "Feature",
      "geometry": {
        "type": "Point",
        "coordinates": [
          104.024829,
          30.652016
        ]
      },
      "properties": {
        "name": "雅然居",
        "category": "residential",
        "type": "商务住宅;住宅区;住宅小区",
        "district": "武侯区",
        "weight": 14
      }
    },
    {
      "type": "Feature",
      "geometry": {
        "type": "Point",
        "coordinates": [
          104.018739,
          30.651417
        ]
      },
      "properties": {
        "name": "远鸿·方程式",
        "category": "residential",
        "type": "商务住宅;住宅区;住宅小区",
        "district": "武侯区",
        "weight": 2
      }
    },
    {
      "type": "Feature",
      "geometry": {
        "type": "Point",
        "coordinates": [
          104.014985,
          30.655551
        ]
      },
      "properties": {
        "name": "中海·常春藤花园",
        "category": "residential",
        "type": "商务住宅;住宅区;住宅小区",
        "district": "武侯区",
        "weight": 1
      }
    },
    {
      "type": "Feature",
      "geometry": {
        "type": "Point",
        "coordinates": [
          104.022156,
          30.652975
        ]
      },
      "properties": {
        "name": "康河郦景",
        "category": "residential",
        "type": "商务住宅;住宅区;住宅小区",
        "district": "武侯区",
        "weight": 1
      }
    },
    {
      "type": "Feature",
      "geometry": {
        "type": "Point",
        "coordinates": [
          104.018811,
          30.657903
        ]
      },
      "properties": {
        "name": "怡馨花园(二环路西一段)",
        "category": "residential",
        "type": "商务住宅;住宅区;住宅小区",
        "district": "青羊区",
        "weight": 1
      }
    },
    {
      "type": "Feature",
      "geometry": {
        "type": "Point",
        "coordinates": [
          104.014802,
          30.652686
        ]
      },
      "properties": {
        "name": "楠逸苑",
        "category": "residential",
        "type": "商务住宅;住宅区;住宅小区",
        "district": "武侯区",
        "weight": 2
      }
    },
    {
      "type": "Feature",
      "geometry": {
        "type": "Point",
        "coordinates": [
          104.01693,
          30.651261
        ]
      },
      "properties": {
        "name": "嘉瑞苑",
        "category": "residential",
        "type": "商务住宅;住宅区;住宅小区",
        "district": "武侯区",
        "weight": 1
      }
    },
    {
      "type": "Feature",
      "geometry": {
        "type": "Point",
        "coordinates": [
          104.0219,
          30.651576
        ]
      },
      "properties": {
        "name": "康河郦景Ⅲ",
        "category": "residential",
        "type": "商务住宅;住宅区;住宅小区",
        "district": "武侯区",
        "weight": 2
      }
    },
    {
      "type": "Feature",
      "geometry": {
        "type": "Point",
        "coordinates": [
          104.023227,
          30.654521
        ]
      },
      "properties": {
        "name": "禾嘉花园",
        "category": "residential",
        "type": "商务住宅;住宅区;住宅小区",
        "district": "青羊区",
        "weight": 1
      }
    },
    {
      "type": "Feature",
      "geometry": {
        "type": "Point",
        "coordinates": [
          104.014861,
          30.657291
        ]
      },
      "properties": {
        "name": "中海·龙湾半岛紫园",
        "category": "residential",
        "type": "商务住宅;住宅区;住宅小区",
        "district": "武侯区",
        "weight": 1
      }
    },
    {
      "type": "Feature",
      "geometry": {
        "type": "Point",
        "coordinates": [
          104.014828,
          30.651329
        ]
      },
      "properties": {
        "name": "大华情融苑",
        "category": "residential",
        "type": "商务住宅;住宅区;住宅小区",
        "district": "武侯区",
        "weight": 1
      }
    },
    {
      "type": "Feature",
      "geometry": {
        "type": "Point",
        "coordinates": [
          104.018701,
          30.649914
        ]
      },
      "properties": {
        "name": "置信花园思华苑",
        "category": "residential",
        "type": "商务住宅;住宅区;住宅小区",
        "district": "武侯区",
        "weight": 1
      }
    },
    {
      "type": "Feature",
      "geometry": {
        "type": "Point",
        "coordinates": [
          104.021457,
          30.648739
        ]
      },
      "properties": {
        "name": "楠极地",
        "category": "residential",
        "type": "商务住宅;住宅区;住宅小区",
        "district": "武侯区",
        "weight": 12
      }
    },
    {
      "type": "Feature",
      "geometry": {
        "type": "Point",
        "coordinates": [
          104.015078,
          30.658693
        ]
      },
      "properties": {
        "name": "中海·龙湾半岛",
        "category": "residential",
        "type": "商务住宅;住宅区;住宅小区",
        "district": "武侯区",
        "weight": 1
      }
    },
    {
      "type": "Feature",
      "geometry": {
        "type": "Point",
        "coordinates": [
          104.027646,
          30.654263
        ]
      },
      "properties": {
        "name": "四川省医学科学院·四川省人民医院草堂病区家属院",
        "category": "residential",
        "type": "商务住宅;住宅区;住宅小区",
        "district": "青羊区",
        "weight": 1
      }
    },
    {
      "type": "Feature",
      "geometry": {
        "type": "Point",
        "coordinates": [
          104.027317,
          30.655713
        ]
      },
      "properties": {
        "name": "浣花溪山庄",
        "category": "residential",
        "type": "商务住宅;住宅区;住宅小区",
        "district": "青羊区",
        "weight": 2
      }
    },
    {
      "type": "Feature",
      "geometry": {
        "type": "Point",
        "coordinates": [
          104.02893,
          30.652825
        ]
      },
      "properties": {
        "name": "泰庄花园",
        "category": "residential",
        "type": "商务住宅;住宅区;住宅小区",
        "district": "武侯区",
        "weight": 1
      }
    },
    {
      "type": "Feature",
      "geometry": {
        "type": "Point",
        "coordinates": [
          104.031582,
          30.652583
        ]
      },
      "properties": {
        "name": "浣花苑",
        "category": "residential",
        "type": "商务住宅;住宅区;住宅小区",
        "district": "青羊区",
        "weight": 23
      }
    },
    {
      "type": "Feature",
      "geometry": {
        "type": "Point",
        "coordinates": [
          104.027385,
          30.652231
        ]
      },
      "properties": {
        "name": "少陵社区",
        "category": "residential",
        "type": "商务住宅;住宅区;住宅小区",
        "district": "武侯区",
        "weight": 2
      }
    },
    {
      "type": "Feature",
      "geometry": {
        "type": "Point",
        "coordinates": [
          104.031906,
          30.655105
        ]
      },
      "properties": {
        "name": "浣花居",
        "category": "residential",
        "type": "商务住宅;住宅区;住宅小区",
        "district": "青羊区",
        "weight": 4
      }
    },
    {
      "type": "Feature",
      "geometry": {
        "type": "Point",
        "coordinates": [
          104.028771,
          30.657193
        ]
      },
      "properties": {
        "name": "浣锦滨河路296号院",
        "category": "residential",
        "type": "商务住宅;住宅区;住宅区",
        "district": "青羊区",
        "weight": 1
      }
    },
    {
      "type": "Feature",
      "geometry": {
        "type": "Point",
        "coordinates": [
          104.025019,
          30.653887
        ]
      },
      "properties": {
        "name": "柏仕晶舍",
        "category": "residential",
        "type": "商务住宅;住宅区;住宅小区",
        "district": "青羊区",
        "weight": 1
      }
    },
    {
      "type": "Feature",
      "geometry": {
        "type": "Point",
        "coordinates": [
          104.027822,
          30.651185
        ]
      },
      "properties": {
        "name": "金地花园",
        "category": "residential",
        "type": "商务住宅;住宅区;住宅小区",
        "district": "武侯区",
        "weight": 1
      }
    },
    {
      "type": "Feature",
      "geometry": {
        "type": "Point",
        "coordinates": [
          104.027205,
          30.657806
        ]
      },
      "properties": {
        "name": "流水山庄",
        "category": "residential",
        "type": "商务住宅;住宅区;住宅小区",
        "district": "青羊区",
        "weight": 1
      }
    },
    {
      "type": "Feature",
      "geometry": {
        "type": "Point",
        "coordinates": [
          104.031975,
          30.657015
        ]
      },
      "properties": {
        "name": "白湖印象",
        "category": "residential",
        "type": "商务住宅;住宅区;住宅小区",
        "district": "青羊区",
        "weight": 4
      }
    },
    {
      "type": "Feature",
      "geometry": {
        "type": "Point",
        "coordinates": [
          104.026688,
          30.65084
        ]
      },
      "properties": {
        "name": "金地花园西区",
        "category": "residential",
        "type": "商务住宅;住宅区;住宅小区",
        "district": "武侯区",
        "weight": 1
      }
    },
    {
      "type": "Feature",
      "geometry": {
        "type": "Point",
        "coordinates": [
          104.024168,
          30.656215
        ]
      },
      "properties": {
        "name": "浣花滨河路53号院",
        "category": "residential",
        "type": "商务住宅;住宅区;住宅区",
        "district": "青羊区",
        "weight": 1
      }
    },
    {
      "type": "Feature",
      "geometry": {
        "type": "Point",
        "coordinates": [
          104.03005,
          30.658908
        ]
      },
      "properties": {
        "name": "浣花小区(浣花南路)",
        "category": "residential",
        "type": "商务住宅;住宅区;住宅小区",
        "district": "青羊区",
        "weight": 2
      }
    },
    {
      "type": "Feature",
      "geometry": {
        "type": "Point",
        "coordinates": [
          104.031927,
          30.649911
        ]
      },
      "properties": {
        "name": "黄华楼",
        "category": "residential",
        "type": "商务住宅;住宅区;住宅区",
        "district": "武侯区",
        "weight": 8
      }
    },
    {
      "type": "Feature",
      "geometry": {
        "type": "Point",
        "coordinates": [
          104.029098,
          30.649208
        ]
      },
      "properties": {
        "name": "戎居苑",
        "category": "residential",
        "type": "商务住宅;住宅区;住宅小区",
        "district": "武侯区",
        "weight": 5
      }
    },
    {
      "type": "Feature",
      "geometry": {
        "type": "Point",
        "coordinates": [
          104.026819,
          30.649623
        ]
      },
      "properties": {
        "name": "菊园",
        "category": "residential",
        "type": "商务住宅;住宅区;住宅小区",
        "district": "武侯区",
        "weight": 1
      }
    },
    {
      "type": "Feature",
      "geometry": {
        "type": "Point",
        "coordinates": [
          104.025268,
          30.649642
        ]
      },
      "properties": {
        "name": "蜀馨苑A区",
        "category": "residential",
        "type": "商务住宅;住宅区;住宅小区",
        "district": "武侯区",
        "weight": 1
      }
    },
    {
      "type": "Feature",
      "geometry": {
        "type": "Point",
        "coordinates": [
          104.023873,
          30.649932
        ]
      },
      "properties": {
        "name": "双和苑",
        "category": "residential",
        "type": "商务住宅;住宅区;住宅小区",
        "district": "武侯区",
        "weight": 1
      }
    },
    {
      "type": "Feature",
      "geometry": {
        "type": "Point",
        "coordinates": [
          104.03914,
          30.654967
        ]
      },
      "properties": {
        "name": "零壹上品",
        "category": "residential",
        "type": "商务住宅;住宅区;住宅区",
        "district": "青羊区",
        "weight": 4
      }
    },
    {
      "type": "Feature",
      "geometry": {
        "type": "Point",
        "coordinates": [
          104.040078,
          30.653924
        ]
      },
      "properties": {
        "name": "成都飞机设计研究所C2住宅小区",
        "category": "residential",
        "type": "商务住宅;住宅区;住宅小区",
        "district": "武侯区",
        "weight": 1
      }
    },
    {
      "type": "Feature",
      "geometry": {
        "type": "Point",
        "coordinates": [
          104.039274,
          30.652605
        ]
      },
      "properties": {
        "name": "一环路西一段65号院",
        "category": "residential",
        "type": "商务住宅;住宅区;住宅小区",
        "district": "武侯区",
        "weight": 1
      }
    },
    {
      "type": "Feature",
      "geometry": {
        "type": "Point",
        "coordinates": [
          104.036072,
          30.653408
        ]
      },
      "properties": {
        "name": "云天小区",
        "category": "residential",
        "type": "商务住宅;住宅区;住宅小区",
        "district": "武侯区",
        "weight": 3
      }
    },
    {
      "type": "Feature",
      "geometry": {
        "type": "Point",
        "coordinates": [
          104.037356,
          30.652585
        ]
      },
      "properties": {
        "name": "大石西一街2号院",
        "category": "residential",
        "type": "商务住宅;住宅区;住宅小区",
        "district": "武侯区",
        "weight": 1
      }
    },
    {
      "type": "Feature",
      "geometry": {
        "type": "Point",
        "coordinates": [
          104.039425,
          30.657295
        ]
      },
      "properties": {
        "name": "百兴苑",
        "category": "residential",
        "type": "商务住宅;住宅区;住宅小区",
        "district": "青羊区",
        "weight": 3
      }
    },
    {
      "type": "Feature",
      "geometry": {
        "type": "Point",
        "coordinates": [
          104.041914,
          30.654689
        ]
      },
      "properties": {
        "name": "大石东路5号院",
        "category": "residential",
        "type": "商务住宅;住宅区;住宅小区",
        "district": "青羊区",
        "weight": 3
      }
    },
    {
      "type": "Feature",
      "geometry": {
        "type": "Point",
        "coordinates": [
          104.037467,
          30.657046
        ]
      },
      "properties": {
        "name": "草堂空间",
        "category": "residential",
        "type": "商务住宅;住宅区;住宅小区",
        "district": "青羊区",
        "weight": 2
      }
    },
    {
      "type": "Feature",
      "geometry": {
        "type": "Point",
        "coordinates": [
          104.040763,
          30.6527
        ]
      },
      "properties": {
        "name": "燃灯寺社区",
        "category": "residential",
        "type": "商务住宅;住宅区;住宅小区",
        "district": "武侯区",
        "weight": 2
      }
    },
    {
      "type": "Feature",
      "geometry": {
        "type": "Point",
        "coordinates": [
          104.036231,
          30.656127
        ]
      },
      "properties": {
        "name": "桂园(百花巷)",
        "category": "residential",
        "type": "商务住宅;住宅区;住宅小区",
        "district": "青羊区",
        "weight": 1
      }
    },
    {
      "type": "Feature",
      "geometry": {
        "type": "Point",
        "coordinates": [
          104.038922,
          30.651168
        ]
      },
      "properties": {
        "name": "天朗·锦邸",
        "category": "residential",
        "type": "商务住宅;住宅区;住宅小区",
        "district": "武侯区",
        "weight": 3
      }
    },
    {
      "type": "Feature",
      "geometry": {
        "type": "Point",
        "coordinates": [
          104.035156,
          30.654136
        ]
      },
      "properties": {
        "name": "名景园",
        "category": "residential",
        "type": "商务住宅;住宅区;住宅小区",
        "district": "青羊区",
        "weight": 1
      }
    },
    {
      "type": "Feature",
      "geometry": {
        "type": "Point",
        "coordinates": [
          104.036405,
          30.652136
        ]
      },
      "properties": {
        "name": "大石西路3号院",
        "category": "residential",
        "type": "商务住宅;住宅区;住宅区",
        "district": "武侯区",
        "weight": 1
      }
    },
    {
      "type": "Feature",
      "geometry": {
        "type": "Point",
        "coordinates": [
          104.041295,
          30.656524
        ]
      },
      "properties": {
        "name": "百花东路小区",
        "category": "residential",
        "type": "商务住宅;住宅区;住宅小区",
        "district": "青羊区",
        "weight": 1
      }
    },
    {
      "type": "Feature",
      "geometry": {
        "type": "Point",
        "coordinates": [
          104.034902,
          30.655171
        ]
      },
      "properties": {
        "name": "百卉路11号院",
        "category": "residential",
        "type": "商务住宅;住宅区;住宅小区",
        "district": "青羊区",
        "weight": 1
      }
    },
    {
      "type": "Feature",
      "geometry": {
        "type": "Point",
        "coordinates": [
          104.040803,
          30.651451
        ]
      },
      "properties": {
        "name": "怡园(怀贤路)",
        "category": "residential",
        "type": "商务住宅;住宅区;住宅小区",
        "district": "武侯区",
        "weight": 1
      }
    },
    {
      "type": "Feature",
      "geometry": {
        "type": "Point",
        "coordinates": [
          104.042332,
          30.656265
        ]
      },
      "properties": {
        "name": "德惠公寓",
        "category": "residential",
        "type": "商务住宅;住宅区;住宅小区",
        "district": "青羊区",
        "weight": 1
      }
    },
    {
      "type": "Feature",
      "geometry": {
        "type": "Point",
        "coordinates": [
          104.03618,
          30.658447
        ]
      },
      "properties": {
        "name": "清漪苑",
        "category": "residential",
        "type": "商务住宅;住宅区;住宅小区",
        "district": "青羊区",
        "weight": 9
      }
    },
    {
      "type": "Feature",
      "geometry": {
        "type": "Point",
        "coordinates": [
          104.039945,
          30.658485
        ]
      },
      "properties": {
        "name": "百花芳邻(芳邻路)",
        "category": "residential",
        "type": "商务住宅;住宅区;住宅小区",
        "district": "青羊区",
        "weight": 1
      }
    },
    {
      "type": "Feature",
      "geometry": {
        "type": "Point",
        "coordinates": [
          104.033707,
          30.654051
        ]
      },
      "properties": {
        "name": "恒宾园",
        "category": "residential",
        "type": "商务住宅;住宅区;住宅小区",
        "district": "青羊区",
        "weight": 1
      }
    },
    {
      "type": "Feature",
      "geometry": {
        "type": "Point",
        "coordinates": [
          104.033605,
          30.655114
        ]
      },
      "properties": {
        "name": "百卉路19号",
        "category": "residential",
        "type": "商务住宅;住宅区;住宅小区",
        "district": "青羊区",
        "weight": 1
      }
    },
    {
      "type": "Feature",
      "geometry": {
        "type": "Point",
        "coordinates": [
          104.03387,
          30.656753
        ]
      },
      "properties": {
        "name": "春天花园(百卉路)",
        "category": "residential",
        "type": "商务住宅;住宅区;住宅小区",
        "district": "青羊区",
        "weight": 1
      }
    },
    {
      "type": "Feature",
      "geometry": {
        "type": "Point",
        "coordinates": [
          104.035816,
          30.646916
        ]
      },
      "properties": {
        "name": "顺苑",
        "category": "residential",
        "type": "商务住宅;住宅区;住宅小区",
        "district": "武侯区",
        "weight": 55
      }
    },
    {
      "type": "Feature",
      "geometry": {
        "type": "Point",
        "coordinates": [
          104.03413,
          30.650314
        ]
      },
      "properties": {
        "name": "百花森苑",
        "category": "residential",
        "type": "商务住宅;住宅区;住宅小区",
        "district": "武侯区",
        "weight": 2
      }
    },
    {
      "type": "Feature",
      "geometry": {
        "type": "Point",
        "coordinates": [
          104.046301,
          30.65575
        ]
      },
      "properties": {
        "name": "现代城",
        "category": "residential",
        "type": "商务住宅;住宅区;住宅小区",
        "district": "青羊区",
        "weight": 21
      }
    },
    {
      "type": "Feature",
      "geometry": {
        "type": "Point",
        "coordinates": [
          104.049937,
          30.653639
        ]
      },
      "properties": {
        "name": "彩虹花园",
        "category": "residential",
        "type": "商务住宅;住宅区;住宅小区",
        "district": "武侯区",
        "weight": 1
      }
    },
    {
      "type": "Feature",
      "geometry": {
        "type": "Point",
        "coordinates": [
          104.05077,
          30.655145
        ]
      },
      "properties": {
        "name": "富华新起点",
        "category": "residential",
        "type": "商务住宅;住宅区;住宅小区",
        "district": "青羊区",
        "weight": 1
      }
    },
    {
      "type": "Feature",
      "geometry": {
        "type": "Point",
        "coordinates": [
          104.049265,
          30.656815
        ]
      },
      "properties": {
        "name": "冠城花园",
        "category": "residential",
        "type": "商务住宅;住宅区;住宅小区",
        "district": "青羊区",
        "weight": 1
      }
    },
    {
      "type": "Feature",
      "geometry": {
        "type": "Point",
        "coordinates": [
          104.051205,
          30.652847
        ]
      },
      "properties": {
        "name": "南河公寓(南浦中路)",
        "category": "residential",
        "type": "商务住宅;住宅区;住宅小区",
        "district": "武侯区",
        "weight": 1
      }
    },
    {
      "type": "Feature",
      "geometry": {
        "type": "Point",
        "coordinates": [
          104.051428,
          30.656201
        ]
      },
      "properties": {
        "name": "旭和倾城",
        "category": "residential",
        "type": "商务住宅;住宅区;住宅小区",
        "district": "青羊区",
        "weight": 3
      }
    },
    {
      "type": "Feature",
      "geometry": {
        "type": "Point",
        "coordinates": [
          104.05022,
          30.657279
        ]
      },
      "properties": {
        "name": "旭和倾城1期",
        "category": "residential",
        "type": "商务住宅;住宅区;住宅小区",
        "district": "青羊区",
        "weight": 1
      }
    },
    {
      "type": "Feature",
      "geometry": {
        "type": "Point",
        "coordinates": [
          104.053945,
          30.654349
        ]
      },
      "properties": {
        "name": "文翁华府",
        "category": "residential",
        "type": "商务住宅;住宅区;住宅小区",
        "district": "青羊区",
        "weight": 24
      }
    },
    {
      "type": "Feature",
      "geometry": {
        "type": "Point",
        "coordinates": [
          104.047784,
          30.657984
        ]
      },
      "properties": {
        "name": "长城社区",
        "category": "residential",
        "type": "商务住宅;住宅区;住宅小区",
        "district": "青羊区",
        "weight": 1
      }
    },
    {
      "type": "Feature",
      "geometry": {
        "type": "Point",
        "coordinates": [
          104.044311,
          30.65345
        ]
      },
      "properties": {
        "name": "武侯祠大街89号院",
        "category": "residential",
        "type": "商务住宅;住宅区;住宅小区",
        "district": "武侯区",
        "weight": 2
      }
    },
    {
      "type": "Feature",
      "geometry": {
        "type": "Point",
        "coordinates": [
          104.045028,
          30.651885
        ]
      },
      "properties": {
        "name": "成都飞机设计研究所B1住宅小区",
        "category": "residential",
        "type": "商务住宅;住宅区;住宅小区",
        "district": "武侯区",
        "weight": 1
      }
    },
    {
      "type": "Feature",
      "geometry": {
        "type": "Point",
        "coordinates": [
          104.04968,
          30.658545
        ]
      },
      "properties": {
        "name": "西府少城",
        "category": "residential",
        "type": "商务住宅;住宅区;住宅小区",
        "district": "青羊区",
        "weight": 1
      }
    },
    {
      "type": "Feature",
      "geometry": {
        "type": "Point",
        "coordinates": [
          104.052757,
          30.649963
        ]
      },
      "properties": {
        "name": "通祠苑",
        "category": "residential",
        "type": "商务住宅;住宅区;住宅小区",
        "district": "武侯区",
        "weight": 8
      }
    },
    {
      "type": "Feature",
      "geometry": {
        "type": "Point",
        "coordinates": [
          104.051378,
          30.658562
        ]
      },
      "properties": {
        "name": "长城园",
        "category": "residential",
        "type": "商务住宅;住宅区;住宅小区",
        "district": "青羊区",
        "weight": 1
      }
    },
    {
      "type": "Feature",
      "geometry": {
        "type": "Point",
        "coordinates": [
          104.053388,
          30.65798
        ]
      },
      "properties": {
        "name": "君平街89号院",
        "category": "residential",
        "type": "商务住宅;住宅区;住宅小区",
        "district": "青羊区",
        "weight": 2
      }
    },
    {
      "type": "Feature",
      "geometry": {
        "type": "Point",
        "coordinates": [
          104.057825,
          30.652751
        ]
      },
      "properties": {
        "name": "丽舍滨江",
        "category": "residential",
        "type": "商务住宅;住宅区;住宅小区",
        "district": "青羊区",
        "weight": 16
      }
    },
    {
      "type": "Feature",
      "geometry": {
        "type": "Point",
        "coordinates": [
          104.058348,
          30.655789
        ]
      },
      "properties": {
        "name": "金盾路35号院",
        "category": "residential",
        "type": "商务住宅;住宅区;住宅小区",
        "district": "青羊区",
        "weight": 2
      }
    },
    {
      "type": "Feature",
      "geometry": {
        "type": "Point",
        "coordinates": [
          104.059217,
          30.656945
        ]
      },
      "properties": {
        "name": "长富花园",
        "category": "residential",
        "type": "商务住宅;住宅区;住宅小区",
        "district": "青羊区",
        "weight": 30
      }
    },
    {
      "type": "Feature",
      "geometry": {
        "type": "Point",
        "coordinates": [
          104.059703,
          30.652665
        ]
      },
      "properties": {
        "name": "中南大街58号院",
        "category": "residential",
        "type": "商务住宅;住宅区;住宅小区",
        "district": "青羊区",
        "weight": 1
      }
    },
    {
      "type": "Feature",
      "geometry": {
        "type": "Point",
        "coordinates": [
          104.056111,
          30.656052
        ]
      },
      "properties": {
        "name": "石室巷5号院",
        "category": "residential",
        "type": "商务住宅;住宅区;住宅小区",
        "district": "青羊区",
        "weight": 1
      }
    },
    {
      "type": "Feature",
      "geometry": {
        "type": "Point",
        "coordinates": [
          104.059914,
          30.650688
        ]
      },
      "properties": {
        "name": "世代锦江",
        "category": "residential",
        "type": "商务住宅;住宅区;住宅小区",
        "district": "锦江区",
        "weight": 1
      }
    },
    {
      "type": "Feature",
      "geometry": {
        "type": "Point",
        "coordinates": [
          104.061765,
          30.657242
        ]
      },
      "properties": {
        "name": "陕西街34号院",
        "category": "residential",
        "type": "商务住宅;住宅区;住宅小区",
        "district": "青羊区",
        "weight": 2
      }
    },
    {
      "type": "Feature",
      "geometry": {
        "type": "Point",
        "coordinates": [
          104.054704,
          30.656994
        ]
      },
      "properties": {
        "name": "戏剧研究院小区",
        "category": "residential",
        "type": "商务住宅;住宅区;住宅小区",
        "district": "青羊区",
        "weight": 2
      }
    },
    {
      "type": "Feature",
      "geometry": {
        "type": "Point",
        "coordinates": [
          104.056263,
          30.650412
        ]
      },
      "properties": {
        "name": "国嘉华庭",
        "category": "residential",
        "type": "商务住宅;住宅区;住宅小区",
        "district": "青羊区",
        "weight": 1
      }
    },
    {
      "type": "Feature",
      "geometry": {
        "type": "Point",
        "coordinates": [
          104.074905,
          30.651642
        ]
      },
      "properties": {
        "name": "静园",
        "category": "residential",
        "type": "商务住宅;住宅区;住宅区",
        "district": "锦江区",
        "weight": 120
      }
    },
    {
      "type": "Feature",
      "geometry": {
        "type": "Point",
        "coordinates": [
          104.065619,
          30.652765
        ]
      },
      "properties": {
        "name": "开园",
        "category": "residential",
        "type": "商务住宅;住宅区;住宅小区",
        "district": "锦江区",
        "weight": 13
      }
    },
    {
      "type": "Feature",
      "geometry": {
        "type": "Point",
        "coordinates": [
          104.066047,
          30.655866
        ]
      },
      "properties": {
        "name": "新锦江巧筑",
        "category": "residential",
        "type": "商务住宅;住宅区;住宅区",
        "district": "锦江区",
        "weight": 9
      }
    },
    {
      "type": "Feature",
      "geometry": {
        "type": "Point",
        "coordinates": [
          104.069118,
          30.651102
        ]
      },
      "properties": {
        "name": "龙园",
        "category": "residential",
        "type": "商务住宅;住宅区;住宅小区",
        "district": "锦江区",
        "weight": 21
      }
    },
    {
      "type": "Feature",
      "geometry": {
        "type": "Point",
        "coordinates": [
          104.072548,
          30.654816
        ]
      },
      "properties": {
        "name": "和睦苑",
        "category": "residential",
        "type": "商务住宅;住宅区;住宅小区",
        "district": "锦江区",
        "weight": 4
      }
    },
    {
      "type": "Feature",
      "geometry": {
        "type": "Point",
        "coordinates": [
          104.064741,
          30.656544
        ]
      },
      "properties": {
        "name": "皇城公寓",
        "category": "residential",
        "type": "商务住宅;住宅区;住宅小区",
        "district": "锦江区",
        "weight": 1
      }
    },
    {
      "type": "Feature",
      "geometry": {
        "type": "Point",
        "coordinates": [
          104.071592,
          30.657766
        ]
      },
      "properties": {
        "name": "总府路社区(南新街)",
        "category": "residential",
        "type": "商务住宅;住宅区;住宅小区",
        "district": "锦江区",
        "weight": 1
      }
    },
    {
      "type": "Feature",
      "geometry": {
        "type": "Point",
        "coordinates": [
          104.064419,
          30.657505
        ]
      },
      "properties": {
        "name": "梨花街38号院",
        "category": "residential",
        "type": "商务住宅;住宅区;住宅小区",
        "district": "锦江区",
        "weight": 1
      }
    },
    {
      "type": "Feature",
      "geometry": {
        "type": "Point",
        "coordinates": [
          104.071022,
          30.649319
        ]
      },
      "properties": {
        "name": "警悦居",
        "category": "residential",
        "type": "商务住宅;住宅区;住宅区",
        "district": "锦江区",
        "weight": 2
      }
    },
    {
      "type": "Feature",
      "geometry": {
        "type": "Point",
        "coordinates": [
          104.078035,
          30.654674
        ]
      },
      "properties": {
        "name": "南纱帽街31号院",
        "category": "residential",
        "type": "商务住宅;住宅区;住宅小区",
        "district": "锦江区",
        "weight": 1
      }
    },
    {
      "type": "Feature",
      "geometry": {
        "type": "Point",
        "coordinates": [
          104.08062,
          30.653528
        ]
      },
      "properties": {
        "name": "油篓街35号院",
        "category": "residential",
        "type": "商务住宅;住宅区;住宅区",
        "district": "锦江区",
        "weight": 3
      }
    },
    {
      "type": "Feature",
      "geometry": {
        "type": "Point",
        "coordinates": [
          104.076574,
          30.653844
        ]
      },
      "properties": {
        "name": "东大街下东大街段8号院",
        "category": "residential",
        "type": "商务住宅;住宅区;住宅小区",
        "district": "锦江区",
        "weight": 1
      }
    },
    {
      "type": "Feature",
      "geometry": {
        "type": "Point",
        "coordinates": [
          104.076697,
          30.657115
        ]
      },
      "properties": {
        "name": "春喜公寓",
        "category": "residential",
        "type": "商务住宅;住宅区;住宅小区",
        "district": "锦江区",
        "weight": 3
      }
    },
    {
      "type": "Feature",
      "geometry": {
        "type": "Point",
        "coordinates": [
          104.084796,
          30.656474
        ]
      },
      "properties": {
        "name": "可园",
        "category": "residential",
        "type": "商务住宅;住宅区;住宅小区",
        "district": "锦江区",
        "weight": 34
      }
    },
    {
      "type": "Feature",
      "geometry": {
        "type": "Point",
        "coordinates": [
          104.08378,
          30.652875
        ]
      },
      "properties": {
        "name": "锦川楼",
        "category": "residential",
        "type": "商务住宅;住宅区;住宅小区",
        "district": "锦江区",
        "weight": 6
      }
    },
    {
      "type": "Feature",
      "geometry": {
        "type": "Point",
        "coordinates": [
          104.081938,
          30.650842
        ]
      },
      "properties": {
        "name": "秀水花园",
        "category": "residential",
        "type": "商务住宅;住宅区;住宅小区",
        "district": "锦江区",
        "weight": 3
      }
    },
    {
      "type": "Feature",
      "geometry": {
        "type": "Point",
        "coordinates": [
          104.076957,
          30.659002
        ]
      },
      "properties": {
        "name": "正科甲巷76号附1",
        "category": "residential",
        "type": "商务住宅;住宅区;住宅区",
        "district": "锦江区",
        "weight": 1
      }
    },
    {
      "type": "Feature",
      "geometry": {
        "type": "Point",
        "coordinates": [
          104.082803,
          30.657643
        ]
      },
      "properties": {
        "name": "大慈寺路小区",
        "category": "residential",
        "type": "商务住宅;住宅区;住宅小区",
        "district": "锦江区",
        "weight": 3
      }
    },
    {
      "type": "Feature",
      "geometry": {
        "type": "Point",
        "coordinates": [
          104.08323,
          30.649443
        ]
      },
      "properties": {
        "name": "时代尊邸",
        "category": "residential",
        "type": "商务住宅;住宅区;住宅小区",
        "district": "锦江区",
        "weight": 1
      }
    },
    {
      "type": "Feature",
      "geometry": {
        "type": "Point",
        "coordinates": [
          104.08852,
          30.654158
        ]
      },
      "properties": {
        "name": "东风路15号院",
        "category": "residential",
        "type": "商务住宅;住宅区;住宅小区",
        "district": "锦江区",
        "weight": 1
      }
    },
    {
      "type": "Feature",
      "geometry": {
        "type": "Point",
        "coordinates": [
          104.086748,
          30.652105
        ]
      },
      "properties": {
        "name": "旺府公寓",
        "category": "residential",
        "type": "商务住宅;住宅区;住宅小区",
        "district": "锦江区",
        "weight": 24
      }
    },
    {
      "type": "Feature",
      "geometry": {
        "type": "Point",
        "coordinates": [
          104.089258,
          30.655799
        ]
      },
      "properties": {
        "name": "西南电力设计院小区",
        "category": "residential",
        "type": "商务住宅;住宅区;住宅小区",
        "district": "成华区",
        "weight": 1
      }
    },
    {
      "type": "Feature",
      "geometry": {
        "type": "Point",
        "coordinates": [
          104.090643,
          30.654176
        ]
      },
      "properties": {
        "name": "玉风苑",
        "category": "residential",
        "type": "商务住宅;住宅区;住宅小区",
        "district": "成华区",
        "weight": 8
      }
    },
    {
      "type": "Feature",
      "geometry": {
        "type": "Point",
        "coordinates": [
          104.089088,
          30.652768
        ]
      },
      "properties": {
        "name": "点将台街56号院",
        "category": "residential",
        "type": "商务住宅;住宅区;住宅区",
        "district": "锦江区",
        "weight": 1
      }
    },
    {
      "type": "Feature",
      "geometry": {
        "type": "Point",
        "coordinates": [
          104.087664,
          30.65731
        ]
      },
      "properties": {
        "name": "蜜城",
        "category": "residential",
        "type": "商务住宅;住宅区;住宅小区",
        "district": "成华区",
        "weight": 4
      }
    },
    {
      "type": "Feature",
      "geometry": {
        "type": "Point",
        "coordinates": [
          104.091619,
          30.654068
        ]
      },
      "properties": {
        "name": "东风路22号小区",
        "category": "residential",
        "type": "商务住宅;住宅区;住宅小区",
        "district": "成华区",
        "weight": 1
      }
    },
    {
      "type": "Feature",
      "geometry": {
        "type": "Point",
        "coordinates": [
          104.090175,
          30.649937
        ]
      },
      "properties": {
        "name": "蓉上坊",
        "category": "residential",
        "type": "商务住宅;住宅区;住宅小区",
        "district": "锦江区",
        "weight": 23
      }
    },
    {
      "type": "Feature",
      "geometry": {
        "type": "Point",
        "coordinates": [
          104.091793,
          30.655128
        ]
      },
      "properties": {
        "name": "东风路北一巷1号小区",
        "category": "residential",
        "type": "商务住宅;住宅区;住宅小区",
        "district": "成华区",
        "weight": 1
      }
    },
    {
      "type": "Feature",
      "geometry": {
        "type": "Point",
        "coordinates": [
          104.090064,
          30.658127
        ]
      },
      "properties": {
        "name": "人民苑",
        "category": "residential",
        "type": "商务住宅;住宅区;住宅小区",
        "district": "成华区",
        "weight": 8
      }
    },
    {
      "type": "Feature",
      "geometry": {
        "type": "Point",
        "coordinates": [
          104.092891,
          30.654041
        ]
      },
      "properties": {
        "name": "东风路北二巷3号小区",
        "category": "residential",
        "type": "商务住宅;住宅区;住宅小区",
        "district": "成华区",
        "weight": 1
      }
    },
    {
      "type": "Feature",
      "geometry": {
        "type": "Point",
        "coordinates": [
          104.088621,
          30.65883
        ]
      },
      "properties": {
        "name": "望平街153号院",
        "category": "residential",
        "type": "商务住宅;住宅区;住宅区",
        "district": "成华区",
        "weight": 1
      }
    },
    {
      "type": "Feature",
      "geometry": {
        "type": "Point",
        "coordinates": [
          104.092718,
          30.651747
        ]
      },
      "properties": {
        "name": "一环路东四段83号院",
        "category": "residential",
        "type": "商务住宅;住宅区;住宅区",
        "district": "锦江区",
        "weight": 1
      }
    },
    {
      "type": "Feature",
      "geometry": {
        "type": "Point",
        "coordinates": [
          104.084424,
          30.651353
        ]
      },
      "properties": {
        "name": "启明公寓",
        "category": "residential",
        "type": "商务住宅;住宅区;住宅小区",
        "district": "锦江区",
        "weight": 1
      }
    },
    {
      "type": "Feature",
      "geometry": {
        "type": "Point",
        "coordinates": [
          104.086437,
          30.649198
        ]
      },
      "properties": {
        "name": "时代豪庭东区",
        "category": "residential",
        "type": "商务住宅;住宅区;住宅小区",
        "district": "锦江区",
        "weight": 5
      }
    },
    {
      "type": "Feature",
      "geometry": {
        "type": "Point",
        "coordinates": [
          104.092626,
          30.650281
        ]
      },
      "properties": {
        "name": "水碾河路西小区",
        "category": "residential",
        "type": "商务住宅;住宅区;住宅小区",
        "district": "锦江区",
        "weight": 3
      }
    },
    {
      "type": "Feature",
      "geometry": {
        "type": "Point",
        "coordinates": [
          104.099414,
          30.654465
        ]
      },
      "properties": {
        "name": "五冶小区",
        "category": "residential",
        "type": "商务住宅;住宅区;住宅小区",
        "district": "成华区",
        "weight": 7
      }
    },
    {
      "type": "Feature",
      "geometry": {
        "type": "Point",
        "coordinates": [
          104.098551,
          30.652137
        ]
      },
      "properties": {
        "name": "磨子村",
        "category": "residential",
        "type": "商务住宅;住宅区;住宅小区",
        "district": "成华区",
        "weight": 5
      }
    },
    {
      "type": "Feature",
      "geometry": {
        "type": "Point",
        "coordinates": [
          104.096376,
          30.654992
        ]
      },
      "properties": {
        "name": "朝发苑",
        "category": "residential",
        "type": "商务住宅;住宅区;住宅小区",
        "district": "成华区",
        "weight": 1
      }
    },
    {
      "type": "Feature",
      "geometry": {
        "type": "Point",
        "coordinates": [
          104.10009,
          30.653043
        ]
      },
      "properties": {
        "name": "双桥路184号院",
        "category": "residential",
        "type": "商务住宅;住宅区;住宅小区",
        "district": "成华区",
        "weight": 1
      }
    },
    {
      "type": "Feature",
      "geometry": {
        "type": "Point",
        "coordinates": [
          104.097049,
          30.658489
        ]
      },
      "properties": {
        "name": "祥和里小区(东门)",
        "category": "residential",
        "type": "商务住宅;住宅区;住宅小区",
        "district": "成华区",
        "weight": 1
      }
    },
    {
      "type": "Feature",
      "geometry": {
        "type": "Point",
        "coordinates": [
          104.095061,
          30.654238
        ]
      },
      "properties": {
        "name": "居民大院",
        "category": "residential",
        "type": "商务住宅;住宅区;住宅小区",
        "district": "成华区",
        "weight": 10
      }
    },
    {
      "type": "Feature",
      "geometry": {
        "type": "Point",
        "coordinates": [
          104.097534,
          30.656864
        ]
      },
      "properties": {
        "name": "路北社区",
        "category": "residential",
        "type": "商务住宅;住宅区;住宅小区",
        "district": "成华区",
        "weight": 1
      }
    },
    {
      "type": "Feature",
      "geometry": {
        "type": "Point",
        "coordinates": [
          104.101431,
          30.65329
        ]
      },
      "properties": {
        "name": "新华商住楼",
        "category": "residential",
        "type": "商务住宅;住宅区;住宅小区",
        "district": "成华区",
        "weight": 1
      }
    },
    {
      "type": "Feature",
      "geometry": {
        "type": "Point",
        "coordinates": [
          104.099138,
          30.657189
        ]
      },
      "properties": {
        "name": "东城小居",
        "category": "residential",
        "type": "商务住宅;住宅区;住宅区",
        "district": "成华区",
        "weight": 1
      }
    },
    {
      "type": "Feature",
      "geometry": {
        "type": "Point",
        "coordinates": [
          104.102057,
          30.655097
        ]
      },
      "properties": {
        "name": "新鸿路五冶住宅区",
        "category": "residential",
        "type": "商务住宅;住宅区;住宅小区",
        "district": "成华区",
        "weight": 1
      }
    },
    {
      "type": "Feature",
      "geometry": {
        "type": "Point",
        "coordinates": [
          104.096266,
          30.651982
        ]
      },
      "properties": {
        "name": "水碾河路北社区",
        "category": "residential",
        "type": "商务住宅;住宅区;住宅小区",
        "district": "成华区",
        "weight": 2
      }
    },
    {
      "type": "Feature",
      "geometry": {
        "type": "Point",
        "coordinates": [
          104.095589,
          30.656961
        ]
      },
      "properties": {
        "name": "玉双苑(玉双路)",
        "category": "residential",
        "type": "商务住宅;住宅区;住宅小区",
        "district": "成华区",
        "weight": 1
      }
    },
    {
      "type": "Feature",
      "geometry": {
        "type": "Point",
        "coordinates": [
          104.102629,
          30.65375
        ]
      },
      "properties": {
        "name": "聚乐苑(双桥路)",
        "category": "residential",
        "type": "商务住宅;住宅区;住宅小区",
        "district": "成华区",
        "weight": 1
      }
    },
    {
      "type": "Feature",
      "geometry": {
        "type": "Point",
        "coordinates": [
          104.096227,
          30.65776
        ]
      },
      "properties": {
        "name": "锦泰公寓",
        "category": "residential",
        "type": "商务住宅;住宅区;住宅小区",
        "district": "成华区",
        "weight": 1
      }
    },
    {
      "type": "Feature",
      "geometry": {
        "type": "Point",
        "coordinates": [
          104.103579,
          30.65578
        ]
      },
      "properties": {
        "name": "名都楼",
        "category": "residential",
        "type": "商务住宅;住宅区;住宅小区",
        "district": "成华区",
        "weight": 2
      }
    },
    {
      "type": "Feature",
      "geometry": {
        "type": "Point",
        "coordinates": [
          104.099873,
          30.658309
        ]
      },
      "properties": {
        "name": "福晟·钱隆天下",
        "category": "residential",
        "type": "商务住宅;住宅区;住宅小区",
        "district": "成华区",
        "weight": 1
      }
    },
    {
      "type": "Feature",
      "geometry": {
        "type": "Point",
        "coordinates": [
          104.098518,
          30.658499
        ]
      },
      "properties": {
        "name": "双林二巷社区",
        "category": "residential",
        "type": "商务住宅;住宅区;住宅小区",
        "district": "成华区",
        "weight": 1
      }
    },
    {
      "type": "Feature",
      "geometry": {
        "type": "Point",
        "coordinates": [
          104.101035,
          30.657892
        ]
      },
      "properties": {
        "name": "东方锦都",
        "category": "residential",
        "type": "商务住宅;住宅区;住宅小区",
        "district": "成华区",
        "weight": 1
      }
    },
    {
      "type": "Feature",
      "geometry": {
        "type": "Point",
        "coordinates": [
          104.095805,
          30.648748
        ]
      },
      "properties": {
        "name": "华成苑",
        "category": "residential",
        "type": "体育休闲服务;娱乐场所;娱乐场所|商务住宅;住宅区;住宅小区",
        "district": "锦江区",
        "weight": 19
      }
    },
    {
      "type": "Feature",
      "geometry": {
        "type": "Point",
        "coordinates": [
          104.10256,
          30.65161
        ]
      },
      "properties": {
        "name": "三街坊社区(双桥路南四街)",
        "category": "residential",
        "type": "商务住宅;住宅区;住宅小区",
        "district": "成华区",
        "weight": 1
      }
    },
    {
      "type": "Feature",
      "geometry": {
        "type": "Point",
        "coordinates": [
          104.102929,
          30.656912
        ]
      },
      "properties": {
        "name": "双林路196号大院",
        "category": "residential",
        "type": "商务住宅;住宅区;住宅小区",
        "district": "成华区",
        "weight": 1
      }
    },
    {
      "type": "Feature",
      "geometry": {
        "type": "Point",
        "coordinates": [
          104.094627,
          30.651046
        ]
      },
      "properties": {
        "name": "锦丽苑",
        "category": "residential",
        "type": "商务住宅;住宅区;住宅小区",
        "district": "锦江区",
        "weight": 2
      }
    },
    {
      "type": "Feature",
      "geometry": {
        "type": "Point",
        "coordinates": [
          104.101858,
          30.649495
        ]
      },
      "properties": {
        "name": "蜀都惠园",
        "category": "residential",
        "type": "商务住宅;住宅区;住宅小区",
        "district": "成华区",
        "weight": 1
      }
    },
    {
      "type": "Feature",
      "geometry": {
        "type": "Point",
        "coordinates": [
          104.108094,
          30.654602
        ]
      },
      "properties": {
        "name": "同和里小区",
        "category": "residential",
        "type": "商务住宅;住宅区;住宅小区",
        "district": "成华区",
        "weight": 1
      }
    },
    {
      "type": "Feature",
      "geometry": {
        "type": "Point",
        "coordinates": [
          104.109709,
          30.654887
        ]
      },
      "properties": {
        "name": "钢管厂4区",
        "category": "residential",
        "type": "商务住宅;住宅区;住宅区",
        "district": "成华区",
        "weight": 1
      }
    },
    {
      "type": "Feature",
      "geometry": {
        "type": "Point",
        "coordinates": [
          104.108691,
          30.652775
        ]
      },
      "properties": {
        "name": "双林中横路社区北区",
        "category": "residential",
        "type": "商务住宅;住宅区;住宅小区",
        "district": "成华区",
        "weight": 1
      }
    },
    {
      "type": "Feature",
      "geometry": {
        "type": "Point",
        "coordinates": [
          104.107272,
          30.656279
        ]
      },
      "properties": {
        "name": "双园社区",
        "category": "residential",
        "type": "商务住宅;住宅区;住宅小区",
        "district": "成华区",
        "weight": 3
      }
    },
    {
      "type": "Feature",
      "geometry": {
        "type": "Point",
        "coordinates": [
          104.111235,
          30.653588
        ]
      },
      "properties": {
        "name": "精英大厦商务楼",
        "category": "residential",
        "type": "商务住宅;住宅区;住宅区",
        "district": "成华区",
        "weight": 2
      }
    },
    {
      "type": "Feature",
      "geometry": {
        "type": "Point",
        "coordinates": [
          104.110388,
          30.651845
        ]
      },
      "properties": {
        "name": "枫景雅居",
        "category": "residential",
        "type": "商务住宅;住宅区;住宅小区",
        "district": "成华区",
        "weight": 5
      }
    },
    {
      "type": "Feature",
      "geometry": {
        "type": "Point",
        "coordinates": [
          104.106101,
          30.653071
        ]
      },
      "properties": {
        "name": "北新苑",
        "category": "residential",
        "type": "商务住宅;住宅区;住宅小区",
        "district": "成华区",
        "weight": 1
      }
    },
    {
      "type": "Feature",
      "geometry": {
        "type": "Point",
        "coordinates": [
          104.111602,
          30.654886
        ]
      },
      "properties": {
        "name": "千和·家和楼",
        "category": "residential",
        "type": "商务住宅;住宅区;住宅小区",
        "district": "成华区",
        "weight": 1
      }
    },
    {
      "type": "Feature",
      "geometry": {
        "type": "Point",
        "coordinates": [
          104.105421,
          30.654847
        ]
      },
      "properties": {
        "name": "双林社区(双桥路)",
        "category": "residential",
        "type": "商务住宅;住宅区;住宅小区",
        "district": "成华区",
        "weight": 1
      }
    },
    {
      "type": "Feature",
      "geometry": {
        "type": "Point",
        "coordinates": [
          104.111822,
          30.656034
        ]
      },
      "properties": {
        "name": "万年商寓",
        "category": "residential",
        "type": "商务住宅;住宅区;住宅小区",
        "district": "成华区",
        "weight": 4
      }
    },
    {
      "type": "Feature",
      "geometry": {
        "type": "Point",
        "coordinates": [
          104.107343,
          30.651695
        ]
      },
      "properties": {
        "name": "北一街小区",
        "category": "residential",
        "type": "商务住宅;住宅区;住宅小区",
        "district": "成华区",
        "weight": 1
      }
    },
    {
      "type": "Feature",
      "geometry": {
        "type": "Point",
        "coordinates": [
          104.105357,
          30.652375
        ]
      },
      "properties": {
        "name": "北二街小区西门",
        "category": "residential",
        "type": "商务住宅;住宅区;住宅小区",
        "district": "成华区",
        "weight": 2
      }
    },
    {
      "type": "Feature",
      "geometry": {
        "type": "Point",
        "coordinates": [
          104.108871,
          30.65766
        ]
      },
      "properties": {
        "name": "万晟社区",
        "category": "residential",
        "type": "商务住宅;住宅区;住宅小区",
        "district": "成华区",
        "weight": 1
      }
    },
    {
      "type": "Feature",
      "geometry": {
        "type": "Point",
        "coordinates": [
          104.107555,
          30.65796
        ]
      },
      "properties": {
        "name": "新华社区(双林北横路)",
        "category": "residential",
        "type": "商务住宅;住宅区;住宅小区",
        "district": "成华区",
        "weight": 1
      }
    },
    {
      "type": "Feature",
      "geometry": {
        "type": "Point",
        "coordinates": [
          104.110775,
          30.658141
        ]
      },
      "properties": {
        "name": "机械厂家属院",
        "category": "residential",
        "type": "商务住宅;住宅区;住宅小区",
        "district": "成华区",
        "weight": 3
      }
    },
    {
      "type": "Feature",
      "geometry": {
        "type": "Point",
        "coordinates": [
          104.105148,
          30.657206
        ]
      },
      "properties": {
        "name": "成都市职业培训中心住宿区",
        "category": "residential",
        "type": "商务住宅;住宅区;住宅小区",
        "district": "成华区",
        "weight": 1
      }
    },
    {
      "type": "Feature",
      "geometry": {
        "type": "Point",
        "coordinates": [
          104.113235,
          30.653754
        ]
      },
      "properties": {
        "name": "银河商业广场",
        "category": "residential",
        "type": "商务住宅;住宅区;住宅小区",
        "district": "成华区",
        "weight": 1
      }
    },
    {
      "type": "Feature",
      "geometry": {
        "type": "Point",
        "coordinates": [
          104.103847,
          30.653237
        ]
      },
      "properties": {
        "name": "双桥路171号院",
        "category": "residential",
        "type": "商务住宅;住宅区;住宅小区",
        "district": "成华区",
        "weight": 1
      }
    },
    {
      "type": "Feature",
      "geometry": {
        "type": "Point",
        "coordinates": [
          104.107368,
          30.650186
        ]
      },
      "properties": {
        "name": "七六苑",
        "category": "residential",
        "type": "商务住宅;住宅区;住宅小区",
        "district": "成华区",
        "weight": 1
      }
    },
    {
      "type": "Feature",
      "geometry": {
        "type": "Point",
        "coordinates": [
          104.104994,
          30.651202
        ]
      },
      "properties": {
        "name": "双林中横路社区(经华北路)",
        "category": "residential",
        "type": "商务住宅;住宅区;住宅小区",
        "district": "成华区",
        "weight": 1
      }
    },
    {
      "type": "Feature",
      "geometry": {
        "type": "Point",
        "coordinates": [
          104.108992,
          30.659012
        ]
      },
      "properties": {
        "name": "新华园",
        "category": "residential",
        "type": "商务住宅;住宅区;住宅小区",
        "district": "成华区",
        "weight": 1
      }
    },
    {
      "type": "Feature",
      "geometry": {
        "type": "Point",
        "coordinates": [
          104.11011,
          30.659266
        ]
      },
      "properties": {
        "name": "万年场下街小区",
        "category": "residential",
        "type": "商务住宅;住宅区;住宅小区",
        "district": "成华区",
        "weight": 2
      }
    },
    {
      "type": "Feature",
      "geometry": {
        "type": "Point",
        "coordinates": [
          104.111693,
          30.659264
        ]
      },
      "properties": {
        "name": "双林北支路30号60号院",
        "category": "residential",
        "type": "商务住宅;住宅区;住宅小区",
        "district": "成华区",
        "weight": 1
      }
    },
    {
      "type": "Feature",
      "geometry": {
        "type": "Point",
        "coordinates": [
          104.103893,
          30.649428
        ]
      },
      "properties": {
        "name": "经华路社区",
        "category": "residential",
        "type": "商务住宅;住宅区;住宅小区",
        "district": "成华区",
        "weight": 1
      }
    },
    {
      "type": "Feature",
      "geometry": {
        "type": "Point",
        "coordinates": [
          104.119072,
          30.654534
        ]
      },
      "properties": {
        "name": "万兴街小区",
        "category": "residential",
        "type": "商务住宅;住宅区;住宅小区",
        "district": "成华区",
        "weight": 2
      }
    },
    {
      "type": "Feature",
      "geometry": {
        "type": "Point",
        "coordinates": [
          104.11754,
          30.65562
        ]
      },
      "properties": {
        "name": "积步街6号院",
        "category": "residential",
        "type": "商务住宅;住宅区;住宅区",
        "district": "成华区",
        "weight": 12
      }
    },
    {
      "type": "Feature",
      "geometry": {
        "type": "Point",
        "coordinates": [
          104.117198,
          30.653808
        ]
      },
      "properties": {
        "name": "花样年花郡4期",
        "category": "residential",
        "type": "商务住宅;住宅区;住宅区",
        "district": "成华区",
        "weight": 1
      }
    },
    {
      "type": "Feature",
      "geometry": {
        "type": "Point",
        "coordinates": [
          104.120193,
          30.65522
        ]
      },
      "properties": {
        "name": "联合公寓",
        "category": "residential",
        "type": "商务住宅;住宅区;住宅小区",
        "district": "成华区",
        "weight": 1
      }
    },
    {
      "type": "Feature",
      "geometry": {
        "type": "Point",
        "coordinates": [
          104.119094,
          30.651893
        ]
      },
      "properties": {
        "name": "成发·紫东芯座",
        "category": "residential",
        "type": "商务住宅;住宅区;住宅小区",
        "district": "成华区",
        "weight": 1
      }
    },
    {
      "type": "Feature",
      "geometry": {
        "type": "Point",
        "coordinates": [
          104.119193,
          30.656896
        ]
      },
      "properties": {
        "name": "洁美街4号院",
        "category": "residential",
        "type": "商务住宅;住宅区;住宅小区",
        "district": "成华区",
        "weight": 1
      }
    },
    {
      "type": "Feature",
      "geometry": {
        "type": "Point",
        "coordinates": [
          104.120398,
          30.65704
        ]
      },
      "properties": {
        "name": "联合四组",
        "category": "residential",
        "type": "商务住宅;住宅区;住宅小区",
        "district": "成华区",
        "weight": 2
      }
    },
    {
      "type": "Feature",
      "geometry": {
        "type": "Point",
        "coordinates": [
          104.115568,
          30.655628
        ]
      },
      "properties": {
        "name": "万年路8号院",
        "category": "residential",
        "type": "商务住宅;住宅区;住宅小区",
        "district": "成华区",
        "weight": 1
      }
    },
    {
      "type": "Feature",
      "geometry": {
        "type": "Point",
        "coordinates": [
          104.116526,
          30.65187
        ]
      },
      "properties": {
        "name": "二十四城1期",
        "category": "residential",
        "type": "商务住宅;住宅区;住宅小区",
        "district": "成华区",
        "weight": 2
      }
    },
    {
      "type": "Feature",
      "geometry": {
        "type": "Point",
        "coordinates": [
          104.115091,
          30.654322
        ]
      },
      "properties": {
        "name": "花样年·花郡",
        "category": "residential",
        "type": "商务住宅;住宅区;住宅小区",
        "district": "成华区",
        "weight": 1
      }
    },
    {
      "type": "Feature",
      "geometry": {
        "type": "Point",
        "coordinates": [
          104.122249,
          30.656325
        ]
      },
      "properties": {
        "name": "正成沙河明珠",
        "category": "residential",
        "type": "商务住宅;住宅区;住宅小区",
        "district": "成华区",
        "weight": 1
      }
    },
    {
      "type": "Feature",
      "geometry": {
        "type": "Point",
        "coordinates": [
          104.118745,
          30.65894
        ]
      },
      "properties": {
        "name": "跳蹬街五组",
        "category": "residential",
        "type": "商务住宅;住宅区;住宅小区",
        "district": "成华区",
        "weight": 2
      }
    },
    {
      "type": "Feature",
      "geometry": {
        "type": "Point",
        "coordinates": [
          104.120757,
          30.650644
        ]
      },
      "properties": {
        "name": "千居朝阳",
        "category": "residential",
        "type": "商务住宅;住宅区;住宅小区",
        "district": "成华区",
        "weight": 1
      }
    },
    {
      "type": "Feature",
      "geometry": {
        "type": "Point",
        "coordinates": [
          104.122899,
          30.65162
        ]
      },
      "properties": {
        "name": "香山长岛售楼部",
        "category": "residential",
        "type": "商务住宅;住宅区;住宅区",
        "district": "成华区",
        "weight": 1
      }
    },
    {
      "type": "Feature",
      "geometry": {
        "type": "Point",
        "coordinates": [
          104.114044,
          30.651386
        ]
      },
      "properties": {
        "name": "华润二十四城G期",
        "category": "residential",
        "type": "商务住宅;住宅区;住宅区",
        "district": "成华区",
        "weight": 1
      }
    },
    {
      "type": "Feature",
      "geometry": {
        "type": "Point",
        "coordinates": [
          104.123216,
          30.650253
        ]
      },
      "properties": {
        "name": "长天社区",
        "category": "residential",
        "type": "商务住宅;住宅区;住宅小区",
        "district": "成华区",
        "weight": 2
      }
    },
    {
      "type": "Feature",
      "geometry": {
        "type": "Point",
        "coordinates": [
          104.126185,
          30.658688
        ]
      },
      "properties": {
        "name": "和睦之家小区",
        "category": "residential",
        "type": "商务住宅;住宅区;住宅小区",
        "district": "成华区",
        "weight": 2
      }
    },
    {
      "type": "Feature",
      "geometry": {
        "type": "Point",
        "coordinates": [
          104.127702,
          30.655179
        ]
      },
      "properties": {
        "name": "沙河丽景",
        "category": "residential",
        "type": "商务住宅;住宅区;住宅小区",
        "district": "成华区",
        "weight": 1
      }
    },
    {
      "type": "Feature",
      "geometry": {
        "type": "Point",
        "coordinates": [
          104.126501,
          30.656006
        ]
      },
      "properties": {
        "name": "水岸东里",
        "category": "residential",
        "type": "商务住宅;住宅区;住宅小区",
        "district": "成华区",
        "weight": 2
      }
    },
    {
      "type": "Feature",
      "geometry": {
        "type": "Point",
        "coordinates": [
          104.13164,
          30.657991
        ]
      },
      "properties": {
        "name": "成都大东展",
        "category": "residential",
        "type": "商务住宅;住宅区;住宅小区",
        "district": "成华区",
        "weight": 1
      }
    },
    {
      "type": "Feature",
      "geometry": {
        "type": "Point",
        "coordinates": [
          104.128474,
          30.657934
        ]
      },
      "properties": {
        "name": "成华奥园广场",
        "category": "residential",
        "type": "商务住宅;住宅区;住宅小区",
        "district": "成华区",
        "weight": 1
      }
    },
    {
      "type": "Feature",
      "geometry": {
        "type": "Point",
        "coordinates": [
          104.123561,
          30.654118
        ]
      },
      "properties": {
        "name": "沙河名仕公馆",
        "category": "residential",
        "type": "商务住宅;住宅区;住宅小区",
        "district": "成华区",
        "weight": 1
      }
    },
    {
      "type": "Feature",
      "geometry": {
        "type": "Point",
        "coordinates": [
          104.125211,
          30.659267
        ]
      },
      "properties": {
        "name": "跳蹬河南路3号院",
        "category": "residential",
        "type": "商务住宅;住宅区;住宅小区",
        "district": "成华区",
        "weight": 1
      }
    },
    {
      "type": "Feature",
      "geometry": {
        "type": "Point",
        "coordinates": [
          104.138184,
          30.654356
        ]
      },
      "properties": {
        "name": "宏苑",
        "category": "residential",
        "type": "商务住宅;住宅区;住宅小区",
        "district": "成华区",
        "weight": 1
      }
    },
    {
      "type": "Feature",
      "geometry": {
        "type": "Point",
        "coordinates": [
          104.139823,
          30.654565
        ]
      },
      "properties": {
        "name": "民苑",
        "category": "residential",
        "type": "商务住宅;住宅区;住宅小区",
        "district": "成华区",
        "weight": 1
      }
    },
    {
      "type": "Feature",
      "geometry": {
        "type": "Point",
        "coordinates": [
          104.138122,
          30.65553
        ]
      },
      "properties": {
        "name": "欣苑(宏苑北)",
        "category": "residential",
        "type": "商务住宅;住宅区;住宅小区",
        "district": "成华区",
        "weight": 1
      }
    },
    {
      "type": "Feature",
      "geometry": {
        "type": "Point",
        "coordinates": [
          104.139907,
          30.656224
        ]
      },
      "properties": {
        "name": "华晨雅庭",
        "category": "residential",
        "type": "商务住宅;住宅区;住宅小区",
        "district": "成华区",
        "weight": 4
      }
    },
    {
      "type": "Feature",
      "geometry": {
        "type": "Point",
        "coordinates": [
          104.141263,
          30.652761
        ]
      },
      "properties": {
        "name": "东升花园(长融街)",
        "category": "residential",
        "type": "商务住宅;住宅区;住宅小区",
        "district": "成华区",
        "weight": 1
      }
    },
    {
      "type": "Feature",
      "geometry": {
        "type": "Point",
        "coordinates": [
          104.140348,
          30.651326
        ]
      },
      "properties": {
        "name": "槐树店路小区",
        "category": "residential",
        "type": "商务住宅;住宅区;住宅小区",
        "district": "成华区",
        "weight": 2
      }
    },
    {
      "type": "Feature",
      "geometry": {
        "type": "Point",
        "coordinates": [
          104.141556,
          30.656372
        ]
      },
      "properties": {
        "name": "一代天骄",
        "category": "residential",
        "type": "商务住宅;住宅区;住宅区",
        "district": "成华区",
        "weight": 2
      }
    },
    {
      "type": "Feature",
      "geometry": {
        "type": "Point",
        "coordinates": [
          104.137028,
          30.658882
        ]
      },
      "properties": {
        "name": "红桥社区(东门)",
        "category": "residential",
        "type": "商务住宅;住宅区;住宅小区",
        "district": "成华区",
        "weight": 2
      }
    },
    {
      "type": "Feature",
      "geometry": {
        "type": "Point",
        "coordinates": [
          104.1383,
          30.651043
        ]
      },
      "properties": {
        "name": "华天阳光小区",
        "category": "residential",
        "type": "商务住宅;住宅区;住宅小区",
        "district": "成华区",
        "weight": 1
      }
    },
    {
      "type": "Feature",
      "geometry": {
        "type": "Point",
        "coordinates": [
          104.135711,
          30.651974
        ]
      },
      "properties": {
        "name": "槐树苑A区",
        "category": "residential",
        "type": "商务住宅;住宅区;住宅小区",
        "district": "成华区",
        "weight": 1
      }
    },
    {
      "type": "Feature",
      "geometry": {
        "type": "Point",
        "coordinates": [
          104.141002,
          30.657594
        ]
      },
      "properties": {
        "name": "世纪长春小区",
        "category": "residential",
        "type": "商务住宅;住宅区;住宅小区",
        "district": "成华区",
        "weight": 1
      }
    },
    {
      "type": "Feature",
      "geometry": {
        "type": "Point",
        "coordinates": [
          104.142566,
          30.652666
        ]
      },
      "properties": {
        "name": "团结社区(槐树店路)",
        "category": "residential",
        "type": "商务住宅;住宅区;住宅小区",
        "district": "成华区",
        "weight": 1
      }
    },
    {
      "type": "Feature",
      "geometry": {
        "type": "Point",
        "coordinates": [
          104.136392,
          30.649887
        ]
      },
      "properties": {
        "name": "东升社区",
        "category": "residential",
        "type": "商务住宅;住宅区;住宅小区|地名地址信息;普通地名;村庄级地名",
        "district": "成华区",
        "weight": 1
      }
    },
    {
      "type": "Feature",
      "geometry": {
        "type": "Point",
        "coordinates": [
          104.133833,
          30.657797
        ]
      },
      "properties": {
        "name": "生育文化大院",
        "category": "residential",
        "type": "商务住宅;住宅区;住宅小区",
        "district": "成华区",
        "weight": 1
      }
    },
    {
      "type": "Feature",
      "geometry": {
        "type": "Point",
        "coordinates": [
          104.142702,
          30.659112
        ]
      },
      "properties": {
        "name": "香山长岛",
        "category": "residential",
        "type": "商务住宅;住宅区;住宅小区",
        "district": "成华区",
        "weight": 1
      }
    },
    {
      "type": "Feature",
      "geometry": {
        "type": "Point",
        "coordinates": [
          104.147023,
          30.657835
        ]
      },
      "properties": {
        "name": "东方·惠城A区",
        "category": "residential",
        "type": "商务住宅;住宅区;住宅小区",
        "district": "成华区",
        "weight": 1
      }
    },
    {
      "type": "Feature",
      "geometry": {
        "type": "Point",
        "coordinates": [
          104.152548,
          30.652581
        ]
      },
      "properties": {
        "name": "东锦城",
        "category": "residential",
        "type": "商务住宅;住宅区;住宅小区",
        "district": "成华区",
        "weight": 2
      }
    },
    {
      "type": "Feature",
      "geometry": {
        "type": "Point",
        "coordinates": [
          104.147004,
          30.655733
        ]
      },
      "properties": {
        "name": "城投·东庐",
        "category": "residential",
        "type": "商务住宅;住宅区;住宅小区",
        "district": "成华区",
        "weight": 1
      }
    },
    {
      "type": "Feature",
      "geometry": {
        "type": "Point",
        "coordinates": [
          104.144812,
          30.658458
        ]
      },
      "properties": {
        "name": "和悦庭院",
        "category": "residential",
        "type": "商务住宅;住宅区;住宅小区",
        "district": "成华区",
        "weight": 2
      }
    },
    {
      "type": "Feature",
      "geometry": {
        "type": "Point",
        "coordinates": [
          104.154065,
          30.652412
        ]
      },
      "properties": {
        "name": "东锦城B区",
        "category": "residential",
        "type": "商务住宅;住宅区;住宅小区",
        "district": "成华区",
        "weight": 1
      }
    },
    {
      "type": "Feature",
      "geometry": {
        "type": "Point",
        "coordinates": [
          103.971933,
          30.645218
        ]
      },
      "properties": {
        "name": "金茂·诚品上院",
        "category": "residential",
        "type": "商务住宅;住宅区;住宅小区",
        "district": "武侯区",
        "weight": 1
      }
    },
    {
      "type": "Feature",
      "geometry": {
        "type": "Point",
        "coordinates": [
          103.966379,
          30.648504
        ]
      },
      "properties": {
        "name": "蓝光金双楠",
        "category": "residential",
        "type": "商务住宅;住宅区;住宅小区",
        "district": "武侯区",
        "weight": 1
      }
    },
    {
      "type": "Feature",
      "geometry": {
        "type": "Point",
        "coordinates": [
          103.967544,
          30.646671
        ]
      },
      "properties": {
        "name": "蓝光金双楠2期",
        "category": "residential",
        "type": "商务住宅;住宅区;住宅小区",
        "district": "武侯区",
        "weight": 1
      }
    },
    {
      "type": "Feature",
      "geometry": {
        "type": "Point",
        "coordinates": [
          103.978515,
          30.643872
        ]
      },
      "properties": {
        "name": "华都星公馆",
        "category": "residential",
        "type": "商务住宅;住宅区;住宅小区",
        "district": "武侯区",
        "weight": 2
      }
    },
    {
      "type": "Feature",
      "geometry": {
        "type": "Point",
        "coordinates": [
          103.978881,
          30.646567
        ]
      },
      "properties": {
        "name": "正成·城市乐章",
        "category": "residential",
        "type": "商务住宅;住宅区;住宅小区",
        "district": "武侯区",
        "weight": 1
      }
    },
    {
      "type": "Feature",
      "geometry": {
        "type": "Point",
        "coordinates": [
          103.975504,
          30.644551
        ]
      },
      "properties": {
        "name": "花香茗都",
        "category": "residential",
        "type": "商务住宅;住宅区;住宅区",
        "district": "武侯区",
        "weight": 4
      }
    },
    {
      "type": "Feature",
      "geometry": {
        "type": "Point",
        "coordinates": [
          103.976405,
          30.643686
        ]
      },
      "properties": {
        "name": "花样年·花好园",
        "category": "residential",
        "type": "商务住宅;住宅区;住宅小区",
        "district": "武侯区",
        "weight": 1
      }
    },
    {
      "type": "Feature",
      "geometry": {
        "type": "Point",
        "coordinates": [
          103.977418,
          30.646894
        ]
      },
      "properties": {
        "name": "华都·星公馆2期",
        "category": "residential",
        "type": "商务住宅;住宅区;住宅小区",
        "district": "武侯区",
        "weight": 1
      }
    },
    {
      "type": "Feature",
      "geometry": {
        "type": "Point",
        "coordinates": [
          103.976636,
          30.642748
        ]
      },
      "properties": {
        "name": "西武家园",
        "category": "residential",
        "type": "商务住宅;住宅区;住宅小区",
        "district": "武侯区",
        "weight": 1
      }
    },
    {
      "type": "Feature",
      "geometry": {
        "type": "Point",
        "coordinates": [
          103.983805,
          30.648426
        ]
      },
      "properties": {
        "name": "锦溪",
        "category": "residential",
        "type": "商务住宅;住宅区;住宅小区",
        "district": "武侯区",
        "weight": 3
      }
    },
    {
      "type": "Feature",
      "geometry": {
        "type": "Point",
        "coordinates": [
          103.989346,
          30.645379
        ]
      },
      "properties": {
        "name": "兴元嘉园",
        "category": "residential",
        "type": "商务住宅;住宅区;住宅小区",
        "district": "武侯区",
        "weight": 1
      }
    },
    {
      "type": "Feature",
      "geometry": {
        "type": "Point",
        "coordinates": [
          103.990483,
          30.646442
        ]
      },
      "properties": {
        "name": "果堰小区-西区",
        "category": "residential",
        "type": "商务住宅;住宅区;住宅区",
        "district": "武侯区",
        "weight": 2
      }
    },
    {
      "type": "Feature",
      "geometry": {
        "type": "Point",
        "coordinates": [
          103.991362,
          30.643133
        ]
      },
      "properties": {
        "name": "竹韵天府",
        "category": "residential",
        "type": "商务住宅;住宅区;住宅小区",
        "district": "武侯区",
        "weight": 1
      }
    },
    {
      "type": "Feature",
      "geometry": {
        "type": "Point",
        "coordinates": [
          103.987956,
          30.647308
        ]
      },
      "properties": {
        "name": "正成·金楠尚府",
        "category": "residential",
        "type": "商务住宅;住宅区;住宅小区",
        "district": "武侯区",
        "weight": 1
      }
    },
    {
      "type": "Feature",
      "geometry": {
        "type": "Point",
        "coordinates": [
          103.984334,
          30.643094
        ]
      },
      "properties": {
        "name": "潮福苑",
        "category": "residential",
        "type": "商务住宅;住宅区;住宅小区",
        "district": "武侯区",
        "weight": 1
      }
    },
    {
      "type": "Feature",
      "geometry": {
        "type": "Point",
        "coordinates": [
          103.993587,
          30.644595
        ]
      },
      "properties": {
        "name": "金辉枫尚",
        "category": "residential",
        "type": "商务住宅;住宅区;住宅小区",
        "district": "武侯区",
        "weight": 1
      }
    },
    {
      "type": "Feature",
      "geometry": {
        "type": "Point",
        "coordinates": [
          103.983832,
          30.645816
        ]
      },
      "properties": {
        "name": "银杏苑(武青东二路)",
        "category": "residential",
        "type": "商务住宅;住宅区;住宅小区",
        "district": "武侯区",
        "weight": 1
      }
    },
    {
      "type": "Feature",
      "geometry": {
        "type": "Point",
        "coordinates": [
          103.987843,
          30.64017
        ]
      },
      "properties": {
        "name": "山南家园",
        "category": "residential",
        "type": "商务住宅;住宅区;住宅小区",
        "district": "武侯区",
        "weight": 1
      }
    },
    {
      "type": "Feature",
      "geometry": {
        "type": "Point",
        "coordinates": [
          103.987309,
          30.649092
        ]
      },
      "properties": {
        "name": "成通小区",
        "category": "residential",
        "type": "商务住宅;住宅区;住宅小区",
        "district": "武侯区",
        "weight": 1
      }
    },
    {
      "type": "Feature",
      "geometry": {
        "type": "Point",
        "coordinates": [
          103.985254,
          30.640628
        ]
      },
      "properties": {
        "name": "中华锦绣",
        "category": "residential",
        "type": "商务住宅;住宅区;住宅小区",
        "district": "武侯区",
        "weight": 1
      }
    },
    {
      "type": "Feature",
      "geometry": {
        "type": "Point",
        "coordinates": [
          103.992888,
          30.649149
        ]
      },
      "properties": {
        "name": "龙湖·金楠天街楠香庭",
        "category": "residential",
        "type": "商务住宅;住宅区;住宅小区",
        "district": "武侯区",
        "weight": 1
      }
    },
    {
      "type": "Feature",
      "geometry": {
        "type": "Point",
        "coordinates": [
          103.993515,
          30.639913
        ]
      },
      "properties": {
        "name": "果堰小区",
        "category": "residential",
        "type": "商务住宅;住宅区;住宅小区",
        "district": "武侯区",
        "weight": 1
      }
    },
    {
      "type": "Feature",
      "geometry": {
        "type": "Point",
        "coordinates": [
          104.000538,
          30.644169
        ]
      },
      "properties": {
        "name": "雷迪波尔·城市花园",
        "category": "residential",
        "type": "商务住宅;住宅区;住宅小区",
        "district": "武侯区",
        "weight": 1
      }
    },
    {
      "type": "Feature",
      "geometry": {
        "type": "Point",
        "coordinates": [
          103.999727,
          30.642022
        ]
      },
      "properties": {
        "name": "吉绿苑",
        "category": "residential",
        "type": "商务住宅;住宅区;住宅小区",
        "district": "武侯区",
        "weight": 2
      }
    },
    {
      "type": "Feature",
      "geometry": {
        "type": "Point",
        "coordinates": [
          103.996659,
          30.646116
        ]
      },
      "properties": {
        "name": "中央花园4期",
        "category": "residential",
        "type": "商务住宅;住宅区;住宅小区",
        "district": "武侯区",
        "weight": 1
      }
    },
    {
      "type": "Feature",
      "geometry": {
        "type": "Point",
        "coordinates": [
          103.999282,
          30.647199
        ]
      },
      "properties": {
        "name": "园中园北苑",
        "category": "residential",
        "type": "商务住宅;住宅区;住宅小区|通行设施;临街院门;临街院正门",
        "district": "武侯区",
        "weight": 2
      }
    },
    {
      "type": "Feature",
      "geometry": {
        "type": "Point",
        "coordinates": [
          104.000842,
          30.646974
        ]
      },
      "properties": {
        "name": "园中园西苑",
        "category": "residential",
        "type": "商务住宅;住宅区;住宅小区",
        "district": "武侯区",
        "weight": 1
      }
    },
    {
      "type": "Feature",
      "geometry": {
        "type": "Point",
        "coordinates": [
          103.995183,
          30.643189
        ]
      },
      "properties": {
        "name": "顺江新苑B区",
        "category": "residential",
        "type": "商务住宅;住宅区;住宅小区",
        "district": "武侯区",
        "weight": 1
      }
    },
    {
      "type": "Feature",
      "geometry": {
        "type": "Point",
        "coordinates": [
          103.997117,
          30.641407
        ]
      },
      "properties": {
        "name": "金福园",
        "category": "residential",
        "type": "商务住宅;住宅区;住宅小区",
        "district": "武侯区",
        "weight": 1
      }
    },
    {
      "type": "Feature",
      "geometry": {
        "type": "Point",
        "coordinates": [
          103.999868,
          30.648175
        ]
      },
      "properties": {
        "name": "名乐苑小区",
        "category": "residential",
        "type": "商务住宅;住宅区;住宅小区",
        "district": "武侯区",
        "weight": 2
      }
    },
    {
      "type": "Feature",
      "geometry": {
        "type": "Point",
        "coordinates": [
          104.002809,
          30.646049
        ]
      },
      "properties": {
        "name": "园中园南苑",
        "category": "residential",
        "type": "商务住宅;住宅区;住宅小区",
        "district": "武侯区",
        "weight": 1
      }
    },
    {
      "type": "Feature",
      "geometry": {
        "type": "Point",
        "coordinates": [
          104.001862,
          30.648519
        ]
      },
      "properties": {
        "name": "园中园东苑",
        "category": "residential",
        "type": "商务住宅;住宅区;住宅小区",
        "district": "武侯区",
        "weight": 12
      }
    },
    {
      "type": "Feature",
      "geometry": {
        "type": "Point",
        "coordinates": [
          104.003276,
          30.643342
        ]
      },
      "properties": {
        "name": "交大庭院",
        "category": "residential",
        "type": "商务住宅;住宅区;住宅小区",
        "district": "武侯区",
        "weight": 1
      }
    },
    {
      "type": "Feature",
      "geometry": {
        "type": "Point",
        "coordinates": [
          103.993754,
          30.642565
        ]
      },
      "properties": {
        "name": "顺江新苑A区",
        "category": "residential",
        "type": "商务住宅;住宅区;住宅小区",
        "district": "武侯区",
        "weight": 1
      }
    },
    {
      "type": "Feature",
      "geometry": {
        "type": "Point",
        "coordinates": [
          103.998668,
          30.639829
        ]
      },
      "properties": {
        "name": "金楠·缤纷",
        "category": "residential",
        "type": "商务住宅;住宅区;住宅小区",
        "district": "武侯区",
        "weight": 1
      }
    },
    {
      "type": "Feature",
      "geometry": {
        "type": "Point",
        "coordinates": [
          104.003048,
          30.641179
        ]
      },
      "properties": {
        "name": "交大花园广厦小区",
        "category": "residential",
        "type": "商务住宅;住宅区;住宅小区",
        "district": "武侯区",
        "weight": 1
      }
    },
    {
      "type": "Feature",
      "geometry": {
        "type": "Point",
        "coordinates": [
          103.997294,
          30.649458
        ]
      },
      "properties": {
        "name": "长盛续锦",
        "category": "residential",
        "type": "商务住宅;住宅区;住宅小区",
        "district": "武侯区",
        "weight": 1
      }
    },
    {
      "type": "Feature",
      "geometry": {
        "type": "Point",
        "coordinates": [
          104.00148,
          30.639819
        ]
      },
      "properties": {
        "name": "蓝光·金楠府",
        "category": "residential",
        "type": "商务住宅;住宅区;住宅小区",
        "district": "武侯区",
        "weight": 1
      }
    },
    {
      "type": "Feature",
      "geometry": {
        "type": "Point",
        "coordinates": [
          103.994495,
          30.649537
        ]
      },
      "properties": {
        "name": "龙湖·金楠天街蓉香庭",
        "category": "residential",
        "type": "商务住宅;住宅区;住宅小区",
        "district": "武侯区",
        "weight": 1
      }
    },
    {
      "type": "Feature",
      "geometry": {
        "type": "Point",
        "coordinates": [
          104.009253,
          30.645852
        ]
      },
      "properties": {
        "name": "鹭岛国际社区",
        "category": "residential",
        "type": "商务住宅;住宅区;住宅小区",
        "district": "武侯区",
        "weight": 3
      }
    },
    {
      "type": "Feature",
      "geometry": {
        "type": "Point",
        "coordinates": [
          104.01149,
          30.643173
        ]
      },
      "properties": {
        "name": "新瑞园",
        "category": "residential",
        "type": "商务住宅;住宅区;住宅小区",
        "district": "武侯区",
        "weight": 1
      }
    },
    {
      "type": "Feature",
      "geometry": {
        "type": "Point",
        "coordinates": [
          104.006715,
          30.642291
        ]
      },
      "properties": {
        "name": "吉福庭苑",
        "category": "residential",
        "type": "商务住宅;住宅区;住宅小区",
        "district": "武侯区",
        "weight": 1
      }
    },
    {
      "type": "Feature",
      "geometry": {
        "type": "Point",
        "coordinates": [
          104.008455,
          30.641695
        ]
      },
      "properties": {
        "name": "吉馨苑",
        "category": "residential",
        "type": "商务住宅;住宅区;住宅小区",
        "district": "武侯区",
        "weight": 1
      }
    },
    {
      "type": "Feature",
      "geometry": {
        "type": "Point",
        "coordinates": [
          104.013554,
          30.646244
        ]
      },
      "properties": {
        "name": "龙禧苑",
        "category": "residential",
        "type": "商务住宅;住宅区;住宅小区",
        "district": "武侯区",
        "weight": 13
      }
    },
    {
      "type": "Feature",
      "geometry": {
        "type": "Point",
        "coordinates": [
          104.010109,
          30.641474
        ]
      },
      "properties": {
        "name": "普建苑",
        "category": "residential",
        "type": "商务住宅;住宅区;住宅小区",
        "district": "武侯区",
        "weight": 2
      }
    },
    {
      "type": "Feature",
      "geometry": {
        "type": "Point",
        "coordinates": [
          104.012581,
          30.641755
        ]
      },
      "properties": {
        "name": "丽百居",
        "category": "residential",
        "type": "商务住宅;住宅区;住宅小区",
        "district": "武侯区",
        "weight": 3
      }
    },
    {
      "type": "Feature",
      "geometry": {
        "type": "Point",
        "coordinates": [
          104.005011,
          30.642576
        ]
      },
      "properties": {
        "name": "双楠·锐派",
        "category": "residential",
        "type": "商务住宅;住宅区;住宅小区",
        "district": "武侯区",
        "weight": 1
      }
    },
    {
      "type": "Feature",
      "geometry": {
        "type": "Point",
        "coordinates": [
          104.009415,
          30.640699
        ]
      },
      "properties": {
        "name": "城楠映象",
        "category": "residential",
        "type": "商务住宅;住宅区;住宅小区",
        "district": "武侯区",
        "weight": 1
      }
    },
    {
      "type": "Feature",
      "geometry": {
        "type": "Point",
        "coordinates": [
          104.007406,
          30.640809
        ]
      },
      "properties": {
        "name": "吉静苑",
        "category": "residential",
        "type": "商务住宅;住宅区;住宅小区",
        "district": "武侯区",
        "weight": 1
      }
    },
    {
      "type": "Feature",
      "geometry": {
        "type": "Point",
        "coordinates": [
          104.013195,
          30.644895
        ]
      },
      "properties": {
        "name": "圣沅·汇景樱桃季",
        "category": "residential",
        "type": "商务住宅;住宅区;住宅小区",
        "district": "武侯区",
        "weight": 1
      }
    },
    {
      "type": "Feature",
      "geometry": {
        "type": "Point",
        "coordinates": [
          104.005551,
          30.640601
        ]
      },
      "properties": {
        "name": "梧桐",
        "category": "residential",
        "type": "商务住宅;住宅区;住宅小区",
        "district": "武侯区",
        "weight": 5
      }
    },
    {
      "type": "Feature",
      "geometry": {
        "type": "Point",
        "coordinates": [
          104.009008,
          30.648713
        ]
      },
      "properties": {
        "name": "鹭岛国际社区3期",
        "category": "residential",
        "type": "商务住宅;住宅区;住宅小区",
        "district": "武侯区",
        "weight": 1
      }
    },
    {
      "type": "Feature",
      "geometry": {
        "type": "Point",
        "coordinates": [
          104.003854,
          30.646019
        ]
      },
      "properties": {
        "name": "吉春苑",
        "category": "residential",
        "type": "商务住宅;住宅区;住宅小区",
        "district": "武侯区",
        "weight": 1
      }
    },
    {
      "type": "Feature",
      "geometry": {
        "type": "Point",
        "coordinates": [
          104.008662,
          30.639458
        ]
      },
      "properties": {
        "name": "交大花园武侯小区",
        "category": "residential",
        "type": "商务住宅;住宅区;住宅小区",
        "district": "武侯区",
        "weight": 2
      }
    },
    {
      "type": "Feature",
      "geometry": {
        "type": "Point",
        "coordinates": [
          104.012794,
          30.649028
        ]
      },
      "properties": {
        "name": "溢阳绿城",
        "category": "residential",
        "type": "商务住宅;住宅区;住宅小区",
        "district": "武侯区",
        "weight": 1
      }
    },
    {
      "type": "Feature",
      "geometry": {
        "type": "Point",
        "coordinates": [
          104.009959,
          30.647813
        ]
      },
      "properties": {
        "name": "成都水晶名仕阁酒店",
        "category": "residential",
        "type": "住宿服务;宾馆酒店;四星级宾馆|商务住宅;住宅区;住宅小区",
        "district": "武侯区",
        "weight": 1
      }
    },
    {
      "type": "Feature",
      "geometry": {
        "type": "Point",
        "coordinates": [
          104.018702,
          30.645263
        ]
      },
      "properties": {
        "name": "汇景2期",
        "category": "residential",
        "type": "商务住宅;住宅区;住宅小区",
        "district": "武侯区",
        "weight": 2
      }
    },
    {
      "type": "Feature",
      "geometry": {
        "type": "Point",
        "coordinates": [
          104.018253,
          30.643399
        ]
      },
      "properties": {
        "name": "一椽坊",
        "category": "residential",
        "type": "商务住宅;住宅区;住宅小区",
        "district": "武侯区",
        "weight": 1
      }
    },
    {
      "type": "Feature",
      "geometry": {
        "type": "Point",
        "coordinates": [
          104.020292,
          30.643614
        ]
      },
      "properties": {
        "name": "森世阳光",
        "category": "residential",
        "type": "商务住宅;住宅区;住宅区",
        "district": "武侯区",
        "weight": 1
      }
    },
    {
      "type": "Feature",
      "geometry": {
        "type": "Point",
        "coordinates": [
          104.017243,
          30.642702
        ]
      },
      "properties": {
        "name": "顺达苑",
        "category": "residential",
        "type": "商务住宅;住宅区;住宅小区",
        "district": "武侯区",
        "weight": 1
      }
    },
    {
      "type": "Feature",
      "geometry": {
        "type": "Point",
        "coordinates": [
          104.016735,
          30.646308
        ]
      },
      "properties": {
        "name": "西藏阳光苑",
        "category": "residential",
        "type": "商务住宅;住宅区;住宅小区",
        "district": "武侯区",
        "weight": 1
      }
    },
    {
      "type": "Feature",
      "geometry": {
        "type": "Point",
        "coordinates": [
          104.018391,
          30.647007
        ]
      },
      "properties": {
        "name": "双楠美邻",
        "category": "residential",
        "type": "商务住宅;住宅区;住宅小区",
        "district": "武侯区",
        "weight": 1
      }
    },
    {
      "type": "Feature",
      "geometry": {
        "type": "Point",
        "coordinates": [
          104.020917,
          30.642814
        ]
      },
      "properties": {
        "name": "竹园(永盛东街)",
        "category": "residential",
        "type": "商务住宅;住宅区;住宅小区",
        "district": "武侯区",
        "weight": 1
      }
    },
    {
      "type": "Feature",
      "geometry": {
        "type": "Point",
        "coordinates": [
          104.015967,
          30.643302
        ]
      },
      "properties": {
        "name": "华府双楠",
        "category": "residential",
        "type": "商务住宅;住宅区;住宅小区",
        "district": "武侯区",
        "weight": 1
      }
    },
    {
      "type": "Feature",
      "geometry": {
        "type": "Point",
        "coordinates": [
          104.01546,
          30.64426
        ]
      },
      "properties": {
        "name": "双楠融域",
        "category": "residential",
        "type": "商务住宅;住宅区;住宅小区",
        "district": "武侯区",
        "weight": 1
      }
    },
    {
      "type": "Feature",
      "geometry": {
        "type": "Point",
        "coordinates": [
          104.02182,
          30.643986
        ]
      },
      "properties": {
        "name": "双楠森世阳光花园",
        "category": "residential",
        "type": "商务住宅;住宅区;住宅小区",
        "district": "武侯区",
        "weight": 1
      }
    },
    {
      "type": "Feature",
      "geometry": {
        "type": "Point",
        "coordinates": [
          104.01708,
          30.641187
        ]
      },
      "properties": {
        "name": "顺福苑",
        "category": "residential",
        "type": "商务住宅;住宅区;住宅小区",
        "district": "武侯区",
        "weight": 3
      }
    },
    {
      "type": "Feature",
      "geometry": {
        "type": "Point",
        "coordinates": [
          104.022362,
          30.643159
        ]
      },
      "properties": {
        "name": "双楠竹园1期",
        "category": "residential",
        "type": "商务住宅;住宅区;住宅小区",
        "district": "武侯区",
        "weight": 1
      }
    },
    {
      "type": "Feature",
      "geometry": {
        "type": "Point",
        "coordinates": [
          104.02353,
          30.641407
        ]
      },
      "properties": {
        "name": "怡顺苑",
        "category": "residential",
        "type": "商务住宅;住宅区;住宅小区",
        "district": "武侯区",
        "weight": 10
      }
    },
    {
      "type": "Feature",
      "geometry": {
        "type": "Point",
        "coordinates": [
          104.018425,
          30.640864
        ]
      },
      "properties": {
        "name": "绿地·海珀香庭",
        "category": "residential",
        "type": "商务住宅;住宅区;住宅小区",
        "district": "武侯区",
        "weight": 1
      }
    },
    {
      "type": "Feature",
      "geometry": {
        "type": "Point",
        "coordinates": [
          104.015456,
          30.641867
        ]
      },
      "properties": {
        "name": "长居花苑",
        "category": "residential",
        "type": "商务住宅;住宅区;住宅小区",
        "district": "武侯区",
        "weight": 2
      }
    },
    {
      "type": "Feature",
      "geometry": {
        "type": "Point",
        "coordinates": [
          104.014231,
          30.644061
        ]
      },
      "properties": {
        "name": "双楠融域2期",
        "category": "residential",
        "type": "商务住宅;住宅区;住宅小区",
        "district": "武侯区",
        "weight": 1
      }
    },
    {
      "type": "Feature",
      "geometry": {
        "type": "Point",
        "coordinates": [
          104.02302,
          30.645302
        ]
      },
      "properties": {
        "name": "龙门公寓",
        "category": "residential",
        "type": "商务住宅;住宅区;住宅小区",
        "district": "武侯区",
        "weight": 1
      }
    },
    {
      "type": "Feature",
      "geometry": {
        "type": "Point",
        "coordinates": [
          104.014106,
          30.642667
        ]
      },
      "properties": {
        "name": "金色花园(双丰中路)",
        "category": "residential",
        "type": "商务住宅;住宅区;住宅小区",
        "district": "武侯区",
        "weight": 1
      }
    },
    {
      "type": "Feature",
      "geometry": {
        "type": "Point",
        "coordinates": [
          104.014359,
          30.641746
        ]
      },
      "properties": {
        "name": "五彩生活",
        "category": "residential",
        "type": "商务住宅;住宅区;住宅小区",
        "district": "武侯区",
        "weight": 2
      }
    },
    {
      "type": "Feature",
      "geometry": {
        "type": "Point",
        "coordinates": [
          104.017308,
          30.649088
        ]
      },
      "properties": {
        "name": "天乐街小区",
        "category": "residential",
        "type": "商务住宅;住宅区;住宅小区",
        "district": "武侯区",
        "weight": 2
      }
    },
    {
      "type": "Feature",
      "geometry": {
        "type": "Point",
        "coordinates": [
          104.017438,
          30.639869
        ]
      },
      "properties": {
        "name": "美好时光",
        "category": "residential",
        "type": "商务住宅;住宅区;住宅小区",
        "district": "武侯区",
        "weight": 1
      }
    },
    {
      "type": "Feature",
      "geometry": {
        "type": "Point",
        "coordinates": [
          104.01519,
          30.639626
        ]
      },
      "properties": {
        "name": "家和南苑",
        "category": "residential",
        "type": "商务住宅;住宅区;住宅小区",
        "district": "武侯区",
        "weight": 3
      }
    },
    {
      "type": "Feature",
      "geometry": {
        "type": "Point",
        "coordinates": [
          104.015038,
          30.648982
        ]
      },
      "properties": {
        "name": "云影苑",
        "category": "residential",
        "type": "商务住宅;住宅区;住宅小区",
        "district": "武侯区",
        "weight": 1
      }
    },
    {
      "type": "Feature",
      "geometry": {
        "type": "Point",
        "coordinates": [
          104.022509,
          30.640121
        ]
      },
      "properties": {
        "name": "蓝光雍锦世家(建设中)",
        "category": "residential",
        "type": "商务住宅;住宅区;住宅小区",
        "district": "武侯区",
        "weight": 1
      }
    },
    {
      "type": "Feature",
      "geometry": {
        "type": "Point",
        "coordinates": [
          104.023768,
          30.648036
        ]
      },
      "properties": {
        "name": "双楠谊苑",
        "category": "residential",
        "type": "商务住宅;住宅区;住宅小区",
        "district": "武侯区",
        "weight": 2
      }
    },
    {
      "type": "Feature",
      "geometry": {
        "type": "Point",
        "coordinates": [
          104.029317,
          30.644231
        ]
      },
      "properties": {
        "name": "双楠花园",
        "category": "residential",
        "type": "商务住宅;住宅区;住宅小区",
        "district": "武侯区",
        "weight": 1
      }
    },
    {
      "type": "Feature",
      "geometry": {
        "type": "Point",
        "coordinates": [
          104.027296,
          30.645156
        ]
      },
      "properties": {
        "name": "兰园",
        "category": "residential",
        "type": "商务住宅;住宅区;住宅小区",
        "district": "武侯区",
        "weight": 6
      }
    },
    {
      "type": "Feature",
      "geometry": {
        "type": "Point",
        "coordinates": [
          104.028629,
          30.642719
        ]
      },
      "properties": {
        "name": "碧云天(碧云路)",
        "category": "residential",
        "type": "商务住宅;住宅区;住宅小区",
        "district": "武侯区",
        "weight": 1
      }
    },
    {
      "type": "Feature",
      "geometry": {
        "type": "Point",
        "coordinates": [
          104.030739,
          30.64496
        ]
      },
      "properties": {
        "name": "宝润苑",
        "category": "residential",
        "type": "商务住宅;住宅区;住宅小区",
        "district": "武侯区",
        "weight": 3
      }
    },
    {
      "type": "Feature",
      "geometry": {
        "type": "Point",
        "coordinates": [
          104.030809,
          30.642893
        ]
      },
      "properties": {
        "name": "巴黎阳光小区",
        "category": "residential",
        "type": "商务住宅;住宅区;住宅小区",
        "district": "武侯区",
        "weight": 1
      }
    },
    {
      "type": "Feature",
      "geometry": {
        "type": "Point",
        "coordinates": [
          104.026463,
          30.64238
        ]
      },
      "properties": {
        "name": "月光琉域",
        "category": "residential",
        "type": "商务住宅;住宅区;住宅小区",
        "district": "武侯区",
        "weight": 2
      }
    },
    {
      "type": "Feature",
      "geometry": {
        "type": "Point",
        "coordinates": [
          104.026935,
          30.646713
        ]
      },
      "properties": {
        "name": "安居花园(双楠街)",
        "category": "residential",
        "type": "商务住宅;住宅区;住宅小区",
        "district": "武侯区",
        "weight": 1
      }
    },
    {
      "type": "Feature",
      "geometry": {
        "type": "Point",
        "coordinates": [
          104.029971,
          30.646914
        ]
      },
      "properties": {
        "name": "名都苑",
        "category": "residential",
        "type": "商务住宅;住宅区;住宅小区",
        "district": "武侯区",
        "weight": 1
      }
    },
    {
      "type": "Feature",
      "geometry": {
        "type": "Point",
        "coordinates": [
          104.032374,
          30.644666
        ]
      },
      "properties": {
        "name": "花样年华风华庭",
        "category": "residential",
        "type": "商务住宅;住宅区;住宅小区",
        "district": "武侯区",
        "weight": 1
      }
    },
    {
      "type": "Feature",
      "geometry": {
        "type": "Point",
        "coordinates": [
          104.027275,
          30.647618
        ]
      },
      "properties": {
        "name": "置信花园",
        "category": "residential",
        "type": "商务住宅;住宅区;住宅小区",
        "district": "武侯区",
        "weight": 1
      }
    },
    {
      "type": "Feature",
      "geometry": {
        "type": "Point",
        "coordinates": [
          104.025048,
          30.646496
        ]
      },
      "properties": {
        "name": "双楠1区",
        "category": "residential",
        "type": "商务住宅;住宅区;住宅小区",
        "district": "武侯区",
        "weight": 3
      }
    },
    {
      "type": "Feature",
      "geometry": {
        "type": "Point",
        "coordinates": [
          104.032627,
          30.643468
        ]
      },
      "properties": {
        "name": "新筑",
        "category": "residential",
        "type": "商务住宅;住宅区;住宅小区",
        "district": "武侯区",
        "weight": 1
      }
    },
    {
      "type": "Feature",
      "geometry": {
        "type": "Point",
        "coordinates": [
          104.024358,
          30.644204
        ]
      },
      "properties": {
        "name": "园丁园",
        "category": "residential",
        "type": "商务住宅;住宅区;住宅小区",
        "district": "武侯区",
        "weight": 1
      }
    },
    {
      "type": "Feature",
      "geometry": {
        "type": "Point",
        "coordinates": [
          104.030056,
          30.640348
        ]
      },
      "properties": {
        "name": "双楠府邸",
        "category": "residential",
        "type": "商务住宅;住宅区;住宅小区",
        "district": "武侯区",
        "weight": 3
      }
    },
    {
      "type": "Feature",
      "geometry": {
        "type": "Point",
        "coordinates": [
          104.028376,
          30.648537
        ]
      },
      "properties": {
        "name": "卫居苑(双楠路)",
        "category": "residential",
        "type": "商务住宅;住宅区;住宅小区",
        "district": "武侯区",
        "weight": 1
      }
    },
    {
      "type": "Feature",
      "geometry": {
        "type": "Point",
        "coordinates": [
          104.024022,
          30.645626
        ]
      },
      "properties": {
        "name": "双楠华苑",
        "category": "residential",
        "type": "商务住宅;住宅区;住宅小区",
        "district": "武侯区",
        "weight": 1
      }
    },
    {
      "type": "Feature",
      "geometry": {
        "type": "Point",
        "coordinates": [
          104.032732,
          30.641831
        ]
      },
      "properties": {
        "name": "广福楼",
        "category": "residential",
        "type": "商务住宅;住宅区;住宅小区",
        "district": "武侯区",
        "weight": 3
      }
    },
    {
      "type": "Feature",
      "geometry": {
        "type": "Point",
        "coordinates": [
          104.0239,
          30.643095
        ]
      },
      "properties": {
        "name": "二环路西一段15号院",
        "category": "residential",
        "type": "商务住宅;住宅区;住宅区",
        "district": "武侯区",
        "weight": 2
      }
    },
    {
      "type": "Feature",
      "geometry": {
        "type": "Point",
        "coordinates": [
          104.026635,
          30.648545
        ]
      },
      "properties": {
        "name": "蜀馨苑",
        "category": "residential",
        "type": "商务住宅;住宅区;住宅小区",
        "district": "武侯区",
        "weight": 3
      }
    },
    {
      "type": "Feature",
      "geometry": {
        "type": "Point",
        "coordinates": [
          104.026371,
          30.638855
        ]
      },
      "properties": {
        "name": "红南港",
        "category": "residential",
        "type": "商务住宅;住宅区;住宅小区",
        "district": "武侯区",
        "weight": 7
      }
    },
    {
      "type": "Feature",
      "geometry": {
        "type": "Point",
        "coordinates": [
          104.031943,
          30.639784
        ]
      },
      "properties": {
        "name": "美好家园",
        "category": "residential",
        "type": "商务住宅;住宅区;住宅小区",
        "district": "武侯区",
        "weight": 1
      }
    },
    {
      "type": "Feature",
      "geometry": {
        "type": "Point",
        "coordinates": [
          104.033523,
          30.640413
        ]
      },
      "properties": {
        "name": "高升小区",
        "category": "residential",
        "type": "商务住宅;住宅区;住宅小区",
        "district": "武侯区",
        "weight": 3
      }
    },
    {
      "type": "Feature",
      "geometry": {
        "type": "Point",
        "coordinates": [
          104.024366,
          30.639657
        ]
      },
      "properties": {
        "name": "竹园2期",
        "category": "residential",
        "type": "商务住宅;住宅区;住宅小区",
        "district": "武侯区",
        "weight": 1
      }
    },
    {
      "type": "Feature",
      "geometry": {
        "type": "Point",
        "coordinates": [
          104.034003,
          30.649133
        ]
      },
      "properties": {
        "name": "百花邨",
        "category": "residential",
        "type": "商务住宅;住宅区;住宅小区",
        "district": "武侯区",
        "weight": 3
      }
    },
    {
      "type": "Feature",
      "geometry": {
        "type": "Point",
        "coordinates": [
          104.037703,
          30.645284
        ]
      },
      "properties": {
        "name": "通祥苑",
        "category": "residential",
        "type": "商务住宅;住宅区;住宅小区",
        "district": "武侯区",
        "weight": 1
      }
    },
    {
      "type": "Feature",
      "geometry": {
        "type": "Point",
        "coordinates": [
          104.042468,
          30.643208
        ]
      },
      "properties": {
        "name": "油油苑",
        "category": "residential",
        "type": "商务住宅;住宅区;住宅区",
        "district": "武侯区",
        "weight": 24
      }
    },
    {
      "type": "Feature",
      "geometry": {
        "type": "Point",
        "coordinates": [
          104.038366,
          30.642416
        ]
      },
      "properties": {
        "name": "成都A区·锦外",
        "category": "residential",
        "type": "商务住宅;住宅区;住宅区",
        "district": "武侯区",
        "weight": 1
      }
    },
    {
      "type": "Feature",
      "geometry": {
        "type": "Point",
        "coordinates": [
          104.035812,
          30.644516
        ]
      },
      "properties": {
        "name": "七道堰社区",
        "category": "residential",
        "type": "商务住宅;住宅区;住宅小区",
        "district": "武侯区",
        "weight": 1
      }
    },
    {
      "type": "Feature",
      "geometry": {
        "type": "Point",
        "coordinates": [
          104.037195,
          30.64083
        ]
      },
      "properties": {
        "name": "高升桥小区",
        "category": "residential",
        "type": "商务住宅;住宅区;住宅小区",
        "district": "武侯区",
        "weight": 7
      }
    },
    {
      "type": "Feature",
      "geometry": {
        "type": "Point",
        "coordinates": [
          104.034859,
          30.643661
        ]
      },
      "properties": {
        "name": "新巢公寓",
        "category": "residential",
        "type": "商务住宅;住宅区;住宅小区",
        "district": "武侯区",
        "weight": 2
      }
    },
    {
      "type": "Feature",
      "geometry": {
        "type": "Point",
        "coordinates": [
          104.033743,
          30.643331
        ]
      },
      "properties": {
        "name": "四季花城",
        "category": "residential",
        "type": "商务住宅;住宅区;住宅小区",
        "district": "武侯区",
        "weight": 1
      }
    },
    {
      "type": "Feature",
      "geometry": {
        "type": "Point",
        "coordinates": [
          104.043023,
          30.64682
        ]
      },
      "properties": {
        "name": "武侯祠大街245号院",
        "category": "residential",
        "type": "商务住宅;住宅区;住宅小区",
        "district": "武侯区",
        "weight": 1
      }
    },
    {
      "type": "Feature",
      "geometry": {
        "type": "Point",
        "coordinates": [
          104.043279,
          30.641962
        ]
      },
      "properties": {
        "name": "武侯名园",
        "category": "residential",
        "type": "商务住宅;住宅区;住宅小区",
        "district": "武侯区",
        "weight": 1
      }
    },
    {
      "type": "Feature",
      "geometry": {
        "type": "Point",
        "coordinates": [
          104.04156,
          30.634716
        ]
      },
      "properties": {
        "name": "绿苑",
        "category": "residential",
        "type": "商务住宅;住宅区;住宅小区",
        "district": "武侯区",
        "weight": 142
      }
    },
    {
      "type": "Feature",
      "geometry": {
        "type": "Point",
        "coordinates": [
          104.048321,
          30.645402
        ]
      },
      "properties": {
        "name": "建国巷4号院",
        "category": "residential",
        "type": "商务住宅;住宅区;住宅小区",
        "district": "武侯区",
        "weight": 2
      }
    },
    {
      "type": "Feature",
      "geometry": {
        "type": "Point",
        "coordinates": [
          104.047235,
          30.643861
        ]
      },
      "properties": {
        "name": "洗面桥横街35号院",
        "category": "residential",
        "type": "商务住宅;住宅区;住宅小区",
        "district": "武侯区",
        "weight": 1
      }
    },
    {
      "type": "Feature",
      "geometry": {
        "type": "Point",
        "coordinates": [
          104.049543,
          30.643321
        ]
      },
      "properties": {
        "name": "洗面桥宿舍",
        "category": "residential",
        "type": "商务住宅;住宅区;住宅小区",
        "district": "武侯区",
        "weight": 1
      }
    },
    {
      "type": "Feature",
      "geometry": {
        "type": "Point",
        "coordinates": [
          104.05061,
          30.643879
        ]
      },
      "properties": {
        "name": "蜀芙苑",
        "category": "residential",
        "type": "商务住宅;住宅区;住宅小区",
        "district": "武侯区",
        "weight": 1
      }
    },
    {
      "type": "Feature",
      "geometry": {
        "type": "Point",
        "coordinates": [
          104.047089,
          30.646335
        ]
      },
      "properties": {
        "name": "武侯祠横街1号院",
        "category": "residential",
        "type": "商务住宅;住宅区;住宅区",
        "district": "武侯区",
        "weight": 1
      }
    },
    {
      "type": "Feature",
      "geometry": {
        "type": "Point",
        "coordinates": [
          104.049718,
          30.646548
        ]
      },
      "properties": {
        "name": "锦官城(武侯祠大街)",
        "category": "residential",
        "type": "商务住宅;住宅区;住宅小区",
        "district": "武侯区",
        "weight": 1
      }
    },
    {
      "type": "Feature",
      "geometry": {
        "type": "Point",
        "coordinates": [
          104.051209,
          30.641378
        ]
      },
      "properties": {
        "name": "瓦子堰",
        "category": "residential",
        "type": "商务住宅;住宅区;住宅小区",
        "district": "武侯区",
        "weight": 7
      }
    },
    {
      "type": "Feature",
      "geometry": {
        "type": "Point",
        "coordinates": [
          104.0516,
          30.64475
        ]
      },
      "properties": {
        "name": "蜀光苑小区",
        "category": "residential",
        "type": "商务住宅;住宅区;住宅小区",
        "district": "武侯区",
        "weight": 1
      }
    },
    {
      "type": "Feature",
      "geometry": {
        "type": "Point",
        "coordinates": [
          104.044606,
          30.645172
        ]
      },
      "properties": {
        "name": "西源公寓",
        "category": "residential",
        "type": "商务住宅;住宅区;住宅小区",
        "district": "武侯区",
        "weight": 4
      }
    },
    {
      "type": "Feature",
      "geometry": {
        "type": "Point",
        "coordinates": [
          104.051729,
          30.643187
        ]
      },
      "properties": {
        "name": "圣地阳光",
        "category": "residential",
        "type": "商务住宅;住宅区;住宅区",
        "district": "武侯区",
        "weight": 1
      }
    },
    {
      "type": "Feature",
      "geometry": {
        "type": "Point",
        "coordinates": [
          104.053164,
          30.644277
        ]
      },
      "properties": {
        "name": "汇锦公寓",
        "category": "residential",
        "type": "商务住宅;住宅区;住宅小区",
        "district": "武侯区",
        "weight": 3
      }
    },
    {
      "type": "Feature",
      "geometry": {
        "type": "Point",
        "coordinates": [
          104.049114,
          30.648731
        ]
      },
      "properties": {
        "name": "成都飞机设计研究所A2住宅小区",
        "category": "residential",
        "type": "商务住宅;住宅区;住宅小区",
        "district": "武侯区",
        "weight": 2
      }
    },
    {
      "type": "Feature",
      "geometry": {
        "type": "Point",
        "coordinates": [
          104.047768,
          30.648502
        ]
      },
      "properties": {
        "name": "成都飞机设计研究所A3住宅小区",
        "category": "residential",
        "type": "商务住宅;住宅区;住宅小区",
        "district": "武侯区",
        "weight": 1
      }
    },
    {
      "type": "Feature",
      "geometry": {
        "type": "Point",
        "coordinates": [
          104.052117,
          30.647086
        ]
      },
      "properties": {
        "name": "武侯祠大街小区",
        "category": "residential",
        "type": "商务住宅;住宅区;住宅小区",
        "district": "武侯区",
        "weight": 1
      }
    },
    {
      "type": "Feature",
      "geometry": {
        "type": "Point",
        "coordinates": [
          104.048549,
          30.639365
        ]
      },
      "properties": {
        "name": "青龙苑",
        "category": "residential",
        "type": "商务住宅;住宅区;住宅小区",
        "district": "武侯区",
        "weight": 7
      }
    },
    {
      "type": "Feature",
      "geometry": {
        "type": "Point",
        "coordinates": [
          104.053548,
          30.645769
        ]
      },
      "properties": {
        "name": "橄榄苑",
        "category": "residential",
        "type": "商务住宅;住宅区;住宅区",
        "district": "武侯区",
        "weight": 2
      }
    },
    {
      "type": "Feature",
      "geometry": {
        "type": "Point",
        "coordinates": [
          104.050395,
          30.648598
        ]
      },
      "properties": {
        "name": "武侯区省级机关单位小区",
        "category": "residential",
        "type": "商务住宅;住宅区;住宅小区",
        "district": "武侯区",
        "weight": 1
      }
    },
    {
      "type": "Feature",
      "geometry": {
        "type": "Point",
        "coordinates": [
          104.057367,
          30.645671
        ]
      },
      "properties": {
        "name": "华西医技楼",
        "category": "residential",
        "type": "商务住宅;楼宇;楼宇相关",
        "district": "武侯区",
        "weight": 3
      }
    },
    {
      "type": "Feature",
      "geometry": {
        "type": "Point",
        "coordinates": [
          104.055101,
          30.643841
        ]
      },
      "properties": {
        "name": "阳城云尚",
        "category": "residential",
        "type": "商务住宅;住宅区;住宅区",
        "district": "武侯区",
        "weight": 15
      }
    },
    {
      "type": "Feature",
      "geometry": {
        "type": "Point",
        "coordinates": [
          104.059408,
          30.646685
        ]
      },
      "properties": {
        "name": "黉门公馆",
        "category": "residential",
        "type": "商务住宅;住宅区;住宅小区",
        "district": "武侯区",
        "weight": 4
      }
    },
    {
      "type": "Feature",
      "geometry": {
        "type": "Point",
        "coordinates": [
          104.060767,
          30.64245
        ]
      },
      "properties": {
        "name": "公行道一号院",
        "category": "residential",
        "type": "商务住宅;住宅区;住宅区",
        "district": "武侯区",
        "weight": 3
      }
    },
    {
      "type": "Feature",
      "geometry": {
        "type": "Point",
        "coordinates": [
          104.058137,
          30.64158
        ]
      },
      "properties": {
        "name": "电信路18号院",
        "category": "residential",
        "type": "商务住宅;住宅区;住宅小区",
        "district": "武侯区",
        "weight": 1
      }
    },
    {
      "type": "Feature",
      "geometry": {
        "type": "Point",
        "coordinates": [
          104.059026,
          30.639043
        ]
      },
      "properties": {
        "name": "楠园",
        "category": "residential",
        "type": "商务住宅;住宅区;住宅小区",
        "district": "武侯区",
        "weight": 99
      }
    },
    {
      "type": "Feature",
      "geometry": {
        "type": "Point",
        "coordinates": [
          104.062374,
          30.64567
        ]
      },
      "properties": {
        "name": "四川大学华西校区口腔医院职工住宅区6",
        "category": "residential",
        "type": "商务住宅;住宅区;住宅小区",
        "district": "武侯区",
        "weight": 5
      }
    },
    {
      "type": "Feature",
      "geometry": {
        "type": "Point",
        "coordinates": [
          104.061264,
          30.646616
        ]
      },
      "properties": {
        "name": "小天竺街105号院",
        "category": "residential",
        "type": "商务住宅;住宅区;住宅小区",
        "district": "武侯区",
        "weight": 1
      }
    },
    {
      "type": "Feature",
      "geometry": {
        "type": "Point",
        "coordinates": [
          104.055289,
          30.646451
        ]
      },
      "properties": {
        "name": "国嘉南苑(黉门后街)",
        "category": "residential",
        "type": "商务住宅;住宅区;住宅小区",
        "district": "武侯区",
        "weight": 2
      }
    },
    {
      "type": "Feature",
      "geometry": {
        "type": "Point",
        "coordinates": [
          104.0597,
          30.648387
        ]
      },
      "properties": {
        "name": "竺苑",
        "category": "residential",
        "type": "商务住宅;住宅区;住宅小区",
        "district": "武侯区",
        "weight": 15
      }
    },
    {
      "type": "Feature",
      "geometry": {
        "type": "Point",
        "coordinates": [
          104.061748,
          30.647528
        ]
      },
      "properties": {
        "name": "金钻时代",
        "category": "residential",
        "type": "商务住宅;住宅区;住宅区",
        "district": "武侯区",
        "weight": 2
      }
    },
    {
      "type": "Feature",
      "geometry": {
        "type": "Point",
        "coordinates": [
          104.056729,
          30.649139
        ]
      },
      "properties": {
        "name": "万里号",
        "category": "residential",
        "type": "商务住宅;住宅区;住宅区",
        "district": "武侯区",
        "weight": 1
      }
    },
    {
      "type": "Feature",
      "geometry": {
        "type": "Point",
        "coordinates": [
          104.063383,
          30.647716
        ]
      },
      "properties": {
        "name": "新气象小区(北门)",
        "category": "residential",
        "type": "商务住宅;住宅区;住宅小区",
        "district": "武侯区",
        "weight": 1
      }
    },
    {
      "type": "Feature",
      "geometry": {
        "type": "Point",
        "coordinates": [
          104.06939,
          30.644976
        ]
      },
      "properties": {
        "name": "大学路1号院",
        "category": "residential",
        "type": "商务住宅;住宅区;住宅小区",
        "district": "武侯区",
        "weight": 3
      }
    },
    {
      "type": "Feature",
      "geometry": {
        "type": "Point",
        "coordinates": [
          104.072723,
          30.644205
        ]
      },
      "properties": {
        "name": "一鑫居",
        "category": "residential",
        "type": "商务住宅;住宅区;住宅小区",
        "district": "武侯区",
        "weight": 55
      }
    },
    {
      "type": "Feature",
      "geometry": {
        "type": "Point",
        "coordinates": [
          104.067586,
          30.646399
        ]
      },
      "properties": {
        "name": "大学路3号院",
        "category": "residential",
        "type": "商务住宅;住宅区;住宅区",
        "district": "武侯区",
        "weight": 2
      }
    },
    {
      "type": "Feature",
      "geometry": {
        "type": "Point",
        "coordinates": [
          104.069888,
          30.642423
        ]
      },
      "properties": {
        "name": "伊顿社区",
        "category": "residential",
        "type": "商务住宅;住宅区;住宅小区",
        "district": "武侯区",
        "weight": 1
      }
    },
    {
      "type": "Feature",
      "geometry": {
        "type": "Point",
        "coordinates": [
          104.070259,
          30.641412
        ]
      },
      "properties": {
        "name": "胜利村110号院",
        "category": "residential",
        "type": "商务住宅;住宅区;住宅小区",
        "district": "武侯区",
        "weight": 2
      }
    },
    {
      "type": "Feature",
      "geometry": {
        "type": "Point",
        "coordinates": [
          104.064235,
          30.644756
        ]
      },
      "properties": {
        "name": "人民南路三段15号院",
        "category": "residential",
        "type": "商务住宅;住宅区;住宅小区",
        "district": "武侯区",
        "weight": 1
      }
    },
    {
      "type": "Feature",
      "geometry": {
        "type": "Point",
        "coordinates": [
          104.069164,
          30.639225
        ]
      },
      "properties": {
        "name": "南虹村",
        "category": "residential",
        "type": "商务住宅;住宅区;住宅小区",
        "district": "武侯区",
        "weight": 15
      }
    },
    {
      "type": "Feature",
      "geometry": {
        "type": "Point",
        "coordinates": [
          104.07336,
          30.646669
        ]
      },
      "properties": {
        "name": "锦江新园",
        "category": "residential",
        "type": "商务住宅;住宅区;住宅小区",
        "district": "武侯区",
        "weight": 3
      }
    },
    {
      "type": "Feature",
      "geometry": {
        "type": "Point",
        "coordinates": [
          104.064647,
          30.640898
        ]
      },
      "properties": {
        "name": "华西美庐",
        "category": "residential",
        "type": "商务住宅;住宅区;住宅小区",
        "district": "武侯区",
        "weight": 2
      }
    },
    {
      "type": "Feature",
      "geometry": {
        "type": "Point",
        "coordinates": [
          104.080632,
          30.642938
        ]
      },
      "properties": {
        "name": "佳顺苑",
        "category": "residential",
        "type": "商务住宅;住宅区;住宅小区",
        "district": "武侯区",
        "weight": 49
      }
    },
    {
      "type": "Feature",
      "geometry": {
        "type": "Point",
        "coordinates": [
          104.079096,
          30.641712
        ]
      },
      "properties": {
        "name": "摩卡筑",
        "category": "residential",
        "type": "商务住宅;住宅区;住宅小区",
        "district": "武侯区",
        "weight": 1
      }
    },
    {
      "type": "Feature",
      "geometry": {
        "type": "Point",
        "coordinates": [
          104.077901,
          30.647483
        ]
      },
      "properties": {
        "name": "都会风尚",
        "category": "residential",
        "type": "商务住宅;住宅区;住宅小区",
        "district": "锦江区",
        "weight": 3
      }
    },
    {
      "type": "Feature",
      "geometry": {
        "type": "Point",
        "coordinates": [
          104.078383,
          30.640597
        ]
      },
      "properties": {
        "name": "群众路2号院",
        "category": "residential",
        "type": "商务住宅;住宅区;住宅小区",
        "district": "武侯区",
        "weight": 2
      }
    },
    {
      "type": "Feature",
      "geometry": {
        "type": "Point",
        "coordinates": [
          104.077916,
          30.639266
        ]
      },
      "properties": {
        "name": "怀园",
        "category": "residential",
        "type": "商务住宅;住宅区;住宅小区",
        "district": "武侯区",
        "weight": 7
      }
    },
    {
      "type": "Feature",
      "geometry": {
        "type": "Point",
        "coordinates": [
          104.080555,
          30.63996
        ]
      },
      "properties": {
        "name": "一环路南一段7号院",
        "category": "residential",
        "type": "商务住宅;住宅区;住宅小区",
        "district": "武侯区",
        "weight": 1
      }
    },
    {
      "type": "Feature",
      "geometry": {
        "type": "Point",
        "coordinates": [
          104.073744,
          30.640086
        ]
      },
      "properties": {
        "name": "新南路89号院",
        "category": "residential",
        "type": "商务住宅;住宅区;住宅小区",
        "district": "武侯区",
        "weight": 1
      }
    },
    {
      "type": "Feature",
      "geometry": {
        "type": "Point",
        "coordinates": [
          104.086679,
          30.644671
        ]
      },
      "properties": {
        "name": "金泉小区(星桥街)",
        "category": "residential",
        "type": "商务住宅;住宅区;住宅小区",
        "district": "锦江区",
        "weight": 1
      }
    },
    {
      "type": "Feature",
      "geometry": {
        "type": "Point",
        "coordinates": [
          104.089804,
          30.642774
        ]
      },
      "properties": {
        "name": "外滩",
        "category": "residential",
        "type": "商务住宅;住宅区;住宅小区",
        "district": "锦江区",
        "weight": 1
      }
    },
    {
      "type": "Feature",
      "geometry": {
        "type": "Point",
        "coordinates": [
          104.090675,
          30.643489
        ]
      },
      "properties": {
        "name": "晶蓝半岛1期",
        "category": "residential",
        "type": "商务住宅;住宅区;住宅小区",
        "district": "锦江区",
        "weight": 1
      }
    },
    {
      "type": "Feature",
      "geometry": {
        "type": "Point",
        "coordinates": [
          104.086124,
          30.645478
        ]
      },
      "properties": {
        "name": "金泉街50号院",
        "category": "residential",
        "type": "商务住宅;住宅区;住宅小区",
        "district": "锦江区",
        "weight": 1
      }
    },
    {
      "type": "Feature",
      "geometry": {
        "type": "Point",
        "coordinates": [
          104.08883,
          30.641736
        ]
      },
      "properties": {
        "name": "顺江路49号院",
        "category": "residential",
        "type": "商务住宅;住宅区;住宅小区",
        "district": "锦江区",
        "weight": 2
      }
    },
    {
      "type": "Feature",
      "geometry": {
        "type": "Point",
        "coordinates": [
          104.088429,
          30.647357
        ]
      },
      "properties": {
        "name": "丰景苑",
        "category": "residential",
        "type": "商务住宅;住宅区;住宅小区",
        "district": "锦江区",
        "weight": 13
      }
    },
    {
      "type": "Feature",
      "geometry": {
        "type": "Point",
        "coordinates": [
          104.092196,
          30.646208
        ]
      },
      "properties": {
        "name": "宏济苑",
        "category": "residential",
        "type": "商务住宅;住宅区;住宅区",
        "district": "锦江区",
        "weight": 7
      }
    },
    {
      "type": "Feature",
      "geometry": {
        "type": "Point",
        "coordinates": [
          104.091913,
          30.643978
        ]
      },
      "properties": {
        "name": "晶蓝半岛2期",
        "category": "residential",
        "type": "商务住宅;住宅区;住宅区",
        "district": "锦江区",
        "weight": 2
      }
    },
    {
      "type": "Feature",
      "geometry": {
        "type": "Point",
        "coordinates": [
          104.0905,
          30.642061
        ]
      },
      "properties": {
        "name": "宏济新路95号院",
        "category": "residential",
        "type": "商务住宅;住宅区;住宅小区",
        "district": "锦江区",
        "weight": 1
      }
    },
    {
      "type": "Feature",
      "geometry": {
        "type": "Point",
        "coordinates": [
          104.085396,
          30.647704
        ]
      },
      "properties": {
        "name": "龙井苑",
        "category": "residential",
        "type": "商务住宅;住宅区;住宅小区",
        "district": "锦江区",
        "weight": 10
      }
    },
    {
      "type": "Feature",
      "geometry": {
        "type": "Point",
        "coordinates": [
          104.090699,
          30.640857
        ]
      },
      "properties": {
        "name": "粼江峰阁(顺江路)",
        "category": "residential",
        "type": "商务住宅;住宅区;住宅小区",
        "district": "锦江区",
        "weight": 2
      }
    },
    {
      "type": "Feature",
      "geometry": {
        "type": "Point",
        "coordinates": [
          104.092512,
          30.642285
        ]
      },
      "properties": {
        "name": "世纪朝阳",
        "category": "residential",
        "type": "商务住宅;住宅区;住宅小区",
        "district": "锦江区",
        "weight": 2
      }
    },
    {
      "type": "Feature",
      "geometry": {
        "type": "Point",
        "coordinates": [
          104.091994,
          30.641079
        ]
      },
      "properties": {
        "name": "新桂社区",
        "category": "residential",
        "type": "商务住宅;住宅区;住宅小区",
        "district": "锦江区",
        "weight": 3
      }
    },
    {
      "type": "Feature",
      "geometry": {
        "type": "Point",
        "coordinates": [
          104.090795,
          30.639646
        ]
      },
      "properties": {
        "name": "南府锦",
        "category": "residential",
        "type": "商务住宅;住宅区;住宅小区",
        "district": "锦江区",
        "weight": 2
      }
    },
    {
      "type": "Feature",
      "geometry": {
        "type": "Point",
        "coordinates": [
          104.086487,
          30.639432
        ]
      },
      "properties": {
        "name": "中海格林威治城",
        "category": "residential",
        "type": "商务住宅;住宅区;住宅小区",
        "district": "武侯区",
        "weight": 1
      }
    },
    {
      "type": "Feature",
      "geometry": {
        "type": "Point",
        "coordinates": [
          104.093806,
          30.640619
        ]
      },
      "properties": {
        "name": "莲花新2区",
        "category": "residential",
        "type": "商务住宅;住宅区;住宅区",
        "district": "锦江区",
        "weight": 3
      }
    },
    {
      "type": "Feature",
      "geometry": {
        "type": "Point",
        "coordinates": [
          104.098198,
          30.64342
        ]
      },
      "properties": {
        "name": "林家坡大院",
        "category": "residential",
        "type": "商务住宅;住宅区;住宅小区",
        "district": "锦江区",
        "weight": 1
      }
    },
    {
      "type": "Feature",
      "geometry": {
        "type": "Point",
        "coordinates": [
          104.097779,
          30.645518
        ]
      },
      "properties": {
        "name": "三电宿舍",
        "category": "residential",
        "type": "商务住宅;住宅区;住宅小区",
        "district": "锦江区",
        "weight": 1
      }
    },
    {
      "type": "Feature",
      "geometry": {
        "type": "Point",
        "coordinates": [
          104.096507,
          30.644437
        ]
      },
      "properties": {
        "name": "锦江区75号",
        "category": "residential",
        "type": "商务住宅;住宅区;住宅小区",
        "district": "锦江区",
        "weight": 1
      }
    },
    {
      "type": "Feature",
      "geometry": {
        "type": "Point",
        "coordinates": [
          104.1006,
          30.64413
        ]
      },
      "properties": {
        "name": "雍锦汇",
        "category": "residential",
        "type": "商务住宅;住宅区;住宅小区",
        "district": "锦江区",
        "weight": 2
      }
    },
    {
      "type": "Feature",
      "geometry": {
        "type": "Point",
        "coordinates": [
          104.099953,
          30.645733
        ]
      },
      "properties": {
        "name": "大田坎",
        "category": "residential",
        "type": "商务住宅;住宅区;住宅区",
        "district": "锦江区",
        "weight": 1
      }
    },
    {
      "type": "Feature",
      "geometry": {
        "type": "Point",
        "coordinates": [
          104.099783,
          30.642481
        ]
      },
      "properties": {
        "name": "富丽苑",
        "category": "residential",
        "type": "商务住宅;住宅区;住宅小区",
        "district": "锦江区",
        "weight": 3
      }
    },
    {
      "type": "Feature",
      "geometry": {
        "type": "Point",
        "coordinates": [
          104.095961,
          30.642423
        ]
      },
      "properties": {
        "name": "一心园",
        "category": "residential",
        "type": "商务住宅;住宅区;住宅小区",
        "district": "锦江区",
        "weight": 8
      }
    },
    {
      "type": "Feature",
      "geometry": {
        "type": "Point",
        "coordinates": [
          104.096749,
          30.646154
        ]
      },
      "properties": {
        "name": "一心桥南街小区",
        "category": "residential",
        "type": "商务住宅;住宅区;住宅小区",
        "district": "锦江区",
        "weight": 1
      }
    },
    {
      "type": "Feature",
      "geometry": {
        "type": "Point",
        "coordinates": [
          104.098337,
          30.641919
        ]
      },
      "properties": {
        "name": "合能东城攻略",
        "category": "residential",
        "type": "商务住宅;住宅区;住宅小区",
        "district": "锦江区",
        "weight": 1
      }
    },
    {
      "type": "Feature",
      "geometry": {
        "type": "Point",
        "coordinates": [
          104.101919,
          30.645434
        ]
      },
      "properties": {
        "name": "成工大院",
        "category": "residential",
        "type": "商务住宅;住宅区;住宅小区",
        "district": "锦江区",
        "weight": 3
      }
    },
    {
      "type": "Feature",
      "geometry": {
        "type": "Point",
        "coordinates": [
          104.101966,
          30.642879
        ]
      },
      "properties": {
        "name": "东风新城",
        "category": "residential",
        "type": "商务住宅;住宅区;住宅区",
        "district": "锦江区",
        "weight": 3
      }
    },
    {
      "type": "Feature",
      "geometry": {
        "type": "Point",
        "coordinates": [
          104.098951,
          30.647951
        ]
      },
      "properties": {
        "name": "怡心园(水碾河路)",
        "category": "residential",
        "type": "商务住宅;住宅区;住宅小区",
        "district": "锦江区",
        "weight": 1
      }
    },
    {
      "type": "Feature",
      "geometry": {
        "type": "Point",
        "coordinates": [
          104.101083,
          30.647225
        ]
      },
      "properties": {
        "name": "蜀都花园",
        "category": "residential",
        "type": "商务住宅;住宅区;住宅小区",
        "district": "锦江区",
        "weight": 1
      }
    },
    {
      "type": "Feature",
      "geometry": {
        "type": "Point",
        "coordinates": [
          104.097306,
          30.640484
        ]
      },
      "properties": {
        "name": "莲花新区",
        "category": "residential",
        "type": "商务住宅;住宅区;住宅小区",
        "district": "锦江区",
        "weight": 2
      }
    },
    {
      "type": "Feature",
      "geometry": {
        "type": "Point",
        "coordinates": [
          104.099777,
          30.640582
        ]
      },
      "properties": {
        "name": "华兴商寓",
        "category": "residential",
        "type": "商务住宅;住宅区;住宅小区",
        "district": "锦江区",
        "weight": 2
      }
    },
    {
      "type": "Feature",
      "geometry": {
        "type": "Point",
        "coordinates": [
          104.101212,
          30.640995
        ]
      },
      "properties": {
        "name": "瑞升·莲花逸都",
        "category": "residential",
        "type": "商务住宅;住宅区;住宅区",
        "district": "锦江区",
        "weight": 1
      }
    },
    {
      "type": "Feature",
      "geometry": {
        "type": "Point",
        "coordinates": [
          104.098746,
          30.64904
        ]
      },
      "properties": {
        "name": "水碾河路16号附3号院",
        "category": "residential",
        "type": "商务住宅;住宅区;住宅小区",
        "district": "锦江区",
        "weight": 2
      }
    },
    {
      "type": "Feature",
      "geometry": {
        "type": "Point",
        "coordinates": [
          104.103073,
          30.641576
        ]
      },
      "properties": {
        "name": "锦东路小区",
        "category": "residential",
        "type": "商务住宅;住宅区;住宅小区",
        "district": "锦江区",
        "weight": 4
      }
    },
    {
      "type": "Feature",
      "geometry": {
        "type": "Point",
        "coordinates": [
          104.101136,
          30.639973
        ]
      },
      "properties": {
        "name": "文明社区",
        "category": "residential",
        "type": "商务住宅;住宅区;住宅小区",
        "district": "锦江区",
        "weight": 2
      }
    },
    {
      "type": "Feature",
      "geometry": {
        "type": "Point",
        "coordinates": [
          104.10329,
          30.648376
        ]
      },
      "properties": {
        "name": "水碾河路19号院",
        "category": "residential",
        "type": "商务住宅;住宅区;住宅小区",
        "district": "成华区",
        "weight": 1
      }
    },
    {
      "type": "Feature",
      "geometry": {
        "type": "Point",
        "coordinates": [
          104.109999,
          30.646218
        ]
      },
      "properties": {
        "name": "华润·二十四城柒公馆(建设中)",
        "category": "residential",
        "type": "商务住宅;住宅区;住宅小区",
        "district": "成华区",
        "weight": 1
      }
    },
    {
      "type": "Feature",
      "geometry": {
        "type": "Point",
        "coordinates": [
          104.1069,
          30.642539
        ]
      },
      "properties": {
        "name": "乐天圣苑(通源街)",
        "category": "residential",
        "type": "商务住宅;住宅区;住宅小区",
        "district": "锦江区",
        "weight": 1
      }
    },
    {
      "type": "Feature",
      "geometry": {
        "type": "Point",
        "coordinates": [
          104.10738,
          30.646677
        ]
      },
      "properties": {
        "name": "二环路东三段小区",
        "category": "residential",
        "type": "商务住宅;住宅区;住宅小区",
        "district": "成华区",
        "weight": 1
      }
    },
    {
      "type": "Feature",
      "geometry": {
        "type": "Point",
        "coordinates": [
          104.104951,
          30.643705
        ]
      },
      "properties": {
        "name": "得胜小区",
        "category": "residential",
        "type": "商务住宅;住宅区;住宅小区",
        "district": "锦江区",
        "weight": 5
      }
    },
    {
      "type": "Feature",
      "geometry": {
        "type": "Point",
        "coordinates": [
          104.10916,
          30.647466
        ]
      },
      "properties": {
        "name": "华润二十四城柒公馆",
        "category": "residential",
        "type": "商务住宅;住宅区;住宅小区",
        "district": "成华区",
        "weight": 1
      }
    },
    {
      "type": "Feature",
      "geometry": {
        "type": "Point",
        "coordinates": [
          104.105358,
          30.646289
        ]
      },
      "properties": {
        "name": "水碾河路6号院",
        "category": "residential",
        "type": "商务住宅;住宅区;住宅小区",
        "district": "锦江区",
        "weight": 1
      }
    },
    {
      "type": "Feature",
      "geometry": {
        "type": "Point",
        "coordinates": [
          104.111714,
          30.642171
        ]
      },
      "properties": {
        "name": "东方正红",
        "category": "residential",
        "type": "商务住宅;住宅区;住宅小区",
        "district": "锦江区",
        "weight": 1
      }
    },
    {
      "type": "Feature",
      "geometry": {
        "type": "Point",
        "coordinates": [
          104.111325,
          30.641323
        ]
      },
      "properties": {
        "name": "天誉北区",
        "category": "residential",
        "type": "商务住宅;住宅区;住宅小区",
        "district": "锦江区",
        "weight": 1
      }
    },
    {
      "type": "Feature",
      "geometry": {
        "type": "Point",
        "coordinates": [
          104.108646,
          30.648471
        ]
      },
      "properties": {
        "name": "紫东阳光1期",
        "category": "residential",
        "type": "商务住宅;住宅区;住宅小区",
        "district": "成华区",
        "weight": 2
      }
    },
    {
      "type": "Feature",
      "geometry": {
        "type": "Point",
        "coordinates": [
          104.113416,
          30.644538
        ]
      },
      "properties": {
        "name": "华润·熙云府南区",
        "category": "residential",
        "type": "商务住宅;住宅区;住宅小区",
        "district": "成华区",
        "weight": 2
      }
    },
    {
      "type": "Feature",
      "geometry": {
        "type": "Point",
        "coordinates": [
          104.10684,
          30.648555
        ]
      },
      "properties": {
        "name": "双桥社区",
        "category": "residential",
        "type": "商务住宅;住宅区;住宅小区",
        "district": "成华区",
        "weight": 1
      }
    },
    {
      "type": "Feature",
      "geometry": {
        "type": "Point",
        "coordinates": [
          104.11247,
          30.647656
        ]
      },
      "properties": {
        "name": "华润·国际社区",
        "category": "residential",
        "type": "商务住宅;住宅区;住宅小区",
        "district": "成华区",
        "weight": 1
      }
    },
    {
      "type": "Feature",
      "geometry": {
        "type": "Point",
        "coordinates": [
          104.10747,
          30.639589
        ]
      },
      "properties": {
        "name": "乐天",
        "category": "residential",
        "type": "商务住宅;住宅区;住宅区",
        "district": "锦江区",
        "weight": 1
      }
    },
    {
      "type": "Feature",
      "geometry": {
        "type": "Point",
        "coordinates": [
          104.113005,
          30.641266
        ]
      },
      "properties": {
        "name": "中粮鸿云",
        "category": "residential",
        "type": "商务住宅;住宅区;住宅小区",
        "district": "锦江区",
        "weight": 1
      }
    },
    {
      "type": "Feature",
      "geometry": {
        "type": "Point",
        "coordinates": [
          104.104388,
          30.648041
        ]
      },
      "properties": {
        "name": "经华苑",
        "category": "residential",
        "type": "商务住宅;住宅区;住宅区",
        "district": "成华区",
        "weight": 2
      }
    },
    {
      "type": "Feature",
      "geometry": {
        "type": "Point",
        "coordinates": [
          104.105098,
          30.648989
        ]
      },
      "properties": {
        "name": "双华苑",
        "category": "residential",
        "type": "商务住宅;住宅区;住宅小区",
        "district": "成华区",
        "weight": 1
      }
    },
    {
      "type": "Feature",
      "geometry": {
        "type": "Point",
        "coordinates": [
          104.117992,
          30.643579
        ]
      },
      "properties": {
        "name": "钢三区",
        "category": "residential",
        "type": "商务住宅;住宅区;住宅小区",
        "district": "成华区",
        "weight": 2
      }
    },
    {
      "type": "Feature",
      "geometry": {
        "type": "Point",
        "coordinates": [
          104.12004,
          30.645904
        ]
      },
      "properties": {
        "name": "长天路4号院",
        "category": "residential",
        "type": "商务住宅;住宅区;住宅小区",
        "district": "成华区",
        "weight": 3
      }
    },
    {
      "type": "Feature",
      "geometry": {
        "type": "Point",
        "coordinates": [
          104.116586,
          30.64541
        ]
      },
      "properties": {
        "name": "华润·凌云府",
        "category": "residential",
        "type": "商务住宅;住宅区;住宅小区",
        "district": "成华区",
        "weight": 1
      }
    },
    {
      "type": "Feature",
      "geometry": {
        "type": "Point",
        "coordinates": [
          104.116927,
          30.642633
        ]
      },
      "properties": {
        "name": "工地小区",
        "category": "residential",
        "type": "商务住宅;住宅区;住宅小区",
        "district": "成华区",
        "weight": 1
      }
    },
    {
      "type": "Feature",
      "geometry": {
        "type": "Point",
        "coordinates": [
          104.12117,
          30.644774
        ]
      },
      "properties": {
        "name": "竞成路4号院",
        "category": "residential",
        "type": "商务住宅;住宅区;住宅小区",
        "district": "成华区",
        "weight": 1
      }
    },
    {
      "type": "Feature",
      "geometry": {
        "type": "Point",
        "coordinates": [
          104.115442,
          30.646019
        ]
      },
      "properties": {
        "name": "华润·锦云府",
        "category": "residential",
        "type": "商务住宅;住宅区;住宅小区",
        "district": "成华区",
        "weight": 1
      }
    },
    {
      "type": "Feature",
      "geometry": {
        "type": "Point",
        "coordinates": [
          104.117559,
          30.647609
        ]
      },
      "properties": {
        "name": "二十四城尚云庭",
        "category": "residential",
        "type": "商务住宅;住宅区;住宅小区",
        "district": "成华区",
        "weight": 1
      }
    },
    {
      "type": "Feature",
      "geometry": {
        "type": "Point",
        "coordinates": [
          104.122363,
          30.645413
        ]
      },
      "properties": {
        "name": "锦华苑(五桂桥北路)",
        "category": "residential",
        "type": "商务住宅;住宅区;住宅小区",
        "district": "成华区",
        "weight": 1
      }
    },
    {
      "type": "Feature",
      "geometry": {
        "type": "Point",
        "coordinates": [
          104.122018,
          30.646287
        ]
      },
      "properties": {
        "name": "长天路3号",
        "category": "residential",
        "type": "商务住宅;住宅区;住宅小区",
        "district": "成华区",
        "weight": 1
      }
    },
    {
      "type": "Feature",
      "geometry": {
        "type": "Point",
        "coordinates": [
          104.121452,
          30.647924
        ]
      },
      "properties": {
        "name": "联合小区",
        "category": "residential",
        "type": "商务住宅;住宅区;住宅小区",
        "district": "成华区",
        "weight": 2
      }
    },
    {
      "type": "Feature",
      "geometry": {
        "type": "Point",
        "coordinates": [
          104.12302,
          30.643975
        ]
      },
      "properties": {
        "name": "御龙山铂璟",
        "category": "residential",
        "type": "商务住宅;住宅区;住宅区",
        "district": "成华区",
        "weight": 1
      }
    },
    {
      "type": "Feature",
      "geometry": {
        "type": "Point",
        "coordinates": [
          104.11436,
          30.646456
        ]
      },
      "properties": {
        "name": "华润·二十四城锦云府",
        "category": "residential",
        "type": "商务住宅;住宅区;住宅小区",
        "district": "成华区",
        "weight": 1
      }
    },
    {
      "type": "Feature",
      "geometry": {
        "type": "Point",
        "coordinates": [
          104.11873,
          30.64858
        ]
      },
      "properties": {
        "name": "观城",
        "category": "residential",
        "type": "商务住宅;住宅区;住宅小区",
        "district": "成华区",
        "weight": 1
      }
    },
    {
      "type": "Feature",
      "geometry": {
        "type": "Point",
        "coordinates": [
          104.122337,
          30.641824
        ]
      },
      "properties": {
        "name": "信和·御龙山",
        "category": "residential",
        "type": "商务住宅;住宅区;住宅小区",
        "district": "成华区",
        "weight": 1
      }
    },
    {
      "type": "Feature",
      "geometry": {
        "type": "Point",
        "coordinates": [
          104.117642,
          30.648604
        ]
      },
      "properties": {
        "name": "华润二十四城2期",
        "category": "residential",
        "type": "商务住宅;住宅区;住宅区",
        "district": "成华区",
        "weight": 1
      }
    },
    {
      "type": "Feature",
      "geometry": {
        "type": "Point",
        "coordinates": [
          104.12296,
          30.647074
        ]
      },
      "properties": {
        "name": "水岸华庭",
        "category": "residential",
        "type": "商务住宅;住宅区;住宅小区",
        "district": "成华区",
        "weight": 1
      }
    },
    {
      "type": "Feature",
      "geometry": {
        "type": "Point",
        "coordinates": [
          104.115088,
          30.640607
        ]
      },
      "properties": {
        "name": "中洲·中央城邦",
        "category": "residential",
        "type": "商务住宅;住宅区;住宅小区",
        "district": "锦江区",
        "weight": 1
      }
    },
    {
      "type": "Feature",
      "geometry": {
        "type": "Point",
        "coordinates": [
          104.115334,
          30.649152
        ]
      },
      "properties": {
        "name": "华润·紫云府",
        "category": "residential",
        "type": "商务住宅;住宅区;住宅小区",
        "district": "成华区",
        "weight": 1
      }
    },
    {
      "type": "Feature",
      "geometry": {
        "type": "Point",
        "coordinates": [
          104.127271,
          30.640514
        ]
      },
      "properties": {
        "name": "东桂二号院",
        "category": "residential",
        "type": "商务住宅;住宅区;住宅小区",
        "district": "成华区",
        "weight": 3
      }
    },
    {
      "type": "Feature",
      "geometry": {
        "type": "Point",
        "coordinates": [
          104.123974,
          30.649181
        ]
      },
      "properties": {
        "name": "沙河湾",
        "category": "residential",
        "type": "商务住宅;住宅区;住宅小区",
        "district": "成华区",
        "weight": 1
      }
    },
    {
      "type": "Feature",
      "geometry": {
        "type": "Point",
        "coordinates": [
          104.133118,
          30.639744
        ]
      },
      "properties": {
        "name": "保和街道东虹路社区",
        "category": "residential",
        "type": "商务住宅;住宅区;住宅小区",
        "district": "成华区",
        "weight": 1
      }
    },
    {
      "type": "Feature",
      "geometry": {
        "type": "Point",
        "coordinates": [
          104.132447,
          30.649232
        ]
      },
      "properties": {
        "name": "鲁能城",
        "category": "residential",
        "type": "商务住宅;住宅区;住宅小区",
        "district": "成华区",
        "weight": 1
      }
    },
    {
      "type": "Feature",
      "geometry": {
        "type": "Point",
        "coordinates": [
          104.124434,
          30.644561
        ]
      },
      "properties": {
        "name": "明信鹭湾",
        "category": "residential",
        "type": "商务住宅;住宅区;住宅小区",
        "district": "成华区",
        "weight": 1
      }
    },
    {
      "type": "Feature",
      "geometry": {
        "type": "Point",
        "coordinates": [
          104.133426,
          30.646492
        ]
      },
      "properties": {
        "name": "隆鑫九熙3期",
        "category": "residential",
        "type": "商务住宅;住宅区;住宅小区",
        "district": "成华区",
        "weight": 1
      }
    },
    {
      "type": "Feature",
      "geometry": {
        "type": "Point",
        "coordinates": [
          104.124022,
          30.647934
        ]
      },
      "properties": {
        "name": "华府沙河",
        "category": "residential",
        "type": "商务住宅;住宅区;住宅小区",
        "district": "成华区",
        "weight": 1
      }
    },
    {
      "type": "Feature",
      "geometry": {
        "type": "Point",
        "coordinates": [
          104.128862,
          30.640305
        ]
      },
      "properties": {
        "name": "东桂三号院",
        "category": "residential",
        "type": "商务住宅;住宅区;住宅小区",
        "district": "成华区",
        "weight": 1
      }
    },
    {
      "type": "Feature",
      "geometry": {
        "type": "Point",
        "coordinates": [
          104.128245,
          30.646607
        ]
      },
      "properties": {
        "name": "东桂四号院",
        "category": "residential",
        "type": "商务住宅;住宅区;住宅小区",
        "district": "成华区",
        "weight": 1
      }
    },
    {
      "type": "Feature",
      "geometry": {
        "type": "Point",
        "coordinates": [
          104.126548,
          30.649171
        ]
      },
      "properties": {
        "name": "救助站小区",
        "category": "residential",
        "type": "商务住宅;住宅区;住宅小区",
        "district": "成华区",
        "weight": 1
      }
    },
    {
      "type": "Feature",
      "geometry": {
        "type": "Point",
        "coordinates": [
          104.125336,
          30.645109
        ]
      },
      "properties": {
        "name": "明信鹭湾花园A区",
        "category": "residential",
        "type": "商务住宅;住宅区;住宅小区",
        "district": "成华区",
        "weight": 1
      }
    },
    {
      "type": "Feature",
      "geometry": {
        "type": "Point",
        "coordinates": [
          104.137894,
          30.644976
        ]
      },
      "properties": {
        "name": "优品道上东区",
        "category": "residential",
        "type": "商务住宅;住宅区;住宅小区",
        "district": "成华区",
        "weight": 1
      }
    },
    {
      "type": "Feature",
      "geometry": {
        "type": "Point",
        "coordinates": [
          104.139535,
          30.644754
        ]
      },
      "properties": {
        "name": "优品尚东",
        "category": "residential",
        "type": "商务住宅;住宅区;住宅小区",
        "district": "成华区",
        "weight": 1
      }
    },
    {
      "type": "Feature",
      "geometry": {
        "type": "Point",
        "coordinates": [
          104.140843,
          30.645045
        ]
      },
      "properties": {
        "name": "优品尚东3期",
        "category": "residential",
        "type": "商务住宅;住宅区;住宅小区",
        "district": "成华区",
        "weight": 1
      }
    },
    {
      "type": "Feature",
      "geometry": {
        "type": "Point",
        "coordinates": [
          104.139403,
          30.646775
        ]
      },
      "properties": {
        "name": "隆鑫九熙1期",
        "category": "residential",
        "type": "商务住宅;住宅区;住宅小区",
        "district": "成华区",
        "weight": 1
      }
    },
    {
      "type": "Feature",
      "geometry": {
        "type": "Point",
        "coordinates": [
          104.13829,
          30.641799
        ]
      },
      "properties": {
        "name": "阳光100米娅中心2期",
        "category": "residential",
        "type": "商务住宅;住宅区;住宅小区",
        "district": "成华区",
        "weight": 1
      }
    },
    {
      "type": "Feature",
      "geometry": {
        "type": "Point",
        "coordinates": [
          104.140663,
          30.646959
        ]
      },
      "properties": {
        "name": "槐树店路25号院",
        "category": "residential",
        "type": "商务住宅;住宅区;住宅区",
        "district": "成华区",
        "weight": 1
      }
    },
    {
      "type": "Feature",
      "geometry": {
        "type": "Point",
        "coordinates": [
          104.135651,
          30.646659
        ]
      },
      "properties": {
        "name": "隆鑫·九熙2期",
        "category": "residential",
        "type": "商务住宅;住宅区;住宅小区",
        "district": "成华区",
        "weight": 1
      }
    },
    {
      "type": "Feature",
      "geometry": {
        "type": "Point",
        "coordinates": [
          104.150586,
          30.644287
        ]
      },
      "properties": {
        "name": "上东世家",
        "category": "residential",
        "type": "商务住宅;住宅区;住宅小区",
        "district": "成华区",
        "weight": 1
      }
    },
    {
      "type": "Feature",
      "geometry": {
        "type": "Point",
        "coordinates": [
          104.150452,
          30.64307
        ]
      },
      "properties": {
        "name": "科瑞1期",
        "category": "residential",
        "type": "商务住宅;住宅区;住宅区",
        "district": "成华区",
        "weight": 2
      }
    },
    {
      "type": "Feature",
      "geometry": {
        "type": "Point",
        "coordinates": [
          104.150888,
          30.645269
        ]
      },
      "properties": {
        "name": "尚东美林(一至三期)",
        "category": "residential",
        "type": "商务住宅;住宅区;住宅区",
        "district": "成华区",
        "weight": 1
      }
    },
    {
      "type": "Feature",
      "geometry": {
        "type": "Point",
        "coordinates": [
          104.150189,
          30.646985
        ]
      },
      "properties": {
        "name": "东升小区",
        "category": "residential",
        "type": "商务住宅;住宅区;住宅小区",
        "district": "成华区",
        "weight": 1
      }
    },
    {
      "type": "Feature",
      "geometry": {
        "type": "Point",
        "coordinates": [
          104.147758,
          30.641367
        ]
      },
      "properties": {
        "name": "保和小区2期",
        "category": "residential",
        "type": "商务住宅;住宅区;住宅小区",
        "district": "成华区",
        "weight": 1
      }
    },
    {
      "type": "Feature",
      "geometry": {
        "type": "Point",
        "coordinates": [
          104.152094,
          30.64687
        ]
      },
      "properties": {
        "name": "尚东美林3期",
        "category": "residential",
        "type": "商务住宅;住宅区;住宅小区",
        "district": "成华区",
        "weight": 1
      }
    },
    {
      "type": "Feature",
      "geometry": {
        "type": "Point",
        "coordinates": [
          104.145882,
          30.641248
        ]
      },
      "properties": {
        "name": "园缘公寓",
        "category": "residential",
        "type": "商务住宅;住宅区;住宅小区",
        "district": "成华区",
        "weight": 1
      }
    },
    {
      "type": "Feature",
      "geometry": {
        "type": "Point",
        "coordinates": [
          104.150685,
          30.648109
        ]
      },
      "properties": {
        "name": "东虹小区",
        "category": "residential",
        "type": "商务住宅;住宅区;住宅小区",
        "district": "成华区",
        "weight": 1
      }
    },
    {
      "type": "Feature",
      "geometry": {
        "type": "Point",
        "coordinates": [
          104.15315,
          30.64126
        ]
      },
      "properties": {
        "name": "胜天人居",
        "category": "residential",
        "type": "商务住宅;住宅区;住宅小区",
        "district": "成华区",
        "weight": 1
      }
    },
    {
      "type": "Feature",
      "geometry": {
        "type": "Point",
        "coordinates": [
          104.155247,
          30.644782
        ]
      },
      "properties": {
        "name": "胜天新苑",
        "category": "residential",
        "type": "商务住宅;住宅区;住宅小区",
        "district": "成华区",
        "weight": 3
      }
    },
    {
      "type": "Feature",
      "geometry": {
        "type": "Point",
        "coordinates": [
          104.15463,
          30.640624
        ]
      },
      "properties": {
        "name": "东兴苑",
        "category": "residential",
        "type": "商务住宅;住宅区;住宅小区",
        "district": "成华区",
        "weight": 2
      }
    },
    {
      "type": "Feature",
      "geometry": {
        "type": "Point",
        "coordinates": [
          103.982679,
          30.631944
        ]
      },
      "properties": {
        "name": "世豪嘉柏",
        "category": "residential",
        "type": "商务住宅;住宅区;住宅小区",
        "district": "武侯区",
        "weight": 1
      }
    },
    {
      "type": "Feature",
      "geometry": {
        "type": "Point",
        "coordinates": [
          103.973997,
          30.638934
        ]
      },
      "properties": {
        "name": "武新花园",
        "category": "residential",
        "type": "商务住宅;住宅区;住宅小区",
        "district": "武侯区",
        "weight": 1
      }
    },
    {
      "type": "Feature",
      "geometry": {
        "type": "Point",
        "coordinates": [
          103.987925,
          30.635788
        ]
      },
      "properties": {
        "name": "金鑫中药大厦",
        "category": "residential",
        "type": "商务住宅;楼宇;工业大厦建筑物",
        "district": "武侯区",
        "weight": 1
      }
    },
    {
      "type": "Feature",
      "geometry": {
        "type": "Point",
        "coordinates": [
          103.989225,
          30.6362
        ]
      },
      "properties": {
        "name": "大地世纪",
        "category": "residential",
        "type": "商务住宅;住宅区;住宅小区",
        "district": "武侯区",
        "weight": 1
      }
    },
    {
      "type": "Feature",
      "geometry": {
        "type": "Point",
        "coordinates": [
          103.990042,
          30.637293
        ]
      },
      "properties": {
        "name": "武青嘉苑",
        "category": "residential",
        "type": "商务住宅;住宅区;住宅小区",
        "district": "武侯区",
        "weight": 1
      }
    },
    {
      "type": "Feature",
      "geometry": {
        "type": "Point",
        "coordinates": [
          103.991447,
          30.636479
        ]
      },
      "properties": {
        "name": "驿鑫乡卿城",
        "category": "residential",
        "type": "商务住宅;住宅区;住宅小区",
        "district": "武侯区",
        "weight": 1
      }
    },
    {
      "type": "Feature",
      "geometry": {
        "type": "Point",
        "coordinates": [
          103.993223,
          30.634766
        ]
      },
      "properties": {
        "name": "天际首府",
        "category": "residential",
        "type": "商务住宅;住宅区;住宅小区",
        "district": "武侯区",
        "weight": 1
      }
    },
    {
      "type": "Feature",
      "geometry": {
        "type": "Point",
        "coordinates": [
          103.990161,
          30.638415
        ]
      },
      "properties": {
        "name": "榕苑(武科东四路)",
        "category": "residential",
        "type": "商务住宅;住宅区;住宅小区",
        "district": "武侯区",
        "weight": 1
      }
    },
    {
      "type": "Feature",
      "geometry": {
        "type": "Point",
        "coordinates": [
          103.986151,
          30.630879
        ]
      },
      "properties": {
        "name": "武科新园",
        "category": "residential",
        "type": "商务住宅;住宅区;住宅小区",
        "district": "武侯区",
        "weight": 1
      }
    },
    {
      "type": "Feature",
      "geometry": {
        "type": "Point",
        "coordinates": [
          103.993399,
          30.632685
        ]
      },
      "properties": {
        "name": "蓝光诺丁山(武隆街)",
        "category": "residential",
        "type": "商务住宅;住宅区;住宅小区",
        "district": "武侯区",
        "weight": 1
      }
    },
    {
      "type": "Feature",
      "geometry": {
        "type": "Point",
        "coordinates": [
          103.984284,
          30.632056
        ]
      },
      "properties": {
        "name": "世豪金街",
        "category": "residential",
        "type": "商务住宅;住宅区;住宅区",
        "district": "武侯区",
        "weight": 1
      }
    },
    {
      "type": "Feature",
      "geometry": {
        "type": "Point",
        "coordinates": [
          103.985615,
          30.63842
        ]
      },
      "properties": {
        "name": "潮音小区",
        "category": "residential",
        "type": "商务住宅;住宅区;住宅小区",
        "district": "武侯区",
        "weight": 1
      }
    },
    {
      "type": "Feature",
      "geometry": {
        "type": "Point",
        "coordinates": [
          103.984604,
          30.630355
        ]
      },
      "properties": {
        "name": "团结社区(武兴街)",
        "category": "residential",
        "type": "商务住宅;住宅区;住宅小区",
        "district": "武侯区",
        "weight": 1
      }
    },
    {
      "type": "Feature",
      "geometry": {
        "type": "Point",
        "coordinates": [
          103.998882,
          30.634685
        ]
      },
      "properties": {
        "name": "顺江嘉苑",
        "category": "residential",
        "type": "商务住宅;住宅区;住宅小区",
        "district": "武侯区",
        "weight": 2
      }
    },
    {
      "type": "Feature",
      "geometry": {
        "type": "Point",
        "coordinates": [
          103.999762,
          30.635656
        ]
      },
      "properties": {
        "name": "花样年华",
        "category": "residential",
        "type": "商务住宅;住宅区;住宅小区",
        "district": "武侯区",
        "weight": 1
      }
    },
    {
      "type": "Feature",
      "geometry": {
        "type": "Point",
        "coordinates": [
          103.999836,
          30.6329
        ]
      },
      "properties": {
        "name": "武侯民居",
        "category": "residential",
        "type": "商务住宅;住宅区;住宅小区",
        "district": "武侯区",
        "weight": 1
      }
    },
    {
      "type": "Feature",
      "geometry": {
        "type": "Point",
        "coordinates": [
          103.996219,
          30.635169
        ]
      },
      "properties": {
        "name": "兴元丽园(顺和街)",
        "category": "residential",
        "type": "商务住宅;住宅区;住宅小区",
        "district": "武侯区",
        "weight": 1
      }
    },
    {
      "type": "Feature",
      "geometry": {
        "type": "Point",
        "coordinates": [
          103.999089,
          30.632177
        ]
      },
      "properties": {
        "name": "置信巴厘岛",
        "category": "residential",
        "type": "商务住宅;住宅区;住宅小区",
        "district": "武侯区",
        "weight": 1
      }
    },
    {
      "type": "Feature",
      "geometry": {
        "type": "Point",
        "coordinates": [
          104.00098,
          30.633034
        ]
      },
      "properties": {
        "name": "置信·丽都楠庭",
        "category": "residential",
        "type": "商务住宅;住宅区;住宅小区",
        "district": "武侯区",
        "weight": 1
      }
    },
    {
      "type": "Feature",
      "geometry": {
        "type": "Point",
        "coordinates": [
          104.00056,
          30.636565
        ]
      },
      "properties": {
        "name": "中华名园(顺和街)",
        "category": "residential",
        "type": "商务住宅;住宅区;住宅小区",
        "district": "武侯区",
        "weight": 1
      }
    },
    {
      "type": "Feature",
      "geometry": {
        "type": "Point",
        "coordinates": [
          104.00159,
          30.633933
        ]
      },
      "properties": {
        "name": "中粮·悦云府",
        "category": "residential",
        "type": "商务住宅;住宅区;住宅区",
        "district": "武侯区",
        "weight": 1
      }
    },
    {
      "type": "Feature",
      "geometry": {
        "type": "Point",
        "coordinates": [
          103.995017,
          30.637322
        ]
      },
      "properties": {
        "name": "丽园小区",
        "category": "residential",
        "type": "商务住宅;住宅区;住宅小区",
        "district": "武侯区",
        "weight": 6
      }
    },
    {
      "type": "Feature",
      "geometry": {
        "type": "Point",
        "coordinates": [
          104.001435,
          30.637258
        ]
      },
      "properties": {
        "name": "簇锦街道顺和社区",
        "category": "residential",
        "type": "商务住宅;住宅区;住宅小区",
        "district": "武侯区",
        "weight": 1
      }
    },
    {
      "type": "Feature",
      "geometry": {
        "type": "Point",
        "coordinates": [
          104.001756,
          30.632119
        ]
      },
      "properties": {
        "name": "置信丽都花园城",
        "category": "residential",
        "type": "商务住宅;住宅区;住宅小区",
        "district": "武侯区",
        "weight": 1
      }
    },
    {
      "type": "Feature",
      "geometry": {
        "type": "Point",
        "coordinates": [
          104.00345,
          30.634146
        ]
      },
      "properties": {
        "name": "红帆·蓝调",
        "category": "residential",
        "type": "商务住宅;住宅区;住宅小区",
        "district": "武侯区",
        "weight": 1
      }
    },
    {
      "type": "Feature",
      "geometry": {
        "type": "Point",
        "coordinates": [
          104.003879,
          30.632992
        ]
      },
      "properties": {
        "name": "中粮·祥云",
        "category": "residential",
        "type": "商务住宅;住宅区;住宅小区",
        "district": "武侯区",
        "weight": 2
      }
    },
    {
      "type": "Feature",
      "geometry": {
        "type": "Point",
        "coordinates": [
          103.994286,
          30.630062
        ]
      },
      "properties": {
        "name": "3号线",
        "category": "residential",
        "type": "商务住宅;住宅区;住宅小区",
        "district": "武侯区",
        "weight": 1
      }
    },
    {
      "type": "Feature",
      "geometry": {
        "type": "Point",
        "coordinates": [
          104.003111,
          30.629726
        ]
      },
      "properties": {
        "name": "高碑瑞苑",
        "category": "residential",
        "type": "商务住宅;住宅区;住宅小区",
        "district": "武侯区",
        "weight": 5
      }
    },
    {
      "type": "Feature",
      "geometry": {
        "type": "Point",
        "coordinates": [
          104.007554,
          30.635143
        ]
      },
      "properties": {
        "name": "武侯庭园",
        "category": "residential",
        "type": "商务住宅;住宅区;住宅小区",
        "district": "武侯区",
        "weight": 1
      }
    },
    {
      "type": "Feature",
      "geometry": {
        "type": "Point",
        "coordinates": [
          104.010952,
          30.633668
        ]
      },
      "properties": {
        "name": "新界1期",
        "category": "residential",
        "type": "商务住宅;住宅区;住宅小区",
        "district": "武侯区",
        "weight": 2
      }
    },
    {
      "type": "Feature",
      "geometry": {
        "type": "Point",
        "coordinates": [
          104.008698,
          30.636845
        ]
      },
      "properties": {
        "name": "楠雅阁",
        "category": "residential",
        "type": "商务住宅;住宅区;住宅小区",
        "district": "武侯区",
        "weight": 3
      }
    },
    {
      "type": "Feature",
      "geometry": {
        "type": "Point",
        "coordinates": [
          104.006056,
          30.63455
        ]
      },
      "properties": {
        "name": "双楠映象",
        "category": "residential",
        "type": "商务住宅;住宅区;住宅小区",
        "district": "武侯区",
        "weight": 1
      }
    },
    {
      "type": "Feature",
      "geometry": {
        "type": "Point",
        "coordinates": [
          104.011152,
          30.636079
        ]
      },
      "properties": {
        "name": "金楠国际",
        "category": "residential",
        "type": "商务住宅;住宅区;住宅小区",
        "district": "武侯区",
        "weight": 1
      }
    },
    {
      "type": "Feature",
      "geometry": {
        "type": "Point",
        "coordinates": [
          104.012102,
          30.634358
        ]
      },
      "properties": {
        "name": "双楠忆景",
        "category": "residential",
        "type": "商务住宅;住宅区;住宅小区",
        "district": "武侯区",
        "weight": 1
      }
    },
    {
      "type": "Feature",
      "geometry": {
        "type": "Point",
        "coordinates": [
          104.012267,
          30.632807
        ]
      },
      "properties": {
        "name": "中铁瑞城新界",
        "category": "residential",
        "type": "商务住宅;住宅区;住宅小区",
        "district": "武侯区",
        "weight": 1
      }
    },
    {
      "type": "Feature",
      "geometry": {
        "type": "Point",
        "coordinates": [
          104.007888,
          30.638389
        ]
      },
      "properties": {
        "name": "交大花园武侯小区(西门)",
        "category": "residential",
        "type": "商务住宅;住宅区;住宅小区",
        "district": "武侯区",
        "weight": 1
      }
    },
    {
      "type": "Feature",
      "geometry": {
        "type": "Point",
        "coordinates": [
          104.013778,
          30.634837
        ]
      },
      "properties": {
        "name": "锦座名都",
        "category": "residential",
        "type": "商务住宅;住宅区;住宅小区",
        "district": "武侯区",
        "weight": 2
      }
    },
    {
      "type": "Feature",
      "geometry": {
        "type": "Point",
        "coordinates": [
          104.006825,
          30.630417
        ]
      },
      "properties": {
        "name": "中粮·祥云3期",
        "category": "residential",
        "type": "商务住宅;住宅区;住宅小区",
        "district": "武侯区",
        "weight": 2
      }
    },
    {
      "type": "Feature",
      "geometry": {
        "type": "Point",
        "coordinates": [
          104.012587,
          30.637578
        ]
      },
      "properties": {
        "name": "金色花园(中环路武阳大道段)",
        "category": "residential",
        "type": "商务住宅;住宅区;住宅小区",
        "district": "武侯区",
        "weight": 1
      }
    },
    {
      "type": "Feature",
      "geometry": {
        "type": "Point",
        "coordinates": [
          104.011301,
          30.630541
        ]
      },
      "properties": {
        "name": "新界3期",
        "category": "residential",
        "type": "商务住宅;住宅区;住宅小区",
        "district": "武侯区",
        "weight": 1
      }
    },
    {
      "type": "Feature",
      "geometry": {
        "type": "Point",
        "coordinates": [
          104.0046,
          30.637471
        ]
      },
      "properties": {
        "name": "顺江苑(武侯大道双楠段)",
        "category": "residential",
        "type": "商务住宅;住宅区;住宅小区",
        "district": "武侯区",
        "weight": 1
      }
    },
    {
      "type": "Feature",
      "geometry": {
        "type": "Point",
        "coordinates": [
          104.010207,
          30.639344
        ]
      },
      "properties": {
        "name": "清风晓筑",
        "category": "residential",
        "type": "商务住宅;住宅区;住宅小区",
        "district": "武侯区",
        "weight": 1
      }
    },
    {
      "type": "Feature",
      "geometry": {
        "type": "Point",
        "coordinates": [
          104.005755,
          30.6389
        ]
      },
      "properties": {
        "name": "正成·双楠格调",
        "category": "residential",
        "type": "商务住宅;住宅区;住宅小区",
        "district": "武侯区",
        "weight": 1
      }
    },
    {
      "type": "Feature",
      "geometry": {
        "type": "Point",
        "coordinates": [
          104.013086,
          30.631093
        ]
      },
      "properties": {
        "name": "新界2期",
        "category": "residential",
        "type": "商务住宅;住宅区;住宅小区",
        "district": "武侯区",
        "weight": 1
      }
    },
    {
      "type": "Feature",
      "geometry": {
        "type": "Point",
        "coordinates": [
          104.020004,
          30.637048
        ]
      },
      "properties": {
        "name": "楠庭理想",
        "category": "residential",
        "type": "商务住宅;住宅区;住宅小区",
        "district": "武侯区",
        "weight": 3
      }
    },
    {
      "type": "Feature",
      "geometry": {
        "type": "Point",
        "coordinates": [
          104.021485,
          30.633096
        ]
      },
      "properties": {
        "name": "佳灵路20号院",
        "category": "residential",
        "type": "商务住宅;住宅区;住宅区",
        "district": "武侯区",
        "weight": 1
      }
    },
    {
      "type": "Feature",
      "geometry": {
        "type": "Point",
        "coordinates": [
          104.016446,
          30.63712
        ]
      },
      "properties": {
        "name": "太平盛世",
        "category": "residential",
        "type": "商务住宅;住宅区;住宅小区",
        "district": "武侯区",
        "weight": 1
      }
    },
    {
      "type": "Feature",
      "geometry": {
        "type": "Point",
        "coordinates": [
          104.018494,
          30.637883
        ]
      },
      "properties": {
        "name": "逸尚美庭",
        "category": "residential",
        "type": "商务住宅;住宅区;住宅小区",
        "district": "武侯区",
        "weight": 1
      }
    },
    {
      "type": "Feature",
      "geometry": {
        "type": "Point",
        "coordinates": [
          104.014647,
          30.633459
        ]
      },
      "properties": {
        "name": "中环晓院",
        "category": "residential",
        "type": "商务住宅;住宅区;住宅区",
        "district": "武侯区",
        "weight": 1
      }
    },
    {
      "type": "Feature",
      "geometry": {
        "type": "Point",
        "coordinates": [
          104.022959,
          30.634123
        ]
      },
      "properties": {
        "name": "佳灵路18号院",
        "category": "residential",
        "type": "商务住宅;住宅区;住宅区",
        "district": "武侯区",
        "weight": 1
      }
    },
    {
      "type": "Feature",
      "geometry": {
        "type": "Point",
        "coordinates": [
          104.02309,
          30.636631
        ]
      },
      "properties": {
        "name": "红馆",
        "category": "residential",
        "type": "商务住宅;住宅区;住宅小区",
        "district": "武侯区",
        "weight": 4
      }
    },
    {
      "type": "Feature",
      "geometry": {
        "type": "Point",
        "coordinates": [
          104.014469,
          30.638153
        ]
      },
      "properties": {
        "name": "卫欣苑",
        "category": "residential",
        "type": "商务住宅;住宅区;住宅小区",
        "district": "武侯区",
        "weight": 4
      }
    },
    {
      "type": "Feature",
      "geometry": {
        "type": "Point",
        "coordinates": [
          104.017586,
          30.638937
        ]
      },
      "properties": {
        "name": "戎盛苑",
        "category": "residential",
        "type": "商务住宅;住宅区;住宅小区",
        "district": "武侯区",
        "weight": 1
      }
    },
    {
      "type": "Feature",
      "geometry": {
        "type": "Point",
        "coordinates": [
          104.013891,
          30.632104
        ]
      },
      "properties": {
        "name": "新界5期",
        "category": "residential",
        "type": "商务住宅;住宅区;住宅小区",
        "district": "武侯区",
        "weight": 1
      }
    },
    {
      "type": "Feature",
      "geometry": {
        "type": "Point",
        "coordinates": [
          104.02242,
          30.638843
        ]
      },
      "properties": {
        "name": "香樟林",
        "category": "residential",
        "type": "商务住宅;住宅区;住宅小区",
        "district": "武侯区",
        "weight": 1
      }
    },
    {
      "type": "Feature",
      "geometry": {
        "type": "Point",
        "coordinates": [
          104.028149,
          30.634864
        ]
      },
      "properties": {
        "name": "优客联邦",
        "category": "residential",
        "type": "商务住宅;住宅区;住宅小区",
        "district": "武侯区",
        "weight": 2
      }
    },
    {
      "type": "Feature",
      "geometry": {
        "type": "Point",
        "coordinates": [
          104.028854,
          30.633773
        ]
      },
      "properties": {
        "name": "优客联邦3期",
        "category": "residential",
        "type": "商务住宅;住宅区;住宅小区",
        "district": "武侯区",
        "weight": 1
      }
    },
    {
      "type": "Feature",
      "geometry": {
        "type": "Point",
        "coordinates": [
          104.028963,
          30.636009
        ]
      },
      "properties": {
        "name": "优客联邦1期",
        "category": "residential",
        "type": "商务住宅;住宅区;住宅小区",
        "district": "武侯区",
        "weight": 1
      }
    },
    {
      "type": "Feature",
      "geometry": {
        "type": "Point",
        "coordinates": [
          104.028224,
          30.632789
        ]
      },
      "properties": {
        "name": "长城嘉苑",
        "category": "residential",
        "type": "商务住宅;住宅区;住宅小区",
        "district": "武侯区",
        "weight": 1
      }
    },
    {
      "type": "Feature",
      "geometry": {
        "type": "Point",
        "coordinates": [
          104.026974,
          30.633106
        ]
      },
      "properties": {
        "name": "长城福苑",
        "category": "residential",
        "type": "商务住宅;住宅区;住宅小区",
        "district": "武侯区",
        "weight": 2
      }
    },
    {
      "type": "Feature",
      "geometry": {
        "type": "Point",
        "coordinates": [
          104.026117,
          30.633635
        ]
      },
      "properties": {
        "name": "优地",
        "category": "residential",
        "type": "商务住宅;住宅区;住宅小区",
        "district": "武侯区",
        "weight": 2
      }
    },
    {
      "type": "Feature",
      "geometry": {
        "type": "Point",
        "coordinates": [
          104.029623,
          30.632342
        ]
      },
      "properties": {
        "name": "成都电力机械厂家属院",
        "category": "residential",
        "type": "商务住宅;住宅区;住宅小区",
        "district": "武侯区",
        "weight": 1
      }
    },
    {
      "type": "Feature",
      "geometry": {
        "type": "Point",
        "coordinates": [
          104.031389,
          30.635368
        ]
      },
      "properties": {
        "name": "丽都世家",
        "category": "residential",
        "type": "商务住宅;住宅区;住宅区",
        "district": "武侯区",
        "weight": 2
      }
    },
    {
      "type": "Feature",
      "geometry": {
        "type": "Point",
        "coordinates": [
          104.027358,
          30.631776
        ]
      },
      "properties": {
        "name": "长城社区",
        "category": "residential",
        "type": "商务住宅;住宅区;住宅小区",
        "district": "武侯区",
        "weight": 2
      }
    },
    {
      "type": "Feature",
      "geometry": {
        "type": "Point",
        "coordinates": [
          104.025306,
          30.631462
        ]
      },
      "properties": {
        "name": "福苑南区",
        "category": "residential",
        "type": "商务住宅;住宅区;住宅小区",
        "district": "武侯区",
        "weight": 6
      }
    },
    {
      "type": "Feature",
      "geometry": {
        "type": "Point",
        "coordinates": [
          104.032475,
          30.633099
        ]
      },
      "properties": {
        "name": "丽都花园A区",
        "category": "residential",
        "type": "商务住宅;住宅区;住宅小区",
        "district": "武侯区",
        "weight": 1
      }
    },
    {
      "type": "Feature",
      "geometry": {
        "type": "Point",
        "coordinates": [
          104.031245,
          30.637348
        ]
      },
      "properties": {
        "name": "永红佳园",
        "category": "residential",
        "type": "商务住宅;住宅区;住宅小区",
        "district": "武侯区",
        "weight": 1
      }
    },
    {
      "type": "Feature",
      "geometry": {
        "type": "Point",
        "coordinates": [
          104.027845,
          30.638105
        ]
      },
      "properties": {
        "name": "新鸿达电梯公寓",
        "category": "residential",
        "type": "商务住宅;住宅区;住宅小区",
        "district": "武侯区",
        "weight": 1
      }
    },
    {
      "type": "Feature",
      "geometry": {
        "type": "Point",
        "coordinates": [
          104.032418,
          30.636408
        ]
      },
      "properties": {
        "name": "添馨苑",
        "category": "residential",
        "type": "商务住宅;住宅区;住宅小区",
        "district": "武侯区",
        "weight": 3
      }
    },
    {
      "type": "Feature",
      "geometry": {
        "type": "Point",
        "coordinates": [
          104.02469,
          30.636233
        ]
      },
      "properties": {
        "name": "橙堡",
        "category": "residential",
        "type": "商务住宅;住宅区;住宅小区",
        "district": "武侯区",
        "weight": 1
      }
    },
    {
      "type": "Feature",
      "geometry": {
        "type": "Point",
        "coordinates": [
          104.031402,
          30.631485
        ]
      },
      "properties": {
        "name": "丽都花园B区",
        "category": "residential",
        "type": "商务住宅;住宅区;住宅小区",
        "district": "武侯区",
        "weight": 1
      }
    },
    {
      "type": "Feature",
      "geometry": {
        "type": "Point",
        "coordinates": [
          104.032256,
          30.632113
        ]
      },
      "properties": {
        "name": "置信丽都花园",
        "category": "residential",
        "type": "商务住宅;住宅区;住宅小区",
        "district": "武侯区",
        "weight": 1
      }
    },
    {
      "type": "Feature",
      "geometry": {
        "type": "Point",
        "coordinates": [
          104.033452,
          30.635156
        ]
      },
      "properties": {
        "name": "丽鑫苑",
        "category": "residential",
        "type": "商务住宅;住宅区;住宅小区",
        "district": "武侯区",
        "weight": 3
      }
    },
    {
      "type": "Feature",
      "geometry": {
        "type": "Point",
        "coordinates": [
          104.030795,
          30.63848
        ]
      },
      "properties": {
        "name": "红牌楼商城公寓B座",
        "category": "residential",
        "type": "商务住宅;住宅区;住宅小区",
        "district": "武侯区",
        "weight": 2
      }
    },
    {
      "type": "Feature",
      "geometry": {
        "type": "Point",
        "coordinates": [
          104.026804,
          30.630402
        ]
      },
      "properties": {
        "name": "长城寿苑",
        "category": "residential",
        "type": "商务住宅;住宅区;住宅小区",
        "district": "武侯区",
        "weight": 2
      }
    },
    {
      "type": "Feature",
      "geometry": {
        "type": "Point",
        "coordinates": [
          104.032052,
          30.638309
        ]
      },
      "properties": {
        "name": "丽苑(红牌楼北街)",
        "category": "residential",
        "type": "商务住宅;住宅区;住宅小区",
        "district": "武侯区",
        "weight": 2
      }
    },
    {
      "type": "Feature",
      "geometry": {
        "type": "Point",
        "coordinates": [
          104.030638,
          30.629886
        ]
      },
      "properties": {
        "name": "丽都花园C区",
        "category": "residential",
        "type": "商务住宅;住宅区;住宅小区",
        "district": "武侯区",
        "weight": 1
      }
    },
    {
      "type": "Feature",
      "geometry": {
        "type": "Point",
        "coordinates": [
          104.025016,
          30.638807
        ]
      },
      "properties": {
        "name": "宏景园",
        "category": "residential",
        "type": "商务住宅;住宅区;住宅小区",
        "district": "武侯区",
        "weight": 1
      }
    },
    {
      "type": "Feature",
      "geometry": {
        "type": "Point",
        "coordinates": [
          104.034419,
          30.637219
        ]
      },
      "properties": {
        "name": "嘉祥苑",
        "category": "residential",
        "type": "商务住宅;住宅区;住宅小区",
        "district": "武侯区",
        "weight": 7
      }
    },
    {
      "type": "Feature",
      "geometry": {
        "type": "Point",
        "coordinates": [
          104.024273,
          30.63206
        ]
      },
      "properties": {
        "name": "优地A区",
        "category": "residential",
        "type": "商务住宅;住宅区;住宅小区",
        "district": "武侯区",
        "weight": 1
      }
    },
    {
      "type": "Feature",
      "geometry": {
        "type": "Point",
        "coordinates": [
          104.038271,
          30.636564
        ]
      },
      "properties": {
        "name": "高升桥东路小区",
        "category": "residential",
        "type": "商务住宅;住宅区;住宅小区",
        "district": "武侯区",
        "weight": 2
      }
    },
    {
      "type": "Feature",
      "geometry": {
        "type": "Point",
        "coordinates": [
          104.035328,
          30.635435
        ]
      },
      "properties": {
        "name": "银海佳苑",
        "category": "residential",
        "type": "商务住宅;住宅区;住宅小区",
        "district": "武侯区",
        "weight": 1
      }
    },
    {
      "type": "Feature",
      "geometry": {
        "type": "Point",
        "coordinates": [
          104.035083,
          30.633509
        ]
      },
      "properties": {
        "name": "川航佳园",
        "category": "residential",
        "type": "商务住宅;住宅区;住宅小区",
        "district": "武侯区",
        "weight": 2
      }
    },
    {
      "type": "Feature",
      "geometry": {
        "type": "Point",
        "coordinates": [
          104.037808,
          30.638797
        ]
      },
      "properties": {
        "name": "锦阳阁",
        "category": "residential",
        "type": "商务住宅;住宅区;住宅小区",
        "district": "武侯区",
        "weight": 5
      }
    },
    {
      "type": "Feature",
      "geometry": {
        "type": "Point",
        "coordinates": [
          104.034646,
          30.636215
        ]
      },
      "properties": {
        "name": "汇茗苑",
        "category": "residential",
        "type": "商务住宅;住宅区;住宅小区",
        "district": "武侯区",
        "weight": 1
      }
    },
    {
      "type": "Feature",
      "geometry": {
        "type": "Point",
        "coordinates": [
          104.035733,
          30.638468
        ]
      },
      "properties": {
        "name": "罗浮世家2期",
        "category": "residential",
        "type": "商务住宅;住宅区;住宅小区",
        "district": "武侯区",
        "weight": 1
      }
    },
    {
      "type": "Feature",
      "geometry": {
        "type": "Point",
        "coordinates": [
          104.034685,
          30.630493
        ]
      },
      "properties": {
        "name": "檀香山",
        "category": "residential",
        "type": "商务住宅;住宅区;住宅小区",
        "district": "武侯区",
        "weight": 1
      }
    },
    {
      "type": "Feature",
      "geometry": {
        "type": "Point",
        "coordinates": [
          104.034509,
          30.638978
        ]
      },
      "properties": {
        "name": "富都苑",
        "category": "residential",
        "type": "商务住宅;住宅区;住宅小区",
        "district": "武侯区",
        "weight": 2
      }
    },
    {
      "type": "Feature",
      "geometry": {
        "type": "Point",
        "coordinates": [
          104.047212,
          30.633479
        ]
      },
      "properties": {
        "name": "新能社区",
        "category": "residential",
        "type": "商务住宅;住宅区;住宅小区",
        "district": "武侯区",
        "weight": 6
      }
    },
    {
      "type": "Feature",
      "geometry": {
        "type": "Point",
        "coordinates": [
          104.047752,
          30.635117
        ]
      },
      "properties": {
        "name": "永丰路8号院",
        "category": "residential",
        "type": "商务住宅;住宅区;住宅小区",
        "district": "武侯区",
        "weight": 2
      }
    },
    {
      "type": "Feature",
      "geometry": {
        "type": "Point",
        "coordinates": [
          104.050024,
          30.63359
        ]
      },
      "properties": {
        "name": "玉林芳华",
        "category": "residential",
        "type": "商务住宅;住宅区;住宅区",
        "district": "武侯区",
        "weight": 2
      }
    },
    {
      "type": "Feature",
      "geometry": {
        "type": "Point",
        "coordinates": [
          104.050445,
          30.636053
        ]
      },
      "properties": {
        "name": "永丰路3号院",
        "category": "residential",
        "type": "商务住宅;住宅区;住宅小区",
        "district": "武侯区",
        "weight": 4
      }
    },
    {
      "type": "Feature",
      "geometry": {
        "type": "Point",
        "coordinates": [
          104.054967,
          30.630301
        ]
      },
      "properties": {
        "name": "晓苑",
        "category": "residential",
        "type": "商务住宅;住宅区;住宅区",
        "district": "武侯区",
        "weight": 198
      }
    },
    {
      "type": "Feature",
      "geometry": {
        "type": "Point",
        "coordinates": [
          104.048241,
          30.636421
        ]
      },
      "properties": {
        "name": "超洋花园",
        "category": "residential",
        "type": "商务住宅;住宅区;住宅小区",
        "district": "武侯区",
        "weight": 1
      }
    },
    {
      "type": "Feature",
      "geometry": {
        "type": "Point",
        "coordinates": [
          104.047446,
          30.637127
        ]
      },
      "properties": {
        "name": "超洋路2号院",
        "category": "residential",
        "type": "商务住宅;住宅区;住宅小区",
        "district": "武侯区",
        "weight": 1
      }
    },
    {
      "type": "Feature",
      "geometry": {
        "type": "Point",
        "coordinates": [
          104.050768,
          30.63215
        ]
      },
      "properties": {
        "name": "玉林西路143号院",
        "category": "residential",
        "type": "商务住宅;住宅区;住宅小区",
        "district": "武侯区",
        "weight": 2
      }
    },
    {
      "type": "Feature",
      "geometry": {
        "type": "Point",
        "coordinates": [
          104.052319,
          30.636959
        ]
      },
      "properties": {
        "name": "五七大院",
        "category": "residential",
        "type": "商务住宅;住宅区;住宅小区",
        "district": "武侯区",
        "weight": 7
      }
    },
    {
      "type": "Feature",
      "geometry": {
        "type": "Point",
        "coordinates": [
          104.044831,
          30.632791
        ]
      },
      "properties": {
        "name": "国际花园",
        "category": "residential",
        "type": "商务住宅;住宅区;住宅小区",
        "district": "武侯区",
        "weight": 1
      }
    },
    {
      "type": "Feature",
      "geometry": {
        "type": "Point",
        "coordinates": [
          104.047226,
          30.630917
        ]
      },
      "properties": {
        "name": "倍特金杏苑",
        "category": "residential",
        "type": "商务住宅;住宅区;住宅小区",
        "district": "武侯区",
        "weight": 3
      }
    },
    {
      "type": "Feature",
      "geometry": {
        "type": "Point",
        "coordinates": [
          104.050098,
          30.638347
        ]
      },
      "properties": {
        "name": "洗面桥街小区",
        "category": "residential",
        "type": "商务住宅;住宅区;住宅小区",
        "district": "武侯区",
        "weight": 1
      }
    },
    {
      "type": "Feature",
      "geometry": {
        "type": "Point",
        "coordinates": [
          104.04845,
          30.630275
        ]
      },
      "properties": {
        "name": "金杏苑A区",
        "category": "residential",
        "type": "商务住宅;住宅区;住宅小区",
        "district": "武侯区",
        "weight": 1
      }
    },
    {
      "type": "Feature",
      "geometry": {
        "type": "Point",
        "coordinates": [
          104.044548,
          30.631175
        ]
      },
      "properties": {
        "name": "橄榄园二期",
        "category": "residential",
        "type": "商务住宅;住宅区;住宅小区",
        "district": "武侯区",
        "weight": 1
      }
    },
    {
      "type": "Feature",
      "geometry": {
        "type": "Point",
        "coordinates": [
          104.046182,
          30.629837
        ]
      },
      "properties": {
        "name": "凉山彝族自治州小区",
        "category": "residential",
        "type": "商务住宅;住宅区;住宅小区",
        "district": "武侯区",
        "weight": 1
      }
    },
    {
      "type": "Feature",
      "geometry": {
        "type": "Point",
        "coordinates": [
          104.050751,
          30.639158
        ]
      },
      "properties": {
        "name": "雕院",
        "category": "residential",
        "type": "商务住宅;住宅区;住宅区",
        "district": "武侯区",
        "weight": 1
      }
    },
    {
      "type": "Feature",
      "geometry": {
        "type": "Point",
        "coordinates": [
          104.053016,
          30.638105
        ]
      },
      "properties": {
        "name": "小天公寓",
        "category": "residential",
        "type": "商务住宅;住宅区;住宅小区",
        "district": "武侯区",
        "weight": 1
      }
    },
    {
      "type": "Feature",
      "geometry": {
        "type": "Point",
        "coordinates": [
          104.057073,
          30.634995
        ]
      },
      "properties": {
        "name": "玉林北街4号院",
        "category": "residential",
        "type": "商务住宅;住宅区;住宅小区",
        "district": "武侯区",
        "weight": 1
      }
    },
    {
      "type": "Feature",
      "geometry": {
        "type": "Point",
        "coordinates": [
          104.061348,
          30.636096
        ]
      },
      "properties": {
        "name": "一环路南三段11号",
        "category": "residential",
        "type": "商务住宅;住宅区;住宅区",
        "district": "武侯区",
        "weight": 2
      }
    },
    {
      "type": "Feature",
      "geometry": {
        "type": "Point",
        "coordinates": [
          104.055128,
          30.636529
        ]
      },
      "properties": {
        "name": "盛景华庭",
        "category": "residential",
        "type": "商务住宅;住宅区;住宅小区",
        "district": "武侯区",
        "weight": 3
      }
    },
    {
      "type": "Feature",
      "geometry": {
        "type": "Point",
        "coordinates": [
          104.061236,
          30.630269
        ]
      },
      "properties": {
        "name": "玉福苑",
        "category": "residential",
        "type": "商务住宅;住宅区;住宅小区",
        "district": "武侯区",
        "weight": 3
      }
    },
    {
      "type": "Feature",
      "geometry": {
        "type": "Point",
        "coordinates": [
          104.054914,
          30.637673
        ]
      },
      "properties": {
        "name": "丽景天成",
        "category": "residential",
        "type": "商务住宅;住宅区;住宅小区",
        "district": "武侯区",
        "weight": 1
      }
    },
    {
      "type": "Feature",
      "geometry": {
        "type": "Point",
        "coordinates": [
          104.062514,
          30.630877
        ]
      },
      "properties": {
        "name": "华宇·蓉国府(玉林一巷)",
        "category": "residential",
        "type": "商务住宅;住宅区;住宅小区",
        "district": "武侯区",
        "weight": 1
      }
    },
    {
      "type": "Feature",
      "geometry": {
        "type": "Point",
        "coordinates": [
          104.06025,
          30.629389
        ]
      },
      "properties": {
        "name": "晨光嘉苑",
        "category": "residential",
        "type": "商务住宅;住宅区;住宅小区",
        "district": "武侯区",
        "weight": 2
      }
    },
    {
      "type": "Feature",
      "geometry": {
        "type": "Point",
        "coordinates": [
          104.063411,
          30.630155
        ]
      },
      "properties": {
        "name": "国嘉·美领居",
        "category": "residential",
        "type": "商务住宅;住宅区;住宅小区",
        "district": "武侯区",
        "weight": 3
      }
    },
    {
      "type": "Feature",
      "geometry": {
        "type": "Point",
        "coordinates": [
          104.067568,
          30.634801
        ]
      },
      "properties": {
        "name": "西南技术物理研究所第一生活区",
        "category": "residential",
        "type": "商务住宅;住宅区;住宅小区",
        "district": "武侯区",
        "weight": 1
      }
    },
    {
      "type": "Feature",
      "geometry": {
        "type": "Point",
        "coordinates": [
          104.066429,
          30.634996
        ]
      },
      "properties": {
        "name": "一环路南二段20号",
        "category": "residential",
        "type": "商务住宅;住宅区;住宅区",
        "district": "武侯区",
        "weight": 1
      }
    },
    {
      "type": "Feature",
      "geometry": {
        "type": "Point",
        "coordinates": [
          104.067873,
          30.62992
        ]
      },
      "properties": {
        "name": "弘福苑",
        "category": "residential",
        "type": "商务住宅;住宅区;住宅小区",
        "district": "武侯区",
        "weight": 38
      }
    },
    {
      "type": "Feature",
      "geometry": {
        "type": "Point",
        "coordinates": [
          104.070912,
          30.635447
        ]
      },
      "properties": {
        "name": "一环路南二段8号",
        "category": "residential",
        "type": "商务住宅;住宅区;住宅区",
        "district": "武侯区",
        "weight": 1
      }
    },
    {
      "type": "Feature",
      "geometry": {
        "type": "Point",
        "coordinates": [
          104.070016,
          30.636916
        ]
      },
      "properties": {
        "name": "旅游村",
        "category": "residential",
        "type": "商务住宅;住宅区;住宅小区",
        "district": "武侯区",
        "weight": 6
      }
    },
    {
      "type": "Feature",
      "geometry": {
        "type": "Point",
        "coordinates": [
          104.065385,
          30.634053
        ]
      },
      "properties": {
        "name": "成都来福士广场",
        "category": "residential",
        "type": "商务住宅;住宅区;住宅区",
        "district": "武侯区",
        "weight": 1
      }
    },
    {
      "type": "Feature",
      "geometry": {
        "type": "Point",
        "coordinates": [
          104.072208,
          30.632642
        ]
      },
      "properties": {
        "name": "宜苑",
        "category": "residential",
        "type": "商务住宅;住宅区;住宅小区",
        "district": "武侯区",
        "weight": 28
      }
    },
    {
      "type": "Feature",
      "geometry": {
        "type": "Point",
        "coordinates": [
          104.06561,
          30.636191
        ]
      },
      "properties": {
        "name": "一环路南二段13号",
        "category": "residential",
        "type": "商务住宅;住宅区;住宅区",
        "district": "武侯区",
        "weight": 1
      }
    },
    {
      "type": "Feature",
      "geometry": {
        "type": "Point",
        "coordinates": [
          104.072124,
          30.636647
        ]
      },
      "properties": {
        "name": "一环路南二段5号院",
        "category": "residential",
        "type": "商务住宅;住宅区;住宅小区",
        "district": "武侯区",
        "weight": 1
      }
    },
    {
      "type": "Feature",
      "geometry": {
        "type": "Point",
        "coordinates": [
          104.071483,
          30.638924
        ]
      },
      "properties": {
        "name": "四维村6号院",
        "category": "residential",
        "type": "商务住宅;住宅区;住宅小区",
        "district": "武侯区",
        "weight": 1
      }
    },
    {
      "type": "Feature",
      "geometry": {
        "type": "Point",
        "coordinates": [
          104.072644,
          30.629949
        ]
      },
      "properties": {
        "name": "棕苑",
        "category": "residential",
        "type": "商务住宅;住宅区;住宅小区",
        "district": "武侯区",
        "weight": 1
      }
    },
    {
      "type": "Feature",
      "geometry": {
        "type": "Point",
        "coordinates": [
          104.072569,
          30.639143
        ]
      },
      "properties": {
        "name": "林荫中街2号院",
        "category": "residential",
        "type": "商务住宅;住宅区;住宅小区",
        "district": "武侯区",
        "weight": 1
      }
    },
    {
      "type": "Feature",
      "geometry": {
        "type": "Point",
        "coordinates": [
          104.080076,
          30.633321
        ]
      },
      "properties": {
        "name": "中兴村职工住宅区",
        "category": "residential",
        "type": "商务住宅;住宅区;住宅小区",
        "district": "武侯区",
        "weight": 1
      }
    },
    {
      "type": "Feature",
      "geometry": {
        "type": "Point",
        "coordinates": [
          104.078282,
          30.630362
        ]
      },
      "properties": {
        "name": "新南村(新南路)",
        "category": "residential",
        "type": "商务住宅;住宅区;住宅小区",
        "district": "武侯区",
        "weight": 22
      }
    },
    {
      "type": "Feature",
      "geometry": {
        "type": "Point",
        "coordinates": [
          104.082327,
          30.634772
        ]
      },
      "properties": {
        "name": "四川大学望江校区后勤公寓",
        "category": "residential",
        "type": "商务住宅;住宅区;住宅小区",
        "district": "武侯区",
        "weight": 1
      }
    },
    {
      "type": "Feature",
      "geometry": {
        "type": "Point",
        "coordinates": [
          104.082511,
          30.636973
        ]
      },
      "properties": {
        "name": "福阁",
        "category": "residential",
        "type": "商务住宅;住宅区;住宅区",
        "district": "武侯区",
        "weight": 7
      }
    },
    {
      "type": "Feature",
      "geometry": {
        "type": "Point",
        "coordinates": [
          104.075906,
          30.637702
        ]
      },
      "properties": {
        "name": "一环路南一段51号院",
        "category": "residential",
        "type": "商务住宅;住宅区;住宅小区",
        "district": "武侯区",
        "weight": 1
      }
    },
    {
      "type": "Feature",
      "geometry": {
        "type": "Point",
        "coordinates": [
          104.074555,
          30.636802
        ]
      },
      "properties": {
        "name": "望江公寓",
        "category": "residential",
        "type": "商务住宅;住宅区;住宅小区",
        "district": "武侯区",
        "weight": 1
      }
    },
    {
      "type": "Feature",
      "geometry": {
        "type": "Point",
        "coordinates": [
          104.081804,
          30.63884
        ]
      },
      "properties": {
        "name": "共和村职工住宅区",
        "category": "residential",
        "type": "商务住宅;住宅区;住宅小区",
        "district": "武侯区",
        "weight": 1
      }
    },
    {
      "type": "Feature",
      "geometry": {
        "type": "Point",
        "coordinates": [
          104.08625,
          30.636989
        ]
      },
      "properties": {
        "name": "文里小区",
        "category": "residential",
        "type": "商务住宅;住宅区;住宅小区",
        "district": "武侯区",
        "weight": 3
      }
    },
    {
      "type": "Feature",
      "geometry": {
        "type": "Point",
        "coordinates": [
          104.092263,
          30.634408
        ]
      },
      "properties": {
        "name": "顺和苑(顺江路)",
        "category": "residential",
        "type": "商务住宅;住宅区;住宅小区",
        "district": "锦江区",
        "weight": 1
      }
    },
    {
      "type": "Feature",
      "geometry": {
        "type": "Point",
        "coordinates": [
          104.084992,
          30.631244
        ]
      },
      "properties": {
        "name": "绿场村职工住宅区",
        "category": "residential",
        "type": "商务住宅;住宅区;住宅小区",
        "district": "武侯区",
        "weight": 2
      }
    },
    {
      "type": "Feature",
      "geometry": {
        "type": "Point",
        "coordinates": [
          104.092882,
          30.633313
        ]
      },
      "properties": {
        "name": "顺江苑(龙舟路)",
        "category": "residential",
        "type": "商务住宅;住宅区;住宅小区",
        "district": "锦江区",
        "weight": 1
      }
    },
    {
      "type": "Feature",
      "geometry": {
        "type": "Point",
        "coordinates": [
          104.091974,
          30.637554
        ]
      },
      "properties": {
        "name": "青青河畔",
        "category": "residential",
        "type": "商务住宅;住宅区;住宅小区",
        "district": "锦江区",
        "weight": 3
      }
    },
    {
      "type": "Feature",
      "geometry": {
        "type": "Point",
        "coordinates": [
          104.084081,
          30.631991
        ]
      },
      "properties": {
        "name": "桃林村职工住宅区",
        "category": "residential",
        "type": "商务住宅;住宅区;住宅小区",
        "district": "武侯区",
        "weight": 1
      }
    },
    {
      "type": "Feature",
      "geometry": {
        "type": "Point",
        "coordinates": [
          104.094284,
          30.634067
        ]
      },
      "properties": {
        "name": "莲桂西路社区",
        "category": "residential",
        "type": "商务住宅;住宅区;住宅小区",
        "district": "锦江区",
        "weight": 7
      }
    },
    {
      "type": "Feature",
      "geometry": {
        "type": "Point",
        "coordinates": [
          104.084245,
          30.63708
        ]
      },
      "properties": {
        "name": "华西新村职工住宅区",
        "category": "residential",
        "type": "商务住宅;住宅区;住宅小区",
        "district": "武侯区",
        "weight": 1
      }
    },
    {
      "type": "Feature",
      "geometry": {
        "type": "Point",
        "coordinates": [
          104.095741,
          30.632206
        ]
      },
      "properties": {
        "name": "吉祥",
        "category": "residential",
        "type": "商务住宅;住宅区;住宅小区",
        "district": "锦江区",
        "weight": 30
      }
    },
    {
      "type": "Feature",
      "geometry": {
        "type": "Point",
        "coordinates": [
          104.084495,
          30.638062
        ]
      },
      "properties": {
        "name": "华西新村十四宿舍",
        "category": "residential",
        "type": "商务住宅;住宅区;住宅小区",
        "district": "武侯区",
        "weight": 1
      }
    },
    {
      "type": "Feature",
      "geometry": {
        "type": "Point",
        "coordinates": [
          104.093413,
          30.637448
        ]
      },
      "properties": {
        "name": "阿玛尼艺术公寓",
        "category": "residential",
        "type": "商务住宅;住宅区;住宅小区",
        "district": "锦江区",
        "weight": 1
      }
    },
    {
      "type": "Feature",
      "geometry": {
        "type": "Point",
        "coordinates": [
          104.093115,
          30.638561
        ]
      },
      "properties": {
        "name": "莲桂西路98号院(莲桂西路)",
        "category": "residential",
        "type": "商务住宅;住宅区;住宅小区",
        "district": "锦江区",
        "weight": 1
      }
    },
    {
      "type": "Feature",
      "geometry": {
        "type": "Point",
        "coordinates": [
          104.092825,
          30.629559
        ]
      },
      "properties": {
        "name": "望江嘉苑",
        "category": "residential",
        "type": "商务住宅;住宅区;住宅小区",
        "district": "锦江区",
        "weight": 1
      }
    },
    {
      "type": "Feature",
      "geometry": {
        "type": "Point",
        "coordinates": [
          104.083918,
          30.629617
        ]
      },
      "properties": {
        "name": "四川大学望江校区农林村",
        "category": "residential",
        "type": "商务住宅;住宅区;住宅小区",
        "district": "武侯区",
        "weight": 1
      }
    },
    {
      "type": "Feature",
      "geometry": {
        "type": "Point",
        "coordinates": [
          104.083944,
          30.639373
        ]
      },
      "properties": {
        "name": "太平南新街小区",
        "category": "residential",
        "type": "商务住宅;住宅区;住宅小区",
        "district": "武侯区",
        "weight": 1
      }
    },
    {
      "type": "Feature",
      "geometry": {
        "type": "Point",
        "coordinates": [
          104.097122,
          30.634675
        ]
      },
      "properties": {
        "name": "莲新苑",
        "category": "residential",
        "type": "商务住宅;住宅区;住宅小区",
        "district": "锦江区",
        "weight": 10
      }
    },
    {
      "type": "Feature",
      "geometry": {
        "type": "Point",
        "coordinates": [
          104.099909,
          30.637922
        ]
      },
      "properties": {
        "name": "东桂苑小区",
        "category": "residential",
        "type": "商务住宅;住宅区;住宅小区",
        "district": "锦江区",
        "weight": 8
      }
    },
    {
      "type": "Feature",
      "geometry": {
        "type": "Point",
        "coordinates": [
          104.098787,
          30.630684
        ]
      },
      "properties": {
        "name": "逸情苑",
        "category": "residential",
        "type": "商务住宅;住宅区;住宅小区",
        "district": "锦江区",
        "weight": 7
      }
    },
    {
      "type": "Feature",
      "geometry": {
        "type": "Point",
        "coordinates": [
          104.101468,
          30.632471
        ]
      },
      "properties": {
        "name": "绿地锦天府",
        "category": "residential",
        "type": "商务住宅;住宅区;住宅小区",
        "district": "锦江区",
        "weight": 1
      }
    },
    {
      "type": "Feature",
      "geometry": {
        "type": "Point",
        "coordinates": [
          104.095334,
          30.637306
        ]
      },
      "properties": {
        "name": "顺江新苑",
        "category": "residential",
        "type": "商务住宅;住宅区;住宅小区",
        "district": "锦江区",
        "weight": 8
      }
    },
    {
      "type": "Feature",
      "geometry": {
        "type": "Point",
        "coordinates": [
          104.102825,
          30.634743
        ]
      },
      "properties": {
        "name": "凌云峰阁",
        "category": "residential",
        "type": "商务住宅;住宅区;住宅小区",
        "district": "锦江区",
        "weight": 2
      }
    },
    {
      "type": "Feature",
      "geometry": {
        "type": "Point",
        "coordinates": [
          104.097224,
          30.638476
        ]
      },
      "properties": {
        "name": "新莲馨",
        "category": "residential",
        "type": "商务住宅;住宅区;住宅小区",
        "district": "锦江区",
        "weight": 3
      }
    },
    {
      "type": "Feature",
      "geometry": {
        "type": "Point",
        "coordinates": [
          104.100699,
          30.63009
        ]
      },
      "properties": {
        "name": "牛沙馨苑",
        "category": "residential",
        "type": "商务住宅;住宅区;住宅小区",
        "district": "锦江区",
        "weight": 6
      }
    },
    {
      "type": "Feature",
      "geometry": {
        "type": "Point",
        "coordinates": [
          104.098774,
          30.638877
        ]
      },
      "properties": {
        "name": "钢管厂5区",
        "category": "residential",
        "type": "商务住宅;住宅区;住宅小区",
        "district": "锦江区",
        "weight": 4
      }
    },
    {
      "type": "Feature",
      "geometry": {
        "type": "Point",
        "coordinates": [
          104.096911,
          30.630025
        ]
      },
      "properties": {
        "name": "龙舟大院",
        "category": "residential",
        "type": "商务住宅;住宅区;住宅小区",
        "district": "锦江区",
        "weight": 4
      }
    },
    {
      "type": "Feature",
      "geometry": {
        "type": "Point",
        "coordinates": [
          104.108871,
          30.633255
        ]
      },
      "properties": {
        "name": "通用时代(通宝街)",
        "category": "residential",
        "type": "商务住宅;住宅区;住宅小区",
        "district": "锦江区",
        "weight": 2
      }
    },
    {
      "type": "Feature",
      "geometry": {
        "type": "Point",
        "coordinates": [
          104.106901,
          30.635222
        ]
      },
      "properties": {
        "name": "天誉·南庭",
        "category": "residential",
        "type": "商务住宅;住宅区;住宅小区",
        "district": "锦江区",
        "weight": 1
      }
    },
    {
      "type": "Feature",
      "geometry": {
        "type": "Point",
        "coordinates": [
          104.109035,
          30.632022
        ]
      },
      "properties": {
        "name": "澳龙名城",
        "category": "residential",
        "type": "商务住宅;住宅区;住宅小区",
        "district": "锦江区",
        "weight": 1
      }
    },
    {
      "type": "Feature",
      "geometry": {
        "type": "Point",
        "coordinates": [
          104.106311,
          30.63168
        ]
      },
      "properties": {
        "name": "澳龙名城维格",
        "category": "residential",
        "type": "商务住宅;住宅区;住宅区",
        "district": "锦江区",
        "weight": 1
      }
    },
    {
      "type": "Feature",
      "geometry": {
        "type": "Point",
        "coordinates": [
          104.113017,
          30.634225
        ]
      },
      "properties": {
        "name": "成都ICC凯旋门",
        "category": "residential",
        "type": "商务住宅;住宅区;住宅区",
        "district": "锦江区",
        "weight": 1
      }
    },
    {
      "type": "Feature",
      "geometry": {
        "type": "Point",
        "coordinates": [
          104.113164,
          30.63666
        ]
      },
      "properties": {
        "name": "天曜",
        "category": "residential",
        "type": "商务住宅;住宅区;住宅小区",
        "district": "锦江区",
        "weight": 4
      }
    },
    {
      "type": "Feature",
      "geometry": {
        "type": "Point",
        "coordinates": [
          104.107526,
          30.629905
        ]
      },
      "properties": {
        "name": "新沙河阳光水岸",
        "category": "residential",
        "type": "商务住宅;住宅区;住宅小区",
        "district": "锦江区",
        "weight": 1
      }
    },
    {
      "type": "Feature",
      "geometry": {
        "type": "Point",
        "coordinates": [
          104.103768,
          30.63667
        ]
      },
      "properties": {
        "name": "伊泰·天骄",
        "category": "residential",
        "type": "商务住宅;住宅区;住宅小区",
        "district": "锦江区",
        "weight": 1
      }
    },
    {
      "type": "Feature",
      "geometry": {
        "type": "Point",
        "coordinates": [
          104.104052,
          30.631604
        ]
      },
      "properties": {
        "name": "镏金岁月",
        "category": "residential",
        "type": "商务住宅;住宅区;住宅小区",
        "district": "锦江区",
        "weight": 1
      }
    },
    {
      "type": "Feature",
      "geometry": {
        "type": "Point",
        "coordinates": [
          104.110127,
          30.639253
        ]
      },
      "properties": {
        "name": "天誉",
        "category": "residential",
        "type": "商务住宅;住宅区;住宅小区",
        "district": "锦江区",
        "weight": 1
      }
    },
    {
      "type": "Feature",
      "geometry": {
        "type": "Point",
        "coordinates": [
          104.119335,
          30.629451
        ]
      },
      "properties": {
        "name": "塔子山壹号",
        "category": "residential",
        "type": "商务住宅;住宅区;住宅小区",
        "district": "锦江区",
        "weight": 1
      }
    },
    {
      "type": "Feature",
      "geometry": {
        "type": "Point",
        "coordinates": [
          104.121651,
          30.631572
        ]
      },
      "properties": {
        "name": "秀水园",
        "category": "residential",
        "type": "商务住宅;住宅区;住宅小区",
        "district": "成华区",
        "weight": 1
      }
    },
    {
      "type": "Feature",
      "geometry": {
        "type": "Point",
        "coordinates": [
          104.11418,
          30.637824
        ]
      },
      "properties": {
        "name": "仁恒滨河湾",
        "category": "residential",
        "type": "商务住宅;住宅区;住宅小区",
        "district": "锦江区",
        "weight": 1
      }
    },
    {
      "type": "Feature",
      "geometry": {
        "type": "Point",
        "coordinates": [
          104.116484,
          30.638319
        ]
      },
      "properties": {
        "name": "仁恒·滨河湾3期",
        "category": "residential",
        "type": "商务住宅;住宅区;住宅小区",
        "district": "锦江区",
        "weight": 1
      }
    },
    {
      "type": "Feature",
      "geometry": {
        "type": "Point",
        "coordinates": [
          104.12062,
          30.635039
        ]
      },
      "properties": {
        "name": "锦东庭园",
        "category": "residential",
        "type": "商务住宅;住宅区;住宅小区",
        "district": "锦江区",
        "weight": 2
      }
    },
    {
      "type": "Feature",
      "geometry": {
        "type": "Point",
        "coordinates": [
          104.117408,
          30.630469
        ]
      },
      "properties": {
        "name": "cosmo天廊",
        "category": "residential",
        "type": "商务住宅;住宅区;住宅小区",
        "district": "锦江区",
        "weight": 1
      }
    },
    {
      "type": "Feature",
      "geometry": {
        "type": "Point",
        "coordinates": [
          104.117138,
          30.632101
        ]
      },
      "properties": {
        "name": "恒大望江华府(在建中)",
        "category": "residential",
        "type": "商务住宅;住宅区;住宅小区",
        "district": "锦江区",
        "weight": 1
      }
    },
    {
      "type": "Feature",
      "geometry": {
        "type": "Point",
        "coordinates": [
          104.133362,
          30.629448
        ]
      },
      "properties": {
        "name": "蓝润东悦荟",
        "category": "residential",
        "type": "商务住宅;住宅区;住宅小区",
        "district": "成华区",
        "weight": 1
      }
    },
    {
      "type": "Feature",
      "geometry": {
        "type": "Point",
        "coordinates": [
          104.140231,
          30.638393
        ]
      },
      "properties": {
        "name": "杨柳社区",
        "category": "residential",
        "type": "商务住宅;住宅区;住宅小区",
        "district": "成华区",
        "weight": 2
      }
    },
    {
      "type": "Feature",
      "geometry": {
        "type": "Point",
        "coordinates": [
          104.13686,
          30.637838
        ]
      },
      "properties": {
        "name": "迎晖路小区",
        "category": "residential",
        "type": "商务住宅;住宅区;住宅小区",
        "district": "成华区",
        "weight": 1
      }
    },
    {
      "type": "Feature",
      "geometry": {
        "type": "Point",
        "coordinates": [
          104.149458,
          30.633369
        ]
      },
      "properties": {
        "name": "首创国际城2期",
        "category": "residential",
        "type": "商务住宅;住宅区;住宅小区",
        "district": "成华区",
        "weight": 1
      }
    },
    {
      "type": "Feature",
      "geometry": {
        "type": "Point",
        "coordinates": [
          104.146473,
          30.635598
        ]
      },
      "properties": {
        "name": "新里·柏仕公馆",
        "category": "residential",
        "type": "商务住宅;住宅区;住宅小区",
        "district": "成华区",
        "weight": 1
      }
    },
    {
      "type": "Feature",
      "geometry": {
        "type": "Point",
        "coordinates": [
          104.145653,
          30.63326
        ]
      },
      "properties": {
        "name": "东方新城2期",
        "category": "residential",
        "type": "商务住宅;住宅区;住宅小区",
        "district": "成华区",
        "weight": 3
      }
    },
    {
      "type": "Feature",
      "geometry": {
        "type": "Point",
        "coordinates": [
          104.151679,
          30.634853
        ]
      },
      "properties": {
        "name": "首创百朗峰",
        "category": "residential",
        "type": "商务住宅;住宅区;住宅小区",
        "district": "成华区",
        "weight": 1
      }
    },
    {
      "type": "Feature",
      "geometry": {
        "type": "Point",
        "coordinates": [
          104.149273,
          30.6317
        ]
      },
      "properties": {
        "name": "首创国际城",
        "category": "residential",
        "type": "商务住宅;住宅区;住宅小区",
        "district": "成华区",
        "weight": 1
      }
    },
    {
      "type": "Feature",
      "geometry": {
        "type": "Point",
        "coordinates": [
          104.15249,
          30.633205
        ]
      },
      "properties": {
        "name": "富丽东方",
        "category": "residential",
        "type": "商务住宅;住宅区;住宅小区",
        "district": "成华区",
        "weight": 1
      }
    },
    {
      "type": "Feature",
      "geometry": {
        "type": "Point",
        "coordinates": [
          104.147941,
          30.630789
        ]
      },
      "properties": {
        "name": "万科魅力之城1期",
        "category": "residential",
        "type": "商务住宅;住宅区;住宅小区",
        "district": "成华区",
        "weight": 1
      }
    },
    {
      "type": "Feature",
      "geometry": {
        "type": "Point",
        "coordinates": [
          104.144125,
          30.632741
        ]
      },
      "properties": {
        "name": "漫岭云天",
        "category": "residential",
        "type": "商务住宅;住宅区;住宅小区",
        "district": "成华区",
        "weight": 1
      }
    },
    {
      "type": "Feature",
      "geometry": {
        "type": "Point",
        "coordinates": [
          104.15185,
          30.631183
        ]
      },
      "properties": {
        "name": "摩玛新城",
        "category": "residential",
        "type": "商务住宅;住宅区;住宅小区",
        "district": "成华区",
        "weight": 1
      }
    },
    {
      "type": "Feature",
      "geometry": {
        "type": "Point",
        "coordinates": [
          104.152982,
          30.631771
        ]
      },
      "properties": {
        "name": "和美社区",
        "category": "residential",
        "type": "商务住宅;住宅区;住宅小区",
        "district": "成华区",
        "weight": 1
      }
    },
    {
      "type": "Feature",
      "geometry": {
        "type": "Point",
        "coordinates": [
          104.14395,
          30.631411
        ]
      },
      "properties": {
        "name": "成都两城一家家庭公寓",
        "category": "residential",
        "type": "商务住宅;住宅区;住宅小区",
        "district": "成华区",
        "weight": 1
      }
    },
    {
      "type": "Feature",
      "geometry": {
        "type": "Point",
        "coordinates": [
          104.147433,
          30.629524
        ]
      },
      "properties": {
        "name": "万科·魅力之城南区",
        "category": "residential",
        "type": "商务住宅;住宅区;住宅区",
        "district": "成华区",
        "weight": 1
      }
    },
    {
      "type": "Feature",
      "geometry": {
        "type": "Point",
        "coordinates": [
          104.158749,
          30.6316
        ]
      },
      "properties": {
        "name": "恋日家园B区",
        "category": "residential",
        "type": "商务住宅;住宅区;住宅小区",
        "district": "成华区",
        "weight": 1
      }
    },
    {
      "type": "Feature",
      "geometry": {
        "type": "Point",
        "coordinates": [
          104.154499,
          30.63128
        ]
      },
      "properties": {
        "name": "蓝光锦绣城1期",
        "category": "residential",
        "type": "商务住宅;住宅区;住宅小区",
        "district": "成华区",
        "weight": 1
      }
    },
    {
      "type": "Feature",
      "geometry": {
        "type": "Point",
        "coordinates": [
          104.154467,
          30.629436
        ]
      },
      "properties": {
        "name": "锦绣城",
        "category": "residential",
        "type": "商务住宅;住宅区;住宅小区",
        "district": "成华区",
        "weight": 6
      }
    },
    {
      "type": "Feature",
      "geometry": {
        "type": "Point",
        "coordinates": [
          104.156107,
          30.631026
        ]
      },
      "properties": {
        "name": "蓝光锦绣城2期",
        "category": "residential",
        "type": "商务住宅;住宅区;住宅小区",
        "district": "成华区",
        "weight": 1
      }
    },
    {
      "type": "Feature",
      "geometry": {
        "type": "Point",
        "coordinates": [
          104.156958,
          30.632245
        ]
      },
      "properties": {
        "name": "恋日家园A区",
        "category": "residential",
        "type": "商务住宅;住宅区;住宅小区",
        "district": "成华区",
        "weight": 1
      }
    },
    {
      "type": "Feature",
      "geometry": {
        "type": "Point",
        "coordinates": [
          104.158094,
          30.630249
        ]
      },
      "properties": {
        "name": "海上海北苑",
        "category": "residential",
        "type": "商务住宅;住宅区;住宅小区",
        "district": "成华区",
        "weight": 1
      }
    },
    {
      "type": "Feature",
      "geometry": {
        "type": "Point",
        "coordinates": [
          103.971768,
          30.621255
        ]
      },
      "properties": {
        "name": "优博",
        "category": "residential",
        "type": "商务住宅;住宅区;住宅小区",
        "district": "武侯区",
        "weight": 1
      }
    },
    {
      "type": "Feature",
      "geometry": {
        "type": "Point",
        "coordinates": [
          103.970439,
          30.628576
        ]
      },
      "properties": {
        "name": "双凤苑",
        "category": "residential",
        "type": "商务住宅;住宅区;住宅小区",
        "district": "武侯区",
        "weight": 1
      }
    },
    {
      "type": "Feature",
      "geometry": {
        "type": "Point",
        "coordinates": [
          103.982846,
          30.629148
        ]
      },
      "properties": {
        "name": "布鲁汀小区",
        "category": "residential",
        "type": "商务住宅;住宅区;住宅小区",
        "district": "武侯区",
        "weight": 1
      }
    },
    {
      "type": "Feature",
      "geometry": {
        "type": "Point",
        "coordinates": [
          103.981818,
          30.628132
        ]
      },
      "properties": {
        "name": "沃的奥",
        "category": "residential",
        "type": "商务住宅;住宅区;住宅小区",
        "district": "武侯区",
        "weight": 1
      }
    },
    {
      "type": "Feature",
      "geometry": {
        "type": "Point",
        "coordinates": [
          103.982349,
          30.622957
        ]
      },
      "properties": {
        "name": "楠汇坊",
        "category": "residential",
        "type": "商务住宅;住宅区;住宅小区",
        "district": "武侯区",
        "weight": 1
      }
    },
    {
      "type": "Feature",
      "geometry": {
        "type": "Point",
        "coordinates": [
          103.982243,
          30.624908
        ]
      },
      "properties": {
        "name": "优博国际",
        "category": "residential",
        "type": "商务住宅;住宅区;住宅小区",
        "district": "武侯区",
        "weight": 1
      }
    },
    {
      "type": "Feature",
      "geometry": {
        "type": "Point",
        "coordinates": [
          103.978146,
          30.62152
        ]
      },
      "properties": {
        "name": "同顺公寓(铁佛工业区一路)",
        "category": "residential",
        "type": "商务住宅;住宅区;住宅小区",
        "district": "武侯区",
        "weight": 1
      }
    },
    {
      "type": "Feature",
      "geometry": {
        "type": "Point",
        "coordinates": [
          103.988201,
          30.625616
        ]
      },
      "properties": {
        "name": "天际锦上府1期",
        "category": "residential",
        "type": "商务住宅;住宅区;住宅小区",
        "district": "武侯区",
        "weight": 1
      }
    },
    {
      "type": "Feature",
      "geometry": {
        "type": "Point",
        "coordinates": [
          103.99106,
          30.624068
        ]
      },
      "properties": {
        "name": "保利花园",
        "category": "residential",
        "type": "商务住宅;住宅区;住宅小区",
        "district": "武侯区",
        "weight": 1
      }
    },
    {
      "type": "Feature",
      "geometry": {
        "type": "Point",
        "coordinates": [
          103.986614,
          30.622461
        ]
      },
      "properties": {
        "name": "中铁·骑士公馆",
        "category": "residential",
        "type": "商务住宅;住宅区;住宅小区",
        "district": "武侯区",
        "weight": 1
      }
    },
    {
      "type": "Feature",
      "geometry": {
        "type": "Point",
        "coordinates": [
          103.991592,
          30.626836
        ]
      },
      "properties": {
        "name": "华兴(沃尔建材市场)",
        "category": "residential",
        "type": "商务住宅;住宅区;住宅小区",
        "district": "武侯区",
        "weight": 1
      }
    },
    {
      "type": "Feature",
      "geometry": {
        "type": "Point",
        "coordinates": [
          103.984402,
          30.624249
        ]
      },
      "properties": {
        "name": "首信·首御",
        "category": "residential",
        "type": "商务住宅;住宅区;住宅小区",
        "district": "武侯区",
        "weight": 1
      }
    },
    {
      "type": "Feature",
      "geometry": {
        "type": "Point",
        "coordinates": [
          103.983901,
          30.621686
        ]
      },
      "properties": {
        "name": "中筑·西府兰庭",
        "category": "residential",
        "type": "商务住宅;住宅区;住宅小区",
        "district": "武侯区",
        "weight": 1
      }
    },
    {
      "type": "Feature",
      "geometry": {
        "type": "Point",
        "coordinates": [
          103.992957,
          30.628711
        ]
      },
      "properties": {
        "name": "华宇·楠苑",
        "category": "residential",
        "type": "商务住宅;住宅区;住宅小区",
        "district": "武侯区",
        "weight": 1
      }
    },
    {
      "type": "Feature",
      "geometry": {
        "type": "Point",
        "coordinates": [
          103.983851,
          30.628165
        ]
      },
      "properties": {
        "name": "成都置信逸都城市会所",
        "category": "residential",
        "type": "商务住宅;住宅区;住宅小区",
        "district": "武侯区",
        "weight": 1
      }
    },
    {
      "type": "Feature",
      "geometry": {
        "type": "Point",
        "coordinates": [
          103.997898,
          30.627915
        ]
      },
      "properties": {
        "name": "置信丽都花园城C区",
        "category": "residential",
        "type": "商务住宅;住宅区;住宅小区",
        "district": "武侯区",
        "weight": 1
      }
    },
    {
      "type": "Feature",
      "geometry": {
        "type": "Point",
        "coordinates": [
          103.995382,
          30.62895
        ]
      },
      "properties": {
        "name": "华宇·静苑",
        "category": "residential",
        "type": "商务住宅;住宅区;住宅小区",
        "district": "武侯区",
        "weight": 2
      }
    },
    {
      "type": "Feature",
      "geometry": {
        "type": "Point",
        "coordinates": [
          103.995074,
          30.622914
        ]
      },
      "properties": {
        "name": "金隅大成·珑熙郡",
        "category": "residential",
        "type": "商务住宅;住宅区;住宅小区",
        "district": "武侯区",
        "weight": 1
      }
    },
    {
      "type": "Feature",
      "geometry": {
        "type": "Point",
        "coordinates": [
          104.000399,
          30.629527
        ]
      },
      "properties": {
        "name": "顺江锦苑",
        "category": "residential",
        "type": "商务住宅;住宅区;住宅小区",
        "district": "武侯区",
        "weight": 1
      }
    },
    {
      "type": "Feature",
      "geometry": {
        "type": "Point",
        "coordinates": [
          103.99644,
          30.627301
        ]
      },
      "properties": {
        "name": "置信丽都·花园城D区",
        "category": "residential",
        "type": "商务住宅;住宅区;住宅小区",
        "district": "武侯区",
        "weight": 1
      }
    },
    {
      "type": "Feature",
      "geometry": {
        "type": "Point",
        "coordinates": [
          104.001661,
          30.628718
        ]
      },
      "properties": {
        "name": "高碑瑞苑C区",
        "category": "residential",
        "type": "商务住宅;住宅区;住宅小区",
        "district": "武侯区",
        "weight": 1
      }
    },
    {
      "type": "Feature",
      "geometry": {
        "type": "Point",
        "coordinates": [
          104.000728,
          30.621538
        ]
      },
      "properties": {
        "name": "五七〇一厂社区北区",
        "category": "residential",
        "type": "商务住宅;住宅区;住宅小区",
        "district": "武侯区",
        "weight": 3
      }
    },
    {
      "type": "Feature",
      "geometry": {
        "type": "Point",
        "coordinates": [
          103.994276,
          30.626608
        ]
      },
      "properties": {
        "name": "双楠尚品广场·满园春",
        "category": "residential",
        "type": "商务住宅;住宅区;住宅小区",
        "district": "武侯区",
        "weight": 1
      }
    },
    {
      "type": "Feature",
      "geometry": {
        "type": "Point",
        "coordinates": [
          103.995496,
          30.626881
        ]
      },
      "properties": {
        "name": "华宇静苑2期",
        "category": "residential",
        "type": "商务住宅;住宅区;住宅区",
        "district": "武侯区",
        "weight": 1
      }
    },
    {
      "type": "Feature",
      "geometry": {
        "type": "Point",
        "coordinates": [
          103.999084,
          30.629495
        ]
      },
      "properties": {
        "name": "顺江锦苑(顺江七组)拆迁安置房",
        "category": "residential",
        "type": "商务住宅;住宅区;住宅区",
        "district": "武侯区",
        "weight": 1
      }
    },
    {
      "type": "Feature",
      "geometry": {
        "type": "Point",
        "coordinates": [
          104.011124,
          30.625701
        ]
      },
      "properties": {
        "name": "五七〇一厂社区",
        "category": "residential",
        "type": "商务住宅;住宅区;住宅小区",
        "district": "武侯区",
        "weight": 1
      }
    },
    {
      "type": "Feature",
      "geometry": {
        "type": "Point",
        "coordinates": [
          104.005296,
          30.625896
        ]
      },
      "properties": {
        "name": "锦翠南苑",
        "category": "residential",
        "type": "商务住宅;住宅区;住宅区",
        "district": "武侯区",
        "weight": 1
      }
    },
    {
      "type": "Feature",
      "geometry": {
        "type": "Point",
        "coordinates": [
          104.005118,
          30.621902
        ]
      },
      "properties": {
        "name": "三期小区",
        "category": "residential",
        "type": "商务住宅;住宅区;住宅小区",
        "district": "武侯区",
        "weight": 2
      }
    },
    {
      "type": "Feature",
      "geometry": {
        "type": "Point",
        "coordinates": [
          104.004466,
          30.626882
        ]
      },
      "properties": {
        "name": "锦翠花园(南苑)",
        "category": "residential",
        "type": "商务住宅;住宅区;住宅小区",
        "district": "武侯区",
        "weight": 1
      }
    },
    {
      "type": "Feature",
      "geometry": {
        "type": "Point",
        "coordinates": [
          104.007844,
          30.619774
        ]
      },
      "properties": {
        "name": "八益家具城三期宿舍",
        "category": "residential",
        "type": "商务住宅;住宅区;住宅小区",
        "district": "武侯区",
        "weight": 1
      }
    },
    {
      "type": "Feature",
      "geometry": {
        "type": "Point",
        "coordinates": [
          104.009744,
          30.619772
        ]
      },
      "properties": {
        "name": "美好家园",
        "category": "residential",
        "type": "商务住宅;住宅区;住宅小区",
        "district": "武侯区",
        "weight": 1
      }
    },
    {
      "type": "Feature",
      "geometry": {
        "type": "Point",
        "coordinates": [
          104.013425,
          30.628588
        ]
      },
      "properties": {
        "name": "新界4期",
        "category": "residential",
        "type": "商务住宅;住宅区;住宅小区",
        "district": "武侯区",
        "weight": 1
      }
    },
    {
      "type": "Feature",
      "geometry": {
        "type": "Point",
        "coordinates": [
          104.018506,
          30.625568
        ]
      },
      "properties": {
        "name": "天邑华庭",
        "category": "residential",
        "type": "商务住宅;住宅区;住宅小区",
        "district": "武侯区",
        "weight": 1
      }
    },
    {
      "type": "Feature",
      "geometry": {
        "type": "Point",
        "coordinates": [
          104.02068,
          30.626852
        ]
      },
      "properties": {
        "name": "下一站都市",
        "category": "residential",
        "type": "商务住宅;住宅区;住宅小区",
        "district": "武侯区",
        "weight": 1
      }
    },
    {
      "type": "Feature",
      "geometry": {
        "type": "Point",
        "coordinates": [
          104.016444,
          30.622081
        ]
      },
      "properties": {
        "name": "南桥村九组33号",
        "category": "residential",
        "type": "商务住宅;住宅区;住宅区",
        "district": "武侯区",
        "weight": 2
      }
    },
    {
      "type": "Feature",
      "geometry": {
        "type": "Point",
        "coordinates": [
          104.0222,
          30.625215
        ]
      },
      "properties": {
        "name": "交大·归谷国际住区",
        "category": "residential",
        "type": "商务住宅;住宅区;住宅小区",
        "district": "武侯区",
        "weight": 1
      }
    },
    {
      "type": "Feature",
      "geometry": {
        "type": "Point",
        "coordinates": [
          104.023524,
          30.626759
        ]
      },
      "properties": {
        "name": "核桃小区",
        "category": "residential",
        "type": "商务住宅;住宅区;住宅小区",
        "district": "武侯区",
        "weight": 2
      }
    },
    {
      "type": "Feature",
      "geometry": {
        "type": "Point",
        "coordinates": [
          104.021648,
          30.628419
        ]
      },
      "properties": {
        "name": "富临美丽天城",
        "category": "residential",
        "type": "商务住宅;住宅区;住宅小区",
        "district": "武侯区",
        "weight": 1
      }
    },
    {
      "type": "Feature",
      "geometry": {
        "type": "Point",
        "coordinates": [
          104.029209,
          30.62346
        ]
      },
      "properties": {
        "name": "置信丽都花园丽府",
        "category": "residential",
        "type": "商务住宅;住宅区;住宅小区",
        "district": "武侯区",
        "weight": 1
      }
    },
    {
      "type": "Feature",
      "geometry": {
        "type": "Point",
        "coordinates": [
          104.030139,
          30.624862
        ]
      },
      "properties": {
        "name": "花样年华",
        "category": "residential",
        "type": "商务住宅;住宅区;住宅小区",
        "district": "武侯区",
        "weight": 2
      }
    },
    {
      "type": "Feature",
      "geometry": {
        "type": "Point",
        "coordinates": [
          104.027358,
          30.624986
        ]
      },
      "properties": {
        "name": "丽都帝景",
        "category": "residential",
        "type": "商务住宅;住宅区;住宅小区",
        "district": "武侯区",
        "weight": 1
      }
    },
    {
      "type": "Feature",
      "geometry": {
        "type": "Point",
        "coordinates": [
          104.028354,
          30.625838
        ]
      },
      "properties": {
        "name": "维港",
        "category": "residential",
        "type": "商务住宅;住宅区;住宅小区",
        "district": "武侯区",
        "weight": 1
      }
    },
    {
      "type": "Feature",
      "geometry": {
        "type": "Point",
        "coordinates": [
          104.029465,
          30.626827
        ]
      },
      "properties": {
        "name": "杰座",
        "category": "residential",
        "type": "商务住宅;住宅区;住宅小区",
        "district": "武侯区",
        "weight": 1
      }
    },
    {
      "type": "Feature",
      "geometry": {
        "type": "Point",
        "coordinates": [
          104.026797,
          30.626594
        ]
      },
      "properties": {
        "name": "丽都首府",
        "category": "residential",
        "type": "商务住宅;住宅区;住宅小区",
        "district": "武侯区",
        "weight": 1
      }
    },
    {
      "type": "Feature",
      "geometry": {
        "type": "Point",
        "coordinates": [
          104.025742,
          30.623031
        ]
      },
      "properties": {
        "name": "中环丰锦",
        "category": "residential",
        "type": "商务住宅;住宅区;住宅小区",
        "district": "武侯区",
        "weight": 1
      }
    },
    {
      "type": "Feature",
      "geometry": {
        "type": "Point",
        "coordinates": [
          104.027916,
          30.62737
        ]
      },
      "properties": {
        "name": "长益商业寓所",
        "category": "residential",
        "type": "商务住宅;住宅区;住宅小区",
        "district": "武侯区",
        "weight": 1
      }
    },
    {
      "type": "Feature",
      "geometry": {
        "type": "Point",
        "coordinates": [
          104.0289,
          30.621506
        ]
      },
      "properties": {
        "name": "远雄风华苑",
        "category": "residential",
        "type": "商务住宅;住宅区;住宅小区",
        "district": "武侯区",
        "weight": 1
      }
    },
    {
      "type": "Feature",
      "geometry": {
        "type": "Point",
        "coordinates": [
          104.029598,
          30.628358
        ]
      },
      "properties": {
        "name": "幸福时光",
        "category": "residential",
        "type": "商务住宅;住宅区;住宅小区",
        "district": "武侯区",
        "weight": 2
      }
    },
    {
      "type": "Feature",
      "geometry": {
        "type": "Point",
        "coordinates": [
          104.031473,
          30.627397
        ]
      },
      "properties": {
        "name": "丽都花园D区",
        "category": "residential",
        "type": "商务住宅;住宅区;住宅小区",
        "district": "武侯区",
        "weight": 1
      }
    },
    {
      "type": "Feature",
      "geometry": {
        "type": "Point",
        "coordinates": [
          104.024619,
          30.626194
        ]
      },
      "properties": {
        "name": "交大格外",
        "category": "residential",
        "type": "商务住宅;住宅区;住宅小区",
        "district": "武侯区",
        "weight": 1
      }
    },
    {
      "type": "Feature",
      "geometry": {
        "type": "Point",
        "coordinates": [
          104.025385,
          30.627111
        ]
      },
      "properties": {
        "name": "丽都世家",
        "category": "residential",
        "type": "商务住宅;住宅区;住宅区",
        "district": "武侯区",
        "weight": 1
      }
    },
    {
      "type": "Feature",
      "geometry": {
        "type": "Point",
        "coordinates": [
          104.026027,
          30.628051
        ]
      },
      "properties": {
        "name": "长城祥苑",
        "category": "residential",
        "type": "商务住宅;住宅区;住宅小区",
        "district": "武侯区",
        "weight": 2
      }
    },
    {
      "type": "Feature",
      "geometry": {
        "type": "Point",
        "coordinates": [
          104.028388,
          30.628976
        ]
      },
      "properties": {
        "name": "丽都花园CB区",
        "category": "residential",
        "type": "商务住宅;住宅区;住宅小区",
        "district": "武侯区",
        "weight": 1
      }
    },
    {
      "type": "Feature",
      "geometry": {
        "type": "Point",
        "coordinates": [
          104.026245,
          30.629438
        ]
      },
      "properties": {
        "name": "新联·楠贵坊",
        "category": "residential",
        "type": "商务住宅;住宅区;住宅小区",
        "district": "武侯区",
        "weight": 1
      }
    },
    {
      "type": "Feature",
      "geometry": {
        "type": "Point",
        "coordinates": [
          104.032269,
          30.628863
        ]
      },
      "properties": {
        "name": "中粮·香榭丽都",
        "category": "residential",
        "type": "商务住宅;住宅区;住宅小区",
        "district": "武侯区",
        "weight": 1
      }
    },
    {
      "type": "Feature",
      "geometry": {
        "type": "Point",
        "coordinates": [
          104.024662,
          30.629036
        ]
      },
      "properties": {
        "name": "红城",
        "category": "residential",
        "type": "商务住宅;住宅区;住宅小区",
        "district": "武侯区",
        "weight": 1
      }
    },
    {
      "type": "Feature",
      "geometry": {
        "type": "Point",
        "coordinates": [
          104.041776,
          30.623066
        ]
      },
      "properties": {
        "name": "金叶苑",
        "category": "residential",
        "type": "商务住宅;住宅区;住宅小区",
        "district": "武侯区",
        "weight": 4
      }
    },
    {
      "type": "Feature",
      "geometry": {
        "type": "Point",
        "coordinates": [
          104.04065,
          30.621329
        ]
      },
      "properties": {
        "name": "神仙树大院1期",
        "category": "residential",
        "type": "商务住宅;住宅区;住宅小区",
        "district": "武侯区",
        "weight": 1
      }
    },
    {
      "type": "Feature",
      "geometry": {
        "type": "Point",
        "coordinates": [
          104.04286,
          30.625029
        ]
      },
      "properties": {
        "name": "紫荆岁月",
        "category": "residential",
        "type": "商务住宅;住宅区;住宅小区",
        "district": "武侯区",
        "weight": 1
      }
    },
    {
      "type": "Feature",
      "geometry": {
        "type": "Point",
        "coordinates": [
          104.043543,
          30.62435
        ]
      },
      "properties": {
        "name": "地奥公寓",
        "category": "residential",
        "type": "商务住宅;住宅区;住宅小区",
        "district": "武侯区",
        "weight": 3
      }
    },
    {
      "type": "Feature",
      "geometry": {
        "type": "Point",
        "coordinates": [
          104.043462,
          30.621424
        ]
      },
      "properties": {
        "name": "紫馨苑",
        "category": "residential",
        "type": "商务住宅;住宅区;住宅小区",
        "district": "武侯区",
        "weight": 5
      }
    },
    {
      "type": "Feature",
      "geometry": {
        "type": "Point",
        "coordinates": [
          104.048116,
          30.625072
        ]
      },
      "properties": {
        "name": "南门一号",
        "category": "residential",
        "type": "商务住宅;住宅区;住宅小区",
        "district": "武侯区",
        "weight": 2
      }
    },
    {
      "type": "Feature",
      "geometry": {
        "type": "Point",
        "coordinates": [
          104.048187,
          30.623485
        ]
      },
      "properties": {
        "name": "经典嘉苑",
        "category": "residential",
        "type": "商务住宅;住宅区;住宅小区",
        "district": "武侯区",
        "weight": 1
      }
    },
    {
      "type": "Feature",
      "geometry": {
        "type": "Point",
        "coordinates": [
          104.046439,
          30.624668
        ]
      },
      "properties": {
        "name": "元通一巷小区",
        "category": "residential",
        "type": "商务住宅;住宅区;住宅小区",
        "district": "武侯区",
        "weight": 2
      }
    },
    {
      "type": "Feature",
      "geometry": {
        "type": "Point",
        "coordinates": [
          104.04934,
          30.622382
        ]
      },
      "properties": {
        "name": "紫荆社区",
        "category": "residential",
        "type": "商务住宅;住宅区;住宅小区",
        "district": "武侯区",
        "weight": 2
      }
    },
    {
      "type": "Feature",
      "geometry": {
        "type": "Point",
        "coordinates": [
          104.05069,
          30.622436
        ]
      },
      "properties": {
        "name": "城市印象",
        "category": "residential",
        "type": "商务住宅;住宅区;住宅小区",
        "district": "武侯区",
        "weight": 2
      }
    },
    {
      "type": "Feature",
      "geometry": {
        "type": "Point",
        "coordinates": [
          104.046756,
          30.622238
        ]
      },
      "properties": {
        "name": "威廉古堡别墅聚会",
        "category": "residential",
        "type": "商务住宅;住宅区;住宅区",
        "district": "武侯区",
        "weight": 1
      }
    },
    {
      "type": "Feature",
      "geometry": {
        "type": "Point",
        "coordinates": [
          104.045672,
          30.626114
        ]
      },
      "properties": {
        "name": "瑞升南园",
        "category": "residential",
        "type": "商务住宅;住宅区;住宅小区",
        "district": "武侯区",
        "weight": 1
      }
    },
    {
      "type": "Feature",
      "geometry": {
        "type": "Point",
        "coordinates": [
          104.046695,
          30.627062
        ]
      },
      "properties": {
        "name": "牡丹御园",
        "category": "residential",
        "type": "商务住宅;住宅区;住宅小区",
        "district": "武侯区",
        "weight": 1
      }
    },
    {
      "type": "Feature",
      "geometry": {
        "type": "Point",
        "coordinates": [
          104.045173,
          30.622799
        ]
      },
      "properties": {
        "name": "金竹苑",
        "category": "residential",
        "type": "商务住宅;住宅区;住宅小区",
        "district": "武侯区",
        "weight": 4
      }
    },
    {
      "type": "Feature",
      "geometry": {
        "type": "Point",
        "coordinates": [
          104.049228,
          30.628052
        ]
      },
      "properties": {
        "name": "三九雅园",
        "category": "residential",
        "type": "商务住宅;住宅区;住宅小区",
        "district": "武侯区",
        "weight": 3
      }
    },
    {
      "type": "Feature",
      "geometry": {
        "type": "Point",
        "coordinates": [
          104.047125,
          30.62025
        ]
      },
      "properties": {
        "name": "普天小区",
        "category": "residential",
        "type": "商务住宅;住宅区;住宅小区",
        "district": "武侯区",
        "weight": 6
      }
    },
    {
      "type": "Feature",
      "geometry": {
        "type": "Point",
        "coordinates": [
          104.047809,
          30.628051
        ]
      },
      "properties": {
        "name": "瑞升花园(瑞升北街)",
        "category": "residential",
        "type": "商务住宅;住宅区;住宅小区",
        "district": "武侯区",
        "weight": 1
      }
    },
    {
      "type": "Feature",
      "geometry": {
        "type": "Point",
        "coordinates": [
          104.049388,
          30.620185
        ]
      },
      "properties": {
        "name": "紫瑞苑",
        "category": "residential",
        "type": "商务住宅;住宅区;住宅小区",
        "district": "武侯区",
        "weight": 6
      }
    },
    {
      "type": "Feature",
      "geometry": {
        "type": "Point",
        "coordinates": [
          104.052001,
          30.627848
        ]
      },
      "properties": {
        "name": "美舍",
        "category": "residential",
        "type": "商务住宅;住宅区;住宅小区",
        "district": "武侯区",
        "weight": 5
      }
    },
    {
      "type": "Feature",
      "geometry": {
        "type": "Point",
        "coordinates": [
          104.044213,
          30.625829
        ]
      },
      "properties": {
        "name": "新丰园",
        "category": "residential",
        "type": "商务住宅;住宅区;住宅小区",
        "district": "武侯区",
        "weight": 5
      }
    },
    {
      "type": "Feature",
      "geometry": {
        "type": "Point",
        "coordinates": [
          104.046758,
          30.628588
        ]
      },
      "properties": {
        "name": "名人苑",
        "category": "residential",
        "type": "商务住宅;住宅区;住宅小区",
        "district": "武侯区",
        "weight": 2
      }
    },
    {
      "type": "Feature",
      "geometry": {
        "type": "Point",
        "coordinates": [
          104.049998,
          30.629357
        ]
      },
      "properties": {
        "name": "芳草街47号院",
        "category": "residential",
        "type": "商务住宅;住宅区;住宅小区",
        "district": "武侯区",
        "weight": 1
      }
    },
    {
      "type": "Feature",
      "geometry": {
        "type": "Point",
        "coordinates": [
          104.059504,
          30.625544
        ]
      },
      "properties": {
        "name": "玉苑",
        "category": "residential",
        "type": "商务住宅;住宅区;住宅小区",
        "district": "武侯区",
        "weight": 8
      }
    },
    {
      "type": "Feature",
      "geometry": {
        "type": "Point",
        "coordinates": [
          104.05767,
          30.62312
        ]
      },
      "properties": {
        "name": "玉林人家",
        "category": "residential",
        "type": "商务住宅;住宅区;住宅小区",
        "district": "武侯区",
        "weight": 2
      }
    },
    {
      "type": "Feature",
      "geometry": {
        "type": "Point",
        "coordinates": [
          104.055243,
          30.623574
        ]
      },
      "properties": {
        "name": "嘉信花园",
        "category": "residential",
        "type": "商务住宅;住宅区;住宅小区",
        "district": "武侯区",
        "weight": 5
      }
    },
    {
      "type": "Feature",
      "geometry": {
        "type": "Point",
        "coordinates": [
          104.060471,
          30.620999
        ]
      },
      "properties": {
        "name": "中华园华苑",
        "category": "residential",
        "type": "商务住宅;住宅区;住宅小区",
        "district": "武侯区",
        "weight": 6
      }
    },
    {
      "type": "Feature",
      "geometry": {
        "type": "Point",
        "coordinates": [
          104.059013,
          30.628126
        ]
      },
      "properties": {
        "name": "和苑(玉林横街)",
        "category": "residential",
        "type": "商务住宅;住宅区;住宅小区",
        "district": "武侯区",
        "weight": 2
      }
    },
    {
      "type": "Feature",
      "geometry": {
        "type": "Point",
        "coordinates": [
          104.06263,
          30.625315
        ]
      },
      "properties": {
        "name": "化八院",
        "category": "residential",
        "type": "商务住宅;住宅区;住宅区",
        "district": "武侯区",
        "weight": 3
      }
    },
    {
      "type": "Feature",
      "geometry": {
        "type": "Point",
        "coordinates": [
          104.063314,
          30.623527
        ]
      },
      "properties": {
        "name": "人民南路四段36号院",
        "category": "residential",
        "type": "商务住宅;住宅区;住宅区",
        "district": "武侯区",
        "weight": 1
      }
    },
    {
      "type": "Feature",
      "geometry": {
        "type": "Point",
        "coordinates": [
          104.056376,
          30.619885
        ]
      },
      "properties": {
        "name": "观南上域瑞苑",
        "category": "residential",
        "type": "商务住宅;住宅区;住宅小区",
        "district": "武侯区",
        "weight": 1
      }
    },
    {
      "type": "Feature",
      "geometry": {
        "type": "Point",
        "coordinates": [
          104.062932,
          30.62757
        ]
      },
      "properties": {
        "name": "梅花苑(倪家桥路)",
        "category": "residential",
        "type": "商务住宅;住宅区;住宅小区",
        "district": "武侯区",
        "weight": 1
      }
    },
    {
      "type": "Feature",
      "geometry": {
        "type": "Point",
        "coordinates": [
          104.070084,
          30.624832
        ]
      },
      "properties": {
        "name": "馨兰苑",
        "category": "residential",
        "type": "商务住宅;住宅区;住宅小区",
        "district": "武侯区",
        "weight": 8
      }
    },
    {
      "type": "Feature",
      "geometry": {
        "type": "Point",
        "coordinates": [
          104.06737,
          30.624064
        ]
      },
      "properties": {
        "name": "首航欣程",
        "category": "residential",
        "type": "商务住宅;住宅区;住宅小区",
        "district": "武侯区",
        "weight": 1
      }
    },
    {
      "type": "Feature",
      "geometry": {
        "type": "Point",
        "coordinates": [
          104.067347,
          30.62548
        ]
      },
      "properties": {
        "name": "棕南公寓",
        "category": "residential",
        "type": "商务住宅;住宅区;住宅小区",
        "district": "武侯区",
        "weight": 1
      }
    },
    {
      "type": "Feature",
      "geometry": {
        "type": "Point",
        "coordinates": [
          104.065677,
          30.624957
        ]
      },
      "properties": {
        "name": "翠鸣苑",
        "category": "residential",
        "type": "商务住宅;住宅区;住宅区",
        "district": "武侯区",
        "weight": 16
      }
    },
    {
      "type": "Feature",
      "geometry": {
        "type": "Point",
        "coordinates": [
          104.070727,
          30.626499
        ]
      },
      "properties": {
        "name": "雅兰苑",
        "category": "residential",
        "type": "商务住宅;住宅区;住宅小区",
        "district": "武侯区",
        "weight": 3
      }
    },
    {
      "type": "Feature",
      "geometry": {
        "type": "Point",
        "coordinates": [
          104.071493,
          30.623191
        ]
      },
      "properties": {
        "name": "阳光花园(棕南正街)",
        "category": "residential",
        "type": "商务住宅;住宅区;住宅小区",
        "district": "武侯区",
        "weight": 1
      }
    },
    {
      "type": "Feature",
      "geometry": {
        "type": "Point",
        "coordinates": [
          104.067834,
          30.621185
        ]
      },
      "properties": {
        "name": "锦官新城西区",
        "category": "residential",
        "type": "商务住宅;住宅区;住宅小区",
        "district": "武侯区",
        "weight": 1
      }
    },
    {
      "type": "Feature",
      "geometry": {
        "type": "Point",
        "coordinates": [
          104.072935,
          30.624548
        ]
      },
      "properties": {
        "name": "翠兰苑",
        "category": "residential",
        "type": "商务住宅;住宅区;住宅小区",
        "district": "武侯区",
        "weight": 13
      }
    },
    {
      "type": "Feature",
      "geometry": {
        "type": "Point",
        "coordinates": [
          104.072583,
          30.626484
        ]
      },
      "properties": {
        "name": "科华街小区",
        "category": "residential",
        "type": "商务住宅;住宅区;住宅小区",
        "district": "武侯区",
        "weight": 2
      }
    },
    {
      "type": "Feature",
      "geometry": {
        "type": "Point",
        "coordinates": [
          104.070085,
          30.628251
        ]
      },
      "properties": {
        "name": "秀苑(锦绣街)",
        "category": "residential",
        "type": "商务住宅;住宅区;住宅小区",
        "district": "武侯区",
        "weight": 1
      }
    },
    {
      "type": "Feature",
      "geometry": {
        "type": "Point",
        "coordinates": [
          104.07124,
          30.620714
        ]
      },
      "properties": {
        "name": "锦官新城东区",
        "category": "residential",
        "type": "商务住宅;住宅区;住宅小区",
        "district": "武侯区",
        "weight": 1
      }
    },
    {
      "type": "Feature",
      "geometry": {
        "type": "Point",
        "coordinates": [
          104.069819,
          30.620003
        ]
      },
      "properties": {
        "name": "龙珠园",
        "category": "residential",
        "type": "商务住宅;住宅区;住宅区",
        "district": "武侯区",
        "weight": 1
      }
    },
    {
      "type": "Feature",
      "geometry": {
        "type": "Point",
        "coordinates": [
          104.07189,
          30.627944
        ]
      },
      "properties": {
        "name": "棕北国际",
        "category": "residential",
        "type": "商务住宅;住宅区;住宅小区",
        "district": "武侯区",
        "weight": 2
      }
    },
    {
      "type": "Feature",
      "geometry": {
        "type": "Point",
        "coordinates": [
          104.079845,
          30.624111
        ]
      },
      "properties": {
        "name": "中新楼",
        "category": "residential",
        "type": "商务住宅;住宅区;住宅小区",
        "district": "武侯区",
        "weight": 18
      }
    },
    {
      "type": "Feature",
      "geometry": {
        "type": "Point",
        "coordinates": [
          104.076346,
          30.625222
        ]
      },
      "properties": {
        "name": "川大花园南园",
        "category": "residential",
        "type": "商务住宅;住宅区;住宅小区",
        "district": "武侯区",
        "weight": 1
      }
    },
    {
      "type": "Feature",
      "geometry": {
        "type": "Point",
        "coordinates": [
          104.076538,
          30.626426
        ]
      },
      "properties": {
        "name": "川大花园",
        "category": "residential",
        "type": "商务住宅;住宅区;住宅小区",
        "district": "武侯区",
        "weight": 2
      }
    },
    {
      "type": "Feature",
      "geometry": {
        "type": "Point",
        "coordinates": [
          104.075702,
          30.623378
        ]
      },
      "properties": {
        "name": "棕榈花园",
        "category": "residential",
        "type": "商务住宅;住宅区;住宅小区",
        "district": "武侯区",
        "weight": 1
      }
    },
    {
      "type": "Feature",
      "geometry": {
        "type": "Point",
        "coordinates": [
          104.081465,
          30.625881
        ]
      },
      "properties": {
        "name": "望江澜庭",
        "category": "residential",
        "type": "商务住宅;住宅区;住宅小区",
        "district": "武侯区",
        "weight": 1
      }
    },
    {
      "type": "Feature",
      "geometry": {
        "type": "Point",
        "coordinates": [
          104.07489,
          30.624195
        ]
      },
      "properties": {
        "name": "棕南苑",
        "category": "residential",
        "type": "商务住宅;住宅区;住宅小区",
        "district": "武侯区",
        "weight": 1
      }
    },
    {
      "type": "Feature",
      "geometry": {
        "type": "Point",
        "coordinates": [
          104.080496,
          30.627749
        ]
      },
      "properties": {
        "name": "棕东小区",
        "category": "residential",
        "type": "商务住宅;住宅区;住宅小区",
        "district": "武侯区",
        "weight": 13
      }
    },
    {
      "type": "Feature",
      "geometry": {
        "type": "Point",
        "coordinates": [
          104.077353,
          30.628165
        ]
      },
      "properties": {
        "name": "南园职工住宅区",
        "category": "residential",
        "type": "商务住宅;住宅区;住宅小区",
        "district": "武侯区",
        "weight": 2
      }
    },
    {
      "type": "Feature",
      "geometry": {
        "type": "Point",
        "coordinates": [
          104.077409,
          30.62057
        ]
      },
      "properties": {
        "name": "绿地中央广场",
        "category": "residential",
        "type": "商务住宅;住宅区;住宅小区",
        "district": "武侯区",
        "weight": 2
      }
    },
    {
      "type": "Feature",
      "geometry": {
        "type": "Point",
        "coordinates": [
          104.083117,
          30.623871
        ]
      },
      "properties": {
        "name": "时代经典",
        "category": "residential",
        "type": "商务住宅;住宅区;住宅区",
        "district": "锦江区",
        "weight": 2
      }
    },
    {
      "type": "Feature",
      "geometry": {
        "type": "Point",
        "coordinates": [
          104.073959,
          30.623398
        ]
      },
      "properties": {
        "name": "花样年华梦想家",
        "category": "residential",
        "type": "商务住宅;住宅区;住宅小区",
        "district": "武侯区",
        "weight": 2
      }
    },
    {
      "type": "Feature",
      "geometry": {
        "type": "Point",
        "coordinates": [
          104.083532,
          30.62521
        ]
      },
      "properties": {
        "name": "锦江·东湖花园",
        "category": "residential",
        "type": "商务住宅;住宅区;住宅小区",
        "district": "锦江区",
        "weight": 2
      }
    },
    {
      "type": "Feature",
      "geometry": {
        "type": "Point",
        "coordinates": [
          104.081611,
          30.620988
        ]
      },
      "properties": {
        "name": "白云小区",
        "category": "residential",
        "type": "商务住宅;住宅区;住宅小区",
        "district": "武侯区",
        "weight": 1
      }
    },
    {
      "type": "Feature",
      "geometry": {
        "type": "Point",
        "coordinates": [
          104.074826,
          30.621371
        ]
      },
      "properties": {
        "name": "绿地景都",
        "category": "residential",
        "type": "商务住宅;住宅区;住宅小区",
        "district": "武侯区",
        "weight": 1
      }
    },
    {
      "type": "Feature",
      "geometry": {
        "type": "Point",
        "coordinates": [
          104.082296,
          30.627702
        ]
      },
      "properties": {
        "name": "纯真年代",
        "category": "residential",
        "type": "商务住宅;住宅区;住宅小区",
        "district": "武侯区",
        "weight": 1
      }
    },
    {
      "type": "Feature",
      "geometry": {
        "type": "Point",
        "coordinates": [
          104.081718,
          30.62889
        ]
      },
      "properties": {
        "name": "竹林村职工住宅区",
        "category": "residential",
        "type": "商务住宅;住宅区;住宅小区",
        "district": "武侯区",
        "weight": 1
      }
    },
    {
      "type": "Feature",
      "geometry": {
        "type": "Point",
        "coordinates": [
          104.08852,
          30.623666
        ]
      },
      "properties": {
        "name": "摩玛城",
        "category": "residential",
        "type": "商务住宅;住宅区;住宅小区",
        "district": "锦江区",
        "weight": 1
      }
    },
    {
      "type": "Feature",
      "geometry": {
        "type": "Point",
        "coordinates": [
          104.089294,
          30.624909
        ]
      },
      "properties": {
        "name": "瑞升·望江橡树林南院",
        "category": "residential",
        "type": "商务住宅;住宅区;住宅小区",
        "district": "锦江区",
        "weight": 1
      }
    },
    {
      "type": "Feature",
      "geometry": {
        "type": "Point",
        "coordinates": [
          104.088835,
          30.62273
        ]
      },
      "properties": {
        "name": "华润翡翠城",
        "category": "residential",
        "type": "商务住宅;住宅区;住宅区",
        "district": "锦江区",
        "weight": 1
      }
    },
    {
      "type": "Feature",
      "geometry": {
        "type": "Point",
        "coordinates": [
          104.085924,
          30.625
        ]
      },
      "properties": {
        "name": "国信滨河雅居",
        "category": "residential",
        "type": "商务住宅;住宅区;住宅小区",
        "district": "锦江区",
        "weight": 1
      }
    },
    {
      "type": "Feature",
      "geometry": {
        "type": "Point",
        "coordinates": [
          104.089992,
          30.626652
        ]
      },
      "properties": {
        "name": "望江橡树林2期",
        "category": "residential",
        "type": "商务住宅;住宅区;住宅区",
        "district": "锦江区",
        "weight": 2
      }
    },
    {
      "type": "Feature",
      "geometry": {
        "type": "Point",
        "coordinates": [
          104.091632,
          30.624002
        ]
      },
      "properties": {
        "name": "瑞升望江橡树林3期",
        "category": "residential",
        "type": "商务住宅;住宅区;住宅小区",
        "district": "锦江区",
        "weight": 2
      }
    },
    {
      "type": "Feature",
      "geometry": {
        "type": "Point",
        "coordinates": [
          104.086044,
          30.627277
        ]
      },
      "properties": {
        "name": "河滨印象(河滨路)",
        "category": "residential",
        "type": "商务住宅;住宅区;住宅小区",
        "district": "锦江区",
        "weight": 1
      }
    },
    {
      "type": "Feature",
      "geometry": {
        "type": "Point",
        "coordinates": [
          104.092396,
          30.626242
        ]
      },
      "properties": {
        "name": "锦洲花园",
        "category": "residential",
        "type": "商务住宅;住宅区;住宅小区",
        "district": "锦江区",
        "weight": 1
      }
    },
    {
      "type": "Feature",
      "geometry": {
        "type": "Point",
        "coordinates": [
          104.091157,
          30.6205
        ]
      },
      "properties": {
        "name": "中港ccpark一期(建设中)",
        "category": "residential",
        "type": "商务住宅;住宅区;住宅小区",
        "district": "锦江区",
        "weight": 1
      }
    },
    {
      "type": "Feature",
      "geometry": {
        "type": "Point",
        "coordinates": [
          104.093467,
          30.620574
        ]
      },
      "properties": {
        "name": "中港CC Park二期(建设中)",
        "category": "residential",
        "type": "商务住宅;住宅区;住宅小区",
        "district": "锦江区",
        "weight": 1
      }
    },
    {
      "type": "Feature",
      "geometry": {
        "type": "Point",
        "coordinates": [
          104.099595,
          30.62529
        ]
      },
      "properties": {
        "name": "顺兴苑",
        "category": "residential",
        "type": "商务住宅;住宅区;住宅小区",
        "district": "锦江区",
        "weight": 8
      }
    },
    {
      "type": "Feature",
      "geometry": {
        "type": "Point",
        "coordinates": [
          104.098816,
          30.623672
        ]
      },
      "properties": {
        "name": "静居嘉苑",
        "category": "residential",
        "type": "商务住宅;住宅区;住宅小区",
        "district": "锦江区",
        "weight": 1
      }
    },
    {
      "type": "Feature",
      "geometry": {
        "type": "Point",
        "coordinates": [
          104.098017,
          30.626002
        ]
      },
      "properties": {
        "name": "永兴社区6号苑",
        "category": "residential",
        "type": "商务住宅;住宅区;住宅小区",
        "district": "锦江区",
        "weight": 1
      }
    },
    {
      "type": "Feature",
      "geometry": {
        "type": "Point",
        "coordinates": [
          104.096301,
          30.625731
        ]
      },
      "properties": {
        "name": "新港湾",
        "category": "residential",
        "type": "商务住宅;住宅区;住宅小区",
        "district": "锦江区",
        "weight": 4
      }
    },
    {
      "type": "Feature",
      "geometry": {
        "type": "Point",
        "coordinates": [
          104.096299,
          30.623627
        ]
      },
      "properties": {
        "name": "汇丽汀香",
        "category": "residential",
        "type": "商务住宅;住宅区;住宅小区",
        "district": "锦江区",
        "weight": 1
      }
    },
    {
      "type": "Feature",
      "geometry": {
        "type": "Point",
        "coordinates": [
          104.098878,
          30.62193
        ]
      },
      "properties": {
        "name": "青房·云上西区",
        "category": "residential",
        "type": "商务住宅;住宅区;住宅小区",
        "district": "锦江区",
        "weight": 2
      }
    },
    {
      "type": "Feature",
      "geometry": {
        "type": "Point",
        "coordinates": [
          104.096764,
          30.622486
        ]
      },
      "properties": {
        "name": "东兴苑",
        "category": "residential",
        "type": "商务住宅;住宅区;住宅小区",
        "district": "锦江区",
        "weight": 1
      }
    },
    {
      "type": "Feature",
      "geometry": {
        "type": "Point",
        "coordinates": [
          104.100471,
          30.622563
        ]
      },
      "properties": {
        "name": "青房·云上",
        "category": "residential",
        "type": "商务住宅;住宅区;住宅小区",
        "district": "锦江区",
        "weight": 1
      }
    },
    {
      "type": "Feature",
      "geometry": {
        "type": "Point",
        "coordinates": [
          104.095416,
          30.627944
        ]
      },
      "properties": {
        "name": "东城叠苑",
        "category": "residential",
        "type": "商务住宅;住宅区;住宅小区",
        "district": "锦江区",
        "weight": 15
      }
    },
    {
      "type": "Feature",
      "geometry": {
        "type": "Point",
        "coordinates": [
          104.096985,
          30.620378
        ]
      },
      "properties": {
        "name": "东怡社区",
        "category": "residential",
        "type": "商务住宅;住宅区;住宅小区",
        "district": "锦江区",
        "weight": 10
      }
    },
    {
      "type": "Feature",
      "geometry": {
        "type": "Point",
        "coordinates": [
          104.102892,
          30.622332
        ]
      },
      "properties": {
        "name": "明珠园3期",
        "category": "residential",
        "type": "商务住宅;住宅区;住宅小区",
        "district": "锦江区",
        "weight": 6
      }
    },
    {
      "type": "Feature",
      "geometry": {
        "type": "Point",
        "coordinates": [
          104.103046,
          30.624029
        ]
      },
      "properties": {
        "name": "东润风景",
        "category": "residential",
        "type": "商务住宅;住宅区;住宅小区",
        "district": "锦江区",
        "weight": 2
      }
    },
    {
      "type": "Feature",
      "geometry": {
        "type": "Point",
        "coordinates": [
          104.10051,
          30.620893
        ]
      },
      "properties": {
        "name": "东怡社区东区",
        "category": "residential",
        "type": "商务住宅;住宅区;住宅小区",
        "district": "锦江区",
        "weight": 1
      }
    },
    {
      "type": "Feature",
      "geometry": {
        "type": "Point",
        "coordinates": [
          104.101549,
          30.6214
        ]
      },
      "properties": {
        "name": "观音桥西路16号院",
        "category": "residential",
        "type": "商务住宅;住宅区;住宅小区",
        "district": "锦江区",
        "weight": 2
      }
    },
    {
      "type": "Feature",
      "geometry": {
        "type": "Point",
        "coordinates": [
          104.100221,
          30.628199
        ]
      },
      "properties": {
        "name": "上海东韵",
        "category": "residential",
        "type": "商务住宅;住宅区;住宅小区",
        "district": "锦江区",
        "weight": 2
      }
    },
    {
      "type": "Feature",
      "geometry": {
        "type": "Point",
        "coordinates": [
          104.103347,
          30.625159
        ]
      },
      "properties": {
        "name": "净居寺路18号院",
        "category": "residential",
        "type": "商务住宅;住宅区;住宅区",
        "district": "锦江区",
        "weight": 2
      }
    },
    {
      "type": "Feature",
      "geometry": {
        "type": "Point",
        "coordinates": [
          104.098616,
          30.619264
        ]
      },
      "properties": {
        "name": "沙河苑公寓",
        "category": "residential",
        "type": "商务住宅;住宅区;住宅小区",
        "district": "锦江区",
        "weight": 6
      }
    },
    {
      "type": "Feature",
      "geometry": {
        "type": "Point",
        "coordinates": [
          104.098834,
          30.629038
        ]
      },
      "properties": {
        "name": "成龙花园",
        "category": "residential",
        "type": "商务住宅;住宅区;住宅小区",
        "district": "锦江区",
        "weight": 1
      }
    },
    {
      "type": "Feature",
      "geometry": {
        "type": "Point",
        "coordinates": [
          104.097771,
          30.629209
        ]
      },
      "properties": {
        "name": "二环路东四段93号院",
        "category": "residential",
        "type": "商务住宅;住宅区;住宅小区",
        "district": "锦江区",
        "weight": 1
      }
    },
    {
      "type": "Feature",
      "geometry": {
        "type": "Point",
        "coordinates": [
          104.100974,
          30.619111
        ]
      },
      "properties": {
        "name": "锦东苑",
        "category": "residential",
        "type": "商务住宅;住宅区;住宅小区",
        "district": "锦江区",
        "weight": 8
      }
    },
    {
      "type": "Feature",
      "geometry": {
        "type": "Point",
        "coordinates": [
          104.108273,
          30.623769
        ]
      },
      "properties": {
        "name": "沙河绿洲",
        "category": "residential",
        "type": "商务住宅;住宅区;住宅小区",
        "district": "锦江区",
        "weight": 1
      }
    },
    {
      "type": "Feature",
      "geometry": {
        "type": "Point",
        "coordinates": [
          104.109887,
          30.624614
        ]
      },
      "properties": {
        "name": "望江锦园",
        "category": "residential",
        "type": "商务住宅;住宅区;住宅小区",
        "district": "锦江区",
        "weight": 1
      }
    },
    {
      "type": "Feature",
      "geometry": {
        "type": "Point",
        "coordinates": [
          104.108088,
          30.622569
        ]
      },
      "properties": {
        "name": "帕丽湾",
        "category": "residential",
        "type": "商务住宅;住宅区;住宅小区",
        "district": "锦江区",
        "weight": 2
      }
    },
    {
      "type": "Feature",
      "geometry": {
        "type": "Point",
        "coordinates": [
          104.105239,
          30.624548
        ]
      },
      "properties": {
        "name": "净居寺社区",
        "category": "residential",
        "type": "商务住宅;住宅区;住宅小区",
        "district": "锦江区",
        "weight": 2
      }
    },
    {
      "type": "Feature",
      "geometry": {
        "type": "Point",
        "coordinates": [
          104.104939,
          30.623155
        ]
      },
      "properties": {
        "name": "东润理想居",
        "category": "residential",
        "type": "商务住宅;住宅区;住宅区",
        "district": "锦江区",
        "weight": 1
      }
    },
    {
      "type": "Feature",
      "geometry": {
        "type": "Point",
        "coordinates": [
          104.104294,
          30.620431
        ]
      },
      "properties": {
        "name": "交大绿岭",
        "category": "residential",
        "type": "商务住宅;住宅区;住宅小区",
        "district": "锦江区",
        "weight": 12
      }
    },
    {
      "type": "Feature",
      "geometry": {
        "type": "Point",
        "coordinates": [
          104.106633,
          30.628566
        ]
      },
      "properties": {
        "name": "江东民居2区",
        "category": "residential",
        "type": "商务住宅;住宅区;住宅小区",
        "district": "锦江区",
        "weight": 2
      }
    },
    {
      "type": "Feature",
      "geometry": {
        "type": "Point",
        "coordinates": [
          104.112026,
          30.621208
        ]
      },
      "properties": {
        "name": "沙河壹号2期",
        "category": "residential",
        "type": "商务住宅;住宅区;住宅小区",
        "district": "锦江区",
        "weight": 2
      }
    },
    {
      "type": "Feature",
      "geometry": {
        "type": "Point",
        "coordinates": [
          104.110765,
          30.628414
        ]
      },
      "properties": {
        "name": "望江水岸",
        "category": "residential",
        "type": "商务住宅;住宅区;住宅小区",
        "district": "锦江区",
        "weight": 1
      }
    },
    {
      "type": "Feature",
      "geometry": {
        "type": "Point",
        "coordinates": [
          104.113343,
          30.626687
        ]
      },
      "properties": {
        "name": "花果新居1期",
        "category": "residential",
        "type": "商务住宅;住宅区;住宅小区",
        "district": "锦江区",
        "weight": 1
      }
    },
    {
      "type": "Feature",
      "geometry": {
        "type": "Point",
        "coordinates": [
          104.113026,
          30.628389
        ]
      },
      "properties": {
        "name": "望冮锦苑",
        "category": "residential",
        "type": "商务住宅;住宅区;住宅小区",
        "district": "锦江区",
        "weight": 1
      }
    },
    {
      "type": "Feature",
      "geometry": {
        "type": "Point",
        "coordinates": [
          104.112117,
          30.619613
        ]
      },
      "properties": {
        "name": "万科城市花园7期",
        "category": "residential",
        "type": "商务住宅;住宅区;住宅小区",
        "district": "锦江区",
        "weight": 1
      }
    },
    {
      "type": "Feature",
      "geometry": {
        "type": "Point",
        "coordinates": [
          104.115791,
          30.622807
        ]
      },
      "properties": {
        "name": "锦官阁(建设中)",
        "category": "residential",
        "type": "商务住宅;住宅区;住宅小区",
        "district": "锦江区",
        "weight": 1
      }
    },
    {
      "type": "Feature",
      "geometry": {
        "type": "Point",
        "coordinates": [
          104.115184,
          30.624838
        ]
      },
      "properties": {
        "name": "万科·金润华府",
        "category": "residential",
        "type": "商务住宅;住宅区;住宅小区",
        "district": "锦江区",
        "weight": 1
      }
    },
    {
      "type": "Feature",
      "geometry": {
        "type": "Point",
        "coordinates": [
          104.115617,
          30.6259
        ]
      },
      "properties": {
        "name": "静康社区",
        "category": "residential",
        "type": "商务住宅;住宅区;住宅小区",
        "district": "锦江区",
        "weight": 1
      }
    },
    {
      "type": "Feature",
      "geometry": {
        "type": "Point",
        "coordinates": [
          104.118546,
          30.620722
        ]
      },
      "properties": {
        "name": "明珠园",
        "category": "residential",
        "type": "商务住宅;住宅区;住宅区",
        "district": "锦江区",
        "weight": 2
      }
    },
    {
      "type": "Feature",
      "geometry": {
        "type": "Point",
        "coordinates": [
          104.116419,
          30.628268
        ]
      },
      "properties": {
        "name": "中沙河铺36号",
        "category": "residential",
        "type": "商务住宅;住宅区;住宅小区",
        "district": "锦江区",
        "weight": 1
      }
    },
    {
      "type": "Feature",
      "geometry": {
        "type": "Point",
        "coordinates": [
          104.113606,
          30.622634
        ]
      },
      "properties": {
        "name": "桂香居",
        "category": "residential",
        "type": "商务住宅;住宅区;住宅小区",
        "district": "锦江区",
        "weight": 1
      }
    },
    {
      "type": "Feature",
      "geometry": {
        "type": "Point",
        "coordinates": [
          104.116485,
          30.619754
        ]
      },
      "properties": {
        "name": "花果社区",
        "category": "residential",
        "type": "商务住宅;住宅区;住宅小区",
        "district": "锦江区",
        "weight": 2
      }
    },
    {
      "type": "Feature",
      "geometry": {
        "type": "Point",
        "coordinates": [
          104.123475,
          30.62679
        ]
      },
      "properties": {
        "name": "华宇嘉苑",
        "category": "residential",
        "type": "商务住宅;住宅区;住宅小区",
        "district": "锦江区",
        "weight": 1
      }
    },
    {
      "type": "Feature",
      "geometry": {
        "type": "Point",
        "coordinates": [
          104.11378,
          30.621212
        ]
      },
      "properties": {
        "name": "沙河壹号1期",
        "category": "residential",
        "type": "商务住宅;住宅区;住宅小区",
        "district": "锦江区",
        "weight": 2
      }
    },
    {
      "type": "Feature",
      "geometry": {
        "type": "Point",
        "coordinates": [
          104.115346,
          30.628948
        ]
      },
      "properties": {
        "name": "五福苑(马家沟路)",
        "category": "residential",
        "type": "商务住宅;住宅区;住宅小区",
        "district": "锦江区",
        "weight": 1
      }
    },
    {
      "type": "Feature",
      "geometry": {
        "type": "Point",
        "coordinates": [
          104.114284,
          30.619445
        ]
      },
      "properties": {
        "name": "彩域",
        "category": "residential",
        "type": "商务住宅;住宅区;住宅小区",
        "district": "锦江区",
        "weight": 1
      }
    },
    {
      "type": "Feature",
      "geometry": {
        "type": "Point",
        "coordinates": [
          104.13245,
          30.626863
        ]
      },
      "properties": {
        "name": "荣盛香榭兰庭",
        "category": "residential",
        "type": "商务住宅;住宅区;住宅小区",
        "district": "成华区",
        "weight": 1
      }
    },
    {
      "type": "Feature",
      "geometry": {
        "type": "Point",
        "coordinates": [
          104.133079,
          30.623492
        ]
      },
      "properties": {
        "name": "东汇家园(安宁河路)",
        "category": "residential",
        "type": "商务住宅;住宅区;住宅小区",
        "district": "成华区",
        "weight": 1
      }
    },
    {
      "type": "Feature",
      "geometry": {
        "type": "Point",
        "coordinates": [
          104.132194,
          30.625766
        ]
      },
      "properties": {
        "name": "兴城·嘉苑3期",
        "category": "residential",
        "type": "商务住宅;住宅区;住宅小区",
        "district": "成华区",
        "weight": 1
      }
    },
    {
      "type": "Feature",
      "geometry": {
        "type": "Point",
        "coordinates": [
          104.134418,
          30.61918
        ]
      },
      "properties": {
        "name": "稻香苑",
        "category": "residential",
        "type": "商务住宅;住宅区;住宅小区",
        "district": "锦江区",
        "weight": 10
      }
    },
    {
      "type": "Feature",
      "geometry": {
        "type": "Point",
        "coordinates": [
          104.12361,
          30.619515
        ]
      },
      "properties": {
        "name": "菱窠社区",
        "category": "residential",
        "type": "商务住宅;住宅区;住宅小区",
        "district": "锦江区",
        "weight": 1
      }
    },
    {
      "type": "Feature",
      "geometry": {
        "type": "Point",
        "coordinates": [
          104.125176,
          30.620467
        ]
      },
      "properties": {
        "name": "比华利国际城3期",
        "category": "residential",
        "type": "商务住宅;住宅区;住宅小区",
        "district": "锦江区",
        "weight": 1
      }
    },
    {
      "type": "Feature",
      "geometry": {
        "type": "Point",
        "coordinates": [
          104.123982,
          30.620788
        ]
      },
      "properties": {
        "name": "比华利国际城3期(西门)",
        "category": "residential",
        "type": "商务住宅;住宅区;住宅小区|通行设施;临街院门;临街院门",
        "district": "锦江区",
        "weight": 1
      }
    },
    {
      "type": "Feature",
      "geometry": {
        "type": "Point",
        "coordinates": [
          104.141531,
          30.624926
        ]
      },
      "properties": {
        "name": "龙之梦·鹏瑞利新城",
        "category": "residential",
        "type": "商务住宅;住宅区;住宅小区",
        "district": "成华区",
        "weight": 1
      }
    },
    {
      "type": "Feature",
      "geometry": {
        "type": "Point",
        "coordinates": [
          104.137178,
          30.623261
        ]
      },
      "properties": {
        "name": "兴城·嘉苑",
        "category": "residential",
        "type": "商务住宅;住宅区;住宅小区",
        "district": "成华区",
        "weight": 5
      }
    },
    {
      "type": "Feature",
      "geometry": {
        "type": "Point",
        "coordinates": [
          104.147041,
          30.626868
        ]
      },
      "properties": {
        "name": "天鹅社区",
        "category": "residential",
        "type": "商务住宅;住宅区;住宅小区",
        "district": "成华区",
        "weight": 1
      }
    },
    {
      "type": "Feature",
      "geometry": {
        "type": "Point",
        "coordinates": [
          104.149448,
          30.627482
        ]
      },
      "properties": {
        "name": "万科·魅力之城3期",
        "category": "residential",
        "type": "商务住宅;住宅区;住宅小区",
        "district": "成华区",
        "weight": 1
      }
    },
    {
      "type": "Feature",
      "geometry": {
        "type": "Point",
        "coordinates": [
          104.145835,
          30.626956
        ]
      },
      "properties": {
        "name": "魅力阳光",
        "category": "residential",
        "type": "商务住宅;住宅区;住宅小区",
        "district": "成华区",
        "weight": 1
      }
    },
    {
      "type": "Feature",
      "geometry": {
        "type": "Point",
        "coordinates": [
          104.152584,
          30.626142
        ]
      },
      "properties": {
        "name": "万科·魅力之城4期",
        "category": "residential",
        "type": "商务住宅;住宅区;住宅小区",
        "district": "成华区",
        "weight": 1
      }
    },
    {
      "type": "Feature",
      "geometry": {
        "type": "Point",
        "coordinates": [
          104.146942,
          30.628417
        ]
      },
      "properties": {
        "name": "万科·魅力之城2期",
        "category": "residential",
        "type": "商务住宅;住宅区;住宅小区",
        "district": "成华区",
        "weight": 1
      }
    },
    {
      "type": "Feature",
      "geometry": {
        "type": "Point",
        "coordinates": [
          104.150801,
          30.629275
        ]
      },
      "properties": {
        "name": "万科·魅力之城5期",
        "category": "residential",
        "type": "商务住宅;住宅区;住宅小区",
        "district": "成华区",
        "weight": 1
      }
    },
    {
      "type": "Feature",
      "geometry": {
        "type": "Point",
        "coordinates": [
          104.158305,
          30.627636
        ]
      },
      "properties": {
        "name": "隆鑫·印象东方",
        "category": "residential",
        "type": "商务住宅;住宅区;住宅小区",
        "district": "成华区",
        "weight": 1
      }
    },
    {
      "type": "Feature",
      "geometry": {
        "type": "Point",
        "coordinates": [
          104.157385,
          30.62887
        ]
      },
      "properties": {
        "name": "海上海",
        "category": "residential",
        "type": "商务住宅;住宅区;住宅小区",
        "district": "成华区",
        "weight": 2
      }
    },
    {
      "type": "Feature",
      "geometry": {
        "type": "Point",
        "coordinates": [
          104.155988,
          30.627554
        ]
      },
      "properties": {
        "name": "荣盛·紫提东郡(和韵路)",
        "category": "residential",
        "type": "商务住宅;住宅区;住宅小区",
        "district": "成华区",
        "weight": 1
      }
    },
    {
      "type": "Feature",
      "geometry": {
        "type": "Point",
        "coordinates": [
          104.153876,
          30.627133
        ]
      },
      "properties": {
        "name": "万科魅力之城",
        "category": "residential",
        "type": "商务住宅;住宅区;住宅小区",
        "district": "成华区",
        "weight": 1
      }
    },
    {
      "type": "Feature",
      "geometry": {
        "type": "Point",
        "coordinates": [
          103.968168,
          30.613712
        ]
      },
      "properties": {
        "name": "金城丽舍",
        "category": "residential",
        "type": "商务住宅;住宅区;住宅小区",
        "district": "武侯区",
        "weight": 2
      }
    },
    {
      "type": "Feature",
      "geometry": {
        "type": "Point",
        "coordinates": [
          103.967869,
          30.615127
        ]
      },
      "properties": {
        "name": "花半里",
        "category": "residential",
        "type": "商务住宅;住宅区;住宅小区",
        "district": "武侯区",
        "weight": 1
      }
    },
    {
      "type": "Feature",
      "geometry": {
        "type": "Point",
        "coordinates": [
          103.966855,
          30.614656
        ]
      },
      "properties": {
        "name": "楠郡",
        "category": "residential",
        "type": "商务住宅;住宅区;住宅小区",
        "district": "武侯区",
        "weight": 1
      }
    },
    {
      "type": "Feature",
      "geometry": {
        "type": "Point",
        "coordinates": [
          103.966431,
          30.616082
        ]
      },
      "properties": {
        "name": "中铁·金花国际城",
        "category": "residential",
        "type": "商务住宅;住宅区;住宅小区",
        "district": "武侯区",
        "weight": 1
      }
    },
    {
      "type": "Feature",
      "geometry": {
        "type": "Point",
        "coordinates": [
          103.965513,
          30.614599
        ]
      },
      "properties": {
        "name": "金花新天地",
        "category": "residential",
        "type": "商务住宅;住宅区;住宅小区",
        "district": "武侯区",
        "weight": 1
      }
    },
    {
      "type": "Feature",
      "geometry": {
        "type": "Point",
        "coordinates": [
          103.964989,
          30.615463
        ]
      },
      "properties": {
        "name": "永乐汇",
        "category": "residential",
        "type": "商务住宅;住宅区;住宅区",
        "district": "武侯区",
        "weight": 1
      }
    },
    {
      "type": "Feature",
      "geometry": {
        "type": "Point",
        "coordinates": [
          103.967211,
          30.61136
        ]
      },
      "properties": {
        "name": "和鸿·天府金花",
        "category": "residential",
        "type": "商务住宅;住宅区;住宅小区",
        "district": "武侯区",
        "weight": 1
      }
    },
    {
      "type": "Feature",
      "geometry": {
        "type": "Point",
        "coordinates": [
          103.964487,
          30.613016
        ]
      },
      "properties": {
        "name": "江安河新居",
        "category": "residential",
        "type": "商务住宅;住宅区;住宅小区",
        "district": "武侯区",
        "weight": 3
      }
    },
    {
      "type": "Feature",
      "geometry": {
        "type": "Point",
        "coordinates": [
          103.967869,
          30.609648
        ]
      },
      "properties": {
        "name": "假日时光",
        "category": "residential",
        "type": "商务住宅;住宅区;住宅区",
        "district": "武侯区",
        "weight": 3
      }
    },
    {
      "type": "Feature",
      "geometry": {
        "type": "Point",
        "coordinates": [
          103.982224,
          30.619051
        ]
      },
      "properties": {
        "name": "西派城(建设中)",
        "category": "residential",
        "type": "商务住宅;住宅区;住宅小区",
        "district": "武侯区",
        "weight": 1
      }
    },
    {
      "type": "Feature",
      "geometry": {
        "type": "Point",
        "coordinates": [
          103.981243,
          30.612244
        ]
      },
      "properties": {
        "name": "7里晓月",
        "category": "residential",
        "type": "商务住宅;住宅区;住宅小区",
        "district": "武侯区",
        "weight": 1
      }
    },
    {
      "type": "Feature",
      "geometry": {
        "type": "Point",
        "coordinates": [
          103.98173,
          30.610712
        ]
      },
      "properties": {
        "name": "绿地·圣路易名邸1期",
        "category": "residential",
        "type": "商务住宅;住宅区;住宅小区",
        "district": "武侯区",
        "weight": 1
      }
    },
    {
      "type": "Feature",
      "geometry": {
        "type": "Point",
        "coordinates": [
          103.974107,
          30.615564
        ]
      },
      "properties": {
        "name": "人和春天",
        "category": "residential",
        "type": "商务住宅;住宅区;住宅区",
        "district": "武侯区",
        "weight": 1
      }
    },
    {
      "type": "Feature",
      "geometry": {
        "type": "Point",
        "coordinates": [
          103.982548,
          30.61277
        ]
      },
      "properties": {
        "name": "玲珑珺小区",
        "category": "residential",
        "type": "商务住宅;住宅区;住宅小区",
        "district": "武侯区",
        "weight": 2
      }
    },
    {
      "type": "Feature",
      "geometry": {
        "type": "Point",
        "coordinates": [
          103.981825,
          30.609755
        ]
      },
      "properties": {
        "name": "绿地·圣路易名邸2期",
        "category": "residential",
        "type": "商务住宅;住宅区;住宅区",
        "district": "武侯区",
        "weight": 1
      }
    },
    {
      "type": "Feature",
      "geometry": {
        "type": "Point",
        "coordinates": [
          103.988138,
          30.615113
        ]
      },
      "properties": {
        "name": "永康苑",
        "category": "residential",
        "type": "商务住宅;住宅区;住宅小区",
        "district": "武侯区",
        "weight": 2
      }
    },
    {
      "type": "Feature",
      "geometry": {
        "type": "Point",
        "coordinates": [
          103.988688,
          30.613639
        ]
      },
      "properties": {
        "name": "铁佛名苑D区",
        "category": "residential",
        "type": "商务住宅;住宅区;住宅区",
        "district": "武侯区",
        "weight": 1
      }
    },
    {
      "type": "Feature",
      "geometry": {
        "type": "Point",
        "coordinates": [
          103.986936,
          30.614518
        ]
      },
      "properties": {
        "name": "永安苑",
        "category": "residential",
        "type": "商务住宅;住宅区;住宅区",
        "district": "武侯区",
        "weight": 2
      }
    },
    {
      "type": "Feature",
      "geometry": {
        "type": "Point",
        "coordinates": [
          103.98916,
          30.612807
        ]
      },
      "properties": {
        "name": "铁佛兴苑",
        "category": "residential",
        "type": "商务住宅;住宅区;住宅小区",
        "district": "武侯区",
        "weight": 2
      }
    },
    {
      "type": "Feature",
      "geometry": {
        "type": "Point",
        "coordinates": [
          103.990826,
          30.614277
        ]
      },
      "properties": {
        "name": "名苑小区C区",
        "category": "residential",
        "type": "商务住宅;住宅区;住宅小区",
        "district": "武侯区",
        "weight": 1
      }
    },
    {
      "type": "Feature",
      "geometry": {
        "type": "Point",
        "coordinates": [
          103.990666,
          30.613229
        ]
      },
      "properties": {
        "name": "铁佛名苑",
        "category": "residential",
        "type": "商务住宅;住宅区;住宅小区",
        "district": "武侯区",
        "weight": 1
      }
    },
    {
      "type": "Feature",
      "geometry": {
        "type": "Point",
        "coordinates": [
          103.985943,
          30.616832
        ]
      },
      "properties": {
        "name": "永吉苑",
        "category": "residential",
        "type": "商务住宅;住宅区;住宅小区",
        "district": "武侯区",
        "weight": 3
      }
    },
    {
      "type": "Feature",
      "geometry": {
        "type": "Point",
        "coordinates": [
          103.989258,
          30.611126
        ]
      },
      "properties": {
        "name": "簇桥小区",
        "category": "residential",
        "type": "商务住宅;住宅区;住宅小区",
        "district": "武侯区",
        "weight": 2
      }
    },
    {
      "type": "Feature",
      "geometry": {
        "type": "Point",
        "coordinates": [
          103.992613,
          30.613954
        ]
      },
      "properties": {
        "name": "滨河苑(百锦路)",
        "category": "residential",
        "type": "商务住宅;住宅区;住宅小区",
        "district": "武侯区",
        "weight": 1
      }
    },
    {
      "type": "Feature",
      "geometry": {
        "type": "Point",
        "coordinates": [
          103.984416,
          30.613341
        ]
      },
      "properties": {
        "name": "玲珑郡",
        "category": "residential",
        "type": "商务住宅;住宅区;住宅小区",
        "district": "武侯区",
        "weight": 1
      }
    },
    {
      "type": "Feature",
      "geometry": {
        "type": "Point",
        "coordinates": [
          103.985399,
          30.611298
        ]
      },
      "properties": {
        "name": "中海锦城1期",
        "category": "residential",
        "type": "商务住宅;住宅区;住宅小区",
        "district": "武侯区",
        "weight": 2
      }
    },
    {
      "type": "Feature",
      "geometry": {
        "type": "Point",
        "coordinates": [
          103.991878,
          30.611083
        ]
      },
      "properties": {
        "name": "龙井桂苑",
        "category": "residential",
        "type": "商务住宅;住宅区;住宅小区",
        "district": "武侯区",
        "weight": 1
      }
    },
    {
      "type": "Feature",
      "geometry": {
        "type": "Point",
        "coordinates": [
          103.984295,
          30.612333
        ]
      },
      "properties": {
        "name": "玲玲群小区",
        "category": "residential",
        "type": "商务住宅;住宅区;住宅小区",
        "district": "武侯区",
        "weight": 1
      }
    },
    {
      "type": "Feature",
      "geometry": {
        "type": "Point",
        "coordinates": [
          103.988701,
          30.610091
        ]
      },
      "properties": {
        "name": "千盛公寓",
        "category": "residential",
        "type": "商务住宅;住宅区;住宅小区",
        "district": "武侯区",
        "weight": 1
      }
    },
    {
      "type": "Feature",
      "geometry": {
        "type": "Point",
        "coordinates": [
          103.990471,
          30.609696
        ]
      },
      "properties": {
        "name": "龙锦欣苑",
        "category": "residential",
        "type": "商务住宅;住宅区;住宅小区",
        "district": "武侯区",
        "weight": 1
      }
    },
    {
      "type": "Feature",
      "geometry": {
        "type": "Point",
        "coordinates": [
          103.991608,
          30.609854
        ]
      },
      "properties": {
        "name": "龙井北路小区",
        "category": "residential",
        "type": "商务住宅;住宅区;住宅小区",
        "district": "武侯区",
        "weight": 1
      }
    },
    {
      "type": "Feature",
      "geometry": {
        "type": "Point",
        "coordinates": [
          103.984036,
          30.61892
        ]
      },
      "properties": {
        "name": "永乐苑",
        "category": "residential",
        "type": "商务住宅;住宅区;住宅小区",
        "district": "武侯区",
        "weight": 1
      }
    },
    {
      "type": "Feature",
      "geometry": {
        "type": "Point",
        "coordinates": [
          103.992631,
          30.609052
        ]
      },
      "properties": {
        "name": "龙锦庭园",
        "category": "residential",
        "type": "商务住宅;住宅区;住宅小区",
        "district": "武侯区",
        "weight": 6
      }
    },
    {
      "type": "Feature",
      "geometry": {
        "type": "Point",
        "coordinates": [
          103.998875,
          30.613529
        ]
      },
      "properties": {
        "name": "名苑4期",
        "category": "residential",
        "type": "商务住宅;住宅区;住宅小区",
        "district": "武侯区",
        "weight": 1
      }
    },
    {
      "type": "Feature",
      "geometry": {
        "type": "Point",
        "coordinates": [
          103.998014,
          30.611081
        ]
      },
      "properties": {
        "name": "簇锦欣苑",
        "category": "residential",
        "type": "商务住宅;住宅区;住宅小区",
        "district": "武侯区",
        "weight": 1
      }
    },
    {
      "type": "Feature",
      "geometry": {
        "type": "Point",
        "coordinates": [
          103.994194,
          30.615135
        ]
      },
      "properties": {
        "name": "蓝天苑",
        "category": "residential",
        "type": "商务住宅;住宅区;住宅小区",
        "district": "武侯区",
        "weight": 1
      }
    },
    {
      "type": "Feature",
      "geometry": {
        "type": "Point",
        "coordinates": [
          104.000329,
          30.61072
        ]
      },
      "properties": {
        "name": "西部家园",
        "category": "residential",
        "type": "商务住宅;住宅区;住宅小区",
        "district": "武侯区",
        "weight": 1
      }
    },
    {
      "type": "Feature",
      "geometry": {
        "type": "Point",
        "coordinates": [
          103.995972,
          30.610479
        ]
      },
      "properties": {
        "name": "簇锦古镇",
        "category": "residential",
        "type": "商务住宅;住宅区;住宅小区",
        "district": "武侯区",
        "weight": 2
      }
    },
    {
      "type": "Feature",
      "geometry": {
        "type": "Point",
        "coordinates": [
          104.006834,
          30.612939
        ]
      },
      "properties": {
        "name": "明珠小区",
        "category": "residential",
        "type": "商务住宅;住宅区;住宅小区",
        "district": "武侯区",
        "weight": 1
      }
    },
    {
      "type": "Feature",
      "geometry": {
        "type": "Point",
        "coordinates": [
          104.010995,
          30.616779
        ]
      },
      "properties": {
        "name": "幸福家园",
        "category": "residential",
        "type": "商务住宅;住宅区;住宅小区",
        "district": "武侯区",
        "weight": 1
      }
    },
    {
      "type": "Feature",
      "geometry": {
        "type": "Point",
        "coordinates": [
          104.008843,
          30.617589
        ]
      },
      "properties": {
        "name": "江南名居",
        "category": "residential",
        "type": "商务住宅;住宅区;住宅小区",
        "district": "武侯区",
        "weight": 1
      }
    },
    {
      "type": "Feature",
      "geometry": {
        "type": "Point",
        "coordinates": [
          104.007034,
          30.617959
        ]
      },
      "properties": {
        "name": "八益家属区",
        "category": "residential",
        "type": "商务住宅;住宅区;住宅小区",
        "district": "武侯区",
        "weight": 1
      }
    },
    {
      "type": "Feature",
      "geometry": {
        "type": "Point",
        "coordinates": [
          104.021798,
          30.618808
        ]
      },
      "properties": {
        "name": "南桥新居",
        "category": "residential",
        "type": "商务住宅;住宅区;住宅小区",
        "district": "武侯区",
        "weight": 1
      }
    },
    {
      "type": "Feature",
      "geometry": {
        "type": "Point",
        "coordinates": [
          104.020827,
          30.616636
        ]
      },
      "properties": {
        "name": "南桥新居A区",
        "category": "residential",
        "type": "商务住宅;住宅区;住宅小区",
        "district": "武侯区",
        "weight": 1
      }
    },
    {
      "type": "Feature",
      "geometry": {
        "type": "Point",
        "coordinates": [
          104.031925,
          30.610426
        ]
      },
      "properties": {
        "name": "颐景园",
        "category": "residential",
        "type": "商务住宅;住宅区;住宅小区",
        "district": "武侯区",
        "weight": 1
      }
    },
    {
      "type": "Feature",
      "geometry": {
        "type": "Point",
        "coordinates": [
          104.037556,
          30.615776
        ]
      },
      "properties": {
        "name": "融城后街",
        "category": "residential",
        "type": "商务住宅;住宅区;住宅小区",
        "district": "武侯区",
        "weight": 1
      }
    },
    {
      "type": "Feature",
      "geometry": {
        "type": "Point",
        "coordinates": [
          104.039044,
          30.616042
        ]
      },
      "properties": {
        "name": "新里维多利亚公寓",
        "category": "residential",
        "type": "商务住宅;住宅区;住宅小区",
        "district": "武侯区",
        "weight": 1
      }
    },
    {
      "type": "Feature",
      "geometry": {
        "type": "Point",
        "coordinates": [
          104.036143,
          30.613922
        ]
      },
      "properties": {
        "name": "新盛社区",
        "category": "residential",
        "type": "商务住宅;住宅区;住宅小区",
        "district": "武侯区",
        "weight": 1
      }
    },
    {
      "type": "Feature",
      "geometry": {
        "type": "Point",
        "coordinates": [
          104.039441,
          30.611588
        ]
      },
      "properties": {
        "name": "新北小区4期",
        "category": "residential",
        "type": "商务住宅;住宅区;住宅小区",
        "district": "武侯区",
        "weight": 3
      }
    },
    {
      "type": "Feature",
      "geometry": {
        "type": "Point",
        "coordinates": [
          104.0362,
          30.611882
        ]
      },
      "properties": {
        "name": "恩威玲珑南域",
        "category": "residential",
        "type": "商务住宅;住宅区;住宅小区",
        "district": "武侯区",
        "weight": 1
      }
    },
    {
      "type": "Feature",
      "geometry": {
        "type": "Point",
        "coordinates": [
          104.034553,
          30.614054
        ]
      },
      "properties": {
        "name": "神二库家属院",
        "category": "residential",
        "type": "商务住宅;住宅区;住宅小区",
        "district": "武侯区",
        "weight": 1
      }
    },
    {
      "type": "Feature",
      "geometry": {
        "type": "Point",
        "coordinates": [
          104.036929,
          30.617871
        ]
      },
      "properties": {
        "name": "创业路38号院",
        "category": "residential",
        "type": "商务住宅;住宅区;住宅区",
        "district": "武侯区",
        "weight": 1
      }
    },
    {
      "type": "Feature",
      "geometry": {
        "type": "Point",
        "coordinates": [
          104.043518,
          30.615671
        ]
      },
      "properties": {
        "name": "中海名城",
        "category": "residential",
        "type": "商务住宅;住宅区;住宅小区",
        "district": "武侯区",
        "weight": 1
      }
    },
    {
      "type": "Feature",
      "geometry": {
        "type": "Point",
        "coordinates": [
          104.036145,
          30.61026
        ]
      },
      "properties": {
        "name": "神仙树·缤纷",
        "category": "residential",
        "type": "商务住宅;住宅区;住宅小区",
        "district": "武侯区",
        "weight": 1
      }
    },
    {
      "type": "Feature",
      "geometry": {
        "type": "Point",
        "coordinates": [
          104.034742,
          30.611082
        ]
      },
      "properties": {
        "name": "神仙树·馨苑",
        "category": "residential",
        "type": "商务住宅;住宅区;住宅小区",
        "district": "武侯区",
        "weight": 1
      }
    },
    {
      "type": "Feature",
      "geometry": {
        "type": "Point",
        "coordinates": [
          104.040844,
          30.618992
        ]
      },
      "properties": {
        "name": "神仙树大院",
        "category": "residential",
        "type": "商务住宅;住宅区;住宅小区",
        "district": "武侯区",
        "weight": 1
      }
    },
    {
      "type": "Feature",
      "geometry": {
        "type": "Point",
        "coordinates": [
          104.034134,
          30.610165
        ]
      },
      "properties": {
        "name": "新北佳苑",
        "category": "residential",
        "type": "商务住宅;住宅区;住宅小区",
        "district": "武侯区",
        "weight": 2
      }
    },
    {
      "type": "Feature",
      "geometry": {
        "type": "Point",
        "coordinates": [
          104.04756,
          30.614104
        ]
      },
      "properties": {
        "name": "康桥雅舍",
        "category": "residential",
        "type": "商务住宅;住宅区;住宅小区",
        "district": "武侯区",
        "weight": 2
      }
    },
    {
      "type": "Feature",
      "geometry": {
        "type": "Point",
        "coordinates": [
          104.049586,
          30.61451
        ]
      },
      "properties": {
        "name": "四季家园(紫荆南路)",
        "category": "residential",
        "type": "商务住宅;住宅区;住宅小区",
        "district": "武侯区",
        "weight": 1
      }
    },
    {
      "type": "Feature",
      "geometry": {
        "type": "Point",
        "coordinates": [
          104.047184,
          30.615592
        ]
      },
      "properties": {
        "name": "上海花园(紫荆南路)",
        "category": "residential",
        "type": "商务住宅;住宅区;住宅小区",
        "district": "武侯区",
        "weight": 1
      }
    },
    {
      "type": "Feature",
      "geometry": {
        "type": "Point",
        "coordinates": [
          104.046305,
          30.613902
        ]
      },
      "properties": {
        "name": "神仙树南路51号院",
        "category": "residential",
        "type": "商务住宅;住宅区;住宅小区",
        "district": "武侯区",
        "weight": 1
      }
    },
    {
      "type": "Feature",
      "geometry": {
        "type": "Point",
        "coordinates": [
          104.048245,
          30.612408
        ]
      },
      "properties": {
        "name": "清华坊",
        "category": "residential",
        "type": "商务住宅;住宅区;住宅小区",
        "district": "武侯区",
        "weight": 1
      }
    },
    {
      "type": "Feature",
      "geometry": {
        "type": "Point",
        "coordinates": [
          104.049486,
          30.616631
        ]
      },
      "properties": {
        "name": "紫荆核动力院宿舍",
        "category": "residential",
        "type": "商务住宅;住宅区;住宅小区",
        "district": "武侯区",
        "weight": 1
      }
    },
    {
      "type": "Feature",
      "geometry": {
        "type": "Point",
        "coordinates": [
          104.051463,
          30.614621
        ]
      },
      "properties": {
        "name": "南鑫园",
        "category": "residential",
        "type": "商务住宅;住宅区;住宅小区",
        "district": "武侯区",
        "weight": 1
      }
    },
    {
      "type": "Feature",
      "geometry": {
        "type": "Point",
        "coordinates": [
          104.050984,
          30.615883
        ]
      },
      "properties": {
        "name": "圣安卓花园",
        "category": "residential",
        "type": "商务住宅;住宅区;住宅小区",
        "district": "武侯区",
        "weight": 1
      }
    },
    {
      "type": "Feature",
      "geometry": {
        "type": "Point",
        "coordinates": [
          104.050918,
          30.612783
        ]
      },
      "properties": {
        "name": "自由星城",
        "category": "residential",
        "type": "商务住宅;住宅区;住宅小区",
        "district": "武侯区",
        "weight": 1
      }
    },
    {
      "type": "Feature",
      "geometry": {
        "type": "Point",
        "coordinates": [
          104.047587,
          30.617546
        ]
      },
      "properties": {
        "name": "紫荆名园",
        "category": "residential",
        "type": "商务住宅;住宅区;住宅小区",
        "district": "武侯区",
        "weight": 1
      }
    },
    {
      "type": "Feature",
      "geometry": {
        "type": "Point",
        "coordinates": [
          104.052714,
          30.614635
        ]
      },
      "properties": {
        "name": "紫华苑(紫竹南二街)",
        "category": "residential",
        "type": "商务住宅;住宅区;住宅小区|餐饮服务;茶艺馆;茶艺馆",
        "district": "武侯区",
        "weight": 1
      }
    },
    {
      "type": "Feature",
      "geometry": {
        "type": "Point",
        "coordinates": [
          104.046215,
          30.617632
        ]
      },
      "properties": {
        "name": "神仙园",
        "category": "residential",
        "type": "商务住宅;住宅区;住宅小区",
        "district": "武侯区",
        "weight": 2
      }
    },
    {
      "type": "Feature",
      "geometry": {
        "type": "Point",
        "coordinates": [
          104.050043,
          30.618218
        ]
      },
      "properties": {
        "name": "紫竹苑",
        "category": "residential",
        "type": "商务住宅;住宅区;住宅小区",
        "district": "武侯区",
        "weight": 1
      }
    },
    {
      "type": "Feature",
      "geometry": {
        "type": "Point",
        "coordinates": [
          104.044727,
          30.616677
        ]
      },
      "properties": {
        "name": "中海名城3期",
        "category": "residential",
        "type": "商务住宅;住宅区;住宅小区",
        "district": "武侯区",
        "weight": 1
      }
    },
    {
      "type": "Feature",
      "geometry": {
        "type": "Point",
        "coordinates": [
          104.052542,
          30.612205
        ]
      },
      "properties": {
        "name": "翔宇苑",
        "category": "residential",
        "type": "商务住宅;住宅区;住宅小区",
        "district": "武侯区",
        "weight": 1
      }
    },
    {
      "type": "Feature",
      "geometry": {
        "type": "Point",
        "coordinates": [
          104.05232,
          30.617119
        ]
      },
      "properties": {
        "name": "彩世界",
        "category": "residential",
        "type": "商务住宅;住宅区;住宅小区",
        "district": "武侯区",
        "weight": 1
      }
    },
    {
      "type": "Feature",
      "geometry": {
        "type": "Point",
        "coordinates": [
          104.053058,
          30.616056
        ]
      },
      "properties": {
        "name": "桐梓林",
        "category": "residential",
        "type": "商务住宅;住宅区;住宅小区",
        "district": "武侯区",
        "weight": 1
      }
    },
    {
      "type": "Feature",
      "geometry": {
        "type": "Point",
        "coordinates": [
          104.047979,
          30.618715
        ]
      },
      "properties": {
        "name": "紫薇庭园",
        "category": "residential",
        "type": "商务住宅;住宅区;住宅小区",
        "district": "武侯区",
        "weight": 1
      }
    },
    {
      "type": "Feature",
      "geometry": {
        "type": "Point",
        "coordinates": [
          104.047729,
          30.609836
        ]
      },
      "properties": {
        "name": "南方半岛花园",
        "category": "residential",
        "type": "商务住宅;住宅区;住宅小区",
        "district": "武侯区",
        "weight": 1
      }
    },
    {
      "type": "Feature",
      "geometry": {
        "type": "Point",
        "coordinates": [
          104.051653,
          30.619221
        ]
      },
      "properties": {
        "name": "紫竹北街六十五号院",
        "category": "residential",
        "type": "商务住宅;住宅区;住宅小区",
        "district": "武侯区",
        "weight": 1
      }
    },
    {
      "type": "Feature",
      "geometry": {
        "type": "Point",
        "coordinates": [
          104.057386,
          30.614649
        ]
      },
      "properties": {
        "name": "圣安卓国际公寓",
        "category": "residential",
        "type": "商务住宅;住宅区;住宅小区",
        "district": "武侯区",
        "weight": 2
      }
    },
    {
      "type": "Feature",
      "geometry": {
        "type": "Point",
        "coordinates": [
          104.059039,
          30.615242
        ]
      },
      "properties": {
        "name": "世纪锦苑(桐梓林东路)",
        "category": "residential",
        "type": "商务住宅;住宅区;住宅小区",
        "district": "武侯区",
        "weight": 1
      }
    },
    {
      "type": "Feature",
      "geometry": {
        "type": "Point",
        "coordinates": [
          104.059267,
          30.613509
        ]
      },
      "properties": {
        "name": "桐梓林欧城",
        "category": "residential",
        "type": "商务住宅;住宅区;住宅小区",
        "district": "武侯区",
        "weight": 2
      }
    },
    {
      "type": "Feature",
      "geometry": {
        "type": "Point",
        "coordinates": [
          104.060081,
          30.615525
        ]
      },
      "properties": {
        "name": "四季锦苑",
        "category": "residential",
        "type": "商务住宅;住宅区;住宅区",
        "district": "武侯区",
        "weight": 1
      }
    },
    {
      "type": "Feature",
      "geometry": {
        "type": "Point",
        "coordinates": [
          104.056358,
          30.613386
        ]
      },
      "properties": {
        "name": "新加坡花园",
        "category": "residential",
        "type": "商务住宅;住宅区;住宅小区",
        "district": "武侯区",
        "weight": 1
      }
    },
    {
      "type": "Feature",
      "geometry": {
        "type": "Point",
        "coordinates": [
          104.056304,
          30.615448
        ]
      },
      "properties": {
        "name": "风华苑(新光路)",
        "category": "residential",
        "type": "商务住宅;住宅区;住宅小区",
        "district": "武侯区",
        "weight": 1
      }
    },
    {
      "type": "Feature",
      "geometry": {
        "type": "Point",
        "coordinates": [
          104.061716,
          30.615304
        ]
      },
      "properties": {
        "name": "芳草地(桐梓林中路)",
        "category": "residential",
        "type": "商务住宅;住宅区;住宅小区",
        "district": "武侯区",
        "weight": 1
      }
    },
    {
      "type": "Feature",
      "geometry": {
        "type": "Point",
        "coordinates": [
          104.056471,
          30.617056
        ]
      },
      "properties": {
        "name": "梓桐苑",
        "category": "residential",
        "type": "商务住宅;住宅区;住宅小区",
        "district": "武侯区",
        "weight": 4
      }
    },
    {
      "type": "Feature",
      "geometry": {
        "type": "Point",
        "coordinates": [
          104.059163,
          30.611731
        ]
      },
      "properties": {
        "name": "南站社区12号院",
        "category": "residential",
        "type": "商务住宅;住宅区;住宅小区",
        "district": "武侯区",
        "weight": 1
      }
    },
    {
      "type": "Feature",
      "geometry": {
        "type": "Point",
        "coordinates": [
          104.059256,
          30.617816
        ]
      },
      "properties": {
        "name": "华新国际",
        "category": "residential",
        "type": "商务住宅;住宅区;住宅区",
        "district": "武侯区",
        "weight": 2
      }
    },
    {
      "type": "Feature",
      "geometry": {
        "type": "Point",
        "coordinates": [
          104.061125,
          30.616551
        ]
      },
      "properties": {
        "name": "中华园4期",
        "category": "residential",
        "type": "商务住宅;住宅区;住宅区",
        "district": "武侯区",
        "weight": 1
      }
    },
    {
      "type": "Feature",
      "geometry": {
        "type": "Point",
        "coordinates": [
          104.054548,
          30.615399
        ]
      },
      "properties": {
        "name": "新绿季节",
        "category": "residential",
        "type": "商务住宅;住宅区;住宅小区",
        "district": "武侯区",
        "weight": 1
      }
    },
    {
      "type": "Feature",
      "geometry": {
        "type": "Point",
        "coordinates": [
          104.053664,
          30.613857
        ]
      },
      "properties": {
        "name": "翔宇花园(紫竹南二街)",
        "category": "residential",
        "type": "商务住宅;住宅区;住宅小区",
        "district": "武侯区",
        "weight": 1
      }
    },
    {
      "type": "Feature",
      "geometry": {
        "type": "Point",
        "coordinates": [
          104.054246,
          30.611834
        ]
      },
      "properties": {
        "name": "新光花园",
        "category": "residential",
        "type": "商务住宅;住宅区;住宅小区",
        "district": "武侯区",
        "weight": 2
      }
    },
    {
      "type": "Feature",
      "geometry": {
        "type": "Point",
        "coordinates": [
          104.060225,
          30.610154
        ]
      },
      "properties": {
        "name": "华尔道",
        "category": "residential",
        "type": "商务住宅;住宅区;住宅小区",
        "district": "武侯区",
        "weight": 4
      }
    },
    {
      "type": "Feature",
      "geometry": {
        "type": "Point",
        "coordinates": [
          104.062324,
          30.617499
        ]
      },
      "properties": {
        "name": "锦绣花园东区",
        "category": "residential",
        "type": "商务住宅;住宅区;住宅小区",
        "district": "武侯区",
        "weight": 1
      }
    },
    {
      "type": "Feature",
      "geometry": {
        "type": "Point",
        "coordinates": [
          104.053879,
          30.616924
        ]
      },
      "properties": {
        "name": "紫薇社区",
        "category": "residential",
        "type": "商务住宅;住宅区;住宅小区",
        "district": "武侯区",
        "weight": 1
      }
    },
    {
      "type": "Feature",
      "geometry": {
        "type": "Point",
        "coordinates": [
          104.056675,
          30.609943
        ]
      },
      "properties": {
        "name": "上锦雅筑",
        "category": "residential",
        "type": "商务住宅;住宅区;住宅小区",
        "district": "武侯区",
        "weight": 1
      }
    },
    {
      "type": "Feature",
      "geometry": {
        "type": "Point",
        "coordinates": [
          104.060556,
          30.618931
        ]
      },
      "properties": {
        "name": "冠军小区",
        "category": "residential",
        "type": "商务住宅;住宅区;住宅小区",
        "district": "武侯区",
        "weight": 2
      }
    },
    {
      "type": "Feature",
      "geometry": {
        "type": "Point",
        "coordinates": [
          104.057038,
          30.619117
        ]
      },
      "properties": {
        "name": "中华园中苑",
        "category": "residential",
        "type": "商务住宅;住宅区;住宅小区",
        "district": "武侯区",
        "weight": 1
      }
    },
    {
      "type": "Feature",
      "geometry": {
        "type": "Point",
        "coordinates": [
          104.054583,
          30.618043
        ]
      },
      "properties": {
        "name": "中德·苹果跃层",
        "category": "residential",
        "type": "商务住宅;住宅区;住宅区",
        "district": "武侯区",
        "weight": 1
      }
    },
    {
      "type": "Feature",
      "geometry": {
        "type": "Point",
        "coordinates": [
          104.059153,
          30.619407
        ]
      },
      "properties": {
        "name": "中华园绣苑(桐梓林东路)",
        "category": "residential",
        "type": "商务住宅;住宅区;住宅小区",
        "district": "武侯区",
        "weight": 1
      }
    },
    {
      "type": "Feature",
      "geometry": {
        "type": "Point",
        "coordinates": [
          104.063426,
          30.619028
        ]
      },
      "properties": {
        "name": "凯莱帝景(桐梓林北路)",
        "category": "residential",
        "type": "商务住宅;住宅区;住宅小区",
        "district": "武侯区",
        "weight": 1
      }
    },
    {
      "type": "Feature",
      "geometry": {
        "type": "Point",
        "coordinates": [
          104.068282,
          30.614947
        ]
      },
      "properties": {
        "name": "名士公馆",
        "category": "residential",
        "type": "商务住宅;住宅区;住宅小区",
        "district": "武侯区",
        "weight": 1
      }
    },
    {
      "type": "Feature",
      "geometry": {
        "type": "Point",
        "coordinates": [
          104.069295,
          30.614714
        ]
      },
      "properties": {
        "name": "景逸阁",
        "category": "residential",
        "type": "商务住宅;住宅区;住宅区",
        "district": "武侯区",
        "weight": 1
      }
    },
    {
      "type": "Feature",
      "geometry": {
        "type": "Point",
        "coordinates": [
          104.06662,
          30.614846
        ]
      },
      "properties": {
        "name": "嘉逸阁",
        "category": "residential",
        "type": "商务住宅;住宅区;住宅区",
        "district": "武侯区",
        "weight": 2
      }
    },
    {
      "type": "Feature",
      "geometry": {
        "type": "Point",
        "coordinates": [
          104.068739,
          30.616958
        ]
      },
      "properties": {
        "name": "城南新贵",
        "category": "residential",
        "type": "商务住宅;住宅区;住宅小区",
        "district": "武侯区",
        "weight": 7
      }
    },
    {
      "type": "Feature",
      "geometry": {
        "type": "Point",
        "coordinates": [
          104.070154,
          30.615501
        ]
      },
      "properties": {
        "name": "水漪袅铜",
        "category": "residential",
        "type": "商务住宅;住宅区;住宅小区",
        "district": "武侯区",
        "weight": 1
      }
    },
    {
      "type": "Feature",
      "geometry": {
        "type": "Point",
        "coordinates": [
          104.071316,
          30.61397
        ]
      },
      "properties": {
        "name": "长安院",
        "category": "residential",
        "type": "商务住宅;住宅区;住宅小区",
        "district": "武侯区",
        "weight": 2
      }
    },
    {
      "type": "Feature",
      "geometry": {
        "type": "Point",
        "coordinates": [
          104.065816,
          30.613493
        ]
      },
      "properties": {
        "name": "嘉云台",
        "category": "residential",
        "type": "商务住宅;住宅区;住宅小区",
        "district": "武侯区",
        "weight": 2
      }
    },
    {
      "type": "Feature",
      "geometry": {
        "type": "Point",
        "coordinates": [
          104.066643,
          30.616533
        ]
      },
      "properties": {
        "name": "中苑巷3号院",
        "category": "residential",
        "type": "商务住宅;住宅区;住宅小区",
        "district": "武侯区",
        "weight": 3
      }
    },
    {
      "type": "Feature",
      "geometry": {
        "type": "Point",
        "coordinates": [
          104.072513,
          30.612142
        ]
      },
      "properties": {
        "name": "长康院",
        "category": "residential",
        "type": "商务住宅;住宅区;住宅小区",
        "district": "武侯区",
        "weight": 13
      }
    },
    {
      "type": "Feature",
      "geometry": {
        "type": "Point",
        "coordinates": [
          104.066247,
          30.611794
        ]
      },
      "properties": {
        "name": "长寿苑社区59号院落",
        "category": "residential",
        "type": "商务住宅;住宅区;住宅小区",
        "district": "武侯区",
        "weight": 1
      }
    },
    {
      "type": "Feature",
      "geometry": {
        "type": "Point",
        "coordinates": [
          104.071278,
          30.616701
        ]
      },
      "properties": {
        "name": "伊甸阳光",
        "category": "residential",
        "type": "商务住宅;住宅区;住宅小区",
        "district": "武侯区",
        "weight": 1
      }
    },
    {
      "type": "Feature",
      "geometry": {
        "type": "Point",
        "coordinates": [
          104.072649,
          30.614276
        ]
      },
      "properties": {
        "name": "长富院",
        "category": "residential",
        "type": "商务住宅;住宅区;住宅区",
        "district": "武侯区",
        "weight": 3
      }
    },
    {
      "type": "Feature",
      "geometry": {
        "type": "Point",
        "coordinates": [
          104.069135,
          30.610475
        ]
      },
      "properties": {
        "name": "长寿苑17号院",
        "category": "residential",
        "type": "商务住宅;住宅区;住宅小区",
        "district": "武侯区",
        "weight": 3
      }
    },
    {
      "type": "Feature",
      "geometry": {
        "type": "Point",
        "coordinates": [
          104.072729,
          30.615837
        ]
      },
      "properties": {
        "name": "锦官秀城2期",
        "category": "residential",
        "type": "商务住宅;住宅区;住宅区",
        "district": "武侯区",
        "weight": 1
      }
    },
    {
      "type": "Feature",
      "geometry": {
        "type": "Point",
        "coordinates": [
          104.072343,
          30.616817
        ]
      },
      "properties": {
        "name": "锦官秀城",
        "category": "residential",
        "type": "商务住宅;住宅区;住宅小区",
        "district": "武侯区",
        "weight": 2
      }
    },
    {
      "type": "Feature",
      "geometry": {
        "type": "Point",
        "coordinates": [
          104.063762,
          30.613732
        ]
      },
      "properties": {
        "name": "兴彩苑",
        "category": "residential",
        "type": "商务住宅;住宅区;住宅小区",
        "district": "武侯区",
        "weight": 2
      }
    },
    {
      "type": "Feature",
      "geometry": {
        "type": "Point",
        "coordinates": [
          104.070433,
          30.618374
        ]
      },
      "properties": {
        "name": "时代阳光花园",
        "category": "residential",
        "type": "商务住宅;住宅区;住宅小区",
        "district": "武侯区",
        "weight": 2
      }
    },
    {
      "type": "Feature",
      "geometry": {
        "type": "Point",
        "coordinates": [
          104.067996,
          30.610027
        ]
      },
      "properties": {
        "name": "火车南站7号院",
        "category": "residential",
        "type": "商务住宅;住宅区;住宅区",
        "district": "武侯区",
        "weight": 2
      }
    },
    {
      "type": "Feature",
      "geometry": {
        "type": "Point",
        "coordinates": [
          104.078803,
          30.615162
        ]
      },
      "properties": {
        "name": "高攀教师苑",
        "category": "residential",
        "type": "商务住宅;住宅区;住宅小区",
        "district": "武侯区",
        "weight": 1
      }
    },
    {
      "type": "Feature",
      "geometry": {
        "type": "Point",
        "coordinates": [
          104.079963,
          30.613995
        ]
      },
      "properties": {
        "name": "高攀社区",
        "category": "residential",
        "type": "商务住宅;住宅区;住宅小区",
        "district": "武侯区",
        "weight": 1
      }
    },
    {
      "type": "Feature",
      "geometry": {
        "type": "Point",
        "coordinates": [
          104.076829,
          30.615596
        ]
      },
      "properties": {
        "name": "泛悦国际",
        "category": "residential",
        "type": "商务住宅;住宅区;住宅小区",
        "district": "武侯区",
        "weight": 1
      }
    },
    {
      "type": "Feature",
      "geometry": {
        "type": "Point",
        "coordinates": [
          104.076563,
          30.613234
        ]
      },
      "properties": {
        "name": "蓝天小区(科华南路)",
        "category": "residential",
        "type": "商务住宅;住宅区;住宅小区",
        "district": "武侯区",
        "weight": 1
      }
    },
    {
      "type": "Feature",
      "geometry": {
        "type": "Point",
        "coordinates": [
          104.080784,
          30.613086
        ]
      },
      "properties": {
        "name": "万科·金色海蓉2期",
        "category": "residential",
        "type": "商务住宅;住宅区;住宅小区",
        "district": "武侯区",
        "weight": 1
      }
    },
    {
      "type": "Feature",
      "geometry": {
        "type": "Point",
        "coordinates": [
          104.07754,
          30.611754
        ]
      },
      "properties": {
        "name": "3度空间",
        "category": "residential",
        "type": "商务住宅;住宅区;住宅小区",
        "district": "武侯区",
        "weight": 2
      }
    },
    {
      "type": "Feature",
      "geometry": {
        "type": "Point",
        "coordinates": [
          104.079924,
          30.616998
        ]
      },
      "properties": {
        "name": "成都高攀路7322厂",
        "category": "residential",
        "type": "商务住宅;住宅区;住宅区",
        "district": "武侯区",
        "weight": 1
      }
    },
    {
      "type": "Feature",
      "geometry": {
        "type": "Point",
        "coordinates": [
          104.0798,
          30.611208
        ]
      },
      "properties": {
        "name": "阳光春天",
        "category": "residential",
        "type": "商务住宅;住宅区;住宅小区",
        "district": "武侯区",
        "weight": 1
      }
    },
    {
      "type": "Feature",
      "geometry": {
        "type": "Point",
        "coordinates": [
          104.075751,
          30.611568
        ]
      },
      "properties": {
        "name": "南辰景秀",
        "category": "residential",
        "type": "商务住宅;住宅区;住宅小区",
        "district": "武侯区",
        "weight": 1
      }
    },
    {
      "type": "Feature",
      "geometry": {
        "type": "Point",
        "coordinates": [
          104.077299,
          30.617954
        ]
      },
      "properties": {
        "name": "科华南苑",
        "category": "residential",
        "type": "商务住宅;住宅区;住宅小区",
        "district": "武侯区",
        "weight": 1
      }
    },
    {
      "type": "Feature",
      "geometry": {
        "type": "Point",
        "coordinates": [
          104.079054,
          30.618453
        ]
      },
      "properties": {
        "name": "航空路20号",
        "category": "residential",
        "type": "商务住宅;住宅区;住宅区",
        "district": "武侯区",
        "weight": 3
      }
    },
    {
      "type": "Feature",
      "geometry": {
        "type": "Point",
        "coordinates": [
          104.075013,
          30.617233
        ]
      },
      "properties": {
        "name": "科华中路193号院",
        "category": "residential",
        "type": "商务住宅;住宅区;住宅小区",
        "district": "武侯区",
        "weight": 1
      }
    },
    {
      "type": "Feature",
      "geometry": {
        "type": "Point",
        "coordinates": [
          104.083166,
          30.612983
        ]
      },
      "properties": {
        "name": "万科·金色海蓉3期",
        "category": "residential",
        "type": "商务住宅;住宅区;住宅小区",
        "district": "武侯区",
        "weight": 1
      }
    },
    {
      "type": "Feature",
      "geometry": {
        "type": "Point",
        "coordinates": [
          104.07381,
          30.616301
        ]
      },
      "properties": {
        "name": "双发·金英汇",
        "category": "residential",
        "type": "商务住宅;住宅区;住宅小区",
        "district": "武侯区",
        "weight": 1
      }
    },
    {
      "type": "Feature",
      "geometry": {
        "type": "Point",
        "coordinates": [
          104.076407,
          30.609831
        ]
      },
      "properties": {
        "name": "武海·美丽南庭",
        "category": "residential",
        "type": "商务住宅;住宅区;住宅小区",
        "district": "武侯区",
        "weight": 1
      }
    },
    {
      "type": "Feature",
      "geometry": {
        "type": "Point",
        "coordinates": [
          104.076733,
          30.619383
        ]
      },
      "properties": {
        "name": "锦顺苑",
        "category": "residential",
        "type": "商务住宅;住宅区;住宅小区",
        "district": "武侯区",
        "weight": 1
      }
    },
    {
      "type": "Feature",
      "geometry": {
        "type": "Point",
        "coordinates": [
          104.083295,
          30.610129
        ]
      },
      "properties": {
        "name": "白云花园",
        "category": "residential",
        "type": "商务住宅;住宅区;住宅小区",
        "district": "武侯区",
        "weight": 1
      }
    },
    {
      "type": "Feature",
      "geometry": {
        "type": "Point",
        "coordinates": [
          104.089376,
          30.614312
        ]
      },
      "properties": {
        "name": "翡翠城5期",
        "category": "residential",
        "type": "商务住宅;住宅区;住宅小区",
        "district": "锦江区",
        "weight": 1
      }
    },
    {
      "type": "Feature",
      "geometry": {
        "type": "Point",
        "coordinates": [
          104.087751,
          30.613399
        ]
      },
      "properties": {
        "name": "翡翠城2期",
        "category": "residential",
        "type": "商务住宅;住宅区;住宅小区",
        "district": "锦江区",
        "weight": 1
      }
    },
    {
      "type": "Feature",
      "geometry": {
        "type": "Point",
        "coordinates": [
          104.086906,
          30.615509
        ]
      },
      "properties": {
        "name": "华润置地·翡翠城林语湖畔",
        "category": "residential",
        "type": "商务住宅;住宅区;住宅小区",
        "district": "锦江区",
        "weight": 1
      }
    },
    {
      "type": "Feature",
      "geometry": {
        "type": "Point",
        "coordinates": [
          104.088758,
          30.612584
        ]
      },
      "properties": {
        "name": "翡翠城·汇锦云天",
        "category": "residential",
        "type": "商务住宅;住宅区;住宅小区",
        "district": "锦江区",
        "weight": 1
      }
    },
    {
      "type": "Feature",
      "geometry": {
        "type": "Point",
        "coordinates": [
          104.091616,
          30.614263
        ]
      },
      "properties": {
        "name": "翡翠天地",
        "category": "residential",
        "type": "商务住宅;住宅区;住宅小区",
        "district": "锦江区",
        "weight": 1
      }
    },
    {
      "type": "Feature",
      "geometry": {
        "type": "Point",
        "coordinates": [
          104.091402,
          30.613025
        ]
      },
      "properties": {
        "name": "华润·翡翠城3期",
        "category": "residential",
        "type": "商务住宅;住宅区;住宅小区",
        "district": "锦江区",
        "weight": 1
      }
    },
    {
      "type": "Feature",
      "geometry": {
        "type": "Point",
        "coordinates": [
          104.088814,
          30.617579
        ]
      },
      "properties": {
        "name": "永兴佳苑",
        "category": "residential",
        "type": "商务住宅;住宅区;住宅小区",
        "district": "锦江区",
        "weight": 1
      }
    },
    {
      "type": "Feature",
      "geometry": {
        "type": "Point",
        "coordinates": [
          104.093177,
          30.615178
        ]
      },
      "properties": {
        "name": "华润·翡翠城",
        "category": "residential",
        "type": "商务住宅;住宅区;住宅小区",
        "district": "锦江区",
        "weight": 1
      }
    },
    {
      "type": "Feature",
      "geometry": {
        "type": "Point",
        "coordinates": [
          104.092417,
          30.617138
        ]
      },
      "properties": {
        "name": "东湖国际2期",
        "category": "residential",
        "type": "商务住宅;住宅区;住宅小区",
        "district": "锦江区",
        "weight": 1
      }
    },
    {
      "type": "Feature",
      "geometry": {
        "type": "Point",
        "coordinates": [
          104.090462,
          30.618204
        ]
      },
      "properties": {
        "name": "锦华社区",
        "category": "residential",
        "type": "政府机构及社会团体;政府机关;乡镇以下级政府及事业单位|商务住宅;住宅区;住宅小区",
        "district": "锦江区",
        "weight": 2
      }
    },
    {
      "type": "Feature",
      "geometry": {
        "type": "Point",
        "coordinates": [
          104.091955,
          30.618112
        ]
      },
      "properties": {
        "name": "东湖国际(琉璃路)",
        "category": "residential",
        "type": "商务住宅;住宅区;住宅小区",
        "district": "锦江区",
        "weight": 1
      }
    },
    {
      "type": "Feature",
      "geometry": {
        "type": "Point",
        "coordinates": [
          104.098609,
          30.61375
        ]
      },
      "properties": {
        "name": "晨辉社区",
        "category": "residential",
        "type": "商务住宅;住宅区;住宅小区",
        "district": "锦江区",
        "weight": 1
      }
    },
    {
      "type": "Feature",
      "geometry": {
        "type": "Point",
        "coordinates": [
          104.096796,
          30.614533
        ]
      },
      "properties": {
        "name": "茗兴2期",
        "category": "residential",
        "type": "商务住宅;住宅区;住宅区",
        "district": "锦江区",
        "weight": 1
      }
    },
    {
      "type": "Feature",
      "geometry": {
        "type": "Point",
        "coordinates": [
          104.100437,
          30.614528
        ]
      },
      "properties": {
        "name": "育才·都市家园",
        "category": "residential",
        "type": "商务住宅;住宅区;住宅小区",
        "district": "锦江区",
        "weight": 1
      }
    },
    {
      "type": "Feature",
      "geometry": {
        "type": "Point",
        "coordinates": [
          104.100173,
          30.613535
        ]
      },
      "properties": {
        "name": "育晓小筑",
        "category": "residential",
        "type": "商务住宅;住宅区;住宅区",
        "district": "锦江区",
        "weight": 1
      }
    },
    {
      "type": "Feature",
      "geometry": {
        "type": "Point",
        "coordinates": [
          104.095948,
          30.61328
        ]
      },
      "properties": {
        "name": "康郡城1期",
        "category": "residential",
        "type": "商务住宅;住宅区;住宅小区",
        "district": "锦江区",
        "weight": 1
      }
    },
    {
      "type": "Feature",
      "geometry": {
        "type": "Point",
        "coordinates": [
          104.097327,
          30.61762
        ]
      },
      "properties": {
        "name": "东怡园",
        "category": "residential",
        "type": "商务住宅;住宅区;住宅小区",
        "district": "锦江区",
        "weight": 1
      }
    },
    {
      "type": "Feature",
      "geometry": {
        "type": "Point",
        "coordinates": [
          104.097813,
          30.610983
        ]
      },
      "properties": {
        "name": "金象花园",
        "category": "residential",
        "type": "商务住宅;住宅区;住宅小区",
        "district": "锦江区",
        "weight": 1
      }
    },
    {
      "type": "Feature",
      "geometry": {
        "type": "Point",
        "coordinates": [
          104.095562,
          30.611503
        ]
      },
      "properties": {
        "name": "康郡",
        "category": "residential",
        "type": "商务住宅;住宅区;住宅小区",
        "district": "锦江区",
        "weight": 1
      }
    },
    {
      "type": "Feature",
      "geometry": {
        "type": "Point",
        "coordinates": [
          104.102163,
          30.618426
        ]
      },
      "properties": {
        "name": "新莲新苑",
        "category": "residential",
        "type": "商务住宅;住宅区;住宅小区",
        "district": "锦江区",
        "weight": 2
      }
    },
    {
      "type": "Feature",
      "geometry": {
        "type": "Point",
        "coordinates": [
          104.100848,
          30.609593
        ]
      },
      "properties": {
        "name": "晨辉东路小区",
        "category": "residential",
        "type": "商务住宅;住宅区;住宅小区",
        "district": "锦江区",
        "weight": 1
      }
    },
    {
      "type": "Feature",
      "geometry": {
        "type": "Point",
        "coordinates": [
          104.093771,
          30.610245
        ]
      },
      "properties": {
        "name": "康郡3期",
        "category": "residential",
        "type": "商务住宅;住宅区;住宅区",
        "district": "锦江区",
        "weight": 1
      }
    },
    {
      "type": "Feature",
      "geometry": {
        "type": "Point",
        "coordinates": [
          104.112368,
          30.618552
        ]
      },
      "properties": {
        "name": "万科城市花园(北一门)",
        "category": "residential",
        "type": "商务住宅;住宅区;住宅小区|通行设施;临街院门;临街院门",
        "district": "锦江区",
        "weight": 1
      }
    },
    {
      "type": "Feature",
      "geometry": {
        "type": "Point",
        "coordinates": [
          104.109678,
          30.618239
        ]
      },
      "properties": {
        "name": "学府芳邻(静安路)",
        "category": "residential",
        "type": "商务住宅;住宅区;住宅小区",
        "district": "锦江区",
        "weight": 1
      }
    },
    {
      "type": "Feature",
      "geometry": {
        "type": "Point",
        "coordinates": [
          104.113336,
          30.609441
        ]
      },
      "properties": {
        "name": "城东雅郡",
        "category": "residential",
        "type": "商务住宅;住宅区;住宅小区",
        "district": "锦江区",
        "weight": 1
      }
    },
    {
      "type": "Feature",
      "geometry": {
        "type": "Point",
        "coordinates": [
          104.112941,
          30.614131
        ]
      },
      "properties": {
        "name": "万科城花社区",
        "category": "residential",
        "type": "商务住宅;住宅区;住宅小区",
        "district": "锦江区",
        "weight": 3
      }
    },
    {
      "type": "Feature",
      "geometry": {
        "type": "Point",
        "coordinates": [
          104.104018,
          30.613426
        ]
      },
      "properties": {
        "name": "致瑞雅苑",
        "category": "residential",
        "type": "商务住宅;住宅区;住宅小区",
        "district": "锦江区",
        "weight": 3
      }
    },
    {
      "type": "Feature",
      "geometry": {
        "type": "Point",
        "coordinates": [
          104.107701,
          30.619128
        ]
      },
      "properties": {
        "name": "金色乐章",
        "category": "residential",
        "type": "商务住宅;住宅区;住宅区",
        "district": "锦江区",
        "weight": 1
      }
    },
    {
      "type": "Feature",
      "geometry": {
        "type": "Point",
        "coordinates": [
          104.111803,
          30.613483
        ]
      },
      "properties": {
        "name": "静安路小区",
        "category": "residential",
        "type": "商务住宅;住宅区;住宅小区",
        "district": "锦江区",
        "weight": 1
      }
    },
    {
      "type": "Feature",
      "geometry": {
        "type": "Point",
        "coordinates": [
          104.103761,
          30.612246
        ]
      },
      "properties": {
        "name": "致瑞雅苑B区",
        "category": "residential",
        "type": "商务住宅;住宅区;住宅小区",
        "district": "锦江区",
        "weight": 1
      }
    },
    {
      "type": "Feature",
      "geometry": {
        "type": "Point",
        "coordinates": [
          104.117442,
          30.615299
        ]
      },
      "properties": {
        "name": "菱安路103号院",
        "category": "residential",
        "type": "商务住宅;住宅区;住宅区",
        "district": "锦江区",
        "weight": 1
      }
    },
    {
      "type": "Feature",
      "geometry": {
        "type": "Point",
        "coordinates": [
          104.116889,
          30.613781
        ]
      },
      "properties": {
        "name": "瀚林·美居",
        "category": "residential",
        "type": "商务住宅;住宅区;住宅小区",
        "district": "锦江区",
        "weight": 1
      }
    },
    {
      "type": "Feature",
      "geometry": {
        "type": "Point",
        "coordinates": [
          104.115201,
          30.612714
        ]
      },
      "properties": {
        "name": "华润·幸福里",
        "category": "residential",
        "type": "商务住宅;住宅区;住宅小区",
        "district": "锦江区",
        "weight": 4
      }
    },
    {
      "type": "Feature",
      "geometry": {
        "type": "Point",
        "coordinates": [
          104.11452,
          30.616333
        ]
      },
      "properties": {
        "name": "万科城市花园(静安路)",
        "category": "residential",
        "type": "商务住宅;住宅区;住宅小区",
        "district": "锦江区",
        "weight": 1
      }
    },
    {
      "type": "Feature",
      "geometry": {
        "type": "Point",
        "coordinates": [
          104.123139,
          30.613899
        ]
      },
      "properties": {
        "name": "川师聚贤楼",
        "category": "residential",
        "type": "商务住宅;住宅区;住宅区",
        "district": "锦江区",
        "weight": 1
      }
    },
    {
      "type": "Feature",
      "geometry": {
        "type": "Point",
        "coordinates": [
          104.115325,
          30.61129
        ]
      },
      "properties": {
        "name": "德馨苑(菱安路)",
        "category": "residential",
        "type": "商务住宅;住宅区;住宅小区",
        "district": "锦江区",
        "weight": 1
      }
    },
    {
      "type": "Feature",
      "geometry": {
        "type": "Point",
        "coordinates": [
          104.118875,
          30.618728
        ]
      },
      "properties": {
        "name": "爱丁郡院",
        "category": "residential",
        "type": "商务住宅;住宅区;住宅小区",
        "district": "锦江区",
        "weight": 1
      }
    },
    {
      "type": "Feature",
      "geometry": {
        "type": "Point",
        "coordinates": [
          104.123583,
          30.616277
        ]
      },
      "properties": {
        "name": "锦江区阳光家园",
        "category": "residential",
        "type": "商务住宅;住宅区;住宅小区",
        "district": "锦江区",
        "weight": 2
      }
    },
    {
      "type": "Feature",
      "geometry": {
        "type": "Point",
        "coordinates": [
          104.117911,
          30.610073
        ]
      },
      "properties": {
        "name": "香樟苑(潼川南路)",
        "category": "residential",
        "type": "商务住宅;住宅区;住宅小区",
        "district": "锦江区",
        "weight": 1
      }
    },
    {
      "type": "Feature",
      "geometry": {
        "type": "Point",
        "coordinates": [
          104.11778,
          30.618907
        ]
      },
      "properties": {
        "name": "辉煌佳苑",
        "category": "residential",
        "type": "商务住宅;住宅区;住宅小区",
        "district": "锦江区",
        "weight": 1
      }
    },
    {
      "type": "Feature",
      "geometry": {
        "type": "Point",
        "coordinates": [
          104.119267,
          30.609502
        ]
      },
      "properties": {
        "name": "四川师范大学桂苑",
        "category": "residential",
        "type": "商务住宅;住宅区;住宅小区",
        "district": "锦江区",
        "weight": 1
      }
    },
    {
      "type": "Feature",
      "geometry": {
        "type": "Point",
        "coordinates": [
          104.115252,
          30.610227
        ]
      },
      "properties": {
        "name": "校园春天",
        "category": "residential",
        "type": "商务住宅;住宅区;住宅小区",
        "district": "锦江区",
        "weight": 1
      }
    },
    {
      "type": "Feature",
      "geometry": {
        "type": "Point",
        "coordinates": [
          104.121995,
          30.610281
        ]
      },
      "properties": {
        "name": "桂苑小区30栋",
        "category": "residential",
        "type": "商务住宅;住宅区;住宅小区",
        "district": "锦江区",
        "weight": 2
      }
    },
    {
      "type": "Feature",
      "geometry": {
        "type": "Point",
        "coordinates": [
          104.122285,
          30.618669
        ]
      },
      "properties": {
        "name": "嘉和园",
        "category": "residential",
        "type": "商务住宅;住宅区;住宅小区",
        "district": "锦江区",
        "weight": 1
      }
    },
    {
      "type": "Feature",
      "geometry": {
        "type": "Point",
        "coordinates": [
          104.127044,
          30.615733
        ]
      },
      "properties": {
        "name": "大观祥苑",
        "category": "residential",
        "type": "商务住宅;住宅区;住宅小区",
        "district": "锦江区",
        "weight": 1
      }
    },
    {
      "type": "Feature",
      "geometry": {
        "type": "Point",
        "coordinates": [
          104.126107,
          30.614089
        ]
      },
      "properties": {
        "name": "华润·凯旋天地",
        "category": "residential",
        "type": "商务住宅;住宅区;住宅小区",
        "district": "锦江区",
        "weight": 1
      }
    },
    {
      "type": "Feature",
      "geometry": {
        "type": "Point",
        "coordinates": [
          104.131391,
          30.614472
        ]
      },
      "properties": {
        "name": "大观苑",
        "category": "residential",
        "type": "商务住宅;住宅区;住宅区",
        "district": "锦江区",
        "weight": 1
      }
    },
    {
      "type": "Feature",
      "geometry": {
        "type": "Point",
        "coordinates": [
          104.12853,
          30.611944
        ]
      },
      "properties": {
        "name": "海桐苑1期",
        "category": "residential",
        "type": "商务住宅;住宅区;住宅区",
        "district": "锦江区",
        "weight": 1
      }
    },
    {
      "type": "Feature",
      "geometry": {
        "type": "Point",
        "coordinates": [
          104.130091,
          30.61214
        ]
      },
      "properties": {
        "name": "东方丽景(国槐街)",
        "category": "residential",
        "type": "商务住宅;住宅区;住宅小区",
        "district": "锦江区",
        "weight": 1
      }
    },
    {
      "type": "Feature",
      "geometry": {
        "type": "Point",
        "coordinates": [
          104.127649,
          30.61143
        ]
      },
      "properties": {
        "name": "国槐路社区",
        "category": "residential",
        "type": "商务住宅;住宅区;住宅小区",
        "district": "锦江区",
        "weight": 1
      }
    },
    {
      "type": "Feature",
      "geometry": {
        "type": "Point",
        "coordinates": [
          104.125609,
          30.617108
        ]
      },
      "properties": {
        "name": "比华利国际城1期",
        "category": "residential",
        "type": "商务住宅;住宅区;住宅小区",
        "district": "锦江区",
        "weight": 1
      }
    },
    {
      "type": "Feature",
      "geometry": {
        "type": "Point",
        "coordinates": [
          104.129307,
          30.61802
        ]
      },
      "properties": {
        "name": "锦江国际花园(中环路锦绣大道段)",
        "category": "residential",
        "type": "商务住宅;住宅区;住宅小区",
        "district": "锦江区",
        "weight": 1
      }
    },
    {
      "type": "Feature",
      "geometry": {
        "type": "Point",
        "coordinates": [
          104.13347,
          30.614331
        ]
      },
      "properties": {
        "name": "领域",
        "category": "residential",
        "type": "商务住宅;住宅区;住宅小区",
        "district": "锦江区",
        "weight": 1
      }
    },
    {
      "type": "Feature",
      "geometry": {
        "type": "Point",
        "coordinates": [
          104.133054,
          30.611177
        ]
      },
      "properties": {
        "name": "紫东梵谷",
        "category": "residential",
        "type": "商务住宅;住宅区;住宅小区",
        "district": "锦江区",
        "weight": 7
      }
    },
    {
      "type": "Feature",
      "geometry": {
        "type": "Point",
        "coordinates": [
          104.127533,
          30.612641
        ]
      },
      "properties": {
        "name": "成龙路街道综合文化活动中心(东北门)",
        "category": "residential",
        "type": "商务住宅;住宅区;住宅小区",
        "district": "锦江区",
        "weight": 1
      }
    },
    {
      "type": "Feature",
      "geometry": {
        "type": "Point",
        "coordinates": [
          104.12654,
          30.619129
        ]
      },
      "properties": {
        "name": "比华利国际城",
        "category": "residential",
        "type": "商务住宅;住宅区;住宅小区",
        "district": "锦江区",
        "weight": 1
      }
    },
    {
      "type": "Feature",
      "geometry": {
        "type": "Point",
        "coordinates": [
          104.126491,
          30.609448
        ]
      },
      "properties": {
        "name": "海桐一期(东门)",
        "category": "residential",
        "type": "商务住宅;住宅区;住宅小区",
        "district": "锦江区",
        "weight": 1
      }
    },
    {
      "type": "Feature",
      "geometry": {
        "type": "Point",
        "coordinates": [
          104.141686,
          30.610404
        ]
      },
      "properties": {
        "name": "468公馆",
        "category": "residential",
        "type": "商务住宅;住宅区;住宅小区",
        "district": "锦江区",
        "weight": 2
      }
    },
    {
      "type": "Feature",
      "geometry": {
        "type": "Point",
        "coordinates": [
          104.13486,
          30.611743
        ]
      },
      "properties": {
        "name": "紫东·丽景",
        "category": "residential",
        "type": "商务住宅;住宅区;住宅小区",
        "district": "锦江区",
        "weight": 1
      }
    },
    {
      "type": "Feature",
      "geometry": {
        "type": "Point",
        "coordinates": [
          104.133733,
          30.617261
        ]
      },
      "properties": {
        "name": "东城印象",
        "category": "residential",
        "type": "商务住宅;住宅区;住宅小区",
        "district": "锦江区",
        "weight": 1
      }
    },
    {
      "type": "Feature",
      "geometry": {
        "type": "Point",
        "coordinates": [
          104.142054,
          30.611891
        ]
      },
      "properties": {
        "name": "人居锦尚春天A区",
        "category": "residential",
        "type": "商务住宅;住宅区;住宅小区",
        "district": "锦江区",
        "weight": 1
      }
    },
    {
      "type": "Feature",
      "geometry": {
        "type": "Point",
        "coordinates": [
          104.137087,
          30.609943
        ]
      },
      "properties": {
        "name": "人居·锦尚春天B区",
        "category": "residential",
        "type": "商务住宅;住宅区;住宅小区",
        "district": "锦江区",
        "weight": 1
      }
    },
    {
      "type": "Feature",
      "geometry": {
        "type": "Point",
        "coordinates": [
          104.138949,
          30.609838
        ]
      },
      "properties": {
        "name": "468公馆3期",
        "category": "residential",
        "type": "商务住宅;住宅区;住宅小区",
        "district": "锦江区",
        "weight": 1
      }
    },
    {
      "type": "Feature",
      "geometry": {
        "type": "Point",
        "coordinates": [
          103.966709,
          30.607601
        ]
      },
      "properties": {
        "name": "江安河畔",
        "category": "residential",
        "type": "商务住宅;住宅区;住宅小区",
        "district": "武侯区",
        "weight": 1
      }
    },
    {
      "type": "Feature",
      "geometry": {
        "type": "Point",
        "coordinates": [
          103.964968,
          30.606248
        ]
      },
      "properties": {
        "name": "金花社区",
        "category": "residential",
        "type": "商务住宅;住宅区;住宅小区",
        "district": "武侯区",
        "weight": 1
      }
    },
    {
      "type": "Feature",
      "geometry": {
        "type": "Point",
        "coordinates": [
          103.982402,
          30.608574
        ]
      },
      "properties": {
        "name": "绿地·圣路易名邸",
        "category": "residential",
        "type": "商务住宅;住宅区;住宅小区",
        "district": "武侯区",
        "weight": 1
      }
    },
    {
      "type": "Feature",
      "geometry": {
        "type": "Point",
        "coordinates": [
          103.980939,
          30.604196
        ]
      },
      "properties": {
        "name": "美丽都汇",
        "category": "residential",
        "type": "商务住宅;住宅区;住宅小区",
        "district": "武侯区",
        "weight": 1
      }
    },
    {
      "type": "Feature",
      "geometry": {
        "type": "Point",
        "coordinates": [
          103.977606,
          30.608653
        ]
      },
      "properties": {
        "name": "首信汇",
        "category": "residential",
        "type": "商务住宅;住宅区;住宅小区",
        "district": "武侯区",
        "weight": 1
      }
    },
    {
      "type": "Feature",
      "geometry": {
        "type": "Point",
        "coordinates": [
          103.989928,
          30.604555
        ]
      },
      "properties": {
        "name": "童子林小区",
        "category": "residential",
        "type": "商务住宅;住宅区;住宅小区",
        "district": "武侯区",
        "weight": 7
      }
    },
    {
      "type": "Feature",
      "geometry": {
        "type": "Point",
        "coordinates": [
          103.988227,
          30.605256
        ]
      },
      "properties": {
        "name": "芳华苑(龙井西街)",
        "category": "residential",
        "type": "商务住宅;住宅区;住宅小区",
        "district": "武侯区",
        "weight": 2
      }
    },
    {
      "type": "Feature",
      "geometry": {
        "type": "Point",
        "coordinates": [
          103.98767,
          30.603945
        ]
      },
      "properties": {
        "name": "望锦配套小区",
        "category": "residential",
        "type": "商务住宅;住宅区;住宅小区",
        "district": "武侯区",
        "weight": 2
      }
    },
    {
      "type": "Feature",
      "geometry": {
        "type": "Point",
        "coordinates": [
          103.986845,
          30.605804
        ]
      },
      "properties": {
        "name": "祥龙居",
        "category": "residential",
        "type": "商务住宅;住宅区;住宅小区",
        "district": "武侯区",
        "weight": 3
      }
    },
    {
      "type": "Feature",
      "geometry": {
        "type": "Point",
        "coordinates": [
          103.986526,
          30.603669
        ]
      },
      "properties": {
        "name": "望锦西街81号院",
        "category": "residential",
        "type": "商务住宅;住宅区;住宅小区",
        "district": "武侯区",
        "weight": 2
      }
    },
    {
      "type": "Feature",
      "geometry": {
        "type": "Point",
        "coordinates": [
          103.990461,
          30.602618
        ]
      },
      "properties": {
        "name": "簇兴苑小区",
        "category": "residential",
        "type": "商务住宅;住宅区;住宅小区",
        "district": "武侯区",
        "weight": 2
      }
    },
    {
      "type": "Feature",
      "geometry": {
        "type": "Point",
        "coordinates": [
          103.992691,
          30.603196
        ]
      },
      "properties": {
        "name": "牛儿桥",
        "category": "residential",
        "type": "商务住宅;住宅区;住宅小区",
        "district": "武侯区",
        "weight": 15
      }
    },
    {
      "type": "Feature",
      "geometry": {
        "type": "Point",
        "coordinates": [
          103.98912,
          30.607368
        ]
      },
      "properties": {
        "name": "怡沁苑",
        "category": "residential",
        "type": "商务住宅;住宅区;住宅小区",
        "district": "武侯区",
        "weight": 2
      }
    },
    {
      "type": "Feature",
      "geometry": {
        "type": "Point",
        "coordinates": [
          103.987906,
          30.60795
        ]
      },
      "properties": {
        "name": "龙锦苑5区",
        "category": "residential",
        "type": "商务住宅;住宅区;住宅小区",
        "district": "武侯区",
        "weight": 2
      }
    },
    {
      "type": "Feature",
      "geometry": {
        "type": "Point",
        "coordinates": [
          103.986324,
          30.602141
        ]
      },
      "properties": {
        "name": "望锦西街9号院",
        "category": "residential",
        "type": "商务住宅;住宅区;住宅小区",
        "district": "武侯区",
        "weight": 2
      }
    },
    {
      "type": "Feature",
      "geometry": {
        "type": "Point",
        "coordinates": [
          103.990823,
          30.60745
        ]
      },
      "properties": {
        "name": "龙锦苑2区",
        "category": "residential",
        "type": "商务住宅;住宅区;住宅小区",
        "district": "武侯区",
        "weight": 1
      }
    },
    {
      "type": "Feature",
      "geometry": {
        "type": "Point",
        "coordinates": [
          103.992751,
          30.606036
        ]
      },
      "properties": {
        "name": "龙锦苑3区",
        "category": "residential",
        "type": "商务住宅;住宅区;住宅小区",
        "district": "武侯区",
        "weight": 1
      }
    },
    {
      "type": "Feature",
      "geometry": {
        "type": "Point",
        "coordinates": [
          103.989523,
          30.609004
        ]
      },
      "properties": {
        "name": "龙锦慧苑",
        "category": "residential",
        "type": "商务住宅;住宅区;住宅小区",
        "district": "武侯区",
        "weight": 1
      }
    },
    {
      "type": "Feature",
      "geometry": {
        "type": "Point",
        "coordinates": [
          103.989435,
          30.599259
        ]
      },
      "properties": {
        "name": "红怡苑",
        "category": "residential",
        "type": "商务住宅;住宅区;住宅小区",
        "district": "武侯区",
        "weight": 7
      }
    },
    {
      "type": "Feature",
      "geometry": {
        "type": "Point",
        "coordinates": [
          103.985523,
          30.608998
        ]
      },
      "properties": {
        "name": "中海锦城",
        "category": "residential",
        "type": "商务住宅;住宅区;住宅区",
        "district": "武侯区",
        "weight": 2
      }
    },
    {
      "type": "Feature",
      "geometry": {
        "type": "Point",
        "coordinates": [
          103.993368,
          30.608269
        ]
      },
      "properties": {
        "name": "文锦街1号院",
        "category": "residential",
        "type": "商务住宅;住宅区;住宅小区",
        "district": "武侯区",
        "weight": 1
      }
    },
    {
      "type": "Feature",
      "geometry": {
        "type": "Point",
        "coordinates": [
          103.997947,
          30.604956
        ]
      },
      "properties": {
        "name": "名苑3区",
        "category": "residential",
        "type": "商务住宅;住宅区;住宅小区",
        "district": "武侯区",
        "weight": 4
      }
    },
    {
      "type": "Feature",
      "geometry": {
        "type": "Point",
        "coordinates": [
          103.995749,
          30.604863
        ]
      },
      "properties": {
        "name": "簇锦苑",
        "category": "residential",
        "type": "商务住宅;住宅区;住宅小区",
        "district": "武侯区",
        "weight": 14
      }
    },
    {
      "type": "Feature",
      "geometry": {
        "type": "Point",
        "coordinates": [
          103.996628,
          30.607124
        ]
      },
      "properties": {
        "name": "华兴南街3区",
        "category": "residential",
        "type": "商务住宅;住宅区;住宅小区",
        "district": "武侯区",
        "weight": 3
      }
    },
    {
      "type": "Feature",
      "geometry": {
        "type": "Point",
        "coordinates": [
          103.999703,
          30.607373
        ]
      },
      "properties": {
        "name": "沈家桥社区",
        "category": "residential",
        "type": "商务住宅;住宅区;住宅小区",
        "district": "武侯区",
        "weight": 1
      }
    },
    {
      "type": "Feature",
      "geometry": {
        "type": "Point",
        "coordinates": [
          103.998864,
          30.608088
        ]
      },
      "properties": {
        "name": "蓝光·金悦城",
        "category": "residential",
        "type": "商务住宅;住宅区;住宅小区",
        "district": "武侯区",
        "weight": 1
      }
    },
    {
      "type": "Feature",
      "geometry": {
        "type": "Point",
        "coordinates": [
          103.999741,
          30.608643
        ]
      },
      "properties": {
        "name": "南锦苑",
        "category": "residential",
        "type": "商务住宅;住宅区;住宅小区",
        "district": "武侯区",
        "weight": 1
      }
    },
    {
      "type": "Feature",
      "geometry": {
        "type": "Point",
        "coordinates": [
          103.99418,
          30.606669
        ]
      },
      "properties": {
        "name": "龙井南街170号院",
        "category": "residential",
        "type": "商务住宅;住宅区;住宅小区",
        "district": "武侯区",
        "weight": 1
      }
    },
    {
      "type": "Feature",
      "geometry": {
        "type": "Point",
        "coordinates": [
          103.996424,
          30.60055
        ]
      },
      "properties": {
        "name": "簇锦家园",
        "category": "residential",
        "type": "商务住宅;住宅区;住宅小区",
        "district": "武侯区",
        "weight": 1
      }
    },
    {
      "type": "Feature",
      "geometry": {
        "type": "Point",
        "coordinates": [
          103.995246,
          30.60819
        ]
      },
      "properties": {
        "name": "龙井新村",
        "category": "residential",
        "type": "商务住宅;住宅区;住宅小区",
        "district": "武侯区",
        "weight": 2
      }
    },
    {
      "type": "Feature",
      "geometry": {
        "type": "Point",
        "coordinates": [
          103.994626,
          30.60917
        ]
      },
      "properties": {
        "name": "文锦街2号院(文锦街)",
        "category": "residential",
        "type": "商务住宅;住宅区;住宅小区",
        "district": "武侯区",
        "weight": 1
      }
    },
    {
      "type": "Feature",
      "geometry": {
        "type": "Point",
        "coordinates": [
          104.010574,
          30.600165
        ]
      },
      "properties": {
        "name": "蓝星苑",
        "category": "residential",
        "type": "商务住宅;住宅区;住宅小区",
        "district": "武侯区",
        "weight": 1
      }
    },
    {
      "type": "Feature",
      "geometry": {
        "type": "Point",
        "coordinates": [
          104.026842,
          30.605992
        ]
      },
      "properties": {
        "name": "新北5期",
        "category": "residential",
        "type": "商务住宅;住宅区;住宅小区",
        "district": "武侯区",
        "weight": 4
      }
    },
    {
      "type": "Feature",
      "geometry": {
        "type": "Point",
        "coordinates": [
          104.030132,
          30.605824
        ]
      },
      "properties": {
        "name": "庆安社区",
        "category": "residential",
        "type": "商务住宅;住宅区;住宅小区",
        "district": "武侯区",
        "weight": 1
      }
    },
    {
      "type": "Feature",
      "geometry": {
        "type": "Point",
        "coordinates": [
          104.025166,
          30.603788
        ]
      },
      "properties": {
        "name": "太平寺10号",
        "category": "residential",
        "type": "商务住宅;住宅区;住宅区",
        "district": "武侯区",
        "weight": 1
      }
    },
    {
      "type": "Feature",
      "geometry": {
        "type": "Point",
        "coordinates": [
          104.025212,
          30.606672
        ]
      },
      "properties": {
        "name": "新雅中街41号院",
        "category": "residential",
        "type": "商务住宅;住宅区;住宅区",
        "district": "武侯区",
        "weight": 2
      }
    },
    {
      "type": "Feature",
      "geometry": {
        "type": "Point",
        "coordinates": [
          104.024082,
          30.606124
        ]
      },
      "properties": {
        "name": "庆安社区西区",
        "category": "residential",
        "type": "商务住宅;住宅区;住宅小区",
        "district": "武侯区",
        "weight": 1
      }
    },
    {
      "type": "Feature",
      "geometry": {
        "type": "Point",
        "coordinates": [
          104.033158,
          30.601919
        ]
      },
      "properties": {
        "name": "波特兰小镇",
        "category": "residential",
        "type": "商务住宅;住宅区;住宅小区",
        "district": "武侯区",
        "weight": 2
      }
    },
    {
      "type": "Feature",
      "geometry": {
        "type": "Point",
        "coordinates": [
          104.032613,
          30.600134
        ]
      },
      "properties": {
        "name": "加州阳光南区",
        "category": "residential",
        "type": "商务住宅;住宅区;住宅小区",
        "district": "武侯区",
        "weight": 1
      }
    },
    {
      "type": "Feature",
      "geometry": {
        "type": "Point",
        "coordinates": [
          104.024208,
          30.609332
        ]
      },
      "properties": {
        "name": "新雅正街2号院",
        "category": "residential",
        "type": "商务住宅;住宅区;住宅小区",
        "district": "武侯区",
        "weight": 1
      }
    },
    {
      "type": "Feature",
      "geometry": {
        "type": "Point",
        "coordinates": [
          104.038362,
          30.60481
        ]
      },
      "properties": {
        "name": "润新花园A区",
        "category": "residential",
        "type": "商务住宅;住宅区;住宅小区",
        "district": "武侯区",
        "weight": 2
      }
    },
    {
      "type": "Feature",
      "geometry": {
        "type": "Point",
        "coordinates": [
          104.039286,
          30.605982
        ]
      },
      "properties": {
        "name": "中房润新花园",
        "category": "residential",
        "type": "商务住宅;住宅区;住宅小区",
        "district": "武侯区",
        "weight": 1
      }
    },
    {
      "type": "Feature",
      "geometry": {
        "type": "Point",
        "coordinates": [
          104.041727,
          30.605795
        ]
      },
      "properties": {
        "name": "安信花园",
        "category": "residential",
        "type": "商务住宅;住宅区;住宅小区",
        "district": "武侯区",
        "weight": 3
      }
    },
    {
      "type": "Feature",
      "geometry": {
        "type": "Point",
        "coordinates": [
          104.036911,
          30.601702
        ]
      },
      "properties": {
        "name": "城南公馆",
        "category": "residential",
        "type": "商务住宅;住宅区;住宅小区",
        "district": "武侯区",
        "weight": 2
      }
    },
    {
      "type": "Feature",
      "geometry": {
        "type": "Point",
        "coordinates": [
          104.03494,
          30.603311
        ]
      },
      "properties": {
        "name": "温哥华水城",
        "category": "residential",
        "type": "商务住宅;住宅区;住宅小区",
        "district": "武侯区",
        "weight": 1
      }
    },
    {
      "type": "Feature",
      "geometry": {
        "type": "Point",
        "coordinates": [
          104.035323,
          30.601964
        ]
      },
      "properties": {
        "name": "美洲花园",
        "category": "residential",
        "type": "商务住宅;住宅区;住宅小区",
        "district": "武侯区",
        "weight": 1
      }
    },
    {
      "type": "Feature",
      "geometry": {
        "type": "Point",
        "coordinates": [
          104.03719,
          30.608064
        ]
      },
      "properties": {
        "name": "兴元丽都",
        "category": "residential",
        "type": "商务住宅;住宅区;住宅小区",
        "district": "武侯区",
        "weight": 1
      }
    },
    {
      "type": "Feature",
      "geometry": {
        "type": "Point",
        "coordinates": [
          104.035483,
          30.600663
        ]
      },
      "properties": {
        "name": "密苏里小城",
        "category": "residential",
        "type": "商务住宅;住宅区;住宅小区",
        "district": "武侯区",
        "weight": 1
      }
    },
    {
      "type": "Feature",
      "geometry": {
        "type": "Point",
        "coordinates": [
          104.040381,
          30.609313
        ]
      },
      "properties": {
        "name": "新北社区",
        "category": "residential",
        "type": "商务住宅;住宅区;住宅小区",
        "district": "武侯区",
        "weight": 1
      }
    },
    {
      "type": "Feature",
      "geometry": {
        "type": "Point",
        "coordinates": [
          104.033735,
          30.607625
        ]
      },
      "properties": {
        "name": "新光社区文韵苑",
        "category": "residential",
        "type": "商务住宅;住宅区;住宅小区",
        "district": "武侯区",
        "weight": 1
      }
    },
    {
      "type": "Feature",
      "geometry": {
        "type": "Point",
        "coordinates": [
          104.034568,
          30.60899
        ]
      },
      "properties": {
        "name": "新光社区文景苑",
        "category": "residential",
        "type": "商务住宅;住宅区;住宅小区",
        "district": "武侯区",
        "weight": 1
      }
    },
    {
      "type": "Feature",
      "geometry": {
        "type": "Point",
        "coordinates": [
          104.049462,
          30.60214
        ]
      },
      "properties": {
        "name": "中海·翠屏湾",
        "category": "residential",
        "type": "商务住宅;住宅区;住宅小区",
        "district": "武侯区",
        "weight": 1
      }
    },
    {
      "type": "Feature",
      "geometry": {
        "type": "Point",
        "coordinates": [
          104.050623,
          30.604282
        ]
      },
      "properties": {
        "name": "蓝光·公馆1881",
        "category": "residential",
        "type": "商务住宅;住宅区;住宅小区",
        "district": "武侯区",
        "weight": 1
      }
    },
    {
      "type": "Feature",
      "geometry": {
        "type": "Point",
        "coordinates": [
          104.052614,
          30.605089
        ]
      },
      "properties": {
        "name": "南钻·威尼斯",
        "category": "residential",
        "type": "商务住宅;住宅区;住宅小区",
        "district": "武侯区",
        "weight": 1
      }
    },
    {
      "type": "Feature",
      "geometry": {
        "type": "Point",
        "coordinates": [
          104.059022,
          30.606064
        ]
      },
      "properties": {
        "name": "江南岸",
        "category": "residential",
        "type": "商务住宅;住宅区;住宅小区",
        "district": "武侯区",
        "weight": 2
      }
    },
    {
      "type": "Feature",
      "geometry": {
        "type": "Point",
        "coordinates": [
          104.061936,
          30.604643
        ]
      },
      "properties": {
        "name": "御苑",
        "category": "residential",
        "type": "商务住宅;住宅区;住宅小区",
        "district": "武侯区",
        "weight": 1
      }
    },
    {
      "type": "Feature",
      "geometry": {
        "type": "Point",
        "coordinates": [
          104.060162,
          30.607118
        ]
      },
      "properties": {
        "name": "都会路苑",
        "category": "residential",
        "type": "商务住宅;住宅区;住宅小区",
        "district": "武侯区",
        "weight": 1
      }
    },
    {
      "type": "Feature",
      "geometry": {
        "type": "Point",
        "coordinates": [
          104.056476,
          30.601826
        ]
      },
      "properties": {
        "name": "城市春天",
        "category": "residential",
        "type": "商务住宅;住宅区;住宅小区",
        "district": "武侯区",
        "weight": 1
      }
    },
    {
      "type": "Feature",
      "geometry": {
        "type": "Point",
        "coordinates": [
          104.056375,
          30.608196
        ]
      },
      "properties": {
        "name": "合景叠翠峰",
        "category": "residential",
        "type": "商务住宅;住宅区;住宅小区",
        "district": "武侯区",
        "weight": 1
      }
    },
    {
      "type": "Feature",
      "geometry": {
        "type": "Point",
        "coordinates": [
          104.05356,
          30.606745
        ]
      },
      "properties": {
        "name": "桐梓林壹号",
        "category": "residential",
        "type": "商务住宅;住宅区;住宅小区",
        "district": "武侯区",
        "weight": 1
      }
    },
    {
      "type": "Feature",
      "geometry": {
        "type": "Point",
        "coordinates": [
          104.06912,
          30.602989
        ]
      },
      "properties": {
        "name": "南晶国际·南庭",
        "category": "residential",
        "type": "商务住宅;住宅区;住宅小区",
        "district": "武侯区",
        "weight": 1
      }
    },
    {
      "type": "Feature",
      "geometry": {
        "type": "Point",
        "coordinates": [
          104.070793,
          30.605068
        ]
      },
      "properties": {
        "name": "和平祥苑",
        "category": "residential",
        "type": "商务住宅;住宅区;住宅小区",
        "district": "武侯区",
        "weight": 1
      }
    },
    {
      "type": "Feature",
      "geometry": {
        "type": "Point",
        "coordinates": [
          104.070592,
          30.60301
        ]
      },
      "properties": {
        "name": "皇城花卉",
        "category": "residential",
        "type": "商务住宅;住宅区;住宅小区",
        "district": "武侯区",
        "weight": 1
      }
    },
    {
      "type": "Feature",
      "geometry": {
        "type": "Point",
        "coordinates": [
          104.067812,
          30.60676
        ]
      },
      "properties": {
        "name": "情真苑",
        "category": "residential",
        "type": "商务住宅;住宅区;住宅区",
        "district": "武侯区",
        "weight": 2
      }
    },
    {
      "type": "Feature",
      "geometry": {
        "type": "Point",
        "coordinates": [
          104.071051,
          30.606891
        ]
      },
      "properties": {
        "name": "南都领秀",
        "category": "residential",
        "type": "商务住宅;住宅区;住宅小区",
        "district": "武侯区",
        "weight": 7
      }
    },
    {
      "type": "Feature",
      "geometry": {
        "type": "Point",
        "coordinates": [
          104.069125,
          30.60154
        ]
      },
      "properties": {
        "name": "天和国际",
        "category": "residential",
        "type": "商务住宅;住宅区;住宅小区",
        "district": "武侯区",
        "weight": 1
      }
    },
    {
      "type": "Feature",
      "geometry": {
        "type": "Point",
        "coordinates": [
          104.070237,
          30.601653
        ]
      },
      "properties": {
        "name": "和平锦苑",
        "category": "residential",
        "type": "商务住宅;住宅区;住宅小区",
        "district": "武侯区",
        "weight": 1
      }
    },
    {
      "type": "Feature",
      "geometry": {
        "type": "Point",
        "coordinates": [
          104.072774,
          30.605972
        ]
      },
      "properties": {
        "name": "和平瑞苑",
        "category": "residential",
        "type": "商务住宅;住宅区;住宅小区",
        "district": "武侯区",
        "weight": 2
      }
    },
    {
      "type": "Feature",
      "geometry": {
        "type": "Point",
        "coordinates": [
          104.072633,
          30.602133
        ]
      },
      "properties": {
        "name": "人居锦尚天华",
        "category": "residential",
        "type": "商务住宅;住宅区;住宅小区",
        "district": "武侯区",
        "weight": 1
      }
    },
    {
      "type": "Feature",
      "geometry": {
        "type": "Point",
        "coordinates": [
          104.079029,
          30.605463
        ]
      },
      "properties": {
        "name": "锦江畔",
        "category": "residential",
        "type": "商务住宅;住宅区;住宅小区",
        "district": "武侯区",
        "weight": 3
      }
    },
    {
      "type": "Feature",
      "geometry": {
        "type": "Point",
        "coordinates": [
          104.082233,
          30.603423
        ]
      },
      "properties": {
        "name": "成都电力金具总厂家属区",
        "category": "residential",
        "type": "商务住宅;住宅区;住宅小区",
        "district": "锦江区",
        "weight": 1
      }
    },
    {
      "type": "Feature",
      "geometry": {
        "type": "Point",
        "coordinates": [
          104.080774,
          30.607614
        ]
      },
      "properties": {
        "name": "长桂源",
        "category": "residential",
        "type": "商务住宅;住宅区;住宅小区",
        "district": "武侯区",
        "weight": 3
      }
    },
    {
      "type": "Feature",
      "geometry": {
        "type": "Point",
        "coordinates": [
          104.074186,
          30.605562
        ]
      },
      "properties": {
        "name": "和平社区(天和东街)",
        "category": "residential",
        "type": "商务住宅;住宅区;住宅小区",
        "district": "武侯区",
        "weight": 1
      }
    },
    {
      "type": "Feature",
      "geometry": {
        "type": "Point",
        "coordinates": [
          104.081425,
          30.601094
        ]
      },
      "properties": {
        "name": "蓝光·凯丽香江",
        "category": "residential",
        "type": "商务住宅;住宅区;住宅小区",
        "district": "锦江区",
        "weight": 1
      }
    },
    {
      "type": "Feature",
      "geometry": {
        "type": "Point",
        "coordinates": [
          104.07389,
          30.60198
        ]
      },
      "properties": {
        "name": "南延新苑",
        "category": "residential",
        "type": "商务住宅;住宅区;住宅小区",
        "district": "武侯区",
        "weight": 1
      }
    },
    {
      "type": "Feature",
      "geometry": {
        "type": "Point",
        "coordinates": [
          104.08278,
          30.607355
        ]
      },
      "properties": {
        "name": "东苑A区(桂溪东路)",
        "category": "residential",
        "type": "商务住宅;住宅区;住宅小区",
        "district": "武侯区",
        "weight": 1
      }
    },
    {
      "type": "Feature",
      "geometry": {
        "type": "Point",
        "coordinates": [
          104.073608,
          30.607217
        ]
      },
      "properties": {
        "name": "天仁北二街2号院",
        "category": "residential",
        "type": "商务住宅;住宅区;住宅小区",
        "district": "武侯区",
        "weight": 1
      }
    },
    {
      "type": "Feature",
      "geometry": {
        "type": "Point",
        "coordinates": [
          104.086942,
          30.600077
        ]
      },
      "properties": {
        "name": "龙光·天悦龙庭",
        "category": "residential",
        "type": "商务住宅;住宅区;住宅小区",
        "district": "锦江区",
        "weight": 1
      }
    },
    {
      "type": "Feature",
      "geometry": {
        "type": "Point",
        "coordinates": [
          104.090781,
          30.606684
        ]
      },
      "properties": {
        "name": "柳江新居",
        "category": "residential",
        "type": "商务住宅;住宅区;住宅小区",
        "district": "锦江区",
        "weight": 1
      }
    },
    {
      "type": "Feature",
      "geometry": {
        "type": "Point",
        "coordinates": [
          104.087654,
          30.60666
        ]
      },
      "properties": {
        "name": "柳江社区",
        "category": "residential",
        "type": "商务住宅;住宅区;住宅小区",
        "district": "锦江区",
        "weight": 2
      }
    },
    {
      "type": "Feature",
      "geometry": {
        "type": "Point",
        "coordinates": [
          104.093244,
          30.605718
        ]
      },
      "properties": {
        "name": "紫东锦源",
        "category": "residential",
        "type": "商务住宅;住宅区;住宅小区",
        "district": "锦江区",
        "weight": 1
      }
    },
    {
      "type": "Feature",
      "geometry": {
        "type": "Point",
        "coordinates": [
          104.091764,
          30.605925
        ]
      },
      "properties": {
        "name": "府河小区(琉璃路)",
        "category": "residential",
        "type": "商务住宅;住宅区;住宅小区",
        "district": "锦江区",
        "weight": 1
      }
    },
    {
      "type": "Feature",
      "geometry": {
        "type": "Point",
        "coordinates": [
          104.093234,
          30.604217
        ]
      },
      "properties": {
        "name": "柳江新居3期",
        "category": "residential",
        "type": "商务住宅;住宅区;住宅小区",
        "district": "锦江区",
        "weight": 1
      }
    },
    {
      "type": "Feature",
      "geometry": {
        "type": "Point",
        "coordinates": [
          104.090615,
          30.605738
        ]
      },
      "properties": {
        "name": "科创路4号院",
        "category": "residential",
        "type": "商务住宅;住宅区;住宅小区",
        "district": "锦江区",
        "weight": 1
      }
    },
    {
      "type": "Feature",
      "geometry": {
        "type": "Point",
        "coordinates": [
          104.089176,
          30.606472
        ]
      },
      "properties": {
        "name": "柳江新居1期A区",
        "category": "residential",
        "type": "商务住宅;住宅区;住宅区",
        "district": "锦江区",
        "weight": 1
      }
    },
    {
      "type": "Feature",
      "geometry": {
        "type": "Point",
        "coordinates": [
          104.09782,
          30.604231
        ]
      },
      "properties": {
        "name": "东方阳光城B区",
        "category": "residential",
        "type": "商务住宅;住宅区;住宅区",
        "district": "锦江区",
        "weight": 1
      }
    },
    {
      "type": "Feature",
      "geometry": {
        "type": "Point",
        "coordinates": [
          104.099507,
          30.604068
        ]
      },
      "properties": {
        "name": "东方阳光城C区",
        "category": "residential",
        "type": "商务住宅;住宅区;住宅小区",
        "district": "锦江区",
        "weight": 1
      }
    },
    {
      "type": "Feature",
      "geometry": {
        "type": "Point",
        "coordinates": [
          104.098441,
          30.606176
        ]
      },
      "properties": {
        "name": "东方阳光城A区",
        "category": "residential",
        "type": "商务住宅;住宅区;住宅区",
        "district": "锦江区",
        "weight": 1
      }
    },
    {
      "type": "Feature",
      "geometry": {
        "type": "Point",
        "coordinates": [
          104.099463,
          30.601974
        ]
      },
      "properties": {
        "name": "银杏森林(琉三路)",
        "category": "residential",
        "type": "商务住宅;住宅区;住宅小区",
        "district": "锦江区",
        "weight": 1
      }
    },
    {
      "type": "Feature",
      "geometry": {
        "type": "Point",
        "coordinates": [
          104.102588,
          30.603316
        ]
      },
      "properties": {
        "name": "金像雅苑",
        "category": "residential",
        "type": "商务住宅;住宅区;住宅小区",
        "district": "锦江区",
        "weight": 5
      }
    },
    {
      "type": "Feature",
      "geometry": {
        "type": "Point",
        "coordinates": [
          104.095861,
          30.601632
        ]
      },
      "properties": {
        "name": "金像苑",
        "category": "residential",
        "type": "商务住宅;住宅区;住宅小区",
        "district": "锦江区",
        "weight": 4
      }
    },
    {
      "type": "Feature",
      "geometry": {
        "type": "Point",
        "coordinates": [
          104.094748,
          30.604422
        ]
      },
      "properties": {
        "name": "金像民居",
        "category": "residential",
        "type": "商务住宅;住宅区;住宅小区",
        "district": "锦江区",
        "weight": 1
      }
    },
    {
      "type": "Feature",
      "geometry": {
        "type": "Point",
        "coordinates": [
          104.101198,
          30.602053
        ]
      },
      "properties": {
        "name": "银杏森林1期",
        "category": "residential",
        "type": "商务住宅;住宅区;住宅小区",
        "district": "锦江区",
        "weight": 1
      }
    },
    {
      "type": "Feature",
      "geometry": {
        "type": "Point",
        "coordinates": [
          104.100026,
          30.60066
        ]
      },
      "properties": {
        "name": "沙河嘉苑",
        "category": "residential",
        "type": "商务住宅;住宅区;住宅小区",
        "district": "锦江区",
        "weight": 2
      }
    },
    {
      "type": "Feature",
      "geometry": {
        "type": "Point",
        "coordinates": [
          104.096766,
          30.608548
        ]
      },
      "properties": {
        "name": "金红苑",
        "category": "residential",
        "type": "商务住宅;住宅区;住宅小区",
        "district": "锦江区",
        "weight": 2
      }
    },
    {
      "type": "Feature",
      "geometry": {
        "type": "Point",
        "coordinates": [
          104.094249,
          30.606217
        ]
      },
      "properties": {
        "name": "柳江新居5期",
        "category": "residential",
        "type": "商务住宅;住宅区;住宅小区",
        "district": "锦江区",
        "weight": 1
      }
    },
    {
      "type": "Feature",
      "geometry": {
        "type": "Point",
        "coordinates": [
          104.103483,
          30.604983
        ]
      },
      "properties": {
        "name": "上东花园",
        "category": "residential",
        "type": "商务住宅;住宅区;住宅小区",
        "district": "锦江区",
        "weight": 2
      }
    },
    {
      "type": "Feature",
      "geometry": {
        "type": "Point",
        "coordinates": [
          104.097127,
          30.600111
        ]
      },
      "properties": {
        "name": "启明家园",
        "category": "residential",
        "type": "商务住宅;住宅区;住宅区",
        "district": "锦江区",
        "weight": 1
      }
    },
    {
      "type": "Feature",
      "geometry": {
        "type": "Point",
        "coordinates": [
          104.100752,
          30.608457
        ]
      },
      "properties": {
        "name": "金象嘉园",
        "category": "residential",
        "type": "商务住宅;住宅区;住宅小区",
        "district": "锦江区",
        "weight": 1
      }
    },
    {
      "type": "Feature",
      "geometry": {
        "type": "Point",
        "coordinates": [
          104.101292,
          30.600584
        ]
      },
      "properties": {
        "name": "皇经苑",
        "category": "residential",
        "type": "商务住宅;住宅区;住宅小区",
        "district": "锦江区",
        "weight": 1
      }
    },
    {
      "type": "Feature",
      "geometry": {
        "type": "Point",
        "coordinates": [
          104.098378,
          30.609183
        ]
      },
      "properties": {
        "name": "彩蝶花园",
        "category": "residential",
        "type": "商务住宅;住宅区;住宅小区",
        "district": "锦江区",
        "weight": 1
      }
    },
    {
      "type": "Feature",
      "geometry": {
        "type": "Point",
        "coordinates": [
          104.102463,
          30.60826
        ]
      },
      "properties": {
        "name": "育才晓筑",
        "category": "residential",
        "type": "商务住宅;住宅区;住宅小区",
        "district": "锦江区",
        "weight": 1
      }
    },
    {
      "type": "Feature",
      "geometry": {
        "type": "Point",
        "coordinates": [
          104.09374,
          30.608874
        ]
      },
      "properties": {
        "name": "香江花园(琉璃路)",
        "category": "residential",
        "type": "商务住宅;住宅区;住宅小区",
        "district": "锦江区",
        "weight": 1
      }
    },
    {
      "type": "Feature",
      "geometry": {
        "type": "Point",
        "coordinates": [
          104.104555,
          30.60103
        ]
      },
      "properties": {
        "name": "皇经花园B区",
        "category": "residential",
        "type": "商务住宅;住宅区;住宅区",
        "district": "锦江区",
        "weight": 3
      }
    },
    {
      "type": "Feature",
      "geometry": {
        "type": "Point",
        "coordinates": [
          104.105564,
          30.602018
        ]
      },
      "properties": {
        "name": "上东家园",
        "category": "residential",
        "type": "商务住宅;住宅区;住宅小区",
        "district": "锦江区",
        "weight": 1
      }
    },
    {
      "type": "Feature",
      "geometry": {
        "type": "Point",
        "coordinates": [
          104.104402,
          30.603708
        ]
      },
      "properties": {
        "name": "上东花园三组团",
        "category": "residential",
        "type": "商务住宅;住宅区;住宅小区",
        "district": "锦江区",
        "weight": 1
      }
    },
    {
      "type": "Feature",
      "geometry": {
        "type": "Point",
        "coordinates": [
          104.104911,
          30.604998
        ]
      },
      "properties": {
        "name": "上东花园二组团",
        "category": "residential",
        "type": "商务住宅;住宅区;住宅小区",
        "district": "锦江区",
        "weight": 1
      }
    },
    {
      "type": "Feature",
      "geometry": {
        "type": "Point",
        "coordinates": [
          104.104934,
          30.608002
        ]
      },
      "properties": {
        "name": "成功·红树林",
        "category": "residential",
        "type": "商务住宅;住宅区;住宅小区",
        "district": "锦江区",
        "weight": 2
      }
    },
    {
      "type": "Feature",
      "geometry": {
        "type": "Point",
        "coordinates": [
          104.105829,
          30.603558
        ]
      },
      "properties": {
        "name": "上东花园四组团",
        "category": "residential",
        "type": "商务住宅;住宅区;住宅小区",
        "district": "锦江区",
        "weight": 1
      }
    },
    {
      "type": "Feature",
      "geometry": {
        "type": "Point",
        "coordinates": [
          104.121128,
          30.603535
        ]
      },
      "properties": {
        "name": "上东锦城B区",
        "category": "residential",
        "type": "商务住宅;住宅区;住宅小区",
        "district": "锦江区",
        "weight": 1
      }
    },
    {
      "type": "Feature",
      "geometry": {
        "type": "Point",
        "coordinates": [
          104.116744,
          30.605227
        ]
      },
      "properties": {
        "name": "华兴新居(草红路)",
        "category": "residential",
        "type": "商务住宅;住宅区;住宅小区",
        "district": "锦江区",
        "weight": 2
      }
    },
    {
      "type": "Feature",
      "geometry": {
        "type": "Point",
        "coordinates": [
          104.122643,
          30.604803
        ]
      },
      "properties": {
        "name": "蓝谷地",
        "category": "residential",
        "type": "商务住宅;住宅区;住宅小区",
        "district": "锦江区",
        "weight": 1
      }
    },
    {
      "type": "Feature",
      "geometry": {
        "type": "Point",
        "coordinates": [
          104.120222,
          30.605413
        ]
      },
      "properties": {
        "name": "蓝谷地1期",
        "category": "residential",
        "type": "商务住宅;住宅区;住宅小区",
        "district": "锦江区",
        "weight": 1
      }
    },
    {
      "type": "Feature",
      "geometry": {
        "type": "Point",
        "coordinates": [
          104.119612,
          30.603473
        ]
      },
      "properties": {
        "name": "东城美地",
        "category": "residential",
        "type": "商务住宅;住宅区;住宅小区",
        "district": "锦江区",
        "weight": 1
      }
    },
    {
      "type": "Feature",
      "geometry": {
        "type": "Point",
        "coordinates": [
          104.122046,
          30.602506
        ]
      },
      "properties": {
        "name": "上东锦城",
        "category": "residential",
        "type": "商务住宅;住宅区;住宅小区",
        "district": "锦江区",
        "weight": 2
      }
    },
    {
      "type": "Feature",
      "geometry": {
        "type": "Point",
        "coordinates": [
          104.114447,
          30.608848
        ]
      },
      "properties": {
        "name": "雅郡1期",
        "category": "residential",
        "type": "商务住宅;住宅区;住宅区",
        "district": "锦江区",
        "weight": 1
      }
    },
    {
      "type": "Feature",
      "geometry": {
        "type": "Point",
        "coordinates": [
          104.123078,
          30.607349
        ]
      },
      "properties": {
        "name": "蓝谷地4期",
        "category": "residential",
        "type": "商务住宅;住宅区;住宅小区",
        "district": "锦江区",
        "weight": 1
      }
    },
    {
      "type": "Feature",
      "geometry": {
        "type": "Point",
        "coordinates": [
          104.121703,
          30.605763
        ]
      },
      "properties": {
        "name": "蓝谷地A区",
        "category": "residential",
        "type": "商务住宅;住宅区;住宅小区",
        "district": "锦江区",
        "weight": 1
      }
    },
    {
      "type": "Feature",
      "geometry": {
        "type": "Point",
        "coordinates": [
          104.129414,
          30.6032
        ]
      },
      "properties": {
        "name": "卓锦城2期",
        "category": "residential",
        "type": "商务住宅;住宅区;住宅小区",
        "district": "锦江区",
        "weight": 1
      }
    },
    {
      "type": "Feature",
      "geometry": {
        "type": "Point",
        "coordinates": [
          104.129296,
          30.605985
        ]
      },
      "properties": {
        "name": "海桐二期",
        "category": "residential",
        "type": "商务住宅;住宅区;住宅小区",
        "district": "锦江区",
        "weight": 1
      }
    },
    {
      "type": "Feature",
      "geometry": {
        "type": "Point",
        "coordinates": [
          104.127926,
          30.606278
        ]
      },
      "properties": {
        "name": "紫气东来",
        "category": "residential",
        "type": "商务住宅;住宅区;住宅小区",
        "district": "锦江区",
        "weight": 1
      }
    },
    {
      "type": "Feature",
      "geometry": {
        "type": "Point",
        "coordinates": [
          104.124842,
          30.604601
        ]
      },
      "properties": {
        "name": "蓝谷地社区",
        "category": "residential",
        "type": "商务住宅;住宅区;住宅小区",
        "district": "锦江区",
        "weight": 3
      }
    },
    {
      "type": "Feature",
      "geometry": {
        "type": "Point",
        "coordinates": [
          104.13001,
          30.601975
        ]
      },
      "properties": {
        "name": "卓锦城(一至四期)",
        "category": "residential",
        "type": "商务住宅;住宅区;住宅小区",
        "district": "锦江区",
        "weight": 1
      }
    },
    {
      "type": "Feature",
      "geometry": {
        "type": "Point",
        "coordinates": [
          104.13247,
          30.605354
        ]
      },
      "properties": {
        "name": "海棠佳苑",
        "category": "residential",
        "type": "商务住宅;住宅区;住宅小区",
        "district": "锦江区",
        "weight": 1
      }
    },
    {
      "type": "Feature",
      "geometry": {
        "type": "Point",
        "coordinates": [
          104.129562,
          30.607892
        ]
      },
      "properties": {
        "name": "海桐三期",
        "category": "residential",
        "type": "商务住宅;住宅区;住宅小区",
        "district": "锦江区",
        "weight": 2
      }
    },
    {
      "type": "Feature",
      "geometry": {
        "type": "Point",
        "coordinates": [
          104.127213,
          30.607948
        ]
      },
      "properties": {
        "name": "华固一品",
        "category": "residential",
        "type": "商务住宅;住宅区;住宅小区",
        "district": "锦江区",
        "weight": 1
      }
    },
    {
      "type": "Feature",
      "geometry": {
        "type": "Point",
        "coordinates": [
          104.133503,
          30.604699
        ]
      },
      "properties": {
        "name": "四海云庭",
        "category": "residential",
        "type": "商务住宅;住宅区;住宅小区",
        "district": "锦江区",
        "weight": 1
      }
    },
    {
      "type": "Feature",
      "geometry": {
        "type": "Point",
        "coordinates": [
          104.12455,
          30.607786
        ]
      },
      "properties": {
        "name": "蓝谷地3期",
        "category": "residential",
        "type": "商务住宅;住宅区;住宅区",
        "district": "锦江区",
        "weight": 1
      }
    },
    {
      "type": "Feature",
      "geometry": {
        "type": "Point",
        "coordinates": [
          104.127681,
          30.609191
        ]
      },
      "properties": {
        "name": "海桐一期",
        "category": "residential",
        "type": "商务住宅;住宅区;住宅小区",
        "district": "锦江区",
        "weight": 1
      }
    },
    {
      "type": "Feature",
      "geometry": {
        "type": "Point",
        "coordinates": [
          104.132443,
          30.599635
        ]
      },
      "properties": {
        "name": "卓锦城1期",
        "category": "residential",
        "type": "商务住宅;住宅区;住宅小区",
        "district": "锦江区",
        "weight": 1
      }
    },
    {
      "type": "Feature",
      "geometry": {
        "type": "Point",
        "coordinates": [
          104.138002,
          30.602802
        ]
      },
      "properties": {
        "name": "四海逸家·蓝钻",
        "category": "residential",
        "type": "商务住宅;住宅区;住宅小区",
        "district": "锦江区",
        "weight": 1
      }
    },
    {
      "type": "Feature",
      "geometry": {
        "type": "Point",
        "coordinates": [
          104.135509,
          30.605629
        ]
      },
      "properties": {
        "name": "锦江逸家",
        "category": "residential",
        "type": "商务住宅;住宅区;住宅小区",
        "district": "锦江区",
        "weight": 1
      }
    },
    {
      "type": "Feature",
      "geometry": {
        "type": "Point",
        "coordinates": [
          104.135329,
          30.603095
        ]
      },
      "properties": {
        "name": "四海逸家3期",
        "category": "residential",
        "type": "商务住宅;住宅区;住宅小区",
        "district": "锦江区",
        "weight": 1
      }
    },
    {
      "type": "Feature",
      "geometry": {
        "type": "Point",
        "coordinates": [
          104.137189,
          30.601209
        ]
      },
      "properties": {
        "name": "四海逸家·华府",
        "category": "residential",
        "type": "商务住宅;住宅区;住宅小区",
        "district": "锦江区",
        "weight": 1
      }
    },
    {
      "type": "Feature",
      "geometry": {
        "type": "Point",
        "coordinates": [
          104.140506,
          30.600972
        ]
      },
      "properties": {
        "name": "鑫苑名家",
        "category": "residential",
        "type": "商务住宅;住宅区;住宅小区",
        "district": "锦江区",
        "weight": 2
      }
    },
    {
      "type": "Feature",
      "geometry": {
        "type": "Point",
        "coordinates": [
          104.133873,
          30.603027
        ]
      },
      "properties": {
        "name": "四海逸家·云庭",
        "category": "residential",
        "type": "商务住宅;住宅区;住宅小区",
        "district": "锦江区",
        "weight": 1
      }
    },
    {
      "type": "Feature",
      "geometry": {
        "type": "Point",
        "coordinates": [
          104.140988,
          30.609182
        ]
      },
      "properties": {
        "name": "人居锦尚春天",
        "category": "residential",
        "type": "商务住宅;住宅区;住宅小区",
        "district": "锦江区",
        "weight": 1
      }
    },
    {
      "type": "Feature",
      "geometry": {
        "type": "Point",
        "coordinates": [
          104.135801,
          30.599445
        ]
      },
      "properties": {
        "name": "卓锦城5期繁花郡",
        "category": "residential",
        "type": "商务住宅;住宅区;住宅小区",
        "district": "锦江区",
        "weight": 1
      }
    },
    {
      "type": "Feature",
      "geometry": {
        "type": "Point",
        "coordinates": [
          104.133888,
          30.600542
        ]
      },
      "properties": {
        "name": "卓锦城4期",
        "category": "residential",
        "type": "商务住宅;住宅区;住宅小区",
        "district": "锦江区",
        "weight": 2
      }
    },
    {
      "type": "Feature",
      "geometry": {
        "type": "Point",
        "coordinates": [
          104.146671,
          30.605279
        ]
      },
      "properties": {
        "name": "东锦瑞苑",
        "category": "residential",
        "type": "商务住宅;住宅区;住宅小区",
        "district": "锦江区",
        "weight": 1
      }
    },
    {
      "type": "Feature",
      "geometry": {
        "type": "Point",
        "coordinates": [
          104.146326,
          30.603319
        ]
      },
      "properties": {
        "name": "锦蓉佳苑·天阔",
        "category": "residential",
        "type": "商务住宅;住宅区;住宅小区",
        "district": "锦江区",
        "weight": 1
      }
    },
    {
      "type": "Feature",
      "geometry": {
        "type": "Point",
        "coordinates": [
          104.151066,
          30.605806
        ]
      },
      "properties": {
        "name": "绿地中心东区",
        "category": "residential",
        "type": "商务住宅;住宅区;住宅小区",
        "district": "锦江区",
        "weight": 2
      }
    },
    {
      "type": "Feature",
      "geometry": {
        "type": "Point",
        "coordinates": [
          104.148563,
          30.607124
        ]
      },
      "properties": {
        "name": "东洪广厦",
        "category": "residential",
        "type": "商务住宅;住宅区;住宅小区",
        "district": "锦江区",
        "weight": 1
      }
    },
    {
      "type": "Feature",
      "geometry": {
        "type": "Point",
        "coordinates": [
          104.151551,
          30.602518
        ]
      },
      "properties": {
        "name": "V客东都",
        "category": "residential",
        "type": "商务住宅;住宅区;住宅小区",
        "district": "锦江区",
        "weight": 1
      }
    },
    {
      "type": "Feature",
      "geometry": {
        "type": "Point",
        "coordinates": [
          104.145777,
          30.607934
        ]
      },
      "properties": {
        "name": "绿地中心西区",
        "category": "residential",
        "type": "商务住宅;住宅区;住宅小区",
        "district": "锦江区",
        "weight": 2
      }
    },
    {
      "type": "Feature",
      "geometry": {
        "type": "Point",
        "coordinates": [
          104.152951,
          30.604091
        ]
      },
      "properties": {
        "name": "绿地中心·云锦468东区",
        "category": "residential",
        "type": "商务住宅;住宅区;住宅小区",
        "district": "锦江区",
        "weight": 1
      }
    },
    {
      "type": "Feature",
      "geometry": {
        "type": "Point",
        "coordinates": [
          104.152396,
          30.606351
        ]
      },
      "properties": {
        "name": "绿地中心·云锦468西区",
        "category": "residential",
        "type": "商务住宅;住宅区;住宅小区",
        "district": "锦江区",
        "weight": 1
      }
    },
    {
      "type": "Feature",
      "geometry": {
        "type": "Point",
        "coordinates": [
          104.143706,
          30.607032
        ]
      },
      "properties": {
        "name": "华韵天府",
        "category": "residential",
        "type": "商务住宅;住宅区;住宅小区",
        "district": "锦江区",
        "weight": 1
      }
    },
    {
      "type": "Feature",
      "geometry": {
        "type": "Point",
        "coordinates": [
          104.144751,
          30.608977
        ]
      },
      "properties": {
        "name": "绿地468公馆2期",
        "category": "residential",
        "type": "商务住宅;住宅区;住宅小区",
        "district": "锦江区",
        "weight": 1
      }
    },
    {
      "type": "Feature",
      "geometry": {
        "type": "Point",
        "coordinates": [
          104.144328,
          30.599896
        ]
      },
      "properties": {
        "name": "锦江·城市花园3期",
        "category": "residential",
        "type": "商务住宅;住宅区;住宅小区",
        "district": "锦江区",
        "weight": 1
      }
    },
    {
      "type": "Feature",
      "geometry": {
        "type": "Point",
        "coordinates": [
          104.154683,
          30.60651
        ]
      },
      "properties": {
        "name": "绿地中心",
        "category": "residential",
        "type": "商务住宅;住宅区;住宅小区",
        "district": "锦江区",
        "weight": 2
      }
    },
    {
      "type": "Feature",
      "geometry": {
        "type": "Point",
        "coordinates": [
          103.96636,
          30.594696
        ]
      },
      "properties": {
        "name": "美丽点会所",
        "category": "residential",
        "type": "商务住宅;住宅区;住宅小区|体育休闲服务;娱乐场所;娱乐场所",
        "district": "武侯区",
        "weight": 1
      }
    },
    {
      "type": "Feature",
      "geometry": {
        "type": "Point",
        "coordinates": [
          103.969007,
          30.594076
        ]
      },
      "properties": {
        "name": "中大长景",
        "category": "residential",
        "type": "商务住宅;住宅区;住宅小区",
        "district": "武侯区",
        "weight": 1
      }
    },
    {
      "type": "Feature",
      "geometry": {
        "type": "Point",
        "coordinates": [
          103.966208,
          30.593459
        ]
      },
      "properties": {
        "name": "美丽点会所小区",
        "category": "residential",
        "type": "商务住宅;住宅区;住宅小区",
        "district": "武侯区",
        "weight": 1
      }
    },
    {
      "type": "Feature",
      "geometry": {
        "type": "Point",
        "coordinates": [
          103.973938,
          30.592553
        ]
      },
      "properties": {
        "name": "邹家花园",
        "category": "residential",
        "type": "商务住宅;住宅区;住宅小区",
        "district": "武侯区",
        "weight": 1
      }
    },
    {
      "type": "Feature",
      "geometry": {
        "type": "Point",
        "coordinates": [
          103.974986,
          30.59194
        ]
      },
      "properties": {
        "name": "盛昌小区",
        "category": "residential",
        "type": "商务住宅;住宅区;住宅小区",
        "district": "武侯区",
        "weight": 1
      }
    },
    {
      "type": "Feature",
      "geometry": {
        "type": "Point",
        "coordinates": [
          103.989245,
          30.596087
        ]
      },
      "properties": {
        "name": "时代锦绣",
        "category": "residential",
        "type": "商务住宅;住宅区;住宅小区",
        "district": "武侯区",
        "weight": 1
      }
    },
    {
      "type": "Feature",
      "geometry": {
        "type": "Point",
        "coordinates": [
          103.984276,
          30.597289
        ]
      },
      "properties": {
        "name": "新苗新居2期",
        "category": "residential",
        "type": "商务住宅;住宅区;住宅小区",
        "district": "武侯区",
        "weight": 1
      }
    },
    {
      "type": "Feature",
      "geometry": {
        "type": "Point",
        "coordinates": [
          103.984819,
          30.598527
        ]
      },
      "properties": {
        "name": "新苗新居",
        "category": "residential",
        "type": "商务住宅;住宅区;住宅区",
        "district": "武侯区",
        "weight": 2
      }
    },
    {
      "type": "Feature",
      "geometry": {
        "type": "Point",
        "coordinates": [
          103.992939,
          30.599424
        ]
      },
      "properties": {
        "name": "新苑3期",
        "category": "residential",
        "type": "商务住宅;住宅区;住宅小区",
        "district": "武侯区",
        "weight": 1
      }
    },
    {
      "type": "Feature",
      "geometry": {
        "type": "Point",
        "coordinates": [
          104.003633,
          30.596217
        ]
      },
      "properties": {
        "name": "三河新居(建设中)",
        "category": "residential",
        "type": "商务住宅;住宅区;住宅小区",
        "district": "武侯区",
        "weight": 1
      }
    },
    {
      "type": "Feature",
      "geometry": {
        "type": "Point",
        "coordinates": [
          103.994683,
          30.598958
        ]
      },
      "properties": {
        "name": "簇锦家园B区",
        "category": "residential",
        "type": "商务住宅;住宅区;住宅区",
        "district": "武侯区",
        "weight": 1
      }
    },
    {
      "type": "Feature",
      "geometry": {
        "type": "Point",
        "coordinates": [
          104.005543,
          30.598226
        ]
      },
      "properties": {
        "name": "武侯区簇桥沈家桥五组",
        "category": "residential",
        "type": "商务住宅;住宅区;住宅区",
        "district": "武侯区",
        "weight": 1
      }
    },
    {
      "type": "Feature",
      "geometry": {
        "type": "Point",
        "coordinates": [
          104.021838,
          30.590099
        ]
      },
      "properties": {
        "name": "新和·领航",
        "category": "residential",
        "type": "商务住宅;住宅区;住宅小区",
        "district": "武侯区",
        "weight": 3
      }
    },
    {
      "type": "Feature",
      "geometry": {
        "type": "Point",
        "coordinates": [
          104.032795,
          30.598377
        ]
      },
      "properties": {
        "name": "美洲花园E区",
        "category": "residential",
        "type": "商务住宅;住宅区;住宅小区",
        "district": "武侯区",
        "weight": 2
      }
    },
    {
      "type": "Feature",
      "geometry": {
        "type": "Point",
        "coordinates": [
          104.04288,
          30.589638
        ]
      },
      "properties": {
        "name": "人居天府汇城",
        "category": "residential",
        "type": "商务住宅;住宅区;住宅小区",
        "district": "武侯区",
        "weight": 1
      }
    },
    {
      "type": "Feature",
      "geometry": {
        "type": "Point",
        "coordinates": [
          104.03784,
          30.597087
        ]
      },
      "properties": {
        "name": "雄飞新园紫郡",
        "category": "residential",
        "type": "商务住宅;住宅区;住宅小区",
        "district": "武侯区",
        "weight": 3
      }
    },
    {
      "type": "Feature",
      "geometry": {
        "type": "Point",
        "coordinates": [
          104.038636,
          30.59174
        ]
      },
      "properties": {
        "name": "石羊街道新园社区",
        "category": "residential",
        "type": "商务住宅;住宅区;住宅小区",
        "district": "武侯区",
        "weight": 2
      }
    },
    {
      "type": "Feature",
      "geometry": {
        "type": "Point",
        "coordinates": [
          104.034282,
          30.5994
        ]
      },
      "properties": {
        "name": "加州山庄",
        "category": "residential",
        "type": "商务住宅;住宅区;住宅小区",
        "district": "武侯区",
        "weight": 1
      }
    },
    {
      "type": "Feature",
      "geometry": {
        "type": "Point",
        "coordinates": [
          104.043338,
          30.592491
        ]
      },
      "properties": {
        "name": "i都会",
        "category": "residential",
        "type": "商务住宅;住宅区;住宅区",
        "district": "武侯区",
        "weight": 3
      }
    },
    {
      "type": "Feature",
      "geometry": {
        "type": "Point",
        "coordinates": [
          104.04345,
          30.594347
        ]
      },
      "properties": {
        "name": "南城都汇5B期",
        "category": "residential",
        "type": "商务住宅;住宅区;住宅区",
        "district": "武侯区",
        "weight": 2
      }
    },
    {
      "type": "Feature",
      "geometry": {
        "type": "Point",
        "coordinates": [
          104.037389,
          30.590901
        ]
      },
      "properties": {
        "name": "新园社区(西门)",
        "category": "residential",
        "type": "商务住宅;住宅区;住宅小区",
        "district": "武侯区",
        "weight": 1
      }
    },
    {
      "type": "Feature",
      "geometry": {
        "type": "Point",
        "coordinates": [
          104.046905,
          30.594958
        ]
      },
      "properties": {
        "name": "南城都汇1期",
        "category": "residential",
        "type": "商务住宅;住宅区;住宅小区",
        "district": "武侯区",
        "weight": 4
      }
    },
    {
      "type": "Feature",
      "geometry": {
        "type": "Point",
        "coordinates": [
          104.04597,
          30.59249
        ]
      },
      "properties": {
        "name": "南城都汇三A期",
        "category": "residential",
        "type": "商务住宅;住宅区;住宅区",
        "district": "武侯区",
        "weight": 2
      }
    },
    {
      "type": "Feature",
      "geometry": {
        "type": "Point",
        "coordinates": [
          104.05025,
          30.597528
        ]
      },
      "properties": {
        "name": "南城都汇汇曦园",
        "category": "residential",
        "type": "商务住宅;住宅区;住宅小区",
        "district": "武侯区",
        "weight": 2
      }
    },
    {
      "type": "Feature",
      "geometry": {
        "type": "Point",
        "coordinates": [
          104.051465,
          30.596454
        ]
      },
      "properties": {
        "name": "南城都汇",
        "category": "residential",
        "type": "商务住宅;住宅区;住宅小区",
        "district": "武侯区",
        "weight": 1
      }
    },
    {
      "type": "Feature",
      "geometry": {
        "type": "Point",
        "coordinates": [
          104.046826,
          30.597958
        ]
      },
      "properties": {
        "name": "南城都汇3期",
        "category": "residential",
        "type": "商务住宅;住宅区;住宅区",
        "district": "武侯区",
        "weight": 2
      }
    },
    {
      "type": "Feature",
      "geometry": {
        "type": "Point",
        "coordinates": [
          104.05014,
          30.599167
        ]
      },
      "properties": {
        "name": "南城都汇汇雅园",
        "category": "residential",
        "type": "商务住宅;住宅区;住宅小区",
        "district": "武侯区",
        "weight": 1
      }
    },
    {
      "type": "Feature",
      "geometry": {
        "type": "Point",
        "coordinates": [
          104.053212,
          30.597508
        ]
      },
      "properties": {
        "name": "成都南城都汇汇尚园奇绘悦陶坊",
        "category": "residential",
        "type": "商务住宅;住宅区;住宅区",
        "district": "武侯区",
        "weight": 1
      }
    },
    {
      "type": "Feature",
      "geometry": {
        "type": "Point",
        "coordinates": [
          104.059589,
          30.592539
        ]
      },
      "properties": {
        "name": "时代·晶科名苑(益州大道北段)",
        "category": "residential",
        "type": "商务住宅;住宅区;住宅小区",
        "district": "武侯区",
        "weight": 1
      }
    },
    {
      "type": "Feature",
      "geometry": {
        "type": "Point",
        "coordinates": [
          104.05485,
          30.595223
        ]
      },
      "properties": {
        "name": "南城都汇8期",
        "category": "residential",
        "type": "商务住宅;住宅区;住宅小区",
        "district": "武侯区",
        "weight": 1
      }
    },
    {
      "type": "Feature",
      "geometry": {
        "type": "Point",
        "coordinates": [
          104.059321,
          30.598732
        ]
      },
      "properties": {
        "name": "融城理想",
        "category": "residential",
        "type": "商务住宅;住宅区;住宅小区",
        "district": "武侯区",
        "weight": 1
      }
    },
    {
      "type": "Feature",
      "geometry": {
        "type": "Point",
        "coordinates": [
          104.054871,
          30.598432
        ]
      },
      "properties": {
        "name": "南城都汇4期",
        "category": "residential",
        "type": "商务住宅;住宅区;住宅小区",
        "district": "武侯区",
        "weight": 2
      }
    },
    {
      "type": "Feature",
      "geometry": {
        "type": "Point",
        "coordinates": [
          104.069287,
          30.59409
        ]
      },
      "properties": {
        "name": "天府名居金沙江苑",
        "category": "residential",
        "type": "商务住宅;住宅区;住宅小区",
        "district": "武侯区",
        "weight": 1
      }
    },
    {
      "type": "Feature",
      "geometry": {
        "type": "Point",
        "coordinates": [
          104.067914,
          30.592516
        ]
      },
      "properties": {
        "name": "华敏·世家花园",
        "category": "residential",
        "type": "商务住宅;住宅区;住宅小区",
        "district": "武侯区",
        "weight": 1
      }
    },
    {
      "type": "Feature",
      "geometry": {
        "type": "Point",
        "coordinates": [
          104.069412,
          30.596472
        ]
      },
      "properties": {
        "name": "天府长城·图南多",
        "category": "residential",
        "type": "商务住宅;住宅区;住宅小区",
        "district": "武侯区",
        "weight": 1
      }
    },
    {
      "type": "Feature",
      "geometry": {
        "type": "Point",
        "coordinates": [
          104.070169,
          30.592277
        ]
      },
      "properties": {
        "name": "天府名居",
        "category": "residential",
        "type": "商务住宅;住宅区;住宅小区",
        "district": "武侯区",
        "weight": 1
      }
    },
    {
      "type": "Feature",
      "geometry": {
        "type": "Point",
        "coordinates": [
          104.071521,
          30.5938
        ]
      },
      "properties": {
        "name": "天府长城·嘉南地",
        "category": "residential",
        "type": "商务住宅;住宅区;住宅小区",
        "district": "武侯区",
        "weight": 1
      }
    },
    {
      "type": "Feature",
      "geometry": {
        "type": "Point",
        "coordinates": [
          104.067959,
          30.597079
        ]
      },
      "properties": {
        "name": "御府花都",
        "category": "residential",
        "type": "商务住宅;住宅区;住宅小区",
        "district": "武侯区",
        "weight": 1
      }
    },
    {
      "type": "Feature",
      "geometry": {
        "type": "Point",
        "coordinates": [
          104.071722,
          30.596274
        ]
      },
      "properties": {
        "name": "天府长城丽日清风",
        "category": "residential",
        "type": "商务住宅;住宅区;住宅小区",
        "district": "武侯区",
        "weight": 1
      }
    },
    {
      "type": "Feature",
      "geometry": {
        "type": "Point",
        "coordinates": [
          104.070399,
          30.598617
        ]
      },
      "properties": {
        "name": "五洲花园",
        "category": "residential",
        "type": "商务住宅;住宅区;住宅小区",
        "district": "武侯区",
        "weight": 1
      }
    },
    {
      "type": "Feature",
      "geometry": {
        "type": "Point",
        "coordinates": [
          104.069044,
          30.589819
        ]
      },
      "properties": {
        "name": "泛林格兰晴天",
        "category": "residential",
        "type": "商务住宅;住宅区;住宅小区",
        "district": "武侯区",
        "weight": 1
      }
    },
    {
      "type": "Feature",
      "geometry": {
        "type": "Point",
        "coordinates": [
          104.072859,
          30.589588
        ]
      },
      "properties": {
        "name": "礼顿山1号",
        "category": "residential",
        "type": "商务住宅;住宅区;住宅小区",
        "district": "武侯区",
        "weight": 1
      }
    },
    {
      "type": "Feature",
      "geometry": {
        "type": "Point",
        "coordinates": [
          104.077077,
          30.596003
        ]
      },
      "properties": {
        "name": "长城·半岛城邦Ⅱ",
        "category": "residential",
        "type": "商务住宅;住宅区;住宅小区",
        "district": "武侯区",
        "weight": 3
      }
    },
    {
      "type": "Feature",
      "geometry": {
        "type": "Point",
        "coordinates": [
          104.075127,
          30.595559
        ]
      },
      "properties": {
        "name": "南尚国际",
        "category": "residential",
        "type": "商务住宅;住宅区;住宅区",
        "district": "武侯区",
        "weight": 1
      }
    },
    {
      "type": "Feature",
      "geometry": {
        "type": "Point",
        "coordinates": [
          104.082737,
          30.593596
        ]
      },
      "properties": {
        "name": "火炬·动力港1期",
        "category": "residential",
        "type": "商务住宅;住宅区;住宅区",
        "district": "锦江区",
        "weight": 1
      }
    },
    {
      "type": "Feature",
      "geometry": {
        "type": "Point",
        "coordinates": [
          104.077205,
          30.598564
        ]
      },
      "properties": {
        "name": "长城·半岛城邦3期",
        "category": "residential",
        "type": "商务住宅;住宅区;住宅小区",
        "district": "武侯区",
        "weight": 1
      }
    },
    {
      "type": "Feature",
      "geometry": {
        "type": "Point",
        "coordinates": [
          104.073535,
          30.593544
        ]
      },
      "properties": {
        "name": "凯丽滨江花园",
        "category": "residential",
        "type": "商务住宅;住宅区;住宅小区",
        "district": "武侯区",
        "weight": 1
      }
    },
    {
      "type": "Feature",
      "geometry": {
        "type": "Point",
        "coordinates": [
          104.074151,
          30.596796
        ]
      },
      "properties": {
        "name": "天府长城·柏南郡",
        "category": "residential",
        "type": "商务住宅;住宅区;住宅小区",
        "district": "武侯区",
        "weight": 1
      }
    },
    {
      "type": "Feature",
      "geometry": {
        "type": "Point",
        "coordinates": [
          104.073635,
          30.592165
        ]
      },
      "properties": {
        "name": "泰和佳园",
        "category": "residential",
        "type": "商务住宅;住宅区;住宅小区",
        "district": "武侯区",
        "weight": 1
      }
    },
    {
      "type": "Feature",
      "geometry": {
        "type": "Point",
        "coordinates": [
          104.082244,
          30.589898
        ]
      },
      "properties": {
        "name": "博瑞麦迪亚",
        "category": "residential",
        "type": "商务住宅;住宅区;住宅区",
        "district": "锦江区",
        "weight": 1
      }
    },
    {
      "type": "Feature",
      "geometry": {
        "type": "Point",
        "coordinates": [
          104.090833,
          30.592775
        ]
      },
      "properties": {
        "name": "锦水花乡·蓝湾",
        "category": "residential",
        "type": "商务住宅;住宅区;住宅小区",
        "district": "锦江区",
        "weight": 1
      }
    },
    {
      "type": "Feature",
      "geometry": {
        "type": "Point",
        "coordinates": [
          104.09242,
          30.592285
        ]
      },
      "properties": {
        "name": "锦绣阳光",
        "category": "residential",
        "type": "商务住宅;住宅区;住宅小区",
        "district": "锦江区",
        "weight": 1
      }
    },
    {
      "type": "Feature",
      "geometry": {
        "type": "Point",
        "coordinates": [
          104.093276,
          30.590621
        ]
      },
      "properties": {
        "name": "锦馨社区",
        "category": "residential",
        "type": "商务住宅;住宅区;住宅小区",
        "district": "锦江区",
        "weight": 6
      }
    },
    {
      "type": "Feature",
      "geometry": {
        "type": "Point",
        "coordinates": [
          104.091509,
          30.58998
        ]
      },
      "properties": {
        "name": "包江小区",
        "category": "residential",
        "type": "商务住宅;住宅区;住宅小区",
        "district": "锦江区",
        "weight": 1
      }
    },
    {
      "type": "Feature",
      "geometry": {
        "type": "Point",
        "coordinates": [
          104.095696,
          30.590525
        ]
      },
      "properties": {
        "name": "锦馨家园",
        "category": "residential",
        "type": "商务住宅;住宅区;住宅小区",
        "district": "锦江区",
        "weight": 3
      }
    },
    {
      "type": "Feature",
      "geometry": {
        "type": "Point",
        "coordinates": [
          104.097199,
          30.598898
        ]
      },
      "properties": {
        "name": "东晶丽苑",
        "category": "residential",
        "type": "商务住宅;住宅区;住宅小区",
        "district": "锦江区",
        "weight": 1
      }
    },
    {
      "type": "Feature",
      "geometry": {
        "type": "Point",
        "coordinates": [
          104.096719,
          30.591792
        ]
      },
      "properties": {
        "name": "锦鑫佳苑社区",
        "category": "residential",
        "type": "商务住宅;住宅区;住宅小区",
        "district": "锦江区",
        "weight": 1
      }
    },
    {
      "type": "Feature",
      "geometry": {
        "type": "Point",
        "coordinates": [
          104.098092,
          30.591513
        ]
      },
      "properties": {
        "name": "楠馨社区",
        "category": "residential",
        "type": "商务住宅;住宅区;住宅小区",
        "district": "锦江区",
        "weight": 2
      }
    },
    {
      "type": "Feature",
      "geometry": {
        "type": "Point",
        "coordinates": [
          104.102204,
          30.599045
        ]
      },
      "properties": {
        "name": "皇经嘉苑",
        "category": "residential",
        "type": "商务住宅;住宅区;住宅小区",
        "district": "锦江区",
        "weight": 3
      }
    },
    {
      "type": "Feature",
      "geometry": {
        "type": "Point",
        "coordinates": [
          104.105784,
          30.593573
        ]
      },
      "properties": {
        "name": "皇经楼",
        "category": "residential",
        "type": "商务住宅;住宅区;住宅小区",
        "district": "锦江区",
        "weight": 3
      }
    },
    {
      "type": "Feature",
      "geometry": {
        "type": "Point",
        "coordinates": [
          104.105522,
          30.595074
        ]
      },
      "properties": {
        "name": "皇经楼新居2期",
        "category": "residential",
        "type": "商务住宅;住宅区;住宅小区",
        "district": "锦江区",
        "weight": 1
      }
    },
    {
      "type": "Feature",
      "geometry": {
        "type": "Point",
        "coordinates": [
          104.105495,
          30.596595
        ]
      },
      "properties": {
        "name": "皇经楼新居1期",
        "category": "residential",
        "type": "商务住宅;住宅区;住宅小区",
        "district": "锦江区",
        "weight": 3
      }
    },
    {
      "type": "Feature",
      "geometry": {
        "type": "Point",
        "coordinates": [
          104.111731,
          30.593468
        ]
      },
      "properties": {
        "name": "锦城逸景",
        "category": "residential",
        "type": "商务住宅;住宅区;住宅小区",
        "district": "锦江区",
        "weight": 2
      }
    },
    {
      "type": "Feature",
      "geometry": {
        "type": "Point",
        "coordinates": [
          104.11152,
          30.59535
        ]
      },
      "properties": {
        "name": "锦城逸景C区",
        "category": "residential",
        "type": "商务住宅;住宅区;住宅小区",
        "district": "锦江区",
        "weight": 1
      }
    },
    {
      "type": "Feature",
      "geometry": {
        "type": "Point",
        "coordinates": [
          104.111997,
          30.591419
        ]
      },
      "properties": {
        "name": "锦城逸景A区",
        "category": "residential",
        "type": "商务住宅;住宅区;住宅小区",
        "district": "锦江区",
        "weight": 1
      }
    },
    {
      "type": "Feature",
      "geometry": {
        "type": "Point",
        "coordinates": [
          104.106195,
          30.589471
        ]
      },
      "properties": {
        "name": "棬五新居",
        "category": "residential",
        "type": "商务住宅;住宅区;住宅小区",
        "district": "锦江区",
        "weight": 1
      }
    },
    {
      "type": "Feature",
      "geometry": {
        "type": "Point",
        "coordinates": [
          104.120765,
          30.598896
        ]
      },
      "properties": {
        "name": "首创·娇子1号(建设中)",
        "category": "residential",
        "type": "商务住宅;住宅区;住宅小区",
        "district": "锦江区",
        "weight": 1
      }
    },
    {
      "type": "Feature",
      "geometry": {
        "type": "Point",
        "coordinates": [
          104.124463,
          30.598115
        ]
      },
      "properties": {
        "name": "首创·娇子1号",
        "category": "residential",
        "type": "商务住宅;住宅区;住宅小区",
        "district": "锦江区",
        "weight": 1
      }
    },
    {
      "type": "Feature",
      "geometry": {
        "type": "Point",
        "coordinates": [
          104.139307,
          30.596105
        ]
      },
      "properties": {
        "name": "和祥瑞苑",
        "category": "residential",
        "type": "商务住宅;住宅区;住宅小区",
        "district": "锦江区",
        "weight": 1
      }
    },
    {
      "type": "Feature",
      "geometry": {
        "type": "Point",
        "coordinates": [
          104.136987,
          30.592381
        ]
      },
      "properties": {
        "name": "华都·美林湾",
        "category": "residential",
        "type": "商务住宅;住宅区;住宅小区",
        "district": "锦江区",
        "weight": 1
      }
    },
    {
      "type": "Feature",
      "geometry": {
        "type": "Point",
        "coordinates": [
          104.139319,
          30.592087
        ]
      },
      "properties": {
        "name": "栀子街社区",
        "category": "residential",
        "type": "商务住宅;住宅区;住宅小区",
        "district": "锦江区",
        "weight": 1
      }
    },
    {
      "type": "Feature",
      "geometry": {
        "type": "Point",
        "coordinates": [
          104.137161,
          30.598174
        ]
      },
      "properties": {
        "name": "卓锦城紫郡",
        "category": "residential",
        "type": "商务住宅;住宅区;住宅小区",
        "district": "锦江区",
        "weight": 4
      }
    },
    {
      "type": "Feature",
      "geometry": {
        "type": "Point",
        "coordinates": [
          104.139634,
          30.597984
        ]
      },
      "properties": {
        "name": "合能·锦城",
        "category": "residential",
        "type": "商务住宅;住宅区;住宅小区",
        "district": "锦江区",
        "weight": 1
      }
    },
    {
      "type": "Feature",
      "geometry": {
        "type": "Point",
        "coordinates": [
          104.139661,
          30.590836
        ]
      },
      "properties": {
        "name": "东景家园",
        "category": "residential",
        "type": "商务住宅;住宅区;住宅小区",
        "district": "锦江区",
        "weight": 1
      }
    },
    {
      "type": "Feature",
      "geometry": {
        "type": "Point",
        "coordinates": [
          104.135546,
          30.59746
        ]
      },
      "properties": {
        "name": "红郡卓锦城",
        "category": "residential",
        "type": "商务住宅;住宅区;住宅小区",
        "district": "锦江区",
        "weight": 2
      }
    },
    {
      "type": "Feature",
      "geometry": {
        "type": "Point",
        "coordinates": [
          104.142966,
          30.598362
        ]
      },
      "properties": {
        "name": "锦江城市花园",
        "category": "residential",
        "type": "商务住宅;住宅区;住宅小区",
        "district": "锦江区",
        "weight": 2
      }
    },
    {
      "type": "Feature",
      "geometry": {
        "type": "Point",
        "coordinates": [
          104.143479,
          30.590736
        ]
      },
      "properties": {
        "name": "华熙·528艺术村",
        "category": "residential",
        "type": "商务住宅;住宅区;住宅小区",
        "district": "锦江区",
        "weight": 1
      }
    },
    {
      "type": "Feature",
      "geometry": {
        "type": "Point",
        "coordinates": [
          104.147222,
          30.598375
        ]
      },
      "properties": {
        "name": "华熙艺术村悦都",
        "category": "residential",
        "type": "商务住宅;住宅区;住宅小区",
        "district": "锦江区",
        "weight": 1
      }
    },
    {
      "type": "Feature",
      "geometry": {
        "type": "Point",
        "coordinates": [
          104.146182,
          30.597046
        ]
      },
      "properties": {
        "name": "华熙艺术村盈都",
        "category": "residential",
        "type": "商务住宅;住宅区;住宅小区",
        "district": "锦江区",
        "weight": 1
      }
    },
    {
      "type": "Feature",
      "geometry": {
        "type": "Point",
        "coordinates": [
          104.15313,
          30.593015
        ]
      },
      "properties": {
        "name": "俊发park公馆",
        "category": "residential",
        "type": "商务住宅;住宅区;住宅小区",
        "district": "锦江区",
        "weight": 1
      }
    },
    {
      "type": "Feature",
      "geometry": {
        "type": "Point",
        "coordinates": [
          104.144769,
          30.594325
        ]
      },
      "properties": {
        "name": "华熙艺术村锦郡",
        "category": "residential",
        "type": "商务住宅;住宅区;住宅小区",
        "district": "锦江区",
        "weight": 1
      }
    },
    {
      "type": "Feature",
      "geometry": {
        "type": "Point",
        "coordinates": [
          104.151714,
          30.592866
        ]
      },
      "properties": {
        "name": "俊发·星雅俊园",
        "category": "residential",
        "type": "商务住宅;住宅区;住宅小区",
        "district": "锦江区",
        "weight": 1
      }
    },
    {
      "type": "Feature",
      "geometry": {
        "type": "Point",
        "coordinates": [
          104.146931,
          30.59248
        ]
      },
      "properties": {
        "name": "银木佳苑",
        "category": "residential",
        "type": "商务住宅;住宅区;住宅小区",
        "district": "锦江区",
        "weight": 1
      }
    },
    {
      "type": "Feature",
      "geometry": {
        "type": "Point",
        "coordinates": [
          104.148979,
          30.594537
        ]
      },
      "properties": {
        "name": "人居东御佲家",
        "category": "residential",
        "type": "商务住宅;住宅区;住宅小区",
        "district": "锦江区",
        "weight": 1
      }
    },
    {
      "type": "Feature",
      "geometry": {
        "type": "Point",
        "coordinates": [
          104.167593,
          30.592642
        ]
      },
      "properties": {
        "name": "锦和康城和贵苑",
        "category": "residential",
        "type": "商务住宅;住宅区;住宅区",
        "district": "锦江区",
        "weight": 1
      }
    },
    {
      "type": "Feature",
      "geometry": {
        "type": "Point",
        "coordinates": [
          103.967025,
          30.580121
        ]
      },
      "properties": {
        "name": "盛世佳源",
        "category": "residential",
        "type": "商务住宅;住宅区;住宅小区",
        "district": "武侯区",
        "weight": 1
      }
    },
    {
      "type": "Feature",
      "geometry": {
        "type": "Point",
        "coordinates": [
          103.972506,
          30.585442
        ]
      },
      "properties": {
        "name": "绪安公寓",
        "category": "residential",
        "type": "商务住宅;住宅区;住宅区",
        "district": "武侯区",
        "weight": 1
      }
    },
    {
      "type": "Feature",
      "geometry": {
        "type": "Point",
        "coordinates": [
          104.001476,
          30.589459
        ]
      },
      "properties": {
        "name": "月亮湾",
        "category": "residential",
        "type": "商务住宅;住宅区;住宅小区|体育休闲服务;休闲场所;休闲场所",
        "district": "武侯区",
        "weight": 1
      }
    },
    {
      "type": "Feature",
      "geometry": {
        "type": "Point",
        "coordinates": [
          104.027966,
          30.58527
        ]
      },
      "properties": {
        "name": "三元社区",
        "category": "residential",
        "type": "商务住宅;住宅区;住宅小区",
        "district": "武侯区",
        "weight": 2
      }
    },
    {
      "type": "Feature",
      "geometry": {
        "type": "Point",
        "coordinates": [
          104.028038,
          30.583174
        ]
      },
      "properties": {
        "name": "三元社区东区",
        "category": "residential",
        "type": "商务住宅;住宅区;住宅小区",
        "district": "武侯区",
        "weight": 1
      }
    },
    {
      "type": "Feature",
      "geometry": {
        "type": "Point",
        "coordinates": [
          104.02662,
          30.584647
        ]
      },
      "properties": {
        "name": "新南2期",
        "category": "residential",
        "type": "商务住宅;住宅区;住宅小区",
        "district": "武侯区",
        "weight": 1
      }
    },
    {
      "type": "Feature",
      "geometry": {
        "type": "Point",
        "coordinates": [
          104.026371,
          30.583765
        ]
      },
      "properties": {
        "name": "三元社区西区",
        "category": "residential",
        "type": "商务住宅;住宅区;住宅小区",
        "district": "武侯区",
        "weight": 1
      }
    },
    {
      "type": "Feature",
      "geometry": {
        "type": "Point",
        "coordinates": [
          104.031113,
          30.584927
        ]
      },
      "properties": {
        "name": "新街社区",
        "category": "residential",
        "type": "商务住宅;住宅区;住宅小区",
        "district": "武侯区",
        "weight": 1
      }
    },
    {
      "type": "Feature",
      "geometry": {
        "type": "Point",
        "coordinates": [
          104.030944,
          30.583418
        ]
      },
      "properties": {
        "name": "新南小区1期",
        "category": "residential",
        "type": "商务住宅;住宅区;住宅区",
        "district": "武侯区",
        "weight": 1
      }
    },
    {
      "type": "Feature",
      "geometry": {
        "type": "Point",
        "coordinates": [
          104.030562,
          30.582332
        ]
      },
      "properties": {
        "name": "新街社区南区",
        "category": "residential",
        "type": "商务住宅;住宅区;住宅小区",
        "district": "武侯区",
        "weight": 2
      }
    },
    {
      "type": "Feature",
      "geometry": {
        "type": "Point",
        "coordinates": [
          104.031849,
          30.58635
        ]
      },
      "properties": {
        "name": "新南1期B区",
        "category": "residential",
        "type": "商务住宅;住宅区;住宅区",
        "district": "武侯区",
        "weight": 3
      }
    },
    {
      "type": "Feature",
      "geometry": {
        "type": "Point",
        "coordinates": [
          104.032952,
          30.587031
        ]
      },
      "properties": {
        "name": "新南1期A区",
        "category": "residential",
        "type": "商务住宅;住宅区;住宅区",
        "district": "武侯区",
        "weight": 1
      }
    },
    {
      "type": "Feature",
      "geometry": {
        "type": "Point",
        "coordinates": [
          104.032461,
          30.58818
        ]
      },
      "properties": {
        "name": "惠风和苑",
        "category": "residential",
        "type": "商务住宅;住宅区;住宅小区",
        "district": "武侯区",
        "weight": 1
      }
    },
    {
      "type": "Feature",
      "geometry": {
        "type": "Point",
        "coordinates": [
          104.036756,
          30.588957
        ]
      },
      "properties": {
        "name": "国防家苑",
        "category": "residential",
        "type": "商务住宅;住宅区;住宅小区",
        "district": "武侯区",
        "weight": 1
      }
    },
    {
      "type": "Feature",
      "geometry": {
        "type": "Point",
        "coordinates": [
          104.034546,
          30.581167
        ]
      },
      "properties": {
        "name": "亿佳苑",
        "category": "residential",
        "type": "商务住宅;住宅区;住宅区",
        "district": "武侯区",
        "weight": 3
      }
    },
    {
      "type": "Feature",
      "geometry": {
        "type": "Point",
        "coordinates": [
          104.033611,
          30.582345
        ]
      },
      "properties": {
        "name": "新南4期",
        "category": "residential",
        "type": "商务住宅;住宅区;住宅小区",
        "district": "武侯区",
        "weight": 1
      }
    },
    {
      "type": "Feature",
      "geometry": {
        "type": "Point",
        "coordinates": [
          104.042945,
          30.588202
        ]
      },
      "properties": {
        "name": "锦晖苑",
        "category": "residential",
        "type": "商务住宅;住宅区;住宅小区",
        "district": "武侯区",
        "weight": 1
      }
    },
    {
      "type": "Feature",
      "geometry": {
        "type": "Point",
        "coordinates": [
          104.043036,
          30.580636
        ]
      },
      "properties": {
        "name": "中大·文儒德B区",
        "category": "residential",
        "type": "商务住宅;住宅区;住宅小区",
        "district": "武侯区",
        "weight": 1
      }
    },
    {
      "type": "Feature",
      "geometry": {
        "type": "Point",
        "coordinates": [
          104.038974,
          30.582487
        ]
      },
      "properties": {
        "name": "保利·锦湖林语北区",
        "category": "residential",
        "type": "商务住宅;住宅区;住宅小区",
        "district": "武侯区",
        "weight": 1
      }
    },
    {
      "type": "Feature",
      "geometry": {
        "type": "Point",
        "coordinates": [
          104.041105,
          30.588006
        ]
      },
      "properties": {
        "name": "金房大榕湾",
        "category": "residential",
        "type": "商务住宅;住宅区;住宅小区",
        "district": "武侯区",
        "weight": 1
      }
    },
    {
      "type": "Feature",
      "geometry": {
        "type": "Point",
        "coordinates": [
          104.049854,
          30.582807
        ]
      },
      "properties": {
        "name": "中海·城南华府",
        "category": "residential",
        "type": "商务住宅;住宅区;住宅小区",
        "district": "武侯区",
        "weight": 1
      }
    },
    {
      "type": "Feature",
      "geometry": {
        "type": "Point",
        "coordinates": [
          104.049562,
          30.586796
        ]
      },
      "properties": {
        "name": "誉峰合景",
        "category": "residential",
        "type": "商务住宅;住宅区;住宅小区",
        "district": "武侯区",
        "weight": 2
      }
    },
    {
      "type": "Feature",
      "geometry": {
        "type": "Point",
        "coordinates": [
          104.045956,
          30.582815
        ]
      },
      "properties": {
        "name": "中海·九号公馆",
        "category": "residential",
        "type": "商务住宅;住宅区;住宅小区",
        "district": "武侯区",
        "weight": 1
      }
    },
    {
      "type": "Feature",
      "geometry": {
        "type": "Point",
        "coordinates": [
          104.04594,
          30.586305
        ]
      },
      "properties": {
        "name": "润富国际花园",
        "category": "residential",
        "type": "商务住宅;住宅区;住宅小区",
        "district": "武侯区",
        "weight": 1
      }
    },
    {
      "type": "Feature",
      "geometry": {
        "type": "Point",
        "coordinates": [
          104.053134,
          30.58458
        ]
      },
      "properties": {
        "name": "中海·九号天地",
        "category": "residential",
        "type": "商务住宅;住宅区;住宅小区",
        "district": "武侯区",
        "weight": 1
      }
    },
    {
      "type": "Feature",
      "geometry": {
        "type": "Point",
        "coordinates": [
          104.050166,
          30.588964
        ]
      },
      "properties": {
        "name": "仁和春天国际广场",
        "category": "residential",
        "type": "商务住宅;住宅区;住宅小区",
        "district": "武侯区",
        "weight": 2
      }
    },
    {
      "type": "Feature",
      "geometry": {
        "type": "Point",
        "coordinates": [
          104.058609,
          30.583051
        ]
      },
      "properties": {
        "name": "天荟",
        "category": "residential",
        "type": "商务住宅;住宅区;住宅小区",
        "district": "武侯区",
        "weight": 1
      }
    },
    {
      "type": "Feature",
      "geometry": {
        "type": "Point",
        "coordinates": [
          104.056157,
          30.58724
        ]
      },
      "properties": {
        "name": "誉峰2期",
        "category": "residential",
        "type": "商务住宅;住宅区;住宅区",
        "district": "武侯区",
        "weight": 1
      }
    },
    {
      "type": "Feature",
      "geometry": {
        "type": "Point",
        "coordinates": [
          104.057876,
          30.587955
        ]
      },
      "properties": {
        "name": "成都汇巢别墅设计机构",
        "category": "residential",
        "type": "商务住宅;住宅区;住宅区",
        "district": "武侯区",
        "weight": 1
      }
    },
    {
      "type": "Feature",
      "geometry": {
        "type": "Point",
        "coordinates": [
          104.054772,
          30.586457
        ]
      },
      "properties": {
        "name": "誉峰国际中心",
        "category": "residential",
        "type": "商务住宅;住宅区;住宅小区",
        "district": "武侯区",
        "weight": 1
      }
    },
    {
      "type": "Feature",
      "geometry": {
        "type": "Point",
        "coordinates": [
          104.05459,
          30.582515
        ]
      },
      "properties": {
        "name": "中海·城南1号",
        "category": "residential",
        "type": "商务住宅;住宅区;住宅小区",
        "district": "武侯区",
        "weight": 1
      }
    },
    {
      "type": "Feature",
      "geometry": {
        "type": "Point",
        "coordinates": [
          104.055203,
          30.580886
        ]
      },
      "properties": {
        "name": "南苑1期",
        "category": "residential",
        "type": "商务住宅;住宅区;住宅区",
        "district": "武侯区",
        "weight": 1
      }
    },
    {
      "type": "Feature",
      "geometry": {
        "type": "Point",
        "coordinates": [
          104.059623,
          30.579627
        ]
      },
      "properties": {
        "name": "奥克斯宽庭3号",
        "category": "residential",
        "type": "商务住宅;住宅区;住宅区",
        "district": "武侯区",
        "weight": 8
      }
    },
    {
      "type": "Feature",
      "geometry": {
        "type": "Point",
        "coordinates": [
          104.054482,
          30.579896
        ]
      },
      "properties": {
        "name": "南苑A区",
        "category": "residential",
        "type": "商务住宅;住宅区;住宅小区",
        "district": "武侯区",
        "weight": 2
      }
    },
    {
      "type": "Feature",
      "geometry": {
        "type": "Point",
        "coordinates": [
          104.066551,
          30.585945
        ]
      },
      "properties": {
        "name": "成都银泰中心华悦府",
        "category": "residential",
        "type": "商务住宅;住宅区;住宅小区",
        "district": "武侯区",
        "weight": 1
      }
    },
    {
      "type": "Feature",
      "geometry": {
        "type": "Point",
        "coordinates": [
          104.091666,
          30.588417
        ]
      },
      "properties": {
        "name": "包江桥社区",
        "category": "residential",
        "type": "商务住宅;住宅区;住宅小区",
        "district": "锦江区",
        "weight": 1
      }
    },
    {
      "type": "Feature",
      "geometry": {
        "type": "Point",
        "coordinates": [
          104.092809,
          30.586872
        ]
      },
      "properties": {
        "name": "锦华路三段379号院",
        "category": "residential",
        "type": "商务住宅;住宅区;住宅小区",
        "district": "锦江区",
        "weight": 1
      }
    },
    {
      "type": "Feature",
      "geometry": {
        "type": "Point",
        "coordinates": [
          104.149975,
          30.58462
        ]
      },
      "properties": {
        "name": "蓝润·锦江春天",
        "category": "residential",
        "type": "商务住宅;住宅区;住宅小区",
        "district": "锦江区",
        "weight": 2
      }
    },
    {
      "type": "Feature",
      "geometry": {
        "type": "Point",
        "coordinates": [
          104.147705,
          30.585666
        ]
      },
      "properties": {
        "name": "绿岛筑",
        "category": "residential",
        "type": "商务住宅;住宅区;住宅小区",
        "district": "锦江区",
        "weight": 1
      }
    },
    {
      "type": "Feature",
      "geometry": {
        "type": "Point",
        "coordinates": [
          104.149262,
          30.589444
        ]
      },
      "properties": {
        "name": "吉祥佳苑",
        "category": "residential",
        "type": "商务住宅;住宅区;住宅小区",
        "district": "锦江区",
        "weight": 1
      }
    },
    {
      "type": "Feature",
      "geometry": {
        "type": "Point",
        "coordinates": [
          104.148068,
          30.584759
        ]
      },
      "properties": {
        "name": "绿岛(四川大学华西第二医院锦江院区东南)",
        "category": "residential",
        "type": "商务住宅;住宅区;住宅小区",
        "district": "锦江区",
        "weight": 1
      }
    },
    {
      "type": "Feature",
      "geometry": {
        "type": "Point",
        "coordinates": [
          104.159621,
          30.586677
        ]
      },
      "properties": {
        "name": "红砂联合一组325号",
        "category": "residential",
        "type": "商务住宅;住宅区;住宅区",
        "district": "锦江区",
        "weight": 1
      }
    },
    {
      "type": "Feature",
      "geometry": {
        "type": "Point",
        "coordinates": [
          104.156111,
          30.584051
        ]
      },
      "properties": {
        "name": "红砂联合三组23号",
        "category": "residential",
        "type": "商务住宅;住宅区;住宅区",
        "district": "锦江区",
        "weight": 2
      }
    }
  ]
}