name,category,type,district,wgs_lng,wgs_lat,weight
谭木匠,shopping,购物服务;专卖店;专营店,金牛区,103.97306,30.732746,1
小蓓星母婴生活馆,shopping,购物服务;专卖店;儿童用品店,金牛区,103.973591,30.733981,1
状元书吧(书香府邸东),shopping,购物服务;专卖店;书店,金牛区,103.97784,30.734381,2
异星萌宠,shopping,购物服务;专卖店;宠物用品店,金牛区,103.978165,30.733542,2
出售打夯机鸡公吊吊篮脚手架,shopping,购物服务;购物相关场所;购物相关场所,金牛区,103.98042,30.732593,1
友友超市(金粮路),shopping,购物服务;便民商店/便利店;便民商店/便利店,金牛区,103.98129,30.73226,1
小贵族,shopping,购物服务;专卖店;儿童用品店,金牛区,103.974646,30.734059,14
上海正宗貂绒羊绒羊毛衫,shopping,购物服务;购物相关场所;购物相关场所,金牛区,103.982142,30.732738,1
优品鲜果蔬店,shopping,购物服务;综合市场;农副产品市场,金牛区,103.992032,30.731246,2
郫县友富贵副食超市,shopping,购物服务;便民商店/便利店;便民商店/便利店,金牛区,103.991456,30.730495,3
顺风三轮车厂,shopping,购物服务;购物相关场所;购物相关场所,金牛区,104.000313,30.733398,2
豪佳石业,shopping,购物服务;购物相关场所;购物相关场所,金牛区,103.996208,30.734844,1
鸿进石材,shopping,购物服务;购物相关场所;购物相关场所,金牛区,104.001117,30.735422,1
坤鑫石业,shopping,购物服务;购物相关场所;购物相关场所,金牛区,104.002832,30.732353,36
佳源石材,shopping,购物服务;购物相关场所;购物相关场所,金牛区,104.002249,30.73167,35
美思欧,shopping,购物服务;服装鞋帽皮具店;服装鞋帽皮具店,金牛区,104.008683,30.733131,42
E家电脑(盛兴路),shopping,购物服务;家电电子卖场;数码电子,金牛区,104.007776,30.733893,1
天天乐超市(盛兴路),shopping,购物服务;便民商店/便利店;便民商店/便利店,金牛区,104.010783,30.733715,5
香叶尖,shopping,购物服务;专卖店;专营店,金牛区,104.007037,30.733071,1
美的(欢乐谷专卖店),shopping,购物服务;家电电子卖场;家电电子卖场,金牛区,104.011463,30.733873,1
新盛世,shopping,购物服务;购物相关场所;购物相关场所,金牛区,104.011255,30.733274,1
兰亭序,shopping,购物服务;购物相关场所;购物相关场所,金牛区,104.008658,30.73181,3
巴比兔,shopping,购物服务;专卖店;儿童用品店,金牛区,104.012178,30.732049,18
晋大姐副食粮油店,shopping,购物服务;便民商店/便利店;便民商店/便利店,金牛区,104.009234,30.738025,2
静兴电器,shopping,购物服务;家电电子卖场;综合家电商场,金牛区,104.012966,30.734817,3
成奇通讯,shopping,购物服务;家电电子卖场;手机销售,金牛区,104.013382,30.735346,3
鼎鑫经营部,shopping,购物服务;便民商店/便利店;便民商店/便利店,金牛区,104.007422,30.738669,3
小灶高粱酒坊(金鑫大道),shopping,购物服务;专卖店;烟酒专卖店,金牛区,104.018119,30.735364,1
井盖批发,shopping,购物服务;专卖店;专营店,金牛区,104.019476,30.733324,1
敬鑫酒坊高粱酒,shopping,购物服务;购物相关场所;购物相关场所,金牛区,104.01793,30.736198,5
井盖自产自销,shopping,购物服务;购物相关场所;购物相关场所,金牛区,104.019991,30.733482,1
紫强干杂店,shopping,购物服务;便民商店/便利店;便民商店/便利店,金牛区,104.020071,30.732768,1
久康酒水,shopping,购物服务;专卖店;烟酒专卖店,金牛区,104.021745,30.734473,2
天天批发超市,shopping,购物服务;便民商店/便利店;便民商店/便利店,金牛区,104.021071,30.736381,1
邛崃仙居酒,shopping,购物服务;专卖店;烟酒专卖店,金牛区,104.01767,30.737348,1
鑫盛超市,shopping,购物服务;便民商店/便利店;便民商店/便利店,金牛区,104.018948,30.737462,1
花泥鲜花,shopping,购物服务;花鸟鱼虫市场;花卉市场,金牛区,104.014965,30.735164,2
大拇指(金鑫大道),shopping,购物服务;便民商店/便利店;便民商店/便利店,金牛区,104.017243,30.737991,1
链家(光荣西路店),shopping,购物服务;购物相关场所;购物相关场所,金牛区,104.022296,30.731864,7
芯芯茶叶,shopping,购物服务;专卖店;专营店,金牛区,104.014126,30.735383,3
辉哥超市,shopping,购物服务;超级市场;超市,金牛区,104.01653,30.738685,7
收废铁铜铝,shopping,购物服务;购物相关场所;购物相关场所,金牛区,104.017608,30.729598,2
好又来实惠超市,shopping,购物服务;便民商店/便利店;便民商店/便利店,金牛区,104.020874,30.738909,1
好乡音连锁超市,shopping,购物服务;购物相关场所;购物相关场所,金牛区,104.023234,30.730887,1
青杠菜市场,shopping,购物服务;综合市场;综合市场,金牛区,104.019133,30.73598,1
小灶纯高粱酒坊,shopping,购物服务;购物相关场所;购物相关场所,金牛区,104.028439,30.73453,1
雅蒙茗茶,shopping,购物服务;专卖店;专营店,金牛区,104.027015,30.734026,1
懒虫小店,shopping,购物服务;购物相关场所;购物相关场所,金牛区,104.02859,30.731924,2
府河通讯店,shopping,购物服务;家电电子卖场;手机销售,金牛区,104.026364,30.73337,6
爱婴堂母婴生活馆(府河星城店),shopping,购物服务;专卖店;儿童用品店,金牛区,104.026477,30.732206,1
星晨宠物,shopping,购物服务;购物相关场所;购物相关场所,金牛区,104.02598,30.731537,1
乐哈哈超市,shopping,购物服务;购物相关场所;购物相关场所,金牛区,104.028838,30.73035,2
宏远宠物食品批发零售,shopping,购物服务;专卖店;宠物用品店,金牛区,104.026024,30.731053,1
奇蕾电动车,shopping,购物服务;专卖店;自行车专卖店,金牛区,104.031261,30.730626,1
懒人超市,shopping,购物服务;购物相关场所;购物相关场所,金牛区,104.026407,30.729742,3
四川吴泰机械,shopping,购物服务;专卖店;专营店,金牛区,104.033609,30.737659,5
国利通讯,shopping,购物服务;家电电子卖场;手机销售,金牛区,104.030634,30.72949,3
讯网电脑(府河店),shopping,购物服务;家电电子卖场;家电电子卖场,金牛区,104.027489,30.73252,1
府河星城集贸市场,shopping,购物服务;综合市场;综合市场,金牛区,104.02546,30.729819,1
馨苑红旗连锁,shopping,购物服务;购物相关场所;购物相关场所,金牛区,104.027233,30.731015,1
宏鸿超市,shopping,购物服务;购物相关场所;购物相关场所,金牛区,104.02797,30.73233,1
居家超市(奥新路),shopping,购物服务;便民商店/便利店;便民商店/便利店,金牛区,104.03631,30.734278,1
三木便利店(奥新路),shopping,购物服务;便民商店/便利店;便民商店/便利店,金牛区,104.03611,30.73515,1
小白超市(欢乐城198南),shopping,购物服务;便民商店/便利店;便民商店/便利店,金牛区,104.040868,30.733005,1
根据地小卖部,shopping,购物服务;便民商店/便利店;便民商店/便利店,金牛区,104.042045,30.733363,1
旭丰木业,shopping,购物服务;购物相关场所;购物相关场所,金牛区,104.040265,30.731408,1
法普电工,shopping,购物服务;购物相关场所;购物相关场所,金牛区,104.042694,30.734331,4
祥云超市(金丰路辅路),shopping,购物服务;便民商店/便利店;便民商店/便利店,金牛区,104.043083,30.733742,1
扬帆超市,shopping,购物服务;便民商店/便利店;便民商店/便利店,金牛区,104.034763,30.737947,1
鑫彬超市,shopping,购物服务;便民商店/便利店;便民商店/便利店,金牛区,104.041269,30.739013,3
川杭塑胶,shopping,购物服务;专卖店;专营店,金牛区,104.034356,30.73887,2
王贾踏水蔬菜批发市场,shopping,购物服务;综合市场;综合市场,金牛区,104.037758,30.735063,2
踏水·王贾农贸综合市场,shopping,购物服务;综合市场;综合市场,金牛区,104.03992,30.734248,1
蒋氏干杂,shopping,购物服务;购物相关场所;购物相关场所,金牛区,104.047824,30.735095,2
张记肉铺,shopping,购物服务;购物相关场所;购物相关场所,金牛区,104.049754,30.735561,16
宝太,shopping,购物服务;购物相关场所;购物相关场所,金牛区,104.047933,30.731729,41
金建副食,shopping,购物服务;便民商店/便利店;便民商店/便利店,金牛区,104.049641,30.737135,6
秋田照明,shopping,购物服务;购物相关场所;购物相关场所,金牛区,104.046201,30.731482,21
豪森钢铁,shopping,购物服务;购物相关场所;购物相关场所,金牛区,104.049392,30.738137,5
高粱酒,shopping,购物服务;购物相关场所;购物相关场所,金牛区,104.052756,30.735624,2
量力钢材城A区(东门),shopping,购物服务;购物相关场所;购物相关场所,金牛区,104.049323,30.730615,1
圆周钢铁,shopping,购物服务;购物相关场所;购物相关场所,金牛区,104.052954,30.733052,2
重庆华展金属材料,shopping,购物服务;购物相关场所;购物相关场所,金牛区,104.046577,30.73814,1
融洲钢铁,shopping,购物服务;购物相关场所;购物相关场所,金牛区,104.046749,30.729803,26
世纪沧龙,shopping,购物服务;购物相关场所;购物相关场所,金牛区,104.04828,30.730197,3
志鑫橡胶,shopping,购物服务;购物相关场所;购物相关场所,金牛区,104.045967,30.730622,19
金威特不锈钢铝板铝管铝棒,shopping,购物服务;购物相关场所;购物相关场所,金牛区,104.050417,30.730133,1
弘基商贸,shopping,购物服务;购物相关场所;购物相关场所,金牛区,104.051639,30.730509,1
善兴贸易,shopping,购物服务;购物相关场所;购物相关场所,金牛区,104.048096,30.729662,2
酒龙聚酒业,shopping,购物服务;专卖店;烟酒专卖店,金牛区,104.049236,30.729493,4
好钢物资,shopping,购物服务;购物相关场所;购物相关场所,金牛区,104.05255,30.73069,10
铜材铝材,shopping,购物服务;购物相关场所;购物相关场所,金牛区,104.049715,30.739365,2
天天好邻居,shopping,购物服务;购物相关场所;购物相关场所,金牛区,104.05035,30.739342,1
丽诺森华全屋集成顶,shopping,购物服务;购物相关场所;购物相关场所,金牛区,104.045535,30.729746,1
腾博欣奇钢材,shopping,购物服务;购物相关场所;购物相关场所,金牛区,104.05285,30.729658,1
健康蔬菜超市,shopping,购物服务;综合市场;蔬菜市场,金牛区,104.051264,30.735402,2
便民粮油店,shopping,购物服务;综合市场;农副产品市场,金牛区,104.049659,30.733542,2
新成鲜花,shopping,购物服务;花鸟鱼虫市场;花卉市场,金牛区,104.048569,30.735383,1
龙旺食品,shopping,购物服务;便民商店/便利店;便民商店/便利店,金牛区,104.053653,30.735407,5
红旗超市(建机厂二分场),shopping,购物服务;超级市场;超市,金牛区,104.051827,30.735175,1
翡情翠意珠宝,shopping,购物服务;专卖店;专营店,金牛区,104.052442,30.731805,1
恒乐消防,shopping,购物服务;专卖店;专营店,金牛区,104.044954,30.731474,3
鸿泰机械,shopping,购物服务;专卖店;专营店,金牛区,104.049346,30.738895,1
量力超市,shopping,购物服务;超级市场;超市,金牛区,104.052312,30.729636,1
银河食品批发部,shopping,购物服务;便民商店/便利店;便民商店/便利店,金牛区,104.059699,30.734274,5
李姐小卖部,shopping,购物服务;便民商店/便利店;便民商店/便利店,金牛区,104.058922,30.735398,1
趣多多,shopping,购物服务;购物相关场所;购物相关场所,金牛区,104.059605,30.733162,6
小兰珠宝,shopping,购物服务;专卖店;珠宝首饰工艺品,金牛区,104.060471,30.735579,12
华荣超市(泉水路),shopping,购物服务;便民商店/便利店;便民商店/便利店,金牛区,104.056108,30.734261,1
洁弘钢材,shopping,购物服务;购物相关场所;购物相关场所,金牛区,104.055352,30.733883,7
卡压式不锈钢管薄壁不锈钢水管,shopping,购物服务;购物相关场所;购物相关场所,金牛区,104.054862,30.735298,2
罗豪建材,shopping,购物服务;购物相关场所;购物相关场所,金牛区,104.054728,30.734119,1
廖家,shopping,购物服务;购物相关场所;购物相关场所,金牛区,104.059489,30.730269,17
大林油坊,shopping,购物服务;综合市场;农副产品市场,金牛区,104.062335,30.735688,5
兴振东铝卷,shopping,购物服务;购物相关场所;购物相关场所,金牛区,104.054297,30.732835,5
包来运转,shopping,购物服务;购物相关场所;购物相关场所,金牛区,104.057863,30.730699,4
金牛区华宇磊钢材商贸部,shopping,购物服务;购物相关场所;购物相关场所,金牛区,104.054248,30.734768,1
百合花婚纱礼服馆,shopping,购物服务;专卖店;专营店,金牛区,104.055974,30.73122,1
成都东方阀门制造有限公司直销处,shopping,购物服务;购物相关场所;购物相关场所,金牛区,104.054878,30.73216,2
雅凯,shopping,购物服务;购物相关场所;购物相关场所,金牛区,104.054556,30.731733,3
陆家五组菜市场,shopping,购物服务;购物相关场所;购物相关场所,金牛区,104.063069,30.737004,1
依伊超市,shopping,购物服务;便民商店/便利店;便民商店/便利店,金牛区,104.060267,30.739262,1
红英超市(灵润路),shopping,购物服务;便民商店/便利店;便民商店/便利店,金牛区,104.062129,30.730234,1
美国三和润滑油,shopping,购物服务;专卖店;专营店,金牛区,104.062421,30.738495,1
大白兔,shopping,购物服务;购物相关场所;购物相关场所,金牛区,104.06215,30.72972,2
车又多二手车行,shopping,购物服务;专卖店;自行车专卖店,金牛区,104.062694,30.739266,2
互利超市(川建路),shopping,购物服务;便民商店/便利店;便民商店/便利店,金牛区,104.054223,30.739348,1
小太阳文具(嘉泽路),shopping,购物服务;文化用品店;文化用品店,金牛区,104.061566,30.730732,1
陆家九队菜市,shopping,购物服务;综合市场;蔬菜市场,金牛区,104.059941,30.737661,1
大金空调,shopping,购物服务;家电电子卖场;家电电子卖场,金牛区,104.054669,30.73027,1
第三空间鲜花,shopping,购物服务;花鸟鱼虫市场;花卉市场,金牛区,104.068879,30.735688,1
荣华蓬垫,shopping,购物服务;专卖店;专营店,金牛区,104.067823,30.731191,1
金牛区鑫云林干杂经营部,shopping,购物服务;购物相关场所;购物相关场所,金牛区,104.064419,30.736355,1
贵春超市(王贾路),shopping,购物服务;便民商店/便利店;便民商店/便利店,金牛区,104.067834,30.730061,1
神州通讯店(王贾路),shopping,购物服务;家电电子卖场;手机销售,金牛区,104.06781,30.730543,1
邻近超市,shopping,购物服务;便民商店/便利店;便民商店/便利店,金牛区,104.064579,30.738204,1
好佰家超市(陆家大道),shopping,购物服务;便民商店/便利店;便民商店/便利店,金牛区,104.064736,30.737508,1
达顺发副食店,shopping,购物服务;便民商店/便利店;便民商店/便利店,金牛区,104.067493,30.731656,1
昆仑好客便利店(北星大道一段),shopping,购物服务;便民商店/便利店;便民商店/便利店,金牛区,104.073512,30.739163,1
恒洁卫浴仓库,shopping,购物服务;购物相关场所;购物相关场所,金牛区,104.087192,30.733013,1
和成商贸,shopping,购物服务;专卖店;烟酒专卖店|公司企业;公司;商业贸易|购物服务;便民商店/便利店;便民商店/便利店,成华区,104.101867,30.730155,1
鑫发吊顶大全,shopping,购物服务;购物相关场所;购物相关场所,金牛区,104.108433,30.734459,1
家乐陶,shopping,购物服务;购物相关场所;购物相关场所,金牛区,104.107082,30.734881,28
唐巢瓷砖胶,shopping,购物服务;购物相关场所;购物相关场所,金牛区,104.109636,30.734363,1
厂家直销,shopping,购物服务;购物相关场所;购物相关场所,金牛区,104.10797,30.733252,3
蜜蜂家园仓库,shopping,购物服务;购物相关场所;购物相关场所,金牛区,104.10976,30.733592,1
爱好文具厂,shopping,购物服务;购物相关场所;购物相关场所,金牛区,104.109193,30.736729,5
妆颜,shopping,购物服务;购物相关场所;购物相关场所,成华区,104.108683,30.731266,85
秀阁,shopping,购物服务;购物相关场所;购物相关场所,成华区,104.111983,30.732288,2
佳州红(厂家直销),shopping,购物服务;购物相关场所;购物相关场所,成华区,104.111199,30.731167,1
壁丽鑫,shopping,购物服务;购物相关场所;购物相关场所,金牛区,104.110243,30.738616,23
威登堡陶瓷,shopping,购物服务;购物相关场所;购物相关场所,金牛区,104.103812,30.732752,2
顺美(北门),shopping,购物服务;购物相关场所;购物相关场所,成华区,104.111768,30.729763,2
上海顺达机麻超市,shopping,购物服务;专卖店;专营店,金牛区,104.112476,30.733112,2
凯普电池专卖,shopping,购物服务;专卖店;专营店,成华区,104.106315,30.731217,4
九牧欧派电器,shopping,购物服务;家电电子卖场;家电电子卖场,金牛区,104.108748,30.734913,1
美艳内衣行,shopping,购物服务;服装鞋帽皮具店;服装鞋帽皮具店,金牛区,104.113091,30.733642,1
友谊化工,shopping,购物服务;专卖店;专营店,金牛区,104.108055,30.733844,1
实惠超市,shopping,购物服务;超级市场;超市,金牛区,104.104059,30.735562,2
顺发通信(湾仔巷),shopping,购物服务;家电电子卖场;手机销售,金牛区,104.105215,30.73562,1
欣欣酒水,shopping,购物服务;购物相关场所;购物相关场所,成华区,104.11591,30.733471,1
玉洪干杂,shopping,购物服务;便民商店/便利店;便民商店/便利店,成华区,104.117643,30.737153,2
河畔小卖部,shopping,购物服务;便民商店/便利店;便民商店/便利店,成华区,104.116109,30.731561,1
刘姐小卖部,shopping,购物服务;购物相关场所;购物相关场所,成华区,104.118957,30.737868,1
北方吊顶,shopping,购物服务;购物相关场所;购物相关场所,成华区,104.119739,30.738055,3
希尔曼洁具,shopping,购物服务;购物相关场所;购物相关场所,成华区,104.121109,30.73876,12
顺便超市,shopping,购物服务;便民商店/便利店;便民商店/便利店,成华区,104.116144,30.729633,1
成华区建营装饰材料经营部,shopping,购物服务;购物相关场所;购物相关场所,成华区,104.118314,30.73866,1
申露达卫浴,shopping,购物服务;购物相关场所;购物相关场所,成华区,104.126569,30.731183,1
协进陶瓷,shopping,购物服务;购物相关场所;购物相关场所,成华区,104.129915,30.729518,8
广东朝发柜盆大世界,shopping,购物服务;专卖店;专营店,成华区,104.127304,30.729911,1
鑫鸿鑫超市,shopping,购物服务;超级市场;超市,成华区,104.128202,30.736184,1
鑫炎便利店,shopping,购物服务;便民商店/便利店;便民商店/便利店,成华区,104.129558,30.730848,2
富实康超市(石岭路),shopping,购物服务;便民商店/便利店;便民商店/便利店,成华区,104.126618,30.729949,1
莱宝丝,shopping,购物服务;购物相关场所;购物相关场所,成华区,104.126186,30.730333,1
王者公馆陶瓷库房,shopping,购物服务;购物相关场所;购物相关场所,成华区,104.130966,30.73152,1
邦畅卫浴,shopping,购物服务;购物相关场所;购物相关场所,成华区,104.125719,30.732347,1
雅可尔卫浴,shopping,购物服务;购物相关场所;购物相关场所,成华区,104.126858,30.736574,1
饰峰陶瓷,shopping,购物服务;购物相关场所;购物相关场所,成华区,104.130274,30.732888,1
角斗士铺石,shopping,购物服务;购物相关场所;购物相关场所,成华区,104.141529,30.73357,1
成都大熊猫繁育研究基地-大熊猫博物馆礼品店,shopping,购物服务;专卖店;礼品饰品店,成华区,104.143325,30.735151,1
遐龄居恒源综合超市,shopping,购物服务;便民商店/便利店;便民商店/便利店,成华区,104.138637,30.734434,1
遐邻居,shopping,购物服务;购物相关场所;购物相关场所,成华区,104.139571,30.734027,1
红旗超市(汇川街),shopping,购物服务;超级市场;超市,金牛区,103.971841,30.729482,1
童泰,shopping,购物服务;专卖店;儿童用品店,金牛区,103.976905,30.724806,113
奥尼尔健康工场,shopping,购物服务;专卖店;专营店,金牛区,103.97802,30.724902,1
正品,shopping,购物服务;购物相关场所;购物相关场所,金牛区,103.978809,30.722927,50
唯佳超市(蜀西路),shopping,购物服务;便民商店/便利店;便民商店/便利店,金牛区,103.976605,30.726356,1
上层酒行(蓝岸街),shopping,购物服务;专卖店;烟酒专卖店,金牛区,103.97637,30.721607,1
海娜韵,shopping,购物服务;服装鞋帽皮具店;服装鞋帽皮具店,金牛区,103.976804,30.721072,2
良品仓库,shopping,购物服务;购物相关场所;购物相关场所,金牛区,103.979794,30.720324,7
曾鲜鱼行,shopping,购物服务;综合市场;水产海鲜市场,金牛区,103.974609,30.721465,10
朝阳线庄,shopping,购物服务;专卖店;专营店,金牛区,103.977487,30.720228,4
发祥地商城,shopping,购物服务;购物相关场所;购物相关场所,金牛区,103.982822,30.721635,1
罗玛鲨鱼(中海专卖店),shopping,购物服务;服装鞋帽皮具店;服装鞋帽皮具店,金牛区,103.978785,30.720017,1
鲜果园(碧林街),shopping,购物服务;综合市场;果品市场,金牛区,103.975146,30.720405,2
新亿副食店,shopping,购物服务;便民商店/便利店;便民商店/便利店,金牛区,103.97572,30.719708,4
壳牌便利店(蜀西路),shopping,购物服务;便民商店/便利店;便民商店/便利店,金牛区,103.982823,30.719911,1
夏尔数码,shopping,购物服务;家电电子卖场;家电电子卖场,金牛区,103.975785,30.728529,1
奥斯汀花艺(高新西区店),shopping,购物服务;花鸟鱼虫市场;花卉市场,金牛区,103.974029,30.72663,1
金牛区雪锋超市,shopping,购物服务;便民商店/便利店;便民商店/便利店,金牛区,103.988525,30.722736,4
金牛区向明干杂店,shopping,购物服务;便民商店/便利店;便民商店/便利店,金牛区,103.990115,30.72298,1
安友干杂,shopping,购物服务;便民商店/便利店;便民商店/便利店,金牛区,103.990767,30.723343,3
小明家便利店,shopping,购物服务;便民商店/便利店;便民商店/便利店,金牛区,103.986867,30.722341,4
二妹酒水配送中心,shopping,购物服务;专卖店;烟酒专卖店,金牛区,103.985515,30.722621,1
二妹超市(金周路),shopping,购物服务;便民商店/便利店;便民商店/便利店,金牛区,103.985387,30.721964,1
华亿益多超市(华逸干杂店),shopping,购物服务;便民商店/便利店;便民商店/便利店,金牛区,103.993679,30.723996,1
盛弘机电,shopping,购物服务;购物相关场所;购物相关场所,金牛区,103.993045,30.72173,1
爱尚鞋屋,shopping,购物服务;购物相关场所;购物相关场所,金牛区,103.990416,30.7291,2
好邻居超市,shopping,购物服务;便民商店/便利店;便民商店/便利店,金牛区,103.989211,30.729531,1
惠又好食品店,shopping,购物服务;便民商店/便利店;便民商店/便利店,金牛区,103.984143,30.721526,1
易捷便利店(金周路),shopping,购物服务;便民商店/便利店;便民商店/便利店,金牛区,103.983932,30.720794,1
中国西部国际珠宝中心(成都珠宝城),shopping,购物服务;专卖店;珠宝首饰工艺品,金牛区,103.984331,30.720138,1
勃森拍卖,shopping,购物服务;特殊买卖场所;拍卖行,金牛区,103.990037,30.719865,3
加力应急自家露营装备,shopping,购物服务;体育用品店;户外用品,金牛区,103.991,30.721172,1
红旗超市(兴科路分场),shopping,购物服务;超级市场;超市,金牛区,103.988528,30.719728,1
诚信燃具,shopping,购物服务;购物相关场所;购物相关场所,金牛区,103.999503,30.72465,6
三人行电脑行,shopping,购物服务;家电电子卖场;数码电子,金牛区,103.998832,30.725425,2
碧全副食,shopping,购物服务;便民商店/便利店;便民商店/便利店,金牛区,103.999906,30.723586,2
成河批发部,shopping,购物服务;便民商店/便利店;便民商店/便利店,金牛区,103.996827,30.723915,5
鑫万家超市,shopping,购物服务;便民商店/便利店;便民商店/便利店,金牛区,103.999975,30.726214,1
魅力内衣,shopping,购物服务;服装鞋帽皮具店;服装鞋帽皮具店,金牛区,103.997459,30.72255,13
华利之星三轮车,shopping,购物服务;购物相关场所;购物相关场所,金牛区,103.99618,30.725022,2
安尔达电动车(土桥专卖店),shopping,购物服务;专卖店;自行车专卖店,金牛区,104.000366,30.722805,1
KK'Store(金科北路),shopping,购物服务;便民商店/便利店;便民商店/便利店,金牛区,104.001779,30.723827,1
鑫峰彩钢,shopping,购物服务;购物相关场所;购物相关场所,金牛区,103.995293,30.72467,7
kk超市,shopping,购物服务;便民商店/便利店;便民商店/便利店,金牛区,104.001934,30.724306,1
可馨干杂店,shopping,购物服务;便民商店/便利店;便民商店/便利店,金牛区,104.0007,30.722027,2
租售移动脚手架,shopping,购物服务;购物相关场所;购物相关场所,金牛区,103.999256,30.721385,2
李姐副食店(金科中路),shopping,购物服务;便民商店/便利店;便民商店/便利店,金牛区,104.001007,30.721576,2
金牛区金盾副食品店,shopping,购物服务;便民商店/便利店;便民商店/便利店,金牛区,104.003466,30.723482,2
光海科技,shopping,购物服务;购物相关场所;购物相关场所,金牛区,104.003557,30.719646,1
晨光文具(五新店),shopping,购物服务;文化用品店;文化用品店,金牛区,104.003397,30.726842,1
红旗超市(金科南路分场),shopping,购物服务;超级市场;超市,金牛区,103.996245,30.719745,1
华亿超市(金科店),shopping,购物服务;超级市场;超市,金牛区,104.002146,30.722755,1
茗茶总汇,shopping,购物服务;专卖店;专营店,金牛区,104.009371,30.724035,1
甜妹副食店,shopping,购物服务;便民商店/便利店;便民商店/便利店,金牛区,104.007698,30.723488,2
旭东酒水批发,shopping,购物服务;专卖店;烟酒专卖店,金牛区,104.011087,30.724736,1
心随意干杂商行,shopping,购物服务;便民商店/便利店;便民商店/便利店,金牛区,104.006034,30.725348,2
天荣盛通讯店,shopping,购物服务;家电电子卖场;手机销售,金牛区,104.0064,30.726665,2
诚信行酒店设备用品商行,shopping,购物服务;专卖店;专营店,金牛区,104.005099,30.724541,1
凯源乐超市,shopping,购物服务;便民商店/便利店;便民商店/便利店,金牛区,104.005146,30.726041,3
金桥小卖部,shopping,购物服务;便民商店/便利店;便民商店/便利店,金牛区,104.00597,30.721794,3
ERST性能体验中心,shopping,购物服务;购物相关场所;购物相关场所,金牛区,104.008799,30.720817,1
开开小卖部,shopping,购物服务;便民商店/便利店;便民商店/便利店,金牛区,104.004353,30.724602,1
宏吉酒水批发,shopping,购物服务;专卖店;烟酒专卖店,金牛区,104.007099,30.720793,1
进海科技,shopping,购物服务;购物相关场所;购物相关场所,金牛区,104.004622,30.722537,1
顺发干杂,shopping,购物服务;购物相关场所;购物相关场所,金牛区,104.013103,30.726242,4
昆仑好客便利店(振兴东一路店),shopping,购物服务;便民商店/便利店;便民商店/便利店,金牛区,104.009718,30.720325,1
瑞强副食,shopping,购物服务;便民商店/便利店;便民商店/便利店,金牛区,104.00434,30.727083,1
瑞汉办公(金牛店),shopping,购物服务;文化用品店;文化用品店,金牛区,104.003916,30.726594,2
正源干杂,shopping,购物服务;便民商店/便利店;便民商店/便利店,金牛区,104.018362,30.723602,2
南小灶酒,shopping,购物服务;专卖店;烟酒专卖店,金牛区,104.017164,30.724915,2
美晟广材,shopping,购物服务;购物相关场所;购物相关场所,金牛区,104.016033,30.725721,2
蓉鑫超市(瓦子村店),shopping,购物服务;便民商店/便利店;便民商店/便利店|购物服务;超级市场;超市,金牛区,104.015179,30.726303,1
爱购超市,shopping,购物服务;便民商店/便利店;便民商店/便利店,金牛区,104.021498,30.727161,2
富新工程机械设备零配件经营部,shopping,购物服务;专卖店;专营店,金牛区,104.017346,30.728227,1
小卖部,shopping,购物服务;便民商店/便利店;便民商店/便利店,金牛区,104.014188,30.726951,8
文杰机电经营部,shopping,购物服务;专卖店;专营店,金牛区,104.015439,30.727842,1
金牛区蒋海燕干杂店,shopping,购物服务;便民商店/便利店;便民商店/便利店,金牛区,104.016737,30.728951,2
隆盛自选店,shopping,购物服务;便民商店/便利店;便民商店/便利店,金牛区,104.016012,30.728776,1
成都锦鹏建筑机械,shopping,购物服务;购物相关场所;购物相关场所,金牛区,104.022187,30.728385,1
沙西线过渡水果市场,shopping,购物服务;综合市场;果品市场,金牛区,104.023285,30.727382,1
君子殿连锁超市(瓦子村分店),shopping,购物服务;超级市场;超市,金牛区,104.018033,30.724125,1
彬玉五金店,shopping,购物服务;购物相关场所;购物相关场所,金牛区,104.016027,30.72822,1
成都欢乐谷出口商店,shopping,购物服务;便民商店/便利店;便民商店/便利店,金牛区,104.028255,30.723298,1
4D影院商店,shopping,购物服务;便民商店/便利店;便民商店/便利店,金牛区,104.030445,30.72293,1
阳光果业,shopping,购物服务;综合市场;果品市场,金牛区,104.026098,30.723548,5
欧风街,shopping,购物服务;综合市场;综合市场,金牛区,104.031258,30.722791,1
好家乡超市,shopping,购物服务;超级市场;超市,金牛区,104.030516,30.721078,6
现场人像雕刻坊,shopping,购物服务;专卖店;专营店,金牛区,104.0311,30.727504,1
青杠洋阳超市,shopping,购物服务;便民商店/便利店;便民商店/便利店,金牛区,104.024134,30.725986,8
52Camp童装折扣店,shopping,购物服务;专卖店;儿童用品店,金牛区,104.031049,30.720654,1
安踏,shopping,购物服务;体育用品店;体育用品店,金牛区,104.033873,30.721907,20
肖平安宠物生活馆,shopping,购物服务;花鸟鱼虫市场;宠物市场|购物服务;专卖店;宠物用品店,金牛区,104.023713,30.726918,2
晨光文具(华丰路),shopping,购物服务;文化用品店;文化用品店,金牛区,104.025088,30.724155,1
西部牛仔,shopping,购物服务;服装鞋帽皮具店;服装鞋帽皮具店,金牛区,104.029512,30.724964,1
金府钢材城(入口),shopping,购物服务;购物相关场所;购物相关场所,金牛区,104.037737,30.722146,1
减速机,shopping,购物服务;购物相关场所;购物相关场所,金牛区,104.037026,30.716844,764
云杨劳保,shopping,购物服务;购物相关场所;购物相关场所,金牛区,104.037855,30.720927,12
Topsports(欢乐谷店),shopping,购物服务;购物相关场所;购物相关场所,金牛区,104.035911,30.721666,1
汇昌隆,shopping,购物服务;购物相关场所;购物相关场所,金牛区,104.043443,30.721225,18
麦鲁小城52童装店,shopping,购物服务;购物相关场所;购物相关场所,金牛区,104.043434,30.728149,1
今日阅读(华侨城店),shopping,购物服务;专卖店;书店,金牛区,104.034983,30.722514,1
顺荣祥,shopping,购物服务;专卖店;专营店,金牛区,104.039798,30.721573,4
史密斯·劳伦,shopping,购物服务;服装鞋帽皮具店;服装鞋帽皮具店,金牛区,104.041894,30.720609,1
讲台花店开业花篮庆典花篮商务,shopping,购物服务;花鸟鱼虫市场;花卉市场,金牛区,104.039075,30.724692,1
多福乐超市,shopping,购物服务;购物相关场所;购物相关场所,金牛区,104.048472,30.726047,1
杨杨书店,shopping,购物服务;专卖店;书店,金牛区,104.050455,30.723937,3
宏鑫超市(沙河分店),shopping,购物服务;超级市场;超市,金牛区,104.05066,30.725282,2
陈氏手工茶行,shopping,购物服务;专卖店;专营店,金牛区,104.050994,30.723528,2
棉兴超市,shopping,购物服务;便民商店/便利店;便民商店/便利店,金牛区,104.048595,30.726779,3
舞东风(洞子口分店),shopping,购物服务;便民商店/便利店;便民商店/便利店,金牛区,104.04787,30.726537,3
三河针棉厂,shopping,购物服务;专卖店;专营店,金牛区,104.046227,30.726236,4
永利工厂店,shopping,购物服务;购物相关场所;购物相关场所,金牛区,104.045661,30.724588,1
曾氏鸽粮,shopping,购物服务;购物相关场所;购物相关场所,金牛区,104.052347,30.723159,3
开心莎姆,shopping,购物服务;购物相关场所;购物相关场所,金牛区,104.052512,30.724646,1
彬彬文具,shopping,购物服务;购物相关场所;购物相关场所,金牛区,104.053164,30.723925,3
缝纫线,shopping,购物服务;专卖店;专营店,金牛区,104.05496,30.723956,43
金牛区兴锦弘建材经营部,shopping,购物服务;购物相关场所;购物相关场所,金牛区,104.043639,30.723059,1
远达建材,shopping,购物服务;购物相关场所;购物相关场所,金牛区,104.050206,30.720045,6
郫县鑫运通建材经营部,shopping,购物服务;购物相关场所;购物相关场所,金牛区,104.051586,30.728189,1
金牛区权都建材经营部,shopping,购物服务;购物相关场所;购物相关场所,金牛区,104.048073,30.729039,1
金牛区亚伟建材经营部,shopping,购物服务;购物相关场所;购物相关场所,金牛区,104.049821,30.728933,2
合佳商行,shopping,购物服务;专卖店;烟酒专卖店,金牛区,104.044417,30.71957,24
昆仑好客便利店(洞子口路店),shopping,购物服务;便民商店/便利店;便民商店/便利店,金牛区,104.051112,30.726176,1
格力电器(金府机电城店),shopping,购物服务;家电电子卖场;家电电子卖场,金牛区,104.044287,30.722798,1
简约足时尚女鞋,shopping,购物服务;服装鞋帽皮具店;服装鞋帽皮具店,金牛区,104.058454,30.723987,1
爱美丽,shopping,购物服务;服装鞋帽皮具店;品牌服装店,金牛区,104.059398,30.724648,25
四川巨键消防装备制造有限公司驻成都办事处,shopping,购物服务;专卖店;专营店,金牛区,104.057941,30.723492,1
茗轩阁,shopping,购物服务;专卖店;专营店,金牛区,104.057341,30.723752,2
洞子口蓝光,shopping,购物服务;购物相关场所;购物相关场所,金牛区,104.057794,30.725585,1
韩佳社,shopping,购物服务;购物相关场所;购物相关场所,金牛区,104.059401,30.726188,10
明禾春超市,shopping,购物服务;便民商店/便利店;便民商店/便利店,金牛区,104.060135,30.725323,2
康心超市,shopping,购物服务;购物相关场所;购物相关场所,金牛区,104.060856,30.724349,1
成都市金牛物资批发总站,shopping,购物服务;购物相关场所;购物相关场所,金牛区,104.055746,30.723932,1
丝洛芬线下体验店,shopping,购物服务;服装鞋帽皮具店;服装鞋帽皮具店,金牛区,104.061535,30.725407,8
铁臂阿木童润滑油,shopping,购物服务;购物相关场所;购物相关场所,金牛区,104.055404,30.724501,2
金牛区佐伊女鞋经营部,shopping,购物服务;购物相关场所;购物相关场所,金牛区,104.057573,30.72691,1
鑫青衣,shopping,购物服务;服装鞋帽皮具店;服装鞋帽皮具店,金牛区,104.059693,30.728812,11
物料中心,shopping,购物服务;购物相关场所;购物相关场所,金牛区,104.059546,30.719952,2
名典车易生活馆,shopping,购物服务;购物相关场所;购物相关场所,金牛区,104.063088,30.721591,1
老北京布鞋(灵润路),shopping,购物服务;服装鞋帽皮具店;服装鞋帽皮具店,金牛区,104.062131,30.729064,1
金牛区瑞华建材经营部,shopping,购物服务;购物相关场所;购物相关场所,金牛区,104.054835,30.729116,1
大明批发超市,shopping,购物服务;超级市场;超市,金牛区,104.06096,30.72485,1
哈尔滨啤酒广场,shopping,购物服务;特色商业街;特色商业街,金牛区,104.056006,30.722733,1
天能电池,shopping,购物服务;专卖店;专营店,金牛区,104.066816,30.724384,3
王贾百货,shopping,购物服务;服装鞋帽皮具店;服装鞋帽皮具店,金牛区,104.066254,30.723717,2
王贾烟酒,shopping,购物服务;专卖店;烟酒专卖店,金牛区,104.065896,30.721678,23
小燕烟酒饮料批发,shopping,购物服务;专卖店;烟酒专卖店,金牛区,104.065638,30.723113,3
浪鲸,shopping,购物服务;购物相关场所;购物相关场所,金牛区,104.073624,30.72404,29
雪宝宝的店,shopping,购物服务;购物相关场所;购物相关场所,金牛区,104.064872,30.72254,1
卡慕,shopping,购物服务;专卖店;烟酒专卖店,金牛区,104.073154,30.724616,2
成都华杰太阳能配件(四川总代理),shopping,购物服务;购物相关场所;购物相关场所,金牛区,104.068992,30.728648,1
纯高粱酒,shopping,购物服务;购物相关场所;购物相关场所,金牛区,104.067868,30.728734,1
红星美凯龙面料,shopping,购物服务;购物相关场所;购物相关场所,金牛区,104.073541,30.722694,2
聂干多,shopping,购物服务;购物相关场所;购物相关场所,金牛区,104.071392,30.720309,3
诚信门窗,shopping,购物服务;购物相关场所;购物相关场所,金牛区,104.07313,30.720654,5
舞东风(水韵天府分店),shopping,购物服务;便民商店/便利店;便民商店/便利店,金牛区,104.06467,30.723138,1
昆仑好客便利店(王贾路),shopping,购物服务;便民商店/便利店;便民商店/便利店,金牛区,104.068353,30.72811,1
三三自选超市,shopping,购物服务;便民商店/便利店;便民商店/便利店,金牛区,104.070695,30.728421,1
芒娶果恋精品果业,shopping,购物服务;综合市场;果品市场,金牛区,104.067021,30.721131,1
红旗超市(王贾路分店),shopping,购物服务;超级市场;超市,金牛区,104.06789,30.719813,1
四川婚庆批发(凤凰山店),shopping,购物服务;购物相关场所;购物相关场所,金牛区,104.079336,30.722779,1
布莱尔软装,shopping,购物服务;购物相关场所;购物相关场所,金牛区,104.075473,30.72427,2
天天鲜,shopping,购物服务;综合市场;果品市场,金牛区,104.076706,30.72239,8
SAVOIA,shopping,购物服务;购物相关场所;购物相关场所,金牛区,104.074833,30.723723,1
森乐净化,shopping,购物服务;专卖店;专营店,金牛区,104.074595,30.723085,3
懒虫小店,shopping,购物服务;购物相关场所;购物相关场所,金牛区,104.077129,30.720331,1
雅巢吊顶,shopping,购物服务;购物相关场所;购物相关场所,金牛区,104.079964,30.71974,1
中国电信业务代办点,shopping,购物服务;购物相关场所;购物相关场所,金牛区,104.073869,30.72058,1
致乐水族,shopping,购物服务;花鸟鱼虫市场;花鸟鱼虫市场,金牛区,104.074593,30.720534,2
鸿兴电脑(韦家碾一路),shopping,购物服务;家电电子卖场;数码电子,金牛区,104.075735,30.722483,1
漆牌生鲜农贸超市(韦家碾店),shopping,购物服务;综合市场;综合市场,金牛区,104.078112,30.722182,1
付氏墙纸,shopping,购物服务;购物相关场所;购物相关场所,成华区,104.086548,30.719611,1
成都市青羊区爱舍装饰材料经营部,shopping,购物服务;购物相关场所;购物相关场所,成华区,104.098406,30.724893,1
明珠超市,shopping,购物服务;便民商店/便利店;便民商店/便利店,金牛区,104.096504,30.725985,6
菲丽嘟糖果,shopping,购物服务;购物相关场所;购物相关场所,成华区,104.102218,30.723726,1
金牛区郭秀华干货经营部,shopping,购物服务;便民商店/便利店;便民商店/便利店,金牛区,104.094953,30.726102,1
百合陶瓷,shopping,购物服务;购物相关场所;购物相关场所,金牛区,104.094128,30.726509,1
东鹏地板,shopping,购物服务;购物相关场所;购物相关场所,成华区,104.098448,30.719768,3
佳选超市,shopping,购物服务;便民商店/便利店;便民商店/便利店,成华区,104.100737,30.719695,6
好吃店,shopping,购物服务;购物相关场所;购物相关场所,金牛区,104.100148,30.72897,14
聚贤茶庄小卖部,shopping,购物服务;便民商店/便利店;便民商店/便利店,成华区,104.102541,30.72835,1
花馨花艺馆,shopping,购物服务;花鸟鱼虫市场;花卉市场,成华区,104.100796,30.72028,1
富深美家居建材管,shopping,购物服务;购物相关场所;购物相关场所,金牛区,104.100279,30.727105,1
嘉豪超市,shopping,购物服务;购物相关场所;购物相关场所,成华区,104.101614,30.723631,1
华商暖通,shopping,购物服务;购物相关场所;购物相关场所,成华区,104.107645,30.724087,7
好实惠,shopping,购物服务;购物相关场所;购物相关场所,成华区,104.109759,30.725675,29
卡莱尔,shopping,购物服务;购物相关场所;购物相关场所,成华区,104.108622,30.722949,47
森海,shopping,购物服务;购物相关场所;购物相关场所,成华区,104.106858,30.724445,101
欧意,shopping,购物服务;购物相关场所;购物相关场所,成华区,104.109606,30.72467,1
万乐家,shopping,购物服务;购物相关场所;购物相关场所,成华区,104.110889,30.725214,11
典典陶瓷,shopping,购物服务;购物相关场所;购物相关场所,成华区,104.111,30.723662,4
克克,shopping,购物服务;购物相关场所;购物相关场所,成华区,104.108816,30.722193,1
亚洲型材,shopping,购物服务;购物相关场所;购物相关场所,成华区,104.11154,30.72465,6
邦太厨卫,shopping,购物服务;购物相关场所;购物相关场所,成华区,104.109767,30.722272,1
松下电工,shopping,购物服务;购物相关场所;购物相关场所,成华区,104.105635,30.725654,11
科隆世家,shopping,购物服务;购物相关场所;购物相关场所,成华区,104.106896,30.726325,1
金伟纳,shopping,购物服务;购物相关场所;购物相关场所,成华区,104.110745,30.722484,4
重华塑材,shopping,购物服务;购物相关场所;购物相关场所,成华区,104.110915,30.726088,1
澳莱雅,shopping,购物服务;购物相关场所;购物相关场所,成华区,104.109242,30.721502,2
大金空调,shopping,购物服务;家电电子卖场;家电电子卖场,成华区,104.105099,30.723528,6
花非花,shopping,购物服务;花鸟鱼虫市场;花卉市场,成华区,104.112133,30.724488,4
快装墙顶集成吊顶,shopping,购物服务;购物相关场所;购物相关场所,成华区,104.111127,30.726848,4
银·贝,shopping,购物服务;购物相关场所;购物相关场所,成华区,104.104762,30.722894,14
太阳陶瓷,shopping,购物服务;购物相关场所;购物相关场所,成华区,104.112144,30.726474,5
嘉林木业,shopping,购物服务;购物相关场所;购物相关场所,成华区,104.111578,30.721819,5
好太太,shopping,购物服务;专卖店;专营店,成华区,104.105963,30.721236,2
普尔惠,shopping,购物服务;购物相关场所;购物相关场所,成华区,104.11251,30.722729,3
奥利尔家具,shopping,购物服务;购物相关场所;购物相关场所,成华区,104.104667,30.722109,1
华润漆世纪明珠,shopping,购物服务;购物相关场所;购物相关场所,成华区,104.11239,30.722024,2
圣多娜,shopping,购物服务;购物相关场所;购物相关场所,成华区,104.105099,30.721488,3
白莲仓储直销市场,shopping,购物服务;购物相关场所;购物相关场所,成华区,104.11205,30.727106,1
品道生态木,shopping,购物服务;购物相关场所;购物相关场所,成华区,104.111585,30.721114,1
琪朗名品生活馆,shopping,购物服务;购物相关场所;购物相关场所,成华区,104.105955,30.727993,1
巴丹瓷砖,shopping,购物服务;购物相关场所;购物相关场所,成华区,104.113251,30.726381,5
欧丽达集成吊顶,shopping,购物服务;购物相关场所;购物相关场所,成华区,104.113157,30.722516,2
群源木业,shopping,购物服务;购物相关场所;购物相关场所,成华区,104.112316,30.721262,1
德国玛堡壁纸,shopping,购物服务;购物相关场所;购物相关场所,成华区,104.104694,30.727918,1
福川木业,shopping,购物服务;购物相关场所;购物相关场所,成华区,104.113464,30.721419,13
顺美(南门),shopping,购物服务;购物相关场所;购物相关场所,成华区,104.111297,30.72875,1
小罗社区配送服务部,shopping,购物服务;综合市场;蔬菜市场,成华区,104.112406,30.727922,1
佳庆超市,shopping,购物服务;便民商店/便利店;便民商店/便利店,成华区,104.111132,30.727553,1
华西鲜奶屋(富丽花城店),shopping,购物服务;综合市场;农副产品市场,成华区,104.110239,30.719374,1
三洋电器,shopping,购物服务;家电电子卖场;家电电子卖场,成华区,104.107892,30.723421,1
金凡化工,shopping,购物服务;专卖店;专营店,成华区,104.105441,30.728514,1
界傲钛空袜(华宇店),shopping,购物服务;服装鞋帽皮具店;服装鞋帽皮具店,成华区,104.110959,30.720611,1
玉洪干杂,shopping,购物服务;购物相关场所;购物相关场所,成华区,104.112795,30.729338,2
左右沙发,shopping,购物服务;购物相关场所;购物相关场所,成华区,104.10625,30.727168,1
恒福家源陶瓷,shopping,购物服务;购物相关场所;购物相关场所,成华区,104.105655,30.72645,1
威宇铜门,shopping,购物服务;购物相关场所;购物相关场所,成华区,104.107377,30.722231,4
金雅诚,shopping,购物服务;购物相关场所;购物相关场所,成华区,104.120282,30.72276,53
爱登堡陶瓷,shopping,购物服务;购物相关场所;购物相关场所,成华区,104.115246,30.724237,1
金巴利陶瓷(成都),shopping,购物服务;购物相关场所;购物相关场所,成华区,104.115318,30.723438,1
东方比尔成都总经销,shopping,购物服务;购物相关场所;购物相关场所,成华区,104.114968,30.726108,1
青岛欧派,shopping,购物服务;购物相关场所;购物相关场所,成华区,104.122596,30.723616,1
龙兴洁具,shopping,购物服务;购物相关场所;购物相关场所,成华区,104.122533,30.723037,1
福星龙骨,shopping,购物服务;购物相关场所;购物相关场所,成华区,104.114379,30.722346,3
满仓建材,shopping,购物服务;购物相关场所;购物相关场所,成华区,104.114744,30.726791,3
刘三姐干杂店,shopping,购物服务;便民商店/便利店;便民商店/便利店,成华区,104.12297,30.725318,8
吸烟室,shopping,购物服务;购物相关场所;购物相关场所,成华区,104.11463,30.721617,1
金丽墙纸,shopping,购物服务;购物相关场所;购物相关场所,成华区,104.118585,30.720017,1
兴龙装饰金石马,shopping,购物服务;购物相关场所;购物相关场所,成华区,104.113808,30.722572,1
恒都·乐安居,shopping,购物服务;购物相关场所;购物相关场所,成华区,104.113508,30.727013,1
弘正精工玉石,shopping,购物服务;专卖店;珠宝首饰工艺品,成华区,104.114784,30.727457,1
俊豪超市(熊猫大道),shopping,购物服务;便民商店/便利店;便民商店/便利店,成华区,104.120248,30.724793,1
中空配件,shopping,购物服务;购物相关场所;购物相关场所,成华区,104.128878,30.724949,3
鑫盛达型材市城(南2门),shopping,购物服务;购物相关场所;购物相关场所,成华区,104.127746,30.72419,1
念龙卫浴,shopping,购物服务;购物相关场所;购物相关场所,成华区,104.129066,30.723756,2
双联盛,shopping,购物服务;购物相关场所;购物相关场所,成华区,104.127979,30.725178,5
天材木业,shopping,购物服务;购物相关场所;购物相关场所,成华区,104.129671,30.724927,2
公众陶瓷,shopping,购物服务;购物相关场所;购物相关场所,成华区,104.128782,30.725571,5
爵罗世家全抛釉,shopping,购物服务;购物相关场所;购物相关场所,成华区,104.128226,30.723142,2
风度陶瓷,shopping,购物服务;购物相关场所;购物相关场所,成华区,104.130141,30.724443,6
二姐休闲棋牌小卖部,shopping,购物服务;购物相关场所;购物相关场所,成华区,104.126776,30.723575,2
金牛区东北风商贸部,shopping,购物服务;购物相关场所;购物相关场所,成华区,104.126582,30.724871,3
嘉俊陶瓷,shopping,购物服务;购物相关场所;购物相关场所,成华区,104.130692,30.724903,1
梵古陶瓷,shopping,购物服务;购物相关场所;购物相关场所,成华区,104.126246,30.725452,1
百联陶瓷,shopping,购物服务;购物相关场所;购物相关场所,成华区,104.125841,30.724866,1
实创整体家装(蓝润蓝客城店),shopping,购物服务;购物相关场所;购物相关场所,成华区,104.131237,30.722871,1
爱妻建材城北业主店,shopping,购物服务;购物相关场所;购物相关场所,成华区,104.13178,30.724065,1
成都博凌帐篷有限公司,shopping,购物服务;购物相关场所;购物相关场所,成华区,104.131263,30.726604,2
信源陶瓷,shopping,购物服务;购物相关场所;购物相关场所,成华区,104.12932,30.727724,2
晶玉石材,shopping,购物服务;购物相关场所;购物相关场所,成华区,104.127381,30.720941,1
光明陶瓷营销中心,shopping,购物服务;购物相关场所;购物相关场所,成华区,104.130569,30.727558,1
北欧印象,shopping,购物服务;购物相关场所;购物相关场所,成华区,104.126477,30.727898,1
金诚五金,shopping,购物服务;购物相关场所;购物相关场所,成华区,104.132783,30.725977,3
国星陶瓷,shopping,购物服务;购物相关场所;购物相关场所,成华区,104.129627,30.720259,2
湖南小灶纯高粱酒,shopping,购物服务;购物相关场所;购物相关场所,成华区,104.13178,30.727488,2
优莱雅陶瓷,shopping,购物服务;购物相关场所;购物相关场所,成华区,104.129874,30.728461,1
鑫盛达建材,shopping,购物服务;购物相关场所;购物相关场所,成华区,104.13059,30.728478,2
猿古时代,shopping,购物服务;购物相关场所;购物相关场所,成华区,104.130174,30.720159,1
聚陶轩,shopping,购物服务;购物相关场所;购物相关场所,成华区,104.128904,30.719893,8
凤纱美防盗纱窗,shopping,购物服务;购物相关场所;购物相关场所,成华区,104.133242,30.727195,1
润道酒坊,shopping,购物服务;购物相关场所;购物相关场所,成华区,104.136277,30.728236,1
北湖玉珍超市,shopping,购物服务;便民商店/便利店;便民商店/便利店,成华区,104.143597,30.719729,2
小麦色画廊,shopping,购物服务;购物相关场所;购物相关场所,成华区,104.165702,30.720703,1
芳林家私,shopping,购物服务;购物相关场所;购物相关场所,成华区,104.164444,30.721435,3
花之语鲜花包装材料,shopping,购物服务;购物相关场所;购物相关场所,成华区,104.170616,30.72014,1
野花园Flower Garden花艺工作室,shopping,购物服务;购物相关场所;购物相关场所,成华区,104.168868,30.719585,1
兰熙,shopping,购物服务;购物相关场所;购物相关场所,成华区,104.165103,30.719344,31
华强服饰,shopping,购物服务;专卖店;专营店,成华区,104.164093,30.720885,1
华子副食(龙青路),shopping,购物服务;便民商店/便利店;便民商店/便利店,成华区,104.172985,30.719817,1
IT大道土龙路口站,shopping,购物服务;购物相关场所;购物相关场所,金牛区,103.965684,30.717337,1
新佳宜,shopping,购物服务;购物相关场所;购物相关场所,金牛区,103.982162,30.714991,17
贵州名酒,shopping,购物服务;专卖店;烟酒专卖店,金牛区,103.978714,30.71775,5
云鼎商贸,shopping,购物服务;购物相关场所;购物相关场所,金牛区,103.976737,30.711733,1
好特酒店用品购物广场,shopping,购物服务;专卖店;专营店,金牛区,103.976033,30.711713,1
007超市副食店,shopping,购物服务;便民商店/便利店;便民商店/便利店,金牛区,103.978379,30.718635,4
胖衣坊,shopping,购物服务;购物相关场所;购物相关场所,金牛区,103.977703,30.710094,7
金运高尔夫,shopping,购物服务;体育用品店;高尔夫用品店,金牛区,103.976945,30.719296,9
昭昭超市,shopping,购物服务;便民商店/便利店;便民商店/便利店,金牛区,103.977879,30.719325,4
逛窑子,shopping,购物服务;购物相关场所;购物相关场所,金牛区,103.979421,30.709682,4
两河便利店,shopping,购物服务;便民商店/便利店;便民商店/便利店,金牛区,103.975701,30.710241,1
宝贝屋,shopping,购物服务;购物相关场所;购物相关场所,金牛区,103.976435,30.709505,3
静雨轩石锅鱼,shopping,购物服务;专卖店;专营店,金牛区,103.975343,30.709717,1
停电动车,shopping,购物服务;购物相关场所;购物相关场所,金牛区,103.981461,30.717062,1
DS STORE,shopping,购物服务;购物相关场所;购物相关场所,金牛区,103.988559,30.716071,1
超威电池专卖店,shopping,购物服务;专卖店;专营店,金牛区,103.987096,30.713812,2
邻家便利店,shopping,购物服务;便民商店/便利店;便民商店/便利店,金牛区,103.988967,30.71278,1
洪源超市,shopping,购物服务;购物相关场所;购物相关场所,金牛区,103.987358,30.713106,1
禽蛋专卖,shopping,购物服务;购物相关场所;购物相关场所,金牛区,103.986967,30.712635,10
福盖酒窖,shopping,购物服务;专卖店;专营店,金牛区,103.987256,30.716689,1
金袋鼠国际,shopping,购物服务;专卖店;专营店,金牛区,103.989257,30.717134,1
爱衣佳,shopping,购物服务;服装鞋帽皮具店;服装鞋帽皮具店,金牛区,103.985902,30.713482,6
云上唯果,shopping,购物服务;购物相关场所;购物相关场所,金牛区,103.988658,30.717213,1
孙钥匙,shopping,购物服务;专卖店;专营店,金牛区,103.991412,30.713121,4
妆秀恋店,shopping,购物服务;购物相关场所;购物相关场所,金牛区,103.990733,30.712422,7
名烟名酒,shopping,购物服务;专卖店;烟酒专卖店,金牛区,103.989573,30.711477,14
尚层衣舍(金科苑路),shopping,购物服务;服装鞋帽皮具店;服装鞋帽皮具店,金牛区,103.985264,30.71413,4
优加商城(西线阳光店),shopping,购物服务;购物相关场所;购物相关场所,金牛区,103.992388,30.713581,2
路虎店,shopping,购物服务;购物相关场所;购物相关场所,金牛区,103.988208,30.717829,7
沃中国联通,shopping,购物服务;购物相关场所;购物相关场所,金牛区,103.984668,30.714764,5
鞋联盟,shopping,购物服务;服装鞋帽皮具店;服装鞋帽皮具店,金牛区,103.991142,30.710868,27
舞东风(金科苑路分店),shopping,购物服务;便民商店/便利店;便民商店/便利店,金牛区,103.984984,30.71314,2
万鞋云商,shopping,购物服务;购物相关场所;购物相关场所,金牛区,103.987076,30.718042,1
DJI大疆无人机一级代理商,shopping,购物服务;专卖店;专营店,金牛区,103.990822,30.7179,1
李氏姐妹副食店,shopping,购物服务;便民商店/便利店;便民商店/便利店,金牛区,103.989185,30.71064,1
茅台(花都酒业有限公司),shopping,购物服务;专卖店;烟酒专卖店,金牛区,103.985648,30.717713,1
成都逸朋商贸,shopping,购物服务;购物相关场所;购物相关场所,金牛区,103.988645,30.718887,1
盈盈食品店,shopping,购物服务;便民商店/便利店;便民商店/便利店,金牛区,103.991773,30.711024,1
安仁百盛,shopping,购物服务;购物相关场所;购物相关场所,金牛区,103.98921,30.710157,1
广汽菲克,shopping,购物服务;购物相关场所;购物相关场所,金牛区,103.984898,30.717973,4
妈咪宝贝母婴生活馆,shopping,购物服务;购物相关场所;购物相关场所,金牛区,103.984585,30.711665,1
捷豹路虎,shopping,购物服务;购物相关场所;购物相关场所,金牛区,103.993702,30.717001,1
美家乐超市,shopping,购物服务;购物相关场所;购物相关场所,金牛区,103.993479,30.710839,1
旭杰奶屋,shopping,购物服务;综合市场;农副产品市场,金牛区,103.992604,30.709727,5
智能家庭医生总部,shopping,购物服务;购物相关场所;购物相关场所,金牛区,103.998758,30.714751,1
好一家超市,shopping,购物服务;购物相关场所;购物相关场所,金牛区,103.997994,30.714434,2
龙旺食品,shopping,购物服务;购物相关场所;购物相关场所,金牛区,103.999045,30.713224,9
家馨超市,shopping,购物服务;便民商店/便利店;便民商店/便利店,金牛区,103.99742,30.715897,2
佳兴小超市,shopping,购物服务;购物相关场所;购物相关场所,金牛区,103.996669,30.715545,1
创想电脑,shopping,购物服务;家电电子卖场;数码电子,金牛区,104.001935,30.716833,14
红旗超市(民居路便利店),shopping,购物服务;便民商店/便利店;便民商店/便利店,金牛区,104.002916,30.713686,1
心成鲜花,shopping,购物服务;花鸟鱼虫市场;花卉市场,金牛区,103.994872,30.712788,1
幸福婚庆花艺95店,shopping,购物服务;花鸟鱼虫市场;花卉市场,金牛区,104.001367,30.711237,1
红旗超市(蜀西路分场),shopping,购物服务;便民商店/便利店;便民商店/便利店,金牛区,103.99604,30.71068,1
邻你(蜀西南三路),shopping,购物服务;便民商店/便利店;便民商店/便利店,金牛区,103.993758,30.711863,1
安妮贝佳,shopping,购物服务;购物相关场所;购物相关场所,金牛区,104.002712,30.710343,1
兴兴便民超市,shopping,购物服务;购物相关场所;购物相关场所,金牛区,104.003605,30.716243,1
谢氏红高粱,shopping,购物服务;购物相关场所;购物相关场所,金牛区,104.001461,30.713122,1
锦悦·汇都(迎宾大道店),shopping,购物服务;购物相关场所;购物相关场所,金牛区,104.008904,30.71321,3
大酒仓(迎宾大道店),shopping,购物服务;专卖店;烟酒专卖店,金牛区,104.009667,30.713496,2
拾多便利(迎宾店),shopping,购物服务;便民商店/便利店;便民商店/便利店,金牛区,104.007606,30.715633,2
源彩茶陶居,shopping,购物服务;购物相关场所;购物相关场所,金牛区,104.007487,30.716334,4
实惠服务社,shopping,购物服务;购物相关场所;购物相关场所,金牛区,104.008802,30.711636,1
幸福盛世,shopping,购物服务;便民商店/便利店;便民商店/便利店,金牛区,104.010449,30.710513,3
酒熜酒店设备大卖场,shopping,购物服务;综合市场;综合市场|购物服务;专卖店;专营店,金牛区,104.004126,30.71251,2
瑞森超市(蜀跃路),shopping,购物服务;便民商店/便利店;便民商店/便利店,金牛区,104.00794,30.709823,1
美吉特,shopping,购物服务;购物相关场所;购物相关场所,金牛区,104.010926,30.709626,6
Glenorchy,shopping,购物服务;花鸟鱼虫市场;花卉市场,金牛区,104.009118,30.71637,1
易园集团市场中心,shopping,购物服务;购物相关场所;购物相关场所,金牛区,104.01173,30.71915,1
压缩碟,shopping,购物服务;购物相关场所;购物相关场所,金牛区,104.018848,30.713194,60
雅安茶叶批发部,shopping,购物服务;专卖店;专营店,金牛区,104.019574,30.715756,1
四通节能玻璃,shopping,购物服务;购物相关场所;购物相关场所,金牛区,104.020267,30.716028,1
圣宝龙家私,shopping,购物服务;购物相关场所;购物相关场所,金牛区,104.015974,30.714346,2
蓝剑水世界,shopping,购物服务;专卖店;专营店,金牛区,104.018962,30.716738,2
鹏鑫实木,shopping,购物服务;购物相关场所;购物相关场所,金牛区,104.016707,30.712909,1
顺鑫超市,shopping,购物服务;购物相关场所;购物相关场所,金牛区,104.019569,30.712326,1
福建平和琯溪蜜柚直销点,shopping,购物服务;购物相关场所;购物相关场所,金牛区,104.021295,30.714085,1
战争学院文具,shopping,购物服务;文化用品店;文化用品店,金牛区,104.021291,30.71508,4
超威电池专卖店(祥源大酒店西南),shopping,购物服务;专卖店;专营店,金牛区,104.021355,30.712754,1
冰川世界,shopping,购物服务;购物相关场所;购物相关场所,金牛区,104.022225,30.714832,2
米亚罗茶馆住宿小卖部,shopping,购物服务;购物相关场所;购物相关场所,金牛区,104.020264,30.711447,1
爱的路家私,shopping,购物服务;购物相关场所;购物相关场所,金牛区,104.01773,30.711154,2
沙沙小铺,shopping,购物服务;购物相关场所;购物相关场所,金牛区,104.022512,30.712507,1
汉普顿,shopping,购物服务;购物相关场所;购物相关场所,金牛区,104.013819,30.713793,2
邦强,shopping,购物服务;购物相关场所;购物相关场所,金牛区,104.021676,30.709046,353
金生巴格斯酒窖,shopping,购物服务;专卖店;专营店,金牛区,104.014008,30.717567,1
能达标件批发,shopping,购物服务;购物相关场所;购物相关场所,金牛区,104.023617,30.710296,1
彬彬商店,shopping,购物服务;便民商店/便利店;便民商店/便利店,金牛区,104.020256,30.715336,3
瑞兴办公,shopping,购物服务;文化用品店;文化用品店,金牛区,104.016422,30.71365,2
贵林电脑,shopping,购物服务;家电电子卖场;数码电子|生活服务;维修站点;维修站点,金牛区,104.02139,30.713418,1
彭姐副食,shopping,购物服务;便民商店/便利店;便民商店/便利店,金牛区,104.021522,30.71622,1
忠意日用品店,shopping,购物服务;便民商店/便利店;便民商店/便利店,金牛区,104.018566,30.71554,1
喷浆机,shopping,购物服务;专卖店;专营店,金牛区,104.029819,30.713554,690
锦江区晟芙化妆品经营部,shopping,购物服务;购物相关场所;购物相关场所,金牛区,104.026373,30.715697,1
湘丰井盖,shopping,购物服务;专卖店;专营店,金牛区,104.030813,30.712061,13
洋有机,shopping,购物服务;专卖店;儿童用品店,金牛区,104.02696,30.717262,6
金牛区顶隆建材经营部,shopping,购物服务;购物相关场所;购物相关场所,金牛区,104.023962,30.714959,1
联新通风设备,shopping,购物服务;专卖店;专营店,金牛区,104.03324,30.713287,1
亚克力批发对外加工,shopping,购物服务;专卖店;专营店,金牛区,104.027715,30.710154,2
昆仑润滑油,shopping,购物服务;专卖店;专营店,金牛区,104.032798,30.717402,4
链家(华侨城天鹅堡店),shopping,购物服务;购物相关场所;购物相关场所,金牛区,104.025869,30.718468,1
格力,shopping,购物服务;家电电子卖场;家电电子卖场,金牛区,104.032437,30.710628,12
学林塑胶,shopping,购物服务;购物相关场所;购物相关场所,金牛区,104.024223,30.711234,2
农民娃,shopping,购物服务;便民商店/便利店;便民商店/便利店,金牛区,104.032175,30.70948,19
永高人,shopping,购物服务;购物相关场所;购物相关场所,金牛区,104.033112,30.710005,3
千里香鲜花,shopping,购物服务;花鸟鱼虫市场;花卉市场,金牛区,104.024925,30.709481,1
棉麻工厂店,shopping,购物服务;服装鞋帽皮具店;服装鞋帽皮具店,金牛区,104.028223,30.710642,1
GL照明,shopping,购物服务;购物相关场所;购物相关场所,金牛区,104.038385,30.71567,14
佛朗迪,shopping,购物服务;购物相关场所;购物相关场所,金牛区,104.039265,30.71565,24
康心超市,shopping,购物服务;购物相关场所;购物相关场所,金牛区,104.040471,30.713772,5
诗华洛,shopping,购物服务;购物相关场所;购物相关场所,金牛区,104.039265,30.71623,30
肖家超市,shopping,购物服务;购物相关场所;购物相关场所,金牛区,104.04049,30.714999,1
元成商行,shopping,购物服务;专卖店;烟酒专卖店,金牛区,104.038403,30.712205,4
欣宇副食,shopping,购物服务;购物相关场所;购物相关场所,金牛区,104.041069,30.715163,1
洪道世家,shopping,购物服务;购物相关场所;购物相关场所,金牛区,104.041019,30.71566,1
蝶恋花,shopping,购物服务;购物相关场所;购物相关场所,金牛区,104.039338,30.716841,1
天指味零售批发超市,shopping,购物服务;购物相关场所;购物相关场所,金牛区,104.04148,30.713599,1
五机电交易市场,shopping,购物服务;购物相关场所;购物相关场所,金牛区,104.040763,30.71659,1
大黄蜂,shopping,购物服务;购物相关场所;购物相关场所,金牛区,104.039939,30.71133,13
长城电器集团,shopping,购物服务;家电电子卖场;家电电子卖场,金牛区,104.036727,30.711703,3
美佳超市,shopping,购物服务;购物相关场所;购物相关场所,金牛区,104.041768,30.716142,2
金牛区金茂机电商贸部,shopping,购物服务;购物相关场所;购物相关场所,金牛区,104.037605,30.711195,1
酷新鑫帐篷·篷布,shopping,购物服务;专卖店;专营店,金牛区,104.0403,30.717634,2
华西艺品陶艺馆,shopping,购物服务;购物相关场所;购物相关场所,金牛区,104.034791,30.712958,2
万全工具,shopping,购物服务;专卖店;专营店,金牛区,104.035378,30.711967,5
名车行,shopping,购物服务;购物相关场所;购物相关场所,金牛区,104.037818,30.710628,21
超威电池,shopping,购物服务;购物相关场所;购物相关场所,金牛区,104.040762,30.710968,2
链家店,shopping,购物服务;购物相关场所;购物相关场所,金牛区,104.04245,30.717242,19
西正焊材,shopping,购物服务;购物相关场所;购物相关场所,金牛区,104.0364,30.718308,4
千机通讯,shopping,购物服务;家电电子卖场;数码电子,金牛区,104.04403,30.712972,9
川崎光学眼镜,shopping,购物服务;专卖店;眼镜店,金牛区,104.037917,30.709883,3
小豆丁,shopping,购物服务;专卖店;儿童用品店,金牛区,104.041859,30.709665,83
鲜果屋,shopping,购物服务;购物相关场所;购物相关场所,金牛区,104.034686,30.711092,8
链家(新桥逸景店),shopping,购物服务;购物相关场所;购物相关场所,金牛区,104.041808,30.718358,2
益民菜市侧门,shopping,购物服务;购物相关场所;购物相关场所,金牛区,104.043553,30.716656,2
果色,shopping,购物服务;综合市场;果品市场,金牛区,104.037806,30.709353,4
拉卡拉小店,shopping,购物服务;购物相关场所;购物相关场所,金牛区,104.043191,30.717681,2
蓝剑水,shopping,购物服务;专卖店;专营店,金牛区,104.033705,30.710668,1
易捷便利店(交大路),shopping,购物服务;便民商店/便利店;便民商店/便利店,金牛区,104.036597,30.710704,1
长青北街店,shopping,购物服务;花鸟鱼虫市场;花卉市场,金牛区,104.040848,30.714614,1
红旗超市(长和路分店),shopping,购物服务;超级市场;超市,金牛区,104.042655,30.715352,1
兰色空间兰月,shopping,购物服务;购物相关场所;购物相关场所,金牛区,104.033994,30.711562,1
姐妹超市,shopping,购物服务;购物相关场所;购物相关场所,金牛区,104.040142,30.715946,1
雁塘鱼,shopping,购物服务;综合市场;农副产品市场,金牛区,104.04948,30.714176,2
七彩母婴,shopping,购物服务;专卖店;儿童用品店,金牛区,104.04592,30.715912,15
花花干杂,shopping,购物服务;购物相关场所;购物相关场所,金牛区,104.046557,30.716343,1
天能电池,shopping,购物服务;购物相关场所;购物相关场所,金牛区,104.045232,30.714843,34
林鑫便利,shopping,购物服务;便民商店/便利店;便民商店/便利店,金牛区,104.050617,30.716683,3
康诚副食,shopping,购物服务;便民商店/便利店;便民商店/便利店,金牛区,104.045521,30.712685,7
五福佳苑幸福超市幸福果蔬,shopping,购物服务;购物相关场所;购物相关场所,金牛区,104.052301,30.715139,1
金牛区裕通建材经营部,shopping,购物服务;购物相关场所;购物相关场所,金牛区,104.052079,30.716262,2
金牛区宏运万向建材经营部,shopping,购物服务;购物相关场所;购物相关场所,金牛区,104.049792,30.717845,1
金牛区曙洁清洁用品经营部,shopping,购物服务;购物相关场所;购物相关场所,金牛区,104.045133,30.71651,1
大众茶,shopping,购物服务;专卖店;专营店,金牛区,104.045933,30.71029,26
实惠蓬业,shopping,购物服务;专卖店;专营店,金牛区,104.049453,30.710251,9
学生之家,shopping,购物服务;购物相关场所;购物相关场所,金牛区,104.047655,30.710111,19
福建丑茶王,shopping,购物服务;购物相关场所;购物相关场所,金牛区,104.04545,30.717285,2
针炙艾炙,shopping,购物服务;购物相关场所;购物相关场所,金牛区,104.045826,30.717939,1
诚华木业,shopping,购物服务;购物相关场所;购物相关场所,金牛区,104.049094,30.718797,2
念梦小卖部,shopping,购物服务;购物相关场所;购物相关场所,金牛区,104.044195,30.716867,1
鑫海副食(星月西街),shopping,购物服务;便民商店/便利店;便民商店/便利店,金牛区,104.048177,30.709709,1
春雷商店,shopping,购物服务;购物相关场所;购物相关场所,金牛区,104.045457,30.718537,1
常宏超市,shopping,购物服务;购物相关场所;购物相关场所,金牛区,104.044546,30.718164,2
金忠,shopping,购物服务;便民商店/便利店;便民商店/便利店,金牛区,104.051324,30.707696,70
树上花艺(九里堤店),shopping,购物服务;花鸟鱼虫市场;花卉市场,金牛区,104.050478,30.71079,1
鲜果王批发零售,shopping,购物服务;综合市场;果品市场,金牛区,104.057857,30.715987,7
花园小植鲜花店,shopping,购物服务;购物相关场所;购物相关场所,金牛区,104.060483,30.715073,1
高梁白酒,shopping,购物服务;购物相关场所;购物相关场所,金牛区,104.059513,30.71268,1
友爱之家,shopping,购物服务;购物相关场所;购物相关场所,金牛区,104.061546,30.714714,5
乐山锅炉,shopping,购物服务;专卖店;专营店,金牛区,104.056502,30.716708,3
龙宇便利店(龙湖店),shopping,购物服务;便民商店/便利店;便民商店/便利店,金牛区,104.060629,30.712144,2
美家发厨房电器商贸部,shopping,购物服务;购物相关场所;购物相关场所,金牛区,104.061624,30.713376,1
贝贝爱,shopping,购物服务;专卖店;宠物用品店,金牛区,104.061652,30.715278,2
纯高粱酒坊,shopping,购物服务;专卖店;烟酒专卖店,金牛区,104.060753,30.716552,2
意购超市(五福桥东路),shopping,购物服务;便民商店/便利店;便民商店/便利店,金牛区,104.062422,30.715227,2
太古,shopping,购物服务;家电电子卖场;家电电子卖场,金牛区,104.063744,30.708608,2111
优客便利店,shopping,购物服务;便民商店/便利店;便民商店/便利店,金牛区,104.062152,30.712894,2
小五金,shopping,购物服务;购物相关场所;购物相关场所,金牛区,104.055737,30.717602,8
中央天地·精品电器商城,shopping,购物服务;家电电子卖场;综合家电商场,金牛区,104.063334,30.715174,1
唐氏运动发展中心,shopping,购物服务;购物相关场所;购物相关场所,金牛区,104.053784,30.712426,1
GILLIVO,shopping,购物服务;服装鞋帽皮具店;服装鞋帽皮具店,金牛区,104.062154,30.710199,1
无锡迈杰电源,shopping,购物服务;专卖店;专营店,金牛区,104.055066,30.719177,4
兴五福菜市,shopping,购物服务;综合市场;蔬菜市场,金牛区,104.06001,30.715452,2
红星超市(福宁路),shopping,购物服务;便民商店/便利店;便民商店/便利店,金牛区,104.058175,30.718185,1
杨婷干杂,shopping,购物服务;便民商店/便利店;便民商店/便利店,金牛区,104.058694,30.718118,1
溪林服装经营部,shopping,购物服务;专卖店;专营店,金牛区,104.067996,30.714556,1
国奥,shopping,购物服务;购物相关场所;购物相关场所,金牛区,104.067673,30.713229,6
名媛,shopping,购物服务;购物相关场所;购物相关场所,成华区,104.069081,30.709055,256
品茗机麻牌,shopping,购物服务;购物相关场所;购物相关场所,金牛区,104.066963,30.715018,2
五妹茶铺,shopping,购物服务;专卖店;专营店,成华区,104.070439,30.713497,1
TT专柜,shopping,购物服务;购物相关场所;购物相关场所,金牛区,104.066151,30.713562,6
珠峰电动车,shopping,购物服务;专卖店;自行车专卖店,金牛区,104.066394,30.712701,2
讯嘉通迅,shopping,购物服务;购物相关场所;购物相关场所,成华区,104.071235,30.712885,9
郑篷布,shopping,购物服务;购物相关场所;购物相关场所,金牛区,104.065435,30.715193,1
成都晨伟礼品批发部,shopping,购物服务;购物相关场所;购物相关场所,金牛区,104.067379,30.711486,1
金牛区姚有超干杂店,shopping,购物服务;购物相关场所;购物相关场所,金牛区,104.064738,30.715011,1
欧宇路,shopping,购物服务;服装鞋帽皮具店;服装鞋帽皮具店,金牛区,104.066353,30.710852,3
杨麻袋,shopping,购物服务;专卖店;专营店,金牛区,104.071933,30.717224,8
链家门店,shopping,购物服务;购物相关场所;购物相关场所,成华区,104.068879,30.718976,6
成都兴旺润滑油经营部,shopping,购物服务;专卖店;专营店|汽车服务;汽车服务相关;汽车服务相关,金牛区,104.072892,30.716742,1
超威电池专卖店(八里桥路),shopping,购物服务;专卖店;专营店,成华区,104.071914,30.710171,1
贝特猫鲜花店(智业福地工作室),shopping,购物服务;花鸟鱼虫市场;花卉市场,金牛区,104.066165,30.710115,1
咔咔干杂,shopping,购物服务;便民商店/便利店;便民商店/便利店,金牛区,104.068355,30.712517,1
彤阳编织袋经营部厂家直销,shopping,购物服务;专卖店;专营店,成华区,104.076882,30.713874,2
钟英酒水经营部,shopping,购物服务;专卖店;烟酒专卖店,成华区,104.079879,30.713311,1
兴新服装,shopping,购物服务;服装鞋帽皮具店;服装鞋帽皮具店,成华区,104.080462,30.71424,5
真香醇干杂店,shopping,购物服务;便民商店/便利店;便民商店/便利店,成华区,104.080555,30.713391,3
伊香飘影(双耀二路),shopping,购物服务;服装鞋帽皮具店;服装鞋帽皮具店,成华区,104.076604,30.715893,1
幸福酒坊,shopping,购物服务;专卖店;烟酒专卖店,成华区,104.081574,30.715243,6
大东,shopping,购物服务;服装鞋帽皮具店;品牌鞋店,金牛区,104.0749,30.717869,46
易捷便利店(双荆路店),shopping,购物服务;便民商店/便利店;便民商店/便利店,成华区,104.083168,30.713648,2
双水食杂良心店,shopping,购物服务;便民商店/便利店;便民商店/便利店,成华区,104.083343,30.714472,1
懋龙烟酒,shopping,购物服务;专卖店;烟酒专卖店,金牛区,104.076479,30.718361,4
金牛区付强商贸部,shopping,购物服务;购物相关场所;购物相关场所,金牛区,104.076155,30.719017,1
机麻,shopping,购物服务;购物相关场所;购物相关场所,成华区,104.073591,30.710981,1
佳庆超市,shopping,购物服务;便民商店/便利店;便民商店/便利店,成华区,104.07401,30.710188,2
金阳光童车,shopping,购物服务;购物相关场所;购物相关场所,成华区,104.074259,30.709517,1
大东,shopping,购物服务;服装鞋帽皮具店;品牌鞋店,成华区,104.089407,30.714922,55
眼镜柜业,shopping,购物服务;专卖店;专营店,成华区,104.087561,30.715464,15
荆竹酒坊,shopping,购物服务;专卖店;烟酒专卖店,成华区,104.089329,30.712981,6
长顺编织袋,shopping,购物服务;专卖店;专营店,成华区,104.088493,30.712839,4
辉虎毛线店,shopping,购物服务;购物相关场所;购物相关场所,成华区,104.090438,30.714203,5
德高瓷砖胶,shopping,购物服务;购物相关场所;购物相关场所,成华区,104.086731,30.713045,2
固定,shopping,购物服务;购物相关场所;购物相关场所,成华区,104.093024,30.708746,262
流行饰佳,shopping,购物服务;专卖店;礼品饰品店,成华区,104.091744,30.715071,9
杨麻袋,shopping,购物服务;专卖店;专营店,成华区,104.085297,30.713223,3
爱倍达教育连锁,shopping,购物服务;购物相关场所;购物相关场所,成华区,104.090339,30.716946,1
惠万家便利店(荆竹南街),shopping,购物服务;便民商店/便利店;便民商店/便利店,成华区,104.091211,30.711981,1
茶机麻,shopping,购物服务;购物相关场所;购物相关场所,成华区,104.088763,30.710986,1
精修电动车,shopping,购物服务;购物相关场所;购物相关场所,成华区,104.08662,30.717563,1
米其林轮胎,shopping,购物服务;购物相关场所;购物相关场所,成华区,104.091172,30.710818,7
挡风玻璃,shopping,购物服务;购物相关场所;购物相关场所,成华区,104.08402,30.713314,2
利民批发(荆竹坝路),shopping,购物服务;便民商店/便利店;便民商店/便利店,成华区,104.093159,30.714917,3
和成配送超市,shopping,购物服务;购物相关场所;购物相关场所,成华区,104.089207,30.710072,2
丽强,shopping,购物服务;专卖店;专营店,成华区,104.083647,30.71513,1
玉秀微薄利(6号院总店),shopping,购物服务;便民商店/便利店;便民商店/便利店,成华区,104.091397,30.717826,1
优客食品,shopping,购物服务;专卖店;专营店,成华区,104.093258,30.716125,2
雨篷卷帘门,shopping,购物服务;购物相关场所;购物相关场所,金牛区,104.084647,30.717459,1
小李粮油,shopping,购物服务;购物相关场所;购物相关场所,成华区,104.089695,30.709547,3
三枪,shopping,购物服务;服装鞋帽皮具店;品牌服装店,金牛区,104.084142,30.718457,45
兴隆超市,shopping,购物服务;便民商店/便利店;便民商店/便利店,成华区,104.09181,30.71903,1
果果鲜花,shopping,购物服务;花鸟鱼虫市场;花卉市场,成华区,104.088339,30.717098,1
第三空间鲜花,shopping,购物服务;花鸟鱼虫市场;花卉市场,成华区,104.088455,30.716366,1
少年派文具,shopping,购物服务;文化用品店;文化用品店,成华区,104.092358,30.710228,2
恒山通讯店,shopping,购物服务;家电电子卖场;手机销售,成华区,104.086918,30.716829,1
雅大酒业,shopping,购物服务;专卖店;烟酒专卖店,成华区,104.099659,30.714324,2
瑞法斯,shopping,购物服务;服装鞋帽皮具店;服装鞋帽皮具店,成华区,104.097359,30.711912,12
龙之韵,shopping,购物服务;专卖店;专营店,成华区,104.101817,30.716324,88
三三连锁超市批发零售,shopping,购物服务;购物相关场所;购物相关场所,成华区,104.09812,30.716739,1
萌芽の宠屋,shopping,购物服务;专卖店;宠物用品店,成华区,104.095368,30.712983,1
旅游纪念品一分店,shopping,购物服务;专卖店;专营店,成华区,104.102255,30.71416,1
益民菜市,shopping,购物服务;购物相关场所;购物相关场所,成华区,104.09458,30.713798,1
玉秀微薄利(八号院分店),shopping,购物服务;便民商店/便利店;便民商店/便利店,成华区,104.098708,30.718065,1
海俊超市(荆翠南二街),shopping,购物服务;便民商店/便利店;便民商店/便利店,成华区,104.096271,30.71778,2
家秀时装城,shopping,购物服务;服装鞋帽皮具店;服装鞋帽皮具店,成华区,104.102946,30.716121,1
萍萍超市,shopping,购物服务;购物相关场所;购物相关场所,成华区,104.098997,30.718669,1
明合,shopping,购物服务;服装鞋帽皮具店;服装鞋帽皮具店,成华区,104.105776,30.717161,137
法恩莎卫浴·瓷砖(北门富森店),shopping,购物服务;购物相关场所;购物相关场所,成华区,104.102641,30.717325,1
惠宜超市,shopping,购物服务;便民商店/便利店;便民商店/便利店,成华区,104.093959,30.717597,1
新科电动车配件,shopping,购物服务;专卖店;自行车专卖店|生活服务;维修站点;维修站点,成华区,104.094813,30.710284,3
积木之家,shopping,购物服务;购物相关场所;购物相关场所,成华区,104.103219,30.718616,9
圣飞美缝,shopping,购物服务;购物相关场所;购物相关场所,成华区,104.10172,30.719124,1
友谊超市,shopping,购物服务;购物相关场所;购物相关场所,成华区,104.093541,30.717919,1
燕燕花艺,shopping,购物服务;花鸟鱼虫市场;花卉市场,成华区,104.100614,30.716513,1
互惠超市(昭觉寺南路),shopping,购物服务;超级市场;超市,成华区,104.100483,30.714853,1
金科一城蔬菜水果超市,shopping,购物服务;购物相关场所;购物相关场所,成华区,104.109248,30.713823,1
鲜果奇缘,shopping,购物服务;便民商店/便利店;便民商店/便利店,成华区,104.107127,30.71361,17
心未来需求馆(金科店),shopping,购物服务;便民商店/便利店;便民商店/便利店,成华区,104.109017,30.712851,1
升兴超市,shopping,购物服务;便民商店/便利店;便民商店/便利店,成华区,104.111513,30.713629,8
居家门窗,shopping,购物服务;购物相关场所;购物相关场所,成华区,104.112393,30.715009,20
怒放的春天,shopping,购物服务;购物相关场所;购物相关场所,成华区,104.112178,30.714168,2
金钻猴,shopping,购物服务;购物相关场所;购物相关场所,成华区,104.110074,30.717984,68
AHome,shopping,购物服务;购物相关场所;购物相关场所,成华区,104.112371,30.716282,12
CAFC,shopping,购物服务;购物相关场所;购物相关场所,成华区,104.113069,30.714173,13
房天下门店,shopping,购物服务;购物相关场所;购物相关场所,成华区,104.105549,30.717326,1
旅游纪念品二分店,shopping,购物服务;专卖店;专营店,成华区,104.105162,30.711583,2
花一直开,shopping,购物服务;专卖店;专营店,成华区,104.10885,30.71875,2
二哥批发,shopping,购物服务;便民商店/便利店;便民商店/便利店,成华区,104.113483,30.717161,10
东林便民超市,shopping,购物服务;便民商店/便利店;便民商店/便利店,成华区,104.109564,30.709639,1
鲜果多水果,shopping,购物服务;综合市场;果品市场,成华区,104.112901,30.718402,7
八零超市(东荆路),shopping,购物服务;便民商店/便利店;便民商店/便利店,成华区,104.112941,30.719056,1
吉祥超市(东丽街),shopping,购物服务;超级市场;超市,成华区,104.108092,30.712888,1
华丰鲜花,shopping,购物服务;花鸟鱼虫市场;花卉市场,成华区,104.10607,30.718605,1
花栖时尚花艺馆,shopping,购物服务;购物相关场所;购物相关场所,成华区,104.117672,30.711345,1
尚新便利店,shopping,购物服务;便民商店/便利店;便民商店/便利店,成华区,104.115619,30.717351,2
王姐便利店,shopping,购物服务;便民商店/便利店;便民商店/便利店,成华区,104.115873,30.717918,2
刘氏彭州红高粱酒,shopping,购物服务;专卖店;烟酒专卖店,成华区,104.115522,30.716754,2
雅戈尔(荆竹东路),shopping,购物服务;服装鞋帽皮具店;服装鞋帽皮具店,成华区,104.119508,30.71343,2
佳逸好超市,shopping,购物服务;购物相关场所;购物相关场所,成华区,104.118414,30.711722,1
成都市成华区八里庄酿造厂批发零售门市部,shopping,购物服务;购物相关场所;购物相关场所,成华区,104.129271,30.715541,1
熙悦广场,shopping,购物服务;服装鞋帽皮具店;服装鞋帽皮具店,成华区,104.128534,30.715731,2
燕燕副食,shopping,购物服务;购物相关场所;购物相关场所,成华区,104.130288,30.714945,1
宜佳超市,shopping,购物服务;购物相关场所;购物相关场所,成华区,104.127973,30.715999,4
斌斌超市,shopping,购物服务;购物相关场所;购物相关场所,成华区,104.13075,30.714392,1
懒虫小店,shopping,购物服务;购物相关场所;购物相关场所,成华区,104.130763,30.713509,1
天使宝贝婴童服饰,shopping,购物服务;专卖店;专营店,成华区,104.126988,30.716045,5
瑞鸿小卖部,shopping,购物服务;便民商店/便利店;便民商店/便利店,成华区,104.125403,30.714213,2
拉法基家装水泥,shopping,购物服务;购物相关场所;购物相关场所,成华区,104.12489,30.712427,1
华华副食,shopping,购物服务;便民商店/便利店;便民商店/便利店,成华区,104.128617,30.7192,1
阳阳便利店,shopping,购物服务;便民商店/便利店;便民商店/便利店,成华区,104.131634,30.718487,1
好实惠超市(蓝润蓝客城南),shopping,购物服务;便民商店/便利店;便民商店/便利店,成华区,104.130131,30.719188,1
家红兴超市(青龙路),shopping,购物服务;便民商店/便利店;便民商店/便利店,成华区,104.124152,30.709619,1
竹江春酒,shopping,购物服务;专卖店;烟酒专卖店,成华区,104.125856,30.715787,1
老丁水果,shopping,购物服务;购物相关场所;购物相关场所,成华区,104.129296,30.714985,1
伍氏榨油房,shopping,购物服务;综合市场;农副产品市场,成华区,104.138957,30.718194,1
容茂便民超市,shopping,购物服务;便民商店/便利店;便民商店/便利店,成华区,104.139646,30.718506,1
万贯五金市场,shopping,购物服务;购物相关场所;购物相关场所,成华区,104.140581,30.717894,1
武侯区华人商贸部,shopping,购物服务;购物相关场所;购物相关场所,成华区,104.134699,30.712092,1
小刘杂货店,shopping,购物服务;购物相关场所;购物相关场所,成华区,104.156168,30.710532,2
红运超市(北湖印象六期西南),shopping,购物服务;便民商店/便利店;便民商店/便利店,成华区,104.168215,30.716624,1
打酒区,shopping,购物服务;购物相关场所;购物相关场所,成华区,104.165974,30.714827,1
尚东,shopping,购物服务;服装鞋帽皮具店;服装鞋帽皮具店,成华区,104.166032,30.717233,73
播生活体验店,shopping,购物服务;购物相关场所;购物相关场所,成华区,104.166075,30.712818,1
源之圆,shopping,购物服务;专卖店;专营店,成华区,104.167929,30.717478,6
佳鑫生态,shopping,购物服务;综合市场;农副产品市场,成华区,104.166635,30.711776,6
锦华佳人,shopping,购物服务;服装鞋帽皮具店;服装鞋帽皮具店,成华区,104.168225,30.709591,3
齐心通讯,shopping,购物服务;购物相关场所;购物相关场所,成华区,104.172137,30.709995,16
舞东风(桂林东路分店),shopping,购物服务;便民商店/便利店;便民商店/便利店,成华区,104.183223,30.71507,1
一帆便利店,shopping,购物服务;便民商店/便利店;便民商店/便利店,成华区,104.183087,30.715613,1
成华区肖姐干杂,shopping,购物服务;专卖店;烟酒专卖店,成华区,104.183411,30.709544,2
强盛精密机械模具,shopping,购物服务;专卖店;专营店,成华区,104.179791,30.709725,1
飞翔模具,shopping,购物服务;购物相关场所;购物相关场所,成华区,104.179465,30.710112,1
丰云超市,shopping,购物服务;便民商店/便利店;便民商店/便利店,青羊区,103.969103,30.705867,1
万隆,shopping,购物服务;购物相关场所;购物相关场所,青羊区,103.969434,30.703496,4
高粱白酒,shopping,购物服务;购物相关场所;购物相关场所,青羊区,103.969262,30.701389,4
陈记超威盛茗电池,shopping,购物服务;购物相关场所;购物相关场所,金牛区,103.972358,30.703947,1
窗帘.窗饰,shopping,购物服务;购物相关场所;购物相关场所,青羊区,103.967046,30.701426,6
永久自行车(黄田坝专卖店),shopping,购物服务;专卖店;自行车专卖店,青羊区,103.967726,30.70113,1
井圈井盖,shopping,购物服务;购物相关场所;购物相关场所,金牛区,103.973194,30.703764,1
职工食堂便民超市,shopping,购物服务;便民商店/便利店;便民商店/便利店,青羊区,103.965446,30.701124,1
秀戴,shopping,购物服务;服装鞋帽皮具店;服装鞋帽皮具店,青羊区,103.964756,30.699568,43
路尚,shopping,购物服务;服装鞋帽皮具店;服装鞋帽皮具店,金牛区,103.978557,30.706202,111
玉兰副食,shopping,购物服务;便民商店/便利店;便民商店/便利店,金牛区,103.979339,30.701624,65
宝驾,shopping,购物服务;购物相关场所;购物相关场所,金牛区,103.982668,30.704229,28
小灶酒,shopping,购物服务;专卖店;烟酒专卖店,金牛区,103.981685,30.701761,14
百丽家具,shopping,购物服务;购物相关场所;购物相关场所,金牛区,103.980626,30.707332,1
乃美,shopping,购物服务;购物相关场所;购物相关场所,金牛区,103.977534,30.708819,18
旺旺超市,shopping,购物服务;购物相关场所;购物相关场所,金牛区,103.983278,30.701022,4
冰淇淋批发,shopping,购物服务;购物相关场所;购物相关场所,金牛区,103.975511,30.708997,2
旺旺食品店(清水店),shopping,购物服务;便民商店/便利店;便民商店/便利店,金牛区,103.982314,30.699913,1
多乐多便利店,shopping,购物服务;便民商店/便利店;便民商店/便利店,金牛区,103.989878,30.708205,5
阿强电动工具,shopping,购物服务;专卖店;专营店,金牛区,103.984445,30.706043,5
渔你同行精品渔具,shopping,购物服务;专卖店;专营店,金牛区,103.988017,30.708455,2
家居门窗制作部,shopping,购物服务;购物相关场所;购物相关场所,金牛区,103.987255,30.708374,1
迷宠驿站,shopping,购物服务;专卖店;宠物用品店,金牛区,103.991251,30.708091,6
百家宴,shopping,购物服务;专卖店;专营店,金牛区,103.992515,30.707615,5
阳玉龙批发超市,shopping,购物服务;便民商店/便利店;便民商店/便利店,金牛区,103.984794,30.700724,2
沐沐衣橱,shopping,购物服务;服装鞋帽皮具店;服装鞋帽皮具店,金牛区,103.993154,30.708686,16
奥林眼镜(双金店),shopping,购物服务;专卖店;眼镜店,金牛区,103.993764,30.7083,2
美的,shopping,购物服务;家电电子卖场;家电电子卖场,金牛区,103.988736,30.70832,2
邛崃纯高梁酒(蜀西南一路),shopping,购物服务;专卖店;烟酒专卖店,金牛区,103.998475,30.704838,1
高级西装西服量体定做,shopping,购物服务;购物相关场所;购物相关场所,金牛区,103.999184,30.705314,2
马得利,shopping,购物服务;购物相关场所;购物相关场所,金牛区,103.997777,30.703851,1
一品堂,shopping,购物服务;专卖店;专营店,金牛区,104.0004,30.704762,9
张生学干杂,shopping,购物服务;便民商店/便利店;便民商店/便利店,金牛区,103.998766,30.70584,1
达乐服装,shopping,购物服务;服装鞋帽皮具店;服装鞋帽皮具店,青羊区,103.996868,30.702054,34
品茗香茶叶,shopping,购物服务;专卖店;专营店,金牛区,103.997042,30.706408,4
城希超市,shopping,购物服务;便民商店/便利店;便民商店/便利店,金牛区,104.001218,30.704896,2
叶师鲜肉,shopping,购物服务;综合市场;农副产品市场,金牛区,103.999692,30.702216,2
Futaitai芙太太,shopping,购物服务;服装鞋帽皮具店;服装鞋帽皮具店,金牛区,104.001498,30.705646,1
山东冯瓜子(黄金东一路),shopping,购物服务;综合市场;果品市场,金牛区,103.996274,30.706918,2
江哥便民店,shopping,购物服务;便民商店/便利店;便民商店/便利店,金牛区,103.996781,30.707928,3
雅鑫乐,shopping,购物服务;便民商店/便利店;便民商店/便利店,金牛区,103.99481,30.707811,17
欧曼芬内衣专卖店,shopping,购物服务;服装鞋帽皮具店;服装鞋帽皮具店,金牛区,103.996227,30.708066,2
可可仓,shopping,购物服务;便民商店/便利店;便民商店/便利店,金牛区,103.99695,30.708709,7
郎家饮料乳品批发部,shopping,购物服务;便民商店/便利店;便民商店/便利店,金牛区,104.001484,30.702895,1
陶兰加酒业公司,shopping,购物服务;购物相关场所;购物相关场所,金牛区,104.00131,30.706383,1
丰德和信便利店,shopping,购物服务;便民商店/便利店;便民商店/便利店,金牛区,104.001002,30.701695,1
十速,shopping,购物服务;购物相关场所;购物相关场所,金牛区,104.000285,30.708254,1
讧旗连锁,shopping,购物服务;购物相关场所;购物相关场所,金牛区,104.003106,30.707014,2
永宏便利店(蜀西南二路),shopping,购物服务;便民商店/便利店;便民商店/便利店,金牛区,103.997586,30.709176,1
易捷便利店(西三环路四段辅路),shopping,购物服务;便民商店/便利店;便民商店/便利店,青羊区,103.999967,30.699822,1
雅新苑水果店,shopping,购物服务;购物相关场所;购物相关场所,金牛区,103.993972,30.707326,1
你我他超市(蜀跃西路),shopping,购物服务;便民商店/便利店;便民商店/便利店,金牛区,104.002242,30.708632,1
永相逢超市,shopping,购物服务;便民商店/便利店;便民商店/便利店,青羊区,103.996536,30.699639,1
成都西华医院小卖部,shopping,购物服务;便民商店/便利店;便民商店/便利店,金牛区,104.008422,30.7039,1
红旗超市(西蜀瑞苑便利店),shopping,购物服务;便民商店/便利店;便民商店/便利店,金牛区,104.006993,30.704028,1
昆仑润滑油,shopping,购物服务;购物相关场所;购物相关场所,金牛区,104.008811,30.70209,1
便利店,shopping,购物服务;便民商店/便利店;便民商店/便利店,金牛区,104.010704,30.707094,1
烂茶铺,shopping,购物服务;专卖店;专营店|餐饮服务;茶艺馆;茶艺馆,金牛区,104.006965,30.707567,3
金牛区蒲菊英副食店,shopping,购物服务;便民商店/便利店;便民商店/便利店,金牛区,104.008502,30.701297,1
飞碟轮胎成都营销服务中心,shopping,购物服务;专卖店;专营店,金牛区,104.007663,30.701083,1
贵程木门,shopping,购物服务;购物相关场所;购物相关场所,金牛区,104.012431,30.703151,3
爱狗吧(蜀跃东路),shopping,购物服务;专卖店;宠物用品店,金牛区,104.006174,30.70738,2
宏吉锁店,shopping,购物服务;专卖店;专营店,金牛区,104.007832,30.708036,2
璃雅小筑,shopping,购物服务;购物相关场所;购物相关场所,金牛区,104.01092,30.707807,3
舞风超市,shopping,购物服务;购物相关场所;购物相关场所,青羊区,104.006616,30.701135,4
机麻茶,shopping,购物服务;购物相关场所;购物相关场所,金牛区,104.009263,30.700501,6
绿蔬鲜,shopping,购物服务;综合市场;蔬菜市场,金牛区,104.004294,30.706475,14
万客欢便利店,shopping,购物服务;便民商店/便利店;便民商店/便利店,金牛区,104.011711,30.70753,2
成都寒轩宝贝,shopping,购物服务;购物相关场所;购物相关场所,金牛区,104.007968,30.700441,5
酱香典范红花郎,shopping,购物服务;购物相关场所;购物相关场所,金牛区,104.006937,30.700527,4
配送超市,shopping,购物服务;购物相关场所;购物相关场所,金牛区,104.009886,30.700598,1
叶俊豪家,shopping,购物服务;购物相关场所;购物相关场所,金牛区,104.00814,30.709078,2
鑫鑫超市,shopping,购物服务;购物相关场所;购物相关场所,金牛区,104.0123,30.700921,1
勿忘我婚庆花艺,shopping,购物服务;购物相关场所;购物相关场所,金牛区,104.009506,30.709219,1
埃尔夫润滑油,shopping,购物服务;购物相关场所;购物相关场所,金牛区,104.01298,30.701381,2
友立食品店,shopping,购物服务;购物相关场所;购物相关场所,金牛区,104.012089,30.708445,1
左零佑食,shopping,购物服务;专卖店;专营店,金牛区,104.005604,30.708774,5
伊采,shopping,购物服务;服装鞋帽皮具店;服装鞋帽皮具店,金牛区,104.0107,30.698807,21
祥都闪送超市,shopping,购物服务;便民商店/便利店;便民商店/便利店,金牛区,104.013617,30.701773,2
快快乐乐玩具行,shopping,购物服务;便民商店/便利店;便民商店/便利店,金牛区,104.006711,30.709248,2
铂金丽人,shopping,购物服务;专卖店;珠宝首饰工艺品,金牛区,104.004301,30.708585,7
青川特产,shopping,购物服务;购物相关场所;购物相关场所,金牛区,104.013308,30.700938,1
四季鲜,shopping,购物服务;综合市场;果品市场,青羊区,104.004938,30.699873,6
汾酒,shopping,购物服务;专卖店;烟酒专卖店,金牛区,104.014547,30.700919,25
逸嘉遮阳休闲用品,shopping,购物服务;购物相关场所;购物相关场所,金牛区,104.018095,30.704416,3
吉成电脑,shopping,购物服务;家电电子卖场;家电电子卖场,金牛区,104.01814,30.705632,8
舞东方,shopping,购物服务;购物相关场所;购物相关场所,金牛区,104.020929,30.704579,10
白铁加工,shopping,购物服务;购物相关场所;购物相关场所,金牛区,104.01971,30.706367,10
冷冻系列,shopping,购物服务;购物相关场所;购物相关场所,金牛区,104.01967,30.702621,5
剑阁土鸡,shopping,购物服务;综合市场;农副产品市场,金牛区,104.017186,30.702124,11
精品羊绒量身订做羊绒衫,shopping,购物服务;购物相关场所;购物相关场所,金牛区,104.021523,30.703626,1
金牛区易拓五金经营部,shopping,购物服务;购物相关场所;购物相关场所,金牛区,104.021481,30.707031,1
精品绒线,shopping,购物服务;购物相关场所;购物相关场所,金牛区,104.022711,30.701985,1
君立商贸中心,shopping,购物服务;便民商店/便利店;便民商店/便利店,金牛区,104.016379,30.700238,2
蓝姬,shopping,购物服务;服装鞋帽皮具店;服装鞋帽皮具店,金牛区,104.02449,30.699521,146
忆台台湾地道生活馆,shopping,购物服务;专卖店;专营店,金牛区,104.02146,30.700113,1
八彩小屋,shopping,购物服务;专卖店;礼品饰品店,金牛区,104.020853,30.699685,9
亿佳,shopping,购物服务;购物相关场所;购物相关场所,金牛区,104.016792,30.698,89
休闲盖碗茶,shopping,购物服务;购物相关场所;购物相关场所,金牛区,104.015711,30.699915,5
金缘超市,shopping,购物服务;专卖店;烟酒专卖店,金牛区,104.022009,30.700009,3
雷老虎互惠酒水批发部,shopping,购物服务;购物相关场所;购物相关场所,金牛区,104.01508,30.699615,1
幸福婚庆花艺127店,shopping,购物服务;花鸟鱼虫市场;花卉市场,金牛区,104.019319,30.704232,1
金府鲜花坊,shopping,购物服务;花鸟鱼虫市场;花卉市场,金牛区,104.020629,30.707418,2
聚源文化用品商店,shopping,购物服务;便民商店/便利店;便民商店/便利店,金牛区,104.021808,30.703089,1
货真价廉副食店,shopping,购物服务;便民商店/便利店;便民商店/便利店,金牛区,104.022307,30.700596,2
鑫星兴便利超市(长庆路店),shopping,购物服务;便民商店/便利店;便民商店/便利店,金牛区,104.0316,30.707203,1
金永佳超市,shopping,购物服务;便民商店/便利店;便民商店/便利店,金牛区,104.028716,30.70848,2
脚板(茶店子店),shopping,购物服务;服装鞋帽皮具店;服装鞋帽皮具店,金牛区,104.025853,30.700957,3
超信干杂,shopping,购物服务;便民商店/便利店;便民商店/便利店,金牛区,104.033615,30.70471,3
桢艺坊,shopping,购物服务;服装鞋帽皮具店;服装鞋帽皮具店,金牛区,104.034193,30.707841,54
金牛区绿舟干杂店,shopping,购物服务;便民商店/便利店;便民商店/便利店,金牛区,104.031541,30.708866,1
汇中展示,shopping,购物服务;专卖店;专营店,金牛区,104.025546,30.709272,6
华亿超市(金府路店),shopping,购物服务;便民商店/便利店;便民商店/便利店,金牛区,104.024708,30.708849,4
瓦尔塔电瓶,shopping,购物服务;专卖店;专营店,金牛区,104.02405,30.70839,1
九壹佰酒业,shopping,购物服务;购物相关场所;购物相关场所,金牛区,104.03889,30.705181,1
好吃屋(银河北街店),shopping,购物服务;专卖店;专营店,金牛区,104.038224,30.703411,4
纤朵爱,shopping,购物服务;服装鞋帽皮具店;服装鞋帽皮具店,金牛区,104.039734,30.706656,40
seven house,shopping,购物服务;购物相关场所;购物相关场所,金牛区,104.0396,30.703934,1
优家宠吧,shopping,购物服务;专卖店;宠物用品店,金牛区,104.037388,30.703746,2
红花郎,shopping,购物服务;专卖店;烟酒专卖店,金牛区,104.039043,30.702969,8
张锁匠,shopping,购物服务;专卖店;专营店,金牛区,104.036389,30.704939,14
竹迹,shopping,购物服务;服装鞋帽皮具店;服装鞋帽皮具店,金牛区,104.042725,30.704808,684
花涧行,shopping,购物服务;花鸟鱼虫市场;花卉市场,金牛区,104.038895,30.702018,26
寻尊堂,shopping,购物服务;专卖店;珠宝首饰工艺品,金牛区,104.036201,30.706406,41
南昭水业,shopping,购物服务;购物相关场所;购物相关场所,金牛区,104.036856,30.702499,8
纯高粱酒,shopping,购物服务;购物相关场所;购物相关场所,金牛区,104.037564,30.701803,1
上岛百雀庄全自动麻将机,shopping,购物服务;专卖店;专营店,金牛区,104.035541,30.703207,1
野生鱼专卖店,shopping,购物服务;购物相关场所;购物相关场所,金牛区,104.037686,30.707656,1
蓝光美尚活力心矿泉水(雨泽商贸店),shopping,购物服务;购物相关场所;购物相关场所,金牛区,104.034677,30.704655,1
高梁白酒,shopping,购物服务;专卖店;烟酒专卖店,金牛区,104.034925,30.706039,4
meme(交大店),shopping,购物服务;购物相关场所;购物相关场所,金牛区,104.042432,30.702316,1
朝天岩茗茶,shopping,购物服务;专卖店;专营店,金牛区,104.035523,30.701387,3
斯达润滑油,shopping,购物服务;专卖店;专营店,金牛区,104.039294,30.700497,1
行茶鸣宏,shopping,购物服务;购物相关场所;购物相关场所,金牛区,104.042944,30.707511,28
卓杰电器,shopping,购物服务;购物相关场所;购物相关场所,金牛区,104.035596,30.707966,2
合能润滑油,shopping,购物服务;购物相关场所;购物相关场所,金牛区,104.0365,30.699983,5
四川大凉山特产,shopping,购物服务;购物相关场所;购物相关场所,金牛区,104.042386,30.707698,1
小茶铺,shopping,购物服务;购物相关场所;购物相关场所,金牛区,104.038106,30.699564,9
安琪儿孕婴(成都总店),shopping,购物服务;专卖店;儿童用品店,金牛区,104.043537,30.706373,1
品茗机麻,shopping,购物服务;购物相关场所;购物相关场所,金牛区,104.035862,30.708886,9
丝芸,shopping,购物服务;服装鞋帽皮具店;服装鞋帽皮具店,金牛区,104.042927,30.697918,309
兔拉格,shopping,购物服务;专卖店;礼品饰品店,金牛区,104.043012,30.700871,25
幸福婚庆花艺123店,shopping,购物服务;花鸟鱼虫市场;花卉市场,金牛区,104.041855,30.708684,1
gogo便利无限(长庆店),shopping,购物服务;便民商店/便利店;便民商店/便利店,金牛区,104.037408,30.704358,1
代九利电话,shopping,购物服务;购物相关场所;购物相关场所,金牛区,104.033868,30.703124,1
兴铭阳副食店,shopping,购物服务;便民商店/便利店;便民商店/便利店,金牛区,104.048543,30.704079,6
东荣,shopping,购物服务;购物相关场所;购物相关场所,金牛区,104.050035,30.703677,10
舞东风(群星路分店),shopping,购物服务;便民商店/便利店;便民商店/便利店,金牛区,104.05013,30.704988,1
数码村电信,shopping,购物服务;购物相关场所;购物相关场所,金牛区,104.049867,30.705723,1
海贼王,shopping,购物服务;购物相关场所;购物相关场所,金牛区,104.046193,30.70426,1
育龙干杂店,shopping,购物服务;便民商店/便利店;便民商店/便利店,金牛区,104.046493,30.703185,1
华强,shopping,购物服务;超级市场;超市,金牛区,104.050591,30.70265,7
九你的梦想功法,shopping,购物服务;购物相关场所;购物相关场所,金牛区,104.047837,30.706763,1
铭阳超市(唐臣路),shopping,购物服务;超级市场;超市|购物服务;便民商店/便利店;便民商店/便利店,金牛区,104.051645,30.702687,2
蜀山土鸡蛋,shopping,购物服务;综合市场;农副产品市场,金牛区,104.045325,30.702503,5
龙氏鲜肉店,shopping,购物服务;购物相关场所;购物相关场所,金牛区,104.050882,30.706872,3
金融便民店,shopping,购物服务;购物相关场所;购物相关场所,金牛区,104.045986,30.707126,1
Open LUYU,shopping,购物服务;购物相关场所;购物相关场所,金牛区,104.047111,30.707755,1
云海文具,shopping,购物服务;文化用品店;文化用品店,金牛区,104.047084,30.708858,5
萌宠乐园,shopping,购物服务;购物相关场所;购物相关场所,金牛区,104.044273,30.70705,3
欧美范,shopping,购物服务;购物相关场所;购物相关场所,金牛区,104.054708,30.703874,34
兴苑副食,shopping,购物服务;便民商店/便利店;便民商店/便利店,金牛区,104.053687,30.706193,4
强顺超市,shopping,购物服务;便民商店/便利店;便民商店/便利店,金牛区,104.046627,30.699937,5
翠海茶庄,shopping,购物服务;购物相关场所;购物相关场所,金牛区,104.048617,30.709159,1
果舒果园,shopping,购物服务;综合市场;果品市场,金牛区,104.044743,30.700387,6
怡和商贸,shopping,购物服务;购物相关场所;购物相关场所,金牛区,104.053431,30.707334,1
京东商城(西南交大九里营业厅),shopping,购物服务;购物相关场所;购物相关场所,金牛区,104.052281,30.700386,1
蓝天(交大路),shopping,购物服务;购物相关场所;购物相关场所,金牛区,104.045651,30.699691,12
随意鲜花(金牛区分店),shopping,购物服务;花鸟鱼虫市场;花卉市场,金牛区,104.044616,30.704161,1
交大通信,shopping,购物服务;家电电子卖场;手机销售|生活服务;生活服务场所;生活服务场所,金牛区,104.048418,30.702313,1
舞东风(星汉路分店),shopping,购物服务;超级市场;超市,金牛区,104.047475,30.70633,1
思锐办公,shopping,购物服务;文化用品店;文化用品店,金牛区,104.044056,30.708342,1
翔科电脑,shopping,购物服务;家电电子卖场;数码电子|生活服务;维修站点;维修站点,金牛区,104.061273,30.703472,25
喔喔超市,shopping,购物服务;购物相关场所;购物相关场所,金牛区,104.059868,30.707058,2
金牛区鑫乐川建材商贸部,shopping,购物服务;购物相关场所;购物相关场所,金牛区,104.059509,30.707563,1
金牛区迪凯装饰材料经营部,shopping,购物服务;购物相关场所;购物相关场所,金牛区,104.054501,30.706055,1
五块石店,shopping,购物服务;购物相关场所;购物相关场所,金牛区,104.062978,30.702497,6
三禾天然优质矿泉,shopping,购物服务;购物相关场所;购物相关场所,金牛区,104.062328,30.701954,2
大邑明全高粱酒,shopping,购物服务;专卖店;烟酒专卖店,金牛区,104.061613,30.700853,3
美居坊,shopping,购物服务;专卖店;专营店,金牛区,104.056442,30.698848,63
知海书店(唐臣路),shopping,购物服务;专卖店;书店,金牛区,104.053597,30.702473,1
小吴水电商贸部,shopping,购物服务;购物相关场所;购物相关场所,金牛区,104.062887,30.700945,5
成都市鑫宏调味品配送部,shopping,购物服务;综合市场;农副产品市场,金牛区,104.06056,30.699542,2
家家乐连锁超市,shopping,购物服务;购物相关场所;购物相关场所,金牛区,104.060236,30.707749,3
贝特猫鲜花店(天彩菁华工作室),shopping,购物服务;花鸟鱼虫市场;花卉市场,金牛区,104.055337,30.705324,1
红旗超市(府河路苑便利店),shopping,购物服务;超级市场;超市,金牛区,104.061691,30.699425,1
鑫汇通讯,shopping,购物服务;家电电子卖场;手机销售,金牛区,104.055088,30.699451,4
大罗调味品经营部,shopping,购物服务;综合市场;农副产品市场,金牛区,104.068514,30.703428,1
永租食品,shopping,购物服务;购物相关场所;购物相关场所,成华区,104.07014,30.705319,3
平价超市鲜肉,shopping,购物服务;购物相关场所;购物相关场所,金牛区,104.067539,30.702453,3
锋诚通讯,shopping,购物服务;家电电子卖场;手机销售,金牛区,104.069294,30.70253,1
格格货栈,shopping,购物服务;购物相关场所;购物相关场所,金牛区,104.068674,30.701964,2
张麻辣,shopping,购物服务;专卖店;专营店,成华区,104.071521,30.703218,24
京旺干杂店,shopping,购物服务;购物相关场所;购物相关场所,成华区,104.071365,30.705827,12
锦江区麦哈女鞋商贸部,shopping,购物服务;购物相关场所;购物相关场所,成华区,104.069641,30.701659,1
鲜切面,shopping,购物服务;综合市场;农副产品市场,金牛区,104.067812,30.701274,3
弄潮儿,shopping,购物服务;购物相关场所;购物相关场所,金牛区,104.065209,30.702874,3
双丰种苗,shopping,购物服务;购物相关场所;购物相关场所,金牛区,104.06544,30.702392,9
城市展厅,shopping,购物服务;购物相关场所;购物相关场所,成华区,104.072881,30.705115,7
依香,shopping,购物服务;服装鞋帽皮具店;服装鞋帽皮具店,成华区,104.073086,30.70258,29
珂卡芙,shopping,购物服务;购物相关场所;购物相关场所,金牛区,104.064426,30.702891,3
武侯区薇海副食经营部,shopping,购物服务;购物相关场所;购物相关场所,成华区,104.070276,30.707923,1
老坛郎,shopping,购物服务;购物相关场所;购物相关场所,成华区,104.071299,30.708142,18
数码影音,shopping,购物服务;购物相关场所;购物相关场所,成华区,104.072572,30.707698,4
花花世界,shopping,购物服务;购物相关场所;购物相关场所,金牛区,104.064636,30.700777,23
公安police,shopping,购物服务;购物相关场所;购物相关场所,金牛区,104.067528,30.699241,2
家家乐超市(花径路社区卫生服务站东南),shopping,购物服务;便民商店/便利店;便民商店/便利店,成华区,104.072892,30.706876,1
成华经营部,shopping,购物服务;专卖店;烟酒专卖店,金牛区,104.068485,30.702694,3
家仔干杂,shopping,购物服务;综合市场;农副产品市场,成华区,104.074582,30.708699,25
君信干杂,shopping,购物服务;便民商店/便利店;便民商店/便利店,成华区,104.072038,30.703952,2
舞东风(青龙分店),shopping,购物服务;超级市场;超市,成华区,104.07079,30.705322,1
站北超市(赛云台东一路),shopping,购物服务;便民商店/便利店;便民商店/便利店,金牛区,104.069494,30.704946,1
上海机麻销售部,shopping,购物服务;专卖店;专营店,金牛区,104.063749,30.70249,1
家家福超市(八里桥路店),shopping,购物服务;便民商店/便利店;便民商店/便利店,成华区,104.072341,30.708143,1
广安名烟名酒商行,shopping,购物服务;专卖店;烟酒专卖店,成华区,104.07143,30.70711,1
秀芳水果店,shopping,购物服务;购物相关场所;购物相关场所,成华区,104.071974,30.700983,1
酒水香烟,shopping,购物服务;购物相关场所;购物相关场所,成华区,104.077053,30.702863,46
光能,shopping,购物服务;购物相关场所;购物相关场所,成华区,104.075108,30.705815,63
佳家超市,shopping,购物服务;超级市场;超市,成华区,104.075467,30.70277,17
何家酒业,shopping,购物服务;专卖店;烟酒专卖店,成华区,104.077605,30.700762,4
富星种业,shopping,购物服务;购物相关场所;购物相关场所,成华区,104.073855,30.704409,11
李姐便民店,shopping,购物服务;便民商店/便利店;便民商店/便利店,成华区,104.077758,30.708757,3
天天香商行(东沙店),shopping,购物服务;便民商店/便利店;便民商店/便利店,成华区,104.076705,30.708544,3
贝特猫鲜花店(新绿苑工作室),shopping,购物服务;专卖店;专营店,成华区,104.082734,30.701403,1
金牛区美颜雅化商贸部,shopping,购物服务;购物相关场所;购物相关场所,金牛区,104.07482,30.699476,2
林信通讯,shopping,购物服务;家电电子卖场;手机销售,成华区,104.078235,30.701811,2
优+超市,shopping,购物服务;购物相关场所;购物相关场所,成华区,104.088612,30.70582,9
老邻居(洪山店),shopping,购物服务;便民商店/便利店;便民商店/便利店,成华区,104.089843,30.703814,3
稻花香粮园,shopping,购物服务;购物相关场所;购物相关场所,成华区,104.089391,30.702821,4
桔子鲜花,shopping,购物服务;花鸟鱼虫市场;花卉市场,成华区,104.086491,30.702919,9
美业之家商城,shopping,购物服务;购物相关场所;购物相关场所,成华区,104.092176,30.704494,1
OOTCHAIN超市,shopping,购物服务;购物相关场所;购物相关场所,成华区,104.085369,30.702295,1
便领惠超市,shopping,购物服务;购物相关场所;购物相关场所,成华区,104.085839,30.701684,1
育婴坊孕婴童生活馆,shopping,购物服务;专卖店;儿童用品店,成华区,104.091402,30.707152,1
缘鑫隆超市,shopping,购物服务;购物相关场所;购物相关场所,成华区,104.084246,30.702398,1
果市多,shopping,购物服务;综合市场;果品市场,成华区,104.090822,30.708351,3
升仙湖步行街,shopping,购物服务;购物相关场所;购物相关场所,成华区,104.091792,30.707918,2
有间花店,shopping,购物服务;购物相关场所;购物相关场所,成华区,104.092738,30.707405,6
枫凌超市,shopping,购物服务;超级市场;超市,成华区,104.093181,30.701766,6
手机数码通讯,shopping,购物服务;购物相关场所;购物相关场所,成华区,104.092456,30.701196,1
源博书局,shopping,购物服务;购物相关场所;购物相关场所,成华区,104.089058,30.709054,2
歌利来音响器材,shopping,购物服务;家电电子卖场;家电电子卖场,成华区,104.088467,30.704266,1
康尔福食品经营部,shopping,购物服务;便民商店/便利店;便民商店/便利店,成华区,104.099047,30.703125,1
天天见超市,shopping,购物服务;购物相关场所;购物相关场所,成华区,104.099643,30.702796,1
春姿艳,shopping,购物服务;服装鞋帽皮具店;服装鞋帽皮具店,成华区,104.101057,30.701711,38
喜悦超市,shopping,购物服务;便民商店/便利店;便民商店/便利店,成华区,104.098664,30.701638,22
舞东风(0808西林路二店),shopping,购物服务;便民商店/便利店;便民商店/便利店,成华区,104.096391,30.701844,1
狗狗秀,shopping,购物服务;专卖店;宠物用品店,成华区,104.09749,30.70061,20
运兴电器(云龙路),shopping,购物服务;家电电子卖场;综合家电商场,成华区,104.102524,30.703158,3
烙色,shopping,购物服务;服装鞋帽皮具店;服装鞋帽皮具店,成华区,104.10344,30.704905,50
临邛镇女人街,shopping,购物服务;购物相关场所;购物相关场所,成华区,104.09492,30.702111,2
小憨豆鞋柜专家,shopping,购物服务;购物相关场所;购物相关场所,成华区,104.094123,30.704651,1
香香便利店(西林四街),shopping,购物服务;便民商店/便利店;便民商店/便利店,成华区,104.099154,30.700237,1
四心平武茶业,shopping,购物服务;专卖店;专营店,成华区,104.102941,30.70267,5
TIFFANY GARDEN,shopping,购物服务;专卖店;珠宝首饰工艺品,成华区,104.093689,30.703513,1
LUCK SHOP,shopping,购物服务;购物相关场所;购物相关场所,成华区,104.095054,30.707367,2
快客,shopping,购物服务;便民商店/便利店;便民商店/便利店,成华区,104.095497,30.708262,3
开雅,shopping,购物服务;购物相关场所;购物相关场所,成华区,104.105387,30.70244,189
先红超市,shopping,购物服务;便民商店/便利店;便民商店/便利店,成华区,104.101521,30.708283,1
军军首饰,shopping,购物服务;购物相关场所;购物相关场所,成华区,104.102923,30.701396,2
十品连锁超市,shopping,购物服务;购物相关场所;购物相关场所,成华区,104.094453,30.701032,1
佛荫堂,shopping,购物服务;专卖店;专营店,成华区,104.103597,30.707291,63
成都城北医院超市,shopping,购物服务;便民商店/便利店;便民商店/便利店,成华区,104.097423,30.709104,1
新萍仿真植物花卉,shopping,购物服务;专卖店;专营店,成华区,104.101431,30.700052,1
本曰,shopping,购物服务;购物相关场所;购物相关场所,成华区,104.093752,30.70111,2
佳誉肤晓商贸,shopping,购物服务;购物相关场所;购物相关场所,成华区,104.093735,30.700506,3
鱼中乐渔具,shopping,购物服务;专卖店;专营店,成华区,104.1032,30.699965,1
泛悦城市广场,shopping,购物服务;商场;购物中心,成华区,104.09922,30.706501,1
自选超市,shopping,购物服务;超级市场;超市,成华区,104.101246,30.707303,2
诚信通讯,shopping,购物服务;家电电子卖场;手机销售,成华区,104.102897,30.700635,2
赖汤圆,shopping,购物服务;综合市场;农副产品市场,成华区,104.099549,30.705945,1
华丰鲜花,shopping,购物服务;花鸟鱼虫市场;花卉市场,成华区,104.097009,30.701857,1
品胜当日达(驷马桥门店),shopping,购物服务;家电电子卖场;数码电子,成华区,104.095796,30.706857,1
永芳服饰,shopping,购物服务;服装鞋帽皮具店;服装鞋帽皮具店,成华区,104.109974,30.704155,32
实惠文具,shopping,购物服务;文化用品店;文化用品店,成华区,104.107265,30.703815,5
七彩花坊,shopping,购物服务;花鸟鱼虫市场;花卉市场,成华区,104.110342,30.705468,3
玫瑰之约电动车(青龙场专卖),shopping,购物服务;购物相关场所;购物相关场所,成华区,104.107459,30.706177,1
贵人堂,shopping,购物服务;服装鞋帽皮具店;服装鞋帽皮具店,成华区,104.105971,30.705521,9
母婴坊,shopping,购物服务;专卖店;儿童用品店,成华区,104.111008,30.704681,4
长兴干杂,shopping,购物服务;便民商店/便利店;便民商店/便利店,成华区,104.105641,30.706842,30
百姓之家,shopping,购物服务;综合市场;农副产品市场,成华区,104.107817,30.701122,2
联合一百,shopping,购物服务;便民商店/便利店;便民商店/便利店,成华区,104.110832,30.701278,16
佳吉多超市,shopping,购物服务;便民商店/便利店;便民商店/便利店,成华区,104.112816,30.70409,4
丽芬日化,shopping,购物服务;个人用品/化妆品店;其它个人用品店,成华区,104.106425,30.707973,5
西林超市,shopping,购物服务;购物相关场所;购物相关场所,成华区,104.113595,30.70354,3
狗窝喔宠物(青龙场店),shopping,购物服务;专卖店;宠物用品店,成华区,104.104841,30.700945,1
倩莎店,shopping,购物服务;购物相关场所;购物相关场所,成华区,104.113004,30.701378,7
明宇鸽粮,shopping,购物服务;购物相关场所;购物相关场所,成华区,104.105362,30.700341,3
永红超市,shopping,购物服务;购物相关场所;购物相关场所,成华区,104.111849,30.700184,5
盛鑫超市,shopping,购物服务;购物相关场所;购物相关场所,成华区,104.112703,30.700629,1
靓卡,shopping,购物服务;购物相关场所;购物相关场所,成华区,104.103578,30.700412,2
长绿鲜花,shopping,购物服务;花鸟鱼虫市场;花卉市场,成华区,104.109021,30.702618,1
红旗超市,shopping,购物服务;超级市场;超市,成华区,104.11174,30.701713,1
百分文具(致强环街),shopping,购物服务;文化用品店;文化用品店,成华区,104.111855,30.704712,1
海滨超市,shopping,购物服务;便民商店/便利店;便民商店/便利店,成华区,104.120176,30.703402,1
百佳宠,shopping,购物服务;专卖店;宠物用品店,成华区,104.115911,30.70501,8
西南水泥,shopping,购物服务;购物相关场所;购物相关场所,成华区,104.117769,30.70665,3
宏鑫超市(致兴二路),shopping,购物服务;便民商店/便利店;便民商店/便利店,成华区,104.116714,30.702742,1
爱儿母婴坊,shopping,购物服务;专卖店;儿童用品店,成华区,104.116086,30.703007,3
精修电动车,shopping,购物服务;购物相关场所;购物相关场所,成华区,104.122067,30.70366,1
强强文具,shopping,购物服务;文化用品店;文化用品店,成华区,104.121676,30.706609,3
周姐干杂店,shopping,购物服务;便民商店/便利店;便民商店/便利店,成华区,104.12126,30.707393,4
新阳光文具,shopping,购物服务;购物相关场所;购物相关场所,成华区,104.114978,30.706503,3
时代,shopping,购物服务;购物相关场所;购物相关场所,成华区,104.115741,30.708174,9
中卅通讯(002817分店),shopping,购物服务;家电电子卖场;手机销售,成华区,104.121395,30.706151,1
芳琳精品屋,shopping,购物服务;服装鞋帽皮具店;服装鞋帽皮具店,成华区,104.117163,30.706021,1
海纳时代销售中心,shopping,购物服务;购物相关场所;购物相关场所,成华区,104.114839,30.70388,1
鑫兴超市,shopping,购物服务;购物相关场所;购物相关场所,成华区,104.12514,30.70081,1
茶机麻,shopping,购物服务;购物相关场所;购物相关场所,成华区,104.124352,30.708085,1
佳宜便利超市,shopping,购物服务;便民商店/便利店;便民商店/便利店,成华区,104.159048,30.704274,1
乐家便利店,shopping,购物服务;便民商店/便利店;便民商店/便利店,成华区,104.160041,30.70449,1
绿叶蔬果超市,shopping,购物服务;综合市场;蔬菜市场,成华区,104.159918,30.705135,4
懒虫小店(豆豆分店),shopping,购物服务;便民商店/便利店;便民商店/便利店,成华区,104.16017,30.702582,1
豆豆超市(龙潭立交),shopping,购物服务;便民商店/便利店;便民商店/便利店,成华区,104.15989,30.702068,1
中国电信,shopping,购物服务;家电电子卖场;手机销售,成华区,104.16245,30.703973,24
宠宠物会所,shopping,购物服务;专卖店;宠物用品店,成华区,104.16318,30.701714,1
鲜妙奶屋,shopping,购物服务;综合市场;农副产品市场,成华区,104.156455,30.709184,3
柔雅叙府,shopping,购物服务;专卖店;烟酒专卖店,成华区,104.167375,30.703366,4
鸿丰超市,shopping,购物服务;便民商店/便利店;便民商店/便利店,成华区,104.170076,30.703269,1
铭锋苹果,shopping,购物服务;家电电子卖场;数码电子,成华区,104.166631,30.703537,1
雅露茗茶,shopping,购物服务;专卖店;专营店,成华区,104.169856,30.702598,1
脚板,shopping,购物服务;服装鞋帽皮具店;服装鞋帽皮具店,成华区,104.165665,30.705862,22
好芳邻,shopping,购物服务;便民商店/便利店;便民商店/便利店,成华区,104.166728,30.702555,5
酷男,shopping,购物服务;服装鞋帽皮具店;服装鞋帽皮具店,成华区,104.171528,30.707573,131
乐哆配送,shopping,购物服务;便民商店/便利店;便民商店/便利店,成华区,104.172302,30.703052,6
万联超市(鹤林四路),shopping,购物服务;便民商店/便利店;便民商店/便利店,成华区,104.171889,30.702536,1
米其林轮胎,shopping,购物服务;购物相关场所;购物相关场所,成华区,104.168964,30.70085,5
格力,shopping,购物服务;家电电子卖场;家电电子卖场,成华区,104.164254,30.706024,21
兴隆干杂,shopping,购物服务;便民商店/便利店;便民商店/便利店,成华区,104.172735,30.705186,1
金银街,shopping,购物服务;专卖店;珠宝首饰工艺品,成华区,104.167942,30.708529,36
老邻居(秀林店),shopping,购物服务;便民商店/便利店;便民商店/便利店,成华区,104.169757,30.700691,3
闺秘,shopping,购物服务;服装鞋帽皮具店;服装鞋帽皮具店,成华区,104.165551,30.700629,103
易捷便利店(成华大道三段店),shopping,购物服务;便民商店/便利店;便民商店/便利店,成华区,104.16359,30.705109,1
龙智通讯,shopping,购物服务;家电电子卖场;手机销售,成华区,104.169064,30.699813,10
魏钥匙,shopping,购物服务;专卖店;专营店,成华区,104.165523,30.708233,2
wei,shopping,购物服务;服装鞋帽皮具店;服装鞋帽皮具店,成华区,104.172132,30.700818,5
武侯区小叶商贸部,shopping,购物服务;购物相关场所;购物相关场所,成华区,104.166133,30.708691,2
占辉电脑经营部,shopping,购物服务;购物相关场所;购物相关场所,成华区,104.166754,30.709222,2
红旗超市(时代欣城便利店),shopping,购物服务;超级市场;超市,成华区,104.170704,30.703343,1
红旗超市(龙潭寺南路分场),shopping,购物服务;超级市场;超市,成华区,104.172406,30.701659,1
富鑫顺门市,shopping,购物服务;购物相关场所;购物相关场所,成华区,104.177478,30.70322,1
大东,shopping,购物服务;购物相关场所;购物相关场所,成华区,104.178218,30.702501,7
俊吉贸易,shopping,购物服务;购物相关场所;购物相关场所,成华区,104.176729,30.703314,1
梦哲,shopping,购物服务;购物相关场所;购物相关场所,成华区,104.179532,30.702455,2
时尚坊,shopping,购物服务;购物相关场所;购物相关场所,成华区,104.176992,30.702377,2
鑫楚物资,shopping,购物服务;购物相关场所;购物相关场所,成华区,104.17606,30.702858,4
龙港钢材市场(北门),shopping,购物服务;购物相关场所;购物相关场所,成华区,104.178337,30.708367,1
龙港超市,shopping,购物服务;超级市场;超市,成华区,104.176172,30.704132,1
钢源城,shopping,购物服务;购物相关场所;购物相关场所,成华区,104.175772,30.703481,1
生棒鸟食,shopping,购物服务;专卖店;宠物用品店,青羊区,103.969676,30.695463,15
洪林干杂经营部,shopping,购物服务;便民商店/便利店;便民商店/便利店,青羊区,103.969785,30.694495,1
超威,shopping,购物服务;购物相关场所;购物相关场所,青羊区,103.970596,30.69374,2
福旺干杂,shopping,购物服务;便民商店/便利店;便民商店/便利店,青羊区,103.968657,30.696399,1
金塬高粮白酒,shopping,购物服务;专卖店;烟酒专卖店,青羊区,103.970641,30.695665,3
五花八门,shopping,购物服务;便民商店/便利店;便民商店/便利店,青羊区,103.968451,30.697021,1
张花椒干杂店,shopping,购物服务;综合市场;农副产品市场,青羊区,103.966008,30.696098,2
黄佳副食便民超市,shopping,购物服务;便民商店/便利店;便民商店/便利店,青羊区,103.971232,30.696099,1
鸿雪超市,shopping,购物服务;便民商店/便利店;便民商店/便利店,青羊区,103.965062,30.694003,34
惠多超市(清河一支路),shopping,购物服务;便民商店/便利店;便民商店/便利店,青羊区,103.96785,30.691956,1
全兴,shopping,购物服务;专卖店;专营店,青羊区,103.966499,30.697661,60
靓妆小屋,shopping,购物服务;服装鞋帽皮具店;服装鞋帽皮具店,青羊区,103.966009,30.696659,1
永康干杂店,shopping,购物服务;便民商店/便利店;便民商店/便利店,青羊区,103.97209,30.696708,3
雪雪干杂店,shopping,购物服务;便民商店/便利店;便民商店/便利店,青羊区,103.970285,30.697805,1
福达平安,shopping,购物服务;购物相关场所;购物相关场所,青羊区,103.972214,30.691925,13
回味便民超市,shopping,购物服务;便民商店/便利店;便民商店/便利店,青羊区,103.964434,30.694947,1
小米(清河一支路),shopping,购物服务;家电电子卖场;手机销售,青羊区,103.97141,30.691324,2
艳艳超市(清河一支路),shopping,购物服务;便民商店/便利店;便民商店/便利店,青羊区,103.971588,30.690844,1
有意便利店,shopping,购物服务;便民商店/便利店;便民商店/便利店,青羊区,103.973754,30.69605,2
长城润滑油,shopping,购物服务;购物相关场所;购物相关场所,青羊区,103.973033,30.697599,2
好吃屋(五街店),shopping,购物服务;专卖店;专营店,青羊区,103.966013,30.698916,4
悠乐味(清河一支路),shopping,购物服务;便民商店/便利店;便民商店/便利店,青羊区,103.972158,30.690482,2
华亿副食,shopping,购物服务;便民商店/便利店;便民商店/便利店,青羊区,103.972189,30.699115,5
成都惠锋金刚石工具有限公司,shopping,购物服务;专卖店;专营店|公司企业;公司;公司,青羊区,103.970791,30.699615,1
明先车行,shopping,购物服务;购物相关场所;购物相关场所,青羊区,103.973115,30.698541,2
大山深处土猪肉,shopping,购物服务;综合市场;农副产品市场,青羊区,103.963857,30.698155,1
合利泰商贸,shopping,购物服务;便民商店/便利店;便民商店/便利店,青羊区,103.973724,30.690734,1
中国移动手机专卖,shopping,购物服务;家电电子卖场;手机销售,青羊区,103.972288,30.690005,1
海燕鲜花,shopping,购物服务;花鸟鱼虫市场;花卉市场,青羊区,103.96389,30.695159,1
订做各种货架,shopping,购物服务;购物相关场所;购物相关场所,金牛区,103.977787,30.697645,1
不锈钢水箱,shopping,购物服务;购物相关场所;购物相关场所,金牛区,103.978083,30.69819,3
好相因团购生活馆,shopping,购物服务;购物相关场所;购物相关场所,青羊区,103.975022,30.69297,2
国强书店,shopping,购物服务;专卖店;书店,青羊区,103.982645,30.691624,13
金沙耍街,shopping,购物服务;特色商业街;特色商业街,青羊区,103.983588,30.693304,2
昆仑好客便利店(金辉路),shopping,购物服务;便民商店/便利店;便民商店/便利店,青羊区,103.979235,30.689945,1
扬阳文具,shopping,购物服务;文化用品店;文化用品店,金牛区,103.978824,30.699481,2
联合一百(蓝光COCO金沙店),shopping,购物服务;便民商店/便利店;便民商店/便利店,青羊区,103.981534,30.689959,1
蓝剑(外金沙店),shopping,购物服务;专卖店;专营店|生活服务;生活服务场所;生活服务场所,青羊区,103.985673,30.693437,2
宜居花屋,shopping,购物服务;花鸟鱼虫市场;花卉市场,青羊区,103.984782,30.692686,5
红旗超市(董家店便利店),shopping,购物服务;超级市场;超市,青羊区,103.989579,30.690155,1
海亮便利店(蜀鑫路),shopping,购物服务;便民商店/便利店;便民商店/便利店,青羊区,103.991748,30.690676,1
小嘉愉景超市,shopping,购物服务;便民商店/便利店;便民商店/便利店,青羊区,103.990058,30.689929,1
清波花店,shopping,购物服务;花鸟鱼虫市场;花卉市场,青羊区,103.986256,30.6903,1
亿谷商贸,shopping,购物服务;综合市场;农副产品市场,青羊区,103.984272,30.694441,1
龙栖苑超市,shopping,购物服务;便民商店/便利店;便民商店/便利店,青羊区,104.00034,30.694297,1
红旗超市(蜀辉路便利店),shopping,购物服务;便民商店/便利店;便民商店/便利店|购物服务;超级市场;超市,青羊区,104.003321,30.693389,1
泰国进口乳胶枕,shopping,购物服务;专卖店;专营店,青羊区,104.002555,30.691802,3
铁观音,shopping,购物服务;专卖店;专营店,青羊区,104.003901,30.692394,9
为之文具,shopping,购物服务;文化用品店;文化用品店,青羊区,104.004216,30.69431,14
印象黄忠,shopping,购物服务;专卖店;烟酒专卖店,青羊区,104.008092,30.69344,8
正发干杂,shopping,购物服务;便民商店/便利店;便民商店/便利店,金牛区,104.009907,30.693474,9
水泥河沙,shopping,购物服务;购物相关场所;购物相关场所,金牛区,104.01026,30.692831,3
金都超市,shopping,购物服务;便民商店/便利店;便民商店/便利店,金牛区,104.011066,30.695424,1
超级宝宝(金博北路),shopping,购物服务;专卖店;儿童用品店,金牛区,104.00976,30.692229,3
哇哦,shopping,购物服务;购物相关场所;购物相关场所,金牛区,104.0126,30.69701,139
永万商行,shopping,购物服务;专卖店;烟酒专卖店,金牛区,104.010353,30.696884,2
名烟名酒,shopping,购物服务;专卖店;烟酒专卖店,金牛区,104.012562,30.69396,15
格林配送超市(黄忠西街),shopping,购物服务;便民商店/便利店;便民商店/便利店,金牛区,104.011358,30.692402,2
迈噜,shopping,购物服务;专卖店;儿童用品店,金牛区,104.008941,30.698156,16
创维专柜,shopping,购物服务;家电电子卖场;综合家电商场,金牛区,104.012637,30.6948,4
中央空调采暖新风系统,shopping,购物服务;购物相关场所;购物相关场所,金牛区,104.007267,30.691251,1
五湖酒水经营部,shopping,购物服务;专卖店;烟酒专卖店,金牛区,104.010343,30.691202,2
金耳朵商贸,shopping,购物服务;专卖店;烟酒专卖店,金牛区,104.013283,30.69439,4
火红干杂店,shopping,购物服务;便民商店/便利店;便民商店/便利店,金牛区,104.01244,30.692303,3
美丽织纺,shopping,购物服务;服装鞋帽皮具店;服装鞋帽皮具店,金牛区,104.008072,30.690123,23
源果堂(蜀辉路店),shopping,购物服务;综合市场;果品市场,青羊区,104.005305,30.697528,4
干货配送,shopping,购物服务;购物相关场所;购物相关场所,金牛区,104.01424,30.695074,8
信银和,shopping,购物服务;便民商店/便利店;便民商店/便利店,金牛区,104.005664,30.690508,4
合元素,shopping,购物服务;购物相关场所;购物相关场所,金牛区,104.010827,30.689874,6
阳光鲜果,shopping,购物服务;购物相关场所;购物相关场所,金牛区,104.013495,30.691405,1
建中爱心衣屋,shopping,购物服务;购物相关场所;购物相关场所,金牛区,104.01319,30.69032,1
逸轩文具(育苗南路),shopping,购物服务;文化用品店;文化用品店,金牛区,104.012379,30.69945,2
梦缘花卉,shopping,购物服务;花鸟鱼虫市场;花卉市场,青羊区,104.00679,30.691612,1
新成鲜花,shopping,购物服务;花鸟鱼虫市场;花卉市场,青羊区,104.005667,30.698809,1
狗狗乐园,shopping,购物服务;花鸟鱼虫市场;宠物市场,金牛区,104.008592,30.694719,1
一品副食店,shopping,购物服务;便民商店/便利店;便民商店/便利店,金牛区,104.020115,30.693981,1
一品商店,shopping,购物服务;便民商店/便利店;便民商店/便利店,金牛区,104.016986,30.695793,2
随钰,shopping,购物服务;专卖店;珠宝首饰工艺品,金牛区,104.01971,30.692845,12
心花怒放慢摇秀场,shopping,购物服务;购物相关场所;购物相关场所,金牛区,104.020906,30.693862,6
特意超市,shopping,购物服务;便民商店/便利店;便民商店/便利店,金牛区,104.020897,30.694601,1
小味道,shopping,购物服务;便民商店/便利店;便民商店/便利店,金牛区,104.017408,30.690116,39
顺好超市,shopping,购物服务;购物相关场所;购物相关场所,金牛区,104.015936,30.691997,10
德宝消防(蜀汉路),shopping,购物服务;专卖店;专营店,金牛区,104.017245,30.691807,1
尼博,shopping,购物服务;服装鞋帽皮具店;服装鞋帽皮具店,金牛区,104.022338,30.695445,8
薇特娜,shopping,购物服务;服装鞋帽皮具店;服装鞋帽皮具店,金牛区,104.015567,30.692722,9
鲜果飘香,shopping,购物服务;综合市场;果品市场,金牛区,104.01517,30.696181,5
鱼跃世家,shopping,购物服务;服装鞋帽皮具店;服装鞋帽皮具店,金牛区,104.022556,30.694626,2
依洋,shopping,购物服务;服装鞋帽皮具店;服装鞋帽皮具店,金牛区,104.02713,30.688797,844
女厕,shopping,购物服务;购物相关场所;购物相关场所,金牛区,104.021626,30.697514,3
大著风,shopping,购物服务;购物相关场所;购物相关场所,金牛区,104.023362,30.695029,6
幸福婚庆花艺37店,shopping,购物服务;花鸟鱼虫市场;花卉市场,金牛区,104.014043,30.693804,2
优尚品水果铺,shopping,购物服务;购物相关场所;购物相关场所,金牛区,104.023211,30.696258,4
源城酒水批发,shopping,购物服务;专卖店;烟酒专卖店,金牛区,104.022645,30.691635,5
花之缘(安蓉路店),shopping,购物服务;购物相关场所;购物相关场所,金牛区,104.023945,30.695862,7
宠功夫宠物生活馆,shopping,购物服务;专卖店;宠物用品店,金牛区,104.021539,30.690928,1
舒心酒水,shopping,购物服务;专卖店;烟酒专卖店,金牛区,104.019555,30.698964,3
宏园服饰租凭,shopping,购物服务;专卖店;专营店,金牛区,104.018312,30.689935,1
水果王子,shopping,购物服务;综合市场;果品市场,金牛区,104.023342,30.691192,3
劲浪体育(中环路一品天下大街段),shopping,购物服务;体育用品店;体育用品店,金牛区,104.022048,30.694086,1
一品天下,shopping,购物服务;特色商业街;特色商业街,金牛区,104.018347,30.691163,1
皇城花卉,shopping,购物服务;花鸟鱼虫市场;花卉市场,金牛区,104.0292,30.694292,4
小刘干货,shopping,购物服务;购物相关场所;购物相关场所,金牛区,104.028323,30.69354,3
蜀王干杂店,shopping,购物服务;便民商店/便利店;便民商店/便利店,金牛区,104.030364,30.693348,1
蔬菜基地,shopping,购物服务;购物相关场所;购物相关场所,金牛区,104.030162,30.692345,10
蔻拉,shopping,购物服务;服装鞋帽皮具店;服装鞋帽皮具店,金牛区,104.029587,30.696825,48
春天体育,shopping,购物服务;体育用品店;体育用品店,金牛区,104.031955,30.695396,15
巨民木艺根雕,shopping,购物服务;专卖店;珠宝首饰工艺品,金牛区,104.032539,30.694639,1
泉成汇,shopping,购物服务;购物相关场所;购物相关场所,金牛区,104.02479,30.695512,1
西域特产,shopping,购物服务;购物相关场所;购物相关场所,金牛区,104.025456,30.691468,9
顶峰水岸汇景蕊超市,shopping,购物服务;购物相关场所;购物相关场所,金牛区,104.031576,30.696951,1
影润花艺,shopping,购物服务;花鸟鱼虫市场;花卉市场,金牛区,104.032871,30.695737,4
斯达润滑油,shopping,购物服务;购物相关场所;购物相关场所,金牛区,104.033282,30.694131,1
海绵宝宝,shopping,购物服务;购物相关场所;购物相关场所,金牛区,104.025813,30.69796,4
千禧佳源,shopping,购物服务;购物相关场所;购物相关场所,金牛区,104.033652,30.69524,5
老板电器,shopping,购物服务;购物相关场所;购物相关场所,金牛区,104.024888,30.697548,9
香林水晶,shopping,购物服务;专卖店;珠宝首饰工艺品,金牛区,104.024124,30.696892,3
西西外岛,shopping,购物服务;购物相关场所;购物相关场所,金牛区,104.024684,30.689707,18
中国移动手机连锁(奥林社区服务站),shopping,购物服务;家电电子卖场;手机销售,金牛区,104.029908,30.694835,1
驴无忧户外俱乐部,shopping,购物服务;体育用品店;户外用品,金牛区,104.02751,30.69942,1
紫美鲜花店(4号分店),shopping,购物服务;花鸟鱼虫市场;花卉市场,金牛区,104.028099,30.698081,1
千里香鲜花,shopping,购物服务;花鸟鱼虫市场;花卉市场,金牛区,104.030872,30.697449,1
华亿惠佳超市(茶店子店),shopping,购物服务;超级市场;超市,金牛区,104.028706,30.698102,1
红旗超市(西域分场),shopping,购物服务;超级市场;超市,金牛区,104.024356,30.690541,1
贝特猫鲜花店(顶峰水岸汇景工作室),shopping,购物服务;花鸟鱼虫市场;花卉市场,金牛区,104.033247,30.697226,1
脚手架出租,shopping,购物服务;购物相关场所;购物相关场所,金牛区,104.038512,30.69421,5
goy,shopping,购物服务;购物相关场所;购物相关场所,金牛区,104.037451,30.695416,11
昊昊超市(营门口二店),shopping,购物服务;便民商店/便利店;便民商店/便利店,金牛区,104.037933,30.693477,1
宇洁副食,shopping,购物服务;便民商店/便利店;便民商店/便利店,金牛区,104.038723,30.693242,1
本库,shopping,购物服务;服装鞋帽皮具店;服装鞋帽皮具店,金牛区,104.03807,30.686231,873
益好副食店,shopping,购物服务;便民商店/便利店;便民商店/便利店,金牛区,104.037239,30.692869,1
春晓干杂,shopping,购物服务;便民商店/便利店;便民商店/便利店,金牛区,104.03775,30.692166,5
鸿泰超市,shopping,购物服务;购物相关场所;购物相关场所,金牛区,104.036352,30.693082,6
嘿麦德社区网上超市,shopping,购物服务;便民商店/便利店;便民商店/便利店,金牛区,104.037073,30.696291,1
果唯伊,shopping,购物服务;综合市场;果品市场,金牛区,104.041175,30.695004,7
壹加壹宠物生活馆,shopping,购物服务;专卖店;宠物用品店,金牛区,104.036147,30.696131,3
凯斯特服装,shopping,购物服务;专卖店;专营店,金牛区,104.034941,30.694078,7
韩瞒坊,shopping,购物服务;服装鞋帽皮具店;服装鞋帽皮具店,金牛区,104.036868,30.696848,4
香来尔,shopping,购物服务;服装鞋帽皮具店;服装鞋帽皮具店,金牛区,104.037246,30.697312,5
习酒,shopping,购物服务;专卖店;烟酒专卖店,金牛区,104.038596,30.697805,18
友盛果业,shopping,购物服务;综合市场;果品市场,金牛区,104.0361,30.696783,4
速龙车行,shopping,购物服务;购物相关场所;购物相关场所,金牛区,104.042112,30.692541,8
中达伞厂,shopping,购物服务;专卖店;专营店,金牛区,104.037097,30.691118,6
红袖,shopping,购物服务;服装鞋帽皮具店;品牌服装店,金牛区,104.042971,30.695788,115
金房苑干杂,shopping,购物服务;便民商店/便利店;便民商店/便利店,金牛区,104.034813,30.695699,1
蓝光矿泉水(光荣西路专营店),shopping,购物服务;专卖店;专营店,金牛区,104.03897,30.690711,1
杰雅服饰,shopping,购物服务;购物相关场所;购物相关场所,金牛区,104.034203,30.694808,1
义乌市吕莎电子商务商行,shopping,购物服务;购物相关场所;购物相关场所,金牛区,104.041965,30.692007,1
凉山果园,shopping,购物服务;综合市场;果品市场,金牛区,104.035078,30.697511,12
全能服务站,shopping,购物服务;购物相关场所;购物相关场所,金牛区,104.04321,30.693539,1
饕餮干杂店,shopping,购物服务;便民商店/便利店;便民商店/便利店,金牛区,104.043126,30.694634,2
老赵干杂,shopping,购物服务;专卖店;专营店,金牛区,104.035629,30.691511,1
欣汉派(营门口路),shopping,购物服务;服装鞋帽皮具店;服装鞋帽皮具店,金牛区,104.036962,30.690465,2
方平酒业,shopping,购物服务;专卖店;烟酒专卖店,金牛区,104.035097,30.689943,10
联合一百,shopping,购物服务;便民商店/便利店;便民商店/便利店,金牛区,104.035485,30.698584,2
红旗超市(金房苑横街便利店),shopping,购物服务;便民商店/便利店;便民商店/便利店,金牛区,104.035339,30.699226,1
朝阳朗香广场,shopping,购物服务;商场;购物中心,金牛区,104.042351,30.693518,1
五星电器(营门口店),shopping,购物服务;家电电子卖场;综合家电商场,金牛区,104.03998,30.694295,2
格兰仕四川营销中心,shopping,购物服务;家电电子卖场;家电电子卖场,金牛区,104.038545,30.69872,1
吉盟,shopping,购物服务;购物相关场所;购物相关场所,金牛区,104.047428,30.694176,339
中国集邮,shopping,购物服务;专卖店;专营店,金牛区,104.048619,30.695221,3
泓利机电,shopping,购物服务;专卖店;专营店,金牛区,104.048983,30.696492,8
零农残原生态食品博览中心,shopping,购物服务;购物相关场所;购物相关场所,金牛区,104.046982,30.693527,1
华为,shopping,购物服务;家电电子卖场;数码电子,金牛区,104.047532,30.696347,7
韩菲,shopping,购物服务;购物相关场所;购物相关场所,金牛区,104.051182,30.693749,36
红峰广材墙纸批发,shopping,购物服务;购物相关场所;购物相关场所,金牛区,104.0499,30.696276,1
坚果行动,shopping,购物服务;购物相关场所;购物相关场所,金牛区,104.045641,30.694817,2
博力多(西沙美景店),shopping,购物服务;超级市场;超市,金牛区,104.050235,30.696734,3
名品服饰,shopping,购物服务;服装鞋帽皮具店;服装鞋帽皮具店,金牛区,104.045836,30.693044,1
美幂,shopping,购物服务;服装鞋帽皮具店;服装鞋帽皮具店,金牛区,104.04496,30.693395,9
福格斯富氧吊顶,shopping,购物服务;购物相关场所;购物相关场所,金牛区,104.051102,30.696712,1
麓婴,shopping,购物服务;购物相关场所;购物相关场所,金牛区,104.052655,30.695743,26
京翔,shopping,购物服务;服装鞋帽皮具店;服装鞋帽皮具店,金牛区,104.049668,30.688583,188
米祖,shopping,购物服务;购物相关场所;购物相关场所,金牛区,104.052482,30.690451,143
心成鲜花,shopping,购物服务;花鸟鱼虫市场;花卉市场,金牛区,104.044358,30.694822,2
荷露雪,shopping,购物服务;购物相关场所;购物相关场所,金牛区,104.052345,30.692626,7
了了阁画廊,shopping,购物服务;购物相关场所;购物相关场所,金牛区,104.046068,30.691389,1
NIKE沙湾直营店,shopping,购物服务;购物相关场所;购物相关场所,金牛区,104.04424,30.693907,1
聚友书屋,shopping,购物服务;专卖店;书店,金牛区,104.053079,30.693578,6
开心果品,shopping,购物服务;专卖店;专营店,金牛区,104.044095,30.692874,10
蒙牛,shopping,购物服务;综合市场;农副产品市场,金牛区,104.046627,30.69006,47
兰漪轩,shopping,购物服务;购物相关场所;购物相关场所,金牛区,104.045842,30.690334,1
众乐干杂店,shopping,购物服务;购物相关场所;购物相关场所,金牛区,104.045188,30.690519,1
意乐副食店,shopping,购物服务;购物相关场所;购物相关场所,金牛区,104.045289,30.699,1
开业花篮(新店),shopping,购物服务;花鸟鱼虫市场;花卉市场,金牛区,104.053282,30.690301,1
建龙牌,shopping,购物服务;购物相关场所;购物相关场所,金牛区,104.061097,30.693844,219
胜杰木雕,shopping,购物服务;购物相关场所;购物相关场所,金牛区,104.058727,30.695327,6
洪发框线,shopping,购物服务;专卖店;专营店,金牛区,104.059568,30.69436,3
美而雅,shopping,购物服务;购物相关场所;购物相关场所,金牛区,104.059836,30.69626,43
平安木业,shopping,购物服务;购物相关场所;购物相关场所,金牛区,104.05863,30.692511,3
顺通管业经营部,shopping,购物服务;购物相关场所;购物相关场所,金牛区,104.059133,30.692126,1
邓皮匠,shopping,购物服务;购物相关场所;购物相关场所,金牛区,104.055564,30.695969,24
地毯批发,shopping,购物服务;购物相关场所;购物相关场所,金牛区,104.057189,30.696747,2
全兴商行,shopping,购物服务;专卖店;烟酒专卖店,金牛区,104.055459,30.694242,1
福特斯,shopping,购物服务;家电电子卖场;家电电子卖场,金牛区,104.062059,30.694007,10
松伟照明,shopping,购物服务;购物相关场所;购物相关场所,金牛区,104.062001,30.695143,3
韩绣,shopping,购物服务;购物相关场所;购物相关场所,金牛区,104.054538,30.695245,9
康同盛华商贸,shopping,购物服务;购物相关场所;购物相关场所,金牛区,104.057362,30.697349,1
龙门镇二号门,shopping,购物服务;购物相关场所;购物相关场所,金牛区,104.058473,30.691414,2
恒源兴,shopping,购物服务;专卖店;专营店,金牛区,104.060606,30.697875,64
品质生活体验,shopping,购物服务;购物相关场所;购物相关场所,金牛区,104.055008,30.69326,1
链家(天誉B店),shopping,购物服务;购物相关场所;购物相关场所,金牛区,104.055826,30.692092,1
正野电气,shopping,购物服务;家电电子卖场;家电电子卖场,金牛区,104.062117,30.692522,2
马明仁药膏铺,shopping,购物服务;购物相关场所;购物相关场所,金牛区,104.05465,30.696068,1
花坛小卖铺,shopping,购物服务;购物相关场所;购物相关场所,金牛区,104.062867,30.694546,1
爱德,shopping,购物服务;专卖店;专营店,金牛区,104.072942,30.692793,1998
小蒋副食店,shopping,购物服务;便民商店/便利店;便民商店/便利店,金牛区,104.055415,30.697667,8
mumei,shopping,购物服务;购物相关场所;购物相关场所,金牛区,104.061195,30.690956,1
唐家寺牛肉,shopping,购物服务;综合市场;农副产品市场,金牛区,104.060016,30.690708,11
NEITHR,shopping,购物服务;购物相关场所;购物相关场所,金牛区,104.059739,30.689718,4
红房子宠物美容,shopping,购物服务;专卖店;宠物用品店,金牛区,104.05526,30.690345,6
红酒佳人,shopping,购物服务;专卖店;烟酒专卖店,金牛区,104.054296,30.697732,2
好又鲜水果,shopping,购物服务;专卖店;专营店,金牛区,104.053842,30.690953,1
黎阳光鞋,shopping,购物服务;专卖店;专营店,金牛区,104.063511,30.689166,26
洪景汇,shopping,购物服务;购物相关场所;购物相关场所,金牛区,104.055154,30.6882,43
鲜美鲜花店,shopping,购物服务;花鸟鱼虫市场;花卉市场,金牛区,104.054902,30.694231,1
雷记干杂,shopping,购物服务;购物相关场所;购物相关场所,金牛区,104.062222,30.697324,1
红塔食品店,shopping,购物服务;购物相关场所;购物相关场所,金牛区,104.056312,30.69677,1
购铁道版图书,shopping,购物服务;购物相关场所;购物相关场所,金牛区,104.0676,30.692767,9
小不点童鞋,shopping,购物服务;购物相关场所;购物相关场所,金牛区,104.066725,30.69424,1
大光明眼镜(人北店),shopping,购物服务;专卖店;眼镜店,金牛区,104.070502,30.694244,2
金牛区首尚服装商贸部,shopping,购物服务;购物相关场所;购物相关场所,金牛区,104.067879,30.696114,1
威斯哥弟,shopping,购物服务;服装鞋帽皮具店;品牌服装店|购物服务;专卖店;专营店,金牛区,104.068808,30.696808,5
单身寝室,shopping,购物服务;购物相关场所;购物相关场所,金牛区,104.066449,30.692692,1
19元店,shopping,购物服务;购物相关场所;购物相关场所,金牛区,104.069412,30.697239,8
怜美内衣,shopping,购物服务;购物相关场所;购物相关场所,金牛区,104.071139,30.692238,2
托展油墨,shopping,购物服务;专卖店;专营店,金牛区,104.067026,30.691512,2
追银族,shopping,购物服务;专卖店;珠宝首饰工艺品,金牛区,104.070081,30.697517,13
隆兴,shopping,购物服务;便民商店/便利店;便民商店/便利店,金牛区,104.068224,30.697902,3
DAMING,shopping,购物服务;专卖店;眼镜店,金牛区,104.065272,30.697009,5
蒋姐时装店,shopping,购物服务;服装鞋帽皮具店;服装鞋帽皮具店,金牛区,104.069019,30.690535,10
永康生活馆,shopping,购物服务;购物相关场所;购物相关场所,金牛区,104.067466,30.690638,1
花之爱鲜花,shopping,购物服务;专卖店;专营店,金牛区,104.069979,30.690713,1
361度,shopping,购物服务;体育用品店;体育用品店,金牛区,104.071952,30.69721,8
赛家(城北客运中心店),shopping,购物服务;购物相关场所;购物相关场所,金牛区,104.064489,30.696402,1
万通食品超市(北门),shopping,购物服务;购物相关场所;购物相关场所,金牛区,104.071651,30.69769,1
海绵宝宝母婴店,shopping,购物服务;专卖店;儿童用品店,金牛区,104.067085,30.698596,1
旅途书店,shopping,购物服务;专卖店;书店,金牛区,104.071398,30.69904,6
天堂高压电,shopping,购物服务;购物相关场所;购物相关场所,金牛区,104.063708,30.697786,3
如君保健批发中心,shopping,购物服务;专卖店;专营店,金牛区,104.06382,30.698774,1
实惠超市(站西路),shopping,购物服务;便民商店/便利店;便民商店/便利店,金牛区,104.06816,30.698958,1
阳光平价超市(站西路),shopping,购物服务;便民商店/便利店;便民商店/便利店,金牛区,104.06904,30.698783,2
红旗超市(北站西一路便利店),shopping,购物服务;便民商店/便利店;便民商店/便利店,金牛区,104.06713,30.69811,1
互利超市(公交路店),shopping,购物服务;便民商店/便利店;便民商店/便利店,金牛区,104.0688,30.697997,1
温馨花店,shopping,购物服务;花鸟鱼虫市场;花卉市场,金牛区,104.063936,30.693144,1
食品超市茶饮(成都站),shopping,购物服务;超级市场;超市,金牛区,104.069938,30.698894,1
蓉北市场,shopping,购物服务;购物相关场所;购物相关场所,金牛区,104.066124,30.697486,1
三兴伞业,shopping,购物服务;专卖店;专营店,金牛区,104.078987,30.69601,1
鼎粮(田家巷店),shopping,购物服务;综合市场;农副产品市场,金牛区,104.080267,30.692682,4
贵人鸟体育(集晶大厦东),shopping,购物服务;体育用品店;体育用品店,金牛区,104.078256,30.697182,2
华西眼镜,shopping,购物服务;专卖店;眼镜店,金牛区,104.079951,30.697486,63
阿坝山货,shopping,购物服务;购物相关场所;购物相关场所,金牛区,104.081772,30.693567,6
合作社,shopping,购物服务;服装鞋帽皮具店;服装鞋帽皮具店,金牛区,104.076655,30.691611,1
水淋淋服装,shopping,购物服务;专卖店;专营店,金牛区,104.080598,30.691643,1
达海文具,shopping,购物服务;文化用品店;文化用品店,金牛区,104.077452,30.697646,4
帝洋,shopping,购物服务;服装鞋帽皮具店;服装鞋帽皮具店,金牛区,104.081565,30.691479,26
有喜商行,shopping,购物服务;购物相关场所;购物相关场所,金牛区,104.076881,30.690643,1
诚信商行(红花北路),shopping,购物服务;专卖店;烟酒专卖店,金牛区,104.083082,30.693327,1
格美工艺,shopping,购物服务;专卖店;珠宝首饰工艺品,金牛区,104.082226,30.69748,15
鑫新糖果(一品荷花店),shopping,购物服务;专卖店;专营店,金牛区,104.077348,30.698656,2
鲜肉,shopping,购物服务;购物相关场所;购物相关场所,金牛区,104.084572,30.690656,92
金荷花美博城,shopping,购物服务;商场;普通商场,金牛区,104.076691,30.690155,1
友谊,shopping,购物服务;便民商店/便利店;便民商店/便利店,金牛区,104.078666,30.690294,3
舞东风(荷花分店),shopping,购物服务;便民商店/便利店;便民商店/便利店,金牛区,104.081975,30.696505,1
胖哥淡水鱼,shopping,购物服务;综合市场;水产海鲜市场,金牛区,104.074657,30.697317,6
wowo便利店(高笋塘店),shopping,购物服务;便民商店/便利店;便民商店/便利店,金牛区,104.08257,30.696217,1
步森服饰,shopping,购物服务;购物相关场所;购物相关场所,金牛区,104.078962,30.693827,2
宏鑫超市(二环路北三段),shopping,购物服务;超级市场;超市,金牛区,104.075935,30.697596,1
舞东风(禾嘉利好分店),shopping,购物服务;便民商店/便利店;便民商店/便利店,金牛区,104.081392,30.698286,1
永杰通讯店(解放西路),shopping,购物服务;家电电子卖场;手机销售,金牛区,104.079479,30.689569,1
兴科通讯(二环路北三段),shopping,购物服务;家电电子卖场;手机销售,金牛区,104.081321,30.696638,1
花之缘,shopping,购物服务;花鸟鱼虫市场;花卉市场,金牛区,104.077348,30.691191,2
二妹蔬菜,shopping,购物服务;综合市场;蔬菜市场,金牛区,104.074766,30.698407,3
重庆切面,shopping,购物服务;综合市场;农副产品市场,金牛区,104.081329,30.694433,2
福田花艺(解放西路13号院西北),shopping,购物服务;花鸟鱼虫市场;花卉市场,金牛区,104.078775,30.692046,1
美婷之家(成都荷花池店),shopping,购物服务;综合市场;综合市场,金牛区,104.081573,30.695604,1
007Chain超市(红花店),shopping,购物服务;超级市场;超市,金牛区,104.082677,30.692742,1
育婴美,shopping,购物服务;购物相关场所;购物相关场所,金牛区,104.084349,30.695125,23
犀牛王,shopping,购物服务;服装鞋帽皮具店;服装鞋帽皮具店,金牛区,104.087506,30.694768,1
水果日杂,shopping,购物服务;便民商店/便利店;便民商店/便利店,金牛区,104.087141,30.693735,7
博仕莱,shopping,购物服务;专卖店;专营店,金牛区,104.08684,30.695148,8
海燕鲜花,shopping,购物服务;花鸟鱼虫市场;花卉市场,金牛区,104.087763,30.695906,3
淋浴房,shopping,购物服务;购物相关场所;购物相关场所,成华区,104.091233,30.693575,45
特大码鞋,shopping,购物服务;服装鞋帽皮具店;服装鞋帽皮具店,金牛区,104.088219,30.696858,13
成光文具,shopping,购物服务;购物相关场所;购物相关场所,金牛区,104.086821,30.69629,6
小罗传递干杂,shopping,购物服务;便民商店/便利店;便民商店/便利店,金牛区,104.086021,30.693316,3
CENTRP LITAN,shopping,购物服务;购物相关场所;购物相关场所,金牛区,104.090195,30.696433,1
华泰铝材,shopping,购物服务;购物相关场所;购物相关场所,成华区,104.091758,30.692489,13
百福康,shopping,购物服务;购物相关场所;购物相关场所,金牛区,104.085009,30.695901,7
邻居干杂,shopping,购物服务;便民商店/便利店;便民商店/便利店,金牛区,104.086001,30.696889,3
佳惠日杂,shopping,购物服务;购物相关场所;购物相关场所,金牛区,104.084011,30.692674,7
佛山好万年陶瓷,shopping,购物服务;购物相关场所;购物相关场所,金牛区,104.08489,30.696837,1
兴旺干杂,shopping,购物服务;便民商店/便利店;便民商店/便利店,金牛区,104.083671,30.694313,6
融鑫副食,shopping,购物服务;专卖店;烟酒专卖店,成华区,104.093,30.692908,8
长绿鲜花,shopping,购物服务;花鸟鱼虫市场;花卉市场,成华区,104.09027,30.698329,3
田之缘,shopping,购物服务;购物相关场所;购物相关场所,成华区,104.094131,30.693559,11
藏藏之农场驷马桥店,shopping,购物服务;综合市场;综合市场,成华区,104.092324,30.697761,5
军吉劳保伞,shopping,购物服务;专卖店;专营店,金牛区,104.083744,30.696312,1
湘竹花漆,shopping,购物服务;购物相关场所;购物相关场所,成华区,104.093111,30.69167,6
蓝光碧漫盯,shopping,购物服务;购物相关场所;购物相关场所,金牛区,104.086131,30.690072,1
仁和干杂,shopping,购物服务;便民商店/便利店;便民商店/便利店,成华区,104.091948,30.690344,8
上海床上用品临时展销大厅,shopping,购物服务;购物相关场所;购物相关场所,成华区,104.092931,30.697476,1
梦天姿,shopping,购物服务;购物相关场所;购物相关场所,金牛区,104.083618,30.6975,18
易碎商品,shopping,购物服务;购物相关场所;购物相关场所,金牛区,104.086913,30.689589,1
脚板,shopping,购物服务;服装鞋帽皮具店;服装鞋帽皮具店,成华区,104.08763,30.686145,350
七月制冷,shopping,购物服务;家电电子卖场;家电电子卖场,成华区,104.093125,30.690996,5
芳鑫超市,shopping,购物服务;购物相关场所;购物相关场所,成华区,104.092654,30.689976,1
天天鲜蔬菜店(驷马桥路),shopping,购物服务;综合市场;蔬菜市场,成华区,104.093051,30.698172,1
华西牛奶(李家沱配送中心),shopping,购物服务;综合市场;农副产品市场,成华区,104.09585,30.694602,1
完美,shopping,购物服务;购物相关场所;购物相关场所,成华区,104.094841,30.694424,12
清道夫清洁用品,shopping,购物服务;专卖店;专营店,成华区,104.095217,30.693641,2
庆龙凤,shopping,购物服务;购物相关场所;购物相关场所,成华区,104.103129,30.693269,5
水菓传,shopping,购物服务;购物相关场所;购物相关场所,成华区,104.101418,30.697568,3
黎明蓬垫,shopping,购物服务;专卖店;专营店,成华区,104.096535,30.698171,5
锦发食品,shopping,购物服务;购物相关场所;购物相关场所,成华区,104.101492,30.691032,5
瑞丰小卖部,shopping,购物服务;便民商店/便利店;便民商店/便利店,成华区,104.097958,30.69015,2
冬冬水族,shopping,购物服务;综合市场;综合市场,成华区,104.094361,30.697601,14
东丰篷布,shopping,购物服务;专卖店;专营店,成华区,104.095249,30.69821,2
剑牌台球桌(二环路北四段),shopping,购物服务;专卖店;专营店,成华区,104.096642,30.689795,1
金容超市,shopping,购物服务;便民商店/便利店;便民商店/便利店,成华区,104.097345,30.689462,4
EBOX易泊柜,shopping,购物服务;购物相关场所;购物相关场所,成华区,104.093497,30.696898,1
老鲜日杂店,shopping,购物服务;便民商店/便利店;便民商店/便利店,成华区,104.103216,30.697248,1
ODOIN,shopping,购物服务;购物相关场所;购物相关场所,成华区,104.095207,30.689593,5
粮农,shopping,购物服务;综合市场;农副产品市场,成华区,104.102929,30.689079,34
三丰干杂批发零售店,shopping,购物服务;购物相关场所;购物相关场所,成华区,104.093727,30.69835,1
富强冻品,shopping,购物服务;购物相关场所;购物相关场所,成华区,104.103458,30.689994,2
512国际广场,shopping,购物服务;商场;购物中心,成华区,104.094485,30.690913,1
爱心宠物寄养,shopping,购物服务;花鸟鱼虫市场;宠物市场,成华区,104.102075,30.691717,1
华岳钻探,shopping,购物服务;购物相关场所;购物相关场所,成华区,104.108795,30.694745,3
天海钻探物资,shopping,购物服务;购物相关场所;购物相关场所,成华区,104.109619,30.694135,1
鸿佳干杂店,shopping,购物服务;便民商店/便利店;便民商店/便利店,成华区,104.110102,30.693201,13
四川挚友众力体育,shopping,购物服务;购物相关场所;购物相关场所,成华区,104.107627,30.692887,1
川盐(八里庄店),shopping,购物服务;专卖店;专营店,成华区,104.106504,30.695733,1
世杰配件,shopping,购物服务;购物相关场所;购物相关场所,成华区,104.10576,30.695398,4
联合一百(锦都馨苑分店),shopping,购物服务;便民商店/便利店;便民商店/便利店,成华区,104.106953,30.69211,1
四川省地矿物资总公司,shopping,购物服务;专卖店;专营店,成华区,104.110543,30.69234,1
韵意,shopping,购物服务;购物相关场所;购物相关场所,成华区,104.109116,30.687123,590
成都针织品公司营销部,shopping,购物服务;购物相关场所;购物相关场所,成华区,104.109508,30.691678,1
天骄钻探物资,shopping,购物服务;专卖店;专营店,成华区,104.111355,30.692327,7
亚车电池,shopping,购物服务;购物相关场所;购物相关场所,成华区,104.10475,30.694228,3
家兴商店,shopping,购物服务;购物相关场所;购物相关场所,成华区,104.105834,30.696627,1
北大荒,shopping,购物服务;综合市场;农副产品市场,成华区,104.10412,30.695374,52
奥洛菲美赢通专卖店,shopping,购物服务;购物相关场所;购物相关场所,成华区,104.109832,30.691042,1
自强装饰,shopping,购物服务;购物相关场所;购物相关场所,成华区,104.104626,30.692186,3
成都消防,shopping,购物服务;购物相关场所;购物相关场所,成华区,104.11231,30.692264,2
89香盆盆(八里庄店),shopping,购物服务;购物相关场所;购物相关场所,成华区,104.109488,30.690587,2
节能炉具,shopping,购物服务;购物相关场所;购物相关场所,成华区,104.104867,30.697096,1
李二粮油干杂店,shopping,购物服务;便民商店/便利店;便民商店/便利店,成华区,104.111192,30.690347,5
世明文具,shopping,购物服务;购物相关场所;购物相关场所,成华区,104.103982,30.697679,5
安能ane,shopping,购物服务;购物相关场所;购物相关场所,成华区,104.113458,30.691346,5
成华区文锦建筑商店,shopping,购物服务;购物相关场所;购物相关场所,成华区,104.118054,30.691482,1
李姐便民超市,shopping,购物服务;购物相关场所;购物相关场所,成华区,104.116474,30.691061,1
星源玻璃,shopping,购物服务;购物相关场所;购物相关场所,成华区,104.114894,30.69123,46
宝兴玻璃,shopping,购物服务;购物相关场所;购物相关场所,成华区,104.114067,30.691065,4
篷布批发,shopping,购物服务;购物相关场所;购物相关场所,成华区,104.124964,30.694789,2
慧缘制冷,shopping,购物服务;专卖店;专营店,成华区,104.1375,30.691172,4
Brc Mart,shopping,购物服务;购物相关场所;购物相关场所,成华区,104.13725,30.694882,3
世家便利店,shopping,购物服务;便民商店/便利店;便民商店/便利店,成华区,104.136911,30.690591,3
谢家茶园,shopping,购物服务;专卖店;专营店,成华区,104.139543,30.696503,1
成华区盛康干杂店,shopping,购物服务;便民商店/便利店;便民商店/便利店,成华区,104.140257,30.696185,1
华宏超声波设备,shopping,购物服务;专卖店;专营店,成华区,104.147201,30.689712,1
七件事超市,shopping,购物服务;购物相关场所;购物相关场所,成华区,104.145524,30.693983,1
老邻居(华净路店),shopping,购物服务;购物相关场所;购物相关场所,成华区,104.145719,30.690541,1
机麻,shopping,购物服务;购物相关场所;购物相关场所,成华区,104.145219,30.691334,3
民兴果蔬,shopping,购物服务;综合市场;果品市场,成华区,104.146212,30.692782,1
人民牌蒸汽灶具,shopping,购物服务;购物相关场所;购物相关场所,成华区,104.153556,30.694003,2
潮隆酒店用品,shopping,购物服务;购物相关场所;购物相关场所,成华区,104.146345,30.691139,1
昆仑好客便利店(维斯顿酒店西),shopping,购物服务;便民商店/便利店;便民商店/便利店,成华区,104.160329,30.694263,1
固莱尔阳光板,shopping,购物服务;购物相关场所;购物相关场所,成华区,104.154618,30.694745,5
友佳超市(龙潭立交),shopping,购物服务;便民商店/便利店;便民商店/便利店,成华区,104.155793,30.696973,1
松下空调,shopping,购物服务;家电电子卖场;家电电子卖场,成华区,104.154252,30.695554,5
便民超市,shopping,购物服务;购物相关场所;购物相关场所,成华区,104.162767,30.696626,1
爱贝儿,shopping,购物服务;专卖店;儿童用品店,成华区,104.161837,30.698923,5
红旗超市(吉吉便利店),shopping,购物服务;超级市场;超市,成华区,104.1628,30.699267,1
红旗超市(成康路),shopping,购物服务;超级市场;超市,成华区,104.163226,30.698414,1
龙华居五金店,shopping,购物服务;购物相关场所;购物相关场所,成华区,104.160668,30.698505,1
富森美家居总部建材馆,shopping,购物服务;购物相关场所;购物相关场所,成华区,104.156342,30.695368,1
中叉连锁,shopping,购物服务;购物相关场所;购物相关场所,成华区,104.157298,30.696115,1
娜依,shopping,购物服务;服装鞋帽皮具店;服装鞋帽皮具店,成华区,104.170605,30.698093,58
成都计量,shopping,购物服务;购物相关场所;购物相关场所,成华区,104.165675,30.695399,1
红旗超市,shopping,购物服务;超级市场;超市,成华区,104.164662,30.696198,3
良品日记,shopping,购物服务;购物相关场所;购物相关场所,成华区,104.165888,30.697185,1
恒全商城网络运营中心,shopping,购物服务;购物相关场所;购物相关场所,成华区,104.165996,30.691456,1
华亿超市,shopping,购物服务;便民商店/便利店;便民商店/便利店,成华区,104.16845,30.698777,13
龙鼎堂商贸,shopping,购物服务;专卖店;烟酒专卖店,成华区,104.16373,30.695241,2
源富超市,shopping,购物服务;便民商店/便利店;便民商店/便利店,成华区,104.172633,30.697454,19
六合点杀,shopping,购物服务;综合市场;农副产品市场,成华区,104.165057,30.697948,12
芬怡,shopping,购物服务;购物相关场所;购物相关场所,成华区,104.164045,30.696789,2
老北京布鞋店,shopping,购物服务;专卖店;专营店,成华区,104.163865,30.697566,1
汇盛行烟酒,shopping,购物服务;专卖店;烟酒专卖店,成华区,104.164486,30.698568,2
眼轻松视光中心,shopping,购物服务;专卖店;眼镜店,成华区,104.163731,30.699083,5
宜佳超市(龙潭店),shopping,购物服务;超级市场;超市,成华区,104.165403,30.69607,1
龙潭寺富民电脑,shopping,购物服务;家电电子卖场;家电电子卖场,成华区,104.171836,30.696338,2
晴风电脑(龙潭总店),shopping,购物服务;家电电子卖场;数码电子,成华区,104.171161,30.696406,1
开业花蓝鲜花花束,shopping,购物服务;花鸟鱼虫市场;花卉市场,成华区,104.170139,30.693328,1
绿州鲜花,shopping,购物服务;花鸟鱼虫市场;花卉市场,成华区,104.164731,30.694649,1
帝雅家私,shopping,购物服务;购物相关场所;购物相关场所,成华区,104.180513,30.695554,1
风雅堂,shopping,购物服务;专卖店;专营店,成华区,104.179026,30.691203,1
金色农华,shopping,购物服务;购物相关场所;购物相关场所,成华区,104.182494,30.695947,1
格桑蔵尼,shopping,购物服务;购物相关场所;购物相关场所,成华区,104.179326,30.690763,1
一宜购超市,shopping,购物服务;便民商店/便利店;便民商店/便利店,成华区,104.174975,30.696803,3
红运超市(华翰路),shopping,购物服务;便民商店/便利店;便民商店/便利店,成华区,104.17662,30.698516,1
老北京布鞋,shopping,购物服务;服装鞋帽皮具店;品牌鞋店,成华区,104.181334,30.690768,2
双红超市(钢铁领域南),shopping,购物服务;便民商店/便利店;便民商店/便利店,成华区,104.174535,30.691524,1
鑫怡鑫超市,shopping,购物服务;便民商店/便利店;便民商店/便利店,成华区,104.180554,30.690112,1
80便利店(龙潭店),shopping,购物服务;便民商店/便利店;便民商店/便利店,成华区,104.180439,30.689505,1
成都保丰百利酒业有限公司,shopping,购物服务;专卖店;烟酒专卖店,成华区,104.181888,30.689789,1
逸轩文具,shopping,购物服务;文化用品店;文化用品店,成华区,104.174738,30.697591,1
四川盛世华都商贸有限公司,shopping,购物服务;服装鞋帽皮具店;服装鞋帽皮具店,成华区,104.182794,30.689582,1
诚诚超市,shopping,购物服务;购物相关场所;购物相关场所,成华区,104.176435,30.697005,1
勤丰建材,shopping,购物服务;购物相关场所;购物相关场所,成华区,104.177444,30.695596,1
康达酒水配送,shopping,购物服务;专卖店;烟酒专卖店,青羊区,103.96596,30.681217,2
厨卫总汇,shopping,购物服务;购物相关场所;购物相关场所,青羊区,103.97342,30.68137,1
馨华好实惠,shopping,购物服务;便民商店/便利店;便民商店/便利店,青羊区,103.966211,30.679824,2
百果鲜,shopping,购物服务;综合市场;果品市场,青羊区,103.973814,30.680261,27
红旗超市(乌衣路分场),shopping,购物服务;超级市场;超市,青羊区,103.966303,30.680389,1
厂家直销水泥制品,shopping,购物服务;购物相关场所;购物相关场所,青羊区,103.981497,30.685848,1
宠爱乐园,shopping,购物服务;专卖店;宠物用品店,青羊区,103.981856,30.682106,6
汪星球,shopping,购物服务;专卖店;宠物用品店,青羊区,103.982032,30.687383,9
缤纷,shopping,购物服务;购物相关场所;购物相关场所,青羊区,103.983086,30.68184,11
双林电脑,shopping,购物服务;家电电子卖场;数码电子,青羊区,103.98298,30.687827,7
10号弓箭俱乐部,shopping,购物服务;专卖店;专营店,青羊区,103.981962,30.688272,1
天友批发超市,shopping,购物服务;便民商店/便利店;便民商店/便利店,青羊区,103.974893,30.688202,1
狗狗窝,shopping,购物服务;专卖店;宠物用品店,青羊区,103.983431,30.680776,24
天益经营部,shopping,购物服务;便民商店/便利店;便民商店/便利店,青羊区,103.981874,30.680166,4
喜迎商贸,shopping,购物服务;便民商店/便利店;便民商店/便利店,青羊区,103.981851,30.679562,3
金忠,shopping,购物服务;综合市场;农副产品市场,青羊区,103.983456,30.678882,60
格力中央空调(清百路),shopping,购物服务;家电电子卖场;家电电子卖场,青羊区,103.983132,30.688833,1
顺豪电器,shopping,购物服务;家电电子卖场;家电电子卖场,青羊区,103.979628,30.681989,1
久久花坊(清百路),shopping,购物服务;花鸟鱼虫市场;花卉市场,青羊区,103.983018,30.689492,1
美加惠超市,shopping,购物服务;便民商店/便利店;便民商店/便利店,青羊区,103.98863,30.68465,2
天天果蔬,shopping,购物服务;综合市场;蔬菜市场,青羊区,103.990485,30.684847,10
董酒专卖店(蜀鑫路店),shopping,购物服务;购物相关场所;购物相关场所,青羊区,103.988206,30.683544,1
敏濠文化,shopping,购物服务;购物相关场所;购物相关场所,青羊区,103.989707,30.682897,1
永兴榨油坊,shopping,购物服务;购物相关场所;购物相关场所,青羊区,103.989183,30.686603,1
青云菜市,shopping,购物服务;综合市场;蔬菜市场,青羊区,103.99134,30.684344,3
晨阳油漆,shopping,购物服务;购物相关场所;购物相关场所,青羊区,103.989191,30.682177,9
易捷便利店(金辉路),shopping,购物服务;便民商店/便利店;便民商店/便利店,青羊区,103.990832,30.682475,1
淡生活公司,shopping,购物服务;购物相关场所;购物相关场所,青羊区,103.991366,30.686857,2
欣润佳便利店,shopping,购物服务;便民商店/便利店;便民商店/便利店,青羊区,103.9888,30.688638,4
清坡综合体,shopping,购物服务;购物相关场所;购物相关场所,青羊区,103.986314,30.680993,4
柏林超市(清波路),shopping,购物服务;便民商店/便利店;便民商店/便利店,青羊区,103.992928,30.686656,1
桶装水世界,shopping,购物服务;购物相关场所;购物相关场所,青羊区,103.98952,30.688851,1
愉景超市,shopping,购物服务;便民商店/便利店;便民商店/便利店,青羊区,103.988724,30.689198,2
阳光果业,shopping,购物服务;综合市场;果品市场,青羊区,103.985392,30.680504,11
复古车,shopping,购物服务;购物相关场所;购物相关场所,青羊区,103.994143,30.680314,8
中国世界,shopping,购物服务;购物相关场所;购物相关场所,青羊区,103.993737,30.678732,34
速易达,shopping,购物服务;购物相关场所;购物相关场所,青羊区,103.989945,30.683961,1
胡氏梦想空间超市,shopping,购物服务;综合市场;农副产品市场,青羊区,103.996975,30.685182,4
盛风电脑,shopping,购物服务;家电电子卖场;数码电子,青羊区,103.999838,30.686331,28
佰隆纱窗,shopping,购物服务;购物相关场所;购物相关场所,青羊区,103.999069,30.68321,3
蔓袅韩式半永久化妆体验馆,shopping,购物服务;购物相关场所;购物相关场所,青羊区,104.000871,30.684374,1
蓉发果业,shopping,购物服务;综合市场;果品市场,青羊区,104.00125,30.685543,2
绿水琴舍,shopping,购物服务;专卖店;专营店,青羊区,103.996545,30.686233,2
优米宠物,shopping,购物服务;专卖店;宠物用品店,青羊区,104.001815,30.684131,7
成人情趣,shopping,购物服务;购物相关场所;购物相关场所,青羊区,103.996383,30.681994,30
木莲缘,shopping,购物服务;购物相关场所;购物相关场所,青羊区,103.995725,30.685795,6
链家(金沙鹭岛店),shopping,购物服务;购物相关场所;购物相关场所,青羊区,104.001482,30.685976,2
子叶,shopping,购物服务;服装鞋帽皮具店;服装鞋帽皮具店,青羊区,104.002208,30.680368,165
时尚童年,shopping,购物服务;购物相关场所;购物相关场所,青羊区,104.000006,30.681887,1
木吉宠屋,shopping,购物服务;专卖店;宠物用品店,青羊区,104.002265,30.685621,3
黑猫警长,shopping,购物服务;购物相关场所;购物相关场所,青羊区,103.997245,30.687445,2
乐山周村鲜牛肉,shopping,购物服务;综合市场;农副产品市场,青羊区,104.000774,30.681956,1
阳光超市,shopping,购物服务;购物相关场所;购物相关场所,青羊区,103.995048,30.683084,2
墨饰居,shopping,购物服务;购物相关场所;购物相关场所,青羊区,104.002957,30.683608,1
花语印象,shopping,购物服务;购物相关场所;购物相关场所,青羊区,104.001402,30.68145,1
昆仑好客便利店(西三环路四段辅路),shopping,购物服务;便民商店/便利店;便民商店/便利店,青羊区,103.996435,30.688057,1
叁玖玖,shopping,购物服务;便民商店/便利店;便民商店/便利店,青羊区,104.003593,30.682953,8
玺鹊,shopping,购物服务;服装鞋帽皮具店;服装鞋帽皮具店,青羊区,103.996013,30.679589,28
卡兰(中大君悦店),shopping,购物服务;购物相关场所;购物相关场所,青羊区,103.99471,30.681036,1
昆仑好客便利店(华润·金悦湾东),shopping,购物服务;便民商店/便利店;便民商店/便利店,青羊区,103.994939,30.689263,1
七号电脑,shopping,购物服务;家电电子卖场;数码电子,青羊区,104.000963,30.687669,3
梦寻蝶恋花,shopping,购物服务;花鸟鱼虫市场;花卉市场,青羊区,103.999087,30.681441,1
红旗超市(金沙兰亭分场),shopping,购物服务;超级市场;超市,青羊区,104.002984,30.686825,1
桔子鲜花,shopping,购物服务;花鸟鱼虫市场;花卉市场,青羊区,103.999171,30.685173,1
红旗超市(金凤路分场),shopping,购物服务;超级市场;超市,青羊区,104.008161,30.685735,1
红旗超市(金泽路便利店),shopping,购物服务;超级市场;超市,青羊区,104.0075,30.685424,1
金沙酒窖,shopping,购物服务;专卖店;烟酒专卖店,青羊区,104.006563,30.684984,1
万橡国际酒庄(酒膳文化旗舰店),shopping,购物服务;专卖店;烟酒专卖店,青羊区,104.006586,30.685817,1
茶叶专卖,shopping,购物服务;专卖店;专营店,青羊区,104.008407,30.681695,6
高原农场(蜀风花园城南),shopping,购物服务;综合市场;农副产品市场,青羊区,104.004995,30.683758,1
实事求是,shopping,购物服务;购物相关场所;购物相关场所,青羊区,104.005439,30.681557,7
舞东风(金沙遗址分店),shopping,购物服务;便民商店/便利店;便民商店/便利店,青羊区,104.004096,30.684208,2
罗氏锁行,shopping,购物服务;购物相关场所;购物相关场所,青羊区,104.011796,30.681727,1
神沟九寨红,shopping,购物服务;专卖店;烟酒专卖店,青羊区,104.013481,30.682986,8
九江钓具,shopping,购物服务;专卖店;专营店,金牛区,104.009628,30.688522,2
釆轩,shopping,购物服务;服装鞋帽皮具店;服装鞋帽皮具店,青羊区,104.008418,30.679657,9
梦之旅日月之行,shopping,购物服务;购物相关场所;购物相关场所,青羊区,104.01214,30.680762,1
锦善超市,shopping,购物服务;便民商店/便利店;便民商店/便利店,青羊区,104.00392,30.681934,1
典藏,shopping,购物服务;服装鞋帽皮具店;品牌服装店,青羊区,104.00546,30.679302,62
眼魁,shopping,购物服务;购物相关场所;购物相关场所,金牛区,104.01191,30.688941,12
迷尚,shopping,购物服务;购物相关场所;购物相关场所,金牛区,104.012977,30.688236,12
三顾茗茶,shopping,购物服务;专卖店;专营店,青羊区,104.018882,30.684667,6
笛易佳,shopping,购物服务;服装鞋帽皮具店;服装鞋帽皮具店,青羊区,104.019603,30.683376,33
好妈妈,shopping,购物服务;购物相关场所;购物相关场所,青羊区,104.016903,30.684214,4
龙鑫,shopping,购物服务;服装鞋帽皮具店;服装鞋帽皮具店,青羊区,104.021588,30.683692,48
舍雅人茶,shopping,购物服务;专卖店;专营店,金牛区,104.019065,30.686386,33
宝亨通,shopping,购物服务;购物相关场所;购物相关场所,青羊区,104.016529,30.683342,3
考拉,shopping,购物服务;服装鞋帽皮具店;服装鞋帽皮具店,青羊区,104.020002,30.680729,129
木格堂,shopping,购物服务;购物相关场所;购物相关场所,青羊区,104.015436,30.682416,30
景庭茶业,shopping,购物服务;专卖店;专营店,青羊区,104.021455,30.682222,2
益民装饰,shopping,购物服务;购物相关场所;购物相关场所,金牛区,104.015999,30.687416,8
快车水果,shopping,购物服务;综合市场;果品市场,金牛区,104.017087,30.687684,1
开心礼物,shopping,购物服务;专卖店;礼品饰品店,青羊区,104.016882,30.680373,13
家和超市,shopping,购物服务;购物相关场所;购物相关场所,金牛区,104.018316,30.688229,1
依达,shopping,购物服务;服装鞋帽皮具店;服装鞋帽皮具店,金牛区,104.014677,30.687203,29
金牛晶晖副食店,shopping,购物服务;便民商店/便利店;便民商店/便利店,金牛区,104.023003,30.686792,1
成都强力制冷工程有限公司,shopping,购物服务;购物相关场所;购物相关场所,青羊区,104.02359,30.683332,1
黄忠奶屋,shopping,购物服务;综合市场;农副产品市场,金牛区,104.01669,30.688626,1
新兴石材,shopping,购物服务;购物相关场所;购物相关场所,青羊区,104.023084,30.682184,1
手机速修,shopping,购物服务;购物相关场所;购物相关场所,金牛区,104.01591,30.688346,5
家乐五金公司,shopping,购物服务;购物相关场所;购物相关场所,青羊区,104.016151,30.680209,1
快车水果店,shopping,购物服务;综合市场;果品市场,金牛区,104.013752,30.686816,1
锦西奶屋,shopping,购物服务;综合市场;农副产品市场,青羊区,104.014266,30.680943,19
名典时尚精品鞋店,shopping,购物服务;购物相关场所;购物相关场所,金牛区,104.018496,30.689405,1
张慧妹,shopping,购物服务;购物相关场所;购物相关场所,青羊区,104.017898,30.679324,6
大象系列安全门,shopping,购物服务;购物相关场所;购物相关场所,金牛区,104.014431,30.688457,1
玲珑韩式半永久纹眉,shopping,购物服务;购物相关场所;购物相关场所,金牛区,104.014421,30.688957,1
恒仁商贸,shopping,购物服务;专卖店;烟酒专卖店,金牛区,104.023066,30.689277,2
好家乡(同善桥店),shopping,购物服务;超级市场;超市,青羊区,104.02362,30.681199,2
玫瑰之约电动车,shopping,购物服务;体育用品店;户外用品,青羊区,104.01797,30.684146,1
独香,shopping,购物服务;服装鞋帽皮具店;服装鞋帽皮具店,金牛区,104.033484,30.681498,452
寻衣坊,shopping,购物服务;购物相关场所;购物相关场所,金牛区,104.02744,30.6833,8
金文聪服饰,shopping,购物服务;购物相关场所;购物相关场所,金牛区,104.028923,30.683013,1
科大硒粮超市,shopping,购物服务;购物相关场所;购物相关场所,金牛区,104.029038,30.686017,3
民生管道疏通,shopping,购物服务;购物相关场所;购物相关场所,金牛区,104.030423,30.684547,1
名典,shopping,购物服务;购物相关场所;购物相关场所,金牛区,104.027642,30.686163,1
易捷便利店(二环路西三段),shopping,购物服务;便民商店/便利店;便民商店/便利店,金牛区,104.02968,30.686413,1
乐善营养屋,shopping,购物服务;购物相关场所;购物相关场所,金牛区,104.02874,30.686753,4
缤月超市,shopping,购物服务;专卖店;烟酒专卖店,青羊区,104.027196,30.682405,6
哇哦(泰峰店),shopping,购物服务;购物相关场所;购物相关场所,金牛区,104.026759,30.686453,1
特惠通讯店,shopping,购物服务;家电电子卖场;手机销售,金牛区,104.027968,30.687263,6
蜀兵铝业,shopping,购物服务;购物相关场所;购物相关场所,青羊区,104.025874,30.682128,3
邻和副食店,shopping,购物服务;专卖店;烟酒专卖店,青羊区,104.026876,30.681493,1
紫秀,shopping,购物服务;服装鞋帽皮具店;服装鞋帽皮具店,青羊区,104.024798,30.676751,541
娥皇服饰,shopping,购物服务;服装鞋帽皮具店;品牌服装店,青羊区,104.024821,30.682137,5
长和超市,shopping,购物服务;购物相关场所;购物相关场所,金牛区,104.029759,30.688451,1
铁建副食店,shopping,购物服务;便民商店/便利店;便民商店/便利店,青羊区,104.025084,30.680827,2
舞东风超市(同善桥店),shopping,购物服务;便民商店/便利店;便民商店/便利店,青羊区,104.02396,30.681976,2
人人车行,shopping,购物服务;专卖店;自行车专卖店,青羊区,104.024381,30.680962,1
莪眉雪芽(清溪东路),shopping,购物服务;专卖店;专营店,青羊区,104.023956,30.680009,1
致远电脑(二环路西三段),shopping,购物服务;家电电子卖场;数码电子,金牛区,104.03315,30.689347,2
好家庭(二环路西二段),shopping,购物服务;体育用品店;体育用品店,青羊区,104.025349,30.68176,1
爱之裳鲜花(化成街店),shopping,购物服务;花鸟鱼虫市场;花卉市场,金牛区,104.030358,30.688743,1
美韵化妆品香水专卖,shopping,购物服务;个人用品/化妆品店;其它个人用品店,金牛区,104.024456,30.687727,1
阿坝特产,shopping,购物服务;购物相关场所;购物相关场所,金牛区,104.038718,30.684524,3
徕卡,shopping,购物服务;家电电子卖场;家电电子卖场,金牛区,104.042074,30.685928,100
春语书香,shopping,购物服务;专卖店;书店,金牛区,104.041982,30.684386,6
福中干杂,shopping,购物服务;专卖店;烟酒专卖店,金牛区,104.035298,30.685748,6
琴南奶屋,shopping,购物服务;综合市场;农副产品市场,金牛区,104.038869,30.681214,3
充电点(青羊供电局店),shopping,购物服务;购物相关场所;购物相关场所,金牛区,104.04233,30.683681,1
果子熟了,shopping,购物服务;综合市场;果品市场,金牛区,104.034894,30.683385,1
老来乐,shopping,购物服务;购物相关场所;购物相关场所,金牛区,104.03429,30.686405,4
英华美家,shopping,购物服务;购物相关场所;购物相关场所,金牛区,104.043115,30.683794,5
粮油干杂,shopping,购物服务;综合市场;农副产品市场,金牛区,104.033876,30.68429,1
桶装水,shopping,购物服务;购物相关场所;购物相关场所,金牛区,104.037956,30.680376,2
成都豌豆户外俱乐部,shopping,购物服务;购物相关场所;购物相关场所,金牛区,104.033857,30.683355,1
老李文玩工作室,shopping,购物服务;购物相关场所;购物相关场所,金牛区,104.042605,30.68204,1
熊猫故事,shopping,购物服务;购物相关场所;购物相关场所,金牛区,104.043584,30.686556,8
米可,shopping,购物服务;专卖店;礼品饰品店,金牛区,104.042967,30.688235,30
农家蔬菜行,shopping,购物服务;购物相关场所;购物相关场所,金牛区,104.042354,30.680628,4
顺发酒水,shopping,购物服务;专卖店;烟酒专卖店,金牛区,104.043102,30.68932,1
千宝网,shopping,购物服务;专卖店;专营店,金牛区,104.043641,30.67974,8
二洋文具,shopping,购物服务;文化用品店;文化用品店,金牛区,104.04191,30.683202,4
苹果零售店(成都西门店),shopping,购物服务;家电电子卖场;数码电子,金牛区,104.037829,30.68795,1
便民干杂,shopping,购物服务;购物相关场所;购物相关场所,金牛区,104.043584,30.681716,2
九牧,shopping,购物服务;购物相关场所;购物相关场所,金牛区,104.046092,30.685663,114
兴发鱼具,shopping,购物服务;专卖店;专营店,金牛区,104.050203,30.684805,6
好朋友,shopping,购物服务;购物相关场所;购物相关场所,金牛区,104.046792,30.684284,1
桐PARASOL CAFE,shopping,购物服务;专卖店;专营店,金牛区,104.04642,30.684981,1
蒙静茶叶,shopping,购物服务;专卖店;专营店,金牛区,104.046056,30.684094,4
玉兰油,shopping,购物服务;个人用品/化妆品店;其它个人用品店,金牛区,104.049412,30.686389,13
江雁茗茶,shopping,购物服务;专卖店;专营店,金牛区,104.050905,30.683749,1
舒客超市,shopping,购物服务;便民商店/便利店;便民商店/便利店,金牛区,104.046736,30.681883,7
民乐日用品干杂店,shopping,购物服务;便民商店/便利店;便民商店/便利店,金牛区,104.049276,30.68188,1
模工坊,shopping,购物服务;专卖店;专营店,金牛区,104.050887,30.682228,13
花小奶屋,shopping,购物服务;综合市场;农副产品市场,金牛区,104.045306,30.68288,6
启博科技,shopping,购物服务;购物相关场所;购物相关场所,金牛区,104.048541,30.687358,1
热缩冷缩材料总汇,shopping,购物服务;购物相关场所;购物相关场所,金牛区,104.046771,30.68722,2
臭皮匠鞋艺,shopping,购物服务;专卖店;专营店,金牛区,104.05031,30.681144,2
榜样,shopping,购物服务;服装鞋帽皮具店;服装鞋帽皮具店,金牛区,104.046329,30.680639,70
水果铺,shopping,购物服务;购物相关场所;购物相关场所,金牛区,104.048923,30.680742,1
成都星宇机电设备工程有限公司,shopping,购物服务;专卖店;专营店,金牛区,104.052893,30.684308,1
爱琳,shopping,购物服务;服装鞋帽皮具店;服装鞋帽皮具店,金牛区,104.056519,30.68237,225
美丽心情,shopping,购物服务;购物相关场所;购物相关场所,金牛区,104.044456,30.682442,1
消防控制室,shopping,购物服务;购物相关场所;购物相关场所,金牛区,104.050241,30.68061,6
茶韵,shopping,购物服务;便民商店/便利店;便民商店/便利店,金牛区,104.052762,30.676143,786
包谷猪,shopping,购物服务;综合市场;农副产品市场,金牛区,104.048209,30.689042,8
机麻,shopping,购物服务;购物相关场所;购物相关场所,金牛区,104.047472,30.688913,1
对话科技(马家花园店),shopping,购物服务;购物相关场所;购物相关场所,金牛区,104.05302,30.681687,3
古玩,shopping,购物服务;专卖店;古玩字画店,金牛区,104.05257,30.680752,22
腾云干杂,shopping,购物服务;便民商店/便利店;便民商店/便利店,金牛区,104.044164,30.687626,3
小区烟酒店,shopping,购物服务;购物相关场所;购物相关场所,金牛区,104.047239,30.689322,1
绵竹散酒,shopping,购物服务;专卖店;烟酒专卖店,金牛区,104.044634,30.68034,2
依燕,shopping,购物服务;服装鞋帽皮具店;服装鞋帽皮具店,金牛区,104.054067,30.680728,11
留香鲜花花艺,shopping,购物服务;花鸟鱼虫市场;花卉市场,金牛区,104.052242,30.686298,1
方心干杂店,shopping,购物服务;便民商店/便利店;便民商店/便利店,金牛区,104.058377,30.685033,3
金牛区文何干杂店,shopping,购物服务;便民商店/便利店;便民商店/便利店,金牛区,104.05656,30.684281,1
光韵茶庄,shopping,购物服务;购物相关场所;购物相关场所,金牛区,104.057525,30.686227,6
可可纳特,shopping,购物服务;购物相关场所;购物相关场所,青羊区,104.06116,30.683997,1
投标书装帧中心,shopping,购物服务;购物相关场所;购物相关场所,金牛区,104.058773,30.68698,1
圣米亚,shopping,购物服务;购物相关场所;购物相关场所,金牛区,104.057177,30.687217,11
金迪摄影器材经营部,shopping,购物服务;购物相关场所;购物相关场所,金牛区,104.061165,30.686167,1
成都铁道标准书店,shopping,购物服务;专卖店;书店,金牛区,104.055403,30.685871,1
子芸茶行,shopping,购物服务;购物相关场所;购物相关场所,青羊区,104.059748,30.681513,1
阿明干杂,shopping,购物服务;便民商店/便利店;便民商店/便利店,金牛区,104.054969,30.686178,1
女人坊,shopping,购物服务;服装鞋帽皮具店;服装鞋帽皮具店,金牛区,104.060712,30.688102,54
德祥农场直销店,shopping,购物服务;综合市场;农副产品市场,金牛区,104.057232,30.688152,1
营兴时装,shopping,购物服务;购物相关场所;购物相关场所,青羊区,104.058769,30.680334,2
居家服务一八店,shopping,购物服务;专卖店;专营店,青羊区,104.059273,30.680166,1
小屋干杂,shopping,购物服务;便民商店/便利店;便民商店/便利店,金牛区,104.062492,30.686841,4
汇林纸业,shopping,购物服务;专卖店;专营店,金牛区,104.063488,30.686418,6
唯旺干杂店,shopping,购物服务;便民商店/便利店;便民商店/便利店,青羊区,104.058424,30.679844,2
专卖糖尿病食品(天安西北桥店),shopping,购物服务;专卖店;专营店,金牛区,104.061975,30.688149,1
欣盛商贸,shopping,购物服务;便民商店/便利店;便民商店/便利店,金牛区,104.060648,30.689224,1
佳雪儿,shopping,购物服务;服装鞋帽皮具店;服装鞋帽皮具店,青羊区,104.055855,30.679549,8
霖丰副食,shopping,购物服务;便民商店/便利店;便民商店/便利店,金牛区,104.06347,30.687575,1
五星金六福,shopping,购物服务;购物相关场所;购物相关场所,青羊区,104.054466,30.679313,5
红旗超市(西体路),shopping,购物服务;超级市场;超市,金牛区,104.059506,30.683657,1
金熊石,shopping,购物服务;专卖店;专营店,金牛区,104.066748,30.686224,91
佑康商行,shopping,购物服务;购物相关场所;购物相关场所,金牛区,104.069642,30.684342,2
农夫果业,shopping,购物服务;购物相关场所;购物相关场所,金牛区,104.067033,30.683593,35
名烟名酒,shopping,购物服务;专卖店;烟酒专卖店,金牛区,104.070906,30.684474,21
购森林(旗舰店),shopping,购物服务;购物相关场所;购物相关场所,金牛区,104.070104,30.683199,3
得宝斋,shopping,购物服务;专卖店;珠宝首饰工艺品,金牛区,104.070596,30.686346,40
垒鑫芸,shopping,购物服务;购物相关场所;购物相关场所,金牛区,104.067584,30.682442,7
胜利礼品,shopping,购物服务;专卖店;专营店,金牛区,104.07,30.682673,2
超威电池,shopping,购物服务;购物相关场所;购物相关场所,金牛区,104.065364,30.684459,7
苏活龙脑,shopping,购物服务;购物相关场所;购物相关场所,金牛区,104.069011,30.681803,1
四海通讯,shopping,购物服务;家电电子卖场;手机销售,金牛区,104.065717,30.685416,1
际华(星辉西路),shopping,购物服务;服装鞋帽皮具店;服装鞋帽皮具店,金牛区,104.070265,30.681934,3
青山纸业,shopping,购物服务;专卖店;专营店,金牛区,104.068953,30.681309,1
精一电子,shopping,购物服务;专卖店;儿童用品店,金牛区,104.07239,30.684438,3
德丰顺,shopping,购物服务;专卖店;专营店,金牛区,104.066302,30.687986,21
先勇商店,shopping,购物服务;专卖店;烟酒专卖店|购物服务;便民商店/便利店;便民商店/便利店,金牛区,104.071091,30.681299,6
博爱书屋,shopping,购物服务;专卖店;专营店,金牛区,104.064315,30.684898,2
百合鲜花坊(金牛万达百合店),shopping,购物服务;专卖店;专营店,金牛区,104.070221,30.687692,1
小黑板,shopping,购物服务;购物相关场所;购物相关场所,青羊区,104.064768,30.682354,4
朵薇,shopping,购物服务;购物相关场所;购物相关场所,青羊区,104.069,30.679543,119
三苏矿泉水站,shopping,购物服务;购物相关场所;购物相关场所,金牛区,104.071947,30.686828,1
利达印刷器材经营部,shopping,购物服务;购物相关场所;购物相关场所,金牛区,104.064549,30.686472,1
众信,shopping,购物服务;家电电子卖场;数码电子,金牛区,104.075914,30.681838,694
永升月历,shopping,购物服务;购物相关场所;购物相关场所,金牛区,104.063832,30.685433,4
科盾试验仪器,shopping,购物服务;专卖店;专营店,金牛区,104.071498,30.68781,1
青龙防水,shopping,购物服务;购物相关场所;购物相关场所,金牛区,104.072204,30.681365,2
鲜果香水果店,shopping,购物服务;专卖店;专营店,金牛区,104.066521,30.688859,1
文轩格调书吧,shopping,购物服务;购物相关场所;购物相关场所,金牛区,104.069872,30.689349,1
莉莉花屋,shopping,购物服务;花鸟鱼虫市场;花卉市场,金牛区,104.069687,30.685043,1
元园食品,shopping,购物服务;便民商店/便利店;便民商店/便利店,青羊区,104.0662,30.681802,1
天天鲜果店,shopping,购物服务;综合市场;果品市场,金牛区,104.06852,30.689277,1
诚信副食,shopping,购物服务;便民商店/便利店;便民商店/便利店,金牛区,104.06746,30.689261,1
铭记干杂店,shopping,购物服务;便民商店/便利店;便民商店/便利店,金牛区,104.067009,30.688559,1
刘丽萍干杂店,shopping,购物服务;便民商店/便利店;便民商店/便利店,金牛区,104.069561,30.683831,1
千辉超市,shopping,购物服务;购物相关场所;购物相关场所,金牛区,104.064736,30.684283,1
飞达广场,shopping,购物服务;购物相关场所;购物相关场所,金牛区,104.078892,30.683728,2
上发音像,shopping,购物服务;专卖店;音像店,金牛区,104.079301,30.685039,1
热点,shopping,购物服务;专卖店;礼品饰品店,金牛区,104.078658,30.685739,21
飞大日本语,shopping,购物服务;购物相关场所;购物相关场所,金牛区,104.079926,30.684443,2
苏泊尔,shopping,购物服务;家电电子卖场;家电电子卖场,金牛区,104.079908,30.68522,3
利成商贸,shopping,购物服务;专卖店;烟酒专卖店,金牛区,104.081057,30.684294,6
回力(顺沙巷),shopping,购物服务;体育用品店;体育用品店,金牛区,104.077241,30.686321,13
四川特产,shopping,购物服务;购物相关场所;购物相关场所,金牛区,104.079113,30.682218,2
鹏程食品(互助路店),shopping,购物服务;购物相关场所;购物相关场所,金牛区,104.080202,30.686398,1
明珠国际酒店-精品商场,shopping,购物服务;专卖店;专营店,金牛区,104.081377,30.685021,1
卓恒茶酒商行,shopping,购物服务;专卖店;专营店|购物服务;便民商店/便利店;便民商店/便利店,金牛区,104.081158,30.685953,3
蔬菜区,shopping,购物服务;购物相关场所;购物相关场所,金牛区,104.079236,30.688095,92
佳珍内衣,shopping,购物服务;购物相关场所;购物相关场所,金牛区,104.082349,30.684579,8
中国电信天冀手机卖场,shopping,购物服务;家电电子卖场;家电电子卖场,金牛区,104.081964,30.683992,1
黄记干杂店,shopping,购物服务;购物相关场所;购物相关场所,金牛区,104.077349,30.687542,3
不干胶,shopping,购物服务;购物相关场所;购物相关场所,金牛区,104.08085,30.686879,1
袋鼠皮具营销中心,shopping,购物服务;购物相关场所;购物相关场所,金牛区,104.082171,30.685276,1
李姐干杂店,shopping,购物服务;购物相关场所;购物相关场所,金牛区,104.074799,30.685452,1
防盗锁,shopping,购物服务;购物相关场所;购物相关场所,金牛区,104.081865,30.686811,6
素容干杂,shopping,购物服务;购物相关场所;购物相关场所,金牛区,104.075881,30.68728,1
省又多,shopping,购物服务;购物相关场所;购物相关场所,金牛区,104.076421,30.688034,1
Valwel珍好服饰,shopping,购物服务;专卖店;专营店,金牛区,104.083015,30.682865,1
小五金干杂,shopping,购物服务;购物相关场所;购物相关场所,金牛区,104.082012,30.681477,1
金港首饰,shopping,购物服务;专卖店;珠宝首饰工艺品,金牛区,104.081514,30.688037,4
茂林服饰,shopping,购物服务;购物相关场所;购物相关场所,金牛区,104.082184,30.687472,2
雅乐美,shopping,购物服务;购物相关场所;购物相关场所,金牛区,104.081802,30.680509,4
在流浪中辉煌,shopping,购物服务;购物相关场所;购物相关场所,金牛区,104.077014,30.689015,3
蔬菜专卖,shopping,购物服务;购物相关场所;购物相关场所,金牛区,104.074997,30.68827,2
成都光机电测绘仪器有限公司(一环路北三段),shopping,购物服务;专卖店;专营店,金牛区,104.074162,30.687337,1
金牛区雷海电器经营部,shopping,购物服务;购物相关场所;购物相关场所,金牛区,104.073586,30.681686,1
北富森建才馆,shopping,购物服务;购物相关场所;购物相关场所,金牛区,104.08303,30.681095,2
老王清雅茶铺,shopping,购物服务;专卖店;专营店,金牛区,104.081093,30.689306,1
风专卖,shopping,购物服务;购物相关场所;购物相关场所,金牛区,104.082648,30.678938,45
心心相印,shopping,购物服务;花鸟鱼虫市场;花卉市场,金牛区,104.080875,30.687656,3
小李冻品,shopping,购物服务;超级市场;超市,金牛区,104.079662,30.686558,2
正大鸡蛋,shopping,购物服务;综合市场;农副产品市场,金牛区,104.07554,30.689147,1
休闲包,shopping,购物服务;服装鞋帽皮具店;服装鞋帽皮具店,金牛区,104.083302,30.683811,1
轻工厅木工房,shopping,购物服务;购物相关场所;购物相关场所,金牛区,104.074342,30.6845,1
人人乐沙湾店,shopping,购物服务;购物相关场所;购物相关场所,金牛区,104.080592,30.685444,1
SZ,shopping,购物服务;服装鞋帽皮具店;服装鞋帽皮具店,金牛区,104.087053,30.686408,1
谷其,shopping,购物服务;服装鞋帽皮具店;服装鞋帽皮具店,成华区,104.091631,30.684433,6
神恋,shopping,购物服务;购物相关场所;购物相关场所,成华区,104.090186,30.681974,14
糖果屋,shopping,购物服务;购物相关场所;购物相关场所,金牛区,104.0889,30.680739,10
拜尔润滑油,shopping,购物服务;购物相关场所;购物相关场所,金牛区,104.085147,30.684402,1
美多福,shopping,购物服务;专卖店;宠物用品店,成华区,104.09214,30.68538,20
鲜果帮,shopping,购物服务;综合市场;果品市场,成华区,104.091955,30.683126,20
博士伦,shopping,购物服务;专卖店;眼镜店,金牛区,104.085742,30.680566,121
老郎酒,shopping,购物服务;专卖店;烟酒专卖店,成华区,104.091147,30.686681,10
锦江区魅力美妆化妆品商贸部,shopping,购物服务;购物相关场所;购物相关场所,金牛区,104.087175,30.687561,1
创维,shopping,购物服务;家电电子卖场;家电电子卖场,金牛区,104.08387,30.683239,15
丹青玉石,shopping,购物服务;专卖店;珠宝首饰工艺品,成华区,104.090267,30.680808,4
山村土产,shopping,购物服务;购物相关场所;购物相关场所,成华区,104.092874,30.684015,7
七波辉,shopping,购物服务;购物相关场所;购物相关场所,金牛区,104.084154,30.684525,2
春芳副食店,shopping,购物服务;便民商店/便利店;便民商店/便利店,金牛区,104.08982,30.688252,12
鑫泰兴酒业(泰兴路旗舰店),shopping,购物服务;专卖店;烟酒专卖店,成华区,104.091077,30.687606,1
鞋贵,shopping,购物服务;购物相关场所;购物相关场所,成华区,104.092563,30.681225,210
小付干杂店,shopping,购物服务;购物相关场所;购物相关场所,金牛区,104.085231,30.68742,7
粤品荟,shopping,购物服务;服装鞋帽皮具店;服装鞋帽皮具店,成华区,104.090865,30.680528,1
好街坊(黄金校区理工店),shopping,购物服务;专卖店;珠宝首饰工艺品,成华区,104.093028,30.686286,1
1919酒类直供超市(三友路店),shopping,购物服务;专卖店;烟酒专卖店,成华区,104.090701,30.688407,1
王者酒业,shopping,购物服务;专卖店;烟酒专卖店,金牛区,104.090423,30.679449,12
梵妳卡波,shopping,购物服务;服装鞋帽皮具店;服装鞋帽皮具店,金牛区,104.084844,30.680967,1
许氏鲜肉,shopping,购物服务;综合市场;农副产品市场,金牛区,104.087417,30.679824,1
金忠肉业(马鞍店),shopping,购物服务;综合市场;农副产品市场,金牛区,104.087953,30.679675,1
30Day Show女人最爱,shopping,购物服务;购物相关场所;购物相关场所,金牛区,104.089819,30.689146,1
龙之盛篁,shopping,购物服务;购物相关场所;购物相关场所,金牛区,104.090844,30.689172,6
四妹干杂,shopping,购物服务;便民商店/便利店;便民商店/便利店,金牛区,104.087814,30.678783,15
满天星鲜花花艺,shopping,购物服务;花鸟鱼虫市场;花卉市场,金牛区,104.083773,30.680083,1
红旗超市(阳光嘉苑分场),shopping,购物服务;超级市场;超市,成华区,104.090855,30.682999,1
余姚市天猫电器,shopping,购物服务;家电电子卖场;家电电子卖场,成华区,104.088108,30.681835,2
舞东风(马鞍山路分店),shopping,购物服务;便民商店/便利店;便民商店/便利店,金牛区,104.083872,30.684028,2
福蓓轩小卖部,shopping,购物服务;便民商店/便利店;便民商店/便利店,金牛区,104.086198,30.685026,1
桂荣干杂,shopping,购物服务;便民商店/便利店;便民商店/便利店,金牛区,104.084659,30.684739,1
转角超市,shopping,购物服务;购物相关场所;购物相关场所,金牛区,104.089677,30.679434,1
爱买菜,shopping,购物服务;综合市场;农副产品市场,成华区,104.098836,30.684906,8
心成鲜花,shopping,购物服务;花鸟鱼虫市场;花卉市场,成华区,104.098359,30.683847,7
1618酒业,shopping,购物服务;专卖店;烟酒专卖店,成华区,104.097172,30.684364,4
燕燕花艺,shopping,购物服务;花鸟鱼虫市场;花卉市场,成华区,104.097112,30.685327,7
舞东风(沙河新城分店),shopping,购物服务;便民商店/便利店;便民商店/便利店,成华区,104.097616,30.686033,2
兰兰果园,shopping,购物服务;购物相关场所;购物相关场所,成华区,104.099609,30.68642,6
每日鲜果源,shopping,购物服务;购物相关场所;购物相关场所,成华区,104.100818,30.685173,5
瓜嘻嘻,shopping,购物服务;综合市场;果品市场,成华区,104.100957,30.683452,7
优客龙,shopping,购物服务;购物相关场所;购物相关场所,成华区,104.098374,30.687147,9
钡匙汇,shopping,购物服务;购物相关场所;购物相关场所,成华区,104.101637,30.684415,13
朝阳果业,shopping,购物服务;购物相关场所;购物相关场所,成华区,104.098672,30.681324,13
BEFORE,shopping,购物服务;服装鞋帽皮具店;服装鞋帽皮具店,成华区,104.101667,30.683268,1
水果铺,shopping,购物服务;购物相关场所;购物相关场所,成华区,104.102115,30.682379,5
靓诗丽,shopping,购物服务;购物相关场所;购物相关场所,成华区,104.101547,30.686819,2
鲁能换油中心,shopping,购物服务;专卖店;专营店,成华区,104.102856,30.6844,1
揽月阁,shopping,购物服务;商场;购物中心,成华区,104.103127,30.686031,32
申氏锁具批发,shopping,购物服务;专卖店;专营店,成华区,104.097812,30.688417,4
巷巷鲜果,shopping,购物服务;综合市场;果品市场,成华区,104.093854,30.68544,4
昆仑好客便利店(二环路东一段),shopping,购物服务;便民商店/便利店;便民商店/便利店,成华区,104.103074,30.683369,1
亿韩半永久定妆,shopping,购物服务;购物相关场所;购物相关场所,成华区,104.101075,30.68767,2
三瑞胶体电池,shopping,购物服务;购物相关场所;购物相关场所,成华区,104.100098,30.680346,2
星女王,shopping,购物服务;购物相关场所;购物相关场所,成华区,104.103927,30.684722,10
1+1美廉超市,shopping,购物服务;便民商店/便利店;便民商店/便利店,成华区,104.097066,30.68874,2
燕子便利店(府青路二段),shopping,购物服务;便民商店/便利店;便民商店/便利店,成华区,104.094367,30.681064,2
百味屋,shopping,餐饮服务;冷饮店;冷饮店|购物服务;购物相关场所;购物相关场所,成华区,104.097292,30.679507,4
便民蔬菜水果店,shopping,购物服务;综合市场;果品市场,成华区,104.102933,30.687637,3
L·E欧品名店,shopping,购物服务;服装鞋帽皮具店;品牌服装店,成华区,104.096429,30.689166,5
中国移动(秀苑路),shopping,购物服务;家电电子卖场;手机销售,成华区,104.098915,30.679374,3
Bee SuRe,shopping,购物服务;服装鞋帽皮具店;服装鞋帽皮具店,成华区,104.103551,30.682531,4
红楼·56,shopping,购物服务;商场;购物中心,成华区,104.100605,30.688456,1
新承电脑,shopping,购物服务;花鸟鱼虫市场;花卉市场,成华区,104.096631,30.686621,1
Wiwing,shopping,购物服务;家电电子卖场;数码电子,成华区,104.098101,30.68004,1
哈米熊,shopping,购物服务;服装鞋帽皮具店;服装鞋帽皮具店,成华区,104.106049,30.683766,18
信誉制冷设备,shopping,购物服务;购物相关场所;购物相关场所,成华区,104.108694,30.681694,2
骆驼鞋店,shopping,购物服务;购物相关场所;购物相关场所,成华区,104.105329,30.685445,5
茶间道,shopping,购物服务;便民商店/便利店;便民商店/便利店,成华区,104.106014,30.686814,13
酷开,shopping,购物服务;购物相关场所;购物相关场所,成华区,104.112636,30.684614,38
尚景捷讯,shopping,购物服务;购物相关场所;购物相关场所,成华区,104.107541,30.681181,12
恒一科技,shopping,购物服务;家电电子卖场;数码电子,成华区,104.109692,30.681018,6
金牛区刘记粮油经营部,shopping,购物服务;购物相关场所;购物相关场所,成华区,104.11255,30.683913,1
合众烟记,shopping,购物服务;专卖店;烟酒专卖店,成华区,104.104203,30.683102,9
利民小卖部(二仙桥西一巷),shopping,购物服务;便民商店/便利店;便民商店/便利店,成华区,104.110962,30.687511,2
辰辉电子,shopping,购物服务;购物相关场所;购物相关场所,成华区,104.104959,30.686506,1
精典鲜花,shopping,购物服务;花鸟鱼虫市场;花卉市场,成华区,104.112379,30.681896,4
精功眼镜(开发区店),shopping,购物服务;专卖店;眼镜店,成华区,104.11089,30.680864,1
便民放心店,shopping,购物服务;购物相关场所;购物相关场所,成华区,104.112314,30.686945,2
益海民生超市,shopping,购物服务;便民商店/便利店;便民商店/便利店,成华区,104.106816,30.688322,1
福御行,shopping,购物服务;购物相关场所;购物相关场所,成华区,104.105381,30.680423,19
家和牛奶配送(文德巷),shopping,购物服务;综合市场;农副产品市场,成华区,104.113419,30.685534,1
尚诚美业,shopping,购物服务;个人用品/化妆品店;其它个人用品店,成华区,104.103954,30.681847,2
亚达绵纱擦机布,shopping,购物服务;专卖店;专营店,成华区,104.104161,30.681412,1
左邻右舍便民店,shopping,购物服务;购物相关场所;购物相关场所,成华区,104.109678,30.689207,1
天官赐福,shopping,购物服务;专卖店;专营店,成华区,104.11068,30.679257,38
美舍雅阁,shopping,购物服务;个人用品/化妆品店;其它个人用品店,成华区,104.113059,30.680966,3
洁丽雅,shopping,购物服务;专卖店;专营店,成华区,104.112585,30.680242,1
港货店,shopping,购物服务;购物相关场所;购物相关场所,成华区,104.103554,30.687948,2
老农民山猪肉直销点(浅水半岛店),shopping,购物服务;购物相关场所;购物相关场所,成华区,104.104433,30.688783,1
稻草人,shopping,购物服务;服装鞋帽皮具店;服装鞋帽皮具店,成华区,104.113435,30.679912,11
妈咪宝贝催乳,shopping,购物服务;购物相关场所;购物相关场所,成华区,104.112687,30.689069,1
柏依睿,shopping,购物服务;服装鞋帽皮具店;服装鞋帽皮具店,成华区,104.10648,30.677625,102
家园便利店,shopping,购物服务;便民商店/便利店;便民商店/便利店,成华区,104.11328,30.688872,1
长虹空调,shopping,购物服务;家电电子卖场;家电电子卖场,成华区,104.110726,30.685597,1
莫斯莫卡(八里庄店),shopping,购物服务;花鸟鱼虫市场;花卉市场,成华区,104.106446,30.687472,1
众易商超,shopping,购物服务;超级市场;超市,成华区,104.107737,30.68317,1
玻璃装饰行,shopping,购物服务;购物相关场所;购物相关场所,成华区,104.11727,30.683657,8
文静烟酒超市,shopping,购物服务;专卖店;烟酒专卖店|购物服务;便民商店/便利店;便民商店/便利店,成华区,104.119726,30.683698,2
兴元粮油,shopping,购物服务;综合市场;农副产品市场,成华区,104.12038,30.684308,2
至城副食店,shopping,购物服务;便民商店/便利店;便民商店/便利店,成华区,104.116292,30.684408,2
便民超市,shopping,购物服务;购物相关场所;购物相关场所,成华区,104.117653,30.682419,1
星鹏,shopping,购物服务;购物相关场所;购物相关场所,成华区,104.122222,30.684121,107
同鑫副食,shopping,购物服务;购物相关场所;购物相关场所,成华区,104.119231,30.686475,1
吃货零食,shopping,购物服务;购物相关场所;购物相关场所,成华区,104.118435,30.681967,11
大千商贸,shopping,购物服务;购物相关场所;购物相关场所,成华区,104.121011,30.685213,1
看货议价,shopping,购物服务;购物相关场所;购物相关场所,成华区,104.116443,30.682085,17
陶波市场,shopping,购物服务;购物相关场所;购物相关场所,成华区,104.118135,30.687404,22
香香副食(中环路二仙桥西路段),shopping,购物服务;便民商店/便利店;便民商店/便利店,成华区,104.119935,30.686589,1
点豆,shopping,购物服务;专卖店;专营店,成华区,104.12119,30.682393,33
深圳市卓益蒸汽机驻川办事处,shopping,购物服务;专卖店;专营店,成华区,104.119421,30.686977,3
羽飞电脑,shopping,购物服务;家电电子卖场;数码电子,成华区,104.115301,30.683769,4
水写布,shopping,购物服务;购物相关场所;购物相关场所,成华区,104.119128,30.681262,5
nnr机油专家,shopping,购物服务;购物相关场所;购物相关场所,成华区,104.117286,30.681422,1
淑奇商贸,shopping,购物服务;专卖店;烟酒专卖店,成华区,104.11561,30.680573,26
粮站茶园,shopping,购物服务;专卖店;专营店,成华区,104.119227,30.680481,3
绵竹酒批发部,shopping,购物服务;专卖店;专营店,成华区,104.114487,30.687036,8
蒲成干杂店,shopping,购物服务;便民商店/便利店;便民商店/便利店,成华区,104.116953,30.68852,6
蓝天利民,shopping,购物服务;便民商店/便利店;便民商店/便利店,成华区,104.113934,30.686133,3
吉林元泰速冻食品(二仙桥店),shopping,购物服务;购物相关场所;购物相关场所,成华区,104.116543,30.68908,2
壹东方桃林花开店,shopping,购物服务;购物相关场所;购物相关场所,成华区,104.114154,30.680675,1
朗基少东家,shopping,商务住宅;住宅区;住宅小区|餐饮服务;中餐厅;中餐厅|购物服务;购物相关场所;购物相关场所,成华区,104.119087,30.679756,1
花朵朵鲜花店,shopping,购物服务;花鸟鱼虫市场;花卉市场,成华区,104.120286,30.681101,1
得力文具,shopping,购物服务;文化用品店;文化用品店,成华区,104.122377,30.681693,1
绿海娜,shopping,购物服务;个人用品/化妆品店;其它个人用品店,成华区,104.120256,30.682231,1
富源超市,shopping,购物服务;便民商店/便利店;便民商店/便利店,成华区,104.129261,30.684092,5
飞屿渔具,shopping,购物服务;专卖店;专营店,成华区,104.127705,30.685198,6
丰德通讯店,shopping,购物服务;家电电子卖场;手机销售,成华区,104.129172,30.686775,6
红运副食(二仙桥北一路),shopping,购物服务;便民商店/便利店;便民商店/便利店,成华区,104.125963,30.684641,1
手机,shopping,购物服务;家电电子卖场;手机销售,成华区,104.124539,30.683205,22
松乐麻将机,shopping,购物服务;专卖店;专营店,成华区,104.125426,30.682362,2
天能电池,shopping,购物服务;专卖店;专营店,成华区,104.1321,30.682022,5
华盛酒店厨具批发中心,shopping,购物服务;专卖店;专营店,成华区,104.124126,30.684213,1
诚信食品店,shopping,购物服务;便民商店/便利店;便民商店/便利店,成华区,104.129481,30.688155,1
攀钢板材公司,shopping,购物服务;购物相关场所;购物相关场所,成华区,104.128326,30.680293,1
蓝剑水世界(华西雅筑南区东),shopping,购物服务;专卖店;专营店,成华区,104.132036,30.687158,1
一诚批发,shopping,购物服务;便民商店/便利店;便民商店/便利店,成华区,104.132951,30.682502,4
金牛区天禧殡葬用品经营部,shopping,购物服务;购物相关场所;购物相关场所,成华区,104.132866,30.686949,1
丰谷酒王,shopping,购物服务;专卖店;烟酒专卖店,成华区,104.128857,30.679515,9
龙泉老字号洪河花茶正宗专卖,shopping,购物服务;专卖店;专营店,成华区,104.133023,30.681224,1
益百家超市,shopping,购物服务;购物相关场所;购物相关场所,成华区,104.132434,30.679614,1
芜牌,shopping,购物服务;服装鞋帽皮具店;服装鞋帽皮具店,成华区,104.138045,30.684392,13
链家(富临理宫店),shopping,购物服务;购物相关场所;购物相关场所,成华区,104.138855,30.684111,1
水井坊(华林二路),shopping,购物服务;专卖店;烟酒专卖店,成华区,104.137304,30.684185,2
主题内,shopping,购物服务;购物相关场所;购物相关场所,成华区,104.139209,30.685515,7
靓点女装,shopping,购物服务;服装鞋帽皮具店;服装鞋帽皮具店,成华区,104.139395,30.683624,3
鑫鑫眼镜,shopping,购物服务;专卖店;眼镜店,成华区,104.13877,30.68299,4
懒虫小店(华林二路),shopping,购物服务;便民商店/便利店;便民商店/便利店,成华区,104.138174,30.68588,1
妙涵好实惠,shopping,购物服务;超级市场;超市,成华区,104.136528,30.684714,2
乐购(华林二路),shopping,购物服务;便民商店/便利店;便民商店/便利店,成华区,104.137282,30.685862,1
小卖部,shopping,购物服务;便民商店/便利店;便民商店/便利店,成华区,104.138883,30.682468,1
红唇,shopping,购物服务;服装鞋帽皮具店;服装鞋帽皮具店,成华区,104.135717,30.682574,96
TIAYI,shopping,购物服务;服装鞋帽皮具店;品牌服装店,成华区,104.141402,30.685612,2
缘茶,shopping,购物服务;专卖店;专营店,成华区,104.134198,30.685328,32
不锈钢防护栏合金门窗,shopping,购物服务;购物相关场所;购物相关场所,成华区,104.13511,30.687223,3
谷德磨坊,shopping,购物服务;综合市场;农副产品市场,成华区,104.134252,30.686494,4
雨润平价通讯,shopping,购物服务;家电电子卖场;手机销售,成华区,104.13867,30.680138,3
欧韩,shopping,购物服务;服装鞋帽皮具店;服装鞋帽皮具店,成华区,104.137744,30.680017,3
和缘干杂,shopping,购物服务;便民商店/便利店;便民商店/便利店,成华区,104.137234,30.679335,5
阿姆斯特鲜奶坊,shopping,购物服务;综合市场;农副产品市场,成华区,104.150558,30.683801,7
理工东苑超市,shopping,购物服务;便民商店/便利店;便民商店/便利店,成华区,104.151346,30.684945,8
虫洞vr实验室,shopping,购物服务;购物相关场所;购物相关场所,成华区,104.151971,30.684205,1
韩尚地暖,shopping,购物服务;购物相关场所;购物相关场所,成华区,104.152854,30.684698,2
秉承科技,shopping,购物服务;购物相关场所;购物相关场所,成华区,104.148207,30.689306,1
鲜丰水果,shopping,购物服务;综合市场;果品市场,成华区,104.14485,30.679198,26
婴偎爱,shopping,购物服务;专卖店;儿童用品店,成华区,104.156585,30.685312,2
五金洁具店,shopping,购物服务;购物相关场所;购物相关场所,成华区,104.15685,30.686324,6
九号食品超市,shopping,购物服务;便民商店/便利店;便民商店/便利店,成华区,104.15572,30.686184,1
陆风店,shopping,购物服务;购物相关场所;购物相关场所,成华区,104.162395,30.685302,5
贝树墙衣,shopping,购物服务;购物相关场所;购物相关场所,成华区,104.156551,30.687148,1
五金木条,shopping,购物服务;购物相关场所;购物相关场所,成华区,104.155755,30.686919,3
四川港宏盛丰,shopping,购物服务;购物相关场所;购物相关场所,成华区,104.163224,30.684904,2
四川申蓉龙潭城市店,shopping,购物服务;购物相关场所;购物相关场所,成华区,104.163547,30.686097,1
天德盟车业,shopping,购物服务;购物相关场所;购物相关场所,成华区,104.161388,30.688178,1
哈弗自营店,shopping,购物服务;购物相关场所;购物相关场所,成华区,104.160471,30.688155,1
四方金街销售中心,shopping,购物服务;购物相关场所;购物相关场所,成华区,104.156393,30.687659,1
港宏日产成华店,shopping,购物服务;购物相关场所;购物相关场所,成华区,104.164714,30.68699,1
七匹狼鞋业,shopping,购物服务;购物相关场所;购物相关场所,成华区,104.168046,30.687876,3
销售中心,shopping,购物服务;购物相关场所;购物相关场所,成华区,104.173524,30.685171,1
乐友仓库,shopping,购物服务;专卖店;专营店,成华区,104.169006,30.685446,2
海葳,shopping,购物服务;购物相关场所;购物相关场所,成华区,104.173371,30.686851,1
华星现代卓越店,shopping,购物服务;购物相关场所;购物相关场所,成华区,104.171445,30.684655,1
江盛电器,shopping,购物服务;购物相关场所;购物相关场所,成华区,104.173185,30.68729,1
利安化学,shopping,购物服务;购物相关场所;购物相关场所,成华区,104.181413,30.687741,1
瑞亿宏盛,shopping,购物服务;服装鞋帽皮具店;服装鞋帽皮具店,成华区,104.180169,30.687735,1
大渡河食品,shopping,购物服务;专卖店;专营店,成华区,104.178513,30.688666,1
好乡音超市(光华北一路),shopping,购物服务;便民商店/便利店;便民商店/便利店,青羊区,103.967237,30.67522,1
众品鲜果(培华路),shopping,购物服务;综合市场;果品市场,青羊区,103.96711,30.67349,7
007连锁超市(培华店),shopping,购物服务;购物相关场所;购物相关场所,青羊区,103.96803,30.672967,1
蜀民超市,shopping,购物服务;便民商店/便利店;便民商店/便利店,青羊区,103.967538,30.676269,8
小宝文具,shopping,购物服务;购物相关场所;购物相关场所,青羊区,103.970945,30.673869,2
育才书店,shopping,购物服务;专卖店;书店,青羊区,103.967596,30.6725,2
益佳超市,shopping,购物服务;购物相关场所;购物相关场所,青羊区,103.970121,30.672534,1
新希望鲜生活(心灵家园店),shopping,购物服务;综合市场;农副产品市场,青羊区,103.966346,30.675926,2
茗扬天下,shopping,购物服务;专卖店;专营店,青羊区,103.968074,30.677364,3
花开半夏,shopping,购物服务;购物相关场所;购物相关场所,青羊区,103.971656,30.673146,4
益鑫超市,shopping,购物服务;便民商店/便利店;便民商店/便利店,青羊区,103.971172,30.671927,7
得宜鲜,shopping,购物服务;综合市场;蔬菜市场,青羊区,103.964785,30.675687,5
利家超市,shopping,购物服务;购物相关场所;购物相关场所,青羊区,103.965758,30.672177,5
牧童房屋店,shopping,购物服务;购物相关场所;购物相关场所,青羊区,103.972054,30.673695,1
SIMON,shopping,购物服务;购物相关场所;购物相关场所,青羊区,103.965245,30.674362,1
flower shop,shopping,购物服务;购物相关场所;购物相关场所,青羊区,103.969155,30.678043,1
甜怡果蔬超市,shopping,购物服务;综合市场;果品市场,青羊区,103.965694,30.677704,2
中营购物中心,shopping,购物服务;超级市场;超市,青羊区,103.973448,30.673859,2
yoyo,shopping,购物服务;购物相关场所;购物相关场所,青羊区,103.964052,30.673743,10
成都市医净净化设备科技有限公司,shopping,购物服务;专卖店;专营店,青羊区,103.967673,30.678648,1
小乖乖童装,shopping,购物服务;专卖店;儿童用品店,青羊区,103.972917,30.67207,2
青羊区漆漆肥特便利店,shopping,购物服务;便民商店/便利店;便民商店/便利店,青羊区,103.96465,30.672099,1
日月大道旧货市场,shopping,购物服务;综合市场;旧货市场,青羊区,103.966594,30.678766,2
元益诚信副食,shopping,购物服务;便民商店/便利店;便民商店/便利店,青羊区,103.973609,30.672807,1
乐乐哈超市,shopping,购物服务;购物相关场所;购物相关场所,青羊区,103.972046,30.67842,4
元富购物中心,shopping,购物服务;商场;购物中心,青羊区,103.973495,30.672302,1
光华生活广场,shopping,购物服务;商场;普通商场,青羊区,103.970344,30.674325,2
兴城鞋城,shopping,购物服务;购物相关场所;购物相关场所,青羊区,103.977777,30.67513,1
宏兴食品经营部,shopping,购物服务;便民商店/便利店;便民商店/便利店,青羊区,103.97957,30.673453,1
媛柔,shopping,购物服务;服装鞋帽皮具店;服装鞋帽皮具店,青羊区,103.981647,30.673381,177
鼎粮,shopping,购物服务;购物相关场所;购物相关场所,青羊区,103.97703,30.67369,16
温馨水业,shopping,购物服务;专卖店;专营店,青羊区,103.976981,30.675322,4
昊昊超市(中鹏店),shopping,购物服务;便民商店/便利店;便民商店/便利店,青羊区,103.98083,30.67512,2
鸿运鑫,shopping,购物服务;专卖店;烟酒专卖店,青羊区,103.975608,30.673933,6
百老泉(光华大道一段),shopping,购物服务;专卖店;烟酒专卖店,青羊区,103.979061,30.671886,1
JONE,shopping,购物服务;购物相关场所;购物相关场所,青羊区,103.976249,30.67291,1
乐尚软体沙发馆,shopping,购物服务;购物相关场所;购物相关场所,青羊区,103.975525,30.676138,1
扣扣书屋,shopping,购物服务;购物相关场所;购物相关场所,青羊区,103.978418,30.671329,3
萌宠日记(锦绣光华西南),shopping,购物服务;专卖店;宠物用品店,青羊区,103.975401,30.673065,1
泸州老窖·陈酒,shopping,购物服务;专卖店;烟酒专卖店,青羊区,103.982764,30.675743,2
哆啦A梦,shopping,购物服务;购物相关场所;购物相关场所,青羊区,103.977325,30.671014,9
007Chain超市(中坝店),shopping,购物服务;便民商店/便利店;便民商店/便利店,青羊区,103.974559,30.674092,1
萌宝国,shopping,购物服务;专卖店;儿童用品店,青羊区,103.982903,30.673103,6
金益车业,shopping,购物服务;购物相关场所;购物相关场所,青羊区,103.975039,30.676773,1
金平铁艺楼梯,shopping,购物服务;购物相关场所;购物相关场所,青羊区,103.975452,30.671108,1
壳牌便利店(武青路),shopping,购物服务;便民商店/便利店;便民商店/便利店,青羊区,103.973883,30.677205,1
易捷便利店(培风路),shopping,购物服务;便民商店/便利店;便民商店/便利店,青羊区,103.974796,30.670797,1
桔子鲜花,shopping,购物服务;花鸟鱼虫市场;花卉市场,青羊区,103.976898,30.67588,1
完美,shopping,购物服务;专卖店;专营店,青羊区,103.988878,30.674511,15
法兰尼净水器(东顺路),shopping,购物服务;专卖店;专营店,青羊区,103.98962,30.67485,1
小王锁业,shopping,购物服务;购物相关场所;购物相关场所,青羊区,103.989187,30.673371,7
锦果汇,shopping,购物服务;综合市场;果品市场,青羊区,103.987857,30.672884,36
韩国美,shopping,购物服务;购物相关场所;购物相关场所,青羊区,103.991021,30.675101,15
EIv,shopping,购物服务;购物相关场所;购物相关场所,青羊区,103.990691,30.672696,25
长顺牛奶屋,shopping,购物服务;综合市场;农副产品市场,青羊区,103.992531,30.674948,28
张干肉猪肉店,shopping,购物服务;购物相关场所;购物相关场所,青羊区,103.99208,30.673894,2
安腾消防器材,shopping,购物服务;专卖店;专营店,青羊区,103.986446,30.67204,2
统优鲜派,shopping,购物服务;综合市场;综合市场,青羊区,103.985453,30.677011,4
舒曼妳店,shopping,购物服务;购物相关场所;购物相关场所,青羊区,103.991779,30.672359,1
铸行境界,shopping,购物服务;购物相关场所;购物相关场所,青羊区,103.989731,30.670888,2
雨航兴,shopping,购物服务;购物相关场所;购物相关场所,青羊区,103.992337,30.672396,1
联合100超市,shopping,购物服务;超级市场;超市,青羊区,103.991692,30.671201,5
诚信电动工具(中共苏坡街道工作委员会东),shopping,购物服务;专卖店;专营店,青羊区,103.985451,30.671906,1
精修电动车,shopping,购物服务;购物相关场所;购物相关场所,青羊区,103.986266,30.671187,4
原色,shopping,购物服务;购物相关场所;购物相关场所,青羊区,103.985976,30.677816,7
腾飞超市(清水滨河路),shopping,购物服务;便民商店/便利店;便民商店/便利店,青羊区,103.987166,30.678674,1
机麻批发,shopping,购物服务;购物相关场所;购物相关场所,青羊区,103.98691,30.670474,3
御品居多彩集成装饰,shopping,购物服务;购物相关场所;购物相关场所,青羊区,103.9898,30.670126,1
中国烟草利民批发(贝森店),shopping,购物服务;专卖店;专营店,青羊区,103.992236,30.671023,1
果香源,shopping,购物服务;综合市场;果品市场,青羊区,103.987332,30.669439,9
成都石人消防器材装备有限公司(瑞联路),shopping,购物服务;专卖店;专营店,青羊区,103.991044,30.670302,1
青羊区龙堂副食,shopping,购物服务;便民商店/便利店;便民商店/便利店,青羊区,103.989274,30.669749,2
龙祥机电,shopping,购物服务;购物相关场所;购物相关场所,青羊区,103.991934,30.669948,5
渔乐圈鱼具,shopping,购物服务;专卖店;专营店,青羊区,103.992987,30.670023,1
迎春便利店,shopping,购物服务;购物相关场所;购物相关场所,青羊区,103.984327,30.679139,1
眉山宏远店,shopping,购物服务;购物相关场所;购物相关场所,青羊区,103.992556,30.669585,1
户外.COM,shopping,购物服务;购物相关场所;购物相关场所,青羊区,103.997715,30.675598,17
水乐连华,shopping,购物服务;购物相关场所;购物相关场所,青羊区,104.000708,30.675162,3
8689商店,shopping,购物服务;购物相关场所;购物相关场所,青羊区,104.000774,30.674277,1
辉丽批发,shopping,购物服务;专卖店;烟酒专卖店,青羊区,103.996685,30.674987,1
浪鲸,shopping,购物服务;购物相关场所;购物相关场所,青羊区,103.998277,30.676951,327
秘睿,shopping,购物服务;服装鞋帽皮具店;服装鞋帽皮具店,青羊区,103.999599,30.671401,257
水诗,shopping,购物服务;购物相关场所;购物相关场所,青羊区,104.001363,30.673155,24
ieuo设计师品牌店,shopping,购物服务;服装鞋帽皮具店;服装鞋帽皮具店,青羊区,104.001588,30.674066,1
鼎鑫隆,shopping,购物服务;购物相关场所;购物相关场所,青羊区,103.996155,30.67685,10
锦绣朋友,shopping,购物服务;购物相关场所;购物相关场所,青羊区,103.995533,30.673024,3
玉祥阁,shopping,购物服务;购物相关场所;购物相关场所,青羊区,104.001899,30.676992,15
众合,shopping,购物服务;购物相关场所;购物相关场所,青羊区,103.997072,30.671279,1
田心,shopping,购物服务;服装鞋帽皮具店;服装鞋帽皮具店,青羊区,103.998593,30.678826,15
食惠生活超市,shopping,购物服务;购物相关场所;购物相关场所,青羊区,104.003149,30.675019,1
蓉芯暖通,shopping,购物服务;专卖店;专营店,青羊区,103.994283,30.672983,7
五粮液店,shopping,购物服务;购物相关场所;购物相关场所,青羊区,103.994817,30.671328,2
鸣玉阁,shopping,购物服务;购物相关场所;购物相关场所,青羊区,104.00215,30.678154,1
绿色生态平价水果行,shopping,购物服务;综合市场;果品市场,青羊区,103.999451,30.669824,1
布谷,shopping,购物服务;服装鞋帽皮具店;服装鞋帽皮具店,青羊区,103.999669,30.679475,1
灏瀚拍卖,shopping,购物服务;特殊买卖场所;拍卖行,青羊区,104.003486,30.677948,8
老男人广场,shopping,购物服务;商场;商场,青羊区,103.996415,30.672221,1
舞东风(清江中路分店),shopping,购物服务;便民商店/便利店;便民商店/便利店,青羊区,104.003679,30.675076,1
佰宜万购城市超市(东门),shopping,购物服务;超级市场;超市,青羊区,104.002415,30.675793,1
红旗超市(双新南路便利店),shopping,购物服务;超级市场;超市,青羊区,103.995805,30.671924,1
贝特猫鲜花店(华府金沙工作室),shopping,购物服务;花鸟鱼虫市场;花卉市场,青羊区,103.999825,30.67835,1
红旗超市(苏坡东路2便利店),shopping,购物服务;超级市场;超市,青羊区,104.000143,30.675418,1
温馨超市,shopping,购物服务;购物相关场所;购物相关场所,青羊区,104.008442,30.675003,7
特别特,shopping,购物服务;专卖店;专营店,青羊区,104.00948,30.674138,4
水泥河沙,shopping,购物服务;购物相关场所;购物相关场所,青羊区,104.007735,30.67614,17
一博洗涤用品,shopping,购物服务;专卖店;专营店,青羊区,104.008862,30.675659,1
花屿妮,shopping,购物服务;花鸟鱼虫市场;花卉市场,青羊区,104.00897,30.676456,6
易达超市,shopping,购物服务;购物相关场所;购物相关场所,青羊区,104.010949,30.674777,3
单车行,shopping,购物服务;专卖店;自行车专卖店,青羊区,104.011703,30.673661,24
金沙小卖部(清江中路),shopping,购物服务;便民商店/便利店;便民商店/便利店,青羊区,104.007118,30.675894,1
占姆士店,shopping,购物服务;购物相关场所;购物相关场所,青羊区,104.011864,30.674314,11
神仙坊食品,shopping,购物服务;购物相关场所;购物相关场所,青羊区,104.006045,30.674863,1
童育汇,shopping,购物服务;购物相关场所;购物相关场所,青羊区,104.00642,30.673051,1
YIQIN,shopping,购物服务;购物相关场所;购物相关场所,青羊区,104.005478,30.67462,4
领动,shopping,购物服务;购物相关场所;购物相关场所,青羊区,104.00548,30.675476,1
德国福斯,shopping,购物服务;专卖店;专营店,青羊区,104.011771,30.675725,1
花千束品牌鲜花馆,shopping,购物服务;花鸟鱼虫市场;花卉市场,青羊区,104.008494,30.677484,1
洛克LOOKE连锁,shopping,购物服务;购物相关场所;购物相关场所,青羊区,104.007743,30.677453,1
德辉超市(中环路青羊大道段),shopping,购物服务;便民商店/便利店;便民商店/便利店,青羊区,104.006995,30.67146,1
GHILARO(清江中路),shopping,购物服务;服装鞋帽皮具店;品牌服装店,青羊区,104.004518,30.674834,1
青羊区海棠月色副食店,shopping,购物服务;便民商店/便利店;便民商店/便利店,青羊区,104.005679,30.671612,2
Mclaren,shopping,购物服务;购物相关场所;购物相关场所,青羊区,104.004405,30.675789,2
巨日,shopping,购物服务;服装鞋帽皮具店;服装鞋帽皮具店,青羊区,104.016418,30.676175,216
家裕副食,shopping,购物服务;便民商店/便利店;便民商店/便利店,青羊区,104.007388,30.670438,12
鑫瑞鑫食品,shopping,购物服务;购物相关场所;购物相关场所,青羊区,104.009306,30.678494,1
宠物地带,shopping,购物服务;专卖店;宠物用品店,青羊区,104.013727,30.673974,6
三珍宝,shopping,购物服务;购物相关场所;购物相关场所,青羊区,104.009948,30.678656,1
医+医眼视光,shopping,购物服务;专卖店;眼镜店,青羊区,104.013903,30.673356,4
乐顾居家生活馆,shopping,购物服务;购物相关场所;购物相关场所,青羊区,104.012919,30.677799,1
平武县农帮生态成都经营部,shopping,购物服务;购物相关场所;购物相关场所,青羊区,104.004321,30.671238,1
枫林干杂店,shopping,购物服务;便民商店/便利店;便民商店/便利店,青羊区,104.011345,30.6699,2
玉林副食,shopping,购物服务;便民商店/便利店;便民商店/便利店,青羊区,104.013501,30.678185,1
成都博宇科技电脑经营部,shopping,购物服务;家电电子卖场;数码电子,青羊区,104.009397,30.671892,1
益尔电动车,shopping,购物服务;专卖店;自行车专卖店,青羊区,104.018804,30.674319,3
E衣,shopping,购物服务;服装鞋帽皮具店;服装鞋帽皮具店,青羊区,104.01976,30.673355,39
厨卫钛合金门,shopping,购物服务;购物相关场所;购物相关场所,青羊区,104.01864,30.675691,4
嗨购,shopping,购物服务;超级市场;超市,青羊区,104.018093,30.67331,9
卫东电动工具(二环路西二段),shopping,购物服务;专卖店;专营店,青羊区,104.019476,30.675649,1
迈度跑步机,shopping,购物服务;体育用品店;户外用品,青羊区,104.018146,30.672523,2
红仔陶吧,shopping,购物服务;专卖店;专营店,青羊区,104.021071,30.673434,1
超越影视器材有限公司,shopping,购物服务;购物相关场所;购物相关场所,青羊区,104.015875,30.674994,1
九三旗舰店,shopping,购物服务;购物相关场所;购物相关场所,青羊区,104.015213,30.673875,19
峨影便利店,shopping,购物服务;购物相关场所;购物相关场所,青羊区,104.021044,30.672814,2
光华财经书城(清江中路店),shopping,购物服务;专卖店;书店,青羊区,104.015695,30.672988,1
梵音音乐,shopping,购物服务;专卖店;专营店,青羊区,104.01851,30.670992,2
海燕鲜花,shopping,购物服务;花鸟鱼虫市场;花卉市场,青羊区,104.023693,30.672527,35
瑞丽,shopping,购物服务;购物相关场所;购物相关场所,青羊区,104.016826,30.66998,94
旺盛日杂,shopping,购物服务;便民商店/便利店;便民商店/便利店,青羊区,104.020559,30.678637,18
特价书屋全场论斤卖,shopping,购物服务;专卖店;专营店,青羊区,104.020921,30.677918,4
哼哈便利店,shopping,购物服务;购物相关场所;购物相关场所,青羊区,104.016868,30.678238,1
玫瑰之约(格格坞花屋),shopping,购物服务;购物相关场所;购物相关场所,青羊区,104.02359,30.674831,1
蓝光美尚(群康路店),shopping,购物服务;购物相关场所;购物相关场所,青羊区,104.016742,30.67027,1
茶机麻,shopping,购物服务;购物相关场所;购物相关场所,青羊区,104.016359,30.67886,1
大丰芳润茶,shopping,购物服务;购物相关场所;购物相关场所,青羊区,104.021904,30.67871,1
勇勤水果批发,shopping,购物服务;购物相关场所;购物相关场所,青羊区,104.023337,30.677575,1
王泗酒,shopping,购物服务;购物相关场所;购物相关场所,青羊区,104.022938,30.678222,5
哥弟,shopping,购物服务;服装鞋帽皮具店;服装鞋帽皮具店,青羊区,104.025596,30.668298,646
CRED,shopping,购物服务;购物相关场所;购物相关场所,青羊区,104.014303,30.678438,2
阳光梦想,shopping,购物服务;购物相关场所;购物相关场所,青羊区,104.01573,30.679221,1
袁洁干杂,shopping,购物服务;便民商店/便利店;便民商店/便利店,青羊区,104.024137,30.67115,15
良品日记,shopping,购物服务;购物相关场所;购物相关场所,青羊区,104.014229,30.679123,1
荣德网羽中心,shopping,购物服务;购物相关场所;购物相关场所,青羊区,104.02335,30.678941,1
麦德龙(成都青羊商场),shopping,购物服务;超级市场;麦德龙,青羊区,104.017338,30.672128,1
育成体育,shopping,购物服务;体育用品店;户外用品,青羊区,104.014478,30.672405,1
机麻空调,shopping,购物服务;家电电子卖场;家电电子卖场,青羊区,104.016208,30.67634,1
三星电子,shopping,购物服务;家电电子卖场;手机销售,青羊区,104.018752,30.669934,4
红旗超市(鸣翠路便利店),shopping,购物服务;超级市场;超市,青羊区,104.022611,30.67141,1
红旗超市(双清南路分场),shopping,购物服务;超级市场;超市,青羊区,104.01493,30.677395,1
创彩坊,shopping,购物服务;服装鞋帽皮具店;服装鞋帽皮具店,青羊区,104.030323,30.673974,53
个人行为,shopping,购物服务;购物相关场所;购物相关场所,青羊区,104.026605,30.673553,6
派多啦宠物,shopping,购物服务;购物相关场所;购物相关场所,青羊区,104.029041,30.676705,2
武侯区梅琳凯特鞋业经营部,shopping,购物服务;购物相关场所;购物相关场所,青羊区,104.026537,30.676044,1
素芬机麻,shopping,购物服务;专卖店;专营店,金牛区,104.031438,30.67371,4
遇·凡布,shopping,购物服务;服装鞋帽皮具店;服装鞋帽皮具店,金牛区,104.030776,30.676492,4
宝缘福城,shopping,购物服务;购物相关场所;购物相关场所,青羊区,104.026926,30.671913,1
莎柠,shopping,购物服务;服装鞋帽皮具店;服装鞋帽皮具店,金牛区,104.02898,30.67763,21
婷美,shopping,购物服务;购物相关场所;购物相关场所,青羊区,104.030181,30.671171,43
独爱,shopping,购物服务;购物相关场所;购物相关场所,金牛区,104.033571,30.676311,100
秀玉,shopping,购物服务;服装鞋帽皮具店;服装鞋帽皮具店,青羊区,104.028552,30.670961,8
老谢风帆电瓶,shopping,购物服务;专卖店;专营店,青羊区,104.029538,30.670802,4
益亩田,shopping,购物服务;综合市场;蔬菜市场,金牛区,104.033144,30.675028,7
邻家的思亲园,shopping,购物服务;专卖店;专营店,金牛区,104.032857,30.673406,7
蜀盛商店,shopping,购物服务;便民商店/便利店;便民商店/便利店,青羊区,104.025635,30.671436,5
销售中心,shopping,购物服务;购物相关场所;购物相关场所,金牛区,104.033796,30.672672,6
X+3书店,shopping,购物服务;购物相关场所;购物相关场所,金牛区,104.030317,30.678407,2
新鲜之爽,shopping,购物服务;综合市场;果品市场,金牛区,104.031352,30.678705,13
君浩酒水,shopping,购物服务;购物相关场所;购物相关场所,金牛区,104.032423,30.677899,1
花奴,shopping,购物服务;服装鞋帽皮具店;服装鞋帽皮具店,青羊区,104.032034,30.67027,67
利民干杂,shopping,购物服务;购物相关场所;购物相关场所,金牛区,104.032868,30.677661,3
白果林老菜市,shopping,购物服务;综合市场;蔬菜市场,金牛区,104.032721,30.678466,1
巴适文具,shopping,购物服务;文化用品店;文化用品店,金牛区,104.032903,30.674261,1
一洋文具(清江东路),shopping,购物服务;文化用品店;文化用品店,青羊区,104.028743,30.671488,1
富木,shopping,购物服务;服装鞋帽皮具店;服装鞋帽皮具店,金牛区,104.037911,30.672734,227
青西门市部,shopping,购物服务;便民商店/便利店;便民商店/便利店,金牛区,104.039244,30.674684,3
杨毛线,shopping,购物服务;服装鞋帽皮具店;服装鞋帽皮具店,金牛区,104.041423,30.673044,135
光脚板,shopping,购物服务;服装鞋帽皮具店;服装鞋帽皮具店,金牛区,104.04046,30.674693,3
抚琴电动车行,shopping,购物服务;专卖店;自行车专卖店,金牛区,104.038268,30.676472,4
北西干杂店,shopping,购物服务;便民商店/便利店;便民商店/便利店,金牛区,104.040732,30.675328,1
海格轻型车,shopping,购物服务;购物相关场所;购物相关场所,金牛区,104.037645,30.676733,5
吉列,shopping,购物服务;专卖店;专营店,金牛区,104.041327,30.677008,85
平价副食,shopping,购物服务;便民商店/便利店;便民商店/便利店,金牛区,104.038367,30.677362,4
润土堂,shopping,购物服务;购物相关场所;购物相关场所,金牛区,104.041673,30.675346,1
茶坊内设机麻,shopping,购物服务;购物相关场所;购物相关场所,金牛区,104.040135,30.671877,1
益民商店(青羊东二路二巷),shopping,购物服务;便民商店/便利店;便民商店/便利店,金牛区,104.041952,30.673949,1
看见,shopping,购物服务;购物相关场所;购物相关场所,金牛区,104.041043,30.671967,1
惠民副食(抚琴西南路),shopping,购物服务;便民商店/便利店;便民商店/便利店,金牛区,104.03727,30.677834,1
好巴食品经营部,shopping,购物服务;专卖店;专营店,金牛区,104.039001,30.678168,1
民生超市,shopping,购物服务;购物相关场所;购物相关场所,金牛区,104.042768,30.675527,2
国窖酒庄,shopping,购物服务;购物相关场所;购物相关场所,青羊区,104.037792,30.669895,15
尚学书局,shopping,购物服务;专卖店;书店,金牛区,104.037167,30.670398,1
遇仙茗茶业,shopping,购物服务;专卖店;专营店,金牛区,104.043713,30.674727,2
琴台干杂,shopping,购物服务;便民商店/便利店;便民商店/便利店,金牛区,104.035551,30.678843,8
Cc Kids,shopping,购物服务;专卖店;儿童用品店,金牛区,104.041768,30.670325,3
青羊区冰琪干杂店,shopping,购物服务;便民商店/便利店;便民商店/便利店,青羊区,104.034678,30.670352,4
浅香,shopping,购物服务;服装鞋帽皮具店;服装鞋帽皮具店,金牛区,104.043961,30.668888,59
合合干杂,shopping,购物服务;便民商店/便利店;便民商店/便利店,金牛区,104.048642,30.673956,1
青羊区顺利来干杂商店(西屠场街),shopping,购物服务;便民商店/便利店;便民商店/便利店,青羊区,104.04919,30.673944,1
搏闽酒业,shopping,购物服务;购物相关场所;购物相关场所,金牛区,104.047027,30.674585,3
佛牌,shopping,购物服务;专卖店;珠宝首饰工艺品,金牛区,104.047148,30.673674,1
金同力纸张,shopping,购物服务;购物相关场所;购物相关场所,青羊区,104.049393,30.673142,1
花蒂,shopping,购物服务;购物相关场所;购物相关场所,青羊区,104.049972,30.671274,80
美橱广场,shopping,购物服务;购物相关场所;购物相关场所,金牛区,104.046115,30.675073,9
锦红冷鲜,shopping,购物服务;综合市场;农副产品市场,青羊区,104.050753,30.67349,2
蓝创,shopping,购物服务;购物相关场所;购物相关场所,金牛区,104.046184,30.671188,136
带江草堂(永陵路店),shopping,购物服务;购物相关场所;购物相关场所,金牛区,104.045337,30.674739,1
青羊区淑婷副食店,shopping,购物服务;便民商店/便利店;便民商店/便利店,青羊区,104.051405,30.672963,1
去陈小妹家,shopping,购物服务;购物相关场所;购物相关场所,青羊区,104.051746,30.675683,1
恒光办公设备有限公司,shopping,购物服务;购物相关场所;购物相关场所,金牛区,104.045433,30.676736,1
MICHELIA,shopping,购物服务;购物相关场所;购物相关场所,青羊区,104.052554,30.673106,1
布鞋特价,shopping,购物服务;购物相关场所;购物相关场所,金牛区,104.043719,30.673778,2
青能健,shopping,购物服务;专卖店;眼镜店,青羊区,104.051884,30.677875,6
伊阳,shopping,购物服务;服装鞋帽皮具店;服装鞋帽皮具店,青羊区,104.0527,30.670544,22
为民管道,shopping,购物服务;购物相关场所;购物相关场所,金牛区,104.047548,30.679043,1
柒月,shopping,购物服务;购物相关场所;购物相关场所,青羊区,104.051346,30.670051,3
菊华诚信便民店,shopping,购物服务;便民商店/便利店;便民商店/便利店,青羊区,104.05267,30.678318,1
万德福干杂店,shopping,购物服务;便民商店/便利店;便民商店/便利店,青羊区,104.052074,30.669776,2
的仕快餐冷淡杯,shopping,购物服务;专卖店;专营店,青羊区,104.05344,30.678865,1
卡娃,shopping,购物服务;服装鞋帽皮具店;品牌服装店,青羊区,104.05418,30.66888,103
蓝馨文具(石笋街),shopping,购物服务;文化用品店;文化用品店,金牛区,104.049095,30.677371,1
家洪文具,shopping,购物服务;文化用品店;文化用品店,金牛区,104.04635,30.679363,1
手表店,shopping,购物服务;专卖店;专营店,青羊区,104.059055,30.67377,32
雅姿衣饰,shopping,购物服务;服装鞋帽皮具店;服装鞋帽皮具店,青羊区,104.057973,30.672912,18
翡翠玉器店,shopping,购物服务;专卖店;珠宝首饰工艺品,青羊区,104.059934,30.674028,4
全新机麻,shopping,购物服务;购物相关场所;购物相关场所,青羊区,104.060561,30.675392,16
青地一所,shopping,购物服务;购物相关场所;购物相关场所,青羊区,104.058717,30.676281,8
成都市第三人民医院-配镜部,shopping,购物服务;购物相关场所;购物相关场所,青羊区,104.060199,30.672679,2
素描屋,shopping,购物服务;服装鞋帽皮具店;服装鞋帽皮具店,青羊区,104.058033,30.672076,4
啜茗轩,shopping,购物服务;专卖店;专营店,青羊区,104.05647,30.672213,9
独品,shopping,购物服务;专卖店;专营店,青羊区,104.062857,30.672386,261
祥联烟酒茶批发,shopping,购物服务;购物相关场所;购物相关场所,青羊区,104.059888,30.676399,1
一圃传茶,shopping,购物服务;购物相关场所;购物相关场所,青羊区,104.061794,30.674018,2
香春花坊,shopping,购物服务;购物相关场所;购物相关场所,青羊区,104.061976,30.674706,11
大益茶,shopping,购物服务;专卖店;专营店,青羊区,104.060068,30.677661,22
玛洛卡,shopping,购物服务;购物相关场所;购物相关场所,青羊区,104.055405,30.672762,3
今日特价,shopping,购物服务;购物相关场所;购物相关场所,青羊区,104.057426,30.677745,11
锦尚花,shopping,购物服务;购物相关场所;购物相关场所,青羊区,104.057643,30.671496,3
悟之道,shopping,购物服务;专卖店;专营店,青羊区,104.061149,30.676813,5
艺述体验坊,shopping,购物服务;购物相关场所;购物相关场所,青羊区,104.062364,30.673737,1
可以杂货,shopping,购物服务;购物相关场所;购物相关场所,青羊区,104.05702,30.671295,3
陶强书屋,shopping,购物服务;购物相关场所;购物相关场所,青羊区,104.058324,30.670586,3
流量直充,shopping,购物服务;购物相关场所;购物相关场所,青羊区,104.062089,30.676806,4
天勤书店,shopping,购物服务;专卖店;书店,青羊区,104.063032,30.674186,2
内增高鞋,shopping,购物服务;服装鞋帽皮具店;服装鞋帽皮具店,青羊区,104.058777,30.678368,4
万顺便民,shopping,购物服务;便民商店/便利店;便民商店/便利店,青羊区,104.057185,30.670225,3
鲜切肉,shopping,购物服务;购物相关场所;购物相关场所,青羊区,104.06552,30.676733,85
蜀都酒业,shopping,购物服务;专卖店;烟酒专卖店,青羊区,104.057108,30.678944,2
奥普,shopping,购物服务;购物相关场所;购物相关场所,青羊区,104.059226,30.669013,40
福衣,shopping,购物服务;购物相关场所;购物相关场所,青羊区,104.062674,30.668822,43
阿尤(人民中路二段),shopping,购物服务;服装鞋帽皮具店;服装鞋帽皮具店,青羊区,104.063035,30.670349,2
亿辰商贸,shopping,购物服务;购物相关场所;购物相关场所,青羊区,104.063976,30.669657,5
益有商业广场(八宝街),shopping,购物服务;商场;普通商场,青羊区,104.058662,30.674502,1
八宝红光食品小卖部,shopping,购物服务;便民商店/便利店;便民商店/便利店,青羊区,104.056379,30.674484,1
果蔬蕙(西城角巷店),shopping,购物服务;综合市场;蔬菜市场,青羊区,104.055388,30.678858,1
成都市第三人民医院便民店,shopping,购物服务;便民商店/便利店;便民商店/便利店|餐饮服务;中餐厅;中餐厅,青羊区,104.060701,30.672009,1
康凯体育,shopping,购物服务;体育用品店;体育用品店,青羊区,104.056042,30.67401,1
邛崃东街红旗超市,shopping,购物服务;超级市场;超市,青羊区,104.05942,30.671572,1
花美多鲜花,shopping,购物服务;花鸟鱼虫市场;花卉市场,青羊区,104.057643,30.670805,1
华为&华硕手机,shopping,购物服务;家电电子卖场;手机销售,青羊区,104.057622,30.675931,3
美达鲜花(绿野仙踪花艺),shopping,购物服务;花鸟鱼虫市场;花卉市场,青羊区,104.059076,30.669914,1
佳禾适时一间,shopping,购物服务;超级市场;超市,青羊区,104.053987,30.671683,1
成都北新干线国际商贸城,shopping,购物服务;购物相关场所;购物相关场所,青羊区,104.062324,30.676248,1
林林,shopping,购物服务;服装鞋帽皮具店;服装鞋帽皮具店,青羊区,104.072815,30.673459,819
小石头,shopping,购物服务;专卖店;珠宝首饰工艺品,青羊区,104.066195,30.674372,21
经纬电器,shopping,购物服务;购物相关场所;购物相关场所,青羊区,104.067474,30.675917,3
鸿运国际公馆(文殊院店),shopping,购物服务;购物相关场所;购物相关场所,青羊区,104.066476,30.674871,1
繁花,shopping,购物服务;服装鞋帽皮具店;服装鞋帽皮具店,青羊区,104.067426,30.671905,71
西门子,shopping,购物服务;家电电子卖场;家电电子卖场,青羊区,104.067005,30.677154,5
青羊区明香阁工艺品店,shopping,购物服务;购物相关场所;购物相关场所,青羊区,104.072198,30.674619,1
太平之家,shopping,购物服务;购物相关场所;购物相关场所,青羊区,104.068862,30.670911,11
地板革,shopping,购物服务;购物相关场所;购物相关场所,青羊区,104.071998,30.669689,59
玲珑烟酒行,shopping,购物服务;专卖店;烟酒专卖店,青羊区,104.067433,30.677954,3
北京·京特(酱园公所路),shopping,购物服务;服装鞋帽皮具店;品牌鞋店,青羊区,104.072788,30.675218,1
文记干杂店,shopping,购物服务;购物相关场所;购物相关场所,青羊区,104.068005,30.669928,1
罗丹尼,shopping,购物服务;购物相关场所;购物相关场所,青羊区,104.068692,30.669841,7
路尚,shopping,购物服务;购物相关场所;购物相关场所,青羊区,104.07549,30.676514,141
心境,shopping,购物服务;服装鞋帽皮具店;服装鞋帽皮具店,青羊区,104.072806,30.677964,6
华益天使,shopping,购物服务;购物相关场所;购物相关场所,青羊区,104.063629,30.670915,4
花多多鲜花店,shopping,购物服务;花鸟鱼虫市场;花卉市场,青羊区,104.070498,30.669343,3
夏磊干杂店,shopping,购物服务;便民商店/便利店;便民商店/便利店,青羊区,104.064522,30.670771,2
谷朵鲜花(骡马市店),shopping,购物服务;花鸟鱼虫市场;花卉市场,青羊区,104.065284,30.669809,1
果果鲜花,shopping,购物服务;花鸟鱼虫市场;花卉市场,青羊区,104.069397,30.671353,2
龙鑫娅,shopping,购物服务;购物相关场所;购物相关场所,青羊区,104.065514,30.668512,55
新玲珑食品店,shopping,购物服务;便民商店/便利店;便民商店/便利店,青羊区,104.065817,30.670263,1
美的,shopping,购物服务;家电电子卖场;家电电子卖场,青羊区,104.063947,30.670432,1
新潮,shopping,购物服务;购物相关场所;购物相关场所,青羊区,104.079704,30.673909,29
玉颜色坊,shopping,购物服务;购物相关场所;购物相关场所,青羊区,104.07846,30.67527,5
绿鲜多,shopping,购物服务;综合市场;农副产品市场,青羊区,104.076925,30.674833,7
大安渔具,shopping,购物服务;购物相关场所;购物相关场所,青羊区,104.079587,30.675476,3
康达钓具,shopping,购物服务;专卖店;专营店,金牛区,104.08024,30.676972,8
兴达,shopping,购物服务;专卖店;音像店,金牛区,104.078264,30.677816,16
梦幻小屋,shopping,购物服务;服装鞋帽皮具店;服装鞋帽皮具店,金牛区,104.082528,30.676717,17
鑫恒丰,shopping,购物服务;购物相关场所;购物相关场所,青羊区,104.079745,30.670043,93
精华眼镜(星辉店),shopping,购物服务;专卖店;眼镜店,金牛区,104.082013,30.675856,1
花开相爱(狮马路店),shopping,购物服务;专卖店;专营店,青羊区,104.081909,30.672643,5
云君超市,shopping,购物服务;便民商店/便利店;便民商店/便利店,青羊区,104.082375,30.673704,2
冰冰冰淇淋,shopping,购物服务;购物相关场所;购物相关场所,青羊区,104.080927,30.671649,2
飞利浦,shopping,购物服务;购物相关场所;购物相关场所,青羊区,104.082727,30.674549,6
峨眉雪芽,shopping,购物服务;专卖店;专营店,青羊区,104.076327,30.677796,1
风笛,shopping,购物服务;购物相关场所;购物相关场所,青羊区,104.085422,30.669667,158
红袖,shopping,购物服务;服装鞋帽皮具店;品牌服装店,金牛区,104.084609,30.675163,28
日照副食商店,shopping,购物服务;便民商店/便利店;便民商店/便利店,青羊区,104.083053,30.672423,3
嗨呀呀,shopping,购物服务;专卖店;礼品饰品店,锦江区,104.077519,30.669316,10
爱尚绣,shopping,购物服务;购物相关场所;购物相关场所,青羊区,104.074067,30.678053,4
四川勃森拍卖有限公司,shopping,购物服务;特殊买卖场所;拍卖行,金牛区,104.081125,30.676683,1
成都龙腾通讯,shopping,购物服务;家电电子卖场;手机销售,青羊区,104.081208,30.672272,1
工人村菜市场,shopping,购物服务;购物相关场所;购物相关场所,金牛区,104.082285,30.678482,1
佳飞教材市场,shopping,购物服务;购物相关场所;购物相关场所,青羊区,104.074728,30.671648,1
省直属机关,shopping,购物服务;购物相关场所;购物相关场所,青羊区,104.076761,30.672679,1
花间集花艺店,shopping,购物服务;花鸟鱼虫市场;花卉市场,成华区,104.088658,30.673021,3
赵氏制衣,shopping,购物服务;服装鞋帽皮具店;服装鞋帽皮具店,金牛区,104.089861,30.676443,20
BOOK购书中心,shopping,购物服务;购物相关场所;购物相关场所,金牛区,104.087197,30.673261,3
正旺干杂店,shopping,购物服务;便民商店/便利店;便民商店/便利店,成华区,104.090132,30.673128,6
嘉欣干杂,shopping,购物服务;便民商店/便利店;便民商店/便利店,金牛区,104.086376,30.673658,2
馨语新,shopping,购物服务;便民商店/便利店;便民商店/便利店,金牛区,104.088453,30.676262,2
浩轩干杂,shopping,购物服务;便民商店/便利店;便民商店/便利店,成华区,104.090967,30.67611,14
康悦茶庄,shopping,购物服务;专卖店;专营店,成华区,104.092273,30.673835,13
久久便利店,shopping,购物服务;便民商店/便利店;便民商店/便利店,成华区,104.090941,30.672646,3
文明建筑书店,shopping,购物服务;专卖店;专营店,金牛区,104.085429,30.674168,1
会友副食店,shopping,购物服务;便民商店/便利店;便民商店/便利店,金牛区,104.085859,30.67604,1
专业板脚王,shopping,购物服务;购物相关场所;购物相关场所,金牛区,104.086624,30.677354,2
喜田商店,shopping,购物服务;便民商店/便利店;便民商店/便利店,成华区,104.092328,30.67537,3
隆情食品店,shopping,购物服务;便民商店/便利店;便民商店/便利店,金牛区,104.08718,30.677898,3
华西钓具,shopping,购物服务;专卖店;专营店,金牛区,104.084189,30.675911,6
新成鲜花,shopping,购物服务;花鸟鱼虫市场;花卉市场,成华区,104.092891,30.675391,2
娇子烟行,shopping,购物服务;便民商店/便利店;便民商店/便利店,成华区,104.093153,30.673502,1
健乐美厂价特惠连锁机构,shopping,购物服务;购物相关场所;购物相关场所,成华区,104.093418,30.6751,1
超级大乐透,shopping,购物服务;购物相关场所;购物相关场所,成华区,104.093436,30.672878,2
胖大姐无公害水库鱼,shopping,购物服务;综合市场;水产海鲜市场,金牛区,104.087261,30.679288,1
自动扶梯上,shopping,购物服务;购物相关场所;购物相关场所,成华区,104.092962,30.678271,1
比弗利专卖店,shopping,购物服务;购物相关场所;购物相关场所,成华区,104.093138,30.678795,1
嘉裕电脑,shopping,购物服务;家电电子卖场;数码电子,成华区,104.088379,30.672426,1
安可,shopping,购物服务;购物相关场所;购物相关场所,成华区,104.09973,30.668912,1454
杏坛书舍,shopping,购物服务;专卖店;书店,成华区,104.095678,30.676136,1
五金洁具木条石膏板,shopping,购物服务;购物相关场所;购物相关场所,成华区,104.101906,30.673602,1
程姐小食部,shopping,餐饮服务;中餐厅;中餐厅|购物服务;便民商店/便利店;便民商店/便利店,成华区,104.095117,30.675843,3
疏堵结合点,shopping,购物服务;购物相关场所;购物相关场所,成华区,104.102546,30.674506,2
亮亮小卖部,shopping,购物服务;购物相关场所;购物相关场所,成华区,104.09453,30.672846,1
田小鱼,shopping,购物服务;购物相关场所;购物相关场所,成华区,104.094958,30.671983,1
缅魔米牌系列缅甸精品大米,shopping,购物服务;购物相关场所;购物相关场所,成华区,104.09408,30.671742,2
茶根缘,shopping,购物服务;购物相关场所;购物相关场所,成华区,104.09402,30.677515,19
合兴桶装水经营部,shopping,购物服务;购物相关场所;购物相关场所,成华区,104.099905,30.669677,1
小刘干杂,shopping,购物服务;便民商店/便利店;便民商店/便利店,成华区,104.094176,30.671018,4
虹波超市(踏水巷),shopping,购物服务;便民商店/便利店;便民商店/便利店,成华区,104.102959,30.678746,2
千丝艺,shopping,购物服务;购物相关场所;购物相关场所,成华区,104.094054,30.678859,1
鲤鱼牌粮油销售部,shopping,购物服务;综合市场;农副产品市场,成华区,104.103363,30.677047,1
张记干杂店,shopping,购物服务;便民商店/便利店;便民商店/便利店,成华区,104.095854,30.669594,1
兴裕副食店,shopping,购物服务;便民商店/便利店;便民商店/便利店,成华区,104.095322,30.670448,1
优佳商城,shopping,购物服务;购物相关场所;购物相关场所,成华区,104.098704,30.674376,1
海力体育,shopping,购物服务;购物相关场所;购物相关场所,成华区,104.110214,30.674254,24
优品正源,shopping,购物服务;购物相关场所;购物相关场所,成华区,104.107945,30.673585,3
阿吉豆,shopping,购物服务;专卖店;礼品饰品店,成华区,104.10657,30.673845,236
金美达,shopping,购物服务;服装鞋帽皮具店;服装鞋帽皮具店,成华区,104.108847,30.676945,56
国威电器,shopping,购物服务;购物相关场所;购物相关场所,成华区,104.110319,30.675362,3
簏婴房,shopping,购物服务;专卖店;儿童用品店,成华区,104.106315,30.675828,11
杉杉,shopping,购物服务;服装鞋帽皮具店;品牌服装店,成华区,104.109642,30.67092,317
国窖1513,shopping,购物服务;购物相关场所;购物相关场所,成华区,104.110876,30.675064,1
山秀水业,shopping,购物服务;购物相关场所;购物相关场所,成华区,104.111868,30.673188,13
左邻.银誉车业,shopping,购物服务;购物相关场所;购物相关场所,成华区,104.111201,30.676601,1
随意鲜花(成华区分店),shopping,购物服务;专卖店;专营店,成华区,104.106054,30.671822,1
福星星超市,shopping,购物服务;购物相关场所;购物相关场所,成华区,104.111334,30.672122,1
蔬菜,shopping,购物服务;综合市场;农副产品市场|购物服务;综合市场;蔬菜市场,成华区,104.108246,30.669419,24
丰谷酒王(建和路),shopping,购物服务;专卖店;烟酒专卖店,成华区,104.11231,30.675914,2
木木的小屋,shopping,购物服务;购物相关场所;购物相关场所,成华区,104.112758,30.67438,1
骑驴社单车工作室,shopping,购物服务;购物相关场所;购物相关场所,成华区,104.111454,30.677044,1
脆香干货水果,shopping,购物服务;专卖店;专营店,成华区,104.111538,30.671659,2
东篱菜市,shopping,购物服务;综合市场;蔬菜市场,成华区,104.113693,30.673514,15
友邻超市,shopping,购物服务;购物相关场所;购物相关场所,成华区,104.112269,30.671761,1
邻家维客,shopping,购物服务;购物相关场所;购物相关场所,成华区,104.111749,30.670984,2
雲门筝茗,shopping,购物服务;购物相关场所;购物相关场所,成华区,104.10356,30.675317,2
阳光花屋(建新路),shopping,购物服务;花鸟鱼虫市场;花卉市场,成华区,104.11298,30.672112,2
李氏金店(建设北路二段),shopping,购物服务;专卖店;珠宝首饰工艺品,成华区,104.104357,30.677354,1
暖暖品质羊绒生活馆,shopping,购物服务;服装鞋帽皮具店;服装鞋帽皮具店,成华区,104.10576,30.678636,2
君馨利花坊(sm广场店),shopping,购物服务;购物相关场所;购物相关场所,成华区,104.113033,30.670552,1
便民超市,shopping,购物服务;便民商店/便利店;便民商店/便利店,成华区,104.104959,30.677594,2
芙罗拉花艺馆,shopping,购物服务;花鸟鱼虫市场;花卉市场,成华区,104.111445,30.675663,1
新益家乐,shopping,购物服务;便民商店/便利店;便民商店/便利店,成华区,104.110636,30.676536,1
手拉手超市,shopping,购物服务;购物相关场所;购物相关场所,成华区,104.112971,30.672719,1
东芳粮油,shopping,购物服务;综合市场;农副产品市场,成华区,104.119334,30.674753,4
优驰,shopping,购物服务;购物相关场所;购物相关场所,成华区,104.121859,30.675177,69
心成鲜花,shopping,购物服务;花鸟鱼虫市场;花卉市场,成华区,104.121065,30.673102,18
世尚花店,shopping,购物服务;花鸟鱼虫市场;花卉市场,成华区,104.11438,30.674421,7
建鑫商行(圣灯路),shopping,购物服务;便民商店/便利店;便民商店/便利店,成华区,104.12018,30.677222,1
三慧堂,shopping,购物服务;专卖店;专营店,成华区,104.119419,30.671283,1
天天鲜花旗舰店,shopping,购物服务;购物相关场所;购物相关场所,成华区,104.120796,30.676935,1
音画车间,shopping,购物服务;专卖店;音像店|公司企业;公司;公司,成华区,104.121368,30.671585,9
黑眼圈,shopping,购物服务;专卖店;专营店,成华区,104.118169,30.671076,1
成都八方众合商贸,shopping,购物服务;购物相关场所;购物相关场所,成华区,104.119497,30.677805,1
破釜音乐书屋,shopping,购物服务;专卖店;书店,成华区,104.120255,30.671032,4
东郊供销社,shopping,购物服务;购物相关场所;购物相关场所,成华区,104.119177,30.670707,6
酒号公馆,shopping,餐饮服务;中餐厅;综合酒楼|购物服务;专卖店;烟酒专卖店,成华区,104.123401,30.673724,7
中搜智创有限公司,shopping,购物服务;购物相关场所;购物相关场所,成华区,104.121395,30.670846,1
Apple Mall,shopping,购物服务;购物相关场所;购物相关场所,成华区,104.120914,30.670431,1
腾龙LRC俱乐部,shopping,购物服务;专卖店;摄影器材店,成华区,104.116213,30.669778,2
惠宇酒水批发超市,shopping,购物服务;专卖店;烟酒专卖店,成华区,104.113701,30.670949,1
捷鑫超市,shopping,购物服务;便民商店/便利店;便民商店/便利店,成华区,104.131208,30.675496,1
枫岭花卉,shopping,购物服务;花鸟鱼虫市场;花卉市场,成华区,104.124964,30.676125,2
赵鲜生,shopping,购物服务;专卖店;烟酒专卖店,成华区,104.128586,30.678414,2
魔方街商业街,shopping,购物服务;特色商业街;步行街,成华区,104.124122,30.671974,4
红频副食,shopping,购物服务;专卖店;烟酒专卖店,成华区,104.132295,30.677313,5
匹克,shopping,购物服务;体育用品店;体育用品店,成华区,104.133846,30.676024,16
风速单车,shopping,购物服务;专卖店;自行车专卖店,成华区,104.132272,30.677913,3
便民菜市,shopping,购物服务;综合市场;蔬菜市场,成华区,104.13223,30.678593,2
韵雅丽人美妆,shopping,购物服务;个人用品/化妆品店;其它个人用品店,成华区,104.125292,30.672116,1
兴元粮油,shopping,购物服务;购物相关场所;购物相关场所,成华区,104.130554,30.6785,1
捷超,shopping,购物服务;购物相关场所;购物相关场所,成华区,104.140904,30.674935,1
全品超市,shopping,购物服务;便民商店/便利店;便民商店/便利店,成华区,104.137541,30.67651,2
星旺副食店(中环路崔家店路段),shopping,购物服务;便民商店/便利店;便民商店/便利店,成华区,104.136132,30.673529,1
吉田小屋,shopping,购物服务;购物相关场所;购物相关场所,成华区,104.136938,30.676264,2
资产公司商贸超市(南苑店),shopping,购物服务;便民商店/便利店;便民商店/便利店,成华区,104.140889,30.673183,1
卢杨的店,shopping,购物服务;购物相关场所;购物相关场所,成华区,104.135211,30.673674,2
资产公司商贸超市(银杏餐厅店),shopping,购物服务;便民商店/便利店;便民商店/便利店,成华区,104.141494,30.672684,1
又一家店,shopping,购物服务;便民商店/便利店;便民商店/便利店,成华区,104.135382,30.676072,2
鲜之爽,shopping,购物服务;便民商店/便利店;便民商店/便利店,成华区,104.138168,30.677801,3
奇比特润滑油,shopping,购物服务;购物相关场所;购物相关场所,成华区,104.136102,30.671639,1
联想(中环路崔家店路段),shopping,购物服务;家电电子卖场;数码电子,成华区,104.134929,30.672287,3
清香超市,shopping,购物服务;便民商店/便利店;便民商店/便利店|餐饮服务;茶艺馆;茶艺馆,成华区,104.134251,30.674075,3
米易户外逃脱,shopping,购物服务;购物相关场所;购物相关场所,成华区,104.135531,30.671581,1
懒虫小店,shopping,购物服务;购物相关场所;购物相关场所,成华区,104.136106,30.671108,3
康康干杂店,shopping,购物服务;便民商店/便利店;便民商店/便利店,成华区,104.134552,30.67113,3
红高粱酒坊,shopping,购物服务;专卖店;烟酒专卖店,成华区,104.135664,30.66953,4
桃逸,shopping,购物服务;购物相关场所;购物相关场所,成华区,104.143676,30.677788,16
热水器·灶具配件,shopping,购物服务;专卖店;专营店,成华区,104.134309,30.670405,1
桥头超市,shopping,购物服务;便民商店/便利店;便民商店/便利店,成华区,104.143448,30.678824,2
邹全商贸,shopping,购物服务;综合市场;农副产品市场,成华区,104.138777,30.669948,1
创艺用品文具,shopping,购物服务;文化用品店;文化用品店,成华区,104.140296,30.678235,1
四川省金斯帝正装(理工大学店),shopping,购物服务;服装鞋帽皮具店;服装鞋帽皮具店,成华区,104.142657,30.675272,1
红旗超市(十里店路店),shopping,购物服务;超级市场;超市,成华区,104.136225,30.675846,1
虫虫叮竞技馆,shopping,购物服务;购物相关场所;购物相关场所,成华区,104.142882,30.678648,1
资产公司商贸超市(珙桐六公寓店),shopping,购物服务;便民商店/便利店;便民商店/便利店,成华区,104.146572,30.674065,1
资产公司商贸超市(珙桐七公寓店),shopping,购物服务;便民商店/便利店;便民商店/便利店,成华区,104.14637,30.674539,1
好实惠超市(长邻潭社区卫生站西北),shopping,购物服务;便民商店/便利店;便民商店/便利店,成华区,104.146088,30.671335,1
东方之窗眼镜(银杏店),shopping,购物服务;专卖店;眼镜店,成华区,104.144107,30.673925,1
果色甜香(银杏路),shopping,购物服务;综合市场;果品市场,成华区,104.144136,30.673302,2
良硕宠物用品专营店,shopping,购物服务;购物相关场所;购物相关场所,成华区,104.144217,30.678076,1
资产公司商贸超市(香樟餐厅店),shopping,购物服务;便民商店/便利店;便民商店/便利店,成华区,104.152005,30.67924,1
圆美超市,shopping,购物服务;便民商店/便利店;便民商店/便利店,成华区,104.15641,30.671085,3
明明桌椅,shopping,购物服务;购物相关场所;购物相关场所,成华区,104.165039,30.675186,5
谢师副食,shopping,购物服务;便民商店/便利店;便民商店/便利店,青羊区,103.969316,30.66455,1
物美廉购物,shopping,购物服务;便民商店/便利店;便民商店/便利店,青羊区,103.969538,30.663298,1
互润超市,shopping,购物服务;超级市场;超市,青羊区,103.969625,30.665794,7
永兴榨油坊,shopping,购物服务;综合市场;农副产品市场,青羊区,103.970009,30.663905,3
邛崃高埂酒,shopping,购物服务;专卖店;烟酒专卖店,青羊区,103.970634,30.664135,1
小灶纯高粱酒,shopping,购物服务;专卖店;烟酒专卖店,青羊区,103.968237,30.661779,4
开军副食,shopping,购物服务;便民商店/便利店;便民商店/便利店,青羊区,103.972139,30.663735,1
丽璐思,shopping,购物服务;购物相关场所;购物相关场所,青羊区,103.965429,30.667085,19
英莱壳润滑油,shopping,购物服务;购物相关场所;购物相关场所,青羊区,103.973025,30.664196,1
遂宁批发,shopping,购物服务;便民商店/便利店;便民商店/便利店,青羊区,103.966424,30.661075,1
誉升砼泵配件,shopping,购物服务;专卖店;专营店,青羊区,103.973624,30.663977,1
九朵,shopping,购物服务;专卖店;专营店,武侯区,103.966139,30.658323,95
香源便利店,shopping,购物服务;便民商店/便利店;便民商店/便利店,武侯区,103.972796,30.661364,3
汇食界,shopping,购物服务;专卖店;专营店,青羊区,103.971968,30.668644,3
和鑫,shopping,购物服务;便民商店/便利店;便民商店/便利店,武侯区,103.97376,30.66224,4
瑞麟木门厂,shopping,购物服务;购物相关场所;购物相关场所,青羊区,103.965596,30.660589,1
晨阳超市(鑫绿路),shopping,购物服务;便民商店/便利店;便民商店/便利店,武侯区,103.971563,30.660061,1
美嘉仕蓝,shopping,购物服务;购物相关场所;购物相关场所,青羊区,103.97287,30.668685,5
雅鹿工厂店,shopping,购物服务;服装鞋帽皮具店;品牌服装店,青羊区,103.973774,30.663487,1
尺素花店,shopping,购物服务;购物相关场所;购物相关场所,青羊区,103.977809,30.6627,36
琢玉,shopping,购物服务;服装鞋帽皮具店;服装鞋帽皮具店,青羊区,103.976715,30.666726,75
华亿六华亿购物超市,shopping,购物服务;便民商店/便利店;便民商店/便利店,青羊区,103.979834,30.662183,4
向二哥杂货店,shopping,购物服务;购物相关场所;购物相关场所,青羊区,103.981228,30.665951,1
阳光志勇超市(清河阳光店),shopping,购物服务;便民商店/便利店;便民商店/便利店,青羊区,103.982202,30.664808,1
友谊干杂(万寿三路),shopping,购物服务;便民商店/便利店;便民商店/便利店,青羊区,103.977806,30.661708,2
临时菜市,shopping,购物服务;综合市场;蔬菜市场,武侯区,103.976013,30.662716,1
紫侨发动机配件,shopping,购物服务;专卖店;专营店|汽车服务;汽车服务相关;汽车服务相关,武侯区,103.975518,30.663291,1
如意批发(月华路),shopping,购物服务;便民商店/便利店;便民商店/便利店,青羊区,103.980938,30.667416,2
好到家超市(万寿一路),shopping,购物服务;便民商店/便利店;便民商店/便利店,青羊区,103.979911,30.661322,1
拉丁红,shopping,购物服务;购物相关场所;购物相关场所,青羊区,103.978088,30.668192,5
强力电动工具,shopping,购物服务;专卖店;专营店,青羊区,103.97465,30.664118,2
久品茗茶,shopping,购物服务;购物相关场所;购物相关场所,青羊区,103.979077,30.660934,2
偶客超市,shopping,购物服务;便民商店/便利店;便民商店/便利店,青羊区,103.975971,30.668406,7
好邻居超市(美苑分店),shopping,购物服务;便民商店/便利店;便民商店/便利店,青羊区,103.978409,30.660855,1
幸福超市,shopping,购物服务;购物相关场所;购物相关场所,青羊区,103.974296,30.664574,1
挖掘机配件,shopping,购物服务;购物相关场所;购物相关场所,青羊区,103.974326,30.66369,1
成都升降平台直销,shopping,购物服务;购物相关场所;购物相关场所,武侯区,103.979854,30.660569,1
亿佰超市(鑫绿路),shopping,购物服务;便民商店/便利店;便民商店/便利店,武侯区,103.974686,30.66225,1
西领花溪,shopping,购物服务;综合市场;综合市场,青羊区,103.981472,30.668519,1
青羊区俊冬俊梅零零柒超市,shopping,购物服务;购物相关场所;购物相关场所,青羊区,103.974138,30.668276,1
乳膠專賣店,shopping,购物服务;购物相关场所;购物相关场所,武侯区,103.974429,30.660049,1
菜先生,shopping,购物服务;综合市场;蔬菜市场,青羊区,103.990868,30.666843,65
红旗超市(东坡路便利店),shopping,购物服务;超级市场;超市,青羊区,103.990435,30.663482,1
鸿嘉尔酒水,shopping,购物服务;专卖店;烟酒专卖店,青羊区,103.991086,30.66562,3
乡村果业,shopping,购物服务;综合市场;果品市场,青羊区,103.992279,30.663752,11
NATURE,shopping,购物服务;购物相关场所;购物相关场所,青羊区,103.991094,30.663209,1
碧华铃5栎,shopping,购物服务;购物相关场所;购物相关场所,青羊区,103.986457,30.666104,1
鲜奶吧,shopping,购物服务;购物相关场所;购物相关场所,青羊区,103.987225,30.667558,30
伊诚店,shopping,购物服务;购物相关场所;购物相关场所,青羊区,103.988774,30.667697,12
蓝莓儿,shopping,购物服务;专卖店;专营店,青羊区,103.992841,30.665865,8
优优宠宝乐园,shopping,购物服务;花鸟鱼虫市场;宠物市场,武侯区,103.985327,30.662261,2
美的净水器,shopping,购物服务;购物相关场所;购物相关场所,青羊区,103.993198,30.664524,1
鼎丰园生鲜超市,shopping,购物服务;综合市场;果品市场,青羊区,103.98872,30.668551,4
昆仑好客便利店(玉宇路),shopping,购物服务;便民商店/便利店;便民商店/便利店,青羊区,103.985831,30.668001,1
六瑞堂翡翠馆,shopping,购物服务;专卖店;珠宝首饰工艺品,武侯区,103.988057,30.660365,1
农蔬园,shopping,购物服务;综合市场;蔬菜市场,青羊区,103.993778,30.663811,6
玖玖惠超市,shopping,购物服务;便民商店/便利店;便民商店/便利店,青羊区,103.989881,30.669199,5
松月燭光,shopping,购物服务;购物相关场所;购物相关场所,武侯区,103.987412,30.660046,1
春晓服饰,shopping,购物服务;服装鞋帽皮具店;服装鞋帽皮具店,青羊区,103.991437,30.668981,3
龙泉水业(凯旋店),shopping,购物服务;购物相关场所;购物相关场所,青羊区,103.993265,30.661532,1
善至茶慧,shopping,购物服务;购物相关场所;购物相关场所,武侯区,103.986413,30.659914,1
角角配送中心,shopping,购物服务;便民商店/便利店;便民商店/便利店,武侯区,103.98586,30.660082,1
雪花,shopping,购物服务;购物相关场所;购物相关场所,武侯区,103.983986,30.661073,1
小田副食店,shopping,购物服务;超级市场;超市,青羊区,103.992692,30.668856,3
姊妹瓜子,shopping,购物服务;购物相关场所;购物相关场所,青羊区,103.999517,30.665066,7
鱼&小猪童装店,shopping,购物服务;专卖店;儿童用品店,青羊区,103.998367,30.665169,1
小Q宠物,shopping,购物服务;专卖店;宠物用品店|购物服务;花鸟鱼虫市场;宠物市场,青羊区,103.996963,30.665561,30
翠华原石艺术生活馆,shopping,购物服务;专卖店;珠宝首饰工艺品,青羊区,104.00032,30.664964,1
龙润茶东,shopping,购物服务;购物相关场所;购物相关场所,青羊区,104.000538,30.664202,3
东佳副食店,shopping,购物服务;便民商店/便利店;便民商店/便利店,青羊区,104.001539,30.665935,4
南台月,shopping,购物服务;购物相关场所;购物相关场所,青羊区,103.997597,30.667036,3
双福店,shopping,购物服务;便民商店/便利店;便民商店/便利店,武侯区,103.998813,30.661388,11
美姿韵,shopping,购物服务;购物相关场所;购物相关场所,武侯区,103.997945,30.661643,2
史密斯热水器店,shopping,购物服务;购物相关场所;购物相关场所,青羊区,103.995543,30.666437,1
清雅轩,shopping,购物服务;便民商店/便利店;便民商店/便利店,青羊区,103.998356,30.668041,14
真淳,shopping,购物服务;专卖店;专营店,青羊区,104.004766,30.666738,163
锡元水产,shopping,购物服务;综合市场;水产海鲜市场,青羊区,103.99464,30.666428,16
007连锁超市(凯旋店),shopping,购物服务;购物相关场所;购物相关场所,青羊区,103.999274,30.668447,1
ASUS,shopping,购物服务;购物相关场所;购物相关场所,武侯区,103.999132,30.660541,2
点点窝,shopping,购物服务;购物相关场所;购物相关场所,武侯区,104.002039,30.661073,11
壹零壹超市(东坡北一路),shopping,购物服务;便民商店/便利店;便民商店/便利店,青羊区,103.995092,30.667398,1
宝彩行珠宝,shopping,购物服务;专卖店;珠宝首饰工艺品,青羊区,103.998734,30.669078,1
鲜鲜优果,shopping,购物服务;综合市场;果品市场,青羊区,103.996262,30.669075,10
爱家堂母婴用品,shopping,购物服务;专卖店;儿童用品店,青羊区,103.994781,30.66779,2
德士龙润滑油,shopping,购物服务;购物相关场所;购物相关场所,青羊区,104.002027,30.668475,2
怡美居家纺,shopping,购物服务;购物相关场所;购物相关场所,青羊区,104.001347,30.669213,4
熊哥便利店,shopping,购物服务;便民商店/便利店;便民商店/便利店,武侯区,104.000442,30.659824,2
迪斯尼DIY儿童益智创意馆,shopping,购物服务;专卖店;儿童用品店,青羊区,103.994098,30.667803,1
鲜果蔬,shopping,购物服务;综合市场;蔬菜市场,武侯区,104.000571,30.659142,23
多·美,shopping,购物服务;服装鞋帽皮具店;品牌服装店,青羊区,104.00334,30.668527,3
蒂可,shopping,购物服务;服装鞋帽皮具店;服装鞋帽皮具店,青羊区,104.008347,30.663474,24
好吃坊,shopping,购物服务;综合市场;果品市场,青羊区,104.008171,30.667106,58
集康经营部,shopping,购物服务;个人用品/化妆品店;其它个人用品店,青羊区,104.01034,30.664538,2
永顺,shopping,购物服务;服装鞋帽皮具店;服装鞋帽皮具店,青羊区,104.012078,30.665062,368
尼德数码,shopping,购物服务;家电电子卖场;数码电子,青羊区,104.01006,30.663104,2
完美四川分公司,shopping,购物服务;个人用品/化妆品店;其它个人用品店,青羊区,104.006554,30.664153,1
佳木乐道茶庄,shopping,购物服务;专卖店;专营店,青羊区,104.006085,30.66504,6
良壤,shopping,购物服务;综合市场;农副产品市场,青羊区,104.010234,30.662387,14
爱达乐手工作坊,shopping,购物服务;购物相关场所;购物相关场所,青羊区,104.009842,30.666976,2
龙猫公馆,shopping,购物服务;专卖店;宠物用品店,青羊区,104.006358,30.66636,2
羿百跨境购(优品道店),shopping,购物服务;专卖店;专营店,青羊区,104.006516,30.667136,1
记约专柜,shopping,购物服务;服装鞋帽皮具店;服装鞋帽皮具店,青羊区,104.004401,30.664245,3
禾盛龙兴,shopping,购物服务;综合市场;农副产品市场,青羊区,104.00611,30.661141,3
格力,shopping,购物服务;家电电子卖场;家电电子卖场,青羊区,104.01348,30.665298,4
优十超市,shopping,购物服务;购物相关场所;购物相关场所,青羊区,104.008964,30.66886,1
同庆号普洱茶,shopping,购物服务;专卖店;专营店,青羊区,104.005532,30.660625,10
实惠超市,shopping,购物服务;购物相关场所;购物相关场所,青羊区,104.004118,30.667051,1
综合超市,shopping,购物服务;购物相关场所;购物相关场所,青羊区,104.010247,30.669194,2
鲜肉蔬菜,shopping,购物服务;综合市场;农副产品市场,青羊区,104.013653,30.661548,11
老苗医泡脚超市,shopping,购物服务;购物相关场所;购物相关场所,青羊区,104.00573,30.669387,1
锦东酒业(中环路青羊大道段),shopping,购物服务;专卖店;烟酒专卖店,青羊区,104.005152,30.659776,1
华龙超市(光华村街),shopping,购物服务;便民商店/便利店;便民商店/便利店,青羊区,104.008456,30.667903,1
金娃娃,shopping,购物服务;购物相关场所;购物相关场所,青羊区,104.018851,30.664104,7
呼吸,shopping,购物服务;服装鞋帽皮具店;服装鞋帽皮具店,青羊区,104.018196,30.66554,493
秀依酷,shopping,购物服务;服装鞋帽皮具店;服装鞋帽皮具店,青羊区,104.019878,30.665153,16
快鱼,shopping,购物服务;服装鞋帽皮具店;服装鞋帽皮具店,青羊区,104.018765,30.661872,54
老郎酒,shopping,购物服务;专卖店;烟酒专卖店,青羊区,104.021296,30.664056,9
MEPHISTO,shopping,购物服务;专卖店;专营店,青羊区,104.016627,30.663569,1
金石缘珠宝(光华村街),shopping,购物服务;专卖店;珠宝首饰工艺品,青羊区,104.016261,30.665043,1
会员制仓储店,shopping,购物服务;购物相关场所;购物相关场所,青羊区,104.019592,30.666983,6
伊红妆,shopping,购物服务;服装鞋帽皮具店;服装鞋帽皮具店,青羊区,104.021259,30.665577,6
百年缅玉,shopping,购物服务;专卖店;珠宝首饰工艺品,青羊区,104.02148,30.664977,3
百信-多好,shopping,购物服务;购物相关场所;购物相关场所,青羊区,104.01975,30.662162,1
华光公屋,shopping,购物服务;购物相关场所;购物相关场所,青羊区,104.021305,30.666251,1
阳尤,shopping,购物服务;服装鞋帽皮具店;品牌服装店,青羊区,104.014804,30.665142,23
美汇经典,shopping,购物服务;购物相关场所;购物相关场所,青羊区,104.022302,30.665045,1
农夫山泉,shopping,购物服务;专卖店;专营店,青羊区,104.022522,30.665631,2
名媛衣饰折扣店,shopping,购物服务;专卖店;专营店,青羊区,104.018786,30.668191,3
智科全自动麻将机,shopping,购物服务;购物相关场所;购物相关场所,青羊区,104.019056,30.660419,5
华谊超市,shopping,购物服务;购物相关场所;购物相关场所,青羊区,104.01408,30.664041,2
素玉副食,shopping,购物服务;便民商店/便利店;便民商店/便利店,青羊区,104.013984,30.663195,7
邑海小超市,shopping,购物服务;购物相关场所;购物相关场所,青羊区,104.018014,30.660526,1
米其林轮胎,shopping,购物服务;购物相关场所;购物相关场所,青羊区,104.023756,30.665062,6
智能家居旗舰店,shopping,购物服务;购物相关场所;购物相关场所,青羊区,104.019534,30.668744,1
浣花坊,shopping,购物服务;购物相关场所;购物相关场所,青羊区,104.02333,30.662426,2
白内障青光眼,shopping,购物服务;购物相关场所;购物相关场所,青羊区,104.018686,30.668948,2
奥古斯名庄葡萄酒工作室,shopping,购物服务;购物相关场所;购物相关场所,青羊区,104.023398,30.659549,1
八益拍卖,shopping,购物服务;特殊买卖场所;拍卖行,青羊区,104.019912,30.669211,2
四川兴泓洋机电设备安装工程有限公司,shopping,购物服务;家电电子卖场;家电电子卖场,青羊区,104.016962,30.667332,1
国正书吧,shopping,购物服务;购物相关场所;购物相关场所,青羊区,104.014058,30.667357,1
知叶堂,shopping,购物服务;专卖店;专营店,青羊区,104.028006,30.665194,14
恋衣橱,shopping,购物服务;服装鞋帽皮具店;服装鞋帽皮具店,青羊区,104.029629,30.665258,6
水木外贸,shopping,购物服务;服装鞋帽皮具店;服装鞋帽皮具店,青羊区,104.031194,30.665289,3
藏雍堂,shopping,购物服务;购物相关场所;购物相关场所,青羊区,104.025377,30.66486,30
大雅堂,shopping,购物服务;购物相关场所;购物相关场所,青羊区,104.026402,30.661872,1
链想,shopping,购物服务;购物相关场所;购物相关场所,青羊区,104.034833,30.664638,359
水竹居,shopping,购物服务;购物相关场所;购物相关场所,青羊区,104.024806,30.662853,1
百姓展厅,shopping,购物服务;购物相关场所;购物相关场所,青羊区,104.032373,30.662357,3
乐逗慧开,shopping,购物服务;购物相关场所;购物相关场所,青羊区,104.028622,30.668957,2
送仙桥古玩市场,shopping,购物服务;购物相关场所;购物相关场所,青羊区,104.026773,30.659933,1
均慧白酒,shopping,购物服务;专卖店;烟酒专卖店,青羊区,104.025553,30.669352,1
子佩,shopping,购物服务;购物相关场所;购物相关场所,青羊区,104.033988,30.660234,95
红旗超市(牧电路店),shopping,购物服务;超级市场;超市,青羊区,104.031535,30.669286,1
副食干杂店,shopping,购物服务;便民商店/便利店;便民商店/便利店,青羊区,104.029301,30.669209,1
迷你宝贝,shopping,购物服务;便民商店/便利店;便民商店/便利店,青羊区,104.031548,30.660545,1
祥云超市,shopping,购物服务;便民商店/便利店;便民商店/便利店,青羊区,104.038409,30.664034,8
成都现烘精品咖啡,shopping,购物服务;专卖店;专营店,青羊区,104.039205,30.664979,1
彩虹服装店(一环路西二段),shopping,购物服务;服装鞋帽皮具店;服装鞋帽皮具店,青羊区,104.038386,30.665442,2
青羊宫-小卖部,shopping,购物服务;便民商店/便利店;便民商店/便利店,青羊区,104.040376,30.664418,1
知更鸟文体用品经营部,shopping,购物服务;购物相关场所;购物相关场所,青羊区,104.038748,30.666355,1
青羊琴馆,shopping,购物服务;专卖店;专营店,青羊区,104.040688,30.663798,1
鱼是瑜,shopping,购物服务;购物相关场所;购物相关场所,青羊区,104.03814,30.667118,15
服布思,shopping,购物服务;服装鞋帽皮具店;服装鞋帽皮具店,青羊区,104.039476,30.667488,20
文化公园小卖部,shopping,购物服务;便民商店/便利店;便民商店/便利店,青羊区,104.038585,30.661527,2
采钰堂,shopping,购物服务;专卖店;珠宝首饰工艺品,青羊区,104.035281,30.665274,1
休闲陶吧,shopping,购物服务;购物相关场所;购物相关场所,青羊区,104.039353,30.661547,1
佳意书店,shopping,购物服务;专卖店;书店,金牛区,104.041282,30.666702,18
易菲,shopping,购物服务;服装鞋帽皮具店;服装鞋帽皮具店,青羊区,104.038164,30.660846,11
东方之窗眼镜,shopping,购物服务;专卖店;眼镜店,金牛区,104.040802,30.667498,2
桑迪(十二桥路),shopping,购物服务;服装鞋帽皮具店;服装鞋帽皮具店,金牛区,104.04028,30.667779,1
逸仕网,shopping,购物服务;便民商店/便利店;便民商店/便利店,青羊区,104.037005,30.660554,6
秸熙服饰,shopping,购物服务;购物相关场所;购物相关场所,青羊区,104.037512,30.668381,4
德信隆,shopping,购物服务;专卖店;烟酒专卖店,青羊区,104.043619,30.666309,41
玉莎,shopping,购物服务;服装鞋帽皮具店;服装鞋帽皮具店,青羊区,104.043413,30.662671,86
好酒客精酿啤酒超市,shopping,购物服务;专卖店;烟酒专卖店,青羊区,104.041295,30.660542,1
顺东超市(西雅图西),shopping,购物服务;便民商店/便利店;便民商店/便利店,金牛区,104.041544,30.668395,1
叠翠园学生超市,shopping,购物服务;便民商店/便利店;便民商店/便利店,金牛区,104.040358,30.669028,1
吴家酒,shopping,购物服务;专卖店;烟酒专卖店,青羊区,104.034656,30.66869,9
幼儿园小卖部,shopping,购物服务;购物相关场所;购物相关场所,青羊区,104.036602,30.669068,3
瑞芳超市(四川省中医院腹泻门诊东),shopping,购物服务;便民商店/便利店;便民商店/便利店,金牛区,104.041538,30.66897,1
盛坤副食品经营部,shopping,购物服务;购物相关场所;购物相关场所,青羊区,104.035374,30.669166,1
花果坊,shopping,购物服务;综合市场;果品市场,青羊区,104.038378,30.666034,1
安利,shopping,购物服务;购物相关场所;购物相关场所,青羊区,104.048185,30.664935,11
心域,shopping,购物服务;服装鞋帽皮具店;服装鞋帽皮具店,青羊区,104.048688,30.66273,72
胜天副食,shopping,购物服务;便民商店/便利店;便民商店/便利店,青羊区,104.049215,30.664415,1
金嘉福珠宝,shopping,购物服务;专卖店;珠宝首饰工艺品,青羊区,104.047284,30.664255,5
七彩文具店,shopping,购物服务;购物相关场所;购物相关场所,青羊区,104.050249,30.66495,5
馨御珠宝,shopping,购物服务;购物相关场所;购物相关场所,青羊区,104.047002,30.665123,6
金河副食(柿子巷),shopping,购物服务;便民商店/便利店;便民商店/便利店,青羊区,104.050314,30.66366,1
阿尤(横小南街),shopping,购物服务;服装鞋帽皮具店;服装鞋帽皮具店,青羊区,104.050504,30.662977,6
特产,shopping,购物服务;专卖店;专营店,青羊区,104.052352,30.665644,174
新阳光乳品配送,shopping,购物服务;综合市场;农副产品市场|生活服务;物流速递;物流速递,青羊区,104.047909,30.66254,1
EBLIN,shopping,购物服务;服装鞋帽皮具店;服装鞋帽皮具店,青羊区,104.046895,30.665826,2
名优产品,shopping,购物服务;购物相关场所;购物相关场所,青羊区,104.045207,30.665254,12
维维副食(方池街),shopping,购物服务;便民商店/便利店;便民商店/便利店,青羊区,104.050284,30.662179,1
泰缘佛,shopping,购物服务;购物相关场所;购物相关场所,青羊区,104.050555,30.661402,13
优品世家,shopping,购物服务;购物相关场所;购物相关场所,青羊区,104.046319,30.666367,1
玄木艺品,shopping,购物服务;专卖店;珠宝首饰工艺品,青羊区,104.049481,30.667349,7
楠寻,shopping,购物服务;专卖店;珠宝首饰工艺品,青羊区,104.050238,30.667004,1
闺小蜜,shopping,购物服务;购物相关场所;购物相关场所,青羊区,104.052977,30.663447,38
纯棉店,shopping,购物服务;购物相关场所;购物相关场所,青羊区,104.05131,30.661796,2
上海羊毛衫店,shopping,购物服务;购物相关场所;购物相关场所,青羊区,104.045392,30.666685,1
不晚,shopping,购物服务;服装鞋帽皮具店;服装鞋帽皮具店,青羊区,104.050124,30.667761,2
顾程,shopping,购物服务;购物相关场所;购物相关场所,青羊区,104.05153,30.668392,57
鑫禧小超市,shopping,购物服务;便民商店/便利店;便民商店/便利店,青羊区,104.050319,30.660324,13
谷朵鲜花(人民公园店),shopping,购物服务;购物相关场所;购物相关场所,青羊区,104.052907,30.662859,1
西行记,shopping,购物服务;购物相关场所;购物相关场所,青羊区,104.049755,30.668613,19
彭州板,shopping,购物服务;购物相关场所;购物相关场所,青羊区,104.052537,30.66068,43
香绣私享家,shopping,购物服务;购物相关场所;购物相关场所,青羊区,104.052042,30.667451,2
STORE便利店,shopping,购物服务;便民商店/便利店;便民商店/便利店,青羊区,104.053284,30.66209,1
NOTHING拿森,shopping,购物服务;购物相关场所;购物相关场所,青羊区,104.053538,30.660812,1
佳好玩具,shopping,购物服务;专卖店;儿童用品店,青羊区,104.053416,30.659966,7
四川金石拍卖有限公司,shopping,购物服务;特殊买卖场所;拍卖行,青羊区,104.059442,30.664333,2
花蝶,shopping,购物服务;服装鞋帽皮具店;服装鞋帽皮具店,青羊区,104.057705,30.663018,31
梵真,shopping,购物服务;购物相关场所;购物相关场所,青羊区,104.05777,30.665122,2
路易华新标牌·水晶礼品,shopping,购物服务;专卖店;礼品饰品店,青羊区,104.058279,30.665427,1
奥氏轩,shopping,购物服务;专卖店;专营店,青羊区,104.059784,30.662542,29
好茶,shopping,购物服务;专卖店;专营店,青羊区,104.060158,30.665026,19
蜀中,shopping,购物服务;购物相关场所;购物相关场所,青羊区,104.057352,30.666129,24
天天鲜果业,shopping,购物服务;购物相关场所;购物相关场所,青羊区,104.058677,30.666104,5
清真超市,shopping,购物服务;超级市场;超市,青羊区,104.056365,30.665315,7
自英食品商店,shopping,购物服务;便民商店/便利店;便民商店/便利店,青羊区,104.055981,30.664086,2
青羊区洪旗干杂店,shopping,购物服务;便民商店/便利店;便民商店/便利店,青羊区,104.056053,30.664643,1
玉世缘,shopping,购物服务;专卖店;珠宝首饰工艺品,青羊区,104.056888,30.666542,6
四川省水文器材经营部,shopping,购物服务;购物相关场所;购物相关场所,青羊区,104.055512,30.664939,1
福蕴玉器,shopping,购物服务;专卖店;珠宝首饰工艺品,青羊区,104.057382,30.661742,10
万有真原,shopping,购物服务;购物相关场所;购物相关场所,青羊区,104.059734,30.666915,1
东胜食品店,shopping,购物服务;便民商店/便利店;便民商店/便利店,青羊区,104.055668,30.663151,2
八号五福副食干杂店,shopping,购物服务;便民商店/便利店;便民商店/便利店,青羊区,104.058626,30.667187,1
电动轮椅,shopping,购物服务;购物相关场所;购物相关场所,青羊区,104.055428,30.661792,31
天鹏茗茶,shopping,购物服务;购物相关场所;购物相关场所,青羊区,104.057855,30.667686,15
树成副食,shopping,购物服务;便民商店/便利店;便民商店/便利店,青羊区,104.059816,30.667363,1
佳香干杂,shopping,购物服务;便民商店/便利店;便民商店/便利店,青羊区,104.062065,30.663311,1
健奴,shopping,购物服务;服装鞋帽皮具店;服装鞋帽皮具店|购物服务;体育用品店;体育用品店,青羊区,104.062913,30.665267,62
狄娜,shopping,购物服务;购物相关场所;购物相关场所,青羊区,104.058228,30.660186,56
诚信花艺,shopping,购物服务;购物相关场所;购物相关场所,青羊区,104.060313,30.661105,2
读者服务部,shopping,购物服务;购物相关场所;购物相关场所,青羊区,104.061088,30.66115,1
茜蒙诗,shopping,购物服务;服装鞋帽皮具店;服装鞋帽皮具店,青羊区,104.060528,30.667782,2
广图书店,shopping,购物服务;专卖店;专营店,青羊区,104.062953,30.663291,2
舞东风,shopping,购物服务;购物相关场所;购物相关场所,青羊区,104.061371,30.667761,10
张阳副食店(多子巷),shopping,购物服务;便民商店/便利店;便民商店/便利店,青羊区,104.054259,30.666465,1
知一书店,shopping,购物服务;专卖店;书店,青羊区,104.063233,30.662452,1
鑫马通讯,shopping,购物服务;家电电子卖场;手机销售,青羊区,104.056908,30.668689,3
雾雪堂,shopping,购物服务;专卖店;专营店,青羊区,104.063046,30.659914,61
怡心汇,shopping,购物服务;购物相关场所;购物相关场所,青羊区,104.062395,30.661037,5
情深缘花艺(成都青羊店),shopping,购物服务;花鸟鱼虫市场;花卉市场,青羊区,104.054104,30.66156,1
室内天广图书屋,shopping,购物服务;专卖店;书店,青羊区,104.063567,30.661553,6
破壁灵芝孢子(人民公园店),shopping,购物服务;专卖店;专营店,青羊区,104.056958,30.659749,1
千禧店,shopping,购物服务;便民商店/便利店;便民商店/便利店,青羊区,104.062602,30.667888,3
花缘巧语花店(商业街),shopping,购物服务;花鸟鱼虫市场;花卉市场,青羊区,104.055786,30.668697,1
顽居,shopping,购物服务;专卖店;儿童用品店,青羊区,104.055564,30.659786,6
中国电信(西城旗舰厅),shopping,购物服务;家电电子卖场;手机销售|生活服务;电讯营业厅;中国电信营业厅,青羊区,104.057333,30.669199,1
蕃坊,shopping,购物服务;便民商店/便利店;便民商店/便利店,青羊区,104.060127,30.659044,11
折扣店,shopping,购物服务;专卖店;专营店,青羊区,104.068589,30.663865,14
讯杰摄影器材专卖,shopping,购物服务;家电电子卖场;家电电子卖场,青羊区,104.068013,30.663097,4
攀西裂谷特产,shopping,购物服务;购物相关场所;购物相关场所,青羊区,104.068927,30.665654,1
盛福通讯,shopping,购物服务;家电电子卖场;手机销售,青羊区,104.0663,30.663212,14
鼓楼百货,shopping,购物服务;便民商店/便利店;便民商店/便利店,青羊区,104.069625,30.663264,5
顺洁超市,shopping,购物服务;便民商店/便利店;便民商店/便利店,青羊区,104.066434,30.664824,4
魅族(提督街锦阳商厦店),shopping,购物服务;家电电子卖场;手机销售,青羊区,104.069107,30.662499,1
青羊区隆顺食品店,shopping,购物服务;专卖店;烟酒专卖店,青羊区,104.069926,30.665686,2
讯捷通讯(文化宫店),shopping,购物服务;家电电子卖场;手机销售,青羊区,104.070226,30.662802,2
鸭鸭购,shopping,购物服务;商场;商场,青羊区,104.067716,30.666344,2
观奇洋服(顺城店),shopping,购物服务;服装鞋帽皮具店;品牌服装店,青羊区,104.068726,30.662112,1
色非,shopping,购物服务;服装鞋帽皮具店;品牌鞋店,锦江区,104.071935,30.658902,2129
倍姿,shopping,购物服务;服装鞋帽皮具店;服装鞋帽皮具店,青羊区,104.070138,30.666894,12
末·未,shopping,购物服务;服装鞋帽皮具店;服装鞋帽皮具店,青羊区,104.067786,30.667683,38
永安食品经营部,shopping,购物服务;专卖店;烟酒专卖店,青羊区,104.071527,30.665572,3
麦中林专柜,shopping,购物服务;购物相关场所;购物相关场所,青羊区,104.071876,30.66371,3
飞优奇,shopping,购物服务;家电电子卖场;家电电子卖场,锦江区,104.072687,30.663231,37
行知书屋,shopping,购物服务;专卖店;书店,青羊区,104.064829,30.662715,16
意尔康,shopping,购物服务;服装鞋帽皮具店;品牌鞋店,锦江区,104.075376,30.666442,280
五星金六福,shopping,购物服务;专卖店;烟酒专卖店,青羊区,104.070914,30.667518,4
小日子鱼店,shopping,购物服务;综合市场;水产海鲜市场,青羊区,104.071928,30.666705,8
欧尚名画(梵音寺街),shopping,购物服务;专卖店;古玩字画店,青羊区,104.069462,30.668617,1
金橡酒窖,shopping,购物服务;专卖店;烟酒专卖店,青羊区,104.06784,30.668803,1
友艺阁精品画廊(白丝街),shopping,购物服务;专卖店;古玩字画店,青羊区,104.070229,30.668757,1
地道超市四川特产,shopping,购物服务;购物相关场所;购物相关场所,青羊区,104.068286,30.669229,1
苹果服务商授权接机点,shopping,购物服务;购物相关场所;购物相关场所,青羊区,104.072992,30.66785,2
荣泰,shopping,购物服务;购物相关场所;购物相关场所,锦江区,104.065859,30.659228,19
SELECTED(天府广场店),shopping,购物服务;服装鞋帽皮具店;品牌服装店,青羊区,104.06443,30.659733,1
成都地一大道天座新都休闲购物步行街,shopping,购物服务;特色商业街;特色商业街,青羊区,104.067813,30.665699,1
成都地一大道40号,shopping,购物服务;特色商业街;特色商业街,青羊区,104.068262,30.668477,1
成都地一大道32号,shopping,购物服务;特色商业街;特色商业街,青羊区,104.068345,30.665901,1
红旗超市(顺吉分场),shopping,购物服务;超级市场;超市,青羊区,104.069062,30.666271,1
多联文具,shopping,购物服务;文化用品店;文化用品店,青羊区,104.067143,30.662408,3
四川亚奥拍卖有限责任公司,shopping,购物服务;特殊买卖场所;拍卖行,青羊区,104.067993,30.662149,1
哥伦比亚,shopping,购物服务;体育用品店;体育用品店,青羊区,104.065894,30.665692,2
新客利超市,shopping,购物服务;便民商店/便利店;便民商店/便利店,青羊区,104.071353,30.664936,1
远拓户外(东华门街),shopping,购物服务;体育用品店;户外用品,青羊区,104.06583,30.66628,1
花泥鲜花,shopping,购物服务;花鸟鱼虫市场;花卉市场,青羊区,104.073186,30.666081,1
全时便利店(鼓楼国际店),shopping,购物服务;便民商店/便利店;便民商店/便利店,青羊区,104.070718,30.665611,1
掌潮专柜,shopping,购物服务;购物相关场所;购物相关场所,青羊区,104.067193,30.666809,2
天使国际艺术眉眼唇,shopping,购物服务;购物相关场所;购物相关场所,锦江区,104.07814,30.664483,1
东方之窗眼镜装配中心,shopping,购物服务;专卖店;眼镜店,锦江区,104.079082,30.664788,1
人人乐(岳府店),shopping,购物服务;超级市场;超市,锦江区,104.078081,30.665152,3
华益数码(太升路店),shopping,购物服务;家电电子卖场;数码电子,锦江区,104.077803,30.663452,1
兰多,shopping,购物服务;服装鞋帽皮具店;服装鞋帽皮具店,锦江区,104.080085,30.663509,13
光利经营部,shopping,购物服务;专卖店;烟酒专卖店|购物服务;便民商店/便利店;便民商店/便利店,锦江区,104.080054,30.66447,6
每日香便民烟店,shopping,购物服务;专卖店;烟酒专卖店,锦江区,104.076953,30.663386,6
红蜻蜓,shopping,购物服务;服装鞋帽皮具店;品牌鞋店,锦江区,104.07734,30.665333,3
花仙花坊,shopping,购物服务;花鸟鱼虫市场;花卉市场,锦江区,104.078541,30.662559,12
松下电器(竹林巷),shopping,购物服务;家电电子卖场;综合家电商场,锦江区,104.078757,30.666195,1
美食街,shopping,购物服务;购物相关场所;购物相关场所,锦江区,104.079692,30.662402,1
迷斯尼,shopping,购物服务;专卖店;礼品饰品店,锦江区,104.081135,30.665874,14
索尼(布后街),shopping,购物服务;家电电子卖场;数码电子,锦江区,104.080397,30.662521,6
中国娇子名烟专卖店,shopping,购物服务;专卖店;烟酒专卖店,锦江区,104.081001,30.663004,1
中国娇子(永兴巷),shopping,购物服务;专卖店;烟酒专卖店,锦江区,104.075701,30.663632,2
成都AK通讯,shopping,购物服务;家电电子卖场;手机销售,锦江区,104.081887,30.66293,2
一山杂物,shopping,购物服务;购物相关场所;购物相关场所,锦江区,104.082637,30.66538,21
金像,shopping,购物服务;服装鞋帽皮具店;服装鞋帽皮具店,锦江区,104.074902,30.662862,10
四川日报亚朵24小时阅读空间,shopping,购物服务;专卖店;书店,锦江区,104.079843,30.661318,1
婷婷花语坊,shopping,购物服务;购物相关场所;购物相关场所,锦江区,104.081202,30.662031,8
港粤皮具,shopping,购物服务;服装鞋帽皮具店;品牌皮具店,锦江区,104.081046,30.668119,14
玉言堂,shopping,购物服务;专卖店;珠宝首饰工艺品,锦江区,104.079652,30.668378,9
天福茗茶(锦江红星店),shopping,购物服务;专卖店;专营店,锦江区,104.079394,30.660478,1
便士油画,shopping,购物服务;购物相关场所;购物相关场所,锦江区,104.082205,30.667221,12
丝丝入蔻,shopping,购物服务;服装鞋帽皮具店;服装鞋帽皮具店,锦江区,104.082338,30.661498,9
一听钟情,shopping,购物服务;专卖店;音像店,锦江区,104.078481,30.66858,3
英英便民超市,shopping,购物服务;购物相关场所;购物相关场所,锦江区,104.07845,30.660085,1
骊作手制,shopping,购物服务;购物相关场所;购物相关场所,锦江区,104.08386,30.663316,17
寄情山水渔,shopping,购物服务;专卖店;专营店,锦江区,104.083064,30.666568,2
和风楼,shopping,购物服务;专卖店;礼品饰品店|商务住宅;楼宇;商务写字楼,锦江区,104.07936,30.659223,22
戴瑞斯,shopping,购物服务;服装鞋帽皮具店;品牌服装店,锦江区,104.074175,30.660752,4
乡村便民蔬菜店,shopping,购物服务;综合市场;蔬菜市场,锦江区,104.0811,30.660383,4
顶好粮油店,shopping,购物服务;综合市场;农副产品市场,锦江区,104.075756,30.664835,8
飞吻鲜花(书院街店),shopping,购物服务;花鸟鱼虫市场;花卉市场,锦江区,104.082274,30.660564,2
和平街惠民蔬菜,shopping,购物服务;综合市场;蔬菜市场,锦江区,104.078763,30.665145,1
华堂商场,shopping,购物服务;商场;商场,锦江区,104.082158,30.663925,1
锦城花草涧花艺工作室,shopping,购物服务;花鸟鱼虫市场;花卉市场,锦江区,104.080438,30.665184,2
宇鑫干杂店,shopping,购物服务;便民商店/便利店;便民商店/便利店,青羊区,104.082288,30.669241,1
珍爱鲜花坊(珍爱花坊),shopping,购物服务;花鸟鱼虫市场;花卉市场,锦江区,104.081676,30.661452,1
拾芬,shopping,购物服务;购物相关场所;购物相关场所,锦江区,104.086227,30.665195,224
亨通经营部,shopping,购物服务;便民商店/便利店;便民商店/便利店,锦江区,104.089242,30.663303,1
华蓉文化,shopping,购物服务;购物相关场所;购物相关场所,锦江区,104.08864,30.665697,1
锦苑超市,shopping,购物服务;专卖店;烟酒专卖店,锦江区,104.089592,30.664985,6
郑瓜子,shopping,购物服务;综合市场;果品市场,锦江区,104.087796,30.662184,18
枕边浪漫,shopping,购物服务;服装鞋帽皮具店;服装鞋帽皮具店,锦江区,104.089162,30.662402,10
韩序,shopping,购物服务;购物相关场所;购物相关场所,成华区,104.091923,30.66209,340
西部印象(欢乐颂店),shopping,购物服务;服装鞋帽皮具店;服装鞋帽皮具店,成华区,104.091358,30.664698,1
游泳产品烟酒水,shopping,购物服务;专卖店;专营店,锦江区,104.090558,30.666816,1
帮麦跨境电商体验店,shopping,购物服务;家电电子卖场;数码电子,成华区,104.092064,30.664696,2
天平法律书店,shopping,购物服务;专卖店;书店,锦江区,104.088132,30.667934,5
新开锁服务中心(四圣祠北街),shopping,购物服务;专卖店;专营店,锦江区,104.085024,30.662416,2
熙束,shopping,购物服务;服装鞋帽皮具店;服装鞋帽皮具店,锦江区,104.086452,30.661103,42
黑邦,shopping,购物服务;购物相关场所;购物相关场所,成华区,104.093167,30.665058,16
健健干杂,shopping,购物服务;便民商店/便利店;便民商店/便利店,成华区,104.093105,30.664127,6
家春秋,shopping,购物服务;服装鞋帽皮具店;服装鞋帽皮具店,锦江区,104.086716,30.667986,2
川渝干杂,shopping,购物服务;便民商店/便利店;便民商店/便利店,锦江区,104.088788,30.668591,3
爱立方(玉皇观街),shopping,购物服务;专卖店;礼品饰品店,锦江区,104.085541,30.667745,1
禄子,shopping,购物服务;购物相关场所;购物相关场所,成华区,104.088329,30.657454,132
泳之品,shopping,购物服务;体育用品店;体育用品店,锦江区,104.092432,30.66728,2
回头券水果店,shopping,购物服务;综合市场;果品市场,锦江区,104.083838,30.662075,2
果果派,shopping,购物服务;综合市场;果品市场,锦江区,104.086219,30.660042,5
凯纳挞,shopping,购物服务;购物相关场所;购物相关场所,锦江区,104.084524,30.660514,38
SMILE,shopping,购物服务;服装鞋帽皮具店;服装鞋帽皮具店,成华区,104.091264,30.660383,1
卡美多,shopping,购物服务;购物相关场所;购物相关场所,锦江区,104.08739,30.65981,2
吉祥物,shopping,购物服务;购物相关场所;购物相关场所,锦江区,104.090857,30.668918,9
长城龙裤业,shopping,购物服务;服装鞋帽皮具店;服装鞋帽皮具店,成华区,104.090956,30.659524,1
武行典当有限责任公司,shopping,购物服务;特殊买卖场所;典当行,锦江区,104.088668,30.660893,2
熙东,shopping,购物服务;服装鞋帽皮具店;服装鞋帽皮具店,锦江区,104.08482,30.657355,88
格力(东安北路),shopping,购物服务;家电电子卖场;家电电子卖场,锦江区,104.0882,30.660328,2
花冠鲜花(成都花点心思花店),shopping,购物服务;花鸟鱼虫市场;花卉市场,锦江区,104.088641,30.664497,2
玉沙超市(三槐树路),shopping,购物服务;超级市场;超市|购物服务;便民商店/便利店;便民商店/便利店,锦江区,104.089247,30.664117,1
阳澄湖大闸蟹(新鸿店),shopping,购物服务;购物相关场所;购物相关场所,成华区,104.098528,30.663113,1
棉袜工厂价,shopping,购物服务;购物相关场所;购物相关场所,成华区,104.098269,30.665801,1
欧曼名店,shopping,购物服务;购物相关场所;购物相关场所,成华区,104.097086,30.662532,29
易佳,shopping,购物服务;购物相关场所;购物相关场所,成华区,104.098712,30.662519,2
福运超市(新鸿南一巷),shopping,购物服务;便民商店/便利店;便民商店/便利店,成华区,104.096389,30.663665,3
成华区香香嘴干杂店,shopping,购物服务;便民商店/便利店;便民商店/便利店,成华区,104.097491,30.666331,1
红旗超市(梦追湾便利店),shopping,购物服务;便民商店/便利店;便民商店/便利店,成华区,104.096374,30.66304,1
新务本干杂,shopping,购物服务;便民商店/便利店;便民商店/便利店,成华区,104.099779,30.662094,3
新疆特产(建华南巷),shopping,购物服务;购物相关场所;购物相关场所,成华区,104.098669,30.661482,2
鼎粮(旗舰店),shopping,购物服务;综合市场;农副产品市场,成华区,104.09929,30.661277,3
周廖副食干杂店,shopping,购物服务;便民商店/便利店;便民商店/便利店,成华区,104.100378,30.661848,1
欧满屋,shopping,购物服务;服装鞋帽皮具店;服装鞋帽皮具店,成华区,104.096691,30.660782,22
直销行,shopping,购物服务;购物相关场所;购物相关场所,成华区,104.094773,30.665403,3
优品家(菽香里店),shopping,购物服务;购物相关场所;购物相关场所,成华区,104.102417,30.665304,1
盛强干杂,shopping,购物服务;专卖店;专营店|购物服务;便民商店/便利店;便民商店/便利店,成华区,104.098928,30.660708,2
红旗超市(猛追湾街便利店),shopping,购物服务;便民商店/便利店;便民商店/便利店,成华区,104.094174,30.664896,1
双益日用百货,shopping,购物服务;便民商店/便利店;便民商店/便利店,成华区,104.098238,30.66036,2
芊芊花艺(绿之缘花卉店),shopping,购物服务;购物相关场所;购物相关场所,成华区,104.09384,30.663227,1
向日葵优优店,shopping,购物服务;购物相关场所;购物相关场所,成华区,104.102267,30.661581,1
金苹果文具,shopping,购物服务;文化用品店;文化用品店,成华区,104.099655,30.668621,5
厚拾源酒庄,shopping,购物服务;专卖店;烟酒专卖店,成华区,104.097109,30.659839,6
浪漫香花坊成都成华,shopping,购物服务;专卖店;专营店,成华区,104.100018,30.659878,1
成都移动数字电视,shopping,购物服务;购物相关场所;购物相关场所,成华区,104.09931,30.659621,1
屋子,shopping,购物服务;服装鞋帽皮具店;服装鞋帽皮具店,成华区,104.099875,30.658693,37
盛群干杂店,shopping,购物服务;便民商店/便利店;便民商店/便利店,成华区,104.100573,30.659544,1
培华干杂,shopping,购物服务;便民商店/便利店;便民商店/便利店,成华区,104.101023,30.669049,1
盛峰通讯店,shopping,购物服务;家电电子卖场;手机销售,成华区,104.102416,30.65999,5
诗蔻蒂,shopping,购物服务;服装鞋帽皮具店;服装鞋帽皮具店,成华区,104.107193,30.664252,64
闲花房,shopping,购物服务;购物相关场所;购物相关场所,成华区,104.108395,30.662783,17
川药宿舍小卖部,shopping,购物服务;购物相关场所;购物相关场所,成华区,104.106765,30.665925,1
哆哆,shopping,购物服务;便民商店/便利店;便民商店/便利店,成华区,104.112534,30.665016,21
皮庄,shopping,购物服务;服装鞋帽皮具店;服装鞋帽皮具店,成华区,104.108123,30.661384,4
成华惠邻副食,shopping,购物服务;便民商店/便利店;便民商店/便利店,成华区,104.111502,30.662632,2
成都营业部,shopping,购物服务;购物相关场所;购物相关场所,成华区,104.109301,30.667407,1
谷香缘,shopping,购物服务;专卖店;烟酒专卖店,成华区,104.108595,30.659802,123
2点5寸便利店,shopping,购物服务;便民商店/便利店;便民商店/便利店,成华区,104.10918,30.661144,4
③物品领用区,shopping,购物服务;购物相关场所;购物相关场所,成华区,104.108596,30.660821,1
和贵干杂,shopping,购物服务;便民商店/便利店;便民商店/便利店,成华区,104.11329,30.66321,6
小唐蔬菜店,shopping,购物服务;购物相关场所;购物相关场所,成华区,104.104609,30.661302,1
大容和沙河店,shopping,购物服务;购物相关场所;购物相关场所,成华区,104.112982,30.667031,1
沸点,shopping,购物服务;便民商店/便利店;便民商店/便利店,成华区,104.105486,30.659766,6
力健真华,shopping,购物服务;购物相关场所;购物相关场所,成华区,104.104542,30.660211,1
格力中央空调(二环路东三段),shopping,购物服务;家电电子卖场;家电电子卖场,成华区,104.112667,30.662012,1
谭大姐小卖部,shopping,购物服务;购物相关场所;购物相关场所,成华区,104.112145,30.660232,1
甲乙邦开锁公司,shopping,购物服务;专卖店;专营店,成华区,104.117687,30.665254,3
惠美林乳品,shopping,购物服务;综合市场;农副产品市场,成华区,104.117127,30.666118,3
鑫河副食,shopping,购物服务;便民商店/便利店;便民商店/便利店,成华区,104.115912,30.665486,2
红旗超市(东秀一路便利店),shopping,购物服务;便民商店/便利店;便民商店/便利店,成华区,104.115793,30.663539,1
蓓蕾,shopping,购物服务;购物相关场所;购物相关场所,成华区,104.117521,30.661265,9
佳廉便利店,shopping,购物服务;便民商店/便利店;便民商店/便利店,成华区,104.115764,30.662163,12
链家(保利康桥店),shopping,购物服务;购物相关场所;购物相关场所,成华区,104.115884,30.666734,2
鑫新干杂,shopping,购物服务;便民商店/便利店;便民商店/便利店,成华区,104.121849,30.662645,1
MandarinAtrium,shopping,购物服务;购物相关场所;购物相关场所,成华区,104.114726,30.666323,1
悠乐味,shopping,购物服务;购物相关场所;购物相关场所,成华区,104.11652,30.660958,2
娇娇干杂,shopping,购物服务;便民商店/便利店;便民商店/便利店,成华区,104.12237,30.661859,6
唐姐配送,shopping,购物服务;购物相关场所;购物相关场所,成华区,104.122913,30.661069,4
麻将机,shopping,购物服务;专卖店;专营店,成华区,104.118847,30.657548,50
和顺干杂店,shopping,购物服务;便民商店/便利店;便民商店/便利店,成华区,104.115435,30.65992,2
胥电瓶,shopping,购物服务;购物相关场所;购物相关场所,成华区,104.122061,30.659906,12
三花茶铺,shopping,购物服务;购物相关场所;购物相关场所,成华区,104.118888,30.661786,1
格力(崔家店横一街),shopping,购物服务;家电电子卖场;家电电子卖场,成华区,104.127637,30.664132,2
宏升超市,shopping,购物服务;便民商店/便利店;便民商店/便利店,成华区,104.127941,30.663475,2
小益蔬菜,shopping,购物服务;综合市场;蔬菜市场,成华区,104.126228,30.66441,10
DOLPHIN,shopping,购物服务;购物相关场所;购物相关场所,成华区,104.129021,30.662914,2
贝佳,shopping,购物服务;便民商店/便利店;便民商店/便利店,成华区,104.126534,30.663169,5
舜苑便利店,shopping,购物服务;便民商店/便利店;便民商店/便利店,成华区,104.130434,30.663425,5
鑫艳便利店,shopping,购物服务;便民商店/便利店;便民商店/便利店,成华区,104.129621,30.662554,4
u家上舍,shopping,购物服务;购物相关场所;购物相关场所,成华区,104.131459,30.663667,4
成华区新月玻璃经营部,shopping,购物服务;购物相关场所;购物相关场所,成华区,104.131004,30.666653,1
云清便利店,shopping,购物服务;便民商店/便利店;便民商店/便利店,成华区,104.131947,30.663342,1
NenNuTea,shopping,购物服务;购物相关场所;购物相关场所,成华区,104.124649,30.664063,2
成都市成华区东风工业气体经营部,shopping,购物服务;购物相关场所;购物相关场所,成华区,104.132048,30.665761,1
新成干杂店,shopping,购物服务;便民商店/便利店;便民商店/便利店,成华区,104.133104,30.666466,3
成贵日杂,shopping,购物服务;便民商店/便利店;便民商店/便利店,成华区,104.124856,30.66103,9
哆哆奶店,shopping,购物服务;综合市场;农副产品市场,成华区,104.126193,30.668774,12
棉絮店,shopping,购物服务;购物相关场所;购物相关场所,成华区,104.124974,30.660285,4
舞东风(北一路店),shopping,购物服务;便民商店/便利店;便民商店/便利店,成华区,104.127113,30.669314,3
窗帘轨道,shopping,购物服务;购物相关场所;购物相关场所,成华区,104.140376,30.666643,1
领航健康家电,shopping,购物服务;家电电子卖场;家电电子卖场,成华区,104.140015,30.667297,2
水果超市,shopping,购物服务;综合市场;果品市场,成华区,104.139315,30.667809,5
学友副食休闲屋,shopping,购物服务;便民商店/便利店;便民商店/便利店,成华区,104.136849,30.667474,1
肖浠宏便利店,shopping,购物服务;便民商店/便利店;便民商店/便利店,成华区,104.134315,30.666285,8
成都理工大学南校区平价超市,shopping,购物服务;便民商店/便利店;便民商店/便利店,成华区,104.136233,30.66751,1
迷你世界,shopping,购物服务;购物相关场所;购物相关场所,成华区,104.138564,30.668167,1
麒麟超市(中环路崔家店路段),shopping,购物服务;便民商店/便利店;便民商店/便利店,成华区,104.135146,30.666876,1
厨卫电器,shopping,购物服务;家电电子卖场;家电电子卖场,成华区,104.143467,30.665752,9
纯高粱酒坊,shopping,购物服务;专卖店;烟酒专卖店,成华区,104.135386,30.668446,1
基地小卖部,shopping,购物服务;便民商店/便利店;便民商店/便利店,成华区,104.14212,30.668336,1
小杰花坊,shopping,购物服务;花鸟鱼虫市场;花卉市场,成华区,104.134942,30.668926,4
宏升宠物,shopping,购物服务;专卖店;宠物用品店,成华区,104.142161,30.669228,1
双流区华阳腾飞建材经营部,shopping,购物服务;购物相关场所;购物相关场所,成华区,104.142647,30.66584,1
久诚商贸,shopping,购物服务;专卖店;烟酒专卖店,成华区,104.144804,30.659304,6
东方文具店,shopping,购物服务;购物相关场所;购物相关场所,成华区,104.148163,30.659691,1
杨氏风机销售部,shopping,购物服务;购物相关场所;购物相关场所,成华区,104.156501,30.665401,2
勇鑫食品店,shopping,购物服务;便民商店/便利店;便民商店/便利店,武侯区,103.968669,30.654682,2
嘉豪通讯,shopping,购物服务;家电电子卖场;手机销售,武侯区,103.969943,30.654525,3
轻松购,shopping,购物服务;文化用品店;文化用品店,武侯区,103.970241,30.65543,8
春哥车行,shopping,购物服务;专卖店;自行车专卖店,武侯区,103.968722,30.656548,2
成诚宠物,shopping,购物服务;购物相关场所;购物相关场所,武侯区,103.965358,30.655157,12
成都佳彩数码科技有限公司,shopping,购物服务;家电电子卖场;数码电子,武侯区,103.968316,30.651739,1
光辉批发超市,shopping,购物服务;便民商店/便利店;便民商店/便利店,武侯区,103.969764,30.651709,2
美菱冰箱,shopping,购物服务;购物相关场所;购物相关场所,武侯区,103.969254,30.651165,2
佳鑫超市,shopping,购物服务;便民商店/便利店;便民商店/便利店,武侯区,103.965432,30.65241,4
内设机麻,shopping,购物服务;购物相关场所;购物相关场所,武侯区,103.969932,30.658129,1
博达居家,shopping,购物服务;购物相关场所;购物相关场所,武侯区,103.968298,30.650566,11
角角商贸,shopping,购物服务;便民商店/便利店;便民商店/便利店,武侯区,103.973521,30.654347,11
小灶高粱酒坊,shopping,购物服务;专卖店;烟酒专卖店,武侯区,103.97121,30.65894,4
峨胜水泥,shopping,购物服务;购物相关场所;购物相关场所,武侯区,103.970668,30.649734,3
星星电器,shopping,购物服务;家电电子卖场;综合家电商场,武侯区,103.972859,30.658975,5
步阳防盗门(工厂店),shopping,购物服务;购物相关场所;购物相关场所,武侯区,103.972732,30.650138,1
王潮,shopping,购物服务;购物相关场所;购物相关场所,武侯区,103.978599,30.6521,465
诚意锁业,shopping,购物服务;专卖店;专营店,武侯区,103.980525,30.654096,6
厂家批发,shopping,购物服务;购物相关场所;购物相关场所,武侯区,103.976948,30.654385,1
春明机械,shopping,购物服务;专卖店;专营店,武侯区,103.975961,30.654567,10
成都深广印刷器材,shopping,购物服务;专卖店;专营店,武侯区,103.976217,30.656105,1
成都鸿胜挖机配件,shopping,购物服务;专卖店;专营店,武侯区,103.974987,30.654388,4
诺森建洋机械,shopping,购物服务;专卖店;专营店,武侯区,103.97562,30.656876,2
张电瓶,shopping,购物服务;专卖店;专营店,武侯区,103.975993,30.651993,9
绿缘超市,shopping,购物服务;便民商店/便利店;便民商店/便利店,武侯区,103.977107,30.658455,8
新伯利不锈钢经营部,shopping,购物服务;购物相关场所;购物相关场所,武侯区,103.978686,30.658458,3
机投镇镇府,shopping,购物服务;购物相关场所;购物相关场所,武侯区,103.980623,30.651198,1
金阳不夜销售中心,shopping,购物服务;购物相关场所;购物相关场所,武侯区,103.983164,30.654889,1
红利便民超市(万寿一路),shopping,购物服务;便民商店/便利店;便民商店/便利店,武侯区,103.980059,30.658512,1
批发电瓶,shopping,购物服务;购物相关场所;购物相关场所,武侯区,103.975944,30.651275,3
攀宇超市,shopping,购物服务;便民商店/便利店;便民商店/便利店,武侯区,103.975112,30.652082,1
友邻超市(万寿西路),shopping,购物服务;便民商店/便利店;便民商店/便利店,武侯区,103.979297,30.658771,1
香茗茶府,shopping,购物服务;专卖店;专营店,武侯区,103.981785,30.650747,13
鑫银翔挖机配件,shopping,购物服务;专卖店;专营店,武侯区,103.974986,30.657371,1
劲锐工具,shopping,购物服务;专卖店;专营店,武侯区,103.974533,30.652085,3
宇涵干杂店,shopping,购物服务;便民商店/便利店;便民商店/便利店,武侯区,103.977159,30.650397,1
成都升降机直销,shopping,购物服务;购物相关场所;购物相关场所,武侯区,103.979621,30.659193,1
太空鸟,shopping,购物服务;购物相关场所;购物相关场所,武侯区,103.975344,30.650289,8
婴育儿,shopping,购物服务;专卖店;儿童用品店,武侯区,103.981415,30.649369,25
柳工机械专营店(四川同创双星店),shopping,购物服务;专卖店;专营店,武侯区,103.974966,30.658604,1
特星运动超市,shopping,购物服务;体育用品店;体育用品店,武侯区,103.975801,30.659114,2
广华挖机配件,shopping,购物服务;购物相关场所;购物相关场所,武侯区,103.974264,30.659065,1
双星名人工厂店,shopping,购物服务;体育用品店;体育用品店,武侯区,103.974825,30.659436,1
宝驾之家,shopping,购物服务;购物相关场所;购物相关场所,武侯区,103.988746,30.654359,5
宏鑫不锈钢装饰部,shopping,购物服务;购物相关场所;购物相关场所,武侯区,103.989231,30.653458,1
康娃母婴,shopping,购物服务;购物相关场所;购物相关场所,武侯区,103.987175,30.65557,4
世杰装饰,shopping,购物服务;购物相关场所;购物相关场所,武侯区,103.990894,30.655286,1
华华超市(万寿路分店),shopping,购物服务;便民商店/便利店;便民商店/便利店,武侯区,103.986508,30.654172,1
新程通讯,shopping,购物服务;购物相关场所;购物相关场所,武侯区,103.991529,30.653486,12
金旗通讯,shopping,购物服务;购物相关场所;购物相关场所,武侯区,103.991449,30.65478,8
金超威电池专卖店,shopping,购物服务;购物相关场所;购物相关场所,武侯区,103.98663,30.656286,1
花园书屋,shopping,购物服务;专卖店;专营店,武侯区,103.991671,30.65575,2
福玉祥,shopping,购物服务;专卖店;专营店,武侯区,103.990301,30.65214,3
益明超市,shopping,购物服务;购物相关场所;购物相关场所,武侯区,103.989394,30.651505,3
梓彤奶屋,shopping,购物服务;购物相关场所;购物相关场所,武侯区,103.992496,30.655411,2
菲林,shopping,购物服务;服装鞋帽皮具店;服装鞋帽皮具店,武侯区,103.991245,30.651683,9
二手家具家电,shopping,购物服务;购物相关场所;购物相关场所,武侯区,103.988046,30.651181,1
潮品会,shopping,购物服务;服装鞋帽皮具店;服装鞋帽皮具店,武侯区,103.99203,30.652201,1
橙森商贸,shopping,购物服务;购物相关场所;购物相关场所,武侯区,103.99246,30.652494,2
真品超市(晋阳路),shopping,购物服务;便民商店/便利店;便民商店/便利店,武侯区,103.98715,30.651135,1
蓉城超市(蜀街),shopping,购物服务;便民商店/便利店;便民商店/便利店,武侯区,103.98672,30.657908,1
月亮部落,shopping,购物服务;购物相关场所;购物相关场所,武侯区,103.987365,30.658345,1
锦江区瑞必特五金经营部,shopping,购物服务;购物相关场所;购物相关场所,武侯区,103.992902,30.656407,1
晋阳街道电动自行车上牌点,shopping,购物服务;购物相关场所;购物相关场所,武侯区,103.993445,30.654886,1
简凥,shopping,购物服务;购物相关场所;购物相关场所,武侯区,103.993376,30.655659,3
益民超市(果丰路),shopping,购物服务;便民商店/便利店;便民商店/便利店,武侯区,103.989204,30.650478,2
必须如此花艺工作室,shopping,购物服务;专卖店;专营店,武侯区,103.992762,30.651918,2
途腾阁,shopping,购物服务;购物相关场所;购物相关场所,武侯区,103.985202,30.658388,12
DC SALON施华蔻(晋阳店),shopping,购物服务;服装鞋帽皮具店;服装鞋帽皮具店,武侯区,103.991587,30.650872,1
邑道,shopping,购物服务;专卖店;烟酒专卖店,武侯区,103.993805,30.650498,231
壳牌便利店(晋阳路),shopping,购物服务;便民商店/便利店;便民商店/便利店,武侯区,103.993386,30.652194,2
川驰麻将机(晋阳路),shopping,购物服务;专卖店;专营店,武侯区,103.986282,30.650332,2
众一海龙,shopping,购物服务;购物相关场所;购物相关场所,武侯区,103.986931,30.659319,1
回梦,shopping,购物服务;专卖店;烟酒专卖店,武侯区,103.998779,30.655026,285
醉衣阁,shopping,购物服务;购物相关场所;购物相关场所,武侯区,103.996734,30.656149,6
雷克斯,shopping,购物服务;专卖店;自行车专卖店,武侯区,104.001911,30.654058,12
m加,shopping,购物服务;服装鞋帽皮具店;服装鞋帽皮具店,武侯区,103.995417,30.651981,318
为斯福商贸,shopping,购物服务;购物相关场所;购物相关场所,武侯区,103.996787,30.652041,1
女人小屋,shopping,购物服务;购物相关场所;购物相关场所,武侯区,103.994739,30.656044,16
特瑞莎服饰品牌店,shopping,购物服务;服装鞋帽皮具店;服装鞋帽皮具店,武侯区,103.9974,30.651582,2
可林娜水超市(中央花园网点),shopping,购物服务;购物相关场所;购物相关场所,武侯区,103.995662,30.6571,3
爱尚琴行,shopping,购物服务;专卖店;专营店,武侯区,103.997963,30.650968,2
遇见书吧,shopping,购物服务;购物相关场所;购物相关场所,武侯区,103.996569,30.65787,1
敏敏干杂,shopping,购物服务;购物相关场所;购物相关场所,武侯区,104.003155,30.653548,3
一合武仁,shopping,购物服务;购物相关场所;购物相关场所,武侯区,104.003279,30.655772,1
雅石玉雕,shopping,购物服务;购物相关场所;购物相关场所,武侯区,103.998353,30.658733,1
成都三电,shopping,购物服务;购物相关场所;购物相关场所,武侯区,104.003981,30.65461,5
自然堂专柜,shopping,购物服务;购物相关场所;购物相关场所,武侯区,103.996206,30.650845,2
今世缘茶庄,shopping,购物服务;专卖店;专营店,武侯区,104.002318,30.65181,2
放心包店,shopping,购物服务;购物相关场所;购物相关场所,武侯区,104.004022,30.652478,8
新生活化妆品,shopping,购物服务;个人用品/化妆品店;其它个人用品店,武侯区,104.003173,30.65153,3
谷曼商城,shopping,购物服务;购物相关场所;购物相关场所,武侯区,104.002067,30.658942,2
华亿超市(晋平街店),shopping,购物服务;超级市场;超市,武侯区,104.001872,30.653076,1
伍哥超市,shopping,购物服务;超级市场;超市,武侯区,104.002097,30.650549,1
陈姐超市,shopping,购物服务;超级市场;超市,武侯区,104.002322,30.651148,1
鲜多多超市,shopping,购物服务;超级市场;超市,武侯区,103.998029,30.650142,1
鸿利超市(晋阳银座西北),shopping,购物服务;超级市场;超市,武侯区,103.996199,30.65862,1
多多超市,shopping,购物服务;购物相关场所;购物相关场所,武侯区,104.007867,30.654308,3
一品棉生活坊,shopping,购物服务;购物相关场所;购物相关场所,武侯区,104.00855,30.654049,2
足之乐,shopping,购物服务;服装鞋帽皮具店;服装鞋帽皮具店,武侯区,104.009364,30.652776,28
五粮液锦上添花专卖,shopping,购物服务;专卖店;烟酒专卖店,武侯区,104.00701,30.654271,1
尚品服装店,shopping,购物服务;购物相关场所;购物相关场所,武侯区,104.010426,30.654314,1
快客道,shopping,购物服务;超级市场;超市,武侯区,104.011005,30.653375,41
香草泉氨基酸系列酒,shopping,购物服务;专卖店;烟酒专卖店,武侯区,104.006356,30.654089,1
美家乐超市,shopping,购物服务;购物相关场所;购物相关场所,武侯区,104.010988,30.655532,3
红沅副食,shopping,购物服务;便民商店/便利店;便民商店/便利店,武侯区,104.007073,30.652408,4
小刘绿色蔬菜,shopping,购物服务;综合市场;蔬菜市场,武侯区,104.008101,30.652372,1
天天鲜超市,shopping,购物服务;便民商店/便利店;便民商店/便利店,武侯区,104.011536,30.655086,2
惠捷,shopping,购物服务;便民商店/便利店;便民商店/便利店,武侯区,104.00597,30.652777,6
搜寻,shopping,购物服务;服装鞋帽皮具店;服装鞋帽皮具店,武侯区,104.013887,30.652192,65
仁信副食,shopping,购物服务;便民商店/便利店;便民商店/便利店,武侯区,104.013616,30.656395,30
龙森超市,shopping,购物服务;购物相关场所;购物相关场所,武侯区,104.004688,30.654088,2
龙欣便利店,shopping,购物服务;便民商店/便利店;便民商店/便利店,武侯区,104.012774,30.654291,2
翔安安防器材,shopping,购物服务;专卖店;专营店,武侯区,104.009034,30.651007,1
蓝洋,shopping,购物服务;购物相关场所;购物相关场所,武侯区,104.005827,30.651806,9
火柴,shopping,购物服务;服装鞋帽皮具店;服装鞋帽皮具店,武侯区,104.010526,30.650591,37
吉祥果蔬,shopping,购物服务;购物相关场所;购物相关场所,武侯区,104.013111,30.654957,3
龙森副食店,shopping,购物服务;便民商店/便利店;便民商店/便利店,武侯区,104.00401,30.655195,4
自动晾衣架,shopping,购物服务;购物相关场所;购物相关场所,武侯区,104.013649,30.654145,9
HARVARD STAR,shopping,购物服务;购物相关场所;购物相关场所,武侯区,104.007362,30.650584,1
初月,shopping,购物服务;购物相关场所;购物相关场所,青羊区,104.006345,30.65889,6
龙门牌,shopping,购物服务;购物相关场所;购物相关场所,武侯区,104.013572,30.652909,1
KEY(龙华北路),shopping,购物服务;服装鞋帽皮具店;品牌服装店,武侯区,104.01161,30.649886,2
热潮(置信路),shopping,购物服务;服装鞋帽皮具店;服装鞋帽皮具店,武侯区,104.01237,30.650002,3
好运来超市,shopping,购物服务;购物相关场所;购物相关场所,武侯区,104.00408,30.650704,1
2010商店,shopping,购物服务;购物相关场所;购物相关场所,青羊区,104.005223,30.65929,1
百丽吾家,shopping,购物服务;购物相关场所;购物相关场所,武侯区,104.013257,30.650291,1
幸福婚庆花艺52号,shopping,购物服务;花鸟鱼虫市场;花卉市场,青羊区,104.004981,30.657785,1
海尔空调,shopping,购物服务;家电电子卖场;家电电子卖场,武侯区,104.019105,30.653945,3
国美电器(龙腾东路),shopping,购物服务;家电电子卖场;国美,武侯区,104.018047,30.654023,1
肤格特,shopping,购物服务;购物相关场所;购物相关场所,武侯区,104.01659,30.654769,2
wowo(龙腾东路店),shopping,购物服务;便民商店/便利店;便民商店/便利店,武侯区,104.01621,30.654074,2
铁观音,shopping,购物服务;专卖店;专营店,武侯区,104.017438,30.652381,4
艾林便民店,shopping,购物服务;便民商店/便利店;便民商店/便利店,武侯区,104.019164,30.652242,1
佳品便利,shopping,购物服务;专卖店;烟酒专卖店,武侯区,104.016047,30.653418,2
木治工御,shopping,购物服务;专卖店;专营店,武侯区,104.02215,30.654177,17
卢卡斯轰趴,shopping,购物服务;购物相关场所;购物相关场所,武侯区,104.017193,30.656794,1
巧手工坊,shopping,购物服务;专卖店;专营店,武侯区,104.01501,30.655342,13
三哥副食店,shopping,购物服务;便民商店/便利店;便民商店/便利店,武侯区,104.019999,30.65186,2
天和商行,shopping,购物服务;专卖店;烟酒专卖店,武侯区,104.015637,30.652799,5
明顺干杂,shopping,购物服务;便民商店/便利店;便民商店/便利店,武侯区,104.020732,30.651978,5
小折快跑(西门店),shopping,购物服务;专卖店;自行车专卖店,青羊区,104.019149,30.657596,3
西芷汀,shopping,购物服务;购物相关场所;购物相关场所,青羊区,104.021896,30.656275,1
沁园,shopping,购物服务;家电电子卖场;家电电子卖场,武侯区,104.019135,30.650476,20
风尚,shopping,购物服务;服装鞋帽皮具店;服装鞋帽皮具店,武侯区,104.020028,30.650739,2
滇翠阁,shopping,购物服务;专卖店;专营店,青羊区,104.023388,30.653708,8
长虹彩电,shopping,购物服务;购物相关场所;购物相关场所,武侯区,104.01788,30.650144,4
城市春天母婴馆,shopping,购物服务;专卖店;儿童用品店,武侯区,104.022322,30.651494,2
rrr尊享空中别墅(草堂一号店),shopping,购物服务;购物相关场所;购物相关场所,武侯区,104.014823,30.65756,1
嘉林商行,shopping,购物服务;便民商店/便利店;便民商店/便利店,武侯区,104.020864,30.65024,3
zk男装专卖店,shopping,购物服务;购物相关场所;购物相关场所,武侯区,104.018743,30.649747,1
黎祥,shopping,购物服务;商场;商场,武侯区,104.0172,30.647614,577
上门化妆,shopping,购物服务;购物相关场所;购物相关场所,武侯区,104.022376,30.650724,3
至尚超市,shopping,购物服务;便民商店/便利店;便民商店/便利店,武侯区,104.021568,30.650216,1
赫迪姿,shopping,购物服务;服装鞋帽皮具店;服装鞋帽皮具店,武侯区,104.014732,30.649726,38
雨雨商行,shopping,购物服务;便民商店/便利店;便民商店/便利店,武侯区,104.020051,30.649513,1
艺妍荟,shopping,购物服务;专卖店;珠宝首饰工艺品,武侯区,104.01393,30.651348,1
才子,shopping,购物服务;服装鞋帽皮具店;品牌服装店,武侯区,104.02579,30.646794,588
成都酒吧街少陵店,shopping,购物服务;特色商业街;特色商业街,武侯区,104.021431,30.650737,1
扣子的花店(双楠店),shopping,购物服务;花鸟鱼虫市场;花卉市场,武侯区,104.015456,30.656054,1
谷朵鲜花(龙腾店),shopping,购物服务;花鸟鱼虫市场;花卉市场,武侯区,104.017053,30.653968,1
外贸服饰,shopping,购物服务;服装鞋帽皮具店;服装鞋帽皮具店,武侯区,104.029118,30.653266,26
琦旺干杂店,shopping,购物服务;购物相关场所;购物相关场所,青羊区,104.026983,30.654596,1
艺帛,shopping,购物服务;服装鞋帽皮具店;服装鞋帽皮具店,武侯区,104.026548,30.652316,115
三星,shopping,购物服务;购物相关场所;购物相关场所,武侯区,104.032797,30.652142,197
高粱原浆,shopping,购物服务;专卖店;烟酒专卖店,青羊区,104.030643,30.656419,12
科联副食店,shopping,购物服务;便民商店/便利店;便民商店/便利店,青羊区,104.032417,30.654698,1
贵州无忧酒业,shopping,购物服务;专卖店;烟酒专卖店,武侯区,104.03028,30.651412,4
老泸坊酒,shopping,购物服务;专卖店;烟酒专卖店,武侯区,104.02972,30.650714,14
佳诚日杂,shopping,购物服务;购物相关场所;购物相关场所,武侯区,104.028832,30.650119,3
新花社,shopping,购物服务;花鸟鱼虫市场;花卉市场,武侯区,104.024588,30.651385,3
亮点,shopping,购物服务;专卖店;专营店,武侯区,104.035983,30.64804,341
友爱天使,shopping,购物服务;购物相关场所;购物相关场所,青羊区,104.02365,30.657014,1
武侯区康立商贸部,shopping,购物服务;购物相关场所;购物相关场所,武侯区,104.026819,30.649623,1
安利家庭超市(浣锦滨河路),shopping,购物服务;便民商店/便利店;便民商店/便利店,青羊区,104.032193,30.658519,1
爱佳副食(少陵路),shopping,购物服务;便民商店/便利店;便民商店/便利店,武侯区,104.023856,30.650707,2
贝尔康双楠店,shopping,购物服务;购物相关场所;购物相关场所,武侯区,104.025209,30.649643,1
鲜花屋,shopping,购物服务;购物相关场所;购物相关场所,青羊区,104.038568,30.655119,24
金航经营部,shopping,购物服务;便民商店/便利店;便民商店/便利店,武侯区,104.03887,30.653621,1
三星,shopping,购物服务;购物相关场所;购物相关场所,武侯区,104.041749,30.654259,55
如意便利店(大石东路),shopping,购物服务;便民商店/便利店;便民商店/便利店,青羊区,104.040039,30.654904,1
红旗超市(大石西路4号分场),shopping,购物服务;便民商店/便利店;便民商店/便利店,青羊区,104.036672,30.654077,2
怡园经营部,shopping,购物服务;专卖店;烟酒专卖店,武侯区,104.038705,30.652389,15
小喻水果,shopping,购物服务;综合市场;果品市场,武侯区,104.039507,30.652852,3
晶石坊,shopping,购物服务;购物相关场所;购物相关场所,青羊区,104.038332,30.657063,23
三艺堂,shopping,购物服务;购物相关场所;购物相关场所,青羊区,104.036144,30.655343,2
竹叶青,shopping,购物服务;专卖店;专营店,武侯区,104.035911,30.653554,11
小杨干杂店,shopping,购物服务;便民商店/便利店;便民商店/便利店,武侯区,104.037156,30.652264,3
芳龄,shopping,购物服务;购物相关场所;购物相关场所,青羊区,104.039575,30.65764,4
时代百货,shopping,购物服务;购物相关场所;购物相关场所,青羊区,104.041283,30.656476,2
爱尚鲜果店,shopping,购物服务;专卖店;专营店,青羊区,104.04049,30.65744,2
郑阿姨小卖部,shopping,购物服务;便民商店/便利店;便民商店/便利店,武侯区,104.040924,30.65161,1
蜀縤,shopping,购物服务;专卖店;专营店,青羊区,104.036415,30.658396,20
花朵朵,shopping,购物服务;购物相关场所;购物相关场所,青羊区,104.042249,30.656595,1
红旗24,shopping,购物服务;购物相关场所;购物相关场所,武侯区,104.038415,30.650324,1
福临祥(百花分店),shopping,购物服务;专卖店;烟酒专卖店,青羊区,104.038289,30.65869,1
百味小屋,shopping,购物服务;便民商店/便利店;便民商店/便利店,武侯区,104.042112,30.651134,6
晓萱宠物店,shopping,购物服务;花鸟鱼虫市场;宠物市场,青羊区,104.037235,30.659045,10
逸陶手工吧,shopping,购物服务;购物相关场所;购物相关场所,武侯区,104.037913,30.649657,1
家佳便民店,shopping,购物服务;购物相关场所;购物相关场所,武侯区,104.035989,30.649666,1
耐克阿迪团购,shopping,购物服务;购物相关场所;购物相关场所,武侯区,104.042836,30.650564,1
卡乐娃(成都菊乐店),shopping,购物服务;专卖店;儿童用品店,武侯区,104.034992,30.64988,2
曾红干杂,shopping,购物服务;购物相关场所;购物相关场所,武侯区,104.03424,30.650128,2
橙橙鲜果,shopping,购物服务;综合市场;果品市场,青羊区,104.043808,30.658533,5
芳邻路酒吧一条街,shopping,购物服务;特色商业街;特色商业街,青羊区,104.04125,30.657209,1
IDOvision影像,shopping,购物服务;家电电子卖场;家电电子卖场,武侯区,104.037367,30.649629,1
四川中天拍卖有限责任公司,shopping,购物服务;特殊买卖场所;拍卖行,青羊区,104.037068,30.654876,1
幸福婚庆花艺(108店),shopping,购物服务;花鸟鱼虫市场;花卉市场,武侯区,104.038296,30.65366,1
侒娜,shopping,购物服务;服装鞋帽皮具店;服装鞋帽皮具店,青羊区,104.047952,30.6557,21
龙裕,shopping,购物服务;购物相关场所;购物相关场所,青羊区,104.051421,30.654866,33
心怡花卉经营部,shopping,购物服务;购物相关场所;购物相关场所,青羊区,104.048614,30.656303,1
歌萨德,shopping,购物服务;服装鞋帽皮具店;服装鞋帽皮具店,青羊区,104.050141,30.657284,37
平价蔬菜,shopping,购物服务;综合市场;蔬菜市场,青羊区,104.045734,30.65515,3
哥弟(锦里西路),shopping,购物服务;服装鞋帽皮具店;品牌服装店,青羊区,104.045918,30.656001,1
QQ店,shopping,购物服务;便民商店/便利店;便民商店/便利店,武侯区,104.050525,30.652018,5
红武经营部,shopping,购物服务;服装鞋帽皮具店;服装鞋帽皮具店,青羊区,104.051779,30.656261,6
伊蔻,shopping,购物服务;服装鞋帽皮具店;服装鞋帽皮具店,青羊区,104.044797,30.656934,17
宇盾安邦(锦里中路),shopping,购物服务;专卖店;专营店,青羊区,104.053024,30.653429,3
寇小春,shopping,购物服务;购物相关场所;购物相关场所,青羊区,104.054238,30.656853,65
雅築,shopping,购物服务;专卖店;专营店,武侯区,104.046608,30.649709,122
千纸艺,shopping,购物服务;专卖店;礼品饰品店,青羊区,104.051444,30.657742,5
南苑副食,shopping,购物服务;便民商店/便利店;便民商店/便利店,武侯区,104.052139,30.650957,1
懒人超市,shopping,购物服务;购物相关场所;购物相关场所,青羊区,104.045226,30.658131,1
红旗超市(小南街便利店),shopping,购物服务;超级市场;超市,青羊区,104.051932,30.65829,2
宝宝贝贝,shopping,购物服务;专卖店;儿童用品店,青羊区,104.052582,30.658364,2
古今钱币(倒桑树街),shopping,购物服务;专卖店;古玩字画店,武侯区,104.052901,30.650602,3
红光申瓯通讯设备,shopping,购物服务;购物相关场所;购物相关场所,青羊区,104.052121,30.658787,1
食堂小卖部,shopping,购物服务;购物相关场所;购物相关场所,武侯区,104.043605,30.651135,1
成都体育学院饮食服务中心,shopping,购物服务;便民商店/便利店;便民商店/便利店,武侯区,104.043773,30.650618,1
柯达数码,shopping,购物服务;专卖店;摄影器材店,青羊区,104.053382,30.658517,6
红原,shopping,购物服务;购物相关场所;购物相关场所,武侯区,104.053006,30.647948,243
绿州鲜花,shopping,购物服务;花鸟鱼虫市场;花卉市场,青羊区,104.051306,30.656937,1
机麻,shopping,购物服务;购物相关场所;购物相关场所,青羊区,104.058481,30.653102,1
紫玺园,shopping,购物服务;专卖店;专营店,青羊区,104.059269,30.656643,176
添衣添彩,shopping,购物服务;服装鞋帽皮具店;服装鞋帽皮具店,青羊区,104.05667,30.655699,5
中警威警用器材展示中心(上南大街),shopping,购物服务;专卖店;专营店,青羊区,104.06057,30.653922,1
铮立通讯,shopping,购物服务;家电电子卖场;手机销售|购物服务;专卖店;专营店,青羊区,104.057009,30.653051,12
华警安防,shopping,购物服务;专卖店;专营店,青羊区,104.059607,30.652471,20
棉棉屋,shopping,购物服务;专卖店;专营店,青羊区,104.055822,30.653062,19
统帅,shopping,购物服务;购物相关场所;购物相关场所,青羊区,104.057555,30.651516,18
起跑线,shopping,购物服务;购物相关场所;购物相关场所,锦江区,104.061358,30.654062,6
文翁书屋,shopping,购物服务;专卖店;书店,青羊区,104.055105,30.654096,5
红旗超市(中南大街便利店),shopping,购物服务;便民商店/便利店;便民商店/便利店,锦江区,104.059935,30.652035,1
红照壁25号,shopping,购物服务;购物相关场所;购物相关场所,锦江区,104.061413,30.65325,1
滨河棕榈店,shopping,购物服务;购物相关场所;购物相关场所,青羊区,104.058853,30.651681,1
高华商店,shopping,购物服务;购物相关场所;购物相关场所,青羊区,104.061924,30.655321,1
全家便利店(红照壁街店),shopping,购物服务;便民商店/便利店;便民商店/便利店,锦江区,104.062197,30.654727,1
锦江花园食品,shopping,购物服务;便民商店/便利店;便民商店/便利店,锦江区,104.060244,30.651546,1
真香副食,shopping,购物服务;便民商店/便利店;便民商店/便利店,青羊区,104.056245,30.651724,2
智胜干杂,shopping,购物服务;便民商店/便利店;便民商店/便利店,青羊区,104.055284,30.656811,2
尚品轩,shopping,购物服务;购物相关场所;购物相关场所,锦江区,104.063067,30.653954,51
川旅视窗,shopping,购物服务;购物相关场所;购物相关场所,锦江区,104.061167,30.651528,1
机麻茶,shopping,购物服务;购物相关场所;购物相关场所,青羊区,104.054099,30.653246,8
个人客户营销部,shopping,购物服务;购物相关场所;购物相关场所,锦江区,104.058917,30.650436,3
中国银行卡直销部,shopping,购物服务;购物相关场所;购物相关场所,青羊区,104.058606,30.658397,2
茗茶汇(彩虹店),shopping,购物服务;专卖店;专营店,青羊区,104.055259,30.651627,3
驰球门市,shopping,购物服务;购物相关场所;购物相关场所,青羊区,104.054008,30.65248,6
裁溢洋服,shopping,购物服务;购物相关场所;购物相关场所,青羊区,104.062867,30.656466,1
品醇贸易,shopping,购物服务;购物相关场所;购物相关场所,青羊区,104.056028,30.65046,2
温莎购物街,shopping,购物服务;购物相关场所;购物相关场所,锦江区,104.062573,30.650781,10
肯迪伦专柜,shopping,购物服务;购物相关场所;购物相关场所,锦江区,104.062718,30.651483,1
天府广场今站购物中心-6号(出入口),shopping,购物服务;购物相关场所;购物相关场所,青羊区,104.061439,30.658975,1
锦官超市(人民南路二段),shopping,购物服务;专卖店;烟酒专卖店,锦江区,104.063306,30.651748,1
EY机组,shopping,购物服务;购物相关场所;购物相关场所,锦江区,104.061499,30.650174,1
机麻,shopping,购物服务;购物相关场所;购物相关场所,青羊区,104.053656,30.657685,1
银海商场,shopping,购物服务;商场;普通商场,青羊区,104.057483,30.659311,1
迪信通(文庙店),shopping,购物服务;家电电子卖场;手机销售,青羊区,104.05783,30.654831,2
意亭,shopping,购物服务;超级市场;超市,锦江区,104.060099,30.65049,1
玖迪诗(锦兴路),shopping,购物服务;服装鞋帽皮具店;品牌服装店,锦江区,104.069005,30.653049,1
鑫源,shopping,购物服务;花鸟鱼虫市场;宠物市场,锦江区,104.066981,30.651922,91
吉祥粮油,shopping,购物服务;综合市场;农副产品市场,锦江区,104.070237,30.653384,9
万森经营部,shopping,购物服务;专卖店;烟酒专卖店,锦江区,104.070357,30.655703,5
大业百货,shopping,购物服务;商场;普通商场,锦江区,104.06695,30.656344,2
玫琳凯,shopping,购物服务;个人用品/化妆品店;其它个人用品店,锦江区,104.071211,30.655059,3
都本,shopping,购物服务;服装鞋帽皮具店;服装鞋帽皮具店,锦江区,104.064755,30.654406,34
牧马山水站,shopping,购物服务;购物相关场所;购物相关场所,锦江区,104.065713,30.655605,7
龙泉天天鲜蔬菜店,shopping,购物服务;综合市场;蔬菜市场,锦江区,104.065192,30.653256,2
嘉怡烟酒,shopping,购物服务;专卖店;烟酒专卖店,锦江区,104.072338,30.654298,11
钟氏兰园,shopping,购物服务;花鸟鱼虫市场;花卉市场,锦江区,104.068961,30.651503,11
润道酒坊,shopping,购物服务;专卖店;烟酒专卖店,锦江区,104.064918,30.65251,2
盛时表行,shopping,购物服务;专卖店;珠宝首饰工艺品,锦江区,104.064129,30.655456,3
四川郎酒销售有限责任公司,shopping,购物服务;专卖店;烟酒专卖店|公司企业;公司;公司,锦江区,104.073152,30.655053,1
有间书屋(盐道街),shopping,购物服务;专卖店;书店,锦江区,104.065361,30.651117,1
deveilx店,shopping,购物服务;购物相关场所;购物相关场所,锦江区,104.064707,30.651349,4
鲜蔬源蔬菜批发蔬菜配送点,shopping,购物服务;综合市场;蔬菜市场,锦江区,104.069773,30.649978,1
蜀雅茶店,shopping,购物服务;专卖店;专营店,锦江区,104.07467,30.651517,39
华光眼镜(红星路店),shopping,购物服务;专卖店;眼镜店,锦江区,104.072302,30.649666,1
兴兴商店(老半边街),shopping,购物服务;便民商店/便利店;便民商店/便利店,锦江区,104.071337,30.653534,1
WOWO便利店(锦兴路),shopping,购物服务;便民商店/便利店;便民商店/便利店,锦江区,104.071553,30.650837,1
锦业便利店超市,shopping,购物服务;超级市场;超市,锦江区,104.065988,30.653671,1
晶融汇,shopping,购物服务;商场;购物中心,锦江区,104.080775,30.655394,115
华丰鲜花,shopping,购物服务;花鸟鱼虫市场;花卉市场,锦江区,104.077702,30.653794,9
大嘴猴,shopping,购物服务;服装鞋帽皮具店;品牌服装店,锦江区,104.077126,30.655404,140
晶融汇购物中心东区(东门),shopping,购物服务;购物相关场所;购物相关场所,锦江区,104.080442,30.652904,1
奇迹魔术,shopping,购物服务;购物相关场所;购物相关场所,锦江区,104.078163,30.657205,75
3AM HAIR SALON(成都店),shopping,购物服务;购物相关场所;购物相关场所,锦江区,104.080583,30.653415,1
桃园精品公寓,shopping,购物服务;专卖店;珠宝首饰工艺品|住宿服务;宾馆酒店;宾馆酒店,锦江区,104.079712,30.652542,1
VERA WANG成都旗舰店,shopping,购物服务;购物相关场所;购物相关场所,锦江区,104.079556,30.656596,1
多又好,shopping,购物服务;购物相关场所;购物相关场所,锦江区,104.076953,30.652006,8
照慧日杂,shopping,购物服务;便民商店/便利店;便民商店/便利店,锦江区,104.078623,30.651616,4
方所(成都远洋太古里),shopping,购物服务;专卖店;书店,锦江区,104.080492,30.656972,4
法迪欧,shopping,购物服务;购物相关场所;购物相关场所,锦江区,104.075461,30.655607,1
红旗超市(义学巷便利店),shopping,购物服务;便民商店/便利店;便民商店/便利店,锦江区,104.077919,30.651142,2
Alice+Olivia,shopping,购物服务;服装鞋帽皮具店;服装鞋帽皮具店,锦江区,104.080237,30.657579,7
宝贝屋,shopping,购物服务;购物相关场所;购物相关场所,锦江区,104.074608,30.655685,2
Tiffany&Co.(九龙仓店),shopping,购物服务;专卖店;珠宝首饰工艺品,锦江区,104.079359,30.657922,2
非白陶社,shopping,购物服务;购物相关场所;购物相关场所,锦江区,104.078578,30.650642,3
花勿缺鲜花,shopping,购物服务;专卖店;专营店,锦江区,104.083132,30.655403,2
名堂婚纱,shopping,购物服务;专卖店;专营店,锦江区,104.083453,30.653156,10
良品铺子(成都大慈寺店),shopping,购物服务;专卖店;专营店,锦江区,104.080501,30.658119,1
朵小姐,shopping,购物服务;花鸟鱼虫市场;花卉市场|生活服务;生活服务场所;生活服务场所,锦江区,104.079716,30.650115,4
美洋洋婚庆,shopping,购物服务;花鸟鱼虫市场;花卉市场|生活服务;生活服务场所;生活服务场所,锦江区,104.08229,30.651126,4
完美芦荟胶专卖店,shopping,购物服务;专卖店;专营店,锦江区,104.082702,30.657703,1
华蓉日杂,shopping,购物服务;便民商店/便利店;便民商店/便利店,锦江区,104.080426,30.648526,53
香轩阁茶业,shopping,购物服务;专卖店;专营店,锦江区,104.075565,30.649827,1
航航书屋,shopping,购物服务;专卖店;书店,锦江区,104.074617,30.650398,3
晶融汇购物中心-东区,shopping,购物服务;商场;商场,锦江区,104.080083,30.653264,1
安利产品服务部,shopping,购物服务;个人用品/化妆品店;其它个人用品店,锦江区,104.083239,30.652138,2
西门子(成都客户服务中心),shopping,购物服务;家电电子卖场;家电电子卖场,锦江区,104.082102,30.650376,2
红星菜市,shopping,购物服务;综合市场;综合市场,锦江区,104.075464,30.652838,2
广益百货商场,shopping,购物服务;商场;商场,锦江区,104.081278,30.657834,1
婷婷食品店(书院南街),shopping,购物服务;便民商店/便利店;便民商店/便利店,锦江区,104.081555,30.658604,1
富强干杂,shopping,购物服务;综合市场;农副产品市场,锦江区,104.076676,30.651273,2
如花wowo(东大街店),shopping,购物服务;花鸟鱼虫市场;花卉市场,锦江区,104.07918,30.652668,1
姐姐便利店,shopping,购物服务;超级市场;超市,锦江区,104.083135,30.651566,1
馨缘鲜花连锁(梦幻鲜花),shopping,购物服务;花鸟鱼虫市场;花卉市场,锦江区,104.07567,30.652161,1
鲜鲜水果店(南纱帽街),shopping,购物服务;综合市场;果品市场,锦江区,104.078562,30.654674,1
花间道,shopping,购物服务;花鸟鱼虫市场;花卉市场,锦江区,104.081207,30.651966,1
全与,shopping,购物服务;购物相关场所;购物相关场所,锦江区,104.089371,30.654461,16
库购,shopping,购物服务;购物相关场所;购物相关场所,锦江区,104.087655,30.65164,78
义坊,shopping,购物服务;购物相关场所;购物相关场所,锦江区,104.091547,30.651386,204
青柳超市,shopping,购物服务;便民商店/便利店;便民商店/便利店,锦江区,104.086847,30.654781,4
龙氏干杂店,shopping,购物服务;便民商店/便利店;便民商店/便利店,成华区,104.089392,30.656194,1
小蛮韩式美妆,shopping,购物服务;购物相关场所;购物相关场所,成华区,104.09093,30.654431,2
蓝光美尚(青橙店),shopping,购物服务;购物相关场所;购物相关场所,锦江区,104.085991,30.65357,1
青橙水业,shopping,购物服务;专卖店;专营店,锦江区,104.086083,30.65558,1
职工超市,shopping,购物服务;购物相关场所;购物相关场所,锦江区,104.090174,30.652317,3
玛丽莎,shopping,购物服务;购物相关场所;购物相关场所,锦江区,104.090957,30.652468,4
逸兴超市,shopping,购物服务;便民商店/便利店;便民商店/便利店,成华区,104.090482,30.656672,1
真又美花坊(迷你花店),shopping,购物服务;花鸟鱼虫市场;花卉市场,成华区,104.091178,30.656466,2
草屋,shopping,购物服务;服装鞋帽皮具店;服装鞋帽皮具店,锦江区,104.084399,30.654808,18
鑫鑫茶行(较场坝东街),shopping,购物服务;专卖店;专营店,锦江区,104.088427,30.651132,2
成都市锦江区市场,shopping,购物服务;购物相关场所;购物相关场所,锦江区,104.085759,30.651926,2
零距离经营店,shopping,购物服务;便民商店/便利店;便民商店/便利店,成华区,104.089848,30.657698,1
托普照明,shopping,购物服务;购物相关场所;购物相关场所,锦江区,104.091242,30.651764,2
吉安干杂店,shopping,购物服务;便民商店/便利店;便民商店/便利店,锦江区,104.085671,30.657105,1
80摄氏度,shopping,购物服务;购物相关场所;购物相关场所,锦江区,104.088106,30.650477,2
完美,shopping,购物服务;购物相关场所;购物相关场所,成华区,104.09849,30.655385,278
锦江区睫媚儿化妆品经营部,shopping,购物服务;专卖店;专营店,锦江区,104.084744,30.651573,1
盛世典藏营业厅,shopping,购物服务;购物相关场所;购物相关场所,锦江区,104.086273,30.650414,1
拾搂,shopping,购物服务;服装鞋帽皮具店;服装鞋帽皮具店,成华区,104.093089,30.657589,128
娇子苑成商专营店,shopping,购物服务;购物相关场所;购物相关场所,锦江区,104.087391,30.659099,1
江旗袍,shopping,购物服务;服装鞋帽皮具店;服装鞋帽皮具店,锦江区,104.086293,30.649576,5
名典,shopping,购物服务;服装鞋帽皮具店;服装鞋帽皮具店,锦江区,104.084715,30.650224,37
富丽汇,shopping,购物服务;购物相关场所;购物相关场所,成华区,104.091804,30.658999,3
永洪花店,shopping,购物服务;花鸟鱼虫市场;花卉市场,锦江区,104.086804,30.65421,2
川西民俗美食乐府,shopping,购物服务;特色商业街;特色商业街,成华区,104.086777,30.656377,1
庄稼汉果蔬专卖,shopping,购物服务;综合市场;果品市场,成华区,104.093325,30.659352,2
鲜鱼,shopping,购物服务;综合市场;水产海鲜市场,成华区,104.09866,30.653094,20
摩味,shopping,购物服务;服装鞋帽皮具店;服装鞋帽皮具店,成华区,104.104151,30.650101,740
茶机麻,shopping,购物服务;购物相关场所;购物相关场所,成华区,104.097296,30.65264,2
四川仪表四厂服务部,shopping,购物服务;购物相关场所;购物相关场所,成华区,104.09603,30.654102,1
有暖,shopping,购物服务;服装鞋帽皮具店;服装鞋帽皮具店,成华区,104.096806,30.650681,167
蕊芽茶业,shopping,购物服务;购物相关场所;购物相关场所,成华区,104.097514,30.656611,3
禽蛋批发零售,shopping,购物服务;购物相关场所;购物相关场所,成华区,104.101008,30.653184,1
甘甜水业,shopping,购物服务;购物相关场所;购物相关场所,成华区,104.095665,30.653186,8
金堂蔬菜基地双桥直销店,shopping,购物服务;购物相关场所;购物相关场所,成华区,104.099884,30.651735,1
vans黑花挑,shopping,购物服务;购物相关场所;购物相关场所,成华区,104.098945,30.657269,1
前峰,shopping,购物服务;服装鞋帽皮具店;品牌服装店,成华区,104.096776,30.657723,16
鹏辉超市,shopping,购物服务;购物相关场所;购物相关场所,成华区,104.102909,30.65567,2
小夏便民店,shopping,购物服务;便民商店/便利店;便民商店/便利店,成华区,104.098535,30.658234,1
亿家鲜果,shopping,购物服务;综合市场;果品市场,成华区,104.10229,30.65205,5
(川新缘)诚信干货店,shopping,购物服务;综合市场;农副产品市场,成华区,104.1012,30.650987,1
瑞安消防,shopping,购物服务;购物相关场所;购物相关场所,成华区,104.093493,30.652894,1
七妹参观,shopping,购物服务;购物相关场所;购物相关场所,成华区,104.103758,30.656731,12
棉本店(水碾河店),shopping,购物服务;服装鞋帽皮具店;服装鞋帽皮具店,锦江区,104.099338,30.649291,3
蔬果超市(配送中心),shopping,购物服务;超级市场;超市,成华区,104.100847,30.649939,3
木森花艺,shopping,购物服务;花鸟鱼虫市场;花卉市场,成华区,104.102126,30.650509,1
果果乐,shopping,购物服务;综合市场;果品市场,成华区,104.109987,30.65556,180
鑫鑫便利店,shopping,购物服务;便民商店/便利店;便民商店/便利店,成华区,104.10694,30.654868,2
何雪苑冰品批发,shopping,购物服务;购物相关场所;购物相关场所,成华区,104.108399,30.653052,2
乖宝贝宠物用品店,shopping,购物服务;购物相关场所;购物相关场所,成华区,104.106443,30.654184,1
媌娙,shopping,购物服务;服装鞋帽皮具店;服装鞋帽皮具店,成华区,104.107,30.656042,9
范妹超市,shopping,购物服务;购物相关场所;购物相关场所,成华区,104.106135,30.653139,2
天天副食品,shopping,购物服务;专卖店;专营店,成华区,104.111341,30.653885,1
素钠,shopping,购物服务;购物相关场所;购物相关场所,成华区,104.111482,30.653151,12
约克空调,shopping,购物服务;家电电子卖场;家电电子卖场,成华区,104.110701,30.652255,23
情趣用品,shopping,购物服务;购物相关场所;购物相关场所,成华区,104.108519,30.657189,2
二宝小卖部,shopping,购物服务;购物相关场所;购物相关场所,成华区,104.105589,30.653091,1
久久Y,shopping,购物服务;购物相关场所;购物相关场所,成华区,104.112547,30.653825,19
美酒汇,shopping,购物服务;专卖店;烟酒专卖店,成华区,104.112095,30.655266,8
鸿笙粗粮农庄,shopping,购物服务;购物相关场所;购物相关场所,成华区,104.10505,30.656363,9
安心自选超市,shopping,购物服务;便民商店/便利店;便民商店/便利店,成华区,104.10812,30.657704,2
社区粮油干杂店,shopping,购物服务;购物相关场所;购物相关场所,成华区,104.108951,30.657655,1
台红,shopping,购物服务;服装鞋帽皮具店;服装鞋帽皮具店,成华区,104.117004,30.65431,225
万象城,shopping,购物服务;商场;购物中心,成华区,104.112956,30.652154,202
光兰干杂,shopping,购物服务;便民商店/便利店;便民商店/便利店,成华区,104.105284,30.657204,2
邱记副食,shopping,购物服务;购物相关场所;购物相关场所,成华区,104.107204,30.658358,2
范氏果业,shopping,购物服务;综合市场;果品市场,成华区,104.110735,30.658129,15
RORMANA,shopping,购物服务;服装鞋帽皮具店;服装鞋帽皮具店,成华区,104.111118,30.650776,2
曹记小卖部,shopping,购物服务;购物相关场所;购物相关场所,成华区,104.103732,30.655282,1
金超威电池,shopping,购物服务;购物相关场所;购物相关场所,成华区,104.106265,30.650217,1
三超,shopping,购物服务;便民商店/便利店;便民商店/便利店,成华区,104.114351,30.658082,58
高水放心,shopping,购物服务;购物相关场所;购物相关场所,成华区,104.112093,30.658152,5
北大荒乐福生态超市,shopping,购物服务;购物相关场所;购物相关场所,成华区,104.104953,30.658127,1
鹏海书店(双园巷),shopping,购物服务;专卖店;书店,成华区,104.105808,30.658662,2
山猪肥猪王,shopping,购物服务;综合市场;农副产品市场,成华区,104.106196,30.649709,3
成都旭康镁商贸,shopping,购物服务;专卖店;专营店,成华区,104.104552,30.658768,1
老邻居(万象店),shopping,购物服务;便民商店/便利店;便民商店/便利店,成华区,104.112169,30.65716,2
阵风电脑,shopping,购物服务;家电电子卖场;数码电子,成华区,104.109302,30.656048,1
四川特产超市,shopping,购物服务;超级市场;超市,成华区,104.107528,30.655148,2
芭蕉树干杂店,shopping,购物服务;便民商店/便利店;便民商店/便利店,成华区,104.10885,30.651609,1
唯品会门店,shopping,购物服务;购物相关场所;购物相关场所,成华区,104.118824,30.655826,1
天瑞园鲜蔬,shopping,购物服务;综合市场;蔬菜市场,成华区,104.118192,30.656183,2
乳子牛,shopping,购物服务;购物相关场所;购物相关场所,成华区,104.117225,30.652668,1
蓝剑365(积步街店),shopping,购物服务;购物相关场所;购物相关场所,成华区,104.117111,30.656167,1
威力斯,shopping,购物服务;购物相关场所;购物相关场所,成华区,104.115771,30.654128,1
姚姐便利店,shopping,购物服务;便民商店/便利店;便民商店/便利店,成华区,104.119927,30.656398,1
艾蜜雪专柜,shopping,购物服务;购物相关场所;购物相关场所,成华区,104.116544,30.652457,1
顺通便民超市,shopping,购物服务;便民商店/便利店;便民商店/便利店,成华区,104.117252,30.65686,2
红叶丽人坊,shopping,购物服务;购物相关场所;购物相关场所,成华区,104.1185,30.651588,1
直销西南水泥,shopping,购物服务;购物相关场所;购物相关场所,成华区,104.121332,30.656139,2
锦尚鲜花,shopping,购物服务;专卖店;专营店,成华区,104.116635,30.656996,3
浪漫花坊(万象城店),shopping,购物服务;购物相关场所;购物相关场所,成华区,104.116599,30.651601,1
烟酒副食,shopping,购物服务;便民商店/便利店;便民商店/便利店,成华区,104.115036,30.656463,11
霞姐鲜果汇,shopping,购物服务;购物相关场所;购物相关场所,成华区,104.121096,30.651748,2
小脚丫手工坊,shopping,购物服务;购物相关场所;购物相关场所,成华区,104.121731,30.652491,1
沁南干杂,shopping,购物服务;便民商店/便利店;便民商店/便利店,成华区,104.120957,30.657188,2
二十四城便民店,shopping,购物服务;便民商店/便利店;便民商店/便利店,成华区,104.115138,30.652319,1
鹏连超市,shopping,购物服务;购物相关场所;购物相关场所,成华区,104.122753,30.655026,1
丑果园,shopping,购物服务;综合市场;果品市场,成华区,104.119578,30.650764,7
昆仑好客便利店(万年路),shopping,购物服务;便民商店/便利店;便民商店/便利店,成华区,104.116675,30.657829,1
奋发车行,shopping,购物服务;购物相关场所;购物相关场所,成华区,104.115405,30.657133,1
果唯伊,shopping,购物服务;综合市场;果品市场,成华区,104.113681,30.653411,4
消声器,shopping,购物服务;专卖店;专营店,成华区,104.119582,30.658431,1
和谐超市,shopping,购物服务;购物相关场所;购物相关场所,成华区,104.121441,30.651074,1
万家乐成都办事处,shopping,购物服务;购物相关场所;购物相关场所,成华区,104.115147,30.651173,1
德高瓷砖胶好,shopping,购物服务;购物相关场所;购物相关场所,成华区,104.120196,30.658681,1
茂军商行,shopping,购物服务;便民商店/便利店;便民商店/便利店,成华区,104.113568,30.656,1
菲琳,shopping,购物服务;服装鞋帽皮具店;服装鞋帽皮具店,成华区,104.116232,30.648793,29
新发敲补做漆玻璃,shopping,购物服务;购物相关场所;购物相关场所,成华区,104.120924,30.658981,1
遇见未知,shopping,购物服务;购物相关场所;购物相关场所,成华区,104.115209,30.650193,2
顶呱呱水果店,shopping,购物服务;专卖店;专营店,成华区,104.114353,30.65032,1
精修电动车专卖店,shopping,购物服务;购物相关场所;购物相关场所,成华区,104.123359,30.650656,1
武侯区兴泰商贸部,shopping,购物服务;购物相关场所;购物相关场所,成华区,104.114689,30.659343,1
鲜美鲜花店,shopping,购物服务;花鸟鱼虫市场;花卉市场,成华区,104.122197,30.653503,1
红旗超市(联合分场),shopping,购物服务;超级市场;超市,成华区,104.123178,30.65248,1
晨光文具复印,shopping,购物服务;文化用品店;文化用品店,成华区,104.12193,30.654974,1
新生活化妆品,shopping,购物服务;个人用品/化妆品店;其它个人用品店,成华区,104.120756,30.650678,1
安吉锁业,shopping,购物服务;专卖店;专营店,成华区,104.128412,30.656617,3
好实惠超市(东浦路),shopping,购物服务;便民商店/便利店;便民商店/便利店,成华区,104.126157,30.653915,1
村村通讯,shopping,购物服务;家电电子卖场;手机销售,成华区,104.133225,30.658482,2
宜华大东展,shopping,购物服务;购物相关场所;购物相关场所,成华区,104.127811,30.65747,1
超威电池专卖店,shopping,购物服务;专卖店;专营店,成华区,104.12679,30.649822,1
美誉服饰,shopping,购物服务;服装鞋帽皮具店;服装鞋帽皮具店,成华区,104.127365,30.654157,1
繁兴通讯(生育文化大院东北),shopping,购物服务;家电电子卖场;手机销售,成华区,104.129134,30.655971,1
香精香料配送站,shopping,购物服务;购物相关场所;购物相关场所,成华区,104.128798,30.65009,2
和美之家,shopping,购物服务;购物相关场所;购物相关场所,成华区,104.125372,30.658692,1
金超威店,shopping,购物服务;购物相关场所;购物相关场所,成华区,104.126143,30.650128,1
喜狗宠物美容店,shopping,购物服务;专卖店;宠物用品店,成华区,104.139049,30.654168,5
星期天,shopping,购物服务;服装鞋帽皮具店;服装鞋帽皮具店,成华区,104.139344,30.655321,77
兴胜食品,shopping,购物服务;便民商店/便利店;便民商店/便利店,成华区,104.140394,30.654238,5
统爱,shopping,购物服务;服装鞋帽皮具店;服装鞋帽皮具店,成华区,104.137976,30.652232,54
石材批发,shopping,购物服务;购物相关场所;购物相关场所,成华区,104.136748,30.656144,1
休闲鞋店,shopping,购物服务;专卖店;专营店,成华区,104.139361,30.651728,6
舞东风(一代天骄分店),shopping,购物服务;便民商店/便利店;便民商店/便利店,成华区,104.140877,30.656682,3
星发通讯,shopping,购物服务;家电电子卖场;手机销售,成华区,104.137728,30.651284,7
育婴世家,shopping,购物服务;购物相关场所;购物相关场所,成华区,104.141531,30.656321,1
东吴小店,shopping,购物服务;购物相关场所;购物相关场所,成华区,104.14074,30.651926,2
芮沁超市,shopping,购物服务;便民商店/便利店;便民商店/便利店,成华区,104.1395,30.651206,1
新都区忠成化工产品经营部,shopping,购物服务;购物相关场所;购物相关场所,成华区,104.138167,30.65077,1
欢乐车行,shopping,购物服务;专卖店;自行车专卖店,成华区,104.142719,30.652019,27
川都超市,shopping,购物服务;便民商店/便利店;便民商店/便利店,成华区,104.14104,30.657652,7
晶晶冰品,shopping,购物服务;便民商店/便利店;便民商店/便利店,成华区,104.137384,30.650495,5
站亭,shopping,购物服务;便民商店/便利店;便民商店/便利店,成华区,104.136264,30.650905,3
邓氏干杂,shopping,购物服务;购物相关场所;购物相关场所,成华区,104.13854,30.650336,1
万鑫便利配送,shopping,购物服务;便民商店/便利店;便民商店/便利店,成华区,104.141964,30.65732,1
成名干杂店,shopping,购物服务;便民商店/便利店;便民商店/便利店,成华区,104.136591,30.650445,1
兴胜配送,shopping,购物服务;便民商店/便利店;便民商店/便利店,成华区,104.140161,30.658633,1
那家小卖部,shopping,购物服务;购物相关场所;购物相关场所,成华区,104.138106,30.649746,1
天添薪,shopping,购物服务;购物相关场所;购物相关场所,成华区,104.142831,30.650927,1
蓉禧便利店,shopping,购物服务;便民商店/便利店;便民商店/便利店,成华区,104.133952,30.658456,3
小唐水产,shopping,购物服务;综合市场;水产海鲜市场,成华区,104.139838,30.652838,3
贝特猫鲜花店(宏苑工作室),shopping,购物服务;花鸟鱼虫市场;花卉市场,成华区,104.138039,30.654275,1
迎春超市(城投东庐南),shopping,购物服务;便民商店/便利店;便民商店/便利店,成华区,104.147501,30.655167,1
惠哆惠,shopping,购物服务;综合市场;蔬菜市场,成华区,104.146771,30.657267,14
五行车行,shopping,购物服务;购物相关场所;购物相关场所,成华区,104.15042,30.651319,6
水果批发市场,shopping,购物服务;综合市场;果品市场,成华区,104.144408,30.655117,1
淘呀呀饰品店,shopping,购物服务;专卖店;礼品饰品店,成华区,104.146976,30.658617,25
红发超市,shopping,购物服务;便民商店/便利店;便民商店/便利店,成华区,104.15264,30.655722,1
何悦糖果,shopping,购物服务;专卖店;专营店,成华区,104.145463,30.657748,5
普田,shopping,购物服务;购物相关场所;购物相关场所,成华区,104.150451,30.650434,1
尚好伊家生活超市,shopping,购物服务;便民商店/便利店;便民商店/便利店,成华区,104.153075,30.652383,1
云美电器,shopping,购物服务;购物相关场所;购物相关场所,成华区,104.150063,30.649624,2
悦好(和悦庭院店),shopping,购物服务;便民商店/便利店;便民商店/便利店,成华区,104.144733,30.658527,1
机麻茶小卖部,shopping,购物服务;购物相关场所;购物相关场所,成华区,104.144756,30.64965,1
一猫一狗,shopping,购物服务;专卖店;宠物用品店,成华区,104.143628,30.658941,2
便民五金百货超市,shopping,购物服务;便民商店/便利店;便民商店/便利店,成华区,104.143975,30.649595,1
蜀萌电器,shopping,购物服务;家电电子卖场;综合家电商场,成华区,104.143815,30.657616,1
标件,shopping,购物服务;购物相关场所;购物相关场所,成华区,104.157655,30.650888,13
诚业贸易,shopping,购物服务;专卖店;专营店,成华区,104.157641,30.650097,3
万红日杂副食店(武青西二路),shopping,购物服务;便民商店/便利店;便民商店/便利店,武侯区,103.966712,30.643866,1
好家乡,shopping,购物服务;便民商店/便利店;便民商店/便利店,武侯区,103.96893,30.646787,1
美雅超市(武青西一路),shopping,购物服务;便民商店/便利店;便民商店/便利店,武侯区,103.971555,30.644025,2
1+1超市(半边街社区卫生服务站东南),shopping,购物服务;便民商店/便利店;便民商店/便利店,武侯区,103.969425,30.647105,1
红英茶铺,shopping,购物服务;购物相关场所;购物相关场所,武侯区,103.971414,30.643102,2
文昊日用品商行,shopping,购物服务;专卖店;专营店,武侯区,103.97165,30.645945,3
广州富宏自动售货机有限公司成都分公司,shopping,购物服务;专卖店;专营店,武侯区,103.971901,30.64363,1
菜宅送,shopping,购物服务;综合市场;蔬菜市场,武侯区,103.971624,30.647593,58
万红日杂副食店,shopping,购物服务;便民商店/便利店;便民商店/便利店,武侯区,103.964765,30.64375,2
一加一超市,shopping,购物服务;购物相关场所;购物相关场所,武侯区,103.972093,30.642014,5
3Q便利,shopping,购物服务;便民商店/便利店;便民商店/便利店,武侯区,103.966991,30.648468,2
要的食品,shopping,购物服务;购物相关场所;购物相关场所,武侯区,103.96745,30.640707,2
氧气乙炔,shopping,购物服务;购物相关场所;购物相关场所,武侯区,103.972935,30.64648,1
鸿运超市(川半路),shopping,购物服务;便民商店/便利店;便民商店/便利店,武侯区,103.964205,30.643477,1
新居农贸市场,shopping,购物服务;综合市场;农副产品市场,武侯区,103.967802,30.64919,2
蓉锦机械,shopping,购物服务;专卖店;专营店,武侯区,103.965964,30.648949,5
桃园,shopping,购物服务;购物相关场所;购物相关场所,武侯区,103.973276,30.648176,2
淘衣吧,shopping,购物服务;服装鞋帽皮具店;服装鞋帽皮具店,武侯区,103.967396,30.647989,1
华亿惠佳超市半边街店,shopping,购物服务;超级市场;超市,武侯区,103.970751,30.644929,1
三夫食品专营店,shopping,购物服务;购物相关场所;购物相关场所,武侯区,103.979266,30.644961,1
山推配件,shopping,购物服务;专卖店;专营店,武侯区,103.978823,30.64402,6
富航超市,shopping,购物服务;便民商店/便利店;便民商店/便利店,武侯区,103.978961,30.645848,4
融通增压器,shopping,购物服务;专卖店;专营店,武侯区,103.979358,30.643393,3
成都麦尔,shopping,购物服务;专卖店;专营店,武侯区,103.978458,30.643352,3
成都久久工程机械,shopping,购物服务;专卖店;专营店|汽车服务;汽车服务相关;汽车服务相关,武侯区,103.977282,30.644308,1
恋怡,shopping,购物服务;购物相关场所;购物相关场所,武侯区,103.980121,30.642776,168
小易副食便利店,shopping,购物服务;便民商店/便利店;便民商店/便利店,武侯区,103.976725,30.645555,6
永逸超市,shopping,购物服务;便民商店/便利店;便民商店/便利店,武侯区,103.976593,30.643347,8
富滤盛滤清器成都直销处,shopping,购物服务;专卖店;专营店,武侯区,103.976364,30.644455,1
成都市羿盈工程机械,shopping,购物服务;购物相关场所;购物相关场所,武侯区,103.97642,30.643953,1
武侯区塔之山工程机械经营部,shopping,购物服务;购物相关场所;购物相关场所,武侯区,103.97661,30.64635,1
俊昌日杂,shopping,购物服务;便民商店/便利店;便民商店/便利店,武侯区,103.981888,30.64531,2
摩奥,shopping,购物服务;服装鞋帽皮具店;服装鞋帽皮具店,武侯区,103.978385,30.6476,28
李记门锁,shopping,购物服务;专卖店;专营店,武侯区,103.982304,30.644655,3
1号生鲜,shopping,购物服务;综合市场;蔬菜市场,武侯区,103.974864,30.64478,5
旧货家具市场,shopping,购物服务;购物相关场所;购物相关场所,武侯区,103.976656,30.647476,4
峨胜水泥,shopping,购物服务;购物相关场所;购物相关场所,武侯区,103.980634,30.647523,2
平安超市(武青西三路),shopping,购物服务;便民商店/便利店;便民商店/便利店,武侯区,103.977522,30.641388,1
虎威便利店,shopping,购物服务;便民商店/便利店;便民商店/便利店,武侯区,103.975528,30.646788,2
金顺祺传祺,shopping,购物服务;购物相关场所;购物相关场所,武侯区,103.981392,30.647511,1
武侯区天顺活动板房经营部,shopping,购物服务;购物相关场所;购物相关场所,武侯区,103.975165,30.642558,1
立新泡沫,shopping,购物服务;专卖店;专营店,武侯区,103.976325,30.6483,19
钻石斗齿,shopping,购物服务;专卖店;专营店|汽车服务;汽车服务相关;汽车服务相关,武侯区,103.97841,30.640477,4
仙踪林科技,shopping,购物服务;购物相关场所;购物相关场所,武侯区,103.982085,30.64728,1
茶铺麻将,shopping,购物服务;购物相关场所;购物相关场所,武侯区,103.974124,30.644268,2
自由人,shopping,购物服务;服装鞋帽皮具店;服装鞋帽皮具店,武侯区,103.982938,30.641957,18
馨然之家,shopping,购物服务;购物相关场所;购物相关场所,武侯区,103.98093,30.648122,2
辉祥烟酒,shopping,购物服务;专卖店;烟酒专卖店,武侯区,103.979727,30.648681,1
奥林模型,shopping,购物服务;专卖店;专营店,武侯区,103.973964,30.646562,1
3K全自动麻将机,shopping,购物服务;专卖店;专营店,武侯区,103.980213,30.649108,1
专业制鞋,shopping,购物服务;购物相关场所;购物相关场所,武侯区,103.977006,30.649109,1
吊篮,shopping,购物服务;购物相关场所;购物相关场所,武侯区,103.982452,30.648711,6
乐山锅炉,shopping,购物服务;专卖店;专营店,武侯区,103.975002,30.648388,1
张挂面,shopping,购物服务;购物相关场所;购物相关场所,武侯区,103.974811,30.640701,1
潮音小卖部,shopping,购物服务;便民商店/便利店;便民商店/便利店,武侯区,103.980873,30.639642,1
成都三彩电子,shopping,购物服务;购物相关场所;购物相关场所,武侯区,103.983681,30.648009,1
素品阁,shopping,购物服务;购物相关场所;购物相关场所,武侯区,103.983981,30.640886,26
库四号门,shopping,购物服务;购物相关场所;购物相关场所,武侯区,103.97443,30.649266,1
武新花园鲜花坊,shopping,购物服务;花鸟鱼虫市场;花卉市场,武侯区,103.97444,30.639818,1
乐山鲜鸡蛋批发,shopping,购物服务;综合市场;农副产品市场,武侯区,103.97599,30.640601,1
天能电池,shopping,购物服务;购物相关场所;购物相关场所,武侯区,103.987544,30.642771,6
雅鹿,shopping,购物服务;服装鞋帽皮具店;服装鞋帽皮具店,武侯区,103.991456,30.645102,190
唐大爷副食店,shopping,购物服务;便民商店/便利店;便民商店/便利店,武侯区,103.98714,30.643646,3
老袁副食,shopping,购物服务;便民商店/便利店;便民商店/便利店,武侯区,103.986195,30.644591,3
哆彩艺术琴行,shopping,购物服务;专卖店;专营店,武侯区,103.987849,30.646828,1
铝塑配件,shopping,购物服务;购物相关场所;购物相关场所,武侯区,103.988196,30.641925,3
环球通讯店,shopping,购物服务;家电电子卖场;手机销售,武侯区,103.986518,30.642455,4
完美,shopping,购物服务;购物相关场所;购物相关场所,武侯区,103.98487,30.645718,26
成都力电门市,shopping,购物服务;专卖店;专营店,武侯区,103.98707,30.641292,4
麦嘎屋,shopping,购物服务;服装鞋帽皮具店;服装鞋帽皮具店,武侯区,103.986228,30.641966,4
福蓉商店,shopping,购物服务;便民商店/便利店;便民商店/便利店,武侯区,103.993031,30.643466,4
恒泰机电商贸部,shopping,购物服务;专卖店;专营店,武侯区,103.988169,30.641088,1
yun.艺术工作室,shopping,购物服务;购物相关场所;购物相关场所,武侯区,103.987547,30.640462,2
昊昊副食店(机投镇店),shopping,购物服务;专卖店;专营店,武侯区,103.984303,30.643164,1
怡创科技,shopping,购物服务;购物相关场所;购物相关场所,武侯区,103.987894,30.639722,4
无限极南方李锦记机投镇专卖店,shopping,购物服务;购物相关场所;购物相关场所,武侯区,103.984908,30.640678,1
机麻,shopping,购物服务;购物相关场所;购物相关场所,武侯区,103.995,30.640922,84
鸿富荣进口商品,shopping,购物服务;专卖店;专营店,武侯区,103.985102,30.639724,3
银格顿,shopping,购物服务;购物相关场所;购物相关场所,武侯区,103.993503,30.6488,11
心元愚舍.AshtangaYogaShala,shopping,购物服务;购物相关场所;购物相关场所,武侯区,103.999222,30.6437,1
宜佳超市,shopping,购物服务;便民商店/便利店;便民商店/便利店,武侯区,104.000261,30.64391,8
成都消防,shopping,购物服务;购物相关场所;购物相关场所,武侯区,103.999069,30.645832,1
有间鱼店,shopping,购物服务;花鸟鱼虫市场;宠物市场,武侯区,103.998153,30.646275,6
创维,shopping,购物服务;家电电子卖场;综合家电商场,武侯区,104.001473,30.647124,117
好实惠超市,shopping,购物服务;购物相关场所;购物相关场所,武侯区,103.996109,30.646268,2
靓点食品配送,shopping,购物服务;便民商店/便利店;便民商店/便利店,武侯区,103.995895,30.643261,1
小女人,shopping,购物服务;服装鞋帽皮具店;服装鞋帽皮具店,武侯区,103.997537,30.647337,5
鑫爱,shopping,购物服务;购物相关场所;购物相关场所,武侯区,104.00157,30.642727,4
贝儿孕婴世界,shopping,购物服务;专卖店;儿童用品店,武侯区,103.994343,30.644111,6
万家乐超市(晋康街),shopping,购物服务;便民商店/便利店;便民商店/便利店,武侯区,103.999769,30.647972,1
雅居梦装饰,shopping,购物服务;购物相关场所;购物相关场所,武侯区,104.001808,30.64217,1
晋阳,shopping,购物服务;超级市场;超市,武侯区,103.998503,30.64882,18
雅格锁业,shopping,购物服务;专卖店;专营店,武侯区,103.994263,30.644985,1
亨达冷食,shopping,购物服务;购物相关场所;购物相关场所,武侯区,103.994607,30.642724,3
美妆坊,shopping,购物服务;购物相关场所;购物相关场所,武侯区,104.002603,30.641667,6
瑞鑫酒水配送,shopping,购物服务;专卖店;烟酒专卖店,武侯区,103.994365,30.643258,1
鸿运通讯,shopping,购物服务;家电电子卖场;手机销售,武侯区,104.001096,30.641064,1
BNB啤酒体验馆,shopping,购物服务;购物相关场所;购物相关场所,武侯区,103.994357,30.646476,1
007超市(金楠府店),shopping,购物服务;便民商店/便利店;便民商店/便利店,武侯区,104.000324,30.640456,1
金楠缤纷销售中心,shopping,购物服务;购物相关场所;购物相关场所,武侯区,103.998947,30.640202,1
惠众(缤纷店),shopping,购物服务;便民商店/便利店;便民商店/便利店,武侯区,103.998171,30.640166,1
365DAY(顺兴路店),shopping,购物服务;便民商店/便利店;便民商店/便利店,武侯区,103.999644,30.639968,1
缤楠白果超市,shopping,购物服务;购物相关场所;购物相关场所,武侯区,103.998683,30.639378,5
航丞日杂店,shopping,购物服务;购物相关场所;购物相关场所,武侯区,103.995485,30.640127,1
月映红超市,shopping,购物服务;购物相关场所;购物相关场所,武侯区,104.003233,30.639764,1
小雨点文具,shopping,购物服务;文化用品店;文化用品店,武侯区,103.997675,30.647912,1
周末别墅聚会轰趴,shopping,购物服务;购物相关场所;购物相关场所,武侯区,104.007306,30.645162,2
24小时便利店,shopping,购物服务;便民商店/便利店;便民商店/便利店,武侯区,104.010842,30.64417,5
艾佳超市(双丰西路),shopping,购物服务;便民商店/便利店;便民商店/便利店,武侯区,104.010151,30.643383,1
红顺副食(中环路武阳大道段),shopping,购物服务;便民商店/便利店;便民商店/便利店,武侯区,104.008689,30.642446,1
红袖(龙华南路),shopping,购物服务;服装鞋帽皮具店;服装鞋帽皮具店,武侯区,104.011194,30.64566,5
爱尔坊,shopping,购物服务;购物相关场所;购物相关场所,武侯区,104.011152,30.646398,1
魅尚,shopping,购物服务;专卖店;专营店,武侯区,104.011254,30.640665,80
卡柏菲,shopping,购物服务;购物相关场所;购物相关场所,武侯区,104.010421,30.647918,25
SOLEIL姝丽,shopping,购物服务;购物相关场所;购物相关场所,武侯区,104.008791,30.647805,1
沁颜坊,shopping,购物服务;专卖店;专营店,武侯区,104.009765,30.640571,8
蓝园艺工作室,shopping,购物服务;花鸟鱼虫市场;花卉市场,武侯区,104.007966,30.648603,6
M&K(素颜百分百美妆连锁)(鹭岛店),shopping,购物服务;购物相关场所;购物相关场所,武侯区,104.007172,30.648178,1
武侯区鑫源锁业经营部,shopping,购物服务;购物相关场所;购物相关场所,武侯区,104.004091,30.644759,1
孝亲贝贝孕婴童,shopping,购物服务;专卖店;儿童用品店,武侯区,104.004899,30.642132,6
沛纳海,shopping,购物服务;专卖店;专营店,武侯区,104.013888,30.641664,26
羌都红枣,shopping,购物服务;专卖店;专营店,武侯区,104.005233,30.64124,7
锁店,shopping,购物服务;专卖店;专营店,武侯区,104.005621,30.640154,19
tom叔叔的小屋,shopping,购物服务;服装鞋帽皮具店;服装鞋帽皮具店,武侯区,104.006942,30.648755,1
恩灵专柜,shopping,购物服务;购物相关场所;购物相关场所,武侯区,104.01157,30.648659,3
外双楠鹭岛国际步行街,shopping,购物服务;特色商业街;步行街,武侯区,104.010982,30.649095,4
笨笨熊,shopping,购物服务;专卖店;儿童用品店,武侯区,104.010377,30.639396,7
雪平通讯,shopping,购物服务;家电电子卖场;手机销售,武侯区,104.007101,30.63913,14
天天新鲜水果,shopping,购物服务;专卖店;专营店,武侯区,104.004743,30.640662,1
哇酷生活馆,shopping,购物服务;购物相关场所;购物相关场所,武侯区,104.004461,30.640148,2
红旗超市(双楠便利店),shopping,购物服务;便民商店/便利店;便民商店/便利店,武侯区,104.013343,30.639925,1
鹭岛国际商业街,shopping,购物服务;特色商业街;特色商业街,武侯区,104.011781,30.643919,1
石花坊鲜花店(鹭岛店),shopping,购物服务;花鸟鱼虫市场;花卉市场,武侯区,104.008823,30.648586,1
海燕鲜花,shopping,购物服务;花鸟鱼虫市场;花卉市场,武侯区,104.008694,30.643367,1
果然汇,shopping,购物服务;购物相关场所;购物相关场所,武侯区,104.019876,30.64428,17
纱窗厂家直销,shopping,购物服务;购物相关场所;购物相关场所,武侯区,104.018432,30.64484,2
中国飞鸽,shopping,购物服务;购物相关场所;购物相关场所,武侯区,104.017909,30.642928,24
骊鑫王,shopping,购物服务;购物相关场所;购物相关场所,武侯区,104.020346,30.645777,87
菲菲猫,shopping,购物服务;专卖店;礼品饰品店,武侯区,104.020228,30.642597,20
福星商行,shopping,购物服务;专卖店;烟酒专卖店,武侯区,104.017571,30.641803,3
衣先生裙小姐,shopping,购物服务;服装鞋帽皮具店;服装鞋帽皮具店,武侯区,104.016098,30.642693,1
大厅工艺品店,shopping,购物服务;购物相关场所;购物相关场所,武侯区,104.016808,30.641995,1
何姐便名店,shopping,购物服务;购物相关场所;购物相关场所,武侯区,104.021272,30.64738,8
星月情,shopping,购物服务;专卖店;珠宝首饰工艺品,武侯区,104.021727,30.646519,4
武侯区乱红鞋业商贸部,shopping,购物服务;购物相关场所;购物相关场所,武侯区,104.01491,30.645371,2
日日顺乐家,shopping,购物服务;购物相关场所;购物相关场所,武侯区,104.020448,30.641412,2
五粮神,shopping,购物服务;专卖店;烟酒专卖店,武侯区,104.02256,30.64232,17
爱尚茶,shopping,购物服务;专卖店;专营店,武侯区,104.01507,30.642185,8
乐友孕婴童(双楠店),shopping,购物服务;专卖店;儿童用品店,武侯区,104.020182,30.648158,1
鸿联酒行,shopping,购物服务;专卖店;专营店,武侯区,104.015588,30.641179,1
比特龙,shopping,购物服务;服装鞋帽皮具店;服装鞋帽皮具店,武侯区,104.02261,30.647353,3
首彩葡萄酒,shopping,购物服务;专卖店;专营店,武侯区,104.018469,30.640021,1
美康鲜果店,shopping,购物服务;购物相关场所;购物相关场所,武侯区,104.015453,30.640302,3
蓉欣花艺,shopping,购物服务;花鸟鱼虫市场;花卉市场,武侯区,104.020659,30.649165,3
慧好文化,shopping,购物服务;购物相关场所;购物相关场所,武侯区,104.017893,30.639397,7
apr改装店,shopping,购物服务;购物相关场所;购物相关场所,武侯区,104.021754,30.640077,2
一凡艺雕,shopping,购物服务;购物相关场所;购物相关场所,武侯区,104.015629,30.649314,2
鲜国园,shopping,购物服务;综合市场;果品市场,武侯区,104.024304,30.640423,22
A6服饰,shopping,购物服务;购物相关场所;购物相关场所,武侯区,104.023621,30.647934,1
A&A外贸名品折扣店,shopping,购物服务;服装鞋帽皮具店;服装鞋帽皮具店,武侯区,104.023059,30.648483,1
萌宠部落,shopping,购物服务;专卖店;宠物用品店,武侯区,104.013329,30.639246,17
中国电信(双楠星光专营店),shopping,生活服务;电讯营业厅;中国电信营业厅|购物服务;家电电子卖场;手机销售,武侯区,104.02057,30.647374,1
红旗超市(回归线分场),shopping,购物服务;超级市场;超市,武侯区,104.016443,30.641067,1
双赢典当,shopping,购物服务;特殊买卖场所;典当行,武侯区,104.018818,30.64095,1
贝特猫鲜花店(竹园工作室),shopping,购物服务;花鸟鱼虫市场;花卉市场,武侯区,104.02102,30.642753,1
龙福苑水果店,shopping,购物服务;购物相关场所;购物相关场所,武侯区,104.014353,30.646643,1
木纤维,shopping,购物服务;专卖店;专营店|购物服务;服装鞋帽皮具店;服装鞋帽皮具店,武侯区,104.029835,30.643155,70
天府菜篮子(广福店),shopping,购物服务;综合市场;蔬菜市场,武侯区,104.02998,30.644718,3
蟹都会,shopping,购物服务;综合市场;水产海鲜市场|餐饮服务;中餐厅;中餐厅,武侯区,104.03007,30.645629,1
茂宏食品经营部,shopping,购物服务;便民商店/便利店;便民商店/便利店,武侯区,104.028958,30.646296,2
母婴生活馆,shopping,购物服务;专卖店;儿童用品店,武侯区,104.028473,30.641894,2
爱狗屋,shopping,购物服务;购物相关场所;购物相关场所,武侯区,104.026297,30.642487,8
奇奇坊,shopping,购物服务;购物相关场所;购物相关场所,武侯区,104.031723,30.645164,17
莫瑞尼,shopping,购物服务;购物相关场所;购物相关场所,武侯区,104.027669,30.640866,83
瀛川贸易,shopping,购物服务;专卖店;烟酒专卖店,武侯区,104.025164,30.643652,2
依雅优然,shopping,购物服务;服装鞋帽皮具店;服装鞋帽皮具店,武侯区,104.031437,30.647061,28
正纯商贸(广福桥北街),shopping,购物服务;专卖店;烟酒专卖店,武侯区,104.032062,30.643307,1
互民超市,shopping,购物服务;超级市场;超市,武侯区,104.031432,30.642192,2
捷轮家,shopping,购物服务;购物相关场所;购物相关场所,武侯区,104.030593,30.640579,41
蔬果鲜,shopping,购物服务;综合市场;综合市场,武侯区,104.032565,30.643923,7
加利小卖部,shopping,购物服务;购物相关场所;购物相关场所,武侯区,104.025315,30.64629,1
密码303,shopping,购物服务;服装鞋帽皮具店;服装鞋帽皮具店,武侯区,104.032436,30.641962,17
统一优玛特超市,shopping,购物服务;购物相关场所;购物相关场所,武侯区,104.026058,30.641754,1
机麻茶,shopping,购物服务;购物相关场所;购物相关场所,武侯区,104.033737,30.64486,35
铁井盖井圈,shopping,购物服务;专卖店;专营店,武侯区,104.024599,30.642355,3
诚意斗车厂(红楼牌店),shopping,购物服务;专卖店;专营店,武侯区,104.025558,30.64117,2
李文顷城,shopping,购物服务;购物相关场所;购物相关场所,武侯区,104.026625,30.640375,10
百花居,shopping,购物服务;购物相关场所;购物相关场所,武侯区,104.030877,30.648844,4
天鲜花礼,shopping,购物服务;花鸟鱼虫市场;花卉市场,武侯区,104.033046,30.647684,6
宏雅书店,shopping,购物服务;专卖店;书店,武侯区,104.02469,30.648178,5
厚德蜂胶(高升桥路),shopping,购物服务;专卖店;专营店,武侯区,104.032133,30.640132,2
华臻航模,shopping,购物服务;专卖店;专营店,武侯区,104.034162,30.63987,40
叶上花,shopping,购物服务;花鸟鱼虫市场;花卉市场,武侯区,104.024117,30.645083,4
成都有家花坊,shopping,购物服务;花鸟鱼虫市场;花卉市场,武侯区,104.033248,30.643042,1
怡乐副食(二环路西一段),shopping,购物服务;便民商店/便利店;便民商店/便利店,武侯区,104.025149,30.641856,1
佳文文具(安居街),shopping,购物服务;文化用品店;文化用品店,武侯区,104.027507,30.647086,1
石花坊鲜花店(少陵东路店),shopping,购物服务;花鸟鱼虫市场;花卉市场,武侯区,104.028265,30.645861,1
孕婴童,shopping,购物服务;专卖店;儿童用品店,武侯区,104.026929,30.63861,57
高杰干杂,shopping,购物服务;便民商店/便利店;便民商店/便利店,武侯区,104.024098,30.64181,1
品胜手机配件便利店,shopping,购物服务;便民商店/便利店;便民商店/便利店,武侯区,104.028436,30.639732,2
益虹电器,shopping,购物服务;购物相关场所;购物相关场所,武侯区,104.029221,30.644307,1
乱世佳人,shopping,购物服务;服装鞋帽皮具店;服装鞋帽皮具店,武侯区,104.037743,30.644273,7
森达,shopping,购物服务;购物相关场所;购物相关场所,武侯区,104.040085,30.643041,53
清朝贡品(武侯总店),shopping,购物服务;专卖店;专营店,武侯区,104.04011,30.645106,5
润物轩,shopping,购物服务;专卖店;古玩字画店,武侯区,104.036599,30.645678,17
郫县果粉魅鞋业经营部,shopping,购物服务;购物相关场所;购物相关场所,武侯区,104.040937,30.644452,2
IWODE(佳尚美礼服定制店),shopping,购物服务;购物相关场所;购物相关场所,武侯区,104.040657,30.645481,1
昆仑好客便利店(高升桥路),shopping,购物服务;便民商店/便利店;便民商店/便利店,武侯区,104.036204,30.643593,1
没好超市,shopping,购物服务;购物相关场所;购物相关场所,武侯区,104.03967,30.642242,2
锡英副食店,shopping,购物服务;便民商店/便利店;便民商店/便利店,武侯区,104.041603,30.645573,6
蜀汉酒店小卖部,shopping,购物服务;便民商店/便利店;便民商店/便利店,武侯区,104.041628,30.644791,1
秘鲁玛卡专卖店,shopping,购物服务;购物相关场所;购物相关场所,武侯区,104.035676,30.643433,1
华伦铂尚,shopping,购物服务;购物相关场所;购物相关场所,武侯区,104.038212,30.641695,1
自由狼户外俱乐部,shopping,购物服务;购物相关场所;购物相关场所,武侯区,104.039444,30.64169,1
机麻,shopping,购物服务;专卖店;专营店,武侯区,104.046357,30.644032,465
酷派,shopping,购物服务;购物相关场所;购物相关场所,武侯区,104.035652,30.642006,18
因果黑枸杞,shopping,购物服务;购物相关场所;购物相关场所,武侯区,104.034948,30.645526,2
益达市场,shopping,购物服务;购物相关场所;购物相关场所,武侯区,104.038345,30.640747,12
曼语,shopping,购物服务;服装鞋帽皮具店;服装鞋帽皮具店,武侯区,104.036764,30.639385,80
博婓平板音响,shopping,购物服务;购物相关场所;购物相关场所,武侯区,104.034596,30.642698,2
龙江文具店,shopping,购物服务;文化用品店;文化用品店,武侯区,104.042728,30.645292,2
快鱼,shopping,购物服务;服装鞋帽皮具店;服装鞋帽皮具店,武侯区,104.040648,30.639836,364
思念鲜花(体育学院店),shopping,购物服务;专卖店;专营店,武侯区,104.041856,30.647198,1
泸州老窖,shopping,购物服务;专卖店;烟酒专卖店,武侯区,104.034536,30.6419,3
鸿笙食品,shopping,购物服务;购物相关场所;购物相关场所,武侯区,104.03414,30.642276,1
露娜鲜花(体育学院店),shopping,购物服务;专卖店;专营店,武侯区,104.040777,30.648801,1
叁果园,shopping,购物服务;购物相关场所;购物相关场所,武侯区,104.042481,30.648337,1
梓薇鲜花店,shopping,购物服务;购物相关场所;购物相关场所,武侯区,104.035802,30.649033,2
007chain超市(高升桥店),shopping,购物服务;超级市场;超市,武侯区,104.042243,30.641039,1
流量快充(高升桥),shopping,购物服务;家电电子卖场;数码电子,武侯区,104.036703,30.64277,1
娇子烟店,shopping,购物服务;购物相关场所;购物相关场所,武侯区,104.051624,30.644107,1
墨瀚轩,shopping,购物服务;购物相关场所;购物相关场所,武侯区,104.050973,30.646524,2
Jinli,shopping,购物服务;购物相关场所;购物相关场所,武侯区,104.049931,30.647002,1
手链,shopping,购物服务;专卖店;珠宝首饰工艺品,武侯区,104.053272,30.643157,9
百货店,shopping,购物服务;便民商店/便利店;便民商店/便利店,武侯区,104.050814,30.639298,46
方奇农牧,shopping,购物服务;购物相关场所;购物相关场所,武侯区,104.053505,30.646032,2
风田,shopping,购物服务;家电电子卖场;家电电子卖场,武侯区,104.054822,30.640567,248
喜神方,shopping,购物服务;专卖店;珠宝首饰工艺品|风景名胜;风景名胜;风景名胜,武侯区,104.046796,30.648925,1
大娃水果,shopping,购物服务;综合市场;果品市场,武侯区,104.049155,30.639581,16
羽风堂,shopping,购物服务;购物相关场所;购物相关场所,武侯区,104.053524,30.642085,7
国酒茅台(通祠路),shopping,购物服务;专卖店;烟酒专卖店,武侯区,104.051286,30.648901,1
友盟电脑,shopping,购物服务;家电电子卖场;家电电子卖场,武侯区,104.048662,30.641133,4
曹氏鲜水果行,shopping,购物服务;综合市场;果品市场,武侯区,104.051563,30.64741,3
香叶轩,shopping,风景名胜;风景名胜;风景名胜|购物服务;购物相关场所;购物相关场所,武侯区,104.046588,30.647764,1
便民副食店,shopping,购物服务;便民商店/便利店;便民商店/便利店,武侯区,104.049327,30.640465,3
尊容商店,shopping,购物服务;便民商店/便利店;便民商店/便利店,武侯区,104.05287,30.644228,2
民大校园便利店,shopping,购物服务;便民商店/便利店;便民商店/便利店,武侯区,104.046703,30.639593,1
医院惠民超市,shopping,购物服务;超级市场;超市,武侯区,104.04923,30.644148,2
华西配镜(综合门诊楼),shopping,购物服务;专卖店;眼镜店,武侯区,104.058785,30.644614,4
华西门诊小卖部,shopping,购物服务;便民商店/便利店;便民商店/便利店,武侯区,104.059087,30.645431,1
百货日杂,shopping,购物服务;购物相关场所;购物相关场所,武侯区,104.058547,30.646086,6
思园四季水果,shopping,购物服务;综合市场;果品市场,武侯区,104.056867,30.645906,3
花缘鲜花店,shopping,购物服务;专卖店;专营店,武侯区,104.058649,30.646871,1
马利来,shopping,购物服务;购物相关场所;购物相关场所,武侯区,104.059841,30.647715,59
稻草人专卖店,shopping,购物服务;购物相关场所;购物相关场所,武侯区,104.057276,30.647141,1
胖姐便民超市,shopping,购物服务;便民商店/便利店;便民商店/便利店,武侯区,104.059784,30.641674,1
群吉商贸,shopping,购物服务;便民商店/便利店;便民商店/便利店,武侯区,104.054916,30.644524,8
微微花店,shopping,购物服务;花鸟鱼虫市场;花卉市场,武侯区,104.057038,30.647746,14
襄壶茗,shopping,购物服务;专卖店;专营店,武侯区,104.061333,30.642192,3
利民切面副食品店,shopping,购物服务;便民商店/便利店;便民商店/便利店,武侯区,104.055088,30.643089,1
省疾控中心性艾所,shopping,购物服务;购物相关场所;购物相关场所,武侯区,104.058797,30.641046,1
呼吸机,shopping,购物服务;购物相关场所;购物相关场所,武侯区,104.057637,30.639807,28
宜美佳商城,shopping,购物服务;购物相关场所;购物相关场所,武侯区,104.054108,30.643134,4
水果超市,shopping,购物服务;综合市场;果品市场,武侯区,104.059038,30.640617,1
热传递商铺,shopping,购物服务;购物相关场所;购物相关场所,武侯区,104.059821,30.640544,2
妙丽品牌,shopping,购物服务;购物相关场所;购物相关场所,武侯区,104.053841,30.644148,2
海康威视萤石服务商,shopping,购物服务;购物相关场所;购物相关场所,武侯区,104.059384,30.640236,2
优优牛鲜奶,shopping,购物服务;综合市场;农副产品市场,武侯区,104.061555,30.640539,15
双双副食,shopping,购物服务;购物相关场所;购物相关场所,武侯区,104.060929,30.648772,1
9010便利店(明宇尚雅饭店东南),shopping,购物服务;便民商店/便利店;便民商店/便利店,武侯区,104.061879,30.648357,1
雨念禅茶,shopping,购物服务;专卖店;专营店,武侯区,104.05664,30.649115,1
弹花店,shopping,购物服务;专卖店;专营店,武侯区,104.060706,30.639589,3
美尚鲜花花艺,shopping,购物服务;花鸟鱼虫市场;花卉市场,武侯区,104.063398,30.648436,2
悦爱家母婴健康咨询公司,shopping,购物服务;购物相关场所;购物相关场所,武侯区,104.063596,30.640252,2
诚信鲜花联盟(人南华西坝店),shopping,购物服务;花鸟鱼虫市场;花卉市场,武侯区,104.063513,30.642599,1
华西通讯,shopping,购物服务;家电电子卖场;手机销售,武侯区,104.057532,30.646631,2
91快购超市,shopping,购物服务;超级市场;超市,武侯区,104.062235,30.640312,1
天凯数码产品,shopping,购物服务;家电电子卖场;数码电子,武侯区,104.06346,30.643197,2
川大华西汇城师生服务部,shopping,购物服务;便民商店/便利店;便民商店/便利店,武侯区,104.068997,30.643573,3
和敬茶(大学路),shopping,购物服务;专卖店;专营店,武侯区,104.068396,30.645318,4
优品家(大学路店),shopping,购物服务;服装鞋帽皮具店;服装鞋帽皮具店,武侯区,104.069443,30.64494,1
爱伊坊,shopping,购物服务;购物相关场所;购物相关场所,武侯区,104.06628,30.64533,12
雅羽傲,shopping,购物服务;购物相关场所;购物相关场所,武侯区,104.070611,30.64521,127
师生服务部(大学路),shopping,购物服务;便民商店/便利店;便民商店/便利店,武侯区,104.067528,30.645952,2
今日海德风,shopping,购物服务;购物相关场所;购物相关场所,武侯区,104.068024,30.64703,2
a奇,shopping,购物服务;购物相关场所;购物相关场所,武侯区,104.067319,30.647386,1
许氏鲜肉店,shopping,购物服务;综合市场;农副产品市场,武侯区,104.070609,30.641362,7
糖果坊,shopping,购物服务;专卖店;专营店,武侯区,104.070511,30.64731,1
工厂直营店,shopping,购物服务;购物相关场所;购物相关场所,武侯区,104.068644,30.647893,2
红河食品,shopping,购物服务;专卖店;烟酒专卖店,武侯区,104.071438,30.642015,2
阿芳,shopping,购物服务;服装鞋帽皮具店;服装鞋帽皮具店,武侯区,104.073697,30.642647,153
武候区旅游副食品店,shopping,购物服务;购物相关场所;购物相关场所,武侯区,104.070106,30.647662,2
DOK,shopping,购物服务;购物相关场所;购物相关场所,武侯区,104.072442,30.645768,1
高山特产,shopping,购物服务;购物相关场所;购物相关场所,武侯区,104.064125,30.645253,14
三只熊母婴用品店(人民南路三段店),shopping,购物服务;专卖店;专营店,武侯区,104.064228,30.642738,2
女人缘,shopping,购物服务;购物相关场所;购物相关场所,武侯区,104.073278,30.645861,17
米香粮油(药化路),shopping,购物服务;综合市场;农副产品市场,武侯区,104.070727,30.640585,4
杰尔酒窖,shopping,购物服务;专卖店;烟酒专卖店,武侯区,104.069387,30.638836,34
禧宝贝母婴护理,shopping,购物服务;购物相关场所;购物相关场所,武侯区,104.064257,30.641403,2
安化黑茶,shopping,购物服务;专卖店;专营店,锦江区,104.070045,30.649009,9
国酒茅台(胜利村376号院东南),shopping,购物服务;专卖店;烟酒专卖店,武侯区,104.070786,30.640014,1
大茶诚,shopping,购物服务;购物相关场所;购物相关场所,武侯区,104.065542,30.639724,14
花香怡人鲜花店,shopping,购物服务;花鸟鱼虫市场;花卉市场,锦江区,104.067302,30.64921,2
惠人芳,shopping,购物服务;购物相关场所;购物相关场所,武侯区,104.064586,30.648459,2
阿斯利康,shopping,购物服务;购物相关场所;购物相关场所,武侯区,104.06417,30.64798,1
久喜副食店,shopping,购物服务;专卖店;专营店,武侯区,104.070643,30.63948,2
丰颂酒业,shopping,购物服务;专卖店;专营店,武侯区,104.063674,30.639608,2
汇日国际广场(建设中),shopping,购物服务;商场;购物中心,武侯区,104.065026,30.646377,1
绿州鲜花,shopping,购物服务;花鸟鱼虫市场;花卉市场,锦江区,104.072729,30.648828,1
红旗超市(大学路),shopping,购物服务;超级市场;超市,武侯区,104.065148,30.645393,1
伊城,shopping,购物服务;购物相关场所;购物相关场所,武侯区,104.077491,30.642909,243
红旗超市(江天路便利店),shopping,购物服务;便民商店/便利店;便民商店/便利店,武侯区,104.07941,30.645106,1
星光干杂店,shopping,购物服务;便民商店/便利店;便民商店/便利店,武侯区,104.078863,30.64319,6
袋鼠管家,shopping,购物服务;服装鞋帽皮具店;服装鞋帽皮具店,武侯区,104.077538,30.645733,3
一岸一家,shopping,购物服务;购物相关场所;购物相关场所,武侯区,104.078788,30.645535,1
余梦梦萌钢琴,shopping,购物服务;专卖店;专营店,武侯区,104.079214,30.642426,9
蟹小姐(成都旗舰店),shopping,购物服务;购物相关场所;购物相关场所,锦江区,104.079983,30.646151,3
POP'S STORE,shopping,购物服务;便民商店/便利店;便民商店/便利店,武侯区,104.081092,30.644293,1
花香怡人鲜花店,shopping,购物服务;花鸟鱼虫市场;花卉市场,锦江区,104.081077,30.645384,2
麦丰包装,shopping,购物服务;专卖店;专营店,武侯区,104.08191,30.643521,26
鼎粮,shopping,购物服务;综合市场;农副产品市场,武侯区,104.080497,30.642085,16
爱之屋,shopping,购物服务;购物相关场所;购物相关场所,锦江区,104.077774,30.647399,16
安顺超市(临江东路),shopping,购物服务;便民商店/便利店;便民商店/便利店,武侯区,104.076916,30.646486,2
美洋通讯,shopping,购物服务;购物相关场所;购物相关场所,锦江区,104.0807,30.64671,6
别猴急这是爱,shopping,购物服务;购物相关场所;购物相关场所,锦江区,104.082148,30.645466,1
辣木籽,shopping,购物服务;购物相关场所;购物相关场所,武侯区,104.08168,30.641855,10
南北,shopping,购物服务;专卖店;珠宝首饰工艺品,锦江区,104.08224,30.646732,15
荷石轩,shopping,购物服务;专卖店;古玩字画店,锦江区,104.075575,30.648544,23
Mooney s,shopping,购物服务;购物相关场所;购物相关场所,锦江区,104.082886,30.645789,1
彼岸,shopping,购物服务;购物相关场所;购物相关场所,武侯区,104.083881,30.642879,40
大目宠物屋,shopping,购物服务;专卖店;宠物用品店,武侯区,104.074966,30.647318,3
嘉实多,shopping,购物服务;购物相关场所;购物相关场所,锦江区,104.079121,30.648672,2
鲜果先生,shopping,购物服务;购物相关场所;购物相关场所,武侯区,104.076273,30.640414,2
永久副食店,shopping,购物服务;便民商店/便利店;便民商店/便利店,武侯区,104.078642,30.639893,1
郎牌特曲,shopping,购物服务;专卖店;烟酒专卖店,武侯区,104.081134,30.639954,25
美标,shopping,购物服务;购物相关场所;购物相关场所,武侯区,104.083422,30.639309,111
完美乐章,shopping,购物服务;购物相关场所;购物相关场所,武侯区,104.073805,30.647033,1
21铺(民主路店),shopping,购物服务;购物相关场所;购物相关场所,武侯区,104.077535,30.639394,2
兰桂坊成都,shopping,购物服务;购物相关场所;购物相关场所,锦江区,104.082999,30.648378,2
黑暗中对话体验馆,shopping,购物服务;购物相关场所;购物相关场所,锦江区,104.074174,30.648738,2
物业便民中心,shopping,购物服务;便民商店/便利店;便民商店/便利店,武侯区,104.082722,30.639548,2
欣然花店,shopping,购物服务;花鸟鱼虫市场;花卉市场,锦江区,104.07909,30.64705,1
艾艺蔬菜超市,shopping,购物服务;超级市场;超市,锦江区,104.076899,30.648859,1
联合干杂,shopping,购物服务;便民商店/便利店;便民商店/便利店,锦江区,104.088245,30.643866,9
艺泰莲花,shopping,购物服务;专卖店;珠宝首饰工艺品,锦江区,104.088636,30.645408,19
好佳惠超市(青和里南段),shopping,购物服务;便民商店/便利店;便民商店/便利店,锦江区,104.087195,30.644523,1
百果园(九眼桥店),shopping,购物服务;综合市场;果品市场,锦江区,104.08866,30.643165,3
幻走,shopping,购物服务;服装鞋帽皮具店;品牌服装店,锦江区,104.08784,30.645677,37
新郎酒,shopping,购物服务;专卖店;烟酒专卖店,锦江区,104.090676,30.6432,52
饼干,shopping,购物服务;购物相关场所;购物相关场所,锦江区,104.090756,30.645265,44
冒尖尖冒菜系列,shopping,购物服务;购物相关场所;购物相关场所,锦江区,104.086511,30.644139,1
快捷水站,shopping,购物服务;购物相关场所;购物相关场所,锦江区,104.086529,30.647172,40
便丰副食店,shopping,购物服务;便民商店/便利店;便民商店/便利店,锦江区,104.089227,30.64691,4
J!NS,shopping,购物服务;专卖店;眼镜店,锦江区,104.089611,30.646555,1
禹王酒坊,shopping,购物服务;购物相关场所;购物相关场所,锦江区,104.085751,30.645295,9
倍顺超市,shopping,购物服务;超级市场;超市,锦江区,104.088599,30.641602,5
生鲜果蔬店,shopping,购物服务;购物相关场所;购物相关场所,锦江区,104.091766,30.64406,2
恒店,shopping,购物服务;购物相关场所;购物相关场所,锦江区,104.091674,30.647256,53
智兴电脑耗材(东门店),shopping,购物服务;购物相关场所;购物相关场所,锦江区,104.091789,30.64621,1
嘉尚企业,shopping,购物服务;购物相关场所;购物相关场所,锦江区,104.084539,30.645361,6
童影菲菲精品童装,shopping,购物服务;专卖店;儿童用品店,锦江区,104.085045,30.646197,1
酷思,shopping,购物服务;购物相关场所;购物相关场所,武侯区,104.086504,30.641097,7
木研会,shopping,购物服务;购物相关场所;购物相关场所,锦江区,104.092792,30.643878,5
木兰轩,shopping,购物服务;专卖店;古玩字画店,锦江区,104.084024,30.64454,9
贝尔机器人,shopping,购物服务;购物相关场所;购物相关场所,锦江区,104.089784,30.64832,6
蓝剑水,shopping,购物服务;专卖店;专营店,锦江区,104.093159,30.645438,12
wow超市,shopping,购物服务;购物相关场所;购物相关场所,锦江区,104.093244,30.642862,2
李记副食品店,shopping,购物服务;便民商店/便利店;便民商店/便利店,锦江区,104.084242,30.647491,3
武侯区广福缘百货经营部,shopping,购物服务;购物相关场所;购物相关场所,武侯区,104.086736,30.640196,1
韩术,shopping,购物服务;购物相关场所;购物相关场所,锦江区,104.093249,30.638695,138
世高玩具,shopping,购物服务;专卖店;儿童用品店,锦江区,104.092924,30.641427,3
pink me,shopping,购物服务;购物相关场所;购物相关场所,锦江区,104.090228,30.63972,1
多肉日记,shopping,购物服务;花鸟鱼虫市场;花卉市场,锦江区,104.08436,30.648556,2
玫瑰缘鲜花(时尚花艺),shopping,购物服务;花鸟鱼虫市场;花卉市场,锦江区,104.093161,30.64901,1
如花wowo一环路东五段店,shopping,购物服务;花鸟鱼虫市场;花卉市场,锦江区,104.08917,30.644717,1
Work Q Cube(阳光新业店),shopping,购物服务;超级市场;超市,锦江区,104.093,30.642076,1
窖煌,shopping,购物服务;购物相关场所;购物相关场所,锦江区,104.098336,30.640644,488
锦江区林家坡干杂店,shopping,购物服务;便民商店/便利店;便民商店/便利店,锦江区,104.097836,30.643451,1
成功干杂,shopping,购物服务;便民商店/便利店;便民商店/便利店,锦江区,104.099952,30.6459,41
英英干杂(一心桥南街),shopping,购物服务;便民商店/便利店;便民商店/便利店,锦江区,104.096497,30.645559,1
鑫熙干杂,shopping,购物服务;购物相关场所;购物相关场所,锦江区,104.096681,30.646326,18
精品中药馆,shopping,购物服务;购物相关场所;购物相关场所,锦江区,104.101129,30.644004,2
家美装饰,shopping,购物服务;购物相关场所;购物相关场所,锦江区,104.096241,30.642303,5
靓俏女人韩式半永久纹眉定妆,shopping,购物服务;购物相关场所;购物相关场所,锦江区,104.100455,30.646584,1
金鱼店,shopping,购物服务;花鸟鱼虫市场;宠物市场,锦江区,104.102102,30.64321,26
洋肉小铺,shopping,购物服务;购物相关场所;购物相关场所,锦江区,104.096203,30.647547,27
成都大智慧食品微商城,shopping,购物服务;购物相关场所;购物相关场所,锦江区,104.100849,30.647027,4
旺旺小卖部,shopping,购物服务;购物相关场所;购物相关场所,锦江区,104.101953,30.645998,3
快递超市,shopping,购物服务;购物相关场所;购物相关场所,锦江区,104.099851,30.647686,1
机麻包间,shopping,购物服务;购物相关场所;购物相关场所,锦江区,104.102856,30.643712,1
张花生瓜子烟酒,shopping,购物服务;便民商店/便利店;便民商店/便利店,锦江区,104.102806,30.643256,1
万客隆商店,shopping,购物服务;专卖店;烟酒专卖店,锦江区,104.094128,30.642789,4
浅木町店,shopping,购物服务;购物相关场所;购物相关场所,锦江区,104.101212,30.640995,1
小小超市,shopping,购物服务;购物相关场所;购物相关场所,锦江区,104.104292,30.642824,30
绿洲禽蛋业,shopping,购物服务;综合市场;农副产品市场,锦江区,104.101975,30.640943,9
红光烟酒专卖,shopping,购物服务;专卖店;烟酒专卖店,锦江区,104.094116,30.641927,1
返利宝,shopping,购物服务;购物相关场所;购物相关场所,锦江区,104.103132,30.641424,13
旺旺超市,shopping,购物服务;购物相关场所;购物相关场所,锦江区,104.100379,30.648882,1
二大侠,shopping,购物服务;购物相关场所;购物相关场所,锦江区,104.094637,30.647872,1
佳艺鲜花(牛王庙店),shopping,购物服务;专卖店;专营店,锦江区,104.093995,30.648106,1
晨光文具,shopping,购物服务;文化用品店;文化用品店,锦江区,104.093932,30.644376,2
品牌断码鞋专销点,shopping,购物服务;购物相关场所;购物相关场所,锦江区,104.106639,30.64594,2
沐春茗茶,shopping,购物服务;专卖店;专营店,锦江区,104.10577,30.644141,11
阿坝州土特产小卖部,shopping,购物服务;购物相关场所;购物相关场所,锦江区,104.10543,30.646013,1
双双干杂,shopping,购物服务;购物相关场所;购物相关场所,成华区,104.106208,30.646999,1
中华小当家,shopping,购物服务;购物相关场所;购物相关场所,成华区,104.107816,30.64774,1
兰蒂红茶,shopping,购物服务;专卖店;专营店|餐饮服务;茶艺馆;茶艺馆,成华区,104.112496,30.644934,1
多好小店,shopping,购物服务;便民商店/便利店;便民商店/便利店,成华区,104.10654,30.647473,1
好花布,shopping,购物服务;购物相关场所;购物相关场所,锦江区,104.104555,30.64565,3
炜炜干杂,shopping,购物服务;便民商店/便利店;便民商店/便利店,成华区,104.107126,30.648079,2
昌茂制冷,shopping,购物服务;购物相关场所;购物相关场所,成华区,104.113169,30.64425,3
双双小卖铺,shopping,购物服务;购物相关场所;购物相关场所,成华区,104.105663,30.647429,2
桑梓枼號,shopping,购物服务;购物相关场所;购物相关场所,成华区,104.113461,30.645205,7
麒麟干杂副食店,shopping,购物服务;便民商店/便利店;便民商店/便利店,成华区,104.105746,30.648758,2
到家啦(牛市口店),shopping,购物服务;购物相关场所;购物相关场所,锦江区,104.103819,30.641068,1
JOY悦所,shopping,购物服务;购物相关场所;购物相关场所,锦江区,104.113092,30.640599,1
唐氏干杂,shopping,购物服务;超级市场;超市,锦江区,104.103924,30.644458,1
愚翁观砂,shopping,购物服务;专卖店;专营店,成华区,104.115706,30.644532,10
蒋姐超市,shopping,购物服务;便民商店/便利店;便民商店/便利店,成华区,104.120571,30.645215,1
平容酒水配送经营部(五桂桥北路分部),shopping,购物服务;专卖店;烟酒专卖店,成华区,104.119849,30.642788,1
谢二妹干杂,shopping,购物服务;购物相关场所;购物相关场所,成华区,104.116506,30.643235,1
百果园,shopping,购物服务;综合市场;果品市场,成华区,104.118671,30.646627,11
carif,shopping,购物服务;购物相关场所;购物相关场所,成华区,104.11761,30.646569,7
吉栗屋,shopping,购物服务;综合市场;果品市场,成华区,104.121626,30.64694,19
雀友,shopping,购物服务;专卖店;专营店,成华区,104.121771,30.645004,19
千果屋,shopping,购物服务;综合市场;果品市场,成华区,104.115551,30.645948,22
君馨利花坊,shopping,购物服务;购物相关场所;购物相关场所,成华区,104.118449,30.647426,1
二十四城销售中心,shopping,购物服务;购物相关场所;购物相关场所,成华区,104.117671,30.647577,2
邓阳干杂,shopping,购物服务;便民商店/便利店;便民商店/便利店,成华区,104.118126,30.64106,1
果然鲜,shopping,购物服务;综合市场;果品市场,成华区,104.1145,30.645191,5
家家旺,shopping,购物服务;购物相关场所;购物相关场所,成华区,104.119548,30.647767,1
海拍客,shopping,购物服务;商场;商场,成华区,104.114724,30.647042,5
观城商业广场,shopping,购物服务;商场;普通商场|商务住宅;楼宇;商务写字楼,成华区,104.119987,30.648179,2
灵智文具店,shopping,购物服务;购物相关场所;购物相关场所,成华区,104.122438,30.647116,1
迈可丽儿,shopping,购物服务;专卖店;儿童用品店,成华区,104.113637,30.64595,2
壹天生活便利店,shopping,购物服务;便民商店/便利店;便民商店/便利店,成华区,104.11385,30.646871,1
工人先锋号,shopping,购物服务;购物相关场所;购物相关场所,成华区,104.115086,30.648438,1
乐惠享便利店,shopping,购物服务;便民商店/便利店;便民商店/便利店,成华区,104.123278,30.649241,2
Liv丽芙,shopping,购物服务;服装鞋帽皮具店;服装鞋帽皮具店,成华区,104.123404,30.6461,1
名山茗茶,shopping,购物服务;专卖店;专营店,成华区,104.128908,30.64389,8
胖妹土鸡生鸭专卖店,shopping,购物服务;综合市场;农副产品市场,成华区,104.129347,30.644377,1
张氏干杂粮油,shopping,购物服务;购物相关场所;购物相关场所,成华区,104.129859,30.644059,3
自家超市,shopping,购物服务;购物相关场所;购物相关场所,成华区,104.127834,30.647014,4
定制整体衣柜衣柜门实木门钛合金门石膏线墙纸,shopping,购物服务;购物相关场所;购物相关场所,成华区,104.125351,30.644756,1
懒虫,shopping,购物服务;购物相关场所;购物相关场所,成华区,104.127565,30.640587,12
欧力威,shopping,购物服务;购物相关场所;购物相关场所,成华区,104.128866,30.639437,1
捷驰,shopping,购物服务;购物相关场所;购物相关场所,成华区,104.129535,30.639426,1
蓝光矿泉水,shopping,购物服务;专卖店;专营店,成华区,104.132411,30.639819,1
昆仑天润,shopping,购物服务;购物相关场所;购物相关场所,成华区,104.133139,30.639885,2
鲁能精品生活馆,shopping,购物服务;商场;普通商场,成华区,104.131138,30.648424,1
幸运超市,shopping,购物服务;便民商店/便利店;便民商店/便利店,成华区,104.137723,30.644442,17
茂源干杂店,shopping,购物服务;便民商店/便利店;便民商店/便利店,成华区,104.140481,30.645344,7
链家(阳光米娅店),shopping,购物服务;购物相关场所;购物相关场所,成华区,104.13763,30.642597,1
茅台葡萄酒盛世典藏,shopping,购物服务;购物相关场所;购物相关场所,成华区,104.137373,30.646268,1
小九便利店,shopping,购物服务;便民商店/便利店;便民商店/便利店,成华区,104.138006,30.646611,5
君悦花坊,shopping,购物服务;花鸟鱼虫市场;花卉市场,成华区,104.13797,30.641992,3
乾通金行,shopping,购物服务;购物相关场所;购物相关场所,成华区,104.137087,30.646953,5
千层网套店,shopping,购物服务;购物相关场所;购物相关场所,成华区,104.137397,30.641539,1
七彩云,shopping,购物服务;购物相关场所;购物相关场所,成华区,104.13516,30.646369,8
烟酒水副食,shopping,购物服务;购物相关场所;购物相关场所,成华区,104.137407,30.647893,5
壹超市,shopping,购物服务;购物相关场所;购物相关场所,成华区,104.140972,30.640956,4
绿色人家,shopping,购物服务;购物相关场所;购物相关场所,成华区,104.134152,30.646217,3
荟萃商行,shopping,购物服务;购物相关场所;购物相关场所,成华区,104.134573,30.646867,1
优品红街,shopping,购物服务;商场;普通商场,成华区,104.138731,30.644986,2
旭东宠物店,shopping,购物服务;专卖店;宠物用品店,成华区,104.138964,30.643484,1
它它宠物(建材店),shopping,购物服务;花鸟鱼虫市场;宠物市场|购物服务;专卖店;宠物用品店,成华区,104.139105,30.645695,1
红星篷业,shopping,购物服务;专卖店;专营店,成华区,104.148538,30.645058,2
夜游神,shopping,购物服务;服装鞋帽皮具店;服装鞋帽皮具店,成华区,104.150365,30.645885,16
烟酒茶水,shopping,购物服务;购物相关场所;购物相关场所,成华区,104.150319,30.643002,1
天天平价,shopping,购物服务;购物相关场所;购物相关场所,成华区,104.151143,30.646186,7
爱家,shopping,购物服务;购物相关场所;购物相关场所,成华区,104.15009,30.641514,35
3家3超市,shopping,购物服务;购物相关场所;购物相关场所,成华区,104.148217,30.641028,1
链家(尚东美林B店),shopping,购物服务;购物相关场所;购物相关场所,成华区,104.151671,30.647115,1
康疗利民超市,shopping,购物服务;便民商店/便利店;便民商店/便利店,成华区,104.148832,30.640625,1
雪绮宝宝,shopping,购物服务;专卖店;儿童用品店,成华区,104.152218,30.64673,2
友邻副食,shopping,购物服务;购物相关场所;购物相关场所,成华区,104.15108,30.648026,6
红发超市,shopping,购物服务;便民商店/便利店;便民商店/便利店,成华区,104.158926,30.64411,1
顺发超市(斑竹社区卫生服务站北),shopping,购物服务;便民商店/便利店;便民商店/便利店,成华区,104.15932,30.643259,1
吉胜干杂店,shopping,购物服务;便民商店/便利店;便民商店/便利店,成华区,104.157358,30.642278,1
东风车行,shopping,购物服务;购物相关场所;购物相关场所,成华区,104.155655,30.642397,2
绵竹剑南散酒,shopping,购物服务;专卖店;烟酒专卖店,成华区,104.158129,30.639764,4
全视诚通,shopping,购物服务;购物相关场所;购物相关场所,成华区,104.154,30.641134,11
斑马水族,shopping,购物服务;花鸟鱼虫市场;花鸟鱼虫市场,成华区,104.158672,30.641124,1
视觉科技广场,shopping,购物服务;购物相关场所;购物相关场所,武侯区,103.969866,30.634487,1
全时便利店(西部智谷C区店),shopping,购物服务;便民商店/便利店;便民商店/便利店,武侯区,103.971925,30.633521,1
友缘超市,shopping,购物服务;便民商店/便利店;便民商店/便利店,武侯区,103.965591,30.631389,10
友诚茶,shopping,购物服务;专卖店;专营店,武侯区,103.964922,30.632511,6
太太乐便民超市(武青西四路),shopping,购物服务;便民商店/便利店;便民商店/便利店,武侯区,103.967653,30.638391,1
友邦吊顶,shopping,购物服务;购物相关场所;购物相关场所,武侯区,103.968274,30.639285,2
领越,shopping,购物服务;购物相关场所;购物相关场所,武侯区,103.964335,30.631474,8
恒元超市(金瓦路),shopping,购物服务;便民商店/便利店;便民商店/便利店,武侯区,103.969438,30.630097,1
佳源超市(金瓦路),shopping,购物服务;便民商店/便利店;便民商店/便利店,武侯区,103.967765,30.629836,1
蒲妹鞋材,shopping,购物服务;专卖店;专营店,武侯区,103.964241,30.629874,4
荣兴文具店(武青西四路),shopping,购物服务;文化用品店;文化用品店,武侯区,103.967121,30.639181,1
史丹利老厂,shopping,购物服务;购物相关场所;购物相关场所,武侯区,103.966308,30.639259,1
四川瑞星行,shopping,购物服务;购物相关场所;购物相关场所,武侯区,103.979821,30.633301,1
红旗奔腾,shopping,购物服务;购物相关场所;购物相关场所,武侯区,103.980571,30.635225,1
洲艺画&框,shopping,购物服务;专卖店;专营店,武侯区,103.980628,30.633521,1
东坡文化超市,shopping,购物服务;便民商店/便利店;便民商店/便利店,武侯区,103.980956,30.635864,2
晶众油管接头,shopping,购物服务;专卖店;专营店,武侯区,103.979227,30.637761,1
三全食品,shopping,购物服务;购物相关场所;购物相关场所,武侯区,103.976843,30.631426,1
中天机械,shopping,购物服务;专卖店;专营店,武侯区,103.979004,30.638367,1
羊肉切片机,shopping,购物服务;购物相关场所;购物相关场所,武侯区,103.974787,30.636202,1
挑战超级狗狗,shopping,购物服务;购物相关场所;购物相关场所,武侯区,103.982584,30.636646,1
果然服饰,shopping,购物服务;购物相关场所;购物相关场所,武侯区,103.982313,30.637214,5
世柏嘉豪,shopping,购物服务;购物相关场所;购物相关场所,武侯区,103.982679,30.631944,3
红照天商贸,shopping,购物服务;专卖店;烟酒专卖店,武侯区,103.982242,30.637933,1
CHERRY,shopping,购物服务;专卖店;儿童用品店,武侯区,103.983017,30.631442,8
看书网,shopping,购物服务;购物相关场所;购物相关场所,武侯区,103.974309,30.63688,4
那科通信,shopping,购物服务;购物相关场所;购物相关场所,武侯区,103.975837,30.630464,1
翠源春茶行,shopping,购物服务;专卖店;专营店,武侯区,103.983741,30.629852,2
安科大厦超市,shopping,购物服务;超级市场;超市,武侯区,103.975528,30.632957,1
7-ELEVEn(西部智谷东店),shopping,购物服务;便民商店/便利店;7-ELEVEn便利店,武侯区,103.975001,30.636997,1
文文副食店(武科东二路),shopping,购物服务;便民商店/便利店;便民商店/便利店,武侯区,103.987777,30.633057,1
酒立方,shopping,购物服务;专卖店;烟酒专卖店,武侯区,103.98817,30.6327,1
奥娜,shopping,购物服务;购物相关场所;购物相关场所,武侯区,103.991475,30.635632,27
舞东风(武青嘉苑分店),shopping,购物服务;便民商店/便利店;便民商店/便利店,武侯区,103.989311,30.637353,1
武兴酒水行,shopping,购物服务;专卖店;烟酒专卖店,武侯区,103.99207,30.632778,11
川易中天,shopping,购物服务;购物相关场所;购物相关场所,武侯区,103.985164,30.6345,1
冠豪智能门窗,shopping,购物服务;购物相关场所;购物相关场所,武侯区,103.992045,30.636023,3
便多利超市(武科店),shopping,购物服务;便民商店/便利店;便民商店/便利店,武侯区,103.992432,30.635388,1
聚友茶坊,shopping,购物服务;专卖店;专营店,武侯区,103.989245,30.638288,9
德力时代,shopping,购物服务;购物相关场所;购物相关场所,武侯区,103.984841,30.635418,1
容声橱柜,shopping,购物服务;购物相关场所;购物相关场所,武侯区,103.992698,30.636214,8
安溪铁观音,shopping,购物服务;专卖店;专营店,武侯区,103.986994,30.637985,1
此吾安店,shopping,购物服务;购物相关场所;购物相关场所,武侯区,103.984648,30.636217,2
蜀信工程机械销售中心,shopping,购物服务;购物相关场所;购物相关场所,武侯区,103.986047,30.637513,1
百利玛国际厨卫中心东门,shopping,购物服务;购物相关场所;购物相关场所,武侯区,103.992445,30.636709,1
易旅网络科技,shopping,购物服务;购物相关场所;购物相关场所,武侯区,103.992937,30.633317,1
袁氏茶楼,shopping,购物服务;专卖店;专营店,武侯区,103.986729,30.63846,1
元鸿超市,shopping,购物服务;便民商店/便利店;便民商店/便利店,武侯区,103.98581,30.638036,1
电池超市,shopping,购物服务;购物相关场所;购物相关场所,武侯区,103.990842,30.630363,33
亲贝贸易,shopping,购物服务;购物相关场所;购物相关场所,武侯区,103.98919,30.639175,2
成都众福制冷配件,shopping,购物服务;购物相关场所;购物相关场所,武侯区,103.988619,30.639301,1
三星,shopping,购物服务;购物相关场所;购物相关场所,武侯区,103.997751,30.635031,55
哥拉斯眼镜(武侯立交店),shopping,购物服务;专卖店;眼镜店,武侯区,103.999549,30.634023,1
可可屋,shopping,购物服务;服装鞋帽皮具店;服装鞋帽皮具店,武侯区,104.000809,30.634212,37
昶享好,shopping,购物服务;专卖店;专营店,武侯区,103.999573,30.633133,13
你好,shopping,购物服务;购物相关场所;购物相关场所,武侯区,103.999035,30.636579,52
沐上花艺,shopping,购物服务;购物相关场所;购物相关场所,武侯区,104.000572,30.635321,1
妈妈之吻,shopping,购物服务;购物相关场所;购物相关场所,武侯区,103.996132,30.635343,1
猋宠,shopping,购物服务;专卖店;宠物用品店,武侯区,104.001565,30.636428,8
艾慕芬,shopping,购物服务;服装鞋帽皮具店;服装鞋帽皮具店,武侯区,103.999662,30.631045,19
更兴超市,shopping,购物服务;购物相关场所;购物相关场所,武侯区,103.995587,30.636767,15
五粮液(旗舰店),shopping,购物服务;专卖店;专营店,武侯区,104.002882,30.63449,2
天宇副食,shopping,购物服务;购物相关场所;购物相关场所,武侯区,103.996921,30.638188,18
果堰农贸市场,shopping,购物服务;综合市场;农副产品市场,武侯区,103.995426,30.637402,5
杨小姐的私人衣橱,shopping,购物服务;服装鞋帽皮具店;服装鞋帽皮具店,武侯区,104.002739,30.632703,3
木子家服装店,shopping,购物服务;购物相关场所;购物相关场所,武侯区,104.00168,30.631435,1
果果便利店(祥云店),shopping,购物服务;便民商店/便利店;便民商店/便利店,武侯区,104.003224,30.633392,2
茶铺机麻干杂,shopping,购物服务;购物相关场所;购物相关场所,武侯区,103.994929,30.631081,3
盼儿,shopping,购物服务;购物相关场所;购物相关场所,武侯区,104.003835,30.632645,7
法冰力酒庄,shopping,购物服务;专卖店;烟酒专卖店,武侯区,104.003093,30.638987,2
绿色蔬菜,shopping,购物服务;综合市场;蔬菜市场,武侯区,104.002352,30.629672,2
鲜果香,shopping,购物服务;购物相关场所;购物相关场所,武侯区,103.994713,30.627955,67
机麻,shopping,购物服务;购物相关场所;购物相关场所,武侯区,104.003522,30.630433,1
五粮液(专卖店),shopping,购物服务;专卖店;烟酒专卖店,武侯区,104.009387,30.636163,1
天天便利店,shopping,购物服务;便民商店/便利店;便民商店/便利店,武侯区,104.007831,30.636394,1
双宏印刷器材经营部,shopping,购物服务;专卖店;专营店,武侯区,104.010662,30.636532,5
天鸿钓具,shopping,购物服务;专卖店;专营店,武侯区,104.011588,30.635426,3
成都司酒商贸有限公司,shopping,购物服务;专卖店;烟酒专卖店,武侯区,104.008533,30.637333,1
洋河蓝色经典,shopping,购物服务;购物相关场所;购物相关场所,武侯区,104.011681,30.632791,5
聚闽香茶业,shopping,购物服务;专卖店;专营店,武侯区,104.011865,30.636437,6
天嘉装饰,shopping,购物服务;购物相关场所;购物相关场所,武侯区,104.009116,30.638178,18
润居健康家,shopping,购物服务;家电电子卖场;家电电子卖场,武侯区,104.012746,30.635074,16
润沁坊,shopping,购物服务;服装鞋帽皮具店;服装鞋帽皮具店,武侯区,104.011898,30.631559,12
安婕妤体验店,shopping,购物服务;家电电子卖场;数码电子,武侯区,104.004768,30.633698,2
川商酒业(新界店),shopping,购物服务;专卖店;烟酒专卖店,武侯区,104.01263,30.63349,5
花开相爱547店,shopping,购物服务;专卖店;专营店,武侯区,104.010108,30.638098,4
小柯陶艺,shopping,购物服务;专卖店;珠宝首饰工艺品,武侯区,104.004729,30.633063,3
Times时代VR,shopping,购物服务;购物相关场所;购物相关场所,武侯区,104.005391,30.631697,1
时尚e族,shopping,购物服务;便民商店/便利店;便民商店/便利店,武侯区,104.003936,30.633968,2
instyle格调,shopping,购物服务;购物相关场所;购物相关场所,武侯区,104.011741,30.637814,3
任记便利店,shopping,购物服务;便民商店/便利店;便民商店/便利店,武侯区,104.013149,30.636309,1
致诚藏地,shopping,购物服务;便民商店/便利店;便民商店/便利店,武侯区,104.013697,30.633205,3
蟹行天下(成都店),shopping,购物服务;购物相关场所;购物相关场所,武侯区,104.012995,30.637594,1
美缘超市(祥云店),shopping,购物服务;便民商店/便利店;便民商店/便利店,武侯区,104.007049,30.629935,1
速写,shopping,购物服务;购物相关场所;购物相关场所,武侯区,104.008617,30.628725,129
金金顺干杂店营部,shopping,购物服务;购物相关场所;购物相关场所,武侯区,104.013432,30.631728,1
一点翠(大悦路),shopping,购物服务;专卖店;珠宝首饰工艺品,武侯区,104.006136,30.629722,1
翠岚居品茗,shopping,购物服务;购物相关场所;购物相关场所,武侯区,104.013528,30.630388,3
a韩式半永久定妆蝶,shopping,购物服务;购物相关场所;购物相关场所,武侯区,104.01789,30.635258,1
卡仕达,shopping,购物服务;购物相关场所;购物相关场所,武侯区,104.017398,30.634829,1
钛丰·下护板,shopping,购物服务;专卖店;专营店,武侯区,104.019804,30.635259,1
华强(五丰)轴承,shopping,购物服务;购物相关场所;购物相关场所,武侯区,104.020277,30.633477,2
武侯区华桦小卖部,shopping,购物服务;便民商店/便利店;便民商店/便利店,武侯区,104.017832,30.636562,3
都城户外,shopping,购物服务;购物相关场所;购物相关场所,武侯区,104.020068,30.636965,8
e家乐,shopping,购物服务;便民商店/便利店;便民商店/便利店,武侯区,104.018172,30.637322,20
永峰空调,shopping,购物服务;专卖店;专营店,武侯区,104.021299,30.635078,1
信业,shopping,购物服务;专卖店;专营店,武侯区,104.022434,30.633804,50
莲花,shopping,购物服务;专卖店;专营店,武侯区,104.021255,30.631778,47
港汇副食店,shopping,购物服务;专卖店;专营店,武侯区,104.015684,30.632489,2
飞鹰皮带,shopping,购物服务;购物相关场所;购物相关场所,武侯区,104.021544,30.636616,1
五得利专用水泵,shopping,购物服务;购物相关场所;购物相关场所,武侯区,104.022272,30.635652,1
KTMRZR,shopping,购物服务;购物相关场所;购物相关场所,武侯区,104.019538,30.637913,1
8+1超市(永顺路店),shopping,购物服务;便民商店/便利店;便民商店/便利店,武侯区,104.018851,30.638042,1
新捷达,shopping,购物服务;购物相关场所;购物相关场所,武侯区,104.022456,30.632677,4
光速专业灯光配件批发,shopping,购物服务;购物相关场所;购物相关场所,武侯区,104.022242,30.636459,1
红七超市,shopping,购物服务;便民商店/便利店;便民商店/便利店,武侯区,104.022135,30.632043,1
红豆,shopping,购物服务;购物相关场所;购物相关场所,武侯区,104.022976,30.632292,35
骆驼电瓶,shopping,购物服务;专卖店;专营店,武侯区,104.023176,30.635583,3
谭谭锁业,shopping,购物服务;专卖店;专营店,武侯区,104.016861,30.638283,1
成都海洋影音科技,shopping,购物服务;购物相关场所;购物相关场所,武侯区,104.019481,30.630406,1
荣县茶铺,shopping,购物服务;专卖店;专营店,武侯区,104.014809,30.637274,7
李三锁行,shopping,购物服务;专卖店;专营店,武侯区,104.014292,30.636653,1
长春一汽润滑油属四川办事处,shopping,购物服务;购物相关场所;购物相关场所,武侯区,104.018038,30.630222,1
便民超市,shopping,购物服务;购物相关场所;购物相关场所,武侯区,104.019462,30.639034,1
YORSO,shopping,购物服务;购物相关场所;购物相关场所,武侯区,104.023352,30.636687,2
汽车DVD导航,shopping,购物服务;购物相关场所;购物相关场所,武侯区,104.013816,30.636846,2
泵阀,shopping,购物服务;购物相关场所;购物相关场所,武侯区,104.019491,30.629248,42
诚信小卖部(中环路武阳大道段),shopping,购物服务;便民商店/便利店;便民商店/便利店,武侯区,104.016616,30.630033,1
杰强超市,shopping,购物服务;便民商店/便利店;便民商店/便利店,武侯区,104.015141,30.638385,1
擎感店,shopping,购物服务;购物相关场所;购物相关场所,武侯区,104.023749,30.631306,17
AM生活超市,shopping,购物服务;便民商店/便利店;便民商店/便利店,武侯区,104.022055,30.638543,1
果子优鲜,shopping,购物服务;购物相关场所;购物相关场所,武侯区,104.014651,30.638746,5
车世界,shopping,购物服务;购物相关场所;购物相关场所,武侯区,104.02301,30.630555,2
乐乐超市,shopping,购物服务;购物相关场所;购物相关场所,武侯区,104.01402,30.638232,1
尊跃·成都运营中心,shopping,购物服务;专卖店;专营店,武侯区,104.021611,30.629491,2
标致店,shopping,购物服务;购物相关场所;购物相关场所,武侯区,104.022723,30.629556,13
港汇广场,shopping,购物服务;商场;购物中心|购物服务;特色商业街;特色商业街,武侯区,104.015377,30.632075,1
手机连锁,shopping,购物服务;家电电子卖场;家电电子卖场,武侯区,104.028112,30.634516,8
螃蟹海购,shopping,购物服务;专卖店;专营店,武侯区,104.029352,30.634223,1
悦色城化妆品店,shopping,购物服务;购物相关场所;购物相关场所,武侯区,104.028606,30.635324,2
Dream Maker,shopping,购物服务;购物相关场所;购物相关场所,武侯区,104.027228,30.63518,2
The one花艺工作室,shopping,购物服务;花鸟鱼虫市场;花卉市场,武侯区,104.02967,30.635671,3
热潮,shopping,购物服务;专卖店;礼品饰品店,武侯区,104.026616,30.635991,199
阿诗丹顿,shopping,购物服务;购物相关场所;购物相关场所,武侯区,104.02688,30.633502,7
一业一世界,shopping,购物服务;购物相关场所;购物相关场所,武侯区,104.026409,30.634904,10
箱包屋,shopping,购物服务;专卖店;专营店,武侯区,104.029419,30.637112,59
荣泰,shopping,购物服务;购物相关场所;购物相关场所,武侯区,104.031529,30.634355,132
茶机麻,shopping,购物服务;购物相关场所;购物相关场所,武侯区,104.027903,30.632489,9
文新通讯,shopping,购物服务;家电电子卖场;手机销售,武侯区,104.026156,30.632725,7
M99Beer(红牌楼店),shopping,购物服务;专卖店;烟酒专卖店,武侯区,104.03137,30.633363,1
武侯区安利讯线缆销售部,shopping,购物服务;购物相关场所;购物相关场所,武侯区,104.025232,30.634062,1
腾达广告材料(二环路南四段),shopping,购物服务;专卖店;专营店,武侯区,104.031066,30.63671,1
艾莎音乐酒,shopping,购物服务;购物相关场所;购物相关场所,武侯区,104.031988,30.635932,3
世保康,shopping,购物服务;专卖店;专营店,武侯区,104.024752,30.63291,52
木轩斋,shopping,购物服务;专卖店;珠宝首饰工艺品,武侯区,104.025534,30.636636,2
廖师车行,shopping,购物服务;购物相关场所;购物相关场所,武侯区,104.031928,30.636779,7
换机油,shopping,购物服务;购物相关场所;购物相关场所,武侯区,104.032912,30.635645,7
果然爱,shopping,购物服务;购物相关场所;购物相关场所,武侯区,104.030358,30.638267,51
水掌柜副食店,shopping,购物服务;专卖店;专营店,武侯区,104.026571,30.631412,8
订包间机麻,shopping,购物服务;购物相关场所;购物相关场所,武侯区,104.032577,30.63658,1
胖姐干杂,shopping,购物服务;便民商店/便利店;便民商店/便利店,武侯区,104.026763,30.630555,2
狗狗,shopping,购物服务;花鸟鱼虫市场;宠物市场,武侯区,104.03283,30.632094,15
精修皮具皮鞋,shopping,购物服务;专卖店;专营店,武侯区,104.025236,30.63109,3
高粱酒,shopping,购物服务;购物相关场所;购物相关场所,武侯区,104.032607,30.638307,44
阳源茗茶,shopping,购物服务;专卖店;专营店,武侯区,104.033676,30.636981,7
薄利干杂,shopping,购物服务;购物相关场所;购物相关场所,武侯区,104.026406,30.630042,2
红联楠贵坊,shopping,购物服务;购物相关场所;购物相关场所,武侯区,104.02545,30.629651,1
鸣洋警安(永盛路),shopping,购物服务;专卖店;专营店,武侯区,104.024233,30.638681,1
实惠小卖部,shopping,购物服务;购物相关场所;购物相关场所,武侯区,104.024384,30.629623,6
蜜花园,shopping,购物服务;花鸟鱼虫市场;花卉市场,武侯区,104.028773,30.633696,1
七彩鲜超市,shopping,购物服务;综合市场;果品市场,武侯区,104.033109,30.634467,1
恋恋花盟(福朵花坊),shopping,购物服务;花鸟鱼虫市场;花卉市场,武侯区,104.028505,30.632866,1
有家花店(红牌楼店),shopping,购物服务;花鸟鱼虫市场;花卉市场,武侯区,104.030918,30.635344,1
经典超市(永盛店),shopping,购物服务;便民商店/便利店;便民商店/便利店,武侯区,104.024937,30.63913,2
猫姐卤味副食超市,shopping,购物服务;超级市场;超市,武侯区,104.026399,30.633952,1
九江元瑞国际商城,shopping,购物服务;购物相关场所;购物相关场所,武侯区,104.031552,30.632356,1
金猴,shopping,购物服务;服装鞋帽皮具店;服装鞋帽皮具店,武侯区,104.040525,30.634072,405
母姿坊,shopping,购物服务;购物相关场所;购物相关场所,武侯区,104.038176,30.636168,41
杨皮匠,shopping,购物服务;服装鞋帽皮具店;服装鞋帽皮具店,武侯区,104.036691,30.632549,22
德邦站点,shopping,购物服务;购物相关场所;购物相关场所,武侯区,104.037491,30.632422,1
ENKO,shopping,购物服务;购物相关场所;购物相关场所,武侯区,104.040314,30.636376,14
一亩园(高升桥东路),shopping,购物服务;服装鞋帽皮具店;服装鞋帽皮具店,武侯区,104.039551,30.637001,1
花果茶,shopping,购物服务;专卖店;专营店,武侯区,104.034782,30.63586,20
漆面镀晶,shopping,购物服务;购物相关场所;购物相关场所,武侯区,104.041311,30.63117,25
成都市好狄润滑油有限公司,shopping,购物服务;专卖店;专营店,武侯区,104.035221,30.633165,1
熙维尔-孕睫术,shopping,购物服务;购物相关场所;购物相关场所,武侯区,104.038823,30.630981,1
馨睦副食,shopping,购物服务;便民商店/便利店;便民商店/便利店,武侯区,104.034186,30.634468,2
红旗超市(川航便利店),shopping,购物服务;便民商店/便利店;便民商店/便利店,武侯区,104.034585,30.633074,2
和润便利店(肖家河沿街),shopping,购物服务;便民商店/便利店;便民商店/便利店,武侯区,104.040097,30.630708,1
6789便利店(肖家河店),shopping,购物服务;便民商店/便利店;便民商店/便利店,武侯区,104.038977,30.630495,1
诚恒自选店(分店),shopping,购物服务;便民商店/便利店;便民商店/便利店,武侯区,104.039492,30.630231,3
萍怡副食,shopping,购物服务;购物相关场所;购物相关场所,武侯区,104.043476,30.635145,1
CIUb,shopping,购物服务;购物相关场所;购物相关场所,武侯区,104.041115,30.629453,11
极度单车,shopping,购物服务;购物相关场所;购物相关场所,武侯区,104.034396,30.638044,5
鑫鑫五金建材,shopping,购物服务;购物相关场所;购物相关场所,武侯区,104.043561,30.637325,5
瓦山春,shopping,购物服务;专卖店;烟酒专卖店,武侯区,104.043104,30.629892,10
蓉城副食,shopping,购物服务;购物相关场所;购物相关场所,武侯区,104.043832,30.638357,7
富锦园鲜花,shopping,购物服务;花鸟鱼虫市场;花卉市场,武侯区,104.037608,30.638882,2
黑蝠社,shopping,购物服务;服装鞋帽皮具店;服装鞋帽皮具店,武侯区,104.047833,30.635068,39
锦墨堂茶生活,shopping,购物服务;购物相关场所;购物相关场所,武侯区,104.047409,30.634006,1
报刊门市,shopping,购物服务;购物相关场所;购物相关场所,武侯区,104.048801,30.635911,13
D·S,shopping,购物服务;购物相关场所;购物相关场所,武侯区,104.04892,30.633012,21
共荣商行,shopping,购物服务;专卖店;烟酒专卖店,武侯区,104.046666,30.632169,28
御宠宠物店,shopping,购物服务;购物相关场所;购物相关场所,武侯区,104.046485,30.633263,1
树千,shopping,购物服务;服装鞋帽皮具店;服装鞋帽皮具店,武侯区,104.05564,30.633562,686
浙诚百货,shopping,购物服务;购物相关场所;购物相关场所,武侯区,104.050576,30.636294,14
春红食品,shopping,购物服务;便民商店/便利店;便民商店/便利店,武侯区,104.048417,30.637219,20
充电点(高新供电局店),shopping,购物服务;购物相关场所;购物相关场所,武侯区,104.048393,30.631476,1
陶然萱,shopping,购物服务;购物相关场所;购物相关场所,武侯区,104.044756,30.632939,10
方舟书屋超市,shopping,购物服务;便民商店/便利店;便民商店/便利店,武侯区,104.049754,30.637437,1
净水器,shopping,购物服务;购物相关场所;购物相关场所,武侯区,104.044964,30.636119,14
成都医学院附属康桥眼科医院医学验光配镜中心,shopping,购物服务;购物相关场所;购物相关场所,武侯区,104.050047,30.637871,1
剑南窖,shopping,购物服务;购物相关场所;购物相关场所,武侯区,104.046794,30.638382,21
美丽四季干杂,shopping,购物服务;便民商店/便利店;便民商店/便利店,武侯区,104.049358,30.630708,1
善明书塾,shopping,购物服务;购物相关场所;购物相关场所,武侯区,104.052671,30.632917,6
锦上添花,shopping,购物服务;购物相关场所;购物相关场所,武侯区,104.052697,30.636047,3
老乡干杂店,shopping,购物服务;便民商店/便利店;便民商店/便利店,武侯区,104.044068,30.634364,1
信威远电脑,shopping,购物服务;家电电子卖场;家电电子卖场,武侯区,104.045284,30.63174,2
武侯区祥瑞工艺品经营部,shopping,购物服务;购物相关场所;购物相关场所,武侯区,104.04568,30.637715,1
乔哥干杂店,shopping,购物服务;便民商店/便利店;便民商店/便利店,武侯区,104.050686,30.630448,8
义友干杂,shopping,购物服务;便民商店/便利店;便民商店/便利店,武侯区,104.051713,30.630516,11
瑞宇,shopping,购物服务;专卖店;专营店,武侯区,104.047665,30.628462,93
新芯电脑,shopping,购物服务;家电电子卖场;数码电子,武侯区,104.0535,30.637287,13
德明钟表锁匙专业店(彩虹街),shopping,购物服务;专卖店;钟表店,武侯区,104.052638,30.631049,1
芳草街28号附1号,shopping,购物服务;购物相关场所;购物相关场所,武侯区,104.049398,30.629473,3
杜斯名品,shopping,购物服务;专卖店;专营店,武侯区,104.045834,30.629926,1
高新张耀副食(橄榄园Ⅱ期西),shopping,购物服务;便民商店/便利店;便民商店/便利店,武侯区,104.04444,30.630795,1
无损换装,shopping,购物服务;购物相关场所;购物相关场所,武侯区,104.043606,30.630754,2
实惠鲜果,shopping,购物服务;综合市场;果品市场,武侯区,104.054258,30.62996,11
南京富士通计算机设备有限公司(洗面桥巷),shopping,购物服务;家电电子卖场;数码电子,武侯区,104.048177,30.638719,1
豆田社区生鲜超市,shopping,购物服务;超级市场;超市,武侯区,104.044616,30.631611,1
管家婆,shopping,购物服务;购物相关场所;购物相关场所,武侯区,104.057405,30.63431,5
春燕,shopping,购物服务;服装鞋帽皮具店;服装鞋帽皮具店,武侯区,104.057308,30.633299,10
雕塑前SWIME斯维米店,shopping,购物服务;购物相关场所;购物相关场所,武侯区,104.060418,30.634609,2
CASER,shopping,购物服务;服装鞋帽皮具店;服装鞋帽皮具店,武侯区,104.056176,30.633614,4
瑞宝食品配送中心,shopping,购物服务;便民商店/便利店;便民商店/便利店,武侯区,104.058536,30.636842,2
内设机麻,shopping,购物服务;购物相关场所;购物相关场所,武侯区,104.057726,30.637178,14
运动小卖部,shopping,购物服务;便民商店/便利店;便民商店/便利店,武侯区,104.06192,30.634308,2
茶机麻,shopping,购物服务;购物相关场所;购物相关场所,武侯区,104.059057,30.637695,11
德蓉体育,shopping,购物服务;购物相关场所;购物相关场所,武侯区,104.062671,30.635642,26
五洲副食经营部,shopping,购物服务;购物相关场所;购物相关场所,武侯区,104.058266,30.637686,1
酒酷(玉林一巷),shopping,购物服务;专卖店;烟酒专卖店,武侯区,104.061466,30.631298,3
嘉木茶,shopping,购物服务;专卖店;专营店,武侯区,104.061301,30.637768,13
郎牌特曲,shopping,购物服务;专卖店;烟酒专卖店,武侯区,104.056607,30.638115,1
玉林群益副食商店,shopping,购物服务;便民商店/便利店;便民商店/便利店,武侯区,104.058201,30.630124,2
如艳干杂店,shopping,购物服务;便民商店/便利店;便民商店/便利店,武侯区,104.060254,30.638882,12
万顺副食店(玉林上横巷),shopping,购物服务;便民商店/便利店;便民商店/便利店,武侯区,104.056804,30.630341,1
名品世家(玉林一巷),shopping,购物服务;专卖店;烟酒专卖店,武侯区,104.0614,30.630734,1
利民干杂副食,shopping,购物服务;便民商店/便利店;便民商店/便利店,武侯区,104.056135,30.630478,1
开元通宝,shopping,购物服务;购物相关场所;购物相关场所,武侯区,104.063103,30.6321,2
锦翔印务器材经营部,shopping,购物服务;购物相关场所;购物相关场所,武侯区,104.053873,30.636603,1
wowo(小天西街店),shopping,购物服务;便民商店/便利店;便民商店/便利店,武侯区,104.05362,30.636199,1
武侯区兰芝鞋业商贸部,shopping,购物服务;购物相关场所;购物相关场所,武侯区,104.058823,30.629732,2
成都无限花艺,shopping,购物服务;花鸟鱼虫市场;花卉市场,武侯区,104.055208,30.630493,2
凯普电池,shopping,购物服务;购物相关场所;购物相关场所,武侯区,104.062799,30.637922,23
平价超市,shopping,购物服务;便民商店/便利店;便民商店/便利店,武侯区,104.058962,30.639387,1
曹杨干杂店,shopping,购物服务;便民商店/便利店;便民商店/便利店,武侯区,104.061262,30.638867,2
摩亚体育,shopping,购物服务;购物相关场所;购物相关场所,武侯区,104.063755,30.631589,4
蓝莓一家,shopping,购物服务;综合市场;果品市场,武侯区,104.056194,30.629694,4
幸福之家,shopping,购物服务;专卖店;宠物用品店,武侯区,104.055822,30.639005,3
宏艺首饰,shopping,购物服务;专卖店;珠宝首饰工艺品,武侯区,104.061878,30.629518,23
壶裏,shopping,购物服务;专卖店;专营店,武侯区,104.055131,30.629434,1
翰铭科技,shopping,购物服务;购物相关场所;购物相关场所,武侯区,104.063361,30.630195,3
VOJO Mart,shopping,购物服务;便民商店/便利店;便民商店/便利店,武侯区,104.063547,30.629597,3
糖糖花屋,shopping,购物服务;花鸟鱼虫市场;花卉市场,武侯区,104.063512,30.634887,1
飞鹰电脑,shopping,购物服务;购物相关场所;购物相关场所,武侯区,104.068687,30.634463,7
永兴,shopping,购物服务;家电电子卖场;数码电子,武侯区,104.069572,30.636422,776
成都铭升电脑,shopping,购物服务;家电电子卖场;家电电子卖场,武侯区,104.067007,30.634974,1
成都ibm服务器总代理,shopping,购物服务;购物相关场所;购物相关场所,武侯区,104.070635,30.634955,1
特步,shopping,购物服务;体育用品店;体育用品店,武侯区,104.065087,30.634135,167
飞娜科学仪器,shopping,购物服务;购物相关场所;购物相关场所,武侯区,104.068994,30.632346,1
兴欣冷批,shopping,购物服务;购物相关场所;购物相关场所,武侯区,104.067115,30.632168,3
黄忠养殖,shopping,购物服务;综合市场;农副产品市场,武侯区,104.068735,30.631848,5
思必好连锁整合店,shopping,购物服务;购物相关场所;购物相关场所,武侯区,104.069679,30.631865,2
兰莱斯,shopping,购物服务;购物相关场所;购物相关场所,武侯区,104.069015,30.630909,14
新棕北,shopping,购物服务;购物相关场所;购物相关场所,武侯区,104.071511,30.632232,3
浩海蓝图数码,shopping,购物服务;家电电子卖场;家电电子卖场,武侯区,104.06538,30.632382,1
配电房,shopping,购物服务;购物相关场所;购物相关场所,武侯区,104.065516,30.631748,2
手机饰品,shopping,购物服务;专卖店;专营店,武侯区,104.064486,30.63249,10
机麻茶,shopping,购物服务;购物相关场所;购物相关场所,武侯区,104.070649,30.630253,22
就爱装,shopping,购物服务;购物相关场所;购物相关场所,武侯区,104.064841,30.631579,3
蓝翔电脑,shopping,购物服务;购物相关场所;购物相关场所,武侯区,104.072682,30.632156,2
监控室,shopping,购物服务;购物相关场所;购物相关场所,武侯区,104.066131,30.638104,2
纳四方,shopping,购物服务;购物相关场所;购物相关场所,武侯区,104.068934,30.629946,2
公元,shopping,购物服务;专卖店;专营店,武侯区,104.070731,30.627507,338
朗行科技,shopping,购物服务;购物相关场所;购物相关场所,武侯区,104.073777,30.632312,4
川西之子—高原特产,shopping,购物服务;购物相关场所;购物相关场所,武侯区,104.066088,30.638607,1
旭蒸茶,shopping,购物服务;购物相关场所;购物相关场所,武侯区,104.073014,30.63045,36
龙凤绸缎,shopping,购物服务;服装鞋帽皮具店;服装鞋帽皮具店,武侯区,104.064221,30.638655,8
岚宝科技,shopping,购物服务;专卖店;眼镜店,武侯区,104.063703,30.638002,1
王四切面,shopping,购物服务;综合市场;农副产品市场,武侯区,104.069657,30.63492,1
科华文具,shopping,购物服务;文化用品店;文化用品店,武侯区,104.073892,30.633211,5
情深缘花艺(成都武候店),shopping,购物服务;花鸟鱼虫市场;花卉市场,武侯区,104.073031,30.631535,1
时时鲜水果店(磨子街),shopping,购物服务;综合市场;果品市场,武侯区,104.070641,30.631906,1
博知堂书店(弘毅路),shopping,购物服务;专卖店;书店,武侯区,104.077348,30.634128,1
四川大学-便利店,shopping,购物服务;便民商店/便利店;便民商店/便利店,武侯区,104.078682,30.63573,6
金斯帝正装(川大店),shopping,购物服务;服装鞋帽皮具店;服装鞋帽皮具店,武侯区,104.080543,30.634105,1
天蓝眼镜(文华大道店),shopping,购物服务;专卖店;眼镜店,武侯区,104.080971,30.633335,1
中国电信(四川大学望江校区4G体验馆),shopping,购物服务;家电电子卖场;手机销售,武侯区,104.080499,30.632334,1
Offer正装(川大店),shopping,购物服务;服装鞋帽皮具店;服装鞋帽皮具店,武侯区,104.081828,30.6353,2
自选店,shopping,购物服务;便民商店/便利店;便民商店/便利店,武侯区,104.082028,30.634225,5
壹饰界,shopping,购物服务;专卖店;礼品饰品店,武侯区,104.077769,30.637935,84
世外桃源酒店科罗拉多酒窖,shopping,购物服务;专卖店;烟酒专卖店,武侯区,104.075257,30.631807,1
百达乐器,shopping,购物服务;购物相关场所;购物相关场所,武侯区,104.077104,30.638332,8
糖果吧,shopping,购物服务;专卖店;专营店,武侯区,104.082668,30.636799,6
娟燕,shopping,购物服务;购物相关场所;购物相关场所,武侯区,104.080516,30.638706,19
城堡音乐琴行,shopping,购物服务;专卖店;专营店,武侯区,104.076958,30.639041,1
乐道茗茶,shopping,购物服务;专卖店;专营店,武侯区,104.073638,30.63173,3
选项里没有,shopping,购物服务;购物相关场所;购物相关场所,武侯区,104.078129,30.629529,2
友联电子,shopping,购物服务;家电电子卖场;家电电子卖场,武侯区,104.074236,30.631056,1
川大校园纪念品,shopping,购物服务;专卖店;礼品饰品店,武侯区,104.076744,30.629663,1
天鑫科技,shopping,购物服务;购物相关场所;购物相关场所,武侯区,104.074734,30.638326,1
兴兴便捷,shopping,购物服务;购物相关场所;购物相关场所,武侯区,104.082712,30.629329,2
四川大学学生便利店,shopping,购物服务;便民商店/便利店;便民商店/便利店,武侯区,104.082917,30.632291,2
友好文具(学子路),shopping,购物服务;文化用品店;文化用品店,武侯区,104.083389,30.634716,2
新兴建辅日杂商店,shopping,购物服务;便民商店/便利店;便民商店/便利店,武侯区,104.075074,30.636415,1
乐豆超市,shopping,购物服务;便民商店/便利店;便民商店/便利店,武侯区,104.079103,30.636753,1
望江社区综合便民店,shopping,购物服务;便民商店/便利店;便民商店/便利店,武侯区,104.080186,30.630214,1
四川大学望江校区校区小卖部,shopping,购物服务;便民商店/便利店;便民商店/便利店,武侯区,104.082406,30.632095,1
竹艺,shopping,购物服务;购物相关场所;购物相关场所,武侯区,104.089454,30.633114,2
易捷便利店(青青河畔西南),shopping,购物服务;便民商店/便利店;便民商店/便利店,武侯区,104.089454,30.635763,1
貺秀书屋,shopping,购物服务;专卖店;书店,武侯区,104.086589,30.636235,6
家家乐,shopping,购物服务;购物相关场所;购物相关场所,锦江区,104.091152,30.63604,2
益多超市(梅园北路),shopping,购物服务;便民商店/便利店;便民商店/便利店,武侯区,104.085503,30.637396,1
依韵服饰(阿玛尼艺术公寓西南),shopping,购物服务;服装鞋帽皮具店;服装鞋帽皮具店,锦江区,104.092489,30.636414,1
天诚副食(工农院街),shopping,购物服务;便民商店/便利店;便民商店/便利店,锦江区,104.09321,30.634698,1
兴兴干杂店,shopping,购物服务;便民商店/便利店;便民商店/便利店,锦江区,104.091019,30.638288,4
康乐眼镜店,shopping,购物服务;专卖店;专营店,武侯区,104.084595,30.637388,1
诚信超市(文里小区西北),shopping,购物服务;便民商店/便利店;便民商店/便利店,武侯区,104.085905,30.638434,1
车棚,shopping,购物服务;便民商店/便利店;便民商店/便利店,武侯区,104.083738,30.631849,2
华华干杂(阿玛尼艺术公寓南),shopping,购物服务;便民商店/便利店;便民商店/便利店,锦江区,104.09333,30.636761,1
慧惠商店(莲桂西路),shopping,购物服务;便民商店/便利店;便民商店/便利店,锦江区,104.090864,30.638952,1
美康宝,shopping,购物服务;购物相关场所;购物相关场所,锦江区,104.095664,30.632052,161
鹰度裤业,shopping,购物服务;购物相关场所;购物相关场所,锦江区,104.092838,30.629769,3
刘氏干杂,shopping,购物服务;便民商店/便利店;便民商店/便利店,锦江区,104.097824,30.634095,7
自强干杂,shopping,购物服务;便民商店/便利店;便民商店/便利店,锦江区,104.09857,30.632966,8
柏瑞制冷,shopping,生活服务;维修站点;维修站点|购物服务;专卖店;专营店,锦江区,104.099543,30.63374,8
思思干杂店,shopping,购物服务;便民商店/便利店;便民商店/便利店,锦江区,104.097272,30.634374,1
腾欢食品,shopping,购物服务;便民商店/便利店;便民商店/便利店,锦江区,104.099418,30.635298,3
姚记锁业,shopping,购物服务;专卖店;专营店,锦江区,104.098414,30.635789,8
维利拉,shopping,购物服务;购物相关场所;购物相关场所,锦江区,104.096363,30.635627,102
宏济路老店,shopping,购物服务;便民商店/便利店;便民商店/便利店,锦江区,104.097212,30.633028,5
创意花礼,shopping,购物服务;花鸟鱼虫市场;花卉市场,锦江区,104.100529,30.63515,5
五区干杂,shopping,购物服务;便民商店/便利店;便民商店/便利店,锦江区,104.099806,30.636274,3
永正香精,shopping,购物服务;专卖店;专营店,锦江区,104.100569,30.635858,2
十一月,shopping,购物服务;专卖店;专营店,锦江区,104.10129,30.634205,4
仪器设备,shopping,购物服务;购物相关场所;购物相关场所,锦江区,104.099589,30.631739,7
排骨五花专卖店,shopping,购物服务;购物相关场所;购物相关场所,锦江区,104.095523,30.633263,1
壳牌便利店(二环路东四段),shopping,购物服务;便民商店/便利店;便民商店/便利店,锦江区,104.099132,30.63142,1
老罗干杂点,shopping,购物服务;购物相关场所;购物相关场所,锦江区,104.098827,30.637528,1
兴盛商贸,shopping,购物服务;便民商店/便利店;便民商店/便利店,锦江区,104.098904,30.630891,4
dy服饰,shopping,购物服务;购物相关场所;购物相关场所,锦江区,104.09997,30.637591,1
吉宝超市,shopping,购物服务;便民商店/便利店;便民商店/便利店,锦江区,104.102737,30.63399,3
锦江区旺萍食品批发部,shopping,购物服务;便民商店/便利店;便民商店/便利店,锦江区,104.0942,30.634457,2
胖哥干杂,shopping,购物服务;综合市场;农副产品市场|购物服务;专卖店;烟酒专卖店,锦江区,104.097563,30.6303,8
鸿运超市,shopping,购物服务;便民商店/便利店;便民商店/便利店,锦江区,104.100736,30.630837,3
互利通用零部件,shopping,购物服务;购物相关场所;购物相关场所,锦江区,104.097091,30.630645,1
田木果,shopping,购物服务;购物相关场所;购物相关场所,锦江区,104.099296,30.629777,32
Z服装店,shopping,购物服务;购物相关场所;购物相关场所,锦江区,104.0958,30.63769,1
裕丰机电,shopping,购物服务;专卖店;专营店,锦江区,104.10203,30.63751,6
回头便利店(莲花东路),shopping,购物服务;便民商店/便利店;便民商店/便利店,锦江区,104.096715,30.638534,1
花花同学会,shopping,购物服务;文化用品店;文化用品店,锦江区,104.094757,30.638173,3
红旗超市(龙舟路分场),shopping,购物服务;便民商店/便利店;便民商店/便利店,锦江区,104.096444,30.62954,1
摩登城,shopping,购物服务;购物相关场所;购物相关场所,锦江区,104.102156,30.629594,3
LuLu,shopping,购物服务;便民商店/便利店;便民商店/便利店,锦江区,104.108485,30.634062,8
鹦鹉水族,shopping,购物服务;购物相关场所;购物相关场所,锦江区,104.107487,30.634643,1
爱宠屋,shopping,购物服务;专卖店;宠物用品店|购物服务;花鸟鱼虫市场;宠物市场,锦江区,104.107971,30.631632,11
指尖的爱手工生活馆,shopping,购物服务;专卖店;专营店,锦江区,104.106217,30.636685,3
雅韵茗茶,shopping,购物服务;专卖店;专营店,锦江区,104.106473,30.631816,4
凯旋门销售中心,shopping,购物服务;购物相关场所;购物相关场所,锦江区,104.112292,30.633455,1
天使宝贝,shopping,购物服务;专卖店;儿童用品店,锦江区,104.108717,30.630556,1
进口加州车厘子,shopping,购物服务;购物相关场所;购物相关场所,锦江区,104.105252,30.631645,1
天誉金街,shopping,购物服务;购物相关场所;购物相关场所,锦江区,104.11071,30.63786,1
么么生活超市(通源街),shopping,购物服务;便民商店/便利店;便民商店/便利店,锦江区,104.110257,30.638411,4
芙拉花店,shopping,购物服务;花鸟鱼虫市场;花卉市场,锦江区,104.111184,30.638218,2
丰收里,shopping,购物服务;综合市场;蔬菜市场,锦江区,104.109175,30.639025,3
大合仓(汇泉南路),shopping,购物服务;便民商店/便利店;便民商店/便利店,锦江区,104.103536,30.632382,1
舞东方,shopping,购物服务;购物相关场所;购物相关场所,锦江区,104.10619,30.629224,23
天天超市,shopping,购物服务;购物相关场所;购物相关场所,锦江区,104.104227,30.630732,1
卓玛旗袍生活馆,shopping,购物服务;服装鞋帽皮具店;服装鞋帽皮具店,锦江区,104.104181,30.632721,1
望江宾馆家属区小卖部,shopping,购物服务;购物相关场所;购物相关场所,锦江区,104.111827,30.629646,1
川消消防,shopping,购物服务;购物相关场所;购物相关场所,锦江区,104.112303,30.632835,1
光明水站,shopping,购物服务;专卖店;专营店,锦江区,104.116065,30.633339,3
红旗超市(东桂分场店),shopping,购物服务;超级市场;超市,锦江区,104.11854,30.635548,1
易捷便利店(迎晖南街),shopping,购物服务;便民商店/便利店;便民商店/便利店,锦江区,104.123429,30.638381,1
芙蓉兴盛,shopping,购物服务;便民商店/便利店;便民商店/便利店,锦江区,104.113559,30.633381,1
机麻,shopping,购物服务;购物相关场所;购物相关场所,成华区,104.12145,30.631603,1
超威电池专卖店,shopping,购物服务;购物相关场所;购物相关场所,成华区,104.130111,30.639024,1
客来多超市(迎晖路),shopping,购物服务;便民商店/便利店;便民商店/便利店,锦江区,104.124055,30.638474,1
欣媛商贸部,shopping,购物服务;便民商店/便利店;便民商店/便利店,成华区,104.137454,30.632392,9
韩束,shopping,购物服务;个人用品/化妆品店;其它个人用品店,成华区,104.138588,30.63206,4
书香坊(成都东站),shopping,购物服务;专卖店;书店,成华区,104.139404,30.631645,1
茶道(成都东站),shopping,购物服务;专卖店;专营店,成华区,104.136827,30.631599,5
积尚原产地,shopping,购物服务;超级市场;超市,成华区,104.140483,30.631433,1
书店(成都东站),shopping,购物服务;专卖店;书店,成华区,104.138387,30.630966,2
展示(成都东站),shopping,购物服务;购物相关场所;购物相关场所,成华区,104.139232,30.630865,1
谷谷香便利店(成都东站),shopping,购物服务;便民商店/便利店;便民商店/便利店,成华区,104.139804,30.630915,1
天天便利店(成都东站),shopping,购物服务;便民商店/便利店;便民商店/便利店,成华区,104.141273,30.631267,1
稻光便利店(嘉陵江路),shopping,购物服务;便民商店/便利店;便民商店/便利店,成华区,104.140966,30.630302,7
谷谷香便利店(青城山路),shopping,购物服务;便民商店/便利店;便民商店/便利店,成华区,104.135926,30.630758,1
雪庄皮草行,shopping,购物服务;购物相关场所;购物相关场所,成华区,104.134957,30.631231,3
傲森便利店,shopping,购物服务;便民商店/便利店;便民商店/便利店,成华区,104.139203,30.639412,1
鹏瑞利东站购物中心,shopping,购物服务;商场;购物中心,成华区,104.136027,30.634591,1
布莱尔,shopping,购物服务;购物相关场所;购物相关场所,成华区,104.149084,30.633087,2
鼎粮(和美店),shopping,购物服务;综合市场;农副产品市场,成华区,104.149962,30.63327,4
鲜吉苹鲜果,shopping,购物服务;综合市场;果品市场,成华区,104.145659,30.634286,14
怡兴食品经营部,shopping,购物服务;专卖店;烟酒专卖店,成华区,104.14662,30.633707,1
金忠肉业,shopping,购物服务;综合市场;农副产品市场,成华区,104.149892,30.632601,5
联合一百(首创店),shopping,购物服务;便民商店/便利店;便民商店/便利店,成华区,104.150821,30.632974,2
成都蜀锦蜀绣批发中心,shopping,购物服务;专卖店;专营店,成华区,104.146127,30.632443,1
龙氏养生食材坊,shopping,购物服务;综合市场;农副产品市场,成华区,104.145162,30.635167,1
中亿孕婴母婴生活馆(首创·国际城店),shopping,购物服务;专卖店;儿童用品店,成华区,104.150362,30.631699,1
元雄烟酒,shopping,购物服务;专卖店;烟酒专卖店,成华区,104.149378,30.631146,9
链家(锦绣城店),shopping,购物服务;购物相关场所;购物相关场所,成华区,104.145163,30.636254,2
乐多超市,shopping,购物服务;购物相关场所;购物相关场所,成华区,104.152567,30.633201,3
芳百饰,shopping,购物服务;购物相关场所;购物相关场所,成华区,104.151416,30.631621,6
成都兰蘭花艺(东站店),shopping,购物服务;花鸟鱼虫市场;花卉市场,成华区,104.144096,30.633417,3
泰惠易购,shopping,购物服务;便民商店/便利店;便民商店/便利店,成华区,104.152522,30.631816,13
易捷便利店(邛崃山路),shopping,购物服务;便民商店/便利店;便民商店/便利店,成华区,104.145096,30.637391,2
菲莱,shopping,购物服务;服装鞋帽皮具店;服装鞋帽皮具店,成华区,104.150499,30.629037,249
利民批发(成渝立交店),shopping,购物服务;便民商店/便利店;便民商店/便利店,成华区,104.149661,30.638175,1
昆仑好客便利店(漫岭云天东南),shopping,购物服务;便民商店/便利店;便民商店/便利店,成华区,104.145396,30.631547,1
ever爱我时尚专属高端定制,shopping,购物服务;购物相关场所;购物相关场所,成华区,104.151572,30.631027,1
喜士多超市,shopping,购物服务;购物相关场所;购物相关场所,成华区,104.153414,30.633138,1
爱心书屋,shopping,购物服务;专卖店;书店,成华区,104.153139,30.632408,1
incoco,shopping,购物服务;购物相关场所;购物相关场所,成华区,104.144056,30.636803,1
聚华商,shopping,购物服务;购物相关场所;购物相关场所,成华区,104.147568,30.62998,1
依然港湾,shopping,购物服务;购物相关场所;购物相关场所,成华区,104.144128,30.631235,6
鲜美鲜花店(迎晖路店),shopping,购物服务;花鸟鱼虫市场;花卉市场,成华区,104.144373,30.637719,1
聚丰食品商贸部,shopping,购物服务;便民商店/便利店;便民商店/便利店,成华区,104.152447,30.630825,2
红顺批发部,shopping,购物服务;便民商店/便利店;便民商店/便利店,成华区,104.159338,30.634739,8
大家和兴超市,shopping,购物服务;便民商店/便利店;便民商店/便利店,成华区,104.15757,30.63533,1
恋日超市,shopping,购物服务;便民商店/便利店;便民商店/便利店,成华区,104.157825,30.632424,1
大家和兴超市(天鹅店),shopping,购物服务;便民商店/便利店;便民商店/便利店,成华区,104.155217,30.636222,1
闲品,shopping,购物服务;购物相关场所;购物相关场所,成华区,104.154944,30.630648,34
蜀山茶驿,shopping,购物服务;专卖店;专营店,成华区,104.157339,30.62957,6
玉茗轩,shopping,购物服务;专卖店;珠宝首饰工艺品,成华区,104.15639,30.629245,6
好邻居,shopping,购物服务;便民商店/便利店;便民商店/便利店,成华区,104.160943,30.639162,1
绿多侬,shopping,购物服务;购物相关场所;购物相关场所,成华区,104.155108,30.62879,16
原野,shopping,购物服务;服装鞋帽皮具店;服装鞋帽皮具店,武侯区,103.969042,30.624664,375
好运泉酒业(双凤店),shopping,购物服务;专卖店;烟酒专卖店,武侯区,103.966883,30.624308,2
爱唯一,shopping,购物服务;购物相关场所;购物相关场所,武侯区,103.970294,30.625853,1
宏成刀具,shopping,购物服务;专卖店;专营店,武侯区,103.967511,30.623249,3
波司登鞋业,shopping,购物服务;服装鞋帽皮具店;服装鞋帽皮具店,武侯区,103.971669,30.62511,4
双鑫鞋业,shopping,购物服务;专卖店;自行车专卖店|公司企业;公司;公司,武侯区,103.966489,30.623061,4
丰釆,shopping,购物服务;购物相关场所;购物相关场所,武侯区,103.966382,30.620781,64
金威鞋业,shopping,购物服务;专卖店;专营店,武侯区,103.970853,30.626955,1
明达鞋业,shopping,购物服务;服装鞋帽皮具店;服装鞋帽皮具店,武侯区,103.972132,30.623628,3
机麻茶,shopping,购物服务;购物相关场所;购物相关场所,武侯区,103.970024,30.627676,2
易尚鞋业有限公司,shopping,购物服务;服装鞋帽皮具店;服装鞋帽皮具店,武侯区,103.96938,30.627849,1
超俊鞋业,shopping,购物服务;专卖店;专营店,武侯区,103.972924,30.62399,1
联鑫茶坊,shopping,购物服务;专卖店;专营店|餐饮服务;茶艺馆;茶艺馆,武侯区,103.969048,30.628295,1
东风风行海鑫达专卖店,shopping,购物服务;购物相关场所;购物相关场所,武侯区,103.969684,30.620891,1
积步鞋业,shopping,购物服务;专卖店;专营店,武侯区,103.973233,30.623562,1
凤姐茶庄,shopping,购物服务;专卖店;专营店,武侯区,103.964578,30.625919,6
武侯区鑫阁拉鞋业经营部,shopping,购物服务;购物相关场所;购物相关场所,武侯区,103.970439,30.628576,1
鸿圣尔,shopping,购物服务;购物相关场所;购物相关场所,武侯区,103.965663,30.628346,4
超威电池,shopping,购物服务;专卖店;专营店,武侯区,103.964174,30.622464,3
三菱菱威,shopping,购物服务;购物相关场所;购物相关场所,武侯区,103.968073,30.619992,6
春萱,shopping,购物服务;服装鞋帽皮具店;服装鞋帽皮具店|公司企业;公司;公司,武侯区,103.964429,30.62788,6
双利,shopping,购物服务;专卖店;专营店,武侯区,103.970311,30.618175,716
周氏鞋材,shopping,购物服务;专卖店;专营店,武侯区,103.966072,30.629018,2
郑诚鞋机,shopping,购物服务;专卖店;专营店,武侯区,103.964253,30.621487,6
诚信车行(金瓦路),shopping,购物服务;专卖店;自行车专卖店,武侯区,103.966983,30.629459,1
风影车行,shopping,购物服务;购物相关场所;购物相关场所,武侯区,103.967087,30.619464,9
诚宏包装材料,shopping,购物服务;专卖店;专营店,武侯区,103.965422,30.629196,1
全兴矿泉水,shopping,购物服务;专卖店;专营店,武侯区,103.973465,30.620745,1
润雅鞋业,shopping,购物服务;服装鞋帽皮具店;服装鞋帽皮具店,武侯区,103.965019,30.629642,1
朋友超市(凤鸣路),shopping,购物服务;便民商店/便利店;便民商店/便利店,武侯区,103.965171,30.622205,1
隆大超市,shopping,购物服务;便民商店/便利店;便民商店/便利店,武侯区,103.966588,30.626902,2
白佛日杂店,shopping,购物服务;便民商店/便利店;便民商店/便利店,武侯区,103.968253,30.629582,1
好日子超市(置信丹郡店),shopping,购物服务;便民商店/便利店;便民商店/便利店,武侯区,103.978196,30.623422,1
江淮iEV,shopping,购物服务;购物相关场所;购物相关场所,武侯区,103.980679,30.625362,1
赛隆鞋材,shopping,购物服务;专卖店;专营店,武侯区,103.97663,30.62266,4
黑豹君品行,shopping,购物服务;购物相关场所;购物相关场所,武侯区,103.982343,30.624873,6
951超市,shopping,购物服务;便民商店/便利店;便民商店/便利店,武侯区,103.974682,30.626241,1
昆仑好客便利店(武侯大道铁佛段),shopping,购物服务;便民商店/便利店;便民商店/便利店,武侯区,103.983631,30.623339,1
李家超市,shopping,购物服务;超级市场;超市,武侯区,103.974975,30.621925,3
未必书院,shopping,购物服务;专卖店;古玩字画店,武侯区,103.983482,30.621834,1
mr.beer啤酒先生(武侯新城店),shopping,购物服务;专卖店;烟酒专卖店,武侯区,103.983453,30.620884,1
8+1超市(布鲁汀店),shopping,购物服务;超级市场;超市,武侯区,103.983509,30.628968,3
me too,shopping,购物服务;购物相关场所;购物相关场所,武侯区,103.98263,30.619826,1
金手指文具(武青南路),shopping,购物服务;文化用品店;文化用品店,武侯区,103.981975,30.629187,1
铭宸鞋业,shopping,购物服务;服装鞋帽皮具店;服装鞋帽皮具店,武侯区,103.974362,30.620267,1
辉腾鞋业,shopping,购物服务;服装鞋帽皮具店;服装鞋帽皮具店,武侯区,103.97625,30.621097,1
优品数码科技,shopping,购物服务;购物相关场所;购物相关场所,武侯区,103.98121,30.628726,1
同心茶行,shopping,购物服务;专卖店;专营店,武侯区,103.988892,30.624995,8
洛西车行,shopping,购物服务;购物相关场所;购物相关场所,武侯区,103.987853,30.624355,26
芯艺水族馆,shopping,购物服务;花鸟鱼虫市场;宠物市场,武侯区,103.989914,30.625454,2
黛铂莱,shopping,购物服务;服装鞋帽皮具店;服装鞋帽皮具店,武侯区,103.991563,30.625024,41
锋为家具,shopping,购物服务;购物相关场所;购物相关场所,武侯区,103.991023,30.626992,28
一件事,shopping,购物服务;购物相关场所;购物相关场所,武侯区,103.986326,30.624515,1
婴国堡,shopping,购物服务;专卖店;儿童用品店,武侯区,103.985361,30.623825,8
美瑞墙纸,shopping,购物服务;购物相关场所;购物相关场所,武侯区,103.989061,30.627572,9
广益堂青藏高原特产专卖店,shopping,购物服务;专卖店;土特产专卖店,武侯区,103.985514,30.622708,2
A派陶瓷,shopping,购物服务;购物相关场所;购物相关场所,武侯区,103.99101,30.628194,5
第一库房提货区,shopping,购物服务;购物相关场所;购物相关场所,武侯区,103.989871,30.628645,2
塔牌电缆,shopping,购物服务;购物相关场所;购物相关场所,武侯区,103.991767,30.628016,2
紫藤烟酒,shopping,购物服务;专卖店;专营店,武侯区,103.993664,30.625114,2
雅戈尔,shopping,购物服务;服装鞋帽皮具店;品牌服装店,武侯区,103.986808,30.628766,7
金牛区兴顺浪装饰材料经营部,shopping,购物服务;购物相关场所;购物相关场所,武侯区,103.989907,30.620168,1
007超市(兰庭店),shopping,购物服务;便民商店/便利店;便民商店/便利店,武侯区,103.984514,30.621944,2
中央空调专卖店,shopping,购物服务;购物相关场所;购物相关场所,武侯区,103.993437,30.62689,1
屈臣氏(城置汇点店),shopping,购物服务;超级市场;屈臣氏,武侯区,103.986195,30.628753,4
为乐家具,shopping,购物服务;购物相关场所;购物相关场所,武侯区,103.98381,30.628449,1
团结社区农贸市场,shopping,购物服务;综合市场;农副产品市场,武侯区,103.98436,30.629419,1
水木湾生鲜超市(簇桥店),shopping,购物服务;综合市场;水产海鲜市场,武侯区,103.986232,30.623838,1
鲜花·花语轩(七彩花房),shopping,购物服务;花鸟鱼虫市场;花卉市场,武侯区,103.992723,30.629033,1
四色莲花,shopping,购物服务;服装鞋帽皮具店;服装鞋帽皮具店,武侯区,103.989339,30.622889,1
东贸乳业食品城,shopping,购物服务;购物相关场所;购物相关场所,武侯区,103.999708,30.624243,1
糖糖喜铺,shopping,购物服务;专卖店;专营店,武侯区,103.997759,30.626621,8
鸿玖电动三轮专卖,shopping,购物服务;购物相关场所;购物相关场所,武侯区,104.00168,30.624626,4
成都平顺,shopping,购物服务;购物相关场所;购物相关场所,武侯区,104.002303,30.623981,2
吉祥之家,shopping,购物服务;购物相关场所;购物相关场所,武侯区,104.000313,30.621403,9
美涂士漆,shopping,购物服务;购物相关场所;购物相关场所,武侯区,103.995616,30.622755,2
明兴车行,shopping,购物服务;购物相关场所;购物相关场所,武侯区,104.003154,30.623873,15
花鼠鲜花,shopping,购物服务;花鸟鱼虫市场;花卉市场,武侯区,103.999237,30.621193,5
实兴车行,shopping,购物服务;购物相关场所;购物相关场所,武侯区,104.002774,30.625223,2
杰俊车业,shopping,购物服务;专卖店;自行车专卖店,武侯区,103.994605,30.625979,2
隆中对,shopping,购物服务;专卖店;专营店,武侯区,103.996725,30.628686,22
雅典锁业,shopping,购物服务;专卖店;专营店,武侯区,103.99977,30.620442,1
段氏胶业五金批发中心,shopping,购物服务;专卖店;专营店,武侯区,103.994003,30.626132,1
海蒙,shopping,购物服务;购物相关场所;购物相关场所,武侯区,104.004433,30.621895,76
武侯万达广场,shopping,购物服务;商场;购物中心,武侯区,103.995212,30.623411,1
little forest花艺设计,shopping,购物服务;花鸟鱼虫市场;花卉市场,武侯区,104.002904,30.629303,1
丽纯商贸,shopping,购物服务;购物相关场所;购物相关场所,武侯区,104.006604,30.625716,2
FUN,shopping,购物服务;购物相关场所;购物相关场所,武侯区,104.00965,30.626906,2
梦莲床,shopping,购物服务;购物相关场所;购物相关场所,武侯区,104.006656,30.620857,8
果果猫,shopping,购物服务;购物相关场所;购物相关场所,武侯区,104.009859,30.619814,32
小顽熊,shopping,购物服务;购物相关场所;购物相关场所,武侯区,104.00726,30.620087,4
欧亚琴行(运营中心)成都武侯区,shopping,购物服务;购物相关场所;购物相关场所,武侯区,104.005104,30.627746,2
成都八益家具城(西3门),shopping,购物服务;购物相关场所;购物相关场所,武侯区,104.0055,30.621021,1
武侯区亚度家具经营部,shopping,购物服务;购物相关场所;购物相关场所,武侯区,104.012926,30.62167,2
柄宏休闲烤漆系列,shopping,购物服务;购物相关场所;购物相关场所,武侯区,104.005759,30.620619,1
鑫牌台球桌经营部,shopping,购物服务;购物相关场所;购物相关场所,武侯区,104.012119,30.62092,1
秀柏坊,shopping,购物服务;购物相关场所;购物相关场所,武侯区,104.015404,30.621319,203
晶红尚品,shopping,购物服务;购物相关场所;购物相关场所,武侯区,104.006623,30.619979,3
凯帝达,shopping,购物服务;购物相关场所;购物相关场所,武侯区,104.006043,30.620203,1
铭仁首座家私,shopping,购物服务;购物相关场所;购物相关场所,武侯区,104.006161,30.619701,2
红阳软床,shopping,购物服务;购物相关场所;购物相关场所,武侯区,104.012676,30.62016,3
华爵照明,shopping,购物服务;购物相关场所;购物相关场所,武侯区,104.01319,30.619774,2
亿佳阳光,shopping,购物服务;专卖店;珠宝首饰工艺品,武侯区,104.011671,30.620424,1
青春电脑,shopping,购物服务;家电电子卖场;家电电子卖场,武侯区,104.010076,30.624854,1
晨光文具(太平园店),shopping,购物服务;文化用品店;文化用品店,武侯区,104.012762,30.625279,1
好又来超市(太平园中三路),shopping,购物服务;超级市场;超市,武侯区,104.00519,30.626399,2
琪琪便利店(太平园路),shopping,购物服务;便民商店/便利店;便民商店/便利店,武侯区,104.009458,30.623895,1
全时便利店(大合仓商馆店),shopping,购物服务;便民商店/便利店;便民商店/便利店,武侯区,104.006357,30.62655,1
掌麦智慧经营部,shopping,购物服务;购物相关场所;购物相关场所,武侯区,104.020172,30.626735,1
康佳莱斯,shopping,购物服务;购物相关场所;购物相关场所,武侯区,104.015122,30.624287,14
蚂蚁农场大麦若叶青汁,shopping,购物服务;购物相关场所;购物相关场所,武侯区,104.021104,30.627434,1
皮卡专卖,shopping,购物服务;购物相关场所;购物相关场所,武侯区,104.022057,30.627111,4
顺安车行,shopping,购物服务;购物相关场所;购物相关场所,武侯区,104.023122,30.627021,1
明鑫车行,shopping,购物服务;购物相关场所;购物相关场所,武侯区,104.022732,30.628334,3
厂价直销水泥,shopping,购物服务;购物相关场所;购物相关场所,武侯区,104.017227,30.629356,1
根舞空间,shopping,购物服务;购物相关场所;购物相关场所,武侯区,104.023303,30.619947,11
星迪台球,shopping,体育休闲服务;运动场馆;台球厅|购物服务;体育用品店;体育用品店,武侯区,104.016334,30.624203,1
易捷便利店(佳灵路辅路),shopping,购物服务;便民商店/便利店;便民商店/便利店,武侯区,104.018728,30.626793,1
Bottle Shop,shopping,购物服务;专卖店;烟酒专卖店,武侯区,104.023532,30.627784,1
小天才文具(太平园店),shopping,购物服务;文化用品店;文化用品店,武侯区,104.013732,30.623779,2
红旗超市(核桃堰路),shopping,购物服务;超级市场;超市,武侯区,104.021515,30.626412,1
唯美尚品鞋业,shopping,购物服务;服装鞋帽皮具店;服装鞋帽皮具店,武侯区,104.017981,30.625978,1
贝特猫鲜花店(天邑华庭工作室),shopping,购物服务;花鸟鱼虫市场;花卉市场,武侯区,104.018509,30.625657,1
飞扬通讯店,shopping,购物服务;家电电子卖场;手机销售,武侯区,104.018274,30.619951,2
怡宝桶装矿泉水站,shopping,购物服务;购物相关场所;购物相关场所,武侯区,104.017611,30.628902,1
可以放到商店,shopping,购物服务;购物相关场所;购物相关场所,武侯区,104.023265,30.625552,1
康熙木业,shopping,购物服务;购物相关场所;购物相关场所,武侯区,104.014454,30.624414,2
车位销售中心,shopping,购物服务;购物相关场所;购物相关场所,武侯区,104.02068,30.626852,1
莱特妮丝,shopping,购物服务;购物相关场所;购物相关场所,武侯区,104.028726,30.624177,3
兴盛商行(科园三路),shopping,购物服务;专卖店;烟酒专卖店,武侯区,104.028756,30.625088,1
酷QQ宠物,shopping,购物服务;专卖店;宠物用品店,武侯区,104.028076,30.62521,2
原始社会,shopping,购物服务;购物相关场所;购物相关场所,武侯区,104.029733,30.624871,5
奥瓷林,shopping,购物服务;购物相关场所;购物相关场所,武侯区,104.028317,30.622909,6
酷贝贝,shopping,购物服务;花鸟鱼虫市场;宠物市场,武侯区,104.027619,30.625525,2
春意花屋,shopping,购物服务;花鸟鱼虫市场;花卉市场,武侯区,104.026933,30.625511,3
名庄荟进口酒专卖店(丽都路),shopping,购物服务;专卖店;烟酒专卖店,武侯区,104.030025,30.625487,1
修表,shopping,购物服务;购物相关场所;购物相关场所,武侯区,104.025615,30.624609,60
联合一百(川0899店),shopping,购物服务;便民商店/便利店;便民商店/便利店,武侯区,104.028515,30.626372,1
D驾族,shopping,购物服务;购物相关场所;购物相关场所,武侯区,104.029584,30.626551,3
乐万家便利店(高棚西路),shopping,购物服务;便民商店/便利店;便民商店/便利店,武侯区,104.030856,30.624486,2
boomclub蒸汽实验室电子烟,shopping,购物服务;购物相关场所;购物相关场所,武侯区,104.030376,30.625823,2
开心仔童装店,shopping,购物服务;购物相关场所;购物相关场所,武侯区,104.030956,30.625408,2
一品鲜花(今生缘),shopping,购物服务;花鸟鱼虫市场;花卉市场,武侯区,104.027771,30.626707,7
同鑫车行,shopping,购物服务;购物相关场所;购物相关场所,武侯区,104.031919,30.62467,3
净水器,shopping,购物服务;购物相关场所;购物相关场所,武侯区,104.02772,30.627844,24
天成车业,shopping,购物服务;购物相关场所;购物相关场所,武侯区,104.029774,30.627331,1
1911副食店,shopping,购物服务;便民商店/便利店;便民商店/便利店,武侯区,104.025974,30.626994,2
爱尚美,shopping,购物服务;购物相关场所;购物相关场所,武侯区,104.025253,30.626166,4
通达车行,shopping,购物服务;购物相关场所;购物相关场所,武侯区,104.032838,30.625355,4
和平名车馆,shopping,购物服务;购物相关场所;购物相关场所,武侯区,104.031473,30.627397,1
四川润禾丽都直营店,shopping,购物服务;购物相关场所;购物相关场所,武侯区,104.029152,30.628326,1
益悦堂,shopping,购物服务;专卖店;专营店,武侯区,104.024784,30.626966,4
百乐之家便利店,shopping,购物服务;便民商店/便利店;便民商店/便利店,武侯区,104.029395,30.628901,3
战略市场,shopping,购物服务;购物相关场所;购物相关场所,武侯区,104.03304,30.626753,1
美美通讯,shopping,购物服务;购物相关场所;购物相关场所,武侯区,104.038365,30.624275,1
倍特橱柜商务中心,shopping,购物服务;购物相关场所;购物相关场所,武侯区,104.037481,30.623999,1
果岭云仓,shopping,购物服务;购物相关场所;购物相关场所,武侯区,104.036682,30.624053,2
生活便利店(九兴大道),shopping,购物服务;便民商店/便利店;便民商店/便利店,武侯区,104.03923,30.622564,1
四川万联电讯,shopping,购物服务;购物相关场所;购物相关场所,武侯区,104.036234,30.625413,1
伊佳果园,shopping,购物服务;购物相关场所;购物相关场所,武侯区,104.035894,30.626247,4
琴琴小卖部,shopping,购物服务;便民商店/便利店;便民商店/便利店,武侯区,104.041834,30.62331,1
倍倍二手电动车,shopping,购物服务;专卖店;自行车专卖店,武侯区,104.042155,30.624455,1
fevo,shopping,购物服务;购物相关场所;购物相关场所,武侯区,104.041799,30.626311,1
火炬超市(科园三路),shopping,购物服务;便民商店/便利店;便民商店/便利店,武侯区,104.035833,30.622117,1
苹果,shopping,购物服务;购物相关场所;购物相关场所,武侯区,104.041237,30.621402,6
温馨之家,shopping,购物服务;购物相关场所;购物相关场所,武侯区,104.039122,30.62812,1
蜀送电子,shopping,购物服务;购物相关场所;购物相关场所,武侯区,104.042753,30.625274,1
仁华科技,shopping,购物服务;购物相关场所;购物相关场所,武侯区,104.038572,30.628165,1
好主人宠物食品,shopping,购物服务;购物相关场所;购物相关场所,武侯区,104.041964,30.626955,1
膳玉贡茶,shopping,购物服务;专卖店;专营店,武侯区,104.035725,30.627841,2
全家便利店(高朋大道店),shopping,购物服务;便民商店/便利店;便民商店/便利店,武侯区,104.038501,30.628619,1
全时便利店(凯乐国际店),shopping,购物服务;便民商店/便利店;便民商店/便利店,武侯区,104.034519,30.626854,1
棉么屋,shopping,购物服务;购物相关场所;购物相关场所,武侯区,104.043594,30.62255,14
成都永丰店,shopping,购物服务;购物相关场所;购物相关场所,武侯区,104.04164,30.628074,2
舍茶明玉,shopping,购物服务;购物相关场所;购物相关场所,武侯区,104.034607,30.627646,5
miss闺蜜衣橱,shopping,购物服务;购物相关场所;购物相关场所,武侯区,104.041974,30.620775,3
百腾,shopping,购物服务;购物相关场所;购物相关场所,武侯区,104.035028,30.628199,4
三零超市,shopping,购物服务;便民商店/便利店;便民商店/便利店,武侯区,104.042299,30.628952,1
泛亚店,shopping,购物服务;购物相关场所;购物相关场所,武侯区,104.038129,30.620035,1
壳牌便利店(创业路),shopping,购物服务;便民商店/便利店;便民商店/便利店,武侯区,104.039236,30.619902,1
国翼电子,shopping,购物服务;购物相关场所;购物相关场所,武侯区,104.038737,30.629189,1
五粮液(旗舰店),shopping,购物服务;专卖店;烟酒专卖店,武侯区,104.048406,30.624994,4
舞东风(如意分店),shopping,购物服务;便民商店/便利店;便民商店/便利店,武侯区,104.049292,30.62456,4
上进商贸,shopping,购物服务;专卖店;烟酒专卖店,武侯区,104.047384,30.62446,6
恒雅暖通,shopping,购物服务;专卖店;专营店,武侯区,104.047261,30.625542,13
戴丝玉,shopping,购物服务;购物相关场所;购物相关场所,武侯区,104.047118,30.623592,10
好莱坞商业广场,shopping,购物服务;商场;商场,武侯区,104.051097,30.623771,9
逐腾,shopping,购物服务;服装鞋帽皮具店;服装鞋帽皮具店,武侯区,104.046456,30.622032,62
机麻卫士自动麻将桌,shopping,购物服务;专卖店;专营店,武侯区,104.046008,30.626228,2
紫荆奶屋,shopping,购物服务;综合市场;农副产品市场,武侯区,104.049783,30.621897,5
洤服装店,shopping,购物服务;服装鞋帽皮具店;服装鞋帽皮具店,武侯区,104.051228,30.622594,4
天成,shopping,购物服务;专卖店;专营店,武侯区,104.049686,30.619254,480
五金防盗门,shopping,购物服务;购物相关场所;购物相关场所,武侯区,104.05268,30.623837,11
春秋副食店,shopping,购物服务;便民商店/便利店;便民商店/便利店,武侯区,104.051892,30.625948,3
神钓渔具(二环路南三段),shopping,购物服务;专卖店;专营店,武侯区,104.045329,30.626524,1
祥福隆,shopping,购物服务;专卖店;烟酒专卖店,武侯区,104.052384,30.625575,3
欧魅,shopping,购物服务;服装鞋帽皮具店;服装鞋帽皮具店,武侯区,104.056602,30.626979,373
优胜科技,shopping,购物服务;购物相关场所;购物相关场所,武侯区,104.047262,30.62087,1
荣茂车行,shopping,购物服务;专卖店;自行车专卖店,武侯区,104.053556,30.625221,10
成都玉林店,shopping,购物服务;购物相关场所;购物相关场所,武侯区,104.04984,30.628087,2
如意水果店(神仙树店),shopping,购物服务;综合市场;果品市场,武侯区,104.045607,30.621045,1
裁溢洋服(明悦店),shopping,购物服务;服装鞋帽皮具店;服装鞋帽皮具店,武侯区,104.045324,30.627985,2
玫瑰花开(yiyi花坊店),shopping,购物服务;购物相关场所;购物相关场所,武侯区,104.050479,30.628889,1
GT酱日韩欧美女装买手店,shopping,购物服务;服装鞋帽皮具店;服装鞋帽皮具店,武侯区,104.052467,30.621066,1
营业部,shopping,购物服务;购物相关场所;购物相关场所,武侯区,104.045479,30.628908,2
安利,shopping,购物服务;购物相关场所;购物相关场所,武侯区,104.05318,30.620868,1
衣服不接中心,shopping,购物服务;购物相关场所;购物相关场所,武侯区,104.044331,30.629286,3
果果鲜花,shopping,购物服务;花鸟鱼虫市场;花卉市场,武侯区,104.044994,30.624435,1
有情人鲜花(神仙树西路店),shopping,购物服务;花鸟鱼虫市场;花卉市场,武侯区,104.04477,30.622466,1
全家便利店(芳沁街店),shopping,购物服务;便民商店/便利店;便民商店/便利店,武侯区,104.046035,30.628592,1
天英超市,shopping,购物服务;便民商店/便利店;便民商店/便利店,武侯区,104.047449,30.623114,2
成都发隆日化,shopping,购物服务;便民商店/便利店;便民商店/便利店,武侯区,104.049232,30.622998,1
星火通讯(永丰路),shopping,购物服务;家电电子卖场;手机销售,武侯区,104.043651,30.628835,1
放心肉店,shopping,购物服务;综合市场;农副产品市场,武侯区,104.058294,30.625141,5
华胜二所,shopping,购物服务;购物相关场所;购物相关场所,武侯区,104.059252,30.623762,1
九牧,shopping,购物服务;购物相关场所;购物相关场所,武侯区,104.060288,30.625166,18
城南副食品商店,shopping,购物服务;便民商店/便利店;便民商店/便利店|购物服务;专卖店;专营店,武侯区,104.059836,30.623909,3
法罗力热水器,shopping,购物服务;购物相关场所;购物相关场所,武侯区,104.059223,30.622723,4
福家超市,shopping,购物服务;便民商店/便利店;便民商店/便利店,武侯区,104.056615,30.623495,5
施朗格门窗,shopping,购物服务;购物相关场所;购物相关场所,武侯区,104.058065,30.622625,1
天朝上品,shopping,购物服务;专卖店;烟酒专卖店,武侯区,104.057376,30.622716,2
畲牌25店,shopping,购物服务;购物相关场所;购物相关场所,武侯区,104.055963,30.624394,2
劳特,shopping,购物服务;购物相关场所;购物相关场所,武侯区,104.057564,30.626664,4
臻衣,shopping,购物服务;服装鞋帽皮具店;服装鞋帽皮具店,武侯区,104.055011,30.623668,42
大象便利店,shopping,购物服务;便民商店/便利店;便民商店/便利店,武侯区,104.061595,30.622793,2
顶礼,shopping,购物服务;专卖店;珠宝首饰工艺品,武侯区,104.057129,30.618577,223
云杰副食,shopping,购物服务;便民商店/便利店;便民商店/便利店,武侯区,104.062315,30.625182,6
世纪鼎利,shopping,购物服务;购物相关场所;购物相关场所,武侯区,104.062289,30.623164,4
大众百货超市,shopping,购物服务;便民商店/便利店;便民商店/便利店,武侯区,104.058918,30.627957,2
爱之宠,shopping,购物服务;专卖店;宠物用品店,武侯区,104.057357,30.627961,5
陈姐副食(桐凤路),shopping,购物服务;便民商店/便利店;便民商店/便利店,武侯区,104.061633,30.621333,1
懿精品女装,shopping,购物服务;服装鞋帽皮具店;服装鞋帽皮具店,武侯区,104.063246,30.625134,2
赵记瓜子,shopping,购物服务;综合市场;果品市场,武侯区,104.05604,30.628462,18
益鲜原水果,shopping,购物服务;购物相关场所;购物相关场所,武侯区,104.057525,30.628921,12
富隆酒窖(桐凤路),shopping,购物服务;专卖店;烟酒专卖店,武侯区,104.06239,30.62137,1
开心水果,shopping,购物服务;专卖店;专营店,武侯区,104.055538,30.620266,6
男鞋潮足店,shopping,购物服务;购物相关场所;购物相关场所,武侯区,104.056099,30.619984,3
紫檀销售中心,shopping,购物服务;购物相关场所;购物相关场所,武侯区,104.063189,30.621387,1
闺蜜私品会,shopping,购物服务;专卖店;专营店,武侯区,104.056664,30.619602,1
蓓蕾干杂,shopping,购物服务;便民商店/便利店;便民商店/便利店,武侯区,104.054849,30.628905,5
万佳副食超市,shopping,购物服务;购物相关场所;购物相关场所,武侯区,104.055346,30.619516,1
蓝天花艺,shopping,购物服务;花鸟鱼虫市场;花卉市场,武侯区,104.054825,30.62812,1
高尔夫地带(二环路南三段),shopping,购物服务;体育用品店;高尔夫用品店,武侯区,104.059363,30.621813,1
逆龄社(凯宾斯基店),shopping,购物服务;购物相关场所;购物相关场所,武侯区,104.067956,30.62421,1
一亩三分地有机农副产品,shopping,购物服务;购物相关场所;购物相关场所,武侯区,104.068345,30.625329,1
六+1超市,shopping,购物服务;购物相关场所;购物相关场所,武侯区,104.067367,30.624065,1
佰果邻,shopping,购物服务;综合市场;果品市场,武侯区,104.06977,30.625587,16
惠申科技,shopping,购物服务;购物相关场所;购物相关场所,武侯区,104.068737,30.623101,1
免税香烟售卖,shopping,购物服务;购物相关场所;购物相关场所,武侯区,104.068086,30.622991,1
先锋电动工具(二环路南二段),shopping,购物服务;专卖店;专营店,武侯区,104.065245,30.62326,2
1999商店,shopping,购物服务;购物相关场所;购物相关场所,武侯区,104.068908,30.621127,2
公牛装饰开关,shopping,购物服务;购物相关场所;购物相关场所,武侯区,104.064724,30.623496,1
女人生活管,shopping,购物服务;购物相关场所;购物相关场所,武侯区,104.064728,30.625497,2
成都德记洋行,shopping,购物服务;专卖店;烟酒专卖店,武侯区,104.072569,30.624061,3
德国宝,shopping,购物服务;购物相关场所;购物相关场所,武侯区,104.06514,30.627137,76
听涛居,shopping,购物服务;专卖店;珠宝首饰工艺品,武侯区,104.064776,30.622582,2
水果猴(新希望店),shopping,购物服务;购物相关场所;购物相关场所,武侯区,104.072793,30.624766,1
imee,shopping,购物服务;购物相关场所;购物相关场所,武侯区,104.065366,30.621042,16
新锐花艺店(人南立交店),shopping,购物服务;专卖店;专营店,武侯区,104.064203,30.623241,1
添姿,shopping,购物服务;专卖店;专营店,武侯区,104.073429,30.621232,717
至玄画廊,shopping,购物服务;购物相关场所;购物相关场所,武侯区,104.063909,30.626694,5
武侯区凯逻鞋业经营部,shopping,购物服务;购物相关场所;购物相关场所,武侯区,104.064203,30.621681,1
点创水业经营部,shopping,购物服务;购物相关场所;购物相关场所,武侯区,104.069092,30.619603,2
雅典花房,shopping,购物服务;花鸟鱼虫市场;花卉市场,武侯区,104.064094,30.620645,10
千梦妮,shopping,购物服务;购物相关场所;购物相关场所,武侯区,104.067828,30.618917,22
新西兰牛奶吧(旗舰店),shopping,购物服务;综合市场;农副产品市场,武侯区,104.064036,30.628147,3
野草花店,shopping,购物服务;花鸟鱼虫市场;花卉市场,武侯区,104.064848,30.62908,3
奶牛兄弟,shopping,购物服务;综合市场;农副产品市场,武侯区,104.066649,30.624317,1
鸿禧典当行,shopping,购物服务;特殊买卖场所;典当行,武侯区,104.071986,30.623095,2
郦锦花盟(花知语),shopping,购物服务;花鸟鱼虫市场;花卉市场,武侯区,104.063549,30.623409,1
华硕电脑,shopping,购物服务;购物相关场所;购物相关场所,武侯区,104.06527,30.62008,1
进步体验,shopping,购物服务;购物相关场所;购物相关场所,武侯区,104.064524,30.626143,1
鑫达副食店,shopping,购物服务;购物相关场所;购物相关场所,武侯区,104.07101,30.625801,1
衣雅优(棕竹苑三幢北),shopping,购物服务;服装鞋帽皮具店;服装鞋帽皮具店,武侯区,104.078602,30.624104,1
来福,shopping,购物服务;专卖店;烟酒专卖店,武侯区,104.07745,30.626583,124
美优制冷,shopping,购物服务;购物相关场所;购物相关场所,武侯区,104.077249,30.623157,5
舞东风(华丰分店),shopping,购物服务;便民商店/便利店;便民商店/便利店,武侯区,104.080742,30.623282,6
太婆副食,shopping,购物服务;便民商店/便利店;便民商店/便利店,武侯区,104.08128,30.62409,2
海荣新顿,shopping,购物服务;购物相关场所;购物相关场所,武侯区,104.081341,30.624792,8
向阳干杂,shopping,购物服务;便民商店/便利店;便民商店/便利店,武侯区,104.080613,30.626481,13
成都小小食品批发部,shopping,购物服务;购物相关场所;购物相关场所,武侯区,104.078843,30.621725,1
均兴酒类批发部,shopping,购物服务;购物相关场所;购物相关场所,武侯区,104.07982,30.62194,1
瑞丽阁,shopping,购物服务;购物相关场所;购物相关场所,武侯区,104.074559,30.623632,24
棕东店,shopping,购物服务;购物相关场所;购物相关场所,武侯区,104.079207,30.627379,1
第一站,shopping,购物服务;服装鞋帽皮具店;服装鞋帽皮具店,武侯区,104.074639,30.625156,2
东华食品,shopping,购物服务;购物相关场所;购物相关场所,武侯区,104.080151,30.621291,3
东湖超市,shopping,购物服务;超级市场;超市,锦江区,104.082774,30.624398,2
美团站点,shopping,购物服务;购物相关场所;购物相关场所,武侯区,104.081621,30.621813,1
海天食品,shopping,购物服务;便民商店/便利店;便民商店/便利店|生活服务;生活服务场所;生活服务场所,武侯区,104.081054,30.620595,35
清音阁,shopping,购物服务;购物相关场所;购物相关场所,武侯区,104.080874,30.627894,7
茶商之小资格调,shopping,购物服务;专卖店;专营店,武侯区,104.073856,30.625719,7
亿百度(科华街店),shopping,购物服务;购物相关场所;购物相关场所,武侯区,104.073666,30.624605,1
天得乐食品,shopping,购物服务;购物相关场所;购物相关场所,武侯区,104.074785,30.621663,1
益多超市(南园路),shopping,购物服务;便民商店/便利店;便民商店/便利店,武侯区,104.076784,30.628389,1
全心全意经营部,shopping,购物服务;便民商店/便利店;便民商店/便利店,武侯区,104.0777,30.619631,1
狮柯润滑油,shopping,购物服务;购物相关场所;购物相关场所,武侯区,104.082485,30.627882,1
雪国天腾,shopping,购物服务;购物相关场所;购物相关场所,武侯区,104.074863,30.620237,7
天天超市,shopping,购物服务;购物相关场所;购物相关场所,武侯区,104.08287,30.62864,1
快乐酒保,shopping,购物服务;购物相关场所;购物相关场所,武侯区,104.074965,30.619392,5
云便利超市,shopping,购物服务;超级市场;超市,锦江区,104.088489,30.623634,5
爱时尚全国连锁(锦江万达店),shopping,购物服务;购物相关场所;购物相关场所,锦江区,104.089053,30.625035,1
翠缘,shopping,购物服务;购物相关场所;购物相关场所,锦江区,104.087571,30.623876,4
名烟名酒,shopping,购物服务;专卖店;烟酒专卖店,锦江区,104.090074,30.625339,18
雅居干杂店,shopping,购物服务;购物相关场所;购物相关场所,锦江区,104.086073,30.624107,7
仁月车行,shopping,购物服务;专卖店;自行车专卖店,锦江区,104.091639,30.623585,9
芳馨机麻,shopping,购物服务;购物相关场所;购物相关场所,锦江区,104.091433,30.625394,3
千色纺,shopping,购物服务;服装鞋帽皮具店;服装鞋帽皮具店,锦江区,104.090094,30.621221,25
小米,shopping,购物服务;家电电子卖场;手机销售,锦江区,104.091052,30.626808,19
塔吉,shopping,购物服务;服装鞋帽皮具店;服装鞋帽皮具店,锦江区,104.093881,30.623622,690
土货进城,shopping,购物服务;购物相关场所;购物相关场所,锦江区,104.092386,30.625976,2
His精品外贸,shopping,购物服务;服装鞋帽皮具店;服装鞋帽皮具店,锦江区,104.090238,30.627996,2
零食仓库,shopping,购物服务;购物相关场所;购物相关场所,锦江区,104.083928,30.623532,3
建发酒业,shopping,购物服务;专卖店;烟酒专卖店,锦江区,104.085741,30.627879,1
罨书阁,shopping,购物服务;购物相关场所;购物相关场所,锦江区,104.089282,30.628627,2
爱宠屋专业宠物美容,shopping,购物服务;专卖店;宠物用品店,锦江区,104.093548,30.625541,3
凯宏果业,shopping,购物服务;购物相关场所;购物相关场所,锦江区,104.092695,30.627537,43
成都瑞麒和书画馆,shopping,购物服务;专卖店;古玩字画店|科教文化服务;培训机构;培训机构,锦江区,104.083792,30.627092,1
一墨画舍,shopping,购物服务;购物相关场所;购物相关场所,锦江区,104.093386,30.629259,1
早安花艺工作室,shopping,购物服务;花鸟鱼虫市场;花卉市场,锦江区,104.089392,30.623624,1
袭人鲜花(锦华万达店),shopping,购物服务;花鸟鱼虫市场;花卉市场,锦江区,104.09307,30.625025,1
全时便利店(华润广场店),shopping,购物服务;便民商店/便利店;便民商店/便利店,锦江区,104.089385,30.622456,1
外贸袜业,shopping,购物服务;服装鞋帽皮具店;服装鞋帽皮具店,锦江区,104.098287,30.625608,42
爱丽丝,shopping,购物服务;服装鞋帽皮具店;服装鞋帽皮具店,锦江区,104.100502,30.625705,49
周末派,shopping,购物服务;购物相关场所;购物相关场所,锦江区,104.100239,30.623476,4
盛新超市,shopping,购物服务;购物相关场所;购物相关场所,锦江区,104.099089,30.622744,4
树基儿童生活馆,shopping,购物服务;购物相关场所;购物相关场所,锦江区,104.097148,30.622961,1
来威漆,shopping,购物服务;购物相关场所;购物相关场所,锦江区,104.096234,30.622496,2
依衣汇,shopping,购物服务;服装鞋帽皮具店;服装鞋帽皮具店,锦江区,104.095955,30.628029,84
何日君,shopping,购物服务;购物相关场所;购物相关场所,锦江区,104.103338,30.623387,116
K0NKA,shopping,购物服务;家电电子卖场;家电电子卖场,锦江区,104.095402,30.625546,6
精功眼镜(锦华店),shopping,购物服务;专卖店;眼镜店,锦江区,104.095587,30.622809,8
糍巴茶叶专卖店,shopping,购物服务;购物相关场所;购物相关场所,锦江区,104.099247,30.627265,3
创鑫酒业,shopping,购物服务;购物相关场所;购物相关场所,锦江区,104.096449,30.621752,2
波波嘟国际美话,shopping,购物服务;购物相关场所;购物相关场所,锦江区,104.09685,30.621277,1
机麻,shopping,购物服务;购物相关场所;购物相关场所,锦江区,104.099901,30.619492,340
酒浓沟,shopping,购物服务;购物相关场所;购物相关场所,锦江区,104.098365,30.629303,1
烟酒回收,shopping,购物服务;购物相关场所;购物相关场所,锦江区,104.102614,30.620825,1
谷朵鲜花(静居寺店),shopping,购物服务;花鸟鱼虫市场;花卉市场,锦江区,104.099422,30.621477,1
cat&flower,shopping,购物服务;花鸟鱼虫市场;花卉市场,锦江区,104.098564,30.621356,1
御茗堂旗舰店,shopping,购物服务;购物相关场所;购物相关场所,锦江区,104.102289,30.625833,1
向红超市,shopping,购物服务;购物相关场所;购物相关场所,锦江区,104.096028,30.627077,1
销售中心,shopping,购物服务;购物相关场所;购物相关场所,锦江区,104.109132,30.623602,5
猪乐道,shopping,购物服务;专卖店;专营店,锦江区,104.109293,30.621725,358
锦江区农科院测试中心配电房,shopping,购物服务;购物相关场所;购物相关场所,锦江区,104.107576,30.62581,1
明宇种业,shopping,购物服务;专卖店;专营店,锦江区,104.10551,30.624044,15
锦江区智卡电脑经营部,shopping,购物服务;购物相关场所;购物相关场所,锦江区,104.110232,30.62696,2
时代花木,shopping,购物服务;购物相关场所;购物相关场所,锦江区,104.105122,30.626003,3
懒虫小店绿叶分店,shopping,购物服务;购物相关场所;购物相关场所,锦江区,104.105277,30.626792,1
联合一百,shopping,购物服务;超级市场;超市,锦江区,104.11262,30.621447,9
天天果品(静沙北路),shopping,购物服务;综合市场;果品市场,锦江区,104.11346,30.624016,2
鑫泰超市(静沙北路),shopping,购物服务;便民商店/便利店;便民商店/便利店,锦江区,104.113191,30.622609,2
mydeer进口啤酒馆,shopping,购物服务;购物相关场所;购物相关场所,锦江区,104.109808,30.619753,1
常发农业装备成都展示中心,shopping,购物服务;购物相关场所;购物相关场所,锦江区,104.105623,30.628526,1
五粮液(旗舰店),shopping,购物服务;专卖店;烟酒专卖店,锦江区,104.112297,30.620403,1
河沙水泥碳渣,shopping,购物服务;购物相关场所;购物相关场所,锦江区,104.113094,30.627926,2
陈姐小卖部,shopping,购物服务;购物相关场所;购物相关场所,锦江区,104.111991,30.629003,1
红旗超市(马家沟分场),shopping,购物服务;超级市场;超市,锦江区,104.113155,30.62726,1
爱婴堂金润超市,shopping,购物服务;专卖店;儿童用品店|购物服务;超级市场;超市,锦江区,104.116617,30.625258,11
乐美佳超市,shopping,购物服务;购物相关场所;购物相关场所,锦江区,104.118729,30.623127,1
玉际母婴生活馆,shopping,购物服务;购物相关场所;购物相关场所,锦江区,104.116824,30.623603,1
易捷便利店(静康路),shopping,购物服务;便民商店/便利店;便民商店/便利店,锦江区,104.116932,30.622978,1
烟酒水批发,shopping,购物服务;专卖店;烟酒专卖店,锦江区,104.117326,30.622322,3
惠民超市(上沙河铺街),shopping,购物服务;便民商店/便利店;便民商店/便利店,锦江区,104.121461,30.625078,2
四川友谊医院便民店,shopping,购物服务;便民商店/便利店;便民商店/便利店,锦江区,104.121154,30.625908,1
链家(金润华府店),shopping,购物服务;购物相关场所;购物相关场所,锦江区,104.115126,30.623783,1
天龙电器,shopping,购物服务;购物相关场所;购物相关场所,锦江区,104.121945,30.62445,2
靓雅,shopping,购物服务;购物相关场所;购物相关场所,锦江区,104.116401,30.621065,55
纯高粱酒,shopping,购物服务;购物相关场所;购物相关场所,锦江区,104.11737,30.627909,4
平价水果店,shopping,购物服务;综合市场;果品市场,锦江区,104.118209,30.620833,4
爱婴堂,shopping,购物服务;专卖店;儿童用品店,锦江区,104.114402,30.625447,3
四川邮电职业技术学院经济管理系格子铺,shopping,购物服务;专卖店;专营店,锦江区,104.120382,30.621055,1
攀商行,shopping,购物服务;购物相关场所;购物相关场所,锦江区,104.114473,30.621776,6
锦江区侯姐公话超市,shopping,购物服务;便民商店/便利店;便民商店/便利店,锦江区,104.117912,30.620304,2
杏仁超市,shopping,购物服务;便民商店/便利店;便民商店/便利店,锦江区,104.122052,30.621502,1
真谐和超市,shopping,购物服务;便民商店/便利店;便民商店/便利店,锦江区,104.114259,30.626617,1
岳店子副食店,shopping,购物服务;购物相关场所;购物相关场所,锦江区,104.113541,30.624949,1
茂源超市(菱窠西路),shopping,购物服务;便民商店/便利店;便民商店/便利店,锦江区,104.122628,30.621886,1
胖妹水产,shopping,购物服务;购物相关场所;购物相关场所,锦江区,104.114724,30.627907,11
格力中央空调体验中心(静康路),shopping,购物服务;专卖店;专营店,锦江区,104.113672,30.622277,1
汪星球宠物生活馆,shopping,购物服务;专卖店;宠物用品店,锦江区,104.113978,30.620743,1
华宇广场,shopping,购物服务;商场;购物中心,锦江区,104.11795,30.624808,1
华达园艺,shopping,购物服务;花鸟鱼虫市场;花卉市场,锦江区,104.115596,30.624255,1
格力电器,shopping,购物服务;家电电子卖场;家电电子卖场,锦江区,104.117894,30.622799,1
沙河铺,shopping,购物服务;购物相关场所;购物相关场所,成华区,104.129743,30.623994,1
兰庭生活超市,shopping,购物服务;便民商店/便利店;便民商店/便利店,成华区,104.13204,30.626128,1
便民食品店,shopping,购物服务;便民商店/便利店;便民商店/便利店,成华区,104.12556,30.621738,2
INVWNV,shopping,购物服务;购物相关场所;购物相关场所,成华区,104.131765,30.626824,1
1+1超市,shopping,购物服务;便民商店/便利店;便民商店/便利店,成华区,104.132726,30.626061,2
家慈超市(川师大店),shopping,购物服务;便民商店/便利店;便民商店/便利店|购物服务;超级市场;超市,锦江区,104.123892,30.623106,1
永德茶坊,shopping,餐饮服务;茶艺馆;茶艺馆|购物服务;专卖店;专营店,锦江区,104.125057,30.62116,16
蓝雅格,shopping,购物服务;购物相关场所;购物相关场所,锦江区,104.125789,30.61933,34
八如坊,shopping,购物服务;购物相关场所;购物相关场所,锦江区,104.129414,30.619279,20
佰家乐超市,shopping,购物服务;便民商店/便利店;便民商店/便利店,成华区,104.12381,30.626914,1
豪飞通讯店,shopping,购物服务;家电电子卖场;手机销售,锦江区,104.123755,30.620415,4
香榭兰庭689超市,shopping,购物服务;购物相关场所;购物相关场所,成华区,104.13245,30.626863,1
伟伟便民店,shopping,购物服务;便民商店/便利店;便民商店/便利店,成华区,104.139455,30.622973,5
福兴超市(成都东客站店),shopping,购物服务;便民商店/便利店;便民商店/便利店,成华区,104.140864,30.62815,2
机麻,shopping,购物服务;购物相关场所;购物相关场所,锦江区,104.135021,30.619146,35
成都东站汽车客运站便民服务处,shopping,购物服务;便民商店/便利店;便民商店/便利店,成华区,104.140425,30.628958,1
大观便民店,shopping,购物服务;便民商店/便利店;便民商店/便利店,锦江区,104.134248,30.621128,2
蓉宜购超市,shopping,购物服务;超级市场;超市,锦江区,104.134505,30.619912,2
润通酒水,shopping,购物服务;专卖店;烟酒专卖店,锦江区,104.133576,30.61999,2
贵州茅台镇(成都花园店),shopping,购物服务;专卖店;烟酒专卖店,锦江区,104.133636,30.620561,1
宏发锁业,shopping,购物服务;专卖店;专营店,锦江区,104.135025,30.620217,1
元华超市(东洪路),shopping,购物服务;便民商店/便利店;便民商店/便利店,成华区,104.146313,30.626174,1
我家铺子便利店,shopping,购物服务;便民商店/便利店;便民商店/便利店,成华区,104.14625,30.626905,1
狗出陌宠物馆,shopping,购物服务;专卖店;宠物用品店,成华区,104.146783,30.627388,3
Twne&twne,shopping,购物服务;服装鞋帽皮具店;服装鞋帽皮具店,成华区,104.148929,30.627717,1
魔瘦之尔商铺,shopping,购物服务;购物相关场所;购物相关场所,成华区,104.147553,30.628046,2
贝可儿(万科·海悦汇城西北),shopping,购物服务;专卖店;儿童用品店,成华区,104.151664,30.627376,1
鲜鲜智家,shopping,购物服务;便民商店/便利店;便民商店/便利店,成华区,104.147915,30.628768,3
联合一百(万科路店),shopping,购物服务;便民商店/便利店;便民商店/便利店,成华区,104.153572,30.627224,2
清泉土鸡,shopping,购物服务;综合市场;农副产品市场,成华区,104.160435,30.62355,1
蓝光锦绣城农贸市场,shopping,购物服务;综合市场;综合市场,成华区,104.155022,30.627428,4
小Q超市,shopping,购物服务;购物相关场所;购物相关场所,成华区,104.154057,30.628721,4
艺友干杂茶铺,shopping,购物服务;便民商店/便利店;便民商店/便利店,成华区,104.154768,30.624097,1
傲森便利店(海上海店),shopping,购物服务;便民商店/便利店;便民商店/便利店,成华区,104.15745,30.628185,1
007超市(海上海店),shopping,购物服务;便民商店/便利店;便民商店/便利店,成华区,104.158006,30.629262,1
丹诚跟业,shopping,购物服务;专卖店;专营店,武侯区,103.968611,30.61459,13
永高鞋跟,shopping,购物服务;专卖店;专营店,武侯区,103.967917,30.615633,22
苹果,shopping,购物服务;购物相关场所;购物相关场所,武侯区,103.968312,30.612538,48
鑫宏图鞋材,shopping,购物服务;专卖店;专营店,武侯区,103.96717,30.614674,2
本色服饰,shopping,购物服务;购物相关场所;购物相关场所,武侯区,103.968134,30.612488,4
广州金源,shopping,购物服务;专卖店;专营店,武侯区,103.970504,30.612272,5
嘉奇跟业,shopping,购物服务;专卖店;专营店,武侯区,103.965566,30.614831,2
三木纸业,shopping,购物服务;专卖店;专营店,武侯区,103.971512,30.612683,2
和申鞋材,shopping,购物服务;专卖店;专营店,武侯区,103.966752,30.611961,6
康美婴童,shopping,购物服务;专卖店;儿童用品店,武侯区,103.967509,30.611451,6
bg鞋业,shopping,购物服务;购物相关场所;购物相关场所,武侯区,103.973129,30.613383,10
华龙茶园,shopping,购物服务;专卖店;专营店,武侯区,103.969809,30.611495,3
宏金宝,shopping,购物服务;专卖店;珠宝首饰工艺品,武侯区,103.972889,30.614792,1
袋鼠,shopping,购物服务;购物相关场所;购物相关场所,武侯区,103.969612,30.609927,113
宝途之星,shopping,购物服务;购物相关场所;购物相关场所,武侯区,103.967346,30.618406,2
鑫轮针车,shopping,购物服务;专卖店;专营店,武侯区,103.964988,30.61804,9
江南门窗,shopping,购物服务;购物相关场所;购物相关场所,武侯区,103.967306,30.609775,2
重庆黄河三轮车,shopping,购物服务;购物相关场所;购物相关场所,武侯区,103.966267,30.619372,2
Farina,shopping,购物服务;专卖店;专营店,武侯区,103.973712,30.618023,1
精品男装,shopping,购物服务;服装鞋帽皮具店;服装鞋帽皮具店,武侯区,103.973484,30.619002,5
福满天超市,shopping,购物服务;购物相关场所;购物相关场所,武侯区,103.973684,30.610065,1
永乐汇商业广场,shopping,购物服务;商场;普通商场,武侯区,103.964204,30.616858,1
大众商行,shopping,购物服务;便民商店/便利店;便民商店/便利店,武侯区,103.965062,30.60939,8
摩尚便利店(武兴路),shopping,购物服务;便民商店/便利店;便民商店/便利店,武侯区,103.966276,30.617834,1
鑫发超市(草金路南段),shopping,购物服务;便民商店/便利店;便民商店/便利店,武侯区,103.969386,30.615054,1
天意通讯,shopping,购物服务;家电电子卖场;手机销售,武侯区,103.969036,30.61668,2
麒燕超市,shopping,购物服务;便民商店/便利店;便民商店/便利店,武侯区,103.964573,30.610109,2
靓银,shopping,购物服务;专卖店;专营店,武侯区,103.976786,30.614859,27
金华鞋业,shopping,购物服务;购物相关场所;购物相关场所,武侯区,103.978368,30.615761,2
爱美空间时尚女鞋,shopping,购物服务;专卖店;专营店,武侯区,103.977449,30.615744,1
中原车行,shopping,购物服务;专卖店;自行车专卖店,武侯区,103.977082,30.613177,6
邓电工,shopping,购物服务;专卖店;专营店,武侯区,103.981124,30.612989,2
欧莎,shopping,购物服务;服装鞋帽皮具店;服装鞋帽皮具店,武侯区,103.975594,30.615844,19
批发水泥河沙石子,shopping,购物服务;购物相关场所;购物相关场所,武侯区,103.976942,30.612616,1
田哥副食店,shopping,购物服务;便民商店/便利店;便民商店/便利店,武侯区,103.978042,30.611945,2
易捷便利店(金兴南路),shopping,购物服务;便民商店/便利店;便民商店/便利店,武侯区,103.977108,30.612079,1
宝岛眼镜(桂花路),shopping,购物服务;专卖店;眼镜店,武侯区,103.975284,30.614289,2
一品天成2号门,shopping,购物服务;购物相关场所;购物相关场所,武侯区,103.981925,30.613222,2
尚林茶庄,shopping,购物服务;专卖店;专营店,武侯区,103.982748,30.612733,4
益发超市(金履四路),shopping,购物服务;便民商店/便利店;便民商店/便利店,武侯区,103.981328,30.611635,1
天星鞋材,shopping,购物服务;专卖店;专营店,武侯区,103.978734,30.618468,1
时尚,shopping,购物服务;服装鞋帽皮具店;服装鞋帽皮具店,武侯区,103.97445,30.616071,2
卡洛斯,shopping,购物服务;购物相关场所;购物相关场所,武侯区,103.983184,30.613333,1
五金杂货,shopping,购物服务;购物相关场所;购物相关场所,武侯区,103.974107,30.615564,2
鲜肉,shopping,购物服务;购物相关场所;购物相关场所,武侯区,103.974497,30.617012,35
家十便利店,shopping,购物服务;便民商店/便利店;便民商店/便利店,武侯区,103.983686,30.614106,3
大河邦,shopping,购物服务;购物相关场所;购物相关场所,武侯区,103.979671,30.610436,1
空净源空气净化器成都市总代理(第88分店),shopping,购物服务;专卖店;专营店,武侯区,103.983536,30.612839,1
红高粱,shopping,购物服务;专卖店;烟酒专卖店,武侯区,103.989205,30.615436,40
启元肉业,shopping,购物服务;购物相关场所;购物相关场所,武侯区,103.989629,30.614445,12
蔬菜鲜,shopping,购物服务;综合市场;蔬菜市场,武侯区,103.987491,30.61495,6
炫灿,shopping,购物服务;服装鞋帽皮具店;服装鞋帽皮具店,武侯区,103.994887,30.60859,1495
大众超市(铁佛路),shopping,购物服务;便民商店/便利店;便民商店/便利店,武侯区,103.988536,30.612641,1
乐助超市,shopping,购物服务;购物相关场所;购物相关场所,武侯区,103.987043,30.616357,6
懒虫小店和谐分店,shopping,购物服务;购物相关场所;购物相关场所,武侯区,103.986604,30.613272,4
TCL城市体验店-簇桥,shopping,购物服务;购物相关场所;购物相关场所,武侯区,103.985769,30.61427,1
木林森购物超市(铁佛店),shopping,购物服务;便民商店/便利店;便民商店/便利店,武侯区,103.991969,30.615959,1
家美佳超市(福锦路一段),shopping,购物服务;便民商店/便利店;便民商店/便利店,武侯区,103.991522,30.616547,1
益兴平价超市,shopping,购物服务;购物相关场所;购物相关场所,武侯区,103.988306,30.61111,8
优益家,shopping,购物服务;综合市场;农副产品市场,武侯区,103.984723,30.612279,19
全峰,shopping,购物服务;购物相关场所;购物相关场所,武侯区,103.993362,30.613627,14
御锦日用品经营部,shopping,购物服务;专卖店;专营店,武侯区,103.986773,30.617847,3
大白鲨钓具俱乐部,shopping,购物服务;专卖店;专营店,武侯区,103.984943,30.616166,1
飞科,shopping,购物服务;购物相关场所;购物相关场所,武侯区,103.988292,30.610279,106
迪天转椅配件,shopping,购物服务;专卖店;专营店,武侯区,103.992865,30.615625,2
宇通电动车行,shopping,购物服务;专卖店;自行车专卖店,武侯区,103.984485,30.614402,1
果子新鲜(万亩果园簇桥直销店),shopping,购物服务;综合市场;果品市场,武侯区,103.987439,30.610854,1
塑心茗媛(中海锦城店),shopping,购物服务;购物相关场所;购物相关场所,武侯区,103.986495,30.611128,1
精典·喜文化,shopping,购物服务;购物相关场所;购物相关场所,武侯区,103.993026,30.612462,2
名鹤,shopping,购物服务;专卖店;专营店,武侯区,103.985562,30.610194,28
T生活,shopping,购物服务;便民商店/便利店;便民商店/便利店,武侯区,103.984119,30.617764,1
新意塑钢加工部,shopping,购物服务;购物相关场所;购物相关场所,武侯区,103.997524,30.613459,1
喜洋洋拉车,shopping,购物服务;购物相关场所;购物相关场所,武侯区,103.995062,30.612951,1
亘谷文化,shopping,购物服务;购物相关场所;购物相关场所,武侯区,104.00165,30.617614,2
广润家具设计,shopping,购物服务;购物相关场所;购物相关场所,武侯区,104.002362,30.617023,1
源鑫泡沫,shopping,购物服务;专卖店;专营店,武侯区,103.999614,30.61864,4
宏升泡沫,shopping,购物服务;专卖店;专营店,武侯区,104.000605,30.618485,7
润禾名门,shopping,购物服务;购物相关场所;购物相关场所,武侯区,103.99849,30.619404,2
免漆板木工板,shopping,购物服务;购物相关场所;购物相关场所,武侯区,104.00137,30.609888,2
液体墙纸,shopping,购物服务;购物相关场所;购物相关场所,武侯区,104.003636,30.611245,5
联创油业,shopping,购物服务;专卖店;专营店,武侯区,104.002889,30.609731,3
三叶草,shopping,购物服务;购物相关场所;购物相关场所,武侯区,104.003629,30.61916,1
贝特猫鲜花店(蓝天苑工作室),shopping,购物服务;花鸟鱼虫市场;花卉市场,武侯区,103.994129,30.614954,1
5701厂便利店,shopping,购物服务;便民商店/便利店;便民商店/便利店,武侯区,103.996889,30.612896,1
千色家具厂,shopping,购物服务;购物相关场所;购物相关场所,武侯区,103.995056,30.611859,1
利民装饰城,shopping,购物服务;购物相关场所;购物相关场所,武侯区,103.997943,30.617081,1
元瑞材料城,shopping,购物服务;购物相关场所;购物相关场所,武侯区,103.999798,30.616684,1
锦汇商场,shopping,购物服务;商场;普通商场,武侯区,104.010995,30.616779,2
嘉庆商场,shopping,购物服务;商场;普通商场,武侯区,104.010123,30.614225,4
蒋师家电专卖,shopping,购物服务;家电电子卖场;家电电子卖场,武侯区,104.01374,30.61667,9
巨人灯饰,shopping,购物服务;购物相关场所;购物相关场所,武侯区,104.007566,30.614472,4
小菜市,shopping,购物服务;综合市场;蔬菜市场,武侯区,104.008675,30.617956,13
世代相传,shopping,购物服务;专卖店;古玩字画店,武侯区,104.010421,30.616324,1
逸静隔音窗商铺,shopping,购物服务;购物相关场所;购物相关场所,武侯区,104.005588,30.614914,1
阳光欧尚,shopping,购物服务;购物相关场所;购物相关场所,武侯区,104.01227,30.617368,2
致·木,shopping,购物服务;购物相关场所;购物相关场所,武侯区,104.009264,30.61627,7
洛克维克,shopping,购物服务;购物相关场所;购物相关场所,武侯区,104.010238,30.617326,1
法西兰,shopping,购物服务;购物相关场所;购物相关场所,武侯区,104.010225,30.616824,2
亿天家私,shopping,购物服务;购物相关场所;购物相关场所,武侯区,104.01046,30.613143,2
名优家私,shopping,购物服务;购物相关场所;购物相关场所,武侯区,104.012485,30.616022,6
鸿杰床垫材料,shopping,购物服务;专卖店;专营店,武侯区,104.005923,30.611372,1
成都金鑫办公,shopping,购物服务;文化用品店;文化用品店,武侯区,104.012216,30.61672,1
红高梁酒坊,shopping,购物服务;专卖店;烟酒专卖店,武侯区,104.006262,30.609511,4
西蒙电气,shopping,购物服务;购物相关场所;购物相关场所,武侯区,104.006563,30.613677,1
欧度精品办公商场,shopping,购物服务;文化用品店;文化用品店,武侯区,104.01251,30.617883,1
金红日家私,shopping,购物服务;购物相关场所;购物相关场所,武侯区,104.01089,30.615747,2
齐胜商场,shopping,购物服务;购物相关场所;购物相关场所,武侯区,104.009163,30.614787,5
起航汽车皮套批发店,shopping,购物服务;购物相关场所;购物相关场所,武侯区,104.004987,30.615576,1
睿邦家私旗舰店,shopping,购物服务;购物相关场所;购物相关场所,武侯区,104.006993,30.616949,1
亚东沙发,shopping,购物服务;购物相关场所;购物相关场所,武侯区,104.00773,30.61649,2
欧亿家私,shopping,购物服务;购物相关场所;购物相关场所,武侯区,104.011574,30.614928,2
办公商场A区,shopping,购物服务;购物相关场所;购物相关场所,武侯区,104.011505,30.617018,1
春飞家私,shopping,购物服务;购物相关场所;购物相关场所,武侯区,104.009965,30.615689,3
口子上小卖部,shopping,购物服务;购物相关场所;购物相关场所,武侯区,104.008405,30.613982,1
明辉办公,shopping,购物服务;购物相关场所;购物相关场所,武侯区,104.011756,30.618235,1
武侯区钦淳家具经营部,shopping,购物服务;购物相关场所;购物相关场所,武侯区,104.011109,30.617671,1
金鑫祥家具,shopping,购物服务;购物相关场所;购物相关场所,武侯区,104.010679,30.613845,1
应佳超市,shopping,购物服务;购物相关场所;购物相关场所,武侯区,104.01032,30.612072,1
欣星通讯店,shopping,购物服务;家电电子卖场;手机销售,武侯区,104.018204,30.61343,4
志新食品经营部,shopping,购物服务;便民商店/便利店;便民商店/便利店,武侯区,104.02117,30.614126,2
路口超市,shopping,购物服务;便民商店/便利店;便民商店/便利店,武侯区,104.020971,30.61544,1
好实惠超市(南桥店),shopping,购物服务;便民商店/便利店;便民商店/便利店,武侯区,104.017741,30.611945,1
红春食品经营部,shopping,购物服务;便民商店/便利店;便民商店/便利店,武侯区,104.017196,30.611523,1
冰雪商用·展示柜·橱柜专卖,shopping,购物服务;购物相关场所;购物相关场所,武侯区,104.015013,30.615727,1
湃克,shopping,购物服务;服装鞋帽皮具店;服装鞋帽皮具店,武侯区,104.018552,30.618613,51
武侯区慈善惠民超市(华兴店),shopping,购物服务;便民商店/便利店;便民商店/便利店,武侯区,104.020363,30.61781,1
优易便利店(华泰五路),shopping,购物服务;便民商店/便利店;便民商店/便利店,武侯区,104.021274,30.617348,1
飞鹰电脑,shopping,购物服务;家电电子卖场;数码电子,武侯区,104.021783,30.616991,1
佑源不锈钢铁器加工部,shopping,购物服务;购物相关场所;购物相关场所,武侯区,104.01402,30.615799,2
精修电动车,shopping,购物服务;购物相关场所;购物相关场所,武侯区,104.022323,30.611626,5
健尔弹(华泰四路),shopping,购物服务;服装鞋帽皮具店;服装鞋帽皮具店,武侯区,104.02079,30.618391,6
慢慢花卉,shopping,购物服务;专卖店;专营店,武侯区,104.022016,30.617639,2
武侯区刘涛办公家具经营部,shopping,购物服务;购物相关场所;购物相关场所,武侯区,104.016244,30.618065,1
ANT蚂蚁,shopping,购物服务;购物相关场所;购物相关场所,武侯区,104.029621,30.61416,2
维多利亚便利店(科园南路),shopping,购物服务;便民商店/便利店;便民商店/便利店,武侯区,104.027608,30.613246,1
极草5X,shopping,购物服务;购物相关场所;购物相关场所,武侯区,104.028038,30.617264,3
成南小卖部,shopping,购物服务;便民商店/便利店;便民商店/便利店,武侯区,104.031013,30.6122,1
易捷便利店(南三环路五段辅路),shopping,购物服务;便民商店/便利店;便民商店/便利店,武侯区,104.024755,30.611376,1
川喜集团采购中心,shopping,购物服务;购物相关场所;购物相关场所,武侯区,104.031979,30.61045,2
秀黛,shopping,购物服务;服装鞋帽皮具店;服装鞋帽皮具店,武侯区,104.035843,30.610711,73
coco时尚外贸,shopping,购物服务;服装鞋帽皮具店;服装鞋帽皮具店,武侯区,104.03341,30.612515,1
阳光馨昱花卉批发部,shopping,购物服务;专卖店;专营店,武侯区,104.024466,30.619034,1
格力(成都市城市照明管理处城南管理所东北),shopping,购物服务;家电电子卖场;家电电子卖场,武侯区,104.031331,30.613626,1
维奥101,shopping,购物服务;购物相关场所;购物相关场所,武侯区,104.026323,30.613659,1
秋水伊人,shopping,购物服务;购物相关场所;购物相关场所,武侯区,104.039203,30.614767,1
国酒茅台(中环路紫瑞大道段),shopping,购物服务;专卖店;烟酒专卖店,武侯区,104.03874,30.615091,1
玫瑰街法国茗酒会,shopping,购物服务;购物相关场所;购物相关场所,武侯区,104.039877,30.614563,1
成都宠世吉,shopping,购物服务;专卖店;宠物用品店,武侯区,104.038414,30.615608,1
金惠家,shopping,购物服务;购物相关场所;购物相关场所,武侯区,104.037249,30.615994,7
羽众不同,shopping,购物服务;体育用品店;体育用品店,武侯区,104.037768,30.613108,5
兰兰小店,shopping,购物服务;专卖店;儿童用品店,武侯区,104.04067,30.614479,7
世袭翡翠,shopping,购物服务;专卖店;珠宝首饰工艺品,武侯区,104.041583,30.616794,5
阳光超市,shopping,购物服务;购物相关场所;购物相关场所,武侯区,104.03962,30.611271,1
TCL电器,shopping,购物服务;购物相关场所;购物相关场所,武侯区,104.034553,30.614054,1
伟业酒水批发,shopping,购物服务;专卖店;烟酒专卖店,武侯区,104.039842,30.61065,2
巅峰商行,shopping,购物服务;专卖店;烟酒专卖店,武侯区,104.042262,30.617886,6
小小花朵,shopping,购物服务;购物相关场所;购物相关场所,武侯区,104.040363,30.609954,1
安瑞茗茶,shopping,购物服务;专卖店;专营店,武侯区,104.034713,30.610286,12
文辉,shopping,购物服务;购物相关场所;购物相关场所,武侯区,104.034503,30.618414,1
神仙客,shopping,购物服务;专卖店;烟酒专卖店,武侯区,104.042855,30.618808,1
山水经营部,shopping,购物服务;专卖店;烟酒专卖店,武侯区,104.04861,30.614742,2
军军恒鸿便利店,shopping,购物服务;便民商店/便利店;便民商店/便利店,武侯区,104.048319,30.613915,2
缦齐,shopping,购物服务;服装鞋帽皮具店;品牌服装店,武侯区,104.047181,30.61354,13
1919酒类直供超市(成都紫荆店),shopping,购物服务;专卖店;烟酒专卖店,武侯区,104.048666,30.613238,1
青木,shopping,购物服务;专卖店;专营店,武侯区,104.05208,30.615253,42
大闸蟹,shopping,购物服务;综合市场;水产海鲜市场,武侯区,104.051279,30.613093,19
竹叶青论道生活馆,shopping,购物服务;专卖店;专营店,武侯区,104.046037,30.615982,2
翠金楠,shopping,购物服务;专卖店;珠宝首饰工艺品,武侯区,104.04609,30.616538,1
蜀风尚品(紫荆店),shopping,购物服务;购物相关场所;购物相关场所,武侯区,104.05164,30.616104,1
华厦商店,shopping,购物服务;专卖店;烟酒专卖店,武侯区,104.045821,30.617294,7
翔宇便民服务店,shopping,购物服务;便民商店/便利店;便民商店/便利店,武侯区,104.053076,30.613986,1
紫衫鲜花坊,shopping,购物服务;花鸟鱼虫市场;花卉市场,武侯区,104.044817,30.616613,3
尚品时尚服饰店,shopping,购物服务;专卖店;专营店,武侯区,104.052401,30.616353,1
沐澜香橙,shopping,购物服务;购物相关场所;购物相关场所,武侯区,104.052091,30.617053,3
格力小家电,shopping,购物服务;购物相关场所;购物相关场所,武侯区,104.049535,30.610486,2
紫竹书吧,shopping,购物服务;专卖店;书店,武侯区,104.050961,30.617982,1
海燕鲜花,shopping,购物服务;花鸟鱼虫市场;花卉市场,武侯区,104.053961,30.614784,24
有方丰岛,shopping,购物服务;购物相关场所;购物相关场所,武侯区,104.046957,30.610305,2
邹哥机麻,shopping,购物服务;购物相关场所;购物相关场所,武侯区,104.053053,30.616632,1
大成草,shopping,购物服务;购物相关场所;购物相关场所,武侯区,104.045374,30.610513,3
个体经营,shopping,购物服务;购物相关场所;购物相关场所,武侯区,104.05314,30.61065,1
飞吻鲜花(神仙树店),shopping,购物服务;花鸟鱼虫市场;花卉市场,武侯区,104.049356,30.61686,1
益品网配送中心,shopping,购物服务;超级市场;超市,武侯区,104.053398,30.611787,1
欧成,shopping,购物服务;购物相关场所;购物相关场所,武侯区,104.061949,30.613032,120
杰丂,shopping,购物服务;购物相关场所;购物相关场所,武侯区,104.056848,30.613934,20
谷朵鲜花(桐梓林店),shopping,购物服务;专卖店;专营店,武侯区,104.057723,30.616684,2
媛媛副食店,shopping,购物服务;购物相关场所;购物相关场所,武侯区,104.055882,30.614674,1
CHELOO(新光路),shopping,购物服务;服装鞋帽皮具店;品牌服装店,武侯区,104.05532,30.61453,2
秋野原新光路店,shopping,购物服务;购物相关场所;购物相关场所,武侯区,104.055326,30.615483,4
百合花坊,shopping,购物服务;花鸟鱼虫市场;花卉市场,武侯区,104.055452,30.613022,6
花美多鲜花,shopping,购物服务;花鸟鱼虫市场;花卉市场,武侯区,104.057327,30.617206,2
芳草地超市(桐梓林南路),shopping,购物服务;便民商店/便利店;便民商店/便利店,武侯区,104.061912,30.61485,1
luckybeer幸运酒庄,shopping,购物服务;购物相关场所;购物相关场所,武侯区,104.060343,30.617042,1
伍田食品(桐梓林店),shopping,购物服务;购物相关场所;购物相关场所,武侯区,104.06144,30.616275,1
邀红,shopping,购物服务;服装鞋帽皮具店;服装鞋帽皮具店,武侯区,104.060675,30.617722,3
GMC中美仕家,shopping,购物服务;购物相关场所;购物相关场所,武侯区,104.056069,30.611384,1
合信奔宝豪车行,shopping,购物服务;购物相关场所;购物相关场所,武侯区,104.057091,30.610655,3
高新区咪咪超市,shopping,购物服务;购物相关场所;购物相关场所,武侯区,104.054708,30.612006,5
茶机麻,shopping,购物服务;购物相关场所;购物相关场所,武侯区,104.059673,30.610196,12
传奇邮币卡中心,shopping,购物服务;购物相关场所;购物相关场所,武侯区,104.060598,30.610682,3
锦耀便利店,shopping,购物服务;便民商店/便利店;便民商店/便利店,武侯区,104.05623,30.6106,3
艾米,shopping,购物服务;购物相关场所;购物相关场所,武侯区,104.064009,30.615019,14
法国宝丽嘉酒庄,shopping,购物服务;购物相关场所;购物相关场所,武侯区,104.063373,30.616196,2
李二姐麻将,shopping,购物服务;购物相关场所;购物相关场所,武侯区,104.053652,30.616226,1
绿卉草业,shopping,购物服务;专卖店;专营店,武侯区,104.062183,30.610635,9
靓彩依人,shopping,购物服务;购物相关场所;购物相关场所,武侯区,104.053879,30.616924,1
鑫悦超市,shopping,购物服务;购物相关场所;购物相关场所,武侯区,104.054568,30.610777,1
L.studio,shopping,购物服务;服装鞋帽皮具店;品牌服装店,武侯区,104.061973,30.618729,5
邀红服饰设计工作室,shopping,购物服务;购物相关场所;购物相关场所,武侯区,104.062849,30.618362,1
洪伟干杂,shopping,购物服务;购物相关场所;购物相关场所,武侯区,104.063373,30.610384,7
四川省贵香液酒业有限公司,shopping,购物服务;专卖店;烟酒专卖店,武侯区,104.06304,30.61886,2
依瑞德体育,shopping,购物服务;体育用品店;户外用品,武侯区,104.059312,30.617475,1
心成鲜花,shopping,购物服务;花鸟鱼虫市场;花卉市场,武侯区,104.058145,30.612078,1
苹果零售店(紫竹北街),shopping,购物服务;家电电子卖场;手机销售,武侯区,104.054352,30.618649,1
安全套自动售货机,shopping,购物服务;购物相关场所;购物相关场所,武侯区,104.069156,30.614257,1
衣藏,shopping,购物服务;服装鞋帽皮具店;服装鞋帽皮具店,武侯区,104.071349,30.614538,73
瑞尚馆,shopping,购物服务;服装鞋帽皮具店;服装鞋帽皮具店,武侯区,104.069867,30.612866,37
翠溪食品便利店,shopping,购物服务;便民商店/便利店;便民商店/便利店,武侯区,104.066477,30.614204,3
浙文眼镜(新希望店),shopping,购物服务;专卖店;眼镜店,武侯区,104.069351,30.616273,5
长寿苑十街坊菜市场,shopping,购物服务;购物相关场所;购物相关场所,武侯区,104.070539,30.613234,2
CARSTENWORKetc,shopping,购物服务;购物相关场所;购物相关场所,武侯区,104.068176,30.616815,2
迪薇娜软装布艺工作室,shopping,购物服务;购物相关场所;购物相关场所,武侯区,104.06604,30.613247,2
亚朵母婴俱乐部(桐梓林店),shopping,购物服务;购物相关场所;购物相关场所,武侯区,104.065878,30.614992,1
小主持,shopping,购物服务;购物相关场所;购物相关场所,武侯区,104.071147,30.615073,1
优品宅配,shopping,购物服务;购物相关场所;购物相关场所,武侯区,104.068845,30.616792,1
吴记便民店,shopping,购物服务;购物相关场所;购物相关场所,武侯区,104.066863,30.616793,7
玩聚,shopping,购物服务;购物相关场所;购物相关场所,武侯区,104.070147,30.617416,25
康泰超市(中环路火车南站东路段),shopping,购物服务;便民商店/便利店;便民商店/便利店,武侯区,104.066247,30.61244,1
LIAN,shopping,购物服务;购物相关场所;购物相关场所,武侯区,104.071183,30.616316,3
瑞尔,shopping,购物服务;购物相关场所;购物相关场所,武侯区,104.065073,30.614932,2
红之蓝,shopping,购物服务;购物相关场所;购物相关场所,武侯区,104.06516,30.613232,2
莎菲雅,shopping,购物服务;购物相关场所;购物相关场所,武侯区,104.064968,30.614482,1
爱仕达批发团购定制礼品福利品,shopping,购物服务;购物相关场所;购物相关场所,武侯区,104.065567,30.612696,1
雷朋钓具,shopping,购物服务;专卖店;专营店,武侯区,104.0701,30.611439,7
四海机麻,shopping,购物服务;购物相关场所;购物相关场所,武侯区,104.070976,30.612116,1
旺旺小食部,shopping,购物服务;便民商店/便利店;便民商店/便利店,武侯区,104.065014,30.615735,3
b·b·s璇霄艺塾,shopping,购物服务;购物相关场所;购物相关场所,武侯区,104.071321,30.616819,1
肆谊厨品,shopping,购物服务;购物相关场所;购物相关场所,武侯区,104.068333,30.61793,10
爱吧,shopping,购物服务;服装鞋帽皮具店;服装鞋帽皮具店,武侯区,104.071783,30.61198,19
二娃美妆店,shopping,购物服务;专卖店;专营店,武侯区,104.065401,30.616949,11
精品服饰,shopping,购物服务;服装鞋帽皮具店;服装鞋帽皮具店,武侯区,104.069008,30.610782,4
南站干杂部,shopping,购物服务;便民商店/便利店;便民商店/便利店,武侯区,104.066296,30.61123,1
陈记百货,shopping,购物服务;购物相关场所;购物相关场所,武侯区,104.067113,30.610822,2
iTrip爱去自由,shopping,购物服务;购物相关场所;购物相关场所,武侯区,104.066384,30.61795,3
国藏酒庄(人民南路店),shopping,购物服务;专卖店;烟酒专卖店,武侯区,104.06532,30.611541,2
水物语,shopping,购物服务;购物相关场所;购物相关场所,武侯区,104.072842,30.612596,2
WOWO便利店(桐梓林中路),shopping,购物服务;便民商店/便利店;便民商店/便利店,武侯区,104.064129,30.616108,1
1520酒吧,shopping,体育休闲服务;娱乐场所;酒吧|购物服务;便民商店/便利店;便民商店/便利店,武侯区,104.072644,30.616138,2
唯咖啡(航空路店),shopping,购物服务;购物相关场所;购物相关场所,武侯区,104.069109,30.618567,1
南站超市(人民南路四段),shopping,购物服务;便民商店/便利店;便民商店/便利店,武侯区,104.0643,30.611981,2
平价蔬菜水果,shopping,购物服务;综合市场;综合市场,武侯区,104.072703,30.616892,5
江龙领水,shopping,购物服务;购物相关场所;购物相关场所,武侯区,104.072036,30.617444,2
意酒会,shopping,购物服务;专卖店;烟酒专卖店,武侯区,104.070762,30.61869,22
干杂店,shopping,购物服务;便民商店/便利店;便民商店/便利店,武侯区,104.073545,30.612775,3
CTF,shopping,购物服务;购物相关场所;购物相关场所,武侯区,104.06418,30.616955,2
红光电气,shopping,购物服务;购物相关场所;购物相关场所,武侯区,104.065396,30.61838,5
新南丰冷食配送中心,shopping,购物服务;综合市场;农副产品市场,武侯区,104.072439,30.611169,6
美美,shopping,购物服务;服装鞋帽皮具店;服装鞋帽皮具店,武侯区,104.072477,30.618343,45
和信黄佳,shopping,购物服务;购物相关场所;购物相关场所,武侯区,104.073127,30.610303,3
独家爆料,shopping,购物服务;购物相关场所;购物相关场所,武侯区,104.063619,30.619308,4
中华商业广场,shopping,购物服务;商场;普通商场,武侯区,104.063894,30.611453,1
叁意花艺,shopping,购物服务;花鸟鱼虫市场;花卉市场,武侯区,104.065535,30.619354,1
喜韵花派,shopping,购物服务;花鸟鱼虫市场;花卉市场,武侯区,104.065669,30.614402,1
果味鲜,shopping,购物服务;综合市场;果品市场,武侯区,104.080006,30.614949,85
果子鲜(高攀店),shopping,购物服务;综合市场;果品市场,武侯区,104.079068,30.613502,6
正科干杂店,shopping,购物服务;专卖店;烟酒专卖店|购物服务;便民商店/便利店;便民商店/便利店,武侯区,104.079882,30.614191,2
畹町,shopping,购物服务;购物相关场所;购物相关场所,武侯区,104.076928,30.615217,8
高翔便民店,shopping,购物服务;便民商店/便利店;便民商店/便利店,武侯区,104.079438,30.612892,4
海悦超市,shopping,购物服务;便民商店/便利店;便民商店/便利店,武侯区,104.077358,30.616029,1
娆美,shopping,购物服务;专卖店;专营店,武侯区,104.07544,30.61405,10
邛崃酒厂纯高粱白酒直销处,shopping,购物服务;购物相关场所;购物相关场所,武侯区,104.077782,30.616295,1
吉尔达,shopping,购物服务;服装鞋帽皮具店;服装鞋帽皮具店,武侯区,104.079088,30.611206,25
95粽月商城,shopping,购物服务;购物相关场所;购物相关场所,武侯区,104.077603,30.612019,2
第一时间,shopping,购物服务;购物相关场所;购物相关场所,武侯区,104.077801,30.611294,15
贝迪堡,shopping,购物服务;专卖店;儿童用品店,武侯区,104.075369,30.615112,9
芳莎便民经营部,shopping,购物服务;便民商店/便利店;便民商店/便利店,武侯区,104.077744,30.617092,2
百佳便利店,shopping,购物服务;便民商店/便利店;便民商店/便利店,武侯区,104.079887,30.61689,3
伯爵宠物乐园,shopping,购物服务;专卖店;宠物用品店|购物服务;花鸟鱼虫市场;宠物市场,武侯区,104.076454,30.612013,3
窗帘石材,shopping,购物服务;购物相关场所;购物相关场所,武侯区,104.07695,30.618466,21
五一八副食店,shopping,购物服务;便民商店/便利店;便民商店/便利店,武侯区,104.08212,30.613214,7
吾心时代,shopping,购物服务;服装鞋帽皮具店;服装鞋帽皮具店,武侯区,104.075164,30.612953,2
付瓜子,shopping,购物服务;综合市场;果品市场,武侯区,104.079933,30.618418,32
阳澄湖大闸蟹,shopping,购物服务;综合市场;水产海鲜市场,武侯区,104.075015,30.616179,3
菩提蛮,shopping,购物服务;专卖店;珠宝首饰工艺品,武侯区,104.080713,30.61752,1
果品会,shopping,购物服务;综合市场;果品市场,武侯区,104.075447,30.611652,9
天临影视,shopping,购物服务;购物相关场所;购物相关场所,武侯区,104.078494,30.610328,4
无玺商贸,shopping,购物服务;购物相关场所;购物相关场所,武侯区,104.074983,30.617215,7
奥索卡专柜,shopping,购物服务;购物相关场所;购物相关场所,武侯区,104.074419,30.616312,1
怡宝水业,shopping,购物服务;专卖店;专营店,武侯区,104.074399,30.612447,1
老邻居(长寿店),shopping,购物服务;便民商店/便利店;便民商店/便利店,武侯区,104.074142,30.612887,1
一道手酒行,shopping,购物服务;专卖店;烟酒专卖店,武侯区,104.074463,30.611706,6
龍帅,shopping,购物服务;购物相关场所;购物相关场所,武侯区,104.075854,30.610491,3
金典矿泉水,shopping,购物服务;购物相关场所;购物相关场所,武侯区,104.082656,30.611203,7
007超市(魏玛店),shopping,购物服务;便民商店/便利店;便民商店/便利店,武侯区,104.079671,30.609853,1
临建附属房,shopping,购物服务;购物相关场所;购物相关场所,武侯区,104.081288,30.609916,2
紫z兰,shopping,购物服务;购物相关场所;购物相关场所,武侯区,104.073945,30.617867,5
9010便利店,shopping,购物服务;便民商店/便利店;便民商店/便利店,武侯区,104.073788,30.611182,5
杰莹食品,shopping,购物服务;便民商店/便利店;便民商店/便利店,武侯区,104.080509,30.619364,1
宜便超市,shopping,购物服务;便民商店/便利店;便民商店/便利店,武侯区,104.073667,30.610553,1
野谷裡时尚花艺·生活馆,shopping,购物服务;花鸟鱼虫市场;花卉市场,武侯区,104.080248,30.610182,1
爰思慕,shopping,购物服务;购物相关场所;购物相关场所,锦江区,104.089866,30.615569,39
金海岸,shopping,购物服务;专卖店;礼品饰品店,锦江区,104.087174,30.614632,20
米娜丽甲(翡翠城店),shopping,购物服务;专卖店;专营店,锦江区,104.089499,30.613815,1
逸家食品便利店,shopping,购物服务;便民商店/便利店;便民商店/便利店,锦江区,104.088151,30.613198,3
欧汇,shopping,购物服务;服装鞋帽皮具店;服装鞋帽皮具店,锦江区,104.090044,30.61323,35
心语花坊,shopping,购物服务;花鸟鱼虫市场;花卉市场,锦江区,104.087623,30.615664,2
昌恒通讯,shopping,购物服务;购物相关场所;购物相关场所,锦江区,104.089823,30.616116,2
蜡烛diy浪漫浮水蜡,shopping,购物服务;购物相关场所;购物相关场所,锦江区,104.090932,30.613838,2
链家(翡翠城店),shopping,购物服务;购物相关场所;购物相关场所,锦江区,104.090907,30.615061,1
白酒体验馆,shopping,购物服务;购物相关场所;购物相关场所,锦江区,104.091699,30.614297,1
田舍,shopping,购物服务;购物相关场所;购物相关场所,锦江区,104.091867,30.613569,3
景华金鑫商贸,shopping,购物服务;购物相关场所;购物相关场所,锦江区,104.091051,30.612407,1
默香酒业,shopping,购物服务;专卖店;专营店,锦江区,104.08954,30.617226,1
河沙水泥,shopping,购物服务;购物相关场所;购物相关场所,锦江区,104.091037,30.616891,7
MOMO,shopping,购物服务;购物相关场所;购物相关场所,锦江区,104.091818,30.616044,2
手工香皂Diy,shopping,购物服务;购物相关场所;购物相关场所,锦江区,104.092563,30.613965,4
禧画廊,shopping,购物服务;购物相关场所;购物相关场所,锦江区,104.085361,30.616571,1
优加—玩逸(diy店),shopping,购物服务;购物相关场所;购物相关场所,锦江区,104.092511,30.615687,1
菜篮子,shopping,购物服务;购物相关场所;购物相关场所,锦江区,104.091828,30.617091,2
美乐皮具美容,shopping,购物服务;服装鞋帽皮具店;服装鞋帽皮具店,锦江区,104.089879,30.618137,2
香皂diy-皂出不一样的世界,shopping,购物服务;购物相关场所;购物相关场所,锦江区,104.093015,30.615424,1
经纬鲜花,shopping,购物服务;花鸟鱼虫市场;花卉市场,锦江区,104.092365,30.616588,3
果山,shopping,购物服务;综合市场;果品市场,锦江区,104.090719,30.6184,10
红旗超市(华润路便利店),shopping,购物服务;便民商店/便利店;便民商店/便利店,锦江区,104.092587,30.617265,2
可以自己动手蜡烛的手工,shopping,购物服务;购物相关场所;购物相关场所,锦江区,104.093162,30.616464,2
diy(手工制作店),shopping,购物服务;购物相关场所;购物相关场所,锦江区,104.093361,30.617166,1
艾蔍思,shopping,购物服务;购物相关场所;购物相关场所,锦江区,104.092523,30.609451,4
红旗超市(高翔东路分场),shopping,购物服务;超级市场;超市,武侯区,104.083684,30.61103,1
吉花王国,shopping,购物服务;花鸟鱼虫市场;花卉市场,锦江区,104.090526,30.614407,1
婴皇baby,shopping,购物服务;专卖店;儿童用品店,锦江区,104.099119,30.614578,9
佳祥通讯,shopping,购物服务;家电电子卖场;手机销售,锦江区,104.09832,30.613343,6
肥牛仔,shopping,购物服务;购物相关场所;购物相关场所,锦江区,104.097705,30.615053,1
上进食品超市,shopping,购物服务;专卖店;烟酒专卖店|购物服务;便民商店/便利店;便民商店/便利店,锦江区,104.099833,30.61358,2
亮眼睛,shopping,购物服务;专卖店;专营店,锦江区,104.098275,30.611894,33
成都壹贰叁锁业公司(金象店),shopping,购物服务;专卖店;专营店,锦江区,104.096872,30.613192,1
重点学府,shopping,购物服务;专卖店;书店,锦江区,104.100812,30.615499,2
天九典当行,shopping,购物服务;特殊买卖场所;典当行,锦江区,104.101738,30.614899,7
皇家宠物食品,shopping,购物服务;购物相关场所;购物相关场所,锦江区,104.096755,30.61715,2
沁圆号,shopping,购物服务;专卖店;专营店,锦江区,104.102098,30.614096,1
全興,shopping,购物服务;专卖店;专营店,锦江区,104.09832,30.610098,61
玖和批发超市,shopping,购物服务;超级市场;超市,锦江区,104.102696,30.613628,3
Z+,shopping,购物服务;服装鞋帽皮具店;服装鞋帽皮具店,锦江区,104.094542,30.610221,11
房晨辉店,shopping,购物服务;购物相关场所;购物相关场所,锦江区,104.10027,30.609361,3
红旗超市(晨辉路便利店),shopping,购物服务;超级市场;超市,锦江区,104.100908,30.613523,1
晨辉社区文明便民服务点,shopping,购物服务;综合市场;蔬菜市场|生活服务;生活服务场所;生活服务场所,锦江区,104.104754,30.615431,1
川音乐器(静安路),shopping,购物服务;专卖店;专营店,锦江区,104.11226,30.614255,1
昆仑好客便利店(静安路),shopping,购物服务;便民商店/便利店;便民商店/便利店,锦江区,104.11046,30.617337,1
观音桥菜市场,shopping,购物服务;综合市场;综合市场,锦江区,104.104882,30.616006,1
澳洲棉墙,shopping,购物服务;购物相关场所;购物相关场所,锦江区,104.104056,30.613423,6
好惠多(海伦商务酒店西北),shopping,购物服务;便民商店/便利店;便民商店/便利店,锦江区,104.111564,30.611641,1
箱柜,shopping,购物服务;购物相关场所;购物相关场所,锦江区,104.11324,30.614272,11
好鲜美蔬菜水果超市,shopping,购物服务;综合市场;蔬菜市场,锦江区,104.113228,30.613524,2
成都尊瑞商贸有限公司(静平路),shopping,购物服务;专卖店;烟酒专卖店,锦江区,104.104636,30.611931,1
尚丰国际珠宝,shopping,购物服务;专卖店;珠宝首饰工艺品,锦江区,104.110968,30.618215,1
视立明,shopping,购物服务;购物相关场所;购物相关场所,锦江区,104.111248,30.619016,10
雅郡便民店,shopping,购物服务;便民商店/便利店;便民商店/便利店,锦江区,104.112483,30.61092,3
晨光文具(志成店),shopping,购物服务;文化用品店;文化用品店,锦江区,104.111612,30.610496,1
晨光文具(鸿亮店),shopping,购物服务;文化用品店;文化用品店,锦江区,104.11246,30.618599,1
学子超市(北门店),shopping,购物服务;便民商店/便利店;便民商店/便利店|购物服务;超级市场;超市,锦江区,104.120039,30.615856,2
E龙,shopping,购物服务;专卖店;礼品饰品店,锦江区,104.121378,30.614066,23
动漫屋文具,shopping,购物服务;文化用品店;文化用品店,锦江区,104.120775,30.616515,11
红旗超市(菱安路),shopping,购物服务;超级市场;超市,锦江区,104.115394,30.612414,2
学子超市(桃李店),shopping,购物服务;便民商店/便利店;便民商店/便利店,锦江区,104.122242,30.613159,1
学子超市(榕园店),shopping,购物服务;便民商店/便利店;便民商店/便利店,锦江区,104.122355,30.615624,1
干杂店,shopping,购物服务;便民商店/便利店;便民商店/便利店,锦江区,104.122939,30.613878,19
布拉格,shopping,购物服务;购物相关场所;购物相关场所,锦江区,104.121149,30.611421,16
红旗超市(川师大分场),shopping,购物服务;超级市场;超市,锦江区,104.120344,30.611072,3
樽尚超市,shopping,购物服务;超级市场;超市,锦江区,104.114519,30.612754,1
香香超市,shopping,购物服务;购物相关场所;购物相关场所,锦江区,104.120738,30.617898,2
红宇超市,shopping,购物服务;超级市场;超市,锦江区,104.119316,30.618372,3
学子书吧,shopping,购物服务;专卖店;书店,锦江区,104.121862,30.611501,1
成都雀联机麻超市,shopping,购物服务;购物相关场所;购物相关场所,锦江区,104.117168,30.61048,1
依佳超市(花园街),shopping,购物服务;超级市场;超市,锦江区,104.117031,30.61854,1
三味书屋,shopping,购物服务;专卖店;书店,锦江区,104.118891,30.618817,1
多点超市,shopping,购物服务;便民商店/便利店;便民商店/便利店,锦江区,104.116941,30.609878,3
康尔夫超市,shopping,购物服务;购物相关场所;购物相关场所,锦江区,104.122962,30.61156,2
万事吉水站,shopping,购物服务;专卖店;专营店,锦江区,104.121168,30.610029,2
乐万家超市(劼人路),shopping,购物服务;便民商店/便利店;便民商店/便利店,锦江区,104.121964,30.618385,1
手机专卖华杰通讯,shopping,购物服务;购物相关场所;购物相关场所,锦江区,104.120027,30.619285,1
三期监控,shopping,购物服务;购物相关场所;购物相关场所,锦江区,104.114129,30.617836,1
8MM,shopping,购物服务;购物相关场所;购物相关场所,锦江区,104.114708,30.610053,14
春娟黄芪(理想无限春娟面膜),shopping,购物服务;购物相关场所;购物相关场所,锦江区,104.122515,30.618376,1
依姿·秀,shopping,购物服务;服装鞋帽皮具店;服装鞋帽皮具店,锦江区,104.1149,30.618708,2
老邻居(川师店),shopping,购物服务;便民商店/便利店;便民商店/便利店,锦江区,104.122288,30.618828,2
他她士多超市(花园街店),shopping,购物服务;便民商店/便利店;便民商店/便利店,锦江区,104.11414,30.618769,1
顺发百货(劼人路),shopping,购物服务;便民商店/便利店;便民商店/便利店,锦江区,104.122571,30.61929,1
乐购果蔬,shopping,购物服务;综合市场;蔬菜市场,锦江区,104.115796,30.612873,1
真人CS野战设备,shopping,购物服务;体育用品店;户外用品,锦江区,104.114017,30.609439,1
燕燕花艺,shopping,购物服务;花鸟鱼虫市场;花卉市场,锦江区,104.117134,30.615413,1
瓜瓜,shopping,购物服务;综合市场;农副产品市场,锦江区,104.129497,30.613166,54
爱英宠物(中环路锦绣大道段),shopping,购物服务;专卖店;宠物用品店,锦江区,104.127438,30.615246,1
广百圆,shopping,购物服务;服装鞋帽皮具店;服装鞋帽皮具店,锦江区,104.131141,30.615616,30
市场出去口,shopping,购物服务;购物相关场所;购物相关场所,锦江区,104.126273,30.615507,12
鑫富东商城,shopping,购物服务;购物相关场所;购物相关场所,锦江区,104.130091,30.61214,1
金忠,shopping,购物服务;购物相关场所;购物相关场所,锦江区,104.127915,30.610935,136
邻距离日用品,shopping,购物服务;专卖店;专营店|购物服务;个人用品/化妆品店;其它个人用品店,锦江区,104.131397,30.612297,8
烟酒超市,shopping,购物服务;购物相关场所;购物相关场所,锦江区,104.129865,30.610982,5
自强饰品店,shopping,购物服务;专卖店;礼品饰品店,锦江区,104.130759,30.611509,1
又一家杂货店,shopping,购物服务;便民商店/便利店;便民商店/便利店,锦江区,104.133112,30.613435,4
德阳黄豆酱油,shopping,购物服务;综合市场;农副产品市场,锦江区,104.123903,30.61563,2
亿源茗茶(国槐街店),shopping,购物服务;购物相关场所;购物相关场所,锦江区,104.126886,30.610292,1
冯记高粱酒,shopping,购物服务;专卖店;烟酒专卖店,锦江区,104.123748,30.616335,2
茶机麻,shopping,购物服务;购物相关场所;购物相关场所,锦江区,104.131426,30.610892,2
靓优美,shopping,购物服务;购物相关场所;购物相关场所,锦江区,104.124003,30.617486,13
爱婴堂(海桐店),shopping,购物服务;专卖店;儿童用品店,锦江区,104.126444,30.609561,3
佳BUTTER,shopping,购物服务;购物相关场所;购物相关场所,锦江区,104.133512,30.611427,2
点缀,shopping,购物服务;购物相关场所;购物相关场所,锦江区,104.13401,30.61095,21
完师车行,shopping,购物服务;专卖店;自行车专卖店,锦江区,104.133198,30.609624,3
鸿鑫干货,shopping,购物服务;综合市场;农副产品市场,锦江区,104.123691,30.619257,1
阳阳文具(蝶花街),shopping,购物服务;文化用品店;文化用品店,锦江区,104.131405,30.613885,2
点点文具(蝶花街),shopping,购物服务;文化用品店;文化用品店,锦江区,104.131864,30.613581,1
三三超市,shopping,购物服务;超级市场;超市,锦江区,104.127747,30.609738,1
贝特猫鲜花店(丽景广场工作室),shopping,购物服务;花鸟鱼虫市场;花卉市场,锦江区,104.130761,30.610713,1
红旗超市(锦绣大道便利店),shopping,购物服务;超级市场;超市,锦江区,104.126215,30.613955,1
万芊,shopping,购物服务;购物相关场所;购物相关场所,锦江区,104.136325,30.615189,1
老妈副食店,shopping,购物服务;便民商店/便利店;便民商店/便利店,锦江区,104.13586,30.614832,2
友邻副食便利店,shopping,购物服务;便民商店/便利店;便民商店/便利店,锦江区,104.139686,30.612037,2
曹大干杂店,shopping,购物服务;便民商店/便利店;便民商店/便利店,锦江区,104.140732,30.611809,6
懒虫小店,shopping,购物服务;便民商店/便利店;便民商店/便利店,锦江区,104.139677,30.610513,6
金信首饰,shopping,购物服务;购物相关场所;购物相关场所,锦江区,104.134537,30.612639,5
都市农夫生鲜(樱花街店),shopping,购物服务;综合市场;农副产品市场,锦江区,104.141935,30.611061,1
快乐英雄水果超市,shopping,购物服务;综合市场;果品市场,锦江区,104.140619,30.610276,3
天天超市,shopping,购物服务;购物相关场所;购物相关场所,锦江区,104.139502,30.609867,1
社区书屋,shopping,购物服务;专卖店;专营店,锦江区,104.134463,30.617847,1
油爱米超市(红豆树街店),shopping,购物服务;超级市场;超市,锦江区,104.138151,30.610412,1
智豪超市,shopping,购物服务;超级市场;超市,锦江区,104.135357,30.615797,1
链家(绿地468店),shopping,购物服务;购物相关场所;购物相关场所,锦江区,104.145058,30.609722,1
华联超市,shopping,购物服务;便民商店/便利店;便民商店/便利店,武侯区,103.96913,30.60501,2
茶.机麻,shopping,购物服务;购物相关场所;购物相关场所,武侯区,103.968782,30.604079,1
浩登鞋材,shopping,购物服务;专卖店;专营店,武侯区,103.968951,30.603642,6
红运超市,shopping,购物服务;便民商店/便利店;便民商店/便利店,武侯区,103.970521,30.603979,1
鑫发副食店(金花分店),shopping,购物服务;便民商店/便利店;便民商店/便利店,武侯区,103.970195,30.603405,1
汽车电器,shopping,购物服务;家电电子卖场;家电电子卖场,武侯区,103.966526,30.605085,2
柠都1+1超市,shopping,购物服务;便民商店/便利店;便民商店/便利店,武侯区,103.966453,30.604236,4
好乐多副食店,shopping,购物服务;专卖店;专营店,武侯区,103.970957,30.603072,4
永顺机电经营维修,shopping,购物服务;专卖店;专营店,武侯区,103.966229,30.605551,1
星星套装门,shopping,购物服务;购物相关场所;购物相关场所,武侯区,103.969996,30.607251,1
皇品茗茶,shopping,购物服务;专卖店;专营店,武侯区,103.965947,30.60696,34
军品劳保批发零售,shopping,购物服务;专卖店;专营店,武侯区,103.970997,30.607288,1
瑞丰超市,shopping,购物服务;便民商店/便利店;便民商店/便利店,武侯区,103.971358,30.602192,4
鑫和润滑油,shopping,购物服务;专卖店;专营店,武侯区,103.965863,30.602318,2
左姐批发,shopping,购物服务;便民商店/便利店;便民商店/便利店,武侯区,103.966062,30.607966,13
都市丽,shopping,购物服务;购物相关场所;购物相关场所,武侯区,103.974104,30.605152,15
荣升商贸,shopping,购物服务;专卖店;专营店,武侯区,103.973172,30.60628,2
老熟人副食超市,shopping,购物服务;便民商店/便利店;便民商店/便利店,武侯区,103.972257,30.601812,1
雀峰全自动麻将机专卖,shopping,购物服务;专卖店;专营店,武侯区,103.972798,30.602043,1
充电点(簇桥店),shopping,购物服务;购物相关场所;购物相关场所,武侯区,103.972561,30.6079,1
懒虫小店鲜又多分店,shopping,购物服务;购物相关场所;购物相关场所,武侯区,103.968061,30.609508,1
江安渔具,shopping,购物服务;专卖店;专营店,武侯区,103.965977,30.60889,4
隆华,shopping,购物服务;服装鞋帽皮具店;服装鞋帽皮具店,武侯区,103.977516,30.605427,130
方牌,shopping,购物服务;购物相关场所;购物相关场所,武侯区,103.980662,30.600833,683
亮彩家居,shopping,购物服务;购物相关场所;购物相关场所,武侯区,103.981142,30.605587,5
武俊男鞋工厂店,shopping,购物服务;服装鞋帽皮具店;服装鞋帽皮具店,武侯区,103.975651,30.604373,4
五骏鞋业,shopping,购物服务;专卖店;专营店,武侯区,103.975544,30.605026,2
尚恩商贸,shopping,购物服务;购物相关场所;购物相关场所,武侯区,103.976625,30.606646,1
道和系统,shopping,购物服务;购物相关场所;购物相关场所,武侯区,103.981995,30.605654,7
青木堂,shopping,购物服务;购物相关场所;购物相关场所,武侯区,103.977789,30.608521,53
笨鸟学车簇桥店,shopping,购物服务;购物相关场所;购物相关场所,武侯区,103.980392,30.607357,1
鞋门,shopping,购物服务;服装鞋帽皮具店;服装鞋帽皮具店,武侯区,103.975716,30.601545,84
隆昌玻璃,shopping,购物服务;购物相关场所;购物相关场所,武侯区,103.974883,30.605593,2
今丽鞋业,shopping,购物服务;专卖店;专营店,武侯区,103.974658,30.604205,1
缇塔旗舰店,shopping,购物服务;购物相关场所;购物相关场所,武侯区,103.974802,30.603554,1
世纪至尊,shopping,购物服务;服装鞋帽皮具店;服装鞋帽皮具店,武侯区,103.983341,30.603396,3
兔子杰罗,shopping,购物服务;购物相关场所;购物相关场所,武侯区,103.983741,30.604233,8
美祺美家居网,shopping,购物服务;购物相关场所;购物相关场所,武侯区,103.982974,30.607208,1
金益鞋业(金履二路),shopping,购物服务;服装鞋帽皮具店;服装鞋帽皮具店,武侯区,103.975993,30.608437,1
福丽会,shopping,购物服务;购物相关场所;购物相关场所,武侯区,103.983322,30.601856,1
锦江区京玺家具经营部,shopping,购物服务;购物相关场所;购物相关场所,武侯区,103.982402,30.608574,1
汇金广场,shopping,购物服务;商场;购物中心,武侯区,103.983095,30.601093,4
懒猫超市,shopping,购物服务;购物相关场所;购物相关场所,武侯区,103.983415,30.608536,2
哆宝逗宠物,shopping,购物服务;专卖店;宠物用品店,武侯区,103.983216,30.609132,2
享洋暖通,shopping,购物服务;购物相关场所;购物相关场所,武侯区,103.98254,30.609615,2
靓点日化,shopping,购物服务;个人用品/化妆品店;其它个人用品店,武侯区,103.974796,30.60102,2
遂宁超市,shopping,购物服务;便民商店/便利店;便民商店/便利店,武侯区,103.97477,30.600528,1
武侯鞋都3期,shopping,购物服务;商场;普通商场,武侯区,103.980202,30.600461,1
顺鑫超市,shopping,购物服务;便民商店/便利店;便民商店/便利店,武侯区,103.974844,30.599847,1
左记超市,shopping,购物服务;便民商店/便利店;便民商店/便利店,武侯区,103.979787,30.609501,1
格力电器全国4S专卖店(智达二路),shopping,购物服务;家电电子卖场;家电电子卖场,武侯区,103.983311,30.605689,1
佳佳乐超市(绿地圣路易名邸西),shopping,购物服务;超级市场;超市,武侯区,103.981367,30.609104,1
6 6超市,shopping,购物服务;购物相关场所;购物相关场所,武侯区,103.981451,30.609606,1
八益材料装饰城,shopping,购物服务;购物相关场所;购物相关场所,武侯区,103.981776,30.60735,1
妙集服饰,shopping,购物服务;购物相关场所;购物相关场所,武侯区,103.982423,30.603316,2
杨姐兔丁,shopping,购物服务;专卖店;专营店,武侯区,103.98993,30.604082,15
新飞家用电器(望锦中街),shopping,购物服务;家电电子卖场;综合家电商场,武侯区,103.987764,30.604764,2
健文超市,shopping,购物服务;便民商店/便利店;便民商店/便利店,武侯区,103.986558,30.604211,11
汇成超市,shopping,购物服务;便民商店/便利店;便民商店/便利店,武侯区,103.987859,30.60585,4
武侯区治文干杂店,shopping,购物服务;便民商店/便利店;便民商店/便利店,武侯区,103.986817,30.605214,7
蓉时钟表,shopping,购物服务;专卖店;钟表店,武侯区,103.992103,30.60447,25
卡美帝,shopping,购物服务;购物相关场所;购物相关场所,武侯区,103.985984,30.605804,11
李水箱,shopping,购物服务;专卖店;专营店,武侯区,103.985932,30.603284,5
百爵珠宝,shopping,购物服务;专卖店;珠宝首饰工艺品,武侯区,103.985626,30.60471,1
欧尚超市(川藏店),shopping,购物服务;超级市场;超市,武侯区,103.985198,30.603985,3
听香筑茶府,shopping,购物服务;专卖店;专营店|餐饮服务;茶艺馆;茶艺馆,武侯区,103.991292,30.601744,3
鑫鸿裤业,shopping,购物服务;服装鞋帽皮具店;服装鞋帽皮具店,武侯区,103.989898,30.600513,8
茜施尔内衣店,shopping,购物服务;服装鞋帽皮具店;服装鞋帽皮具店,武侯区,103.984601,30.603793,3
卓诗尼专柜,shopping,购物服务;购物相关场所;购物相关场所,武侯区,103.985052,30.602631,1
通康超市,shopping,购物服务;超级市场;超市,武侯区,103.988962,30.608667,9
竹根锅炉,shopping,购物服务;专卖店;专营店,武侯区,103.991115,30.601104,3
思念鲜花(武侯店),shopping,购物服务;专卖店;专营店,武侯区,103.985073,30.602156,1
文妈外(双楠店),shopping,购物服务;服装鞋帽皮具店;服装鞋帽皮具店,武侯区,103.985342,30.607465,1
三婆店,shopping,购物服务;购物相关场所;购物相关场所,武侯区,103.992522,30.601646,4
长威电池,shopping,购物服务;专卖店;专营店,武侯区,103.992691,30.601094,11
益民CNG便利店,shopping,购物服务;便民商店/便利店;便民商店/便利店,武侯区,103.984845,30.601346,2
凤凰自行车,shopping,购物服务;专卖店;自行车专卖店,武侯区,103.988122,30.609396,1
汽车电瓶车电瓶,shopping,购物服务;专卖店;专营店,武侯区,103.993844,30.601873,4
水果汇,shopping,购物服务;综合市场;综合市场,武侯区,103.984363,30.608632,20
晟宇通讯店,shopping,购物服务;家电电子卖场;手机销售,武侯区,103.989352,30.599414,13
泰莫斯润滑油,shopping,购物服务;购物相关场所;购物相关场所,武侯区,103.985967,30.600129,2
成都皮革城,shopping,购物服务;服装鞋帽皮具店;服装鞋帽皮具店|购物服务;专卖店;专营店,武侯区,103.985142,30.600293,1
惠民便利店(新苗东街),shopping,购物服务;便民商店/便利店;便民商店/便利店,武侯区,103.99247,30.599845,2
中国石油加油站-便利店,shopping,购物服务;便民商店/便利店;便民商店/便利店,武侯区,103.985152,30.599817,1
望锦农贸综合市场(老簇马路),shopping,购物服务;综合市场;农副产品市场,武侯区,103.988302,30.602561,1
拉法基家装砂浆,shopping,购物服务;购物相关场所;购物相关场所,武侯区,103.997456,30.603513,3
扎西达吉,shopping,购物服务;购物相关场所;购物相关场所,武侯区,104.000896,30.604811,1
ENGBANBOY,shopping,购物服务;专卖店;专营店,武侯区,103.99982,30.606398,2
眼镜专业电动车维修店,shopping,购物服务;专卖店;自行车专卖店|生活服务;维修站点;维修站点,武侯区,104.000559,30.606436,1
苗鑫宏宏超市,shopping,购物服务;超级市场;超市,武侯区,103.99932,30.60718,2
乖乖,shopping,购物服务;购物相关场所;购物相关场所,武侯区,104.002701,30.604629,91
新起点超市(双拥街),shopping,购物服务;便民商店/便利店;便民商店/便利店,武侯区,103.995862,30.60664,1
挂历台历厂家直销,shopping,购物服务;专卖店;专营店,武侯区,103.9954,30.602741,1
蓝剑连锁(双拥街体验店),shopping,购物服务;购物相关场所;购物相关场所,武侯区,103.995915,30.607238,1
井盖,shopping,购物服务;专卖店;专营店,武侯区,103.996182,30.600901,19
物流超市,shopping,购物服务;专卖店;专营店,武侯区,103.999796,30.60075,1
华达电机,shopping,购物服务;专卖店;专营店,武侯区,104.000034,30.608478,4
隐形纱窗,shopping,购物服务;购物相关场所;购物相关场所,武侯区,104.003594,30.604468,1
液压油管,shopping,购物服务;购物相关场所;购物相关场所,武侯区,104.002458,30.608268,17
步步高棉鞋,shopping,购物服务;服装鞋帽皮具店;服装鞋帽皮具店,武侯区,104.003144,30.60143,6
佳友,shopping,购物服务;购物相关场所;购物相关场所,武侯区,104.003641,30.60775,3
恒毅野茶庄,shopping,购物服务;专卖店;专营店,武侯区,103.995177,30.599921,5
卡婷,shopping,购物服务;购物相关场所;购物相关场所,武侯区,103.993929,30.600711,26
牛牛堂,shopping,餐饮服务;中餐厅;中餐厅|购物服务;购物相关场所;购物相关场所,武侯区,103.997625,30.600095,1
扬扬超市,shopping,购物服务;便民商店/便利店;便民商店/便利店,武侯区,104.0086,30.606544,2
老杨干杂店,shopping,购物服务;便民商店/便利店;便民商店/便利店,武侯区,104.007919,30.602631,1
广翔制冷,shopping,购物服务;购物相关场所;购物相关场所,武侯区,104.005874,30.6055,7
松霸麻将机,shopping,购物服务;专卖店;专营店,武侯区,104.006033,30.603223,1
惠宾亿购,shopping,购物服务;便民商店/便利店;便民商店/便利店,武侯区,104.006321,30.602251,1
顺旺配送,shopping,购物服务;便民商店/便利店;便民商店/便利店,武侯区,104.006195,30.607295,2
胜玉便利店,shopping,购物服务;便民商店/便利店;便民商店/便利店,武侯区,104.00931,30.608072,1
刘二姐超市,shopping,购物服务;便民商店/便利店;便民商店/便利店,武侯区,104.00873,30.600909,1
成都特巴克商贸有限公司,shopping,购物服务;专卖店;烟酒专卖店,武侯区,104.004631,30.605762,1
松驰超市,shopping,购物服务;便民商店/便利店;便民商店/便利店,武侯区,104.006222,30.601193,4
四川省兴达教学设备有限公司,shopping,购物服务;专卖店;专营店,武侯区,104.004391,30.603146,1
宏发蓬布,shopping,购物服务;专卖店;专营店,武侯区,104.009388,30.608741,5
伊琳超市(华烨路),shopping,购物服务;便民商店/便利店;便民商店/便利店,武侯区,104.00871,30.608748,4
三立商贸,shopping,购物服务;专卖店;专营店,武侯区,104.004321,30.607424,2
海燕便利店,shopping,购物服务;便民商店/便利店;便民商店/便利店,武侯区,104.007256,30.609277,3
润森美淋浴房经营部,shopping,购物服务;购物相关场所;购物相关场所,武侯区,104.004102,30.601719,1
玲玲超市,shopping,购物服务;便民商店/便利店;便民商店/便利店,武侯区,104.004281,30.600976,1
天恒润滑油,shopping,购物服务;专卖店;专营店,武侯区,104.003816,30.608685,1
昆仑润滑油,shopping,购物服务;专卖店;专营店,武侯区,104.004116,30.609342,4
路易维斯,shopping,购物服务;服装鞋帽皮具店;服装鞋帽皮具店,武侯区,104.026999,30.606025,9
华亿惠佳超市(体校店),shopping,购物服务;便民商店/便利店;便民商店/便利店,武侯区,104.029799,30.603396,1
快乐步,shopping,购物服务;服装鞋帽皮具店;服装鞋帽皮具店,武侯区,104.02794,30.606654,4
Cayla眉眼唇半永久私人定制,shopping,购物服务;购物相关场所;购物相关场所,武侯区,104.026045,30.605314,1
篮管中心,shopping,购物服务;购物相关场所;购物相关场所,武侯区,104.026009,30.603681,1
金薇(新雅中街),shopping,购物服务;服装鞋帽皮具店;服装鞋帽皮具店,武侯区,104.025925,30.606835,11
新北服饰,shopping,购物服务;服装鞋帽皮具店;服装鞋帽皮具店,武侯区,104.02442,30.605108,35
好乐多日杂,shopping,购物服务;便民商店/便利店;便民商店/便利店,武侯区,104.026846,30.607431,1
美洲渔具,shopping,购物服务;专卖店;专营店,武侯区,104.03252,30.60312,4
成都威乐焊妍电气有限公司,shopping,购物服务;专卖店;专营店,武侯区,104.02686,30.607945,2
润新水果店,shopping,购物服务;综合市场;果品市场,武侯区,104.03855,30.605483,12
红旗超市,shopping,购物服务;便民商店/便利店;便民商店/便利店,武侯区,104.040636,30.60579,2
舞东风(新义路分店),shopping,购物服务;便民商店/便利店;便民商店/便利店,武侯区,104.04008,30.606424,1
BRABUS,shopping,购物服务;购物相关场所;购物相关场所,武侯区,104.037344,30.602355,1
燕森购物超市,shopping,购物服务;超级市场;超市,武侯区,104.038636,30.607144,4
安利(中国)日用品有限公司,shopping,购物服务;购物相关场所;购物相关场所,武侯区,104.039386,30.607016,1
童多多婴童生活馆,shopping,购物服务;专卖店;儿童用品店,武侯区,104.035739,30.603258,6
恋怡,shopping,购物服务;服装鞋帽皮具店;服装鞋帽皮具店,武侯区,104.037189,30.608089,81
润千家居民服务,shopping,购物服务;购物相关场所;购物相关场所,武侯区,104.034959,30.602614,7
太平园家私广场,shopping,购物服务;购物相关场所;购物相关场所,武侯区,104.036084,30.601808,1
便民超市,shopping,购物服务;购物相关场所;购物相关场所,武侯区,104.042024,30.606495,5
摩根展厅,shopping,购物服务;购物相关场所;购物相关场所,武侯区,104.039689,30.601067,1
凯普电池,shopping,购物服务;专卖店;专营店,武侯区,104.042801,30.605748,4
联合一百(美洲店),shopping,购物服务;便民商店/便利店;便民商店/便利店,武侯区,104.035103,30.601925,1
欧宝,shopping,购物服务;购物相关场所;购物相关场所,武侯区,104.043484,30.6039,2
新北农贸市场(东门),shopping,购物服务;购物相关场所;购物相关场所,武侯区,104.039016,30.6087,1
因菲尼迪,shopping,购物服务;购物相关场所;购物相关场所,武侯区,104.038394,30.600083,2
居民服务超市,shopping,购物服务;购物相关场所;购物相关场所,武侯区,104.033865,30.602092,1
沃尔沃展厅,shopping,购物服务;购物相关场所;购物相关场所,武侯区,104.040248,30.600157,1
迪媛,shopping,购物服务;服装鞋帽皮具店;服装鞋帽皮具店,武侯区,104.034326,30.608156,16
大益普洱茶,shopping,购物服务;购物相关场所;购物相关场所,武侯区,104.034703,30.601228,2
韩美人半永久化妆&微整形中心,shopping,购物服务;购物相关场所;购物相关场所,武侯区,104.035736,30.600404,1
王记纯粮酒坊,shopping,购物服务;购物相关场所;购物相关场所,武侯区,104.033735,30.607625,1
QSI CHENG DU,shopping,购物服务;购物相关场所;购物相关场所,武侯区,104.034549,30.600499,1
明嘉进口标致,shopping,购物服务;购物相关场所;购物相关场所,武侯区,104.035777,30.599603,1
鼎粮,shopping,购物服务;购物相关场所;购物相关场所,武侯区,104.049769,30.60292,24
昆仑好客便利店,shopping,购物服务;便民商店/便利店;便民商店/便利店,武侯区,104.047812,30.604042,2
酷特zl英国钻彩洗护体验店,shopping,购物服务;购物相关场所;购物相关场所,武侯区,104.050153,30.605465,1
东风雷诺,shopping,购物服务;购物相关场所;购物相关场所,武侯区,104.045987,30.606056,2
兰熙,shopping,购物服务;购物相关场所;购物相关场所,武侯区,104.051663,30.604283,6
DUIER门店,shopping,购物服务;购物相关场所;购物相关场所,武侯区,104.052497,30.604189,1
果蔬乐,shopping,购物服务;综合市场;蔬菜市场,武侯区,104.053748,30.605865,8
凤姿嬛高级工作室,shopping,购物服务;服装鞋帽皮具店;服装鞋帽皮具店,武侯区,104.051071,30.599676,1
中国电信(南关合作营业厅),shopping,购物服务;家电电子卖场;手机销售,武侯区,104.051538,30.600407,1
太平洋联盟,shopping,购物服务;购物相关场所;购物相关场所,武侯区,104.044447,30.609193,1
天帅雪弗兰,shopping,购物服务;购物相关场所;购物相关场所,武侯区,104.046076,30.606974,1
稻草人,shopping,购物服务;服装鞋帽皮具店;品牌皮具店,武侯区,104.058735,30.604322,54
澳西奴,shopping,购物服务;购物相关场所;购物相关场所,武侯区,104.061291,30.604285,413
荣事达,shopping,购物服务;购物相关场所;购物相关场所,武侯区,104.05992,30.605894,32
GOURMET进口食品,shopping,购物服务;购物相关场所;购物相关场所,武侯区,104.057464,30.603301,1
成都消防,shopping,购物服务;购物相关场所;购物相关场所,武侯区,104.056875,30.604018,1
圣多娜,shopping,购物服务;购物相关场所;购物相关场所,武侯区,104.05654,30.606595,97
天福酒行,shopping,购物服务;专卖店;专营店,武侯区,104.056642,30.602979,4
泰合暖通,shopping,购物服务;购物相关场所;购物相关场所,武侯区,104.056973,30.601835,5
法蒂丽,shopping,购物服务;购物相关场所;购物相关场所,武侯区,104.061578,30.605739,9
搭搭屋旗舰店,shopping,购物服务;购物相关场所;购物相关场所,武侯区,104.059995,30.60679,1
振华机电,shopping,购物服务;专卖店;专营店,武侯区,104.058557,30.607827,1
够宠爱,shopping,购物服务;专卖店;宠物用品店,武侯区,104.054939,30.606587,7
互利干杂,shopping,购物服务;购物相关场所;购物相关场所,武侯区,104.059704,30.60773,7
富森德贝橱柜,shopping,购物服务;购物相关场所;购物相关场所,武侯区,104.061433,30.607344,1
万和,shopping,购物服务;购物相关场所;购物相关场所,武侯区,104.063683,30.603985,251
法拉基水泥,shopping,购物服务;购物相关场所;购物相关场所,武侯区,104.061205,30.60784,3
维卡斯门窗,shopping,购物服务;购物相关场所;购物相关场所,武侯区,104.054593,30.607624,1
封阳台凤铝厂家直销,shopping,购物服务;购物相关场所;购物相关场所,武侯区,104.053606,30.60768,1
迪卡侬(成都天府店),shopping,购物服务;体育用品店;体育用品店,武侯区,104.061597,30.60202,1
李记谷庄,shopping,购物服务;购物相关场所;购物相关场所,武侯区,104.05356,30.606745,2
火车南站综合枢纽站,shopping,购物服务;购物相关场所;购物相关场所,武侯区,104.060839,30.606954,1
哥弟,shopping,购物服务;服装鞋帽皮具店;品牌服装店,武侯区,104.066559,30.605258,132
艾斯特,shopping,购物服务;家电电子卖场;家电电子卖场,武侯区,104.069102,30.603658,6
西门子开关插座专卖店,shopping,购物服务;家电电子卖场;家电电子卖场,武侯区,104.067508,30.603448,2
尤勒贝特,shopping,购物服务;购物相关场所;购物相关场所,武侯区,104.068143,30.602887,4
格力中央空调,shopping,购物服务;家电电子卖场;家电电子卖场,武侯区,104.068778,30.60258,10
石见建材,shopping,购物服务;购物相关场所;购物相关场所,武侯区,104.069521,30.603252,1
最四川火锅底料,shopping,购物服务;购物相关场所;购物相关场所,武侯区,104.070633,30.604509,3
幸福盛世,shopping,购物服务;购物相关场所;购物相关场所,武侯区,104.07075,30.605591,8
rush情趣量贩店,shopping,购物服务;购物相关场所;购物相关场所,武侯区,104.068117,30.602199,1
格力,shopping,购物服务;家电电子卖场;家电电子卖场,武侯区,104.071073,30.602573,20
美的(天仁路店),shopping,购物服务;家电电子卖场;家电电子卖场,武侯区,104.065726,30.604627,1
大鼎戴斯,shopping,购物服务;购物相关场所;购物相关场所,武侯区,104.065895,30.603135,2
天天鲜蔬菜基地,shopping,购物服务;综合市场;蔬菜市场,武侯区,104.071286,30.606357,6
东瑞儿童世界,shopping,购物服务;购物相关场所;购物相关场所,武侯区,104.069372,30.601516,1
OPPO,shopping,购物服务;家电电子卖场;手机销售,武侯区,104.072477,30.604344,4
瑭奇奇拿破仑(高新店),shopping,购物服务;购物相关场所;购物相关场所,武侯区,104.07105,30.601619,1
成都正丰工程机械,shopping,购物服务;专卖店;专营店|汽车服务;汽车服务相关;汽车服务相关,武侯区,104.070123,30.60105,1
美尚鲜花花艺,shopping,购物服务;花鸟鱼虫市场;花卉市场,武侯区,104.071052,30.607313,4
中堂超市,shopping,购物服务;便民商店/便利店;便民商店/便利店,武侯区,104.071006,30.600981,4
锦上天和,shopping,购物服务;购物相关场所;购物相关场所,武侯区,104.072633,30.602133,1
玩物,shopping,购物服务;专卖店;古玩字画店,武侯区,104.073371,30.601597,5
姐妹超市,shopping,购物服务;超级市场;超市,武侯区,104.073378,30.606763,3
长绿鲜花,shopping,购物服务;花鸟鱼虫市场;花卉市场,武侯区,104.071505,30.605509,1
老邻居(和平店),shopping,购物服务;便民商店/便利店;便民商店/便利店,武侯区,104.071261,30.604377,1
佳佳超市(天和西三街),shopping,购物服务;便民商店/便利店;便民商店/便利店,武侯区,104.067193,30.606659,1
花香怡人鲜花店,shopping,购物服务;花鸟鱼虫市场;花卉市场,武侯区,104.078098,30.605324,2
百果园,shopping,购物服务;综合市场;果品市场,武侯区,104.078871,30.606467,5
链家(金桂店),shopping,购物服务;购物相关场所;购物相关场所,武侯区,104.08003,30.606402,1
易碎商品,shopping,购物服务;购物相关场所;购物相关场所,武侯区,104.076829,30.602086,2
步步高店,shopping,购物服务;超级市场;超市,武侯区,104.078394,30.607479,4
香江生活食品超市,shopping,购物服务;便民商店/便利店;便民商店/便利店,锦江区,104.080238,30.601376,1
果果旺,shopping,购物服务;综合市场;果品市场,武侯区,104.080501,30.607621,14
馨缘花坊,shopping,购物服务;花鸟鱼虫市场;花卉市场,武侯区,104.074467,30.604161,3
优加超市,shopping,购物服务;购物相关场所;购物相关场所,锦江区,104.081297,30.601198,2
法国·法莱雅酒庄(三瓦窑街),shopping,购物服务;专卖店;烟酒专卖店,武侯区,104.079476,30.608412,1
益民菜场,shopping,购物服务;购物相关场所;购物相关场所,武侯区,104.078571,30.60854,1
兴视眼镜(桂溪店),shopping,购物服务;专卖店;专营店,武侯区,104.081966,30.607581,1
彩钻鲜花花艺,shopping,购物服务;花鸟鱼虫市场;花卉市场,锦江区,104.080803,30.600024,1
艾芙洛洗发水,shopping,购物服务;个人用品/化妆品店;其它个人用品店,武侯区,104.074517,30.606305,1
劲凯雷诺,shopping,购物服务;购物相关场所;购物相关场所,锦江区,104.082549,30.599904,1
嘟嘟便利店,shopping,购物服务;购物相关场所;购物相关场所,武侯区,104.078631,30.609372,1
闪电包模玩,shopping,购物服务;专卖店;专营店,锦江区,104.087842,30.605788,2
科创壹佰干杂店,shopping,购物服务;便民商店/便利店;便民商店/便利店,锦江区,104.090188,30.605497,3
兰姿,shopping,购物服务;服装鞋帽皮具店;服装鞋帽皮具店,锦江区,104.090421,30.606976,78
得力办公,shopping,购物服务;购物相关场所;购物相关场所,锦江区,104.08612,30.604726,3
电池超市,shopping,购物服务;专卖店;专营店,锦江区,104.091226,30.605318,4
予琦手机工作室,shopping,购物服务;购物相关场所;购物相关场所,锦江区,104.086025,30.603642,2
舞东风(翠风路分店),shopping,购物服务;便民商店/便利店;便民商店/便利店,锦江区,104.086557,30.606245,1
诚信手机配件店,shopping,购物服务;购物相关场所;购物相关场所,锦江区,104.087837,30.60747,4
超越批发,shopping,购物服务;便民商店/便利店;便民商店/便利店,锦江区,104.092102,30.602898,7
蓝恒力烟酒商贸行,shopping,购物服务;专卖店;烟酒专卖店,锦江区,104.087242,30.607594,2
东凌石材,shopping,购物服务;购物相关场所;购物相关场所,锦江区,104.085393,30.601416,2
迅峰,shopping,购物服务;服装鞋帽皮具店;服装鞋帽皮具店,锦江区,104.093809,30.605511,26
安利,shopping,购物服务;购物相关场所;购物相关场所,锦江区,104.09346,30.601366,32
天悦超市,shopping,购物服务;便民商店/便利店;便民商店/便利店,锦江区,104.086458,30.600613,1
华亿超市(翠柳湾支路),shopping,购物服务;便民商店/便利店;便民商店/便利店,锦江区,104.083553,30.601344,1
二马酒业,shopping,购物服务;购物相关场所;购物相关场所,锦江区,104.084644,30.599994,1
柏韵堂,shopping,购物服务;购物相关场所;购物相关场所,锦江区,104.093226,30.6089,2
根根蔬菜产地直销(琉璃路),shopping,购物服务;综合市场;蔬菜市场,锦江区,104.092577,30.604601,1
鲜香榨油坊,shopping,购物服务;综合市场;农副产品市场,锦江区,104.089042,30.605329,1
不同,shopping,购物服务;服装鞋帽皮具店;服装鞋帽皮具店,锦江区,104.100221,30.60529,386
国丽文具,shopping,购物服务;文化用品店;文化用品店,锦江区,104.097942,30.603857,4
好美味果业,shopping,购物服务;综合市场;果品市场,锦江区,104.097076,30.602462,5
1+家24小时便利店,shopping,购物服务;便民商店/便利店;便民商店/便利店,锦江区,104.100624,30.603375,2
花蝴蝶鲜花店,shopping,购物服务;购物相关场所;购物相关场所,锦江区,104.099161,30.601932,1
希望奶屋,shopping,购物服务;综合市场;农副产品市场,锦江区,104.100552,30.601812,24
百年沪州老窖,shopping,购物服务;专卖店;烟酒专卖店,锦江区,104.095838,30.60271,3
经天路菜市场(经天路),shopping,购物服务;综合市场;综合市场,锦江区,104.095878,30.606608,2
熊的店童装,shopping,购物服务;专卖店;儿童用品店,锦江区,104.095274,30.606411,3
夏哥干杂,shopping,购物服务;购物相关场所;购物相关场所,锦江区,104.096246,30.601781,2
米其林轮胎,shopping,购物服务;购物相关场所;购物相关场所,锦江区,104.099629,30.6077,2
三宝慧舍,shopping,购物服务;专卖店;珠宝首饰工艺品,锦江区,104.101933,30.602564,1
红顺和,shopping,购物服务;专卖店;烟酒专卖店,锦江区,104.096724,30.600421,31
惠源超市(琉璃中街),shopping,购物服务;便民商店/便利店;便民商店/便利店,锦江区,104.094314,30.604551,2
水果副食店,shopping,购物服务;专卖店;专营店,锦江区,104.094332,30.602992,1
尚服饰,shopping,购物服务;专卖店;专营店,锦江区,104.100332,30.608648,42
永泰生食品(柳江新居五期东),shopping,购物服务;专卖店;专营店,锦江区,104.094722,30.606714,1
金象小卖部,shopping,购物服务;便民商店/便利店;便民商店/便利店,锦江区,104.10217,30.607553,5
梵睿珠宝,shopping,购物服务;专卖店;珠宝首饰工艺品,锦江区,104.095386,30.608998,7
任华纸业,shopping,购物服务;专卖店;专营店,锦江区,104.103354,30.60129,6
国钤电池,shopping,购物服务;专卖店;专营店,锦江区,104.095437,30.599554,6
德致祥酒水批发,shopping,购物服务;专卖店;烟酒专卖店,锦江区,104.102695,30.608659,1
经天副食,shopping,购物服务;便民商店/便利店;便民商店/便利店,锦江区,104.102293,30.599586,5
佳佳福食品商店,shopping,购物服务;便民商店/便利店;便民商店/便利店,锦江区,104.10233,30.609126,2
玲玲便民店,shopping,购物服务;便民商店/便利店;便民商店/便利店,锦江区,104.10326,30.59993,2
永福鲜购生活超市,shopping,购物服务;超级市场;超市,锦江区,104.100442,30.6,1
胖孃文具,shopping,购物服务;文化用品店;文化用品店,锦江区,104.098224,30.603218,1
紫藤花,shopping,购物服务;购物相关场所;购物相关场所,锦江区,104.10571,30.602781,7
长诚超市,shopping,购物服务;便民商店/便利店;便民商店/便利店,锦江区,104.107337,30.601868,5
华亿乐购超市,shopping,购物服务;便民商店/便利店;便民商店/便利店,锦江区,104.106326,30.602025,5
荣鑫冰淇淋批发,shopping,购物服务;购物相关场所;购物相关场所,锦江区,104.108543,30.601537,1
永香副食店,shopping,购物服务;便民商店/便利店;便民商店/便利店,锦江区,104.104575,30.602968,5
元鑫食品批发商行,shopping,购物服务;便民商店/便利店;便民商店/便利店,锦江区,104.106297,30.60041,1
锦尚鲜花,shopping,购物服务;专卖店;专营店,锦江区,104.105089,30.600278,7
麦田果蔬超市,shopping,购物服务;综合市场;蔬菜市场,锦江区,104.1042,30.608981,2
金悦天娇销售中心,shopping,购物服务;购物相关场所;购物相关场所,锦江区,104.119297,30.605785,1
鑫星兴超市,shopping,购物服务;便民商店/便利店;便民商店/便利店,锦江区,104.120683,30.603169,2
顺风机麻,shopping,购物服务;专卖店;专营店,锦江区,104.121148,30.602666,3
鑫兴果园,shopping,购物服务;综合市场;果品市场,锦江区,104.121803,30.603182,4
昆仑好客便利店(南三环路二段),shopping,购物服务;便民商店/便利店;便民商店/便利店,锦江区,104.119111,30.60112,1
虹兴超市,shopping,购物服务;便民商店/便利店;便民商店/便利店,锦江区,104.123003,30.606706,25
舞东风(蓝谷地分店),shopping,购物服务;便民商店/便利店;便民商店/便利店,锦江区,104.12331,30.604824,2
柯达,shopping,购物服务;购物相关场所;购物相关场所,锦江区,104.116509,30.608778,81
海桐平价食品超市,shopping,购物服务;超级市场;超市,锦江区,104.128952,30.605814,1
山东烟台苹果,shopping,购物服务;购物相关场所;购物相关场所,锦江区,104.12754,30.60571,2
大众食品超市,shopping,购物服务;便民商店/便利店;便民商店/便利店,锦江区,104.12829,30.606024,2
温馨超市,shopping,购物服务;购物相关场所;购物相关场所,锦江区,104.129205,30.602566,2
春晖车行,shopping,购物服务;专卖店;自行车专卖店,锦江区,104.128983,30.606499,2
康尔克,shopping,购物服务;购物相关场所;购物相关场所,锦江区,104.129687,30.606168,1
汇鑫超市(合欢树街),shopping,购物服务;超级市场;超市,锦江区,104.126063,30.604986,1
田之缘,shopping,购物服务;购物相关场所;购物相关场所,锦江区,104.130618,30.607125,7
语田茶行,shopping,购物服务;专卖店;专营店,锦江区,104.125342,30.605295,3
东方生活馆,shopping,购物服务;购物相关场所;购物相关场所,锦江区,104.130516,30.602042,1
bs持久美妆,shopping,购物服务;购物相关场所;购物相关场所,锦江区,104.12977,30.607663,1
永乐超市(海棠店),shopping,购物服务;超级市场;超市,锦江区,104.132752,30.604802,1
香品屋,shopping,购物服务;专卖店;专营店,锦江区,104.128738,30.608618,10
高仓,shopping,购物服务;服装鞋帽皮具店;服装鞋帽皮具店,锦江区,104.124467,30.606827,38
雅惠超市(蓝谷地店),shopping,购物服务;超级市场;超市,锦江区,104.123984,30.605539,4
锦江区子裕宝贝精品服装经营部,shopping,购物服务;购物相关场所;购物相关场所,锦江区,104.129842,30.60843,1
大观爱心便利店,shopping,购物服务;便民商店/便利店;便民商店/便利店,锦江区,104.131522,30.607806,3
东升门窗,shopping,购物服务;购物相关场所;购物相关场所,锦江区,104.127028,30.608628,4
Cheese Fondue House,shopping,购物服务;购物相关场所;购物相关场所,锦江区,104.139521,30.601998,1
逸佳副食,shopping,购物服务;便民商店/便利店;便民商店/便利店,锦江区,104.135805,30.6056,2
东升门窗,shopping,购物服务;购物相关场所;购物相关场所,锦江区,104.135185,30.604943,4
链家(海棠B店),shopping,购物服务;购物相关场所;购物相关场所,锦江区,104.141035,30.602381,1
忠信王子,shopping,购物服务;购物相关场所;购物相关场所,锦江区,104.135664,30.606451,2
格林夫人宠物梦工厂,shopping,购物服务;专卖店;宠物用品店,锦江区,104.134658,30.605489,1
高维高总店销售部,shopping,购物服务;购物相关场所;购物相关场所,锦江区,104.134192,30.606144,5
舞东风(鑫苑名家分店),shopping,购物服务;便民商店/便利店;便民商店/便利店,锦江区,104.139785,30.600543,1
哈尼宠物,shopping,购物服务;专卖店;宠物用品店,锦江区,104.142541,30.606937,5
米兰超市,shopping,购物服务;超级市场;超市,锦江区,104.1409,30.600129,11
飞毛腿菜鸟驿站,shopping,购物服务;购物相关场所;购物相关场所,锦江区,104.141833,30.601249,1
安利四海逸家体验馆,shopping,购物服务;购物相关场所;购物相关场所,锦江区,104.138774,30.600041,1
百果园(卓锦城店),shopping,购物服务;综合市场;果品市场,锦江区,104.134699,30.601373,1
utea私房茶,shopping,购物服务;购物相关场所;购物相关场所,锦江区,104.140039,30.600036,1
乐多超市(卓锦城店),shopping,购物服务;便民商店/便利店;便民商店/便利店,锦江区,104.135091,30.600904,1
千叶眼镜(枫树街),shopping,购物服务;专卖店;眼镜店,锦江区,104.142601,30.608226,3
益民菜市(粮丰店),shopping,购物服务;综合市场;农副产品市场,锦江区,104.142213,30.608759,2
格力(芙蓉西路),shopping,购物服务;家电电子卖场;家电电子卖场,锦江区,104.14339,30.608077,4
周瓜子,shopping,购物服务;综合市场;果品市场,锦江区,104.142744,30.599721,13
中国移动,shopping,购物服务;家电电子卖场;手机销售,锦江区,104.149377,30.606847,17
大地鸿红高粱酒坊,shopping,购物服务;专卖店;烟酒专卖店,锦江区,104.150057,30.606235,1
熊熊宠物店(喜树街),shopping,购物服务;专卖店;宠物用品店,锦江区,104.147241,30.602278,1
锦江区小宇宙母婴用品店,shopping,购物服务;专卖店;专营店,锦江区,104.147589,30.607028,1
灰兔兔孕婴生活馆,shopping,购物服务;专卖店;儿童用品店,锦江区,104.146857,30.601871,1
优十商城(东洪广厦店),shopping,购物服务;购物相关场所;购物相关场所,锦江区,104.148918,30.607654,1
湘江琴行,shopping,购物服务;专卖店;专营店,锦江区,104.148907,30.60843,2
牛头,shopping,购物服务;专卖店;烟酒专卖店,锦江区,104.144478,30.608335,4
实惠社区服务社,shopping,购物服务;便民商店/便利店;便民商店/便利店,锦江区,104.143845,30.599985,1
馨宇花店,shopping,购物服务;花鸟鱼虫市场;花卉市场,锦江区,104.145034,30.599704,3
爱羊超市,shopping,购物服务;便民商店/便利店;便民商店/便利店,锦江区,104.143707,30.608713,1
007超市,shopping,购物服务;便民商店/便利店;便民商店/便利店,锦江区,104.144142,30.609071,1
红旗超市(锦蓉佳苑便利店),shopping,购物服务;超级市场;超市,锦江区,104.145558,30.602458,1
樱花家,shopping,购物服务;购物相关场所;购物相关场所,锦江区,104.148279,30.606912,1
锦荣佳缘,shopping,购物服务;购物相关场所;购物相关场所,锦江区,104.146326,30.603319,1
伊藤(建设中),shopping,购物服务;商场;商场,锦江区,104.153666,30.607533,1
1+1超市(金航路),shopping,购物服务;便民商店/便利店;便民商店/便利店,武侯区,103.969069,30.594298,2
酸弟营销中心,shopping,购物服务;购物相关场所;购物相关场所,武侯区,103.96834,30.595592,3
纯高粱烧锅酒厂,shopping,购物服务;专卖店;烟酒专卖店,武侯区,103.969773,30.593401,4
诚信配送(金航路),shopping,购物服务;便民商店/便利店;便民商店/便利店,武侯区,103.967898,30.596186,1
景田花艺,shopping,购物服务;专卖店;专营店,武侯区,103.969456,30.592886,1
利发超市(金航路),shopping,购物服务;便民商店/便利店;便民商店/便利店,武侯区,103.967623,30.596868,1
楷馨通讯店,shopping,购物服务;家电电子卖场;手机销售,武侯区,103.97112,30.592916,2
龙达鞋材,shopping,购物服务;专卖店;专营店,武侯区,103.966071,30.593376,3
天乙跟业,shopping,购物服务;专卖店;专营店,武侯区,103.970939,30.592045,12
鸿图鞋材厂,shopping,购物服务;专卖店;专营店,武侯区,103.966838,30.597143,4
童谣,shopping,购物服务;购物相关场所;购物相关场所,武侯区,103.972824,30.591114,123
木牛家具,shopping,购物服务;购物相关场所;购物相关场所,武侯区,103.966422,30.59806,10
正行鞋材,shopping,购物服务;专卖店;专营店,武侯区,103.964805,30.593666,2
鸿运蛋业,shopping,购物服务;购物相关场所;购物相关场所,武侯区,103.970853,30.591306,2
瑞丰鞋业(马新路),shopping,购物服务;服装鞋帽皮具店;服装鞋帽皮具店,武侯区,103.972585,30.596717,2
红都超市(马新路),shopping,购物服务;便民商店/便利店;便民商店/便利店,武侯区,103.971672,30.596656,1
旺维超市,shopping,购物服务;购物相关场所;购物相关场所,武侯区,103.965558,30.592552,1
鑫悦超市,shopping,购物服务;便民商店/便利店;便民商店/便利店,武侯区,103.973207,30.593199,1
利华超市,shopping,购物服务;购物相关场所;购物相关场所,武侯区,103.964838,30.597686,2
多彩塑染代客配色,shopping,购物服务;购物相关场所;购物相关场所,武侯区,103.96608,30.598908,1
大众电器,shopping,购物服务;便民商店/便利店;便民商店/便利店,武侯区,103.969292,30.589035,35
宇峰藤器,shopping,购物服务;专卖店;专营店,武侯区,103.97795,30.594208,2
腾飞车行(簇马路二段),shopping,购物服务;购物相关场所;购物相关场所,武侯区,103.976797,30.593471,1
随意超市,shopping,购物服务;购物相关场所;购物相关场所,武侯区,103.980772,30.596525,2
麻将机批发,shopping,购物服务;购物相关场所;购物相关场所,武侯区,103.975482,30.593216,4
缘梦圆床垫办事处,shopping,购物服务;购物相关场所;购物相关场所,武侯区,103.980314,30.590863,1
售货亭,shopping,购物服务;购物相关场所;购物相关场所,武侯区,103.982804,30.59739,1
送水送气,shopping,购物服务;购物相关场所;购物相关场所,武侯区,103.975911,30.598623,1
恒丰电器,shopping,购物服务;购物相关场所;购物相关场所,武侯区,103.977499,30.589999,5
五花八门,shopping,购物服务;购物相关场所;购物相关场所,武侯区,103.983667,30.596892,2
伟达路鞋材,shopping,购物服务;购物相关场所;购物相关场所,武侯区,103.976186,30.590227,1
老么副食店,shopping,购物服务;购物相关场所;购物相关场所,武侯区,103.974824,30.590977,1
维修电瓶车自行车,shopping,购物服务;购物相关场所;购物相关场所,武侯区,103.975858,30.59925,1
叁叁超市(艺术村路),shopping,购物服务;便民商店/便利店;便民商店/便利店,武侯区,103.991328,30.593925,1
方红超市(武侯大道文昌段),shopping,购物服务;便民商店/便利店;便民商店/便利店,武侯区,103.988725,30.597164,1
家椰干杂店,shopping,购物服务;便民商店/便利店;便民商店/便利店,武侯区,103.991433,30.592581,1
园鑫雕塑,shopping,购物服务;专卖店;珠宝首饰工艺品,武侯区,103.992129,30.593337,1
电动车维修部,shopping,购物服务;购物相关场所;购物相关场所,武侯区,103.988191,30.597977,2
天喜十字绣,shopping,购物服务;专卖店;专营店,武侯区,103.985262,30.597136,2
顺发蓬布(武侯大道文昌段),shopping,购物服务;专卖店;专营店,武侯区,103.987549,30.598276,1
顺心粮油,shopping,购物服务;购物相关场所;购物相关场所,武侯区,103.988731,30.59875,3
永珍干杂店,shopping,购物服务;购物相关场所;购物相关场所,武侯区,103.984521,30.596337,1
胖多多,shopping,购物服务;专卖店;礼品饰品店,武侯区,103.991292,30.598551,9
万豪酒业,shopping,购物服务;专卖店;专营店,武侯区,103.993104,30.596484,1
优十商城(新苗新居店),shopping,购物服务;购物相关场所;购物相关场所,武侯区,103.984279,30.597157,2
华裕超市,shopping,购物服务;便民商店/便利店;便民商店/便利店,武侯区,103.984419,30.597916,15
鸿阳雕艺,shopping,购物服务;购物相关场所;购物相关场所,武侯区,103.993504,30.591973,1
氩弧焊杨水箱,shopping,购物服务;专卖店;专营店|汽车维修;汽车维修;汽车维修,武侯区,103.998254,30.593966,2
遂宁安居蓬溪,shopping,购物服务;购物相关场所;购物相关场所,武侯区,104.000487,30.594303,1
红久蓬布,shopping,购物服务;专卖店;专营店,武侯区,103.997811,30.595987,2
缺一茶,shopping,购物服务;专卖店;专营店,武侯区,103.998348,30.593028,2
接锯条,shopping,购物服务;专卖店;专营店,武侯区,103.997196,30.596664,3
统帅电器,shopping,购物服务;购物相关场所;购物相关场所,武侯区,103.996805,30.597858,3
漆馆色彩个性定制中心,shopping,购物服务;购物相关场所;购物相关场所,武侯区,103.994792,30.591549,2
武侯区欣怡佳家居经营部,shopping,购物服务;购物相关场所;购物相关场所,武侯区,103.994419,30.595914,1
新川泡沫,shopping,购物服务;购物相关场所;购物相关场所,武侯区,103.99941,30.5904,2
隆丰,shopping,购物服务;购物相关场所;购物相关场所,武侯区,103.996212,30.599142,1
唐煌雕塑,shopping,购物服务;专卖店;珠宝首饰工艺品,武侯区,103.996546,30.589826,2
宏达雕塑,shopping,购物服务;专卖店;珠宝首饰工艺品,武侯区,103.995056,30.590536,1
诚信利源超市,shopping,购物服务;超级市场;超市,武侯区,104.00779,30.594777,2
富民超市,shopping,购物服务;便民商店/便利店;便民商店/便利店,武侯区,104.009368,30.595293,1
超威电池(华兴三河社区卫生服务站北),shopping,购物服务;专卖店;专营店,武侯区,104.008236,30.593416,1
楠楠干杂,shopping,购物服务;便民商店/便利店;便民商店/便利店,武侯区,104.010147,30.595127,1
惠民奶屋,shopping,购物服务;综合市场;农副产品市场,武侯区,104.00996,30.592776,2
天能电池,shopping,购物服务;购物相关场所;购物相关场所,武侯区,104.007428,30.591792,6
大众超市,shopping,购物服务;便民商店/便利店;便民商店/便利店,武侯区,104.007721,30.597205,1
友谊茶庄,shopping,购物服务;专卖店;专营店,武侯区,104.009478,30.590995,11
名气厨房电器,shopping,购物服务;购物相关场所;购物相关场所,武侯区,104.006404,30.597588,1
未取名副食店,shopping,购物服务;便民商店/便利店;便民商店/便利店,武侯区,104.011305,30.591556,1
利众广告器材,shopping,购物服务;专卖店;专营店,武侯区,104.01029,30.590524,1
机麻,shopping,购物服务;购物相关场所;购物相关场所,武侯区,104.006496,30.590161,8
凯迪耐尔精品梳化,shopping,购物服务;购物相关场所;购物相关场所,武侯区,104.010976,30.590511,2
花舍(武侯大道三河段),shopping,购物服务;花鸟鱼虫市场;花卉市场,武侯区,104.00486,30.590752,1
星宇龙电器,shopping,购物服务;家电电子卖场;家电电子卖场,武侯区,104.007112,30.591082,2
秀秀超市(沈三路),shopping,购物服务;超级市场;超市|购物服务;便民商店/便利店;便民商店/便利店,武侯区,104.007548,30.594279,1
脚板,shopping,购物服务;购物相关场所;购物相关场所,武侯区,104.021145,30.594912,51
冬梅,shopping,购物服务;购物相关场所;购物相关场所,武侯区,104.01801,30.59483,3
丽雅毛线专卖店,shopping,购物服务;服装鞋帽皮具店;服装鞋帽皮具店,武侯区,104.016934,30.594813,2
杨三食品店,shopping,购物服务;便民商店/便利店;便民商店/便利店,武侯区,104.017084,30.593944,1
三河何哥超市,shopping,购物服务;便民商店/便利店;便民商店/便利店,武侯区,104.020334,30.592506,8
机麻,shopping,购物服务;购物相关场所;购物相关场所,武侯区,104.022683,30.595688,1
素琼超市,shopping,购物服务;便民商店/便利店;便民商店/便利店,武侯区,104.027081,30.593562,3
展望书屋,shopping,购物服务;专卖店;书店,武侯区,104.026337,30.595258,6
多恩干杂,shopping,购物服务;便民商店/便利店;便民商店/便利店,武侯区,104.027346,30.596243,5
MG名爵,shopping,购物服务;购物相关场所;购物相关场所,武侯区,104.028432,30.592085,1
七虎行销售中心,shopping,购物服务;购物相关场所;购物相关场所,武侯区,104.030526,30.596859,1
永兴榨油坊,shopping,购物服务;综合市场;农副产品市场,武侯区,104.025135,30.595152,2
百年东风老店,shopping,购物服务;购物相关场所;购物相关场所,武侯区,104.027262,30.591317,3
易捷便利店(益园二路),shopping,购物服务;便民商店/便利店;便民商店/便利店,武侯区,104.031046,30.589994,2
驭胜,shopping,购物服务;购物相关场所;购物相关场所,武侯区,104.025708,30.589954,1
新远中和农贸市场,shopping,购物服务;购物相关场所;购物相关场所,武侯区,104.027041,30.590386,1
林肯店,shopping,购物服务;购物相关场所;购物相关场所,武侯区,104.025957,30.591817,1
猎豹店,shopping,购物服务;购物相关场所;购物相关场所,武侯区,104.027193,30.592886,1
R store(新城国际店),shopping,购物服务;便民商店/便利店;便民商店/便利店,武侯区,104.039958,30.595641,1
五孃烟杂店,shopping,购物服务;便民商店/便利店;便民商店/便利店,武侯区,104.039769,30.592401,9
新园007超市,shopping,购物服务;便民商店/便利店;便民商店/便利店,武侯区,104.038243,30.59713,1
紫郡便民超市,shopping,购物服务;便民商店/便利店;便民商店/便利店,武侯区,104.03706,30.597049,1
莎莎超市,shopping,购物服务;便民商店/便利店;便民商店/便利店,武侯区,104.042238,30.592754,1
府城菜市,shopping,购物服务;综合市场;蔬菜市场,武侯区,104.041399,30.59135,2
大橙小屋(高新店),shopping,购物服务;购物相关场所;购物相关场所,武侯区,104.043173,30.591736,1
佳佳超市,shopping,购物服务;购物相关场所;购物相关场所,武侯区,104.037824,30.590741,1
宏盟大车市场,shopping,购物服务;购物相关场所;购物相关场所,武侯区,104.039286,30.597853,1
vanamo花艺定制,shopping,购物服务;购物相关场所;购物相关场所,武侯区,104.047092,30.595905,1
佳士多,shopping,购物服务;便民商店/便利店;便民商店/便利店,武侯区,104.049517,30.592551,1
水果季节,shopping,购物服务;综合市场;果品市场,武侯区,104.050688,30.593388,2
mint薄荷,shopping,购物服务;购物相关场所;购物相关场所,武侯区,104.045928,30.593963,1
他她食食(汇翠园店),shopping,购物服务;购物相关场所;购物相关场所,武侯区,104.046476,30.596074,1
麦歌菜业(雍翠店),shopping,购物服务;综合市场;蔬菜市场,武侯区,104.04716,30.597177,1
puku,shopping,购物服务;购物相关场所;购物相关场所,武侯区,104.052438,30.595469,14
WIKI,shopping,购物服务;购物相关场所;购物相关场所,武侯区,104.052875,30.594285,2
万果超市,shopping,购物服务;综合市场;果品市场,武侯区,104.052404,30.597151,7
文轩社区书屋府城店,shopping,购物服务;专卖店;专营店,武侯区,104.052245,30.597768,1
顺汇超市(荟锦路),shopping,购物服务;便民商店/便利店;便民商店/便利店,武侯区,104.053491,30.592652,1
新街里,shopping,购物服务;购物相关场所;购物相关场所,武侯区,104.052179,30.598723,1
天采科技,shopping,购物服务;购物相关场所;购物相关场所,武侯区,104.052455,30.590156,5
仁和春天百货(高新店装修中),shopping,购物服务;商场;购物中心,武侯区,104.050687,30.590208,1
新街里第三街,shopping,购物服务;特色商业街;特色商业街,武侯区,104.053008,30.593255,1
仁和国际广场,shopping,购物服务;商场;商场,武侯区,104.049805,30.590631,1
碧海云天,shopping,购物服务;体育用品店;户外用品,武侯区,104.053209,30.598467,1
博瑞文具,shopping,购物服务;文化用品店;文化用品店,武侯区,104.053848,30.590661,6
百益超市,shopping,购物服务;超级市场;超市,武侯区,104.051355,30.597242,1
上海文峰店,shopping,购物服务;购物相关场所;购物相关场所,武侯区,104.052642,30.589483,3
佳乐惠超市,shopping,购物服务;购物相关场所;购物相关场所,武侯区,104.053212,30.597508,1
天龙电子科技,shopping,购物服务;购物相关场所;购物相关场所,武侯区,104.045932,30.595038,1
宝诚信威格仕行车记录器,shopping,购物服务;专卖店;专营店|汽车服务;汽车养护/装饰;汽车养护,武侯区,104.058154,30.59467,1
民缘,shopping,购物服务;专卖店;礼品饰品店,武侯区,104.059167,30.59469,6
成都晨轩科技(高新区校园直销点),shopping,购物服务;购物相关场所;购物相关场所,武侯区,104.058445,30.595855,1
星期8,shopping,购物服务;便民商店/便利店;便民商店/便利店,武侯区,104.060371,30.594234,1
徐先生,shopping,购物服务;购物相关场所;购物相关场所,武侯区,104.057876,30.592626,1
链家(时代晶科名苑店),shopping,购物服务;购物相关场所;购物相关场所,武侯区,104.05817,30.592232,1
五粮液(旗舰店),shopping,购物服务;专卖店;烟酒专卖店,武侯区,104.059687,30.596531,1
阳光超市,shopping,购物服务;购物相关场所;购物相关场所,武侯区,104.058766,30.597233,4
公共自行车(职业技术学院站),shopping,购物服务;购物相关场所;购物相关场所,武侯区,104.057637,30.596975,1
九亿,shopping,购物服务;专卖店;烟酒专卖店|公司企业;公司;公司,武侯区,104.060396,30.597607,28
新大昌茶叶,shopping,购物服务;专卖店;专营店,武侯区,104.059773,30.591335,1
wowo(高新国际店),shopping,购物服务;便民商店/便利店;便民商店/便利店,武侯区,104.062477,30.59403,1
跳舞兰欧艺花鲜花,shopping,购物服务;专卖店;专营店,武侯区,104.061469,30.59679,1
百丽,shopping,购物服务;服装鞋帽皮具店;品牌鞋店,武侯区,104.062741,30.592294,170
申通民丰营业部,shopping,购物服务;购物相关场所;购物相关场所,武侯区,104.0586,30.598176,2
朵颐商贸,shopping,购物服务;购物相关场所;购物相关场所,武侯区,104.061149,30.591451,1
四季英特,shopping,购物服务;购物相关场所;购物相关场所,武侯区,104.063027,30.595384,2
实惠,shopping,购物服务;购物相关场所;购物相关场所,武侯区,104.062982,30.596324,4
大智(中国)文化,shopping,购物服务;购物相关场所;购物相关场所,武侯区,104.063216,30.593867,1
川调高新店,shopping,购物服务;购物相关场所;购物相关场所,武侯区,104.060825,30.598692,1
公共自行车市交委站,shopping,购物服务;购物相关场所;购物相关场所,武侯区,104.060972,30.589975,2
融城联想,shopping,购物服务;购物相关场所;购物相关场所,武侯区,104.060782,30.599244,2
尊尚丽人行韩式半永久,shopping,购物服务;购物相关场所;购物相关场所,武侯区,104.053645,30.597872,1
红旗超市(特拉克斯分场),shopping,购物服务;超级市场;超市,武侯区,104.067891,30.593698,1
轩怡超市,shopping,购物服务;超级市场;超市,武侯区,104.067602,30.594979,1
且行书店,shopping,购物服务;专卖店;书店,武侯区,104.068711,30.596498,36
好想你,shopping,购物服务;综合市场;果品市场,武侯区,104.071504,30.595163,30
舞东风(天顺街分店),shopping,购物服务;便民商店/便利店;便民商店/便利店,武侯区,104.069186,30.593096,2
源骏商贸,shopping,购物服务;专卖店;烟酒专卖店,武侯区,104.067993,30.595977,3
耐尔,shopping,购物服务;服装鞋帽皮具店;服装鞋帽皮具店,武侯区,104.070254,30.595482,8
良辰美景花艺馆,shopping,购物服务;购物相关场所;购物相关场所,武侯区,104.06637,30.595224,1
瑞虎时尚(天顺路),shopping,购物服务;服装鞋帽皮具店;服装鞋帽皮具店,武侯区,104.068718,30.592414,1
THANN,shopping,购物服务;购物相关场所;购物相关场所,武侯区,104.067052,30.592706,3
耀美365,shopping,购物服务;专卖店;专营店,武侯区,104.067408,30.596602,3
链家(长城店),shopping,购物服务;购物相关场所;购物相关场所,武侯区,104.071247,30.59384,2
上层酒行,shopping,购物服务;专卖店;烟酒专卖店,武侯区,104.071921,30.594532,7
同兴小贷,shopping,购物服务;购物相关场所;购物相关场所,武侯区,104.067512,30.598344,11
三菱中央空调专卖店,shopping,购物服务;购物相关场所;购物相关场所,武侯区,104.064314,30.595596,1
米芯软床,shopping,购物服务;购物相关场所;购物相关场所,武侯区,104.064198,30.592112,9
贵州茅台集团,shopping,购物服务;专卖店;专营店,武侯区,104.064071,30.593137,2
克洛斯威硅藻泥(成都南门富森美店),shopping,购物服务;购物相关场所;购物相关场所,武侯区,104.063755,30.594576,1
外贸牛仔,shopping,购物服务;服装鞋帽皮具店;服装鞋帽皮具店,武侯区,104.072782,30.59169,3
阿拉丁便利店(天韵路),shopping,购物服务;便民商店/便利店;便民商店/便利店,武侯区,104.063713,30.592671,1
旺旺工地,shopping,购物服务;购物相关场所;购物相关场所,武侯区,104.069133,30.58994,1
充电点(五洲花园店),shopping,购物服务;购物相关场所;购物相关场所,武侯区,104.070162,30.59911,1
美琪甜心手工坊,shopping,购物服务;购物相关场所;购物相关场所,武侯区,104.073439,30.597065,1
监控消防中心,shopping,购物服务;购物相关场所;购物相关场所,武侯区,104.064081,30.597912,1
快乐高尔夫(天泰路),shopping,购物服务;体育用品店;高尔夫用品店,武侯区,104.067471,30.594135,1
谷朵鲜花(天府长城店),shopping,购物服务;花鸟鱼虫市场;花卉市场,武侯区,104.072876,30.594428,1
天天鲜果·蔬菜(濯锦路),shopping,购物服务;综合市场;果品市场|购物服务;综合市场;蔬菜市场,武侯区,104.077923,30.595333,3
熊的树花茶品牌店,shopping,购物服务;专卖店;专营店,武侯区,104.078793,30.596463,1
芳踪youngforever,shopping,购物服务;购物相关场所;购物相关场所,武侯区,104.076481,30.596296,1
天亿商贸,shopping,购物服务;专卖店;烟酒专卖店,武侯区,104.074381,30.596102,25
惠宾超市(科华南路),shopping,购物服务;便民商店/便利店;便民商店/便利店,武侯区,104.074428,30.592991,2
蜂咪radio,shopping,购物服务;购物相关场所;购物相关场所,武侯区,104.076332,30.59775,1
文具用品,shopping,购物服务;购物相关场所;购物相关场所,武侯区,104.075193,30.59714,4
美佳超市(五冶路),shopping,购物服务;便民商店/便利店;便民商店/便利店,锦江区,104.082634,30.592636,3
永安公服,shopping,购物服务;购物相关场所;购物相关场所,武侯区,104.073913,30.594857,1
印象馆,shopping,购物服务;花鸟鱼虫市场;花卉市场,锦江区,104.083333,30.59461,2
红旗超市(银海芯座便利店),shopping,购物服务;便民商店/便利店;便民商店/便利店,锦江区,104.082183,30.591386,1
7-ELEVEn(博瑞创意成都店),shopping,购物服务;便民商店/便利店;7-ELEVEn便利店,锦江区,104.082626,30.589834,1
阿苦木果,shopping,购物服务;购物相关场所;购物相关场所,锦江区,104.081193,30.590763,1
成都泸州老窖筹备处,shopping,购物服务;购物相关场所;购物相关场所,锦江区,104.082299,30.592,1
美好食品,shopping,购物服务;购物相关场所;购物相关场所,锦江区,104.087766,30.594233,1
川渝特区,shopping,购物服务;购物相关场所;购物相关场所,锦江区,104.087525,30.594918,1
新希望华西牛奶,shopping,购物服务;购物相关场所;购物相关场所,锦江区,104.087636,30.593769,1
利家居陶瓷,shopping,购物服务;购物相关场所;购物相关场所,锦江区,104.090106,30.595213,1
西南影音,shopping,购物服务;购物相关场所;购物相关场所,锦江区,104.090681,30.594822,4
美国宝,shopping,购物服务;购物相关场所;购物相关场所,锦江区,104.091437,30.595339,44
蒙娜丽莎瓷砖,shopping,购物服务;购物相关场所;购物相关场所,锦江区,104.090991,30.596312,1
收发超市,shopping,购物服务;购物相关场所;购物相关场所,锦江区,104.091735,30.592706,13
专业防水防腐,shopping,购物服务;购物相关场所;购物相关场所,锦江区,104.092601,30.594266,2
子妹百货,shopping,购物服务;购物相关场所;购物相关场所,锦江区,104.093077,30.593276,3
机麻,shopping,购物服务;购物相关场所;购物相关场所,锦江区,104.090894,30.590804,13
ACES,shopping,购物服务;购物相关场所;购物相关场所,锦江区,104.084689,30.590752,3
林五姐水果店,shopping,购物服务;购物相关场所;购物相关场所,锦江区,104.093378,30.590414,1
屈臣氏,shopping,购物服务;超级市场;屈臣氏,锦江区,104.091444,30.591535,1
昆仑好客便利店(南三环路三段辅路),shopping,购物服务;便民商店/便利店;便民商店/便利店,锦江区,104.08541,30.599301,1
锦江创意视窗,shopping,购物服务;专卖店;专营店,锦江区,104.084315,30.596075,1
超越副食批发,shopping,购物服务;便民商店/便利店;便民商店/便利店,锦江区,104.09068,30.589559,5
五粮液旗舰店,shopping,购物服务;专卖店;烟酒专卖店,锦江区,104.085756,30.590368,1
淘滋味食品,shopping,购物服务;专卖店;专营店,锦江区,104.087055,30.595437,1
晨光文貝,shopping,购物服务;文化用品店;文化用品店,锦江区,104.092932,30.598527,1
龙新通讯,shopping,购物服务;家电电子卖场;手机销售,锦江区,104.100807,30.596443,3
八方便民超市,shopping,购物服务;便民商店/便利店;便民商店/便利店,锦江区,104.098038,30.59098,1
美华美妆,shopping,购物服务;个人用品/化妆品店;其它个人用品店,锦江区,104.09651,30.590859,13
嘉信超市,shopping,购物服务;便民商店/便利店;便民商店/便利店,锦江区,104.102066,30.59245,2
龙兴通讯,shopping,购物服务;家电电子卖场;手机销售,锦江区,104.102554,30.593125,2
美妆缘,shopping,购物服务;服装鞋帽皮具店;服装鞋帽皮具店,锦江区,104.095405,30.591281,1
源缘通讯店,shopping,购物服务;家电电子卖场;手机销售,锦江区,104.093657,30.595754,2
尚扬柬米,shopping,购物服务;购物相关场所;购物相关场所,锦江区,104.096397,30.598962,2
维尔美,shopping,购物服务;服装鞋帽皮具店;服装鞋帽皮具店,锦江区,104.094213,30.591119,5
锦馨食品超市,shopping,购物服务;便民商店/便利店;便民商店/便利店,锦江区,104.094253,30.590414,5
河沙水泥脚手架,shopping,购物服务;购物相关场所;购物相关场所,锦江区,104.095216,30.598952,1
康拓陶瓷,shopping,购物服务;购物相关场所;购物相关场所,锦江区,104.093837,30.596559,5
火炎焱中餐夜啤,shopping,购物服务;便民商店/便利店;便民商店/便利店,锦江区,104.110153,30.595407,3
锦城通讯,shopping,购物服务;家电电子卖场;手机销售,锦江区,104.110465,30.593258,11
喜赚典当行,shopping,购物服务;购物相关场所;购物相关场所,锦江区,104.106787,30.595331,1
客乐客,shopping,购物服务;便民商店/便利店;便民商店/便利店,锦江区,104.10613,30.593963,5
回音烟酒,shopping,购物服务;专卖店;烟酒专卖店,锦江区,104.109889,30.59239,3
进口香水小样,shopping,购物服务;专卖店;专营店,锦江区,104.111013,30.595499,1
宝贝空间母婴生活馆(皇经楼二街),shopping,购物服务;专卖店;儿童用品店,锦江区,104.105535,30.59434,1
贝纳利沙,shopping,购物服务;购物相关场所;购物相关场所,锦江区,104.105403,30.595915,7
喜乐购购物中心,shopping,购物服务;超级市场;超市,锦江区,104.105045,30.593946,1
八方便民店,shopping,购物服务;便民商店/便利店;便民商店/便利店,锦江区,104.105623,30.593361,1
世纪华联超市(锦城逸景B区西南),shopping,购物服务;超级市场;超市,锦江区,104.110591,30.592277,1
小马电脑(锦城逸景B区西南),shopping,购物服务;家电电子卖场;数码电子,锦江区,104.110356,30.59184,1
周记食品超市,shopping,购物服务;便民商店/便利店;便民商店/便利店,锦江区,104.10427,30.594506,6
全兴纯天然矿泉水,shopping,购物服务;专卖店;专营店,锦江区,104.104135,30.595611,11
小马电脑,shopping,购物服务;家电电子卖场;数码电子,锦江区,104.110494,30.590905,3
惠宾便利店,shopping,购物服务;便民商店/便利店;便民商店/便利店,锦江区,104.112876,30.592921,2
bmw授权经销商,shopping,购物服务;购物相关场所;购物相关场所,锦江区,104.110478,30.597616,1
口子村菜市场,shopping,购物服务;购物相关场所;购物相关场所,锦江区,104.104348,30.593539,3
天源,shopping,购物服务;便民商店/便利店;便民商店/便利店,锦江区,104.111662,30.59117,2
一品茗鼎,shopping,购物服务;专卖店;专营店,锦江区,104.104082,30.596592,2
科华通讯店(皇经楼西路),shopping,购物服务;家电电子卖场;手机销售,锦江区,104.103564,30.59295,1
蓝剑水连锁金象水站,shopping,购物服务;购物相关场所;购物相关场所,锦江区,104.104051,30.597255,1
武侯酒行,shopping,购物服务;专卖店;烟酒专卖店,锦江区,104.113166,30.591669,1
3KM连锁,shopping,购物服务;购物相关场所;购物相关场所,锦江区,104.110811,30.589941,1
万水千山锦江店,shopping,购物服务;购物相关场所;购物相关场所,锦江区,104.105876,30.589978,1
和星数码通讯,shopping,购物服务;家电电子卖场;手机销售,锦江区,104.1037,30.591211,2
重庆鲜切面(锦逸路),shopping,购物服务;综合市场;农副产品市场,锦江区,104.113832,30.59601,1
成都川宇消防器材有限公司,shopping,购物服务;专卖店;专营店,锦江区,104.123497,30.596085,1
惠通陆华,shopping,购物服务;购物相关场所;购物相关场所,锦江区,104.114027,30.591418,1
JEEP,shopping,购物服务;服装鞋帽皮具店;服装鞋帽皮具店,锦江区,104.113761,30.590152,1
平价奶屋,shopping,购物服务;购物相关场所;购物相关场所,锦江区,104.131766,30.596603,10
爱智堂,shopping,购物服务;购物相关场所;购物相关场所,锦江区,104.128801,30.590131,1
成锋金锁,shopping,购物服务;专卖店;专营店,锦江区,104.13318,30.598881,4
凤姐萝卜干,shopping,购物服务;购物相关场所;购物相关场所,锦江区,104.132895,30.58984,1
卓锦曼购中心,shopping,购物服务;商场;购物中心,锦江区,104.133247,30.598116,1
Suddenly,shopping,购物服务;服装鞋帽皮具店;服装鞋帽皮具店,锦江区,104.130942,30.590148,1
力力羊绒店,shopping,购物服务;服装鞋帽皮具店;服装鞋帽皮具店,锦江区,104.138826,30.595856,6
和祥果蔬超市,shopping,购物服务;超级市场;超市,锦江区,104.138002,30.596414,2
幸福盛世超市,shopping,购物服务;购物相关场所;购物相关场所,锦江区,104.138242,30.592228,2
美林便民菜市,shopping,购物服务;综合市场;蔬菜市场,锦江区,104.139175,30.592076,4
安娜,shopping,购物服务;服装鞋帽皮具店;服装鞋帽皮具店,锦江区,104.141012,30.596878,65
链家(卓锦城南店),shopping,购物服务;购物相关场所;购物相关场所,锦江区,104.136823,30.59663,1
甘露堂,shopping,购物服务;专卖店;专营店,锦江区,104.135041,30.59314,7
充电点(三圣乡街办店),shopping,购物服务;购物相关场所;购物相关场所,锦江区,104.140632,30.591572,1
天天便利店(白桦林路),shopping,购物服务;便民商店/便利店;便民商店/便利店,锦江区,104.135031,30.592295,1
婧画论,shopping,购物服务;购物相关场所;购物相关场所,锦江区,104.140982,30.598074,1
全峰,shopping,购物服务;购物相关场所;购物相关场所,锦江区,104.137374,30.599004,1
摩尚,shopping,购物服务;便民商店/便利店;便民商店/便利店,锦江区,104.140997,30.598603,1
易达超市,shopping,购物服务;购物相关场所;购物相关场所,锦江区,104.142866,30.597848,2
艾徕美,shopping,购物服务;服装鞋帽皮具店;服装鞋帽皮具店,锦江区,104.14353,30.597726,9
天天开心,shopping,购物服务;购物相关场所;购物相关场所,锦江区,104.134055,30.599036,1
果珍食汇,shopping,购物服务;综合市场;蔬菜市场,锦江区,104.150641,30.593765,3
多肉(旗舰店),shopping,购物服务;花鸟鱼虫市场;花卉市场,锦江区,104.153321,30.590214,1
爱家超市(牡丹街),shopping,购物服务;便民商店/便利店;便民商店/便利店,锦江区,104.152603,30.593607,2
锦江区优加超市,shopping,购物服务;购物相关场所;购物相关场所,锦江区,104.151512,30.593366,1
久香园,shopping,购物服务;专卖店;烟酒专卖店,锦江区,104.156641,30.593072,1
锦红小卖部,shopping,购物服务;便民商店/便利店;便民商店/便利店,锦江区,104.156895,30.590536,2
音书时代,shopping,购物服务;购物相关场所;购物相关场所,锦江区,104.156473,30.591243,1
右舍,shopping,购物服务;购物相关场所;购物相关场所,锦江区,104.154996,30.591558,1
民工超市(芙蓉东路),shopping,购物服务;超级市场;超市,锦江区,104.166507,30.594298,1
大东,shopping,购物服务;服装鞋帽皮具店;品牌鞋店,武侯区,103.972955,30.586437,132
尚衣阁,shopping,购物服务;服装鞋帽皮具店;服装鞋帽皮具店,武侯区,103.972244,30.581486,102
鸿运批发超市(三线沟路),shopping,购物服务;便民商店/便利店;便民商店/便利店,武侯区,103.96889,30.586711,1
左右左鞋业,shopping,购物服务;服装鞋帽皮具店;服装鞋帽皮具店,武侯区,103.966466,30.583605,5
余姐酒水,shopping,购物服务;专卖店;烟酒专卖店,武侯区,103.966496,30.582744,3
好实惠超市,shopping,购物服务;便民商店/便利店;便民商店/便利店,武侯区,103.968208,30.581734,2
渠成超市,shopping,购物服务;便民商店/便利店;便民商店/便利店,武侯区,103.966831,30.587457,5
天语超市,shopping,购物服务;购物相关场所;购物相关场所,武侯区,103.966303,30.587015,2
金城鞋材,shopping,购物服务;专卖店;专营店,武侯区,103.965452,30.586552,6
珍珍鞋城,shopping,购物服务;服装鞋帽皮具店;服装鞋帽皮具店,武侯区,103.972773,30.584945,1
火鑫超市,shopping,购物服务;便民商店/便利店;便民商店/便利店,武侯区,103.967251,30.58131,2
万佳鞋业,shopping,购物服务;购物相关场所;购物相关场所,武侯区,103.970809,30.588106,13
武侯区兴诗璐鞋业经营部,shopping,购物服务;购物相关场所;购物相关场所,武侯区,103.96658,30.581648,1
簇马路三段40号,shopping,购物服务;购物相关场所;购物相关场所,武侯区,103.966916,30.588019,1
鸿福超市(簇马路三段),shopping,购物服务;便民商店/便利店;便民商店/便利店,武侯区,103.964379,30.586047,1
浩鑫鞋业,shopping,购物服务;专卖店;专营店,武侯区,103.965241,30.587508,1
华蕊夫人,shopping,购物服务;购物相关场所;购物相关场所,武侯区,103.968227,30.579906,13
金洪鞋业,shopping,购物服务;服装鞋帽皮具店;服装鞋帽皮具店,武侯区,103.965692,30.588065,1
财护柜业,shopping,购物服务;专卖店;专营店,武侯区,103.969581,30.580109,5
小李酒水批发超市,shopping,购物服务;便民商店/便利店;便民商店/便利店,武侯区,103.967388,30.58042,1
多美姿,shopping,购物服务;服装鞋帽皮具店;服装鞋帽皮具店,武侯区,103.973646,30.582604,3
南欣树脂,shopping,购物服务;购物相关场所;购物相关场所,武侯区,103.971716,30.579972,2
佳雪酒水,shopping,购物服务;专卖店;烟酒专卖店,武侯区,103.979501,30.585559,8
精艺鞋材,shopping,购物服务;购物相关场所;购物相关场所,武侯区,103.977771,30.583499,1
扬舟,shopping,购物服务;便民商店/便利店;便民商店/便利店,武侯区,103.978563,30.58681,40
胜运鞋业,shopping,购物服务;服装鞋帽皮具店;服装鞋帽皮具店,武侯区,103.976577,30.582718,6
友谊多超市,shopping,购物服务;便民商店/便利店;便民商店/便利店,武侯区,103.976764,30.586911,1
五哥便利店,shopping,购物服务;便民商店/便利店;便民商店/便利店,武侯区,103.97586,30.583216,1
璐璐超市,shopping,购物服务;便民商店/便利店;便民商店/便利店,武侯区,103.979791,30.587608,3
利发超市(凉港二路),shopping,购物服务;便民商店/便利店;便民商店/便利店,武侯区,103.975209,30.58561,1
树林家私,shopping,购物服务;购物相关场所;购物相关场所,武侯区,103.976737,30.588939,29
鑫发超市,shopping,购物服务;便民商店/便利店;便民商店/便利店,武侯区,103.97952,30.588619,1
顺鑫花皮,shopping,购物服务;专卖店;专营店,武侯区,103.979847,30.589052,2
德惠配送,shopping,购物服务;便民商店/便利店;便民商店/便利店,武侯区,103.975374,30.580316,17
馨雨水业,shopping,购物服务;购物相关场所;购物相关场所,武侯区,103.974482,30.579911,3
亿佳超市(文昌店),shopping,购物服务;便民商店/便利店;便民商店/便利店,武侯区,104.000237,30.584915,1
五金日杂,shopping,购物服务;购物相关场所;购物相关场所,武侯区,104.001275,30.584714,6
顺明超市(文昌东路),shopping,购物服务;便民商店/便利店;便民商店/便利店,武侯区,104.002404,30.585111,1
体源超市,shopping,购物服务;便民商店/便利店;便民商店/便利店,武侯区,104.002542,30.585861,4
1234舞,shopping,购物服务;购物相关场所;购物相关场所,武侯区,104.002194,30.582739,1
秀秀超市(美好花园三期西),shopping,购物服务;便民商店/便利店;便民商店/便利店,武侯区,104.003503,30.584981,1
随意超市,shopping,购物服务;便民商店/便利店;便民商店/便利店,武侯区,104.002522,30.582042,2
文昌村月亮湾花卉市场,shopping,购物服务;花鸟鱼虫市场;花卉市场,武侯区,104.001698,30.585171,1
川西蓄电池(文昌西路),shopping,购物服务;专卖店;专营店,武侯区,104.000407,30.585357,1
华亿超市(文昌路),shopping,购物服务;超级市场;超市,武侯区,104.001284,30.585608,1
成都体育学院航空港校区校园超市,shopping,购物服务;便民商店/便利店;便民商店/便利店,武侯区,104.004558,30.586345,1
段二哥副食店,shopping,购物服务;便民商店/便利店;便民商店/便利店,武侯区,104.010182,30.58908,2
应急物资供应,shopping,购物服务;购物相关场所;购物相关场所,武侯区,104.009464,30.589272,1
九九小卖部,shopping,购物服务;便民商店/便利店;便民商店/便利店,武侯区,104.016433,30.587029,1
精品超市,shopping,购物服务;购物相关场所;购物相关场所,武侯区,104.023407,30.588035,1
童谣,shopping,购物服务;专卖店;儿童用品店,武侯区,104.030443,30.585296,157
亚妹副食,shopping,购物服务;便民商店/便利店;便民商店/便利店,武侯区,104.02704,30.584742,13
海尔,shopping,购物服务;购物相关场所;购物相关场所,武侯区,104.030104,30.583728,10
鑫禄钟表行,shopping,购物服务;专卖店;专营店,武侯区,104.028225,30.583005,1
仁和副食批发零售,shopping,购物服务;便民商店/便利店;便民商店/便利店,武侯区,104.027156,30.58335,2
晶晶书屋,shopping,购物服务;专卖店;书店,武侯区,104.031135,30.583294,9
裕新商贸,shopping,购物服务;便民商店/便利店;便民商店/便利店,武侯区,104.026965,30.582815,3
康科特斯公司,shopping,购物服务;购物相关场所;购物相关场所,武侯区,104.030307,30.582765,1
六角寨超市,shopping,购物服务;便民商店/便利店;便民商店/便利店,武侯区,104.030893,30.582116,7
胡姐超市(石桥路),shopping,购物服务;便民商店/便利店;便民商店/便利店,武侯区,104.030672,30.586924,1
石桥粮油批发部,shopping,购物服务;综合市场;农副产品市场,武侯区,104.032255,30.584163,1
铭曦副食店,shopping,购物服务;便民商店/便利店;便民商店/便利店,武侯区,104.030626,30.588307,3
陈氏农庄,shopping,购物服务;综合市场;果品市场,武侯区,104.033118,30.580617,8
ISUZU,shopping,购物服务;购物相关场所;购物相关场所,武侯区,104.026254,30.589371,1
雷凌,shopping,购物服务;购物相关场所;购物相关场所,武侯区,104.024504,30.589393,1
美洲四季滑雪场雪具大厅,shopping,购物服务;体育用品店;体育用品店,武侯区,104.030436,30.580742,1
链家(九号公馆南A店),shopping,购物服务;购物相关场所;购物相关场所,武侯区,104.039202,30.582638,1
蓉茂批零超市,shopping,购物服务;便民商店/便利店;便民商店/便利店,武侯区,104.039322,30.581679,2
果香浓郁,shopping,购物服务;综合市场;果品市场,武侯区,104.03545,30.582101,5
联合一百购物中心,shopping,购物服务;超级市场;超市,武侯区,104.034056,30.58275,1
一家亲超市,shopping,购物服务;购物相关场所;购物相关场所,武侯区,104.034519,30.581027,1
园子鲜果,shopping,购物服务;综合市场;果品市场,武侯区,104.034118,30.588522,3
四川天福茗茶销售有限公司,shopping,购物服务;购物相关场所;购物相关场所,武侯区,104.03787,30.586492,1
平购生活超市,shopping,购物服务;便民商店/便利店;便民商店/便利店,武侯区,104.049982,30.583318,3
正肯商汇(刘堂燕分店),shopping,购物服务;购物相关场所;购物相关场所,武侯区,104.049536,30.586025,1
智慧茶城,shopping,购物服务;专卖店;专营店,武侯区,104.05123,30.583991,1
肴易食进口生鲜直供,shopping,购物服务;综合市场;水产海鲜市场,武侯区,104.051194,30.583298,4
依然尚品皮具护理店,shopping,购物服务;购物相关场所;购物相关场所,武侯区,104.049945,30.581986,1
友佳鲜果(城南华府店),shopping,购物服务;综合市场;果品市场,武侯区,104.051771,30.582904,1
icp环汇商业广场,shopping,购物服务;购物相关场所;购物相关场所,武侯区,104.052502,30.585035,1
千娇百媚花店,shopping,购物服务;花鸟鱼虫市场;花卉市场,武侯区,104.044804,30.583223,1
云理科技,shopping,购物服务;购物相关场所;购物相关场所,武侯区,104.052675,30.584079,1
龙稻,shopping,购物服务;专卖店;专营店,武侯区,104.050756,30.581217,14
么么生活超市(仁和春天店),shopping,购物服务;便民商店/便利店;便民商店/便利店,武侯区,104.049987,30.587919,1
麦歌菜业(城南华府店),shopping,购物服务;综合市场;蔬菜市场,武侯区,104.051758,30.58195,1
锦晖菜市,shopping,购物服务;综合市场;蔬菜市场,武侯区,104.051516,30.587516,11
锦尚菜市,shopping,购物服务;综合市场;蔬菜市场,武侯区,104.046846,30.58071,9
链家(仁和店),shopping,购物服务;购物相关场所;购物相关场所,武侯区,104.049657,30.588788,1
宠宠熊(高新店),shopping,购物服务;专卖店;宠物用品店,武侯区,104.044776,30.581042,2
竹叶青(天府新谷店),shopping,购物服务;专卖店;烟酒专卖店,武侯区,104.051962,30.588824,2
漫果生活,shopping,购物服务;便民商店/便利店;便民商店/便利店,武侯区,104.05356,30.588796,10
海石文化,shopping,购物服务;购物相关场所;购物相关场所,武侯区,104.052782,30.58841,1
卓玛旗袍生活馆,shopping,购物服务;服装鞋帽皮具店;品牌服装店,武侯区,104.051732,30.588362,1
格力电器(锦晖店),shopping,购物服务;家电电子卖场;家电电子卖场,武侯区,104.050738,30.587567,1
LT莱缇,shopping,购物服务;购物相关场所;购物相关场所,武侯区,104.058749,30.585961,6
捷豹路虎,shopping,购物服务;购物相关场所;购物相关场所,武侯区,104.05661,30.584155,1
成都合景汇,shopping,购物服务;购物相关场所;购物相关场所,武侯区,104.056659,30.58563,1
菩提香影,shopping,购物服务;购物相关场所;购物相关场所,武侯区,104.058722,30.587041,12
7-ELEVEn(中海国际店),shopping,购物服务;便民商店/便利店;7-ELEVEn便利店,武侯区,104.056298,30.583584,2
宠宠熊店,shopping,购物服务;购物相关场所;购物相关场所,武侯区,104.055973,30.584731,2
全家便利店(交子大道店),shopping,购物服务;便民商店/便利店;便民商店/便利店,武侯区,104.059394,30.586718,1
古艺坊,shopping,购物服务;购物相关场所;购物相关场所,武侯区,104.058268,30.587923,4
SOGO办公,shopping,购物服务;购物相关场所;购物相关场所,武侯区,104.059461,30.580872,3
全鹏农业,shopping,购物服务;购物相关场所;购物相关场所,武侯区,104.062724,30.583798,4
幸福零贰玖,shopping,购物服务;购物相关场所;购物相关场所,武侯区,104.05792,30.580266,2
佳禾汇超市(蜀锦路),shopping,购物服务;便民商店/便利店;便民商店/便利店,武侯区,104.059167,30.579776,3
红旗超市(锦晖西一街便利店),shopping,购物服务;便民商店/便利店;便民商店/便利店,武侯区,104.060984,30.588673,1
全时(奥克斯广场),shopping,购物服务;便民商店/便利店;便民商店/便利店,武侯区,104.060273,30.57951,2
卡乐果园,shopping,购物服务;购物相关场所;购物相关场所,武侯区,104.054234,30.588474,2
格力(奥克斯广场),shopping,购物服务;家电电子卖场;家电电子卖场,武侯区,104.058058,30.579505,1
百益·超市(交子南二路),shopping,购物服务;超级市场;超市,武侯区,104.059012,30.584113,1
红旗超市(市政务中心便利店),shopping,购物服务;超级市场;超市,武侯区,104.062541,30.579995,1
成都银泰中心in99,shopping,购物服务;商场;购物中心,武侯区,104.067184,30.58823,1
四川融易典当有限公司,shopping,购物服务;购物相关场所;购物相关场所,武侯区,104.064189,30.58329,2
大金空调,shopping,购物服务;家电电子卖场;家电电子卖场,武侯区,104.073204,30.579577,2
石墙菜市,shopping,购物服务;综合市场;蔬菜市场,武侯区,104.070838,30.588721,7
公共自行车(政府四办公区站),shopping,购物服务;购物相关场所;购物相关场所,武侯区,104.063586,30.581222,1
水果营行,shopping,购物服务;购物相关场所;购物相关场所,锦江区,104.082842,30.587861,1
黃老五王氏水果店,shopping,购物服务;综合市场;果品市场,锦江区,104.092959,30.586181,1
杨空调,shopping,购物服务;综合市场;旧货市场,锦江区,104.092404,30.579884,6
李妹酒店用品,shopping,购物服务;专卖店;专营店,锦江区,104.093111,30.579573,1
家家发平价超市,shopping,购物服务;超级市场;超市,锦江区,104.089874,30.58309,1
小胡干杂店,shopping,购物服务;便民商店/便利店;便民商店/便利店,锦江区,104.090389,30.581766,1
青神干杂店,shopping,购物服务;便民商店/便利店;便民商店/便利店,锦江区,104.092998,30.586883,1
水港机械部,shopping,购物服务;购物相关场所;购物相关场所,锦江区,104.103763,30.585608,8
日盛超市(琉新路),shopping,购物服务;便民商店/便利店;便民商店/便利店,锦江区,104.102648,30.588123,1
极速单车俱乐部单车服务站生活便利店,shopping,购物服务;便民商店/便利店;便民商店/便利店,锦江区,104.120352,30.586645,1
人人飞航模,shopping,购物服务;专卖店;专营店,锦江区,104.119967,30.587693,1
绿道商店,shopping,购物服务;便民商店/便利店;便民商店/便利店,锦江区,104.113524,30.587737,1
赛配配件中心,shopping,购物服务;购物相关场所;购物相关场所,锦江区,104.11758,30.585821,1
VTS168,shopping,购物服务;购物相关场所;购物相关场所,锦江区,104.116841,30.585708,1
眉眼唇私人定制,shopping,购物服务;购物相关场所;购物相关场所,锦江区,104.132316,30.582904,2
杜宝,shopping,购物服务;购物相关场所;购物相关场所,锦江区,104.133198,30.588373,2
自己做软陶首饰工坊,shopping,购物服务;购物相关场所;购物相关场所,锦江区,104.132857,30.58371,1
真人公仔坊,shopping,购物服务;购物相关场所;购物相关场所,锦江区,104.132671,30.582067,2
锦江区君财干杂店,shopping,购物服务;便民商店/便利店;便民商店/便利店,锦江区,104.126462,30.589367,1
三圣梅林副食,shopping,购物服务;便民商店/便利店;便民商店/便利店,锦江区,104.133525,30.586912,1
捷豹拓展真人CS,shopping,购物服务;购物相关场所;购物相关场所,锦江区,104.138532,30.581814,1
多又好超市(三圣分店),shopping,购物服务;便民商店/便利店;便民商店/便利店,锦江区,104.143495,30.582651,1
盆景缘,shopping,购物服务;花鸟鱼虫市场;花卉市场,锦江区,104.140514,30.580372,1
出租自行车山地车,shopping,购物服务;购物相关场所;购物相关场所,锦江区,104.136823,30.586324,1
吉美文具,shopping,购物服务;购物相关场所;购物相关场所,锦江区,104.142317,30.588382,1
锦江区滨湖食品经营店,shopping,购物服务;便民商店/便利店;便民商店/便利店,锦江区,104.136602,30.587462,1
优+超市,shopping,购物服务;购物相关场所;购物相关场所,锦江区,104.14951,30.584735,3
舞东风(银杏大道),shopping,购物服务;便民商店/便利店;便民商店/便利店,锦江区,104.14895,30.585271,1
星语星愿花店,shopping,购物服务;专卖店;专营店,锦江区,104.149044,30.586706,1
华兴糖酒(洪柏路),shopping,购物服务;便民商店/便利店;便民商店/便利店,锦江区,104.145414,30.583686,1
天天五金,shopping,购物服务;购物相关场所;购物相关场所,锦江区,104.144701,30.584454,7
福全干杂,shopping,购物服务;便民商店/便利店;便民商店/便利店,锦江区,104.147188,30.581479,2
缪秦苗圃,shopping,购物服务;花鸟鱼虫市场;花卉市场,锦江区,104.152639,30.584636,1
姐妹花圃,shopping,购物服务;购物相关场所;购物相关场所,锦江区,104.152643,30.58329,3
花啦啦花艺工作室,shopping,购物服务;花鸟鱼虫市场;花卉市场,锦江区,104.150581,30.587911,1
露西花卉园艺,shopping,购物服务;花鸟鱼虫市场;花卉市场|公司企业;公司;公司,锦江区,104.150589,30.580911,1
天开,shopping,购物服务;花鸟鱼虫市场;花鸟鱼虫市场,锦江区,104.153384,30.58764,49
大兴花行,shopping,购物服务;购物相关场所;购物相关场所,锦江区,104.15323,30.583528,4
胖哥干杂店,shopping,购物服务;购物相关场所;购物相关场所,锦江区,104.143902,30.583452,2
顺达花盆,shopping,购物服务;专卖店;专营店,锦江区,104.150176,30.579988,5
蜀美花匠,shopping,购物服务;花鸟鱼虫市场;花卉市场,锦江区,104.150878,30.580096,2
三圣花卉网,shopping,购物服务;商场;商场,锦江区,104.149836,30.586766,1
驸马文具店,shopping,购物服务;文化用品店;文化用品店,锦江区,104.146701,30.582119,1
红杉谷,shopping,购物服务;购物相关场所;购物相关场所,锦江区,104.159805,30.585156,1
太阳花卉鲜花批发部,shopping,购物服务;花鸟鱼虫市场;花卉市场,锦江区,104.158693,30.585847,1
瑆玥酒业,shopping,购物服务;专卖店;烟酒专卖店,锦江区,104.156176,30.584017,9
刘家花园小卖部,shopping,购物服务;便民商店/便利店;便民商店/便利店,锦江区,104.160611,30.581793,1
郫县农科村萝卜干,shopping,购物服务;综合市场;农副产品市场,锦江区,104.154708,30.584284,1
司马茶,shopping,购物服务;便民商店/便利店;便民商店/便利店,锦江区,104.156829,30.581471,1
辛意糖屋,shopping,购物服务;购物相关场所;购物相关场所,锦江区,104.154372,30.585878,11
花园酒水超市,shopping,购物服务;专卖店;专营店,锦江区,104.159949,30.580867,1
