{
  "type": "FeatureCollection",
  "features": [
    {
      "type": "Feature",
      "geometry": {
        "type": "Point",
        "coordinates": [
          103.97358,
          30.734008
        ]
      },
      "properties": {
        "name": "卡奇乐儿童益智乐园",
        "category": "sports",
        "type": "体育休闲服务;休闲场所;游乐场",
        "district": "金牛区",
        "weight": 1
      }
    },
    {
      "type": "Feature",
      "geometry": {
        "type": "Point",
        "coordinates": [
          103.971529,
          30.730994
        ]
      },
      "properties": {
        "name": "高新皇冠假日酒店水之韵酒吧",
        "category": "sports",
        "type": "体育休闲服务;娱乐场所;酒吧",
        "district": "金牛区",
        "weight": 2
      }
    },
    {
      "type": "Feature",
      "geometry": {
        "type": "Point",
        "coordinates": [
          103.998201,
          30.732153
        ]
      },
      "properties": {
        "name": "红鹤园",
        "category": "sports",
        "type": "体育休闲服务;度假疗养场所;疗养院",
        "district": "金牛区",
        "weight": 1
      }
    },
    {
      "type": "Feature",
      "geometry": {
        "type": "Point",
        "coordinates": [
          104.001292,
          30.736057
        ]
      },
      "properties": {
        "name": "欣悦网吧(全兴路)",
        "category": "sports",
        "type": "体育休闲服务;娱乐场所;网吧",
        "district": "金牛区",
        "weight": 1
      }
    },
    {
      "type": "Feature",
      "geometry": {
        "type": "Point",
        "coordinates": [
          104.007273,
          30.738628
        ]
      },
      "properties": {
        "name": "秘地KTV",
        "category": "sports",
        "type": "体育休闲服务;娱乐场所;KTV",
        "district": "金牛区",
        "weight": 1
      }
    },
    {
      "type": "Feature",
      "geometry": {
        "type": "Point",
        "coordinates": [
          104.007852,
          30.733837
        ]
      },
      "properties": {
        "name": "光年网咖(动感地带店)",
        "category": "sports",
        "type": "体育休闲服务;娱乐场所;网吧",
        "district": "金牛区",
        "weight": 3
      }
    },
    {
      "type": "Feature",
      "geometry": {
        "type": "Point",
        "coordinates": [
          104.013217,
          30.732232
        ]
      },
      "properties": {
        "name": "英豪搏击",
        "category": "sports",
        "type": "体育休闲服务;运动场馆;运动场所",
        "district": "金牛区",
        "weight": 1
      }
    },
    {
      "type": "Feature",
      "geometry": {
        "type": "Point",
        "coordinates": [
          104.010823,
          30.733678
        ]
      },
      "properties": {
        "name": "云云网吧(盛兴路)",
        "category": "sports",
        "type": "体育休闲服务;娱乐场所;网吧",
        "district": "金牛区",
        "weight": 1
      }
    },
    {
      "type": "Feature",
      "geometry": {
        "type": "Point",
        "coordinates": [
          104.011655,
          30.739462
        ]
      },
      "properties": {
        "name": "沙西佳园",
        "category": "sports",
        "type": "体育休闲服务;休闲场所;休闲场所",
        "district": "金牛区",
        "weight": 1
      }
    },
    {
      "type": "Feature",
      "geometry": {
        "type": "Point",
        "coordinates": [
          104.014355,
          30.73553
        ]
      },
      "properties": {
        "name": "情深网吧(盛兴路)",
        "category": "sports",
        "type": "体育休闲服务;娱乐场所;网吧",
        "district": "金牛区",
        "weight": 1
      }
    },
    {
      "type": "Feature",
      "geometry": {
        "type": "Point",
        "coordinates": [
          104.015649,
          30.73944
        ]
      },
      "properties": {
        "name": "荷花山庄(西门)",
        "category": "sports",
        "type": "通行设施;临街院门;临街院门|体育休闲服务;休闲场所;休闲场所",
        "district": "金牛区",
        "weight": 1
      }
    },
    {
      "type": "Feature",
      "geometry": {
        "type": "Point",
        "coordinates": [
          104.026414,
          30.732856
        ]
      },
      "properties": {
        "name": "星城网络会所",
        "category": "sports",
        "type": "体育休闲服务;娱乐场所;网吧",
        "district": "金牛区",
        "weight": 4
      }
    },
    {
      "type": "Feature",
      "geometry": {
        "type": "Point",
        "coordinates": [
          104.028446,
          30.734202
        ]
      },
      "properties": {
        "name": "上河居度假村(府河静园南)",
        "category": "sports",
        "type": "体育休闲服务;度假疗养场所;度假村",
        "district": "金牛区",
        "weight": 1
      }
    },
    {
      "type": "Feature",
      "geometry": {
        "type": "Point",
        "coordinates": [
          104.029267,
          30.73175
        ]
      },
      "properties": {
        "name": "社稷网咖",
        "category": "sports",
        "type": "体育休闲服务;娱乐场所;网吧",
        "district": "金牛区",
        "weight": 1
      }
    },
    {
      "type": "Feature",
      "geometry": {
        "type": "Point",
        "coordinates": [
          104.029018,
          30.730366
        ]
      },
      "properties": {
        "name": "府河新居社区日间照料中心",
        "category": "sports",
        "type": "体育休闲服务;度假疗养场所;疗养院",
        "district": "金牛区",
        "weight": 2
      }
    },
    {
      "type": "Feature",
      "geometry": {
        "type": "Point",
        "coordinates": [
          104.024364,
          30.731306
        ]
      },
      "properties": {
        "name": "灯火阑珊网吧",
        "category": "sports",
        "type": "体育休闲服务;娱乐场所;网吧",
        "district": "金牛区",
        "weight": 2
      }
    },
    {
      "type": "Feature",
      "geometry": {
        "type": "Point",
        "coordinates": [
          104.033289,
          30.73804
        ]
      },
      "properties": {
        "name": "时空引擎网吧连锁",
        "category": "sports",
        "type": "体育休闲服务;娱乐场所;网吧",
        "district": "金牛区",
        "weight": 1
      }
    },
    {
      "type": "Feature",
      "geometry": {
        "type": "Point",
        "coordinates": [
          104.037552,
          30.738435
        ]
      },
      "properties": {
        "name": "靖地度假俱乐部",
        "category": "sports",
        "type": "体育休闲服务;体育休闲服务场所;体育休闲服务场所",
        "district": "金牛区",
        "weight": 1
      }
    },
    {
      "type": "Feature",
      "geometry": {
        "type": "Point",
        "coordinates": [
          104.041023,
          30.732602
        ]
      },
      "properties": {
        "name": "省建二公司老年活动中心",
        "category": "sports",
        "type": "体育休闲服务;休闲场所;休闲场所",
        "district": "金牛区",
        "weight": 1
      }
    },
    {
      "type": "Feature",
      "geometry": {
        "type": "Point",
        "coordinates": [
          104.041218,
          30.739064
        ]
      },
      "properties": {
        "name": "必好情苑网吧",
        "category": "sports",
        "type": "体育休闲服务;娱乐场所;网吧",
        "district": "金牛区",
        "weight": 1
      }
    },
    {
      "type": "Feature",
      "geometry": {
        "type": "Point",
        "coordinates": [
          104.059607,
          30.733106
        ]
      },
      "properties": {
        "name": "七鑫网咖",
        "category": "sports",
        "type": "体育休闲服务;娱乐场所;网吧",
        "district": "金牛区",
        "weight": 4
      }
    },
    {
      "type": "Feature",
      "geometry": {
        "type": "Point",
        "coordinates": [
          104.056103,
          30.733848
        ]
      },
      "properties": {
        "name": "天美网吧(嘉源店)",
        "category": "sports",
        "type": "体育休闲服务;娱乐场所;网吧",
        "district": "金牛区",
        "weight": 1
      }
    },
    {
      "type": "Feature",
      "geometry": {
        "type": "Point",
        "coordinates": [
          104.057005,
          30.730707
        ]
      },
      "properties": {
        "name": "泉水叮当网络驿站",
        "category": "sports",
        "type": "体育休闲服务;娱乐场所;网吧",
        "district": "金牛区",
        "weight": 1
      }
    },
    {
      "type": "Feature",
      "geometry": {
        "type": "Point",
        "coordinates": [
          104.062261,
          30.737211
        ]
      },
      "properties": {
        "name": "专业施工运动场地",
        "category": "sports",
        "type": "体育休闲服务;体育休闲服务场所;体育休闲服务场所",
        "district": "金牛区",
        "weight": 1
      }
    },
    {
      "type": "Feature",
      "geometry": {
        "type": "Point",
        "coordinates": [
          104.075728,
          30.732797
        ]
      },
      "properties": {
        "name": "金牛区老年协会枯丰园活动中心",
        "category": "sports",
        "type": "体育休闲服务;娱乐场所;娱乐场所",
        "district": "金牛区",
        "weight": 1
      }
    },
    {
      "type": "Feature",
      "geometry": {
        "type": "Point",
        "coordinates": [
          104.111987,
          30.731123
        ]
      },
      "properties": {
        "name": "四川省总工会成都工人疗养院",
        "category": "sports",
        "type": "体育休闲服务;度假疗养场所;疗养院",
        "district": "成华区",
        "weight": 1
      }
    },
    {
      "type": "Feature",
      "geometry": {
        "type": "Point",
        "coordinates": [
          104.109807,
          30.731109
        ]
      },
      "properties": {
        "name": "海韵网吧(蜀陵路)",
        "category": "sports",
        "type": "体育休闲服务;娱乐场所;网吧",
        "district": "成华区",
        "weight": 1
      }
    },
    {
      "type": "Feature",
      "geometry": {
        "type": "Point",
        "coordinates": [
          104.107482,
          30.731967
        ]
      },
      "properties": {
        "name": "艾特网吧(蓉都大道将军碑路辅路)",
        "category": "sports",
        "type": "体育休闲服务;娱乐场所;网吧",
        "district": "金牛区",
        "weight": 1
      }
    },
    {
      "type": "Feature",
      "geometry": {
        "type": "Point",
        "coordinates": [
          104.107882,
          30.735448
        ]
      },
      "properties": {
        "name": "钟哥麻将馆",
        "category": "sports",
        "type": "体育休闲服务;娱乐场所;棋牌室",
        "district": "金牛区",
        "weight": 1
      }
    },
    {
      "type": "Feature",
      "geometry": {
        "type": "Point",
        "coordinates": [
          104.11592,
          30.73325
        ]
      },
      "properties": {
        "name": "四川道盟跆拳道成都馆",
        "category": "sports",
        "type": "体育休闲服务;运动场馆;运动场所",
        "district": "成华区",
        "weight": 1
      }
    },
    {
      "type": "Feature",
      "geometry": {
        "type": "Point",
        "coordinates": [
          104.138414,
          30.734703
        ]
      },
      "properties": {
        "name": "陈氏太极馆",
        "category": "sports",
        "type": "体育休闲服务;体育休闲服务场所;体育休闲服务场所",
        "district": "成华区",
        "weight": 2
      }
    },
    {
      "type": "Feature",
      "geometry": {
        "type": "Point",
        "coordinates": [
          104.140212,
          30.738079
        ]
      },
      "properties": {
        "name": "成都大熊猫繁育研究基地熊猫魅力剧场",
        "category": "sports",
        "type": "风景名胜;风景名胜;国家级景点|体育休闲服务;影剧院;剧场",
        "district": "成华区",
        "weight": 1
      }
    },
    {
      "type": "Feature",
      "geometry": {
        "type": "Point",
        "coordinates": [
          103.968793,
          30.721638
        ]
      },
      "properties": {
        "name": "精英团真人cs",
        "category": "sports",
        "type": "体育休闲服务;休闲场所;休闲场所",
        "district": "金牛区",
        "weight": 1
      }
    },
    {
      "type": "Feature",
      "geometry": {
        "type": "Point",
        "coordinates": [
          103.968395,
          30.719903
        ]
      },
      "properties": {
        "name": "成都精英团野外拓展训练俱乐部",
        "category": "sports",
        "type": "体育休闲服务;体育休闲服务场所;体育休闲服务场所",
        "district": "金牛区",
        "weight": 1
      }
    },
    {
      "type": "Feature",
      "geometry": {
        "type": "Point",
        "coordinates": [
          103.974582,
          30.721878
        ]
      },
      "properties": {
        "name": "天乾健身(中海店)",
        "category": "sports",
        "type": "体育休闲服务;运动场馆;健身中心",
        "district": "金牛区",
        "weight": 1
      }
    },
    {
      "type": "Feature",
      "geometry": {
        "type": "Point",
        "coordinates": [
          103.97653,
          30.726212
        ]
      },
      "properties": {
        "name": "MU Pub",
        "category": "sports",
        "type": "体育休闲服务;娱乐场所;酒吧",
        "district": "金牛区",
        "weight": 3
      }
    },
    {
      "type": "Feature",
      "geometry": {
        "type": "Point",
        "coordinates": [
          103.978203,
          30.724252
        ]
      },
      "properties": {
        "name": "谁家酒吧",
        "category": "sports",
        "type": "体育休闲服务;娱乐场所;酒吧",
        "district": "金牛区",
        "weight": 22
      }
    },
    {
      "type": "Feature",
      "geometry": {
        "type": "Point",
        "coordinates": [
          103.98181,
          30.723264
        ]
      },
      "properties": {
        "name": "成都007足球俱乐部",
        "category": "sports",
        "type": "体育休闲服务;运动场馆;足球场",
        "district": "金牛区",
        "weight": 1
      }
    },
    {
      "type": "Feature",
      "geometry": {
        "type": "Point",
        "coordinates": [
          103.988222,
          30.721128
        ]
      },
      "properties": {
        "name": "四宿天元",
        "category": "sports",
        "type": "体育休闲服务;娱乐场所;娱乐场所",
        "district": "金牛区",
        "weight": 2
      }
    },
    {
      "type": "Feature",
      "geometry": {
        "type": "Point",
        "coordinates": [
          103.988021,
          30.722721
        ]
      },
      "properties": {
        "name": "鸿运庄游泳池",
        "category": "sports",
        "type": "体育休闲服务;运动场馆;游泳馆",
        "district": "金牛区",
        "weight": 1
      }
    },
    {
      "type": "Feature",
      "geometry": {
        "type": "Point",
        "coordinates": [
          103.988742,
          30.729122
        ]
      },
      "properties": {
        "name": "大道客厅",
        "category": "sports",
        "type": "体育休闲服务;娱乐场所;娱乐场所",
        "district": "金牛区",
        "weight": 1
      }
    },
    {
      "type": "Feature",
      "geometry": {
        "type": "Point",
        "coordinates": [
          103.986711,
          30.725211
        ]
      },
      "properties": {
        "name": "官渡度假村",
        "category": "sports",
        "type": "体育休闲服务;度假疗养场所;度假村",
        "district": "金牛区",
        "weight": 1
      }
    },
    {
      "type": "Feature",
      "geometry": {
        "type": "Point",
        "coordinates": [
          103.995555,
          30.722081
        ]
      },
      "properties": {
        "name": "正成拉斐游泳池",
        "category": "sports",
        "type": "体育休闲服务;运动场馆;游泳馆",
        "district": "金牛区",
        "weight": 1
      }
    },
    {
      "type": "Feature",
      "geometry": {
        "type": "Point",
        "coordinates": [
          104.00111,
          30.721592
        ]
      },
      "properties": {
        "name": "云轩商务会所",
        "category": "sports",
        "type": "体育休闲服务;休闲场所;休闲场所",
        "district": "金牛区",
        "weight": 1
      }
    },
    {
      "type": "Feature",
      "geometry": {
        "type": "Point",
        "coordinates": [
          104.012514,
          30.727943
        ]
      },
      "properties": {
        "name": "绿色阳台",
        "category": "sports",
        "type": "通行设施;临街院门;临街院正门|体育休闲服务;休闲场所;休闲场所",
        "district": "金牛区",
        "weight": 1
      }
    },
    {
      "type": "Feature",
      "geometry": {
        "type": "Point",
        "coordinates": [
          104.009405,
          30.720373
        ]
      },
      "properties": {
        "name": "铸信羽毛球俱乐部",
        "category": "sports",
        "type": "体育休闲服务;运动场馆;羽毛球场",
        "district": "金牛区",
        "weight": 1
      }
    },
    {
      "type": "Feature",
      "geometry": {
        "type": "Point",
        "coordinates": [
          104.020945,
          30.721471
        ]
      },
      "properties": {
        "name": "四川青年艺术剧院",
        "category": "sports",
        "type": "体育休闲服务;影剧院;剧场",
        "district": "金牛区",
        "weight": 1
      }
    },
    {
      "type": "Feature",
      "geometry": {
        "type": "Point",
        "coordinates": [
          104.019016,
          30.727275
        ]
      },
      "properties": {
        "name": "东方会所",
        "category": "sports",
        "type": "体育休闲服务;休闲场所;休闲场所|住宿服务;住宿服务相关;住宿服务相关",
        "district": "金牛区",
        "weight": 1
      }
    },
    {
      "type": "Feature",
      "geometry": {
        "type": "Point",
        "coordinates": [
          104.015023,
          30.720877
        ]
      },
      "properties": {
        "name": "浪达浪",
        "category": "sports",
        "type": "体育休闲服务;休闲场所;休闲场所",
        "district": "金牛区",
        "weight": 1
      }
    },
    {
      "type": "Feature",
      "geometry": {
        "type": "Point",
        "coordinates": [
          104.031237,
          30.723019
        ]
      },
      "properties": {
        "name": "逍遥车",
        "category": "sports",
        "type": "体育休闲服务;休闲场所;游乐场",
        "district": "金牛区",
        "weight": 14
      }
    },
    {
      "type": "Feature",
      "geometry": {
        "type": "Point",
        "coordinates": [
          104.030601,
          30.720923
        ]
      },
      "properties": {
        "name": "酷宝王国儿童乐园",
        "category": "sports",
        "type": "体育休闲服务;休闲场所;游乐场",
        "district": "金牛区",
        "weight": 5
      }
    },
    {
      "type": "Feature",
      "geometry": {
        "type": "Point",
        "coordinates": [
          104.02709,
          30.725656
        ]
      },
      "properties": {
        "name": "华侨城高尔夫会所",
        "category": "sports",
        "type": "体育休闲服务;高尔夫相关;高尔夫球场",
        "district": "金牛区",
        "weight": 2
      }
    },
    {
      "type": "Feature",
      "geometry": {
        "type": "Point",
        "coordinates": [
          104.033414,
          30.724816
        ]
      },
      "properties": {
        "name": "遥控船",
        "category": "sports",
        "type": "体育休闲服务;休闲场所;游乐场",
        "district": "金牛区",
        "weight": 23
      }
    },
    {
      "type": "Feature",
      "geometry": {
        "type": "Point",
        "coordinates": [
          104.029142,
          30.725021
        ]
      },
      "properties": {
        "name": "小火车",
        "category": "sports",
        "type": "体育休闲服务;休闲场所;游乐场",
        "district": "金牛区",
        "weight": 18
      }
    },
    {
      "type": "Feature",
      "geometry": {
        "type": "Point",
        "coordinates": [
          104.031384,
          30.725836
        ]
      },
      "properties": {
        "name": "鸟笼",
        "category": "sports",
        "type": "体育休闲服务;休闲场所;游乐场",
        "district": "金牛区",
        "weight": 2
      }
    },
    {
      "type": "Feature",
      "geometry": {
        "type": "Point",
        "coordinates": [
          104.031435,
          30.728051
        ]
      },
      "properties": {
        "name": "弓箭手",
        "category": "sports",
        "type": "体育休闲服务;休闲场所;游乐场",
        "district": "金牛区",
        "weight": 13
      }
    },
    {
      "type": "Feature",
      "geometry": {
        "type": "Point",
        "coordinates": [
          104.033778,
          30.721609
        ]
      },
      "properties": {
        "name": "极速空间站",
        "category": "sports",
        "type": "体育休闲服务;休闲场所;游乐场|体育休闲服务;运动场馆;运动场所",
        "district": "金牛区",
        "weight": 3
      }
    },
    {
      "type": "Feature",
      "geometry": {
        "type": "Point",
        "coordinates": [
          104.029703,
          30.726954
        ]
      },
      "properties": {
        "name": "成都欢乐谷(西北门)",
        "category": "sports",
        "type": "体育休闲服务;休闲场所;游乐场|通行设施;临街院门;临街院门",
        "district": "金牛区",
        "weight": 1
      }
    },
    {
      "type": "Feature",
      "geometry": {
        "type": "Point",
        "coordinates": [
          104.033137,
          30.727558
        ]
      },
      "properties": {
        "name": "飓风滑道",
        "category": "sports",
        "type": "体育休闲服务;休闲场所;游乐场",
        "district": "金牛区",
        "weight": 1
      }
    },
    {
      "type": "Feature",
      "geometry": {
        "type": "Point",
        "coordinates": [
          104.027289,
          30.729269
        ]
      },
      "properties": {
        "name": "武道联盟",
        "category": "sports",
        "type": "体育休闲服务;运动场馆;运动场所|科教文化服务;培训机构;培训机构",
        "district": "金牛区",
        "weight": 2
      }
    },
    {
      "type": "Feature",
      "geometry": {
        "type": "Point",
        "coordinates": [
          104.023668,
          30.727359
        ]
      },
      "properties": {
        "name": "稻草人农家乐",
        "category": "sports",
        "type": "体育休闲服务;休闲场所;休闲场所",
        "district": "金牛区",
        "weight": 1
      }
    },
    {
      "type": "Feature",
      "geometry": {
        "type": "Point",
        "coordinates": [
          104.036073,
          30.722662
        ]
      },
      "properties": {
        "name": "FF纯K.PARTY",
        "category": "sports",
        "type": "体育休闲服务;娱乐场所;KTV",
        "district": "金牛区",
        "weight": 2
      }
    },
    {
      "type": "Feature",
      "geometry": {
        "type": "Point",
        "coordinates": [
          104.034923,
          30.725684
        ]
      },
      "properties": {
        "name": "龙卷风",
        "category": "sports",
        "type": "体育休闲服务;休闲场所;游乐场",
        "district": "金牛区",
        "weight": 4
      }
    },
    {
      "type": "Feature",
      "geometry": {
        "type": "Point",
        "coordinates": [
          104.043327,
          30.726222
        ]
      },
      "properties": {
        "name": "临水雅园",
        "category": "sports",
        "type": "餐饮服务;中餐厅;特色/地方风味餐厅|体育休闲服务;休闲场所;休闲场所",
        "district": "金牛区",
        "weight": 1
      }
    },
    {
      "type": "Feature",
      "geometry": {
        "type": "Point",
        "coordinates": [
          104.04133,
          30.719527
        ]
      },
      "properties": {
        "name": "金府量贩KTV",
        "category": "sports",
        "type": "体育休闲服务;娱乐场所;KTV",
        "district": "金牛区",
        "weight": 2
      }
    },
    {
      "type": "Feature",
      "geometry": {
        "type": "Point",
        "coordinates": [
          104.037068,
          30.724067
        ]
      },
      "properties": {
        "name": "盖尔森国际击剑中心",
        "category": "sports",
        "type": "体育休闲服务;运动场馆;运动场所",
        "district": "金牛区",
        "weight": 1
      }
    },
    {
      "type": "Feature",
      "geometry": {
        "type": "Point",
        "coordinates": [
          104.052764,
          30.724995
        ]
      },
      "properties": {
        "name": "西丰网吧",
        "category": "sports",
        "type": "体育休闲服务;娱乐场所;网吧",
        "district": "金牛区",
        "weight": 2
      }
    },
    {
      "type": "Feature",
      "geometry": {
        "type": "Point",
        "coordinates": [
          104.046311,
          30.719415
        ]
      },
      "properties": {
        "name": "红房子农家乐",
        "category": "sports",
        "type": "体育休闲服务;休闲场所;休闲场所",
        "district": "金牛区",
        "weight": 1
      }
    },
    {
      "type": "Feature",
      "geometry": {
        "type": "Point",
        "coordinates": [
          104.04917,
          30.72658
        ]
      },
      "properties": {
        "name": "众横时代网吧",
        "category": "sports",
        "type": "体育休闲服务;娱乐场所;网吧",
        "district": "金牛区",
        "weight": 2
      }
    },
    {
      "type": "Feature",
      "geometry": {
        "type": "Point",
        "coordinates": [
          104.048809,
          30.727653
        ]
      },
      "properties": {
        "name": "政通路社区老年活动中心",
        "category": "sports",
        "type": "体育休闲服务;休闲场所;休闲场所",
        "district": "金牛区",
        "weight": 1
      }
    },
    {
      "type": "Feature",
      "geometry": {
        "type": "Point",
        "coordinates": [
          104.047018,
          30.726799
        ]
      },
      "properties": {
        "name": "杨柳新屯小区网吧",
        "category": "sports",
        "type": "体育休闲服务;娱乐场所;网吧",
        "district": "金牛区",
        "weight": 1
      }
    },
    {
      "type": "Feature",
      "geometry": {
        "type": "Point",
        "coordinates": [
          104.060116,
          30.725278
        ]
      },
      "properties": {
        "name": "汇龙の网吧",
        "category": "sports",
        "type": "体育休闲服务;娱乐场所;网吧",
        "district": "金牛区",
        "weight": 2
      }
    },
    {
      "type": "Feature",
      "geometry": {
        "type": "Point",
        "coordinates": [
          104.056161,
          30.724112
        ]
      },
      "properties": {
        "name": "残之缘网吧",
        "category": "sports",
        "type": "体育休闲服务;娱乐场所;网吧",
        "district": "金牛区",
        "weight": 2
      }
    },
    {
      "type": "Feature",
      "geometry": {
        "type": "Point",
        "coordinates": [
          104.059413,
          30.724091
        ]
      },
      "properties": {
        "name": "浩丰网吧",
        "category": "sports",
        "type": "体育休闲服务;娱乐场所;网吧",
        "district": "金牛区",
        "weight": 1
      }
    },
    {
      "type": "Feature",
      "geometry": {
        "type": "Point",
        "coordinates": [
          104.062129,
          30.729007
        ]
      },
      "properties": {
        "name": "天然居",
        "category": "sports",
        "type": "体育休闲服务;娱乐场所;棋牌室",
        "district": "金牛区",
        "weight": 1
      }
    },
    {
      "type": "Feature",
      "geometry": {
        "type": "Point",
        "coordinates": [
          104.067129,
          30.720187
        ]
      },
      "properties": {
        "name": "星空鑫铉宇网吧",
        "category": "sports",
        "type": "体育休闲服务;娱乐场所;网吧",
        "district": "金牛区",
        "weight": 1
      }
    },
    {
      "type": "Feature",
      "geometry": {
        "type": "Point",
        "coordinates": [
          104.06605,
          30.722803
        ]
      },
      "properties": {
        "name": "旻轩网吧",
        "category": "sports",
        "type": "体育休闲服务;娱乐场所;网吧",
        "district": "金牛区",
        "weight": 2
      }
    },
    {
      "type": "Feature",
      "geometry": {
        "type": "Point",
        "coordinates": [
          104.075153,
          30.723195
        ]
      },
      "properties": {
        "name": "午逅网咖",
        "category": "sports",
        "type": "体育休闲服务;娱乐场所;网吧",
        "district": "金牛区",
        "weight": 2
      }
    },
    {
      "type": "Feature",
      "geometry": {
        "type": "Point",
        "coordinates": [
          104.089718,
          30.722841
        ]
      },
      "properties": {
        "name": "凤凰绿茵足球俱乐部",
        "category": "sports",
        "type": "体育休闲服务;运动场馆;足球场",
        "district": "成华区",
        "weight": 1
      }
    },
    {
      "type": "Feature",
      "geometry": {
        "type": "Point",
        "coordinates": [
          104.100116,
          30.728967
        ]
      },
      "properties": {
        "name": "兄弟网吧",
        "category": "sports",
        "type": "体育休闲服务;娱乐场所;网吧",
        "district": "金牛区",
        "weight": 1
      }
    },
    {
      "type": "Feature",
      "geometry": {
        "type": "Point",
        "coordinates": [
          104.109321,
          30.724794
        ]
      },
      "properties": {
        "name": "百乐门",
        "category": "sports",
        "type": "体育休闲服务;体育休闲服务场所;体育休闲服务场所",
        "district": "成华区",
        "weight": 1
      }
    },
    {
      "type": "Feature",
      "geometry": {
        "type": "Point",
        "coordinates": [
          104.108086,
          30.72196
        ]
      },
      "properties": {
        "name": "喜梦宝",
        "category": "sports",
        "type": "体育休闲服务;休闲场所;游乐场",
        "district": "成华区",
        "weight": 1
      }
    },
    {
      "type": "Feature",
      "geometry": {
        "type": "Point",
        "coordinates": [
          104.106296,
          30.722425
        ]
      },
      "properties": {
        "name": "巴克庄园",
        "category": "sports",
        "type": "体育休闲服务;体育休闲服务场所;体育休闲服务场所",
        "district": "成华区",
        "weight": 1
      }
    },
    {
      "type": "Feature",
      "geometry": {
        "type": "Point",
        "coordinates": [
          104.108075,
          30.722895
        ]
      },
      "properties": {
        "name": "卡佩王朝",
        "category": "sports",
        "type": "体育休闲服务;体育休闲服务场所;体育休闲服务场所",
        "district": "成华区",
        "weight": 1
      }
    },
    {
      "type": "Feature",
      "geometry": {
        "type": "Point",
        "coordinates": [
          104.111161,
          30.727024
        ]
      },
      "properties": {
        "name": "白莲三队疗养院",
        "category": "sports",
        "type": "体育休闲服务;度假疗养场所;疗养院",
        "district": "成华区",
        "weight": 1
      }
    },
    {
      "type": "Feature",
      "geometry": {
        "type": "Point",
        "coordinates": [
          104.123333,
          30.724444
        ]
      },
      "properties": {
        "name": "鑫达俱乐部",
        "category": "sports",
        "type": "体育休闲服务;体育休闲服务场所;体育休闲服务场所",
        "district": "成华区",
        "weight": 2
      }
    },
    {
      "type": "Feature",
      "geometry": {
        "type": "Point",
        "coordinates": [
          104.126246,
          30.725452
        ]
      },
      "properties": {
        "name": "银鸽湾生态休闲庄",
        "category": "sports",
        "type": "体育休闲服务;休闲场所;休闲场所",
        "district": "成华区",
        "weight": 1
      }
    },
    {
      "type": "Feature",
      "geometry": {
        "type": "Point",
        "coordinates": [
          104.133187,
          30.727013
        ]
      },
      "properties": {
        "name": "一里轩",
        "category": "sports",
        "type": "体育休闲服务;休闲场所;休闲场所",
        "district": "成华区",
        "weight": 1
      }
    },
    {
      "type": "Feature",
      "geometry": {
        "type": "Point",
        "coordinates": [
          104.13183,
          30.726896
        ]
      },
      "properties": {
        "name": "丽景茗苑",
        "category": "sports",
        "type": "体育休闲服务;休闲场所;休闲场所",
        "district": "成华区",
        "weight": 1
      }
    },
    {
      "type": "Feature",
      "geometry": {
        "type": "Point",
        "coordinates": [
          104.131929,
          30.721264
        ]
      },
      "properties": {
        "name": "两河水郡",
        "category": "sports",
        "type": "体育休闲服务;度假疗养场所;度假村",
        "district": "成华区",
        "weight": 1
      }
    },
    {
      "type": "Feature",
      "geometry": {
        "type": "Point",
        "coordinates": [
          104.131084,
          30.725323
        ]
      },
      "properties": {
        "name": "沁园村美食山庄",
        "category": "sports",
        "type": "体育休闲服务;休闲场所;休闲场所",
        "district": "成华区",
        "weight": 1
      }
    },
    {
      "type": "Feature",
      "geometry": {
        "type": "Point",
        "coordinates": [
          104.162845,
          30.722318
        ]
      },
      "properties": {
        "name": "东和苑",
        "category": "sports",
        "type": "体育休闲服务;休闲场所;休闲场所",
        "district": "成华区",
        "weight": 1
      }
    },
    {
      "type": "Feature",
      "geometry": {
        "type": "Point",
        "coordinates": [
          104.169176,
          30.723585
        ]
      },
      "properties": {
        "name": "熊猫体育公园-小球综合馆",
        "category": "sports",
        "type": "体育休闲服务;运动场馆;运动场所",
        "district": "成华区",
        "weight": 1
      }
    },
    {
      "type": "Feature",
      "geometry": {
        "type": "Point",
        "coordinates": [
          104.165438,
          30.719452
        ]
      },
      "properties": {
        "name": "艾畅KTV",
        "category": "sports",
        "type": "体育休闲服务;娱乐场所;KTV",
        "district": "成华区",
        "weight": 2
      }
    },
    {
      "type": "Feature",
      "geometry": {
        "type": "Point",
        "coordinates": [
          104.175412,
          30.722779
        ]
      },
      "properties": {
        "name": "桂花林休闲庄",
        "category": "sports",
        "type": "体育休闲服务;休闲场所;休闲场所",
        "district": "成华区",
        "weight": 1
      }
    },
    {
      "type": "Feature",
      "geometry": {
        "type": "Point",
        "coordinates": [
          104.180336,
          30.72009
        ]
      },
      "properties": {
        "name": "黄泥巴生态园",
        "category": "sports",
        "type": "体育休闲服务;休闲场所;采摘园",
        "district": "成华区",
        "weight": 1
      }
    },
    {
      "type": "Feature",
      "geometry": {
        "type": "Point",
        "coordinates": [
          103.965048,
          30.716218
        ]
      },
      "properties": {
        "name": "小河流水休闲庄",
        "category": "sports",
        "type": "体育休闲服务;休闲场所;休闲场所",
        "district": "金牛区",
        "weight": 1
      }
    },
    {
      "type": "Feature",
      "geometry": {
        "type": "Point",
        "coordinates": [
          103.973091,
          30.719346
        ]
      },
      "properties": {
        "name": "棕榈高尔夫练习场",
        "category": "sports",
        "type": "体育休闲服务;高尔夫相关;高尔夫练习场",
        "district": "金牛区",
        "weight": 2
      }
    },
    {
      "type": "Feature",
      "geometry": {
        "type": "Point",
        "coordinates": [
          103.964487,
          30.718549
        ]
      },
      "properties": {
        "name": "惠民网大院",
        "category": "sports",
        "type": "体育休闲服务;体育休闲服务场所;体育休闲服务场所",
        "district": "金牛区",
        "weight": 1
      }
    },
    {
      "type": "Feature",
      "geometry": {
        "type": "Point",
        "coordinates": [
          103.976818,
          30.71052
        ]
      },
      "properties": {
        "name": "静点明苑休闲",
        "category": "sports",
        "type": "体育休闲服务;体育休闲服务场所;体育休闲服务场所",
        "district": "金牛区",
        "weight": 2
      }
    },
    {
      "type": "Feature",
      "geometry": {
        "type": "Point",
        "coordinates": [
          103.981569,
          30.711596
        ]
      },
      "properties": {
        "name": "博越足球俱乐部",
        "category": "sports",
        "type": "体育休闲服务;运动场馆;足球场",
        "district": "金牛区",
        "weight": 1
      }
    },
    {
      "type": "Feature",
      "geometry": {
        "type": "Point",
        "coordinates": [
          103.979823,
          30.710219
        ]
      },
      "properties": {
        "name": "网居网吧",
        "category": "sports",
        "type": "体育休闲服务;娱乐场所;网吧",
        "district": "金牛区",
        "weight": 1
      }
    },
    {
      "type": "Feature",
      "geometry": {
        "type": "Point",
        "coordinates": [
          103.978657,
          30.709643
        ]
      },
      "properties": {
        "name": "梦之翼音乐啤酒创意体验馆",
        "category": "sports",
        "type": "体育休闲服务;娱乐场所;酒吧",
        "district": "金牛区",
        "weight": 1
      }
    },
    {
      "type": "Feature",
      "geometry": {
        "type": "Point",
        "coordinates": [
          103.977925,
          30.716101
        ]
      },
      "properties": {
        "name": "龙湖·源著(两河西三路)",
        "category": "sports",
        "type": "商务住宅;住宅区;住宅小区|体育休闲服务;休闲场所;休闲场所",
        "district": "金牛区",
        "weight": 1
      }
    },
    {
      "type": "Feature",
      "geometry": {
        "type": "Point",
        "coordinates": [
          103.978757,
          30.718006
        ]
      },
      "properties": {
        "name": "兄弟联盟网吧(两河西三路)",
        "category": "sports",
        "type": "体育休闲服务;娱乐场所;网吧",
        "district": "金牛区",
        "weight": 1
      }
    },
    {
      "type": "Feature",
      "geometry": {
        "type": "Point",
        "coordinates": [
          103.976644,
          30.70918
        ]
      },
      "properties": {
        "name": "舍得会馆",
        "category": "sports",
        "type": "体育休闲服务;休闲场所;休闲场所",
        "district": "金牛区",
        "weight": 9
      }
    },
    {
      "type": "Feature",
      "geometry": {
        "type": "Point",
        "coordinates": [
          103.992025,
          30.713434
        ]
      },
      "properties": {
        "name": "西线阳光游泳池",
        "category": "sports",
        "type": "体育休闲服务;运动场馆;游泳馆",
        "district": "金牛区",
        "weight": 1
      }
    },
    {
      "type": "Feature",
      "geometry": {
        "type": "Point",
        "coordinates": [
          103.990264,
          30.712748
        ]
      },
      "properties": {
        "name": "黄金竹园山庄",
        "category": "sports",
        "type": "体育休闲服务;度假疗养场所;度假村",
        "district": "金牛区",
        "weight": 2
      }
    },
    {
      "type": "Feature",
      "geometry": {
        "type": "Point",
        "coordinates": [
          103.991044,
          30.71129
        ]
      },
      "properties": {
        "name": "西元网咖",
        "category": "sports",
        "type": "体育休闲服务;娱乐场所;网吧",
        "district": "金牛区",
        "weight": 6
      }
    },
    {
      "type": "Feature",
      "geometry": {
        "type": "Point",
        "coordinates": [
          103.986081,
          30.712698
        ]
      },
      "properties": {
        "name": "金科苑网吧",
        "category": "sports",
        "type": "体育休闲服务;娱乐场所;网吧",
        "district": "金牛区",
        "weight": 1
      }
    },
    {
      "type": "Feature",
      "geometry": {
        "type": "Point",
        "coordinates": [
          103.988214,
          30.717878
        ]
      },
      "properties": {
        "name": "震武拳馆(震武文化交流中心)",
        "category": "sports",
        "type": "体育休闲服务;体育休闲服务场所;体育休闲服务场所",
        "district": "金牛区",
        "weight": 1
      }
    },
    {
      "type": "Feature",
      "geometry": {
        "type": "Point",
        "coordinates": [
          103.989625,
          30.710254
        ]
      },
      "properties": {
        "name": "善菩瑜伽",
        "category": "sports",
        "type": "体育休闲服务;运动场馆;健身中心",
        "district": "金牛区",
        "weight": 2
      }
    },
    {
      "type": "Feature",
      "geometry": {
        "type": "Point",
        "coordinates": [
          103.999383,
          30.713201
        ]
      },
      "properties": {
        "name": "兴隆网吧(民居路)",
        "category": "sports",
        "type": "体育休闲服务;娱乐场所;网吧",
        "district": "金牛区",
        "weight": 1
      }
    },
    {
      "type": "Feature",
      "geometry": {
        "type": "Point",
        "coordinates": [
          103.997934,
          30.714532
        ]
      },
      "properties": {
        "name": "联博网吧",
        "category": "sports",
        "type": "体育休闲服务;娱乐场所;网吧",
        "district": "金牛区",
        "weight": 2
      }
    },
    {
      "type": "Feature",
      "geometry": {
        "type": "Point",
        "coordinates": [
          103.996615,
          30.715561
        ]
      },
      "properties": {
        "name": "郦湾国际酒店-健身房",
        "category": "sports",
        "type": "体育休闲服务;运动场馆;健身中心",
        "district": "金牛区",
        "weight": 1
      }
    },
    {
      "type": "Feature",
      "geometry": {
        "type": "Point",
        "coordinates": [
          104.009297,
          30.713229
        ]
      },
      "properties": {
        "name": "蓝波湾网咖",
        "category": "sports",
        "type": "体育休闲服务;娱乐场所;网吧",
        "district": "金牛区",
        "weight": 5
      }
    },
    {
      "type": "Feature",
      "geometry": {
        "type": "Point",
        "coordinates": [
          104.012497,
          30.717276
        ]
      },
      "properties": {
        "name": "成都市穆斯林土桥颐年院",
        "category": "sports",
        "type": "体育休闲服务;度假疗养场所;疗养院",
        "district": "金牛区",
        "weight": 1
      }
    },
    {
      "type": "Feature",
      "geometry": {
        "type": "Point",
        "coordinates": [
          104.007104,
          30.716567
        ]
      },
      "properties": {
        "name": "道森博格健身",
        "category": "sports",
        "type": "体育休闲服务;运动场馆;健身中心",
        "district": "金牛区",
        "weight": 1
      }
    },
    {
      "type": "Feature",
      "geometry": {
        "type": "Point",
        "coordinates": [
          104.013972,
          30.716179
        ]
      },
      "properties": {
        "name": "每时运动健身馆",
        "category": "sports",
        "type": "体育休闲服务;运动场馆;健身中心",
        "district": "金牛区",
        "weight": 2
      }
    },
    {
      "type": "Feature",
      "geometry": {
        "type": "Point",
        "coordinates": [
          104.017078,
          30.714292
        ]
      },
      "properties": {
        "name": "原野农家乐",
        "category": "sports",
        "type": "体育休闲服务;度假疗养场所;度假村",
        "district": "金牛区",
        "weight": 2
      }
    },
    {
      "type": "Feature",
      "geometry": {
        "type": "Point",
        "coordinates": [
          104.022169,
          30.715046
        ]
      },
      "properties": {
        "name": "颐乐村养老院",
        "category": "sports",
        "type": "体育休闲服务;度假疗养场所;疗养院",
        "district": "金牛区",
        "weight": 2
      }
    },
    {
      "type": "Feature",
      "geometry": {
        "type": "Point",
        "coordinates": [
          104.018357,
          30.718918
        ]
      },
      "properties": {
        "name": "娇子游泳馆",
        "category": "sports",
        "type": "体育休闲服务;运动场馆;游泳馆",
        "district": "金牛区",
        "weight": 1
      }
    },
    {
      "type": "Feature",
      "geometry": {
        "type": "Point",
        "coordinates": [
          104.015769,
          30.712397
        ]
      },
      "properties": {
        "name": "蜀西皓月游泳池",
        "category": "sports",
        "type": "体育休闲服务;运动场馆;游泳馆",
        "district": "金牛区",
        "weight": 1
      }
    },
    {
      "type": "Feature",
      "geometry": {
        "type": "Point",
        "coordinates": [
          104.016038,
          30.710277
        ]
      },
      "properties": {
        "name": "金牛山庄网球",
        "category": "sports",
        "type": "体育休闲服务;运动场馆;网球场",
        "district": "金牛区",
        "weight": 3
      }
    },
    {
      "type": "Feature",
      "geometry": {
        "type": "Point",
        "coordinates": [
          104.019769,
          30.719292
        ]
      },
      "properties": {
        "name": "娇子网球馆",
        "category": "sports",
        "type": "体育休闲服务;运动场馆;网球场",
        "district": "金牛区",
        "weight": 1
      }
    },
    {
      "type": "Feature",
      "geometry": {
        "type": "Point",
        "coordinates": [
          104.017412,
          30.712252
        ]
      },
      "properties": {
        "name": "千城网吧",
        "category": "sports",
        "type": "体育休闲服务;娱乐场所;网吧",
        "district": "金牛区",
        "weight": 2
      }
    },
    {
      "type": "Feature",
      "geometry": {
        "type": "Point",
        "coordinates": [
          104.027266,
          30.71754
        ]
      },
      "properties": {
        "name": "红酒雪茄吧(华丰路)",
        "category": "sports",
        "type": "体育休闲服务;娱乐场所;酒吧",
        "district": "金牛区",
        "weight": 1
      }
    },
    {
      "type": "Feature",
      "geometry": {
        "type": "Point",
        "coordinates": [
          104.033327,
          30.714161
        ]
      },
      "properties": {
        "name": "世纪台球",
        "category": "sports",
        "type": "体育休闲服务;运动场馆;台球厅",
        "district": "金牛区",
        "weight": 3
      }
    },
    {
      "type": "Feature",
      "geometry": {
        "type": "Point",
        "coordinates": [
          104.025536,
          30.716979
        ]
      },
      "properties": {
        "name": "捷芙健身中心",
        "category": "sports",
        "type": "体育休闲服务;运动场馆;健身中心",
        "district": "金牛区",
        "weight": 2
      }
    },
    {
      "type": "Feature",
      "geometry": {
        "type": "Point",
        "coordinates": [
          104.043187,
          30.716919
        ]
      },
      "properties": {
        "name": "巴斯印象网咖",
        "category": "sports",
        "type": "体育休闲服务;娱乐场所;网吧",
        "district": "金牛区",
        "weight": 2
      }
    },
    {
      "type": "Feature",
      "geometry": {
        "type": "Point",
        "coordinates": [
          104.035338,
          30.712108
        ]
      },
      "properties": {
        "name": "本纪网络",
        "category": "sports",
        "type": "体育休闲服务;娱乐场所;网吧",
        "district": "金牛区",
        "weight": 1
      }
    },
    {
      "type": "Feature",
      "geometry": {
        "type": "Point",
        "coordinates": [
          104.043225,
          30.70956
        ]
      },
      "properties": {
        "name": "龙珠道馆",
        "category": "sports",
        "type": "体育休闲服务;运动场馆;运动场所",
        "district": "金牛区",
        "weight": 3
      }
    },
    {
      "type": "Feature",
      "geometry": {
        "type": "Point",
        "coordinates": [
          104.036934,
          30.709794
        ]
      },
      "properties": {
        "name": "超越星网吧(长庆路)",
        "category": "sports",
        "type": "体育休闲服务;娱乐场所;网吧",
        "district": "金牛区",
        "weight": 1
      }
    },
    {
      "type": "Feature",
      "geometry": {
        "type": "Point",
        "coordinates": [
          104.038488,
          30.71571
        ]
      },
      "properties": {
        "name": "佰川通网络",
        "category": "sports",
        "type": "体育休闲服务;体育休闲服务场所;体育休闲服务场所",
        "district": "金牛区",
        "weight": 2
      }
    },
    {
      "type": "Feature",
      "geometry": {
        "type": "Point",
        "coordinates": [
          104.034585,
          30.713212
        ]
      },
      "properties": {
        "name": "棋牌机麻",
        "category": "sports",
        "type": "体育休闲服务;体育休闲服务场所;体育休闲服务场所",
        "district": "金牛区",
        "weight": 2
      }
    },
    {
      "type": "Feature",
      "geometry": {
        "type": "Point",
        "coordinates": [
          104.037154,
          30.715643
        ]
      },
      "properties": {
        "name": "成都西蒙酒吧",
        "category": "sports",
        "type": "体育休闲服务;娱乐场所;酒吧",
        "district": "金牛区",
        "weight": 1
      }
    },
    {
      "type": "Feature",
      "geometry": {
        "type": "Point",
        "coordinates": [
          104.039328,
          30.716761
        ]
      },
      "properties": {
        "name": "响动·金韵酒店运动馆",
        "category": "sports",
        "type": "体育休闲服务;运动场馆;健身中心",
        "district": "金牛区",
        "weight": 1
      }
    },
    {
      "type": "Feature",
      "geometry": {
        "type": "Point",
        "coordinates": [
          104.042754,
          30.715607
        ]
      },
      "properties": {
        "name": "臻尚网咖",
        "category": "sports",
        "type": "体育休闲服务;娱乐场所;网吧",
        "district": "金牛区",
        "weight": 1
      }
    },
    {
      "type": "Feature",
      "geometry": {
        "type": "Point",
        "coordinates": [
          104.040454,
          30.710559
        ]
      },
      "properties": {
        "name": "传统古典瑜伽工作室",
        "category": "sports",
        "type": "体育休闲服务;运动场馆;健身中心",
        "district": "金牛区",
        "weight": 1
      }
    },
    {
      "type": "Feature",
      "geometry": {
        "type": "Point",
        "coordinates": [
          104.038533,
          30.714247
        ]
      },
      "properties": {
        "name": "皇家1号",
        "category": "sports",
        "type": "体育休闲服务;体育休闲服务场所;体育休闲服务场所",
        "district": "金牛区",
        "weight": 1
      }
    },
    {
      "type": "Feature",
      "geometry": {
        "type": "Point",
        "coordinates": [
          104.038052,
          30.709838
        ]
      },
      "properties": {
        "name": "潮流网吧",
        "category": "sports",
        "type": "体育休闲服务;体育休闲服务场所;体育休闲服务场所",
        "district": "金牛区",
        "weight": 1
      }
    },
    {
      "type": "Feature",
      "geometry": {
        "type": "Point",
        "coordinates": [
          104.040336,
          30.714344
        ]
      },
      "properties": {
        "name": "长久社区老年活动中心",
        "category": "sports",
        "type": "体育休闲服务;休闲场所;休闲场所",
        "district": "金牛区",
        "weight": 1
      }
    },
    {
      "type": "Feature",
      "geometry": {
        "type": "Point",
        "coordinates": [
          104.041439,
          30.712676
        ]
      },
      "properties": {
        "name": "长青路老年活动中心",
        "category": "sports",
        "type": "体育休闲服务;休闲场所;休闲场所",
        "district": "金牛区",
        "weight": 1
      }
    },
    {
      "type": "Feature",
      "geometry": {
        "type": "Point",
        "coordinates": [
          104.039052,
          30.712407
        ]
      },
      "properties": {
        "name": "兰韵网络会所",
        "category": "sports",
        "type": "体育休闲服务;娱乐场所;网吧",
        "district": "金牛区",
        "weight": 1
      }
    },
    {
      "type": "Feature",
      "geometry": {
        "type": "Point",
        "coordinates": [
          104.039282,
          30.711234
        ]
      },
      "properties": {
        "name": "兴茂",
        "category": "sports",
        "type": "体育休闲服务;娱乐场所;棋牌室",
        "district": "金牛区",
        "weight": 2
      }
    },
    {
      "type": "Feature",
      "geometry": {
        "type": "Point",
        "coordinates": [
          104.046505,
          30.710209
        ]
      },
      "properties": {
        "name": "渔乐吧",
        "category": "sports",
        "type": "体育休闲服务;娱乐场所;酒吧",
        "district": "金牛区",
        "weight": 3
      }
    },
    {
      "type": "Feature",
      "geometry": {
        "type": "Point",
        "coordinates": [
          104.045137,
          30.713485
        ]
      },
      "properties": {
        "name": "荆科网吧",
        "category": "sports",
        "type": "体育休闲服务;娱乐场所;网吧",
        "district": "金牛区",
        "weight": 2
      }
    },
    {
      "type": "Feature",
      "geometry": {
        "type": "Point",
        "coordinates": [
          104.04558,
          30.718536
        ]
      },
      "properties": {
        "name": "智乐游乐园",
        "category": "sports",
        "type": "体育休闲服务;休闲场所;游乐场",
        "district": "金牛区",
        "weight": 2
      }
    },
    {
      "type": "Feature",
      "geometry": {
        "type": "Point",
        "coordinates": [
          104.050591,
          30.710374
        ]
      },
      "properties": {
        "name": "创客小酒馆",
        "category": "sports",
        "type": "体育休闲服务;娱乐场所;酒吧",
        "district": "金牛区",
        "weight": 1
      }
    },
    {
      "type": "Feature",
      "geometry": {
        "type": "Point",
        "coordinates": [
          104.048596,
          30.710879
        ]
      },
      "properties": {
        "name": "天合网吧(星科北街)",
        "category": "sports",
        "type": "体育休闲服务;娱乐场所;网吧",
        "district": "金牛区",
        "weight": 2
      }
    },
    {
      "type": "Feature",
      "geometry": {
        "type": "Point",
        "coordinates": [
          104.046124,
          30.71131
        ]
      },
      "properties": {
        "name": "天爱网吧(星月西街)",
        "category": "sports",
        "type": "体育休闲服务;娱乐场所;网吧",
        "district": "金牛区",
        "weight": 1
      }
    },
    {
      "type": "Feature",
      "geometry": {
        "type": "Point",
        "coordinates": [
          104.044221,
          30.719198
        ]
      },
      "properties": {
        "name": "成都醉美自驾游俱乐部",
        "category": "sports",
        "type": "体育休闲服务;体育休闲服务场所;体育休闲服务场所",
        "district": "金牛区",
        "weight": 1
      }
    },
    {
      "type": "Feature",
      "geometry": {
        "type": "Point",
        "coordinates": [
          104.04446,
          30.718054
        ]
      },
      "properties": {
        "name": "亮缘会所",
        "category": "sports",
        "type": "体育休闲服务;娱乐场所;棋牌室",
        "district": "金牛区",
        "weight": 1
      }
    },
    {
      "type": "Feature",
      "geometry": {
        "type": "Point",
        "coordinates": [
          104.064423,
          30.713325
        ]
      },
      "properties": {
        "name": "本色",
        "category": "sports",
        "type": "体育休闲服务;娱乐场所;酒吧",
        "district": "金牛区",
        "weight": 25
      }
    },
    {
      "type": "Feature",
      "geometry": {
        "type": "Point",
        "coordinates": [
          104.06254,
          30.714863
        ]
      },
      "properties": {
        "name": "鑫宏泽网吧",
        "category": "sports",
        "type": "体育休闲服务;娱乐场所;网吧",
        "district": "金牛区",
        "weight": 3
      }
    },
    {
      "type": "Feature",
      "geometry": {
        "type": "Point",
        "coordinates": [
          104.060208,
          30.715451
        ]
      },
      "properties": {
        "name": "琅琊网吧",
        "category": "sports",
        "type": "体育休闲服务;娱乐场所;网吧",
        "district": "金牛区",
        "weight": 1
      }
    },
    {
      "type": "Feature",
      "geometry": {
        "type": "Point",
        "coordinates": [
          104.060868,
          30.712049
        ]
      },
      "properties": {
        "name": "漫蜗牛网咖(蓉北商贸大道一段)",
        "category": "sports",
        "type": "体育休闲服务;娱乐场所;网吧",
        "district": "金牛区",
        "weight": 1
      }
    },
    {
      "type": "Feature",
      "geometry": {
        "type": "Point",
        "coordinates": [
          104.069881,
          30.713649
        ]
      },
      "properties": {
        "name": "爱网族网吧(花径路)",
        "category": "sports",
        "type": "体育休闲服务;娱乐场所;网吧",
        "district": "成华区",
        "weight": 1
      }
    },
    {
      "type": "Feature",
      "geometry": {
        "type": "Point",
        "coordinates": [
          104.066992,
          30.712808
        ]
      },
      "properties": {
        "name": "风吟网吧",
        "category": "sports",
        "type": "体育休闲服务;娱乐场所;网吧",
        "district": "金牛区",
        "weight": 2
      }
    },
    {
      "type": "Feature",
      "geometry": {
        "type": "Point",
        "coordinates": [
          104.067375,
          30.714084
        ]
      },
      "properties": {
        "name": "超豪骏眉网咖",
        "category": "sports",
        "type": "体育休闲服务;娱乐场所;网吧",
        "district": "金牛区",
        "weight": 1
      }
    },
    {
      "type": "Feature",
      "geometry": {
        "type": "Point",
        "coordinates": [
          104.065434,
          30.709311
        ]
      },
      "properties": {
        "name": "星空情谊网吧",
        "category": "sports",
        "type": "体育休闲服务;娱乐场所;网吧",
        "district": "金牛区",
        "weight": 3
      }
    },
    {
      "type": "Feature",
      "geometry": {
        "type": "Point",
        "coordinates": [
          104.067264,
          30.710178
        ]
      },
      "properties": {
        "name": "北港老年和谐中心",
        "category": "sports",
        "type": "体育休闲服务;娱乐场所;棋牌室",
        "district": "金牛区",
        "weight": 2
      }
    },
    {
      "type": "Feature",
      "geometry": {
        "type": "Point",
        "coordinates": [
          104.074139,
          30.718989
        ]
      },
      "properties": {
        "name": "凤康网咖",
        "category": "sports",
        "type": "体育休闲服务;娱乐场所;网吧",
        "district": "金牛区",
        "weight": 1
      }
    },
    {
      "type": "Feature",
      "geometry": {
        "type": "Point",
        "coordinates": [
          104.077406,
          30.718058
        ]
      },
      "properties": {
        "name": "康城网络会所",
        "category": "sports",
        "type": "体育休闲服务;娱乐场所;网吧",
        "district": "金牛区",
        "weight": 1
      }
    },
    {
      "type": "Feature",
      "geometry": {
        "type": "Point",
        "coordinates": [
          104.089092,
          30.713489
        ]
      },
      "properties": {
        "name": "富港休闲会所",
        "category": "sports",
        "type": "体育休闲服务;体育休闲服务场所;体育休闲服务场所",
        "district": "成华区",
        "weight": 3
      }
    },
    {
      "type": "Feature",
      "geometry": {
        "type": "Point",
        "coordinates": [
          104.084567,
          30.712849
        ]
      },
      "properties": {
        "name": "深海湾休闲庄",
        "category": "sports",
        "type": "体育休闲服务;休闲场所;休闲场所",
        "district": "成华区",
        "weight": 1
      }
    },
    {
      "type": "Feature",
      "geometry": {
        "type": "Point",
        "coordinates": [
          104.091929,
          30.713963
        ]
      },
      "properties": {
        "name": "上尚网咖",
        "category": "sports",
        "type": "体育休闲服务;娱乐场所;网吧",
        "district": "成华区",
        "weight": 1
      }
    },
    {
      "type": "Feature",
      "geometry": {
        "type": "Point",
        "coordinates": [
          104.091861,
          30.714895
        ]
      },
      "properties": {
        "name": "竞技谷网络会所",
        "category": "sports",
        "type": "体育休闲服务;娱乐场所;网吧",
        "district": "成华区",
        "weight": 1
      }
    },
    {
      "type": "Feature",
      "geometry": {
        "type": "Point",
        "coordinates": [
          104.092871,
          30.71067
        ]
      },
      "properties": {
        "name": "索派1号足球场",
        "category": "sports",
        "type": "体育休闲服务;运动场馆;足球场",
        "district": "成华区",
        "weight": 4
      }
    },
    {
      "type": "Feature",
      "geometry": {
        "type": "Point",
        "coordinates": [
          104.093208,
          30.716101
        ]
      },
      "properties": {
        "name": "金竹网吧",
        "category": "sports",
        "type": "体育休闲服务;娱乐场所;网吧",
        "district": "成华区",
        "weight": 1
      }
    },
    {
      "type": "Feature",
      "geometry": {
        "type": "Point",
        "coordinates": [
          104.089046,
          30.714499
        ]
      },
      "properties": {
        "name": "炫酷网吧",
        "category": "sports",
        "type": "体育休闲服务;娱乐场所;网吧",
        "district": "成华区",
        "weight": 1
      }
    },
    {
      "type": "Feature",
      "geometry": {
        "type": "Point",
        "coordinates": [
          104.101387,
          30.716005
        ]
      },
      "properties": {
        "name": "影流网咖",
        "category": "sports",
        "type": "体育休闲服务;娱乐场所;网吧",
        "district": "成华区",
        "weight": 7
      }
    },
    {
      "type": "Feature",
      "geometry": {
        "type": "Point",
        "coordinates": [
          104.095962,
          30.718709
        ]
      },
      "properties": {
        "name": "星空英腾网吧",
        "category": "sports",
        "type": "体育休闲服务;娱乐场所;网吧",
        "district": "成华区",
        "weight": 3
      }
    },
    {
      "type": "Feature",
      "geometry": {
        "type": "Point",
        "coordinates": [
          104.100968,
          30.718937
        ]
      },
      "properties": {
        "name": "东海酒馆",
        "category": "sports",
        "type": "体育休闲服务;娱乐场所;酒吧",
        "district": "成华区",
        "weight": 1
      }
    },
    {
      "type": "Feature",
      "geometry": {
        "type": "Point",
        "coordinates": [
          104.102557,
          30.718382
        ]
      },
      "properties": {
        "name": "星爱空尚网吧",
        "category": "sports",
        "type": "体育休闲服务;娱乐场所;网吧",
        "district": "成华区",
        "weight": 1
      }
    },
    {
      "type": "Feature",
      "geometry": {
        "type": "Point",
        "coordinates": [
          104.096189,
          30.708739
        ]
      },
      "properties": {
        "name": "咕噜酒吧",
        "category": "sports",
        "type": "体育休闲服务;娱乐场所;酒吧",
        "district": "成华区",
        "weight": 10
      }
    },
    {
      "type": "Feature",
      "geometry": {
        "type": "Point",
        "coordinates": [
          104.098516,
          30.7165
        ]
      },
      "properties": {
        "name": "成铁疗养院",
        "category": "sports",
        "type": "体育休闲服务;度假疗养场所;疗养院",
        "district": "成华区",
        "weight": 1
      }
    },
    {
      "type": "Feature",
      "geometry": {
        "type": "Point",
        "coordinates": [
          104.097826,
          30.71206
        ]
      },
      "properties": {
        "name": "凯曼网咖(昭觉寺南路)",
        "category": "sports",
        "type": "体育休闲服务;娱乐场所;网吧",
        "district": "成华区",
        "weight": 1
      }
    },
    {
      "type": "Feature",
      "geometry": {
        "type": "Point",
        "coordinates": [
          104.094407,
          30.711679
        ]
      },
      "properties": {
        "name": "圣菲游泳馆",
        "category": "sports",
        "type": "体育休闲服务;运动场馆;游泳馆",
        "district": "成华区",
        "weight": 1
      }
    },
    {
      "type": "Feature",
      "geometry": {
        "type": "Point",
        "coordinates": [
          104.095173,
          30.713122
        ]
      },
      "properties": {
        "name": "模拟时光网吧",
        "category": "sports",
        "type": "体育休闲服务;娱乐场所;网吧",
        "district": "成华区",
        "weight": 1
      }
    },
    {
      "type": "Feature",
      "geometry": {
        "type": "Point",
        "coordinates": [
          104.101945,
          30.71415
        ]
      },
      "properties": {
        "name": "大摆锤",
        "category": "sports",
        "type": "体育休闲服务;体育休闲服务场所;体育休闲服务场所",
        "district": "成华区",
        "weight": 1
      }
    },
    {
      "type": "Feature",
      "geometry": {
        "type": "Point",
        "coordinates": [
          104.098923,
          30.717524
        ]
      },
      "properties": {
        "name": "成华区双水寿星颐养托老中心",
        "category": "sports",
        "type": "体育休闲服务;度假疗养场所;疗养院",
        "district": "成华区",
        "weight": 1
      }
    },
    {
      "type": "Feature",
      "geometry": {
        "type": "Point",
        "coordinates": [
          104.093979,
          30.709781
        ]
      },
      "properties": {
        "name": "天邑瑜伽",
        "category": "sports",
        "type": "体育休闲服务;运动场馆;健身中心",
        "district": "成华区",
        "weight": 1
      }
    },
    {
      "type": "Feature",
      "geometry": {
        "type": "Point",
        "coordinates": [
          104.097272,
          30.716284
        ]
      },
      "properties": {
        "name": "心怡棋牌",
        "category": "sports",
        "type": "体育休闲服务;娱乐场所;棋牌室",
        "district": "成华区",
        "weight": 1
      }
    },
    {
      "type": "Feature",
      "geometry": {
        "type": "Point",
        "coordinates": [
          104.107522,
          30.716329
        ]
      },
      "properties": {
        "name": "好声音(东紫路)",
        "category": "sports",
        "type": "体育休闲服务;娱乐场所;KTV",
        "district": "成华区",
        "weight": 2
      }
    },
    {
      "type": "Feature",
      "geometry": {
        "type": "Point",
        "coordinates": [
          104.10907,
          30.712824
        ]
      },
      "properties": {
        "name": "东林网咖",
        "category": "sports",
        "type": "体育休闲服务;娱乐场所;网吧",
        "district": "成华区",
        "weight": 2
      }
    },
    {
      "type": "Feature",
      "geometry": {
        "type": "Point",
        "coordinates": [
          104.104076,
          30.713512
        ]
      },
      "properties": {
        "name": "豪华碰碰车",
        "category": "sports",
        "type": "体育休闲服务;休闲场所;游乐场",
        "district": "成华区",
        "weight": 2
      }
    },
    {
      "type": "Feature",
      "geometry": {
        "type": "Point",
        "coordinates": [
          104.106629,
          30.714414
        ]
      },
      "properties": {
        "name": "翠林网咖",
        "category": "sports",
        "type": "体育休闲服务;娱乐场所;网吧",
        "district": "成华区",
        "weight": 3
      }
    },
    {
      "type": "Feature",
      "geometry": {
        "type": "Point",
        "coordinates": [
          104.113327,
          30.719047
        ]
      },
      "properties": {
        "name": "梦幻时代网吧",
        "category": "sports",
        "type": "体育休闲服务;娱乐场所;网吧",
        "district": "成华区",
        "weight": 1
      }
    },
    {
      "type": "Feature",
      "geometry": {
        "type": "Point",
        "coordinates": [
          104.112747,
          30.714875
        ]
      },
      "properties": {
        "name": "影影网吧",
        "category": "sports",
        "type": "体育休闲服务;娱乐场所;网吧",
        "district": "成华区",
        "weight": 1
      }
    },
    {
      "type": "Feature",
      "geometry": {
        "type": "Point",
        "coordinates": [
          104.111494,
          30.717735
        ]
      },
      "properties": {
        "name": "漞渡瑜伽会所",
        "category": "sports",
        "type": "体育休闲服务;运动场馆;健身中心",
        "district": "成华区",
        "weight": 1
      }
    },
    {
      "type": "Feature",
      "geometry": {
        "type": "Point",
        "coordinates": [
          104.103824,
          30.716021
        ]
      },
      "properties": {
        "name": "尚东网咖",
        "category": "sports",
        "type": "体育休闲服务;娱乐场所;网吧",
        "district": "成华区",
        "weight": 1
      }
    },
    {
      "type": "Feature",
      "geometry": {
        "type": "Point",
        "coordinates": [
          104.113717,
          30.717295
        ]
      },
      "properties": {
        "name": "华宇网吧(荆翠东路)",
        "category": "sports",
        "type": "体育休闲服务;娱乐场所;网吧",
        "district": "成华区",
        "weight": 1
      }
    },
    {
      "type": "Feature",
      "geometry": {
        "type": "Point",
        "coordinates": [
          104.140308,
          30.7166
        ]
      },
      "properties": {
        "name": "北湖鑫园休闲会所",
        "category": "sports",
        "type": "体育休闲服务;度假疗养场所;度假村",
        "district": "成华区",
        "weight": 2
      }
    },
    {
      "type": "Feature",
      "geometry": {
        "type": "Point",
        "coordinates": [
          104.144986,
          30.714805
        ]
      },
      "properties": {
        "name": "钓鱼台休闲庄(蜀龙路)",
        "category": "sports",
        "type": "体育休闲服务;休闲场所;垂钓园",
        "district": "成华区",
        "weight": 1
      }
    },
    {
      "type": "Feature",
      "geometry": {
        "type": "Point",
        "coordinates": [
          104.171038,
          30.71885
        ]
      },
      "properties": {
        "name": "青荷堂休闲庄",
        "category": "sports",
        "type": "体育休闲服务;休闲场所;休闲场所",
        "district": "成华区",
        "weight": 1
      }
    },
    {
      "type": "Feature",
      "geometry": {
        "type": "Point",
        "coordinates": [
          104.166654,
          30.712326
        ]
      },
      "properties": {
        "name": "同乐广场",
        "category": "sports",
        "type": "体育休闲服务;休闲场所;休闲场所",
        "district": "成华区",
        "weight": 2
      }
    },
    {
      "type": "Feature",
      "geometry": {
        "type": "Point",
        "coordinates": [
          104.165342,
          30.718101
        ]
      },
      "properties": {
        "name": "成华区同乐敬老院",
        "category": "sports",
        "type": "体育休闲服务;度假疗养场所;疗养院",
        "district": "成华区",
        "weight": 2
      }
    },
    {
      "type": "Feature",
      "geometry": {
        "type": "Point",
        "coordinates": [
          103.969617,
          30.70016
        ]
      },
      "properties": {
        "name": "黄田坝街道办事处社区服务中心老年活动中心",
        "category": "sports",
        "type": "体育休闲服务;休闲场所;休闲场所",
        "district": "青羊区",
        "weight": 1
      }
    },
    {
      "type": "Feature",
      "geometry": {
        "type": "Point",
        "coordinates": [
          103.972428,
          30.703515
        ]
      },
      "properties": {
        "name": "金龙乐园",
        "category": "sports",
        "type": "体育休闲服务;体育休闲服务场所;体育休闲服务场所",
        "district": "金牛区",
        "weight": 1
      }
    },
    {
      "type": "Feature",
      "geometry": {
        "type": "Point",
        "coordinates": [
          103.976613,
          30.705672
        ]
      },
      "properties": {
        "name": "金泉街道全民健身指导服务中心",
        "category": "sports",
        "type": "体育休闲服务;运动场馆;健身中心",
        "district": "金牛区",
        "weight": 1
      }
    },
    {
      "type": "Feature",
      "geometry": {
        "type": "Point",
        "coordinates": [
          103.979559,
          30.705783
        ]
      },
      "properties": {
        "name": "轩轩网吧(淳风路)",
        "category": "sports",
        "type": "体育休闲服务;娱乐场所;网吧",
        "district": "金牛区",
        "weight": 1
      }
    },
    {
      "type": "Feature",
      "geometry": {
        "type": "Point",
        "coordinates": [
          103.980798,
          30.708747
        ]
      },
      "properties": {
        "name": "金泉街道长庚日间照护中心",
        "category": "sports",
        "type": "体育休闲服务;度假疗养场所;疗养院",
        "district": "金牛区",
        "weight": 1
      }
    },
    {
      "type": "Feature",
      "geometry": {
        "type": "Point",
        "coordinates": [
          103.98081,
          30.707325
        ]
      },
      "properties": {
        "name": "淳风桥社区老年活动中心",
        "category": "sports",
        "type": "体育休闲服务;休闲场所;休闲场所",
        "district": "金牛区",
        "weight": 3
      }
    },
    {
      "type": "Feature",
      "geometry": {
        "type": "Point",
        "coordinates": [
          103.977835,
          30.704607
        ]
      },
      "properties": {
        "name": "嘉语网络会所",
        "category": "sports",
        "type": "体育休闲服务;娱乐场所;网吧",
        "district": "金牛区",
        "weight": 1
      }
    },
    {
      "type": "Feature",
      "geometry": {
        "type": "Point",
        "coordinates": [
          103.983918,
          30.70229
        ]
      },
      "properties": {
        "name": "靖水山庄",
        "category": "sports",
        "type": "体育休闲服务;度假疗养场所;度假村",
        "district": "金牛区",
        "weight": 1
      }
    },
    {
      "type": "Feature",
      "geometry": {
        "type": "Point",
        "coordinates": [
          103.986564,
          30.708856
        ]
      },
      "properties": {
        "name": "成都市金牛足球公园",
        "category": "sports",
        "type": "体育休闲服务;运动场馆;足球场",
        "district": "金牛区",
        "weight": 2
      }
    },
    {
      "type": "Feature",
      "geometry": {
        "type": "Point",
        "coordinates": [
          103.989332,
          30.708853
        ]
      },
      "properties": {
        "name": "黑麦网咖",
        "category": "sports",
        "type": "体育休闲服务;娱乐场所;网吧",
        "district": "金牛区",
        "weight": 1
      }
    },
    {
      "type": "Feature",
      "geometry": {
        "type": "Point",
        "coordinates": [
          103.992873,
          30.708278
        ]
      },
      "properties": {
        "name": "玛咖名人",
        "category": "sports",
        "type": "体育休闲服务;体育休闲服务场所;体育休闲服务场所",
        "district": "金牛区",
        "weight": 3
      }
    },
    {
      "type": "Feature",
      "geometry": {
        "type": "Point",
        "coordinates": [
          103.997211,
          30.709526
        ]
      },
      "properties": {
        "name": "音悦汇时尚纯K",
        "category": "sports",
        "type": "体育休闲服务;娱乐场所;KTV",
        "district": "金牛区",
        "weight": 1
      }
    },
    {
      "type": "Feature",
      "geometry": {
        "type": "Point",
        "coordinates": [
          103.996188,
          30.706254
        ]
      },
      "properties": {
        "name": "羊犀足球场",
        "category": "sports",
        "type": "体育休闲服务;运动场馆;足球场",
        "district": "金牛区",
        "weight": 2
      }
    },
    {
      "type": "Feature",
      "geometry": {
        "type": "Point",
        "coordinates": [
          103.999541,
          30.704963
        ]
      },
      "properties": {
        "name": "印记网吧",
        "category": "sports",
        "type": "体育休闲服务;娱乐场所;网吧",
        "district": "金牛区",
        "weight": 2
      }
    },
    {
      "type": "Feature",
      "geometry": {
        "type": "Point",
        "coordinates": [
          103.995214,
          30.707497
        ]
      },
      "properties": {
        "name": "阿尔巴斯网咖",
        "category": "sports",
        "type": "体育休闲服务;体育休闲服务场所;体育休闲服务场所",
        "district": "金牛区",
        "weight": 1
      }
    },
    {
      "type": "Feature",
      "geometry": {
        "type": "Point",
        "coordinates": [
          103.996927,
          30.708425
        ]
      },
      "properties": {
        "name": "半城网咖",
        "category": "sports",
        "type": "体育休闲服务;娱乐场所;网吧",
        "district": "金牛区",
        "weight": 1
      }
    },
    {
      "type": "Feature",
      "geometry": {
        "type": "Point",
        "coordinates": [
          104.002539,
          30.699818
        ]
      },
      "properties": {
        "name": "润心然会所",
        "category": "sports",
        "type": "体育休闲服务;娱乐场所;棋牌室",
        "district": "青羊区",
        "weight": 1
      }
    },
    {
      "type": "Feature",
      "geometry": {
        "type": "Point",
        "coordinates": [
          104.003763,
          30.706548
        ]
      },
      "properties": {
        "name": "翡翠海湾游泳池",
        "category": "sports",
        "type": "体育休闲服务;运动场馆;游泳馆",
        "district": "金牛区",
        "weight": 2
      }
    },
    {
      "type": "Feature",
      "geometry": {
        "type": "Point",
        "coordinates": [
          104.011326,
          30.709084
        ]
      },
      "properties": {
        "name": "楚天佳和休闲会所",
        "category": "sports",
        "type": "体育休闲服务;娱乐场所;棋牌室",
        "district": "金牛区",
        "weight": 1
      }
    },
    {
      "type": "Feature",
      "geometry": {
        "type": "Point",
        "coordinates": [
          104.007332,
          30.700395
        ]
      },
      "properties": {
        "name": "鱼人网吧",
        "category": "sports",
        "type": "体育休闲服务;娱乐场所;网吧",
        "district": "金牛区",
        "weight": 6
      }
    },
    {
      "type": "Feature",
      "geometry": {
        "type": "Point",
        "coordinates": [
          104.01315,
          30.700225
        ]
      },
      "properties": {
        "name": "养老、托老",
        "category": "sports",
        "type": "体育休闲服务;体育休闲服务场所;体育休闲服务场所",
        "district": "金牛区",
        "weight": 4
      }
    },
    {
      "type": "Feature",
      "geometry": {
        "type": "Point",
        "coordinates": [
          104.004331,
          30.708838
        ]
      },
      "properties": {
        "name": "81号台球",
        "category": "sports",
        "type": "体育休闲服务;运动场馆;台球厅",
        "district": "金牛区",
        "weight": 3
      }
    },
    {
      "type": "Feature",
      "geometry": {
        "type": "Point",
        "coordinates": [
          104.008026,
          30.709123
        ]
      },
      "properties": {
        "name": "迈瑞西岸游泳馆",
        "category": "sports",
        "type": "体育休闲服务;运动场馆;游泳馆",
        "district": "金牛区",
        "weight": 3
      }
    },
    {
      "type": "Feature",
      "geometry": {
        "type": "Point",
        "coordinates": [
          104.005891,
          30.708928
        ]
      },
      "properties": {
        "name": "云朋网吧",
        "category": "sports",
        "type": "体育休闲服务;娱乐场所;网吧",
        "district": "金牛区",
        "weight": 1
      }
    },
    {
      "type": "Feature",
      "geometry": {
        "type": "Point",
        "coordinates": [
          104.008798,
          30.705354
        ]
      },
      "properties": {
        "name": "金沙厅",
        "category": "sports",
        "type": "体育休闲服务;体育休闲服务场所;体育休闲服务场所",
        "district": "金牛区",
        "weight": 1
      }
    },
    {
      "type": "Feature",
      "geometry": {
        "type": "Point",
        "coordinates": [
          104.006233,
          30.701748
        ]
      },
      "properties": {
        "name": "串串·啤酒超市",
        "category": "sports",
        "type": "体育休闲服务;娱乐场所;酒吧",
        "district": "青羊区",
        "weight": 1
      }
    },
    {
      "type": "Feature",
      "geometry": {
        "type": "Point",
        "coordinates": [
          104.007283,
          30.704227
        ]
      },
      "properties": {
        "name": "小区活动室",
        "category": "sports",
        "type": "体育休闲服务;休闲场所;休闲场所",
        "district": "金牛区",
        "weight": 1
      }
    },
    {
      "type": "Feature",
      "geometry": {
        "type": "Point",
        "coordinates": [
          104.009899,
          30.700717
        ]
      },
      "properties": {
        "name": "千和棋牌",
        "category": "sports",
        "type": "体育休闲服务;娱乐场所;棋牌室",
        "district": "金牛区",
        "weight": 1
      }
    },
    {
      "type": "Feature",
      "geometry": {
        "type": "Point",
        "coordinates": [
          104.021746,
          30.703684
        ]
      },
      "properties": {
        "name": "酸葡萄网吧",
        "category": "sports",
        "type": "体育休闲服务;娱乐场所;网吧",
        "district": "金牛区",
        "weight": 2
      }
    },
    {
      "type": "Feature",
      "geometry": {
        "type": "Point",
        "coordinates": [
          104.014972,
          30.700732
        ]
      },
      "properties": {
        "name": "红程网吧",
        "category": "sports",
        "type": "体育休闲服务;娱乐场所;网吧",
        "district": "金牛区",
        "weight": 1
      }
    },
    {
      "type": "Feature",
      "geometry": {
        "type": "Point",
        "coordinates": [
          104.022878,
          30.701165
        ]
      },
      "properties": {
        "name": "助老之家",
        "category": "sports",
        "type": "体育休闲服务;体育休闲服务场所;体育休闲服务场所",
        "district": "金牛区",
        "weight": 1
      }
    },
    {
      "type": "Feature",
      "geometry": {
        "type": "Point",
        "coordinates": [
          104.017244,
          30.699896
        ]
      },
      "properties": {
        "name": "会友麻将室",
        "category": "sports",
        "type": "体育休闲服务;娱乐场所;棋牌室",
        "district": "金牛区",
        "weight": 1
      }
    },
    {
      "type": "Feature",
      "geometry": {
        "type": "Point",
        "coordinates": [
          104.02409,
          30.700341
        ]
      },
      "properties": {
        "name": "安蓉KTV商务会所",
        "category": "sports",
        "type": "体育休闲服务;娱乐场所;KTV",
        "district": "金牛区",
        "weight": 1
      }
    },
    {
      "type": "Feature",
      "geometry": {
        "type": "Point",
        "coordinates": [
          104.032519,
          30.707558
        ]
      },
      "properties": {
        "name": "互动时空网吧",
        "category": "sports",
        "type": "体育休闲服务;娱乐场所;网吧",
        "district": "金牛区",
        "weight": 1
      }
    },
    {
      "type": "Feature",
      "geometry": {
        "type": "Point",
        "coordinates": [
          104.026331,
          30.700585
        ]
      },
      "properties": {
        "name": "摩尔斯网吧",
        "category": "sports",
        "type": "体育休闲服务;娱乐场所;网吧",
        "district": "金牛区",
        "weight": 1
      }
    },
    {
      "type": "Feature",
      "geometry": {
        "type": "Point",
        "coordinates": [
          104.033453,
          30.70937
        ]
      },
      "properties": {
        "name": "极速印象网咖",
        "category": "sports",
        "type": "体育休闲服务;娱乐场所;网吧",
        "district": "金牛区",
        "weight": 1
      }
    },
    {
      "type": "Feature",
      "geometry": {
        "type": "Point",
        "coordinates": [
          104.032872,
          30.702132
        ]
      },
      "properties": {
        "name": "SOS儿童村六号家庭",
        "category": "sports",
        "type": "体育休闲服务;体育休闲服务场所;体育休闲服务场所",
        "district": "金牛区",
        "weight": 1
      }
    },
    {
      "type": "Feature",
      "geometry": {
        "type": "Point",
        "coordinates": [
          104.041841,
          30.705912
        ]
      },
      "properties": {
        "name": "亚世网吧",
        "category": "sports",
        "type": "体育休闲服务;娱乐场所;网吧",
        "district": "金牛区",
        "weight": 21
      }
    },
    {
      "type": "Feature",
      "geometry": {
        "type": "Point",
        "coordinates": [
          104.043608,
          30.702006
        ]
      },
      "properties": {
        "name": "飘雪酒吧",
        "category": "sports",
        "type": "体育休闲服务;娱乐场所;酒吧",
        "district": "金牛区",
        "weight": 7
      }
    },
    {
      "type": "Feature",
      "geometry": {
        "type": "Point",
        "coordinates": [
          104.03863,
          30.70895
        ]
      },
      "properties": {
        "name": "挑战者网吧(交大路)",
        "category": "sports",
        "type": "体育休闲服务;娱乐场所;网吧",
        "district": "金牛区",
        "weight": 1
      }
    },
    {
      "type": "Feature",
      "geometry": {
        "type": "Point",
        "coordinates": [
          104.043303,
          30.707589
        ]
      },
      "properties": {
        "name": "易扬纯K",
        "category": "sports",
        "type": "体育休闲服务;娱乐场所;KTV",
        "district": "金牛区",
        "weight": 3
      }
    },
    {
      "type": "Feature",
      "geometry": {
        "type": "Point",
        "coordinates": [
          104.041689,
          30.700782
        ]
      },
      "properties": {
        "name": "恰恰屋音乐吧",
        "category": "sports",
        "type": "体育休闲服务;娱乐场所;KTV",
        "district": "金牛区",
        "weight": 1
      }
    },
    {
      "type": "Feature",
      "geometry": {
        "type": "Point",
        "coordinates": [
          104.040398,
          30.702113
        ]
      },
      "properties": {
        "name": "七彩堂网咖",
        "category": "sports",
        "type": "体育休闲服务;娱乐场所;网吧",
        "district": "金牛区",
        "weight": 2
      }
    },
    {
      "type": "Feature",
      "geometry": {
        "type": "Point",
        "coordinates": [
          104.037314,
          30.700118
        ]
      },
      "properties": {
        "name": "嘉禾网络会所",
        "category": "sports",
        "type": "体育休闲服务;娱乐场所;网吧",
        "district": "金牛区",
        "weight": 1
      }
    },
    {
      "type": "Feature",
      "geometry": {
        "type": "Point",
        "coordinates": [
          104.036434,
          30.704816
        ]
      },
      "properties": {
        "name": "低调网咖",
        "category": "sports",
        "type": "体育休闲服务;娱乐场所;网吧",
        "district": "金牛区",
        "weight": 2
      }
    },
    {
      "type": "Feature",
      "geometry": {
        "type": "Point",
        "coordinates": [
          104.034613,
          30.708729
        ]
      },
      "properties": {
        "name": "谊享居",
        "category": "sports",
        "type": "体育休闲服务;娱乐场所;棋牌室",
        "district": "金牛区",
        "weight": 2
      }
    },
    {
      "type": "Feature",
      "geometry": {
        "type": "Point",
        "coordinates": [
          104.03735,
          30.702387
        ]
      },
      "properties": {
        "name": "快耍慢活主题网咖",
        "category": "sports",
        "type": "体育休闲服务;娱乐场所;网吧",
        "district": "金牛区",
        "weight": 4
      }
    },
    {
      "type": "Feature",
      "geometry": {
        "type": "Point",
        "coordinates": [
          104.039583,
          30.703567
        ]
      },
      "properties": {
        "name": "运动派印禅瑜伽",
        "category": "sports",
        "type": "体育休闲服务;运动场馆;健身中心",
        "district": "金牛区",
        "weight": 1
      }
    },
    {
      "type": "Feature",
      "geometry": {
        "type": "Point",
        "coordinates": [
          104.038712,
          30.704228
        ]
      },
      "properties": {
        "name": "3104桌游吧",
        "category": "sports",
        "type": "体育休闲服务;休闲场所;休闲场所",
        "district": "金牛区",
        "weight": 2
      }
    },
    {
      "type": "Feature",
      "geometry": {
        "type": "Point",
        "coordinates": [
          104.03547,
          30.69929
        ]
      },
      "properties": {
        "name": "伽怡瑜伽",
        "category": "sports",
        "type": "体育休闲服务;运动场馆;健身中心",
        "district": "金牛区",
        "weight": 2
      }
    },
    {
      "type": "Feature",
      "geometry": {
        "type": "Point",
        "coordinates": [
          104.035226,
          30.704201
        ]
      },
      "properties": {
        "name": "左右逢缘",
        "category": "sports",
        "type": "体育休闲服务;娱乐场所;棋牌室",
        "district": "金牛区",
        "weight": 5
      }
    },
    {
      "type": "Feature",
      "geometry": {
        "type": "Point",
        "coordinates": [
          104.035812,
          30.708646
        ]
      },
      "properties": {
        "name": "二姐娱乐室",
        "category": "sports",
        "type": "体育休闲服务;娱乐场所;棋牌室",
        "district": "金牛区",
        "weight": 1
      }
    },
    {
      "type": "Feature",
      "geometry": {
        "type": "Point",
        "coordinates": [
          104.044981,
          30.700128
        ]
      },
      "properties": {
        "name": "西门町酒吧",
        "category": "sports",
        "type": "体育休闲服务;娱乐场所;酒吧",
        "district": "金牛区",
        "weight": 4
      }
    },
    {
      "type": "Feature",
      "geometry": {
        "type": "Point",
        "coordinates": [
          104.052005,
          30.701743
        ]
      },
      "properties": {
        "name": "西南交通大学九里校区网球场",
        "category": "sports",
        "type": "体育休闲服务;运动场馆;网球场",
        "district": "金牛区",
        "weight": 3
      }
    },
    {
      "type": "Feature",
      "geometry": {
        "type": "Point",
        "coordinates": [
          104.052857,
          30.707104
        ]
      },
      "properties": {
        "name": "壹酒吧",
        "category": "sports",
        "type": "体育休闲服务;娱乐场所;酒吧",
        "district": "金牛区",
        "weight": 8
      }
    },
    {
      "type": "Feature",
      "geometry": {
        "type": "Point",
        "coordinates": [
          104.048612,
          30.704114
        ]
      },
      "properties": {
        "name": "伊甸园网吧(群星路)",
        "category": "sports",
        "type": "体育休闲服务;娱乐场所;网吧",
        "district": "金牛区",
        "weight": 1
      }
    },
    {
      "type": "Feature",
      "geometry": {
        "type": "Point",
        "coordinates": [
          104.045576,
          30.705219
        ]
      },
      "properties": {
        "name": "网友居电竞馆",
        "category": "sports",
        "type": "体育休闲服务;娱乐场所;网吧",
        "district": "金牛区",
        "weight": 1
      }
    },
    {
      "type": "Feature",
      "geometry": {
        "type": "Point",
        "coordinates": [
          104.045568,
          30.704007
        ]
      },
      "properties": {
        "name": "机麻馆",
        "category": "sports",
        "type": "体育休闲服务;体育休闲服务场所;体育休闲服务场所",
        "district": "金牛区",
        "weight": 1
      }
    },
    {
      "type": "Feature",
      "geometry": {
        "type": "Point",
        "coordinates": [
          104.051628,
          30.705882
        ]
      },
      "properties": {
        "name": "语过添情网吧(群星路)",
        "category": "sports",
        "type": "体育休闲服务;娱乐场所;网吧",
        "district": "金牛区",
        "weight": 1
      }
    },
    {
      "type": "Feature",
      "geometry": {
        "type": "Point",
        "coordinates": [
          104.04956,
          30.704658
        ]
      },
      "properties": {
        "name": "杨华网吧(群星路)",
        "category": "sports",
        "type": "体育休闲服务;娱乐场所;网吧",
        "district": "金牛区",
        "weight": 1
      }
    },
    {
      "type": "Feature",
      "geometry": {
        "type": "Point",
        "coordinates": [
          104.044295,
          30.70842
        ]
      },
      "properties": {
        "name": "圣珈瑜伽健身会所(星辰东一街店)",
        "category": "sports",
        "type": "体育休闲服务;运动场馆;健身中心",
        "district": "金牛区",
        "weight": 1
      }
    },
    {
      "type": "Feature",
      "geometry": {
        "type": "Point",
        "coordinates": [
          104.053483,
          30.703115
        ]
      },
      "properties": {
        "name": "交大·爱奇体育俱乐部",
        "category": "sports",
        "type": "体育休闲服务;运动场馆;运动场所",
        "district": "金牛区",
        "weight": 4
      }
    },
    {
      "type": "Feature",
      "geometry": {
        "type": "Point",
        "coordinates": [
          104.049254,
          30.70232
        ]
      },
      "properties": {
        "name": "西南交通大学九里校区排球场",
        "category": "sports",
        "type": "体育休闲服务;运动场馆;运动场所",
        "district": "金牛区",
        "weight": 3
      }
    },
    {
      "type": "Feature",
      "geometry": {
        "type": "Point",
        "coordinates": [
          104.054217,
          30.704616
        ]
      },
      "properties": {
        "name": "莫斯比人",
        "category": "sports",
        "type": "体育休闲服务;娱乐场所;娱乐场所",
        "district": "金牛区",
        "weight": 5
      }
    },
    {
      "type": "Feature",
      "geometry": {
        "type": "Point",
        "coordinates": [
          104.050657,
          30.702485
        ]
      },
      "properties": {
        "name": "西南交通大学九里校区工会俱乐部",
        "category": "sports",
        "type": "体育休闲服务;娱乐场所;娱乐场所|体育休闲服务;休闲场所;休闲场所",
        "district": "金牛区",
        "weight": 1
      }
    },
    {
      "type": "Feature",
      "geometry": {
        "type": "Point",
        "coordinates": [
          104.061039,
          30.702646
        ]
      },
      "properties": {
        "name": "成铁体育场",
        "category": "sports",
        "type": "体育休闲服务;运动场馆;综合体育馆",
        "district": "金牛区",
        "weight": 7
      }
    },
    {
      "type": "Feature",
      "geometry": {
        "type": "Point",
        "coordinates": [
          104.060765,
          30.706668
        ]
      },
      "properties": {
        "name": "华凌商务休闲会所",
        "category": "sports",
        "type": "体育休闲服务;休闲场所;休闲场所",
        "district": "金牛区",
        "weight": 1
      }
    },
    {
      "type": "Feature",
      "geometry": {
        "type": "Point",
        "coordinates": [
          104.055439,
          30.700622
        ]
      },
      "properties": {
        "name": "无限空间网吧",
        "category": "sports",
        "type": "体育休闲服务;娱乐场所;网吧",
        "district": "金牛区",
        "weight": 2
      }
    },
    {
      "type": "Feature",
      "geometry": {
        "type": "Point",
        "coordinates": [
          104.055181,
          30.702309
        ]
      },
      "properties": {
        "name": "殷商时代",
        "category": "sports",
        "type": "体育休闲服务;娱乐场所;网吧",
        "district": "金牛区",
        "weight": 3
      }
    },
    {
      "type": "Feature",
      "geometry": {
        "type": "Point",
        "coordinates": [
          104.060316,
          30.707533
        ]
      },
      "properties": {
        "name": "沁心网吧",
        "category": "sports",
        "type": "体育休闲服务;娱乐场所;网吧",
        "district": "金牛区",
        "weight": 1
      }
    },
    {
      "type": "Feature",
      "geometry": {
        "type": "Point",
        "coordinates": [
          104.060776,
          30.704435
        ]
      },
      "properties": {
        "name": "网际天下网吧",
        "category": "sports",
        "type": "体育休闲服务;娱乐场所;网吧",
        "district": "金牛区",
        "weight": 1
      }
    },
    {
      "type": "Feature",
      "geometry": {
        "type": "Point",
        "coordinates": [
          104.062303,
          30.700957
        ]
      },
      "properties": {
        "name": "伏那网吧",
        "category": "sports",
        "type": "体育休闲服务;娱乐场所;网吧",
        "district": "金牛区",
        "weight": 1
      }
    },
    {
      "type": "Feature",
      "geometry": {
        "type": "Point",
        "coordinates": [
          104.063331,
          30.705785
        ]
      },
      "properties": {
        "name": "风影泰拳",
        "category": "sports",
        "type": "体育休闲服务;运动场馆;运动场所",
        "district": "金牛区",
        "weight": 1
      }
    },
    {
      "type": "Feature",
      "geometry": {
        "type": "Point",
        "coordinates": [
          104.062725,
          30.704065
        ]
      },
      "properties": {
        "name": "四友老年活动室",
        "category": "sports",
        "type": "体育休闲服务;休闲场所;休闲场所",
        "district": "金牛区",
        "weight": 1
      }
    },
    {
      "type": "Feature",
      "geometry": {
        "type": "Point",
        "coordinates": [
          104.07344,
          30.701477
        ]
      },
      "properties": {
        "name": "地主庄园(休闲商业街店)",
        "category": "sports",
        "type": "体育休闲服务;娱乐场所;棋牌室|体育休闲服务;休闲场所;休闲场所",
        "district": "成华区",
        "weight": 1
      }
    },
    {
      "type": "Feature",
      "geometry": {
        "type": "Point",
        "coordinates": [
          104.066619,
          30.708763
        ]
      },
      "properties": {
        "name": "五福社区综合文化活动室",
        "category": "sports",
        "type": "体育休闲服务;娱乐场所;娱乐场所",
        "district": "金牛区",
        "weight": 2
      }
    },
    {
      "type": "Feature",
      "geometry": {
        "type": "Point",
        "coordinates": [
          104.068282,
          30.701898
        ]
      },
      "properties": {
        "name": "豪庭网吧",
        "category": "sports",
        "type": "体育休闲服务;娱乐场所;网吧|体育休闲服务;休闲场所;休闲场所",
        "district": "金牛区",
        "weight": 2
      }
    },
    {
      "type": "Feature",
      "geometry": {
        "type": "Point",
        "coordinates": [
          104.064207,
          30.704634
        ]
      },
      "properties": {
        "name": "open量贩式KTV(通购店)",
        "category": "sports",
        "type": "体育休闲服务;娱乐场所;KTV",
        "district": "金牛区",
        "weight": 2
      }
    },
    {
      "type": "Feature",
      "geometry": {
        "type": "Point",
        "coordinates": [
          104.071049,
          30.707194
        ]
      },
      "properties": {
        "name": "清风酒水吧",
        "category": "sports",
        "type": "体育休闲服务;娱乐场所;酒吧",
        "district": "成华区",
        "weight": 2
      }
    },
    {
      "type": "Feature",
      "geometry": {
        "type": "Point",
        "coordinates": [
          104.069714,
          30.706056
        ]
      },
      "properties": {
        "name": "正点网咖",
        "category": "sports",
        "type": "体育休闲服务;娱乐场所;网吧",
        "district": "成华区",
        "weight": 3
      }
    },
    {
      "type": "Feature",
      "geometry": {
        "type": "Point",
        "coordinates": [
          104.063664,
          30.707811
        ]
      },
      "properties": {
        "name": "龙呈台球",
        "category": "sports",
        "type": "体育休闲服务;运动场馆;台球厅",
        "district": "金牛区",
        "weight": 3
      }
    },
    {
      "type": "Feature",
      "geometry": {
        "type": "Point",
        "coordinates": [
          104.066318,
          30.700654
        ]
      },
      "properties": {
        "name": "佳热网吧",
        "category": "sports",
        "type": "体育休闲服务;娱乐场所;网吧",
        "district": "金牛区",
        "weight": 2
      }
    },
    {
      "type": "Feature",
      "geometry": {
        "type": "Point",
        "coordinates": [
          104.067788,
          30.707442
        ]
      },
      "properties": {
        "name": "钰荣网吧",
        "category": "sports",
        "type": "体育休闲服务;娱乐场所;网吧",
        "district": "金牛区",
        "weight": 1
      }
    },
    {
      "type": "Feature",
      "geometry": {
        "type": "Point",
        "coordinates": [
          104.06591,
          30.702737
        ]
      },
      "properties": {
        "name": "蓉城夜色",
        "category": "sports",
        "type": "体育休闲服务;娱乐场所;酒吧",
        "district": "金牛区",
        "weight": 3
      }
    },
    {
      "type": "Feature",
      "geometry": {
        "type": "Point",
        "coordinates": [
          104.072068,
          30.702883
        ]
      },
      "properties": {
        "name": "新海岸交谊舞会所",
        "category": "sports",
        "type": "体育休闲服务;娱乐场所;迪厅",
        "district": "成华区",
        "weight": 1
      }
    },
    {
      "type": "Feature",
      "geometry": {
        "type": "Point",
        "coordinates": [
          104.068675,
          30.704961
        ]
      },
      "properties": {
        "name": "五块石多公共能活动室",
        "category": "sports",
        "type": "体育休闲服务;休闲场所;休闲场所",
        "district": "金牛区",
        "weight": 1
      }
    },
    {
      "type": "Feature",
      "geometry": {
        "type": "Point",
        "coordinates": [
          104.069176,
          30.709177
        ]
      },
      "properties": {
        "name": "蓝海水吧",
        "category": "sports",
        "type": "体育休闲服务;娱乐场所;酒吧",
        "district": "金牛区",
        "weight": 1
      }
    },
    {
      "type": "Feature",
      "geometry": {
        "type": "Point",
        "coordinates": [
          104.072803,
          30.705304
        ]
      },
      "properties": {
        "name": "趣尚网咖(站北路)",
        "category": "sports",
        "type": "体育休闲服务;娱乐场所;网吧",
        "district": "成华区",
        "weight": 1
      }
    },
    {
      "type": "Feature",
      "geometry": {
        "type": "Point",
        "coordinates": [
          104.066356,
          30.704591
        ]
      },
      "properties": {
        "name": "约伯开心俱乐部",
        "category": "sports",
        "type": "体育休闲服务;体育休闲服务场所;体育休闲服务场所",
        "district": "金牛区",
        "weight": 1
      }
    },
    {
      "type": "Feature",
      "geometry": {
        "type": "Point",
        "coordinates": [
          104.073693,
          30.703078
        ]
      },
      "properties": {
        "name": "东豪网吧",
        "category": "sports",
        "type": "体育休闲服务;娱乐场所;网吧",
        "district": "成华区",
        "weight": 3
      }
    },
    {
      "type": "Feature",
      "geometry": {
        "type": "Point",
        "coordinates": [
          104.07498,
          30.702857
        ]
      },
      "properties": {
        "name": "星空樱桃花园网吧",
        "category": "sports",
        "type": "体育休闲服务;娱乐场所;网吧",
        "district": "成华区",
        "weight": 1
      }
    },
    {
      "type": "Feature",
      "geometry": {
        "type": "Point",
        "coordinates": [
          104.076632,
          30.702996
        ]
      },
      "properties": {
        "name": "浮梦网吧",
        "category": "sports",
        "type": "体育休闲服务;娱乐场所;网吧",
        "district": "成华区",
        "weight": 2
      }
    },
    {
      "type": "Feature",
      "geometry": {
        "type": "Point",
        "coordinates": [
          104.07375,
          30.70745
        ]
      },
      "properties": {
        "name": "华来都会",
        "category": "sports",
        "type": "体育休闲服务;休闲场所;休闲场所",
        "district": "成华区",
        "weight": 2
      }
    },
    {
      "type": "Feature",
      "geometry": {
        "type": "Point",
        "coordinates": [
          104.091402,
          30.707382
        ]
      },
      "properties": {
        "name": "虫虫叮竞技馆",
        "category": "sports",
        "type": "体育休闲服务;娱乐场所;网吧",
        "district": "成华区",
        "weight": 5
      }
    },
    {
      "type": "Feature",
      "geometry": {
        "type": "Point",
        "coordinates": [
          104.093139,
          30.70501
        ]
      },
      "properties": {
        "name": "圣珈瑜伽",
        "category": "sports",
        "type": "体育休闲服务;运动场馆;健身中心",
        "district": "成华区",
        "weight": 4
      }
    },
    {
      "type": "Feature",
      "geometry": {
        "type": "Point",
        "coordinates": [
          104.092158,
          30.708702
        ]
      },
      "properties": {
        "name": "亿游网咖",
        "category": "sports",
        "type": "体育休闲服务;娱乐场所;网吧",
        "district": "成华区",
        "weight": 2
      }
    },
    {
      "type": "Feature",
      "geometry": {
        "type": "Point",
        "coordinates": [
          104.089833,
          30.703285
        ]
      },
      "properties": {
        "name": "逆时空网吧",
        "category": "sports",
        "type": "体育休闲服务;娱乐场所;网吧",
        "district": "成华区",
        "weight": 2
      }
    },
    {
      "type": "Feature",
      "geometry": {
        "type": "Point",
        "coordinates": [
          104.088783,
          30.702841
        ]
      },
      "properties": {
        "name": "津鑫网吧",
        "category": "sports",
        "type": "体育休闲服务;娱乐场所;网吧",
        "district": "成华区",
        "weight": 1
      }
    },
    {
      "type": "Feature",
      "geometry": {
        "type": "Point",
        "coordinates": [
          104.088629,
          30.705012
        ]
      },
      "properties": {
        "name": "驷马桥水岸瑜伽",
        "category": "sports",
        "type": "体育休闲服务;运动场馆;健身中心",
        "district": "成华区",
        "weight": 1
      }
    },
    {
      "type": "Feature",
      "geometry": {
        "type": "Point",
        "coordinates": [
          104.08705,
          30.70249
        ]
      },
      "properties": {
        "name": "菁澜瑜伽馆",
        "category": "sports",
        "type": "体育休闲服务;运动场馆;健身中心",
        "district": "成华区",
        "weight": 1
      }
    },
    {
      "type": "Feature",
      "geometry": {
        "type": "Point",
        "coordinates": [
          104.102131,
          30.701796
        ]
      },
      "properties": {
        "name": "青龙场儿童乐园",
        "category": "sports",
        "type": "体育休闲服务;休闲场所;游乐场",
        "district": "成华区",
        "weight": 3
      }
    },
    {
      "type": "Feature",
      "geometry": {
        "type": "Point",
        "coordinates": [
          104.103776,
          30.702516
        ]
      },
      "properties": {
        "name": "好客茶庄",
        "category": "sports",
        "type": "体育休闲服务;娱乐场所;棋牌室|购物服务;专卖店;专营店",
        "district": "成华区",
        "weight": 3
      }
    },
    {
      "type": "Feature",
      "geometry": {
        "type": "Point",
        "coordinates": [
          104.094852,
          30.707186
        ]
      },
      "properties": {
        "name": "别处酒吧",
        "category": "sports",
        "type": "体育休闲服务;娱乐场所;酒吧",
        "district": "成华区",
        "weight": 2
      }
    },
    {
      "type": "Feature",
      "geometry": {
        "type": "Point",
        "coordinates": [
          104.097516,
          30.700856
        ]
      },
      "properties": {
        "name": "朱朱快速网吧",
        "category": "sports",
        "type": "体育休闲服务;娱乐场所;网吧",
        "district": "成华区",
        "weight": 4
      }
    },
    {
      "type": "Feature",
      "geometry": {
        "type": "Point",
        "coordinates": [
          104.093535,
          30.707188
        ]
      },
      "properties": {
        "name": "花样年华",
        "category": "sports",
        "type": "体育休闲服务;娱乐场所;KTV",
        "district": "成华区",
        "weight": 1
      }
    },
    {
      "type": "Feature",
      "geometry": {
        "type": "Point",
        "coordinates": [
          104.10077,
          30.702309
        ]
      },
      "properties": {
        "name": "回归网咖",
        "category": "sports",
        "type": "体育休闲服务;娱乐场所;网吧",
        "district": "成华区",
        "weight": 1
      }
    },
    {
      "type": "Feature",
      "geometry": {
        "type": "Point",
        "coordinates": [
          104.093548,
          30.70165
        ]
      },
      "properties": {
        "name": "战乐网吧",
        "category": "sports",
        "type": "体育休闲服务;娱乐场所;网吧",
        "district": "成华区",
        "weight": 1
      }
    },
    {
      "type": "Feature",
      "geometry": {
        "type": "Point",
        "coordinates": [
          104.101506,
          30.700454
        ]
      },
      "properties": {
        "name": "新流年网吧",
        "category": "sports",
        "type": "体育休闲服务;娱乐场所;网吧",
        "district": "成华区",
        "weight": 1
      }
    },
    {
      "type": "Feature",
      "geometry": {
        "type": "Point",
        "coordinates": [
          104.097068,
          30.702348
        ]
      },
      "properties": {
        "name": "北辰美庐网吧",
        "category": "sports",
        "type": "体育休闲服务;娱乐场所;网吧",
        "district": "成华区",
        "weight": 2
      }
    },
    {
      "type": "Feature",
      "geometry": {
        "type": "Point",
        "coordinates": [
          104.100115,
          30.701252
        ]
      },
      "properties": {
        "name": "冷妹麻将馆",
        "category": "sports",
        "type": "体育休闲服务;娱乐场所;棋牌室",
        "district": "成华区",
        "weight": 1
      }
    },
    {
      "type": "Feature",
      "geometry": {
        "type": "Point",
        "coordinates": [
          104.111211,
          30.701377
        ]
      },
      "properties": {
        "name": "星空创鑫网吧",
        "category": "sports",
        "type": "体育休闲服务;娱乐场所;网吧",
        "district": "成华区",
        "weight": 1
      }
    },
    {
      "type": "Feature",
      "geometry": {
        "type": "Point",
        "coordinates": [
          104.104805,
          30.701292
        ]
      },
      "properties": {
        "name": "悠悠网吧(致顺路)",
        "category": "sports",
        "type": "体育休闲服务;娱乐场所;网吧",
        "district": "成华区",
        "weight": 1
      }
    },
    {
      "type": "Feature",
      "geometry": {
        "type": "Point",
        "coordinates": [
          104.106288,
          30.702004
        ]
      },
      "properties": {
        "name": "芒果网咖",
        "category": "sports",
        "type": "体育休闲服务;娱乐场所;网吧",
        "district": "成华区",
        "weight": 5
      }
    },
    {
      "type": "Feature",
      "geometry": {
        "type": "Point",
        "coordinates": [
          104.106065,
          30.704994
        ]
      },
      "properties": {
        "name": "六度空间网吧",
        "category": "sports",
        "type": "体育休闲服务;娱乐场所;网吧",
        "district": "成华区",
        "weight": 1
      }
    },
    {
      "type": "Feature",
      "geometry": {
        "type": "Point",
        "coordinates": [
          104.105793,
          30.706786
        ]
      },
      "properties": {
        "name": "致祥网吧",
        "category": "sports",
        "type": "体育休闲服务;娱乐场所;网吧",
        "district": "成华区",
        "weight": 1
      }
    },
    {
      "type": "Feature",
      "geometry": {
        "type": "Point",
        "coordinates": [
          104.105569,
          30.700241
        ]
      },
      "properties": {
        "name": "青龙场鸽会鸽友交流活动中心",
        "category": "sports",
        "type": "体育休闲服务;娱乐场所;娱乐场所",
        "district": "成华区",
        "weight": 1
      }
    },
    {
      "type": "Feature",
      "geometry": {
        "type": "Point",
        "coordinates": [
          104.113625,
          30.700892
        ]
      },
      "properties": {
        "name": "青龙街道办晚霞居家养老服务中心",
        "category": "sports",
        "type": "体育休闲服务;度假疗养场所;疗养院",
        "district": "成华区",
        "weight": 1
      }
    },
    {
      "type": "Feature",
      "geometry": {
        "type": "Point",
        "coordinates": [
          104.115511,
          30.703312
        ]
      },
      "properties": {
        "name": "漫时光网吧",
        "category": "sports",
        "type": "体育休闲服务;娱乐场所;网吧",
        "district": "成华区",
        "weight": 2
      }
    },
    {
      "type": "Feature",
      "geometry": {
        "type": "Point",
        "coordinates": [
          104.142675,
          30.708585
        ]
      },
      "properties": {
        "name": "城市仁德山庄",
        "category": "sports",
        "type": "体育休闲服务;休闲场所;休闲场所",
        "district": "成华区",
        "weight": 1
      }
    },
    {
      "type": "Feature",
      "geometry": {
        "type": "Point",
        "coordinates": [
          104.143782,
          30.708964
        ]
      },
      "properties": {
        "name": "仁德足球场",
        "category": "sports",
        "type": "体育休闲服务;运动场馆;足球场",
        "district": "成华区",
        "weight": 1
      }
    },
    {
      "type": "Feature",
      "geometry": {
        "type": "Point",
        "coordinates": [
          104.159985,
          30.704785
        ]
      },
      "properties": {
        "name": "沸特网咖",
        "category": "sports",
        "type": "体育休闲服务;娱乐场所;网吧",
        "district": "成华区",
        "weight": 2
      }
    },
    {
      "type": "Feature",
      "geometry": {
        "type": "Point",
        "coordinates": [
          104.171998,
          30.700376
        ]
      },
      "properties": {
        "name": "凡雯瑜伽馆",
        "category": "sports",
        "type": "体育休闲服务;运动场馆;健身中心",
        "district": "成华区",
        "weight": 2
      }
    },
    {
      "type": "Feature",
      "geometry": {
        "type": "Point",
        "coordinates": [
          104.167829,
          30.708672
        ]
      },
      "properties": {
        "name": "蜘蛛网吧",
        "category": "sports",
        "type": "体育休闲服务;娱乐场所;网吧",
        "district": "成华区",
        "weight": 2
      }
    },
    {
      "type": "Feature",
      "geometry": {
        "type": "Point",
        "coordinates": [
          104.165522,
          30.701522
        ]
      },
      "properties": {
        "name": "天籁之音KTV",
        "category": "sports",
        "type": "体育休闲服务;娱乐场所;KTV",
        "district": "成华区",
        "weight": 2
      }
    },
    {
      "type": "Feature",
      "geometry": {
        "type": "Point",
        "coordinates": [
          104.168759,
          30.700886
        ]
      },
      "properties": {
        "name": "梦利花园酒水吧",
        "category": "sports",
        "type": "体育休闲服务;娱乐场所;酒吧",
        "district": "成华区",
        "weight": 3
      }
    },
    {
      "type": "Feature",
      "geometry": {
        "type": "Point",
        "coordinates": [
          104.168697,
          30.707875
        ]
      },
      "properties": {
        "name": "叠翠山庄",
        "category": "sports",
        "type": "体育休闲服务;休闲场所;休闲场所",
        "district": "成华区",
        "weight": 1
      }
    },
    {
      "type": "Feature",
      "geometry": {
        "type": "Point",
        "coordinates": [
          104.164068,
          30.705922
        ]
      },
      "properties": {
        "name": "天堂鸟网吧(龙潭路)",
        "category": "sports",
        "type": "体育休闲服务;娱乐场所;网吧",
        "district": "成华区",
        "weight": 1
      }
    },
    {
      "type": "Feature",
      "geometry": {
        "type": "Point",
        "coordinates": [
          104.167273,
          30.701132
        ]
      },
      "properties": {
        "name": "星空世达网吧",
        "category": "sports",
        "type": "体育休闲服务;娱乐场所;网吧",
        "district": "成华区",
        "weight": 1
      }
    },
    {
      "type": "Feature",
      "geometry": {
        "type": "Point",
        "coordinates": [
          104.17333,
          30.702674
        ]
      },
      "properties": {
        "name": "龙潭街道同仁社区老年活动中心",
        "category": "sports",
        "type": "体育休闲服务;休闲场所;休闲场所",
        "district": "成华区",
        "weight": 1
      }
    },
    {
      "type": "Feature",
      "geometry": {
        "type": "Point",
        "coordinates": [
          104.172845,
          30.705077
        ]
      },
      "properties": {
        "name": "成都博誉足球俱乐部",
        "category": "sports",
        "type": "体育休闲服务;运动场馆;足球场",
        "district": "成华区",
        "weight": 1
      }
    },
    {
      "type": "Feature",
      "geometry": {
        "type": "Point",
        "coordinates": [
          104.173908,
          30.70176
        ]
      },
      "properties": {
        "name": "及强旱冰城",
        "category": "sports",
        "type": "体育休闲服务;运动场馆;溜冰场",
        "district": "成华区",
        "weight": 1
      }
    },
    {
      "type": "Feature",
      "geometry": {
        "type": "Point",
        "coordinates": [
          103.970131,
          30.694937
        ]
      },
      "properties": {
        "name": "赤道KTV",
        "category": "sports",
        "type": "体育休闲服务;娱乐场所;KTV",
        "district": "青羊区",
        "weight": 6
      }
    },
    {
      "type": "Feature",
      "geometry": {
        "type": "Point",
        "coordinates": [
          103.963892,
          30.692008
        ]
      },
      "properties": {
        "name": "羽置锋羽毛球馆",
        "category": "sports",
        "type": "体育休闲服务;运动场馆;羽毛球场",
        "district": "青羊区",
        "weight": 2
      }
    },
    {
      "type": "Feature",
      "geometry": {
        "type": "Point",
        "coordinates": [
          103.965774,
          30.692073
        ]
      },
      "properties": {
        "name": "青羊总部运动基地篮球场",
        "category": "sports",
        "type": "体育休闲服务;运动场馆;篮球场馆",
        "district": "青羊区",
        "weight": 1
      }
    },
    {
      "type": "Feature",
      "geometry": {
        "type": "Point",
        "coordinates": [
          103.965002,
          30.694946
        ]
      },
      "properties": {
        "name": "网咖",
        "category": "sports",
        "type": "体育休闲服务;娱乐场所;网吧",
        "district": "青羊区",
        "weight": 2
      }
    },
    {
      "type": "Feature",
      "geometry": {
        "type": "Point",
        "coordinates": [
          103.973767,
          30.6908
        ]
      },
      "properties": {
        "name": "中航·爱老之家",
        "category": "sports",
        "type": "体育休闲服务;度假疗养场所;疗养院",
        "district": "青羊区",
        "weight": 1
      }
    },
    {
      "type": "Feature",
      "geometry": {
        "type": "Point",
        "coordinates": [
          103.972642,
          30.692666
        ]
      },
      "properties": {
        "name": "凯天职工活动中心",
        "category": "sports",
        "type": "体育休闲服务;休闲场所;休闲场所",
        "district": "青羊区",
        "weight": 2
      }
    },
    {
      "type": "Feature",
      "geometry": {
        "type": "Point",
        "coordinates": [
          103.967283,
          30.697216
        ]
      },
      "properties": {
        "name": "永年健康乐园",
        "category": "sports",
        "type": "体育休闲服务;度假疗养场所;疗养院",
        "district": "青羊区",
        "weight": 1
      }
    },
    {
      "type": "Feature",
      "geometry": {
        "type": "Point",
        "coordinates": [
          103.969058,
          30.696053
        ]
      },
      "properties": {
        "name": "优等氧吧",
        "category": "sports",
        "type": "体育休闲服务;体育休闲服务场所;体育休闲服务场所",
        "district": "青羊区",
        "weight": 2
      }
    },
    {
      "type": "Feature",
      "geometry": {
        "type": "Point",
        "coordinates": [
          103.973299,
          30.694945
        ]
      },
      "properties": {
        "name": "黄田坝街道联工社区日间照料中心",
        "category": "sports",
        "type": "体育休闲服务;度假疗养场所;疗养院",
        "district": "青羊区",
        "weight": 1
      }
    },
    {
      "type": "Feature",
      "geometry": {
        "type": "Point",
        "coordinates": [
          103.979403,
          30.689767
        ]
      },
      "properties": {
        "name": "九号足球公园",
        "category": "sports",
        "type": "体育休闲服务;运动场馆;运动场所",
        "district": "青羊区",
        "weight": 2
      }
    },
    {
      "type": "Feature",
      "geometry": {
        "type": "Point",
        "coordinates": [
          104.003494,
          30.692869
        ]
      },
      "properties": {
        "name": "柏斯骄",
        "category": "sports",
        "type": "体育休闲服务;娱乐场所;酒吧|餐饮服务;咖啡厅;咖啡厅",
        "district": "青羊区",
        "weight": 1
      }
    },
    {
      "type": "Feature",
      "geometry": {
        "type": "Point",
        "coordinates": [
          104.009817,
          30.696993
        ]
      },
      "properties": {
        "name": "尊上",
        "category": "sports",
        "type": "体育休闲服务;娱乐场所;KTV",
        "district": "金牛区",
        "weight": 4
      }
    },
    {
      "type": "Feature",
      "geometry": {
        "type": "Point",
        "coordinates": [
          104.013504,
          30.693912
        ]
      },
      "properties": {
        "name": "金粉世家",
        "category": "sports",
        "type": "体育休闲服务;娱乐场所;KTV",
        "district": "金牛区",
        "weight": 2
      }
    },
    {
      "type": "Feature",
      "geometry": {
        "type": "Point",
        "coordinates": [
          104.004104,
          30.694582
        ]
      },
      "properties": {
        "name": "茗仕会所",
        "category": "sports",
        "type": "体育休闲服务;休闲场所;休闲场所",
        "district": "青羊区",
        "weight": 2
      }
    },
    {
      "type": "Feature",
      "geometry": {
        "type": "Point",
        "coordinates": [
          104.009657,
          30.692056
        ]
      },
      "properties": {
        "name": "顺和麻将室",
        "category": "sports",
        "type": "体育休闲服务;娱乐场所;棋牌室",
        "district": "金牛区",
        "weight": 2
      }
    },
    {
      "type": "Feature",
      "geometry": {
        "type": "Point",
        "coordinates": [
          104.009814,
          30.699212
        ]
      },
      "properties": {
        "name": "安怡网吧",
        "category": "sports",
        "type": "体育休闲服务;娱乐场所;网吧",
        "district": "金牛区",
        "weight": 1
      }
    },
    {
      "type": "Feature",
      "geometry": {
        "type": "Point",
        "coordinates": [
          104.005373,
          30.691553
        ]
      },
      "properties": {
        "name": "玄竞电竞俱乐部",
        "category": "sports",
        "type": "体育休闲服务;娱乐场所;网吧",
        "district": "青羊区",
        "weight": 1
      }
    },
    {
      "type": "Feature",
      "geometry": {
        "type": "Point",
        "coordinates": [
          104.011279,
          30.695782
        ]
      },
      "properties": {
        "name": "网咖2F",
        "category": "sports",
        "type": "体育休闲服务;体育休闲服务场所;体育休闲服务场所",
        "district": "金牛区",
        "weight": 3
      }
    },
    {
      "type": "Feature",
      "geometry": {
        "type": "Point",
        "coordinates": [
          104.00765,
          30.693337
        ]
      },
      "properties": {
        "name": "品茗棋牌浴足",
        "category": "sports",
        "type": "体育休闲服务;体育休闲服务场所;体育休闲服务场所",
        "district": "青羊区",
        "weight": 2
      }
    },
    {
      "type": "Feature",
      "geometry": {
        "type": "Point",
        "coordinates": [
          104.012917,
          30.692563
        ]
      },
      "properties": {
        "name": "天伦网吧",
        "category": "sports",
        "type": "体育休闲服务;娱乐场所;网吧",
        "district": "金牛区",
        "weight": 3
      }
    },
    {
      "type": "Feature",
      "geometry": {
        "type": "Point",
        "coordinates": [
          104.012665,
          30.691335
        ]
      },
      "properties": {
        "name": "棋牌茶麻将",
        "category": "sports",
        "type": "体育休闲服务;体育休闲服务场所;体育休闲服务场所",
        "district": "金牛区",
        "weight": 1
      }
    },
    {
      "type": "Feature",
      "geometry": {
        "type": "Point",
        "coordinates": [
          104.013598,
          30.696944
        ]
      },
      "properties": {
        "name": "玩赚会所",
        "category": "sports",
        "type": "体育休闲服务;体育休闲服务场所;体育休闲服务场所",
        "district": "金牛区",
        "weight": 2
      }
    },
    {
      "type": "Feature",
      "geometry": {
        "type": "Point",
        "coordinates": [
          104.010947,
          30.694148
        ]
      },
      "properties": {
        "name": "达尔宫户外运动",
        "category": "sports",
        "type": "体育休闲服务;休闲场所;休闲场所",
        "district": "金牛区",
        "weight": 1
      }
    },
    {
      "type": "Feature",
      "geometry": {
        "type": "Point",
        "coordinates": [
          104.008359,
          30.689918
        ]
      },
      "properties": {
        "name": "直雨麻将室",
        "category": "sports",
        "type": "体育休闲服务;娱乐场所;棋牌室",
        "district": "金牛区",
        "weight": 1
      }
    },
    {
      "type": "Feature",
      "geometry": {
        "type": "Point",
        "coordinates": [
          104.007072,
          30.698347
        ]
      },
      "properties": {
        "name": "佑逸演艺",
        "category": "sports",
        "type": "体育休闲服务;体育休闲服务场所;体育休闲服务场所",
        "district": "金牛区",
        "weight": 1
      }
    },
    {
      "type": "Feature",
      "geometry": {
        "type": "Point",
        "coordinates": [
          104.015508,
          30.698111
        ]
      },
      "properties": {
        "name": "亿麦空间网吧",
        "category": "sports",
        "type": "体育休闲服务;娱乐场所;网吧",
        "district": "金牛区",
        "weight": 4
      }
    },
    {
      "type": "Feature",
      "geometry": {
        "type": "Point",
        "coordinates": [
          104.016732,
          30.695652
        ]
      },
      "properties": {
        "name": "金澜湾保健健身服务部",
        "category": "sports",
        "type": "体育休闲服务;运动场馆;健身中心",
        "district": "金牛区",
        "weight": 1
      }
    },
    {
      "type": "Feature",
      "geometry": {
        "type": "Point",
        "coordinates": [
          104.015942,
          30.691894
        ]
      },
      "properties": {
        "name": "游侠客",
        "category": "sports",
        "type": "体育休闲服务;体育休闲服务场所;体育休闲服务场所",
        "district": "金牛区",
        "weight": 4
      }
    },
    {
      "type": "Feature",
      "geometry": {
        "type": "Point",
        "coordinates": [
          104.021733,
          30.695002
        ]
      },
      "properties": {
        "name": "炫色",
        "category": "sports",
        "type": "体育休闲服务;娱乐场所;娱乐场所",
        "district": "金牛区",
        "weight": 21
      }
    },
    {
      "type": "Feature",
      "geometry": {
        "type": "Point",
        "coordinates": [
          104.023538,
          30.695061
        ]
      },
      "properties": {
        "name": "赛秦淮量贩KTV",
        "category": "sports",
        "type": "体育休闲服务;娱乐场所;KTV",
        "district": "金牛区",
        "weight": 1
      }
    },
    {
      "type": "Feature",
      "geometry": {
        "type": "Point",
        "coordinates": [
          104.017249,
          30.690884
        ]
      },
      "properties": {
        "name": "亮量贩KTV",
        "category": "sports",
        "type": "体育休闲服务;娱乐场所;KTV",
        "district": "金牛区",
        "weight": 2
      }
    },
    {
      "type": "Feature",
      "geometry": {
        "type": "Point",
        "coordinates": [
          104.016769,
          30.689727
        ]
      },
      "properties": {
        "name": "隆雪无冬网咖",
        "category": "sports",
        "type": "体育休闲服务;娱乐场所;网吧",
        "district": "金牛区",
        "weight": 2
      }
    },
    {
      "type": "Feature",
      "geometry": {
        "type": "Point",
        "coordinates": [
          104.018506,
          30.692548
        ]
      },
      "properties": {
        "name": "盈雀健身生活",
        "category": "sports",
        "type": "体育休闲服务;运动场馆;健身中心",
        "district": "金牛区",
        "weight": 1
      }
    },
    {
      "type": "Feature",
      "geometry": {
        "type": "Point",
        "coordinates": [
          104.015254,
          30.695532
        ]
      },
      "properties": {
        "name": "夜色娱乐汇",
        "category": "sports",
        "type": "体育休闲服务;体育休闲服务场所;体育休闲服务场所",
        "district": "金牛区",
        "weight": 2
      }
    },
    {
      "type": "Feature",
      "geometry": {
        "type": "Point",
        "coordinates": [
          104.018546,
          30.69803
        ]
      },
      "properties": {
        "name": "前锋授权网点",
        "category": "sports",
        "type": "体育休闲服务;体育休闲服务场所;体育休闲服务场所",
        "district": "金牛区",
        "weight": 1
      }
    },
    {
      "type": "Feature",
      "geometry": {
        "type": "Point",
        "coordinates": [
          104.020896,
          30.689549
        ]
      },
      "properties": {
        "name": "梵音瑜伽(蜀汉路店)",
        "category": "sports",
        "type": "体育休闲服务;运动场馆;健身中心",
        "district": "金牛区",
        "weight": 1
      }
    },
    {
      "type": "Feature",
      "geometry": {
        "type": "Point",
        "coordinates": [
          104.023153,
          30.69135
        ]
      },
      "properties": {
        "name": "梦缘品茗棋牌",
        "category": "sports",
        "type": "体育休闲服务;娱乐场所;棋牌室",
        "district": "金牛区",
        "weight": 2
      }
    },
    {
      "type": "Feature",
      "geometry": {
        "type": "Point",
        "coordinates": [
          104.013727,
          30.690406
        ]
      },
      "properties": {
        "name": "品茗棋牌(星河街)",
        "category": "sports",
        "type": "体育休闲服务;娱乐场所;棋牌室",
        "district": "金牛区",
        "weight": 1
      }
    },
    {
      "type": "Feature",
      "geometry": {
        "type": "Point",
        "coordinates": [
          104.033004,
          30.693093
        ]
      },
      "properties": {
        "name": "心悦酒吧",
        "category": "sports",
        "type": "体育休闲服务;娱乐场所;酒吧",
        "district": "金牛区",
        "weight": 37
      }
    },
    {
      "type": "Feature",
      "geometry": {
        "type": "Point",
        "coordinates": [
          104.029619,
          30.694436
        ]
      },
      "properties": {
        "name": "欢馨棋牌室",
        "category": "sports",
        "type": "体育休闲服务;娱乐场所;棋牌室",
        "district": "金牛区",
        "weight": 5
      }
    },
    {
      "type": "Feature",
      "geometry": {
        "type": "Point",
        "coordinates": [
          104.032131,
          30.697654
        ]
      },
      "properties": {
        "name": "途睿健身游泳顶峰店",
        "category": "sports",
        "type": "体育休闲服务;运动场馆;健身中心",
        "district": "金牛区",
        "weight": 1
      }
    },
    {
      "type": "Feature",
      "geometry": {
        "type": "Point",
        "coordinates": [
          104.024509,
          30.697327
        ]
      },
      "properties": {
        "name": "西爵1号",
        "category": "sports",
        "type": "体育休闲服务;娱乐场所;酒吧",
        "district": "金牛区",
        "weight": 14
      }
    },
    {
      "type": "Feature",
      "geometry": {
        "type": "Point",
        "coordinates": [
          104.026568,
          30.698433
        ]
      },
      "properties": {
        "name": "开放式量版KTV",
        "category": "sports",
        "type": "体育休闲服务;娱乐场所;KTV",
        "district": "金牛区",
        "weight": 2
      }
    },
    {
      "type": "Feature",
      "geometry": {
        "type": "Point",
        "coordinates": [
          104.024781,
          30.690188
        ]
      },
      "properties": {
        "name": "威克斯健身会所",
        "category": "sports",
        "type": "体育休闲服务;运动场馆;健身中心",
        "district": "金牛区",
        "weight": 4
      }
    },
    {
      "type": "Feature",
      "geometry": {
        "type": "Point",
        "coordinates": [
          104.028612,
          30.6917
        ]
      },
      "properties": {
        "name": "顶尚网络",
        "category": "sports",
        "type": "体育休闲服务;娱乐场所;网吧",
        "district": "金牛区",
        "weight": 1
      }
    },
    {
      "type": "Feature",
      "geometry": {
        "type": "Point",
        "coordinates": [
          104.029551,
          30.689585
        ]
      },
      "properties": {
        "name": "天籁村酒吧",
        "category": "sports",
        "type": "体育休闲服务;娱乐场所;酒吧",
        "district": "金牛区",
        "weight": 1
      }
    },
    {
      "type": "Feature",
      "geometry": {
        "type": "Point",
        "coordinates": [
          104.029064,
          30.697045
        ]
      },
      "properties": {
        "name": "权盛台球器械",
        "category": "sports",
        "type": "体育休闲服务;体育休闲服务场所;体育休闲服务场所",
        "district": "金牛区",
        "weight": 1
      }
    },
    {
      "type": "Feature",
      "geometry": {
        "type": "Point",
        "coordinates": [
          104.031401,
          30.696892
        ]
      },
      "properties": {
        "name": "顶峰游泳健身运动俱乐部",
        "category": "sports",
        "type": "体育休闲服务;运动场馆;游泳馆",
        "district": "金牛区",
        "weight": 2
      }
    },
    {
      "type": "Feature",
      "geometry": {
        "type": "Point",
        "coordinates": [
          104.025188,
          30.691262
        ]
      },
      "properties": {
        "name": "中亚国际会所",
        "category": "sports",
        "type": "体育休闲服务;娱乐场所;娱乐场所",
        "district": "金牛区",
        "weight": 1
      }
    },
    {
      "type": "Feature",
      "geometry": {
        "type": "Point",
        "coordinates": [
          104.031585,
          30.692081
        ]
      },
      "properties": {
        "name": "晚霞敬老院",
        "category": "sports",
        "type": "体育休闲服务;度假疗养场所;疗养院",
        "district": "金牛区",
        "weight": 1
      }
    },
    {
      "type": "Feature",
      "geometry": {
        "type": "Point",
        "coordinates": [
          104.042956,
          30.695876
        ]
      },
      "properties": {
        "name": "网咖",
        "category": "sports",
        "type": "体育休闲服务;娱乐场所;网吧",
        "district": "金牛区",
        "weight": 10
      }
    },
    {
      "type": "Feature",
      "geometry": {
        "type": "Point",
        "coordinates": [
          104.043152,
          30.691241
        ]
      },
      "properties": {
        "name": "网居网吧(光荣花园店)",
        "category": "sports",
        "type": "体育休闲服务;娱乐场所;网吧",
        "district": "金牛区",
        "weight": 2
      }
    },
    {
      "type": "Feature",
      "geometry": {
        "type": "Point",
        "coordinates": [
          104.033933,
          30.690051
        ]
      },
      "properties": {
        "name": "英雄网咖(新城市广场店)",
        "category": "sports",
        "type": "体育休闲服务;娱乐场所;网吧",
        "district": "金牛区",
        "weight": 2
      }
    },
    {
      "type": "Feature",
      "geometry": {
        "type": "Point",
        "coordinates": [
          104.037408,
          30.690357
        ]
      },
      "properties": {
        "name": "心芳情歌舞厅",
        "category": "sports",
        "type": "体育休闲服务;娱乐场所;迪厅",
        "district": "金牛区",
        "weight": 2
      }
    },
    {
      "type": "Feature",
      "geometry": {
        "type": "Point",
        "coordinates": [
          104.040896,
          30.697234
        ]
      },
      "properties": {
        "name": "梦鸟网吧",
        "category": "sports",
        "type": "体育休闲服务;娱乐场所;网吧",
        "district": "金牛区",
        "weight": 5
      }
    },
    {
      "type": "Feature",
      "geometry": {
        "type": "Point",
        "coordinates": [
          104.043037,
          30.694047
        ]
      },
      "properties": {
        "name": "提艾斯Bar",
        "category": "sports",
        "type": "体育休闲服务;娱乐场所;酒吧",
        "district": "金牛区",
        "weight": 1
      }
    },
    {
      "type": "Feature",
      "geometry": {
        "type": "Point",
        "coordinates": [
          104.041694,
          30.694725
        ]
      },
      "properties": {
        "name": "丽都国际商务会所(二环路北一段)",
        "category": "sports",
        "type": "体育休闲服务;娱乐场所;娱乐场所",
        "district": "金牛区",
        "weight": 1
      }
    },
    {
      "type": "Feature",
      "geometry": {
        "type": "Point",
        "coordinates": [
          104.040137,
          30.693713
        ]
      },
      "properties": {
        "name": "八段锦美肤健身广场",
        "category": "sports",
        "type": "体育休闲服务;运动场馆;健身中心",
        "district": "金牛区",
        "weight": 1
      }
    },
    {
      "type": "Feature",
      "geometry": {
        "type": "Point",
        "coordinates": [
          104.037111,
          30.697498
        ]
      },
      "properties": {
        "name": "5+5网吧",
        "category": "sports",
        "type": "体育休闲服务;娱乐场所;网吧",
        "district": "金牛区",
        "weight": 1
      }
    },
    {
      "type": "Feature",
      "geometry": {
        "type": "Point",
        "coordinates": [
          104.037928,
          30.692501
        ]
      },
      "properties": {
        "name": "西城演绎酒吧",
        "category": "sports",
        "type": "体育休闲服务;娱乐场所;酒吧",
        "district": "金牛区",
        "weight": 1
      }
    },
    {
      "type": "Feature",
      "geometry": {
        "type": "Point",
        "coordinates": [
          104.038659,
          30.689814
        ]
      },
      "properties": {
        "name": "善菩瑜伽",
        "category": "sports",
        "type": "体育休闲服务;运动场馆;健身中心",
        "district": "金牛区",
        "weight": 4
      }
    },
    {
      "type": "Feature",
      "geometry": {
        "type": "Point",
        "coordinates": [
          104.034978,
          30.698059
        ]
      },
      "properties": {
        "name": "营门口路社区未成年人活动室",
        "category": "sports",
        "type": "体育休闲服务;休闲场所;休闲场所",
        "district": "金牛区",
        "weight": 1
      }
    },
    {
      "type": "Feature",
      "geometry": {
        "type": "Point",
        "coordinates": [
          104.038491,
          30.697553
        ]
      },
      "properties": {
        "name": "闲人居会所",
        "category": "sports",
        "type": "体育休闲服务;体育休闲服务场所;体育休闲服务场所",
        "district": "金牛区",
        "weight": 1
      }
    },
    {
      "type": "Feature",
      "geometry": {
        "type": "Point",
        "coordinates": [
          104.052722,
          30.692631
        ]
      },
      "properties": {
        "name": "好友休闲室",
        "category": "sports",
        "type": "体育休闲服务;娱乐场所;娱乐场所",
        "district": "金牛区",
        "weight": 1
      }
    },
    {
      "type": "Feature",
      "geometry": {
        "type": "Point",
        "coordinates": [
          104.045121,
          30.695103
        ]
      },
      "properties": {
        "name": "棕榈泉游泳馆",
        "category": "sports",
        "type": "体育休闲服务;运动场馆;游泳馆",
        "district": "金牛区",
        "weight": 1
      }
    },
    {
      "type": "Feature",
      "geometry": {
        "type": "Point",
        "coordinates": [
          104.048031,
          30.693187
        ]
      },
      "properties": {
        "name": "明心缘",
        "category": "sports",
        "type": "体育休闲服务;体育休闲服务场所;体育休闲服务场所",
        "district": "金牛区",
        "weight": 20
      }
    },
    {
      "type": "Feature",
      "geometry": {
        "type": "Point",
        "coordinates": [
          104.049087,
          30.690488
        ]
      },
      "properties": {
        "name": "芙蓉村卡拉OK",
        "category": "sports",
        "type": "体育休闲服务;娱乐场所;KTV",
        "district": "金牛区",
        "weight": 2
      }
    },
    {
      "type": "Feature",
      "geometry": {
        "type": "Point",
        "coordinates": [
          104.04654,
          30.697714
        ]
      },
      "properties": {
        "name": "戏游计",
        "category": "sports",
        "type": "体育休闲服务;运动场馆;台球厅",
        "district": "金牛区",
        "weight": 4
      }
    },
    {
      "type": "Feature",
      "geometry": {
        "type": "Point",
        "coordinates": [
          104.052219,
          30.695319
        ]
      },
      "properties": {
        "name": "久桢堂",
        "category": "sports",
        "type": "体育休闲服务;娱乐场所;棋牌室",
        "district": "金牛区",
        "weight": 4
      }
    },
    {
      "type": "Feature",
      "geometry": {
        "type": "Point",
        "coordinates": [
          104.043815,
          30.693409
        ]
      },
      "properties": {
        "name": "金键盘网咖",
        "category": "sports",
        "type": "体育休闲服务;娱乐场所;网吧",
        "district": "金牛区",
        "weight": 1
      }
    },
    {
      "type": "Feature",
      "geometry": {
        "type": "Point",
        "coordinates": [
          104.045836,
          30.690818
        ]
      },
      "properties": {
        "name": "金键盘网咖",
        "category": "sports",
        "type": "体育休闲服务;娱乐场所;网吧",
        "district": "金牛区",
        "weight": 1
      }
    },
    {
      "type": "Feature",
      "geometry": {
        "type": "Point",
        "coordinates": [
          104.048086,
          30.69643
        ]
      },
      "properties": {
        "name": "悠然瑜伽会所(沙湾路)",
        "category": "sports",
        "type": "体育休闲服务;运动场馆;健身中心",
        "district": "金牛区",
        "weight": 3
      }
    },
    {
      "type": "Feature",
      "geometry": {
        "type": "Point",
        "coordinates": [
          104.043893,
          30.698164
        ]
      },
      "properties": {
        "name": "临桂乔社区多功能活动室",
        "category": "sports",
        "type": "体育休闲服务;体育休闲服务场所;体育休闲服务场所",
        "district": "金牛区",
        "weight": 1
      }
    },
    {
      "type": "Feature",
      "geometry": {
        "type": "Point",
        "coordinates": [
          104.050574,
          30.690923
        ]
      },
      "properties": {
        "name": "乐天伦老年俱乐部(沙湾东一路)",
        "category": "sports",
        "type": "体育休闲服务;休闲场所;休闲场所",
        "district": "金牛区",
        "weight": 1
      }
    },
    {
      "type": "Feature",
      "geometry": {
        "type": "Point",
        "coordinates": [
          104.04754,
          30.690064
        ]
      },
      "properties": {
        "name": "小杨妹麻将馆",
        "category": "sports",
        "type": "体育休闲服务;娱乐场所;棋牌室",
        "district": "金牛区",
        "weight": 1
      }
    },
    {
      "type": "Feature",
      "geometry": {
        "type": "Point",
        "coordinates": [
          104.055214,
          30.69787
        ]
      },
      "properties": {
        "name": "蓝雨酒吧",
        "category": "sports",
        "type": "体育休闲服务;娱乐场所;酒吧",
        "district": "金牛区",
        "weight": 10
      }
    },
    {
      "type": "Feature",
      "geometry": {
        "type": "Point",
        "coordinates": [
          104.056156,
          30.695565
        ]
      },
      "properties": {
        "name": "全兴花园游泳池",
        "category": "sports",
        "type": "体育休闲服务;运动场馆;游泳馆",
        "district": "金牛区",
        "weight": 1
      }
    },
    {
      "type": "Feature",
      "geometry": {
        "type": "Point",
        "coordinates": [
          104.063513,
          30.692734
        ]
      },
      "properties": {
        "name": "爱尚好声音量贩式KTV(北站西二路店)",
        "category": "sports",
        "type": "体育休闲服务;娱乐场所;KTV",
        "district": "金牛区",
        "weight": 2
      }
    },
    {
      "type": "Feature",
      "geometry": {
        "type": "Point",
        "coordinates": [
          104.063372,
          30.697504
        ]
      },
      "properties": {
        "name": "紫气东来网城",
        "category": "sports",
        "type": "体育休闲服务;娱乐场所;网吧",
        "district": "金牛区",
        "weight": 1
      }
    },
    {
      "type": "Feature",
      "geometry": {
        "type": "Point",
        "coordinates": [
          104.060404,
          30.691519
        ]
      },
      "properties": {
        "name": "研磨时间网咖",
        "category": "sports",
        "type": "体育休闲服务;娱乐场所;网吧",
        "district": "金牛区",
        "weight": 1
      }
    },
    {
      "type": "Feature",
      "geometry": {
        "type": "Point",
        "coordinates": [
          104.054854,
          30.693469
        ]
      },
      "properties": {
        "name": "铂金网吧",
        "category": "sports",
        "type": "体育休闲服务;娱乐场所;网吧",
        "district": "金牛区",
        "weight": 2
      }
    },
    {
      "type": "Feature",
      "geometry": {
        "type": "Point",
        "coordinates": [
          104.054196,
          30.695462
        ]
      },
      "properties": {
        "name": "醉爱",
        "category": "sports",
        "type": "体育休闲服务;体育休闲服务场所;体育休闲服务场所",
        "district": "金牛区",
        "weight": 4
      }
    },
    {
      "type": "Feature",
      "geometry": {
        "type": "Point",
        "coordinates": [
          104.060037,
          30.69685
        ]
      },
      "properties": {
        "name": "禹龙聚友堂",
        "category": "sports",
        "type": "体育休闲服务;休闲场所;休闲场所",
        "district": "金牛区",
        "weight": 1
      }
    },
    {
      "type": "Feature",
      "geometry": {
        "type": "Point",
        "coordinates": [
          104.054066,
          30.6917
        ]
      },
      "properties": {
        "name": "畅游空间网络生活馆",
        "category": "sports",
        "type": "体育休闲服务;娱乐场所;网吧",
        "district": "金牛区",
        "weight": 1
      }
    },
    {
      "type": "Feature",
      "geometry": {
        "type": "Point",
        "coordinates": [
          104.063568,
          30.691665
        ]
      },
      "properties": {
        "name": "佳五星网吧",
        "category": "sports",
        "type": "体育休闲服务;娱乐场所;网吧",
        "district": "金牛区",
        "weight": 2
      }
    },
    {
      "type": "Feature",
      "geometry": {
        "type": "Point",
        "coordinates": [
          104.061684,
          30.691758
        ]
      },
      "properties": {
        "name": "荷花池街道老年大学西北桥社区活动中心",
        "category": "sports",
        "type": "体育休闲服务;休闲场所;休闲场所",
        "district": "金牛区",
        "weight": 1
      }
    },
    {
      "type": "Feature",
      "geometry": {
        "type": "Point",
        "coordinates": [
          104.060978,
          30.69053
        ]
      },
      "properties": {
        "name": "成都木材综合工厂职工文化活动中心",
        "category": "sports",
        "type": "体育休闲服务;休闲场所;休闲场所",
        "district": "金牛区",
        "weight": 1
      }
    },
    {
      "type": "Feature",
      "geometry": {
        "type": "Point",
        "coordinates": [
          104.0588,
          30.690665
        ]
      },
      "properties": {
        "name": "垒鑫荟吧台",
        "category": "sports",
        "type": "体育休闲服务;娱乐场所;网吧",
        "district": "金牛区",
        "weight": 1
      }
    },
    {
      "type": "Feature",
      "geometry": {
        "type": "Point",
        "coordinates": [
          104.072294,
          30.697017
        ]
      },
      "properties": {
        "name": "茶棋牌",
        "category": "sports",
        "type": "体育休闲服务;娱乐场所;棋牌室",
        "district": "金牛区",
        "weight": 10
      }
    },
    {
      "type": "Feature",
      "geometry": {
        "type": "Point",
        "coordinates": [
          104.072019,
          30.689744
        ]
      },
      "properties": {
        "name": "金瓯网咖",
        "category": "sports",
        "type": "体育休闲服务;娱乐场所;网吧",
        "district": "金牛区",
        "weight": 28
      }
    },
    {
      "type": "Feature",
      "geometry": {
        "type": "Point",
        "coordinates": [
          104.069574,
          30.697555
        ]
      },
      "properties": {
        "name": "太空舱尚俭",
        "category": "sports",
        "type": "体育休闲服务;体育休闲服务场所;体育休闲服务场所",
        "district": "金牛区",
        "weight": 3
      }
    },
    {
      "type": "Feature",
      "geometry": {
        "type": "Point",
        "coordinates": [
          104.070549,
          30.695941
        ]
      },
      "properties": {
        "name": "唐文广场网络城",
        "category": "sports",
        "type": "体育休闲服务;体育休闲服务场所;体育休闲服务场所",
        "district": "金牛区",
        "weight": 3
      }
    },
    {
      "type": "Feature",
      "geometry": {
        "type": "Point",
        "coordinates": [
          104.066849,
          30.698339
        ]
      },
      "properties": {
        "name": "金牛区养老中心",
        "category": "sports",
        "type": "体育休闲服务;体育休闲服务场所;体育休闲服务场所",
        "district": "金牛区",
        "weight": 1
      }
    },
    {
      "type": "Feature",
      "geometry": {
        "type": "Point",
        "coordinates": [
          104.070319,
          30.693387
        ]
      },
      "properties": {
        "name": "铁道大酒店-健身",
        "category": "sports",
        "type": "体育休闲服务;运动场馆;健身中心",
        "district": "金牛区",
        "weight": 1
      }
    },
    {
      "type": "Feature",
      "geometry": {
        "type": "Point",
        "coordinates": [
          104.06402,
          30.690356
        ]
      },
      "properties": {
        "name": "KTV·演艺大厅",
        "category": "sports",
        "type": "体育休闲服务;体育休闲服务场所;体育休闲服务场所",
        "district": "金牛区",
        "weight": 3
      }
    },
    {
      "type": "Feature",
      "geometry": {
        "type": "Point",
        "coordinates": [
          104.075428,
          30.691012
        ]
      },
      "properties": {
        "name": "白银帝国",
        "category": "sports",
        "type": "体育休闲服务;体育休闲服务场所;体育休闲服务场所",
        "district": "金牛区",
        "weight": 2
      }
    },
    {
      "type": "Feature",
      "geometry": {
        "type": "Point",
        "coordinates": [
          104.08317,
          30.695862
        ]
      },
      "properties": {
        "name": "京蓉网吧",
        "category": "sports",
        "type": "体育休闲服务;娱乐场所;网吧",
        "district": "金牛区",
        "weight": 2
      }
    },
    {
      "type": "Feature",
      "geometry": {
        "type": "Point",
        "coordinates": [
          104.073514,
          30.697874
        ]
      },
      "properties": {
        "name": "红森网吧",
        "category": "sports",
        "type": "体育休闲服务;娱乐场所;网吧",
        "district": "金牛区",
        "weight": 1
      }
    },
    {
      "type": "Feature",
      "geometry": {
        "type": "Point",
        "coordinates": [
          104.076198,
          30.696432
        ]
      },
      "properties": {
        "name": "宏正会所(北站店)",
        "category": "sports",
        "type": "体育休闲服务;娱乐场所;KTV",
        "district": "金牛区",
        "weight": 1
      }
    },
    {
      "type": "Feature",
      "geometry": {
        "type": "Point",
        "coordinates": [
          104.081772,
          30.697264
        ]
      },
      "properties": {
        "name": "红房子",
        "category": "sports",
        "type": "体育休闲服务;娱乐场所;KTV",
        "district": "金牛区",
        "weight": 1
      }
    },
    {
      "type": "Feature",
      "geometry": {
        "type": "Point",
        "coordinates": [
          104.08045,
          30.689704
        ]
      },
      "properties": {
        "name": "祯逸网吧",
        "category": "sports",
        "type": "体育休闲服务;娱乐场所;网吧",
        "district": "金牛区",
        "weight": 4
      }
    },
    {
      "type": "Feature",
      "geometry": {
        "type": "Point",
        "coordinates": [
          104.08047,
          30.692572
        ]
      },
      "properties": {
        "name": "优噜网吧",
        "category": "sports",
        "type": "体育休闲服务;娱乐场所;网吧",
        "district": "金牛区",
        "weight": 1
      }
    },
    {
      "type": "Feature",
      "geometry": {
        "type": "Point",
        "coordinates": [
          104.074743,
          30.692403
        ]
      },
      "properties": {
        "name": "英皇堡罗",
        "category": "sports",
        "type": "体育休闲服务;体育休闲服务场所;体育休闲服务场所",
        "district": "金牛区",
        "weight": 1
      }
    },
    {
      "type": "Feature",
      "geometry": {
        "type": "Point",
        "coordinates": [
          104.075467,
          30.697318
        ]
      },
      "properties": {
        "name": "棋牌茶机麻活动室",
        "category": "sports",
        "type": "体育休闲服务;体育休闲服务场所;体育休闲服务场所",
        "district": "金牛区",
        "weight": 2
      }
    },
    {
      "type": "Feature",
      "geometry": {
        "type": "Point",
        "coordinates": [
          104.077258,
          30.693454
        ]
      },
      "properties": {
        "name": "吧嗒吧嗒",
        "category": "sports",
        "type": "体育休闲服务;体育休闲服务场所;体育休闲服务场所",
        "district": "金牛区",
        "weight": 1
      }
    },
    {
      "type": "Feature",
      "geometry": {
        "type": "Point",
        "coordinates": [
          104.076691,
          30.690146
        ]
      },
      "properties": {
        "name": "四川奥新空手道俱乐部北门道馆",
        "category": "sports",
        "type": "体育休闲服务;运动场馆;运动场所",
        "district": "金牛区",
        "weight": 1
      }
    },
    {
      "type": "Feature",
      "geometry": {
        "type": "Point",
        "coordinates": [
          104.076403,
          30.698246
        ]
      },
      "properties": {
        "name": "高老幺茶座棋牌",
        "category": "sports",
        "type": "体育休闲服务;娱乐场所;棋牌室",
        "district": "金牛区",
        "weight": 1
      }
    },
    {
      "type": "Feature",
      "geometry": {
        "type": "Point",
        "coordinates": [
          104.081835,
          30.694206
        ]
      },
      "properties": {
        "name": "龙园",
        "category": "sports",
        "type": "体育休闲服务;娱乐场所;棋牌室",
        "district": "金牛区",
        "weight": 1
      }
    },
    {
      "type": "Feature",
      "geometry": {
        "type": "Point",
        "coordinates": [
          104.092484,
          30.691151
        ]
      },
      "properties": {
        "name": "香格里拉KTV(三友路)",
        "category": "sports",
        "type": "体育休闲服务;娱乐场所;KTV",
        "district": "成华区",
        "weight": 1
      }
    },
    {
      "type": "Feature",
      "geometry": {
        "type": "Point",
        "coordinates": [
          104.085093,
          30.691118
        ]
      },
      "properties": {
        "name": "堡格莱斯健身会(金牛店)",
        "category": "sports",
        "type": "体育休闲服务;运动场馆;健身中心",
        "district": "金牛区",
        "weight": 1
      }
    },
    {
      "type": "Feature",
      "geometry": {
        "type": "Point",
        "coordinates": [
          104.0856,
          30.691985
        ]
      },
      "properties": {
        "name": "冲浪网吧(解放路店)",
        "category": "sports",
        "type": "体育休闲服务;娱乐场所;网吧",
        "district": "金牛区",
        "weight": 1
      }
    },
    {
      "type": "Feature",
      "geometry": {
        "type": "Point",
        "coordinates": [
          104.091224,
          30.692586
        ]
      },
      "properties": {
        "name": "蓝桥KTV(高笋塘店)",
        "category": "sports",
        "type": "体育休闲服务;娱乐场所;KTV",
        "district": "成华区",
        "weight": 2
      }
    },
    {
      "type": "Feature",
      "geometry": {
        "type": "Point",
        "coordinates": [
          104.084088,
          30.692464
        ]
      },
      "properties": {
        "name": "星空网吧(红花东路)",
        "category": "sports",
        "type": "体育休闲服务;娱乐场所;网吧",
        "district": "金牛区",
        "weight": 2
      }
    },
    {
      "type": "Feature",
      "geometry": {
        "type": "Point",
        "coordinates": [
          104.083563,
          30.693642
        ]
      },
      "properties": {
        "name": "金鑫KTV(红花北路)",
        "category": "sports",
        "type": "体育休闲服务;娱乐场所;KTV",
        "district": "金牛区",
        "weight": 1
      }
    },
    {
      "type": "Feature",
      "geometry": {
        "type": "Point",
        "coordinates": [
          104.086131,
          30.695351
        ]
      },
      "properties": {
        "name": "春天酒店行政酒廊",
        "category": "sports",
        "type": "体育休闲服务;娱乐场所;酒吧",
        "district": "金牛区",
        "weight": 2
      }
    },
    {
      "type": "Feature",
      "geometry": {
        "type": "Point",
        "coordinates": [
          104.086856,
          30.693868
        ]
      },
      "properties": {
        "name": "千鑫网吧",
        "category": "sports",
        "type": "体育休闲服务;娱乐场所;网吧",
        "district": "金牛区",
        "weight": 2
      }
    },
    {
      "type": "Feature",
      "geometry": {
        "type": "Point",
        "coordinates": [
          104.08504,
          30.695828
        ]
      },
      "properties": {
        "name": "紫金极速网咖",
        "category": "sports",
        "type": "体育休闲服务;娱乐场所;网吧",
        "district": "金牛区",
        "weight": 1
      }
    },
    {
      "type": "Feature",
      "geometry": {
        "type": "Point",
        "coordinates": [
          104.086863,
          30.692759
        ]
      },
      "properties": {
        "name": "党员活动室",
        "category": "sports",
        "type": "体育休闲服务;体育休闲服务场所;体育休闲服务场所",
        "district": "金牛区",
        "weight": 1
      }
    },
    {
      "type": "Feature",
      "geometry": {
        "type": "Point",
        "coordinates": [
          104.093872,
          30.694632
        ]
      },
      "properties": {
        "name": "汇融名城游泳池",
        "category": "sports",
        "type": "体育休闲服务;运动场馆;游泳馆",
        "district": "成华区",
        "weight": 1
      }
    },
    {
      "type": "Feature",
      "geometry": {
        "type": "Point",
        "coordinates": [
          104.096325,
          30.698659
        ]
      },
      "properties": {
        "name": "飓风网",
        "category": "sports",
        "type": "体育休闲服务;体育休闲服务场所;体育休闲服务场所",
        "district": "成华区",
        "weight": 1
      }
    },
    {
      "type": "Feature",
      "geometry": {
        "type": "Point",
        "coordinates": [
          104.095174,
          30.693943
        ]
      },
      "properties": {
        "name": "星空梦游青春网吧",
        "category": "sports",
        "type": "体育休闲服务;娱乐场所;网吧",
        "district": "成华区",
        "weight": 1
      }
    },
    {
      "type": "Feature",
      "geometry": {
        "type": "Point",
        "coordinates": [
          104.103309,
          30.688897
        ]
      },
      "properties": {
        "name": "米克网咖",
        "category": "sports",
        "type": "体育休闲服务;娱乐场所;网吧",
        "district": "成华区",
        "weight": 3
      }
    },
    {
      "type": "Feature",
      "geometry": {
        "type": "Point",
        "coordinates": [
          104.101916,
          30.690285
        ]
      },
      "properties": {
        "name": "浅水半岛c区网球场",
        "category": "sports",
        "type": "体育休闲服务;运动场馆;网球场",
        "district": "成华区",
        "weight": 1
      }
    },
    {
      "type": "Feature",
      "geometry": {
        "type": "Point",
        "coordinates": [
          104.098773,
          30.693097
        ]
      },
      "properties": {
        "name": "永立星城都高尔夫球场",
        "category": "sports",
        "type": "体育休闲服务;高尔夫相关;高尔夫球场",
        "district": "成华区",
        "weight": 1
      }
    },
    {
      "type": "Feature",
      "geometry": {
        "type": "Point",
        "coordinates": [
          104.108842,
          30.690942
        ]
      },
      "properties": {
        "name": "桥恋卡拉OK",
        "category": "sports",
        "type": "体育休闲服务;娱乐场所;KTV|体育休闲服务;娱乐场所;酒吧",
        "district": "成华区",
        "weight": 1
      }
    },
    {
      "type": "Feature",
      "geometry": {
        "type": "Point",
        "coordinates": [
          104.105325,
          30.689244
        ]
      },
      "properties": {
        "name": "洪飞麻将室",
        "category": "sports",
        "type": "体育休闲服务;体育休闲服务场所;体育休闲服务场所",
        "district": "成华区",
        "weight": 3
      }
    },
    {
      "type": "Feature",
      "geometry": {
        "type": "Point",
        "coordinates": [
          104.109957,
          30.690656
        ]
      },
      "properties": {
        "name": "东郊会所",
        "category": "sports",
        "type": "体育休闲服务;娱乐场所;娱乐场所",
        "district": "成华区",
        "weight": 1
      }
    },
    {
      "type": "Feature",
      "geometry": {
        "type": "Point",
        "coordinates": [
          104.106164,
          30.692368
        ]
      },
      "properties": {
        "name": "聚贤居",
        "category": "sports",
        "type": "体育休闲服务;娱乐场所;棋牌室",
        "district": "成华区",
        "weight": 1
      }
    },
    {
      "type": "Feature",
      "geometry": {
        "type": "Point",
        "coordinates": [
          104.10395,
          30.697479
        ]
      },
      "properties": {
        "name": "盛世桃园KTV(驷马桥路)",
        "category": "sports",
        "type": "体育休闲服务;娱乐场所;KTV",
        "district": "成华区",
        "weight": 1
      }
    },
    {
      "type": "Feature",
      "geometry": {
        "type": "Point",
        "coordinates": [
          104.115592,
          30.689699
        ]
      },
      "properties": {
        "name": "品茶台球",
        "category": "sports",
        "type": "体育休闲服务;运动场馆;台球厅",
        "district": "成华区",
        "weight": 1
      }
    },
    {
      "type": "Feature",
      "geometry": {
        "type": "Point",
        "coordinates": [
          104.140463,
          30.690283
        ]
      },
      "properties": {
        "name": "机车厂游泳池",
        "category": "sports",
        "type": "体育休闲服务;运动场馆;游泳馆",
        "district": "成华区",
        "weight": 1
      }
    },
    {
      "type": "Feature",
      "geometry": {
        "type": "Point",
        "coordinates": [
          104.136929,
          30.689897
        ]
      },
      "properties": {
        "name": "民兴网吧",
        "category": "sports",
        "type": "体育休闲服务;娱乐场所;网吧",
        "district": "成华区",
        "weight": 1
      }
    },
    {
      "type": "Feature",
      "geometry": {
        "type": "Point",
        "coordinates": [
          104.149124,
          30.692494
        ]
      },
      "properties": {
        "name": "天一龙渔场",
        "category": "sports",
        "type": "体育休闲服务;休闲场所;垂钓园",
        "district": "成华区",
        "weight": 1
      }
    },
    {
      "type": "Feature",
      "geometry": {
        "type": "Point",
        "coordinates": [
          104.149937,
          30.69137
        ]
      },
      "properties": {
        "name": "彝水情音乐广场",
        "category": "sports",
        "type": "体育休闲服务;休闲场所;休闲场所",
        "district": "成华区",
        "weight": 1
      }
    },
    {
      "type": "Feature",
      "geometry": {
        "type": "Point",
        "coordinates": [
          104.163755,
          30.695238
        ]
      },
      "properties": {
        "name": "LTS网咖",
        "category": "sports",
        "type": "体育休闲服务;娱乐场所;网吧",
        "district": "成华区",
        "weight": 3
      }
    },
    {
      "type": "Feature",
      "geometry": {
        "type": "Point",
        "coordinates": [
          104.162363,
          30.695885
        ]
      },
      "properties": {
        "name": "天宇网吧(宝耳路)",
        "category": "sports",
        "type": "体育休闲服务;娱乐场所;网吧",
        "district": "成华区",
        "weight": 1
      }
    },
    {
      "type": "Feature",
      "geometry": {
        "type": "Point",
        "coordinates": [
          104.170557,
          30.698502
        ]
      },
      "properties": {
        "name": "露天儿童乐园",
        "category": "sports",
        "type": "体育休闲服务;休闲场所;游乐场",
        "district": "成华区",
        "weight": 2
      }
    },
    {
      "type": "Feature",
      "geometry": {
        "type": "Point",
        "coordinates": [
          104.164744,
          30.698253
        ]
      },
      "properties": {
        "name": "天泽御府",
        "category": "sports",
        "type": "体育休闲服务;休闲场所;休闲场所",
        "district": "成华区",
        "weight": 5
      }
    },
    {
      "type": "Feature",
      "geometry": {
        "type": "Point",
        "coordinates": [
          104.173377,
          30.69666
        ]
      },
      "properties": {
        "name": "五羊网吧",
        "category": "sports",
        "type": "体育休闲服务;娱乐场所;网吧",
        "district": "成华区",
        "weight": 2
      }
    },
    {
      "type": "Feature",
      "geometry": {
        "type": "Point",
        "coordinates": [
          104.167417,
          30.695586
        ]
      },
      "properties": {
        "name": "鹤林社区老年活动广场",
        "category": "sports",
        "type": "体育休闲服务;体育休闲服务场所;体育休闲服务场所",
        "district": "成华区",
        "weight": 1
      }
    },
    {
      "type": "Feature",
      "geometry": {
        "type": "Point",
        "coordinates": [
          104.166773,
          30.698719
        ]
      },
      "properties": {
        "name": "成华街头篮球场",
        "category": "sports",
        "type": "体育休闲服务;运动场馆;篮球场馆",
        "district": "成华区",
        "weight": 1
      }
    },
    {
      "type": "Feature",
      "geometry": {
        "type": "Point",
        "coordinates": [
          104.17669,
          30.696623
        ]
      },
      "properties": {
        "name": "星空天际网吧",
        "category": "sports",
        "type": "体育休闲服务;娱乐场所;网吧",
        "district": "成华区",
        "weight": 2
      }
    },
    {
      "type": "Feature",
      "geometry": {
        "type": "Point",
        "coordinates": [
          104.175095,
          30.696465
        ]
      },
      "properties": {
        "name": "噜咔网咖",
        "category": "sports",
        "type": "体育休闲服务;娱乐场所;网吧",
        "district": "成华区",
        "weight": 1
      }
    },
    {
      "type": "Feature",
      "geometry": {
        "type": "Point",
        "coordinates": [
          104.179285,
          30.691631
        ]
      },
      "properties": {
        "name": "儿童乐园(汇润国际西南)",
        "category": "sports",
        "type": "体育休闲服务;休闲场所;游乐场",
        "district": "成华区",
        "weight": 1
      }
    },
    {
      "type": "Feature",
      "geometry": {
        "type": "Point",
        "coordinates": [
          104.178372,
          30.690388
        ]
      },
      "properties": {
        "name": "多瑙河啤酒馆",
        "category": "sports",
        "type": "体育休闲服务;娱乐场所;酒吧",
        "district": "成华区",
        "weight": 2
      }
    },
    {
      "type": "Feature",
      "geometry": {
        "type": "Point",
        "coordinates": [
          103.966093,
          30.681015
        ]
      },
      "properties": {
        "name": "星梦网咖",
        "category": "sports",
        "type": "体育休闲服务;娱乐场所;网吧",
        "district": "青羊区",
        "weight": 1
      }
    },
    {
      "type": "Feature",
      "geometry": {
        "type": "Point",
        "coordinates": [
          103.982669,
          30.682185
        ]
      },
      "properties": {
        "name": "翠微清波恒温游泳馆",
        "category": "sports",
        "type": "体育休闲服务;运动场馆;游泳馆",
        "district": "青羊区",
        "weight": 1
      }
    },
    {
      "type": "Feature",
      "geometry": {
        "type": "Point",
        "coordinates": [
          103.980655,
          30.681253
        ]
      },
      "properties": {
        "name": "龙湖翠微清波网球场",
        "category": "sports",
        "type": "体育休闲服务;运动场馆;网球场",
        "district": "青羊区",
        "weight": 1
      }
    },
    {
      "type": "Feature",
      "geometry": {
        "type": "Point",
        "coordinates": [
          103.982869,
          30.685678
        ]
      },
      "properties": {
        "name": "COCO网吧",
        "category": "sports",
        "type": "体育休闲服务;娱乐场所;网吧",
        "district": "青羊区",
        "weight": 1
      }
    },
    {
      "type": "Feature",
      "geometry": {
        "type": "Point",
        "coordinates": [
          103.981795,
          30.680114
        ]
      },
      "properties": {
        "name": "龙族部落网络会所",
        "category": "sports",
        "type": "体育休闲服务;娱乐场所;网吧",
        "district": "青羊区",
        "weight": 1
      }
    },
    {
      "type": "Feature",
      "geometry": {
        "type": "Point",
        "coordinates": [
          103.976537,
          30.683092
        ]
      },
      "properties": {
        "name": "103网吧",
        "category": "sports",
        "type": "体育休闲服务;娱乐场所;网吧",
        "district": "青羊区",
        "weight": 1
      }
    },
    {
      "type": "Feature",
      "geometry": {
        "type": "Point",
        "coordinates": [
          103.986315,
          30.680988
        ]
      },
      "properties": {
        "name": "惠健身",
        "category": "sports",
        "type": "体育休闲服务;运动场馆;健身中心",
        "district": "青羊区",
        "weight": 3
      }
    },
    {
      "type": "Feature",
      "geometry": {
        "type": "Point",
        "coordinates": [
          103.984406,
          30.680086
        ]
      },
      "properties": {
        "name": "成星网吧",
        "category": "sports",
        "type": "体育休闲服务;娱乐场所;网吧",
        "district": "青羊区",
        "weight": 3
      }
    },
    {
      "type": "Feature",
      "geometry": {
        "type": "Point",
        "coordinates": [
          103.990069,
          30.6869
        ]
      },
      "properties": {
        "name": "海棠会馆",
        "category": "sports",
        "type": "体育休闲服务;体育休闲服务场所;体育休闲服务场所",
        "district": "青羊区",
        "weight": 2
      }
    },
    {
      "type": "Feature",
      "geometry": {
        "type": "Point",
        "coordinates": [
          103.990961,
          30.684857
        ]
      },
      "properties": {
        "name": "雀友之家",
        "category": "sports",
        "type": "体育休闲服务;体育休闲服务场所;体育休闲服务场所",
        "district": "青羊区",
        "weight": 1
      }
    },
    {
      "type": "Feature",
      "geometry": {
        "type": "Point",
        "coordinates": [
          103.989075,
          30.682606
        ]
      },
      "properties": {
        "name": "青江社区老年人活动室",
        "category": "sports",
        "type": "体育休闲服务;休闲场所;休闲场所",
        "district": "青羊区",
        "weight": 3
      }
    },
    {
      "type": "Feature",
      "geometry": {
        "type": "Point",
        "coordinates": [
          103.993141,
          30.686491
        ]
      },
      "properties": {
        "name": "小时代网咖",
        "category": "sports",
        "type": "体育休闲服务;娱乐场所;网吧",
        "district": "青羊区",
        "weight": 1
      }
    },
    {
      "type": "Feature",
      "geometry": {
        "type": "Point",
        "coordinates": [
          103.988889,
          30.689121
        ]
      },
      "properties": {
        "name": "金沙榆景老年活动室",
        "category": "sports",
        "type": "体育休闲服务;娱乐场所;棋牌室",
        "district": "青羊区",
        "weight": 1
      }
    },
    {
      "type": "Feature",
      "geometry": {
        "type": "Point",
        "coordinates": [
          103.998767,
          30.681029
        ]
      },
      "properties": {
        "name": "金鹏社区晚霞居家养老服务站",
        "category": "sports",
        "type": "体育休闲服务;度假疗养场所;疗养院",
        "district": "青羊区",
        "weight": 1
      }
    },
    {
      "type": "Feature",
      "geometry": {
        "type": "Point",
        "coordinates": [
          104.001427,
          30.682544
        ]
      },
      "properties": {
        "name": "公共篮球场",
        "category": "sports",
        "type": "体育休闲服务;运动场馆;篮球场馆",
        "district": "青羊区",
        "weight": 5
      }
    },
    {
      "type": "Feature",
      "geometry": {
        "type": "Point",
        "coordinates": [
          104.000964,
          30.687632
        ]
      },
      "properties": {
        "name": "B2进口啤酒馆",
        "category": "sports",
        "type": "体育休闲服务;娱乐场所;酒吧|购物服务;专卖店;烟酒专卖店",
        "district": "青羊区",
        "weight": 4
      }
    },
    {
      "type": "Feature",
      "geometry": {
        "type": "Point",
        "coordinates": [
          104.004221,
          30.681852
        ]
      },
      "properties": {
        "name": "网吧春天",
        "category": "sports",
        "type": "体育休闲服务;体育休闲服务场所;体育休闲服务场所",
        "district": "青羊区",
        "weight": 6
      }
    },
    {
      "type": "Feature",
      "geometry": {
        "type": "Point",
        "coordinates": [
          103.99458,
          30.683016
        ]
      },
      "properties": {
        "name": "火星人网咖金沙店",
        "category": "sports",
        "type": "体育休闲服务;体育休闲服务场所;体育休闲服务场所",
        "district": "青羊区",
        "weight": 2
      }
    },
    {
      "type": "Feature",
      "geometry": {
        "type": "Point",
        "coordinates": [
          103.998229,
          30.685512
        ]
      },
      "properties": {
        "name": "达尔奇网咖",
        "category": "sports",
        "type": "体育休闲服务;娱乐场所;网吧",
        "district": "青羊区",
        "weight": 3
      }
    },
    {
      "type": "Feature",
      "geometry": {
        "type": "Point",
        "coordinates": [
          103.997374,
          30.687275
        ]
      },
      "properties": {
        "name": "四川省八极搏击俱乐部",
        "category": "sports",
        "type": "体育休闲服务;运动场馆;运动场所",
        "district": "青羊区",
        "weight": 1
      }
    },
    {
      "type": "Feature",
      "geometry": {
        "type": "Point",
        "coordinates": [
          103.994808,
          30.681186
        ]
      },
      "properties": {
        "name": "美迪奇健身",
        "category": "sports",
        "type": "体育休闲服务;运动场馆;健身中心",
        "district": "青羊区",
        "weight": 1
      }
    },
    {
      "type": "Feature",
      "geometry": {
        "type": "Point",
        "coordinates": [
          103.99583,
          30.685721
        ]
      },
      "properties": {
        "name": "崇孝养老机构(金阳路)",
        "category": "sports",
        "type": "体育休闲服务;度假疗养场所;疗养院",
        "district": "青羊区",
        "weight": 1
      }
    },
    {
      "type": "Feature",
      "geometry": {
        "type": "Point",
        "coordinates": [
          103.999571,
          30.686879
        ]
      },
      "properties": {
        "name": "Brick by Brick乐高俱乐部(金沙店)",
        "category": "sports",
        "type": "体育休闲服务;娱乐场所;娱乐场所",
        "district": "青羊区",
        "weight": 1
      }
    },
    {
      "type": "Feature",
      "geometry": {
        "type": "Point",
        "coordinates": [
          104.005521,
          30.686484
        ]
      },
      "properties": {
        "name": "金沙社区养老院",
        "category": "sports",
        "type": "体育休闲服务;体育休闲服务场所;体育休闲服务场所",
        "district": "青羊区",
        "weight": 2
      }
    },
    {
      "type": "Feature",
      "geometry": {
        "type": "Point",
        "coordinates": [
          104.009478,
          30.687085
        ]
      },
      "properties": {
        "name": "金沙剧场",
        "category": "sports",
        "type": "体育休闲服务;影剧院;剧场",
        "district": "金牛区",
        "weight": 2
      }
    },
    {
      "type": "Feature",
      "geometry": {
        "type": "Point",
        "coordinates": [
          104.00667,
          30.68325
        ]
      },
      "properties": {
        "name": "好乐星KTV(金沙店)",
        "category": "sports",
        "type": "体育休闲服务;娱乐场所;KTV",
        "district": "青羊区",
        "weight": 1
      }
    },
    {
      "type": "Feature",
      "geometry": {
        "type": "Point",
        "coordinates": [
          104.004995,
          30.683758
        ]
      },
      "properties": {
        "name": "静瑜伽(金沙遗址路)",
        "category": "sports",
        "type": "体育休闲服务;运动场馆;健身中心",
        "district": "青羊区",
        "weight": 1
      }
    },
    {
      "type": "Feature",
      "geometry": {
        "type": "Point",
        "coordinates": [
          104.011126,
          30.689392
        ]
      },
      "properties": {
        "name": "九荆条网咖",
        "category": "sports",
        "type": "体育休闲服务;娱乐场所;网吧",
        "district": "金牛区",
        "weight": 1
      }
    },
    {
      "type": "Feature",
      "geometry": {
        "type": "Point",
        "coordinates": [
          104.006788,
          30.685786
        ]
      },
      "properties": {
        "name": "养老中心",
        "category": "sports",
        "type": "体育休闲服务;体育休闲服务场所;体育休闲服务场所",
        "district": "青羊区",
        "weight": 1
      }
    },
    {
      "type": "Feature",
      "geometry": {
        "type": "Point",
        "coordinates": [
          104.013189,
          30.682845
        ]
      },
      "properties": {
        "name": "健身台球咖啡机麻",
        "category": "sports",
        "type": "体育休闲服务;体育休闲服务场所;体育休闲服务场所",
        "district": "青羊区",
        "weight": 1
      }
    },
    {
      "type": "Feature",
      "geometry": {
        "type": "Point",
        "coordinates": [
          104.007994,
          30.681857
        ]
      },
      "properties": {
        "name": "金仕豪健身",
        "category": "sports",
        "type": "体育休闲服务;运动场馆;健身中心",
        "district": "青羊区",
        "weight": 1
      }
    },
    {
      "type": "Feature",
      "geometry": {
        "type": "Point",
        "coordinates": [
          104.009298,
          30.689407
        ]
      },
      "properties": {
        "name": "紫桂花园活动中心",
        "category": "sports",
        "type": "体育休闲服务;体育休闲服务场所;体育休闲服务场所",
        "district": "金牛区",
        "weight": 1
      }
    },
    {
      "type": "Feature",
      "geometry": {
        "type": "Point",
        "coordinates": [
          104.0232,
          30.679177
        ]
      },
      "properties": {
        "name": "荣德游泳池",
        "category": "sports",
        "type": "体育休闲服务;运动场馆;游泳馆",
        "district": "青羊区",
        "weight": 7
      }
    },
    {
      "type": "Feature",
      "geometry": {
        "type": "Point",
        "coordinates": [
          104.02293,
          30.688302
        ]
      },
      "properties": {
        "name": "上善健身服务部",
        "category": "sports",
        "type": "体育休闲服务;运动场馆;健身中心",
        "district": "金牛区",
        "weight": 8
      }
    },
    {
      "type": "Feature",
      "geometry": {
        "type": "Point",
        "coordinates": [
          104.018763,
          30.688861
        ]
      },
      "properties": {
        "name": "金牛区国家青少年体育俱乐部营门口小学分部",
        "category": "sports",
        "type": "体育休闲服务;娱乐场所;娱乐场所",
        "district": "金牛区",
        "weight": 1
      }
    },
    {
      "type": "Feature",
      "geometry": {
        "type": "Point",
        "coordinates": [
          104.017978,
          30.682205
        ]
      },
      "properties": {
        "name": "丹顿网咖",
        "category": "sports",
        "type": "体育休闲服务;娱乐场所;网吧",
        "district": "青羊区",
        "weight": 4
      }
    },
    {
      "type": "Feature",
      "geometry": {
        "type": "Point",
        "coordinates": [
          104.01556,
          30.68225
        ]
      },
      "properties": {
        "name": "旅人音乐酒吧",
        "category": "sports",
        "type": "体育休闲服务;娱乐场所;酒吧",
        "district": "青羊区",
        "weight": 2
      }
    },
    {
      "type": "Feature",
      "geometry": {
        "type": "Point",
        "coordinates": [
          104.019093,
          30.68154
        ]
      },
      "properties": {
        "name": "尊尚会所(清溪西路)",
        "category": "sports",
        "type": "体育休闲服务;娱乐场所;娱乐场所",
        "district": "青羊区",
        "weight": 3
      }
    },
    {
      "type": "Feature",
      "geometry": {
        "type": "Point",
        "coordinates": [
          104.019997,
          30.688155
        ]
      },
      "properties": {
        "name": "四海台球",
        "category": "sports",
        "type": "体育休闲服务;运动场馆;台球厅",
        "district": "金牛区",
        "weight": 4
      }
    },
    {
      "type": "Feature",
      "geometry": {
        "type": "Point",
        "coordinates": [
          104.020071,
          30.680145
        ]
      },
      "properties": {
        "name": "青铜时代网吧",
        "category": "sports",
        "type": "体育休闲服务;娱乐场所;网吧",
        "district": "青羊区",
        "weight": 1
      }
    },
    {
      "type": "Feature",
      "geometry": {
        "type": "Point",
        "coordinates": [
          104.02032,
          30.684176
        ]
      },
      "properties": {
        "name": "香榭名苑游泳池",
        "category": "sports",
        "type": "体育休闲服务;运动场馆;游泳馆",
        "district": "青羊区",
        "weight": 1
      }
    },
    {
      "type": "Feature",
      "geometry": {
        "type": "Point",
        "coordinates": [
          104.021467,
          30.684397
        ]
      },
      "properties": {
        "name": "魔力盒子网吧",
        "category": "sports",
        "type": "体育休闲服务;娱乐场所;网吧",
        "district": "青羊区",
        "weight": 1
      }
    },
    {
      "type": "Feature",
      "geometry": {
        "type": "Point",
        "coordinates": [
          104.015706,
          30.688214
        ]
      },
      "properties": {
        "name": "宏鹰跆拳道馆",
        "category": "sports",
        "type": "体育休闲服务;运动场馆;跆拳道场馆",
        "district": "金牛区",
        "weight": 2
      }
    },
    {
      "type": "Feature",
      "geometry": {
        "type": "Point",
        "coordinates": [
          104.016693,
          30.683987
        ]
      },
      "properties": {
        "name": "金沙.同德名苑",
        "category": "sports",
        "type": "体育休闲服务;休闲场所;休闲场所",
        "district": "青羊区",
        "weight": 1
      }
    },
    {
      "type": "Feature",
      "geometry": {
        "type": "Point",
        "coordinates": [
          104.01858,
          30.686418
        ]
      },
      "properties": {
        "name": "聚雀缘棋牌室",
        "category": "sports",
        "type": "体育休闲服务;娱乐场所;棋牌室",
        "district": "金牛区",
        "weight": 1
      }
    },
    {
      "type": "Feature",
      "geometry": {
        "type": "Point",
        "coordinates": [
          104.017669,
          30.688804
        ]
      },
      "properties": {
        "name": "7号麻将馆",
        "category": "sports",
        "type": "体育休闲服务;娱乐场所;棋牌室",
        "district": "金牛区",
        "weight": 1
      }
    },
    {
      "type": "Feature",
      "geometry": {
        "type": "Point",
        "coordinates": [
          104.023031,
          30.683838
        ]
      },
      "properties": {
        "name": "残疾人之家",
        "category": "sports",
        "type": "体育休闲服务;体育休闲服务场所;体育休闲服务场所",
        "district": "青羊区",
        "weight": 1
      }
    },
    {
      "type": "Feature",
      "geometry": {
        "type": "Point",
        "coordinates": [
          104.029417,
          30.683875
        ]
      },
      "properties": {
        "name": "魔指网咖",
        "category": "sports",
        "type": "体育休闲服务;娱乐场所;网吧",
        "district": "金牛区",
        "weight": 3
      }
    },
    {
      "type": "Feature",
      "geometry": {
        "type": "Point",
        "coordinates": [
          104.032211,
          30.681942
        ]
      },
      "properties": {
        "name": "聚英台球",
        "category": "sports",
        "type": "体育休闲服务;运动场馆;台球厅",
        "district": "金牛区",
        "weight": 10
      }
    },
    {
      "type": "Feature",
      "geometry": {
        "type": "Point",
        "coordinates": [
          104.026397,
          30.687231
        ]
      },
      "properties": {
        "name": "阿拉山口",
        "category": "sports",
        "type": "体育休闲服务;娱乐场所;酒吧",
        "district": "金牛区",
        "weight": 7
      }
    },
    {
      "type": "Feature",
      "geometry": {
        "type": "Point",
        "coordinates": [
          104.027134,
          30.685508
        ]
      },
      "properties": {
        "name": "成都星秀钢管舞",
        "category": "sports",
        "type": "体育休闲服务;运动场馆;健身中心",
        "district": "金牛区",
        "weight": 5
      }
    },
    {
      "type": "Feature",
      "geometry": {
        "type": "Point",
        "coordinates": [
          104.024856,
          30.686157
        ]
      },
      "properties": {
        "name": "索美塞网咖",
        "category": "sports",
        "type": "体育休闲服务;娱乐场所;网吧",
        "district": "金牛区",
        "weight": 3
      }
    },
    {
      "type": "Feature",
      "geometry": {
        "type": "Point",
        "coordinates": [
          104.031435,
          30.686873
        ]
      },
      "properties": {
        "name": "Zero",
        "category": "sports",
        "type": "体育休闲服务;娱乐场所;酒吧",
        "district": "金牛区",
        "weight": 5
      }
    },
    {
      "type": "Feature",
      "geometry": {
        "type": "Point",
        "coordinates": [
          104.023783,
          30.685472
        ]
      },
      "properties": {
        "name": "小区活动室",
        "category": "sports",
        "type": "体育休闲服务;休闲场所;休闲场所",
        "district": "金牛区",
        "weight": 1
      }
    },
    {
      "type": "Feature",
      "geometry": {
        "type": "Point",
        "coordinates": [
          104.031565,
          30.688365
        ]
      },
      "properties": {
        "name": "领跑者健身(蜀营街)",
        "category": "sports",
        "type": "体育休闲服务;运动场馆;健身中心",
        "district": "金牛区",
        "weight": 1
      }
    },
    {
      "type": "Feature",
      "geometry": {
        "type": "Point",
        "coordinates": [
          104.028015,
          30.679737
        ]
      },
      "properties": {
        "name": "桌游主题吧",
        "category": "sports",
        "type": "体育休闲服务;运动场馆;健身中心",
        "district": "青羊区",
        "weight": 1
      }
    },
    {
      "type": "Feature",
      "geometry": {
        "type": "Point",
        "coordinates": [
          104.028264,
          30.687107
        ]
      },
      "properties": {
        "name": "一座一忘网咖",
        "category": "sports",
        "type": "体育休闲服务;娱乐场所;网吧",
        "district": "金牛区",
        "weight": 2
      }
    },
    {
      "type": "Feature",
      "geometry": {
        "type": "Point",
        "coordinates": [
          104.031663,
          30.683772
        ]
      },
      "properties": {
        "name": "颐园麻将室活动中心",
        "category": "sports",
        "type": "体育休闲服务;体育休闲服务场所;体育休闲服务场所",
        "district": "金牛区",
        "weight": 1
      }
    },
    {
      "type": "Feature",
      "geometry": {
        "type": "Point",
        "coordinates": [
          104.029816,
          30.685065
        ]
      },
      "properties": {
        "name": "伽迷国际瑜伽中心",
        "category": "sports",
        "type": "体育休闲服务;运动场馆;健身中心",
        "district": "金牛区",
        "weight": 1
      }
    },
    {
      "type": "Feature",
      "geometry": {
        "type": "Point",
        "coordinates": [
          104.032638,
          30.686347
        ]
      },
      "properties": {
        "name": "樱的网吧(营兴路店)",
        "category": "sports",
        "type": "体育休闲服务;娱乐场所;网吧",
        "district": "金牛区",
        "weight": 1
      }
    },
    {
      "type": "Feature",
      "geometry": {
        "type": "Point",
        "coordinates": [
          104.025713,
          30.682075
        ]
      },
      "properties": {
        "name": "Star show钢管舞培训",
        "category": "sports",
        "type": "体育休闲服务;运动场馆;健身中心",
        "district": "青羊区",
        "weight": 1
      }
    },
    {
      "type": "Feature",
      "geometry": {
        "type": "Point",
        "coordinates": [
          104.032845,
          30.684106
        ]
      },
      "properties": {
        "name": "局乐轩麻将室",
        "category": "sports",
        "type": "体育休闲服务;娱乐场所;棋牌室",
        "district": "金牛区",
        "weight": 3
      }
    },
    {
      "type": "Feature",
      "geometry": {
        "type": "Point",
        "coordinates": [
          104.026661,
          30.684368
        ]
      },
      "properties": {
        "name": "瑞西棋牌室",
        "category": "sports",
        "type": "体育休闲服务;娱乐场所;棋牌室",
        "district": "金牛区",
        "weight": 1
      }
    },
    {
      "type": "Feature",
      "geometry": {
        "type": "Point",
        "coordinates": [
          104.033505,
          30.687968
        ]
      },
      "properties": {
        "name": "坤友棋牌",
        "category": "sports",
        "type": "体育休闲服务;娱乐场所;棋牌室",
        "district": "金牛区",
        "weight": 4
      }
    },
    {
      "type": "Feature",
      "geometry": {
        "type": "Point",
        "coordinates": [
          104.026496,
          30.679472
        ]
      },
      "properties": {
        "name": "柯仁音乐酒吧",
        "category": "sports",
        "type": "体育休闲服务;娱乐场所;酒吧",
        "district": "青羊区",
        "weight": 1
      }
    },
    {
      "type": "Feature",
      "geometry": {
        "type": "Point",
        "coordinates": [
          104.028619,
          30.6829
        ]
      },
      "properties": {
        "name": "天天见棋牌室",
        "category": "sports",
        "type": "体育休闲服务;娱乐场所;棋牌室",
        "district": "金牛区",
        "weight": 1
      }
    },
    {
      "type": "Feature",
      "geometry": {
        "type": "Point",
        "coordinates": [
          104.038336,
          30.679592
        ]
      },
      "properties": {
        "name": "情韵音乐吧",
        "category": "sports",
        "type": "体育休闲服务;娱乐场所;KTV",
        "district": "金牛区",
        "weight": 4
      }
    },
    {
      "type": "Feature",
      "geometry": {
        "type": "Point",
        "coordinates": [
          104.034948,
          30.682674
        ]
      },
      "properties": {
        "name": "前沿会所",
        "category": "sports",
        "type": "体育休闲服务;娱乐场所;KTV",
        "district": "金牛区",
        "weight": 2
      }
    },
    {
      "type": "Feature",
      "geometry": {
        "type": "Point",
        "coordinates": [
          104.035138,
          30.679968
        ]
      },
      "properties": {
        "name": "潮流网吧(抚琴西路南二巷)",
        "category": "sports",
        "type": "体育休闲服务;娱乐场所;网吧",
        "district": "金牛区",
        "weight": 2
      }
    },
    {
      "type": "Feature",
      "geometry": {
        "type": "Point",
        "coordinates": [
          104.041477,
          30.686445
        ]
      },
      "properties": {
        "name": "麦卓网吧",
        "category": "sports",
        "type": "体育休闲服务;娱乐场所;网吧",
        "district": "金牛区",
        "weight": 18
      }
    },
    {
      "type": "Feature",
      "geometry": {
        "type": "Point",
        "coordinates": [
          104.04048,
          30.688397
        ]
      },
      "properties": {
        "name": "风云天下网吧(金沙路店)",
        "category": "sports",
        "type": "体育休闲服务;娱乐场所;网吧",
        "district": "金牛区",
        "weight": 1
      }
    },
    {
      "type": "Feature",
      "geometry": {
        "type": "Point",
        "coordinates": [
          104.037072,
          30.686109
        ]
      },
      "properties": {
        "name": "海缘汇",
        "category": "sports",
        "type": "体育休闲服务;娱乐场所;棋牌室",
        "district": "金牛区",
        "weight": 4
      }
    },
    {
      "type": "Feature",
      "geometry": {
        "type": "Point",
        "coordinates": [
          104.038206,
          30.68261
        ]
      },
      "properties": {
        "name": "樱的网吧(抚琴店)",
        "category": "sports",
        "type": "体育休闲服务;娱乐场所;网吧",
        "district": "金牛区",
        "weight": 1
      }
    },
    {
      "type": "Feature",
      "geometry": {
        "type": "Point",
        "coordinates": [
          104.041738,
          30.683295
        ]
      },
      "properties": {
        "name": "紫荆花台球俱乐部(西门店)",
        "category": "sports",
        "type": "体育休闲服务;运动场馆;台球厅",
        "district": "金牛区",
        "weight": 2
      }
    },
    {
      "type": "Feature",
      "geometry": {
        "type": "Point",
        "coordinates": [
          104.034445,
          30.686288
        ]
      },
      "properties": {
        "name": "形意拳馆",
        "category": "sports",
        "type": "体育休闲服务;运动场馆;运动场所",
        "district": "金牛区",
        "weight": 5
      }
    },
    {
      "type": "Feature",
      "geometry": {
        "type": "Point",
        "coordinates": [
          104.038139,
          30.68825
        ]
      },
      "properties": {
        "name": "人和会所",
        "category": "sports",
        "type": "体育休闲服务;体育休闲服务场所;体育休闲服务场所",
        "district": "金牛区",
        "weight": 3
      }
    },
    {
      "type": "Feature",
      "geometry": {
        "type": "Point",
        "coordinates": [
          104.035198,
          30.688418
        ]
      },
      "properties": {
        "name": "足行天下",
        "category": "sports",
        "type": "体育休闲服务;体育休闲服务场所;体育休闲服务场所",
        "district": "金牛区",
        "weight": 1
      }
    },
    {
      "type": "Feature",
      "geometry": {
        "type": "Point",
        "coordinates": [
          104.039981,
          30.681708
        ]
      },
      "properties": {
        "name": "南侨娱乐汇",
        "category": "sports",
        "type": "体育休闲服务;娱乐场所;夜总会",
        "district": "金牛区",
        "weight": 2
      }
    },
    {
      "type": "Feature",
      "geometry": {
        "type": "Point",
        "coordinates": [
          104.033945,
          30.689097
        ]
      },
      "properties": {
        "name": "桑拿泳池高温瑜伽供热采暖",
        "category": "sports",
        "type": "体育休闲服务;体育休闲服务场所;体育休闲服务场所",
        "district": "金牛区",
        "weight": 1
      }
    },
    {
      "type": "Feature",
      "geometry": {
        "type": "Point",
        "coordinates": [
          104.043557,
          30.681558
        ]
      },
      "properties": {
        "name": "兰姐麻将",
        "category": "sports",
        "type": "体育休闲服务;娱乐场所;娱乐场所",
        "district": "金牛区",
        "weight": 1
      }
    },
    {
      "type": "Feature",
      "geometry": {
        "type": "Point",
        "coordinates": [
          104.04102,
          30.679787
        ]
      },
      "properties": {
        "name": "抚琴干休所",
        "category": "sports",
        "type": "体育休闲服务;度假疗养场所;疗养院",
        "district": "金牛区",
        "weight": 2
      }
    },
    {
      "type": "Feature",
      "geometry": {
        "type": "Point",
        "coordinates": [
          104.051978,
          30.682638
        ]
      },
      "properties": {
        "name": "职工体育馆",
        "category": "sports",
        "type": "体育休闲服务;运动场馆;运动场所",
        "district": "金牛区",
        "weight": 4
      }
    },
    {
      "type": "Feature",
      "geometry": {
        "type": "Point",
        "coordinates": [
          104.04889,
          30.686456
        ]
      },
      "properties": {
        "name": "茶棋牌休闲",
        "category": "sports",
        "type": "体育休闲服务;娱乐场所;娱乐场所",
        "district": "金牛区",
        "weight": 1
      }
    },
    {
      "type": "Feature",
      "geometry": {
        "type": "Point",
        "coordinates": [
          104.050176,
          30.687544
        ]
      },
      "properties": {
        "name": "司南·聚",
        "category": "sports",
        "type": "体育休闲服务;娱乐场所;娱乐场所",
        "district": "金牛区",
        "weight": 14
      }
    },
    {
      "type": "Feature",
      "geometry": {
        "type": "Point",
        "coordinates": [
          104.048368,
          30.687254
        ]
      },
      "properties": {
        "name": "都市网吧(一环路北一段)",
        "category": "sports",
        "type": "体育休闲服务;娱乐场所;网吧",
        "district": "金牛区",
        "weight": 1
      }
    },
    {
      "type": "Feature",
      "geometry": {
        "type": "Point",
        "coordinates": [
          104.047818,
          30.68062
        ]
      },
      "properties": {
        "name": "老年之家",
        "category": "sports",
        "type": "体育休闲服务;体育休闲服务场所;体育休闲服务场所",
        "district": "金牛区",
        "weight": 2
      }
    },
    {
      "type": "Feature",
      "geometry": {
        "type": "Point",
        "coordinates": [
          104.050947,
          30.68008
        ]
      },
      "properties": {
        "name": "舞林风俱乐部",
        "category": "sports",
        "type": "体育休闲服务;体育休闲服务场所;体育休闲服务场所",
        "district": "金牛区",
        "weight": 5
      }
    },
    {
      "type": "Feature",
      "geometry": {
        "type": "Point",
        "coordinates": [
          104.04754,
          30.685209
        ]
      },
      "properties": {
        "name": "蔻海KTV",
        "category": "sports",
        "type": "体育休闲服务;娱乐场所;KTV",
        "district": "金牛区",
        "weight": 4
      }
    },
    {
      "type": "Feature",
      "geometry": {
        "type": "Point",
        "coordinates": [
          104.044172,
          30.679906
        ]
      },
      "properties": {
        "name": "西和棋牌",
        "category": "sports",
        "type": "体育休闲服务;娱乐场所;棋牌室",
        "district": "金牛区",
        "weight": 2
      }
    },
    {
      "type": "Feature",
      "geometry": {
        "type": "Point",
        "coordinates": [
          104.04503,
          30.680886
        ]
      },
      "properties": {
        "name": "麦酒社",
        "category": "sports",
        "type": "体育休闲服务;娱乐场所;酒吧",
        "district": "金牛区",
        "weight": 7
      }
    },
    {
      "type": "Feature",
      "geometry": {
        "type": "Point",
        "coordinates": [
          104.046421,
          30.681483
        ]
      },
      "properties": {
        "name": "杠尚花·棋牌",
        "category": "sports",
        "type": "体育休闲服务;娱乐场所;棋牌室",
        "district": "金牛区",
        "weight": 2
      }
    },
    {
      "type": "Feature",
      "geometry": {
        "type": "Point",
        "coordinates": [
          104.044461,
          30.689007
        ]
      },
      "properties": {
        "name": "乐兴网吧(光荣北路)",
        "category": "sports",
        "type": "体育休闲服务;娱乐场所;网吧",
        "district": "金牛区",
        "weight": 1
      }
    },
    {
      "type": "Feature",
      "geometry": {
        "type": "Point",
        "coordinates": [
          104.044969,
          30.683813
        ]
      },
      "properties": {
        "name": "8零S酒吧",
        "category": "sports",
        "type": "体育休闲服务;娱乐场所;酒吧",
        "district": "金牛区",
        "weight": 5
      }
    },
    {
      "type": "Feature",
      "geometry": {
        "type": "Point",
        "coordinates": [
          104.04548,
          30.685557
        ]
      },
      "properties": {
        "name": "乡土户外俱乐部",
        "category": "sports",
        "type": "体育休闲服务;体育休闲服务场所;体育休闲服务场所",
        "district": "金牛区",
        "weight": 1
      }
    },
    {
      "type": "Feature",
      "geometry": {
        "type": "Point",
        "coordinates": [
          104.051041,
          30.685961
        ]
      },
      "properties": {
        "name": "玫瑰艺术厅",
        "category": "sports",
        "type": "体育休闲服务;休闲场所;休闲场所",
        "district": "金牛区",
        "weight": 1
      }
    },
    {
      "type": "Feature",
      "geometry": {
        "type": "Point",
        "coordinates": [
          104.051685,
          30.688495
        ]
      },
      "properties": {
        "name": "总汇游泳池",
        "category": "sports",
        "type": "体育休闲服务;运动场馆;游泳馆",
        "district": "金牛区",
        "weight": 1
      }
    },
    {
      "type": "Feature",
      "geometry": {
        "type": "Point",
        "coordinates": [
          104.054841,
          30.68319
        ]
      },
      "properties": {
        "name": "四悉棋牌",
        "category": "sports",
        "type": "体育休闲服务;娱乐场所;棋牌室",
        "district": "金牛区",
        "weight": 17
      }
    },
    {
      "type": "Feature",
      "geometry": {
        "type": "Point",
        "coordinates": [
          104.061366,
          30.688149
        ]
      },
      "properties": {
        "name": "垒鑫荟网络休闲会所(白马寺街)",
        "category": "sports",
        "type": "体育休闲服务;娱乐场所;网吧",
        "district": "金牛区",
        "weight": 1
      }
    },
    {
      "type": "Feature",
      "geometry": {
        "type": "Point",
        "coordinates": [
          104.056711,
          30.680806
        ]
      },
      "properties": {
        "name": "成都晚霞马家花园居家养老服务站(北门)",
        "category": "sports",
        "type": "体育休闲服务;体育休闲服务场所;体育休闲服务场所",
        "district": "金牛区",
        "weight": 1
      }
    },
    {
      "type": "Feature",
      "geometry": {
        "type": "Point",
        "coordinates": [
          104.056702,
          30.688626
        ]
      },
      "properties": {
        "name": "同心圆歌舞厅",
        "category": "sports",
        "type": "体育休闲服务;娱乐场所;迪厅",
        "district": "金牛区",
        "weight": 2
      }
    },
    {
      "type": "Feature",
      "geometry": {
        "type": "Point",
        "coordinates": [
          104.059448,
          30.68405
        ]
      },
      "properties": {
        "name": "心约网络会所",
        "category": "sports",
        "type": "体育休闲服务;娱乐场所;网吧",
        "district": "金牛区",
        "weight": 2
      }
    },
    {
      "type": "Feature",
      "geometry": {
        "type": "Point",
        "coordinates": [
          104.056375,
          30.679527
        ]
      },
      "properties": {
        "name": "天香雪歌舞厅",
        "category": "sports",
        "type": "体育休闲服务;娱乐场所;迪厅",
        "district": "青羊区",
        "weight": 3
      }
    },
    {
      "type": "Feature",
      "geometry": {
        "type": "Point",
        "coordinates": [
          104.057371,
          30.687142
        ]
      },
      "properties": {
        "name": "金角度台球俱乐部",
        "category": "sports",
        "type": "体育休闲服务;运动场馆;台球厅",
        "district": "金牛区",
        "weight": 1
      }
    },
    {
      "type": "Feature",
      "geometry": {
        "type": "Point",
        "coordinates": [
          104.057136,
          30.683205
        ]
      },
      "properties": {
        "name": "缘会网吧",
        "category": "sports",
        "type": "体育休闲服务;娱乐场所;网吧",
        "district": "金牛区",
        "weight": 1
      }
    },
    {
      "type": "Feature",
      "geometry": {
        "type": "Point",
        "coordinates": [
          104.053721,
          30.688742
        ]
      },
      "properties": {
        "name": "金牛区兴奥游泳池",
        "category": "sports",
        "type": "体育休闲服务;运动场馆;游泳馆",
        "district": "金牛区",
        "weight": 1
      }
    },
    {
      "type": "Feature",
      "geometry": {
        "type": "Point",
        "coordinates": [
          104.063096,
          30.688047
        ]
      },
      "properties": {
        "name": "西藏干休所",
        "category": "sports",
        "type": "体育休闲服务;度假疗养场所;疗养院",
        "district": "金牛区",
        "weight": 1
      }
    },
    {
      "type": "Feature",
      "geometry": {
        "type": "Point",
        "coordinates": [
          104.053902,
          30.681509
        ]
      },
      "properties": {
        "name": "阿曼希东方舞",
        "category": "sports",
        "type": "体育休闲服务;运动场馆;健身中心",
        "district": "金牛区",
        "weight": 1
      }
    },
    {
      "type": "Feature",
      "geometry": {
        "type": "Point",
        "coordinates": [
          104.055356,
          30.681367
        ]
      },
      "properties": {
        "name": "蔡蔡麻将屋",
        "category": "sports",
        "type": "体育休闲服务;娱乐场所;棋牌室",
        "district": "金牛区",
        "weight": 1
      }
    },
    {
      "type": "Feature",
      "geometry": {
        "type": "Point",
        "coordinates": [
          104.059056,
          30.687835
        ]
      },
      "properties": {
        "name": "新村河边街社区党员活动室",
        "category": "sports",
        "type": "体育休闲服务;娱乐场所;娱乐场所",
        "district": "金牛区",
        "weight": 2
      }
    },
    {
      "type": "Feature",
      "geometry": {
        "type": "Point",
        "coordinates": [
          104.058739,
          30.68076
        ]
      },
      "properties": {
        "name": "四川省乔牌活动中心",
        "category": "sports",
        "type": "体育休闲服务;娱乐场所;棋牌室",
        "district": "金牛区",
        "weight": 1
      }
    },
    {
      "type": "Feature",
      "geometry": {
        "type": "Point",
        "coordinates": [
          104.06727,
          30.68489
        ]
      },
      "properties": {
        "name": "万福苑游泳池",
        "category": "sports",
        "type": "体育休闲服务;运动场馆;游泳馆",
        "district": "金牛区",
        "weight": 2
      }
    },
    {
      "type": "Feature",
      "geometry": {
        "type": "Point",
        "coordinates": [
          104.070056,
          30.681898
        ]
      },
      "properties": {
        "name": "心随我动网吧",
        "category": "sports",
        "type": "体育休闲服务;娱乐场所;网吧",
        "district": "金牛区",
        "weight": 2
      }
    },
    {
      "type": "Feature",
      "geometry": {
        "type": "Point",
        "coordinates": [
          104.066272,
          30.688112
        ]
      },
      "properties": {
        "name": "地下战",
        "category": "sports",
        "type": "体育休闲服务;体育休闲服务场所;体育休闲服务场所",
        "district": "金牛区",
        "weight": 2
      }
    },
    {
      "type": "Feature",
      "geometry": {
        "type": "Point",
        "coordinates": [
          104.064982,
          30.688612
        ]
      },
      "properties": {
        "name": "炎华足球公园",
        "category": "sports",
        "type": "体育休闲服务;运动场馆;足球场",
        "district": "金牛区",
        "weight": 2
      }
    },
    {
      "type": "Feature",
      "geometry": {
        "type": "Point",
        "coordinates": [
          104.073768,
          30.67986
        ]
      },
      "properties": {
        "name": "河边老院坝",
        "category": "sports",
        "type": "体育休闲服务;休闲场所;休闲场所",
        "district": "金牛区",
        "weight": 4
      }
    },
    {
      "type": "Feature",
      "geometry": {
        "type": "Point",
        "coordinates": [
          104.065356,
          30.684074
        ]
      },
      "properties": {
        "name": "芳芳棋牌(白马寺街)",
        "category": "sports",
        "type": "体育休闲服务;娱乐场所;棋牌室",
        "district": "金牛区",
        "weight": 1
      }
    },
    {
      "type": "Feature",
      "geometry": {
        "type": "Point",
        "coordinates": [
          104.070414,
          30.679658
        ]
      },
      "properties": {
        "name": "雅腾网咖",
        "category": "sports",
        "type": "体育休闲服务;娱乐场所;网吧",
        "district": "青羊区",
        "weight": 1
      }
    },
    {
      "type": "Feature",
      "geometry": {
        "type": "Point",
        "coordinates": [
          104.072166,
          30.684628
        ]
      },
      "properties": {
        "name": "金牛区人民北路晚霞日间照料中心",
        "category": "sports",
        "type": "体育休闲服务;度假疗养场所;疗养院",
        "district": "金牛区",
        "weight": 1
      }
    },
    {
      "type": "Feature",
      "geometry": {
        "type": "Point",
        "coordinates": [
          104.076033,
          30.682928
        ]
      },
      "properties": {
        "name": "成都太极馆",
        "category": "sports",
        "type": "体育休闲服务;运动场馆;运动场所",
        "district": "金牛区",
        "weight": 6
      }
    },
    {
      "type": "Feature",
      "geometry": {
        "type": "Point",
        "coordinates": [
          104.075847,
          30.68468
        ]
      },
      "properties": {
        "name": "城北网球场",
        "category": "sports",
        "type": "体育休闲服务;运动场馆;网球场",
        "district": "金牛区",
        "weight": 5
      }
    },
    {
      "type": "Feature",
      "geometry": {
        "type": "Point",
        "coordinates": [
          104.079812,
          30.682972
        ]
      },
      "properties": {
        "name": "樱花娱乐",
        "category": "sports",
        "type": "体育休闲服务;娱乐场所;迪厅",
        "district": "金牛区",
        "weight": 9
      }
    },
    {
      "type": "Feature",
      "geometry": {
        "type": "Point",
        "coordinates": [
          104.08129,
          30.679528
        ]
      },
      "properties": {
        "name": "风铃网吧(马鞍西路)",
        "category": "sports",
        "type": "体育休闲服务;娱乐场所;网吧",
        "district": "金牛区",
        "weight": 1
      }
    },
    {
      "type": "Feature",
      "geometry": {
        "type": "Point",
        "coordinates": [
          104.073784,
          30.684836
        ]
      },
      "properties": {
        "name": "成都市老年活动宫",
        "category": "sports",
        "type": "体育休闲服务;休闲场所;休闲场所",
        "district": "金牛区",
        "weight": 2
      }
    },
    {
      "type": "Feature",
      "geometry": {
        "type": "Point",
        "coordinates": [
          104.08152,
          30.688006
        ]
      },
      "properties": {
        "name": "新引力网吧",
        "category": "sports",
        "type": "体育休闲服务;娱乐场所;网吧",
        "district": "金牛区",
        "weight": 1
      }
    },
    {
      "type": "Feature",
      "geometry": {
        "type": "Point",
        "coordinates": [
          104.078554,
          30.687299
        ]
      },
      "properties": {
        "name": "小胖茶机麻",
        "category": "sports",
        "type": "体育休闲服务;娱乐场所;棋牌室",
        "district": "金牛区",
        "weight": 2
      }
    },
    {
      "type": "Feature",
      "geometry": {
        "type": "Point",
        "coordinates": [
          104.080386,
          30.685159
        ]
      },
      "properties": {
        "name": "黑桃杰作网咖",
        "category": "sports",
        "type": "体育休闲服务;娱乐场所;网吧",
        "district": "金牛区",
        "weight": 4
      }
    },
    {
      "type": "Feature",
      "geometry": {
        "type": "Point",
        "coordinates": [
          104.075393,
          30.686496
        ]
      },
      "properties": {
        "name": "龙海网吧(一环路北三段)",
        "category": "sports",
        "type": "体育休闲服务;娱乐场所;网吧",
        "district": "金牛区",
        "weight": 1
      }
    },
    {
      "type": "Feature",
      "geometry": {
        "type": "Point",
        "coordinates": [
          104.080323,
          30.686738
        ]
      },
      "properties": {
        "name": "尚皇酒水吧",
        "category": "sports",
        "type": "体育休闲服务;娱乐场所;酒吧",
        "district": "金牛区",
        "weight": 3
      }
    },
    {
      "type": "Feature",
      "geometry": {
        "type": "Point",
        "coordinates": [
          104.082053,
          30.68144
        ]
      },
      "properties": {
        "name": "斯诺克台球",
        "category": "sports",
        "type": "体育休闲服务;运动场馆;台球厅",
        "district": "金牛区",
        "weight": 1
      }
    },
    {
      "type": "Feature",
      "geometry": {
        "type": "Point",
        "coordinates": [
          104.078797,
          30.680804
        ]
      },
      "properties": {
        "name": "台球棋牌室",
        "category": "sports",
        "type": "体育休闲服务;娱乐场所;棋牌室",
        "district": "金牛区",
        "weight": 1
      }
    },
    {
      "type": "Feature",
      "geometry": {
        "type": "Point",
        "coordinates": [
          104.092478,
          30.680829
        ]
      },
      "properties": {
        "name": "盘丝洞",
        "category": "sports",
        "type": "体育休闲服务;娱乐场所;网吧",
        "district": "成华区",
        "weight": 20
      }
    },
    {
      "type": "Feature",
      "geometry": {
        "type": "Point",
        "coordinates": [
          104.084756,
          30.680156
        ]
      },
      "properties": {
        "name": "缤纷鲜花",
        "category": "sports",
        "type": "体育休闲服务;娱乐场所;娱乐场所",
        "district": "金牛区",
        "weight": 4
      }
    },
    {
      "type": "Feature",
      "geometry": {
        "type": "Point",
        "coordinates": [
          104.09098,
          30.68823
        ]
      },
      "properties": {
        "name": "CD狂派",
        "category": "sports",
        "type": "体育休闲服务;娱乐场所;网吧",
        "district": "成华区",
        "weight": 7
      }
    },
    {
      "type": "Feature",
      "geometry": {
        "type": "Point",
        "coordinates": [
          104.089019,
          30.687182
        ]
      },
      "properties": {
        "name": "亿谷网吧",
        "category": "sports",
        "type": "体育休闲服务;娱乐场所;网吧",
        "district": "金牛区",
        "weight": 2
      }
    },
    {
      "type": "Feature",
      "geometry": {
        "type": "Point",
        "coordinates": [
          104.086465,
          30.685452
        ]
      },
      "properties": {
        "name": "飞越网吧(福蓓街)",
        "category": "sports",
        "type": "体育休闲服务;娱乐场所;网吧",
        "district": "金牛区",
        "weight": 1
      }
    },
    {
      "type": "Feature",
      "geometry": {
        "type": "Point",
        "coordinates": [
          104.091354,
          30.684316
        ]
      },
      "properties": {
        "name": "金鼠标网咖",
        "category": "sports",
        "type": "体育休闲服务;娱乐场所;网吧",
        "district": "成华区",
        "weight": 1
      }
    },
    {
      "type": "Feature",
      "geometry": {
        "type": "Point",
        "coordinates": [
          104.092622,
          30.682592
        ]
      },
      "properties": {
        "name": "伊六网咖",
        "category": "sports",
        "type": "体育休闲服务;娱乐场所;网吧",
        "district": "成华区",
        "weight": 2
      }
    },
    {
      "type": "Feature",
      "geometry": {
        "type": "Point",
        "coordinates": [
          104.089334,
          30.680752
        ]
      },
      "properties": {
        "name": "侠者搏击",
        "category": "sports",
        "type": "体育休闲服务;运动场馆;运动场所",
        "district": "金牛区",
        "weight": 2
      }
    },
    {
      "type": "Feature",
      "geometry": {
        "type": "Point",
        "coordinates": [
          104.087302,
          30.680577
        ]
      },
      "properties": {
        "name": "同乐棋牌机麻",
        "category": "sports",
        "type": "体育休闲服务;体育休闲服务场所;体育休闲服务场所",
        "district": "金牛区",
        "weight": 1
      }
    },
    {
      "type": "Feature",
      "geometry": {
        "type": "Point",
        "coordinates": [
          104.086393,
          30.688509
        ]
      },
      "properties": {
        "name": "老年活动室",
        "category": "sports",
        "type": "体育休闲服务;体育休闲服务场所;体育休闲服务场所",
        "district": "金牛区",
        "weight": 1
      }
    },
    {
      "type": "Feature",
      "geometry": {
        "type": "Point",
        "coordinates": [
          104.088663,
          30.685994
        ]
      },
      "properties": {
        "name": "印象瑜伽肚皮舞俱乐部",
        "category": "sports",
        "type": "体育休闲服务;运动场馆;健身中心",
        "district": "金牛区",
        "weight": 1
      }
    },
    {
      "type": "Feature",
      "geometry": {
        "type": "Point",
        "coordinates": [
          104.086979,
          30.686292
        ]
      },
      "properties": {
        "name": "云中漫步",
        "category": "sports",
        "type": "体育休闲服务;娱乐场所;网吧",
        "district": "金牛区",
        "weight": 1
      }
    },
    {
      "type": "Feature",
      "geometry": {
        "type": "Point",
        "coordinates": [
          104.086442,
          30.687333
        ]
      },
      "properties": {
        "name": "研磨时尚网咖(李家沱店)",
        "category": "sports",
        "type": "体育休闲服务;娱乐场所;网吧",
        "district": "金牛区",
        "weight": 1
      }
    },
    {
      "type": "Feature",
      "geometry": {
        "type": "Point",
        "coordinates": [
          104.093477,
          30.686072
        ]
      },
      "properties": {
        "name": "棋牌阵",
        "category": "sports",
        "type": "体育休闲服务;娱乐场所;棋牌室",
        "district": "成华区",
        "weight": 2
      }
    },
    {
      "type": "Feature",
      "geometry": {
        "type": "Point",
        "coordinates": [
          104.084181,
          30.683927
        ]
      },
      "properties": {
        "name": "北四段社区党员活动室",
        "category": "sports",
        "type": "体育休闲服务;休闲场所;休闲场所",
        "district": "金牛区",
        "weight": 2
      }
    },
    {
      "type": "Feature",
      "geometry": {
        "type": "Point",
        "coordinates": [
          104.085792,
          30.681737
        ]
      },
      "properties": {
        "name": "楼上聚会吧",
        "category": "sports",
        "type": "体育休闲服务;娱乐场所;娱乐场所",
        "district": "金牛区",
        "weight": 2
      }
    },
    {
      "type": "Feature",
      "geometry": {
        "type": "Point",
        "coordinates": [
          104.084842,
          30.689318
        ]
      },
      "properties": {
        "name": "二妹棋牌",
        "category": "sports",
        "type": "体育休闲服务;娱乐场所;棋牌室",
        "district": "金牛区",
        "weight": 1
      }
    },
    {
      "type": "Feature",
      "geometry": {
        "type": "Point",
        "coordinates": [
          104.096848,
          30.683954
        ]
      },
      "properties": {
        "name": "美佳美量贩KTV",
        "category": "sports",
        "type": "体育休闲服务;娱乐场所;KTV",
        "district": "成华区",
        "weight": 1
      }
    },
    {
      "type": "Feature",
      "geometry": {
        "type": "Point",
        "coordinates": [
          104.096972,
          30.681884
        ]
      },
      "properties": {
        "name": "冰月KTV",
        "category": "sports",
        "type": "体育休闲服务;娱乐场所;KTV",
        "district": "成华区",
        "weight": 1
      }
    },
    {
      "type": "Feature",
      "geometry": {
        "type": "Point",
        "coordinates": [
          104.09788,
          30.685172
        ]
      },
      "properties": {
        "name": "漫步时空网咖成都市",
        "category": "sports",
        "type": "体育休闲服务;体育休闲服务场所;体育休闲服务场所",
        "district": "成华区",
        "weight": 1
      }
    },
    {
      "type": "Feature",
      "geometry": {
        "type": "Point",
        "coordinates": [
          104.094812,
          30.689173
        ]
      },
      "properties": {
        "name": "金鑫二期音乐酒吧KTV",
        "category": "sports",
        "type": "体育休闲服务;娱乐场所;KTV",
        "district": "成华区",
        "weight": 1
      }
    },
    {
      "type": "Feature",
      "geometry": {
        "type": "Point",
        "coordinates": [
          104.0981,
          30.683748
        ]
      },
      "properties": {
        "name": "武名功夫馆",
        "category": "sports",
        "type": "科教文化服务;培训机构;培训机构|体育休闲服务;运动场馆;运动场所",
        "district": "成华区",
        "weight": 1
      }
    },
    {
      "type": "Feature",
      "geometry": {
        "type": "Point",
        "coordinates": [
          104.102482,
          30.686933
        ]
      },
      "properties": {
        "name": "赛利亚网吧",
        "category": "sports",
        "type": "体育休闲服务;娱乐场所;网吧",
        "district": "成华区",
        "weight": 2
      }
    },
    {
      "type": "Feature",
      "geometry": {
        "type": "Point",
        "coordinates": [
          104.096776,
          30.688929
        ]
      },
      "properties": {
        "name": "蓝地张二网吧",
        "category": "sports",
        "type": "体育休闲服务;娱乐场所;网吧",
        "district": "成华区",
        "weight": 1
      }
    },
    {
      "type": "Feature",
      "geometry": {
        "type": "Point",
        "coordinates": [
          104.098857,
          30.681102
        ]
      },
      "properties": {
        "name": "追子弹量贩KTV",
        "category": "sports",
        "type": "体育休闲服务;娱乐场所;KTV",
        "district": "成华区",
        "weight": 1
      }
    },
    {
      "type": "Feature",
      "geometry": {
        "type": "Point",
        "coordinates": [
          104.102264,
          30.682297
        ]
      },
      "properties": {
        "name": "时维网咖",
        "category": "sports",
        "type": "体育休闲服务;娱乐场所;网吧",
        "district": "成华区",
        "weight": 3
      }
    },
    {
      "type": "Feature",
      "geometry": {
        "type": "Point",
        "coordinates": [
          104.103188,
          30.683118
        ]
      },
      "properties": {
        "name": "肥猫网咖",
        "category": "sports",
        "type": "体育休闲服务;娱乐场所;网吧",
        "district": "成华区",
        "weight": 2
      }
    },
    {
      "type": "Feature",
      "geometry": {
        "type": "Point",
        "coordinates": [
          104.09509,
          30.67967
        ]
      },
      "properties": {
        "name": "电子科技大学沙河校区游泳池",
        "category": "sports",
        "type": "体育休闲服务;运动场馆;游泳馆",
        "district": "成华区",
        "weight": 2
      }
    },
    {
      "type": "Feature",
      "geometry": {
        "type": "Point",
        "coordinates": [
          104.103436,
          30.684714
        ]
      },
      "properties": {
        "name": "南屏晚声音乐工作室(浅水半岛店)",
        "category": "sports",
        "type": "体育休闲服务;体育休闲服务场所;体育休闲服务场所",
        "district": "成华区",
        "weight": 1
      }
    },
    {
      "type": "Feature",
      "geometry": {
        "type": "Point",
        "coordinates": [
          104.108863,
          30.680969
        ]
      },
      "properties": {
        "name": "香木园休闲庄",
        "category": "sports",
        "type": "体育休闲服务;休闲场所;休闲场所",
        "district": "成华区",
        "weight": 1
      }
    },
    {
      "type": "Feature",
      "geometry": {
        "type": "Point",
        "coordinates": [
          104.107669,
          30.685513
        ]
      },
      "properties": {
        "name": "玩家天堂网吧",
        "category": "sports",
        "type": "体育休闲服务;娱乐场所;网吧",
        "district": "成华区",
        "weight": 1
      }
    },
    {
      "type": "Feature",
      "geometry": {
        "type": "Point",
        "coordinates": [
          104.109612,
          30.685661
        ]
      },
      "properties": {
        "name": "飞飞网咖(双建路)",
        "category": "sports",
        "type": "体育休闲服务;娱乐场所;网吧",
        "district": "成华区",
        "weight": 2
      }
    },
    {
      "type": "Feature",
      "geometry": {
        "type": "Point",
        "coordinates": [
          104.112562,
          30.683338
        ]
      },
      "properties": {
        "name": "天天好心情",
        "category": "sports",
        "type": "体育休闲服务;娱乐场所;棋牌室",
        "district": "成华区",
        "weight": 1
      }
    },
    {
      "type": "Feature",
      "geometry": {
        "type": "Point",
        "coordinates": [
          104.111662,
          30.679677
        ]
      },
      "properties": {
        "name": "起点网吧(建设北路店)",
        "category": "sports",
        "type": "体育休闲服务;娱乐场所;网吧",
        "district": "成华区",
        "weight": 1
      }
    },
    {
      "type": "Feature",
      "geometry": {
        "type": "Point",
        "coordinates": [
          104.104755,
          30.680504
        ]
      },
      "properties": {
        "name": "四川DJ俱乐部",
        "category": "sports",
        "type": "体育休闲服务;娱乐场所;娱乐场所",
        "district": "成华区",
        "weight": 2
      }
    },
    {
      "type": "Feature",
      "geometry": {
        "type": "Point",
        "coordinates": [
          104.108568,
          30.687312
        ]
      },
      "properties": {
        "name": "成都家合兴职工俱乐部",
        "category": "sports",
        "type": "体育休闲服务;体育休闲服务场所;体育休闲服务场所",
        "district": "成华区",
        "weight": 2
      }
    },
    {
      "type": "Feature",
      "geometry": {
        "type": "Point",
        "coordinates": [
          104.112304,
          30.682346
        ]
      },
      "properties": {
        "name": "快乐8网络会所",
        "category": "sports",
        "type": "体育休闲服务;娱乐场所;网吧",
        "district": "成华区",
        "weight": 2
      }
    },
    {
      "type": "Feature",
      "geometry": {
        "type": "Point",
        "coordinates": [
          104.112632,
          30.687985
        ]
      },
      "properties": {
        "name": "宝泰家园中庭恒温游泳馆",
        "category": "sports",
        "type": "体育休闲服务;运动场馆;游泳馆",
        "district": "成华区",
        "weight": 1
      }
    },
    {
      "type": "Feature",
      "geometry": {
        "type": "Point",
        "coordinates": [
          104.105822,
          30.686138
        ]
      },
      "properties": {
        "name": "泽安养老",
        "category": "sports",
        "type": "体育休闲服务;度假疗养场所;疗养院",
        "district": "成华区",
        "weight": 4
      }
    },
    {
      "type": "Feature",
      "geometry": {
        "type": "Point",
        "coordinates": [
          104.104284,
          30.683439
        ]
      },
      "properties": {
        "name": "本土瑜伽",
        "category": "sports",
        "type": "体育休闲服务;运动场馆;健身中心",
        "district": "成华区",
        "weight": 2
      }
    },
    {
      "type": "Feature",
      "geometry": {
        "type": "Point",
        "coordinates": [
          104.111721,
          30.685813
        ]
      },
      "properties": {
        "name": "桃林网吧(桃源街)",
        "category": "sports",
        "type": "体育休闲服务;娱乐场所;网吧",
        "district": "成华区",
        "weight": 1
      }
    },
    {
      "type": "Feature",
      "geometry": {
        "type": "Point",
        "coordinates": [
          104.11347,
          30.679512
        ]
      },
      "properties": {
        "name": "壹东方网咖",
        "category": "sports",
        "type": "体育休闲服务;娱乐场所;网吧",
        "district": "成华区",
        "weight": 1
      }
    },
    {
      "type": "Feature",
      "geometry": {
        "type": "Point",
        "coordinates": [
          104.112206,
          30.681268
        ]
      },
      "properties": {
        "name": "东方尊会",
        "category": "sports",
        "type": "体育休闲服务;体育休闲服务场所;体育休闲服务场所",
        "district": "成华区",
        "weight": 1
      }
    },
    {
      "type": "Feature",
      "geometry": {
        "type": "Point",
        "coordinates": [
          104.112581,
          30.685182
        ]
      },
      "properties": {
        "name": "桃源社区活动室",
        "category": "sports",
        "type": "体育休闲服务;休闲场所;休闲场所",
        "district": "成华区",
        "weight": 1
      }
    },
    {
      "type": "Feature",
      "geometry": {
        "type": "Point",
        "coordinates": [
          104.106028,
          30.680561
        ]
      },
      "properties": {
        "name": "凌云棋牌茶艺",
        "category": "sports",
        "type": "体育休闲服务;娱乐场所;棋牌室",
        "district": "成华区",
        "weight": 2
      }
    },
    {
      "type": "Feature",
      "geometry": {
        "type": "Point",
        "coordinates": [
          104.104577,
          30.684924
        ]
      },
      "properties": {
        "name": "必好左右网吧",
        "category": "sports",
        "type": "体育休闲服务;娱乐场所;网吧",
        "district": "成华区",
        "weight": 1
      }
    },
    {
      "type": "Feature",
      "geometry": {
        "type": "Point",
        "coordinates": [
          104.108873,
          30.688673
        ]
      },
      "properties": {
        "name": "香亦乐棋牌",
        "category": "sports",
        "type": "体育休闲服务;娱乐场所;棋牌室",
        "district": "成华区",
        "weight": 3
      }
    },
    {
      "type": "Feature",
      "geometry": {
        "type": "Point",
        "coordinates": [
          104.112306,
          30.686937
        ]
      },
      "properties": {
        "name": "南天苑小区娱乐活动室",
        "category": "sports",
        "type": "体育休闲服务;娱乐场所;棋牌室",
        "district": "成华区",
        "weight": 1
      }
    },
    {
      "type": "Feature",
      "geometry": {
        "type": "Point",
        "coordinates": [
          104.106532,
          30.682358
        ]
      },
      "properties": {
        "name": "翰林会所",
        "category": "sports",
        "type": "体育休闲服务;体育休闲服务场所;体育休闲服务场所",
        "district": "成华区",
        "weight": 1
      }
    },
    {
      "type": "Feature",
      "geometry": {
        "type": "Point",
        "coordinates": [
          104.118403,
          30.682142
        ]
      },
      "properties": {
        "name": "动感网咖(文德路)",
        "category": "sports",
        "type": "体育休闲服务;娱乐场所;网吧",
        "district": "成华区",
        "weight": 1
      }
    },
    {
      "type": "Feature",
      "geometry": {
        "type": "Point",
        "coordinates": [
          104.1161,
          30.681252
        ]
      },
      "properties": {
        "name": "星空网络(二仙桥南一路)",
        "category": "sports",
        "type": "体育休闲服务;娱乐场所;网吧",
        "district": "成华区",
        "weight": 2
      }
    },
    {
      "type": "Feature",
      "geometry": {
        "type": "Point",
        "coordinates": [
          104.115932,
          30.685825
        ]
      },
      "properties": {
        "name": "二仙桥石油社区门球场",
        "category": "sports",
        "type": "体育休闲服务;运动场馆;运动场所",
        "district": "成华区",
        "weight": 1
      }
    },
    {
      "type": "Feature",
      "geometry": {
        "type": "Point",
        "coordinates": [
          104.119076,
          30.683162
        ]
      },
      "properties": {
        "name": "万紫天缘动漫城",
        "category": "sports",
        "type": "体育休闲服务;娱乐场所;游戏厅",
        "district": "成华区",
        "weight": 1
      }
    },
    {
      "type": "Feature",
      "geometry": {
        "type": "Point",
        "coordinates": [
          104.122208,
          30.682584
        ]
      },
      "properties": {
        "name": "恒隆网吧(建设北路三段)",
        "category": "sports",
        "type": "体育休闲服务;娱乐场所;网吧",
        "district": "成华区",
        "weight": 2
      }
    },
    {
      "type": "Feature",
      "geometry": {
        "type": "Point",
        "coordinates": [
          104.114186,
          30.680665
        ]
      },
      "properties": {
        "name": "壹东方网咖·电竞(桃林花开店)",
        "category": "sports",
        "type": "体育休闲服务;娱乐场所;网吧",
        "district": "成华区",
        "weight": 1
      }
    },
    {
      "type": "Feature",
      "geometry": {
        "type": "Point",
        "coordinates": [
          104.120499,
          30.68111
        ]
      },
      "properties": {
        "name": "四川成都弓兵团俱乐部",
        "category": "sports",
        "type": "体育休闲服务;娱乐场所;娱乐场所",
        "district": "成华区",
        "weight": 1
      }
    },
    {
      "type": "Feature",
      "geometry": {
        "type": "Point",
        "coordinates": [
          104.116998,
          30.683815
        ]
      },
      "properties": {
        "name": "香烟棋牌",
        "category": "sports",
        "type": "体育休闲服务;娱乐场所;棋牌室",
        "district": "成华区",
        "weight": 1
      }
    },
    {
      "type": "Feature",
      "geometry": {
        "type": "Point",
        "coordinates": [
          104.12072,
          30.682455
        ]
      },
      "properties": {
        "name": "我所遇见的生活DIY",
        "category": "sports",
        "type": "体育休闲服务;体育休闲服务场所;体育休闲服务场所",
        "district": "成华区",
        "weight": 1
      }
    },
    {
      "type": "Feature",
      "geometry": {
        "type": "Point",
        "coordinates": [
          104.133119,
          30.686314
        ]
      },
      "properties": {
        "name": "机车厂影剧院",
        "category": "sports",
        "type": "体育休闲服务;影剧院;电影院",
        "district": "成华区",
        "weight": 2
      }
    },
    {
      "type": "Feature",
      "geometry": {
        "type": "Point",
        "coordinates": [
          104.12746,
          30.685747
        ]
      },
      "properties": {
        "name": "东华社区老年活动中心",
        "category": "sports",
        "type": "体育休闲服务;休闲场所;休闲场所",
        "district": "成华区",
        "weight": 1
      }
    },
    {
      "type": "Feature",
      "geometry": {
        "type": "Point",
        "coordinates": [
          104.12379,
          30.68286
        ]
      },
      "properties": {
        "name": "情系网咖",
        "category": "sports",
        "type": "体育休闲服务;娱乐场所;网吧",
        "district": "成华区",
        "weight": 2
      }
    },
    {
      "type": "Feature",
      "geometry": {
        "type": "Point",
        "coordinates": [
          104.132164,
          30.68217
        ]
      },
      "properties": {
        "name": "寒雨轩网吧",
        "category": "sports",
        "type": "体育休闲服务;娱乐场所;网吧",
        "district": "成华区",
        "weight": 1
      }
    },
    {
      "type": "Feature",
      "geometry": {
        "type": "Point",
        "coordinates": [
          104.134107,
          30.683964
        ]
      },
      "properties": {
        "name": "绿色网吧(下涧槽路)",
        "category": "sports",
        "type": "体育休闲服务;娱乐场所;网吧",
        "district": "成华区",
        "weight": 2
      }
    },
    {
      "type": "Feature",
      "geometry": {
        "type": "Point",
        "coordinates": [
          104.136056,
          30.685145
        ]
      },
      "properties": {
        "name": "星空纵情海网络会所",
        "category": "sports",
        "type": "体育休闲服务;娱乐场所;网吧",
        "district": "成华区",
        "weight": 1
      }
    },
    {
      "type": "Feature",
      "geometry": {
        "type": "Point",
        "coordinates": [
          104.141392,
          30.686706
        ]
      },
      "properties": {
        "name": "美宾游泳",
        "category": "sports",
        "type": "体育休闲服务;运动场馆;运动场所",
        "district": "成华区",
        "weight": 1
      }
    },
    {
      "type": "Feature",
      "geometry": {
        "type": "Point",
        "coordinates": [
          104.137974,
          30.684741
        ]
      },
      "properties": {
        "name": "标点网咖",
        "category": "sports",
        "type": "体育休闲服务;娱乐场所;网吧",
        "district": "成华区",
        "weight": 1
      }
    },
    {
      "type": "Feature",
      "geometry": {
        "type": "Point",
        "coordinates": [
          104.138662,
          30.683582
        ]
      },
      "properties": {
        "name": "纵横驰骋网咖",
        "category": "sports",
        "type": "体育休闲服务;娱乐场所;网吧",
        "district": "成华区",
        "weight": 2
      }
    },
    {
      "type": "Feature",
      "geometry": {
        "type": "Point",
        "coordinates": [
          104.138277,
          30.680334
        ]
      },
      "properties": {
        "name": "一点缘网吧(二仙桥北路)",
        "category": "sports",
        "type": "体育休闲服务;娱乐场所;网吧",
        "district": "成华区",
        "weight": 1
      }
    },
    {
      "type": "Feature",
      "geometry": {
        "type": "Point",
        "coordinates": [
          104.150743,
          30.684182
        ]
      },
      "properties": {
        "name": "黑桃K",
        "category": "sports",
        "type": "体育休闲服务;娱乐场所;KTV",
        "district": "成华区",
        "weight": 3
      }
    },
    {
      "type": "Feature",
      "geometry": {
        "type": "Point",
        "coordinates": [
          104.14441,
          30.679836
        ]
      },
      "properties": {
        "name": "尚豪瑜伽",
        "category": "sports",
        "type": "体育休闲服务;运动场馆;健身中心",
        "district": "成华区",
        "weight": 3
      }
    },
    {
      "type": "Feature",
      "geometry": {
        "type": "Point",
        "coordinates": [
          104.151553,
          30.684998
        ]
      },
      "properties": {
        "name": "净瑜伽",
        "category": "sports",
        "type": "体育休闲服务;运动场馆;健身中心",
        "district": "成华区",
        "weight": 1
      }
    },
    {
      "type": "Feature",
      "geometry": {
        "type": "Point",
        "coordinates": [
          104.147487,
          30.689368
        ]
      },
      "properties": {
        "name": "茶机麻棋牌",
        "category": "sports",
        "type": "体育休闲服务;娱乐场所;棋牌室",
        "district": "成华区",
        "weight": 1
      }
    },
    {
      "type": "Feature",
      "geometry": {
        "type": "Point",
        "coordinates": [
          104.181565,
          30.688988
        ]
      },
      "properties": {
        "name": "往来",
        "category": "sports",
        "type": "体育休闲服务;娱乐场所;酒吧",
        "district": "成华区",
        "weight": 1
      }
    },
    {
      "type": "Feature",
      "geometry": {
        "type": "Point",
        "coordinates": [
          103.967367,
          30.672074
        ]
      },
      "properties": {
        "name": "恒温游泳",
        "category": "sports",
        "type": "体育休闲服务;运动场馆;游泳馆",
        "district": "青羊区",
        "weight": 2
      }
    },
    {
      "type": "Feature",
      "geometry": {
        "type": "Point",
        "coordinates": [
          103.96703,
          30.675953
        ]
      },
      "properties": {
        "name": "潮流网咖",
        "category": "sports",
        "type": "体育休闲服务;娱乐场所;网吧",
        "district": "青羊区",
        "weight": 3
      }
    },
    {
      "type": "Feature",
      "geometry": {
        "type": "Point",
        "coordinates": [
          103.972833,
          30.671908
        ]
      },
      "properties": {
        "name": "轻点奇迹网吧",
        "category": "sports",
        "type": "体育休闲服务;娱乐场所;网吧",
        "district": "青羊区",
        "weight": 1
      }
    },
    {
      "type": "Feature",
      "geometry": {
        "type": "Point",
        "coordinates": [
          103.964681,
          30.675213
        ]
      },
      "properties": {
        "name": "丛林网咖(光华北二路)",
        "category": "sports",
        "type": "体育休闲服务;娱乐场所;网吧",
        "district": "青羊区",
        "weight": 1
      }
    },
    {
      "type": "Feature",
      "geometry": {
        "type": "Point",
        "coordinates": [
          103.972085,
          30.678402
        ]
      },
      "properties": {
        "name": "万达五国皇家大马戏节",
        "category": "sports",
        "type": "体育休闲服务;体育休闲服务场所;体育休闲服务场所",
        "district": "青羊区",
        "weight": 1
      }
    },
    {
      "type": "Feature",
      "geometry": {
        "type": "Point",
        "coordinates": [
          103.970016,
          30.674421
        ]
      },
      "properties": {
        "name": "探索者健身",
        "category": "sports",
        "type": "体育休闲服务;运动场馆;健身中心",
        "district": "青羊区",
        "weight": 1
      }
    },
    {
      "type": "Feature",
      "geometry": {
        "type": "Point",
        "coordinates": [
          103.973405,
          30.673768
        ]
      },
      "properties": {
        "name": "时代网咖(光华店)",
        "category": "sports",
        "type": "体育休闲服务;娱乐场所;网吧",
        "district": "青羊区",
        "weight": 1
      }
    },
    {
      "type": "Feature",
      "geometry": {
        "type": "Point",
        "coordinates": [
          103.982571,
          30.674815
        ]
      },
      "properties": {
        "name": "强友快乐网咖",
        "category": "sports",
        "type": "体育休闲服务;娱乐场所;网吧",
        "district": "青羊区",
        "weight": 1
      }
    },
    {
      "type": "Feature",
      "geometry": {
        "type": "Point",
        "coordinates": [
          103.98209,
          30.671961
        ]
      },
      "properties": {
        "name": "e线网吧",
        "category": "sports",
        "type": "体育休闲服务;娱乐场所;网吧",
        "district": "青羊区",
        "weight": 1
      }
    },
    {
      "type": "Feature",
      "geometry": {
        "type": "Point",
        "coordinates": [
          103.976121,
          30.674028
        ]
      },
      "properties": {
        "name": "沙陶屋",
        "category": "sports",
        "type": "体育休闲服务;体育休闲服务场所;体育休闲服务场所",
        "district": "青羊区",
        "weight": 1
      }
    },
    {
      "type": "Feature",
      "geometry": {
        "type": "Point",
        "coordinates": [
          103.976902,
          30.67562
        ]
      },
      "properties": {
        "name": "思必好无限网咖",
        "category": "sports",
        "type": "体育休闲服务;娱乐场所;网吧",
        "district": "青羊区",
        "weight": 1
      }
    },
    {
      "type": "Feature",
      "geometry": {
        "type": "Point",
        "coordinates": [
          103.991896,
          30.673914
        ]
      },
      "properties": {
        "name": "暗影岛网咖",
        "category": "sports",
        "type": "体育休闲服务;娱乐场所;网吧",
        "district": "青羊区",
        "weight": 2
      }
    },
    {
      "type": "Feature",
      "geometry": {
        "type": "Point",
        "coordinates": [
          103.985982,
          30.677946
        ]
      },
      "properties": {
        "name": "鑫愿网咖",
        "category": "sports",
        "type": "体育休闲服务;娱乐场所;网吧",
        "district": "青羊区",
        "weight": 8
      }
    },
    {
      "type": "Feature",
      "geometry": {
        "type": "Point",
        "coordinates": [
          103.990453,
          30.672965
        ]
      },
      "properties": {
        "name": "大晟网咖",
        "category": "sports",
        "type": "体育休闲服务;娱乐场所;网吧",
        "district": "青羊区",
        "weight": 5
      }
    },
    {
      "type": "Feature",
      "geometry": {
        "type": "Point",
        "coordinates": [
          103.988792,
          30.673541
        ]
      },
      "properties": {
        "name": "极指道网络生活馆",
        "category": "sports",
        "type": "体育休闲服务;娱乐场所;网吧",
        "district": "青羊区",
        "weight": 1
      }
    },
    {
      "type": "Feature",
      "geometry": {
        "type": "Point",
        "coordinates": [
          103.991448,
          30.671581
        ]
      },
      "properties": {
        "name": "道格韦恩健身游泳馆",
        "category": "sports",
        "type": "体育休闲服务;运动场馆;游泳馆",
        "district": "青羊区",
        "weight": 1
      }
    },
    {
      "type": "Feature",
      "geometry": {
        "type": "Point",
        "coordinates": [
          103.989491,
          30.674808
        ]
      },
      "properties": {
        "name": "音色酒吧",
        "category": "sports",
        "type": "体育休闲服务;娱乐场所;酒吧",
        "district": "青羊区",
        "weight": 1
      }
    },
    {
      "type": "Feature",
      "geometry": {
        "type": "Point",
        "coordinates": [
          103.987809,
          30.673097
        ]
      },
      "properties": {
        "name": "双新路社区党员、群众活动室",
        "category": "sports",
        "type": "体育休闲服务;休闲场所;休闲场所",
        "district": "青羊区",
        "weight": 1
      }
    },
    {
      "type": "Feature",
      "geometry": {
        "type": "Point",
        "coordinates": [
          103.983915,
          30.671157
        ]
      },
      "properties": {
        "name": "青羊区苏坡中鹏社区老年活动中心",
        "category": "sports",
        "type": "体育休闲服务;休闲场所;休闲场所",
        "district": "青羊区",
        "weight": 1
      }
    },
    {
      "type": "Feature",
      "geometry": {
        "type": "Point",
        "coordinates": [
          104.003448,
          30.674772
        ]
      },
      "properties": {
        "name": "成都霓裳休闲健身工作室(清江店)",
        "category": "sports",
        "type": "体育休闲服务;体育休闲服务场所;体育休闲服务场所",
        "district": "青羊区",
        "weight": 1
      }
    },
    {
      "type": "Feature",
      "geometry": {
        "type": "Point",
        "coordinates": [
          103.99716,
          30.678122
        ]
      },
      "properties": {
        "name": "歌王国际",
        "category": "sports",
        "type": "体育休闲服务;娱乐场所;KTV",
        "district": "青羊区",
        "weight": 21
      }
    },
    {
      "type": "Feature",
      "geometry": {
        "type": "Point",
        "coordinates": [
          103.997304,
          30.675709
        ]
      },
      "properties": {
        "name": "思必好新蟲蟲网吧",
        "category": "sports",
        "type": "体育休闲服务;娱乐场所;网吧",
        "district": "青羊区",
        "weight": 1
      }
    },
    {
      "type": "Feature",
      "geometry": {
        "type": "Point",
        "coordinates": [
          104.001261,
          30.676016
        ]
      },
      "properties": {
        "name": "永利演艺厅",
        "category": "sports",
        "type": "体育休闲服务;娱乐场所;娱乐场所",
        "district": "青羊区",
        "weight": 3
      }
    },
    {
      "type": "Feature",
      "geometry": {
        "type": "Point",
        "coordinates": [
          103.999925,
          30.67799
        ]
      },
      "properties": {
        "name": "华府金沙游泳池",
        "category": "sports",
        "type": "体育休闲服务;运动场馆;游泳馆",
        "district": "青羊区",
        "weight": 3
      }
    },
    {
      "type": "Feature",
      "geometry": {
        "type": "Point",
        "coordinates": [
          103.994405,
          30.678315
        ]
      },
      "properties": {
        "name": "凯丽美域游泳池",
        "category": "sports",
        "type": "体育休闲服务;运动场馆;游泳馆",
        "district": "青羊区",
        "weight": 1
      }
    },
    {
      "type": "Feature",
      "geometry": {
        "type": "Point",
        "coordinates": [
          103.99981,
          30.673191
        ]
      },
      "properties": {
        "name": "艾斯酒吧",
        "category": "sports",
        "type": "体育休闲服务;娱乐场所;酒吧",
        "district": "青羊区",
        "weight": 6
      }
    },
    {
      "type": "Feature",
      "geometry": {
        "type": "Point",
        "coordinates": [
          104.001472,
          30.674151
        ]
      },
      "properties": {
        "name": "壹九吧",
        "category": "sports",
        "type": "体育休闲服务;娱乐场所;酒吧",
        "district": "青羊区",
        "weight": 7
      }
    },
    {
      "type": "Feature",
      "geometry": {
        "type": "Point",
        "coordinates": [
          104.000937,
          30.678823
        ]
      },
      "properties": {
        "name": "云雾网咖",
        "category": "sports",
        "type": "体育休闲服务;娱乐场所;网吧",
        "district": "青羊区",
        "weight": 2
      }
    },
    {
      "type": "Feature",
      "geometry": {
        "type": "Point",
        "coordinates": [
          103.994522,
          30.672699
        ]
      },
      "properties": {
        "name": "青羊双新社区朗力托老所",
        "category": "sports",
        "type": "体育休闲服务;度假疗养场所;疗养院",
        "district": "青羊区",
        "weight": 2
      }
    },
    {
      "type": "Feature",
      "geometry": {
        "type": "Point",
        "coordinates": [
          103.99843,
          30.675481
        ]
      },
      "properties": {
        "name": "森源泉网咖",
        "category": "sports",
        "type": "体育休闲服务;娱乐场所;网吧",
        "district": "青羊区",
        "weight": 1
      }
    },
    {
      "type": "Feature",
      "geometry": {
        "type": "Point",
        "coordinates": [
          103.995787,
          30.67297
        ]
      },
      "properties": {
        "name": "上指选网络生活馆",
        "category": "sports",
        "type": "体育休闲服务;娱乐场所;网吧",
        "district": "青羊区",
        "weight": 1
      }
    },
    {
      "type": "Feature",
      "geometry": {
        "type": "Point",
        "coordinates": [
          103.996542,
          30.670749
        ]
      },
      "properties": {
        "name": "棋牌茶",
        "category": "sports",
        "type": "体育休闲服务;体育休闲服务场所;体育休闲服务场所",
        "district": "青羊区",
        "weight": 1
      }
    },
    {
      "type": "Feature",
      "geometry": {
        "type": "Point",
        "coordinates": [
          104.002165,
          30.669939
        ]
      },
      "properties": {
        "name": "博瑞都市花园网球场",
        "category": "sports",
        "type": "体育休闲服务;运动场馆;网球场",
        "district": "青羊区",
        "weight": 1
      }
    },
    {
      "type": "Feature",
      "geometry": {
        "type": "Point",
        "coordinates": [
          104.000311,
          30.670399
        ]
      },
      "properties": {
        "name": "祝福娱乐活动中心(贝双街)",
        "category": "sports",
        "type": "体育休闲服务;娱乐场所;娱乐场所",
        "district": "青羊区",
        "weight": 1
      }
    },
    {
      "type": "Feature",
      "geometry": {
        "type": "Point",
        "coordinates": [
          103.99987,
          30.675462
        ]
      },
      "properties": {
        "name": "新阳光健康家园游泳池",
        "category": "sports",
        "type": "体育休闲服务;体育休闲服务场所;体育休闲服务场所",
        "district": "青羊区",
        "weight": 1
      }
    },
    {
      "type": "Feature",
      "geometry": {
        "type": "Point",
        "coordinates": [
          103.998597,
          30.671378
        ]
      },
      "properties": {
        "name": "贝森路社区中老年活动室",
        "category": "sports",
        "type": "体育休闲服务;娱乐场所;棋牌室",
        "district": "青羊区",
        "weight": 1
      }
    },
    {
      "type": "Feature",
      "geometry": {
        "type": "Point",
        "coordinates": [
          104.001563,
          30.677011
        ]
      },
      "properties": {
        "name": "太平洋电影成",
        "category": "sports",
        "type": "体育休闲服务;体育休闲服务场所;体育休闲服务场所",
        "district": "青羊区",
        "weight": 1
      }
    },
    {
      "type": "Feature",
      "geometry": {
        "type": "Point",
        "coordinates": [
          104.006971,
          30.670247
        ]
      },
      "properties": {
        "name": "麻雀休闲坊",
        "category": "sports",
        "type": "体育休闲服务;娱乐场所;棋牌室",
        "district": "青羊区",
        "weight": 3
      }
    },
    {
      "type": "Feature",
      "geometry": {
        "type": "Point",
        "coordinates": [
          104.00864,
          30.678425
        ]
      },
      "properties": {
        "name": "盛朝娱乐",
        "category": "sports",
        "type": "体育休闲服务;娱乐场所;娱乐场所",
        "district": "青羊区",
        "weight": 3
      }
    },
    {
      "type": "Feature",
      "geometry": {
        "type": "Point",
        "coordinates": [
          104.006375,
          30.672969
        ]
      },
      "properties": {
        "name": "梦想剧场",
        "category": "sports",
        "type": "体育休闲服务;影剧院;剧场",
        "district": "青羊区",
        "weight": 13
      }
    },
    {
      "type": "Feature",
      "geometry": {
        "type": "Point",
        "coordinates": [
          104.006488,
          30.678176
        ]
      },
      "properties": {
        "name": "木府",
        "category": "sports",
        "type": "体育休闲服务;娱乐场所;酒吧",
        "district": "青羊区",
        "weight": 12
      }
    },
    {
      "type": "Feature",
      "geometry": {
        "type": "Point",
        "coordinates": [
          104.011752,
          30.675079
        ]
      },
      "properties": {
        "name": "了凡瑜伽",
        "category": "sports",
        "type": "体育休闲服务;运动场馆;健身中心",
        "district": "青羊区",
        "weight": 3
      }
    },
    {
      "type": "Feature",
      "geometry": {
        "type": "Point",
        "coordinates": [
          104.013249,
          30.674057
        ]
      },
      "properties": {
        "name": "格子空间网络",
        "category": "sports",
        "type": "体育休闲服务;娱乐场所;网吧",
        "district": "青羊区",
        "weight": 3
      }
    },
    {
      "type": "Feature",
      "geometry": {
        "type": "Point",
        "coordinates": [
          104.011086,
          30.673662
        ]
      },
      "properties": {
        "name": "川藏老兵车友俱乐部",
        "category": "sports",
        "type": "体育休闲服务;娱乐场所;娱乐场所",
        "district": "青羊区",
        "weight": 3
      }
    },
    {
      "type": "Feature",
      "geometry": {
        "type": "Point",
        "coordinates": [
          104.009323,
          30.677339
        ]
      },
      "properties": {
        "name": "格子网吧",
        "category": "sports",
        "type": "体育休闲服务;娱乐场所;网吧",
        "district": "青羊区",
        "weight": 1
      }
    },
    {
      "type": "Feature",
      "geometry": {
        "type": "Point",
        "coordinates": [
          104.004139,
          30.67207
        ]
      },
      "properties": {
        "name": "爱和华集团俱乐部",
        "category": "sports",
        "type": "体育休闲服务;体育休闲服务场所;体育休闲服务场所",
        "district": "青羊区",
        "weight": 1
      }
    },
    {
      "type": "Feature",
      "geometry": {
        "type": "Point",
        "coordinates": [
          104.014099,
          30.673405
        ]
      },
      "properties": {
        "name": "正义跆拳道馆",
        "category": "sports",
        "type": "体育休闲服务;运动场馆;跆拳道场馆",
        "district": "青羊区",
        "weight": 9
      }
    },
    {
      "type": "Feature",
      "geometry": {
        "type": "Point",
        "coordinates": [
          104.004459,
          30.669816
        ]
      },
      "properties": {
        "name": "尼罗文化肚皮舞瑜伽馆",
        "category": "sports",
        "type": "体育休闲服务;运动场馆;健身中心",
        "district": "青羊区",
        "weight": 1
      }
    },
    {
      "type": "Feature",
      "geometry": {
        "type": "Point",
        "coordinates": [
          104.011309,
          30.669523
        ]
      },
      "properties": {
        "name": "西南财经大学光华校区成教院学生活动中心",
        "category": "sports",
        "type": "体育休闲服务;休闲场所;休闲场所",
        "district": "青羊区",
        "weight": 1
      }
    },
    {
      "type": "Feature",
      "geometry": {
        "type": "Point",
        "coordinates": [
          104.008286,
          30.67302
        ]
      },
      "properties": {
        "name": "西南财经大学光华校区篮球场(西区)",
        "category": "sports",
        "type": "体育休闲服务;运动场馆;篮球场馆",
        "district": "青羊区",
        "weight": 1
      }
    },
    {
      "type": "Feature",
      "geometry": {
        "type": "Point",
        "coordinates": [
          104.015963,
          30.675885
        ]
      },
      "properties": {
        "name": "柳木屋",
        "category": "sports",
        "type": "体育休闲服务;娱乐场所;酒吧",
        "district": "青羊区",
        "weight": 21
      }
    },
    {
      "type": "Feature",
      "geometry": {
        "type": "Point",
        "coordinates": [
          104.021327,
          30.673468
        ]
      },
      "properties": {
        "name": "以间会友",
        "category": "sports",
        "type": "体育休闲服务;体育休闲服务场所;体育休闲服务场所",
        "district": "青羊区",
        "weight": 5
      }
    },
    {
      "type": "Feature",
      "geometry": {
        "type": "Point",
        "coordinates": [
          104.020475,
          30.674294
        ]
      },
      "properties": {
        "name": "巴可·激光巨幕厅",
        "category": "sports",
        "type": "体育休闲服务;影剧院;电影院",
        "district": "青羊区",
        "weight": 1
      }
    },
    {
      "type": "Feature",
      "geometry": {
        "type": "Point",
        "coordinates": [
          104.02293,
          30.671717
        ]
      },
      "properties": {
        "name": "紫罗兰",
        "category": "sports",
        "type": "体育休闲服务;娱乐场所;迪厅",
        "district": "青羊区",
        "weight": 3
      }
    },
    {
      "type": "Feature",
      "geometry": {
        "type": "Point",
        "coordinates": [
          104.017094,
          30.679446
        ]
      },
      "properties": {
        "name": "半生缘网络",
        "category": "sports",
        "type": "体育休闲服务;娱乐场所;网吧",
        "district": "青羊区",
        "weight": 1
      }
    },
    {
      "type": "Feature",
      "geometry": {
        "type": "Point",
        "coordinates": [
          104.021182,
          30.675959
        ]
      },
      "properties": {
        "name": "时光网吧(罗家碾街)",
        "category": "sports",
        "type": "体育休闲服务;娱乐场所;网吧",
        "district": "青羊区",
        "weight": 1
      }
    },
    {
      "type": "Feature",
      "geometry": {
        "type": "Point",
        "coordinates": [
          104.018112,
          30.670828
        ]
      },
      "properties": {
        "name": "边度酒吧",
        "category": "sports",
        "type": "体育休闲服务;娱乐场所;酒吧",
        "district": "青羊区",
        "weight": 12
      }
    },
    {
      "type": "Feature",
      "geometry": {
        "type": "Point",
        "coordinates": [
          104.018932,
          30.676615
        ]
      },
      "properties": {
        "name": "半糖网吧(战旗店)",
        "category": "sports",
        "type": "体育休闲服务;娱乐场所;网吧",
        "district": "青羊区",
        "weight": 3
      }
    },
    {
      "type": "Feature",
      "geometry": {
        "type": "Point",
        "coordinates": [
          104.021618,
          30.679255
        ]
      },
      "properties": {
        "name": "极地音乐酒水吧",
        "category": "sports",
        "type": "体育休闲服务;娱乐场所;酒吧",
        "district": "青羊区",
        "weight": 1
      }
    },
    {
      "type": "Feature",
      "geometry": {
        "type": "Point",
        "coordinates": [
          104.015298,
          30.677098
        ]
      },
      "properties": {
        "name": "千寻多米网络会馆",
        "category": "sports",
        "type": "体育休闲服务;娱乐场所;网吧",
        "district": "青羊区",
        "weight": 1
      }
    },
    {
      "type": "Feature",
      "geometry": {
        "type": "Point",
        "coordinates": [
          104.019438,
          30.673061
        ]
      },
      "properties": {
        "name": "遇见(二环路西二段)",
        "category": "sports",
        "type": "体育休闲服务;娱乐场所;网吧",
        "district": "青羊区",
        "weight": 1
      }
    },
    {
      "type": "Feature",
      "geometry": {
        "type": "Point",
        "coordinates": [
          104.024031,
          30.66941
        ]
      },
      "properties": {
        "name": "悠闲茶",
        "category": "sports",
        "type": "体育休闲服务;娱乐场所;娱乐场所",
        "district": "青羊区",
        "weight": 8
      }
    },
    {
      "type": "Feature",
      "geometry": {
        "type": "Point",
        "coordinates": [
          104.025738,
          30.670643
        ]
      },
      "properties": {
        "name": "青羊区瑞吉养老服务中心",
        "category": "sports",
        "type": "体育休闲服务;度假疗养场所;疗养院",
        "district": "青羊区",
        "weight": 1
      }
    },
    {
      "type": "Feature",
      "geometry": {
        "type": "Point",
        "coordinates": [
          104.028645,
          30.674706
        ]
      },
      "properties": {
        "name": "雅园农家乐",
        "category": "sports",
        "type": "体育休闲服务;休闲场所;休闲场所",
        "district": "青羊区",
        "weight": 1
      }
    },
    {
      "type": "Feature",
      "geometry": {
        "type": "Point",
        "coordinates": [
          104.030136,
          30.671529
        ]
      },
      "properties": {
        "name": "熙临KTV",
        "category": "sports",
        "type": "体育休闲服务;娱乐场所;KTV",
        "district": "青羊区",
        "weight": 7
      }
    },
    {
      "type": "Feature",
      "geometry": {
        "type": "Point",
        "coordinates": [
          104.027005,
          30.671893
        ]
      },
      "properties": {
        "name": "兰苑养老中心成都办事处",
        "category": "sports",
        "type": "体育休闲服务;体育休闲服务场所;体育休闲服务场所",
        "district": "青羊区",
        "weight": 1
      }
    },
    {
      "type": "Feature",
      "geometry": {
        "type": "Point",
        "coordinates": [
          104.030976,
          30.677429
        ]
      },
      "properties": {
        "name": "狂野练歌房",
        "category": "sports",
        "type": "体育休闲服务;娱乐场所;KTV",
        "district": "金牛区",
        "weight": 2
      }
    },
    {
      "type": "Feature",
      "geometry": {
        "type": "Point",
        "coordinates": [
          104.030133,
          30.679425
        ]
      },
      "properties": {
        "name": "阿迪达斯青少年足球训练营",
        "category": "sports",
        "type": "体育休闲服务;运动场馆;足球场",
        "district": "金牛区",
        "weight": 1
      }
    },
    {
      "type": "Feature",
      "geometry": {
        "type": "Point",
        "coordinates": [
          104.025961,
          30.677514
        ]
      },
      "properties": {
        "name": "光速网吧",
        "category": "sports",
        "type": "体育休闲服务;娱乐场所;网吧",
        "district": "青羊区",
        "weight": 9
      }
    },
    {
      "type": "Feature",
      "geometry": {
        "type": "Point",
        "coordinates": [
          104.027159,
          30.670386
        ]
      },
      "properties": {
        "name": "不重要",
        "category": "sports",
        "type": "体育休闲服务;休闲场所;休闲场所",
        "district": "青羊区",
        "weight": 2
      }
    },
    {
      "type": "Feature",
      "geometry": {
        "type": "Point",
        "coordinates": [
          104.032191,
          30.677356
        ]
      },
      "properties": {
        "name": "文华坊",
        "category": "sports",
        "type": "体育休闲服务;娱乐场所;棋牌室",
        "district": "金牛区",
        "weight": 3
      }
    },
    {
      "type": "Feature",
      "geometry": {
        "type": "Point",
        "coordinates": [
          104.030624,
          30.673819
        ]
      },
      "properties": {
        "name": "夏木酒馆",
        "category": "sports",
        "type": "体育休闲服务;娱乐场所;酒吧",
        "district": "金牛区",
        "weight": 3
      }
    },
    {
      "type": "Feature",
      "geometry": {
        "type": "Point",
        "coordinates": [
          104.025656,
          30.675148
        ]
      },
      "properties": {
        "name": "辐射网吧",
        "category": "sports",
        "type": "体育休闲服务;娱乐场所;网吧",
        "district": "青羊区",
        "weight": 1
      }
    },
    {
      "type": "Feature",
      "geometry": {
        "type": "Point",
        "coordinates": [
          104.030606,
          30.675746
        ]
      },
      "properties": {
        "name": "回忆水酒吧",
        "category": "sports",
        "type": "体育休闲服务;娱乐场所;酒吧",
        "district": "金牛区",
        "weight": 1
      }
    },
    {
      "type": "Feature",
      "geometry": {
        "type": "Point",
        "coordinates": [
          104.031585,
          30.669507
        ]
      },
      "properties": {
        "name": "清馨e网天下网吧",
        "category": "sports",
        "type": "体育休闲服务;娱乐场所;网吧",
        "district": "青羊区",
        "weight": 1
      }
    },
    {
      "type": "Feature",
      "geometry": {
        "type": "Point",
        "coordinates": [
          104.025267,
          30.671946
        ]
      },
      "properties": {
        "name": "梵若瑜伽国际会所",
        "category": "sports",
        "type": "体育休闲服务;运动场馆;健身中心",
        "district": "青羊区",
        "weight": 1
      }
    },
    {
      "type": "Feature",
      "geometry": {
        "type": "Point",
        "coordinates": [
          104.024188,
          30.677676
        ]
      },
      "properties": {
        "name": "清馨茶园",
        "category": "sports",
        "type": "体育休闲服务;娱乐场所;棋牌室",
        "district": "青羊区",
        "weight": 2
      }
    },
    {
      "type": "Feature",
      "geometry": {
        "type": "Point",
        "coordinates": [
          104.024224,
          30.676752
        ]
      },
      "properties": {
        "name": "老弯弯茶·棋牌",
        "category": "sports",
        "type": "体育休闲服务;娱乐场所;棋牌室",
        "district": "青羊区",
        "weight": 2
      }
    },
    {
      "type": "Feature",
      "geometry": {
        "type": "Point",
        "coordinates": [
          104.027425,
          30.675835
        ]
      },
      "properties": {
        "name": "晚霞敬老院",
        "category": "sports",
        "type": "体育休闲服务;度假疗养场所;疗养院",
        "district": "青羊区",
        "weight": 1
      }
    },
    {
      "type": "Feature",
      "geometry": {
        "type": "Point",
        "coordinates": [
          104.03221,
          30.673593
        ]
      },
      "properties": {
        "name": "力秀机麻棋牌(百寿路)",
        "category": "sports",
        "type": "体育休闲服务;娱乐场所;棋牌室",
        "district": "金牛区",
        "weight": 1
      }
    },
    {
      "type": "Feature",
      "geometry": {
        "type": "Point",
        "coordinates": [
          104.024067,
          30.67526
        ]
      },
      "properties": {
        "name": "文汇棋牌苑",
        "category": "sports",
        "type": "体育休闲服务;体育休闲服务场所;体育休闲服务场所",
        "district": "青羊区",
        "weight": 1
      }
    },
    {
      "type": "Feature",
      "geometry": {
        "type": "Point",
        "coordinates": [
          104.0336,
          30.669913
        ]
      },
      "properties": {
        "name": "屋顶花园休闲世界",
        "category": "sports",
        "type": "体育休闲服务;休闲场所;休闲场所",
        "district": "青羊区",
        "weight": 1
      }
    },
    {
      "type": "Feature",
      "geometry": {
        "type": "Point",
        "coordinates": [
          104.034786,
          30.674745
        ]
      },
      "properties": {
        "name": "青西服务站",
        "category": "sports",
        "type": "体育休闲服务;娱乐场所;棋牌室",
        "district": "金牛区",
        "weight": 2
      }
    },
    {
      "type": "Feature",
      "geometry": {
        "type": "Point",
        "coordinates": [
          104.037903,
          30.678064
        ]
      },
      "properties": {
        "name": "成都市新声剧场",
        "category": "sports",
        "type": "体育休闲服务;影剧院;剧场",
        "district": "金牛区",
        "weight": 1
      }
    },
    {
      "type": "Feature",
      "geometry": {
        "type": "Point",
        "coordinates": [
          104.04239,
          30.676084
        ]
      },
      "properties": {
        "name": "民族大舞台",
        "category": "sports",
        "type": "体育休闲服务;影剧院;音乐厅",
        "district": "金牛区",
        "weight": 12
      }
    },
    {
      "type": "Feature",
      "geometry": {
        "type": "Point",
        "coordinates": [
          104.033806,
          30.672787
        ]
      },
      "properties": {
        "name": "依伊音乐吧",
        "category": "sports",
        "type": "体育休闲服务;娱乐场所;KTV",
        "district": "金牛区",
        "weight": 1
      }
    },
    {
      "type": "Feature",
      "geometry": {
        "type": "Point",
        "coordinates": [
          104.036133,
          30.6757
        ]
      },
      "properties": {
        "name": "传奇网络沙龙",
        "category": "sports",
        "type": "体育休闲服务;娱乐场所;网吧",
        "district": "金牛区",
        "weight": 2
      }
    },
    {
      "type": "Feature",
      "geometry": {
        "type": "Point",
        "coordinates": [
          104.038596,
          30.673676
        ]
      },
      "properties": {
        "name": "祺园",
        "category": "sports",
        "type": "体育休闲服务;娱乐场所;棋牌室",
        "district": "金牛区",
        "weight": 9
      }
    },
    {
      "type": "Feature",
      "geometry": {
        "type": "Point",
        "coordinates": [
          104.039427,
          30.678867
        ]
      },
      "properties": {
        "name": "圣珈瑜伽(一环路西三段)",
        "category": "sports",
        "type": "体育休闲服务;运动场馆;健身中心",
        "district": "金牛区",
        "weight": 1
      }
    },
    {
      "type": "Feature",
      "geometry": {
        "type": "Point",
        "coordinates": [
          104.037323,
          30.675973
        ]
      },
      "properties": {
        "name": "今生约定酒吧",
        "category": "sports",
        "type": "体育休闲服务;娱乐场所;酒吧",
        "district": "金牛区",
        "weight": 1
      }
    },
    {
      "type": "Feature",
      "geometry": {
        "type": "Point",
        "coordinates": [
          104.035392,
          30.672492
        ]
      },
      "properties": {
        "name": "神秘岛网咖",
        "category": "sports",
        "type": "体育休闲服务;娱乐场所;网吧",
        "district": "金牛区",
        "weight": 2
      }
    },
    {
      "type": "Feature",
      "geometry": {
        "type": "Point",
        "coordinates": [
          104.040948,
          30.670947
        ]
      },
      "properties": {
        "name": "智灵网络",
        "category": "sports",
        "type": "体育休闲服务;娱乐场所;网吧",
        "district": "金牛区",
        "weight": 1
      }
    },
    {
      "type": "Feature",
      "geometry": {
        "type": "Point",
        "coordinates": [
          104.035153,
          30.677927
        ]
      },
      "properties": {
        "name": "金琴南路社区健身房",
        "category": "sports",
        "type": "体育休闲服务;运动场馆;健身中心",
        "district": "金牛区",
        "weight": 6
      }
    },
    {
      "type": "Feature",
      "geometry": {
        "type": "Point",
        "coordinates": [
          104.042648,
          30.670493
        ]
      },
      "properties": {
        "name": "龙之飞腾网络会所",
        "category": "sports",
        "type": "体育休闲服务;娱乐场所;网吧",
        "district": "金牛区",
        "weight": 2
      }
    },
    {
      "type": "Feature",
      "geometry": {
        "type": "Point",
        "coordinates": [
          104.043558,
          30.67401
        ]
      },
      "properties": {
        "name": "青阳北路社区家长学校活动中心",
        "category": "sports",
        "type": "体育休闲服务;娱乐场所;娱乐场所",
        "district": "金牛区",
        "weight": 1
      }
    },
    {
      "type": "Feature",
      "geometry": {
        "type": "Point",
        "coordinates": [
          104.051456,
          30.669916
        ]
      },
      "properties": {
        "name": "荷泥",
        "category": "sports",
        "type": "体育休闲服务;娱乐场所;酒吧",
        "district": "青羊区",
        "weight": 23
      }
    },
    {
      "type": "Feature",
      "geometry": {
        "type": "Point",
        "coordinates": [
          104.045836,
          30.672481
        ]
      },
      "properties": {
        "name": "青羊区游泳场",
        "category": "sports",
        "type": "体育休闲服务;运动场馆;游泳馆",
        "district": "金牛区",
        "weight": 4
      }
    },
    {
      "type": "Feature",
      "geometry": {
        "type": "Point",
        "coordinates": [
          104.046817,
          30.670505
        ]
      },
      "properties": {
        "name": "二楼网咖",
        "category": "sports",
        "type": "体育休闲服务;娱乐场所;网吧",
        "district": "金牛区",
        "weight": 3
      }
    },
    {
      "type": "Feature",
      "geometry": {
        "type": "Point",
        "coordinates": [
          104.051322,
          30.677064
        ]
      },
      "properties": {
        "name": "八号营地",
        "category": "sports",
        "type": "体育休闲服务;休闲场所;露营地",
        "district": "青羊区",
        "weight": 2
      }
    },
    {
      "type": "Feature",
      "geometry": {
        "type": "Point",
        "coordinates": [
          104.050023,
          30.675885
        ]
      },
      "properties": {
        "name": "水瓶座网吧",
        "category": "sports",
        "type": "体育休闲服务;娱乐场所;网吧",
        "district": "青羊区",
        "weight": 3
      }
    },
    {
      "type": "Feature",
      "geometry": {
        "type": "Point",
        "coordinates": [
          104.052802,
          30.67662
        ]
      },
      "properties": {
        "name": "流浪猫动漫",
        "category": "sports",
        "type": "体育休闲服务;娱乐场所;游戏厅",
        "district": "青羊区",
        "weight": 4
      }
    },
    {
      "type": "Feature",
      "geometry": {
        "type": "Point",
        "coordinates": [
          104.046509,
          30.675482
        ]
      },
      "properties": {
        "name": "都市农家乐",
        "category": "sports",
        "type": "体育休闲服务;休闲场所;休闲场所",
        "district": "金牛区",
        "weight": 8
      }
    },
    {
      "type": "Feature",
      "geometry": {
        "type": "Point",
        "coordinates": [
          104.048299,
          30.678551
        ]
      },
      "properties": {
        "name": "浓馨歌舞城",
        "category": "sports",
        "type": "体育休闲服务;娱乐场所;夜总会",
        "district": "金牛区",
        "weight": 6
      }
    },
    {
      "type": "Feature",
      "geometry": {
        "type": "Point",
        "coordinates": [
          104.045273,
          30.679149
        ]
      },
      "properties": {
        "name": "锦城世家恒温游泳馆",
        "category": "sports",
        "type": "体育休闲服务;运动场馆;游泳馆",
        "district": "金牛区",
        "weight": 1
      }
    },
    {
      "type": "Feature",
      "geometry": {
        "type": "Point",
        "coordinates": [
          104.050705,
          30.674775
        ]
      },
      "properties": {
        "name": "火焰鸟网吧",
        "category": "sports",
        "type": "体育休闲服务;娱乐场所;网吧",
        "district": "青羊区",
        "weight": 1
      }
    },
    {
      "type": "Feature",
      "geometry": {
        "type": "Point",
        "coordinates": [
          104.049683,
          30.672148
        ]
      },
      "properties": {
        "name": "棱镜竞技网络馆",
        "category": "sports",
        "type": "体育休闲服务;娱乐场所;网吧",
        "district": "青羊区",
        "weight": 1
      }
    },
    {
      "type": "Feature",
      "geometry": {
        "type": "Point",
        "coordinates": [
          104.049539,
          30.673517
        ]
      },
      "properties": {
        "name": "泸天化酒店-台球室",
        "category": "sports",
        "type": "体育休闲服务;运动场馆;台球厅",
        "district": "青羊区",
        "weight": 2
      }
    },
    {
      "type": "Feature",
      "geometry": {
        "type": "Point",
        "coordinates": [
          104.046631,
          30.677337
        ]
      },
      "properties": {
        "name": "宇海网咖",
        "category": "sports",
        "type": "体育休闲服务;娱乐场所;网吧",
        "district": "金牛区",
        "weight": 1
      }
    },
    {
      "type": "Feature",
      "geometry": {
        "type": "Point",
        "coordinates": [
          104.052626,
          30.672392
        ]
      },
      "properties": {
        "name": "弈圃棋社",
        "category": "sports",
        "type": "体育休闲服务;娱乐场所;棋牌室",
        "district": "青羊区",
        "weight": 1
      }
    },
    {
      "type": "Feature",
      "geometry": {
        "type": "Point",
        "coordinates": [
          104.051382,
          30.672973
        ]
      },
      "properties": {
        "name": "飘香棋牌室",
        "category": "sports",
        "type": "体育休闲服务;娱乐场所;棋牌室",
        "district": "青羊区",
        "weight": 1
      }
    },
    {
      "type": "Feature",
      "geometry": {
        "type": "Point",
        "coordinates": [
          104.055142,
          30.675624
        ]
      },
      "properties": {
        "name": "川浏网吧",
        "category": "sports",
        "type": "体育休闲服务;娱乐场所;网吧",
        "district": "青羊区",
        "weight": 31
      }
    },
    {
      "type": "Feature",
      "geometry": {
        "type": "Point",
        "coordinates": [
          104.062419,
          30.67282
        ]
      },
      "properties": {
        "name": "沙漏网咖",
        "category": "sports",
        "type": "体育休闲服务;娱乐场所;网吧",
        "district": "青羊区",
        "weight": 30
      }
    },
    {
      "type": "Feature",
      "geometry": {
        "type": "Point",
        "coordinates": [
          104.05983,
          30.673933
        ]
      },
      "properties": {
        "name": "空中花园游泳池",
        "category": "sports",
        "type": "体育休闲服务;运动场馆;游泳馆",
        "district": "青羊区",
        "weight": 2
      }
    },
    {
      "type": "Feature",
      "geometry": {
        "type": "Point",
        "coordinates": [
          104.058839,
          30.674821
        ]
      },
      "properties": {
        "name": "迦叶瑜伽",
        "category": "sports",
        "type": "体育休闲服务;运动场馆;健身中心",
        "district": "青羊区",
        "weight": 2
      }
    },
    {
      "type": "Feature",
      "geometry": {
        "type": "Point",
        "coordinates": [
          104.062411,
          30.677136
        ]
      },
      "properties": {
        "name": "新华宾馆康乐中心",
        "category": "sports",
        "type": "体育休闲服务;体育休闲服务场所;体育休闲服务场所",
        "district": "青羊区",
        "weight": 4
      }
    },
    {
      "type": "Feature",
      "geometry": {
        "type": "Point",
        "coordinates": [
          104.053915,
          30.671203
        ]
      },
      "properties": {
        "name": "金柜商务娱乐会所KTV",
        "category": "sports",
        "type": "体育休闲服务;娱乐场所;娱乐场所",
        "district": "青羊区",
        "weight": 3
      }
    },
    {
      "type": "Feature",
      "geometry": {
        "type": "Point",
        "coordinates": [
          104.063049,
          30.675542
        ]
      },
      "properties": {
        "name": "单身群快乐俱乐部",
        "category": "sports",
        "type": "体育休闲服务;娱乐场所;娱乐场所",
        "district": "青羊区",
        "weight": 1
      }
    },
    {
      "type": "Feature",
      "geometry": {
        "type": "Point",
        "coordinates": [
          104.055218,
          30.672274
        ]
      },
      "properties": {
        "name": "浮游吧",
        "category": "sports",
        "type": "体育休闲服务;娱乐场所;酒吧",
        "district": "青羊区",
        "weight": 4
      }
    },
    {
      "type": "Feature",
      "geometry": {
        "type": "Point",
        "coordinates": [
          104.055963,
          30.678239
        ]
      },
      "properties": {
        "name": "青羊区老干部活动中心",
        "category": "sports",
        "type": "体育休闲服务;休闲场所;休闲场所",
        "district": "青羊区",
        "weight": 1
      }
    },
    {
      "type": "Feature",
      "geometry": {
        "type": "Point",
        "coordinates": [
          104.05868,
          30.676285
        ]
      },
      "properties": {
        "name": "钓鱼岛",
        "category": "sports",
        "type": "体育休闲服务;体育休闲服务场所;体育休闲服务场所",
        "district": "青羊区",
        "weight": 3
      }
    },
    {
      "type": "Feature",
      "geometry": {
        "type": "Point",
        "coordinates": [
          104.057582,
          30.677417
        ]
      },
      "properties": {
        "name": "823户外俱乐部",
        "category": "sports",
        "type": "体育休闲服务;体育休闲服务场所;体育休闲服务场所",
        "district": "青羊区",
        "weight": 1
      }
    },
    {
      "type": "Feature",
      "geometry": {
        "type": "Point",
        "coordinates": [
          104.060643,
          30.676313
        ]
      },
      "properties": {
        "name": "棋牌茶",
        "category": "sports",
        "type": "体育休闲服务;体育休闲服务场所;体育休闲服务场所",
        "district": "青羊区",
        "weight": 3
      }
    },
    {
      "type": "Feature",
      "geometry": {
        "type": "Point",
        "coordinates": [
          104.057519,
          30.67246
        ]
      },
      "properties": {
        "name": "品茗·文艺活动公益活动中心",
        "category": "sports",
        "type": "体育休闲服务;体育休闲服务场所;体育休闲服务场所",
        "district": "青羊区",
        "weight": 1
      }
    },
    {
      "type": "Feature",
      "geometry": {
        "type": "Point",
        "coordinates": [
          104.065963,
          30.676313
        ]
      },
      "properties": {
        "name": "二五八棋牌",
        "category": "sports",
        "type": "体育休闲服务;娱乐场所;棋牌室",
        "district": "青羊区",
        "weight": 7
      }
    },
    {
      "type": "Feature",
      "geometry": {
        "type": "Point",
        "coordinates": [
          104.074395,
          30.67509
        ]
      },
      "properties": {
        "name": "网季网咖",
        "category": "sports",
        "type": "体育休闲服务;娱乐场所;网吧",
        "district": "青羊区",
        "weight": 29
      }
    },
    {
      "type": "Feature",
      "geometry": {
        "type": "Point",
        "coordinates": [
          104.070437,
          30.671853
        ]
      },
      "properties": {
        "name": "云龙俱乐部",
        "category": "sports",
        "type": "体育休闲服务;娱乐场所;KTV",
        "district": "青羊区",
        "weight": 5
      }
    },
    {
      "type": "Feature",
      "geometry": {
        "type": "Point",
        "coordinates": [
          104.068543,
          30.672275
        ]
      },
      "properties": {
        "name": "温莎KTV(成都顺城店)",
        "category": "sports",
        "type": "体育休闲服务;娱乐场所;KTV",
        "district": "青羊区",
        "weight": 1
      }
    },
    {
      "type": "Feature",
      "geometry": {
        "type": "Point",
        "coordinates": [
          104.067745,
          30.667425
        ]
      },
      "properties": {
        "name": "好哇网",
        "category": "sports",
        "type": "体育休闲服务;体育休闲服务场所;体育休闲服务场所",
        "district": "青羊区",
        "weight": 47
      }
    },
    {
      "type": "Feature",
      "geometry": {
        "type": "Point",
        "coordinates": [
          104.071037,
          30.675846
        ]
      },
      "properties": {
        "name": "天府曲苑",
        "category": "sports",
        "type": "体育休闲服务;影剧院;剧场",
        "district": "青羊区",
        "weight": 2
      }
    },
    {
      "type": "Feature",
      "geometry": {
        "type": "Point",
        "coordinates": [
          104.073076,
          30.671704
        ]
      },
      "properties": {
        "name": "星程金地饭店KTV歌厅",
        "category": "sports",
        "type": "体育休闲服务;娱乐场所;KTV",
        "district": "青羊区",
        "weight": 1
      }
    },
    {
      "type": "Feature",
      "geometry": {
        "type": "Point",
        "coordinates": [
          104.071672,
          30.677248
        ]
      },
      "properties": {
        "name": "九州财富企业家俱乐部",
        "category": "sports",
        "type": "体育休闲服务;体育休闲服务场所;体育休闲服务场所",
        "district": "青羊区",
        "weight": 1
      }
    },
    {
      "type": "Feature",
      "geometry": {
        "type": "Point",
        "coordinates": [
          104.06395,
          30.677912
        ]
      },
      "properties": {
        "name": "网球场",
        "category": "sports",
        "type": "体育休闲服务;运动场馆;网球场",
        "district": "青羊区",
        "weight": 1
      }
    },
    {
      "type": "Feature",
      "geometry": {
        "type": "Point",
        "coordinates": [
          104.064819,
          30.669755
        ]
      },
      "properties": {
        "name": "成都帝盛君豪酒店-健身房",
        "category": "sports",
        "type": "体育休闲服务;运动场馆;健身中心",
        "district": "青羊区",
        "weight": 2
      }
    },
    {
      "type": "Feature",
      "geometry": {
        "type": "Point",
        "coordinates": [
          104.070591,
          30.670241
        ]
      },
      "properties": {
        "name": "半糖网吧(顺城店)",
        "category": "sports",
        "type": "体育休闲服务;娱乐场所;网吧",
        "district": "青羊区",
        "weight": 1
      }
    },
    {
      "type": "Feature",
      "geometry": {
        "type": "Point",
        "coordinates": [
          104.06443,
          30.670681
        ]
      },
      "properties": {
        "name": "刘三姐棋牌室",
        "category": "sports",
        "type": "体育休闲服务;娱乐场所;棋牌室",
        "district": "青羊区",
        "weight": 1
      }
    },
    {
      "type": "Feature",
      "geometry": {
        "type": "Point",
        "coordinates": [
          104.069446,
          30.674858
        ]
      },
      "properties": {
        "name": "吃住快乐",
        "category": "sports",
        "type": "体育休闲服务;娱乐场所;娱乐场所",
        "district": "青羊区",
        "weight": 3
      }
    },
    {
      "type": "Feature",
      "geometry": {
        "type": "Point",
        "coordinates": [
          104.068268,
          30.67089
        ]
      },
      "properties": {
        "name": "棋牌小酒屋",
        "category": "sports",
        "type": "体育休闲服务;娱乐场所;棋牌室",
        "district": "青羊区",
        "weight": 2
      }
    },
    {
      "type": "Feature",
      "geometry": {
        "type": "Point",
        "coordinates": [
          104.082162,
          30.676549
        ]
      },
      "properties": {
        "name": "静轩网咖",
        "category": "sports",
        "type": "体育休闲服务;娱乐场所;网吧",
        "district": "金牛区",
        "weight": 8
      }
    },
    {
      "type": "Feature",
      "geometry": {
        "type": "Point",
        "coordinates": [
          104.076936,
          30.673556
        ]
      },
      "properties": {
        "name": "西南剧院",
        "category": "sports",
        "type": "体育休闲服务;影剧院;剧场",
        "district": "青羊区",
        "weight": 1
      }
    },
    {
      "type": "Feature",
      "geometry": {
        "type": "Point",
        "coordinates": [
          104.076568,
          30.669982
        ]
      },
      "properties": {
        "name": "青木网咖",
        "category": "sports",
        "type": "体育休闲服务;娱乐场所;网吧",
        "district": "青羊区",
        "weight": 8
      }
    },
    {
      "type": "Feature",
      "geometry": {
        "type": "Point",
        "coordinates": [
          104.080223,
          30.670073
        ]
      },
      "properties": {
        "name": "顺丰苑",
        "category": "sports",
        "type": "体育休闲服务;娱乐场所;棋牌室",
        "district": "青羊区",
        "weight": 4
      }
    },
    {
      "type": "Feature",
      "geometry": {
        "type": "Point",
        "coordinates": [
          104.081854,
          30.674714
        ]
      },
      "properties": {
        "name": "娱乐网吧",
        "category": "sports",
        "type": "体育休闲服务;娱乐场所;网吧",
        "district": "青羊区",
        "weight": 2
      }
    },
    {
      "type": "Feature",
      "geometry": {
        "type": "Point",
        "coordinates": [
          104.078984,
          30.67303
        ]
      },
      "properties": {
        "name": "正能量健身(太升北路)",
        "category": "sports",
        "type": "体育休闲服务;运动场馆;健身中心",
        "district": "青羊区",
        "weight": 2
      }
    },
    {
      "type": "Feature",
      "geometry": {
        "type": "Point",
        "coordinates": [
          104.08033,
          30.67202
        ]
      },
      "properties": {
        "name": "Q网吧",
        "category": "sports",
        "type": "体育休闲服务;娱乐场所;网吧",
        "district": "青羊区",
        "weight": 6
      }
    },
    {
      "type": "Feature",
      "geometry": {
        "type": "Point",
        "coordinates": [
          104.080096,
          30.674352
        ]
      },
      "properties": {
        "name": "六加一健身馆",
        "category": "sports",
        "type": "体育休闲服务;运动场馆;健身中心",
        "district": "青羊区",
        "weight": 2
      }
    },
    {
      "type": "Feature",
      "geometry": {
        "type": "Point",
        "coordinates": [
          104.07493,
          30.670824
        ]
      },
      "properties": {
        "name": "茶牌室",
        "category": "sports",
        "type": "体育休闲服务;体育休闲服务场所;体育休闲服务场所",
        "district": "青羊区",
        "weight": 3
      }
    },
    {
      "type": "Feature",
      "geometry": {
        "type": "Point",
        "coordinates": [
          104.078116,
          30.671409
        ]
      },
      "properties": {
        "name": "金钥匙密室逃脱",
        "category": "sports",
        "type": "体育休闲服务;娱乐场所;娱乐场所",
        "district": "青羊区",
        "weight": 1
      }
    },
    {
      "type": "Feature",
      "geometry": {
        "type": "Point",
        "coordinates": [
          104.07759,
          30.677951
        ]
      },
      "properties": {
        "name": "府河象棋",
        "category": "sports",
        "type": "体育休闲服务;娱乐场所;棋牌室",
        "district": "金牛区",
        "weight": 2
      }
    },
    {
      "type": "Feature",
      "geometry": {
        "type": "Point",
        "coordinates": [
          104.08266,
          30.671968
        ]
      },
      "properties": {
        "name": "小关庙社区老人活动中心",
        "category": "sports",
        "type": "体育休闲服务;休闲场所;休闲场所",
        "district": "青羊区",
        "weight": 1
      }
    },
    {
      "type": "Feature",
      "geometry": {
        "type": "Point",
        "coordinates": [
          104.075921,
          30.672133
        ]
      },
      "properties": {
        "name": "玉泉棋牌室",
        "category": "sports",
        "type": "体育休闲服务;娱乐场所;棋牌室",
        "district": "青羊区",
        "weight": 1
      }
    },
    {
      "type": "Feature",
      "geometry": {
        "type": "Point",
        "coordinates": [
          104.079485,
          30.679333
        ]
      },
      "properties": {
        "name": "珍珍麻将馆",
        "category": "sports",
        "type": "体育休闲服务;娱乐场所;棋牌室",
        "district": "金牛区",
        "weight": 1
      }
    },
    {
      "type": "Feature",
      "geometry": {
        "type": "Point",
        "coordinates": [
          104.074462,
          30.669457
        ]
      },
      "properties": {
        "name": "四川省盐业总公司老年活动室",
        "category": "sports",
        "type": "体育休闲服务;休闲场所;休闲场所",
        "district": "青羊区",
        "weight": 1
      }
    },
    {
      "type": "Feature",
      "geometry": {
        "type": "Point",
        "coordinates": [
          104.08203,
          30.670611
        ]
      },
      "properties": {
        "name": "黑客",
        "category": "sports",
        "type": "体育休闲服务;体育休闲服务场所;体育休闲服务场所",
        "district": "青羊区",
        "weight": 1
      }
    },
    {
      "type": "Feature",
      "geometry": {
        "type": "Point",
        "coordinates": [
          104.07819,
          30.66945
        ]
      },
      "properties": {
        "name": "皇派玛咖",
        "category": "sports",
        "type": "体育休闲服务;体育休闲服务场所;体育休闲服务场所",
        "district": "青羊区",
        "weight": 3
      }
    },
    {
      "type": "Feature",
      "geometry": {
        "type": "Point",
        "coordinates": [
          104.078335,
          30.673966
        ]
      },
      "properties": {
        "name": "张哥棋牌",
        "category": "sports",
        "type": "体育休闲服务;娱乐场所;棋牌室",
        "district": "青羊区",
        "weight": 1
      }
    },
    {
      "type": "Feature",
      "geometry": {
        "type": "Point",
        "coordinates": [
          104.088276,
          30.672599
        ]
      },
      "properties": {
        "name": "康莱KTV量贩",
        "category": "sports",
        "type": "体育休闲服务;娱乐场所;KTV",
        "district": "成华区",
        "weight": 3
      }
    },
    {
      "type": "Feature",
      "geometry": {
        "type": "Point",
        "coordinates": [
          104.090598,
          30.672657
        ]
      },
      "properties": {
        "name": "泰莱仕网球俱乐部",
        "category": "sports",
        "type": "体育休闲服务;运动场馆;运动场所",
        "district": "成华区",
        "weight": 2
      }
    },
    {
      "type": "Feature",
      "geometry": {
        "type": "Point",
        "coordinates": [
          104.085933,
          30.670305
        ]
      },
      "properties": {
        "name": "成都群力俱乐部",
        "category": "sports",
        "type": "体育休闲服务;运动场馆;运动场所",
        "district": "锦江区",
        "weight": 3
      }
    },
    {
      "type": "Feature",
      "geometry": {
        "type": "Point",
        "coordinates": [
          104.08408,
          30.678964
        ]
      },
      "properties": {
        "name": "缘份天空网咖",
        "category": "sports",
        "type": "体育休闲服务;娱乐场所;网吧",
        "district": "金牛区",
        "weight": 1
      }
    },
    {
      "type": "Feature",
      "geometry": {
        "type": "Point",
        "coordinates": [
          104.090688,
          30.670847
        ]
      },
      "properties": {
        "name": "欢乐海洋剧场",
        "category": "sports",
        "type": "体育休闲服务;影剧院;剧场",
        "district": "成华区",
        "weight": 1
      }
    },
    {
      "type": "Feature",
      "geometry": {
        "type": "Point",
        "coordinates": [
          104.088227,
          30.679215
        ]
      },
      "properties": {
        "name": "金色年代KTV(马鞍街)",
        "category": "sports",
        "type": "体育休闲服务;娱乐场所;KTV",
        "district": "金牛区",
        "weight": 1
      }
    },
    {
      "type": "Feature",
      "geometry": {
        "type": "Point",
        "coordinates": [
          104.091611,
          30.679308
        ]
      },
      "properties": {
        "name": "可可网咖(一环路北四段)",
        "category": "sports",
        "type": "体育休闲服务;娱乐场所;网吧",
        "district": "金牛区",
        "weight": 1
      }
    },
    {
      "type": "Feature",
      "geometry": {
        "type": "Point",
        "coordinates": [
          104.090114,
          30.675948
        ]
      },
      "properties": {
        "name": "海联网咖",
        "category": "sports",
        "type": "体育休闲服务;娱乐场所;网吧",
        "district": "成华区",
        "weight": 1
      }
    },
    {
      "type": "Feature",
      "geometry": {
        "type": "Point",
        "coordinates": [
          104.092318,
          30.67559
        ]
      },
      "properties": {
        "name": "麻将馆",
        "category": "sports",
        "type": "体育休闲服务;娱乐场所;棋牌室",
        "district": "成华区",
        "weight": 1
      }
    },
    {
      "type": "Feature",
      "geometry": {
        "type": "Point",
        "coordinates": [
          104.093566,
          30.67376
        ]
      },
      "properties": {
        "name": "漫谷",
        "category": "sports",
        "type": "体育休闲服务;体育休闲服务场所;体育休闲服务场所",
        "district": "成华区",
        "weight": 2
      }
    },
    {
      "type": "Feature",
      "geometry": {
        "type": "Point",
        "coordinates": [
          104.088158,
          30.670087
        ]
      },
      "properties": {
        "name": "梅林",
        "category": "sports",
        "type": "体育休闲服务;娱乐场所;棋牌室",
        "district": "锦江区",
        "weight": 2
      }
    },
    {
      "type": "Feature",
      "geometry": {
        "type": "Point",
        "coordinates": [
          104.090391,
          30.674189
        ]
      },
      "properties": {
        "name": "七上八下自由岛主题轰趴馆(财富又一城店)",
        "category": "sports",
        "type": "体育休闲服务;娱乐场所;娱乐场所",
        "district": "成华区",
        "weight": 1
      }
    },
    {
      "type": "Feature",
      "geometry": {
        "type": "Point",
        "coordinates": [
          104.095582,
          30.677656
        ]
      },
      "properties": {
        "name": "电子科技大学沙河校区体育馆",
        "category": "sports",
        "type": "体育休闲服务;运动场馆;综合体育馆",
        "district": "成华区",
        "weight": 5
      }
    },
    {
      "type": "Feature",
      "geometry": {
        "type": "Point",
        "coordinates": [
          104.096362,
          30.671518
        ]
      },
      "properties": {
        "name": "东茗居休闲坊",
        "category": "sports",
        "type": "体育休闲服务;体育休闲服务场所;体育休闲服务场所",
        "district": "成华区",
        "weight": 2
      }
    },
    {
      "type": "Feature",
      "geometry": {
        "type": "Point",
        "coordinates": [
          104.09625,
          30.676564
        ]
      },
      "properties": {
        "name": "天翼3G校园体育馆",
        "category": "sports",
        "type": "体育休闲服务;运动场馆;综合体育馆",
        "district": "成华区",
        "weight": 1
      }
    },
    {
      "type": "Feature",
      "geometry": {
        "type": "Point",
        "coordinates": [
          104.096843,
          30.678904
        ]
      },
      "properties": {
        "name": "电子科技大学沙河校区体育场",
        "category": "sports",
        "type": "体育休闲服务;运动场馆;运动场所",
        "district": "成华区",
        "weight": 1
      }
    },
    {
      "type": "Feature",
      "geometry": {
        "type": "Point",
        "coordinates": [
          104.101067,
          30.671985
        ]
      },
      "properties": {
        "name": "乐悠游",
        "category": "sports",
        "type": "体育休闲服务;休闲场所;游乐场",
        "district": "成华区",
        "weight": 60
      }
    },
    {
      "type": "Feature",
      "geometry": {
        "type": "Point",
        "coordinates": [
          104.100956,
          30.673983
        ]
      },
      "properties": {
        "name": "跨越网络会所",
        "category": "sports",
        "type": "体育休闲服务;娱乐场所;网吧",
        "district": "成华区",
        "weight": 3
      }
    },
    {
      "type": "Feature",
      "geometry": {
        "type": "Point",
        "coordinates": [
          104.098294,
          30.670844
        ]
      },
      "properties": {
        "name": "飘逸KTV量贩歌城",
        "category": "sports",
        "type": "体育休闲服务;娱乐场所;KTV",
        "district": "成华区",
        "weight": 1
      }
    },
    {
      "type": "Feature",
      "geometry": {
        "type": "Point",
        "coordinates": [
          104.098589,
          30.673348
        ]
      },
      "properties": {
        "name": "Tipsy Bar",
        "category": "sports",
        "type": "体育休闲服务;娱乐场所;酒吧",
        "district": "成华区",
        "weight": 2
      }
    },
    {
      "type": "Feature",
      "geometry": {
        "type": "Point",
        "coordinates": [
          104.096452,
          30.673032
        ]
      },
      "properties": {
        "name": "丝雨网吧",
        "category": "sports",
        "type": "体育休闲服务;娱乐场所;网吧",
        "district": "成华区",
        "weight": 5
      }
    },
    {
      "type": "Feature",
      "geometry": {
        "type": "Point",
        "coordinates": [
          104.095068,
          30.675979
        ]
      },
      "properties": {
        "name": "传奇地带网吧",
        "category": "sports",
        "type": "体育休闲服务;娱乐场所;网吧",
        "district": "成华区",
        "weight": 3
      }
    },
    {
      "type": "Feature",
      "geometry": {
        "type": "Point",
        "coordinates": [
          104.103154,
          30.6714
        ]
      },
      "properties": {
        "name": "领跑健身游泳池(高地店)",
        "category": "sports",
        "type": "体育休闲服务;运动场馆;游泳馆",
        "district": "成华区",
        "weight": 1
      }
    },
    {
      "type": "Feature",
      "geometry": {
        "type": "Point",
        "coordinates": [
          104.093534,
          30.672491
        ]
      },
      "properties": {
        "name": "游乐园",
        "category": "sports",
        "type": "体育休闲服务;休闲场所;游乐场",
        "district": "成华区",
        "weight": 2
      }
    },
    {
      "type": "Feature",
      "geometry": {
        "type": "Point",
        "coordinates": [
          104.09744,
          30.67002
        ]
      },
      "properties": {
        "name": "金银顶娱乐KTV",
        "category": "sports",
        "type": "体育休闲服务;娱乐场所;KTV",
        "district": "成华区",
        "weight": 3
      }
    },
    {
      "type": "Feature",
      "geometry": {
        "type": "Point",
        "coordinates": [
          104.094804,
          30.667351
        ]
      },
      "properties": {
        "name": "寒舍酒馆",
        "category": "sports",
        "type": "体育休闲服务;体育休闲服务场所;体育休闲服务场所",
        "district": "成华区",
        "weight": 24
      }
    },
    {
      "type": "Feature",
      "geometry": {
        "type": "Point",
        "coordinates": [
          104.093929,
          30.678121
        ]
      },
      "properties": {
        "name": "南洋小区职工活动室",
        "category": "sports",
        "type": "体育休闲服务;休闲场所;休闲场所",
        "district": "成华区",
        "weight": 1
      }
    },
    {
      "type": "Feature",
      "geometry": {
        "type": "Point",
        "coordinates": [
          104.096287,
          30.675103
        ]
      },
      "properties": {
        "name": "电子科大宾馆棋牌室",
        "category": "sports",
        "type": "体育休闲服务;娱乐场所;棋牌室",
        "district": "成华区",
        "weight": 1
      }
    },
    {
      "type": "Feature",
      "geometry": {
        "type": "Point",
        "coordinates": [
          104.106794,
          30.677398
        ]
      },
      "properties": {
        "name": "悠游堂",
        "category": "sports",
        "type": "体育休闲服务;体育休闲服务场所;体育休闲服务场所",
        "district": "成华区",
        "weight": 8
      }
    },
    {
      "type": "Feature",
      "geometry": {
        "type": "Point",
        "coordinates": [
          104.109717,
          30.670989
        ]
      },
      "properties": {
        "name": "奇迹恒温游泳馆",
        "category": "sports",
        "type": "体育休闲服务;运动场馆;游泳馆",
        "district": "成华区",
        "weight": 14
      }
    },
    {
      "type": "Feature",
      "geometry": {
        "type": "Point",
        "coordinates": [
          104.105745,
          30.678745
        ]
      },
      "properties": {
        "name": "天伦网咖",
        "category": "sports",
        "type": "体育休闲服务;娱乐场所;网吧",
        "district": "成华区",
        "weight": 3
      }
    },
    {
      "type": "Feature",
      "geometry": {
        "type": "Point",
        "coordinates": [
          104.109319,
          30.674156
        ]
      },
      "properties": {
        "name": "室内恒温游泳馆",
        "category": "sports",
        "type": "体育休闲服务;运动场馆;游泳馆",
        "district": "成华区",
        "weight": 1
      }
    },
    {
      "type": "Feature",
      "geometry": {
        "type": "Point",
        "coordinates": [
          104.111656,
          30.677277
        ]
      },
      "properties": {
        "name": "东成音乐KTV",
        "category": "sports",
        "type": "体育休闲服务;娱乐场所;KTV",
        "district": "成华区",
        "weight": 1
      }
    },
    {
      "type": "Feature",
      "geometry": {
        "type": "Point",
        "coordinates": [
          104.106422,
          30.673514
        ]
      },
      "properties": {
        "name": "玩乐酒馆",
        "category": "sports",
        "type": "体育休闲服务;娱乐场所;酒吧",
        "district": "成华区",
        "weight": 9
      }
    },
    {
      "type": "Feature",
      "geometry": {
        "type": "Point",
        "coordinates": [
          104.112075,
          30.670744
        ]
      },
      "properties": {
        "name": "洪涛道馆",
        "category": "sports",
        "type": "体育休闲服务;运动场馆;跆拳道场馆",
        "district": "成华区",
        "weight": 2
      }
    },
    {
      "type": "Feature",
      "geometry": {
        "type": "Point",
        "coordinates": [
          104.10769,
          30.671842
        ]
      },
      "properties": {
        "name": "弓之道健身馆",
        "category": "sports",
        "type": "体育休闲服务;运动场馆;健身中心",
        "district": "成华区",
        "weight": 4
      }
    },
    {
      "type": "Feature",
      "geometry": {
        "type": "Point",
        "coordinates": [
          104.110862,
          30.675022
        ]
      },
      "properties": {
        "name": "龙锦网咖",
        "category": "sports",
        "type": "体育休闲服务;娱乐场所;网吧",
        "district": "成华区",
        "weight": 6
      }
    },
    {
      "type": "Feature",
      "geometry": {
        "type": "Point",
        "coordinates": [
          104.108569,
          30.672978
        ]
      },
      "properties": {
        "name": "正己弓社弓箭射击馆",
        "category": "sports",
        "type": "体育休闲服务;体育休闲服务场所;体育休闲服务场所",
        "district": "成华区",
        "weight": 1
      }
    },
    {
      "type": "Feature",
      "geometry": {
        "type": "Point",
        "coordinates": [
          104.109416,
          30.678304
        ]
      },
      "properties": {
        "name": "橘子网咖",
        "category": "sports",
        "type": "体育休闲服务;娱乐场所;网吧",
        "district": "成华区",
        "weight": 1
      }
    },
    {
      "type": "Feature",
      "geometry": {
        "type": "Point",
        "coordinates": [
          104.113086,
          30.671886
        ]
      },
      "properties": {
        "name": "静享·生活荟",
        "category": "sports",
        "type": "生活服务;美容美发店;美容美发店|体育休闲服务;休闲场所;休闲场所",
        "district": "成华区",
        "weight": 2
      }
    },
    {
      "type": "Feature",
      "geometry": {
        "type": "Point",
        "coordinates": [
          104.105308,
          30.670541
        ]
      },
      "properties": {
        "name": "畔溪苑",
        "category": "sports",
        "type": "体育休闲服务;娱乐场所;棋牌室",
        "district": "成华区",
        "weight": 1
      }
    },
    {
      "type": "Feature",
      "geometry": {
        "type": "Point",
        "coordinates": [
          104.108106,
          30.673954
        ]
      },
      "properties": {
        "name": "成都三佳健身(建设路店)",
        "category": "sports",
        "type": "体育休闲服务;运动场馆;健身中心",
        "district": "成华区",
        "weight": 2
      }
    },
    {
      "type": "Feature",
      "geometry": {
        "type": "Point",
        "coordinates": [
          104.12056,
          30.67154
        ]
      },
      "properties": {
        "name": "东岸",
        "category": "sports",
        "type": "体育休闲服务;休闲场所;休闲场所",
        "district": "成华区",
        "weight": 40
      }
    },
    {
      "type": "Feature",
      "geometry": {
        "type": "Point",
        "coordinates": [
          104.121768,
          30.674518
        ]
      },
      "properties": {
        "name": "阿里巴网咖",
        "category": "sports",
        "type": "体育休闲服务;娱乐场所;网吧",
        "district": "成华区",
        "weight": 4
      }
    },
    {
      "type": "Feature",
      "geometry": {
        "type": "Point",
        "coordinates": [
          104.11982,
          30.669226
        ]
      },
      "properties": {
        "name": "成都钱宝三联球迷公园",
        "category": "sports",
        "type": "体育休闲服务;运动场馆;运动场所",
        "district": "成华区",
        "weight": 2
      }
    },
    {
      "type": "Feature",
      "geometry": {
        "type": "Point",
        "coordinates": [
          104.114203,
          30.673578
        ]
      },
      "properties": {
        "name": "三缺一棋牌室(建兴路)",
        "category": "sports",
        "type": "体育休闲服务;娱乐场所;棋牌室",
        "district": "成华区",
        "weight": 1
      }
    },
    {
      "type": "Feature",
      "geometry": {
        "type": "Point",
        "coordinates": [
          104.122578,
          30.676294
        ]
      },
      "properties": {
        "name": "INTERNET",
        "category": "sports",
        "type": "体育休闲服务;体育休闲服务场所;体育休闲服务场所",
        "district": "成华区",
        "weight": 1
      }
    },
    {
      "type": "Feature",
      "geometry": {
        "type": "Point",
        "coordinates": [
          104.132457,
          30.67791
        ]
      },
      "properties": {
        "name": "普迦健身",
        "category": "sports",
        "type": "体育休闲服务;运动场馆;健身中心",
        "district": "成华区",
        "weight": 11
      }
    },
    {
      "type": "Feature",
      "geometry": {
        "type": "Point",
        "coordinates": [
          104.124152,
          30.675776
        ]
      },
      "properties": {
        "name": "依翠网吧",
        "category": "sports",
        "type": "体育休闲服务;娱乐场所;网吧",
        "district": "成华区",
        "weight": 2
      }
    },
    {
      "type": "Feature",
      "geometry": {
        "type": "Point",
        "coordinates": [
          104.12846,
          30.679168
        ]
      },
      "properties": {
        "name": "自定义网咖",
        "category": "sports",
        "type": "体育休闲服务;娱乐场所;网吧",
        "district": "成华区",
        "weight": 1
      }
    },
    {
      "type": "Feature",
      "geometry": {
        "type": "Point",
        "coordinates": [
          104.124595,
          30.671684
        ]
      },
      "properties": {
        "name": "伯林健身旗舰店",
        "category": "sports",
        "type": "体育休闲服务;运动场馆;健身中心",
        "district": "成华区",
        "weight": 1
      }
    },
    {
      "type": "Feature",
      "geometry": {
        "type": "Point",
        "coordinates": [
          104.129932,
          30.679145
        ]
      },
      "properties": {
        "name": "成都市成华区东区球场",
        "category": "sports",
        "type": "体育休闲服务;运动场馆;足球场",
        "district": "成华区",
        "weight": 1
      }
    },
    {
      "type": "Feature",
      "geometry": {
        "type": "Point",
        "coordinates": [
          104.137461,
          30.674837
        ]
      },
      "properties": {
        "name": "体育学院田径场",
        "category": "sports",
        "type": "体育休闲服务;运动场馆;运动场所",
        "district": "成华区",
        "weight": 9
      }
    },
    {
      "type": "Feature",
      "geometry": {
        "type": "Point",
        "coordinates": [
          104.13971,
          30.673718
        ]
      },
      "properties": {
        "name": "成都理工大学体育运动场",
        "category": "sports",
        "type": "体育休闲服务;运动场馆;运动场所",
        "district": "成华区",
        "weight": 1
      }
    },
    {
      "type": "Feature",
      "geometry": {
        "type": "Point",
        "coordinates": [
          104.140372,
          30.672308
        ]
      },
      "properties": {
        "name": "成都理工大学体育学院篮球场",
        "category": "sports",
        "type": "体育休闲服务;运动场馆;篮球场馆",
        "district": "成华区",
        "weight": 1
      }
    },
    {
      "type": "Feature",
      "geometry": {
        "type": "Point",
        "coordinates": [
          104.13568,
          30.673568
        ]
      },
      "properties": {
        "name": "茶机麻棋牌",
        "category": "sports",
        "type": "体育休闲服务;娱乐场所;棋牌室",
        "district": "成华区",
        "weight": 6
      }
    },
    {
      "type": "Feature",
      "geometry": {
        "type": "Point",
        "coordinates": [
          104.140238,
          30.675566
        ]
      },
      "properties": {
        "name": "欢乐中国网攀岩基地",
        "category": "sports",
        "type": "体育休闲服务;体育休闲服务场所;体育休闲服务场所",
        "district": "成华区",
        "weight": 3
      }
    },
    {
      "type": "Feature",
      "geometry": {
        "type": "Point",
        "coordinates": [
          104.133896,
          30.676004
        ]
      },
      "properties": {
        "name": "亮声KTV",
        "category": "sports",
        "type": "体育休闲服务;娱乐场所;KTV",
        "district": "成华区",
        "weight": 2
      }
    },
    {
      "type": "Feature",
      "geometry": {
        "type": "Point",
        "coordinates": [
          104.136155,
          30.676458
        ]
      },
      "properties": {
        "name": "学缘机麻",
        "category": "sports",
        "type": "体育休闲服务;娱乐场所;棋牌室",
        "district": "成华区",
        "weight": 6
      }
    },
    {
      "type": "Feature",
      "geometry": {
        "type": "Point",
        "coordinates": [
          104.139046,
          30.678268
        ]
      },
      "properties": {
        "name": "成都理工大学羽毛球场",
        "category": "sports",
        "type": "体育休闲服务;运动场馆;羽毛球场",
        "district": "成华区",
        "weight": 2
      }
    },
    {
      "type": "Feature",
      "geometry": {
        "type": "Point",
        "coordinates": [
          104.142824,
          30.675229
        ]
      },
      "properties": {
        "name": "领跑游泳(理工大学店)",
        "category": "sports",
        "type": "体育休闲服务;运动场馆;游泳馆",
        "district": "成华区",
        "weight": 1
      }
    },
    {
      "type": "Feature",
      "geometry": {
        "type": "Point",
        "coordinates": [
          104.141508,
          30.672577
        ]
      },
      "properties": {
        "name": "理工来力台球俱乐部",
        "category": "sports",
        "type": "体育休闲服务;运动场馆;台球厅",
        "district": "成华区",
        "weight": 2
      }
    },
    {
      "type": "Feature",
      "geometry": {
        "type": "Point",
        "coordinates": [
          104.138672,
          30.67266
        ]
      },
      "properties": {
        "name": "成都理工大学排球场",
        "category": "sports",
        "type": "体育休闲服务;运动场馆;运动场所",
        "district": "成华区",
        "weight": 4
      }
    },
    {
      "type": "Feature",
      "geometry": {
        "type": "Point",
        "coordinates": [
          104.138936,
          30.674794
        ]
      },
      "properties": {
        "name": "成都理工大学-研究生活动室",
        "category": "sports",
        "type": "体育休闲服务;休闲场所;休闲场所",
        "district": "成华区",
        "weight": 1
      }
    },
    {
      "type": "Feature",
      "geometry": {
        "type": "Point",
        "coordinates": [
          104.137009,
          30.67902
        ]
      },
      "properties": {
        "name": "博览网咖",
        "category": "sports",
        "type": "体育休闲服务;娱乐场所;网吧",
        "district": "成华区",
        "weight": 2
      }
    },
    {
      "type": "Feature",
      "geometry": {
        "type": "Point",
        "coordinates": [
          104.137342,
          30.671289
        ]
      },
      "properties": {
        "name": "彩云间羽毛球俱乐部",
        "category": "sports",
        "type": "体育休闲服务;运动场馆;羽毛球场",
        "district": "成华区",
        "weight": 1
      }
    },
    {
      "type": "Feature",
      "geometry": {
        "type": "Point",
        "coordinates": [
          104.134224,
          30.669816
        ]
      },
      "properties": {
        "name": "陈家花园麻将馆",
        "category": "sports",
        "type": "体育休闲服务;娱乐场所;棋牌室",
        "district": "成华区",
        "weight": 1
      }
    },
    {
      "type": "Feature",
      "geometry": {
        "type": "Point",
        "coordinates": [
          104.138785,
          30.677077
        ]
      },
      "properties": {
        "name": "成都理工大学篮球场(芙蓉路)",
        "category": "sports",
        "type": "体育休闲服务;运动场馆;篮球场馆",
        "district": "成华区",
        "weight": 1
      }
    },
    {
      "type": "Feature",
      "geometry": {
        "type": "Point",
        "coordinates": [
          104.143229,
          30.677441
        ]
      },
      "properties": {
        "name": "成都理工大学大学生创新创业俱乐部",
        "category": "sports",
        "type": "体育休闲服务;娱乐场所;娱乐场所",
        "district": "成华区",
        "weight": 1
      }
    },
    {
      "type": "Feature",
      "geometry": {
        "type": "Point",
        "coordinates": [
          104.150919,
          30.678713
        ]
      },
      "properties": {
        "name": "成都理工大学田径场",
        "category": "sports",
        "type": "体育休闲服务;运动场馆;运动场所",
        "district": "成华区",
        "weight": 2
      }
    },
    {
      "type": "Feature",
      "geometry": {
        "type": "Point",
        "coordinates": [
          104.146002,
          30.679129
        ]
      },
      "properties": {
        "name": "成都理工大学附属小学操场",
        "category": "sports",
        "type": "体育休闲服务;运动场馆;运动场所",
        "district": "成华区",
        "weight": 1
      }
    },
    {
      "type": "Feature",
      "geometry": {
        "type": "Point",
        "coordinates": [
          104.144456,
          30.678161
        ]
      },
      "properties": {
        "name": "成都理工大学离退休教职工第一活动室",
        "category": "sports",
        "type": "体育休闲服务;休闲场所;休闲场所",
        "district": "成华区",
        "weight": 1
      }
    },
    {
      "type": "Feature",
      "geometry": {
        "type": "Point",
        "coordinates": [
          104.149077,
          30.674791
        ]
      },
      "properties": {
        "name": "成都理工大学篮球场(圣关路)",
        "category": "sports",
        "type": "体育休闲服务;运动场馆;篮球场馆",
        "district": "成华区",
        "weight": 1
      }
    },
    {
      "type": "Feature",
      "geometry": {
        "type": "Point",
        "coordinates": [
          104.145935,
          30.673544
        ]
      },
      "properties": {
        "name": "成都理工大学地球物理学院学生公寓课外科技兴趣活动站",
        "category": "sports",
        "type": "体育休闲服务;休闲场所;休闲场所",
        "district": "成华区",
        "weight": 1
      }
    },
    {
      "type": "Feature",
      "geometry": {
        "type": "Point",
        "coordinates": [
          104.144022,
          30.67377
        ]
      },
      "properties": {
        "name": "成都理工大学篮球场(银杏路)",
        "category": "sports",
        "type": "体育休闲服务;运动场馆;篮球场馆",
        "district": "成华区",
        "weight": 1
      }
    },
    {
      "type": "Feature",
      "geometry": {
        "type": "Point",
        "coordinates": [
          104.149107,
          30.675726
        ]
      },
      "properties": {
        "name": "成都理工大学乒乓球场",
        "category": "sports",
        "type": "体育休闲服务;运动场馆;乒乓球馆",
        "district": "成华区",
        "weight": 1
      }
    },
    {
      "type": "Feature",
      "geometry": {
        "type": "Point",
        "coordinates": [
          104.15622,
          30.671111
        ]
      },
      "properties": {
        "name": "友一家农家乐",
        "category": "sports",
        "type": "体育休闲服务;休闲场所;休闲场所",
        "district": "成华区",
        "weight": 3
      }
    },
    {
      "type": "Feature",
      "geometry": {
        "type": "Point",
        "coordinates": [
          104.170164,
          30.677362
        ]
      },
      "properties": {
        "name": "极地生态农家乐",
        "category": "sports",
        "type": "体育休闲服务;休闲场所;休闲场所",
        "district": "成华区",
        "weight": 1
      }
    },
    {
      "type": "Feature",
      "geometry": {
        "type": "Point",
        "coordinates": [
          103.97337,
          30.668636
        ]
      },
      "properties": {
        "name": "极速星宇网吧",
        "category": "sports",
        "type": "体育休闲服务;娱乐场所;网吧",
        "district": "青羊区",
        "weight": 1
      }
    },
    {
      "type": "Feature",
      "geometry": {
        "type": "Point",
        "coordinates": [
          103.967561,
          30.660544
        ]
      },
      "properties": {
        "name": "聚友麻将馆",
        "category": "sports",
        "type": "体育休闲服务;娱乐场所;棋牌室",
        "district": "青羊区",
        "weight": 1
      }
    },
    {
      "type": "Feature",
      "geometry": {
        "type": "Point",
        "coordinates": [
          103.965427,
          30.667042
        ]
      },
      "properties": {
        "name": "顺发机麻",
        "category": "sports",
        "type": "体育休闲服务;娱乐场所;棋牌室",
        "district": "青羊区",
        "weight": 2
      }
    },
    {
      "type": "Feature",
      "geometry": {
        "type": "Point",
        "coordinates": [
          103.969804,
          30.665355
        ]
      },
      "properties": {
        "name": "自由麻将厅",
        "category": "sports",
        "type": "体育休闲服务;娱乐场所;棋牌室",
        "district": "青羊区",
        "weight": 1
      }
    },
    {
      "type": "Feature",
      "geometry": {
        "type": "Point",
        "coordinates": [
          103.978688,
          30.668371
        ]
      },
      "properties": {
        "name": "巴客台球休闲中心",
        "category": "sports",
        "type": "体育休闲服务;运动场馆;台球厅",
        "district": "青羊区",
        "weight": 1
      }
    },
    {
      "type": "Feature",
      "geometry": {
        "type": "Point",
        "coordinates": [
          103.983324,
          30.661235
        ]
      },
      "properties": {
        "name": "葡萄园",
        "category": "sports",
        "type": "体育休闲服务;休闲场所;采摘园",
        "district": "武侯区",
        "weight": 6
      }
    },
    {
      "type": "Feature",
      "geometry": {
        "type": "Point",
        "coordinates": [
          103.976054,
          30.667122
        ]
      },
      "properties": {
        "name": "淩速网吧",
        "category": "sports",
        "type": "体育休闲服务;娱乐场所;网吧",
        "district": "青羊区",
        "weight": 5
      }
    },
    {
      "type": "Feature",
      "geometry": {
        "type": "Point",
        "coordinates": [
          103.977937,
          30.661829
        ]
      },
      "properties": {
        "name": "时空引擎激战名鹰网络会所",
        "category": "sports",
        "type": "体育休闲服务;娱乐场所;网吧",
        "district": "青羊区",
        "weight": 1
      }
    },
    {
      "type": "Feature",
      "geometry": {
        "type": "Point",
        "coordinates": [
          103.979929,
          30.661174
        ]
      },
      "properties": {
        "name": "祥云网咖(万寿一路)",
        "category": "sports",
        "type": "体育休闲服务;娱乐场所;网吧",
        "district": "青羊区",
        "weight": 1
      }
    },
    {
      "type": "Feature",
      "geometry": {
        "type": "Point",
        "coordinates": [
          103.976078,
          30.662701
        ]
      },
      "properties": {
        "name": "上道剑灵网络会所",
        "category": "sports",
        "type": "体育休闲服务;娱乐场所;网吧",
        "district": "武侯区",
        "weight": 1
      }
    },
    {
      "type": "Feature",
      "geometry": {
        "type": "Point",
        "coordinates": [
          103.976813,
          30.664402
        ]
      },
      "properties": {
        "name": "X9音乐酒吧量贩KTV",
        "category": "sports",
        "type": "体育休闲服务;娱乐场所;KTV",
        "district": "青羊区",
        "weight": 1
      }
    },
    {
      "type": "Feature",
      "geometry": {
        "type": "Point",
        "coordinates": [
          103.974967,
          30.669098
        ]
      },
      "properties": {
        "name": "综合文化活动中心",
        "category": "sports",
        "type": "体育休闲服务;休闲场所;休闲场所",
        "district": "青羊区",
        "weight": 1
      }
    },
    {
      "type": "Feature",
      "geometry": {
        "type": "Point",
        "coordinates": [
          103.980945,
          30.667094
        ]
      },
      "properties": {
        "name": "林芝市老干部活动室(月华路)",
        "category": "sports",
        "type": "体育休闲服务;休闲场所;休闲场所",
        "district": "青羊区",
        "weight": 1
      }
    },
    {
      "type": "Feature",
      "geometry": {
        "type": "Point",
        "coordinates": [
          103.985758,
          30.6609
        ]
      },
      "properties": {
        "name": "馨益苑",
        "category": "sports",
        "type": "餐饮服务;休闲餐饮场所;休闲餐饮场所|体育休闲服务;休闲场所;休闲场所",
        "district": "武侯区",
        "weight": 7
      }
    },
    {
      "type": "Feature",
      "geometry": {
        "type": "Point",
        "coordinates": [
          103.98442,
          30.662697
        ]
      },
      "properties": {
        "name": "近水楼台(清水长道)",
        "category": "sports",
        "type": "餐饮服务;休闲餐饮场所;休闲餐饮场所|体育休闲服务;休闲场所;休闲场所",
        "district": "武侯区",
        "weight": 1
      }
    },
    {
      "type": "Feature",
      "geometry": {
        "type": "Point",
        "coordinates": [
          103.98808,
          30.664642
        ]
      },
      "properties": {
        "name": "天鹅湖高尔夫俱乐部",
        "category": "sports",
        "type": "体育休闲服务;高尔夫相关;高尔夫练习场|体育休闲服务;高尔夫相关;高尔夫球场",
        "district": "青羊区",
        "weight": 2
      }
    },
    {
      "type": "Feature",
      "geometry": {
        "type": "Point",
        "coordinates": [
          103.987338,
          30.667616
        ]
      },
      "properties": {
        "name": "青羊区残疾人托养中心",
        "category": "sports",
        "type": "体育休闲服务;度假疗养场所;疗养院",
        "district": "青羊区",
        "weight": 3
      }
    },
    {
      "type": "Feature",
      "geometry": {
        "type": "Point",
        "coordinates": [
          103.992822,
          30.666141
        ]
      },
      "properties": {
        "name": "中铁99西子香荷游泳池",
        "category": "sports",
        "type": "体育休闲服务;运动场馆;游泳馆",
        "district": "青羊区",
        "weight": 1
      }
    },
    {
      "type": "Feature",
      "geometry": {
        "type": "Point",
        "coordinates": [
          103.984889,
          30.666857
        ]
      },
      "properties": {
        "name": "玉富科技游泳馆(置信丽都玉园店)",
        "category": "sports",
        "type": "体育休闲服务;运动场馆;游泳馆",
        "district": "青羊区",
        "weight": 1
      }
    },
    {
      "type": "Feature",
      "geometry": {
        "type": "Point",
        "coordinates": [
          103.99297,
          30.661701
        ]
      },
      "properties": {
        "name": "时代尊城游泳池",
        "category": "sports",
        "type": "体育休闲服务;运动场馆;游泳馆",
        "district": "青羊区",
        "weight": 1
      }
    },
    {
      "type": "Feature",
      "geometry": {
        "type": "Point",
        "coordinates": [
          103.991005,
          30.665439
        ]
      },
      "properties": {
        "name": "百分百网吧(瑞星路)",
        "category": "sports",
        "type": "体育休闲服务;娱乐场所;网吧",
        "district": "青羊区",
        "weight": 1
      }
    },
    {
      "type": "Feature",
      "geometry": {
        "type": "Point",
        "coordinates": [
          103.991707,
          30.66442
        ]
      },
      "properties": {
        "name": "戈上肚皮舞瑜伽",
        "category": "sports",
        "type": "体育休闲服务;运动场馆;健身中心",
        "district": "青羊区",
        "weight": 1
      }
    },
    {
      "type": "Feature",
      "geometry": {
        "type": "Point",
        "coordinates": [
          103.993569,
          30.66908
        ]
      },
      "properties": {
        "name": "青羊区残疾人疗养院",
        "category": "sports",
        "type": "体育休闲服务;度假疗养场所;疗养院",
        "district": "青羊区",
        "weight": 1
      }
    },
    {
      "type": "Feature",
      "geometry": {
        "type": "Point",
        "coordinates": [
          103.989312,
          30.664545
        ]
      },
      "properties": {
        "name": "麻将馆",
        "category": "sports",
        "type": "体育休闲服务;娱乐场所;棋牌室",
        "district": "青羊区",
        "weight": 1
      }
    },
    {
      "type": "Feature",
      "geometry": {
        "type": "Point",
        "coordinates": [
          103.985864,
          30.659833
        ]
      },
      "properties": {
        "name": "开江县离退休职工驻蓉老年协会活动中心",
        "category": "sports",
        "type": "体育休闲服务;休闲场所;休闲场所",
        "district": "武侯区",
        "weight": 1
      }
    },
    {
      "type": "Feature",
      "geometry": {
        "type": "Point",
        "coordinates": [
          103.989605,
          30.666757
        ]
      },
      "properties": {
        "name": "缘忆网吧(东坡北二路)",
        "category": "sports",
        "type": "体育休闲服务;娱乐场所;网吧",
        "district": "青羊区",
        "weight": 1
      }
    },
    {
      "type": "Feature",
      "geometry": {
        "type": "Point",
        "coordinates": [
          103.995076,
          30.664951
        ]
      },
      "properties": {
        "name": "品茗棋牌包间",
        "category": "sports",
        "type": "体育休闲服务;娱乐场所;棋牌室",
        "district": "青羊区",
        "weight": 2
      }
    },
    {
      "type": "Feature",
      "geometry": {
        "type": "Point",
        "coordinates": [
          103.996199,
          30.66572
        ]
      },
      "properties": {
        "name": "酒界",
        "category": "sports",
        "type": "体育休闲服务;娱乐场所;酒吧",
        "district": "青羊区",
        "weight": 1
      }
    },
    {
      "type": "Feature",
      "geometry": {
        "type": "Point",
        "coordinates": [
          103.997082,
          30.667976
        ]
      },
      "properties": {
        "name": "金海岸网吧(玉宇路)",
        "category": "sports",
        "type": "体育休闲服务;娱乐场所;网吧",
        "district": "青羊区",
        "weight": 1
      }
    },
    {
      "type": "Feature",
      "geometry": {
        "type": "Point",
        "coordinates": [
          103.997162,
          30.66295
        ]
      },
      "properties": {
        "name": "皇家壹号别墅轰趴馆",
        "category": "sports",
        "type": "体育休闲服务;体育休闲服务场所;体育休闲服务场所",
        "district": "武侯区",
        "weight": 2
      }
    },
    {
      "type": "Feature",
      "geometry": {
        "type": "Point",
        "coordinates": [
          103.994186,
          30.663243
        ]
      },
      "properties": {
        "name": "凯旋天际湾游泳池",
        "category": "sports",
        "type": "体育休闲服务;运动场馆;游泳馆",
        "district": "青羊区",
        "weight": 1
      }
    },
    {
      "type": "Feature",
      "geometry": {
        "type": "Point",
        "coordinates": [
          103.999001,
          30.66246
        ]
      },
      "properties": {
        "name": "匆匆那年别墅轰趴馆",
        "category": "sports",
        "type": "体育休闲服务;体育休闲服务场所;体育休闲服务场所",
        "district": "武侯区",
        "weight": 2
      }
    },
    {
      "type": "Feature",
      "geometry": {
        "type": "Point",
        "coordinates": [
          104.002303,
          30.66321
        ]
      },
      "properties": {
        "name": "比伯鲜酿啤酒馆",
        "category": "sports",
        "type": "体育休闲服务;娱乐场所;酒吧",
        "district": "青羊区",
        "weight": 1
      }
    },
    {
      "type": "Feature",
      "geometry": {
        "type": "Point",
        "coordinates": [
          103.996357,
          30.660544
        ]
      },
      "properties": {
        "name": "领跑健康游泳池",
        "category": "sports",
        "type": "体育休闲服务;运动场馆;游泳馆",
        "district": "武侯区",
        "weight": 1
      }
    },
    {
      "type": "Feature",
      "geometry": {
        "type": "Point",
        "coordinates": [
          103.997709,
          30.669052
        ]
      },
      "properties": {
        "name": "二十一世纪花园游泳池",
        "category": "sports",
        "type": "体育休闲服务;运动场馆;游泳馆",
        "district": "青羊区",
        "weight": 1
      }
    },
    {
      "type": "Feature",
      "geometry": {
        "type": "Point",
        "coordinates": [
          104.002026,
          30.664247
        ]
      },
      "properties": {
        "name": "普劳恩鲜啤吧",
        "category": "sports",
        "type": "体育休闲服务;娱乐场所;酒吧",
        "district": "青羊区",
        "weight": 2
      }
    },
    {
      "type": "Feature",
      "geometry": {
        "type": "Point",
        "coordinates": [
          103.999504,
          30.668109
        ]
      },
      "properties": {
        "name": "优联瑜伽",
        "category": "sports",
        "type": "体育休闲服务;运动场馆;健身中心",
        "district": "青羊区",
        "weight": 3
      }
    },
    {
      "type": "Feature",
      "geometry": {
        "type": "Point",
        "coordinates": [
          103.998586,
          30.661444
        ]
      },
      "properties": {
        "name": "8号网咖",
        "category": "sports",
        "type": "体育休闲服务;娱乐场所;网吧",
        "district": "武侯区",
        "weight": 2
      }
    },
    {
      "type": "Feature",
      "geometry": {
        "type": "Point",
        "coordinates": [
          104.000347,
          30.664191
        ]
      },
      "properties": {
        "name": "心印瑜伽",
        "category": "sports",
        "type": "体育休闲服务;运动场馆;健身中心",
        "district": "青羊区",
        "weight": 1
      }
    },
    {
      "type": "Feature",
      "geometry": {
        "type": "Point",
        "coordinates": [
          103.994721,
          30.667729
        ]
      },
      "properties": {
        "name": "西锦·渡攀枝花干休所",
        "category": "sports",
        "type": "体育休闲服务;度假疗养场所;疗养院",
        "district": "青羊区",
        "weight": 1
      }
    },
    {
      "type": "Feature",
      "geometry": {
        "type": "Point",
        "coordinates": [
          103.998495,
          30.665029
        ]
      },
      "properties": {
        "name": "VR Future(VR体验馆)(优品道店)",
        "category": "sports",
        "type": "体育休闲服务;娱乐场所;娱乐场所",
        "district": "青羊区",
        "weight": 1
      }
    },
    {
      "type": "Feature",
      "geometry": {
        "type": "Point",
        "coordinates": [
          104.006297,
          30.666447
        ]
      },
      "properties": {
        "name": "常聚休闲坊",
        "category": "sports",
        "type": "体育休闲服务;娱乐场所;棋牌室",
        "district": "青羊区",
        "weight": 3
      }
    },
    {
      "type": "Feature",
      "geometry": {
        "type": "Point",
        "coordinates": [
          104.011127,
          30.666806
        ]
      },
      "properties": {
        "name": "西南财经大学体育部游泳池",
        "category": "sports",
        "type": "体育休闲服务;运动场馆;游泳馆",
        "district": "青羊区",
        "weight": 1
      }
    },
    {
      "type": "Feature",
      "geometry": {
        "type": "Point",
        "coordinates": [
          104.004094,
          30.662801
        ]
      },
      "properties": {
        "name": "威森堡德式鲜酿啤酒工厂",
        "category": "sports",
        "type": "体育休闲服务;娱乐场所;酒吧",
        "district": "青羊区",
        "weight": 1
      }
    },
    {
      "type": "Feature",
      "geometry": {
        "type": "Point",
        "coordinates": [
          104.008424,
          30.666707
        ]
      },
      "properties": {
        "name": "台球茶",
        "category": "sports",
        "type": "体育休闲服务;体育休闲服务场所;体育休闲服务场所",
        "district": "青羊区",
        "weight": 6
      }
    },
    {
      "type": "Feature",
      "geometry": {
        "type": "Point",
        "coordinates": [
          104.005693,
          30.660576
        ]
      },
      "properties": {
        "name": "万福花园",
        "category": "sports",
        "type": "体育休闲服务;娱乐场所;酒吧",
        "district": "青羊区",
        "weight": 10
      }
    },
    {
      "type": "Feature",
      "geometry": {
        "type": "Point",
        "coordinates": [
          104.005074,
          30.666838
        ]
      },
      "properties": {
        "name": "UU乐园",
        "category": "sports",
        "type": "体育休闲服务;娱乐场所;娱乐场所",
        "district": "青羊区",
        "weight": 10
      }
    },
    {
      "type": "Feature",
      "geometry": {
        "type": "Point",
        "coordinates": [
          104.012223,
          30.665126
        ]
      },
      "properties": {
        "name": "台球",
        "category": "sports",
        "type": "体育休闲服务;运动场馆;运动场所",
        "district": "青羊区",
        "weight": 26
      }
    },
    {
      "type": "Feature",
      "geometry": {
        "type": "Point",
        "coordinates": [
          104.010263,
          30.662155
        ]
      },
      "properties": {
        "name": "品舍瑜伽生活馆",
        "category": "sports",
        "type": "体育休闲服务;运动场馆;健身中心",
        "district": "青羊区",
        "weight": 2
      }
    },
    {
      "type": "Feature",
      "geometry": {
        "type": "Point",
        "coordinates": [
          104.010226,
          30.66426
        ]
      },
      "properties": {
        "name": "茶趣",
        "category": "sports",
        "type": "体育休闲服务;娱乐场所;棋牌室",
        "district": "青羊区",
        "weight": 2
      }
    },
    {
      "type": "Feature",
      "geometry": {
        "type": "Point",
        "coordinates": [
          104.005164,
          30.664872
        ]
      },
      "properties": {
        "name": "SEVEN桌游馆",
        "category": "sports",
        "type": "体育休闲服务;体育休闲服务场所;体育休闲服务场所",
        "district": "青羊区",
        "weight": 2
      }
    },
    {
      "type": "Feature",
      "geometry": {
        "type": "Point",
        "coordinates": [
          104.009688,
          30.667865
        ]
      },
      "properties": {
        "name": "西南财经大学教工俱乐部",
        "category": "sports",
        "type": "体育休闲服务;休闲场所;休闲场所",
        "district": "青羊区",
        "weight": 1
      }
    },
    {
      "type": "Feature",
      "geometry": {
        "type": "Point",
        "coordinates": [
          104.01478,
          30.665269
        ]
      },
      "properties": {
        "name": "休闲网咖",
        "category": "sports",
        "type": "体育休闲服务;娱乐场所;网吧",
        "district": "青羊区",
        "weight": 5
      }
    },
    {
      "type": "Feature",
      "geometry": {
        "type": "Point",
        "coordinates": [
          104.022417,
          30.668887
        ]
      },
      "properties": {
        "name": "休闲活动室",
        "category": "sports",
        "type": "体育休闲服务;体育休闲服务场所;体育休闲服务场所",
        "district": "青羊区",
        "weight": 1
      }
    },
    {
      "type": "Feature",
      "geometry": {
        "type": "Point",
        "coordinates": [
          104.018539,
          30.666348
        ]
      },
      "properties": {
        "name": "太阳瑜伽",
        "category": "sports",
        "type": "体育休闲服务;运动场馆;健身中心",
        "district": "青羊区",
        "weight": 4
      }
    },
    {
      "type": "Feature",
      "geometry": {
        "type": "Point",
        "coordinates": [
          104.018743,
          30.663879
        ]
      },
      "properties": {
        "name": "头等舱私人影院",
        "category": "sports",
        "type": "体育休闲服务;影剧院;电影院",
        "district": "青羊区",
        "weight": 1
      }
    },
    {
      "type": "Feature",
      "geometry": {
        "type": "Point",
        "coordinates": [
          104.017668,
          30.665132
        ]
      },
      "properties": {
        "name": "奥力健身中心",
        "category": "sports",
        "type": "体育休闲服务;运动场馆;健身中心",
        "district": "青羊区",
        "weight": 3
      }
    },
    {
      "type": "Feature",
      "geometry": {
        "type": "Point",
        "coordinates": [
          104.021055,
          30.667212
        ]
      },
      "properties": {
        "name": "会顶",
        "category": "sports",
        "type": "体育休闲服务;体育休闲服务场所;体育休闲服务场所",
        "district": "青羊区",
        "weight": 2
      }
    },
    {
      "type": "Feature",
      "geometry": {
        "type": "Point",
        "coordinates": [
          104.022451,
          30.667685
        ]
      },
      "properties": {
        "name": "夜来香",
        "category": "sports",
        "type": "体育休闲服务;娱乐场所;酒吧",
        "district": "青羊区",
        "weight": 4
      }
    },
    {
      "type": "Feature",
      "geometry": {
        "type": "Point",
        "coordinates": [
          104.014721,
          30.662632
        ]
      },
      "properties": {
        "name": "新浪网吧(光华村店)",
        "category": "sports",
        "type": "体育休闲服务;娱乐场所;网吧",
        "district": "青羊区",
        "weight": 1
      }
    },
    {
      "type": "Feature",
      "geometry": {
        "type": "Point",
        "coordinates": [
          104.018897,
          30.660911
        ]
      },
      "properties": {
        "name": "天邑花园健身俱乐部",
        "category": "sports",
        "type": "体育休闲服务;运动场馆;健身中心",
        "district": "青羊区",
        "weight": 1
      }
    },
    {
      "type": "Feature",
      "geometry": {
        "type": "Point",
        "coordinates": [
          104.017485,
          30.662143
        ]
      },
      "properties": {
        "name": "天邑花园游泳池",
        "category": "sports",
        "type": "体育休闲服务;运动场馆;游泳馆",
        "district": "青羊区",
        "weight": 1
      }
    },
    {
      "type": "Feature",
      "geometry": {
        "type": "Point",
        "coordinates": [
          104.01975,
          30.662162
        ]
      },
      "properties": {
        "name": "滴滴司机俱乐部",
        "category": "sports",
        "type": "体育休闲服务;体育休闲服务场所;体育休闲服务场所",
        "district": "青羊区",
        "weight": 1
      }
    },
    {
      "type": "Feature",
      "geometry": {
        "type": "Point",
        "coordinates": [
          104.021803,
          30.663468
        ]
      },
      "properties": {
        "name": "老地方酒吧KTV(草堂店)",
        "category": "sports",
        "type": "体育休闲服务;娱乐场所;酒吧",
        "district": "青羊区",
        "weight": 1
      }
    },
    {
      "type": "Feature",
      "geometry": {
        "type": "Point",
        "coordinates": [
          104.014501,
          30.669367
        ]
      },
      "properties": {
        "name": "西南财经大学光华校区网球场",
        "category": "sports",
        "type": "体育休闲服务;运动场馆;网球场",
        "district": "青羊区",
        "weight": 1
      }
    },
    {
      "type": "Feature",
      "geometry": {
        "type": "Point",
        "coordinates": [
          104.021165,
          30.66594
        ]
      },
      "properties": {
        "name": "梦石棋牌",
        "category": "sports",
        "type": "体育休闲服务;娱乐场所;棋牌室",
        "district": "青羊区",
        "weight": 1
      }
    },
    {
      "type": "Feature",
      "geometry": {
        "type": "Point",
        "coordinates": [
          104.017749,
          30.668588
        ]
      },
      "properties": {
        "name": "蓝调网吧",
        "category": "sports",
        "type": "体育休闲服务;娱乐场所;网吧",
        "district": "青羊区",
        "weight": 2
      }
    },
    {
      "type": "Feature",
      "geometry": {
        "type": "Point",
        "coordinates": [
          104.020286,
          30.665011
        ]
      },
      "properties": {
        "name": "一本道馆(光华旗舰店)",
        "category": "sports",
        "type": "体育休闲服务;运动场馆;跆拳道场馆",
        "district": "青羊区",
        "weight": 1
      }
    },
    {
      "type": "Feature",
      "geometry": {
        "type": "Point",
        "coordinates": [
          104.033052,
          30.666558
        ]
      },
      "properties": {
        "name": "特高亚乒乓球俱乐部",
        "category": "sports",
        "type": "体育休闲服务;运动场馆;乒乓球馆",
        "district": "青羊区",
        "weight": 4
      }
    },
    {
      "type": "Feature",
      "geometry": {
        "type": "Point",
        "coordinates": [
          104.024283,
          30.664723
        ]
      },
      "properties": {
        "name": "紫源国际俱乐部",
        "category": "sports",
        "type": "体育休闲服务;娱乐场所;KTV",
        "district": "青羊区",
        "weight": 1
      }
    },
    {
      "type": "Feature",
      "geometry": {
        "type": "Point",
        "coordinates": [
          104.028374,
          30.668333
        ]
      },
      "properties": {
        "name": "聚友机麻茶水",
        "category": "sports",
        "type": "体育休闲服务;娱乐场所;棋牌室",
        "district": "青羊区",
        "weight": 3
      }
    },
    {
      "type": "Feature",
      "geometry": {
        "type": "Point",
        "coordinates": [
          104.02702,
          30.664832
        ]
      },
      "properties": {
        "name": "康博健身(青华路)",
        "category": "sports",
        "type": "体育休闲服务;运动场馆;游泳馆|体育休闲服务;运动场馆;健身中心",
        "district": "青羊区",
        "weight": 1
      }
    },
    {
      "type": "Feature",
      "geometry": {
        "type": "Point",
        "coordinates": [
          104.026596,
          30.668899
        ]
      },
      "properties": {
        "name": "光华干休所",
        "category": "sports",
        "type": "体育休闲服务;休闲场所;休闲场所",
        "district": "青羊区",
        "weight": 3
      }
    },
    {
      "type": "Feature",
      "geometry": {
        "type": "Point",
        "coordinates": [
          104.030417,
          30.665384
        ]
      },
      "properties": {
        "name": "码科偌·乒乓球聚乐部",
        "category": "sports",
        "type": "体育休闲服务;运动场馆;运动场所",
        "district": "青羊区",
        "weight": 1
      }
    },
    {
      "type": "Feature",
      "geometry": {
        "type": "Point",
        "coordinates": [
          104.032844,
          30.660749
        ]
      },
      "properties": {
        "name": "昊威羽毛球俱乐部",
        "category": "sports",
        "type": "体育休闲服务;运动场馆;羽毛球场",
        "district": "青羊区",
        "weight": 4
      }
    },
    {
      "type": "Feature",
      "geometry": {
        "type": "Point",
        "coordinates": [
          104.031991,
          30.665195
        ]
      },
      "properties": {
        "name": "国际空手道刚柔流心武会",
        "category": "sports",
        "type": "体育休闲服务;体育休闲服务场所;体育休闲服务场所",
        "district": "青羊区",
        "weight": 1
      }
    },
    {
      "type": "Feature",
      "geometry": {
        "type": "Point",
        "coordinates": [
          104.027818,
          30.663976
        ]
      },
      "properties": {
        "name": "成都军区联勤机关退休干部活动中心",
        "category": "sports",
        "type": "体育休闲服务;休闲场所;休闲场所",
        "district": "青羊区",
        "weight": 1
      }
    },
    {
      "type": "Feature",
      "geometry": {
        "type": "Point",
        "coordinates": [
          104.024292,
          30.666586
        ]
      },
      "properties": {
        "name": "青华会所(青华北一街5号院西北)",
        "category": "sports",
        "type": "体育休闲服务;娱乐场所;娱乐场所",
        "district": "青羊区",
        "weight": 1
      }
    },
    {
      "type": "Feature",
      "geometry": {
        "type": "Point",
        "coordinates": [
          104.042319,
          30.668828
        ]
      },
      "properties": {
        "name": "成都中医药大学体育场",
        "category": "sports",
        "type": "体育休闲服务;运动场馆;综合体育馆",
        "district": "金牛区",
        "weight": 1
      }
    },
    {
      "type": "Feature",
      "geometry": {
        "type": "Point",
        "coordinates": [
          104.033882,
          30.661678
        ]
      },
      "properties": {
        "name": "草堂街道晚霞社区居家养老服务中心",
        "category": "sports",
        "type": "体育休闲服务;度假疗养场所;疗养院",
        "district": "青羊区",
        "weight": 1
      }
    },
    {
      "type": "Feature",
      "geometry": {
        "type": "Point",
        "coordinates": [
          104.043543,
          30.662501
        ]
      },
      "properties": {
        "name": "蜀风雅韵",
        "category": "sports",
        "type": "体育休闲服务;影剧院;剧场|餐饮服务;茶艺馆;茶艺馆",
        "district": "青羊区",
        "weight": 2
      }
    },
    {
      "type": "Feature",
      "geometry": {
        "type": "Point",
        "coordinates": [
          104.039881,
          30.661102
        ]
      },
      "properties": {
        "name": "星光灿烂(百花店)",
        "category": "sports",
        "type": "体育休闲服务;娱乐场所;KTV",
        "district": "青羊区",
        "weight": 1
      }
    },
    {
      "type": "Feature",
      "geometry": {
        "type": "Point",
        "coordinates": [
          104.043256,
          30.665653
        ]
      },
      "properties": {
        "name": "飞弛网吧",
        "category": "sports",
        "type": "体育休闲服务;娱乐场所;网吧",
        "district": "青羊区",
        "weight": 1
      }
    },
    {
      "type": "Feature",
      "geometry": {
        "type": "Point",
        "coordinates": [
          104.038821,
          30.661566
        ]
      },
      "properties": {
        "name": "文化公园游乐园",
        "category": "sports",
        "type": "体育休闲服务;休闲场所;游乐场",
        "district": "青羊区",
        "weight": 1
      }
    },
    {
      "type": "Feature",
      "geometry": {
        "type": "Point",
        "coordinates": [
          104.037248,
          30.661748
        ]
      },
      "properties": {
        "name": "天紫娱乐量贩KTV",
        "category": "sports",
        "type": "体育休闲服务;娱乐场所;KTV",
        "district": "青羊区",
        "weight": 1
      }
    },
    {
      "type": "Feature",
      "geometry": {
        "type": "Point",
        "coordinates": [
          104.041437,
          30.660506
        ]
      },
      "properties": {
        "name": "彩虹地图吧",
        "category": "sports",
        "type": "体育休闲服务;娱乐场所;酒吧",
        "district": "青羊区",
        "weight": 4
      }
    },
    {
      "type": "Feature",
      "geometry": {
        "type": "Point",
        "coordinates": [
          104.040472,
          30.666818
        ]
      },
      "properties": {
        "name": "成都中医药大学离退休活动中心",
        "category": "sports",
        "type": "体育休闲服务;休闲场所;休闲场所",
        "district": "青羊区",
        "weight": 2
      }
    },
    {
      "type": "Feature",
      "geometry": {
        "type": "Point",
        "coordinates": [
          104.040154,
          30.667844
        ]
      },
      "properties": {
        "name": "绝顶高手网咖",
        "category": "sports",
        "type": "体育休闲服务;娱乐场所;网吧",
        "district": "金牛区",
        "weight": 1
      }
    },
    {
      "type": "Feature",
      "geometry": {
        "type": "Point",
        "coordinates": [
          104.038545,
          30.66447
        ]
      },
      "properties": {
        "name": "欣雅网咖",
        "category": "sports",
        "type": "体育休闲服务;娱乐场所;网吧",
        "district": "青羊区",
        "weight": 1
      }
    },
    {
      "type": "Feature",
      "geometry": {
        "type": "Point",
        "coordinates": [
          104.036085,
          30.663189
        ]
      },
      "properties": {
        "name": "青城山兰苑养老中心",
        "category": "sports",
        "type": "体育休闲服务;体育休闲服务场所;体育休闲服务场所",
        "district": "青羊区",
        "weight": 1
      }
    },
    {
      "type": "Feature",
      "geometry": {
        "type": "Point",
        "coordinates": [
          104.034079,
          30.664347
        ]
      },
      "properties": {
        "name": "巴山月光廊",
        "category": "sports",
        "type": "体育休闲服务;体育休闲服务场所;体育休闲服务场所",
        "district": "青羊区",
        "weight": 1
      }
    },
    {
      "type": "Feature",
      "geometry": {
        "type": "Point",
        "coordinates": [
          104.037467,
          30.668241
        ]
      },
      "properties": {
        "name": "九五网络",
        "category": "sports",
        "type": "体育休闲服务;体育休闲服务场所;体育休闲服务场所",
        "district": "青羊区",
        "weight": 1
      }
    },
    {
      "type": "Feature",
      "geometry": {
        "type": "Point",
        "coordinates": [
          104.034778,
          30.668144
        ]
      },
      "properties": {
        "name": "辛普俐瑜珈",
        "category": "sports",
        "type": "体育休闲服务;运动场馆;健身中心",
        "district": "青羊区",
        "weight": 2
      }
    },
    {
      "type": "Feature",
      "geometry": {
        "type": "Point",
        "coordinates": [
          104.0426,
          30.66361
        ]
      },
      "properties": {
        "name": "梨园",
        "category": "sports",
        "type": "体育休闲服务;娱乐场所;娱乐场所",
        "district": "青羊区",
        "weight": 1
      }
    },
    {
      "type": "Feature",
      "geometry": {
        "type": "Point",
        "coordinates": [
          104.051158,
          30.667874
        ]
      },
      "properties": {
        "name": "青花",
        "category": "sports",
        "type": "体育休闲服务;娱乐场所;酒吧",
        "district": "青羊区",
        "weight": 10
      }
    },
    {
      "type": "Feature",
      "geometry": {
        "type": "Point",
        "coordinates": [
          104.044358,
          30.667817
        ]
      },
      "properties": {
        "name": "轻颜瑜伽",
        "category": "sports",
        "type": "体育休闲服务;运动场馆;健身中心",
        "district": "金牛区",
        "weight": 5
      }
    },
    {
      "type": "Feature",
      "geometry": {
        "type": "Point",
        "coordinates": [
          104.050256,
          30.6662
        ]
      },
      "properties": {
        "name": "魔高",
        "category": "sports",
        "type": "体育休闲服务;影剧院;剧场|体育休闲服务;娱乐场所;酒吧",
        "district": "青羊区",
        "weight": 6
      }
    },
    {
      "type": "Feature",
      "geometry": {
        "type": "Point",
        "coordinates": [
          104.05329,
          30.659882
        ]
      },
      "properties": {
        "name": "太空漫步",
        "category": "sports",
        "type": "体育休闲服务;休闲场所;游乐场",
        "district": "青羊区",
        "weight": 2
      }
    },
    {
      "type": "Feature",
      "geometry": {
        "type": "Point",
        "coordinates": [
          104.052046,
          30.665267
        ]
      },
      "properties": {
        "name": "隔壁子酒吧(窄巷子店)",
        "category": "sports",
        "type": "体育休闲服务;娱乐场所;酒吧",
        "district": "青羊区",
        "weight": 2
      }
    },
    {
      "type": "Feature",
      "geometry": {
        "type": "Point",
        "coordinates": [
          104.04716,
          30.663368
        ]
      },
      "properties": {
        "name": "联森酒店KTV",
        "category": "sports",
        "type": "体育休闲服务;娱乐场所;KTV",
        "district": "青羊区",
        "weight": 3
      }
    },
    {
      "type": "Feature",
      "geometry": {
        "type": "Point",
        "coordinates": [
          104.046022,
          30.667471
        ]
      },
      "properties": {
        "name": "长富新城游泳池",
        "category": "sports",
        "type": "体育休闲服务;运动场馆;游泳馆",
        "district": "青羊区",
        "weight": 3
      }
    },
    {
      "type": "Feature",
      "geometry": {
        "type": "Point",
        "coordinates": [
          104.047244,
          30.665369
        ]
      },
      "properties": {
        "name": "锦都网球场",
        "category": "sports",
        "type": "体育休闲服务;运动场馆;网球场",
        "district": "青羊区",
        "weight": 4
      }
    },
    {
      "type": "Feature",
      "geometry": {
        "type": "Point",
        "coordinates": [
          104.048431,
          30.661161
        ]
      },
      "properties": {
        "name": "星星棋牌(包家巷)",
        "category": "sports",
        "type": "体育休闲服务;娱乐场所;棋牌室",
        "district": "青羊区",
        "weight": 1
      }
    },
    {
      "type": "Feature",
      "geometry": {
        "type": "Point",
        "coordinates": [
          104.051815,
          30.662124
        ]
      },
      "properties": {
        "name": "大菩提",
        "category": "sports",
        "type": "体育休闲服务;休闲场所;休闲场所",
        "district": "青羊区",
        "weight": 5
      }
    },
    {
      "type": "Feature",
      "geometry": {
        "type": "Point",
        "coordinates": [
          104.049203,
          30.664079
        ]
      },
      "properties": {
        "name": "禅韵瑜伽",
        "category": "sports",
        "type": "体育休闲服务;运动场馆;健身中心",
        "district": "青羊区",
        "weight": 1
      }
    },
    {
      "type": "Feature",
      "geometry": {
        "type": "Point",
        "coordinates": [
          104.049109,
          30.661851
        ]
      },
      "properties": {
        "name": "汪家拐街道文体活动中心",
        "category": "sports",
        "type": "商务住宅;住宅区;社区中心|体育休闲服务;休闲场所;休闲场所",
        "district": "青羊区",
        "weight": 1
      }
    },
    {
      "type": "Feature",
      "geometry": {
        "type": "Point",
        "coordinates": [
          104.048141,
          30.663884
        ]
      },
      "properties": {
        "name": "川投国际网球中心",
        "category": "sports",
        "type": "体育休闲服务;运动场馆;网球场",
        "district": "青羊区",
        "weight": 1
      }
    },
    {
      "type": "Feature",
      "geometry": {
        "type": "Point",
        "coordinates": [
          104.045669,
          30.66878
        ]
      },
      "properties": {
        "name": "蔺瑜伽",
        "category": "sports",
        "type": "体育休闲服务;运动场馆;健身中心",
        "district": "金牛区",
        "weight": 1
      }
    },
    {
      "type": "Feature",
      "geometry": {
        "type": "Point",
        "coordinates": [
          104.056235,
          30.660035
        ]
      },
      "properties": {
        "name": "成都市老年活动中心",
        "category": "sports",
        "type": "体育休闲服务;休闲场所;休闲场所",
        "district": "青羊区",
        "weight": 1
      }
    },
    {
      "type": "Feature",
      "geometry": {
        "type": "Point",
        "coordinates": [
          104.057795,
          30.659899
        ]
      },
      "properties": {
        "name": "风舞九天网吧",
        "category": "sports",
        "type": "体育休闲服务;娱乐场所;网吧",
        "district": "青羊区",
        "weight": 3
      }
    },
    {
      "type": "Feature",
      "geometry": {
        "type": "Point",
        "coordinates": [
          104.056272,
          30.664121
        ]
      },
      "properties": {
        "name": "朋堂",
        "category": "sports",
        "type": "体育休闲服务;娱乐场所;棋牌室",
        "district": "青羊区",
        "weight": 10
      }
    },
    {
      "type": "Feature",
      "geometry": {
        "type": "Point",
        "coordinates": [
          104.053808,
          30.66706
        ]
      },
      "properties": {
        "name": "山力健身俱乐部",
        "category": "sports",
        "type": "体育休闲服务;运动场馆;健身中心",
        "district": "青羊区",
        "weight": 1
      }
    },
    {
      "type": "Feature",
      "geometry": {
        "type": "Point",
        "coordinates": [
          104.058253,
          30.66227
        ]
      },
      "properties": {
        "name": "碧海富升界网吧",
        "category": "sports",
        "type": "体育休闲服务;娱乐场所;网吧",
        "district": "青羊区",
        "weight": 2
      }
    },
    {
      "type": "Feature",
      "geometry": {
        "type": "Point",
        "coordinates": [
          104.05572,
          30.661719
        ]
      },
      "properties": {
        "name": "兰桂坊蓝吧",
        "category": "sports",
        "type": "体育休闲服务;娱乐场所;酒吧",
        "district": "青羊区",
        "weight": 7
      }
    },
    {
      "type": "Feature",
      "geometry": {
        "type": "Point",
        "coordinates": [
          104.062801,
          30.659411
        ]
      },
      "properties": {
        "name": "今站游乐中心",
        "category": "sports",
        "type": "体育休闲服务;休闲场所;游乐场",
        "district": "青羊区",
        "weight": 3
      }
    },
    {
      "type": "Feature",
      "geometry": {
        "type": "Point",
        "coordinates": [
          104.063561,
          30.666845
        ]
      },
      "properties": {
        "name": "澳瑞特",
        "category": "sports",
        "type": "体育休闲服务;运动场馆;健身中心",
        "district": "青羊区",
        "weight": 12
      }
    },
    {
      "type": "Feature",
      "geometry": {
        "type": "Point",
        "coordinates": [
          104.059697,
          30.659371
        ]
      },
      "properties": {
        "name": "悠佳瑜伽",
        "category": "sports",
        "type": "体育休闲服务;运动场馆;健身中心",
        "district": "青羊区",
        "weight": 3
      }
    },
    {
      "type": "Feature",
      "geometry": {
        "type": "Point",
        "coordinates": [
          104.053772,
          30.663654
        ]
      },
      "properties": {
        "name": "塔斯酒廊",
        "category": "sports",
        "type": "体育休闲服务;娱乐场所;酒吧",
        "district": "青羊区",
        "weight": 2
      }
    },
    {
      "type": "Feature",
      "geometry": {
        "type": "Point",
        "coordinates": [
          104.060824,
          30.665335
        ]
      },
      "properties": {
        "name": "成都市老干部活动中心",
        "category": "sports",
        "type": "体育休闲服务;休闲场所;休闲场所",
        "district": "青羊区",
        "weight": 1
      }
    },
    {
      "type": "Feature",
      "geometry": {
        "type": "Point",
        "coordinates": [
          104.063193,
          30.662656
        ]
      },
      "properties": {
        "name": "变形金刚中国大展(成都站)",
        "category": "sports",
        "type": "体育休闲服务;体育休闲服务场所;体育休闲服务场所",
        "district": "青羊区",
        "weight": 1
      }
    },
    {
      "type": "Feature",
      "geometry": {
        "type": "Point",
        "coordinates": [
          104.062344,
          30.661021
        ]
      },
      "properties": {
        "name": "ps4游戏店",
        "category": "sports",
        "type": "体育休闲服务;娱乐场所;娱乐场所",
        "district": "青羊区",
        "weight": 1
      }
    },
    {
      "type": "Feature",
      "geometry": {
        "type": "Point",
        "coordinates": [
          104.059161,
          30.666091
        ]
      },
      "properties": {
        "name": "红灯笼机麻",
        "category": "sports",
        "type": "体育休闲服务;娱乐场所;棋牌室",
        "district": "青羊区",
        "weight": 1
      }
    },
    {
      "type": "Feature",
      "geometry": {
        "type": "Point",
        "coordinates": [
          104.061627,
          30.666649
        ]
      },
      "properties": {
        "name": "成都市树德实验中学篮球场",
        "category": "sports",
        "type": "体育休闲服务;运动场馆;篮球场馆",
        "district": "青羊区",
        "weight": 1
      }
    },
    {
      "type": "Feature",
      "geometry": {
        "type": "Point",
        "coordinates": [
          104.057294,
          30.666348
        ]
      },
      "properties": {
        "name": "四川省委办公厅老干部活动中心",
        "category": "sports",
        "type": "体育休闲服务;休闲场所;休闲场所",
        "district": "青羊区",
        "weight": 1
      }
    },
    {
      "type": "Feature",
      "geometry": {
        "type": "Point",
        "coordinates": [
          104.064691,
          30.666162
        ]
      },
      "properties": {
        "name": "成都体育中心",
        "category": "sports",
        "type": "体育休闲服务;运动场馆;综合体育馆",
        "district": "青羊区",
        "weight": 1
      }
    },
    {
      "type": "Feature",
      "geometry": {
        "type": "Point",
        "coordinates": [
          104.065771,
          30.66495
        ]
      },
      "properties": {
        "name": "全民健身路径",
        "category": "sports",
        "type": "体育休闲服务;运动场馆;健身中心",
        "district": "青羊区",
        "weight": 3
      }
    },
    {
      "type": "Feature",
      "geometry": {
        "type": "Point",
        "coordinates": [
          104.065533,
          30.667112
        ]
      },
      "properties": {
        "name": "成都体育中心羽毛球馆",
        "category": "sports",
        "type": "体育休闲服务;运动场馆;羽毛球场",
        "district": "青羊区",
        "weight": 1
      }
    },
    {
      "type": "Feature",
      "geometry": {
        "type": "Point",
        "coordinates": [
          104.069775,
          30.660269
        ]
      },
      "properties": {
        "name": "本色",
        "category": "sports",
        "type": "体育休闲服务;娱乐场所;酒吧",
        "district": "锦江区",
        "weight": 5
      }
    },
    {
      "type": "Feature",
      "geometry": {
        "type": "Point",
        "coordinates": [
          104.073292,
          30.661868
        ]
      },
      "properties": {
        "name": "林恩国际影城(太升路店)",
        "category": "sports",
        "type": "体育休闲服务;影剧院;电影院",
        "district": "锦江区",
        "weight": 2
      }
    },
    {
      "type": "Feature",
      "geometry": {
        "type": "Point",
        "coordinates": [
          104.071435,
          30.663617
        ]
      },
      "properties": {
        "name": "网上缘网吧",
        "category": "sports",
        "type": "体育休闲服务;娱乐场所;网吧",
        "district": "青羊区",
        "weight": 15
      }
    },
    {
      "type": "Feature",
      "geometry": {
        "type": "Point",
        "coordinates": [
          104.065345,
          30.661233
        ]
      },
      "properties": {
        "name": "四川大剧院",
        "category": "sports",
        "type": "体育休闲服务;影剧院;剧场",
        "district": "青羊区",
        "weight": 1
      }
    },
    {
      "type": "Feature",
      "geometry": {
        "type": "Point",
        "coordinates": [
          104.068928,
          30.661627
        ]
      },
      "properties": {
        "name": "星期二俱乐部",
        "category": "sports",
        "type": "体育休闲服务;体育休闲服务场所;体育休闲服务场所",
        "district": "青羊区",
        "weight": 4
      }
    },
    {
      "type": "Feature",
      "geometry": {
        "type": "Point",
        "coordinates": [
          104.066684,
          30.660137
        ]
      },
      "properties": {
        "name": "康尔美",
        "category": "sports",
        "type": "体育休闲服务;运动场馆;健身中心",
        "district": "锦江区",
        "weight": 13
      }
    },
    {
      "type": "Feature",
      "geometry": {
        "type": "Point",
        "coordinates": [
          104.071162,
          30.668243
        ]
      },
      "properties": {
        "name": "绿洲大酒店国际会所",
        "category": "sports",
        "type": "体育休闲服务;娱乐场所;KTV",
        "district": "青羊区",
        "weight": 3
      }
    },
    {
      "type": "Feature",
      "geometry": {
        "type": "Point",
        "coordinates": [
          104.07288,
          30.667493
        ]
      },
      "properties": {
        "name": "成都比利时手工啤酒吧",
        "category": "sports",
        "type": "体育休闲服务;娱乐场所;酒吧",
        "district": "青羊区",
        "weight": 1
      }
    },
    {
      "type": "Feature",
      "geometry": {
        "type": "Point",
        "coordinates": [
          104.065417,
          30.662453
        ]
      },
      "properties": {
        "name": "天天见面天天棋牌",
        "category": "sports",
        "type": "体育休闲服务;娱乐场所;棋牌室",
        "district": "青羊区",
        "weight": 3
      }
    },
    {
      "type": "Feature",
      "geometry": {
        "type": "Point",
        "coordinates": [
          104.06431,
          30.660068
        ]
      },
      "properties": {
        "name": "咪哒",
        "category": "sports",
        "type": "体育休闲服务;休闲场所;游乐场",
        "district": "青羊区",
        "weight": 2
      }
    },
    {
      "type": "Feature",
      "geometry": {
        "type": "Point",
        "coordinates": [
          104.064124,
          30.669032
        ]
      },
      "properties": {
        "name": "盛龙网吧(上升街)",
        "category": "sports",
        "type": "体育休闲服务;娱乐场所;网吧",
        "district": "青羊区",
        "weight": 1
      }
    },
    {
      "type": "Feature",
      "geometry": {
        "type": "Point",
        "coordinates": [
          104.07304,
          30.66862
        ]
      },
      "properties": {
        "name": "省直机关事务管理局老年门球场",
        "category": "sports",
        "type": "体育休闲服务;运动场馆;运动场所",
        "district": "青羊区",
        "weight": 1
      }
    },
    {
      "type": "Feature",
      "geometry": {
        "type": "Point",
        "coordinates": [
          104.068584,
          30.66322
        ]
      },
      "properties": {
        "name": "风柏林西餐酒吧",
        "category": "sports",
        "type": "体育休闲服务;娱乐场所;酒吧",
        "district": "青羊区",
        "weight": 1
      }
    },
    {
      "type": "Feature",
      "geometry": {
        "type": "Point",
        "coordinates": [
          104.072541,
          30.660582
        ]
      },
      "properties": {
        "name": "金蓉饭店-棋牌室",
        "category": "sports",
        "type": "体育休闲服务;娱乐场所;棋牌室",
        "district": "锦江区",
        "weight": 1
      }
    },
    {
      "type": "Feature",
      "geometry": {
        "type": "Point",
        "coordinates": [
          104.072839,
          30.662728
        ]
      },
      "properties": {
        "name": "林恩国际酒店-棋牌包间",
        "category": "sports",
        "type": "体育休闲服务;娱乐场所;娱乐场所",
        "district": "锦江区",
        "weight": 1
      }
    },
    {
      "type": "Feature",
      "geometry": {
        "type": "Point",
        "coordinates": [
          104.077257,
          30.660603
        ]
      },
      "properties": {
        "name": "胜道",
        "category": "sports",
        "type": "体育休闲服务;运动场馆;健身中心",
        "district": "锦江区",
        "weight": 62
      }
    },
    {
      "type": "Feature",
      "geometry": {
        "type": "Point",
        "coordinates": [
          104.081993,
          30.668803
        ]
      },
      "properties": {
        "name": "成都市第十一中学体育场",
        "category": "sports",
        "type": "体育休闲服务;运动场馆;运动场所",
        "district": "青羊区",
        "weight": 1
      }
    },
    {
      "type": "Feature",
      "geometry": {
        "type": "Point",
        "coordinates": [
          104.080291,
          30.668209
        ]
      },
      "properties": {
        "name": "福德酒店娱乐厅",
        "category": "sports",
        "type": "体育休闲服务;娱乐场所;KTV",
        "district": "青羊区",
        "weight": 7
      }
    },
    {
      "type": "Feature",
      "geometry": {
        "type": "Point",
        "coordinates": [
          104.082391,
          30.666756
        ]
      },
      "properties": {
        "name": "万家灯光娱乐会所",
        "category": "sports",
        "type": "体育休闲服务;娱乐场所;KTV",
        "district": "锦江区",
        "weight": 3
      }
    },
    {
      "type": "Feature",
      "geometry": {
        "type": "Point",
        "coordinates": [
          104.080296,
          30.66558
        ]
      },
      "properties": {
        "name": "大白鲨舞厅",
        "category": "sports",
        "type": "体育休闲服务;娱乐场所;迪厅",
        "district": "锦江区",
        "weight": 2
      }
    },
    {
      "type": "Feature",
      "geometry": {
        "type": "Point",
        "coordinates": [
          104.075471,
          30.663556
        ]
      },
      "properties": {
        "name": "超越时代网吧",
        "category": "sports",
        "type": "体育休闲服务;娱乐场所;网吧",
        "district": "锦江区",
        "weight": 1
      }
    },
    {
      "type": "Feature",
      "geometry": {
        "type": "Point",
        "coordinates": [
          104.076841,
          30.665276
        ]
      },
      "properties": {
        "name": "竞动网咖",
        "category": "sports",
        "type": "体育休闲服务;娱乐场所;网吧",
        "district": "锦江区",
        "weight": 1
      }
    },
    {
      "type": "Feature",
      "geometry": {
        "type": "Point",
        "coordinates": [
          104.078211,
          30.659523
        ]
      },
      "properties": {
        "name": "啾啾度假俱乐部",
        "category": "sports",
        "type": "体育休闲服务;体育休闲服务场所;体育休闲服务场所",
        "district": "锦江区",
        "weight": 4
      }
    },
    {
      "type": "Feature",
      "geometry": {
        "type": "Point",
        "coordinates": [
          104.077192,
          30.667488
        ]
      },
      "properties": {
        "name": "热舞",
        "category": "sports",
        "type": "体育休闲服务;娱乐场所;迪厅",
        "district": "锦江区",
        "weight": 3
      }
    },
    {
      "type": "Feature",
      "geometry": {
        "type": "Point",
        "coordinates": [
          104.081758,
          30.659995
        ]
      },
      "properties": {
        "name": "圣珈瑜伽亚太馆",
        "category": "sports",
        "type": "体育休闲服务;运动场馆;健身中心",
        "district": "锦江区",
        "weight": 4
      }
    },
    {
      "type": "Feature",
      "geometry": {
        "type": "Point",
        "coordinates": [
          104.076076,
          30.662518
        ]
      },
      "properties": {
        "name": "肾上腺素密室逃脱",
        "category": "sports",
        "type": "体育休闲服务;娱乐场所;娱乐场所",
        "district": "锦江区",
        "weight": 7
      }
    },
    {
      "type": "Feature",
      "geometry": {
        "type": "Point",
        "coordinates": [
          104.082963,
          30.662601
        ]
      },
      "properties": {
        "name": "旭桂月影",
        "category": "sports",
        "type": "体育休闲服务;娱乐场所;KTV",
        "district": "锦江区",
        "weight": 2
      }
    },
    {
      "type": "Feature",
      "geometry": {
        "type": "Point",
        "coordinates": [
          104.075739,
          30.666911
        ]
      },
      "properties": {
        "name": "竟动网吧",
        "category": "sports",
        "type": "体育休闲服务;娱乐场所;网吧",
        "district": "锦江区",
        "weight": 1
      }
    },
    {
      "type": "Feature",
      "geometry": {
        "type": "Point",
        "coordinates": [
          104.073874,
          30.664945
        ]
      },
      "properties": {
        "name": "魔健身",
        "category": "sports",
        "type": "体育休闲服务;运动场馆;健身中心",
        "district": "锦江区",
        "weight": 4
      }
    },
    {
      "type": "Feature",
      "geometry": {
        "type": "Point",
        "coordinates": [
          104.079965,
          30.663681
        ]
      },
      "properties": {
        "name": "8k基地桌游酒吧(岳府街店)",
        "category": "sports",
        "type": "体育休闲服务;娱乐场所;酒吧",
        "district": "锦江区",
        "weight": 1
      }
    },
    {
      "type": "Feature",
      "geometry": {
        "type": "Point",
        "coordinates": [
          104.078598,
          30.664281
        ]
      },
      "properties": {
        "name": "华新街社区综合文化活动室",
        "category": "sports",
        "type": "体育休闲服务;休闲场所;休闲场所",
        "district": "锦江区",
        "weight": 2
      }
    },
    {
      "type": "Feature",
      "geometry": {
        "type": "Point",
        "coordinates": [
          104.082033,
          30.661489
        ]
      },
      "properties": {
        "name": "联友棋牌",
        "category": "sports",
        "type": "体育休闲服务;娱乐场所;棋牌室",
        "district": "锦江区",
        "weight": 1
      }
    },
    {
      "type": "Feature",
      "geometry": {
        "type": "Point",
        "coordinates": [
          104.086556,
          30.662302
        ]
      },
      "properties": {
        "name": "万科秀舍天涯长者服务中心",
        "category": "sports",
        "type": "体育休闲服务;度假疗养场所;疗养院",
        "district": "锦江区",
        "weight": 2
      }
    },
    {
      "type": "Feature",
      "geometry": {
        "type": "Point",
        "coordinates": [
          104.088148,
          30.660321
        ]
      },
      "properties": {
        "name": "候来",
        "category": "sports",
        "type": "体育休闲服务;娱乐场所;酒吧",
        "district": "锦江区",
        "weight": 6
      }
    },
    {
      "type": "Feature",
      "geometry": {
        "type": "Point",
        "coordinates": [
          104.091313,
          30.663192
        ]
      },
      "properties": {
        "name": "帮麦网",
        "category": "sports",
        "type": "体育休闲服务;体育休闲服务场所;体育休闲服务场所",
        "district": "成华区",
        "weight": 18
      }
    },
    {
      "type": "Feature",
      "geometry": {
        "type": "Point",
        "coordinates": [
          104.088818,
          30.664308
        ]
      },
      "properties": {
        "name": "喜欢我就啃我吧",
        "category": "sports",
        "type": "体育休闲服务;体育休闲服务场所;体育休闲服务场所",
        "district": "锦江区",
        "weight": 4
      }
    },
    {
      "type": "Feature",
      "geometry": {
        "type": "Point",
        "coordinates": [
          104.085033,
          30.668251
        ]
      },
      "properties": {
        "name": "洛可可",
        "category": "sports",
        "type": "公司企业;公司;广告装饰|体育休闲服务;休闲场所;休闲场所",
        "district": "锦江区",
        "weight": 2
      }
    },
    {
      "type": "Feature",
      "geometry": {
        "type": "Point",
        "coordinates": [
          104.086581,
          30.667725
        ]
      },
      "properties": {
        "name": "Dragon Fly酒吧",
        "category": "sports",
        "type": "体育休闲服务;娱乐场所;酒吧",
        "district": "锦江区",
        "weight": 1
      }
    },
    {
      "type": "Feature",
      "geometry": {
        "type": "Point",
        "coordinates": [
          104.083727,
          30.663395
        ]
      },
      "properties": {
        "name": "浪漫假日网咖",
        "category": "sports",
        "type": "体育休闲服务;娱乐场所;网吧",
        "district": "锦江区",
        "weight": 1
      }
    },
    {
      "type": "Feature",
      "geometry": {
        "type": "Point",
        "coordinates": [
          104.093249,
          30.668634
        ]
      },
      "properties": {
        "name": "西泉头游泳",
        "category": "sports",
        "type": "体育休闲服务;运动场馆;运动场所",
        "district": "成华区",
        "weight": 1
      }
    },
    {
      "type": "Feature",
      "geometry": {
        "type": "Point",
        "coordinates": [
          104.086209,
          30.665112
        ]
      },
      "properties": {
        "name": "龙之网络会所(三槐树路)",
        "category": "sports",
        "type": "体育休闲服务;娱乐场所;网吧",
        "district": "锦江区",
        "weight": 1
      }
    },
    {
      "type": "Feature",
      "geometry": {
        "type": "Point",
        "coordinates": [
          104.09158,
          30.66763
        ]
      },
      "properties": {
        "name": "成都市猛追湾游泳场(2号门)",
        "category": "sports",
        "type": "体育休闲服务;运动场馆;游泳馆|通行设施;临街院门;临街院门",
        "district": "锦江区",
        "weight": 1
      }
    },
    {
      "type": "Feature",
      "geometry": {
        "type": "Point",
        "coordinates": [
          104.093118,
          30.660469
        ]
      },
      "properties": {
        "name": "职工活动室",
        "category": "sports",
        "type": "体育休闲服务;体育休闲服务场所;体育休闲服务场所",
        "district": "成华区",
        "weight": 1
      }
    },
    {
      "type": "Feature",
      "geometry": {
        "type": "Point",
        "coordinates": [
          104.087608,
          30.66847
        ]
      },
      "properties": {
        "name": "昭忠棋牌品茗",
        "category": "sports",
        "type": "体育休闲服务;娱乐场所;棋牌室",
        "district": "锦江区",
        "weight": 1
      }
    },
    {
      "type": "Feature",
      "geometry": {
        "type": "Point",
        "coordinates": [
          104.086364,
          30.663326
        ]
      },
      "properties": {
        "name": "康乐堂",
        "category": "sports",
        "type": "体育休闲服务;娱乐场所;棋牌室",
        "district": "锦江区",
        "weight": 2
      }
    },
    {
      "type": "Feature",
      "geometry": {
        "type": "Point",
        "coordinates": [
          104.090807,
          30.669009
        ]
      },
      "properties": {
        "name": "柳廊湾棋牌机麻",
        "category": "sports",
        "type": "体育休闲服务;娱乐场所;棋牌室",
        "district": "锦江区",
        "weight": 1
      }
    },
    {
      "type": "Feature",
      "geometry": {
        "type": "Point",
        "coordinates": [
          104.085897,
          30.659983
        ]
      },
      "properties": {
        "name": "棋牌乐(天涯石东街)",
        "category": "sports",
        "type": "体育休闲服务;娱乐场所;棋牌室",
        "district": "锦江区",
        "weight": 1
      }
    },
    {
      "type": "Feature",
      "geometry": {
        "type": "Point",
        "coordinates": [
          104.084345,
          30.659786
        ]
      },
      "properties": {
        "name": "开心棋牌(天涯石南街)",
        "category": "sports",
        "type": "体育休闲服务;娱乐场所;棋牌室",
        "district": "锦江区",
        "weight": 1
      }
    },
    {
      "type": "Feature",
      "geometry": {
        "type": "Point",
        "coordinates": [
          104.103328,
          30.664447
        ]
      },
      "properties": {
        "name": "朝久休闲屋",
        "category": "sports",
        "type": "体育休闲服务;体育休闲服务场所;体育休闲服务场所",
        "district": "成华区",
        "weight": 1
      }
    },
    {
      "type": "Feature",
      "geometry": {
        "type": "Point",
        "coordinates": [
          104.102686,
          30.662462
        ]
      },
      "properties": {
        "name": "阿文麻将",
        "category": "sports",
        "type": "体育休闲服务;娱乐场所;棋牌室",
        "district": "成华区",
        "weight": 11
      }
    },
    {
      "type": "Feature",
      "geometry": {
        "type": "Point",
        "coordinates": [
          104.096582,
          30.664327
        ]
      },
      "properties": {
        "name": "蓝色火焰KTV(新鸿路)",
        "category": "sports",
        "type": "体育休闲服务;娱乐场所;KTV",
        "district": "成华区",
        "weight": 1
      }
    },
    {
      "type": "Feature",
      "geometry": {
        "type": "Point",
        "coordinates": [
          104.097451,
          30.667966
        ]
      },
      "properties": {
        "name": "顶尖网吧(猛追湾店)",
        "category": "sports",
        "type": "体育休闲服务;娱乐场所;网吧",
        "district": "成华区",
        "weight": 1
      }
    },
    {
      "type": "Feature",
      "geometry": {
        "type": "Point",
        "coordinates": [
          104.099278,
          30.66316
        ]
      },
      "properties": {
        "name": "先锋羽毛球馆",
        "category": "sports",
        "type": "体育休闲服务;运动场馆;羽毛球场",
        "district": "成华区",
        "weight": 2
      }
    },
    {
      "type": "Feature",
      "geometry": {
        "type": "Point",
        "coordinates": [
          104.103077,
          30.660422
        ]
      },
      "properties": {
        "name": "好嘟嘟斯诺克会所",
        "category": "sports",
        "type": "体育休闲服务;运动场馆;台球厅",
        "district": "成华区",
        "weight": 1
      }
    },
    {
      "type": "Feature",
      "geometry": {
        "type": "Point",
        "coordinates": [
          104.098601,
          30.668139
        ]
      },
      "properties": {
        "name": "世友网吧(智兴直营店)",
        "category": "sports",
        "type": "体育休闲服务;娱乐场所;网吧",
        "district": "成华区",
        "weight": 1
      }
    },
    {
      "type": "Feature",
      "geometry": {
        "type": "Point",
        "coordinates": [
          104.094735,
          30.6647
        ]
      },
      "properties": {
        "name": "最终幻想网吧",
        "category": "sports",
        "type": "体育休闲服务;娱乐场所;网吧",
        "district": "成华区",
        "weight": 1
      }
    },
    {
      "type": "Feature",
      "geometry": {
        "type": "Point",
        "coordinates": [
          104.094205,
          30.659902
        ]
      },
      "properties": {
        "name": "花儿纳吉酒吧",
        "category": "sports",
        "type": "体育休闲服务;娱乐场所;酒吧",
        "district": "成华区",
        "weight": 1
      }
    },
    {
      "type": "Feature",
      "geometry": {
        "type": "Point",
        "coordinates": [
          104.102952,
          30.66702
        ]
      },
      "properties": {
        "name": "伊七网吧",
        "category": "sports",
        "type": "体育休闲服务;娱乐场所;网吧",
        "district": "成华区",
        "weight": 1
      }
    },
    {
      "type": "Feature",
      "geometry": {
        "type": "Point",
        "coordinates": [
          104.100406,
          30.659372
        ]
      },
      "properties": {
        "name": "绝代佳人(双林路店)",
        "category": "sports",
        "type": "体育休闲服务;娱乐场所;KTV",
        "district": "成华区",
        "weight": 2
      }
    },
    {
      "type": "Feature",
      "geometry": {
        "type": "Point",
        "coordinates": [
          104.098703,
          30.664609
        ]
      },
      "properties": {
        "name": "亿博网咖",
        "category": "sports",
        "type": "体育休闲服务;娱乐场所;网吧",
        "district": "成华区",
        "weight": 1
      }
    },
    {
      "type": "Feature",
      "geometry": {
        "type": "Point",
        "coordinates": [
          104.100528,
          30.662666
        ]
      },
      "properties": {
        "name": "上尚网吧",
        "category": "sports",
        "type": "体育休闲服务;娱乐场所;网吧",
        "district": "成华区",
        "weight": 1
      }
    },
    {
      "type": "Feature",
      "geometry": {
        "type": "Point",
        "coordinates": [
          104.101794,
          30.666115
        ]
      },
      "properties": {
        "name": "灰鸟网咖",
        "category": "sports",
        "type": "体育休闲服务;娱乐场所;网吧",
        "district": "成华区",
        "weight": 1
      }
    },
    {
      "type": "Feature",
      "geometry": {
        "type": "Point",
        "coordinates": [
          104.097649,
          30.661156
        ]
      },
      "properties": {
        "name": "沸点棋牌室",
        "category": "sports",
        "type": "体育休闲服务;娱乐场所;棋牌室",
        "district": "成华区",
        "weight": 1
      }
    },
    {
      "type": "Feature",
      "geometry": {
        "type": "Point",
        "coordinates": [
          104.100381,
          30.664519
        ]
      },
      "properties": {
        "name": "游麻地雀友俱乐部",
        "category": "sports",
        "type": "体育休闲服务;娱乐场所;棋牌室",
        "district": "成华区",
        "weight": 1
      }
    },
    {
      "type": "Feature",
      "geometry": {
        "type": "Point",
        "coordinates": [
          104.094112,
          30.661768
        ]
      },
      "properties": {
        "name": "十一设计院老年活动中心",
        "category": "sports",
        "type": "体育休闲服务;休闲场所;休闲场所",
        "district": "成华区",
        "weight": 1
      }
    },
    {
      "type": "Feature",
      "geometry": {
        "type": "Point",
        "coordinates": [
          104.108317,
          30.66187
        ]
      },
      "properties": {
        "name": "和韵轩",
        "category": "sports",
        "type": "体育休闲服务;体育休闲服务场所;体育休闲服务场所",
        "district": "成华区",
        "weight": 7
      }
    },
    {
      "type": "Feature",
      "geometry": {
        "type": "Point",
        "coordinates": [
          104.106338,
          30.664402
        ]
      },
      "properties": {
        "name": "朋友休闲屋",
        "category": "sports",
        "type": "体育休闲服务;娱乐场所;棋牌室",
        "district": "成华区",
        "weight": 1
      }
    },
    {
      "type": "Feature",
      "geometry": {
        "type": "Point",
        "coordinates": [
          104.111588,
          30.662638
        ]
      },
      "properties": {
        "name": "波拉Club",
        "category": "sports",
        "type": "体育休闲服务;娱乐场所;酒吧",
        "district": "成华区",
        "weight": 2
      }
    },
    {
      "type": "Feature",
      "geometry": {
        "type": "Point",
        "coordinates": [
          104.106663,
          30.661281
        ]
      },
      "properties": {
        "name": "桌悦台球",
        "category": "sports",
        "type": "体育休闲服务;运动场馆;台球厅",
        "district": "成华区",
        "weight": 4
      }
    },
    {
      "type": "Feature",
      "geometry": {
        "type": "Point",
        "coordinates": [
          104.107706,
          30.659239
        ]
      },
      "properties": {
        "name": "悦来麻将室",
        "category": "sports",
        "type": "体育休闲服务;体育休闲服务场所;体育休闲服务场所",
        "district": "成华区",
        "weight": 3
      }
    },
    {
      "type": "Feature",
      "geometry": {
        "type": "Point",
        "coordinates": [
          104.10857,
          30.668932
        ]
      },
      "properties": {
        "name": "新概念网吧",
        "category": "sports",
        "type": "体育休闲服务;娱乐场所;网吧",
        "district": "成华区",
        "weight": 2
      }
    },
    {
      "type": "Feature",
      "geometry": {
        "type": "Point",
        "coordinates": [
          104.111468,
          30.667358
        ]
      },
      "properties": {
        "name": "火车吧",
        "category": "sports",
        "type": "体育休闲服务;体育休闲服务场所;体育休闲服务场所",
        "district": "成华区",
        "weight": 2
      }
    },
    {
      "type": "Feature",
      "geometry": {
        "type": "Point",
        "coordinates": [
          104.110789,
          30.659494
        ]
      },
      "properties": {
        "name": "伊久网吧(双林北支路店)",
        "category": "sports",
        "type": "体育休闲服务;娱乐场所;网吧",
        "district": "成华区",
        "weight": 1
      }
    },
    {
      "type": "Feature",
      "geometry": {
        "type": "Point",
        "coordinates": [
          104.107166,
          30.668479
        ]
      },
      "properties": {
        "name": "小院坝棋牌品茗",
        "category": "sports",
        "type": "体育休闲服务;娱乐场所;棋牌室",
        "district": "成华区",
        "weight": 4
      }
    },
    {
      "type": "Feature",
      "geometry": {
        "type": "Point",
        "coordinates": [
          104.104194,
          30.660848
        ]
      },
      "properties": {
        "name": "谭麻将",
        "category": "sports",
        "type": "体育休闲服务;娱乐场所;棋牌室",
        "district": "成华区",
        "weight": 1
      }
    },
    {
      "type": "Feature",
      "geometry": {
        "type": "Point",
        "coordinates": [
          104.104517,
          30.667948
        ]
      },
      "properties": {
        "name": "周氏麻将馆",
        "category": "sports",
        "type": "体育休闲服务;娱乐场所;棋牌室",
        "district": "成华区",
        "weight": 1
      }
    },
    {
      "type": "Feature",
      "geometry": {
        "type": "Point",
        "coordinates": [
          104.120826,
          30.659953
        ]
      },
      "properties": {
        "name": "金山网吧(万年路)",
        "category": "sports",
        "type": "体育休闲服务;娱乐场所;网吧",
        "district": "成华区",
        "weight": 2
      }
    },
    {
      "type": "Feature",
      "geometry": {
        "type": "Point",
        "coordinates": [
          104.113806,
          30.665466
        ]
      },
      "properties": {
        "name": "红名村网吧(杉板桥路)",
        "category": "sports",
        "type": "体育休闲服务;娱乐场所;网吧",
        "district": "成华区",
        "weight": 1
      }
    },
    {
      "type": "Feature",
      "geometry": {
        "type": "Point",
        "coordinates": [
          104.117689,
          30.65997
        ]
      },
      "properties": {
        "name": "成华小学新校区排球场",
        "category": "sports",
        "type": "体育休闲服务;运动场馆;运动场所",
        "district": "成华区",
        "weight": 1
      }
    },
    {
      "type": "Feature",
      "geometry": {
        "type": "Point",
        "coordinates": [
          104.114935,
          30.667097
        ]
      },
      "properties": {
        "name": "火星游乐",
        "category": "sports",
        "type": "体育休闲服务;娱乐场所;娱乐场所",
        "district": "成华区",
        "weight": 1
      }
    },
    {
      "type": "Feature",
      "geometry": {
        "type": "Point",
        "coordinates": [
          104.115533,
          30.663791
        ]
      },
      "properties": {
        "name": "锦绣东方机麻棋牌室",
        "category": "sports",
        "type": "体育休闲服务;娱乐场所;棋牌室",
        "district": "成华区",
        "weight": 1
      }
    },
    {
      "type": "Feature",
      "geometry": {
        "type": "Point",
        "coordinates": [
          104.11886,
          30.662367
        ]
      },
      "properties": {
        "name": "成都仕艾康足球运动中心",
        "category": "sports",
        "type": "体育休闲服务;运动场馆;足球场",
        "district": "成华区",
        "weight": 1
      }
    },
    {
      "type": "Feature",
      "geometry": {
        "type": "Point",
        "coordinates": [
          104.117981,
          30.665121
        ]
      },
      "properties": {
        "name": "东方足球场",
        "category": "sports",
        "type": "体育休闲服务;运动场馆;足球场",
        "district": "成华区",
        "weight": 1
      }
    },
    {
      "type": "Feature",
      "geometry": {
        "type": "Point",
        "coordinates": [
          104.119946,
          30.6646
        ]
      },
      "properties": {
        "name": "仕艾康足球公园",
        "category": "sports",
        "type": "体育休闲服务;运动场馆;足球场",
        "district": "成华区",
        "weight": 1
      }
    },
    {
      "type": "Feature",
      "geometry": {
        "type": "Point",
        "coordinates": [
          104.115407,
          30.660038
        ]
      },
      "properties": {
        "name": "尚东乒乓球俱乐部",
        "category": "sports",
        "type": "体育休闲服务;运动场馆;乒乓球馆",
        "district": "成华区",
        "weight": 1
      }
    },
    {
      "type": "Feature",
      "geometry": {
        "type": "Point",
        "coordinates": [
          104.134204,
          30.666378
        ]
      },
      "properties": {
        "name": "蔓蔓网咖",
        "category": "sports",
        "type": "体育休闲服务;娱乐场所;网吧",
        "district": "成华区",
        "weight": 7
      }
    },
    {
      "type": "Feature",
      "geometry": {
        "type": "Point",
        "coordinates": [
          104.126758,
          30.663022
        ]
      },
      "properties": {
        "name": "墨菲网咖",
        "category": "sports",
        "type": "体育休闲服务;娱乐场所;网吧",
        "district": "成华区",
        "weight": 2
      }
    },
    {
      "type": "Feature",
      "geometry": {
        "type": "Point",
        "coordinates": [
          104.129288,
          30.663358
        ]
      },
      "properties": {
        "name": "品茗棋牌商务",
        "category": "sports",
        "type": "体育休闲服务;娱乐场所;娱乐场所",
        "district": "成华区",
        "weight": 1
      }
    },
    {
      "type": "Feature",
      "geometry": {
        "type": "Point",
        "coordinates": [
          104.126679,
          30.66473
        ]
      },
      "properties": {
        "name": "YOGA",
        "category": "sports",
        "type": "体育休闲服务;运动场馆;健身中心",
        "district": "成华区",
        "weight": 1
      }
    },
    {
      "type": "Feature",
      "geometry": {
        "type": "Point",
        "coordinates": [
          104.136431,
          30.668827
        ]
      },
      "properties": {
        "name": "通通网吧(二仙桥东二路)",
        "category": "sports",
        "type": "体育休闲服务;娱乐场所;网吧",
        "district": "成华区",
        "weight": 1
      }
    },
    {
      "type": "Feature",
      "geometry": {
        "type": "Point",
        "coordinates": [
          104.143075,
          30.665465
        ]
      },
      "properties": {
        "name": "狂飙网吧(和友路)",
        "category": "sports",
        "type": "体育休闲服务;娱乐场所;网吧",
        "district": "成华区",
        "weight": 1
      }
    },
    {
      "type": "Feature",
      "geometry": {
        "type": "Point",
        "coordinates": [
          104.134528,
          30.667813
        ]
      },
      "properties": {
        "name": "成都理工大学南校区足球场",
        "category": "sports",
        "type": "体育休闲服务;运动场馆;足球场",
        "district": "成华区",
        "weight": 1
      }
    },
    {
      "type": "Feature",
      "geometry": {
        "type": "Point",
        "coordinates": [
          103.964654,
          30.650091
        ]
      },
      "properties": {
        "name": "跳跳体育足球运动公园",
        "category": "sports",
        "type": "体育休闲服务;运动场馆;足球场",
        "district": "武侯区",
        "weight": 2
      }
    },
    {
      "type": "Feature",
      "geometry": {
        "type": "Point",
        "coordinates": [
          103.965215,
          30.657482
        ]
      },
      "properties": {
        "name": "今非昔网吧",
        "category": "sports",
        "type": "体育休闲服务;娱乐场所;网吧",
        "district": "武侯区",
        "weight": 6
      }
    },
    {
      "type": "Feature",
      "geometry": {
        "type": "Point",
        "coordinates": [
          103.968206,
          30.650428
        ]
      },
      "properties": {
        "name": "易吧网吧(九康六路)",
        "category": "sports",
        "type": "体育休闲服务;娱乐场所;网吧",
        "district": "武侯区",
        "weight": 1
      }
    },
    {
      "type": "Feature",
      "geometry": {
        "type": "Point",
        "coordinates": [
          103.968939,
          30.654523
        ]
      },
      "properties": {
        "name": "守候沸城网络会所(花龙门店)",
        "category": "sports",
        "type": "体育休闲服务;娱乐场所;网吧",
        "district": "武侯区",
        "weight": 1
      }
    },
    {
      "type": "Feature",
      "geometry": {
        "type": "Point",
        "coordinates": [
          103.967417,
          30.657179
        ]
      },
      "properties": {
        "name": "快怡网吧",
        "category": "sports",
        "type": "体育休闲服务;娱乐场所;网吧",
        "district": "武侯区",
        "weight": 1
      }
    },
    {
      "type": "Feature",
      "geometry": {
        "type": "Point",
        "coordinates": [
          103.969893,
          30.655438
        ]
      },
      "properties": {
        "name": "花龙门村老协活动室",
        "category": "sports",
        "type": "体育休闲服务;休闲场所;休闲场所",
        "district": "武侯区",
        "weight": 1
      }
    },
    {
      "type": "Feature",
      "geometry": {
        "type": "Point",
        "coordinates": [
          103.969219,
          30.656229
        ]
      },
      "properties": {
        "name": "成都通联老人颐养中心",
        "category": "sports",
        "type": "体育休闲服务;度假疗养场所;疗养院",
        "district": "武侯区",
        "weight": 1
      }
    },
    {
      "type": "Feature",
      "geometry": {
        "type": "Point",
        "coordinates": [
          103.983503,
          30.658573
        ]
      },
      "properties": {
        "name": "望湖居",
        "category": "sports",
        "type": "餐饮服务;中餐厅;中餐厅|体育休闲服务;休闲场所;休闲场所",
        "district": "武侯区",
        "weight": 3
      }
    },
    {
      "type": "Feature",
      "geometry": {
        "type": "Point",
        "coordinates": [
          103.976984,
          30.65185
        ]
      },
      "properties": {
        "name": "打鱼郎",
        "category": "sports",
        "type": "体育休闲服务;娱乐场所;棋牌室",
        "district": "武侯区",
        "weight": 12
      }
    },
    {
      "type": "Feature",
      "geometry": {
        "type": "Point",
        "coordinates": [
          103.975982,
          30.653602
        ]
      },
      "properties": {
        "name": "大晨曦网络会所",
        "category": "sports",
        "type": "体育休闲服务;娱乐场所;网吧",
        "district": "武侯区",
        "weight": 1
      }
    },
    {
      "type": "Feature",
      "geometry": {
        "type": "Point",
        "coordinates": [
          103.974278,
          30.654774
        ]
      },
      "properties": {
        "name": "绅鑫台球",
        "category": "sports",
        "type": "体育休闲服务;运动场馆;台球厅",
        "district": "武侯区",
        "weight": 3
      }
    },
    {
      "type": "Feature",
      "geometry": {
        "type": "Point",
        "coordinates": [
          103.976085,
          30.658828
        ]
      },
      "properties": {
        "name": "成都市村活动中心",
        "category": "sports",
        "type": "体育休闲服务;休闲场所;休闲场所",
        "district": "武侯区",
        "weight": 1
      }
    },
    {
      "type": "Feature",
      "geometry": {
        "type": "Point",
        "coordinates": [
          103.974911,
          30.653728
        ]
      },
      "properties": {
        "name": "创知力网吧",
        "category": "sports",
        "type": "体育休闲服务;娱乐场所;网吧",
        "district": "武侯区",
        "weight": 1
      }
    },
    {
      "type": "Feature",
      "geometry": {
        "type": "Point",
        "coordinates": [
          103.975041,
          30.650315
        ]
      },
      "properties": {
        "name": "居民健身活动中心",
        "category": "sports",
        "type": "体育休闲服务;体育休闲服务场所;体育休闲服务场所",
        "district": "武侯区",
        "weight": 1
      }
    },
    {
      "type": "Feature",
      "geometry": {
        "type": "Point",
        "coordinates": [
          103.982649,
          30.65475
        ]
      },
      "properties": {
        "name": "久久勇士野战营",
        "category": "sports",
        "type": "体育休闲服务;体育休闲服务场所;体育休闲服务场所",
        "district": "武侯区",
        "weight": 1
      }
    },
    {
      "type": "Feature",
      "geometry": {
        "type": "Point",
        "coordinates": [
          103.993108,
          30.658508
        ]
      },
      "properties": {
        "name": "穗蓉羽毛球馆",
        "category": "sports",
        "type": "体育休闲服务;运动场馆;羽毛球场",
        "district": "青羊区",
        "weight": 2
      }
    },
    {
      "type": "Feature",
      "geometry": {
        "type": "Point",
        "coordinates": [
          103.992069,
          30.658306
        ]
      },
      "properties": {
        "name": "东坡海芙网球中心",
        "category": "sports",
        "type": "体育休闲服务;运动场馆;网球场",
        "district": "青羊区",
        "weight": 1
      }
    },
    {
      "type": "Feature",
      "geometry": {
        "type": "Point",
        "coordinates": [
          103.98625,
          30.658103
        ]
      },
      "properties": {
        "name": "乐尚KTV(清水河公园店)",
        "category": "sports",
        "type": "体育休闲服务;娱乐场所;KTV",
        "district": "武侯区",
        "weight": 1
      }
    },
    {
      "type": "Feature",
      "geometry": {
        "type": "Point",
        "coordinates": [
          103.994274,
          30.651104
        ]
      },
      "properties": {
        "name": "牧桐网吧",
        "category": "sports",
        "type": "体育休闲服务;娱乐场所;网吧",
        "district": "武侯区",
        "weight": 40
      }
    },
    {
      "type": "Feature",
      "geometry": {
        "type": "Point",
        "coordinates": [
          103.986308,
          30.656726
        ]
      },
      "properties": {
        "name": "成都市金福园养老中心",
        "category": "sports",
        "type": "体育休闲服务;度假疗养场所;疗养院",
        "district": "武侯区",
        "weight": 2
      }
    },
    {
      "type": "Feature",
      "geometry": {
        "type": "Point",
        "coordinates": [
          103.984561,
          30.657167
        ]
      },
      "properties": {
        "name": "清水河公园游乐园",
        "category": "sports",
        "type": "体育休闲服务;休闲场所;游乐场",
        "district": "武侯区",
        "weight": 3
      }
    },
    {
      "type": "Feature",
      "geometry": {
        "type": "Point",
        "coordinates": [
          104.003064,
          30.655515
        ]
      },
      "properties": {
        "name": "家园",
        "category": "sports",
        "type": "体育休闲服务;休闲场所;休闲场所",
        "district": "武侯区",
        "weight": 4
      }
    },
    {
      "type": "Feature",
      "geometry": {
        "type": "Point",
        "coordinates": [
          103.998765,
          30.657405
        ]
      },
      "properties": {
        "name": "世友网吧(金雁直营店)",
        "category": "sports",
        "type": "体育休闲服务;娱乐场所;网吧",
        "district": "武侯区",
        "weight": 1
      }
    },
    {
      "type": "Feature",
      "geometry": {
        "type": "Point",
        "coordinates": [
          103.999335,
          30.654355
        ]
      },
      "properties": {
        "name": "星期舞",
        "category": "sports",
        "type": "体育休闲服务;娱乐场所;娱乐场所",
        "district": "武侯区",
        "weight": 20
      }
    },
    {
      "type": "Feature",
      "geometry": {
        "type": "Point",
        "coordinates": [
          103.999873,
          30.651671
        ]
      },
      "properties": {
        "name": "四哥棋牌室",
        "category": "sports",
        "type": "体育休闲服务;娱乐场所;棋牌室",
        "district": "武侯区",
        "weight": 2
      }
    },
    {
      "type": "Feature",
      "geometry": {
        "type": "Point",
        "coordinates": [
          104.001325,
          30.659269
        ]
      },
      "properties": {
        "name": "顺和棋牌室(沙堰东街)",
        "category": "sports",
        "type": "体育休闲服务;娱乐场所;棋牌室",
        "district": "武侯区",
        "weight": 1
      }
    },
    {
      "type": "Feature",
      "geometry": {
        "type": "Point",
        "coordinates": [
          104.003403,
          30.652179
        ]
      },
      "properties": {
        "name": "杨姐麻将馆",
        "category": "sports",
        "type": "体育休闲服务;娱乐场所;棋牌室",
        "district": "武侯区",
        "weight": 1
      }
    },
    {
      "type": "Feature",
      "geometry": {
        "type": "Point",
        "coordinates": [
          104.003493,
          30.65328
        ]
      },
      "properties": {
        "name": "宸宇网咖",
        "category": "sports",
        "type": "体育休闲服务;娱乐场所;网吧",
        "district": "武侯区",
        "weight": 2
      }
    },
    {
      "type": "Feature",
      "geometry": {
        "type": "Point",
        "coordinates": [
          103.998152,
          30.658302
        ]
      },
      "properties": {
        "name": "康大姐棋牌室",
        "category": "sports",
        "type": "体育休闲服务;娱乐场所;棋牌室",
        "district": "武侯区",
        "weight": 1
      }
    },
    {
      "type": "Feature",
      "geometry": {
        "type": "Point",
        "coordinates": [
          104.002529,
          30.649727
        ]
      },
      "properties": {
        "name": "园中园农家乐",
        "category": "sports",
        "type": "体育休闲服务;休闲场所;休闲场所",
        "district": "武侯区",
        "weight": 1
      }
    },
    {
      "type": "Feature",
      "geometry": {
        "type": "Point",
        "coordinates": [
          104.002363,
          30.654386
        ]
      },
      "properties": {
        "name": "大川健身",
        "category": "sports",
        "type": "体育休闲服务;体育休闲服务场所;体育休闲服务场所",
        "district": "武侯区",
        "weight": 1
      }
    },
    {
      "type": "Feature",
      "geometry": {
        "type": "Point",
        "coordinates": [
          104.011634,
          30.655003
        ]
      },
      "properties": {
        "name": "龙悦",
        "category": "sports",
        "type": "体育休闲服务;娱乐场所;KTV",
        "district": "武侯区",
        "weight": 3
      }
    },
    {
      "type": "Feature",
      "geometry": {
        "type": "Point",
        "coordinates": [
          104.007651,
          30.653993
        ]
      },
      "properties": {
        "name": "丽景华庭2期游泳池",
        "category": "sports",
        "type": "体育休闲服务;运动场馆;游泳馆",
        "district": "武侯区",
        "weight": 1
      }
    },
    {
      "type": "Feature",
      "geometry": {
        "type": "Point",
        "coordinates": [
          104.008433,
          30.655167
        ]
      },
      "properties": {
        "name": "花间集游泳池",
        "category": "sports",
        "type": "体育休闲服务;运动场馆;游泳馆",
        "district": "武侯区",
        "weight": 2
      }
    },
    {
      "type": "Feature",
      "geometry": {
        "type": "Point",
        "coordinates": [
          104.012362,
          30.65305
        ]
      },
      "properties": {
        "name": "扣扣网吧",
        "category": "sports",
        "type": "体育休闲服务;娱乐场所;网吧",
        "district": "武侯区",
        "weight": 5
      }
    },
    {
      "type": "Feature",
      "geometry": {
        "type": "Point",
        "coordinates": [
          104.013319,
          30.653988
        ]
      },
      "properties": {
        "name": "未晞瑜伽",
        "category": "sports",
        "type": "体育休闲服务;运动场馆;健身中心",
        "district": "武侯区",
        "weight": 3
      }
    },
    {
      "type": "Feature",
      "geometry": {
        "type": "Point",
        "coordinates": [
          104.005292,
          30.65378
        ]
      },
      "properties": {
        "name": "金林俊景游泳池",
        "category": "sports",
        "type": "体育休闲服务;运动场馆;游泳馆",
        "district": "武侯区",
        "weight": 2
      }
    },
    {
      "type": "Feature",
      "geometry": {
        "type": "Point",
        "coordinates": [
          104.011519,
          30.651513
        ]
      },
      "properties": {
        "name": "苏可网咖(鹭岛店)",
        "category": "sports",
        "type": "体育休闲服务;体育休闲服务场所;体育休闲服务场所",
        "district": "武侯区",
        "weight": 2
      }
    },
    {
      "type": "Feature",
      "geometry": {
        "type": "Point",
        "coordinates": [
          104.00976,
          30.654436
        ]
      },
      "properties": {
        "name": "新康力健身",
        "category": "sports",
        "type": "体育休闲服务;运动场馆;健身中心",
        "district": "武侯区",
        "weight": 1
      }
    },
    {
      "type": "Feature",
      "geometry": {
        "type": "Point",
        "coordinates": [
          104.010367,
          30.65133
        ]
      },
      "properties": {
        "name": "毅力健身工作室",
        "category": "sports",
        "type": "体育休闲服务;运动场馆;健身中心",
        "district": "武侯区",
        "weight": 1
      }
    },
    {
      "type": "Feature",
      "geometry": {
        "type": "Point",
        "coordinates": [
          104.013664,
          30.656759
        ]
      },
      "properties": {
        "name": "奇维网咖",
        "category": "sports",
        "type": "体育休闲服务;娱乐场所;网吧",
        "district": "武侯区",
        "weight": 2
      }
    },
    {
      "type": "Feature",
      "geometry": {
        "type": "Point",
        "coordinates": [
          104.00744,
          30.659197
        ]
      },
      "properties": {
        "name": "白鲨游泳俱乐部",
        "category": "sports",
        "type": "体育休闲服务;运动场馆;游泳馆",
        "district": "青羊区",
        "weight": 2
      }
    },
    {
      "type": "Feature",
      "geometry": {
        "type": "Point",
        "coordinates": [
          104.006589,
          30.653867
        ]
      },
      "properties": {
        "name": "龙腾网咖(中环路武阳大道段)",
        "category": "sports",
        "type": "体育休闲服务;娱乐场所;网吧",
        "district": "武侯区",
        "weight": 1
      }
    },
    {
      "type": "Feature",
      "geometry": {
        "type": "Point",
        "coordinates": [
          104.009187,
          30.653163
        ]
      },
      "properties": {
        "name": "七妹棋牌室",
        "category": "sports",
        "type": "体育休闲服务;娱乐场所;棋牌室",
        "district": "武侯区",
        "weight": 1
      }
    },
    {
      "type": "Feature",
      "geometry": {
        "type": "Point",
        "coordinates": [
          104.012088,
          30.656591
        ]
      },
      "properties": {
        "name": "泊景湾游泳池",
        "category": "sports",
        "type": "体育休闲服务;运动场馆;游泳馆",
        "district": "武侯区",
        "weight": 1
      }
    },
    {
      "type": "Feature",
      "geometry": {
        "type": "Point",
        "coordinates": [
          104.022371,
          30.650679
        ]
      },
      "properties": {
        "name": "秀酒馆",
        "category": "sports",
        "type": "体育休闲服务;娱乐场所;酒吧",
        "district": "武侯区",
        "weight": 20
      }
    },
    {
      "type": "Feature",
      "geometry": {
        "type": "Point",
        "coordinates": [
          104.020911,
          30.654267
        ]
      },
      "properties": {
        "name": "月亮村KTV(清水河畔店)",
        "category": "sports",
        "type": "体育休闲服务;娱乐场所;KTV",
        "district": "青羊区",
        "weight": 1
      }
    },
    {
      "type": "Feature",
      "geometry": {
        "type": "Point",
        "coordinates": [
          104.022419,
          30.653925
        ]
      },
      "properties": {
        "name": "酒点半",
        "category": "sports",
        "type": "体育休闲服务;娱乐场所;娱乐场所",
        "district": "青羊区",
        "weight": 11
      }
    },
    {
      "type": "Feature",
      "geometry": {
        "type": "Point",
        "coordinates": [
          104.015086,
          30.65198
        ]
      },
      "properties": {
        "name": "调酒术",
        "category": "sports",
        "type": "体育休闲服务;娱乐场所;酒吧",
        "district": "武侯区",
        "weight": 5
      }
    },
    {
      "type": "Feature",
      "geometry": {
        "type": "Point",
        "coordinates": [
          104.015009,
          30.658345
        ]
      },
      "properties": {
        "name": "宸园恒温游泳馆",
        "category": "sports",
        "type": "体育休闲服务;运动场馆;游泳馆",
        "district": "武侯区",
        "weight": 1
      }
    },
    {
      "type": "Feature",
      "geometry": {
        "type": "Point",
        "coordinates": [
          104.018579,
          30.650496
        ]
      },
      "properties": {
        "name": "南山南国际会所",
        "category": "sports",
        "type": "体育休闲服务;体育休闲服务场所;体育休闲服务场所",
        "district": "武侯区",
        "weight": 2
      }
    },
    {
      "type": "Feature",
      "geometry": {
        "type": "Point",
        "coordinates": [
          104.016562,
          30.654643
        ]
      },
      "properties": {
        "name": "卓杜威机器人活动中心",
        "category": "sports",
        "type": "体育休闲服务;体育休闲服务场所;体育休闲服务场所",
        "district": "武侯区",
        "weight": 1
      }
    },
    {
      "type": "Feature",
      "geometry": {
        "type": "Point",
        "coordinates": [
          104.020211,
          30.651613
        ]
      },
      "properties": {
        "name": "省文化公寓老年活动室",
        "category": "sports",
        "type": "体育休闲服务;休闲场所;休闲场所",
        "district": "武侯区",
        "weight": 1
      }
    },
    {
      "type": "Feature",
      "geometry": {
        "type": "Point",
        "coordinates": [
          104.021756,
          30.652639
        ]
      },
      "properties": {
        "name": "无印瑜伽观心馆",
        "category": "sports",
        "type": "体育休闲服务;运动场馆;健身中心",
        "district": "武侯区",
        "weight": 2
      }
    },
    {
      "type": "Feature",
      "geometry": {
        "type": "Point",
        "coordinates": [
          104.019867,
          30.655544
        ]
      },
      "properties": {
        "name": "滨江绿道",
        "category": "sports",
        "type": "体育休闲服务;运动场馆;户外健身场所",
        "district": "青羊区",
        "weight": 1
      }
    },
    {
      "type": "Feature",
      "geometry": {
        "type": "Point",
        "coordinates": [
          104.027242,
          30.650676
        ]
      },
      "properties": {
        "name": "绝色网吧",
        "category": "sports",
        "type": "体育休闲服务;娱乐场所;网吧",
        "district": "武侯区",
        "weight": 1
      }
    },
    {
      "type": "Feature",
      "geometry": {
        "type": "Point",
        "coordinates": [
          104.026341,
          30.657348
        ]
      },
      "properties": {
        "name": "趣玩吧",
        "category": "sports",
        "type": "体育休闲服务;娱乐场所;娱乐场所",
        "district": "青羊区",
        "weight": 1
      }
    },
    {
      "type": "Feature",
      "geometry": {
        "type": "Point",
        "coordinates": [
          104.02486,
          30.657454
        ]
      },
      "properties": {
        "name": "成都浣花网球场",
        "category": "sports",
        "type": "体育休闲服务;运动场馆;网球场",
        "district": "青羊区",
        "weight": 2
      }
    },
    {
      "type": "Feature",
      "geometry": {
        "type": "Point",
        "coordinates": [
          104.029613,
          30.650703
        ]
      },
      "properties": {
        "name": "双楠网吧",
        "category": "sports",
        "type": "体育休闲服务;娱乐场所;网吧",
        "district": "武侯区",
        "weight": 1
      }
    },
    {
      "type": "Feature",
      "geometry": {
        "type": "Point",
        "coordinates": [
          104.030287,
          30.652518
        ]
      },
      "properties": {
        "name": "天使网咖(百花南街店)",
        "category": "sports",
        "type": "体育休闲服务;娱乐场所;网吧",
        "district": "武侯区",
        "weight": 1
      }
    },
    {
      "type": "Feature",
      "geometry": {
        "type": "Point",
        "coordinates": [
          104.026818,
          30.652777
        ]
      },
      "properties": {
        "name": "缘水和",
        "category": "sports",
        "type": "体育休闲服务;体育休闲服务场所;体育休闲服务场所",
        "district": "武侯区",
        "weight": 2
      }
    },
    {
      "type": "Feature",
      "geometry": {
        "type": "Point",
        "coordinates": [
          104.024165,
          30.652981
        ]
      },
      "properties": {
        "name": "紫藤棋牌",
        "category": "sports",
        "type": "体育休闲服务;娱乐场所;棋牌室",
        "district": "武侯区",
        "weight": 3
      }
    },
    {
      "type": "Feature",
      "geometry": {
        "type": "Point",
        "coordinates": [
          104.032829,
          30.651511
        ]
      },
      "properties": {
        "name": "蓝光高清电影",
        "category": "sports",
        "type": "体育休闲服务;体育休闲服务场所;体育休闲服务场所",
        "district": "武侯区",
        "weight": 3
      }
    },
    {
      "type": "Feature",
      "geometry": {
        "type": "Point",
        "coordinates": [
          104.03113,
          30.649861
        ]
      },
      "properties": {
        "name": "亿森娱乐活动中心",
        "category": "sports",
        "type": "体育休闲服务;休闲场所;休闲场所",
        "district": "武侯区",
        "weight": 1
      }
    },
    {
      "type": "Feature",
      "geometry": {
        "type": "Point",
        "coordinates": [
          104.031568,
          30.652578
        ]
      },
      "properties": {
        "name": "百花棋牌室",
        "category": "sports",
        "type": "体育休闲服务;娱乐场所;棋牌室",
        "district": "武侯区",
        "weight": 3
      }
    },
    {
      "type": "Feature",
      "geometry": {
        "type": "Point",
        "coordinates": [
          104.027555,
          30.651827
        ]
      },
      "properties": {
        "name": "友缘棋牌(少陵横街)",
        "category": "sports",
        "type": "体育休闲服务;娱乐场所;棋牌室",
        "district": "武侯区",
        "weight": 1
      }
    },
    {
      "type": "Feature",
      "geometry": {
        "type": "Point",
        "coordinates": [
          104.024562,
          30.650932
        ]
      },
      "properties": {
        "name": "传奇健身(少陵路店)",
        "category": "sports",
        "type": "体育休闲服务;运动场馆;健身中心",
        "district": "武侯区",
        "weight": 2
      }
    },
    {
      "type": "Feature",
      "geometry": {
        "type": "Point",
        "coordinates": [
          104.025664,
          30.65017
        ]
      },
      "properties": {
        "name": "HOLA酒吧",
        "category": "sports",
        "type": "体育休闲服务;娱乐场所;酒吧",
        "district": "武侯区",
        "weight": 1
      }
    },
    {
      "type": "Feature",
      "geometry": {
        "type": "Point",
        "coordinates": [
          104.041201,
          30.651278
        ]
      },
      "properties": {
        "name": "成都体育学院抱石馆",
        "category": "sports",
        "type": "体育休闲服务;运动场馆;运动场所",
        "district": "武侯区",
        "weight": 1
      }
    },
    {
      "type": "Feature",
      "geometry": {
        "type": "Point",
        "coordinates": [
          104.04317,
          30.650995
        ]
      },
      "properties": {
        "name": "成都体育学院武术馆",
        "category": "sports",
        "type": "体育休闲服务;运动场馆;运动场所",
        "district": "武侯区",
        "weight": 4
      }
    },
    {
      "type": "Feature",
      "geometry": {
        "type": "Point",
        "coordinates": [
          104.039407,
          30.648641
        ]
      },
      "properties": {
        "name": "龙腾网吧",
        "category": "sports",
        "type": "体育休闲服务;娱乐场所;网吧",
        "district": "武侯区",
        "weight": 25
      }
    },
    {
      "type": "Feature",
      "geometry": {
        "type": "Point",
        "coordinates": [
          104.037228,
          30.657764
        ]
      },
      "properties": {
        "name": "四川东方老年乐园",
        "category": "sports",
        "type": "体育休闲服务;休闲场所;休闲场所",
        "district": "青羊区",
        "weight": 1
      }
    },
    {
      "type": "Feature",
      "geometry": {
        "type": "Point",
        "coordinates": [
          104.040711,
          30.657309
        ]
      },
      "properties": {
        "name": "河马",
        "category": "sports",
        "type": "体育休闲服务;娱乐场所;酒吧",
        "district": "青羊区",
        "weight": 21
      }
    },
    {
      "type": "Feature",
      "geometry": {
        "type": "Point",
        "coordinates": [
          104.035248,
          30.658608
        ]
      },
      "properties": {
        "name": "未成年活动室",
        "category": "sports",
        "type": "体育休闲服务;体育休闲服务场所;体育休闲服务场所",
        "district": "青羊区",
        "weight": 2
      }
    },
    {
      "type": "Feature",
      "geometry": {
        "type": "Point",
        "coordinates": [
          104.037681,
          30.655079
        ]
      },
      "properties": {
        "name": "京川宾馆健身房",
        "category": "sports",
        "type": "体育休闲服务;运动场馆;健身中心",
        "district": "青羊区",
        "weight": 2
      }
    },
    {
      "type": "Feature",
      "geometry": {
        "type": "Point",
        "coordinates": [
          104.039125,
          30.654327
        ]
      },
      "properties": {
        "name": "Toy网吧",
        "category": "sports",
        "type": "体育休闲服务;娱乐场所;网吧",
        "district": "青羊区",
        "weight": 1
      }
    },
    {
      "type": "Feature",
      "geometry": {
        "type": "Point",
        "coordinates": [
          104.03861,
          30.652454
        ]
      },
      "properties": {
        "name": "破酒吧",
        "category": "sports",
        "type": "体育休闲服务;娱乐场所;酒吧",
        "district": "武侯区",
        "weight": 2
      }
    },
    {
      "type": "Feature",
      "geometry": {
        "type": "Point",
        "coordinates": [
          104.043486,
          30.654573
        ]
      },
      "properties": {
        "name": "群英会",
        "category": "sports",
        "type": "体育休闲服务;体育休闲服务场所;体育休闲服务场所",
        "district": "青羊区",
        "weight": 1
      }
    },
    {
      "type": "Feature",
      "geometry": {
        "type": "Point",
        "coordinates": [
          104.036165,
          30.657559
        ]
      },
      "properties": {
        "name": "芳邻路社区青少年活动室",
        "category": "sports",
        "type": "体育休闲服务;体育休闲服务场所;体育休闲服务场所",
        "district": "青羊区",
        "weight": 1
      }
    },
    {
      "type": "Feature",
      "geometry": {
        "type": "Point",
        "coordinates": [
          104.036568,
          30.653652
        ]
      },
      "properties": {
        "name": "健康运动中心",
        "category": "sports",
        "type": "体育休闲服务;体育休闲服务场所;体育休闲服务场所",
        "district": "武侯区",
        "weight": 1
      }
    },
    {
      "type": "Feature",
      "geometry": {
        "type": "Point",
        "coordinates": [
          104.038682,
          30.6588
        ]
      },
      "properties": {
        "name": "百花潭公园游乐场",
        "category": "sports",
        "type": "体育休闲服务;休闲场所;游乐场",
        "district": "青羊区",
        "weight": 1
      }
    },
    {
      "type": "Feature",
      "geometry": {
        "type": "Point",
        "coordinates": [
          104.049129,
          30.657556
        ]
      },
      "properties": {
        "name": "青城豪生温泉运动休闲套票",
        "category": "sports",
        "type": "体育休闲服务;体育休闲服务场所;体育休闲服务场所",
        "district": "青羊区",
        "weight": 2
      }
    },
    {
      "type": "Feature",
      "geometry": {
        "type": "Point",
        "coordinates": [
          104.048516,
          30.650911
        ]
      },
      "properties": {
        "name": "四川省成都市城南足球体育场",
        "category": "sports",
        "type": "体育休闲服务;运动场馆;运动场所",
        "district": "武侯区",
        "weight": 1
      }
    },
    {
      "type": "Feature",
      "geometry": {
        "type": "Point",
        "coordinates": [
          104.049258,
          30.64969
        ]
      },
      "properties": {
        "name": "逸刻网球俱乐部",
        "category": "sports",
        "type": "体育休闲服务;运动场馆;网球场",
        "district": "武侯区",
        "weight": 1
      }
    },
    {
      "type": "Feature",
      "geometry": {
        "type": "Point",
        "coordinates": [
          104.052391,
          30.658407
        ]
      },
      "properties": {
        "name": "戏堂网咖",
        "category": "sports",
        "type": "体育休闲服务;娱乐场所;网吧",
        "district": "青羊区",
        "weight": 3
      }
    },
    {
      "type": "Feature",
      "geometry": {
        "type": "Point",
        "coordinates": [
          104.047682,
          30.658157
        ]
      },
      "properties": {
        "name": "长城社区未成年人活动中心",
        "category": "sports",
        "type": "体育休闲服务;休闲场所;休闲场所",
        "district": "青羊区",
        "weight": 1
      }
    },
    {
      "type": "Feature",
      "geometry": {
        "type": "Point",
        "coordinates": [
          104.050225,
          30.656298
        ]
      },
      "properties": {
        "name": "新派渝富桥",
        "category": "sports",
        "type": "体育休闲服务;娱乐场所;娱乐场所",
        "district": "青羊区",
        "weight": 5
      }
    },
    {
      "type": "Feature",
      "geometry": {
        "type": "Point",
        "coordinates": [
          104.047006,
          30.655389
        ]
      },
      "properties": {
        "name": "e98啤酒馆",
        "category": "sports",
        "type": "体育休闲服务;娱乐场所;酒吧",
        "district": "青羊区",
        "weight": 2
      }
    },
    {
      "type": "Feature",
      "geometry": {
        "type": "Point",
        "coordinates": [
          104.047124,
          30.649711
        ]
      },
      "properties": {
        "name": "耍酒",
        "category": "sports",
        "type": "体育休闲服务;娱乐场所;酒吧",
        "district": "武侯区",
        "weight": 11
      }
    },
    {
      "type": "Feature",
      "geometry": {
        "type": "Point",
        "coordinates": [
          104.053982,
          30.64919
        ]
      },
      "properties": {
        "name": "凯利音乐",
        "category": "sports",
        "type": "体育休闲服务;娱乐场所;KTV",
        "district": "武侯区",
        "weight": 15
      }
    },
    {
      "type": "Feature",
      "geometry": {
        "type": "Point",
        "coordinates": [
          104.045693,
          30.654381
        ]
      },
      "properties": {
        "name": "成都市老干部网球俱乐部",
        "category": "sports",
        "type": "体育休闲服务;运动场馆;网球场",
        "district": "青羊区",
        "weight": 1
      }
    },
    {
      "type": "Feature",
      "geometry": {
        "type": "Point",
        "coordinates": [
          104.044817,
          30.65668
        ]
      },
      "properties": {
        "name": "大耳朵网咖(成都锦里店)",
        "category": "sports",
        "type": "体育休闲服务;娱乐场所;网吧",
        "district": "青羊区",
        "weight": 1
      }
    },
    {
      "type": "Feature",
      "geometry": {
        "type": "Point",
        "coordinates": [
          104.048616,
          30.655138
        ]
      },
      "properties": {
        "name": "梵音瑜伽专业会所",
        "category": "sports",
        "type": "体育休闲服务;运动场馆;健身中心",
        "district": "青羊区",
        "weight": 1
      }
    },
    {
      "type": "Feature",
      "geometry": {
        "type": "Point",
        "coordinates": [
          104.044124,
          30.658143
        ]
      },
      "properties": {
        "name": "锦水棋屋",
        "category": "sports",
        "type": "体育休闲服务;娱乐场所;棋牌室",
        "district": "青羊区",
        "weight": 3
      }
    },
    {
      "type": "Feature",
      "geometry": {
        "type": "Point",
        "coordinates": [
          104.048795,
          30.659187
        ]
      },
      "properties": {
        "name": "鼎盛中林麻将馆",
        "category": "sports",
        "type": "体育休闲服务;娱乐场所;棋牌室",
        "district": "青羊区",
        "weight": 1
      }
    },
    {
      "type": "Feature",
      "geometry": {
        "type": "Point",
        "coordinates": [
          104.053838,
          30.656166
        ]
      },
      "properties": {
        "name": "大隐棋牌",
        "category": "sports",
        "type": "体育休闲服务;娱乐场所;棋牌室",
        "district": "青羊区",
        "weight": 3
      }
    },
    {
      "type": "Feature",
      "geometry": {
        "type": "Point",
        "coordinates": [
          104.050268,
          30.652212
        ]
      },
      "properties": {
        "name": "广林棋牌",
        "category": "sports",
        "type": "体育休闲服务;娱乐场所;棋牌室",
        "district": "武侯区",
        "weight": 1
      }
    },
    {
      "type": "Feature",
      "geometry": {
        "type": "Point",
        "coordinates": [
          104.062512,
          30.650634
        ]
      },
      "properties": {
        "name": "世纪会所",
        "category": "sports",
        "type": "体育休闲服务;娱乐场所;KTV",
        "district": "锦江区",
        "weight": 6
      }
    },
    {
      "type": "Feature",
      "geometry": {
        "type": "Point",
        "coordinates": [
          104.060134,
          30.657061
        ]
      },
      "properties": {
        "name": "Ai尚韵动",
        "category": "sports",
        "type": "体育休闲服务;运动场馆;健身中心",
        "district": "青羊区",
        "weight": 3
      }
    },
    {
      "type": "Feature",
      "geometry": {
        "type": "Point",
        "coordinates": [
          104.058197,
          30.651396
        ]
      },
      "properties": {
        "name": "Z壹酒吧",
        "category": "sports",
        "type": "体育休闲服务;娱乐场所;酒吧",
        "district": "锦江区",
        "weight": 13
      }
    },
    {
      "type": "Feature",
      "geometry": {
        "type": "Point",
        "coordinates": [
          104.058939,
          30.654398
        ]
      },
      "properties": {
        "name": "省公安厅老干处活动中心",
        "category": "sports",
        "type": "体育休闲服务;体育休闲服务场所;体育休闲服务场所",
        "district": "青羊区",
        "weight": 1
      }
    },
    {
      "type": "Feature",
      "geometry": {
        "type": "Point",
        "coordinates": [
          104.056934,
          30.656804
        ]
      },
      "properties": {
        "name": "拂晓网咖吧·茶楼",
        "category": "sports",
        "type": "体育休闲服务;娱乐场所;网吧",
        "district": "青羊区",
        "weight": 1
      }
    },
    {
      "type": "Feature",
      "geometry": {
        "type": "Point",
        "coordinates": [
          104.054459,
          30.65772
        ]
      },
      "properties": {
        "name": "梁粉棋牌室",
        "category": "sports",
        "type": "体育休闲服务;娱乐场所;棋牌室",
        "district": "青羊区",
        "weight": 2
      }
    },
    {
      "type": "Feature",
      "geometry": {
        "type": "Point",
        "coordinates": [
          104.063144,
          30.656396
        ]
      },
      "properties": {
        "name": "健身游泳中心",
        "category": "sports",
        "type": "体育休闲服务;运动场馆;游泳馆",
        "district": "青羊区",
        "weight": 5
      }
    },
    {
      "type": "Feature",
      "geometry": {
        "type": "Point",
        "coordinates": [
          104.058364,
          30.656098
        ]
      },
      "properties": {
        "name": "成都市教职工活动中心",
        "category": "sports",
        "type": "体育休闲服务;娱乐场所;娱乐场所",
        "district": "青羊区",
        "weight": 1
      }
    },
    {
      "type": "Feature",
      "geometry": {
        "type": "Point",
        "coordinates": [
          104.062943,
          30.654374
        ]
      },
      "properties": {
        "name": "音琪巴依音琪健身",
        "category": "sports",
        "type": "体育休闲服务;体育休闲服务场所;体育休闲服务场所",
        "district": "锦江区",
        "weight": 1
      }
    },
    {
      "type": "Feature",
      "geometry": {
        "type": "Point",
        "coordinates": [
          104.061441,
          30.653987
        ]
      },
      "properties": {
        "name": "张莹莹健身私教工作室",
        "category": "sports",
        "type": "体育休闲服务;运动场馆;健身中心",
        "district": "锦江区",
        "weight": 2
      }
    },
    {
      "type": "Feature",
      "geometry": {
        "type": "Point",
        "coordinates": [
          104.059065,
          30.657283
        ]
      },
      "properties": {
        "name": "陕西会馆",
        "category": "sports",
        "type": "体育休闲服务;娱乐场所;娱乐场所",
        "district": "青羊区",
        "weight": 1
      }
    },
    {
      "type": "Feature",
      "geometry": {
        "type": "Point",
        "coordinates": [
          104.056092,
          30.650295
        ]
      },
      "properties": {
        "name": "魔时代健身私教工作室",
        "category": "sports",
        "type": "体育休闲服务;运动场馆;健身中心",
        "district": "青羊区",
        "weight": 1
      }
    },
    {
      "type": "Feature",
      "geometry": {
        "type": "Point",
        "coordinates": [
          104.059648,
          30.656009
        ]
      },
      "properties": {
        "name": "茶棋牌",
        "category": "sports",
        "type": "体育休闲服务;娱乐场所;棋牌室",
        "district": "青羊区",
        "weight": 1
      }
    },
    {
      "type": "Feature",
      "geometry": {
        "type": "Point",
        "coordinates": [
          104.056728,
          30.655674
        ]
      },
      "properties": {
        "name": "茗人棋牌坊",
        "category": "sports",
        "type": "体育休闲服务;娱乐场所;棋牌室",
        "district": "青羊区",
        "weight": 1
      }
    },
    {
      "type": "Feature",
      "geometry": {
        "type": "Point",
        "coordinates": [
          104.070178,
          30.65121
        ]
      },
      "properties": {
        "name": "美宾体育游泳池(皇后国际店)",
        "category": "sports",
        "type": "体育休闲服务;运动场馆;游泳馆",
        "district": "锦江区",
        "weight": 1
      }
    },
    {
      "type": "Feature",
      "geometry": {
        "type": "Point",
        "coordinates": [
          104.065307,
          30.653251
        ]
      },
      "properties": {
        "name": "四川省川剧院(烟袋巷)",
        "category": "sports",
        "type": "体育休闲服务;影剧院;剧场",
        "district": "锦江区",
        "weight": 5
      }
    },
    {
      "type": "Feature",
      "geometry": {
        "type": "Point",
        "coordinates": [
          104.064724,
          30.657799
        ]
      },
      "properties": {
        "name": "v加酒吧",
        "category": "sports",
        "type": "体育休闲服务;娱乐场所;酒吧",
        "district": "锦江区",
        "weight": 3
      }
    },
    {
      "type": "Feature",
      "geometry": {
        "type": "Point",
        "coordinates": [
          104.067043,
          30.655573
        ]
      },
      "properties": {
        "name": "游乐区",
        "category": "sports",
        "type": "体育休闲服务;娱乐场所;娱乐场所",
        "district": "锦江区",
        "weight": 16
      }
    },
    {
      "type": "Feature",
      "geometry": {
        "type": "Point",
        "coordinates": [
          104.069799,
          30.658196
        ]
      },
      "properties": {
        "name": "DELA",
        "category": "sports",
        "type": "体育休闲服务;体育休闲服务场所;体育休闲服务场所",
        "district": "锦江区",
        "weight": 3
      }
    },
    {
      "type": "Feature",
      "geometry": {
        "type": "Point",
        "coordinates": [
          104.07344,
          30.659342
        ]
      },
      "properties": {
        "name": "心灵·几何网吧",
        "category": "sports",
        "type": "体育休闲服务;娱乐场所;网吧",
        "district": "锦江区",
        "weight": 2
      }
    },
    {
      "type": "Feature",
      "geometry": {
        "type": "Point",
        "coordinates": [
          104.071034,
          30.658579
        ]
      },
      "properties": {
        "name": "太平洋国际影城(春熙路店)",
        "category": "sports",
        "type": "体育休闲服务;影剧院;电影院",
        "district": "锦江区",
        "weight": 1
      }
    },
    {
      "type": "Feature",
      "geometry": {
        "type": "Point",
        "coordinates": [
          104.070736,
          30.65661
        ]
      },
      "properties": {
        "name": "新良汇夜总会",
        "category": "sports",
        "type": "体育休闲服务;娱乐场所;夜总会",
        "district": "锦江区",
        "weight": 3
      }
    },
    {
      "type": "Feature",
      "geometry": {
        "type": "Point",
        "coordinates": [
          104.073432,
          30.656246
        ]
      },
      "properties": {
        "name": "时光盒子网咖",
        "category": "sports",
        "type": "体育休闲服务;娱乐场所;网吧",
        "district": "锦江区",
        "weight": 7
      }
    },
    {
      "type": "Feature",
      "geometry": {
        "type": "Point",
        "coordinates": [
          104.066162,
          30.649697
        ]
      },
      "properties": {
        "name": "雪茄吧",
        "category": "sports",
        "type": "体育休闲服务;体育休闲服务场所;体育休闲服务场所",
        "district": "锦江区",
        "weight": 5
      }
    },
    {
      "type": "Feature",
      "geometry": {
        "type": "Point",
        "coordinates": [
          104.064791,
          30.651106
        ]
      },
      "properties": {
        "name": "丽尊量贩KTV",
        "category": "sports",
        "type": "体育休闲服务;娱乐场所;KTV",
        "district": "锦江区",
        "weight": 2
      }
    },
    {
      "type": "Feature",
      "geometry": {
        "type": "Point",
        "coordinates": [
          104.068602,
          30.65759
        ]
      },
      "properties": {
        "name": "啡语网咖",
        "category": "sports",
        "type": "体育休闲服务;娱乐场所;网吧",
        "district": "锦江区",
        "weight": 2
      }
    },
    {
      "type": "Feature",
      "geometry": {
        "type": "Point",
        "coordinates": [
          104.073402,
          30.650384
        ]
      },
      "properties": {
        "name": "鼎域网咖(香槟店)",
        "category": "sports",
        "type": "体育休闲服务;娱乐场所;网吧",
        "district": "锦江区",
        "weight": 1
      }
    },
    {
      "type": "Feature",
      "geometry": {
        "type": "Point",
        "coordinates": [
          104.071961,
          30.650122
        ]
      },
      "properties": {
        "name": "活动排练室",
        "category": "sports",
        "type": "体育休闲服务;体育休闲服务场所;体育休闲服务场所",
        "district": "锦江区",
        "weight": 2
      }
    },
    {
      "type": "Feature",
      "geometry": {
        "type": "Point",
        "coordinates": [
          104.064156,
          30.654856
        ]
      },
      "properties": {
        "name": "联众网络",
        "category": "sports",
        "type": "体育休闲服务;娱乐场所;网吧",
        "district": "锦江区",
        "weight": 2
      }
    },
    {
      "type": "Feature",
      "geometry": {
        "type": "Point",
        "coordinates": [
          104.067781,
          30.652216
        ]
      },
      "properties": {
        "name": "乐活桌游俱乐部",
        "category": "sports",
        "type": "体育休闲服务;娱乐场所;娱乐场所",
        "district": "锦江区",
        "weight": 1
      }
    },
    {
      "type": "Feature",
      "geometry": {
        "type": "Point",
        "coordinates": [
          104.070065,
          30.654124
        ]
      },
      "properties": {
        "name": "明宇足球俱乐部",
        "category": "sports",
        "type": "体育休闲服务;运动场馆;足球场",
        "district": "锦江区",
        "weight": 1
      }
    },
    {
      "type": "Feature",
      "geometry": {
        "type": "Point",
        "coordinates": [
          104.077043,
          30.654766
        ]
      },
      "properties": {
        "name": "温莎KTV",
        "category": "sports",
        "type": "体育休闲服务;娱乐场所;KTV",
        "district": "锦江区",
        "weight": 12
      }
    },
    {
      "type": "Feature",
      "geometry": {
        "type": "Point",
        "coordinates": [
          104.075596,
          30.656974
        ]
      },
      "properties": {
        "name": "青年V幕",
        "category": "sports",
        "type": "体育休闲服务;影剧院;电影院",
        "district": "锦江区",
        "weight": 4
      }
    },
    {
      "type": "Feature",
      "geometry": {
        "type": "Point",
        "coordinates": [
          104.081263,
          30.654168
        ]
      },
      "properties": {
        "name": "张四哥森态麻将馆",
        "category": "sports",
        "type": "体育休闲服务;娱乐场所;棋牌室",
        "district": "锦江区",
        "weight": 2
      }
    },
    {
      "type": "Feature",
      "geometry": {
        "type": "Point",
        "coordinates": [
          104.079006,
          30.65734
        ]
      },
      "properties": {
        "name": "玩家国度",
        "category": "sports",
        "type": "体育休闲服务;娱乐场所;娱乐场所",
        "district": "锦江区",
        "weight": 4
      }
    },
    {
      "type": "Feature",
      "geometry": {
        "type": "Point",
        "coordinates": [
          104.083425,
          30.653408
        ]
      },
      "properties": {
        "name": "K2",
        "category": "sports",
        "type": "体育休闲服务;娱乐场所;酒吧",
        "district": "锦江区",
        "weight": 40
      }
    },
    {
      "type": "Feature",
      "geometry": {
        "type": "Point",
        "coordinates": [
          104.080848,
          30.657215
        ]
      },
      "properties": {
        "name": "KABB(成都远洋太古里)",
        "category": "sports",
        "type": "体育休闲服务;娱乐场所;酒吧",
        "district": "锦江区",
        "weight": 1
      }
    },
    {
      "type": "Feature",
      "geometry": {
        "type": "Point",
        "coordinates": [
          104.079046,
          30.654124
        ]
      },
      "properties": {
        "name": "游乐设施",
        "category": "sports",
        "type": "体育休闲服务;休闲场所;游乐场",
        "district": "锦江区",
        "weight": 6
      }
    },
    {
      "type": "Feature",
      "geometry": {
        "type": "Point",
        "coordinates": [
          104.075203,
          30.649958
        ]
      },
      "properties": {
        "name": "极速网吧(王家坝街)",
        "category": "sports",
        "type": "体育休闲服务;娱乐场所;网吧",
        "district": "锦江区",
        "weight": 1
      }
    },
    {
      "type": "Feature",
      "geometry": {
        "type": "Point",
        "coordinates": [
          104.079253,
          30.652275
        ]
      },
      "properties": {
        "name": "圣凯恩健身(义学巷)",
        "category": "sports",
        "type": "体育休闲服务;运动场馆;健身中心",
        "district": "锦江区",
        "weight": 3
      }
    },
    {
      "type": "Feature",
      "geometry": {
        "type": "Point",
        "coordinates": [
          104.078527,
          30.650663
        ]
      },
      "properties": {
        "name": "呵呵",
        "category": "sports",
        "type": "体育休闲服务;体育休闲服务场所;体育休闲服务场所",
        "district": "锦江区",
        "weight": 2
      }
    },
    {
      "type": "Feature",
      "geometry": {
        "type": "Point",
        "coordinates": [
          104.075711,
          30.65395
        ]
      },
      "properties": {
        "name": "雷玛帝诺网吧",
        "category": "sports",
        "type": "体育休闲服务;娱乐场所;网吧",
        "district": "锦江区",
        "weight": 3
      }
    },
    {
      "type": "Feature",
      "geometry": {
        "type": "Point",
        "coordinates": [
          104.075104,
          30.652705
        ]
      },
      "properties": {
        "name": "尼雅网咖",
        "category": "sports",
        "type": "体育休闲服务;娱乐场所;网吧",
        "district": "锦江区",
        "weight": 2
      }
    },
    {
      "type": "Feature",
      "geometry": {
        "type": "Point",
        "coordinates": [
          104.080476,
          30.651824
        ]
      },
      "properties": {
        "name": "奇妙旅程网吧",
        "category": "sports",
        "type": "体育休闲服务;娱乐场所;网吧",
        "district": "锦江区",
        "weight": 2
      }
    },
    {
      "type": "Feature",
      "geometry": {
        "type": "Point",
        "coordinates": [
          104.073724,
          30.651509
        ]
      },
      "properties": {
        "name": "密糖酒吧",
        "category": "sports",
        "type": "体育休闲服务;娱乐场所;酒吧",
        "district": "锦江区",
        "weight": 2
      }
    },
    {
      "type": "Feature",
      "geometry": {
        "type": "Point",
        "coordinates": [
          104.076856,
          30.650398
        ]
      },
      "properties": {
        "name": "狂奔的蜗牛",
        "category": "sports",
        "type": "体育休闲服务;体育休闲服务场所;体育休闲服务场所",
        "district": "锦江区",
        "weight": 3
      }
    },
    {
      "type": "Feature",
      "geometry": {
        "type": "Point",
        "coordinates": [
          104.082114,
          30.65654
        ]
      },
      "properties": {
        "name": "蓝蛙西餐酒吧",
        "category": "sports",
        "type": "体育休闲服务;娱乐场所;酒吧",
        "district": "锦江区",
        "weight": 1
      }
    },
    {
      "type": "Feature",
      "geometry": {
        "type": "Point",
        "coordinates": [
          104.073733,
          30.658341
        ]
      },
      "properties": {
        "name": "凤凰御庭酒店-棋牌室",
        "category": "sports",
        "type": "体育休闲服务;娱乐场所;棋牌室",
        "district": "锦江区",
        "weight": 1
      }
    },
    {
      "type": "Feature",
      "geometry": {
        "type": "Point",
        "coordinates": [
          104.090016,
          30.654695
        ]
      },
      "properties": {
        "name": "四川省体育馆",
        "category": "sports",
        "type": "体育休闲服务;运动场馆;综合体育馆",
        "district": "成华区",
        "weight": 1
      }
    },
    {
      "type": "Feature",
      "geometry": {
        "type": "Point",
        "coordinates": [
          104.090814,
          30.655814
        ]
      },
      "properties": {
        "name": "成都市川剧院",
        "category": "sports",
        "type": "体育休闲服务;影剧院;剧场",
        "district": "成华区",
        "weight": 1
      }
    },
    {
      "type": "Feature",
      "geometry": {
        "type": "Point",
        "coordinates": [
          104.091521,
          30.658469
        ]
      },
      "properties": {
        "name": "大堂1号",
        "category": "sports",
        "type": "体育休闲服务;娱乐场所;KTV",
        "district": "成华区",
        "weight": 5
      }
    },
    {
      "type": "Feature",
      "geometry": {
        "type": "Point",
        "coordinates": [
          104.092978,
          30.657476
        ]
      },
      "properties": {
        "name": "边缘网吧(玉双路)",
        "category": "sports",
        "type": "体育休闲服务;娱乐场所;网吧",
        "district": "成华区",
        "weight": 1
      }
    },
    {
      "type": "Feature",
      "geometry": {
        "type": "Point",
        "coordinates": [
          104.0885,
          30.649562
        ]
      },
      "properties": {
        "name": "棱瑞网络",
        "category": "sports",
        "type": "体育休闲服务;体育休闲服务场所;体育休闲服务场所",
        "district": "锦江区",
        "weight": 6
      }
    },
    {
      "type": "Feature",
      "geometry": {
        "type": "Point",
        "coordinates": [
          104.086816,
          30.65023
        ]
      },
      "properties": {
        "name": "少年精英足球俱乐部",
        "category": "sports",
        "type": "体育休闲服务;运动场馆;足球场",
        "district": "锦江区",
        "weight": 3
      }
    },
    {
      "type": "Feature",
      "geometry": {
        "type": "Point",
        "coordinates": [
          104.084941,
          30.649992
        ]
      },
      "properties": {
        "name": "时代广场健身游泳",
        "category": "sports",
        "type": "体育休闲服务;运动场馆;游泳馆",
        "district": "锦江区",
        "weight": 1
      }
    },
    {
      "type": "Feature",
      "geometry": {
        "type": "Point",
        "coordinates": [
          104.090015,
          30.651172
        ]
      },
      "properties": {
        "name": "蓉上坊健身游泳馆",
        "category": "sports",
        "type": "体育休闲服务;运动场馆;游泳馆|购物服务;专卖店;专营店",
        "district": "锦江区",
        "weight": 2
      }
    },
    {
      "type": "Feature",
      "geometry": {
        "type": "Point",
        "coordinates": [
          104.088048,
          30.658052
        ]
      },
      "properties": {
        "name": "羚羊酒吧",
        "category": "sports",
        "type": "体育休闲服务;娱乐场所;酒吧",
        "district": "成华区",
        "weight": 7
      }
    },
    {
      "type": "Feature",
      "geometry": {
        "type": "Point",
        "coordinates": [
          104.093437,
          30.651232
        ]
      },
      "properties": {
        "name": "无印瑜伽",
        "category": "sports",
        "type": "体育休闲服务;运动场馆;健身中心",
        "district": "锦江区",
        "weight": 7
      }
    },
    {
      "type": "Feature",
      "geometry": {
        "type": "Point",
        "coordinates": [
          104.087068,
          30.652986
        ]
      },
      "properties": {
        "name": "欢引",
        "category": "sports",
        "type": "体育休闲服务;体育休闲服务场所;体育休闲服务场所",
        "district": "锦江区",
        "weight": 6
      }
    },
    {
      "type": "Feature",
      "geometry": {
        "type": "Point",
        "coordinates": [
          104.086916,
          30.656265
        ]
      },
      "properties": {
        "name": "七堂",
        "category": "sports",
        "type": "体育休闲服务;娱乐场所;酒吧",
        "district": "成华区",
        "weight": 3
      }
    },
    {
      "type": "Feature",
      "geometry": {
        "type": "Point",
        "coordinates": [
          104.083886,
          30.650432
        ]
      },
      "properties": {
        "name": "同畅里会所",
        "category": "sports",
        "type": "体育休闲服务;体育休闲服务场所;体育休闲服务场所",
        "district": "锦江区",
        "weight": 2
      }
    },
    {
      "type": "Feature",
      "geometry": {
        "type": "Point",
        "coordinates": [
          104.091347,
          30.65308
        ]
      },
      "properties": {
        "name": "DS热点",
        "category": "sports",
        "type": "体育休闲服务;娱乐场所;KTV",
        "district": "锦江区",
        "weight": 1
      }
    },
    {
      "type": "Feature",
      "geometry": {
        "type": "Point",
        "coordinates": [
          104.089875,
          30.657695
        ]
      },
      "properties": {
        "name": "悠园机麻",
        "category": "sports",
        "type": "体育休闲服务;娱乐场所;棋牌室",
        "district": "成华区",
        "weight": 1
      }
    },
    {
      "type": "Feature",
      "geometry": {
        "type": "Point",
        "coordinates": [
          104.085166,
          30.658294
        ]
      },
      "properties": {
        "name": "100顺棋牌室",
        "category": "sports",
        "type": "体育休闲服务;娱乐场所;棋牌室",
        "district": "锦江区",
        "weight": 1
      }
    },
    {
      "type": "Feature",
      "geometry": {
        "type": "Point",
        "coordinates": [
          104.09101,
          30.650313
        ]
      },
      "properties": {
        "name": "措姆瑜伽",
        "category": "sports",
        "type": "体育休闲服务;运动场馆;健身中心",
        "district": "锦江区",
        "weight": 1
      }
    },
    {
      "type": "Feature",
      "geometry": {
        "type": "Point",
        "coordinates": [
          104.089258,
          30.654019
        ]
      },
      "properties": {
        "name": "歌帝KTV",
        "category": "sports",
        "type": "体育休闲服务;娱乐场所;KTV",
        "district": "锦江区",
        "weight": 1
      }
    },
    {
      "type": "Feature",
      "geometry": {
        "type": "Point",
        "coordinates": [
          104.095879,
          30.656513
        ]
      },
      "properties": {
        "name": "科友网吧",
        "category": "sports",
        "type": "体育休闲服务;娱乐场所;网吧",
        "district": "成华区",
        "weight": 13
      }
    },
    {
      "type": "Feature",
      "geometry": {
        "type": "Point",
        "coordinates": [
          104.098859,
          30.6531
        ]
      },
      "properties": {
        "name": "浪人网吧",
        "category": "sports",
        "type": "体育休闲服务;娱乐场所;网吧",
        "district": "成华区",
        "weight": 2
      }
    },
    {
      "type": "Feature",
      "geometry": {
        "type": "Point",
        "coordinates": [
          104.097734,
          30.649633
        ]
      },
      "properties": {
        "name": "华成苑",
        "category": "sports",
        "type": "体育休闲服务;娱乐场所;娱乐场所|商务住宅;住宅区;住宅小区",
        "district": "锦江区",
        "weight": 1
      }
    },
    {
      "type": "Feature",
      "geometry": {
        "type": "Point",
        "coordinates": [
          104.101405,
          30.65356
        ]
      },
      "properties": {
        "name": "S3 CLUB",
        "category": "sports",
        "type": "体育休闲服务;娱乐场所;酒吧",
        "district": "成华区",
        "weight": 1
      }
    },
    {
      "type": "Feature",
      "geometry": {
        "type": "Point",
        "coordinates": [
          104.100797,
          30.649823
        ]
      },
      "properties": {
        "name": "璀璨网咖",
        "category": "sports",
        "type": "体育休闲服务;娱乐场所;网吧",
        "district": "成华区",
        "weight": 2
      }
    },
    {
      "type": "Feature",
      "geometry": {
        "type": "Point",
        "coordinates": [
          104.09582,
          30.649279
        ]
      },
      "properties": {
        "name": "月恋花",
        "category": "sports",
        "type": "体育休闲服务;娱乐场所;酒吧",
        "district": "锦江区",
        "weight": 12
      }
    },
    {
      "type": "Feature",
      "geometry": {
        "type": "Point",
        "coordinates": [
          104.09408,
          30.650717
        ]
      },
      "properties": {
        "name": "牛市口街道文体活动中心",
        "category": "sports",
        "type": "体育休闲服务;休闲场所;休闲场所",
        "district": "锦江区",
        "weight": 1
      }
    },
    {
      "type": "Feature",
      "geometry": {
        "type": "Point",
        "coordinates": [
          104.098122,
          30.659326
        ]
      },
      "properties": {
        "name": "新时空网吧(一环路东三段)",
        "category": "sports",
        "type": "体育休闲服务;娱乐场所;网吧",
        "district": "成华区",
        "weight": 1
      }
    },
    {
      "type": "Feature",
      "geometry": {
        "type": "Point",
        "coordinates": [
          104.102648,
          30.657923
        ]
      },
      "properties": {
        "name": "博速羽毛球俱乐部(新华公园店)",
        "category": "sports",
        "type": "体育休闲服务;运动场馆;羽毛球场",
        "district": "成华区",
        "weight": 1
      }
    },
    {
      "type": "Feature",
      "geometry": {
        "type": "Point",
        "coordinates": [
          104.097127,
          30.651781
        ]
      },
      "properties": {
        "name": "芳姐麻将室",
        "category": "sports",
        "type": "体育休闲服务;体育休闲服务场所;体育休闲服务场所",
        "district": "成华区",
        "weight": 1
      }
    },
    {
      "type": "Feature",
      "geometry": {
        "type": "Point",
        "coordinates": [
          104.103115,
          30.659068
        ]
      },
      "properties": {
        "name": "水波球",
        "category": "sports",
        "type": "体育休闲服务;体育休闲服务场所;体育休闲服务场所",
        "district": "成华区",
        "weight": 1
      }
    },
    {
      "type": "Feature",
      "geometry": {
        "type": "Point",
        "coordinates": [
          104.101571,
          30.656457
        ]
      },
      "properties": {
        "name": "就是会麻子",
        "category": "sports",
        "type": "体育休闲服务;体育休闲服务场所;体育休闲服务场所",
        "district": "成华区",
        "weight": 1
      }
    },
    {
      "type": "Feature",
      "geometry": {
        "type": "Point",
        "coordinates": [
          104.095566,
          30.658877
        ]
      },
      "properties": {
        "name": "和生·祥和老年护理中心",
        "category": "sports",
        "type": "体育休闲服务;度假疗养场所;疗养院",
        "district": "成华区",
        "weight": 1
      }
    },
    {
      "type": "Feature",
      "geometry": {
        "type": "Point",
        "coordinates": [
          104.098553,
          30.654687
        ]
      },
      "properties": {
        "name": "五冶住宅区老年活动室",
        "category": "sports",
        "type": "体育休闲服务;休闲场所;休闲场所",
        "district": "成华区",
        "weight": 3
      }
    },
    {
      "type": "Feature",
      "geometry": {
        "type": "Point",
        "coordinates": [
          104.106319,
          30.658785
        ]
      },
      "properties": {
        "name": "列五三泰电子青少年体育俱乐部",
        "category": "sports",
        "type": "体育休闲服务;运动场馆;运动场所",
        "district": "成华区",
        "weight": 1
      }
    },
    {
      "type": "Feature",
      "geometry": {
        "type": "Point",
        "coordinates": [
          104.108841,
          30.653691
        ]
      },
      "properties": {
        "name": "安康年双桥子街道养老服务中心",
        "category": "sports",
        "type": "体育休闲服务;度假疗养场所;疗养院",
        "district": "成华区",
        "weight": 1
      }
    },
    {
      "type": "Feature",
      "geometry": {
        "type": "Point",
        "coordinates": [
          104.106058,
          30.651198
        ]
      },
      "properties": {
        "name": "游侠网咖",
        "category": "sports",
        "type": "体育休闲服务;娱乐场所;网吧",
        "district": "成华区",
        "weight": 13
      }
    },
    {
      "type": "Feature",
      "geometry": {
        "type": "Point",
        "coordinates": [
          104.111508,
          30.653848
        ]
      },
      "properties": {
        "name": "沐·瑜伽",
        "category": "sports",
        "type": "体育休闲服务;运动场馆;健身中心",
        "district": "成华区",
        "weight": 7
      }
    },
    {
      "type": "Feature",
      "geometry": {
        "type": "Point",
        "coordinates": [
          104.107282,
          30.654224
        ]
      },
      "properties": {
        "name": "棋牌茶",
        "category": "sports",
        "type": "体育休闲服务;体育休闲服务场所;体育休闲服务场所",
        "district": "成华区",
        "weight": 4
      }
    },
    {
      "type": "Feature",
      "geometry": {
        "type": "Point",
        "coordinates": [
          104.111479,
          30.656256
        ]
      },
      "properties": {
        "name": "小月棋牌室",
        "category": "sports",
        "type": "体育休闲服务;娱乐场所;棋牌室",
        "district": "成华区",
        "weight": 2
      }
    },
    {
      "type": "Feature",
      "geometry": {
        "type": "Point",
        "coordinates": [
          104.109533,
          30.649829
        ]
      },
      "properties": {
        "name": "天王酒吧",
        "category": "sports",
        "type": "体育休闲服务;娱乐场所;酒吧",
        "district": "成华区",
        "weight": 10
      }
    },
    {
      "type": "Feature",
      "geometry": {
        "type": "Point",
        "coordinates": [
          104.111222,
          30.652313
        ]
      },
      "properties": {
        "name": "百迪歌城",
        "category": "sports",
        "type": "体育休闲服务;娱乐场所;KTV",
        "district": "成华区",
        "weight": 1
      }
    },
    {
      "type": "Feature",
      "geometry": {
        "type": "Point",
        "coordinates": [
          104.112408,
          30.6518
        ]
      },
      "properties": {
        "name": "万象会",
        "category": "sports",
        "type": "体育休闲服务;体育休闲服务场所;体育休闲服务场所",
        "district": "成华区",
        "weight": 7
      }
    },
    {
      "type": "Feature",
      "geometry": {
        "type": "Point",
        "coordinates": [
          104.105785,
          30.656488
        ]
      },
      "properties": {
        "name": "洞洞舞厅",
        "category": "sports",
        "type": "体育休闲服务;娱乐场所;迪厅",
        "district": "成华区",
        "weight": 1
      }
    },
    {
      "type": "Feature",
      "geometry": {
        "type": "Point",
        "coordinates": [
          104.105075,
          30.657204
        ]
      },
      "properties": {
        "name": "安利残疾人综合运动馆",
        "category": "sports",
        "type": "体育休闲服务;运动场馆;运动场所",
        "district": "成华区",
        "weight": 1
      }
    },
    {
      "type": "Feature",
      "geometry": {
        "type": "Point",
        "coordinates": [
          104.104332,
          30.659363
        ]
      },
      "properties": {
        "name": "新华公园-游乐城",
        "category": "sports",
        "type": "体育休闲服务;休闲场所;游乐场",
        "district": "成华区",
        "weight": 1
      }
    },
    {
      "type": "Feature",
      "geometry": {
        "type": "Point",
        "coordinates": [
          104.10418,
          30.653788
        ]
      },
      "properties": {
        "name": "聚缘棋牌室(双林中横路)",
        "category": "sports",
        "type": "体育休闲服务;娱乐场所;棋牌室",
        "district": "成华区",
        "weight": 1
      }
    },
    {
      "type": "Feature",
      "geometry": {
        "type": "Point",
        "coordinates": [
          104.112937,
          30.655099
        ]
      },
      "properties": {
        "name": "传奇健身(花郡店)",
        "category": "sports",
        "type": "体育休闲服务;运动场馆;健身中心",
        "district": "成华区",
        "weight": 1
      }
    },
    {
      "type": "Feature",
      "geometry": {
        "type": "Point",
        "coordinates": [
          104.104998,
          30.658131
        ]
      },
      "properties": {
        "name": "金羽天翼会所",
        "category": "sports",
        "type": "体育休闲服务;体育休闲服务场所;体育休闲服务场所",
        "district": "成华区",
        "weight": 1
      }
    },
    {
      "type": "Feature",
      "geometry": {
        "type": "Point",
        "coordinates": [
          104.103949,
          30.656901
        ]
      },
      "properties": {
        "name": "波波网吧(双林路196号大院东)",
        "category": "sports",
        "type": "体育休闲服务;娱乐场所;网吧",
        "district": "成华区",
        "weight": 1
      }
    },
    {
      "type": "Feature",
      "geometry": {
        "type": "Point",
        "coordinates": [
          104.112964,
          30.657933
        ]
      },
      "properties": {
        "name": "星空文友网星网吧",
        "category": "sports",
        "type": "体育休闲服务;娱乐场所;网吧",
        "district": "成华区",
        "weight": 1
      }
    },
    {
      "type": "Feature",
      "geometry": {
        "type": "Point",
        "coordinates": [
          104.109228,
          30.652575
        ]
      },
      "properties": {
        "name": "好心情机麻",
        "category": "sports",
        "type": "体育休闲服务;娱乐场所;棋牌室",
        "district": "成华区",
        "weight": 1
      }
    },
    {
      "type": "Feature",
      "geometry": {
        "type": "Point",
        "coordinates": [
          104.107256,
          30.656792
        ]
      },
      "properties": {
        "name": "光友干杂棋牌",
        "category": "sports",
        "type": "体育休闲服务;娱乐场所;棋牌室",
        "district": "成华区",
        "weight": 1
      }
    },
    {
      "type": "Feature",
      "geometry": {
        "type": "Point",
        "coordinates": [
          104.108635,
          30.651199
        ]
      },
      "properties": {
        "name": "天天麻将馆",
        "category": "sports",
        "type": "体育休闲服务;娱乐场所;棋牌室",
        "district": "成华区",
        "weight": 1
      }
    },
    {
      "type": "Feature",
      "geometry": {
        "type": "Point",
        "coordinates": [
          104.10815,
          30.649639
        ]
      },
      "properties": {
        "name": "成大悟道馆",
        "category": "sports",
        "type": "体育休闲服务;体育休闲服务场所;体育休闲服务场所",
        "district": "成华区",
        "weight": 1
      }
    },
    {
      "type": "Feature",
      "geometry": {
        "type": "Point",
        "coordinates": [
          104.1205,
          30.653316
        ]
      },
      "properties": {
        "name": "世友网吧(前沿直营店)",
        "category": "sports",
        "type": "体育休闲服务;娱乐场所;网吧",
        "district": "成华区",
        "weight": 1
      }
    },
    {
      "type": "Feature",
      "geometry": {
        "type": "Point",
        "coordinates": [
          104.11442,
          30.652426
        ]
      },
      "properties": {
        "name": "百老汇影城(万象城)",
        "category": "sports",
        "type": "体育休闲服务;影剧院;电影院",
        "district": "成华区",
        "weight": 1
      }
    },
    {
      "type": "Feature",
      "geometry": {
        "type": "Point",
        "coordinates": [
          104.119253,
          30.654763
        ]
      },
      "properties": {
        "name": "感觉网吧(万兴街)",
        "category": "sports",
        "type": "体育休闲服务;娱乐场所;网吧",
        "district": "成华区",
        "weight": 1
      }
    },
    {
      "type": "Feature",
      "geometry": {
        "type": "Point",
        "coordinates": [
          104.114561,
          30.656612
        ]
      },
      "properties": {
        "name": "美家达网咖(子龙店)",
        "category": "sports",
        "type": "体育休闲服务;娱乐场所;网吧",
        "district": "成华区",
        "weight": 2
      }
    },
    {
      "type": "Feature",
      "geometry": {
        "type": "Point",
        "coordinates": [
          104.114343,
          30.65367
        ]
      },
      "properties": {
        "name": "桌迷藏",
        "category": "sports",
        "type": "体育休闲服务;娱乐场所;娱乐场所",
        "district": "成华区",
        "weight": 3
      }
    },
    {
      "type": "Feature",
      "geometry": {
        "type": "Point",
        "coordinates": [
          104.123253,
          30.652742
        ]
      },
      "properties": {
        "name": "锋锋乒乓球训练基地",
        "category": "sports",
        "type": "体育休闲服务;运动场馆;乒乓球馆",
        "district": "成华区",
        "weight": 3
      }
    },
    {
      "type": "Feature",
      "geometry": {
        "type": "Point",
        "coordinates": [
          104.115837,
          30.65218
        ]
      },
      "properties": {
        "name": "成都爱之源",
        "category": "sports",
        "type": "体育休闲服务;体育休闲服务场所;体育休闲服务场所",
        "district": "成华区",
        "weight": 1
      }
    },
    {
      "type": "Feature",
      "geometry": {
        "type": "Point",
        "coordinates": [
          104.122894,
          30.650453
        ]
      },
      "properties": {
        "name": "长天路社区文体活动站",
        "category": "sports",
        "type": "体育休闲服务;休闲场所;休闲场所",
        "district": "成华区",
        "weight": 1
      }
    },
    {
      "type": "Feature",
      "geometry": {
        "type": "Point",
        "coordinates": [
          104.118046,
          30.655923
        ]
      },
      "properties": {
        "name": "棋牌茶",
        "category": "sports",
        "type": "体育休闲服务;体育休闲服务场所;体育休闲服务场所",
        "district": "成华区",
        "weight": 3
      }
    },
    {
      "type": "Feature",
      "geometry": {
        "type": "Point",
        "coordinates": [
          104.116334,
          30.649916
        ]
      },
      "properties": {
        "name": "文化天空国际俱乐部",
        "category": "sports",
        "type": "体育休闲服务;休闲场所;休闲场所",
        "district": "成华区",
        "weight": 2
      }
    },
    {
      "type": "Feature",
      "geometry": {
        "type": "Point",
        "coordinates": [
          104.115155,
          30.658173
        ]
      },
      "properties": {
        "name": "天下网吧(东篱路)",
        "category": "sports",
        "type": "体育休闲服务;娱乐场所;网吧",
        "district": "成华区",
        "weight": 1
      }
    },
    {
      "type": "Feature",
      "geometry": {
        "type": "Point",
        "coordinates": [
          104.116478,
          30.658765
        ]
      },
      "properties": {
        "name": "驿动在线网吧",
        "category": "sports",
        "type": "体育休闲服务;娱乐场所;网吧",
        "district": "成华区",
        "weight": 1
      }
    },
    {
      "type": "Feature",
      "geometry": {
        "type": "Point",
        "coordinates": [
          104.115362,
          30.654918
        ]
      },
      "properties": {
        "name": "紫莲瑜伽(万象城店)",
        "category": "sports",
        "type": "体育休闲服务;运动场馆;健身中心",
        "district": "成华区",
        "weight": 1
      }
    },
    {
      "type": "Feature",
      "geometry": {
        "type": "Point",
        "coordinates": [
          104.122036,
          30.654953
        ]
      },
      "properties": {
        "name": "弧线运动足球俱乐部",
        "category": "sports",
        "type": "体育休闲服务;运动场馆;足球场",
        "district": "成华区",
        "weight": 2
      }
    },
    {
      "type": "Feature",
      "geometry": {
        "type": "Point",
        "coordinates": [
          104.118756,
          30.653071
        ]
      },
      "properties": {
        "name": "紫鑫棋牌馆",
        "category": "sports",
        "type": "体育休闲服务;娱乐场所;娱乐场所",
        "district": "成华区",
        "weight": 1
      }
    },
    {
      "type": "Feature",
      "geometry": {
        "type": "Point",
        "coordinates": [
          104.130375,
          30.656686
        ]
      },
      "properties": {
        "name": "万年场街道红桥社区老年活动中心",
        "category": "sports",
        "type": "体育休闲服务;休闲场所;休闲场所",
        "district": "成华区",
        "weight": 1
      }
    },
    {
      "type": "Feature",
      "geometry": {
        "type": "Point",
        "coordinates": [
          104.14213,
          30.65755
        ]
      },
      "properties": {
        "name": "超时空网吧(长融东二路)",
        "category": "sports",
        "type": "体育休闲服务;娱乐场所;网吧",
        "district": "成华区",
        "weight": 1
      }
    },
    {
      "type": "Feature",
      "geometry": {
        "type": "Point",
        "coordinates": [
          104.140466,
          30.655168
        ]
      },
      "properties": {
        "name": "星空青年网吧",
        "category": "sports",
        "type": "体育休闲服务;娱乐场所;网吧",
        "district": "成华区",
        "weight": 2
      }
    },
    {
      "type": "Feature",
      "geometry": {
        "type": "Point",
        "coordinates": [
          104.136319,
          30.653874
        ]
      },
      "properties": {
        "name": "起点羽毛球馆(中环路双店路段)",
        "category": "sports",
        "type": "体育休闲服务;运动场馆;羽毛球场",
        "district": "成华区",
        "weight": 1
      }
    },
    {
      "type": "Feature",
      "geometry": {
        "type": "Point",
        "coordinates": [
          104.139229,
          30.654058
        ]
      },
      "properties": {
        "name": "火立方",
        "category": "sports",
        "type": "体育休闲服务;休闲场所;休闲场所",
        "district": "成华区",
        "weight": 3
      }
    },
    {
      "type": "Feature",
      "geometry": {
        "type": "Point",
        "coordinates": [
          104.137781,
          30.651188
        ]
      },
      "properties": {
        "name": "老年协会活动室",
        "category": "sports",
        "type": "体育休闲服务;体育休闲服务场所;体育休闲服务场所",
        "district": "成华区",
        "weight": 2
      }
    },
    {
      "type": "Feature",
      "geometry": {
        "type": "Point",
        "coordinates": [
          104.136602,
          30.650351
        ]
      },
      "properties": {
        "name": "生态茶园啤酒广场",
        "category": "sports",
        "type": "体育休闲服务;体育休闲服务场所;体育休闲服务场所",
        "district": "成华区",
        "weight": 1
      }
    },
    {
      "type": "Feature",
      "geometry": {
        "type": "Point",
        "coordinates": [
          104.139483,
          30.651339
        ]
      },
      "properties": {
        "name": "中国五冶职工大学室内活动场",
        "category": "sports",
        "type": "体育休闲服务;运动场馆;运动场所",
        "district": "成华区",
        "weight": 1
      }
    },
    {
      "type": "Feature",
      "geometry": {
        "type": "Point",
        "coordinates": [
          104.138683,
          30.652165
        ]
      },
      "properties": {
        "name": "香山俱乐部",
        "category": "sports",
        "type": "体育休闲服务;体育休闲服务场所;体育休闲服务场所",
        "district": "成华区",
        "weight": 1
      }
    },
    {
      "type": "Feature",
      "geometry": {
        "type": "Point",
        "coordinates": [
          104.144164,
          30.657593
        ]
      },
      "properties": {
        "name": "哆莱咪网咖",
        "category": "sports",
        "type": "体育休闲服务;娱乐场所;网吧",
        "district": "成华区",
        "weight": 1
      }
    },
    {
      "type": "Feature",
      "geometry": {
        "type": "Point",
        "coordinates": [
          104.151616,
          30.652572
        ]
      },
      "properties": {
        "name": "西润·钢铁烈阳网吧",
        "category": "sports",
        "type": "体育休闲服务;娱乐场所;网吧",
        "district": "成华区",
        "weight": 1
      }
    },
    {
      "type": "Feature",
      "geometry": {
        "type": "Point",
        "coordinates": [
          104.145878,
          30.657834
        ]
      },
      "properties": {
        "name": "凯悦网吧(和悦路)",
        "category": "sports",
        "type": "体育休闲服务;娱乐场所;网吧",
        "district": "成华区",
        "weight": 1
      }
    },
    {
      "type": "Feature",
      "geometry": {
        "type": "Point",
        "coordinates": [
          104.148328,
          30.657556
        ]
      },
      "properties": {
        "name": "自由麻将过把瘾",
        "category": "sports",
        "type": "体育休闲服务;娱乐场所;棋牌室",
        "district": "成华区",
        "weight": 2
      }
    },
    {
      "type": "Feature",
      "geometry": {
        "type": "Point",
        "coordinates": [
          103.969569,
          30.646946
        ]
      },
      "properties": {
        "name": "金楠量贩KTV",
        "category": "sports",
        "type": "体育休闲服务;娱乐场所;KTV",
        "district": "武侯区",
        "weight": 1
      }
    },
    {
      "type": "Feature",
      "geometry": {
        "type": "Point",
        "coordinates": [
          103.972329,
          30.642541
        ]
      },
      "properties": {
        "name": "飞腾网吧(武青西二路)",
        "category": "sports",
        "type": "体育休闲服务;娱乐场所;网吧",
        "district": "武侯区",
        "weight": 1
      }
    },
    {
      "type": "Feature",
      "geometry": {
        "type": "Point",
        "coordinates": [
          103.96979,
          30.649291
        ]
      },
      "properties": {
        "name": "武侯足球公园A区",
        "category": "sports",
        "type": "体育休闲服务;运动场馆;足球场",
        "district": "武侯区",
        "weight": 1
      }
    },
    {
      "type": "Feature",
      "geometry": {
        "type": "Point",
        "coordinates": [
          103.965325,
          30.648808
        ]
      },
      "properties": {
        "name": "1989号网咖",
        "category": "sports",
        "type": "体育休闲服务;娱乐场所;网吧",
        "district": "武侯区",
        "weight": 1
      }
    },
    {
      "type": "Feature",
      "geometry": {
        "type": "Point",
        "coordinates": [
          103.968309,
          30.645848
        ]
      },
      "properties": {
        "name": "理想网络",
        "category": "sports",
        "type": "体育休闲服务;娱乐场所;网吧",
        "district": "武侯区",
        "weight": 1
      }
    },
    {
      "type": "Feature",
      "geometry": {
        "type": "Point",
        "coordinates": [
          103.971074,
          30.646633
        ]
      },
      "properties": {
        "name": "及时达网吧",
        "category": "sports",
        "type": "体育休闲服务;娱乐场所;网吧",
        "district": "武侯区",
        "weight": 1
      }
    },
    {
      "type": "Feature",
      "geometry": {
        "type": "Point",
        "coordinates": [
          103.972216,
          30.646872
        ]
      },
      "properties": {
        "name": "桃源游泳池",
        "category": "sports",
        "type": "体育休闲服务;运动场馆;游泳馆",
        "district": "武侯区",
        "weight": 1
      }
    },
    {
      "type": "Feature",
      "geometry": {
        "type": "Point",
        "coordinates": [
          103.982703,
          30.64325
        ]
      },
      "properties": {
        "name": "科漫网吧",
        "category": "sports",
        "type": "体育休闲服务;娱乐场所;网吧",
        "district": "武侯区",
        "weight": 7
      }
    },
    {
      "type": "Feature",
      "geometry": {
        "type": "Point",
        "coordinates": [
          103.978389,
          30.64751
        ]
      },
      "properties": {
        "name": "博瑞健身",
        "category": "sports",
        "type": "体育休闲服务;体育休闲服务场所;体育休闲服务场所",
        "district": "武侯区",
        "weight": 4
      }
    },
    {
      "type": "Feature",
      "geometry": {
        "type": "Point",
        "coordinates": [
          103.979451,
          30.648708
        ]
      },
      "properties": {
        "name": "好享来",
        "category": "sports",
        "type": "体育休闲服务;娱乐场所;娱乐场所|餐饮服务;茶艺馆;茶艺馆",
        "district": "武侯区",
        "weight": 2
      }
    },
    {
      "type": "Feature",
      "geometry": {
        "type": "Point",
        "coordinates": [
          103.982009,
          30.646865
        ]
      },
      "properties": {
        "name": "机投溜冰场",
        "category": "sports",
        "type": "体育休闲服务;运动场馆;溜冰场",
        "district": "武侯区",
        "weight": 1
      }
    },
    {
      "type": "Feature",
      "geometry": {
        "type": "Point",
        "coordinates": [
          103.980142,
          30.643554
        ]
      },
      "properties": {
        "name": "靓都KTV",
        "category": "sports",
        "type": "体育休闲服务;娱乐场所;KTV",
        "district": "武侯区",
        "weight": 6
      }
    },
    {
      "type": "Feature",
      "geometry": {
        "type": "Point",
        "coordinates": [
          103.979696,
          30.641974
        ]
      },
      "properties": {
        "name": "前源网吧",
        "category": "sports",
        "type": "体育休闲服务;娱乐场所;网吧",
        "district": "武侯区",
        "weight": 1
      }
    },
    {
      "type": "Feature",
      "geometry": {
        "type": "Point",
        "coordinates": [
          103.976743,
          30.647543
        ]
      },
      "properties": {
        "name": "鸣天网吧",
        "category": "sports",
        "type": "体育休闲服务;娱乐场所;网吧",
        "district": "武侯区",
        "weight": 1
      }
    },
    {
      "type": "Feature",
      "geometry": {
        "type": "Point",
        "coordinates": [
          103.97772,
          30.64571
        ]
      },
      "properties": {
        "name": "空瓶子网络生活馆",
        "category": "sports",
        "type": "体育休闲服务;娱乐场所;网吧",
        "district": "武侯区",
        "weight": 1
      }
    },
    {
      "type": "Feature",
      "geometry": {
        "type": "Point",
        "coordinates": [
          103.977673,
          30.643922
        ]
      },
      "properties": {
        "name": "黑色玫瑰网咖(武青东二路)",
        "category": "sports",
        "type": "体育休闲服务;娱乐场所;网吧",
        "district": "武侯区",
        "weight": 1
      }
    },
    {
      "type": "Feature",
      "geometry": {
        "type": "Point",
        "coordinates": [
          103.984813,
          30.64171
        ]
      },
      "properties": {
        "name": "馨梦休闲网吧",
        "category": "sports",
        "type": "体育休闲服务;娱乐场所;网吧",
        "district": "武侯区",
        "weight": 1
      }
    },
    {
      "type": "Feature",
      "geometry": {
        "type": "Point",
        "coordinates": [
          103.992436,
          30.6428
        ]
      },
      "properties": {
        "name": "南极网咖",
        "category": "sports",
        "type": "体育休闲服务;娱乐场所;网吧",
        "district": "武侯区",
        "weight": 1
      }
    },
    {
      "type": "Feature",
      "geometry": {
        "type": "Point",
        "coordinates": [
          103.990854,
          30.644879
        ]
      },
      "properties": {
        "name": "优格网咖",
        "category": "sports",
        "type": "体育休闲服务;娱乐场所;网吧",
        "district": "武侯区",
        "weight": 4
      }
    },
    {
      "type": "Feature",
      "geometry": {
        "type": "Point",
        "coordinates": [
          103.992696,
          30.648613
        ]
      },
      "properties": {
        "name": "慕尼嘿进口啤酒馆",
        "category": "sports",
        "type": "体育休闲服务;娱乐场所;酒吧",
        "district": "武侯区",
        "weight": 3
      }
    },
    {
      "type": "Feature",
      "geometry": {
        "type": "Point",
        "coordinates": [
          103.992377,
          30.643835
        ]
      },
      "properties": {
        "name": "茶棋牌",
        "category": "sports",
        "type": "体育休闲服务;娱乐场所;棋牌室",
        "district": "武侯区",
        "weight": 2
      }
    },
    {
      "type": "Feature",
      "geometry": {
        "type": "Point",
        "coordinates": [
          103.986272,
          30.642153
        ]
      },
      "properties": {
        "name": "鑫怡然网吧",
        "category": "sports",
        "type": "体育休闲服务;娱乐场所;网吧",
        "district": "武侯区",
        "weight": 2
      }
    },
    {
      "type": "Feature",
      "geometry": {
        "type": "Point",
        "coordinates": [
          103.987727,
          30.639712
        ]
      },
      "properties": {
        "name": "武士超级网咖",
        "category": "sports",
        "type": "体育休闲服务;娱乐场所;网吧",
        "district": "武侯区",
        "weight": 1
      }
    },
    {
      "type": "Feature",
      "geometry": {
        "type": "Point",
        "coordinates": [
          103.990515,
          30.647029
        ]
      },
      "properties": {
        "name": "乐山桥牌",
        "category": "sports",
        "type": "体育休闲服务;娱乐场所;棋牌室",
        "district": "武侯区",
        "weight": 1
      }
    },
    {
      "type": "Feature",
      "geometry": {
        "type": "Point",
        "coordinates": [
          104.000164,
          30.645521
        ]
      },
      "properties": {
        "name": "皇庭别墅聚会轰趴馆",
        "category": "sports",
        "type": "体育休闲服务;体育休闲服务场所;体育休闲服务场所",
        "district": "武侯区",
        "weight": 3
      }
    },
    {
      "type": "Feature",
      "geometry": {
        "type": "Point",
        "coordinates": [
          104.000349,
          30.647814
        ]
      },
      "properties": {
        "name": "明乐园",
        "category": "sports",
        "type": "体育休闲服务;体育休闲服务场所;体育休闲服务场所",
        "district": "武侯区",
        "weight": 2
      }
    },
    {
      "type": "Feature",
      "geometry": {
        "type": "Point",
        "coordinates": [
          103.99519,
          30.641872
        ]
      },
      "properties": {
        "name": "金川美网吧",
        "category": "sports",
        "type": "体育休闲服务;娱乐场所;网吧",
        "district": "武侯区",
        "weight": 2
      }
    },
    {
      "type": "Feature",
      "geometry": {
        "type": "Point",
        "coordinates": [
          103.999754,
          30.644592
        ]
      },
      "properties": {
        "name": "成都海底龙宫别墅聚会轰趴馆(五大花园店)",
        "category": "sports",
        "type": "体育休闲服务;体育休闲服务场所;体育休闲服务场所",
        "district": "武侯区",
        "weight": 1
      }
    },
    {
      "type": "Feature",
      "geometry": {
        "type": "Point",
        "coordinates": [
          104.000595,
          30.643176
        ]
      },
      "properties": {
        "name": "新缘网吧(晋吉北路)",
        "category": "sports",
        "type": "体育休闲服务;娱乐场所;网吧",
        "district": "武侯区",
        "weight": 1
      }
    },
    {
      "type": "Feature",
      "geometry": {
        "type": "Point",
        "coordinates": [
          103.998589,
          30.643349
        ]
      },
      "properties": {
        "name": "青春不停电轰趴馆",
        "category": "sports",
        "type": "体育休闲服务;娱乐场所;娱乐场所",
        "district": "武侯区",
        "weight": 1
      }
    },
    {
      "type": "Feature",
      "geometry": {
        "type": "Point",
        "coordinates": [
          104.001602,
          30.646908
        ]
      },
      "properties": {
        "name": "相馆麻将室",
        "category": "sports",
        "type": "体育休闲服务;娱乐场所;棋牌室",
        "district": "武侯区",
        "weight": 1
      }
    },
    {
      "type": "Feature",
      "geometry": {
        "type": "Point",
        "coordinates": [
          103.994207,
          30.640073
        ]
      },
      "properties": {
        "name": "网度神化网吧",
        "category": "sports",
        "type": "体育休闲服务;娱乐场所;网吧",
        "district": "武侯区",
        "weight": 1
      }
    },
    {
      "type": "Feature",
      "geometry": {
        "type": "Point",
        "coordinates": [
          104.010783,
          30.648142
        ]
      },
      "properties": {
        "name": "左岸会所",
        "category": "sports",
        "type": "体育休闲服务;娱乐场所;娱乐场所",
        "district": "武侯区",
        "weight": 11
      }
    },
    {
      "type": "Feature",
      "geometry": {
        "type": "Point",
        "coordinates": [
          104.009401,
          30.643574
        ]
      },
      "properties": {
        "name": "鹭客音乐餐酒吧",
        "category": "sports",
        "type": "体育休闲服务;娱乐场所;酒吧",
        "district": "武侯区",
        "weight": 1
      }
    },
    {
      "type": "Feature",
      "geometry": {
        "type": "Point",
        "coordinates": [
          104.007521,
          30.642921
        ]
      },
      "properties": {
        "name": "武侯别墅丽园游泳池",
        "category": "sports",
        "type": "体育休闲服务;运动场馆;游泳馆",
        "district": "武侯区",
        "weight": 1
      }
    },
    {
      "type": "Feature",
      "geometry": {
        "type": "Point",
        "coordinates": [
          104.008454,
          30.647827
        ]
      },
      "properties": {
        "name": "巴黎酒馆",
        "category": "sports",
        "type": "体育休闲服务;娱乐场所;酒吧",
        "district": "武侯区",
        "weight": 1
      }
    },
    {
      "type": "Feature",
      "geometry": {
        "type": "Point",
        "coordinates": [
          104.012777,
          30.645297
        ]
      },
      "properties": {
        "name": "鹭客酒吧",
        "category": "sports",
        "type": "体育休闲服务;娱乐场所;酒吧",
        "district": "武侯区",
        "weight": 1
      }
    },
    {
      "type": "Feature",
      "geometry": {
        "type": "Point",
        "coordinates": [
          104.013606,
          30.644284
        ]
      },
      "properties": {
        "name": "雅乐",
        "category": "sports",
        "type": "体育休闲服务;娱乐场所;娱乐场所",
        "district": "武侯区",
        "weight": 3
      }
    },
    {
      "type": "Feature",
      "geometry": {
        "type": "Point",
        "coordinates": [
          104.005504,
          30.639951
        ]
      },
      "properties": {
        "name": "偶遇会所",
        "category": "sports",
        "type": "体育休闲服务;体育休闲服务场所;体育休闲服务场所",
        "district": "武侯区",
        "weight": 3
      }
    },
    {
      "type": "Feature",
      "geometry": {
        "type": "Point",
        "coordinates": [
          104.004875,
          30.642971
        ]
      },
      "properties": {
        "name": "bt健身私教工作室",
        "category": "sports",
        "type": "体育休闲服务;运动场馆;健身中心",
        "district": "武侯区",
        "weight": 1
      }
    },
    {
      "type": "Feature",
      "geometry": {
        "type": "Point",
        "coordinates": [
          104.003965,
          30.645631
        ]
      },
      "properties": {
        "name": "彩色的豆子diy工作室",
        "category": "sports",
        "type": "体育休闲服务;体育休闲服务场所;体育休闲服务场所",
        "district": "武侯区",
        "weight": 1
      }
    },
    {
      "type": "Feature",
      "geometry": {
        "type": "Point",
        "coordinates": [
          104.007121,
          30.644883
        ]
      },
      "properties": {
        "name": "成都聚会玩家别墅派对轰趴馆",
        "category": "sports",
        "type": "体育休闲服务;休闲场所;休闲场所",
        "district": "武侯区",
        "weight": 1
      }
    },
    {
      "type": "Feature",
      "geometry": {
        "type": "Point",
        "coordinates": [
          104.01061,
          30.643805
        ]
      },
      "properties": {
        "name": "菩媞瑜伽",
        "category": "sports",
        "type": "体育休闲服务;运动场馆;健身中心",
        "district": "武侯区",
        "weight": 2
      }
    },
    {
      "type": "Feature",
      "geometry": {
        "type": "Point",
        "coordinates": [
          104.018724,
          30.648423
        ]
      },
      "properties": {
        "name": "电玩",
        "category": "sports",
        "type": "体育休闲服务;娱乐场所;游戏厅",
        "district": "武侯区",
        "weight": 14
      }
    },
    {
      "type": "Feature",
      "geometry": {
        "type": "Point",
        "coordinates": [
          104.014058,
          30.648559
        ]
      },
      "properties": {
        "name": "云影网吧",
        "category": "sports",
        "type": "体育休闲服务;娱乐场所;网吧",
        "district": "武侯区",
        "weight": 4
      }
    },
    {
      "type": "Feature",
      "geometry": {
        "type": "Point",
        "coordinates": [
          104.021341,
          30.647299
        ]
      },
      "properties": {
        "name": "丽苑网吧(楠极地西)",
        "category": "sports",
        "type": "体育休闲服务;娱乐场所;网吧",
        "district": "武侯区",
        "weight": 1
      }
    },
    {
      "type": "Feature",
      "geometry": {
        "type": "Point",
        "coordinates": [
          104.014875,
          30.645871
        ]
      },
      "properties": {
        "name": "青苹果网咖(双安东巷)",
        "category": "sports",
        "type": "体育休闲服务;娱乐场所;网吧",
        "district": "武侯区",
        "weight": 1
      }
    },
    {
      "type": "Feature",
      "geometry": {
        "type": "Point",
        "coordinates": [
          104.022945,
          30.646151
        ]
      },
      "properties": {
        "name": "富港会所",
        "category": "sports",
        "type": "体育休闲服务;运动场馆;运动场所",
        "district": "武侯区",
        "weight": 6
      }
    },
    {
      "type": "Feature",
      "geometry": {
        "type": "Point",
        "coordinates": [
          104.019113,
          30.640716
        ]
      },
      "properties": {
        "name": "名流酒吧",
        "category": "sports",
        "type": "体育休闲服务;娱乐场所;酒吧",
        "district": "武侯区",
        "weight": 4
      }
    },
    {
      "type": "Feature",
      "geometry": {
        "type": "Point",
        "coordinates": [
          104.022136,
          30.649367
        ]
      },
      "properties": {
        "name": "谊苑二期游泳池",
        "category": "sports",
        "type": "体育休闲服务;运动场馆;游泳馆",
        "district": "武侯区",
        "weight": 1
      }
    },
    {
      "type": "Feature",
      "geometry": {
        "type": "Point",
        "coordinates": [
          104.022754,
          30.642058
        ]
      },
      "properties": {
        "name": "鑫帅网吧(永盛店)",
        "category": "sports",
        "type": "体育休闲服务;娱乐场所;网吧",
        "district": "武侯区",
        "weight": 2
      }
    },
    {
      "type": "Feature",
      "geometry": {
        "type": "Point",
        "coordinates": [
          104.014657,
          30.640936
        ]
      },
      "properties": {
        "name": "均乐网咖",
        "category": "sports",
        "type": "体育休闲服务;娱乐场所;网吧",
        "district": "武侯区",
        "weight": 6
      }
    },
    {
      "type": "Feature",
      "geometry": {
        "type": "Point",
        "coordinates": [
          104.016765,
          30.641965
        ]
      },
      "properties": {
        "name": "天合酒店-娱乐中心",
        "category": "sports",
        "type": "体育休闲服务;娱乐场所;娱乐场所",
        "district": "武侯区",
        "weight": 1
      }
    },
    {
      "type": "Feature",
      "geometry": {
        "type": "Point",
        "coordinates": [
          104.017726,
          30.639504
        ]
      },
      "properties": {
        "name": "八马(盛丰路)",
        "category": "sports",
        "type": "体育休闲服务;娱乐场所;娱乐场所",
        "district": "武侯区",
        "weight": 2
      }
    },
    {
      "type": "Feature",
      "geometry": {
        "type": "Point",
        "coordinates": [
          104.019857,
          30.643121
        ]
      },
      "properties": {
        "name": "包间机麻",
        "category": "sports",
        "type": "体育休闲服务;娱乐场所;娱乐场所",
        "district": "武侯区",
        "weight": 1
      }
    },
    {
      "type": "Feature",
      "geometry": {
        "type": "Point",
        "coordinates": [
          104.016168,
          30.64618
        ]
      },
      "properties": {
        "name": "尚品健身工作室",
        "category": "sports",
        "type": "体育休闲服务;运动场馆;健身中心",
        "district": "武侯区",
        "weight": 2
      }
    },
    {
      "type": "Feature",
      "geometry": {
        "type": "Point",
        "coordinates": [
          104.014854,
          30.642341
        ]
      },
      "properties": {
        "name": "手上舞棋牌室",
        "category": "sports",
        "type": "体育休闲服务;娱乐场所;棋牌室",
        "district": "武侯区",
        "weight": 1
      }
    },
    {
      "type": "Feature",
      "geometry": {
        "type": "Point",
        "coordinates": [
          104.020253,
          30.642215
        ]
      },
      "properties": {
        "name": "舞语者(双楠店)",
        "category": "sports",
        "type": "体育休闲服务;运动场馆;健身中心",
        "district": "武侯区",
        "weight": 1
      }
    },
    {
      "type": "Feature",
      "geometry": {
        "type": "Point",
        "coordinates": [
          104.031648,
          30.642863
        ]
      },
      "properties": {
        "name": "巴黎阳光休闲棋牌室",
        "category": "sports",
        "type": "体育休闲服务;娱乐场所;棋牌室",
        "district": "武侯区",
        "weight": 1
      }
    },
    {
      "type": "Feature",
      "geometry": {
        "type": "Point",
        "coordinates": [
          104.027332,
          30.646229
        ]
      },
      "properties": {
        "name": "牙尖帮休闲屋(双楠家园西)",
        "category": "sports",
        "type": "体育休闲服务;娱乐场所;棋牌室",
        "district": "武侯区",
        "weight": 1
      }
    },
    {
      "type": "Feature",
      "geometry": {
        "type": "Point",
        "coordinates": [
          104.02589,
          30.647608
        ]
      },
      "properties": {
        "name": "舞酒",
        "category": "sports",
        "type": "体育休闲服务;娱乐场所;娱乐场所",
        "district": "武侯区",
        "weight": 8
      }
    },
    {
      "type": "Feature",
      "geometry": {
        "type": "Point",
        "coordinates": [
          104.026102,
          30.639997
        ]
      },
      "properties": {
        "name": "古德网咖",
        "category": "sports",
        "type": "体育休闲服务;娱乐场所;网吧",
        "district": "武侯区",
        "weight": 6
      }
    },
    {
      "type": "Feature",
      "geometry": {
        "type": "Point",
        "coordinates": [
          104.024954,
          30.644405
        ]
      },
      "properties": {
        "name": "飞易网咖",
        "category": "sports",
        "type": "体育休闲服务;娱乐场所;网吧",
        "district": "武侯区",
        "weight": 9
      }
    },
    {
      "type": "Feature",
      "geometry": {
        "type": "Point",
        "coordinates": [
          104.027784,
          30.644035
        ]
      },
      "properties": {
        "name": "碧云天网咖",
        "category": "sports",
        "type": "体育休闲服务;娱乐场所;网吧",
        "district": "武侯区",
        "weight": 1
      }
    },
    {
      "type": "Feature",
      "geometry": {
        "type": "Point",
        "coordinates": [
          104.02955,
          30.640846
        ]
      },
      "properties": {
        "name": "神盾局网吧",
        "category": "sports",
        "type": "体育休闲服务;娱乐场所;网吧",
        "district": "武侯区",
        "weight": 4
      }
    },
    {
      "type": "Feature",
      "geometry": {
        "type": "Point",
        "coordinates": [
          104.033578,
          30.645113
        ]
      },
      "properties": {
        "name": "随缘酒吧",
        "category": "sports",
        "type": "体育休闲服务;娱乐场所;酒吧",
        "district": "武侯区",
        "weight": 7
      }
    },
    {
      "type": "Feature",
      "geometry": {
        "type": "Point",
        "coordinates": [
          104.02962,
          30.648098
        ]
      },
      "properties": {
        "name": "七祥云",
        "category": "sports",
        "type": "体育休闲服务;娱乐场所;KTV",
        "district": "武侯区",
        "weight": 3
      }
    },
    {
      "type": "Feature",
      "geometry": {
        "type": "Point",
        "coordinates": [
          104.032112,
          30.644689
        ]
      },
      "properties": {
        "name": "道茗楼",
        "category": "sports",
        "type": "体育休闲服务;娱乐场所;棋牌室",
        "district": "武侯区",
        "weight": 4
      }
    },
    {
      "type": "Feature",
      "geometry": {
        "type": "Point",
        "coordinates": [
          104.02673,
          30.642146
        ]
      },
      "properties": {
        "name": "怪慢网咖",
        "category": "sports",
        "type": "体育休闲服务;娱乐场所;网吧",
        "district": "武侯区",
        "weight": 4
      }
    },
    {
      "type": "Feature",
      "geometry": {
        "type": "Point",
        "coordinates": [
          104.024914,
          30.641995
        ]
      },
      "properties": {
        "name": "啡克儿网咖",
        "category": "sports",
        "type": "体育休闲服务;娱乐场所;网吧",
        "district": "武侯区",
        "weight": 1
      }
    },
    {
      "type": "Feature",
      "geometry": {
        "type": "Point",
        "coordinates": [
          104.03297,
          30.647267
        ]
      },
      "properties": {
        "name": "流星雨音乐酒吧(燃灯寺北街)",
        "category": "sports",
        "type": "体育休闲服务;娱乐场所;酒吧",
        "district": "武侯区",
        "weight": 1
      }
    },
    {
      "type": "Feature",
      "geometry": {
        "type": "Point",
        "coordinates": [
          104.032026,
          30.646541
        ]
      },
      "properties": {
        "name": "广飞网吧",
        "category": "sports",
        "type": "体育休闲服务;娱乐场所;网吧",
        "district": "武侯区",
        "weight": 1
      }
    },
    {
      "type": "Feature",
      "geometry": {
        "type": "Point",
        "coordinates": [
          104.029141,
          30.645002
        ]
      },
      "properties": {
        "name": "玩家酒馆",
        "category": "sports",
        "type": "体育休闲服务;娱乐场所;酒吧",
        "district": "武侯区",
        "weight": 1
      }
    },
    {
      "type": "Feature",
      "geometry": {
        "type": "Point",
        "coordinates": [
          104.03021,
          30.643446
        ]
      },
      "properties": {
        "name": "yolin之diy手工花",
        "category": "sports",
        "type": "体育休闲服务;体育休闲服务场所;体育休闲服务场所",
        "district": "武侯区",
        "weight": 1
      }
    },
    {
      "type": "Feature",
      "geometry": {
        "type": "Point",
        "coordinates": [
          104.02412,
          30.642972
        ]
      },
      "properties": {
        "name": "成都康福老年护理院",
        "category": "sports",
        "type": "体育休闲服务;度假疗养场所;疗养院",
        "district": "武侯区",
        "weight": 1
      }
    },
    {
      "type": "Feature",
      "geometry": {
        "type": "Point",
        "coordinates": [
          104.025009,
          30.648927
        ]
      },
      "properties": {
        "name": "新感觉",
        "category": "sports",
        "type": "体育休闲服务;娱乐场所;棋牌室",
        "district": "武侯区",
        "weight": 5
      }
    },
    {
      "type": "Feature",
      "geometry": {
        "type": "Point",
        "coordinates": [
          104.027857,
          30.645112
        ]
      },
      "properties": {
        "name": "莎乐美KTV",
        "category": "sports",
        "type": "体育休闲服务;体育休闲服务场所;体育休闲服务场所",
        "district": "武侯区",
        "weight": 1
      }
    },
    {
      "type": "Feature",
      "geometry": {
        "type": "Point",
        "coordinates": [
          104.040401,
          30.640101
        ]
      },
      "properties": {
        "name": "青忆",
        "category": "sports",
        "type": "体育休闲服务;娱乐场所;娱乐场所",
        "district": "武侯区",
        "weight": 34
      }
    },
    {
      "type": "Feature",
      "geometry": {
        "type": "Point",
        "coordinates": [
          104.041927,
          30.647695
        ]
      },
      "properties": {
        "name": "成都体育学院足球场",
        "category": "sports",
        "type": "体育休闲服务;运动场馆;足球场",
        "district": "武侯区",
        "weight": 1
      }
    },
    {
      "type": "Feature",
      "geometry": {
        "type": "Point",
        "coordinates": [
          104.04335,
          30.647258
        ]
      },
      "properties": {
        "name": "阳光跆拳道(体院店)",
        "category": "sports",
        "type": "体育休闲服务;运动场馆;跆拳道场馆",
        "district": "武侯区",
        "weight": 2
      }
    },
    {
      "type": "Feature",
      "geometry": {
        "type": "Point",
        "coordinates": [
          104.039573,
          30.643849
        ]
      },
      "properties": {
        "name": "简瑜伽",
        "category": "sports",
        "type": "体育休闲服务;运动场馆;健身中心",
        "district": "武侯区",
        "weight": 14
      }
    },
    {
      "type": "Feature",
      "geometry": {
        "type": "Point",
        "coordinates": [
          104.035621,
          30.642041
        ]
      },
      "properties": {
        "name": "鼎域网吧",
        "category": "sports",
        "type": "体育休闲服务;娱乐场所;网吧",
        "district": "武侯区",
        "weight": 4
      }
    },
    {
      "type": "Feature",
      "geometry": {
        "type": "Point",
        "coordinates": [
          104.034892,
          30.647209
        ]
      },
      "properties": {
        "name": "银河网吧(大石南路)",
        "category": "sports",
        "type": "体育休闲服务;娱乐场所;网吧",
        "district": "武侯区",
        "weight": 1
      }
    },
    {
      "type": "Feature",
      "geometry": {
        "type": "Point",
        "coordinates": [
          104.035562,
          30.648756
        ]
      },
      "properties": {
        "name": "大卫台球(菊乐路)",
        "category": "sports",
        "type": "体育休闲服务;运动场馆;台球厅",
        "district": "武侯区",
        "weight": 1
      }
    },
    {
      "type": "Feature",
      "geometry": {
        "type": "Point",
        "coordinates": [
          104.034607,
          30.642609
        ]
      },
      "properties": {
        "name": "四季花城游泳池",
        "category": "sports",
        "type": "体育休闲服务;运动场馆;游泳馆",
        "district": "武侯区",
        "weight": 1
      }
    },
    {
      "type": "Feature",
      "geometry": {
        "type": "Point",
        "coordinates": [
          104.03834,
          30.645076
        ]
      },
      "properties": {
        "name": "智瑜伽",
        "category": "sports",
        "type": "体育休闲服务;运动场馆;健身中心",
        "district": "武侯区",
        "weight": 4
      }
    },
    {
      "type": "Feature",
      "geometry": {
        "type": "Point",
        "coordinates": [
          104.040871,
          30.645152
        ]
      },
      "properties": {
        "name": "大唐网络",
        "category": "sports",
        "type": "体育休闲服务;体育休闲服务场所;体育休闲服务场所",
        "district": "武侯区",
        "weight": 2
      }
    },
    {
      "type": "Feature",
      "geometry": {
        "type": "Point",
        "coordinates": [
          104.038512,
          30.641597
        ]
      },
      "properties": {
        "name": "VitQ宣泄吧",
        "category": "sports",
        "type": "体育休闲服务;体育休闲服务场所;体育休闲服务场所",
        "district": "武侯区",
        "weight": 2
      }
    },
    {
      "type": "Feature",
      "geometry": {
        "type": "Point",
        "coordinates": [
          104.035178,
          30.643959
        ]
      },
      "properties": {
        "name": "幸福乐园",
        "category": "sports",
        "type": "体育休闲服务;体育休闲服务场所;体育休闲服务场所",
        "district": "武侯区",
        "weight": 1
      }
    },
    {
      "type": "Feature",
      "geometry": {
        "type": "Point",
        "coordinates": [
          104.050629,
          30.641067
        ]
      },
      "properties": {
        "name": "随性网吧",
        "category": "sports",
        "type": "体育休闲服务;娱乐场所;网吧",
        "district": "武侯区",
        "weight": 8
      }
    },
    {
      "type": "Feature",
      "geometry": {
        "type": "Point",
        "coordinates": [
          104.050865,
          30.646467
        ]
      },
      "properties": {
        "name": "康复活动室",
        "category": "sports",
        "type": "体育休闲服务;体育休闲服务场所;体育休闲服务场所",
        "district": "武侯区",
        "weight": 3
      }
    },
    {
      "type": "Feature",
      "geometry": {
        "type": "Point",
        "coordinates": [
          104.049591,
          30.647987
        ]
      },
      "properties": {
        "name": "地中海酒吧",
        "category": "sports",
        "type": "体育休闲服务;娱乐场所;酒吧",
        "district": "武侯区",
        "weight": 4
      }
    },
    {
      "type": "Feature",
      "geometry": {
        "type": "Point",
        "coordinates": [
          104.052445,
          30.64024
        ]
      },
      "properties": {
        "name": "山人酒馆",
        "category": "sports",
        "type": "体育休闲服务;娱乐场所;酒吧",
        "district": "武侯区",
        "weight": 5
      }
    },
    {
      "type": "Feature",
      "geometry": {
        "type": "Point",
        "coordinates": [
          104.049184,
          30.641365
        ]
      },
      "properties": {
        "name": "西南民族大学游泳池",
        "category": "sports",
        "type": "体育休闲服务;运动场馆;游泳馆",
        "district": "武侯区",
        "weight": 2
      }
    },
    {
      "type": "Feature",
      "geometry": {
        "type": "Point",
        "coordinates": [
          104.045026,
          30.646341
        ]
      },
      "properties": {
        "name": "无间密室",
        "category": "sports",
        "type": "体育休闲服务;娱乐场所;娱乐场所",
        "district": "武侯区",
        "weight": 3
      }
    },
    {
      "type": "Feature",
      "geometry": {
        "type": "Point",
        "coordinates": [
          104.043874,
          30.640004
        ]
      },
      "properties": {
        "name": "殷商网吧(民院店)",
        "category": "sports",
        "type": "体育休闲服务;娱乐场所;网吧",
        "district": "武侯区",
        "weight": 1
      }
    },
    {
      "type": "Feature",
      "geometry": {
        "type": "Point",
        "coordinates": [
          104.04759,
          30.64197
        ]
      },
      "properties": {
        "name": "西南民族大学篮球场",
        "category": "sports",
        "type": "体育休闲服务;运动场馆;篮球场馆",
        "district": "武侯区",
        "weight": 2
      }
    },
    {
      "type": "Feature",
      "geometry": {
        "type": "Point",
        "coordinates": [
          104.052965,
          30.642788
        ]
      },
      "properties": {
        "name": "非凡瑜伽(洗面桥街)",
        "category": "sports",
        "type": "体育休闲服务;运动场馆;健身中心",
        "district": "武侯区",
        "weight": 1
      }
    },
    {
      "type": "Feature",
      "geometry": {
        "type": "Point",
        "coordinates": [
          104.04901,
          30.642854
        ]
      },
      "properties": {
        "name": "西南民族大学-学生活动中心",
        "category": "sports",
        "type": "体育休闲服务;休闲场所;休闲场所",
        "district": "武侯区",
        "weight": 1
      }
    },
    {
      "type": "Feature",
      "geometry": {
        "type": "Point",
        "coordinates": [
          104.045524,
          30.645272
        ]
      },
      "properties": {
        "name": "甘孜藏族自治州成都干部休修养所",
        "category": "sports",
        "type": "体育休闲服务;度假疗养场所;疗养院",
        "district": "武侯区",
        "weight": 1
      }
    },
    {
      "type": "Feature",
      "geometry": {
        "type": "Point",
        "coordinates": [
          104.043788,
          30.641085
        ]
      },
      "properties": {
        "name": "阿伦故事俱乐部",
        "category": "sports",
        "type": "体育休闲服务;体育休闲服务场所;体育休闲服务场所",
        "district": "武侯区",
        "weight": 1
      }
    },
    {
      "type": "Feature",
      "geometry": {
        "type": "Point",
        "coordinates": [
          104.063384,
          30.64325
        ]
      },
      "properties": {
        "name": "四川大学华西校区医科大学体育馆",
        "category": "sports",
        "type": "体育休闲服务;运动场馆;综合体育馆",
        "district": "武侯区",
        "weight": 2
      }
    },
    {
      "type": "Feature",
      "geometry": {
        "type": "Point",
        "coordinates": [
          104.058194,
          30.648743
        ]
      },
      "properties": {
        "name": "卡罗",
        "category": "sports",
        "type": "体育休闲服务;娱乐场所;酒吧",
        "district": "武侯区",
        "weight": 6
      }
    },
    {
      "type": "Feature",
      "geometry": {
        "type": "Point",
        "coordinates": [
          104.058823,
          30.640352
        ]
      },
      "properties": {
        "name": "茅草屋棋牌",
        "category": "sports",
        "type": "体育休闲服务;娱乐场所;棋牌室",
        "district": "武侯区",
        "weight": 3
      }
    },
    {
      "type": "Feature",
      "geometry": {
        "type": "Point",
        "coordinates": [
          104.055421,
          30.641336
        ]
      },
      "properties": {
        "name": "毛妹棋牌",
        "category": "sports",
        "type": "体育休闲服务;娱乐场所;棋牌室",
        "district": "武侯区",
        "weight": 2
      }
    },
    {
      "type": "Feature",
      "geometry": {
        "type": "Point",
        "coordinates": [
          104.05961,
          30.648702
        ]
      },
      "properties": {
        "name": "K·O Beer",
        "category": "sports",
        "type": "体育休闲服务;娱乐场所;酒吧",
        "district": "武侯区",
        "weight": 1
      }
    },
    {
      "type": "Feature",
      "geometry": {
        "type": "Point",
        "coordinates": [
          104.056566,
          30.648918
        ]
      },
      "properties": {
        "name": "新冶酒吧",
        "category": "sports",
        "type": "体育休闲服务;娱乐场所;酒吧",
        "district": "武侯区",
        "weight": 4
      }
    },
    {
      "type": "Feature",
      "geometry": {
        "type": "Point",
        "coordinates": [
          104.055762,
          30.647466
        ]
      },
      "properties": {
        "name": "悠莲瑜伽",
        "category": "sports",
        "type": "体育休闲服务;运动场馆;健身中心",
        "district": "武侯区",
        "weight": 2
      }
    },
    {
      "type": "Feature",
      "geometry": {
        "type": "Point",
        "coordinates": [
          104.060631,
          30.647492
        ]
      },
      "properties": {
        "name": "清风网咖",
        "category": "sports",
        "type": "体育休闲服务;娱乐场所;网吧",
        "district": "武侯区",
        "weight": 1
      }
    },
    {
      "type": "Feature",
      "geometry": {
        "type": "Point",
        "coordinates": [
          104.061311,
          30.648665
        ]
      },
      "properties": {
        "name": "三勒浆国标舞俱乐部",
        "category": "sports",
        "type": "体育休闲服务;体育休闲服务场所;体育休闲服务场所",
        "district": "武侯区",
        "weight": 3
      }
    },
    {
      "type": "Feature",
      "geometry": {
        "type": "Point",
        "coordinates": [
          104.055676,
          30.645751
        ]
      },
      "properties": {
        "name": "星际穿越网咖(浆洗街)",
        "category": "sports",
        "type": "体育休闲服务;娱乐场所;网吧",
        "district": "武侯区",
        "weight": 1
      }
    },
    {
      "type": "Feature",
      "geometry": {
        "type": "Point",
        "coordinates": [
          104.054813,
          30.644412
        ]
      },
      "properties": {
        "name": "菲比舞蹈工作室",
        "category": "sports",
        "type": "科教文化服务;培训机构;培训机构|体育休闲服务;运动场馆;运动场所",
        "district": "武侯区",
        "weight": 1
      }
    },
    {
      "type": "Feature",
      "geometry": {
        "type": "Point",
        "coordinates": [
          104.055558,
          30.639422
        ]
      },
      "properties": {
        "name": "全民健身路径",
        "category": "sports",
        "type": "体育休闲服务;体育休闲服务场所;体育休闲服务场所",
        "district": "武侯区",
        "weight": 3
      }
    },
    {
      "type": "Feature",
      "geometry": {
        "type": "Point",
        "coordinates": [
          104.057435,
          30.647646
        ]
      },
      "properties": {
        "name": "阳光小镇",
        "category": "sports",
        "type": "体育休闲服务;娱乐场所;娱乐场所",
        "district": "武侯区",
        "weight": 1
      }
    },
    {
      "type": "Feature",
      "geometry": {
        "type": "Point",
        "coordinates": [
          104.056814,
          30.642616
        ]
      },
      "properties": {
        "name": "叶三姐麻将馆",
        "category": "sports",
        "type": "体育休闲服务;娱乐场所;棋牌室",
        "district": "武侯区",
        "weight": 1
      }
    },
    {
      "type": "Feature",
      "geometry": {
        "type": "Point",
        "coordinates": [
          104.061338,
          30.641089
        ]
      },
      "properties": {
        "name": "凯蒂乐园",
        "category": "sports",
        "type": "体育休闲服务;体育休闲服务场所;体育休闲服务场所",
        "district": "武侯区",
        "weight": 1
      }
    },
    {
      "type": "Feature",
      "geometry": {
        "type": "Point",
        "coordinates": [
          104.065481,
          30.64225
        ]
      },
      "properties": {
        "name": "四川大学华西体育馆",
        "category": "sports",
        "type": "体育休闲服务;运动场馆;运动场所",
        "district": "武侯区",
        "weight": 6
      }
    },
    {
      "type": "Feature",
      "geometry": {
        "type": "Point",
        "coordinates": [
          104.065592,
          30.639315
        ]
      },
      "properties": {
        "name": "名英网咖",
        "category": "sports",
        "type": "体育休闲服务;娱乐场所;网吧",
        "district": "武侯区",
        "weight": 3
      }
    },
    {
      "type": "Feature",
      "geometry": {
        "type": "Point",
        "coordinates": [
          104.068835,
          30.642078
        ]
      },
      "properties": {
        "name": "四川大学华西校区游泳池",
        "category": "sports",
        "type": "体育休闲服务;运动场馆;游泳馆",
        "district": "武侯区",
        "weight": 1
      }
    },
    {
      "type": "Feature",
      "geometry": {
        "type": "Point",
        "coordinates": [
          104.06513,
          30.648278
        ]
      },
      "properties": {
        "name": "丽亚维斯酒吧",
        "category": "sports",
        "type": "体育休闲服务;娱乐场所;酒吧",
        "district": "武侯区",
        "weight": 1
      }
    },
    {
      "type": "Feature",
      "geometry": {
        "type": "Point",
        "coordinates": [
          104.070756,
          30.645547
        ]
      },
      "properties": {
        "name": "多角度台球棋牌",
        "category": "sports",
        "type": "体育休闲服务;运动场馆;台球厅",
        "district": "武侯区",
        "weight": 4
      }
    },
    {
      "type": "Feature",
      "geometry": {
        "type": "Point",
        "coordinates": [
          104.072038,
          30.644031
        ]
      },
      "properties": {
        "name": "巴适游乐",
        "category": "sports",
        "type": "体育休闲服务;体育休闲服务场所;体育休闲服务场所",
        "district": "武侯区",
        "weight": 1
      }
    },
    {
      "type": "Feature",
      "geometry": {
        "type": "Point",
        "coordinates": [
          104.072978,
          30.64618
        ]
      },
      "properties": {
        "name": "杨娟肚皮舞瑜伽",
        "category": "sports",
        "type": "体育休闲服务;运动场馆;健身中心",
        "district": "武侯区",
        "weight": 5
      }
    },
    {
      "type": "Feature",
      "geometry": {
        "type": "Point",
        "coordinates": [
          104.068108,
          30.643871
        ]
      },
      "properties": {
        "name": "四川大学华西校区足球场",
        "category": "sports",
        "type": "体育休闲服务;运动场馆;足球场",
        "district": "武侯区",
        "weight": 1
      }
    },
    {
      "type": "Feature",
      "geometry": {
        "type": "Point",
        "coordinates": [
          104.066375,
          30.64533
        ]
      },
      "properties": {
        "name": "山西运头庄麻将馆",
        "category": "sports",
        "type": "体育休闲服务;娱乐场所;棋牌室",
        "district": "武侯区",
        "weight": 2
      }
    },
    {
      "type": "Feature",
      "geometry": {
        "type": "Point",
        "coordinates": [
          104.067963,
          30.647045
        ]
      },
      "properties": {
        "name": "龙翔电竞馆",
        "category": "sports",
        "type": "体育休闲服务;体育休闲服务场所;体育休闲服务场所",
        "district": "武侯区",
        "weight": 1
      }
    },
    {
      "type": "Feature",
      "geometry": {
        "type": "Point",
        "coordinates": [
          104.069852,
          30.649053
        ]
      },
      "properties": {
        "name": "Dave's Oasis",
        "category": "sports",
        "type": "体育休闲服务;娱乐场所;酒吧",
        "district": "锦江区",
        "weight": 1
      }
    },
    {
      "type": "Feature",
      "geometry": {
        "type": "Point",
        "coordinates": [
          104.070812,
          30.64374
        ]
      },
      "properties": {
        "name": "芳华园棋牌馆",
        "category": "sports",
        "type": "体育休闲服务;娱乐场所;棋牌室",
        "district": "武侯区",
        "weight": 2
      }
    },
    {
      "type": "Feature",
      "geometry": {
        "type": "Point",
        "coordinates": [
          104.068682,
          30.639478
        ]
      },
      "properties": {
        "name": "茶语饭后",
        "category": "sports",
        "type": "体育休闲服务;娱乐场所;棋牌室",
        "district": "武侯区",
        "weight": 2
      }
    },
    {
      "type": "Feature",
      "geometry": {
        "type": "Point",
        "coordinates": [
          104.065605,
          30.643999
        ]
      },
      "properties": {
        "name": "华西篮球场",
        "category": "sports",
        "type": "体育休闲服务;运动场馆;篮球场馆",
        "district": "武侯区",
        "weight": 1
      }
    },
    {
      "type": "Feature",
      "geometry": {
        "type": "Point",
        "coordinates": [
          104.069648,
          30.645814
        ]
      },
      "properties": {
        "name": "五妹麻将室",
        "category": "sports",
        "type": "体育休闲服务;娱乐场所;棋牌室",
        "district": "武侯区",
        "weight": 1
      }
    },
    {
      "type": "Feature",
      "geometry": {
        "type": "Point",
        "coordinates": [
          104.071568,
          30.647537
        ]
      },
      "properties": {
        "name": "新南游乐广场",
        "category": "sports",
        "type": "体育休闲服务;娱乐场所;游戏厅",
        "district": "武侯区",
        "weight": 1
      }
    },
    {
      "type": "Feature",
      "geometry": {
        "type": "Point",
        "coordinates": [
          104.079961,
          30.639071
        ]
      },
      "properties": {
        "name": "休闲棋牌室",
        "category": "sports",
        "type": "体育休闲服务;娱乐场所;棋牌室",
        "district": "武侯区",
        "weight": 22
      }
    },
    {
      "type": "Feature",
      "geometry": {
        "type": "Point",
        "coordinates": [
          104.082825,
          30.646873
        ]
      },
      "properties": {
        "name": "老来吧",
        "category": "sports",
        "type": "体育休闲服务;娱乐场所;酒吧",
        "district": "锦江区",
        "weight": 38
      }
    },
    {
      "type": "Feature",
      "geometry": {
        "type": "Point",
        "coordinates": [
          104.076794,
          30.646027
        ]
      },
      "properties": {
        "name": "章鱼桌游吧",
        "category": "sports",
        "type": "体育休闲服务;娱乐场所;娱乐场所",
        "district": "武侯区",
        "weight": 6
      }
    },
    {
      "type": "Feature",
      "geometry": {
        "type": "Point",
        "coordinates": [
          104.07773,
          30.642088
        ]
      },
      "properties": {
        "name": "川艺实验剧场",
        "category": "sports",
        "type": "体育休闲服务;影剧院;剧场",
        "district": "武侯区",
        "weight": 2
      }
    },
    {
      "type": "Feature",
      "geometry": {
        "type": "Point",
        "coordinates": [
          104.083158,
          30.643493
        ]
      },
      "properties": {
        "name": "登壳",
        "category": "sports",
        "type": "体育休闲服务;娱乐场所;酒吧",
        "district": "武侯区",
        "weight": 51
      }
    },
    {
      "type": "Feature",
      "geometry": {
        "type": "Point",
        "coordinates": [
          104.080409,
          30.649153
        ]
      },
      "properties": {
        "name": "一会一味",
        "category": "sports",
        "type": "餐饮服务;外国餐厅;日本料理|体育休闲服务;娱乐场所;酒吧",
        "district": "锦江区",
        "weight": 5
      }
    },
    {
      "type": "Feature",
      "geometry": {
        "type": "Point",
        "coordinates": [
          104.078466,
          30.647312
        ]
      },
      "properties": {
        "name": "北京元典星焜",
        "category": "sports",
        "type": "体育休闲服务;体育休闲服务场所;体育休闲服务场所",
        "district": "锦江区",
        "weight": 2
      }
    },
    {
      "type": "Feature",
      "geometry": {
        "type": "Point",
        "coordinates": [
          104.074626,
          30.644123
        ]
      },
      "properties": {
        "name": "洛芙特网咖",
        "category": "sports",
        "type": "体育休闲服务;娱乐场所;网吧",
        "district": "武侯区",
        "weight": 6
      }
    },
    {
      "type": "Feature",
      "geometry": {
        "type": "Point",
        "coordinates": [
          104.081131,
          30.642196
        ]
      },
      "properties": {
        "name": "存在音乐工厂酒吧",
        "category": "sports",
        "type": "体育休闲服务;娱乐场所;酒吧",
        "district": "武侯区",
        "weight": 3
      }
    },
    {
      "type": "Feature",
      "geometry": {
        "type": "Point",
        "coordinates": [
          104.076587,
          30.64371
        ]
      },
      "properties": {
        "name": "奇幻网咖",
        "category": "sports",
        "type": "体育休闲服务;娱乐场所;网吧",
        "district": "武侯区",
        "weight": 2
      }
    },
    {
      "type": "Feature",
      "geometry": {
        "type": "Point",
        "coordinates": [
          104.083236,
          30.641651
        ]
      },
      "properties": {
        "name": "飞扬娱乐",
        "category": "sports",
        "type": "体育休闲服务;娱乐场所;酒吧",
        "district": "武侯区",
        "weight": 3
      }
    },
    {
      "type": "Feature",
      "geometry": {
        "type": "Point",
        "coordinates": [
          104.080828,
          30.648007
        ]
      },
      "properties": {
        "name": "焱酒所(大安正街)",
        "category": "sports",
        "type": "体育休闲服务;娱乐场所;酒吧",
        "district": "锦江区",
        "weight": 1
      }
    },
    {
      "type": "Feature",
      "geometry": {
        "type": "Point",
        "coordinates": [
          104.074698,
          30.646501
        ]
      },
      "properties": {
        "name": "幸运酒吧",
        "category": "sports",
        "type": "体育休闲服务;娱乐场所;酒吧",
        "district": "武侯区",
        "weight": 2
      }
    },
    {
      "type": "Feature",
      "geometry": {
        "type": "Point",
        "coordinates": [
          104.07698,
          30.648526
        ]
      },
      "properties": {
        "name": "2412桌上物语",
        "category": "sports",
        "type": "体育休闲服务;娱乐场所;娱乐场所",
        "district": "锦江区",
        "weight": 1
      }
    },
    {
      "type": "Feature",
      "geometry": {
        "type": "Point",
        "coordinates": [
          104.081952,
          30.64039
        ]
      },
      "properties": {
        "name": "江厦会所",
        "category": "sports",
        "type": "体育休闲服务;体育休闲服务场所;体育休闲服务场所",
        "district": "武侯区",
        "weight": 1
      }
    },
    {
      "type": "Feature",
      "geometry": {
        "type": "Point",
        "coordinates": [
          104.076066,
          30.639455
        ]
      },
      "properties": {
        "name": "四川音乐学院校本部篮球场",
        "category": "sports",
        "type": "体育休闲服务;运动场馆;篮球场馆",
        "district": "武侯区",
        "weight": 3
      }
    },
    {
      "type": "Feature",
      "geometry": {
        "type": "Point",
        "coordinates": [
          104.079073,
          30.644969
        ]
      },
      "properties": {
        "name": "安顺桥音乐广场",
        "category": "sports",
        "type": "体育休闲服务;体育休闲服务场所;体育休闲服务场所",
        "district": "武侯区",
        "weight": 1
      }
    },
    {
      "type": "Feature",
      "geometry": {
        "type": "Point",
        "coordinates": [
          104.074159,
          30.648689
        ]
      },
      "properties": {
        "name": "黑暗中对话/中国",
        "category": "sports",
        "type": "体育休闲服务;娱乐场所;娱乐场所",
        "district": "锦江区",
        "weight": 1
      }
    },
    {
      "type": "Feature",
      "geometry": {
        "type": "Point",
        "coordinates": [
          104.078029,
          30.644665
        ]
      },
      "properties": {
        "name": "参里",
        "category": "sports",
        "type": "体育休闲服务;娱乐场所;酒吧",
        "district": "武侯区",
        "weight": 2
      }
    },
    {
      "type": "Feature",
      "geometry": {
        "type": "Point",
        "coordinates": [
          104.080046,
          30.646476
        ]
      },
      "properties": {
        "name": "清晖",
        "category": "sports",
        "type": "体育休闲服务;体育休闲服务场所;体育休闲服务场所",
        "district": "锦江区",
        "weight": 2
      }
    },
    {
      "type": "Feature",
      "geometry": {
        "type": "Point",
        "coordinates": [
          104.080737,
          30.645567
        ]
      },
      "properties": {
        "name": "听涛舫",
        "category": "sports",
        "type": "体育休闲服务;娱乐场所;娱乐场所",
        "district": "锦江区",
        "weight": 1
      }
    },
    {
      "type": "Feature",
      "geometry": {
        "type": "Point",
        "coordinates": [
          104.08877,
          30.645702
        ]
      },
      "properties": {
        "name": "沐光部落",
        "category": "sports",
        "type": "体育休闲服务;运动场馆;运动场所",
        "district": "锦江区",
        "weight": 19
      }
    },
    {
      "type": "Feature",
      "geometry": {
        "type": "Point",
        "coordinates": [
          104.091379,
          30.644594
        ]
      },
      "properties": {
        "name": "七贤镇会所",
        "category": "sports",
        "type": "体育休闲服务;体育休闲服务场所;体育休闲服务场所",
        "district": "锦江区",
        "weight": 6
      }
    },
    {
      "type": "Feature",
      "geometry": {
        "type": "Point",
        "coordinates": [
          104.083981,
          30.639613
        ]
      },
      "properties": {
        "name": "花脸",
        "category": "sports",
        "type": "体育休闲服务;娱乐场所;酒吧",
        "district": "武侯区",
        "weight": 71
      }
    },
    {
      "type": "Feature",
      "geometry": {
        "type": "Point",
        "coordinates": [
          104.088904,
          30.643771
        ]
      },
      "properties": {
        "name": "台北纯K(九眼桥店)",
        "category": "sports",
        "type": "体育休闲服务;娱乐场所;KTV",
        "district": "锦江区",
        "weight": 3
      }
    },
    {
      "type": "Feature",
      "geometry": {
        "type": "Point",
        "coordinates": [
          104.093098,
          30.645298
        ]
      },
      "properties": {
        "name": "宝和合",
        "category": "sports",
        "type": "体育休闲服务;体育休闲服务场所;体育休闲服务场所",
        "district": "锦江区",
        "weight": 3
      }
    },
    {
      "type": "Feature",
      "geometry": {
        "type": "Point",
        "coordinates": [
          104.092248,
          30.647307
        ]
      },
      "properties": {
        "name": "平行线自驾俱乐部",
        "category": "sports",
        "type": "体育休闲服务;运动场馆;运动场所",
        "district": "锦江区",
        "weight": 2
      }
    },
    {
      "type": "Feature",
      "geometry": {
        "type": "Point",
        "coordinates": [
          104.092132,
          30.639142
        ]
      },
      "properties": {
        "name": "同乐会",
        "category": "sports",
        "type": "体育休闲服务;体育休闲服务场所;体育休闲服务场所",
        "district": "锦江区",
        "weight": 8
      }
    },
    {
      "type": "Feature",
      "geometry": {
        "type": "Point",
        "coordinates": [
          104.089791,
          30.648384
        ]
      },
      "properties": {
        "name": "极聘网",
        "category": "sports",
        "type": "体育休闲服务;体育休闲服务场所;体育休闲服务场所",
        "district": "锦江区",
        "weight": 1
      }
    },
    {
      "type": "Feature",
      "geometry": {
        "type": "Point",
        "coordinates": [
          104.084583,
          30.648013
        ]
      },
      "properties": {
        "name": "水井街24号麻将铺",
        "category": "sports",
        "type": "体育休闲服务;体育休闲服务场所;体育休闲服务场所",
        "district": "锦江区",
        "weight": 1
      }
    },
    {
      "type": "Feature",
      "geometry": {
        "type": "Point",
        "coordinates": [
          104.089491,
          30.647464
        ]
      },
      "properties": {
        "name": "水井坊社区乒乓球馆",
        "category": "sports",
        "type": "体育休闲服务;运动场馆;乒乓球馆",
        "district": "锦江区",
        "weight": 1
      }
    },
    {
      "type": "Feature",
      "geometry": {
        "type": "Point",
        "coordinates": [
          104.09076,
          30.647377
        ]
      },
      "properties": {
        "name": "沃格真人cs俱乐部",
        "category": "sports",
        "type": "体育休闲服务;娱乐场所;娱乐场所",
        "district": "锦江区",
        "weight": 1
      }
    },
    {
      "type": "Feature",
      "geometry": {
        "type": "Point",
        "coordinates": [
          104.095247,
          30.640731
        ]
      },
      "properties": {
        "name": "棋牌娱乐",
        "category": "sports",
        "type": "体育休闲服务;娱乐场所;棋牌室",
        "district": "锦江区",
        "weight": 8
      }
    },
    {
      "type": "Feature",
      "geometry": {
        "type": "Point",
        "coordinates": [
          104.100621,
          30.642348
        ]
      },
      "properties": {
        "name": "不戒酒馆",
        "category": "sports",
        "type": "体育休闲服务;娱乐场所;酒吧",
        "district": "锦江区",
        "weight": 26
      }
    },
    {
      "type": "Feature",
      "geometry": {
        "type": "Point",
        "coordinates": [
          104.100466,
          30.645859
        ]
      },
      "properties": {
        "name": "蜀都花园游泳馆",
        "category": "sports",
        "type": "体育休闲服务;运动场馆;游泳馆",
        "district": "锦江区",
        "weight": 2
      }
    },
    {
      "type": "Feature",
      "geometry": {
        "type": "Point",
        "coordinates": [
          104.102437,
          30.644946
        ]
      },
      "properties": {
        "name": "鼎盛截拳道",
        "category": "sports",
        "type": "体育休闲服务;运动场馆;运动场所",
        "district": "锦江区",
        "weight": 4
      }
    },
    {
      "type": "Feature",
      "geometry": {
        "type": "Point",
        "coordinates": [
          104.101139,
          30.647715
        ]
      },
      "properties": {
        "name": "竞辉健身(双桥子店)",
        "category": "sports",
        "type": "体育休闲服务;运动场馆;健身中心",
        "district": "锦江区",
        "weight": 2
      }
    },
    {
      "type": "Feature",
      "geometry": {
        "type": "Point",
        "coordinates": [
          104.093598,
          30.64178
        ]
      },
      "properties": {
        "name": "体韵瑜伽",
        "category": "sports",
        "type": "体育休闲服务;运动场馆;健身中心",
        "district": "锦江区",
        "weight": 2
      }
    },
    {
      "type": "Feature",
      "geometry": {
        "type": "Point",
        "coordinates": [
          104.100459,
          30.648567
        ]
      },
      "properties": {
        "name": "冈萨雷斯网球场",
        "category": "sports",
        "type": "体育休闲服务;运动场馆;运动场所",
        "district": "锦江区",
        "weight": 1
      }
    },
    {
      "type": "Feature",
      "geometry": {
        "type": "Point",
        "coordinates": [
          104.094738,
          30.643842
        ]
      },
      "properties": {
        "name": "成都市公益电影放映点",
        "category": "sports",
        "type": "体育休闲服务;体育休闲服务场所;体育休闲服务场所",
        "district": "锦江区",
        "weight": 2
      }
    },
    {
      "type": "Feature",
      "geometry": {
        "type": "Point",
        "coordinates": [
          104.10361,
          30.648176
        ]
      },
      "properties": {
        "name": "本本家儿童乐园",
        "category": "sports",
        "type": "体育休闲服务;休闲场所;游乐场",
        "district": "成华区",
        "weight": 2
      }
    },
    {
      "type": "Feature",
      "geometry": {
        "type": "Point",
        "coordinates": [
          104.101609,
          30.639048
        ]
      },
      "properties": {
        "name": "沁心阁",
        "category": "sports",
        "type": "体育休闲服务;娱乐场所;棋牌室",
        "district": "锦江区",
        "weight": 4
      }
    },
    {
      "type": "Feature",
      "geometry": {
        "type": "Point",
        "coordinates": [
          104.096758,
          30.646016
        ]
      },
      "properties": {
        "name": "老李棋牌麻将室",
        "category": "sports",
        "type": "体育休闲服务;娱乐场所;棋牌室",
        "district": "锦江区",
        "weight": 1
      }
    },
    {
      "type": "Feature",
      "geometry": {
        "type": "Point",
        "coordinates": [
          104.096752,
          30.644949
        ]
      },
      "properties": {
        "name": "姐姐棋牌室",
        "category": "sports",
        "type": "体育休闲服务;娱乐场所;棋牌室",
        "district": "锦江区",
        "weight": 1
      }
    },
    {
      "type": "Feature",
      "geometry": {
        "type": "Point",
        "coordinates": [
          104.105798,
          30.643763
        ]
      },
      "properties": {
        "name": "火焱山网咖",
        "category": "sports",
        "type": "体育休闲服务;娱乐场所;网吧",
        "district": "锦江区",
        "weight": 1
      }
    },
    {
      "type": "Feature",
      "geometry": {
        "type": "Point",
        "coordinates": [
          104.121296,
          30.646115
        ]
      },
      "properties": {
        "name": "品茗棋牌",
        "category": "sports",
        "type": "体育休闲服务;娱乐场所;棋牌室",
        "district": "成华区",
        "weight": 4
      }
    },
    {
      "type": "Feature",
      "geometry": {
        "type": "Point",
        "coordinates": [
          104.115772,
          30.647607
        ]
      },
      "properties": {
        "name": "每时球馆",
        "category": "sports",
        "type": "体育休闲服务;休闲场所;休闲场所",
        "district": "成华区",
        "weight": 12
      }
    },
    {
      "type": "Feature",
      "geometry": {
        "type": "Point",
        "coordinates": [
          104.120078,
          30.643222
        ]
      },
      "properties": {
        "name": "自由人羽毛球俱乐部",
        "category": "sports",
        "type": "体育休闲服务;运动场馆;羽毛球场",
        "district": "成华区",
        "weight": 2
      }
    },
    {
      "type": "Feature",
      "geometry": {
        "type": "Point",
        "coordinates": [
          104.113771,
          30.646578
        ]
      },
      "properties": {
        "name": "席勒鲜酿啤酒馆",
        "category": "sports",
        "type": "体育休闲服务;娱乐场所;酒吧",
        "district": "成华区",
        "weight": 1
      }
    },
    {
      "type": "Feature",
      "geometry": {
        "type": "Point",
        "coordinates": [
          104.119886,
          30.648167
        ]
      },
      "properties": {
        "name": "观城游泳池",
        "category": "sports",
        "type": "体育休闲服务;运动场馆;游泳馆",
        "district": "成华区",
        "weight": 3
      }
    },
    {
      "type": "Feature",
      "geometry": {
        "type": "Point",
        "coordinates": [
          104.115665,
          30.645675
        ]
      },
      "properties": {
        "name": "流云网咖",
        "category": "sports",
        "type": "体育休闲服务;娱乐场所;网吧",
        "district": "成华区",
        "weight": 4
      }
    },
    {
      "type": "Feature",
      "geometry": {
        "type": "Point",
        "coordinates": [
          104.113505,
          30.645278
        ]
      },
      "properties": {
        "name": "漫岩网咖",
        "category": "sports",
        "type": "体育休闲服务;娱乐场所;网吧",
        "district": "成华区",
        "weight": 1
      }
    },
    {
      "type": "Feature",
      "geometry": {
        "type": "Point",
        "coordinates": [
          104.117826,
          30.647953
        ]
      },
      "properties": {
        "name": "华润二十四城尚云庭游泳池",
        "category": "sports",
        "type": "体育休闲服务;运动场馆;游泳馆",
        "district": "成华区",
        "weight": 1
      }
    },
    {
      "type": "Feature",
      "geometry": {
        "type": "Point",
        "coordinates": [
          104.121168,
          30.647497
        ]
      },
      "properties": {
        "name": "竹园",
        "category": "sports",
        "type": "体育休闲服务;休闲场所;休闲场所",
        "district": "成华区",
        "weight": 1
      }
    },
    {
      "type": "Feature",
      "geometry": {
        "type": "Point",
        "coordinates": [
          104.115634,
          30.644144
        ]
      },
      "properties": {
        "name": "Super-S健身私教工作室(华润二十四城店)",
        "category": "sports",
        "type": "体育休闲服务;运动场馆;健身中心",
        "district": "成华区",
        "weight": 1
      }
    },
    {
      "type": "Feature",
      "geometry": {
        "type": "Point",
        "coordinates": [
          104.117051,
          30.646273
        ]
      },
      "properties": {
        "name": "搏跃跆拳道",
        "category": "sports",
        "type": "体育休闲服务;运动场馆;跆拳道场馆",
        "district": "成华区",
        "weight": 1
      }
    },
    {
      "type": "Feature",
      "geometry": {
        "type": "Point",
        "coordinates": [
          104.13896,
          30.645693
        ]
      },
      "properties": {
        "name": "时光旅行网咖",
        "category": "sports",
        "type": "体育休闲服务;娱乐场所;网吧",
        "district": "成华区",
        "weight": 4
      }
    },
    {
      "type": "Feature",
      "geometry": {
        "type": "Point",
        "coordinates": [
          104.137372,
          30.647923
        ]
      },
      "properties": {
        "name": "蓝蒂",
        "category": "sports",
        "type": "体育休闲服务;娱乐场所;娱乐场所",
        "district": "成华区",
        "weight": 1
      }
    },
    {
      "type": "Feature",
      "geometry": {
        "type": "Point",
        "coordinates": [
          104.137447,
          30.644732
        ]
      },
      "properties": {
        "name": "优品网吧",
        "category": "sports",
        "type": "体育休闲服务;娱乐场所;网吧",
        "district": "成华区",
        "weight": 1
      }
    },
    {
      "type": "Feature",
      "geometry": {
        "type": "Point",
        "coordinates": [
          104.136735,
          30.64091
        ]
      },
      "properties": {
        "name": "京新海运动俱乐部",
        "category": "sports",
        "type": "体育休闲服务;运动场馆;运动场所",
        "district": "成华区",
        "weight": 1
      }
    },
    {
      "type": "Feature",
      "geometry": {
        "type": "Point",
        "coordinates": [
          104.135844,
          30.643069
        ]
      },
      "properties": {
        "name": "京新海羽毛球俱乐部",
        "category": "sports",
        "type": "体育休闲服务;运动场馆;羽毛球场",
        "district": "成华区",
        "weight": 1
      }
    },
    {
      "type": "Feature",
      "geometry": {
        "type": "Point",
        "coordinates": [
          104.135149,
          30.646512
        ]
      },
      "properties": {
        "name": "成都百善",
        "category": "sports",
        "type": "体育休闲服务;娱乐场所;网吧",
        "district": "成华区",
        "weight": 1
      }
    },
    {
      "type": "Feature",
      "geometry": {
        "type": "Point",
        "coordinates": [
          104.136985,
          30.643284
        ]
      },
      "properties": {
        "name": "新京海运动俱乐部",
        "category": "sports",
        "type": "体育休闲服务;运动场馆;运动场所",
        "district": "成华区",
        "weight": 1
      }
    },
    {
      "type": "Feature",
      "geometry": {
        "type": "Point",
        "coordinates": [
          104.140327,
          30.641074
        ]
      },
      "properties": {
        "name": "动力雄健身(阳光100店)",
        "category": "sports",
        "type": "体育休闲服务;运动场馆;健身中心",
        "district": "成华区",
        "weight": 1
      }
    },
    {
      "type": "Feature",
      "geometry": {
        "type": "Point",
        "coordinates": [
          104.14893,
          30.640726
        ]
      },
      "properties": {
        "name": "老年康疗保健院",
        "category": "sports",
        "type": "体育休闲服务;度假疗养场所;疗养院",
        "district": "成华区",
        "weight": 2
      }
    },
    {
      "type": "Feature",
      "geometry": {
        "type": "Point",
        "coordinates": [
          104.149566,
          30.645744
        ]
      },
      "properties": {
        "name": "四海网络会所(东虹路)",
        "category": "sports",
        "type": "体育休闲服务;娱乐场所;网吧",
        "district": "成华区",
        "weight": 1
      }
    },
    {
      "type": "Feature",
      "geometry": {
        "type": "Point",
        "coordinates": [
          104.151783,
          30.646651
        ]
      },
      "properties": {
        "name": "乐看网吧",
        "category": "sports",
        "type": "体育休闲服务;娱乐场所;网吧",
        "district": "成华区",
        "weight": 1
      }
    },
    {
      "type": "Feature",
      "geometry": {
        "type": "Point",
        "coordinates": [
          104.150518,
          30.643443
        ]
      },
      "properties": {
        "name": "54号院老年活动中心",
        "category": "sports",
        "type": "体育休闲服务;休闲场所;休闲场所",
        "district": "成华区",
        "weight": 1
      }
    },
    {
      "type": "Feature",
      "geometry": {
        "type": "Point",
        "coordinates": [
          104.145312,
          30.641296
        ]
      },
      "properties": {
        "name": "缘园老年公寓",
        "category": "sports",
        "type": "体育休闲服务;度假疗养场所;疗养院",
        "district": "成华区",
        "weight": 2
      }
    },
    {
      "type": "Feature",
      "geometry": {
        "type": "Point",
        "coordinates": [
          104.153834,
          30.640324
        ]
      },
      "properties": {
        "name": "游戏人生网吧(天鹅路)",
        "category": "sports",
        "type": "体育休闲服务;娱乐场所;网吧",
        "district": "成华区",
        "weight": 1
      }
    },
    {
      "type": "Feature",
      "geometry": {
        "type": "Point",
        "coordinates": [
          104.155584,
          30.642089
        ]
      },
      "properties": {
        "name": "星飞特赛车俱乐部",
        "category": "sports",
        "type": "体育休闲服务;体育休闲服务场所;体育休闲服务场所",
        "district": "成华区",
        "weight": 1
      }
    },
    {
      "type": "Feature",
      "geometry": {
        "type": "Point",
        "coordinates": [
          103.967959,
          30.637923
        ]
      },
      "properties": {
        "name": "仁人发休闲馆",
        "category": "sports",
        "type": "体育休闲服务;娱乐场所;棋牌室",
        "district": "武侯区",
        "weight": 1
      }
    },
    {
      "type": "Feature",
      "geometry": {
        "type": "Point",
        "coordinates": [
          103.964562,
          30.631277
        ]
      },
      "properties": {
        "name": "宇峰会所",
        "category": "sports",
        "type": "体育休闲服务;娱乐场所;网吧",
        "district": "武侯区",
        "weight": 1
      }
    },
    {
      "type": "Feature",
      "geometry": {
        "type": "Point",
        "coordinates": [
          103.982611,
          30.631256
        ]
      },
      "properties": {
        "name": "嘉柏休闲网咖",
        "category": "sports",
        "type": "体育休闲服务;娱乐场所;网吧",
        "district": "武侯区",
        "weight": 1
      }
    },
    {
      "type": "Feature",
      "geometry": {
        "type": "Point",
        "coordinates": [
          103.976571,
          30.632779
        ]
      },
      "properties": {
        "name": "矿山救护队体能训练馆",
        "category": "sports",
        "type": "体育休闲服务;运动场馆;运动场所",
        "district": "武侯区",
        "weight": 1
      }
    },
    {
      "type": "Feature",
      "geometry": {
        "type": "Point",
        "coordinates": [
          103.97551,
          30.638621
        ]
      },
      "properties": {
        "name": "武新花园社区文化活动广场",
        "category": "sports",
        "type": "体育休闲服务;休闲场所;休闲场所",
        "district": "武侯区",
        "weight": 1
      }
    },
    {
      "type": "Feature",
      "geometry": {
        "type": "Point",
        "coordinates": [
          103.983775,
          30.636732
        ]
      },
      "properties": {
        "name": "碧漾亲子俱乐部",
        "category": "sports",
        "type": "体育休闲服务;运动场馆;游泳馆|体育休闲服务;休闲场所;游乐场",
        "district": "武侯区",
        "weight": 2
      }
    },
    {
      "type": "Feature",
      "geometry": {
        "type": "Point",
        "coordinates": [
          103.980793,
          30.636903
        ]
      },
      "properties": {
        "name": "鹏程羽毛球馆",
        "category": "sports",
        "type": "体育休闲服务;运动场馆;羽毛球场",
        "district": "武侯区",
        "weight": 1
      }
    },
    {
      "type": "Feature",
      "geometry": {
        "type": "Point",
        "coordinates": [
          103.982491,
          30.636692
        ]
      },
      "properties": {
        "name": "狗狗游泳馆",
        "category": "sports",
        "type": "体育休闲服务;运动场馆;游泳馆",
        "district": "武侯区",
        "weight": 1
      }
    },
    {
      "type": "Feature",
      "geometry": {
        "type": "Point",
        "coordinates": [
          103.986464,
          30.637679
        ]
      },
      "properties": {
        "name": "鼎鑫会所",
        "category": "sports",
        "type": "体育休闲服务;娱乐场所;娱乐场所",
        "district": "武侯区",
        "weight": 3
      }
    },
    {
      "type": "Feature",
      "geometry": {
        "type": "Point",
        "coordinates": [
          103.993531,
          30.630013
        ]
      },
      "properties": {
        "name": "彤星网吧",
        "category": "sports",
        "type": "体育休闲服务;娱乐场所;网吧",
        "district": "武侯区",
        "weight": 1
      }
    },
    {
      "type": "Feature",
      "geometry": {
        "type": "Point",
        "coordinates": [
          103.993602,
          30.639056
        ]
      },
      "properties": {
        "name": "党员活动室",
        "category": "sports",
        "type": "体育休闲服务;体育休闲服务场所;体育休闲服务场所",
        "district": "武侯区",
        "weight": 2
      }
    },
    {
      "type": "Feature",
      "geometry": {
        "type": "Point",
        "coordinates": [
          103.992155,
          30.635852
        ]
      },
      "properties": {
        "name": "友豪锦荟KTV",
        "category": "sports",
        "type": "体育休闲服务;娱乐场所;KTV",
        "district": "武侯区",
        "weight": 1
      }
    },
    {
      "type": "Feature",
      "geometry": {
        "type": "Point",
        "coordinates": [
          103.991728,
          30.633281
        ]
      },
      "properties": {
        "name": "网遇电竞馆",
        "category": "sports",
        "type": "体育休闲服务;娱乐场所;网吧",
        "district": "武侯区",
        "weight": 1
      }
    },
    {
      "type": "Feature",
      "geometry": {
        "type": "Point",
        "coordinates": [
          103.999322,
          30.634836
        ]
      },
      "properties": {
        "name": "帝豪网吧(顺和横街)",
        "category": "sports",
        "type": "体育休闲服务;娱乐场所;网吧",
        "district": "武侯区",
        "weight": 1
      }
    },
    {
      "type": "Feature",
      "geometry": {
        "type": "Point",
        "coordinates": [
          104.000706,
          30.636174
        ]
      },
      "properties": {
        "name": "善缘网吧",
        "category": "sports",
        "type": "体育休闲服务;娱乐场所;网吧",
        "district": "武侯区",
        "weight": 4
      }
    },
    {
      "type": "Feature",
      "geometry": {
        "type": "Point",
        "coordinates": [
          103.996846,
          30.634504
        ]
      },
      "properties": {
        "name": "纤韵瑜伽馆",
        "category": "sports",
        "type": "体育休闲服务;运动场馆;健身中心",
        "district": "武侯区",
        "weight": 2
      }
    },
    {
      "type": "Feature",
      "geometry": {
        "type": "Point",
        "coordinates": [
          103.995627,
          30.637554
        ]
      },
      "properties": {
        "name": "神无谷网咖",
        "category": "sports",
        "type": "体育休闲服务;娱乐场所;网吧",
        "district": "武侯区",
        "weight": 1
      }
    },
    {
      "type": "Feature",
      "geometry": {
        "type": "Point",
        "coordinates": [
          103.999783,
          30.636927
        ]
      },
      "properties": {
        "name": "欣怡雅瑜伽馆",
        "category": "sports",
        "type": "体育休闲服务;运动场馆;健身中心",
        "district": "武侯区",
        "weight": 1
      }
    },
    {
      "type": "Feature",
      "geometry": {
        "type": "Point",
        "coordinates": [
          104.001234,
          30.633648
        ]
      },
      "properties": {
        "name": "公仔部落",
        "category": "sports",
        "type": "体育休闲服务;娱乐场所;娱乐场所",
        "district": "武侯区",
        "weight": 3
      }
    },
    {
      "type": "Feature",
      "geometry": {
        "type": "Point",
        "coordinates": [
          103.998262,
          30.637442
        ]
      },
      "properties": {
        "name": "振辉搏击",
        "category": "sports",
        "type": "体育休闲服务;运动场馆;健身中心",
        "district": "武侯区",
        "weight": 1
      }
    },
    {
      "type": "Feature",
      "geometry": {
        "type": "Point",
        "coordinates": [
          104.002226,
          30.63255
        ]
      },
      "properties": {
        "name": "云里网咖",
        "category": "sports",
        "type": "体育休闲服务;娱乐场所;网吧",
        "district": "武侯区",
        "weight": 1
      }
    },
    {
      "type": "Feature",
      "geometry": {
        "type": "Point",
        "coordinates": [
          104.002005,
          30.636579
        ]
      },
      "properties": {
        "name": "皮皮岛童趣馆(中华名园店)",
        "category": "sports",
        "type": "生活服务;婴儿服务场所;婴儿游泳馆|体育休闲服务;休闲场所;游乐场",
        "district": "武侯区",
        "weight": 1
      }
    },
    {
      "type": "Feature",
      "geometry": {
        "type": "Point",
        "coordinates": [
          104.006317,
          30.637033
        ]
      },
      "properties": {
        "name": "杰瑞健身",
        "category": "sports",
        "type": "体育休闲服务;运动场馆;健身中心",
        "district": "武侯区",
        "weight": 8
      }
    },
    {
      "type": "Feature",
      "geometry": {
        "type": "Point",
        "coordinates": [
          104.013185,
          30.636322
        ]
      },
      "properties": {
        "name": "悠悠网咖(盛丰路)",
        "category": "sports",
        "type": "体育休闲服务;娱乐场所;网吧",
        "district": "武侯区",
        "weight": 1
      }
    },
    {
      "type": "Feature",
      "geometry": {
        "type": "Point",
        "coordinates": [
          104.011632,
          30.634727
        ]
      },
      "properties": {
        "name": "忆景网络会所",
        "category": "sports",
        "type": "体育休闲服务;娱乐场所;网吧",
        "district": "武侯区",
        "weight": 2
      }
    },
    {
      "type": "Feature",
      "geometry": {
        "type": "Point",
        "coordinates": [
          104.00815,
          30.63736
        ]
      },
      "properties": {
        "name": "布洛克斯网咖",
        "category": "sports",
        "type": "体育休闲服务;娱乐场所;网吧",
        "district": "武侯区",
        "weight": 2
      }
    },
    {
      "type": "Feature",
      "geometry": {
        "type": "Point",
        "coordinates": [
          104.011967,
          30.636946
        ]
      },
      "properties": {
        "name": "馨悦会",
        "category": "sports",
        "type": "生活服务;洗浴推拿场所;洗浴推拿场所|体育休闲服务;体育休闲服务场所;体育休闲服务场所",
        "district": "武侯区",
        "weight": 2
      }
    },
    {
      "type": "Feature",
      "geometry": {
        "type": "Point",
        "coordinates": [
          104.006568,
          30.639362
        ]
      },
      "properties": {
        "name": "派对空间",
        "category": "sports",
        "type": "体育休闲服务;娱乐场所;酒吧",
        "district": "武侯区",
        "weight": 4
      }
    },
    {
      "type": "Feature",
      "geometry": {
        "type": "Point",
        "coordinates": [
          104.008376,
          30.629128
        ]
      },
      "properties": {
        "name": "乐高俱乐部",
        "category": "sports",
        "type": "体育休闲服务;体育休闲服务场所;体育休闲服务场所",
        "district": "武侯区",
        "weight": 8
      }
    },
    {
      "type": "Feature",
      "geometry": {
        "type": "Point",
        "coordinates": [
          104.01245,
          30.632084
        ]
      },
      "properties": {
        "name": "博语健身游泳中心",
        "category": "sports",
        "type": "体育休闲服务;运动场馆;游泳馆",
        "district": "武侯区",
        "weight": 2
      }
    },
    {
      "type": "Feature",
      "geometry": {
        "type": "Point",
        "coordinates": [
          104.013341,
          30.629668
        ]
      },
      "properties": {
        "name": "玛莎国际俱乐部",
        "category": "sports",
        "type": "体育休闲服务;娱乐场所;KTV",
        "district": "武侯区",
        "weight": 1
      }
    },
    {
      "type": "Feature",
      "geometry": {
        "type": "Point",
        "coordinates": [
          104.009207,
          30.636699
        ]
      },
      "properties": {
        "name": "诚品会所",
        "category": "sports",
        "type": "体育休闲服务;体育休闲服务场所;体育休闲服务场所",
        "district": "武侯区",
        "weight": 3
      }
    },
    {
      "type": "Feature",
      "geometry": {
        "type": "Point",
        "coordinates": [
          104.012562,
          30.630686
        ]
      },
      "properties": {
        "name": "让我们回去吧音乐吧",
        "category": "sports",
        "type": "体育休闲服务;娱乐场所;酒吧",
        "district": "武侯区",
        "weight": 1
      }
    },
    {
      "type": "Feature",
      "geometry": {
        "type": "Point",
        "coordinates": [
          104.004935,
          30.633496
        ]
      },
      "properties": {
        "name": "韦德伍斯健身",
        "category": "sports",
        "type": "体育休闲服务;运动场馆;健身中心",
        "district": "武侯区",
        "weight": 1
      }
    },
    {
      "type": "Feature",
      "geometry": {
        "type": "Point",
        "coordinates": [
          104.008405,
          30.632024
        ]
      },
      "properties": {
        "name": "中博羽毛球",
        "category": "sports",
        "type": "体育休闲服务;运动场馆;羽毛球场",
        "district": "武侯区",
        "weight": 1
      }
    },
    {
      "type": "Feature",
      "geometry": {
        "type": "Point",
        "coordinates": [
          104.003988,
          30.634345
        ]
      },
      "properties": {
        "name": "明日世界vr酷玩店",
        "category": "sports",
        "type": "体育休闲服务;娱乐场所;游戏厅",
        "district": "武侯区",
        "weight": 1
      }
    },
    {
      "type": "Feature",
      "geometry": {
        "type": "Point",
        "coordinates": [
          104.023094,
          30.632104
        ]
      },
      "properties": {
        "name": "天籁村量贩KTV",
        "category": "sports",
        "type": "体育休闲服务;娱乐场所;KTV",
        "district": "武侯区",
        "weight": 1
      }
    },
    {
      "type": "Feature",
      "geometry": {
        "type": "Point",
        "coordinates": [
          104.022055,
          30.630855
        ]
      },
      "properties": {
        "name": "蜀山网吧",
        "category": "sports",
        "type": "体育休闲服务;娱乐场所;网吧",
        "district": "武侯区",
        "weight": 1
      }
    },
    {
      "type": "Feature",
      "geometry": {
        "type": "Point",
        "coordinates": [
          104.023739,
          30.630928
        ]
      },
      "properties": {
        "name": "动鹰网吧",
        "category": "sports",
        "type": "体育休闲服务;娱乐场所;网吧",
        "district": "武侯区",
        "weight": 4
      }
    },
    {
      "type": "Feature",
      "geometry": {
        "type": "Point",
        "coordinates": [
          104.016469,
          30.632665
        ]
      },
      "properties": {
        "name": "光辉岁月酒吧·KTV",
        "category": "sports",
        "type": "体育休闲服务;娱乐场所;KTV",
        "district": "武侯区",
        "weight": 1
      }
    },
    {
      "type": "Feature",
      "geometry": {
        "type": "Point",
        "coordinates": [
          104.017406,
          30.638102
        ]
      },
      "properties": {
        "name": "锦庭网咖",
        "category": "sports",
        "type": "体育休闲服务;娱乐场所;网吧",
        "district": "武侯区",
        "weight": 1
      }
    },
    {
      "type": "Feature",
      "geometry": {
        "type": "Point",
        "coordinates": [
          104.015896,
          30.631816
        ]
      },
      "properties": {
        "name": "909足球俱乐部",
        "category": "sports",
        "type": "体育休闲服务;运动场馆;足球场",
        "district": "武侯区",
        "weight": 2
      }
    },
    {
      "type": "Feature",
      "geometry": {
        "type": "Point",
        "coordinates": [
          104.019268,
          30.636217
        ]
      },
      "properties": {
        "name": "太平社区综合文化活动室",
        "category": "sports",
        "type": "体育休闲服务;休闲场所;休闲场所",
        "district": "武侯区",
        "weight": 1
      }
    },
    {
      "type": "Feature",
      "geometry": {
        "type": "Point",
        "coordinates": [
          104.020488,
          30.636614
        ]
      },
      "properties": {
        "name": "66号网咖",
        "category": "sports",
        "type": "体育休闲服务;娱乐场所;网吧",
        "district": "武侯区",
        "weight": 1
      }
    },
    {
      "type": "Feature",
      "geometry": {
        "type": "Point",
        "coordinates": [
          104.023053,
          30.6369
        ]
      },
      "properties": {
        "name": "bg影院TIME",
        "category": "sports",
        "type": "体育休闲服务;体育休闲服务场所;体育休闲服务场所",
        "district": "武侯区",
        "weight": 1
      }
    },
    {
      "type": "Feature",
      "geometry": {
        "type": "Point",
        "coordinates": [
          104.017901,
          30.631636
        ]
      },
      "properties": {
        "name": "蓓儿丝瑜伽馆",
        "category": "sports",
        "type": "体育休闲服务;运动场馆;健身中心",
        "district": "武侯区",
        "weight": 1
      }
    },
    {
      "type": "Feature",
      "geometry": {
        "type": "Point",
        "coordinates": [
          104.019226,
          30.638385
        ]
      },
      "properties": {
        "name": "康博健身游泳中心(双楠店)",
        "category": "sports",
        "type": "体育休闲服务;运动场馆;健身中心",
        "district": "武侯区",
        "weight": 1
      }
    },
    {
      "type": "Feature",
      "geometry": {
        "type": "Point",
        "coordinates": [
          104.020351,
          30.633439
        ]
      },
      "properties": {
        "name": "永丰老年公寓",
        "category": "sports",
        "type": "体育休闲服务;度假疗养场所;疗养院",
        "district": "武侯区",
        "weight": 1
      }
    },
    {
      "type": "Feature",
      "geometry": {
        "type": "Point",
        "coordinates": [
          104.019219,
          30.633792
        ]
      },
      "properties": {
        "name": "诺克萨斯网络会所",
        "category": "sports",
        "type": "体育休闲服务;体育休闲服务场所;体育休闲服务场所",
        "district": "武侯区",
        "weight": 1
      }
    },
    {
      "type": "Feature",
      "geometry": {
        "type": "Point",
        "coordinates": [
          104.032116,
          30.637728
        ]
      },
      "properties": {
        "name": "精英体育",
        "category": "sports",
        "type": "体育休闲服务;运动场馆;台球厅",
        "district": "武侯区",
        "weight": 4
      }
    },
    {
      "type": "Feature",
      "geometry": {
        "type": "Point",
        "coordinates": [
          104.024508,
          30.633109
        ]
      },
      "properties": {
        "name": "诸葛酿酿造",
        "category": "sports",
        "type": "体育休闲服务;娱乐场所;酒吧",
        "district": "武侯区",
        "weight": 8
      }
    },
    {
      "type": "Feature",
      "geometry": {
        "type": "Point",
        "coordinates": [
          104.031344,
          30.634512
        ]
      },
      "properties": {
        "name": "黑岩网咖",
        "category": "sports",
        "type": "体育休闲服务;娱乐场所;网吧",
        "district": "武侯区",
        "weight": 13
      }
    },
    {
      "type": "Feature",
      "geometry": {
        "type": "Point",
        "coordinates": [
          104.02634,
          30.635775
        ]
      },
      "properties": {
        "name": "尚舞之林",
        "category": "sports",
        "type": "体育休闲服务;运动场馆;健身中心",
        "district": "武侯区",
        "weight": 17
      }
    },
    {
      "type": "Feature",
      "geometry": {
        "type": "Point",
        "coordinates": [
          104.030935,
          30.63046
        ]
      },
      "properties": {
        "name": "置信丽都会所游泳池",
        "category": "sports",
        "type": "体育休闲服务;运动场馆;游泳馆",
        "district": "武侯区",
        "weight": 1
      }
    },
    {
      "type": "Feature",
      "geometry": {
        "type": "Point",
        "coordinates": [
          104.029173,
          30.636523
        ]
      },
      "properties": {
        "name": "运动时空羽毛球馆",
        "category": "sports",
        "type": "体育休闲服务;运动场馆;羽毛球场",
        "district": "武侯区",
        "weight": 3
      }
    },
    {
      "type": "Feature",
      "geometry": {
        "type": "Point",
        "coordinates": [
          104.029832,
          30.638968
        ]
      },
      "properties": {
        "name": "欢乐迪氧吧KTV(红牌楼店)",
        "category": "sports",
        "type": "体育休闲服务;娱乐场所;KTV",
        "district": "武侯区",
        "weight": 1
      }
    },
    {
      "type": "Feature",
      "geometry": {
        "type": "Point",
        "coordinates": [
          104.025307,
          30.631094
        ]
      },
      "properties": {
        "name": "蓝色憧憬网吧(红牌楼店)",
        "category": "sports",
        "type": "体育休闲服务;娱乐场所;网吧",
        "district": "武侯区",
        "weight": 1
      }
    },
    {
      "type": "Feature",
      "geometry": {
        "type": "Point",
        "coordinates": [
          104.033454,
          30.631125
        ]
      },
      "properties": {
        "name": "丽都公园游泳池",
        "category": "sports",
        "type": "体育休闲服务;运动场馆;游泳馆",
        "district": "武侯区",
        "weight": 5
      }
    },
    {
      "type": "Feature",
      "geometry": {
        "type": "Point",
        "coordinates": [
          104.028728,
          30.634463
        ]
      },
      "properties": {
        "name": "荷马网咖",
        "category": "sports",
        "type": "体育休闲服务;娱乐场所;网吧",
        "district": "武侯区",
        "weight": 2
      }
    },
    {
      "type": "Feature",
      "geometry": {
        "type": "Point",
        "coordinates": [
          104.027335,
          30.637855
        ]
      },
      "properties": {
        "name": "启点大学生俱乐部",
        "category": "sports",
        "type": "体育休闲服务;体育休闲服务场所;体育休闲服务场所",
        "district": "武侯区",
        "weight": 3
      }
    },
    {
      "type": "Feature",
      "geometry": {
        "type": "Point",
        "coordinates": [
          104.031956,
          30.632518
        ]
      },
      "properties": {
        "name": "丽都花园文化活动中心",
        "category": "sports",
        "type": "体育休闲服务;休闲场所;休闲场所",
        "district": "武侯区",
        "weight": 1
      }
    },
    {
      "type": "Feature",
      "geometry": {
        "type": "Point",
        "coordinates": [
          104.030552,
          30.635173
        ]
      },
      "properties": {
        "name": "婵院瑜伽(红牌楼店)",
        "category": "sports",
        "type": "体育休闲服务;运动场馆;健身中心",
        "district": "武侯区",
        "weight": 1
      }
    },
    {
      "type": "Feature",
      "geometry": {
        "type": "Point",
        "coordinates": [
          104.030628,
          30.637769
        ]
      },
      "properties": {
        "name": "曼迪舞蹈健身馆",
        "category": "sports",
        "type": "体育休闲服务;运动场馆;健身中心",
        "district": "武侯区",
        "weight": 1
      }
    },
    {
      "type": "Feature",
      "geometry": {
        "type": "Point",
        "coordinates": [
          104.025819,
          30.638548
        ]
      },
      "properties": {
        "name": "楠丽湾棋牌室",
        "category": "sports",
        "type": "体育休闲服务;娱乐场所;棋牌室",
        "district": "武侯区",
        "weight": 1
      }
    },
    {
      "type": "Feature",
      "geometry": {
        "type": "Point",
        "coordinates": [
          104.030506,
          30.636412
        ]
      },
      "properties": {
        "name": "麦咭客量贩KTV(红牌楼品牌店)",
        "category": "sports",
        "type": "体育休闲服务;娱乐场所;KTV",
        "district": "武侯区",
        "weight": 1
      }
    },
    {
      "type": "Feature",
      "geometry": {
        "type": "Point",
        "coordinates": [
          104.02833,
          30.638482
        ]
      },
      "properties": {
        "name": "天空之城网吧(红牌楼店)",
        "category": "sports",
        "type": "体育休闲服务;娱乐场所;网吧",
        "district": "武侯区",
        "weight": 1
      }
    },
    {
      "type": "Feature",
      "geometry": {
        "type": "Point",
        "coordinates": [
          104.040889,
          30.637972
        ]
      },
      "properties": {
        "name": "休闲麻将",
        "category": "sports",
        "type": "体育休闲服务;娱乐场所;棋牌室",
        "district": "武侯区",
        "weight": 2
      }
    },
    {
      "type": "Feature",
      "geometry": {
        "type": "Point",
        "coordinates": [
          104.041587,
          30.63259
        ]
      },
      "properties": {
        "name": "成都玉林中学体育馆",
        "category": "sports",
        "type": "体育休闲服务;运动场馆;综合体育馆",
        "district": "武侯区",
        "weight": 3
      }
    },
    {
      "type": "Feature",
      "geometry": {
        "type": "Point",
        "coordinates": [
          104.039947,
          30.6324
        ]
      },
      "properties": {
        "name": "桃园歌厅",
        "category": "sports",
        "type": "体育休闲服务;娱乐场所;KTV",
        "district": "武侯区",
        "weight": 3
      }
    },
    {
      "type": "Feature",
      "geometry": {
        "type": "Point",
        "coordinates": [
          104.039049,
          30.633942
        ]
      },
      "properties": {
        "name": "乡村俱乐部",
        "category": "sports",
        "type": "体育休闲服务;娱乐场所;KTV",
        "district": "武侯区",
        "weight": 10
      }
    },
    {
      "type": "Feature",
      "geometry": {
        "type": "Point",
        "coordinates": [
          104.034246,
          30.634898
        ]
      },
      "properties": {
        "name": "圣战网络(红牌楼北街)",
        "category": "sports",
        "type": "体育休闲服务;娱乐场所;网吧",
        "district": "武侯区",
        "weight": 1
      }
    },
    {
      "type": "Feature",
      "geometry": {
        "type": "Point",
        "coordinates": [
          104.042413,
          30.634173
        ]
      },
      "properties": {
        "name": "理想棋牌",
        "category": "sports",
        "type": "体育休闲服务;娱乐场所;棋牌室",
        "district": "武侯区",
        "weight": 3
      }
    },
    {
      "type": "Feature",
      "geometry": {
        "type": "Point",
        "coordinates": [
          104.038448,
          30.632828
        ]
      },
      "properties": {
        "name": "蓝爵(肖家河沿街)",
        "category": "sports",
        "type": "体育休闲服务;娱乐场所;KTV",
        "district": "武侯区",
        "weight": 1
      }
    },
    {
      "type": "Feature",
      "geometry": {
        "type": "Point",
        "coordinates": [
          104.035668,
          30.630632
        ]
      },
      "properties": {
        "name": "檀香山足球场",
        "category": "sports",
        "type": "体育休闲服务;运动场馆;足球场",
        "district": "武侯区",
        "weight": 1
      }
    },
    {
      "type": "Feature",
      "geometry": {
        "type": "Point",
        "coordinates": [
          104.040282,
          30.629903
        ]
      },
      "properties": {
        "name": "地心引力网吧(二环高架路)",
        "category": "sports",
        "type": "体育休闲服务;娱乐场所;网吧",
        "district": "武侯区",
        "weight": 1
      }
    },
    {
      "type": "Feature",
      "geometry": {
        "type": "Point",
        "coordinates": [
          104.043205,
          30.63097
        ]
      },
      "properties": {
        "name": "远雄风华园会所",
        "category": "sports",
        "type": "体育休闲服务;体育休闲服务场所;体育休闲服务场所",
        "district": "武侯区",
        "weight": 1
      }
    },
    {
      "type": "Feature",
      "geometry": {
        "type": "Point",
        "coordinates": [
          104.037011,
          30.638964
        ]
      },
      "properties": {
        "name": "国际象棋",
        "category": "sports",
        "type": "体育休闲服务;体育休闲服务场所;体育休闲服务场所",
        "district": "武侯区",
        "weight": 1
      }
    },
    {
      "type": "Feature",
      "geometry": {
        "type": "Point",
        "coordinates": [
          104.040045,
          30.631093
        ]
      },
      "properties": {
        "name": "鑫鑫演艺",
        "category": "sports",
        "type": "体育休闲服务;体育休闲服务场所;体育休闲服务场所",
        "district": "武侯区",
        "weight": 1
      }
    },
    {
      "type": "Feature",
      "geometry": {
        "type": "Point",
        "coordinates": [
          104.039376,
          30.635009
        ]
      },
      "properties": {
        "name": "肖家河正街社区多功能活动中心",
        "category": "sports",
        "type": "体育休闲服务;休闲场所;休闲场所",
        "district": "武侯区",
        "weight": 2
      }
    },
    {
      "type": "Feature",
      "geometry": {
        "type": "Point",
        "coordinates": [
          104.03865,
          30.63159
        ]
      },
      "properties": {
        "name": "兴盈",
        "category": "sports",
        "type": "体育休闲服务;娱乐场所;棋牌室|餐饮服务;茶艺馆;茶艺馆",
        "district": "武侯区",
        "weight": 4
      }
    },
    {
      "type": "Feature",
      "geometry": {
        "type": "Point",
        "coordinates": [
          104.039431,
          30.636877
        ]
      },
      "properties": {
        "name": "岷山拉萨大酒店健身房",
        "category": "sports",
        "type": "体育休闲服务;运动场馆;健身中心",
        "district": "武侯区",
        "weight": 1
      }
    },
    {
      "type": "Feature",
      "geometry": {
        "type": "Point",
        "coordinates": [
          104.04365,
          30.635864
        ]
      },
      "properties": {
        "name": "联谊棋牌",
        "category": "sports",
        "type": "体育休闲服务;娱乐场所;棋牌室",
        "district": "武侯区",
        "weight": 3
      }
    },
    {
      "type": "Feature",
      "geometry": {
        "type": "Point",
        "coordinates": [
          104.036749,
          30.633085
        ]
      },
      "properties": {
        "name": "双乐社区活动中心",
        "category": "sports",
        "type": "体育休闲服务;休闲场所;休闲场所",
        "district": "武侯区",
        "weight": 1
      }
    },
    {
      "type": "Feature",
      "geometry": {
        "type": "Point",
        "coordinates": [
          104.034158,
          30.638578
        ]
      },
      "properties": {
        "name": "甘孜州干休所",
        "category": "sports",
        "type": "体育休闲服务;度假疗养场所;度假疗养场所",
        "district": "武侯区",
        "weight": 1
      }
    },
    {
      "type": "Feature",
      "geometry": {
        "type": "Point",
        "coordinates": [
          104.051601,
          30.630793
        ]
      },
      "properties": {
        "name": "青鸟休闲坊",
        "category": "sports",
        "type": "体育休闲服务;娱乐场所;娱乐场所",
        "district": "武侯区",
        "weight": 3
      }
    },
    {
      "type": "Feature",
      "geometry": {
        "type": "Point",
        "coordinates": [
          104.046759,
          30.638967
        ]
      },
      "properties": {
        "name": "尚网网络会所(一环路南四段)",
        "category": "sports",
        "type": "体育休闲服务;娱乐场所;网吧",
        "district": "武侯区",
        "weight": 2
      }
    },
    {
      "type": "Feature",
      "geometry": {
        "type": "Point",
        "coordinates": [
          104.045136,
          30.638647
        ]
      },
      "properties": {
        "name": "菁彩足球场",
        "category": "sports",
        "type": "体育休闲服务;运动场馆;足球场",
        "district": "武侯区",
        "weight": 6
      }
    },
    {
      "type": "Feature",
      "geometry": {
        "type": "Point",
        "coordinates": [
          104.048273,
          30.638629
        ]
      },
      "properties": {
        "name": "民院网咖",
        "category": "sports",
        "type": "体育休闲服务;娱乐场所;网吧",
        "district": "武侯区",
        "weight": 4
      }
    },
    {
      "type": "Feature",
      "geometry": {
        "type": "Point",
        "coordinates": [
          104.048953,
          30.633068
        ]
      },
      "properties": {
        "name": "萃坊",
        "category": "sports",
        "type": "体育休闲服务;娱乐场所;酒吧",
        "district": "武侯区",
        "weight": 10
      }
    },
    {
      "type": "Feature",
      "geometry": {
        "type": "Point",
        "coordinates": [
          104.05236,
          30.632688
        ]
      },
      "properties": {
        "name": "密瑜伽",
        "category": "sports",
        "type": "体育休闲服务;运动场馆;健身中心",
        "district": "武侯区",
        "weight": 9
      }
    },
    {
      "type": "Feature",
      "geometry": {
        "type": "Point",
        "coordinates": [
          104.045424,
          30.629435
        ]
      },
      "properties": {
        "name": "小酒馆(芳沁店)",
        "category": "sports",
        "type": "体育休闲服务;娱乐场所;酒吧",
        "district": "武侯区",
        "weight": 2
      }
    },
    {
      "type": "Feature",
      "geometry": {
        "type": "Point",
        "coordinates": [
          104.052525,
          30.635951
        ]
      },
      "properties": {
        "name": "廊桥水岸",
        "category": "sports",
        "type": "体育休闲服务;休闲场所;休闲场所|生活服务;洗浴推拿场所;洗浴推拿场所",
        "district": "武侯区",
        "weight": 1
      }
    },
    {
      "type": "Feature",
      "geometry": {
        "type": "Point",
        "coordinates": [
          104.053307,
          30.631064
        ]
      },
      "properties": {
        "name": "婷的邬托邦音乐沙龙",
        "category": "sports",
        "type": "体育休闲服务;娱乐场所;酒吧|餐饮服务;甜品店;甜品店",
        "district": "武侯区",
        "weight": 1
      }
    },
    {
      "type": "Feature",
      "geometry": {
        "type": "Point",
        "coordinates": [
          104.047265,
          30.631789
        ]
      },
      "properties": {
        "name": "FCC精英羽球会",
        "category": "sports",
        "type": "体育休闲服务;运动场馆;羽毛球场",
        "district": "武侯区",
        "weight": 3
      }
    },
    {
      "type": "Feature",
      "geometry": {
        "type": "Point",
        "coordinates": [
          104.04616,
          30.631638
        ]
      },
      "properties": {
        "name": "卡蒙音乐酒吧",
        "category": "sports",
        "type": "体育休闲服务;娱乐场所;酒吧",
        "district": "武侯区",
        "weight": 2
      }
    },
    {
      "type": "Feature",
      "geometry": {
        "type": "Point",
        "coordinates": [
          104.044862,
          30.630481
        ]
      },
      "properties": {
        "name": "蜀乐瑜伽",
        "category": "sports",
        "type": "体育休闲服务;运动场馆;健身中心",
        "district": "武侯区",
        "weight": 4
      }
    },
    {
      "type": "Feature",
      "geometry": {
        "type": "Point",
        "coordinates": [
          104.046867,
          30.62949
        ]
      },
      "properties": {
        "name": "婵媛瑜伽馆",
        "category": "sports",
        "type": "体育休闲服务;运动场馆;健身中心",
        "district": "武侯区",
        "weight": 3
      }
    },
    {
      "type": "Feature",
      "geometry": {
        "type": "Point",
        "coordinates": [
          104.047133,
          30.635747
        ]
      },
      "properties": {
        "name": "艾克斯网咖",
        "category": "sports",
        "type": "体育休闲服务;娱乐场所;网吧",
        "district": "武侯区",
        "weight": 2
      }
    },
    {
      "type": "Feature",
      "geometry": {
        "type": "Point",
        "coordinates": [
          104.050203,
          30.630341
        ]
      },
      "properties": {
        "name": "养·健身(芳草店)",
        "category": "sports",
        "type": "体育休闲服务;运动场馆;健身中心",
        "district": "武侯区",
        "weight": 1
      }
    },
    {
      "type": "Feature",
      "geometry": {
        "type": "Point",
        "coordinates": [
          104.049976,
          30.637771
        ]
      },
      "properties": {
        "name": "MGT角膜塑形镜",
        "category": "sports",
        "type": "体育休闲服务;运动场馆;健身中心",
        "district": "武侯区",
        "weight": 1
      }
    },
    {
      "type": "Feature",
      "geometry": {
        "type": "Point",
        "coordinates": [
          104.062258,
          30.633584
        ]
      },
      "properties": {
        "name": "冠军之夜",
        "category": "sports",
        "type": "体育休闲服务;运动场馆;健身中心",
        "district": "武侯区",
        "weight": 20
      }
    },
    {
      "type": "Feature",
      "geometry": {
        "type": "Point",
        "coordinates": [
          104.06092,
          30.638834
        ]
      },
      "properties": {
        "name": "休闲麻将",
        "category": "sports",
        "type": "体育休闲服务;娱乐场所;棋牌室",
        "district": "武侯区",
        "weight": 3
      }
    },
    {
      "type": "Feature",
      "geometry": {
        "type": "Point",
        "coordinates": [
          104.060844,
          30.63534
        ]
      },
      "properties": {
        "name": "花样游泳队",
        "category": "sports",
        "type": "体育休闲服务;体育休闲服务场所;体育休闲服务场所",
        "district": "武侯区",
        "weight": 11
      }
    },
    {
      "type": "Feature",
      "geometry": {
        "type": "Point",
        "coordinates": [
          104.063468,
          30.631191
        ]
      },
      "properties": {
        "name": "倮客",
        "category": "sports",
        "type": "体育休闲服务;娱乐场所;酒吧",
        "district": "武侯区",
        "weight": 7
      }
    },
    {
      "type": "Feature",
      "geometry": {
        "type": "Point",
        "coordinates": [
          104.057826,
          30.63515
        ]
      },
      "properties": {
        "name": "逸城网咖",
        "category": "sports",
        "type": "体育休闲服务;娱乐场所;网吧",
        "district": "武侯区",
        "weight": 12
      }
    },
    {
      "type": "Feature",
      "geometry": {
        "type": "Point",
        "coordinates": [
          104.054102,
          30.631937
        ]
      },
      "properties": {
        "name": "小酒馆(玉林西路店)",
        "category": "sports",
        "type": "体育休闲服务;娱乐场所;酒吧",
        "district": "武侯区",
        "weight": 1
      }
    },
    {
      "type": "Feature",
      "geometry": {
        "type": "Point",
        "coordinates": [
          104.055336,
          30.636811
        ]
      },
      "properties": {
        "name": "巴比龙网咖",
        "category": "sports",
        "type": "体育休闲服务;娱乐场所;网吧",
        "district": "武侯区",
        "weight": 5
      }
    },
    {
      "type": "Feature",
      "geometry": {
        "type": "Point",
        "coordinates": [
          104.054579,
          30.638348
        ]
      },
      "properties": {
        "name": "TID Coffee/Bar",
        "category": "sports",
        "type": "体育休闲服务;娱乐场所;酒吧|餐饮服务;咖啡厅;咖啡厅",
        "district": "武侯区",
        "weight": 1
      }
    },
    {
      "type": "Feature",
      "geometry": {
        "type": "Point",
        "coordinates": [
          104.054673,
          30.629954
        ]
      },
      "properties": {
        "name": "冰蓝网络会所(蓝天路)",
        "category": "sports",
        "type": "体育休闲服务;娱乐场所;网吧",
        "district": "武侯区",
        "weight": 1
      }
    },
    {
      "type": "Feature",
      "geometry": {
        "type": "Point",
        "coordinates": [
          104.055731,
          30.637821
        ]
      },
      "properties": {
        "name": "来往网吧(小天北街)",
        "category": "sports",
        "type": "体育休闲服务;娱乐场所;网吧",
        "district": "武侯区",
        "weight": 1
      }
    },
    {
      "type": "Feature",
      "geometry": {
        "type": "Point",
        "coordinates": [
          104.063639,
          30.62925
        ]
      },
      "properties": {
        "name": "生态所",
        "category": "sports",
        "type": "体育休闲服务;体育休闲服务场所;体育休闲服务场所",
        "district": "武侯区",
        "weight": 4
      }
    },
    {
      "type": "Feature",
      "geometry": {
        "type": "Point",
        "coordinates": [
          104.056372,
          30.630554
        ]
      },
      "properties": {
        "name": "芊芊网吧",
        "category": "sports",
        "type": "体育休闲服务;娱乐场所;网吧",
        "district": "武侯区",
        "weight": 2
      }
    },
    {
      "type": "Feature",
      "geometry": {
        "type": "Point",
        "coordinates": [
          104.059251,
          30.629495
        ]
      },
      "properties": {
        "name": "玉林老年公寓",
        "category": "sports",
        "type": "体育休闲服务;度假疗养场所;疗养院",
        "district": "武侯区",
        "weight": 4
      }
    },
    {
      "type": "Feature",
      "geometry": {
        "type": "Point",
        "coordinates": [
          104.057228,
          30.637469
        ]
      },
      "properties": {
        "name": "新时空网吧(小天北街)",
        "category": "sports",
        "type": "体育休闲服务;娱乐场所;网吧",
        "district": "武侯区",
        "weight": 1
      }
    },
    {
      "type": "Feature",
      "geometry": {
        "type": "Point",
        "coordinates": [
          104.062088,
          30.637564
        ]
      },
      "properties": {
        "name": "2826酒吧",
        "category": "sports",
        "type": "体育休闲服务;娱乐场所;酒吧",
        "district": "武侯区",
        "weight": 1
      }
    },
    {
      "type": "Feature",
      "geometry": {
        "type": "Point",
        "coordinates": [
          104.060677,
          30.630349
        ]
      },
      "properties": {
        "name": "沙盘游戏室",
        "category": "sports",
        "type": "体育休闲服务;娱乐场所;游戏厅",
        "district": "武侯区",
        "weight": 1
      }
    },
    {
      "type": "Feature",
      "geometry": {
        "type": "Point",
        "coordinates": [
          104.064739,
          30.635472
        ]
      },
      "properties": {
        "name": "极速空间",
        "category": "sports",
        "type": "体育休闲服务;体育休闲服务场所;体育休闲服务场所",
        "district": "武侯区",
        "weight": 21
      }
    },
    {
      "type": "Feature",
      "geometry": {
        "type": "Point",
        "coordinates": [
          104.059305,
          30.638119
        ]
      },
      "properties": {
        "name": "红歌堂酒吧",
        "category": "sports",
        "type": "体育休闲服务;娱乐场所;酒吧",
        "district": "武侯区",
        "weight": 1
      }
    },
    {
      "type": "Feature",
      "geometry": {
        "type": "Point",
        "coordinates": [
          104.059784,
          30.632515
        ]
      },
      "properties": {
        "name": "老妈棋牌室(玉林东路4号院北)",
        "category": "sports",
        "type": "体育休闲服务;娱乐场所;棋牌室",
        "district": "武侯区",
        "weight": 1
      }
    },
    {
      "type": "Feature",
      "geometry": {
        "type": "Point",
        "coordinates": [
          104.073681,
          30.638212
        ]
      },
      "properties": {
        "name": "新西度",
        "category": "sports",
        "type": "体育休闲服务;运动场馆;健身中心",
        "district": "武侯区",
        "weight": 8
      }
    },
    {
      "type": "Feature",
      "geometry": {
        "type": "Point",
        "coordinates": [
          104.072043,
          30.635447
        ]
      },
      "properties": {
        "name": "长江电玩",
        "category": "sports",
        "type": "体育休闲服务;娱乐场所;游戏厅",
        "district": "武侯区",
        "weight": 4
      }
    },
    {
      "type": "Feature",
      "geometry": {
        "type": "Point",
        "coordinates": [
          104.070763,
          30.632048
        ]
      },
      "properties": {
        "name": "品茗棋牌",
        "category": "sports",
        "type": "体育休闲服务;娱乐场所;棋牌室",
        "district": "武侯区",
        "weight": 6
      }
    },
    {
      "type": "Feature",
      "geometry": {
        "type": "Point",
        "coordinates": [
          104.074012,
          30.632501
        ]
      },
      "properties": {
        "name": "豪还歌城",
        "category": "sports",
        "type": "体育休闲服务;娱乐场所;KTV",
        "district": "武侯区",
        "weight": 9
      }
    },
    {
      "type": "Feature",
      "geometry": {
        "type": "Point",
        "coordinates": [
          104.072787,
          30.630394
        ]
      },
      "properties": {
        "name": "超逸网咖",
        "category": "sports",
        "type": "体育休闲服务;娱乐场所;网吧",
        "district": "武侯区",
        "weight": 1
      }
    },
    {
      "type": "Feature",
      "geometry": {
        "type": "Point",
        "coordinates": [
          104.063618,
          30.63882
        ]
      },
      "properties": {
        "name": "聚星钢管舞",
        "category": "sports",
        "type": "体育休闲服务;体育休闲服务场所;体育休闲服务场所",
        "district": "武侯区",
        "weight": 1
      }
    },
    {
      "type": "Feature",
      "geometry": {
        "type": "Point",
        "coordinates": [
          104.066387,
          30.63645
        ]
      },
      "properties": {
        "name": "华通网络",
        "category": "sports",
        "type": "体育休闲服务;体育休闲服务场所;体育休闲服务场所",
        "district": "武侯区",
        "weight": 5
      }
    },
    {
      "type": "Feature",
      "geometry": {
        "type": "Point",
        "coordinates": [
          104.069168,
          30.634484
        ]
      },
      "properties": {
        "name": "中国科学院成都分院职工健身活动中心",
        "category": "sports",
        "type": "体育休闲服务;运动场馆;健身中心",
        "district": "武侯区",
        "weight": 1
      }
    },
    {
      "type": "Feature",
      "geometry": {
        "type": "Point",
        "coordinates": [
          104.068309,
          30.638389
        ]
      },
      "properties": {
        "name": "南虹干休所",
        "category": "sports",
        "type": "体育休闲服务;度假疗养场所;疗养院",
        "district": "武侯区",
        "weight": 1
      }
    },
    {
      "type": "Feature",
      "geometry": {
        "type": "Point",
        "coordinates": [
          104.066169,
          30.631758
        ]
      },
      "properties": {
        "name": "三以网络",
        "category": "sports",
        "type": "体育休闲服务;体育休闲服务场所;体育休闲服务场所",
        "district": "武侯区",
        "weight": 1
      }
    },
    {
      "type": "Feature",
      "geometry": {
        "type": "Point",
        "coordinates": [
          104.080152,
          30.631439
        ]
      },
      "properties": {
        "name": "四川大学-体育中心",
        "category": "sports",
        "type": "体育休闲服务;运动场馆;综合体育馆",
        "district": "武侯区",
        "weight": 1
      }
    },
    {
      "type": "Feature",
      "geometry": {
        "type": "Point",
        "coordinates": [
          104.081484,
          30.631019
        ]
      },
      "properties": {
        "name": "锐星健身",
        "category": "sports",
        "type": "体育休闲服务;运动场馆;健身中心",
        "district": "武侯区",
        "weight": 13
      }
    },
    {
      "type": "Feature",
      "geometry": {
        "type": "Point",
        "coordinates": [
          104.074312,
          30.630927
        ]
      },
      "properties": {
        "name": "十音坊精品量贩KTV",
        "category": "sports",
        "type": "体育休闲服务;娱乐场所;KTV",
        "district": "武侯区",
        "weight": 1
      }
    },
    {
      "type": "Feature",
      "geometry": {
        "type": "Point",
        "coordinates": [
          104.08075,
          30.635085
        ]
      },
      "properties": {
        "name": "四川大学望江校区游泳池",
        "category": "sports",
        "type": "体育休闲服务;运动场馆;游泳馆",
        "district": "武侯区",
        "weight": 4
      }
    },
    {
      "type": "Feature",
      "geometry": {
        "type": "Point",
        "coordinates": [
          104.077251,
          30.637942
        ]
      },
      "properties": {
        "name": "御雪网络",
        "category": "sports",
        "type": "体育休闲服务;体育休闲服务场所;体育休闲服务场所",
        "district": "武侯区",
        "weight": 6
      }
    },
    {
      "type": "Feature",
      "geometry": {
        "type": "Point",
        "coordinates": [
          104.074243,
          30.629555
        ]
      },
      "properties": {
        "name": "BIG BEER餐.酒吧",
        "category": "sports",
        "type": "体育休闲服务;娱乐场所;酒吧",
        "district": "武侯区",
        "weight": 1
      }
    },
    {
      "type": "Feature",
      "geometry": {
        "type": "Point",
        "coordinates": [
          104.076684,
          30.636745
        ]
      },
      "properties": {
        "name": "四川大学学生活动中心",
        "category": "sports",
        "type": "体育休闲服务;休闲场所;休闲场所",
        "district": "武侯区",
        "weight": 1
      }
    },
    {
      "type": "Feature",
      "geometry": {
        "type": "Point",
        "coordinates": [
          104.083273,
          30.637127
        ]
      },
      "properties": {
        "name": "四川省成都市第十二中学篮球场",
        "category": "sports",
        "type": "体育休闲服务;运动场馆;篮球场馆",
        "district": "武侯区",
        "weight": 1
      }
    },
    {
      "type": "Feature",
      "geometry": {
        "type": "Point",
        "coordinates": [
          104.083162,
          30.634817
        ]
      },
      "properties": {
        "name": "四川大学望江校区健身馆",
        "category": "sports",
        "type": "体育休闲服务;运动场馆;健身中心",
        "district": "武侯区",
        "weight": 1
      }
    },
    {
      "type": "Feature",
      "geometry": {
        "type": "Point",
        "coordinates": [
          104.093013,
          30.634768
        ]
      },
      "properties": {
        "name": "清亲休闲屋",
        "category": "sports",
        "type": "体育休闲服务;娱乐场所;棋牌室",
        "district": "锦江区",
        "weight": 1
      }
    },
    {
      "type": "Feature",
      "geometry": {
        "type": "Point",
        "coordinates": [
          104.085935,
          30.633291
        ]
      },
      "properties": {
        "name": "四川大学望江校区(东区)网球场",
        "category": "sports",
        "type": "体育休闲服务;运动场馆;网球场",
        "district": "武侯区",
        "weight": 1
      }
    },
    {
      "type": "Feature",
      "geometry": {
        "type": "Point",
        "coordinates": [
          104.085786,
          30.629789
        ]
      },
      "properties": {
        "name": "四川大学望江校区东区游泳池",
        "category": "sports",
        "type": "体育休闲服务;运动场馆;游泳馆",
        "district": "武侯区",
        "weight": 1
      }
    },
    {
      "type": "Feature",
      "geometry": {
        "type": "Point",
        "coordinates": [
          104.085366,
          30.634994
        ]
      },
      "properties": {
        "name": "四川大学望江校区足球场",
        "category": "sports",
        "type": "体育休闲服务;运动场馆;足球场",
        "district": "武侯区",
        "weight": 3
      }
    },
    {
      "type": "Feature",
      "geometry": {
        "type": "Point",
        "coordinates": [
          104.089402,
          30.629926
        ]
      },
      "properties": {
        "name": "欢乐喷球车",
        "category": "sports",
        "type": "体育休闲服务;休闲场所;游乐场",
        "district": "武侯区",
        "weight": 1
      }
    },
    {
      "type": "Feature",
      "geometry": {
        "type": "Point",
        "coordinates": [
          104.083733,
          30.635737
        ]
      },
      "properties": {
        "name": "四川大学附属实验小学操场",
        "category": "sports",
        "type": "体育休闲服务;运动场馆;运动场所",
        "district": "武侯区",
        "weight": 1
      }
    },
    {
      "type": "Feature",
      "geometry": {
        "type": "Point",
        "coordinates": [
          104.08735,
          30.637636
        ]
      },
      "properties": {
        "name": "天府围棋道场",
        "category": "sports",
        "type": "体育休闲服务;运动场馆;运动场所",
        "district": "武侯区",
        "weight": 6
      }
    },
    {
      "type": "Feature",
      "geometry": {
        "type": "Point",
        "coordinates": [
          104.083634,
          30.633378
        ]
      },
      "properties": {
        "name": "四川大学望江校区篮球场",
        "category": "sports",
        "type": "体育休闲服务;运动场馆;篮球场馆",
        "district": "武侯区",
        "weight": 1
      }
    },
    {
      "type": "Feature",
      "geometry": {
        "type": "Point",
        "coordinates": [
          104.08994,
          30.631892
        ]
      },
      "properties": {
        "name": "慢行酒吧",
        "category": "sports",
        "type": "体育休闲服务;娱乐场所;酒吧",
        "district": "武侯区",
        "weight": 1
      }
    },
    {
      "type": "Feature",
      "geometry": {
        "type": "Point",
        "coordinates": [
          104.09806,
          30.633983
        ]
      },
      "properties": {
        "name": "毛哥棋牌室",
        "category": "sports",
        "type": "体育休闲服务;娱乐场所;棋牌室",
        "district": "锦江区",
        "weight": 3
      }
    },
    {
      "type": "Feature",
      "geometry": {
        "type": "Point",
        "coordinates": [
          104.09731,
          30.638096
        ]
      },
      "properties": {
        "name": "半糖网吧(莲花店)",
        "category": "sports",
        "type": "体育休闲服务;娱乐场所;网吧",
        "district": "锦江区",
        "weight": 2
      }
    },
    {
      "type": "Feature",
      "geometry": {
        "type": "Point",
        "coordinates": [
          104.097535,
          30.634951
        ]
      },
      "properties": {
        "name": "龙舟路街道办事处微型养老院",
        "category": "sports",
        "type": "体育休闲服务;度假疗养场所;疗养院",
        "district": "锦江区",
        "weight": 1
      }
    },
    {
      "type": "Feature",
      "geometry": {
        "type": "Point",
        "coordinates": [
          104.095986,
          30.634523
        ]
      },
      "properties": {
        "name": "莲桂网咖",
        "category": "sports",
        "type": "体育休闲服务;娱乐场所;网吧",
        "district": "锦江区",
        "weight": 1
      }
    },
    {
      "type": "Feature",
      "geometry": {
        "type": "Point",
        "coordinates": [
          104.094559,
          30.632254
        ]
      },
      "properties": {
        "name": "我爱飞翔网吧",
        "category": "sports",
        "type": "体育休闲服务;娱乐场所;网吧",
        "district": "锦江区",
        "weight": 1
      }
    },
    {
      "type": "Feature",
      "geometry": {
        "type": "Point",
        "coordinates": [
          104.096073,
          30.635674
        ]
      },
      "properties": {
        "name": "八二三网络会所",
        "category": "sports",
        "type": "体育休闲服务;娱乐场所;网吧",
        "district": "锦江区",
        "weight": 2
      }
    },
    {
      "type": "Feature",
      "geometry": {
        "type": "Point",
        "coordinates": [
          104.096631,
          30.629569
        ]
      },
      "properties": {
        "name": "心结缘网咖",
        "category": "sports",
        "type": "体育休闲服务;娱乐场所;网吧",
        "district": "锦江区",
        "weight": 6
      }
    },
    {
      "type": "Feature",
      "geometry": {
        "type": "Point",
        "coordinates": [
          104.101699,
          30.634393
        ]
      },
      "properties": {
        "name": "缥缈之旅网吧",
        "category": "sports",
        "type": "体育休闲服务;娱乐场所;网吧",
        "district": "锦江区",
        "weight": 3
      }
    },
    {
      "type": "Feature",
      "geometry": {
        "type": "Point",
        "coordinates": [
          104.102229,
          30.63008
        ]
      },
      "properties": {
        "name": "五福桥社区活动室",
        "category": "sports",
        "type": "体育休闲服务;休闲场所;休闲场所",
        "district": "锦江区",
        "weight": 1
      }
    },
    {
      "type": "Feature",
      "geometry": {
        "type": "Point",
        "coordinates": [
          104.096732,
          30.632028
        ]
      },
      "properties": {
        "name": "骑士网咖",
        "category": "sports",
        "type": "体育休闲服务;娱乐场所;网吧",
        "district": "锦江区",
        "weight": 4
      }
    },
    {
      "type": "Feature",
      "geometry": {
        "type": "Point",
        "coordinates": [
          104.098972,
          30.636048
        ]
      },
      "properties": {
        "name": "优等氧吧",
        "category": "sports",
        "type": "体育休闲服务;体育休闲服务场所;体育休闲服务场所",
        "district": "锦江区",
        "weight": 2
      }
    },
    {
      "type": "Feature",
      "geometry": {
        "type": "Point",
        "coordinates": [
          104.100256,
          30.639383
        ]
      },
      "properties": {
        "name": "机麻棋牌",
        "category": "sports",
        "type": "体育休闲服务;娱乐场所;棋牌室",
        "district": "锦江区",
        "weight": 1
      }
    },
    {
      "type": "Feature",
      "geometry": {
        "type": "Point",
        "coordinates": [
          104.099963,
          30.635915
        ]
      },
      "properties": {
        "name": "小乐园棋牌",
        "category": "sports",
        "type": "体育休闲服务;娱乐场所;棋牌室",
        "district": "锦江区",
        "weight": 1
      }
    },
    {
      "type": "Feature",
      "geometry": {
        "type": "Point",
        "coordinates": [
          104.099751,
          30.630068
        ]
      },
      "properties": {
        "name": "成龙麻室",
        "category": "sports",
        "type": "体育休闲服务;娱乐场所;棋牌室",
        "district": "锦江区",
        "weight": 2
      }
    },
    {
      "type": "Feature",
      "geometry": {
        "type": "Point",
        "coordinates": [
          104.094979,
          30.633593
        ]
      },
      "properties": {
        "name": "蒋妹棋牌室",
        "category": "sports",
        "type": "体育休闲服务;娱乐场所;棋牌室",
        "district": "锦江区",
        "weight": 1
      }
    },
    {
      "type": "Feature",
      "geometry": {
        "type": "Point",
        "coordinates": [
          104.098192,
          30.632521
        ]
      },
      "properties": {
        "name": "福达平安工农院体验店",
        "category": "sports",
        "type": "体育休闲服务;体育休闲服务场所;体育休闲服务场所",
        "district": "锦江区",
        "weight": 2
      }
    },
    {
      "type": "Feature",
      "geometry": {
        "type": "Point",
        "coordinates": [
          104.106344,
          30.637077
        ]
      },
      "properties": {
        "name": "成都市妇女儿童中心",
        "category": "sports",
        "type": "政府机构及社会团体;社会团体;妇联|体育休闲服务;休闲场所;休闲场所",
        "district": "锦江区",
        "weight": 5
      }
    },
    {
      "type": "Feature",
      "geometry": {
        "type": "Point",
        "coordinates": [
          104.112011,
          30.62957
        ]
      },
      "properties": {
        "name": "望江会所",
        "category": "sports",
        "type": "体育休闲服务;娱乐场所;娱乐场所",
        "district": "锦江区",
        "weight": 3
      }
    },
    {
      "type": "Feature",
      "geometry": {
        "type": "Point",
        "coordinates": [
          104.11055,
          30.638446
        ]
      },
      "properties": {
        "name": "麦歌",
        "category": "sports",
        "type": "体育休闲服务;娱乐场所;KTV",
        "district": "锦江区",
        "weight": 1
      }
    },
    {
      "type": "Feature",
      "geometry": {
        "type": "Point",
        "coordinates": [
          104.113264,
          30.630446
        ]
      },
      "properties": {
        "name": "望江宾馆网球场",
        "category": "sports",
        "type": "体育休闲服务;运动场馆;网球场",
        "district": "锦江区",
        "weight": 1
      }
    },
    {
      "type": "Feature",
      "geometry": {
        "type": "Point",
        "coordinates": [
          104.108052,
          30.63138
        ]
      },
      "properties": {
        "name": "哇塞网咖",
        "category": "sports",
        "type": "体育休闲服务;娱乐场所;网吧",
        "district": "锦江区",
        "weight": 1
      }
    },
    {
      "type": "Feature",
      "geometry": {
        "type": "Point",
        "coordinates": [
          104.104181,
          30.632721
        ]
      },
      "properties": {
        "name": "氧气健身(锦天府店)",
        "category": "sports",
        "type": "体育休闲服务;运动场馆;健身中心",
        "district": "锦江区",
        "weight": 1
      }
    },
    {
      "type": "Feature",
      "geometry": {
        "type": "Point",
        "coordinates": [
          104.10581,
          30.629603
        ]
      },
      "properties": {
        "name": "阳光旱冰场",
        "category": "sports",
        "type": "体育休闲服务;运动场馆;溜冰场",
        "district": "锦江区",
        "weight": 1
      }
    },
    {
      "type": "Feature",
      "geometry": {
        "type": "Point",
        "coordinates": [
          104.107041,
          30.631801
        ]
      },
      "properties": {
        "name": "庄园",
        "category": "sports",
        "type": "体育休闲服务;休闲场所;休闲场所|餐饮服务;外国餐厅;外国餐厅",
        "district": "锦江区",
        "weight": 1
      }
    },
    {
      "type": "Feature",
      "geometry": {
        "type": "Point",
        "coordinates": [
          104.111741,
          30.639023
        ]
      },
      "properties": {
        "name": "天誉铂金会所",
        "category": "sports",
        "type": "体育休闲服务;运动场馆;健身中心",
        "district": "锦江区",
        "weight": 1
      }
    },
    {
      "type": "Feature",
      "geometry": {
        "type": "Point",
        "coordinates": [
          104.103939,
          30.636699
        ]
      },
      "properties": {
        "name": "伊泰天骄会馆",
        "category": "sports",
        "type": "体育休闲服务;运动场馆;健身中心",
        "district": "锦江区",
        "weight": 1
      }
    },
    {
      "type": "Feature",
      "geometry": {
        "type": "Point",
        "coordinates": [
          104.115377,
          30.632921
        ]
      },
      "properties": {
        "name": "成都市乐福居家养老服务中心",
        "category": "sports",
        "type": "体育休闲服务;度假疗养场所;疗养院",
        "district": "锦江区",
        "weight": 1
      }
    },
    {
      "type": "Feature",
      "geometry": {
        "type": "Point",
        "coordinates": [
          104.117716,
          30.631678
        ]
      },
      "properties": {
        "name": "海地通敬养院",
        "category": "sports",
        "type": "体育休闲服务;度假疗养场所;疗养院",
        "district": "锦江区",
        "weight": 1
      }
    },
    {
      "type": "Feature",
      "geometry": {
        "type": "Point",
        "coordinates": [
          104.12143,
          30.63697
        ]
      },
      "properties": {
        "name": "信和御龙山会所",
        "category": "sports",
        "type": "体育休闲服务;体育休闲服务场所;体育休闲服务场所",
        "district": "锦江区",
        "weight": 1
      }
    },
    {
      "type": "Feature",
      "geometry": {
        "type": "Point",
        "coordinates": [
          104.144294,
          30.631155
        ]
      },
      "properties": {
        "name": "胜利休闲会所",
        "category": "sports",
        "type": "体育休闲服务;娱乐场所;娱乐场所",
        "district": "成华区",
        "weight": 2
      }
    },
    {
      "type": "Feature",
      "geometry": {
        "type": "Point",
        "coordinates": [
          104.151933,
          30.63157
        ]
      },
      "properties": {
        "name": "达州嘻嘻网咖",
        "category": "sports",
        "type": "体育休闲服务;娱乐场所;网吧",
        "district": "成华区",
        "weight": 9
      }
    },
    {
      "type": "Feature",
      "geometry": {
        "type": "Point",
        "coordinates": [
          104.143591,
          30.632612
        ]
      },
      "properties": {
        "name": "云天网吧(邛崃山路)",
        "category": "sports",
        "type": "体育休闲服务;娱乐场所;网吧",
        "district": "成华区",
        "weight": 1
      }
    },
    {
      "type": "Feature",
      "geometry": {
        "type": "Point",
        "coordinates": [
          104.150032,
          30.632774
        ]
      },
      "properties": {
        "name": "网咖",
        "category": "sports",
        "type": "体育休闲服务;娱乐场所;网吧",
        "district": "成华区",
        "weight": 4
      }
    },
    {
      "type": "Feature",
      "geometry": {
        "type": "Point",
        "coordinates": [
          104.149032,
          30.629588
        ]
      },
      "properties": {
        "name": "小七儿童乐园",
        "category": "sports",
        "type": "体育休闲服务;休闲场所;游乐场",
        "district": "成华区",
        "weight": 4
      }
    },
    {
      "type": "Feature",
      "geometry": {
        "type": "Point",
        "coordinates": [
          104.152544,
          30.633202
        ]
      },
      "properties": {
        "name": "富丽东方游泳池",
        "category": "sports",
        "type": "体育休闲服务;运动场馆;游泳馆",
        "district": "成华区",
        "weight": 1
      }
    },
    {
      "type": "Feature",
      "geometry": {
        "type": "Point",
        "coordinates": [
          104.146627,
          30.634159
        ]
      },
      "properties": {
        "name": "柏仕网吧",
        "category": "sports",
        "type": "体育休闲服务;娱乐场所;网吧",
        "district": "成华区",
        "weight": 1
      }
    },
    {
      "type": "Feature",
      "geometry": {
        "type": "Point",
        "coordinates": [
          104.152633,
          30.629671
        ]
      },
      "properties": {
        "name": "中印娴雅国际瑜伽学院",
        "category": "sports",
        "type": "体育休闲服务;运动场馆;健身中心",
        "district": "成华区",
        "weight": 1
      }
    },
    {
      "type": "Feature",
      "geometry": {
        "type": "Point",
        "coordinates": [
          104.145331,
          30.637354
        ]
      },
      "properties": {
        "name": "康林健身健美俱乐部",
        "category": "sports",
        "type": "体育休闲服务;运动场馆;健身中心",
        "district": "成华区",
        "weight": 1
      }
    },
    {
      "type": "Feature",
      "geometry": {
        "type": "Point",
        "coordinates": [
          104.153996,
          30.635645
        ]
      },
      "properties": {
        "name": "首创羽毛球馆",
        "category": "sports",
        "type": "体育休闲服务;运动场馆;羽毛球场",
        "district": "成华区",
        "weight": 1
      }
    },
    {
      "type": "Feature",
      "geometry": {
        "type": "Point",
        "coordinates": [
          104.156453,
          30.62939
        ]
      },
      "properties": {
        "name": "爱麻仕",
        "category": "sports",
        "type": "体育休闲服务;娱乐场所;棋牌室",
        "district": "成华区",
        "weight": 5
      }
    },
    {
      "type": "Feature",
      "geometry": {
        "type": "Point",
        "coordinates": [
          104.1543,
          30.629204
        ]
      },
      "properties": {
        "name": "大众棋牌",
        "category": "sports",
        "type": "体育休闲服务;娱乐场所;棋牌室",
        "district": "成华区",
        "weight": 2
      }
    },
    {
      "type": "Feature",
      "geometry": {
        "type": "Point",
        "coordinates": [
          104.157595,
          30.63177
        ]
      },
      "properties": {
        "name": "王大娘麻将馆",
        "category": "sports",
        "type": "体育休闲服务;娱乐场所;棋牌室",
        "district": "成华区",
        "weight": 2
      }
    },
    {
      "type": "Feature",
      "geometry": {
        "type": "Point",
        "coordinates": [
          103.967474,
          30.620773
        ]
      },
      "properties": {
        "name": "白洋淀代步车休闲车",
        "category": "sports",
        "type": "体育休闲服务;体育休闲服务场所;体育休闲服务场所",
        "district": "武侯区",
        "weight": 1
      }
    },
    {
      "type": "Feature",
      "geometry": {
        "type": "Point",
        "coordinates": [
          103.969994,
          30.623788
        ]
      },
      "properties": {
        "name": "老情歌",
        "category": "sports",
        "type": "体育休闲服务;娱乐场所;KTV",
        "district": "武侯区",
        "weight": 3
      }
    },
    {
      "type": "Feature",
      "geometry": {
        "type": "Point",
        "coordinates": [
          103.969742,
          30.625074
        ]
      },
      "properties": {
        "name": "音皇会所KTV总店",
        "category": "sports",
        "type": "体育休闲服务;娱乐场所;KTV",
        "district": "武侯区",
        "weight": 2
      }
    },
    {
      "type": "Feature",
      "geometry": {
        "type": "Point",
        "coordinates": [
          103.967473,
          30.625039
        ]
      },
      "properties": {
        "name": "焦点KTV(凤翔路)",
        "category": "sports",
        "type": "体育休闲服务;娱乐场所;KTV",
        "district": "武侯区",
        "weight": 1
      }
    },
    {
      "type": "Feature",
      "geometry": {
        "type": "Point",
        "coordinates": [
          103.971239,
          30.622145
        ]
      },
      "properties": {
        "name": "浩东竞技网吧",
        "category": "sports",
        "type": "体育休闲服务;娱乐场所;网吧",
        "district": "武侯区",
        "weight": 1
      }
    },
    {
      "type": "Feature",
      "geometry": {
        "type": "Point",
        "coordinates": [
          103.966132,
          30.629042
        ]
      },
      "properties": {
        "name": "七彩网吧(金瓦路)",
        "category": "sports",
        "type": "体育休闲服务;娱乐场所;网吧",
        "district": "武侯区",
        "weight": 1
      }
    },
    {
      "type": "Feature",
      "geometry": {
        "type": "Point",
        "coordinates": [
          103.968428,
          30.628329
        ]
      },
      "properties": {
        "name": "万嘉网络会所",
        "category": "sports",
        "type": "体育休闲服务;娱乐场所;网吧",
        "district": "武侯区",
        "weight": 1
      }
    },
    {
      "type": "Feature",
      "geometry": {
        "type": "Point",
        "coordinates": [
          103.966819,
          30.621956
        ]
      },
      "properties": {
        "name": "景鸿网吧(凤鸣路)",
        "category": "sports",
        "type": "体育休闲服务;娱乐场所;网吧",
        "district": "武侯区",
        "weight": 1
      }
    },
    {
      "type": "Feature",
      "geometry": {
        "type": "Point",
        "coordinates": [
          103.971571,
          30.621187
        ]
      },
      "properties": {
        "name": "馨雅廊舞城",
        "category": "sports",
        "type": "体育休闲服务;娱乐场所;迪厅",
        "district": "武侯区",
        "weight": 1
      }
    },
    {
      "type": "Feature",
      "geometry": {
        "type": "Point",
        "coordinates": [
          103.972561,
          30.62934
        ]
      },
      "properties": {
        "name": "吉祥羽毛球馆",
        "category": "sports",
        "type": "体育休闲服务;运动场馆;羽毛球场",
        "district": "武侯区",
        "weight": 1
      }
    },
    {
      "type": "Feature",
      "geometry": {
        "type": "Point",
        "coordinates": [
          103.965334,
          30.626856
        ]
      },
      "properties": {
        "name": "圣士网吧",
        "category": "sports",
        "type": "体育休闲服务;娱乐场所;网吧",
        "district": "武侯区",
        "weight": 1
      }
    },
    {
      "type": "Feature",
      "geometry": {
        "type": "Point",
        "coordinates": [
          103.964106,
          30.623333
        ]
      },
      "properties": {
        "name": "光头麻将馆(凤翔路)",
        "category": "sports",
        "type": "体育休闲服务;娱乐场所;棋牌室",
        "district": "武侯区",
        "weight": 1
      }
    },
    {
      "type": "Feature",
      "geometry": {
        "type": "Point",
        "coordinates": [
          103.964625,
          30.625835
        ]
      },
      "properties": {
        "name": "朋聚自由QQ麻将",
        "category": "sports",
        "type": "体育休闲服务;娱乐场所;棋牌室",
        "district": "武侯区",
        "weight": 1
      }
    },
    {
      "type": "Feature",
      "geometry": {
        "type": "Point",
        "coordinates": [
          103.968683,
          30.625956
        ]
      },
      "properties": {
        "name": "盛世唐朝网吧",
        "category": "sports",
        "type": "体育休闲服务;娱乐场所;网吧",
        "district": "武侯区",
        "weight": 1
      }
    },
    {
      "type": "Feature",
      "geometry": {
        "type": "Point",
        "coordinates": [
          103.983175,
          30.628825
        ]
      },
      "properties": {
        "name": "必好锐网咖",
        "category": "sports",
        "type": "体育休闲服务;娱乐场所;网吧",
        "district": "武侯区",
        "weight": 1
      }
    },
    {
      "type": "Feature",
      "geometry": {
        "type": "Point",
        "coordinates": [
          103.97674,
          30.62551
        ]
      },
      "properties": {
        "name": "奇迹健身(武科西一路)",
        "category": "sports",
        "type": "体育休闲服务;运动场馆;健身中心",
        "district": "武侯区",
        "weight": 2
      }
    },
    {
      "type": "Feature",
      "geometry": {
        "type": "Point",
        "coordinates": [
          103.986598,
          30.628193
        ]
      },
      "properties": {
        "name": "卢米埃影城(武侯大道顺江段店)",
        "category": "sports",
        "type": "体育休闲服务;影剧院;电影院",
        "district": "武侯区",
        "weight": 1
      }
    },
    {
      "type": "Feature",
      "geometry": {
        "type": "Point",
        "coordinates": [
          103.985663,
          30.6225
        ]
      },
      "properties": {
        "name": "瑞迪恩网咖",
        "category": "sports",
        "type": "体育休闲服务;娱乐场所;网吧",
        "district": "武侯区",
        "weight": 4
      }
    },
    {
      "type": "Feature",
      "geometry": {
        "type": "Point",
        "coordinates": [
          103.990076,
          30.624076
        ]
      },
      "properties": {
        "name": "君悦社",
        "category": "sports",
        "type": "体育休闲服务;娱乐场所;棋牌室",
        "district": "武侯区",
        "weight": 3
      }
    },
    {
      "type": "Feature",
      "geometry": {
        "type": "Point",
        "coordinates": [
          103.98581,
          30.624181
        ]
      },
      "properties": {
        "name": "合瑜伽",
        "category": "sports",
        "type": "体育休闲服务;运动场馆;健身中心",
        "district": "武侯区",
        "weight": 3
      }
    },
    {
      "type": "Feature",
      "geometry": {
        "type": "Point",
        "coordinates": [
          103.984585,
          30.621732
        ]
      },
      "properties": {
        "name": "米酷网咖",
        "category": "sports",
        "type": "体育休闲服务;娱乐场所;网吧",
        "district": "武侯区",
        "weight": 3
      }
    },
    {
      "type": "Feature",
      "geometry": {
        "type": "Point",
        "coordinates": [
          103.991762,
          30.626148
        ]
      },
      "properties": {
        "name": "潘豆乐园",
        "category": "sports",
        "type": "体育休闲服务;休闲场所;游乐场",
        "district": "武侯区",
        "weight": 2
      }
    },
    {
      "type": "Feature",
      "geometry": {
        "type": "Point",
        "coordinates": [
          103.98568,
          30.6289
        ]
      },
      "properties": {
        "name": "和润阁会所",
        "category": "sports",
        "type": "体育休闲服务;体育休闲服务场所;体育休闲服务场所",
        "district": "武侯区",
        "weight": 1
      }
    },
    {
      "type": "Feature",
      "geometry": {
        "type": "Point",
        "coordinates": [
          103.999852,
          30.621567
        ]
      },
      "properties": {
        "name": "王老二棋牌室",
        "category": "sports",
        "type": "体育休闲服务;娱乐场所;棋牌室",
        "district": "武侯区",
        "weight": 3
      }
    },
    {
      "type": "Feature",
      "geometry": {
        "type": "Point",
        "coordinates": [
          103.994104,
          30.627433
        ]
      },
      "properties": {
        "name": "名扬网络数字生活馆",
        "category": "sports",
        "type": "体育休闲服务;娱乐场所;网吧",
        "district": "武侯区",
        "weight": 1
      }
    },
    {
      "type": "Feature",
      "geometry": {
        "type": "Point",
        "coordinates": [
          103.997177,
          30.62732
        ]
      },
      "properties": {
        "name": "莲花健康调理馆",
        "category": "sports",
        "type": "体育休闲服务;运动场馆;健身中心",
        "district": "武侯区",
        "weight": 1
      }
    },
    {
      "type": "Feature",
      "geometry": {
        "type": "Point",
        "coordinates": [
          104.010028,
          30.628678
        ]
      },
      "properties": {
        "name": "ETC小剧场",
        "category": "sports",
        "type": "体育休闲服务;影剧院;剧场",
        "district": "武侯区",
        "weight": 1
      }
    },
    {
      "type": "Feature",
      "geometry": {
        "type": "Point",
        "coordinates": [
          104.010495,
          30.627792
        ]
      },
      "properties": {
        "name": "悦派量贩KTV",
        "category": "sports",
        "type": "体育休闲服务;娱乐场所;KTV",
        "district": "武侯区",
        "weight": 1
      }
    },
    {
      "type": "Feature",
      "geometry": {
        "type": "Point",
        "coordinates": [
          104.004698,
          30.623581
        ]
      },
      "properties": {
        "name": "TNT·足球公园",
        "category": "sports",
        "type": "体育休闲服务;运动场馆;足球场",
        "district": "武侯区",
        "weight": 1
      }
    },
    {
      "type": "Feature",
      "geometry": {
        "type": "Point",
        "coordinates": [
          104.009255,
          30.62733
        ]
      },
      "properties": {
        "name": "胡桃里音乐酒馆(大悦城店)",
        "category": "sports",
        "type": "体育休闲服务;娱乐场所;酒吧",
        "district": "武侯区",
        "weight": 1
      }
    },
    {
      "type": "Feature",
      "geometry": {
        "type": "Point",
        "coordinates": [
          104.012148,
          30.621224
        ]
      },
      "properties": {
        "name": "快乐家族",
        "category": "sports",
        "type": "体育休闲服务;休闲场所;休闲场所",
        "district": "武侯区",
        "weight": 2
      }
    },
    {
      "type": "Feature",
      "geometry": {
        "type": "Point",
        "coordinates": [
          104.014477,
          30.626296
        ]
      },
      "properties": {
        "name": "太平园休闲山庄",
        "category": "sports",
        "type": "体育休闲服务;体育休闲服务场所;体育休闲服务场所",
        "district": "武侯区",
        "weight": 1
      }
    },
    {
      "type": "Feature",
      "geometry": {
        "type": "Point",
        "coordinates": [
          104.018046,
          30.626219
        ]
      },
      "properties": {
        "name": "升创网吧",
        "category": "sports",
        "type": "体育休闲服务;娱乐场所;网吧",
        "district": "武侯区",
        "weight": 1
      }
    },
    {
      "type": "Feature",
      "geometry": {
        "type": "Point",
        "coordinates": [
          104.022761,
          30.624086
        ]
      },
      "properties": {
        "name": "归谷游泳馆",
        "category": "sports",
        "type": "体育休闲服务;运动场馆;游泳馆",
        "district": "武侯区",
        "weight": 2
      }
    },
    {
      "type": "Feature",
      "geometry": {
        "type": "Point",
        "coordinates": [
          104.016334,
          30.624203
        ]
      },
      "properties": {
        "name": "星迪台球",
        "category": "sports",
        "type": "体育休闲服务;运动场馆;台球厅|购物服务;体育用品店;体育用品店",
        "district": "武侯区",
        "weight": 1
      }
    },
    {
      "type": "Feature",
      "geometry": {
        "type": "Point",
        "coordinates": [
          104.021354,
          30.621994
        ]
      },
      "properties": {
        "name": "中环绿茵",
        "category": "sports",
        "type": "体育休闲服务;运动场馆;足球场",
        "district": "武侯区",
        "weight": 1
      }
    },
    {
      "type": "Feature",
      "geometry": {
        "type": "Point",
        "coordinates": [
          104.014809,
          30.627604
        ]
      },
      "properties": {
        "name": "新界足球场",
        "category": "sports",
        "type": "体育休闲服务;运动场馆;足球场",
        "district": "武侯区",
        "weight": 1
      }
    },
    {
      "type": "Feature",
      "geometry": {
        "type": "Point",
        "coordinates": [
          104.020381,
          30.628094
        ]
      },
      "properties": {
        "name": "汇友会馆",
        "category": "sports",
        "type": "体育休闲服务;体育休闲服务场所;体育休闲服务场所",
        "district": "武侯区",
        "weight": 1
      }
    },
    {
      "type": "Feature",
      "geometry": {
        "type": "Point",
        "coordinates": [
          104.016128,
          30.621241
        ]
      },
      "properties": {
        "name": "竹木朗玛",
        "category": "sports",
        "type": "体育休闲服务;体育休闲服务场所;体育休闲服务场所",
        "district": "武侯区",
        "weight": 1
      }
    },
    {
      "type": "Feature",
      "geometry": {
        "type": "Point",
        "coordinates": [
          104.014664,
          30.622302
        ]
      },
      "properties": {
        "name": "星辉·美琪",
        "category": "sports",
        "type": "体育休闲服务;运动场馆;健身中心",
        "district": "武侯区",
        "weight": 1
      }
    },
    {
      "type": "Feature",
      "geometry": {
        "type": "Point",
        "coordinates": [
          104.021031,
          30.629049
        ]
      },
      "properties": {
        "name": "波尔菲特酒店-健身中心",
        "category": "sports",
        "type": "体育休闲服务;运动场馆;健身中心",
        "district": "武侯区",
        "weight": 1
      }
    },
    {
      "type": "Feature",
      "geometry": {
        "type": "Point",
        "coordinates": [
          104.029287,
          30.624379
        ]
      },
      "properties": {
        "name": "丽府",
        "category": "sports",
        "type": "生活服务;洗浴推拿场所;洗浴推拿场所|体育休闲服务;休闲场所;休闲场所",
        "district": "武侯区",
        "weight": 4
      }
    },
    {
      "type": "Feature",
      "geometry": {
        "type": "Point",
        "coordinates": [
          104.02989,
          30.626031
        ]
      },
      "properties": {
        "name": "森汇网咖",
        "category": "sports",
        "type": "体育休闲服务;娱乐场所;网吧",
        "district": "武侯区",
        "weight": 4
      }
    },
    {
      "type": "Feature",
      "geometry": {
        "type": "Point",
        "coordinates": [
          104.031635,
          30.62755
        ]
      },
      "properties": {
        "name": "丽都花园D区室外游泳池",
        "category": "sports",
        "type": "体育休闲服务;运动场馆;游泳馆",
        "district": "武侯区",
        "weight": 1
      }
    },
    {
      "type": "Feature",
      "geometry": {
        "type": "Point",
        "coordinates": [
          104.027959,
          30.627068
        ]
      },
      "properties": {
        "name": "赤道网咖(长益街)",
        "category": "sports",
        "type": "体育休闲服务;娱乐场所;网吧",
        "district": "武侯区",
        "weight": 1
      }
    },
    {
      "type": "Feature",
      "geometry": {
        "type": "Point",
        "coordinates": [
          104.026942,
          30.629285
        ]
      },
      "properties": {
        "name": "66号足球工场(长益路店)",
        "category": "sports",
        "type": "体育休闲服务;运动场馆;足球场",
        "district": "武侯区",
        "weight": 1
      }
    },
    {
      "type": "Feature",
      "geometry": {
        "type": "Point",
        "coordinates": [
          104.027772,
          30.62561
        ]
      },
      "properties": {
        "name": "迪格庄园",
        "category": "sports",
        "type": "体育休闲服务;体育休闲服务场所;体育休闲服务场所",
        "district": "武侯区",
        "weight": 3
      }
    },
    {
      "type": "Feature",
      "geometry": {
        "type": "Point",
        "coordinates": [
          104.027007,
          30.627775
        ]
      },
      "properties": {
        "name": "天域网咖(董家湾南街)",
        "category": "sports",
        "type": "体育休闲服务;娱乐场所;网吧",
        "district": "武侯区",
        "weight": 1
      }
    },
    {
      "type": "Feature",
      "geometry": {
        "type": "Point",
        "coordinates": [
          104.026247,
          30.626781
        ]
      },
      "properties": {
        "name": "丽都汇游泳馆",
        "category": "sports",
        "type": "体育休闲服务;运动场馆;游泳馆",
        "district": "武侯区",
        "weight": 1
      }
    },
    {
      "type": "Feature",
      "geometry": {
        "type": "Point",
        "coordinates": [
          104.043334,
          30.621635
        ]
      },
      "properties": {
        "name": "怡然亭休闲茶园麻将馆",
        "category": "sports",
        "type": "体育休闲服务;娱乐场所;棋牌室",
        "district": "武侯区",
        "weight": 1
      }
    },
    {
      "type": "Feature",
      "geometry": {
        "type": "Point",
        "coordinates": [
          104.04291,
          30.623246
        ]
      },
      "properties": {
        "name": "凯迪会所",
        "category": "sports",
        "type": "体育休闲服务;娱乐场所;棋牌室",
        "district": "武侯区",
        "weight": 9
      }
    },
    {
      "type": "Feature",
      "geometry": {
        "type": "Point",
        "coordinates": [
          104.036979,
          30.620279
        ]
      },
      "properties": {
        "name": "诺亚方舟-游泳池",
        "category": "sports",
        "type": "体育休闲服务;运动场馆;游泳馆",
        "district": "武侯区",
        "weight": 5
      }
    },
    {
      "type": "Feature",
      "geometry": {
        "type": "Point",
        "coordinates": [
          104.040708,
          30.622233
        ]
      },
      "properties": {
        "name": "曼苟网咖",
        "category": "sports",
        "type": "体育休闲服务;娱乐场所;网吧",
        "district": "武侯区",
        "weight": 2
      }
    },
    {
      "type": "Feature",
      "geometry": {
        "type": "Point",
        "coordinates": [
          104.040961,
          30.620321
        ]
      },
      "properties": {
        "name": "無印瑜伽(伽梵馆店)",
        "category": "sports",
        "type": "体育休闲服务;运动场馆;健身中心",
        "district": "武侯区",
        "weight": 1
      }
    },
    {
      "type": "Feature",
      "geometry": {
        "type": "Point",
        "coordinates": [
          104.034088,
          30.625889
        ]
      },
      "properties": {
        "name": "youwing私教健身工作室",
        "category": "sports",
        "type": "体育休闲服务;运动场馆;健身中心",
        "district": "武侯区",
        "weight": 1
      }
    },
    {
      "type": "Feature",
      "geometry": {
        "type": "Point",
        "coordinates": [
          104.042266,
          30.624623
        ]
      },
      "properties": {
        "name": "清风苑网络会所",
        "category": "sports",
        "type": "体育休闲服务;娱乐场所;网吧",
        "district": "武侯区",
        "weight": 1
      }
    },
    {
      "type": "Feature",
      "geometry": {
        "type": "Point",
        "coordinates": [
          104.03505,
          30.628209
        ]
      },
      "properties": {
        "name": "Boss.博思健身(航利中心店)",
        "category": "sports",
        "type": "体育休闲服务;运动场馆;健身中心",
        "district": "武侯区",
        "weight": 1
      }
    },
    {
      "type": "Feature",
      "geometry": {
        "type": "Point",
        "coordinates": [
          104.051063,
          30.623738
        ]
      },
      "properties": {
        "name": "盛世高歌娱乐汇",
        "category": "sports",
        "type": "体育休闲服务;娱乐场所;娱乐场所",
        "district": "武侯区",
        "weight": 11
      }
    },
    {
      "type": "Feature",
      "geometry": {
        "type": "Point",
        "coordinates": [
          104.043987,
          30.628913
        ]
      },
      "properties": {
        "name": "喜力商务会所",
        "category": "sports",
        "type": "体育休闲服务;体育休闲服务场所;体育休闲服务场所",
        "district": "武侯区",
        "weight": 3
      }
    },
    {
      "type": "Feature",
      "geometry": {
        "type": "Point",
        "coordinates": [
          104.048423,
          30.628759
        ]
      },
      "properties": {
        "name": "艺蓉健身",
        "category": "sports",
        "type": "体育休闲服务;运动场馆;健身中心",
        "district": "武侯区",
        "weight": 3
      }
    },
    {
      "type": "Feature",
      "geometry": {
        "type": "Point",
        "coordinates": [
          104.046373,
          30.628165
        ]
      },
      "properties": {
        "name": "潜水艇",
        "category": "sports",
        "type": "体育休闲服务;娱乐场所;酒吧",
        "district": "武侯区",
        "weight": 5
      }
    },
    {
      "type": "Feature",
      "geometry": {
        "type": "Point",
        "coordinates": [
          104.046945,
          30.622213
        ]
      },
      "properties": {
        "name": "神仙游网络",
        "category": "sports",
        "type": "体育休闲服务;娱乐场所;网吧",
        "district": "武侯区",
        "weight": 3
      }
    },
    {
      "type": "Feature",
      "geometry": {
        "type": "Point",
        "coordinates": [
          104.052933,
          30.624918
        ]
      },
      "properties": {
        "name": "苏坦(芳华街25号院西)",
        "category": "sports",
        "type": "体育休闲服务;娱乐场所;酒吧|餐饮服务;外国餐厅;西餐厅(综合风味)",
        "district": "武侯区",
        "weight": 1
      }
    },
    {
      "type": "Feature",
      "geometry": {
        "type": "Point",
        "coordinates": [
          104.048026,
          30.620394
        ]
      },
      "properties": {
        "name": "青羽网咖",
        "category": "sports",
        "type": "体育休闲服务;娱乐场所;网吧",
        "district": "武侯区",
        "weight": 1
      }
    },
    {
      "type": "Feature",
      "geometry": {
        "type": "Point",
        "coordinates": [
          104.044312,
          30.620056
        ]
      },
      "properties": {
        "name": "成都高新区太极拳推广中心",
        "category": "sports",
        "type": "体育休闲服务;运动场馆;运动场所",
        "district": "武侯区",
        "weight": 1
      }
    },
    {
      "type": "Feature",
      "geometry": {
        "type": "Point",
        "coordinates": [
          104.050584,
          30.621844
        ]
      },
      "properties": {
        "name": "星廊酒会",
        "category": "sports",
        "type": "体育休闲服务;体育休闲服务场所;体育休闲服务场所",
        "district": "武侯区",
        "weight": 1
      }
    },
    {
      "type": "Feature",
      "geometry": {
        "type": "Point",
        "coordinates": [
          104.051718,
          30.627837
        ]
      },
      "properties": {
        "name": "蜀乐瑜伽",
        "category": "sports",
        "type": "体育休闲服务;运动场馆;健身中心",
        "district": "武侯区",
        "weight": 1
      }
    },
    {
      "type": "Feature",
      "geometry": {
        "type": "Point",
        "coordinates": [
          104.050726,
          30.619589
        ]
      },
      "properties": {
        "name": "紫竹北街27号院-文化活动中心",
        "category": "sports",
        "type": "体育休闲服务;休闲场所;休闲场所",
        "district": "武侯区",
        "weight": 1
      }
    },
    {
      "type": "Feature",
      "geometry": {
        "type": "Point",
        "coordinates": [
          104.045686,
          30.623344
        ]
      },
      "properties": {
        "name": "传奇屋RPG体验馆",
        "category": "sports",
        "type": "体育休闲服务;娱乐场所;娱乐场所",
        "district": "武侯区",
        "weight": 1
      }
    },
    {
      "type": "Feature",
      "geometry": {
        "type": "Point",
        "coordinates": [
          104.048788,
          30.627676
        ]
      },
      "properties": {
        "name": "星空CLUB",
        "category": "sports",
        "type": "体育休闲服务;体育休闲服务场所;体育休闲服务场所",
        "district": "武侯区",
        "weight": 1
      }
    },
    {
      "type": "Feature",
      "geometry": {
        "type": "Point",
        "coordinates": [
          104.057291,
          30.628901
        ]
      },
      "properties": {
        "name": "武侯青年活动空间",
        "category": "sports",
        "type": "体育休闲服务;体育休闲服务场所;体育休闲服务场所",
        "district": "武侯区",
        "weight": 3
      }
    },
    {
      "type": "Feature",
      "geometry": {
        "type": "Point",
        "coordinates": [
          104.055458,
          30.622916
        ]
      },
      "properties": {
        "name": "都琳网吧",
        "category": "sports",
        "type": "体育休闲服务;娱乐场所;网吧",
        "district": "武侯区",
        "weight": 8
      }
    },
    {
      "type": "Feature",
      "geometry": {
        "type": "Point",
        "coordinates": [
          104.06259,
          30.62093
        ]
      },
      "properties": {
        "name": "紫檀",
        "category": "sports",
        "type": "体育休闲服务;娱乐场所;酒吧|商务住宅;住宅区;住宅小区",
        "district": "武侯区",
        "weight": 1
      }
    },
    {
      "type": "Feature",
      "geometry": {
        "type": "Point",
        "coordinates": [
          104.054139,
          30.626038
        ]
      },
      "properties": {
        "name": "相约98",
        "category": "sports",
        "type": "体育休闲服务;娱乐场所;酒吧",
        "district": "武侯区",
        "weight": 3
      }
    },
    {
      "type": "Feature",
      "geometry": {
        "type": "Point",
        "coordinates": [
          104.06035,
          30.623036
        ]
      },
      "properties": {
        "name": "爱K量贩KTV",
        "category": "sports",
        "type": "体育休闲服务;娱乐场所;KTV",
        "district": "武侯区",
        "weight": 1
      }
    },
    {
      "type": "Feature",
      "geometry": {
        "type": "Point",
        "coordinates": [
          104.059343,
          30.619649
        ]
      },
      "properties": {
        "name": "中华园二期游泳池",
        "category": "sports",
        "type": "体育休闲服务;运动场馆;游泳馆",
        "district": "武侯区",
        "weight": 7
      }
    },
    {
      "type": "Feature",
      "geometry": {
        "type": "Point",
        "coordinates": [
          104.057586,
          30.626149
        ]
      },
      "properties": {
        "name": "新兴星网吧(玉洁巷)",
        "category": "sports",
        "type": "体育休闲服务;娱乐场所;网吧",
        "district": "武侯区",
        "weight": 1
      }
    },
    {
      "type": "Feature",
      "geometry": {
        "type": "Point",
        "coordinates": [
          104.059196,
          30.621811
        ]
      },
      "properties": {
        "name": "ME花园主题酒咖",
        "category": "sports",
        "type": "体育休闲服务;娱乐场所;酒吧",
        "district": "武侯区",
        "weight": 1
      }
    },
    {
      "type": "Feature",
      "geometry": {
        "type": "Point",
        "coordinates": [
          104.060061,
          30.625767
        ]
      },
      "properties": {
        "name": "素心瑜伽",
        "category": "sports",
        "type": "体育休闲服务;运动场馆;健身中心",
        "district": "武侯区",
        "weight": 4
      }
    },
    {
      "type": "Feature",
      "geometry": {
        "type": "Point",
        "coordinates": [
          104.056196,
          30.627699
        ]
      },
      "properties": {
        "name": "玉林陌陌吧",
        "category": "sports",
        "type": "体育休闲服务;娱乐场所;棋牌室",
        "district": "武侯区",
        "weight": 3
      }
    },
    {
      "type": "Feature",
      "geometry": {
        "type": "Point",
        "coordinates": [
          104.054695,
          30.621278
        ]
      },
      "properties": {
        "name": "银都会所",
        "category": "sports",
        "type": "体育休闲服务;娱乐场所;娱乐场所",
        "district": "武侯区",
        "weight": 3
      }
    },
    {
      "type": "Feature",
      "geometry": {
        "type": "Point",
        "coordinates": [
          104.063929,
          30.625703
        ]
      },
      "properties": {
        "name": "双叶会所",
        "category": "sports",
        "type": "体育休闲服务;娱乐场所;娱乐场所",
        "district": "武侯区",
        "weight": 3
      }
    },
    {
      "type": "Feature",
      "geometry": {
        "type": "Point",
        "coordinates": [
          104.062335,
          30.623023
        ]
      },
      "properties": {
        "name": "汉莎(二环路南三段)",
        "category": "sports",
        "type": "体育休闲服务;娱乐场所;夜总会",
        "district": "武侯区",
        "weight": 1
      }
    },
    {
      "type": "Feature",
      "geometry": {
        "type": "Point",
        "coordinates": [
          104.059252,
          30.623762
        ]
      },
      "properties": {
        "name": "趣玩游戏",
        "category": "sports",
        "type": "体育休闲服务;体育休闲服务场所;体育休闲服务场所",
        "district": "武侯区",
        "weight": 5
      }
    },
    {
      "type": "Feature",
      "geometry": {
        "type": "Point",
        "coordinates": [
          104.054944,
          30.624677
        ]
      },
      "properties": {
        "name": "牙半厘yabany",
        "category": "sports",
        "type": "体育休闲服务;体育休闲服务场所;体育休闲服务场所",
        "district": "武侯区",
        "weight": 1
      }
    },
    {
      "type": "Feature",
      "geometry": {
        "type": "Point",
        "coordinates": [
          104.05371,
          30.628754
        ]
      },
      "properties": {
        "name": "沁园",
        "category": "sports",
        "type": "体育休闲服务;休闲场所;休闲场所",
        "district": "武侯区",
        "weight": 1
      }
    },
    {
      "type": "Feature",
      "geometry": {
        "type": "Point",
        "coordinates": [
          104.053587,
          30.627288
        ]
      },
      "properties": {
        "name": "芳华茶坊娱乐室",
        "category": "sports",
        "type": "体育休闲服务;娱乐场所;棋牌室",
        "district": "武侯区",
        "weight": 1
      }
    },
    {
      "type": "Feature",
      "geometry": {
        "type": "Point",
        "coordinates": [
          104.055969,
          30.61978
        ]
      },
      "properties": {
        "name": "秘境晴yoga",
        "category": "sports",
        "type": "体育休闲服务;运动场馆;健身中心",
        "district": "武侯区",
        "weight": 1
      }
    },
    {
      "type": "Feature",
      "geometry": {
        "type": "Point",
        "coordinates": [
          104.060702,
          30.621364
        ]
      },
      "properties": {
        "name": "Candy",
        "category": "sports",
        "type": "体育休闲服务;娱乐场所;酒吧",
        "district": "武侯区",
        "weight": 1
      }
    },
    {
      "type": "Feature",
      "geometry": {
        "type": "Point",
        "coordinates": [
          104.070453,
          30.627267
        ]
      },
      "properties": {
        "name": "舞邦",
        "category": "sports",
        "type": "体育休闲服务;运动场馆;健身中心",
        "district": "武侯区",
        "weight": 51
      }
    },
    {
      "type": "Feature",
      "geometry": {
        "type": "Point",
        "coordinates": [
          104.073483,
          30.620719
        ]
      },
      "properties": {
        "name": "泰都商务会所",
        "category": "sports",
        "type": "体育休闲服务;娱乐场所;娱乐场所",
        "district": "武侯区",
        "weight": 9
      }
    },
    {
      "type": "Feature",
      "geometry": {
        "type": "Point",
        "coordinates": [
          104.066942,
          30.627316
        ]
      },
      "properties": {
        "name": "爱健身",
        "category": "sports",
        "type": "体育休闲服务;运动场馆;健身中心",
        "district": "武侯区",
        "weight": 7
      }
    },
    {
      "type": "Feature",
      "geometry": {
        "type": "Point",
        "coordinates": [
          104.063668,
          30.620357
        ]
      },
      "properties": {
        "name": "凯宾斯基KTV",
        "category": "sports",
        "type": "体育休闲服务;娱乐场所;KTV",
        "district": "武侯区",
        "weight": 2
      }
    },
    {
      "type": "Feature",
      "geometry": {
        "type": "Point",
        "coordinates": [
          104.06952,
          30.61804
        ]
      },
      "properties": {
        "name": "刷子",
        "category": "sports",
        "type": "体育休闲服务;娱乐场所;酒吧",
        "district": "武侯区",
        "weight": 29
      }
    },
    {
      "type": "Feature",
      "geometry": {
        "type": "Point",
        "coordinates": [
          104.063806,
          30.627321
        ]
      },
      "properties": {
        "name": "鑫空间",
        "category": "sports",
        "type": "体育休闲服务;运动场馆;健身中心",
        "district": "武侯区",
        "weight": 2
      }
    },
    {
      "type": "Feature",
      "geometry": {
        "type": "Point",
        "coordinates": [
          104.069188,
          30.620983
        ]
      },
      "properties": {
        "name": "锦官新城西区会所",
        "category": "sports",
        "type": "体育休闲服务;娱乐场所;娱乐场所",
        "district": "武侯区",
        "weight": 1
      }
    },
    {
      "type": "Feature",
      "geometry": {
        "type": "Point",
        "coordinates": [
          104.068237,
          30.62555
        ]
      },
      "properties": {
        "name": "天图拳馆",
        "category": "sports",
        "type": "体育休闲服务;体育休闲服务场所;体育休闲服务场所",
        "district": "武侯区",
        "weight": 4
      }
    },
    {
      "type": "Feature",
      "geometry": {
        "type": "Point",
        "coordinates": [
          104.067047,
          30.623203
        ]
      },
      "properties": {
        "name": "健身房",
        "category": "sports",
        "type": "体育休闲服务;运动场馆;健身中心",
        "district": "武侯区",
        "weight": 4
      }
    },
    {
      "type": "Feature",
      "geometry": {
        "type": "Point",
        "coordinates": [
          104.07517,
          30.625878
        ]
      },
      "properties": {
        "name": "一瑜伽",
        "category": "sports",
        "type": "体育休闲服务;运动场馆;健身中心",
        "district": "武侯区",
        "weight": 37
      }
    },
    {
      "type": "Feature",
      "geometry": {
        "type": "Point",
        "coordinates": [
          104.065602,
          30.624973
        ]
      },
      "properties": {
        "name": "盘古花园游泳池",
        "category": "sports",
        "type": "体育休闲服务;运动场馆;游泳馆",
        "district": "武侯区",
        "weight": 2
      }
    },
    {
      "type": "Feature",
      "geometry": {
        "type": "Point",
        "coordinates": [
          104.065252,
          30.621024
        ]
      },
      "properties": {
        "name": "成长俱乐部",
        "category": "sports",
        "type": "体育休闲服务;体育休闲服务场所;体育休闲服务场所",
        "district": "武侯区",
        "weight": 3
      }
    },
    {
      "type": "Feature",
      "geometry": {
        "type": "Point",
        "coordinates": [
          104.068758,
          30.622996
        ]
      },
      "properties": {
        "name": "雨神网络",
        "category": "sports",
        "type": "体育休闲服务;体育休闲服务场所;体育休闲服务场所",
        "district": "武侯区",
        "weight": 1
      }
    },
    {
      "type": "Feature",
      "geometry": {
        "type": "Point",
        "coordinates": [
          104.081268,
          30.621773
        ]
      },
      "properties": {
        "name": "九九棋牌",
        "category": "sports",
        "type": "体育休闲服务;娱乐场所;棋牌室",
        "district": "武侯区",
        "weight": 2
      }
    },
    {
      "type": "Feature",
      "geometry": {
        "type": "Point",
        "coordinates": [
          104.077303,
          30.623248
        ]
      },
      "properties": {
        "name": "808新空间KTV(郭家桥西街店)",
        "category": "sports",
        "type": "体育休闲服务;娱乐场所;KTV",
        "district": "武侯区",
        "weight": 1
      }
    },
    {
      "type": "Feature",
      "geometry": {
        "type": "Point",
        "coordinates": [
          104.083306,
          30.623991
        ]
      },
      "properties": {
        "name": "财富会馆",
        "category": "sports",
        "type": "体育休闲服务;休闲场所;休闲场所|餐饮服务;中餐厅;中餐厅",
        "district": "锦江区",
        "weight": 7
      }
    },
    {
      "type": "Feature",
      "geometry": {
        "type": "Point",
        "coordinates": [
          104.074364,
          30.62855
        ]
      },
      "properties": {
        "name": "金时代网吧(科华北路店)",
        "category": "sports",
        "type": "体育休闲服务;娱乐场所;网吧",
        "district": "武侯区",
        "weight": 1
      }
    },
    {
      "type": "Feature",
      "geometry": {
        "type": "Point",
        "coordinates": [
          104.080896,
          30.62323
        ]
      },
      "properties": {
        "name": "尚都",
        "category": "sports",
        "type": "体育休闲服务;娱乐场所;娱乐场所",
        "district": "武侯区",
        "weight": 2
      }
    },
    {
      "type": "Feature",
      "geometry": {
        "type": "Point",
        "coordinates": [
          104.075248,
          30.619375
        ]
      },
      "properties": {
        "name": "博速网球俱乐部",
        "category": "sports",
        "type": "体育休闲服务;运动场馆;网球场",
        "district": "武侯区",
        "weight": 2
      }
    },
    {
      "type": "Feature",
      "geometry": {
        "type": "Point",
        "coordinates": [
          104.07751,
          30.624848
        ]
      },
      "properties": {
        "name": "宾朋网咖",
        "category": "sports",
        "type": "体育休闲服务;娱乐场所;网吧",
        "district": "武侯区",
        "weight": 1
      }
    },
    {
      "type": "Feature",
      "geometry": {
        "type": "Point",
        "coordinates": [
          104.079127,
          30.625271
        ]
      },
      "properties": {
        "name": "茗香阁棋牌室",
        "category": "sports",
        "type": "体育休闲服务;娱乐场所;棋牌室",
        "district": "武侯区",
        "weight": 1
      }
    },
    {
      "type": "Feature",
      "geometry": {
        "type": "Point",
        "coordinates": [
          104.089577,
          30.625794
        ]
      },
      "properties": {
        "name": "橡树林会所",
        "category": "sports",
        "type": "体育休闲服务;娱乐场所;娱乐场所",
        "district": "锦江区",
        "weight": 2
      }
    },
    {
      "type": "Feature",
      "geometry": {
        "type": "Point",
        "coordinates": [
          104.094141,
          30.623376
        ]
      },
      "properties": {
        "name": "娟瑜伽",
        "category": "sports",
        "type": "体育休闲服务;运动场馆;健身中心",
        "district": "锦江区",
        "weight": 26
      }
    },
    {
      "type": "Feature",
      "geometry": {
        "type": "Point",
        "coordinates": [
          104.088566,
          30.623564
        ]
      },
      "properties": {
        "name": "美亨亨酒吧(摩玛城东北)",
        "category": "sports",
        "type": "体育休闲服务;娱乐场所;酒吧",
        "district": "锦江区",
        "weight": 2
      }
    },
    {
      "type": "Feature",
      "geometry": {
        "type": "Point",
        "coordinates": [
          104.086514,
          30.620447
        ]
      },
      "properties": {
        "name": "东湖公园-篮球场",
        "category": "sports",
        "type": "体育休闲服务;运动场馆;篮球场馆",
        "district": "锦江区",
        "weight": 1
      }
    },
    {
      "type": "Feature",
      "geometry": {
        "type": "Point",
        "coordinates": [
          104.092696,
          30.627523
        ]
      },
      "properties": {
        "name": "盛德雨淋网络会所",
        "category": "sports",
        "type": "体育休闲服务;娱乐场所;网吧",
        "district": "锦江区",
        "weight": 1
      }
    },
    {
      "type": "Feature",
      "geometry": {
        "type": "Point",
        "coordinates": [
          104.091224,
          30.625497
        ]
      },
      "properties": {
        "name": "盛轩网咖",
        "category": "sports",
        "type": "体育休闲服务;娱乐场所;网吧",
        "district": "锦江区",
        "weight": 1
      }
    },
    {
      "type": "Feature",
      "geometry": {
        "type": "Point",
        "coordinates": [
          104.093181,
          30.624402
        ]
      },
      "properties": {
        "name": "伽友瑜伽",
        "category": "sports",
        "type": "体育休闲服务;运动场馆;健身中心",
        "district": "锦江区",
        "weight": 1
      }
    },
    {
      "type": "Feature",
      "geometry": {
        "type": "Point",
        "coordinates": [
          104.087747,
          30.622337
        ]
      },
      "properties": {
        "name": "梦之队跆拳道",
        "category": "sports",
        "type": "体育休闲服务;运动场馆;跆拳道场馆",
        "district": "锦江区",
        "weight": 2
      }
    },
    {
      "type": "Feature",
      "geometry": {
        "type": "Point",
        "coordinates": [
          104.085919,
          30.623977
        ]
      },
      "properties": {
        "name": "好运棋牌(河滨路)",
        "category": "sports",
        "type": "体育休闲服务;娱乐场所;棋牌室",
        "district": "锦江区",
        "weight": 1
      }
    },
    {
      "type": "Feature",
      "geometry": {
        "type": "Point",
        "coordinates": [
          104.089693,
          30.627979
        ]
      },
      "properties": {
        "name": "橡树林业主篮球场",
        "category": "sports",
        "type": "体育休闲服务;运动场馆;篮球场馆",
        "district": "锦江区",
        "weight": 1
      }
    },
    {
      "type": "Feature",
      "geometry": {
        "type": "Point",
        "coordinates": [
          104.101317,
          30.621632
        ]
      },
      "properties": {
        "name": "中航·爱老之家(东润社区日间照料中心)",
        "category": "sports",
        "type": "体育休闲服务;度假疗养场所;疗养院|生活服务;生活服务场所;生活服务场所",
        "district": "锦江区",
        "weight": 1
      }
    },
    {
      "type": "Feature",
      "geometry": {
        "type": "Point",
        "coordinates": [
          104.099952,
          30.622499
        ]
      },
      "properties": {
        "name": "青房云上一期游泳池",
        "category": "sports",
        "type": "体育休闲服务;运动场馆;游泳馆",
        "district": "锦江区",
        "weight": 1
      }
    },
    {
      "type": "Feature",
      "geometry": {
        "type": "Point",
        "coordinates": [
          104.102512,
          30.623403
        ]
      },
      "properties": {
        "name": "自由飞翔网咖",
        "category": "sports",
        "type": "体育休闲服务;娱乐场所;网吧",
        "district": "锦江区",
        "weight": 1
      }
    },
    {
      "type": "Feature",
      "geometry": {
        "type": "Point",
        "coordinates": [
          104.095908,
          30.627913
        ]
      },
      "properties": {
        "name": "龙舟网咖",
        "category": "sports",
        "type": "体育休闲服务;娱乐场所;网吧",
        "district": "锦江区",
        "weight": 2
      }
    },
    {
      "type": "Feature",
      "geometry": {
        "type": "Point",
        "coordinates": [
          104.097258,
          30.619243
        ]
      },
      "properties": {
        "name": "东光台球城",
        "category": "sports",
        "type": "体育休闲服务;运动场馆;台球厅",
        "district": "锦江区",
        "weight": 7
      }
    },
    {
      "type": "Feature",
      "geometry": {
        "type": "Point",
        "coordinates": [
          104.101231,
          30.624051
        ]
      },
      "properties": {
        "name": "网吧",
        "category": "sports",
        "type": "体育休闲服务;娱乐场所;网吧",
        "district": "锦江区",
        "weight": 5
      }
    },
    {
      "type": "Feature",
      "geometry": {
        "type": "Point",
        "coordinates": [
          104.100565,
          30.626111
        ]
      },
      "properties": {
        "name": "完美健身",
        "category": "sports",
        "type": "体育休闲服务;运动场馆;健身中心",
        "district": "锦江区",
        "weight": 4
      }
    },
    {
      "type": "Feature",
      "geometry": {
        "type": "Point",
        "coordinates": [
          104.099204,
          30.627999
        ]
      },
      "properties": {
        "name": "养老生活馆",
        "category": "sports",
        "type": "体育休闲服务;体育休闲服务场所;体育休闲服务场所",
        "district": "锦江区",
        "weight": 1
      }
    },
    {
      "type": "Feature",
      "geometry": {
        "type": "Point",
        "coordinates": [
          104.097344,
          30.622694
        ]
      },
      "properties": {
        "name": "静颐助残养老中心",
        "category": "sports",
        "type": "体育休闲服务;体育休闲服务场所;体育休闲服务场所",
        "district": "锦江区",
        "weight": 2
      }
    },
    {
      "type": "Feature",
      "geometry": {
        "type": "Point",
        "coordinates": [
          104.097442,
          30.628475
        ]
      },
      "properties": {
        "name": "骑圣网咖",
        "category": "sports",
        "type": "体育休闲服务;娱乐场所;网吧",
        "district": "锦江区",
        "weight": 1
      }
    },
    {
      "type": "Feature",
      "geometry": {
        "type": "Point",
        "coordinates": [
          104.094709,
          30.628089
        ]
      },
      "properties": {
        "name": "老麻将",
        "category": "sports",
        "type": "体育休闲服务;娱乐场所;棋牌室",
        "district": "锦江区",
        "weight": 2
      }
    },
    {
      "type": "Feature",
      "geometry": {
        "type": "Point",
        "coordinates": [
          104.09719,
          30.621324
        ]
      },
      "properties": {
        "name": "茶品茗棋牌",
        "category": "sports",
        "type": "体育休闲服务;娱乐场所;棋牌室",
        "district": "锦江区",
        "weight": 2
      }
    },
    {
      "type": "Feature",
      "geometry": {
        "type": "Point",
        "coordinates": [
          104.097687,
          30.6255
        ]
      },
      "properties": {
        "name": "天龙网络会所(东光北顺街)",
        "category": "sports",
        "type": "体育休闲服务;娱乐场所;网吧",
        "district": "锦江区",
        "weight": 1
      }
    },
    {
      "type": "Feature",
      "geometry": {
        "type": "Point",
        "coordinates": [
          104.09974,
          30.621048
        ]
      },
      "properties": {
        "name": "洋洋棋牌室(东光北巷)",
        "category": "sports",
        "type": "体育休闲服务;娱乐场所;棋牌室",
        "district": "锦江区",
        "weight": 1
      }
    },
    {
      "type": "Feature",
      "geometry": {
        "type": "Point",
        "coordinates": [
          104.095644,
          30.626364
        ]
      },
      "properties": {
        "name": "迦韵国际瑜伽舞蹈俱乐部(成仁店)",
        "category": "sports",
        "type": "体育休闲服务;运动场馆;健身中心",
        "district": "锦江区",
        "weight": 1
      }
    },
    {
      "type": "Feature",
      "geometry": {
        "type": "Point",
        "coordinates": [
          104.104032,
          30.620395
        ]
      },
      "properties": {
        "name": "麻麻",
        "category": "sports",
        "type": "体育休闲服务;娱乐场所;棋牌室",
        "district": "锦江区",
        "weight": 4
      }
    },
    {
      "type": "Feature",
      "geometry": {
        "type": "Point",
        "coordinates": [
          104.111228,
          30.623124
        ]
      },
      "properties": {
        "name": "羽毛球馆",
        "category": "sports",
        "type": "体育休闲服务;运动场馆;健身中心",
        "district": "锦江区",
        "weight": 4
      }
    },
    {
      "type": "Feature",
      "geometry": {
        "type": "Point",
        "coordinates": [
          104.10907,
          30.620301
        ]
      },
      "properties": {
        "name": "索尔魅力量贩KTV(索尔店)",
        "category": "sports",
        "type": "体育休闲服务;娱乐场所;KTV",
        "district": "锦江区",
        "weight": 1
      }
    },
    {
      "type": "Feature",
      "geometry": {
        "type": "Point",
        "coordinates": [
          104.112316,
          30.621941
        ]
      },
      "properties": {
        "name": "印象沙河网咖",
        "category": "sports",
        "type": "体育休闲服务;娱乐场所;网吧",
        "district": "锦江区",
        "weight": 3
      }
    },
    {
      "type": "Feature",
      "geometry": {
        "type": "Point",
        "coordinates": [
          104.113474,
          30.622098
        ]
      },
      "properties": {
        "name": "冰克网络会所",
        "category": "sports",
        "type": "体育休闲服务;娱乐场所;网吧",
        "district": "锦江区",
        "weight": 2
      }
    },
    {
      "type": "Feature",
      "geometry": {
        "type": "Point",
        "coordinates": [
          104.108011,
          30.622843
        ]
      },
      "properties": {
        "name": "鸿运会所",
        "category": "sports",
        "type": "体育休闲服务;体育休闲服务场所;体育休闲服务场所",
        "district": "锦江区",
        "weight": 1
      }
    },
    {
      "type": "Feature",
      "geometry": {
        "type": "Point",
        "coordinates": [
          104.104761,
          30.624711
        ]
      },
      "properties": {
        "name": "开心麻将(净居寺路)",
        "category": "sports",
        "type": "体育休闲服务;娱乐场所;棋牌室",
        "district": "锦江区",
        "weight": 1
      }
    },
    {
      "type": "Feature",
      "geometry": {
        "type": "Point",
        "coordinates": [
          104.11023,
          30.626963
        ]
      },
      "properties": {
        "name": "和嘉天健羽毛球馆(净居寺路店)",
        "category": "sports",
        "type": "体育休闲服务;运动场馆;羽毛球场",
        "district": "锦江区",
        "weight": 1
      }
    },
    {
      "type": "Feature",
      "geometry": {
        "type": "Point",
        "coordinates": [
          104.106522,
          30.628578
        ]
      },
      "properties": {
        "name": "牛沙棋牌室",
        "category": "sports",
        "type": "体育休闲服务;娱乐场所;棋牌室",
        "district": "锦江区",
        "weight": 1
      }
    },
    {
      "type": "Feature",
      "geometry": {
        "type": "Point",
        "coordinates": [
          104.121498,
          30.625036
        ]
      },
      "properties": {
        "name": "星空间量贩KTV",
        "category": "sports",
        "type": "体育休闲服务;娱乐场所;KTV",
        "district": "锦江区",
        "weight": 1
      }
    },
    {
      "type": "Feature",
      "geometry": {
        "type": "Point",
        "coordinates": [
          104.117536,
          30.622113
        ]
      },
      "properties": {
        "name": "院8里(菱窠路店)",
        "category": "sports",
        "type": "餐饮服务;中餐厅;四川菜(川菜)|体育休闲服务;娱乐场所;棋牌室",
        "district": "锦江区",
        "weight": 1
      }
    },
    {
      "type": "Feature",
      "geometry": {
        "type": "Point",
        "coordinates": [
          104.121025,
          30.621866
        ]
      },
      "properties": {
        "name": "四川邮电职业技术学院运动场",
        "category": "sports",
        "type": "体育休闲服务;运动场馆;运动场所",
        "district": "锦江区",
        "weight": 1
      }
    },
    {
      "type": "Feature",
      "geometry": {
        "type": "Point",
        "coordinates": [
          104.114366,
          30.626121
        ]
      },
      "properties": {
        "name": "波星宇电竞馆",
        "category": "sports",
        "type": "体育休闲服务;娱乐场所;游戏厅|餐饮服务;休闲餐饮场所;休闲餐饮场所",
        "district": "锦江区",
        "weight": 2
      }
    },
    {
      "type": "Feature",
      "geometry": {
        "type": "Point",
        "coordinates": [
          104.114424,
          30.620892
        ]
      },
      "properties": {
        "name": "宇哲KTV",
        "category": "sports",
        "type": "体育休闲服务;娱乐场所;KTV",
        "district": "锦江区",
        "weight": 1
      }
    },
    {
      "type": "Feature",
      "geometry": {
        "type": "Point",
        "coordinates": [
          104.117019,
          30.620865
        ]
      },
      "properties": {
        "name": "狮子山街道综合文化活动中心",
        "category": "sports",
        "type": "体育休闲服务;休闲场所;休闲场所",
        "district": "锦江区",
        "weight": 1
      }
    },
    {
      "type": "Feature",
      "geometry": {
        "type": "Point",
        "coordinates": [
          104.120953,
          30.620593
        ]
      },
      "properties": {
        "name": "四川邮电职业技术学院篮球场",
        "category": "sports",
        "type": "体育休闲服务;运动场馆;篮球场馆",
        "district": "锦江区",
        "weight": 1
      }
    },
    {
      "type": "Feature",
      "geometry": {
        "type": "Point",
        "coordinates": [
          104.125302,
          30.620822
        ]
      },
      "properties": {
        "name": "名唐网咖",
        "category": "sports",
        "type": "体育休闲服务;娱乐场所;网吧",
        "district": "锦江区",
        "weight": 11
      }
    },
    {
      "type": "Feature",
      "geometry": {
        "type": "Point",
        "coordinates": [
          104.123799,
          30.622027
        ]
      },
      "properties": {
        "name": "四川邮电职业技术学院离退休活动中心",
        "category": "sports",
        "type": "体育休闲服务;休闲场所;休闲场所",
        "district": "锦江区",
        "weight": 1
      }
    },
    {
      "type": "Feature",
      "geometry": {
        "type": "Point",
        "coordinates": [
          104.136448,
          30.621144
        ]
      },
      "properties": {
        "name": "丁香园休闲庄",
        "category": "sports",
        "type": "体育休闲服务;休闲场所;休闲场所",
        "district": "成华区",
        "weight": 1
      }
    },
    {
      "type": "Feature",
      "geometry": {
        "type": "Point",
        "coordinates": [
          104.133899,
          30.620579
        ]
      },
      "properties": {
        "name": "焦糖网吧(大观里)",
        "category": "sports",
        "type": "体育休闲服务;娱乐场所;网吧",
        "district": "锦江区",
        "weight": 1
      }
    },
    {
      "type": "Feature",
      "geometry": {
        "type": "Point",
        "coordinates": [
          104.140804,
          30.628043
        ]
      },
      "properties": {
        "name": "金色印象网咖",
        "category": "sports",
        "type": "体育休闲服务;娱乐场所;网吧",
        "district": "成华区",
        "weight": 1
      }
    },
    {
      "type": "Feature",
      "geometry": {
        "type": "Point",
        "coordinates": [
          104.150776,
          30.628953
        ]
      },
      "properties": {
        "name": "电玩店",
        "category": "sports",
        "type": "体育休闲服务;娱乐场所;娱乐场所",
        "district": "成华区",
        "weight": 8
      }
    },
    {
      "type": "Feature",
      "geometry": {
        "type": "Point",
        "coordinates": [
          104.14672,
          30.62672
        ]
      },
      "properties": {
        "name": "魅力运动中心羽毛球馆",
        "category": "sports",
        "type": "体育休闲服务;运动场馆;羽毛球场",
        "district": "成华区",
        "weight": 1
      }
    },
    {
      "type": "Feature",
      "geometry": {
        "type": "Point",
        "coordinates": [
          104.150274,
          30.625193
        ]
      },
      "properties": {
        "name": "魅力羽毛球馆(和锦路)",
        "category": "sports",
        "type": "体育休闲服务;运动场馆;羽毛球场",
        "district": "成华区",
        "weight": 1
      }
    },
    {
      "type": "Feature",
      "geometry": {
        "type": "Point",
        "coordinates": [
          104.152595,
          30.628171
        ]
      },
      "properties": {
        "name": "名流网咖",
        "category": "sports",
        "type": "体育休闲服务;娱乐场所;网吧",
        "district": "成华区",
        "weight": 1
      }
    },
    {
      "type": "Feature",
      "geometry": {
        "type": "Point",
        "coordinates": [
          104.151929,
          30.625603
        ]
      },
      "properties": {
        "name": "陀罗瑜伽馆",
        "category": "sports",
        "type": "体育休闲服务;运动场馆;健身中心",
        "district": "成华区",
        "weight": 1
      }
    },
    {
      "type": "Feature",
      "geometry": {
        "type": "Point",
        "coordinates": [
          104.158209,
          30.629175
        ]
      },
      "properties": {
        "name": "倾力健身工作室",
        "category": "sports",
        "type": "体育休闲服务;运动场馆;健身中心",
        "district": "成华区",
        "weight": 1
      }
    },
    {
      "type": "Feature",
      "geometry": {
        "type": "Point",
        "coordinates": [
          103.96556,
          30.614551
        ]
      },
      "properties": {
        "name": "花语休闲",
        "category": "sports",
        "type": "体育休闲服务;娱乐场所;棋牌室",
        "district": "武侯区",
        "weight": 4
      }
    },
    {
      "type": "Feature",
      "geometry": {
        "type": "Point",
        "coordinates": [
          103.968655,
          30.611659
        ]
      },
      "properties": {
        "name": "尊上网咖",
        "category": "sports",
        "type": "体育休闲服务;娱乐场所;网吧",
        "district": "武侯区",
        "weight": 3
      }
    },
    {
      "type": "Feature",
      "geometry": {
        "type": "Point",
        "coordinates": [
          103.970512,
          30.61134
        ]
      },
      "properties": {
        "name": "自由空间网吧(草金路南段)",
        "category": "sports",
        "type": "体育休闲服务;娱乐场所;网吧",
        "district": "武侯区",
        "weight": 1
      }
    },
    {
      "type": "Feature",
      "geometry": {
        "type": "Point",
        "coordinates": [
          103.966534,
          30.61316
        ]
      },
      "properties": {
        "name": "黑洞网吧",
        "category": "sports",
        "type": "体育休闲服务;娱乐场所;网吧",
        "district": "武侯区",
        "weight": 4
      }
    },
    {
      "type": "Feature",
      "geometry": {
        "type": "Point",
        "coordinates": [
          103.967618,
          30.619552
        ]
      },
      "properties": {
        "name": "机车码头俱乐部",
        "category": "sports",
        "type": "体育休闲服务;体育休闲服务场所;体育休闲服务场所",
        "district": "武侯区",
        "weight": 1
      }
    },
    {
      "type": "Feature",
      "geometry": {
        "type": "Point",
        "coordinates": [
          103.971563,
          30.613189
        ]
      },
      "properties": {
        "name": "七里村老年活动中心",
        "category": "sports",
        "type": "体育休闲服务;休闲场所;休闲场所",
        "district": "武侯区",
        "weight": 1
      }
    },
    {
      "type": "Feature",
      "geometry": {
        "type": "Point",
        "coordinates": [
          103.96981,
          30.617453
        ]
      },
      "properties": {
        "name": "巷子老年活动中心",
        "category": "sports",
        "type": "体育休闲服务;休闲场所;休闲场所",
        "district": "武侯区",
        "weight": 1
      }
    },
    {
      "type": "Feature",
      "geometry": {
        "type": "Point",
        "coordinates": [
          103.971186,
          30.619326
        ]
      },
      "properties": {
        "name": "食圣生态园",
        "category": "sports",
        "type": "体育休闲服务;度假疗养场所;度假村",
        "district": "武侯区",
        "weight": 1
      }
    },
    {
      "type": "Feature",
      "geometry": {
        "type": "Point",
        "coordinates": [
          103.984054,
          30.612761
        ]
      },
      "properties": {
        "name": "阳光商务会所",
        "category": "sports",
        "type": "体育休闲服务;娱乐场所;娱乐场所",
        "district": "武侯区",
        "weight": 5
      }
    },
    {
      "type": "Feature",
      "geometry": {
        "type": "Point",
        "coordinates": [
          103.975471,
          30.615324
        ]
      },
      "properties": {
        "name": "白天鹅娱乐会所",
        "category": "sports",
        "type": "体育休闲服务;休闲场所;休闲场所",
        "district": "武侯区",
        "weight": 1
      }
    },
    {
      "type": "Feature",
      "geometry": {
        "type": "Point",
        "coordinates": [
          103.983497,
          30.618701
        ]
      },
      "properties": {
        "name": "新芒果网咖",
        "category": "sports",
        "type": "体育休闲服务;娱乐场所;网吧",
        "district": "武侯区",
        "weight": 1
      }
    },
    {
      "type": "Feature",
      "geometry": {
        "type": "Point",
        "coordinates": [
          103.988363,
          30.615731
        ]
      },
      "properties": {
        "name": "成都市武侯区铁佛养老院",
        "category": "sports",
        "type": "体育休闲服务;度假疗养场所;疗养院",
        "district": "武侯区",
        "weight": 2
      }
    },
    {
      "type": "Feature",
      "geometry": {
        "type": "Point",
        "coordinates": [
          103.987823,
          30.614338
        ]
      },
      "properties": {
        "name": "十年网吧(铁佛路)",
        "category": "sports",
        "type": "体育休闲服务;娱乐场所;网吧",
        "district": "武侯区",
        "weight": 1
      }
    },
    {
      "type": "Feature",
      "geometry": {
        "type": "Point",
        "coordinates": [
          103.9884,
          30.610164
        ]
      },
      "properties": {
        "name": "游乐场",
        "category": "sports",
        "type": "体育休闲服务;休闲场所;游乐场",
        "district": "武侯区",
        "weight": 2
      }
    },
    {
      "type": "Feature",
      "geometry": {
        "type": "Point",
        "coordinates": [
          103.989932,
          30.610423
        ]
      },
      "properties": {
        "name": "尚·花影网络体验馆",
        "category": "sports",
        "type": "体育休闲服务;娱乐场所;网吧",
        "district": "武侯区",
        "weight": 1
      }
    },
    {
      "type": "Feature",
      "geometry": {
        "type": "Point",
        "coordinates": [
          103.991916,
          30.61232
        ]
      },
      "properties": {
        "name": "狗狗网络生活馆",
        "category": "sports",
        "type": "体育休闲服务;娱乐场所;网吧",
        "district": "武侯区",
        "weight": 2
      }
    },
    {
      "type": "Feature",
      "geometry": {
        "type": "Point",
        "coordinates": [
          103.989489,
          30.613419
        ]
      },
      "properties": {
        "name": "鹏程乒乓球爱好者新家",
        "category": "sports",
        "type": "体育休闲服务;体育休闲服务场所;体育休闲服务场所",
        "district": "武侯区",
        "weight": 1
      }
    },
    {
      "type": "Feature",
      "geometry": {
        "type": "Point",
        "coordinates": [
          103.993662,
          30.609787
        ]
      },
      "properties": {
        "name": "武侯区簇桥街道综合文化活动中心",
        "category": "sports",
        "type": "体育休闲服务;休闲场所;休闲场所",
        "district": "武侯区",
        "weight": 1
      }
    },
    {
      "type": "Feature",
      "geometry": {
        "type": "Point",
        "coordinates": [
          103.99386,
          30.614077
        ]
      },
      "properties": {
        "name": "安吉休闲会所",
        "category": "sports",
        "type": "体育休闲服务;体育休闲服务场所;体育休闲服务场所",
        "district": "武侯区",
        "weight": 1
      }
    },
    {
      "type": "Feature",
      "geometry": {
        "type": "Point",
        "coordinates": [
          103.994574,
          30.612324
        ]
      },
      "properties": {
        "name": "参木游泳场",
        "category": "sports",
        "type": "体育休闲服务;运动场馆;游泳馆",
        "district": "武侯区",
        "weight": 4
      }
    },
    {
      "type": "Feature",
      "geometry": {
        "type": "Point",
        "coordinates": [
          103.995674,
          30.610364
        ]
      },
      "properties": {
        "name": "星动在线网吧",
        "category": "sports",
        "type": "体育休闲服务;娱乐场所;网吧",
        "district": "武侯区",
        "weight": 4
      }
    },
    {
      "type": "Feature",
      "geometry": {
        "type": "Point",
        "coordinates": [
          104.003404,
          30.615864
        ]
      },
      "properties": {
        "name": "2号厅",
        "category": "sports",
        "type": "体育休闲服务;体育休闲服务场所;体育休闲服务场所",
        "district": "武侯区",
        "weight": 1
      }
    },
    {
      "type": "Feature",
      "geometry": {
        "type": "Point",
        "coordinates": [
          103.997489,
          30.610147
        ]
      },
      "properties": {
        "name": "廖姐麻将室",
        "category": "sports",
        "type": "体育休闲服务;娱乐场所;棋牌室",
        "district": "武侯区",
        "weight": 1
      }
    },
    {
      "type": "Feature",
      "geometry": {
        "type": "Point",
        "coordinates": [
          104.009274,
          30.614555
        ]
      },
      "properties": {
        "name": "梦港之夜",
        "category": "sports",
        "type": "体育休闲服务;体育休闲服务场所;体育休闲服务场所",
        "district": "武侯区",
        "weight": 1
      }
    },
    {
      "type": "Feature",
      "geometry": {
        "type": "Point",
        "coordinates": [
          104.009553,
          30.611253
        ]
      },
      "properties": {
        "name": "昌都大世界网吧",
        "category": "sports",
        "type": "体育休闲服务;娱乐场所;网吧",
        "district": "武侯区",
        "weight": 1
      }
    },
    {
      "type": "Feature",
      "geometry": {
        "type": "Point",
        "coordinates": [
          104.019294,
          30.617364
        ]
      },
      "properties": {
        "name": "幻缘网吧",
        "category": "sports",
        "type": "体育休闲服务;娱乐场所;网吧",
        "district": "武侯区",
        "weight": 1
      }
    },
    {
      "type": "Feature",
      "geometry": {
        "type": "Point",
        "coordinates": [
          104.018232,
          30.618859
        ]
      },
      "properties": {
        "name": "顺心桌球场",
        "category": "sports",
        "type": "体育休闲服务;运动场馆;台球厅",
        "district": "武侯区",
        "weight": 3
      }
    },
    {
      "type": "Feature",
      "geometry": {
        "type": "Point",
        "coordinates": [
          104.022568,
          30.6191
        ]
      },
      "properties": {
        "name": "维克特青少年足球俱乐部",
        "category": "sports",
        "type": "体育休闲服务;运动场馆;足球场",
        "district": "武侯区",
        "weight": 1
      }
    },
    {
      "type": "Feature",
      "geometry": {
        "type": "Point",
        "coordinates": [
          104.022392,
          30.610127
        ]
      },
      "properties": {
        "name": "四川省棒垒曲运动管理中心棒垒球场",
        "category": "sports",
        "type": "体育休闲服务;运动场馆;运动场所",
        "district": "武侯区",
        "weight": 1
      }
    },
    {
      "type": "Feature",
      "geometry": {
        "type": "Point",
        "coordinates": [
          104.014993,
          30.618164
        ]
      },
      "properties": {
        "name": "代友棋牌室",
        "category": "sports",
        "type": "体育休闲服务;娱乐场所;棋牌室",
        "district": "武侯区",
        "weight": 1
      }
    },
    {
      "type": "Feature",
      "geometry": {
        "type": "Point",
        "coordinates": [
          104.024322,
          30.612385
        ]
      },
      "properties": {
        "name": "老怡都夜总会",
        "category": "sports",
        "type": "体育休闲服务;娱乐场所;夜总会",
        "district": "武侯区",
        "weight": 2
      }
    },
    {
      "type": "Feature",
      "geometry": {
        "type": "Point",
        "coordinates": [
          104.03795,
          30.613454
        ]
      },
      "properties": {
        "name": "瑞宏乒乓球馆",
        "category": "sports",
        "type": "体育休闲服务;运动场馆;乒乓球馆",
        "district": "武侯区",
        "weight": 4
      }
    },
    {
      "type": "Feature",
      "geometry": {
        "type": "Point",
        "coordinates": [
          104.034426,
          30.614638
        ]
      },
      "properties": {
        "name": "鸿之翔羽毛球中心",
        "category": "sports",
        "type": "体育休闲服务;运动场馆;羽毛球场",
        "district": "武侯区",
        "weight": 1
      }
    },
    {
      "type": "Feature",
      "geometry": {
        "type": "Point",
        "coordinates": [
          104.038288,
          30.615429
        ]
      },
      "properties": {
        "name": "如果酒馆",
        "category": "sports",
        "type": "体育休闲服务;娱乐场所;酒吧",
        "district": "武侯区",
        "weight": 2
      }
    },
    {
      "type": "Feature",
      "geometry": {
        "type": "Point",
        "coordinates": [
          104.036168,
          30.612251
        ]
      },
      "properties": {
        "name": "讯达游泳池(玲珑南域)",
        "category": "sports",
        "type": "体育休闲服务;运动场馆;游泳馆",
        "district": "武侯区",
        "weight": 2
      }
    },
    {
      "type": "Feature",
      "geometry": {
        "type": "Point",
        "coordinates": [
          104.03646,
          30.61045
        ]
      },
      "properties": {
        "name": "提莫网咖",
        "category": "sports",
        "type": "体育休闲服务;娱乐场所;网吧",
        "district": "武侯区",
        "weight": 5
      }
    },
    {
      "type": "Feature",
      "geometry": {
        "type": "Point",
        "coordinates": [
          104.038525,
          30.611192
        ]
      },
      "properties": {
        "name": "高新区养老院",
        "category": "sports",
        "type": "体育休闲服务;体育休闲服务场所;体育休闲服务场所",
        "district": "武侯区",
        "weight": 1
      }
    },
    {
      "type": "Feature",
      "geometry": {
        "type": "Point",
        "coordinates": [
          104.040905,
          30.616335
        ]
      },
      "properties": {
        "name": "阳光家园党员活动中心",
        "category": "sports",
        "type": "体育休闲服务;体育休闲服务场所;体育休闲服务场所",
        "district": "武侯区",
        "weight": 2
      }
    },
    {
      "type": "Feature",
      "geometry": {
        "type": "Point",
        "coordinates": [
          104.042238,
          30.617751
        ]
      },
      "properties": {
        "name": "伽梵瑜伽(神仙树店)",
        "category": "sports",
        "type": "体育休闲服务;运动场馆;健身中心",
        "district": "武侯区",
        "weight": 1
      }
    },
    {
      "type": "Feature",
      "geometry": {
        "type": "Point",
        "coordinates": [
          104.036856,
          30.616101
        ]
      },
      "properties": {
        "name": "红支祥羽毛球馆",
        "category": "sports",
        "type": "体育休闲服务;运动场馆;羽毛球场",
        "district": "武侯区",
        "weight": 1
      }
    },
    {
      "type": "Feature",
      "geometry": {
        "type": "Point",
        "coordinates": [
          104.035005,
          30.611934
        ]
      },
      "properties": {
        "name": "晓晓机麻",
        "category": "sports",
        "type": "体育休闲服务;娱乐场所;棋牌室",
        "district": "武侯区",
        "weight": 1
      }
    },
    {
      "type": "Feature",
      "geometry": {
        "type": "Point",
        "coordinates": [
          104.04327,
          30.617367
        ]
      },
      "properties": {
        "name": "迪乐泥游乐场",
        "category": "sports",
        "type": "体育休闲服务;休闲场所;游乐场",
        "district": "武侯区",
        "weight": 1
      }
    },
    {
      "type": "Feature",
      "geometry": {
        "type": "Point",
        "coordinates": [
          104.047528,
          30.617034
        ]
      },
      "properties": {
        "name": "村根",
        "category": "sports",
        "type": "体育休闲服务;娱乐场所;酒吧",
        "district": "武侯区",
        "weight": 10
      }
    },
    {
      "type": "Feature",
      "geometry": {
        "type": "Point",
        "coordinates": [
          104.053434,
          30.618227
        ]
      },
      "properties": {
        "name": "恒星",
        "category": "sports",
        "type": "体育休闲服务;娱乐场所;酒吧",
        "district": "武侯区",
        "weight": 34
      }
    },
    {
      "type": "Feature",
      "geometry": {
        "type": "Point",
        "coordinates": [
          104.04842,
          30.615026
        ]
      },
      "properties": {
        "name": "素语茶舍",
        "category": "sports",
        "type": "体育休闲服务;娱乐场所;棋牌室|餐饮服务;茶艺馆;茶艺馆",
        "district": "武侯区",
        "weight": 2
      }
    },
    {
      "type": "Feature",
      "geometry": {
        "type": "Point",
        "coordinates": [
          104.052351,
          30.615503
        ]
      },
      "properties": {
        "name": "玛玛珂游泳馆",
        "category": "sports",
        "type": "体育休闲服务;运动场馆;游泳馆",
        "district": "武侯区",
        "weight": 5
      }
    },
    {
      "type": "Feature",
      "geometry": {
        "type": "Point",
        "coordinates": [
          104.044145,
          30.616114
        ]
      },
      "properties": {
        "name": "很温游泳馆",
        "category": "sports",
        "type": "体育休闲服务;运动场馆;游泳馆",
        "district": "武侯区",
        "weight": 2
      }
    },
    {
      "type": "Feature",
      "geometry": {
        "type": "Point",
        "coordinates": [
          104.045802,
          30.61885
        ]
      },
      "properties": {
        "name": "奥恩健身",
        "category": "sports",
        "type": "体育休闲服务;运动场馆;健身中心",
        "district": "武侯区",
        "weight": 2
      }
    },
    {
      "type": "Feature",
      "geometry": {
        "type": "Point",
        "coordinates": [
          104.050162,
          30.612873
        ]
      },
      "properties": {
        "name": "蓝球场",
        "category": "sports",
        "type": "体育休闲服务;运动场馆;运动场所",
        "district": "武侯区",
        "weight": 1
      }
    },
    {
      "type": "Feature",
      "geometry": {
        "type": "Point",
        "coordinates": [
          104.04719,
          30.613265
        ]
      },
      "properties": {
        "name": "Matata cocktail&whisky bar",
        "category": "sports",
        "type": "体育休闲服务;娱乐场所;酒吧",
        "district": "武侯区",
        "weight": 1
      }
    },
    {
      "type": "Feature",
      "geometry": {
        "type": "Point",
        "coordinates": [
          104.051371,
          30.616999
        ]
      },
      "properties": {
        "name": "劲道轮滑俱乐部",
        "category": "sports",
        "type": "体育休闲服务;运动场馆;运动场所",
        "district": "武侯区",
        "weight": 1
      }
    },
    {
      "type": "Feature",
      "geometry": {
        "type": "Point",
        "coordinates": [
          104.04628,
          30.615526
        ]
      },
      "properties": {
        "name": "绿氧健身中心",
        "category": "sports",
        "type": "体育休闲服务;运动场馆;健身中心",
        "district": "武侯区",
        "weight": 2
      }
    },
    {
      "type": "Feature",
      "geometry": {
        "type": "Point",
        "coordinates": [
          104.0449,
          30.611963
        ]
      },
      "properties": {
        "name": "爱尚瑜伽馆",
        "category": "sports",
        "type": "体育休闲服务;运动场馆;健身中心",
        "district": "武侯区",
        "weight": 1
      }
    },
    {
      "type": "Feature",
      "geometry": {
        "type": "Point",
        "coordinates": [
          104.051114,
          30.6133
        ]
      },
      "properties": {
        "name": "祥云棋牌室(紫薇东路)",
        "category": "sports",
        "type": "体育休闲服务;娱乐场所;棋牌室",
        "district": "武侯区",
        "weight": 1
      }
    },
    {
      "type": "Feature",
      "geometry": {
        "type": "Point",
        "coordinates": [
          104.045366,
          30.610586
        ]
      },
      "properties": {
        "name": "创博高尔夫(新阵地店)",
        "category": "sports",
        "type": "体育休闲服务;高尔夫相关;高尔夫相关",
        "district": "武侯区",
        "weight": 1
      }
    },
    {
      "type": "Feature",
      "geometry": {
        "type": "Point",
        "coordinates": [
          104.052932,
          30.613615
        ]
      },
      "properties": {
        "name": "翔宇花园会所",
        "category": "sports",
        "type": "体育休闲服务;体育休闲服务场所;体育休闲服务场所",
        "district": "武侯区",
        "weight": 1
      }
    },
    {
      "type": "Feature",
      "geometry": {
        "type": "Point",
        "coordinates": [
          104.058769,
          30.610354
        ]
      },
      "properties": {
        "name": "君爵·KTV",
        "category": "sports",
        "type": "体育休闲服务;娱乐场所;KTV",
        "district": "武侯区",
        "weight": 1
      }
    },
    {
      "type": "Feature",
      "geometry": {
        "type": "Point",
        "coordinates": [
          104.063271,
          30.614587
        ]
      },
      "properties": {
        "name": "婵悦会",
        "category": "sports",
        "type": "体育休闲服务;体育休闲服务场所;体育休闲服务场所",
        "district": "武侯区",
        "weight": 15
      }
    },
    {
      "type": "Feature",
      "geometry": {
        "type": "Point",
        "coordinates": [
          104.056715,
          30.610718
        ]
      },
      "properties": {
        "name": "鑫港网咖",
        "category": "sports",
        "type": "体育休闲服务;娱乐场所;网吧",
        "district": "武侯区",
        "weight": 1
      }
    },
    {
      "type": "Feature",
      "geometry": {
        "type": "Point",
        "coordinates": [
          104.063779,
          30.611648
        ]
      },
      "properties": {
        "name": "白玫瑰",
        "category": "sports",
        "type": "体育休闲服务;娱乐场所;娱乐场所",
        "district": "武侯区",
        "weight": 7
      }
    },
    {
      "type": "Feature",
      "geometry": {
        "type": "Point",
        "coordinates": [
          104.063146,
          30.618951
        ]
      },
      "properties": {
        "name": "放肆轰趴馆",
        "category": "sports",
        "type": "体育休闲服务;娱乐场所;KTV",
        "district": "武侯区",
        "weight": 9
      }
    },
    {
      "type": "Feature",
      "geometry": {
        "type": "Point",
        "coordinates": [
          104.058331,
          30.613732
        ]
      },
      "properties": {
        "name": "澜谷",
        "category": "sports",
        "type": "体育休闲服务;娱乐场所;酒吧",
        "district": "武侯区",
        "weight": 8
      }
    },
    {
      "type": "Feature",
      "geometry": {
        "type": "Point",
        "coordinates": [
          104.054456,
          30.61078
        ]
      },
      "properties": {
        "name": "AK47进口啤酒吧",
        "category": "sports",
        "type": "体育休闲服务;娱乐场所;酒吧",
        "district": "武侯区",
        "weight": 1
      }
    },
    {
      "type": "Feature",
      "geometry": {
        "type": "Point",
        "coordinates": [
          104.059693,
          30.617933
        ]
      },
      "properties": {
        "name": "锦绣花园网球场",
        "category": "sports",
        "type": "体育休闲服务;运动场馆;网球场",
        "district": "武侯区",
        "weight": 1
      }
    },
    {
      "type": "Feature",
      "geometry": {
        "type": "Point",
        "coordinates": [
          104.054956,
          30.615814
        ]
      },
      "properties": {
        "name": "成都易美网球俱乐部",
        "category": "sports",
        "type": "体育休闲服务;运动场馆;网球场",
        "district": "武侯区",
        "weight": 1
      }
    },
    {
      "type": "Feature",
      "geometry": {
        "type": "Point",
        "coordinates": [
          104.061454,
          30.615503
        ]
      },
      "properties": {
        "name": "芳草地老年活动站",
        "category": "sports",
        "type": "体育休闲服务;休闲场所;休闲场所",
        "district": "武侯区",
        "weight": 1
      }
    },
    {
      "type": "Feature",
      "geometry": {
        "type": "Point",
        "coordinates": [
          104.056366,
          30.615584
        ]
      },
      "properties": {
        "name": "衡武会馆(桐梓林店)",
        "category": "sports",
        "type": "体育休闲服务;运动场馆;健身中心",
        "district": "武侯区",
        "weight": 1
      }
    },
    {
      "type": "Feature",
      "geometry": {
        "type": "Point",
        "coordinates": [
          104.055338,
          30.613221
        ]
      },
      "properties": {
        "name": "新加坡花园游泳馆",
        "category": "sports",
        "type": "体育休闲服务;运动场馆;游泳馆",
        "district": "武侯区",
        "weight": 1
      }
    },
    {
      "type": "Feature",
      "geometry": {
        "type": "Point",
        "coordinates": [
          104.058182,
          30.612049
        ]
      },
      "properties": {
        "name": "火车南站社区活动中心",
        "category": "sports",
        "type": "体育休闲服务;休闲场所;休闲场所",
        "district": "武侯区",
        "weight": 1
      }
    },
    {
      "type": "Feature",
      "geometry": {
        "type": "Point",
        "coordinates": [
          104.069666,
          30.614631
        ]
      },
      "properties": {
        "name": "调酒师",
        "category": "sports",
        "type": "体育休闲服务;娱乐场所;酒吧",
        "district": "武侯区",
        "weight": 5
      }
    },
    {
      "type": "Feature",
      "geometry": {
        "type": "Point",
        "coordinates": [
          104.065578,
          30.611635
        ]
      },
      "properties": {
        "name": "米乐星世界KTV(南门店)",
        "category": "sports",
        "type": "体育休闲服务;娱乐场所;KTV",
        "district": "武侯区",
        "weight": 2
      }
    },
    {
      "type": "Feature",
      "geometry": {
        "type": "Point",
        "coordinates": [
          104.06523,
          30.61304
        ]
      },
      "properties": {
        "name": "天黑小屋",
        "category": "sports",
        "type": "体育休闲服务;娱乐场所;游戏厅",
        "district": "武侯区",
        "weight": 5
      }
    },
    {
      "type": "Feature",
      "geometry": {
        "type": "Point",
        "coordinates": [
          104.072789,
          30.618396
        ]
      },
      "properties": {
        "name": "必爱体健身房",
        "category": "sports",
        "type": "体育休闲服务;体育休闲服务场所;体育休闲服务场所",
        "district": "武侯区",
        "weight": 2
      }
    },
    {
      "type": "Feature",
      "geometry": {
        "type": "Point",
        "coordinates": [
          104.068296,
          30.615064
        ]
      },
      "properties": {
        "name": "名士公馆游泳池",
        "category": "sports",
        "type": "体育休闲服务;运动场馆;游泳馆",
        "district": "武侯区",
        "weight": 1
      }
    },
    {
      "type": "Feature",
      "geometry": {
        "type": "Point",
        "coordinates": [
          104.071059,
          30.614858
        ]
      },
      "properties": {
        "name": "理想网咖(长寿路)",
        "category": "sports",
        "type": "体育休闲服务;娱乐场所;网吧",
        "district": "武侯区",
        "weight": 1
      }
    },
    {
      "type": "Feature",
      "geometry": {
        "type": "Point",
        "coordinates": [
          104.065356,
          30.614746
        ]
      },
      "properties": {
        "name": "90密室逃脱",
        "category": "sports",
        "type": "体育休闲服务;娱乐场所;娱乐场所",
        "district": "武侯区",
        "weight": 2
      }
    },
    {
      "type": "Feature",
      "geometry": {
        "type": "Point",
        "coordinates": [
          104.073442,
          30.611148
        ]
      },
      "properties": {
        "name": "荣耀网咖会所",
        "category": "sports",
        "type": "体育休闲服务;娱乐场所;网吧",
        "district": "武侯区",
        "weight": 1
      }
    },
    {
      "type": "Feature",
      "geometry": {
        "type": "Point",
        "coordinates": [
          104.065324,
          30.616908
        ]
      },
      "properties": {
        "name": "1992轰趴馆(派对俱乐部)",
        "category": "sports",
        "type": "体育休闲服务;体育休闲服务场所;体育休闲服务场所",
        "district": "武侯区",
        "weight": 2
      }
    },
    {
      "type": "Feature",
      "geometry": {
        "type": "Point",
        "coordinates": [
          104.065557,
          30.618395
        ]
      },
      "properties": {
        "name": "原力健身工作室",
        "category": "sports",
        "type": "体育休闲服务;运动场馆;健身中心",
        "district": "武侯区",
        "weight": 1
      }
    },
    {
      "type": "Feature",
      "geometry": {
        "type": "Point",
        "coordinates": [
          104.067884,
          30.616664
        ]
      },
      "properties": {
        "name": "元虎健身",
        "category": "sports",
        "type": "体育休闲服务;运动场馆;健身中心",
        "district": "武侯区",
        "weight": 1
      }
    },
    {
      "type": "Feature",
      "geometry": {
        "type": "Point",
        "coordinates": [
          104.072136,
          30.611289
        ]
      },
      "properties": {
        "name": "长寿苑社区综合文化活动室",
        "category": "sports",
        "type": "体育休闲服务;娱乐场所;娱乐场所",
        "district": "武侯区",
        "weight": 1
      }
    },
    {
      "type": "Feature",
      "geometry": {
        "type": "Point",
        "coordinates": [
          104.072705,
          30.614266
        ]
      },
      "properties": {
        "name": "罗四麻将馆",
        "category": "sports",
        "type": "体育休闲服务;娱乐场所;棋牌室",
        "district": "武侯区",
        "weight": 1
      }
    },
    {
      "type": "Feature",
      "geometry": {
        "type": "Point",
        "coordinates": [
          104.079385,
          30.614674
        ]
      },
      "properties": {
        "name": "芙蓉风情(成都总店)",
        "category": "sports",
        "type": "餐饮服务;中餐厅;中餐厅|体育休闲服务;娱乐场所;娱乐场所|餐饮服务;茶艺馆;茶艺馆",
        "district": "武侯区",
        "weight": 1
      }
    },
    {
      "type": "Feature",
      "geometry": {
        "type": "Point",
        "coordinates": [
          104.080789,
          30.613918
        ]
      },
      "properties": {
        "name": "夜雨酒馆",
        "category": "sports",
        "type": "体育休闲服务;娱乐场所;酒吧",
        "district": "武侯区",
        "weight": 6
      }
    },
    {
      "type": "Feature",
      "geometry": {
        "type": "Point",
        "coordinates": [
          104.077155,
          30.615657
        ]
      },
      "properties": {
        "name": "古德菲力健身",
        "category": "sports",
        "type": "体育休闲服务;运动场馆;健身中心",
        "district": "武侯区",
        "weight": 4
      }
    },
    {
      "type": "Feature",
      "geometry": {
        "type": "Point",
        "coordinates": [
          104.080099,
          30.617129
        ]
      },
      "properties": {
        "name": "康乐游戏室",
        "category": "sports",
        "type": "体育休闲服务;娱乐场所;游戏厅",
        "district": "武侯区",
        "weight": 6
      }
    },
    {
      "type": "Feature",
      "geometry": {
        "type": "Point",
        "coordinates": [
          104.081553,
          30.615818
        ]
      },
      "properties": {
        "name": "风暴搏击",
        "category": "sports",
        "type": "体育休闲服务;运动场馆;运动场所",
        "district": "武侯区",
        "weight": 1
      }
    },
    {
      "type": "Feature",
      "geometry": {
        "type": "Point",
        "coordinates": [
          104.079676,
          30.610911
        ]
      },
      "properties": {
        "name": "阳光春天游泳池",
        "category": "sports",
        "type": "体育休闲服务;运动场馆;游泳馆",
        "district": "武侯区",
        "weight": 2
      }
    },
    {
      "type": "Feature",
      "geometry": {
        "type": "Point",
        "coordinates": [
          104.078458,
          30.610164
        ]
      },
      "properties": {
        "name": "紫丹荼府",
        "category": "sports",
        "type": "体育休闲服务;体育休闲服务场所;体育休闲服务场所",
        "district": "武侯区",
        "weight": 6
      }
    },
    {
      "type": "Feature",
      "geometry": {
        "type": "Point",
        "coordinates": [
          104.075704,
          30.611272
        ]
      },
      "properties": {
        "name": "瑞宸会所",
        "category": "sports",
        "type": "体育休闲服务;娱乐场所;娱乐场所",
        "district": "武侯区",
        "weight": 3
      }
    },
    {
      "type": "Feature",
      "geometry": {
        "type": "Point",
        "coordinates": [
          104.075322,
          30.614694
        ]
      },
      "properties": {
        "name": "天天台球会所",
        "category": "sports",
        "type": "体育休闲服务;运动场馆;台球厅",
        "district": "武侯区",
        "weight": 2
      }
    },
    {
      "type": "Feature",
      "geometry": {
        "type": "Point",
        "coordinates": [
          104.074421,
          30.616493
        ]
      },
      "properties": {
        "name": "鲸鱼肚西餐酒吧(科华店)",
        "category": "sports",
        "type": "体育休闲服务;娱乐场所;酒吧",
        "district": "武侯区",
        "weight": 1
      }
    },
    {
      "type": "Feature",
      "geometry": {
        "type": "Point",
        "coordinates": [
          104.082234,
          30.613436
        ]
      },
      "properties": {
        "name": "享誉健身馆",
        "category": "sports",
        "type": "体育休闲服务;运动场馆;健身中心",
        "district": "武侯区",
        "weight": 2
      }
    },
    {
      "type": "Feature",
      "geometry": {
        "type": "Point",
        "coordinates": [
          104.078151,
          30.611926
        ]
      },
      "properties": {
        "name": "夏洛克之约",
        "category": "sports",
        "type": "体育休闲服务;体育休闲服务场所;体育休闲服务场所",
        "district": "武侯区",
        "weight": 3
      }
    },
    {
      "type": "Feature",
      "geometry": {
        "type": "Point",
        "coordinates": [
          104.074916,
          30.613066
        ]
      },
      "properties": {
        "name": "捷华达网城",
        "category": "sports",
        "type": "体育休闲服务;娱乐场所;网吧",
        "district": "武侯区",
        "weight": 4
      }
    },
    {
      "type": "Feature",
      "geometry": {
        "type": "Point",
        "coordinates": [
          104.080281,
          30.618729
        ]
      },
      "properties": {
        "name": "一颗树棋牌娱乐",
        "category": "sports",
        "type": "体育休闲服务;娱乐场所;棋牌室",
        "district": "武侯区",
        "weight": 1
      }
    },
    {
      "type": "Feature",
      "geometry": {
        "type": "Point",
        "coordinates": [
          104.075335,
          30.609476
        ]
      },
      "properties": {
        "name": "公主空中瑜伽连锁教室(火车南站店)",
        "category": "sports",
        "type": "体育休闲服务;运动场馆;健身中心",
        "district": "武侯区",
        "weight": 1
      }
    },
    {
      "type": "Feature",
      "geometry": {
        "type": "Point",
        "coordinates": [
          104.093015,
          30.615424
        ]
      },
      "properties": {
        "name": "翡翠城四期游泳池",
        "category": "sports",
        "type": "体育休闲服务;运动场馆;游泳馆",
        "district": "锦江区",
        "weight": 1
      }
    },
    {
      "type": "Feature",
      "geometry": {
        "type": "Point",
        "coordinates": [
          104.087395,
          30.614965
        ]
      },
      "properties": {
        "name": "蓝色空间翡翠城恒温游泳馆",
        "category": "sports",
        "type": "体育休闲服务;运动场馆;游泳馆",
        "district": "锦江区",
        "weight": 1
      }
    },
    {
      "type": "Feature",
      "geometry": {
        "type": "Point",
        "coordinates": [
          104.086592,
          30.619357
        ]
      },
      "properties": {
        "name": "东湖公园-网球场",
        "category": "sports",
        "type": "体育休闲服务;运动场馆;网球场",
        "district": "锦江区",
        "weight": 1
      }
    },
    {
      "type": "Feature",
      "geometry": {
        "type": "Point",
        "coordinates": [
          104.09004,
          30.618146
        ]
      },
      "properties": {
        "name": "时空引擎",
        "category": "sports",
        "type": "体育休闲服务;娱乐场所;网吧",
        "district": "锦江区",
        "weight": 2
      }
    },
    {
      "type": "Feature",
      "geometry": {
        "type": "Point",
        "coordinates": [
          104.089884,
          30.615571
        ]
      },
      "properties": {
        "name": "LOFT酒吧",
        "category": "sports",
        "type": "体育休闲服务;娱乐场所;酒吧",
        "district": "锦江区",
        "weight": 3
      }
    },
    {
      "type": "Feature",
      "geometry": {
        "type": "Point",
        "coordinates": [
          104.092445,
          30.617306
        ]
      },
      "properties": {
        "name": "懒人网咖",
        "category": "sports",
        "type": "体育休闲服务;娱乐场所;网吧",
        "district": "锦江区",
        "weight": 1
      }
    },
    {
      "type": "Feature",
      "geometry": {
        "type": "Point",
        "coordinates": [
          104.091479,
          30.613202
        ]
      },
      "properties": {
        "name": "心逸瑜伽",
        "category": "sports",
        "type": "体育休闲服务;运动场馆;健身中心",
        "district": "锦江区",
        "weight": 4
      }
    },
    {
      "type": "Feature",
      "geometry": {
        "type": "Point",
        "coordinates": [
          104.08995,
          30.614262
        ]
      },
      "properties": {
        "name": "本朴瑜伽",
        "category": "sports",
        "type": "体育休闲服务;运动场馆;健身中心",
        "district": "锦江区",
        "weight": 1
      }
    },
    {
      "type": "Feature",
      "geometry": {
        "type": "Point",
        "coordinates": [
          104.093018,
          30.616466
        ]
      },
      "properties": {
        "name": "花熊",
        "category": "sports",
        "type": "体育休闲服务;体育休闲服务场所;体育休闲服务场所",
        "district": "锦江区",
        "weight": 2
      }
    },
    {
      "type": "Feature",
      "geometry": {
        "type": "Point",
        "coordinates": [
          104.099328,
          30.618658
        ]
      },
      "properties": {
        "name": "光大休闲",
        "category": "sports",
        "type": "体育休闲服务;娱乐场所;棋牌室",
        "district": "锦江区",
        "weight": 1
      }
    },
    {
      "type": "Feature",
      "geometry": {
        "type": "Point",
        "coordinates": [
          104.101431,
          30.618565
        ]
      },
      "properties": {
        "name": "锦江区东光街道养老助残服务中心",
        "category": "sports",
        "type": "体育休闲服务;度假疗养场所;疗养院|生活服务;生活服务场所;生活服务场所",
        "district": "锦江区",
        "weight": 1
      }
    },
    {
      "type": "Feature",
      "geometry": {
        "type": "Point",
        "coordinates": [
          104.098556,
          30.60935
        ]
      },
      "properties": {
        "name": "壹加壹网吧",
        "category": "sports",
        "type": "体育休闲服务;娱乐场所;网吧",
        "district": "锦江区",
        "weight": 2
      }
    },
    {
      "type": "Feature",
      "geometry": {
        "type": "Point",
        "coordinates": [
          104.094645,
          30.610493
        ]
      },
      "properties": {
        "name": "康博游泳健身中心",
        "category": "sports",
        "type": "体育休闲服务;体育休闲服务场所;体育休闲服务场所",
        "district": "锦江区",
        "weight": 1
      }
    },
    {
      "type": "Feature",
      "geometry": {
        "type": "Point",
        "coordinates": [
          104.097737,
          30.617112
        ]
      },
      "properties": {
        "name": "党员活动室",
        "category": "sports",
        "type": "体育休闲服务;体育休闲服务场所;体育休闲服务场所",
        "district": "锦江区",
        "weight": 2
      }
    },
    {
      "type": "Feature",
      "geometry": {
        "type": "Point",
        "coordinates": [
          104.099924,
          30.617573
        ]
      },
      "properties": {
        "name": "我的音乐城堡",
        "category": "sports",
        "type": "体育休闲服务;体育休闲服务场所;体育休闲服务场所",
        "district": "锦江区",
        "weight": 2
      }
    },
    {
      "type": "Feature",
      "geometry": {
        "type": "Point",
        "coordinates": [
          104.09598,
          30.613389
        ]
      },
      "properties": {
        "name": "米亚瑜伽",
        "category": "sports",
        "type": "体育休闲服务;运动场馆;健身中心",
        "district": "锦江区",
        "weight": 1
      }
    },
    {
      "type": "Feature",
      "geometry": {
        "type": "Point",
        "coordinates": [
          104.102168,
          30.614085
        ]
      },
      "properties": {
        "name": "和舟俱乐部",
        "category": "sports",
        "type": "体育休闲服务;体育休闲服务场所;体育休闲服务场所",
        "district": "锦江区",
        "weight": 2
      }
    },
    {
      "type": "Feature",
      "geometry": {
        "type": "Point",
        "coordinates": [
          104.09922,
          30.614561
        ]
      },
      "properties": {
        "name": "三缺一",
        "category": "sports",
        "type": "体育休闲服务;娱乐场所;棋牌室",
        "district": "锦江区",
        "weight": 1
      }
    },
    {
      "type": "Feature",
      "geometry": {
        "type": "Point",
        "coordinates": [
          104.097271,
          30.61198
        ]
      },
      "properties": {
        "name": "红福棋牌",
        "category": "sports",
        "type": "体育休闲服务;娱乐场所;棋牌室",
        "district": "锦江区",
        "weight": 2
      }
    },
    {
      "type": "Feature",
      "geometry": {
        "type": "Point",
        "coordinates": [
          104.09551,
          30.611693
        ]
      },
      "properties": {
        "name": "康郡游泳馆",
        "category": "sports",
        "type": "体育休闲服务;运动场馆;游泳馆",
        "district": "锦江区",
        "weight": 1
      }
    },
    {
      "type": "Feature",
      "geometry": {
        "type": "Point",
        "coordinates": [
          104.110981,
          30.61903
        ]
      },
      "properties": {
        "name": "圣雅瑜伽馆",
        "category": "sports",
        "type": "体育休闲服务;运动场馆;健身中心",
        "district": "锦江区",
        "weight": 3
      }
    },
    {
      "type": "Feature",
      "geometry": {
        "type": "Point",
        "coordinates": [
          104.113292,
          30.613882
        ]
      },
      "properties": {
        "name": "橡树汇长者专顾中心",
        "category": "sports",
        "type": "体育休闲服务;度假疗养场所;疗养院",
        "district": "锦江区",
        "weight": 1
      }
    },
    {
      "type": "Feature",
      "geometry": {
        "type": "Point",
        "coordinates": [
          104.112374,
          30.614374
        ]
      },
      "properties": {
        "name": "科普活动室",
        "category": "sports",
        "type": "体育休闲服务;体育休闲服务场所;体育休闲服务场所",
        "district": "锦江区",
        "weight": 2
      }
    },
    {
      "type": "Feature",
      "geometry": {
        "type": "Point",
        "coordinates": [
          104.112151,
          30.611113
        ]
      },
      "properties": {
        "name": "沸城俱乐部",
        "category": "sports",
        "type": "体育休闲服务;体育休闲服务场所;体育休闲服务场所",
        "district": "锦江区",
        "weight": 3
      }
    },
    {
      "type": "Feature",
      "geometry": {
        "type": "Point",
        "coordinates": [
          104.111831,
          30.615356
        ]
      },
      "properties": {
        "name": "四川师范大学足球场",
        "category": "sports",
        "type": "体育休闲服务;运动场馆;足球场",
        "district": "锦江区",
        "weight": 1
      }
    },
    {
      "type": "Feature",
      "geometry": {
        "type": "Point",
        "coordinates": [
          104.113336,
          30.609441
        ]
      },
      "properties": {
        "name": "雅郡游泳池",
        "category": "sports",
        "type": "体育休闲服务;运动场馆;游泳馆",
        "district": "锦江区",
        "weight": 1
      }
    },
    {
      "type": "Feature",
      "geometry": {
        "type": "Point",
        "coordinates": [
          104.122294,
          30.611312
        ]
      },
      "properties": {
        "name": "四川师范大学体育场",
        "category": "sports",
        "type": "体育休闲服务;运动场馆;综合体育馆",
        "district": "锦江区",
        "weight": 4
      }
    },
    {
      "type": "Feature",
      "geometry": {
        "type": "Point",
        "coordinates": [
          104.114682,
          30.610036
        ]
      },
      "properties": {
        "name": "鑫泓纯K",
        "category": "sports",
        "type": "体育休闲服务;娱乐场所;KTV",
        "district": "锦江区",
        "weight": 8
      }
    },
    {
      "type": "Feature",
      "geometry": {
        "type": "Point",
        "coordinates": [
          104.119849,
          30.614803
        ]
      },
      "properties": {
        "name": "四川师范大学-篮球场",
        "category": "sports",
        "type": "体育休闲服务;运动场馆;篮球场馆",
        "district": "锦江区",
        "weight": 1
      }
    },
    {
      "type": "Feature",
      "geometry": {
        "type": "Point",
        "coordinates": [
          104.120799,
          30.618307
        ]
      },
      "properties": {
        "name": "网随心动网咖",
        "category": "sports",
        "type": "体育休闲服务;娱乐场所;网吧",
        "district": "锦江区",
        "weight": 3
      }
    },
    {
      "type": "Feature",
      "geometry": {
        "type": "Point",
        "coordinates": [
          104.122098,
          30.618429
        ]
      },
      "properties": {
        "name": "三鑫台球室",
        "category": "sports",
        "type": "体育休闲服务;运动场馆;台球厅",
        "district": "锦江区",
        "weight": 2
      }
    },
    {
      "type": "Feature",
      "geometry": {
        "type": "Point",
        "coordinates": [
          104.120148,
          30.611056
        ]
      },
      "properties": {
        "name": "离退休教职工和谐之家",
        "category": "sports",
        "type": "体育休闲服务;体育休闲服务场所;体育休闲服务场所",
        "district": "锦江区",
        "weight": 2
      }
    },
    {
      "type": "Feature",
      "geometry": {
        "type": "Point",
        "coordinates": [
          104.120622,
          30.613876
        ]
      },
      "properties": {
        "name": "四川师范大学第一运动场",
        "category": "sports",
        "type": "体育休闲服务;运动场馆;运动场所",
        "district": "锦江区",
        "weight": 1
      }
    },
    {
      "type": "Feature",
      "geometry": {
        "type": "Point",
        "coordinates": [
          104.122091,
          30.61298
        ]
      },
      "properties": {
        "name": "四川师范大学学生活动中心",
        "category": "sports",
        "type": "体育休闲服务;娱乐场所;娱乐场所",
        "district": "锦江区",
        "weight": 1
      }
    },
    {
      "type": "Feature",
      "geometry": {
        "type": "Point",
        "coordinates": [
          104.121983,
          30.614987
        ]
      },
      "properties": {
        "name": "四川师范大学台球室",
        "category": "sports",
        "type": "体育休闲服务;运动场馆;台球厅",
        "district": "锦江区",
        "weight": 3
      }
    },
    {
      "type": "Feature",
      "geometry": {
        "type": "Point",
        "coordinates": [
          104.115572,
          30.612577
        ]
      },
      "properties": {
        "name": "伽玥瑜伽(川师旗舰店)",
        "category": "sports",
        "type": "体育休闲服务;运动场馆;健身中心",
        "district": "锦江区",
        "weight": 1
      }
    },
    {
      "type": "Feature",
      "geometry": {
        "type": "Point",
        "coordinates": [
          104.118891,
          30.618817
        ]
      },
      "properties": {
        "name": "锦江区狮子山街道养老助残关爱中心",
        "category": "sports",
        "type": "体育休闲服务;度假疗养场所;疗养院",
        "district": "锦江区",
        "weight": 1
      }
    },
    {
      "type": "Feature",
      "geometry": {
        "type": "Point",
        "coordinates": [
          104.120739,
          30.615596
        ]
      },
      "properties": {
        "name": "川师狮子山校区羽毛球馆",
        "category": "sports",
        "type": "体育休闲服务;运动场馆;羽毛球场",
        "district": "锦江区",
        "weight": 1
      }
    },
    {
      "type": "Feature",
      "geometry": {
        "type": "Point",
        "coordinates": [
          104.133424,
          30.613551
        ]
      },
      "properties": {
        "name": "泷航体育(领域店)",
        "category": "sports",
        "type": "体育休闲服务;运动场馆;运动场所",
        "district": "锦江区",
        "weight": 1
      }
    },
    {
      "type": "Feature",
      "geometry": {
        "type": "Point",
        "coordinates": [
          104.127872,
          30.611931
        ]
      },
      "properties": {
        "name": "琳琳网吧",
        "category": "sports",
        "type": "体育休闲服务;娱乐场所;网吧",
        "district": "锦江区",
        "weight": 10
      }
    },
    {
      "type": "Feature",
      "geometry": {
        "type": "Point",
        "coordinates": [
          104.130329,
          30.610573
        ]
      },
      "properties": {
        "name": "艺境酒吧",
        "category": "sports",
        "type": "体育休闲服务;娱乐场所;酒吧",
        "district": "锦江区",
        "weight": 3
      }
    },
    {
      "type": "Feature",
      "geometry": {
        "type": "Point",
        "coordinates": [
          104.126449,
          30.613805
        ]
      },
      "properties": {
        "name": "奥乐奥儿童乐园(凯旋店)",
        "category": "sports",
        "type": "体育休闲服务;休闲场所;游乐场",
        "district": "锦江区",
        "weight": 1
      }
    },
    {
      "type": "Feature",
      "geometry": {
        "type": "Point",
        "coordinates": [
          104.129965,
          30.614673
        ]
      },
      "properties": {
        "name": "自由港网咖(国槐街)",
        "category": "sports",
        "type": "体育休闲服务;娱乐场所;网吧",
        "district": "锦江区",
        "weight": 1
      }
    },
    {
      "type": "Feature",
      "geometry": {
        "type": "Point",
        "coordinates": [
          104.132032,
          30.617008
        ]
      },
      "properties": {
        "name": "大观二期老年活动中心",
        "category": "sports",
        "type": "体育休闲服务;休闲场所;休闲场所",
        "district": "锦江区",
        "weight": 1
      }
    },
    {
      "type": "Feature",
      "geometry": {
        "type": "Point",
        "coordinates": [
          104.123621,
          30.617187
        ]
      },
      "properties": {
        "name": "七四三六工厂退休职工活动室",
        "category": "sports",
        "type": "体育休闲服务;休闲场所;休闲场所",
        "district": "锦江区",
        "weight": 1
      }
    },
    {
      "type": "Feature",
      "geometry": {
        "type": "Point",
        "coordinates": [
          104.131833,
          30.61222
        ]
      },
      "properties": {
        "name": "院落青少活动中心",
        "category": "sports",
        "type": "体育休闲服务;体育休闲服务场所;体育休闲服务场所",
        "district": "锦江区",
        "weight": 1
      }
    },
    {
      "type": "Feature",
      "geometry": {
        "type": "Point",
        "coordinates": [
          104.128501,
          30.617172
        ]
      },
      "properties": {
        "name": "初见网咖",
        "category": "sports",
        "type": "体育休闲服务;娱乐场所;网吧",
        "district": "锦江区",
        "weight": 1
      }
    },
    {
      "type": "Feature",
      "geometry": {
        "type": "Point",
        "coordinates": [
          104.133139,
          30.610997
        ]
      },
      "properties": {
        "name": "花香苑小区棋牌室",
        "category": "sports",
        "type": "体育休闲服务;娱乐场所;棋牌室",
        "district": "锦江区",
        "weight": 1
      }
    },
    {
      "type": "Feature",
      "geometry": {
        "type": "Point",
        "coordinates": [
          104.133937,
          30.610289
        ]
      },
      "properties": {
        "name": "蓝色沸点网吧(合欢树街)",
        "category": "sports",
        "type": "体育休闲服务;娱乐场所;网吧",
        "district": "锦江区",
        "weight": 1
      }
    },
    {
      "type": "Feature",
      "geometry": {
        "type": "Point",
        "coordinates": [
          104.141319,
          30.611443
        ]
      },
      "properties": {
        "name": "弥敦道7号电竞网咖",
        "category": "sports",
        "type": "体育休闲服务;娱乐场所;网吧",
        "district": "锦江区",
        "weight": 1
      }
    },
    {
      "type": "Feature",
      "geometry": {
        "type": "Point",
        "coordinates": [
          104.138386,
          30.611312
        ]
      },
      "properties": {
        "name": "香蕉网咖",
        "category": "sports",
        "type": "体育休闲服务;体育休闲服务场所;体育休闲服务场所",
        "district": "锦江区",
        "weight": 2
      }
    },
    {
      "type": "Feature",
      "geometry": {
        "type": "Point",
        "coordinates": [
          103.964859,
          30.607646
        ]
      },
      "properties": {
        "name": "情缘",
        "category": "sports",
        "type": "体育休闲服务;体育休闲服务场所;体育休闲服务场所",
        "district": "武侯区",
        "weight": 2
      }
    },
    {
      "type": "Feature",
      "geometry": {
        "type": "Point",
        "coordinates": [
          103.968869,
          30.609317
        ]
      },
      "properties": {
        "name": "勇者之城网吧(金花店)",
        "category": "sports",
        "type": "体育休闲服务;娱乐场所;网吧",
        "district": "武侯区",
        "weight": 1
      }
    },
    {
      "type": "Feature",
      "geometry": {
        "type": "Point",
        "coordinates": [
          103.966318,
          30.608864
        ]
      },
      "properties": {
        "name": "武侯区青少年跆拳道训练基地巴蜀武道金花分部",
        "category": "sports",
        "type": "体育休闲服务;运动场馆;跆拳道场馆",
        "district": "武侯区",
        "weight": 1
      }
    },
    {
      "type": "Feature",
      "geometry": {
        "type": "Point",
        "coordinates": [
          103.974807,
          30.601634
        ]
      },
      "properties": {
        "name": "天意网吧",
        "category": "sports",
        "type": "体育休闲服务;娱乐场所;网吧",
        "district": "武侯区",
        "weight": 2
      }
    },
    {
      "type": "Feature",
      "geometry": {
        "type": "Point",
        "coordinates": [
          103.98187,
          30.605534
        ]
      },
      "properties": {
        "name": "旋转木马",
        "category": "sports",
        "type": "体育休闲服务;休闲场所;游乐场",
        "district": "武侯区",
        "weight": 4
      }
    },
    {
      "type": "Feature",
      "geometry": {
        "type": "Point",
        "coordinates": [
          103.974845,
          30.604525
        ]
      },
      "properties": {
        "name": "好心情网吧(鞋都南三路)",
        "category": "sports",
        "type": "体育休闲服务;娱乐场所;网吧",
        "district": "武侯区",
        "weight": 1
      }
    },
    {
      "type": "Feature",
      "geometry": {
        "type": "Point",
        "coordinates": [
          103.983106,
          30.605351
        ]
      },
      "properties": {
        "name": "三藏网咖",
        "category": "sports",
        "type": "体育休闲服务;娱乐场所;网吧",
        "district": "武侯区",
        "weight": 2
      }
    },
    {
      "type": "Feature",
      "geometry": {
        "type": "Point",
        "coordinates": [
          103.980689,
          30.601784
        ]
      },
      "properties": {
        "name": "小马快跑",
        "category": "sports",
        "type": "体育休闲服务;休闲场所;游乐场",
        "district": "武侯区",
        "weight": 2
      }
    },
    {
      "type": "Feature",
      "geometry": {
        "type": "Point",
        "coordinates": [
          103.97778,
          30.608
        ]
      },
      "properties": {
        "name": "茶棋牌机麻",
        "category": "sports",
        "type": "体育休闲服务;体育休闲服务场所;体育休闲服务场所",
        "district": "武侯区",
        "weight": 1
      }
    },
    {
      "type": "Feature",
      "geometry": {
        "type": "Point",
        "coordinates": [
          103.976126,
          30.600112
        ]
      },
      "properties": {
        "name": "君子网咖",
        "category": "sports",
        "type": "体育休闲服务;娱乐场所;网吧",
        "district": "武侯区",
        "weight": 1
      }
    },
    {
      "type": "Feature",
      "geometry": {
        "type": "Point",
        "coordinates": [
          103.974528,
          30.602665
        ]
      },
      "properties": {
        "name": "三九棋牌室(鞋都南三路)",
        "category": "sports",
        "type": "体育休闲服务;娱乐场所;棋牌室",
        "district": "武侯区",
        "weight": 1
      }
    },
    {
      "type": "Feature",
      "geometry": {
        "type": "Point",
        "coordinates": [
          103.989945,
          30.603697
        ]
      },
      "properties": {
        "name": "康来休闲娱乐",
        "category": "sports",
        "type": "体育休闲服务;体育休闲服务场所;体育休闲服务场所",
        "district": "武侯区",
        "weight": 3
      }
    },
    {
      "type": "Feature",
      "geometry": {
        "type": "Point",
        "coordinates": [
          103.988304,
          30.605908
        ]
      },
      "properties": {
        "name": "玉竹网咖",
        "category": "sports",
        "type": "体育休闲服务;娱乐场所;网吧",
        "district": "武侯区",
        "weight": 5
      }
    },
    {
      "type": "Feature",
      "geometry": {
        "type": "Point",
        "coordinates": [
          103.989156,
          30.607372
        ]
      },
      "properties": {
        "name": "六味居",
        "category": "sports",
        "type": "体育休闲服务;娱乐场所;棋牌室",
        "district": "武侯区",
        "weight": 4
      }
    },
    {
      "type": "Feature",
      "geometry": {
        "type": "Point",
        "coordinates": [
          103.985336,
          30.604914
        ]
      },
      "properties": {
        "name": "卡美帝量贩KTV",
        "category": "sports",
        "type": "体育休闲服务;娱乐场所;KTV",
        "district": "武侯区",
        "weight": 5
      }
    },
    {
      "type": "Feature",
      "geometry": {
        "type": "Point",
        "coordinates": [
          103.988309,
          30.609057
        ]
      },
      "properties": {
        "name": "阿啵啵聚会PTV",
        "category": "sports",
        "type": "体育休闲服务;娱乐场所;KTV",
        "district": "武侯区",
        "weight": 1
      }
    },
    {
      "type": "Feature",
      "geometry": {
        "type": "Point",
        "coordinates": [
          103.984483,
          30.608555
        ]
      },
      "properties": {
        "name": "腾远网咖",
        "category": "sports",
        "type": "体育休闲服务;娱乐场所;网吧",
        "district": "武侯区",
        "weight": 3
      }
    },
    {
      "type": "Feature",
      "geometry": {
        "type": "Point",
        "coordinates": [
          103.988292,
          30.603702
        ]
      },
      "properties": {
        "name": "星幻境网咖(簇桥店)",
        "category": "sports",
        "type": "体育休闲服务;娱乐场所;网吧",
        "district": "武侯区",
        "weight": 1
      }
    },
    {
      "type": "Feature",
      "geometry": {
        "type": "Point",
        "coordinates": [
          103.991595,
          30.608382
        ]
      },
      "properties": {
        "name": "游戏部落",
        "category": "sports",
        "type": "体育休闲服务;体育休闲服务场所;体育休闲服务场所",
        "district": "武侯区",
        "weight": 5
      }
    },
    {
      "type": "Feature",
      "geometry": {
        "type": "Point",
        "coordinates": [
          103.9876,
          30.604974
        ]
      },
      "properties": {
        "name": "行星网咖",
        "category": "sports",
        "type": "体育休闲服务;娱乐场所;网吧",
        "district": "武侯区",
        "weight": 1
      }
    },
    {
      "type": "Feature",
      "geometry": {
        "type": "Point",
        "coordinates": [
          103.990603,
          30.604501
        ]
      },
      "properties": {
        "name": "万寿康娱乐养老生活馆",
        "category": "sports",
        "type": "体育休闲服务;休闲场所;休闲场所",
        "district": "武侯区",
        "weight": 1
      }
    },
    {
      "type": "Feature",
      "geometry": {
        "type": "Point",
        "coordinates": [
          103.990628,
          30.606122
        ]
      },
      "properties": {
        "name": "四川巴蜀武道馆簇桥总馆",
        "category": "sports",
        "type": "体育休闲服务;运动场馆;运动场所",
        "district": "武侯区",
        "weight": 2
      }
    },
    {
      "type": "Feature",
      "geometry": {
        "type": "Point",
        "coordinates": [
          103.984722,
          30.602986
        ]
      },
      "properties": {
        "name": "欧尚免费篮球场",
        "category": "sports",
        "type": "体育休闲服务;运动场馆;篮球场馆",
        "district": "武侯区",
        "weight": 1
      }
    },
    {
      "type": "Feature",
      "geometry": {
        "type": "Point",
        "coordinates": [
          103.98589,
          30.60899
        ]
      },
      "properties": {
        "name": "梵印瑜伽",
        "category": "sports",
        "type": "体育休闲服务;运动场馆;健身中心",
        "district": "武侯区",
        "weight": 1
      }
    },
    {
      "type": "Feature",
      "geometry": {
        "type": "Point",
        "coordinates": [
          103.991375,
          30.601661
        ]
      },
      "properties": {
        "name": "爵士风情KTV",
        "category": "sports",
        "type": "体育休闲服务;娱乐场所;KTV",
        "district": "武侯区",
        "weight": 1
      }
    },
    {
      "type": "Feature",
      "geometry": {
        "type": "Point",
        "coordinates": [
          103.98776,
          30.608085
        ]
      },
      "properties": {
        "name": "姊妹生活馆",
        "category": "sports",
        "type": "体育休闲服务;娱乐场所;棋牌室",
        "district": "武侯区",
        "weight": 1
      }
    },
    {
      "type": "Feature",
      "geometry": {
        "type": "Point",
        "coordinates": [
          103.994641,
          30.602394
        ]
      },
      "properties": {
        "name": "倚乡品茗棋牌",
        "category": "sports",
        "type": "体育休闲服务;娱乐场所;棋牌室",
        "district": "武侯区",
        "weight": 2
      }
    },
    {
      "type": "Feature",
      "geometry": {
        "type": "Point",
        "coordinates": [
          103.99593,
          30.60878
        ]
      },
      "properties": {
        "name": "逆转时空网咖",
        "category": "sports",
        "type": "体育休闲服务;娱乐场所;网吧",
        "district": "武侯区",
        "weight": 4
      }
    },
    {
      "type": "Feature",
      "geometry": {
        "type": "Point",
        "coordinates": [
          104.00169,
          30.605487
        ]
      },
      "properties": {
        "name": "指尖缘",
        "category": "sports",
        "type": "体育休闲服务;体育休闲服务场所;体育休闲服务场所",
        "district": "武侯区",
        "weight": 5
      }
    },
    {
      "type": "Feature",
      "geometry": {
        "type": "Point",
        "coordinates": [
          103.994218,
          30.60073
        ]
      },
      "properties": {
        "name": "金圣雨网吧",
        "category": "sports",
        "type": "体育休闲服务;娱乐场所;网吧",
        "district": "武侯区",
        "weight": 2
      }
    },
    {
      "type": "Feature",
      "geometry": {
        "type": "Point",
        "coordinates": [
          103.995721,
          30.60329
        ]
      },
      "properties": {
        "name": "新观察网吧",
        "category": "sports",
        "type": "体育休闲服务;娱乐场所;网吧",
        "district": "武侯区",
        "weight": 1
      }
    },
    {
      "type": "Feature",
      "geometry": {
        "type": "Point",
        "coordinates": [
          103.997673,
          30.605607
        ]
      },
      "properties": {
        "name": "股指交流吧",
        "category": "sports",
        "type": "体育休闲服务;娱乐场所;娱乐场所",
        "district": "武侯区",
        "weight": 2
      }
    },
    {
      "type": "Feature",
      "geometry": {
        "type": "Point",
        "coordinates": [
          103.996333,
          30.604111
        ]
      },
      "properties": {
        "name": "千鸟时代网咖",
        "category": "sports",
        "type": "体育休闲服务;娱乐场所;网吧",
        "district": "武侯区",
        "weight": 1
      }
    },
    {
      "type": "Feature",
      "geometry": {
        "type": "Point",
        "coordinates": [
          103.997715,
          30.606767
        ]
      },
      "properties": {
        "name": "瀚洋歌府KTV",
        "category": "sports",
        "type": "体育休闲服务;娱乐场所;KTV",
        "district": "武侯区",
        "weight": 1
      }
    },
    {
      "type": "Feature",
      "geometry": {
        "type": "Point",
        "coordinates": [
          103.994397,
          30.604226
        ]
      },
      "properties": {
        "name": "QQ自由麻将(簇桥中街)",
        "category": "sports",
        "type": "体育休闲服务;娱乐场所;棋牌室",
        "district": "武侯区",
        "weight": 1
      }
    },
    {
      "type": "Feature",
      "geometry": {
        "type": "Point",
        "coordinates": [
          104.007591,
          30.608819
        ]
      },
      "properties": {
        "name": "蓝天园休闲庄",
        "category": "sports",
        "type": "体育休闲服务;休闲场所;休闲场所",
        "district": "武侯区",
        "weight": 1
      }
    },
    {
      "type": "Feature",
      "geometry": {
        "type": "Point",
        "coordinates": [
          104.008673,
          30.607319
        ]
      },
      "properties": {
        "name": "晓莉麻将馆",
        "category": "sports",
        "type": "体育休闲服务;娱乐场所;棋牌室",
        "district": "武侯区",
        "weight": 1
      }
    },
    {
      "type": "Feature",
      "geometry": {
        "type": "Point",
        "coordinates": [
          104.022458,
          30.604984
        ]
      },
      "properties": {
        "name": "四川成都足球广场",
        "category": "sports",
        "type": "体育休闲服务;运动场馆;足球场",
        "district": "武侯区",
        "weight": 2
      }
    },
    {
      "type": "Feature",
      "geometry": {
        "type": "Point",
        "coordinates": [
          104.023543,
          30.600834
        ]
      },
      "properties": {
        "name": "四川省运动技术学院田径场",
        "category": "sports",
        "type": "体育休闲服务;运动场馆;运动场所",
        "district": "武侯区",
        "weight": 1
      }
    },
    {
      "type": "Feature",
      "geometry": {
        "type": "Point",
        "coordinates": [
          104.023563,
          30.603218
        ]
      },
      "properties": {
        "name": "四川省运动技术学院太平寺校区-网球场",
        "category": "sports",
        "type": "体育休闲服务;运动场馆;网球场",
        "district": "武侯区",
        "weight": 1
      }
    },
    {
      "type": "Feature",
      "geometry": {
        "type": "Point",
        "coordinates": [
          104.025931,
          30.606708
        ]
      },
      "properties": {
        "name": "指点网吧",
        "category": "sports",
        "type": "体育休闲服务;娱乐场所;网吧",
        "district": "武侯区",
        "weight": 3
      }
    },
    {
      "type": "Feature",
      "geometry": {
        "type": "Point",
        "coordinates": [
          104.027013,
          30.606216
        ]
      },
      "properties": {
        "name": "哆咪网咖",
        "category": "sports",
        "type": "体育休闲服务;娱乐场所;网吧",
        "district": "武侯区",
        "weight": 3
      }
    },
    {
      "type": "Feature",
      "geometry": {
        "type": "Point",
        "coordinates": [
          104.025976,
          30.60304
        ]
      },
      "properties": {
        "name": "四川省运动技术学院拳击馆",
        "category": "sports",
        "type": "体育休闲服务;运动场馆;运动场所",
        "district": "武侯区",
        "weight": 4
      }
    },
    {
      "type": "Feature",
      "geometry": {
        "type": "Point",
        "coordinates": [
          104.032513,
          30.603119
        ]
      },
      "properties": {
        "name": "Ni Wo Ta音乐酒吧(美洲花园店)",
        "category": "sports",
        "type": "体育休闲服务;娱乐场所;酒吧",
        "district": "武侯区",
        "weight": 1
      }
    },
    {
      "type": "Feature",
      "geometry": {
        "type": "Point",
        "coordinates": [
          104.03346,
          30.608843
        ]
      },
      "properties": {
        "name": "无限领域网吧",
        "category": "sports",
        "type": "体育休闲服务;娱乐场所;网吧",
        "district": "武侯区",
        "weight": 2
      }
    },
    {
      "type": "Feature",
      "geometry": {
        "type": "Point",
        "coordinates": [
          104.028106,
          30.603464
        ]
      },
      "properties": {
        "name": "武术队",
        "category": "sports",
        "type": "体育休闲服务;体育休闲服务场所;体育休闲服务场所",
        "district": "武侯区",
        "weight": 1
      }
    },
    {
      "type": "Feature",
      "geometry": {
        "type": "Point",
        "coordinates": [
          104.040254,
          30.600168
        ]
      },
      "properties": {
        "name": "三和体育馆",
        "category": "sports",
        "type": "体育休闲服务;运动场馆;综合体育馆",
        "district": "武侯区",
        "weight": 1
      }
    },
    {
      "type": "Feature",
      "geometry": {
        "type": "Point",
        "coordinates": [
          104.033797,
          30.599919
        ]
      },
      "properties": {
        "name": "美洲花园游泳池",
        "category": "sports",
        "type": "体育休闲服务;运动场馆;游泳馆",
        "district": "武侯区",
        "weight": 1
      }
    },
    {
      "type": "Feature",
      "geometry": {
        "type": "Point",
        "coordinates": [
          104.041643,
          30.606406
        ]
      },
      "properties": {
        "name": "都市印象网吧",
        "category": "sports",
        "type": "体育休闲服务;娱乐场所;网吧",
        "district": "武侯区",
        "weight": 1
      }
    },
    {
      "type": "Feature",
      "geometry": {
        "type": "Point",
        "coordinates": [
          104.043381,
          30.607009
        ]
      },
      "properties": {
        "name": "成都高新网球中心篮球场",
        "category": "sports",
        "type": "体育休闲服务;运动场馆;篮球场馆",
        "district": "武侯区",
        "weight": 1
      }
    },
    {
      "type": "Feature",
      "geometry": {
        "type": "Point",
        "coordinates": [
          104.039157,
          30.605089
        ]
      },
      "properties": {
        "name": "淳乐网吧",
        "category": "sports",
        "type": "体育休闲服务;娱乐场所;网吧",
        "district": "武侯区",
        "weight": 1
      }
    },
    {
      "type": "Feature",
      "geometry": {
        "type": "Point",
        "coordinates": [
          104.041223,
          30.607898
        ]
      },
      "properties": {
        "name": "力量私家健身",
        "category": "sports",
        "type": "体育休闲服务;运动场馆;健身中心",
        "district": "武侯区",
        "weight": 1
      }
    },
    {
      "type": "Feature",
      "geometry": {
        "type": "Point",
        "coordinates": [
          104.03616,
          30.608987
        ]
      },
      "properties": {
        "name": "新光互动网吧",
        "category": "sports",
        "type": "体育休闲服务;娱乐场所;网吧",
        "district": "武侯区",
        "weight": 1
      }
    },
    {
      "type": "Feature",
      "geometry": {
        "type": "Point",
        "coordinates": [
          104.03479,
          30.60199
        ]
      },
      "properties": {
        "name": "维克特青少年足球俱乐部(美洲南路店)",
        "category": "sports",
        "type": "体育休闲服务;运动场馆;足球场",
        "district": "武侯区",
        "weight": 1
      }
    },
    {
      "type": "Feature",
      "geometry": {
        "type": "Point",
        "coordinates": [
          104.051592,
          30.60429
        ]
      },
      "properties": {
        "name": "海力体育恒温游泳馆",
        "category": "sports",
        "type": "体育休闲服务;运动场馆;游泳馆",
        "district": "武侯区",
        "weight": 2
      }
    },
    {
      "type": "Feature",
      "geometry": {
        "type": "Point",
        "coordinates": [
          104.050398,
          30.604712
        ]
      },
      "properties": {
        "name": "圣露茗庭",
        "category": "sports",
        "type": "体育休闲服务;体育休闲服务场所;体育休闲服务场所",
        "district": "武侯区",
        "weight": 2
      }
    },
    {
      "type": "Feature",
      "geometry": {
        "type": "Point",
        "coordinates": [
          104.044861,
          30.60907
        ]
      },
      "properties": {
        "name": "成都高新网球中心",
        "category": "sports",
        "type": "体育休闲服务;运动场馆;网球场",
        "district": "武侯区",
        "weight": 2
      }
    },
    {
      "type": "Feature",
      "geometry": {
        "type": "Point",
        "coordinates": [
          104.046459,
          30.605848
        ]
      },
      "properties": {
        "name": "Bobo Beer",
        "category": "sports",
        "type": "体育休闲服务;娱乐场所;酒吧",
        "district": "武侯区",
        "weight": 1
      }
    },
    {
      "type": "Feature",
      "geometry": {
        "type": "Point",
        "coordinates": [
          104.048918,
          30.603135
        ]
      },
      "properties": {
        "name": "简网咖",
        "category": "sports",
        "type": "体育休闲服务;娱乐场所;网吧",
        "district": "武侯区",
        "weight": 7
      }
    },
    {
      "type": "Feature",
      "geometry": {
        "type": "Point",
        "coordinates": [
          104.046603,
          30.60924
        ]
      },
      "properties": {
        "name": "力龙网球俱乐部",
        "category": "sports",
        "type": "体育休闲服务;运动场馆;网球场",
        "district": "武侯区",
        "weight": 1
      }
    },
    {
      "type": "Feature",
      "geometry": {
        "type": "Point",
        "coordinates": [
          104.045523,
          30.607748
        ]
      },
      "properties": {
        "name": "招商银行网球俱乐部",
        "category": "sports",
        "type": "体育休闲服务;运动场馆;网球场",
        "district": "武侯区",
        "weight": 1
      }
    },
    {
      "type": "Feature",
      "geometry": {
        "type": "Point",
        "coordinates": [
          104.048783,
          30.599574
        ]
      },
      "properties": {
        "name": "综合文化活动中心",
        "category": "sports",
        "type": "体育休闲服务;休闲场所;休闲场所",
        "district": "武侯区",
        "weight": 1
      }
    },
    {
      "type": "Feature",
      "geometry": {
        "type": "Point",
        "coordinates": [
          104.061536,
          30.601533
        ]
      },
      "properties": {
        "name": "迪卡侬运动场",
        "category": "sports",
        "type": "体育休闲服务;运动场馆;运动场所",
        "district": "武侯区",
        "weight": 2
      }
    },
    {
      "type": "Feature",
      "geometry": {
        "type": "Point",
        "coordinates": [
          104.060014,
          30.603736
        ]
      },
      "properties": {
        "name": "儿童乐园",
        "category": "sports",
        "type": "体育休闲服务;休闲场所;游乐场",
        "district": "武侯区",
        "weight": 2
      }
    },
    {
      "type": "Feature",
      "geometry": {
        "type": "Point",
        "coordinates": [
          104.06064,
          30.604674
        ]
      },
      "properties": {
        "name": "爱乐游(凯丹广场)",
        "category": "sports",
        "type": "体育休闲服务;休闲场所;游乐场",
        "district": "武侯区",
        "weight": 2
      }
    },
    {
      "type": "Feature",
      "geometry": {
        "type": "Point",
        "coordinates": [
          104.057841,
          30.603236
        ]
      },
      "properties": {
        "name": "星际vr体验馆",
        "category": "sports",
        "type": "体育休闲服务;体育休闲服务场所;体育休闲服务场所",
        "district": "武侯区",
        "weight": 2
      }
    },
    {
      "type": "Feature",
      "geometry": {
        "type": "Point",
        "coordinates": [
          104.059681,
          30.605933
        ]
      },
      "properties": {
        "name": "砰砰网络",
        "category": "sports",
        "type": "体育休闲服务;体育休闲服务场所;体育休闲服务场所",
        "district": "武侯区",
        "weight": 4
      }
    },
    {
      "type": "Feature",
      "geometry": {
        "type": "Point",
        "coordinates": [
          104.05662,
          30.607897
        ]
      },
      "properties": {
        "name": "威斯凯尔酒店游泳池",
        "category": "sports",
        "type": "体育休闲服务;运动场馆;游泳馆",
        "district": "武侯区",
        "weight": 2
      }
    },
    {
      "type": "Feature",
      "geometry": {
        "type": "Point",
        "coordinates": [
          104.063689,
          30.603767
        ]
      },
      "properties": {
        "name": "奥佳华",
        "category": "sports",
        "type": "体育休闲服务;娱乐场所;娱乐场所",
        "district": "武侯区",
        "weight": 7
      }
    },
    {
      "type": "Feature",
      "geometry": {
        "type": "Point",
        "coordinates": [
          104.061005,
          30.607806
        ]
      },
      "properties": {
        "name": "美鑫鑫网吧",
        "category": "sports",
        "type": "体育休闲服务;娱乐场所;网吧",
        "district": "武侯区",
        "weight": 1
      }
    },
    {
      "type": "Feature",
      "geometry": {
        "type": "Point",
        "coordinates": [
          104.058652,
          30.604781
        ]
      },
      "properties": {
        "name": "吉象乐园",
        "category": "sports",
        "type": "体育休闲服务;休闲场所;游乐场",
        "district": "武侯区",
        "weight": 1
      }
    },
    {
      "type": "Feature",
      "geometry": {
        "type": "Point",
        "coordinates": [
          104.056647,
          30.606583
        ]
      },
      "properties": {
        "name": "巴克庄园",
        "category": "sports",
        "type": "体育休闲服务;体育休闲服务场所;体育休闲服务场所",
        "district": "武侯区",
        "weight": 1
      }
    },
    {
      "type": "Feature",
      "geometry": {
        "type": "Point",
        "coordinates": [
          104.056816,
          30.603616
        ]
      },
      "properties": {
        "name": "动岚健身",
        "category": "sports",
        "type": "体育休闲服务;运动场馆;健身中心",
        "district": "武侯区",
        "weight": 1
      }
    },
    {
      "type": "Feature",
      "geometry": {
        "type": "Point",
        "coordinates": [
          104.056968,
          30.601524
        ]
      },
      "properties": {
        "name": "成都M酒店-娱乐中心",
        "category": "sports",
        "type": "体育休闲服务;娱乐场所;娱乐场所",
        "district": "武侯区",
        "weight": 1
      }
    },
    {
      "type": "Feature",
      "geometry": {
        "type": "Point",
        "coordinates": [
          104.066506,
          30.605372
        ]
      },
      "properties": {
        "name": "界外",
        "category": "sports",
        "type": "体育休闲服务;体育休闲服务场所;体育休闲服务场所",
        "district": "武侯区",
        "weight": 10
      }
    },
    {
      "type": "Feature",
      "geometry": {
        "type": "Point",
        "coordinates": [
          104.069149,
          30.603455
        ]
      },
      "properties": {
        "name": "清逸网咖",
        "category": "sports",
        "type": "体育休闲服务;娱乐场所;网吧",
        "district": "武侯区",
        "weight": 1
      }
    },
    {
      "type": "Feature",
      "geometry": {
        "type": "Point",
        "coordinates": [
          104.072312,
          30.601723
        ]
      },
      "properties": {
        "name": "南盾网咖",
        "category": "sports",
        "type": "体育休闲服务;娱乐场所;网吧",
        "district": "武侯区",
        "weight": 1
      }
    },
    {
      "type": "Feature",
      "geometry": {
        "type": "Point",
        "coordinates": [
          104.071069,
          30.60689
        ]
      },
      "properties": {
        "name": "义舟网咖",
        "category": "sports",
        "type": "体育休闲服务;娱乐场所;网吧",
        "district": "武侯区",
        "weight": 2
      }
    },
    {
      "type": "Feature",
      "geometry": {
        "type": "Point",
        "coordinates": [
          104.070389,
          30.605861
        ]
      },
      "properties": {
        "name": "和平社区老年文化活动中心",
        "category": "sports",
        "type": "体育休闲服务;休闲场所;休闲场所",
        "district": "武侯区",
        "weight": 1
      }
    },
    {
      "type": "Feature",
      "geometry": {
        "type": "Point",
        "coordinates": [
          104.068755,
          30.601235
        ]
      },
      "properties": {
        "name": "桂溪街道综合文体活动中心",
        "category": "sports",
        "type": "体育休闲服务;休闲场所;休闲场所",
        "district": "武侯区",
        "weight": 1
      }
    },
    {
      "type": "Feature",
      "geometry": {
        "type": "Point",
        "coordinates": [
          104.071052,
          30.604316
        ]
      },
      "properties": {
        "name": "水木清科会所",
        "category": "sports",
        "type": "体育休闲服务;体育休闲服务场所;体育休闲服务场所",
        "district": "武侯区",
        "weight": 1
      }
    },
    {
      "type": "Feature",
      "geometry": {
        "type": "Point",
        "coordinates": [
          104.07899,
          30.60749
        ]
      },
      "properties": {
        "name": "联合酒馆",
        "category": "sports",
        "type": "体育休闲服务;娱乐场所;酒吧",
        "district": "武侯区",
        "weight": 12
      }
    },
    {
      "type": "Feature",
      "geometry": {
        "type": "Point",
        "coordinates": [
          104.081253,
          30.601417
        ]
      },
      "properties": {
        "name": "斯威鸣游泳池",
        "category": "sports",
        "type": "体育休闲服务;运动场馆;游泳馆",
        "district": "锦江区",
        "weight": 2
      }
    },
    {
      "type": "Feature",
      "geometry": {
        "type": "Point",
        "coordinates": [
          104.073592,
          30.608115
        ]
      },
      "properties": {
        "name": "皇家YS足球公园",
        "category": "sports",
        "type": "体育休闲服务;运动场馆;足球场",
        "district": "武侯区",
        "weight": 1
      }
    },
    {
      "type": "Feature",
      "geometry": {
        "type": "Point",
        "coordinates": [
          104.082508,
          30.601456
        ]
      },
      "properties": {
        "name": "斯威鸣游泳(翠柳湾店)",
        "category": "sports",
        "type": "体育休闲服务;运动场馆;运动场所",
        "district": "锦江区",
        "weight": 1
      }
    },
    {
      "type": "Feature",
      "geometry": {
        "type": "Point",
        "coordinates": [
          104.07629,
          30.606782
        ]
      },
      "properties": {
        "name": "东城网球中心",
        "category": "sports",
        "type": "体育休闲服务;运动场馆;网球场",
        "district": "武侯区",
        "weight": 1
      }
    },
    {
      "type": "Feature",
      "geometry": {
        "type": "Point",
        "coordinates": [
          104.077218,
          30.608409
        ]
      },
      "properties": {
        "name": "吉瑞东苑网球",
        "category": "sports",
        "type": "体育休闲服务;运动场馆;网球场",
        "district": "武侯区",
        "weight": 1
      }
    },
    {
      "type": "Feature",
      "geometry": {
        "type": "Point",
        "coordinates": [
          104.091093,
          30.607173
        ]
      },
      "properties": {
        "name": "欣轩网咖",
        "category": "sports",
        "type": "体育休闲服务;娱乐场所;网吧",
        "district": "锦江区",
        "weight": 3
      }
    },
    {
      "type": "Feature",
      "geometry": {
        "type": "Point",
        "coordinates": [
          104.086708,
          30.606834
        ]
      },
      "properties": {
        "name": "纳艾斯网络会所",
        "category": "sports",
        "type": "体育休闲服务;娱乐场所;网吧",
        "district": "锦江区",
        "weight": 1
      }
    },
    {
      "type": "Feature",
      "geometry": {
        "type": "Point",
        "coordinates": [
          104.088462,
          30.604817
        ]
      },
      "properties": {
        "name": "凯天足球场",
        "category": "sports",
        "type": "体育休闲服务;运动场馆;足球场",
        "district": "锦江区",
        "weight": 1
      }
    },
    {
      "type": "Feature",
      "geometry": {
        "type": "Point",
        "coordinates": [
          104.10271,
          30.602427
        ]
      },
      "properties": {
        "name": "桦林园",
        "category": "sports",
        "type": "住宿服务;宾馆酒店;宾馆酒店|体育休闲服务;休闲场所;休闲场所",
        "district": "锦江区",
        "weight": 2
      }
    },
    {
      "type": "Feature",
      "geometry": {
        "type": "Point",
        "coordinates": [
          104.093946,
          30.606909
        ]
      },
      "properties": {
        "name": "晶座网咖",
        "category": "sports",
        "type": "体育休闲服务;娱乐场所;网吧",
        "district": "锦江区",
        "weight": 5
      }
    },
    {
      "type": "Feature",
      "geometry": {
        "type": "Point",
        "coordinates": [
          104.094306,
          30.60116
        ]
      },
      "properties": {
        "name": "简单网吧",
        "category": "sports",
        "type": "体育休闲服务;娱乐场所;网吧",
        "district": "锦江区",
        "weight": 2
      }
    },
    {
      "type": "Feature",
      "geometry": {
        "type": "Point",
        "coordinates": [
          104.096431,
          30.599608
        ]
      },
      "properties": {
        "name": "世缘网吧(锦华路二段)",
        "category": "sports",
        "type": "体育休闲服务;娱乐场所;网吧",
        "district": "锦江区",
        "weight": 1
      }
    },
    {
      "type": "Feature",
      "geometry": {
        "type": "Point",
        "coordinates": [
          104.099604,
          30.60527
        ]
      },
      "properties": {
        "name": "安利阳光会所",
        "category": "sports",
        "type": "体育休闲服务;休闲场所;休闲场所",
        "district": "锦江区",
        "weight": 3
      }
    },
    {
      "type": "Feature",
      "geometry": {
        "type": "Point",
        "coordinates": [
          104.099927,
          30.608701
        ]
      },
      "properties": {
        "name": "草堂网吧",
        "category": "sports",
        "type": "体育休闲服务;娱乐场所;网吧",
        "district": "锦江区",
        "weight": 1
      }
    },
    {
      "type": "Feature",
      "geometry": {
        "type": "Point",
        "coordinates": [
          104.096444,
          30.608422
        ]
      },
      "properties": {
        "name": "岩石网咖",
        "category": "sports",
        "type": "体育休闲服务;娱乐场所;网吧",
        "district": "锦江区",
        "weight": 2
      }
    },
    {
      "type": "Feature",
      "geometry": {
        "type": "Point",
        "coordinates": [
          104.097698,
          30.605215
        ]
      },
      "properties": {
        "name": "顶极网络会所",
        "category": "sports",
        "type": "体育休闲服务;娱乐场所;网吧",
        "district": "锦江区",
        "weight": 1
      }
    },
    {
      "type": "Feature",
      "geometry": {
        "type": "Point",
        "coordinates": [
          104.100508,
          30.603743
        ]
      },
      "properties": {
        "name": "西点网咖",
        "category": "sports",
        "type": "体育休闲服务;娱乐场所;网吧",
        "district": "锦江区",
        "weight": 2
      }
    },
    {
      "type": "Feature",
      "geometry": {
        "type": "Point",
        "coordinates": [
          104.101483,
          30.602563
        ]
      },
      "properties": {
        "name": "C26主题酒吧",
        "category": "sports",
        "type": "体育休闲服务;娱乐场所;酒吧",
        "district": "锦江区",
        "weight": 1
      }
    },
    {
      "type": "Feature",
      "geometry": {
        "type": "Point",
        "coordinates": [
          104.101297,
          30.607992
        ]
      },
      "properties": {
        "name": "老年活动室",
        "category": "sports",
        "type": "体育休闲服务;体育休闲服务场所;体育休闲服务场所",
        "district": "锦江区",
        "weight": 7
      }
    },
    {
      "type": "Feature",
      "geometry": {
        "type": "Point",
        "coordinates": [
          104.100377,
          30.601027
        ]
      },
      "properties": {
        "name": "馨云网吧",
        "category": "sports",
        "type": "体育休闲服务;娱乐场所;网吧",
        "district": "锦江区",
        "weight": 1
      }
    },
    {
      "type": "Feature",
      "geometry": {
        "type": "Point",
        "coordinates": [
          104.094004,
          30.603099
        ]
      },
      "properties": {
        "name": "芳芳棋牌室(琉璃中街)",
        "category": "sports",
        "type": "体育休闲服务;娱乐场所;棋牌室",
        "district": "锦江区",
        "weight": 1
      }
    },
    {
      "type": "Feature",
      "geometry": {
        "type": "Point",
        "coordinates": [
          104.096475,
          30.604239
        ]
      },
      "properties": {
        "name": "合家欢棋牌室",
        "category": "sports",
        "type": "体育休闲服务;娱乐场所;棋牌室",
        "district": "锦江区",
        "weight": 1
      }
    },
    {
      "type": "Feature",
      "geometry": {
        "type": "Point",
        "coordinates": [
          104.102855,
          30.600591
        ]
      },
      "properties": {
        "name": "1982足球俱乐部",
        "category": "sports",
        "type": "体育休闲服务;运动场馆;足球场",
        "district": "锦江区",
        "weight": 1
      }
    },
    {
      "type": "Feature",
      "geometry": {
        "type": "Point",
        "coordinates": [
          104.100407,
          30.599892
        ]
      },
      "properties": {
        "name": "皇经楼山庄",
        "category": "sports",
        "type": "餐饮服务;中餐厅;中餐厅|体育休闲服务;休闲场所;休闲场所|餐饮服务;茶艺馆;茶艺馆",
        "district": "锦江区",
        "weight": 1
      }
    },
    {
      "type": "Feature",
      "geometry": {
        "type": "Point",
        "coordinates": [
          104.111913,
          30.608199
        ]
      },
      "properties": {
        "name": "巴山汇",
        "category": "sports",
        "type": "餐饮服务;中餐厅;中餐厅|体育休闲服务;休闲场所;休闲场所",
        "district": "锦江区",
        "weight": 1
      }
    },
    {
      "type": "Feature",
      "geometry": {
        "type": "Point",
        "coordinates": [
          104.109985,
          30.60128
        ]
      },
      "properties": {
        "name": "钟家花园",
        "category": "sports",
        "type": "体育休闲服务;休闲场所;休闲场所",
        "district": "锦江区",
        "weight": 1
      }
    },
    {
      "type": "Feature",
      "geometry": {
        "type": "Point",
        "coordinates": [
          104.106257,
          30.60588
        ]
      },
      "properties": {
        "name": "皇经社区活动中心",
        "category": "sports",
        "type": "体育休闲服务;休闲场所;休闲场所",
        "district": "锦江区",
        "weight": 1
      }
    },
    {
      "type": "Feature",
      "geometry": {
        "type": "Point",
        "coordinates": [
          104.104203,
          30.607475
        ]
      },
      "properties": {
        "name": "印象西昌",
        "category": "sports",
        "type": "体育休闲服务;休闲场所;休闲场所",
        "district": "锦江区",
        "weight": 1
      }
    },
    {
      "type": "Feature",
      "geometry": {
        "type": "Point",
        "coordinates": [
          104.104236,
          30.60546
        ]
      },
      "properties": {
        "name": "皇经社区老年活动中心",
        "category": "sports",
        "type": "体育休闲服务;休闲场所;休闲场所",
        "district": "锦江区",
        "weight": 1
      }
    },
    {
      "type": "Feature",
      "geometry": {
        "type": "Point",
        "coordinates": [
          104.103911,
          30.599997
        ]
      },
      "properties": {
        "name": "OLE足球场",
        "category": "sports",
        "type": "体育休闲服务;运动场馆;足球场",
        "district": "锦江区",
        "weight": 2
      }
    },
    {
      "type": "Feature",
      "geometry": {
        "type": "Point",
        "coordinates": [
          104.116483,
          30.608762
        ]
      },
      "properties": {
        "name": "k歌王",
        "category": "sports",
        "type": "体育休闲服务;娱乐场所;KTV",
        "district": "锦江区",
        "weight": 29
      }
    },
    {
      "type": "Feature",
      "geometry": {
        "type": "Point",
        "coordinates": [
          104.115466,
          30.602928
        ]
      },
      "properties": {
        "name": "妃舞KTV",
        "category": "sports",
        "type": "体育休闲服务;娱乐场所;KTV",
        "district": "锦江区",
        "weight": 1
      }
    },
    {
      "type": "Feature",
      "geometry": {
        "type": "Point",
        "coordinates": [
          104.124156,
          30.606546
        ]
      },
      "properties": {
        "name": "欧典会所",
        "category": "sports",
        "type": "体育休闲服务;休闲场所;休闲场所",
        "district": "锦江区",
        "weight": 13
      }
    },
    {
      "type": "Feature",
      "geometry": {
        "type": "Point",
        "coordinates": [
          104.121703,
          30.605763
        ]
      },
      "properties": {
        "name": "九阳网吧",
        "category": "sports",
        "type": "体育休闲服务;娱乐场所;网吧",
        "district": "锦江区",
        "weight": 1
      }
    },
    {
      "type": "Feature",
      "geometry": {
        "type": "Point",
        "coordinates": [
          104.120812,
          30.6071
        ]
      },
      "properties": {
        "name": "羽毛球场",
        "category": "sports",
        "type": "体育休闲服务;运动场馆;羽毛球场",
        "district": "锦江区",
        "weight": 2
      }
    },
    {
      "type": "Feature",
      "geometry": {
        "type": "Point",
        "coordinates": [
          104.121253,
          30.602721
        ]
      },
      "properties": {
        "name": "古今传奇网吧",
        "category": "sports",
        "type": "体育休闲服务;娱乐场所;网吧",
        "district": "锦江区",
        "weight": 1
      }
    },
    {
      "type": "Feature",
      "geometry": {
        "type": "Point",
        "coordinates": [
          104.128801,
          30.606839
        ]
      },
      "properties": {
        "name": "时空引擎幻想在线网吧",
        "category": "sports",
        "type": "体育休闲服务;娱乐场所;网吧",
        "district": "锦江区",
        "weight": 1
      }
    },
    {
      "type": "Feature",
      "geometry": {
        "type": "Point",
        "coordinates": [
          104.129208,
          30.608884
        ]
      },
      "properties": {
        "name": "黑魔方网咖",
        "category": "sports",
        "type": "体育休闲服务;娱乐场所;网吧",
        "district": "锦江区",
        "weight": 2
      }
    },
    {
      "type": "Feature",
      "geometry": {
        "type": "Point",
        "coordinates": [
          104.127088,
          30.60793
        ]
      },
      "properties": {
        "name": "每时健身",
        "category": "sports",
        "type": "体育休闲服务;运动场馆;健身中心",
        "district": "锦江区",
        "weight": 2
      }
    },
    {
      "type": "Feature",
      "geometry": {
        "type": "Point",
        "coordinates": [
          104.132556,
          30.604447
        ]
      },
      "properties": {
        "name": "努努网咖",
        "category": "sports",
        "type": "体育休闲服务;娱乐场所;网吧",
        "district": "锦江区",
        "weight": 1
      }
    },
    {
      "type": "Feature",
      "geometry": {
        "type": "Point",
        "coordinates": [
          104.138232,
          30.60857
        ]
      },
      "properties": {
        "name": "篮球场",
        "category": "sports",
        "type": "体育休闲服务;运动场馆;篮球场馆",
        "district": "锦江区",
        "weight": 3
      }
    },
    {
      "type": "Feature",
      "geometry": {
        "type": "Point",
        "coordinates": [
          104.138806,
          30.601645
        ]
      },
      "properties": {
        "name": "四海逸家恒温游泳馆",
        "category": "sports",
        "type": "体育休闲服务;运动场馆;游泳馆",
        "district": "锦江区",
        "weight": 1
      }
    },
    {
      "type": "Feature",
      "geometry": {
        "type": "Point",
        "coordinates": [
          104.1396,
          30.599701
        ]
      },
      "properties": {
        "name": "鑫苑名家游泳池",
        "category": "sports",
        "type": "体育休闲服务;运动场馆;游泳馆",
        "district": "锦江区",
        "weight": 1
      }
    },
    {
      "type": "Feature",
      "geometry": {
        "type": "Point",
        "coordinates": [
          104.137971,
          30.606126
        ]
      },
      "properties": {
        "name": "绿轴网球场",
        "category": "sports",
        "type": "体育休闲服务;运动场馆;网球场",
        "district": "锦江区",
        "weight": 1
      }
    },
    {
      "type": "Feature",
      "geometry": {
        "type": "Point",
        "coordinates": [
          104.141109,
          30.600039
        ]
      },
      "properties": {
        "name": "三叶草网咖",
        "category": "sports",
        "type": "体育休闲服务;娱乐场所;网吧",
        "district": "锦江区",
        "weight": 1
      }
    },
    {
      "type": "Feature",
      "geometry": {
        "type": "Point",
        "coordinates": [
          104.142953,
          30.606691
        ]
      },
      "properties": {
        "name": "星座网咖",
        "category": "sports",
        "type": "体育休闲服务;娱乐场所;网吧",
        "district": "锦江区",
        "weight": 1
      }
    },
    {
      "type": "Feature",
      "geometry": {
        "type": "Point",
        "coordinates": [
          104.134238,
          30.603149
        ]
      },
      "properties": {
        "name": "蓝钻亚斯特游泳馆",
        "category": "sports",
        "type": "体育休闲服务;运动场馆;游泳馆",
        "district": "锦江区",
        "weight": 2
      }
    },
    {
      "type": "Feature",
      "geometry": {
        "type": "Point",
        "coordinates": [
          104.14438,
          30.608128
        ]
      },
      "properties": {
        "name": "悠肯网咖",
        "category": "sports",
        "type": "体育休闲服务;娱乐场所;网吧",
        "district": "锦江区",
        "weight": 2
      }
    },
    {
      "type": "Feature",
      "geometry": {
        "type": "Point",
        "coordinates": [
          104.149802,
          30.607716
        ]
      },
      "properties": {
        "name": "优客网吧(樱花街店)",
        "category": "sports",
        "type": "体育休闲服务;娱乐场所;网吧",
        "district": "锦江区",
        "weight": 1
      }
    },
    {
      "type": "Feature",
      "geometry": {
        "type": "Point",
        "coordinates": [
          104.148371,
          30.608481
        ]
      },
      "properties": {
        "name": "莱昔时光",
        "category": "sports",
        "type": "体育休闲服务;运动场馆;健身中心",
        "district": "锦江区",
        "weight": 1
      }
    },
    {
      "type": "Feature",
      "geometry": {
        "type": "Point",
        "coordinates": [
          104.14823,
          30.606936
        ]
      },
      "properties": {
        "name": "头号营地",
        "category": "sports",
        "type": "体育休闲服务;休闲场所;露营地",
        "district": "锦江区",
        "weight": 1
      }
    },
    {
      "type": "Feature",
      "geometry": {
        "type": "Point",
        "coordinates": [
          103.965185,
          30.599595
        ]
      },
      "properties": {
        "name": "榕树林休闲庄",
        "category": "sports",
        "type": "体育休闲服务;休闲场所;休闲场所",
        "district": "武侯区",
        "weight": 1
      }
    },
    {
      "type": "Feature",
      "geometry": {
        "type": "Point",
        "coordinates": [
          103.96636,
          30.594696
        ]
      },
      "properties": {
        "name": "美丽点会所",
        "category": "sports",
        "type": "商务住宅;住宅区;住宅小区|体育休闲服务;娱乐场所;娱乐场所",
        "district": "武侯区",
        "weight": 1
      }
    },
    {
      "type": "Feature",
      "geometry": {
        "type": "Point",
        "coordinates": [
          103.970345,
          30.589925
        ]
      },
      "properties": {
        "name": "康城KTV",
        "category": "sports",
        "type": "体育休闲服务;娱乐场所;KTV",
        "district": "武侯区",
        "weight": 3
      }
    },
    {
      "type": "Feature",
      "geometry": {
        "type": "Point",
        "coordinates": [
          103.96891,
          30.594215
        ]
      },
      "properties": {
        "name": "聚缘网吧(金航路)",
        "category": "sports",
        "type": "体育休闲服务;娱乐场所;网吧",
        "district": "武侯区",
        "weight": 1
      }
    },
    {
      "type": "Feature",
      "geometry": {
        "type": "Point",
        "coordinates": [
          103.97293,
          30.591769
        ]
      },
      "properties": {
        "name": "新天地网吧(簇马路二段)",
        "category": "sports",
        "type": "体育休闲服务;娱乐场所;网吧",
        "district": "武侯区",
        "weight": 1
      }
    },
    {
      "type": "Feature",
      "geometry": {
        "type": "Point",
        "coordinates": [
          103.965371,
          30.593016
        ]
      },
      "properties": {
        "name": "社区活动场所",
        "category": "sports",
        "type": "体育休闲服务;体育休闲服务场所;体育休闲服务场所",
        "district": "武侯区",
        "weight": 2
      }
    },
    {
      "type": "Feature",
      "geometry": {
        "type": "Point",
        "coordinates": [
          103.971589,
          30.594999
        ]
      },
      "properties": {
        "name": "姐妹茶楼",
        "category": "sports",
        "type": "体育休闲服务;娱乐场所;棋牌室",
        "district": "武侯区",
        "weight": 1
      }
    },
    {
      "type": "Feature",
      "geometry": {
        "type": "Point",
        "coordinates": [
          103.972478,
          30.589911
        ]
      },
      "properties": {
        "name": "联英帝国",
        "category": "sports",
        "type": "体育休闲服务;娱乐场所;网吧",
        "district": "武侯区",
        "weight": 1
      }
    },
    {
      "type": "Feature",
      "geometry": {
        "type": "Point",
        "coordinates": [
          103.984107,
          30.598195
        ]
      },
      "properties": {
        "name": "横溢网吧",
        "category": "sports",
        "type": "体育休闲服务;娱乐场所;网吧",
        "district": "武侯区",
        "weight": 6
      }
    },
    {
      "type": "Feature",
      "geometry": {
        "type": "Point",
        "coordinates": [
          103.980658,
          30.599079
        ]
      },
      "properties": {
        "name": "情缘人间",
        "category": "sports",
        "type": "体育休闲服务;体育休闲服务场所;体育休闲服务场所",
        "district": "武侯区",
        "weight": 1
      }
    },
    {
      "type": "Feature",
      "geometry": {
        "type": "Point",
        "coordinates": [
          103.974784,
          30.592385
        ]
      },
      "properties": {
        "name": "来来往往网吧(簇马路二段店)",
        "category": "sports",
        "type": "体育休闲服务;娱乐场所;网吧",
        "district": "武侯区",
        "weight": 1
      }
    },
    {
      "type": "Feature",
      "geometry": {
        "type": "Point",
        "coordinates": [
          103.99184,
          30.593554
        ]
      },
      "properties": {
        "name": "机麻茶",
        "category": "sports",
        "type": "体育休闲服务;运动场馆;健身中心",
        "district": "武侯区",
        "weight": 1
      }
    },
    {
      "type": "Feature",
      "geometry": {
        "type": "Point",
        "coordinates": [
          103.991533,
          30.592592
        ]
      },
      "properties": {
        "name": "福辉活动室",
        "category": "sports",
        "type": "体育休闲服务;娱乐场所;娱乐场所",
        "district": "武侯区",
        "weight": 1
      }
    },
    {
      "type": "Feature",
      "geometry": {
        "type": "Point",
        "coordinates": [
          104.003517,
          30.597925
        ]
      },
      "properties": {
        "name": "华兴街道办事处沈家桥村活动中心",
        "category": "sports",
        "type": "体育休闲服务;休闲场所;休闲场所",
        "district": "武侯区",
        "weight": 1
      }
    },
    {
      "type": "Feature",
      "geometry": {
        "type": "Point",
        "coordinates": [
          103.995745,
          30.599122
        ]
      },
      "properties": {
        "name": "爱尚网吧(文昌路)",
        "category": "sports",
        "type": "体育休闲服务;娱乐场所;网吧",
        "district": "武侯区",
        "weight": 1
      }
    },
    {
      "type": "Feature",
      "geometry": {
        "type": "Point",
        "coordinates": [
          103.997829,
          30.594483
        ]
      },
      "properties": {
        "name": "丰懋(企业)集团粤擎赛车俱乐部",
        "category": "sports",
        "type": "体育休闲服务;体育休闲服务场所;体育休闲服务场所",
        "district": "武侯区",
        "weight": 1
      }
    },
    {
      "type": "Feature",
      "geometry": {
        "type": "Point",
        "coordinates": [
          104.009371,
          30.591198
        ]
      },
      "properties": {
        "name": "益寿苑",
        "category": "sports",
        "type": "体育休闲服务;度假疗养场所;疗养院",
        "district": "武侯区",
        "weight": 1
      }
    },
    {
      "type": "Feature",
      "geometry": {
        "type": "Point",
        "coordinates": [
          104.022632,
          30.598967
        ]
      },
      "properties": {
        "name": "四川航海模型队训练场",
        "category": "sports",
        "type": "体育休闲服务;运动场馆;运动场所",
        "district": "武侯区",
        "weight": 1
      }
    },
    {
      "type": "Feature",
      "geometry": {
        "type": "Point",
        "coordinates": [
          104.026448,
          30.595176
        ]
      },
      "properties": {
        "name": "笑盈盈网吧",
        "category": "sports",
        "type": "体育休闲服务;娱乐场所;网吧",
        "district": "武侯区",
        "weight": 1
      }
    },
    {
      "type": "Feature",
      "geometry": {
        "type": "Point",
        "coordinates": [
          104.033184,
          30.594051
        ]
      },
      "properties": {
        "name": "新羽堂羽毛球馆",
        "category": "sports",
        "type": "体育休闲服务;运动场馆;羽毛球场",
        "district": "武侯区",
        "weight": 1
      }
    },
    {
      "type": "Feature",
      "geometry": {
        "type": "Point",
        "coordinates": [
          104.040008,
          30.591608
        ]
      },
      "properties": {
        "name": "新园社区老年活动中心",
        "category": "sports",
        "type": "体育休闲服务;休闲场所;休闲场所",
        "district": "武侯区",
        "weight": 1
      }
    },
    {
      "type": "Feature",
      "geometry": {
        "type": "Point",
        "coordinates": [
          104.034322,
          30.595032
        ]
      },
      "properties": {
        "name": "成都理想网络",
        "category": "sports",
        "type": "体育休闲服务;体育休闲服务场所;体育休闲服务场所",
        "district": "武侯区",
        "weight": 1
      }
    },
    {
      "type": "Feature",
      "geometry": {
        "type": "Point",
        "coordinates": [
          104.039286,
          30.597853
        ]
      },
      "properties": {
        "name": "美州极限运动公园",
        "category": "sports",
        "type": "体育休闲服务;体育休闲服务场所;体育休闲服务场所",
        "district": "武侯区",
        "weight": 1
      }
    },
    {
      "type": "Feature",
      "geometry": {
        "type": "Point",
        "coordinates": [
          104.052597,
          30.595272
        ]
      },
      "properties": {
        "name": "大雄家酒餐吧",
        "category": "sports",
        "type": "体育休闲服务;娱乐场所;酒吧",
        "district": "武侯区",
        "weight": 3
      }
    },
    {
      "type": "Feature",
      "geometry": {
        "type": "Point",
        "coordinates": [
          104.052142,
          30.598526
        ]
      },
      "properties": {
        "name": "童话趣园室内游乐园",
        "category": "sports",
        "type": "体育休闲服务;休闲场所;游乐场",
        "district": "武侯区",
        "weight": 2
      }
    },
    {
      "type": "Feature",
      "geometry": {
        "type": "Point",
        "coordinates": [
          104.047271,
          30.595186
        ]
      },
      "properties": {
        "name": "柔莲花瑜伽馆",
        "category": "sports",
        "type": "体育休闲服务;运动场馆;健身中心",
        "district": "武侯区",
        "weight": 1
      }
    },
    {
      "type": "Feature",
      "geometry": {
        "type": "Point",
        "coordinates": [
          104.052975,
          30.59012
        ]
      },
      "properties": {
        "name": "优客吧",
        "category": "sports",
        "type": "体育休闲服务;体育休闲服务场所;体育休闲服务场所",
        "district": "武侯区",
        "weight": 11
      }
    },
    {
      "type": "Feature",
      "geometry": {
        "type": "Point",
        "coordinates": [
          104.053442,
          30.592696
        ]
      },
      "properties": {
        "name": "Top Beer主题啤酒馆",
        "category": "sports",
        "type": "体育休闲服务;娱乐场所;酒吧",
        "district": "武侯区",
        "weight": 1
      }
    },
    {
      "type": "Feature",
      "geometry": {
        "type": "Point",
        "coordinates": [
          104.050466,
          30.594915
        ]
      },
      "properties": {
        "name": "南城荟会所",
        "category": "sports",
        "type": "体育休闲服务;娱乐场所;娱乐场所",
        "district": "武侯区",
        "weight": 1
      }
    },
    {
      "type": "Feature",
      "geometry": {
        "type": "Point",
        "coordinates": [
          104.051721,
          30.593922
        ]
      },
      "properties": {
        "name": "南城都汇会所",
        "category": "sports",
        "type": "体育休闲服务;娱乐场所;娱乐场所",
        "district": "武侯区",
        "weight": 1
      }
    },
    {
      "type": "Feature",
      "geometry": {
        "type": "Point",
        "coordinates": [
          104.060399,
          30.594524
        ]
      },
      "properties": {
        "name": "成都车玲羽毛球俱乐部",
        "category": "sports",
        "type": "体育休闲服务;运动场馆;运动场所",
        "district": "武侯区",
        "weight": 6
      }
    },
    {
      "type": "Feature",
      "geometry": {
        "type": "Point",
        "coordinates": [
          104.059853,
          30.597924
        ]
      },
      "properties": {
        "name": "机麻",
        "category": "sports",
        "type": "体育休闲服务;体育休闲服务场所;体育休闲服务场所",
        "district": "武侯区",
        "weight": 8
      }
    },
    {
      "type": "Feature",
      "geometry": {
        "type": "Point",
        "coordinates": [
          104.060676,
          30.595609
        ]
      },
      "properties": {
        "name": "成都职业技术学院高新校区足球场",
        "category": "sports",
        "type": "体育休闲服务;运动场馆;足球场",
        "district": "武侯区",
        "weight": 1
      }
    },
    {
      "type": "Feature",
      "geometry": {
        "type": "Point",
        "coordinates": [
          104.062523,
          30.592386
        ]
      },
      "properties": {
        "name": "天地网络",
        "category": "sports",
        "type": "体育休闲服务;体育休闲服务场所;体育休闲服务场所",
        "district": "武侯区",
        "weight": 8
      }
    },
    {
      "type": "Feature",
      "geometry": {
        "type": "Point",
        "coordinates": [
          104.058496,
          30.597318
        ]
      },
      "properties": {
        "name": "太平洋网吧(益州大道北段)",
        "category": "sports",
        "type": "体育休闲服务;娱乐场所;网吧",
        "district": "武侯区",
        "weight": 1
      }
    },
    {
      "type": "Feature",
      "geometry": {
        "type": "Point",
        "coordinates": [
          104.063136,
          30.596336
        ]
      },
      "properties": {
        "name": "果冻游戏",
        "category": "sports",
        "type": "体育休闲服务;体育休闲服务场所;体育休闲服务场所",
        "district": "武侯区",
        "weight": 1
      }
    },
    {
      "type": "Feature",
      "geometry": {
        "type": "Point",
        "coordinates": [
          104.067848,
          30.595481
        ]
      },
      "properties": {
        "name": "高格领航国际量贩KTV",
        "category": "sports",
        "type": "体育休闲服务;娱乐场所;KTV",
        "district": "武侯区",
        "weight": 1
      }
    },
    {
      "type": "Feature",
      "geometry": {
        "type": "Point",
        "coordinates": [
          104.071581,
          30.595244
        ]
      },
      "properties": {
        "name": "盟城网络",
        "category": "sports",
        "type": "体育休闲服务;娱乐场所;网吧",
        "district": "武侯区",
        "weight": 8
      }
    },
    {
      "type": "Feature",
      "geometry": {
        "type": "Point",
        "coordinates": [
          104.067714,
          30.594398
        ]
      },
      "properties": {
        "name": "37度8酒吧",
        "category": "sports",
        "type": "体育休闲服务;娱乐场所;酒吧",
        "district": "武侯区",
        "weight": 2
      }
    },
    {
      "type": "Feature",
      "geometry": {
        "type": "Point",
        "coordinates": [
          104.067875,
          30.591705
        ]
      },
      "properties": {
        "name": "君豪酒店-瑜伽室",
        "category": "sports",
        "type": "体育休闲服务;运动场馆;运动场所",
        "district": "武侯区",
        "weight": 4
      }
    },
    {
      "type": "Feature",
      "geometry": {
        "type": "Point",
        "coordinates": [
          104.067136,
          30.592722
        ]
      },
      "properties": {
        "name": "成都高新豪生大酒店-游泳池",
        "category": "sports",
        "type": "体育休闲服务;运动场馆;游泳馆",
        "district": "武侯区",
        "weight": 2
      }
    },
    {
      "type": "Feature",
      "geometry": {
        "type": "Point",
        "coordinates": [
          104.068236,
          30.59821
        ]
      },
      "properties": {
        "name": "网球场",
        "category": "sports",
        "type": "体育休闲服务;运动场馆;网球场",
        "district": "武侯区",
        "weight": 2
      }
    },
    {
      "type": "Feature",
      "geometry": {
        "type": "Point",
        "coordinates": [
          104.06414,
          30.593071
        ]
      },
      "properties": {
        "name": "艾仕体能特训站",
        "category": "sports",
        "type": "体育休闲服务;运动场馆;健身中心",
        "district": "武侯区",
        "weight": 1
      }
    },
    {
      "type": "Feature",
      "geometry": {
        "type": "Point",
        "coordinates": [
          104.071344,
          30.598364
        ]
      },
      "properties": {
        "name": "香蕉健身私教工作室",
        "category": "sports",
        "type": "体育休闲服务;运动场馆;健身中心",
        "district": "武侯区",
        "weight": 1
      }
    },
    {
      "type": "Feature",
      "geometry": {
        "type": "Point",
        "coordinates": [
          104.071452,
          30.593268
        ]
      },
      "properties": {
        "name": "水晶会馆",
        "category": "sports",
        "type": "体育休闲服务;体育休闲服务场所;体育休闲服务场所",
        "district": "武侯区",
        "weight": 1
      }
    },
    {
      "type": "Feature",
      "geometry": {
        "type": "Point",
        "coordinates": [
          104.072367,
          30.597773
        ]
      },
      "properties": {
        "name": "五卅会所",
        "category": "sports",
        "type": "体育休闲服务;体育休闲服务场所;体育休闲服务场所",
        "district": "武侯区",
        "weight": 1
      }
    },
    {
      "type": "Feature",
      "geometry": {
        "type": "Point",
        "coordinates": [
          104.07423,
          30.593291
        ]
      },
      "properties": {
        "name": "塞北雪茗茶棋牌",
        "category": "sports",
        "type": "体育休闲服务;娱乐场所;棋牌室",
        "district": "武侯区",
        "weight": 2
      }
    },
    {
      "type": "Feature",
      "geometry": {
        "type": "Point",
        "coordinates": [
          104.074173,
          30.595438
        ]
      },
      "properties": {
        "name": "新元素篮球公园",
        "category": "sports",
        "type": "体育休闲服务;运动场馆;篮球场馆",
        "district": "武侯区",
        "weight": 4
      }
    },
    {
      "type": "Feature",
      "geometry": {
        "type": "Point",
        "coordinates": [
          104.082483,
          30.589787
        ]
      },
      "properties": {
        "name": "博瑞游戏",
        "category": "sports",
        "type": "体育休闲服务;体育休闲服务场所;体育休闲服务场所",
        "district": "锦江区",
        "weight": 1
      }
    },
    {
      "type": "Feature",
      "geometry": {
        "type": "Point",
        "coordinates": [
          104.095664,
          30.59151
        ]
      },
      "properties": {
        "name": "铭人网咖",
        "category": "sports",
        "type": "体育休闲服务;娱乐场所;网吧",
        "district": "锦江区",
        "weight": 2
      }
    },
    {
      "type": "Feature",
      "geometry": {
        "type": "Point",
        "coordinates": [
          104.097376,
          30.591434
        ]
      },
      "properties": {
        "name": "主流网吧(楠丰路)",
        "category": "sports",
        "type": "体育休闲服务;娱乐场所;网吧",
        "district": "锦江区",
        "weight": 1
      }
    },
    {
      "type": "Feature",
      "geometry": {
        "type": "Point",
        "coordinates": [
          104.093685,
          30.595196
        ]
      },
      "properties": {
        "name": "星宇网吧",
        "category": "sports",
        "type": "体育休闲服务;娱乐场所;网吧",
        "district": "锦江区",
        "weight": 1
      }
    },
    {
      "type": "Feature",
      "geometry": {
        "type": "Point",
        "coordinates": [
          104.096928,
          30.590467
        ]
      },
      "properties": {
        "name": "馨园网咖",
        "category": "sports",
        "type": "体育休闲服务;娱乐场所;网吧",
        "district": "锦江区",
        "weight": 1
      }
    },
    {
      "type": "Feature",
      "geometry": {
        "type": "Point",
        "coordinates": [
          104.094774,
          30.590686
        ]
      },
      "properties": {
        "name": "时空引擎引领时空网络会所",
        "category": "sports",
        "type": "体育休闲服务;娱乐场所;网吧",
        "district": "锦江区",
        "weight": 1
      }
    },
    {
      "type": "Feature",
      "geometry": {
        "type": "Point",
        "coordinates": [
          104.102563,
          30.599254
        ]
      },
      "properties": {
        "name": "乐福养老中心",
        "category": "sports",
        "type": "体育休闲服务;体育休闲服务场所;体育休闲服务场所",
        "district": "锦江区",
        "weight": 1
      }
    },
    {
      "type": "Feature",
      "geometry": {
        "type": "Point",
        "coordinates": [
          104.100847,
          30.596095
        ]
      },
      "properties": {
        "name": "三姐麻将馆",
        "category": "sports",
        "type": "体育休闲服务;娱乐场所;棋牌室",
        "district": "锦江区",
        "weight": 1
      }
    },
    {
      "type": "Feature",
      "geometry": {
        "type": "Point",
        "coordinates": [
          104.10635,
          30.595895
        ]
      },
      "properties": {
        "name": "银帆网吧",
        "category": "sports",
        "type": "体育休闲服务;娱乐场所;网吧",
        "district": "锦江区",
        "weight": 2
      }
    },
    {
      "type": "Feature",
      "geometry": {
        "type": "Point",
        "coordinates": [
          104.113205,
          30.591205
        ]
      },
      "properties": {
        "name": "逸景网咖",
        "category": "sports",
        "type": "体育休闲服务;娱乐场所;网吧",
        "district": "锦江区",
        "weight": 3
      }
    },
    {
      "type": "Feature",
      "geometry": {
        "type": "Point",
        "coordinates": [
          104.110391,
          30.593933
        ]
      },
      "properties": {
        "name": "麦卡KTV(锦城逸景店)",
        "category": "sports",
        "type": "体育休闲服务;娱乐场所;KTV",
        "district": "锦江区",
        "weight": 1
      }
    },
    {
      "type": "Feature",
      "geometry": {
        "type": "Point",
        "coordinates": [
          104.113184,
          30.595868
        ]
      },
      "properties": {
        "name": "锦城逸景民风民俗活动广场",
        "category": "sports",
        "type": "体育休闲服务;休闲场所;休闲场所",
        "district": "锦江区",
        "weight": 1
      }
    },
    {
      "type": "Feature",
      "geometry": {
        "type": "Point",
        "coordinates": [
          104.104485,
          30.596039
        ]
      },
      "properties": {
        "name": "上下网吧",
        "category": "sports",
        "type": "体育休闲服务;娱乐场所;网吧",
        "district": "锦江区",
        "weight": 1
      }
    },
    {
      "type": "Feature",
      "geometry": {
        "type": "Point",
        "coordinates": [
          104.104448,
          30.594034
        ]
      },
      "properties": {
        "name": "山林网咖",
        "category": "sports",
        "type": "体育休闲服务;娱乐场所;网吧",
        "district": "锦江区",
        "weight": 4
      }
    },
    {
      "type": "Feature",
      "geometry": {
        "type": "Point",
        "coordinates": [
          104.110642,
          30.590816
        ]
      },
      "properties": {
        "name": "湘北网咖",
        "category": "sports",
        "type": "体育休闲服务;娱乐场所;网吧",
        "district": "锦江区",
        "weight": 1
      }
    },
    {
      "type": "Feature",
      "geometry": {
        "type": "Point",
        "coordinates": [
          104.112882,
          30.593034
        ]
      },
      "properties": {
        "name": "欧毖网咖",
        "category": "sports",
        "type": "体育休闲服务;娱乐场所;网吧",
        "district": "锦江区",
        "weight": 1
      }
    },
    {
      "type": "Feature",
      "geometry": {
        "type": "Point",
        "coordinates": [
          104.111519,
          30.594746
        ]
      },
      "properties": {
        "name": "梵逸瑜伽(锦城逸景店)",
        "category": "sports",
        "type": "体育休闲服务;运动场馆;健身中心",
        "district": "锦江区",
        "weight": 1
      }
    },
    {
      "type": "Feature",
      "geometry": {
        "type": "Point",
        "coordinates": [
          104.110968,
          30.595911
        ]
      },
      "properties": {
        "name": "锦欣久久乐龄康养中心",
        "category": "sports",
        "type": "体育休闲服务;度假疗养场所;疗养院",
        "district": "锦江区",
        "weight": 1
      }
    },
    {
      "type": "Feature",
      "geometry": {
        "type": "Point",
        "coordinates": [
          104.133056,
          30.589245
        ]
      },
      "properties": {
        "name": "隐约",
        "category": "sports",
        "type": "餐饮服务;中餐厅;中餐厅|餐饮服务;休闲餐饮场所;休闲餐饮场所|体育休闲服务;休闲场所;休闲场所",
        "district": "锦江区",
        "weight": 11
      }
    },
    {
      "type": "Feature",
      "geometry": {
        "type": "Point",
        "coordinates": [
          104.12905,
          30.590012
        ]
      },
      "properties": {
        "name": "曲成园(赏梅路)",
        "category": "sports",
        "type": "体育休闲服务;休闲场所;休闲场所",
        "district": "锦江区",
        "weight": 2
      }
    },
    {
      "type": "Feature",
      "geometry": {
        "type": "Point",
        "coordinates": [
          104.127727,
          30.59117
        ]
      },
      "properties": {
        "name": "国学精品动物园",
        "category": "sports",
        "type": "风景名胜;公园广场;动物园|体育休闲服务;休闲场所;休闲场所",
        "district": "锦江区",
        "weight": 1
      }
    },
    {
      "type": "Feature",
      "geometry": {
        "type": "Point",
        "coordinates": [
          104.132865,
          30.598782
        ]
      },
      "properties": {
        "name": "清尘瑜伽会所",
        "category": "sports",
        "type": "体育休闲服务;运动场馆;健身中心",
        "district": "锦江区",
        "weight": 2
      }
    },
    {
      "type": "Feature",
      "geometry": {
        "type": "Point",
        "coordinates": [
          104.139224,
          30.592155
        ]
      },
      "properties": {
        "name": "桫椤网吧",
        "category": "sports",
        "type": "体育休闲服务;娱乐场所;网吧",
        "district": "锦江区",
        "weight": 2
      }
    },
    {
      "type": "Feature",
      "geometry": {
        "type": "Point",
        "coordinates": [
          104.13468,
          30.591211
        ]
      },
      "properties": {
        "name": "风景独好(滨湖路)",
        "category": "sports",
        "type": "体育休闲服务;休闲场所;休闲场所",
        "district": "锦江区",
        "weight": 1
      }
    },
    {
      "type": "Feature",
      "geometry": {
        "type": "Point",
        "coordinates": [
          104.1362,
          30.591594
        ]
      },
      "properties": {
        "name": "华都美林湾游泳池",
        "category": "sports",
        "type": "体育休闲服务;运动场馆;游泳馆",
        "district": "锦江区",
        "weight": 1
      }
    },
    {
      "type": "Feature",
      "geometry": {
        "type": "Point",
        "coordinates": [
          104.13572,
          30.594015
        ]
      },
      "properties": {
        "name": "牛头网咖",
        "category": "sports",
        "type": "体育休闲服务;娱乐场所;网吧",
        "district": "锦江区",
        "weight": 1
      }
    },
    {
      "type": "Feature",
      "geometry": {
        "type": "Point",
        "coordinates": [
          104.136008,
          30.599199
        ]
      },
      "properties": {
        "name": "伊梵瑜伽",
        "category": "sports",
        "type": "体育休闲服务;运动场馆;健身中心",
        "district": "锦江区",
        "weight": 1
      }
    },
    {
      "type": "Feature",
      "geometry": {
        "type": "Point",
        "coordinates": [
          104.13557,
          30.590071
        ]
      },
      "properties": {
        "name": "翠湖春早",
        "category": "sports",
        "type": "体育休闲服务;休闲场所;休闲场所",
        "district": "锦江区",
        "weight": 1
      }
    },
    {
      "type": "Feature",
      "geometry": {
        "type": "Point",
        "coordinates": [
          104.139755,
          30.59765
        ]
      },
      "properties": {
        "name": "邦林健身",
        "category": "sports",
        "type": "体育休闲服务;运动场馆;健身中心",
        "district": "锦江区",
        "weight": 2
      }
    },
    {
      "type": "Feature",
      "geometry": {
        "type": "Point",
        "coordinates": [
          104.143242,
          30.597815
        ]
      },
      "properties": {
        "name": "顶峰健身(成都锦江店)",
        "category": "sports",
        "type": "体育休闲服务;运动场馆;健身中心",
        "district": "锦江区",
        "weight": 1
      }
    },
    {
      "type": "Feature",
      "geometry": {
        "type": "Point",
        "coordinates": [
          104.138759,
          30.595895
        ]
      },
      "properties": {
        "name": "常乐茶居",
        "category": "sports",
        "type": "体育休闲服务;娱乐场所;棋牌室",
        "district": "锦江区",
        "weight": 1
      }
    },
    {
      "type": "Feature",
      "geometry": {
        "type": "Point",
        "coordinates": [
          104.1342,
          30.594045
        ]
      },
      "properties": {
        "name": "88号足球训练会馆",
        "category": "sports",
        "type": "体育休闲服务;运动场馆;足球场",
        "district": "锦江区",
        "weight": 1
      }
    },
    {
      "type": "Feature",
      "geometry": {
        "type": "Point",
        "coordinates": [
          104.15409,
          30.591223
        ]
      },
      "properties": {
        "name": "蕊鑫苑",
        "category": "sports",
        "type": "餐饮服务;中餐厅;中餐厅|体育休闲服务;休闲场所;休闲场所",
        "district": "锦江区",
        "weight": 3
      }
    },
    {
      "type": "Feature",
      "geometry": {
        "type": "Point",
        "coordinates": [
          104.146695,
          30.593481
        ]
      },
      "properties": {
        "name": "欧毖网络生活馆",
        "category": "sports",
        "type": "体育休闲服务;体育休闲服务场所;体育休闲服务场所",
        "district": "锦江区",
        "weight": 1
      }
    },
    {
      "type": "Feature",
      "geometry": {
        "type": "Point",
        "coordinates": [
          104.161886,
          30.59064
        ]
      },
      "properties": {
        "name": "牛棚",
        "category": "sports",
        "type": "体育休闲服务;娱乐场所;KTV",
        "district": "锦江区",
        "weight": 12
      }
    },
    {
      "type": "Feature",
      "geometry": {
        "type": "Point",
        "coordinates": [
          104.156264,
          30.591436
        ]
      },
      "properties": {
        "name": "时光漫漫",
        "category": "sports",
        "type": "体育休闲服务;休闲场所;休闲场所",
        "district": "锦江区",
        "weight": 4
      }
    },
    {
      "type": "Feature",
      "geometry": {
        "type": "Point",
        "coordinates": [
          104.156641,
          30.593072
        ]
      },
      "properties": {
        "name": "一善山庄",
        "category": "sports",
        "type": "体育休闲服务;休闲场所;休闲场所",
        "district": "锦江区",
        "weight": 2
      }
    },
    {
      "type": "Feature",
      "geometry": {
        "type": "Point",
        "coordinates": [
          104.157269,
          30.589783
        ]
      },
      "properties": {
        "name": "老柴火蓉舒苑(分店)",
        "category": "sports",
        "type": "体育休闲服务;休闲场所;休闲场所",
        "district": "锦江区",
        "weight": 1
      }
    },
    {
      "type": "Feature",
      "geometry": {
        "type": "Point",
        "coordinates": [
          104.164398,
          30.592232
        ]
      },
      "properties": {
        "name": "三兴园",
        "category": "sports",
        "type": "体育休闲服务;休闲场所;休闲场所",
        "district": "锦江区",
        "weight": 2
      }
    },
    {
      "type": "Feature",
      "geometry": {
        "type": "Point",
        "coordinates": [
          103.971213,
          30.581323
        ]
      },
      "properties": {
        "name": "友情天地KTV",
        "category": "sports",
        "type": "体育休闲服务;娱乐场所;KTV",
        "district": "武侯区",
        "weight": 1
      }
    },
    {
      "type": "Feature",
      "geometry": {
        "type": "Point",
        "coordinates": [
          103.966472,
          30.583923
        ]
      },
      "properties": {
        "name": "九灸网吧",
        "category": "sports",
        "type": "体育休闲服务;娱乐场所;网吧",
        "district": "武侯区",
        "weight": 2
      }
    },
    {
      "type": "Feature",
      "geometry": {
        "type": "Point",
        "coordinates": [
          103.968366,
          30.57985
        ]
      },
      "properties": {
        "name": "我们的故事Bar",
        "category": "sports",
        "type": "体育休闲服务;娱乐场所;酒吧",
        "district": "武侯区",
        "weight": 1
      }
    },
    {
      "type": "Feature",
      "geometry": {
        "type": "Point",
        "coordinates": [
          103.964813,
          30.582991
        ]
      },
      "properties": {
        "name": "db cooper飞行者联盟",
        "category": "sports",
        "type": "体育休闲服务;体育休闲服务场所;体育休闲服务场所",
        "district": "武侯区",
        "weight": 1
      }
    },
    {
      "type": "Feature",
      "geometry": {
        "type": "Point",
        "coordinates": [
          103.973502,
          30.581448
        ]
      },
      "properties": {
        "name": "新界网吧",
        "category": "sports",
        "type": "体育休闲服务;娱乐场所;网吧",
        "district": "武侯区",
        "weight": 2
      }
    },
    {
      "type": "Feature",
      "geometry": {
        "type": "Point",
        "coordinates": [
          103.965679,
          30.586588
        ]
      },
      "properties": {
        "name": "四川寿而康养老",
        "category": "sports",
        "type": "体育休闲服务;度假疗养场所;疗养院",
        "district": "武侯区",
        "weight": 1
      }
    },
    {
      "type": "Feature",
      "geometry": {
        "type": "Point",
        "coordinates": [
          103.965466,
          30.589374
        ]
      },
      "properties": {
        "name": "成都武侯寿而康老年颐养中心",
        "category": "sports",
        "type": "体育休闲服务;体育休闲服务场所;体育休闲服务场所",
        "district": "武侯区",
        "weight": 2
      }
    },
    {
      "type": "Feature",
      "geometry": {
        "type": "Point",
        "coordinates": [
          103.969929,
          30.585014
        ]
      },
      "properties": {
        "name": "血战到底",
        "category": "sports",
        "type": "体育休闲服务;娱乐场所;棋牌室",
        "district": "武侯区",
        "weight": 2
      }
    },
    {
      "type": "Feature",
      "geometry": {
        "type": "Point",
        "coordinates": [
          103.964903,
          30.58106
        ]
      },
      "properties": {
        "name": "钓鱼场",
        "category": "sports",
        "type": "体育休闲服务;休闲场所;垂钓园",
        "district": "武侯区",
        "weight": 1
      }
    },
    {
      "type": "Feature",
      "geometry": {
        "type": "Point",
        "coordinates": [
          103.974867,
          30.581281
        ]
      },
      "properties": {
        "name": "兄弟麻将馆",
        "category": "sports",
        "type": "体育休闲服务;娱乐场所;棋牌室",
        "district": "武侯区",
        "weight": 1
      }
    },
    {
      "type": "Feature",
      "geometry": {
        "type": "Point",
        "coordinates": [
          103.974643,
          30.586538
        ]
      },
      "properties": {
        "name": "丰尚网吧(凉港二路)",
        "category": "sports",
        "type": "体育休闲服务;娱乐场所;网吧",
        "district": "武侯区",
        "weight": 1
      }
    },
    {
      "type": "Feature",
      "geometry": {
        "type": "Point",
        "coordinates": [
          103.984862,
          30.589071
        ]
      },
      "properties": {
        "name": "浓园艺术村",
        "category": "sports",
        "type": "体育休闲服务;娱乐场所;娱乐场所",
        "district": "武侯区",
        "weight": 2
      }
    },
    {
      "type": "Feature",
      "geometry": {
        "type": "Point",
        "coordinates": [
          104.003043,
          30.586623
        ]
      },
      "properties": {
        "name": "综合体育馆",
        "category": "sports",
        "type": "体育休闲服务;运动场馆;综合体育馆",
        "district": "武侯区",
        "weight": 7
      }
    },
    {
      "type": "Feature",
      "geometry": {
        "type": "Point",
        "coordinates": [
          104.001476,
          30.589459
        ]
      },
      "properties": {
        "name": "月亮湾",
        "category": "sports",
        "type": "商务住宅;住宅区;住宅小区|体育休闲服务;休闲场所;休闲场所",
        "district": "武侯区",
        "weight": 1
      }
    },
    {
      "type": "Feature",
      "geometry": {
        "type": "Point",
        "coordinates": [
          104.002888,
          30.580861
        ]
      },
      "properties": {
        "name": "丘处鸡生态餐饮园",
        "category": "sports",
        "type": "体育休闲服务;休闲场所;休闲场所|餐饮服务;中餐厅;中餐厅",
        "district": "武侯区",
        "weight": 1
      }
    },
    {
      "type": "Feature",
      "geometry": {
        "type": "Point",
        "coordinates": [
          104.004376,
          30.587581
        ]
      },
      "properties": {
        "name": "成都体育学院航空港校区体育场",
        "category": "sports",
        "type": "体育休闲服务;运动场馆;综合体育馆",
        "district": "武侯区",
        "weight": 1
      }
    },
    {
      "type": "Feature",
      "geometry": {
        "type": "Point",
        "coordinates": [
          104.004132,
          30.583744
        ]
      },
      "properties": {
        "name": "成都体育学院航空港校区篮球场",
        "category": "sports",
        "type": "体育休闲服务;运动场馆;篮球场馆",
        "district": "武侯区",
        "weight": 1
      }
    },
    {
      "type": "Feature",
      "geometry": {
        "type": "Point",
        "coordinates": [
          104.004872,
          30.585953
        ]
      },
      "properties": {
        "name": "成都体育学院航空港校区网球场(美好·家园西北)",
        "category": "sports",
        "type": "体育休闲服务;运动场馆;网球场",
        "district": "武侯区",
        "weight": 1
      }
    },
    {
      "type": "Feature",
      "geometry": {
        "type": "Point",
        "coordinates": [
          104.006542,
          30.585848
        ]
      },
      "properties": {
        "name": "成都体育学院航空港校区网球场(美好花园三期西北)",
        "category": "sports",
        "type": "体育休闲服务;运动场馆;网球场",
        "district": "武侯区",
        "weight": 1
      }
    },
    {
      "type": "Feature",
      "geometry": {
        "type": "Point",
        "coordinates": [
          104.005337,
          30.584771
        ]
      },
      "properties": {
        "name": "月亮湾水上世界",
        "category": "sports",
        "type": "体育休闲服务;休闲场所;水上活动中心",
        "district": "武侯区",
        "weight": 1
      }
    },
    {
      "type": "Feature",
      "geometry": {
        "type": "Point",
        "coordinates": [
          104.016116,
          30.587093
        ]
      },
      "properties": {
        "name": "梦月亮生态园",
        "category": "sports",
        "type": "体育休闲服务;休闲场所;采摘园",
        "district": "武侯区",
        "weight": 1
      }
    },
    {
      "type": "Feature",
      "geometry": {
        "type": "Point",
        "coordinates": [
          104.017064,
          30.586385
        ]
      },
      "properties": {
        "name": "凉山在蓉老干部活动中心",
        "category": "sports",
        "type": "体育休闲服务;休闲场所;休闲场所",
        "district": "武侯区",
        "weight": 1
      }
    },
    {
      "type": "Feature",
      "geometry": {
        "type": "Point",
        "coordinates": [
          104.030656,
          30.580579
        ]
      },
      "properties": {
        "name": "美洲滑板公园",
        "category": "sports",
        "type": "体育休闲服务;运动场馆;运动场所",
        "district": "武侯区",
        "weight": 3
      }
    },
    {
      "type": "Feature",
      "geometry": {
        "type": "Point",
        "coordinates": [
          104.03354,
          30.587238
        ]
      },
      "properties": {
        "name": "蓝色沸点网咖(新园大道)",
        "category": "sports",
        "type": "体育休闲服务;娱乐场所;网吧",
        "district": "武侯区",
        "weight": 2
      }
    },
    {
      "type": "Feature",
      "geometry": {
        "type": "Point",
        "coordinates": [
          104.028383,
          30.583222
        ]
      },
      "properties": {
        "name": "传神网吧(仁和南街)",
        "category": "sports",
        "type": "体育休闲服务;娱乐场所;网吧",
        "district": "武侯区",
        "weight": 1
      }
    },
    {
      "type": "Feature",
      "geometry": {
        "type": "Point",
        "coordinates": [
          104.03174,
          30.585997
        ]
      },
      "properties": {
        "name": "致观网咖(石桥东街)",
        "category": "sports",
        "type": "体育休闲服务;娱乐场所;网吧",
        "district": "武侯区",
        "weight": 1
      }
    },
    {
      "type": "Feature",
      "geometry": {
        "type": "Point",
        "coordinates": [
          104.027739,
          30.584865
        ]
      },
      "properties": {
        "name": "顺欣商务会所",
        "category": "sports",
        "type": "体育休闲服务;娱乐场所;娱乐场所",
        "district": "武侯区",
        "weight": 2
      }
    },
    {
      "type": "Feature",
      "geometry": {
        "type": "Point",
        "coordinates": [
          104.032765,
          30.586526
        ]
      },
      "properties": {
        "name": "新源六一网咖",
        "category": "sports",
        "type": "体育休闲服务;娱乐场所;网吧",
        "district": "武侯区",
        "weight": 1
      }
    },
    {
      "type": "Feature",
      "geometry": {
        "type": "Point",
        "coordinates": [
          104.030639,
          30.583503
        ]
      },
      "properties": {
        "name": "石羊敬老院",
        "category": "sports",
        "type": "体育休闲服务;度假疗养场所;疗养院",
        "district": "武侯区",
        "weight": 1
      }
    },
    {
      "type": "Feature",
      "geometry": {
        "type": "Point",
        "coordinates": [
          104.029232,
          30.580504
        ]
      },
      "properties": {
        "name": "美洲四季滑雪场",
        "category": "sports",
        "type": "体育休闲服务;运动场馆;滑雪场",
        "district": "武侯区",
        "weight": 1
      }
    },
    {
      "type": "Feature",
      "geometry": {
        "type": "Point",
        "coordinates": [
          104.02933,
          30.584674
        ]
      },
      "properties": {
        "name": "三元社区民情茶园老年活动中心",
        "category": "sports",
        "type": "体育休闲服务;休闲场所;休闲场所",
        "district": "武侯区",
        "weight": 1
      }
    },
    {
      "type": "Feature",
      "geometry": {
        "type": "Point",
        "coordinates": [
          104.027301,
          30.587599
        ]
      },
      "properties": {
        "name": "顶火车会",
        "category": "sports",
        "type": "体育休闲服务;体育休闲服务场所;体育休闲服务场所",
        "district": "武侯区",
        "weight": 1
      }
    },
    {
      "type": "Feature",
      "geometry": {
        "type": "Point",
        "coordinates": [
          104.036422,
          30.584459
        ]
      },
      "properties": {
        "name": "兴蕊休闲会所",
        "category": "sports",
        "type": "体育休闲服务;休闲场所;休闲场所",
        "district": "武侯区",
        "weight": 1
      }
    },
    {
      "type": "Feature",
      "geometry": {
        "type": "Point",
        "coordinates": [
          104.037006,
          30.585235
        ]
      },
      "properties": {
        "name": "港都歌城",
        "category": "sports",
        "type": "体育休闲服务;娱乐场所;KTV",
        "district": "武侯区",
        "weight": 1
      }
    },
    {
      "type": "Feature",
      "geometry": {
        "type": "Point",
        "coordinates": [
          104.034323,
          30.588916
        ]
      },
      "properties": {
        "name": "国防乐园",
        "category": "sports",
        "type": "体育休闲服务;休闲场所;休闲场所",
        "district": "武侯区",
        "weight": 1
      }
    },
    {
      "type": "Feature",
      "geometry": {
        "type": "Point",
        "coordinates": [
          104.034764,
          30.58008
        ]
      },
      "properties": {
        "name": "航鹏网咖",
        "category": "sports",
        "type": "体育休闲服务;娱乐场所;网吧",
        "district": "武侯区",
        "weight": 2
      }
    },
    {
      "type": "Feature",
      "geometry": {
        "type": "Point",
        "coordinates": [
          104.036455,
          30.586817
        ]
      },
      "properties": {
        "name": "在水一方",
        "category": "sports",
        "type": "体育休闲服务;休闲场所;休闲场所",
        "district": "武侯区",
        "weight": 2
      }
    },
    {
      "type": "Feature",
      "geometry": {
        "type": "Point",
        "coordinates": [
          104.035433,
          30.582309
        ]
      },
      "properties": {
        "name": "成都星宸网吧",
        "category": "sports",
        "type": "体育休闲服务;娱乐场所;网吧",
        "district": "武侯区",
        "weight": 1
      }
    },
    {
      "type": "Feature",
      "geometry": {
        "type": "Point",
        "coordinates": [
          104.039386,
          30.580158
        ]
      },
      "properties": {
        "name": "元华路干休所",
        "category": "sports",
        "type": "体育休闲服务;度假疗养场所;疗养院",
        "district": "武侯区",
        "weight": 1
      }
    },
    {
      "type": "Feature",
      "geometry": {
        "type": "Point",
        "coordinates": [
          104.050917,
          30.585702
        ]
      },
      "properties": {
        "name": "遇见W-CLUB",
        "category": "sports",
        "type": "体育休闲服务;娱乐场所;酒吧",
        "district": "武侯区",
        "weight": 1
      }
    },
    {
      "type": "Feature",
      "geometry": {
        "type": "Point",
        "coordinates": [
          104.0509,
          30.581377
        ]
      },
      "properties": {
        "name": "啤酒博士(锦尚西二路)",
        "category": "sports",
        "type": "体育休闲服务;娱乐场所;酒吧|购物服务;专卖店;烟酒专卖店",
        "district": "武侯区",
        "weight": 1
      }
    },
    {
      "type": "Feature",
      "geometry": {
        "type": "Point",
        "coordinates": [
          104.045035,
          30.584159
        ]
      },
      "properties": {
        "name": "奔跑吧撕名牌联盟",
        "category": "sports",
        "type": "体育休闲服务;运动场馆;运动场所",
        "district": "武侯区",
        "weight": 1
      }
    },
    {
      "type": "Feature",
      "geometry": {
        "type": "Point",
        "coordinates": [
          104.046623,
          30.580361
        ]
      },
      "properties": {
        "name": "杰恩蓝闪吧",
        "category": "sports",
        "type": "体育休闲服务;娱乐场所;酒吧",
        "district": "武侯区",
        "weight": 1
      }
    },
    {
      "type": "Feature",
      "geometry": {
        "type": "Point",
        "coordinates": [
          104.048083,
          30.580143
        ]
      },
      "properties": {
        "name": "一梵瑜伽(高新店)",
        "category": "sports",
        "type": "体育休闲服务;运动场馆;健身中心",
        "district": "武侯区",
        "weight": 1
      }
    },
    {
      "type": "Feature",
      "geometry": {
        "type": "Point",
        "coordinates": [
          104.052579,
          30.584004
        ]
      },
      "properties": {
        "name": "点融网",
        "category": "sports",
        "type": "体育休闲服务;体育休闲服务场所;体育休闲服务场所",
        "district": "武侯区",
        "weight": 3
      }
    },
    {
      "type": "Feature",
      "geometry": {
        "type": "Point",
        "coordinates": [
          104.050042,
          30.588999
        ]
      },
      "properties": {
        "name": "清健身(仁和春天花园店)",
        "category": "sports",
        "type": "体育休闲服务;运动场馆;健身中心",
        "district": "武侯区",
        "weight": 1
      }
    },
    {
      "type": "Feature",
      "geometry": {
        "type": "Point",
        "coordinates": [
          104.053138,
          30.58049
        ]
      },
      "properties": {
        "name": "吉瑞南苑网球(锦尚西二路)",
        "category": "sports",
        "type": "体育休闲服务;运动场馆;网球场",
        "district": "武侯区",
        "weight": 1
      }
    },
    {
      "type": "Feature",
      "geometry": {
        "type": "Point",
        "coordinates": [
          104.053197,
          30.588152
        ]
      },
      "properties": {
        "name": "博亚网络",
        "category": "sports",
        "type": "体育休闲服务;体育休闲服务场所;体育休闲服务场所",
        "district": "武侯区",
        "weight": 1
      }
    },
    {
      "type": "Feature",
      "geometry": {
        "type": "Point",
        "coordinates": [
          104.05906,
          30.585919
        ]
      },
      "properties": {
        "name": "四川中航航空俱乐部",
        "category": "sports",
        "type": "生活服务;旅行社;旅行社|体育休闲服务;体育休闲服务场所;体育休闲服务场所",
        "district": "武侯区",
        "weight": 2
      }
    },
    {
      "type": "Feature",
      "geometry": {
        "type": "Point",
        "coordinates": [
          104.059122,
          30.580539
        ]
      },
      "properties": {
        "name": "威克网咖",
        "category": "sports",
        "type": "体育休闲服务;娱乐场所;网吧",
        "district": "武侯区",
        "weight": 5
      }
    },
    {
      "type": "Feature",
      "geometry": {
        "type": "Point",
        "coordinates": [
          104.06004,
          30.579517
        ]
      },
      "properties": {
        "name": "梦根网咖",
        "category": "sports",
        "type": "体育休闲服务;娱乐场所;网吧",
        "district": "武侯区",
        "weight": 1
      }
    },
    {
      "type": "Feature",
      "geometry": {
        "type": "Point",
        "coordinates": [
          104.058086,
          30.586475
        ]
      },
      "properties": {
        "name": "菩提玉影",
        "category": "sports",
        "type": "体育休闲服务;娱乐场所;KTV",
        "district": "武侯区",
        "weight": 1
      }
    },
    {
      "type": "Feature",
      "geometry": {
        "type": "Point",
        "coordinates": [
          104.058039,
          30.580335
        ]
      },
      "properties": {
        "name": "极致游戏",
        "category": "sports",
        "type": "体育休闲服务;体育休闲服务场所;体育休闲服务场所",
        "district": "武侯区",
        "weight": 1
      }
    },
    {
      "type": "Feature",
      "geometry": {
        "type": "Point",
        "coordinates": [
          104.065305,
          30.580672
        ]
      },
      "properties": {
        "name": "云图俱乐部",
        "category": "sports",
        "type": "体育休闲服务;体育休闲服务场所;体育休闲服务场所",
        "district": "武侯区",
        "weight": 1
      }
    },
    {
      "type": "Feature",
      "geometry": {
        "type": "Point",
        "coordinates": [
          104.090427,
          30.588352
        ]
      },
      "properties": {
        "name": "尚道道场",
        "category": "sports",
        "type": "体育休闲服务;运动场馆;跆拳道场馆",
        "district": "锦江区",
        "weight": 2
      }
    },
    {
      "type": "Feature",
      "geometry": {
        "type": "Point",
        "coordinates": [
          104.100117,
          30.588525
        ]
      },
      "properties": {
        "name": "锦馨山庄",
        "category": "sports",
        "type": "餐饮服务;中餐厅;中餐厅|体育休闲服务;休闲场所;休闲场所",
        "district": "锦江区",
        "weight": 1
      }
    },
    {
      "type": "Feature",
      "geometry": {
        "type": "Point",
        "coordinates": [
          104.107682,
          30.583653
        ]
      },
      "properties": {
        "name": "石板凳休闲庄",
        "category": "sports",
        "type": "体育休闲服务;休闲场所;休闲场所|餐饮服务;中餐厅;中餐厅",
        "district": "锦江区",
        "weight": 1
      }
    },
    {
      "type": "Feature",
      "geometry": {
        "type": "Point",
        "coordinates": [
          104.117236,
          30.58605
        ]
      },
      "properties": {
        "name": "金港赛车场",
        "category": "sports",
        "type": "体育休闲服务;体育休闲服务场所;体育休闲服务场所",
        "district": "锦江区",
        "weight": 2
      }
    },
    {
      "type": "Feature",
      "geometry": {
        "type": "Point",
        "coordinates": [
          104.121372,
          30.588549
        ]
      },
      "properties": {
        "name": "凉山寨",
        "category": "sports",
        "type": "餐饮服务;中餐厅;特色/地方风味餐厅|体育休闲服务;休闲场所;休闲场所",
        "district": "锦江区",
        "weight": 4
      }
    },
    {
      "type": "Feature",
      "geometry": {
        "type": "Point",
        "coordinates": [
          104.119476,
          30.579562
        ]
      },
      "properties": {
        "name": "风玲农家乐",
        "category": "sports",
        "type": "体育休闲服务;休闲场所;休闲场所",
        "district": "锦江区",
        "weight": 1
      }
    },
    {
      "type": "Feature",
      "geometry": {
        "type": "Point",
        "coordinates": [
          104.119891,
          30.587656
        ]
      },
      "properties": {
        "name": "Dark Night",
        "category": "sports",
        "type": "体育休闲服务;体育休闲服务场所;体育休闲服务场所",
        "district": "锦江区",
        "weight": 1
      }
    },
    {
      "type": "Feature",
      "geometry": {
        "type": "Point",
        "coordinates": [
          104.132765,
          30.583128
        ]
      },
      "properties": {
        "name": "别院",
        "category": "sports",
        "type": "餐饮服务;中餐厅;中餐厅|体育休闲服务;休闲场所;休闲场所",
        "district": "锦江区",
        "weight": 11
      }
    },
    {
      "type": "Feature",
      "geometry": {
        "type": "Point",
        "coordinates": [
          104.133493,
          30.585464
        ]
      },
      "properties": {
        "name": "猪哥家常菜",
        "category": "sports",
        "type": "体育休闲服务;休闲场所;休闲场所",
        "district": "锦江区",
        "weight": 1
      }
    },
    {
      "type": "Feature",
      "geometry": {
        "type": "Point",
        "coordinates": [
          104.133171,
          30.586364
        ]
      },
      "properties": {
        "name": "三圣乡乔家大院(三圣乡店)",
        "category": "sports",
        "type": "体育休闲服务;休闲场所;休闲场所",
        "district": "锦江区",
        "weight": 1
      }
    },
    {
      "type": "Feature",
      "geometry": {
        "type": "Point",
        "coordinates": [
          104.126447,
          30.58926
        ]
      },
      "properties": {
        "name": "梅林翠湖",
        "category": "sports",
        "type": "体育休闲服务;休闲场所;休闲场所",
        "district": "锦江区",
        "weight": 1
      }
    },
    {
      "type": "Feature",
      "geometry": {
        "type": "Point",
        "coordinates": [
          104.131567,
          30.587062
        ]
      },
      "properties": {
        "name": "玫瑰园(醉香路)",
        "category": "sports",
        "type": "体育休闲服务;休闲场所;休闲场所",
        "district": "锦江区",
        "weight": 1
      }
    },
    {
      "type": "Feature",
      "geometry": {
        "type": "Point",
        "coordinates": [
          104.128363,
          30.589002
        ]
      },
      "properties": {
        "name": "东盛",
        "category": "sports",
        "type": "体育休闲服务;休闲场所;休闲场所",
        "district": "锦江区",
        "weight": 1
      }
    },
    {
      "type": "Feature",
      "geometry": {
        "type": "Point",
        "coordinates": [
          104.123583,
          30.584622
        ]
      },
      "properties": {
        "name": "城市猎人真人CS(三圣乡店)",
        "category": "sports",
        "type": "体育休闲服务;娱乐场所;娱乐场所",
        "district": "锦江区",
        "weight": 1
      }
    },
    {
      "type": "Feature",
      "geometry": {
        "type": "Point",
        "coordinates": [
          104.1367,
          30.586564
        ]
      },
      "properties": {
        "name": "百合花园",
        "category": "sports",
        "type": "餐饮服务;中餐厅;中餐厅|体育休闲服务;休闲场所;休闲场所",
        "district": "锦江区",
        "weight": 3
      }
    },
    {
      "type": "Feature",
      "geometry": {
        "type": "Point",
        "coordinates": [
          104.136004,
          30.589165
        ]
      },
      "properties": {
        "name": "风雨长廊",
        "category": "sports",
        "type": "体育休闲服务;休闲场所;休闲场所",
        "district": "锦江区",
        "weight": 1
      }
    },
    {
      "type": "Feature",
      "geometry": {
        "type": "Point",
        "coordinates": [
          104.13659,
          30.584018
        ]
      },
      "properties": {
        "name": "太极人家",
        "category": "sports",
        "type": "体育休闲服务;运动场馆;运动场所|餐饮服务;中餐厅;中餐厅",
        "district": "锦江区",
        "weight": 2
      }
    },
    {
      "type": "Feature",
      "geometry": {
        "type": "Point",
        "coordinates": [
          104.13815,
          30.582217
        ]
      },
      "properties": {
        "name": "知春园农家乐",
        "category": "sports",
        "type": "体育休闲服务;休闲场所;休闲场所",
        "district": "锦江区",
        "weight": 1
      }
    },
    {
      "type": "Feature",
      "geometry": {
        "type": "Point",
        "coordinates": [
          104.136985,
          30.585364
        ]
      },
      "properties": {
        "name": "圣源山庄",
        "category": "sports",
        "type": "餐饮服务;中餐厅;中餐厅|体育休闲服务;休闲场所;休闲场所",
        "district": "锦江区",
        "weight": 1
      }
    },
    {
      "type": "Feature",
      "geometry": {
        "type": "Point",
        "coordinates": [
          104.135868,
          30.58006
        ]
      },
      "properties": {
        "name": "幸福里",
        "category": "sports",
        "type": "体育休闲服务;休闲场所;休闲场所",
        "district": "锦江区",
        "weight": 1
      }
    },
    {
      "type": "Feature",
      "geometry": {
        "type": "Point",
        "coordinates": [
          104.141748,
          30.581984
        ]
      },
      "properties": {
        "name": "山里边黑猪肉体验馆",
        "category": "sports",
        "type": "体育休闲服务;休闲场所;休闲场所",
        "district": "锦江区",
        "weight": 1
      }
    },
    {
      "type": "Feature",
      "geometry": {
        "type": "Point",
        "coordinates": [
          104.143029,
          30.580805
        ]
      },
      "properties": {
        "name": "四季醉农家乐",
        "category": "sports",
        "type": "体育休闲服务;休闲场所;休闲场所",
        "district": "锦江区",
        "weight": 1
      }
    },
    {
      "type": "Feature",
      "geometry": {
        "type": "Point",
        "coordinates": [
          104.136305,
          30.587683
        ]
      },
      "properties": {
        "name": "幸福春天(三圣乡店)",
        "category": "sports",
        "type": "体育休闲服务;休闲场所;休闲场所",
        "district": "锦江区",
        "weight": 1
      }
    },
    {
      "type": "Feature",
      "geometry": {
        "type": "Point",
        "coordinates": [
          104.135793,
          30.585599
        ]
      },
      "properties": {
        "name": "三圣乡钓鱼点",
        "category": "sports",
        "type": "体育休闲服务;休闲场所;垂钓园",
        "district": "锦江区",
        "weight": 1
      }
    },
    {
      "type": "Feature",
      "geometry": {
        "type": "Point",
        "coordinates": [
          104.147887,
          30.579939
        ]
      },
      "properties": {
        "name": "田园鸭嘴鱼农庄(簧柏路)",
        "category": "sports",
        "type": "体育休闲服务;休闲场所;休闲场所",
        "district": "锦江区",
        "weight": 1
      }
    },
    {
      "type": "Feature",
      "geometry": {
        "type": "Point",
        "coordinates": [
          104.152929,
          30.586062
        ]
      },
      "properties": {
        "name": "国宝堂",
        "category": "sports",
        "type": "体育休闲服务;休闲场所;休闲场所",
        "district": "锦江区",
        "weight": 1
      }
    },
    {
      "type": "Feature",
      "geometry": {
        "type": "Point",
        "coordinates": [
          104.150954,
          30.586408
        ]
      },
      "properties": {
        "name": "峰林居农家乐",
        "category": "sports",
        "type": "体育休闲服务;休闲场所;休闲场所",
        "district": "锦江区",
        "weight": 1
      }
    },
    {
      "type": "Feature",
      "geometry": {
        "type": "Point",
        "coordinates": [
          104.152991,
          30.587346
        ]
      },
      "properties": {
        "name": "滙丰花园",
        "category": "sports",
        "type": "体育休闲服务;休闲场所;休闲场所",
        "district": "锦江区",
        "weight": 2
      }
    },
    {
      "type": "Feature",
      "geometry": {
        "type": "Point",
        "coordinates": [
          104.150237,
          30.583667
        ]
      },
      "properties": {
        "name": "刘姐麻将馆",
        "category": "sports",
        "type": "体育休闲服务;体育休闲服务场所;体育休闲服务场所",
        "district": "锦江区",
        "weight": 1
      }
    },
    {
      "type": "Feature",
      "geometry": {
        "type": "Point",
        "coordinates": [
          104.144828,
          30.583837
        ]
      },
      "properties": {
        "name": "三圣街道驸马社区市民活动中心",
        "category": "sports",
        "type": "体育休闲服务;休闲场所;休闲场所",
        "district": "锦江区",
        "weight": 1
      }
    },
    {
      "type": "Feature",
      "geometry": {
        "type": "Point",
        "coordinates": [
          104.160276,
          30.587733
        ]
      },
      "properties": {
        "name": "圣花园",
        "category": "sports",
        "type": "体育休闲服务;休闲场所;休闲场所",
        "district": "锦江区",
        "weight": 23
      }
    },
    {
      "type": "Feature",
      "geometry": {
        "type": "Point",
        "coordinates": [
          104.15978,
          30.581575
        ]
      },
      "properties": {
        "name": "刘家花园",
        "category": "sports",
        "type": "体育休闲服务;休闲场所;休闲场所",
        "district": "锦江区",
        "weight": 1
      }
    },
    {
      "type": "Feature",
      "geometry": {
        "type": "Point",
        "coordinates": [
          104.158602,
          30.585771
        ]
      },
      "properties": {
        "name": "御泽堂",
        "category": "sports",
        "type": "体育休闲服务;休闲场所;休闲场所",
        "district": "锦江区",
        "weight": 1
      }
    },
    {
      "type": "Feature",
      "geometry": {
        "type": "Point",
        "coordinates": [
          104.153877,
          30.588634
        ]
      },
      "properties": {
        "name": "佳馨花园",
        "category": "sports",
        "type": "体育休闲服务;休闲场所;休闲场所",
        "district": "锦江区",
        "weight": 1
      }
    },
    {
      "type": "Feature",
      "geometry": {
        "type": "Point",
        "coordinates": [
          104.155708,
          30.588034
        ]
      },
      "properties": {
        "name": "牡丹生态园",
        "category": "sports",
        "type": "体育休闲服务;休闲场所;休闲场所",
        "district": "锦江区",
        "weight": 1
      }
    },
    {
      "type": "Feature",
      "geometry": {
        "type": "Point",
        "coordinates": [
          104.161814,
          30.589351
        ]
      },
      "properties": {
        "name": "田园居生态园",
        "category": "sports",
        "type": "体育休闲服务;休闲场所;休闲场所",
        "district": "锦江区",
        "weight": 1
      }
    },
    {
      "type": "Feature",
      "geometry": {
        "type": "Point",
        "coordinates": [
          104.155185,
          30.583511
        ]
      },
      "properties": {
        "name": "蜀仙园",
        "category": "sports",
        "type": "体育休闲服务;休闲场所;休闲场所",
        "district": "锦江区",
        "weight": 4
      }
    },
    {
      "type": "Feature",
      "geometry": {
        "type": "Point",
        "coordinates": [
          104.154679,
          30.585965
        ]
      },
      "properties": {
        "name": "蓬莱苑",
        "category": "sports",
        "type": "体育休闲服务;休闲场所;休闲场所",
        "district": "锦江区",
        "weight": 4
      }
    },
    {
      "type": "Feature",
      "geometry": {
        "type": "Point",
        "coordinates": [
          104.157642,
          30.585269
        ]
      },
      "properties": {
        "name": "半坡居阳光木屋",
        "category": "sports",
        "type": "体育休闲服务;休闲场所;休闲场所",
        "district": "锦江区",
        "weight": 1
      }
    },
    {
      "type": "Feature",
      "geometry": {
        "type": "Point",
        "coordinates": [
          104.162972,
          30.588851
        ]
      },
      "properties": {
        "name": "天圆山庄",
        "category": "sports",
        "type": "体育休闲服务;休闲场所;休闲场所",
        "district": "锦江区",
        "weight": 1
      }
    },
    {
      "type": "Feature",
      "geometry": {
        "type": "Point",
        "coordinates": [
          104.156281,
          30.584771
        ]
      },
      "properties": {
        "name": "水岸花苑",
        "category": "sports",
        "type": "体育休闲服务;休闲场所;休闲场所",
        "district": "锦江区",
        "weight": 6
      }
    },
    {
      "type": "Feature",
      "geometry": {
        "type": "Point",
        "coordinates": [
          104.155667,
          30.589045
        ]
      },
      "properties": {
        "name": "繁华生态园",
        "category": "sports",
        "type": "体育休闲服务;休闲场所;休闲场所",
        "district": "锦江区",
        "weight": 1
      }
    },
    {
      "type": "Feature",
      "geometry": {
        "type": "Point",
        "coordinates": [
          104.157043,
          30.581905
        ]
      },
      "properties": {
        "name": "马帮寨",
        "category": "sports",
        "type": "体育休闲服务;休闲场所;休闲场所",
        "district": "锦江区",
        "weight": 1
      }
    },
    {
      "type": "Feature",
      "geometry": {
        "type": "Point",
        "coordinates": [
          104.162731,
          30.586231
        ]
      },
      "properties": {
        "name": "怡园(杜英路)",
        "category": "sports",
        "type": "体育休闲服务;休闲场所;休闲场所",
        "district": "锦江区",
        "weight": 1
      }
    },
    {
      "type": "Feature",
      "geometry": {
        "type": "Point",
        "coordinates": [
          104.15863,
          30.584472
        ]
      },
      "properties": {
        "name": "叠翠苑",
        "category": "sports",
        "type": "体育休闲服务;休闲场所;休闲场所",
        "district": "锦江区",
        "weight": 1
      }
    },
    {
      "type": "Feature",
      "geometry": {
        "type": "Point",
        "coordinates": [
          104.158733,
          30.582604
        ]
      },
      "properties": {
        "name": "成都锦欣花乡老年公寓",
        "category": "sports",
        "type": "体育休闲服务;度假疗养场所;疗养院",
        "district": "锦江区",
        "weight": 1
      }
    },
    {
      "type": "Feature",
      "geometry": {
        "type": "Point",
        "coordinates": [
          104.157106,
          30.5888
        ]
      },
      "properties": {
        "name": "瑞苑",
        "category": "sports",
        "type": "体育休闲服务;休闲场所;休闲场所",
        "district": "锦江区",
        "weight": 1
      }
    },
    {
      "type": "Feature",
      "geometry": {
        "type": "Point",
        "coordinates": [
          104.15431,
          30.58223
        ]
      },
      "properties": {
        "name": "蜀仙园真人CS",
        "category": "sports",
        "type": "体育休闲服务;娱乐场所;娱乐场所",
        "district": "锦江区",
        "weight": 1
      }
    },
    {
      "type": "Feature",
      "geometry": {
        "type": "Point",
        "coordinates": [
          104.15734,
          30.586838
        ]
      },
      "properties": {
        "name": "三圣上渔塘",
        "category": "sports",
        "type": "体育休闲服务;休闲场所;垂钓园",
        "district": "锦江区",
        "weight": 1
      }
    }
  ]
}