name,category,type,district,wgs_lng,wgs_lat,weight
卡奇乐儿童益智乐园,sports,体育休闲服务;休闲场所;游乐场,金牛区,103.97358,30.734008,1
高新皇冠假日酒店水之韵酒吧,sports,体育休闲服务;娱乐场所;酒吧,金牛区,103.971529,30.730994,2
红鹤园,sports,体育休闲服务;度假疗养场所;疗养院,金牛区,103.998201,30.732153,1
欣悦网吧(全兴路),sports,体育休闲服务;娱乐场所;网吧,金牛区,104.001292,30.736057,1
秘地KTV,sports,体育休闲服务;娱乐场所;KTV,金牛区,104.007273,30.738628,1
光年网咖(动感地带店),sports,体育休闲服务;娱乐场所;网吧,金牛区,104.007852,30.733837,3
英豪搏击,sports,体育休闲服务;运动场馆;运动场所,金牛区,104.013217,30.732232,1
云云网吧(盛兴路),sports,体育休闲服务;娱乐场所;网吧,金牛区,104.010823,30.733678,1
沙西佳园,sports,体育休闲服务;休闲场所;休闲场所,金牛区,104.011655,30.739462,1
情深网吧(盛兴路),sports,体育休闲服务;娱乐场所;网吧,金牛区,104.014355,30.73553,1
荷花山庄(西门),sports,通行设施;临街院门;临街院门|体育休闲服务;休闲场所;休闲场所,金牛区,104.015649,30.73944,1
星城网络会所,sports,体育休闲服务;娱乐场所;网吧,金牛区,104.026414,30.732856,4
上河居度假村(府河静园南),sports,体育休闲服务;度假疗养场所;度假村,金牛区,104.028446,30.734202,1
社稷网咖,sports,体育休闲服务;娱乐场所;网吧,金牛区,104.029267,30.73175,1
府河新居社区日间照料中心,sports,体育休闲服务;度假疗养场所;疗养院,金牛区,104.029018,30.730366,2
灯火阑珊网吧,sports,体育休闲服务;娱乐场所;网吧,金牛区,104.024364,30.731306,2
时空引擎网吧连锁,sports,体育休闲服务;娱乐场所;网吧,金牛区,104.033289,30.73804,1
靖地度假俱乐部,sports,体育休闲服务;体育休闲服务场所;体育休闲服务场所,金牛区,104.037552,30.738435,1
省建二公司老年活动中心,sports,体育休闲服务;休闲场所;休闲场所,金牛区,104.041023,30.732602,1
必好情苑网吧,sports,体育休闲服务;娱乐场所;网吧,金牛区,104.041218,30.739064,1
七鑫网咖,sports,体育休闲服务;娱乐场所;网吧,金牛区,104.059607,30.733106,4
天美网吧(嘉源店),sports,体育休闲服务;娱乐场所;网吧,金牛区,104.056103,30.733848,1
泉水叮当网络驿站,sports,体育休闲服务;娱乐场所;网吧,金牛区,104.057005,30.730707,1
专业施工运动场地,sports,体育休闲服务;体育休闲服务场所;体育休闲服务场所,金牛区,104.062261,30.737211,1
金牛区老年协会枯丰园活动中心,sports,体育休闲服务;娱乐场所;娱乐场所,金牛区,104.075728,30.732797,1
四川省总工会成都工人疗养院,sports,体育休闲服务;度假疗养场所;疗养院,成华区,104.111987,30.731123,1
海韵网吧(蜀陵路),sports,体育休闲服务;娱乐场所;网吧,成华区,104.109807,30.731109,1
艾特网吧(蓉都大道将军碑路辅路),sports,体育休闲服务;娱乐场所;网吧,金牛区,104.107482,30.731967,1
钟哥麻将馆,sports,体育休闲服务;娱乐场所;棋牌室,金牛区,104.107882,30.735448,1
四川道盟跆拳道成都馆,sports,体育休闲服务;运动场馆;运动场所,成华区,104.11592,30.73325,1
陈氏太极馆,sports,体育休闲服务;体育休闲服务场所;体育休闲服务场所,成华区,104.138414,30.734703,2
成都大熊猫繁育研究基地熊猫魅力剧场,sports,风景名胜;风景名胜;国家级景点|体育休闲服务;影剧院;剧场,成华区,104.140212,30.738079,1
精英团真人cs,sports,体育休闲服务;休闲场所;休闲场所,金牛区,103.968793,30.721638,1
成都精英团野外拓展训练俱乐部,sports,体育休闲服务;体育休闲服务场所;体育休闲服务场所,金牛区,103.968395,30.719903,1
天乾健身(中海店),sports,体育休闲服务;运动场馆;健身中心,金牛区,103.974582,30.721878,1
MU Pub,sports,体育休闲服务;娱乐场所;酒吧,金牛区,103.97653,30.726212,3
谁家酒吧,sports,体育休闲服务;娱乐场所;酒吧,金牛区,103.978203,30.724252,22
成都007足球俱乐部,sports,体育休闲服务;运动场馆;足球场,金牛区,103.98181,30.723264,1
四宿天元,sports,体育休闲服务;娱乐场所;娱乐场所,金牛区,103.988222,30.721128,2
鸿运庄游泳池,sports,体育休闲服务;运动场馆;游泳馆,金牛区,103.988021,30.722721,1
大道客厅,sports,体育休闲服务;娱乐场所;娱乐场所,金牛区,103.988742,30.729122,1
官渡度假村,sports,体育休闲服务;度假疗养场所;度假村,金牛区,103.986711,30.725211,1
正成拉斐游泳池,sports,体育休闲服务;运动场馆;游泳馆,金牛区,103.995555,30.722081,1
云轩商务会所,sports,体育休闲服务;休闲场所;休闲场所,金牛区,104.00111,30.721592,1
绿色阳台,sports,通行设施;临街院门;临街院正门|体育休闲服务;休闲场所;休闲场所,金牛区,104.012514,30.727943,1
铸信羽毛球俱乐部,sports,体育休闲服务;运动场馆;羽毛球场,金牛区,104.009405,30.720373,1
四川青年艺术剧院,sports,体育休闲服务;影剧院;剧场,金牛区,104.020945,30.721471,1
东方会所,sports,体育休闲服务;休闲场所;休闲场所|住宿服务;住宿服务相关;住宿服务相关,金牛区,104.019016,30.727275,1
浪达浪,sports,体育休闲服务;休闲场所;休闲场所,金牛区,104.015023,30.720877,1
逍遥车,sports,体育休闲服务;休闲场所;游乐场,金牛区,104.031237,30.723019,14
酷宝王国儿童乐园,sports,体育休闲服务;休闲场所;游乐场,金牛区,104.030601,30.720923,5
华侨城高尔夫会所,sports,体育休闲服务;高尔夫相关;高尔夫球场,金牛区,104.02709,30.725656,2
遥控船,sports,体育休闲服务;休闲场所;游乐场,金牛区,104.033414,30.724816,23
小火车,sports,体育休闲服务;休闲场所;游乐场,金牛区,104.029142,30.725021,18
鸟笼,sports,体育休闲服务;休闲场所;游乐场,金牛区,104.031384,30.725836,2
弓箭手,sports,体育休闲服务;休闲场所;游乐场,金牛区,104.031435,30.728051,13
极速空间站,sports,体育休闲服务;休闲场所;游乐场|体育休闲服务;运动场馆;运动场所,金牛区,104.033778,30.721609,3
成都欢乐谷(西北门),sports,体育休闲服务;休闲场所;游乐场|通行设施;临街院门;临街院门,金牛区,104.029703,30.726954,1
飓风滑道,sports,体育休闲服务;休闲场所;游乐场,金牛区,104.033137,30.727558,1
武道联盟,sports,体育休闲服务;运动场馆;运动场所|科教文化服务;培训机构;培训机构,金牛区,104.027289,30.729269,2
稻草人农家乐,sports,体育休闲服务;休闲场所;休闲场所,金牛区,104.023668,30.727359,1
FF纯K.PARTY,sports,体育休闲服务;娱乐场所;KTV,金牛区,104.036073,30.722662,2
龙卷风,sports,体育休闲服务;休闲场所;游乐场,金牛区,104.034923,30.725684,4
临水雅园,sports,餐饮服务;中餐厅;特色/地方风味餐厅|体育休闲服务;休闲场所;休闲场所,金牛区,104.043327,30.726222,1
金府量贩KTV,sports,体育休闲服务;娱乐场所;KTV,金牛区,104.04133,30.719527,2
盖尔森国际击剑中心,sports,体育休闲服务;运动场馆;运动场所,金牛区,104.037068,30.724067,1
西丰网吧,sports,体育休闲服务;娱乐场所;网吧,金牛区,104.052764,30.724995,2
红房子农家乐,sports,体育休闲服务;休闲场所;休闲场所,金牛区,104.046311,30.719415,1
众横时代网吧,sports,体育休闲服务;娱乐场所;网吧,金牛区,104.04917,30.72658,2
政通路社区老年活动中心,sports,体育休闲服务;休闲场所;休闲场所,金牛区,104.048809,30.727653,1
杨柳新屯小区网吧,sports,体育休闲服务;娱乐场所;网吧,金牛区,104.047018,30.726799,1
汇龙の网吧,sports,体育休闲服务;娱乐场所;网吧,金牛区,104.060116,30.725278,2
残之缘网吧,sports,体育休闲服务;娱乐场所;网吧,金牛区,104.056161,30.724112,2
浩丰网吧,sports,体育休闲服务;娱乐场所;网吧,金牛区,104.059413,30.724091,1
天然居,sports,体育休闲服务;娱乐场所;棋牌室,金牛区,104.062129,30.729007,1
星空鑫铉宇网吧,sports,体育休闲服务;娱乐场所;网吧,金牛区,104.067129,30.720187,1
旻轩网吧,sports,体育休闲服务;娱乐场所;网吧,金牛区,104.06605,30.722803,2
午逅网咖,sports,体育休闲服务;娱乐场所;网吧,金牛区,104.075153,30.723195,2
凤凰绿茵足球俱乐部,sports,体育休闲服务;运动场馆;足球场,成华区,104.089718,30.722841,1
兄弟网吧,sports,体育休闲服务;娱乐场所;网吧,金牛区,104.100116,30.728967,1
百乐门,sports,体育休闲服务;体育休闲服务场所;体育休闲服务场所,成华区,104.109321,30.724794,1
喜梦宝,sports,体育休闲服务;休闲场所;游乐场,成华区,104.108086,30.72196,1
巴克庄园,sports,体育休闲服务;体育休闲服务场所;体育休闲服务场所,成华区,104.106296,30.722425,1
卡佩王朝,sports,体育休闲服务;体育休闲服务场所;体育休闲服务场所,成华区,104.108075,30.722895,1
白莲三队疗养院,sports,体育休闲服务;度假疗养场所;疗养院,成华区,104.111161,30.727024,1
鑫达俱乐部,sports,体育休闲服务;体育休闲服务场所;体育休闲服务场所,成华区,104.123333,30.724444,2
银鸽湾生态休闲庄,sports,体育休闲服务;休闲场所;休闲场所,成华区,104.126246,30.725452,1
一里轩,sports,体育休闲服务;休闲场所;休闲场所,成华区,104.133187,30.727013,1
丽景茗苑,sports,体育休闲服务;休闲场所;休闲场所,成华区,104.13183,30.726896,1
两河水郡,sports,体育休闲服务;度假疗养场所;度假村,成华区,104.131929,30.721264,1
沁园村美食山庄,sports,体育休闲服务;休闲场所;休闲场所,成华区,104.131084,30.725323,1
东和苑,sports,体育休闲服务;休闲场所;休闲场所,成华区,104.162845,30.722318,1
熊猫体育公园-小球综合馆,sports,体育休闲服务;运动场馆;运动场所,成华区,104.169176,30.723585,1
艾畅KTV,sports,体育休闲服务;娱乐场所;KTV,成华区,104.165438,30.719452,2
桂花林休闲庄,sports,体育休闲服务;休闲场所;休闲场所,成华区,104.175412,30.722779,1
黄泥巴生态园,sports,体育休闲服务;休闲场所;采摘园,成华区,104.180336,30.72009,1
小河流水休闲庄,sports,体育休闲服务;休闲场所;休闲场所,金牛区,103.965048,30.716218,1
棕榈高尔夫练习场,sports,体育休闲服务;高尔夫相关;高尔夫练习场,金牛区,103.973091,30.719346,2
惠民网大院,sports,体育休闲服务;体育休闲服务场所;体育休闲服务场所,金牛区,103.964487,30.718549,1
静点明苑休闲,sports,体育休闲服务;体育休闲服务场所;体育休闲服务场所,金牛区,103.976818,30.71052,2
博越足球俱乐部,sports,体育休闲服务;运动场馆;足球场,金牛区,103.981569,30.711596,1
网居网吧,sports,体育休闲服务;娱乐场所;网吧,金牛区,103.979823,30.710219,1
梦之翼音乐啤酒创意体验馆,sports,体育休闲服务;娱乐场所;酒吧,金牛区,103.978657,30.709643,1
龙湖·源著(两河西三路),sports,商务住宅;住宅区;住宅小区|体育休闲服务;休闲场所;休闲场所,金牛区,103.977925,30.716101,1
兄弟联盟网吧(两河西三路),sports,体育休闲服务;娱乐场所;网吧,金牛区,103.978757,30.718006,1
舍得会馆,sports,体育休闲服务;休闲场所;休闲场所,金牛区,103.976644,30.70918,9
西线阳光游泳池,sports,体育休闲服务;运动场馆;游泳馆,金牛区,103.992025,30.713434,1
黄金竹园山庄,sports,体育休闲服务;度假疗养场所;度假村,金牛区,103.990264,30.712748,2
西元网咖,sports,体育休闲服务;娱乐场所;网吧,金牛区,103.991044,30.71129,6
金科苑网吧,sports,体育休闲服务;娱乐场所;网吧,金牛区,103.986081,30.712698,1
震武拳馆(震武文化交流中心),sports,体育休闲服务;体育休闲服务场所;体育休闲服务场所,金牛区,103.988214,30.717878,1
善菩瑜伽,sports,体育休闲服务;运动场馆;健身中心,金牛区,103.989625,30.710254,2
兴隆网吧(民居路),sports,体育休闲服务;娱乐场所;网吧,金牛区,103.999383,30.713201,1
联博网吧,sports,体育休闲服务;娱乐场所;网吧,金牛区,103.997934,30.714532,2
郦湾国际酒店-健身房,sports,体育休闲服务;运动场馆;健身中心,金牛区,103.996615,30.715561,1
蓝波湾网咖,sports,体育休闲服务;娱乐场所;网吧,金牛区,104.009297,30.713229,5
成都市穆斯林土桥颐年院,sports,体育休闲服务;度假疗养场所;疗养院,金牛区,104.012497,30.717276,1
道森博格健身,sports,体育休闲服务;运动场馆;健身中心,金牛区,104.007104,30.716567,1
每时运动健身馆,sports,体育休闲服务;运动场馆;健身中心,金牛区,104.013972,30.716179,2
原野农家乐,sports,体育休闲服务;度假疗养场所;度假村,金牛区,104.017078,30.714292,2
颐乐村养老院,sports,体育休闲服务;度假疗养场所;疗养院,金牛区,104.022169,30.715046,2
娇子游泳馆,sports,体育休闲服务;运动场馆;游泳馆,金牛区,104.018357,30.718918,1
蜀西皓月游泳池,sports,体育休闲服务;运动场馆;游泳馆,金牛区,104.015769,30.712397,1
金牛山庄网球,sports,体育休闲服务;运动场馆;网球场,金牛区,104.016038,30.710277,3
娇子网球馆,sports,体育休闲服务;运动场馆;网球场,金牛区,104.019769,30.719292,1
千城网吧,sports,体育休闲服务;娱乐场所;网吧,金牛区,104.017412,30.712252,2
红酒雪茄吧(华丰路),sports,体育休闲服务;娱乐场所;酒吧,金牛区,104.027266,30.71754,1
世纪台球,sports,体育休闲服务;运动场馆;台球厅,金牛区,104.033327,30.714161,3
捷芙健身中心,sports,体育休闲服务;运动场馆;健身中心,金牛区,104.025536,30.716979,2
巴斯印象网咖,sports,体育休闲服务;娱乐场所;网吧,金牛区,104.043187,30.716919,2
本纪网络,sports,体育休闲服务;娱乐场所;网吧,金牛区,104.035338,30.712108,1
龙珠道馆,sports,体育休闲服务;运动场馆;运动场所,金牛区,104.043225,30.70956,3
超越星网吧(长庆路),sports,体育休闲服务;娱乐场所;网吧,金牛区,104.036934,30.709794,1
佰川通网络,sports,体育休闲服务;体育休闲服务场所;体育休闲服务场所,金牛区,104.038488,30.71571,2
棋牌机麻,sports,体育休闲服务;体育休闲服务场所;体育休闲服务场所,金牛区,104.034585,30.713212,2
成都西蒙酒吧,sports,体育休闲服务;娱乐场所;酒吧,金牛区,104.037154,30.715643,1
响动·金韵酒店运动馆,sports,体育休闲服务;运动场馆;健身中心,金牛区,104.039328,30.716761,1
臻尚网咖,sports,体育休闲服务;娱乐场所;网吧,金牛区,104.042754,30.715607,1
传统古典瑜伽工作室,sports,体育休闲服务;运动场馆;健身中心,金牛区,104.040454,30.710559,1
皇家1号,sports,体育休闲服务;体育休闲服务场所;体育休闲服务场所,金牛区,104.038533,30.714247,1
潮流网吧,sports,体育休闲服务;体育休闲服务场所;体育休闲服务场所,金牛区,104.038052,30.709838,1
长久社区老年活动中心,sports,体育休闲服务;休闲场所;休闲场所,金牛区,104.040336,30.714344,1
长青路老年活动中心,sports,体育休闲服务;休闲场所;休闲场所,金牛区,104.041439,30.712676,1
兰韵网络会所,sports,体育休闲服务;娱乐场所;网吧,金牛区,104.039052,30.712407,1
兴茂,sports,体育休闲服务;娱乐场所;棋牌室,金牛区,104.039282,30.711234,2
渔乐吧,sports,体育休闲服务;娱乐场所;酒吧,金牛区,104.046505,30.710209,3
荆科网吧,sports,体育休闲服务;娱乐场所;网吧,金牛区,104.045137,30.713485,2
智乐游乐园,sports,体育休闲服务;休闲场所;游乐场,金牛区,104.04558,30.718536,2
创客小酒馆,sports,体育休闲服务;娱乐场所;酒吧,金牛区,104.050591,30.710374,1
天合网吧(星科北街),sports,体育休闲服务;娱乐场所;网吧,金牛区,104.048596,30.710879,2
天爱网吧(星月西街),sports,体育休闲服务;娱乐场所;网吧,金牛区,104.046124,30.71131,1
成都醉美自驾游俱乐部,sports,体育休闲服务;体育休闲服务场所;体育休闲服务场所,金牛区,104.044221,30.719198,1
亮缘会所,sports,体育休闲服务;娱乐场所;棋牌室,金牛区,104.04446,30.718054,1
本色,sports,体育休闲服务;娱乐场所;酒吧,金牛区,104.064423,30.713325,25
鑫宏泽网吧,sports,体育休闲服务;娱乐场所;网吧,金牛区,104.06254,30.714863,3
琅琊网吧,sports,体育休闲服务;娱乐场所;网吧,金牛区,104.060208,30.715451,1
漫蜗牛网咖(蓉北商贸大道一段),sports,体育休闲服务;娱乐场所;网吧,金牛区,104.060868,30.712049,1
爱网族网吧(花径路),sports,体育休闲服务;娱乐场所;网吧,成华区,104.069881,30.713649,1
风吟网吧,sports,体育休闲服务;娱乐场所;网吧,金牛区,104.066992,30.712808,2
超豪骏眉网咖,sports,体育休闲服务;娱乐场所;网吧,金牛区,104.067375,30.714084,1
星空情谊网吧,sports,体育休闲服务;娱乐场所;网吧,金牛区,104.065434,30.709311,3
北港老年和谐中心,sports,体育休闲服务;娱乐场所;棋牌室,金牛区,104.067264,30.710178,2
凤康网咖,sports,体育休闲服务;娱乐场所;网吧,金牛区,104.074139,30.718989,1
康城网络会所,sports,体育休闲服务;娱乐场所;网吧,金牛区,104.077406,30.718058,1
富港休闲会所,sports,体育休闲服务;体育休闲服务场所;体育休闲服务场所,成华区,104.089092,30.713489,3
深海湾休闲庄,sports,体育休闲服务;休闲场所;休闲场所,成华区,104.084567,30.712849,1
上尚网咖,sports,体育休闲服务;娱乐场所;网吧,成华区,104.091929,30.713963,1
竞技谷网络会所,sports,体育休闲服务;娱乐场所;网吧,成华区,104.091861,30.714895,1
索派1号足球场,sports,体育休闲服务;运动场馆;足球场,成华区,104.092871,30.71067,4
金竹网吧,sports,体育休闲服务;娱乐场所;网吧,成华区,104.093208,30.716101,1
炫酷网吧,sports,体育休闲服务;娱乐场所;网吧,成华区,104.089046,30.714499,1
影流网咖,sports,体育休闲服务;娱乐场所;网吧,成华区,104.101387,30.716005,7
星空英腾网吧,sports,体育休闲服务;娱乐场所;网吧,成华区,104.095962,30.718709,3
东海酒馆,sports,体育休闲服务;娱乐场所;酒吧,成华区,104.100968,30.718937,1
星爱空尚网吧,sports,体育休闲服务;娱乐场所;网吧,成华区,104.102557,30.718382,1
咕噜酒吧,sports,体育休闲服务;娱乐场所;酒吧,成华区,104.096189,30.708739,10
成铁疗养院,sports,体育休闲服务;度假疗养场所;疗养院,成华区,104.098516,30.7165,1
凯曼网咖(昭觉寺南路),sports,体育休闲服务;娱乐场所;网吧,成华区,104.097826,30.71206,1
圣菲游泳馆,sports,体育休闲服务;运动场馆;游泳馆,成华区,104.094407,30.711679,1
模拟时光网吧,sports,体育休闲服务;娱乐场所;网吧,成华区,104.095173,30.713122,1
大摆锤,sports,体育休闲服务;体育休闲服务场所;体育休闲服务场所,成华区,104.101945,30.71415,1
成华区双水寿星颐养托老中心,sports,体育休闲服务;度假疗养场所;疗养院,成华区,104.098923,30.717524,1
天邑瑜伽,sports,体育休闲服务;运动场馆;健身中心,成华区,104.093979,30.709781,1
心怡棋牌,sports,体育休闲服务;娱乐场所;棋牌室,成华区,104.097272,30.716284,1
好声音(东紫路),sports,体育休闲服务;娱乐场所;KTV,成华区,104.107522,30.716329,2
东林网咖,sports,体育休闲服务;娱乐场所;网吧,成华区,104.10907,30.712824,2
豪华碰碰车,sports,体育休闲服务;休闲场所;游乐场,成华区,104.104076,30.713512,2
翠林网咖,sports,体育休闲服务;娱乐场所;网吧,成华区,104.106629,30.714414,3
梦幻时代网吧,sports,体育休闲服务;娱乐场所;网吧,成华区,104.113327,30.719047,1
影影网吧,sports,体育休闲服务;娱乐场所;网吧,成华区,104.112747,30.714875,1
漞渡瑜伽会所,sports,体育休闲服务;运动场馆;健身中心,成华区,104.111494,30.717735,1
尚东网咖,sports,体育休闲服务;娱乐场所;网吧,成华区,104.103824,30.716021,1
华宇网吧(荆翠东路),sports,体育休闲服务;娱乐场所;网吧,成华区,104.113717,30.717295,1
北湖鑫园休闲会所,sports,体育休闲服务;度假疗养场所;度假村,成华区,104.140308,30.7166,2
钓鱼台休闲庄(蜀龙路),sports,体育休闲服务;休闲场所;垂钓园,成华区,104.144986,30.714805,1
青荷堂休闲庄,sports,体育休闲服务;休闲场所;休闲场所,成华区,104.171038,30.71885,1
同乐广场,sports,体育休闲服务;休闲场所;休闲场所,成华区,104.166654,30.712326,2
成华区同乐敬老院,sports,体育休闲服务;度假疗养场所;疗养院,成华区,104.165342,30.718101,2
黄田坝街道办事处社区服务中心老年活动中心,sports,体育休闲服务;休闲场所;休闲场所,青羊区,103.969617,30.70016,1
金龙乐园,sports,体育休闲服务;体育休闲服务场所;体育休闲服务场所,金牛区,103.972428,30.703515,1
金泉街道全民健身指导服务中心,sports,体育休闲服务;运动场馆;健身中心,金牛区,103.976613,30.705672,1
轩轩网吧(淳风路),sports,体育休闲服务;娱乐场所;网吧,金牛区,103.979559,30.705783,1
金泉街道长庚日间照护中心,sports,体育休闲服务;度假疗养场所;疗养院,金牛区,103.980798,30.708747,1
淳风桥社区老年活动中心,sports,体育休闲服务;休闲场所;休闲场所,金牛区,103.98081,30.707325,3
嘉语网络会所,sports,体育休闲服务;娱乐场所;网吧,金牛区,103.977835,30.704607,1
靖水山庄,sports,体育休闲服务;度假疗养场所;度假村,金牛区,103.983918,30.70229,1
成都市金牛足球公园,sports,体育休闲服务;运动场馆;足球场,金牛区,103.986564,30.708856,2
黑麦网咖,sports,体育休闲服务;娱乐场所;网吧,金牛区,103.989332,30.708853,1
玛咖名人,sports,体育休闲服务;体育休闲服务场所;体育休闲服务场所,金牛区,103.992873,30.708278,3
音悦汇时尚纯K,sports,体育休闲服务;娱乐场所;KTV,金牛区,103.997211,30.709526,1
羊犀足球场,sports,体育休闲服务;运动场馆;足球场,金牛区,103.996188,30.706254,2
印记网吧,sports,体育休闲服务;娱乐场所;网吧,金牛区,103.999541,30.704963,2
阿尔巴斯网咖,sports,体育休闲服务;体育休闲服务场所;体育休闲服务场所,金牛区,103.995214,30.707497,1
半城网咖,sports,体育休闲服务;娱乐场所;网吧,金牛区,103.996927,30.708425,1
润心然会所,sports,体育休闲服务;娱乐场所;棋牌室,青羊区,104.002539,30.699818,1
翡翠海湾游泳池,sports,体育休闲服务;运动场馆;游泳馆,金牛区,104.003763,30.706548,2
楚天佳和休闲会所,sports,体育休闲服务;娱乐场所;棋牌室,金牛区,104.011326,30.709084,1
鱼人网吧,sports,体育休闲服务;娱乐场所;网吧,金牛区,104.007332,30.700395,6
养老、托老,sports,体育休闲服务;体育休闲服务场所;体育休闲服务场所,金牛区,104.01315,30.700225,4
81号台球,sports,体育休闲服务;运动场馆;台球厅,金牛区,104.004331,30.708838,3
迈瑞西岸游泳馆,sports,体育休闲服务;运动场馆;游泳馆,金牛区,104.008026,30.709123,3
云朋网吧,sports,体育休闲服务;娱乐场所;网吧,金牛区,104.005891,30.708928,1
金沙厅,sports,体育休闲服务;体育休闲服务场所;体育休闲服务场所,金牛区,104.008798,30.705354,1
串串·啤酒超市,sports,体育休闲服务;娱乐场所;酒吧,青羊区,104.006233,30.701748,1
小区活动室,sports,体育休闲服务;休闲场所;休闲场所,金牛区,104.007283,30.704227,1
千和棋牌,sports,体育休闲服务;娱乐场所;棋牌室,金牛区,104.009899,30.700717,1
酸葡萄网吧,sports,体育休闲服务;娱乐场所;网吧,金牛区,104.021746,30.703684,2
红程网吧,sports,体育休闲服务;娱乐场所;网吧,金牛区,104.014972,30.700732,1
助老之家,sports,体育休闲服务;体育休闲服务场所;体育休闲服务场所,金牛区,104.022878,30.701165,1
会友麻将室,sports,体育休闲服务;娱乐场所;棋牌室,金牛区,104.017244,30.699896,1
安蓉KTV商务会所,sports,体育休闲服务;娱乐场所;KTV,金牛区,104.02409,30.700341,1
互动时空网吧,sports,体育休闲服务;娱乐场所;网吧,金牛区,104.032519,30.707558,1
摩尔斯网吧,sports,体育休闲服务;娱乐场所;网吧,金牛区,104.026331,30.700585,1
极速印象网咖,sports,体育休闲服务;娱乐场所;网吧,金牛区,104.033453,30.70937,1
SOS儿童村六号家庭,sports,体育休闲服务;体育休闲服务场所;体育休闲服务场所,金牛区,104.032872,30.702132,1
亚世网吧,sports,体育休闲服务;娱乐场所;网吧,金牛区,104.041841,30.705912,21
飘雪酒吧,sports,体育休闲服务;娱乐场所;酒吧,金牛区,104.043608,30.702006,7
挑战者网吧(交大路),sports,体育休闲服务;娱乐场所;网吧,金牛区,104.03863,30.70895,1
易扬纯K,sports,体育休闲服务;娱乐场所;KTV,金牛区,104.043303,30.707589,3
恰恰屋音乐吧,sports,体育休闲服务;娱乐场所;KTV,金牛区,104.041689,30.700782,1
七彩堂网咖,sports,体育休闲服务;娱乐场所;网吧,金牛区,104.040398,30.702113,2
嘉禾网络会所,sports,体育休闲服务;娱乐场所;网吧,金牛区,104.037314,30.700118,1
低调网咖,sports,体育休闲服务;娱乐场所;网吧,金牛区,104.036434,30.704816,2
谊享居,sports,体育休闲服务;娱乐场所;棋牌室,金牛区,104.034613,30.708729,2
快耍慢活主题网咖,sports,体育休闲服务;娱乐场所;网吧,金牛区,104.03735,30.702387,4
运动派印禅瑜伽,sports,体育休闲服务;运动场馆;健身中心,金牛区,104.039583,30.703567,1
3104桌游吧,sports,体育休闲服务;休闲场所;休闲场所,金牛区,104.038712,30.704228,2
伽怡瑜伽,sports,体育休闲服务;运动场馆;健身中心,金牛区,104.03547,30.69929,2
左右逢缘,sports,体育休闲服务;娱乐场所;棋牌室,金牛区,104.035226,30.704201,5
二姐娱乐室,sports,体育休闲服务;娱乐场所;棋牌室,金牛区,104.035812,30.708646,1
西门町酒吧,sports,体育休闲服务;娱乐场所;酒吧,金牛区,104.044981,30.700128,4
西南交通大学九里校区网球场,sports,体育休闲服务;运动场馆;网球场,金牛区,104.052005,30.701743,3
壹酒吧,sports,体育休闲服务;娱乐场所;酒吧,金牛区,104.052857,30.707104,8
伊甸园网吧(群星路),sports,体育休闲服务;娱乐场所;网吧,金牛区,104.048612,30.704114,1
网友居电竞馆,sports,体育休闲服务;娱乐场所;网吧,金牛区,104.045576,30.705219,1
机麻馆,sports,体育休闲服务;体育休闲服务场所;体育休闲服务场所,金牛区,104.045568,30.704007,1
语过添情网吧(群星路),sports,体育休闲服务;娱乐场所;网吧,金牛区,104.051628,30.705882,1
杨华网吧(群星路),sports,体育休闲服务;娱乐场所;网吧,金牛区,104.04956,30.704658,1
圣珈瑜伽健身会所(星辰东一街店),sports,体育休闲服务;运动场馆;健身中心,金牛区,104.044295,30.70842,1
交大·爱奇体育俱乐部,sports,体育休闲服务;运动场馆;运动场所,金牛区,104.053483,30.703115,4
西南交通大学九里校区排球场,sports,体育休闲服务;运动场馆;运动场所,金牛区,104.049254,30.70232,3
莫斯比人,sports,体育休闲服务;娱乐场所;娱乐场所,金牛区,104.054217,30.704616,5
西南交通大学九里校区工会俱乐部,sports,体育休闲服务;娱乐场所;娱乐场所|体育休闲服务;休闲场所;休闲场所,金牛区,104.050657,30.702485,1
成铁体育场,sports,体育休闲服务;运动场馆;综合体育馆,金牛区,104.061039,30.702646,7
华凌商务休闲会所,sports,体育休闲服务;休闲场所;休闲场所,金牛区,104.060765,30.706668,1
无限空间网吧,sports,体育休闲服务;娱乐场所;网吧,金牛区,104.055439,30.700622,2
殷商时代,sports,体育休闲服务;娱乐场所;网吧,金牛区,104.055181,30.702309,3
沁心网吧,sports,体育休闲服务;娱乐场所;网吧,金牛区,104.060316,30.707533,1
网际天下网吧,sports,体育休闲服务;娱乐场所;网吧,金牛区,104.060776,30.704435,1
伏那网吧,sports,体育休闲服务;娱乐场所;网吧,金牛区,104.062303,30.700957,1
风影泰拳,sports,体育休闲服务;运动场馆;运动场所,金牛区,104.063331,30.705785,1
四友老年活动室,sports,体育休闲服务;休闲场所;休闲场所,金牛区,104.062725,30.704065,1
地主庄园(休闲商业街店),sports,体育休闲服务;娱乐场所;棋牌室|体育休闲服务;休闲场所;休闲场所,成华区,104.07344,30.701477,1
五福社区综合文化活动室,sports,体育休闲服务;娱乐场所;娱乐场所,金牛区,104.066619,30.708763,2
豪庭网吧,sports,体育休闲服务;娱乐场所;网吧|体育休闲服务;休闲场所;休闲场所,金牛区,104.068282,30.701898,2
open量贩式KTV(通购店),sports,体育休闲服务;娱乐场所;KTV,金牛区,104.064207,30.704634,2
清风酒水吧,sports,体育休闲服务;娱乐场所;酒吧,成华区,104.071049,30.707194,2
正点网咖,sports,体育休闲服务;娱乐场所;网吧,成华区,104.069714,30.706056,3
龙呈台球,sports,体育休闲服务;运动场馆;台球厅,金牛区,104.063664,30.707811,3
佳热网吧,sports,体育休闲服务;娱乐场所;网吧,金牛区,104.066318,30.700654,2
钰荣网吧,sports,体育休闲服务;娱乐场所;网吧,金牛区,104.067788,30.707442,1
蓉城夜色,sports,体育休闲服务;娱乐场所;酒吧,金牛区,104.06591,30.702737,3
新海岸交谊舞会所,sports,体育休闲服务;娱乐场所;迪厅,成华区,104.072068,30.702883,1
五块石多公共能活动室,sports,体育休闲服务;休闲场所;休闲场所,金牛区,104.068675,30.704961,1
蓝海水吧,sports,体育休闲服务;娱乐场所;酒吧,金牛区,104.069176,30.709177,1
趣尚网咖(站北路),sports,体育休闲服务;娱乐场所;网吧,成华区,104.072803,30.705304,1
约伯开心俱乐部,sports,体育休闲服务;体育休闲服务场所;体育休闲服务场所,金牛区,104.066356,30.704591,1
东豪网吧,sports,体育休闲服务;娱乐场所;网吧,成华区,104.073693,30.703078,3
星空樱桃花园网吧,sports,体育休闲服务;娱乐场所;网吧,成华区,104.07498,30.702857,1
浮梦网吧,sports,体育休闲服务;娱乐场所;网吧,成华区,104.076632,30.702996,2
华来都会,sports,体育休闲服务;休闲场所;休闲场所,成华区,104.07375,30.70745,2
虫虫叮竞技馆,sports,体育休闲服务;娱乐场所;网吧,成华区,104.091402,30.707382,5
圣珈瑜伽,sports,体育休闲服务;运动场馆;健身中心,成华区,104.093139,30.70501,4
亿游网咖,sports,体育休闲服务;娱乐场所;网吧,成华区,104.092158,30.708702,2
逆时空网吧,sports,体育休闲服务;娱乐场所;网吧,成华区,104.089833,30.703285,2
津鑫网吧,sports,体育休闲服务;娱乐场所;网吧,成华区,104.088783,30.702841,1
驷马桥水岸瑜伽,sports,体育休闲服务;运动场馆;健身中心,成华区,104.088629,30.705012,1
菁澜瑜伽馆,sports,体育休闲服务;运动场馆;健身中心,成华区,104.08705,30.70249,1
青龙场儿童乐园,sports,体育休闲服务;休闲场所;游乐场,成华区,104.102131,30.701796,3
好客茶庄,sports,体育休闲服务;娱乐场所;棋牌室|购物服务;专卖店;专营店,成华区,104.103776,30.702516,3
别处酒吧,sports,体育休闲服务;娱乐场所;酒吧,成华区,104.094852,30.707186,2
朱朱快速网吧,sports,体育休闲服务;娱乐场所;网吧,成华区,104.097516,30.700856,4
花样年华,sports,体育休闲服务;娱乐场所;KTV,成华区,104.093535,30.707188,1
回归网咖,sports,体育休闲服务;娱乐场所;网吧,成华区,104.10077,30.702309,1
战乐网吧,sports,体育休闲服务;娱乐场所;网吧,成华区,104.093548,30.70165,1
新流年网吧,sports,体育休闲服务;娱乐场所;网吧,成华区,104.101506,30.700454,1
北辰美庐网吧,sports,体育休闲服务;娱乐场所;网吧,成华区,104.097068,30.702348,2
冷妹麻将馆,sports,体育休闲服务;娱乐场所;棋牌室,成华区,104.100115,30.701252,1
星空创鑫网吧,sports,体育休闲服务;娱乐场所;网吧,成华区,104.111211,30.701377,1
悠悠网吧(致顺路),sports,体育休闲服务;娱乐场所;网吧,成华区,104.104805,30.701292,1
芒果网咖,sports,体育休闲服务;娱乐场所;网吧,成华区,104.106288,30.702004,5
六度空间网吧,sports,体育休闲服务;娱乐场所;网吧,成华区,104.106065,30.704994,1
致祥网吧,sports,体育休闲服务;娱乐场所;网吧,成华区,104.105793,30.706786,1
青龙场鸽会鸽友交流活动中心,sports,体育休闲服务;娱乐场所;娱乐场所,成华区,104.105569,30.700241,1
青龙街道办晚霞居家养老服务中心,sports,体育休闲服务;度假疗养场所;疗养院,成华区,104.113625,30.700892,1
漫时光网吧,sports,体育休闲服务;娱乐场所;网吧,成华区,104.115511,30.703312,2
城市仁德山庄,sports,体育休闲服务;休闲场所;休闲场所,成华区,104.142675,30.708585,1
仁德足球场,sports,体育休闲服务;运动场馆;足球场,成华区,104.143782,30.708964,1
沸特网咖,sports,体育休闲服务;娱乐场所;网吧,成华区,104.159985,30.704785,2
凡雯瑜伽馆,sports,体育休闲服务;运动场馆;健身中心,成华区,104.171998,30.700376,2
蜘蛛网吧,sports,体育休闲服务;娱乐场所;网吧,成华区,104.167829,30.708672,2
天籁之音KTV,sports,体育休闲服务;娱乐场所;KTV,成华区,104.165522,30.701522,2
梦利花园酒水吧,sports,体育休闲服务;娱乐场所;酒吧,成华区,104.168759,30.700886,3
叠翠山庄,sports,体育休闲服务;休闲场所;休闲场所,成华区,104.168697,30.707875,1
天堂鸟网吧(龙潭路),sports,体育休闲服务;娱乐场所;网吧,成华区,104.164068,30.705922,1
星空世达网吧,sports,体育休闲服务;娱乐场所;网吧,成华区,104.167273,30.701132,1
龙潭街道同仁社区老年活动中心,sports,体育休闲服务;休闲场所;休闲场所,成华区,104.17333,30.702674,1
成都博誉足球俱乐部,sports,体育休闲服务;运动场馆;足球场,成华区,104.172845,30.705077,1
及强旱冰城,sports,体育休闲服务;运动场馆;溜冰场,成华区,104.173908,30.70176,1
赤道KTV,sports,体育休闲服务;娱乐场所;KTV,青羊区,103.970131,30.694937,6
羽置锋羽毛球馆,sports,体育休闲服务;运动场馆;羽毛球场,青羊区,103.963892,30.692008,2
青羊总部运动基地篮球场,sports,体育休闲服务;运动场馆;篮球场馆,青羊区,103.965774,30.692073,1
网咖,sports,体育休闲服务;娱乐场所;网吧,青羊区,103.965002,30.694946,2
中航·爱老之家,sports,体育休闲服务;度假疗养场所;疗养院,青羊区,103.973767,30.6908,1
凯天职工活动中心,sports,体育休闲服务;休闲场所;休闲场所,青羊区,103.972642,30.692666,2
永年健康乐园,sports,体育休闲服务;度假疗养场所;疗养院,青羊区,103.967283,30.697216,1
优等氧吧,sports,体育休闲服务;体育休闲服务场所;体育休闲服务场所,青羊区,103.969058,30.696053,2
黄田坝街道联工社区日间照料中心,sports,体育休闲服务;度假疗养场所;疗养院,青羊区,103.973299,30.694945,1
九号足球公园,sports,体育休闲服务;运动场馆;运动场所,青羊区,103.979403,30.689767,2
柏斯骄,sports,体育休闲服务;娱乐场所;酒吧|餐饮服务;咖啡厅;咖啡厅,青羊区,104.003494,30.692869,1
尊上,sports,体育休闲服务;娱乐场所;KTV,金牛区,104.009817,30.696993,4
金粉世家,sports,体育休闲服务;娱乐场所;KTV,金牛区,104.013504,30.693912,2
茗仕会所,sports,体育休闲服务;休闲场所;休闲场所,青羊区,104.004104,30.694582,2
顺和麻将室,sports,体育休闲服务;娱乐场所;棋牌室,金牛区,104.009657,30.692056,2
安怡网吧,sports,体育休闲服务;娱乐场所;网吧,金牛区,104.009814,30.699212,1
玄竞电竞俱乐部,sports,体育休闲服务;娱乐场所;网吧,青羊区,104.005373,30.691553,1
网咖2F,sports,体育休闲服务;体育休闲服务场所;体育休闲服务场所,金牛区,104.011279,30.695782,3
品茗棋牌浴足,sports,体育休闲服务;体育休闲服务场所;体育休闲服务场所,青羊区,104.00765,30.693337,2
天伦网吧,sports,体育休闲服务;娱乐场所;网吧,金牛区,104.012917,30.692563,3
棋牌茶麻将,sports,体育休闲服务;体育休闲服务场所;体育休闲服务场所,金牛区,104.012665,30.691335,1
玩赚会所,sports,体育休闲服务;体育休闲服务场所;体育休闲服务场所,金牛区,104.013598,30.696944,2
达尔宫户外运动,sports,体育休闲服务;休闲场所;休闲场所,金牛区,104.010947,30.694148,1
直雨麻将室,sports,体育休闲服务;娱乐场所;棋牌室,金牛区,104.008359,30.689918,1
佑逸演艺,sports,体育休闲服务;体育休闲服务场所;体育休闲服务场所,金牛区,104.007072,30.698347,1
亿麦空间网吧,sports,体育休闲服务;娱乐场所;网吧,金牛区,104.015508,30.698111,4
金澜湾保健健身服务部,sports,体育休闲服务;运动场馆;健身中心,金牛区,104.016732,30.695652,1
游侠客,sports,体育休闲服务;体育休闲服务场所;体育休闲服务场所,金牛区,104.015942,30.691894,4
炫色,sports,体育休闲服务;娱乐场所;娱乐场所,金牛区,104.021733,30.695002,21
赛秦淮量贩KTV,sports,体育休闲服务;娱乐场所;KTV,金牛区,104.023538,30.695061,1
亮量贩KTV,sports,体育休闲服务;娱乐场所;KTV,金牛区,104.017249,30.690884,2
隆雪无冬网咖,sports,体育休闲服务;娱乐场所;网吧,金牛区,104.016769,30.689727,2
盈雀健身生活,sports,体育休闲服务;运动场馆;健身中心,金牛区,104.018506,30.692548,1
夜色娱乐汇,sports,体育休闲服务;体育休闲服务场所;体育休闲服务场所,金牛区,104.015254,30.695532,2
前锋授权网点,sports,体育休闲服务;体育休闲服务场所;体育休闲服务场所,金牛区,104.018546,30.69803,1
梵音瑜伽(蜀汉路店),sports,体育休闲服务;运动场馆;健身中心,金牛区,104.020896,30.689549,1
梦缘品茗棋牌,sports,体育休闲服务;娱乐场所;棋牌室,金牛区,104.023153,30.69135,2
品茗棋牌(星河街),sports,体育休闲服务;娱乐场所;棋牌室,金牛区,104.013727,30.690406,1
心悦酒吧,sports,体育休闲服务;娱乐场所;酒吧,金牛区,104.033004,30.693093,37
欢馨棋牌室,sports,体育休闲服务;娱乐场所;棋牌室,金牛区,104.029619,30.694436,5
途睿健身游泳顶峰店,sports,体育休闲服务;运动场馆;健身中心,金牛区,104.032131,30.697654,1
西爵1号,sports,体育休闲服务;娱乐场所;酒吧,金牛区,104.024509,30.697327,14
开放式量版KTV,sports,体育休闲服务;娱乐场所;KTV,金牛区,104.026568,30.698433,2
威克斯健身会所,sports,体育休闲服务;运动场馆;健身中心,金牛区,104.024781,30.690188,4
顶尚网络,sports,体育休闲服务;娱乐场所;网吧,金牛区,104.028612,30.6917,1
天籁村酒吧,sports,体育休闲服务;娱乐场所;酒吧,金牛区,104.029551,30.689585,1
权盛台球器械,sports,体育休闲服务;体育休闲服务场所;体育休闲服务场所,金牛区,104.029064,30.697045,1
顶峰游泳健身运动俱乐部,sports,体育休闲服务;运动场馆;游泳馆,金牛区,104.031401,30.696892,2
中亚国际会所,sports,体育休闲服务;娱乐场所;娱乐场所,金牛区,104.025188,30.691262,1
晚霞敬老院,sports,体育休闲服务;度假疗养场所;疗养院,金牛区,104.031585,30.692081,1
网咖,sports,体育休闲服务;娱乐场所;网吧,金牛区,104.042956,30.695876,10
网居网吧(光荣花园店),sports,体育休闲服务;娱乐场所;网吧,金牛区,104.043152,30.691241,2
英雄网咖(新城市广场店),sports,体育休闲服务;娱乐场所;网吧,金牛区,104.033933,30.690051,2
心芳情歌舞厅,sports,体育休闲服务;娱乐场所;迪厅,金牛区,104.037408,30.690357,2
梦鸟网吧,sports,体育休闲服务;娱乐场所;网吧,金牛区,104.040896,30.697234,5
提艾斯Bar,sports,体育休闲服务;娱乐场所;酒吧,金牛区,104.043037,30.694047,1
丽都国际商务会所(二环路北一段),sports,体育休闲服务;娱乐场所;娱乐场所,金牛区,104.041694,30.694725,1
八段锦美肤健身广场,sports,体育休闲服务;运动场馆;健身中心,金牛区,104.040137,30.693713,1
5+5网吧,sports,体育休闲服务;娱乐场所;网吧,金牛区,104.037111,30.697498,1
西城演绎酒吧,sports,体育休闲服务;娱乐场所;酒吧,金牛区,104.037928,30.692501,1
善菩瑜伽,sports,体育休闲服务;运动场馆;健身中心,金牛区,104.038659,30.689814,4
营门口路社区未成年人活动室,sports,体育休闲服务;休闲场所;休闲场所,金牛区,104.034978,30.698059,1
闲人居会所,sports,体育休闲服务;体育休闲服务场所;体育休闲服务场所,金牛区,104.038491,30.697553,1
好友休闲室,sports,体育休闲服务;娱乐场所;娱乐场所,金牛区,104.052722,30.692631,1
棕榈泉游泳馆,sports,体育休闲服务;运动场馆;游泳馆,金牛区,104.045121,30.695103,1
明心缘,sports,体育休闲服务;体育休闲服务场所;体育休闲服务场所,金牛区,104.048031,30.693187,20
芙蓉村卡拉OK,sports,体育休闲服务;娱乐场所;KTV,金牛区,104.049087,30.690488,2
戏游计,sports,体育休闲服务;运动场馆;台球厅,金牛区,104.04654,30.697714,4
久桢堂,sports,体育休闲服务;娱乐场所;棋牌室,金牛区,104.052219,30.695319,4
金键盘网咖,sports,体育休闲服务;娱乐场所;网吧,金牛区,104.043815,30.693409,1
金键盘网咖,sports,体育休闲服务;娱乐场所;网吧,金牛区,104.045836,30.690818,1
悠然瑜伽会所(沙湾路),sports,体育休闲服务;运动场馆;健身中心,金牛区,104.048086,30.69643,3
临桂乔社区多功能活动室,sports,体育休闲服务;体育休闲服务场所;体育休闲服务场所,金牛区,104.043893,30.698164,1
乐天伦老年俱乐部(沙湾东一路),sports,体育休闲服务;休闲场所;休闲场所,金牛区,104.050574,30.690923,1
小杨妹麻将馆,sports,体育休闲服务;娱乐场所;棋牌室,金牛区,104.04754,30.690064,1
蓝雨酒吧,sports,体育休闲服务;娱乐场所;酒吧,金牛区,104.055214,30.69787,10
全兴花园游泳池,sports,体育休闲服务;运动场馆;游泳馆,金牛区,104.056156,30.695565,1
爱尚好声音量贩式KTV(北站西二路店),sports,体育休闲服务;娱乐场所;KTV,金牛区,104.063513,30.692734,2
紫气东来网城,sports,体育休闲服务;娱乐场所;网吧,金牛区,104.063372,30.697504,1
研磨时间网咖,sports,体育休闲服务;娱乐场所;网吧,金牛区,104.060404,30.691519,1
铂金网吧,sports,体育休闲服务;娱乐场所;网吧,金牛区,104.054854,30.693469,2
醉爱,sports,体育休闲服务;体育休闲服务场所;体育休闲服务场所,金牛区,104.054196,30.695462,4
禹龙聚友堂,sports,体育休闲服务;休闲场所;休闲场所,金牛区,104.060037,30.69685,1
畅游空间网络生活馆,sports,体育休闲服务;娱乐场所;网吧,金牛区,104.054066,30.6917,1
佳五星网吧,sports,体育休闲服务;娱乐场所;网吧,金牛区,104.063568,30.691665,2
荷花池街道老年大学西北桥社区活动中心,sports,体育休闲服务;休闲场所;休闲场所,金牛区,104.061684,30.691758,1
成都木材综合工厂职工文化活动中心,sports,体育休闲服务;休闲场所;休闲场所,金牛区,104.060978,30.69053,1
垒鑫荟吧台,sports,体育休闲服务;娱乐场所;网吧,金牛区,104.0588,30.690665,1
茶棋牌,sports,体育休闲服务;娱乐场所;棋牌室,金牛区,104.072294,30.697017,10
金瓯网咖,sports,体育休闲服务;娱乐场所;网吧,金牛区,104.072019,30.689744,28
太空舱尚俭,sports,体育休闲服务;体育休闲服务场所;体育休闲服务场所,金牛区,104.069574,30.697555,3
唐文广场网络城,sports,体育休闲服务;体育休闲服务场所;体育休闲服务场所,金牛区,104.070549,30.695941,3
金牛区养老中心,sports,体育休闲服务;体育休闲服务场所;体育休闲服务场所,金牛区,104.066849,30.698339,1
铁道大酒店-健身,sports,体育休闲服务;运动场馆;健身中心,金牛区,104.070319,30.693387,1
KTV·演艺大厅,sports,体育休闲服务;体育休闲服务场所;体育休闲服务场所,金牛区,104.06402,30.690356,3
白银帝国,sports,体育休闲服务;体育休闲服务场所;体育休闲服务场所,金牛区,104.075428,30.691012,2
京蓉网吧,sports,体育休闲服务;娱乐场所;网吧,金牛区,104.08317,30.695862,2
红森网吧,sports,体育休闲服务;娱乐场所;网吧,金牛区,104.073514,30.697874,1
宏正会所(北站店),sports,体育休闲服务;娱乐场所;KTV,金牛区,104.076198,30.696432,1
红房子,sports,体育休闲服务;娱乐场所;KTV,金牛区,104.081772,30.697264,1
祯逸网吧,sports,体育休闲服务;娱乐场所;网吧,金牛区,104.08045,30.689704,4
优噜网吧,sports,体育休闲服务;娱乐场所;网吧,金牛区,104.08047,30.692572,1
英皇堡罗,sports,体育休闲服务;体育休闲服务场所;体育休闲服务场所,金牛区,104.074743,30.692403,1
棋牌茶机麻活动室,sports,体育休闲服务;体育休闲服务场所;体育休闲服务场所,金牛区,104.075467,30.697318,2
吧嗒吧嗒,sports,体育休闲服务;体育休闲服务场所;体育休闲服务场所,金牛区,104.077258,30.693454,1
四川奥新空手道俱乐部北门道馆,sports,体育休闲服务;运动场馆;运动场所,金牛区,104.076691,30.690146,1
高老幺茶座棋牌,sports,体育休闲服务;娱乐场所;棋牌室,金牛区,104.076403,30.698246,1
龙园,sports,体育休闲服务;娱乐场所;棋牌室,金牛区,104.081835,30.694206,1
香格里拉KTV(三友路),sports,体育休闲服务;娱乐场所;KTV,成华区,104.092484,30.691151,1
堡格莱斯健身会(金牛店),sports,体育休闲服务;运动场馆;健身中心,金牛区,104.085093,30.691118,1
冲浪网吧(解放路店),sports,体育休闲服务;娱乐场所;网吧,金牛区,104.0856,30.691985,1
蓝桥KTV(高笋塘店),sports,体育休闲服务;娱乐场所;KTV,成华区,104.091224,30.692586,2
星空网吧(红花东路),sports,体育休闲服务;娱乐场所;网吧,金牛区,104.084088,30.692464,2
金鑫KTV(红花北路),sports,体育休闲服务;娱乐场所;KTV,金牛区,104.083563,30.693642,1
春天酒店行政酒廊,sports,体育休闲服务;娱乐场所;酒吧,金牛区,104.086131,30.695351,2
千鑫网吧,sports,体育休闲服务;娱乐场所;网吧,金牛区,104.086856,30.693868,2
紫金极速网咖,sports,体育休闲服务;娱乐场所;网吧,金牛区,104.08504,30.695828,1
党员活动室,sports,体育休闲服务;体育休闲服务场所;体育休闲服务场所,金牛区,104.086863,30.692759,1
汇融名城游泳池,sports,体育休闲服务;运动场馆;游泳馆,成华区,104.093872,30.694632,1
飓风网,sports,体育休闲服务;体育休闲服务场所;体育休闲服务场所,成华区,104.096325,30.698659,1
星空梦游青春网吧,sports,体育休闲服务;娱乐场所;网吧,成华区,104.095174,30.693943,1
米克网咖,sports,体育休闲服务;娱乐场所;网吧,成华区,104.103309,30.688897,3
浅水半岛c区网球场,sports,体育休闲服务;运动场馆;网球场,成华区,104.101916,30.690285,1
永立星城都高尔夫球场,sports,体育休闲服务;高尔夫相关;高尔夫球场,成华区,104.098773,30.693097,1
桥恋卡拉OK,sports,体育休闲服务;娱乐场所;KTV|体育休闲服务;娱乐场所;酒吧,成华区,104.108842,30.690942,1
洪飞麻将室,sports,体育休闲服务;体育休闲服务场所;体育休闲服务场所,成华区,104.105325,30.689244,3
东郊会所,sports,体育休闲服务;娱乐场所;娱乐场所,成华区,104.109957,30.690656,1
聚贤居,sports,体育休闲服务;娱乐场所;棋牌室,成华区,104.106164,30.692368,1
盛世桃园KTV(驷马桥路),sports,体育休闲服务;娱乐场所;KTV,成华区,104.10395,30.697479,1
品茶台球,sports,体育休闲服务;运动场馆;台球厅,成华区,104.115592,30.689699,1
机车厂游泳池,sports,体育休闲服务;运动场馆;游泳馆,成华区,104.140463,30.690283,1
民兴网吧,sports,体育休闲服务;娱乐场所;网吧,成华区,104.136929,30.689897,1
天一龙渔场,sports,体育休闲服务;休闲场所;垂钓园,成华区,104.149124,30.692494,1
彝水情音乐广场,sports,体育休闲服务;休闲场所;休闲场所,成华区,104.149937,30.69137,1
LTS网咖,sports,体育休闲服务;娱乐场所;网吧,成华区,104.163755,30.695238,3
天宇网吧(宝耳路),sports,体育休闲服务;娱乐场所;网吧,成华区,104.162363,30.695885,1
露天儿童乐园,sports,体育休闲服务;休闲场所;游乐场,成华区,104.170557,30.698502,2
天泽御府,sports,体育休闲服务;休闲场所;休闲场所,成华区,104.164744,30.698253,5
五羊网吧,sports,体育休闲服务;娱乐场所;网吧,成华区,104.173377,30.69666,2
鹤林社区老年活动广场,sports,体育休闲服务;体育休闲服务场所;体育休闲服务场所,成华区,104.167417,30.695586,1
成华街头篮球场,sports,体育休闲服务;运动场馆;篮球场馆,成华区,104.166773,30.698719,1
星空天际网吧,sports,体育休闲服务;娱乐场所;网吧,成华区,104.17669,30.696623,2
噜咔网咖,sports,体育休闲服务;娱乐场所;网吧,成华区,104.175095,30.696465,1
儿童乐园(汇润国际西南),sports,体育休闲服务;休闲场所;游乐场,成华区,104.179285,30.691631,1
多瑙河啤酒馆,sports,体育休闲服务;娱乐场所;酒吧,成华区,104.178372,30.690388,2
星梦网咖,sports,体育休闲服务;娱乐场所;网吧,青羊区,103.966093,30.681015,1
翠微清波恒温游泳馆,sports,体育休闲服务;运动场馆;游泳馆,青羊区,103.982669,30.682185,1
龙湖翠微清波网球场,sports,体育休闲服务;运动场馆;网球场,青羊区,103.980655,30.681253,1
COCO网吧,sports,体育休闲服务;娱乐场所;网吧,青羊区,103.982869,30.685678,1
龙族部落网络会所,sports,体育休闲服务;娱乐场所;网吧,青羊区,103.981795,30.680114,1
103网吧,sports,体育休闲服务;娱乐场所;网吧,青羊区,103.976537,30.683092,1
惠健身,sports,体育休闲服务;运动场馆;健身中心,青羊区,103.986315,30.680988,3
成星网吧,sports,体育休闲服务;娱乐场所;网吧,青羊区,103.984406,30.680086,3
海棠会馆,sports,体育休闲服务;体育休闲服务场所;体育休闲服务场所,青羊区,103.990069,30.6869,2
雀友之家,sports,体育休闲服务;体育休闲服务场所;体育休闲服务场所,青羊区,103.990961,30.684857,1
青江社区老年人活动室,sports,体育休闲服务;休闲场所;休闲场所,青羊区,103.989075,30.682606,3
小时代网咖,sports,体育休闲服务;娱乐场所;网吧,青羊区,103.993141,30.686491,1
金沙榆景老年活动室,sports,体育休闲服务;娱乐场所;棋牌室,青羊区,103.988889,30.689121,1
金鹏社区晚霞居家养老服务站,sports,体育休闲服务;度假疗养场所;疗养院,青羊区,103.998767,30.681029,1
公共篮球场,sports,体育休闲服务;运动场馆;篮球场馆,青羊区,104.001427,30.682544,5
B2进口啤酒馆,sports,体育休闲服务;娱乐场所;酒吧|购物服务;专卖店;烟酒专卖店,青羊区,104.000964,30.687632,4
网吧春天,sports,体育休闲服务;体育休闲服务场所;体育休闲服务场所,青羊区,104.004221,30.681852,6
火星人网咖金沙店,sports,体育休闲服务;体育休闲服务场所;体育休闲服务场所,青羊区,103.99458,30.683016,2
达尔奇网咖,sports,体育休闲服务;娱乐场所;网吧,青羊区,103.998229,30.685512,3
四川省八极搏击俱乐部,sports,体育休闲服务;运动场馆;运动场所,青羊区,103.997374,30.687275,1
美迪奇健身,sports,体育休闲服务;运动场馆;健身中心,青羊区,103.994808,30.681186,1
崇孝养老机构(金阳路),sports,体育休闲服务;度假疗养场所;疗养院,青羊区,103.99583,30.685721,1
Brick by Brick乐高俱乐部(金沙店),sports,体育休闲服务;娱乐场所;娱乐场所,青羊区,103.999571,30.686879,1
金沙社区养老院,sports,体育休闲服务;体育休闲服务场所;体育休闲服务场所,青羊区,104.005521,30.686484,2
金沙剧场,sports,体育休闲服务;影剧院;剧场,金牛区,104.009478,30.687085,2
好乐星KTV(金沙店),sports,体育休闲服务;娱乐场所;KTV,青羊区,104.00667,30.68325,1
静瑜伽(金沙遗址路),sports,体育休闲服务;运动场馆;健身中心,青羊区,104.004995,30.683758,1
九荆条网咖,sports,体育休闲服务;娱乐场所;网吧,金牛区,104.011126,30.689392,1
养老中心,sports,体育休闲服务;体育休闲服务场所;体育休闲服务场所,青羊区,104.006788,30.685786,1
健身台球咖啡机麻,sports,体育休闲服务;体育休闲服务场所;体育休闲服务场所,青羊区,104.013189,30.682845,1
金仕豪健身,sports,体育休闲服务;运动场馆;健身中心,青羊区,104.007994,30.681857,1
紫桂花园活动中心,sports,体育休闲服务;体育休闲服务场所;体育休闲服务场所,金牛区,104.009298,30.689407,1
荣德游泳池,sports,体育休闲服务;运动场馆;游泳馆,青羊区,104.0232,30.679177,7
上善健身服务部,sports,体育休闲服务;运动场馆;健身中心,金牛区,104.02293,30.688302,8
金牛区国家青少年体育俱乐部营门口小学分部,sports,体育休闲服务;娱乐场所;娱乐场所,金牛区,104.018763,30.688861,1
丹顿网咖,sports,体育休闲服务;娱乐场所;网吧,青羊区,104.017978,30.682205,4
旅人音乐酒吧,sports,体育休闲服务;娱乐场所;酒吧,青羊区,104.01556,30.68225,2
尊尚会所(清溪西路),sports,体育休闲服务;娱乐场所;娱乐场所,青羊区,104.019093,30.68154,3
四海台球,sports,体育休闲服务;运动场馆;台球厅,金牛区,104.019997,30.688155,4
青铜时代网吧,sports,体育休闲服务;娱乐场所;网吧,青羊区,104.020071,30.680145,1
香榭名苑游泳池,sports,体育休闲服务;运动场馆;游泳馆,青羊区,104.02032,30.684176,1
魔力盒子网吧,sports,体育休闲服务;娱乐场所;网吧,青羊区,104.021467,30.684397,1
宏鹰跆拳道馆,sports,体育休闲服务;运动场馆;跆拳道场馆,金牛区,104.015706,30.688214,2
金沙.同德名苑,sports,体育休闲服务;休闲场所;休闲场所,青羊区,104.016693,30.683987,1
聚雀缘棋牌室,sports,体育休闲服务;娱乐场所;棋牌室,金牛区,104.01858,30.686418,1
7号麻将馆,sports,体育休闲服务;娱乐场所;棋牌室,金牛区,104.017669,30.688804,1
残疾人之家,sports,体育休闲服务;体育休闲服务场所;体育休闲服务场所,青羊区,104.023031,30.683838,1
魔指网咖,sports,体育休闲服务;娱乐场所;网吧,金牛区,104.029417,30.683875,3
聚英台球,sports,体育休闲服务;运动场馆;台球厅,金牛区,104.032211,30.681942,10
阿拉山口,sports,体育休闲服务;娱乐场所;酒吧,金牛区,104.026397,30.687231,7
成都星秀钢管舞,sports,体育休闲服务;运动场馆;健身中心,金牛区,104.027134,30.685508,5
索美塞网咖,sports,体育休闲服务;娱乐场所;网吧,金牛区,104.024856,30.686157,3
Zero,sports,体育休闲服务;娱乐场所;酒吧,金牛区,104.031435,30.686873,5
小区活动室,sports,体育休闲服务;休闲场所;休闲场所,金牛区,104.023783,30.685472,1
领跑者健身(蜀营街),sports,体育休闲服务;运动场馆;健身中心,金牛区,104.031565,30.688365,1
桌游主题吧,sports,体育休闲服务;运动场馆;健身中心,青羊区,104.028015,30.679737,1
一座一忘网咖,sports,体育休闲服务;娱乐场所;网吧,金牛区,104.028264,30.687107,2
颐园麻将室活动中心,sports,体育休闲服务;体育休闲服务场所;体育休闲服务场所,金牛区,104.031663,30.683772,1
伽迷国际瑜伽中心,sports,体育休闲服务;运动场馆;健身中心,金牛区,104.029816,30.685065,1
樱的网吧(营兴路店),sports,体育休闲服务;娱乐场所;网吧,金牛区,104.032638,30.686347,1
Star show钢管舞培训,sports,体育休闲服务;运动场馆;健身中心,青羊区,104.025713,30.682075,1
局乐轩麻将室,sports,体育休闲服务;娱乐场所;棋牌室,金牛区,104.032845,30.684106,3
瑞西棋牌室,sports,体育休闲服务;娱乐场所;棋牌室,金牛区,104.026661,30.684368,1
坤友棋牌,sports,体育休闲服务;娱乐场所;棋牌室,金牛区,104.033505,30.687968,4
柯仁音乐酒吧,sports,体育休闲服务;娱乐场所;酒吧,青羊区,104.026496,30.679472,1
天天见棋牌室,sports,体育休闲服务;娱乐场所;棋牌室,金牛区,104.028619,30.6829,1
情韵音乐吧,sports,体育休闲服务;娱乐场所;KTV,金牛区,104.038336,30.679592,4
前沿会所,sports,体育休闲服务;娱乐场所;KTV,金牛区,104.034948,30.682674,2
潮流网吧(抚琴西路南二巷),sports,体育休闲服务;娱乐场所;网吧,金牛区,104.035138,30.679968,2
麦卓网吧,sports,体育休闲服务;娱乐场所;网吧,金牛区,104.041477,30.686445,18
风云天下网吧(金沙路店),sports,体育休闲服务;娱乐场所;网吧,金牛区,104.04048,30.688397,1
海缘汇,sports,体育休闲服务;娱乐场所;棋牌室,金牛区,104.037072,30.686109,4
樱的网吧(抚琴店),sports,体育休闲服务;娱乐场所;网吧,金牛区,104.038206,30.68261,1
紫荆花台球俱乐部(西门店),sports,体育休闲服务;运动场馆;台球厅,金牛区,104.041738,30.683295,2
形意拳馆,sports,体育休闲服务;运动场馆;运动场所,金牛区,104.034445,30.686288,5
人和会所,sports,体育休闲服务;体育休闲服务场所;体育休闲服务场所,金牛区,104.038139,30.68825,3
足行天下,sports,体育休闲服务;体育休闲服务场所;体育休闲服务场所,金牛区,104.035198,30.688418,1
南侨娱乐汇,sports,体育休闲服务;娱乐场所;夜总会,金牛区,104.039981,30.681708,2
桑拿泳池高温瑜伽供热采暖,sports,体育休闲服务;体育休闲服务场所;体育休闲服务场所,金牛区,104.033945,30.689097,1
兰姐麻将,sports,体育休闲服务;娱乐场所;娱乐场所,金牛区,104.043557,30.681558,1
抚琴干休所,sports,体育休闲服务;度假疗养场所;疗养院,金牛区,104.04102,30.679787,2
职工体育馆,sports,体育休闲服务;运动场馆;运动场所,金牛区,104.051978,30.682638,4
茶棋牌休闲,sports,体育休闲服务;娱乐场所;娱乐场所,金牛区,104.04889,30.686456,1
司南·聚,sports,体育休闲服务;娱乐场所;娱乐场所,金牛区,104.050176,30.687544,14
都市网吧(一环路北一段),sports,体育休闲服务;娱乐场所;网吧,金牛区,104.048368,30.687254,1
老年之家,sports,体育休闲服务;体育休闲服务场所;体育休闲服务场所,金牛区,104.047818,30.68062,2
舞林风俱乐部,sports,体育休闲服务;体育休闲服务场所;体育休闲服务场所,金牛区,104.050947,30.68008,5
蔻海KTV,sports,体育休闲服务;娱乐场所;KTV,金牛区,104.04754,30.685209,4
西和棋牌,sports,体育休闲服务;娱乐场所;棋牌室,金牛区,104.044172,30.679906,2
麦酒社,sports,体育休闲服务;娱乐场所;酒吧,金牛区,104.04503,30.680886,7
杠尚花·棋牌,sports,体育休闲服务;娱乐场所;棋牌室,金牛区,104.046421,30.681483,2
乐兴网吧(光荣北路),sports,体育休闲服务;娱乐场所;网吧,金牛区,104.044461,30.689007,1
8零S酒吧,sports,体育休闲服务;娱乐场所;酒吧,金牛区,104.044969,30.683813,5
乡土户外俱乐部,sports,体育休闲服务;体育休闲服务场所;体育休闲服务场所,金牛区,104.04548,30.685557,1
玫瑰艺术厅,sports,体育休闲服务;休闲场所;休闲场所,金牛区,104.051041,30.685961,1
总汇游泳池,sports,体育休闲服务;运动场馆;游泳馆,金牛区,104.051685,30.688495,1
四悉棋牌,sports,体育休闲服务;娱乐场所;棋牌室,金牛区,104.054841,30.68319,17
垒鑫荟网络休闲会所(白马寺街),sports,体育休闲服务;娱乐场所;网吧,金牛区,104.061366,30.688149,1
成都晚霞马家花园居家养老服务站(北门),sports,体育休闲服务;体育休闲服务场所;体育休闲服务场所,金牛区,104.056711,30.680806,1
同心圆歌舞厅,sports,体育休闲服务;娱乐场所;迪厅,金牛区,104.056702,30.688626,2
心约网络会所,sports,体育休闲服务;娱乐场所;网吧,金牛区,104.059448,30.68405,2
天香雪歌舞厅,sports,体育休闲服务;娱乐场所;迪厅,青羊区,104.056375,30.679527,3
金角度台球俱乐部,sports,体育休闲服务;运动场馆;台球厅,金牛区,104.057371,30.687142,1
缘会网吧,sports,体育休闲服务;娱乐场所;网吧,金牛区,104.057136,30.683205,1
金牛区兴奥游泳池,sports,体育休闲服务;运动场馆;游泳馆,金牛区,104.053721,30.688742,1
西藏干休所,sports,体育休闲服务;度假疗养场所;疗养院,金牛区,104.063096,30.688047,1
阿曼希东方舞,sports,体育休闲服务;运动场馆;健身中心,金牛区,104.053902,30.681509,1
蔡蔡麻将屋,sports,体育休闲服务;娱乐场所;棋牌室,金牛区,104.055356,30.681367,1
新村河边街社区党员活动室,sports,体育休闲服务;娱乐场所;娱乐场所,金牛区,104.059056,30.687835,2
四川省乔牌活动中心,sports,体育休闲服务;娱乐场所;棋牌室,金牛区,104.058739,30.68076,1
万福苑游泳池,sports,体育休闲服务;运动场馆;游泳馆,金牛区,104.06727,30.68489,2
心随我动网吧,sports,体育休闲服务;娱乐场所;网吧,金牛区,104.070056,30.681898,2
地下战,sports,体育休闲服务;体育休闲服务场所;体育休闲服务场所,金牛区,104.066272,30.688112,2
炎华足球公园,sports,体育休闲服务;运动场馆;足球场,金牛区,104.064982,30.688612,2
河边老院坝,sports,体育休闲服务;休闲场所;休闲场所,金牛区,104.073768,30.67986,4
芳芳棋牌(白马寺街),sports,体育休闲服务;娱乐场所;棋牌室,金牛区,104.065356,30.684074,1
雅腾网咖,sports,体育休闲服务;娱乐场所;网吧,青羊区,104.070414,30.679658,1
金牛区人民北路晚霞日间照料中心,sports,体育休闲服务;度假疗养场所;疗养院,金牛区,104.072166,30.684628,1
成都太极馆,sports,体育休闲服务;运动场馆;运动场所,金牛区,104.076033,30.682928,6
城北网球场,sports,体育休闲服务;运动场馆;网球场,金牛区,104.075847,30.68468,5
樱花娱乐,sports,体育休闲服务;娱乐场所;迪厅,金牛区,104.079812,30.682972,9
风铃网吧(马鞍西路),sports,体育休闲服务;娱乐场所;网吧,金牛区,104.08129,30.679528,1
成都市老年活动宫,sports,体育休闲服务;休闲场所;休闲场所,金牛区,104.073784,30.684836,2
新引力网吧,sports,体育休闲服务;娱乐场所;网吧,金牛区,104.08152,30.688006,1
小胖茶机麻,sports,体育休闲服务;娱乐场所;棋牌室,金牛区,104.078554,30.687299,2
黑桃杰作网咖,sports,体育休闲服务;娱乐场所;网吧,金牛区,104.080386,30.685159,4
龙海网吧(一环路北三段),sports,体育休闲服务;娱乐场所;网吧,金牛区,104.075393,30.686496,1
尚皇酒水吧,sports,体育休闲服务;娱乐场所;酒吧,金牛区,104.080323,30.686738,3
斯诺克台球,sports,体育休闲服务;运动场馆;台球厅,金牛区,104.082053,30.68144,1
台球棋牌室,sports,体育休闲服务;娱乐场所;棋牌室,金牛区,104.078797,30.680804,1
盘丝洞,sports,体育休闲服务;娱乐场所;网吧,成华区,104.092478,30.680829,20
缤纷鲜花,sports,体育休闲服务;娱乐场所;娱乐场所,金牛区,104.084756,30.680156,4
CD狂派,sports,体育休闲服务;娱乐场所;网吧,成华区,104.09098,30.68823,7
亿谷网吧,sports,体育休闲服务;娱乐场所;网吧,金牛区,104.089019,30.687182,2
飞越网吧(福蓓街),sports,体育休闲服务;娱乐场所;网吧,金牛区,104.086465,30.685452,1
金鼠标网咖,sports,体育休闲服务;娱乐场所;网吧,成华区,104.091354,30.684316,1
伊六网咖,sports,体育休闲服务;娱乐场所;网吧,成华区,104.092622,30.682592,2
侠者搏击,sports,体育休闲服务;运动场馆;运动场所,金牛区,104.089334,30.680752,2
同乐棋牌机麻,sports,体育休闲服务;体育休闲服务场所;体育休闲服务场所,金牛区,104.087302,30.680577,1
老年活动室,sports,体育休闲服务;体育休闲服务场所;体育休闲服务场所,金牛区,104.086393,30.688509,1
印象瑜伽肚皮舞俱乐部,sports,体育休闲服务;运动场馆;健身中心,金牛区,104.088663,30.685994,1
云中漫步,sports,体育休闲服务;娱乐场所;网吧,金牛区,104.086979,30.686292,1
研磨时尚网咖(李家沱店),sports,体育休闲服务;娱乐场所;网吧,金牛区,104.086442,30.687333,1
棋牌阵,sports,体育休闲服务;娱乐场所;棋牌室,成华区,104.093477,30.686072,2
北四段社区党员活动室,sports,体育休闲服务;休闲场所;休闲场所,金牛区,104.084181,30.683927,2
楼上聚会吧,sports,体育休闲服务;娱乐场所;娱乐场所,金牛区,104.085792,30.681737,2
二妹棋牌,sports,体育休闲服务;娱乐场所;棋牌室,金牛区,104.084842,30.689318,1
美佳美量贩KTV,sports,体育休闲服务;娱乐场所;KTV,成华区,104.096848,30.683954,1
冰月KTV,sports,体育休闲服务;娱乐场所;KTV,成华区,104.096972,30.681884,1
漫步时空网咖成都市,sports,体育休闲服务;体育休闲服务场所;体育休闲服务场所,成华区,104.09788,30.685172,1
金鑫二期音乐酒吧KTV,sports,体育休闲服务;娱乐场所;KTV,成华区,104.094812,30.689173,1
武名功夫馆,sports,科教文化服务;培训机构;培训机构|体育休闲服务;运动场馆;运动场所,成华区,104.0981,30.683748,1
赛利亚网吧,sports,体育休闲服务;娱乐场所;网吧,成华区,104.102482,30.686933,2
蓝地张二网吧,sports,体育休闲服务;娱乐场所;网吧,成华区,104.096776,30.688929,1
追子弹量贩KTV,sports,体育休闲服务;娱乐场所;KTV,成华区,104.098857,30.681102,1
时维网咖,sports,体育休闲服务;娱乐场所;网吧,成华区,104.102264,30.682297,3
肥猫网咖,sports,体育休闲服务;娱乐场所;网吧,成华区,104.103188,30.683118,2
电子科技大学沙河校区游泳池,sports,体育休闲服务;运动场馆;游泳馆,成华区,104.09509,30.67967,2
南屏晚声音乐工作室(浅水半岛店),sports,体育休闲服务;体育休闲服务场所;体育休闲服务场所,成华区,104.103436,30.684714,1
香木园休闲庄,sports,体育休闲服务;休闲场所;休闲场所,成华区,104.108863,30.680969,1
玩家天堂网吧,sports,体育休闲服务;娱乐场所;网吧,成华区,104.107669,30.685513,1
飞飞网咖(双建路),sports,体育休闲服务;娱乐场所;网吧,成华区,104.109612,30.685661,2
天天好心情,sports,体育休闲服务;娱乐场所;棋牌室,成华区,104.112562,30.683338,1
起点网吧(建设北路店),sports,体育休闲服务;娱乐场所;网吧,成华区,104.111662,30.679677,1
四川DJ俱乐部,sports,体育休闲服务;娱乐场所;娱乐场所,成华区,104.104755,30.680504,2
成都家合兴职工俱乐部,sports,体育休闲服务;体育休闲服务场所;体育休闲服务场所,成华区,104.108568,30.687312,2
快乐8网络会所,sports,体育休闲服务;娱乐场所;网吧,成华区,104.112304,30.682346,2
宝泰家园中庭恒温游泳馆,sports,体育休闲服务;运动场馆;游泳馆,成华区,104.112632,30.687985,1
泽安养老,sports,体育休闲服务;度假疗养场所;疗养院,成华区,104.105822,30.686138,4
本土瑜伽,sports,体育休闲服务;运动场馆;健身中心,成华区,104.104284,30.683439,2
桃林网吧(桃源街),sports,体育休闲服务;娱乐场所;网吧,成华区,104.111721,30.685813,1
壹东方网咖,sports,体育休闲服务;娱乐场所;网吧,成华区,104.11347,30.679512,1
东方尊会,sports,体育休闲服务;体育休闲服务场所;体育休闲服务场所,成华区,104.112206,30.681268,1
桃源社区活动室,sports,体育休闲服务;休闲场所;休闲场所,成华区,104.112581,30.685182,1
凌云棋牌茶艺,sports,体育休闲服务;娱乐场所;棋牌室,成华区,104.106028,30.680561,2
必好左右网吧,sports,体育休闲服务;娱乐场所;网吧,成华区,104.104577,30.684924,1
香亦乐棋牌,sports,体育休闲服务;娱乐场所;棋牌室,成华区,104.108873,30.688673,3
南天苑小区娱乐活动室,sports,体育休闲服务;娱乐场所;棋牌室,成华区,104.112306,30.686937,1
翰林会所,sports,体育休闲服务;体育休闲服务场所;体育休闲服务场所,成华区,104.106532,30.682358,1
动感网咖(文德路),sports,体育休闲服务;娱乐场所;网吧,成华区,104.118403,30.682142,1
星空网络(二仙桥南一路),sports,体育休闲服务;娱乐场所;网吧,成华区,104.1161,30.681252,2
二仙桥石油社区门球场,sports,体育休闲服务;运动场馆;运动场所,成华区,104.115932,30.685825,1
万紫天缘动漫城,sports,体育休闲服务;娱乐场所;游戏厅,成华区,104.119076,30.683162,1
恒隆网吧(建设北路三段),sports,体育休闲服务;娱乐场所;网吧,成华区,104.122208,30.682584,2
壹东方网咖·电竞(桃林花开店),sports,体育休闲服务;娱乐场所;网吧,成华区,104.114186,30.680665,1
四川成都弓兵团俱乐部,sports,体育休闲服务;娱乐场所;娱乐场所,成华区,104.120499,30.68111,1
香烟棋牌,sports,体育休闲服务;娱乐场所;棋牌室,成华区,104.116998,30.683815,1
我所遇见的生活DIY,sports,体育休闲服务;体育休闲服务场所;体育休闲服务场所,成华区,104.12072,30.682455,1
机车厂影剧院,sports,体育休闲服务;影剧院;电影院,成华区,104.133119,30.686314,2
东华社区老年活动中心,sports,体育休闲服务;休闲场所;休闲场所,成华区,104.12746,30.685747,1
情系网咖,sports,体育休闲服务;娱乐场所;网吧,成华区,104.12379,30.68286,2
寒雨轩网吧,sports,体育休闲服务;娱乐场所;网吧,成华区,104.132164,30.68217,1
绿色网吧(下涧槽路),sports,体育休闲服务;娱乐场所;网吧,成华区,104.134107,30.683964,2
星空纵情海网络会所,sports,体育休闲服务;娱乐场所;网吧,成华区,104.136056,30.685145,1
美宾游泳,sports,体育休闲服务;运动场馆;运动场所,成华区,104.141392,30.686706,1
标点网咖,sports,体育休闲服务;娱乐场所;网吧,成华区,104.137974,30.684741,1
纵横驰骋网咖,sports,体育休闲服务;娱乐场所;网吧,成华区,104.138662,30.683582,2
一点缘网吧(二仙桥北路),sports,体育休闲服务;娱乐场所;网吧,成华区,104.138277,30.680334,1
黑桃K,sports,体育休闲服务;娱乐场所;KTV,成华区,104.150743,30.684182,3
尚豪瑜伽,sports,体育休闲服务;运动场馆;健身中心,成华区,104.14441,30.679836,3
净瑜伽,sports,体育休闲服务;运动场馆;健身中心,成华区,104.151553,30.684998,1
茶机麻棋牌,sports,体育休闲服务;娱乐场所;棋牌室,成华区,104.147487,30.689368,1
往来,sports,体育休闲服务;娱乐场所;酒吧,成华区,104.181565,30.688988,1
恒温游泳,sports,体育休闲服务;运动场馆;游泳馆,青羊区,103.967367,30.672074,2
潮流网咖,sports,体育休闲服务;娱乐场所;网吧,青羊区,103.96703,30.675953,3
轻点奇迹网吧,sports,体育休闲服务;娱乐场所;网吧,青羊区,103.972833,30.671908,1
丛林网咖(光华北二路),sports,体育休闲服务;娱乐场所;网吧,青羊区,103.964681,30.675213,1
万达五国皇家大马戏节,sports,体育休闲服务;体育休闲服务场所;体育休闲服务场所,青羊区,103.972085,30.678402,1
探索者健身,sports,体育休闲服务;运动场馆;健身中心,青羊区,103.970016,30.674421,1
时代网咖(光华店),sports,体育休闲服务;娱乐场所;网吧,青羊区,103.973405,30.673768,1
强友快乐网咖,sports,体育休闲服务;娱乐场所;网吧,青羊区,103.982571,30.674815,1
e线网吧,sports,体育休闲服务;娱乐场所;网吧,青羊区,103.98209,30.671961,1
沙陶屋,sports,体育休闲服务;体育休闲服务场所;体育休闲服务场所,青羊区,103.976121,30.674028,1
思必好无限网咖,sports,体育休闲服务;娱乐场所;网吧,青羊区,103.976902,30.67562,1
暗影岛网咖,sports,体育休闲服务;娱乐场所;网吧,青羊区,103.991896,30.673914,2
鑫愿网咖,sports,体育休闲服务;娱乐场所;网吧,青羊区,103.985982,30.677946,8
大晟网咖,sports,体育休闲服务;娱乐场所;网吧,青羊区,103.990453,30.672965,5
极指道网络生活馆,sports,体育休闲服务;娱乐场所;网吧,青羊区,103.988792,30.673541,1
道格韦恩健身游泳馆,sports,体育休闲服务;运动场馆;游泳馆,青羊区,103.991448,30.671581,1
音色酒吧,sports,体育休闲服务;娱乐场所;酒吧,青羊区,103.989491,30.674808,1
双新路社区党员、群众活动室,sports,体育休闲服务;休闲场所;休闲场所,青羊区,103.987809,30.673097,1
青羊区苏坡中鹏社区老年活动中心,sports,体育休闲服务;休闲场所;休闲场所,青羊区,103.983915,30.671157,1
成都霓裳休闲健身工作室(清江店),sports,体育休闲服务;体育休闲服务场所;体育休闲服务场所,青羊区,104.003448,30.674772,1
歌王国际,sports,体育休闲服务;娱乐场所;KTV,青羊区,103.99716,30.678122,21
思必好新蟲蟲网吧,sports,体育休闲服务;娱乐场所;网吧,青羊区,103.997304,30.675709,1
永利演艺厅,sports,体育休闲服务;娱乐场所;娱乐场所,青羊区,104.001261,30.676016,3
华府金沙游泳池,sports,体育休闲服务;运动场馆;游泳馆,青羊区,103.999925,30.67799,3
凯丽美域游泳池,sports,体育休闲服务;运动场馆;游泳馆,青羊区,103.994405,30.678315,1
艾斯酒吧,sports,体育休闲服务;娱乐场所;酒吧,青羊区,103.99981,30.673191,6
壹九吧,sports,体育休闲服务;娱乐场所;酒吧,青羊区,104.001472,30.674151,7
云雾网咖,sports,体育休闲服务;娱乐场所;网吧,青羊区,104.000937,30.678823,2
青羊双新社区朗力托老所,sports,体育休闲服务;度假疗养场所;疗养院,青羊区,103.994522,30.672699,2
森源泉网咖,sports,体育休闲服务;娱乐场所;网吧,青羊区,103.99843,30.675481,1
上指选网络生活馆,sports,体育休闲服务;娱乐场所;网吧,青羊区,103.995787,30.67297,1
棋牌茶,sports,体育休闲服务;体育休闲服务场所;体育休闲服务场所,青羊区,103.996542,30.670749,1
博瑞都市花园网球场,sports,体育休闲服务;运动场馆;网球场,青羊区,104.002165,30.669939,1
祝福娱乐活动中心(贝双街),sports,体育休闲服务;娱乐场所;娱乐场所,青羊区,104.000311,30.670399,1
新阳光健康家园游泳池,sports,体育休闲服务;体育休闲服务场所;体育休闲服务场所,青羊区,103.99987,30.675462,1
贝森路社区中老年活动室,sports,体育休闲服务;娱乐场所;棋牌室,青羊区,103.998597,30.671378,1
太平洋电影成,sports,体育休闲服务;体育休闲服务场所;体育休闲服务场所,青羊区,104.001563,30.677011,1
麻雀休闲坊,sports,体育休闲服务;娱乐场所;棋牌室,青羊区,104.006971,30.670247,3
盛朝娱乐,sports,体育休闲服务;娱乐场所;娱乐场所,青羊区,104.00864,30.678425,3
梦想剧场,sports,体育休闲服务;影剧院;剧场,青羊区,104.006375,30.672969,13
木府,sports,体育休闲服务;娱乐场所;酒吧,青羊区,104.006488,30.678176,12
了凡瑜伽,sports,体育休闲服务;运动场馆;健身中心,青羊区,104.011752,30.675079,3
格子空间网络,sports,体育休闲服务;娱乐场所;网吧,青羊区,104.013249,30.674057,3
川藏老兵车友俱乐部,sports,体育休闲服务;娱乐场所;娱乐场所,青羊区,104.011086,30.673662,3
格子网吧,sports,体育休闲服务;娱乐场所;网吧,青羊区,104.009323,30.677339,1
爱和华集团俱乐部,sports,体育休闲服务;体育休闲服务场所;体育休闲服务场所,青羊区,104.004139,30.67207,1
正义跆拳道馆,sports,体育休闲服务;运动场馆;跆拳道场馆,青羊区,104.014099,30.673405,9
尼罗文化肚皮舞瑜伽馆,sports,体育休闲服务;运动场馆;健身中心,青羊区,104.004459,30.669816,1
西南财经大学光华校区成教院学生活动中心,sports,体育休闲服务;休闲场所;休闲场所,青羊区,104.011309,30.669523,1
西南财经大学光华校区篮球场(西区),sports,体育休闲服务;运动场馆;篮球场馆,青羊区,104.008286,30.67302,1
柳木屋,sports,体育休闲服务;娱乐场所;酒吧,青羊区,104.015963,30.675885,21
以间会友,sports,体育休闲服务;体育休闲服务场所;体育休闲服务场所,青羊区,104.021327,30.673468,5
巴可·激光巨幕厅,sports,体育休闲服务;影剧院;电影院,青羊区,104.020475,30.674294,1
紫罗兰,sports,体育休闲服务;娱乐场所;迪厅,青羊区,104.02293,30.671717,3
半生缘网络,sports,体育休闲服务;娱乐场所;网吧,青羊区,104.017094,30.679446,1
时光网吧(罗家碾街),sports,体育休闲服务;娱乐场所;网吧,青羊区,104.021182,30.675959,1
边度酒吧,sports,体育休闲服务;娱乐场所;酒吧,青羊区,104.018112,30.670828,12
半糖网吧(战旗店),sports,体育休闲服务;娱乐场所;网吧,青羊区,104.018932,30.676615,3
极地音乐酒水吧,sports,体育休闲服务;娱乐场所;酒吧,青羊区,104.021618,30.679255,1
千寻多米网络会馆,sports,体育休闲服务;娱乐场所;网吧,青羊区,104.015298,30.677098,1
遇见(二环路西二段),sports,体育休闲服务;娱乐场所;网吧,青羊区,104.019438,30.673061,1
悠闲茶,sports,体育休闲服务;娱乐场所;娱乐场所,青羊区,104.024031,30.66941,8
青羊区瑞吉养老服务中心,sports,体育休闲服务;度假疗养场所;疗养院,青羊区,104.025738,30.670643,1
雅园农家乐,sports,体育休闲服务;休闲场所;休闲场所,青羊区,104.028645,30.674706,1
熙临KTV,sports,体育休闲服务;娱乐场所;KTV,青羊区,104.030136,30.671529,7
兰苑养老中心成都办事处,sports,体育休闲服务;体育休闲服务场所;体育休闲服务场所,青羊区,104.027005,30.671893,1
狂野练歌房,sports,体育休闲服务;娱乐场所;KTV,金牛区,104.030976,30.677429,2
阿迪达斯青少年足球训练营,sports,体育休闲服务;运动场馆;足球场,金牛区,104.030133,30.679425,1
光速网吧,sports,体育休闲服务;娱乐场所;网吧,青羊区,104.025961,30.677514,9
不重要,sports,体育休闲服务;休闲场所;休闲场所,青羊区,104.027159,30.670386,2
文华坊,sports,体育休闲服务;娱乐场所;棋牌室,金牛区,104.032191,30.677356,3
夏木酒馆,sports,体育休闲服务;娱乐场所;酒吧,金牛区,104.030624,30.673819,3
辐射网吧,sports,体育休闲服务;娱乐场所;网吧,青羊区,104.025656,30.675148,1
回忆水酒吧,sports,体育休闲服务;娱乐场所;酒吧,金牛区,104.030606,30.675746,1
清馨e网天下网吧,sports,体育休闲服务;娱乐场所;网吧,青羊区,104.031585,30.669507,1
梵若瑜伽国际会所,sports,体育休闲服务;运动场馆;健身中心,青羊区,104.025267,30.671946,1
清馨茶园,sports,体育休闲服务;娱乐场所;棋牌室,青羊区,104.024188,30.677676,2
老弯弯茶·棋牌,sports,体育休闲服务;娱乐场所;棋牌室,青羊区,104.024224,30.676752,2
晚霞敬老院,sports,体育休闲服务;度假疗养场所;疗养院,青羊区,104.027425,30.675835,1
力秀机麻棋牌(百寿路),sports,体育休闲服务;娱乐场所;棋牌室,金牛区,104.03221,30.673593,1
文汇棋牌苑,sports,体育休闲服务;体育休闲服务场所;体育休闲服务场所,青羊区,104.024067,30.67526,1
屋顶花园休闲世界,sports,体育休闲服务;休闲场所;休闲场所,青羊区,104.0336,30.669913,1
青西服务站,sports,体育休闲服务;娱乐场所;棋牌室,金牛区,104.034786,30.674745,2
成都市新声剧场,sports,体育休闲服务;影剧院;剧场,金牛区,104.037903,30.678064,1
民族大舞台,sports,体育休闲服务;影剧院;音乐厅,金牛区,104.04239,30.676084,12
依伊音乐吧,sports,体育休闲服务;娱乐场所;KTV,金牛区,104.033806,30.672787,1
传奇网络沙龙,sports,体育休闲服务;娱乐场所;网吧,金牛区,104.036133,30.6757,2
祺园,sports,体育休闲服务;娱乐场所;棋牌室,金牛区,104.038596,30.673676,9
圣珈瑜伽(一环路西三段),sports,体育休闲服务;运动场馆;健身中心,金牛区,104.039427,30.678867,1
今生约定酒吧,sports,体育休闲服务;娱乐场所;酒吧,金牛区,104.037323,30.675973,1
神秘岛网咖,sports,体育休闲服务;娱乐场所;网吧,金牛区,104.035392,30.672492,2
智灵网络,sports,体育休闲服务;娱乐场所;网吧,金牛区,104.040948,30.670947,1
金琴南路社区健身房,sports,体育休闲服务;运动场馆;健身中心,金牛区,104.035153,30.677927,6
龙之飞腾网络会所,sports,体育休闲服务;娱乐场所;网吧,金牛区,104.042648,30.670493,2
青阳北路社区家长学校活动中心,sports,体育休闲服务;娱乐场所;娱乐场所,金牛区,104.043558,30.67401,1
荷泥,sports,体育休闲服务;娱乐场所;酒吧,青羊区,104.051456,30.669916,23
青羊区游泳场,sports,体育休闲服务;运动场馆;游泳馆,金牛区,104.045836,30.672481,4
二楼网咖,sports,体育休闲服务;娱乐场所;网吧,金牛区,104.046817,30.670505,3
八号营地,sports,体育休闲服务;休闲场所;露营地,青羊区,104.051322,30.677064,2
水瓶座网吧,sports,体育休闲服务;娱乐场所;网吧,青羊区,104.050023,30.675885,3
流浪猫动漫,sports,体育休闲服务;娱乐场所;游戏厅,青羊区,104.052802,30.67662,4
都市农家乐,sports,体育休闲服务;休闲场所;休闲场所,金牛区,104.046509,30.675482,8
浓馨歌舞城,sports,体育休闲服务;娱乐场所;夜总会,金牛区,104.048299,30.678551,6
锦城世家恒温游泳馆,sports,体育休闲服务;运动场馆;游泳馆,金牛区,104.045273,30.679149,1
火焰鸟网吧,sports,体育休闲服务;娱乐场所;网吧,青羊区,104.050705,30.674775,1
棱镜竞技网络馆,sports,体育休闲服务;娱乐场所;网吧,青羊区,104.049683,30.672148,1
泸天化酒店-台球室,sports,体育休闲服务;运动场馆;台球厅,青羊区,104.049539,30.673517,2
宇海网咖,sports,体育休闲服务;娱乐场所;网吧,金牛区,104.046631,30.677337,1
弈圃棋社,sports,体育休闲服务;娱乐场所;棋牌室,青羊区,104.052626,30.672392,1
飘香棋牌室,sports,体育休闲服务;娱乐场所;棋牌室,青羊区,104.051382,30.672973,1
川浏网吧,sports,体育休闲服务;娱乐场所;网吧,青羊区,104.055142,30.675624,31
沙漏网咖,sports,体育休闲服务;娱乐场所;网吧,青羊区,104.062419,30.67282,30
空中花园游泳池,sports,体育休闲服务;运动场馆;游泳馆,青羊区,104.05983,30.673933,2
迦叶瑜伽,sports,体育休闲服务;运动场馆;健身中心,青羊区,104.058839,30.674821,2
新华宾馆康乐中心,sports,体育休闲服务;体育休闲服务场所;体育休闲服务场所,青羊区,104.062411,30.677136,4
金柜商务娱乐会所KTV,sports,体育休闲服务;娱乐场所;娱乐场所,青羊区,104.053915,30.671203,3
单身群快乐俱乐部,sports,体育休闲服务;娱乐场所;娱乐场所,青羊区,104.063049,30.675542,1
浮游吧,sports,体育休闲服务;娱乐场所;酒吧,青羊区,104.055218,30.672274,4
青羊区老干部活动中心,sports,体育休闲服务;休闲场所;休闲场所,青羊区,104.055963,30.678239,1
钓鱼岛,sports,体育休闲服务;体育休闲服务场所;体育休闲服务场所,青羊区,104.05868,30.676285,3
823户外俱乐部,sports,体育休闲服务;体育休闲服务场所;体育休闲服务场所,青羊区,104.057582,30.677417,1
棋牌茶,sports,体育休闲服务;体育休闲服务场所;体育休闲服务场所,青羊区,104.060643,30.676313,3
品茗·文艺活动公益活动中心,sports,体育休闲服务;体育休闲服务场所;体育休闲服务场所,青羊区,104.057519,30.67246,1
二五八棋牌,sports,体育休闲服务;娱乐场所;棋牌室,青羊区,104.065963,30.676313,7
网季网咖,sports,体育休闲服务;娱乐场所;网吧,青羊区,104.074395,30.67509,29
云龙俱乐部,sports,体育休闲服务;娱乐场所;KTV,青羊区,104.070437,30.671853,5
温莎KTV(成都顺城店),sports,体育休闲服务;娱乐场所;KTV,青羊区,104.068543,30.672275,1
好哇网,sports,体育休闲服务;体育休闲服务场所;体育休闲服务场所,青羊区,104.067745,30.667425,47
天府曲苑,sports,体育休闲服务;影剧院;剧场,青羊区,104.071037,30.675846,2
星程金地饭店KTV歌厅,sports,体育休闲服务;娱乐场所;KTV,青羊区,104.073076,30.671704,1
九州财富企业家俱乐部,sports,体育休闲服务;体育休闲服务场所;体育休闲服务场所,青羊区,104.071672,30.677248,1
网球场,sports,体育休闲服务;运动场馆;网球场,青羊区,104.06395,30.677912,1
成都帝盛君豪酒店-健身房,sports,体育休闲服务;运动场馆;健身中心,青羊区,104.064819,30.669755,2
半糖网吧(顺城店),sports,体育休闲服务;娱乐场所;网吧,青羊区,104.070591,30.670241,1
刘三姐棋牌室,sports,体育休闲服务;娱乐场所;棋牌室,青羊区,104.06443,30.670681,1
吃住快乐,sports,体育休闲服务;娱乐场所;娱乐场所,青羊区,104.069446,30.674858,3
棋牌小酒屋,sports,体育休闲服务;娱乐场所;棋牌室,青羊区,104.068268,30.67089,2
静轩网咖,sports,体育休闲服务;娱乐场所;网吧,金牛区,104.082162,30.676549,8
西南剧院,sports,体育休闲服务;影剧院;剧场,青羊区,104.076936,30.673556,1
青木网咖,sports,体育休闲服务;娱乐场所;网吧,青羊区,104.076568,30.669982,8
顺丰苑,sports,体育休闲服务;娱乐场所;棋牌室,青羊区,104.080223,30.670073,4
娱乐网吧,sports,体育休闲服务;娱乐场所;网吧,青羊区,104.081854,30.674714,2
正能量健身(太升北路),sports,体育休闲服务;运动场馆;健身中心,青羊区,104.078984,30.67303,2
Q网吧,sports,体育休闲服务;娱乐场所;网吧,青羊区,104.08033,30.67202,6
六加一健身馆,sports,体育休闲服务;运动场馆;健身中心,青羊区,104.080096,30.674352,2
茶牌室,sports,体育休闲服务;体育休闲服务场所;体育休闲服务场所,青羊区,104.07493,30.670824,3
金钥匙密室逃脱,sports,体育休闲服务;娱乐场所;娱乐场所,青羊区,104.078116,30.671409,1
府河象棋,sports,体育休闲服务;娱乐场所;棋牌室,金牛区,104.07759,30.677951,2
小关庙社区老人活动中心,sports,体育休闲服务;休闲场所;休闲场所,青羊区,104.08266,30.671968,1
玉泉棋牌室,sports,体育休闲服务;娱乐场所;棋牌室,青羊区,104.075921,30.672133,1
珍珍麻将馆,sports,体育休闲服务;娱乐场所;棋牌室,金牛区,104.079485,30.679333,1
四川省盐业总公司老年活动室,sports,体育休闲服务;休闲场所;休闲场所,青羊区,104.074462,30.669457,1
黑客,sports,体育休闲服务;体育休闲服务场所;体育休闲服务场所,青羊区,104.08203,30.670611,1
皇派玛咖,sports,体育休闲服务;体育休闲服务场所;体育休闲服务场所,青羊区,104.07819,30.66945,3
张哥棋牌,sports,体育休闲服务;娱乐场所;棋牌室,青羊区,104.078335,30.673966,1
康莱KTV量贩,sports,体育休闲服务;娱乐场所;KTV,成华区,104.088276,30.672599,3
泰莱仕网球俱乐部,sports,体育休闲服务;运动场馆;运动场所,成华区,104.090598,30.672657,2
成都群力俱乐部,sports,体育休闲服务;运动场馆;运动场所,锦江区,104.085933,30.670305,3
缘份天空网咖,sports,体育休闲服务;娱乐场所;网吧,金牛区,104.08408,30.678964,1
欢乐海洋剧场,sports,体育休闲服务;影剧院;剧场,成华区,104.090688,30.670847,1
金色年代KTV(马鞍街),sports,体育休闲服务;娱乐场所;KTV,金牛区,104.088227,30.679215,1
可可网咖(一环路北四段),sports,体育休闲服务;娱乐场所;网吧,金牛区,104.091611,30.679308,1
海联网咖,sports,体育休闲服务;娱乐场所;网吧,成华区,104.090114,30.675948,1
麻将馆,sports,体育休闲服务;娱乐场所;棋牌室,成华区,104.092318,30.67559,1
漫谷,sports,体育休闲服务;体育休闲服务场所;体育休闲服务场所,成华区,104.093566,30.67376,2
梅林,sports,体育休闲服务;娱乐场所;棋牌室,锦江区,104.088158,30.670087,2
七上八下自由岛主题轰趴馆(财富又一城店),sports,体育休闲服务;娱乐场所;娱乐场所,成华区,104.090391,30.674189,1
电子科技大学沙河校区体育馆,sports,体育休闲服务;运动场馆;综合体育馆,成华区,104.095582,30.677656,5
东茗居休闲坊,sports,体育休闲服务;体育休闲服务场所;体育休闲服务场所,成华区,104.096362,30.671518,2
天翼3G校园体育馆,sports,体育休闲服务;运动场馆;综合体育馆,成华区,104.09625,30.676564,1
电子科技大学沙河校区体育场,sports,体育休闲服务;运动场馆;运动场所,成华区,104.096843,30.678904,1
乐悠游,sports,体育休闲服务;休闲场所;游乐场,成华区,104.101067,30.671985,60
跨越网络会所,sports,体育休闲服务;娱乐场所;网吧,成华区,104.100956,30.673983,3
飘逸KTV量贩歌城,sports,体育休闲服务;娱乐场所;KTV,成华区,104.098294,30.670844,1
Tipsy Bar,sports,体育休闲服务;娱乐场所;酒吧,成华区,104.098589,30.673348,2
丝雨网吧,sports,体育休闲服务;娱乐场所;网吧,成华区,104.096452,30.673032,5
传奇地带网吧,sports,体育休闲服务;娱乐场所;网吧,成华区,104.095068,30.675979,3
领跑健身游泳池(高地店),sports,体育休闲服务;运动场馆;游泳馆,成华区,104.103154,30.6714,1
游乐园,sports,体育休闲服务;休闲场所;游乐场,成华区,104.093534,30.672491,2
金银顶娱乐KTV,sports,体育休闲服务;娱乐场所;KTV,成华区,104.09744,30.67002,3
寒舍酒馆,sports,体育休闲服务;体育休闲服务场所;体育休闲服务场所,成华区,104.094804,30.667351,24
南洋小区职工活动室,sports,体育休闲服务;休闲场所;休闲场所,成华区,104.093929,30.678121,1
电子科大宾馆棋牌室,sports,体育休闲服务;娱乐场所;棋牌室,成华区,104.096287,30.675103,1
悠游堂,sports,体育休闲服务;体育休闲服务场所;体育休闲服务场所,成华区,104.106794,30.677398,8
奇迹恒温游泳馆,sports,体育休闲服务;运动场馆;游泳馆,成华区,104.109717,30.670989,14
天伦网咖,sports,体育休闲服务;娱乐场所;网吧,成华区,104.105745,30.678745,3
室内恒温游泳馆,sports,体育休闲服务;运动场馆;游泳馆,成华区,104.109319,30.674156,1
东成音乐KTV,sports,体育休闲服务;娱乐场所;KTV,成华区,104.111656,30.677277,1
玩乐酒馆,sports,体育休闲服务;娱乐场所;酒吧,成华区,104.106422,30.673514,9
洪涛道馆,sports,体育休闲服务;运动场馆;跆拳道场馆,成华区,104.112075,30.670744,2
弓之道健身馆,sports,体育休闲服务;运动场馆;健身中心,成华区,104.10769,30.671842,4
龙锦网咖,sports,体育休闲服务;娱乐场所;网吧,成华区,104.110862,30.675022,6
正己弓社弓箭射击馆,sports,体育休闲服务;体育休闲服务场所;体育休闲服务场所,成华区,104.108569,30.672978,1
橘子网咖,sports,体育休闲服务;娱乐场所;网吧,成华区,104.109416,30.678304,1
静享·生活荟,sports,生活服务;美容美发店;美容美发店|体育休闲服务;休闲场所;休闲场所,成华区,104.113086,30.671886,2
畔溪苑,sports,体育休闲服务;娱乐场所;棋牌室,成华区,104.105308,30.670541,1
成都三佳健身(建设路店),sports,体育休闲服务;运动场馆;健身中心,成华区,104.108106,30.673954,2
东岸,sports,体育休闲服务;休闲场所;休闲场所,成华区,104.12056,30.67154,40
阿里巴网咖,sports,体育休闲服务;娱乐场所;网吧,成华区,104.121768,30.674518,4
成都钱宝三联球迷公园,sports,体育休闲服务;运动场馆;运动场所,成华区,104.11982,30.669226,2
三缺一棋牌室(建兴路),sports,体育休闲服务;娱乐场所;棋牌室,成华区,104.114203,30.673578,1
INTERNET,sports,体育休闲服务;体育休闲服务场所;体育休闲服务场所,成华区,104.122578,30.676294,1
普迦健身,sports,体育休闲服务;运动场馆;健身中心,成华区,104.132457,30.67791,11
依翠网吧,sports,体育休闲服务;娱乐场所;网吧,成华区,104.124152,30.675776,2
自定义网咖,sports,体育休闲服务;娱乐场所;网吧,成华区,104.12846,30.679168,1
伯林健身旗舰店,sports,体育休闲服务;运动场馆;健身中心,成华区,104.124595,30.671684,1
成都市成华区东区球场,sports,体育休闲服务;运动场馆;足球场,成华区,104.129932,30.679145,1
体育学院田径场,sports,体育休闲服务;运动场馆;运动场所,成华区,104.137461,30.674837,9
成都理工大学体育运动场,sports,体育休闲服务;运动场馆;运动场所,成华区,104.13971,30.673718,1
成都理工大学体育学院篮球场,sports,体育休闲服务;运动场馆;篮球场馆,成华区,104.140372,30.672308,1
茶机麻棋牌,sports,体育休闲服务;娱乐场所;棋牌室,成华区,104.13568,30.673568,6
欢乐中国网攀岩基地,sports,体育休闲服务;体育休闲服务场所;体育休闲服务场所,成华区,104.140238,30.675566,3
亮声KTV,sports,体育休闲服务;娱乐场所;KTV,成华区,104.133896,30.676004,2
学缘机麻,sports,体育休闲服务;娱乐场所;棋牌室,成华区,104.136155,30.676458,6
成都理工大学羽毛球场,sports,体育休闲服务;运动场馆;羽毛球场,成华区,104.139046,30.678268,2
领跑游泳(理工大学店),sports,体育休闲服务;运动场馆;游泳馆,成华区,104.142824,30.675229,1
理工来力台球俱乐部,sports,体育休闲服务;运动场馆;台球厅,成华区,104.141508,30.672577,2
成都理工大学排球场,sports,体育休闲服务;运动场馆;运动场所,成华区,104.138672,30.67266,4
成都理工大学-研究生活动室,sports,体育休闲服务;休闲场所;休闲场所,成华区,104.138936,30.674794,1
博览网咖,sports,体育休闲服务;娱乐场所;网吧,成华区,104.137009,30.67902,2
彩云间羽毛球俱乐部,sports,体育休闲服务;运动场馆;羽毛球场,成华区,104.137342,30.671289,1
陈家花园麻将馆,sports,体育休闲服务;娱乐场所;棋牌室,成华区,104.134224,30.669816,1
成都理工大学篮球场(芙蓉路),sports,体育休闲服务;运动场馆;篮球场馆,成华区,104.138785,30.677077,1
成都理工大学大学生创新创业俱乐部,sports,体育休闲服务;娱乐场所;娱乐场所,成华区,104.143229,30.677441,1
成都理工大学田径场,sports,体育休闲服务;运动场馆;运动场所,成华区,104.150919,30.678713,2
成都理工大学附属小学操场,sports,体育休闲服务;运动场馆;运动场所,成华区,104.146002,30.679129,1
成都理工大学离退休教职工第一活动室,sports,体育休闲服务;休闲场所;休闲场所,成华区,104.144456,30.678161,1
成都理工大学篮球场(圣关路),sports,体育休闲服务;运动场馆;篮球场馆,成华区,104.149077,30.674791,1
成都理工大学地球物理学院学生公寓课外科技兴趣活动站,sports,体育休闲服务;休闲场所;休闲场所,成华区,104.145935,30.673544,1
成都理工大学篮球场(银杏路),sports,体育休闲服务;运动场馆;篮球场馆,成华区,104.144022,30.67377,1
成都理工大学乒乓球场,sports,体育休闲服务;运动场馆;乒乓球馆,成华区,104.149107,30.675726,1
友一家农家乐,sports,体育休闲服务;休闲场所;休闲场所,成华区,104.15622,30.671111,3
极地生态农家乐,sports,体育休闲服务;休闲场所;休闲场所,成华区,104.170164,30.677362,1
极速星宇网吧,sports,体育休闲服务;娱乐场所;网吧,青羊区,103.97337,30.668636,1
聚友麻将馆,sports,体育休闲服务;娱乐场所;棋牌室,青羊区,103.967561,30.660544,1
顺发机麻,sports,体育休闲服务;娱乐场所;棋牌室,青羊区,103.965427,30.667042,2
自由麻将厅,sports,体育休闲服务;娱乐场所;棋牌室,青羊区,103.969804,30.665355,1
巴客台球休闲中心,sports,体育休闲服务;运动场馆;台球厅,青羊区,103.978688,30.668371,1
葡萄园,sports,体育休闲服务;休闲场所;采摘园,武侯区,103.983324,30.661235,6
淩速网吧,sports,体育休闲服务;娱乐场所;网吧,青羊区,103.976054,30.667122,5
时空引擎激战名鹰网络会所,sports,体育休闲服务;娱乐场所;网吧,青羊区,103.977937,30.661829,1
祥云网咖(万寿一路),sports,体育休闲服务;娱乐场所;网吧,青羊区,103.979929,30.661174,1
上道剑灵网络会所,sports,体育休闲服务;娱乐场所;网吧,武侯区,103.976078,30.662701,1
X9音乐酒吧量贩KTV,sports,体育休闲服务;娱乐场所;KTV,青羊区,103.976813,30.664402,1
综合文化活动中心,sports,体育休闲服务;休闲场所;休闲场所,青羊区,103.974967,30.669098,1
林芝市老干部活动室(月华路),sports,体育休闲服务;休闲场所;休闲场所,青羊区,103.980945,30.667094,1
馨益苑,sports,餐饮服务;休闲餐饮场所;休闲餐饮场所|体育休闲服务;休闲场所;休闲场所,武侯区,103.985758,30.6609,7
近水楼台(清水长道),sports,餐饮服务;休闲餐饮场所;休闲餐饮场所|体育休闲服务;休闲场所;休闲场所,武侯区,103.98442,30.662697,1
天鹅湖高尔夫俱乐部,sports,体育休闲服务;高尔夫相关;高尔夫练习场|体育休闲服务;高尔夫相关;高尔夫球场,青羊区,103.98808,30.664642,2
青羊区残疾人托养中心,sports,体育休闲服务;度假疗养场所;疗养院,青羊区,103.987338,30.667616,3
中铁99西子香荷游泳池,sports,体育休闲服务;运动场馆;游泳馆,青羊区,103.992822,30.666141,1
玉富科技游泳馆(置信丽都玉园店),sports,体育休闲服务;运动场馆;游泳馆,青羊区,103.984889,30.666857,1
时代尊城游泳池,sports,体育休闲服务;运动场馆;游泳馆,青羊区,103.99297,30.661701,1
百分百网吧(瑞星路),sports,体育休闲服务;娱乐场所;网吧,青羊区,103.991005,30.665439,1
戈上肚皮舞瑜伽,sports,体育休闲服务;运动场馆;健身中心,青羊区,103.991707,30.66442,1
青羊区残疾人疗养院,sports,体育休闲服务;度假疗养场所;疗养院,青羊区,103.993569,30.66908,1
麻将馆,sports,体育休闲服务;娱乐场所;棋牌室,青羊区,103.989312,30.664545,1
开江县离退休职工驻蓉老年协会活动中心,sports,体育休闲服务;休闲场所;休闲场所,武侯区,103.985864,30.659833,1
缘忆网吧(东坡北二路),sports,体育休闲服务;娱乐场所;网吧,青羊区,103.989605,30.666757,1
品茗棋牌包间,sports,体育休闲服务;娱乐场所;棋牌室,青羊区,103.995076,30.664951,2
酒界,sports,体育休闲服务;娱乐场所;酒吧,青羊区,103.996199,30.66572,1
金海岸网吧(玉宇路),sports,体育休闲服务;娱乐场所;网吧,青羊区,103.997082,30.667976,1
皇家壹号别墅轰趴馆,sports,体育休闲服务;体育休闲服务场所;体育休闲服务场所,武侯区,103.997162,30.66295,2
凯旋天际湾游泳池,sports,体育休闲服务;运动场馆;游泳馆,青羊区,103.994186,30.663243,1
匆匆那年别墅轰趴馆,sports,体育休闲服务;体育休闲服务场所;体育休闲服务场所,武侯区,103.999001,30.66246,2
比伯鲜酿啤酒馆,sports,体育休闲服务;娱乐场所;酒吧,青羊区,104.002303,30.66321,1
领跑健康游泳池,sports,体育休闲服务;运动场馆;游泳馆,武侯区,103.996357,30.660544,1
二十一世纪花园游泳池,sports,体育休闲服务;运动场馆;游泳馆,青羊区,103.997709,30.669052,1
普劳恩鲜啤吧,sports,体育休闲服务;娱乐场所;酒吧,青羊区,104.002026,30.664247,2
优联瑜伽,sports,体育休闲服务;运动场馆;健身中心,青羊区,103.999504,30.668109,3
8号网咖,sports,体育休闲服务;娱乐场所;网吧,武侯区,103.998586,30.661444,2
心印瑜伽,sports,体育休闲服务;运动场馆;健身中心,青羊区,104.000347,30.664191,1
西锦·渡攀枝花干休所,sports,体育休闲服务;度假疗养场所;疗养院,青羊区,103.994721,30.667729,1
VR Future(VR体验馆)(优品道店),sports,体育休闲服务;娱乐场所;娱乐场所,青羊区,103.998495,30.665029,1
常聚休闲坊,sports,体育休闲服务;娱乐场所;棋牌室,青羊区,104.006297,30.666447,3
西南财经大学体育部游泳池,sports,体育休闲服务;运动场馆;游泳馆,青羊区,104.011127,30.666806,1
威森堡德式鲜酿啤酒工厂,sports,体育休闲服务;娱乐场所;酒吧,青羊区,104.004094,30.662801,1
台球茶,sports,体育休闲服务;体育休闲服务场所;体育休闲服务场所,青羊区,104.008424,30.666707,6
万福花园,sports,体育休闲服务;娱乐场所;酒吧,青羊区,104.005693,30.660576,10
UU乐园,sports,体育休闲服务;娱乐场所;娱乐场所,青羊区,104.005074,30.666838,10
台球,sports,体育休闲服务;运动场馆;运动场所,青羊区,104.012223,30.665126,26
品舍瑜伽生活馆,sports,体育休闲服务;运动场馆;健身中心,青羊区,104.010263,30.662155,2
茶趣,sports,体育休闲服务;娱乐场所;棋牌室,青羊区,104.010226,30.66426,2
SEVEN桌游馆,sports,体育休闲服务;体育休闲服务场所;体育休闲服务场所,青羊区,104.005164,30.664872,2
西南财经大学教工俱乐部,sports,体育休闲服务;休闲场所;休闲场所,青羊区,104.009688,30.667865,1
休闲网咖,sports,体育休闲服务;娱乐场所;网吧,青羊区,104.01478,30.665269,5
休闲活动室,sports,体育休闲服务;体育休闲服务场所;体育休闲服务场所,青羊区,104.022417,30.668887,1
太阳瑜伽,sports,体育休闲服务;运动场馆;健身中心,青羊区,104.018539,30.666348,4
头等舱私人影院,sports,体育休闲服务;影剧院;电影院,青羊区,104.018743,30.663879,1
奥力健身中心,sports,体育休闲服务;运动场馆;健身中心,青羊区,104.017668,30.665132,3
会顶,sports,体育休闲服务;体育休闲服务场所;体育休闲服务场所,青羊区,104.021055,30.667212,2
夜来香,sports,体育休闲服务;娱乐场所;酒吧,青羊区,104.022451,30.667685,4
新浪网吧(光华村店),sports,体育休闲服务;娱乐场所;网吧,青羊区,104.014721,30.662632,1
天邑花园健身俱乐部,sports,体育休闲服务;运动场馆;健身中心,青羊区,104.018897,30.660911,1
天邑花园游泳池,sports,体育休闲服务;运动场馆;游泳馆,青羊区,104.017485,30.662143,1
滴滴司机俱乐部,sports,体育休闲服务;体育休闲服务场所;体育休闲服务场所,青羊区,104.01975,30.662162,1
老地方酒吧KTV(草堂店),sports,体育休闲服务;娱乐场所;酒吧,青羊区,104.021803,30.663468,1
西南财经大学光华校区网球场,sports,体育休闲服务;运动场馆;网球场,青羊区,104.014501,30.669367,1
梦石棋牌,sports,体育休闲服务;娱乐场所;棋牌室,青羊区,104.021165,30.66594,1
蓝调网吧,sports,体育休闲服务;娱乐场所;网吧,青羊区,104.017749,30.668588,2
一本道馆(光华旗舰店),sports,体育休闲服务;运动场馆;跆拳道场馆,青羊区,104.020286,30.665011,1
特高亚乒乓球俱乐部,sports,体育休闲服务;运动场馆;乒乓球馆,青羊区,104.033052,30.666558,4
紫源国际俱乐部,sports,体育休闲服务;娱乐场所;KTV,青羊区,104.024283,30.664723,1
聚友机麻茶水,sports,体育休闲服务;娱乐场所;棋牌室,青羊区,104.028374,30.668333,3
康博健身(青华路),sports,体育休闲服务;运动场馆;游泳馆|体育休闲服务;运动场馆;健身中心,青羊区,104.02702,30.664832,1
光华干休所,sports,体育休闲服务;休闲场所;休闲场所,青羊区,104.026596,30.668899,3
码科偌·乒乓球聚乐部,sports,体育休闲服务;运动场馆;运动场所,青羊区,104.030417,30.665384,1
昊威羽毛球俱乐部,sports,体育休闲服务;运动场馆;羽毛球场,青羊区,104.032844,30.660749,4
国际空手道刚柔流心武会,sports,体育休闲服务;体育休闲服务场所;体育休闲服务场所,青羊区,104.031991,30.665195,1
成都军区联勤机关退休干部活动中心,sports,体育休闲服务;休闲场所;休闲场所,青羊区,104.027818,30.663976,1
青华会所(青华北一街5号院西北),sports,体育休闲服务;娱乐场所;娱乐场所,青羊区,104.024292,30.666586,1
成都中医药大学体育场,sports,体育休闲服务;运动场馆;综合体育馆,金牛区,104.042319,30.668828,1
草堂街道晚霞社区居家养老服务中心,sports,体育休闲服务;度假疗养场所;疗养院,青羊区,104.033882,30.661678,1
蜀风雅韵,sports,体育休闲服务;影剧院;剧场|餐饮服务;茶艺馆;茶艺馆,青羊区,104.043543,30.662501,2
星光灿烂(百花店),sports,体育休闲服务;娱乐场所;KTV,青羊区,104.039881,30.661102,1
飞弛网吧,sports,体育休闲服务;娱乐场所;网吧,青羊区,104.043256,30.665653,1
文化公园游乐园,sports,体育休闲服务;休闲场所;游乐场,青羊区,104.038821,30.661566,1
天紫娱乐量贩KTV,sports,体育休闲服务;娱乐场所;KTV,青羊区,104.037248,30.661748,1
彩虹地图吧,sports,体育休闲服务;娱乐场所;酒吧,青羊区,104.041437,30.660506,4
成都中医药大学离退休活动中心,sports,体育休闲服务;休闲场所;休闲场所,青羊区,104.040472,30.666818,2
绝顶高手网咖,sports,体育休闲服务;娱乐场所;网吧,金牛区,104.040154,30.667844,1
欣雅网咖,sports,体育休闲服务;娱乐场所;网吧,青羊区,104.038545,30.66447,1
青城山兰苑养老中心,sports,体育休闲服务;体育休闲服务场所;体育休闲服务场所,青羊区,104.036085,30.663189,1
巴山月光廊,sports,体育休闲服务;体育休闲服务场所;体育休闲服务场所,青羊区,104.034079,30.664347,1
九五网络,sports,体育休闲服务;体育休闲服务场所;体育休闲服务场所,青羊区,104.037467,30.668241,1
辛普俐瑜珈,sports,体育休闲服务;运动场馆;健身中心,青羊区,104.034778,30.668144,2
梨园,sports,体育休闲服务;娱乐场所;娱乐场所,青羊区,104.0426,30.66361,1
青花,sports,体育休闲服务;娱乐场所;酒吧,青羊区,104.051158,30.667874,10
轻颜瑜伽,sports,体育休闲服务;运动场馆;健身中心,金牛区,104.044358,30.667817,5
魔高,sports,体育休闲服务;影剧院;剧场|体育休闲服务;娱乐场所;酒吧,青羊区,104.050256,30.6662,6
太空漫步,sports,体育休闲服务;休闲场所;游乐场,青羊区,104.05329,30.659882,2
隔壁子酒吧(窄巷子店),sports,体育休闲服务;娱乐场所;酒吧,青羊区,104.052046,30.665267,2
联森酒店KTV,sports,体育休闲服务;娱乐场所;KTV,青羊区,104.04716,30.663368,3
长富新城游泳池,sports,体育休闲服务;运动场馆;游泳馆,青羊区,104.046022,30.667471,3
锦都网球场,sports,体育休闲服务;运动场馆;网球场,青羊区,104.047244,30.665369,4
星星棋牌(包家巷),sports,体育休闲服务;娱乐场所;棋牌室,青羊区,104.048431,30.661161,1
大菩提,sports,体育休闲服务;休闲场所;休闲场所,青羊区,104.051815,30.662124,5
禅韵瑜伽,sports,体育休闲服务;运动场馆;健身中心,青羊区,104.049203,30.664079,1
汪家拐街道文体活动中心,sports,商务住宅;住宅区;社区中心|体育休闲服务;休闲场所;休闲场所,青羊区,104.049109,30.661851,1
川投国际网球中心,sports,体育休闲服务;运动场馆;网球场,青羊区,104.048141,30.663884,1
蔺瑜伽,sports,体育休闲服务;运动场馆;健身中心,金牛区,104.045669,30.66878,1
成都市老年活动中心,sports,体育休闲服务;休闲场所;休闲场所,青羊区,104.056235,30.660035,1
风舞九天网吧,sports,体育休闲服务;娱乐场所;网吧,青羊区,104.057795,30.659899,3
朋堂,sports,体育休闲服务;娱乐场所;棋牌室,青羊区,104.056272,30.664121,10
山力健身俱乐部,sports,体育休闲服务;运动场馆;健身中心,青羊区,104.053808,30.66706,1
碧海富升界网吧,sports,体育休闲服务;娱乐场所;网吧,青羊区,104.058253,30.66227,2
兰桂坊蓝吧,sports,体育休闲服务;娱乐场所;酒吧,青羊区,104.05572,30.661719,7
今站游乐中心,sports,体育休闲服务;休闲场所;游乐场,青羊区,104.062801,30.659411,3
澳瑞特,sports,体育休闲服务;运动场馆;健身中心,青羊区,104.063561,30.666845,12
悠佳瑜伽,sports,体育休闲服务;运动场馆;健身中心,青羊区,104.059697,30.659371,3
塔斯酒廊,sports,体育休闲服务;娱乐场所;酒吧,青羊区,104.053772,30.663654,2
成都市老干部活动中心,sports,体育休闲服务;休闲场所;休闲场所,青羊区,104.060824,30.665335,1
变形金刚中国大展(成都站),sports,体育休闲服务;体育休闲服务场所;体育休闲服务场所,青羊区,104.063193,30.662656,1
ps4游戏店,sports,体育休闲服务;娱乐场所;娱乐场所,青羊区,104.062344,30.661021,1
红灯笼机麻,sports,体育休闲服务;娱乐场所;棋牌室,青羊区,104.059161,30.666091,1
成都市树德实验中学篮球场,sports,体育休闲服务;运动场馆;篮球场馆,青羊区,104.061627,30.666649,1
四川省委办公厅老干部活动中心,sports,体育休闲服务;休闲场所;休闲场所,青羊区,104.057294,30.666348,1
成都体育中心,sports,体育休闲服务;运动场馆;综合体育馆,青羊区,104.064691,30.666162,1
全民健身路径,sports,体育休闲服务;运动场馆;健身中心,青羊区,104.065771,30.66495,3
成都体育中心羽毛球馆,sports,体育休闲服务;运动场馆;羽毛球场,青羊区,104.065533,30.667112,1
本色,sports,体育休闲服务;娱乐场所;酒吧,锦江区,104.069775,30.660269,5
林恩国际影城(太升路店),sports,体育休闲服务;影剧院;电影院,锦江区,104.073292,30.661868,2
网上缘网吧,sports,体育休闲服务;娱乐场所;网吧,青羊区,104.071435,30.663617,15
四川大剧院,sports,体育休闲服务;影剧院;剧场,青羊区,104.065345,30.661233,1
星期二俱乐部,sports,体育休闲服务;体育休闲服务场所;体育休闲服务场所,青羊区,104.068928,30.661627,4
康尔美,sports,体育休闲服务;运动场馆;健身中心,锦江区,104.066684,30.660137,13
绿洲大酒店国际会所,sports,体育休闲服务;娱乐场所;KTV,青羊区,104.071162,30.668243,3
成都比利时手工啤酒吧,sports,体育休闲服务;娱乐场所;酒吧,青羊区,104.07288,30.667493,1
天天见面天天棋牌,sports,体育休闲服务;娱乐场所;棋牌室,青羊区,104.065417,30.662453,3
咪哒,sports,体育休闲服务;休闲场所;游乐场,青羊区,104.06431,30.660068,2
盛龙网吧(上升街),sports,体育休闲服务;娱乐场所;网吧,青羊区,104.064124,30.669032,1
省直机关事务管理局老年门球场,sports,体育休闲服务;运动场馆;运动场所,青羊区,104.07304,30.66862,1
风柏林西餐酒吧,sports,体育休闲服务;娱乐场所;酒吧,青羊区,104.068584,30.66322,1
金蓉饭店-棋牌室,sports,体育休闲服务;娱乐场所;棋牌室,锦江区,104.072541,30.660582,1
林恩国际酒店-棋牌包间,sports,体育休闲服务;娱乐场所;娱乐场所,锦江区,104.072839,30.662728,1
胜道,sports,体育休闲服务;运动场馆;健身中心,锦江区,104.077257,30.660603,62
成都市第十一中学体育场,sports,体育休闲服务;运动场馆;运动场所,青羊区,104.081993,30.668803,1
福德酒店娱乐厅,sports,体育休闲服务;娱乐场所;KTV,青羊区,104.080291,30.668209,7
万家灯光娱乐会所,sports,体育休闲服务;娱乐场所;KTV,锦江区,104.082391,30.666756,3
大白鲨舞厅,sports,体育休闲服务;娱乐场所;迪厅,锦江区,104.080296,30.66558,2
超越时代网吧,sports,体育休闲服务;娱乐场所;网吧,锦江区,104.075471,30.663556,1
竞动网咖,sports,体育休闲服务;娱乐场所;网吧,锦江区,104.076841,30.665276,1
啾啾度假俱乐部,sports,体育休闲服务;体育休闲服务场所;体育休闲服务场所,锦江区,104.078211,30.659523,4
热舞,sports,体育休闲服务;娱乐场所;迪厅,锦江区,104.077192,30.667488,3
圣珈瑜伽亚太馆,sports,体育休闲服务;运动场馆;健身中心,锦江区,104.081758,30.659995,4
肾上腺素密室逃脱,sports,体育休闲服务;娱乐场所;娱乐场所,锦江区,104.076076,30.662518,7
旭桂月影,sports,体育休闲服务;娱乐场所;KTV,锦江区,104.082963,30.662601,2
竟动网吧,sports,体育休闲服务;娱乐场所;网吧,锦江区,104.075739,30.666911,1
魔健身,sports,体育休闲服务;运动场馆;健身中心,锦江区,104.073874,30.664945,4
8k基地桌游酒吧(岳府街店),sports,体育休闲服务;娱乐场所;酒吧,锦江区,104.079965,30.663681,1
华新街社区综合文化活动室,sports,体育休闲服务;休闲场所;休闲场所,锦江区,104.078598,30.664281,2
联友棋牌,sports,体育休闲服务;娱乐场所;棋牌室,锦江区,104.082033,30.661489,1
万科秀舍天涯长者服务中心,sports,体育休闲服务;度假疗养场所;疗养院,锦江区,104.086556,30.662302,2
候来,sports,体育休闲服务;娱乐场所;酒吧,锦江区,104.088148,30.660321,6
帮麦网,sports,体育休闲服务;体育休闲服务场所;体育休闲服务场所,成华区,104.091313,30.663192,18
喜欢我就啃我吧,sports,体育休闲服务;体育休闲服务场所;体育休闲服务场所,锦江区,104.088818,30.664308,4
洛可可,sports,公司企业;公司;广告装饰|体育休闲服务;休闲场所;休闲场所,锦江区,104.085033,30.668251,2
Dragon Fly酒吧,sports,体育休闲服务;娱乐场所;酒吧,锦江区,104.086581,30.667725,1
浪漫假日网咖,sports,体育休闲服务;娱乐场所;网吧,锦江区,104.083727,30.663395,1
西泉头游泳,sports,体育休闲服务;运动场馆;运动场所,成华区,104.093249,30.668634,1
龙之网络会所(三槐树路),sports,体育休闲服务;娱乐场所;网吧,锦江区,104.086209,30.665112,1
成都市猛追湾游泳场(2号门),sports,体育休闲服务;运动场馆;游泳馆|通行设施;临街院门;临街院门,锦江区,104.09158,30.66763,1
职工活动室,sports,体育休闲服务;体育休闲服务场所;体育休闲服务场所,成华区,104.093118,30.660469,1
昭忠棋牌品茗,sports,体育休闲服务;娱乐场所;棋牌室,锦江区,104.087608,30.66847,1
康乐堂,sports,体育休闲服务;娱乐场所;棋牌室,锦江区,104.086364,30.663326,2
柳廊湾棋牌机麻,sports,体育休闲服务;娱乐场所;棋牌室,锦江区,104.090807,30.669009,1
棋牌乐(天涯石东街),sports,体育休闲服务;娱乐场所;棋牌室,锦江区,104.085897,30.659983,1
开心棋牌(天涯石南街),sports,体育休闲服务;娱乐场所;棋牌室,锦江区,104.084345,30.659786,1
朝久休闲屋,sports,体育休闲服务;体育休闲服务场所;体育休闲服务场所,成华区,104.103328,30.664447,1
阿文麻将,sports,体育休闲服务;娱乐场所;棋牌室,成华区,104.102686,30.662462,11
蓝色火焰KTV(新鸿路),sports,体育休闲服务;娱乐场所;KTV,成华区,104.096582,30.664327,1
顶尖网吧(猛追湾店),sports,体育休闲服务;娱乐场所;网吧,成华区,104.097451,30.667966,1
先锋羽毛球馆,sports,体育休闲服务;运动场馆;羽毛球场,成华区,104.099278,30.66316,2
好嘟嘟斯诺克会所,sports,体育休闲服务;运动场馆;台球厅,成华区,104.103077,30.660422,1
世友网吧(智兴直营店),sports,体育休闲服务;娱乐场所;网吧,成华区,104.098601,30.668139,1
最终幻想网吧,sports,体育休闲服务;娱乐场所;网吧,成华区,104.094735,30.6647,1
花儿纳吉酒吧,sports,体育休闲服务;娱乐场所;酒吧,成华区,104.094205,30.659902,1
伊七网吧,sports,体育休闲服务;娱乐场所;网吧,成华区,104.102952,30.66702,1
绝代佳人(双林路店),sports,体育休闲服务;娱乐场所;KTV,成华区,104.100406,30.659372,2
亿博网咖,sports,体育休闲服务;娱乐场所;网吧,成华区,104.098703,30.664609,1
上尚网吧,sports,体育休闲服务;娱乐场所;网吧,成华区,104.100528,30.662666,1
灰鸟网咖,sports,体育休闲服务;娱乐场所;网吧,成华区,104.101794,30.666115,1
沸点棋牌室,sports,体育休闲服务;娱乐场所;棋牌室,成华区,104.097649,30.661156,1
游麻地雀友俱乐部,sports,体育休闲服务;娱乐场所;棋牌室,成华区,104.100381,30.664519,1
十一设计院老年活动中心,sports,体育休闲服务;休闲场所;休闲场所,成华区,104.094112,30.661768,1
和韵轩,sports,体育休闲服务;体育休闲服务场所;体育休闲服务场所,成华区,104.108317,30.66187,7
朋友休闲屋,sports,体育休闲服务;娱乐场所;棋牌室,成华区,104.106338,30.664402,1
波拉Club,sports,体育休闲服务;娱乐场所;酒吧,成华区,104.111588,30.662638,2
桌悦台球,sports,体育休闲服务;运动场馆;台球厅,成华区,104.106663,30.661281,4
悦来麻将室,sports,体育休闲服务;体育休闲服务场所;体育休闲服务场所,成华区,104.107706,30.659239,3
新概念网吧,sports,体育休闲服务;娱乐场所;网吧,成华区,104.10857,30.668932,2
火车吧,sports,体育休闲服务;体育休闲服务场所;体育休闲服务场所,成华区,104.111468,30.667358,2
伊久网吧(双林北支路店),sports,体育休闲服务;娱乐场所;网吧,成华区,104.110789,30.659494,1
小院坝棋牌品茗,sports,体育休闲服务;娱乐场所;棋牌室,成华区,104.107166,30.668479,4
谭麻将,sports,体育休闲服务;娱乐场所;棋牌室,成华区,104.104194,30.660848,1
周氏麻将馆,sports,体育休闲服务;娱乐场所;棋牌室,成华区,104.104517,30.667948,1
金山网吧(万年路),sports,体育休闲服务;娱乐场所;网吧,成华区,104.120826,30.659953,2
红名村网吧(杉板桥路),sports,体育休闲服务;娱乐场所;网吧,成华区,104.113806,30.665466,1
成华小学新校区排球场,sports,体育休闲服务;运动场馆;运动场所,成华区,104.117689,30.65997,1
火星游乐,sports,体育休闲服务;娱乐场所;娱乐场所,成华区,104.114935,30.667097,1
锦绣东方机麻棋牌室,sports,体育休闲服务;娱乐场所;棋牌室,成华区,104.115533,30.663791,1
成都仕艾康足球运动中心,sports,体育休闲服务;运动场馆;足球场,成华区,104.11886,30.662367,1
东方足球场,sports,体育休闲服务;运动场馆;足球场,成华区,104.117981,30.665121,1
仕艾康足球公园,sports,体育休闲服务;运动场馆;足球场,成华区,104.119946,30.6646,1
尚东乒乓球俱乐部,sports,体育休闲服务;运动场馆;乒乓球馆,成华区,104.115407,30.660038,1
蔓蔓网咖,sports,体育休闲服务;娱乐场所;网吧,成华区,104.134204,30.666378,7
墨菲网咖,sports,体育休闲服务;娱乐场所;网吧,成华区,104.126758,30.663022,2
品茗棋牌商务,sports,体育休闲服务;娱乐场所;娱乐场所,成华区,104.129288,30.663358,1
YOGA,sports,体育休闲服务;运动场馆;健身中心,成华区,104.126679,30.66473,1
通通网吧(二仙桥东二路),sports,体育休闲服务;娱乐场所;网吧,成华区,104.136431,30.668827,1
狂飙网吧(和友路),sports,体育休闲服务;娱乐场所;网吧,成华区,104.143075,30.665465,1
成都理工大学南校区足球场,sports,体育休闲服务;运动场馆;足球场,成华区,104.134528,30.667813,1
跳跳体育足球运动公园,sports,体育休闲服务;运动场馆;足球场,武侯区,103.964654,30.650091,2
今非昔网吧,sports,体育休闲服务;娱乐场所;网吧,武侯区,103.965215,30.657482,6
易吧网吧(九康六路),sports,体育休闲服务;娱乐场所;网吧,武侯区,103.968206,30.650428,1
守候沸城网络会所(花龙门店),sports,体育休闲服务;娱乐场所;网吧,武侯区,103.968939,30.654523,1
快怡网吧,sports,体育休闲服务;娱乐场所;网吧,武侯区,103.967417,30.657179,1
花龙门村老协活动室,sports,体育休闲服务;休闲场所;休闲场所,武侯区,103.969893,30.655438,1
成都通联老人颐养中心,sports,体育休闲服务;度假疗养场所;疗养院,武侯区,103.969219,30.656229,1
望湖居,sports,餐饮服务;中餐厅;中餐厅|体育休闲服务;休闲场所;休闲场所,武侯区,103.983503,30.658573,3
打鱼郎,sports,体育休闲服务;娱乐场所;棋牌室,武侯区,103.976984,30.65185,12
大晨曦网络会所,sports,体育休闲服务;娱乐场所;网吧,武侯区,103.975982,30.653602,1
绅鑫台球,sports,体育休闲服务;运动场馆;台球厅,武侯区,103.974278,30.654774,3
成都市村活动中心,sports,体育休闲服务;休闲场所;休闲场所,武侯区,103.976085,30.658828,1
创知力网吧,sports,体育休闲服务;娱乐场所;网吧,武侯区,103.974911,30.653728,1
居民健身活动中心,sports,体育休闲服务;体育休闲服务场所;体育休闲服务场所,武侯区,103.975041,30.650315,1
久久勇士野战营,sports,体育休闲服务;体育休闲服务场所;体育休闲服务场所,武侯区,103.982649,30.65475,1
穗蓉羽毛球馆,sports,体育休闲服务;运动场馆;羽毛球场,青羊区,103.993108,30.658508,2
东坡海芙网球中心,sports,体育休闲服务;运动场馆;网球场,青羊区,103.992069,30.658306,1
乐尚KTV(清水河公园店),sports,体育休闲服务;娱乐场所;KTV,武侯区,103.98625,30.658103,1
牧桐网吧,sports,体育休闲服务;娱乐场所;网吧,武侯区,103.994274,30.651104,40
成都市金福园养老中心,sports,体育休闲服务;度假疗养场所;疗养院,武侯区,103.986308,30.656726,2
清水河公园游乐园,sports,体育休闲服务;休闲场所;游乐场,武侯区,103.984561,30.657167,3
家园,sports,体育休闲服务;休闲场所;休闲场所,武侯区,104.003064,30.655515,4
世友网吧(金雁直营店),sports,体育休闲服务;娱乐场所;网吧,武侯区,103.998765,30.657405,1
星期舞,sports,体育休闲服务;娱乐场所;娱乐场所,武侯区,103.999335,30.654355,20
四哥棋牌室,sports,体育休闲服务;娱乐场所;棋牌室,武侯区,103.999873,30.651671,2
顺和棋牌室(沙堰东街),sports,体育休闲服务;娱乐场所;棋牌室,武侯区,104.001325,30.659269,1
杨姐麻将馆,sports,体育休闲服务;娱乐场所;棋牌室,武侯区,104.003403,30.652179,1
宸宇网咖,sports,体育休闲服务;娱乐场所;网吧,武侯区,104.003493,30.65328,2
康大姐棋牌室,sports,体育休闲服务;娱乐场所;棋牌室,武侯区,103.998152,30.658302,1
园中园农家乐,sports,体育休闲服务;休闲场所;休闲场所,武侯区,104.002529,30.649727,1
大川健身,sports,体育休闲服务;体育休闲服务场所;体育休闲服务场所,武侯区,104.002363,30.654386,1
龙悦,sports,体育休闲服务;娱乐场所;KTV,武侯区,104.011634,30.655003,3
丽景华庭2期游泳池,sports,体育休闲服务;运动场馆;游泳馆,武侯区,104.007651,30.653993,1
花间集游泳池,sports,体育休闲服务;运动场馆;游泳馆,武侯区,104.008433,30.655167,2
扣扣网吧,sports,体育休闲服务;娱乐场所;网吧,武侯区,104.012362,30.65305,5
未晞瑜伽,sports,体育休闲服务;运动场馆;健身中心,武侯区,104.013319,30.653988,3
金林俊景游泳池,sports,体育休闲服务;运动场馆;游泳馆,武侯区,104.005292,30.65378,2
苏可网咖(鹭岛店),sports,体育休闲服务;体育休闲服务场所;体育休闲服务场所,武侯区,104.011519,30.651513,2
新康力健身,sports,体育休闲服务;运动场馆;健身中心,武侯区,104.00976,30.654436,1
毅力健身工作室,sports,体育休闲服务;运动场馆;健身中心,武侯区,104.010367,30.65133,1
奇维网咖,sports,体育休闲服务;娱乐场所;网吧,武侯区,104.013664,30.656759,2
白鲨游泳俱乐部,sports,体育休闲服务;运动场馆;游泳馆,青羊区,104.00744,30.659197,2
龙腾网咖(中环路武阳大道段),sports,体育休闲服务;娱乐场所;网吧,武侯区,104.006589,30.653867,1
七妹棋牌室,sports,体育休闲服务;娱乐场所;棋牌室,武侯区,104.009187,30.653163,1
泊景湾游泳池,sports,体育休闲服务;运动场馆;游泳馆,武侯区,104.012088,30.656591,1
秀酒馆,sports,体育休闲服务;娱乐场所;酒吧,武侯区,104.022371,30.650679,20
月亮村KTV(清水河畔店),sports,体育休闲服务;娱乐场所;KTV,青羊区,104.020911,30.654267,1
酒点半,sports,体育休闲服务;娱乐场所;娱乐场所,青羊区,104.022419,30.653925,11
调酒术,sports,体育休闲服务;娱乐场所;酒吧,武侯区,104.015086,30.65198,5
宸园恒温游泳馆,sports,体育休闲服务;运动场馆;游泳馆,武侯区,104.015009,30.658345,1
南山南国际会所,sports,体育休闲服务;体育休闲服务场所;体育休闲服务场所,武侯区,104.018579,30.650496,2
卓杜威机器人活动中心,sports,体育休闲服务;体育休闲服务场所;体育休闲服务场所,武侯区,104.016562,30.654643,1
省文化公寓老年活动室,sports,体育休闲服务;休闲场所;休闲场所,武侯区,104.020211,30.651613,1
无印瑜伽观心馆,sports,体育休闲服务;运动场馆;健身中心,武侯区,104.021756,30.652639,2
滨江绿道,sports,体育休闲服务;运动场馆;户外健身场所,青羊区,104.019867,30.655544,1
绝色网吧,sports,体育休闲服务;娱乐场所;网吧,武侯区,104.027242,30.650676,1
趣玩吧,sports,体育休闲服务;娱乐场所;娱乐场所,青羊区,104.026341,30.657348,1
成都浣花网球场,sports,体育休闲服务;运动场馆;网球场,青羊区,104.02486,30.657454,2
双楠网吧,sports,体育休闲服务;娱乐场所;网吧,武侯区,104.029613,30.650703,1
天使网咖(百花南街店),sports,体育休闲服务;娱乐场所;网吧,武侯区,104.030287,30.652518,1
缘水和,sports,体育休闲服务;体育休闲服务场所;体育休闲服务场所,武侯区,104.026818,30.652777,2
紫藤棋牌,sports,体育休闲服务;娱乐场所;棋牌室,武侯区,104.024165,30.652981,3
蓝光高清电影,sports,体育休闲服务;体育休闲服务场所;体育休闲服务场所,武侯区,104.032829,30.651511,3
亿森娱乐活动中心,sports,体育休闲服务;休闲场所;休闲场所,武侯区,104.03113,30.649861,1
百花棋牌室,sports,体育休闲服务;娱乐场所;棋牌室,武侯区,104.031568,30.652578,3
友缘棋牌(少陵横街),sports,体育休闲服务;娱乐场所;棋牌室,武侯区,104.027555,30.651827,1
传奇健身(少陵路店),sports,体育休闲服务;运动场馆;健身中心,武侯区,104.024562,30.650932,2
HOLA酒吧,sports,体育休闲服务;娱乐场所;酒吧,武侯区,104.025664,30.65017,1
成都体育学院抱石馆,sports,体育休闲服务;运动场馆;运动场所,武侯区,104.041201,30.651278,1
成都体育学院武术馆,sports,体育休闲服务;运动场馆;运动场所,武侯区,104.04317,30.650995,4
龙腾网吧,sports,体育休闲服务;娱乐场所;网吧,武侯区,104.039407,30.648641,25
四川东方老年乐园,sports,体育休闲服务;休闲场所;休闲场所,青羊区,104.037228,30.657764,1
河马,sports,体育休闲服务;娱乐场所;酒吧,青羊区,104.040711,30.657309,21
未成年活动室,sports,体育休闲服务;体育休闲服务场所;体育休闲服务场所,青羊区,104.035248,30.658608,2
京川宾馆健身房,sports,体育休闲服务;运动场馆;健身中心,青羊区,104.037681,30.655079,2
Toy网吧,sports,体育休闲服务;娱乐场所;网吧,青羊区,104.039125,30.654327,1
破酒吧,sports,体育休闲服务;娱乐场所;酒吧,武侯区,104.03861,30.652454,2
群英会,sports,体育休闲服务;体育休闲服务场所;体育休闲服务场所,青羊区,104.043486,30.654573,1
芳邻路社区青少年活动室,sports,体育休闲服务;体育休闲服务场所;体育休闲服务场所,青羊区,104.036165,30.657559,1
健康运动中心,sports,体育休闲服务;体育休闲服务场所;体育休闲服务场所,武侯区,104.036568,30.653652,1
百花潭公园游乐场,sports,体育休闲服务;休闲场所;游乐场,青羊区,104.038682,30.6588,1
青城豪生温泉运动休闲套票,sports,体育休闲服务;体育休闲服务场所;体育休闲服务场所,青羊区,104.049129,30.657556,2
四川省成都市城南足球体育场,sports,体育休闲服务;运动场馆;运动场所,武侯区,104.048516,30.650911,1
逸刻网球俱乐部,sports,体育休闲服务;运动场馆;网球场,武侯区,104.049258,30.64969,1
戏堂网咖,sports,体育休闲服务;娱乐场所;网吧,青羊区,104.052391,30.658407,3
长城社区未成年人活动中心,sports,体育休闲服务;休闲场所;休闲场所,青羊区,104.047682,30.658157,1
新派渝富桥,sports,体育休闲服务;娱乐场所;娱乐场所,青羊区,104.050225,30.656298,5
e98啤酒馆,sports,体育休闲服务;娱乐场所;酒吧,青羊区,104.047006,30.655389,2
耍酒,sports,体育休闲服务;娱乐场所;酒吧,武侯区,104.047124,30.649711,11
凯利音乐,sports,体育休闲服务;娱乐场所;KTV,武侯区,104.053982,30.64919,15
成都市老干部网球俱乐部,sports,体育休闲服务;运动场馆;网球场,青羊区,104.045693,30.654381,1
大耳朵网咖(成都锦里店),sports,体育休闲服务;娱乐场所;网吧,青羊区,104.044817,30.65668,1
梵音瑜伽专业会所,sports,体育休闲服务;运动场馆;健身中心,青羊区,104.048616,30.655138,1
锦水棋屋,sports,体育休闲服务;娱乐场所;棋牌室,青羊区,104.044124,30.658143,3
鼎盛中林麻将馆,sports,体育休闲服务;娱乐场所;棋牌室,青羊区,104.048795,30.659187,1
大隐棋牌,sports,体育休闲服务;娱乐场所;棋牌室,青羊区,104.053838,30.656166,3
广林棋牌,sports,体育休闲服务;娱乐场所;棋牌室,武侯区,104.050268,30.652212,1
世纪会所,sports,体育休闲服务;娱乐场所;KTV,锦江区,104.062512,30.650634,6
Ai尚韵动,sports,体育休闲服务;运动场馆;健身中心,青羊区,104.060134,30.657061,3
Z壹酒吧,sports,体育休闲服务;娱乐场所;酒吧,锦江区,104.058197,30.651396,13
省公安厅老干处活动中心,sports,体育休闲服务;体育休闲服务场所;体育休闲服务场所,青羊区,104.058939,30.654398,1
拂晓网咖吧·茶楼,sports,体育休闲服务;娱乐场所;网吧,青羊区,104.056934,30.656804,1
梁粉棋牌室,sports,体育休闲服务;娱乐场所;棋牌室,青羊区,104.054459,30.65772,2
健身游泳中心,sports,体育休闲服务;运动场馆;游泳馆,青羊区,104.063144,30.656396,5
成都市教职工活动中心,sports,体育休闲服务;娱乐场所;娱乐场所,青羊区,104.058364,30.656098,1
音琪巴依音琪健身,sports,体育休闲服务;体育休闲服务场所;体育休闲服务场所,锦江区,104.062943,30.654374,1
张莹莹健身私教工作室,sports,体育休闲服务;运动场馆;健身中心,锦江区,104.061441,30.653987,2
陕西会馆,sports,体育休闲服务;娱乐场所;娱乐场所,青羊区,104.059065,30.657283,1
魔时代健身私教工作室,sports,体育休闲服务;运动场馆;健身中心,青羊区,104.056092,30.650295,1
茶棋牌,sports,体育休闲服务;娱乐场所;棋牌室,青羊区,104.059648,30.656009,1
茗人棋牌坊,sports,体育休闲服务;娱乐场所;棋牌室,青羊区,104.056728,30.655674,1
美宾体育游泳池(皇后国际店),sports,体育休闲服务;运动场馆;游泳馆,锦江区,104.070178,30.65121,1
四川省川剧院(烟袋巷),sports,体育休闲服务;影剧院;剧场,锦江区,104.065307,30.653251,5
v加酒吧,sports,体育休闲服务;娱乐场所;酒吧,锦江区,104.064724,30.657799,3
游乐区,sports,体育休闲服务;娱乐场所;娱乐场所,锦江区,104.067043,30.655573,16
DELA,sports,体育休闲服务;体育休闲服务场所;体育休闲服务场所,锦江区,104.069799,30.658196,3
心灵·几何网吧,sports,体育休闲服务;娱乐场所;网吧,锦江区,104.07344,30.659342,2
太平洋国际影城(春熙路店),sports,体育休闲服务;影剧院;电影院,锦江区,104.071034,30.658579,1
新良汇夜总会,sports,体育休闲服务;娱乐场所;夜总会,锦江区,104.070736,30.65661,3
时光盒子网咖,sports,体育休闲服务;娱乐场所;网吧,锦江区,104.073432,30.656246,7
雪茄吧,sports,体育休闲服务;体育休闲服务场所;体育休闲服务场所,锦江区,104.066162,30.649697,5
丽尊量贩KTV,sports,体育休闲服务;娱乐场所;KTV,锦江区,104.064791,30.651106,2
啡语网咖,sports,体育休闲服务;娱乐场所;网吧,锦江区,104.068602,30.65759,2
鼎域网咖(香槟店),sports,体育休闲服务;娱乐场所;网吧,锦江区,104.073402,30.650384,1
活动排练室,sports,体育休闲服务;体育休闲服务场所;体育休闲服务场所,锦江区,104.071961,30.650122,2
联众网络,sports,体育休闲服务;娱乐场所;网吧,锦江区,104.064156,30.654856,2
乐活桌游俱乐部,sports,体育休闲服务;娱乐场所;娱乐场所,锦江区,104.067781,30.652216,1
明宇足球俱乐部,sports,体育休闲服务;运动场馆;足球场,锦江区,104.070065,30.654124,1
温莎KTV,sports,体育休闲服务;娱乐场所;KTV,锦江区,104.077043,30.654766,12
青年V幕,sports,体育休闲服务;影剧院;电影院,锦江区,104.075596,30.656974,4
张四哥森态麻将馆,sports,体育休闲服务;娱乐场所;棋牌室,锦江区,104.081263,30.654168,2
玩家国度,sports,体育休闲服务;娱乐场所;娱乐场所,锦江区,104.079006,30.65734,4
K2,sports,体育休闲服务;娱乐场所;酒吧,锦江区,104.083425,30.653408,40
KABB(成都远洋太古里),sports,体育休闲服务;娱乐场所;酒吧,锦江区,104.080848,30.657215,1
游乐设施,sports,体育休闲服务;休闲场所;游乐场,锦江区,104.079046,30.654124,6
极速网吧(王家坝街),sports,体育休闲服务;娱乐场所;网吧,锦江区,104.075203,30.649958,1
圣凯恩健身(义学巷),sports,体育休闲服务;运动场馆;健身中心,锦江区,104.079253,30.652275,3
呵呵,sports,体育休闲服务;体育休闲服务场所;体育休闲服务场所,锦江区,104.078527,30.650663,2
雷玛帝诺网吧,sports,体育休闲服务;娱乐场所;网吧,锦江区,104.075711,30.65395,3
尼雅网咖,sports,体育休闲服务;娱乐场所;网吧,锦江区,104.075104,30.652705,2
奇妙旅程网吧,sports,体育休闲服务;娱乐场所;网吧,锦江区,104.080476,30.651824,2
密糖酒吧,sports,体育休闲服务;娱乐场所;酒吧,锦江区,104.073724,30.651509,2
狂奔的蜗牛,sports,体育休闲服务;体育休闲服务场所;体育休闲服务场所,锦江区,104.076856,30.650398,3
蓝蛙西餐酒吧,sports,体育休闲服务;娱乐场所;酒吧,锦江区,104.082114,30.65654,1
凤凰御庭酒店-棋牌室,sports,体育休闲服务;娱乐场所;棋牌室,锦江区,104.073733,30.658341,1
四川省体育馆,sports,体育休闲服务;运动场馆;综合体育馆,成华区,104.090016,30.654695,1
成都市川剧院,sports,体育休闲服务;影剧院;剧场,成华区,104.090814,30.655814,1
大堂1号,sports,体育休闲服务;娱乐场所;KTV,成华区,104.091521,30.658469,5
边缘网吧(玉双路),sports,体育休闲服务;娱乐场所;网吧,成华区,104.092978,30.657476,1
棱瑞网络,sports,体育休闲服务;体育休闲服务场所;体育休闲服务场所,锦江区,104.0885,30.649562,6
少年精英足球俱乐部,sports,体育休闲服务;运动场馆;足球场,锦江区,104.086816,30.65023,3
时代广场健身游泳,sports,体育休闲服务;运动场馆;游泳馆,锦江区,104.084941,30.649992,1
蓉上坊健身游泳馆,sports,体育休闲服务;运动场馆;游泳馆|购物服务;专卖店;专营店,锦江区,104.090015,30.651172,2
羚羊酒吧,sports,体育休闲服务;娱乐场所;酒吧,成华区,104.088048,30.658052,7
无印瑜伽,sports,体育休闲服务;运动场馆;健身中心,锦江区,104.093437,30.651232,7
欢引,sports,体育休闲服务;体育休闲服务场所;体育休闲服务场所,锦江区,104.087068,30.652986,6
七堂,sports,体育休闲服务;娱乐场所;酒吧,成华区,104.086916,30.656265,3
同畅里会所,sports,体育休闲服务;体育休闲服务场所;体育休闲服务场所,锦江区,104.083886,30.650432,2
DS热点,sports,体育休闲服务;娱乐场所;KTV,锦江区,104.091347,30.65308,1
悠园机麻,sports,体育休闲服务;娱乐场所;棋牌室,成华区,104.089875,30.657695,1
100顺棋牌室,sports,体育休闲服务;娱乐场所;棋牌室,锦江区,104.085166,30.658294,1
措姆瑜伽,sports,体育休闲服务;运动场馆;健身中心,锦江区,104.09101,30.650313,1
歌帝KTV,sports,体育休闲服务;娱乐场所;KTV,锦江区,104.089258,30.654019,1
科友网吧,sports,体育休闲服务;娱乐场所;网吧,成华区,104.095879,30.656513,13
浪人网吧,sports,体育休闲服务;娱乐场所;网吧,成华区,104.098859,30.6531,2
华成苑,sports,体育休闲服务;娱乐场所;娱乐场所|商务住宅;住宅区;住宅小区,锦江区,104.097734,30.649633,1
S3 CLUB,sports,体育休闲服务;娱乐场所;酒吧,成华区,104.101405,30.65356,1
璀璨网咖,sports,体育休闲服务;娱乐场所;网吧,成华区,104.100797,30.649823,2
月恋花,sports,体育休闲服务;娱乐场所;酒吧,锦江区,104.09582,30.649279,12
牛市口街道文体活动中心,sports,体育休闲服务;休闲场所;休闲场所,锦江区,104.09408,30.650717,1
新时空网吧(一环路东三段),sports,体育休闲服务;娱乐场所;网吧,成华区,104.098122,30.659326,1
博速羽毛球俱乐部(新华公园店),sports,体育休闲服务;运动场馆;羽毛球场,成华区,104.102648,30.657923,1
芳姐麻将室,sports,体育休闲服务;体育休闲服务场所;体育休闲服务场所,成华区,104.097127,30.651781,1
水波球,sports,体育休闲服务;体育休闲服务场所;体育休闲服务场所,成华区,104.103115,30.659068,1
就是会麻子,sports,体育休闲服务;体育休闲服务场所;体育休闲服务场所,成华区,104.101571,30.656457,1
和生·祥和老年护理中心,sports,体育休闲服务;度假疗养场所;疗养院,成华区,104.095566,30.658877,1
五冶住宅区老年活动室,sports,体育休闲服务;休闲场所;休闲场所,成华区,104.098553,30.654687,3
列五三泰电子青少年体育俱乐部,sports,体育休闲服务;运动场馆;运动场所,成华区,104.106319,30.658785,1
安康年双桥子街道养老服务中心,sports,体育休闲服务;度假疗养场所;疗养院,成华区,104.108841,30.653691,1
游侠网咖,sports,体育休闲服务;娱乐场所;网吧,成华区,104.106058,30.651198,13
沐·瑜伽,sports,体育休闲服务;运动场馆;健身中心,成华区,104.111508,30.653848,7
棋牌茶,sports,体育休闲服务;体育休闲服务场所;体育休闲服务场所,成华区,104.107282,30.654224,4
小月棋牌室,sports,体育休闲服务;娱乐场所;棋牌室,成华区,104.111479,30.656256,2
天王酒吧,sports,体育休闲服务;娱乐场所;酒吧,成华区,104.109533,30.649829,10
百迪歌城,sports,体育休闲服务;娱乐场所;KTV,成华区,104.111222,30.652313,1
万象会,sports,体育休闲服务;体育休闲服务场所;体育休闲服务场所,成华区,104.112408,30.6518,7
洞洞舞厅,sports,体育休闲服务;娱乐场所;迪厅,成华区,104.105785,30.656488,1
安利残疾人综合运动馆,sports,体育休闲服务;运动场馆;运动场所,成华区,104.105075,30.657204,1
新华公园-游乐城,sports,体育休闲服务;休闲场所;游乐场,成华区,104.104332,30.659363,1
聚缘棋牌室(双林中横路),sports,体育休闲服务;娱乐场所;棋牌室,成华区,104.10418,30.653788,1
传奇健身(花郡店),sports,体育休闲服务;运动场馆;健身中心,成华区,104.112937,30.655099,1
金羽天翼会所,sports,体育休闲服务;体育休闲服务场所;体育休闲服务场所,成华区,104.104998,30.658131,1
波波网吧(双林路196号大院东),sports,体育休闲服务;娱乐场所;网吧,成华区,104.103949,30.656901,1
星空文友网星网吧,sports,体育休闲服务;娱乐场所;网吧,成华区,104.112964,30.657933,1
好心情机麻,sports,体育休闲服务;娱乐场所;棋牌室,成华区,104.109228,30.652575,1
光友干杂棋牌,sports,体育休闲服务;娱乐场所;棋牌室,成华区,104.107256,30.656792,1
天天麻将馆,sports,体育休闲服务;娱乐场所;棋牌室,成华区,104.108635,30.651199,1
成大悟道馆,sports,体育休闲服务;体育休闲服务场所;体育休闲服务场所,成华区,104.10815,30.649639,1
世友网吧(前沿直营店),sports,体育休闲服务;娱乐场所;网吧,成华区,104.1205,30.653316,1
百老汇影城(万象城),sports,体育休闲服务;影剧院;电影院,成华区,104.11442,30.652426,1
感觉网吧(万兴街),sports,体育休闲服务;娱乐场所;网吧,成华区,104.119253,30.654763,1
美家达网咖(子龙店),sports,体育休闲服务;娱乐场所;网吧,成华区,104.114561,30.656612,2
桌迷藏,sports,体育休闲服务;娱乐场所;娱乐场所,成华区,104.114343,30.65367,3
锋锋乒乓球训练基地,sports,体育休闲服务;运动场馆;乒乓球馆,成华区,104.123253,30.652742,3
成都爱之源,sports,体育休闲服务;体育休闲服务场所;体育休闲服务场所,成华区,104.115837,30.65218,1
长天路社区文体活动站,sports,体育休闲服务;休闲场所;休闲场所,成华区,104.122894,30.650453,1
棋牌茶,sports,体育休闲服务;体育休闲服务场所;体育休闲服务场所,成华区,104.118046,30.655923,3
文化天空国际俱乐部,sports,体育休闲服务;休闲场所;休闲场所,成华区,104.116334,30.649916,2
天下网吧(东篱路),sports,体育休闲服务;娱乐场所;网吧,成华区,104.115155,30.658173,1
驿动在线网吧,sports,体育休闲服务;娱乐场所;网吧,成华区,104.116478,30.658765,1
紫莲瑜伽(万象城店),sports,体育休闲服务;运动场馆;健身中心,成华区,104.115362,30.654918,1
弧线运动足球俱乐部,sports,体育休闲服务;运动场馆;足球场,成华区,104.122036,30.654953,2
紫鑫棋牌馆,sports,体育休闲服务;娱乐场所;娱乐场所,成华区,104.118756,30.653071,1
万年场街道红桥社区老年活动中心,sports,体育休闲服务;休闲场所;休闲场所,成华区,104.130375,30.656686,1
超时空网吧(长融东二路),sports,体育休闲服务;娱乐场所;网吧,成华区,104.14213,30.65755,1
星空青年网吧,sports,体育休闲服务;娱乐场所;网吧,成华区,104.140466,30.655168,2
起点羽毛球馆(中环路双店路段),sports,体育休闲服务;运动场馆;羽毛球场,成华区,104.136319,30.653874,1
火立方,sports,体育休闲服务;休闲场所;休闲场所,成华区,104.139229,30.654058,3
老年协会活动室,sports,体育休闲服务;体育休闲服务场所;体育休闲服务场所,成华区,104.137781,30.651188,2
生态茶园啤酒广场,sports,体育休闲服务;体育休闲服务场所;体育休闲服务场所,成华区,104.136602,30.650351,1
中国五冶职工大学室内活动场,sports,体育休闲服务;运动场馆;运动场所,成华区,104.139483,30.651339,1
香山俱乐部,sports,体育休闲服务;体育休闲服务场所;体育休闲服务场所,成华区,104.138683,30.652165,1
哆莱咪网咖,sports,体育休闲服务;娱乐场所;网吧,成华区,104.144164,30.657593,1
西润·钢铁烈阳网吧,sports,体育休闲服务;娱乐场所;网吧,成华区,104.151616,30.652572,1
凯悦网吧(和悦路),sports,体育休闲服务;娱乐场所;网吧,成华区,104.145878,30.657834,1
自由麻将过把瘾,sports,体育休闲服务;娱乐场所;棋牌室,成华区,104.148328,30.657556,2
金楠量贩KTV,sports,体育休闲服务;娱乐场所;KTV,武侯区,103.969569,30.646946,1
飞腾网吧(武青西二路),sports,体育休闲服务;娱乐场所;网吧,武侯区,103.972329,30.642541,1
武侯足球公园A区,sports,体育休闲服务;运动场馆;足球场,武侯区,103.96979,30.649291,1
1989号网咖,sports,体育休闲服务;娱乐场所;网吧,武侯区,103.965325,30.648808,1
理想网络,sports,体育休闲服务;娱乐场所;网吧,武侯区,103.968309,30.645848,1
及时达网吧,sports,体育休闲服务;娱乐场所;网吧,武侯区,103.971074,30.646633,1
桃源游泳池,sports,体育休闲服务;运动场馆;游泳馆,武侯区,103.972216,30.646872,1
科漫网吧,sports,体育休闲服务;娱乐场所;网吧,武侯区,103.982703,30.64325,7
博瑞健身,sports,体育休闲服务;体育休闲服务场所;体育休闲服务场所,武侯区,103.978389,30.64751,4
好享来,sports,体育休闲服务;娱乐场所;娱乐场所|餐饮服务;茶艺馆;茶艺馆,武侯区,103.979451,30.648708,2
机投溜冰场,sports,体育休闲服务;运动场馆;溜冰场,武侯区,103.982009,30.646865,1
靓都KTV,sports,体育休闲服务;娱乐场所;KTV,武侯区,103.980142,30.643554,6
前源网吧,sports,体育休闲服务;娱乐场所;网吧,武侯区,103.979696,30.641974,1
鸣天网吧,sports,体育休闲服务;娱乐场所;网吧,武侯区,103.976743,30.647543,1
空瓶子网络生活馆,sports,体育休闲服务;娱乐场所;网吧,武侯区,103.97772,30.64571,1
黑色玫瑰网咖(武青东二路),sports,体育休闲服务;娱乐场所;网吧,武侯区,103.977673,30.643922,1
馨梦休闲网吧,sports,体育休闲服务;娱乐场所;网吧,武侯区,103.984813,30.64171,1
南极网咖,sports,体育休闲服务;娱乐场所;网吧,武侯区,103.992436,30.6428,1
优格网咖,sports,体育休闲服务;娱乐场所;网吧,武侯区,103.990854,30.644879,4
慕尼嘿进口啤酒馆,sports,体育休闲服务;娱乐场所;酒吧,武侯区,103.992696,30.648613,3
茶棋牌,sports,体育休闲服务;娱乐场所;棋牌室,武侯区,103.992377,30.643835,2
鑫怡然网吧,sports,体育休闲服务;娱乐场所;网吧,武侯区,103.986272,30.642153,2
武士超级网咖,sports,体育休闲服务;娱乐场所;网吧,武侯区,103.987727,30.639712,1
乐山桥牌,sports,体育休闲服务;娱乐场所;棋牌室,武侯区,103.990515,30.647029,1
皇庭别墅聚会轰趴馆,sports,体育休闲服务;体育休闲服务场所;体育休闲服务场所,武侯区,104.000164,30.645521,3
明乐园,sports,体育休闲服务;体育休闲服务场所;体育休闲服务场所,武侯区,104.000349,30.647814,2
金川美网吧,sports,体育休闲服务;娱乐场所;网吧,武侯区,103.99519,30.641872,2
成都海底龙宫别墅聚会轰趴馆(五大花园店),sports,体育休闲服务;体育休闲服务场所;体育休闲服务场所,武侯区,103.999754,30.644592,1
新缘网吧(晋吉北路),sports,体育休闲服务;娱乐场所;网吧,武侯区,104.000595,30.643176,1
青春不停电轰趴馆,sports,体育休闲服务;娱乐场所;娱乐场所,武侯区,103.998589,30.643349,1
相馆麻将室,sports,体育休闲服务;娱乐场所;棋牌室,武侯区,104.001602,30.646908,1
网度神化网吧,sports,体育休闲服务;娱乐场所;网吧,武侯区,103.994207,30.640073,1
左岸会所,sports,体育休闲服务;娱乐场所;娱乐场所,武侯区,104.010783,30.648142,11
鹭客音乐餐酒吧,sports,体育休闲服务;娱乐场所;酒吧,武侯区,104.009401,30.643574,1
武侯别墅丽园游泳池,sports,体育休闲服务;运动场馆;游泳馆,武侯区,104.007521,30.642921,1
巴黎酒馆,sports,体育休闲服务;娱乐场所;酒吧,武侯区,104.008454,30.647827,1
鹭客酒吧,sports,体育休闲服务;娱乐场所;酒吧,武侯区,104.012777,30.645297,1
雅乐,sports,体育休闲服务;娱乐场所;娱乐场所,武侯区,104.013606,30.644284,3
偶遇会所,sports,体育休闲服务;体育休闲服务场所;体育休闲服务场所,武侯区,104.005504,30.639951,3
bt健身私教工作室,sports,体育休闲服务;运动场馆;健身中心,武侯区,104.004875,30.642971,1
彩色的豆子diy工作室,sports,体育休闲服务;体育休闲服务场所;体育休闲服务场所,武侯区,104.003965,30.645631,1
成都聚会玩家别墅派对轰趴馆,sports,体育休闲服务;休闲场所;休闲场所,武侯区,104.007121,30.644883,1
菩媞瑜伽,sports,体育休闲服务;运动场馆;健身中心,武侯区,104.01061,30.643805,2
电玩,sports,体育休闲服务;娱乐场所;游戏厅,武侯区,104.018724,30.648423,14
云影网吧,sports,体育休闲服务;娱乐场所;网吧,武侯区,104.014058,30.648559,4
丽苑网吧(楠极地西),sports,体育休闲服务;娱乐场所;网吧,武侯区,104.021341,30.647299,1
青苹果网咖(双安东巷),sports,体育休闲服务;娱乐场所;网吧,武侯区,104.014875,30.645871,1
富港会所,sports,体育休闲服务;运动场馆;运动场所,武侯区,104.022945,30.646151,6
名流酒吧,sports,体育休闲服务;娱乐场所;酒吧,武侯区,104.019113,30.640716,4
谊苑二期游泳池,sports,体育休闲服务;运动场馆;游泳馆,武侯区,104.022136,30.649367,1
鑫帅网吧(永盛店),sports,体育休闲服务;娱乐场所;网吧,武侯区,104.022754,30.642058,2
均乐网咖,sports,体育休闲服务;娱乐场所;网吧,武侯区,104.014657,30.640936,6
天合酒店-娱乐中心,sports,体育休闲服务;娱乐场所;娱乐场所,武侯区,104.016765,30.641965,1
八马(盛丰路),sports,体育休闲服务;娱乐场所;娱乐场所,武侯区,104.017726,30.639504,2
包间机麻,sports,体育休闲服务;娱乐场所;娱乐场所,武侯区,104.019857,30.643121,1
尚品健身工作室,sports,体育休闲服务;运动场馆;健身中心,武侯区,104.016168,30.64618,2
手上舞棋牌室,sports,体育休闲服务;娱乐场所;棋牌室,武侯区,104.014854,30.642341,1
舞语者(双楠店),sports,体育休闲服务;运动场馆;健身中心,武侯区,104.020253,30.642215,1
巴黎阳光休闲棋牌室,sports,体育休闲服务;娱乐场所;棋牌室,武侯区,104.031648,30.642863,1
牙尖帮休闲屋(双楠家园西),sports,体育休闲服务;娱乐场所;棋牌室,武侯区,104.027332,30.646229,1
舞酒,sports,体育休闲服务;娱乐场所;娱乐场所,武侯区,104.02589,30.647608,8
古德网咖,sports,体育休闲服务;娱乐场所;网吧,武侯区,104.026102,30.639997,6
飞易网咖,sports,体育休闲服务;娱乐场所;网吧,武侯区,104.024954,30.644405,9
碧云天网咖,sports,体育休闲服务;娱乐场所;网吧,武侯区,104.027784,30.644035,1
神盾局网吧,sports,体育休闲服务;娱乐场所;网吧,武侯区,104.02955,30.640846,4
随缘酒吧,sports,体育休闲服务;娱乐场所;酒吧,武侯区,104.033578,30.645113,7
七祥云,sports,体育休闲服务;娱乐场所;KTV,武侯区,104.02962,30.648098,3
道茗楼,sports,体育休闲服务;娱乐场所;棋牌室,武侯区,104.032112,30.644689,4
怪慢网咖,sports,体育休闲服务;娱乐场所;网吧,武侯区,104.02673,30.642146,4
啡克儿网咖,sports,体育休闲服务;娱乐场所;网吧,武侯区,104.024914,30.641995,1
流星雨音乐酒吧(燃灯寺北街),sports,体育休闲服务;娱乐场所;酒吧,武侯区,104.03297,30.647267,1
广飞网吧,sports,体育休闲服务;娱乐场所;网吧,武侯区,104.032026,30.646541,1
玩家酒馆,sports,体育休闲服务;娱乐场所;酒吧,武侯区,104.029141,30.645002,1
yolin之diy手工花,sports,体育休闲服务;体育休闲服务场所;体育休闲服务场所,武侯区,104.03021,30.643446,1
成都康福老年护理院,sports,体育休闲服务;度假疗养场所;疗养院,武侯区,104.02412,30.642972,1
新感觉,sports,体育休闲服务;娱乐场所;棋牌室,武侯区,104.025009,30.648927,5
莎乐美KTV,sports,体育休闲服务;体育休闲服务场所;体育休闲服务场所,武侯区,104.027857,30.645112,1
青忆,sports,体育休闲服务;娱乐场所;娱乐场所,武侯区,104.040401,30.640101,34
成都体育学院足球场,sports,体育休闲服务;运动场馆;足球场,武侯区,104.041927,30.647695,1
阳光跆拳道(体院店),sports,体育休闲服务;运动场馆;跆拳道场馆,武侯区,104.04335,30.647258,2
简瑜伽,sports,体育休闲服务;运动场馆;健身中心,武侯区,104.039573,30.643849,14
鼎域网吧,sports,体育休闲服务;娱乐场所;网吧,武侯区,104.035621,30.642041,4
银河网吧(大石南路),sports,体育休闲服务;娱乐场所;网吧,武侯区,104.034892,30.647209,1
大卫台球(菊乐路),sports,体育休闲服务;运动场馆;台球厅,武侯区,104.035562,30.648756,1
四季花城游泳池,sports,体育休闲服务;运动场馆;游泳馆,武侯区,104.034607,30.642609,1
智瑜伽,sports,体育休闲服务;运动场馆;健身中心,武侯区,104.03834,30.645076,4
大唐网络,sports,体育休闲服务;体育休闲服务场所;体育休闲服务场所,武侯区,104.040871,30.645152,2
VitQ宣泄吧,sports,体育休闲服务;体育休闲服务场所;体育休闲服务场所,武侯区,104.038512,30.641597,2
幸福乐园,sports,体育休闲服务;体育休闲服务场所;体育休闲服务场所,武侯区,104.035178,30.643959,1
随性网吧,sports,体育休闲服务;娱乐场所;网吧,武侯区,104.050629,30.641067,8
康复活动室,sports,体育休闲服务;体育休闲服务场所;体育休闲服务场所,武侯区,104.050865,30.646467,3
地中海酒吧,sports,体育休闲服务;娱乐场所;酒吧,武侯区,104.049591,30.647987,4
山人酒馆,sports,体育休闲服务;娱乐场所;酒吧,武侯区,104.052445,30.64024,5
西南民族大学游泳池,sports,体育休闲服务;运动场馆;游泳馆,武侯区,104.049184,30.641365,2
无间密室,sports,体育休闲服务;娱乐场所;娱乐场所,武侯区,104.045026,30.646341,3
殷商网吧(民院店),sports,体育休闲服务;娱乐场所;网吧,武侯区,104.043874,30.640004,1
西南民族大学篮球场,sports,体育休闲服务;运动场馆;篮球场馆,武侯区,104.04759,30.64197,2
非凡瑜伽(洗面桥街),sports,体育休闲服务;运动场馆;健身中心,武侯区,104.052965,30.642788,1
西南民族大学-学生活动中心,sports,体育休闲服务;休闲场所;休闲场所,武侯区,104.04901,30.642854,1
甘孜藏族自治州成都干部休修养所,sports,体育休闲服务;度假疗养场所;疗养院,武侯区,104.045524,30.645272,1
阿伦故事俱乐部,sports,体育休闲服务;体育休闲服务场所;体育休闲服务场所,武侯区,104.043788,30.641085,1
四川大学华西校区医科大学体育馆,sports,体育休闲服务;运动场馆;综合体育馆,武侯区,104.063384,30.64325,2
卡罗,sports,体育休闲服务;娱乐场所;酒吧,武侯区,104.058194,30.648743,6
茅草屋棋牌,sports,体育休闲服务;娱乐场所;棋牌室,武侯区,104.058823,30.640352,3
毛妹棋牌,sports,体育休闲服务;娱乐场所;棋牌室,武侯区,104.055421,30.641336,2
K·O Beer,sports,体育休闲服务;娱乐场所;酒吧,武侯区,104.05961,30.648702,1
新冶酒吧,sports,体育休闲服务;娱乐场所;酒吧,武侯区,104.056566,30.648918,4
悠莲瑜伽,sports,体育休闲服务;运动场馆;健身中心,武侯区,104.055762,30.647466,2
清风网咖,sports,体育休闲服务;娱乐场所;网吧,武侯区,104.060631,30.647492,1
三勒浆国标舞俱乐部,sports,体育休闲服务;体育休闲服务场所;体育休闲服务场所,武侯区,104.061311,30.648665,3
星际穿越网咖(浆洗街),sports,体育休闲服务;娱乐场所;网吧,武侯区,104.055676,30.645751,1
菲比舞蹈工作室,sports,科教文化服务;培训机构;培训机构|体育休闲服务;运动场馆;运动场所,武侯区,104.054813,30.644412,1
全民健身路径,sports,体育休闲服务;体育休闲服务场所;体育休闲服务场所,武侯区,104.055558,30.639422,3
阳光小镇,sports,体育休闲服务;娱乐场所;娱乐场所,武侯区,104.057435,30.647646,1
叶三姐麻将馆,sports,体育休闲服务;娱乐场所;棋牌室,武侯区,104.056814,30.642616,1
凯蒂乐园,sports,体育休闲服务;体育休闲服务场所;体育休闲服务场所,武侯区,104.061338,30.641089,1
四川大学华西体育馆,sports,体育休闲服务;运动场馆;运动场所,武侯区,104.065481,30.64225,6
名英网咖,sports,体育休闲服务;娱乐场所;网吧,武侯区,104.065592,30.639315,3
四川大学华西校区游泳池,sports,体育休闲服务;运动场馆;游泳馆,武侯区,104.068835,30.642078,1
丽亚维斯酒吧,sports,体育休闲服务;娱乐场所;酒吧,武侯区,104.06513,30.648278,1
多角度台球棋牌,sports,体育休闲服务;运动场馆;台球厅,武侯区,104.070756,30.645547,4
巴适游乐,sports,体育休闲服务;体育休闲服务场所;体育休闲服务场所,武侯区,104.072038,30.644031,1
杨娟肚皮舞瑜伽,sports,体育休闲服务;运动场馆;健身中心,武侯区,104.072978,30.64618,5
四川大学华西校区足球场,sports,体育休闲服务;运动场馆;足球场,武侯区,104.068108,30.643871,1
山西运头庄麻将馆,sports,体育休闲服务;娱乐场所;棋牌室,武侯区,104.066375,30.64533,2
龙翔电竞馆,sports,体育休闲服务;体育休闲服务场所;体育休闲服务场所,武侯区,104.067963,30.647045,1
Dave's Oasis,sports,体育休闲服务;娱乐场所;酒吧,锦江区,104.069852,30.649053,1
芳华园棋牌馆,sports,体育休闲服务;娱乐场所;棋牌室,武侯区,104.070812,30.64374,2
茶语饭后,sports,体育休闲服务;娱乐场所;棋牌室,武侯区,104.068682,30.639478,2
华西篮球场,sports,体育休闲服务;运动场馆;篮球场馆,武侯区,104.065605,30.643999,1
五妹麻将室,sports,体育休闲服务;娱乐场所;棋牌室,武侯区,104.069648,30.645814,1
新南游乐广场,sports,体育休闲服务;娱乐场所;游戏厅,武侯区,104.071568,30.647537,1
休闲棋牌室,sports,体育休闲服务;娱乐场所;棋牌室,武侯区,104.079961,30.639071,22
老来吧,sports,体育休闲服务;娱乐场所;酒吧,锦江区,104.082825,30.646873,38
章鱼桌游吧,sports,体育休闲服务;娱乐场所;娱乐场所,武侯区,104.076794,30.646027,6
川艺实验剧场,sports,体育休闲服务;影剧院;剧场,武侯区,104.07773,30.642088,2
登壳,sports,体育休闲服务;娱乐场所;酒吧,武侯区,104.083158,30.643493,51
一会一味,sports,餐饮服务;外国餐厅;日本料理|体育休闲服务;娱乐场所;酒吧,锦江区,104.080409,30.649153,5
北京元典星焜,sports,体育休闲服务;体育休闲服务场所;体育休闲服务场所,锦江区,104.078466,30.647312,2
洛芙特网咖,sports,体育休闲服务;娱乐场所;网吧,武侯区,104.074626,30.644123,6
存在音乐工厂酒吧,sports,体育休闲服务;娱乐场所;酒吧,武侯区,104.081131,30.642196,3
奇幻网咖,sports,体育休闲服务;娱乐场所;网吧,武侯区,104.076587,30.64371,2
飞扬娱乐,sports,体育休闲服务;娱乐场所;酒吧,武侯区,104.083236,30.641651,3
焱酒所(大安正街),sports,体育休闲服务;娱乐场所;酒吧,锦江区,104.080828,30.648007,1
幸运酒吧,sports,体育休闲服务;娱乐场所;酒吧,武侯区,104.074698,30.646501,2
2412桌上物语,sports,体育休闲服务;娱乐场所;娱乐场所,锦江区,104.07698,30.648526,1
江厦会所,sports,体育休闲服务;体育休闲服务场所;体育休闲服务场所,武侯区,104.081952,30.64039,1
四川音乐学院校本部篮球场,sports,体育休闲服务;运动场馆;篮球场馆,武侯区,104.076066,30.639455,3
安顺桥音乐广场,sports,体育休闲服务;体育休闲服务场所;体育休闲服务场所,武侯区,104.079073,30.644969,1
黑暗中对话/中国,sports,体育休闲服务;娱乐场所;娱乐场所,锦江区,104.074159,30.648689,1
参里,sports,体育休闲服务;娱乐场所;酒吧,武侯区,104.078029,30.644665,2
清晖,sports,体育休闲服务;体育休闲服务场所;体育休闲服务场所,锦江区,104.080046,30.646476,2
听涛舫,sports,体育休闲服务;娱乐场所;娱乐场所,锦江区,104.080737,30.645567,1
沐光部落,sports,体育休闲服务;运动场馆;运动场所,锦江区,104.08877,30.645702,19
七贤镇会所,sports,体育休闲服务;体育休闲服务场所;体育休闲服务场所,锦江区,104.091379,30.644594,6
花脸,sports,体育休闲服务;娱乐场所;酒吧,武侯区,104.083981,30.639613,71
台北纯K(九眼桥店),sports,体育休闲服务;娱乐场所;KTV,锦江区,104.088904,30.643771,3
宝和合,sports,体育休闲服务;体育休闲服务场所;体育休闲服务场所,锦江区,104.093098,30.645298,3
平行线自驾俱乐部,sports,体育休闲服务;运动场馆;运动场所,锦江区,104.092248,30.647307,2
同乐会,sports,体育休闲服务;体育休闲服务场所;体育休闲服务场所,锦江区,104.092132,30.639142,8
极聘网,sports,体育休闲服务;体育休闲服务场所;体育休闲服务场所,锦江区,104.089791,30.648384,1
水井街24号麻将铺,sports,体育休闲服务;体育休闲服务场所;体育休闲服务场所,锦江区,104.084583,30.648013,1
水井坊社区乒乓球馆,sports,体育休闲服务;运动场馆;乒乓球馆,锦江区,104.089491,30.647464,1
沃格真人cs俱乐部,sports,体育休闲服务;娱乐场所;娱乐场所,锦江区,104.09076,30.647377,1
棋牌娱乐,sports,体育休闲服务;娱乐场所;棋牌室,锦江区,104.095247,30.640731,8
不戒酒馆,sports,体育休闲服务;娱乐场所;酒吧,锦江区,104.100621,30.642348,26
蜀都花园游泳馆,sports,体育休闲服务;运动场馆;游泳馆,锦江区,104.100466,30.645859,2
鼎盛截拳道,sports,体育休闲服务;运动场馆;运动场所,锦江区,104.102437,30.644946,4
竞辉健身(双桥子店),sports,体育休闲服务;运动场馆;健身中心,锦江区,104.101139,30.647715,2
体韵瑜伽,sports,体育休闲服务;运动场馆;健身中心,锦江区,104.093598,30.64178,2
冈萨雷斯网球场,sports,体育休闲服务;运动场馆;运动场所,锦江区,104.100459,30.648567,1
成都市公益电影放映点,sports,体育休闲服务;体育休闲服务场所;体育休闲服务场所,锦江区,104.094738,30.643842,2
本本家儿童乐园,sports,体育休闲服务;休闲场所;游乐场,成华区,104.10361,30.648176,2
沁心阁,sports,体育休闲服务;娱乐场所;棋牌室,锦江区,104.101609,30.639048,4
老李棋牌麻将室,sports,体育休闲服务;娱乐场所;棋牌室,锦江区,104.096758,30.646016,1
姐姐棋牌室,sports,体育休闲服务;娱乐场所;棋牌室,锦江区,104.096752,30.644949,1
火焱山网咖,sports,体育休闲服务;娱乐场所;网吧,锦江区,104.105798,30.643763,1
品茗棋牌,sports,体育休闲服务;娱乐场所;棋牌室,成华区,104.121296,30.646115,4
每时球馆,sports,体育休闲服务;休闲场所;休闲场所,成华区,104.115772,30.647607,12
自由人羽毛球俱乐部,sports,体育休闲服务;运动场馆;羽毛球场,成华区,104.120078,30.643222,2
席勒鲜酿啤酒馆,sports,体育休闲服务;娱乐场所;酒吧,成华区,104.113771,30.646578,1
观城游泳池,sports,体育休闲服务;运动场馆;游泳馆,成华区,104.119886,30.648167,3
流云网咖,sports,体育休闲服务;娱乐场所;网吧,成华区,104.115665,30.645675,4
漫岩网咖,sports,体育休闲服务;娱乐场所;网吧,成华区,104.113505,30.645278,1
华润二十四城尚云庭游泳池,sports,体育休闲服务;运动场馆;游泳馆,成华区,104.117826,30.647953,1
竹园,sports,体育休闲服务;休闲场所;休闲场所,成华区,104.121168,30.647497,1
Super-S健身私教工作室(华润二十四城店),sports,体育休闲服务;运动场馆;健身中心,成华区,104.115634,30.644144,1
搏跃跆拳道,sports,体育休闲服务;运动场馆;跆拳道场馆,成华区,104.117051,30.646273,1
时光旅行网咖,sports,体育休闲服务;娱乐场所;网吧,成华区,104.13896,30.645693,4
蓝蒂,sports,体育休闲服务;娱乐场所;娱乐场所,成华区,104.137372,30.647923,1
优品网吧,sports,体育休闲服务;娱乐场所;网吧,成华区,104.137447,30.644732,1
京新海运动俱乐部,sports,体育休闲服务;运动场馆;运动场所,成华区,104.136735,30.64091,1
京新海羽毛球俱乐部,sports,体育休闲服务;运动场馆;羽毛球场,成华区,104.135844,30.643069,1
成都百善,sports,体育休闲服务;娱乐场所;网吧,成华区,104.135149,30.646512,1
新京海运动俱乐部,sports,体育休闲服务;运动场馆;运动场所,成华区,104.136985,30.643284,1
动力雄健身(阳光100店),sports,体育休闲服务;运动场馆;健身中心,成华区,104.140327,30.641074,1
老年康疗保健院,sports,体育休闲服务;度假疗养场所;疗养院,成华区,104.14893,30.640726,2
四海网络会所(东虹路),sports,体育休闲服务;娱乐场所;网吧,成华区,104.149566,30.645744,1
乐看网吧,sports,体育休闲服务;娱乐场所;网吧,成华区,104.151783,30.646651,1
54号院老年活动中心,sports,体育休闲服务;休闲场所;休闲场所,成华区,104.150518,30.643443,1
缘园老年公寓,sports,体育休闲服务;度假疗养场所;疗养院,成华区,104.145312,30.641296,2
游戏人生网吧(天鹅路),sports,体育休闲服务;娱乐场所;网吧,成华区,104.153834,30.640324,1
星飞特赛车俱乐部,sports,体育休闲服务;体育休闲服务场所;体育休闲服务场所,成华区,104.155584,30.642089,1
仁人发休闲馆,sports,体育休闲服务;娱乐场所;棋牌室,武侯区,103.967959,30.637923,1
宇峰会所,sports,体育休闲服务;娱乐场所;网吧,武侯区,103.964562,30.631277,1
嘉柏休闲网咖,sports,体育休闲服务;娱乐场所;网吧,武侯区,103.982611,30.631256,1
矿山救护队体能训练馆,sports,体育休闲服务;运动场馆;运动场所,武侯区,103.976571,30.632779,1
武新花园社区文化活动广场,sports,体育休闲服务;休闲场所;休闲场所,武侯区,103.97551,30.638621,1
碧漾亲子俱乐部,sports,体育休闲服务;运动场馆;游泳馆|体育休闲服务;休闲场所;游乐场,武侯区,103.983775,30.636732,2
鹏程羽毛球馆,sports,体育休闲服务;运动场馆;羽毛球场,武侯区,103.980793,30.636903,1
狗狗游泳馆,sports,体育休闲服务;运动场馆;游泳馆,武侯区,103.982491,30.636692,1
鼎鑫会所,sports,体育休闲服务;娱乐场所;娱乐场所,武侯区,103.986464,30.637679,3
彤星网吧,sports,体育休闲服务;娱乐场所;网吧,武侯区,103.993531,30.630013,1
党员活动室,sports,体育休闲服务;体育休闲服务场所;体育休闲服务场所,武侯区,103.993602,30.639056,2
友豪锦荟KTV,sports,体育休闲服务;娱乐场所;KTV,武侯区,103.992155,30.635852,1
网遇电竞馆,sports,体育休闲服务;娱乐场所;网吧,武侯区,103.991728,30.633281,1
帝豪网吧(顺和横街),sports,体育休闲服务;娱乐场所;网吧,武侯区,103.999322,30.634836,1
善缘网吧,sports,体育休闲服务;娱乐场所;网吧,武侯区,104.000706,30.636174,4
纤韵瑜伽馆,sports,体育休闲服务;运动场馆;健身中心,武侯区,103.996846,30.634504,2
神无谷网咖,sports,体育休闲服务;娱乐场所;网吧,武侯区,103.995627,30.637554,1
欣怡雅瑜伽馆,sports,体育休闲服务;运动场馆;健身中心,武侯区,103.999783,30.636927,1
公仔部落,sports,体育休闲服务;娱乐场所;娱乐场所,武侯区,104.001234,30.633648,3
振辉搏击,sports,体育休闲服务;运动场馆;健身中心,武侯区,103.998262,30.637442,1
云里网咖,sports,体育休闲服务;娱乐场所;网吧,武侯区,104.002226,30.63255,1
皮皮岛童趣馆(中华名园店),sports,生活服务;婴儿服务场所;婴儿游泳馆|体育休闲服务;休闲场所;游乐场,武侯区,104.002005,30.636579,1
杰瑞健身,sports,体育休闲服务;运动场馆;健身中心,武侯区,104.006317,30.637033,8
悠悠网咖(盛丰路),sports,体育休闲服务;娱乐场所;网吧,武侯区,104.013185,30.636322,1
忆景网络会所,sports,体育休闲服务;娱乐场所;网吧,武侯区,104.011632,30.634727,2
布洛克斯网咖,sports,体育休闲服务;娱乐场所;网吧,武侯区,104.00815,30.63736,2
馨悦会,sports,生活服务;洗浴推拿场所;洗浴推拿场所|体育休闲服务;体育休闲服务场所;体育休闲服务场所,武侯区,104.011967,30.636946,2
派对空间,sports,体育休闲服务;娱乐场所;酒吧,武侯区,104.006568,30.639362,4
乐高俱乐部,sports,体育休闲服务;体育休闲服务场所;体育休闲服务场所,武侯区,104.008376,30.629128,8
博语健身游泳中心,sports,体育休闲服务;运动场馆;游泳馆,武侯区,104.01245,30.632084,2
玛莎国际俱乐部,sports,体育休闲服务;娱乐场所;KTV,武侯区,104.013341,30.629668,1
诚品会所,sports,体育休闲服务;体育休闲服务场所;体育休闲服务场所,武侯区,104.009207,30.636699,3
让我们回去吧音乐吧,sports,体育休闲服务;娱乐场所;酒吧,武侯区,104.012562,30.630686,1
韦德伍斯健身,sports,体育休闲服务;运动场馆;健身中心,武侯区,104.004935,30.633496,1
中博羽毛球,sports,体育休闲服务;运动场馆;羽毛球场,武侯区,104.008405,30.632024,1
明日世界vr酷玩店,sports,体育休闲服务;娱乐场所;游戏厅,武侯区,104.003988,30.634345,1
天籁村量贩KTV,sports,体育休闲服务;娱乐场所;KTV,武侯区,104.023094,30.632104,1
蜀山网吧,sports,体育休闲服务;娱乐场所;网吧,武侯区,104.022055,30.630855,1
动鹰网吧,sports,体育休闲服务;娱乐场所;网吧,武侯区,104.023739,30.630928,4
光辉岁月酒吧·KTV,sports,体育休闲服务;娱乐场所;KTV,武侯区,104.016469,30.632665,1
锦庭网咖,sports,体育休闲服务;娱乐场所;网吧,武侯区,104.017406,30.638102,1
909足球俱乐部,sports,体育休闲服务;运动场馆;足球场,武侯区,104.015896,30.631816,2
太平社区综合文化活动室,sports,体育休闲服务;休闲场所;休闲场所,武侯区,104.019268,30.636217,1
66号网咖,sports,体育休闲服务;娱乐场所;网吧,武侯区,104.020488,30.636614,1
bg影院TIME,sports,体育休闲服务;体育休闲服务场所;体育休闲服务场所,武侯区,104.023053,30.6369,1
蓓儿丝瑜伽馆,sports,体育休闲服务;运动场馆;健身中心,武侯区,104.017901,30.631636,1
康博健身游泳中心(双楠店),sports,体育休闲服务;运动场馆;健身中心,武侯区,104.019226,30.638385,1
永丰老年公寓,sports,体育休闲服务;度假疗养场所;疗养院,武侯区,104.020351,30.633439,1
诺克萨斯网络会所,sports,体育休闲服务;体育休闲服务场所;体育休闲服务场所,武侯区,104.019219,30.633792,1
精英体育,sports,体育休闲服务;运动场馆;台球厅,武侯区,104.032116,30.637728,4
诸葛酿酿造,sports,体育休闲服务;娱乐场所;酒吧,武侯区,104.024508,30.633109,8
黑岩网咖,sports,体育休闲服务;娱乐场所;网吧,武侯区,104.031344,30.634512,13
尚舞之林,sports,体育休闲服务;运动场馆;健身中心,武侯区,104.02634,30.635775,17
置信丽都会所游泳池,sports,体育休闲服务;运动场馆;游泳馆,武侯区,104.030935,30.63046,1
运动时空羽毛球馆,sports,体育休闲服务;运动场馆;羽毛球场,武侯区,104.029173,30.636523,3
欢乐迪氧吧KTV(红牌楼店),sports,体育休闲服务;娱乐场所;KTV,武侯区,104.029832,30.638968,1
蓝色憧憬网吧(红牌楼店),sports,体育休闲服务;娱乐场所;网吧,武侯区,104.025307,30.631094,1
丽都公园游泳池,sports,体育休闲服务;运动场馆;游泳馆,武侯区,104.033454,30.631125,5
荷马网咖,sports,体育休闲服务;娱乐场所;网吧,武侯区,104.028728,30.634463,2
启点大学生俱乐部,sports,体育休闲服务;体育休闲服务场所;体育休闲服务场所,武侯区,104.027335,30.637855,3
丽都花园文化活动中心,sports,体育休闲服务;休闲场所;休闲场所,武侯区,104.031956,30.632518,1
婵院瑜伽(红牌楼店),sports,体育休闲服务;运动场馆;健身中心,武侯区,104.030552,30.635173,1
曼迪舞蹈健身馆,sports,体育休闲服务;运动场馆;健身中心,武侯区,104.030628,30.637769,1
楠丽湾棋牌室,sports,体育休闲服务;娱乐场所;棋牌室,武侯区,104.025819,30.638548,1
麦咭客量贩KTV(红牌楼品牌店),sports,体育休闲服务;娱乐场所;KTV,武侯区,104.030506,30.636412,1
天空之城网吧(红牌楼店),sports,体育休闲服务;娱乐场所;网吧,武侯区,104.02833,30.638482,1
休闲麻将,sports,体育休闲服务;娱乐场所;棋牌室,武侯区,104.040889,30.637972,2
成都玉林中学体育馆,sports,体育休闲服务;运动场馆;综合体育馆,武侯区,104.041587,30.63259,3
桃园歌厅,sports,体育休闲服务;娱乐场所;KTV,武侯区,104.039947,30.6324,3
乡村俱乐部,sports,体育休闲服务;娱乐场所;KTV,武侯区,104.039049,30.633942,10
圣战网络(红牌楼北街),sports,体育休闲服务;娱乐场所;网吧,武侯区,104.034246,30.634898,1
理想棋牌,sports,体育休闲服务;娱乐场所;棋牌室,武侯区,104.042413,30.634173,3
蓝爵(肖家河沿街),sports,体育休闲服务;娱乐场所;KTV,武侯区,104.038448,30.632828,1
檀香山足球场,sports,体育休闲服务;运动场馆;足球场,武侯区,104.035668,30.630632,1
地心引力网吧(二环高架路),sports,体育休闲服务;娱乐场所;网吧,武侯区,104.040282,30.629903,1
远雄风华园会所,sports,体育休闲服务;体育休闲服务场所;体育休闲服务场所,武侯区,104.043205,30.63097,1
国际象棋,sports,体育休闲服务;体育休闲服务场所;体育休闲服务场所,武侯区,104.037011,30.638964,1
鑫鑫演艺,sports,体育休闲服务;体育休闲服务场所;体育休闲服务场所,武侯区,104.040045,30.631093,1
肖家河正街社区多功能活动中心,sports,体育休闲服务;休闲场所;休闲场所,武侯区,104.039376,30.635009,2
兴盈,sports,体育休闲服务;娱乐场所;棋牌室|餐饮服务;茶艺馆;茶艺馆,武侯区,104.03865,30.63159,4
岷山拉萨大酒店健身房,sports,体育休闲服务;运动场馆;健身中心,武侯区,104.039431,30.636877,1
联谊棋牌,sports,体育休闲服务;娱乐场所;棋牌室,武侯区,104.04365,30.635864,3
双乐社区活动中心,sports,体育休闲服务;休闲场所;休闲场所,武侯区,104.036749,30.633085,1
甘孜州干休所,sports,体育休闲服务;度假疗养场所;度假疗养场所,武侯区,104.034158,30.638578,1
青鸟休闲坊,sports,体育休闲服务;娱乐场所;娱乐场所,武侯区,104.051601,30.630793,3
尚网网络会所(一环路南四段),sports,体育休闲服务;娱乐场所;网吧,武侯区,104.046759,30.638967,2
菁彩足球场,sports,体育休闲服务;运动场馆;足球场,武侯区,104.045136,30.638647,6
民院网咖,sports,体育休闲服务;娱乐场所;网吧,武侯区,104.048273,30.638629,4
萃坊,sports,体育休闲服务;娱乐场所;酒吧,武侯区,104.048953,30.633068,10
密瑜伽,sports,体育休闲服务;运动场馆;健身中心,武侯区,104.05236,30.632688,9
小酒馆(芳沁店),sports,体育休闲服务;娱乐场所;酒吧,武侯区,104.045424,30.629435,2
廊桥水岸,sports,体育休闲服务;休闲场所;休闲场所|生活服务;洗浴推拿场所;洗浴推拿场所,武侯区,104.052525,30.635951,1
婷的邬托邦音乐沙龙,sports,体育休闲服务;娱乐场所;酒吧|餐饮服务;甜品店;甜品店,武侯区,104.053307,30.631064,1
FCC精英羽球会,sports,体育休闲服务;运动场馆;羽毛球场,武侯区,104.047265,30.631789,3
卡蒙音乐酒吧,sports,体育休闲服务;娱乐场所;酒吧,武侯区,104.04616,30.631638,2
蜀乐瑜伽,sports,体育休闲服务;运动场馆;健身中心,武侯区,104.044862,30.630481,4
婵媛瑜伽馆,sports,体育休闲服务;运动场馆;健身中心,武侯区,104.046867,30.62949,3
艾克斯网咖,sports,体育休闲服务;娱乐场所;网吧,武侯区,104.047133,30.635747,2
养·健身(芳草店),sports,体育休闲服务;运动场馆;健身中心,武侯区,104.050203,30.630341,1
MGT角膜塑形镜,sports,体育休闲服务;运动场馆;健身中心,武侯区,104.049976,30.637771,1
冠军之夜,sports,体育休闲服务;运动场馆;健身中心,武侯区,104.062258,30.633584,20
休闲麻将,sports,体育休闲服务;娱乐场所;棋牌室,武侯区,104.06092,30.638834,3
花样游泳队,sports,体育休闲服务;体育休闲服务场所;体育休闲服务场所,武侯区,104.060844,30.63534,11
倮客,sports,体育休闲服务;娱乐场所;酒吧,武侯区,104.063468,30.631191,7
逸城网咖,sports,体育休闲服务;娱乐场所;网吧,武侯区,104.057826,30.63515,12
小酒馆(玉林西路店),sports,体育休闲服务;娱乐场所;酒吧,武侯区,104.054102,30.631937,1
巴比龙网咖,sports,体育休闲服务;娱乐场所;网吧,武侯区,104.055336,30.636811,5
TID Coffee/Bar,sports,体育休闲服务;娱乐场所;酒吧|餐饮服务;咖啡厅;咖啡厅,武侯区,104.054579,30.638348,1
冰蓝网络会所(蓝天路),sports,体育休闲服务;娱乐场所;网吧,武侯区,104.054673,30.629954,1
来往网吧(小天北街),sports,体育休闲服务;娱乐场所;网吧,武侯区,104.055731,30.637821,1
生态所,sports,体育休闲服务;体育休闲服务场所;体育休闲服务场所,武侯区,104.063639,30.62925,4
芊芊网吧,sports,体育休闲服务;娱乐场所;网吧,武侯区,104.056372,30.630554,2
玉林老年公寓,sports,体育休闲服务;度假疗养场所;疗养院,武侯区,104.059251,30.629495,4
新时空网吧(小天北街),sports,体育休闲服务;娱乐场所;网吧,武侯区,104.057228,30.637469,1
2826酒吧,sports,体育休闲服务;娱乐场所;酒吧,武侯区,104.062088,30.637564,1
沙盘游戏室,sports,体育休闲服务;娱乐场所;游戏厅,武侯区,104.060677,30.630349,1
极速空间,sports,体育休闲服务;体育休闲服务场所;体育休闲服务场所,武侯区,104.064739,30.635472,21
红歌堂酒吧,sports,体育休闲服务;娱乐场所;酒吧,武侯区,104.059305,30.638119,1
老妈棋牌室(玉林东路4号院北),sports,体育休闲服务;娱乐场所;棋牌室,武侯区,104.059784,30.632515,1
新西度,sports,体育休闲服务;运动场馆;健身中心,武侯区,104.073681,30.638212,8
长江电玩,sports,体育休闲服务;娱乐场所;游戏厅,武侯区,104.072043,30.635447,4
品茗棋牌,sports,体育休闲服务;娱乐场所;棋牌室,武侯区,104.070763,30.632048,6
豪还歌城,sports,体育休闲服务;娱乐场所;KTV,武侯区,104.074012,30.632501,9
超逸网咖,sports,体育休闲服务;娱乐场所;网吧,武侯区,104.072787,30.630394,1
聚星钢管舞,sports,体育休闲服务;体育休闲服务场所;体育休闲服务场所,武侯区,104.063618,30.63882,1
华通网络,sports,体育休闲服务;体育休闲服务场所;体育休闲服务场所,武侯区,104.066387,30.63645,5
中国科学院成都分院职工健身活动中心,sports,体育休闲服务;运动场馆;健身中心,武侯区,104.069168,30.634484,1
南虹干休所,sports,体育休闲服务;度假疗养场所;疗养院,武侯区,104.068309,30.638389,1
三以网络,sports,体育休闲服务;体育休闲服务场所;体育休闲服务场所,武侯区,104.066169,30.631758,1
四川大学-体育中心,sports,体育休闲服务;运动场馆;综合体育馆,武侯区,104.080152,30.631439,1
锐星健身,sports,体育休闲服务;运动场馆;健身中心,武侯区,104.081484,30.631019,13
十音坊精品量贩KTV,sports,体育休闲服务;娱乐场所;KTV,武侯区,104.074312,30.630927,1
四川大学望江校区游泳池,sports,体育休闲服务;运动场馆;游泳馆,武侯区,104.08075,30.635085,4
御雪网络,sports,体育休闲服务;体育休闲服务场所;体育休闲服务场所,武侯区,104.077251,30.637942,6
BIG BEER餐.酒吧,sports,体育休闲服务;娱乐场所;酒吧,武侯区,104.074243,30.629555,1
四川大学学生活动中心,sports,体育休闲服务;休闲场所;休闲场所,武侯区,104.076684,30.636745,1
四川省成都市第十二中学篮球场,sports,体育休闲服务;运动场馆;篮球场馆,武侯区,104.083273,30.637127,1
四川大学望江校区健身馆,sports,体育休闲服务;运动场馆;健身中心,武侯区,104.083162,30.634817,1
清亲休闲屋,sports,体育休闲服务;娱乐场所;棋牌室,锦江区,104.093013,30.634768,1
四川大学望江校区(东区)网球场,sports,体育休闲服务;运动场馆;网球场,武侯区,104.085935,30.633291,1
四川大学望江校区东区游泳池,sports,体育休闲服务;运动场馆;游泳馆,武侯区,104.085786,30.629789,1
四川大学望江校区足球场,sports,体育休闲服务;运动场馆;足球场,武侯区,104.085366,30.634994,3
欢乐喷球车,sports,体育休闲服务;休闲场所;游乐场,武侯区,104.089402,30.629926,1
四川大学附属实验小学操场,sports,体育休闲服务;运动场馆;运动场所,武侯区,104.083733,30.635737,1
天府围棋道场,sports,体育休闲服务;运动场馆;运动场所,武侯区,104.08735,30.637636,6
四川大学望江校区篮球场,sports,体育休闲服务;运动场馆;篮球场馆,武侯区,104.083634,30.633378,1
慢行酒吧,sports,体育休闲服务;娱乐场所;酒吧,武侯区,104.08994,30.631892,1
毛哥棋牌室,sports,体育休闲服务;娱乐场所;棋牌室,锦江区,104.09806,30.633983,3
半糖网吧(莲花店),sports,体育休闲服务;娱乐场所;网吧,锦江区,104.09731,30.638096,2
龙舟路街道办事处微型养老院,sports,体育休闲服务;度假疗养场所;疗养院,锦江区,104.097535,30.634951,1
莲桂网咖,sports,体育休闲服务;娱乐场所;网吧,锦江区,104.095986,30.634523,1
我爱飞翔网吧,sports,体育休闲服务;娱乐场所;网吧,锦江区,104.094559,30.632254,1
八二三网络会所,sports,体育休闲服务;娱乐场所;网吧,锦江区,104.096073,30.635674,2
心结缘网咖,sports,体育休闲服务;娱乐场所;网吧,锦江区,104.096631,30.629569,6
缥缈之旅网吧,sports,体育休闲服务;娱乐场所;网吧,锦江区,104.101699,30.634393,3
五福桥社区活动室,sports,体育休闲服务;休闲场所;休闲场所,锦江区,104.102229,30.63008,1
骑士网咖,sports,体育休闲服务;娱乐场所;网吧,锦江区,104.096732,30.632028,4
优等氧吧,sports,体育休闲服务;体育休闲服务场所;体育休闲服务场所,锦江区,104.098972,30.636048,2
机麻棋牌,sports,体育休闲服务;娱乐场所;棋牌室,锦江区,104.100256,30.639383,1
小乐园棋牌,sports,体育休闲服务;娱乐场所;棋牌室,锦江区,104.099963,30.635915,1
成龙麻室,sports,体育休闲服务;娱乐场所;棋牌室,锦江区,104.099751,30.630068,2
蒋妹棋牌室,sports,体育休闲服务;娱乐场所;棋牌室,锦江区,104.094979,30.633593,1
福达平安工农院体验店,sports,体育休闲服务;体育休闲服务场所;体育休闲服务场所,锦江区,104.098192,30.632521,2
成都市妇女儿童中心,sports,政府机构及社会团体;社会团体;妇联|体育休闲服务;休闲场所;休闲场所,锦江区,104.106344,30.637077,5
望江会所,sports,体育休闲服务;娱乐场所;娱乐场所,锦江区,104.112011,30.62957,3
麦歌,sports,体育休闲服务;娱乐场所;KTV,锦江区,104.11055,30.638446,1
望江宾馆网球场,sports,体育休闲服务;运动场馆;网球场,锦江区,104.113264,30.630446,1
哇塞网咖,sports,体育休闲服务;娱乐场所;网吧,锦江区,104.108052,30.63138,1
氧气健身(锦天府店),sports,体育休闲服务;运动场馆;健身中心,锦江区,104.104181,30.632721,1
阳光旱冰场,sports,体育休闲服务;运动场馆;溜冰场,锦江区,104.10581,30.629603,1
庄园,sports,体育休闲服务;休闲场所;休闲场所|餐饮服务;外国餐厅;外国餐厅,锦江区,104.107041,30.631801,1
天誉铂金会所,sports,体育休闲服务;运动场馆;健身中心,锦江区,104.111741,30.639023,1
伊泰天骄会馆,sports,体育休闲服务;运动场馆;健身中心,锦江区,104.103939,30.636699,1
成都市乐福居家养老服务中心,sports,体育休闲服务;度假疗养场所;疗养院,锦江区,104.115377,30.632921,1
海地通敬养院,sports,体育休闲服务;度假疗养场所;疗养院,锦江区,104.117716,30.631678,1
信和御龙山会所,sports,体育休闲服务;体育休闲服务场所;体育休闲服务场所,锦江区,104.12143,30.63697,1
胜利休闲会所,sports,体育休闲服务;娱乐场所;娱乐场所,成华区,104.144294,30.631155,2
达州嘻嘻网咖,sports,体育休闲服务;娱乐场所;网吧,成华区,104.151933,30.63157,9
云天网吧(邛崃山路),sports,体育休闲服务;娱乐场所;网吧,成华区,104.143591,30.632612,1
网咖,sports,体育休闲服务;娱乐场所;网吧,成华区,104.150032,30.632774,4
小七儿童乐园,sports,体育休闲服务;休闲场所;游乐场,成华区,104.149032,30.629588,4
富丽东方游泳池,sports,体育休闲服务;运动场馆;游泳馆,成华区,104.152544,30.633202,1
柏仕网吧,sports,体育休闲服务;娱乐场所;网吧,成华区,104.146627,30.634159,1
中印娴雅国际瑜伽学院,sports,体育休闲服务;运动场馆;健身中心,成华区,104.152633,30.629671,1
康林健身健美俱乐部,sports,体育休闲服务;运动场馆;健身中心,成华区,104.145331,30.637354,1
首创羽毛球馆,sports,体育休闲服务;运动场馆;羽毛球场,成华区,104.153996,30.635645,1
爱麻仕,sports,体育休闲服务;娱乐场所;棋牌室,成华区,104.156453,30.62939,5
大众棋牌,sports,体育休闲服务;娱乐场所;棋牌室,成华区,104.1543,30.629204,2
王大娘麻将馆,sports,体育休闲服务;娱乐场所;棋牌室,成华区,104.157595,30.63177,2
白洋淀代步车休闲车,sports,体育休闲服务;体育休闲服务场所;体育休闲服务场所,武侯区,103.967474,30.620773,1
老情歌,sports,体育休闲服务;娱乐场所;KTV,武侯区,103.969994,30.623788,3
音皇会所KTV总店,sports,体育休闲服务;娱乐场所;KTV,武侯区,103.969742,30.625074,2
焦点KTV(凤翔路),sports,体育休闲服务;娱乐场所;KTV,武侯区,103.967473,30.625039,1
浩东竞技网吧,sports,体育休闲服务;娱乐场所;网吧,武侯区,103.971239,30.622145,1
七彩网吧(金瓦路),sports,体育休闲服务;娱乐场所;网吧,武侯区,103.966132,30.629042,1
万嘉网络会所,sports,体育休闲服务;娱乐场所;网吧,武侯区,103.968428,30.628329,1
景鸿网吧(凤鸣路),sports,体育休闲服务;娱乐场所;网吧,武侯区,103.966819,30.621956,1
馨雅廊舞城,sports,体育休闲服务;娱乐场所;迪厅,武侯区,103.971571,30.621187,1
吉祥羽毛球馆,sports,体育休闲服务;运动场馆;羽毛球场,武侯区,103.972561,30.62934,1
圣士网吧,sports,体育休闲服务;娱乐场所;网吧,武侯区,103.965334,30.626856,1
光头麻将馆(凤翔路),sports,体育休闲服务;娱乐场所;棋牌室,武侯区,103.964106,30.623333,1
朋聚自由QQ麻将,sports,体育休闲服务;娱乐场所;棋牌室,武侯区,103.964625,30.625835,1
盛世唐朝网吧,sports,体育休闲服务;娱乐场所;网吧,武侯区,103.968683,30.625956,1
必好锐网咖,sports,体育休闲服务;娱乐场所;网吧,武侯区,103.983175,30.628825,1
奇迹健身(武科西一路),sports,体育休闲服务;运动场馆;健身中心,武侯区,103.97674,30.62551,2
卢米埃影城(武侯大道顺江段店),sports,体育休闲服务;影剧院;电影院,武侯区,103.986598,30.628193,1
瑞迪恩网咖,sports,体育休闲服务;娱乐场所;网吧,武侯区,103.985663,30.6225,4
君悦社,sports,体育休闲服务;娱乐场所;棋牌室,武侯区,103.990076,30.624076,3
合瑜伽,sports,体育休闲服务;运动场馆;健身中心,武侯区,103.98581,30.624181,3
米酷网咖,sports,体育休闲服务;娱乐场所;网吧,武侯区,103.984585,30.621732,3
潘豆乐园,sports,体育休闲服务;休闲场所;游乐场,武侯区,103.991762,30.626148,2
和润阁会所,sports,体育休闲服务;体育休闲服务场所;体育休闲服务场所,武侯区,103.98568,30.6289,1
王老二棋牌室,sports,体育休闲服务;娱乐场所;棋牌室,武侯区,103.999852,30.621567,3
名扬网络数字生活馆,sports,体育休闲服务;娱乐场所;网吧,武侯区,103.994104,30.627433,1
莲花健康调理馆,sports,体育休闲服务;运动场馆;健身中心,武侯区,103.997177,30.62732,1
ETC小剧场,sports,体育休闲服务;影剧院;剧场,武侯区,104.010028,30.628678,1
悦派量贩KTV,sports,体育休闲服务;娱乐场所;KTV,武侯区,104.010495,30.627792,1
TNT·足球公园,sports,体育休闲服务;运动场馆;足球场,武侯区,104.004698,30.623581,1
胡桃里音乐酒馆(大悦城店),sports,体育休闲服务;娱乐场所;酒吧,武侯区,104.009255,30.62733,1
快乐家族,sports,体育休闲服务;休闲场所;休闲场所,武侯区,104.012148,30.621224,2
太平园休闲山庄,sports,体育休闲服务;体育休闲服务场所;体育休闲服务场所,武侯区,104.014477,30.626296,1
升创网吧,sports,体育休闲服务;娱乐场所;网吧,武侯区,104.018046,30.626219,1
归谷游泳馆,sports,体育休闲服务;运动场馆;游泳馆,武侯区,104.022761,30.624086,2
星迪台球,sports,体育休闲服务;运动场馆;台球厅|购物服务;体育用品店;体育用品店,武侯区,104.016334,30.624203,1
中环绿茵,sports,体育休闲服务;运动场馆;足球场,武侯区,104.021354,30.621994,1
新界足球场,sports,体育休闲服务;运动场馆;足球场,武侯区,104.014809,30.627604,1
汇友会馆,sports,体育休闲服务;体育休闲服务场所;体育休闲服务场所,武侯区,104.020381,30.628094,1
竹木朗玛,sports,体育休闲服务;体育休闲服务场所;体育休闲服务场所,武侯区,104.016128,30.621241,1
星辉·美琪,sports,体育休闲服务;运动场馆;健身中心,武侯区,104.014664,30.622302,1
波尔菲特酒店-健身中心,sports,体育休闲服务;运动场馆;健身中心,武侯区,104.021031,30.629049,1
丽府,sports,生活服务;洗浴推拿场所;洗浴推拿场所|体育休闲服务;休闲场所;休闲场所,武侯区,104.029287,30.624379,4
森汇网咖,sports,体育休闲服务;娱乐场所;网吧,武侯区,104.02989,30.626031,4
丽都花园D区室外游泳池,sports,体育休闲服务;运动场馆;游泳馆,武侯区,104.031635,30.62755,1
赤道网咖(长益街),sports,体育休闲服务;娱乐场所;网吧,武侯区,104.027959,30.627068,1
66号足球工场(长益路店),sports,体育休闲服务;运动场馆;足球场,武侯区,104.026942,30.629285,1
迪格庄园,sports,体育休闲服务;体育休闲服务场所;体育休闲服务场所,武侯区,104.027772,30.62561,3
天域网咖(董家湾南街),sports,体育休闲服务;娱乐场所;网吧,武侯区,104.027007,30.627775,1
丽都汇游泳馆,sports,体育休闲服务;运动场馆;游泳馆,武侯区,104.026247,30.626781,1
怡然亭休闲茶园麻将馆,sports,体育休闲服务;娱乐场所;棋牌室,武侯区,104.043334,30.621635,1
凯迪会所,sports,体育休闲服务;娱乐场所;棋牌室,武侯区,104.04291,30.623246,9
诺亚方舟-游泳池,sports,体育休闲服务;运动场馆;游泳馆,武侯区,104.036979,30.620279,5
曼苟网咖,sports,体育休闲服务;娱乐场所;网吧,武侯区,104.040708,30.622233,2
無印瑜伽(伽梵馆店),sports,体育休闲服务;运动场馆;健身中心,武侯区,104.040961,30.620321,1
youwing私教健身工作室,sports,体育休闲服务;运动场馆;健身中心,武侯区,104.034088,30.625889,1
清风苑网络会所,sports,体育休闲服务;娱乐场所;网吧,武侯区,104.042266,30.624623,1
Boss.博思健身(航利中心店),sports,体育休闲服务;运动场馆;健身中心,武侯区,104.03505,30.628209,1
盛世高歌娱乐汇,sports,体育休闲服务;娱乐场所;娱乐场所,武侯区,104.051063,30.623738,11
喜力商务会所,sports,体育休闲服务;体育休闲服务场所;体育休闲服务场所,武侯区,104.043987,30.628913,3
艺蓉健身,sports,体育休闲服务;运动场馆;健身中心,武侯区,104.048423,30.628759,3
潜水艇,sports,体育休闲服务;娱乐场所;酒吧,武侯区,104.046373,30.628165,5
神仙游网络,sports,体育休闲服务;娱乐场所;网吧,武侯区,104.046945,30.622213,3
苏坦(芳华街25号院西),sports,体育休闲服务;娱乐场所;酒吧|餐饮服务;外国餐厅;西餐厅(综合风味),武侯区,104.052933,30.624918,1
青羽网咖,sports,体育休闲服务;娱乐场所;网吧,武侯区,104.048026,30.620394,1
成都高新区太极拳推广中心,sports,体育休闲服务;运动场馆;运动场所,武侯区,104.044312,30.620056,1
星廊酒会,sports,体育休闲服务;体育休闲服务场所;体育休闲服务场所,武侯区,104.050584,30.621844,1
蜀乐瑜伽,sports,体育休闲服务;运动场馆;健身中心,武侯区,104.051718,30.627837,1
紫竹北街27号院-文化活动中心,sports,体育休闲服务;休闲场所;休闲场所,武侯区,104.050726,30.619589,1
传奇屋RPG体验馆,sports,体育休闲服务;娱乐场所;娱乐场所,武侯区,104.045686,30.623344,1
星空CLUB,sports,体育休闲服务;体育休闲服务场所;体育休闲服务场所,武侯区,104.048788,30.627676,1
武侯青年活动空间,sports,体育休闲服务;体育休闲服务场所;体育休闲服务场所,武侯区,104.057291,30.628901,3
都琳网吧,sports,体育休闲服务;娱乐场所;网吧,武侯区,104.055458,30.622916,8
紫檀,sports,体育休闲服务;娱乐场所;酒吧|商务住宅;住宅区;住宅小区,武侯区,104.06259,30.62093,1
相约98,sports,体育休闲服务;娱乐场所;酒吧,武侯区,104.054139,30.626038,3
爱K量贩KTV,sports,体育休闲服务;娱乐场所;KTV,武侯区,104.06035,30.623036,1
中华园二期游泳池,sports,体育休闲服务;运动场馆;游泳馆,武侯区,104.059343,30.619649,7
新兴星网吧(玉洁巷),sports,体育休闲服务;娱乐场所;网吧,武侯区,104.057586,30.626149,1
ME花园主题酒咖,sports,体育休闲服务;娱乐场所;酒吧,武侯区,104.059196,30.621811,1
素心瑜伽,sports,体育休闲服务;运动场馆;健身中心,武侯区,104.060061,30.625767,4
玉林陌陌吧,sports,体育休闲服务;娱乐场所;棋牌室,武侯区,104.056196,30.627699,3
银都会所,sports,体育休闲服务;娱乐场所;娱乐场所,武侯区,104.054695,30.621278,3
双叶会所,sports,体育休闲服务;娱乐场所;娱乐场所,武侯区,104.063929,30.625703,3
汉莎(二环路南三段),sports,体育休闲服务;娱乐场所;夜总会,武侯区,104.062335,30.623023,1
趣玩游戏,sports,体育休闲服务;体育休闲服务场所;体育休闲服务场所,武侯区,104.059252,30.623762,5
牙半厘yabany,sports,体育休闲服务;体育休闲服务场所;体育休闲服务场所,武侯区,104.054944,30.624677,1
沁园,sports,体育休闲服务;休闲场所;休闲场所,武侯区,104.05371,30.628754,1
芳华茶坊娱乐室,sports,体育休闲服务;娱乐场所;棋牌室,武侯区,104.053587,30.627288,1
秘境晴yoga,sports,体育休闲服务;运动场馆;健身中心,武侯区,104.055969,30.61978,1
Candy,sports,体育休闲服务;娱乐场所;酒吧,武侯区,104.060702,30.621364,1
舞邦,sports,体育休闲服务;运动场馆;健身中心,武侯区,104.070453,30.627267,51
泰都商务会所,sports,体育休闲服务;娱乐场所;娱乐场所,武侯区,104.073483,30.620719,9
爱健身,sports,体育休闲服务;运动场馆;健身中心,武侯区,104.066942,30.627316,7
凯宾斯基KTV,sports,体育休闲服务;娱乐场所;KTV,武侯区,104.063668,30.620357,2
刷子,sports,体育休闲服务;娱乐场所;酒吧,武侯区,104.06952,30.61804,29
鑫空间,sports,体育休闲服务;运动场馆;健身中心,武侯区,104.063806,30.627321,2
锦官新城西区会所,sports,体育休闲服务;娱乐场所;娱乐场所,武侯区,104.069188,30.620983,1
天图拳馆,sports,体育休闲服务;体育休闲服务场所;体育休闲服务场所,武侯区,104.068237,30.62555,4
健身房,sports,体育休闲服务;运动场馆;健身中心,武侯区,104.067047,30.623203,4
一瑜伽,sports,体育休闲服务;运动场馆;健身中心,武侯区,104.07517,30.625878,37
盘古花园游泳池,sports,体育休闲服务;运动场馆;游泳馆,武侯区,104.065602,30.624973,2
成长俱乐部,sports,体育休闲服务;体育休闲服务场所;体育休闲服务场所,武侯区,104.065252,30.621024,3
雨神网络,sports,体育休闲服务;体育休闲服务场所;体育休闲服务场所,武侯区,104.068758,30.622996,1
九九棋牌,sports,体育休闲服务;娱乐场所;棋牌室,武侯区,104.081268,30.621773,2
808新空间KTV(郭家桥西街店),sports,体育休闲服务;娱乐场所;KTV,武侯区,104.077303,30.623248,1
财富会馆,sports,体育休闲服务;休闲场所;休闲场所|餐饮服务;中餐厅;中餐厅,锦江区,104.083306,30.623991,7
金时代网吧(科华北路店),sports,体育休闲服务;娱乐场所;网吧,武侯区,104.074364,30.62855,1
尚都,sports,体育休闲服务;娱乐场所;娱乐场所,武侯区,104.080896,30.62323,2
博速网球俱乐部,sports,体育休闲服务;运动场馆;网球场,武侯区,104.075248,30.619375,2
宾朋网咖,sports,体育休闲服务;娱乐场所;网吧,武侯区,104.07751,30.624848,1
茗香阁棋牌室,sports,体育休闲服务;娱乐场所;棋牌室,武侯区,104.079127,30.625271,1
橡树林会所,sports,体育休闲服务;娱乐场所;娱乐场所,锦江区,104.089577,30.625794,2
娟瑜伽,sports,体育休闲服务;运动场馆;健身中心,锦江区,104.094141,30.623376,26
美亨亨酒吧(摩玛城东北),sports,体育休闲服务;娱乐场所;酒吧,锦江区,104.088566,30.623564,2
东湖公园-篮球场,sports,体育休闲服务;运动场馆;篮球场馆,锦江区,104.086514,30.620447,1
盛德雨淋网络会所,sports,体育休闲服务;娱乐场所;网吧,锦江区,104.092696,30.627523,1
盛轩网咖,sports,体育休闲服务;娱乐场所;网吧,锦江区,104.091224,30.625497,1
伽友瑜伽,sports,体育休闲服务;运动场馆;健身中心,锦江区,104.093181,30.624402,1
梦之队跆拳道,sports,体育休闲服务;运动场馆;跆拳道场馆,锦江区,104.087747,30.622337,2
好运棋牌(河滨路),sports,体育休闲服务;娱乐场所;棋牌室,锦江区,104.085919,30.623977,1
橡树林业主篮球场,sports,体育休闲服务;运动场馆;篮球场馆,锦江区,104.089693,30.627979,1
中航·爱老之家(东润社区日间照料中心),sports,体育休闲服务;度假疗养场所;疗养院|生活服务;生活服务场所;生活服务场所,锦江区,104.101317,30.621632,1
青房云上一期游泳池,sports,体育休闲服务;运动场馆;游泳馆,锦江区,104.099952,30.622499,1
自由飞翔网咖,sports,体育休闲服务;娱乐场所;网吧,锦江区,104.102512,30.623403,1
龙舟网咖,sports,体育休闲服务;娱乐场所;网吧,锦江区,104.095908,30.627913,2
东光台球城,sports,体育休闲服务;运动场馆;台球厅,锦江区,104.097258,30.619243,7
网吧,sports,体育休闲服务;娱乐场所;网吧,锦江区,104.101231,30.624051,5
完美健身,sports,体育休闲服务;运动场馆;健身中心,锦江区,104.100565,30.626111,4
养老生活馆,sports,体育休闲服务;体育休闲服务场所;体育休闲服务场所,锦江区,104.099204,30.627999,1
静颐助残养老中心,sports,体育休闲服务;体育休闲服务场所;体育休闲服务场所,锦江区,104.097344,30.622694,2
骑圣网咖,sports,体育休闲服务;娱乐场所;网吧,锦江区,104.097442,30.628475,1
老麻将,sports,体育休闲服务;娱乐场所;棋牌室,锦江区,104.094709,30.628089,2
茶品茗棋牌,sports,体育休闲服务;娱乐场所;棋牌室,锦江区,104.09719,30.621324,2
天龙网络会所(东光北顺街),sports,体育休闲服务;娱乐场所;网吧,锦江区,104.097687,30.6255,1
洋洋棋牌室(东光北巷),sports,体育休闲服务;娱乐场所;棋牌室,锦江区,104.09974,30.621048,1
迦韵国际瑜伽舞蹈俱乐部(成仁店),sports,体育休闲服务;运动场馆;健身中心,锦江区,104.095644,30.626364,1
麻麻,sports,体育休闲服务;娱乐场所;棋牌室,锦江区,104.104032,30.620395,4
羽毛球馆,sports,体育休闲服务;运动场馆;健身中心,锦江区,104.111228,30.623124,4
索尔魅力量贩KTV(索尔店),sports,体育休闲服务;娱乐场所;KTV,锦江区,104.10907,30.620301,1
印象沙河网咖,sports,体育休闲服务;娱乐场所;网吧,锦江区,104.112316,30.621941,3
冰克网络会所,sports,体育休闲服务;娱乐场所;网吧,锦江区,104.113474,30.622098,2
鸿运会所,sports,体育休闲服务;体育休闲服务场所;体育休闲服务场所,锦江区,104.108011,30.622843,1
开心麻将(净居寺路),sports,体育休闲服务;娱乐场所;棋牌室,锦江区,104.104761,30.624711,1
和嘉天健羽毛球馆(净居寺路店),sports,体育休闲服务;运动场馆;羽毛球场,锦江区,104.11023,30.626963,1
牛沙棋牌室,sports,体育休闲服务;娱乐场所;棋牌室,锦江区,104.106522,30.628578,1
星空间量贩KTV,sports,体育休闲服务;娱乐场所;KTV,锦江区,104.121498,30.625036,1
院8里(菱窠路店),sports,餐饮服务;中餐厅;四川菜(川菜)|体育休闲服务;娱乐场所;棋牌室,锦江区,104.117536,30.622113,1
四川邮电职业技术学院运动场,sports,体育休闲服务;运动场馆;运动场所,锦江区,104.121025,30.621866,1
波星宇电竞馆,sports,体育休闲服务;娱乐场所;游戏厅|餐饮服务;休闲餐饮场所;休闲餐饮场所,锦江区,104.114366,30.626121,2
宇哲KTV,sports,体育休闲服务;娱乐场所;KTV,锦江区,104.114424,30.620892,1
狮子山街道综合文化活动中心,sports,体育休闲服务;休闲场所;休闲场所,锦江区,104.117019,30.620865,1
四川邮电职业技术学院篮球场,sports,体育休闲服务;运动场馆;篮球场馆,锦江区,104.120953,30.620593,1
名唐网咖,sports,体育休闲服务;娱乐场所;网吧,锦江区,104.125302,30.620822,11
四川邮电职业技术学院离退休活动中心,sports,体育休闲服务;休闲场所;休闲场所,锦江区,104.123799,30.622027,1
丁香园休闲庄,sports,体育休闲服务;休闲场所;休闲场所,成华区,104.136448,30.621144,1
焦糖网吧(大观里),sports,体育休闲服务;娱乐场所;网吧,锦江区,104.133899,30.620579,1
金色印象网咖,sports,体育休闲服务;娱乐场所;网吧,成华区,104.140804,30.628043,1
电玩店,sports,体育休闲服务;娱乐场所;娱乐场所,成华区,104.150776,30.628953,8
魅力运动中心羽毛球馆,sports,体育休闲服务;运动场馆;羽毛球场,成华区,104.14672,30.62672,1
魅力羽毛球馆(和锦路),sports,体育休闲服务;运动场馆;羽毛球场,成华区,104.150274,30.625193,1
名流网咖,sports,体育休闲服务;娱乐场所;网吧,成华区,104.152595,30.628171,1
陀罗瑜伽馆,sports,体育休闲服务;运动场馆;健身中心,成华区,104.151929,30.625603,1
倾力健身工作室,sports,体育休闲服务;运动场馆;健身中心,成华区,104.158209,30.629175,1
花语休闲,sports,体育休闲服务;娱乐场所;棋牌室,武侯区,103.96556,30.614551,4
尊上网咖,sports,体育休闲服务;娱乐场所;网吧,武侯区,103.968655,30.611659,3
自由空间网吧(草金路南段),sports,体育休闲服务;娱乐场所;网吧,武侯区,103.970512,30.61134,1
黑洞网吧,sports,体育休闲服务;娱乐场所;网吧,武侯区,103.966534,30.61316,4
机车码头俱乐部,sports,体育休闲服务;体育休闲服务场所;体育休闲服务场所,武侯区,103.967618,30.619552,1
七里村老年活动中心,sports,体育休闲服务;休闲场所;休闲场所,武侯区,103.971563,30.613189,1
巷子老年活动中心,sports,体育休闲服务;休闲场所;休闲场所,武侯区,103.96981,30.617453,1
食圣生态园,sports,体育休闲服务;度假疗养场所;度假村,武侯区,103.971186,30.619326,1
阳光商务会所,sports,体育休闲服务;娱乐场所;娱乐场所,武侯区,103.984054,30.612761,5
白天鹅娱乐会所,sports,体育休闲服务;休闲场所;休闲场所,武侯区,103.975471,30.615324,1
新芒果网咖,sports,体育休闲服务;娱乐场所;网吧,武侯区,103.983497,30.618701,1
成都市武侯区铁佛养老院,sports,体育休闲服务;度假疗养场所;疗养院,武侯区,103.988363,30.615731,2
十年网吧(铁佛路),sports,体育休闲服务;娱乐场所;网吧,武侯区,103.987823,30.614338,1
游乐场,sports,体育休闲服务;休闲场所;游乐场,武侯区,103.9884,30.610164,2
尚·花影网络体验馆,sports,体育休闲服务;娱乐场所;网吧,武侯区,103.989932,30.610423,1
狗狗网络生活馆,sports,体育休闲服务;娱乐场所;网吧,武侯区,103.991916,30.61232,2
鹏程乒乓球爱好者新家,sports,体育休闲服务;体育休闲服务场所;体育休闲服务场所,武侯区,103.989489,30.613419,1
武侯区簇桥街道综合文化活动中心,sports,体育休闲服务;休闲场所;休闲场所,武侯区,103.993662,30.609787,1
安吉休闲会所,sports,体育休闲服务;体育休闲服务场所;体育休闲服务场所,武侯区,103.99386,30.614077,1
参木游泳场,sports,体育休闲服务;运动场馆;游泳馆,武侯区,103.994574,30.612324,4
星动在线网吧,sports,体育休闲服务;娱乐场所;网吧,武侯区,103.995674,30.610364,4
2号厅,sports,体育休闲服务;体育休闲服务场所;体育休闲服务场所,武侯区,104.003404,30.615864,1
廖姐麻将室,sports,体育休闲服务;娱乐场所;棋牌室,武侯区,103.997489,30.610147,1
梦港之夜,sports,体育休闲服务;体育休闲服务场所;体育休闲服务场所,武侯区,104.009274,30.614555,1
昌都大世界网吧,sports,体育休闲服务;娱乐场所;网吧,武侯区,104.009553,30.611253,1
幻缘网吧,sports,体育休闲服务;娱乐场所;网吧,武侯区,104.019294,30.617364,1
顺心桌球场,sports,体育休闲服务;运动场馆;台球厅,武侯区,104.018232,30.618859,3
维克特青少年足球俱乐部,sports,体育休闲服务;运动场馆;足球场,武侯区,104.022568,30.6191,1
四川省棒垒曲运动管理中心棒垒球场,sports,体育休闲服务;运动场馆;运动场所,武侯区,104.022392,30.610127,1
代友棋牌室,sports,体育休闲服务;娱乐场所;棋牌室,武侯区,104.014993,30.618164,1
老怡都夜总会,sports,体育休闲服务;娱乐场所;夜总会,武侯区,104.024322,30.612385,2
瑞宏乒乓球馆,sports,体育休闲服务;运动场馆;乒乓球馆,武侯区,104.03795,30.613454,4
鸿之翔羽毛球中心,sports,体育休闲服务;运动场馆;羽毛球场,武侯区,104.034426,30.614638,1
如果酒馆,sports,体育休闲服务;娱乐场所;酒吧,武侯区,104.038288,30.615429,2
讯达游泳池(玲珑南域),sports,体育休闲服务;运动场馆;游泳馆,武侯区,104.036168,30.612251,2
提莫网咖,sports,体育休闲服务;娱乐场所;网吧,武侯区,104.03646,30.61045,5
高新区养老院,sports,体育休闲服务;体育休闲服务场所;体育休闲服务场所,武侯区,104.038525,30.611192,1
阳光家园党员活动中心,sports,体育休闲服务;体育休闲服务场所;体育休闲服务场所,武侯区,104.040905,30.616335,2
伽梵瑜伽(神仙树店),sports,体育休闲服务;运动场馆;健身中心,武侯区,104.042238,30.617751,1
红支祥羽毛球馆,sports,体育休闲服务;运动场馆;羽毛球场,武侯区,104.036856,30.616101,1
晓晓机麻,sports,体育休闲服务;娱乐场所;棋牌室,武侯区,104.035005,30.611934,1
迪乐泥游乐场,sports,体育休闲服务;休闲场所;游乐场,武侯区,104.04327,30.617367,1
村根,sports,体育休闲服务;娱乐场所;酒吧,武侯区,104.047528,30.617034,10
恒星,sports,体育休闲服务;娱乐场所;酒吧,武侯区,104.053434,30.618227,34
素语茶舍,sports,体育休闲服务;娱乐场所;棋牌室|餐饮服务;茶艺馆;茶艺馆,武侯区,104.04842,30.615026,2
玛玛珂游泳馆,sports,体育休闲服务;运动场馆;游泳馆,武侯区,104.052351,30.615503,5
很温游泳馆,sports,体育休闲服务;运动场馆;游泳馆,武侯区,104.044145,30.616114,2
奥恩健身,sports,体育休闲服务;运动场馆;健身中心,武侯区,104.045802,30.61885,2
蓝球场,sports,体育休闲服务;运动场馆;运动场所,武侯区,104.050162,30.612873,1
Matata cocktail&whisky bar,sports,体育休闲服务;娱乐场所;酒吧,武侯区,104.04719,30.613265,1
劲道轮滑俱乐部,sports,体育休闲服务;运动场馆;运动场所,武侯区,104.051371,30.616999,1
绿氧健身中心,sports,体育休闲服务;运动场馆;健身中心,武侯区,104.04628,30.615526,2
爱尚瑜伽馆,sports,体育休闲服务;运动场馆;健身中心,武侯区,104.0449,30.611963,1
祥云棋牌室(紫薇东路),sports,体育休闲服务;娱乐场所;棋牌室,武侯区,104.051114,30.6133,1
创博高尔夫(新阵地店),sports,体育休闲服务;高尔夫相关;高尔夫相关,武侯区,104.045366,30.610586,1
翔宇花园会所,sports,体育休闲服务;体育休闲服务场所;体育休闲服务场所,武侯区,104.052932,30.613615,1
君爵·KTV,sports,体育休闲服务;娱乐场所;KTV,武侯区,104.058769,30.610354,1
婵悦会,sports,体育休闲服务;体育休闲服务场所;体育休闲服务场所,武侯区,104.063271,30.614587,15
鑫港网咖,sports,体育休闲服务;娱乐场所;网吧,武侯区,104.056715,30.610718,1
白玫瑰,sports,体育休闲服务;娱乐场所;娱乐场所,武侯区,104.063779,30.611648,7
放肆轰趴馆,sports,体育休闲服务;娱乐场所;KTV,武侯区,104.063146,30.618951,9
澜谷,sports,体育休闲服务;娱乐场所;酒吧,武侯区,104.058331,30.613732,8
AK47进口啤酒吧,sports,体育休闲服务;娱乐场所;酒吧,武侯区,104.054456,30.61078,1
锦绣花园网球场,sports,体育休闲服务;运动场馆;网球场,武侯区,104.059693,30.617933,1
成都易美网球俱乐部,sports,体育休闲服务;运动场馆;网球场,武侯区,104.054956,30.615814,1
芳草地老年活动站,sports,体育休闲服务;休闲场所;休闲场所,武侯区,104.061454,30.615503,1
衡武会馆(桐梓林店),sports,体育休闲服务;运动场馆;健身中心,武侯区,104.056366,30.615584,1
新加坡花园游泳馆,sports,体育休闲服务;运动场馆;游泳馆,武侯区,104.055338,30.613221,1
火车南站社区活动中心,sports,体育休闲服务;休闲场所;休闲场所,武侯区,104.058182,30.612049,1
调酒师,sports,体育休闲服务;娱乐场所;酒吧,武侯区,104.069666,30.614631,5
米乐星世界KTV(南门店),sports,体育休闲服务;娱乐场所;KTV,武侯区,104.065578,30.611635,2
天黑小屋,sports,体育休闲服务;娱乐场所;游戏厅,武侯区,104.06523,30.61304,5
必爱体健身房,sports,体育休闲服务;体育休闲服务场所;体育休闲服务场所,武侯区,104.072789,30.618396,2
名士公馆游泳池,sports,体育休闲服务;运动场馆;游泳馆,武侯区,104.068296,30.615064,1
理想网咖(长寿路),sports,体育休闲服务;娱乐场所;网吧,武侯区,104.071059,30.614858,1
90密室逃脱,sports,体育休闲服务;娱乐场所;娱乐场所,武侯区,104.065356,30.614746,2
荣耀网咖会所,sports,体育休闲服务;娱乐场所;网吧,武侯区,104.073442,30.611148,1
1992轰趴馆(派对俱乐部),sports,体育休闲服务;体育休闲服务场所;体育休闲服务场所,武侯区,104.065324,30.616908,2
原力健身工作室,sports,体育休闲服务;运动场馆;健身中心,武侯区,104.065557,30.618395,1
元虎健身,sports,体育休闲服务;运动场馆;健身中心,武侯区,104.067884,30.616664,1
长寿苑社区综合文化活动室,sports,体育休闲服务;娱乐场所;娱乐场所,武侯区,104.072136,30.611289,1
罗四麻将馆,sports,体育休闲服务;娱乐场所;棋牌室,武侯区,104.072705,30.614266,1
芙蓉风情(成都总店),sports,餐饮服务;中餐厅;中餐厅|体育休闲服务;娱乐场所;娱乐场所|餐饮服务;茶艺馆;茶艺馆,武侯区,104.079385,30.614674,1
夜雨酒馆,sports,体育休闲服务;娱乐场所;酒吧,武侯区,104.080789,30.613918,6
古德菲力健身,sports,体育休闲服务;运动场馆;健身中心,武侯区,104.077155,30.615657,4
康乐游戏室,sports,体育休闲服务;娱乐场所;游戏厅,武侯区,104.080099,30.617129,6
风暴搏击,sports,体育休闲服务;运动场馆;运动场所,武侯区,104.081553,30.615818,1
阳光春天游泳池,sports,体育休闲服务;运动场馆;游泳馆,武侯区,104.079676,30.610911,2
紫丹荼府,sports,体育休闲服务;体育休闲服务场所;体育休闲服务场所,武侯区,104.078458,30.610164,6
瑞宸会所,sports,体育休闲服务;娱乐场所;娱乐场所,武侯区,104.075704,30.611272,3
天天台球会所,sports,体育休闲服务;运动场馆;台球厅,武侯区,104.075322,30.614694,2
鲸鱼肚西餐酒吧(科华店),sports,体育休闲服务;娱乐场所;酒吧,武侯区,104.074421,30.616493,1
享誉健身馆,sports,体育休闲服务;运动场馆;健身中心,武侯区,104.082234,30.613436,2
夏洛克之约,sports,体育休闲服务;体育休闲服务场所;体育休闲服务场所,武侯区,104.078151,30.611926,3
捷华达网城,sports,体育休闲服务;娱乐场所;网吧,武侯区,104.074916,30.613066,4
一颗树棋牌娱乐,sports,体育休闲服务;娱乐场所;棋牌室,武侯区,104.080281,30.618729,1
公主空中瑜伽连锁教室(火车南站店),sports,体育休闲服务;运动场馆;健身中心,武侯区,104.075335,30.609476,1
翡翠城四期游泳池,sports,体育休闲服务;运动场馆;游泳馆,锦江区,104.093015,30.615424,1
蓝色空间翡翠城恒温游泳馆,sports,体育休闲服务;运动场馆;游泳馆,锦江区,104.087395,30.614965,1
东湖公园-网球场,sports,体育休闲服务;运动场馆;网球场,锦江区,104.086592,30.619357,1
时空引擎,sports,体育休闲服务;娱乐场所;网吧,锦江区,104.09004,30.618146,2
LOFT酒吧,sports,体育休闲服务;娱乐场所;酒吧,锦江区,104.089884,30.615571,3
懒人网咖,sports,体育休闲服务;娱乐场所;网吧,锦江区,104.092445,30.617306,1
心逸瑜伽,sports,体育休闲服务;运动场馆;健身中心,锦江区,104.091479,30.613202,4
本朴瑜伽,sports,体育休闲服务;运动场馆;健身中心,锦江区,104.08995,30.614262,1
花熊,sports,体育休闲服务;体育休闲服务场所;体育休闲服务场所,锦江区,104.093018,30.616466,2
光大休闲,sports,体育休闲服务;娱乐场所;棋牌室,锦江区,104.099328,30.618658,1
锦江区东光街道养老助残服务中心,sports,体育休闲服务;度假疗养场所;疗养院|生活服务;生活服务场所;生活服务场所,锦江区,104.101431,30.618565,1
壹加壹网吧,sports,体育休闲服务;娱乐场所;网吧,锦江区,104.098556,30.60935,2
康博游泳健身中心,sports,体育休闲服务;体育休闲服务场所;体育休闲服务场所,锦江区,104.094645,30.610493,1
党员活动室,sports,体育休闲服务;体育休闲服务场所;体育休闲服务场所,锦江区,104.097737,30.617112,2
我的音乐城堡,sports,体育休闲服务;体育休闲服务场所;体育休闲服务场所,锦江区,104.099924,30.617573,2
米亚瑜伽,sports,体育休闲服务;运动场馆;健身中心,锦江区,104.09598,30.613389,1
和舟俱乐部,sports,体育休闲服务;体育休闲服务场所;体育休闲服务场所,锦江区,104.102168,30.614085,2
三缺一,sports,体育休闲服务;娱乐场所;棋牌室,锦江区,104.09922,30.614561,1
红福棋牌,sports,体育休闲服务;娱乐场所;棋牌室,锦江区,104.097271,30.61198,2
康郡游泳馆,sports,体育休闲服务;运动场馆;游泳馆,锦江区,104.09551,30.611693,1
圣雅瑜伽馆,sports,体育休闲服务;运动场馆;健身中心,锦江区,104.110981,30.61903,3
橡树汇长者专顾中心,sports,体育休闲服务;度假疗养场所;疗养院,锦江区,104.113292,30.613882,1
科普活动室,sports,体育休闲服务;体育休闲服务场所;体育休闲服务场所,锦江区,104.112374,30.614374,2
沸城俱乐部,sports,体育休闲服务;体育休闲服务场所;体育休闲服务场所,锦江区,104.112151,30.611113,3
四川师范大学足球场,sports,体育休闲服务;运动场馆;足球场,锦江区,104.111831,30.615356,1
雅郡游泳池,sports,体育休闲服务;运动场馆;游泳馆,锦江区,104.113336,30.609441,1
四川师范大学体育场,sports,体育休闲服务;运动场馆;综合体育馆,锦江区,104.122294,30.611312,4
鑫泓纯K,sports,体育休闲服务;娱乐场所;KTV,锦江区,104.114682,30.610036,8
四川师范大学-篮球场,sports,体育休闲服务;运动场馆;篮球场馆,锦江区,104.119849,30.614803,1
网随心动网咖,sports,体育休闲服务;娱乐场所;网吧,锦江区,104.120799,30.618307,3
三鑫台球室,sports,体育休闲服务;运动场馆;台球厅,锦江区,104.122098,30.618429,2
离退休教职工和谐之家,sports,体育休闲服务;体育休闲服务场所;体育休闲服务场所,锦江区,104.120148,30.611056,2
四川师范大学第一运动场,sports,体育休闲服务;运动场馆;运动场所,锦江区,104.120622,30.613876,1
四川师范大学学生活动中心,sports,体育休闲服务;娱乐场所;娱乐场所,锦江区,104.122091,30.61298,1
四川师范大学台球室,sports,体育休闲服务;运动场馆;台球厅,锦江区,104.121983,30.614987,3
伽玥瑜伽(川师旗舰店),sports,体育休闲服务;运动场馆;健身中心,锦江区,104.115572,30.612577,1
锦江区狮子山街道养老助残关爱中心,sports,体育休闲服务;度假疗养场所;疗养院,锦江区,104.118891,30.618817,1
川师狮子山校区羽毛球馆,sports,体育休闲服务;运动场馆;羽毛球场,锦江区,104.120739,30.615596,1
泷航体育(领域店),sports,体育休闲服务;运动场馆;运动场所,锦江区,104.133424,30.613551,1
琳琳网吧,sports,体育休闲服务;娱乐场所;网吧,锦江区,104.127872,30.611931,10
艺境酒吧,sports,体育休闲服务;娱乐场所;酒吧,锦江区,104.130329,30.610573,3
奥乐奥儿童乐园(凯旋店),sports,体育休闲服务;休闲场所;游乐场,锦江区,104.126449,30.613805,1
自由港网咖(国槐街),sports,体育休闲服务;娱乐场所;网吧,锦江区,104.129965,30.614673,1
大观二期老年活动中心,sports,体育休闲服务;休闲场所;休闲场所,锦江区,104.132032,30.617008,1
七四三六工厂退休职工活动室,sports,体育休闲服务;休闲场所;休闲场所,锦江区,104.123621,30.617187,1
院落青少活动中心,sports,体育休闲服务;体育休闲服务场所;体育休闲服务场所,锦江区,104.131833,30.61222,1
初见网咖,sports,体育休闲服务;娱乐场所;网吧,锦江区,104.128501,30.617172,1
花香苑小区棋牌室,sports,体育休闲服务;娱乐场所;棋牌室,锦江区,104.133139,30.610997,1
蓝色沸点网吧(合欢树街),sports,体育休闲服务;娱乐场所;网吧,锦江区,104.133937,30.610289,1
弥敦道7号电竞网咖,sports,体育休闲服务;娱乐场所;网吧,锦江区,104.141319,30.611443,1
香蕉网咖,sports,体育休闲服务;体育休闲服务场所;体育休闲服务场所,锦江区,104.138386,30.611312,2
情缘,sports,体育休闲服务;体育休闲服务场所;体育休闲服务场所,武侯区,103.964859,30.607646,2
勇者之城网吧(金花店),sports,体育休闲服务;娱乐场所;网吧,武侯区,103.968869,30.609317,1
武侯区青少年跆拳道训练基地巴蜀武道金花分部,sports,体育休闲服务;运动场馆;跆拳道场馆,武侯区,103.966318,30.608864,1
天意网吧,sports,体育休闲服务;娱乐场所;网吧,武侯区,103.974807,30.601634,2
旋转木马,sports,体育休闲服务;休闲场所;游乐场,武侯区,103.98187,30.605534,4
好心情网吧(鞋都南三路),sports,体育休闲服务;娱乐场所;网吧,武侯区,103.974845,30.604525,1
三藏网咖,sports,体育休闲服务;娱乐场所;网吧,武侯区,103.983106,30.605351,2
小马快跑,sports,体育休闲服务;休闲场所;游乐场,武侯区,103.980689,30.601784,2
茶棋牌机麻,sports,体育休闲服务;体育休闲服务场所;体育休闲服务场所,武侯区,103.97778,30.608,1
君子网咖,sports,体育休闲服务;娱乐场所;网吧,武侯区,103.976126,30.600112,1
三九棋牌室(鞋都南三路),sports,体育休闲服务;娱乐场所;棋牌室,武侯区,103.974528,30.602665,1
康来休闲娱乐,sports,体育休闲服务;体育休闲服务场所;体育休闲服务场所,武侯区,103.989945,30.603697,3
玉竹网咖,sports,体育休闲服务;娱乐场所;网吧,武侯区,103.988304,30.605908,5
六味居,sports,体育休闲服务;娱乐场所;棋牌室,武侯区,103.989156,30.607372,4
卡美帝量贩KTV,sports,体育休闲服务;娱乐场所;KTV,武侯区,103.985336,30.604914,5
阿啵啵聚会PTV,sports,体育休闲服务;娱乐场所;KTV,武侯区,103.988309,30.609057,1
腾远网咖,sports,体育休闲服务;娱乐场所;网吧,武侯区,103.984483,30.608555,3
星幻境网咖(簇桥店),sports,体育休闲服务;娱乐场所;网吧,武侯区,103.988292,30.603702,1
游戏部落,sports,体育休闲服务;体育休闲服务场所;体育休闲服务场所,武侯区,103.991595,30.608382,5
行星网咖,sports,体育休闲服务;娱乐场所;网吧,武侯区,103.9876,30.604974,1
万寿康娱乐养老生活馆,sports,体育休闲服务;休闲场所;休闲场所,武侯区,103.990603,30.604501,1
四川巴蜀武道馆簇桥总馆,sports,体育休闲服务;运动场馆;运动场所,武侯区,103.990628,30.606122,2
欧尚免费篮球场,sports,体育休闲服务;运动场馆;篮球场馆,武侯区,103.984722,30.602986,1
梵印瑜伽,sports,体育休闲服务;运动场馆;健身中心,武侯区,103.98589,30.60899,1
爵士风情KTV,sports,体育休闲服务;娱乐场所;KTV,武侯区,103.991375,30.601661,1
姊妹生活馆,sports,体育休闲服务;娱乐场所;棋牌室,武侯区,103.98776,30.608085,1
倚乡品茗棋牌,sports,体育休闲服务;娱乐场所;棋牌室,武侯区,103.994641,30.602394,2
逆转时空网咖,sports,体育休闲服务;娱乐场所;网吧,武侯区,103.99593,30.60878,4
指尖缘,sports,体育休闲服务;体育休闲服务场所;体育休闲服务场所,武侯区,104.00169,30.605487,5
金圣雨网吧,sports,体育休闲服务;娱乐场所;网吧,武侯区,103.994218,30.60073,2
新观察网吧,sports,体育休闲服务;娱乐场所;网吧,武侯区,103.995721,30.60329,1
股指交流吧,sports,体育休闲服务;娱乐场所;娱乐场所,武侯区,103.997673,30.605607,2
千鸟时代网咖,sports,体育休闲服务;娱乐场所;网吧,武侯区,103.996333,30.604111,1
瀚洋歌府KTV,sports,体育休闲服务;娱乐场所;KTV,武侯区,103.997715,30.606767,1
QQ自由麻将(簇桥中街),sports,体育休闲服务;娱乐场所;棋牌室,武侯区,103.994397,30.604226,1
蓝天园休闲庄,sports,体育休闲服务;休闲场所;休闲场所,武侯区,104.007591,30.608819,1
晓莉麻将馆,sports,体育休闲服务;娱乐场所;棋牌室,武侯区,104.008673,30.607319,1
四川成都足球广场,sports,体育休闲服务;运动场馆;足球场,武侯区,104.022458,30.604984,2
四川省运动技术学院田径场,sports,体育休闲服务;运动场馆;运动场所,武侯区,104.023543,30.600834,1
四川省运动技术学院太平寺校区-网球场,sports,体育休闲服务;运动场馆;网球场,武侯区,104.023563,30.603218,1
指点网吧,sports,体育休闲服务;娱乐场所;网吧,武侯区,104.025931,30.606708,3
哆咪网咖,sports,体育休闲服务;娱乐场所;网吧,武侯区,104.027013,30.606216,3
四川省运动技术学院拳击馆,sports,体育休闲服务;运动场馆;运动场所,武侯区,104.025976,30.60304,4
Ni Wo Ta音乐酒吧(美洲花园店),sports,体育休闲服务;娱乐场所;酒吧,武侯区,104.032513,30.603119,1
无限领域网吧,sports,体育休闲服务;娱乐场所;网吧,武侯区,104.03346,30.608843,2
武术队,sports,体育休闲服务;体育休闲服务场所;体育休闲服务场所,武侯区,104.028106,30.603464,1
三和体育馆,sports,体育休闲服务;运动场馆;综合体育馆,武侯区,104.040254,30.600168,1
美洲花园游泳池,sports,体育休闲服务;运动场馆;游泳馆,武侯区,104.033797,30.599919,1
都市印象网吧,sports,体育休闲服务;娱乐场所;网吧,武侯区,104.041643,30.606406,1
成都高新网球中心篮球场,sports,体育休闲服务;运动场馆;篮球场馆,武侯区,104.043381,30.607009,1
淳乐网吧,sports,体育休闲服务;娱乐场所;网吧,武侯区,104.039157,30.605089,1
力量私家健身,sports,体育休闲服务;运动场馆;健身中心,武侯区,104.041223,30.607898,1
新光互动网吧,sports,体育休闲服务;娱乐场所;网吧,武侯区,104.03616,30.608987,1
维克特青少年足球俱乐部(美洲南路店),sports,体育休闲服务;运动场馆;足球场,武侯区,104.03479,30.60199,1
海力体育恒温游泳馆,sports,体育休闲服务;运动场馆;游泳馆,武侯区,104.051592,30.60429,2
圣露茗庭,sports,体育休闲服务;体育休闲服务场所;体育休闲服务场所,武侯区,104.050398,30.604712,2
成都高新网球中心,sports,体育休闲服务;运动场馆;网球场,武侯区,104.044861,30.60907,2
Bobo Beer,sports,体育休闲服务;娱乐场所;酒吧,武侯区,104.046459,30.605848,1
简网咖,sports,体育休闲服务;娱乐场所;网吧,武侯区,104.048918,30.603135,7
力龙网球俱乐部,sports,体育休闲服务;运动场馆;网球场,武侯区,104.046603,30.60924,1
招商银行网球俱乐部,sports,体育休闲服务;运动场馆;网球场,武侯区,104.045523,30.607748,1
综合文化活动中心,sports,体育休闲服务;休闲场所;休闲场所,武侯区,104.048783,30.599574,1
迪卡侬运动场,sports,体育休闲服务;运动场馆;运动场所,武侯区,104.061536,30.601533,2
儿童乐园,sports,体育休闲服务;休闲场所;游乐场,武侯区,104.060014,30.603736,2
爱乐游(凯丹广场),sports,体育休闲服务;休闲场所;游乐场,武侯区,104.06064,30.604674,2
星际vr体验馆,sports,体育休闲服务;体育休闲服务场所;体育休闲服务场所,武侯区,104.057841,30.603236,2
砰砰网络,sports,体育休闲服务;体育休闲服务场所;体育休闲服务场所,武侯区,104.059681,30.605933,4
威斯凯尔酒店游泳池,sports,体育休闲服务;运动场馆;游泳馆,武侯区,104.05662,30.607897,2
奥佳华,sports,体育休闲服务;娱乐场所;娱乐场所,武侯区,104.063689,30.603767,7
美鑫鑫网吧,sports,体育休闲服务;娱乐场所;网吧,武侯区,104.061005,30.607806,1
吉象乐园,sports,体育休闲服务;休闲场所;游乐场,武侯区,104.058652,30.604781,1
巴克庄园,sports,体育休闲服务;体育休闲服务场所;体育休闲服务场所,武侯区,104.056647,30.606583,1
动岚健身,sports,体育休闲服务;运动场馆;健身中心,武侯区,104.056816,30.603616,1
成都M酒店-娱乐中心,sports,体育休闲服务;娱乐场所;娱乐场所,武侯区,104.056968,30.601524,1
界外,sports,体育休闲服务;体育休闲服务场所;体育休闲服务场所,武侯区,104.066506,30.605372,10
清逸网咖,sports,体育休闲服务;娱乐场所;网吧,武侯区,104.069149,30.603455,1
南盾网咖,sports,体育休闲服务;娱乐场所;网吧,武侯区,104.072312,30.601723,1
义舟网咖,sports,体育休闲服务;娱乐场所;网吧,武侯区,104.071069,30.60689,2
和平社区老年文化活动中心,sports,体育休闲服务;休闲场所;休闲场所,武侯区,104.070389,30.605861,1
桂溪街道综合文体活动中心,sports,体育休闲服务;休闲场所;休闲场所,武侯区,104.068755,30.601235,1
水木清科会所,sports,体育休闲服务;体育休闲服务场所;体育休闲服务场所,武侯区,104.071052,30.604316,1
联合酒馆,sports,体育休闲服务;娱乐场所;酒吧,武侯区,104.07899,30.60749,12
斯威鸣游泳池,sports,体育休闲服务;运动场馆;游泳馆,锦江区,104.081253,30.601417,2
皇家YS足球公园,sports,体育休闲服务;运动场馆;足球场,武侯区,104.073592,30.608115,1
斯威鸣游泳(翠柳湾店),sports,体育休闲服务;运动场馆;运动场所,锦江区,104.082508,30.601456,1
东城网球中心,sports,体育休闲服务;运动场馆;网球场,武侯区,104.07629,30.606782,1
吉瑞东苑网球,sports,体育休闲服务;运动场馆;网球场,武侯区,104.077218,30.608409,1
欣轩网咖,sports,体育休闲服务;娱乐场所;网吧,锦江区,104.091093,30.607173,3
纳艾斯网络会所,sports,体育休闲服务;娱乐场所;网吧,锦江区,104.086708,30.606834,1
凯天足球场,sports,体育休闲服务;运动场馆;足球场,锦江区,104.088462,30.604817,1
桦林园,sports,住宿服务;宾馆酒店;宾馆酒店|体育休闲服务;休闲场所;休闲场所,锦江区,104.10271,30.602427,2
晶座网咖,sports,体育休闲服务;娱乐场所;网吧,锦江区,104.093946,30.606909,5
简单网吧,sports,体育休闲服务;娱乐场所;网吧,锦江区,104.094306,30.60116,2
世缘网吧(锦华路二段),sports,体育休闲服务;娱乐场所;网吧,锦江区,104.096431,30.599608,1
安利阳光会所,sports,体育休闲服务;休闲场所;休闲场所,锦江区,104.099604,30.60527,3
草堂网吧,sports,体育休闲服务;娱乐场所;网吧,锦江区,104.099927,30.608701,1
岩石网咖,sports,体育休闲服务;娱乐场所;网吧,锦江区,104.096444,30.608422,2
顶极网络会所,sports,体育休闲服务;娱乐场所;网吧,锦江区,104.097698,30.605215,1
西点网咖,sports,体育休闲服务;娱乐场所;网吧,锦江区,104.100508,30.603743,2
C26主题酒吧,sports,体育休闲服务;娱乐场所;酒吧,锦江区,104.101483,30.602563,1
老年活动室,sports,体育休闲服务;体育休闲服务场所;体育休闲服务场所,锦江区,104.101297,30.607992,7
馨云网吧,sports,体育休闲服务;娱乐场所;网吧,锦江区,104.100377,30.601027,1
芳芳棋牌室(琉璃中街),sports,体育休闲服务;娱乐场所;棋牌室,锦江区,104.094004,30.603099,1
合家欢棋牌室,sports,体育休闲服务;娱乐场所;棋牌室,锦江区,104.096475,30.604239,1
1982足球俱乐部,sports,体育休闲服务;运动场馆;足球场,锦江区,104.102855,30.600591,1
皇经楼山庄,sports,餐饮服务;中餐厅;中餐厅|体育休闲服务;休闲场所;休闲场所|餐饮服务;茶艺馆;茶艺馆,锦江区,104.100407,30.599892,1
巴山汇,sports,餐饮服务;中餐厅;中餐厅|体育休闲服务;休闲场所;休闲场所,锦江区,104.111913,30.608199,1
钟家花园,sports,体育休闲服务;休闲场所;休闲场所,锦江区,104.109985,30.60128,1
皇经社区活动中心,sports,体育休闲服务;休闲场所;休闲场所,锦江区,104.106257,30.60588,1
印象西昌,sports,体育休闲服务;休闲场所;休闲场所,锦江区,104.104203,30.607475,1
皇经社区老年活动中心,sports,体育休闲服务;休闲场所;休闲场所,锦江区,104.104236,30.60546,1
OLE足球场,sports,体育休闲服务;运动场馆;足球场,锦江区,104.103911,30.599997,2
k歌王,sports,体育休闲服务;娱乐场所;KTV,锦江区,104.116483,30.608762,29
妃舞KTV,sports,体育休闲服务;娱乐场所;KTV,锦江区,104.115466,30.602928,1
欧典会所,sports,体育休闲服务;休闲场所;休闲场所,锦江区,104.124156,30.606546,13
九阳网吧,sports,体育休闲服务;娱乐场所;网吧,锦江区,104.121703,30.605763,1
羽毛球场,sports,体育休闲服务;运动场馆;羽毛球场,锦江区,104.120812,30.6071,2
古今传奇网吧,sports,体育休闲服务;娱乐场所;网吧,锦江区,104.121253,30.602721,1
时空引擎幻想在线网吧,sports,体育休闲服务;娱乐场所;网吧,锦江区,104.128801,30.606839,1
黑魔方网咖,sports,体育休闲服务;娱乐场所;网吧,锦江区,104.129208,30.608884,2
每时健身,sports,体育休闲服务;运动场馆;健身中心,锦江区,104.127088,30.60793,2
努努网咖,sports,体育休闲服务;娱乐场所;网吧,锦江区,104.132556,30.604447,1
篮球场,sports,体育休闲服务;运动场馆;篮球场馆,锦江区,104.138232,30.60857,3
四海逸家恒温游泳馆,sports,体育休闲服务;运动场馆;游泳馆,锦江区,104.138806,30.601645,1
鑫苑名家游泳池,sports,体育休闲服务;运动场馆;游泳馆,锦江区,104.1396,30.599701,1
绿轴网球场,sports,体育休闲服务;运动场馆;网球场,锦江区,104.137971,30.606126,1
三叶草网咖,sports,体育休闲服务;娱乐场所;网吧,锦江区,104.141109,30.600039,1
星座网咖,sports,体育休闲服务;娱乐场所;网吧,锦江区,104.142953,30.606691,1
蓝钻亚斯特游泳馆,sports,体育休闲服务;运动场馆;游泳馆,锦江区,104.134238,30.603149,2
悠肯网咖,sports,体育休闲服务;娱乐场所;网吧,锦江区,104.14438,30.608128,2
优客网吧(樱花街店),sports,体育休闲服务;娱乐场所;网吧,锦江区,104.149802,30.607716,1
莱昔时光,sports,体育休闲服务;运动场馆;健身中心,锦江区,104.148371,30.608481,1
头号营地,sports,体育休闲服务;休闲场所;露营地,锦江区,104.14823,30.606936,1
榕树林休闲庄,sports,体育休闲服务;休闲场所;休闲场所,武侯区,103.965185,30.599595,1
美丽点会所,sports,商务住宅;住宅区;住宅小区|体育休闲服务;娱乐场所;娱乐场所,武侯区,103.96636,30.594696,1
康城KTV,sports,体育休闲服务;娱乐场所;KTV,武侯区,103.970345,30.589925,3
聚缘网吧(金航路),sports,体育休闲服务;娱乐场所;网吧,武侯区,103.96891,30.594215,1
新天地网吧(簇马路二段),sports,体育休闲服务;娱乐场所;网吧,武侯区,103.97293,30.591769,1
社区活动场所,sports,体育休闲服务;体育休闲服务场所;体育休闲服务场所,武侯区,103.965371,30.593016,2
姐妹茶楼,sports,体育休闲服务;娱乐场所;棋牌室,武侯区,103.971589,30.594999,1
联英帝国,sports,体育休闲服务;娱乐场所;网吧,武侯区,103.972478,30.589911,1
横溢网吧,sports,体育休闲服务;娱乐场所;网吧,武侯区,103.984107,30.598195,6
情缘人间,sports,体育休闲服务;体育休闲服务场所;体育休闲服务场所,武侯区,103.980658,30.599079,1
来来往往网吧(簇马路二段店),sports,体育休闲服务;娱乐场所;网吧,武侯区,103.974784,30.592385,1
机麻茶,sports,体育休闲服务;运动场馆;健身中心,武侯区,103.99184,30.593554,1
福辉活动室,sports,体育休闲服务;娱乐场所;娱乐场所,武侯区,103.991533,30.592592,1
华兴街道办事处沈家桥村活动中心,sports,体育休闲服务;休闲场所;休闲场所,武侯区,104.003517,30.597925,1
爱尚网吧(文昌路),sports,体育休闲服务;娱乐场所;网吧,武侯区,103.995745,30.599122,1
丰懋(企业)集团粤擎赛车俱乐部,sports,体育休闲服务;体育休闲服务场所;体育休闲服务场所,武侯区,103.997829,30.594483,1
益寿苑,sports,体育休闲服务;度假疗养场所;疗养院,武侯区,104.009371,30.591198,1
四川航海模型队训练场,sports,体育休闲服务;运动场馆;运动场所,武侯区,104.022632,30.598967,1
笑盈盈网吧,sports,体育休闲服务;娱乐场所;网吧,武侯区,104.026448,30.595176,1
新羽堂羽毛球馆,sports,体育休闲服务;运动场馆;羽毛球场,武侯区,104.033184,30.594051,1
新园社区老年活动中心,sports,体育休闲服务;休闲场所;休闲场所,武侯区,104.040008,30.591608,1
成都理想网络,sports,体育休闲服务;体育休闲服务场所;体育休闲服务场所,武侯区,104.034322,30.595032,1
美州极限运动公园,sports,体育休闲服务;体育休闲服务场所;体育休闲服务场所,武侯区,104.039286,30.597853,1
大雄家酒餐吧,sports,体育休闲服务;娱乐场所;酒吧,武侯区,104.052597,30.595272,3
童话趣园室内游乐园,sports,体育休闲服务;休闲场所;游乐场,武侯区,104.052142,30.598526,2
柔莲花瑜伽馆,sports,体育休闲服务;运动场馆;健身中心,武侯区,104.047271,30.595186,1
优客吧,sports,体育休闲服务;体育休闲服务场所;体育休闲服务场所,武侯区,104.052975,30.59012,11
Top Beer主题啤酒馆,sports,体育休闲服务;娱乐场所;酒吧,武侯区,104.053442,30.592696,1
南城荟会所,sports,体育休闲服务;娱乐场所;娱乐场所,武侯区,104.050466,30.594915,1
南城都汇会所,sports,体育休闲服务;娱乐场所;娱乐场所,武侯区,104.051721,30.593922,1
成都车玲羽毛球俱乐部,sports,体育休闲服务;运动场馆;运动场所,武侯区,104.060399,30.594524,6
机麻,sports,体育休闲服务;体育休闲服务场所;体育休闲服务场所,武侯区,104.059853,30.597924,8
成都职业技术学院高新校区足球场,sports,体育休闲服务;运动场馆;足球场,武侯区,104.060676,30.595609,1
天地网络,sports,体育休闲服务;体育休闲服务场所;体育休闲服务场所,武侯区,104.062523,30.592386,8
太平洋网吧(益州大道北段),sports,体育休闲服务;娱乐场所;网吧,武侯区,104.058496,30.597318,1
果冻游戏,sports,体育休闲服务;体育休闲服务场所;体育休闲服务场所,武侯区,104.063136,30.596336,1
高格领航国际量贩KTV,sports,体育休闲服务;娱乐场所;KTV,武侯区,104.067848,30.595481,1
盟城网络,sports,体育休闲服务;娱乐场所;网吧,武侯区,104.071581,30.595244,8
37度8酒吧,sports,体育休闲服务;娱乐场所;酒吧,武侯区,104.067714,30.594398,2
君豪酒店-瑜伽室,sports,体育休闲服务;运动场馆;运动场所,武侯区,104.067875,30.591705,4
成都高新豪生大酒店-游泳池,sports,体育休闲服务;运动场馆;游泳馆,武侯区,104.067136,30.592722,2
网球场,sports,体育休闲服务;运动场馆;网球场,武侯区,104.068236,30.59821,2
艾仕体能特训站,sports,体育休闲服务;运动场馆;健身中心,武侯区,104.06414,30.593071,1
香蕉健身私教工作室,sports,体育休闲服务;运动场馆;健身中心,武侯区,104.071344,30.598364,1
水晶会馆,sports,体育休闲服务;体育休闲服务场所;体育休闲服务场所,武侯区,104.071452,30.593268,1
五卅会所,sports,体育休闲服务;体育休闲服务场所;体育休闲服务场所,武侯区,104.072367,30.597773,1
塞北雪茗茶棋牌,sports,体育休闲服务;娱乐场所;棋牌室,武侯区,104.07423,30.593291,2
新元素篮球公园,sports,体育休闲服务;运动场馆;篮球场馆,武侯区,104.074173,30.595438,4
博瑞游戏,sports,体育休闲服务;体育休闲服务场所;体育休闲服务场所,锦江区,104.082483,30.589787,1
铭人网咖,sports,体育休闲服务;娱乐场所;网吧,锦江区,104.095664,30.59151,2
主流网吧(楠丰路),sports,体育休闲服务;娱乐场所;网吧,锦江区,104.097376,30.591434,1
星宇网吧,sports,体育休闲服务;娱乐场所;网吧,锦江区,104.093685,30.595196,1
馨园网咖,sports,体育休闲服务;娱乐场所;网吧,锦江区,104.096928,30.590467,1
时空引擎引领时空网络会所,sports,体育休闲服务;娱乐场所;网吧,锦江区,104.094774,30.590686,1
乐福养老中心,sports,体育休闲服务;体育休闲服务场所;体育休闲服务场所,锦江区,104.102563,30.599254,1
三姐麻将馆,sports,体育休闲服务;娱乐场所;棋牌室,锦江区,104.100847,30.596095,1
银帆网吧,sports,体育休闲服务;娱乐场所;网吧,锦江区,104.10635,30.595895,2
逸景网咖,sports,体育休闲服务;娱乐场所;网吧,锦江区,104.113205,30.591205,3
麦卡KTV(锦城逸景店),sports,体育休闲服务;娱乐场所;KTV,锦江区,104.110391,30.593933,1
锦城逸景民风民俗活动广场,sports,体育休闲服务;休闲场所;休闲场所,锦江区,104.113184,30.595868,1
上下网吧,sports,体育休闲服务;娱乐场所;网吧,锦江区,104.104485,30.596039,1
山林网咖,sports,体育休闲服务;娱乐场所;网吧,锦江区,104.104448,30.594034,4
湘北网咖,sports,体育休闲服务;娱乐场所;网吧,锦江区,104.110642,30.590816,1
欧毖网咖,sports,体育休闲服务;娱乐场所;网吧,锦江区,104.112882,30.593034,1
梵逸瑜伽(锦城逸景店),sports,体育休闲服务;运动场馆;健身中心,锦江区,104.111519,30.594746,1
锦欣久久乐龄康养中心,sports,体育休闲服务;度假疗养场所;疗养院,锦江区,104.110968,30.595911,1
隐约,sports,餐饮服务;中餐厅;中餐厅|餐饮服务;休闲餐饮场所;休闲餐饮场所|体育休闲服务;休闲场所;休闲场所,锦江区,104.133056,30.589245,11
曲成园(赏梅路),sports,体育休闲服务;休闲场所;休闲场所,锦江区,104.12905,30.590012,2
国学精品动物园,sports,风景名胜;公园广场;动物园|体育休闲服务;休闲场所;休闲场所,锦江区,104.127727,30.59117,1
清尘瑜伽会所,sports,体育休闲服务;运动场馆;健身中心,锦江区,104.132865,30.598782,2
桫椤网吧,sports,体育休闲服务;娱乐场所;网吧,锦江区,104.139224,30.592155,2
风景独好(滨湖路),sports,体育休闲服务;休闲场所;休闲场所,锦江区,104.13468,30.591211,1
华都美林湾游泳池,sports,体育休闲服务;运动场馆;游泳馆,锦江区,104.1362,30.591594,1
牛头网咖,sports,体育休闲服务;娱乐场所;网吧,锦江区,104.13572,30.594015,1
伊梵瑜伽,sports,体育休闲服务;运动场馆;健身中心,锦江区,104.136008,30.599199,1
翠湖春早,sports,体育休闲服务;休闲场所;休闲场所,锦江区,104.13557,30.590071,1
邦林健身,sports,体育休闲服务;运动场馆;健身中心,锦江区,104.139755,30.59765,2
顶峰健身(成都锦江店),sports,体育休闲服务;运动场馆;健身中心,锦江区,104.143242,30.597815,1
常乐茶居,sports,体育休闲服务;娱乐场所;棋牌室,锦江区,104.138759,30.595895,1
88号足球训练会馆,sports,体育休闲服务;运动场馆;足球场,锦江区,104.1342,30.594045,1
蕊鑫苑,sports,餐饮服务;中餐厅;中餐厅|体育休闲服务;休闲场所;休闲场所,锦江区,104.15409,30.591223,3
欧毖网络生活馆,sports,体育休闲服务;体育休闲服务场所;体育休闲服务场所,锦江区,104.146695,30.593481,1
牛棚,sports,体育休闲服务;娱乐场所;KTV,锦江区,104.161886,30.59064,12
时光漫漫,sports,体育休闲服务;休闲场所;休闲场所,锦江区,104.156264,30.591436,4
一善山庄,sports,体育休闲服务;休闲场所;休闲场所,锦江区,104.156641,30.593072,2
老柴火蓉舒苑(分店),sports,体育休闲服务;休闲场所;休闲场所,锦江区,104.157269,30.589783,1
三兴园,sports,体育休闲服务;休闲场所;休闲场所,锦江区,104.164398,30.592232,2
友情天地KTV,sports,体育休闲服务;娱乐场所;KTV,武侯区,103.971213,30.581323,1
九灸网吧,sports,体育休闲服务;娱乐场所;网吧,武侯区,103.966472,30.583923,2
我们的故事Bar,sports,体育休闲服务;娱乐场所;酒吧,武侯区,103.968366,30.57985,1
db cooper飞行者联盟,sports,体育休闲服务;体育休闲服务场所;体育休闲服务场所,武侯区,103.964813,30.582991,1
新界网吧,sports,体育休闲服务;娱乐场所;网吧,武侯区,103.973502,30.581448,2
四川寿而康养老,sports,体育休闲服务;度假疗养场所;疗养院,武侯区,103.965679,30.586588,1
成都武侯寿而康老年颐养中心,sports,体育休闲服务;体育休闲服务场所;体育休闲服务场所,武侯区,103.965466,30.589374,2
血战到底,sports,体育休闲服务;娱乐场所;棋牌室,武侯区,103.969929,30.585014,2
钓鱼场,sports,体育休闲服务;休闲场所;垂钓园,武侯区,103.964903,30.58106,1
兄弟麻将馆,sports,体育休闲服务;娱乐场所;棋牌室,武侯区,103.974867,30.581281,1
丰尚网吧(凉港二路),sports,体育休闲服务;娱乐场所;网吧,武侯区,103.974643,30.586538,1
浓园艺术村,sports,体育休闲服务;娱乐场所;娱乐场所,武侯区,103.984862,30.589071,2
综合体育馆,sports,体育休闲服务;运动场馆;综合体育馆,武侯区,104.003043,30.586623,7
月亮湾,sports,商务住宅;住宅区;住宅小区|体育休闲服务;休闲场所;休闲场所,武侯区,104.001476,30.589459,1
丘处鸡生态餐饮园,sports,体育休闲服务;休闲场所;休闲场所|餐饮服务;中餐厅;中餐厅,武侯区,104.002888,30.580861,1
成都体育学院航空港校区体育场,sports,体育休闲服务;运动场馆;综合体育馆,武侯区,104.004376,30.587581,1
成都体育学院航空港校区篮球场,sports,体育休闲服务;运动场馆;篮球场馆,武侯区,104.004132,30.583744,1
成都体育学院航空港校区网球场(美好·家园西北),sports,体育休闲服务;运动场馆;网球场,武侯区,104.004872,30.585953,1
成都体育学院航空港校区网球场(美好花园三期西北),sports,体育休闲服务;运动场馆;网球场,武侯区,104.006542,30.585848,1
月亮湾水上世界,sports,体育休闲服务;休闲场所;水上活动中心,武侯区,104.005337,30.584771,1
梦月亮生态园,sports,体育休闲服务;休闲场所;采摘园,武侯区,104.016116,30.587093,1
凉山在蓉老干部活动中心,sports,体育休闲服务;休闲场所;休闲场所,武侯区,104.017064,30.586385,1
美洲滑板公园,sports,体育休闲服务;运动场馆;运动场所,武侯区,104.030656,30.580579,3
蓝色沸点网咖(新园大道),sports,体育休闲服务;娱乐场所;网吧,武侯区,104.03354,30.587238,2
传神网吧(仁和南街),sports,体育休闲服务;娱乐场所;网吧,武侯区,104.028383,30.583222,1
致观网咖(石桥东街),sports,体育休闲服务;娱乐场所;网吧,武侯区,104.03174,30.585997,1
顺欣商务会所,sports,体育休闲服务;娱乐场所;娱乐场所,武侯区,104.027739,30.584865,2
新源六一网咖,sports,体育休闲服务;娱乐场所;网吧,武侯区,104.032765,30.586526,1
石羊敬老院,sports,体育休闲服务;度假疗养场所;疗养院,武侯区,104.030639,30.583503,1
美洲四季滑雪场,sports,体育休闲服务;运动场馆;滑雪场,武侯区,104.029232,30.580504,1
三元社区民情茶园老年活动中心,sports,体育休闲服务;休闲场所;休闲场所,武侯区,104.02933,30.584674,1
顶火车会,sports,体育休闲服务;体育休闲服务场所;体育休闲服务场所,武侯区,104.027301,30.587599,1
兴蕊休闲会所,sports,体育休闲服务;休闲场所;休闲场所,武侯区,104.036422,30.584459,1
港都歌城,sports,体育休闲服务;娱乐场所;KTV,武侯区,104.037006,30.585235,1
国防乐园,sports,体育休闲服务;休闲场所;休闲场所,武侯区,104.034323,30.588916,1
航鹏网咖,sports,体育休闲服务;娱乐场所;网吧,武侯区,104.034764,30.58008,2
在水一方,sports,体育休闲服务;休闲场所;休闲场所,武侯区,104.036455,30.586817,2
成都星宸网吧,sports,体育休闲服务;娱乐场所;网吧,武侯区,104.035433,30.582309,1
元华路干休所,sports,体育休闲服务;度假疗养场所;疗养院,武侯区,104.039386,30.580158,1
遇见W-CLUB,sports,体育休闲服务;娱乐场所;酒吧,武侯区,104.050917,30.585702,1
啤酒博士(锦尚西二路),sports,体育休闲服务;娱乐场所;酒吧|购物服务;专卖店;烟酒专卖店,武侯区,104.0509,30.581377,1
奔跑吧撕名牌联盟,sports,体育休闲服务;运动场馆;运动场所,武侯区,104.045035,30.584159,1
杰恩蓝闪吧,sports,体育休闲服务;娱乐场所;酒吧,武侯区,104.046623,30.580361,1
一梵瑜伽(高新店),sports,体育休闲服务;运动场馆;健身中心,武侯区,104.048083,30.580143,1
点融网,sports,体育休闲服务;体育休闲服务场所;体育休闲服务场所,武侯区,104.052579,30.584004,3
清健身(仁和春天花园店),sports,体育休闲服务;运动场馆;健身中心,武侯区,104.050042,30.588999,1
吉瑞南苑网球(锦尚西二路),sports,体育休闲服务;运动场馆;网球场,武侯区,104.053138,30.58049,1
博亚网络,sports,体育休闲服务;体育休闲服务场所;体育休闲服务场所,武侯区,104.053197,30.588152,1
四川中航航空俱乐部,sports,生活服务;旅行社;旅行社|体育休闲服务;体育休闲服务场所;体育休闲服务场所,武侯区,104.05906,30.585919,2
威克网咖,sports,体育休闲服务;娱乐场所;网吧,武侯区,104.059122,30.580539,5
梦根网咖,sports,体育休闲服务;娱乐场所;网吧,武侯区,104.06004,30.579517,1
菩提玉影,sports,体育休闲服务;娱乐场所;KTV,武侯区,104.058086,30.586475,1
极致游戏,sports,体育休闲服务;体育休闲服务场所;体育休闲服务场所,武侯区,104.058039,30.580335,1
云图俱乐部,sports,体育休闲服务;体育休闲服务场所;体育休闲服务场所,武侯区,104.065305,30.580672,1
尚道道场,sports,体育休闲服务;运动场馆;跆拳道场馆,锦江区,104.090427,30.588352,2
锦馨山庄,sports,餐饮服务;中餐厅;中餐厅|体育休闲服务;休闲场所;休闲场所,锦江区,104.100117,30.588525,1
石板凳休闲庄,sports,体育休闲服务;休闲场所;休闲场所|餐饮服务;中餐厅;中餐厅,锦江区,104.107682,30.583653,1
金港赛车场,sports,体育休闲服务;体育休闲服务场所;体育休闲服务场所,锦江区,104.117236,30.58605,2
凉山寨,sports,餐饮服务;中餐厅;特色/地方风味餐厅|体育休闲服务;休闲场所;休闲场所,锦江区,104.121372,30.588549,4
风玲农家乐,sports,体育休闲服务;休闲场所;休闲场所,锦江区,104.119476,30.579562,1
Dark Night,sports,体育休闲服务;体育休闲服务场所;体育休闲服务场所,锦江区,104.119891,30.587656,1
别院,sports,餐饮服务;中餐厅;中餐厅|体育休闲服务;休闲场所;休闲场所,锦江区,104.132765,30.583128,11
猪哥家常菜,sports,体育休闲服务;休闲场所;休闲场所,锦江区,104.133493,30.585464,1
三圣乡乔家大院(三圣乡店),sports,体育休闲服务;休闲场所;休闲场所,锦江区,104.133171,30.586364,1
梅林翠湖,sports,体育休闲服务;休闲场所;休闲场所,锦江区,104.126447,30.58926,1
玫瑰园(醉香路),sports,体育休闲服务;休闲场所;休闲场所,锦江区,104.131567,30.587062,1
东盛,sports,体育休闲服务;休闲场所;休闲场所,锦江区,104.128363,30.589002,1
城市猎人真人CS(三圣乡店),sports,体育休闲服务;娱乐场所;娱乐场所,锦江区,104.123583,30.584622,1
百合花园,sports,餐饮服务;中餐厅;中餐厅|体育休闲服务;休闲场所;休闲场所,锦江区,104.1367,30.586564,3
风雨长廊,sports,体育休闲服务;休闲场所;休闲场所,锦江区,104.136004,30.589165,1
太极人家,sports,体育休闲服务;运动场馆;运动场所|餐饮服务;中餐厅;中餐厅,锦江区,104.13659,30.584018,2
知春园农家乐,sports,体育休闲服务;休闲场所;休闲场所,锦江区,104.13815,30.582217,1
圣源山庄,sports,餐饮服务;中餐厅;中餐厅|体育休闲服务;休闲场所;休闲场所,锦江区,104.136985,30.585364,1
幸福里,sports,体育休闲服务;休闲场所;休闲场所,锦江区,104.135868,30.58006,1
山里边黑猪肉体验馆,sports,体育休闲服务;休闲场所;休闲场所,锦江区,104.141748,30.581984,1
四季醉农家乐,sports,体育休闲服务;休闲场所;休闲场所,锦江区,104.143029,30.580805,1
幸福春天(三圣乡店),sports,体育休闲服务;休闲场所;休闲场所,锦江区,104.136305,30.587683,1
三圣乡钓鱼点,sports,体育休闲服务;休闲场所;垂钓园,锦江区,104.135793,30.585599,1
田园鸭嘴鱼农庄(簧柏路),sports,体育休闲服务;休闲场所;休闲场所,锦江区,104.147887,30.579939,1
国宝堂,sports,体育休闲服务;休闲场所;休闲场所,锦江区,104.152929,30.586062,1
峰林居农家乐,sports,体育休闲服务;休闲场所;休闲场所,锦江区,104.150954,30.586408,1
滙丰花园,sports,体育休闲服务;休闲场所;休闲场所,锦江区,104.152991,30.587346,2
刘姐麻将馆,sports,体育休闲服务;体育休闲服务场所;体育休闲服务场所,锦江区,104.150237,30.583667,1
三圣街道驸马社区市民活动中心,sports,体育休闲服务;休闲场所;休闲场所,锦江区,104.144828,30.583837,1
圣花园,sports,体育休闲服务;休闲场所;休闲场所,锦江区,104.160276,30.587733,23
刘家花园,sports,体育休闲服务;休闲场所;休闲场所,锦江区,104.15978,30.581575,1
御泽堂,sports,体育休闲服务;休闲场所;休闲场所,锦江区,104.158602,30.585771,1
佳馨花园,sports,体育休闲服务;休闲场所;休闲场所,锦江区,104.153877,30.588634,1
牡丹生态园,sports,体育休闲服务;休闲场所;休闲场所,锦江区,104.155708,30.588034,1
田园居生态园,sports,体育休闲服务;休闲场所;休闲场所,锦江区,104.161814,30.589351,1
蜀仙园,sports,体育休闲服务;休闲场所;休闲场所,锦江区,104.155185,30.583511,4
蓬莱苑,sports,体育休闲服务;休闲场所;休闲场所,锦江区,104.154679,30.585965,4
半坡居阳光木屋,sports,体育休闲服务;休闲场所;休闲场所,锦江区,104.157642,30.585269,1
天圆山庄,sports,体育休闲服务;休闲场所;休闲场所,锦江区,104.162972,30.588851,1
水岸花苑,sports,体育休闲服务;休闲场所;休闲场所,锦江区,104.156281,30.584771,6
繁华生态园,sports,体育休闲服务;休闲场所;休闲场所,锦江区,104.155667,30.589045,1
马帮寨,sports,体育休闲服务;休闲场所;休闲场所,锦江区,104.157043,30.581905,1
怡园(杜英路),sports,体育休闲服务;休闲场所;休闲场所,锦江区,104.162731,30.586231,1
叠翠苑,sports,体育休闲服务;休闲场所;休闲场所,锦江区,104.15863,30.584472,1
成都锦欣花乡老年公寓,sports,体育休闲服务;度假疗养场所;疗养院,锦江区,104.158733,30.582604,1
瑞苑,sports,体育休闲服务;休闲场所;休闲场所,锦江区,104.157106,30.5888,1
蜀仙园真人CS,sports,体育休闲服务;娱乐场所;娱乐场所,锦江区,104.15431,30.58223,1
三圣上渔塘,sports,体育休闲服务;休闲场所;垂钓园,锦江区,104.15734,30.586838,1
