name,category,type,district,wgs_lng,wgs_lat
小象艺术,edu,科教文化服务;美术馆;美术馆,金牛区,103.973672,30.733908
成都高新皇冠假日酒店-会议厅,edu,科教文化服务;会展中心;会展中心,金牛区,103.971674,30.731028
I2国际私塾,edu,科教文化服务;培训机构;培训机构,金牛区,103.978115,30.733589
优佳成长教育,edu,科教文化服务;培训机构;培训机构,金牛区,103.977831,30.734346
I2国际私塾(百草路东),edu,科教文化服务;培训机构;培训机构,金牛区,103.977781,30.734455
无忧教育,edu,科教文化服务;培训机构;培训机构,金牛区,103.974192,30.734197
成实外教育培训学校,edu,科教文化服务;培训机构;培训机构,金牛区,103.974352,30.734367
五粮村幼儿园(建设中),edu,科教文化服务;学校;幼儿园,金牛区,103.992679,30.732208
成都千盛文化传播有限公司,edu,科教文化服务;传媒机构;传媒机构,金牛区,103.99853,30.73187
西华街道综合文化活动室,edu,科教文化服务;文化宫;文化宫,金牛区,104.013335,30.73234
兴盛小学校,edu,科教文化服务;学校;小学,金牛区,104.013617,30.732121
成都市金牛区美乐思幼儿园,edu,科教文化服务;学校;幼儿园,金牛区,104.008262,30.732198
谭颖舞蹈艺术,edu,科教文化服务;美术馆;美术馆,金牛区,104.007613,30.73879
童画镇文艺工作室,edu,科教文化服务;科教文化场所;科教文化场所,金牛区,104.009292,30.737883
领跑艺体,edu,科教文化服务;培训机构;培训机构,金牛区,104.013217,30.732232
悦音艺校(盛金路),edu,科教文化服务;培训机构;培训机构,金牛区,104.013217,30.732232
美家教育,edu,科教文化服务;培训机构;培训机构,金牛区,104.007578,30.738819
轩艺艺校,edu,科教文化服务;培训机构;培训机构,金牛区,104.013217,30.732232
戴氏教育(兴盛总校),edu,科教文化服务;培训机构;培训机构,金牛区,104.012359,30.73221
翰林名师教育,edu,科教文化服务;培训机构;培训机构,金牛区,104.013217,30.732232
泛美英语,edu,科教文化服务;培训机构;培训机构,金牛区,104.013217,30.732232
成都七中万达学校,edu,科教文化服务;学校;中学,金牛区,104.016897,30.733264
金牛实验幼儿园,edu,科教文化服务;学校;幼儿园,金牛区,104.013894,30.732753
西泉幼儿园,edu,科教文化服务;学校;幼儿园,金牛区,104.013901,30.732751
金牛区社区母亲课堂,edu,科教文化服务;培训机构;培训机构,金牛区,104.013783,30.732801
成都铁中府河校区,edu,科教文化服务;学校;中学,金牛区,104.024108,30.729909
成都市第四幼儿园府河园区,edu,科教文化服务;学校;幼儿园,金牛区,104.024082,30.731213
成都斯玛特艺术幼儿园,edu,科教文化服务;学校;幼儿园,金牛区,104.029219,30.731765
优博智胜教育中心,edu,科教文化服务;科教文化场所;科教文化场所,金牛区,104.025022,30.731083
领跑艺体(府河校区),edu,科教文化服务;培训机构;培训机构,金牛区,104.028887,30.730147
趣佳优教育,edu,科教文化服务;培训机构;培训机构,金牛区,104.028887,30.730147
大师教育,edu,科教文化服务;培训机构;培训机构,金牛区,104.025127,30.732808
MUMA舞蹈培训中心,edu,科教文化服务;培训机构;培训机构,金牛区,104.02804,30.731456
四川省景观造型艺术研究所,edu,科教文化服务;科研机构;科研机构,金牛区,104.027946,30.734404
斯马特艺术幼儿园,edu,科教文化服务;学校;幼儿园,金牛区,104.027233,30.731015
假桥小学幼儿园,edu,科教文化服务;学校;幼儿园,金牛区,104.037203,30.737996
顺邦文化传播,edu,科教文化服务;科教文化场所;科教文化场所,金牛区,104.046497,30.729758
四川星蜀漫文化传播有限公司,edu,科教文化服务;科教文化场所;科教文化场所,金牛区,104.047127,30.731498
金建小学校,edu,科教文化服务;学校;小学,金牛区,104.051553,30.732935
华侨城沃顿幼儿园(筹),edu,科教文化服务;学校;幼儿园,金牛区,104.047186,30.73033
戴氏精品堂学校(古柏路),edu,科教文化服务;培训机构;培训机构,金牛区,104.049358,30.738236
成都建筑学校,edu,科教文化服务;科教文化场所;科教文化场所,金牛区,104.052445,30.731796
戴氏教育(成彭立交分部),edu,科教文化服务;培训机构;培训机构,金牛区,104.044886,30.734194
沙河源街道川建社区图书阅览室,edu,科教文化服务;科教文化场所;科教文化场所,金牛区,104.05146,30.734542
兴义镇美术馆,edu,科教文化服务;美术馆;美术馆,金牛区,104.045996,30.731238
沙河源街道综合文化活动中心,edu,科教文化服务;天文馆;天文馆,金牛区,104.056154,30.733583
泉水路小学校,edu,科教文化服务;学校;小学,金牛区,104.060983,30.730598
交大智能盛梅幼儿园,edu,科教文化服务;学校;幼儿园,金牛区,104.053733,30.734445
沙河源街道社区市民学校,edu,科教文化服务;学校;学校,金牛区,104.056154,30.733583
乖乖双语幼儿园,edu,科教文化服务;学校;幼儿园,金牛区,104.060115,30.736106
新思维学校(泉水分校),edu,科教文化服务;培训机构;培训机构,金牛区,104.059618,30.733237
单石桥小学,edu,科教文化服务;学校;小学,金牛区,104.06862,30.735677
四点半学校凤凰小学分校,edu,科教文化服务;学校;小学,金牛区,104.068709,30.735666
四川省陆上运动学校,edu,科教文化服务;学校;职业技术学校,金牛区,104.089131,30.733729
开心智能幼儿园(蜀陵路),edu,科教文化服务;学校;幼儿园,成华区,104.109862,30.731101
乐通教育,edu,科教文化服务;培训机构;培训机构,金牛区,104.105754,30.735187
欧普空间美学,edu,科教文化服务;培训机构;培训机构,金牛区,104.110757,30.738245
成都市红花实验学校,edu,科教文化服务;学校;学校,成华区,104.119589,30.737655
成都市成华区青龙和谐学校,edu,科教文化服务;学校;学校,成华区,104.115496,30.732686
成都市成华区三证学生接收学校,edu,科教文化服务;科教文化场所;科教文化场所,成华区,104.11535,30.732779
熊猫路小学(熊猫大道),edu,科教文化服务;学校;小学,成华区,104.135575,30.729827
成都大熊猫繁育研究基地熊猫科学探秘馆,edu,科教文化服务;科研机构;科研机构|科教文化服务;博物馆;博物馆|科教文化服务;科技馆;科技馆,成华区,104.141517,30.73678
日本大学成都大熊猫研究所,edu,科教文化服务;科研机构;科研机构,成华区,104.1416,30.737085
大熊猫保护生物学国际研究中心,edu,科教文化服务;科研机构;科研机构,成华区,104.1416,30.737085
成都大熊猫繁育研究基地实验室,edu,科教文化服务;科研机构;科研机构,成华区,104.1416,30.737085
成都大熊猫繁育研究基地办公楼,edu,科教文化服务;科研机构;科研机构,成华区,104.142615,30.736292
成都大熊猫繁育研究基地博士后科研工作站,edu,科教文化服务;科研机构;科研机构,成华区,104.1416,30.737085
四川省濒危野生动物保护生物学省部共建实验室科学技术部,edu,科教文化服务;科研机构;科研机构,成华区,104.1416,30.737085
成都大熊猫繁育研究基地-蝴蝶馆,edu,科教文化服务;展览馆;展览馆,成华区,104.14312,30.735315
株式会社OSG Corporation成都大熊猫繁育研究基地功能水共同研究中心,edu,科教文化服务;科研机构;科研机构,成华区,104.1416,30.737085
大熊猫博物馆,edu,科教文化服务;博物馆;博物馆|科教文化服务;展览馆;展览馆,成华区,104.14395,30.735987
成都外国语学校高三校区,edu,科教文化服务;学校;中学,金牛区,103.972468,30.729006
成都外国语学校附属幼稚园,edu,科教文化服务;学校;幼儿园,金牛区,103.97274,30.72859
成都外国语学校附属小学中海校区,edu,科教文化服务;学校;小学,金牛区,103.973335,30.728222
成外附小幼稚园,edu,科教文化服务;学校;幼儿园,金牛区,103.972739,30.728926
成都赶集好房文化传播有限公司,edu,科教文化服务;科教文化场所;科教文化场所,金牛区,103.978801,30.723855
鹰凡高尔夫体育文化传播有限公司,edu,科教文化服务;科教文化场所;科教文化场所,金牛区,103.977175,30.725226
成都快乐你我他文化传播有限公司,edu,科教文化服务;科教文化场所;科教文化场所,金牛区,103.982547,30.721901
天籁之音艺术培训(中海学校),edu,科教文化服务;培训机构;培训机构,金牛区,103.97871,30.722802
成都国际学校,edu,科教文化服务;学校;中学,金牛区,103.974777,30.727207
金苹果中海国际社区幼稚园,edu,科教文化服务;学校;幼儿园,金牛区,103.975943,30.722139
成都高新区西芯小学,edu,科教文化服务;学校;小学,金牛区,103.979579,30.721949
星瑞美丽华酒店-会议厅,edu,科教文化服务;会展中心;会展中心,金牛区,103.976607,30.726427
子规西庭酒店-会议厅,edu,科教文化服务;会展中心;会展中心,金牛区,103.979497,30.72252
丹艾斯舞蹈工作室,edu,科教文化服务;培训机构;培训机构,金牛区,103.97879,30.723902
丹秋·名师堂学校(阳光街),edu,科教文化服务;培训机构;培训机构|科教文化服务;学校;学校,金牛区,103.978819,30.7239
成都望子成龙学校,edu,科教文化服务;学校;学校,金牛区,103.978801,30.723855
贝尔机器人儿童学院(中海校区),edu,科教文化服务;学校;高等院校,金牛区,103.979577,30.72228
ICC国际儿童会(汇川街),edu,购物服务;专卖店;书店|科教文化服务;培训机构;培训机构,金牛区,103.978402,30.723009
成都爱思国际学校中海校区,edu,科教文化服务;学校;中学,金牛区,103.974777,30.727206
东方爱婴(中海国际店),edu,科教文化服务;培训机构;培训机构,金牛区,103.979524,30.723381
银河时光机器人,edu,科教文化服务;科教文化场所;科教文化场所,金牛区,103.97879,30.7239
川音大地音乐学校(中海分校),edu,科教文化服务;培训机构;培训机构,金牛区,103.97778,30.719742
名师培优教育,edu,科教文化服务;培训机构;培训机构,金牛区,103.9796,30.720243
成都高新区西芯小学-育心楼,edu,科教文化服务;科教文化场所;科教文化场所,金牛区,103.979787,30.721984
成都高新区西芯小学-创新楼,edu,科教文化服务;科教文化场所;科教文化场所,金牛区,103.9796,30.72196
沃尔·缇格语言学校,edu,科教文化服务;培训机构;培训机构,金牛区,103.979203,30.722385
成都市七彩乐教育中心,edu,科教文化服务;培训机构;培训机构,金牛区,103.974297,30.722948
国际私塾,edu,科教文化服务;培训机构;培训机构,金牛区,103.979995,30.722903
希萌沙画艺术工作室,edu,科教文化服务;培训机构;培训机构,金牛区,103.978049,30.720534
锦兰国际教保中心,edu,科教文化服务;培训机构;培训机构,金牛区,103.979484,30.7226
银河时光机器人中海国际校区,edu,科教文化服务;科教文化场所;科教文化场所,金牛区,103.979906,30.722988
夏加儿美术教育(阳光街),edu,科教文化服务;培训机构;培训机构,金牛区,103.979512,30.722818
新思维学校(中海国际校区),edu,科教文化服务;培训机构;培训机构,金牛区,103.98,30.722893
成都戴氏高考中考培训学校,edu,科教文化服务;培训机构;培训机构,金牛区,103.978801,30.723855
第壹舞蹈学校(中海国际校区),edu,科教文化服务;培训机构;培训机构,金牛区,103.978763,30.72399
红黄蓝亲子园(中海国际店),edu,科教文化服务;培训机构;培训机构,金牛区,103.979569,30.722841
国际私塾,edu,科教文化服务;培训机构;培训机构,金牛区,103.97879,30.7239
银波教育,edu,科教文化服务;培训机构;培训机构,金牛区,103.979314,30.72316
中国中铁二局工程机械学校,edu,科教文化服务;学校;学校,金牛区,103.986856,30.725513
成博文武学校,edu,科教文化服务;学校;学校,金牛区,103.986513,30.722293
成都铁路技工学校,edu,科教文化服务;学校;职业技术学校,金牛区,103.986856,30.725513
新东方烹饪学校,edu,科教文化服务;学校;职业技术学校,金牛区,103.987736,30.72306
成都伟特电气研究所,edu,科教文化服务;科研机构;科研机构,金牛区,103.991504,30.721218
成都艾迪康医学检测实验室,edu,科教文化服务;科研机构;科研机构,金牛区,103.987744,30.721599
中铁二局特种作业培训中心,edu,科教文化服务;培训机构;培训机构,金牛区,103.986856,30.725513
成都神力工程机械职业技能培训学校,edu,科教文化服务;培训机构;培训机构,金牛区,103.986856,30.725513
新东方培训学校,edu,科教文化服务;培训机构;培训机构,金牛区,103.987463,30.723084
金牛中学,edu,科教文化服务;学校;中学,金牛区,104.001292,30.727281
金泉小学校,edu,科教文化服务;学校;小学,金牛区,104.002222,30.726205
成都市金牛区机关二幼金周园区,edu,科教文化服务;学校;幼儿园,金牛区,104.001562,30.725949
金牛区双何幼儿园,edu,科教文化服务;学校;幼儿园,金牛区,103.995168,30.724361
成都衢上文化传播有限公司,edu,科教文化服务;科教文化场所;科教文化场所,金牛区,104.010551,30.722508
浩浩鉴习文化艺术中心,edu,科教文化服务;科教文化场所;科教文化场所,金牛区,104.005099,30.724541
易园园林博物馆,edu,科教文化服务;博物馆;博物馆,金牛区,104.012531,30.720309
易园园林博物馆,edu,科教文化服务;博物馆;博物馆,金牛区,104.011296,30.719785
和悦艺术馆,edu,科教文化服务;展览馆;展览馆,金牛区,104.004203,30.721331
成都金榜起点教育,edu,科教文化服务;培训机构;培训机构,金牛区,104.005669,30.724272
成都市民道德讲堂,edu,科教文化服务;培训机构;培训机构,金牛区,104.00573,30.72432
乐知书院,edu,科教文化服务;培训机构;培训机构,金牛区,104.011296,30.719785
浩浩教育,edu,科教文化服务;培训机构;培训机构,金牛区,104.005277,30.724406
星高艺艺术培训学校,edu,科教文化服务;培训机构;培训机构,金牛区,104.00526,30.725773
青杠社区综合文化活动室,edu,科教文化服务;文化宫;文化宫,金牛区,104.022186,30.728387
四川电影电视学院金牛校区,edu,科教文化服务;学校;高等院校,金牛区,104.022154,30.723842
人民北路小学·华侨城校区,edu,科教文化服务;学校;小学,金牛区,104.022295,30.721698
四川师范大学电影电视学院,edu,科教文化服务;学校;高等院校,金牛区,104.02223,30.725941
四川电影电视学院(金牛校区)-教授楼,edu,科教文化服务;学校;高等院校,金牛区,104.022374,30.722586
金苹果华侨城幼稚园,edu,科教文化服务;学校;幼儿园,金牛区,104.021049,30.720288
瓦子林幼儿园,edu,科教文化服务;学校;幼儿园,金牛区,104.013807,30.726648
成都兴岷江电热应用研究所,edu,科教文化服务;科研机构;科研机构,金牛区,104.013671,30.72697
四川电影电视学院(金牛校区)化装系,edu,科教文化服务;学校;高等院校,金牛区,104.021214,30.721294
四川电影电视学院金牛校区-图书馆,edu,科教文化服务;图书馆;图书馆,金牛区,104.0207,30.72259
四川省变频自动化系统技术研究所,edu,科教文化服务;科研机构;科研机构,金牛区,104.015956,30.725458
四川电影电视学院金牛校区-戏剧影视,edu,科教文化服务;科教文化场所;科教文化场所,金牛区,104.020923,30.721485
魅尔文化艺术教育,edu,科教文化服务;培训机构;培训机构,金牛区,104.030741,30.720719
四川电影电视学院金牛校区(东北门),edu,科教文化服务;学校;高等院校|通行设施;临街院门;临街院门,金牛区,104.023797,30.726605
贝艺登幼儿园,edu,科教文化服务;学校;幼儿园,金牛区,104.026486,30.729096
雅生双语托管,edu,科教文化服务;培训机构;培训机构,金牛区,104.030914,30.720632
武道联盟,edu,体育休闲服务;运动场馆;运动场所|科教文化服务;培训机构;培训机构,金牛区,104.027422,30.729355
伯尔尼国际教育,edu,科教文化服务;培训机构;培训机构,金牛区,104.030741,30.720719
贝艺登幼儿教育培训机构,edu,科教文化服务;学校;幼儿园|科教文化服务;培训机构;培训机构,金牛区,104.026333,30.729183
成都鼎蓉文化传播有限公司,edu,科教文化服务;科教文化场所;科教文化场所,金牛区,104.040649,30.719759
四川朗阅文化传播有限公司,edu,科教文化服务;科教文化场所;科教文化场所,金牛区,104.040836,30.719873
时代英语杂志社,edu,科教文化服务;传媒机构;杂志社,金牛区,104.040649,30.719759
成都金府华美达大酒店-会议厅,edu,科教文化服务;会展中心;会展中心,金牛区,104.041372,30.719723
成都华侨城国际影像艺术中心,edu,科教文化服务;展览馆;展览馆,金牛区,104.036998,30.724353
华侨城(成都)视觉艺术中心,edu,科教文化服务;展览馆;展览馆,金牛区,104.035642,30.722903
中国·企业家日报社,edu,科教文化服务;传媒机构;报社,金牛区,104.043517,30.726393
四川民族教育报社,edu,科教文化服务;传媒机构;报社,金牛区,104.043517,30.726393
广东省冶金建筑设计研究院,edu,科教文化服务;科研机构;科研机构,金牛区,104.041362,30.719445
红彩翔教育,edu,科教文化服务;培训机构;培训机构,金牛区,104.040574,30.720066
金蝶软件教育培训中心,edu,科教文化服务;培训机构;培训机构,金牛区,104.040649,30.719759
成都市第四十四中学校,edu,科教文化服务;学校;中学,金牛区,104.04949,30.723612
沙河源小学校,edu,科教文化服务;学校;小学,金牛区,104.052213,30.724222
成都市洞子口职业高级中学校,edu,科教文化服务;学校;职业技术学校,金牛区,104.04962,30.724176
沙河源和平幼儿园,edu,科教文化服务;学校;幼儿园,金牛区,104.051793,30.724768
成都影像艺术馆,edu,科教文化服务;展览馆;展览馆,金牛区,104.043954,30.722967
舞韵专业舞蹈瑜伽馆,edu,科教文化服务;培训机构;培训机构,金牛区,104.053344,30.724917
成都市洞子口职业高中,edu,科教文化服务;学校;职业技术学校,金牛区,104.049933,30.723441
成都市红孩儿幼儿园,edu,科教文化服务;学校;幼儿园,金牛区,104.049101,30.726179
开心萨姆英语培训学校,edu,科教文化服务;科教文化场所;科教文化场所,金牛区,104.052481,30.724491
浣笔学堂,edu,科教文化服务;培训机构;培训机构,金牛区,104.053036,30.725105
成都市民道德讲堂,edu,科教文化服务;培训机构;培训机构,金牛区,104.052443,30.72396
英语艺术培训中心,edu,科教文化服务;培训机构;培训机构,金牛区,104.052497,30.724554
成都金牛区职教中心,edu,科教文化服务;学校;职业技术学校,金牛区,104.049505,30.72361
一度教育(中环路洞子口路段),edu,科教文化服务;培训机构;培训机构,金牛区,104.052473,30.724877
开心莎姆英语艺术培训学校(成都分校),edu,科教文化服务;培训机构;培训机构,金牛区,104.052559,30.724433
四川师范大学教育学学院学前教育专业自考教学点,edu,科教文化服务;学校;成人教育,金牛区,104.049505,30.72361
博卡拉顿泉水幼儿园,edu,科教文化服务;学校;幼儿园,金牛区,104.062737,30.729088
源泉幼儿园(和平街),edu,科教文化服务;学校;幼儿园,金牛区,104.061675,30.722981
愽卡拉顿泉水幼儿园,edu,科教文化服务;学校;幼儿园,金牛区,104.060006,30.728977
酷索依琴行,edu,科教文化服务;培训机构;培训机构,金牛区,104.053904,30.724835
金阳艺术培训,edu,科教文化服务;培训机构;培训机构,金牛区,104.056268,30.72372
鸿鹄优翼教育,edu,科教文化服务;培训机构;培训机构,金牛区,104.060073,30.72532
萌升教育咨询有限公司,edu,科教文化服务;培训机构;培训机构,金牛区,104.057389,30.724791
金立方教育,edu,科教文化服务;培训机构;培训机构,金牛区,104.055444,30.724574
云汉网络传媒有限责任公司,edu,科教文化服务;科教文化场所;科教文化场所,金牛区,104.059547,30.719952
成都川藏行文化传播有限公司,edu,科教文化服务;科教文化场所;科教文化场所,金牛区,104.063039,30.724986
和平地区王贾桥小学,edu,科教文化服务;学校;小学,金牛区,104.068898,30.721255
金韵幼儿园,edu,科教文化服务;学校;幼儿园,金牛区,104.064376,30.721231
金草地幼儿园,edu,科教文化服务;学校;幼儿园,金牛区,104.06813,30.721826
成都市民道德讲堂,edu,科教文化服务;培训机构;培训机构,金牛区,104.068886,30.721439
一度教育,edu,科教文化服务;培训机构;培训机构,金牛区,104.064913,30.721974
泓宇舞蹈,edu,科教文化服务;培训机构;培训机构,金牛区,104.067877,30.719833
四川艺彬文化传播有限公司,edu,科教文化服务;科教文化场所;科教文化场所,金牛区,104.075179,30.724215
成都市红花学校,edu,科教文化服务;学校;学校,金牛区,104.080922,30.720013
梧桐小学校,edu,科教文化服务;学校;小学,金牛区,104.080922,30.720013
梦工坊,edu,科教文化服务;培训机构;培训机构,金牛区,104.074154,30.720592
静语斋青少年书画培训,edu,科教文化服务;培训机构;培训机构,金牛区,104.074204,30.723396
金韦社区未成年人心理辅导中心,edu,科教文化服务;培训机构;培训机构,金牛区,104.076633,30.720388
成都市成华区红花学校,edu,科教文化服务;学校;小学,成华区,104.086595,30.720398
蓝天幼儿园,edu,科教文化服务;学校;幼儿园,金牛区,104.098818,30.725478
美当创艺美术馆,edu,科教文化服务;美术馆;美术馆,成华区,104.101039,30.719507
同心缘壁纸·成都培训中心,edu,科教文化服务;培训机构;培训机构,成华区,104.100864,30.719483
光亚儿童学校,edu,科教文化服务;学校;幼儿园,成华区,104.112268,30.724544
四川勤思特教育,edu,科教文化服务;培训机构;培训机构,成华区,104.111361,30.728341
儿童素质教育孵化中心,edu,科教文化服务;培训机构;培训机构,成华区,104.112128,30.724594
白莲社区幼稚园,edu,科教文化服务;学校;幼儿园,成华区,104.110858,30.728123
青龙乡白莲池小学校,edu,科教文化服务;学校;小学,成华区,104.12012,30.722127
拱辰白莲小学,edu,科教文化服务;学校;小学,成华区,104.121039,30.723943
通威集团水产研究所,edu,科教文化服务;科研机构;科研机构,成华区,104.115754,30.725754
白莲实验幼儿园,edu,科教文化服务;学校;幼儿园,成华区,104.120105,30.722186
启蒙幼儿园,edu,科教文化服务;学校;幼儿园,成华区,104.132463,30.726548
金太阳幼儿园(熊猫大道),edu,科教文化服务;学校;幼儿园,成华区,104.12717,30.723525
幸福域文化传播,edu,科教文化服务;科教文化场所;科教文化场所,成华区,104.136378,30.728271
成都瑞贝卡文化传播有限公司,edu,科教文化服务;科教文化场所;科教文化场所,成华区,104.145608,30.719822
加州阳光田园幼儿园,edu,科教文化服务;学校;幼儿园,成华区,104.165959,30.719618
玉珏拉丁舞培训中心,edu,科教文化服务;培训机构;培训机构,成华区,104.163971,30.721631
成都天府职业技术学校,edu,科教文化服务;学校;职业技术学校,金牛区,103.970242,30.716135
成都师范学院美术系五月花教学部,edu,科教文化服务;学校;高等院校,金牛区,103.965621,30.717567
五月花烹饪学校,edu,科教文化服务;学校;成人教育,金牛区,103.965621,30.717568
成都师范学院信息科学系五月花教学部,edu,科教文化服务;学校;高等院校,金牛区,103.965621,30.717567
成都师范学院电子工程系五月花教学部,edu,科教文化服务;学校;高等院校,金牛区,103.965621,30.717568
华西卫校护理,edu,科教文化服务;科教文化场所;科教文化场所,金牛区,103.970243,30.716136
成都颖客文化传播有限公司,edu,科教文化服务;科教文化场所;科教文化场所,金牛区,103.9797,30.709802
瑞河酒店-会议厅,edu,科教文化服务;会展中心;会展中心,金牛区,103.976897,30.710504
成都市金牛区大拇指幼儿园,edu,科教文化服务;学校;幼儿园,金牛区,103.979528,30.710252
成都联合汽车学校,edu,科教文化服务;学校;学校,金牛区,103.980975,30.71904
成都市民道德讲堂,edu,科教文化服务;培训机构;培训机构,金牛区,103.978,30.711037
成都汽车商会就业培训中心,edu,科教文化服务;培训机构;培训机构,金牛区,103.980975,30.71904
华南师范大学诺贝尔多媒体课程实验基地,edu,科教文化服务;科教文化场所;科教文化场所,金牛区,103.979536,30.710109
成都哈哈文化传播有限公司,edu,科教文化服务;科教文化场所;科教文化场所,金牛区,103.989117,30.717072
成都语汇文化传播有限公司,edu,科教文化服务;科教文化场所;科教文化场所,金牛区,103.986659,30.719005
盛大国际启源文化传播有限公司,edu,科教文化服务;科教文化场所;科教文化场所,金牛区,103.988645,30.718887
精舞艺术中心,edu,科教文化服务;培训机构;培训机构,金牛区,103.990435,30.711404
金科路小学校,edu,科教文化服务;学校;小学,金牛区,103.984264,30.710757
金宝宝双语幼儿园(金科苑东街),edu,科教文化服务;学校;幼儿园,金牛区,103.987239,30.713153
炼化企业信息化联合实验室,edu,科教文化服务;科研机构;科研机构,金牛区,103.990832,30.718344
民族研究所,edu,科教文化服务;科研机构;科研机构,金牛区,103.991245,30.713689
艺蒙美术,edu,科教文化服务;培训机构;培训机构,金牛区,103.991747,30.710338
艾比斯国际英语,edu,科教文化服务;培训机构;培训机构,金牛区,103.993253,30.711374
望子成龙学校(高家庄校区),edu,科教文化服务;培训机构;培训机构,金牛区,103.990978,30.711554
佳音英语(羊犀分校),edu,科教文化服务;培训机构;培训机构,金牛区,103.990712,30.711173
三都博物馆,edu,科教文化服务;博物馆;博物馆,金牛区,104.002378,30.711609
雅风(当代艺术)画廊,edu,科教文化服务;科教文化场所;科教文化场所,金牛区,104.000685,30.71177
金妞妞幼儿园,edu,科教文化服务;学校;幼儿园,金牛区,104.001249,30.713308
消防时代杂志社,edu,科教文化服务;传媒机构;杂志社,金牛区,103.99546,30.717103
郦湾国际酒店-会议厅,edu,科教文化服务;会展中心;会展中心,金牛区,103.996615,30.715561
斯坦福幼儿园,edu,科教文化服务;学校;幼儿园,金牛区,103.996932,30.709724
公安部四川消防研究所(金科南路),edu,科教文化服务;科研机构;科研机构,金牛区,103.995595,30.718425
戴氏精品堂学校迎宾总校,edu,科教文化服务;科教文化场所;科教文化场所,金牛区,103.997933,30.714423
信丰县文化艺术中心,edu,科教文化服务;美术馆;美术馆,金牛区,104.003052,30.712002
不言文化传播有限公司,edu,科教文化服务;科教文化场所;科教文化场所,金牛区,104.01157,30.709777
成都九鱼文化传媒有限公司,edu,科教文化服务;传媒机构;传媒机构,金牛区,104.010078,30.716692
成都比杨文化传播有限公司,edu,科教文化服务;科教文化场所;科教文化场所,金牛区,104.007205,30.717337
成都中视三立文化传播有限公司,edu,科教文化服务;科教文化场所;科教文化场所,金牛区,104.009118,30.71637
四川嘉申光年文化传播有限公司,edu,科教文化服务;传媒机构;传媒机构,金牛区,104.010043,30.716793
金茜贝尔亲子幼儿园,edu,科教文化服务;学校;幼儿园,金牛区,104.005385,30.71184
赋舸学院,edu,科教文化服务;学校;高等院校,金牛区,104.009742,30.717154
迎宾一号-会议厅,edu,科教文化服务;会展中心;会展中心,金牛区,104.005343,30.715076
焙多芬烘培艺术馆,edu,科教文化服务;美术馆;美术馆,金牛区,104.009118,30.71637
成都新东方烹饪学校金牛宾馆营销办公室,edu,科教文化服务;学校;学校,金牛区,104.013647,30.718105
成都八八空间艺术学校(迎宾校区),edu,科教文化服务;学校;职业技术学校,金牛区,104.008973,30.713283
贝乐机器人,edu,科教文化服务;科教文化场所;科教文化场所,金牛区,104.00701,30.716994
成都市民道德讲堂(振兴西一路),edu,科教文化服务;科教文化场所;科教文化场所,金牛区,104.005273,30.714951
瑞思学科英语(迎宾校区),edu,科教文化服务;培训机构;培训机构,金牛区,104.008581,30.713097
众源文化传播有限公司,edu,科教文化服务;传媒机构;传媒机构,金牛区,104.023431,30.714987
金桥高级艺术小学,edu,科教文化服务;学校;小学,金牛区,104.019464,30.711017
成都市英才学校(跃进校区),edu,科教文化服务;学校;中学,金牛区,104.020971,30.715174
跃进社区幼儿园,edu,科教文化服务;学校;幼儿园,金牛区,104.022776,30.712278
跃进村幼儿园,edu,科教文化服务;学校;幼儿园,金牛区,104.02284,30.712265
五彩石幼儿园,edu,科教文化服务;学校;幼儿园,金牛区,104.019542,30.714663
汶川地震灾区发展振兴研究所,edu,科教文化服务;科研机构;科研机构,金牛区,104.017929,30.710616
成都伟佳文化传播有限公司,edu,科教文化服务;科教文化场所;科教文化场所,金牛区,104.023946,30.709875
千华钢管舞塑身减压中心,edu,科教文化服务;科教文化场所;科教文化场所,金牛区,104.026373,30.715697
西部五金机电博览编辑部,edu,科教文化服务;传媒机构;杂志社,金牛区,104.031971,30.714464
i2国际私塾华侨城教学点,edu,科教文化服务;培训机构;培训机构,金牛区,104.026498,30.716005
东诚文化培训学校,edu,科教文化服务;培训机构;培训机构,金牛区,104.043439,30.70948
程门文化传播有限公司,edu,科教文化服务;科教文化场所;科教文化场所,金牛区,104.040315,30.717534
成都爆点文化传播有限公司,edu,科教文化服务;科教文化场所;科教文化场所,金牛区,104.03837,30.715713
刘理科文化旅游工作室,edu,科教文化服务;科教文化场所;科教文化场所,金牛区,104.038441,30.717324
成都禧一佳文化传播有限公司,edu,科教文化服务;传媒机构;传媒机构,金牛区,104.039238,30.71617
成都金泽缘文化传播有限公司,edu,科教文化服务;科教文化场所;科教文化场所,金牛区,104.03837,30.715713
成都市佛香伽文化传播有限公司,edu,科教文化服务;科教文化场所;科教文化场所,金牛区,104.039614,30.715033
四川金睿文化传播有限公司金府办事处,edu,科教文化服务;传媒机构;传媒机构,金牛区,104.038069,30.716727
北京正和锦诚国际文化艺术院成都分院,edu,科教文化服务;培训机构;培训机构,金牛区,104.039238,30.71617
星河智能幼儿园,edu,科教文化服务;学校;幼儿园,金牛区,104.042006,30.71036
成都市锦西幼儿园,edu,科教文化服务;学校;幼儿园,金牛区,104.043412,30.715616
峨眉山国际度假会议中心,edu,科教文化服务;会展中心;会展中心,金牛区,104.038371,30.715707
凤庆风湿病研究所,edu,科教文化服务;科研机构;科研机构,金牛区,104.034956,30.712883
点渧幼儿园,edu,科教文化服务;学校;幼儿园,金牛区,104.041855,30.716999
郑州机械研究所,edu,科教文化服务;科研机构;科研机构,金牛区,104.036738,30.713756
成都春天艺术学校,edu,科教文化服务;学校;职业技术学校,金牛区,104.03837,30.715714
中传之星,edu,科教文化服务;科教文化场所;科教文化场所,金牛区,104.038412,30.715616
书法与语文奥数,edu,科教文化服务;科教文化场所;科教文化场所,金牛区,104.042728,30.715585
纽威教育(交大路),edu,科教文化服务;培训机构;培训机构,金牛区,104.03603,30.71147
戴氏教育(交大总校),edu,科教文化服务;培训机构;培训机构,金牛区,104.03612,30.711367
兴辉传媒策划部,edu,科教文化服务;传媒机构;传媒机构,金牛区,104.037683,30.715563
金蕊教育,edu,科教文化服务;培训机构;培训机构,金牛区,104.042754,30.715607
Alice美术教育,edu,科教文化服务;培训机构;培训机构,金牛区,104.041204,30.711198
华西英语(交大路),edu,科教文化服务;培训机构;培训机构,金牛区,104.034934,30.712917
望屹教育,edu,科教文化服务;培训机构;培训机构,金牛区,104.03837,30.715713
新星教育,edu,科教文化服务;培训机构;培训机构,金牛区,104.042398,30.71801
学大教育,edu,科教文化服务;培训机构;培训机构,金牛区,104.035098,30.712369
舞蹈钢琴绘画,edu,科教文化服务;培训机构;培训机构,金牛区,104.042828,30.715508
印象画室,edu,科教文化服务;培训机构;培训机构,金牛区,104.034846,30.712938
重庆民谣吉他培训,edu,科教文化服务;培训机构;培训机构,金牛区,104.041093,30.709825
星天艺舞蹈,edu,科教文化服务;培训机构;培训机构,金牛区,104.034942,30.714003
亚洲爵士舞AJDA师资培训,edu,科教文化服务;培训机构;培训机构,金牛区,104.034942,30.714003
全国少儿爵士舞考级中心成都站,edu,科教文化服务;科教文化场所;科教文化场所,金牛区,104.034942,30.714003
广阔空间(西南采购)编辑部,edu,科教文化服务;传媒机构;出版社,金牛区,104.037935,30.714843
稚嫩幼儿园,edu,科教文化服务;学校;幼儿园,金牛区,104.04132,30.709907
电子科技大学九里堤校区,edu,科教文化服务;学校;高等院校,金牛区,104.04677,30.712296
艺蓉舞蹈学校(星河路),edu,科教文化服务;培训机构;培训机构,金牛区,104.044548,30.709783
成都市科普场馆,edu,科教文化服务;科教文化场所;科教文化场所,金牛区,104.05162,30.712084
电子科技大学职业教育学院,edu,科教文化服务;学校;高等院校,金牛区,104.046757,30.712536
电子科技大学九里堤校区实验楼,edu,科教文化服务;学校;学校,金牛区,104.047286,30.71311
锦西外国语实验小学新桥校区,edu,科教文化服务;学校;小学,金牛区,104.04745,30.715551
走遍天下学校,edu,科教文化服务;学校;学校,金牛区,104.049342,30.711088
九里堤街道社区教育学校,edu,科教文化服务;学校;学校,金牛区,104.04743,30.710695
金苹果HANDSON国际幼稚园,edu,科教文化服务;学校;幼儿园,金牛区,104.047885,30.710473
金苹果九里西幼稚园,edu,科教文化服务;学校;幼儿园,金牛区,104.047845,30.710504
名师园阅览室,edu,科教文化服务;图书馆;图书馆,金牛区,104.046941,30.709516
成都和谐中西医药研究院,edu,科教文化服务;科研机构;科研机构,金牛区,104.043591,30.719105
安徽省交通规划设计研究院(西华分院),edu,科教文化服务;科研机构;科研机构,金牛区,104.044548,30.709783
名师园(星科北街),edu,科教文化服务;培训机构;培训机构,金牛区,104.046752,30.709679
宝贝之家早托中心,edu,科教文化服务;科教文化场所;科教文化场所,金牛区,104.044406,30.718753
典范英语(星科北街),edu,科教文化服务;培训机构;培训机构,金牛区,104.049113,30.711109
典范英语(星科北街),edu,科教文化服务;培训机构;培训机构,金牛区,104.048296,30.710469
黑白键钢琴艺术中心,edu,科教文化服务;培训机构;培训机构,金牛区,104.046984,30.709845
剑桥英语,edu,科教文化服务;培训机构;培训机构,金牛区,104.044932,30.718288
卓乐艺术培训中心,edu,科教文化服务;培训机构;培训机构,金牛区,104.045599,30.718606
优贝教育(九里堤中心店),edu,科教文化服务;培训机构;培训机构,金牛区,104.049342,30.711088
电子科技大学泰尔弗国际教育中心,edu,科教文化服务;培训机构;培训机构,金牛区,104.046807,30.71249
金麦田·锦韵艺术中心(交大校区),edu,科教文化服务;培训机构;培训机构,金牛区,104.04836,30.710526
电子科技大学九里堤校区图书馆,edu,科教文化服务;图书馆;图书馆,金牛区,104.047288,30.713107
电子科技大学九里堤校区教学楼,edu,科教文化服务;学校;学校,金牛区,104.046736,30.712796
电子科技大学九里堤校区就业指导中心,edu,科教文化服务;培训机构;培训机构,金牛区,104.046388,30.713154
成都鼎宏文化传播有限公司,edu,科教文化服务;传媒机构;传媒机构,金牛区,104.062372,30.710847
成都比扬文化传播有限公司,edu,科教文化服务;传媒机构;传媒机构,金牛区,104.062372,30.710847
成都景璐文化传播有限公司,edu,科教文化服务;科教文化场所;科教文化场所,金牛区,104.062772,30.711171
四川梦乐美文化传播有限公司,edu,科教文化服务;传媒机构;传媒机构,金牛区,104.062941,30.713236
成都市青少年活动中心(星科北街),edu,科教文化服务;文化宫;文化宫,金牛区,104.053839,30.71247
欣雨禾商学院,edu,科教文化服务;学校;高等院校,金牛区,104.061677,30.710656
成都市航空模型航海模型运动学校,edu,科教文化服务;学校;学校,金牛区,104.054417,30.714417
中国乒协西部国际培训中心,edu,科教文化服务;培训机构;培训机构,金牛区,104.054416,30.714417
成都市全国重点乒乓球运动学校,edu,科教文化服务;学校;学校,金牛区,104.054386,30.714175
凤舞星晖,edu,科教文化服务;科教文化场所;科教文化场所,金牛区,104.062678,30.711147
红黄蓝亲子园(金牛店),edu,科教文化服务;学校;幼儿园,金牛区,104.063276,30.712247
双语课辅中心,edu,科教文化服务;培训机构;培训机构,金牛区,104.062678,30.713904
为梦启航艺术培训中心,edu,科教文化服务;培训机构;培训机构,金牛区,104.062876,30.711312
釜玉堂教育,edu,科教文化服务;培训机构;培训机构,金牛区,104.056434,30.717269
望子成龙学校(五块石西路),edu,科教文化服务;培训机构;培训机构,金牛区,104.062744,30.711079
川音大地音乐学校(北城天街店),edu,科教文化服务;培训机构;培训机构,金牛区,104.062756,30.714294
七音艺术中心,edu,科教文化服务;培训机构;培训机构,金牛区,104.062859,30.713131
新华文轩出版传媒股份有限公司成都物流中心(西门),edu,科教文化服务;科教文化场所;科教文化场所,金牛区,104.059042,30.71822
四川连通文化传播,edu,科教文化服务;科教文化场所;科教文化场所,金牛区,104.063985,30.712502
四川好商机文化传媒有限公司,edu,科教文化服务;科教文化场所;科教文化场所,金牛区,104.064709,30.713487
四川好商机文化传播有限公司,edu,科教文化服务;科教文化场所;科教文化场所,金牛区,104.064606,30.71323
成都蓝色光标文化传播有限公司,edu,科教文化服务;科教文化场所;科教文化场所,金牛区,104.06405,30.712584
站东小学校,edu,科教文化服务;学校;小学,成华区,104.071018,30.709693
戴氏教育(北门总校),edu,科教文化服务;培训机构;培训机构,金牛区,104.067259,30.713399
双水碾街道办事处市民学校,edu,科教文化服务;学校;学校,成华区,104.071676,30.71346
快乐幼儿园(站北中街),edu,科教文化服务;学校;幼儿园,金牛区,104.06761,30.710601
沙河水文明博览馆,edu,科教文化服务;展览馆;展览馆,金牛区,104.066678,30.718621
顶力士送餐机器人,edu,科教文化服务;科教文化场所;科教文化场所,金牛区,104.064026,30.709593
纽威教育(站北北街),edu,科教文化服务;培训机构;培训机构,金牛区,104.066324,30.712697
昂立国际教育,edu,科教文化服务;培训机构;培训机构,金牛区,104.067345,30.713683
知新培训学校,edu,科教文化服务;培训机构;培训机构,金牛区,104.066714,30.714242
新思维学校(龙湖北城校区),edu,科教文化服务;科教文化场所;科教文化场所,金牛区,104.065936,30.714426
琅斯教育,edu,科教文化服务;培训机构;培训机构,金牛区,104.06936,30.70938
新思维,edu,科教文化服务;培训机构;培训机构,金牛区,104.063971,30.71266
亲子早教,edu,科教文化服务;培训机构;培训机构,金牛区,104.066374,30.714289
芝婷舞蹈培训中心,edu,科教文化服务;培训机构;培训机构,金牛区,104.063932,30.712511
韦伯双语机器人教育,edu,科教文化服务;培训机构;培训机构,金牛区,104.065318,30.713577
哆哆钢琴,edu,科教文化服务;培训机构;培训机构,金牛区,104.063629,30.711729
瑞思学科英语,edu,科教文化服务;培训机构;培训机构,金牛区,104.064598,30.713245
向阳花教育(赛云台北支路),edu,科教文化服务;培训机构;培训机构,金牛区,104.067367,30.714051
丹秋·名师堂(赛云台北支路),edu,科教文化服务;培训机构;培训机构,金牛区,104.067377,30.714114
四川暴风雨商贸有限公司培训中心,edu,科教文化服务;培训机构;培训机构,金牛区,104.063964,30.712796
韦伯双语机器人教育-北城天街中心,edu,科教文化服务;培训机构;培训机构,金牛区,104.063724,30.712695
花径路社区教育工作站,edu,科教文化服务;科教文化场所;科教文化场所,金牛区,104.067276,30.710302
博航文化传播有限公司,edu,科教文化服务;科教文化场所;科教文化场所,成华区,104.078447,30.71373
绿舟双水幼儿园,edu,科教文化服务;学校;幼儿园,成华区,104.078001,30.716746
双水小学,edu,科教文化服务;学校;小学,成华区,104.088271,30.716114
双水碾中学,edu,科教文化服务;学校;中学,成华区,104.084472,30.715208
金贝幼儿园(青冈路),edu,科教文化服务;学校;幼儿园,成华区,104.088303,30.715284
驷马桥西片区配套小学,edu,科教文化服务;学校;小学,成华区,104.091387,30.710031
成都市第二十八幼儿园,edu,科教文化服务;学校;幼儿园,成华区,104.090346,30.70963
彩虹幼儿园(中环路双荆路路段),edu,科教文化服务;学校;幼儿园,成华区,104.086987,30.713519
苹果树英语中心,edu,科教文化服务;科教文化场所;科教文化场所,成华区,104.090749,30.714794
东方童画(驷马桥校区),edu,科教文化服务;培训机构;培训机构,成华区,104.090218,30.709369
诺维思教育培训,edu,科教文化服务;培训机构;培训机构,成华区,104.09122,30.710606
荆竹剑桥英语,edu,科教文化服务;培训机构;培训机构,成华区,104.089877,30.716448
安杯达教育,edu,科教文化服务;培训机构;培训机构,成华区,104.090509,30.717069
天天教育,edu,科教文化服务;培训机构;培训机构,成华区,104.090509,30.717069
浩瑞教育,edu,科教文化服务;培训机构;培训机构,成华区,104.090218,30.709369
清大学习吧,edu,科教文化服务;培训机构;培训机构,成华区,104.092932,30.709398
至诚教育,edu,科教文化服务;培训机构;培训机构,成华区,104.089049,30.713678
艺蓉舞蹈培训学校(双荆路校区),edu,科教文化服务;培训机构;培训机构,成华区,104.093082,30.710746
安亲宝贝专业托管课外辅导,edu,科教文化服务;培训机构;培训机构,成华区,104.093102,30.716121
但昭义钢琴艺术中心,edu,科教文化服务;培训机构;培训机构,成华区,104.095079,30.712971
四川金笔文化传播有限责任公司(总部),edu,科教文化服务;科教文化场所;科教文化场所,成华区,104.095347,30.709401
风华国乐艺术中心(成华校区),edu,科教文化服务;美术馆;美术馆,成华区,104.101469,30.715715
双水小学(东区),edu,科教文化服务;学校;小学,成华区,104.097457,30.715022
蓉铁花园幼儿园,edu,科教文化服务;学校;幼儿园,成华区,104.098889,30.715753
西南华西肾病医学研究院,edu,科教文化服务;科研机构;科研机构,成华区,104.100372,30.713343
成都动物园科普馆,edu,科教文化服务;科技馆;科技馆,成华区,104.100928,30.710912
易胜搏击馆,edu,科教文化服务;培训机构;培训机构,成华区,104.094005,30.709561
成都迪丽斯西点培训学校,edu,科教文化服务;培训机构;培训机构,成华区,104.099462,30.714504
丹秋·名师堂学校,edu,科教文化服务;培训机构;培训机构,成华区,104.096395,30.710714
成华区艺婷舞蹈工作室,edu,科教文化服务;培训机构;培训机构,成华区,104.094537,30.710146
艺美星晨舞蹈培训中心,edu,科教文化服务;培训机构;培训机构,成华区,104.101368,30.715615
成都迪丽斯职业技能培训学校,edu,科教文化服务;培训机构;培训机构,成华区,104.099746,30.71453
纽威教育(中环路双荆路路段),edu,科教文化服务;培训机构;培训机构,成华区,104.096583,30.710894
蓓儿悦国际水育早教中心(成都总店),edu,科教文化服务;培训机构;培训机构,成华区,104.102349,30.715268
正格博雅艺术中心,edu,科教文化服务;美术馆;美术馆,成华区,104.101644,30.715379
成都市北新实验小学,edu,科教文化服务;学校;小学,成华区,104.106553,30.716305
青龙西林幼儿园,edu,科教文化服务;学校;幼儿园,成华区,104.106132,30.709474
成都十三幼儿园(荆翠分园),edu,科教文化服务;学校;幼儿园,成华区,104.112888,30.717616
天地鹰飞艺术中心,edu,科教文化服务;美术馆;美术馆,成华区,104.107713,30.716757
成都野生动物研究所,edu,科教文化服务;科研机构;科研机构,成华区,104.106284,30.711625
成都动物园(东南门),edu,科教文化服务;科研机构;科研机构|通行设施;临街院门;临街院门,成华区,104.106414,30.711488
大成驾校,edu,科教文化服务;培训机构;培训机构,成华区,104.10438,30.717846
澳斯特教育青龙分校,edu,科教文化服务;科教文化场所;科教文化场所,成华区,104.107713,30.716757
金脑壳教育(东昌路),edu,科教文化服务;培训机构;培训机构,成华区,104.104098,30.716062
思维数学双语托管呼吸作文,edu,科教文化服务;科教文化场所;科教文化场所,成华区,104.106167,30.717936
蘑菇琴行,edu,科教文化服务;培训机构;培训机构,成华区,104.107095,30.71407
实诚教育,edu,科教文化服务;培训机构;培训机构,成华区,104.106858,30.714213
会顶教育(荆翠中路),edu,科教文化服务;培训机构;培训机构,成华区,104.108486,30.718033
国栋教育,edu,科教文化服务;培训机构;培训机构,成华区,104.110314,30.717463
高初中数学培训,edu,科教文化服务;培训机构;培训机构,成华区,104.109459,30.717933
四季学堂教育,edu,科教文化服务;培训机构;培训机构,成华区,104.108014,30.718574
成都成才之路教育培训有限公司,edu,科教文化服务;科教文化场所;科教文化场所,成华区,104.106884,30.714204
EME(译漫艺)国际艺术中心,edu,科教文化服务;培训机构;培训机构,成华区,104.106897,30.714387
风华国乐艺术培训(动物园校区),edu,科教文化服务;培训机构;培训机构,成华区,104.108484,30.714073
北新实验小学-第十二幼儿园,edu,科教文化服务;学校;幼儿园,成华区,104.106553,30.716305
名艺堂艺术中心,edu,科教文化服务;美术馆;美术馆,成华区,104.119625,30.7102
爱尚幼儿园,edu,科教文化服务;学校;幼儿园,成华区,104.11614,30.71748
成华区青龙街道新山社区家长学校,edu,科教文化服务;科教文化场所;科教文化场所,成华区,104.129882,30.714228
成华区龙潭街道同乐文化活动中心,edu,科教文化服务;文化宫;文化宫,成华区,104.1655,30.718707
成华区龙潭街道综合文化活动中心,edu,科教文化服务;文化宫;文化宫,成华区,104.1655,30.718707
起跑线·名师堂,edu,科教文化服务;培训机构;培训机构,成华区,104.16632,30.717168
起飞教育(北湖印象5期南),edu,科教文化服务;培训机构;培训机构,成华区,104.165439,30.719393
英朗教育,edu,科教文化服务;培训机构;培训机构,成华区,104.166906,30.718602
海蓝天幼儿园(桂林北路),edu,科教文化服务;学校;幼儿园,成华区,104.182704,30.717642
成都市峨眉武术学校,edu,科教文化服务;学校;学校,成华区,104.182324,30.718519
桂林小学,edu,科教文化服务;学校;小学,成华区,104.177675,30.716846
WKFO国际搏击训练中心,edu,科教文化服务;培训机构;培训机构,成华区,104.182326,30.718521
成飞幼儿园,edu,科教文化服务;学校;幼儿园,青羊区,103.965357,30.699708
欢欢幼儿园(纬一路),edu,科教文化服务;学校;幼儿园,青羊区,103.969429,30.700214
红黄蓝亲子园四川成都七色光园,edu,科教文化服务;科教文化场所;科教文化场所,青羊区,103.9648,30.699725
金泉街道综合文化活动中心,edu,科教文化服务;文化宫;文化宫,金牛区,103.976562,30.705606
金泉街道文化广播电视站,edu,科教文化服务;传媒机构;传媒机构,金牛区,103.976562,30.705606
成都市金牛区协同文化培训学校,edu,科教文化服务;培训机构;培训机构,金牛区,103.979651,30.700079
雯雯幼儿园,edu,科教文化服务;学校;幼儿园,金牛区,103.983334,30.700943
成都石室外语学校附属小学,edu,科教文化服务;学校;小学,金牛区,103.979719,30.700227
成都市金牛区规范化社区教育学院,edu,科教文化服务;学校;高等院校,金牛区,103.976613,30.705672
优悠幼儿园,edu,科教文化服务;学校;幼儿园,金牛区,103.974974,30.70874
金泉街道社区教育学校,edu,科教文化服务;学校;成人教育,金牛区,103.976562,30.705606
中小学幼儿同步点读笔,edu,科教文化服务;科教文化场所;科教文化场所,金牛区,103.976668,30.707824
四川省舞蹈学校少儿舞校丹艺分部,edu,科教文化服务;学校;学校,金牛区,103.976765,30.707729
魏达艺术工作室,edu,科教文化服务;培训机构;培训机构,金牛区,103.976355,30.707313
四川音乐学院大地综艺音乐进修学校,edu,科教文化服务;学校;学校,金牛区,103.976674,30.705567
成都市金牛区鑫和艺术培训学校,edu,科教文化服务;培训机构;培训机构,金牛区,103.976562,30.705606
博雅清淳幼儿园,edu,科教文化服务;学校;幼儿园,金牛区,103.976764,30.707729
清淳家园少儿素质培训中心,edu,科教文化服务;培训机构;培训机构,金牛区,103.976562,30.705606
爱弥儿亲子园,edu,科教文化服务;学校;幼儿园,金牛区,103.991971,30.707657
靖水山庄休闲会议中心,edu,科教文化服务;会展中心;会展中心,金牛区,103.983922,30.702287
伯努艺术中心,edu,科教文化服务;美术馆;美术馆,金牛区,103.993118,30.708077
育苗艺术中心(双金店),edu,科教文化服务;培训机构;培训机构,金牛区,103.993153,30.708093
四川正路建设工程检测咨询有限公司材料实验室,edu,科教文化服务;科研机构;科研机构|公司企业;公司;公司,金牛区,103.983835,30.70567
门幼儿园,edu,科教文化服务;学校;幼儿园,金牛区,103.991538,30.708071
成都市蜀西实验学校,edu,科教文化服务;学校;中学,金牛区,103.99402,30.709434
迎宾路小学校,edu,科教文化服务;学校;小学,金牛区,104.002719,30.708836
华菲艺术中心,edu,科教文化服务;培训机构;培训机构,金牛区,103.99599,30.707587
趣学习培训学校(羊犀校区),edu,科教文化服务;培训机构;培训机构,金牛区,103.999236,30.705043
精英英语(西直门中心店),edu,科教文化服务;培训机构;培训机构,金牛区,104.001795,30.705831
成都市青羊区爱心幼儿园,edu,科教文化服务;学校;幼儿园,金牛区,103.997739,30.703621
成都凯程圣地文化传播有限公司,edu,科教文化服务;科教文化场所;科教文化场所,金牛区,104.00658,30.706226
茶店子社区卫生服务中心健康教育中心,edu,科教文化服务;科教文化场所;科教文化场所,金牛区,104.012453,30.701164
优米幼儿园,edu,科教文化服务;学校;幼儿园,金牛区,104.00581,30.706857
广州南方建筑设计研究院(蜀跃路),edu,科教文化服务;科研机构;科研机构,金牛区,104.004083,30.708733
成都市第四幼儿园锦绣分园,edu,科教文化服务;学校;幼儿园,金牛区,104.011142,30.70199
博达教育(大院人家西北),edu,科教文化服务;培训机构;培训机构,金牛区,104.006085,30.701908
成都市京剧研究院,edu,科教文化服务;科研机构;科研机构,金牛区,104.008017,30.703756
育苗艺术中心,edu,科教文化服务;培训机构;培训机构,金牛区,104.013199,30.700644
大师教育,edu,科教文化服务;培训机构;培训机构,金牛区,104.004083,30.708733
成都银环艺术学校,edu,科教文化服务;培训机构;培训机构,金牛区,104.004083,30.708733
成都麒跃培训学校,edu,科教文化服务;培训机构;培训机构,金牛区,104.006089,30.701907
韵萌艺术,edu,科教文化服务;培训机构;培训机构,金牛区,104.012848,30.7012
美吉特国际教育,edu,科教文化服务;培训机构;培训机构,金牛区,104.011039,30.709478
天使卓越,edu,科教文化服务;培训机构;培训机构,金牛区,104.004233,30.70881
青羊区新鸣乐技能培训工作室,edu,科教文化服务;科教文化场所;科教文化场所,金牛区,104.012859,30.703732
成都市金牛区文化馆,edu,科教文化服务;文化宫;文化宫,金牛区,104.021236,30.703925
成都市金牛区工人文化宫,edu,科教文化服务;文化宫;文化宫,金牛区,104.021925,30.703997
四川问策文化传播有限公司,edu,科教文化服务;科教文化场所;科教文化场所,金牛区,104.022361,30.70749
文化部中华儿童文化艺术促进会西南少儿文化艺术中心,edu,科教文化服务;文化宫;文化宫,金牛区,104.021236,30.703925
成都金牛少儿文化艺术教育中心,edu,科教文化服务;科教文化场所;科教文化场所,金牛区,104.021236,30.703925
金牛区非物质文化遗产保护中心,edu,科教文化服务;科教文化场所;科教文化场所,金牛区,104.021236,30.703923
成都广播电视大学联创校区,edu,科教文化服务;培训机构;培训机构,金牛区,104.021925,30.704001
成都二十中(茶店子横街),edu,科教文化服务;学校;中学,金牛区,104.020638,30.700207
成都市第四幼儿园,edu,科教文化服务;学校;幼儿园,金牛区,104.020318,30.703297
友谊小学校,edu,科教文化服务;学校;小学,金牛区,104.016013,30.709186
中共成都市金牛区委党校,edu,科教文化服务;学校;学校,金牛区,104.020473,30.704578
双丰实验幼稚园,edu,科教文化服务;学校;幼儿园,金牛区,104.023364,30.701926
成都城市社区学校,edu,科教文化服务;学校;学校,金牛区,104.020468,30.704583
成都市金牛区行政学校,edu,科教文化服务;学校;学校,金牛区,104.020474,30.704575
星拓研发中心,edu,科教文化服务;科教文化场所;科教文化场所,金牛区,104.022361,30.70749
武之堂职业培训学校,edu,科教文化服务;培训机构;培训机构,金牛区,104.018874,30.705887
小书童托管教育中心(茶店子横街),edu,科教文化服务;科教文化场所;科教文化场所,金牛区,104.017368,30.701752
武之团培训,edu,科教文化服务;培训机构;培训机构,金牛区,104.018849,30.705551
懋园风景鑫起点教育,edu,科教文化服务;培训机构;培训机构,金牛区,104.014076,30.701166
家家乐教育,edu,科教文化服务;培训机构;培训机构,金牛区,104.015058,30.702519
爱哆艺术,edu,科教文化服务;培训机构;培训机构,金牛区,104.015336,30.700972
成都市远望职业技能培训学校,edu,科教文化服务;培训机构;培训机构,金牛区,104.021925,30.703997
成都市危险化学品安全培训中心危化品实作培训基地,edu,科教文化服务;培训机构;培训机构,金牛区,104.020494,30.707675
茶店子小学校(北区),edu,科教文化服务;学校;小学,金牛区,104.023648,30.702465
成都七中八一学校,edu,科教文化服务;学校;中学,金牛区,104.02434,30.706035
格林幼儿园,edu,科教文化服务;学校;幼儿园,金牛区,104.032432,30.70269
成都七中八一学校附属幼儿园,edu,科教文化服务;学校;幼儿园,金牛区,104.024042,30.70689
含式特教,edu,科教文化服务;培训机构;培训机构,金牛区,104.024981,30.702539
法治大讲堂,edu,科教文化服务;培训机构;培训机构,金牛区,104.032851,30.701833
阿坝师范高等专科学校教育实习基地,edu,科教文化服务;科教文化场所;科教文化场所,金牛区,104.023897,30.707056
学硕文化艺术学校,edu,科教文化服务;培训机构;培训机构,金牛区,104.037262,30.702199
成都艾乐橙文化传播有限公司(金牛凯德校区),edu,科教文化服务;科教文化场所;科教文化场所,金牛区,104.042546,30.705073
大成教育中小学文化艺体培训学校(金房馨苑西北),edu,科教文化服务;培训机构;培训机构,金牛区,104.036177,30.70012
心动棋道棋艺培训中心,edu,科教文化服务;培训机构;培训机构,金牛区,104.036483,30.700855
成都二十中花照学校,edu,科教文化服务;学校;中学,金牛区,104.038802,30.70053
行知小学校,edu,科教文化服务;学校;小学,金牛区,104.034211,30.705563
成都新世纪大地双语幼稚园,edu,科教文化服务;学校;幼儿园,金牛区,104.03487,30.702903
新格林精品堂学校(星辰校区),edu,科教文化服务;培训机构;培训机构,金牛区,104.043376,30.709273
爱米尔幼儿园,edu,科教文化服务;学校;幼儿园,金牛区,104.035725,30.705839
蓝天书画院(银沙街),edu,科教文化服务;培训机构;培训机构,金牛区,104.041677,30.703259
春秋青少年体育俱乐部,edu,科教文化服务;科教文化场所;科教文化场所,金牛区,104.040266,30.706932
雅马哈音乐中心(西门中心),edu,科教文化服务;培训机构;培训机构,金牛区,104.041807,30.706161
S&F·图书馆,edu,科教文化服务;图书馆;图书馆,金牛区,104.037982,30.703921
吕氏三才中医药研究院,edu,科教文化服务;科研机构;科研机构,金牛区,104.041096,30.70489
布梵画室,edu,科教文化服务;科教文化场所;科教文化场所,金牛区,104.037262,30.702199
格瑞特智能语言幼儿园,edu,科教文化服务;学校;幼儿园,金牛区,104.038518,30.709302
布梵美术馆,edu,科教文化服务;美术馆;美术馆,金牛区,104.037262,30.702199
凤凰机器人(金牛校区),edu,科教文化服务;培训机构;培训机构,金牛区,104.037274,30.704518
成都爱乐幼稚园,edu,科教文化服务;学校;幼儿园,金牛区,104.043223,30.70842
书香原教育,edu,科教文化服务;培训机构;培训机构,金牛区,104.035126,30.706206
绘画空间,edu,科教文化服务;科教文化场所;科教文化场所,金牛区,104.03809,30.703908
成都市民道德讲堂,edu,科教文化服务;科教文化场所;科教文化场所,金牛区,104.039237,30.70824
吉的堡英语,edu,科教文化服务;培训机构;培训机构,金牛区,104.037259,30.704542
成都图书馆24小时街区自助图书馆,edu,科教文化服务;图书馆;图书馆,金牛区,104.041699,30.705141
金色雨林(成都凯德分中心),edu,科教文化服务;科教文化场所;科教文化场所,金牛区,104.041728,30.705909
中南勘察设计院(成都分院),edu,科教文化服务;科研机构;科研机构,金牛区,104.038854,30.708897
EF(凯德广场·金牛),edu,科教文化服务;培训机构;培训机构,金牛区,104.041142,30.70659
瑞籁音乐教育,edu,科教文化服务;培训机构;培训机构,金牛区,104.035523,30.706744
成都翰阳教育,edu,科教文化服务;培训机构;培训机构,金牛区,104.036177,30.70012
书香苑教育培训,edu,科教文化服务;培训机构;培训机构,金牛区,104.042129,30.707797
丹秋名师堂,edu,科教文化服务;培训机构;培训机构,金牛区,104.040288,30.706964
美艺之星教育,edu,科教文化服务;培训机构;培训机构,金牛区,104.037262,30.702199
刘诗昆艺术学校(银河北街),edu,科教文化服务;培训机构;培训机构,金牛区,104.040184,30.702363
新概念英语(星辰一巷),edu,科教文化服务;培训机构;培训机构,金牛区,104.042132,30.707721
吉66堡少儿英语,edu,科教文化服务;培训机构;培训机构,金牛区,104.043293,30.707781
望子成龙补习班,edu,科教文化服务;培训机构;培训机构,金牛区,104.040182,30.706959
南瓜英语,edu,科教文化服务;培训机构;培训机构,金牛区,104.042541,30.704923
艾思机器人,edu,科教文化服务;培训机构;培训机构,金牛区,104.037343,30.704434
YAMAHA(凯德广场·金牛),edu,科教文化服务;培训机构;培训机构,金牛区,104.042767,30.705289
吉的堡少儿英语(成都九里E拓分校),edu,科教文化服务;培训机构;培训机构,金牛区,104.043287,30.70768
瑞思MINI中心(凯德广场·金牛),edu,科教文化服务;科教文化场所;科教文化场所,金牛区,104.041852,30.706523
艾培儿添美形象设计技能培训中心,edu,科教文化服务;培训机构;培训机构,金牛区,104.037391,30.704433
四川青少年艺术培训中心,edu,科教文化服务;培训机构;培训机构,金牛区,104.040308,30.707015
刘诗昆艺术学校(凯德广场·金牛),edu,科教文化服务;培训机构;培训机构,金牛区,104.042063,30.70563
格调琴艺(交大九期店),edu,科教文化服务;培训机构;培训机构,金牛区,104.035604,30.704675
东方虹艺术中心,edu,科教文化服务;美术馆;美术馆,金牛区,104.040288,30.706964
吕氏三才中医减肥研究院(交大店),edu,科教文化服务;科研机构;科研机构,金牛区,104.041352,30.704935
新动态国际英语(交大中心),edu,科教文化服务;培训机构;培训机构,金牛区,104.042539,30.705078
昂立国际教育(花照壁上横街),edu,科教文化服务;培训机构;培训机构,金牛区,104.037262,30.702199
成都红菱舞校(金房苑北路),edu,科教文化服务;培训机构;培训机构,金牛区,104.036177,30.70012
四川雅艺教育培训有限公司(交大一校区),edu,科教文化服务;科教文化场所;科教文化场所,金牛区,104.040377,30.70202
瑞思学科英语(凯德广场·金牛),edu,科教文化服务;培训机构;培训机构,金牛区,104.041846,30.706588
乐友育婴室(凯德广场·金牛),edu,科教文化服务;培训机构;培训机构,金牛区,104.042575,30.705181
英孚教育成人英语(凯德金牛中心),edu,科教文化服务;培训机构;培训机构,金牛区,104.041732,30.705896
爱尚美术创意空间(凯德广场·金牛),edu,科教文化服务;培训机构;培训机构,金牛区,104.042789,30.705454
台湾安科纳蒙特梭利教育研究四川分中心,edu,科教文化服务;培训机构;培训机构,金牛区,104.043275,30.708447
BEYOND SOUND摇滚电声乐器教学中心(凯德广场·金牛),edu,科教文化服务;培训机构;培训机构,金牛区,104.041889,30.706219
九里堤教书院,edu,科教文化服务;培训机构;培训机构,金牛区,104.040682,30.704169
格林快乐钢琴(交大校区),edu,科教文化服务;培训机构;培训机构,金牛区,104.041123,30.700495
贝乐乐高机器人,edu,科教文化服务;科教文化场所;科教文化场所,金牛区,104.041669,30.705536
成都新智慧教育集团,edu,科教文化服务;科教文化场所;科教文化场所,金牛区,104.037942,30.704877
智绘文化艺术培训学校,edu,科教文化服务;培训机构;培训机构,金牛区,104.044677,30.7094
成都京都雁文化艺术学校,edu,科教文化服务;培训机构;培训机构,金牛区,104.044764,30.70917
西南交通大学九里校区社区综合文化活动室,edu,科教文化服务;科教文化场所;科教文化场所,金牛区,104.049036,30.702333
西南交大留学生管理服务中心,edu,科教文化服务;学校;高等院校,金牛区,104.048566,30.703752
西南交通大学九里校区供应链金融创新服务研究所,edu,科教文化服务;科研机构;科研机构,金牛区,104.051313,30.702873
西南交通大学九里校区,edu,科教文化服务;学校;高等院校,金牛区,104.050524,30.701158
酷学堂,edu,科教文化服务;培训机构;培训机构,金牛区,104.044751,30.709382
西南交通大学出版社,edu,科教文化服务;传媒机构;出版社,金牛区,104.044462,30.699691
西南交通大学附属中学,edu,科教文化服务;学校;中学,金牛区,104.044384,30.700896
西南交通大学网络教育学院,edu,科教文化服务;学校;高等院校,金牛区,104.050017,30.699695
成都市锦西中学校,edu,科教文化服务;学校;中学,金牛区,104.048542,30.707594
西南交通大学九里校区土木工程学院,edu,科教文化服务;学校;高等院校,金牛区,104.050856,30.699509
锦西外国语实验小学,edu,科教文化服务;学校;小学,金牛区,104.046064,30.709085
西南交通大学九里校区计划财务处,edu,科教文化服务;学校;高等院校,金牛区,104.052016,30.702586
西南交通大学九里校区力学与工程学院,edu,科教文化服务;学校;高等院校,金牛区,104.052924,30.699526
九里堤小学校,edu,科教文化服务;学校;小学,金牛区,104.051059,30.708963
西南交通大学九里校区机械工程学院,edu,科教文化服务;学校;高等院校,金牛区,104.052924,30.699526
西南交通大学九里校区明诚堂,edu,科教文化服务;学校;高等院校,金牛区,104.050497,30.700146
西南交通大学九里校区信息网络中心,edu,科教文化服务;学校;高等院校,金牛区,104.050535,30.701035
西南交通大学九里校区通讯所,edu,科教文化服务;学校;高等院校,金牛区,104.048182,30.702242
西南交通大学九里校区网络学院,edu,科教文化服务;学校;高等院校,金牛区,104.050017,30.699695
西南交通大学九里校区子弟小学校,edu,科教文化服务;学校;小学,金牛区,104.047277,30.700388
西南交通大学信息化与网络管理处,edu,科教文化服务;学校;高等院校,金牛区,104.050657,30.701052
西南交通大学九里校区校友厅,edu,科教文化服务;学校;高等院校,金牛区,104.048743,30.700452
西南交通大学九里校区A座,edu,科教文化服务;学校;高等院校,金牛区,104.049058,30.704266
西南交通大学九里校区B座,edu,科教文化服务;学校;高等院校,金牛区,104.048634,30.703762
西南交通大学九里校区北侧门,edu,科教文化服务;学校;高等院校,金牛区,104.053371,30.705781
西南交通大学九里校区(西北1门),edu,科教文化服务;学校;高等院校|通行设施;临街院门;临街院门,金牛区,104.048476,30.703421
西南交通大学九里校区学生电子注册中心,edu,科教文化服务;学校;高等院校,金牛区,104.050016,30.699695
西南交通大学九里校区晚晴苑,edu,科教文化服务;学校;学校,金牛区,104.049064,30.702405
西南交通大学九里校区机械馆,edu,科教文化服务;学校;学校,金牛区,104.05329,30.699526
西南交通大学九里校区机械工程博士后流动站,edu,科教文化服务;学校;高等院校,金牛区,104.052924,30.699526
西南交通大学九里校区学生工作处研究生新闻中心,edu,科教文化服务;学校;高等院校,金牛区,104.051627,30.703855
西南交通大学九里校区现代管理研修学院(交大路),edu,科教文化服务;学校;高等院校,金牛区,104.045995,30.69954
西南交通大学九里校区地球科学与环境工程学院,edu,科教文化服务;学校;高等院校,金牛区,104.050856,30.699509
西南交通大学九里校区材料科学与工程学院,edu,科教文化服务;学校;高等院校,金牛区,104.052924,30.699526
西南交通大学现代管理研修学院(思源路),edu,科教文化服务;学校;高等院校,金牛区,104.052924,30.699526
西南交通大学现代管理研修学院(交大路),edu,科教文化服务;学校;高等院校,金牛区,104.045995,30.699539
金星幼儿园(交桂一巷),edu,科教文化服务;学校;幼儿园,金牛区,104.044378,30.703897
西南交通大学九里校区远程与继续教育学院,edu,科教文化服务;学校;成人教育,金牛区,104.050012,30.699669
城市学校少年宫,edu,科教文化服务;文化宫;文化宫,金牛区,104.046218,30.70912
西南交通大学九里校区力学博士后流动站,edu,科教文化服务;学校;高等院校,金牛区,104.052924,30.699526
跳跳兔幼儿园,edu,科教文化服务;学校;幼儿园,金牛区,104.04592,30.707639
西南交通大学九里校区机械工程学院热能动力与汽车工程系,edu,科教文化服务;学校;高等院校,金牛区,104.052946,30.701287
西南交通大学九里校区-镜湖报告厅,edu,科教文化服务;会展中心;会展中心,金牛区,104.049083,30.703826
交大智能幼儿园(交桂二巷),edu,科教文化服务;学校;幼儿园,金牛区,104.045896,30.70437
四川省产业经济发展研究院,edu,科教文化服务;科研机构;科研机构,金牛区,104.052924,30.699526
中国建筑艺术研究中心,edu,科教文化服务;科研机构;科研机构,金牛区,104.049451,30.701081
西南交通大学九里校区图书馆,edu,科教文化服务;图书馆;图书馆,金牛区,104.052061,30.700306
西南交通大学九里校区幼儿园,edu,科教文化服务;学校;幼儿园,金牛区,104.048429,30.699827
西南交通大学九里校区幼儿园,edu,科教文化服务;学校;幼儿园,金牛区,104.048429,30.699827
成都轨道交通技术研究院,edu,科教文化服务;科研机构;科研机构,金牛区,104.05194,30.7049
大洋艺术学校(钢琴培训中心),edu,科教文化服务;学校;职业技术学校,金牛区,104.045476,30.705213
西南交通大学信息传播公司,edu,科教文化服务;传媒机构;传媒机构,金牛区,104.044393,30.699787
大洋艺术学校(交桂路),edu,科教文化服务;培训机构;培训机构,金牛区,104.045576,30.705219
西南交通大学九里校区超导技术研究所,edu,科教文化服务;科研机构;科研机构,金牛区,104.053519,30.70154
松琳艺术培训中心(九里堤分校),edu,科教文化服务;培训机构;培训机构,金牛区,104.052438,30.707056
西南交通大学九里校区现代管理研修学院,edu,科教文化服务;学校;高等院校,金牛区,104.052924,30.699526
西南交通大学音像出版社,edu,科教文化服务;传媒机构;出版社,金牛区,104.044393,30.699787
戴氏英语(九里堤北路),edu,科教文化服务;培训机构;培训机构,金牛区,104.052438,30.707056
四川省低维复合材料工程研究中心,edu,科教文化服务;科研机构;科研机构,金牛区,104.053336,30.699532
西南交通大学九里校区物流研究院,edu,科教文化服务;科研机构;科研机构,金牛区,104.052924,30.699526
西南交通大学九里校区-羽丰课堂,edu,科教文化服务;培训机构;培训机构,金牛区,104.049009,30.702223
西南交通大学九里校区综合运输研究所,edu,科教文化服务;科研机构;科研机构,金牛区,104.051313,30.702873
西南交通大学九里校区振动工程研究所,edu,科教文化服务;科研机构;科研机构,金牛区,104.053397,30.700811
西南交通大学九里校区摩擦学研究所,edu,科教文化服务;科研机构;科研机构,金牛区,104.053397,30.700811
现代教育技术中心(求实路),edu,科教文化服务;科教文化场所;科教文化场所,金牛区,104.050017,30.699695
西南交通大学九里校区外专楼值班室,edu,科教文化服务;学校;高等院校,金牛区,104.048969,30.700815
西南交通大学九里校区经营部发展部,edu,科教文化服务;学校;高等院校,金牛区,104.04898,30.700788
望子成龙学校(交大校区),edu,科教文化服务;培训机构;培训机构,金牛区,104.045576,30.705219
西南交通大学九里校区高分子材料研究所,edu,科教文化服务;科研机构;科研机构,金牛区,104.053333,30.699538
西南交通大学九里校区高温高压物理研究所,edu,科教文化服务;科研机构;科研机构,金牛区,104.053519,30.701542
多多艺术中心,edu,科教文化服务;培训机构;培训机构,金牛区,104.04486,30.700262
璀璨星河艺术学校,edu,科教文化服务;培训机构;培训机构,金牛区,104.044677,30.7094
四川现代物流培训中心,edu,科教文化服务;培训机构;培训机构,金牛区,104.045995,30.699539
望子成龙学校(星辰路),edu,科教文化服务;培训机构;培训机构,金牛区,104.043671,30.704885
西南交通大学九里校区汽车及内燃机实验室,edu,科教文化服务;科研机构;科研机构,金牛区,104.053098,30.701317
金牛区托管,edu,科教文化服务;培训机构;培训机构,金牛区,104.043958,30.706042
成都美术之星培训班,edu,科教文化服务;培训机构;培训机构,金牛区,104.04661,30.704482
西南交通大学九里校区现代制造技术实验中心,edu,科教文化服务;科研机构;科研机构,金牛区,104.052758,30.700491
西南交通大学九里校区环境科学与工程实验室,edu,科教文化服务;科研机构;科研机构,金牛区,104.050506,30.701142
思壮艺术教育,edu,科教文化服务;培训机构;培训机构,金牛区,104.051401,30.708324
现代工业技术培训中心,edu,科教文化服务;培训机构;培训机构,金牛区,104.045554,30.699706
健乐托辅中心,edu,科教文化服务;培训机构;培训机构,金牛区,104.043906,30.706179
成都典伯造价员培训机构,edu,科教文化服务;培训机构;培训机构,金牛区,104.051117,30.699997
西南交通大学九里校区机械工程学院先进设计与制造技术研究所,edu,科教文化服务;科研机构;科研机构,金牛区,104.053037,30.700543
西南交通大学九里校区热能与动力工程系汽车工程研究所,edu,科教文化服务;科研机构;科研机构,金牛区,104.053098,30.701317
西南交通大学附属中学家长接待室,edu,科教文化服务;科教文化场所;科教文化场所,金牛区,104.044,30.700655
西南交通大学九里校区国家轨道交通电气化与自动化工程技术研究中心,edu,科教文化服务;科研机构;科研机构,金牛区,104.051788,30.705139
西南交通大学九里校区国际教育学院美国高等教育基础部美国名校升学研究中心,edu,科教文化服务;科研机构;科研机构,金牛区,104.052924,30.699526
西南交大·交响琴行艺校,edu,科教文化服务;学校;职业技术学校,金牛区,104.052689,30.707153
成都市锦西中学校-金牛实验中学北区,edu,科教文化服务;科教文化场所;科教文化场所,金牛区,104.049261,30.707193
重庆大有建筑设计院四川省成都市分院,edu,科教文化服务;科教文化场所;科教文化场所,金牛区,104.043606,30.705061
西南交通大学九里校区热能与动力工程实验中心,edu,科教文化服务;科研机构;科研机构,金牛区,104.053098,30.701317
西南交通大学九里校区-点彩童画,edu,科教文化服务;培训机构;培训机构,金牛区,104.046184,30.699661
西南交通大学九里校区超导与新能源研究开发中心,edu,科教文化服务;科研机构;科研机构,金牛区,104.050856,30.699509
西南交通大学董事会教育培训中心,edu,科教文化服务;培训机构;培训机构,金牛区,104.049022,30.703768
西南交通大学九里校区心理研究与咨询中心,edu,科教文化服务;科研机构;科研机构,金牛区,104.052924,30.699526
汇英英语,edu,科教文化服务;培训机构;培训机构,金牛区,104.044764,30.70917
西南交通大学九里校区-来亚舞蹈艺术,edu,科教文化服务;培训机构;培训机构,金牛区,104.046348,30.699653
西南交通大学九里校区-橡果美术教育,edu,科教文化服务;培训机构;培训机构,金牛区,104.046176,30.699663
西南交通大学九里校区轨道交通国家实验室,edu,科教文化服务;科研机构;科研机构,金牛区,104.05268,30.704133
新方舟文化艺术学校,edu,科教文化服务;学校;职业技术学校,金牛区,104.063331,30.705785
玉居庵社区文化活动室,edu,购物服务;专卖店;烟酒专卖店|科教文化服务;文化宫;文化宫,金牛区,104.061305,30.702787
五块石街道综合文化活动中心,edu,科教文化服务;文化宫;文化宫,金牛区,104.061305,30.702787
西南交通大学九里校区科技学院,edu,科教文化服务;学校;高等院校,金牛区,104.054396,30.70414
五块石小学,edu,科教文化服务;学校;小学,金牛区,104.062865,30.704958
西南交通大学九里校区体育工作部,edu,科教文化服务;学校;高等院校,金牛区,104.053848,30.703122
腾训教育,edu,科教文化服务;培训机构;培训机构,金牛区,104.063331,30.705785
西南交通大学九里校区成教院,edu,科教文化服务;学校;高等院校,金牛区,104.054336,30.701786
西南交通大学九里校区实验室区,edu,科教文化服务;学校;高等院校,金牛区,104.054021,30.700841
西南交通大学九里校区工程机械系,edu,科教文化服务;学校;高等院校,金牛区,104.053589,30.700519
西南交通大学九里校区研究生会会议室,edu,科教文化服务;学校;高等院校,金牛区,104.053642,30.703271
西南交通大学九里校区研究生会办公室,edu,科教文化服务;学校;高等院校,金牛区,104.053632,30.703699
西南交通大学九里校区体育工作部办公室,edu,科教文化服务;学校;高等院校,金牛区,104.053646,30.702984
嘉木幼儿园,edu,科教文化服务;学校;幼儿园,金牛区,104.062764,30.704956
西南交通大学九里校区远程与继续教育学院校本部学习中心,edu,科教文化服务;学校;高等院校,金牛区,104.054657,30.701755
道路工程四川省重点实验室,edu,科教文化服务;科研机构;科研机构,金牛区,104.054247,30.701098
西南交通大学九里校区远程与继续教育学院,edu,科教文化服务;学校;成人教育,金牛区,104.054657,30.701755
原点油画工作室,edu,科教文化服务;培训机构;培训机构,金牛区,104.061745,30.702452
西南交通大学土木工程爆破研究院,edu,科教文化服务;科研机构;科研机构,金牛区,104.053866,30.701404
西南交通大学九里校区结构工程试验中心,edu,科教文化服务;科研机构;科研机构,金牛区,104.053946,30.700324
西南交通大学九里校区岩土工程试验中心,edu,科教文化服务;科研机构;科研机构,金牛区,104.054437,30.701421
莱特瑞尔教育,edu,科教文化服务;培训机构;培训机构,金牛区,104.063505,30.706062
来亚体舞艺术中心,edu,科教文化服务;培训机构;培训机构,金牛区,104.053607,30.702676
茅以升桥梁研究所,edu,科教文化服务;科研机构;科研机构,金牛区,104.053938,30.700383
丫丫拉丁舞工作室,edu,科教文化服务;培训机构;培训机构,金牛区,104.053595,30.7029
西南交通大学九里校区岩土工程系岩土工程研究所,edu,科教文化服务;科研机构;科研机构,金牛区,104.053984,30.701317
西南交通大学九里校区地下工程系地下工程研究所,edu,科教文化服务;科研机构;科研机构,金牛区,104.053984,30.701317
西南交通大学九里校区土木工程爆破研究所,edu,科教文化服务;科研机构;科研机构,金牛区,104.053984,30.701317
西南交通大学九里校区交通隧道工程教育部重点实验室,edu,科教文化服务;科研机构;科研机构,金牛区,104.05393,30.699572
西南交通大学九里校区抗震工程四川省重点实验室,edu,科教文化服务;科研机构;科研机构,金牛区,104.054247,30.701098
西南交通大学九里校区磁浮技术和磁浮列车教育部重点实验室,edu,科教文化服务;科研机构;科研机构,金牛区,104.053626,30.70028
西南交通大学九里校区土木工程实验教学中心土力学实验室,edu,科教文化服务;科研机构;科研机构,金牛区,104.053866,30.701404
西南交通大学九里校区高速铁路线路工程教育部重点实验室,edu,科教文化服务;科研机构;科研机构,金牛区,104.053986,30.701176
成都脊椎骨科研究所,edu,科教文化服务;科研机构;科研机构,金牛区,104.054427,30.704171
铁路机车司机培训考试中心,edu,科教文化服务;培训机构;培训机构,金牛区,104.054326,30.701838
成都交大职业技能培训中心,edu,科教文化服务;培训机构;培训机构,金牛区,104.055413,30.702038
西南交通大学九里校区土力学实验室,edu,科教文化服务;科研机构;科研机构,金牛区,104.05394,30.701331
成都市佳味添成饮料科技研究所,edu,科教文化服务;科研机构;科研机构,金牛区,104.059396,30.707341
西南交通大学九里校区桥梁工程系桥梁工程研究所,edu,科教文化服务;科研机构;科研机构,金牛区,104.053938,30.700383
西南交通大学九里校区机车车辆工程系,edu,科教文化服务;学校;高等院校,金牛区,104.053564,30.701155
西南交通大学九里校区远程与继续教育学院铁路机车司机培训中心,edu,科教文化服务;培训机构;培训机构,金牛区,104.054094,30.702
五月花计算机学校(蓉北商贸大道一段),edu,科教文化服务;培训机构;培训机构,金牛区,104.063331,30.705785
西南交通大学九里校区物料搬运机械实验室,edu,科教文化服务;科研机构;科研机构,金牛区,104.053671,30.700581
西南交通大学九里校区土工离心机实验室,edu,科教文化服务;科研机构;科研机构,金牛区,104.053577,30.70189
西南交通大学九里校区道路与铁道工程实验室,edu,科教文化服务;科研机构;科研机构,金牛区,104.054677,30.701176
成都铭轩文化传播有限公司,edu,科教文化服务;科教文化场所;科教文化场所,金牛区,104.069039,30.704874
成都市站东小学,edu,科教文化服务;学校;小学,成华区,104.070344,30.70215
站东小学站东校区,edu,科教文化服务;学校;小学,成华区,104.070657,30.709346
成都市金贝多幼儿园,edu,科教文化服务;学校;幼儿园,金牛区,104.067916,30.70745
成都华济皮肤病医学研究院,edu,科教文化服务;科研机构;科研机构,金牛区,104.063821,30.706588
残之缘电子阅览室(站西桥东巷),edu,科教文化服务;图书馆;图书馆,金牛区,104.065514,30.700996
BD舞蹈工作室,edu,科教文化服务;培训机构;培训机构,金牛区,104.067968,30.70745
红林艺术中心,edu,科教文化服务;培训机构;培训机构,金牛区,104.066921,30.705314
中国传统医学会五块石风湿病骨质增生研究所,edu,科教文化服务;科研机构;科研机构,金牛区,104.063982,30.700633
成都火车头幼儿园,edu,科教文化服务;学校;幼儿园,成华区,104.076284,30.701745
甜恬幼儿园,edu,科教文化服务;学校;幼儿园,成华区,104.074772,30.709187
泰来幼儿园,edu,科教文化服务;学校;幼儿园,成华区,104.073861,30.70677
双水甜怡幼儿园,edu,科教文化服务;学校;幼儿园,成华区,104.074768,30.709232
北站托管中心,edu,科教文化服务;培训机构;培训机构,成华区,104.07386,30.703677
启航双语幼稚园,edu,科教文化服务;学校;幼儿园,成华区,104.073844,30.703767
北京市华美联盟精神病学医学研究所,edu,科教文化服务;科研机构;科研机构,成华区,104.076107,30.704144
扬天外国语培训学校,edu,科教文化服务;培训机构;培训机构,成华区,104.075162,30.704855
大丰会计培训,edu,科教文化服务;培训机构;培训机构,成华区,104.075038,30.704955
成都市扬天外语学校,edu,科教文化服务;培训机构;培训机构,成华区,104.07518,30.704941
艺诚博雅艺术文化中心,edu,科教文化服务;培训机构;培训机构,成华区,104.090164,30.709152
成都星奥文化传播有限公司,edu,科教文化服务;传媒机构;传媒机构,成华区,104.092707,30.704958
成都今彩文化传播有限公司,edu,科教文化服务;传媒机构;传媒机构,成华区,104.093077,30.70498
成都乐然文化传播有限公司,edu,科教文化服务;科教文化场所;科教文化场所,成华区,104.092992,30.705191
贝优数学学校(驷马桥店),edu,科教文化服务;科教文化场所;科教文化场所,成华区,104.092736,30.704227
鑫艺艺术培训中心,edu,科教文化服务;培训机构;培训机构,成华区,104.092736,30.704229
成都市金盾驾校有限公司,edu,科教文化服务;科教文化场所;科教文化场所,成华区,104.093025,30.705007
华起教育,edu,科教文化服务;培训机构;培训机构,成华区,104.090377,30.708728
米博艺术教育,edu,科教文化服务;培训机构;培训机构,成华区,104.092128,30.708081
戴氏教育,edu,科教文化服务;培训机构;培训机构,成华区,104.093141,30.707511
童老教育,edu,科教文化服务;培训机构;培训机构,成华区,104.092702,30.704235
博艺艺术培训,edu,科教文化服务;培训机构;培训机构,成华区,104.092519,30.705515
澳斯特教育,edu,科教文化服务;培训机构;培训机构,成华区,104.092737,30.704227
千叶传媒,edu,科教文化服务;传媒机构;传媒机构,成华区,104.093395,30.705621
吉的堡英语(成都北门校区),edu,科教文化服务;培训机构;培训机构,成华区,104.092122,30.707453
成都倍赛克仪器仪表研究所,edu,科教文化服务;科研机构;科研机构,成华区,104.09342,30.70473
成都浩瑞教育咨询有限公司,edu,科教文化服务;培训机构;培训机构,成华区,104.090243,30.709264
成都一哥面饮食文化传播中心,edu,科教文化服务;培训机构;培训机构,成华区,104.093547,30.705276
金牌家居文化传媒有限公司,edu,科教文化服务;科教文化场所;科教文化场所,成华区,104.094156,30.709176
成都大鸿文化传播有限公司,edu,科教文化服务;科教文化场所;科教文化场所,成华区,104.093934,30.706023
成都得天文化传播有限公司,edu,科教文化服务;科教文化场所;科教文化场所,成华区,104.095388,30.706578
四川嘉德乐文化传播公司,edu,科教文化服务;科教文化场所;科教文化场所,成华区,104.093934,30.706023
成都非格文化传播有限公司,edu,科教文化服务;科教文化场所;科教文化场所,成华区,104.094236,30.706583
四川途径文化传播有限公司,edu,科教文化服务;传媒机构;传媒机构,成华区,104.094986,30.706707
四川英特嘉文化传媒有限公司,edu,科教文化服务;科教文化场所;科教文化场所,成华区,104.094252,30.706657
成都三只笨鸟文化传播有限公司,edu,科教文化服务;科教文化场所;科教文化场所,成华区,104.095593,30.708458
四川牛牛定投文化传播有限公司,edu,科教文化服务;科教文化场所;科教文化场所,成华区,104.094289,30.706749
贝蕾幼儿园(西林四街),edu,科教文化服务;学校;幼儿园,成华区,104.099888,30.70025
成都市第四十中学校(仁义路),edu,科教文化服务;学校;中学,成华区,104.097483,30.704013
成都市第三十幼儿园,edu,科教文化服务;学校;幼儿园,成华区,104.097658,30.702202
成都巨美美容化妆学校,edu,科教文化服务;培训机构;培训机构,成华区,104.093776,30.706091
锦城艺术,edu,科教文化服务;美术馆;美术馆,成华区,104.094366,30.701154
新心爱蒙特托管中心,edu,科教文化服务;科教文化场所;科教文化场所,成华区,104.103244,30.700895
佳音英语(青龙场分校),edu,科教文化服务;培训机构;培训机构,成华区,104.096475,30.701842
红领巾教育,edu,科教文化服务;培训机构;培训机构,成华区,104.097475,30.700243
乐学诚信教育,edu,科教文化服务;培训机构;培训机构,成华区,104.094153,30.708655
般若教育,edu,科教文化服务;培训机构;培训机构,成华区,104.094171,30.7082
望博教育,edu,科教文化服务;培训机构;培训机构,成华区,104.094295,30.706675
三阶教育,edu,科教文化服务;培训机构;培训机构,成华区,104.094551,30.707233
懿途教育,edu,科教文化服务;培训机构;培训机构,成华区,104.095367,30.705582
望子成龙学校(西林路),edu,科教文化服务;培训机构;培训机构,成华区,104.097276,30.701566
松琳舞蹈学校,edu,科教文化服务;培训机构;培训机构,成华区,104.097276,30.701566
裕佳辅导班,edu,科教文化服务;培训机构;培训机构,成华区,104.098956,30.700998
致远辅导班(西林三街),edu,科教文化服务;培训机构;培训机构,成华区,104.099955,30.70117
艺婷舞蹈(总校),edu,科教文化服务;培训机构;培训机构,成华区,104.09569,30.70902
胜宏远航教育,edu,科教文化服务;培训机构;培训机构,成华区,104.094544,30.708274
凯西英语培优,edu,科教文化服务;培训机构;培训机构,成华区,104.093618,30.70739
音臣艺术培训学校,edu,科教文化服务;培训机构;培训机构,成华区,104.099648,30.701585
美承画室,edu,科教文化服务;培训机构;培训机构,成华区,104.10093,30.702298
威尔教育,edu,科教文化服务;培训机构;培训机构,成华区,104.097059,30.704761
张杨童画,edu,科教文化服务;培训机构;培训机构,成华区,104.098221,30.701826
四川红领巾少儿艺术团(城北分团),edu,科教文化服务;文艺团体;文艺团体,成华区,104.097513,30.70039
成都市第十四幼儿园北回归分园,edu,科教文化服务;学校;幼儿园,成华区,104.099957,30.701631
青龙小学校,edu,科教文化服务;学校;小学,成华区,104.107463,30.703794
青龙小学,edu,科教文化服务;学校;小学,成华区,104.10748,30.703933
成都石室中学初中学校青龙校区,edu,科教文化服务;学校;中学,成华区,104.112169,30.704931
西南油气田老年大学,edu,科教文化服务;学校;成人教育,成华区,104.106959,30.705755
成都市第二十四幼儿园,edu,科教文化服务;学校;幼儿园,成华区,104.107187,30.702686
青龙中心幼儿园(云龙路),edu,科教文化服务;学校;幼儿园,成华区,104.103969,30.703969
成都市民艺堂艺术中心,edu,科教文化服务;美术馆;美术馆,成华区,104.113279,30.702421
成都市建筑职业技术学校,edu,科教文化服务;学校;职业技术学校,成华区,104.108282,30.70648
中共西南石油局委员会党校,edu,科教文化服务;学校;学校,成华区,104.106959,30.705753
成华区市民终身教育学校,edu,科教文化服务;学校;学校,成华区,104.108831,30.706655
成都市建筑职业中专校(过渡校区),edu,科教文化服务;学校;职业技术学校,成华区,104.108314,30.707344
博瀚艺术幼儿园,edu,科教文化服务;学校;幼儿园,成华区,104.1109,30.701996
成都市第四十中学校,edu,科教文化服务;科教文化场所;科教文化场所,成华区,104.108177,30.70651
中国石化西南石油培训中心,edu,科教文化服务;培训机构;培训机构,成华区,104.106959,30.705753
西南交通大学信息产业学院成都市建筑职业中专校教学部,edu,科教文化服务;学校;职业技术学校,成华区,104.108831,30.706655
戴氏教育青龙场总校,edu,科教文化服务;培训机构;培训机构,成华区,104.111851,30.704712
五彩石艺术中心,edu,科教文化服务;培训机构;培训机构,成华区,104.106818,30.701811
新心艺术培训中心,edu,科教文化服务;培训机构;培训机构,成华区,104.107572,30.700109
美森教育(青龙场店),edu,科教文化服务;培训机构;培训机构,成华区,104.113348,30.702198
朝阳教育(云龙南路),edu,科教文化服务;培训机构;培训机构,成华区,104.105767,30.702967
名艺堂艺术中心(青龙校区),edu,科教文化服务;培训机构;培训机构,成华区,104.11335,30.702196
成都仁德教育培训学校,edu,科教文化服务;培训机构;培训机构,成华区,104.103497,30.70582
开心爱蒙特幼儿园,edu,科教文化服务;学校;幼儿园,成华区,104.107573,30.7002
青龙街道综合文化活动中心,edu,科教文化服务;文化宫;文化宫,成华区,104.113583,30.701326
启蒙幼儿园(成华青龙街道海滨湾社区卫生服务站东),edu,科教文化服务;学校;幼儿园,成华区,104.122318,30.706722
四川省工业贸易学校,edu,科教文化服务;学校;高等院校,成华区,104.117773,30.705516
成都市实验中学,edu,科教文化服务;学校;中学,成华区,104.119274,30.709105
成都实验商贸管理学校,edu,科教文化服务;学校;学校,成华区,104.117499,30.706352
四川农大成都教学部,edu,科教文化服务;学校;高等院校,成华区,104.11746,30.70621
青龙街道社区科普大学,edu,科教文化服务;学校;高等院校,成华区,104.113595,30.701387
教育科学研究院附属小学,edu,科教文化服务;学校;小学,成华区,104.118122,30.703984
新心启蒙幼儿托管中心,edu,科教文化服务;学校;幼儿园,成华区,104.113537,30.700069
贝艺登幼儿园,edu,科教文化服务;学校;幼儿园,成华区,104.115653,30.703524
成都市第十三幼儿园海滨分园,edu,科教文化服务;学校;幼儿园,成华区,104.118778,30.702795
海滨小学,edu,科教文化服务;学校;小学,成华区,104.122137,30.706433
海滨小学,edu,科教文化服务;学校;小学,成华区,104.116879,30.708622
成都机务段职工教育科,edu,科教文化服务;科教文化场所;科教文化场所,成华区,104.119754,30.700638
子罕教育,edu,科教文化服务;培训机构;培训机构,成华区,104.117612,30.70318
会顶教育,edu,科教文化服务;培训机构;培训机构,成华区,104.115876,30.703092
特种作业培训,edu,科教文化服务;培训机构;培训机构,成华区,104.117691,30.706785
可瑞恩教育,edu,科教文化服务;培训机构;培训机构,成华区,104.115181,30.708006
中国建筑西南勘察设计研究院岩土试验中心,edu,科教文化服务;科研机构;科研机构,成华区,104.114984,30.706513
中国建筑西南勘察研究院基地,edu,科教文化服务;科研机构;科研机构,成华区,104.114983,30.706513
四川盛视天和文化传播有限公司,edu,科教文化服务;科教文化场所;科教文化场所,成华区,104.156835,30.70313
成都石室中学(北湖校区),edu,科教文化服务;学校;中学,成华区,104.154061,30.702794
龙潭小学校,edu,科教文化服务;学校;小学,成华区,104.161141,30.70629
北京大学附属小学英语实验校,edu,科教文化服务;学校;小学,成华区,104.161142,30.706291
方圆文化艺术培训学校,edu,科教文化服务;培训机构;培训机构,成华区,104.167327,30.708812
龙锦社区安心文化宫,edu,科教文化服务;文化宫;文化宫,成华区,104.168953,30.700567
成才教育(成泰路),edu,科教文化服务;培训机构;培训机构,成华区,104.166503,30.699683
成都三十八中,edu,科教文化服务;学校;中学,成华区,104.167717,30.706463
成都市第三十八中学校红十字博爱教学综合楼,edu,科教文化服务;学校;学校,成华区,104.168262,30.707088
翰森贝迪幼儿园,edu,科教文化服务;学校;幼儿园,成华区,104.171924,30.700415
成都弘弘中医药研究院,edu,科教文化服务;科研机构;科研机构,成华区,104.171605,30.708497
成都鲍豪斯美发学校,edu,科教文化服务;科教文化场所;科教文化场所,成华区,104.164083,30.705816
天欣驾校华泰路分校,edu,科教文化服务;科教文化场所;科教文化场所,成华区,104.164312,30.700366
悦音钢琴屋,edu,科教文化服务;培训机构;培训机构,成华区,104.171112,30.703342
学而之教育,edu,科教文化服务;培训机构;培训机构,成华区,104.167952,30.705775
快乐鸟教育,edu,科教文化服务;培训机构;培训机构,成华区,104.167952,30.705774
艺学通艺术培训中心,edu,科教文化服务;培训机构;培训机构,成华区,104.166503,30.699683
新路径教育,edu,科教文化服务;培训机构;培训机构,成华区,104.166505,30.699685
海洋童画(金科校区),edu,科教文化服务;培训机构;培训机构,成华区,104.165937,30.69966
成才教育,edu,科教文化服务;培训机构;培训机构,成华区,104.165171,30.699718
长征机动车驾驶员培训学校有限公司,edu,科教文化服务;科教文化场所;科教文化场所,成华区,104.171335,30.70834
同仁幼儿园,edu,科教文化服务;学校;幼儿园,成华区,104.177962,30.708901
成华区青少年综合实践教育活动中心,edu,科教文化服务;科教文化场所;科教文化场所,成华区,104.178268,30.709355
成都市成华区小学生生命教育实训基地,edu,科教文化服务;科教文化场所;科教文化场所,成华区,104.178223,30.709314
阳阳幼儿园(纬六路),edu,科教文化服务;学校;幼儿园,青羊区,103.969825,30.696692
成航幼儿园,edu,科教文化服务;学校;幼儿园,青羊区,103.972486,30.693102
华馨艺术中心,edu,科教文化服务;美术馆;美术馆,青羊区,103.966025,30.697744
小博士幼儿园(纬一路),edu,科教文化服务;学校;幼儿园,青羊区,103.970097,30.699559
青羊区苗苗幼儿园(清河一支路),edu,科教文化服务;学校;幼儿园,青羊区,103.969348,30.690515
成都市赵妈妈幼儿园,edu,科教文化服务;学校;幼儿园,青羊区,103.967591,30.692643
成都市千禧幼儿园(经二路),edu,科教文化服务;学校;幼儿园,青羊区,103.965381,30.693991
名师教育学校,edu,科教文化服务;培训机构;培训机构,青羊区,103.971944,30.6964
乐学教育(清河路),edu,科教文化服务;培训机构;培训机构,青羊区,103.971586,30.696484
文大教育(成飞校区),edu,科教文化服务;培训机构;培训机构,青羊区,103.966206,30.693595
飞格教育艺术培训中心,edu,科教文化服务;培训机构;培训机构,青羊区,103.97155,30.696139
亭亭玉立舞培训中心,edu,科教文化服务;培训机构;培训机构,青羊区,103.97005,30.694581
德学教育总校区,edu,科教文化服务;培训机构;培训机构,青羊区,103.965936,30.697851
天艺全优教育,edu,科教文化服务;培训机构;培训机构,青羊区,103.965935,30.697381
乐学屋,edu,科教文化服务;培训机构;培训机构,青羊区,103.971704,30.69642
百分百教育(清河一支路),edu,科教文化服务;培训机构;培训机构,青羊区,103.968431,30.691643
成都实验小学明道分校,edu,科教文化服务;学校;小学,青羊区,103.967513,30.69015
周广仁钢琴艺术中心(经二路),edu,科教文化服务;培训机构;培训机构,青羊区,103.965936,30.697851
三乐教育名师点播学校黄田坝教学点,edu,科教文化服务;培训机构;培训机构,青羊区,103.972014,30.696464
名师教育学校(黄田坝教学点),edu,科教文化服务;培训机构;培训机构,青羊区,103.97194,30.696423
成都市青羊区小燕子幼儿园,edu,科教文化服务;学校;幼儿园,青羊区,103.964573,30.692688
德学教育,edu,科教文化服务;科教文化场所;科教文化场所,青羊区,103.966628,30.697845
石室外语学校成都市金牛区神龙幼儿园,edu,科教文化服务;学校;幼儿园|通行设施;临街院门;临街院正门,金牛区,103.979165,30.699097
成都市树德实验中学(清波校区),edu,科教文化服务;学校;中学,青羊区,103.982029,30.690777
成都石室外语学校招生咨询报名处,edu,科教文化服务;学校;中学,金牛区,103.979336,30.699497
成都市金牛区神龙幼儿园,edu,科教文化服务;学校;幼儿园,金牛区,103.9791,30.698268
青羊区星苗幼儿园,edu,科教文化服务;学校;幼儿园,青羊区,103.975987,30.692816
萌萌熊儿童学校,edu,科教文化服务;学校;幼儿园,青羊区,103.983955,30.693461
雏鹰幼儿园(蓝光·COCO金沙2期南),edu,科教文化服务;学校;幼儿园,青羊区,103.985226,30.692122
成都市泡桐树中学,edu,科教文化服务;学校;中学,青羊区,104.003507,30.695953
晨升曦艺术培训中心,edu,科教文化服务;培训机构;培训机构,青羊区,104.003588,30.693908
乐由文化,edu,科教文化服务;传媒机构;传媒机构,青羊区,104.004389,30.692037
蜀汉文化交流中心,edu,科教文化服务;科教文化场所;科教文化场所,金牛区,104.013606,30.690514
华夏文化艺术学校(同怡横街),edu,科教文化服务;培训机构;培训机构,青羊区,104.004637,30.69437
四川华展文化传播有限公司,edu,科教文化服务;科教文化场所;科教文化场所,青羊区,104.004167,30.693418
成都时代中天文化传播有限公司,edu,科教文化服务;科教文化场所;科教文化场所,金牛区,104.010544,30.694406
四川创客工坊文化传播有限公司,edu,科教文化服务;科教文化场所;科教文化场所,青羊区,104.00615,30.691879
成都市孔雀门易文化传播有限责任公司,edu,科教文化服务;科教文化场所;科教文化场所,青羊区,104.004662,30.695953
成都市茶店子小学校南区,edu,科教文化服务;学校;小学,金牛区,104.013538,30.698905
丽豪花园酒店-会议厅,edu,科教文化服务;会展中心;会展中心,金牛区,104.010385,30.697729
成都市五幼金沙国际园,edu,科教文化服务;学校;幼儿园,金牛区,104.006423,30.691095
蜀汉外国语实验小学,edu,科教文化服务;学校;小学,金牛区,104.006583,30.697457
成都市城市照明管理处设计室,edu,科教文化服务;科研机构;科研机构,金牛区,104.010772,30.690569
成都丹艺舞蹈艺术中心,edu,科教文化服务;美术馆;美术馆,青羊区,104.003959,30.69467
格林威斯登酒店-会议厅,edu,科教文化服务;会展中心;会展中心,金牛区,104.012009,30.694567
亚得里亚少儿美术(金沙店),edu,科教文化服务;美术馆;美术馆,青羊区,104.007225,30.695726
成都市第六幼儿园龙嘴园区,edu,科教文化服务;学校;幼儿园,青羊区,104.005781,30.693697
真慧学教育,edu,科教文化服务;培训机构;培训机构,青羊区,104.004825,30.694245
MDRT特训营,edu,科教文化服务;培训机构;培训机构,青羊区,104.005123,30.693905
星宇家教中心,edu,科教文化服务;培训机构;培训机构,金牛区,104.008431,30.690146
贝美国际教育,edu,科教文化服务;培训机构;培训机构,金牛区,104.011178,30.695277
弘博书院,edu,科教文化服务;培训机构;培训机构,金牛区,104.010321,30.694891
爱贝国际少儿英语(蜀汉路),edu,科教文化服务;培训机构;培训机构,金牛区,104.011548,30.695756
四川远山影视文化有限公司,edu,科教文化服务;传媒机构;传媒机构,金牛区,104.018295,30.69165
茶店子街道综合文化活动中心,edu,科教文化服务;文化宫;文化宫,金牛区,104.022918,30.698428
育德幼儿园(育德路),edu,科教文化服务;学校;幼儿园,金牛区,104.014896,30.697514
红色幼儿园,edu,科教文化服务;学校;幼儿园,金牛区,104.017655,30.697451
成都水利水电职工大学,edu,科教文化服务;学校;成人教育,金牛区,104.014381,30.695778
石笋街小学,edu,科教文化服务;学校;小学,金牛区,104.022696,30.6909
成都市标准化研究院,edu,科教文化服务;科研机构;科研机构,金牛区,104.021061,30.6934
启智幼儿园(营康西路),edu,科教文化服务;学校;幼儿园,金牛区,104.022248,30.696114
上堰酒店-会议厅,edu,科教文化服务;会展中心;会展中心,金牛区,104.015187,30.695358
中国电子科技集团公司第二十九研究所,edu,科教文化服务;科研机构;科研机构,金牛区,104.021225,30.696973
成都市茶店子小学城市少年宫,edu,科教文化服务;文化宫;文化宫,金牛区,104.013703,30.699199
电子科技大学继续教育学院当代教学部,edu,科教文化服务;学校;成人教育,金牛区,104.013988,30.69561
金菠萝幼儿园,edu,科教文化服务;学校;幼儿园,金牛区,104.013875,30.690225
西南电子设备研究所,edu,科教文化服务;科研机构;科研机构,金牛区,104.021425,30.696828
泰谷教育(蜀汉路),edu,科教文化服务;培训机构;培训机构,金牛区,104.017688,30.691504
爱乐锦城幼儿园,edu,科教文化服务;学校;幼儿园,金牛区,104.017594,30.692119
四川广播电视大学直属学院工商管理分校,edu,科教文化服务;学校;成人教育,金牛区,104.013988,30.69561
韦伯双语机器人学校,edu,科教文化服务;培训机构;培训机构,金牛区,104.015902,30.691703
宝宝康宁幼儿园,edu,科教文化服务;学校;幼儿园,金牛区,104.023432,30.690953
丹秋名师堂学校蜀汉分部2区,edu,科教文化服务;科教文化场所;科教文化场所,金牛区,104.017049,30.690857
成都市名师堂学校,edu,科教文化服务;科教文化场所;科教文化场所,金牛区,104.016105,30.691916
四川省院研究室,edu,科教文化服务;科研机构;科研机构,金牛区,104.019563,30.690656
音窖音乐,edu,科教文化服务;科教文化场所;科教文化场所,金牛区,104.022066,30.693803
小书僮成都石笋街校区,edu,科教文化服务;科教文化场所;科教文化场所,金牛区,104.022772,30.691987
环球乡土传媒,edu,科教文化服务;传媒机构;传媒机构,金牛区,104.02221,30.693801
戴氏精品堂(蜀汉路),edu,科教文化服务;培训机构;培训机构,金牛区,104.015891,30.692116
成都文通教育培训中心,edu,科教文化服务;培训机构;培训机构,金牛区,104.022426,30.69167
疯狂老师启奥教育,edu,科教文化服务;培训机构;培训机构,金牛区,104.015891,30.692116
阳光体育(茶小南校区),edu,科教文化服务;培训机构;培训机构,金牛区,104.0155,30.698443
雅途教育(育英南路),edu,科教文化服务;培训机构;培训机构,金牛区,104.015501,30.698444
名师园(育德路),edu,科教文化服务;培训机构;培训机构,金牛区,104.015157,30.697896
望子成龙学校(蜀汉路),edu,科教文化服务;培训机构;培训机构,金牛区,104.015891,30.692116
联创教育,edu,科教文化服务;培训机构;培训机构,金牛区,104.023353,30.699097
青色艺术教育,edu,科教文化服务;培训机构;培训机构,金牛区,104.016541,30.691389
天天音画,edu,科教文化服务;培训机构;培训机构,金牛区,104.02126,30.690336
乐谷教育,edu,科教文化服务;培训机构;培训机构,金牛区,104.017492,30.691658
丫丫舞蹈,edu,科教文化服务;培训机构;培训机构,金牛区,104.021171,30.689551
艺术家美术工作室,edu,科教文化服务;培训机构;培训机构,金牛区,104.015884,30.69586
成都齐梦达教育,edu,科教文化服务;培训机构;培训机构,金牛区,104.016105,30.691912
成都中医药大学教学医(基地),edu,科教文化服务;科教文化场所;科教文化场所,金牛区,104.014292,30.693757
金牛区黄忠街道道德讲堂,edu,科教文化服务;培训机构;培训机构,金牛区,104.014926,30.690992
天籁艺术学校四川集训中心,edu,科教文化服务;培训机构;培训机构,金牛区,104.014295,30.695645
成都恒企会计培训学校(蜀汉路校区),edu,科教文化服务;培训机构;培训机构,金牛区,104.015958,30.692071
成都广播电视大学信息管理校区,edu,科教文化服务;学校;成人教育,金牛区,104.013988,30.69561
悠扬钢琴艺术培训学校(蜀汉路),edu,科教文化服务;培训机构;培训机构,金牛区,104.017642,30.691483
成都博硕堂教育(茶店子旗舰校区),edu,科教文化服务;培训机构;培训机构,金牛区,104.023481,30.699064
自由教育(中环路一品天下大街段),edu,科教文化服务;培训机构;培训机构,金牛区,104.021883,30.694203
成都笃学馆日语韩语培训学校(蜀汉路校区),edu,科教文化服务;培训机构;培训机构,金牛区,104.015513,30.691549
微系统集成研发中心,edu,科教文化服务;科教文化场所;科教文化场所,金牛区,104.021302,30.696921
佛香伽文化传播有限公司,edu,科教文化服务;科教文化场所;科教文化场所,金牛区,104.028833,30.693756
武汉开心搞定文化传播有限公司成都分公司,edu,科教文化服务;科教文化场所;科教文化场所,金牛区,104.024967,30.697508
中国电子科技集团公司第十研究所,edu,科教文化服务;科研机构;科研机构,金牛区,104.026783,30.693393
兴乐幼儿园(营康西路),edu,科教文化服务;学校;幼儿园,金牛区,104.027339,30.690489
成都耕涛美容美发职业培训学校,edu,科教文化服务;学校;职业技术学校|科教文化服务;培训机构;培训机构,金牛区,104.029344,30.696951
托菲诺幼儿园,edu,科教文化服务;学校;幼儿园,金牛区,104.032498,30.690274
茶店子街道老年学校,edu,科教文化服务;学校;成人教育,金牛区,104.031461,30.69232
金牛区少年儿童业余体育学校,edu,科教文化服务;学校;学校,金牛区,104.031573,30.693369
十所学术交流中心,edu,科教文化服务;科教文化场所;科教文化场所,金牛区,104.030664,30.696066
巨民木艺根雕展示馆,edu,科教文化服务;展览馆;展览馆,金牛区,104.032589,30.694454
中国电子科技集团公司第十研究所南院,edu,科教文化服务;科研机构;科研机构,金牛区,104.025908,30.693015
中国跆协考级一级培训单位,edu,科教文化服务;科教文化场所;科教文化场所,金牛区,104.031292,30.693015
四川雅艺教育培训有限公司,edu,科教文化服务;科教文化场所;科教文化场所,金牛区,104.024966,30.697364
佳诚围棋教室,edu,科教文化服务;培训机构;培训机构,金牛区,104.029059,30.694047
耘涛美容美发职业培训学校,edu,科教文化服务;培训机构;培训机构,金牛区,104.030279,30.693399
成都金牛区耘翔劳动技能培训学校,edu,科教文化服务;培训机构;培训机构,金牛区,104.029344,30.696951
成都市蓓蕾幼儿园(金牛区国民体质监测中心东南),edu,科教文化服务;学校;幼儿园,金牛区,104.032027,30.6934
四川辰晖文化艺术培训中心,edu,科教文化服务;培训机构;培训机构,金牛区,104.042824,30.69041
成都昌军影视文化传播有限公司,edu,科教文化服务;传媒机构;传媒机构,金牛区,104.035527,30.690346
成都主博文化传播有限公司,edu,科教文化服务;科教文化场所;科教文化场所,金牛区,104.037994,30.693581
成都市润亿文化传播有限公司,edu,科教文化服务;科教文化场所;科教文化场所,金牛区,104.037852,30.693453
成都道翔文化传播有限责任公司,edu,科教文化服务;科教文化场所;科教文化场所,金牛区,104.042335,30.695176
成都品尚传达文化传播有限公司,edu,科教文化服务;科教文化场所;科教文化场所,金牛区,104.037838,30.693437
成都你和我文化传播有限公司,edu,科教文化服务;传媒机构;传媒机构,金牛区,104.040137,30.693713
安然现代服务职业技能培训学校,edu,科教文化服务;培训机构;培训机构,金牛区,104.04282,30.690408
成都市高地美术培训学校(营门口路),edu,科教文化服务;培训机构;培训机构,金牛区,104.03704,30.6904
成都市金牛区图书馆,edu,科教文化服务;图书馆;图书馆,金牛区,104.037548,30.690576
四川省民政干部学校,edu,科教文化服务;学校;成人教育|科教文化服务;学校;职业技术学校,金牛区,104.042824,30.69041
EF英孚青少儿英语(沙湾中心),edu,科教文化服务;培训机构;培训机构,金牛区,104.043174,30.695508
光荣小学校,edu,科教文化服务;学校;小学,金牛区,104.040572,30.693639
魅客学院,edu,科教文化服务;学校;高等院校,金牛区,104.043093,30.699117
光亚幼稚园(鼎恒中心南),edu,科教文化服务;学校;幼儿园,金牛区,104.038055,30.69139
光荣音乐幼儿园,edu,科教文化服务;学校;幼儿园,金牛区,104.040765,30.698042
成都广播电视大学信息管理学院,edu,科教文化服务;学校;高等院校|科教文化服务;学校;成人教育,金牛区,104.04282,30.690406
小天鹅双语幼儿园,edu,科教文化服务;学校;幼儿园,金牛区,104.036657,30.697365
贝思特幼稚园(金沙巷),edu,科教文化服务;学校;幼儿园,金牛区,104.041792,30.690562
四川老年大学,edu,科教文化服务;学校;成人教育,金牛区,104.042822,30.690409
成都市福利特殊教育学校,edu,科教文化服务;学校;学校,金牛区,104.03704,30.6904
嘉立假日酒店-会议厅,edu,科教文化服务;会展中心;会展中心,金牛区,104.037734,30.692417
蜀韵精英艺术学校(北武跆拳道分馆),edu,科教文化服务;学校;职业技术学校,金牛区,104.040326,30.693537
奇魔乐高,edu,科教文化服务;培训机构;培训机构,金牛区,104.043401,30.696094
七色光舞蹈学校(金房苑东路),edu,科教文化服务;培训机构;培训机构,金牛区,104.03739,30.69723
四川省志翔职业技术学校,edu,科教文化服务;学校;职业技术学校,金牛区,104.042645,30.690667
西南交通大学无损检测研究中心,edu,科教文化服务;科研机构;科研机构,金牛区,104.043085,30.699362
交大创客空间,edu,科教文化服务;科教文化场所;科教文化场所,金牛区,104.043054,30.699166
戴氏营门口城西总校,edu,科教文化服务;培训机构;培训机构,金牛区,104.041536,30.69509
成都洛比广告传播有限公司,edu,科教文化服务;传媒机构;传媒机构,金牛区,104.040137,30.693713
华北星学校,edu,科教文化服务;培训机构;培训机构,金牛区,104.04312,30.695837
四川青少年正畸示范中心,edu,科教文化服务;科教文化场所;科教文化场所,金牛区,104.041333,30.696011
成都市福利特俗教育学校,edu,科教文化服务;科教文化场所;科教文化场所,金牛区,104.036971,30.690416
星空琴行(凯德MALL沙湾店),edu,科教文化服务;培训机构;培训机构,金牛区,104.042658,30.695653
月儿·领舞艺术中心,edu,科教文化服务;培训机构;培训机构,金牛区,104.034191,30.692986
翰阳教育,edu,科教文化服务;培训机构;培训机构,金牛区,104.034072,30.692311
三棵树作文,edu,科教文化服务;培训机构;培训机构,金牛区,104.034072,30.692311
红菱舞校(奥林校区店),edu,科教文化服务;培训机构;培训机构,金牛区,104.034072,30.692311
乐之艺音乐教室,edu,科教文化服务;培训机构;培训机构,金牛区,104.038587,30.697561
文林教育,edu,科教文化服务;培训机构;培训机构,金牛区,104.034106,30.694868
戴氏教育,edu,科教文化服务;培训机构;培训机构,金牛区,104.041445,30.695274
优优数学(交大校区),edu,科教文化服务;培训机构;培训机构,金牛区,104.04312,30.695837
瑞亨建筑培训,edu,科教文化服务;培训机构;培训机构,金牛区,104.038151,30.692449
三迁教育(营门口校区),edu,科教文化服务;培训机构;培训机构,金牛区,104.034106,30.694868
蜀韵精英艺术学校,edu,科教文化服务;培训机构;培训机构,金牛区,104.040137,30.693713
爱之声艺术培训中心,edu,科教文化服务;培训机构;培训机构,金牛区,104.033996,30.692492
成都自由游户外,edu,科教文化服务;培训机构;培训机构,金牛区,104.035058,30.69269
西南交通大学光电工程研究所(银沙横街15号院东北),edu,科教文化服务;科研机构;科研机构,金牛区,104.043085,30.699362
仁和会计教育(二环路北一段),edu,科教文化服务;培训机构;培训机构,金牛区,104.04312,30.695837
森之音琴行(交大艺术中心),edu,科教文化服务;培训机构;培训机构,金牛区,104.038358,30.699376
西南交通大学工程训练中心,edu,科教文化服务;培训机构;培训机构,金牛区,104.043085,30.699362
悦来莎生日蛋糕西点培训中心,edu,科教文化服务;培训机构;培训机构,金牛区,104.034433,30.691814
优仕肯迪成长中心(奥林分部),edu,科教文化服务;培训机构;培训机构,金牛区,104.033615,30.692325
四川省精神专科护士培训基地,edu,科教文化服务;培训机构;培训机构,金牛区,104.03641,30.693301
成都锦城创新思维学校,edu,科教文化服务;培训机构;培训机构,金牛区,104.040137,30.693713
成都市熊家班表演艺术团,edu,科教文化服务;文艺团体;文艺团体,金牛区,104.037852,30.693453
川妹子家政抚琴街道再就业培训中心,edu,科教文化服务;培训机构;培训机构,金牛区,104.041484,30.694109
三德名师点拨学校(营门口校区),edu,科教文化服务;培训机构;培训机构,金牛区,104.039709,30.693862
四川省道路运输职业技能(成都第一培训部),edu,科教文化服务;培训机构;培训机构,金牛区,104.04205,30.690462
成都博厚学优教育,edu,科教文化服务;培训机构;培训机构,金牛区,104.042824,30.69041
四川时代学院电大工商分院,edu,科教文化服务;学校;高等院校,金牛区,104.037805,30.693465
劳动和社会保障成都创新实践研究基地,edu,科教文化服务;科研机构;科研机构,金牛区,104.038618,30.693098
北京英诺威尔成都研发中心,edu,科教文化服务;科教文化场所;科教文化场所,金牛区,104.043096,30.695802
广播电视报,edu,科教文化服务;传媒机构;报社,金牛区,104.033909,30.692639
锦城文化艺术学校,edu,科教文化服务;培训机构;培训机构,金牛区,104.049228,30.689741
成都江南文化艺术学校,edu,科教文化服务;学校;职业技术学校,金牛区,104.04941,30.690855
成都银幸文化传播有限公司,edu,科教文化服务;科教文化场所;科教文化场所,金牛区,104.043788,30.69884
成都人众人文化传播有限公司,edu,科教文化服务;科教文化场所;科教文化场所,金牛区,104.044545,30.69307
成都市博文思文化传播有限公司,edu,科教文化服务;科教文化场所;科教文化场所,金牛区,104.048164,30.692995
成都聚尚映画文化传播有限公司,edu,科教文化服务;科教文化场所;科教文化场所,金牛区,104.043802,30.694207
成都范华玖洲文化传播有限公司,edu,科教文化服务;科教文化场所;科教文化场所,金牛区,104.043675,30.696977
成都国际会议展览中心,edu,科教文化服务;会展中心;会展中心,金牛区,104.046303,30.694534
成都市锦城学堂培训学校,edu,科教文化服务;培训机构;培训机构,金牛区,104.049228,30.689741
博沃思素质成长中心(沙湾店),edu,科教文化服务;培训机构;培训机构,金牛区,104.048085,30.693563
西南交通大学九里校区研究生院培养办公室,edu,科教文化服务;学校;高等院校,金牛区,104.052939,30.698666
四川省成都市财贸职业高级中学(光荣北路),edu,科教文化服务;学校;中学,金牛区,104.04654,30.690605
西南交通大学九里校区建筑学院,edu,科教文化服务;学校;高等院校,金牛区,104.051095,30.699402
丹秋名师堂学校(沙湾校区),edu,科教文化服务;培训机构;培训机构|科教文化服务;学校;学校,金牛区,104.048206,30.69639
西南交通大学九里校区生命科学与工程学院,edu,科教文化服务;学校;高等院校,金牛区,104.051015,30.69879
加州花园酒店会议中心,edu,科教文化服务;会展中心;会展中心,金牛区,104.0466,30.694304
西南交通大学研究生院,edu,科教文化服务;学校;高等院校,金牛区,104.052897,30.698727
西南交通大学九里校区学生会堂,edu,科教文化服务;会展中心;会展中心,金牛区,104.053534,30.697654
成都国际会议展览中心(3号门),edu,通行设施;临街院门;临街院门|科教文化服务;会展中心;会展中心,金牛区,104.045097,30.694157
西南交通大学九里校区逸夫馆,edu,科教文化服务;学校;学校,金牛区,104.052802,30.69863
西南交通大学公共管理学院,edu,科教文化服务;学校;高等院校,金牛区,104.051638,30.699026
西南交通大学九里校区1号楼值班室,edu,科教文化服务;学校;高等院校,金牛区,104.051133,30.699402
西南交通大学九里校区物理科学与技术学院,edu,科教文化服务;学校;高等院校,金牛区,104.051015,30.69879
西南交通大学九里校区办公楼,edu,科教文化服务;学校;学校,金牛区,104.050917,30.697636
西南交通大学九里校区中心教学楼,edu,科教文化服务;学校;学校,金牛区,104.052099,30.699218
西南交通大学九里校区电气馆,edu,科教文化服务;学校;学校,金牛区,104.051015,30.69879
成都西南数控机电学校,edu,科教文化服务;学校;职业技术学校,金牛区,104.049757,30.696577
西南交通大学九里校区数学学院,edu,科教文化服务;学校;高等院校,金牛区,104.051015,30.69879
西南交通大学地球科学与环境工程学院,edu,科教文化服务;学校;高等院校,金牛区,104.050993,30.699371
西南交通大学九里校区研究生院常务副院长办公室,edu,科教文化服务;学校;高等院校,金牛区,104.052962,30.698797
新印象美术学校(二环路北一段),edu,科教文化服务;培训机构;培训机构,金牛区,104.048206,30.69639
西南交通大学九里校区公共管理学院,edu,科教文化服务;学校;高等院校,金牛区,104.051703,30.699062
橄榄树英语幼儿园,edu,科教文化服务;学校;幼儿园,金牛区,104.046325,30.691749
西南交通大学九里校区艺术与传播学院,edu,科教文化服务;学校;高等院校,金牛区,104.051566,30.699015
西南交通大学九里校区人文社会科学学院,edu,科教文化服务;学校;高等院校,金牛区,104.0516,30.699038
铁二局托儿所,edu,科教文化服务;学校;幼儿园,金牛区,104.050877,30.689547
成都国际会议展览中心(1号门),edu,科教文化服务;会展中心;会展中心|通行设施;临街院门;临街院门,金牛区,104.04797,30.695247
金世纪双语幼儿园(圃园路),edu,科教文化服务;学校;幼儿园,金牛区,104.053343,30.695345
成都现代艺术馆陈列厅,edu,科教文化服务;展览馆;展览馆,金牛区,104.046599,30.694305
西南交通大学安全技术中心,edu,科教文化服务;培训机构;培训机构,金牛区,104.047127,30.696152
山水琴筝艺术中心,edu,科教文化服务;美术馆;美术馆,金牛区,104.046193,30.697211
营门口街道社区教育学校,edu,科教文化服务;学校;学校,金牛区,104.045659,30.698229
中国市政工程中南设计院,edu,科教文化服务;科研机构;科研机构,金牛区,104.049276,30.693014
成都金牛有线电视台,edu,科教文化服务;传媒机构;电视台,金牛区,104.04982,30.693745
文轩史瑞可教育,edu,科教文化服务;培训机构;培训机构,金牛区,104.048097,30.693187
星海学校(沙湾路),edu,科教文化服务;培训机构;培训机构,金牛区,104.047127,30.696152
i时代机器人,edu,科教文化服务;科教文化场所;科教文化场所,金牛区,104.049443,30.691995
金牛广电中心,edu,科教文化服务;科教文化场所;科教文化场所,金牛区,104.049761,30.693789
玥悠然国际瑜伽学校,edu,科教文化服务;培训机构;培训机构,金牛区,104.047473,30.696376
星海学校(沙湾路),edu,科教文化服务;培训机构;培训机构,金牛区,104.047127,30.696152
i时代机器人,edu,科教文化服务;科教文化场所;科教文化场所,金牛区,104.049443,30.691995
成都复旦经济管理学校,edu,科教文化服务;学校;职业技术学校,金牛区,104.048341,30.69643
101网校(金牛分校),edu,科教文化服务;培训机构;培训机构,金牛区,104.047144,30.696007
多米诺学习成长中心,edu,科教文化服务;科教文化场所;科教文化场所,金牛区,104.046569,30.697343
成都四维星空教育,edu,科教文化服务;科教文化场所;科教文化场所,金牛区,104.045814,30.691793
九正传媒,edu,科教文化服务;科教文化场所;科教文化场所,金牛区,104.048976,30.691752
金牛广电中心,edu,科教文化服务;科教文化场所;科教文化场所,金牛区,104.049761,30.693789
玥悠然国际瑜伽学校,edu,科教文化服务;培训机构;培训机构,金牛区,104.047473,30.696376
精武天下,edu,科教文化服务;培训机构;培训机构,金牛区,104.047127,30.696152
蝶舞汇舞蹈培训中心,edu,科教文化服务;培训机构;培训机构,金牛区,104.046932,30.693353
成都易多英语学校,edu,科教文化服务;科教文化场所;科教文化场所,金牛区,104.047148,30.696013
星舞专业舞蹈培训中心,edu,科教文化服务;培训机构;培训机构,金牛区,104.047156,30.695995
西南交通大学九里校区外语学院,edu,科教文化服务;学校;高等院校,金牛区,104.051578,30.699057
艺萌音乐中心,edu,科教文化服务;培训机构;培训机构,金牛区,104.048206,30.69639
金牛会计培训中心,edu,科教文化服务;培训机构;培训机构,金牛区,104.048206,30.69639
海口市城市规划设计研究院(沙湾路),edu,科教文化服务;科研机构;科研机构,金牛区,104.049276,30.693014
西南交通大学九里校区分析测试中心,edu,科教文化服务;科研机构;科研机构,金牛区,104.051896,30.699111
新城快报,edu,科教文化服务;传媒机构;报社,金牛区,104.049425,30.691838
西南交通大学超导与新能源研究开发中心,edu,科教文化服务;科研机构;科研机构,金牛区,104.050993,30.699371
四川省制造业信息化研究院,edu,科教文化服务;科研机构;科研机构,金牛区,104.048743,30.692522
优萌艺术教育中心,edu,科教文化服务;培训机构;培训机构,金牛区,104.046125,30.697268
成都协泰会计学校,edu,科教文化服务;培训机构;培训机构,金牛区,104.049762,30.69652
良语堂,edu,科教文化服务;培训机构;培训机构,金牛区,104.045094,30.692946
青青教育(交大路),edu,科教文化服务;培训机构;培训机构,金牛区,104.046064,30.699079
成都爱培生艺术学校,edu,科教文化服务;培训机构;培训机构,金牛区,104.049228,30.689741
卓艺美术,edu,科教文化服务;培训机构;培训机构,金牛区,104.047127,30.696152
葡萄籽少儿英语,edu,科教文化服务;培训机构;培训机构,金牛区,104.046807,30.693498
飘味香餐饮培训,edu,科教文化服务;培训机构;培训机构,金牛区,104.046209,30.697865
大洋艺术学校(西门分校)李晓玲钢琴艺术中心,edu,科教文化服务;美术馆;美术馆,金牛区,104.047137,30.696028
西南交通大学智能控制与仿真工程研究中心,edu,科教文化服务;科研机构;科研机构,金牛区,104.052403,30.699308
望子成龙学校(沙湾校区),edu,科教文化服务;培训机构;培训机构,金牛区,104.048524,30.691675
金牛区拓展职业技能培训学校,edu,科教文化服务;学校;职业技术学校,金牛区,104.049757,30.696577
蒙文教育,edu,科教文化服务;培训机构;培训机构,金牛区,104.043911,30.692855
点彩儿童创意美术中心,edu,科教文化服务;培训机构;培训机构,金牛区,104.048206,30.69639
四川西美美容专修学院,edu,科教文化服务;培训机构;培训机构,金牛区,104.045171,30.697183
金牛区墨尔文培训学校,edu,科教文化服务;培训机构;培训机构,金牛区,104.050009,30.696669
极客数学帮(沙湾校区),edu,科教文化服务;培训机构;培训机构,金牛区,104.049118,30.691907
状元廊学校(沙湾校区),edu,科教文化服务;培训机构;培训机构,金牛区,104.04924,30.69211
赛尔教育,edu,科教文化服务;培训机构;培训机构,金牛区,104.049222,30.691893
成都天骄艺术培训基地,edu,科教文化服务;培训机构;培训机构,金牛区,104.046569,30.697345
欧立国际教育成都总部,edu,科教文化服务;培训机构;培训机构,金牛区,104.049277,30.693113
卢卡斯美容美发化妆学校,edu,科教文化服务;培训机构;培训机构,金牛区,104.045033,30.697054
阿斯顿英语(沙湾校区),edu,科教文化服务;培训机构;培训机构,金牛区,104.047918,30.692471
新思维学院,edu,科教文化服务;培训机构;培训机构,金牛区,104.046474,30.697629
口才培训,edu,科教文化服务;培训机构;培训机构,金牛区,104.04888,30.692003
苹果树下培训学校,edu,科教文化服务;培训机构;培训机构,金牛区,104.04921,30.692024
攀枝花攀钢集团设计研究院有限公司成都项目部,edu,科教文化服务;科教文化场所;科教文化场所,金牛区,104.048095,30.692382
馨爱婚礼专修学院,edu,科教文化服务;培训机构;培训机构,金牛区,104.045111,30.697087
成都文海教育培训机构,edu,科教文化服务;培训机构;培训机构,金牛区,104.047148,30.696013
101培优教育,edu,科教文化服务;培训机构;培训机构,金牛区,104.047148,30.696013
新隆基教育(沙湾校区),edu,科教文化服务;培训机构;培训机构,金牛区,104.047901,30.6933
成都国际会议展览中心(南1门),edu,科教文化服务;科教文化场所;科教文化场所,金牛区,104.045894,30.694439
成都国际会议展览中心(西1门),edu,科教文化服务;科教文化场所;科教文化场所,金牛区,104.04465,30.695098
华夏艺术学校(沙湾校区),edu,科教文化服务;培训机构;培训机构,金牛区,104.046426,30.69344
七彩画屋,edu,科教文化服务;培训机构;培训机构,金牛区,104.053081,30.693606
成都沙门国际会展中心二号馆,edu,科教文化服务;科教文化场所;科教文化场所,金牛区,104.045064,30.694892
学商会计培训,edu,科教文化服务;培训机构;培训机构,金牛区,104.046193,30.697211
苹果树下文学坊-写作阅读专训,edu,科教文化服务;科教文化场所;科教文化场所,金牛区,104.046358,30.697255
葡萄籽英语沙湾教室,edu,科教文化服务;培训机构;培训机构,金牛区,104.046945,30.69352
向日葵儿童创意美术中心,edu,科教文化服务;培训机构;培训机构,金牛区,104.048206,30.69639
新华文轩博沃思认知力训练中心,edu,科教文化服务;科教文化场所;科教文化场所,金牛区,104.047871,30.695153
西南交通大学MPA教育中心,edu,科教文化服务;培训机构;培训机构,金牛区,104.051638,30.699026
严水冰拉丁舞培训中心(沙湾路),edu,科教文化服务;培训机构;培训机构,金牛区,104.049228,30.689741
成都市林业和园林教育培训学校,edu,科教文化服务;培训机构;培训机构,金牛区,104.04941,30.690855
西南交通大学九里校区(爱乐)艺术教育中心,edu,科教文化服务;培训机构;培训机构,金牛区,104.053534,30.697655
国乐艺术培训工作室(交大校区店),edu,科教文化服务;科教文化场所;科教文化场所,金牛区,104.045664,30.697439
中创永信北京食品科学研究院,edu,科教文化服务;科研机构;科研机构,金牛区,104.049425,30.691838
乐天伦乐声艺术团,edu,科教文化服务;文艺团体;文艺团体,金牛区,104.050574,30.690923
攀钢集团有限公司传媒中心,edu,科教文化服务;科教文化场所;科教文化场所,金牛区,104.048095,30.692383
舞林传奇舞蹈俱乐部(沙湾店),edu,科教文化服务;培训机构;培训机构,金牛区,104.048191,30.696384
成都光华人力资源培训学校,edu,科教文化服务;培训机构;培训机构,金牛区,104.047148,30.696013
龙文教育(二环路北一段),edu,科教文化服务;培训机构;培训机构,金牛区,104.046126,30.697269
铁道第二勘察设计院地质勘察分院地质勘察大队,edu,科教文化服务;科研机构;科研机构,金牛区,104.047127,30.696152
天府早报&华西都市报发行站,edu,科教文化服务;传媒机构;报社,金牛区,104.050217,30.694882
四川省红舞鞋舞蹈学校(二环路北一段),edu,科教文化服务;培训机构;培训机构,金牛区,104.048206,30.69639
成都市严水冰拉丁舞培训中心,edu,科教文化服务;培训机构;培训机构,金牛区,104.048206,30.69639
奥林匹克杯全国数学大赛成都集训基地,edu,科教文化服务;科教文化场所;科教文化场所,金牛区,104.045971,30.697735
成都灵通英语艺术学校(沙湾路),edu,科教文化服务;培训机构;培训机构,金牛区,104.049276,30.693014
成都博民教育建筑设计培训中心,edu,科教文化服务;培训机构;培训机构,金牛区,104.049931,30.697626
西南交通大学九里校区国家大学生文化素质教育基地,edu,科教文化服务;培训机构;培训机构,金牛区,104.053586,30.697673
成都立信会计学校,edu,科教文化服务;学校;成人教育,金牛区,104.061361,30.690976
成都市风景园林规划设计院(九里堤南路),edu,科教文化服务;科研机构;科研机构,金牛区,104.054731,30.691001
西南交大-网络学院,edu,科教文化服务;学校;高等院校,金牛区,104.05426,30.697635
成都市林业勘察规划设计院,edu,科教文化服务;科研机构;科研机构,金牛区,104.054731,30.691001
西南交通大学九里校区建筑勘察设计研究院,edu,科教文化服务;科研机构;科研机构,金牛区,104.054259,30.697636
西南交通大学九里校区研究生院试卷资料室,edu,科教文化服务;学校;高等院校,金牛区,104.054472,30.69775
西南交通大学九里校区材料加工系,edu,科教文化服务;学校;高等院校,金牛区,104.05449,30.699062
英菲尔幼儿园,edu,科教文化服务;学校;幼儿园,金牛区,104.059123,30.690195
金麦吉幼儿园,edu,科教文化服务;学校;幼儿园,金牛区,104.061897,30.698275
贝贝幼儿园(西北桥北街),edu,科教文化服务;学校;幼儿园,金牛区,104.061361,30.690976
荷花池街道老年大学,edu,科教文化服务;学校;成人教育,金牛区,104.061686,30.69178
望子成龙学校(九里堤校区),edu,科教文化服务;学校;学校,金牛区,104.05501,30.697625
海阔星空艺术学校,edu,科教文化服务;学校;职业技术学校,金牛区,104.061056,30.690957
成都市兴育幼儿园,edu,科教文化服务;学校;幼儿园,金牛区,104.056526,30.698969
名姿美发学院(成都校区),edu,科教文化服务;学校;高等院校|科教文化服务;培训机构;培训机构,金牛区,104.057209,30.697581
舞星天艺舞蹈,edu,科教文化服务;培训机构;培训机构,金牛区,104.055164,30.697901
隧道实验室研发楼,edu,科教文化服务;科研机构;科研机构,金牛区,104.05389,30.698975
博思科技培训中心,edu,科教文化服务;培训机构;培训机构,金牛区,104.054259,30.697636
华夏古筝艺术学校九里堤校区,edu,科教文化服务;培训机构;培训机构,金牛区,104.055518,30.697544
泓瑶心语成长学院,edu,科教文化服务;培训机构;培训机构,金牛区,104.054259,30.697636
玉衡国学馆(九里店),edu,科教文化服务;科教文化场所;科教文化场所,金牛区,104.056016,30.696436
西南交通大学九里校区焊接研究所,edu,科教文化服务;科研机构;科研机构,金牛区,104.05449,30.699061
宝丽广告传媒,edu,科教文化服务;传媒机构;传媒机构,金牛区,104.055518,30.697544
培林巨人教育,edu,科教文化服务;培训机构;培训机构,金牛区,104.055457,30.697702
西南交通大学九里校区热喷涂研究所,edu,科教文化服务;科研机构;科研机构,金牛区,104.054488,30.699059
西南交通大学九里校区焊接实验室,edu,科教文化服务;科研机构;科研机构,金牛区,104.054509,30.698956
艺高艺术培训学校,edu,科教文化服务;培训机构;培训机构,金牛区,104.061361,30.690976
成都市五幼全兴分园,edu,科教文化服务;学校;幼儿园,金牛区,104.05678,30.695134
川音大地学校(九里堤中路),edu,科教文化服务;培训机构;培训机构,金牛区,104.05503,30.697893
四川电大时代工商学院(西南交通大学九里校区科技大厦),edu,科教文化服务;学校;高等院校,金牛区,104.054259,30.697636
丹秋精品教育中心,edu,科教文化服务;培训机构;培训机构,金牛区,104.055334,30.69821
恩光培训学校,edu,科教文化服务;培训机构;培训机构,金牛区,104.057209,30.697581
成都造价员培训中心,edu,科教文化服务;培训机构;培训机构,金牛区,104.054259,30.697636
康福德高青羊驾驶学校有限公司(九里堤中路),edu,科教文化服务;科教文化场所;科教文化场所,金牛区,104.055171,30.699037
西南交通大学九里校区材料科学与工程实验中心,edu,科教文化服务;科研机构;科研机构,金牛区,104.054204,30.698975
赛尔教育培训中心,edu,科教文化服务;培训机构;培训机构,金牛区,104.054259,30.697623
四川省先进焊接及表面工程技术研究中心(九里堤中路),edu,科教文化服务;科研机构;科研机构,金牛区,104.054488,30.699059
西南交通大学九里校区科技园材料先进制备技术研发基地,edu,科教文化服务;科研机构;科研机构,金牛区,104.054221,30.699067
四川星火教育科技有限公司,edu,科教文化服务;培训机构;培训机构,金牛区,104.05426,30.697635
西南交通大学九里校区材料实验室,edu,科教文化服务;科研机构;科研机构,金牛区,104.054234,30.699028
成都交大典伯预算员培训学校,edu,科教文化服务;培训机构;培训机构,金牛区,104.054457,30.697567
成都典伯一级建造师培训学校,edu,科教文化服务;培训机构;培训机构,金牛区,104.054412,30.697504
丹秋·名师堂学校(九里堤分部),edu,科教文化服务;培训机构;培训机构,金牛区,104.055091,30.697507
永信会计培训(二环路北二段),edu,科教文化服务;培训机构;培训机构,金牛区,104.055518,30.697545
华西都市报天府早报金牛零售站广告办理点,edu,科教文化服务;科教文化场所;科教文化场所,金牛区,104.056089,30.689608
成都交大职业技能培训中心(二环路北一段),edu,科教文化服务;培训机构;培训机构,金牛区,104.054259,30.697636
新天地培训学校(西北桥北街),edu,科教文化服务;培训机构;培训机构,金牛区,104.061361,30.690976
成都广播电视大学继续教育学院,edu,科教文化服务;学校;成人教育,金牛区,104.061361,30.690976
大成教育培训学校(西北桥北街),edu,科教文化服务;培训机构;培训机构,金牛区,104.061361,30.690976
金牛区哈雷电子设备技术研究工作室,edu,科教文化服务;科研机构;科研机构,金牛区,104.054259,30.697636
西南交通大学九里校区信号传输与处理实验室,edu,科教文化服务;科研机构;科研机构,金牛区,104.054259,30.697636
成都铁路局文化宫,edu,科教文化服务;文化宫;文化宫,金牛区,104.072506,30.696041
成铁文化活动中心,edu,科教文化服务;科教文化场所;科教文化场所,金牛区,104.066856,30.691857
成都盛鼎轩文化交流中心,edu,科教文化服务;科教文化场所;科教文化场所,金牛区,104.071091,30.691691
成都爱都时代文化传播有限公司,edu,科教文化服务;科教文化场所;科教文化场所,金牛区,104.071118,30.690804
四川盛世大顺文化传播有限公司,edu,科教文化服务;科教文化场所;科教文化场所,金牛区,104.071102,30.691583
成都尚好佳文化传播有限公司,edu,科教文化服务;传媒机构;传媒机构,金牛区,104.071986,30.696738
成都多彩汉唐文化传播有限公司,edu,科教文化服务;科教文化场所;科教文化场所,金牛区,104.071105,30.689498
四川正川厨艺文化传播有限公司,edu,科教文化服务;科教文化场所;科教文化场所,金牛区,104.071154,30.695757
四川魅时尚影视文化传媒有限公司,edu,科教文化服务;科教文化场所;科教文化场所,金牛区,104.071091,30.691691
成都五年三班文化传播有限公司,edu,科教文化服务;科教文化场所;科教文化场所,金牛区,104.073332,30.69254
成铁文化活动中心光锦补习学校,edu,科教文化服务;培训机构;培训机构,金牛区,104.067013,30.691878
罗马舞蹈服.罗马广告文化衫,edu,科教文化服务;科教文化场所;科教文化场所,金牛区,104.07111,30.692282
成都幸福人之初文化传播有限责任公司,edu,科教文化服务;科教文化场所;科教文化场所,金牛区,104.072902,30.691036
东方启明星篮球培训,edu,科教文化服务;培训机构;培训机构,金牛区,104.072456,30.696094
学尔森教育(金牛万达分校),edu,科教文化服务;培训机构;培训机构,金牛区,104.072815,30.690292
北站小学校,edu,科教文化服务;学校;小学,金牛区,104.068635,30.692524
成都地图出版社办事处,edu,科教文化服务;传媒机构;出版社,金牛区,104.071993,30.692781
小天使幼稚园(杨柳巷),edu,科教文化服务;学校;幼儿园,金牛区,104.067969,30.695806
西一路小学,edu,科教文化服务;学校;小学,金牛区,104.067345,30.693995
成都铁路运输学校,edu,科教文化服务;学校;职业技术学校|科教文化服务;学校;高等院校,金牛区,104.065657,30.692812
成都铁路设计院,edu,科教文化服务;科研机构;科研机构,金牛区,104.06847,30.693029
成都市第十七幼儿园,edu,科教文化服务;学校;幼儿园,金牛区,104.069054,30.690932
四川广播电视大学成铁分校,edu,科教文化服务;学校;成人教育,金牛区,104.066308,30.692549
中国铁路出版社成都发行分部,edu,科教文化服务;科教文化场所;科教文化场所,金牛区,104.068107,30.692878
幢幼儿园,edu,科教文化服务;学校;幼儿园,金牛区,104.072816,30.693743
爱多多国学早教,edu,科教文化服务;学校;幼儿园,金牛区,104.067891,30.691137
四川铁道大酒店会议中心,edu,科教文化服务;会展中心;会展中心,金牛区,104.069641,30.693353
成都第十五幼儿园,edu,科教文化服务;学校;幼儿园,金牛区,104.066774,30.692317
成都怡辰西美化妆美甲学院,edu,科教文化服务;学校;高等院校,金牛区,104.071533,30.691505
成都戴氏英语学校,edu,科教文化服务;科教文化场所;科教文化场所,金牛区,104.06394,30.689756
戴式精品堂学校,edu,科教文化服务;培训机构;培训机构,金牛区,104.063909,30.689754
成都市创伤骨科研究所,edu,科教文化服务;科研机构;科研机构,金牛区,104.065143,30.69626
睿研教育,edu,科教文化服务;培训机构;培训机构,金牛区,104.068229,30.69231
三德名师点拨学校,edu,科教文化服务;科教文化场所;科教文化场所,金牛区,104.068208,30.692594
永不放弃教育培训机构,edu,科教文化服务;培训机构;培训机构,金牛区,104.068724,30.696676
厨师培训班,edu,科教文化服务;培训机构;培训机构,金牛区,104.071229,30.695827
派英利尔国际教育,edu,科教文化服务;培训机构;培训机构,金牛区,104.07134,30.689606
润皇茗茶艺培训,edu,科教文化服务;培训机构;培训机构,金牛区,104.071576,30.689725
宝莱坞小主持培训,edu,科教文化服务;培训机构;培训机构,金牛区,104.071917,30.691487
尚德机构(成都金牛分校),edu,科教文化服务;培训机构;培训机构,金牛区,104.0711,30.6909
北京驾驭时光抗衰老研究院四川分院,edu,科教文化服务;科教文化场所;科教文化场所,金牛区,104.07134,30.689633
满百分教育(金牛万达校区),edu,科教文化服务;培训机构;培训机构,金牛区,104.071262,30.692389
华妆初尚纹绣半永久培训中心,edu,科教文化服务;培训机构;培训机构,金牛区,104.071217,30.691656
赛骏国际整合营销传播机构(成都分公司),edu,科教文化服务;科教文化场所;科教文化场所,金牛区,104.071228,30.689497
CCTV发现之旅《健康大本营》栏目成都地区采编中心,edu,科教文化服务;科教文化场所;科教文化场所,金牛区,104.071542,30.691189
成铁书画室,edu,科教文化服务;科教文化场所;科教文化场所,金牛区,104.066856,30.691857
成铁局文体中心光锦补习学校,edu,科教文化服务;培训机构;培训机构,金牛区,104.066856,30.691857
川音大地综艺音乐进修培训学校(北站校区),edu,科教文化服务;培训机构;培训机构,金牛区,104.068047,30.692854
西南铁道报社,edu,科教文化服务;科教文化场所;科教文化场所,金牛区,104.072968,30.695387
成铁二办科研所,edu,科教文化服务;科研机构;科研机构,金牛区,104.072777,30.696771
驷马桥小学,edu,科教文化服务;学校;小学,金牛区,104.083236,30.694208
荷花池小学,edu,科教文化服务;学校;小学,金牛区,104.076291,30.697424
四川省建筑技术进修学院,edu,科教文化服务;学校;成人教育,金牛区,104.082354,30.69404
西南交通大学成教院城北教学区,edu,科教文化服务;学校;成人教育,金牛区,104.082264,30.693759
成都市青羊区行政学校,edu,科教文化服务;学校;学校,金牛区,104.079107,30.690341
爱心幼儿园(解颐路),edu,科教文化服务;学校;幼儿园,金牛区,104.081734,30.689779
成都市第十八幼儿园,edu,科教文化服务;学校;幼儿园,金牛区,104.075405,30.698071
爱幼儿园玩具,edu,科教文化服务;学校;幼儿园,金牛区,104.078174,30.695554
中共成都铁路分局党校,edu,科教文化服务;学校;学校,金牛区,104.076686,30.698895
中共成都市青羊区委党校,edu,科教文化服务;学校;学校,金牛区,104.079107,30.690341
红花美术幼儿园,edu,科教文化服务;学校;幼儿园,金牛区,104.083109,30.694626
成都金牛区才艺学校,edu,科教文化服务;学校;小学,金牛区,104.077137,30.699328
藏绣宫艺术中心,edu,科教文化服务;美术馆;美术馆,金牛区,104.077723,30.696457
常绣宫艺术中心,edu,科教文化服务;美术馆;美术馆,金牛区,104.077711,30.696472
成都心桥心理研究中心,edu,科教文化服务;科研机构;科研机构,金牛区,104.081914,30.691469
成都华西灰指甲医学研究院,edu,科教文化服务;科研机构;科研机构,金牛区,104.082712,30.695629
成都得乐气管炎哮喘研究所,edu,科教文化服务;科研机构;科研机构,金牛区,104.082552,30.695376
华西疾病预防研究院(二环路北三段),edu,科教文化服务;科研机构;科研机构,金牛区,104.081652,30.696608
温莎美术书法,edu,科教文化服务;培训机构;培训机构,金牛区,104.074826,30.696674
手拉手,edu,科教文化服务;培训机构;培训机构,金牛区,104.076473,30.693297
成都市金牛区特殊教育中心,edu,科教文化服务;学校;学校,金牛区,104.083236,30.694208
成都晚报金牛发行驿站,edu,科教文化服务;传媒机构;报社,金牛区,104.078025,30.690353
曾燕民歌舞蹈用品专卖店,edu,科教文化服务;培训机构;培训机构,金牛区,104.074473,30.690748
贝丽培训,edu,科教文化服务;培训机构;培训机构,金牛区,104.076791,30.690185
韦博国际英语成都中心,edu,科教文化服务;科教文化场所;科教文化场所,金牛区,104.081895,30.691337
有幼儿园,edu,科教文化服务;学校;幼儿园,金牛区,104.07385,30.694681
点津教育文化艺术中心(高笋塘),edu,科教文化服务;培训机构;培训机构,金牛区,104.087832,30.696239
府青路八里庄社区文化活动室,edu,科教文化服务;文化宫;文化宫,成华区,104.090268,30.698234
成都丰瑞演绎文化传播中心,edu,科教文化服务;传媒机构;传媒机构,金牛区,104.087576,30.695712
府青路街道综合文化活动中心(驷马桥路),edu,科教文化服务;文化宫;文化宫,成华区,104.090268,30.698235
成都时速映像文化传播有限公司,edu,科教文化服务;科教文化场所;科教文化场所,金牛区,104.08739,30.695722
驷马桥街道综合文化活动中心,edu,科教文化服务;文化宫;文化宫,金牛区,104.084402,30.69107
四川慧金强智文化传媒有限公司,edu,科教文化服务;科教文化场所;科教文化场所,金牛区,104.084952,30.695944
英盟当代艺术馆,edu,科教文化服务;会展中心;会展中心|科教文化服务;美术馆;美术馆,金牛区,104.086772,30.694823
华兴幼儿园(解放路一段),edu,科教文化服务;学校;幼儿园,金牛区,104.086958,30.692691
人北实验小学,edu,科教文化服务;学校;小学,金牛区,104.088314,30.689778
琴筝国乐艺术中心(北门解放路校区),edu,科教文化服务;美术馆;美术馆,金牛区,104.085371,30.691561
成都八中北区,edu,科教文化服务;学校;中学,金牛区,104.08564,30.697783
华西甲状腺病研究院,edu,科教文化服务;科研机构;科研机构,金牛区,104.088227,30.693306
四点半少儿托管学校(解放东街),edu,科教文化服务;培训机构;培训机构,金牛区,104.085627,30.691418
春知归,edu,科教文化服务;科教文化场所;科教文化场所,金牛区,104.086131,30.695354
华新幼儿园,edu,科教文化服务;学校;幼儿园,金牛区,104.086941,30.692635
四川省有色冶金研究院(三友路),edu,科教文化服务;科研机构;科研机构,成华区,104.092295,30.690692
四川省新型焊接材料工程技术中心,edu,科教文化服务;科研机构;科研机构,成华区,104.092295,30.690692
成都福泽会计培训(北门店),edu,科教文化服务;培训机构;培训机构,金牛区,104.086939,30.695032
四川省有色冶金研究院分析检测中心,edu,科教文化服务;科研机构;科研机构,成华区,104.092295,30.690692
新东方学校(成都解放路教学区),edu,科教文化服务;培训机构;培训机构,金牛区,104.085203,30.69105
诚实幼儿园,edu,科教文化服务;科教文化场所;科教文化场所,成华区,104.09146,30.692344
五一二厂幼儿园,edu,科教文化服务;学校;幼儿园,成华区,104.093567,30.691428
东墙西施软装艺术画廊,edu,科教文化服务;科教文化场所;科教文化场所,成华区,104.094745,30.697824
上水舞蹈工作室,edu,科教文化服务;培训机构;培训机构,成华区,104.102607,30.689936
油田化学研究室,edu,科教文化服务;科研机构;科研机构,成华区,104.098785,30.690537
成华实验小学北校区,edu,科教文化服务;学校;小学,成华区,104.108887,30.689826
桃蹊社区幼儿园,edu,科教文化服务;学校;幼儿园,成华区,104.105411,30.689856
佳艺艺术中心,edu,科教文化服务;培训机构;培训机构,成华区,104.109053,30.689592
美声艺术中心(八里店),edu,科教文化服务;培训机构;培训机构,成华区,104.109831,30.68996
师路教育,edu,科教文化服务;培训机构;培训机构,成华区,104.106698,30.68986
国萌教育(八里店),edu,科教文化服务;培训机构;培训机构,成华区,104.1098,30.689982
地质勘察院,edu,科教文化服务;科教文化场所;科教文化场所,成华区,104.111279,30.692309
金童年幼儿园(中环路八里庄路段),edu,科教文化服务;学校;幼儿园,成华区,104.115152,30.690122
金运来噢互联网分校,edu,科教文化服务;科教文化场所;科教文化场所,成华区,104.11479,30.690385
中铁八局CA砂浆试验室,edu,科教文化服务;科研机构;科研机构,成华区,104.119639,30.696183
成都市成华区才艺学校,edu,科教文化服务;学校;学校,成华区,104.140352,30.696179
圣灯红十字博爱学校,edu,科教文化服务;学校;小学,成华区,104.140385,30.696211
慧明文化传播有限公司,edu,科教文化服务;科教文化场所;科教文化场所,成华区,104.161477,30.698606
成都攀岩者文化传播有限公司,edu,科教文化服务;科教文化场所;科教文化场所,成华区,104.161053,30.695268
向龙幼儿园,edu,科教文化服务;学校;幼儿园,成华区,104.154199,30.694693
启航中心幼稚园,edu,科教文化服务;学校;幼儿园,成华区,104.161999,30.6959
宝马培训学院,edu,科教文化服务;培训机构;培训机构,成华区,104.160599,30.690168
人民日报海外网,edu,科教文化服务;科教文化场所;科教文化场所,成华区,104.161409,30.690516
长征宝马军训培训基地,edu,科教文化服务;科教文化场所;科教文化场所,成华区,104.162901,30.691304
龙潭街道市民文化艺术馆,edu,科教文化服务;展览馆;展览馆,成华区,104.168922,30.69885
成都玉婷文化艺术学校(龙潭校区),edu,科教文化服务;培训机构;培训机构,成华区,104.168923,30.698845
双庆中学龙潭总部经济城校区,edu,科教文化服务;学校;高等院校,成华区,104.170789,30.698891
戴氏教育(龙潭寺校区),edu,科教文化服务;培训机构;培训机构,成华区,104.171451,30.698533
中国医学科学院,edu,科教文化服务;学校;高等院校,成华区,104.172599,30.694963
电子科大附小(龙潭校区),edu,科教文化服务;学校;小学,成华区,104.165748,30.698666
电子科技大学附属实验小学(龙潭校区),edu,科教文化服务;学校;小学,成华区,104.165785,30.699332
建材成都地质工程勘察院,edu,科教文化服务;科研机构;科研机构,成华区,104.170411,30.690036
成都市第十三幼儿园龙潭分院,edu,科教文化服务;学校;幼儿园,成华区,104.171441,30.698908
西南通信技术研究中心,edu,科教文化服务;科研机构;科研机构,成华区,104.166058,30.6915
核工业西藏地质调查院,edu,科教文化服务;科研机构;科研机构,成华区,104.17061,30.693608
新未来教育(成康路),edu,科教文化服务;培训机构;培训机构,成华区,104.168922,30.69885
多多笑亲子早教,edu,科教文化服务;培训机构;培训机构,成华区,104.170682,30.698448
学而乐教育,edu,科教文化服务;培训机构;培训机构,成华区,104.170464,30.698553
浩浩学习龙潭校区,edu,科教文化服务;培训机构;培训机构,成华区,104.171427,30.698511
成都大学四川抗菌素工业研究所,edu,科教文化服务;科研机构;科研机构,成华区,104.169764,30.690629
中国医学科学院输血研究所,edu,科教文化服务;科研机构;科研机构,成华区,104.172849,30.6951
年代教育,edu,科教文化服务;培训机构;培训机构,成华区,104.166813,30.695434
中国西部房车博览中心,edu,科教文化服务;展览馆;展览馆,成华区,104.183384,30.692286
西南财经大学天府学院成都西区,edu,科教文化服务;学校;高等院校,成华区,104.175119,30.692081
龙潭水乡-会议中心,edu,科教文化服务;会展中心;会展中心,成华区,104.178817,30.691533
中国建筑西南勘察设计研究院,edu,科教文化服务;科研机构;科研机构,成华区,104.178418,30.692057
成都新艺想画室,edu,科教文化服务;培训机构;培训机构,成华区,104.175495,30.695691
成都龙潭总部城会议中心,edu,科教文化服务;会展中心;会展中心,成华区,104.178963,30.691576
成都博奥思企业管理咨询有限公司,edu,科教文化服务;培训机构;培训机构,成华区,104.18083,30.697665
七巧板教育,edu,科教文化服务;培训机构;培训机构,青羊区,103.96511,30.681309
成都罗东来文化传播有限公司,edu,科教文化服务;科教文化场所;科教文化场所,青羊区,103.974069,30.683047
玉泉清波幼稚园,edu,科教文化服务;学校;幼儿园,青羊区,103.98221,30.683516
琴筝艺术(清波校区),edu,科教文化服务;培训机构;培训机构,青羊区,103.981444,30.682203
德智爱学习,edu,科教文化服务;培训机构;培训机构,青羊区,103.983293,30.686491
大风车教育,edu,科教文化服务;培训机构;培训机构,青羊区,103.981795,30.680114
菲格国际教育(清波校区),edu,科教文化服务;培训机构;培训机构,青羊区,103.982608,30.680596
七彩艺术馆,edu,科教文化服务;美术馆;美术馆,青羊区,103.97477,30.682393
成都橄榄树文化艺术学校,edu,科教文化服务;培训机构;培训机构,青羊区,103.986276,30.681086
草堂小学西区分校,edu,科教文化服务;学校;小学,青羊区,103.985234,30.681827
琴筝艺术,edu,科教文化服务;美术馆;美术馆,青羊区,103.983993,30.680621
金沙小学(清波分校),edu,科教文化服务;学校;小学,青羊区,103.987554,30.68573
清波红苹果幼儿园,edu,科教文化服务;学校;幼儿园,青羊区,103.988091,30.688932
成都贝尔童画幼儿园,edu,科教文化服务;学校;幼儿园,青羊区,103.987996,30.683587
新爱婴早教中心(蜀鑫路),edu,科教文化服务;学校;幼儿园,青羊区,103.986276,30.681086
成都森温米兰香洲幼稚园,edu,科教文化服务;学校;幼儿园,青羊区,103.98601,30.680363
成都市青羊区波红苹果幼儿园,edu,科教文化服务;学校;幼儿园,青羊区,103.988169,30.688773
廖记冒菜(蜀鑫店),edu,科教文化服务;培训机构;培训机构,青羊区,103.989453,30.685263
草堂小学西区分校(南门),edu,科教文化服务;学校;小学,青羊区,103.985069,30.681234
成都星光艺术团(金沙合作校区),edu,科教文化服务;文艺团体;文艺团体,青羊区,103.990597,30.685174
成都艺川文艺培训中心,edu,科教文化服务;培训机构;培训机构,青羊区,103.989255,30.682761
声乐小主持,edu,科教文化服务;培训机构;培训机构,青羊区,103.986276,30.681086
成都市民道德讲堂,edu,科教文化服务;培训机构;培训机构,青羊区,103.984322,30.679866
晨阳教育培训学校,edu,科教文化服务;培训机构;培训机构,青羊区,103.984531,30.681165
新加坡森温国际幼稚园,edu,科教文化服务;学校;幼儿园,青羊区,103.986206,30.6804
渌水琴筝文化艺术中心,edu,科教文化服务;文化宫;文化宫,青羊区,103.996043,30.685629
四川广告人经济文化传播有限公司,edu,科教文化服务;科教文化场所;科教文化场所,青羊区,104.0007,30.684423
成都淇杰体育文化传播有限公司,edu,科教文化服务;科教文化场所;科教文化场所,青羊区,103.9949,30.68257
成都卓普文化艺术中心金沙校区,edu,科教文化服务;培训机构;培训机构,青羊区,103.996715,30.686476
成都石室联合中学,edu,科教文化服务;学校;中学,青羊区,103.999048,30.687318
金沙小学,edu,科教文化服务;学校;小学,青羊区,103.997774,30.682512
金丫丫幼稚园,edu,科教文化服务;学校;幼儿园,青羊区,103.995175,30.680794
福禄培尔国际幼儿园,edu,科教文化服务;学校;幼儿园,青羊区,103.998948,30.680516
成都市实验小学附属幼儿园,edu,科教文化服务;学校;幼儿园,青羊区,103.999823,30.687008
金沙幼稚园(蜀辉路),edu,科教文化服务;学校;幼儿园,青羊区,103.995198,30.680949
童童童教育西门店,edu,科教文化服务;培训机构;培训机构,青羊区,104.000675,30.687802
金鹏双语幼儿园,edu,科教文化服务;学校;幼儿园,青羊区,103.999166,30.681559
精锐·1对1(蜀辉路),edu,科教文化服务;培训机构;培训机构,青羊区,103.999397,30.686584
精锐教肓,edu,科教文化服务;科教文化场所;科教文化场所,青羊区,103.999397,30.68653
金沙国学艺术长廊,edu,科教文化服务;科教文化场所;科教文化场所,青羊区,103.996043,30.685629
扬帆艺术培训(金泽路),edu,科教文化服务;培训机构;培训机构,青羊区,104.000675,30.687802
桂花树下,edu,科教文化服务;培训机构;培训机构,青羊区,104.00039,30.68792
辛巴艺术,edu,科教文化服务;培训机构;培训机构,青羊区,103.995429,30.679951
妙笔书法学堂,edu,科教文化服务;培训机构;培训机构,青羊区,104.002912,30.681296
学力思培训托管中心,edu,科教文化服务;培训机构;培训机构,青羊区,103.996522,30.68626
昂立国际教育金沙分校,edu,科教文化服务;培训机构;培训机构,青羊区,103.997163,30.687002
多闻轩教育,edu,科教文化服务;培训机构;培训机构,青羊区,103.996786,30.686558
爱索特教育,edu,科教文化服务;培训机构;培训机构,青羊区,103.996657,30.686384
丫丫学步国际早教中心,edu,科教文化服务;培训机构;培训机构,青羊区,103.996043,30.685629
思庚(金沙校区),edu,科教文化服务;培训机构;培训机构,青羊区,103.996946,30.682171
美术书法,edu,科教文化服务;培训机构;培训机构,青羊区,103.998771,30.686542
丫y学国际早教中心,edu,科教文化服务;培训机构;培训机构,青羊区,103.995505,30.685977
加州英语,edu,科教文化服务;培训机构;培训机构,青羊区,103.994704,30.681017
龙新教育(金阳路),edu,科教文化服务;培训机构;培训机构,青羊区,104.001606,30.68298
启恩教育,edu,科教文化服务;培训机构;培训机构,青羊区,103.996042,30.685603
菲尔德国际少儿英语,edu,科教文化服务;培训机构;培训机构,青羊区,104.002872,30.682407
风特英语,edu,科教文化服务;培训机构;培训机构,青羊区,104.000908,30.685688
莱斯特钢琴艺术中心,edu,科教文化服务;培训机构;培训机构,青羊区,104.002027,30.679849
京翰1对1(金阳路),edu,科教文化服务;培训机构;培训机构,青羊区,104.001606,30.68298
国际私塾(金沙校区),edu,科教文化服务;培训机构;培训机构,青羊区,104.00367,30.682049
七音教育,edu,科教文化服务;培训机构;培训机构,青羊区,104.003687,30.682535
加拿大丫丫学步早教中心,edu,科教文化服务;培训机构;培训机构,青羊区,103.995931,30.685679
文思博雅艺术培训中心(金阳路),edu,科教文化服务;培训机构;培训机构,青羊区,103.996043,30.685629
舞彩艺术培训中心,edu,科教文化服务;培训机构;培训机构,青羊区,103.996515,30.686898
四川广电,edu,科教文化服务;科教文化场所;科教文化场所,青羊区,104.002428,30.68668
美诺世纪文化传播有限公司,edu,科教文化服务;科教文化场所;科教文化场所,青羊区,104.013363,30.683234
成都普照禅寺净文化交流中心,edu,科教文化服务;科教文化场所;科教文化场所,青羊区,104.006942,30.683788
成都善照禅净文化交流中心,edu,科教文化服务;科教文化场所;科教文化场所,青羊区,104.006856,30.683804
成都市小雨点文化艺术工作室,edu,科教文化服务;培训机构;培训机构,青羊区,104.013476,30.682414
青羊区金沙街道文化活动中心,edu,科教文化服务;文化宫;文化宫,青羊区,104.006135,30.68286
金沙遗址博物馆,edu,科教文化服务;博物馆;博物馆,青羊区,104.010305,30.684262
金沙遗址博物馆(西南门),edu,通行设施;临街院门;临街院门|科教文化服务;博物馆;博物馆,青羊区,104.009262,30.681855
金沙遗址博物馆(东北3门),edu,科教文化服务;博物馆;博物馆|通行设施;临街院门;临街院门,金牛区,104.01314,30.685721
学大教育(成都金沙校区),edu,科教文化服务;培训机构;培训机构,青羊区,104.005719,30.681665
金沙小学,edu,科教文化服务;学校;小学,青羊区,104.006723,30.680616
金沙遗址博物馆(东南门),edu,通行设施;临街院门;临街院正门|科教文化服务;博物馆;博物馆,青羊区,104.012449,30.683239
佳音少儿英语学校,edu,科教文化服务;学校;学校,青羊区,104.007855,30.68001
成都市金沙幼儿园,edu,科教文化服务;学校;幼儿园,青羊区,104.00715,30.680395
金沙遗址博物馆乌木林,edu,科教文化服务;科教文化场所;科教文化场所,青羊区,104.010605,30.682116
美国悦宝园早教中心,edu,科教文化服务;培训机构;培训机构,青羊区,104.005575,30.681413
美亚蒙特梭利幼儿园(金泽路),edu,科教文化服务;学校;幼儿园,青羊区,104.006394,30.685903
鼎鼎教育(金凤路),edu,科教文化服务;培训机构;培训机构,青羊区,104.005719,30.681665
优优数学B区,edu,科教文化服务;科教文化场所;科教文化场所,青羊区,104.004989,30.683852
儿童画室梦的花园,edu,科教文化服务;科教文化场所;科教文化场所,青羊区,104.012898,30.679574
夏加儿美术(金凤路),edu,科教文化服务;培训机构;培训机构,青羊区,104.005719,30.681665
美国悦宝园早教青羊中心,edu,科教文化服务;科教文化场所;科教文化场所,青羊区,104.005062,30.681664
开心教室,edu,科教文化服务;培训机构;培训机构,青羊区,104.006698,30.680236
启翔培优金沙总校,edu,科教文化服务;培训机构;培训机构,青羊区,104.005075,30.68372
二年级1班五年级1班放学点,edu,科教文化服务;科教文化场所;科教文化场所,青羊区,104.01325,30.680044
小书童教育,edu,科教文化服务;培训机构;培训机构,青羊区,104.006209,30.680338
宾果音乐教室,edu,科教文化服务;培训机构;培训机构,青羊区,104.006209,30.680338
启航教育学习中心,edu,科教文化服务;培训机构;培训机构,青羊区,104.01364,30.68173
乐思成才趣学园,edu,科教文化服务;培训机构;培训机构,青羊区,104.006653,30.680126
金麦芽,edu,科教文化服务;科教文化场所;科教文化场所,青羊区,104.006653,30.680126
金沙主题文化展示厅,edu,科教文化服务;展览馆;展览馆,金牛区,104.022113,30.68895
艾孚曼艺术文化中心,edu,科教文化服务;文化宫;文化宫,青羊区,104.020156,30.682104
成都靓声文化传媒有限公司,edu,科教文化服务;科教文化场所;科教文化场所,金牛区,104.0235,30.687217
睿曦英才,edu,科教文化服务;培训机构;培训机构,青羊区,104.022262,30.684648
成都二十中(同育街),edu,科教文化服务;学校;中学,金牛区,104.021263,30.686059
川师大实外小学部,edu,科教文化服务;学校;小学,青羊区,104.014077,30.680407
营门口小学校,edu,科教文化服务;学校;小学,金牛区,104.018588,30.688863
成都市青少年宫(同德街),edu,科教文化服务;文化宫;文化宫,青羊区,104.019011,30.683714
成都实验小学战旗学校,edu,科教文化服务;学校;小学,青羊区,104.019313,30.682039
成都市金牛区社区教育学院,edu,科教文化服务;学校;学校,金牛区,104.014594,30.687745
四川师范大学实验外国语学校(B区),edu,科教文化服务;学校;中学,青羊区,104.014031,30.680276
金沙幼儿园,edu,科教文化服务;学校;幼儿园,青羊区,104.019683,30.679892
绿舟幼儿园,edu,科教文化服务;学校;幼儿园,青羊区,104.015483,30.683482
易林晓舞舞蹈艺术中心,edu,科教文化服务;美术馆;美术馆,青羊区,104.020237,30.682069
润邦国际酒店会议中心,edu,科教文化服务;会展中心;会展中心,金牛区,104.021884,30.689132
金贝贝幼稚园(双清巷),edu,科教文化服务;学校;幼儿园,青羊区,104.019945,30.682083
金牛区黄忠街道综合文体活动中心,edu,科教文化服务;文化宫;文化宫,金牛区,104.019364,30.685772
府南街道文体活动中心,edu,科教文化服务;科教文化场所;科教文化场所,青羊区,104.018756,30.68374
成都广播电视大学直属城西学院(金沙教学点),edu,科教文化服务;学校;高等院校,金牛区,104.014678,30.687659
成都市金牛区教育研究培训中心,edu,科教文化服务;培训机构;培训机构,金牛区,104.014594,30.687745
成都灵通英语艺术学校,edu,科教文化服务;学校;职业技术学校|科教文化服务;培训机构;培训机构,金牛区,104.022732,30.688886
思维工坊,edu,科教文化服务;科教文化场所;科教文化场所,金牛区,104.02321,30.688037
金润轩国学馆,edu,科教文化服务;科教文化场所;科教文化场所,金牛区,104.021964,30.688851
標德福传媒,edu,科教文化服务;科教文化场所;科教文化场所,金牛区,104.022978,30.687019
龙文教育(同盛路),edu,科教文化服务;培训机构;培训机构,青羊区,104.016558,30.682197
三迁教育(蜀汉路校区),edu,科教文化服务;培训机构;培训机构,金牛区,104.023311,30.687824
舞者·林舞蹈学校,edu,科教文化服务;培训机构;培训机构,青羊区,104.020156,30.682104
帮你学,edu,科教文化服务;培训机构;培训机构,青羊区,104.021418,30.680793
纽威教育(蜀汉路),edu,科教文化服务;培训机构;培训机构,金牛区,104.023311,30.687824
知欣教育托管中心,edu,科教文化服务;培训机构;培训机构,青羊区,104.017458,30.681136
尚尚教育,edu,科教文化服务;培训机构;培训机构,青羊区,104.015183,30.680837
美林教育,edu,科教文化服务;培训机构;培训机构,青羊区,104.01383,30.681328
美术培训,edu,科教文化服务;培训机构;培训机构,青羊区,104.01383,30.681328
清大学习吧,edu,科教文化服务;培训机构;培训机构,青羊区,104.016334,30.679663
需予教育,edu,科教文化服务;培训机构;培训机构,青羊区,104.021354,30.680772
清华少儿数学(双清巷),edu,科教文化服务;培训机构;培训机构,青羊区,104.020237,30.682066
优学教育(同兴北街),edu,科教文化服务;培训机构;培训机构,金牛区,104.019726,30.688371
知行合一教育,edu,科教文化服务;培训机构;培训机构,金牛区,104.022326,30.688514
名扬钢琴艺术教育,edu,科教文化服务;培训机构;培训机构,金牛区,104.023311,30.687824
海贝特教育(青羊区总校),edu,科教文化服务;培训机构;培训机构,青羊区,104.020156,30.682104
徐浩美术学校(金牛校区),edu,科教文化服务;培训机构;培训机构,金牛区,104.020028,30.687895
望子成龙学校(府南新区校区),edu,科教文化服务;培训机构;培训机构,青羊区,104.020156,30.682104
吉的堡外语培训学校(蜀汉路分校),edu,科教文化服务;培训机构;培训机构,金牛区,104.023311,30.687824
爱心贝贝早期教育中心,edu,科教文化服务;科教文化场所;科教文化场所,青羊区,104.01764,30.685597
爱心贝贝幼儿园,edu,科教文化服务;科教文化场所;科教文化场所,青羊区,104.01764,30.685597
自由时空文化传媒有限公司,edu,科教文化服务;科教文化场所;科教文化场所,金牛区,104.031491,30.686783
成都文广文化传播有限公司,edu,科教文化服务;科教文化场所;科教文化场所,金牛区,104.031317,30.682592
成都领跑文化传播有限公司,edu,科教文化服务;科教文化场所;科教文化场所,金牛区,104.031381,30.686797
成都思想屋文化传播有限公司,edu,科教文化服务;科教文化场所;科教文化场所,金牛区,104.030485,30.686008
成都伽迷文化传播有限公司,edu,科教文化服务;科教文化场所;科教文化场所,金牛区,104.029695,30.685267
成都润物生文化传播有限公司,edu,科教文化服务;传媒机构;传媒机构,金牛区,104.031435,30.686873
成都艺道心灵文化传播中心,edu,科教文化服务;传媒机构;传媒机构,青羊区,104.025883,30.682043
成都华娱时代文化传播有限公司,edu,科教文化服务;科教文化场所;科教文化场所,金牛区,104.02723,30.684631
文通教育培训中心(营策巷),edu,科教文化服务;培训机构;培训机构,金牛区,104.030531,30.686015
状元廊学校(蜀汉路),edu,科教文化服务;培训机构;培训机构,金牛区,104.027279,30.685412
成都十八中,edu,科教文化服务;学校;中学,金牛区,104.029789,30.679488
奥林小学校,edu,科教文化服务;学校;小学,金牛区,104.030701,30.688661
星童幼稚园,edu,科教文化服务;学校;幼儿园,金牛区,104.033068,30.686199
成都峨眉山雪芽大酒店餐厅,edu,科教文化服务;会展中心;会展中心,青羊区,104.023922,30.680202
可可堂儿童科技馆,edu,科教文化服务;科技馆;科技馆,金牛区,104.027137,30.684634
成都行知实验幼稚园,edu,科教文化服务;学校;幼儿园,青羊区,104.027872,30.682114
金琴小学营和街分校,edu,科教文化服务;学校;小学,金牛区,104.0335,30.685599
成都市金牛区机关第二幼儿园,edu,科教文化服务;学校;幼儿园,金牛区,104.032603,30.68341
金太阳幼稚园(清溪东路),edu,科教文化服务;学校;幼儿园,青羊区,104.027768,30.680259
启蒙幼儿园(蜀营街),edu,科教文化服务;学校;幼儿园,金牛区,104.02971,30.689456
星海学校(二环路西三段),edu,科教文化服务;培训机构;培训机构,金牛区,104.028571,30.684425
成都市六幼中育分园,edu,科教文化服务;学校;幼儿园,青羊区,104.025662,30.679555
红黄蓝艺术幼稚园,edu,科教文化服务;学校;幼儿园,青羊区,104.025412,30.681251
e家(新加坡)趣味早教中心,edu,科教文化服务;培训机构;培训机构,金牛区,104.02654,30.686611
成都洋话外语学校,edu,科教文化服务;培训机构;培训机构,金牛区,104.027279,30.685412
索菲亚艺术中心,edu,科教文化服务;美术馆;美术馆,金牛区,104.024416,30.686135
音爵艺术(蜀汉路东店),edu,科教文化服务;美术馆;美术馆,金牛区,104.029293,30.685042
四川圣源图书发行有限公司,edu,科教文化服务;传媒机构;出版社,金牛区,104.028909,30.686785
成都多米诺学校,edu,科教文化服务;科教文化场所;科教文化场所,金牛区,104.033287,30.68847
FLY舞蹈培训中心,edu,科教文化服务;培训机构;培训机构,金牛区,104.027287,30.685552
四川广播电视报,edu,科教文化服务;传媒机构;报社,青羊区,104.026053,30.679598
成都星秀舞蹈,edu,科教文化服务;培训机构;培训机构,青羊区,104.025883,30.682043
清大学堂全脑开发学习中心,edu,科教文化服务;培训机构;培训机构,金牛区,104.033494,30.681377
成都市六幼文苑分园,edu,科教文化服务;学校;幼儿园,青羊区,104.025649,30.67962
成都南山学校,edu,科教文化服务;科教文化场所;科教文化场所,金牛区,104.024416,30.686135
金博文教育,edu,科教文化服务;培训机构;培训机构,金牛区,104.029491,30.6851
美生英语,edu,科教文化服务;培训机构;培训机构,金牛区,104.026396,30.687199
四川省妇幼健康研究所(二环路西二段),edu,科教文化服务;科研机构;科研机构,金牛区,104.028448,30.68393
八达传播,edu,科教文化服务;科教文化场所;科教文化场所,金牛区,104.031992,30.679587
红帆舞蹈学校(西校区),edu,科教文化服务;培训机构;培训机构,金牛区,104.031372,30.68264
理臣教育成都校区,edu,科教文化服务;科教文化场所;科教文化场所,金牛区,104.033372,30.688481
学霸堂,edu,科教文化服务;科教文化场所;科教文化场所,金牛区,104.028253,30.689099
书写人生练字中心,edu,科教文化服务;科教文化场所;科教文化场所,金牛区,104.02865,30.684486
中国书画研究院西部创作院,edu,科教文化服务;科研机构;科研机构,金牛区,104.029888,30.685429
婉艺舞蹈,edu,科教文化服务;培训机构;培训机构,青羊区,104.025318,30.680071
京翰教育(西门校区),edu,科教文化服务;培训机构;培训机构,金牛区,104.033261,30.688469
凡是特贝贝潜能开发中心,edu,科教文化服务;科教文化场所;科教文化场所,金牛区,104.026819,30.687246
凡思特贝贝潜能开发中心,edu,科教文化服务;科教文化场所;科教文化场所,金牛区,104.026636,30.687392
博洋外语培训学校(抚琴西路),edu,科教文化服务;培训机构;培训机构,金牛区,104.031398,30.682591
书之屋教育中心小学,edu,科教文化服务;培训机构;培训机构,金牛区,104.030531,30.686015
星学堂托管教育连锁机构,edu,科教文化服务;科教文化场所;科教文化场所,金牛区,104.033139,30.681375
中国书画研究院西部创作院,edu,科教文化服务;科研机构;科研机构,金牛区,104.029888,30.685429
婉艺舞蹈,edu,科教文化服务;培训机构;培训机构,青羊区,104.025318,30.680071
京翰教育(西门校区),edu,科教文化服务;培训机构;培训机构,金牛区,104.033261,30.688469
筝功夫专业古筝培训,edu,科教文化服务;培训机构;培训机构,金牛区,104.027255,30.684615
尼仲金融保险职业培训学校,edu,科教文化服务;学校;职业技术学校,金牛区,104.033287,30.68847
凡是特贝贝潜能开发中心,edu,科教文化服务;科教文化场所;科教文化场所,金牛区,104.026819,30.687246
凡思特贝贝潜能开发中心,edu,科教文化服务;科教文化场所;科教文化场所,金牛区,104.026636,30.687392
博洋外语培训学校(抚琴西路),edu,科教文化服务;培训机构;培训机构,金牛区,104.031398,30.682591
成都大成教育培训学校,edu,科教文化服务;培训机构;培训机构,金牛区,104.031398,30.682591
书之屋教育中心小学,edu,科教文化服务;培训机构;培训机构,金牛区,104.030531,30.686015
新万航教育,edu,科教文化服务;培训机构;培训机构,金牛区,104.030531,30.686015
成都幼儿园玩具,edu,科教文化服务;科教文化场所;科教文化场所,金牛区,104.031373,30.686889
臻学教育,edu,科教文化服务;培训机构;培训机构,金牛区,104.026687,30.687309
山海教育,edu,科教文化服务;培训机构;培训机构,金牛区,104.029339,30.684969
乐达教育培训中心,edu,科教文化服务;培训机构;培训机构,金牛区,104.029543,30.684991
成都美逻会计培训学校,edu,科教文化服务;培训机构;培训机构,金牛区,104.027288,30.684472
圣伽肚皮舞,edu,科教文化服务;培训机构;培训机构,金牛区,104.027042,30.685527
北京音乐舞蹈学校选材基地,edu,科教文化服务;科教文化场所;科教文化场所,金牛区,104.030061,30.682962
立志成功培训学校,edu,科教文化服务;培训机构;培训机构,金牛区,104.027187,30.685557
金翰教育,edu,科教文化服务;培训机构;培训机构,金牛区,104.033438,30.688541
诺尔教育,edu,科教文化服务;培训机构;培训机构,金牛区,104.031569,30.688107
弗兰特右脑教育,edu,科教文化服务;培训机构;培训机构,金牛区,104.027363,30.685695
西点培训,edu,科教文化服务;培训机构;培训机构,金牛区,104.026094,30.686759
成都森博优分一对一家教,edu,科教文化服务;培训机构;培训机构,金牛区,104.027352,30.684523
成都联合职业培训学校,edu,科教文化服务;学校;职业技术学校,金牛区,104.029717,30.685258
海盛财税培训,edu,科教文化服务;培训机构;培训机构,金牛区,104.027048,30.684629
博程教育(抚琴分部),edu,科教文化服务;培训机构;培训机构,金牛区,104.033492,30.681261
乘风驾校,edu,科教文化服务;培训机构;培训机构,金牛区,104.028162,30.687327
东华英豪教育,edu,科教文化服务;培训机构;培训机构,金牛区,104.03292,30.681557
春苗教育,edu,科教文化服务;培训机构;培训机构,金牛区,104.030476,30.686008
成都灸正堂培训学校,edu,科教文化服务;培训机构;培训机构,金牛区,104.030476,30.68601
亮剑教育,edu,科教文化服务;培训机构;培训机构,金牛区,104.033457,30.681391
现代教育(二环路西三段),edu,科教文化服务;培训机构;培训机构,金牛区,104.029339,30.684969
四川省置业艺术学院选材基地,edu,科教文化服务;科教文化场所;科教文化场所,金牛区,104.030061,30.682962
四川省舞蹈家协会定点考级学校,edu,科教文化服务;科教文化场所;科教文化场所,金牛区,104.030061,30.682962
伊贝利婴幼儿潜能开发训练中心,edu,科教文化服务;培训机构;培训机构,金牛区,104.026695,30.68731
仁财会计教育(蜀汉路校区),edu,科教文化服务;培训机构;培训机构,金牛区,104.027236,30.685413
成都福泽培训中心(西门校区),edu,科教文化服务;培训机构;培训机构,金牛区,104.029926,30.683867
巴中市公安局保安培训中心驻成都办事处,edu,科教文化服务;培训机构;培训机构,金牛区,104.031435,30.686873
臻学教育,edu,科教文化服务;培训机构;培训机构,金牛区,104.031683,30.688293
状元堂学校(抚琴西路),edu,科教文化服务;培训机构;培训机构,金牛区,104.03349,30.681376
爵士嘻哈雷鬼,edu,科教文化服务;培训机构;培训机构,金牛区,104.027279,30.685412
四川省文化馆公共图书阅览服务网点,edu,科教文化服务;图书馆;图书馆,金牛区,104.041986,30.68429
四川省文化馆,edu,科教文化服务;文化宫;文化宫,金牛区,104.041627,30.684248
成都市蓝天文化艺术学校,edu,科教文化服务;学校;学校,金牛区,104.041639,30.681843
文化馆艺术培训中心(营门口路店),edu,科教文化服务;培训机构;培训机构,金牛区,104.041683,30.684567
成都敏艺文化艺术中心,edu,科教文化服务;美术馆;美术馆,金牛区,104.033985,30.688985
四川省文化馆-成都南山学校,edu,科教文化服务;学校;学校,金牛区,104.041766,30.684574
成都佳音文化传播有限公司,edu,科教文化服务;科教文化场所;科教文化场所,金牛区,104.040899,30.68637
成都瑞纳文化传播有限公司,edu,科教文化服务;科教文化场所;科教文化场所,金牛区,104.042608,30.685934
成都锦绣红旗文化研究中心,edu,科教文化服务;科研机构;科研机构,金牛区,104.034534,30.689429
艺蓉舞蹈文化培训中心,edu,科教文化服务;培训机构;培训机构,金牛区,104.041395,30.683891
成都蜀森文化传播有限公司,edu,科教文化服务;科教文化场所;科教文化场所,金牛区,104.040844,30.685289
金牛区德艺舞艺术文化交流中心,edu,科教文化服务;文化宫;文化宫,金牛区,104.041047,30.686705
成都热巴艺术文化传播有限公司,edu,科教文化服务;传媒机构;传媒机构,金牛区,104.041639,30.681843
四川省文化馆公共图书免费阅览室,edu,科教文化服务;图书馆;图书馆,金牛区,104.041732,30.684411
四川交响乐团文化产业创意排演中心,edu,科教文化服务;科教文化场所;科教文化场所,金牛区,104.041909,30.686265
金鱼街社区综合文化活动室图书阅览室,edu,科教文化服务;图书馆;图书馆,金牛区,104.037038,30.685847
春晖会计培训服务有限公司,edu,科教文化服务;科教文化场所;科教文化场所,金牛区,104.041326,30.686632
金琴路小学,edu,科教文化服务;学校;小学,金牛区,104.036164,30.682007
川音大地音乐学校,edu,科教文化服务;学校;学校,金牛区,104.041639,30.681843
四川自修大学,edu,科教文化服务;学校;成人教育,金牛区,104.034495,30.680202
四川省就业训练中心,edu,科教文化服务;培训机构;培训机构,金牛区,104.041333,30.684908
上海交大成都昂立外语学校,edu,科教文化服务;学校;学校,金牛区,104.03962,30.687097
电脑商情报,edu,科教文化服务;传媒机构;报社,金牛区,104.038547,30.689422
四川经济专修学院,edu,科教文化服务;学校;高等院校,金牛区,104.034495,30.680202
金蕾幼儿园(光荣北路),edu,科教文化服务;学校;幼儿园,金牛区,104.04279,30.688171
成都市白蚁防治研究所(一环路西三段),edu,科教文化服务;科研机构;科研机构,金牛区,104.040627,30.681168
民进育才幼儿园,edu,科教文化服务;学校;幼儿园,金牛区,104.038449,30.681435
新源公司新源科技开发研究所,edu,科教文化服务;科研机构;科研机构,金牛区,104.038547,30.689422
四川电视总公司,edu,科教文化服务;传媒机构;传媒机构,金牛区,104.034534,30.689429
北京国际商务学院驻蓉办事处,edu,科教文化服务;科教文化场所;科教文化场所,金牛区,104.034534,30.689429
戴氏英语学校(城西分校),edu,科教文化服务;培训机构;培训机构,金牛区,104.041395,30.685944
新思维家长及未成年人学校,edu,科教文化服务;学校;学校,金牛区,104.037038,30.685845
望子成龙学校(西门校区),edu,科教文化服务;培训机构;培训机构,金牛区,104.041396,30.685943
北大少儿英语(二环路西三段),edu,科教文化服务;培训机构;培训机构,金牛区,104.034534,30.689429
成都中美皮肤病研究院,edu,科教文化服务;科研机构;科研机构,金牛区,104.041554,30.683543
成都西南美容研究院,edu,科教文化服务;科研机构;科研机构,金牛区,104.03492,30.680431
恒博毛发种植研究所,edu,科教文化服务;科研机构;科研机构,金牛区,104.040395,30.686333
博腾教育(抚琴分部),edu,科教文化服务;培训机构;培训机构,金牛区,104.034495,30.680202
四川自修大学学习中心,edu,科教文化服务;学校;成人教育,金牛区,104.034495,30.680202
四川自修大学职业技术教育学院,edu,科教文化服务;学校;成人教育,金牛区,104.034495,30.680202
西门车站华西肝脏研究所,edu,科教文化服务;科研机构;科研机构,金牛区,104.041344,30.683272
维森广告传媒有限责任公司,edu,科教文化服务;传媒机构;传媒机构,金牛区,104.034534,30.689429
星舞忠街舞培训,edu,科教文化服务;培训机构;培训机构,金牛区,104.041761,30.68631
四川华西肝病研究所(抚琴西北街),edu,科教文化服务;科研机构;科研机构,金牛区,104.041338,30.683164
波波时尚摄影化妆艺术学校,edu,科教文化服务;学校;职业技术学校,金牛区,104.042354,30.685625
兰森林传媒有限公司,edu,科教文化服务;科教文化场所;科教文化场所,金牛区,104.038601,30.687849
锦润学校(乡农寺街),edu,科教文化服务;培训机构;培训机构,金牛区,104.040821,30.686835
四川华西肝病研究所(抚琴西北街),edu,科教文化服务;科研机构;科研机构,金牛区,104.041338,30.683164
四川创业训练中心,edu,科教文化服务;科教文化场所;科教文化场所,金牛区,104.041488,30.684807
波波时尚摄影化妆艺术学校,edu,科教文化服务;学校;职业技术学校,金牛区,104.042354,30.685625
兰森林传媒有限公司,edu,科教文化服务;科教文化场所;科教文化场所,金牛区,104.038601,30.687849
锦润学校(乡农寺街),edu,科教文化服务;培训机构;培训机构,金牛区,104.040821,30.686835
红叶谷职业技能培训学校,edu,科教文化服务;学校;职业技术学校,金牛区,104.041358,30.684793
艺蓉舞蹈学校,edu,科教文化服务;培训机构;培训机构,金牛区,104.041547,30.683612
赵青舞蹈学校,edu,科教文化服务;培训机构;培训机构,金牛区,104.040845,30.686871
必迈升环球教育,edu,科教文化服务;培训机构;培训机构,金牛区,104.041395,30.685944
人达教育(抚琴西路),edu,科教文化服务;培训机构;培训机构,金牛区,104.034495,30.680202
艾丽思婚礼学院,edu,科教文化服务;培训机构;培训机构,金牛区,104.040315,30.685336
学知教育(熙城国际东北),edu,科教文化服务;培训机构;培训机构,金牛区,104.040332,30.685148
海伊作文学校,edu,科教文化服务;培训机构;培训机构,金牛区,104.041632,30.682615
蓝丁香艺术社,edu,科教文化服务;培训机构;培训机构,金牛区,104.03503,30.679497
女刊编辑部,edu,科教文化服务;传媒机构;传媒机构,金牛区,104.040986,30.685652
书之香专业家教,edu,科教文化服务;培训机构;培训机构,金牛区,104.038775,30.688065
智诚会计培训学校,edu,科教文化服务;培训机构;培训机构,金牛区,104.040885,30.686986
思奇德语精品培训,edu,科教文化服务;培训机构;培训机构,金牛区,104.038134,30.687744
壹艺绘画工作室,edu,科教文化服务;培训机构;培训机构,金牛区,104.033756,30.688818
Linda肚皮舞家庭舞蹈室,edu,科教文化服务;培训机构;培训机构,金牛区,104.03687,30.684885
七色光教育培训学校,edu,科教文化服务;培训机构;培训机构,金牛区,104.034464,30.680251
拙着画室,edu,科教文化服务;培训机构;培训机构,金牛区,104.033659,30.682124
望子成龙学校(营门口路),edu,科教文化服务;培训机构;培训机构,金牛区,104.038391,30.689018
消费质量报,edu,科教文化服务;传媒机构;报社,金牛区,104.038992,30.687959
成都市城市环境管理科学研究院,edu,科教文化服务;科研机构;科研机构,金牛区,104.034065,30.68053
全国书法美术等级考试报考中心,edu,科教文化服务;科教文化场所;科教文化场所,金牛区,104.041341,30.681855
引力摄影化妆培训(文家巷店),edu,科教文化服务;培训机构;培训机构,金牛区,104.042497,30.685653
新月华应用技术职业培训学校,edu,科教文化服务;培训机构;培训机构,金牛区,104.034495,30.680202
四川大风堂书画院,edu,科教文化服务;培训机构;培训机构,金牛区,104.041978,30.684261
成都高起点职业培训学校,edu,科教文化服务;培训机构;培训机构,金牛区,104.034495,30.680202
四川省社会舞蹈研究会,edu,科教文化服务;科研机构;科研机构,金牛区,104.041742,30.68419
自修大学成都金牛培训中心,edu,科教文化服务;培训机构;培训机构,金牛区,104.034444,30.68022
四川广播电视大学直属学院执讯分院总校,edu,科教文化服务;科教文化场所;科教文化场所,金牛区,104.043567,30.68577
四川自修大学高培人才教育中心,edu,科教文化服务;培训机构;培训机构,金牛区,104.034495,30.680202
成都力迅文化传播有限公司,edu,科教文化服务;科教文化场所;科教文化场所,金牛区,104.044579,30.683532
成都墨宴文化传播有限公司,edu,科教文化服务;科教文化场所;科教文化场所,金牛区,104.047535,30.687302
四川博雅智扬文化传播有限公司,edu,科教文化服务;科教文化场所;科教文化场所,金牛区,104.04629,30.685729
四川大唐中小学文化艺术培训中心,edu,科教文化服务;培训机构;培训机构,金牛区,104.046262,30.679451
四川省档案馆,edu,科教文化服务;档案馆;档案馆,金牛区,104.04497,30.682205
成都工业学院花牌坊校区,edu,科教文化服务;学校;高等院校,金牛区,104.046446,30.679555
成都市实验外国语学校,edu,科教文化服务;学校;中学,金牛区,104.045398,30.68725
博瑞传播,edu,科教文化服务;传媒机构;传媒机构,金牛区,104.045094,30.681598
沙湾路小学,edu,科教文化服务;学校;小学,金牛区,104.048726,30.688152
成都工业学院(东北门),edu,通行设施;临街院门;临街院正门|科教文化服务;学校;高等院校,金牛区,104.046635,30.679825
真善美幼儿园(光荣北路),edu,科教文化服务;学校;幼儿园,金牛区,104.04811,30.689039
四川省成都市财贸职业高级中学(南薰巷),edu,科教文化服务;学校;中学,金牛区,104.0468,30.682655
精通酒店-会议厅,edu,科教文化服务;会展中心;会展中心,金牛区,104.046112,30.68076
成都托管中心,edu,科教文化服务;学校;幼儿园,金牛区,104.051174,30.680632
石笋街小学,edu,科教文化服务;学校;小学,金牛区,104.044612,30.6828
西林巷小学,edu,科教文化服务;学校;小学,金牛区,104.044497,30.682227
石笋街小学-花牌坊小学校,edu,科教文化服务;学校;小学,金牛区,104.045082,30.682924
成都铁路技工学校,edu,科教文化服务;学校;职业技术学校,金牛区,104.052806,30.681813
四川省丝绸科学研究院,edu,科教文化服务;科研机构;科研机构,金牛区,104.052461,30.680566
中铁二局集团成都职业高级中学校,edu,科教文化服务;学校;职业技术学校,金牛区,104.053198,30.681758
四川大唐专修学院,edu,科教文化服务;学校;高等院校,金牛区,104.046262,30.679451
成都华西化工研究所,edu,科教文化服务;科研机构;科研机构,金牛区,104.053198,30.681758
丹秋·名师堂学校(花牌坊公寓北),edu,科教文化服务;培训机构;培训机构,金牛区,104.045421,30.684804
锦西花园酒店-会议厅,edu,科教文化服务;会展中心;会展中心,金牛区,104.05069,30.682561
花蕊幼儿园(马河湾13号院南),edu,科教文化服务;学校;幼儿园,金牛区,104.049083,30.681803
四川性社会学与性教育研究中心,edu,科教文化服务;科研机构;科研机构,金牛区,104.046262,30.679451
其艺乐技能培训工作室,edu,科教文化服务;科教文化场所;科教文化场所,金牛区,104.049663,30.688464
四川当代美术馆,edu,科教文化服务;美术馆;美术馆,金牛区,104.046263,30.679452
中铁二局幼儿园,edu,科教文化服务;学校;幼儿园,金牛区,104.050652,30.688727
华西皮肤医学研究院,edu,科教文化服务;科研机构;科研机构,金牛区,104.046766,30.685408
成都工业学院继续教育学院,edu,科教文化服务;学校;成人教育,金牛区,104.046263,30.679457
西经医院管理研究院,edu,科教文化服务;科研机构;科研机构,金牛区,104.046161,30.685658
酒精实验室,edu,科教文化服务;科研机构;科研机构,金牛区,104.044985,30.681018
铁路新村托儿所,edu,科教文化服务;学校;幼儿园,金牛区,104.050672,30.689054
CAMEA360手机摄像研究室,edu,科教文化服务;科研机构;科研机构,金牛区,104.043618,30.686339
中铁二局集团档案馆,edu,科教文化服务;档案馆;档案馆,金牛区,104.053198,30.682323
成都市特殊教育学校,edu,科教文化服务;学校;学校,金牛区,104.045863,30.686995
光荣英杰幼儿园,edu,科教文化服务;学校;幼儿园,金牛区,104.045924,30.688988
中国工业报四川记者站,edu,科教文化服务;传媒机构;报社,金牛区,104.046262,30.679451
四川省档案局档案科学技术研究所(西林巷),edu,科教文化服务;科研机构;科研机构,金牛区,104.045881,30.683428
国学良师堂,edu,科教文化服务;科教文化场所;科教文化场所,金牛区,104.04631,30.68586
成都市群生川剧团,edu,科教文化服务;文艺团体;文艺团体,金牛区,104.04552,30.682692
美术兴趣班,edu,科教文化服务;科教文化场所;科教文化场所,金牛区,104.04616,30.684009
成都广播电视大学直属城西学院(花牌坊教学点),edu,科教文化服务;学校;成人教育,金牛区,104.0463,30.679522
其乐艺术中心,edu,科教文化服务;培训机构;培训机构,金牛区,104.049546,30.688586
成铁传媒总公司,edu,科教文化服务;科教文化场所;科教文化场所,金牛区,104.052894,30.681908
自贡市城市规划设计研究院成都分院,edu,科教文化服务;科研机构;科研机构,金牛区,104.05033,30.68781
中国中铁二院(西大门),edu,通行设施;临街院门;临街院正门|科教文化服务;科研机构;科研机构,金牛区,104.053132,30.683337
锦尚美容美发培训,edu,科教文化服务;培训机构;培训机构,金牛区,104.051727,30.680632
成都市通锦中学校(西校门),edu,科教文化服务;科教文化场所;科教文化场所,金牛区,104.053024,30.686216
金牛区农业研究所,edu,科教文化服务;科教文化场所;科教文化场所,金牛区,104.045673,30.681118
中国工业报四川记者站,edu,科教文化服务;传媒机构;报社,金牛区,104.046262,30.679451
全国双语学习研究中心双语示范学校,edu,科教文化服务;学校;学校,金牛区,104.049275,30.688477
四川省档案局档案科学技术研究所(西林巷),edu,科教文化服务;科研机构;科研机构,金牛区,104.045881,30.683428
博瑞传播-分析研究中心,edu,科教文化服务;科教文化场所;科教文化场所,金牛区,104.045095,30.681598
国学良师堂,edu,科教文化服务;科教文化场所;科教文化场所,金牛区,104.04631,30.68586
成都市群生川剧团,edu,科教文化服务;文艺团体;文艺团体,金牛区,104.04552,30.682692
美术兴趣班,edu,科教文化服务;科教文化场所;科教文化场所,金牛区,104.04616,30.684009
CCDA中国城市发展研究所西部研究中心西南分院,edu,科教文化服务;科教文化场所;科教文化场所,金牛区,104.04618,30.685891
成都广播电视大学直属城西学院(花牌坊教学点),edu,科教文化服务;学校;成人教育,金牛区,104.0463,30.679522
其乐艺术中心,edu,科教文化服务;培训机构;培训机构,金牛区,104.049546,30.688586
成铁传媒总公司,edu,科教文化服务;科教文化场所;科教文化场所,金牛区,104.052894,30.681908
自贡市城市规划设计研究院成都分院,edu,科教文化服务;科研机构;科研机构,金牛区,104.05033,30.68781
中国中铁二院(西大门),edu,通行设施;临街院门;临街院正门|科教文化服务;科研机构;科研机构,金牛区,104.053132,30.683337
悦时尚舞蹈(一环路北店),edu,科教文化服务;培训机构;培训机构,金牛区,104.048185,30.686746
锦尚美容美发培训,edu,科教文化服务;培训机构;培训机构,金牛区,104.051727,30.680632
成都市通锦中学校(西校门),edu,科教文化服务;科教文化场所;科教文化场所,金牛区,104.053024,30.686216
北京市市政工工程设计研究总院成都分院,edu,科教文化服务;科研机构;科研机构,金牛区,104.050492,30.687664
恒企会计培训(金牛校区),edu,科教文化服务;培训机构;培训机构,金牛区,104.05019,30.687322
星途艺术培训中心(沙湾路),edu,科教文化服务;培训机构;培训机构,金牛区,104.050192,30.688387
英集教育,edu,科教文化服务;培训机构;培训机构,金牛区,104.052786,30.681214
艺乐风雅教育,edu,科教文化服务;培训机构;培训机构,金牛区,104.04629,30.685729
爱阳教育学校,edu,科教文化服务;培训机构;培训机构,金牛区,104.05167,30.679481
蓝色摇篮钢琴培训,edu,科教文化服务;培训机构;培训机构,金牛区,104.046974,30.688961
通锦桥路社区文化活动室,edu,科教文化服务;文化宫;文化宫,青羊区,104.062179,30.68337
德智文化艺术培训学校,edu,科教文化服务;培训机构;培训机构,金牛区,104.057031,30.683166
成都市通锦中学校,edu,科教文化服务;学校;中学,金牛区,104.053714,30.686708
圣心幼儿园,edu,科教文化服务;学校;幼儿园,金牛区,104.056028,30.68151
西体路小学,edu,科教文化服务;学校;小学,金牛区,104.057492,30.68224
四川经济日报社,edu,科教文化服务;传媒机构;报社,青羊区,104.055512,30.6798
成都市通锦中学校-铁二院小学,edu,科教文化服务;学校;小学,金牛区,104.054335,30.687217
成都军研生物医学研究所,edu,科教文化服务;科研机构;科研机构,金牛区,104.05501,30.682313
四川省地质矿产勘查开发局(一环路北二段),edu,政府机构及社会团体;政府机关;地市级政府及事业单位|科教文化服务;科研机构;科研机构,金牛区,104.059606,30.688571
起跑点学校,edu,科教文化服务;培训机构;培训机构,金牛区,104.063163,30.685542
smg四川记者站,edu,科教文化服务;传媒机构;传媒机构,金牛区,104.053902,30.681506
成都华西京研强直性脊柱炎研究院,edu,科教文化服务;科研机构;科研机构,金牛区,104.058449,30.683768
成都水文地质工程地质中心,edu,科教文化服务;科研机构;科研机构,金牛区,104.059606,30.688571
成都市第十六幼儿园,edu,科教文化服务;学校;幼儿园,金牛区,104.056632,30.68606
铁道第二勘察设计院职工子弟小学,edu,科教文化服务;学校;小学,金牛区,104.056517,30.68353
青羊区青少年业余体育学校,edu,科教文化服务;学校;职业技术学校,金牛区,104.055716,30.684016
贝贝幼儿园(一环路北二段),edu,科教文化服务;学校;幼儿园,金牛区,104.061606,30.689045
成都体育舞蹈俱乐部,edu,科教文化服务;培训机构;培训机构,金牛区,104.055737,30.684012
中国中铁二院测绘院,edu,科教文化服务;科研机构;科研机构,金牛区,104.056517,30.683531
西南肛肠疾病研究中心,edu,科教文化服务;科研机构;科研机构,金牛区,104.058619,30.688625
成都京研类风湿研究院,edu,科教文化服务;科研机构;科研机构,金牛区,104.058449,30.683768
经营管理者杂志社,edu,科教文化服务;传媒机构;杂志社,青羊区,104.055512,30.6798
成都市规划设计研究院,edu,科教文化服务;科研机构;科研机构,金牛区,104.062602,30.684954
中铁二院测绘工程设计研究院,edu,科教文化服务;科研机构;科研机构,金牛区,104.056517,30.683531
成都京研脊柱侧弯研究院,edu,科教文化服务;科研机构;科研机构,金牛区,104.058542,30.683807
四川广播电视大学直属学院城铁分院,edu,科教文化服务;学校;成人教育,金牛区,104.057031,30.683166
铁道部第二勘测设计院,edu,科教文化服务;科研机构;科研机构,金牛区,104.054701,30.684338
西南结石病研究院,edu,科教文化服务;科研机构;科研机构,金牛区,104.05732,30.688761
四川广播电视大学城铁分院直属学院,edu,科教文化服务;学校;成人教育,金牛区,104.056907,30.683165
英华职业技能培训学校,edu,科教文化服务;学校;职业技术学校,金牛区,104.056982,30.683196
迷乐公社,edu,科教文化服务;科教文化场所;科教文化场所,金牛区,104.053897,30.681499
四川省广播电视大学直属学院成铁分院,edu,科教文化服务;学校;成人教育,金牛区,104.057092,30.683181
众星国际舞蹈培训,edu,科教文化服务;培训机构;培训机构,金牛区,104.061183,30.687982
龙文教育(西北桥校区),edu,科教文化服务;培训机构;培训机构,金牛区,104.055555,30.688248
成实外教育(西北桥校区),edu,科教文化服务;培训机构;培训机构,金牛区,104.05738,30.688152
成都英华营养师培训学校,edu,科教文化服务;培训机构;培训机构,金牛区,104.056968,30.683178
同辉(国际)舞蹈,edu,科教文化服务;培训机构;培训机构,金牛区,104.055733,30.684007
铁道第二勘察设计院科技图书阅览室,edu,科教文化服务;图书馆;图书馆,金牛区,104.055852,30.684408
明日之星艺体培训,edu,科教文化服务;培训机构;培训机构,金牛区,104.053969,30.68298
成都盛世英才资优教育,edu,科教文化服务;培训机构;培训机构,金牛区,104.057031,30.683166
天赋画室,edu,科教文化服务;培训机构;培训机构,金牛区,104.05587,30.682706
新启航培训,edu,科教文化服务;培训机构;培训机构,金牛区,104.05587,30.682706
笳汐艺术培训中心,edu,科教文化服务;培训机构;培训机构,金牛区,104.061212,30.68794
博学堂学校(一环路北二段),edu,科教文化服务;培训机构;培训机构,金牛区,104.056929,30.688868
贝斯特艺术学校(西门),edu,科教文化服务;培训机构;培训机构,金牛区,104.055938,30.682731
地质矿产部探矿工工艺所科研楼,edu,科教文化服务;科教文化场所;科教文化场所,金牛区,104.058537,30.68887
蒋来舞蹈工作室,edu,科教文化服务;培训机构;培训机构,金牛区,104.053902,30.681506
贝斯特艺术学校(西体路),edu,科教文化服务;培训机构;培训机构,金牛区,104.05587,30.682706
中国中铁二院档案馆,edu,科教文化服务;档案馆;档案馆,金牛区,104.054915,30.685864
三德名师点拨学校(西体路校区),edu,科教文化服务;科教文化场所;科教文化场所,金牛区,104.057263,30.687919
铁道第二勘察设计院环境工程研究院,edu,科教文化服务;科研机构;科研机构,金牛区,104.056517,30.683531
四川省创新方法研究会中铁二院工作站,edu,科教文化服务;科教文化场所;科教文化场所,金牛区,104.055691,30.68557
成都电大直属蜀轩学院,edu,科教文化服务;学校;高等院校,金牛区,104.057014,30.688648
中国中铁二院卓越国际教育培训中心,edu,科教文化服务;培训机构;培训机构,金牛区,104.055716,30.68562
台湾皇家幼儿体智能律动品牌基地园,edu,科教文化服务;培训机构;培训机构,金牛区,104.055806,30.6815
新实验外国语培训学校(云天商厦),edu,科教文化服务;培训机构;培训机构,金牛区,104.056929,30.688868
青羊体校办公室,edu,科教文化服务;学校;学校,金牛区,104.055719,30.684017
铁道第二勘察设计院职工学校,edu,科教文化服务;学校;职业技术学校,金牛区,104.056517,30.683531
铁道第二勘察设计院测绘分院,edu,科教文化服务;科研机构;科研机构,金牛区,104.056517,30.683531
中共铁道第二勘察设计院党校,edu,科教文化服务;学校;学校,金牛区,104.056517,30.683531
铁道第二勘察设计院新测绘楼土建二院站场所,edu,科教文化服务;科教文化场所;科教文化场所,金牛区,104.056517,30.683531
轻工研究院陶瓷楼,edu,科教文化服务;科教文化场所;科教文化场所,金牛区,104.063112,30.684673
成都美迪教育文化传播有限公司,edu,科教文化服务;传媒机构;传媒机构,金牛区,104.070134,30.683017
繁星视尚文化传播,edu,科教文化服务;科教文化场所;科教文化场所,金牛区,104.072359,30.688089
四川蓝狐文化传播有限公司,edu,科教文化服务;科教文化场所;科教文化场所,金牛区,104.073355,30.683812
成都佛瑞斯文化传播,edu,科教文化服务;传媒机构;传媒机构,金牛区,104.070134,30.683017
成都铁中,edu,科教文化服务;学校;中学,金牛区,104.064872,30.687367
人民北路中学,edu,科教文化服务;学校;中学,金牛区,104.064736,30.684283
索菲斯锦苑宾馆-会议厅,edu,科教文化服务;会展中心;会展中心,青羊区,104.068199,30.679394
望子成龙学校(立体大厦),edu,科教文化服务;学校;学校,金牛区,104.067635,30.684779
四川电大执讯学院分院,edu,科教文化服务;学校;高等院校,金牛区,104.070068,30.683099
人民北路小学校西区,edu,科教文化服务;学校;小学,金牛区,104.072064,30.684288
西藏饭店-会议厅,edu,科教文化服务;会展中心;会展中心,金牛区,104.069521,30.684501
外派劳务培训中心,edu,科教文化服务;培训机构;培训机构,金牛区,104.070004,30.682674
四川省皮革研究所,edu,科教文化服务;科研机构;科研机构,金牛区,104.06422,30.684953
成都市工业职业技术学校公交校区,edu,科教文化服务;学校;职业技术学校,金牛区,104.07099,30.683995
四川师范大学电子科技大学自学考试成都工职校助学中心,edu,科教文化服务;学校;高等院校,金牛区,104.071288,30.68447
公共交通职业中学,edu,科教文化服务;学校;中学,金牛区,104.071018,30.684312
四川省纺织工业干部学校,edu,科教文化服务;学校;成人教育,金牛区,104.064248,30.684671
四川省地质调查院,edu,科教文化服务;科研机构;科研机构,金牛区,104.071971,30.687476
振动实验室,edu,科教文化服务;科研机构;科研机构,金牛区,104.066933,30.687408
四川省轻工业研究设计院(白马寺街),edu,科教文化服务;科研机构;科研机构,金牛区,104.063601,30.684779
南京新希点全脑教育,edu,科教文化服务;培训机构;培训机构,金牛区,104.072588,30.68796
四川省林业科学研究院(腾云楼宾馆东),edu,科教文化服务;科研机构;科研机构,金牛区,104.070576,30.681779
新文方教育,edu,科教文化服务;培训机构;培训机构,金牛区,104.071184,30.681457
成都市工业职业技术学校成人教育部(成华街),edu,科教文化服务;学校;成人教育,金牛区,104.071225,30.684487
国土资源资料馆,edu,科教文化服务;科教文化场所;科教文化场所,金牛区,104.070691,30.686708
蜀通岩土工程公司地理信息测绘院,edu,科教文化服务;科研机构;科研机构,金牛区,104.066643,30.68345
嘉和传播,edu,科教文化服务;科教文化场所;科教文化场所,金牛区,104.07018,30.683381
成都金淘电商学校,edu,科教文化服务;科教文化场所;科教文化场所,金牛区,104.071213,30.688939
晴朗甜品培训,edu,科教文化服务;培训机构;培训机构,金牛区,104.071807,30.68812
中国建筑西南设计研究院有限公司(星辉西路),edu,科教文化服务;科研机构;科研机构,金牛区,104.073493,30.680336
新思维学校(人北校区),edu,科教文化服务;培训机构;培训机构,金牛区,104.071412,30.68913
中国地质调查局成都地质调查中心(一环路北三段),edu,科教文化服务;科研机构;科研机构,金牛区,104.072638,30.687021
望子成龙学校(金牛万达校区),edu,科教文化服务;科教文化场所;科教文化场所,金牛区,104.072695,30.688129
比非教育,edu,科教文化服务;培训机构;培训机构,金牛区,104.072579,30.684425
晴朗教育,edu,科教文化服务;培训机构;培训机构,金牛区,104.071554,30.688618
甲拉书院,edu,科教文化服务;培训机构;培训机构,金牛区,104.069166,30.684431
成都市中华会计函授学校,edu,科教文化服务;培训机构;培训机构,金牛区,104.071225,30.684487
三德名师点拨学校(万达校区),edu,科教文化服务;科教文化场所;科教文化场所,金牛区,104.071837,30.689002
美联英语(金牛万达mini中心),edu,科教文化服务;培训机构;培训机构,金牛区,104.071283,30.689309
四川省中小企业培训学院,edu,科教文化服务;培训机构;培训机构,金牛区,104.072406,30.684434
四川省地质矿产勘查开发局成都综合岩矿测试中心,edu,科教文化服务;科研机构;科研机构,金牛区,104.070729,30.686822
沃尔得国际英语(万达广场金牛店),edu,科教文化服务;培训机构;培训机构,金牛区,104.073358,30.688305
电子科技大学西南交通大学网络教育成都工职校学习中心,edu,科教文化服务;培训机构;培训机构,金牛区,104.071225,30.684487
四川蜀通岩土工程公司地理信息出版中心,edu,科教文化服务;传媒机构;出版社,金牛区,104.066643,30.68345
四川省地质调查院岩矿测试所,edu,科教文化服务;科研机构;科研机构,金牛区,104.070969,30.686833
电子科技大学四川师范大学自学考试成都工职校助学中心,edu,科教文化服务;培训机构;培训机构,金牛区,104.071215,30.684482
易多英语学校教学点(星辉西路),edu,科教文化服务;培训机构;培训机构,金牛区,104.070043,30.682107
四川省出入境检验检疫局矿产品分析指定实验室,edu,科教文化服务;科研机构;科研机构,金牛区,104.070729,30.686822
仁和会计培训机构,edu,科教文化服务;培训机构;培训机构,金牛区,104.070988,30.688974
省地矿局资料馆,edu,科教文化服务;科教文化场所;科教文化场所,金牛区,104.070925,30.68739
大洋文化艺术学校,edu,科教文化服务;培训机构;培训机构,金牛区,104.0794,30.681006
成都戴氏文化传播有限公司,edu,科教文化服务;科教文化场所;科教文化场所,金牛区,104.083033,30.683312
大千青少年文化艺术培训中心,edu,科教文化服务;培训机构;培训机构,金牛区,104.08136,30.685379
成都鑫禹辰文化传播有限公司,edu,科教文化服务;科教文化场所;科教文化场所,金牛区,104.076059,30.682388
成都市第八中学,edu,科教文化服务;学校;中学,金牛区,104.077544,30.685619
四川省建筑科学研究院,edu,科教文化服务;科研机构;科研机构,金牛区,104.074933,30.687084
张家巷小学,edu,科教文化服务;学校;小学,金牛区,104.079521,30.680671
成都市勘察测绘研究院,edu,科教文化服务;科研机构;科研机构,金牛区,104.077032,30.685836
解放北路第一小学,edu,科教文化服务;学校;小学,金牛区,104.081928,30.686297
中国建筑西南勘察设计研究院有限公司(花圃北路),edu,科教文化服务;科研机构;科研机构|公司企业;公司;公司,金牛区,104.075295,30.684413
成都市第八中学(东北门),edu,科教文化服务;学校;中学|通行设施;临街院门;临街院正门,金牛区,104.077669,30.685662
朝阳学校(顺沙巷),edu,科教文化服务;培训机构;培训机构,金牛区,104.078061,30.686087
成都京西失眠抑郁症研究院,edu,科教文化服务;科研机构;科研机构,金牛区,104.080543,30.684351
四川电大时代工商学院,edu,科教文化服务;学校;高等院校,金牛区,104.080911,30.684273
钢管杂志社,edu,科教文化服务;传媒机构;杂志社,金牛区,104.077203,30.680586
人民北路小学校(东区),edu,科教文化服务;学校;小学,金牛区,104.076522,30.681267
四川省建材工业科学研究院(恒德路),edu,科教文化服务;科研机构;科研机构,金牛区,104.082065,30.680384
城市少年宫,edu,科教文化服务;文化宫;文化宫,金牛区,104.079582,30.680681
四川省轻工幼儿园,edu,科教文化服务;学校;幼儿园,金牛区,104.075443,30.685759
新格林艺术幼儿园,edu,科教文化服务;学校;幼儿园,金牛区,104.074561,30.680246
美迪教育(成都北校),edu,科教文化服务;培训机构;培训机构,金牛区,104.074368,30.679512
克里姆林宫会议中心,edu,科教文化服务;会展中心;会展中心,金牛区,104.080041,30.683308
四川省工艺美术研究所,edu,科教文化服务;科研机构;科研机构,金牛区,104.075078,30.685659
成都市解北幼儿园,edu,科教文化服务;学校;幼儿园,金牛区,104.07974,30.68144
艺晖舞校书画艺术,edu,科教文化服务;美术馆;美术馆,金牛区,104.081438,30.685638
四川省林业厅机关幼儿园,edu,科教文化服务;学校;幼儿园,金牛区,104.074522,30.680126
建设研究院,edu,科教文化服务;科研机构;科研机构,金牛区,104.074589,30.687173
四川省林业勘察设计院,edu,科教文化服务;科研机构;科研机构,金牛区,104.075533,30.684546
四川通惠老年大学孝心坊城北分校,edu,科教文化服务;学校;成人教育,金牛区,104.07707,30.679859
BW公路建筑测绘试验,edu,科教文化服务;科研机构;科研机构,金牛区,104.074448,30.687242
四川华西肝病研究所-心电图室,edu,科教文化服务;科研机构;科研机构,金牛区,104.080826,30.68434
成都市节能建材工程技术研究中心,edu,科教文化服务;科研机构;科研机构,金牛区,104.082065,30.680384
建科院设计一所,edu,科教文化服务;科教文化场所;科教文化场所,金牛区,104.074593,30.687176
三迁教育(城北校区),edu,科教文化服务;培训机构;培训机构,金牛区,104.080911,30.684271
航天广电,edu,科教文化服务;科教文化场所;科教文化场所,金牛区,104.075315,30.680506
双元联合教育城北校区,edu,科教文化服务;科教文化场所;科教文化场所,金牛区,104.080459,30.684142
巴黎时光孕妈儿童馆,edu,科教文化服务;科教文化场所;科教文化场所,金牛区,104.080167,30.684722
艺晖舞校书画艺体,edu,科教文化服务;科教文化场所;科教文化场所,金牛区,104.081329,30.685155
专业话筒,edu,科教文化服务;科教文化场所;科教文化场所,金牛区,104.074263,30.683097
智能公共广播,edu,科教文化服务;科教文化场所;科教文化场所,金牛区,104.075394,30.685432
四川华西肝病研究所(一环路北四段),edu,科教文化服务;科研机构;科研机构,金牛区,104.080711,30.684427
国土资源部成都地质矿产研究所(一环路北三段),edu,科教文化服务;科研机构;科研机构,金牛区,104.073672,30.687147
新格林精品堂学校(星辉校区),edu,科教文化服务;培训机构;培训机构,金牛区,104.074544,30.68028
成都博能电子电力散热器研究所,edu,科教文化服务;科研机构;科研机构,金牛区,104.080911,30.684274
一刘画室,edu,科教文化服务;培训机构;培训机构,金牛区,104.080911,30.684274
成都华西精神疾病医学研究院(解放路二段),edu,科教文化服务;科研机构;科研机构,金牛区,104.080543,30.684351
川东燃气工程设计研究院成都分院(马鞍西路),edu,科教文化服务;科研机构;科研机构,金牛区,104.08129,30.679528
四川省建材行业技术中心,edu,科教文化服务;科教文化场所;科教文化场所,金牛区,104.082065,30.680384
新启成教育,edu,科教文化服务;培训机构;培训机构,金牛区,104.080502,30.681367
新时代教育(解放路二段),edu,科教文化服务;培训机构;培训机构,金牛区,104.080911,30.684274
三到教育艺术培训学校,edu,科教文化服务;培训机构;培训机构,金牛区,104.074522,30.680126
绿岛教育,edu,科教文化服务;培训机构;培训机构,金牛区,104.078878,30.683626
乐山职业技术学院实习基地,edu,科教文化服务;科教文化场所;科教文化场所,金牛区,104.073712,30.688097
雅安职业技术学院实习基地,edu,科教文化服务;科教文化场所;科教文化场所,金牛区,104.073712,30.688097
九果教育,edu,科教文化服务;培训机构;培训机构,金牛区,104.081935,30.684844
新格林艺术学校(星辉校区),edu,科教文化服务;培训机构;培训机构,金牛区,104.074522,30.680126
武汉科技大学医学院实习基地,edu,科教文化服务;科教文化场所;科教文化场所,金牛区,104.073712,30.688097
成都市堪察测绘研究院测一分院,edu,科教文化服务;科教文化场所;科教文化场所,金牛区,104.077413,30.685745
天娇艺术培训(解放路二段),edu,科教文化服务;培训机构;培训机构,金牛区,104.080911,30.684274
上海考尚动能领袖学院成都实训基地,edu,科教文化服务;科教文化场所;科教文化场所,金牛区,104.074426,30.67946
泛美教育(梁家巷校区),edu,科教文化服务;培训机构;培训机构,金牛区,104.083005,30.683307
成都市轻舞飞扬艺术培训中心,edu,科教文化服务;培训机构;培训机构,金牛区,104.081098,30.680109
四川省成都卫生学校教学实习基地,edu,科教文化服务;培训机构;培训机构,金牛区,104.073712,30.688097
成都市城北体育馆业余体育学校,edu,科教文化服务;学校;职业技术学校,金牛区,104.075972,30.684733
中国资源综合利用协会墙材革新工作委员会技术创新部,edu,科教文化服务;科研机构;科研机构,金牛区,104.082065,30.680384
四川广播电视大学蓝翔中心直属学院,edu,科教文化服务;学校;成人教育,金牛区,104.080091,30.685601
现代文理学校,edu,科教文化服务;培训机构;培训机构,金牛区,104.080911,30.684274
艺彩工艺美术社,edu,科教文化服务;科教文化场所;科教文化场所,金牛区,104.080911,30.684274
灵通英语艺校城北分校初中部,edu,科教文化服务;科教文化场所;科教文化场所,金牛区,104.075972,30.684736
课外辅导中心,edu,科教文化服务;培训机构;培训机构,金牛区,104.079457,30.687612
柴志美业教育,edu,科教文化服务;培训机构;培训机构,金牛区,104.079088,30.685753
四川省建科院经适房,edu,科教文化服务;科教文化场所;科教文化场所,金牛区,104.076607,30.688229
风景园林规划设计所,edu,科教文化服务;科研机构;科研机构,金牛区,104.073913,30.68027
地基基础研究所,edu,科教文化服务;科研机构;科研机构,金牛区,104.074591,30.687172
四川宗盛文化传播有限公司,edu,科教文化服务;传媒机构;传媒机构,成华区,104.087041,30.682992
成都言意文化传播有限公司,edu,科教文化服务;科教文化场所;科教文化场所,成华区,104.090016,30.681131
艺蓉文化艺术培训学校(前锋路),edu,科教文化服务;培训机构;培训机构,成华区,104.08937,30.681604
府青路街道综合文化活动中心(华安路),edu,科教文化服务;文化宫;文化宫,成华区,104.092195,30.681654
李家沱实验小学,edu,科教文化服务;学校;小学,成华区,104.091129,30.686121
成都大学附属中学,edu,科教文化服务;学校;中学,成华区,104.089155,30.685056
马鞍小学,edu,科教文化服务;学校;小学,金牛区,104.088115,30.679988
中房第一幼儿园,edu,科教文化服务;学校;幼儿园,金牛区,104.086887,30.687461
中房第二幼儿园,edu,科教文化服务;学校;幼儿园,成华区,104.090653,30.686882
美声琴行,edu,科教文化服务;培训机构;培训机构,成华区,104.091089,30.68642
成都市驷马桥幼儿园,edu,科教文化服务;学校;幼儿园,金牛区,104.083534,30.686659
启智蓝光幼儿园,edu,科教文化服务;学校;幼儿园,金牛区,104.084024,30.687723
番茄苗美术(华安路),edu,科教文化服务;美术馆;美术馆,成华区,104.092185,30.681534
成都美声艺术中心,edu,科教文化服务;美术馆;美术馆,成华区,104.091554,30.687857
北四段社区图书阅览室,edu,科教文化服务;图书馆;图书馆,金牛区,104.084306,30.683746
树蓓社区图书阅览室,edu,科教文化服务;图书馆;图书馆,金牛区,104.086586,30.686879
西南油气分公司勘察开发研究院,edu,科教文化服务;科研机构;科研机构,金牛区,104.08677,30.68152
成都市勘查院,edu,科教文化服务;科教文化场所;科教文化场所,成华区,104.089854,30.685843
君昂童子君乐园(又一城店),edu,科教文化服务;科教文化场所;科教文化场所,成华区,104.092185,30.681534
四川普瑞眼病防治研究所,edu,科教文化服务;科研机构;科研机构,金牛区,104.086121,30.682925
依贝儿幼儿园,edu,科教文化服务;学校;幼儿园,金牛区,104.08594,30.679571
金色花儿童成长中心,edu,科教文化服务;科教文化场所;科教文化场所,成华区,104.092406,30.681952
甘露幼儿园,edu,科教文化服务;学校;幼儿园,金牛区,104.084033,30.68929
琦艺舞蹈工作室,edu,科教文化服务;培训机构;培训机构,成华区,104.091249,30.687825
翼丹舞蹈工作室,edu,科教文化服务;培训机构;培训机构,金牛区,104.084937,30.680696
培杰昂立国际教育,edu,科教文化服务;培训机构;培训机构,金牛区,104.086341,30.687374
国家级课题研究实验基地,edu,科教文化服务;科教文化场所;科教文化场所,成华区,104.088696,30.685495
新方舟学校,edu,科教文化服务;培训机构;培训机构,金牛区,104.089234,30.686905
成都刘诗昆艺术学校(财富校区),edu,科教文化服务;学校;职业技术学校,成华区,104.091947,30.680374
四川小记者,edu,科教文化服务;传媒机构;传媒机构,金牛区,104.089202,30.686915
阿迪达斯青少年足球训练营,edu,科教文化服务;科教文化场所;科教文化场所,成华区,104.091269,30.68608
富春博雅教育,edu,科教文化服务;培训机构;培训机构,成华区,104.091176,30.686377
快乐小提琴,edu,科教文化服务;培训机构;培训机构,金牛区,104.088348,30.687552
戴氏精品堂(恒德路),edu,科教文化服务;培训机构;培训机构,金牛区,104.083506,30.683107
金色雨林,edu,科教文化服务;培训机构;培训机构,成华区,104.092185,30.681534
艺海画室(三友路),edu,科教文化服务;培训机构;培训机构,金牛区,104.086611,30.68275
英语数学托管,edu,科教文化服务;培训机构;培训机构,成华区,104.091246,30.68735
四川巴人餐饮技术培训,edu,科教文化服务;培训机构;培训机构,金牛区,104.084937,30.680696
成都众益教育,edu,科教文化服务;培训机构;培训机构,金牛区,104.08864,30.679754
丹秋·名师堂学校(华安路),edu,科教文化服务;培训机构;培训机构,成华区,104.091958,30.681376
艺海星少儿培训中心,edu,科教文化服务;培训机构;培训机构,成华区,104.091479,30.68001
真传实教美食培训学校,edu,科教文化服务;培训机构;培训机构,金牛区,104.085086,30.680523
老孙师画室,edu,科教文化服务;培训机构;培训机构,金牛区,104.084892,30.680293
成都市民道德讲堂(华安路),edu,科教文化服务;科教文化场所;科教文化场所,成华区,104.092195,30.681654
星舞忠街舞(三友路),edu,科教文化服务;培训机构;培训机构,金牛区,104.088663,30.685994
川东燃气工程设计研究院成都分院(三友路),edu,科教文化服务;科研机构;科研机构,金牛区,104.088663,30.685994
金宝贝早教培训(财富又一城店),edu,科教文化服务;培训机构;培训机构,成华区,104.091947,30.680374
徐浩美术学校(三友路校区),edu,科教文化服务;培训机构;培训机构,金牛区,104.089202,30.686915
番茄苗美术中心(府青路二段),edu,科教文化服务;培训机构;培训机构,成华区,104.091951,30.680382
美橙少儿街舞(财富又一城店),edu,科教文化服务;培训机构;培训机构,成华区,104.091676,30.680209
小书童教育(李家沱学习中心),edu,科教文化服务;培训机构;培训机构,成华区,104.091254,30.68419
知学堂,edu,科教文化服务;培训机构;培训机构,金牛区,104.08372,30.684202
成都孙老师画室,edu,科教文化服务;培训机构;培训机构,金牛区,104.084937,30.680696
中国石油化工股份有限公司西南油气分公司地质资料馆,edu,科教文化服务;档案馆;档案馆,金牛区,104.08677,30.68152
四川朔影文化传播有限责任公司,edu,科教文化服务;科教文化场所;科教文化场所,成华区,104.102356,30.682307
成华区档案馆,edu,科教文化服务;档案馆;档案馆,成华区,104.095236,30.682085
电子科技大学附属实验小学,edu,科教文化服务;学校;小学,成华区,104.099545,30.684515
果汁博物馆,edu,科教文化服务;博物馆;博物馆,成华区,104.101888,30.683007
电子科技大学实验幼儿园,edu,科教文化服务;学校;幼儿园,成华区,104.099409,30.681254
格林春天浅水半岛幼儿园,edu,科教文化服务;学校;幼儿园,成华区,104.103448,30.686787
电子科技大学附属实验小学(沙河校区),edu,科教文化服务;学校;小学,成华区,104.094286,30.680777
武名功夫馆,edu,科教文化服务;培训机构;培训机构|体育休闲服务;运动场馆;运动场所,成华区,104.0981,30.683748
电子科技大学附属实验小学蓝水湾校区,edu,科教文化服务;学校;小学,成华区,104.098213,30.68688
成都市第十二幼儿园蓝光COCO分园,edu,科教文化服务;学校;幼儿园,成华区,104.100628,30.6847
桃蹊路街道社区教育学校踏水分校,edu,科教文化服务;学校;学校,成华区,104.098765,30.685059
HEADLINES舞蹈馆,edu,科教文化服务;培训机构;培训机构,成华区,104.098873,30.685006
东方慧童电子科大校区,edu,科教文化服务;学校;幼儿园,成华区,104.098692,30.6845
蓝艺舞蹈,edu,科教文化服务;培训机构;培训机构,成华区,104.103447,30.68902
翰林苑教育中心,edu,科教文化服务;培训机构;培训机构,成华区,104.101677,30.683207
圣灯中心小学校,edu,科教文化服务;学校;小学,成华区,104.094735,30.68122
乐美教育(府青店),edu,科教文化服务;培训机构;培训机构,成华区,104.09893,30.684811
童童童教育(府青校区店),edu,科教文化服务;培训机构;培训机构,成华区,104.097704,30.684874
123钢琴中心,edu,科教文化服务;培训机构;培训机构,成华区,104.103012,30.687619
品智教育,edu,科教文化服务;培训机构;培训机构,成华区,104.098293,30.685347
绵阳市涪城区星海教育学校,edu,科教文化服务;科教文化场所;科教文化场所,成华区,104.097894,30.682385
爱阳教育,edu,科教文化服务;培训机构;培训机构,成华区,104.102026,30.683879
新学堂(府青路二段),edu,科教文化服务;培训机构;培训机构,成华区,104.094281,30.680809
美音艺术教育,edu,科教文化服务;培训机构;培训机构,成华区,104.100743,30.683939
乐之乐艺术,edu,科教文化服务;培训机构;培训机构,成华区,104.098273,30.683925
成都翰林苑教育中心,edu,科教文化服务;培训机构;培训机构,成华区,104.102434,30.683005
十点画室,edu,科教文化服务;培训机构;培训机构,成华区,104.098674,30.684502
澳斯特教育(府青东街),edu,科教文化服务;培训机构;培训机构,成华区,104.098875,30.684766
七彩葫芦,edu,科教文化服务;培训机构;培训机构,成华区,104.098392,30.685406
特蕾新教育,edu,科教文化服务;培训机构;培训机构,成华区,104.098941,30.685297
葡萄籽英语(府青东街),edu,科教文化服务;培训机构;培训机构,成华区,104.098844,30.684715
玛尔比恩早教中心,edu,科教文化服务;培训机构;培训机构,成华区,104.101706,30.683294
多优尚学堂,edu,科教文化服务;培训机构;培训机构,成华区,104.098701,30.684532
雅尔陪伴教育,edu,科教文化服务;培训机构;培训机构,成华区,104.098344,30.685321
光亚亲子教育早教中心,edu,科教文化服务;培训机构;培训机构,成华区,104.100851,30.683863
林格米蒂英语(府青东街),edu,科教文化服务;培训机构;培训机构,成华区,104.098826,30.684681
幼幼堂小主持人表演培训班,edu,科教文化服务;培训机构;培训机构,成华区,104.103408,30.684675
瑞思学科英语(蓝光COCO校区),edu,科教文化服务;培训机构;培训机构,成华区,104.101226,30.684682
台湾颢学安亲少儿中心(府青东街),edu,科教文化服务;培训机构;培训机构,成华区,104.098718,30.684549
成都市社会工作专业人才实务实训基地,edu,科教文化服务;培训机构;培训机构,成华区,104.097793,30.682939
蓝光coco时代亲子儿童中心,edu,科教文化服务;文化宫;文化宫,成华区,104.101346,30.683895
法治文化创意工作室,edu,科教文化服务;科教文化场所;科教文化场所,成华区,104.098752,30.684991
柠檬文化传播,edu,科教文化服务;传媒机构;传媒机构,成华区,104.108675,30.687478
学而优文化艺术学校,edu,科教文化服务;培训机构;培训机构,成华区,104.109835,30.685254
成都易森文化艺术学校,edu,科教文化服务;学校;学校,成华区,104.110933,30.683293
成都易森美术馆,edu,科教文化服务;美术馆;美术馆,成华区,104.112988,30.683058
扬帆学校,edu,科教文化服务;培训机构;培训机构,成华区,104.109871,30.685276
金起点智能幼儿园,edu,科教文化服务;学校;幼儿园,成华区,104.109316,30.680992
成华实验小学,edu,科教文化服务;学校;小学,成华区,104.107263,30.680775
华西中学·电子科技大学附中,edu,科教文化服务;学校;中学,成华区,104.10945,30.68308
成都市建工科学研究院,edu,科教文化服务;科研机构;科研机构,成华区,104.110144,30.68347
华西英语学校(双建路),edu,科教文化服务;培训机构;培训机构,成华区,104.11221,30.682535
成都市数学奥林匹克学校成都华西中学分校,edu,科教文化服务;学校;中学,成华区,104.109454,30.683075
成华区海德玛幼儿园,edu,科教文化服务;学校;幼儿园,成华区,104.109928,30.688983
简单学习网成都分中心,edu,科教文化服务;学校;学校,成华区,104.110814,30.683773
读者报品质生活馆(成华区店),edu,科教文化服务;传媒机构;报社,成华区,104.11112,30.679558
桃蹊路街道广播电视站,edu,科教文化服务;传媒机构;电视台,成华区,104.11131,30.683237
川音大地艺术学校,edu,科教文化服务;学校;职业技术学校,成华区,104.105574,30.683812
海潮音书画,edu,科教文化服务;美术馆;美术馆,成华区,104.112159,30.682858
成华区老年大学(桃蹊路街道分校),edu,科教文化服务;学校;成人教育,成华区,104.103513,30.689128
成都陈荣添艺艺术学校,edu,科教文化服务;学校;学校,成华区,104.109835,30.685254
成都市第十四幼儿园成华实验分园,edu,科教文化服务;学校;幼儿园,成华区,104.107584,30.680879
大千教育(怡福路),edu,科教文化服务;培训机构;培训机构,成华区,104.105099,30.688801
学而之教育培训学校,edu,科教文化服务;学校;学校,成华区,104.112301,30.682767
成华区桃蹊路街道社区教育学校,edu,科教文化服务;学校;学校,成华区,104.103514,30.68913
成都成才教育学校,edu,科教文化服务;培训机构;培训机构,成华区,104.109871,30.685276
贝特尔艺校,edu,科教文化服务;学校;职业技术学校,成华区,104.11264,30.683194
交通安全学习室,edu,科教文化服务;科教文化场所;科教文化场所,成华区,104.105115,30.68332
红苹果钢琴艺术中心,edu,科教文化服务;培训机构;培训机构,成华区,104.109871,30.685276
金箭驾校八里培训部,edu,科教文化服务;培训机构;培训机构,成华区,104.107195,30.688719
贝格幼稚园,edu,科教文化服务;学校;幼儿园,成华区,104.112824,30.687926
博雅教育(文德路),edu,科教文化服务;培训机构;培训机构,成华区,104.112709,30.687938
飞扬美乐艺术中心,edu,科教文化服务;培训机构;培训机构,成华区,104.109909,30.680774
四川博瑞佳,edu,科教文化服务;培训机构;培训机构,成华区,104.104215,30.683629
九方美术教育,edu,科教文化服务;培训机构;培训机构,成华区,104.10385,30.681974
八里小区音乐教室,edu,科教文化服务;培训机构;培训机构,成华区,104.11233,30.685068
五加三教育,edu,科教文化服务;培训机构;培训机构,成华区,104.104662,30.680575
杨帆画室,edu,科教文化服务;培训机构;培训机构,成华区,104.109803,30.685176
扬帆培训学校,edu,科教文化服务;培训机构;培训机构,成华区,104.109803,30.685176
五加二教育,edu,科教文化服务;培训机构;培训机构,成华区,104.104621,30.68064
大千教育(八里分中心),edu,科教文化服务;培训机构;培训机构,成华区,104.105127,30.688837
三加一教育(双建路),edu,科教文化服务;培训机构;培训机构,成华区,104.111088,30.684082
国家信息化计算机教育中心电脑培训,edu,科教文化服务;培训机构;培训机构,成华区,104.109835,30.685254
教师苑培训,edu,科教文化服务;培训机构;培训机构,成华区,104.107918,30.688685
天韵琴行八里小区音乐教室,edu,科教文化服务;培训机构;培训机构,成华区,104.10769,30.68511
小桔灯作文培训学校(桃蹊路),edu,科教文化服务;培训机构;培训机构,成华区,104.103665,30.682612
成都市建工科学研究设计院(华西苑西北),edu,科教文化服务;科研机构;科研机构,成华区,104.110205,30.683535
牛津国际公学成都学校,edu,科教文化服务;培训机构;培训机构,成华区,104.108386,30.683889
成都市新天地学校八里教学点,edu,科教文化服务;培训机构;培训机构,成华区,104.109835,30.685254
易森文化艺术教育中心,edu,科教文化服务;培训机构;培训机构,成华区,104.113824,30.679538
学而知文化艺术培训学校,edu,科教文化服务;培训机构;培训机构,成华区,104.116703,30.680754
成都课改联盟文化传播有限公司,edu,科教文化服务;传媒机构;传媒机构,成华区,104.115629,30.680439
成都市第四十九中学校,edu,科教文化服务;学校;中学,成华区,104.121314,30.680458
厦门南洋学院驻四川办事处,edu,科教文化服务;学校;学校,成华区,104.119092,30.681374
四川省冶金地质勘查院,edu,科教文化服务;科研机构;科研机构,成华区,104.120049,30.683457
八里庄小学校,edu,科教文化服务;学校;小学,成华区,104.115422,30.687763
圣灯村小学,edu,科教文化服务;学校;小学,成华区,104.117851,30.679554
成都电子计算机学校,edu,科教文化服务;学校;学校,成华区,104.115629,30.68044
成都蜀辉实验学校,edu,科教文化服务;学校;小学,成华区,104.117263,30.687247
金星幼儿园(二仙南二巷),edu,科教文化服务;学校;幼儿园,成华区,104.117239,30.683128
石油社区幼儿园,edu,科教文化服务;学校;幼儿园,成华区,104.117034,30.686904
戴氏教育(八里校区),edu,科教文化服务;培训机构;培训机构,成华区,104.11896,30.682261
黑博士培训学校,edu,科教文化服务;培训机构;培训机构,成华区,104.117176,30.686762
北京四中网校成都分校,edu,科教文化服务;学校;成人教育,成华区,104.115629,30.68044
英姿武术培训中心,edu,科教文化服务;培训机构;培训机构,成华区,104.117625,30.683281
色尔咖啡培训体验馆,edu,科教文化服务;培训机构;培训机构,成华区,104.121354,30.682972
昂立华慧教育,edu,科教文化服务;培训机构;培训机构,成华区,104.114202,30.680602
贝多彩第二幼儿园,edu,科教文化服务;学校;幼儿园,成华区,104.120438,30.68398
丹秋名师堂学校(八里庄分部),edu,科教文化服务;培训机构;培训机构,成华区,104.121187,30.682796
成都树德成华中学,edu,科教文化服务;学校;中学,成华区,104.121,30.680195
工艺研究所,edu,科教文化服务;科研机构;科研机构,成华区,104.115045,30.680397
成都实验中学东校区,edu,科教文化服务;科教文化场所;科教文化场所,成华区,104.129284,30.68452
成都嘉祥外国语学校成华校区,edu,科教文化服务;学校;中学,成华区,104.129351,30.684414
金苗公益性幼儿园(二仙桥北二路),edu,科教文化服务;学校;幼儿园,成华区,104.13223,30.681788
圣灯街道综合文化活动中心,edu,科教文化服务;文化宫;文化宫,成华区,104.140113,30.684537
成都市二仙桥学校,edu,科教文化服务;学校;中学,成华区,104.135109,30.681004
成都李彬报纸博物馆,edu,科教文化服务;博物馆;博物馆,成华区,104.140048,30.684594
好吃得一哔bi,edu,科教文化服务;学校;高等院校,成华区,104.139983,30.683692
成都贝多乐,edu,科教文化服务;学校;幼儿园,成华区,104.141585,30.685309
华林社区事务管理学校,edu,科教文化服务;学校;学校,成华区,104.140295,30.684414
成都市二仙桥学校-启迪托管,edu,科教文化服务;学校;幼儿园,成华区,104.135456,30.681769
中共圣灯街道华林社区党校,edu,科教文化服务;学校;学校,成华区,104.140291,30.68441
成华区才艺实验学校(东校区),edu,科教文化服务;学校;中学,成华区,104.134386,30.685905
成都市成华区金笛幼儿园,edu,科教文化服务;学校;幼儿园,成华区,104.134516,30.681908
第七弦器乐艺术中心,edu,科教文化服务;培训机构;培训机构,成华区,104.13873,30.683826
二仙桥街道社区教育学校,edu,科教文化服务;学校;学校,成华区,104.134145,30.683774
成都市二仙桥学校(北门),edu,科教文化服务;科教文化场所;科教文化场所,成华区,104.134923,30.681047
尚·私塾,edu,科教文化服务;培训机构;培训机构,成华区,104.137053,30.684266
杨雄教育,edu,科教文化服务;培训机构;培训机构,成华区,104.136396,30.684762
金苗儿童教育,edu,科教文化服务;培训机构;培训机构,成华区,104.135116,30.685273
千姿艺术培训中心,edu,科教文化服务;培训机构;培训机构,成华区,104.141248,30.684946
尚豪艺术培训中心,edu,科教文化服务;培训机构;培训机构,成华区,104.138078,30.680768
尚私塾教育(华林校区),edu,科教文化服务;培训机构;培训机构,成华区,104.137076,30.684372
清大学习吧(二仙桥校区),edu,科教文化服务;培训机构;培训机构,成华区,104.135277,30.681914
德优教育(东华一路校区),edu,科教文化服务;培训机构;培训机构,成华区,104.136328,30.684814
成华区图书馆二仙桥分馆,edu,科教文化服务;图书馆;图书馆,成华区,104.13411,30.683797
成都理工大学电视科教纪录片研究所,edu,科教文化服务;科研机构;科研机构,成华区,104.146136,30.680066
成都理工大学北校区-成都理工大学传播科学与艺术学院,edu,科教文化服务;学校;高等院校,成华区,104.144103,30.679871
成都理工大学商学院,edu,科教文化服务;学校;高等院校,成华区,104.144005,30.680094
成都理工大学艺术大楼,edu,科教文化服务;学校;高等院校,成华区,104.146136,30.680066
成都理工大学第二教学楼(东区)B栋,edu,科教文化服务;学校;高等院校,成华区,104.149447,30.679829
成都理工大学第二教学楼(东区)A栋,edu,科教文化服务;学校;高等院校,成华区,104.148775,30.680098
成都理工大学第一教学楼(东区)B栋,edu,科教文化服务;学校;高等院校,成华区,104.148657,30.680744
成都理工大学第二教学楼(东区)C栋,edu,科教文化服务;学校;高等院校,成华区,104.149031,30.680676
成都理工大学传播科学与艺术学院,edu,科教文化服务;学校;高等院校,成华区,104.146136,30.680066
第一教学楼(东区),edu,科教文化服务;学校;学校,成华区,104.148614,30.68045
成都理工大学第二教学楼(东区),edu,科教文化服务;学校;高等院校,成华区,104.148614,30.68045
成都理工大学影视制作实验室排练厅(1),edu,科教文化服务;科教文化场所;科教文化场所,成华区,104.144278,30.680288
成都理工大学设计艺术实验室素描训练室(2),edu,科教文化服务;科教文化场所;科教文化场所,成华区,104.143937,30.680479
成都理工大学设计艺术实验室素描训练室(1),edu,科教文化服务;科教文化场所;科教文化场所,成华区,104.143933,30.680409
成都理工大学传播科学与艺术学院实验室,edu,科教文化服务;科研机构;科研机构,成华区,104.14459,30.680087
成都理工大学电视台,edu,科教文化服务;传媒机构;电视台,成华区,104.146135,30.680066
成都理工大学第一教学楼(东区)A栋,edu,科教文化服务;学校;高等院校,成华区,104.148457,30.680234
成都理工大学川剧艺术研究所,edu,科教文化服务;科研机构;科研机构,成华区,104.146136,30.680066
成都理工大学传媒艺术教育研究中心,edu,科教文化服务;科研机构;科研机构,成华区,104.146136,30.680066
成都理工大学(北校区)-传播科学与艺术学院,edu,科教文化服务;学校;职业技术学校,成华区,104.144509,30.679493
成都理工大学影视制作实验室排练厅(2),edu,科教文化服务;科教文化场所;科教文化场所,成华区,104.144094,30.680225
江苏广电总台未来金话筒大赛人才培养中心,edu,科教文化服务;培训机构;培训机构,成华区,104.146136,30.680067
成都理工大学商学院中澳学院,edu,科教文化服务;学校;高等院校,成华区,104.1446,30.680196
四川博惟文化传播有限公司,edu,科教文化服务;科教文化场所;科教文化场所,成华区,104.16286,30.683994
四川蓉政文化传播有限公司,edu,科教文化服务;科教文化场所;科教文化场所,成华区,104.162856,30.683993
东风康明斯发动机有限公司-同创联合培训中心,edu,科教文化服务;培训机构;培训机构,成华区,104.162999,30.683001
翱翔艺术学校,edu,科教文化服务;学校;职业技术学校,成华区,104.178838,30.688431
成都新锐培训学校总校,edu,科教文化服务;科教文化场所;科教文化场所,成华区,104.180224,30.689317
翱翔教育集团,edu,科教文化服务;培训机构;培训机构,成华区,104.179006,30.688424
成都树德中学光华校区,edu,科教文化服务;学校;中学,青羊区,103.965157,30.66992
今天艺术中心,edu,科教文化服务;美术馆;美术馆,青羊区,103.970634,30.672487
同辉(国际)学校,edu,科教文化服务;学校;学校,青羊区,103.970486,30.675178
麦田舞馆,edu,科教文化服务;科教文化场所;科教文化场所,青羊区,103.964793,30.675735
成都市第五幼儿园培风分园,edu,科教文化服务;学校;幼儿园,青羊区,103.966598,30.674861
青竹学园,edu,科教文化服务;培训机构;培训机构,青羊区,103.966581,30.675887
爱慧专业培训中心,edu,科教文化服务;培训机构;培训机构,青羊区,103.973501,30.673237
成都市百分百教育,edu,科教文化服务;培训机构;培训机构,青羊区,103.969451,30.674398
启尔音乐教室,edu,科教文化服务;培训机构;培训机构,青羊区,103.965599,30.67736
亲亲宝贝儿童之家,edu,科教文化服务;培训机构;培训机构,青羊区,103.969213,30.673848
灵动宝贝国际早教中心,edu,科教文化服务;培训机构;培训机构,青羊区,103.967128,30.676064
睿霖教育,edu,科教文化服务;培训机构;培训机构,青羊区,103.971985,30.671913
第一课堂(光华校区),edu,科教文化服务;培训机构;培训机构,青羊区,103.970559,30.671878
成都学霸教育(心灵家园校区),edu,科教文化服务;培训机构;培训机构,青羊区,103.969029,30.673184
小书童教育(成都市苏坡培风学习中心),edu,科教文化服务;培训机构;培训机构,青羊区,103.971836,30.671986
木之音艺术培训中心,edu,科教文化服务;培训机构;培训机构,青羊区,103.966982,30.673698
成都卓鑫文化传播有限公司,edu,科教文化服务;科教文化场所;科教文化场所,青羊区,103.98079,30.67544
未来幼儿园(苏坡中路),edu,科教文化服务;学校;幼儿园,青羊区,103.983008,30.675665
成都市第三十七中学,edu,科教文化服务;学校;中学,青羊区,103.978751,30.670027
苏坡小学(月华路),edu,科教文化服务;学校;小学,青羊区,103.981812,30.670457
东坡小学,edu,科教文化服务;学校;小学,青羊区,103.98167,30.675718
剑桥幼稚园,edu,科教文化服务;学校;幼儿园,青羊区,103.983066,30.677815
蒙养幼儿园,edu,科教文化服务;学校;幼儿园,青羊区,103.976567,30.674564
爱萌亲子园,edu,科教文化服务;学校;幼儿园,青羊区,103.981314,30.670562
成都市泡桐树幼儿园苏坡分园,edu,科教文化服务;学校;幼儿园,青羊区,103.981598,30.670501
点滴智慧相伴成长,edu,科教文化服务;科教文化场所;科教文化场所,青羊区,103.980375,30.673811
雅乐艺术培训中心,edu,科教文化服务;培训机构;培训机构,青羊区,103.976023,30.673057
六和教育,edu,科教文化服务;培训机构;培训机构,青羊区,103.976776,30.671347
文大教育(苏陂分校),edu,科教文化服务;培训机构;培训机构,青羊区,103.980628,30.675757
雷思教育(苏坡校区),edu,科教文化服务;培训机构;培训机构,青羊区,103.980623,30.675698
青羊区远辉教育信息咨询部,edu,科教文化服务;科教文化场所;科教文化场所,青羊区,103.97715,30.671326
艺蒙美术,edu,科教文化服务;培训机构;培训机构,青羊区,103.977403,30.670874
乐思艺术教育,edu,科教文化服务;培训机构;培训机构,青羊区,103.97651,30.675369
远辉教育(光华校区),edu,科教文化服务;培训机构;培训机构,青羊区,103.977446,30.670526
博瑞特教育,edu,科教文化服务;培训机构;培训机构,青羊区,103.980825,30.675204
泡桐树小学(境界校区),edu,科教文化服务;学校;小学,青羊区,103.987124,30.671427
智慧树幼稚园(东顺路),edu,科教文化服务;学校;幼儿园,青羊区,103.990265,30.675182
星彩艺术中心,edu,科教文化服务;美术馆;美术馆,青羊区,103.990589,30.672134
光明幼儿园(东顺路),edu,科教文化服务;学校;幼儿园,青羊区,103.992394,30.674506
成都幼师境界幼儿园,edu,科教文化服务;学校;幼儿园,青羊区,103.98835,30.671359
爱育幼童,edu,科教文化服务;学校;幼儿园,青羊区,103.985219,30.677625
美迪英语(春晓路),edu,科教文化服务;培训机构;培训机构,青羊区,103.991479,30.669748
双新路社区党校,edu,科教文化服务;学校;学校,青羊区,103.98775,30.673267
小星星幼儿园(青森街),edu,科教文化服务;学校;幼儿园,青羊区,103.987896,30.672705
四川海律艺术中心,edu,科教文化服务;培训机构;培训机构,青羊区,103.989388,30.673476
三品书画院,edu,科教文化服务;培训机构;培训机构,青羊区,103.993691,30.672835
学大教育(贝森路校区),edu,科教文化服务;培训机构;培训机构,青羊区,103.990483,30.672472
启心教育,edu,科教文化服务;培训机构;培训机构,青羊区,103.984294,30.674603
奥数托管,edu,科教文化服务;培训机构;培训机构,青羊区,103.991409,30.671148
新发现教育,edu,科教文化服务;培训机构;培训机构,青羊区,103.99216,30.675209
成都晨阳教育培训学校,edu,科教文化服务;培训机构;培训机构,青羊区,103.992884,30.674721
鑫广征科技天牧传播,edu,科教文化服务;科教文化场所;科教文化场所,青羊区,103.991874,30.670103
川煤集团技术中心·恒升公司设计研究院,edu,科教文化服务;科研机构;科研机构,青羊区,103.991887,30.67018
巨蟹文化传媒公司,edu,科教文化服务;科教文化场所;科教文化场所,青羊区,103.996617,30.676929
四川友源文化传播有限公司,edu,科教文化服务;科教文化场所;科教文化场所,青羊区,103.993806,30.673637
成都圣茂文化传播有限公司,edu,科教文化服务;传媒机构;传媒机构,青羊区,104.000562,30.676516
成都幸福之约文化传播有限公司,edu,科教文化服务;科教文化场所;科教文化场所,青羊区,103.996887,30.678031
星艺堂艺术培训中心,edu,科教文化服务;培训机构;培训机构,青羊区,103.999678,30.677854
青羊实验中学附属小学,edu,科教文化服务;学校;小学,青羊区,103.994779,30.670558
成都两河木雕艺术博物馆,edu,科教文化服务;博物馆;博物馆,青羊区,104.000888,30.67623
成都科技会堂,edu,科教文化服务;科教文化场所;科教文化场所,青羊区,104.001861,30.669898
成都金沙乌木艺术馆,edu,科教文化服务;展览馆;展览馆,青羊区,104.002129,30.670778
西村展演中心,edu,科教文化服务;展览馆;展览馆,青羊区,104.001369,30.673576
金隆酒店-会议厅,edu,科教文化服务;会展中心;会展中心,青羊区,103.997374,30.678265
西村藏传石刻艺术馆,edu,科教文化服务;展览馆;展览馆,青羊区,103.999357,30.672558
九方美术(金沙校区),edu,科教文化服务;培训机构;培训机构,青羊区,104.001428,30.674441
影像生活杂志社,edu,科教文化服务;传媒机构;杂志社,青羊区,104.001638,30.675055
贝尔机器人儿童学院(金沙校区),edu,科教文化服务;学校;高等院校,青羊区,103.997444,30.678396
格林贝贝儿童成长中心,edu,科教文化服务;学校;幼儿园|科教文化服务;培训机构;培训机构,青羊区,104.000895,30.677274
新世纪幼儿园(贝双街),edu,科教文化服务;学校;幼儿园,青羊区,104.000019,30.670426
乐乐镇国际美术中心,edu,科教文化服务;美术馆;美术馆,青羊区,103.99574,30.676862
童画视觉儿童摄影工作室,edu,科教文化服务;科教文化场所;科教文化场所,青羊区,104.001542,30.67376
李伯清书画工作室,edu,科教文化服务;培训机构;培训机构,青羊区,104.001461,30.673654
新爱婴早教中心(蜀金路),edu,科教文化服务;学校;幼儿园,青羊区,103.998432,30.678657
吉他乐器钢琴声乐,edu,科教文化服务;科教文化场所;科教文化场所,青羊区,103.996266,30.679552
心田花开学校金沙校区,edu,科教文化服务;科教文化场所;科教文化场所,青羊区,103.99626,30.676843
蜀之艺音乐教育,edu,科教文化服务;培训机构;培训机构,青羊区,103.994508,30.671357
成都创点传播,edu,科教文化服务;传媒机构;传媒机构,青羊区,103.996864,30.679433
筝悦会,edu,科教文化服务;培训机构;培训机构,青羊区,103.996833,30.67917
墨云轩书画,edu,科教文化服务;培训机构;培训机构,青羊区,103.994977,30.671296
西村艺术空间,edu,科教文化服务;科教文化场所;科教文化场所,青羊区,104.000483,30.673959
玛利娅蒙特梭利教育,edu,科教文化服务;培训机构;培训机构,青羊区,104.000141,30.678158
金沙红书画培训中心,edu,科教文化服务;培训机构;培训机构,青羊区,103.997526,30.670194
玛利娅·蒙特梭利国际早教(金沙店),edu,科教文化服务;培训机构;培训机构,青羊区,103.999678,30.677854
三德名师点拨学校(瑞联路校区),edu,科教文化服务;科教文化场所;科教文化场所,青羊区,103.99571,30.671236
易学堂教育(城市物语西南),edu,科教文化服务;培训机构;培训机构,青羊区,103.995047,30.671297
新航道培训中心(万瑞中心分部),edu,科教文化服务;培训机构;培训机构,青羊区,103.996408,30.676841
戴氏教育(金沙总校),edu,科教文化服务;培训机构;培训机构,青羊区,104.003071,30.675142
金柠檬国际钢琴教育(金沙校区),edu,科教文化服务;培训机构;培训机构,青羊区,103.99574,30.676851
中国心里网·ispeak儿童成长馆,edu,科教文化服务;科教文化场所;科教文化场所,青羊区,103.996617,30.676923
丹秋·名师堂学校(清江西路),edu,科教文化服务;培训机构;培训机构,青羊区,104.001355,30.676342
青少年创客空间,edu,科教文化服务;科教文化场所;科教文化场所,青羊区,104.001432,30.67325
愽瑞艺星世纪智能幼稚园,edu,科教文化服务;学校;幼儿园,青羊区,103.99764,30.673137
二十一世纪幼儿园,edu,科教文化服务;学校;幼儿园,青羊区,103.997519,30.673151
青少年科技活动中心,edu,科教文化服务;科技馆;科技馆,青羊区,104.001889,30.66991
成都市劳动人民文化宫,edu,科教文化服务;文化宫;文化宫,青羊区,104.006262,30.673253
蓝天文化艺术学校,edu,科教文化服务;培训机构;培训机构,青羊区,104.005922,30.678298
风淘沙文化传媒,edu,科教文化服务;传媒机构;传媒机构,青羊区,104.008865,30.676192
光华街道综合文化活动中心,edu,科教文化服务;文化宫;文化宫,青羊区,104.007268,30.671967
成都自迩文化艺术学校,edu,科教文化服务;学校;职业技术学校,青羊区,104.006005,30.674425
四川中报文化传播有限公司,edu,科教文化服务;科教文化场所;科教文化场所,青羊区,104.006009,30.678845
成都市劳动人民文化宫数字·图书馆,edu,科教文化服务;图书馆;图书馆,青羊区,104.005982,30.672174
成都八八空间艺术学校(文化宫校区),edu,科教文化服务;学校;学校,青羊区,104.006819,30.674008
瑞思学科英语(中环路青羊大道段),edu,科教文化服务;培训机构;培训机构,青羊区,104.006661,30.673154
成都市青羊区扬华教育培训中心,edu,科教文化服务;培训机构;培训机构,青羊区,104.006365,30.673475
西南财经大学(光华校区),edu,科教文化服务;学校;高等院校,青羊区,104.011727,30.670498
麦克星球儿童创客学院,edu,科教文化服务;培训机构;培训机构,青羊区,104.006776,30.673465
西南财经大学成人教育学院,edu,科教文化服务;学校;成人教育,青羊区,104.008767,30.674201
多功能会议厅,edu,科教文化服务;会展中心;会展中心,青羊区,104.006441,30.672632
西南财经大学幼儿园,edu,科教文化服务;学校;幼儿园,青羊区,104.009494,30.671523
七巧板教育,edu,科教文化服务;学校;幼儿园,青羊区,104.006792,30.678272
四川师范大学实验外国语学校,edu,科教文化服务;学校;高等院校,青羊区,104.011214,30.67914
青羊区国家青少年体育俱乐部四川师范大学实验外国语学校分部,edu,科教文化服务;学校;高等院校,青羊区,104.011519,30.678906
新东方(金沙校区),edu,科教文化服务;培训机构;培训机构,青羊区,104.007239,30.676301
西南财经大学国际教育学院,edu,科教文化服务;学校;高等院校,青羊区,104.008223,30.674173
西南财经大学中国家庭金融调查与研究中心,edu,科教文化服务;科研机构;科研机构,青羊区,104.007509,30.674009
西南财经大学体育教学研究部,edu,科教文化服务;学校;高等院校,青羊区,104.013462,30.672863
杨梅红国际私立美校,edu,科教文化服务;学校;学校,青羊区,104.006858,30.673732
琴筝国乐艺术中心(金沙馆),edu,科教文化服务;美术馆;美术馆,青羊区,104.01267,30.674168
周广仁钢琴艺术中心,edu,科教文化服务;美术馆;美术馆,青羊区,104.005982,30.672174
叮噹学科英语,edu,科教文化服务;培训机构;培训机构,青羊区,104.007169,30.672106
成都抗白白癜风研究院(清江中路),edu,科教文化服务;科研机构;科研机构,青羊区,104.01362,30.674024
成都国学馆(金沙分馆),edu,科教文化服务;科教文化场所;科教文化场所,青羊区,104.009073,30.679452
西南财经大学第二幼儿园,edu,科教文化服务;学校;幼儿园,青羊区,104.013233,30.670024
刘诗昆艺术学校,edu,科教文化服务;学校;职业技术学校|科教文化服务;培训机构;培训机构,青羊区,104.005976,30.678282
CCAI东方舞工作室,edu,科教文化服务;科教文化场所;科教文化场所,青羊区,104.005855,30.672568
西南财经大学光华校区经济与管理研究院,edu,科教文化服务;科研机构;科研机构,青羊区,104.007534,30.674
伟司顿小博士(金沙店),edu,科教文化服务;培训机构;培训机构,青羊区,104.005204,30.678599
锦城春天教育,edu,科教文化服务;培训机构;培训机构,青羊区,104.006119,30.678238
德友乒乓球运动学校,edu,科教文化服务;培训机构;培训机构,青羊区,104.005857,30.678329
成都金沙医院孕妇学校,edu,科教文化服务;培训机构;培训机构,青羊区,104.006949,30.675898
11号画室(金沙园二期东),edu,科教文化服务;培训机构;培训机构,青羊区,104.006047,30.678733
成都憧星艺术中心,edu,科教文化服务;培训机构;培训机构,青羊区,104.012236,30.674353
徐宝吉他艺术中心(金沙分部),edu,科教文化服务;培训机构;培训机构,青羊区,104.006156,30.678781
四川师范大学实验外国语学才,edu,科教文化服务;科教文化场所;科教文化场所,青羊区,104.01209,30.678858
优优数学(金沙清江校区),edu,科教文化服务;培训机构;培训机构,青羊区,104.006988,30.675345
西财教育培训,edu,科教文化服务;培训机构;培训机构,青羊区,104.011357,30.669912
成都新天艺术学校,edu,科教文化服务;培训机构;培训机构,青羊区,104.005982,30.672171
成都多来米艺术乐器培训中心西门校区,edu,科教文化服务;科教文化场所;科教文化场所,青羊区,104.011213,30.674867
尚学教育(金沙园二期东南),edu,科教文化服务;培训机构;培训机构,青羊区,104.005922,30.678299
优能中学教育(中环路青羊大道段),edu,科教文化服务;培训机构;培训机构,青羊区,104.007239,30.676301
大洋艺术学校(金沙园二期东),edu,科教文化服务;培训机构;培训机构,青羊区,104.006426,30.678745
泡泡少儿教育(中环路青羊大道段),edu,科教文化服务;培训机构;培训机构,青羊区,104.007239,30.676301
嘉祥九思培训学校(中环路青羊大道段),edu,科教文化服务;培训机构;培训机构,青羊区,104.007239,30.676301
国际Esol英语培训与考试中心,edu,科教文化服务;培训机构;培训机构,青羊区,104.007169,30.672106
西南财经大学金融研究院,edu,科教文化服务;科研机构;科研机构,青羊区,104.009014,30.672645
西南财经大学西区教学楼,edu,科教文化服务;学校;学校,青羊区,104.007672,30.673273
青羊文化宫,edu,科教文化服务;文化宫;文化宫,青羊区,104.006605,30.671034
星娱文化,edu,科教文化服务;传媒机构;传媒机构,青羊区,104.021123,30.67347
成都光焦文化传播有限公司,edu,科教文化服务;传媒机构;传媒机构,青羊区,104.018187,30.670647
成都佳易万和文化传播有限公司,edu,科教文化服务;科教文化场所;科教文化场所,青羊区,104.01835,30.670766
成都哈哈兄弟文化传播有限责任公司,edu,科教文化服务;科教文化场所;科教文化场所,青羊区,104.021877,30.673448
成都市星火燎原文化传媒有限公司,edu,科教文化服务;传媒机构;传媒机构,青羊区,104.015682,30.669689
四川骜翔影视文化传播有限公司(峨影生活区东),edu,科教文化服务;传媒机构;传媒机构,青羊区,104.022671,30.673324
成都市会计人员继续教育服务中心,edu,科教文化服务;科教文化场所;科教文化场所,青羊区,104.018448,30.670969
虹宇艺术团,edu,科教文化服务;文艺团体;文艺团体,青羊区,104.018466,30.67612
峨眉电影制片厂,edu,科教文化服务;传媒机构;传媒机构,青羊区,104.021473,30.673818
金运驾校报名处(双顺路店),edu,科教文化服务;培训机构;培训机构,青羊区,104.015358,30.675361
金芳源大酒店-会议室,edu,科教文化服务;会展中心;会展中心,青羊区,104.018677,30.675235
金沙世纪酒店-会议厅,edu,科教文化服务;会展中心;会展中心,青羊区,104.019743,30.671265
成都市职工大学,edu,科教文化服务;学校;成人教育,青羊区,104.01878,30.674383
西南财经大学光华楼会议厅,edu,科教文化服务;会展中心;会展中心,青羊区,104.013914,30.671139
西南财经大学光华校区光华楼会议厅(东),edu,科教文化服务;会展中心;会展中心,青羊区,104.014841,30.67102
四川烹饪高等专科学校,edu,科教文化服务;学校;职业技术学校,青羊区,104.021821,30.671974
西南财经大学光华校区光华楼管理处,edu,科教文化服务;学校;高等院校,青羊区,104.014822,30.67126
西南财经大学光华校区文献中心,edu,科教文化服务;学校;高等院校,青羊区,104.015173,30.672792
西南财经大学光华校区光华楼,edu,科教文化服务;学校;高等院校,青羊区,104.014285,30.671166
西南财经大学英国硕士预科中心,edu,科教文化服务;学校;高等院校,青羊区,104.015553,30.672286
西南财经大学出国留学预备学院(成华路),edu,科教文化服务;学校;高等院校,青羊区,104.013937,30.671389
成都市工会干部学校,edu,科教文化服务;学校;成人教育,青羊区,104.01878,30.674382
成都川西美术学校,edu,科教文化服务;学校;学校,青羊区,104.022669,30.673326
峨音幼儿园,edu,科教文化服务;学校;幼儿园,青羊区,104.02267,30.673326
金沙幼稚园(双顺南路),edu,科教文化服务;学校;幼儿园,青羊区,104.016114,30.674551
西南财经大学(光华校区)-楷博教育,edu,科教文化服务;培训机构;培训机构,青羊区,104.01535,30.672361
四川大学网络教育学院教学部,edu,科教文化服务;学校;成人教育,青羊区,104.018078,30.674506
哈哈曲艺社(峨影厂店),edu,科教文化服务;科教文化场所;科教文化场所,青羊区,104.020754,30.673394
佰亿美容美发化妆职业培训学校,edu,科教文化服务;学校;职业技术学校,青羊区,104.01869,30.6749
成都市新迪艺校,edu,科教文化服务;培训机构;培训机构,青羊区,104.0149,30.677053
本杰明西城幼稚园,edu,科教文化服务;学校;幼儿园,青羊区,104.021849,30.677187
成都华西风湿病医学研究院,edu,科教文化服务;科研机构;科研机构,青羊区,104.019612,30.677485
中国白酒金三角发展研究院,edu,科教文化服务;科研机构;科研机构,青羊区,104.015553,30.672286
成都华西强直性脊柱炎研究院,edu,科教文化服务;科研机构;科研机构,青羊区,104.019826,30.677542
成都市新洋实用技术职业技能培训学校,edu,科教文化服务;学校;职业技术学校,青羊区,104.018322,30.674253
香港金创教育·费尔园,edu,科教文化服务;学校;幼儿园,青羊区,104.020231,30.673858
路正驾照,edu,科教文化服务;科教文化场所;科教文化场所,青羊区,104.017401,30.677468
星海学校,edu,科教文化服务;科教文化场所;科教文化场所,青羊区,104.01679,30.676989
四川大学网络教育职工大学学习中心,edu,科教文化服务;学校;成人教育,青羊区,104.018078,30.674506
六要素(成都财大分店),edu,科教文化服务;培训机构;培训机构,青羊区,104.017907,30.670595
成都精英计算机专业学校,edu,科教文化服务;学校;职业技术学校,青羊区,104.018078,30.674506
霖青教育,edu,科教文化服务;培训机构;培训机构,青羊区,104.015449,30.679249
阳光梦想教育培训,edu,科教文化服务;培训机构;培训机构,青羊区,104.015449,30.679249
成都市建科建筑培训学校,edu,科教文化服务;培训机构;培训机构,青羊区,104.018796,30.674417
成都电视小太阳艺术中心,edu,科教文化服务;培训机构;培训机构,青羊区,104.0149,30.677053
成都市总工会新市民道德讲堂,edu,科教文化服务;培训机构;培训机构,青羊区,104.018078,30.674506
成都木子东方舞(肚皮舞)工作室,edu,科教文化服务;培训机构;培训机构,青羊区,104.019139,30.67686
奕圃围棋2教室,edu,科教文化服务;培训机构;培训机构,青羊区,104.015624,30.669723
育成体育篮球培训(西南财大校区),edu,科教文化服务;培训机构;培训机构,青羊区,104.014226,30.669746
西南财大Kaplan国际金融培训中心,edu,科教文化服务;培训机构;培训机构,青羊区,104.01535,30.672364
演员剧团,edu,科教文化服务;文艺团体;文艺团体,青羊区,104.020886,30.673378
朗艺文化艺术培训中心,edu,科教文化服务;培训机构;培训机构,青羊区,104.026875,30.677199
成都慧竹文化传播有限公司,edu,科教文化服务;科教文化场所;科教文化场所,青羊区,104.029937,30.671195
成都弘道文化传播有限公司,edu,科教文化服务;科教文化场所;科教文化场所,青羊区,104.02982,30.671086
成都市金牛区西安路街道文化站,edu,科教文化服务;文化宫;文化宫,金牛区,104.032178,30.675035
成都赢星教育文化培训(清江校区),edu,科教文化服务;培训机构;培训机构,青羊区,104.029275,30.670724
成都市心灵空间文化传播中心,edu,科教文化服务;传媒机构;传媒机构,青羊区,104.029164,30.671351
朗艺舞蹈培训,edu,科教文化服务;培训机构;培训机构,青羊区,104.026889,30.677232
成都市石室联合中学(西区),edu,科教文化服务;学校;中学,青羊区,104.02405,30.678951
五月花培训学校(清江南街),edu,科教文化服务;学校;成人教育|科教文化服务;培训机构;培训机构,青羊区,104.023702,30.671466
浣花小学,edu,科教文化服务;学校;小学,青羊区,104.025856,30.672997
白果林小学校,edu,科教文化服务;学校;小学,金牛区,104.0331,30.6741
成都电力职工大学,edu,科教文化服务;学校;成人教育,青羊区,104.028155,30.670497
四川省水利干部学校,edu,科教文化服务;学校;成人教育,青羊区,104.029275,30.670724
成都实验小学分校,edu,科教文化服务;学校;小学,青羊区,104.025624,30.679215
青羊实验学校,edu,科教文化服务;学校;小学,青羊区,104.025624,30.679215
成都大地艺术学校,edu,科教文化服务;学校;职业技术学校,金牛区,104.031311,30.675088
四川艺术职业学院,edu,科教文化服务;学校;高等院校,金牛区,104.031311,30.675088
四川电力职业技术学院2号楼,edu,科教文化服务;学校;高等院校,青羊区,104.027772,30.670481
四川电力职业技术学院综合楼,edu,科教文化服务;学校;高等院校,青羊区,104.028167,30.670428
水电成勘院科研所,edu,科教文化服务;科研机构;科研机构,青羊区,104.028552,30.67148
四川泽川书画院美术馆,edu,科教文化服务;美术馆;美术馆,青羊区,104.029937,30.671195
成都市工业交通干部学校,edu,科教文化服务;学校;成人教育,青羊区,104.032303,30.670677
成都工业职工大学,edu,科教文化服务;学校;成人教育,青羊区,104.032303,30.670677
成都新东方计算机学校,edu,科教文化服务;学校;学校,青羊区,104.032352,30.67095
金铃铛幼儿园(石人西路),edu,科教文化服务;学校;幼儿园,青羊区,104.025338,30.677467
四川电力职业技术学院罗家碾校区,edu,科教文化服务;学校;职业技术学校,青羊区,104.028043,30.670569
成都市青羊区浣花幼稚园,edu,科教文化服务;学校;幼儿园,青羊区,104.032605,30.669779
电子科技大学继续教育学院新东方分部,edu,科教文化服务;学校;成人教育,青羊区,104.032352,30.67095
四川电力职业培训中心,edu,科教文化服务;培训机构;培训机构,青羊区,104.028155,30.670497
成都市实验小学文苑分校,edu,科教文化服务;学校;小学,青羊区,104.025621,30.679219
成都市第五幼儿园浣花分园,edu,科教文化服务;学校;幼儿园,青羊区,104.026031,30.673256
成都市经济管理中等专业学校,edu,科教文化服务;学校;职业技术学校,青羊区,104.032352,30.67095
诚风计算机学校,edu,科教文化服务;培训机构;培训机构,青羊区,104.023679,30.672225
成都万峰艺佳艺术学校,edu,科教文化服务;学校;职业技术学校,金牛区,104.031311,30.675088
新东方应用技术学校,edu,科教文化服务;学校;职业技术学校,青羊区,104.032453,30.670997
成都市就业创业培训指导中心,edu,科教文化服务;培训机构;培训机构,青羊区,104.032303,30.670677
成都国演艺术学校,edu,科教文化服务;学校;职业技术学校,金牛区,104.031311,30.675088
电子科技大学网络教育学院新东方分部,edu,科教文化服务;学校;学校,青羊区,104.032352,30.67095
四川通惠老年大学,edu,科教文化服务;学校;成人教育,青羊区,104.032352,30.67095
成都市完美翻译社,edu,科教文化服务;培训机构;培训机构,青羊区,104.0237,30.671466
成都搏乐艺术学校,edu,科教文化服务;培训机构;培训机构,青羊区,104.029275,30.670724
四川省水利职工中等专业学校,edu,科教文化服务;学校;职业技术学校,青羊区,104.029344,30.670573
四川摄影网府南活动中心,edu,科教文化服务;科教文化场所;科教文化场所,青羊区,104.030876,30.671465
原氏育蕊教育,edu,科教文化服务;培训机构;培训机构,青羊区,104.025938,30.677195
翔博教育(清江校区),edu,科教文化服务;培训机构;培训机构,青羊区,104.026768,30.671787
成都市就业训练中心,edu,科教文化服务;科教文化场所;科教文化场所,青羊区,104.032022,30.670841
流淌时光中,edu,科教文化服务;科教文化场所;科教文化场所,青羊区,104.028155,30.677405
状元堂托管中心,edu,科教文化服务;科教文化场所;科教文化场所,青羊区,104.027837,30.673649
四川电大直属人才分校,edu,科教文化服务;科教文化场所;科教文化场所,青羊区,104.029787,30.670767
戴氏中考,edu,科教文化服务;科教文化场所;科教文化场所,青羊区,104.024541,30.678704
四川省水利职工中等专业学校,edu,科教文化服务;学校;职业技术学校,青羊区,104.029344,30.670573
四川摄影网府南活动中心,edu,科教文化服务;科教文化场所;科教文化场所,青羊区,104.030876,30.671465
原氏育蕊教育,edu,科教文化服务;培训机构;培训机构,青羊区,104.025938,30.677195
翔博教育(清江校区),edu,科教文化服务;培训机构;培训机构,青羊区,104.026768,30.671787
成都市就业训练中心,edu,科教文化服务;科教文化场所;科教文化场所,青羊区,104.032022,30.670841
流淌时光中,edu,科教文化服务;科教文化场所;科教文化场所,青羊区,104.028155,30.677405
状元堂托管中心,edu,科教文化服务;科教文化场所;科教文化场所,青羊区,104.027837,30.673649
四川电大直属人才分校,edu,科教文化服务;科教文化场所;科教文化场所,青羊区,104.029787,30.670767
戴氏中考,edu,科教文化服务;科教文化场所;科教文化场所,青羊区,104.024541,30.678704
合欣教室,edu,科教文化服务;科教文化场所;科教文化场所,青羊区,104.02963,30.670457
培而优教育,edu,科教文化服务;培训机构;培训机构,青羊区,104.024383,30.678121
草堂白果林幼儿园,edu,科教文化服务;学校;幼儿园,金牛区,104.032404,30.675589
东之韵琴学堂,edu,科教文化服务;培训机构;培训机构,青羊区,104.026756,30.670477
凤鸣天际音乐工作室,edu,科教文化服务;培训机构;培训机构,青羊区,104.026807,30.672122
中学物理,edu,科教文化服务;科教文化场所;科教文化场所,金牛区,104.032944,30.673821
新思维学校(成温桥校区),edu,科教文化服务;培训机构;培训机构,青羊区,104.023917,30.671532
银杏教育,edu,科教文化服务;培训机构;培训机构,金牛区,104.033566,30.676049
四川音乐学院国际演艺学院招生办公室,edu,科教文化服务;科教文化场所;科教文化场所,金牛区,104.031311,30.675088
蝶舞艺术培训,edu,科教文化服务;培训机构;培训机构,青羊区,104.02689,30.677234
文博家教托管中心,edu,科教文化服务;培训机构;培训机构,青羊区,104.025517,30.6728
成都树才培训学校(西门校区),edu,科教文化服务;培训机构;培训机构,青羊区,104.029275,30.670724
美博教育(西门清江店),edu,科教文化服务;培训机构;培训机构,青羊区,104.023954,30.672118
希望英语学校(清江南街),edu,科教文化服务;培训机构;培训机构,青羊区,104.023702,30.671466
成都雅高职业技能培训学校,edu,科教文化服务;学校;职业技术学校|科教文化服务;培训机构;培训机构,金牛区,104.032902,30.673681
上倫国际美妆培训学校,edu,科教文化服务;培训机构;培训机构,青羊区,104.029787,30.670767
成都翻译协会培训部,edu,科教文化服务;培训机构;培训机构,青羊区,104.023988,30.671448
国家电网培训中心,edu,科教文化服务;培训机构;培训机构,青羊区,104.028414,30.670968
陈语舞蹈工作室,edu,科教文化服务;培训机构;培训机构,青羊区,104.027049,30.671777
成都市金牛区乐乐幼儿园,edu,科教文化服务;学校;幼儿园,金牛区,104.032598,30.677365
新东方学校(清江东路校区),edu,科教文化服务;培训机构;培训机构,青羊区,104.023849,30.672144
中共四川省电力公司委员会党校,edu,科教文化服务;学校;学校,青羊区,104.028155,30.670497
梦圆画室,edu,科教文化服务;培训机构;培训机构,青羊区,104.02969,30.670767
雅途英语,edu,科教文化服务;培训机构;培训机构,青羊区,104.033258,30.670878
四维教育,edu,科教文化服务;培训机构;培训机构,青羊区,104.030361,30.671129
11号画室(大庆路),edu,科教文化服务;培训机构;培训机构,青羊区,104.02953,30.671622
望子成龙(大庆路),edu,科教文化服务;培训机构;培训机构,青羊区,104.030262,30.671242
新东方应用技术学校-美途教育,edu,科教文化服务;培训机构;培训机构,青羊区,104.032192,30.670826
成都名师堂学校清江校区,edu,科教文化服务;培训机构;培训机构,青羊区,104.029164,30.671351
艺潇美术,edu,科教文化服务;培训机构;培训机构,金牛区,104.029217,30.677659
成都毛戈平形象设计艺术学校,edu,科教文化服务;学校;职业技术学校|科教文化服务;培训机构;培训机构,金牛区,104.029602,30.677725
奇聚联创双创孵化园,edu,科教文化服务;培训机构;培训机构,金牛区,104.033415,30.678565
美国DISCREET培训认证考试中心,edu,科教文化服务;科教文化场所;科教文化场所,青羊区,104.023929,30.671472
新美院方新画室,edu,科教文化服务;培训机构;培训机构,金牛区,104.032728,30.676603
中国共产主义青年团四川省电力公司团校,edu,科教文化服务;学校;学校,青羊区,104.028155,30.670498
托管班,edu,科教文化服务;培训机构;培训机构,金牛区,104.033348,30.674966
影视舞蹈,edu,科教文化服务;培训机构;培训机构,金牛区,104.032825,30.673538
新东方应用技术学校-成都裕川画室,edu,科教文化服务;科教文化场所;科教文化场所,青羊区,104.03205,30.670853
新航标教育(清江东路分校),edu,科教文化服务;培训机构;培训机构,青羊区,104.03205,30.670853
卓越教育(清江东路),edu,科教文化服务;培训机构;培训机构,青羊区,104.027004,30.671893
加拿大COREL授权认证培训考试中心,edu,科教文化服务;科教文化场所;科教文化场所,青羊区,104.023843,30.671423
美国微软视窗MLC认证培训考试中心,edu,科教文化服务;科教文化场所;科教文化场所,青羊区,104.023843,30.671423
成都卡伦国际美妆培训学校,edu,科教文化服务;培训机构;培训机构,青羊区,104.029787,30.670767
四川省水利职工中等专业学校-希郎建筑工程职业技能培训学校,edu,科教文化服务;学校;职业技术学校,青羊区,104.029511,30.670688
cctv-3《综艺快报》(成都办事处),edu,科教文化服务;传媒机构;传媒机构,青羊区,104.027004,30.671893
成都建川职业技能培训学校,edu,科教文化服务;培训机构;培训机构,青羊区,104.029275,30.670721
全国计算机信息高新技术osta考试中心,edu,科教文化服务;科教文化场所;科教文化场所,青羊区,104.023843,30.671423
国网四川技培中心(清江东路),edu,科教文化服务;培训机构;培训机构,青羊区,104.028155,30.670497
ceac国家信息化计算机认证培训考核基地,edu,科教文化服务;科教文化场所;科教文化场所,青羊区,104.023929,30.671472
指南针计算机学校(蓝谷商务楼),edu,科教文化服务;培训机构;培训机构,青羊区,104.023679,30.672225
成都新天艺术学校(西门分校),edu,科教文化服务;培训机构;培训机构,青羊区,104.029275,30.670724
四川省中华文化学院,edu,科教文化服务;学校;高等院校,金牛区,104.041738,30.671207
西安路街道综合文化活动中心,edu,科教文化服务;文化宫;文化宫,金牛区,104.039907,30.674226
四川图海文化传播有限公司(一环路西三段),edu,科教文化服务;传媒机构;传媒机构,金牛区,104.038203,30.67577
成都市高地文化艺术培训学校,edu,科教文化服务;培训机构;培训机构,金牛区,104.035896,30.672545
青羊北路社区综合文化活动室(西安北路三巷),edu,科教文化服务;文化宫;文化宫,金牛区,104.043558,30.67401
四川锦澜金沙文化传播有限公司,edu,科教文化服务;科教文化场所;科教文化场所,金牛区,104.037756,30.671932
四川乾坤道教文化交流中心,edu,科教文化服务;科教文化场所;科教文化场所,金牛区,104.04282,30.67634
青羊北路社区综合文化活动室(青羊西路),edu,科教文化服务;文化宫;文化宫,金牛区,104.039638,30.674473
西安路街道综合文化活动中心图书阅览室,edu,科教文化服务;图书馆;图书馆,金牛区,104.039907,30.674226
金琴南路社区综合文化活动室图书阅览室,edu,科教文化服务;图书馆;图书馆,金牛区,104.035153,30.677927
西安路街道综合文化活动中心电子阅览室,edu,科教文化服务;培训机构;培训机构,金牛区,104.039907,30.674226
学而思教育西门服务中心,edu,科教文化服务;培训机构;培训机构,金牛区,104.037477,30.67576
美艺学校,edu,科教文化服务;培训机构;培训机构,金牛区,104.033609,30.67608
成都市高地美术学校,edu,科教文化服务;培训机构;培训机构,金牛区,104.03591,30.672551
乐之星艺术培训(抚琴西南路),edu,科教文化服务;培训机构;培训机构,金牛区,104.035023,30.678584
四川广播电视大学,edu,科教文化服务;学校;成人教育,金牛区,104.036409,30.670725
成都十八中,edu,科教文化服务;学校;中学,金牛区,104.041598,30.678132
四川省生殖健康研究中心(一环路西三段),edu,科教文化服务;科研机构;科研机构,金牛区,104.037732,30.672489
成都师范学院(百寿路),edu,科教文化服务;学校;高等院校,金牛区,104.035753,30.672477
四川省社会主义学院,edu,科教文化服务;学校;高等院校,金牛区,104.041738,30.671207
小燕子幼儿园(文华路),edu,科教文化服务;学校;幼儿园,金牛区,104.036205,30.675978
成都金牛实验中学,edu,科教文化服务;学校;中学,金牛区,104.034927,30.677117
金月亮幼儿园(永陵路),edu,科教文化服务;学校;幼儿园,金牛区,104.039779,30.677544
四川省计划生育科学研究所(一环路西三段),edu,科教文化服务;科研机构;科研机构,金牛区,104.037732,30.67249
时代电脑培训(青羊东一路),edu,科教文化服务;培训机构;培训机构,金牛区,104.041051,30.671024
成都市第九幼儿园,edu,科教文化服务;学校;幼儿园,金牛区,104.039208,30.674405
四川省教育学术交流中心,edu,科教文化服务;科教文化场所;科教文化场所,金牛区,104.037282,30.669975
四川省地矿局物探大队,edu,科教文化服务;科研机构;科研机构,金牛区,104.043246,30.670269
四川广播电视大学L幢,edu,科教文化服务;学校;高等院校,金牛区,104.035956,30.670474
西川远程电子出版社有限公司陈列室,edu,科教文化服务;展览馆;展览馆,金牛区,104.035828,30.671655
四川省广播教育学校,edu,科教文化服务;学校;学校,金牛区,104.035756,30.672479
抚琴小学,edu,科教文化服务;学校;小学,金牛区,104.03586,30.679105
四川广播电视大学东一会议室,edu,科教文化服务;会展中心;会展中心,金牛区,104.037388,30.670341
四川省儿童活动中心(永陵路),edu,科教文化服务;文化宫;文化宫,金牛区,104.041247,30.676829
四川广播电视大学北楼,edu,科教文化服务;学校;成人教育,金牛区,104.036872,30.670723
成都方兴学校,edu,科教文化服务;学校;学校,金牛区,104.03523,30.675265
四川广播电视大学M幢,edu,科教文化服务;学校;成人教育,金牛区,104.03759,30.670576
四川广播电视大学银杏苑,edu,科教文化服务;学校;成人教育,金牛区,104.035115,30.671388
四川广播电视大学接待部,edu,科教文化服务;学校;成人教育,金牛区,104.037057,30.67039
西川远程电子出版社有限公司,edu,科教文化服务;传媒机构;出版社,金牛区,104.036017,30.671652
四川广播电视大学电教附楼,edu,科教文化服务;学校;成人教育,金牛区,104.037425,30.67077
成都市经济发展研究院,edu,科教文化服务;科研机构;科研机构,金牛区,104.036927,30.672954
四川广播电视大学招生大厅,edu,科教文化服务;学校;成人教育,金牛区,104.037671,30.670815
四川电大-招生咨询报名处,edu,科教文化服务;学校;高等院校,金牛区,104.037824,30.670836
新美院教育(方兴校区),edu,科教文化服务;培训机构;培训机构,金牛区,104.03523,30.675269
四川省水产学会,edu,科教文化服务;科研机构;科研机构,金牛区,104.037613,30.671978
四川广播电视大学东二会议室,edu,科教文化服务;会展中心;会展中心,金牛区,104.037253,30.670206
成都师范学院陶艺活动中心,edu,科教文化服务;会展中心;会展中心,金牛区,104.03604,30.672492
晋唐书院,edu,科教文化服务;培训机构;培训机构,金牛区,104.035782,30.678696
大地幼儿园(抚琴西南路),edu,科教文化服务;学校;幼儿园,金牛区,104.035153,30.67918
四川广播电视大学招生大厅,edu,科教文化服务;学校;成人教育,金牛区,104.037671,30.670815
成都英日语专修学校,edu,科教文化服务;学校;学校,金牛区,104.039427,30.678867
四川电大-招生咨询报名处,edu,科教文化服务;学校;高等院校,金牛区,104.037824,30.670836
新美院教育(方兴校区),edu,科教文化服务;培训机构;培训机构,金牛区,104.03523,30.675269
四川省水产学会,edu,科教文化服务;科研机构;科研机构,金牛区,104.037613,30.671978
四川广播电视大学东二会议室,edu,科教文化服务;会展中心;会展中心,金牛区,104.037253,30.670206
成都师范学院陶艺活动中心,edu,科教文化服务;会展中心;会展中心,金牛区,104.03604,30.672492
晋唐书院,edu,科教文化服务;培训机构;培训机构,金牛区,104.035782,30.678696
大地幼儿园(抚琴西南路),edu,科教文化服务;学校;幼儿园,金牛区,104.035153,30.67918
成都红日学校,edu,科教文化服务;学校;学校,金牛区,104.037287,30.671475
金琴南路社区图书室,edu,科教文化服务;图书馆;图书馆,金牛区,104.035153,30.677927
四川科技经济研究院,edu,科教文化服务;科研机构;科研机构,金牛区,104.041051,30.671024
四川省儿童活动中心学前班,edu,科教文化服务;学校;幼儿园,金牛区,104.041013,30.676745
金牛区西安路辖区人口学校,edu,科教文化服务;学校;学校,金牛区,104.039907,30.674226
中共金牛区西安路街道党校,edu,科教文化服务;学校;学校,金牛区,104.039907,30.674226
成都教育学院青西路办公区,edu,科教文化服务;学校;高等院校,金牛区,104.034711,30.674002
华西胃肠研究院,edu,科教文化服务;科研机构;科研机构,金牛区,104.042513,30.67682
成都新美乐职业学校,edu,科教文化服务;学校;职业技术学校,金牛区,104.03949,30.671393
成都北大青鸟软件学院,edu,科教文化服务;学校;高等院校|科教文化服务;培训机构;培训机构,金牛区,104.040844,30.675991
成都新时代学校,edu,科教文化服务;学校;学校,金牛区,104.035756,30.672479
华西腋臭研究院,edu,科教文化服务;科研机构;科研机构,金牛区,104.042514,30.676849
四川省陈毅研究会,edu,科教文化服务;科研机构;科研机构,金牛区,104.041051,30.671024
四川电大抚琴教学点,edu,科教文化服务;学校;成人教育,金牛区,104.03525,30.679095
四川省小学教师培训中心,edu,科教文化服务;培训机构;培训机构,金牛区,104.035756,30.672479
四川现代疑难病研究院,edu,科教文化服务;科研机构;科研机构,金牛区,104.042937,30.670931
四川广播电视大学(西南门),edu,科教文化服务;学校;成人教育,金牛区,104.036827,30.670468
国家药品临床研究培训中心,edu,科教文化服务;培训机构;培训机构,金牛区,104.038564,30.671206
成都中医药大学附属医院针灸学校,edu,科教文化服务;学校;职业技术学校,金牛区,104.041139,30.669887
四川通惠老年大学(青羊东一路),edu,科教文化服务;学校;成人教育,金牛区,104.03949,30.671393
四川川大软件工程研究所,edu,科教文化服务;科研机构;科研机构,金牛区,104.040545,30.677935
锦润学校,edu,科教文化服务;培训机构;培训机构,金牛区,104.034395,30.676743
四川广播电视大学第一教学楼,edu,科教文化服务;学校;成人教育,金牛区,104.036118,30.67138
成都谊华职业学校,edu,科教文化服务;培训机构;培训机构,金牛区,104.039473,30.671384
青羊北路社区青少年学校,edu,科教文化服务;学校;学校,金牛区,104.039637,30.674474
四川省陶行知研究会,edu,科教文化服务;科研机构;科研机构,金牛区,104.035756,30.672479
成都市劳动安全卫生教育培训中心,edu,科教文化服务;培训机构;培训机构,金牛区,104.036992,30.674963
四川广播电视大学继续教育学院,edu,科教文化服务;学校;成人教育,金牛区,104.037446,30.670697
四川生殖卫生学院临床研究所,edu,科教文化服务;科研机构;科研机构,金牛区,104.037816,30.672505
成都理工大学研究生工作站,edu,科教文化服务;科研机构;科研机构,金牛区,104.043246,30.670269
国家中医临床研究(糖尿病)基地,edu,科教文化服务;科研机构;科研机构,金牛区,104.041294,30.670535
智康1对1成都分校,edu,科教文化服务;科教文化场所;科教文化场所,金牛区,104.037495,30.675915
民兵训练营中心,edu,科教文化服务;科教文化场所;科教文化场所,金牛区,104.034886,30.678997
成都市留学日本东樱预备学校,edu,科教文化服务;学校;学校,金牛区,104.035756,30.672479
民兵训练中心家宿楼,edu,科教文化服务;科教文化场所;科教文化场所,金牛区,104.037487,30.676623
四川红领巾艺术团,edu,科教文化服务;文艺团体;文艺团体,金牛区,104.041013,30.676745
会议喜宴中心,edu,科教文化服务;科教文化场所;科教文化场所,金牛区,104.042745,30.675285
极客数学帮(抚琴校区),edu,科教文化服务;科教文化场所;科教文化场所,金牛区,104.037499,30.675899
西南财经大学成人高等教育大唐学习中心,edu,科教文化服务;学校;成人教育,金牛区,104.041738,30.671207
四川谊华教育,edu,科教文化服务;培训机构;培训机构|公司企业;公司;公司,金牛区,104.03949,30.671393
四川广播电视大学报告厅,edu,科教文化服务;学校;成人教育,金牛区,104.037287,30.669972
和圆教育(荣光巷),edu,科教文化服务;培训机构;培训机构,金牛区,104.034084,30.676436
四川广播电视大学办公楼,edu,科教文化服务;学校;成人教育,金牛区,104.036066,30.671062
西文专业录音棚,edu,科教文化服务;传媒机构;传媒机构,金牛区,104.041263,30.676863
学而思培优(清江东路),edu,科教文化服务;培训机构;培训机构,青羊区,104.034616,30.670313
清华美院(成都培训中心),edu,科教文化服务;培训机构;培训机构,金牛区,104.03523,30.675265
成都市金牛区博医堂中医药研究所,edu,科教文化服务;科研机构;科研机构,金牛区,104.03822,30.673739
花郎艺体培训中心,edu,科教文化服务;培训机构;培训机构,金牛区,104.03626,30.675648
学而思教育,edu,科教文化服务;培训机构;培训机构,青羊区,104.03374,30.671075
四川省家庭教育指导中心,edu,科教文化服务;科教文化场所;科教文化场所,金牛区,104.041013,30.676745
四川省人才研究会高技能人才工作委员会,edu,科教文化服务;科研机构;科研机构,金牛区,104.041051,30.671024
成都市名师点拨学校(一环路西三段),edu,科教文化服务;培训机构;培训机构,金牛区,104.039427,30.678867
成都天贝不孕不育研究院,edu,科教文化服务;科研机构;科研机构,金牛区,104.037732,30.67249
成都市民道德讲堂(青西路),edu,科教文化服务;科教文化场所;科教文化场所,金牛区,104.034171,30.675309
云泉琹馆,edu,科教文化服务;培训机构;培训机构,金牛区,104.038533,30.674621
金苗龙美术培训画廊,edu,科教文化服务;培训机构;培训机构,金牛区,104.043515,30.67387
东华教育(永陵路),edu,科教文化服务;培训机构;培训机构,金牛区,104.042806,30.6763
四川省地质调查院地球物理勘查评价所,edu,科教文化服务;科研机构;科研机构,金牛区,104.043246,30.670269
新东方(一环路西三段),edu,科教文化服务;培训机构;培训机构,金牛区,104.037718,30.67462
木易音乐教室,edu,科教文化服务;培训机构;培训机构,金牛区,104.034204,30.676195
成都理工大学教学实践基地,edu,科教文化服务;科教文化场所;科教文化场所,金牛区,104.043248,30.669787
红菱舞校(总校店),edu,科教文化服务;培训机构;培训机构,金牛区,104.038264,30.672282
成都新海教育培训中心,edu,科教文化服务;培训机构;培训机构,金牛区,104.034338,30.679274
乐之星艺术培训,edu,科教文化服务;培训机构;培训机构,金牛区,104.037487,30.676623
四川省科悦达传媒有限公司,edu,科教文化服务;科教文化场所;科教文化场所,金牛区,104.037532,30.676614
四通培训,edu,科教文化服务;培训机构;培训机构,金牛区,104.042794,30.676775
新阳培训学校,edu,科教文化服务;培训机构;培训机构,金牛区,104.042401,30.676943
古琴书法教学,edu,科教文化服务;培训机构;培训机构,金牛区,104.038323,30.674675
微软认证培训中心,edu,科教文化服务;培训机构;培训机构,金牛区,104.039197,30.678444
餐饮培训,edu,科教文化服务;培训机构;培训机构,金牛区,104.041818,30.670494
点石四七九名师班,edu,科教文化服务;培训机构;培训机构,金牛区,104.041051,30.671024
高等艺术培训学校,edu,科教文化服务;培训机构;培训机构,金牛区,104.035618,30.672508
艺考培训学校,edu,科教文化服务;培训机构;培训机构,金牛区,104.035618,30.672508
纽威教育培训学校,edu,科教文化服务;培训机构;培训机构,金牛区,104.037721,30.675223
四川广播电视大学第二教学楼,edu,科教文化服务;学校;成人教育,金牛区,104.03617,30.670868
东华众辰网校,edu,科教文化服务;培训机构;培训机构,金牛区,104.042815,30.67628
成都美弧会计教育,edu,科教文化服务;培训机构;培训机构,金牛区,104.043322,30.67573
成都画室(方兴美术),edu,科教文化服务;培训机构;培训机构,金牛区,104.037327,30.675164
天府教育,edu,科教文化服务;培训机构;培训机构,金牛区,104.037487,30.676623
成都名师堂学校(抚琴总校),edu,科教文化服务;培训机构;培训机构,金牛区,104.040306,30.678629
四川省社区家庭教育联系点,edu,科教文化服务;科教文化场所;科教文化场所,金牛区,104.039907,30.674226
北京大学现代远程教育成都学习中心,edu,科教文化服务;培训机构;培训机构,金牛区,104.037808,30.670854
心田花开学校(抚琴校区),edu,科教文化服务;培训机构;培训机构,金牛区,104.039463,30.678408
中通小南街分部青羊北路分点,edu,科教文化服务;科教文化场所;科教文化场所,金牛区,104.039079,30.673403
四川华夏茶艺培训学校,edu,科教文化服务;培训机构;培训机构,金牛区,104.042619,30.670496
四川开信培训学院,edu,科教文化服务;培训机构;培训机构,金牛区,104.035756,30.672479
学而思培训班(西月大厦),edu,科教文化服务;培训机构;培训机构,金牛区,104.037766,30.67156
四川太阳鸟职业培训学校,edu,科教文化服务;培训机构;培训机构,金牛区,104.037441,30.671703
四川高校科技联合开发中心人才交流信息部,edu,科教文化服务;科教文化场所;科教文化场所,金牛区,104.041051,30.671024
金牛区西安路辖区文明市民学校,edu,科教文化服务;科教文化场所;科教文化场所,金牛区,104.039898,30.674129
丹秋教育集团学法·素质教育中心,edu,科教文化服务;培训机构;培训机构,金牛区,104.040241,30.678801
成都市话剧团,edu,科教文化服务;文艺团体;文艺团体,金牛区,104.03735,30.678049
四川广播电视大学社区教育体验中心,edu,科教文化服务;科教文化场所;科教文化场所,金牛区,104.037823,30.670733
成都方兴高考美术培训中心,edu,科教文化服务;培训机构;培训机构,金牛区,104.035442,30.675533
新时代美业教育(抚琴东南路),edu,科教文化服务;培训机构;培训机构,金牛区,104.040845,30.675992
成都中医大职业技能培训中心,edu,科教文化服务;培训机构;培训机构,金牛区,104.042333,30.66991
成都力保培训学校(西门分校),edu,科教文化服务;培训机构;培训机构,金牛区,104.037008,30.670137
四川银典保安培训学校,edu,科教文化服务;培训机构;培训机构,金牛区,104.037011,30.670137
卡耐基口才,edu,科教文化服务;培训机构;培训机构,金牛区,104.042806,30.6763
四川天康职业培训学校,edu,科教文化服务;培训机构;培训机构,金牛区,104.03949,30.671393
成都东华咖啡师职业培训学校,edu,科教文化服务;培训机构;培训机构,金牛区,104.042806,30.6763
成都市教育系统干部培训中心,edu,科教文化服务;培训机构;培训机构,金牛区,104.034672,30.6746
国家数字化学习资源中心四川中心,edu,科教文化服务;科教文化场所;科教文化场所,金牛区,104.037397,30.670714
朗沃成都信息技术人才定制中心,edu,科教文化服务;培训机构;培训机构,金牛区,104.040844,30.67599
国家软件产业基地(成都)人才培训中心,edu,科教文化服务;培训机构;培训机构,金牛区,104.040845,30.675992
西安路街道青羊北路社区图书室,edu,科教文化服务;图书馆;图书馆,金牛区,104.039637,30.674474
四川省非遗青少年儿童保护传承传习基地,edu,科教文化服务;科教文化场所;科教文化场所,金牛区,104.041264,30.677145
四川现代疑难病研究院中医中药博仁白血病研究所,edu,科教文化服务;科研机构;科研机构,金牛区,104.042862,30.670805
西安路社区卫生健康教育室,edu,科教文化服务;科教文化场所;科教文化场所,金牛区,104.039907,30.674226
四川省社会主义学院协商民主研究中心,edu,科教文化服务;科教文化场所;科教文化场所,金牛区,104.041552,30.67092
丹秋教育集团丹秋英才中心(抚琴分部),edu,科教文化服务;培训机构;培训机构,金牛区,104.040241,30.678801
学而思培优(一环路西三段),edu,科教文化服务;培训机构;培训机构,金牛区,104.037388,30.675914
成都中医药大学学术交流培训中心,edu,科教文化服务;培训机构;培训机构,金牛区,104.038303,30.671104
四川省安全科学技术研究院成都分院,edu,科教文化服务;科研机构;科研机构,金牛区,104.036992,30.674963
四川弘道诗书画院,edu,科教文化服务;科教文化场所;科教文化场所,金牛区,104.042806,30.6763
灏天文化传播有限公司,edu,科教文化服务;科教文化场所;科教文化场所,金牛区,104.046321,30.670217
正明文化传播(成都)有限公司,edu,科教文化服务;传媒机构;传媒机构,金牛区,104.046279,30.670055
成都标点文化传播有限公司,edu,科教文化服务;科教文化场所;科教文化场所,青羊区,104.050134,30.675794
成都东霖文化传播有限公司,edu,公司企业;公司;广告装饰|科教文化服务;科教文化场所;科教文化场所,青羊区,104.052264,30.676931
成都峰云文化传播有限公司,edu,科教文化服务;科教文化场所;科教文化场所,金牛区,104.046261,30.670127
中山学院国际文化艺术培训部,edu,科教文化服务;培训机构;培训机构,金牛区,104.046604,30.676616
成都金蜂鸟文化传媒有限公司,edu,科教文化服务;传媒机构;传媒机构,青羊区,104.052263,30.675456
成都指南针文化传播有限公司,edu,科教文化服务;科教文化场所;科教文化场所,金牛区,104.045446,30.674155
成都守矢文化传播有限公司,edu,科教文化服务;科教文化场所;科教文化场所,青羊区,104.0525,30.669605
成都市时光纪文化传播有限公司,edu,科教文化服务;科教文化场所;科教文化场所,金牛区,104.046969,30.671139
四川省法学会法治文化研究会,edu,科教文化服务;科研机构;科研机构,金牛区,104.046424,30.670577
联美创展文化传播有限公司成都分公司,edu,科教文化服务;科教文化场所;科教文化场所,青羊区,104.051001,30.677667
四川美术出版社(三洞桥路),edu,科教文化服务;传媒机构;出版社,金牛区,104.047283,30.677228
成都永陵博物馆,edu,科教文化服务;博物馆;博物馆,金牛区,104.04471,30.676823
四川人民出版社,edu,科教文化服务;传媒机构;出版社,青羊区,104.053442,30.671395
四川省医学科学院皮肤病性病研究所,edu,科教文化服务;科研机构;科研机构,青羊区,104.052871,30.673313
四川文艺出版社,edu,科教文化服务;传媒机构;出版社,青羊区,104.053442,30.671395
四川电视台广告部,edu,科教文化服务;传媒机构;电视台,金牛区,104.045966,30.669513
西安路小学校,edu,科教文化服务;学校;小学,金牛区,104.044891,30.672853
四川茂林博物馆,edu,科教文化服务;博物馆;博物馆,金牛区,104.046179,30.675307
巴蜀书社,edu,科教文化服务;传媒机构;出版社,青羊区,104.053442,30.671395
四川交响乐团,edu,科教文化服务;文艺团体;文艺团体,青羊区,104.05333,30.676309
成都市城市建设科学研究院,edu,科教文化服务;科研机构;科研机构,青羊区,104.049267,30.674226
成都市市级机关第三幼儿园,edu,科教文化服务;学校;幼儿园,金牛区,104.044402,30.675552
四川少年儿童出版社,edu,科教文化服务;传媒机构;出版社,青羊区,104.053442,30.671395
四川科学技术出版社,edu,科教文化服务;传媒机构;出版社,金牛区,104.047283,30.677228
四川省直属机关西马棚幼儿园,edu,科教文化服务;学校;幼儿园,青羊区,104.052149,30.672718
四川省地质工程勘察院(西青路),edu,科教文化服务;科研机构;科研机构,金牛区,104.043843,30.672021
四川教育出版社(槐树街),edu,科教文化服务;传媒机构;出版社,青羊区,104.053442,30.671395
重庆市农业学校四川招生工作站,edu,科教文化服务;学校;高等院校,青羊区,104.050315,30.67723
石笋街小学(东区),edu,科教文化服务;学校;小学,金牛区,104.04919,30.677088
中共成都市直属机关党校,edu,科教文化服务;学校;学校,青羊区,104.052489,30.671322
中铁西南科学研究院,edu,科教文化服务;科研机构;科研机构,金牛区,104.049643,30.676783
四川广播电视台广告经营中心,edu,科教文化服务;传媒机构;电视台,金牛区,104.045808,30.669535
辞书出版社,edu,科教文化服务;传媒机构;出版社,青羊区,104.053237,30.671614
四川出版集团(槐树街),edu,科教文化服务;传媒机构;出版社,青羊区,104.052852,30.671619
四川出版集团(三洞桥路),edu,科教文化服务;传媒机构;出版社,金牛区,104.047217,30.6772
四川劳动职业培训学校招生部,edu,科教文化服务;培训机构;培训机构,青羊区,104.050315,30.67723
四川天地出版社,edu,科教文化服务;传媒机构;出版社,金牛区,104.047283,30.677228
同质同步美国幼儿园,edu,科教文化服务;学校;幼儿园,青羊区,104.050437,30.673432
成都水文地质工程地质队,edu,科教文化服务;科研机构;科研机构,金牛区,104.043843,30.672021
帝伦大酒店-会议厅,edu,科教文化服务;会展中心;会展中心,金牛区,104.045883,30.673884
优乐贝幼稚园,edu,科教文化服务;学校;幼儿园,青羊区,104.050529,30.673085
文正学校,edu,科教文化服务;培训机构;培训机构,金牛区,104.047145,30.675086
川音尚美艺术中心,edu,科教文化服务;美术馆;美术馆,青羊区,104.052993,30.670958
四川读者报社有限公司,edu,科教文化服务;传媒机构;报社,青羊区,104.050245,30.672152
天仁石刻艺术博物馆,edu,科教文化服务;博物馆;博物馆,金牛区,104.047859,30.67745
四川神韵传播有限责任公司,edu,科教文化服务;传媒机构;传媒机构,金牛区,104.045788,30.669556
四川华星青少年艺术中心,edu,科教文化服务;美术馆;美术馆,金牛区,104.045583,30.672573
四川省中医药科学院中医研究所,edu,科教文化服务;科研机构;科研机构,青羊区,104.051474,30.673967
川音尚美艺术中心,edu,科教文化服务;美术馆;美术馆,青羊区,104.052993,30.670958
四川读者报社有限公司,edu,科教文化服务;传媒机构;报社,青羊区,104.050245,30.672152
天仁石刻艺术博物馆,edu,科教文化服务;博物馆;博物馆,金牛区,104.047859,30.67745
成都无线电机械学校办公楼,edu,科教文化服务;学校;学校,金牛区,104.04662,30.679239
四川神韵传播有限责任公司,edu,科教文化服务;传媒机构;传媒机构,金牛区,104.045788,30.669556
四川华星青少年艺术中心,edu,科教文化服务;美术馆;美术馆,金牛区,104.045583,30.672573
四川省中医药科学院中医研究所,edu,科教文化服务;科研机构;科研机构,青羊区,104.051474,30.673967
易佳教育(槐树街),edu,科教文化服务;培训机构;培训机构,青羊区,104.051253,30.672388
传奇艺术(西安路店),edu,科教文化服务;美术馆;美术馆,金牛区,104.046051,30.669985
五心教育培训学校,edu,科教文化服务;培训机构;培训机构,金牛区,104.045643,30.669984
骏熙教育(槐树街店),edu,科教文化服务;培训机构;培训机构,青羊区,104.053063,30.671017
四川交通大学市内招生办公室网络教育学院犀浦校区,edu,科教文化服务;学校;成人教育,青羊区,104.050368,30.671025
成都巴蜀职业技能培训学校,edu,科教文化服务;学校;职业技术学校,金牛区,104.046453,30.670567
晚霞报社,edu,科教文化服务;传媒机构;报社,青羊区,104.051001,30.677667
舞林传奇少儿舞蹈(西安路店),edu,科教文化服务;培训机构;培训机构,金牛区,104.046072,30.669903
四川省歌舞剧院艺术学校,edu,科教文化服务;学校;职业技术学校,青羊区,104.053405,30.67627
四川省地热资源勘查开发研究中心,edu,科教文化服务;科研机构;科研机构,金牛区,104.043843,30.672021
大自然探索杂志社,edu,科教文化服务;科教文化场所;科教文化场所,青羊区,104.053237,30.671614
四川华夏青少年艺术中心,edu,科教文化服务;美术馆;美术馆,金牛区,104.045632,30.672727
温江区寿安学校,edu,科教文化服务;科教文化场所;科教文化场所,青羊区,104.051308,30.671427
重庆市轻工业设计院四川分院,edu,科教文化服务;科教文化场所;科教文化场所,金牛区,104.048385,30.679208
点悟儿童心智成长营,edu,科教文化服务;科教文化场所;科教文化场所,金牛区,104.046262,30.670102
四川广播电视大学时代工商学院(三洞桥路),edu,科教文化服务;学校;成人教育,金牛区,104.046586,30.676502
易多英语(槐树街),edu,科教文化服务;培训机构;培训机构,金牛区,104.046143,30.674512
成都互动第五传媒公司,edu,科教文化服务;科教文化场所;科教文化场所,金牛区,104.048385,30.679208
成都工业学院(3号门),edu,科教文化服务;科教文化场所;科教文化场所,金牛区,104.044215,30.678493
成都惠源学校鸿锐校区,edu,科教文化服务;科教文化场所;科教文化场所,金牛区,104.049063,30.679055
成都科技进修学校,edu,科教文化服务;科教文化场所;科教文化场所,金牛区,104.045831,30.6695
洋真武道教育馆,edu,科教文化服务;培训机构;培训机构,金牛区,104.045657,30.672595
四川得乐气管炎研究所,edu,科教文化服务;科研机构;科研机构,金牛区,104.046081,30.672266
产城杂志社,edu,科教文化服务;传媒机构;杂志社,金牛区,104.0463,30.676155
成都工程检测研究所,edu,科教文化服务;科教文化场所;科教文化场所,金牛区,104.045666,30.672135
谦庭传媒,edu,科教文化服务;科教文化场所;科教文化场所,金牛区,104.046123,30.675613
云朵艺术空间,edu,科教文化服务;科教文化场所;科教文化场所,金牛区,104.045666,30.672135
远景规划设计研究院,edu,科教文化服务;科教文化场所;科教文化场所,金牛区,104.048107,30.678707
四川省红舞鞋舞蹈学校(三洞桥路),edu,科教文化服务;培训机构;培训机构,金牛区,104.046586,30.676502
大贺传媒成都分公司,edu,科教文化服务;传媒机构;传媒机构,金牛区,104.046143,30.674512
四川万国学校,edu,科教文化服务;科教文化场所;科教文化场所,青羊区,104.052167,30.671466
zl舞蹈工作室,edu,科教文化服务;培训机构;培训机构,金牛区,104.049411,30.679139
工程素质训练中心,edu,科教文化服务;科教文化场所;科教文化场所,金牛区,104.043771,30.678717
忠武跆拳道馆,edu,科教文化服务;培训机构;培训机构,金牛区,104.046338,30.676137
四川省疑难病研究院男科研究所(金仙桥路),edu,科教文化服务;科研机构;科研机构,金牛区,104.050359,30.679379
四川省疑难病研究院耳聋耳鸣研究所,edu,科教文化服务;科研机构;科研机构,金牛区,104.050335,30.679371
远景建筑园林设计研究院有限公司,edu,科教文化服务;科研机构;科研机构,金牛区,104.048452,30.678507
成都市直属机关培训中心,edu,科教文化服务;培训机构;培训机构,青羊区,104.052489,30.671322
四川省地质工程勘察院环境工程中心,edu,科教文化服务;科研机构;科研机构,金牛区,104.044133,30.671882
成都灵犀一点通教育,edu,科教文化服务;培训机构;培训机构,青羊区,104.04942,30.675518
天宫舞府舞蹈俱乐部(西安路店),edu,科教文化服务;培训机构;培训机构,金牛区,104.045447,30.672408
毛毛虫科探室,edu,科教文化服务;培训机构;培训机构,青羊区,104.051276,30.673011
四川省疑难病研究院鼻炎咽喉炎研究所,edu,科教文化服务;科研机构;科研机构,金牛区,104.050335,30.679371
九方画室永陵校区,edu,科教文化服务;科教文化场所;科教文化场所,金牛区,104.046805,30.676625
成都华商职业技能培训学校,edu,科教文化服务;学校;职业技术学校|科教文化服务;培训机构;培训机构,金牛区,104.047239,30.677226
明思源室内设计培训学校,edu,科教文化服务;培训机构;培训机构,金牛区,104.049003,30.679088
芝麻花教育(三洞桥路),edu,科教文化服务;培训机构;培训机构,金牛区,104.046604,30.676616
班豆社会教育社会化协作平台,edu,科教文化服务;科教文化场所;科教文化场所,青羊区,104.050312,30.672263
华商教育,edu,科教文化服务;培训机构;培训机构,金牛区,104.047457,30.677369
成都九方美术培训学校,edu,科教文化服务;培训机构;培训机构,金牛区,104.046586,30.676502
木头吉他公工社,edu,科教文化服务;培训机构;培训机构,金牛区,104.046298,30.670006
心艺舞蹈,edu,科教文化服务;培训机构;培训机构,金牛区,104.046314,30.670422
大唐教育(石笋街),edu,科教文化服务;培训机构;培训机构,金牛区,104.048587,30.676526
弈圃少儿围棋培训,edu,科教文化服务;培训机构;培训机构,青羊区,104.052665,30.672375
启能(小海龟)培训中心,edu,科教文化服务;培训机构;培训机构,金牛区,104.045339,30.669467
名师亮剑学校,edu,科教文化服务;培训机构;培训机构,金牛区,104.045339,30.669467
利友教育,edu,科教文化服务;培训机构;培训机构,金牛区,104.047959,30.67389
文质周末,edu,科教文化服务;培训机构;培训机构,金牛区,104.046604,30.676616
阿斯顿英语(槐树街),edu,科教文化服务;培训机构;培训机构,金牛区,104.046143,30.674512
喜堂平面设计工作室,edu,科教文化服务;科教文化场所;科教文化场所,青羊区,104.052166,30.671464
丹秋·名师堂学校(抚琴校区),edu,科教文化服务;培训机构;培训机构,金牛区,104.043599,30.675876
文然书院实业街校区,edu,科教文化服务;培训机构;培训机构,金牛区,104.046922,30.670842
东方茉莉艺术培训学校,edu,科教文化服务;培训机构;培训机构,金牛区,104.047215,30.677129
阳光美语,edu,科教文化服务;培训机构;培训机构,金牛区,104.04652,30.676494
牧童教育,edu,科教文化服务;培训机构;培训机构,金牛区,104.045966,30.669513
IIGI美发学院,edu,科教文化服务;培训机构;培训机构,金牛区,104.045638,30.669773
出彩教育,edu,科教文化服务;培训机构;培训机构,金牛区,104.049063,30.679057
南屏晚声音乐工作室,edu,科教文化服务;培训机构;培训机构,金牛区,104.045785,30.672143
吉66堡少儿英语,edu,科教文化服务;培训机构;培训机构,金牛区,104.045857,30.670267
乐知雅艺术培训中心,edu,科教文化服务;培训机构;培训机构,金牛区,104.045632,30.672726
日新学堂,edu,科教文化服务;培训机构;培训机构,金牛区,104.047133,30.6707
托管,edu,科教文化服务;培训机构;培训机构,金牛区,104.045824,30.672116
锦城春天教育,edu,科教文化服务;培训机构;培训机构,金牛区,104.047134,30.677069
成都华樱出国预备人员培训中心,edu,科教文化服务;培训机构;培训机构,青羊区,104.050436,30.672342
四川省社会发展信息研究中心,edu,科教文化服务;科教文化场所;科教文化场所,金牛区,104.04626,30.670132
顶正餐饮培训,edu,科教文化服务;培训机构;培训机构,金牛区,104.048967,30.679057
成都欢艺舞蹈教育中心,edu,科教文化服务;培训机构;培训机构,金牛区,104.044659,30.673518
天艺舞蹈培训中心(金仙桥路),edu,科教文化服务;培训机构;培训机构,金牛区,104.048888,30.679072
领域之星拉丁舞艺术培训中心,edu,科教文化服务;培训机构;培训机构,金牛区,104.045657,30.672595
成都市社会保险培训中心,edu,科教文化服务;培训机构;培训机构,金牛区,104.046338,30.676137
成都市锦程职业培训中心,edu,科教文化服务;培训机构;培训机构,金牛区,104.046338,30.676138
四川省社会保险干部培训中心,edu,科教文化服务;培训机构;培训机构,青羊区,104.050383,30.677135
成都顶尚餐饮管理有限公司,edu,科教文化服务;培训机构;培训机构,青羊区,104.051823,30.672068
阿兰文化传播有限公司,edu,科教文化服务;传媒机构;传媒机构,青羊区,104.054442,30.674825
成都铁路文化传媒总公司,edu,科教文化服务;科教文化场所;科教文化场所,青羊区,104.061789,30.674883
成都思思文化传播有限公司,edu,科教文化服务;传媒机构;传媒机构,青羊区,104.057311,30.672127
成都大乾文化传播有限公司,edu,科教文化服务;科教文化场所;科教文化场所,青羊区,104.054849,30.675785
成都华懿文化传播有限公司,edu,科教文化服务;科教文化场所;科教文化场所,青羊区,104.061565,30.672758
成都鑫周文化传播有限公司,edu,科教文化服务;传媒机构;传媒机构,青羊区,104.055932,30.669809
成都水晶石文化传播有限公司,edu,科教文化服务;科教文化场所;科教文化场所,青羊区,104.0581,30.673243
成都世纪百扬文化传播有限公司,edu,科教文化服务;科教文化场所;科教文化场所,青羊区,104.058649,30.677634
晚霞报服务中心,edu,科教文化服务;传媒机构;报社|生活服务;生活服务场所;生活服务场所,青羊区,104.056161,30.675703
中华人民共和国文化部全国社会艺术水平考级四川省考级工作委员会成都浩浩考级培训基地,edu,科教文化服务;培训机构;培训机构,青羊区,104.056947,30.678782
长藤(新城市广场店),edu,科教文化服务;科教文化场所;科教文化场所,青羊区,104.054811,30.676346
海蓝创想,edu,科教文化服务;传媒机构;传媒机构,青羊区,104.058225,30.67024
青羊区青少年宫,edu,科教文化服务;文化宫;文化宫,青羊区,104.059842,30.673315
成都市树德实验中学,edu,科教文化服务;学校;中学,青羊区,104.055471,30.671337
四川省成都卫生学校,edu,科教文化服务;学校;职业技术学校,青羊区,104.059621,30.670165
成都市高级技工学校,edu,科教文化服务;学校;职业技术学校,青羊区,104.056747,30.678662
成都市教育科学研究院,edu,科教文化服务;科研机构;科研机构,青羊区,104.057055,30.670549
学大教育(八宝街校区),edu,科教文化服务;培训机构;培训机构,青羊区,104.058455,30.673528
成都树德中学,edu,科教文化服务;学校;中学,青羊区,104.054032,30.677972
新华宾馆会议中心,edu,科教文化服务;会展中心;会展中心,青羊区,104.063425,30.676516
戴氏教育(青龙街),edu,科教文化服务;培训机构;培训机构,青羊区,104.062704,30.671446
苗地外语学校,edu,科教文化服务;学校;学校,青羊区,104.053779,30.669549
罗曼大酒店会议室,edu,科教文化服务;会展中心;会展中心,青羊区,104.062713,30.670937
东成根街小学,edu,科教文化服务;学校;小学,青羊区,104.058295,30.671634
成都市第三人民医院学术厅,edu,科教文化服务;会展中心;会展中心,青羊区,104.060454,30.671564
成都市第五幼儿园,edu,科教文化服务;学校;幼儿园,青羊区,104.061557,30.673921
四川省标准化研究院,edu,科教文化服务;科研机构;科研机构,青羊区,104.063184,30.673264
成都市第三人民医院远程会议术厅,edu,科教文化服务;会展中心;会展中心,青羊区,104.060454,30.671564
四川省曲艺团,edu,科教文化服务;文艺团体;文艺团体,青羊区,104.058317,30.670475
成都市青羊区老年大学,edu,科教文化服务;学校;成人教育,青羊区,104.055963,30.678239
中铁二十三局集团建筑设计研究院有限公司,edu,公司企业;公司;建筑公司|科教文化服务;科研机构;科研机构,青羊区,104.055857,30.670256
朗阁成都培训中心,edu,科教文化服务;培训机构;培训机构,青羊区,104.062057,30.672594
瑞思学科英语(成都新城市广场中心),edu,科教文化服务;培训机构;培训机构,青羊区,104.055145,30.676241
四川广播电视大学时代工商学院,edu,科教文化服务;学校;高等院校,青羊区,104.055907,30.675533
四川电大时代工商学院八宝街教学部,edu,科教文化服务;学校;高等院校,青羊区,104.055973,30.675572
成都市肿瘤研究所,edu,科教文化服务;科研机构;科研机构,青羊区,104.060283,30.671901
新东方学校(铂金城教学区),edu,科教文化服务;培训机构;培训机构,青羊区,104.06148,30.672657
成都爱尔语言艺术学校,edu,科教文化服务;学校;职业技术学校,青羊区,104.05399,30.669483
中煤国际工程集团重庆设计研究院四川分院,edu,科教文化服务;科研机构;科研机构,青羊区,104.056741,30.67282
优筑教育(新华宾馆西),edu,科教文化服务;培训机构;培训机构,青羊区,104.0622,30.676748
成都广播电视大学财经管理学院(树德巷),edu,科教文化服务;学校;成人教育,青羊区,104.056741,30.678702
戏曲研究院,edu,科教文化服务;科研机构;科研机构,青羊区,104.058298,30.670623
成都市心血管疾病研究所,edu,科教文化服务;科研机构;科研机构,青羊区,104.060283,30.671901
成都大学中职部,edu,科教文化服务;学校;职业技术学校,青羊区,104.059621,30.670165
成都新镜头职业技能培训学校,edu,科教文化服务;学校;职业技术学校,青羊区,104.057592,30.671915
中国工程物理研究院成都办事处,edu,科教文化服务;科研机构;科研机构,青羊区,104.057254,30.673779
鼎艺舞校,edu,科教文化服务;培训机构;培训机构,青羊区,104.05463,30.675239
澳斯特教育(青龙街),edu,科教文化服务;培训机构;培训机构,青羊区,104.061714,30.671986
青羊区心理健康教育中心,edu,科教文化服务;科教文化场所;科教文化场所,青羊区,104.059796,30.673344
三省堂学校,edu,科教文化服务;学校;学校,青羊区,104.059921,30.673286
中铁二十三局集团建筑设计研究院有限公司,edu,公司企业;公司;建筑公司|科教文化服务;科研机构;科研机构,青羊区,104.055857,30.670256
朗阁成都培训中心,edu,科教文化服务;培训机构;培训机构,青羊区,104.062057,30.672594
瑞思学科英语(成都新城市广场中心),edu,科教文化服务;培训机构;培训机构,青羊区,104.055145,30.676241
四川广播电视大学时代工商学院,edu,科教文化服务;学校;高等院校,青羊区,104.055907,30.675533
数学一点通教育中心,edu,科教文化服务;科教文化场所;科教文化场所,青羊区,104.053801,30.669542
四川电大时代工商学院八宝街教学部,edu,科教文化服务;学校;高等院校,青羊区,104.055973,30.675572
苹果树亲子乐园,edu,科教文化服务;科教文化场所;科教文化场所,青羊区,104.053911,30.676199
成都市肿瘤研究所,edu,科教文化服务;科研机构;科研机构,青羊区,104.060283,30.671901
四川广播电视大学直属科兴学院,edu,科教文化服务;学校;成人教育,青羊区,104.054581,30.674848
成都市青羊区金孔雀音乐幼儿园,edu,科教文化服务;学校;幼儿园,青羊区,104.056057,30.671636
新东方学校(铂金城教学区),edu,科教文化服务;培训机构;培训机构,青羊区,104.06148,30.672657
盛世文广传媒有限公司,edu,科教文化服务;科教文化场所;科教文化场所,青羊区,104.063142,30.675543
成都爱尔语言艺术学校,edu,科教文化服务;学校;职业技术学校,青羊区,104.05399,30.669483
中煤国际工程集团重庆设计研究院四川分院,edu,科教文化服务;科研机构;科研机构,青羊区,104.056741,30.67282
优筑教育(新华宾馆西),edu,科教文化服务;培训机构;培训机构,青羊区,104.0622,30.676748
成都广播电视大学财经管理学院(树德巷),edu,科教文化服务;学校;成人教育,青羊区,104.056741,30.678702
戏曲研究院,edu,科教文化服务;科研机构;科研机构,青羊区,104.058298,30.670623
大业舞蹈工作室,edu,科教文化服务;培训机构;培训机构,青羊区,104.058812,30.677501
省妇联妇女研究所,edu,科教文化服务;科研机构;科研机构,青羊区,104.055293,30.677573
成都市心血管疾病研究所,edu,科教文化服务;科研机构;科研机构,青羊区,104.060283,30.671901
成都大学中职部,edu,科教文化服务;学校;职业技术学校,青羊区,104.059621,30.670165
成都新镜头职业技能培训学校,edu,科教文化服务;学校;职业技术学校,青羊区,104.057592,30.671915
台湾御宅美妆生物科技研究中心成都办事处,edu,科教文化服务;科教文化场所;科教文化场所,青羊区,104.054581,30.674848
中国工程物理研究院成都办事处,edu,科教文化服务;科研机构;科研机构,青羊区,104.057254,30.673779
鼎艺舞校,edu,科教文化服务;培训机构;培训机构,青羊区,104.05463,30.675239
澳斯特教育(青龙街),edu,科教文化服务;培训机构;培训机构,青羊区,104.061714,30.671986
青羊区心理健康教育中心,edu,科教文化服务;科教文化场所;科教文化场所,青羊区,104.059796,30.673344
三省堂学校,edu,科教文化服务;学校;学校,青羊区,104.059921,30.673286
四川省曲艺研究院,edu,科教文化服务;科研机构;科研机构,青羊区,104.058392,30.670473
西南不孕不育研究院(万和路),edu,科教文化服务;科研机构;科研机构,青羊区,104.058049,30.675764
成都蜀都乳腺疾病研究院,edu,科教文化服务;科研机构;科研机构,青羊区,104.055935,30.674483
中物院成都科学技术发展中心,edu,科教文化服务;科研机构;科研机构,青羊区,104.057257,30.673773
北京101网校成都分校,edu,科教文化服务;学校;学校,青羊区,104.06182,30.673364
重庆医科大学附属成都第二临床学院,edu,科教文化服务;学校;高等院校,青羊区,104.060297,30.67198
西平中心小学校,edu,科教文化服务;学校;小学,青羊区,104.058961,30.676371
成都华西不孕不育医学研究院,edu,科教文化服务;科研机构;科研机构,青羊区,104.057984,30.675754
成都凯撒调酒专业学校,edu,科教文化服务;培训机构;培训机构,青羊区,104.063414,30.670372
西南不孕不育研究院(八宝街),edu,科教文化服务;科研机构;科研机构,青羊区,104.058471,30.674146
成都市第三人民医院实验医学研究部,edu,科教文化服务;科研机构;科研机构,青羊区,104.059988,30.671683
狄邦教育,edu,科教文化服务;培训机构;培训机构,青羊区,104.056405,30.676879
良美企业·涵博高端设计研究所,edu,科教文化服务;科研机构;科研机构,青羊区,104.061975,30.672577
成都前进歌舞团,edu,科教文化服务;文艺团体;文艺团体,青羊区,104.0622,30.676748
爱蒙亲子教育中心,edu,科教文化服务;科教文化场所;科教文化场所,青羊区,104.061536,30.672635
周末琴会,edu,科教文化服务;文艺团体;文艺团体,青羊区,104.058284,30.670549
牧童教育,edu,科教文化服务;科教文化场所;科教文化场所,青羊区,104.054037,30.669741
爱尔世通美嘉教育,edu,科教文化服务;科教文化场所;科教文化场所,青羊区,104.054037,30.669741
四川标准情报研究所,edu,科教文化服务;科教文化场所;科教文化场所,青羊区,104.063219,30.673253
战旗报社,edu,科教文化服务;传媒机构;报社,青羊区,104.060394,30.677587
四川冬石教育,edu,科教文化服务;科教文化场所;科教文化场所,青羊区,104.061567,30.673124
黄埔艺术中心,edu,科教文化服务;科教文化场所;科教文化场所,青羊区,104.06063,30.672973
郎阁英语,edu,科教文化服务;科教文化场所;科教文化场所,青羊区,104.061785,30.672506
吉林大学成都市内学习中心,edu,科教文化服务;学校;成人教育,青羊区,104.056741,30.678702
成都说教科所,edu,科教文化服务;科教文化场所;科教文化场所,青羊区,104.057194,30.670177
四川省曲艺团(610015),edu,科教文化服务;科教文化场所;科教文化场所,青羊区,104.058321,30.670564
培英教育第三教室,edu,科教文化服务;科教文化场所;科教文化场所,青羊区,104.055458,30.674397
成都立心古琴馆,edu,科教文化服务;科教文化场所;科教文化场所,青羊区,104.055458,30.674397
培英教育303室,edu,科教文化服务;科教文化场所;科教文化场所,青羊区,104.05542,30.674756
幼儿体智能游戏实验园,edu,科教文化服务;科教文化场所;科教文化场所,青羊区,104.056131,30.671631
言声主持人团队,edu,科教文化服务;科教文化场所;科教文化场所,青羊区,104.057236,30.672108
七八九艺术培训会,edu,科教文化服务;科教文化场所;科教文化场所,青羊区,104.054251,30.669707
成都市中小学教育研究室,edu,科教文化服务;科研机构;科研机构,青羊区,104.057055,30.670549
九鑫全脑教育,edu,科教文化服务;培训机构;培训机构,青羊区,104.054094,30.669749
浩浩学习(通锦校区),edu,科教文化服务;培训机构;培训机构,青羊区,104.056741,30.678702
长春市市政工程设计研究院成都分院,edu,科教文化服务;科教文化场所;科教文化场所,青羊区,104.061246,30.672958
上海交大成都昂立外语学校(人民中路二段),edu,科教文化服务;学校;学校,青羊区,104.063414,30.670372
教育部考试中心书画艺术考级四川考点办事处,edu,科教文化服务;科教文化场所;科教文化场所,青羊区,104.056741,30.678702
青羊区委政策研究室,edu,科教文化服务;科研机构;科研机构,青羊区,104.059033,30.676265
王翔吉他,edu,科教文化服务;培训机构;培训机构,青羊区,104.055397,30.674695
琴掌国乐艺术中心,edu,科教文化服务;科教文化场所;科教文化场所,青羊区,104.05548,30.674386
朗程教育(宁夏街),edu,科教文化服务;培训机构;培训机构,青羊区,104.055912,30.675643
中国电子科技集团公司第四十一研究所,edu,科教文化服务;科研机构;科研机构,青羊区,104.061246,30.672958
成都市神经疾病研究所,edu,科教文化服务;科研机构;科研机构,青羊区,104.060283,30.671901
卡瑞特拓展培训学校,edu,科教文化服务;培训机构;培训机构,青羊区,104.06182,30.673364
成都水叮当舞团,edu,科教文化服务;科教文化场所;科教文化场所,青羊区,104.05458,30.674844
琴筝国乐艺术中心(市中心八宝街校区),edu,科教文化服务;美术馆;美术馆,青羊区,104.05542,30.674752
疯狂钢琴(新城市店),edu,科教文化服务;培训机构;培训机构,青羊区,104.054704,30.676868
成都爱无限教育,edu,科教文化服务;培训机构;培训机构,青羊区,104.057263,30.672222
正统教育(宁夏街),edu,科教文化服务;培训机构;培训机构,青羊区,104.056161,30.675703
成都圆梦教育驻红光分校,edu,科教文化服务;科教文化场所;科教文化场所,青羊区,104.063355,30.674725
成都市满蒙人民学习委员会艺术团,edu,科教文化服务;文艺团体;文艺团体,青羊区,104.054843,30.66953
龙文教育(长顺中街),edu,科教文化服务;培训机构;培训机构,青羊区,104.053745,30.669705
红黄蓝亲子园(青羊店),edu,科教文化服务;学校;幼儿园,青羊区,104.05474,30.675901
鑫瑞舞蹈,edu,科教文化服务;培训机构;培训机构,青羊区,104.053801,30.669543
培英教育(东二道街),edu,科教文化服务;培训机构;培训机构,青羊区,104.055397,30.674697
北京数通国软成都研发中心,edu,科教文化服务;科教文化场所;科教文化场所,青羊区,104.061969,30.672571
节奏飞扬架子鼓教室,edu,科教文化服务;培训机构;培训机构,青羊区,104.055323,30.674481
青年职业学校,edu,科教文化服务;学校;职业技术学校,青羊区,104.054581,30.674848
新东方学校(八宝街),edu,科教文化服务;培训机构;培训机构,青羊区,104.058933,30.673182
七九八艺术培训画室,edu,科教文化服务;培训机构;培训机构,青羊区,104.054094,30.669749
美联英语(八宝中心),edu,科教文化服务;培训机构;培训机构,青羊区,104.061028,30.673132
成都市青羊区健康教育所,edu,科教文化服务;科教文化场所;科教文化场所,青羊区,104.055979,30.671619
成都九龙生殖健康研究院(万和路),edu,科教文化服务;科研机构;科研机构,青羊区,104.058049,30.675764
成都优倍分教育,edu,科教文化服务;培训机构;培训机构,青羊区,104.056157,30.675899
福达思教育机构,edu,科教文化服务;培训机构;培训机构,青羊区,104.05399,30.669483
腾文教育,edu,科教文化服务;培训机构;培训机构,青羊区,104.061532,30.672635
一点通教育,edu,科教文化服务;培训机构;培训机构,青羊区,104.061532,30.672635
清影舞蹈工作室(八宝街校区),edu,科教文化服务;培训机构;培训机构,青羊区,104.058152,30.676152
PS-ONE艺术培训学校,edu,科教文化服务;培训机构;培训机构,青羊区,104.05399,30.669483
磨名堂画院,edu,科教文化服务;培训机构;培训机构,青羊区,104.057254,30.673779
成都小作家培训基地,edu,科教文化服务;培训机构;培训机构,青羊区,104.054581,30.674848
成都美睫纹绣培训中心,edu,科教文化服务;培训机构;培训机构,青羊区,104.053752,30.675342
成都德道职业培训中心,edu,科教文化服务;培训机构;培训机构,青羊区,104.061246,30.672959
狄邦教育,edu,科教文化服务;培训机构;培训机构,青羊区,104.055239,30.670929
美瑞画室,edu,科教文化服务;培训机构;培训机构,青羊区,104.062249,30.673633
竞思教育,edu,科教文化服务;培训机构;培训机构,青羊区,104.060081,30.673318
学大教育(横过街楼街),edu,科教文化服务;培训机构;培训机构,青羊区,104.057409,30.673008
乐博乐博智能机器人,edu,科教文化服务;培训机构;培训机构,青羊区,104.056161,30.675703
奇魔乐高教育机构,edu,科教文化服务;培训机构;培训机构,青羊区,104.05454,30.675907
学而优数学,edu,科教文化服务;培训机构;培训机构,青羊区,104.05385,30.669593
哈迪森英语,edu,科教文化服务;培训机构;培训机构,青羊区,104.057324,30.672096
香港圣琪美容艺术传播机构,edu,科教文化服务;科教文化场所;科教文化场所,青羊区,104.054581,30.674848
全脑心算,edu,科教文化服务;培训机构;培训机构,青羊区,104.056189,30.675595
成都良师益友教育总校,edu,科教文化服务;培训机构;培训机构,青羊区,104.055418,30.674506
翡翠教育(成都校区),edu,科教文化服务;培训机构;培训机构,青羊区,104.059921,30.673286
成都新起点外语学校,edu,科教文化服务;培训机构;培训机构,青羊区,104.059926,30.673231
新镜头婚庆主持人培训学校,edu,科教文化服务;培训机构;培训机构,青羊区,104.057324,30.672095
阿克斯体验式培训中心,edu,科教文化服务;培训机构;培训机构,青羊区,104.054909,30.676316
雅绘青苹果,edu,科教文化服务;培训机构;培训机构,青羊区,104.054381,30.675991
内江水电建筑勘察设计研究院(成都分院),edu,科教文化服务;科研机构;科研机构,青羊区,104.062057,30.672594
昊天教育,edu,科教文化服务;培训机构;培训机构,青羊区,104.05458,30.674849
Missyounger私人舞蹈工作室,edu,科教文化服务;培训机构;培训机构,青羊区,104.061539,30.672635
101远程教育网四川分中心,edu,科教文化服务;培训机构;培训机构,青羊区,104.055742,30.674788
天娇艺术培训(长顺下街),edu,科教文化服务;培训机构;培训机构,青羊区,104.055321,30.674481
康名美容美发学校,edu,科教文化服务;培训机构;培训机构,青羊区,104.058864,30.673745
书铭教育(宁夏街205号院南),edu,科教文化服务;培训机构;培训机构,青羊区,104.056161,30.675703
盛课盟教育(西大街校区),edu,科教文化服务;培训机构;培训机构,青羊区,104.054581,30.674848
文化传媒中心,edu,科教文化服务;科教文化场所;科教文化场所,青羊区,104.069311,30.677415
金手指文化传播集团,edu,科教文化服务;传媒机构;传媒机构,青羊区,104.068789,30.670979
成都华珍藏羌文化博物馆,edu,科教文化服务;博物馆;博物馆,青羊区,104.070105,30.676069
大者文化传播有限公司,edu,科教文化服务;科教文化场所;科教文化场所,青羊区,104.063644,30.670945
成都和佳文化传播公司,edu,科教文化服务;科教文化场所;科教文化场所,青羊区,104.068723,30.669689
成都培根文化传播有限公司,edu,科教文化服务;传媒机构;传媒机构,青羊区,104.073476,30.670873
中国文化报四川记者站,edu,科教文化服务;传媒机构;传媒机构,青羊区,104.072324,30.675436
路人映像影视文化传媒有限公司,edu,科教文化服务;传媒机构;传媒机构,青羊区,104.070487,30.672093
成都造梦空间文化传播有限公司,edu,科教文化服务;科教文化场所;科教文化场所,青羊区,104.065637,30.676321
四川省地矿局测绘服务中心,edu,科教文化服务;科研机构;科研机构,青羊区,104.073391,30.671707
艺峰教育,edu,科教文化服务;培训机构;培训机构,青羊区,104.06984,30.672512
红光小学,edu,科教文化服务;学校;小学,青羊区,104.063757,30.675576
多功能的会议厅,edu,科教文化服务;会展中心;会展中心,青羊区,104.073107,30.671733
四川检察官学院,edu,科教文化服务;学校;高等院校,青羊区,104.065345,30.673087
成都帝盛君豪酒店-会议厅,edu,科教文化服务;会展中心;会展中心,青羊区,104.064819,30.669755
西南肝病研究院,edu,科教文化服务;科研机构;科研机构,青羊区,104.065949,30.674494
空林佛教图书馆,edu,科教文化服务;图书馆;图书馆,青羊区,104.070756,30.678435
巴蜀汉陶艺术博物馆,edu,科教文化服务;博物馆;博物馆,青羊区,104.072375,30.67544
空林佛学院,edu,科教文化服务;学校;高等院校|科教文化服务;培训机构;培训机构,青羊区,104.069589,30.677567
四川矿山安全技术培训中心,edu,科教文化服务;培训机构;培训机构,青羊区,104.069744,30.676668
嘉好·弗斯达酒店文殊院店-会议中心,edu,科教文化服务;会展中心;会展中心,青羊区,104.066766,30.67417
成都市科学技术情报研究所,edu,科教文化服务;科研机构;科研机构,青羊区,104.066639,30.676719
中国矿业大学成都函授站,edu,科教文化服务;学校;成人教育,青羊区,104.069744,30.676668
成都音像出版社,edu,科教文化服务;传媒机构;出版社,青羊区,104.068061,30.671508
四川省易学研究会,edu,科教文化服务;科研机构;科研机构,青羊区,104.069375,30.674857
蒙氏风湿病研究所,edu,科教文化服务;科研机构;科研机构,青羊区,104.064487,30.672157
中华古玉博览中心,edu,科教文化服务;展览馆;展览馆,青羊区,104.070759,30.675939
卢卡斯职业技能培训学校,edu,科教文化服务;学校;职业技术学校,青羊区,104.070679,30.670092
仁爱腰椎病研究院,edu,科教文化服务;科研机构;科研机构,青羊区,104.071048,30.674168
华西肿瘤研究院,edu,科教文化服务;科研机构;科研机构,青羊区,104.065949,30.674494
成都华西股骨头研究院,edu,科教文化服务;科研机构;科研机构,青羊区,104.071048,30.674168
菩提慈善艺术团,edu,科教文化服务;文艺团体;文艺团体,青羊区,104.069478,30.677457
成都年鉴社,edu,科教文化服务;传媒机构;出版社,青羊区,104.072031,30.66956
中国建筑材料工业地质勘查中心四川总队,edu,科教文化服务;科研机构;科研机构,青羊区,104.071683,30.671822
四川法制网,edu,科教文化服务;传媒机构;杂志社,青羊区,104.073356,30.66949
四川省地质矿产勘查开发局测绘队,edu,科教文化服务;科研机构;科研机构,青羊区,104.073391,30.671707
成都国学馆,edu,科教文化服务;科教文化场所;科教文化场所,青羊区,104.070908,30.675615
四川省地质测绘院(鼓楼北四街),edu,科教文化服务;科研机构;科研机构|政府机构及社会团体;政府及社会团体相关;政府及社会团体相关,青羊区,104.073391,30.671707
成都一砖一瓦建筑职业技能培训学校,edu,科教文化服务;学校;职业技术学校,青羊区,104.067145,30.677558
四川烹饪杂志,edu,科教文化服务;传媒机构;杂志社,青羊区,104.06563,30.675907
成都市民用建筑统一建设办公室接待会议中心,edu,科教文化服务;会展中心;会展中心,青羊区,104.067428,30.669936
成妆职业技能培训学校,edu,科教文化服务;学校;职业技术学校,青羊区,104.063781,30.672139
童童童教育中心,edu,科教文化服务;培训机构;培训机构,青羊区,104.066282,30.676291
空林人生佛教网办公室,edu,科教文化服务;传媒机构;传媒机构,青羊区,104.069311,30.677415
空林琴馆,edu,科教文化服务;科教文化场所;科教文化场所,青羊区,104.070499,30.677155
青羊区社会工作发展研究中心,edu,科教文化服务;科研机构;科研机构,青羊区,104.072528,30.669871
中国改革报四川记者站,edu,科教文化服务;传媒机构;传媒机构,青羊区,104.070145,30.672174
双城教育(成都一环路),edu,科教文化服务;培训机构;培训机构,青羊区,104.073276,30.674003
源泉教育(北打铜街),edu,科教文化服务;培训机构;培训机构,青羊区,104.06984,30.672512
四川收藏编辑部,edu,科教文化服务;传媒机构;传媒机构,青羊区,104.071491,30.675521
成都国学馆,edu,科教文化服务;科教文化场所;科教文化场所,青羊区,104.070908,30.675615
四川省地质测绘院(鼓楼北四街),edu,科教文化服务;科研机构;科研机构|政府机构及社会团体;政府及社会团体相关;政府及社会团体相关,青羊区,104.073391,30.671707
成都一砖一瓦建筑职业技能培训学校,edu,科教文化服务;学校;职业技术学校,青羊区,104.067145,30.677558
丙戌金石书画研究会,edu,科教文化服务;科研机构;科研机构,青羊区,104.071059,30.676124
四川烹饪杂志,edu,科教文化服务;传媒机构;杂志社,青羊区,104.06563,30.675907
成都仁德讲堂,edu,科教文化服务;培训机构;培训机构,青羊区,104.071546,30.678009
成都市民用建筑统一建设办公室接待会议中心,edu,科教文化服务;会展中心;会展中心,青羊区,104.067428,30.669936
成妆职业技能培训学校,edu,科教文化服务;学校;职业技术学校,青羊区,104.063781,30.672139
新天地学校,edu,科教文化服务;科教文化场所;科教文化场所,青羊区,104.065272,30.67579
童童童教育中心,edu,科教文化服务;培训机构;培训机构,青羊区,104.066282,30.676291
海口市城市规划设计研究院成都分院,edu,科教文化服务;科研机构;科研机构,青羊区,104.073276,30.674003
空林人生佛教网办公室,edu,科教文化服务;传媒机构;传媒机构,青羊区,104.069311,30.677415
空林琴馆,edu,科教文化服务;科教文化场所;科教文化场所,青羊区,104.070499,30.677155
儿童思维策略超前训练,edu,科教文化服务;科教文化场所;科教文化场所,青羊区,104.073276,30.670884
说客英语(文武路分校),edu,科教文化服务;培训机构;培训机构,青羊区,104.068587,30.67308
中国工艺美术大师刘嘉峰工作室,edu,科教文化服务;科教文化场所;科教文化场所,青羊区,104.070901,30.676204
青羊区社会工作发展研究中心,edu,科教文化服务;科研机构;科研机构,青羊区,104.072528,30.669871
中国改革报四川记者站,edu,科教文化服务;传媒机构;传媒机构,青羊区,104.070145,30.672174
成都恒博教育,edu,科教文化服务;培训机构;培训机构,青羊区,104.069374,30.671443
双城教育(成都一环路),edu,科教文化服务;培训机构;培训机构,青羊区,104.073276,30.674003
文殊-空林发行部,edu,科教文化服务;科教文化场所;科教文化场所,青羊区,104.069603,30.677597
源泉教育(北打铜街),edu,科教文化服务;培训机构;培训机构,青羊区,104.06984,30.672512
王孝雄建筑设计院(成都分院),edu,科教文化服务;科教文化场所;科教文化场所,青羊区,104.073276,30.674003
四川收藏编辑部,edu,科教文化服务;传媒机构;传媒机构,青羊区,104.071491,30.675521
交通银行成都分行培训中心,edu,科教文化服务;培训机构;培训机构,青羊区,104.065819,30.670081
卢卡斯化妆美甲学校,edu,科教文化服务;培训机构;培训机构,青羊区,104.070735,30.669958
华茂堂画室,edu,科教文化服务;培训机构;培训机构,青羊区,104.068521,30.676113
华铁传媒,edu,科教文化服务;科教文化场所;科教文化场所,青羊区,104.063644,30.670945
七色光少儿培训部,edu,科教文化服务;培训机构;培训机构,青羊区,104.071638,30.670407
成都路凡教育,edu,科教文化服务;培训机构;培训机构,青羊区,104.067131,30.677553
赛尔凯达培训中心,edu,科教文化服务;培训机构;培训机构,青羊区,104.072567,30.669945
四川省商务人才交流培训中心,edu,科教文化服务;培训机构;培训机构,青羊区,104.067097,30.677533
瑞丽潮妆学院,edu,科教文化服务;培训机构;培训机构,青羊区,104.070694,30.670121
成都普特文化传播有限公司,edu,科教文化服务;传媒机构;传媒机构,金牛区,104.082121,30.676355
小关庙社区文化活动室,edu,科教文化服务;文化宫;文化宫,青羊区,104.082718,30.672165
成都尚行文化传播有限公司,edu,科教文化服务;科教文化场所;科教文化场所,青羊区,104.074344,30.677523
四川晨升文化传播有限公司,edu,科教文化服务;科教文化场所;科教文化场所,青羊区,104.075213,30.676189
成都瀚远文化传播有限公司,edu,科教文化服务;科教文化场所;科教文化场所,青羊区,104.076314,30.676948
四川新华文化传播有限责任公司(星辉中路),edu,科教文化服务;传媒机构;传媒机构,金牛区,104.081182,30.676461
四川省兆丰文化传播发展有限公司,edu,科教文化服务;传媒机构;传媒机构,青羊区,104.074387,30.677658
四川新思语文化传播广告有限公司,edu,科教文化服务;传媒机构;传媒机构,青羊区,104.082606,30.674569
成都亿家晶视文化传播有限公司,edu,科教文化服务;科教文化场所;科教文化场所,青羊区,104.07819,30.67129
TCL文化美卡唱片方和文化传媒,edu,科教文化服务;传媒机构;传媒机构,青羊区,104.08005,30.674427
成都市青羊实验联合中学,edu,科教文化服务;学校;中学,青羊区,104.078378,30.671564
中国市政工程西南设计研究总院,edu,科教文化服务;科研机构;科研机构,金牛区,104.07895,30.67822
双眼井小学,edu,科教文化服务;学校;小学,青羊区,104.076659,30.67323
西南户外传媒,edu,科教文化服务;传媒机构;传媒机构,青羊区,104.08005,30.674427
星逸酒店-会议厅,edu,科教文化服务;会展中心;会展中心,青羊区,104.075063,30.670773
成都华夏旅游商务学校,edu,科教文化服务;学校;学校,青羊区,104.078305,30.671218
四川省交通运输厅交通勘察设计研究院,edu,科教文化服务;科研机构;科研机构,青羊区,104.080457,30.674181
华西圣约图书馆,edu,科教文化服务;图书馆;图书馆,青羊区,104.080076,30.674287
自由梦书画展览馆,edu,科教文化服务;展览馆;展览馆,青羊区,104.073976,30.6768
四川省直属机关玉泉幼儿园,edu,科教文化服务;学校;幼儿园,青羊区,104.076891,30.673005
双眼井社区图书室,edu,科教文化服务;图书馆;图书馆,青羊区,104.074083,30.673814
太升北路2号天府阳光酒店天府阳光酒店-会议厅,edu,科教文化服务;会展中心;会展中心,青羊区,104.076512,30.670293
狮马路实验幼稚园,edu,科教文化服务;学校;幼儿园,青羊区,104.082074,30.672843
北京中建建筑设计院(星辉中路),edu,科教文化服务;科研机构;科研机构,金牛区,104.079475,30.677114
嘟嘟堂亲子乐园,edu,科教文化服务;学校;幼儿园,青羊区,104.074903,30.676978
名师点拨学校(太升路校区),edu,科教文化服务;培训机构;培训机构,青羊区,104.077885,30.672022
四川省建筑设计院,edu,科教文化服务;科研机构;科研机构,青羊区,104.07746,30.676271
成都市玉沙路幼儿园,edu,科教文化服务;学校;幼儿园,青羊区,104.077758,30.669762
互联神州思科网络技术培训中心,edu,科教文化服务;培训机构;培训机构,金牛区,104.08214,30.676313
上层名人酒店-会议厅,edu,科教文化服务;会展中心;会展中心,金牛区,104.07743,30.678338
成都石油勘探设计院,edu,科教文化服务;科研机构;科研机构,青羊区,104.082015,30.671427
四川省中汉建筑设计院,edu,科教文化服务;科研机构;科研机构,青羊区,104.076978,30.676168
金太阳正通顺幼儿园,edu,科教文化服务;学校;幼儿园,青羊区,104.077233,30.673372
西南银屑病研究院临床基地,edu,科教文化服务;科研机构;科研机构,青羊区,104.074176,30.674789
西南白癜风研究院临床基地,edu,科教文化服务;科研机构;科研机构,青羊区,104.074269,30.674747
四川省直属机关东通顺幼儿园,edu,科教文化服务;学校;幼儿园,青羊区,104.08013,30.670828
设计楼交通勘察设计研究院,edu,科教文化服务;科研机构;科研机构,青羊区,104.077844,30.676371
战旗文工团,edu,科教文化服务;科教文化场所;科教文化场所,青羊区,104.076943,30.674118
西部时报四川记者站,edu,科教文化服务;传媒机构;报社,青羊区,104.077853,30.669793
双眼井小学(南门),edu,科教文化服务;学校;小学,青羊区,104.075743,30.672217
西南油气田公司工程技术研究院,edu,科教文化服务;科研机构;科研机构,青羊区,104.083023,30.671638
成都协康肝病研究所,edu,科教文化服务;科研机构;科研机构,青羊区,104.07578,30.673796
育儿周刊,edu,科教文化服务;传媒机构;杂志社,青羊区,104.083487,30.670864
西南作家文艺沙龙,edu,科教文化服务;科教文化场所;科教文化场所,青羊区,104.080691,30.669444
成都聚星钢管舞学校,edu,科教文化服务;科教文化场所;科教文化场所,青羊区,104.08009,30.674314
战旗录音棚,edu,科教文化服务;科教文化场所;科教文化场所,青羊区,104.081656,30.672717
成都钢管舞私教工作室,edu,科教文化服务;科教文化场所;科教文化场所,青羊区,104.08023,30.674443
識美畫社,edu,科教文化服务;科教文化场所;科教文化场所,青羊区,104.073605,30.669405
四川枝华中医骨科研究所,edu,科教文化服务;科研机构;科研机构,金牛区,104.078371,30.677856
成都协康肝病研究所,edu,科教文化服务;科研机构;科研机构,青羊区,104.07578,30.673796
育儿周刊,edu,科教文化服务;传媒机构;杂志社,青羊区,104.083487,30.670864
西南作家文艺沙龙,edu,科教文化服务;科教文化场所;科教文化场所,青羊区,104.080691,30.669444
天蓝一中心,edu,科教文化服务;科教文化场所;科教文化场所,青羊区,104.074462,30.677076
省直机关幼儿园,edu,科教文化服务;科教文化场所;科教文化场所,青羊区,104.075893,30.672153
成都聚星钢管舞学校,edu,科教文化服务;科教文化场所;科教文化场所,青羊区,104.08009,30.674314
战旗录音棚,edu,科教文化服务;科教文化场所;科教文化场所,青羊区,104.081656,30.672717
美容教室,edu,科教文化服务;科教文化场所;科教文化场所,青羊区,104.07895,30.673431
畅谈杂志社,edu,科教文化服务;科教文化场所;科教文化场所,青羊区,104.080704,30.669745
四川交通设计院,edu,科教文化服务;科教文化场所;科教文化场所,青羊区,104.080498,30.674066
成都电大睿智教学站,edu,科教文化服务;科教文化场所;科教文化场所,青羊区,104.074281,30.674754
成都钢管舞私教工作室,edu,科教文化服务;科教文化场所;科教文化场所,青羊区,104.08023,30.674443
識美畫社,edu,科教文化服务;科教文化场所;科教文化场所,青羊区,104.073605,30.669405
四川枝华中医骨科研究所,edu,科教文化服务;科研机构;科研机构,金牛区,104.078371,30.677856
成都锦泉学校,edu,科教文化服务;科教文化场所;科教文化场所,青羊区,104.079835,30.669577
精神文明报品格周刊,edu,科教文化服务;科教文化场所;科教文化场所,青羊区,104.083423,30.671415
成都大陆建筑设计,edu,科教文化服务;科研机构;科研机构,金牛区,104.08166,30.676435
成都市青羊区教育科学研究院(太升北路),edu,科教文化服务;科研机构;科研机构,青羊区,104.078379,30.671564
鹏展教育,edu,科教文化服务;培训机构;培训机构,青羊区,104.075303,30.67617
市政设计院十院,edu,科教文化服务;科教文化场所;科教文化场所,金牛区,104.079179,30.677764
opanda少儿美术艺术托管,edu,科教文化服务;科教文化场所;科教文化场所,青羊区,104.074331,30.677694
府河象棋培训茶园,edu,科教文化服务;培训机构;培训机构,金牛区,104.077922,30.677647
巴厨烹饪技术培训,edu,科教文化服务;培训机构;培训机构,金牛区,104.08214,30.676313
国一美术北门校区,edu,科教文化服务;科教文化场所;科教文化场所,金牛区,104.081927,30.676464
成都极客数学帮(北大街中心),edu,科教文化服务;培训机构;培训机构,青羊区,104.074778,30.676648
四川省兴发规划建筑设计所,edu,科教文化服务;科研机构;科研机构,金牛区,104.082121,30.676355
银河教育中心,edu,科教文化服务;培训机构;培训机构,青羊区,104.07636,30.669526
博艺油画雕塑工作室(马王庙街),edu,购物服务;专卖店;古玩字画店|科教文化服务;科教文化场所;科教文化场所,青羊区,104.074517,30.669555
食尚香餐饮培训中心,edu,科教文化服务;培训机构;培训机构,青羊区,104.073684,30.67814
羽之路舞蹈艺术中心,edu,科教文化服务;培训机构;培训机构,青羊区,104.07466,30.673986
Psyche Art,edu,科教文化服务;培训机构;培训机构,青羊区,104.078133,30.672392
墨客语文,edu,科教文化服务;培训机构;培训机构,青羊区,104.074372,30.677258
有艺少儿成人舞蹈培训,edu,科教文化服务;培训机构;培训机构,青羊区,104.077803,30.669682
武佳舞国际艺体教育,edu,科教文化服务;培训机构;培训机构,青羊区,104.075997,30.67164
核工业西藏地质调查院,edu,科教文化服务;科研机构;科研机构,金牛区,104.082121,30.676355
成都赤诚传媒艺术培训中心,edu,科教文化服务;科教文化场所;科教文化场所,青羊区,104.075993,30.671778
柠檬树教育,edu,科教文化服务;培训机构;培训机构,青羊区,104.076083,30.671855
风迷流行舞蹈培训中心,edu,科教文化服务;培训机构;培训机构,青羊区,104.076023,30.669699
韵言英语,edu,科教文化服务;培训机构;培训机构,青羊区,104.075698,30.670106
126舞蹈工作室,edu,科教文化服务;培训机构;培训机构,青羊区,104.077853,30.669793
若熙教育,edu,科教文化服务;培训机构;培训机构,青羊区,104.075483,30.676633
尚艺美术培训(西马道街),edu,科教文化服务;培训机构;培训机构,青羊区,104.074718,30.677248
中铁二院环境工程研究院市政设计二所,edu,科教文化服务;科教文化场所;科教文化场所,金牛区,104.080436,30.677097
成都市皮肤病性病防治研究所(北东街),edu,科教文化服务;科研机构;科研机构,青羊区,104.073791,30.674677
锦润学校(太升校区),edu,科教文化服务;培训机构;培训机构,金牛区,104.079914,30.676465
尚艺画室(西马道街),edu,科教文化服务;培训机构;培训机构,青羊区,104.074387,30.67766
四川画报·漫生活,edu,科教文化服务;传媒机构;杂志社,青羊区,104.07895,30.673431
素智英语·素智教育,edu,科教文化服务;培训机构;培训机构,青羊区,104.074757,30.669808
秀域培训部,edu,科教文化服务;培训机构;培训机构,青羊区,104.07819,30.67129
成都市木子里艺术培训中心,edu,科教文化服务;培训机构;培训机构,青羊区,104.078305,30.671218
丹秋·名师堂学校(北大街分部),edu,科教文化服务;培训机构;培训机构,青羊区,104.074778,30.676648
成都电大群力学校招生办公室,edu,科教文化服务;科教文化场所;科教文化场所,青羊区,104.075938,30.672124
成都华数,edu,科教文化服务;培训机构;培训机构,青羊区,104.075683,30.671621
新学法全脑天才集训中心,edu,科教文化服务;培训机构;培训机构,金牛区,104.082121,30.676355
成都M show舞蹈工作室(锦天国际店),edu,科教文化服务;培训机构;培训机构,青羊区,104.075173,30.669973
百通世纪医考(成都分中心),edu,科教文化服务;培训机构;培训机构,青羊区,104.073559,30.673753
雅马哈数字音频培训中心,edu,科教文化服务;培训机构;培训机构,青羊区,104.074757,30.669808
佳米教育培训中心(西马道街),edu,科教文化服务;培训机构;培训机构,青羊区,104.074372,30.677258
四川省国际经济贸易研究所,edu,科教文化服务;科研机构;科研机构,青羊区,104.077859,30.672001
成华区文化馆,edu,科教文化服务;文化宫;文化宫,成华区,104.090089,30.672278
寻音文化录音棚,edu,科教文化服务;科教文化场所;科教文化场所,成华区,104.090311,30.672598
梵音倾城文化传播有限公司,edu,科教文化服务;科教文化场所;科教文化场所,金牛区,104.087136,30.673155
四川省天卓文化传播有限公司,edu,科教文化服务;科教文化场所;科教文化场所,青羊区,104.083504,30.671358
书院街街道综合文化活动中心,edu,科教文化服务;文化宫;文化宫,锦江区,104.089891,30.669508
成都市博涵文化传播有限公司,edu,科教文化服务;科教文化场所;科教文化场所,金牛区,104.083546,30.676232
成都极典视觉文化传播有限公司,edu,科教文化服务;科教文化场所;科教文化场所,金牛区,104.086569,30.673462
成都生何时文化传播有限公司,edu,科教文化服务;科教文化场所;科教文化场所,锦江区,104.086062,30.670266
四川省品格文化传播有限责任公司,edu,科教文化服务;科教文化场所;科教文化场所,青羊区,104.083504,30.671358
成华区图书馆(建设北路一段),edu,科教文化服务;图书馆;图书馆,成华区,104.089736,30.672498
成都广播电视大学,edu,科教文化服务;学校;成人教育,成华区,104.093276,30.674342
四川省成都列五中学(初中部),edu,科教文化服务;学校;中学,青羊区,104.083992,30.671478
四川省城乡规划设计研究院,edu,科教文化服务;科研机构;科研机构,金牛区,104.088102,30.678526
成都阳光酒店-会议厅,edu,科教文化服务;会展中心;会展中心,金牛区,104.085022,30.674415
中国石油勘探开发研究院(游乐园滨河路),edu,科教文化服务;科研机构;科研机构,成华区,104.088379,30.672426
成都电广播电视大学-组织人事处,edu,科教文化服务;学校;高等院校,成华区,104.093314,30.67449
中国石油集团西南油气田公司勘探开发研究院,edu,科教文化服务;科研机构;科研机构,成华区,104.089167,30.673124
成都广播电视大学-练功室,edu,科教文化服务;学校;高等院校,成华区,104.092634,30.674061
成都广播电视大学-档案室,edu,科教文化服务;学校;高等院校,成华区,104.092928,30.673923
成都电广播电视大学-外语教学部,edu,科教文化服务;学校;高等院校,成华区,104.09273,30.673941
成都电广播电视大学-党政办公室,edu,科教文化服务;学校;高等院校,成华区,104.093314,30.674486
成都电广播电视大学-计算机教室1,edu,科教文化服务;学校;高等院校,成华区,104.092955,30.673973
成都广播电视大学继续教育学院,edu,科教文化服务;学校;成人教育,成华区,104.093318,30.674428
成都广播电视大学-成都社区大学,edu,科教文化服务;学校;成人教育,成华区,104.093384,30.674464
成都电广播电视大学-蓉城先锋党员教育中心,edu,科教文化服务;学校;高等院校,成华区,104.092832,30.674107
成都日报工人日报遗失登报,edu,科教文化服务;传媒机构;报社,成华区,104.089375,30.672896
成都成妆培训学校,edu,科教文化服务;培训机构;培训机构,成华区,104.08838,30.672429
成都广播电视大学直属城东学院,edu,科教文化服务;学校;成人教育,成华区,104.093318,30.674428
书院街街道社区教育学校,edu,科教文化服务;学校;学校,锦江区,104.089793,30.669586
石油局机关小学,edu,科教文化服务;学校;小学,成华区,104.091311,30.677309
成都广播电视大学成教职教学院,edu,科教文化服务;学校;成人教育,成华区,104.093318,30.674428
千里马大地幼儿园,edu,科教文化服务;学校;幼儿园,成华区,104.092444,30.675828
成都电广播电视大学-直属城东学院二,edu,科教文化服务;科教文化场所;科教文化场所,成华区,104.093224,30.674503
成都广播电视大学残疾人教育学院,edu,科教文化服务;学校;成人教育,成华区,104.093318,30.674428
四川省成都列五中学,edu,科教文化服务;学校;中学,青羊区,104.083604,30.671497
极典艺术,edu,科教文化服务;美术馆;美术馆,锦江区,104.086191,30.670434
重庆市设计院成都分院,edu,科教文化服务;科教文化场所;科教文化场所,成华区,104.088001,30.672594
成都望子成龙外语培训学校(东门校区),edu,科教文化服务;培训机构;培训机构,成华区,104.088379,30.672426
成广乒乓球培训中心,edu,科教文化服务;培训机构;培训机构,成华区,104.09316,30.674398
启智阳光幼儿园,edu,科教文化服务;学校;幼儿园,金牛区,104.090025,30.678819
成都市书院街道德讲堂,edu,科教文化服务;科教文化场所;科教文化场所,锦江区,104.089793,30.669586
中国石油天然气价格研究中心,edu,科教文化服务;科研机构;科研机构,成华区,104.092067,30.678188
成都广播电视大学(青鸟信息分院),edu,科教文化服务;学校;高等院校,成华区,104.093421,30.674104
西南油气田公司天然气经济研究所,edu,科教文化服务;科研机构;科研机构,成华区,104.092287,30.678468
心飞扬教育,edu,科教文化服务;培训机构;培训机构,青羊区,104.085379,30.670101
广播电视中等专业学校(建设北路店),edu,科教文化服务;学校;职业技术学校,成华区,104.093166,30.67446
晨功教育,edu,科教文化服务;培训机构;培训机构,锦江区,104.086342,30.670468
四川省城乡规划编制研究中心,edu,科教文化服务;科研机构;科研机构,金牛区,104.088102,30.678525
成都人文培训学校,edu,科教文化服务;培训机构;培训机构,青羊区,104.083504,30.671358
中国石油集团川庆钻探工程有限公司地质勘探开发研究院,edu,科教文化服务;科研机构;科研机构,成华区,104.089167,30.673124
石油工业出版社(四川发行站),edu,科教文化服务;传媒机构;出版社,成华区,104.08931,30.67287
新阳会计电脑培训,edu,科教文化服务;培训机构;培训机构,青羊区,104.085207,30.669968
苗地外语(东区分校),edu,科教文化服务;培训机构;培训机构,锦江区,104.086342,30.670468
书院街道蒲公英社区学堂,edu,科教文化服务;培训机构;培训机构,锦江区,104.089736,30.669568
松琳艺术培训中心(李家沱分校),edu,科教文化服务;培训机构;培训机构,成华区,104.093263,30.679011
成都社区大学市民学习中心,edu,科教文化服务;培训机构;培训机构,成华区,104.093413,30.674102
口腔专业护士临床实践培训基地,edu,科教文化服务;培训机构;培训机构,锦江区,104.086764,30.671331
成都星光艺术团(活水公园分点),edu,科教文化服务;文艺团体;文艺团体,锦江区,104.089788,30.669721
成都市龙泉驿区戴氏教育精品堂培训学校,edu,科教文化服务;培训机构;培训机构,成华区,104.088301,30.67256
成都拉维妮舞蹈训练中心,edu,科教文化服务;培训机构;培训机构,锦江区,104.086342,30.670468
四川省社区教育研究培训指导中心,edu,科教文化服务;培训机构;培训机构,成华区,104.093384,30.674464
锦江音乐学校成都市小天鹅艺术团,edu,科教文化服务;文艺团体;文艺团体,锦江区,104.086342,30.670468
东方远景美容人才职业部培训学校,edu,科教文化服务;学校;职业技术学校,锦江区,104.086342,30.670468
电子科技大学沙河校区学报编辑部自科版,edu,科教文化服务;学校;学校内部设施,成华区,104.093315,30.6786
法语工作室,edu,科教文化服务;科教文化场所;科教文化场所,锦江区,104.08586,30.669916
勘探研究院档案楼,edu,科教文化服务;科教文化场所;科教文化场所,成华区,104.088603,30.673461
四川石油新闻中心,edu,科教文化服务;科教文化场所;科教文化场所,成华区,104.089731,30.674754
成都顶尖未来教育研究所,edu,科教文化服务;科研机构;科研机构,成华区,104.093277,30.674336
成都三毫秒文化传播有限公司,edu,科教文化服务;科教文化场所;科教文化场所,成华区,104.103347,30.672392
成都宣捷文化传播公司,edu,科教文化服务;科教文化场所;科教文化场所,成华区,104.101554,30.671057
成都馨泉文化传播有限公司,edu,科教文化服务;科教文化场所;科教文化场所,成华区,104.101827,30.671954
成都重楼文化传播有限公司,edu,科教文化服务;科教文化场所;科教文化场所,成华区,104.103371,30.672444
成都大梵文化传播有限公司,edu,科教文化服务;科教文化场所;科教文化场所,成华区,104.101827,30.671954
成都舞尚文化传播有限公司,edu,科教文化服务;传媒机构;传媒机构,成华区,104.103347,30.672392
成都阳光动力文化传播有限公司,edu,科教文化服务;科教文化场所;科教文化场所,成华区,104.102099,30.672272
成都美美幸福文化传播有限公司,edu,科教文化服务;科教文化场所;科教文化场所,成华区,104.102816,30.672332
成都源头广告文化传播有限公司,edu,科教文化服务;科教文化场所;科教文化场所,成华区,104.101827,30.671954
成都骨火文化传播有限公司,edu,科教文化服务;科教文化场所;科教文化场所,成华区,104.101776,30.671949
成都华信砚文化传播有限公司,edu,科教文化服务;科教文化场所;科教文化场所,成华区,104.101776,30.671949
成都万通圣世文化传播有限公司,edu,科教文化服务;科教文化场所;科教文化场所,成华区,104.101776,30.671949
成都赛锐雅文化传播有限公司,edu,科教文化服务;科教文化场所;科教文化场所,成华区,104.101827,30.671954
成都亚美智欣文化传播有限公司,edu,科教文化服务;科教文化场所;科教文化场所,成华区,104.103347,30.672392
成华区森言音乐咨询服务部,edu,科教文化服务;科教文化场所;科教文化场所,成华区,104.10241,30.672497
电子科技大学沙河校区本科教学督导办公室,edu,科教文化服务;学校;高等院校,成华区,104.096847,30.677823
瞳音制作录音棚,edu,科教文化服务;传媒机构;传媒机构,成华区,104.101798,30.672435
电子科技大学,edu,科教文化服务;学校;高等院校,成华区,104.095703,30.676074
星海学校(成都总部),edu,科教文化服务;培训机构;培训机构,成华区,104.098623,30.670675
成都卡耐基口才培训学校,edu,科教文化服务;培训机构;培训机构,成华区,104.101901,30.672486
电子科技大学沙河校区图书馆,edu,科教文化服务;图书馆;图书馆,成华区,104.096688,30.676139
电子科技大学网络教育学院,edu,科教文化服务;学校;高等院校,成华区,104.094089,30.67623
成都市蜀兴职业中学,edu,科教文化服务;学校;中学,成华区,104.094358,30.675005
电子科技大学沙河校区出版社,edu,科教文化服务;传媒机构;出版社,成华区,104.095703,30.676074
电子科技大学沙河校区研究生院,edu,科教文化服务;学校;高等院校,成华区,104.099681,30.677998
电子科技大学继续教育学院,edu,科教文化服务;学校;成人教育,成华区,104.093731,30.676823
电子科技大学沙河校区机械电子工程学院,edu,科教文化服务;学校;高等院校,成华区,104.098522,30.678642
电子科技大学沙河校区,edu,科教文化服务;学校;高等院校,成华区,104.098482,30.678931
美美卓越婚礼学院,edu,科教文化服务;学校;高等院校,成华区,104.102087,30.672255
电子科技大学沙河校区阅览室,edu,科教文化服务;图书馆;图书馆,成华区,104.096734,30.67616
电子科技大学沙河校区医学院,edu,科教文化服务;学校;高等院校,成华区,104.097586,30.676236
六九幼儿园,edu,科教文化服务;学校;幼儿园,成华区,104.095087,30.673662
成都广电电视大学,edu,科教文化服务;学校;高等院校,成华区,104.093554,30.674185
电子科技大学学术交流中心,edu,科教文化服务;学校;高等院校,成华区,104.100512,30.676454
电子科技大学沙河校区主楼,edu,科教文化服务;学校;学校,成华区,104.098629,30.676518
电子科技大学沙河校区科园培训机构,edu,科教文化服务;培训机构;培训机构,成华区,104.095477,30.676399
电子科技大学沙河校区学生科,edu,科教文化服务;学校;高等院校,成华区,104.099824,30.679235
电子科技大学沙河校区值班室,edu,科教文化服务;学校;高等院校,成华区,104.096808,30.677765
电子科技大学沙河校区资料室,edu,科教文化服务;档案馆;档案馆,成华区,104.09692,30.677814
电子科技大学沙河校区调度室,edu,科教文化服务;学校;高等院校,成华区,104.096752,30.677746
电子科技大学沙河校区国际教育学院,edu,科教文化服务;学校;高等院校,成华区,104.097979,30.676314
电子科技大学沙河校区微电子与固体电子学院,edu,科教文化服务;学校;高等院校,成华区,104.097444,30.677334
电子科技大学沙河校区MBA教室,edu,科教文化服务;学校;高等院校,成华区,104.099813,30.679225
电子科技大学生命科学与技术学院,edu,科教文化服务;学校;高等院校,成华区,104.097498,30.676503
电子科技大学沙河校区教工之家,edu,科教文化服务;学校;高等院校,成华区,104.097042,30.677413
电子科技大学沙河校区第3教学楼,edu,科教文化服务;学校;学校,成华区,104.100258,30.678162
电子科技大学沙河校区第4教学楼,edu,科教文化服务;学校;学校,成华区,104.096992,30.677791
成都广播电视大学-党政办公室一,edu,科教文化服务;学校;高等院校,成华区,104.096007,30.673443
电子科技大学沙河校区空军选培办,edu,科教文化服务;学校;高等院校,成华区,104.096808,30.677765
电子科技大学沙河校区第4教学楼,edu,科教文化服务;学校;学校,成华区,104.096992,30.677791
成都广播电视大学-党政办公室一,edu,科教文化服务;学校;高等院校,成华区,104.096007,30.673443
电子科技大学沙河校区空军选培办,edu,科教文化服务;学校;高等院校,成华区,104.096808,30.677765
电子科技大学高等职业技术学院蜀兴分部,edu,科教文化服务;学校;高等院校,成华区,104.094169,30.674406
电子科技沙河校区大学研究生院,edu,科教文化服务;学校;高等院校,成华区,104.09958,30.677944
电子科技大学沙河校区信息楼,edu,科教文化服务;学校;学校,成华区,104.099894,30.678873
电子科技大学沙河校区通信楼,edu,科教文化服务;学校;学校,成华区,104.09823,30.678543
电子科技大学沙河校区研究生培养室,edu,科教文化服务;学校;高等院校,成华区,104.099829,30.679244
成都法语联盟多媒体法文图书馆,edu,科教文化服务;图书馆;图书馆,成华区,104.09861,30.67652
电子科技大学沙河校区211大楼,edu,科教文化服务;学校;学校,成华区,104.096828,30.678204
3q宝宝成华亲子中心,edu,科教文化服务;科教文化场所;科教文化场所,成华区,104.100234,30.671484
电子科技大学沙河校区大学英语阅卷室,edu,科教文化服务;学校;高等院校,成华区,104.099829,30.679239
电子科技大学沙河校区大学英语答疑室,edu,科教文化服务;学校;高等院校,成华区,104.099818,30.679221
电子科技大学沙河校区继续教学办公室,edu,科教文化服务;学校;高等院校,成华区,104.099845,30.679237
电子科技大学沙河校区政治公共管理学院,edu,科教文化服务;学校;高等院校,成华区,104.098185,30.67856
成都电广播电视大学-出国留学培训中心,edu,科教文化服务;学校;高等院校,成华区,104.09605,30.673563
电子科技大学沙河校区第1教学楼,edu,科教文化服务;学校;学校,成华区,104.100505,30.676458
成都市公益性幼儿园,edu,科教文化服务;学校;幼儿园,成华区,104.09453,30.672846
成都达内会计学院,edu,科教文化服务;学校;高等院校,成华区,104.101792,30.671849
电子科技大学沙河校区外国语学院语言中心,edu,科教文化服务;学校;高等院校,成华区,104.097283,30.677264
国家信息技术紧缺人才培养工程3G学院成都分院,edu,科教文化服务;学校;高等院校,成华区,104.095703,30.676074
电子科技大学沙河校区企业定向班招手办公室,edu,科教文化服务;学校;高等院校,成华区,104.09703,30.677322
电子科技大学沙河校区院友联谊会及会长办公室,edu,科教文化服务;学校;高等院校,成华区,104.097008,30.677375
电子科技大学沙河校区外国语学院实习实训基地,edu,科教文化服务;学校;高等院校,成华区,104.096997,30.677371
电子科技大学信软学院工程教育实践中心,edu,科教文化服务;学校;高等院校,成华区,104.100711,30.678277
电子科技大学沙河校区政治与公共管理学院,edu,科教文化服务;学校;高等院校,成华区,104.098627,30.67652
电子科技大学职业教育学院,edu,科教文化服务;学校;成人教育,成华区,104.094933,30.676316
电子科技大学沙河校区管理学院MBA教育中心,edu,科教文化服务;学校;学校,成华区,104.095703,30.676074
电子科技大学沙河校区语言实验室,edu,科教文化服务;科研机构;科研机构,成华区,104.099824,30.679248
亭玉舞蹈艺术中心,edu,科教文化服务;美术馆;美术馆,成华区,104.099256,30.671242
成都市蜀兴职业中学-成都社区大学,edu,科教文化服务;学校;成人教育,成华区,104.093924,30.674491
东方舞工作室,edu,科教文化服务;科教文化场所;科教文化场所,成华区,104.103377,30.672431
泛音琴行(培华西路),edu,科教文化服务;培训机构;培训机构,成华区,104.101475,30.669376
成都蜀兴职业中学(30中)招生就业培训中心,edu,科教文化服务;培训机构;培训机构,成华区,104.094116,30.674324
成华区丹艾斯舞蹈工作室,edu,科教文化服务;培训机构;培训机构,成华区,104.103272,30.672871
成都芮孚舞蹈培训中心—成都舞馆,edu,科教文化服务;科教文化场所;科教文化场所,成华区,104.103297,30.672401
成都舞尚舞蹈培训中心,edu,科教文化服务;科教文化场所;科教文化场所,成华区,104.103283,30.672876
孙科舞蹈培训工作室,edu,科教文化服务;科教文化场所;科教文化场所,成华区,104.101792,30.671849
成都创舞爵士舞街舞工作室,edu,科教文化服务;培训机构;培训机构,成华区,104.103347,30.672388
Elsa国际机构,edu,科教文化服务;培训机构;培训机构|生活服务;生活服务场所;生活服务场所,成华区,104.095441,30.676134
成都电广播电视大学-成都电大影视艺术培训中心川视成广实训基地,edu,科教文化服务;科教文化场所;科教文化场所,成华区,104.096012,30.673604
电子科技大学沙河校区马克思主义教育学院,edu,科教文化服务;学校;高等院校,成华区,104.098205,30.678553
电子科技大学沙河校区通信与信息工程学院,edu,科教文化服务;学校;高等院校,成华区,104.098316,30.678574
镜尚传媒,edu,科教文化服务;传媒机构;传媒机构,成华区,104.103287,30.673064
LNM音乐工作室(高地店),edu,科教文化服务;培训机构;培训机构,成华区,104.101385,30.67026
子弟校,edu,科教文化服务;科教文化场所;科教文化场所,成华区,104.095405,30.673612
新思维学校(建设路校区),edu,科教文化服务;培训机构;培训机构,成华区,104.097894,30.669954
戴氏教育建设路总校,edu,科教文化服务;科教文化场所;科教文化场所,成华区,104.098096,30.670873
成功多媒体,edu,科教文化服务;科教文化场所;科教文化场所,成华区,104.095289,30.674418
D舞季舞蹈工作室,edu,科教文化服务;培训机构;培训机构,成华区,104.10299,30.672937
电子科技大学基建处,edu,科教文化服务;学校;学校内部设施,成华区,104.095993,30.673371
DJ培训,edu,科教文化服务;培训机构;培训机构,成华区,104.101637,30.671274
中国建筑设计研究院四川分院,edu,科教文化服务;科研机构;科研机构,成华区,104.101457,30.670992
电子科技大学计算机培训中心,edu,科教文化服务;培训机构;培训机构,成华区,104.095703,30.676074
婷萱舞蹈工作室,edu,科教文化服务;培训机构;培训机构,成华区,104.103354,30.672399
太赫兹科学协同创新中心,edu,科教文化服务;科研机构;科研机构,成华区,104.100596,30.677632
成都爱双月肚皮舞培训中心,edu,科教文化服务;培训机构;培训机构,成华区,104.102706,30.672519
四川职业技术学院培训点,edu,科教文化服务;科教文化场所;科教文化场所,成华区,104.103347,30.672392
金世纪东区幼儿园,edu,科教文化服务;学校;幼儿园,成华区,104.101189,30.674554
中国建筑研究院尚四川分院,edu,科教文化服务;科教文化场所;科教文化场所,成华区,104.101521,30.671313
成都达内会计培训,edu,科教文化服务;培训机构;培训机构,成华区,104.103347,30.672396
电子科技大学沙河校区基础与前沿研究院,edu,科教文化服务;科研机构;科研机构,成华区,104.098171,30.678819
柏尔乐器(钻石广场店),edu,科教文化服务;培训机构;培训机构,成华区,104.102811,30.672399
海德教育,edu,科教文化服务;培训机构;培训机构,成华区,104.0971,30.670698
起成教育,edu,科教文化服务;培训机构;培训机构,成华区,104.09676,30.671343
成都美桥英语,edu,科教文化服务;培训机构;培训机构,成华区,104.102112,30.672276
中环西澳教育研究院西南分院,edu,科教文化服务;科教文化场所;科教文化场所,成华区,104.101521,30.671313
青羊区爱双月技能培训工作室,edu,科教文化服务;科教文化场所;科教文化场所,成华区,104.102116,30.672253
中华网四川频道,edu,科教文化服务;传媒机构;传媒机构,成华区,104.103337,30.672909
郭老师舞蹈工作室(建设路),edu,科教文化服务;培训机构;培训机构,成华区,104.09933,30.67127
成都仁和会计(建设路校区),edu,科教文化服务;培训机构;培训机构,成华区,104.096849,30.669818
雅思电子科技大学沙河校区考点,edu,科教文化服务;科教文化场所;科教文化场所,成华区,104.100158,30.676833
拉维妮舞校,edu,科教文化服务;培训机构;培训机构,成华区,104.100321,30.672008
卡耐基成功素质培训学校,edu,科教文化服务;培训机构;培训机构,成华区,104.102107,30.672259
蓝胖子办公助手培训基地,edu,科教文化服务;培训机构;培训机构,成华区,104.095712,30.676072
电子科技大学沙河校区光电探测集成器件及应用技术实验室,edu,科教文化服务;科研机构;科研机构,成华区,104.098574,30.677585
振华石油控股公司研究中心,edu,科教文化服务;科教文化场所;科教文化场所,成华区,104.101507,30.671303
电子科技大学沙河校区国家电磁辐射控制材料工程技术研究中心,edu,科教文化服务;科研机构;科研机构,成华区,104.097894,30.677404
成都广播电视大学启智教育,edu,科教文化服务;培训机构;培训机构,成华区,104.093598,30.674242
电子科技大学沙河校区科技实验大楼,edu,科教文化服务;学校;学校,成华区,104.096978,30.678195
电子科技大学沙河校区教务处,edu,科教文化服务;学校;高等院校,成华区,104.097208,30.677251
中新力合拓展培训(管理咨询),edu,科教文化服务;培训机构;培训机构,成华区,104.101558,30.671119
成都乐博乐博机器人(建设路校区),edu,科教文化服务;培训机构;培训机构,成华区,104.097213,30.669929
戴氏精品住读中心(建设路总校),edu,科教文化服务;培训机构;培训机构,成华区,104.098294,30.670844
成都知知教育咨询有限公司,edu,科教文化服务;培训机构;培训机构,成华区,104.101457,30.670992
电子科技大学沙河校区-成都法语联盟,edu,科教文化服务;培训机构;培训机构,成华区,104.095698,30.675989
电子科大国家大学科技园成电教育培训中心,edu,科教文化服务;培训机构;培训机构,成华区,104.095721,30.676148
电子科技大学沙河校区机电一体化工程应用研究所,edu,科教文化服务;科研机构;科研机构,成华区,104.095703,30.676074
电子科技大学沙河校区大学科技园成电教育培训中心,edu,科教文化服务;培训机构;培训机构,成华区,104.095703,30.676074
电子科技大学沙河校区逸夫楼,edu,科教文化服务;学校;学校,成华区,104.100596,30.677636
电子科技大学沙河校区计划财务处,edu,科教文化服务;学校;高等院校,成华区,104.096886,30.67776
电子科技大学沙河校区会议室,edu,科教文化服务;会展中心;会展中心,成华区,104.097135,30.677225
电子科技大学沙河校区科园教育中心,edu,科教文化服务;培训机构;培训机构,成华区,104.095477,30.676399
电子科技大学沙河校区外国语学院,edu,科教文化服务;学校;高等院校,成华区,104.099598,30.676702
电子科技大学沙河校区光电信息学院,edu,科教文化服务;学校;高等院校,成华区,104.098681,30.6777
电子科技大学沙河校区继续教育学院手机维修培训中心,edu,科教文化服务;培训机构;培训机构,成华区,104.100146,30.678911
电子科技大学沙河校区后勤管理处综合办公室,edu,科教文化服务;学校;高等院校,成华区,104.097036,30.677256
电子科技大学沙河校区后勤管理处处长办公室,edu,科教文化服务;学校;高等院校,成华区,104.097034,30.677197
电子科技大学沙河校区第2教学楼,edu,科教文化服务;学校;学校,成华区,104.100256,30.677221
电子科技大学沙河校区物理电子学院,edu,科教文化服务;学校;高等院校,成华区,104.099642,30.678123
电子科技大学沙河校区副主任办公室,edu,科教文化服务;学校;高等院校,成华区,104.099721,30.676812
电子科技大学信息与软件工程学院,edu,科教文化服务;学校;高等院校,成华区,104.099635,30.678764
电子科技大学沙河校区管理委员会办公室,edu,科教文化服务;学校;高等院校,成华区,104.096973,30.677317
电子科技大学沙河校区学校办公室综合科,edu,科教文化服务;学校;高等院校,成华区,104.097082,30.677265
电子科技大学沙河校区主楼东,edu,科教文化服务;学校;学校,成华区,104.099594,30.676847
电子科技大学沙河校区学报编辑部主任办公室,edu,科教文化服务;学校;高等院校,成华区,104.097082,30.677265
电子科技大学沙河校区学生处,edu,科教文化服务;学校;学校内部设施,成华区,104.100212,30.671807
电子科技大学沙河校区2+2国际双文凭项目招生办公室,edu,科教文化服务;学校;高等院校,成华区,104.097009,30.677274
电子科技大学沙河校区应用数学学院,edu,科教文化服务;学校;高等院校,成华区,104.099464,30.676993
电子科技大学沙河校区团队辅导室,edu,科教文化服务;科教文化场所;科教文化场所,成华区,104.096766,30.677714
与三人文化传播有限公司,edu,科教文化服务;科教文化场所;科教文化场所,成华区,104.110429,30.669711
虹动文化传播有限公司,edu,科教文化服务;科教文化场所;科教文化场所,成华区,104.108229,30.673405
天天文化艺术教育培训中心,edu,科教文化服务;培训机构;培训机构,成华区,104.107148,30.678342
成都非米文化传播有限公司,edu,科教文化服务;科教文化场所;科教文化场所,成华区,104.108351,30.674075
四川华藏天下文化传播有限公司,edu,科教文化服务;科教文化场所;科教文化场所,成华区,104.106498,30.678112
成都研博文化传播有限责任公司,edu,科教文化服务;科教文化场所;科教文化场所,成华区,104.106687,30.674738
成都市总工会东郊职工群众惠民服务中心,edu,科教文化服务;博物馆;博物馆|生活服务;生活服务场所;生活服务场所,成华区,104.111302,30.66944
成焊幼儿园,edu,科教文化服务;学校;幼儿园,成华区,104.10423,30.67924
建设路小学,edu,科教文化服务;学校;小学,成华区,104.109138,30.673394
龙文教育(二环路东二段),edu,科教文化服务;培训机构;培训机构,成华区,104.107984,30.671776
成都电焊机研究所(二环路东一段),edu,科教文化服务;科研机构;科研机构,成华区,104.104714,30.679017
成都五月花计算机专业学校,edu,科教文化服务;学校;学校,成华区,104.106937,30.678353
成都六八幼儿园,edu,科教文化服务;学校;幼儿园,成华区,104.104068,30.678833
悠游堂(建设路店),edu,科教文化服务;科教文化场所;科教文化场所,成华区,104.109124,30.67072
东方爱婴龙湖三千城中心,edu,科教文化服务;科教文化场所;科教文化场所,成华区,104.107155,30.675697
斯玛特儿童美术中心,edu,科教文化服务;美术馆;美术馆,成华区,104.110908,30.67348
英孚教育(SM购物广场),edu,科教文化服务;培训机构;培训机构,成华区,104.110029,30.67117
贝尔机器人,edu,购物服务;专卖店;儿童用品店|科教文化服务;培训机构;培训机构,成华区,104.106663,30.676765
沐影国际时尚舞蹈俱乐部,edu,科教文化服务;培训机构;培训机构,成华区,104.110866,30.67645
成都南山学校办公室,edu,科教文化服务;科教文化场所;科教文化场所,成华区,104.10894,30.679196
东方爱婴(龙湖店),edu,科教文化服务;培训机构;培训机构,成华区,104.106885,30.676259
华盟传媒,edu,科教文化服务;科教文化场所;科教文化场所,成华区,104.107959,30.673515
云门艺术学校,edu,科教文化服务;学校;职业技术学校,成华区,104.110747,30.673525
美社技能培训学校,edu,科教文化服务;培训机构;培训机构,成华区,104.104323,30.673919
美联英语,edu,科教文化服务;培训机构;培训机构,成华区,104.107048,30.67374
艺非舞蹈,edu,科教文化服务;培训机构;培训机构,成华区,104.104683,30.679362
心田花开学校建设路校区,edu,科教文化服务;科教文化场所;科教文化场所,成华区,104.105541,30.676699
成都南山学校(建设路校区),edu,科教文化服务;科教文化场所;科教文化场所,成华区,104.108969,30.679012
艾毅多元智能幼儿园(建祥路),edu,科教文化服务;学校;幼儿园,成华区,104.1074,30.675836
学大教育(成都科大校区),edu,科教文化服务;培训机构;培训机构,成华区,104.110501,30.674043
以·斯玛特英语,edu,科教文化服务;培训机构;培训机构,成华区,104.111864,30.670805
积木宝贝国际早教(建设南路),edu,科教文化服务;学校;幼儿园|科教文化服务;培训机构;培训机构,成华区,104.110412,30.669715
菁菡舞蹈,edu,科教文化服务;培训机构;培训机构,成华区,104.11195,30.670555
东方爱婴早期教育机构,edu,科教文化服务;培训机构;培训机构,成华区,104.106973,30.676025
米可少儿艺术教育,edu,科教文化服务;培训机构;培训机构,成华区,104.104715,30.679197
夏恩英语,edu,科教文化服务;培训机构;培训机构,成华区,104.107959,30.673515
易森少儿美术培训,edu,科教文化服务;培训机构;培训机构,成华区,104.104715,30.679197
毕升教育,edu,科教文化服务;培训机构;培训机构,成华区,104.112787,30.670714
慧读慧写作文培训,edu,科教文化服务;培训机构;培训机构,成华区,104.107959,30.673515
小米舞蹈工作室,edu,科教文化服务;培训机构;培训机构,成华区,104.105929,30.676793
立文教育,edu,科教文化服务;培训机构;培训机构,成华区,104.108552,30.672946
云界教育,edu,科教文化服务;培训机构;培训机构,成华区,104.105929,30.676793
开心乐学教育,edu,科教文化服务;培训机构;培训机构,成华区,104.107959,30.673514
希望美术教育,edu,科教文化服务;培训机构;培训机构,成华区,104.106937,30.67625
麦麦教育,edu,科教文化服务;培训机构;培训机构,成华区,104.107959,30.673515
星海学校(二环路东二段),edu,科教文化服务;培训机构;培训机构,成华区,104.106713,30.676636
星苗艺术教育(龙湖校点),edu,科教文化服务;培训机构;培训机构,成华区,104.107033,30.675818
状元廊学校(建设路校区),edu,科教文化服务;培训机构;培训机构,成华区,104.108227,30.673636
武侯区爱乐吉他培训中心(东门店),edu,科教文化服务;培训机构;培训机构,成华区,104.103865,30.672845
宝宝贝贝儿童教育,edu,科教文化服务;培训机构;培训机构,成华区,104.107879,30.672036
阳光乐逗婴幼儿早期教育,edu,科教文化服务;培训机构;培训机构,成华区,104.110697,30.673796
童·育·汇(SM购物广场),edu,科教文化服务;培训机构;培训机构,成华区,104.109881,30.670432
胡杨会计教育(成华分校),edu,科教文化服务;培训机构;培训机构,成华区,104.107148,30.678342
京翰教育(东门龙湖校区),edu,科教文化服务;培训机构;培训机构,成华区,104.107314,30.677334
徐宝吉他艺术中心(建设南街),edu,科教文化服务;培训机构;培训机构,成华区,104.103868,30.671329
IYB(伊藤洋华堂建设路店),edu,科教文化服务;培训机构;培训机构,成华区,104.10631,30.67431
斯玛特儿童美术中心成华中心,edu,科教文化服务;培训机构;培训机构,成华区,104.110902,30.673481
成都笃学馆日语韩语培训(建设路校区),edu,科教文化服务;培训机构;培训机构,成华区,104.107036,30.674073
丹秋·名师堂学校(二环路东二段),edu,科教文化服务;培训机构;培训机构,成华区,104.106722,30.676723
智多星儿童教育中心(东门校区),edu,科教文化服务;培训机构;培训机构,成华区,104.11058,30.673748
蜀蓉棋艺吴战影围棋培训中心,edu,科教文化服务;培训机构;培训机构,成华区,104.107915,30.671946
成都星光艺术团(SM广场缤纷鸟合作教学点),edu,科教文化服务;培训机构;培训机构,成华区,104.108998,30.671871
优优数学(龙湖校区),edu,科教文化服务;培训机构;培训机构,成华区,104.108018,30.676027
成都韦沃英语培训学校(建设路校区),edu,科教文化服务;培训机构;培训机构,成华区,104.108126,30.673418
龙湖三千集学大教育,edu,科教文化服务;培训机构;培训机构,成华区,104.11068,30.674456
缤纷鸟少儿美术基地,edu,科教文化服务;科教文化场所;科教文化场所,成华区,104.109875,30.670699
同庆考场,edu,科教文化服务;科教文化场所;科教文化场所,成华区,104.107067,30.67772
少儿艺术中心,edu,科教文化服务;美术馆;美术馆,成华区,104.104715,30.679197
艾毅多元智能三千城幼儿园,edu,科教文化服务;学校;幼儿园,成华区,104.107477,30.67589
赤水八中,edu,科教文化服务;学校;中学,成华区,104.104814,30.67924
成都先锋文化传媒有限公司,edu,科教文化服务;科教文化场所;科教文化场所,成华区,104.11645,30.670558
成都市众彩星驰文化传播有限公司,edu,科教文化服务;科教文化场所;科教文化场所,成华区,104.123412,30.673704
金起点东篱幼儿园,edu,科教文化服务;学校;幼儿园,成华区,104.113502,30.673925
成都艺术超市,edu,科教文化服务;美术馆;美术馆,成华区,104.119087,30.670545
成都影像艺术中心,edu,科教文化服务;美术馆;美术馆,成华区,104.121795,30.672272
东郊成华小礼堂,edu,科教文化服务;会展中心;会展中心,成华区,104.119865,30.670819
成都宜霖舞蹈培训学校,edu,科教文化服务;学校;学校,成华区,104.114623,30.674099
1899个人电影厂,edu,科教文化服务;传媒机构;传媒机构,成华区,104.121534,30.670375
云艺术,edu,科教文化服务;科教文化场所;科教文化场所,成华区,104.11688,30.670344
东郊记忆演艺中心,edu,科教文化服务;文艺团体;文艺团体,成华区,104.120165,30.671301
青少年素质教育中心,edu,科教文化服务;科教文化场所;科教文化场所,成华区,104.122028,30.674866
艺莲艺术中心,edu,科教文化服务;培训机构;培训机构,成华区,104.114316,30.673991
领先教育(舞台东街),edu,科教文化服务;培训机构;培训机构,成华区,104.121854,30.672041
锦颂东方艺术展览中心,edu,科教文化服务;展览馆;展览馆,成华区,104.118717,30.671494
三心学堂,edu,科教文化服务;培训机构;培训机构,成华区,104.114623,30.674099
腾讯韵新媒体创新中心,edu,科教文化服务;传媒机构;传媒机构,成华区,104.116213,30.669778
中强·熊猫培训基地,edu,科教文化服务;培训机构;培训机构,成华区,104.121236,30.670617
东郊记忆记忆长廊,edu,科教文化服务;展览馆;展览馆,成华区,104.119727,30.669749
音乐场,edu,科教文化服务;传媒机构;传媒机构,成华区,104.11868,30.67177
北京电影学院(四川)培训中心,edu,科教文化服务;培训机构;培训机构,成华区,104.122463,30.670707
成都妈妈爱双语艺术幼稚园,edu,科教文化服务;学校;幼儿园,成华区,104.120197,30.674415
成都市成华区耘蕾幼儿园,edu,科教文化服务;学校;幼儿园,成华区,104.132947,30.676711
大象画室(建设南路),edu,科教文化服务;培训机构;培训机构,成华区,104.124285,30.673901
音越琴行,edu,科教文化服务;培训机构;培训机构,成华区,104.132692,30.677225
清大学习吧,edu,科教文化服务;培训机构;培训机构,成华区,104.124285,30.673901
小拇指艺术,edu,科教文化服务;培训机构;培训机构,成华区,104.124781,30.674012
博文第一教育,edu,科教文化服务;培训机构;培训机构,成华区,104.132431,30.677558
成都经伦文化传播有限公司,edu,科教文化服务;科教文化场所;科教文化场所,成华区,104.136688,30.670982
成都君帝文化传播有限公司,edu,科教文化服务;科教文化场所;科教文化场所,成华区,104.135486,30.671396
成都胜影文化传播有限公司,edu,科教文化服务;传媒机构;传媒机构,成华区,104.136575,30.672242
成都理工大学学生科技创新服务中心,edu,科教文化服务;科教文化场所;科教文化场所,成华区,104.140387,30.678778
成都理工大学博物馆,edu,科教文化服务;博物馆;博物馆,成华区,104.142189,30.676139
成都理工大学北校区,edu,科教文化服务;学校;高等院校,成华区,104.140311,30.675534
成都理工大学监察处,edu,科教文化服务;科教文化场所;科教文化场所,成华区,104.139403,30.67735
成都理工大学环境与土木工程学院,edu,科教文化服务;学校;高等院校,成华区,104.140132,30.678452
成都理工大学图书馆,edu,科教文化服务;图书馆;图书馆,成华区,104.139194,30.676226
成都理工大学体育学院,edu,科教文化服务;学校;高等院校,成华区,104.13763,30.675229
成都理工大学办公楼,edu,科教文化服务;学校;高等院校,成华区,104.139641,30.6771
成都理工大学时尚短租,edu,科教文化服务;科教文化场所;科教文化场所,成华区,104.136244,30.673398
成都理工大学信息科学与技术学院,edu,科教文化服务;学校;高等院校,成华区,104.138433,30.676313
成都理工大学招生就业处,edu,科教文化服务;学校;高等院校,成华区,104.137854,30.67331
成都理工大学教学4楼,edu,科教文化服务;学校;高等院校,成华区,104.140586,30.678514
成都理工大学能源学院,edu,科教文化服务;学校;高等院校,成华区,104.141775,30.676363
成都理工大学文法学院,edu,科教文化服务;学校;高等院校,成华区,104.140952,30.678144
成都理工大学-教学3楼,edu,科教文化服务;学校;高等院校,成华区,104.140952,30.678144
成都理工大学核工楼,edu,科教文化服务;学校;高等院校,成华区,104.136879,30.674954
成都理工大学-政治学院,edu,科教文化服务;学校;高等院校,成华区,104.138063,30.676824
成都理工大学教学督导组,edu,科教文化服务;学校;高等院校,成华区,104.143136,30.677682
成都理工大学外国语学院,edu,科教文化服务;学校;高等院校,成华区,104.140952,30.678144
成都理工大学第二办公楼,edu,科教文化服务;学校;高等院校,成华区,104.139718,30.679363
成都理工大学-教学7楼,edu,科教文化服务;学校;学校,成华区,104.140653,30.679026
成都理工大学-构造地质学,edu,科教文化服务;学校;高等院校,成华区,104.13874,30.675735
成都理工大学研究生院,edu,科教文化服务;学校;高等院校,成华区,104.138862,30.674833
成都理工大学现代教学大楼,edu,科教文化服务;学校;高等院校,成华区,104.140918,30.678899
成都理工大学南翼楼,edu,科教文化服务;学校;高等院校,成华区,104.138739,30.675735
成都理工大学地球科学学院,edu,科教文化服务;学校;高等院校,成华区,104.138739,30.675735
成都理工大学-管理科学学院,edu,科教文化服务;学校;高等院校,成华区,104.138862,30.674833
成都理工大学-能源学院分团委,edu,科教文化服务;学校;高等院校,成华区,104.143409,30.672941
成都理工大学地球物理学院,edu,科教文化服务;学校;高等院校,成华区,104.138433,30.676313
成都理工大学-教学8楼,edu,科教文化服务;学校;学校,成华区,104.143465,30.676292
成都理工大学教学9楼A楼,edu,科教文化服务;学校;高等院校,成华区,104.138818,30.674588
成都理工大学第二教学楼(西区),edu,科教文化服务;学校;高等院校,成华区,104.141777,30.678379
成都理工大学外国语学院分团委,edu,科教文化服务;学校;高等院校,成华区,104.143409,30.672941
成都理工大学第一教学楼(西区),edu,科教文化服务;学校;高等院校,成华区,104.13996,30.67779
成都理工大学北翼楼,edu,科教文化服务;学校;高等院校,成华区,104.138433,30.676313
成都理工大学网络与教育技术中心,edu,科教文化服务;学校;高等院校,成华区,104.140918,30.6789
成都理工大学探工楼,edu,科教文化服务;学校;高等院校,成华区,104.14078,30.675754
成都理工大学地质工程实验教学中心,edu,科教文化服务;学校;高等院校,成华区,104.141203,30.677787
成都理工大学大学生就业创业导航站,edu,科教文化服务;学校;高等院校,成华区,104.143096,30.677738
成都理工大学机械工程中心计算机房,edu,科教文化服务;学校;高等院校,成华区,104.139904,30.675383
成都理工大学教学9楼B楼,edu,科教文化服务;学校;高等院校,成华区,104.139187,30.674351
成都理工大学-信息工程学院,edu,科教文化服务;学校;高等院校,成华区,104.138318,30.676227
成都理工大学机械工程中心机加工车间,edu,科教文化服务;学校;高等院校,成华区,104.139904,30.675383
成都理工大学-机关党委,edu,科教文化服务;科教文化场所;科教文化场所,成华区,104.140387,30.678778
成都理工大学-计划财务处,edu,科教文化服务;学校;高等院校,成华区,104.140998,30.679083
成都理工大学矿物学、岩石学、矿床学,edu,科教文化服务;学校;高等院校,成华区,104.13874,30.675735
成都理工大学-老设备楼,edu,科教文化服务;学校;学校,成华区,104.140387,30.678778
成都理工大学学生生活B区综合楼,edu,科教文化服务;学校;高等院校,成华区,104.139718,30.679364
成都理工大学应用核技术与自动化工程学院,edu,科教文化服务;学校;高等院校,成华区,104.136879,30.674954
成都理工大学地球科学学院园林系教学实习基地,edu,科教文化服务;学校;高等院校,成华区,104.139899,30.678158
成都理工大学旅游与城乡规划学院,edu,科教文化服务;学校;高等院校,成华区,104.138937,30.674794
成都理工大学第八教学楼(西区),edu,科教文化服务;学校;高等院校,成华区,104.143485,30.676232
成都理工大学商学院学生工作办公室,edu,科教文化服务;学校;高等院校,成华区,104.14339,30.672937
成都理工大学第四教学楼(西区),edu,科教文化服务;学校;高等院校,成华区,104.140502,30.67854
成都理工大学教学9楼C楼(西区),edu,科教文化服务;学校;高等院校,成华区,104.139361,30.674056
成都理工大学工作领导小组办公室,edu,科教文化服务;学校;高等院校,成华区,104.143136,30.677682
成都理工大学旅游与城乡规划学院,edu,科教文化服务;学校;高等院校,成华区,104.142641,30.679128
成都理工大学-教学1楼,edu,科教文化服务;学校;学校,成华区,104.1402,30.677839
成都理工大学材料与化学化工学院,edu,科教文化服务;学校;高等院校,成华区,104.140786,30.676138
成都理工大学-教学2楼,edu,科教文化服务;学校;学校,成华区,104.141734,30.678378
成都理工大学沉积地质研究院,edu,科教文化服务;科研机构;科研机构,成华区,104.141775,30.676363
成都理工大学能源学院学生会,edu,科教文化服务;学校;高等院校,成华区,104.143409,30.672941
地质灾害防治与地质环境保护四川省重点实验室,edu,科教文化服务;科研机构;科研机构,成华区,104.141203,30.677787
成都理工大学逸夫楼,edu,科教文化服务;学校;高等院校,成华区,104.142289,30.677397
成都理工大学3号教学楼,edu,科教文化服务;学校;学校,成华区,104.1413,30.678204
成都理工大学档案馆,edu,科教文化服务;档案馆;档案馆,成华区,104.13964,30.677435
成都理工大学教学9楼C楼,edu,科教文化服务;学校;学校,成华区,104.13928,30.674078
成都理工大学信息管理学院,edu,科教文化服务;学校;高等院校,成华区,104.139012,30.673946
成都理工大学第九教学楼(西区),edu,科教文化服务;学校;高等院校,成华区,104.138862,30.674833
建材成都地质工程勘察院,edu,科教文化服务;科研机构;科研机构,成华区,104.135962,30.677558
成都理工大学综合楼,edu,科教文化服务;学校;高等院校,成华区,104.141775,30.676363
成都理工大学学术期刊编辑中心,edu,科教文化服务;传媒机构;报社,成华区,104.139402,30.677351
成都理工大学机械工程中心钳工实习车间,edu,科教文化服务;培训机构;培训机构,成华区,104.139904,30.675383
成都理工大学党委宣传部校报编辑部,edu,科教文化服务;传媒机构;报社,成华区,104.139273,30.677156
成都理工大学招生就业处会议室,edu,科教文化服务;会展中心;会展中心,成华区,104.138,30.673316
爱倍儿智能幼儿园,edu,科教文化服务;学校;幼儿园,成华区,104.135779,30.671078
成都理工大学理化楼,edu,科教文化服务;学校;高等院校,成华区,104.141203,30.677787
成都理工大学学报社会科学版编辑部,edu,科教文化服务;传媒机构;报社,成华区,104.139402,30.677351
成都理工大学3g体验馆,edu,科教文化服务;科教文化场所;科教文化场所,成华区,104.136726,30.676185
成都理工大学-逸夫馆,edu,科教文化服务;科教文化场所;科教文化场所,成华区,104.140932,30.678967
成都理工大学地质调查研究院,edu,科教文化服务;科研机构;科研机构,成华区,104.138862,30.674833
成都理工大学基础力学实验室,edu,科教文化服务;科研机构;科研机构,成华区,104.14245,30.679406
成都理工大学地球化学实验室,edu,科教文化服务;科研机构;科研机构,成华区,104.139815,30.675614
成都理工大学-银杏园,edu,科教文化服务;科教文化场所;科教文化场所,成华区,104.142058,30.672854
成都理工大学(中门),edu,科教文化服务;科教文化场所;科教文化场所,成华区,104.138221,30.677911
戴民精品堂学校,edu,科教文化服务;科教文化场所;科教文化场所,成华区,104.135374,30.673893
成都理工大学钻掘工程试验室,edu,科教文化服务;科研机构;科研机构,成华区,104.140848,30.675657
成都理工大学-职业经理研究所,edu,科教文化服务;科研机构;科研机构,成华区,104.13928,30.674075
成都理工大学金刚石薄膜实验室,edu,科教文化服务;科研机构;科研机构,成华区,104.140225,30.67588
成都理工大学恐龙研究开发中心,edu,科教文化服务;科研机构;科研机构,成华区,104.142439,30.676118
成都理工大学团青发展研究中心,edu,科教文化服务;科研机构;科研机构,成华区,104.143136,30.677682
成都理工大学材料科学技术研究所,edu,科教文化服务;科研机构;科研机构,成华区,104.140225,30.67588
成都理工大学-行政督导组,edu,科教文化服务;科教文化场所;科教文化场所,成华区,104.140463,30.678864
成都理工大学核测控技术开发分中心,edu,科教文化服务;科研机构;科研机构,成华区,104.138433,30.676313
成都理工大学核工程与核技术实验室,edu,科教文化服务;科研机构;科研机构,成华区,104.136879,30.674954
成都理工大学国土资源新技术研究所,edu,科教文化服务;科研机构;科研机构,成华区,104.13874,30.675735
成都理工大学旅游与城镇规划研究所,edu,科教文化服务;科研机构;科研机构,成华区,104.138739,30.675735
成都理工大学非常规油气资源研究所,edu,科教文化服务;科研机构;科研机构,成华区,104.141775,30.676363
成都理工大学外国语学院学生会,edu,科教文化服务;学校;高等院校,成华区,104.143409,30.672941
成都理工大学遥感与地理信息系统研究所,edu,科教文化服务;科研机构;科研机构,成华区,104.138739,30.675735
四川省建筑机械化工程公司技术研发中心,edu,科教文化服务;科研机构;科研机构,成华区,104.137733,30.67184
成都理工大学工程地质勘测和监测试验室,edu,科教文化服务;科研机构;科研机构,成华区,104.14245,30.679406
成都理工大学数学地质四川省重点实验室,edu,科教文化服务;科研机构;科研机构,成华区,104.138939,30.674767
成都理工大学地学核技术四川省重点实验室,edu,科教文化服务;科研机构;科研机构,成华区,104.136879,30.674954
精微至善社区教育中心,edu,科教文化服务;培训机构;培训机构,成华区,104.137465,30.67939
成都理工大学青藏高原大陆动力学试验室,edu,科教文化服务;科研机构;科研机构,成华区,104.140387,30.678778
成都理工大学现代工程测量技术及应用研究所,edu,科教文化服务;科研机构;科研机构,成华区,104.13874,30.675735
成都理工大学测试楼,edu,科教文化服务;学校;高等院校,成华区,104.140225,30.67588
成都理工大学泥石流及地下水环境模拟试验室,edu,科教文化服务;科研机构;科研机构,成华区,104.140595,30.677422
成都理工大学盐湖综合利用工程技术研究中心,edu,科教文化服务;科研机构;科研机构,成华区,104.140204,30.675851
成都理工大学网络与教育技术中心技术研发部,edu,科教文化服务;科研机构;科研机构,成华区,104.140387,30.678778
成都理工大学生态资源与景观研究所(成功大道),edu,科教文化服务;科研机构;科研机构,成华区,104.13874,30.675735
六要素会计培训成都理工大学店,edu,科教文化服务;科教文化场所;科教文化场所,成华区,104.136541,30.674838
成都理工大学全媒体中心,edu,科教文化服务;传媒机构;传媒机构,成华区,104.143136,30.677682
国土资源部国土资源信息技术与应用重点实验室,edu,科教文化服务;科研机构;科研机构,成华区,104.13874,30.675735
开心哈乐室内儿童主题亲子乐园,edu,科教文化服务;科教文化场所;科教文化场所,成华区,104.136362,30.670061
成都理工大学油气增产及提高采收率资源研究所,edu,科教文化服务;科研机构;科研机构,成华区,104.141775,30.676363
怡东国际酒店-会议厅,edu,科教文化服务;会展中心;会展中心,成华区,104.136876,30.676375
魔方琴行(十里彩云间西),edu,科教文化服务;培训机构;培训机构,成华区,104.136027,30.673604
成都理工大学矿产资源化学四川省高校重点实验室,edu,科教文化服务;科研机构;科研机构,成华区,104.140225,30.67588
成都理工大学海相沉积及储层研究实验室,edu,科教文化服务;科研机构;科研机构,成华区,104.141775,30.676363
地质灾害防治与地质环境保护国土资源部重点实验室,edu,科教文化服务;科研机构;科研机构,成华区,104.141203,30.677787
成都理工大学地球探测与信息技术教育部重点实验室,edu,科教文化服务;科研机构;科研机构,成华区,104.138433,30.676313
成都理工大学四川省地学核技术重点实验室同位素室,edu,科教文化服务;科研机构;科研机构,成华区,104.139815,30.675615
成都理工大学国土资源信息技术与应用重点实验室,edu,科教文化服务;科研机构;科研机构,成华区,104.138629,30.675843
成都理工大学-行风督导组,edu,科教文化服务;学校;高等院校,成华区,104.140387,30.678778
教育部城市环境与可持续发展联合研究中心西南分中心,edu,科教文化服务;科研机构;科研机构,成华区,104.141203,30.677787
四川省哲学社会科学重点研究基地四川矿产资源研究中心,edu,科教文化服务;科研机构;科研机构,成华区,104.138939,30.674767
二仙桥街道社会组织培育中心,edu,科教文化服务;培训机构;培训机构,成华区,104.137977,30.672264
中国建筑材料工业地质勘查中心四川总队物探队,edu,科教文化服务;科研机构;科研机构,成华区,104.136075,30.677421
成都理工大学第六教学楼(西区),edu,科教文化服务;学校;高等院校,成华区,104.142289,30.677397
戴氏精品堂学校(中环路崔家店路段),edu,科教文化服务;培训机构;培训机构,成华区,104.1353,30.673567
环球美容美发化妆学校(中环路崔家店路段),edu,科教文化服务;培训机构;培训机构,成华区,104.135299,30.673569
成都理工大学新媒体工作室,edu,科教文化服务;传媒机构;传媒机构,成华区,104.139295,30.677111
中国建筑材料工业地质勘查中心四川总队第二队,edu,科教文化服务;科研机构;科研机构,成华区,104.135957,30.677557
中国建材工业地质勘查中心四川测试研究所,edu,科教文化服务;科研机构;科研机构,成华区,104.136061,30.67747
成都理工大学大学生艺术团,edu,科教文化服务;文艺团体;文艺团体,成华区,104.143136,30.677682
成都市天府新区情缘天府文化传播有限公司,edu,科教文化服务;科教文化场所;科教文化场所,成华区,104.143637,30.678601
成都理工大学后勤服务集团幼儿园,edu,科教文化服务;学校;幼儿园,成华区,104.143934,30.67902
成都理工大学,edu,科教文化服务;学校;高等院校,成华区,104.144755,30.677348
成都市理工大学附属中学,edu,科教文化服务;学校;中学,成华区,104.145451,30.678802
成都理工大学图书馆,edu,科教文化服务;图书馆;图书馆,成华区,104.148964,30.678726
新图书馆,edu,科教文化服务;图书馆;图书馆,成华区,104.148921,30.678633
成都市二仙桥学校(理工校区),edu,科教文化服务;学校;中学,成华区,104.145446,30.678841
成都理工大学-成都市华林小学,edu,科教文化服务;学校;小学,成华区,104.146903,30.678674
成都理工大学附属小学,edu,科教文化服务;学校;小学,成华区,104.14545,30.678793
成都理工大学珙桐园GB01-GB05教室,edu,科教文化服务;学校;高等院校,成华区,104.146016,30.673554
蓓蕾幼儿园,edu,科教文化服务;学校;幼儿园,成华区,104.152181,30.673696
成都理工大学-珙桐园GA01-GA05教室,edu,科教文化服务;学校;高等院校,成华区,104.146799,30.674215
成都理工大学离退休工作办公室,edu,科教文化服务;科教文化场所;科教文化场所,成华区,104.144456,30.678161
成都理工大学-珙桐园GA06-GA09教室,edu,科教文化服务;学校;高等院校,成华区,104.147046,30.673933
成都理工大学大型泥石流试验室,edu,科教文化服务;科研机构;科研机构,成华区,104.145293,30.676256
成都理工大学大型岩土离心机试验室,edu,科教文化服务;科研机构;科研机构,成华区,104.145082,30.67604
成都理工大学地质·结构工程试验室,edu,科教文化服务;科研机构;科研机构,成华区,104.145255,30.676024
成都理工大学地质灾害防控协同创新中心,edu,科教文化服务;科研机构;科研机构,成华区,104.145119,30.675415
Amy快乐学习吧托管班,edu,科教文化服务;培训机构;培训机构,成华区,104.14614,30.678479
成华区篮球培训班(训练营),edu,科教文化服务;培训机构;培训机构,成华区,104.143979,30.67377
长林盘社区文化活动中心,edu,科教文化服务;文化宫;文化宫,成华区,104.156248,30.671063
成都大郎文化传播有限公司,edu,科教文化服务;传媒机构;传媒机构,青羊区,103.966212,30.661628
红灵新世纪幼儿园,edu,科教文化服务;学校;幼儿园,武侯区,103.964641,30.665255
铭仁轩艺术,edu,科教文化服务;美术馆;美术馆,青羊区,103.968137,30.666763
思维多应用技术研究所,edu,科教文化服务;科研机构;科研机构,武侯区,103.972076,30.6614
书画培训,edu,科教文化服务;培训机构;培训机构,青羊区,103.968635,30.666674
丝绸科学研究院蜀锦研发基地,edu,科教文化服务;科研机构;科研机构,青羊区,103.968657,30.666577
成都实验小学西区分校,edu,科教文化服务;学校;小学,青羊区,103.977142,30.669246
成都实验小学西区分校(北门),edu,科教文化服务;学校;小学,青羊区,103.977687,30.669588
成都实验小学西区分校(西门),edu,科教文化服务;学校;小学,青羊区,103.977005,30.668682
名师点拨学校(培风横街),edu,科教文化服务;培训机构;培训机构,青羊区,103.975527,30.66829
百分百教育(培风横街),edu,科教文化服务;培训机构;培训机构,青羊区,103.976949,30.668179
红黄蓝幼稚园(培风路),edu,科教文化服务;学校;幼儿园,青羊区,103.976187,30.665772
育文蒙台梭利幼儿园,edu,科教文化服务;学校;幼儿园,青羊区,103.974949,30.668314
新智慧树幼稚园,edu,科教文化服务;学校;幼儿园,青羊区,103.977552,30.663734
三石古筝研究中心,edu,科教文化服务;科研机构;科研机构,青羊区,103.976124,30.667129
私立育文富诗特蒙特校利幼儿园,edu,科教文化服务;学校;幼儿园,青羊区,103.975078,30.668333
汉唐书苑,edu,科教文化服务;培训机构;培训机构,青羊区,103.976126,30.667057
源艺教育墨香分校,edu,科教文化服务;科教文化场所;科教文化场所,青羊区,103.976046,30.666794
成都戴氏精品堂学校,edu,科教文化服务;培训机构;培训机构,青羊区,103.976491,30.668097
开心学堂,edu,科教文化服务;培训机构;培训机构,青羊区,103.976075,30.667382
原香面包教室,edu,科教文化服务;培训机构;培训机构,青羊区,103.983574,30.668811
成都市青羊区小燕子幼儿园接送点,edu,科教文化服务;科教文化场所;科教文化场所,青羊区,103.975446,30.666517
乐弹乐好音乐中心(培风校区),edu,科教文化服务;培训机构;培训机构,青羊区,103.976125,30.667127
圣雅灵齐艺术学校(光华校区),edu,科教文化服务;培训机构;培训机构,青羊区,103.976949,30.66818
琴筝艺术音乐艺术中心(培风校区),edu,科教文化服务;培训机构;培训机构,青羊区,103.97611,30.66739
金榜学习(琼楼路),edu,科教文化服务;培训机构;培训机构,青羊区,103.992107,30.665886
泡桐树小学,edu,科教文化服务;学校;小学,青羊区,103.993623,30.66629
学弘教育(琼楼路),edu,科教文化服务;培训机构;培训机构,青羊区,103.993312,30.665871
成都市泡桐树幼儿园,edu,科教文化服务;学校;幼儿园,青羊区,103.993011,30.667507
泡桐树小学西区,edu,科教文化服务;学校;小学,青羊区,103.99298,30.666489
美亚幼儿园,edu,科教文化服务;学校;幼儿园,青羊区,103.99359,30.66109
超玥国际象棋,edu,科教文化服务;科教文化场所;科教文化场所,青羊区,103.993176,30.665759
残疾人托管中心,edu,科教文化服务;科教文化场所;科教文化场所,青羊区,103.988234,30.667579
名师点拨学校,edu,科教文化服务;科教文化场所;科教文化场所,青羊区,103.991708,30.667308
七音英语,edu,科教文化服务;培训机构;培训机构,青羊区,103.991094,30.663209
悠扬艺术培训学校,edu,科教文化服务;培训机构;培训机构,青羊区,103.988046,30.666418
四川农大动物医学院实习基地,edu,科教文化服务;科教文化场所;科教文化场所,青羊区,103.989813,30.669516
易百分教育(东坡北三路),edu,科教文化服务;培训机构;培训机构,青羊区,103.987386,30.667723
运动宝贝国际早教中心(香木村店),edu,科教文化服务;培训机构;培训机构,青羊区,103.990092,30.668897
望子成龙学校(东坡校区),edu,科教文化服务;培训机构;培训机构,青羊区,103.986952,30.667591
成都电视台艺海星培训基地,edu,科教文化服务;培训机构;培训机构,青羊区,103.990028,30.668686
i2国际私塾(优品道教学点),edu,科教文化服务;培训机构;培训机构,青羊区,103.992167,30.665911
绿杨路中福在线培训示范厅,edu,科教文化服务;培训机构;培训机构,青羊区,103.986952,30.667591
红菱艳教育,edu,科教文化服务;培训机构;培训机构,青羊区,103.992946,30.669351
成都市青羊区文化馆(瑞联路),edu,科教文化服务;文化宫;文化宫,青羊区,103.994798,30.669448
艺晖文化艺术学校,edu,科教文化服务;培训机构;培训机构,青羊区,103.994832,30.666385
资阳学而知文化艺术培训学校,edu,科教文化服务;培训机构;培训机构,青羊区,103.9997,30.665223
成都市青羊区东坡街道文体活动中心,edu,科教文化服务;科教文化场所;科教文化场所,青羊区,103.993858,30.664163
成都市青羊区图书馆,edu,科教文化服务;图书馆;图书馆,青羊区,103.994976,30.668943
成都市青苏职业学校-青苏职门卫室中,edu,科教文化服务;学校;中学,青羊区,103.994461,30.665209
成都市青羊实验中学(优品道校区),edu,科教文化服务;学校;中学,青羊区,104.000729,30.666951
四川艺术职业学院,edu,科教文化服务;学校;高等院校,青羊区,103.998465,30.667367
成都市青苏职业学校,edu,科教文化服务;学校;职业技术学校,青羊区,103.994303,30.664992
四川省粮食干部学校,edu,科教文化服务;学校;成人教育,青羊区,103.998677,30.667346
上海交通大学昂立国际教育光华校区,edu,科教文化服务;学校;高等院校,青羊区,103.999785,30.665315
金世纪皇家幼儿园,edu,科教文化服务;学校;幼儿园,武侯区,103.998777,30.661924
蕃茄田美术中心(优品街),edu,科教文化服务;培训机构;培训机构,青羊区,104.002058,30.667179
大连国际舞蹈学校(成都校区),edu,科教文化服务;培训机构;培训机构,青羊区,103.998677,30.667346
许博士全脑教育学校,edu,科教文化服务;学校;幼儿园,武侯区,103.998854,30.661019
美亚蒙特梭利幼儿园(优品街),edu,科教文化服务;学校;幼儿园,青羊区,104.000836,30.664987
成都康华口腔研究中心,edu,科教文化服务;科研机构;科研机构,武侯区,103.999851,30.660215
康华种植牙医学研究院,edu,科教文化服务;科研机构;科研机构,武侯区,103.999851,30.660215
美亚蒙特梭利幼儿园(东坡南一路),edu,科教文化服务;学校;幼儿园,青羊区,103.994322,30.6618
东坡街道社区教育学校,edu,科教文化服务;学校;学校,青羊区,103.995755,30.668601
弗奇尼国际幼儿园,edu,科教文化服务;学校;幼儿园,青羊区,104.001593,30.66588
美爱亲子早教中心,edu,科教文化服务;学校;幼儿园,青羊区,103.993866,30.667804
汉普森英语(优品街),edu,科教文化服务;培训机构;培训机构,青羊区,104.001582,30.66592
四川省实用中等专业学校,edu,科教文化服务;学校;职业技术学校,青羊区,103.998677,30.667346
博艺天才,edu,科教文化服务;培训机构;培训机构,青羊区,103.994536,30.666421
科乐绘自然学堂,edu,科教文化服务;培训机构;培训机构,青羊区,103.999842,30.665216
学而知学校(优品街),edu,科教文化服务;培训机构;培训机构,青羊区,103.999842,30.665216
我·创想艺术教育,edu,科教文化服务;培训机构;培训机构,青羊区,103.995093,30.667398
昂立国际教育(优品街),edu,科教文化服务;培训机构;培训机构,青羊区,103.999773,30.665227
番茄田艺术成都优品道中心,edu,科教文化服务;科教文化场所;科教文化场所,青羊区,104.001937,30.667378
吉美童画少儿创艺馆,edu,科教文化服务;培训机构;培训机构,青羊区,103.993816,30.664126
高等教育自学考试助学园区,edu,科教文化服务;科教文化场所;科教文化场所,青羊区,104.00081,30.668909
戈果美语,edu,科教文化服务;培训机构;培训机构,青羊区,104.001707,30.666044
成都市青羊区新闻传媒中心,edu,科教文化服务;传媒机构;传媒机构,青羊区,103.995235,30.669056
翰林国际教育,edu,科教文化服务;培训机构;培训机构,青羊区,104.002018,30.667355
成都市民道德讲堂(双新南路),edu,科教文化服务;科教文化场所;科教文化场所,青羊区,103.995235,30.669056
艺蒙美术,edu,科教文化服务;培训机构;培训机构,青羊区,104.003674,30.668987
大洋艺术学校(优品街),edu,科教文化服务;培训机构;培训机构,青羊区,104.00215,30.667381
春阳教育,edu,科教文化服务;培训机构;培训机构,青羊区,103.99526,30.664901
银河时光机器人(玉宇路),edu,科教文化服务;培训机构;培训机构,青羊区,103.996957,30.667983
鑫灵通教育,edu,科教文化服务;培训机构;培训机构,青羊区,103.994405,30.666695
成都市青羊区东坡街道科普活动中心,edu,科教文化服务;科教文化场所;科教文化场所,青羊区,103.995659,30.668564
成都市青羊区创新创业教育体验基地,edu,科教文化服务;科教文化场所;科教文化场所,青羊区,103.994074,30.665736
大连国际舞蹈学校(成都校区)(瑞南街),edu,科教文化服务;培训机构;培训机构,青羊区,103.997967,30.667391
人达教育(瑞南街),edu,科教文化服务;培训机构;培训机构,青羊区,103.997967,30.667391
华医牙科研究所(沙堰街),edu,科教文化服务;科研机构;科研机构,武侯区,104.00151,30.660159
慧笙书院,edu,科教文化服务;培训机构;培训机构,青羊区,103.994151,30.662483
远达吉祥文化传播有限公司,edu,科教文化服务;科教文化场所;科教文化场所,青羊区,103.994314,30.663362
翡翠艺术文化馆,edu,科教文化服务;文化宫;文化宫,青羊区,104.000593,30.665197
一世奇缘文化传播中心,edu,科教文化服务;科教文化场所;科教文化场所,青羊区,104.013436,30.664564
成都苹果树文化传播有限公司,edu,科教文化服务;科教文化场所;科教文化场所,青羊区,104.005122,30.66529
成都融舞氏文化传播有限公司,edu,科教文化服务;科教文化场所;科教文化场所,青羊区,104.011004,30.662957
西南财经大学自学考试学习服务中心,edu,科教文化服务;学校;高等院校,青羊区,104.012774,30.666522
广育书院,edu,科教文化服务;培训机构;培训机构,青羊区,104.005136,30.666065
四川管理职业学院,edu,科教文化服务;学校;职业技术学校,青羊区,104.00944,30.666314
中共四川省委党校西校区,edu,科教文化服务;学校;学校,青羊区,104.009186,30.665525
成都市实验小学成都花园分校,edu,科教文化服务;学校;小学,青羊区,104.007343,30.661419
问书堂,edu,科教文化服务;培训机构;培训机构,青羊区,104.011186,30.665042
西时代国际美术中心,edu,科教文化服务;美术馆;美术馆,青羊区,104.005285,30.665459
四川行政学院西校区,edu,科教文化服务;学校;高等院校,青羊区,104.009277,30.665399
四川管理职业学院-光华小学,edu,科教文化服务;学校;小学,青羊区,104.009702,30.666492
西南财经大学光华会堂,edu,科教文化服务;会展中心;会展中心,青羊区,104.012768,30.668614
金宝贝早教培训(优品道店),edu,科教文化服务;培训机构;培训机构,青羊区,104.00533,30.666514
西南财经大学光华校区方心厅,edu,科教文化服务;会展中心;会展中心,青羊区,104.012553,30.668782
西南财经大学明德楼,edu,科教文化服务;学校;学校,青羊区,104.012705,30.667214
西南财经大学光华校区圆融厅,edu,科教文化服务;会展中心;会展中心,青羊区,104.012836,30.668924
西南财经大学西部商学院,edu,科教文化服务;学校;高等院校,青羊区,104.013561,30.666896
四川行政财贸管理干部学院多功能厅,edu,科教文化服务;会展中心;会展中心,青羊区,104.009436,30.665446
西南财经大学培训中心,edu,科教文化服务;培训机构;培训机构,青羊区,104.012774,30.666522
西南财经大学崇文楼,edu,科教文化服务;学校;学校,青羊区,104.013593,30.667367
花园国际小学,edu,科教文化服务;学校;小学,青羊区,104.007372,30.661321
四川行政财贸管理干部学院,edu,科教文化服务;学校;成人教育,青羊区,104.008983,30.664632
西南财经大学法学院学术报告厅,edu,科教文化服务;学校;高等院校,青羊区,104.013499,30.666649
画时代国际美术中心,edu,科教文化服务;美术馆;美术馆,青羊区,104.005276,30.665429
四川行政财贸管理干部学院图书馆,edu,科教文化服务;图书馆;图书馆,青羊区,104.008706,30.664896
四川行政财贸管理干部学院学之楼,edu,科教文化服务;学校;高等院校,青羊区,104.009432,30.665238
西南财经大学光华校区明德楼,edu,科教文化服务;学校;高等院校,青羊区,104.012729,30.667245
西南财经大学光华校区文渊园,edu,科教文化服务;学校;高等院校,青羊区,104.013301,30.666657
西南财经大学光华校区崇文楼,edu,科教文化服务;学校;高等院校,青羊区,104.013475,30.667298
西南财经大学光华校区实训楼,edu,科教文化服务;学校;高等院校,青羊区,104.0123,30.666233
西南财经大学网络教育学院,edu,科教文化服务;学校;成人教育,青羊区,104.01267,30.666495
西南财经大学光华校区计算机楼,edu,科教文化服务;学校;高等院校,青羊区,104.012342,30.666734
西南财经大学经济管理实验教学中心(光华),edu,科教文化服务;学校;高等院校,青羊区,104.012342,30.666734
电子科技大学IBM技术中心西南财经大学分中心,edu,科教文化服务;学校;高等院校,青羊区,104.012299,30.666234
番茄+美术中心,edu,科教文化服务;美术馆;美术馆,青羊区,104.00473,30.666208
童之梦,edu,科教文化服务;学校;幼儿园,青羊区,104.006772,30.669488
金苹果成都花园幼稚园,edu,科教文化服务;学校;幼儿园,青羊区,104.008197,30.660626
金榜学习(家园路),edu,科教文化服务;培训机构;培训机构,青羊区,104.010114,30.662715
伏羲之家,edu,科教文化服务;学校;幼儿园,青羊区,104.006161,30.661355
美朵拉美舞蹈魅力学院,edu,科教文化服务;学校;高等院校|科教文化服务;培训机构;培训机构,青羊区,104.012177,30.664269
西南财经大学法国大学留学中心,edu,科教文化服务;学校;高等院校,青羊区,104.009775,30.667735
四川管理职业学院-柳林商学院,edu,科教文化服务;学校;高等院校,青羊区,104.009288,30.667086
华西静脉曲张研究院,edu,科教文化服务;科研机构;科研机构,青羊区,104.009855,30.666969
西南财经大学英国大学留学中心,edu,科教文化服务;学校;高等院校,青羊区,104.009678,30.667823
西南财经大学MBA教育中心,edu,科教文化服务;学校;高等院校,青羊区,104.012624,30.666143
西南财经大学网络实验室,edu,科教文化服务;科研机构;科研机构,青羊区,104.0123,30.666233
西南财经大学继续(网络)教育学院,edu,科教文化服务;学校;成人教育,青羊区,104.012774,30.666522
四川中太经济管理研究院,edu,科教文化服务;科研机构;科研机构,青羊区,104.013167,30.664786
西南财经大学光华校区育才园,edu,科教文化服务;学校;高等院校,青羊区,104.01254,30.666772
西南财经大学网络实验室,edu,科教文化服务;科研机构;科研机构,青羊区,104.0123,30.666233
西南财经大学继续(网络)教育学院,edu,科教文化服务;学校;成人教育,青羊区,104.012774,30.666522
四川中太经济管理研究院,edu,科教文化服务;科研机构;科研机构,青羊区,104.013167,30.664786
青羊区麦吉舞蹈工作室,edu,科教文化服务;培训机构;培训机构,青羊区,104.013239,30.664517
佳利艺校,edu,科教文化服务;学校;职业技术学校,青羊区,104.0076,30.667115
舒子自然平衡堂,edu,科教文化服务;科教文化场所;科教文化场所,青羊区,104.0055,30.66116
西南财经大学光华校区育才园,edu,科教文化服务;学校;高等院校,青羊区,104.01254,30.666772
成都卓越会计培训学校,edu,科教文化服务;培训机构;培训机构,青羊区,104.01223,30.664418
西南财经大学中国支付体系研究中心,edu,科教文化服务;科研机构;科研机构,青羊区,104.012326,30.666706
成都优尚教育中心,edu,科教文化服务;科教文化场所;科教文化场所,青羊区,104.005285,30.665459
艺教美术培训,edu,科教文化服务;培训机构;培训机构,青羊区,104.013463,30.664576
创立方教育,edu,科教文化服务;培训机构;培训机构,青羊区,104.011636,30.66576
北京怡学堂优品道总校,edu,科教文化服务;培训机构;培训机构,青羊区,104.006305,30.66079
德国赫蒂夫工艺研发中心香港唯艺设计院,edu,科教文化服务;科研机构;科研机构,青羊区,104.00668,30.661137
成都贝格会计培训学校,edu,科教文化服务;培训机构;培训机构,青羊区,104.01297,30.664489
琢育国学院优品道旗舰院,edu,科教文化服务;科教文化场所;科教文化场所,青羊区,104.004414,30.664891
EF英孚教育(优品道中心),edu,科教文化服务;培训机构;培训机构,青羊区,104.005142,30.66686
学海教育(成都花园校区),edu,科教文化服务;培训机构;培训机构,青羊区,104.006205,30.661425
成都品睿社科赛斯财大校区,edu,科教文化服务;科教文化场所;科教文化场所,青羊区,104.012073,30.665061
庆熙教育,edu,科教文化服务;培训机构;培训机构,青羊区,104.010363,30.662118
帕乐菲尔儿童益智乐园,edu,科教文化服务;培训机构;培训机构,青羊区,104.005142,30.66686
望子成龙学校(优品道精品校区),edu,科教文化服务;培训机构;培训机构,青羊区,104.005136,30.666065
住友海上保险国际交流中心,edu,科教文化服务;科教文化场所;科教文化场所,青羊区,104.013416,30.669147
金色年华少儿托管中心,edu,科教文化服务;培训机构;培训机构,青羊区,104.006548,30.661552
古鲁瑜伽,edu,科教文化服务;培训机构;培训机构,青羊区,104.006206,30.661316
酷班音乐教室,edu,科教文化服务;培训机构;培训机构,青羊区,104.006547,30.661609
雨若多源艺术培训中心,edu,科教文化服务;培训机构;培训机构,青羊区,104.006553,30.661505
第壹街舞(优品道校区),edu,科教文化服务;培训机构;培训机构,青羊区,104.005136,30.666065
新思维学校(优品道校区),edu,科教文化服务;培训机构;培训机构,青羊区,104.005277,30.665431
四川华师国培教育,edu,科教文化服务;培训机构;培训机构,青羊区,104.005276,30.665429
元立方巧口英语,edu,科教文化服务;培训机构;培训机构,青羊区,104.004472,30.664185
启政教育,edu,科教文化服务;培训机构;培训机构,青羊区,104.013434,30.66445
洋艺教育,edu,科教文化服务;培训机构;培训机构,青羊区,104.006273,30.661727
彦林斋书法工作室,edu,科教文化服务;培训机构;培训机构,青羊区,104.011897,30.664677
国际私塾(光华教学点),edu,科教文化服务;培训机构;培训机构,青羊区,104.013459,30.661061
小胡子艺术培训中心,edu,科教文化服务;培训机构;培训机构,青羊区,104.005179,30.665279
川音大地,edu,科教文化服务;培训机构;培训机构,青羊区,104.011126,30.664084
舞动人生舞蹈会所,edu,科教文化服务;培训机构;培训机构,青羊区,104.005285,30.665459
黑白键艺术中心(中环路青羊大道段),edu,科教文化服务;美术馆;美术馆,青羊区,104.005123,30.665292
成都兰亭艺术培训学校,edu,科教文化服务;培训机构;培训机构,青羊区,104.006085,30.661168
百艺佳艺术教育学校(大型艺术教育机构),edu,科教文化服务;科教文化场所;科教文化场所,青羊区,104.012168,30.665244
成都柳林财经教育管理培训中心,edu,科教文化服务;科教文化场所;科教文化场所,青羊区,104.009436,30.665446
毕珏快乐围棋,edu,科教文化服务;培训机构;培训机构,青羊区,104.012641,30.664867
艺苗艺术托管班(少儿培训机构),edu,科教文化服务;培训机构;培训机构,青羊区,104.011124,30.662312
成都精英教育培训中心(成花校区),edu,科教文化服务;培训机构;培训机构,青羊区,104.006558,30.661364
大熊猫爱心幼儿园,edu,科教文化服务;学校;幼儿园,青羊区,104.008208,30.660563
英孚教育(中环路青羊大道段),edu,科教文化服务;培训机构;培训机构,青羊区,104.00533,30.666514
马晓春少儿围棋成都培训中心,edu,科教文化服务;培训机构;培训机构,青羊区,104.011334,30.665162
番茄苗美术(中环路青羊大道段),edu,科教文化服务;培训机构;培训机构,青羊区,104.005333,30.666514
天才宝贝(青羊中心),edu,科教文化服务;培训机构;培训机构,青羊区,104.004789,30.666286
戴氏教育(中环路青羊大道段),edu,科教文化服务;培训机构;培训机构,青羊区,104.006414,30.660692
T-8国际拉丁舞俱乐部(中环路青羊大道段),edu,科教文化服务;培训机构;培训机构,青羊区,104.006414,30.660692
成都人力资源管理师培训中心(城西),edu,科教文化服务;培训机构;培训机构,青羊区,104.005145,30.666903
丹秋·名师堂(中环路青羊大道段),edu,科教文化服务;培训机构;培训机构,青羊区,104.005136,30.666065
西南财经大学励志楼,edu,科教文化服务;学校;学校,青羊区,104.01273,30.666523
成都市实验小学成都花园分校民主管理委员会,edu,科教文化服务;科教文化场所;科教文化场所,青羊区,104.007146,30.661098
多多熊艺术家园(中环路青羊大道段),edu,科教文化服务;培训机构;培训机构,青羊区,104.006067,30.665093
成都市文化馆,edu,科教文化服务;文化宫;文化宫,青羊区,104.020803,30.663105
成都市文化艺术学校,edu,科教文化服务;学校;职业技术学校,青羊区,104.019894,30.66061
成都新语文化传播有限公司,edu,科教文化服务;科教文化场所;科教文化场所,青羊区,104.018594,30.66237
四川成虎文化传播有限公司,edu,科教文化服务;传媒机构;传媒机构,青羊区,104.019104,30.660066
天天向上文化艺术培训中心,edu,科教文化服务;培训机构;培训机构,青羊区,104.013909,30.663061
成都菲蒙文化传播有限公司,edu,科教文化服务;科教文化场所;科教文化场所,青羊区,104.018554,30.663274
四川君梦文化艺术培训中心,edu,科教文化服务;培训机构;培训机构,青羊区,104.019833,30.660688
成都市市民文化艺术培训学校,edu,科教文化服务;培训机构;培训机构,青羊区,104.020811,30.66318
成都才德夫人文化传媒有限公司,edu,科教文化服务;科教文化场所;科教文化场所,青羊区,104.018906,30.664618
成都月满大江餐饮文化传播有限公司,edu,科教文化服务;科教文化场所;科教文化场所,青羊区,104.018629,30.663521
四川省育语今人文化传播有限责任公司,edu,科教文化服务;科教文化场所;科教文化场所,青羊区,104.017215,30.665194
四川行政学院,edu,科教文化服务;学校;高等院校,青羊区,104.015509,30.66639
梦缘博物馆,edu,科教文化服务;博物馆;博物馆,青羊区,104.019977,30.669316
西南财经大学保卫处,edu,科教文化服务;学校;高等院校,青羊区,104.015431,30.669046
夕才尔美术馆(仁和春天广场),edu,科教文化服务;美术馆;美术馆,青羊区,104.018001,30.665271
草堂交通饭店-会议中心,edu,科教文化服务;会展中心;会展中心,青羊区,104.022673,30.66406
四川法商专修学院,edu,科教文化服务;学校;高等院校,青羊区,104.022323,30.664368
成都市青羊社区教育学院,edu,科教文化服务;学校;高等院校,青羊区,104.016713,30.664306
中共四川省委党校-图书馆,edu,科教文化服务;图书馆;图书馆,青羊区,104.014058,30.667359
鼓悟人生艺术中心,edu,科教文化服务;美术馆;美术馆,青羊区,104.018314,30.664004
西南财经大学藏书楼,edu,科教文化服务;学校;学校,青羊区,104.013794,30.666501
成都音乐幼儿园,edu,科教文化服务;学校;幼儿园,青羊区,104.021915,30.669197
西南财经大学出版社,edu,科教文化服务;传媒机构;出版社,青羊区,104.014819,30.669352
中共青年团成都市团校,edu,科教文化服务;学校;学校,青羊区,104.022323,30.664557
成都市城镇规划设计研究院,edu,科教文化服务;科研机构;科研机构,青羊区,104.020286,30.665011
四川省煤田测绘工程院,edu,科教文化服务;科研机构;科研机构,青羊区,104.021674,30.665633
联谊·嘉尚幼稚园,edu,科教文化服务;学校;幼儿园,青羊区,104.020444,30.668114
四川省妇女干部学校,edu,科教文化服务;学校;成人教育,青羊区,104.020246,30.664482
成都市广播电视大学青羊分校,edu,科教文化服务;学校;成人教育,青羊区,104.016517,30.664619
四川省委党校-教学大楼,edu,科教文化服务;科教文化场所;科教文化场所,青羊区,104.015807,30.667838
成都市金沙幼儿园(光华园),edu,科教文化服务;学校;幼儿园,青羊区,104.01697,30.66411
中共四川省委党校-教学楼,edu,科教文化服务;学校;学校,青羊区,104.013963,30.667994
四川省委党校-学术报告厅,edu,科教文化服务;学校;学校,青羊区,104.014325,30.66762
西南财经大学档案馆,edu,科教文化服务;档案馆;档案馆,青羊区,104.013794,30.6665
四川省煤田地质局地质测量队,edu,科教文化服务;科研机构;科研机构,青羊区,104.021674,30.665633
四川省统筹城乡研究会,edu,科教文化服务;科研机构;科研机构,青羊区,104.016986,30.665854
本杰明全智幼儿园(光华村街),edu,科教文化服务;学校;幼儿园,青羊区,104.017333,30.664012
私立育文蒙特梭利幼儿园,edu,科教文化服务;学校;幼儿园,青羊区,104.017792,30.667525
四川行政学院-中共四川省委党校,edu,科教文化服务;学校;学校,青羊区,104.015385,30.666221
四川行政学院-四川广电专修学院,edu,科教文化服务;学校;成人教育,青羊区,104.016574,30.665129
成都华西生长发育医学研究院,edu,科教文化服务;科研机构;科研机构,青羊区,104.01913,30.659875
青羊区老教师艺术团,edu,科教文化服务;文艺团体;文艺团体,青羊区,104.016517,30.664619
四川省煤田地质工程勘察设计研究院,edu,科教文化服务;科研机构;科研机构,青羊区,104.021674,30.665633
财大社区教育工作站,edu,科教文化服务;科教文化场所;科教文化场所,青羊区,104.017726,30.669218
成都市青羊区教育局老年大学,edu,科教文化服务;学校;成人教育,青羊区,104.016517,30.664619
腾力(财大)网球培训中心,edu,科教文化服务;培训机构;培训机构,青羊区,104.014556,30.669314
龙文教育(草堂北支路),edu,科教文化服务;培训机构;培训机构,青羊区,104.01982,30.66712
成都市泊菲特语言学校,edu,科教文化服务;培训机构;培训机构,青羊区,104.017075,30.665262
四川省科普教育基地,edu,科教文化服务;培训机构;培训机构,青羊区,104.015082,30.662723
通途教育,edu,科教文化服务;培训机构;培训机构,青羊区,104.018567,30.666486
成都市老年艺术大学,edu,科教文化服务;学校;成人教育,青羊区,104.020704,30.663151
四川深蓝电力设计研究院,edu,科教文化服务;科研机构;科研机构,青羊区,104.020442,30.665209
成都知青艺术团,edu,科教文化服务;文艺团体;文艺团体,青羊区,104.021145,30.6633
美育奥尔夫儿童音乐舞蹈国际机构(仁和分部),edu,科教文化服务;科教文化场所;科教文化场所,青羊区,104.018695,30.665941
私立育文蒙特梭利幼儿园,edu,科教文化服务;学校;幼儿园,青羊区,104.017792,30.667525
四川行政学院-中共四川省委党校,edu,科教文化服务;学校;学校,青羊区,104.015385,30.666221
成都毛泽东诗词研究会,edu,科教文化服务;科研机构;科研机构,青羊区,104.020704,30.663151
四川行政学院-四川广电专修学院,edu,科教文化服务;学校;成人教育,青羊区,104.016574,30.665129
成都华西生长发育医学研究院,edu,科教文化服务;科研机构;科研机构,青羊区,104.01913,30.659875
青羊区老教师艺术团,edu,科教文化服务;文艺团体;文艺团体,青羊区,104.016517,30.664619
中国气象局成都高原气象研究所,edu,科教文化服务;科研机构;科研机构,青羊区,104.015608,30.662384
四川省煤田地质工程勘察设计研究院,edu,科教文化服务;科研机构;科研机构,青羊区,104.021674,30.665633
财大社区教育工作站,edu,科教文化服务;科教文化场所;科教文化场所,青羊区,104.017726,30.669218
中共四川省委党校函授学院省妇干校直属站,edu,科教文化服务;学校;学校,青羊区,104.01994,30.664337
成都市青羊区教育局老年大学,edu,科教文化服务;学校;成人教育,青羊区,104.016517,30.664619
诗圣文化园,edu,科教文化服务;科教文化场所;科教文化场所,青羊区,104.023827,30.66291
四川博物院文化创意体验馆,edu,科教文化服务;展览馆;展览馆,青羊区,104.031653,30.663343
成都东唐文化传播有限公司,edu,科教文化服务;传媒机构;传媒机构,青羊区,104.032009,30.665195
成都金康博体育文化传播有限公司,edu,科教文化服务;科教文化场所;科教文化场所,青羊区,104.027203,30.664805
四川博物院对外文化交流中心学术交流报告厅,edu,科教文化服务;科教文化场所;科教文化场所,青羊区,104.030792,30.662422
四川博物院对外文化交流中心,edu,科教文化服务;科研机构;科研机构,青羊区,104.030308,30.662304
四川博物院,edu,科教文化服务;博物馆;博物馆,青羊区,104.031518,30.663176
杜甫草堂博物馆,edu,科教文化服务;博物馆;博物馆,青羊区,104.024266,30.662169
成都市树德实验中学(西区),edu,科教文化服务;学校;中学,青羊区,104.025211,30.667575
四川电力职业技术学院草堂校区,edu,科教文化服务;学校;高等院校,青羊区,104.033005,30.665923
草堂小学,edu,科教文化服务;学校;小学,青羊区,104.031961,30.661038
四川省电力设计院,edu,科教文化服务;科研机构;科研机构,青羊区,104.028936,30.665393
四川省水利水电勘测设计研究院,edu,科教文化服务;科研机构;科研机构,青羊区,104.030395,30.66537
情系草堂文献图片资料展,edu,科教文化服务;展览馆;展览馆,青羊区,104.026401,30.6616
草堂幼儿园,edu,科教文化服务;学校;幼儿园,青羊区,104.028733,30.66925
成都市实验小学青华分校,edu,科教文化服务;学校;小学,青羊区,104.0242,30.666908
四川博物院陶瓷馆,edu,科教文化服务;博物馆;博物馆,青羊区,104.031514,30.662929
四川博物院-青铜器馆,edu,科教文化服务;博物馆;博物馆,青羊区,104.031386,30.662956
四川博物院-张大千艺术馆,edu,科教文化服务;博物馆;博物馆,青羊区,104.031492,30.663141
成都文艺之家,edu,科教文化服务;展览馆;展览馆,青羊区,104.029536,30.659776
成都市树德试验中学(西区)小升初招生咨询处,edu,科教文化服务;科教文化场所;科教文化场所,青羊区,104.025002,30.667827
娇子雅集,edu,科教文化服务;展览馆;展览馆,青羊区,104.031384,30.662271
草堂留后世,edu,科教文化服务;展览馆;展览馆,青羊区,104.024339,30.662625
新通惠酒店-会议中心,edu,科教文化服务;会展中心;会展中心,青羊区,104.028095,30.664786
诗圣著千秋,edu,科教文化服务;展览馆;展览馆,青羊区,104.024627,30.66249
诗书画院美术馆,edu,科教文化服务;美术馆;美术馆,青羊区,104.025974,30.661827
四川电力职业技术学院草堂校区(西南门),edu,科教文化服务;学校;职业技术学校|通行设施;临街院门;临街院正门,青羊区,104.032477,30.665081
成鑫苑酒店-会议厅,edu,科教文化服务;会展中心;会展中心,青羊区,104.033229,30.663461
中国羽协羽毛球学校,edu,科教文化服务;学校;学校,青羊区,104.032945,30.660998
情系草堂陈列室,edu,科教文化服务;展览馆;展览馆,青羊区,104.026401,30.661599
草堂别馆,edu,科教文化服务;博物馆;博物馆,青羊区,104.02673,30.661883
四川省博物馆学会,edu,科教文化服务;科研机构;科研机构,青羊区,104.031361,30.663017
四川省水利科学研究院,edu,科教文化服务;科研机构;科研机构,青羊区,104.031737,30.66908
成都市少年儿童业余体育学校,edu,科教文化服务;学校;学校,青羊区,104.032678,30.660566
藏秘艺术馆,edu,科教文化服务;美术馆;美术馆,青羊区,104.033321,30.660639
四川电力职业技术学院草堂校区教学楼,edu,科教文化服务;学校;高等院校,青羊区,104.032615,30.665464
四川电力职业技术学院草堂校区实验楼,edu,科教文化服务;学校;高等院校,青羊区,104.032764,30.6659
四川电力职工技术学院,edu,科教文化服务;学校;成人教育,青羊区,104.032527,30.66511
水利部四川院,edu,科教文化服务;科研机构;科研机构,青羊区,104.030395,30.66537
四川电力职业技术学院-鸡血石艺术馆,edu,科教文化服务;美术馆;美术馆,青羊区,104.033329,30.664932
蜀锦织绣博物馆,edu,科教文化服务;博物馆;博物馆,青羊区,104.0317,30.663166
成都中大中医研究院,edu,科教文化服务;科研机构;科研机构,青羊区,104.027033,30.665158
国网四川电科院,edu,科教文化服务;科研机构;科研机构,青羊区,104.028936,30.665393
成都中大灰指甲研究院,edu,科教文化服务;科研机构;科研机构,青羊区,104.026964,30.665178
武汉大学西南研究院,edu,科教文化服务;科研机构;科研机构,青羊区,104.032013,30.665194
青羊区草堂街道文体活动中心,edu,科教文化服务;文化宫;文化宫,青羊区,104.032535,30.662539
剑蕾体育幼儿园,edu,科教文化服务;学校;幼儿园,青羊区,104.032764,30.660511
成都中大妇科白斑研究院,edu,科教文化服务;科研机构;科研机构,青羊区,104.026964,30.665178
四川电力职业技术学院A区-教学楼,edu,科教文化服务;学校;高等院校,青羊区,104.032542,30.665452
四川电力职业技术学院,edu,科教文化服务;学校;职业技术学校,青羊区,104.032631,30.665021
成都萌芽乐乐园,edu,科教文化服务;学校;幼儿园,青羊区,104.030658,30.668596
学海教育(草堂北支路),edu,科教文化服务;培训机构;培训机构,青羊区,104.026272,30.668089
四川电力职业技术学院-实验大楼,edu,科教文化服务;科教文化场所;科教文化场所,青羊区,104.03264,30.665922
天天向上托辅中心,edu,科教文化服务;科教文化场所;科教文化场所,青羊区,104.024178,30.668793
奇趣新闻天地,edu,科教文化服务;科教文化场所;科教文化场所,青羊区,104.02427,30.667527
小升初名校签约班,edu,科教文化服务;科教文化场所;科教文化场所,青羊区,104.026453,30.668122
电力试验研究院计量中心,edu,科教文化服务;科教文化场所;科教文化场所,青羊区,104.028985,30.665333
垒艺艺术培训中心,edu,科教文化服务;培训机构;培训机构,青羊区,104.027015,30.669282
金博教育学生托辅中心,edu,科教文化服务;培训机构;培训机构,青羊区,104.024513,30.666906
乐培教育(草堂北路),edu,科教文化服务;培训机构;培训机构,青羊区,104.026626,30.667427
四川师范大学电子阅览室,edu,科教文化服务;培训机构;培训机构,青羊区,104.023908,30.666403
国网四川技培中心(青华路),edu,科教文化服务;培训机构;培训机构,青羊区,104.033001,30.665921
启智少儿围棋培训中心(牧电路),edu,科教文化服务;培训机构;培训机构,青羊区,104.031038,30.668774
四川公安信息通信培训中心,edu,科教文化服务;培训机构;培训机构,青羊区,104.024823,30.666066
四川电力职业技术学院草堂校区图书馆,edu,科教文化服务;图书馆;图书馆,青羊区,104.032515,30.66595
君庭艺术鉴赏空间,edu,科教文化服务;科教文化场所;科教文化场所,青羊区,104.031393,30.664272
道文化陈列馆,edu,科教文化服务;展览馆;展览馆,青羊区,104.040673,30.664862
成都一方文化传播有限公司,edu,科教文化服务;传媒机构;传媒机构,青羊区,104.037417,30.66857
成都博信文化传播有限公司,edu,科教文化服务;传媒机构;传媒机构,青羊区,104.037417,30.66857
成都恒杰文化传播有限公司,edu,科教文化服务;传媒机构;传媒机构,青羊区,104.034506,30.666579
四川乾坤道教文化交流中心,edu,科教文化服务;科教文化场所;科教文化场所,青羊区,104.036085,30.663189
成都路虎文化传媒有限公司,edu,科教文化服务;传媒机构;传媒机构,青羊区,104.037417,30.66857
草堂街道综合文化活动中心,edu,科教文化服务;文化宫;文化宫,青羊区,104.037907,30.663002
成都市裕博文化传播有限公司,edu,科教文化服务;科教文化场所;科教文化场所,青羊区,104.034695,30.667593
四川西美影视文化传播有限公司,edu,科教文化服务;科教文化场所;科教文化场所,青羊区,104.03948,30.666445
成都中医药大学(十二桥校区),edu,科教文化服务;学校;高等院校,金牛区,104.041502,30.668752
大嘴外教,edu,科教文化服务;科教文化场所;科教文化场所,青羊区,104.037806,30.662062
成都博物院,edu,科教文化服务;博物馆;博物馆,青羊区,104.041776,30.666099
成都中医药大学(西南门),edu,科教文化服务;学校;高等院校|通行设施;临街院门;临街院门,金牛区,104.040646,30.6675
成都蜀锦织绣博物馆,edu,科教文化服务;博物馆;博物馆,青羊区,104.03461,30.659775
上海勘测设计研究院,edu,科教文化服务;科研机构;科研机构,青羊区,104.037417,30.66857
四川省人民医院护士学校,edu,科教文化服务;学校;职业技术学校,青羊区,104.035039,30.666871
成都中医药大学图书馆,edu,科教文化服务;图书馆;图书馆,金牛区,104.042036,30.667805
四川省农业展览馆,edu,科教文化服务;展览馆;展览馆,青羊区,104.03889,30.665315
藏砂传人储记紫砂博物馆,edu,科教文化服务;博物馆;博物馆,青羊区,104.042974,30.662578
诗婢家美术馆,edu,科教文化服务;美术馆;美术馆,青羊区,104.042753,30.661931
成都市财贸职业高级中学(南区),edu,科教文化服务;学校;职业技术学校,青羊区,104.038891,30.665314
四川中国书画美术馆,edu,科教文化服务;美术馆;美术馆,青羊区,104.038741,30.660034
成都诗婵家书院,edu,科教文化服务;图书馆;图书馆,青羊区,104.042738,30.661753
老庄书院,edu,科教文化服务;培训机构;培训机构,青羊区,104.041418,30.664677
四川省诗书画院,edu,科教文化服务;科教文化场所;科教文化场所,青羊区,104.039034,30.660122
成都中医药大学-第1教学楼,edu,科教文化服务;学校;高等院校,金牛区,104.040787,30.668091
四川旅游学院青羊校区,edu,科教文化服务;学校;高等院校,青羊区,104.039021,30.664581
成都中医药大学教学楼,edu,科教文化服务;学校;高等院校,金牛区,104.041425,30.668308
成都中医药大学药学院,edu,科教文化服务;学校;高等院校,金牛区,104.040728,30.667539
成都市文物考古工作队,edu,科教文化服务;科研机构;科研机构,青羊区,104.041793,30.666112
成都中医药大学附属医院学术报告厅,edu,科教文化服务;会展中心;会展中心,金牛区,104.040316,30.668825
成都隋唐窑址博物馆,edu,科教文化服务;博物馆;博物馆,青羊区,104.038616,30.665987
青羊横街小学,edu,科教文化服务;学校;小学,青羊区,104.036947,30.660093
成都中医药大学十二桥行政办公区,edu,科教文化服务;学校;高等院校,金牛区,104.040802,30.667993
四川省中医院学术报告厅,edu,科教文化服务;会展中心;会展中心,金牛区,104.040316,30.668825
成都中医药大学幼儿园,edu,科教文化服务;学校;幼儿园,青羊区,104.039473,30.666455
四川旅游学院继续教育学院,edu,科教文化服务;学校;成人教育,青羊区,104.038481,30.665198
四川省医学院科学院·四川省人民医院-中央计算机房,edu,科教文化服务;学校;高等院校,青羊区,104.037397,30.665572
成都曙光男科研究院,edu,科教文化服务;科研机构;科研机构,青羊区,104.037822,30.661415
西南华西颈腰椎研究院,edu,科教文化服务;科研机构;科研机构,青羊区,104.038617,30.66767
成都中医药大学-研究生院,edu,科教文化服务;学校;高等院校,金牛区,104.040975,30.667681
成都曙光生殖健康研究院,edu,科教文化服务;科研机构;科研机构,青羊区,104.037822,30.661415
四川正大药物研究所,edu,科教文化服务;科研机构;科研机构,青羊区,104.036435,30.667023
成都中医药大学临床医学院学术报告厅,edu,科教文化服务;会展中心;会展中心,金牛区,104.040316,30.668825
四川电大时代工商学院,edu,科教文化服务;学校;学校,青羊区,104.038972,30.665385
邵仲节牡丹艺术研究会,edu,科教文化服务;科研机构;科研机构,青羊区,104.041755,30.659664
徐悲鸿张大千艺术研究院,edu,科教文化服务;科研机构;科研机构,青羊区,104.034104,30.660013
成都曙光男健医学研究院,edu,科教文化服务;科研机构;科研机构,青羊区,104.037822,30.661415
中国成都鲁科白癜风研究所,edu,科教文化服务;科研机构;科研机构,青羊区,104.038022,30.663399
四川搏锦程职业培训学校,edu,科教文化服务;学校;职业技术学校,金牛区,104.04012,30.667944
邵仲节牡丹艺术研究会,edu,科教文化服务;科研机构;科研机构,青羊区,104.041755,30.659664
徐悲鸿张大千艺术研究院,edu,科教文化服务;科研机构;科研机构,青羊区,104.034104,30.660013
成都曙光男健医学研究院,edu,科教文化服务;科研机构;科研机构,青羊区,104.037822,30.661415
中国成都鲁科白癜风研究所,edu,科教文化服务;科研机构;科研机构,青羊区,104.038022,30.663399
四川搏锦程职业培训学校,edu,科教文化服务;学校;职业技术学校,金牛区,104.04012,30.667944
四川电力职业技术学院-成堪幼儿园,edu,科教文化服务;学校;幼儿园,青羊区,104.034584,30.668958
成都抗白白癜风研究院(一环路西二段),edu,科教文化服务;科研机构;科研机构,青羊区,104.038068,30.663577
中共四川省委老干部党校(十二桥路),edu,科教文化服务;学校;学校,青羊区,104.040552,30.666383
四川省中医药重点研究室,edu,科教文化服务;科研机构;科研机构,金牛区,104.042819,30.667396
癫痫诊疗研究中心,edu,科教文化服务;科教文化场所;科教文化场所,金牛区,104.041831,30.667013
北京博雅方略旅游景观规划设计院,edu,科教文化服务;科研机构;科研机构,青羊区,104.034506,30.666579
成都当代工笔画研究会(浣花北路),edu,科教文化服务;科研机构;科研机构,青羊区,104.034506,30.666579
四川旭日装裱艺术画院,edu,科教文化服务;科教文化场所;科教文化场所,青羊区,104.034506,30.666579
成都中医药大学第二教学楼,edu,科教文化服务;学校;高等院校,金牛区,104.041497,30.668303
成都市青苏职业中专学校招生咨询处,edu,科教文化服务;科教文化场所;科教文化场所,青羊区,104.038184,30.660388
智能沙画,edu,科教文化服务;科教文化场所;科教文化场所,青羊区,104.039353,30.661547
纺织工程技术研究中心,edu,科教文化服务;科教文化场所;科教文化场所,青羊区,104.043209,30.665315
四川画院瀞园,edu,科教文化服务;科教文化场所;科教文化场所,青羊区,104.039042,30.660202
静摄堂茶弄,edu,科教文化服务;科教文化场所;科教文化场所,青羊区,104.03697,30.662281
成都中医药大学天康职业培训中心,edu,科教文化服务;学校;高等院校,金牛区,104.041438,30.66888
大成明德职素教育中心,edu,科教文化服务;科教文化场所;科教文化场所,青羊区,104.037496,30.668278
成都中大正圆生物工程研究所,edu,科教文化服务;科研机构;科研机构,金牛区,104.040294,30.667768
成都中医药大学实验动物研究中心,edu,科教文化服务;科研机构;科研机构,金牛区,104.042819,30.667396
川软教育,edu,科教文化服务;培训机构;培训机构,青羊区,104.037496,30.668278
四川大学华西临床医学院(网络成瘾),edu,科教文化服务;学校;高等院校,青羊区,104.040474,30.666958
成都中医药大学视觉生理实验室,edu,科教文化服务;科研机构;科研机构,金牛区,104.040545,30.668406
陶笛工作室,edu,科教文化服务;培训机构;培训机构,青羊区,104.039788,30.662294
成都市财贸职业高级中学南区(西门),edu,科教文化服务;科教文化场所;科教文化场所,青羊区,104.038577,30.665272
东华教育(一环路西二段),edu,科教文化服务;培训机构;培训机构,青羊区,104.039258,30.664869
东华西点师培训,edu,科教文化服务;培训机构;培训机构,青羊区,104.039588,30.664651
仁财教育(西门校区),edu,科教文化服务;培训机构;培训机构,青羊区,104.037496,30.668273
抑郁诊疗研究院,edu,科教文化服务;科研机构;科研机构,金牛区,104.042023,30.666915
成都市雅信职业技能培训学校,edu,科教文化服务;学校;职业技术学校,青羊区,104.043198,30.665478
花蕊舞蹈艺术培训中心,edu,科教文化服务;培训机构;培训机构,青羊区,104.043416,30.665634
医大教育,edu,科教文化服务;培训机构;培训机构,金牛区,104.040478,30.667741
琴台路社区道德讲堂,edu,科教文化服务;培训机构;培训机构,青羊区,104.039875,30.667321
随缘画室,edu,科教文化服务;培训机构;培训机构,青羊区,104.034605,30.660739
沉香山馆书院,edu,科教文化服务;培训机构;培训机构,青羊区,104.036516,30.663214
智康教育,edu,科教文化服务;培训机构;培训机构,青羊区,104.036085,30.663189
学辉教育,edu,科教文化服务;培训机构;培训机构,青羊区,104.037417,30.66857
千峰教育培训机构,edu,科教文化服务;培训机构;培训机构,青羊区,104.038575,30.665854
展奥教育,edu,科教文化服务;培训机构;培训机构,青羊区,104.034674,30.667466
四川旅游学院培训中心,edu,科教文化服务;培训机构;培训机构,青羊区,104.038523,30.665624
汉藏夷倭古代武备研修工作室,edu,科教文化服务;科教文化场所;科教文化场所,青羊区,104.033877,30.659941
中法骨科培训中心,edu,科教文化服务;培训机构;培训机构,青羊区,104.035038,30.666879
成都新像会计教育,edu,科教文化服务;培训机构;培训机构,青羊区,104.037806,30.66207
山东大学白癜风研究所技术指导中心,edu,科教文化服务;科教文化场所;科教文化场所,青羊区,104.038068,30.663578
纺织科技进展编辑部,edu,科教文化服务;传媒机构;杂志社,青羊区,104.043178,30.665467
成都起点文化传媒有限公司,edu,科教文化服务;科教文化场所;科教文化场所,青羊区,104.052002,30.662744
青羊区人口文化活动中心,edu,科教文化服务;文化宫;文化宫,青羊区,104.050016,30.669031
星光璀璨文化传播有限公司,edu,科教文化服务;科教文化场所;科教文化场所,青羊区,104.047036,30.665992
成都活动邦文化传播有限公司,edu,科教文化服务;传媒机构;传媒机构,青羊区,104.049497,30.661936
成都里润里文化传播有限公司,edu,科教文化服务;传媒机构;传媒机构,青羊区,104.050307,30.668464
四川力美合文化传播有限公司,edu,科教文化服务;传媒机构;传媒机构,金牛区,104.045736,30.668972
四川新媒互联文化传播有限公司,edu,科教文化服务;科教文化场所;科教文化场所,青羊区,104.05091,30.668844
青羊区梦之易文化创意中心,edu,科教文化服务;培训机构;培训机构,青羊区,104.047976,30.665696
成都墨之创文化传播有限公司,edu,科教文化服务;科教文化场所;科教文化场所,金牛区,104.045736,30.668972
成都市芳霖幸福文化传播有限公司,edu,科教文化服务;传媒机构;传媒机构,青羊区,104.050046,30.667788
泡桐树小学,edu,科教文化服务;学校;小学,青羊区,104.052859,30.66689
成都市树德协进中学,edu,科教文化服务;学校;中学,青羊区,104.049886,30.665524
宽窄巷子文物挖掘遗址-成都画院,edu,风景名胜;风景名胜;风景名胜|科教文化服务;培训机构;培训机构,青羊区,104.04944,30.667825
少城小学,edu,科教文化服务;学校;小学,青羊区,104.051771,30.664323
四川省成都市财贸职业高级中学,edu,科教文化服务;学校;职业技术学校,金牛区,104.043729,30.668699
四川省化工设计院,edu,科教文化服务;科研机构;科研机构,青羊区,104.049493,30.662923
石室联合中学蜀华分校,edu,科教文化服务;学校;中学,青羊区,104.050468,30.660902
胜西小学,edu,科教文化服务;学校;小学,青羊区,104.05123,30.66236
金河宾馆会议中心,edu,科教文化服务;会展中心;会展中心,青羊区,104.053275,30.66415
宽巷子社区美术馆(锦都三期东南),edu,科教文化服务;美术馆;美术馆,青羊区,104.048176,30.665665
联森酒店-会议厅,edu,科教文化服务;会展中心;会展中心,青羊区,104.04716,30.663367
精神文明报社,edu,科教文化服务;传媒机构;报社,金牛区,104.044783,30.668081
长顺上街116号3号院-会议中心,edu,科教文化服务;会展中心;会展中心,青羊区,104.053293,30.664125
四川省成都市财贸学校高级中学,edu,科教文化服务;学校;中学,金牛区,104.044425,30.668738
四川省总工会干部学校,edu,科教文化服务;学校;学校,青羊区,104.052144,30.661304
胜西小学北区,edu,科教文化服务;学校;小学,青羊区,104.051226,30.66279
成都电大直属学院城中分院,edu,科教文化服务;学校;高等院校,青羊区,104.052127,30.661298
四川老年大学,edu,科教文化服务;学校;成人教育,青羊区,104.051587,30.66142
琉璃会,edu,科教文化服务;博物馆;博物馆,青羊区,104.050276,30.666091
灵志艺术(四川省灵志艺术人才),edu,科教文化服务;美术馆;美术馆,青羊区,104.052127,30.661298
成都大学华夏职业教育师资培训中心,edu,科教文化服务;培训机构;培训机构,金牛区,104.044191,30.668741
泡桐树小学(北区),edu,科教文化服务;学校;小学,青羊区,104.052772,30.668257
人民西路小学,edu,科教文化服务;学校;小学,青羊区,104.051338,30.66265
成都军区机关第二幼儿园,edu,科教文化服务;学校;幼儿园,青羊区,104.047227,30.663219
四川广播电视大学执讯学院,edu,科教文化服务;学校;成人教育,青羊区,104.050043,30.665011
气味图书馆,edu,科教文化服务;图书馆;图书馆,青羊区,104.051996,30.665548
四川广播电视大学执讯分院,edu,科教文化服务;学校;成人教育,青羊区,104.049829,30.664753
成都市锦城学校,edu,科教文化服务;学校;学校,青羊区,104.050255,30.660571
红台美术馆,edu,科教文化服务;美术馆;美术馆,青羊区,104.044107,30.663655
成都市银星高回收新型选煤设计院,edu,科教文化服务;科研机构;科研机构,金牛区,104.045736,30.668972
成都市道桥研究所,edu,科教文化服务;科研机构;科研机构,青羊区,104.050986,30.664611
齐雅舞蹈艺术中心,edu,科教文化服务;美术馆;美术馆,金牛区,104.044175,30.667609
青羊区图书馆宽巷子分馆,edu,科教文化服务;图书馆;图书馆,青羊区,104.047979,30.665696
四川省通俗文艺研究会国学部,edu,科教文化服务;科研机构;科研机构,青羊区,104.0505,30.661453
四川省成都市财贸职业中专学校,edu,科教文化服务;学校;职业技术学校,金牛区,104.044182,30.66874
四川党的建设杂志社发刊处,edu,科教文化服务;传媒机构;杂志社,青羊区,104.052176,30.667605
成都当代工笔画研究会(下同仁路),edu,科教文化服务;科研机构;科研机构,青羊区,104.049319,30.66786
成都策动品牌传播有限公司,edu,科教文化服务;传媒机构;传媒机构,金牛区,104.045736,30.668972
成都市城市环境管理科学研究院,edu,科教文化服务;科研机构;科研机构,青羊区,104.050284,30.663906
成都学之堂学校,edu,科教文化服务;培训机构;培训机构,青羊区,104.052985,30.66198
四川省成都市财贸职业中专学校,edu,科教文化服务;学校;职业技术学校,金牛区,104.044182,30.66874
四川党的建设杂志社发刊处,edu,科教文化服务;传媒机构;杂志社,青羊区,104.052176,30.667605
成都当代工笔画研究会(下同仁路),edu,科教文化服务;科研机构;科研机构,青羊区,104.049319,30.66786
少城社区未成年人活动中心,edu,科教文化服务;科教文化场所;科教文化场所,青羊区,104.049338,30.661806
成都策动品牌传播有限公司,edu,科教文化服务;传媒机构;传媒机构,金牛区,104.045736,30.668972
成都市城市环境管理科学研究院,edu,科教文化服务;科研机构;科研机构,青羊区,104.050284,30.663906
坚果自拍实验室,edu,科教文化服务;科研机构;科研机构,青羊区,104.052006,30.663029
成都力度广告传播有限公司,edu,科教文化服务;传媒机构;传媒机构,金牛区,104.045736,30.668972
三心教育中考高考,edu,科教文化服务;科教文化场所;科教文化场所,青羊区,104.05294,30.660955
成都14中英语组,edu,科教文化服务;科教文化场所;科教文化场所,青羊区,104.049656,30.660886
三格青少年教育中心,edu,科教文化服务;科教文化场所;科教文化场所,青羊区,104.048206,30.665777
成都市胜西小学-校办厂,edu,科教文化服务;科教文化场所;科教文化场所,青羊区,104.051474,30.662998
成都市胜西小学-思远楼,edu,科教文化服务;科教文化场所;科教文化场所,青羊区,104.051109,30.662843
成都市胜西小学-致远楼,edu,科教文化服务;科教文化场所;科教文化场所,青羊区,104.051187,30.66231
成都学之堂学校,edu,科教文化服务;培训机构;培训机构,青羊区,104.052985,30.66198
小书童教育(泡桐树学习中心),edu,科教文化服务;培训机构;培训机构,青羊区,104.051922,30.668474
成都市质量技术监督教育培训中心,edu,科教文化服务;培训机构;培训机构,金牛区,104.044792,30.668018
成都木原建筑设计院,edu,科教文化服务;科研机构;科研机构,青羊区,104.047434,30.665753
儒道书院,edu,科教文化服务;培训机构;培训机构,青羊区,104.0505,30.661452
英国教育中心,edu,科教文化服务;科教文化场所;科教文化场所,金牛区,104.045952,30.669146
梦之队精英教育,edu,科教文化服务;培训机构;培训机构,青羊区,104.051866,30.662698
左右左画室,edu,科教文化服务;培训机构;培训机构,青羊区,104.053046,30.661952
科雅数学,edu,科教文化服务;培训机构;培训机构,青羊区,104.052007,30.663029
尚美堂画室,edu,科教文化服务;培训机构;培训机构,青羊区,104.052126,30.661299
成都职研教育MBA中心,edu,科教文化服务;培训机构;培训机构,青羊区,104.052104,30.661229
卡弗钢琴艺术培训中心,edu,科教文化服务;培训机构;培训机构,青羊区,104.052885,30.667484
金博文教育,edu,科教文化服务;培训机构;培训机构,青羊区,104.052256,30.661249
翰林图画院,edu,科教文化服务;培训机构;培训机构,青羊区,104.049223,30.667616
众智教育中心,edu,科教文化服务;培训机构;培训机构,青羊区,104.052985,30.66198
成都市兴网传媒有限责任公司(西安南路),edu,科教文化服务;传媒机构;传媒机构,金牛区,104.044202,30.667768
左老师画室,edu,科教文化服务;培训机构;培训机构,青羊区,104.052961,30.662055
四川国际文化传播有限公司,edu,科教文化服务;传媒机构;传媒机构,青羊区,104.055465,30.661533
四川省对外文化交流中心,edu,科教文化服务;科教文化场所;科教文化场所,青羊区,104.057624,30.665583
四川亿视文化传播有限公司,edu,科教文化服务;传媒机构;传媒机构,青羊区,104.055465,30.661533
四川省文化厅剧目工作室,edu,科教文化服务;文艺团体;文艺团体,青羊区,104.058014,30.660158
四川锦嘉文化传媒有限公司,edu,科教文化服务;传媒机构;传媒机构,青羊区,104.06024,30.66412
四川雄蔚文化传播有限公司,edu,科教文化服务;科教文化场所;科教文化场所,青羊区,104.05842,30.662191
四川大维文化传播有限责任公司,edu,科教文化服务;科教文化场所;科教文化场所,青羊区,104.056701,30.665798
四川文化产业职业学院成人教育学院,edu,科教文化服务;学校;成人教育,青羊区,104.057521,30.665156
特闪润良文化传媒公司,edu,科教文化服务;科教文化场所;科教文化场所,青羊区,104.05956,30.664394
成都赢略文化传播有限公司,edu,科教文化服务;传媒机构;传媒机构,青羊区,104.055465,30.661533
成都市电影集团有限责任公司文化传播分公司,edu,科教文化服务;传媒机构;传媒机构,青羊区,104.063037,30.666573
兴成居住文化传播有限公司《成都房地产》,edu,科教文化服务;传媒机构;传媒机构,青羊区,104.062644,30.667267
四川科技馆,edu,科教文化服务;科技馆;科技馆,青羊区,104.063272,30.662361
四川省干部函授学院仁厚校区,edu,科教文化服务;学校;成人教育,青羊区,104.057342,30.665297
四川美术馆(人民西路),edu,科教文化服务;美术馆;美术馆,青羊区,104.059241,30.661009
四川省图书馆,edu,科教文化服务;图书馆;图书馆,青羊区,104.061088,30.66115
新智达教育,edu,科教文化服务;培训机构;培训机构,青羊区,104.063037,30.666573
成都市实验小学,edu,科教文化服务;学校;小学,青羊区,104.06263,30.665588
西北中学,edu,科教文化服务;学校;中学,青羊区,104.059655,30.66049
天府博览中心,edu,科教文化服务;展览馆;展览馆,青羊区,104.06177,30.667223
四川省体育博物馆,edu,科教文化服务;博物馆;博物馆,青羊区,104.055533,30.661614
新育才学校(长顺上街),edu,科教文化服务;培训机构;培训机构,青羊区,104.053808,30.66706
成都博物馆新馆,edu,科教文化服务;博物馆;博物馆,青羊区,104.061206,30.659752
成都市树德实验中学(东区),edu,科教文化服务;学校;中学,青羊区,104.06249,30.666262
成都市青羊区天府幼儿园,edu,科教文化服务;学校;幼儿园,青羊区,104.060217,30.66243
鹏飞君元大酒店-会议室,edu,科教文化服务;会展中心;会展中心,青羊区,104.053772,30.668818
成都市人防建筑设计研究院,edu,科教文化服务;科研机构;科研机构,青羊区,104.059426,30.664353
中国发展网四川频道,edu,科教文化服务;传媒机构;电视台,青羊区,104.057479,30.663176
四川国际商品展示中心,edu,科教文化服务;展览馆;展览馆,青羊区,104.055533,30.661614
成都市回民小学,edu,科教文化服务;学校;小学,青羊区,104.059062,30.661259
四川广播电视集团,edu,科教文化服务;传媒机构;传媒机构,青羊区,104.057633,30.664681
成都国际友城展,edu,科教文化服务;展览馆;展览馆,青羊区,104.062225,30.661243
四川广播电视台(东胜街),edu,科教文化服务;传媒机构;电视台,青羊区,104.05501,30.663558
少城组合小学校,edu,科教文化服务;学校;小学,青羊区,104.054524,30.668971
国际象棋培训,edu,科教文化服务;培训机构;培训机构,青羊区,104.057875,30.662371
成都市房地产发展研究中心,edu,科教文化服务;科研机构;科研机构,青羊区,104.062644,30.667267
四川省图书馆工程项目部,edu,科教文化服务;图书馆;图书馆,青羊区,104.061086,30.661146
四川科技馆(北门),edu,通行设施;建筑物门;建筑物门|科教文化服务;科技馆;科技馆,青羊区,104.063404,30.662853
生命奥秘·人体世界科普展览,edu,科教文化服务;科教文化场所;科教文化场所,青羊区,104.063195,30.659496
成都城市河流研究会,edu,科教文化服务;科研机构;科研机构,青羊区,104.05842,30.662191
四川省新闻出版广电局(桂花巷),edu,科教文化服务;传媒机构;传媒机构,青羊区,104.057136,30.664328
东华咖啡师职业培训学校,edu,科教文化服务;学校;职业技术学校,青羊区,104.059744,30.659415
中国轻工业成都设计院,edu,科教文化服务;科研机构;科研机构,青羊区,104.056438,30.660904
四川省工商行政管理干部学校,edu,科教文化服务;学校;成人教育,青羊区,104.05846,30.659562
大众健康报社,edu,科教文化服务;传媒机构;报社,青羊区,104.057165,30.663229
四川文艺音像出版社,edu,科教文化服务;传媒机构;出版社,青羊区,104.058014,30.660158
成都房地产经济与管理研究会,edu,科教文化服务;科研机构;科研机构,青羊区,104.062644,30.667267
中共四川省委组织部党员教育中心,edu,政府机构及社会团体;政府机关;省直辖市级政府及事业单位|科教文化服务;学校;学校,青羊区,104.057476,30.666361
四川党建音像出版有限公司,edu,科教文化服务;传媒机构;出版社,青羊区,104.057476,30.666361
四川省工商行政管理干部学校,edu,科教文化服务;学校;成人教育,青羊区,104.05846,30.659562
大众健康报社,edu,科教文化服务;传媒机构;报社,青羊区,104.057165,30.663229
四川文艺音像出版社,edu,科教文化服务;传媒机构;出版社,青羊区,104.058014,30.660158
成都房地产经济与管理研究会,edu,科教文化服务;科研机构;科研机构,青羊区,104.062644,30.667267
中共四川省委组织部党员教育中心,edu,政府机构及社会团体;政府机关;省直辖市级政府及事业单位|科教文化服务;学校;学校,青羊区,104.057476,30.666361
四川藏学研究所,edu,科教文化服务;科研机构;科研机构,青羊区,104.05686,30.663027
四川党建音像出版有限公司,edu,科教文化服务;传媒机构;出版社,青羊区,104.057476,30.666361
四川智能职业培训学校,edu,科教文化服务;学校;职业技术学校,青羊区,104.059744,30.659415
市级机关第一幼儿园,edu,科教文化服务;学校;幼儿园,青羊区,104.060118,30.662445
成都市城市科学研究会,edu,科教文化服务;科研机构;科研机构,青羊区,104.058446,30.663782
成都市实验小学(人民中路校区),edu,科教文化服务;学校;小学,青羊区,104.062943,30.666085
成都学之堂学校,edu,科教文化服务;学校;学校,青羊区,104.057435,30.66292
实验小学业余艺术学校,edu,科教文化服务;学校;职业技术学校,青羊区,104.062204,30.668055
四川省老年人研究所,edu,科教文化服务;科研机构;科研机构,青羊区,104.054191,30.667107
成都市羊市街六一幼稚园,edu,科教文化服务;学校;幼儿园,青羊区,104.059157,30.668975
北京师范大学现代远程教育成都学习中心,edu,科教文化服务;学校;成人教育,青羊区,104.057623,30.665848
广元电视台广告中心,edu,科教文化服务;传媒机构;电视台,青羊区,104.057875,30.662371
成都市科学技术进修学院,edu,科教文化服务;学校;成人教育,青羊区,104.057907,30.663127
四川市场监管研究院,edu,科教文化服务;科研机构;科研机构,青羊区,104.058508,30.659549
无限流武道研修会,edu,科教文化服务;科研机构;科研机构,青羊区,104.053979,30.669184
四川市场监督研究院,edu,科教文化服务;科研机构;科研机构,青羊区,104.058452,30.659612
十九冶人防设计院,edu,科教文化服务;科研机构;科研机构,青羊区,104.055534,30.661599
中共四川省委办公厅幼儿园,edu,科教文化服务;学校;幼儿园,青羊区,104.0543,30.66648
高尔夫时尚杂志社,edu,科教文化服务;传媒机构;杂志社,青羊区,104.055465,30.661533
香格里拉咖啡师培训学校,edu,科教文化服务;培训机构;培训机构,青羊区,104.059744,30.659415
中共四川省委政策研究室,edu,科教文化服务;科研机构;科研机构,青羊区,104.057337,30.663916
四川农业大学教学实习基地,edu,科教文化服务;学校;学校,青羊区,104.057262,30.662894
廉政瞭望杂志社,edu,科教文化服务;传媒机构;杂志社,青羊区,104.053808,30.66706
哈哈教育(少城路),edu,科教文化服务;培训机构;培训机构,青羊区,104.055465,30.661533
四川自修大学成都辅导中心,edu,科教文化服务;培训机构;培训机构,青羊区,104.057615,30.665828
成都市民建书画院,edu,科教文化服务;科教文化场所;科教文化场所,青羊区,104.05935,30.662078
成都广播电视大学缨美模特培训中心,edu,科教文化服务;学校;成人教育,青羊区,104.057907,30.663127
中国经济导报,edu,科教文化服务;传媒机构;报社,青羊区,104.055545,30.661376
成都中山颈腰椎病研究院(少城路),edu,科教文化服务;科研机构;科研机构,青羊区,104.057809,30.660863
中共四川省委党校函授学院工商分院,edu,科教文化服务;学校;成人教育,青羊区,104.058493,30.659564
看四川杂志社,edu,科教文化服务;传媒机构;杂志社,青羊区,104.057251,30.663143
成都市科技活动中心,edu,科教文化服务;科教文化场所;科教文化场所,青羊区,104.057907,30.663127
科达数码影像制作有限公司,edu,科教文化服务;传媒机构;传媒机构,青羊区,104.05842,30.662191
正吉教育,edu,科教文化服务;培训机构;培训机构,青羊区,104.055359,30.661593
成都市博祥近视眼研究所,edu,科教文化服务;科研机构;科研机构,青羊区,104.058304,30.663449
四川西部民生研究院,edu,科教文化服务;科研机构;科研机构,青羊区,104.057479,30.663176
大华医学美容研究所皮肤病研究中心,edu,科教文化服务;科研机构;科研机构,青羊区,104.057625,30.665559
党史研究室,edu,科教文化服务;科教文化场所;科教文化场所,青羊区,104.055141,30.66764
总队文工团,edu,科教文化服务;科教文化场所;科教文化场所,青羊区,104.061596,30.664752
少城街道办事处科普活动中心,edu,科教文化服务;科教文化场所;科教文化场所,青羊区,104.05638,30.6622
四川省艺术创作中心,edu,科教文化服务;科教文化场所;科教文化场所,青羊区,104.058014,30.660158
成都市回民小学(西门),edu,科教文化服务;科教文化场所;科教文化场所,青羊区,104.058469,30.661298
爱乐乐团,edu,科教文化服务;科教文化场所;科教文化场所,青羊区,104.055298,30.663452
鑫宝影视,edu,科教文化服务;传媒机构;传媒机构,青羊区,104.054699,30.66342
麒跃阁艺校总管理处,edu,科教文化服务;培训机构;培训机构,青羊区,104.055465,30.661533
中国经济导报驻四川记者站,edu,科教文化服务;传媒机构;报社,青羊区,104.057479,30.663176
华东师范大学现代远程教育四川成都广播电视大学学习中心,edu,科教文化服务;学校;成人教育,青羊区,104.057888,30.662934
艺尖舞蹈,edu,购物服务;服装鞋帽皮具店;服装鞋帽皮具店|科教文化服务;培训机构;培训机构,青羊区,104.057004,30.660856
四川广播电视台-演播厅,edu,科教文化服务;科教文化场所;科教文化场所,青羊区,104.054894,30.663592
明智教育学校,edu,科教文化服务;科教文化场所;科教文化场所,青羊区,104.057165,30.663229
中共四川省委四川党的建设杂志社,edu,科教文化服务;传媒机构;杂志社,青羊区,104.057624,30.665583
原点艺术设计学校,edu,科教文化服务;培训机构;培训机构,青羊区,104.053808,30.667057
青城山祖师殿接引处,edu,科教文化服务;科教文化场所;科教文化场所,青羊区,104.056975,30.659693
爱尔培训学校,edu,科教文化服务;培训机构;培训机构,青羊区,104.053979,30.669184
中国互联网经济研究院四川(成都)研究中心(东胜街),edu,科教文化服务;科研机构;科研机构,青羊区,104.057479,30.663176
麒跃阁美术学校,edu,科教文化服务;培训机构;培训机构,青羊区,104.057435,30.66292
正源茶道茶艺培训,edu,科教文化服务;培训机构;培训机构,青羊区,104.058378,30.663784
成都市示范社区教育工作站,edu,科教文化服务;科教文化场所;科教文化场所,青羊区,104.056226,30.662209
青羊区妇联家庭教育示范点,edu,科教文化服务;科教文化场所;科教文化场所,青羊区,104.056226,30.662209
博睿教育·四川分校,edu,科教文化服务;培训机构;培训机构,青羊区,104.055465,30.661533
美甲培训,edu,科教文化服务;培训机构;培训机构,青羊区,104.058002,30.660062
理财培训班,edu,科教文化服务;培训机构;培训机构,青羊区,104.05721,30.663309
大飞天画室,edu,科教文化服务;培训机构;培训机构,青羊区,104.062606,30.667864
牧童教育,edu,科教文化服务;培训机构;培训机构,青羊区,104.055534,30.661599
少城街道商业街社区家长学校,edu,科教文化服务;科教文化场所;科教文化场所,青羊区,104.05638,30.6622
四川省自修大学成都福岛中心,edu,科教文化服务;科教文化场所;科教文化场所,青羊区,104.057549,30.665917
觉色培训,edu,科教文化服务;培训机构;培训机构,青羊区,104.058092,30.659944
北京佳讯飞鸿成都研发中心,edu,科教文化服务;科教文化场所;科教文化场所,青羊区,104.05956,30.664393
春暖花开教育(慧德商厦东),edu,科教文化服务;培训机构;培训机构,青羊区,104.053808,30.667058
四川(成都)卡能教育中心,edu,科教文化服务;培训机构;培训机构,青羊区,104.055465,30.661533
四川党建期刊集团汽车时尚报社,edu,科教文化服务;传媒机构;报社,青羊区,104.057165,30.663229
国家发改委中国发展网四川频道,edu,科教文化服务;传媒机构;传媒机构,青羊区,104.055465,30.661533
最成都市民课堂星级教学点,edu,科教文化服务;培训机构;培训机构,青羊区,104.056226,30.662209
罗丹时尚教育化妆培训学校,edu,科教文化服务;培训机构;培训机构,青羊区,104.05796,30.662917
倩雯国际舞蹈艺术培训中心,edu,科教文化服务;培训机构;培训机构,青羊区,104.059283,30.659408
四川省中华职业教育社(庄森大厦西北),edu,科教文化服务;科教文化场所;科教文化场所,青羊区,104.056957,30.663009
成都市青羊区社会组织人才培育基地,edu,科教文化服务;科教文化场所;科教文化场所,青羊区,104.055591,30.664398
成都市危险化学品安全培训中心,edu,科教文化服务;培训机构;培训机构,青羊区,104.057953,30.663004
四川省经纪人培训中心,edu,科教文化服务;培训机构;培训机构,青羊区,104.058493,30.659564
成都广播电视大学直属城中学院,edu,科教文化服务;学校;成人教育,青羊区,104.057953,30.663004
四川酿酒杂志,edu,科教文化服务;传媒机构;杂志社,青羊区,104.058493,30.659564
成都市房地产及住宅研究会,edu,科教文化服务;科研机构;科研机构,青羊区,104.062644,30.667267
腾派舞蹈,edu,科教文化服务;培训机构;培训机构,青羊区,104.056942,30.660982
2015年度社区少年宫建设工作优秀社区,edu,科教文化服务;科教文化场所;科教文化场所,青羊区,104.056226,30.662209
大华美容文绣化妆艺术学校,edu,科教文化服务;培训机构;培训机构,青羊区,104.057386,30.665653
太奇教育成都分校,edu,科教文化服务;培训机构;培训机构,青羊区,104.055465,30.661533
四川富利勤广告传媒有限公司,edu,科教文化服务;传媒机构;传媒机构,青羊区,104.05963,30.666712
四川省法学会西南政法人才研究会,edu,科教文化服务;科研机构;科研机构,青羊区,104.059744,30.659415
三力音乐艺术学校(人民中路一段),edu,科教文化服务;培训机构;培训机构,青羊区,104.062437,30.663945
金典美容艺术培训学校(东城根上街),edu,科教文化服务;培训机构;培训机构,青羊区,104.057953,30.663004
成都人力资源管理师培训中心(总部),edu,科教文化服务;培训机构;培训机构,青羊区,104.055355,30.661592
成都市青羊区社会组织人才培训基地,edu,科教文化服务;培训机构;培训机构,青羊区,104.054631,30.664799
成都市统计教育中心,edu,科教文化服务;科教文化场所;科教文化场所,青羊区,104.057435,30.66292
中国共产党成都市委统战部蜀都书画院,edu,科教文化服务;培训机构;培训机构,青羊区,104.057462,30.662966
成都巴蜀职业技能培训学校(东胜街),edu,科教文化服务;培训机构;培训机构,青羊区,104.057435,30.66292
四川省干部函授学院工商分院,edu,科教文化服务;学校;成人教育,青羊区,104.058493,30.659564
四川西部新农村建设培训中心,edu,科教文化服务;培训机构;培训机构,青羊区,104.056794,30.668692
成都社区大学青少年素质教育中心,edu,科教文化服务;培训机构;培训机构,青羊区,104.057907,30.663127
西部经理研修学校,edu,科教文化服务;学校;成人教育,青羊区,104.059744,30.659415
中共四川省委组织部对外管理人员培训中心,edu,科教文化服务;培训机构;培训机构,青羊区,104.057476,30.666361
新闻出版总署教育培训中心(西部地区分中心),edu,科教文化服务;培训机构;培训机构,青羊区,104.057111,30.664294
黑白文化传媒有限公司,edu,科教文化服务;科教文化场所;科教文化场所,锦江区,104.066377,30.660257
成都远航文化艺术学校,edu,科教文化服务;学校;职业技术学校,青羊区,104.067638,30.668631
成都木支文化传播有限公司,edu,科教文化服务;科教文化场所;科教文化场所,青羊区,104.067868,30.667622
成都兆龙文化传播有限公司,edu,科教文化服务;传媒机构;传媒机构,青羊区,104.070724,30.665347
成都工蜂文化传播有限公司,edu,科教文化服务;科教文化场所;科教文化场所,青羊区,104.068008,30.662044
成都联承文化传播有限公司,edu,科教文化服务;科教文化场所;科教文化场所,青羊区,104.069346,30.665829
成都新崛文化传播有限公司,edu,科教文化服务;科教文化场所;科教文化场所,青羊区,104.067933,30.661818
成都澜众文化传播有限公司,edu,科教文化服务;科教文化场所;科教文化场所,青羊区,104.070518,30.666606
成都伍易文化传播有限公司,edu,科教文化服务;科教文化场所;科教文化场所,锦江区,104.071866,30.66133
成都亚祥国际文化交流中心,edu,科教文化服务;科教文化场所;科教文化场所,青羊区,104.064993,30.667193
成都市青羊区艺考文化艺术学校,edu,科教文化服务;学校;职业技术学校,青羊区,104.068562,30.666477
四川圣谛文化传播有任公司,edu,科教文化服务;传媒机构;传媒机构,锦江区,104.071526,30.662032
锦城艺术宫,edu,科教文化服务;文化宫;文化宫,锦江区,104.065363,30.660014
12114工信部电信研究院信息名址服务管理中心,edu,科教文化服务;科教文化场所;科教文化场所,青羊区,104.0708,30.66551
央视网·企业频道西部运营服务中心,edu,科教文化服务;传媒机构;传媒机构,青羊区,104.070724,30.665347
海关总署服务局培训学校成都教学点,edu,科教文化服务;培训机构;培训机构,青羊区,104.072751,30.665093
国际会议中心,edu,科教文化服务;会展中心;会展中心,青羊区,104.069017,30.663026
成都市青少年宫(顺城大街),edu,科教文化服务;文化宫;文化宫,青羊区,104.068587,30.666834
心田花开学校(天府广场校区物质大厦教学点),edu,科教文化服务;培训机构;培训机构,青羊区,104.066624,30.661195
成都市建筑设计研究院,edu,科教文化服务;科研机构;科研机构,青羊区,104.065231,30.66791
四川电视台经济频道,edu,科教文化服务;传媒机构;电视台,青羊区,104.067742,30.662603
成都市东华门幼儿园,edu,科教文化服务;学校;幼儿园,青羊区,104.067041,30.661872
成都外国语专业学校,edu,科教文化服务;学校;职业技术学校,青羊区,104.067574,30.665542
北大青鸟成都时代培训中心,edu,科教文化服务;培训机构;培训机构,青羊区,104.06859,30.666349
天府广场-生命奥秘博物馆,edu,科教文化服务;博物馆;博物馆,青羊区,104.064068,30.660191
天府国际会议中心,edu,科教文化服务;会展中心;会展中心,青羊区,104.064246,30.667574
体育博物馆,edu,科教文化服务;博物馆;博物馆,青羊区,104.067307,30.666001
成都北欧圣诞主题乐园,edu,科教文化服务;展览馆;展览馆,青羊区,104.066705,30.667828
鼓楼小学,edu,科教文化服务;学校;小学,青羊区,104.071953,30.667459
成都瑞吉酒店-会议室,edu,科教文化服务;会展中心;会展中心,青羊区,104.071067,30.663099
绿洲大酒店国际会议中心,edu,科教文化服务;会展中心;会展中心,青羊区,104.071448,30.668158
瞳艺·成都5D错觉艺术馆,edu,体育休闲服务;娱乐场所;娱乐场所|科教文化服务;美术馆;美术馆,青羊区,104.067146,30.667553
成都北欧星光错觉主题公园,edu,科教文化服务;展览馆;展览馆,青羊区,104.067046,30.667255
新华国际酒店国际会议厅,edu,科教文化服务;会展中心;会展中心,青羊区,104.069651,30.66637
成都鼓楼智选假日酒店-会议厅,edu,科教文化服务;会展中心;会展中心,青羊区,104.070111,30.66629
成都富力丽思卡尔顿酒店-会议厅,edu,科教文化服务;会展中心;会展中心,青羊区,104.067615,30.666233
蜀都大厦宾馆会议中心,edu,科教文化服务;会展中心;会展中心,锦江区,104.072643,30.661569
成都市青少年活动中心(顺城大街),edu,科教文化服务;文化宫;文化宫,青羊区,104.068587,30.666834
大有巷小学,edu,科教文化服务;学校;小学,青羊区,104.067475,30.66356
成都梵高星空艺术馆,edu,科教文化服务;美术馆;美术馆,青羊区,104.067566,30.667861
成都安博教育时代软件学院,edu,科教文化服务;学校;高等院校,青羊区,104.068413,30.666509
EF英孚教育青少儿英语(顺城中心),edu,科教文化服务;培训机构;培训机构,青羊区,104.068567,30.664515
金典教育(顺城大街),edu,科教文化服务;培训机构;培训机构,青羊区,104.067993,30.662149
永信会计培训,edu,科教文化服务;培训机构;培训机构,青羊区,104.067506,30.665648
鹏博士电信传媒集团股份有限公司,edu,科教文化服务;传媒机构;传媒机构,青羊区,104.067859,30.665143
成都市青少年宫美术学校,edu,科教文化服务;培训机构;培训机构,青羊区,104.068587,30.666834
成都市第二幼儿园,edu,科教文化服务;学校;幼儿园,青羊区,104.06741,30.663546
80hotel市青少年宫(顺城大街),edu,科教文化服务;文化宫;文化宫,青羊区,104.068534,30.666934
埃蒂职业技能培训学校,edu,科教文化服务;学校;职业技术学校,青羊区,104.068882,30.666569
张洋舞蹈艺术中心,edu,科教文化服务;美术馆;美术馆,青羊区,104.06447,30.669235
鹏博士电信传媒集团股份有限公司,edu,科教文化服务;传媒机构;传媒机构,青羊区,104.067859,30.665143
蒋来舞蹈(旗舰店),edu,科教文化服务;培训机构;培训机构,青羊区,104.068553,30.666472
成都市青少年宫美术学校,edu,科教文化服务;培训机构;培训机构,青羊区,104.068587,30.666834
中国肛肠网编辑部,edu,科教文化服务;传媒机构;传媒机构,青羊区,104.073026,30.665007
成都马术杂志社编辑部,edu,科教文化服务;传媒机构;传媒机构,青羊区,104.065089,30.667086
成都市第二幼儿园,edu,科教文化服务;学校;幼儿园,青羊区,104.06741,30.663546
80hotel市青少年宫(顺城大街),edu,科教文化服务;文化宫;文化宫,青羊区,104.068534,30.666934
埃蒂职业技能培训学校,edu,科教文化服务;学校;职业技术学校,青羊区,104.068882,30.666569
建明外语,edu,科教文化服务;培训机构;培训机构,青羊区,104.067993,30.662149
四川高山生态研究中心,edu,科教文化服务;科教文化场所;科教文化场所,青羊区,104.069341,30.66583
张洋舞蹈艺术中心,edu,科教文化服务;美术馆;美术馆,青羊区,104.06447,30.669235
四川李阳疯狂英语学校,edu,科教文化服务;培训机构;培训机构,青羊区,104.067993,30.662149
成都电台富力天汇直播间,edu,科教文化服务;科教文化场所;科教文化场所,青羊区,104.067854,30.667632
加拿大高等教育基础部,edu,科教文化服务;科教文化场所;科教文化场所,青羊区,104.069002,30.665662
三叶画廊,edu,科教文化服务;科教文化场所;科教文化场所,青羊区,104.065086,30.669168
戴氏留学英语培训中心,edu,科教文化服务;培训机构;培训机构,青羊区,104.06859,30.666349
成都市青少年宫A区,edu,科教文化服务;文化宫;文化宫,青羊区,104.068752,30.666738
四川省审计科学研究所,edu,科教文化服务;科研机构;科研机构,锦江区,104.073013,30.663614
成都自动化研究会,edu,科教文化服务;科研机构;科研机构,青羊区,104.067574,30.665542
环艺设计所,edu,科教文化服务;科研机构;科研机构,青羊区,104.065409,30.667889
省工商联研究室,edu,科教文化服务;科研机构;科研机构,青羊区,104.070981,30.668258
成都科技培训中心,edu,科教文化服务;培训机构;培训机构,青羊区,104.067574,30.665542
大中华艺术团,edu,科教文化服务;文艺团体;文艺团体,青羊区,104.064285,30.667442
提督街1号林恩国际酒店7-8楼林恩国际酒店-会议室,edu,科教文化服务;会展中心;会展中心,锦江区,104.073283,30.662847
妹妹婚礼学院,edu,科教文化服务;学校;高等院校,青羊区,104.070603,30.665678
四川省人民政府文史研究馆,edu,科教文化服务;科研机构;科研机构,锦江区,104.07226,30.659666
英之辅语言培训中心,edu,科教文化服务;培训机构;培训机构,青羊区,104.068603,30.664463
四川省国防科技情报研究所,edu,科教文化服务;科研机构;科研机构,青羊区,104.067541,30.662122
英特尔电脑小博士工作室,edu,科教文化服务;培训机构;培训机构,青羊区,104.068587,30.666834
四川巴蜀新形象广告传媒股份有限公司,edu,科教文化服务;传媒机构;传媒机构,青羊区,104.068854,30.665679
四川省职业技能鉴定指导中心,edu,科教文化服务;科教文化场所;科教文化场所,青羊区,104.064597,30.668455
电子科技大学网络教育,edu,科教文化服务;培训机构;培训机构,青羊区,104.068553,30.666481
奢妃化妆学,edu,科教文化服务;培训机构;培训机构,青羊区,104.06668,30.668815
明道教育,edu,科教文化服务;培训机构;培训机构,青羊区,104.069341,30.665824
成都市金牛区渠源名师堂学校,edu,科教文化服务;学校;学校,青羊区,104.067574,30.665542
人民日报,edu,科教文化服务;传媒机构;报社,青羊区,104.071422,30.663039
梵音街小学,edu,科教文化服务;学校;小学,青羊区,104.069658,30.667524
盖格威外语培训中心,edu,科教文化服务;培训机构;培训机构,青羊区,104.067993,30.662149
天晟国际传媒,edu,科教文化服务;传媒机构;传媒机构,青羊区,104.070724,30.665347
四川亚太高等教育培训中心,edu,科教文化服务;培训机构;培训机构,青羊区,104.066757,30.661201
成都市青少年宫C区,edu,科教文化服务;科教文化场所;科教文化场所,青羊区,104.068923,30.667148
多迪教育,edu,科教文化服务;科教文化场所;科教文化场所,青羊区,104.067592,30.662619
大贺传媒,edu,科教文化服务;科教文化场所;科教文化场所,青羊区,104.069383,30.665823
高考名校冲刺中心,edu,科教文化服务;科教文化场所;科教文化场所,青羊区,104.068497,30.666463
五库源国学运用机构,edu,科教文化服务;科教文化场所;科教文化场所,青羊区,104.068482,30.665849
四川省情展示中心,edu,科教文化服务;展览馆;展览馆,青羊区,104.069017,30.663026
成都净桥留学,edu,科教文化服务;科教文化场所;科教文化场所,青羊区,104.07081,30.665519
米尔克和他的朋友们,edu,科教文化服务;科教文化场所;科教文化场所,青羊区,104.071133,30.668743
新华社快讯,edu,科教文化服务;传媒机构;报社,锦江区,104.073123,30.661393
心田花开学校,edu,科教文化服务;科教文化场所;科教文化场所,青羊区,104.066574,30.661287
东方之星思维学校,edu,科教文化服务;科教文化场所;科教文化场所,青羊区,104.068553,30.666472
戴氏英语总校,edu,科教文化服务;科教文化场所;科教文化场所,青羊区,104.068875,30.666441
奢妃形象设计艺术学校,edu,科教文化服务;学校;职业技术学校,青羊区,104.067628,30.667702
影响力教育训练,edu,科教文化服务;科教文化场所;科教文化场所,锦江区,104.068761,30.659467
学商教育会计培训,edu,科教文化服务;培训机构;培训机构,青羊区,104.068008,30.662044
四川时代自考教育中心,edu,科教文化服务;科教文化场所;科教文化场所,青羊区,104.068553,30.666472
书之香专业家教(古中市街),edu,科教文化服务;培训机构;培训机构,青羊区,104.068854,30.665679
星艺形象设计培训学校,edu,科教文化服务;培训机构;培训机构,青羊区,104.069002,30.665662
思达教育(东华门街),edu,科教文化服务;培训机构;培训机构,青羊区,104.066613,30.66863
环宇教学法研究所,edu,科教文化服务;科研机构;科研机构,青羊区,104.067993,30.662149
成都星空间街舞培训,edu,科教文化服务;培训机构;培训机构,青羊区,104.065169,30.669089
中学生,edu,科教文化服务;科教文化场所;科教文化场所,青羊区,104.069002,30.665662
西安东亚西文培训中心成都办事处,edu,科教文化服务;科教文化场所;科教文化场所,青羊区,104.068875,30.666441
小书童成都人民中路校区,edu,科教文化服务;科教文化场所;科教文化场所,青羊区,104.066631,30.663706
成都大东方科技进修学校,edu,科教文化服务;科教文化场所;科教文化场所,青羊区,104.067742,30.662603
仁和会计教育(古中市街),edu,科教文化服务;培训机构;培训机构,青羊区,104.06859,30.666349
麦克星球创客空间(华置广场店),edu,科教文化服务;科教文化场所;科教文化场所,青羊区,104.071011,30.663046
《自动化信息》编辑部,edu,科教文化服务;传媒机构;传媒机构,青羊区,104.067574,30.665542
四川科技馆(东门),edu,科教文化服务;科技馆;科技馆|通行设施;临街院门;临街院门,青羊区,104.06474,30.662467
成都深蓝国际象棋学校(梵音寺街),edu,科教文化服务;培训机构;培训机构,青羊区,104.069743,30.668718
四川理工学院五冶职大教学站,edu,科教文化服务;学校;成人教育,青羊区,104.068553,30.666472
戴氏留学中心,edu,科教文化服务;科教文化场所;科教文化场所,青羊区,104.068845,30.666434
四川报道杂志社,edu,科教文化服务;传媒机构;杂志社,青羊区,104.068854,30.665679
成都托福培训中心,edu,科教文化服务;培训机构;培训机构,青羊区,104.068887,30.66643
成都ID潮流化妆学校,edu,科教文化服务;培训机构;培训机构,青羊区,104.068851,30.666455
外专外语,edu,科教文化服务;培训机构;培训机构,青羊区,104.067572,30.665539
正心教育,edu,科教文化服务;培训机构;培训机构,青羊区,104.069383,30.665823
弈学园围棋,edu,科教文化服务;培训机构;培训机构,青羊区,104.068685,30.666479
汇众教育动漫学院,edu,科教文化服务;培训机构;培训机构,青羊区,104.069017,30.666351
熠美舞蹈塑身中心,edu,科教文化服务;培训机构;培训机构,青羊区,104.063953,30.665618
箴言书院,edu,科教文化服务;培训机构;培训机构,青羊区,104.067965,30.66375
成都儿童创意美术馆,edu,科教文化服务;培训机构;培训机构,青羊区,104.068777,30.667172
成都鑫林艺帆教育,edu,科教文化服务;培训机构;培训机构,青羊区,104.067695,30.662984
读书郎托管教育,edu,科教文化服务;培训机构;培训机构,青羊区,104.064443,30.667886
成都导游培训,edu,科教文化服务;培训机构;培训机构,青羊区,104.06787,30.662882
琳达外教少儿英语,edu,科教文化服务;培训机构;培训机构,青羊区,104.067485,30.665592
拙印艺术,edu,科教文化服务;培训机构;培训机构,青羊区,104.070965,30.663142
EC机器人俱乐部,edu,科教文化服务;培训机构;培训机构,青羊区,104.067393,30.66553
太阳鸟培训学校,edu,科教文化服务;培训机构;培训机构,青羊区,104.068917,30.667146
成都市建筑设计研究院电气所,edu,科教文化服务;科教文化场所;科教文化场所,青羊区,104.065409,30.667889
书写人生练字,edu,科教文化服务;培训机构;培训机构,青羊区,104.069319,30.665897
经典教育,edu,科教文化服务;培训机构;培训机构,青羊区,104.067691,30.662281
赛优教育,edu,科教文化服务;培训机构;培训机构,青羊区,104.067974,30.662674
歌泽美容职业技能培训学校,edu,科教文化服务;学校;职业技术学校,锦江区,104.071384,30.661163
盐市口街道青年路社区综合文体活动室,edu,科教文化服务;科教文化场所;科教文化场所,青羊区,104.06661,30.662879
汉沙国际模特形象培训学校,edu,科教文化服务;培训机构;培训机构,青羊区,104.067595,30.667806
Mix弥克造型研习中心,edu,科教文化服务;培训机构;培训机构,青羊区,104.071294,30.668827
妙笔作文(东华门街),edu,科教文化服务;培训机构;培训机构,青羊区,104.066497,30.662001
中国工程物理研究院建筑设计院成都分院,edu,科教文化服务;科研机构;科研机构,锦江区,104.071526,30.662032
VIP教学区,edu,科教文化服务;科教文化场所;科教文化场所,青羊区,104.068553,30.666481
立信市场研究,edu,科教文化服务;科教文化场所;科教文化场所,青羊区,104.069341,30.665824
沁杨瑜伽健身培训,edu,科教文化服务;培训机构;培训机构,青羊区,104.070855,30.665022
中和教育(总府路校区),edu,科教文化服务;培训机构;培训机构,锦江区,104.073407,30.662108
现代教育,edu,科教文化服务;培训机构;培训机构,青羊区,104.069002,30.665662
中传之星艺术培训学校,edu,科教文化服务;培训机构;培训机构,青羊区,104.067705,30.663008
汇众教育(顺城大街),edu,科教文化服务;培训机构;培训机构,青羊区,104.068576,30.664519
中国pph技术培训中心,edu,科教文化服务;培训机构;培训机构,青羊区,104.073026,30.665007
完美动力成都校区,edu,科教文化服务;培训机构;培训机构,青羊区,104.068563,30.667732
四川爱尔信会计培训学校,edu,科教文化服务;培训机构;培训机构,青羊区,104.067879,30.66639
新未来教育,edu,科教文化服务;培训机构;培训机构,锦江区,104.073386,30.662458
太极舞蹈工作室,edu,科教文化服务;培训机构;培训机构,锦江区,104.071659,30.662258
聚声传媒成都分公司,edu,科教文化服务;传媒机构;传媒机构,青羊区,104.068854,30.665679
首韩木子托管,edu,科教文化服务;培训机构;培训机构,锦江区,104.070101,30.659827
在职研究生成都教学中心,edu,科教文化服务;培训机构;培训机构,青羊区,104.070787,30.662056
加拿大皇家大学亚太mba教育中心,edu,科教文化服务;科教文化场所;科教文化场所,青羊区,104.067754,30.662653
小鹰号国际优才教育机构,edu,科教文化服务;培训机构;培训机构,青羊区,104.069342,30.66583
罗兰数字音乐学校(富力天汇校区),edu,科教文化服务;培训机构;培训机构,青羊区,104.067854,30.667632
成都体育中心乒乓球培训中心,edu,科教文化服务;培训机构;培训机构,青羊区,104.06554,30.667334
中国建筑装饰协会培训中心培训工作站,edu,科教文化服务;科教文化场所;科教文化场所,青羊区,104.068538,30.666474
丹秋名师堂学校(顺城街校区),edu,科教文化服务;培训机构;培训机构,青羊区,104.067818,30.665652
击地舞蹈生活馆(锦城寰宇店),edu,科教文化服务;培训机构;培训机构,青羊区,104.067954,30.667812
小鹰号儿童学堂,edu,科教文化服务;培训机构;培训机构,青羊区,104.068517,30.667048
成都贺加贝化妆技能培训学校,edu,科教文化服务;培训机构;培训机构,锦江区,104.07344,30.65979
南开大学成都教学中心,edu,科教文化服务;培训机构;培训机构,青羊区,104.070787,30.662056
王良洪语文工作室,edu,科教文化服务;培训机构;培训机构,青羊区,104.066757,30.661201
沃尔得英语培训学校(富力校区),edu,科教文化服务;培训机构;培训机构,青羊区,104.067614,30.667801
天琥设计培训(成都锦江校区),edu,科教文化服务;培训机构;培训机构,青羊区,104.066517,30.661254
成都新时空室内设计培训学校,edu,科教文化服务;培训机构;培训机构,青羊区,104.068553,30.666472
华西艺术学校(国光顺城综合楼东),edu,科教文化服务;培训机构;培训机构,青羊区,104.068513,30.667506
恒企会计培训(成都天府广场校区),edu,科教文化服务;培训机构;培训机构,青羊区,104.066517,30.661254
明思源美术设计培训教育机构,edu,科教文化服务;培训机构;培训机构,锦江区,104.070242,30.660663
成都先锋文化传媒有限公司,edu,科教文化服务;传媒机构;传媒机构|公司企业;公司;公司,锦江区,104.082276,30.664043
成乐轩文化传播,edu,科教文化服务;传媒机构;传媒机构,青羊区,104.081437,30.668311
新定义文化传播公司,edu,科教文化服务;科教文化场所;科教文化场所,锦江区,104.074954,30.660088
梦启航艺术文化培训,edu,科教文化服务;培训机构;培训机构,锦江区,104.081122,30.665665
成都同享文化传播有限公司,edu,科教文化服务;科教文化场所;科教文化场所,锦江区,104.074775,30.660487
成都高创文化传媒有限公司,edu,科教文化服务;科教文化场所;科教文化场所,锦江区,104.077461,30.661305
四川鑫鑫演艺文化传播有限公司,edu,科教文化服务;传媒机构;传媒机构,锦江区,104.078315,30.660974
成都天倍文化传媒有限公司,edu,科教文化服务;传媒机构;传媒机构,锦江区,104.083027,30.665148
成都紫水晶文化传播有限公司,edu,科教文化服务;科教文化场所;科教文化场所,锦江区,104.077461,30.661305
和华文化传媒成都办事处,edu,科教文化服务;传媒机构;传媒机构,锦江区,104.079645,30.66386
四川蝶翼文化传媒有限公司,edu,科教文化服务;科教文化场所;科教文化场所,锦江区,104.08343,30.663313
四川新华文化传播有限责任公司(东玉龙街),edu,科教文化服务;传媒机构;传媒机构,锦江区,104.077761,30.667168
成都朴奥创意文化传播,edu,科教文化服务;科教文化场所;科教文化场所,锦江区,104.07826,30.662987
成都星梦奇缘文化传播有限公司,edu,科教文化服务;科教文化场所;科教文化场所,锦江区,104.077935,30.661549
成都博彩汇智文化传播有限公司,edu,科教文化服务;科教文化场所;科教文化场所,青羊区,104.076172,30.669362
河北中外文化交流专修学院沧州校区(建设中),edu,科教文化服务;学校;高等院校,锦江区,104.076272,30.664347
成都生命之花文化传播有限公司,edu,科教文化服务;科教文化场所;科教文化场所,锦江区,104.081593,30.663988
四川省鸿易文化传播有限公司,edu,科教文化服务;传媒机构;传媒机构,青羊区,104.080919,30.668802
啄木鸟文化传播有限公司成都分公司,edu,科教文化服务;科教文化场所;科教文化场所,锦江区,104.077475,30.660896
春熙路街道综合文化活动中心,edu,科教文化服务;文化宫;文化宫,锦江区,104.079103,30.662573
四川束负利文化传播有限公司,edu,科教文化服务;科教文化场所;科教文化场所,锦江区,104.082225,30.666781
凯恩艺尚禅绣文化传播有限公司,edu,科教文化服务;科教文化场所;科教文化场所,锦江区,104.078247,30.664434
成都市乌克特洛伊文化传播有限公司,edu,科教文化服务;科教文化场所;科教文化场所,锦江区,104.078234,30.664399
青羊区市民文化艺术培训学校(太升路街道辅导站),edu,科教文化服务;培训机构;培训机构,青羊区,104.078087,30.669336
四川金卡文化公司《BANKVIP·读城》,edu,科教文化服务;传媒机构;传媒机构,锦江区,104.08185,30.659775
成都电视台经济资讯服务频道广告部,edu,科教文化服务;传媒机构;传媒机构,锦江区,104.08185,30.659775
成都市新世纪学前教育服务中心,edu,科教文化服务;培训机构;培训机构,锦江区,104.077266,30.669104
四川省作协文学交流服务中心,edu,科教文化服务;科教文化场所;科教文化场所,锦江区,104.08119,30.662381
黑酷街舞培训,edu,科教文化服务;培训机构;培训机构,锦江区,104.076494,30.662686
成都日报社,edu,科教文化服务;传媒机构;报社,锦江区,104.082276,30.664043
成都川剧艺术博物馆,edu,科教文化服务;博物馆;博物馆,锦江区,104.077722,30.662109
华西都市报(红星路二段),edu,科教文化服务;传媒机构;报社,锦江区,104.080133,30.661731
成都晚报社(红星路二段),edu,科教文化服务;传媒机构;报社,锦江区,104.082276,30.664043
成都商报广告部,edu,科教文化服务;传媒机构;报社,锦江区,104.08185,30.659775
成都市第十一中学,edu,科教文化服务;学校;中学,青羊区,104.082101,30.668315
成都传媒集团(红星路二段),edu,科教文化服务;传媒机构;传媒机构|公司企业;公司;公司,锦江区,104.082276,30.664043
成都市妇女儿童中心医院太升南路分部-图书室,edu,科教文化服务;图书馆;图书馆,锦江区,104.076022,30.667865
成都女子实验中学,edu,科教文化服务;学校;中学,青羊区,104.082101,30.668315
新华路小学,edu,科教文化服务;学校;小学,锦江区,104.080392,30.667412
四川沫若艺术院办事处,edu,科教文化服务;科教文化场所;科教文化场所,锦江区,104.081168,30.663801
四川农村日报,edu,科教文化服务;传媒机构;报社,锦江区,104.080133,30.661731
成都商报社(红星路二段),edu,科教文化服务;传媒机构;报社,锦江区,104.082278,30.664036
红星幼儿园(岳府街),edu,科教文化服务;学校;幼儿园,锦江区,104.080574,30.663775
和平街小学,edu,科教文化服务;学校;小学,锦江区,104.079052,30.665816
天府早报,edu,科教文化服务;传媒机构;报社,锦江区,104.080133,30.661731
四川出版集团四川画报社,edu,科教文化服务;传媒机构;报社,锦江区,104.078218,30.659926
四川省商业建筑设计院,edu,科教文化服务;科研机构;科研机构,锦江区,104.081796,30.664408
四川在线,edu,科教文化服务;传媒机构;传媒机构,锦江区,104.080133,30.661731
成都时代出版社,edu,科教文化服务;传媒机构;出版社,锦江区,104.082276,30.664043
亿邦成长实践商学院,edu,科教文化服务;学校;高等院校,锦江区,104.081796,30.664408
成都商报广告部,edu,科教文化服务;传媒机构;报社,锦江区,104.08185,30.659775
成都市第十一中学,edu,科教文化服务;学校;中学,青羊区,104.082101,30.668315
成都传媒集团(红星路二段),edu,科教文化服务;传媒机构;传媒机构|公司企业;公司;公司,锦江区,104.082276,30.664043
成都市妇女儿童中心医院太升南路分部-图书室,edu,科教文化服务;图书馆;图书馆,锦江区,104.076022,30.667865
成都女子实验中学,edu,科教文化服务;学校;中学,青羊区,104.082101,30.668315
新华路小学,edu,科教文化服务;学校;小学,锦江区,104.080392,30.667412
四川沫若艺术院办事处,edu,科教文化服务;科教文化场所;科教文化场所,锦江区,104.081168,30.663801
四川农村日报,edu,科教文化服务;传媒机构;报社,锦江区,104.080133,30.661731
成都商报社(红星路二段),edu,科教文化服务;传媒机构;报社,锦江区,104.082278,30.664036
红星幼儿园(岳府街),edu,科教文化服务;学校;幼儿园,锦江区,104.080574,30.663775
和平街小学,edu,科教文化服务;学校;小学,锦江区,104.079052,30.665816
天府早报,edu,科教文化服务;传媒机构;报社,锦江区,104.080133,30.661731
人民网四川频道,edu,科教文化服务;科教文化场所;科教文化场所,锦江区,104.07781,30.661405
四川出版集团四川画报社,edu,科教文化服务;传媒机构;报社,锦江区,104.078218,30.659926
四川省商业建筑设计院,edu,科教文化服务;科研机构;科研机构,锦江区,104.081796,30.664408
四川在线,edu,科教文化服务;传媒机构;传媒机构,锦江区,104.080133,30.661731
成都时代出版社,edu,科教文化服务;传媒机构;出版社,锦江区,104.082276,30.664043
亿邦成长实践商学院,edu,科教文化服务;学校;高等院校,锦江区,104.081796,30.664408
四川广播电视大学省级机关分校,edu,科教文化服务;学校;成人教育,青羊区,104.079886,30.669282
成都市白蚁防治研究所(如是庵街),edu,科教文化服务;科研机构;科研机构,锦江区,104.081334,30.660012
金融投资报,edu,科教文化服务;传媒机构;报社,锦江区,104.080133,30.661731
四川法制报(红星路二段),edu,科教文化服务;传媒机构;报社,锦江区,104.080133,30.661731
成都市锦江区特殊教育中心,edu,科教文化服务;学校;学校,锦江区,104.079098,30.666096
人力资源报,edu,科教文化服务;传媒机构;报社,锦江区,104.080133,30.661731
四川省酒类科研所,edu,科教文化服务;科研机构;科研机构,锦江区,104.077266,30.669104
一建职工校,edu,科教文化服务;学校;成人教育,青羊区,104.081437,30.668311
华西生活周报,edu,科教文化服务;传媒机构;报社,锦江区,104.080133,30.661731
文摘周报,edu,科教文化服务;传媒机构;报社,锦江区,104.080133,30.661731
四川省现代通俗音乐学校,edu,科教文化服务;学校;学校|科教文化服务;培训机构;培训机构,锦江区,104.078315,30.660974
成都职业技术学院锦江校区,edu,科教文化服务;学校;高等院校,锦江区,104.082874,30.66039
舞林传奇舞蹈俱乐部(王府井店),edu,科教文化服务;培训机构;培训机构,锦江区,104.077274,30.661515
模特礼仪学校报名处,edu,科教文化服务;学校;学校,锦江区,104.082855,30.660386
四川省成都市第十七中学(初中部),edu,科教文化服务;学校;中学,锦江区,104.080856,30.66179
紫光会堂,edu,科教文化服务;会展中心;会展中心,锦江区,104.074646,30.661705
520婚礼学院,edu,科教文化服务;学校;高等院校,锦江区,104.078263,30.662568
四川质量报,edu,科教文化服务;传媒机构;报社,锦江区,104.080133,30.661731
成都总府皇冠假日酒店-会议厅,edu,科教文化服务;会展中心;会展中心,锦江区,104.075263,30.661958
博悦酒店-会议厅,edu,科教文化服务;会展中心;会展中心,锦江区,104.075022,30.660224
成都旅游培训中心,edu,科教文化服务;培训机构;培训机构,锦江区,104.082874,30.66039
成都商报新媒体,edu,科教文化服务;传媒机构;报社,锦江区,104.08185,30.659775
沃特酒店-会议中心,edu,科教文化服务;会展中心;会展中心,锦江区,104.073875,30.665025
西南大学网络教育学院招生报名处,edu,科教文化服务;学校;高等院校,锦江区,104.080307,30.66784
至诚臻国际纹饰商学院,edu,科教文化服务;学校;高等院校,锦江区,104.073562,30.662209
四川省工程咨询研究院(永兴巷),edu,科教文化服务;科研机构;科研机构,锦江区,104.076066,30.663554
家庭与生活报,edu,科教文化服务;传媒机构;报社,锦江区,104.080133,30.661731
成都市第三幼儿园(干槐树街),edu,科教文化服务;学校;幼儿园,锦江区,104.081804,30.662127
成都市久力虎标行艺术馆,edu,科教文化服务;美术馆;美术馆,锦江区,104.075182,30.661788
市场与消费报,edu,科教文化服务;传媒机构;报社,锦江区,104.080133,30.661731
成都法语培训中心,edu,科教文化服务;培训机构;培训机构,锦江区,104.080621,30.662537
成都高科技术应用研究所,edu,科教文化服务;科研机构;科研机构,锦江区,104.08185,30.659775
四川省级机关干部教育学院,edu,科教文化服务;学校;成人教育,青羊区,104.079308,30.668988
四川文学杂志社,edu,科教文化服务;传媒机构;杂志社,锦江区,104.081185,30.662384
每日经济新闻报社(亚太大厦),edu,科教文化服务;传媒机构;报社,锦江区,104.08185,30.659775
杂志出版社,edu,科教文化服务;传媒机构;出版社,锦江区,104.081923,30.659686
成都职业技术学院继续教育学院,edu,科教文化服务;学校;高等院校,锦江区,104.082874,30.66039
宝宝家幼儿园(新街后巷子),edu,科教文化服务;学校;幼儿园,锦江区,104.074833,30.659811
劳氏少儿英语学校,edu,科教文化服务;学校;学校,青羊区,104.074897,30.668835
华敏·翰尊国际大厦会议中心,edu,科教文化服务;会展中心;会展中心,锦江区,104.077721,30.660946
成都商报艺术工作室,edu,科教文化服务;培训机构;培训机构,锦江区,104.08185,30.659775
电大大鹏学校,edu,科教文化服务;学校;成人教育,锦江区,104.081016,30.66016
人民日报社四川分社,edu,科教文化服务;传媒机构;报社,锦江区,104.077851,30.661327
富爸爸书吧,edu,科教文化服务;图书馆;图书馆,青羊区,104.079533,30.668837
严谷荪书库,edu,科教文化服务;图书馆;图书馆,锦江区,104.079292,30.664888
Tribal Moon美国部落风舞蹈艺术中心,edu,科教文化服务;美术馆;美术馆,锦江区,104.077218,30.661743
华兴街社区市民学校,edu,科教文化服务;学校;学校,锦江区,104.078628,30.664277
华兴街社区科普学校,edu,科教文化服务;学校;学校,锦江区,104.078628,30.664277
全城长峰地铁电视传媒,edu,科教文化服务;科教文化场所;科教文化场所,锦江区,104.077461,30.661306
成都棋校(兴隆校区),edu,科教文化服务;培训机构;培训机构,锦江区,104.073527,30.663402
湘潭设计院,edu,科教文化服务;科研机构;科研机构,锦江区,104.077461,30.661305
四川省作家协会巴金文学院,edu,科教文化服务;科教文化场所;科教文化场所,锦江区,104.08119,30.662381
人民日报驻四川记者站,edu,科教文化服务;传媒机构;传媒机构,锦江区,104.077851,30.661327
四川省广播电视科研所,edu,科教文化服务;科研机构;科研机构,锦江区,104.08331,30.665838
BP舞蹈工作室,edu,科教文化服务;培训机构;培训机构,锦江区,104.076518,30.66053
星星诗刊社,edu,科教文化服务;传媒机构;杂志社,锦江区,104.081185,30.662384
地质勘探开发研究院,edu,科教文化服务;科研机构;科研机构,锦江区,104.081216,30.664051
四川省安全科学技术研究院(永兴巷),edu,科教文化服务;科研机构;科研机构,锦江区,104.076066,30.663554
每日经济新闻报社(报业大厦),edu,科教文化服务;传媒机构;报社,锦江区,104.082276,30.664043
新华职业中学,edu,科教文化服务;科教文化场所;科教文化场所,锦江区,104.082648,30.660362
巴黎欧莱雅专业美发成都教育中心,edu,科教文化服务;培训机构;培训机构,锦江区,104.074777,30.660487
成都市锦江区直属机关红星幼儿园宿舍2幢,edu,科教文化服务;学校;幼儿园,锦江区,104.080917,30.664146
四川省委干部函授学院省级机关分院,edu,科教文化服务;学校;成人教育,青羊区,104.079307,30.668922
白杨树演讲与口才学院,edu,科教文化服务;学校;高等院校,锦江区,104.076543,30.662612
成都西南静脉曲张研究院,edu,科教文化服务;科研机构;科研机构,锦江区,104.073974,30.662615
成都市白蚂蚁防治研究所,edu,科教文化服务;科研机构;科研机构,锦江区,104.081749,30.659965
成都晚报专刊部,edu,科教文化服务;科教文化场所;科教文化场所,锦江区,104.082516,30.662373
中国工商报四川记者站,edu,科教文化服务;传媒机构;传媒机构,锦江区,104.078579,30.668412
新婚礼杂志,edu,科教文化服务;科教文化场所;科教文化场所,锦江区,104.077461,30.661306
四川电大机关分校青羊直属教学,edu,科教文化服务;学校;成人教育,锦江区,104.080369,30.667843
四川省委十部函授学院省级机关分院,edu,科教文化服务;学校;成人教育,青羊区,104.079434,30.668664
成都地铁传媒有限公司(红星路二段),edu,科教文化服务;传媒机构;传媒机构,锦江区,104.082276,30.664043
中共四川省委省直机关党校(玉沙路),edu,科教文化服务;学校;学校,青羊区,104.079308,30.668988
四川省商标广告设计研究所,edu,科教文化服务;科研机构;科研机构,锦江区,104.078579,30.668412
四川省作协创作研究室,edu,科教文化服务;科研机构;科研机构,锦江区,104.08119,30.662381
四川省文学艺术研究会,edu,科教文化服务;科研机构;科研机构,锦江区,104.08119,30.662381
悠云舞蹈培训工作室,edu,科教文化服务;科教文化场所;科教文化场所,锦江区,104.078323,30.662527
廉政瞭望杂志,edu,科教文化服务;传媒机构;杂志社,锦江区,104.080133,30.661731
KIDOME儿童阅读训练馆(王府井店),edu,科教文化服务;科教文化场所;科教文化场所,锦江区,104.077051,30.660105
A.C教育,edu,科教文化服务;培训机构;培训机构,锦江区,104.078235,30.66534
CAT(凯蒂)舞蹈工作室,edu,科教文化服务;培训机构;培训机构,锦江区,104.07672,30.661742
街舞爵士舞少儿街舞,edu,科教文化服务;培训机构;培训机构,锦江区,104.076672,30.662875
一建大会议室,edu,科教文化服务;会展中心;会展中心,青羊区,104.081437,30.668311
兰·精灵舞蹈工作室,edu,科教文化服务;培训机构;培训机构,锦江区,104.078053,30.662946
成都模特礼仪学校,edu,科教文化服务;科教文化场所;科教文化场所,锦江区,104.081577,30.664006
新闻界杂志,edu,科教文化服务;传媒机构;杂志社,锦江区,104.080133,30.661731
中国国际国学(四川)发展研究院,edu,科教文化服务;科研机构;科研机构,青羊区,104.080919,30.668802
东渡教育,edu,科教文化服务;培训机构;培训机构,锦江区,104.076966,30.66157
成都电大大鹏商贸学校招生处,edu,科教文化服务;科教文化场所;科教文化场所,锦江区,104.081076,30.662307
江海舞蹈艺术学校,edu,科教文化服务;学校;职业技术学校,锦江区,104.080307,30.66782
中国国际广播电台四川记者站,edu,科教文化服务;传媒机构;传媒机构,锦江区,104.083072,30.665284
市场与消费报社,edu,科教文化服务;传媒机构;报社,锦江区,104.077266,30.669104
当代文坛杂志社,edu,科教文化服务;传媒机构;杂志社,锦江区,104.081185,30.662384
合德教育,edu,科教文化服务;科教文化场所;科教文化场所,锦江区,104.077461,30.661306
四川新世纪职业培训学校,edu,科教文化服务;学校;职业技术学校,锦江区,104.077455,30.669127
时代教育报刊社(红星路二段),edu,科教文化服务;传媒机构;报社,锦江区,104.082278,30.664036
A区(新城乡)杂志社,edu,科教文化服务;传媒机构;杂志社,锦江区,104.079397,30.660876
威海思维纺织成都展厅,edu,科教文化服务;科教文化场所;科教文化场所,青羊区,104.081426,30.668329
新思维,edu,科教文化服务;科教文化场所;科教文化场所,青羊区,104.082595,30.668231
四川日报登报办理点,edu,科教文化服务;科教文化场所;科教文化场所,锦江区,104.080402,30.662097
轩美尼彩妆学校,edu,科教文化服务;科教文化场所;科教文化场所,锦江区,104.076289,30.662316
奇味英语王府井校区,edu,科教文化服务;科教文化场所;科教文化场所,锦江区,104.077461,30.661305
川报全媒体中心,edu,科教文化服务;科教文化场所;科教文化场所,锦江区,104.079419,30.661443
光向传媒,edu,科教文化服务;科教文化场所;科教文化场所,锦江区,104.077809,30.661405
成都日报经管中心,edu,科教文化服务;科教文化场所;科教文化场所,锦江区,104.082496,30.664036
新闻记者站,edu,科教文化服务;传媒机构;传媒机构,锦江区,104.083015,30.665059
金兆传媒,edu,科教文化服务;科教文化场所;科教文化场所,锦江区,104.079393,30.660868
今日传媒集团,edu,科教文化服务;传媒机构;传媒机构,锦江区,104.080531,30.662449
骆平美术室,edu,科教文化服务;科教文化场所;科教文化场所,青羊区,104.081811,30.668078
奇舞飞扬舞蹈俱乐部(王府井店),edu,科教文化服务;培训机构;培训机构,锦江区,104.077323,30.661056
蜀安驾校业务部,edu,科教文化服务;科教文化场所;科教文化场所,锦江区,104.077328,30.661629
汽车时尚报,edu,科教文化服务;传媒机构;报社,锦江区,104.082577,30.660493
云裳舞韵舞蹈工作室,edu,科教文化服务;培训机构;培训机构,锦江区,104.077461,30.661305
世外语言培训(成都分校),edu,科教文化服务;科教文化场所;科教文化场所,锦江区,104.077433,30.661466
华兴街社区科普活动场所,edu,科教文化服务;科教文化场所;科教文化场所,锦江区,104.078628,30.664277
慧鼎教育君林日语学校,edu,科教文化服务;科教文化场所;科教文化场所,锦江区,104.077461,30.661305
四川今日报业市场部,edu,科教文化服务;科教文化场所;科教文化场所,锦江区,104.080576,30.662484
正元教育(成都校区),edu,科教文化服务;培训机构;培训机构,青羊区,104.081436,30.668307
上海精视传媒成都公司,edu,科教文化服务;传媒机构;传媒机构,锦江区,104.077266,30.669104
成都商报(如是庵街),edu,科教文化服务;传媒机构;报社,锦江区,104.081969,30.659835
赤羽肚皮舞西南地区培训机构,edu,科教文化服务;培训机构;培训机构,锦江区,104.077417,30.661444
音乐世界杂志社,edu,科教文化服务;传媒机构;杂志社,锦江区,104.081185,30.662384
优雅杂志社,edu,科教文化服务;传媒机构;杂志社,锦江区,104.081185,30.662384
四川文艺报编辑部,edu,科教文化服务;传媒机构;杂志社,锦江区,104.081185,30.662384
乐动乒乓球培训,edu,科教文化服务;培训机构;培训机构,锦江区,104.078315,30.660974
明日快1周,edu,科教文化服务;传媒机构;报社,锦江区,104.08185,30.659775
四川省易学研究会接待处,edu,科教文化服务;科研机构;科研机构,锦江区,104.078315,30.660974
人权杂志社四川记者站,edu,科教文化服务;传媒机构;传媒机构,锦江区,104.080321,30.667898
甄翔精品艺考教育,edu,科教文化服务;培训机构;培训机构,锦江区,104.080388,30.662112
弥生日语,edu,科教文化服务;培训机构;培训机构,锦江区,104.077492,30.661537
成都棋院(总府点),edu,科教文化服务;培训机构;培训机构,锦江区,104.075669,30.660426
成都高新职业技术培训中心,edu,科教文化服务;培训机构;培训机构,锦江区,104.082874,30.66039
迈纬市场研究,edu,科教文化服务;科教文化场所;科教文化场所,锦江区,104.07781,30.661397
机地手机维修培训学校,edu,科教文化服务;培训机构;培训机构,青羊区,104.074788,30.668867
成都报道,edu,科教文化服务;科教文化场所;科教文化场所,锦江区,104.080388,30.662112
欣闻报刊发行有限责任公司,edu,科教文化服务;科教文化场所;科教文化场所,锦江区,104.079458,30.662973
中央人民广播电台四川记者站,edu,科教文化服务;传媒机构;传媒机构,锦江区,104.083073,30.665283
树才培训学校(育婴堂街),edu,科教文化服务;培训机构;培训机构,青羊区,104.081942,30.667853
昂立乐学培训中心,edu,科教文化服务;培训机构;培训机构,青羊区,104.078573,30.669379
机地培训班,edu,科教文化服务;培训机构;培训机构,青羊区,104.074296,30.668722
刘劲戏剧工作室,edu,公司企业;公司;公司|科教文化服务;培训机构;培训机构,青羊区,104.077834,30.661219
昂立国际教育(玉沙路),edu,科教文化服务;培训机构;培训机构,青羊区,104.07975,30.668749
先纳传媒,edu,科教文化服务;传媒机构;传媒机构,青羊区,104.081437,30.668311
成都cot舞蹈工作室,edu,科教文化服务;培训机构;培训机构,锦江区,104.077328,30.661629
世纪精英培训学校,edu,科教文化服务;培训机构;培训机构,锦江区,104.083443,30.663329
成都爱玲化妆学校(锦江校区),edu,科教文化服务;科教文化场所;科教文化场所,锦江区,104.077771,30.661272
成都市新闻培训中心,edu,科教文化服务;培训机构;培训机构,锦江区,104.082276,30.664043
悦时尚舞蹈(王府井店),edu,科教文化服务;培训机构;培训机构,锦江区,104.077493,30.661312
树美国际职业精英培训学校,edu,科教文化服务;学校;职业技术学校,锦江区,104.07882,30.659723
四川省信息产业发展研究中心,edu,科教文化服务;科研机构;科研机构,锦江区,104.079866,30.66702
云中帆教育,edu,科教文化服务;培训机构;培训机构,锦江区,104.077459,30.661362
西联教育,edu,科教文化服务;培训机构;培训机构,锦江区,104.08037,30.662551
凯斯教育,edu,科教文化服务;培训机构;培训机构,锦江区,104.077717,30.660937
华敏翰尊大厦-青少年助长中心,edu,科教文化服务;科教文化场所;科教文化场所,锦江区,104.077222,30.660835
babyArt创艺宝贝(百盛商场店),edu,科教文化服务;科教文化场所;科教文化场所,锦江区,104.07832,30.659666
仁爱学校,edu,科教文化服务;培训机构;培训机构,锦江区,104.081472,30.666918
中国婚盟培训中心,edu,科教文化服务;培训机构;培训机构,锦江区,104.077809,30.661405
快乐小领袖儿童教育,edu,科教文化服务;培训机构;培训机构,锦江区,104.080388,30.662112
成都街舞培训学校,edu,科教文化服务;培训机构;培训机构,锦江区,104.077461,30.661305
标榜培训学校,edu,科教文化服务;培训机构;培训机构,锦江区,104.078813,30.65953
大大教育,edu,科教文化服务;培训机构;培训机构,锦江区,104.081903,30.660351
诗曼雅培训,edu,科教文化服务;培训机构;培训机构,锦江区,104.077417,30.661444
四川广播电视大学时代工商学院(玉沙路),edu,科教文化服务;学校;成人教育,青羊区,104.080333,30.667946
四川西部皮革杂志社有限公司,edu,科教文化服务;传媒机构;杂志社,锦江区,104.077632,30.660257
成都星辰广告传媒有限公司,edu,科教文化服务;传媒机构;传媒机构,锦江区,104.077266,30.669104
阿杰发艺彩妆造型学校,edu,科教文化服务;培训机构;培训机构,锦江区,104.075853,30.660799
中共四川省农村信用社联合社委员会党校,edu,科教文化服务;学校;学校,锦江区,104.08323,30.661849
成都银河教育中心,edu,科教文化服务;培训机构;培训机构,锦江区,104.08135,30.663711
成都建达施工员培训中心,edu,科教文化服务;培训机构;培训机构,锦江区,104.078696,30.659859
英职教育,edu,科教文化服务;培训机构;培训机构,锦江区,104.077461,30.661306
夫妻肺片加盟培训中心,edu,科教文化服务;培训机构;培训机构,锦江区,104.075773,30.660947
西蜀华韵艺校,edu,科教文化服务;培训机构;培训机构,青羊区,104.078134,30.669322
欧文外语培训学校(王府井店),edu,科教文化服务;培训机构;培训机构,锦江区,104.077433,30.660625
四川素智外语教育研究中心,edu,科教文化服务;培训机构;培训机构,青羊区,104.076172,30.669362
心爱星儿童能力训练中心,edu,科教文化服务;科教文化场所;科教文化场所,锦江区,104.079088,30.666133
四川尚韵斋书法培训学校,edu,科教文化服务;培训机构;培训机构,锦江区,104.080576,30.662482
成都市儿科研究所,edu,科教文化服务;科研机构;科研机构,锦江区,104.075637,30.667723
新视点周刊,edu,科教文化服务;传媒机构;杂志社,锦江区,104.080621,30.662537
华西英语学校(玉沙路),edu,科教文化服务;培训机构;培训机构,锦江区,104.080369,30.667843
玉沙路社区文艺家工作室,edu,科教文化服务;培训机构;培训机构,青羊区,104.078087,30.669336
电子工业四川人才培训中心,edu,科教文化服务;培训机构;培训机构,锦江区,104.079866,30.667017
艺之家文教,edu,科教文化服务;培训机构;培训机构,青羊区,104.081437,30.668311
三极艺术,edu,科教文化服务;培训机构;培训机构,青羊区,104.081437,30.668311
惠都美发美容学校,edu,科教文化服务;培训机构;培训机构,锦江区,104.076722,30.662971
四川广电传媒集团有限公司,edu,科教文化服务;传媒机构;传媒机构,锦江区,104.083073,30.665284
新航标培训学校(桂王桥北街),edu,科教文化服务;培训机构;培训机构,锦江区,104.081611,30.666663
今日报业报刊发行锦江一站,edu,科教文化服务;传媒机构;报社,锦江区,104.080195,30.66256
四川老年书画研究会西岭书画院,edu,科教文化服务;培训机构;培训机构,青羊区,104.080127,30.668408
建达建筑职业技能培训学校锦江教学点,edu,科教文化服务;学校;职业技术学校,锦江区,104.078736,30.659894
成都日报广告部,edu,科教文化服务;传媒机构;报社,锦江区,104.083241,30.663807
一建信息档案室,edu,科教文化服务;档案馆;档案馆,青羊区,104.081437,30.668311
成都一品禅推拿按摩培训学校,edu,科教文化服务;培训机构;培训机构,锦江区,104.074967,30.660108
西部信息工程电脑学校(玉沙路校区),edu,科教文化服务;培训机构;培训机构,锦江区,104.080369,30.667843
成都市精湛建筑培训学校,edu,科教文化服务;培训机构;培训机构,青羊区,104.081811,30.668078
青缇教育,edu,科教文化服务;培训机构;培训机构,锦江区,104.074777,30.660487
今日报业商企客户发行中心站,edu,科教文化服务;传媒机构;传媒机构,锦江区,104.080195,30.66256
成都先锋新媒体有限公司(红星路二段),edu,科教文化服务;传媒机构;传媒机构,锦江区,104.082276,30.664043
成都合气道擎云道场(福兴街店),edu,科教文化服务;培训机构;培训机构,锦江区,104.078199,30.661013
四川大学网络教育学院报名中心,edu,科教文化服务;培训机构;培训机构,锦江区,104.077461,30.661305
成都狄邦外语培训中心,edu,科教文化服务;培训机构;培训机构,锦江区,104.077721,30.660946
四川大学计算机学院时力科技联合实验室,edu,科教文化服务;科研机构;科研机构,锦江区,104.077809,30.661405
四川省农村信用社联合社培训中心,edu,科教文化服务;培训机构;培训机构,锦江区,104.083213,30.661889
锦江区残疾人职业技能培训中心,edu,科教文化服务;培训机构;培训机构,锦江区,104.079282,30.666314
熊猫堂,edu,科教文化服务;文艺团体;文艺团体,锦江区,104.076322,30.662271
四川省直属机关红星幼儿园(西门),edu,科教文化服务;科教文化场所;科教文化场所,锦江区,104.080147,30.664143
晨兴教育(玉沙路),edu,科教文化服务;培训机构;培训机构,青羊区,104.081437,30.668311
艺舞堂舞蹈工作室,edu,科教文化服务;培训机构;培训机构,锦江区,104.078315,30.660974
四川省注册会计师电教中心,edu,科教文化服务;培训机构;培训机构,锦江区,104.081796,30.664408
成都魅俪时尚形象设计化妆培训学校,edu,科教文化服务;培训机构;培训机构,锦江区,104.077474,30.661295
特蕾西英语教室,edu,科教文化服务;培训机构;培训机构,青羊区,104.078087,30.669336
东方金子塔儿童潜能培训学校(红星路二段),edu,科教文化服务;培训机构;培训机构,锦江区,104.082117,30.664964
成都市舜龙模具实战培训中心,edu,科教文化服务;培训机构;培训机构,锦江区,104.082569,30.666584
《国防时报》西部经济周刊,edu,科教文化服务;传媒机构;报社,锦江区,104.077266,30.669104
院坝文化,edu,科教文化服务;培训机构;培训机构,锦江区,104.086929,30.663506
隆韵文化传播,edu,科教文化服务;科教文化场所;科教文化场所,成华区,104.090231,30.660853
华艺天空文化传播公司,edu,科教文化服务;科教文化场所;科教文化场所,锦江区,104.085783,30.669369
成都循道文化传播公司,edu,科教文化服务;科教文化场所;科教文化场所,锦江区,104.085783,30.669369
成都谷轩文化传播公司,edu,科教文化服务;科教文化场所;科教文化场所,锦江区,104.085783,30.669369
成都优创文化传播有限公司,edu,科教文化服务;科教文化场所;科教文化场所,成华区,104.090853,30.662698
成都龙创文化传播有限公司,edu,科教文化服务;科教文化场所;科教文化场所,成华区,104.090853,30.662698
四川鲁成文化传播有限公司,edu,科教文化服务;科教文化场所;科教文化场所,成华区,104.090853,30.662698
成都万域文化传播有限公司,edu,科教文化服务;科教文化场所;科教文化场所,成华区,104.090853,30.662698
成都益舟文化传播有限公司,edu,科教文化服务;科教文化场所;科教文化场所,锦江区,104.087532,30.664927
成都大瀚平文化传播有限公司,edu,科教文化服务;科教文化场所;科教文化场所,锦江区,104.084943,30.668357
成都声色印象文化传播有限公司,edu,科教文化服务;科教文化场所;科教文化场所,成华区,104.09088,30.662756
成都古德爱帝文化传播有限公司,edu,科教文化服务;科教文化场所;科教文化场所,锦江区,104.084716,30.660977
书院辖区邻里社区文化发展中心,edu,科教文化服务;科教文化场所;科教文化场所,锦江区,104.086776,30.667719
成都华域纬亚文化传播有限公司,edu,科教文化服务;科教文化场所;科教文化场所,成华区,104.09309,30.665019
成都光影兄弟影视文化传播有限公司,edu,科教文化服务;科教文化场所;科教文化场所,成华区,104.090853,30.662698
成都川影影视文化传播有限责任公司,edu,科教文化服务;科教文化场所;科教文化场所,锦江区,104.087887,30.666147
成都金牌主持人文化传媒策划中心,edu,科教文化服务;传媒机构;传媒机构,锦江区,104.08584,30.660921
成都蓝鲸视播文化传播有限公司,edu,科教文化服务;科教文化场所;科教文化场所,成华区,104.091007,30.66275
成都市经信委工业职业培训服务中心,edu,科教文化服务;培训机构;培训机构,锦江区,104.089053,30.663181
红人音乐培训中心,edu,科教文化服务;培训机构;培训机构,锦江区,104.08967,30.664659
成都蜀国之声技能培训部,edu,科教文化服务;培训机构;培训机构,成华区,104.090765,30.662725
天涯石小学,edu,科教文化服务;学校;小学,锦江区,104.085292,30.659555
北京师范大学成都实验中学,edu,科教文化服务;学校;中学,锦江区,104.085144,30.667327
NEW STYLE舞蹈工作室,edu,科教文化服务;培训机构;培训机构,成华区,104.089321,30.659938
四川神学院,edu,科教文化服务;学校;学校,锦江区,104.085425,30.663235
和平幼儿园(五世同堂街),edu,科教文化服务;学校;幼儿园,锦江区,104.085786,30.666104
非常音悦289-Studio录音棚,edu,科教文化服务;传媒机构;传媒机构,锦江区,104.087687,30.664863
成都电视台《小太阳》,edu,科教文化服务;传媒机构;电视台,成华区,104.090821,30.66266
新东方学校(成都红星路教学区),edu,科教文化服务;培训机构;培训机构,锦江区,104.085162,30.66876
南方周末成都记者站,edu,科教文化服务;传媒机构;传媒机构,成华区,104.090821,30.66266
四川广播电视报发行部,edu,科教文化服务;传媒机构;报社,锦江区,104.083704,30.664707
天涯石小学昭忠祠分校,edu,科教文化服务;学校;小学,锦江区,104.086859,30.669303
礼顿酒店-会议室,edu,科教文化服务;会展中心;会展中心,锦江区,104.083893,30.666689
许博士教育机构(北门),edu,科教文化服务;学校;幼儿园,锦江区,104.085533,30.660971
云顶1号,edu,科教文化服务;美术馆;美术馆,锦江区,104.093121,30.666994
四川省国家公务员培训中心,edu,科教文化服务;培训机构;培训机构,锦江区,104.088889,30.663728
天府早报华西都市报登报办理点,edu,科教文化服务;传媒机构;报社,锦江区,104.083805,30.664701
成都广播电视大学财经管理学院,edu,科教文化服务;学校;成人教育,成华区,104.092976,30.662379
树基天祥幼儿园,edu,科教文化服务;学校;幼儿园,成华区,104.091666,30.661355
华艺婚礼学院,edu,科教文化服务;学校;高等院校,成华区,104.09069,30.662717
重庆医科大学附属成都第三临床学院,edu,科教文化服务;学校;高等院校,锦江区,104.083774,30.66286
蜀锦川香餐饮研发中心,edu,科教文化服务;科研机构;科研机构,锦江区,104.089053,30.663181
成都市猛追湾游泳场游泳学校,edu,科教文化服务;培训机构;培训机构,锦江区,104.090495,30.665829
浙江省建材工业设计院(西南分院),edu,科教文化服务;科研机构;科研机构,成华区,104.090821,30.66266
成都广播电视大学兴华学校,edu,科教文化服务;学校;成人教育,锦江区,104.085094,30.665453
许博士教育机构(武成大街),edu,科教文化服务;学校;幼儿园|科教文化服务;培训机构;培训机构,锦江区,104.085589,30.660968
遗失登报,edu,科教文化服务;传媒机构;报社,锦江区,104.083784,30.664709
领跑教育,edu,科教文化服务;培训机构;培训机构,成华区,104.090848,30.662705
天空私教工作室,edu,科教文化服务;科教文化场所;科教文化场所,锦江区,104.090378,30.667395
天府早报华西都市报登报办理点,edu,科教文化服务;传媒机构;报社,锦江区,104.083805,30.664701
成都广播电视大学财经管理学院,edu,科教文化服务;学校;成人教育,成华区,104.092976,30.662379
成妆技职业技能培训学校,edu,科教文化服务;学校;职业技术学校,青羊区,104.083872,30.667625
树基天祥幼儿园,edu,科教文化服务;学校;幼儿园,成华区,104.091666,30.661355
华艺婚礼学院,edu,科教文化服务;学校;高等院校,成华区,104.09069,30.662717
重庆医科大学附属成都第三临床学院,edu,科教文化服务;学校;高等院校,锦江区,104.083774,30.66286
蜀锦川香餐饮研发中心,edu,科教文化服务;科研机构;科研机构,锦江区,104.089053,30.663181
成都市猛追湾游泳场游泳学校,edu,科教文化服务;培训机构;培训机构,锦江区,104.090495,30.665829
浙江省建材工业设计院(西南分院),edu,科教文化服务;科研机构;科研机构,成华区,104.090821,30.66266
成都广播电视大学兴华学校,edu,科教文化服务;学校;成人教育,锦江区,104.085094,30.665453
清华大学建筑设计研究院,edu,科教文化服务;科研机构;科研机构,成华区,104.090853,30.662698
许博士教育机构(武成大街),edu,科教文化服务;学校;幼儿园|科教文化服务;培训机构;培训机构,锦江区,104.085589,30.660968
遗失登报,edu,科教文化服务;传媒机构;报社,锦江区,104.083784,30.664709
领跑教育,edu,科教文化服务;培训机构;培训机构,成华区,104.090848,30.662705
天空私教工作室,edu,科教文化服务;科教文化场所;科教文化场所,锦江区,104.090378,30.667395
四川省应急广播中心,edu,科教文化服务;传媒机构;传媒机构,锦江区,104.083967,30.665049
新媒体驱动中心,edu,科教文化服务;科教文化场所;科教文化场所,锦江区,104.085911,30.669352
军团职楼,edu,科教文化服务;科教文化场所;科教文化场所,锦江区,104.08835,30.667568
四川电视台,edu,科教文化服务;科教文化场所;科教文化场所,成华区,104.092071,30.663743
乐高科技人研发中心,edu,科教文化服务;科教文化场所;科教文化场所,锦江区,104.085313,30.668461
锦江区青少年俱乐部,edu,科教文化服务;科教文化场所;科教文化场所,锦江区,104.086922,30.669026
全脑早教班,edu,科教文化服务;科教文化场所;科教文化场所,锦江区,104.085078,30.660482
北京爱德志业教育,edu,科教文化服务;科教文化场所;科教文化场所,锦江区,104.087535,30.664924
成都友美教育学校,edu,科教文化服务;科教文化场所;科教文化场所,成华区,104.091385,30.663475
少儿美术招生,edu,科教文化服务;科教文化场所;科教文化场所,成华区,104.089491,30.66016
成都市皮肤病性病防治研究所(庆云南街),edu,科教文化服务;科研机构;科研机构,锦江区,104.084368,30.662938
路正驾校(城隍庙街分校),edu,科教文化服务;科教文化场所;科教文化场所,锦江区,104.086977,30.667174
成都龙图教育,edu,科教文化服务;培训机构;培训机构,锦江区,104.084912,30.668117
青少年创意体验中心,edu,科教文化服务;科教文化场所;科教文化场所,锦江区,104.084913,30.668117
meland儿童成长主题乐园,edu,科教文化服务;科教文化场所;科教文化场所,成华区,104.091639,30.663407
新潮生活周刊发行零售中心,edu,科教文化服务;传媒机构;报社,锦江区,104.086476,30.662765
成都广播电视大学新华学校,edu,科教文化服务;科教文化场所;科教文化场所,锦江区,104.085021,30.665482
(中国商贸)新闻中心赛事活动部,edu,科教文化服务;科教文化场所;科教文化场所,锦江区,104.085451,30.660502
VI舞蹈工作室,edu,科教文化服务;培训机构;培训机构,成华区,104.089235,30.659867
末雁画室少儿美术培训,edu,科教文化服务;培训机构;培训机构,成华区,104.089235,30.659867
锦江区沸梦舞蹈工作室,edu,科教文化服务;培训机构;培训机构,锦江区,104.084931,30.668169
成都市锦江区枫尚形象设计职业技能培训学校,edu,科教文化服务;学校;职业技术学校,锦江区,104.092995,30.66704
泰晤士英语(339校区),edu,科教文化服务;培训机构;培训机构,成华区,104.092401,30.665077
吉他屋(五昭路),edu,科教文化服务;培训机构;培训机构,锦江区,104.086775,30.668024
成都通达职业技能培训学校,edu,科教文化服务;学校;职业技术学校,锦江区,104.087567,30.664833
泰晤士英语,edu,科教文化服务;培训机构;培训机构,成华区,104.091451,30.663249
成华区飞鱼画室,edu,科教文化服务;培训机构;培训机构,成华区,104.090653,30.661214
金田杂志社,edu,科教文化服务;传媒机构;杂志社,锦江区,104.087562,30.664893
星晟教育,edu,科教文化服务;培训机构;培训机构,锦江区,104.086797,30.669226
御品香餐饮培训中心,edu,科教文化服务;培训机构;培训机构,锦江区,104.089053,30.663181
劳动人事仲裁培训班,edu,科教文化服务;培训机构;培训机构,锦江区,104.088355,30.664063
中艺教育,edu,科教文化服务;培训机构;培训机构,锦江区,104.084851,30.668205
睿博教育,edu,科教文化服务;培训机构;培训机构,锦江区,104.084318,30.660161
国傲教育,edu,科教文化服务;培训机构;培训机构,锦江区,104.086728,30.668919
理想画室,edu,科教文化服务;培训机构;培训机构,锦江区,104.084943,30.668357
西财会计培训中心,edu,科教文化服务;培训机构;培训机构,锦江区,104.086499,30.662347
优优数学学校双林校区,edu,科教文化服务;培训机构;培训机构,成华区,104.090853,30.662698
南顶精品画室,edu,科教文化服务;培训机构;培训机构,锦江区,104.085273,30.668214
成都雅万文化传媒公司,edu,科教文化服务;科教文化场所;科教文化场所,成华区,104.095407,30.667015
新鸿路街道综合文化活动中心,edu,科教文化服务;文化宫;文化宫,成华区,104.101054,30.66257
猛追湾街道综合文化活动中心(建华南巷),edu,科教文化服务;文化宫;文化宫,成华区,104.096354,30.662342
成华区教育服务中心,edu,政府机构及社会团体;政府机关;区县级政府及事业单位|科教文化服务;培训机构;培训机构,成华区,104.095694,30.661082
成都电视台公共频道,edu,科教文化服务;传媒机构;电视台,成华区,104.099726,30.659877
成都电视台(双林路),edu,科教文化服务;传媒机构;电视台|科教文化服务;传媒机构;电台,成华区,104.099728,30.659864
西南石油大学驻成都办事处,edu,科教文化服务;学校;高等院校,成华区,104.096774,30.663751
培华小学,edu,科教文化服务;学校;小学,成华区,104.100143,30.669242
成都双语实验学校,edu,科教文化服务;学校;学校,成华区,104.096444,30.661508
都石室中学初中学校培华校区,edu,科教文化服务;学校;中学,成华区,104.100517,30.668149
成都蜀兴职业中学初中部,edu,科教文化服务;学校;中学,成华区,104.100387,30.668784
成都市第十四幼儿园,edu,科教文化服务;学校;幼儿园,成华区,104.102634,30.662132
建科职业技术培训学校,edu,科教文化服务;学校;职业技术学校,成华区,104.094551,30.665227
锦电幼儿园(培华西路),edu,科教文化服务;学校;幼儿园,成华区,104.100865,30.669246
飞扬舞校(新鸿路),edu,科教文化服务;培训机构;培训机构,成华区,104.100355,30.663908
成华区中医学院,edu,科教文化服务;学校;高等院校,成华区,104.099218,30.663261
四川广播电视报,edu,科教文化服务;传媒机构;报社,成华区,104.097294,30.662461
春蕾幼儿园,edu,科教文化服务;学校;幼儿园,成华区,104.101878,30.663087
锦江幼儿园,edu,科教文化服务;学校;幼儿园,成华区,104.100866,30.669289
灵通英语(东校区),edu,科教文化服务;培训机构;培训机构,成华区,104.098283,30.667928
三德名师点拨学校,edu,科教文化服务;培训机构;培训机构,成华区,104.100689,30.665403
华西都市报(成华零售站),edu,科教文化服务;传媒机构;报社,成华区,104.097367,30.662731
华胜职业技能学校,edu,科教文化服务;学校;职业技术学校,成华区,104.095368,30.667125
成都市第二十六幼儿园,edu,科教文化服务;学校;幼儿园,成华区,104.09779,30.662631
八二幼儿园,edu,科教文化服务;学校;幼儿园,成华区,104.098559,30.669246
中国民航飞行学院驻成都办事处,edu,科教文化服务;学校;学校,成华区,104.103423,30.66445
成都市经济台,edu,科教文化服务;传媒机构;电视台,成华区,104.099726,30.659877
成都广播电视大学直属成才学校,edu,科教文化服务;学校;成人教育,成华区,104.102789,30.668096
成都市第十三幼儿园猛追湾分园,edu,科教文化服务;学校;幼儿园,成华区,104.097797,30.662687
泛音琴行(培华西路),edu,科教文化服务;培训机构;培训机构,成华区,104.101475,30.669376
电子第十一设计研究院,edu,科教文化服务;科研机构;科研机构,成华区,104.094311,30.661819
华西烧烫伤医学研究院,edu,科教文化服务;科研机构;科研机构,成华区,104.100185,30.664057
成都华西疤痕医学研究院,edu,科教文化服务;科研机构;科研机构,成华区,104.100185,30.664057
都市生活频道支点运行,edu,科教文化服务;科教文化场所;科教文化场所,成华区,104.099311,30.659615
交通广播,edu,科教文化服务;科教文化场所;科教文化场所,成华区,104.09925,30.659599
成都军建手足癣微外科研究院,edu,科教文化服务;科研机构;科研机构,成华区,104.100185,30.664057
法制传播网,edu,科教文化服务;科教文化场所;科教文化场所,成华区,104.098481,30.667348
成都教子有方培训学校,edu,科教文化服务;培训机构;培训机构,成华区,104.094735,30.6647
成都建筑材料工业设计研究院,edu,科教文化服务;科研机构;科研机构,成华区,104.096718,30.664841
晨飞钢琴艺术学校,edu,科教文化服务;学校;职业技术学校,成华区,104.102787,30.668094
成华区金宝宝幼儿园,edu,科教文化服务;学校;幼儿园,成华区,104.097043,30.663929
成都市示范社区教育工作站,edu,科教文化服务;科教文化场所;科教文化场所,成华区,104.098138,30.661438
爱学堂(建华南巷),edu,科教文化服务;培训机构;培训机构,成华区,104.097763,30.661594
望子成龙学校(新鸿路),edu,科教文化服务;培训机构;培训机构,成华区,104.100082,30.664646
中国平安保险培训中心,edu,科教文化服务;培训机构;培训机构,成华区,104.096533,30.664731
王孝纲书画艺校(新鸿路),edu,科教文化服务;培训机构;培训机构,成华区,104.100355,30.663908
成都电大七八四培训中心,edu,科教文化服务;培训机构;培训机构,成华区,104.102785,30.668099
成华区会计人员培训部(建设南新路),edu,科教文化服务;培训机构;培训机构,成华区,104.102404,30.667962
彩烘雨个性化电脑教育中心,edu,科教文化服务;培训机构;培训机构,成华区,104.098279,30.667935
培优教育(一环路东二段),edu,科教文化服务;培训机构;培训机构,成华区,104.098506,30.667362
成都市白蚁防治研究所(新鸿路),edu,科教文化服务;科研机构;科研机构,成华区,104.102685,30.664078
猛追湾邮局报刊发行订阅中心,edu,科教文化服务;传媒机构;传媒机构,成华区,104.093566,30.661543
望子成龙学校(建设路校区),edu,科教文化服务;培训机构;培训机构,成华区,104.102802,30.667571
锦电培训中心,edu,科教文化服务;培训机构;培训机构,成华区,104.102789,30.668096
川艺堂艺校,edu,科教文化服务;学校;职业技术学校|科教文化服务;培训机构;培训机构,成华区,104.098283,30.667928
国家数字电视《和谐·法制之光》栏目组,edu,科教文化服务;传媒机构;传媒机构,成华区,104.098513,30.667364
成都广播电视大学电子分校会计培训中心,edu,科教文化服务;培训机构;培训机构,成华区,104.102553,30.668153
四川中国石油大学驻成都办事处科技交流中心,edu,科教文化服务;培训机构;培训机构,成华区,104.096774,30.663751
成都广播电视台全媒体娱乐运营中心,edu,科教文化服务;传媒机构;传媒机构,成华区,104.099269,30.659681
北大育星培训学校,edu,科教文化服务;培训机构;培训机构,成华区,104.094561,30.665224
热点国际调酒师培训基地,edu,科教文化服务;培训机构;培训机构,成华区,104.094507,30.665173
孙净阳书法工作室,edu,科教文化服务;培训机构;培训机构,成华区,104.102404,30.667962
黑珍珠化妆造型学校,edu,科教文化服务;培训机构;培训机构,成华区,104.095277,30.665871
成都晨曦儿童智能测评与促进中心,edu,科教文化服务;培训机构;培训机构,成华区,104.100355,30.663908
大千新鸿教育,edu,科教文化服务;培训机构;培训机构,成华区,104.102785,30.668098
西南石油大学培训基地,edu,科教文化服务;培训机构;培训机构,成华区,104.101378,30.662087
信息十一所设计院,edu,科教文化服务;科研机构;科研机构,成华区,104.094112,30.661768
高沛然建材设计院,edu,科教文化服务;科研机构;科研机构,成华区,104.096715,30.664999
十一电子设计院,edu,科教文化服务;科研机构;科研机构,成华区,104.096362,30.663599
四川省誉尚文化传播有限公司,edu,科教文化服务;科教文化场所;科教文化场所,成华区,104.103538,30.663306
AI舞室(东区),edu,科教文化服务;科教文化场所;科教文化场所,成华区,104.11092,30.669229
CCAI舞蹈艺术交流中心,edu,科教文化服务;科教文化场所;科教文化场所,成华区,104.110922,30.669223
加州阳光幼儿园,edu,科教文化服务;学校;幼儿园,成华区,104.106275,30.667449
佳音英语(小龙桥路),edu,科教文化服务;培训机构;培训机构,成华区,104.108434,30.662499
四川石油报,edu,科教文化服务;传媒机构;报社,成华区,104.105165,30.663971
成都市成华区社区教育学院,edu,科教文化服务;学校;成人教育,成华区,104.103689,30.666408
成都东郊工业文明博物馆,edu,科教文化服务;博物馆;博物馆,成华区,104.11129,30.669308
成华小学,edu,科教文化服务;学校;小学,成华区,104.1047,30.661606
奇乐睿幼儿园(盛茗苑西),edu,科教文化服务;学校;幼儿园,成华区,104.10615,30.663678
成都市青少年宫(东区),edu,科教文化服务;文化宫;文化宫,成华区,104.111286,30.669339
四川石油新闻中心,edu,科教文化服务;传媒机构;传媒机构,成华区,104.105165,30.663971
温馨保健幼儿园,edu,科教文化服务;学校;幼儿园,成华区,104.10535,30.660828
资料填报区,edu,科教文化服务;科教文化场所;科教文化场所,成华区,104.108596,30.660821
嘉禾星空艺术教育,edu,科教文化服务;培训机构;培训机构,成华区,104.104044,30.664014
洋文堂教育,edu,科教文化服务;培训机构;培训机构,成华区,104.104044,30.664014
时习托管中心,edu,科教文化服务;培训机构;培训机构,成华区,104.105532,30.660493
成都锦欣生殖医学与遗传学研究所,edu,科教文化服务;科研机构;科研机构,成华区,104.109219,30.666278
成都市京都临床中医医学研究所,edu,科教文化服务;科研机构;科研机构,成华区,104.111718,30.664824
向日葵儿童之家,edu,科教文化服务;培训机构;培训机构,成华区,104.104421,30.669147
跳蹬河街道综合文化活动中心(东秀二路),edu,科教文化服务;文化宫;文化宫,成华区,104.115224,30.659767
成都乐娱星天文化传播有限公司,edu,科教文化服务;科教文化场所;科教文化场所,成华区,104.115342,30.667873
跳蹬河街道综合文化活动中心(万年路),edu,科教文化服务;文化宫;文化宫,成华区,104.121198,30.659652
成华小学,edu,科教文化服务;学校;小学,成华区,104.11835,30.661042
成都热电厂生活区幼儿园,edu,科教文化服务;学校;幼儿园,成华区,104.121838,30.661111
锦绣东方幼儿园,edu,科教文化服务;学校;幼儿园,成华区,104.117123,30.660715
成都职教中心,edu,科教文化服务;学校;职业技术学校,成华区,104.121258,30.659732
树人学校,edu,科教文化服务;科教文化场所;科教文化场所,成华区,104.114726,30.666323
凯凯音乐,edu,科教文化服务;科教文化场所;科教文化场所,成华区,104.122269,30.662364
博弈围棋,edu,科教文化服务;培训机构;培训机构,成华区,104.114807,30.666318
金辉画院,edu,科教文化服务;培训机构;培训机构,成华区,104.114807,30.666318
舞之语舞蹈,edu,科教文化服务;培训机构;培训机构,成华区,104.114807,30.666318
慧学教育(东区),edu,科教文化服务;培训机构;培训机构,成华区,104.114977,30.663885
大千教育,edu,科教文化服务;培训机构;培训机构,成华区,104.115427,30.660169
贝思嘉艺术教育,edu,科教文化服务;培训机构;培训机构,成华区,104.117993,30.665045
四川省舞蹈家协会国际标准舞丹姿培训中心,edu,科教文化服务;培训机构;培训机构,成华区,104.121197,30.659653
四川抗菌素工业研究所,edu,科教文化服务;科研机构;科研机构,成华区,104.115357,30.664559
皮肤研究所,edu,科教文化服务;科研机构;科研机构,成华区,104.114403,30.66507
华林小学,edu,科教文化服务;学校;小学,成华区,104.12714,30.665504
成都列五中学南华实验学校,edu,科教文化服务;学校;中学,成华区,104.129202,30.661179
T-8国际拉丁舞俱乐部(蓝光东方天地东南),edu,科教文化服务;培训机构;培训机构,成华区,104.126751,30.663326
成都乐娱星天文化传播有限公司,edu,科教文化服务;传媒机构;传媒机构,成华区,104.13928,30.660018
成都理工大学(南校区),edu,科教文化服务;学校;高等院校,成华区,104.135188,30.667695
成都理工大学南校区商学院,edu,科教文化服务;学校;高等院校,成华区,104.135432,30.667971
成都理工大学南校区应用技术学院,edu,科教文化服务;学校;高等院校,成华区,104.135254,30.667217
成都理工大学南校区图书馆,edu,科教文化服务;图书馆;图书馆,成华区,104.135443,30.667658
成都理工大学南校区学术报告厅,edu,科教文化服务;会展中心;会展中心,成华区,104.135519,30.667852
崔家幼儿园,edu,科教文化服务;学校;幼儿园,成华区,104.137234,30.668721
成都理工大学南校区第一教学楼,edu,科教文化服务;学校;高等院校,成华区,104.136122,30.668418
成都理工大学商学院商学实验楼,edu,科教文化服务;学校;高等院校,成华区,104.134659,30.668456
成都理工大学继续教育学院(二仙桥东二路),edu,科教文化服务;学校;成人教育,成华区,104.135785,30.667139
爱思威·舜惠幼儿园,edu,科教文化服务;学校;幼儿园,成华区,104.143369,30.66667
成都理工大学南校区自学考试办公室,edu,科教文化服务;学校;高等院校,成华区,104.137137,30.668384
成都理工大学继续教育学院学生工作室,edu,科教文化服务;学校;成人教育,成华区,104.136725,30.667412
成都理工大学旅游管理专业实验室,edu,科教文化服务;科研机构;科研机构,成华区,104.134627,30.668454
成都理工大学继续数育学院,edu,科教文化服务;学校;高等院校,成华区,104.135294,30.667196
成都理工大学南校区第二教学楼,edu,科教文化服务;学校;高等院校,成华区,104.136895,30.668126
成都理工大学南校区院风纠察队纪检部,edu,科教文化服务;科教文化场所;科教文化场所,成华区,104.136738,30.667921
成都理工大学南校区培训中心,edu,科教文化服务;培训机构;培训机构,成华区,104.13709,30.668405
成都理工大学南校继教院招生就业办公室,edu,科教文化服务;科教文化场所;科教文化场所,成华区,104.137061,30.668278
成都理工大学继续教育学院培训中心,edu,科教文化服务;培训机构;培训机构,成华区,104.134356,30.66754
成都理工大学计算机基础实验室,edu,科教文化服务;学校;学校内部设施,成华区,104.134231,30.667224
成都理工大学职业经理研究所教育培训中心,edu,科教文化服务;培训机构;培训机构,成华区,104.134428,30.667523
成都理工大学南校区后勤保障应急值班室,edu,科教文化服务;学校;学校内部设施,成华区,104.136461,30.668652
CSS音乐,edu,科教文化服务;培训机构;培训机构,成华区,104.145603,30.665237
成都传世蓝韵文化传播有限公司,edu,科教文化服务;传媒机构;传媒机构,武侯区,103.967436,30.651893
成都西蜀实验学校,edu,科教文化服务;学校;中学,武侯区,103.970109,30.656206
四川电大机投校区-第2教学楼,edu,科教文化服务;学校;高等院校,武侯区,103.972654,30.653472
九金社区教学点,edu,科教文化服务;学校;学校,武侯区,103.969381,30.650454
贝幼幼儿园,edu,科教文化服务;学校;幼儿园,武侯区,103.970472,30.658244
四川省经济贸易学校(东升校区),edu,科教文化服务;学校;学校,武侯区,103.96544,30.658609
公办幼儿园,edu,科教文化服务;学校;幼儿园,武侯区,103.970191,30.650598
成都市西蜀实验幼儿园,edu,科教文化服务;学校;幼儿园,武侯区,103.970378,30.650456
晨欣幼儿园(机九路),edu,科教文化服务;学校;幼儿园,武侯区,103.965181,30.658705
四川广播电视中等专业学校,edu,科教文化服务;学校;职业技术学校,武侯区,103.97376,30.653265
武侯区小新星幼儿园,edu,科教文化服务;学校;幼儿园,武侯区,103.969369,30.657605
成都市金盾保安学校,edu,科教文化服务;学校;职业技术学校,武侯区,103.967713,30.654768
成都市武侯区喜洋洋幼儿园,edu,科教文化服务;学校;幼儿园,武侯区,103.969253,30.656637
指点教育中心,edu,科教文化服务;科教文化场所;科教文化场所,武侯区,103.969763,30.65553
凌氏教育,edu,科教文化服务;培训机构;培训机构,武侯区,103.970363,30.655585
阳光育苗工作室,edu,科教文化服务;培训机构;培训机构,武侯区,103.969585,30.650343
清大学习吧,edu,科教文化服务;培训机构;培训机构,武侯区,103.97005,30.654938
中兴教育,edu,科教文化服务;培训机构;培训机构,武侯区,103.964096,30.656877
九金社区科普多功能教室,edu,科教文化服务;培训机构;培训机构,武侯区,103.969379,30.650454
金花小燕子幼儿园(九金路),edu,科教文化服务;学校;幼儿园,武侯区,103.965646,30.656118
四川广播电视大学艺术高考培训中心,edu,科教文化服务;培训机构;培训机构,武侯区,103.973266,30.653459
成都市曹华清艺术培训学校(机头校区),edu,科教文化服务;培训机构;培训机构,武侯区,103.96507,30.658743
川西幼稚园,edu,科教文化服务;学校;幼儿园,武侯区,103.965206,30.652803
成都市金盾保安学校-金盾培训学校,edu,科教文化服务;培训机构;培训机构,武侯区,103.968049,30.655028
金凤幼儿园,edu,科教文化服务;学校;幼儿园,武侯区,103.965606,30.652718
誉图文化传播有限公司,edu,科教文化服务;传媒机构;传媒机构,武侯区,103.979919,30.650219
成都弘吉鑫文化传播有限公司,edu,科教文化服务;传媒机构;传媒机构,武侯区,103.974114,30.657668
四川广播电视大学西校区,edu,科教文化服务;学校;高等院校,武侯区,103.973817,30.653849
机投小学,edu,科教文化服务;学校;小学,武侯区,103.980006,30.653231
成都市春晖学校,edu,科教文化服务;学校;学校,武侯区,103.982145,30.651404
成都外语职业中专学校,edu,科教文化服务;学校;职业技术学校,武侯区,103.974758,30.652885
正大教育(万安正街),edu,科教文化服务;培训机构;培训机构,武侯区,103.979805,30.650437
四川广播电视大学机投校区,edu,科教文化服务;学校;成人教育,武侯区,103.974684,30.652956
祥和街幼儿园,edu,科教文化服务;学校;幼儿园,武侯区,103.977007,30.653347
成都瑞德幼儿园,edu,科教文化服务;学校;幼儿园,武侯区,103.979609,30.651086
成都博爱军乐团,edu,科教文化服务;文艺团体;文艺团体,武侯区,103.983501,30.658589
贝美艺术,edu,科教文化服务;美术馆;美术馆,武侯区,103.978354,30.652026
糖果教育,edu,科教文化服务;培训机构;培训机构,武侯区,103.979584,30.652959
四川广播电视大学培训学校,edu,科教文化服务;学校;高等院校,武侯区,103.975324,30.652561
四川华新现代职业学院机投校区,edu,科教文化服务;学校;职业技术学校,武侯区,103.974684,30.652956
成都市青羊区新智慧幸福里幼稚园,edu,科教文化服务;学校;幼儿园,武侯区,103.974928,30.658981
四川广播电视大学培训学院,edu,科教文化服务;学校;成人教育,武侯区,103.974684,30.652956
知识杰教育,edu,科教文化服务;培训机构;培训机构,武侯区,103.976557,30.651656
宏伟艺术,edu,科教文化服务;培训机构;培训机构,武侯区,103.979631,30.649903
先行者教育,edu,科教文化服务;培训机构;培训机构,武侯区,103.976395,30.653022
方圆学府,edu,科教文化服务;培训机构;培训机构,武侯区,103.980205,30.650841
智哆星教育,edu,科教文化服务;培训机构;培训机构,武侯区,103.979267,30.652514
新梦想艺术中心(机九路),edu,科教文化服务;培训机构;培训机构,武侯区,103.974023,30.654563
英学园教育(万福东二街),edu,科教文化服务;培训机构;培训机构,武侯区,103.979107,30.652836
成都市武侯区双星天乐幼儿园,edu,科教文化服务;学校;幼儿园,武侯区,103.974942,30.658285
成都市第二十幼儿园,edu,科教文化服务;学校;幼儿园,武侯区,103.99328,30.654487
四川省国土勘测规划研究院,edu,科教文化服务;科研机构;科研机构,武侯区,103.989205,30.657595
四川省妇幼健康和计划生育研究所,edu,科教文化服务;科研机构;科研机构,武侯区,103.993308,30.653937
湖南省城乡建设勘测院,edu,科教文化服务;科教文化场所;科教文化场所,武侯区,103.991884,30.651102
艺摇·艺术,edu,科教文化服务;培训机构;培训机构,武侯区,103.984911,30.658378
法制日报四川记者站,edu,科教文化服务;传媒机构;传媒机构,武侯区,103.985018,30.658204
四川敏创教育,edu,科教文化服务;培训机构;培训机构,武侯区,103.991871,30.650926
麦克星球儿童创客学院,edu,科教文化服务;培训机构;培训机构,武侯区,103.993158,30.65096
周广仁钢琴艺术中心(金楠校区),edu,科教文化服务;培训机构;培训机构,武侯区,103.991408,30.649724
山姆大叔少儿英语(金楠天街校区),edu,科教文化服务;培训机构;培训机构,武侯区,103.993161,30.650117
阳光培训学校(中央花园三期西北),edu,科教文化服务;培训机构;培训机构,武侯区,103.991374,30.65384
成都宏艺星幼儿园,edu,科教文化服务;学校;幼儿园,武侯区,103.985434,30.656654
成都铁路通信厂幼儿园,edu,科教文化服务;学校;幼儿园,武侯区,103.987911,30.650546
英语文化艺术,edu,科教文化服务;培训机构;培训机构,武侯区,103.997311,30.652233
丽灵舞蹈文化艺术(晋阳路店),edu,科教文化服务;美术馆;美术馆,武侯区,103.997437,30.652076
成都弘武道文化传播有限公司,edu,科教文化服务;科教文化场所;科教文化场所,武侯区,104.003314,30.655823
成都岁月传奇文化传播有限公司,edu,科教文化服务;科教文化场所;科教文化场所,武侯区,104.002141,30.655695
沙堰小学,edu,科教文化服务;学校;小学,武侯区,104.00006,30.657337
中央花园幼儿园(沙堰西二街),edu,科教文化服务;学校;幼儿园,武侯区,103.998163,30.656666
图图武道国际柔道柔术学院,edu,科教文化服务;学校;高等院校,武侯区,103.994968,30.649755
蒙特梭利早教中心(晋阳路),edu,科教文化服务;学校;幼儿园|科教文化服务;培训机构;培训机构,武侯区,103.999684,30.653317
新扬扬幼儿园,edu,科教文化服务;学校;幼儿园,武侯区,103.998416,30.657841
成都市汉学研究会,edu,科教文化服务;科研机构;科研机构,武侯区,104.002115,30.655726
索菲亚艺术中心,edu,科教文化服务;美术馆;美术馆,武侯区,103.996311,30.653435
交大花园幼儿园,edu,科教文化服务;学校;幼儿园,武侯区,103.997538,30.658228
华艺时代艺术中心,edu,科教文化服务;美术馆;美术馆,武侯区,103.99623,30.653151
舞者林艺术学校,edu,科教文化服务;学校;职业技术学校,武侯区,103.998931,30.653037
托马斯学习馆,edu,科教文化服务;科教文化场所;科教文化场所,武侯区,103.999144,30.656919
蒙特梭利早教·婴幼儿水疗,edu,科教文化服务;培训机构;培训机构,武侯区,103.999109,30.653293
四川省成都市房建白蚁防治研究所,edu,科教文化服务;科研机构;科研机构,武侯区,104.000109,30.655511
川音大地音乐学校(武侯区协同门诊部西北),edu,科教文化服务;培训机构;培训机构,武侯区,103.999854,30.654848
向阳花音乐舞蹈学校,edu,科教文化服务;培训机构;培训机构,武侯区,103.995271,30.64968
军赋书画研究院,edu,科教文化服务;科教文化场所;科教文化场所,武侯区,104.002519,30.65904
浩浩学习(晋阳路),edu,科教文化服务;培训机构;培训机构,武侯区,103.998809,30.653682
托马斯学习馆(五大花园),edu,科教文化服务;科教文化场所;科教文化场所,武侯区,103.999761,30.656458
优学堂少儿培训,edu,科教文化服务;培训机构;培训机构,武侯区,103.998809,30.653682
天天乐英语培训,edu,科教文化服务;培训机构;培训机构,武侯区,103.998809,30.653682
10度钢琴艺术学校,edu,科教文化服务;培训机构;培训机构,武侯区,103.999953,30.651634
巴山烹饪速成班,edu,科教文化服务;培训机构;培训机构,武侯区,103.998922,30.652315
乐悠悠少儿教育,edu,科教文化服务;培训机构;培训机构,武侯区,103.997791,30.650963
星舞忠街舞,edu,科教文化服务;培训机构;培训机构,武侯区,103.994497,30.650521
桃园琴筝艺术中心,edu,科教文化服务;培训机构;培训机构,武侯区,103.999291,30.657021
蒙特梭利品牌早教,edu,科教文化服务;培训机构;培训机构,武侯区,103.999708,30.653301
五彩笔美术培训,edu,科教文化服务;培训机构;培训机构,武侯区,103.995801,30.656639
聆雅轩艺术工作室,edu,科教文化服务;培训机构;培训机构,武侯区,103.998053,30.650663
嗳尚琴行艺术培训中心,edu,科教文化服务;培训机构;培训机构,武侯区,103.997963,30.650967
趣乐美培训中心,edu,科教文化服务;培训机构;培训机构,武侯区,103.99887,30.653732
10度钢琴艺术中心,edu,科教文化服务;培训机构;培训机构,武侯区,103.998782,30.651132
诺贝尔种植牙技术培训中心,edu,科教文化服务;培训机构;培训机构,武侯区,103.998827,30.654553
杨梅红国际私立美校(金楠天街校区),edu,科教文化服务;科教文化场所;科教文化场所,武侯区,103.994424,30.649632
海韵之声音乐艺术培训中心,edu,科教文化服务;培训机构;培训机构,武侯区,103.999573,30.657104
望子成龙学校(五大花园校区),edu,科教文化服务;培训机构;培训机构,武侯区,103.996535,30.653496
强项中学乾跃巴学园养正教育,edu,科教文化服务;培训机构;培训机构,武侯区,103.997884,30.650582
成都戴氏教育精品堂(五大花园校区),edu,科教文化服务;培训机构;培训机构,武侯区,103.996394,30.65346
松琳艺术培训中心(晋阳分校),edu,科教文化服务;培训机构;培训机构,武侯区,103.995264,30.65144
现代教育培训学校(金雁路),edu,科教文化服务;培训机构;培训机构,武侯区,103.998809,30.653682
央视大风车四川儿童早期教育中心千盛中心,edu,科教文化服务;培训机构;培训机构,武侯区,103.995333,30.651535
小书童教育(成都市晋阳路学习中心),edu,科教文化服务;培训机构;培训机构,武侯区,103.995971,30.650902
画家村美术培训,edu,科教文化服务;培训机构;培训机构,武侯区,103.999033,30.652
武侯区特殊教育学校,edu,科教文化服务;科教文化场所;科教文化场所,武侯区,103.997197,30.658994
心可儿幼儿园,edu,科教文化服务;学校;幼儿园,武侯区,103.999149,30.651491
圈层文化传播有限公司,edu,科教文化服务;科教文化场所;科教文化场所,武侯区,104.012918,30.65736
雅和艺术文化中心,edu,科教文化服务;培训机构;培训机构,武侯区,104.01265,30.655872
龙腾社区综合文化活动室,edu,科教文化服务;文化宫;文化宫,武侯区,104.013017,30.656271
好尚好教育文化艺术学校,edu,科教文化服务;培训机构;培训机构,武侯区,104.006835,30.65236
成都可可映画文化传播有限公司,edu,科教文化服务;科教文化场所;科教文化场所,武侯区,104.012065,30.655547
龙祥路小学,edu,科教文化服务;学校;小学,武侯区,104.007967,30.650084
天骄艺术,edu,科教文化服务;美术馆;美术馆,青羊区,104.006312,30.65859
龙腾幼稚园,edu,科教文化服务;学校;幼儿园,武侯区,104.009578,30.654163
凯星幼儿园(国际园),edu,科教文化服务;学校;幼儿园,武侯区,104.006888,30.649649
哈佛之星美式幼稚园(鹭岛龙祥园),edu,科教文化服务;学校;幼儿园,武侯区,104.00696,30.650559
青少年体育俱乐部实验小学,edu,科教文化服务;学校;小学,青羊区,104.006292,30.659528
天成教育,edu,科教文化服务;培训机构;培训机构,武侯区,104.012599,30.655462
成都辛迪家幼儿园(龙安街),edu,科教文化服务;学校;幼儿园,武侯区,104.008571,30.652652
鲨鱼公园儿童科学中心,edu,科教文化服务;科教文化场所;科教文化场所,武侯区,104.006006,30.65177
亚得里亚少儿美术(成都花园店),edu,科教文化服务;美术馆;美术馆,青羊区,104.00687,30.657657
未来艺术中心,edu,科教文化服务;培训机构;培训机构,武侯区,104.012836,30.656063
维也纳国际艺术中心,edu,科教文化服务;培训机构;培训机构,武侯区,104.01133,30.655021
架子鼓古筝小提琴钢琴,edu,科教文化服务;培训机构;培训机构,武侯区,104.01333,30.654195
未晞艺术中心,edu,科教文化服务;培训机构;培训机构,武侯区,104.01286,30.656012
艾瑞克国际少儿英语,edu,科教文化服务;培训机构;培训机构,武侯区,104.013469,30.653934
晨翔体育培训中心,edu,科教文化服务;培训机构;培训机构,武侯区,104.013358,30.653937
致乐钢琴艺术会馆(光华店),edu,科教文化服务;培训机构;培训机构,青羊区,104.009733,30.659255
成都新桥教育咨询有限公司,edu,科教文化服务;培训机构;培训机构,武侯区,104.004719,30.653114
龙文教育(中环路武阳大道段),edu,科教文化服务;培训机构;培训机构,武侯区,104.005927,30.653293
ICC国际儿童会(中环路武阳大道段),edu,科教文化服务;培训机构;培训机构,武侯区,104.006195,30.651784
天娇艺术培训,edu,科教文化服务;培训机构;培训机构,青羊区,104.007881,30.657555
四川大学附属实验小学(西区),edu,科教文化服务;学校;小学,武侯区,104.016498,30.652615
美联英语(双楠中心),edu,科教文化服务;培训机构;培训机构,武侯区,104.022023,30.653625
金苹果国际幼稚园(龙腾西街),edu,科教文化服务;学校;幼儿园,武侯区,104.015501,30.656276
金摇篮公益性幼儿园,edu,科教文化服务;学校;幼儿园,青羊区,104.020123,30.657691
尚书坊教育(龙腾东路),edu,科教文化服务;培训机构;培训机构,武侯区,104.017529,30.654734
四川大学附属实验小学清水河分校,edu,科教文化服务;学校;小学,武侯区,104.015971,30.65548
圣宝乐幼稚园逸都园,edu,科教文化服务;学校;幼儿园,武侯区,104.014789,30.650686
芭比印象幼稚园,edu,科教文化服务;学校;幼儿园,武侯区,104.017827,30.655366
美吉姆(龙腾街),edu,科教文化服务;学校;幼儿园,武侯区,104.016072,30.654824
大蜀艺术培训中心,edu,科教文化服务;培训机构;培训机构,武侯区,104.016254,30.65408
C&D儿童美学,edu,科教文化服务;科教文化场所;科教文化场所,武侯区,104.015101,30.658344
徐宝吉他艺术中心(双楠分部),edu,科教文化服务;科教文化场所;科教文化场所,武侯区,104.014267,30.64999
嘉顿国际英语,edu,科教文化服务;培训机构;培训机构,武侯区,104.018039,30.649638
丹秋·名师堂学校,edu,科教文化服务;培训机构;培训机构,武侯区,104.016637,30.654766
非洲鼓社,edu,科教文化服务;培训机构;培训机构,青羊区,104.02227,30.654384
极客数学帮,edu,科教文化服务;培训机构;培训机构,武侯区,104.013906,30.654171
学大教育,edu,科教文化服务;培训机构;培训机构,武侯区,104.015575,30.651884
迈格森高端英语教育,edu,科教文化服务;培训机构;培训机构,武侯区,104.019261,30.650127
i2国际私塾(龙湾校区),edu,科教文化服务;培训机构;培训机构,武侯区,104.014817,30.657393
榜上名教育,edu,科教文化服务;培训机构;培训机构,青羊区,104.022461,30.654158
I2国际私塾(龙腾西街),edu,科教文化服务;培训机构;培训机构,武侯区,104.01379,30.656737
博羽优课托管班,edu,科教文化服务;培训机构;培训机构,武侯区,104.016684,30.65331
于世纬钢琴教学工作室,edu,科教文化服务;培训机构;培训机构,武侯区,104.020939,30.651928
听心坊,edu,科教文化服务;培训机构;培训机构,武侯区,104.021522,30.651826
美洛迪艺术教育学校,edu,科教文化服务;培训机构;培训机构,武侯区,104.017546,30.652524
天籁琴行乐器培训,edu,科教文化服务;培训机构;培训机构,武侯区,104.017712,30.652514
王牌新教育(龙腾小区),edu,科教文化服务;培训机构;培训机构,武侯区,104.014027,30.655896
新东方高端英语教育,edu,科教文化服务;培训机构;培训机构,武侯区,104.019357,30.649917
四川大学附属实验小学(大华街校区),edu,科教文化服务;学校;小学,武侯区,104.016915,30.652225
迈格森国际教育(成都双楠中心),edu,科教文化服务;培训机构;培训机构,武侯区,104.019422,30.649973
劳氏外语学校,edu,科教文化服务;培训机构;培训机构,武侯区,104.018077,30.652546
海神传媒有限公司,edu,科教文化服务;科教文化场所;科教文化场所,青羊区,104.021946,30.654133
八零三研究所,edu,科教文化服务;科研机构;科研机构,武侯区,104.019331,30.651557
金摇蓝幼稚园,edu,科教文化服务;学校;幼儿园,青羊区,104.02001,30.656536
百花社区综合文化活动室,edu,科教文化服务;文化宫;文化宫,武侯区,104.03262,30.652377
成都沸云文化传播有限公司,edu,科教文化服务;科教文化场所;科教文化场所,武侯区,104.033401,30.653047
状元廊学校(大石西路校区),edu,科教文化服务;培训机构;培训机构,武侯区,104.030535,30.653129
成都职业技术学院青羊校区,edu,科教文化服务;学校;职业技术学校,青羊区,104.029539,30.654547
武侯实验小学,edu,科教文化服务;学校;小学,武侯区,104.02592,30.65052
百花小区幼稚园,edu,科教文化服务;学校;幼儿园,武侯区,104.031998,30.651824
成都市国土资源档案馆,edu,科教文化服务;档案馆;档案馆,武侯区,104.032907,30.653199
成都金贝贝幼稚园(广厦街),edu,科教文化服务;学校;幼儿园,武侯区,104.025908,30.649525
成都市经济贸易中等专业学校,edu,科教文化服务;学校;职业技术学校,武侯区,104.030535,30.653129
成都广播电视大学,edu,科教文化服务;学校;成人教育|科教文化服务;学校;高等院校,青羊区,104.029946,30.653601
九方美术(双楠校区),edu,科教文化服务;培训机构;培训机构|科教文化服务;美术馆;美术馆,武侯区,104.030535,30.653129
成都职业技术学院继续教育学院,edu,科教文化服务;学校;学校,青羊区,104.029471,30.653855
乖娃娃幼儿园(大石西路),edu,科教文化服务;学校;幼儿园,青羊区,104.030477,30.654018
优睿佳托管中心,edu,科教文化服务;学校;幼儿园,武侯区,104.025137,30.649523
爱米贝儿幼儿园(锦宏纳米爱邸西),edu,科教文化服务;学校;幼儿园,武侯区,104.025469,30.651939
优培生陶艺(少陵店),edu,科教文化服务;培训机构;培训机构,武侯区,104.028049,30.650661
高新技术研究院,edu,科教文化服务;科研机构;科研机构,武侯区,104.031819,30.653245
罗老师英语(百花正街),edu,科教文化服务;培训机构;培训机构,武侯区,104.031386,30.652891
成都城市管理新媒体中心,edu,科教文化服务;科教文化场所;科教文化场所,青羊区,104.03243,30.654538
盛文书法工作室,edu,科教文化服务;培训机构;培训机构,青羊区,104.032254,30.653621
学大教育(百花正街),edu,科教文化服务;培训机构;培训机构,武侯区,104.031452,30.653185
博达教育(百花正街),edu,科教文化服务;培训机构;培训机构,武侯区,104.031431,30.653215
乐学园体验式教育,edu,科教文化服务;培训机构;培训机构,武侯区,104.024533,30.652207
郑学教育,edu,科教文化服务;培训机构;培训机构,武侯区,104.030535,30.653129
联合美学,edu,科教文化服务;培训机构;培训机构,武侯区,104.030535,30.653129
灵通英语,edu,科教文化服务;培训机构;培训机构,武侯区,104.026864,30.649809
健哲吉他,edu,科教文化服务;培训机构;培训机构,青羊区,104.024342,30.655494
实外教育(少陵东街),edu,科教文化服务;培训机构;培训机构,武侯区,104.027918,30.650698
顶希音乐艺术教室,edu,科教文化服务;培训机构;培训机构,武侯区,104.026013,30.652235
成都星航艺术高考培训中心,edu,科教文化服务;培训机构;培训机构,武侯区,104.030535,30.653129
童年足记婴幼儿托管早教中心,edu,科教文化服务;培训机构;培训机构,武侯区,104.02675,30.650909
成都职业技术学院青羊校区-贝通教育,edu,科教文化服务;培训机构;培训机构,青羊区,104.030129,30.653522
刘诗昆艺术学校(大石西路),edu,科教文化服务;学校;职业技术学校,武侯区,104.030535,30.653129
阳光国际舞蹈,edu,科教文化服务;培训机构;培训机构,武侯区,104.031464,30.653225
四川国际文化交流中心,edu,科教文化服务;科教文化场所;科教文化场所,青羊区,104.038723,30.65642
华博尚品文化传媒,edu,科教文化服务;科教文化场所;科教文化场所,青羊区,104.038156,30.657412
国家体育总局体育文化研究中心,edu,科教文化服务;科研机构;科研机构,武侯区,104.042473,30.650094
成都中速体育文化传播有限公司,edu,科教文化服务;科教文化场所;科教文化场所,武侯区,104.039121,30.649495
成都体育学院自学考试学习服务中心,edu,科教文化服务;学校;成人教育,武侯区,104.041262,30.651638
成都南山学校(体院校区),edu,科教文化服务;学校;学校,武侯区,104.038941,30.651244
成都体育学院,edu,科教文化服务;学校;高等院校,武侯区,104.041473,30.649606
成都电视台第二频道,edu,科教文化服务;传媒机构;电视台,武侯区,104.03645,30.653675
四川省社会科学院,edu,科教文化服务;科研机构;科研机构,青羊区,104.039135,30.655502
成都体育学院竞技体育处,edu,科教文化服务;学校;高等院校,武侯区,104.040188,30.650669
每日电视,edu,科教文化服务;传媒机构;电视台,武侯区,104.036574,30.653648
成都飞机设计研究所(大石东路),edu,科教文化服务;科研机构;科研机构,武侯区,104.042614,30.653495
成都正则会计学校,edu,科教文化服务;学校;学校,武侯区,104.038941,30.651244
成都市环境保护科学研究院,edu,科教文化服务;科研机构;科研机构,青羊区,104.042669,30.655979
蜀汉文物陈列馆,edu,科教文化服务;展览馆;展览馆,青羊区,104.038103,30.655062
成都市青少年宫(西区),edu,科教文化服务;文化宫;文化宫,青羊区,104.037663,30.658142
成都体育学院继续教育处,edu,科教文化服务;学校;成人教育,武侯区,104.041262,30.651638
社会科学院教培中心中小学部,edu,科教文化服务;学校;小学,青羊区,104.038821,30.655548
成都体育学院-新知图书,edu,科教文化服务;图书馆;图书馆,武侯区,104.04195,30.651214
四川省海峡建筑设计院,edu,科教文化服务;科研机构;科研机构,武侯区,104.03693,30.652406
成都体育学院大学生创新创业俱乐部,edu,科教文化服务;学校;高等院校,武侯区,104.039841,30.65016
成都电视台第二频道广告部,edu,科教文化服务;传媒机构;电视台,青羊区,104.036763,30.654467
成都体育学院博物馆,edu,科教文化服务;博物馆;博物馆,武侯区,104.042528,30.650199
成都体育学院大学生创新创业实训中心,edu,科教文化服务;学校;高等院校,武侯区,104.039841,30.650157
童话森林幼稚园,edu,科教文化服务;学校;幼儿园,青羊区,104.034146,30.654789
成都体育学院学术厅,edu,科教文化服务;学校;高等院校,武侯区,104.041267,30.65095
成都软组织伤疾研究所,edu,科教文化服务;科研机构;科研机构,青羊区,104.039711,30.655133
成都理工大学继续教育学院,edu,科教文化服务;学校;成人教育,武侯区,104.038873,30.651275
成都体育学院第二教学楼,edu,科教文化服务;学校;高等院校,武侯区,104.041442,30.650989
成都理工大学继续教育学院正则教学点,edu,科教文化服务;学校;成人教育,武侯区,104.038941,30.651244
成都运动创伤研究所,edu,科教文化服务;科研机构;科研机构,武侯区,104.038419,30.653986
成都飞机设计研究厅,edu,科教文化服务;科研机构;科研机构,武侯区,104.042411,30.654025
成都市生态环境科研监测所,edu,科教文化服务;科研机构;科研机构,青羊区,104.042669,30.655979
成都体育学院附属竞技体育学校,edu,科教文化服务;学校;学校,武侯区,104.040188,30.650669
成都广播电视台,edu,科教文化服务;传媒机构;电视台,武侯区,104.036569,30.653647
体育社会科学重点研究基地,edu,科教文化服务;科研机构;科研机构,武侯区,104.042473,30.650094
成都赢星教育,edu,科教文化服务;培训机构;培训机构,武侯区,104.036138,30.652115
成都市青少年宫(西区)艺术梦想空间,edu,科教文化服务;文化宫;文化宫,青羊区,104.038224,30.65793
中航工业成都飞机设计研究所(大石东路),edu,科教文化服务;科研机构;科研机构,青羊区,104.042887,30.654102
省社科院文献中心,edu,科教文化服务;科教文化场所;科教文化场所,青羊区,104.039165,30.655479
社会科学研究院,edu,科教文化服务;科研机构;科研机构,青羊区,104.039049,30.655119
每月十五文学社,edu,科教文化服务;科教文化场所;科教文化场所,青羊区,104.043488,30.654575
散花楼女子诗社詩會基地,edu,科教文化服务;科教文化场所;科教文化场所,青羊区,104.043486,30.654573
丹秋·名师堂(大石东路),edu,科教文化服务;培训机构;培训机构,青羊区,104.039125,30.654327
四川书画院花鸟画创作基地,edu,科教文化服务;科教文化场所;科教文化场所,青羊区,104.043399,30.654748
嘉锐地产营销传播机构,edu,科教文化服务;科教文化场所;科教文化场所,武侯区,104.038045,30.652634
逸品创艺儿童艺术工作室,edu,科教文化服务;培训机构;培训机构,武侯区,104.037375,30.649625
翰程书法,edu,科教文化服务;培训机构;培训机构,青羊区,104.037572,30.656667
中小学辅导培训,edu,科教文化服务;培训机构;培训机构,武侯区,104.036232,30.652096
恬恬瑜伽教练培训,edu,科教文化服务;培训机构;培训机构,武侯区,104.038444,30.65
翰雅书法,edu,科教文化服务;培训机构;培训机构,青羊区,104.037587,30.656709
优优数学(百花校区),edu,科教文化服务;培训机构;培训机构,青羊区,104.038935,30.654407
望子成龙学校(索尔国际校区),edu,科教文化服务;培训机构;培训机构,武侯区,104.038456,30.652588
学优国际教育(百花潭校区),edu,科教文化服务;培训机构;培训机构,武侯区,104.038279,30.652726
西昌学院动物科学系临床医学实践基地,edu,科教文化服务;科教文化场所;科教文化场所,青羊区,104.036685,30.658621
成都体育学院第一教学楼,edu,科教文化服务;学校;高等院校,武侯区,104.041833,30.650431
香港国际医学研究院成都分院,edu,科教文化服务;科研机构;科研机构,武侯区,104.037011,30.652337
金苹果幼儿园,edu,科教文化服务;学校;幼儿园,青羊区,104.034149,30.65479
成都电视台经济咨询服务频道,edu,科教文化服务;科教文化场所;科教文化场所,武侯区,104.036571,30.653651
成都黑酷街舞文化(小南街店),edu,科教文化服务;培训机构;培训机构,青羊区,104.050573,30.655891
成都松鼠体育文化传播有限公司,edu,科教文化服务;科教文化场所;科教文化场所,青羊区,104.049414,30.656755
四川省古今钱币文化研究会,edu,科教文化服务;科研机构;科研机构,武侯区,104.052905,30.650676
成都市青少年宫,edu,科教文化服务;文化宫;文化宫,青羊区,104.052649,30.658122
武侯祠美术馆艺廊,edu,科教文化服务;美术馆;美术馆,武侯区,104.045347,30.649604
四川省城市建筑设计研究院,edu,科教文化服务;科研机构;科研机构,青羊区,104.045615,30.656488
武侯祠美术馆,edu,科教文化服务;美术馆;美术馆,武侯区,104.04518,30.650058
西安电子科技大学软工硕士成都教学部,edu,科教文化服务;学校;高等院校,青羊区,104.05015,30.65829
成都市青少年宫·新宫,edu,科教文化服务;文化宫;文化宫,青羊区,104.052662,30.658382
成都市雕塑艺术学会雕塑艺术陈列馆,edu,科教文化服务;展览馆;展览馆,武侯区,104.052323,30.651073
阿拉丁财商教育,edu,科教文化服务;培训机构;培训机构,青羊区,104.052495,30.658371
成都飞机设计研究所幼儿园,edu,科教文化服务;学校;幼儿园,武侯区,104.044108,30.65349
成都青年全媒体中心,edu,科教文化服务;科教文化场所;科教文化场所,青羊区,104.052642,30.658441
英姿教育(锦里西路),edu,科教文化服务;培训机构;培训机构,青羊区,104.045614,30.656488
浩浩学习(小南街),edu,科教文化服务;培训机构;培训机构,青羊区,104.050576,30.65597
自由式舞蹈基地(青羊店),edu,科教文化服务;培训机构;培训机构,青羊区,104.052518,30.65842
佳米教育,edu,科教文化服务;培训机构;培训机构,青羊区,104.0498,30.657115
艺库画室,edu,科教文化服务;培训机构;培训机构,青羊区,104.051444,30.654968
澳斯特教育,edu,科教文化服务;培训机构;培训机构,青羊区,104.052655,30.65845
浩浩学校,edu,科教文化服务;培训机构;培训机构,青羊区,104.050692,30.655886
成都市青羊区汪家智慧生活平台,edu,科教文化服务;科教文化场所;科教文化场所,青羊区,104.04944,30.658181
611研究所体育活动中心培训,edu,科教文化服务;培训机构;培训机构,武侯区,104.04843,30.650263
成都科雅教育(小南街校区),edu,科教文化服务;培训机构;培训机构,青羊区,104.050673,30.655847
成都市今日少年教育发展中心,edu,科教文化服务;培训机构;培训机构,青羊区,104.052901,30.658652
润禾学校,edu,科教文化服务;培训机构;培训机构,青羊区,104.045615,30.656488
华北星教育,edu,科教文化服务;培训机构;培训机构,青羊区,104.049378,30.655594
成都沃尔夫文化传媒有限公司,edu,科教文化服务;传媒机构;传媒机构,青羊区,104.05407,30.652531
成都宏溢文化传播有限公司,edu,科教文化服务;科教文化场所;科教文化场所,锦江区,104.061106,30.651336
四川博睿吉文化传播有限公司,edu,科教文化服务;科教文化场所;科教文化场所,锦江区,104.062981,30.654437
成都脉搏广告文化传播有限公司,edu,科教文化服务;科教文化场所;科教文化场所,青羊区,104.056075,30.650601
成都古藤时光文化传媒有限公司,edu,科教文化服务;科教文化场所;科教文化场所,锦江区,104.061106,30.651336
成都市瑞世天晟文化传播有限责任公司,edu,科教文化服务;科教文化场所;科教文化场所,青羊区,104.057174,30.649989
中国留学服务中心成都分中心,edu,科教文化服务;科教文化场所;科教文化场所,青羊区,104.058364,30.656098
优学创技能培训服务部(青羊店),edu,科教文化服务;科教文化场所;科教文化场所,青羊区,104.057978,30.651476
学而思教育文翁路服务中心,edu,科教文化服务;培训机构;培训机构,青羊区,104.058244,30.656074
成都图书馆,edu,科教文化服务;图书馆;图书馆,青羊区,104.058257,30.655215
学尔森教育(成都分校),edu,科教文化服务;培训机构;培训机构,青羊区,104.05973,30.659119
成都市教育对外交流中心,edu,科教文化服务;科教文化场所;科教文化场所,青羊区,104.058419,30.656246
成都石室中学,edu,科教文化服务;学校;中学,青羊区,104.055674,30.656768
四川省人大会议中心,edu,科教文化服务;会展中心;会展中心,锦江区,104.062965,30.652689
石室联合中学,edu,科教文化服务;学校;中学,青羊区,104.061726,30.656563
成都市人才培训中心,edu,科教文化服务;培训机构;培训机构,青羊区,104.059732,30.652839
彩虹小学,edu,科教文化服务;学校;小学,青羊区,104.055747,30.652926
英日语学校,edu,科教文化服务;培训机构;培训机构,青羊区,104.060317,30.657438
四川美术馆(上池北街),edu,科教文化服务;美术馆;美术馆,青羊区,104.057722,30.651066
现代传播,edu,科教文化服务;传媒机构;传媒机构,青羊区,104.062805,30.658331
八依军烹校,edu,科教文化服务;培训机构;培训机构,青羊区,104.062805,30.658331
成都市国家公务员培训中心,edu,科教文化服务;培训机构;培训机构,青羊区,104.059732,30.652839
成都石室中学国际部(北湖校区),edu,科教文化服务;学校;中学,青羊区,104.056968,30.655114
四川省艺术研究院(下汪家拐街),edu,科教文化服务;科研机构;科研机构,青羊区,104.055156,30.657055
学大教育(浆洗街校区),edu,科教文化服务;培训机构;培训机构,青羊区,104.057722,30.651066
成都中医药大学(汪家拐校区),edu,科教文化服务;学校;高等院校,青羊区,104.054245,30.655952
成都市电化教育馆,edu,科教文化服务;文化宫;文化宫,青羊区,104.054381,30.654929
晚霞杂志社,edu,科教文化服务;传媒机构;杂志社,青羊区,104.055193,30.653956
锦江宾馆锦苑楼-会议厅,edu,科教文化服务;会展中心;会展中心,锦江区,104.061178,30.651237
川信大厦会议中心,edu,科教文化服务;会展中心;会展中心,锦江区,104.062854,30.654205
锦江宾馆-贵宾楼-会议厅,edu,科教文化服务;会展中心;会展中心,锦江区,104.061606,30.650308
成都中医药大学汪家拐校区针灸推拿学院,edu,科教文化服务;学校;高等院校,青羊区,104.055093,30.656399
上池正街小学,edu,科教文化服务;学校;小学,青羊区,104.054761,30.65292
成都中医药大学汪家拐校区实验楼,edu,科教文化服务;学校;学校,青羊区,104.054579,30.656636
四川青少年文学院,edu,科教文化服务;学校;高等院校,青羊区,104.059773,30.659383
开麦拉传媒,edu,科教文化服务;传媒机构;传媒机构,青羊区,104.062805,30.658331
成都易居房地产研究所,edu,科教文化服务;科研机构;科研机构,青羊区,104.062805,30.658331
世代锦江国际酒店-会议厅,edu,科教文化服务;会展中心;会展中心,锦江区,104.059081,30.65059
四川省卫生管理干部学院,edu,科教文化服务;学校;成人教育,青羊区,104.054151,30.655915
成都银康银屑病研究院,edu,科教文化服务;科研机构;科研机构,青羊区,104.057428,30.654808
四川政协报社,edu,科教文化服务;传媒机构;报社,锦江区,104.061433,30.653946
成都市教育国际交流中心,edu,科教文化服务;科教文化场所;科教文化场所,青羊区,104.058364,30.656098
幼儿乐园,edu,科教文化服务;学校;幼儿园,青羊区,104.059115,30.656537
成都市第六幼儿园文庙园区,edu,科教文化服务;学校;幼儿园,青羊区,104.058708,30.654186
四川省峨眉派茶艺学校,edu,科教文化服务;学校;学校,青羊区,104.058512,30.658307
众辰东化职业教育学院,edu,科教文化服务;学校;成人教育,青羊区,104.05982,30.659052
四川省冶金情报标准研究所,edu,科教文化服务;科研机构;科研机构,青羊区,104.060317,30.657438
四川省卫生计生政策和医学情报研究所,edu,科教文化服务;科研机构;科研机构,青羊区,104.054455,30.657195
思普舞蹈工作室,edu,科教文化服务;培训机构;培训机构,青羊区,104.061376,30.657133
成都市金牛区凯特威外语培训部,edu,科教文化服务;培训机构;培训机构,青羊区,104.05908,30.656634
教育导报,edu,科教文化服务;传媒机构;报社,锦江区,104.061433,30.653946
成都市教育国际交流中心,edu,科教文化服务;科教文化场所;科教文化场所,青羊区,104.058364,30.656098
幼儿乐园,edu,科教文化服务;学校;幼儿园,青羊区,104.059115,30.656537
成都市第六幼儿园文庙园区,edu,科教文化服务;学校;幼儿园,青羊区,104.058708,30.654186
四川省峨眉派茶艺学校,edu,科教文化服务;学校;学校,青羊区,104.058512,30.658307
众辰东化职业教育学院,edu,科教文化服务;学校;成人教育,青羊区,104.05982,30.659052
四川省冶金情报标准研究所,edu,科教文化服务;科研机构;科研机构,青羊区,104.060317,30.657438
赢家教育,edu,科教文化服务;培训机构;培训机构,锦江区,104.061376,30.654121
四川省卫生计生政策和医学情报研究所,edu,科教文化服务;科研机构;科研机构,青羊区,104.054455,30.657195
北京旅伴传媒成都办事处,edu,科教文化服务;传媒机构;传媒机构,青羊区,104.05973,30.659119
德文教育,edu,科教文化服务;培训机构;培训机构,青羊区,104.059773,30.659383
晚报杂志社,edu,科教文化服务;传媒机构;杂志社,青羊区,104.054852,30.654198
思普舞蹈工作室,edu,科教文化服务;培训机构;培训机构,青羊区,104.061376,30.657133
左右空间教育,edu,科教文化服务;科教文化场所;科教文化场所,青羊区,104.059596,30.659119
约乐传媒,edu,科教文化服务;科教文化场所;科教文化场所,青羊区,104.059772,30.659379
艺博教育,edu,科教文化服务;科教文化场所;科教文化场所,青羊区,104.059596,30.659119
成都市金牛区凯特威外语培训部,edu,科教文化服务;培训机构;培训机构,青羊区,104.05908,30.656634
中国卫生事业管理杂志社,edu,科教文化服务;传媒机构;杂志社,青羊区,104.054151,30.655915
曾成伟古琴艺术机构,edu,科教文化服务;科教文化场所;科教文化场所,青羊区,104.056087,30.650498
教育报刊社,edu,科教文化服务;科教文化场所;科教文化场所,青羊区,104.059115,30.656537
石室联合中学(西2门),edu,科教文化服务;科教文化场所;科教文化场所,青羊区,104.062066,30.657085
成都读书馆,edu,科教文化服务;科教文化场所;科教文化场所,青羊区,104.057974,30.655375
成都津桥留学,edu,科教文化服务;科教文化场所;科教文化场所,青羊区,104.055201,30.656734
石室中学远程教育学校,edu,科教文化服务;科教文化场所;科教文化场所,青羊区,104.057045,30.655013
成都大原日语培训学校,edu,科教文化服务;培训机构;培训机构,青羊区,104.059783,30.659312
坚果教室,edu,科教文化服务;科教文化场所;科教文化场所,锦江区,104.05989,30.65001
新通留学,edu,科教文化服务;科教文化场所;科教文化场所,锦江区,104.062991,30.654409
新通教育成都分校,edu,科教文化服务;科教文化场所;科教文化场所,锦江区,104.062854,30.654204
语蒙韩语,edu,科教文化服务;科教文化场所;科教文化场所,青羊区,104.059773,30.659383
华可速记培训中心,edu,科教文化服务;培训机构;培训机构,青羊区,104.059231,30.656459
顺为教育,edu,科教文化服务;培训机构;培训机构,青羊区,104.061376,30.657133
成都梦工厂培训学校,edu,科教文化服务;培训机构;培训机构,青羊区,104.062805,30.658331
省卫生信息化建设实验室,edu,科教文化服务;科教文化场所;科教文化场所,青羊区,104.054229,30.657156
柳林财经(教育)管理培训中心,edu,科教文化服务;培训机构;培训机构,青羊区,104.05908,30.656634
贵阳勘测设计研究院成都分院,edu,科教文化服务;科研机构;科研机构,青羊区,104.05908,30.656634
四川对外教育培训中心,edu,科教文化服务;培训机构;培训机构,青羊区,104.063001,30.657172
四川报道杂志社,edu,科教文化服务;传媒机构;杂志社,锦江区,104.05989,30.650015
新华社四川分社第二办公区,edu,科教文化服务;科教文化场所;科教文化场所,青羊区,104.061417,30.657211
四川省全科医师培训中心,edu,科教文化服务;培训机构;培训机构,青羊区,104.054151,30.655915
四川省教育厅教师资格认定指导中心,edu,科教文化服务;培训机构;培训机构,青羊区,104.063001,30.657172
攀钢研究院成都分院,edu,科教文化服务;科研机构;科研机构,青羊区,104.060385,30.657722
新华社四川新闻信息中心,edu,科教文化服务;传媒机构;传媒机构,青羊区,104.0611,30.657228
四川省卫生宣传新闻中心,edu,科教文化服务;科教文化场所;科教文化场所,青羊区,104.054401,30.657206
浩浩学习(下汪家拐街),edu,科教文化服务;培训机构;培训机构,青羊区,104.05527,30.656958
人民权力报社,edu,科教文化服务;传媒机构;报社,锦江区,104.060578,30.653164
学尔森教育(西御街),edu,科教文化服务;培训机构;培训机构,青羊区,104.059758,30.658953
京翰教育(天府广场校区),edu,科教文化服务;培训机构;培训机构,青羊区,104.062805,30.658331
北京起点教育成都中心,edu,科教文化服务;培训机构;培训机构,青羊区,104.057722,30.651066
沃邦教育,edu,科教文化服务;培训机构;培训机构,青羊区,104.062805,30.658331
大源外语,edu,科教文化服务;培训机构;培训机构,青羊区,104.05973,30.659119
bono国际教育,edu,科教文化服务;培训机构;培训机构,青羊区,104.059596,30.659119
波诺国际教育,edu,科教文化服务;培训机构;培训机构,青羊区,104.059596,30.659119
东方舞培训中心,edu,科教文化服务;培训机构;培训机构,青羊区,104.059808,30.659039
新东方学校(天府校区),edu,科教文化服务;培训机构;培训机构,青羊区,104.05973,30.658959
成都市军转培训中心,edu,科教文化服务;培训机构;培训机构,青羊区,104.059792,30.652803
雅正教育(上池北街),edu,科教文化服务;培训机构;培训机构,青羊区,104.057704,30.651042
成都理想美术学校,edu,科教文化服务;培训机构;培训机构,青羊区,104.054162,30.654646
成都达内PHP培训中心,edu,科教文化服务;培训机构;培训机构,青羊区,104.059233,30.65646
点石成金,edu,科教文化服务;培训机构;培训机构,青羊区,104.060317,30.657438
学而思培优(文翁路),edu,科教文化服务;培训机构;培训机构,青羊区,104.058336,30.655767
望子成龙学校,edu,科教文化服务;培训机构;培训机构,青羊区,104.063061,30.657845
学而思教育咨询公司,edu,科教文化服务;科教文化场所;科教文化场所,青羊区,104.059224,30.656448
华艺摄影化妆培训学校,edu,科教文化服务;培训机构;培训机构,青羊区,104.059771,30.659161
华铁传媒,edu,科教文化服务;科教文化场所;科教文化场所,锦江区,104.062981,30.654437
印·筝之私塾,edu,科教文化服务;培训机构;培训机构,锦江区,104.05955,30.650261
中讯邮电咨询设计院成都分院,edu,科教文化服务;科研机构;科研机构,青羊区,104.05908,30.656634
中水顾问集团贵阳勘察设计研究院成都分院,edu,科教文化服务;科教文化场所;科教文化场所,青羊区,104.059231,30.656458
四川省出国留学研究会,edu,科教文化服务;科研机构;科研机构,青羊区,104.05908,30.656634
倩雯国际舞蹈艺术培训中心,edu,科教文化服务;培训机构;培训机构,青羊区,104.059283,30.659408
四川省卫生厅国家公务员培训设施教机构,edu,科教文化服务;科教文化场所;科教文化场所,青羊区,104.055201,30.656734
成都市现代教育技术培训中心,edu,科教文化服务;培训机构;培训机构,青羊区,104.054381,30.654929
心田花开学校天府广场校区国信大厦教学点,edu,科教文化服务;科教文化场所;科教文化场所,青羊区,104.05886,30.65865
诗语美容美发职业技能培训学校,edu,科教文化服务;学校;职业技术学校,青羊区,104.057722,30.651066
川艺美术培训中心,edu,科教文化服务;培训机构;培训机构,青羊区,104.059732,30.652839
四川省全科医师培训中心四川省机构编制委员会办公室,edu,科教文化服务;科教文化场所;科教文化场所,青羊区,104.055201,30.656734
四川省教育厅高等学历验证中心,edu,科教文化服务;培训机构;培训机构,青羊区,104.062634,30.657184
SHIENJAZZ舞蹈工作室,edu,科教文化服务;培训机构;培训机构,青羊区,104.059765,30.659385
前锦教育学校,edu,科教文化服务;培训机构;培训机构,青羊区,104.058517,30.658013
和谐教育(金盾路),edu,科教文化服务;培训机构;培训机构,青羊区,104.05908,30.656634
锦江文化中心,edu,科教文化服务;文化宫;文化宫,锦江区,104.066463,30.654333
SunSWATER文化传媒有限公司,edu,科教文化服务;科教文化场所;科教文化场所,锦江区,104.072564,30.658532
倾诚文化传播,edu,科教文化服务;科教文化场所;科教文化场所,锦江区,104.068282,30.654582
嘿娱乐文化传媒有限公司,edu,科教文化服务;科教文化场所;科教文化场所,锦江区,104.064283,30.655569
爱莫尔文化传播有限公司,edu,科教文化服务;科教文化场所;科教文化场所,锦江区,104.068834,30.659128
成都辛巴文化传播有限公司,edu,科教文化服务;科教文化场所;科教文化场所,锦江区,104.066885,30.65618
成都丽焰堂文化传播有限公司,edu,科教文化服务;科教文化场所;科教文化场所,锦江区,104.072236,30.657008
成都丰能文化传播有限公司,edu,科教文化服务;传媒机构;传媒机构,锦江区,104.07018,30.65551
成都市九品文化传播有限公司,edu,科教文化服务;科教文化场所;科教文化场所,锦江区,104.066767,30.65584
四川新奇迹文化传播有限公司,edu,科教文化服务;科教文化场所;科教文化场所,锦江区,104.068058,30.656385
四川新幕文化传播有限公司,edu,科教文化服务;科教文化场所;科教文化场所,锦江区,104.068523,30.656995
成都动黑文化传播有限公司,edu,科教文化服务;科教文化场所;科教文化场所,锦江区,104.067971,30.655988
成都和华记文化传播有限公司,edu,科教文化服务;科教文化场所;科教文化场所,锦江区,104.069643,30.657426
四川华宇星和文化传播有限公司,edu,科教文化服务;科教文化场所;科教文化场所,锦江区,104.064283,30.655569
成都敏而好学文化培训学校,edu,科教文化服务;培训机构;培训机构,锦江区,104.065261,30.651461
成都爱尚美影视文化传媒有限公司,edu,科教文化服务;科教文化场所;科教文化场所,锦江区,104.068058,30.656385
成都市非物质文化遗产艺术研究院,edu,科教文化服务;科研机构;科研机构,锦江区,104.066767,30.65584
成都雅嘟咚文化传播有限公司,edu,科教文化服务;科教文化场所;科教文化场所,锦江区,104.067131,30.654866
四川文化·院园联盟秘书处办公室,edu,科教文化服务;科教文化场所;科教文化场所,锦江区,104.066541,30.653734
四川上座文化传播有限公司南京办事处,edu,科教文化服务;科教文化场所;科教文化场所,锦江区,104.073407,30.654064
成都市职工大学,edu,科教文化服务;学校;成人教育|科教文化服务;学校;高等院校,锦江区,104.066932,30.651194
四川省成都市盐道街中学初中部,edu,科教文化服务;学校;中学,锦江区,104.065402,30.651627
盐道街小学,edu,科教文化服务;学校;小学,锦江区,104.06616,30.651735
盐市口小学校,edu,科教文化服务;学校;小学,锦江区,104.069232,30.655145
锦江区图书馆24小时自助图书馆,edu,科教文化服务;图书馆;图书馆,锦江区,104.06651,30.654499
假日学校(南府街),edu,科教文化服务;培训机构;培训机构,锦江区,104.066932,30.651194
锦江区图书馆,edu,科教文化服务;图书馆;图书馆,锦江区,104.066502,30.654322
四川省直属机关东府幼儿园,edu,科教文化服务;学校;幼儿园,锦江区,104.069401,30.651227
盐道街中学,edu,科教文化服务;学校;中学,锦江区,104.069164,30.651511
四川电力工业勘察设计院,edu,科教文化服务;科研机构;科研机构,锦江区,104.063981,30.657338
成都华能电力技术培训中心,edu,科教文化服务;培训机构;培训机构,锦江区,104.065835,30.655804
24小时街区自助图书馆,edu,科教文化服务;图书馆;图书馆,青羊区,104.064069,30.659045
盐道街中学南区,edu,科教文化服务;学校;中学,锦江区,104.068566,30.649559
成都花园城大酒店-会议厅,edu,科教文化服务;会展中心;会展中心,锦江区,104.067146,30.655437
成师附小,edu,科教文化服务;学校;小学,锦江区,104.069235,30.65502
国际视频会议中心,edu,科教文化服务;会展中心;会展中心,锦江区,104.06447,30.658561
和雅亲子中心,edu,科教文化服务;学校;幼儿园,锦江区,104.069343,30.651221
四川省公安厅幼儿园,edu,科教文化服务;学校;幼儿园,锦江区,104.069998,30.64966
成都翰林艺术学院,edu,科教文化服务;学校;高等院校,锦江区,104.066932,30.651194
四川省电力工业调整试验所,edu,科教文化服务;科研机构;科研机构,锦江区,104.063981,30.657338
成都市工会干部学校,edu,科教文化服务;学校;学校,锦江区,104.066932,30.651194
成都市第二幼儿园(督院园区),edu,科教文化服务;学校;幼儿园,锦江区,104.070384,30.653186
YOYO艺术中心,edu,科教文化服务;美术馆;美术馆,锦江区,104.066446,30.654418
CCTV绿色中国网络电视中心戏剧频道,edu,科教文化服务;传媒机构;电视台,锦江区,104.066534,30.653733
四川科华新技术研究院,edu,科教文化服务;科研机构;科研机构,锦江区,104.070908,30.654928
锦江区少年空间,edu,科教文化服务;文化宫;文化宫,锦江区,104.066833,30.654192
四川省成都市盐道街中学高中部,edu,科教文化服务;学校;中学,锦江区,104.069138,30.649746
四川省粮食工程设计院,edu,科教文化服务;科研机构;科研机构,锦江区,104.07103,30.656833
希郎博格职业经理人培训学校,edu,科教文化服务;培训机构;培训机构,锦江区,104.064041,30.656442
成蹊艺术中心(青石桥北街店),edu,科教文化服务;美术馆;美术馆,锦江区,104.069527,30.65636
四川省电力工业调整试验所,edu,科教文化服务;科研机构;科研机构,锦江区,104.063981,30.657338
四川大学网络教育学院,edu,科教文化服务;学校;成人教育,锦江区,104.06701,30.651059
成都市工会干部学校,edu,科教文化服务;学校;学校,锦江区,104.066932,30.651194
成都市第二幼儿园(督院园区),edu,科教文化服务;学校;幼儿园,锦江区,104.070384,30.653186
YOYO艺术中心,edu,科教文化服务;美术馆;美术馆,锦江区,104.066446,30.654418
CCTV绿色中国网络电视中心戏剧频道,edu,科教文化服务;传媒机构;电视台,锦江区,104.066534,30.653733
四川科华新技术研究院,edu,科教文化服务;科研机构;科研机构,锦江区,104.070908,30.654928
锦江区少年空间,edu,科教文化服务;文化宫;文化宫,锦江区,104.066833,30.654192
四川省成都市盐道街中学高中部,edu,科教文化服务;学校;中学,锦江区,104.069138,30.649746
四川省粮食工程设计院,edu,科教文化服务;科研机构;科研机构,锦江区,104.07103,30.656833
希郎博格职业经理人培训学校,edu,科教文化服务;培训机构;培训机构,锦江区,104.064041,30.656442
成都理工大学继续教育学院,edu,科教文化服务;学校;成人教育,锦江区,104.06697,30.65114
罗浮厅,edu,科教文化服务;科教文化场所;科教文化场所,锦江区,104.066148,30.649682
成蹊艺术中心(青石桥北街店),edu,科教文化服务;美术馆;美术馆,锦江区,104.069527,30.65636
C大调音乐工作室,edu,科教文化服务;培训机构;培训机构,锦江区,104.064674,30.651673
中国建筑科学研究院西南建筑设计分院,edu,科教文化服务;科研机构;科研机构,锦江区,104.067246,30.654773
cctv中央电视台四川节目制作中心,edu,科教文化服务;科教文化场所;科教文化场所,锦江区,104.064111,30.655351
中国人民大学出版社成都办事处,edu,科教文化服务;科教文化场所;科教文化场所,锦江区,104.067937,30.651286
成都帆摄影纯粹艺术馆,edu,科教文化服务;科教文化场所;科教文化场所,锦江区,104.068454,30.657465
成都理工大学继续教育学院直属夜大部,edu,科教文化服务;学校;成人教育,锦江区,104.066932,30.651194
lzd韩式半永久工作室,edu,科教文化服务;科教文化场所;科教文化场所,锦江区,104.068778,30.656933
一杯舞蹈馆,edu,科教文化服务;培训机构;培训机构,锦江区,104.072082,30.657086
成都仁恒辉盛阁国际公寓-会议厅,edu,科教文化服务;会展中心;会展中心,锦江区,104.065668,30.654531
建行成都研发中心,edu,科教文化服务;科教文化场所;科教文化场所,锦江区,104.064283,30.655569
成都软件研发中心,edu,科教文化服务;科教文化场所;科教文化场所,锦江区,104.066444,30.659253
日语培训中心,edu,科教文化服务;科教文化场所;科教文化场所,锦江区,104.069549,30.658344
四川电力调试试验所,edu,科教文化服务;科教文化场所;科教文化场所,锦江区,104.063971,30.657242
凡尔赛宫,edu,科教文化服务;科教文化场所;科教文化场所,锦江区,104.066148,30.649682
青少年,edu,科教文化服务;科教文化场所;科教文化场所,锦江区,104.066127,30.659048
糖豆辣妈亲子馆,edu,科教文化服务;科教文化场所;科教文化场所,锦江区,104.066816,30.657468
金宝禧展厅,edu,科教文化服务;科教文化场所;科教文化场所,锦江区,104.064866,30.656702
高校招生,edu,科教文化服务;科教文化场所;科教文化场所,锦江区,104.071094,30.654965
四川小记者,edu,科教文化服务;科教文化场所;科教文化场所,锦江区,104.066885,30.65618
汉默画廊,edu,科教文化服务;科教文化场所;科教文化场所,锦江区,104.06464,30.654254
吉的堡同心英语学校,edu,科教文化服务;培训机构;培训机构,锦江区,104.073152,30.655053
澳洲富甲国际金融学院四川分院,edu,科教文化服务;学校;高等院校,锦江区,104.064111,30.655351
经络整形研究中心,edu,科教文化服务;科教文化场所;科教文化场所,锦江区,104.068064,30.656377
博格动漫动画培训,edu,科教文化服务;培训机构;培训机构,锦江区,104.066932,30.651194
戴氏教育航天五星级校区,edu,科教文化服务;科教文化场所;科教文化场所,锦江区,104.064239,30.655591
成都师范附属小学,edu,科教文化服务;学校;小学,锦江区,104.070129,30.654197
中国戏曲学院教学实践基地,edu,科教文化服务;科教文化场所;科教文化场所,锦江区,104.066468,30.653742
四川省电化教育馆(学道街),edu,科教文化服务;科教文化场所;科教文化场所,锦江区,104.071183,30.655282
经济日报社四川记者站,edu,科教文化服务;传媒机构;传媒机构,锦江区,104.072187,30.653898
魅力女性教育营销管理机构,edu,科教文化服务;科教文化场所;科教文化场所,锦江区,104.068434,30.657395
燕枝花艺学校,edu,科教文化服务;培训机构;培训机构,锦江区,104.064674,30.651673
四川大学成都市职大学习中心,edu,科教文化服务;学校;成人教育,锦江区,104.066932,30.651194
中软国际卓越培训中心成都办事处,edu,科教文化服务;科教文化场所;科教文化场所,锦江区,104.067016,30.654659
珠江·恺撒堡钢琴,edu,科教文化服务;培训机构;培训机构,锦江区,104.067226,30.659077
童童童教育,edu,科教文化服务;培训机构;培训机构,锦江区,104.067013,30.654655
成都爱丽美甲教学部,edu,科教文化服务;培训机构;培训机构,锦江区,104.064041,30.656442
牧童教育,edu,科教文化服务;培训机构;培训机构,锦江区,104.064682,30.651685
美橙爵士舞街舞,edu,科教文化服务;培训机构;培训机构,锦江区,104.068497,30.654984
臻美纹绣培训,edu,科教文化服务;培训机构;培训机构,锦江区,104.068,30.656552
牧童教育,edu,科教文化服务;培训机构;培训机构,锦江区,104.065502,30.651729
成都市民道德讲堂,edu,科教文化服务;培训机构;培训机构,锦江区,104.066516,30.656656
笳汐艺术培训中心,edu,科教文化服务;培训机构;培训机构,锦江区,104.071328,30.650894
山木培训(盐市口分校),edu,科教文化服务;培训机构;培训机构,锦江区,104.066788,30.655949
娃娃营教育,edu,科教文化服务;培训机构;培训机构,锦江区,104.064459,30.655446
CGWANG动漫教育,edu,科教文化服务;培训机构;培训机构,锦江区,104.070102,30.658149
四川成都菲菲美容美发化妆学校,edu,科教文化服务;科教文化场所;科教文化场所,锦江区,104.07063,30.658839
菲菲教育,edu,科教文化服务;培训机构;培训机构,锦江区,104.070389,30.658955
锦色文化,edu,科教文化服务;科教文化场所;科教文化场所,锦江区,104.075659,30.657024
禄福宫文化艺术中心,edu,科教文化服务;美术馆;美术馆,锦江区,104.080469,30.65206
北京网尚文化传播有限公司(东升街),edu,科教文化服务;传媒机构;传媒机构,锦江区,104.074564,30.652656
缔标文化传播公司,edu,科教文化服务;科教文化场所;科教文化场所,锦江区,104.083185,30.652426
成都蓓蕾文化传播有限公司,edu,科教文化服务;科教文化场所;科教文化场所,锦江区,104.08283,30.652694
四川银丰文化传播有限公司,edu,科教文化服务;传媒机构;传媒机构,锦江区,104.077912,30.65861
华恒教育文化交流中心(出国留学),edu,科教文化服务;培训机构;培训机构,锦江区,104.077912,30.65861
成都镜界文化传播有限公司,edu,科教文化服务;科教文化场所;科教文化场所,锦江区,104.076406,30.65484
成都艾沃文化传播有限公司,edu,科教文化服务;科教文化场所;科教文化场所,锦江区,104.075996,30.655952
YMCA文化艺术培训中心,edu,科教文化服务;培训机构;培训机构,锦江区,104.075562,30.659004
成都音都文化传播有限公司,edu,科教文化服务;科教文化场所;科教文化场所,锦江区,104.076705,30.657983
美中国际教育文化发展中心,edu,科教文化服务;传媒机构;传媒机构,锦江区,104.080503,30.652056
成都川旅文化传播有限公司,edu,科教文化服务;科教文化场所;科教文化场所,锦江区,104.083116,30.652296
成都青年会文化艺术培训中心,edu,科教文化服务;培训机构;培训机构,锦江区,104.075799,30.658869
成都梦起航文化传播有限公司,edu,科教文化服务;科教文化场所;科教文化场所,锦江区,104.073714,30.655518
四川夜问文化传播有限公司,edu,科教文化服务;科教文化场所;科教文化场所,锦江区,104.077031,30.655662
成都大花轿文化传播有限公司,edu,科教文化服务;科教文化场所;科教文化场所,锦江区,104.077432,30.657981
成都盛典视界文化传媒有限公司,edu,科教文化服务;科教文化场所;科教文化场所,锦江区,104.076196,30.655998
成都市裕鑫文化传播有限责任公司,edu,科教文化服务;科教文化场所;科教文化场所,锦江区,104.075923,30.655979
成都中瑞德体育文化传播有限公司,edu,科教文化服务;科教文化场所;科教文化场所,锦江区,104.077938,30.659138
成都星空极速文化传媒有限公司,edu,科教文化服务;传媒机构;传媒机构,锦江区,104.077912,30.65861
成都市人人未来文化传播有限公司,edu,科教文化服务;传媒机构;传媒机构,锦江区,104.077912,30.65861
成都艾思唯尔文化传播有限公司,edu,科教文化服务;科教文化场所;科教文化场所,锦江区,104.076934,30.654923
合江亭街道综合文化活动中心(龙王庙正街),edu,科教文化服务;文化宫;文化宫,锦江区,104.074728,30.652314
成都壹零陆文化传播有限责任公司,edu,科教文化服务;科教文化场所;科教文化场所,锦江区,104.076624,30.658097
成都欣润裕博文化传播有限公司,edu,科教文化服务;科教文化场所;科教文化场所,锦江区,104.082216,30.651076
成都市云弈堂文化传播有限责任公司,edu,科教文化服务;科教文化场所;科教文化场所,锦江区,104.083199,30.654406
成都捌零贰叁文化传播有限公司,edu,科教文化服务;科教文化场所;科教文化场所,锦江区,104.08196,30.650494
成都曼姿纱华文化传播有限公司,edu,科教文化服务;科教文化场所;科教文化场所,锦江区,104.077031,30.655662
成都法国教育服务中心,edu,科教文化服务;科教文化场所;科教文化场所,锦江区,104.077912,30.65861
成都市蓝天文化艺术学校城中校区,edu,科教文化服务;培训机构;培训机构,锦江区,104.076471,30.650348
正心堂,edu,科教文化服务;科教文化场所;科教文化场所,锦江区,104.075673,30.656668
国家科技图书文献中心成都高新服务站,edu,科教文化服务;科教文化场所;科教文化场所,锦江区,104.08215,30.658013
成都rich睿淇舞蹈俱乐部,edu,科教文化服务;培训机构;培训机构,锦江区,104.077203,30.657864
成都圣雅灵齐演义培训中心,edu,科教文化服务;培训机构;培训机构,锦江区,104.076471,30.650346
龙王庙正街小学,edu,科教文化服务;学校;小学,锦江区,104.075477,30.65151
成都市礼仪职业中学(东区),edu,科教文化服务;学校;职业技术学校,锦江区,104.078821,30.650368
成都金融博览中心,edu,科教文化服务;展览馆;展览馆,锦江区,104.07852,30.65325
四川省科学技术信息研究所,edu,科教文化服务;科研机构;科研机构,锦江区,104.08215,30.658013
科技日报社四川办事处,edu,科教文化服务;传媒机构;报社,锦江区,104.082101,30.658151
成都现代美术设计学校,edu,科教文化服务;学校;学校,锦江区,104.073563,30.655526
外东小学,edu,科教文化服务;学校;小学,锦江区,104.077931,30.653038
恩齐国际纹绣专家学院,edu,科教文化服务;学校;高等院校,锦江区,104.080068,30.652317
传立媒体(红星路三段),edu,科教文化服务;传媒机构;传媒机构,锦江区,104.077912,30.65861
群丽化妆摄影技术学校,edu,科教文化服务;学校;职业技术学校,锦江区,104.073563,30.655526
《摄影报》社,edu,科教文化服务;传媒机构;报社,锦江区,104.073564,30.655526
岷山安逸大酒店-会议厅,edu,科教文化服务;会展中心;会展中心,锦江区,104.075043,30.657369
成都市第一幼儿园,edu,科教文化服务;学校;幼儿园,锦江区,104.076504,30.652091
四川广播电视大学时代工商学院,edu,科教文化服务;学校;成人教育,锦江区,104.080203,30.659378
企木音悦坊,edu,科教文化服务;传媒机构;传媒机构,锦江区,104.083239,30.649593
成都市礼仪职业中学(东区),edu,科教文化服务;学校;职业技术学校,锦江区,104.078821,30.650368
成都金融博览中心,edu,科教文化服务;展览馆;展览馆,锦江区,104.07852,30.65325
四川省科学技术信息研究所,edu,科教文化服务;科研机构;科研机构,锦江区,104.08215,30.658013
科技日报社四川办事处,edu,科教文化服务;传媒机构;报社,锦江区,104.082101,30.658151
成都现代美术设计学校,edu,科教文化服务;学校;学校,锦江区,104.073563,30.655526
外东小学,edu,科教文化服务;学校;小学,锦江区,104.077931,30.653038
恩齐国际纹绣专家学院,edu,科教文化服务;学校;高等院校,锦江区,104.080068,30.652317
传立媒体(红星路三段),edu,科教文化服务;传媒机构;传媒机构,锦江区,104.077912,30.65861
群丽化妆摄影技术学校,edu,科教文化服务;学校;职业技术学校,锦江区,104.073563,30.655526
《摄影报》社,edu,科教文化服务;传媒机构;报社,锦江区,104.073564,30.655526
岷山安逸大酒店-会议厅,edu,科教文化服务;会展中心;会展中心,锦江区,104.075043,30.657369
成都市第一幼儿园,edu,科教文化服务;学校;幼儿园,锦江区,104.076504,30.652091
四川广播电视大学时代工商学院,edu,科教文化服务;学校;成人教育,锦江区,104.080203,30.659378
企木音悦坊,edu,科教文化服务;传媒机构;传媒机构,锦江区,104.083239,30.649593
成都天雅舞蹈培训中心,edu,科教文化服务;培训机构;培训机构,锦江区,104.073766,30.655531
锦江区委党校,edu,科教文化服务;学校;学校,锦江区,104.080728,30.658601
锦江区区情展示中心,edu,政府机构及社会团体;政府机关;区县级政府及事业单位|科教文化服务;展览馆;展览馆,锦江区,104.078462,30.652533
成都天府妇科研究院,edu,科教文化服务;科研机构;科研机构,锦江区,104.074372,30.652638
四川省经济发展研究院(东升街),edu,科教文化服务;科研机构;科研机构,锦江区,104.074564,30.652656
正熙酒店会议室,edu,科教文化服务;会展中心;会展中心,锦江区,104.075923,30.65598
伊藤洋华堂多功能活动厅,edu,科教文化服务;会展中心;会展中心,锦江区,104.075914,30.657649
玉衡星曜国学馆,edu,科教文化服务;科教文化场所;科教文化场所,锦江区,104.079976,30.658898
中国产经报四川记者站,edu,科教文化服务;传媒机构;传媒机构,锦江区,104.074635,30.652652
望子成龙学校(西南书城校区),edu,科教文化服务;科教文化场所;科教文化场所,锦江区,104.073536,30.655541
墨本视觉摄影化妆培训学校,edu,科教文化服务;培训机构;培训机构,锦江区,104.075666,30.656883
成都唯一艺术学校,edu,科教文化服务;学校;职业技术学校,锦江区,104.075929,30.655971
成都外国语专业学校,edu,科教文化服务;学校;职业技术学校,锦江区,104.077818,30.658834
西部国际金融中心展示厅,edu,科教文化服务;展览馆;展览馆,锦江区,104.076666,30.654096
WM gallery,edu,科教文化服务;科教文化场所;科教文化场所,锦江区,104.079181,30.653874
华美教育培训中心,edu,科教文化服务;培训机构;培训机构,锦江区,104.075235,30.65351
北京大学中国产权与PE市场研究机构四川基地,edu,科教文化服务;科教文化场所;科教文化场所,锦江区,104.07835,30.652579
懿园IPM纹绣,edu,科教文化服务;培训机构;培训机构,锦江区,104.076779,30.655652
蜀源木韵艺术书画社,edu,科教文化服务;科教文化场所;科教文化场所,锦江区,104.077462,30.649855
云冠TC国际课程中心,edu,科教文化服务;科教文化场所;科教文化场所,锦江区,104.079569,30.658493
Hello Dance舞蹈工作室,edu,科教文化服务;培训机构;培训机构,锦江区,104.077455,30.657982
嘉美博教语言中心,edu,科教文化服务;科教文化场所;科教文化场所,锦江区,104.077912,30.65861
acg国际艺术教育,edu,科教文化服务;科教文化场所;科教文化场所,锦江区,104.077907,30.658807
名师堂学校,edu,科教文化服务;科教文化场所;科教文化场所,锦江区,104.075599,30.651536
韦博国际英语成都中心,edu,科教文化服务;培训机构;培训机构,锦江区,104.077031,30.655662
宏星娱传媒有限公司,edu,科教文化服务;科教文化场所;科教文化场所,锦江区,104.077023,30.655023
成都正鼎职业技能培训学校,edu,科教文化服务;学校;职业技术学校,锦江区,104.080469,30.65206
Candy Lab糖果研究室,edu,科教文化服务;科研机构;科研机构,锦江区,104.074399,30.656552
河畔音乐工作室,edu,科教文化服务;培训机构;培训机构,锦江区,104.076077,30.655962
环球雅思学校(春熙校区),edu,科教文化服务;科教文化场所;科教文化场所,锦江区,104.076864,30.655641
科技日报社四川记者站,edu,科教文化服务;传媒机构;传媒机构,锦江区,104.08215,30.658013
硕思教育,edu,科教文化服务;培训机构;培训机构,锦江区,104.076665,30.656642
国色舞,edu,科教文化服务;科教文化场所;科教文化场所,锦江区,104.082216,30.651076
尚秀国际化妆造型学校,edu,科教文化服务;培训机构;培训机构,锦江区,104.076318,30.6542
一光美术馆(伊藤洋华堂春熙店),edu,科教文化服务;美术馆;美术馆,锦江区,104.076389,30.657699
思润(成都)培训中心,edu,科教文化服务;培训机构;培训机构,锦江区,104.077912,30.65861
法亚小语种,edu,科教文化服务;培训机构;培训机构,锦江区,104.076128,30.656214
成都市锦江区道德讲堂总堂,edu,科教文化服务;科教文化场所;科教文化场所,锦江区,104.083343,30.659143
ETM活力时代,edu,科教文化服务;传媒机构;传媒机构,锦江区,104.077647,30.658063
国乐艺术培训工作室(春熙路店),edu,科教文化服务;科教文化场所;科教文化场所,锦江区,104.07639,30.654978
国家发展和改革委员会自主研发超临界600MWCFB锅炉专家组,edu,科教文化服务;科研机构;科研机构,锦江区,104.077912,30.65861
现代四七九名师小班,edu,科教文化服务;培训机构;培训机构,锦江区,104.073563,30.655526
成都恩成教育培训中心,edu,科教文化服务;培训机构;培训机构,锦江区,104.074564,30.652656
山木培训(下东大街段),edu,科教文化服务;培训机构;培训机构,锦江区,104.076437,30.654877
L Class舞蹈工作室,edu,科教文化服务;培训机构;培训机构,锦江区,104.077695,30.657896
成都外专外语韩语培训,edu,科教文化服务;培训机构;培训机构,锦江区,104.07592,30.657686
英伦国际教育,edu,科教文化服务;培训机构;培训机构,锦江区,104.078559,30.654168
百弗英语(成都校区),edu,科教文化服务;培训机构;培训机构,锦江区,104.077907,30.658807
卓尔思教育培训中心,edu,科教文化服务;培训机构;培训机构,锦江区,104.082245,30.650929
海牛国际教育,edu,科教文化服务;培训机构;培训机构,锦江区,104.07777,30.658414
英桥国际教育,edu,科教文化服务;培训机构;培训机构,锦江区,104.07827,30.656197
疯狂老师成都体验中心,edu,科教文化服务;培训机构;培训机构,锦江区,104.07796,30.656418
成都帝京日语,edu,科教文化服务;培训机构;培训机构,锦江区,104.076096,30.656042
成都市民道德讲堂,edu,科教文化服务;培训机构;培训机构,锦江区,104.075466,30.651524
粉黛佳人技能培训中心,edu,科教文化服务;培训机构;培训机构,锦江区,104.075632,30.65707
引力化妆培训学校,edu,科教文化服务;培训机构;培训机构,锦江区,104.075705,30.656714
成都催乳师培训学校,edu,科教文化服务;培训机构;培训机构,锦江区,104.073706,30.655588
青年会培训中心,edu,科教文化服务;培训机构;培训机构,锦江区,104.075637,30.659102
美国捷思教育,edu,科教文化服务;培训机构;培训机构,锦江区,104.079789,30.657259
菁菁舞蹈美美肚皮舞,edu,科教文化服务;培训机构;培训机构,锦江区,104.075031,30.654126
易软教育,edu,科教文化服务;培训机构;培训机构,锦江区,104.07973,30.65718
米乐教育,edu,科教文化服务;培训机构;培训机构,锦江区,104.076101,30.65607
巴弗英语,edu,科教文化服务;培训机构;培训机构,锦江区,104.077904,30.658806
极地环宇,edu,科教文化服务;培训机构;培训机构,锦江区,104.080664,30.652063
浪迹教育,edu,科教文化服务;培训机构;培训机构,锦江区,104.079871,30.65735
益学堂,edu,科教文化服务;培训机构;培训机构,锦江区,104.07702,30.655644
颖睿传媒,edu,科教文化服务;科教文化场所;科教文化场所,锦江区,104.077927,30.658949
飞翼法语,edu,科教文化服务;培训机构;培训机构,锦江区,104.076128,30.656214
成都市唯舞舞蹈艺术培训,edu,科教文化服务;培训机构;培训机构,锦江区,104.076471,30.650346
成都市锦江区群丽摄影和形象设计职业技能培训学校,edu,科教文化服务;学校;职业技术学校,锦江区,104.073712,30.655608
慕美教育咨询管理中心,edu,科教文化服务;培训机构;培训机构,锦江区,104.077023,30.655023
中国创新驿站四川主站,edu,科教文化服务;科教文化场所;科教文化场所,锦江区,104.08215,30.658013
大众会计培训学校(成都校区),edu,科教文化服务;培训机构;培训机构,锦江区,104.073623,30.655502
品汇文化传播公司,edu,科教文化服务;科教文化场所;科教文化场所,锦江区,104.084948,30.649961
金字文化传播有限公司,edu,科教文化服务;科教文化场所;科教文化场所,锦江区,104.087099,30.650162
成都哈格文化传播有限公司,edu,科教文化服务;科教文化场所;科教文化场所,锦江区,104.084973,30.649944
成都龙久文化传播有限公司,edu,科教文化服务;科教文化场所;科教文化场所,锦江区,104.084948,30.649961
成都奔虎文化传播有限公司,edu,科教文化服务;科教文化场所;科教文化场所,锦江区,104.08417,30.653851
尚善教育文化教育咨询中心,edu,科教文化服务;培训机构;培训机构,锦江区,104.087725,30.650195
成都艺庚文化传播有限公司,edu,科教文化服务;科教文化场所;科教文化场所,锦江区,104.084948,30.649961
成都理想空间文化传播有限公司,edu,科教文化服务;科教文化场所;科教文化场所,锦江区,104.090169,30.651538
酱父家酒文化研究院,edu,科教文化服务;科研机构;科研机构,锦江区,104.087741,30.650197
成都拓山石文化传播有限公司,edu,科教文化服务;科教文化场所;科教文化场所,锦江区,104.084277,30.653331
锦江区爱有戏社区文化发展中心,edu,科教文化服务;科教文化场所;科教文化场所,锦江区,104.084148,30.653451
锦江区田园之家科普教育文化中心,edu,科教文化服务;文化宫;文化宫,锦江区,104.084221,30.653334
成都十七中,edu,科教文化服务;学校;中学,锦江区,104.08899,30.650507
中国电力工程顾问集团西南电力设计院有限公司,edu,科教文化服务;科研机构;科研机构,成华区,104.088804,30.654754
河畔商务旅游会议中心(成都),edu,科教文化服务;会展中心;会展中心,成华区,104.087131,30.656296
成都市锦江区老年大学,edu,科教文化服务;学校;成人教育,锦江区,104.083523,30.653
中国测试技术研究院(玉双路),edu,科教文化服务;科研机构;科研机构,成华区,104.093044,30.657215
年丰巷小学,edu,科教文化服务;学校;小学,锦江区,104.084469,30.650504
成都市成华区特殊教育学校,edu,科教文化服务;学校;学校,成华区,104.091502,30.656849
少年精英学院,edu,科教文化服务;学校;高等院校,锦江区,104.087063,30.650137
成都市锦江区档案馆,edu,科教文化服务;档案馆;档案馆,锦江区,104.090306,30.65319
大慈雅韵学堂,edu,科教文化服务;科教文化场所;科教文化场所,锦江区,104.083869,30.65618
艺锦酒店-会议厅,edu,科教文化服务;会展中心;会展中心,锦江区,104.093318,30.651562
学大教育(成都大慈寺校区),edu,科教文化服务;培训机构;培训机构,锦江区,104.083888,30.654912
成都机床电器研究所,edu,科教文化服务;科研机构;科研机构,锦江区,104.092625,30.651567
明宇豪雅饭店东大街店-会议厅,edu,科教文化服务;会展中心;会展中心,锦江区,104.088582,30.649774
成都东方广场假日酒店-会议厅,edu,科教文化服务;会展中心;会展中心,锦江区,104.087099,30.650162
初生肌肤管理研究所,edu,科教文化服务;科研机构;科研机构,锦江区,104.084516,30.655902
四川广电网络(天仙桥营业厅),edu,公司企业;公司;公司|科教文化服务;传媒机构;传媒机构|生活服务;生活服务场所;生活服务场所,锦江区,104.084909,30.65344
中国测试技术研究院(东风路北二巷),edu,科教文化服务;科研机构;科研机构,成华区,104.092919,30.655013
书院街道东安南路社区科普大学,edu,科教文化服务;学校;学校,锦江区,104.084688,30.657455
电信科学技术第五研究所(东顺城中街),edu,科教文化服务;科研机构;科研机构,锦江区,104.084229,30.657028
彦杰教育,edu,科教文化服务;培训机构;培训机构,锦江区,104.092942,30.650504
中测华声录音棚(玉双店),edu,科教文化服务;科教文化场所;科教文化场所,成华区,104.093119,30.657461
合江亭街道老年人大学,edu,科教文化服务;学校;成人教育,锦江区,104.083877,30.656196
成华区电力设计院,edu,科教文化服务;科研机构;科研机构,成华区,104.089266,30.654564
成都广播电视大学联创教育学院,edu,科教文化服务;学校;成人教育,锦江区,104.093408,30.651159
老张教练工作室,edu,科教文化服务;科教文化场所;科教文化场所,锦江区,104.084384,30.655903
中国质量报四川记者站,edu,科教文化服务;传媒机构;传媒机构,成华区,104.092904,30.655161
达内教育,edu,科教文化服务;科教文化场所;科教文化场所,锦江区,104.086327,30.650301
时代留学女仆日语教室,edu,科教文化服务;科教文化场所;科教文化场所,锦江区,104.083785,30.655023
笑艺场相声社,edu,科教文化服务;科教文化场所;科教文化场所,成华区,104.087508,30.6563
四川广电节目中心,edu,科教文化服务;科教文化场所;科教文化场所,锦江区,104.085063,30.653415
车语传媒,edu,科教文化服务;科教文化场所;科教文化场所,锦江区,104.085114,30.650115
中国测速技术研究院,edu,科教文化服务;科研机构;科研机构,成华区,104.093074,30.657256
计量与测试技术杂志社,edu,科教文化服务;传媒机构;杂志社,成华区,104.093084,30.654638
成都青鸟信息技术学校,edu,科教文化服务;学校;职业技术学校,锦江区,104.08388,30.6575
中国测试技术研究院电子所,edu,科教文化服务;科教文化场所;科教文化场所,成华区,104.093074,30.657256
四川亚伟电脑速录职业培训学校,edu,科教文化服务;学校;职业技术学校,锦江区,104.092943,30.650506
中国测试技术研究院(南门),edu,科教文化服务;科教文化场所;科教文化场所,成华区,104.092949,30.655039
达内教育,edu,科教文化服务;科教文化场所;科教文化场所,锦江区,104.086327,30.650301
时代留学女仆日语教室,edu,科教文化服务;科教文化场所;科教文化场所,锦江区,104.083785,30.655023
笑艺场相声社,edu,科教文化服务;科教文化场所;科教文化场所,成华区,104.087508,30.6563
优拓学巢,edu,科教文化服务;科教文化场所;科教文化场所,锦江区,104.085114,30.650116
四川广电节目中心,edu,科教文化服务;科教文化场所;科教文化场所,锦江区,104.085063,30.653415
邮电第五研究所,edu,科教文化服务;科教文化场所;科教文化场所,锦江区,104.084229,30.657028
车语传媒,edu,科教文化服务;科教文化场所;科教文化场所,锦江区,104.085114,30.650115
中国测速技术研究院,edu,科教文化服务;科研机构;科研机构,成华区,104.093074,30.657256
中国测试杂志社,edu,科教文化服务;科教文化场所;科教文化场所,成华区,104.093185,30.657201
计量与测试技术杂志社,edu,科教文化服务;传媒机构;杂志社,成华区,104.093084,30.654638
成都青鸟信息技术学校,edu,科教文化服务;学校;职业技术学校,锦江区,104.08388,30.6575
星元传媒公司,edu,科教文化服务;科教文化场所;科教文化场所,锦江区,104.085063,30.653415
四川广播电视大学时代工商学院,edu,科教文化服务;学校;成人教育,锦江区,104.093408,30.651159
文冠传媒,edu,科教文化服务;传媒机构;传媒机构,锦江区,104.085155,30.649982
合心国际绣润艺术研习中心,edu,科教文化服务;科教文化场所;科教文化场所,锦江区,104.087762,30.650223
中国测试技术研究院电子所,edu,科教文化服务;科教文化场所;科教文化场所,成华区,104.093074,30.657256
四川亚伟电脑速录职业培训学校,edu,科教文化服务;学校;职业技术学校,锦江区,104.092943,30.650506
中国测试技术研究院(南门),edu,科教文化服务;科教文化场所;科教文化场所,成华区,104.092949,30.655039
四川省特种设备检验研究院,edu,科教文化服务;科研机构;科研机构,成华区,104.092318,30.655417
四川省电力公司电力经济技术研究院(天祥大厦商务楼西),edu,科教文化服务;科研机构;科研机构,成华区,104.08826,30.65831
北大青鸟(成都锦江校区),edu,科教文化服务;培训机构;培训机构,锦江区,104.08388,30.6575
东安南路社区综合文体活动室,edu,科教文化服务;科教文化场所;科教文化场所,锦江区,104.084688,30.657457
比扬口语教育东门校区,edu,科教文化服务;培训机构;培训机构,锦江区,104.086223,30.650393
四川电大机关分校,edu,科教文化服务;培训机构;培训机构,锦江区,104.092752,30.650303
锦江区会计培训中心,edu,科教文化服务;培训机构;培训机构,锦江区,104.089425,30.650224
西南电力设计院系统规划中心,edu,科教文化服务;科教文化场所;科教文化场所,成华区,104.089266,30.654564
魔力英语,edu,科教文化服务;培训机构;培训机构,锦江区,104.092229,30.649613
锦江区清风雅舍书画摄影社,edu,科教文化服务;科教文化场所;科教文化场所,锦江区,104.084221,30.653334
新一代教育学校,edu,科教文化服务;培训机构;培训机构,锦江区,104.086596,30.658128
成都德馨学校,edu,科教文化服务;培训机构;培训机构,锦江区,104.084117,30.658451
纽邦教育,edu,科教文化服务;培训机构;培训机构,锦江区,104.084973,30.649944
易考通教育咨询,edu,科教文化服务;培训机构;培训机构,锦江区,104.086223,30.650391
诚仕教育,edu,科教文化服务;培训机构;培训机构,锦江区,104.087099,30.650162
名师点拨学校(望平街),edu,科教文化服务;培训机构;培训机构,成华区,104.087297,30.655651
成都市民道德讲堂,edu,科教文化服务;培训机构;培训机构,锦江区,104.086734,30.654635
百味海餐饮培训,edu,科教文化服务;培训机构;培训机构,锦江区,104.086797,30.658678
成都UI培训中心,edu,科教文化服务;培训机构;培训机构,锦江区,104.086308,30.650402
岭途教育,edu,科教文化服务;培训机构;培训机构,锦江区,104.088602,30.649564
海白味培训,edu,科教文化服务;培训机构;培训机构,锦江区,104.086549,30.658139
尖子生教育,edu,科教文化服务;培训机构;培训机构,锦江区,104.092554,30.65037
成都社会组织学院,edu,科教文化服务;培训机构;培训机构,锦江区,104.084083,30.65348
How Draft好画室,edu,科教文化服务;培训机构;培训机构,锦江区,104.084563,30.656083
名扬中高考学习中心,edu,科教文化服务;培训机构;培训机构,锦江区,104.086856,30.652807
中国测试技术研究院辐射研究所,edu,科教文化服务;科研机构;科研机构,成华区,104.093074,30.657256
书院街道东安南路社区教育工作站,edu,科教文化服务;科教文化场所;科教文化场所,锦江区,104.084689,30.657457
书院街道东安南路社区科普工作站,edu,科教文化服务;科教文化场所;科教文化场所,锦江区,104.084688,30.657456
担当书院,edu,科教文化服务;培训机构;培训机构,锦江区,104.083975,30.650527
河畔康成酒店-会议厅,edu,科教文化服务;会展中心;会展中心,成华区,104.08727,30.657122
锦江区众合培训学校,edu,科教文化服务;培训机构;培训机构,锦江区,104.087063,30.650145
初九文化传播有限公司,edu,科教文化服务;科教文化场所;科教文化场所,成华区,104.101015,30.650137
卓尔不凡培训学校,edu,科教文化服务;培训机构;培训机构,成华区,104.097167,30.655551
艺博培训,edu,科教文化服务;培训机构;培训机构,锦江区,104.094119,30.651773
成都市试验中学(南校区),edu,科教文化服务;学校;中学,成华区,104.098027,30.654854
四川工人日报社,edu,科教文化服务;传媒机构;报社,成华区,104.096608,30.656144
红黄蓝幼儿园(双林一巷),edu,科教文化服务;学校;幼儿园,成华区,104.098342,30.658089
成都艺术中心,edu,科教文化服务;美术馆;美术馆,锦江区,104.094037,30.651797
成都市第五十一中学校,edu,科教文化服务;学校;中学,成华区,104.098027,30.654854
国家开放大学五冶分校,edu,科教文化服务;学校;高等院校,成华区,104.102073,30.656621
成都市列五书池学校,edu,科教文化服务;学校;小学,成华区,104.097959,30.654252
中国药店管理学院四川分院,edu,科教文化服务;学校;高等院校,成华区,104.096596,30.657717
五冶电大,edu,科教文化服务;学校;成人教育,成华区,104.102188,30.657659
博学堂学校(一环路东三段),edu,科教文化服务;培训机构;培训机构,成华区,104.095324,30.656097
成都市成华区双林幼儿园,edu,科教文化服务;学校;幼儿园,成华区,104.100375,30.655651
四川电大蓝翔学院,edu,科教文化服务;学校;高等院校,成华区,104.095332,30.656101
牛市口街道三点半学校,edu,科教文化服务;学校;学校,锦江区,104.093997,30.650589
双林社区老年大学,edu,科教文化服务;学校;成人教育,成华区,104.10348,30.65392
成都市第十二幼儿园,edu,科教文化服务;学校;幼儿园,成华区,104.097247,30.653118
省直机关实验婴儿园双林分园,edu,科教文化服务;学校;幼儿园,成华区,104.100388,30.655652
牛市口街道社区教育学校,edu,科教文化服务;学校;学校,锦江区,104.094134,30.650748
成都社会大学,edu,科教文化服务;学校;成人教育,锦江区,104.094119,30.651773
中国成都市试验中学澳大利亚澳思兰学校中澳国际高中,edu,科教文化服务;学校;中学,成华区,104.098027,30.654854
勤林画室,edu,科教文化服务;美术馆;美术馆,成华区,104.098807,30.651877
四川农业大学远程与继续教育学院光华学院学习中心,edu,科教文化服务;学校;成人教育,成华区,104.098685,30.651114
锦江区马俊打击乐艺术中心,edu,科教文化服务;美术馆;美术馆,锦江区,104.095864,30.649411
四川广播电视大学(一环路东三段),edu,科教文化服务;学校;成人教育,成华区,104.095324,30.656097
成都电业局培训中心电工实验室,edu,科教文化服务;科研机构;科研机构,锦江区,104.09445,30.649394
四川画报社,edu,科教文化服务;传媒机构;报社,成华区,104.09794,30.658542
供电局培训中心,edu,科教文化服务;科教文化场所;科教文化场所,锦江区,104.094679,30.651398
成都市十二幼蜀都分园,edu,科教文化服务;学校;幼儿园,成华区,104.103058,30.64958
中国工人出版社成都编辑出版中心,edu,科教文化服务;传媒机构;出版社,成华区,104.096608,30.656147
聪明豆拖辅中心,edu,科教文化服务;科教文化场所;科教文化场所,成华区,104.102681,30.655618
四川省成都列五中学双桥校区,edu,科教文化服务;学校;中学,成华区,104.098176,30.655055
艾米丽化妆造型学校,edu,科教文化服务;培训机构;培训机构,成华区,104.100691,30.653911
成都电业局培训中心,edu,科教文化服务;培训机构;培训机构,锦江区,104.094537,30.64993
海韵教育(一环路东三段),edu,科教文化服务;培训机构;培训机构,成华区,104.096808,30.657941
四川蜀工职工摄影书画院,edu,科教文化服务;科教文化场所;科教文化场所,成华区,104.096608,30.656144
三省堂学校,edu,科教文化服务;培训机构;培训机构,成华区,104.096809,30.657944
美鑫画室,edu,科教文化服务;培训机构;培训机构,成华区,104.095282,30.656266
新高教育,edu,科教文化服务;培训机构;培训机构,成华区,104.101219,30.65045
逸成教育,edu,科教文化服务;培训机构;培训机构,成华区,104.096809,30.657942
米熊画室,edu,科教文化服务;培训机构;培训机构,成华区,104.09739,30.655391
奕舟少儿围棋,edu,科教文化服务;培训机构;培训机构,成华区,104.09607,30.653923
紫藤画舍,edu,科教文化服务;培训机构;培训机构,成华区,104.101237,30.650449
围棋教室,edu,科教文化服务;培训机构;培训机构,成华区,104.096129,30.653841
向日葵画室,edu,科教文化服务;培训机构;培训机构,成华区,104.095085,30.65716
学而思培训(双桥路),edu,科教文化服务;培训机构;培训机构,成华区,104.10098,30.654199
逸成职业技能培训中心,edu,科教文化服务;培训机构;培训机构,成华区,104.096651,30.657876
博远教育(蜀都惠园东北),edu,科教文化服务;培训机构;培训机构,成华区,104.101219,30.65045
阳光美语(成华校区),edu,科教文化服务;培训机构;培训机构,成华区,104.096453,30.657378
成都市列五书池学校-列五联中语,edu,科教文化服务;科教文化场所;科教文化场所,成华区,104.098228,30.655
关爱明天杂志社,edu,科教文化服务;传媒机构;杂志社,成华区,104.09401,30.657768
派非特教育,edu,科教文化服务;培训机构;培训机构,成华区,104.095324,30.656097
光华学院艺术培训中心,edu,科教文化服务;培训机构;培训机构,成华区,104.09854,30.651052
国家十二五重大新药创制专项重大项目合作中心,edu,科教文化服务;科教文化场所;科教文化场所,成华区,104.101032,30.653671
四川那年花开花艺婚礼主持培训学校,edu,科教文化服务;培训机构;培训机构,成华区,104.096473,30.657895
四川师范大学高等教育自学考试城中助学点,edu,科教文化服务;培训机构;培训机构,成华区,104.098685,30.651114
成华会计培训部(双桥路),edu,科教文化服务;培训机构;培训机构,成华区,104.100969,30.654357
成都市锦江区水碾河玲珍幼儿园,edu,科教文化服务;学校;幼儿园,锦江区,104.094821,30.650614
四川光华学院职业培训中心,edu,科教文化服务;培训机构;培训机构,成华区,104.098621,30.651085
成都广播电视大学兴华学校(双桥路171号院北),edu,科教文化服务;学校;成人教育,成华区,104.103472,30.653922
人民日报,edu,科教文化服务;科教文化场所;科教文化场所,成华区,104.096992,30.655954
电力局培训中心,edu,科教文化服务;科教文化场所;科教文化场所,锦江区,104.094871,30.650008
淘气宝乐园,edu,科教文化服务;科教文化场所;科教文化场所,锦江区,104.094037,30.651797
一街区少年宫,edu,科教文化服务;文化宫;文化宫,成华区,104.098343,30.658089
成华区文化馆,edu,科教文化服务;文化宫;文化宫,成华区,104.105466,30.656719
成华区市民文化艺术学校,edu,科教文化服务;学校;学校,成华区,104.105456,30.656594
成华区文化艺术交流中心,edu,科教文化服务;科教文化场所;科教文化场所,成华区,104.105456,30.656594
成都改变自己文化传播有限公司,edu,科教文化服务;传媒机构;传媒机构,成华区,104.111812,30.653788
成华区文化馆松琳舞蹈艺术培训中心,edu,科教文化服务;培训机构;培训机构,成华区,104.105456,30.656594
成华区文化馆爱声声乐学校,edu,科教文化服务;培训机构;培训机构,成华区,104.105456,30.656594
成华区文化馆少儿艺术培训中心(新迪艺校),edu,科教文化服务;培训机构;培训机构,成华区,104.105456,30.656594
工会图书阅览室,edu,科教文化服务;图书馆;图书馆,成华区,104.106202,30.651172
成都广播电视大学财经学院招生办公室,edu,科教文化服务;学校;高等院校,成华区,104.106193,30.651165
成发电视台,edu,科教文化服务;传媒机构;电视台,成华区,104.106193,30.651165
四川广播电视大学直属工商分院招生办公室,edu,科教文化服务;学校;高等院校,成华区,104.106193,30.651165
四川电大省级机关直属学院教学部,edu,科教文化服务;学校;高等院校,成华区,104.106193,30.651165
成华区会计人员培训部,edu,科教文化服务;培训机构;培训机构,成华区,104.106193,30.651165
中国美术学院美术考级中心成都考区办公室,edu,科教文化服务;科教文化场所;科教文化场所,成华区,104.106193,30.651165
指点教育,edu,科教文化服务;培训机构;培训机构,成华区,104.111942,30.654166
成华区少儿图书馆(双林路),edu,科教文化服务;图书馆;图书馆,成华区,104.10585,30.65641
美滋滋餐饮技术培训中心,edu,科教文化服务;培训机构;培训机构,成华区,104.112877,30.653897
成都市第十三幼儿园,edu,科教文化服务;学校;幼儿园,成华区,104.103783,30.655298
成都市列五中学,edu,科教文化服务;学校;中学,成华区,104.105803,30.658104
五月(电脑·会计)花学校,edu,科教文化服务;培训机构;培训机构,成华区,104.111311,30.652921
棒娃娃艺美幼儿园,edu,科教文化服务;学校;幼儿园,成华区,104.10615,30.649557
成都市工业职业技术学校建校校区,edu,科教文化服务;学校;职业技术学校,成华区,104.107115,30.657339
成都石室中学初中学校(东区),edu,科教文化服务;学校;中学,成华区,104.112103,30.655781
双林小学校,edu,科教文化服务;学校;小学,成华区,104.104307,30.650389
状元堂(双林路),edu,科教文化服务;培训机构;培训机构,成华区,104.111613,30.653909
成都戴氏英语学校,edu,科教文化服务;培训机构;培训机构,成华区,104.112139,30.656749
计算机信息高新技术考试中心,edu,科教文化服务;科教文化场所;科教文化场所,成华区,104.112028,30.654153
中共成华区委员会党校,edu,科教文化服务;学校;学校,成华区,104.105477,30.656729
成都市残疾人职业培训中心,edu,科教文化服务;培训机构;培训机构,成华区,104.104331,30.656685
四川广场电视大学时代工商学院,edu,科教文化服务;学校;高等院校,成华区,104.105855,30.651008
成华区职工幼儿园,edu,科教文化服务;学校;幼儿园,成华区,104.108713,30.653392
ADOBE中国授权培训中心,edu,科教文化服务;培训机构;培训机构,成华区,104.112028,30.654153
五月花(电脑·会计)学校,edu,科教文化服务;培训机构;培训机构,成华区,104.111313,30.65292
宽云美术馆,edu,科教文化服务;美术馆;美术馆,成华区,104.112532,30.652641
四川省艺蓉舞蹈学校,edu,科教文化服务;培训机构;培训机构,成华区,104.105456,30.656594
双林社区老年大学,edu,科教文化服务;学校;成人教育,成华区,104.10348,30.65392
子悦大学双桥子街道分校,edu,科教文化服务;学校;学校,成华区,104.108842,30.653691
四川师范大学职业技术学院指南针分院,edu,科教文化服务;学校;职业技术学校,成华区,104.112028,30.654153
成都南山学校,edu,科教文化服务;学校;学校,成华区,104.106193,30.651165
成都市工业职业技术学校成人教育部(双林路),edu,科教文化服务;学校;成人教育,成华区,104.106779,30.656089
新华幼儿园,edu,科教文化服务;学校;幼儿园,成华区,104.107143,30.65714
成都翰林教育,edu,科教文化服务;培训机构;培训机构,成华区,104.106193,30.651165
思学堂(双林路),edu,科教文化服务;培训机构;培训机构,成华区,104.111812,30.653788
莎妃舞蹈中心,edu,科教文化服务;培训机构;培训机构,成华区,104.111056,30.653327
成都市成华区行政学校,edu,科教文化服务;学校;学校,成华区,104.105471,30.656728
微软授权视窗应用学习中心,edu,科教文化服务;培训机构;培训机构,成华区,104.112028,30.654153
成都普济中医药研究院,edu,科教文化服务;科研机构;科研机构,成华区,104.11269,30.655634
骏熙教育(万年场校区),edu,科教文化服务;科教文化场所;科教文化场所,成华区,104.111766,30.653838
口吃矫正演讲口才,edu,科教文化服务;科教文化场所;科教文化场所,成华区,104.111492,30.653779
成都市成华区行政学校,edu,科教文化服务;学校;学校,成华区,104.105471,30.656728
微软授权视窗应用学习中心,edu,科教文化服务;培训机构;培训机构,成华区,104.112028,30.654153
成都普济中医药研究院,edu,科教文化服务;科研机构;科研机构,成华区,104.11269,30.655634
中天酒店-会议厅,edu,科教文化服务;会展中心;会展中心,成华区,104.107109,30.655383
骏熙教育(万年场校区),edu,科教文化服务;科教文化场所;科教文化场所,成华区,104.111766,30.653838
成都市工业职业技术学校建校校区-教学楼,edu,科教文化服务;学校;学校,成华区,104.105785,30.657243
稚趣美术(万象城店),edu,科教文化服务;科教文化场所;科教文化场所,成华区,104.112862,30.653536
口吃矫正演讲口才,edu,科教文化服务;科教文化场所;科教文化场所,成华区,104.111492,30.653779
新华社区长者空间,edu,科教文化服务;科教文化场所;科教文化场所,成华区,104.107654,30.659065
蜀雅坊(总店),edu,科教文化服务;培训机构;培训机构,成华区,104.104561,30.656564
定能名师工作室,edu,科教文化服务;培训机构;培训机构,成华区,104.112755,30.653903
多维空间(双林店),edu,科教文化服务;培训机构;培训机构,成华区,104.105806,30.65872
成都家和兴厨艺培训,edu,科教文化服务;培训机构;培训机构,成华区,104.113029,30.656448
昂立外语陈华学校,edu,科教文化服务;科教文化场所;科教文化场所,成华区,104.105779,30.650855
成华区市民终身教育学校(双林中横路),edu,科教文化服务;学校;学校,成华区,104.104479,30.654736
友林电脑培训学校,edu,科教文化服务;科教文化场所;科教文化场所,成华区,104.105556,30.651153
COREL中国授权培训中心,edu,科教文化服务;培训机构;培训机构,成华区,104.112028,30.654153
美吉姆国际儿童教育中心,edu,科教文化服务;科教文化场所;科教文化场所,成华区,104.112527,30.652641
新鸿路街道综合文体中心,edu,科教文化服务;科教文化场所;科教文化场所,成华区,104.107082,30.657885
薇妮肚皮舞,edu,科教文化服务;培训机构;培训机构,成华区,104.111812,30.653788
峻熙艺术教育万年场校区,edu,科教文化服务;科教文化场所;科教文化场所,成华区,104.11151,30.654196
我形我塑,edu,生活服务;美容美发店;美容美发店|科教文化服务;培训机构;培训机构,成华区,104.105933,30.650966
戴氏精品堂学校(双林路),edu,科教文化服务;培训机构;培训机构,成华区,104.111613,30.653909
太阳鸟舞蹈培训,edu,科教文化服务;培训机构;培训机构,成华区,104.112933,30.653574
今朝奥校,edu,科教文化服务;培训机构;培训机构,成华区,104.105843,30.650878
山木培训(经华北路),edu,科教文化服务;培训机构;培训机构,成华区,104.105843,30.650878
星舞忠街舞(双林路),edu,科教文化服务;培训机构;培训机构,成华区,104.111613,30.653909
华仁社会工作发展中心,edu,科教文化服务;培训机构;培训机构,成华区,104.105429,30.652361
电大招生会计培训,edu,科教文化服务;培训机构;培训机构,成华区,104.111056,30.653327
香港手足甲病医药科技研究中心(双桥路),edu,科教文化服务;科研机构;科研机构,成华区,104.105536,30.651637
启航幼儿艺术培训室,edu,科教文化服务;培训机构;培训机构,成华区,104.108536,30.658426
饮墨堂书法培训,edu,科教文化服务;培训机构;培训机构,成华区,104.11151,30.654196
美迪教育集团,edu,科教文化服务;培训机构;培训机构,成华区,104.106147,30.649559
大树音乐教室,edu,科教文化服务;培训机构;培训机构,成华区,104.113362,30.653537
学商教育会计培训,edu,科教文化服务;培训机构;培训机构,成华区,104.111131,30.653254
扬帆艺术培训学校,edu,科教文化服务;培训机构;培训机构,成华区,104.111359,30.653918
咪嘟嘟艺术中心(万象城),edu,科教文化服务;培训机构;培训机构,成华区,104.112398,30.651886
童画馆,edu,科教文化服务;培训机构;培训机构,成华区,104.112933,30.653574
乐彩美术培训,edu,科教文化服务;培训机构;培训机构,成华区,104.112933,30.653574
星奥舞蹈培训中心,edu,科教文化服务;培训机构;培训机构,成华区,104.112165,30.656772
华夏古筝艺术学校(二环路东三段),edu,科教文化服务;学校;职业技术学校|科教文化服务;培训机构;培训机构,成华区,104.112139,30.656749
万年医院华西心脑血管病研究院,edu,科教文化服务;科教文化场所;科教文化场所,成华区,104.112677,30.658716
万友职业技能培训中心,edu,科教文化服务;培训机构;培训机构,成华区,104.106169,30.651143
成都点石教育中心,edu,科教文化服务;培训机构;培训机构,成华区,104.111436,30.656557
澳斯特教育(万年场校区),edu,科教文化服务;培训机构;培训机构,成华区,104.112933,30.653574
西南科技大学职业技术学院指南针分院,edu,科教文化服务;学校;职业技术学校,成华区,104.111942,30.654166
尚雅商学院,edu,科教文化服务;培训机构;培训机构,成华区,104.111812,30.653788
成都四七九培训中心,edu,科教文化服务;培训机构;培训机构,成华区,104.111812,30.653788
中国商业插画师授权培训中心,edu,科教文化服务;培训机构;培训机构,成华区,104.112028,30.654153
四川广播电视大学时代工商学院,edu,科教文化服务;培训机构;培训机构,成华区,104.105843,30.650878
国乐艺术培训工作室(万年场校区店),edu,科教文化服务;科教文化场所;科教文化场所,成华区,104.11198,30.654255
天娇艺术培训(东门校区),edu,科教文化服务;培训机构;培训机构,成华区,104.111613,30.653909
五月花计算机学校(万年场校区),edu,科教文化服务;培训机构;培训机构,成华区,104.111778,30.654237
COREL中国授权考试中心,edu,科教文化服务;科教文化场所;科教文化场所,成华区,104.112028,30.654153
中国聋儿康复研究中心教学基地,edu,科教文化服务;培训机构;培训机构,成华区,104.105077,30.657169
二十四城文化馆,edu,餐饮服务;茶艺馆;茶艺馆|科教文化服务;文化宫;文化宫,成华区,104.115689,30.650284
成都骏意文化传播有限公司,edu,科教文化服务;科教文化场所;科教文化场所,成华区,104.115317,30.65426
成都智盈天下文化传播有限公司,edu,科教文化服务;传媒机构;传媒机构,成华区,104.113525,30.6527
万年场街道综合文化活动中心,edu,科教文化服务;文化宫;文化宫,成华区,104.122894,30.650454
成都奔南泰拳体育文化传播有限公司,edu,科教文化服务;科教文化场所;科教文化场所,成华区,104.116968,30.65372
成都石室小学,edu,科教文化服务;学校;小学,成华区,104.117021,30.649876
春苗幼儿园(禾田路),edu,科教文化服务;学校;幼儿园,成华区,104.120749,30.655922
四川省成都列五中学,edu,科教文化服务;学校;中学,成华区,104.122498,30.654531
成都石室小学教学楼,edu,科教文化服务;学校;小学,成华区,104.117524,30.649845
爱尔乐幼儿园,edu,科教文化服务;学校;幼儿园,成华区,104.118512,30.654942
成都市沙河东篱幼儿园,edu,科教文化服务;学校;幼儿园,成华区,104.113834,30.657235
麦子吉他工作室,edu,科教文化服务;科教文化场所;科教文化场所,成华区,104.1185,30.651588
稚鸟儿童美术(万象城店),edu,科教文化服务;科教文化场所;科教文化场所,成华区,104.115373,30.650111
米奥钢琴艺术,edu,科教文化服务;培训机构;培训机构,成华区,104.11499,30.65025
源教育,edu,科教文化服务;培训机构;培训机构,成华区,104.119848,30.650773
北欧威顿英文教育,edu,科教文化服务;培训机构;培训机构,成华区,104.115151,30.649581
川交艺术培训部,edu,科教文化服务;培训机构;培训机构,成华区,104.115419,30.650266
启梦艺术教育,edu,科教文化服务;培训机构;培训机构,成华区,104.115108,30.654948
成都西越学校,edu,科教文化服务;培训机构;培训机构,成华区,104.12325,30.652384
英孚教育成人英语(万象城中心),edu,科教文化服务;培训机构;培训机构,成华区,104.113495,30.652724
成都交通学校汽车维修实训基地,edu,科教文化服务;培训机构;培训机构,成华区,104.115543,30.656579
营业性道路运输驾驶员职业培训中心,edu,科教文化服务;培训机构;培训机构,成华区,104.117577,30.657117
朗文少儿英语,edu,科教文化服务;培训机构;培训机构,成华区,104.118778,30.649606
团结社区图书阅览室,edu,科教文化服务;图书馆;图书馆,成华区,104.126083,30.658373
爱贝水岸东里幼儿园,edu,科教文化服务;学校;幼儿园,成华区,104.126997,30.657681
蓓樱幼儿园,edu,科教文化服务;学校;幼儿园,成华区,104.125854,30.658518
成华区保和街道综合文化活动中心(中环路双店路段),edu,科教文化服务;文化宫;文化宫,成华区,104.137607,30.653512
成都交通高级技工学校,edu,科教文化服务;学校;职业技术学校,成华区,104.139248,30.652496
中国五冶职工大学,edu,科教文化服务;学校;职业技术学校|科教文化服务;学校;成人教育,成华区,104.139572,30.651388
四川理工学院成都教学分部,edu,科教文化服务;学校;高等院校,成华区,104.139573,30.651388
成都市华建学校东校区,edu,科教文化服务;学校;学校,成华区,104.143468,30.651715
东升幼儿园(槐树店路),edu,科教文化服务;学校;幼儿园,成华区,104.140093,30.651555
成都电大五冶分校,edu,科教文化服务;学校;高等院校,成华区,104.139573,30.651388
杨柳公益幼儿园,edu,科教文化服务;学校;幼儿园,成华区,104.140615,30.657895
成都交通学校实训楼,edu,科教文化服务;学校;学校,成华区,104.137882,30.653246
中国五冶职工大学机电实训场,edu,科教文化服务;学校;成人教育,成华区,104.139407,30.651384
旺旺幼儿园(中环路双店路段),edu,科教文化服务;学校;幼儿园,成华区,104.134474,30.658362
成都新东方烹饪学校,edu,科教文化服务;学校;职业技术学校,成华区,104.137859,30.655375
成都市才艺学校团结分校,edu,科教文化服务;学校;职业技术学校,成华区,104.136482,30.659396
崔家店南路8号幼儿园,edu,科教文化服务;学校;幼儿园,成华区,104.136466,30.658789
旨道教育,edu,科教文化服务;培训机构;培训机构,成华区,104.141454,30.655268
联创电脑会计学校(槐树店路),edu,科教文化服务;培训机构;培训机构,成华区,104.135925,30.650829
弘瑞教育,edu,科教文化服务;培训机构;培训机构,成华区,104.142018,30.65526
舞之麟艺术中心,edu,科教文化服务;培训机构;培训机构,成华区,104.142358,30.657559
成都市技师学院实训楼,edu,科教文化服务;学校;职业技术学校,成华区,104.138041,30.653252
海韵教育(长融东二路),edu,科教文化服务;培训机构;培训机构,成华区,104.142244,30.657553
成都市技师学院(东校区),edu,科教文化服务;学校;高等院校,成华区,104.139248,30.652496
四川天朗英华文化传播有限公司,edu,科教文化服务;科教文化场所;科教文化场所,成华区,104.152218,30.649811
东虹金橄榄幼儿园,edu,科教文化服务;学校;幼儿园,成华区,104.1507,30.650051
大成驾校,edu,科教文化服务;培训机构;培训机构,成华区,104.146853,30.65723
半边街村综合文化活动室,edu,科教文化服务;科教文化场所;科教文化场所,武侯区,103.970373,30.64643
行知实验小学,edu,科教文化服务;学校;小学,武侯区,103.969159,30.648481
成都市武侯区小天鹅幼儿园,edu,科教文化服务;学校;幼儿园,武侯区,103.97198,30.647384
啄木鸟培训班,edu,科教文化服务;培训机构;培训机构,武侯区,103.971105,30.648639
雨田教育(九康五路),edu,科教文化服务;培训机构;培训机构,武侯区,103.971416,30.646752
状元苗教育培训中心,edu,科教文化服务;培训机构;培训机构,武侯区,103.97054,30.648315
易百分教育,edu,科教文化服务;培训机构;培训机构,武侯区,103.970827,30.648086
行知实验小学-成都市新优质学校,edu,科教文化服务;科教文化场所;科教文化场所,武侯区,103.969257,30.648851
成都市机投中学,edu,科教文化服务;学校;中学,武侯区,103.979329,30.64908
小蚂蚁幼儿园,edu,科教文化服务;学校;幼儿园,武侯区,103.978727,30.642409
寅生国际酒店-会议厅,edu,科教文化服务;会展中心;会展中心,武侯区,103.976152,30.644915
虹桥幼稚园,edu,科教文化服务;学校;幼儿园,武侯区,103.980073,30.641771
成都嘉成育才幼儿园,edu,科教文化服务;学校;幼儿园,武侯区,103.976152,30.64875
新爱丁堡幼儿园,edu,科教文化服务;学校;幼儿园,武侯区,103.98044,30.649339
启子幼儿园,edu,科教文化服务;学校;幼儿园,武侯区,103.98221,30.6433
第二十二幼儿园,edu,科教文化服务;学校;幼儿园,武侯区,103.97512,30.639951
技佳培训,edu,科教文化服务;培训机构;培训机构,武侯区,103.97609,30.646123
成都小松检测技术研究所,edu,科教文化服务;科研机构;科研机构,武侯区,103.980199,30.639985
阳光幼儿园(草金南路),edu,科教文化服务;学校;幼儿园,武侯区,103.976984,30.649077
成都市武侯区金豆豆幼稚园,edu,科教文化服务;学校;幼儿园,武侯区,103.982739,30.643459
博艺培训中心(潮音路),edu,科教文化服务;培训机构;培训机构,武侯区,103.982369,30.644075
启智艺术幼儿园(武青东三路),edu,科教文化服务;学校;幼儿园,武侯区,103.979504,30.642487
寰宇跆拳道,edu,科教文化服务;培训机构;培训机构,武侯区,103.980104,30.648769
七彩云朵,edu,科教文化服务;科教文化场所;科教文化场所,武侯区,103.982757,30.648827
亮眼睛艺术,edu,科教文化服务;培训机构;培训机构,武侯区,103.979753,30.649054
费欧娜化妆美甲培训,edu,科教文化服务;培训机构;培训机构,武侯区,103.980622,30.649024
笔畅教育,edu,科教文化服务;培训机构;培训机构,武侯区,103.982671,30.643157
学泉教育,edu,科教文化服务;培训机构;培训机构,武侯区,103.982455,30.643816
易百分教育(机投学习中心),edu,科教文化服务;培训机构;培训机构,武侯区,103.980104,30.64913
寅生艺术教育家园,edu,科教文化服务;培训机构;培训机构,武侯区,103.974843,30.644753
峥嵘三人行教育,edu,科教文化服务;培训机构;培训机构,武侯区,103.980622,30.649024
长青藤教育(潮音路),edu,科教文化服务;培训机构;培训机构,武侯区,103.980963,30.647983
费欧娜职业技能培训工作室,edu,科教文化服务;培训机构;培训机构,武侯区,103.980574,30.649244
易林晓舞艺术中心(机投校区),edu,科教文化服务;培训机构;培训机构,武侯区,103.976719,30.648529
明星书画院,edu,科教文化服务;培训机构;培训机构,武侯区,103.98221,30.6433
智联众创文化传播有限公司,edu,科教文化服务;传媒机构;传媒机构,武侯区,103.988776,30.641819
大洋文化艺术培训学校西贝校区,edu,科教文化服务;培训机构;培训机构,武侯区,103.990677,30.643894
大洋艺术学校西贝校区,edu,科教文化服务;学校;职业技术学校,武侯区,103.99181,30.644126
圣宝宝幼稚园,edu,科教文化服务;学校;幼儿园,武侯区,103.984655,30.647691
武侯区琦奇幼儿园,edu,科教文化服务;学校;幼儿园,武侯区,103.990858,30.6482
果堰中星幼儿园,edu,科教文化服务;学校;幼儿园,武侯区,103.990515,30.647512
阳光幼稚园(果顺路),edu,科教文化服务;学校;幼儿园,武侯区,103.984589,30.646327
成都铁路通信设备厂幼儿园,edu,科教文化服务;学校;幼儿园,武侯区,103.98701,30.649011
琴筝艺术(机投校区),edu,科教文化服务;培训机构;培训机构,武侯区,103.986388,30.642391
凯迪教育(果堰路),edu,科教文化服务;培训机构;培训机构,武侯区,103.993248,30.645395
创优外语,edu,科教文化服务;培训机构;培训机构,武侯区,103.987168,30.643721
天姿舞蹈(武青东二路),edu,科教文化服务;培训机构;培训机构,武侯区,103.984741,30.645626
武侯区贝贝星幼稚园,edu,科教文化服务;学校;幼儿园,武侯区,103.9917,30.644314
艾尚西贝教育,edu,科教文化服务;培训机构;培训机构,武侯区,103.991807,30.644131
爱贝国际少儿英语,edu,科教文化服务;培训机构;培训机构,武侯区,103.992877,30.648525
熙德教育,edu,科教文化服务;培训机构;培训机构,武侯区,103.993152,30.648675
睿霖教育中心(果堰校区),edu,科教文化服务;培训机构;培训机构,武侯区,103.990628,30.643919
画家村少儿美术教育中心,edu,科教文化服务;培训机构;培训机构,武侯区,103.991146,30.647216
成都武侯区天骄幼稚园,edu,科教文化服务;学校;幼儿园,武侯区,103.984746,30.644557
玛乐艺术中心(金楠天街校区),edu,科教文化服务;培训机构;培训机构,武侯区,103.993676,30.648954
武侯区青苹果幼稚园,edu,科教文化服务;学校;幼儿园,武侯区,103.992228,30.646482
丽春镇文化站,edu,科教文化服务;文化宫;文化宫,武侯区,103.99036,30.647834
成都热橙文化传播有限公司,edu,科教文化服务;科教文化场所;科教文化场所,武侯区,103.99804,30.643604
成都途播未来文化传播有限公司,edu,科教文化服务;科教文化场所;科教文化场所,武侯区,103.999666,30.644901
彩虹桥幼儿园(晋吉北路),edu,科教文化服务;学校;幼儿园,武侯区,103.999966,30.644014
成都市晋阳小学,edu,科教文化服务;学校;小学,武侯区,103.995874,30.648493
四川大学附属中学西区学校,edu,科教文化服务;学校;中学,武侯区,103.994526,30.647729
成都市武侯区社区学院,edu,科教文化服务;学校;高等院校,武侯区,104.00108,30.643039
成都金宝宝幼稚园,edu,科教文化服务;学校;幼儿园,武侯区,104.001541,30.64906
新世纪幼儿园(果堰街),edu,科教文化服务;学校;幼儿园,武侯区,103.994759,30.64043
金泸州书画院,edu,科教文化服务;科教文化场所;科教文化场所,武侯区,104.001375,30.6426
成都书府教育,edu,科教文化服务;培训机构;培训机构,武侯区,103.997611,30.647404
拉孟绘画艺术交流中心,edu,科教文化服务;科教文化场所;科教文化场所,武侯区,104.001637,30.642932
辛巴星钢琴,edu,科教文化服务;培训机构;培训机构,武侯区,103.994612,30.649378
星空琴行(金楠天街店),edu,科教文化服务;培训机构;培训机构,武侯区,103.993816,30.649012
菲动儿童武道体能中心(金楠天街校区),edu,科教文化服务;科教文化场所;科教文化场所,武侯区,103.994756,30.649447
莘莘教育(吉福路),edu,科教文化服务;培训机构;培训机构,武侯区,104.003303,30.646333
成都市武侯区小龙人幼稚园,edu,科教文化服务;学校;幼儿园,武侯区,103.994235,30.641503
玛思特教育,edu,科教文化服务;培训机构;培训机构,武侯区,103.994795,30.64949
四川大学附属中学西区学校(南门),edu,科教文化服务;科教文化场所;科教文化场所,武侯区,103.995049,30.646741
晋阳培优教育中心,edu,科教文化服务;培训机构;培训机构,武侯区,103.997548,30.647475
南茜美容美发职业技能培训学校,edu,科教文化服务;培训机构;培训机构,武侯区,104.000085,30.643912
菲尼英语,edu,科教文化服务;培训机构;培训机构,武侯区,103.994756,30.649447
树童慧教育,edu,科教文化服务;培训机构;培训机构,武侯区,103.995014,30.647173
三藏素食文化馆,edu,科教文化服务;文化宫;文化宫,武侯区,104.008654,30.649506
成都市武侯区双丰社区文化活动室,edu,科教文化服务;文化宫;文化宫,武侯区,104.011585,30.64638
成都同昇文化传播有限公司,edu,科教文化服务;科教文化场所;科教文化场所,武侯区,104.007305,30.644079
成都煜星文化传播有限公司,edu,科教文化服务;科教文化场所;科教文化场所,武侯区,104.006142,30.640703
红牌楼街道综合文化活动中心,edu,科教文化服务;文化宫;文化宫,武侯区,104.011642,30.640884
成都屹豪体育文化传播有限公司,edu,科教文化服务;科教文化场所;科教文化场所,武侯区,104.011554,30.64098
成都市长乐盛世影视文化传播有限公司,edu,科教文化服务;科教文化场所;科教文化场所,武侯区,104.005897,30.645517
磨子桥小学分校,edu,科教文化服务;学校;小学,武侯区,104.004288,30.643534
金童幼稚园(双安西巷),edu,科教文化服务;学校;幼儿园,武侯区,104.013176,30.645755
锦熙时代酒店-会议厅,edu,科教文化服务;会展中心;会展中心,武侯区,104.006512,30.639726
成都卓乐幼稚园,edu,科教文化服务;学校;幼儿园,武侯区,104.005191,30.64338
迪塞尔博幼稚园,edu,科教文化服务;学校;幼儿园,武侯区,104.013516,30.646044
双丰实验幼稚园,edu,科教文化服务;学校;幼儿园,武侯区,104.012644,30.640426
西南肛肠病研究所,edu,科教文化服务;科研机构;科研机构,武侯区,104.012822,30.640047
西南胃肠医学研究院,edu,科教文化服务;科研机构;科研机构,武侯区,104.012596,30.639584
成都爱儿坊鹭岛国际社区幼儿园,edu,科教文化服务;学校;幼儿园,武侯区,104.011152,30.646398
乐时光教育,edu,科教文化服务;培训机构;培训机构,武侯区,104.005106,30.643138
森雨教育,edu,科教文化服务;培训机构;培训机构,武侯区,104.005037,30.643096
天宇驾校太平园分校,edu,科教文化服务;科教文化场所;科教文化场所,武侯区,104.004599,30.640164
西朗国际英语,edu,科教文化服务;培训机构;培训机构,武侯区,104.010763,30.648343
稚鸟儿童美术(鹭岛国际店),edu,科教文化服务;科教文化场所;科教文化场所,武侯区,104.009833,30.646078
优优数学(外双楠校区),edu,科教文化服务;培训机构;培训机构,武侯区,104.011902,30.643416
红牌楼街道办事处市民学校,edu,科教文化服务;学校;学校,武侯区,104.011583,30.640903
天天音画伊娃课堂,edu,科教文化服务;培训机构;培训机构,武侯区,104.009227,30.643738
嗨嗨美术,edu,科教文化服务;培训机构;培训机构,武侯区,104.012834,30.645157
可米可拉童话育乐园,edu,科教文化服务;培训机构;培训机构,武侯区,104.010022,30.645679
成都燃气设计院有限公司,edu,科教文化服务;科研机构;科研机构,武侯区,104.00569,30.641264
优优教育,edu,科教文化服务;培训机构;培训机构,武侯区,104.011922,30.643699
成鑫驾校(晋吉南路店),edu,科教文化服务;培训机构;培训机构,武侯区,104.005785,30.640386
成都中医大学退休专家指导单位,edu,科教文化服务;科教文化场所;科教文化场所,武侯区,104.013623,30.645167
珊瑚海国际少儿美术中心,edu,科教文化服务;培训机构;培训机构,武侯区,104.011255,30.643885
成都市武侯区联谊广厦幼儿园,edu,科教文化服务;学校;幼儿园,武侯区,104.005137,30.640006
i2国际私塾(鹭岛学习中心),edu,科教文化服务;培训机构;培训机构,武侯区,104.008277,30.647532
新隆基教育(新隆基教育总部),edu,科教文化服务;培训机构;培训机构,武侯区,104.004782,30.643087
成都蒲公英教育培训学校(栖霞路),edu,科教文化服务;培训机构;培训机构,武侯区,104.013642,30.643993
琢育国学院(鹭岛国际分院),edu,科教文化服务;培训机构;培训机构,武侯区,104.011204,30.643878
阿波罗智慧教育,edu,科教文化服务;培训机构;培训机构,武侯区,104.005812,30.646403
蜀优教育,edu,科教文化服务;培训机构;培训机构,武侯区,104.010817,30.648309
吴蜀传媒有限公司,edu,科教文化服务;科教文化场所;科教文化场所,武侯区,104.007032,30.644508
海川国术培训馆,edu,科教文化服务;科教文化场所;科教文化场所,武侯区,104.012289,30.643318
成都剑桥幼稚园,edu,科教文化服务;学校;幼儿园,武侯区,104.005191,30.643381
成都上乔文化传播有限公司,edu,科教文化服务;科教文化场所;科教文化场所,武侯区,104.019894,30.642175
培生文化教育双楠校区,edu,科教文化服务;培训机构;培训机构,武侯区,104.018139,30.642086
成都上之登文化传播有限公司,edu,科教文化服务;科教文化场所;科教文化场所,武侯区,104.020581,30.649191
成都已新体育文化传播有限公司,edu,科教文化服务;科教文化场所;科教文化场所,武侯区,104.017142,30.645051
成都鑫淼传奇体育文化传播有限公司,edu,科教文化服务;科教文化场所;科教文化场所,武侯区,104.01809,30.648235
成都伟度传扬文化传播有限公司,edu,科教文化服务;科教文化场所;科教文化场所,武侯区,104.01716,30.64271
星海学校,edu,科教文化服务;学校;学校,武侯区,104.019196,30.649301
棕北中学西区实验学校,edu,科教文化服务;学校;中学,武侯区,104.017426,30.644557
博艺琴行(龙阳街),edu,科教文化服务;培训机构;培训机构,武侯区,104.013988,30.648617
棕北中学西区小学部,edu,科教文化服务;学校;小学,武侯区,104.017561,30.646763
贝尔机器人儿童学院(双楠校区),edu,科教文化服务;学校;高等院校,武侯区,104.020581,30.649192
璟缘阁艺术馆,edu,科教文化服务;展览馆;展览馆,武侯区,104.018497,30.640224
天友国际酒店-会议厅,edu,科教文化服务;会展中心;会展中心,武侯区,104.020232,30.649223
成都市第十幼儿园,edu,科教文化服务;学校;幼儿园,武侯区,104.022044,30.648334
成都西南脑科医学研究院,edu,科教文化服务;科研机构;科研机构,武侯区,104.015789,30.640645
成都西南骨科医学研究院,edu,科教文化服务;科研机构;科研机构,武侯区,104.015779,30.640613
成都博大男科研究院,edu,科教文化服务;科研机构;科研机构,武侯区,104.019137,30.647296
成都飞鸟日语学校,edu,科教文化服务;科教文化场所;科教文化场所,武侯区,104.020587,30.649189
山水琴筝艺术中心,edu,科教文化服务;科教文化场所;科教文化场所,武侯区,104.022864,30.645586
成都行知幼稚园,edu,科教文化服务;学校;幼儿园,武侯区,104.014604,30.643005
棕北中学西区小学部(西门),edu,科教文化服务;学校;小学,武侯区,104.017365,30.647187
川武蓉功俱乐部,edu,科教文化服务;培训机构;培训机构,武侯区,104.014051,30.641051
卓越教育(双楠路),edu,科教文化服务;培训机构;培训机构,武侯区,104.022396,30.646404
成都川蜀静脉曲张研究院,edu,科教文化服务;科研机构;科研机构,武侯区,104.015613,30.641103
龙新教育,edu,科教文化服务;培训机构;培训机构,武侯区,104.020581,30.649191
城市学校少年宫(双楠美邻西),edu,科教文化服务;文化宫;文化宫,武侯区,104.017597,30.647021
戴氏教育(双楠路),edu,科教文化服务;培训机构;培训机构,武侯区,104.022396,30.646404
京翰教育(双楠校区),edu,科教文化服务;培训机构;培训机构,武侯区,104.022349,30.646324
美博教育(双楠路),edu,科教文化服务;培训机构;培训机构,武侯区,104.022396,30.646404
高新区魅舞秀舞蹈工作室,edu,科教文化服务;培训机构;培训机构,武侯区,104.018453,30.647206
语之花作文,edu,科教文化服务;培训机构;培训机构,武侯区,104.022396,30.646404
金色飞灵国际舞蹈学校,edu,科教文化服务;培训机构;培训机构,武侯区,104.022396,30.646404
易多英语,edu,科教文化服务;培训机构;培训机构,武侯区,104.020581,30.649191
财富双楠倍尓教育,edu,科教文化服务;培训机构;培训机构,武侯区,104.020694,30.649173
书之香专业家教,edu,科教文化服务;培训机构;培训机构,武侯区,104.022978,30.64537
英孚教育英语培训中心,edu,科教文化服务;培训机构;培训机构,武侯区,104.018874,30.647668
魅舞肚皮舞培训机构,edu,科教文化服务;培训机构;培训机构,武侯区,104.018366,30.646865
今朝教育,edu,科教文化服务;培训机构;培训机构,武侯区,104.023097,30.645428
玛利娅国际亲子教育中心,edu,科教文化服务;培训机构;培训机构,武侯区,104.022396,30.646405
新思维学校(双楠校区),edu,科教文化服务;培训机构;培训机构,武侯区,104.014037,30.641064
四川捷才教育,edu,科教文化服务;培训机构;培训机构,武侯区,104.020715,30.649161
锦辉钢琴教研工作室,edu,科教文化服务;培训机构;培训机构,武侯区,104.018433,30.647192
莱斯少儿英语学校,edu,科教文化服务;培训机构;培训机构,武侯区,104.020581,30.649192
智绘美术(双楠校区),edu,科教文化服务;培训机构;培训机构,武侯区,104.01538,30.644585
望子成龙学校(双楠校区),edu,科教文化服务;培训机构;培训机构,武侯区,104.02046,30.64915
李婷婷东方舞(肚皮舞)培训,edu,科教文化服务;培训机构;培训机构,武侯区,104.018469,30.647099
EF英孚教育英语培训中心(双楠伊藤中心),edu,科教文化服务;培训机构;培训机构,武侯区,104.01814,30.648258
迪斯尼英语(伊藤洋华堂双楠店),edu,科教文化服务;培训机构;培训机构,武侯区,104.018805,30.648653
仁和会计培训学校(双楠校区),edu,科教文化服务;培训机构;培训机构,武侯区,104.022396,30.646404
英孚教育成人英语(双楠伊藤中心),edu,科教文化服务;培训机构;培训机构,武侯区,104.01814,30.648258
贝尔机器人高手联盟(双楠校区),edu,科教文化服务;培训机构;培训机构,武侯区,104.020322,30.649205
天逸圣菲瑜伽普拉提肚皮舞瑜伽教练培训,edu,科教文化服务;培训机构;培训机构,武侯区,104.023278,30.646167
成都市武侯区红星幼儿园,edu,科教文化服务;学校;幼儿园,武侯区,104.020977,30.642289
京翰1对1中小学课外辅导专家(双楠路),edu,科教文化服务;培训机构;培训机构,武侯区,104.022396,30.646404
金色童年托管艺术中心,edu,科教文化服务;美术馆;美术馆,武侯区,104.018325,30.646124
武侯区会议中心,edu,科教文化服务;会展中心;会展中心,武侯区,104.02291,30.648957
御品普洱茶文化传播中心,edu,科教文化服务;传媒机构;传媒机构,武侯区,104.033352,30.641993
零玖视界文化传播有限公司,edu,科教文化服务;科教文化场所;科教文化场所,武侯区,104.026815,30.642407
成都市神采飞扬文化传媒有限公司,edu,科教文化服务;传媒机构;传媒机构,武侯区,104.025401,30.643699
原树当代舞蹈艺术空间,edu,科教文化服务;培训机构;培训机构,武侯区,104.024426,30.642389
芙蓉门,edu,科教文化服务;培训机构;培训机构,武侯区,104.032189,30.640073
成都石室双楠实验学校,edu,科教文化服务;学校;中学,武侯区,104.028372,30.647287
彭州市一中,edu,科教文化服务;学校;中学,武侯区,104.025249,30.643706
成都大地双语幼儿园,edu,科教文化服务;学校;幼儿园,武侯区,104.026669,30.644272
学大教育(双楠店),edu,科教文化服务;培训机构;培训机构,武侯区,104.027328,30.639709
武侯区社区学院双楠分院,edu,科教文化服务;学校;学校,武侯区,104.02838,30.647626
爱森堡幼儿园,edu,科教文化服务;学校;幼儿园,武侯区,104.033198,30.644017
春雨儿童教育中心,edu,科教文化服务;学校;幼儿园,武侯区,104.025652,30.649133
安安幼儿乐园,edu,科教文化服务;学校;幼儿园,武侯区,104.027098,30.648926
成都洋文堂学校,edu,科教文化服务;科教文化场所;科教文化场所,武侯区,104.02593,30.642286
红星美凯龙环球家居设计博览中心,edu,科教文化服务;展览馆;展览馆,武侯区,104.02787,30.640406
童童童教育(广福横街),edu,科教文化服务;培训机构;培训机构,武侯区,104.030008,30.641702
成都博仕胃肠病医学研究院,edu,科教文化服务;科研机构;科研机构,武侯区,104.028575,30.639724
四川电大学习中心,edu,科教文化服务;学校;成人教育,武侯区,104.023792,30.64646
育才学校,edu,科教文化服务;科教文化场所;科教文化场所,武侯区,104.023827,30.64642
武侯区国际象棋学校,edu,科教文化服务;科教文化场所;科教文化场所,武侯区,104.02386,30.646283
成都树才培训学校,edu,科教文化服务;培训机构;培训机构,武侯区,104.023784,30.646459
美博教育(总部),edu,科教文化服务;培训机构;培训机构,武侯区,104.025668,30.647411
新鼎兴会计培训,edu,科教文化服务;培训机构;培训机构,武侯区,104.023817,30.646414
成都石室双楠实验学校小学部,edu,科教文化服务;学校;小学,武侯区,104.027741,30.647155
川岳琴行,edu,科教文化服务;培训机构;培训机构,武侯区,104.027119,30.645754
知乐琴行(安居街),edu,科教文化服务;培训机构;培训机构,武侯区,104.027462,30.648776
黑马教育学校,edu,科教文化服务;培训机构;培训机构,武侯区,104.023924,30.646353
星海艺树教育·传媒,edu,科教文化服务;培训机构;培训机构,武侯区,104.027181,30.643651
王鹰吉他(双楠教学部),edu,科教文化服务;培训机构;培训机构,武侯区,104.027095,30.645794
武侯区双楠街道市民学习中心,edu,科教文化服务;科教文化场所;科教文化场所,武侯区,104.028381,30.647626
三余教育,edu,科教文化服务;培训机构;培训机构,武侯区,104.029688,30.647735
昂立外语,edu,科教文化服务;培训机构;培训机构,武侯区,104.028137,30.646409
懿腾青少年培训俱乐部,edu,科教文化服务;培训机构;培训机构,武侯区,104.031806,30.64145
新东方泡泡少儿教育,edu,科教文化服务;培训机构;培训机构,武侯区,104.033573,30.644959
新课标英语学校,edu,科教文化服务;培训机构;培训机构,武侯区,104.028726,30.646406
成都电视台指定健康顾问单位,edu,科教文化服务;科教文化场所;科教文化场所,武侯区,104.028739,30.639723
青晨音乐培训,edu,科教文化服务;培训机构;培训机构,武侯区,104.031638,30.643134
四川省书画考级武侯报名培训点,edu,科教文化服务;科教文化场所;科教文化场所,武侯区,104.024141,30.64611
普鲁特教育,edu,科教文化服务;培训机构;培训机构,武侯区,104.028383,30.642043
仁财会计教育(南门双楠店),edu,科教文化服务;培训机构;培训机构,武侯区,104.023923,30.646353
美迪英语(成都双楠校区),edu,科教文化服务;培训机构;培训机构,武侯区,104.024569,30.642216
美狐专业舞蹈培训机构(双楠店),edu,体育休闲服务;运动场馆;健身中心|科教文化服务;培训机构;培训机构,武侯区,104.027018,30.641351
成都深蓝国际象棋学校(双楠路),edu,科教文化服务;培训机构;培训机构,武侯区,104.023925,30.646352
成都天娇艺术培训基地(南门双楠校区),edu,科教文化服务;培训机构;培训机构,武侯区,104.02383,30.646362
德格西格曼展厅,edu,科教文化服务;科教文化场所;科教文化场所,武侯区,104.0279,30.640733
大山书画中心,edu,科教文化服务;科教文化场所;科教文化场所,武侯区,104.028097,30.648439
创意缘文化传媒,edu,科教文化服务;科教文化场所;科教文化场所,武侯区,104.035621,30.642011
雅之轩文化艺术中心,edu,科教文化服务;美术馆;美术馆,武侯区,104.037796,30.644698
一比文化传播有限公司,edu,科教文化服务;科教文化场所;科教文化场所,武侯区,104.040246,30.640417
成都格调文化传媒有限公司,edu,科教文化服务;科教文化场所;科教文化场所,武侯区,104.035621,30.642011
成都慈爱文化传播有限公司,edu,科教文化服务;科教文化场所;科教文化场所,武侯区,104.043565,30.640767
四川雪狼文化传播有限公司,edu,科教文化服务;科教文化场所;科教文化场所,武侯区,104.037264,30.648815
成都绿建文化传播有限公司,edu,科教文化服务;科教文化场所;科教文化场所,武侯区,104.038434,30.645556
四川一如文化传播有限公司,edu,科教文化服务;科教文化场所;科教文化场所,武侯区,104.039639,30.639467
武侯高新档案图书文化综合馆,edu,商务住宅;楼宇;商务写字楼|科教文化服务;图书馆;图书馆,武侯区,104.042083,30.640236
集思嘉和文化传播有限公司,edu,科教文化服务;科教文化场所;科教文化场所,武侯区,104.035621,30.642011
成都鬼马精灵文化传播,edu,科教文化服务;科教文化场所;科教文化场所,武侯区,104.037855,30.644507
成都小喵文化传播有限公司,edu,科教文化服务;科教文化场所;科教文化场所,武侯区,104.039441,30.644164
四川大唐盛世文化传播有限公司,edu,科教文化服务;科教文化场所;科教文化场所,武侯区,104.037855,30.644507
成都驼友文化传播有限公司,edu,科教文化服务;科教文化场所;科教文化场所,武侯区,104.038348,30.646857
成都天之视文化传播有限公司,edu,科教文化服务;科教文化场所;科教文化场所,武侯区,104.038248,30.641567
广福桥社区综合文化活动室(兴蓉南一巷),edu,科教文化服务;文化宫;文化宫,武侯区,104.034977,30.639921
成都艺飞扬文化传播有限责任公司,edu,科教文化服务;科教文化场所;科教文化场所,武侯区,104.037855,30.644507
北京盛世华堂国际文化传播(四川分公司),edu,科教文化服务;科教文化场所;科教文化场所,武侯区,104.034119,30.644716
四川毅华国际文化交流发展中心,edu,科教文化服务;科教文化场所;科教文化场所,武侯区,104.039441,30.644164
成都市迦入文化传播有限公司,edu,科教文化服务;科教文化场所;科教文化场所,武侯区,104.038087,30.641832
东方恋人婚礼文化传媒(四川)有限公司,edu,科教文化服务;传媒机构;传媒机构,武侯区,104.040281,30.640501
成都南山艺考文化集训基地,edu,科教文化服务;培训机构;培训机构,武侯区,104.038117,30.648296
四川省时代人车路文化传播有限公司,edu,科教文化服务;科教文化场所;科教文化场所,武侯区,104.036982,30.645816
武侯区青少年宫,edu,科教文化服务;文化宫;文化宫,武侯区,104.041659,30.63989
新迪艺校,edu,科教文化服务;学校;职业技术学校,武侯区,104.041659,30.63989
武侯区老年大学,edu,科教文化服务;文化宫;文化宫,武侯区,104.041659,30.63989
成都市红牌楼小学,edu,科教文化服务;学校;小学,武侯区,104.034092,30.641201
成都体育学院综合馆,edu,科教文化服务;学校;高等院校,武侯区,104.039616,30.647943
成都体育学院图书馆,edu,科教文化服务;图书馆;图书馆,武侯区,104.042448,30.648988
龙江路小学分校,edu,科教文化服务;学校;小学,武侯区,104.043521,30.644884
贝育幼儿园,edu,科教文化服务;学校;幼儿园,武侯区,104.034091,30.647582
好客大酒店-会议厅,edu,科教文化服务;会展中心;会展中心,武侯区,104.034655,30.641927
成都体育学院第二办公楼,edu,科教文化服务;学校;高等院校,武侯区,104.04294,30.648321
成都无线电工业学校,edu,科教文化服务;学校;高等院校,武侯区,104.038045,30.648059
成都体育学院-搏击教研室,edu,科教文化服务;学校;高等院校,武侯区,104.039785,30.647764
望子成龙学校(高升桥高升大夏校区),edu,科教文化服务;学校;学校|科教文化服务;培训机构;培训机构,武侯区,104.040032,30.644473
成都体育学院足球运动系,edu,科教文化服务;学校;高等院校,武侯区,104.042953,30.648313
成都电子职工大学,edu,科教文化服务;学校;成人教育,武侯区,104.03805,30.648062
成都体育学院档案馆,edu,科教文化服务;档案馆;档案馆,武侯区,104.042937,30.648442
新东方优能中学教育(广福桥巷),edu,科教文化服务;培训机构;培训机构,武侯区,104.033601,30.644869
华西社区报社区工作站,edu,科教文化服务;传媒机构;报社,武侯区,104.035376,30.643949
健康导报(高升桥发行站),edu,科教文化服务;传媒机构;报社,武侯区,104.038664,30.640435
武侯区社区学院(七道堰分校),edu,科教文化服务;学校;学校,武侯区,104.03552,30.644255
成都电大电子分校,edu,科教文化服务;学校;职业技术学校,武侯区,104.03805,30.648062
虹桥幼儿园,edu,科教文化服务;学校;幼儿园,武侯区,104.03457,30.640745
成都体育学院档案楼,edu,科教文化服务;学校;高等院校,武侯区,104.042936,30.648442
成都市红牌楼小学-成实外教育,edu,科教文化服务;学校;学校,武侯区,104.033619,30.640926
蜀泸大酒店(南门),edu,科教文化服务;学校;高等院校|通行设施;临街院门;临街院正门,武侯区,104.03585,30.645821
成都广播电视大学联创高升桥校区,edu,科教文化服务;学校;成人教育,武侯区,104.038122,30.644713
浆洗街街道办事处社区青少年活动中心,edu,科教文化服务;文化宫;文化宫,武侯区,104.041784,30.643787
成都体育学院档案馆,edu,科教文化服务;档案馆;档案馆,武侯区,104.042937,30.648442
新东方优能中学教育(广福桥巷),edu,科教文化服务;培训机构;培训机构,武侯区,104.033601,30.644869
成都体育学院附属体育医院博士后科研工作站,edu,科教文化服务;学校;高等院校,武侯区,104.04223,30.646032
健康号报,edu,科教文化服务;传媒机构;报社,武侯区,104.038335,30.640806
华西社区报社区工作站,edu,科教文化服务;传媒机构;报社,武侯区,104.035376,30.643949
健康导报(高升桥发行站),edu,科教文化服务;传媒机构;报社,武侯区,104.038664,30.640435
武侯区社区学院(七道堰分校),edu,科教文化服务;学校;学校,武侯区,104.03552,30.644255
中国美院考级中心,edu,科教文化服务;学校;学校,武侯区,104.03856,30.648013
彩虹幼儿园,edu,科教文化服务;学校;幼儿园,武侯区,104.035565,30.640085
成都电大电子分校,edu,科教文化服务;学校;职业技术学校,武侯区,104.03805,30.648062
虹桥幼儿园,edu,科教文化服务;学校;幼儿园,武侯区,104.03457,30.640745
成都威诺电子研究所,edu,科教文化服务;科研机构;科研机构,武侯区,104.039123,30.649432
成都体育学院档案楼,edu,科教文化服务;学校;高等院校,武侯区,104.042936,30.648442
成都市红牌楼小学-成实外教育,edu,科教文化服务;学校;学校,武侯区,104.033619,30.640926
蜀泸大酒店(南门),edu,科教文化服务;学校;高等院校|通行设施;临街院门;临街院正门,武侯区,104.03585,30.645821
成都广播电视大学联创高升桥校区,edu,科教文化服务;学校;成人教育,武侯区,104.038122,30.644713
浆洗街街道办事处社区青少年活动中心,edu,科教文化服务;文化宫;文化宫,武侯区,104.041784,30.643787
拾芳菁舍,edu,科教文化服务;科教文化场所;科教文化场所,武侯区,104.040581,30.640652
艺林舞蹈学校,edu,科教文化服务;培训机构;培训机构,武侯区,104.035598,30.643413
四川省农业广播电视学校成都市中心分校,edu,科教文化服务;学校;成人教育,武侯区,104.035679,30.646096
四川省九珍堂减肥保健研究所,edu,科教文化服务;科研机构;科研机构,武侯区,104.03853,30.644951
聚星吉他(高升桥民大店),edu,科教文化服务;科教文化场所;科教文化场所,武侯区,104.041037,30.640994
ata考试中心,edu,科教文化服务;科教文化场所;科教文化场所,武侯区,104.037435,30.648224
四川电视台峨眉电影频道,edu,科教文化服务;科教文化场所;科教文化场所,武侯区,104.041904,30.640079
成都电子照大中专校,edu,科教文化服务;科教文化场所;科教文化场所,武侯区,104.037475,30.648373
华西社区报社区工作站,edu,科教文化服务;科教文化场所;科教文化场所,武侯区,104.042016,30.639476
传技艺习人文,edu,科教文化服务;科教文化场所;科教文化场所,武侯区,104.040415,30.639487
成都体育学院-静园,edu,科教文化服务;科教文化场所;科教文化场所,武侯区,104.041068,30.64712
美星传媒,edu,科教文化服务;科教文化场所;科教文化场所,武侯区,104.038768,30.643448
乐帮排练室,edu,科教文化服务;培训机构;培训机构,武侯区,104.04037,30.640734
成都体育学院交流中心,edu,科教文化服务;科教文化场所;科教文化场所,武侯区,104.042958,30.648725
昂立国际教育(武侯区店),edu,科教文化服务;培训机构;培训机构,武侯区,104.038586,30.646842
成都市红牌楼小学-星海学校,edu,科教文化服务;培训机构;培训机构,武侯区,104.033619,30.640926
心田花开,edu,科教文化服务;培训机构;培训机构,武侯区,104.040754,30.641268
成都体育学院-环福网球俱乐部,edu,科教文化服务;培训机构;培训机构,武侯区,104.039594,30.649333
新梦想职业培训学校,edu,科教文化服务;培训机构;培训机构,武侯区,104.039083,30.649202
成梦教育中心,edu,科教文化服务;培训机构;培训机构,武侯区,104.040883,30.640419
成都宇越会计培训,edu,科教文化服务;培训机构;培训机构,武侯区,104.040883,30.640419
博沃思教育,edu,科教文化服务;培训机构;培训机构,武侯区,104.039708,30.64395
双楠围棋培训中心,edu,科教文化服务;培训机构;培训机构,武侯区,104.038229,30.645859
袁野舞蹈工作室,edu,科教文化服务;培训机构;培训机构,武侯区,104.041134,30.640779
北京四中网校,edu,科教文化服务;培训机构;培训机构,武侯区,104.040316,30.640117
悦厨培训学校,edu,科教文化服务;培训机构;培训机构,武侯区,104.038516,30.645453
华为培训,edu,科教文化服务;培训机构;培训机构,武侯区,104.035573,30.642066
新起点吉他培训,edu,科教文化服务;培训机构;培训机构,武侯区,104.040246,30.640417
山木英语培训中心,edu,科教文化服务;培训机构;培训机构,武侯区,104.041289,30.640246
省移动咪咕音乐中心,edu,科教文化服务;培训机构;培训机构,武侯区,104.036636,30.641992
山木培训,edu,科教文化服务;培训机构;培训机构,武侯区,104.041134,30.640779
成都恒博教育,edu,科教文化服务;培训机构;培训机构,武侯区,104.040938,30.640868
中德教育,edu,科教文化服务;培训机构;培训机构,武侯区,104.03943,30.644003
国际运动医学研究编辑部,edu,科教文化服务;传媒机构;传媒机构,武侯区,104.039171,30.648843
我的色彩美甲技能培训,edu,科教文化服务;培训机构;培训机构,武侯区,104.040754,30.641268
首席培训学校,edu,科教文化服务;培训机构;培训机构,武侯区,104.039823,30.639734
成都蓉博尔早教中心,edu,科教文化服务;培训机构;培训机构,武侯区,104.042649,30.640591
新起点音乐教室,edu,科教文化服务;培训机构;培训机构,武侯区,104.040281,30.640501
聚缘琴行,edu,科教文化服务;培训机构;培训机构,武侯区,104.040899,30.640189
育苗教育(兴蓉北街),edu,科教文化服务;培训机构;培训机构,武侯区,104.041305,30.639526
胡结续笛子艺术中心,edu,科教文化服务;培训机构;培训机构,武侯区,104.038122,30.644713
成都金口才培训学校,edu,科教文化服务;培训机构;培训机构,武侯区,104.038579,30.641405
溢华教育,edu,科教文化服务;培训机构;培训机构,武侯区,104.040778,30.640557
成都华数培训中心,edu,科教文化服务;培训机构;培训机构,武侯区,104.038543,30.648434
望子成龙学校(武侯祠大街),edu,科教文化服务;培训机构;培训机构,武侯区,104.040098,30.643806
成都星艺化妆培训学校,edu,科教文化服务;培训机构;培训机构,武侯区,104.040588,30.640666
武侯区社区学院七道堰分校办公室,edu,科教文化服务;科教文化场所;科教文化场所,武侯区,104.035349,30.643936
翼飞·鼎峰教育,edu,科教文化服务;培训机构;培训机构,武侯区,104.038234,30.644817
先知教育,edu,科教文化服务;培训机构;培训机构,武侯区,104.040827,30.640922
三国文化陈列馆,edu,科教文化服务;展览馆;展览馆,武侯区,104.046047,30.647406
尚东文化传播公司,edu,科教文化服务;科教文化场所;科教文化场所,武侯区,104.053155,30.643374
蜀一文化传播公司,edu,科教文化服务;科教文化场所;科教文化场所,武侯区,104.053155,30.643374
成都慈爱文化传播有限公司,edu,科教文化服务;科教文化场所;科教文化场所,武侯区,104.043565,30.640767
成都国轩文化传播有限公司,edu,科教文化服务;科教文化场所;科教文化场所,武侯区,104.052338,30.644427
南京柯南文化传播有限公司,edu,科教文化服务;科教文化场所;科教文化场所,武侯区,104.044048,30.640315
成都三声石文化传播有限公司,edu,科教文化服务;科教文化场所;科教文化场所,武侯区,104.043608,30.640331
武侯区浆洗街街道民族文化之家,edu,科教文化服务;文化宫;文化宫,武侯区,104.05281,30.642208
四川省藏传佛教文化研究会咨询部,edu,科教文化服务;科研机构;科研机构,武侯区,104.043793,30.641561
桑铂扎文化传播有限责任公司,edu,科教文化服务;传媒机构;传媒机构,武侯区,104.045063,30.643083
西南民族大学,edu,科教文化服务;学校;高等院校,武侯区,104.04751,30.641322
成都武侯祠博物馆,edu,科教文化服务;博物馆;博物馆,武侯区,104.045528,30.648553
三星堆艺术馆,edu,科教文化服务;展览馆;展览馆|科教文化服务;美术馆;美术馆,武侯区,104.045461,30.646298
四川广播电视台第6频道,edu,科教文化服务;传媒机构;传媒机构,武侯区,104.043857,30.646827
成都西北中学,edu,科教文化服务;学校;中学,武侯区,104.051623,30.645826
民族博物馆(和合大道),edu,科教文化服务;博物馆;博物馆,武侯区,104.046714,30.64196
水烟博物馆,edu,科教文化服务;博物馆;博物馆,武侯区,104.045536,30.648613
西南民族大学-招生就业处,edu,科教文化服务;学校;高等院校,武侯区,104.04901,30.642854
四川省交通厅公路设计研究院,edu,科教文化服务;科研机构;科研机构,武侯区,104.04713,30.64634
西南民族大学-第一教学楼,edu,科教文化服务;学校;高等院校,武侯区,104.046378,30.639982
西南民族大学图书馆,edu,科教文化服务;图书馆;图书馆,武侯区,104.044952,30.640949
西南民族大学-行政大楼,edu,科教文化服务;学校;高等院校,武侯区,104.050001,30.642366
西南科技大学成教经贸校区,edu,科教文化服务;学校;高等院校,武侯区,104.043973,30.642329
星空商学院,edu,科教文化服务;学校;高等院校,武侯区,104.043857,30.64683
西南民族大学-第一演讲厅,edu,科教文化服务;学校;高等院校,武侯区,104.045976,30.640358
蜀山画院锦里艺术馆,edu,科教文化服务;美术馆;美术馆,武侯区,104.044886,30.649305
四川省商务学校(武侯校区),edu,科教文化服务;学校;职业技术学校,武侯区,104.043974,30.642331
西南民族大学档案馆,edu,科教文化服务;档案馆;档案馆,武侯区,104.04619,30.641806
四川省化学工业研究设计院,edu,科教文化服务;科研机构;科研机构,武侯区,104.052488,30.648153
西南民族大学-第一实验楼,edu,科教文化服务;学校;高等院校,武侯区,104.047334,30.640186
西南民族大学-第三教学楼,edu,科教文化服务;学校;高等院校,武侯区,104.047658,30.641256
西南民族大学-第二教学楼,edu,科教文化服务;学校;高等院校,武侯区,104.04551,30.641498
四川广播电视大学时代工商学院,edu,科教文化服务;学校;成人教育,武侯区,104.044211,30.639884
四川公路工程设计院,edu,科教文化服务;科研机构;科研机构,武侯区,104.045186,30.644893
西南民族大学-第二实验楼,edu,科教文化服务;学校;高等院校,武侯区,104.048028,30.640474
西南民族大学爱国卫生运动委员会,edu,科教文化服务;科教文化场所;科教文化场所,武侯区,104.045053,30.640396
四川省冶金地质技工学校,edu,科教文化服务;学校;职业技术学校,武侯区,104.043974,30.642331
一诺口腔医学研究院,edu,科教文化服务;科研机构;科研机构,武侯区,104.047584,30.646816
爱莎贝儿职业技能培训学校,edu,科教文化服务;培训机构;培训机构,武侯区,104.044426,30.639773
中航工业成都飞机设计研究所(武侯祠大街),edu,科教文化服务;科研机构;科研机构,武侯区,104.049829,30.648756
阿斯顿社区美语俱乐部,edu,科教文化服务;培训机构;培训机构,武侯区,104.051749,30.640636
涞恩舞蹈工作室,edu,科教文化服务;培训机构;培训机构,武侯区,104.05229,30.642343
四川省经济贸易学校市场营销,edu,科教文化服务;科教文化场所;科教文化场所,武侯区,104.044119,30.642195
爱慧培训中心,edu,科教文化服务;培训机构;培训机构,武侯区,104.046178,30.646202
西南民族大学-美迪教育,edu,科教文化服务;培训机构;培训机构,武侯区,104.052018,30.641057
西南民族大学-章中祥新闻采集,edu,科教文化服务;科教文化场所;科教文化场所,武侯区,104.049792,30.640416
阿斯顿英语(洗面桥校区),edu,科教文化服务;培训机构;培训机构,武侯区,104.051635,30.641307
四川广播电视台五二〇台,edu,科教文化服务;传媒机构;电视台,武侯区,104.049615,30.643249
小书童教育(武侯祠学习中心),edu,科教文化服务;培训机构;培训机构,武侯区,104.052638,30.648166
西南民族大学成人教育综合楼,edu,科教文化服务;学校;学校,武侯区,104.044706,30.639684
成都商报·商众销售管理部,edu,科教文化服务;科教文化场所;科教文化场所,武侯区,104.053055,30.643035
西南民族大学-研究生楼,edu,科教文化服务;学校;学校,武侯区,104.046232,30.642685
四川省冶金地质技工学校,edu,科教文化服务;学校;职业技术学校,武侯区,104.043974,30.642331
成都商报·商众客户接待中心,edu,科教文化服务;科教文化场所;科教文化场所,武侯区,104.053055,30.643035
成都商报·商众车险销售中心,edu,科教文化服务;科教文化场所;科教文化场所,武侯区,104.053055,30.643035
一诺口腔医学研究院,edu,科教文化服务;科研机构;科研机构,武侯区,104.047584,30.646816
成都华西儿童保健研究所,edu,科教文化服务;科研机构;科研机构,武侯区,104.051948,30.642577
省公路设计院后勤,edu,科教文化服务;科教文化场所;科教文化场所,武侯区,104.046862,30.64585
学大教育(成都浆洗街校区),edu,科教文化服务;培训机构;培训机构,武侯区,104.052383,30.641567
驾校(武侯分校),edu,科教文化服务;科教文化场所;科教文化场所,武侯区,104.04815,30.643965
规划勘查设计研究院,edu,科教文化服务;科教文化场所;科教文化场所,武侯区,104.046862,30.64585
广播电视厅,edu,科教文化服务;科教文化场所;科教文化场所,武侯区,104.04916,30.643501
爱莎贝儿职业技能培训学校,edu,科教文化服务;培训机构;培训机构,武侯区,104.044426,30.639773
中航工业成都飞机设计研究所(武侯祠大街),edu,科教文化服务;科研机构;科研机构,武侯区,104.049829,30.648756
中航工业燃气涡轮研究院,edu,科教文化服务;科教文化场所;科教文化场所,武侯区,104.04827,30.645451
四川省广播电视厅五二零台,edu,科教文化服务;科教文化场所;科教文化场所,武侯区,104.049578,30.643308
阿斯顿社区美语俱乐部,edu,科教文化服务;培训机构;培训机构,武侯区,104.051749,30.640636
四川大学华西校区公共卫生科教楼,edu,科教文化服务;学校;学校,武侯区,104.061927,30.642782
南冶文化传播,edu,科教文化服务;传媒机构;传媒机构,武侯区,104.05829,30.648716
成都伊人文化传媒有限公司,edu,科教文化服务;科教文化场所;科教文化场所,武侯区,104.062902,30.648103
成都博艺轩文化传播有限公司,edu,科教文化服务;科教文化场所;科教文化场所,武侯区,104.053947,30.648637
天骄四点半文化艺术学校,edu,科教文化服务;学校;职业技术学校,武侯区,104.056189,30.640322
素友网旗下素食商城素友网素食文化传播中心,edu,科教文化服务;科教文化场所;科教文化场所,武侯区,104.053983,30.640505
四川大学华西校区临床医学院,edu,科教文化服务;学校;高等院校,武侯区,104.060234,30.645356
成都市礼仪职业中学(西区),edu,科教文化服务;学校;职业技术学校,武侯区,104.057876,30.646711
红专西路小学,edu,科教文化服务;学校;小学,武侯区,104.05939,30.647409
中国口腔医学博物馆,edu,科教文化服务;博物馆;博物馆,武侯区,104.062509,30.645091
锦里小学,edu,科教文化服务;学校;小学,武侯区,104.055183,30.64849
成都石室锦城外国语学校,edu,科教文化服务;学校;中学,武侯区,104.06168,30.646796
四川大学华西口腔健康教育博物馆,edu,科教文化服务;博物馆;博物馆,武侯区,104.063087,30.646071
成都市礼仪职业中学,edu,科教文化服务;学校;中学,武侯区,104.058009,30.646355
四川大学华西校区西区,edu,科教文化服务;学校;高等院校,武侯区,104.061647,30.644698
锦里小学-凉水井街小学,edu,科教文化服务;学校;小学,武侯区,104.054674,30.648191
四川省农业厅机关幼儿园,edu,科教文化服务;学校;幼儿园,武侯区,104.054661,30.645267
成都市美术职业中专学校,edu,科教文化服务;学校;职业技术学校,武侯区,104.057876,30.646711
四川大学华西口腔医学院,edu,科教文化服务;学校;高等院校,武侯区,104.062988,30.643965
四川大学华西校区华西临床医学院,edu,科教文化服务;学校;高等院校,武侯区,104.060728,30.644477
西华大学动画艺术学院办事处,edu,科教文化服务;科教文化场所;科教文化场所,武侯区,104.058486,30.648642
四川大学华西校区成人教育学院,edu,科教文化服务;学校;成人教育,武侯区,104.062203,30.643685
四川大学华西校区第7教学楼,edu,科教文化服务;学校;学校,武侯区,104.061231,30.643107
四川大学华西校区第8教学楼,edu,科教文化服务;学校;学校,武侯区,104.060737,30.64448
龙文教育(浆洗校区),edu,科教文化服务;培训机构;培训机构,武侯区,104.056717,30.64822
华西医院行政办公区水塔楼,edu,科教文化服务;学校;高等院校,武侯区,104.061207,30.644949
四川大学华西校区西区法医楼,edu,科教文化服务;学校;学校,武侯区,104.06072,30.643523
四川大学华西校区公共卫生学院,edu,科教文化服务;学校;高等院校,武侯区,104.061931,30.642783
四川大学华西校区国家药品临床研究基地,edu,科教文化服务;科研机构;科研机构,武侯区,104.060241,30.645388
四川大学华西校区法医教学楼,edu,科教文化服务;学校;高等院校,武侯区,104.060915,30.64366
天使宾馆-会议中心,edu,科教文化服务;会展中心;会展中心,武侯区,104.055949,30.640104
新东方学校(浆洗街总部),edu,科教文化服务;培训机构;培训机构,武侯区,104.05449,30.643621
广益会堂,edu,科教文化服务;会展中心;会展中心,武侯区,104.055948,30.640106
四川大学华西校区临床医学教学楼,edu,科教文化服务;学校;高等院校,武侯区,104.060502,30.643845
四川大学华西校区口腔医院临床教学楼,edu,科教文化服务;学校;学校,武侯区,104.063155,30.645637
四川省农业广播电视学校,edu,科教文化服务;学校;成人教育,武侯区,104.0545,30.64776
四川大学华西公共卫生学院报告厅,edu,科教文化服务;学校;高等院校,武侯区,104.061185,30.643827
华西医大临床医学院,edu,科教文化服务;学校;高等院校,武侯区,104.061822,30.644702
四川大学华西校区西区院史陈列馆,edu,科教文化服务;展览馆;展览馆,武侯区,104.061497,30.644659
大者杂志社,edu,科教文化服务;传媒机构;杂志社,武侯区,104.063393,30.648546
成都师范学院图书馆,edu,科教文化服务;图书馆;图书馆,武侯区,104.062702,30.639554
成都市交通发展研究院,edu,科教文化服务;科研机构;科研机构,武侯区,104.054061,30.643086
西南白癜风研究院,edu,科教文化服务;科研机构;科研机构,武侯区,104.05799,30.648404
农业广播电视学院(武侯校区),edu,科教文化服务;学校;成人教育,武侯区,104.054328,30.647709
四川大学华西公共卫生学院(华西第四医院)职业危害评价与职业健康监护中心,edu,科教文化服务;学校;高等院校,武侯区,104.061404,30.643731
四川大学华西校区口腔医学博物馆,edu,科教文化服务;博物馆;博物馆,武侯区,104.062388,30.645095
四川大学华西校区职业技术学院,edu,科教文化服务;学校;职业技术学校,武侯区,104.062208,30.643689
明宇尚雅饭店临江西路店-会议厅,edu,科教文化服务;会展中心;会展中心,武侯区,104.061566,30.648639
黉门艺术团,edu,科教文化服务;文艺团体;文艺团体,武侯区,104.05619,30.640323
四川大学华西校区公共卫生学院分析测试中心,edu,科教文化服务;科研机构;科研机构,武侯区,104.061065,30.643858
成都师范学院图书馆,edu,科教文化服务;图书馆;图书馆,武侯区,104.062702,30.639554
成都市交通发展研究院,edu,科教文化服务;科研机构;科研机构,武侯区,104.054061,30.643086
西昌学院成人高等教育学院,edu,科教文化服务;学校;成人教育,武侯区,104.054328,30.647709
西南白癜风研究院,edu,科教文化服务;科研机构;科研机构,武侯区,104.05799,30.648404
农业广播电视学院(武侯校区),edu,科教文化服务;学校;成人教育,武侯区,104.054328,30.647709
四川大学华西公共卫生学院(华西第四医院)职业危害评价与职业健康监护中心,edu,科教文化服务;学校;高等院校,武侯区,104.061404,30.643731
国网电力科学研究院,edu,科教文化服务;科研机构;科研机构,武侯区,104.062055,30.648717
四川大学华西校区口腔医学博物馆,edu,科教文化服务;博物馆;博物馆,武侯区,104.062388,30.645095
四川大学华西校区职业技术学院,edu,科教文化服务;学校;职业技术学校,武侯区,104.062208,30.643689
明宇尚雅饭店临江西路店-会议厅,edu,科教文化服务;会展中心;会展中心,武侯区,104.061566,30.648639
黉门艺术团,edu,科教文化服务;文艺团体;文艺团体,武侯区,104.05619,30.640323
四川大学华西校区公共卫生学院分析测试中心,edu,科教文化服务;科研机构;科研机构,武侯区,104.061065,30.643858
河北恒爱艺术团,edu,科教文化服务;文艺团体;文艺团体,武侯区,104.059855,30.647492
四川草原杂志社,edu,科教文化服务;传媒机构;杂志社,武侯区,104.054044,30.648306
四川省经济法律研究会,edu,科教文化服务;科研机构;科研机构,武侯区,104.053983,30.643093
中国汉嘉设计集团西南设计院,edu,科教文化服务;科研机构;科研机构,武侯区,104.062911,30.64839
成都锦江中草药研究所,edu,科教文化服务;科研机构;科研机构,武侯区,104.058732,30.648381
艮岳舞蹈艺术中心(浆洗街校区),edu,科教文化服务;美术馆;美术馆,武侯区,104.054601,30.64403
菲比舞蹈工作室,edu,科教文化服务;培训机构;培训机构|体育休闲服务;运动场馆;运动场所,武侯区,104.054813,30.644412
金硕果·红专西路幼儿园,edu,科教文化服务;学校;幼儿园,武侯区,104.059226,30.647108
四川省预防医学科学研究院,edu,科教文化服务;科研机构;科研机构,武侯区,104.05867,30.641184
四川大学华西校区西区口腔基础学系,edu,科教文化服务;学校;高等院校,武侯区,104.062904,30.643963
四川大学华西校区继续教育学院,edu,科教文化服务;学校;成人教育,武侯区,104.062208,30.643689
卫生学校(电信路校区),edu,科教文化服务;学校;职业技术学校,武侯区,104.058593,30.640926
四川大学华西校区西区口腔教学楼,edu,科教文化服务;学校;学校,武侯区,104.062904,30.643964
Fab街舞,edu,科教文化服务;培训机构;培训机构,武侯区,104.0546,30.644032
四川大学华西校区西区口腔颌面外科学系,edu,科教文化服务;学校;高等院校,武侯区,104.062904,30.643963
成都晟铭国际象棋培训班,edu,科教文化服务;培训机构;培训机构,武侯区,104.053974,30.643093
四川大学华西校区预防医学研究所,edu,科教文化服务;科研机构;科研机构,武侯区,104.061332,30.643089
四川大学华西校区继续教育研究所,edu,科教文化服务;科研机构;科研机构,武侯区,104.062208,30.643689
四川大学华西校区西区口腔内科系,edu,科教文化服务;学校;高等院校,武侯区,104.062904,30.643963
博而思教育(武侯祠大街),edu,科教文化服务;培训机构;培训机构,武侯区,104.05638,30.648628
云动传媒,edu,科教文化服务;科教文化场所;科教文化场所,武侯区,104.054395,30.643089
省农科院(黉门街店),edu,科教文化服务;科教文化场所;科教文化场所,武侯区,104.058324,30.648202
成都产品研发中心,edu,科教文化服务;科教文化场所;科教文化场所,武侯区,104.062902,30.648103
临床检验科,edu,科教文化服务;科教文化场所;科教文化场所,武侯区,104.062903,30.642122
晟扬幼教联盟,edu,科教文化服务;科教文化场所;科教文化场所,武侯区,104.05489,30.643742
金色红专幼儿园,edu,科教文化服务;学校;幼儿园,武侯区,104.059047,30.646988
新东方百丽8层教学区,edu,科教文化服务;科教文化场所;科教文化场所,武侯区,104.053854,30.644164
成都文旅产品研发中心,edu,科教文化服务;科教文化场所;科教文化场所,武侯区,104.054152,30.642954
省教科所,edu,科教文化服务;科教文化场所;科教文化场所,武侯区,104.060602,30.64136
深圳梦想传媒,edu,科教文化服务;科教文化场所;科教文化场所,武侯区,104.062033,30.641058
师徒同达,edu,科教文化服务;科教文化场所;科教文化场所,武侯区,104.063159,30.646797
四川省交通厅公路勘察设计研究院,edu,科教文化服务;科研机构;科研机构,武侯区,104.054395,30.643089
四川大学华西校区西区口腔修复学系,edu,科教文化服务;学校;高等院校,武侯区,104.062904,30.643963
RACS/RIS应用研究中心(综合门诊楼),edu,科教文化服务;科研机构;科研机构,武侯区,104.058957,30.644044
四川省普通话考试中心,edu,科教文化服务;科教文化场所;科教文化场所,武侯区,104.058579,30.648617
川影青春艺考教育,edu,科教文化服务;培训机构;培训机构,武侯区,104.05638,30.648629
爱倍爱加倍教育,edu,科教文化服务;培训机构;培训机构,武侯区,104.05638,30.648629
成都脊椎疾病研究所,edu,科教文化服务;科研机构;科研机构,武侯区,104.056886,30.648542
四川省核医学重点实验室(综合门诊楼),edu,科教文化服务;科研机构;科研机构,武侯区,104.058984,30.644126
四川大学华西口腔疫病国家重点实验室,edu,科教文化服务;科研机构;科研机构,武侯区,104.062677,30.644257
培贝体智能开发中心,edu,科教文化服务;培训机构;培训机构,武侯区,104.05621,30.647537
四川大学华西校区西区研究所,edu,科教文化服务;科研机构;科研机构,武侯区,104.060787,30.643497
四川大学华西校区西区-华西期刊社,edu,科教文化服务;传媒机构;杂志社,武侯区,104.060921,30.645053
四川大学华西公共卫生学院分析测试中心,edu,科教文化服务;科研机构;科研机构,武侯区,104.061097,30.643829
成都植物神经研究所,edu,科教文化服务;科研机构;科研机构,武侯区,104.056886,30.648542
全国高等法医学教育研究会,edu,科教文化服务;科研机构;科研机构,武侯区,104.060684,30.643554
易多英语(浆洗街),edu,科教文化服务;培训机构;培训机构,武侯区,104.056637,30.648366
皇伽舞院,edu,科教文化服务;培训机构;培训机构,武侯区,104.05638,30.648629
四川诚视传媒有限公司,edu,科教文化服务;科教文化场所;科教文化场所,武侯区,104.053604,30.642134
成都传媒集团电视广告中心,edu,科教文化服务;传媒机构;传媒机构,武侯区,104.062911,30.64839
四川省药品不良反应检测中心华西医院技术中心,edu,科教文化服务;学校;高等院校,武侯区,104.061497,30.644659
零点艺考,edu,科教文化服务;培训机构;培训机构,武侯区,104.05638,30.648629
华夏艺校(武侯祠大街),edu,科教文化服务;培训机构;培训机构,武侯区,104.05638,30.648628
名师高徒教育,edu,科教文化服务;培训机构;培训机构,武侯区,104.05638,30.648629
新华亿母婴职业技能培训学校,edu,科教文化服务;学校;职业技术学校,武侯区,104.063026,30.640469
优优托管中心,edu,科教文化服务;培训机构;培训机构,武侯区,104.054604,30.640236
四川大学华西校区西区循征医学与流行病学研中心,edu,科教文化服务;科研机构;科研机构,武侯区,104.061497,30.644659
四川大学网络教育学院校外学习中心,edu,科教文化服务;学校;成人教育,武侯区,104.054461,30.647702
润心教育,edu,科教文化服务;培训机构;培训机构,武侯区,104.054658,30.640273
街舞爵士舞培训,edu,科教文化服务;培训机构;培训机构,武侯区,104.058013,30.648711
甄翔艺考教育,edu,科教文化服务;培训机构;培训机构,武侯区,104.053983,30.643094
世纪自强教育,edu,科教文化服务;培训机构;培训机构,武侯区,104.054495,30.64324
四川新华科学院学习中心西南科技大学网络教育中心簧门社区教学点,edu,科教文化服务;学校;职业技术学校,武侯区,104.056073,30.6404
教育学园,edu,科教文化服务;培训机构;培训机构,武侯区,104.061621,30.639826
四川教育年鉴编辑部,edu,科教文化服务;传媒机构;杂志社,武侯区,104.060337,30.641405
贝特托管,edu,科教文化服务;培训机构;培训机构,武侯区,104.058422,30.648573
E&Q毅优国际教育,edu,科教文化服务;培训机构;培训机构,武侯区,104.054122,30.643024
艺缘美术培训,edu,科教文化服务;培训机构;培训机构,武侯区,104.057687,30.641067
学海无忧教育,edu,科教文化服务;培训机构;培训机构,武侯区,104.056627,30.648409
杨娟国际肚皮舞学校,edu,科教文化服务;培训机构;培训机构,武侯区,104.056655,30.648619
成都鑫鸿劳动职业技能培训学校,edu,科教文化服务;学校;职业技术学校,武侯区,104.054205,30.642966
吉的堡少儿英语(浆洗街),edu,科教文化服务;培训机构;培训机构,武侯区,104.055871,30.647324
北大青鸟博雅教育,edu,科教文化服务;培训机构;培训机构,武侯区,104.058622,30.648653
四川西南心理咨询师培训中心,edu,科教文化服务;培训机构;培训机构,武侯区,104.060777,30.644455
继续医学教育发展培训中心,edu,科教文化服务;培训机构;培训机构,武侯区,104.062275,30.643617
四川大学华西校区西区多功能会议厅,edu,科教文化服务;会展中心;会展中心,武侯区,104.059903,30.644171
百丽大厦8楼口语学习中心,edu,科教文化服务;培训机构;培训机构,武侯区,104.053824,30.644221
四川大学药学科教楼,edu,科教文化服务;学校;学校,武侯区,104.06781,30.640155
四川大学武术文化研究所,edu,科教文化服务;科研机构;科研机构,武侯区,104.065696,30.642709
成都白屋文化传播有限公司,edu,科教文化服务;科教文化场所;科教文化场所,武侯区,104.073415,30.646237
成都蜀派文化传播公司,edu,科教文化服务;科教文化场所;科教文化场所,武侯区,104.064401,30.641385
四川大学华西校区东区-四川艺网无亟文化传播有限公司,edu,科教文化服务;传媒机构;传媒机构|公司企业;公司;公司,武侯区,104.069627,30.639847
成都盛捷江畔服务公寓-会议厅,edu,科教文化服务;会展中心;会展中心,武侯区,104.064541,30.648445
四川大学海外教育学院出国留学预科教育中心行政办公区,edu,科教文化服务;学校;高等院校,武侯区,104.06897,30.640002
四川大学海外教育学院出国留学预科教育中心(南虹村东),edu,科教文化服务;学校;高等院校,武侯区,104.069344,30.639982
成都新华亿母婴护理服务有限公司/成都新华亿母婴服务培训中心,edu,科教文化服务;培训机构;培训机构,武侯区,104.063642,30.640598
成都杨娟肚皮舞培训学校,edu,科教文化服务;培训机构;培训机构,武侯区,104.073087,30.64625
清华大学出版社,edu,科教文化服务;传媒机构;出版社,武侯区,104.064498,30.641252
龙江路小学,edu,科教文化服务;学校;小学,武侯区,104.069094,30.647686
四川大学海外教育学院,edu,科教文化服务;学校;高等院校,武侯区,104.069441,30.640505
华西小学,edu,科教文化服务;学校;小学,武侯区,104.07032,30.640912
四川大学华西医学中心,edu,科教文化服务;学校;高等院校,武侯区,104.065902,30.644746
四川攀枝花规划建筑设计研究院,edu,科教文化服务;科研机构;科研机构,武侯区,104.072961,30.64183
龙江路小学(南区),edu,科教文化服务;学校;小学,武侯区,104.068955,30.64561
四川大学华西校区东区,edu,科教文化服务;学校;高等院校,武侯区,104.067332,30.642286
四川大学华西药学院,edu,科教文化服务;学校;高等院校,武侯区,104.06781,30.640155
华西协合大学牙科楼,edu,科教文化服务;学校;学校,武侯区,104.065278,30.64324
四川大学华西校区第1教学楼,edu,科教文化服务;学校;学校,武侯区,104.067285,30.642489
川大后勤集团修缮中心华西接待室,edu,科教文化服务;学校;高等院校,武侯区,104.068939,30.64244
中国医学科学院华西分院,edu,科教文化服务;学校;高等院校,武侯区,104.067239,30.643107
四川大学营养运动与心身健康专委会,edu,科教文化服务;学校;高等院校,武侯区,104.065696,30.642709
四川大学华西校区,edu,科教文化服务;学校;高等院校,武侯区,104.064609,30.643874
四川大学信息管理中心,edu,科教文化服务;学校;高等院校,武侯区,104.066352,30.644057
四川大学华西校区电视网络管理办公室,edu,科教文化服务;学校;高等院校,武侯区,104.066238,30.643146
四川大学华西校区第4教学楼,edu,科教文化服务;学校;学校,武侯区,104.065285,30.643243
四川大学华西校区办公楼,edu,科教文化服务;学校;学校,武侯区,104.065895,30.644744
四川大学华西校区第9教学楼,edu,科教文化服务;学校;学校,武侯区,104.066543,30.643201
四川大学华西校区第3教学楼,edu,科教文化服务;学校;学校,武侯区,104.067283,30.643201
四川大学药物研究所,edu,科教文化服务;科研机构;科研机构,武侯区,104.06781,30.640155
四川大学华西校区第6教学楼,edu,科教文化服务;学校;学校,武侯区,104.067321,30.641935
四川大学华西校区第2教学楼,edu,科教文化服务;学校;学校,武侯区,104.066596,30.64251
四川大学华西校区第5教学楼,edu,科教文化服务;学校;学校,武侯区,104.064827,30.644695
四川大学华西校区第10教学楼,edu,科教文化服务;学校;学校,武侯区,104.066522,30.641903
四川大学华西逸夫基础医学楼,edu,科教文化服务;学校;学校,武侯区,104.064554,30.644245
四川大学华西校区中药标本楼,edu,科教文化服务;学校;学校,武侯区,104.065285,30.641036
四川大学华西基础医学与法医学院,edu,科教文化服务;学校;高等院校,武侯区,104.064574,30.644226
四川大学生命科学学院(校中路),edu,科教文化服务;学校;高等院校,武侯区,104.067135,30.643361
四川大学华西医科大学实验动物楼,edu,科教文化服务;学校;学校,武侯区,104.067375,30.640116
四川大学生命教育与健康促进中心,edu,科教文化服务;学校;高等院校,武侯区,104.065817,30.642888
四川大学生物治疗国家重点实验室生物楼,edu,科教文化服务;学校;学校,武侯区,104.069054,30.640279
四川大学出版社学子书店华西教材发行点,edu,科教文化服务;学校;高等院校,武侯区,104.067051,30.640383
四川大学华西校区老图书馆,edu,科教文化服务;图书馆;图书馆,武侯区,104.068017,30.644685
四川大学华西基础医学与法医学院同位素室,edu,科教文化服务;学校;高等院校,武侯区,104.064688,30.644697
婴贝儿早教中心,edu,科教文化服务;学校;幼儿园,武侯区,104.071929,30.64287
盐道街中学,edu,科教文化服务;学校;中学,锦江区,104.068644,30.649228
成都南山培训学校(致民路校区),edu,科教文化服务;培训机构;培训机构,武侯区,104.07322,30.646073
四川大学华西医学展览馆,edu,科教文化服务;展览馆;展览馆,武侯区,104.068017,30.644685
四川大学出版社学子书店华西教材发行点,edu,科教文化服务;学校;高等院校,武侯区,104.067051,30.640383
四川大学华西校区老图书馆,edu,科教文化服务;图书馆;图书馆,武侯区,104.068017,30.644685
四川大学华西基础医学与法医学院同位素室,edu,科教文化服务;学校;高等院校,武侯区,104.064688,30.644697
婴贝儿早教中心,edu,科教文化服务;学校;幼儿园,武侯区,104.071929,30.64287
盐道街中学,edu,科教文化服务;学校;中学,锦江区,104.068644,30.649228
四川省人工晶体研究所,edu,科教文化服务;科研机构;科研机构,武侯区,104.068673,30.645314
成都南山培训学校(致民路校区),edu,科教文化服务;培训机构;培训机构,武侯区,104.07322,30.646073
四川大学华西医学展览馆,edu,科教文化服务;展览馆;展览馆,武侯区,104.068017,30.644685
四川大学英国高等教育文凭(HND)项目中心,edu,科教文化服务;学校;高等院校,武侯区,104.069344,30.639982
成都民生胎记研究院,edu,科教文化服务;科研机构;科研机构,武侯区,104.072687,30.644616
四川大学华西离退休活动中心,edu,科教文化服务;学校;高等院校,武侯区,104.066408,30.641157
佳沁艺术中心,edu,科教文化服务;美术馆;美术馆,武侯区,104.072348,30.645411
四川大学户外运动研究所,edu,科教文化服务;科研机构;科研机构,武侯区,104.065696,30.642709
四川大学华西幼儿园(大学路),edu,科教文化服务;学校;幼儿园,武侯区,104.067107,30.645782
艾诗德移动互联研发中心,edu,科教文化服务;科教文化场所;科教文化场所,武侯区,104.072951,30.642677
四川大学体育学院(校中路),edu,科教文化服务;学校;高等院校,武侯区,104.065818,30.642884
西部卫生政策循证研究中心,edu,科教文化服务;科研机构;科研机构,武侯区,104.065376,30.644882
中央教育科学研究所华教四川办事处,edu,科教文化服务;科教文化场所;科教文化场所,武侯区,104.063713,30.640178
四川大学华西校区电算中心,edu,科教文化服务;学校;高等院校,武侯区,104.066298,30.644161
成都白癜风·银屑病研究院,edu,科教文化服务;科研机构;科研机构,武侯区,104.072687,30.644616
北京艾比森教育西南办事处,edu,科教文化服务;科教文化场所;科教文化场所,武侯区,104.073457,30.642869
江苏省城市规划设计研究院,edu,科教文化服务;科研机构;科研机构,武侯区,104.064083,30.647937
成都军康疤痕痤疮医学研究所,edu,科教文化服务;科研机构;科研机构,武侯区,104.07349,30.642296
鼓手八火家,edu,科教文化服务;培训机构;培训机构,武侯区,104.067803,30.646236
成都信息工程大学人南教学部,edu,科教文化服务;学校;高等院校,武侯区,104.063713,30.640178
成都聚星左舞蹈职业培训,edu,科教文化服务;科教文化场所;科教文化场所,武侯区,104.073377,30.646115
四川大学(华西校区)东区华西药学院-药物化学系,edu,科教文化服务;学校;高等院校,武侯区,104.067766,30.640168
四川大学生物治疗协同创新中心,edu,科教文化服务;科研机构;科研机构,武侯区,104.06846,30.64063
四川大学-华西网球培训中心,edu,体育休闲服务;运动场馆;网球场|科教文化服务;培训机构;培训机构,武侯区,104.065845,30.642153
成都金钥匙学校,edu,科教文化服务;培训机构;培训机构,武侯区,104.069263,30.639764
四川大学体育科学研究所(校中路),edu,科教文化服务;科研机构;科研机构,武侯区,104.065696,30.642709
四川大学西部农村卫生发展研究中心,edu,科教文化服务;科研机构;科研机构,武侯区,104.065359,30.644994
四川大学华西校区东区图书馆,edu,科教文化服务;图书馆;图书馆,武侯区,104.066871,30.64392
华西小学郑洁网球学校,edu,科教文化服务;学校;学校,武侯区,104.07032,30.640914
医疗信息化技术教育部工程研究中心,edu,科教文化服务;科研机构;科研机构,武侯区,104.066307,30.644155
四川大学华西第二医院西部妇幼医学研究院,edu,科教文化服务;科研机构;科研机构,武侯区,104.065201,30.641065
省直机关幼儿园,edu,科教文化服务;学校;幼儿园,武侯区,104.072186,30.643075
寄生虫研究所,edu,科教文化服务;科研机构;科研机构,武侯区,104.068252,30.645332
四川大学公众健康与社会发展研究所,edu,科教文化服务;科研机构;科研机构,武侯区,104.065696,30.642709
四川大学华西校区钟楼,edu,科教文化服务;学校;学校,武侯区,104.066835,30.64195
智坊英语口语培训中心,edu,科教文化服务;科教文化场所;科教文化场所,武侯区,104.064493,30.642304
四川大学工会华西办公区,edu,科教文化服务;学校;高等院校,武侯区,104.065376,30.644882
四川大学香港中文大学生殖医学联合实验室,edu,科教文化服务;科研机构;科研机构,武侯区,104.065192,30.641366
四川省新四军史料征集研究会,edu,科教文化服务;科研机构;科研机构,武侯区,104.066291,30.642469
成都万万教育培训学校,edu,科教文化服务;培训机构;培训机构,武侯区,104.068751,30.647781
四川省星星艺术中心,edu,科教文化服务;培训机构;培训机构,武侯区,104.070675,30.645574
小书僮教育集团,edu,科教文化服务;培训机构;培训机构,武侯区,104.067954,30.647871
成都最家教用心一对一,edu,科教文化服务;培训机构;培训机构,武侯区,104.068542,30.647836
四川大学生命科学学院遗传医学研究所(校南路),edu,科教文化服务;科研机构;科研机构,武侯区,104.066446,30.642217
新邦教育,edu,科教文化服务;培训机构;培训机构,武侯区,104.073377,30.646115
必迈升环球英语学校,edu,科教文化服务;培训机构;培训机构,武侯区,104.069263,30.639958
四川大学生命科学学院硒核酸转化生物医学研究所,edu,科教文化服务;科研机构;科研机构,武侯区,104.067135,30.643361
南虹村社区教育工作站,edu,科教文化服务;科教文化场所;科教文化场所,武侯区,104.06458,30.639946
成都南山学校(新南路校区),edu,科教文化服务;科教文化场所;科教文化场所,武侯区,104.072393,30.643712
天欣驾校(新南门大学路店),edu,科教文化服务;科教文化场所;科教文化场所,武侯区,104.0664,30.646875
四川大学华西校区国际项目招生咨询办公室,edu,科教文化服务;学校;高等院校,武侯区,104.069071,30.639911
成都力保职业技能培训学校,edu,科教文化服务;学校;职业技术学校,武侯区,104.063683,30.640409
洋话英语人南教学中心,edu,科教文化服务;科教文化场所;科教文化场所,武侯区,104.065809,30.639515
四川医学院药学系化学实验楼,edu,科教文化服务;学校;学校,武侯区,104.067916,30.640516
正易教育,edu,科教文化服务;培训机构;培训机构,武侯区,104.072229,30.645618
川音乐器星海钢琴,edu,科教文化服务;培训机构;培训机构,武侯区,104.073483,30.6447
优优数学少儿培训基地,edu,科教文化服务;培训机构;培训机构,武侯区,104.07126,30.645508
快乐学堂,edu,科教文化服务;培训机构;培训机构,武侯区,104.069806,30.646913
锦学教育,edu,科教文化服务;培训机构;培训机构,武侯区,104.073169,30.64608
成都市民道德讲堂,edu,科教文化服务;培训机构;培训机构,武侯区,104.065591,30.639647
学力佳教育中心(龙江路校区),edu,科教文化服务;科教文化场所;科教文化场所,武侯区,104.070119,30.645513
最家教工作室,edu,科教文化服务;培训机构;培训机构,武侯区,104.068544,30.647836
为为学堂,edu,科教文化服务;培训机构;培训机构,武侯区,104.070702,30.645508
成都育奇英语培训学校,edu,科教文化服务;培训机构;培训机构,武侯区,104.073377,30.646115
拉法法儿童教育,edu,科教文化服务;培训机构;培训机构,武侯区,104.073377,30.646115
新东方(林荫街校区),edu,科教文化服务;培训机构;培训机构,武侯区,104.065808,30.639565
成都新东方英语学校-考研规划中心,edu,科教文化服务;科教文化场所;科教文化场所,武侯区,104.073083,30.641118
四川大学生命科学学院遗传医学研究所(校中路),edu,科教文化服务;科研机构;科研机构,武侯区,104.06723,30.643171
四川大学华西科技楼,edu,科教文化服务;学校;高等院校,武侯区,104.067954,30.647871
陶陶宇宙美术工作室,edu,科教文化服务;培训机构;培训机构,武侯区,104.073372,30.646115
乐三元文化艺术中心,edu,科教文化服务;文化宫;文化宫,武侯区,104.074576,30.643041
繁熙音乐文化,edu,科教文化服务;培训机构;培训机构,武侯区,104.080546,30.643453
花形风尚文化传播,edu,科教文化服务;科教文化场所;科教文化场所,武侯区,104.077571,30.646182
四川正雄文化传播有限公司,edu,科教文化服务;传媒机构;传媒机构,锦江区,104.077191,30.647676
成都韵天文化传播有限责任公司,edu,公司企业;公司;公司|科教文化服务;传媒机构;传媒机构,武侯区,104.075396,30.644771
合江亭街道综合文化活动中心,edu,科教文化服务;科教文化场所;科教文化场所,锦江区,104.077039,30.648419
合江亭街道综合文化活动中心(东南里),edu,科教文化服务;文化宫;文化宫,锦江区,104.076996,30.64849
成都铭拓新右文化传播有限公司,edu,科教文化服务;科教文化场所;科教文化场所,武侯区,104.076602,30.641871
四川音乐学院校本部,edu,科教文化服务;学校;高等院校,武侯区,104.075767,30.640345
安然职业技能培训学校,edu,科教文化服务;学校;职业技术学校,武侯区,104.078425,30.644786
四川艺术职业学院,edu,科教文化服务;学校;职业技术学校,武侯区,104.077368,30.642232
四川音乐学院校本部大音乐厅,edu,科教文化服务;学校;高等院校,武侯区,104.0767,30.64095
成都市七中育才学校学道分校,edu,科教文化服务;学校;中学,锦江区,104.077711,30.649045
四川音乐学院校本部学生处,edu,科教文化服务;学校;高等院校,武侯区,104.076285,30.640974
四川省工程咨询研究院(滨江东路),edu,科教文化服务;科研机构;科研机构,锦江区,104.078885,30.646764
四川艺术职业学院办公楼,edu,科教文化服务;学校;高等院校,武侯区,104.077123,30.641932
四川音乐学院-教学琴房楼,edu,科教文化服务;学校;高等院校,武侯区,104.076707,30.640591
四川音乐学院校本部学生会,edu,科教文化服务;学校;高等院校,武侯区,104.076285,30.640974
四川音乐学院校本部学工部,edu,科教文化服务;学校;高等院校,武侯区,104.076285,30.640974
四川音乐学院校本部教学楼,edu,科教文化服务;学校;高等院校,武侯区,104.076505,30.641515
四川音乐学院附属中等音乐学校,edu,科教文化服务;培训机构;培训机构,武侯区,104.076673,30.642488
四川音乐学院校本部四办公区,edu,科教文化服务;学校;高等院校,武侯区,104.077226,30.64071
四川音乐学院附属实验小学,edu,科教文化服务;学校;小学,武侯区,104.077757,30.640745
四川音乐学院-校本部二办公区,edu,科教文化服务;学校;高等院校,武侯区,104.077493,30.641255
四川音乐学院-校本部三办公区,edu,科教文化服务;学校;高等院校,武侯区,104.077333,30.640955
四川音乐学院校本部星海音乐厅,edu,科教文化服务;学校;高等院校,武侯区,104.076456,30.6414
四川音乐学院(北校区),edu,科教文化服务;学校;高等院校,武侯区,104.077368,30.642232
成都幼师实验幼儿园,edu,科教文化服务;学校;幼儿园,武侯区,104.082513,30.643019
四川艺术职业学院家委会办,edu,科教文化服务;学校;高等院校,武侯区,104.076913,30.642443
四川省纺织工业设计院,edu,科教文化服务;科研机构;科研机构,锦江区,104.079782,30.646749
武侯区致民路幼儿园,edu,科教文化服务;学校;幼儿园,武侯区,104.077537,30.643568
四川音乐学院图书馆,edu,科教文化服务;图书馆;图书馆,武侯区,104.076424,30.641417
合江亭翰文大酒店-会议厅,edu,科教文化服务;会展中心;会展中心,锦江区,104.079488,30.646482
成都市技师学院临江路校区,edu,科教文化服务;学校;高等院校,武侯区,104.074285,30.647201
四川音乐学院-校本部档案馆,edu,科教文化服务;档案馆;档案馆,武侯区,104.076288,30.641527
四川音乐学院-梧桐楼,edu,科教文化服务;学校;高等院校,武侯区,104.077084,30.64028
四川音乐学院校本部聂耳音乐厅,edu,科教文化服务;学校;高等院校,武侯区,104.076257,30.64133
四川音乐学院-四办公区,edu,科教文化服务;学校;高等院校,武侯区,104.077041,30.640726
微迪数字技术有限公司,edu,公司企业;公司;公司|科教文化服务;科研机构;科研机构,锦江区,104.08053,30.646532
成都刘诗昆钢琴艺术中心,edu,科教文化服务;美术馆;美术馆,锦江区,104.081168,30.648721
四川音乐学院附属中等艺术学校,edu,科教文化服务;学校;学校,武侯区,104.07658,30.642583
成都市老年大学,edu,科教文化服务;学校;成人教育,武侯区,104.082385,30.642533
黑暗中对话体验馆,edu,科教文化服务;科教文化场所;科教文化场所,锦江区,104.074116,30.648773
豪韵艺术学校(川音校区),edu,科教文化服务;学校;职业技术学校,武侯区,104.076083,30.643789
四川音乐学院-嗓音研究所,edu,科教文化服务;科研机构;科研机构,武侯区,104.077189,30.640866
成果钢琴艺术中心(川音店),edu,科教文化服务;美术馆;美术馆,武侯区,104.07956,30.642294
微迪数字听力语音实验室,edu,科教文化服务;科研机构;科研机构,锦江区,104.080316,30.646283
JS舞蹈职业培训馆,edu,科教文化服务;科教文化场所;科教文化场所,武侯区,104.073542,30.646176
成都市老年大学-成都幼儿师范学校,edu,科教文化服务;科教文化场所;科教文化场所,武侯区,104.082614,30.643031
北京国科天创建筑设计院(天仙桥南路),edu,科教文化服务;科研机构;科研机构,锦江区,104.080316,30.646283
成都市老年大学,edu,科教文化服务;学校;成人教育,武侯区,104.082385,30.642533
黑暗中对话体验馆,edu,科教文化服务;科教文化场所;科教文化场所,锦江区,104.074116,30.648773
四川音乐学院-香梓园,edu,科教文化服务;学校;高等院校,武侯区,104.07709,30.641043
豪韵艺术学校(川音校区),edu,科教文化服务;学校;职业技术学校,武侯区,104.076083,30.643789
四川音乐学院-嗓音研究所,edu,科教文化服务;科研机构;科研机构,武侯区,104.077189,30.640866
成果钢琴艺术中心(川音店),edu,科教文化服务;美术馆;美术馆,武侯区,104.07956,30.642294
微迪数字听力语音实验室,edu,科教文化服务;科研机构;科研机构,锦江区,104.080316,30.646283
四川音乐学院-小提琴研究院,edu,科教文化服务;科研机构;科研机构,武侯区,104.076673,30.640574
JS舞蹈职业培训馆,edu,科教文化服务;科教文化场所;科教文化场所,武侯区,104.073542,30.646176
成都通广电视高技术研究所,edu,科教文化服务;科研机构;科研机构,武侯区,104.077717,30.645905
成都市老年大学-成都幼儿师范学校,edu,科教文化服务;科教文化场所;科教文化场所,武侯区,104.082614,30.643031
北京国科天创建筑设计院(天仙桥南路),edu,科教文化服务;科研机构;科研机构,锦江区,104.080316,30.646283
临江东路社区家长学校,edu,科教文化服务;科教文化场所;科教文化场所,武侯区,104.076892,30.644632
音乐演奏大厅,edu,科教文化服务;科教文化场所;科教文化场所,武侯区,104.077272,30.642023
四川音乐学院高等教育研究所,edu,科教文化服务;科研机构;科研机构,武侯区,104.076966,30.64039
四川音乐学院王光祈学术研究中心,edu,科教文化服务;科研机构;科研机构,武侯区,104.077089,30.640257
四川艺术职业学院川剧校区-综合楼,edu,科教文化服务;学校;学校,武侯区,104.077372,30.641925
快乐学习屋,edu,科教文化服务;科教文化场所;科教文化场所,武侯区,104.078587,30.6395
四川音乐学院-钢琴艺术研究院,edu,科教文化服务;科研机构;科研机构,武侯区,104.077089,30.640257
筝琴韻雅,edu,科教文化服务;科教文化场所;科教文化场所,武侯区,104.076475,30.643765
唯一使命音乐基地,edu,科教文化服务;科教文化场所;科教文化场所,武侯区,104.079569,30.641642
雅音琴筝,edu,科教文化服务;科教文化场所;科教文化场所,武侯区,104.076475,30.643765
培根熏艺术培训中心,edu,科教文化服务;科教文化场所;科教文化场所,武侯区,104.074799,30.643639
培耕薰艺术培训中心,edu,科教文化服务;科教文化场所;科教文化场所,武侯区,104.075007,30.643382
四川音乐学院-二办公区,edu,科教文化服务;科教文化场所;科教文化场所,武侯区,104.077343,30.641356
徐宝吉他艺术中心(川音总部),edu,科教文化服务;培训机构;培训机构,武侯区,104.078224,30.641419
阿波罗钢琴艺术中心,edu,科教文化服务;培训机构;培训机构,武侯区,104.078862,30.64232
曹华清艺术学校,edu,科教文化服务;学校;职业技术学校,武侯区,104.08076,30.643414
武侯区吾的音乐创作室,edu,科教文化服务;科教文化场所;科教文化场所,武侯区,104.077641,30.645965
李老师画室,edu,科教文化服务;培训机构;培训机构,武侯区,104.073585,30.645232
星乐时空音乐传媒,edu,科教文化服务;科教文化场所;科教文化场所,武侯区,104.076774,30.646306
成都声波课外辅导中心,edu,科教文化服务;培训机构;培训机构,武侯区,104.077225,30.646046
朱骥长笛艺术中心,edu,科教文化服务;培训机构;培训机构,武侯区,104.078264,30.641603
四川华文职业培训中心,edu,科教文化服务;培训机构;培训机构,锦江区,104.081168,30.648721
枫尚形象设计艺术学校,edu,科教文化服务;培训机构;培训机构,锦江区,104.080812,30.647129
美伦钢琴,edu,科教文化服务;培训机构;培训机构,武侯区,104.078416,30.641689
阿尔法音乐中心,edu,科教文化服务;培训机构;培训机构,武侯区,104.076837,30.641801
蜀音艺舞艺术培训,edu,科教文化服务;培训机构;培训机构,武侯区,104.077752,30.641181
宋浩钢琴教育,edu,科教文化服务;培训机构;培训机构|公司企业;公司;公司,武侯区,104.078798,30.640444
川艺音画艺考学校,edu,科教文化服务;培训机构;培训机构,武侯区,104.079782,30.640789
丝竹音绕练琴房,edu,科教文化服务;培训机构;培训机构,武侯区,104.076586,30.641823
徐宝吉他艺术中心,edu,科教文化服务;培训机构;培训机构,武侯区,104.078276,30.641426
凯哥琴行音乐教室,edu,科教文化服务;培训机构;培训机构,武侯区,104.074374,30.644158
红舞裙舞蹈,edu,科教文化服务;培训机构;培训机构,武侯区,104.073801,30.644253
四川音乐学院北校区-办公楼,edu,科教文化服务;科教文化场所;科教文化场所,武侯区,104.077214,30.641996
四川省经济发展研究院(滨江东路),edu,科教文化服务;科研机构;科研机构,锦江区,104.078885,30.646764
弦管曲缥培训部,edu,科教文化服务;培训机构;培训机构,武侯区,104.07659,30.641822
王时培训,edu,科教文化服务;培训机构;培训机构,武侯区,104.07886,30.644714
昂立·睿欣智教育,edu,科教文化服务;培训机构;培训机构,武侯区,104.074145,30.645984
四川省社会科学重点研究基地西南音乐研究中心(扩展),edu,科教文化服务;科研机构;科研机构,武侯区,104.076963,30.640277
录音价格钢琴录音川音录音棚,edu,科教文化服务;科教文化场所;科教文化场所,武侯区,104.076293,30.640243
王思乐拉丁舞艺术培训中心,edu,科教文化服务;培训机构;培训机构,武侯区,104.079888,30.643276
节和律弦乐教育,edu,科教文化服务;培训机构;培训机构,武侯区,104.08333,30.641303
四川音乐学院校本部-级音教系,edu,科教文化服务;科教文化场所;科教文化场所,武侯区,104.076192,30.641667
小初托管,edu,科教文化服务;培训机构;培训机构,锦江区,104.077129,30.648925
爵士鼓钢琴电子鼓培训,edu,科教文化服务;培训机构;培训机构,锦江区,104.080075,30.648993
君乐文化,edu,科教文化服务;科教文化场所;科教文化场所,锦江区,104.089775,30.645654
成都葫芦文化传媒有限公司,edu,科教文化服务;科教文化场所;科教文化场所,锦江区,104.090088,30.645567
百喜听文化传媒,edu,科教文化服务;科教文化场所;科教文化场所,锦江区,104.084496,30.645201
水井坊街道社区文化馆,edu,科教文化服务;文化宫;文化宫,锦江区,104.088541,30.646741
成都星巢文化传播有限公司,edu,科教文化服务;传媒机构;传媒机构,锦江区,104.089773,30.64224
凯乐特文化传播有限公司,edu,科教文化服务;科教文化场所;科教文化场所,武侯区,104.085462,30.640152
成都西泽文化传媒有限公司,edu,科教文化服务;科教文化场所;科教文化场所,锦江区,104.087372,30.64579
成都领跑文化传播有限公司,edu,科教文化服务;科教文化场所;科教文化场所,武侯区,104.086588,30.641019
成都力扬文化传播有限公司,edu,科教文化服务;科教文化场所;科教文化场所,锦江区,104.090088,30.645567
成都一边文化传播有限公司,edu,科教文化服务;科教文化场所;科教文化场所,锦江区,104.087501,30.645636
成都基点文化传播有限公司,edu,科教文化服务;科教文化场所;科教文化场所,武侯区,104.086344,30.641318
四川大弘文化传播有限公司,edu,科教文化服务;科教文化场所;科教文化场所,锦江区,104.089464,30.643407
成都睿轩文化传播有限公司,edu,科教文化服务;科教文化场所;科教文化场所,锦江区,104.090088,30.645567
成都酷岸文化传播有限公司,edu,科教文化服务;科教文化场所;科教文化场所,锦江区,104.089791,30.648399
成都飞熊文化传播有限公司,edu,科教文化服务;传媒机构;传媒机构,锦江区,104.090945,30.647301
成都绣悦文化传播有限公司,edu,科教文化服务;科教文化场所;科教文化场所,锦江区,104.090288,30.645146
成都昱星文化传播有限公司,edu,科教文化服务;科教文化场所;科教文化场所,锦江区,104.08882,30.645166
成都艾尤文化传播有限公司,edu,科教文化服务;科教文化场所;科教文化场所,锦江区,104.087346,30.645575
成都箱舟文化传播有限公司,edu,科教文化服务;科教文化场所;科教文化场所,锦江区,104.092327,30.648167
成都裕如文化传播中心,edu,科教文化服务;传媒机构;传媒机构,锦江区,104.091817,30.647132
成都清风竞技文化传媒有限公司,edu,科教文化服务;科教文化场所;科教文化场所,锦江区,104.088486,30.64541
中视亚联(四川)文化传播有限公司,edu,科教文化服务;科教文化场所;科教文化场所,锦江区,104.090088,30.645567
月之门音乐文化传播有限公司,edu,科教文化服务;科教文化场所;科教文化场所,锦江区,104.092477,30.64757
成都完末文化传播有限公司,edu,科教文化服务;科教文化场所;科教文化场所,锦江区,104.090288,30.645146
成都根与芽环境文化交流中心,edu,科教文化服务;科教文化场所;科教文化场所,锦江区,104.091817,30.647132
成都艾克斯尔文化传播有限公司,edu,科教文化服务;科教文化场所;科教文化场所,锦江区,104.092104,30.647136
成都环禾百悦文化传播有限公司,edu,科教文化服务;科教文化场所;科教文化场所,锦江区,104.083962,30.648649
四川省全科教育培训基地,edu,科教文化服务;培训机构;培训机构,武侯区,104.084301,30.642282
成都市武侯区品睿社科教育培训学校,edu,科教文化服务;培训机构;培训机构,武侯区,104.086338,30.641315
水井坊街道社区教育学堂义中心,edu,科教文化服务;科教文化场所;科教文化场所,锦江区,104.088541,30.646741
蓝鼎艺术馆,edu,科教文化服务;美术馆;美术馆,锦江区,104.089745,30.648279
吉美舞蹈东门校区,edu,科教文化服务;科教文化场所;科教文化场所,武侯区,104.086344,30.641318
四川省成都市七中育才学校,edu,科教文化服务;学校;中学,锦江区,104.08551,30.646947
水井坊博物馆,edu,科教文化服务;博物馆;博物馆,锦江区,104.083665,30.647581
锦官驿小学,edu,科教文化服务;学校;小学,锦江区,104.088862,30.64826
龙文教育(九眼桥校区),edu,科教文化服务;培训机构;培训机构,锦江区,104.092126,30.645359
成都化工研究设计院,edu,科教文化服务;科研机构;科研机构,锦江区,104.086525,30.644602
三幼树基福幼园,edu,科教文化服务;学校;幼儿园,锦江区,104.088113,30.642383
凯翔培训,edu,科教文化服务;培训机构;培训机构,锦江区,104.088981,30.647082
金色飞灵舞蹈艺术中心,edu,科教文化服务;美术馆;美术馆,锦江区,104.089933,30.645595
成都丽澳滨江酒店-会议厅,edu,科教文化服务;会展中心;会展中心,武侯区,104.084035,30.642799
成都锦江树人学校,edu,科教文化服务;学校;学校,锦江区,104.088981,30.647082
成都金茂假日酒店-会议厅,edu,科教文化服务;会展中心;会展中心,锦江区,104.08988,30.645575
新加坡伊顿国际幼儿学校,edu,科教文化服务;学校;幼儿园,锦江区,104.085405,30.648988
蕃茄田艺术,edu,科教文化服务;美术馆;美术馆,锦江区,104.087865,30.645699
金苹果晶蓝半岛幼稚园,edu,科教文化服务;学校;幼儿园,锦江区,104.091814,30.643632
飞乐鸟艺术中心,edu,科教文化服务;培训机构;培训机构|科教文化服务;美术馆;美术馆,武侯区,104.086317,30.641088
三电幼儿园(新桂巷),edu,科教文化服务;学校;幼儿园,锦江区,104.093051,30.640437
普林斯少儿英语,edu,科教文化服务;培训机构;培训机构,锦江区,104.090694,30.645102
刘诗昆艺术中心,edu,科教文化服务;学校;职业技术学校|科教文化服务;美术馆;美术馆,锦江区,104.087739,30.645745
水井坊博物馆,edu,科教文化服务;博物馆;博物馆,锦江区,104.083665,30.647581
锦官驿小学,edu,科教文化服务;学校;小学,锦江区,104.088862,30.64826
龙文教育(九眼桥校区),edu,科教文化服务;培训机构;培训机构,锦江区,104.092126,30.645359
成都化工研究设计院,edu,科教文化服务;科研机构;科研机构,锦江区,104.086525,30.644602
三幼树基福幼园,edu,科教文化服务;学校;幼儿园,锦江区,104.088113,30.642383
凯翔培训,edu,科教文化服务;培训机构;培训机构,锦江区,104.088981,30.647082
金色飞灵舞蹈艺术中心,edu,科教文化服务;美术馆;美术馆,锦江区,104.089933,30.645595
成都丽澳滨江酒店-会议厅,edu,科教文化服务;会展中心;会展中心,武侯区,104.084035,30.642799
成都锦江树人学校,edu,科教文化服务;学校;学校,锦江区,104.088981,30.647082
成都金茂假日酒店-会议厅,edu,科教文化服务;会展中心;会展中心,锦江区,104.08988,30.645575
新加坡伊顿国际幼儿学校,edu,科教文化服务;学校;幼儿园,锦江区,104.085405,30.648988
蕃茄田艺术,edu,科教文化服务;美术馆;美术馆,锦江区,104.087865,30.645699
金苹果晶蓝半岛幼稚园,edu,科教文化服务;学校;幼儿园,锦江区,104.091814,30.643632
飞乐鸟艺术中心,edu,科教文化服务;培训机构;培训机构|科教文化服务;美术馆;美术馆,武侯区,104.086317,30.641088
三电幼儿园(新桂巷),edu,科教文化服务;学校;幼儿园,锦江区,104.093051,30.640437
普林斯少儿英语,edu,科教文化服务;培训机构;培训机构,锦江区,104.090694,30.645102
刘诗昆艺术中心,edu,科教文化服务;学校;职业技术学校|科教文化服务;美术馆;美术馆,锦江区,104.087739,30.645745
水晶坊社区水井坊街道社区科普大学,edu,科教文化服务;学校;高等院校,锦江区,104.086755,30.647147
成都Kitty华翎舞蹈学校,edu,科教文化服务;培训机构;培训机构,锦江区,104.089973,30.645697
成都秀当唱片录音棚,edu,科教文化服务;科教文化场所;科教文化场所,武侯区,104.083629,30.640608
磷酸盐技术开发中心,edu,科教文化服务;科研机构;科研机构,锦江区,104.086324,30.644519
中国网四川旅游频道,edu,科教文化服务;传媒机构;电视台,锦江区,104.09057,30.647184
四川广播电视大学城东校区,edu,科教文化服务;学校;成人教育,锦江区,104.089672,30.643575
学天教育(成都分校),edu,科教文化服务;科教文化场所;科教文化场所,锦江区,104.090088,30.645567
若水琴斋古琴馆,edu,科教文化服务;培训机构;培训机构,锦江区,104.092212,30.647656
贝尔机器人儿童学院紫东校区,edu,科教文化服务;学校;高等院校,锦江区,104.089791,30.648384
雨林艺术,edu,科教文化服务;美术馆;美术馆,锦江区,104.090088,30.645567
艺术人生私人订制,edu,科教文化服务;科教文化场所;科教文化场所,锦江区,104.089936,30.645634
百悦录音棚,edu,科教文化服务;科教文化场所;科教文化场所,锦江区,104.083955,30.648645
中域教育集团成都分校,edu,科教文化服务;培训机构;培训机构,锦江区,104.090873,30.647264
四川广播电视大学省建设厅分校,edu,科教文化服务;学校;成人教育,锦江区,104.09314,30.649223
金针渡教育,edu,科教文化服务;培训机构;培训机构,锦江区,104.089944,30.64564
英伦教育,edu,科教文化服务;培训机构;培训机构,锦江区,104.090088,30.645567
诚信国际书画院,edu,科教文化服务;科教文化场所;科教文化场所,武侯区,104.084996,30.642917
艺术蜥蜴,edu,科教文化服务;科教文化场所;科教文化场所,锦江区,104.092433,30.647739
艺思空间,edu,科教文化服务;科教文化场所;科教文化场所,锦江区,104.092444,30.647664
无忧教育(一环路东五段),edu,科教文化服务;培训机构;培训机构,锦江区,104.089947,30.645657
四川广电董事会,edu,科教文化服务;科教文化场所;科教文化场所,锦江区,104.089838,30.648177
SKD舞蹈生活馆,edu,科教文化服务;科教文化场所;科教文化场所,锦江区,104.088462,30.645326
新雅思学校,edu,科教文化服务;科教文化场所;科教文化场所,锦江区,104.090088,30.645567
省广电数据中心,edu,科教文化服务;科教文化场所;科教文化场所,锦江区,104.089838,30.648177
天使舞蹈中心,edu,科教文化服务;科教文化场所;科教文化场所,锦江区,104.090088,30.645567
哎咔美工坊,edu,科教文化服务;科教文化场所;科教文化场所,锦江区,104.090088,30.645567
艺乐东方教学中心,edu,科教文化服务;科教文化场所;科教文化场所,武侯区,104.086348,30.641303
华星兄弟传媒,edu,科教文化服务;科教文化场所;科教文化场所,武侯区,104.086719,30.640803
新蜜蜂美术教育,edu,科教文化服务;培训机构;培训机构,锦江区,104.093405,30.645457
四川广播电视大学城铁分院直属学院,edu,科教文化服务;学校;成人教育,锦江区,104.089051,30.647146
麻省国际教育MEI,edu,科教文化服务;科教文化场所;科教文化场所,锦江区,104.084496,30.64506
鹏宇工程勘察设计院,edu,科教文化服务;科研机构;科研机构,锦江区,104.089761,30.645662
高油画廊,edu,科教文化服务;科教文化场所;科教文化场所,锦江区,104.092364,30.647619
英才学校,edu,科教文化服务;科教文化场所;科教文化场所,锦江区,104.090891,30.647134
国际私塾时代豪庭校区,edu,科教文化服务;科教文化场所;科教文化场所,锦江区,104.084707,30.649111
启星爱宝创意美术,edu,科教文化服务;科教文化场所;科教文化场所,锦江区,104.090088,30.645567
雷伊音乐,edu,科教文化服务;培训机构;培训机构,锦江区,104.090768,30.645115
爱思英语网,edu,科教文化服务;科教文化场所;科教文化场所,锦江区,104.09266,30.646794
爱舞学堂,edu,科教文化服务;培训机构;培训机构,锦江区,104.092816,30.639626
劲园学堂,edu,科教文化服务;培训机构;培训机构,锦江区,104.090768,30.645115
四川灵犀传媒有限公司,edu,科教文化服务;科教文化场所;科教文化场所,武侯区,104.086343,30.641319
舒活雅集,edu,科教文化服务;培训机构;培训机构,锦江区,104.092195,30.647882
优择教育(成都校区),edu,科教文化服务;培训机构;培训机构,锦江区,104.088103,30.645672
中西教育,edu,科教文化服务;培训机构;培训机构,武侯区,104.086343,30.641147
成都锦学教育,edu,科教文化服务;培训机构;培训机构,武侯区,104.086344,30.641318
成都市锦江区水井坊街道温暖剧团,edu,科教文化服务;文艺团体;文艺团体,锦江区,104.089119,30.647023
林耀乒乓培训中心,edu,科教文化服务;培训机构;培训机构,锦江区,104.090088,30.645567
亚麻影视制作工作室,edu,科教文化服务;传媒机构;传媒机构,锦江区,104.089589,30.642492
高迪画廊,edu,科教文化服务;培训机构;培训机构,锦江区,104.0924,30.647644
水井坊街道办事处道德讲堂,edu,科教文化服务;培训机构;培训机构,锦江区,104.088561,30.646765
戴氏教育(宏济中路),edu,科教文化服务;培训机构;培训机构,锦江区,104.090477,30.644986
锦润学校(宏济中路),edu,科教文化服务;培训机构;培训机构,锦江区,104.090477,30.644986
社科赛斯教育培训中心,edu,科教文化服务;培训机构;培训机构,武侯区,104.086343,30.641319
嘉睿教育托管中心,edu,科教文化服务;培训机构;培训机构,锦江区,104.090372,30.64747
永不放弃教育训练机构,edu,科教文化服务;培训机构;培训机构,锦江区,104.088082,30.643281
成都市建业培训学校,edu,科教文化服务;培训机构;培训机构,锦江区,104.090012,30.647572
太奇教育,edu,科教文化服务;培训机构;培训机构,锦江区,104.089792,30.648379
大成日语,edu,科教文化服务;培训机构;培训机构,锦江区,104.090302,30.645302
乐童钢琴私塾,edu,科教文化服务;培训机构;培训机构,锦江区,104.090848,30.645163
莫高书院,edu,科教文化服务;培训机构;培训机构,锦江区,104.084264,30.647331
红领培优,edu,科教文化服务;培训机构;培训机构,锦江区,104.088414,30.649324
新愿教育,edu,科教文化服务;培训机构;培训机构,锦江区,104.089464,30.643407
成都火星时代教育,edu,科教文化服务;培训机构;培训机构,锦江区,104.088324,30.646015
学而思培优,edu,科教文化服务;培训机构;培训机构,锦江区,104.087468,30.645501
易学英文,edu,科教文化服务;培训机构;培训机构,锦江区,104.089442,30.643496
梦想学府,edu,科教文化服务;培训机构;培训机构,锦江区,104.090469,30.644986
水井坊街道水井坊社区家长学校,edu,科教文化服务;科教文化场所;科教文化场所,锦江区,104.086755,30.647147
成都市锦江区伊顿时代豪庭幼儿园,edu,科教文化服务;学校;幼儿园,锦江区,104.085564,30.648864
来英国际英语,edu,科教文化服务;培训机构;培训机构,锦江区,104.089838,30.648177
志尚天骄教育,edu,科教文化服务;培训机构;培训机构,锦江区,104.090455,30.645005
51SAP培训(成都中心),edu,科教文化服务;培训机构;培训机构,锦江区,104.090806,30.647472
金晖书画院,edu,科教文化服务;培训机构;培训机构,锦江区,104.088469,30.646775
英仕邦国际儿童教育学园,edu,科教文化服务;培训机构;培训机构,锦江区,104.093302,30.644882
成都韦编文化传播有限公司,edu,科教文化服务;科教文化场所;科教文化场所,锦江区,104.100211,30.645768
蓝凯文化传播有限公司,edu,科教文化服务;科教文化场所;科教文化场所,锦江区,104.101073,30.642752
智慧恒动文化传播有限公司,edu,科教文化服务;科教文化场所;科教文化场所,锦江区,104.100541,30.641325
成都艾尚影文化传播有限公司,edu,科教文化服务;科教文化场所;科教文化场所,锦江区,104.103142,30.64126
华成路社区综合文化活动室,edu,科教文化服务;文化宫;文化宫,锦江区,104.098918,30.646928
成都呦呦鹿鸣文化传播有限公司,edu,科教文化服务;科教文化场所;科教文化场所,锦江区,104.101883,30.642454
牛市口街道综合文化活动中心,edu,科教文化服务;文化宫;文化宫,锦江区,104.098918,30.646928
成都市锦江区文化宫基本文化活动基地,edu,科教文化服务;科教文化场所;科教文化场所,锦江区,104.094686,30.643985
成都市锦江区文化馆基层文化活动基地,edu,科教文化服务;科教文化场所;科教文化场所,锦江区,104.094686,30.643985
四川广播电视大学时代工商学院-锦江区教师进修附小,edu,科教文化服务;学校;小学,锦江区,104.102786,30.645872
娇子小学,edu,科教文化服务;学校;小学,锦江区,104.093502,30.643953
聚星小学,edu,科教文化服务;学校;小学,锦江区,104.099089,30.646199
莲新幼儿园,edu,科教文化服务;学校;幼儿园,锦江区,104.097239,30.641229
成都市聚星小学(东北门),edu,科教文化服务;学校;小学|通行设施;临街院门;临街院正门,锦江区,104.099074,30.646238
中机工程勘察设计研究院,edu,科教文化服务;科研机构;科研机构,锦江区,104.099642,30.64172
四川音乐学院幼儿园,edu,科教文化服务;学校;幼儿园,锦江区,104.100256,30.647005
锦江区社区教育学院,edu,科教文化服务;学校;高等院校,锦江区,104.097329,30.649033
星明月艺术中心,edu,科教文化服务;美术馆;美术馆,锦江区,104.096331,30.649294
四川广播电视大学时代工商学院(海椒市街),edu,科教文化服务;学校;成人教育,锦江区,104.099467,30.64035
成都神钢渠团技工学校,edu,科教文化服务;学校;职业技术学校,锦江区,104.097167,30.642987
鹭羽艺术中心,edu,科教文化服务;美术馆;美术馆,锦江区,104.096331,30.649294
成年人钢琴培训工作室,edu,科教文化服务;科教文化场所;科教文化场所,锦江区,104.100399,30.643076
成都市华胜司法教育学校,edu,科教文化服务;学校;学校,锦江区,104.098118,30.640639
弦之狂技能培训工作室,edu,科教文化服务;科教文化场所;科教文化场所,锦江区,104.101464,30.646517
鼎盛舞蹈培训中心,edu,科教文化服务;培训机构;培训机构,锦江区,104.101901,30.644706
成都市锦江职业教育中心,edu,科教文化服务;学校;职业技术学校,锦江区,104.097763,30.648781
成都市现代职业技术学校(水碾河校区),edu,科教文化服务;学校;职业技术学校,锦江区,104.09779,30.648746
四川时代专修学院,edu,科教文化服务;培训机构;培训机构,锦江区,104.101899,30.644699
成都奥汀传媒有限公司,edu,科教文化服务;科教文化场所;科教文化场所,锦江区,104.100802,30.64286
MUSEN技术研修,edu,科教文化服务;科教文化场所;科教文化场所,锦江区,104.096327,30.649239
学衡国学堂,edu,科教文化服务;培训机构;培训机构,锦江区,104.095086,30.641979
四川广播电视大学时代工商学院,edu,科教文化服务;学校;成人教育,锦江区,104.102009,30.644597
精湛技能培训中心,edu,科教文化服务;培训机构;培训机构,锦江区,104.09818,30.643852
华语小众传媒公司,edu,科教文化服务;科教文化场所;科教文化场所,锦江区,104.103219,30.641266
红色画室美术培训,edu,科教文化服务;培训机构;培训机构,锦江区,104.096025,30.646645
竞辉教育,edu,科教文化服务;培训机构;培训机构,锦江区,104.099836,30.64636
成都新天艺术学校,edu,科教文化服务;培训机构;培训机构,锦江区,104.095555,30.641045
上扬画室,edu,科教文化服务;培训机构;培训机构,锦江区,104.097859,30.640307
MJ音乐教育机构,edu,科教文化服务;培训机构;培训机构,锦江区,104.096331,30.649294
新愿教育(锦江校区),edu,科教文化服务;培训机构;培训机构,锦江区,104.102429,30.645412
莎木映画,edu,科教文化服务;培训机构;培训机构,锦江区,104.095458,30.648713
四川华西集团培训中心,edu,科教文化服务;培训机构;培训机构,锦江区,104.096576,30.645863
启尔优教育,edu,科教文化服务;培训机构;培训机构,锦江区,104.099735,30.641676
盛东画室,edu,科教文化服务;培训机构;培训机构,锦江区,104.095917,30.645805
鑫广艺艺术培训,edu,科教文化服务;培训机构;培训机构,锦江区,104.099779,30.647417
羽毛球培训班,edu,科教文化服务;培训机构;培训机构,锦江区,104.10275,30.64444
乒乓球培训,edu,科教文化服务;培训机构;培训机构,锦江区,104.10275,30.64444
孺子牛教育造价培训,edu,科教文化服务;培训机构;培训机构,锦江区,104.101883,30.642454
成人高等教育专、本科常年招生,edu,科教文化服务;科教文化场所;科教文化场所,锦江区,104.102008,30.644569
成都神钢集团培训中心,edu,科教文化服务;培训机构;培训机构,锦江区,104.097075,30.642977
沐森美发技术研修,edu,科教文化服务;培训机构;培训机构,锦江区,104.096331,30.649294
清大学习吧,edu,科教文化服务;培训机构;培训机构,锦江区,104.099597,30.640663
四川蚕丝培训有限公司,edu,科教文化服务;培训机构;培训机构,锦江区,104.098118,30.640639
名师点拔,edu,科教文化服务;培训机构;培训机构,锦江区,104.099642,30.64172
英才学校自考之家,edu,科教文化服务;培训机构;培训机构,锦江区,104.097249,30.649336
锦江区中医儿科培训基地,edu,科教文化服务;培训机构;培训机构,锦江区,104.099469,30.641355
爱音恺撒堡艺术中心,edu,科教文化服务;培训机构;培训机构,锦江区,104.100089,30.641668
童星托管学校,edu,科教文化服务;培训机构;培训机构,锦江区,104.102429,30.645412
锦江区中医养生功法培训基地,edu,科教文化服务;培训机构;培训机构,锦江区,104.099469,30.641355
成都按摩职业培训学校(海椒市街),edu,科教文化服务;培训机构;培训机构,锦江区,104.09925,30.640902
成都市三高疾病研究所,edu,科教文化服务;科研机构;科研机构,锦江区,104.09625,30.647289
兴唐教育,edu,科教文化服务;培训机构;培训机构,锦江区,104.100181,30.641902
锦江区大中专,edu,科教文化服务;学校;职业技术学校,锦江区,104.097204,30.648927
蜀都花园幼儿园,edu,科教文化服务;学校;幼儿园,锦江区,104.100256,30.647005
四川黑眼圈文化传播有限公司,edu,科教文化服务;科教文化场所;科教文化场所,锦江区,104.095863,30.649128
棒娃娃实验幼儿园,edu,科教文化服务;学校;幼儿园,锦江区,104.104625,30.644447
天空美术,edu,科教文化服务;美术馆;美术馆,锦江区,104.104343,30.644611
成都市锦江区长江紫东本源学校,edu,科教文化服务;学校;学校,锦江区,104.104328,30.644617
成都牛市口盲人按摩学校,edu,科教文化服务;培训机构;培训机构,锦江区,104.105257,30.643583
快乐叮当艺术教育东区,edu,科教文化服务;科教文化场所;科教文化场所,锦江区,104.105433,30.644001
海莱特健身教练培训,edu,科教文化服务;培训机构;培训机构,成华区,104.103959,30.648674
疯狂教育,edu,科教文化服务;培训机构;培训机构,成华区,104.113015,30.644372
成都瑞成教育,edu,科教文化服务;培训机构;培训机构,锦江区,104.103816,30.641126
成都易度文化传播有限公司,edu,科教文化服务;科教文化场所;科教文化场所,成华区,104.116586,30.64541
成都海洋星文化传播有限公司,edu,科教文化服务;科教文化场所;科教文化场所,成华区,104.113609,30.646527
成都长乐未央文化传播有限公司,edu,科教文化服务;科教文化场所;科教文化场所,成华区,104.119996,30.648197
双庆中学,edu,科教文化服务;学校;中学,成华区,104.123094,30.648667
双庆小学,edu,科教文化服务;学校;小学,成华区,104.122507,30.649385
成都爱思瑟国际学校,edu,科教文化服务;学校;学校,锦江区,104.115971,30.640023
嘉业幼儿园,edu,科教文化服务;学校;幼儿园,成华区,104.115071,30.64468
四川国际标榜职业学院锦江校区,edu,科教文化服务;学校;高等院校,成华区,104.117583,30.6414
晨曦幼儿园(竞成路),edu,科教文化服务;学校;幼儿园,成华区,104.121108,30.645349
灵智机器人体验基地,edu,科教文化服务;培训机构;培训机构,成华区,104.120011,30.648208
艺多星精品艺术教育,edu,科教文化服务;培训机构;培训机构,成华区,104.116278,30.644587
成都市现代职业技术学校(双桂路校区),edu,科教文化服务;学校;职业技术学校,成华区,104.117583,30.6414
新爱婴国际早教中心,edu,科教文化服务;学校;幼儿园,成华区,104.11377,30.645516
新爱婴领导者的摇篮,edu,科教文化服务;科教文化场所;科教文化场所,成华区,104.113852,30.645583
成都泓荣教育,edu,科教文化服务;科教文化场所;科教文化场所,成华区,104.11967,30.648046
儿童手脑潜能会馆,edu,科教文化服务;科教文化场所;科教文化场所,成华区,104.119939,30.648247
万年场街道综合文体活动中心,edu,体育休闲服务;休闲场所;休闲场所|科教文化服务;科教文化场所;科教文化场所,成华区,104.115187,30.647663
华润社区教育工作站,edu,科教文化服务;科教文化场所;科教文化场所,成华区,104.115152,30.64801
智汇智学教育,edu,科教文化服务;培训机构;培训机构,成华区,104.122151,30.647998
新阶梯教育,edu,科教文化服务;培训机构;培训机构,成华区,104.114081,30.645035
古筝工作室,edu,科教文化服务;培训机构;培训机构,成华区,104.117047,30.646043
说客英语,edu,科教文化服务;培训机构;培训机构,成华区,104.119886,30.648254
海洋星艺术汇,edu,科教文化服务;培训机构;培训机构,成华区,104.113667,30.646035
馨婷艺术培训中心,edu,科教文化服务;培训机构;培训机构,成华区,104.11987,30.648233
夏加儿美术教育,edu,科教文化服务;培训机构;培训机构,成华区,104.119548,30.647767
以·斯玛特英语(万象校区),edu,科教文化服务;培训机构;培训机构,成华区,104.114595,30.645133
金苹果博文幼稚园,edu,科教文化服务;学校;幼儿园,成华区,104.114356,30.648235
成华区老年大学万年分校电脑舞蹈培训部,edu,科教文化服务;培训机构;培训机构,成华区,104.115436,30.647794
成都天骄文化艺术学校,edu,科教文化服务;学校;职业技术学校,成华区,104.126962,30.642381
成都市体育运动学校,edu,科教文化服务;学校;职业技术学校,成华区,104.127134,30.642317
五桂桥小学,edu,科教文化服务;学校;小学,成华区,104.128552,30.641038
成都市体育运动学校教学楼,edu,科教文化服务;学校;职业技术学校,成华区,104.127267,30.64283
成都体育学院中专部,edu,科教文化服务;科教文化场所;科教文化场所,成华区,104.12705,30.64263
天欣驾校(槐树店路店),edu,科教文化服务;科教文化场所;科教文化场所,成华区,104.123791,30.644591
未成年儿童保护中心,edu,科教文化服务;科教文化场所;科教文化场所,成华区,104.127214,30.644163
成都品悟文化传播有限公司,edu,科教文化服务;科教文化场所;科教文化场所,成华区,104.136495,30.646869
成都鼎诚博雅文化传播有限公司,edu,科教文化服务;科教文化场所;科教文化场所,成华区,104.135715,30.647208
成都盛世礼都文化传播有限公司,edu,科教文化服务;科教文化场所;科教文化场所,成华区,104.136608,30.646923
优品婴幼园,edu,科教文化服务;学校;幼儿园,成华区,104.142371,30.645583
艺婷艺术,edu,科教文化服务;美术馆;美术馆,成华区,104.136851,30.646831
成都市华建学校,edu,科教文化服务;学校;学校,成华区,104.139833,30.648162
艺婷艺,edu,科教文化服务;培训机构;培训机构,成华区,104.136859,30.646811
雅途教育,edu,科教文化服务;培训机构;培训机构,成华区,104.136367,30.646836
阆中大酒店-会议厅,edu,科教文化服务;会展中心;会展中心,成华区,104.139771,30.639536
成都魔术培训中心(东站校区),edu,科教文化服务;培训机构;培训机构,成华区,104.140019,30.641128
成都一路向前户外拓展培训公司,edu,科教文化服务;培训机构;培训机构,成华区,104.136403,30.64702
成华区青少年体育俱乐部体育人才培训基地,edu,科教文化服务;培训机构;培训机构,成华区,104.13933,30.648363
保和街道综合文化活动中心(十陵立交),edu,科教文化服务;文化宫;文化宫,成华区,104.152432,30.646678
成都艺高影视文化传媒有限公司,edu,科教文化服务;科教文化场所;科教文化场所,成华区,104.152478,30.647236
仁博教育,edu,科教文化服务;培训机构;培训机构,成华区,104.150518,30.643443
成都市建筑职业中专校,edu,科教文化服务;学校;职业技术学校,成华区,104.148057,30.642967
杨柳小学,edu,科教文化服务;学校;小学,成华区,104.146343,30.642777
培育幼儿园(杨柳路B段),edu,科教文化服务;学校;幼儿园,成华区,104.145861,30.641154
成都市机关二幼稚爱幼儿园,edu,科教文化服务;学校;幼儿园,成华区,104.149721,30.644611
成都市诚信保安培训学校,edu,科教文化服务;培训机构;培训机构,成华区,104.1516,30.647046
数字化学习空间,edu,科教文化服务;科教文化场所;科教文化场所,成华区,104.151752,30.646622
俐礼教育咨询有限公司,edu,科教文化服务;培训机构;培训机构,成华区,104.149912,30.646351
利利培训中心,edu,科教文化服务;培训机构;培训机构,成华区,104.149953,30.646477
川大家教雨露托管,edu,科教文化服务;培训机构;培训机构,成华区,104.146982,30.641751
蜀安驾校(报名处),edu,科教文化服务;科教文化场所;科教文化场所,成华区,104.153845,30.640537
成都市明成学校,edu,科教文化服务;学校;中学,武侯区,103.966307,30.639259
金凤凰幼儿园(武青西四路),edu,科教文化服务;学校;幼儿园,武侯区,103.966809,30.63938
中视传媒股份有限公司(武科西四路),edu,科教文化服务;传媒机构;传媒机构,武侯区,103.969892,30.631486
成都尧顺文化传播有限公司,edu,科教文化服务;传媒机构;传媒机构,武侯区,103.978101,30.633717
成都宇众文化传播有限公司,edu,科教文化服务;传媒机构;传媒机构,武侯区,103.975739,30.636201
成都武蜀文化传播有限公司,edu,科教文化服务;传媒机构;传媒机构,武侯区,103.978095,30.633719
成都百健佳文化传播有限公司,edu,科教文化服务;科教文化场所;科教文化场所,武侯区,103.981703,30.630307
四川诚诚影视文化传播有限责任公司,edu,科教文化服务;传媒机构;传媒机构,武侯区,103.975028,30.636863
四川天宇君勤影视传媒,edu,科教文化服务;传媒机构;传媒机构,武侯区,103.975264,30.637243
科幻博物馆,edu,科教文化服务;博物馆;博物馆,武侯区,103.974086,30.637171
小蚂蚁幼儿园,edu,科教文化服务;学校;幼儿园,武侯区,103.983564,30.6304
戴氏精品堂学校(武科东二路),edu,科教文化服务;培训机构;培训机构,武侯区,103.981923,30.63036
京东商城成都研究院,edu,科教文化服务;科研机构;科研机构,武侯区,103.975028,30.636863
北大青鸟(成都智谷校区),edu,科教文化服务;培训机构;培训机构,武侯区,103.975559,30.63635
成都赛威讯信息技术研究所,edu,科教文化服务;科研机构;科研机构,武侯区,103.975644,30.63757
成都西翔航空职业技能培训学校,edu,科教文化服务;学校;职业技术学校,武侯区,103.982025,30.63045
西部智谷北大青鸟,edu,科教文化服务;科教文化场所;科教文化场所,武侯区,103.974786,30.63914
安全科技大厦劳动防护技术研究所,edu,科教文化服务;科研机构;科研机构,武侯区,103.975974,30.63248
四川省安全科学技术研究院(武科西四路),edu,科教文化服务;科研机构;科研机构,武侯区,103.975204,30.632792
智谷软件技术职业技能培训学校,edu,科教文化服务;学校;职业技术学校,武侯区,103.976257,30.634902
地平线国际调酒师培训基地,edu,科教文化服务;培训机构;培训机构,武侯区,103.974947,30.636162
四川省安全宣传教育培训中心,edu,科教文化服务;培训机构;培训机构,武侯区,103.975201,30.632797
成都天景汽车职业技能培训学校,edu,科教文化服务;培训机构;培训机构,武侯区,103.980335,30.634397
西部设计师实训中心,edu,科教文化服务;科教文化场所;科教文化场所,武侯区,103.974459,30.6364
传承艺术中心,edu,科教文化服务;美术馆;美术馆,武侯区,103.978543,30.636951
四川山水印象文化传媒有限公司,edu,科教文化服务;科教文化场所;科教文化场所,武侯区,103.989528,30.635992
诗黛儿艺术培训,edu,科教文化服务;培训机构;培训机构,武侯区,103.989662,30.636996
武侯科技园小学,edu,科教文化服务;学校;小学,武侯区,103.985056,30.639363
西北综合勘察设计研究院(武科东二路),edu,科教文化服务;科研机构;科研机构,武侯区,103.987853,30.63309
成都市药物研究所,edu,科教文化服务;科研机构;科研机构,武侯区,103.985885,30.634164
友豪锦江酒店-会议厅,edu,科教文化服务;会展中心;会展中心,武侯区,103.992654,30.636228
欧博艺美艺术中心,edu,科教文化服务;美术馆;美术馆,武侯区,103.991713,30.629672
恩贝斯幼稚园,edu,科教文化服务;学校;幼儿园,武侯区,103.986811,30.632631
成都市第二十一幼儿园(武兴一路),edu,科教文化服务;学校;幼儿园,武侯区,103.990192,30.636113
碧漾亲子游泳,edu,科教文化服务;科教文化场所;科教文化场所,武侯区,103.983991,30.636515
香港卫视,edu,科教文化服务;科教文化场所;科教文化场所,武侯区,103.989901,30.636849
易百分教育科技园中心,edu,科教文化服务;培训机构;培训机构,武侯区,103.984694,30.639587
思邈教育,edu,科教文化服务;培训机构;培训机构,武侯区,103.984672,30.639581
东方爱婴(外双楠店),edu,科教文化服务;培训机构;培训机构,武侯区,103.9839,30.636279
四川省和悦艺术中心,edu,科教文化服务;培训机构;培训机构,武侯区,103.986408,30.629719
诺丁山贝贝星幼稚园,edu,科教文化服务;学校;幼儿园,武侯区,103.991971,30.633596
四川川大智胜软件股份有限公司-培训中心,edu,科教文化服务;培训机构;培训机构,武侯区,103.98769,30.630501
tnt中国大学华中/华西校区,edu,科教文化服务;学校;高等院校,武侯区,103.989624,30.636588
958影视文化传播有限公司,edu,科教文化服务;传媒机构;传媒机构,武侯区,103.999018,30.635295
龙江路小学中粮祥云分校,edu,科教文化服务;学校;小学,武侯区,104.003406,30.630755
成都市麦可蕊幼稚园,edu,科教文化服务;学校;幼儿园,武侯区,103.99927,30.638351
金苹果丽都花园城幼稚园,edu,科教文化服务;学校;幼儿园,武侯区,104.002643,30.630724
楠玺宝贝幼儿园,edu,科教文化服务;学校;幼儿园,武侯区,103.999261,30.634015
和圆教育(太平园中六路),edu,科教文化服务;培训机构;培训机构,武侯区,103.999754,30.63073
睿奇教育,edu,科教文化服务;培训机构;培训机构,武侯区,104.002367,30.629711
龙江路小学中粮祥云分校(西2门),edu,科教文化服务;学校;小学,武侯区,104.002442,30.631346
童艺美术培训中心,edu,科教文化服务;培训机构;培训机构,武侯区,104.000531,30.632274
艺嘉艺术教育培训学校,edu,科教文化服务;培训机构;培训机构,武侯区,103.999623,30.634179
985影艺培训,edu,科教文化服务;培训机构;培训机构,武侯区,103.999179,30.635023
艺乐东方(巴厘岛校区),edu,科教文化服务;培训机构;培训机构,武侯区,104.000736,30.63113
友谊旅游文化艺术展示中心,edu,科教文化服务;展览馆;展览馆,武侯区,104.006235,30.636981
成都慕远文化传播有限公司,edu,科教文化服务;科教文化场所;科教文化场所,武侯区,104.007704,30.629692
成都迈卡乐文化传播有限公司,edu,科教文化服务;科教文化场所;科教文化场所,武侯区,104.007289,30.638954
四川省文添文化传播有限公司,edu,科教文化服务;科教文化场所;科教文化场所,武侯区,104.012998,30.637598
四川艺塾色彩文化传播有限公司,edu,科教文化服务;科教文化场所;科教文化场所,武侯区,104.012566,30.631676
成都拓亚之星影视文化传播有限公司,edu,科教文化服务;科教文化场所;科教文化场所,武侯区,104.006244,30.637017
武侯文体中心,edu,科教文化服务;文化宫;文化宫,武侯区,104.006456,30.63714
成都市武侯大道小太阳幼儿园,edu,科教文化服务;学校;幼儿园,武侯区,104.009595,30.63785
望子成龙学校(武侯大道校区),edu,科教文化服务;培训机构;培训机构,武侯区,104.0082,30.637385
CrazyLAB疯狂实验室,edu,科教文化服务;科研机构;科研机构,武侯区,104.007719,30.629711
桦林贝尔幼稚园,edu,科教文化服务;学校;幼儿园,武侯区,104.007154,30.638849
成都市全国重点乒乓运动学校武侯分校,edu,科教文化服务;学校;学校,武侯区,104.006453,30.63714
Isee灰姑娘国际儿童艺术中心(大悦城店),edu,科教文化服务;美术馆;美术馆,武侯区,104.007869,30.629924
四川电大,edu,科教文化服务;学校;成人教育,武侯区,104.008787,30.638113
成都市少年儿童业余体育学校武侯分校,edu,科教文化服务;学校;学校,武侯区,104.006453,30.63714
叮当宠物幼儿园,edu,购物服务;花鸟鱼虫市场;宠物市场|科教文化服务;学校;幼儿园,武侯区,104.011324,30.635345
武侯交响管乐团,edu,科教文化服务;文艺团体;文艺团体,武侯区,104.006456,30.63714
成都报网西南站,edu,科教文化服务;科教文化场所;科教文化场所,武侯区,104.011303,30.635383
成都新星教育培训中心,edu,科教文化服务;培训机构;培训机构,武侯区,104.007486,30.638685
优顿教育(晋吉南路),edu,科教文化服务;培训机构;培训机构,武侯区,104.007548,30.638676
美联英语成都大悦城中心,edu,科教文化服务;科教文化场所;科教文化场所,武侯区,104.007774,30.629672
四川电大电脑会计培训,edu,科教文化服务;培训机构;培训机构,武侯区,104.008822,30.638155
成都西虎文化传播有限公司,edu,科教文化服务;传媒机构;传媒机构,武侯区,104.01544,30.63295
成都麦田青鸟文化传播有限公司,edu,科教文化服务;科教文化场所;科教文化场所,武侯区,104.022856,30.632229
太平小学,edu,科教文化服务;学校;小学,武侯区,104.020254,30.632567
四川省交通管理学校,edu,科教文化服务;学校;学校,武侯区,104.020532,30.631131
成都市顺达博物馆,edu,科教文化服务;博物馆;博物馆,武侯区,104.020671,30.636751
四川交通职业技术学院继续教育中心,edu,科教文化服务;学校;成人教育,武侯区,104.021728,30.630648
新蕾出版社,edu,科教文化服务;传媒机构;出版社,武侯区,104.023004,30.632351
成都市第十幼儿园分园,edu,科教文化服务;学校;幼儿园,武侯区,104.01476,30.634312
武侯区太平片区幼儿园,edu,科教文化服务;学校;幼儿园,武侯区,104.015118,30.63456
希望幼儿园(永顺街),edu,科教文化服务;学校;幼儿园,武侯区,104.01864,30.635713
北京交通大学远程教育四川学习中心,edu,科教文化服务;学校;高等院校,武侯区,104.02157,30.63083
中共四川省委省直机关党校交通运输分校,edu,科教文化服务;学校;学校,武侯区,104.02157,30.63083
中共四川省交通运输厅党校,edu,科教文化服务;培训机构;培训机构,武侯区,104.02157,30.63083
华夏古筝艺术学校,edu,科教文化服务;学校;职业技术学校,武侯区,104.013843,30.639434
四川省防灾减灾教育馆(中环路武阳大道段),edu,科教文化服务;科教文化场所;科教文化场所,武侯区,104.014734,30.631524
北极雄文化传播有限公司,edu,科教文化服务;科教文化场所;科教文化场所,武侯区,104.031507,30.634151
成都超艺文化传播有限公司,edu,科教文化服务;科教文化场所;科教文化场所,武侯区,104.029764,30.635729
四川红宫文化传播有限公司,edu,科教文化服务;科教文化场所;科教文化场所,武侯区,104.025309,30.634219
楠欣社区综合文化活动室,edu,科教文化服务;文化宫;文化宫,武侯区,104.033085,30.639019
红景泰饮食文化传播中心,edu,科教文化服务;科教文化场所;科教文化场所,武侯区,104.030538,30.637526
亿德风尚文化传媒有限公司,edu,科教文化服务;科教文化场所;科教文化场所,武侯区,104.031096,30.633559
中盛金启文化传播有限公司,edu,科教文化服务;科教文化场所;科教文化场所,武侯区,104.030493,30.63389
五境共合文化传播有限公司,edu,科教文化服务;科教文化场所;科教文化场所,武侯区,104.03344,30.630324
青映天瓷文化传媒公司,edu,科教文化服务;科教文化场所;科教文化场所,武侯区,104.031086,30.63355
成都龙腾飞越文化传播有限公司,edu,科教文化服务;科教文化场所;科教文化场所,武侯区,104.030823,30.63348
四川上美博众文化传播有限公司,edu,科教文化服务;科教文化场所;科教文化场所,武侯区,104.030493,30.63389
小燕子幼儿园(董家湾北街),edu,科教文化服务;学校;幼儿园,武侯区,104.026258,30.632238
成都市第四十三中学校,edu,科教文化服务;学校;中学,武侯区,104.027081,30.632445
四川省公路技工学校,edu,科教文化服务;学校;职业技术学校,武侯区,104.025053,30.636708
拉赫姆斯音乐学校,edu,科教文化服务;学校;学校,武侯区,104.027846,30.632258
非梵成人舞蹈艺术中心,edu,科教文化服务;美术馆;美术馆,武侯区,104.031251,30.634522
广播电视大学(红牌楼店),edu,科教文化服务;学校;成人教育,武侯区,104.031648,30.636161
四川广播电视报(高升桥路),edu,科教文化服务;传媒机构;报社,武侯区,104.030642,30.638555
成都博润白癜风医学研究院,edu,科教文化服务;科研机构;科研机构,武侯区,104.025522,30.636432
美国悦宝园权威早教机构,edu,科教文化服务;学校;幼儿园,武侯区,104.03192,30.633747
全外教私人定制教育,edu,科教文化服务;培训机构;培训机构,武侯区,104.032662,30.632018
联谊幼儿园(红牌楼北街一巷),edu,科教文化服务;学校;幼儿园,武侯区,104.031871,30.637036
拉赫姆斯,edu,科教文化服务;科教文化场所;科教文化场所,武侯区,104.025611,30.635565
成都恒捷金融职业技能培训学校,edu,科教文化服务;学校;职业技术学校,武侯区,104.031463,30.633848
成都市武侯区蜀翰青少年活动中心,edu,科教文化服务;文化宫;文化宫,武侯区,104.033085,30.639018
四川交通运输职业学校红牌楼校区,edu,科教文化服务;学校;职业技术学校,武侯区,104.025073,30.636702
新思维学校(红牌楼校区),edu,科教文化服务;培训机构;培训机构,武侯区,104.031961,30.634888
壁虎传媒有限公司,edu,科教文化服务;科教文化场所;科教文化场所,武侯区,104.030823,30.63348
森博国际教育中心,edu,科教文化服务;科教文化场所;科教文化场所,武侯区,104.027352,30.63697
金蕾笛幼儿园,edu,科教文化服务;学校;幼儿园,武侯区,104.028734,30.632291
215专业美术培训中心,edu,科教文化服务;培训机构;培训机构,武侯区,104.026921,30.636452
焦点国际(连锁)舞蹈俱乐部,edu,科教文化服务;培训机构;培训机构,武侯区,104.025876,30.635548
新艺林舞校,edu,科教文化服务;培训机构;培训机构,武侯区,104.02554,30.635471
鱼乐贝贝婴幼儿水育馆(红牌楼店),edu,科教文化服务;科教文化场所;科教文化场所,武侯区,104.031304,30.633993
杰芭蕾,edu,科教文化服务;培训机构;培训机构,武侯区,104.024746,30.634871
米缔亚肚皮舞,edu,科教文化服务;培训机构;培训机构,武侯区,104.031096,30.633959
敬天爱人幸福学院香港国际财富女人学院,edu,科教文化服务;学校;高等院校,武侯区,104.03056,30.633958
北京大学华冠产学研中心北大华冠学校,edu,科教文化服务;培训机构;培训机构,武侯区,104.031098,30.634799
丹艾斯舞蹈学校(红牌楼店),edu,科教文化服务;培训机构;培训机构,武侯区,104.025204,30.635184
成都鑫林艺帆教育,edu,科教文化服务;培训机构;培训机构,武侯区,104.02435,30.636307
阿帕图英语,edu,科教文化服务;培训机构;培训机构,武侯区,104.031876,30.632548
新隆基教育(红牌楼校区),edu,科教文化服务;培训机构;培训机构,武侯区,104.030823,30.63348
曼迪拉丁舞培训学校,edu,科教文化服务;培训机构;培训机构,武侯区,104.030578,30.637693
车饰汽车装饰学校,edu,科教文化服务;培训机构;培训机构,武侯区,104.023848,30.63153
北京水星园中医药研究院四川省癌症、疑难杂症研究分园,edu,科教文化服务;科研机构;科研机构,武侯区,104.030667,30.638529
迪士尼英语(红牌楼中心),edu,科教文化服务;培训机构;培训机构,武侯区,104.029499,30.634076
成都英语培训学校,edu,科教文化服务;培训机构;培训机构,武侯区,104.026371,30.636167
稀朗博格职业经理人培训学校,edu,科教文化服务;学校;职业技术学校,武侯区,104.025629,30.635985
成都信誉音乐培训,edu,科教文化服务;培训机构;培训机构,武侯区,104.032192,30.63913
绘本妈妈公益故事馆,edu,政府机构及社会团体;社会团体;慈善机构|科教文化服务;培训机构;培训机构,武侯区,104.03097,30.638329
众望商务管理职业技能培训学校,edu,科教文化服务;学校;职业技术学校,武侯区,104.025629,30.635994
四川大学人才技能培训中心,edu,科教文化服务;培训机构;培训机构,武侯区,104.024767,30.634999
红十字会卫生救护培训基地,edu,科教文化服务;培训机构;培训机构,武侯区,104.027772,30.634281
戴氏教育(高考升学中心),edu,科教文化服务;培训机构;培训机构|公司企业;公司;公司,武侯区,104.024523,30.629501
成都人才会计培训,edu,科教文化服务;培训机构;培训机构,武侯区,104.031916,30.63463
红帆舞蹈学校(莱蒙都会尚街),edu,科教文化服务;培训机构;培训机构,武侯区,104.030493,30.63389
波波嘟国际美语(莱蒙都会尚街),edu,科教文化服务;培训机构;培训机构,武侯区,104.031282,30.633854
英哲教育(莱蒙都会尚街),edu,科教文化服务;培训机构;培训机构,武侯区,104.030493,30.63389
苏荷美学(莱蒙都会尚街),edu,科教文化服务;培训机构;培训机构,武侯区,104.030493,30.63389
优优数学(红牌楼校区),edu,科教文化服务;培训机构;培训机构,武侯区,104.031096,30.633559
萍萍艺术培训中心,edu,科教文化服务;培训机构;培训机构,武侯区,104.026708,30.636268
世纪力元文化传播公司,edu,科教文化服务;科教文化场所;科教文化场所,武侯区,104.039805,30.639408
四川鑫鑫演艺文化传播有限公司,edu,科教文化服务;传媒机构;传媒机构,武侯区,104.040087,30.630697
成都薇薇千禧文化传播有限公司,edu,科教文化服务;科教文化场所;科教文化场所,武侯区,104.036001,30.63208
成都高新区社区文化活动室(兴蓉北街),edu,科教文化服务;文化宫;文化宫,武侯区,104.041917,30.639267
四川东青影视文化传播有限公司,edu,科教文化服务;科教文化场所;科教文化场所,武侯区,104.042622,30.637468
成都高新区肖家河邻里文化社,edu,科教文化服务;文化宫;文化宫,武侯区,104.040677,30.637176
成都上程至上文化传播有限公司,edu,科教文化服务;科教文化场所;科教文化场所,武侯区,104.035115,30.630728
贝美乐启蒙教育,edu,科教文化服务;培训机构;培训机构,武侯区,104.042959,30.638258
成都学而思教育咨询有限公司,edu,科教文化服务;培训机构;培训机构,武侯区,104.037905,30.633856
成都西川中学,edu,科教文化服务;学校;中学,武侯区,104.035841,30.634486
四川省成都西藏中学,edu,科教文化服务;学校;中学,武侯区,104.039779,30.635722
成都广播电视台(二环路南四段),edu,科教文化服务;传媒机构;电视台,武侯区,104.037863,30.629834
成都玉林中学(肖家河街),edu,科教文化服务;学校;中学,武侯区,104.042221,30.632454
四川时代专修学院,edu,科教文化服务;培训机构;培训机构|科教文化服务;学校;学校,武侯区,104.036994,30.634745
幼师丽都幼儿园,edu,科教文化服务;学校;幼儿园,武侯区,104.03361,30.630553
四川广播电视大学,edu,科教文化服务;学校;成人教育,武侯区,104.040494,30.636348
成都未来学校,edu,科教文化服务;学校;学校,武侯区,104.036987,30.634771
岷山拉萨大酒店-会议厅,edu,科教文化服务;会展中心;会展中心,武侯区,104.039431,30.636877
成都市蓓蕾幼儿园(肖家河沿街),edu,科教文化服务;学校;幼儿园,武侯区,104.039695,30.631303
成都市数学奥林匹克学校玉林中学(西区)分校,edu,科教文化服务;学校;中学,武侯区,104.042452,30.632139
四川电大(高升桥路店),edu,科教文化服务;学校;成人教育,武侯区,104.037125,30.634752
罗浮世家科技实验幼儿园,edu,科教文化服务;学校;幼儿园,武侯区,104.037158,30.637626
戴氏教育(肖家河沿街),edu,科教文化服务;培训机构;培训机构|科教文化服务;学校;学校,武侯区,104.03851,30.63275
成都玉林中学附属小学(肖家河东三巷),edu,科教文化服务;学校;小学,武侯区,104.043469,30.632445
四川广播电视大学时代工商学院,edu,科教文化服务;学校;成人教育,武侯区,104.036994,30.634745
肖家河正街社区青少年活动室,edu,科教文化服务;文化宫;文化宫,武侯区,104.039274,30.635064
未来神童教育中心,edu,科教文化服务;科教文化场所;科教文化场所,武侯区,104.036987,30.634771
艺鸣琴行(肖家河中街),edu,科教文化服务;培训机构;培训机构,武侯区,104.040584,30.63359
金老师韩国语教室,edu,科教文化服务;培训机构;培训机构,武侯区,104.037905,30.633856
言知艺术中心,edu,科教文化服务;科教文化场所;科教文化场所,武侯区,104.039481,30.639446
成都社区中医专家研究基地,edu,科教文化服务;科研机构;科研机构,武侯区,104.041058,30.634881
成都西南儿童自闭症研究院,edu,科教文化服务;科研机构;科研机构,武侯区,104.034028,30.637597
成都市益州书画院,edu,科教文化服务;科教文化场所;科教文化场所,武侯区,104.038991,30.631693
成都西南儿童矮小·遗尿症研究院,edu,科教文化服务;科研机构;科研机构,武侯区,104.034111,30.637634
高新区名医馆医学研究中心,edu,科教文化服务;科研机构;科研机构,武侯区,104.041128,30.634764
卡农钢琴艺术教育,edu,科教文化服务;培训机构;培训机构,武侯区,104.039626,30.639348
羽丰教育(高升桥北街),edu,科教文化服务;培训机构;培训机构,武侯区,104.039626,30.639348
艺蓉舞蹈美术培训学校,edu,科教文化服务;培训机构;培训机构,武侯区,104.040631,30.639372
联谊社区太极拳辅导站,edu,科教文化服务;培训机构;培训机构,武侯区,104.038937,30.631377
肖家河书画社,edu,科教文化服务;科教文化场所;科教文化场所,武侯区,104.038991,30.631693
联谊社区青少年活动中心,edu,科教文化服务;科教文化场所;科教文化场所,武侯区,104.038893,30.631241
青晨艺术教育,edu,科教文化服务;培训机构;培训机构,武侯区,104.040066,30.639202
炫音艺术,edu,科教文化服务;培训机构;培训机构,武侯区,104.040042,30.63387
星学堂,edu,科教文化服务;培训机构;培训机构,武侯区,104.04259,30.632902
成都市民道德讲堂,edu,科教文化服务;培训机构;培训机构,武侯区,104.036522,30.635314
三味书院,edu,科教文化服务;培训机构;培训机构,武侯区,104.04095,30.637404
登琪尔美容培训学校,edu,科教文化服务;培训机构;培训机构,武侯区,104.040271,30.639052
联谊社区市民普法学校,edu,科教文化服务;培训机构;培训机构,武侯区,104.038937,30.631377
成都大陆桥职业培训中心,edu,科教文化服务;培训机构;培训机构,武侯区,104.039626,30.639348
成都电视台新闻综合频道,edu,科教文化服务;科教文化场所;科教文化场所,武侯区,104.037776,30.629968
省直机关实验婴儿园教育集团罗浮分园,edu,科教文化服务;学校;幼儿园,武侯区,104.037198,30.637635
中国四川省书画研究院,edu,科教文化服务;科研机构;科研机构,武侯区,104.038991,30.631693
武大格鲁伯儿童大学(肖家河沿街),edu,科教文化服务;培训机构;培训机构,武侯区,104.037905,30.633856
成都晚报教育周刊小记者站,edu,科教文化服务;传媒机构;传媒机构,武侯区,104.042354,30.63234
肖家河正街社区母亲课堂,edu,科教文化服务;培训机构;培训机构,武侯区,104.038573,30.633983
少儿频道,edu,科教文化服务;科教文化场所;科教文化场所,武侯区,104.038372,30.629573
成都思美文化传播有限公司,edu,科教文化服务;传媒机构;传媒机构,武侯区,104.04682,30.638774
墨池文化艺术培训中心,edu,科教文化服务;培训机构;培训机构,武侯区,104.048848,30.635064
成都福泽教育培训中心,edu,科教文化服务;培训机构;培训机构,武侯区,104.050881,30.637958
西南民族学院民族博物馆,edu,科教文化服务;博物馆;博物馆,武侯区,104.046946,30.638493
西南民族大学教务处,edu,科教文化服务;学校;高等院校,武侯区,104.046167,30.638866
成都高新区芳草小学,edu,科教文化服务;学校;小学,武侯区,104.053081,30.633092
音乐幼儿园,edu,科教文化服务;学校;幼儿园,武侯区,104.05005,30.638495
易多英语学校,edu,科教文化服务;培训机构;培训机构,武侯区,104.050893,30.638028
卓越教育(一环路南四段),edu,科教文化服务;培训机构;培训机构,武侯区,104.046781,30.63812
尖子生教育(永丰路),edu,科教文化服务;培训机构;培训机构,武侯区,104.047463,30.634313
墨池学校教学大楼,edu,科教文化服务;学校;学校,武侯区,104.048991,30.63522
雅乐大酒店-会议厅,edu,科教文化服务;会展中心;会展中心,武侯区,104.051998,30.635659
四川广播电视大学,edu,科教文化服务;学校;成人教育,武侯区,104.047465,30.634315
长盛帝都国际酒店-会议厅,edu,科教文化服务;会展中心;会展中心,武侯区,104.045834,30.629925
川办幼儿园,edu,科教文化服务;学校;幼儿园,武侯区,104.047025,30.636618
天籁艺术学校,edu,科教文化服务;学校;学校|科教文化服务;培训机构;培训机构,武侯区,104.046353,30.632105
成都福泽会计职业学校,edu,科教文化服务;学校;职业技术学校,武侯区,104.050755,30.638
成都墨池学校,edu,科教文化服务;学校;学校,武侯区,104.0492,30.635188
成都西部白癜风研究院,edu,科教文化服务;科研机构;科研机构,武侯区,104.048216,30.637828
永丰社区青少年活动中心,edu,科教文化服务;文化宫;文化宫,武侯区,104.043705,30.635651
四川省直属机关玉泉幼儿园王府分园,edu,科教文化服务;学校;幼儿园,武侯区,104.049796,30.633751
西南民族大学-木偶剧团,edu,科教文化服务;文艺团体;文艺团体,武侯区,104.0472,30.638528
成都市少儿艺术剧团,edu,科教文化服务;文艺团体;文艺团体,武侯区,104.047292,30.638391
金万汇幼稚园,edu,科教文化服务;学校;幼儿园,武侯区,104.049799,30.633755
四川广播电视大学墨池分院,edu,科教文化服务;学校;成人教育,武侯区,104.047797,30.634146
国家经济信息系统(成都培训中心),edu,科教文化服务;培训机构;培训机构,武侯区,104.052844,30.635205
电大办公室,edu,科教文化服务;科教文化场所;科教文化场所,武侯区,104.051617,30.633072
渟的乌托邦艺术空间,edu,科教文化服务;科教文化场所;科教文化场所,武侯区,104.053251,30.631048
三峡质量培训公司,edu,科教文化服务;科教文化场所;科教文化场所,武侯区,104.046041,30.632401
医学验光,edu,科教文化服务;科教文化场所;科教文化场所,武侯区,104.049976,30.637771
点石教育中心,edu,科教文化服务;培训机构;培训机构,武侯区,104.052565,30.636052
永丰社区太极拳辅导站,edu,科教文化服务;培训机构;培训机构,武侯区,104.043706,30.635654
点石·梦又圆教育,edu,科教文化服务;培训机构;培训机构,武侯区,104.052565,30.636052
婷de邬托邦,edu,科教文化服务;培训机构;培训机构,武侯区,104.053237,30.631059
四川昕月教育,edu,科教文化服务;培训机构;培训机构,武侯区,104.048848,30.635064
新育才学校(洗面桥街),edu,科教文化服务;培训机构;培训机构,武侯区,104.050819,30.637976
点石教育(沙子堰中巷),edu,科教文化服务;培训机构;培训机构,武侯区,104.052643,30.633002
四川艺馨艺术培训中心,edu,科教文化服务;培训机构;培训机构,武侯区,104.044843,30.630472
无忧教育,edu,科教文化服务;培训机构;培训机构,武侯区,104.052502,30.636116
燃笔煮墨书画院,edu,科教文化服务;培训机构;培训机构,武侯区,104.044364,30.632943
颠复课堂,edu,科教文化服务;培训机构;培训机构,武侯区,104.052502,30.636116
邬可吉他艺术中心,edu,科教文化服务;培训机构;培训机构,武侯区,104.053282,30.631101
艺术空间音乐表演培训,edu,科教文化服务;培训机构;培训机构,武侯区,104.053196,30.631056
中国社会经济调查研究中心西南中心,edu,科教文化服务;科研机构;科研机构,武侯区,104.052844,30.635206
西南民族大学-读者报家校周刊,edu,科教文化服务;科教文化场所;科教文化场所,武侯区,104.047522,30.638863
精灵之舞,edu,科教文化服务;培训机构;培训机构,武侯区,104.044843,30.630472
四川大学四川省经济信息中心网络教育学习中心,edu,科教文化服务;学校;成人教育,武侯区,104.052844,30.635206
成都分智教育咨询有限公司,edu,科教文化服务;培训机构;培训机构,武侯区,104.052572,30.636126
博才学校(肖家河沿街),edu,科教文化服务;培训机构;培训机构,武侯区,104.044843,30.630472
成都倩侔芭蕾舞学校,edu,科教文化服务;培训机构;培训机构,武侯区,104.050793,30.638969
阳光飞扬英语学校(一环路南四段),edu,科教文化服务;培训机构;培训机构,武侯区,104.046126,30.638324
四川人民艺术剧院艺术培训中心(南校区),edu,科教文化服务;培训机构;培训机构,武侯区,104.050793,30.638969
成都中援紧急救助员职业技能培训中心,edu,科教文化服务;培训机构;培训机构,武侯区,104.047765,30.634112
四川省教育考试院信访接待室,edu,科教文化服务;科教文化场所;科教文化场所,武侯区,104.049533,30.629777
刘氏传承书院,edu,科教文化服务;培训机构;培训机构,武侯区,104.045264,30.633121
成都天地驰骋会议会展,edu,科教文化服务;科教文化场所;科教文化场所,武侯区,104.04685,30.638774
培根皮革科研所,edu,科教文化服务;科研机构;科研机构,武侯区,104.051329,30.633192
芳莆幼儿园,edu,科教文化服务;学校;幼儿园,武侯区,104.050887,30.631344
清河完小,edu,科教文化服务;学校;小学,武侯区,104.048354,30.637817
法国语言文化中心,edu,科教文化服务;文化宫;文化宫,武侯区,104.059671,30.636126
龙门文化艺术培训中心,edu,科教文化服务;培训机构;培训机构,武侯区,104.05592,30.635483
四川省运动技术学院,edu,科教文化服务;学校;高等院校,武侯区,104.060629,30.634425
东华幼儿园(小天北街),edu,科教文化服务;学校;幼儿园,武侯区,104.056518,30.638223
武侯计算机实验小学,edu,科教文化服务;学校;小学,武侯区,104.06075,30.638562
四川省运动技术学院(东门),edu,科教文化服务;学校;职业技术学校,武侯区,104.061775,30.635615
武侯计算机实验小学银杏园,edu,科教文化服务;学校;小学,武侯区,104.060702,30.63786
武侯计算机实验小学梧桐园,edu,科教文化服务;学校;小学,武侯区,104.060878,30.638546
中国游泳协会跳水学校,edu,科教文化服务;学校;学校,武侯区,104.059919,30.635269
四川省运动技术学院岷山演艺中心,edu,科教文化服务;学校;高等院校,武侯区,104.061901,30.6346
新天艺术学校,edu,科教文化服务;学校;职业技术学校|科教文化服务;培训机构;培训机构,武侯区,104.059653,30.635994
成都爱萌幼稚园,edu,科教文化服务;学校;幼儿园,武侯区,104.05908,30.633221
四川省运动技术学院-四川省体操学校,edu,科教文化服务;学校;职业技术学校,武侯区,104.060297,30.633986
玉林街道玉林北路社区档案室,edu,科教文化服务;档案馆;档案馆,武侯区,104.058508,30.630806
武侯区玉林东路社区图书阅览室,edu,科教文化服务;图书馆;图书馆,武侯区,104.060712,30.630594
四川省运动技术学院游泳系,edu,科教文化服务;学校;高等院校,武侯区,104.059912,30.634722
四川旅游学院自考学习中心,edu,科教文化服务;学校;成人教育,武侯区,104.059822,30.635539
幻维数码动画学院,edu,科教文化服务;培训机构;培训机构,武侯区,104.058171,30.635118
四川省运动技术学院体操系,edu,科教文化服务;学校;高等院校,武侯区,104.060079,30.633888
四川省运动技术学院-四川省游泳学校,edu,科教文化服务;学校;学校,武侯区,104.059919,30.635269
东升计算机专业学校,edu,科教文化服务;学校;职业技术学校,武侯区,104.056385,30.634439
西南银屑病研究院,edu,科教文化服务;科研机构;科研机构,武侯区,104.063058,30.637436
天翼羽毛球馆,edu,科教文化服务;培训机构;培训机构,武侯区,104.062064,30.635103
成都市蓝空白癜风研究院,edu,科教文化服务;科研机构;科研机构,武侯区,104.063058,30.637436
武侯区社区学院玉林东路分校,edu,科教文化服务;学校;学校,武侯区,104.060362,30.63031
新思维学校(玉林校区),edu,科教文化服务;培训机构;培训机构,武侯区,104.05573,30.635043
四川广播电视大学直属学院锦华教学点,edu,科教文化服务;学校;成人教育,武侯区,104.059822,30.635539
中国社会经济调查研究中心驻成都办事处(新源巷9号院东北),edu,科教文化服务;科研机构;科研机构,武侯区,104.05438,30.635493
戴氏英语(城南分校),edu,科教文化服务;培训机构;培训机构,武侯区,104.0572,30.635295
成都舞姿舞蹈俱乐部,edu,科教文化服务;培训机构;培训机构,武侯区,104.054942,30.638388
玫瑰舞蹈培训中心,edu,科教文化服务;培训机构;培训机构,武侯区,104.063129,30.631724
玉林北路社区讲堂法治大讲堂,edu,科教文化服务;科教文化场所;科教文化场所,武侯区,104.058898,30.630807
四川省运动技术学院对外培训班羽毛球3号馆,edu,科教文化服务;培训机构;培训机构,武侯区,104.062078,30.635139
四川省游泳馆培训部,edu,科教文化服务;培训机构;培训机构,武侯区,104.060493,30.635167
点线面少儿学习中心,edu,科教文化服务;培训机构;培训机构,武侯区,104.059577,30.638024
艺术教育,edu,科教文化服务;培训机构;培训机构,武侯区,104.055683,30.635495
德勤会计培训,edu,科教文化服务;培训机构;培训机构,武侯区,104.058242,30.635472
海伦凯勒青少年训练营,edu,科教文化服务;培训机构;培训机构,武侯区,104.058554,30.638907
四川省运动技术学院-搏击体育,edu,购物服务;体育用品店;体育用品店|科教文化服务;培训机构;培训机构,武侯区,104.059911,30.635539
必通教育,edu,科教文化服务;培训机构;培训机构,武侯区,104.058264,30.635439
金点子,edu,科教文化服务;培训机构;培训机构,武侯区,104.058727,30.637527
众优优教育,edu,科教文化服务;培训机构;培训机构,武侯区,104.056228,30.635013
易尚教育(成都分校),edu,科教文化服务;培训机构;培训机构,武侯区,104.055441,30.635476
艺海星少儿培训中心,edu,科教文化服务;培训机构;培训机构,武侯区,104.058182,30.635406
海伦艺术教育(一环路南三段),edu,科教文化服务;培训机构;培训机构,武侯区,104.059653,30.635994
伊诚地产培训中心,edu,科教文化服务;培训机构;培训机构,武侯区,104.056296,30.635001
融解教育培训学校,edu,科教文化服务;培训机构;培训机构,武侯区,104.056385,30.634435
西子化妆学校,edu,科教文化服务;培训机构;培训机构,武侯区,104.058122,30.635441
诚信技能培训学校,edu,科教文化服务;培训机构;培训机构,武侯区,104.058233,30.635428
望子成龙学校(玉林校区),edu,科教文化服务;培训机构;培训机构,武侯区,104.056296,30.635001
中国社会经济调查研究中心中小企业发展研究所(新源巷9号院东北),edu,科教文化服务;科研机构;科研机构,武侯区,104.05438,30.635493
牧人教育纯外教英语口语,edu,科教文化服务;培训机构;培训机构,武侯区,104.054817,30.635902
优优数学学校(玉林校区),edu,科教文化服务;培训机构;培训机构,武侯区,104.056248,30.634988
中国救生协会四川救生员培训中心,edu,科教文化服务;培训机构;培训机构,武侯区,104.059919,30.635269
芳草街道新能社区青少年之家,edu,科教文化服务;培训机构;培训机构,武侯区,104.053687,30.63248
四川西南心理咨询师培训中心,edu,科教文化服务;培训机构;培训机构,武侯区,104.059027,30.63917
成都经财会计职业技能培训学校,edu,科教文化服务;培训机构;培训机构,武侯区,104.061803,30.631858
四川省硬笔书法家协会定点培训中心,edu,科教文化服务;培训机构;培训机构,武侯区,104.053695,30.632493
四川财政职业学院会计培训中心,edu,科教文化服务;培训机构;培训机构,武侯区,104.061796,30.631844
农行培训学校,edu,科教文化服务;培训机构;培训机构,武侯区,104.061475,30.630204
玉林村出版社,edu,科教文化服务;传媒机构;出版社,武侯区,104.05978,30.632547
慧科教育,edu,科教文化服务;培训机构;培训机构,武侯区,104.07177,30.635328
文化传播俱乐部,edu,科教文化服务;科教文化场所;科教文化场所,武侯区,104.065356,30.633989
跳伞塔街道办事处社区文化活动室,edu,科教文化服务;文化宫;文化宫,武侯区,104.069408,30.634496
成都毛豆文化传媒有限公司,edu,科教文化服务;科教文化场所;科教文化场所,武侯区,104.071816,30.63714
新棕北文化艺术走廊,edu,科教文化服务;科教文化场所;科教文化场所,武侯区,104.0708,30.632309
成都尼洋文化传播有限公司,edu,科教文化服务;科教文化场所;科教文化场所,武侯区,104.072148,30.635795
四川亚恩斯文化传播有限公司,edu,科教文化服务;科教文化场所;科教文化场所,武侯区,104.065345,30.634355
成都顶尖互动文化传播有限公司,edu,科教文化服务;科教文化场所;科教文化场所,武侯区,104.071672,30.632167
成都亚健体育文化传播有限公司,edu,科教文化服务;科教文化场所;科教文化场所,武侯区,104.065681,30.637257
成都尚源博睿文化传播有限公司,edu,科教文化服务;科教文化场所;科教文化场所,武侯区,104.064444,30.635188
CDP翰雅阁文化传播有限公司,edu,科教文化服务;科教文化场所;科教文化场所,武侯区,104.065356,30.633989
成都传世蓉安文化传播有限公司,edu,科教文化服务;科教文化场所;科教文化场所,武侯区,104.065138,30.6354
西华大学人南校区-后勤服务中心,edu,科教文化服务;科教文化场所;科教文化场所,武侯区,104.064476,30.636926
武侯区社区教育学院跳伞塔分校,edu,科教文化服务;学校;高等院校,武侯区,104.069408,30.634496
成都七中国际部,edu,科教文化服务;学校;中学,武侯区,104.072372,30.638457
中国科学院建设部山地城镇与区域研究中心(成科西路),edu,科教文化服务;科研机构;科研机构,武侯区,104.067871,30.632147
中国科学院成都分院,edu,科教文化服务;学校;高等院校,武侯区,104.070575,30.633108
磨子桥小学,edu,科教文化服务;学校;小学,武侯区,104.068826,30.63578
北大青鸟(一环路南二段),edu,科教文化服务;培训机构;培训机构,武侯区,104.064856,30.636418
棕北中学,edu,科教文化服务;学校;中学,武侯区,104.068662,30.629547
中国科学院成都生物研究所,edu,科教文化服务;科研机构;科研机构,武侯区,104.069027,30.6325
武侯区外国语实验学校,edu,科教文化服务;学校;中学,武侯区,104.068826,30.63578
协创教育,edu,科教文化服务;培训机构;培训机构,武侯区,104.065331,30.635439
中国科学院成都有机化学研究所,edu,科教文化服务;科研机构;科研机构,武侯区,104.070626,30.632626
中国科学院成都计算机应用研究所,edu,科教文化服务;科研机构;科研机构,武侯区,104.071388,30.633122
文物保护中心,edu,科教文化服务;科教文化场所;科教文化场所,武侯区,104.064621,30.633011
成都师范学院,edu,科教文化服务;学校;高等院校,武侯区,104.063699,30.638819
成都七中林荫校区,edu,科教文化服务;学校;中学,武侯区,104.072407,30.637915
西华大学-院学生会,edu,科教文化服务;学校;高等院校,武侯区,104.0643,30.637296
西华大学(西门),edu,科教文化服务;学校;高等院校|通行设施;临街院门;临街院正门,武侯区,104.064338,30.636735
中国科学院盐亭紫色土农业生态试验站(成科西路),edu,科教文化服务;科研机构;科研机构,武侯区,104.067871,30.632148
四川省电子技术研究所,edu,科教文化服务;科研机构;科研机构,武侯区,104.065466,30.631728
西华大学科技园,edu,科教文化服务;学校;高等院校,武侯区,104.065565,30.636576
四川省计算机研究院,edu,科教文化服务;科研机构;科研机构,武侯区,104.065466,30.631728
成都广播电视大学,edu,科教文化服务;学校;成人教育,武侯区,104.071206,30.632121
清雅阅览室,edu,科教文化服务;图书馆;图书馆,武侯区,104.068688,30.639186
西华大学图书馆,edu,科教文化服务;图书馆;图书馆,武侯区,104.064696,30.63681
科分院实验幼儿园,edu,科教文化服务;学校;幼儿园,武侯区,104.070436,30.634402
外国语实验学校(一环路分校),edu,科教文化服务;学校;小学,武侯区,104.068824,30.635858
百家筝鸣古筝艺术中心,edu,科教文化服务;美术馆;美术馆,武侯区,104.064593,30.631471
四川科技报社,edu,科教文化服务;传媒机构;报社,武侯区,104.064603,30.630865
西南技术物理研究所(成科西路),edu,科教文化服务;科研机构;科研机构,武侯区,104.06544,30.6323
中国科学院成都分院分析测试中心,edu,科教文化服务;科研机构;科研机构,武侯区,104.071189,30.632625
中国科学院成都文献情报中心,edu,科教文化服务;科研机构;科研机构,武侯区,104.067803,30.633119
四川电大(南翔分院),edu,科教文化服务;学校;成人教育,武侯区,104.067712,30.632581
瀚雅艺术中心(CDP),edu,科教文化服务;美术馆;美术馆,武侯区,104.065356,30.633989
四川省科学技术研究成果档案馆,edu,科教文化服务;档案馆;档案馆,武侯区,104.066676,30.630209
科分院计算机研究所,edu,科教文化服务;科研机构;科研机构,武侯区,104.068629,30.635834
童心亲子园,edu,科教文化服务;学校;幼儿园,武侯区,104.070127,30.638147
中国科学院成都分院分析测试中心,edu,科教文化服务;科研机构;科研机构,武侯区,104.071189,30.632625
中国科学院成都文献情报中心,edu,科教文化服务;科研机构;科研机构,武侯区,104.067803,30.633119
四川电大(南翔分院),edu,科教文化服务;学校;成人教育,武侯区,104.067712,30.632581
瀚雅艺术中心(CDP),edu,科教文化服务;美术馆;美术馆,武侯区,104.065356,30.633989
四川省科学技术研究成果档案馆,edu,科教文化服务;档案馆;档案馆,武侯区,104.066676,30.630209
科分院计算机研究所,edu,科教文化服务;科研机构;科研机构,武侯区,104.068629,30.635834
童心亲子园,edu,科教文化服务;学校;幼儿园,武侯区,104.070127,30.638147
四川省文物考古研究院,edu,科教文化服务;科研机构;科研机构,武侯区,104.065109,30.633012
四川省自然资源科学研究院,edu,科教文化服务;科研机构;科研机构,武侯区,104.066549,30.63527
西华大学(人南校区),edu,科教文化服务;学校;高等院校,武侯区,104.065696,30.637218
成都光电技术研究所,edu,科教文化服务;科研机构;科研机构,武侯区,104.06807,30.631813
成都洋话连篇外语学校,edu,科教文化服务;培训机构;培训机构,武侯区,104.065551,30.639396
社会资源研究院,edu,科教文化服务;科研机构;科研机构,武侯区,104.066178,30.63568
四川省轻工业情报研究所,edu,科教文化服务;科研机构;科研机构,武侯区,104.068688,30.639118
世纪东方传媒,edu,科教文化服务;传媒机构;传媒机构,武侯区,104.065551,30.639396
西华大学(人南校区)-教学楼,edu,科教文化服务;学校;学校,武侯区,104.064751,30.636939
用友新道学院成都教学中心,edu,科教文化服务;学校;高等院校,武侯区,104.071642,30.632202
中国科学院成都教育基地,edu,科教文化服务;科研机构;科研机构|科教文化服务;培训机构;培训机构,武侯区,104.071534,30.631565
金苹果新蒙特梭利幼稚园(棕北园),edu,科教文化服务;学校;幼儿园,武侯区,104.071224,30.630071
成都梦石拉丁舞学校,edu,科教文化服务;培训机构;培训机构,武侯区,104.063662,30.631718
西南技术物理研究所(成都本部),edu,科教文化服务;科研机构;科研机构,武侯区,104.065619,30.632079
四川省数据挖掘研究所,edu,科教文化服务;科研机构;科研机构,武侯区,104.070122,30.637937
成都自由式舞蹈工作室,edu,科教文化服务;培训机构;培训机构,武侯区,104.072474,30.636465
文蓝国际学习中心,edu,科教文化服务;科教文化场所;科教文化场所,武侯区,104.064959,30.631635
中国科学院成都分院科蓉艺术团,edu,科教文化服务;文艺团体;文艺团体,武侯区,104.070978,30.634948
翔博教育(人南校区),edu,科教文化服务;培训机构;培训机构,武侯区,104.065012,30.635661
省科普中心,edu,科教文化服务;科教文化场所;科教文化场所,武侯区,104.064683,30.630665
美博教育(锦江店),edu,科教文化服务;培训机构;培训机构,武侯区,104.064436,30.635206
启明托训中心,edu,科教文化服务;科教文化场所;科教文化场所,武侯区,104.068632,30.635476
成都出国留学预备学校,edu,科教文化服务;科教文化场所;科教文化场所,武侯区,104.064647,30.630673
童萌绘育教托管中心,edu,科教文化服务;科教文化场所;科教文化场所,武侯区,104.069596,30.63538
天然产物研究中心,edu,科教文化服务;科教文化场所;科教文化场所,武侯区,104.067044,30.632109
晶鑫影视制作中心,edu,科教文化服务;科教文化场所;科教文化场所,武侯区,104.06543,30.635692
自然源研究所,edu,科教文化服务;科教文化场所;科教文化场所,武侯区,104.06659,30.634277
四川省科技交流中心,edu,科教文化服务;科教文化场所;科教文化场所,武侯区,104.064683,30.630665
成都新华图书发行所,edu,科教文化服务;科教文化场所;科教文化场所,武侯区,104.072148,30.635795
金色童年益智园,edu,科教文化服务;科教文化场所;科教文化场所,武侯区,104.069264,30.635131
多彩形象设计艺术学校,edu,科教文化服务;学校;职业技术学校,武侯区,104.072059,30.635732
中国科学院光电技术研究所(成科西路),edu,科教文化服务;科研机构;科研机构,武侯区,104.06807,30.631813
洁苑会计培训,edu,科教文化服务;培训机构;培训机构,武侯区,104.068355,30.632729
云南东川泥石流国际野外科学观测研究站,edu,科教文化服务;科研机构;科研机构,武侯区,104.06897,30.633234
中国廉政法制研究会调研部四川中心,edu,科教文化服务;科研机构;科研机构,武侯区,104.065551,30.639396
圣丽化妆美甲培训学校,edu,科教文化服务;培训机构;培训机构,武侯区,104.07233,30.635849
中国科学院东川泥石流观测研究站(成科西路),edu,科教文化服务;科研机构;科研机构,武侯区,104.067868,30.632149
国家遥感应用工程技术研究中心西南分中心,edu,科教文化服务;科研机构;科研机构,武侯区,104.06897,30.633234
文物医院虚拟考古体验馆,edu,科教文化服务;科教文化场所;科教文化场所,武侯区,104.064451,30.633034
成都凤凰教育培训中心,edu,科教文化服务;培训机构;培训机构,武侯区,104.064326,30.637319
四川盐亭农田生态系统国际野外科学观测研究站,edu,科教文化服务;科研机构;科研机构,武侯区,104.06897,30.633234
中国科学院山地表生过程与生态调控重点实验室,edu,科教文化服务;科研机构;科研机构,武侯区,104.06897,30.633234
成都状元通教育,edu,科教文化服务;培训机构;培训机构,武侯区,104.067676,30.635476
成都市第十一幼儿园棕北园区,edu,科教文化服务;学校;幼儿园,武侯区,104.071303,30.629853
西南技术物理研究所第二工作区,edu,科教文化服务;科研机构;科研机构,武侯区,104.066358,30.631744
西南技术物理研究所信息中心,edu,科教文化服务;科教文化场所;科教文化场所,武侯区,104.065042,30.632039
威纳舞蹈,edu,科教文化服务;培训机构;培训机构,武侯区,104.073334,30.638035
成都子为教育信息中心,edu,科教文化服务;培训机构;培训机构,武侯区,104.072178,30.635575
史瑞可国际教育,edu,科教文化服务;培训机构;培训机构,武侯区,104.07233,30.635849
OfferBOX留学,edu,科教文化服务;培训机构;培训机构,武侯区,104.065332,30.634714
优拓托管,edu,科教文化服务;培训机构;培训机构,武侯区,104.068278,30.635137
EF英语培训中心,edu,科教文化服务;培训机构;培训机构,武侯区,104.066218,30.634116
英孚教育英语培训中心,edu,科教文化服务;培训机构;培训机构,武侯区,104.066218,30.634116
六艺堂艺术培训基地,edu,科教文化服务;培训机构;培训机构,武侯区,104.071946,30.632373
艺灵舞蹈教育学校,edu,科教文化服务;培训机构;培训机构,武侯区,104.071398,30.632289
成都分院教育基地,edu,科教文化服务;培训机构;培训机构,武侯区,104.067044,30.632109
新欣培训学校,edu,科教文化服务;培训机构;培训机构,武侯区,104.064788,30.63542
西南技术物理研究所制造中心,edu,科教文化服务;科教文化场所;科教文化场所,武侯区,104.06544,30.6323
中国科学院水利部成都山地灾害与环境研究所(科学园医院东南),edu,科教文化服务;科研机构;科研机构,武侯区,104.06897,30.633234
经邦人才培训中心,edu,科教文化服务;培训机构;培训机构,武侯区,104.067712,30.632581
亚太教育,edu,科教文化服务;培训机构;培训机构,武侯区,104.064681,30.630662
索引教育,edu,科教文化服务;培训机构;培训机构,武侯区,104.065002,30.631732
西华大学人南校区培训部,edu,科教文化服务;培训机构;培训机构,武侯区,104.064721,30.637225
佳音英语(磨子桥分校),edu,科教文化服务;培训机构;培训机构,武侯区,104.073334,30.638035
成都金晨软件培训中心,edu,科教文化服务;培训机构;培训机构,武侯区,104.064352,30.63649
西南技术物理研究所工艺技术中心,edu,科教文化服务;科教文化场所;科教文化场所,武侯区,104.06544,30.6323
百家筝鸣(人民南路四段),edu,科教文化服务;培训机构;培训机构,武侯区,104.064572,30.631327
成都理工大学继续教育学院时代教学部,edu,科教文化服务;学校;成人教育,武侯区,104.067606,30.632587
四川大地计算机培训学校,edu,科教文化服务;培训机构;培训机构,武侯区,104.072907,30.636394
斯芬克国际艺术教育(成都分部),edu,科教文化服务;培训机构;培训机构,武侯区,104.064711,30.634081
中国企业管理成都培训中心,edu,科教文化服务;培训机构;培训机构,武侯区,104.064721,30.637225
仁和会计培训学校(磨子桥校区),edu,科教文化服务;培训机构;培训机构,武侯区,104.072907,30.636401
四川省山区减灾工程技术研究中心(科学园医院东南),edu,科教文化服务;科研机构;科研机构,武侯区,104.06897,30.633234
中美合作教育tsp学习中心,edu,科教文化服务;培训机构;培训机构,武侯区,104.064317,30.635187
国家执业(职业)资格培训中心,edu,科教文化服务;培训机构;培训机构,武侯区,104.063683,30.63162
乐趣音乐文化,edu,科教文化服务;培训机构;培训机构,武侯区,104.08217,30.637764
星耀天下文化传播公司,edu,科教文化服务;科教文化场所;科教文化场所,武侯区,104.075247,30.631825
爱思教育文化发展中心,edu,科教文化服务;培训机构;培训机构,武侯区,104.074242,30.633823
成都新海星文化传播公司,edu,科教文化服务;科教文化场所;科教文化场所,武侯区,104.077432,30.637487
成都朗朗文化传播有限公司,edu,科教文化服务;传媒机构;传媒机构,武侯区,104.07706,30.638149
六号先声文化传播有限公司,edu,科教文化服务;传媒机构;传媒机构,武侯区,104.07706,30.638149
海天培训学校文化艺术培训中心,edu,科教文化服务;培训机构;培训机构,武侯区,104.074022,30.633396
成都魅力映像文化传播有限公司,edu,科教文化服务;传媒机构;传媒机构,武侯区,104.077058,30.638148
成都市世纪冰河文化传媒有限公司,edu,科教文化服务;传媒机构;传媒机构,武侯区,104.077058,30.638148
四川大学(望江校区)-成都喜宝汇文化传播有限公司,edu,科教文化服务;传媒机构;传媒机构|公司企业;公司;公司,武侯区,104.074064,30.63224
独角兽文化传播有限公司成都办事处,edu,科教文化服务;传媒机构;传媒机构,武侯区,104.077058,30.638148
四川大学望江校区读者服务部,edu,科教文化服务;学校;高等院校,武侯区,104.077347,30.634128
四川大学学生就业指导服务中心,edu,生活服务;生活服务场所;生活服务场所|科教文化服务;科教文化场所;科教文化场所,武侯区,104.076684,30.636745
四川大学(望江校区),edu,科教文化服务;学校;高等院校,武侯区,104.081216,30.633283
四川大学(望江校区)-鹰之翼教育,edu,科教文化服务;培训机构;培训机构,武侯区,104.073983,30.635424
四川大学望江校区研究生院,edu,科教文化服务;学校;高等院校,武侯区,104.077562,30.632426
四川大学规划建设处,edu,科教文化服务;学校;高等院校,武侯区,104.074788,30.630852
四川广汉速记秘书学院,edu,科教文化服务;学校;高等院校,武侯区,104.080446,30.638922
清华大学继续教育学院,edu,科教文化服务;学校;成人教育,武侯区,104.078941,30.638244
四川大学望江校区成人教育学院,edu,科教文化服务;学校;成人教育,武侯区,104.075516,30.634497
四川大学望江校区网络教育学院,edu,科教文化服务;学校;成人教育,锦江区,104.07724,30.636017
四川大学望江校区电子信息学院,edu,科教文化服务;学校;高等院校,武侯区,104.079202,30.635067
四川大学望江校区化学工程学院,edu,科教文化服务;学校;高等院校,武侯区,104.074643,30.635372
四川大学望江校区建筑与环境学院,edu,科教文化服务;学校;高等院校,武侯区,104.075922,30.634711
四川大学望江校区体育学院,edu,科教文化服务;学校;高等院校,武侯区,104.0814,30.631262
四川大学望江校区计算机学院,edu,科教文化服务;学校;高等院校,武侯区,104.078554,30.63372
四川大学望江校区规划建设处,edu,科教文化服务;学校;高等院校,武侯区,104.074967,30.630854
四川大学望江校区软件学院,edu,科教文化服务;学校;高等院校,武侯区,104.078554,30.63372
四川大学望江校区档案馆,edu,科教文化服务;档案馆;档案馆,武侯区,104.076485,30.63359
四川音乐学院校本部综合楼,edu,科教文化服务;学校;高等院校,武侯区,104.075885,30.638975
四川大学望江校区吴玉章学院,edu,科教文化服务;学校;高等院校,武侯区,104.079179,30.634601
四川大学西5教演播厅,edu,科教文化服务;学校;高等院校,武侯区,104.077066,30.636291
四川大学望江校区电气信息学院,edu,科教文化服务;学校;高等院校,武侯区,104.079179,30.634601
四川大学望江校区现代教育技术中心,edu,科教文化服务;学校;高等院校,武侯区,104.079179,30.634601
四川音乐学院校本部小音乐厅,edu,科教文化服务;学校;高等院校,武侯区,104.075885,30.638975
四川大学望江校区电子信息学院光电科学技术系,edu,科教文化服务;学校;高等院校,武侯区,104.079202,30.635067
四川大学望江校区电子信息学院信息安全工程系,edu,科教文化服务;学校;高等院校,武侯区,104.079202,30.635067
龙门教育,edu,科教文化服务;培训机构;培训机构,武侯区,104.08085,30.638339
四川大学外国专家楼,edu,科教文化服务;学校;高等院校,武侯区,104.079551,30.633951
四川音乐学院校本部电子音乐系,edu,科教文化服务;学校;高等院校,武侯区,104.075885,30.638975
四川大学-研究生院,edu,科教文化服务;学校;高等院校,武侯区,104.077341,30.632309
四川大学研究生教学楼,edu,科教文化服务;学校;高等院校,武侯区,104.077341,30.632309
四川大学望江校区研究生院3区,edu,科教文化服务;学校;高等院校,武侯区,104.076206,30.633816
四川大学望江校区第二幼儿园,edu,科教文化服务;学校;幼儿园,武侯区,104.079691,30.631196
四川大学望江校区行政办公区,edu,科教文化服务;学校;高等院校,武侯区,104.077015,30.632621
绵阳师范学院,edu,科教文化服务;学校;高等院校,武侯区,104.078189,30.638055
四川大学精密仪器楼,edu,科教文化服务;学校;高等院校,武侯区,104.074675,30.633722
四川大学望江校区西5教学楼,edu,科教文化服务;学校;学校,武侯区,104.077105,30.636302
四川大学IBM技术中心,edu,科教文化服务;学校;高等院校,武侯区,104.076244,30.634081
四川大学-教育部,edu,科教文化服务;学校;高等院校,武侯区,104.074521,30.635113
四川大学望江校区研究生院3区,edu,科教文化服务;学校;高等院校,武侯区,104.076206,30.633816
四川大学望江校区第二幼儿园,edu,科教文化服务;学校;幼儿园,武侯区,104.079691,30.631196
四川大学望江校区行政办公区,edu,科教文化服务;学校;高等院校,武侯区,104.077015,30.632621
绵阳师范学院,edu,科教文化服务;学校;高等院校,武侯区,104.078189,30.638055
四川大学精密仪器楼,edu,科教文化服务;学校;高等院校,武侯区,104.074675,30.633722
四川大学望江校区西5教学楼,edu,科教文化服务;学校;学校,武侯区,104.077105,30.636302
四川大学IBM技术中心,edu,科教文化服务;学校;高等院校,武侯区,104.076244,30.634081
四川大学-教育部,edu,科教文化服务;学校;高等院校,武侯区,104.074521,30.635113
四川大学望江校区轻纺与食品学院,edu,科教文化服务;学校;高等院校,武侯区,104.076257,30.629685
四川大学望江校区高分子科学与工程学院,edu,科教文化服务;学校;高等院校,武侯区,104.07628,30.631825
四川大学皮革工程系,edu,科教文化服务;学校;高等院校,武侯区,104.074958,30.630475
四川大学望江校区外国专家楼,edu,科教文化服务;学校;学校,武侯区,104.079551,30.633951
四川大学望江校区纺工楼,edu,科教文化服务;学校;学校,武侯区,104.076264,30.629539
四川大学建筑与环境学院,edu,科教文化服务;学校;高等院校,武侯区,104.075922,30.634711
四川大学佛成阁皮革中心,edu,科教文化服务;学校;高等院校,武侯区,104.074958,30.630474
四川大学望江校区制造科学与工程学院,edu,科教文化服务;学校;高等院校,武侯区,104.076262,30.636129
四川大学望江校区电子信息学院无线电电子学系,edu,科教文化服务;学校;高等院校,武侯区,104.079202,30.635067
四川大学教育部出国留学人员培训部,edu,科教文化服务;培训机构;培训机构,武侯区,104.076417,30.63309
四川大学望江校区西4教学楼,edu,科教文化服务;学校;学校,武侯区,104.074782,30.633168
四川大学望江校区西3教学楼,edu,科教文化服务;学校;学校,武侯区,104.076204,30.63619
四川大学望江校区西2教学楼,edu,科教文化服务;学校;学校,武侯区,104.07464,30.63537
西南肛肠病研究院,edu,科教文化服务;科研机构;科研机构,武侯区,104.074042,30.635934
川音爱乐酒店会议中心,edu,科教文化服务;会展中心;会展中心,武侯区,104.077049,30.638127
四川大学望江校区行政办公楼,edu,科教文化服务;学校;学校,武侯区,104.075922,30.634711
四川大学望江校区逸夫科技楼,edu,科教文化服务;学校;学校,武侯区,104.076485,30.63359
四川音乐学院校本部数字音乐实验教学中心,edu,科教文化服务;学校;高等院校,武侯区,104.075885,30.638975
四川大学望江校区第四教学楼,edu,科教文化服务;学校;高等院校,武侯区,104.074803,30.633159
四川大学-图书馆,edu,科教文化服务;图书馆;图书馆,武侯区,104.076747,30.633961
四川大学望江校区-五教演播厅,edu,科教文化服务;学校;高等院校,武侯区,104.076835,30.636185
四川大学望江校区机电科技楼,edu,科教文化服务;学校;学校,武侯区,104.076094,30.630555
四川大学望江校区西区行政楼,edu,科教文化服务;学校;学校,武侯区,104.076266,30.634809
国家开发大学,edu,科教文化服务;学校;高等院校,武侯区,104.074242,30.633823
四川大学成教自考招生办公室,edu,科教文化服务;学校;高等院校,武侯区,104.076352,30.633834
四川大学望江校区教师休息室,edu,科教文化服务;学校;学校,武侯区,104.077616,30.632483
四川大学望江校区原子与分子物理研究所,edu,科教文化服务;科研机构;科研机构,武侯区,104.07724,30.636017
四川润禾鼻炎研究所,edu,科教文化服务;科研机构;科研机构,武侯区,104.073624,30.632682
四川广播电视大学(新南路),edu,科教文化服务;学校;成人教育,武侯区,104.073778,30.638339
四川大学望江校区出国留学预备学院,edu,科教文化服务;学校;高等院校,武侯区,104.076417,30.63309
成都科技经贸专修学校,edu,科教文化服务;培训机构;培训机构,武侯区,104.074311,30.630927
四川大学稀土纳米科技楼,edu,科教文化服务;科研机构;科研机构,武侯区,104.075349,30.633421
四川大学望江校区电气信息学院实验楼,edu,科教文化服务;学校;学校,武侯区,104.075388,30.63279
四川大学电气信息学院专业中心实验室,edu,科教文化服务;学校;高等院校,武侯区,104.075454,30.632921
四川大学望江校区高分子研究所,edu,科教文化服务;科研机构;科研机构,武侯区,104.074959,30.629724
四川大学国家助学贷款办公室望江办公点,edu,科教文化服务;学校;高等院校,武侯区,104.07947,30.637455
四川大学望江校区科技园培训中心,edu,科教文化服务;培训机构;培训机构,武侯区,104.074311,30.630927
四川大学望江校区工学图书馆,edu,科教文化服务;图书馆;图书馆,武侯区,104.076941,30.634407
四川大学望江校区科技园职业技能学院,edu,科教文化服务;学校;高等院校,武侯区,104.074252,30.633814
四川大学望江校区材料科学与工程实验教学中心,edu,科教文化服务;学校;高等院校,武侯区,104.075008,30.633319
四川大学老年大学二分校,edu,科教文化服务;学校;成人教育,武侯区,104.081723,30.635066
四川大学制造科学与工程学院测试技术与控制工程系,edu,科教文化服务;学校;高等院校,武侯区,104.074781,30.633721
四川大学望江校区IBM专业认证项目一级合作学校,edu,科教文化服务;学校;学校,武侯区,104.076159,30.634041
四川大学望江校区研究生教学楼1区,edu,科教文化服务;学校;高等院校,武侯区,104.076989,30.632764
四川大学望江校区制造科学与工程学院测试技术与控制工程系,edu,科教文化服务;学校;高等院校,武侯区,104.074715,30.633694
星海音乐堂,edu,体育休闲服务;娱乐场所;KTV|科教文化服务;培训机构;培训机构,武侯区,104.077058,30.638148
四川大学望江校区亚太服装学院,edu,科教文化服务;学校;高等院校,武侯区,104.075982,30.629566
四川大学望江校区国际学术交流中心及科研综合楼,edu,科教文化服务;学校;学校,武侯区,104.074678,30.632607
四川大学望江校区失效分析网点,edu,科教文化服务;学校;高等院校,武侯区,104.076019,30.636401
造价员培训,edu,科教文化服务;培训机构;培训机构,武侯区,104.074495,30.631578
机关电大建博建造师部,edu,科教文化服务;学校;成人教育,武侯区,104.074242,30.633823
成都市信息工程学校,edu,科教文化服务;学校;学校,武侯区,104.074242,30.633823
四川大学网络教育学院,edu,科教文化服务;学校;高等院校,武侯区,104.07725,30.63601
四川大学镁合金研究室,edu,科教文化服务;科研机构;科研机构,武侯区,104.076092,30.636643
四川大学望江校区老年大学二分校,edu,科教文化服务;学校;成人教育,武侯区,104.081675,30.635026
四川大学望江校区科技园人才培训中心,edu,科教文化服务;培训机构;培训机构,武侯区,104.074311,30.630927
四川大学望江校区中控室,edu,科教文化服务;学校;学校,武侯区,104.07703,30.632697
四川大学高分子研究所,edu,科教文化服务;科研机构;科研机构,武侯区,104.075031,30.629792
四川大学望江校区研究生教学楼3区,edu,科教文化服务;学校;高等院校,武侯区,104.077745,30.632057
四川大学望江校区文科综合实验教学中心,edu,科教文化服务;学校;高等院校,武侯区,104.07612,30.634074
军康皮肤医学研究院,edu,科教文化服务;科研机构;科研机构,武侯区,104.077574,30.637735
京翰1对1(川大校区),edu,科教文化服务;培训机构;培训机构,武侯区,104.077057,30.638149
新起点教育成都分校,edu,科教文化服务;科教文化场所;科教文化场所,武侯区,104.077432,30.637486
四川大学工程设计研究院,edu,科教文化服务;科研机构;科研机构,武侯区,104.076368,30.63009
四川大学原子与分子物理学报编辑部,edu,科教文化服务;传媒机构;报社,武侯区,104.07725,30.63601
成都程晓勇吉他艺术中心,edu,科教文化服务;美术馆;美术馆,武侯区,104.077173,30.638141
四川大学望江校区原子与分子物理学报编辑部,edu,科教文化服务;传媒机构;传媒机构,武侯区,104.07724,30.636017
好学堂学校,edu,科教文化服务;学校;学校,武侯区,104.082002,30.638149
四川大学望江校区纳米科技楼,edu,科教文化服务;学校;学校,武侯区,104.075405,30.633409
高能量密度物理及技术教育部重点实验室,edu,科教文化服务;学校;高等院校,武侯区,104.077374,30.63591
成都军盛中科癫痫病研究院,edu,科教文化服务;科研机构;科研机构,武侯区,104.075934,30.637479
IBM全球认证培训中心,edu,科教文化服务;培训机构;培训机构,武侯区,104.076238,30.634108
四川大学望江校区老年大学二分校教学点,edu,科教文化服务;学校;成人教育,武侯区,104.081782,30.634411
望子成龙学校(川大校区),edu,科教文化服务;科教文化场所;科教文化场所,武侯区,104.080488,30.638807
DS舞蹈生活馆,edu,科教文化服务;培训机构;培训机构,武侯区,104.079082,30.638495
四川大学望江校区图像信息研究所,edu,科教文化服务;科研机构;科研机构,武侯区,104.078554,30.63372
四川大学科技创新中心2号楼,edu,科教文化服务;科研机构;科研机构,武侯区,104.076366,30.630819
成都机电工程学校,edu,科教文化服务;学校;学校,武侯区,104.073944,30.635427
四川大学望江校区化工学院制药与生物工程系,edu,科教文化服务;学校;高等院校,武侯区,104.074644,30.635422
四川大学(望江校区)-洲际教育,edu,科教文化服务;培训机构;培训机构,武侯区,104.074312,30.630927
四川大学望江校区分析测试中心,edu,科教文化服务;科研机构;科研机构,武侯区,104.076303,30.633782
四川大学望江校区国家保密学院,edu,科教文化服务;学校;高等院校,武侯区,104.079039,30.635175
四川大学望江校区工会委员会,edu,科教文化服务;学校;高等院校,武侯区,104.081622,30.635217
四川大学智能电网高电压实验室,edu,科教文化服务;科研机构;科研机构,武侯区,104.075743,30.632665
四川大学望江校区高电压实验室,edu,科教文化服务;科研机构;科研机构,武侯区,104.075577,30.632634
驰鹏教育,edu,科教文化服务;培训机构;培训机构,武侯区,104.077216,30.638047
四川大学望江校区化工学院过程装备与安全工程系,edu,科教文化服务;学校;高等院校,武侯区,104.074613,30.635471
Microchip-四川大学联合实验室,edu,科教文化服务;科研机构;科研机构,武侯区,104.078521,30.633737
缤纷外语(第一教学区),edu,科教文化服务;培训机构;培训机构,武侯区,104.080446,30.638922
四川大学德州仪器DSP联合实验室,edu,科教文化服务;科研机构;科研机构,武侯区,104.078521,30.633737
四川大学望江校区党政综合办公室,edu,科教文化服务;学校;高等院校,武侯区,104.074701,30.635343
四川大学望江校区应用电磁研究所,edu,科教文化服务;科研机构;科研机构,武侯区,104.078554,30.63372
四川大学望江校区软件工程研究所,edu,科教文化服务;科研机构;科研机构,武侯区,104.073887,30.635437
四川大学望江校区体育科学研究所,edu,科教文化服务;科研机构;科研机构,武侯区,104.081191,30.633842
四川大学望江校区教师教学发展中心,edu,科教文化服务;学校;高等院校,武侯区,104.081645,30.635254
成都爱乐吉他培训中心,edu,科教文化服务;培训机构;培训机构,武侯区,104.077058,30.638148
四川大学国际聚合物微型加工中心,edu,科教文化服务;科研机构;科研机构,武侯区,104.075031,30.629792
四川省稀土材料及应用工程研究中心,edu,科教文化服务;学校;高等院校,武侯区,104.07552,30.633349
蜀中英才学校,edu,科教文化服务;科教文化场所;科教文化场所,武侯区,104.079021,30.638473
文彦公考,edu,科教文化服务;科教文化场所;科教文化场所,武侯区,104.079019,30.638475
四川伯乐传媒公司,edu,科教文化服务;科教文化场所;科教文化场所,武侯区,104.077622,30.637765
金翰教育,edu,科教文化服务;科教文化场所;科教文化场所,武侯区,104.076903,30.638386
山香教育四川分校,edu,科教文化服务;科教文化场所;科教文化场所,武侯区,104.079019,30.638135
四川大学望江校区成教自考招生咨询大厅,edu,科教文化服务;学校;成人教育,武侯区,104.076345,30.633722
中育乐训国际教育四川代表处,edu,科教文化服务;科教文化场所;科教文化场所,武侯区,104.077432,30.637486
四川大学金属材料系专业教学实验室,edu,科教文化服务;科研机构;科研机构,武侯区,104.075349,30.633421
四川大学高分子科学与工程实验中心,edu,科教文化服务;科研机构;科研机构,武侯区,104.074983,30.633328
成都杰莘教育中心,edu,科教文化服务;科教文化场所;科教文化场所,武侯区,104.080268,30.638643
华新教育(科华北路),edu,科教文化服务;培训机构;培训机构,武侯区,104.074078,30.633256
智途留学规划精品课程,edu,科教文化服务;科教文化场所;科教文化场所,武侯区,104.077432,30.637486
北京跨考考研成都分校,edu,科教文化服务;科教文化场所;科教文化场所,武侯区,104.077432,30.637486
艺联高考教育中心,edu,科教文化服务;科教文化场所;科教文化场所,武侯区,104.079009,30.638473
成都高仕(华章)MBA培训中心,edu,科教文化服务;培训机构;培训机构,武侯区,104.074314,30.630874
四川音乐学院校本部教工之家,edu,科教文化服务;科教文化场所;科教文化场所,武侯区,104.075885,30.638975
新东方(新南路校区),edu,科教文化服务;培训机构;培训机构,武侯区,104.073934,30.637879
四川大学望江校区工程设计教学实验中心,edu,科教文化服务;科研机构;科研机构,武侯区,104.07612,30.634074
四川大学望江校区教育创新改革办公室,edu,科教文化服务;学校;高等院校,武侯区,104.079061,30.634692
四川大学ALTERA可编程逻辑器件实验室,edu,科教文化服务;科研机构;科研机构,武侯区,104.078521,30.633737
六号先声录音棚,edu,科教文化服务;传媒机构;传媒机构,武侯区,104.077049,30.638127
四川大学望江校区VUE授权考试中心,edu,科教文化服务;学校;高等院校,武侯区,104.07617,30.634023
培训通中国教育培训门户,edu,科教文化服务;培训机构;培训机构,武侯区,104.074311,30.630927
四川大学望江校区Microchip联合实验室,edu,科教文化服务;科研机构;科研机构,武侯区,104.078554,30.63372
成都润禾皮肤病性病研究院,edu,科教文化服务;科研机构;科研机构,武侯区,104.073624,30.632682
四川大学望江校区人事争议调解委员会,edu,科教文化服务;学校;高等院校,武侯区,104.081622,30.635217
华真对外汉语教师培训,edu,科教文化服务;培训机构;培训机构,武侯区,104.074248,30.633768
爱乐教室,edu,科教文化服务;培训机构;培训机构,武侯区,104.08068,30.630087
音尚麦田器乐培训,edu,科教文化服务;培训机构;培训机构,武侯区,104.078808,30.638796
四川大学望江校区德州仪器DSP联合实验室,edu,科教文化服务;科研机构;科研机构,武侯区,104.078554,30.63372
艾薇芭蕾舞蹈学校,edu,科教文化服务;培训机构;培训机构,武侯区,104.075247,30.631825
小学馆,edu,科教文化服务;科教文化场所;科教文化场所,武侯区,104.082187,30.638141
成都奔腾财会电算培训中心,edu,科教文化服务;培训机构;培训机构,武侯区,104.074242,30.633823
四川大学教师教学展示中心,edu,科教文化服务;科教文化场所;科教文化场所,武侯区,104.081784,30.635204
dancingspirit舞蹈生活馆,edu,科教文化服务;科教文化场所;科教文化场所,武侯区,104.079083,30.638493
博森外语培训学校,edu,科教文化服务;培训机构;培训机构,武侯区,104.077687,30.637741
成都锦江电子系统工程有限公司电子信息研究所,edu,科教文化服务;科研机构;科研机构,武侯区,104.078554,30.63372
攀枝花市规划建筑设计研究院成都分院,edu,科教文化服务;科研机构;科研机构,武侯区,104.073778,30.638339
四川大学望江校区高分子科学与工程实验中心,edu,科教文化服务;科研机构;科研机构,武侯区,104.075008,30.633319
四川大学望江校区教育部出国留学培训与研究中心,edu,科教文化服务;科研机构;科研机构,武侯区,104.076417,30.63309
四川大学-安捷伦科技公司通信技术联合实验室,edu,科教文化服务;科研机构;科研机构,武侯区,104.078521,30.633737
奥尔艺术高考教育四川分校,edu,科教文化服务;科教文化场所;科教文化场所,武侯区,104.078181,30.638065
优胜教育(科华北路),edu,科教文化服务;培训机构;培训机构,武侯区,104.074248,30.633819
新航道·雅思·托福,edu,科教文化服务;培训机构;培训机构,武侯区,104.077406,30.637659
四川大学望江校区ALTERA可编程逻辑器件实验室,edu,科教文化服务;科研机构;科研机构,武侯区,104.078554,30.63372
慧成教育(科华北路),edu,科教文化服务;培训机构;培训机构,武侯区,104.074242,30.633823
四川大学材料科学与工程实验教学中心(南园路),edu,科教文化服务;科研机构;科研机构,武侯区,104.074983,30.633328
四川省新型聚合物加工技术及其装备重点实验室,edu,科教文化服务;科研机构;科研机构,武侯区,104.074983,30.633328
海天学校(科华北路),edu,科教文化服务;培训机构;培训机构,武侯区,104.074078,30.633256
龙新一对一教育,edu,科教文化服务;培训机构;培训机构,武侯区,104.077571,30.637735
三好超级在线1对1,edu,科教文化服务;培训机构;培训机构,武侯区,104.07739,30.637652
四川大学磷资源综合利用与清洁加工工程研究中心,edu,科教文化服务;科研机构;科研机构,武侯区,104.074519,30.635112
四川大学人事争议调解委员会,edu,科教文化服务;科教文化场所;科教文化场所,武侯区,104.081784,30.635204
四川大学望江校区皮革科学与工程编辑部,edu,科教文化服务;传媒机构;传媒机构,武侯区,104.075005,30.630569
成都勤路教学培训学校,edu,科教文化服务;培训机构;培训机构,武侯区,104.076998,30.638146
中国政法大学西南教学基地,edu,科教文化服务;科教文化场所;科教文化场所,武侯区,104.077432,30.637486
四川大学望江校区材料学院金属材料系金属熔炼实验室,edu,科教文化服务;科研机构;科研机构,武侯区,104.076094,30.63634
四川法商专修学院,edu,科教文化服务;培训机构;培训机构,武侯区,104.077049,30.638127
四川大学电子信息学院创新性实践教学开放实验室,edu,科教文化服务;科研机构;科研机构,武侯区,104.078521,30.633737
四川大学望江校区体育运动委员会,edu,科教文化服务;学校;高等院校,武侯区,104.0814,30.631262
金梦音乐教室,edu,科教文化服务;培训机构;培训机构,武侯区,104.077948,30.639067
德树教育,edu,科教文化服务;培训机构;培训机构,武侯区,104.077533,30.637663
海文考研,edu,科教文化服务;培训机构;培训机构,武侯区,104.077396,30.637701
爱·轩学堂成长中心,edu,科教文化服务;培训机构;培训机构,武侯区,104.0804,30.638805
文彦考研,edu,科教文化服务;培训机构;培训机构,武侯区,104.079009,30.638473
百弗英语,edu,科教文化服务;培训机构;培训机构,武侯区,104.073778,30.638339
道德讲堂,edu,科教文化服务;培训机构;培训机构,武侯区,104.075285,30.637156
音乐培训,edu,科教文化服务;培训机构;培训机构,武侯区,104.081666,30.637765
蜀都英汇艺术培训学校,edu,科教文化服务;培训机构;培训机构,武侯区,104.078947,30.638252
锐砺教育,edu,科教文化服务;培训机构;培训机构,武侯区,104.080508,30.63864
四川省功能材料物理化学与工程重点实验室(南园路),edu,科教文化服务;科研机构;科研机构,武侯区,104.075408,30.633508
四川大学望江校区高分子材料与工程专业中心实验室,edu,科教文化服务;科研机构;科研机构,武侯区,104.074803,30.633159
Autodesk培训中心(ATC),edu,科教文化服务;培训机构;培训机构,武侯区,104.076244,30.634081
四川大学望江校区安捷伦科技公司通信技术联合实验室,edu,科教文化服务;科研机构;科研机构,武侯区,104.078554,30.63372
明政培训学校,edu,科教文化服务;培训机构;培训机构,武侯区,104.079068,30.638483
唯一艺术培训学校,edu,科教文化服务;培训机构;培训机构,武侯区,104.077049,30.638127
四川大学望江校区国家烟气脱硫工程技术研究中心分析检测室,edu,科教文化服务;科研机构;科研机构,武侯区,104.076303,30.633782
文都金榜考研考博,edu,科教文化服务;培训机构;培训机构,武侯区,104.074059,30.633326
文登考研(科华北路),edu,科教文化服务;培训机构;培训机构,武侯区,104.074078,30.633256
雅思培训中心,edu,科教文化服务;培训机构;培训机构,武侯区,104.077756,30.63787
四川大学(望江校区)-分众传媒,edu,科教文化服务;传媒机构;传媒机构,武侯区,104.074416,30.632362
聚鼎传媒教育培训学校,edu,科教文化服务;培训机构;培训机构,武侯区,104.07431,30.633587
UKEC英国教育中心,edu,科教文化服务;培训机构;培训机构,武侯区,104.074856,30.632227
蓝影摄影培训中心,edu,科教文化服务;培训机构;培训机构,武侯区,104.077058,30.638148
成都新航道,edu,科教文化服务;培训机构;培训机构,武侯区,104.077432,30.637482
月田教育咨询机构,edu,科教文化服务;培训机构;培训机构,武侯区,104.074526,30.631377
四川大学计算机学院计算机科学与技术博士后科研流动站,edu,科教文化服务;科研机构;科研机构,武侯区,104.078521,30.633737
樱花日语培训学校总校,edu,科教文化服务;科教文化场所;科教文化场所,武侯区,104.078195,30.638059
四川大学望江校区电子信息学院创新性实践教学开放实验室,edu,科教文化服务;科研机构;科研机构,武侯区,104.078554,30.63372
川公教育,edu,科教文化服务;培训机构;培训机构,武侯区,104.078182,30.638063
未名教育新干线外语,edu,科教文化服务;培训机构;培训机构,武侯区,104.074242,30.633823
朗沃教育(红瓦寺街),edu,科教文化服务;培训机构;培训机构,武侯区,104.08217,30.637764
成都博大教育培训学校,edu,科教文化服务;培训机构;培训机构,武侯区,104.078181,30.638065
四川羽丰教育,edu,科教文化服务;培训机构;培训机构,武侯区,104.077432,30.637486
中仁教育,edu,科教文化服务;培训机构;培训机构,武侯区,104.079009,30.638473
高联考研,edu,科教文化服务;培训机构;培训机构,武侯区,104.078941,30.638244
万学教育,edu,科教文化服务;培训机构;培训机构,武侯区,104.077432,30.637486
大雅·名园教育,edu,科教文化服务;培训机构;培训机构,武侯区,104.079009,30.638473
海航·国学堂,edu,科教文化服务;培训机构;培训机构,武侯区,104.080268,30.638643
学而思·智康1对1,edu,科教文化服务;培训机构;培训机构,武侯区,104.079009,30.638473
成都大成教育培训中心,edu,科教文化服务;培训机构;培训机构,武侯区,104.078181,30.638065
北京大立建筑培训学校成都分校,edu,科教文化服务;科教文化场所;科教文化场所,武侯区,104.078181,30.638066
北京百通世纪医考学校成都分校,edu,科教文化服务;科教文化场所;科教文化场所,武侯区,104.078181,30.638064
四川大学望江校区材料学院金属材料工程系金属力学性能实验室,edu,科教文化服务;科研机构;科研机构,武侯区,104.076,30.636435
浙江亚厦装饰设计研究院成都分院成都恒基装饰设计研究院,edu,科教文化服务;科研机构;科研机构,武侯区,104.077432,30.637486
猎人行动特种兵培训中心,edu,科教文化服务;培训机构;培训机构,武侯区,104.078302,30.637944
新航道·雅思·托福·SAT,edu,科教文化服务;培训机构;培训机构,武侯区,104.077578,30.637737
四川大学望江校区分析测试中心四川聚能化工应用技术有限公司联合实验室,edu,科教文化服务;科研机构;科研机构,武侯区,104.076303,30.633782
明信教育,edu,科教文化服务;培训机构;培训机构,武侯区,104.078906,30.638466
缤纷外语(第二教学区),edu,科教文化服务;培训机构;培训机构,武侯区,104.080446,30.638922
夜莺8090音乐培训室(共和村店),edu,科教文化服务;培训机构;培训机构,武侯区,104.082434,30.637862
电子音乐系数字音乐实验教学中心,edu,科教文化服务;科教文化场所;科教文化场所,武侯区,104.075839,30.639034
四川大学望江校区出国培训部大楼,edu,科教文化服务;学校;学校,武侯区,104.076405,30.633048
四川大学出国留学人员培训部考试中心,edu,科教文化服务;科教文化场所;科教文化场所,武侯区,104.076415,30.633092
西华师大自考官方教学点,edu,科教文化服务;培训机构;培训机构,武侯区,104.078181,30.638065
文都培训学校,edu,科教文化服务;培训机构;培训机构,武侯区,104.075994,30.637487
成都市青羊区高联培训学校,edu,科教文化服务;培训机构;培训机构,武侯区,104.078942,30.638338
四川大学望江校区高分子材料工程国家重点实验室,edu,科教文化服务;科研机构;科研机构,武侯区,104.074959,30.629728
成都新东方学校(新南路校区),edu,科教文化服务;培训机构;培训机构,武侯区,104.073934,30.637879
西华师范大学自考助学中心,edu,科教文化服务;培训机构;培训机构,武侯区,104.074242,30.633823
川音业余音乐学校艺术培训,edu,科教文化服务;培训机构;培训机构,武侯区,104.077058,30.638148
新西南国际教育集团·成都点金学校,edu,科教文化服务;科教文化场所;科教文化场所,武侯区,104.077432,30.637486
重庆南江地质工程勘察院成都分院,edu,科教文化服务;科研机构;科研机构,武侯区,104.08085,30.638339
华清远见嵌入式培训成都分中心,edu,科教文化服务;培训机构;培训机构,武侯区,104.074225,30.631086
四川大学(望江校区)-聚鼎教育,edu,科教文化服务;培训机构;培训机构,武侯区,104.07408,30.633252
成都新起点培训学校,edu,科教文化服务;培训机构;培训机构,武侯区,104.077058,30.638148
王时培训(新南路),edu,科教文化服务;培训机构;培训机构,武侯区,104.073778,30.638339
成都导航考试培训学校,edu,科教文化服务;培训机构;培训机构,武侯区,104.077058,30.638148
四川大学(望江校区)唯佳教育,edu,科教文化服务;培训机构;培训机构,武侯区,104.074067,30.632217
成都科元电脑维修培训中心,edu,科教文化服务;培训机构;培训机构,武侯区,104.073974,30.634988
四川大学望江校区科技园职业技能培训学校,edu,科教文化服务;学校;职业技术学校|科教文化服务;培训机构;培训机构,武侯区,104.0743,30.633448
四川大学电气信息学院培训中心,edu,科教文化服务;培训机构;培训机构,武侯区,104.07827,30.63394
四川大学(望江校区)-奥鹏教育,edu,科教文化服务;培训机构;培训机构,武侯区,104.074067,30.632217
四川大学(望江校区)-思米教育,edu,科教文化服务;培训机构;培训机构,武侯区,104.074067,30.632217
CCTV中央电视台远方的家连续聚集红瓦寺店,edu,科教文化服务;科教文化场所;科教文化场所,武侯区,104.0787,30.638834
东飞架子鼓培训中心,edu,科教文化服务;培训机构;培训机构,武侯区,104.082171,30.637764
七色花艺术教育中心(文华大道),edu,科教文化服务;培训机构;培训机构,武侯区,104.079668,30.629669
四川大学(望江校区)-博远堂教育,edu,科教文化服务;培训机构;培训机构,武侯区,104.074074,30.63325
四川大学高分子材料工程训练中心,edu,科教文化服务;培训机构;培训机构,武侯区,104.074983,30.633328
四川大学电子信息学院考前培训点,edu,科教文化服务;培训机构;培训机构,武侯区,104.078521,30.633737
树才学校(红瓦寺校区),edu,科教文化服务;培训机构;培训机构,武侯区,104.078661,30.638224
四川大学望江校区Autodesk机械CAD应用技术示范支持中心(MCAD),edu,科教文化服务;学校;高等院校,武侯区,104.07612,30.634074
四川大学望江校区国际学术交流中心,edu,科教文化服务;学校;高等院校,武侯区,104.074663,30.632548
成都大立英海航教育咨询中心,edu,科教文化服务;培训机构;培训机构,武侯区,104.078194,30.638048
四川大学(望江校区)-四川科华学校,edu,科教文化服务;培训机构;培训机构,武侯区,104.074078,30.633256
北京艺先锋教育集团(四川总校),edu,科教文化服务;培训机构;培训机构,武侯区,104.075299,30.637531
成都巴黎国际时装艺术学校,edu,科教文化服务;培训机构;培训机构,武侯区,104.074311,30.630927
Linguart English Training School,edu,科教文化服务;培训机构;培训机构,武侯区,104.074311,30.630927
四川大学望江校区高分子材料工程训练中心,edu,科教文化服务;培训机构;培训机构,武侯区,104.075008,30.633319
四川省纳米科技应用工程技术研究中心,edu,科教文化服务;学校;高等院校,武侯区,104.075448,30.633364
四川大学望江校区电子信息学院考前培训点,edu,科教文化服务;培训机构;培训机构,武侯区,104.078493,30.63377
美国Altera公司中国西南地区PLD技术培训中心,edu,科教文化服务;培训机构;培训机构,武侯区,104.078521,30.633737
四川大学望江校区明星冰上运动体育培训中心,edu,科教文化服务;培训机构;培训机构,武侯区,104.0814,30.631262
国家留学基金管理委员会留学预备教育中心(南园路),edu,科教文化服务;培训机构;培训机构,武侯区,104.076417,30.63309
成都奔腾财会电算培训中心(四川大学科技园孵化楼),edu,科教文化服务;培训机构;培训机构,武侯区,104.074311,30.630927
衡和教育咨询培训有限责任公司,edu,科教文化服务;培训机构;培训机构,武侯区,104.074242,30.633823
竹文化陈列馆,edu,科教文化服务;展览馆;展览馆,武侯区,104.089576,30.633601
四川大学ASU美国文化中心,edu,科教文化服务;科教文化场所;科教文化场所,武侯区,104.085235,30.634503
四川大学望江校区巴蜀文化研究中心,edu,科教文化服务;科研机构;科研机构,武侯区,104.088395,30.638468
四川大学望江校区企业文化与文化产业研究所,edu,科教文化服务;科研机构;科研机构,武侯区,104.084154,30.634388
四川大学望江校区管理学院服务管理研究所,edu,科教文化服务;科研机构;科研机构,武侯区,104.084154,30.634388
四川大学国际学术交流服务中心,edu,科教文化服务;科教文化场所;科教文化场所,武侯区,104.087968,30.639129
四川大学望江校区外国语学院,edu,科教文化服务;学校;高等院校,武侯区,104.085176,30.634387
四川大学望江校区艺术学院,edu,科教文化服务;学校;高等院校,武侯区,104.085032,30.635791
四川大学望江校区自然博物馆,edu,科教文化服务;博物馆;博物馆,武侯区,104.08844,30.637784
四川大学望江校区博物馆,edu,科教文化服务;博物馆;博物馆,武侯区,104.088393,30.638469
四川大学望江校区管理学院,edu,科教文化服务;学校;高等院校,武侯区,104.084154,30.634388
四川大学望江校区图书馆,edu,科教文化服务;图书馆;图书馆,武侯区,104.087406,30.636666
四川大学望江校区经济学院,edu,科教文化服务;学校;高等院校,武侯区,104.085192,30.633935
四川省成都市第十二中学,edu,科教文化服务;学校;中学,武侯区,104.084032,30.637462
四川大学-博物馆,edu,科教文化服务;博物馆;博物馆,武侯区,104.088395,30.638467
成都市田家炳中学,edu,科教文化服务;学校;中学,锦江区,104.092282,30.633558
四川大学望江校区校史展览馆,edu,科教文化服务;展览馆;展览馆,武侯区,104.086975,30.635522
四川大学望江校区公共管理学院,edu,科教文化服务;学校;高等院校,武侯区,104.086998,30.632071
四川大学望江校区物理科学与技术学院,edu,科教文化服务;学校;高等院校,武侯区,104.087655,30.633483
四川大学望江校区附属实验小学(望江路校区),edu,科教文化服务;学校;小学,武侯区,104.084071,30.635536
四川大学望江校区文科楼,edu,科教文化服务;学校;学校,武侯区,104.088471,30.636004
四川大学望江校区第一幼儿园,edu,科教文化服务;学校;幼儿园,武侯区,104.084747,30.635571
四川大学-化学学院,edu,科教文化服务;学校;高等院校,武侯区,104.088618,30.634026
四川大学-附属中学,edu,科教文化服务;学校;中学,武侯区,104.083863,30.638675
四川大学望江校区模拟法庭,edu,科教文化服务;学校;学校,武侯区,104.088232,30.63248
四川大学-法学院,edu,科教文化服务;学校;高等院校,武侯区,104.087219,30.635493
四川大学望江校区化学学院,edu,科教文化服务;学校;高等院校,武侯区,104.088349,30.634993
四川大学望江校区政治学院,edu,科教文化服务;学校;高等院校,武侯区,104.089072,30.637009
四川大学望江校区材料学院,edu,科教文化服务;学校;高等院校,武侯区,104.088696,30.634064
四川大学望江校区分析测试中心,edu,科教文化服务;学校;高等院校,武侯区,104.08806,30.632975
四川大学海外教育学院,edu,科教文化服务;学校;高等院校,武侯区,104.086994,30.636853
四川大学-管理学院,edu,科教文化服务;学校;高等院校,武侯区,104.084154,30.634388
四川大学-材料学,edu,科教文化服务;学校;高等院校,武侯区,104.089259,30.635519
四川大学生物医学工程(张澜路),edu,科教文化服务;学校;高等院校,武侯区,104.088618,30.634026
四川大学望江校区材料加工工程,edu,科教文化服务;学校;高等院校,武侯区,104.088677,30.634001
四川大学望江校区逸夫科学馆,edu,科教文化服务;科技馆;科技馆,武侯区,104.088167,30.632365
四川大学望江校区材料科学与工程,edu,科教文化服务;学校;高等院校,武侯区,104.088677,30.634001
四川大学望江校区滨江楼,edu,科教文化服务;学校;学校,武侯区,104.089112,30.636931
四川大学望江校区物理馆,edu,科教文化服务;学校;学校,武侯区,104.087659,30.633484
四川大学望江校区外文楼,edu,科教文化服务;学校;学校,武侯区,104.085177,30.634388
四川大学望江校区经管楼,edu,科教文化服务;学校;学校,武侯区,104.084731,30.633845
四川大学望江校区生命科学楼B区,edu,科教文化服务;学校;高等院校,武侯区,104.086197,30.631396
四川大学望江校区商学院,edu,科教文化服务;学校;高等院校,武侯区,104.084154,30.634388
四川大学望江校区第三教学楼,edu,科教文化服务;学校;学校,武侯区,104.084573,30.633241
四川大学望江校区生物医学工程,edu,科教文化服务;学校;高等院校,武侯区,104.086955,30.631395
四川大学望江校区放化馆,edu,科教文化服务;学校;学校,武侯区,104.088366,30.635127
四川大学望江校区外专楼,edu,科教文化服务;学校;学校,武侯区,104.087784,30.637659
四川大学燃烧动力学中心,edu,科教文化服务;学校;高等院校,武侯区,104.089145,30.634757
四川大学望江校区工商管理学院,edu,科教文化服务;学校;高等院校,武侯区,104.084154,30.634388
四川大学望江校区生物材料楼,edu,科教文化服务;学校;学校,武侯区,104.086954,30.631392
四川大学望江校区工商管理学院,edu,科教文化服务;学校;高等院校,武侯区,104.084154,30.634388
四川大学望江校区生物材料楼,edu,科教文化服务;学校;学校,武侯区,104.086954,30.631392
四川大学望江校区有机化学,edu,科教文化服务;学校;高等院校,武侯区,104.088677,30.634001
四川大学望江校区生命科学学院,edu,科教文化服务;学校;高等院校,武侯区,104.086309,30.631596
四川大学望江校区东1教学楼,edu,科教文化服务;学校;学校,武侯区,104.086236,30.634068
四川大学望江校区软件学院实习基地,edu,科教文化服务;学校;高等院校,武侯区,104.087494,30.6325
四川大学望江校区核科学与工程技术学院,edu,科教文化服务;学校;高等院校,武侯区,104.087699,30.633624
四川大学望江校区第二教学楼,edu,科教文化服务;学校;学校,武侯区,104.085565,30.632543
四川大学望江校区第一理科楼,edu,科教文化服务;学校;学校,武侯区,104.088677,30.634001
四川大学望江校区核科学与工程技术学院,edu,科教文化服务;学校;高等院校,武侯区,104.08587,30.630914
四川大学离退休工作处,edu,科教文化服务;科教文化场所;科教文化场所,武侯区,104.087378,30.637725
四川大学核科学与工程技术学院,edu,科教文化服务;学校;高等院校,武侯区,104.085871,30.630914
四川大学材料加工工程(张澜路),edu,科教文化服务;学校;高等院校,武侯区,104.088618,30.634026
四川大学材料加工工程(望江路),edu,科教文化服务;学校;高等院校,武侯区,104.089259,30.635519
四川大学科研成果展示厅,edu,科教文化服务;展览馆;展览馆,武侯区,104.088791,30.637032
四川大学望江校区工程与测试试验楼,edu,科教文化服务;学校;高等院校,武侯区,104.089259,30.635519
四川大学科研成果推介厅,edu,科教文化服务;展览馆;展览馆,武侯区,104.088709,30.637055
四川大学核工程与核技术系(望江路),edu,科教文化服务;学校;高等院校,武侯区,104.088407,30.633125
四川大学望江校区教育电视台,edu,科教文化服务;传媒机构;电视台,武侯区,104.084573,30.633241
四川大学望江校区国外考试中心,edu,科教文化服务;学校;高等院校,武侯区,104.086643,30.637143
四川大学望江校区核工程与核技术系,edu,科教文化服务;学校;高等院校,武侯区,104.088483,30.633516
四川大学望江校区图书馆东馆,edu,科教文化服务;图书馆;图书馆,武侯区,104.087563,30.636148
四川大学望江校区化学馆,edu,科教文化服务;学校;学校,武侯区,104.088492,30.634873
四川大学望江校区宗教学研究所,edu,科教文化服务;科研机构;科研机构,武侯区,104.088471,30.636004
四川大学望江校区中国藏学研究所,edu,科教文化服务;科研机构;科研机构,武侯区,104.088624,30.637848
四川大学望江校区科研成果展示厅,edu,科教文化服务;展览馆;展览馆,武侯区,104.088845,30.637175
四川大学学报(哲社版)编辑部,edu,科教文化服务;传媒机构;报社,武侯区,104.086535,30.63727
四川大学物理科学与技术学院,edu,科教文化服务;学校;高等院校,武侯区,104.087683,30.633509
四川大学望江校区高能量密度物理及技术教育部重点实验室,edu,科教文化服务;科研机构;科研机构,武侯区,104.087738,30.631627
四川大学老年大学三分校第一教室,edu,科教文化服务;学校;成人教育,武侯区,104.088505,30.637304
四川大学老年大学三分校第二教室,edu,科教文化服务;学校;成人教育,武侯区,104.088317,30.637389
成都薛涛研究会,edu,科教文化服务;科研机构;科研机构,武侯区,104.087859,30.629871
四川大学望江校区文理图书馆,edu,科教文化服务;图书馆;图书馆,武侯区,104.087294,30.636171
四川大学望江校区生物材料工程研究中心,edu,科教文化服务;科研机构;科研机构,武侯区,104.086955,30.631395
四川大学城市研究所,edu,科教文化服务;科研机构;科研机构,武侯区,104.086691,30.636998
四川大学望江校区老年大学三分校第三教室,edu,科教文化服务;学校;成人教育,武侯区,104.088184,30.637398
四川大学中国藏学研究所,edu,科教文化服务;科研机构;科研机构,武侯区,104.088604,30.637725
四川大学望江校区管理研究中心,edu,科教文化服务;科研机构;科研机构,武侯区,104.084154,30.634388
四川大学望江校区城市研究所,edu,科教文化服务;科研机构;科研机构,武侯区,104.086691,30.636975
四川大学统计学研究中心,edu,科教文化服务;科研机构;科研机构,武侯区,104.084715,30.633584
四川大学经济发展研究院,edu,科教文化服务;科研机构;科研机构,武侯区,104.085192,30.633934
中华书局西南编辑所,edu,科教文化服务;传媒机构;报社,武侯区,104.088624,30.637848
四川大学望江校区电信科,edu,科教文化服务;学校;高等院校,武侯区,104.086854,30.636523
四川大学望江校区实验室,edu,科教文化服务;科研机构;科研机构,武侯区,104.088391,30.635156
四川省高校外语教学研究会,edu,科教文化服务;科研机构;科研机构,武侯区,104.085175,30.634386
四川大学国家技术转移中心,edu,科教文化服务;科研机构;科研机构,武侯区,104.088709,30.637055
四川省高校外语教学研究会,edu,科教文化服务;科研机构;科研机构,武侯区,104.086534,30.637271
四川大学综合科学研究中心,edu,科教文化服务;科研机构;科研机构,武侯区,104.086691,30.637223
四川大学信息安全专业实验室,edu,科教文化服务;科研机构;科研机构,武侯区,104.087554,30.631656
曾庆宗武术医学养生研究会,edu,科教文化服务;科研机构;科研机构,武侯区,104.087843,30.629822
四川大学望江校区工商管理研究所,edu,科教文化服务;科研机构;科研机构,武侯区,104.084154,30.634388
四川大学望江校区金融研究所,edu,科教文化服务;科研机构;科研机构,武侯区,104.084154,30.634388
四川大学望江校区数学研究所,edu,科教文化服务;科研机构;科研机构,武侯区,104.084742,30.633579
四川大学望江校区国家生物医学材料工程技术研究中心,edu,科教文化服务;科研机构;科研机构,武侯区,104.086955,30.631395
四川大学望江校区老子研究院,edu,科教文化服务;科研机构;科研机构,武侯区,104.088405,30.636042
四川大学望江校区第二理科楼,edu,科教文化服务;学校;学校,武侯区,104.087662,30.631677
四川大学介观与低维物理实验室,edu,科教文化服务;科研机构;科研机构,武侯区,104.087554,30.631656
四川大学生物材料工程研究中心,edu,科教文化服务;科研机构;科研机构,武侯区,104.086947,30.631461
核科学与核技术四川大学分中心,edu,科教文化服务;科研机构;科研机构,武侯区,104.085699,30.630805
西藏大学中国藏学研究所,edu,科教文化服务;科研机构;科研机构,武侯区,104.088624,30.637848
四川大学望江校区欧洲研究中心,edu,科教文化服务;科研机构;科研机构,武侯区,104.088432,30.636035
四川大学望江校区经济发展研究院,edu,科教文化服务;科研机构;科研机构,武侯区,104.085192,30.633935
四川大学望江校区产业技术研究院,edu,科教文化服务;科研机构;科研机构,武侯区,104.089081,30.636964
四川大学望江校区危机管理研究所,edu,科教文化服务;科研机构;科研机构,武侯区,104.084154,30.634388
四川大学望湖校区国际儒学研究院,edu,科教文化服务;科研机构;科研机构,武侯区,104.085547,30.632501
天府数学杂志社,edu,科教文化服务;传媒机构;杂志社,武侯区,104.085101,30.632814
院史馆,edu,科教文化服务;科教文化场所;科教文化场所,锦江区,104.092784,30.635217
四川大学望江校区国际儒学研究院,edu,科教文化服务;科研机构;科研机构,武侯区,104.085565,30.632543
四川大学望江校区材料科学与工程实验教学中心,edu,科教文化服务;学校;高等院校,武侯区,104.088677,30.634001
四川大学外国语学院语言专业实验室,edu,科教文化服务;科研机构;科研机构,武侯区,104.085235,30.634503
四川大学社会发展与西部开发研究院,edu,科教文化服务;科研机构;科研机构,武侯区,104.085192,30.633934
四川大学望江校区中国西部金融研究中心,edu,科教文化服务;科研机构;科研机构,武侯区,104.085192,30.633935
四川大学望江校区综合科学研究中心,edu,科教文化服务;科研机构;科研机构,武侯区,104.086534,30.637271
四川大学望江校区国家技术转移中心,edu,科教文化服务;科研机构;科研机构,武侯区,104.089121,30.636903
中国荷兰先进生物材料研究与开发中心,edu,科教文化服务;科研机构;科研机构,武侯区,104.08806,30.632975
汉语史研究集刊编辑部,edu,科教文化服务;传媒机构;杂志社,武侯区,104.088465,30.636015
四川大学望江校区钟亭,edu,科教文化服务;学校;高等院校,武侯区,104.086413,30.634875
四川大学望江校区原子核科学技术研究所,edu,科教文化服务;科研机构;科研机构,武侯区,104.085872,30.630914
四川大学望江校区中国科技金融研究中心,edu,科教文化服务;科研机构;科研机构,武侯区,104.084154,30.634388
四川大学望江校区信息安全专业实验室,edu,科教文化服务;科研机构;科研机构,武侯区,104.087662,30.631677
四川大学望江校区营销策划研究中心,edu,科教文化服务;科研机构;科研机构,武侯区,104.084154,30.634388
四川大学望江校区纳米生物材料研究中心,edu,科教文化服务;科研机构;科研机构,武侯区,104.08806,30.632975
四川大学望江校区介观与低维物理实验室,edu,科教文化服务;科研机构;科研机构,武侯区,104.087662,30.631677
四川大学望江校区学报自然科学版编辑部,edu,科教文化服务;传媒机构;传媒机构,武侯区,104.085124,30.633989
四川大学望江校区生命科学学院遗传医学研究所,edu,科教文化服务;科研机构;科研机构,武侯区,104.088677,30.634036
四川大学望江校区系统科学与企业发展研究中心,edu,科教文化服务;科研机构;科研机构,武侯区,104.084111,30.634452
四川大学望江校区社会发展与西部开发研究院,edu,科教文化服务;科研机构;科研机构,武侯区,104.085192,30.633935
四川大学望江校区法学院仲裁法理论研究基地,edu,科教文化服务;科研机构;科研机构,武侯区,104.088392,30.636057
四川大学望江校区学报(哲社版)编辑部,edu,科教文化服务;传媒机构;传媒机构,武侯区,104.088897,30.634723
四川大学望江校区外国语学院语言专业实验室,edu,科教文化服务;科研机构;科研机构,武侯区,104.085176,30.634387
四川大学望江校区组织战略与人力资源管理研究中心,edu,科教文化服务;科研机构;科研机构,武侯区,104.084154,30.634388
四川大学望江校区辐射物理及技术教育部重点实验室,edu,科教文化服务;科研机构;科研机构,武侯区,104.085763,30.630745
四川动物编辑部,edu,科教文化服务;传媒机构;传媒机构,武侯区,104.088311,30.637934
四川大学望江校区国家烟气脱硫工程技术研究中心综合部,edu,科教文化服务;科研机构;科研机构,武侯区,104.086534,30.637271
四川大学望江校区社会发展与社会风险控制研究中心,edu,科教文化服务;科研机构;科研机构,武侯区,104.087103,30.632129
四川大学望江校区数学博士后流动站,edu,科教文化服务;学校;高等院校,武侯区,104.084742,30.633579
四川大学望江校区现代教育技术中心教学资源科,edu,科教文化服务;学校;高等院校,武侯区,104.084651,30.632694
四川大学望江校区动物疫病防控与食品安全四川省重点实验室,edu,科教文化服务;科研机构;科研机构,武侯区,104.088677,30.634001
四川大学望江校区信息及企业管理研究所,edu,科教文化服务;科研机构;科研机构,武侯区,104.084154,30.634388
四川大学望江校区战略与发展研究中心,edu,科教文化服务;科研机构;科研机构,武侯区,104.084154,30.634388
四川大学理论经济学博士后流动站,edu,科教文化服务;科教文化场所;科教文化场所,武侯区,104.085193,30.633938
四川大学望江校区RFID技术应用研究实验室,edu,科教文化服务;科研机构;科研机构,武侯区,104.084154,30.634388
太奇MBA培训(川大办公区),edu,科教文化服务;培训机构;培训机构,武侯区,104.087926,30.637984
四川大学人才技能培训中心,edu,科教文化服务;培训机构;培训机构,武侯区,104.086534,30.637271
北大方正四川培训中心,edu,科教文化服务;培训机构;培训机构,武侯区,104.086572,30.636107
四川大学望江校区残疾人事业发展研究中心,edu,科教文化服务;科研机构;科研机构,武侯区,104.086998,30.632071
四川大学望江校区《藏学学刊》编辑部,edu,科教文化服务;传媒机构;传媒机构,武侯区,104.088624,30.637848
四川大学现代教育技术中心教学资源科,edu,科教文化服务;科教文化场所;科教文化场所,武侯区,104.084636,30.632583
四川大学望江校区语言培训中心,edu,科教文化服务;培训机构;培训机构,武侯区,104.085176,30.634387
四川大学望江校区动物疾病防控生物工程研究中心,edu,科教文化服务;科研机构;科研机构,武侯区,104.088677,30.634001
四川大学望江校区中国藏学研究所涉藏问题研究中心,edu,科教文化服务;科研机构;科研机构,武侯区,104.088624,30.637848
四川大学望江校区博物馆科研规划与研发创新中心,edu,科教文化服务;科研机构;科研机构,武侯区,104.088442,30.638691
四川大学(望江校区)-玛珑教育,edu,科教文化服务;培训机构;培训机构,武侯区,104.087992,30.637985
四川大学望江校区创意管理研究所,edu,科教文化服务;科研机构;科研机构,武侯区,104.084196,30.634481
四川大学望江校区出版社美术编辑部,edu,科教文化服务;传媒机构;传媒机构,武侯区,104.088944,30.634708
四川大学望江校区特色生物资源研究与利用川渝共建重点实验室,edu,科教文化服务;科研机构;科研机构,武侯区,104.088677,30.634001
爱必立自然教育(望江教学中心),edu,科教文化服务;培训机构;培训机构,武侯区,104.089447,30.633232
四川大学望江校区公司治理与发展国际研究中心,edu,科教文化服务;科研机构;科研机构,武侯区,104.084154,30.634388
四川大学望江校区先进特种材料及制备加工新技术教育部重点实验室,edu,科教文化服务;科研机构;科研机构,武侯区,104.088677,30.634001
四川大学全国干部教育培训基地,edu,科教文化服务;培训机构;培训机构,武侯区,104.086253,30.634106
四川省教育委员会大学英语三级考试办公室,edu,科教文化服务;学校;高等院校,武侯区,104.085176,30.634387
四川大学望江校区人才技能培训中心,edu,科教文化服务;培训机构;培训机构,武侯区,104.086534,30.637271
四川大学望江校区会计从业资格培训,edu,科教文化服务;培训机构;培训机构,武侯区,104.086887,30.637524
四川大学望江校区成都人力资源培训,edu,科教文化服务;培训机构;培训机构,武侯区,104.086687,30.6372
四川大学望江校区成都心理咨询师培训,edu,科教文化服务;培训机构;培训机构,武侯区,104.086545,30.637227
四川大学望江校区创新与创业管理研究所,edu,科教文化服务;科研机构;科研机构,武侯区,104.084154,30.634388
四川大学望江校区全国干部教育培训基地,edu,科教文化服务;培训机构;培训机构,武侯区,104.086236,30.634068
四川大学望江校区数学学院,edu,科教文化服务;学校;高等院校,武侯区,104.084742,30.633579
四川大学望江校区商学院培训中心,edu,科教文化服务;培训机构;培训机构,武侯区,104.084154,30.634388
四川省剑桥少儿英语教学指导中心,edu,科教文化服务;培训机构;培训机构,武侯区,104.085235,30.634503
莲新街道综合文化活动中心,edu,科教文化服务;文化宫;文化宫,锦江区,104.096974,30.637512
汇蓉嘉瑞文化传播有限公司,edu,科教文化服务;传媒机构;传媒机构,锦江区,104.102153,30.637796
大千教育青少年文化艺术中心(莲桂教学区),edu,科教文化服务;培训机构;培训机构,锦江区,104.094577,30.637622
龙舟路街道办事处文化广播电视站,edu,科教文化服务;传媒机构;传媒机构,锦江区,104.094856,30.630558
四川仲衍农作物研究院(龙舟路),edu,科教文化服务;科研机构;科研机构,锦江区,104.095461,30.630589
盐道街小学(东区),edu,科教文化服务;学校;小学,锦江区,104.094666,30.638679
四川师大附中初中部,edu,科教文化服务;学校;中学,锦江区,104.097731,30.636697
成都十九中,edu,科教文化服务;学校;中学,锦江区,104.093581,30.63423
四川省畜牧科学研究院,edu,科教文化服务;科研机构;科研机构,锦江区,104.103452,30.629723
成都市田家炳中学初中部,edu,科教文化服务;学校;中学,锦江区,104.096501,30.633378
东方爱婴(龙舟路中心),edu,科教文化服务;培训机构;培训机构,锦江区,104.096583,30.629502
龙舟社区幼儿园,edu,科教文化服务;学校;幼儿园,锦江区,104.095665,30.632325
望子成龙学校(海椒市校区),edu,科教文化服务;培训机构;培训机构,锦江区,104.097215,30.635413
盐道街小学,edu,科教文化服务;学校;小学,锦江区,104.09461,30.638712
新育才学校,edu,科教文化服务;学校;学校,锦江区,104.097215,30.635413
成都广播电视大学莲花分院,edu,科教文化服务;学校;成人教育,锦江区,104.096778,30.637268
乐府艺术学校(北二巷),edu,科教文化服务;培训机构;培训机构,锦江区,104.098309,30.634769
名师堂(北二巷),edu,科教文化服务;培训机构;培训机构,锦江区,104.098239,30.635346
四川电大(龙舟路店),edu,科教文化服务;学校;成人教育,锦江区,104.095603,30.630075
四川广播电视大学时代工商学院(龙舟路),edu,科教文化服务;学校;高等院校,锦江区,104.095407,30.630228
成都市锦江区青少年宫(龙舟南街),edu,科教文化服务;文化宫;文化宫,锦江区,104.094302,30.62941
核工业西南勘察设计研究院,edu,科教文化服务;科研机构;科研机构,锦江区,104.099597,30.634541
奇伟画室,edu,科教文化服务;培训机构;培训机构,锦江区,104.097193,30.63528
7V少儿艺术绘(莲花店),edu,科教文化服务;培训机构;培训机构,锦江区,104.097215,30.635413
成都市化学工业局职工学校,edu,科教文化服务;学校;职业技术学校,锦江区,104.096316,30.633631
四川省核工业地质调查院(北二巷),edu,科教文化服务;科研机构;科研机构,锦江区,104.09813,30.63501
成都广播电视大学直属城南学院莲花分院,edu,科教文化服务;学校;成人教育,锦江区,104.0958,30.637365
锦江早教基地,edu,科教文化服务;科教文化场所;科教文化场所,锦江区,104.09425,30.631
成都市示范家长学校,edu,科教文化服务;科教文化场所;科教文化场所,锦江区,104.096756,30.632922
华西都市报,edu,科教文化服务;科教文化场所;科教文化场所,锦江区,104.098344,30.630221
四川广播电视大学时代工商学院,edu,科教文化服务;学校;成人教育,锦江区,104.097193,30.63528
四川省依法治校示范学校,edu,科教文化服务;科教文化场所;科教文化场所,锦江区,104.096756,30.632922
成都广播电视大学直属城南学院莲花分院(南门),edu,科教文化服务;学校;高等院校|通行设施;临街院门;临街院正门,锦江区,104.095754,30.637009
大唐教育(莲花校区),edu,科教文化服务;培训机构;培训机构,锦江区,104.096974,30.637512
就好宣传中心,edu,科教文化服务;传媒机构;传媒机构,锦江区,104.096704,30.632598
四川省核工业地质调查院(莲花新区北三巷),edu,科教文化服务;科研机构;科研机构,锦江区,104.099474,30.634473
成都广播电视大学直属城南学院莲花分院(海椒市街),edu,科教文化服务;学校;成人教育,锦江区,104.096974,30.637512
成都市示范社区教育工作站,edu,科教文化服务;科教文化场所;科教文化场所,锦江区,104.094379,30.634603
中国农科院西南畜牧研究中心,edu,科教文化服务;学校;高等院校|科教文化服务;科研机构;科研机构,锦江区,104.103452,30.629723
精锐教育(成都锦江学习中心),edu,科教文化服务;科教文化场所;科教文化场所,锦江区,104.102226,30.634401
成都市心理健康教育实验学校,edu,科教文化服务;科教文化场所;科教文化场所,锦江区,104.096756,30.632922
九州舞蹈艺术中心,edu,科教文化服务;培训机构;培训机构,锦江区,104.098229,30.635372
动物遗传育种四川省重点实验室,edu,科教文化服务;科研机构;科研机构,锦江区,104.103452,30.629723
良木名师教育,edu,科教文化服务;培训机构;培训机构,锦江区,104.095585,30.634025
五福桥社区学堂,edu,科教文化服务;培训机构;培训机构,锦江区,104.102158,30.62995
神墨教育(莲桂南路),edu,科教文化服务;培训机构;培训机构,锦江区,104.096004,30.63584
易优学堂,edu,科教文化服务;培训机构;培训机构,锦江区,104.096004,30.63584
爱莲学堂,edu,科教文化服务;培训机构;培训机构,锦江区,104.096052,30.637852
晋级优佳教育,edu,科教文化服务;培训机构;培训机构,锦江区,104.09559,30.637896
搏鳌乒乓球培训馆,edu,科教文化服务;培训机构;培训机构,锦江区,104.100526,30.638123
清大学习吧(龙舟路),edu,科教文化服务;培训机构;培训机构,锦江区,104.096644,30.629449
三艺棠画室,edu,科教文化服务;培训机构;培训机构,锦江区,104.097227,30.638007
华东师范大学教育研究与实践基地,edu,科教文化服务;科教文化场所;科教文化场所,锦江区,104.096756,30.632922
阳光精品学堂海椒市校区,edu,科教文化服务;培训机构;培训机构,锦江区,104.100631,30.638049
神康癫痫病医学研究院,edu,科教文化服务;科研机构;科研机构,锦江区,104.102386,30.629906
锦江区招收外国学生随班就读定点学校,edu,科教文化服务;科教文化场所;科教文化场所,锦江区,104.096756,30.632922
浩浩学习(莲桂南路),edu,科教文化服务;培训机构;培训机构,锦江区,104.096198,30.634923
优加优教育(二环路东四段),edu,科教文化服务;培训机构;培训机构,锦江区,104.096785,30.629805
笛韵艺术中心(二环路东四段),edu,科教文化服务;培训机构;培训机构,锦江区,104.096785,30.62981
邱亚龙斯诺克私人培训机构,edu,科教文化服务;培训机构;培训机构,锦江区,104.097403,30.638251
柳橙教育,edu,科教文化服务;培训机构;培训机构,锦江区,104.100649,30.638059
i2国际私塾(绿地锦天府学习中心),edu,科教文化服务;培训机构;培训机构,锦江区,104.101543,30.633829
川音大地音乐学校(二环路东四段),edu,科教文化服务;培训机构;培训机构,锦江区,104.096785,30.629805
成都市化工微型计算机应用研究所,edu,科教文化服务;科研机构;科研机构,锦江区,104.095589,30.634021
启智教育,edu,科教文化服务;培训机构;培训机构,锦江区,104.094432,30.631249
成都香颂文化传播有限公司,edu,科教文化服务;科教文化场所;科教文化场所,锦江区,104.107299,30.637914
四川嘉兮文化传播有限公司,edu,科教文化服务;科教文化场所;科教文化场所,锦江区,104.107299,30.637914
四川省成都市七中育才学校,edu,科教文化服务;学校;中学,锦江区,104.104458,30.634051
文轩YOYO国际幼稚园,edu,科教文化服务;学校;幼儿园,锦江区,104.105355,30.635174
小王子星球美术馆,edu,科教文化服务;美术馆;美术馆,锦江区,104.107547,30.634693
星艺美教育,edu,科教文化服务;培训机构;培训机构,锦江区,104.109235,30.633491
爱舞·舞蹈培训中心,edu,科教文化服务;培训机构;培训机构,锦江区,104.103733,30.63243
弘韵飞乐,edu,科教文化服务;培训机构;培训机构,锦江区,104.107422,30.634621
天府英才(旗舰校),edu,科教文化服务;培训机构;培训机构,锦江区,104.104132,30.632581
天才宝贝(锦江中心),edu,科教文化服务;培训机构;培训机构,锦江区,104.107041,30.638127
心田花开学校(汇源校区),edu,科教文化服务;培训机构;培训机构,锦江区,104.10368,30.631817
泰晤士英语(锦天府校区),edu,科教文化服务;培训机构;培训机构,锦江区,104.104277,30.632755
锦江区青年大学生公共卫生创业就业实训基地,edu,科教文化服务;科教文化场所;科教文化场所,锦江区,104.10661,30.631932
成都师范附属小学慧源校区,edu,科教文化服务;学校;小学,锦江区,104.107013,30.633049
成都格林威教育(澳龙名城校区店),edu,科教文化服务;培训机构;培训机构,锦江区,104.108449,30.632243
成都市七中实验,edu,科教文化服务;科教文化场所;科教文化场所,锦江区,104.104458,30.634051
成都赢星教育新亚艺术学校高考文化艺术培训基地,edu,科教文化服务;培训机构;培训机构,锦江区,104.116147,30.633111
四川省林业干部学校,edu,科教文化服务;学校;学校,锦江区,104.115721,30.633224
新亚艺术学校,edu,科教文化服务;学校;学校,锦江区,104.115729,30.633224
成都市第三幼儿园国际新城园区,edu,科教文化服务;学校;幼儿园,锦江区,104.116211,30.638851
四川省林科院园林花卉开发中心,edu,科教文化服务;科研机构;科研机构,锦江区,104.115668,30.633596
沙河街道社区教育学校,edu,科教文化服务;学校;学校,锦江区,104.115377,30.632913
四川省林科院园林科学设计研究所,edu,科教文化服务;科研机构;科研机构,锦江区,104.115668,30.633596
阳光艺术团,edu,科教文化服务;文艺团体;文艺团体,锦江区,104.12143,30.63697
四川省景林景观园林开发中心,edu,科教文化服务;科研机构;科研机构,锦江区,104.115668,30.633599
新亚艺术学校四川省艺术培训特级机构,edu,科教文化服务;培训机构;培训机构,锦江区,104.115692,30.633382
众合·华胜司法考试培训基地,edu,科教文化服务;培训机构;培训机构,锦江区,104.116195,30.633068
成都市新亚艺术学校全国青少年才艺培训指导中心,edu,科教文化服务;培训机构;培训机构,锦江区,104.115776,30.633281
四川省林业科学研究院实验中心,edu,科教文化服务;科研机构;科研机构,锦江区,104.115616,30.633676
鑫莲舞蹈艺术文化中心,edu,科教文化服务;培训机构;培训机构,成华区,104.151099,30.631573
勤书源文化培训部,edu,科教文化服务;培训机构;培训机构,成华区,104.146319,30.633861
成都有鹿文化传媒有限公司,edu,科教文化服务;传媒机构;传媒机构,成华区,104.149212,30.629919
成都帝杰文化传播有限公司,edu,科教文化服务;科教文化场所;科教文化场所,成华区,104.146763,30.634977
四川万有引力文化传播有限公司,edu,科教文化服务;科教文化场所;科教文化场所,成华区,104.152792,30.631106
成都树德小学,edu,科教文化服务;学校;小学,成华区,104.150261,30.630869
蓉城小学,edu,科教文化服务;学校;小学,成华区,104.143618,30.63415
成都四十九中·树德成华中学(东校区),edu,科教文化服务;学校;高等院校,成华区,104.143803,30.634378
尚沃学校,edu,科教文化服务;学校;学校,成华区,104.149246,30.629958
蓝图艺术,edu,科教文化服务;美术馆;美术馆,成华区,104.153336,30.629887
艾毅多元智能幼儿园(和美西路),edu,科教文化服务;学校;幼儿园,成华区,104.150536,30.632161
皮个布早教中心(魅力城店),edu,科教文化服务;培训机构;培训机构,成华区,104.151677,30.631588
戴氏教育(万科总校),edu,科教文化服务;培训机构;培训机构,成华区,104.149521,30.631233
弘儒学堂成渝校区,edu,科教文化服务;科教文化场所;科教文化场所,成华区,104.150887,30.633597
川音大地综艺学校,edu,科教文化服务;培训机构;培训机构,成华区,104.150382,30.632871
新跃舞蹈工作室,edu,科教文化服务;培训机构;培训机构,成华区,104.148616,30.63037
成都市检查井盖研发和培训基地,edu,科教文化服务;科研机构;科研机构,成华区,104.15002,30.639114
向羊少儿培训中心,edu,科教文化服务;培训机构;培训机构,成华区,104.149799,30.631426
齐鲁体育培训中心,edu,科教文化服务;培训机构;培训机构,成华区,104.151099,30.631573
创美钢琴,edu,科教文化服务;培训机构;培训机构,成华区,104.149246,30.629958
成艺艺术培训中心,edu,科教文化服务;培训机构;培训机构,成华区,104.145112,30.63509
心灵益栈,edu,科教文化服务;培训机构;培训机构,成华区,104.15048,30.629469
成华区梦想舞蹈工作室,edu,科教文化服务;培训机构;培训机构,成华区,104.152586,30.629643
夏天美术,edu,科教文化服务;培训机构;培训机构,成华区,104.151355,30.631588
成华区安吉丽娜舞蹈培训中心,edu,科教文化服务;培训机构;培训机构,成华区,104.152515,30.629666
宏图腾少儿教育(和美西路),edu,科教文化服务;培训机构;培训机构,成华区,104.1492,30.633193
夏加儿美术教育(万科北街),edu,科教文化服务;培训机构;培训机构,成华区,104.151021,30.631569
童画视界少儿美术工作室,edu,科教文化服务;培训机构;培训机构,成华区,104.151968,30.631548
北京英宜丹教育科技有限公司和美校区,edu,科教文化服务;科教文化场所;科教文化场所,成华区,104.151468,30.631605
成果钢琴艺术中心(摩玛新城店),edu,科教文化服务;培训机构;培训机构,成华区,104.152276,30.631516
无名美育成长艺术空间(万科旗舰店),edu,科教文化服务;培训机构;培训机构,成华区,104.149331,30.629819
金柠檬国际钢琴教育(万科魅力城店),edu,科教文化服务;培训机构;培训机构,成华区,104.149259,30.62979
望梦圆教育,edu,科教文化服务;培训机构;培训机构,成华区,104.14563,30.634154
小步亲子阅读中心,edu,科教文化服务;科教文化场所;科教文化场所,成华区,104.153139,30.632408
苗苗幼儿园(芙蓉社区西北),edu,科教文化服务;学校;幼儿园,成华区,104.159055,30.634683
成都市第四十九中学分校(建设中),edu,科教文化服务;学校;中学,成华区,104.154271,30.632423
英宝贝,edu,科教文化服务;培训机构;培训机构,成华区,104.157155,30.630511
童心幼儿园,edu,科教文化服务;学校;幼儿园,武侯区,103.969041,30.624312
红苹果幼儿园,edu,科教文化服务;学校;幼儿园,武侯区,103.966196,30.626153
四川省工业环境监测研究院(武科西三路),edu,科教文化服务;科研机构;科研机构,武侯区,103.973587,30.629211
姿博艺术学校,edu,科教文化服务;培训机构;培训机构,武侯区,103.971238,30.622148
金花桥街道总工会职工技能派中派培训点,edu,科教文化服务;科教文化场所;科教文化场所,武侯区,103.968609,30.627252
四川省环境保护科学研究院(武科西三路),edu,科教文化服务;科研机构;科研机构,武侯区,103.973597,30.6292
成都双凤职业技能培训学校,edu,科教文化服务;学校;职业技术学校,武侯区,103.964409,30.620933
成都明德博学文化艺术中心,edu,科教文化服务;培训机构;培训机构,武侯区,103.974329,30.625868
北京协同共享文化传播有限公司成都办事处,edu,科教文化服务;科教文化场所;科教文化场所,武侯区,103.981274,30.628024
西南干线交通会议中心,edu,科教文化服务;会展中心;会展中心,武侯区,103.975819,30.625819
西南干线交通培训中心,edu,科教文化服务;培训机构;培训机构,武侯区,103.976164,30.625593
成都鹏举文化传播有限公司,edu,科教文化服务;科教文化场所;科教文化场所,武侯区,103.986971,30.628883
成都灵韵天成文化传播有限公司,edu,科教文化服务;科教文化场所;科教文化场所,武侯区,103.9926,30.625827
农银大学,edu,科教文化服务;学校;高等院校,武侯区,103.985177,30.626437
武顺街小学,edu,科教文化服务;学校;小学,武侯区,103.984353,30.620169
维也纳艺术中心,edu,科教文化服务;美术馆;美术馆|科教文化服务;培训机构;培训机构,武侯区,103.985648,30.623829
中国农业银行(四川省分行培训学校),edu,科教文化服务;培训机构;培训机构,武侯区,103.985175,30.626433
兆景路幼儿园,edu,科教文化服务;学校;幼儿园,武侯区,103.991226,30.625557
新蒙幼儿园,edu,科教文化服务;学校;幼儿园,武侯区,103.989838,30.624406
中国农业银行公司四川省分行培训学校党校,edu,科教文化服务;学校;学校,武侯区,103.985173,30.625843
小斑马琴行,edu,科教文化服务;培训机构;培训机构|购物服务;专卖店;专营店,武侯区,103.992213,30.625735
呱呱童画,edu,科教文化服务;培训机构;培训机构,武侯区,103.992513,30.625866
小鲸鱼美术屋,edu,科教文化服务;培训机构;培训机构,武侯区,103.991423,30.625347
新蒙私塾园,edu,科教文化服务;培训机构;培训机构,武侯区,103.988576,30.624189
成都市益进会计培训学校,edu,科教文化服务;培训机构;培训机构,武侯区,103.98674,30.62899
华夏艺术培训中心露露舞蹈工作室,edu,科教文化服务;培训机构;培训机构,武侯区,103.986522,30.628634
华夏艺术培训中心,edu,科教文化服务;培训机构;培训机构,武侯区,103.98568,30.6289
成都彩虹集团研究所,edu,科教文化服务;科研机构;科研机构,武侯区,103.991006,30.627796
成都哈佛之星教育,edu,科教文化服务;学校;幼儿园,武侯区,103.997265,30.628451
哈佛之星幼稚园,edu,科教文化服务;学校;幼儿园,武侯区,103.997426,30.628767
成都市武侯区蓝天幼儿园(太平园西路),edu,科教文化服务;学校;幼儿园,武侯区,104.003485,30.621479
成都市第五十七实验学校(西区),edu,科教文化服务;学校;小学,武侯区,104.001224,30.62188
哈佛之星早教中心,edu,科教文化服务;培训机构;培训机构,武侯区,103.997402,30.628442
成都青弥文化传播有限公司,edu,科教文化服务;传媒机构;传媒机构,武侯区,104.006027,30.625479
成都市橙品广讯文化传播有限公司,edu,科教文化服务;科教文化场所;科教文化场所,武侯区,104.006823,30.624928
西南民族大学太平园校区,edu,科教文化服务;学校;高等院校,武侯区,104.011847,30.622603
成都市第五十七实验学校,edu,科教文化服务;学校;小学,武侯区,104.011882,30.625633
西南民族大学(太平园校区)-第二教学区,edu,科教文化服务;学校;高等院校,武侯区,104.011438,30.623161
百草园小学,edu,科教文化服务;学校;小学,武侯区,104.003817,30.624405
时代舞蹈艺术中心,edu,科教文化服务;美术馆;美术馆,武侯区,104.003889,30.623608
灰姑娘国际儿童艺术中心,edu,科教文化服务;美术馆;美术馆,武侯区,104.009394,30.627477
博睿电视墙,edu,科教文化服务;科教文化场所;科教文化场所,武侯区,104.009744,30.619773
疯狂钢琴(大悦城店),edu,科教文化服务;培训机构;培训机构,武侯区,104.007731,30.629218
美吉姆国际儿童教育中心,edu,科教文化服务;培训机构;培训机构,武侯区,104.009334,30.627652
歆歆幼儿园总园,edu,科教文化服务;学校;幼儿园,武侯区,104.01168,30.626656
Ef英孚青少儿英语(大悦城中心),edu,科教文化服务;培训机构;培训机构,武侯区,104.008098,30.628849
PAINTINGTOWER画室,edu,科教文化服务;培训机构;培训机构,武侯区,104.008932,30.628571
成都迪凡文化传播有限公司,edu,科教文化服务;科教文化场所;科教文化场所,武侯区,104.020109,30.62809
成都潇潇文化传播有限责任公司,edu,科教文化服务;科教文化场所;科教文化场所,武侯区,104.020985,30.629117
波尔菲特酒店-会议厅,edu,科教文化服务;会展中心;会展中心,武侯区,104.02103,30.629049
西南民族大学-继续教育学院,edu,科教文化服务;学校;成人教育,武侯区,104.014165,30.623409
四川省减灾中心,edu,科教文化服务;科研机构;科研机构,武侯区,104.023058,30.623901
成都市武侯区文化馆,edu,科教文化服务;文化宫;文化宫,武侯区,104.031195,30.62604
成都明堂文化传播有限公司,edu,科教文化服务;科教文化场所;科教文化场所,武侯区,104.024263,30.625992
成都瀚扬文化交流中心,edu,科教文化服务;科教文化场所;科教文化场所,武侯区,104.031195,30.62604
联美映画文化传播有限公司,edu,科教文化服务;科教文化场所;科教文化场所,武侯区,104.028226,30.627759
福善莲根禅文化艺术馆,edu,科教文化服务;美术馆;美术馆,武侯区,104.028506,30.62267
成都艾瑞达文化传播有限公司人民邮电出版社,edu,科教文化服务;传媒机构;出版社,武侯区,104.024728,30.625829
四川中医高等专科学校,edu,科教文化服务;学校;高等院校,武侯区,104.027249,30.628569
圣迪幼儿园,edu,科教文化服务;学校;幼儿园,武侯区,104.024336,30.625127
蒸汽实验室,edu,科教文化服务;科研机构;科研机构,武侯区,104.030956,30.625408
华西科技园呼吸病学研究室,edu,科教文化服务;科研机构;科研机构,武侯区,104.030667,30.620538
尚慧国际幼儿园(九兴大道),edu,科教文化服务;学校;幼儿园,武侯区,104.030225,30.626505
童趣之家儿童乐园,edu,科教文化服务;科教文化场所;科教文化场所,武侯区,104.03022,30.626213
华西医学转化中心,edu,科教文化服务;科教文化场所;科教文化场所,武侯区,104.03024,30.621276
移植免疫学实验室,edu,科教文化服务;科研机构;科研机构,武侯区,104.03024,30.621276
四川大学数学医院附设华西卫生学校,edu,科教文化服务;学校;职业技术学校,武侯区,104.027184,30.628531
战旗飞舞艺术培训中心,edu,科教文化服务;培训机构;培训机构,武侯区,104.0294,30.626383
国际私塾,edu,科教文化服务;培训机构;培训机构,武侯区,104.030169,30.626506
成都零基础舞蹈培训(精灵之舞工作室),edu,科教文化服务;培训机构;培训机构,武侯区,104.027557,30.628079
四川大学华西临床医学院科技园信号转导实验室,edu,科教文化服务;科研机构;科研机构,武侯区,104.030241,30.621273
生物治疗国家重点实验室,edu,科教文化服务;科教文化场所;科教文化场所,武侯区,104.030241,30.621273
再生医学研究中心,edu,科教文化服务;科教文化场所;科教文化场所,武侯区,104.030241,30.621273
华西科研基地,edu,科教文化服务;科教文化场所;科教文化场所,武侯区,104.029954,30.620866
道恩文化传播有限公司,edu,科教文化服务;科教文化场所;科教文化场所,武侯区,104.043267,30.625675
四川天籁文化传播有限公司,edu,科教文化服务;科教文化场所;科教文化场所,武侯区,104.038157,30.628461
成都广电视讯文化传播有限公司,edu,科教文化服务;科教文化场所;科教文化场所,武侯区,104.035028,30.628199
成都广电视讯文化传播有限公司,edu,科教文化服务;科教文化场所;科教文化场所,武侯区,104.037505,30.629374
成都映奥文化传播有限公司,edu,科教文化服务;传媒机构;传媒机构,武侯区,104.038688,30.628666
四川川视卓智文化传播有限公司,edu,科教文化服务;科教文化场所;科教文化场所,武侯区,104.034757,30.627882
上海大大传媒有限公司,edu,科教文化服务;科教文化场所;科教文化场所,武侯区,104.034825,30.627752
中国电子科技集团公司第三十研究所,edu,科教文化服务;科研机构;科研机构,武侯区,104.040756,30.625426
峨眉电影频道,edu,科教文化服务;传媒机构;电视台,武侯区,104.035787,30.621581
成都精密光学工程研究中心,edu,科教文化服务;科研机构;科研机构,武侯区,104.038545,30.627032
联谊社区图书室,edu,科教文化服务;图书馆;图书馆,武侯区,104.043054,30.62923
成都电视台公共频道,edu,科教文化服务;科教文化场所;科教文化场所,武侯区,104.037445,30.629437
诺亚方舟-会议厅,edu,科教文化服务;会展中心;会展中心,武侯区,104.036969,30.61994
中国美网美术馆,edu,科教文化服务;美术馆;美术馆,武侯区,104.041954,30.626804
爱米尔倍特幼儿园,edu,科教文化服务;学校;幼儿园,武侯区,104.042576,30.622337
成都市名师导航学校,edu,科教文化服务;学校;学校,武侯区,104.042084,30.623592
四川明信钾盐技术研究院,edu,科教文化服务;科研机构;科研机构,武侯区,104.034649,30.619543
药工医药生物技术研究所,edu,科教文化服务;科研机构;科研机构,武侯区,104.043065,30.628902
新华亿母婴职业技能培训,edu,科教文化服务;培训机构;培训机构,武侯区,104.035353,30.627886
优胜教育(高新校区),edu,科教文化服务;培训机构;培训机构,武侯区,104.042914,30.623042
十一科技西南城市建筑规划设计院,edu,科教文化服务;科研机构;科研机构,武侯区,104.038688,30.628666
峨眉电影频道,edu,科教文化服务;科教文化场所;科教文化场所,武侯区,104.040123,30.623077
精密激光聚变研究中心,edu,科教文化服务;科教文化场所;科教文化场所,武侯区,104.038545,30.627032
达内成都高升桥中心,edu,科教文化服务;科教文化场所;科教文化场所,武侯区,104.038576,30.628795
信息系统研发中心,edu,科教文化服务;科教文化场所;科教文化场所,武侯区,104.037418,30.628116
得一琴馆(创业路店),edu,科教文化服务;科教文化场所;科教文化场所,武侯区,104.043052,30.623274
播澜儿童艺术创想,edu,科教文化服务;科教文化场所;科教文化场所,武侯区,104.041415,30.620357
四川海洋特种技术研究所,edu,科教文化服务;科研机构;科研机构,武侯区,104.038572,30.628165
韦伯双语机器人学校(神仙树店),edu,科教文化服务;科教文化场所;科教文化场所,武侯区,104.04279,30.623156
丹秋名师堂学校(永丰分部),edu,科教文化服务;科教文化场所;科教文化场所,武侯区,104.040485,30.623124
成都市名舟教育,edu,科教文化服务;培训机构;培训机构,武侯区,104.042172,30.623418
惠源卓越英语,edu,科教文化服务;培训机构;培训机构,武侯区,104.042172,30.623418
成都英东教育咨询中心,edu,科教文化服务;培训机构;培训机构,武侯区,104.034205,30.627535
达内教育,edu,科教文化服务;培训机构;培训机构,武侯区,104.036613,30.624224
成都市民道德讲堂,edu,科教文化服务;培训机构;培训机构,武侯区,104.039982,30.622432
成都韵动舞园艺术基地,edu,科教文化服务;培训机构;培训机构,武侯区,104.043235,30.623252
i2国际私塾(紫荆西路),edu,科教文化服务;培训机构;培训机构,武侯区,104.042792,30.620137
江西省交通设计院成都分公司,edu,科教文化服务;科教文化场所;科教文化场所,武侯区,104.033798,30.626496
阳光美语,edu,科教文化服务;培训机构;培训机构,武侯区,104.034825,30.627752
成都市泊菲特语言学校,edu,科教文化服务;培训机构;培训机构,武侯区,104.041415,30.620357
有线广播电视网络股份有限公司,edu,科教文化服务;科教文化场所;科教文化场所,武侯区,104.033741,30.621574
小书童教育(神仙树学习中心),edu,科教文化服务;培训机构;培训机构,武侯区,104.043052,30.623274
武汉市政设计院成都分院,edu,科教文化服务;科教文化场所;科教文化场所,武侯区,104.035618,30.622033
四川广电,edu,科教文化服务;科教文化场所;科教文化场所,武侯区,104.034723,30.62173
成都倍特药业研发中心,edu,科教文化服务;科教文化场所;科教文化场所,武侯区,104.035119,30.623742
责商教育,edu,科教文化服务;科教文化场所;科教文化场所,武侯区,104.040123,30.62908
广达新网研究院,edu,科教文化服务;科研机构;科研机构,武侯区,104.035845,30.625681
西南通信研究所,edu,科教文化服务;科研机构;科研机构,武侯区,104.042275,30.626016
经济技术研究所,edu,科教文化服务;科研机构;科研机构,武侯区,104.035046,30.628921
四川电视台,edu,科教文化服务;传媒机构;电视台,武侯区,104.035634,30.621779
芳草青少年文化艺术培训中心,edu,科教文化服务;培训机构;培训机构,武侯区,104.050509,30.627969
成都高新区社区文化活动室(紫荆西路),edu,科教文化服务;文化宫;文化宫,武侯区,104.043867,30.620185
成都维克特文化传播有限公司,edu,科教文化服务;科教文化场所;科教文化场所,武侯区,104.047117,30.625208
成都高新实验中学,edu,科教文化服务;学校;中学,武侯区,104.044601,30.620861
成都玉林中学芳草校区,edu,科教文化服务;学校;中学,武侯区,104.050013,30.627294
成都师范银都小学,edu,科教文化服务;学校;小学,武侯区,104.051764,30.622835
成都高新实验小学,edu,科教文化服务;学校;小学,武侯区,104.044938,30.621772
艺蓉舞校,edu,科教文化服务;培训机构;培训机构,武侯区,104.048492,30.629069
成都市人力资源管理培训中心,edu,科教文化服务;培训机构;培训机构,武侯区,104.045409,30.628934
紫荆幼儿园,edu,科教文化服务;学校;幼儿园,武侯区,104.050542,30.620219
高兴幼儿园,edu,科教文化服务;学校;幼儿园,武侯区,104.050423,30.620019
紫竹北街社区市民学校,edu,科教文化服务;学校;学校,武侯区,104.051332,30.622807
金苹果银都国际幼稚园,edu,科教文化服务;学校;幼儿园,武侯区,104.053335,30.620888
元通社区青少年活动中心,edu,科教文化服务;文化宫;文化宫,武侯区,104.043867,30.620185
成都倍得管理培训有限公司,edu,科教文化服务;培训机构;培训机构,武侯区,104.045409,30.628934
四川百特尔心理应用研究所,edu,科教文化服务;科研机构;科研机构,武侯区,104.051268,30.628082
芳草老年大学,edu,科教文化服务;学校;成人教育,武侯区,104.052359,30.627095
城市学校少年宫(神仙树西路),edu,科教文化服务;文化宫;文化宫,武侯区,104.044937,30.621769
艺术培训古琴,edu,科教文化服务;科教文化场所;科教文化场所,武侯区,104.053399,30.61946
丹秋名师堂,edu,科教文化服务;科教文化场所;科教文化场所,武侯区,104.04712,30.62777
邬可老师吉他教室,edu,科教文化服务;培训机构;培训机构,武侯区,104.04693,30.627397
元通社区党员之家·市民学校,edu,科教文化服务;学校;学校,武侯区,104.043859,30.620234
学大教育,edu,科教文化服务;培训机构;培训机构,武侯区,104.044728,30.622189
星海学校(紫荆校区),edu,科教文化服务;培训机构;培训机构,武侯区,104.050963,30.62347
成都红菱舞校(二环路南三段),edu,科教文化服务;培训机构;培训机构,武侯区,104.050854,30.624036
上海交通大学昂立国际教育,edu,科教文化服务;培训机构;培训机构,武侯区,104.043845,30.622616
三棵树作文(二环路南三段),edu,科教文化服务;培训机构;培训机构,武侯区,104.050962,30.62398
比特易国际儿童教育中心(芳草街),edu,科教文化服务;培训机构;培训机构,武侯区,104.048887,30.628791
成都天娇艺术吉他培训(神仙树店),edu,科教文化服务;培训机构;培训机构,武侯区,104.046584,30.622304
成都声乐培训(天娇艺术南门神仙树校区),edu,科教文化服务;培训机构;培训机构,武侯区,104.046032,30.621438
新一代教育,edu,科教文化服务;培训机构;培训机构,武侯区,104.043813,30.622688
四川广电营帐室,edu,科教文化服务;科教文化场所;科教文化场所,武侯区,104.043811,30.622687
成都三藏文化传播有限公司,edu,科教文化服务;科教文化场所;科教文化场所,武侯区,104.045408,30.62894
四川山水文化传播有限公司,edu,科教文化服务;科教文化场所;科教文化场所,武侯区,104.060463,30.626177
成都高新区社区文化活动中心,edu,科教文化服务;文化宫;文化宫,武侯区,104.054231,30.62813
成都智盛文化传播有限公司,edu,科教文化服务;传媒机构;传媒机构,武侯区,104.062599,30.623339
成都金音符文化传播有限公司,edu,科教文化服务;科教文化场所;科教文化场所,武侯区,104.055518,30.61958
玉林辖区综合文化活动中心,edu,科教文化服务;文化宫;文化宫,武侯区,104.057799,30.626267
成都新高地文化传播有限公司,edu,科教文化服务;传媒机构;传媒机构,武侯区,104.062599,30.623339
成都比众互动文化传播有限公司,edu,科教文化服务;科教文化场所;科教文化场所,武侯区,104.061299,30.619601
成都五芒星文化传播有限公司(王苑公寓西),edu,科教文化服务;传媒机构;传媒机构,武侯区,104.057036,30.62685
芳草辖区蓓蕾街社区文化站,edu,科教文化服务;文化宫;文化宫,武侯区,104.054231,30.62813
成都市武侯区青少年服务中心,edu,科教文化服务;科教文化场所;科教文化场所,武侯区,104.057615,30.628957
玉林文华活动中心,edu,科教文化服务;文化宫;文化宫,武侯区,104.056819,30.628933
玉林小学,edu,科教文化服务;学校;小学,武侯区,104.057347,30.628365
数字博物馆,edu,科教文化服务;博物馆;博物馆,武侯区,104.063467,30.624953
新世纪体育报,edu,科教文化服务;传媒机构;报社,武侯区,104.062599,30.623339
玉林小学-玉林实验幼儿园,edu,科教文化服务;学校;幼儿园,武侯区,104.058098,30.628508
倪家桥社区图书阅览室,edu,科教文化服务;图书馆;图书馆,武侯区,104.057218,30.627951
成都市武侯区英艺幼儿园(玉通巷),edu,科教文化服务;学校;幼儿园,武侯区,104.056336,30.623727
四川大学生命科学院科研教学基地,edu,科教文化服务;学校;高等院校,武侯区,104.061827,30.625437
四川华普医院会议室,edu,科教文化服务;会展中心;会展中心,武侯区,104.05599,30.621196
满江红会议厅,edu,科教文化服务;会展中心;会展中心,武侯区,104.054912,30.62322
中国地质科学院矿产综合利用研究所,edu,科教文化服务;科研机构;科研机构,武侯区,104.059275,30.62311
常春藤钢琴艺术中心(桐梓林店),edu,科教文化服务;美术馆;美术馆,武侯区,104.056011,30.620158
四川日报,edu,科教文化服务;传媒机构;报社,武侯区,104.059467,30.629176
四川广播电视大学执讯学院,edu,科教文化服务;学校;成人教育,武侯区,104.056258,30.62746
春雨教育(玉林店),edu,科教文化服务;培训机构;培训机构,武侯区,104.057677,30.627511
英艺东区幼儿园,edu,科教文化服务;学校;幼儿园,武侯区,104.06063,30.628762
四川省机械研究设计院,edu,科教文化服务;科研机构;科研机构,武侯区,104.058666,30.627165
新空间青少年发展中心,edu,科教文化服务;文化宫;文化宫,武侯区,104.057666,30.628826
新蒙国际私塾园NMIK(幼儿园),edu,科教文化服务;学校;幼儿园,武侯区,104.058941,30.620958
光亚幼稚园(蓓蕾街),edu,科教文化服务;学校;幼儿园,武侯区,104.054096,30.629286
成都市武侯区玉林青少年空间,edu,科教文化服务;文化宫;文化宫,武侯区,104.057615,30.628957
青漩美育,edu,科教文化服务;科教文化场所;科教文化场所,武侯区,104.059269,30.620198
Friends-House,edu,科教文化服务;培训机构;培训机构,武侯区,104.056378,30.624016
爱育幼童国际儿童思维训练馆,edu,科教文化服务;科教文化场所;科教文化场所,武侯区,104.054762,30.623507
极客数学帮,edu,科教文化服务;科教文化场所;科教文化场所,武侯区,104.057224,30.627987
三十研究所,edu,科教文化服务;科研机构;科研机构,武侯区,104.057645,30.627903
迈格森国际教育(新光路),edu,科教文化服务;培训机构;培训机构,武侯区,104.05512,30.620127
成都市教育局求学手册编辑部,edu,科教文化服务;传媒机构;杂志社,武侯区,104.062599,30.623339
希望英语,edu,科教文化服务;培训机构;培训机构,武侯区,104.055487,30.620044
四川省古典建筑园林设计院,edu,科教文化服务;科研机构;科研机构,武侯区,104.063383,30.623118
玉林社区健康教育学校,edu,科教文化服务;学校;学校,武侯区,104.057799,30.626267
中国地质调查局金属矿物利用技术中心,edu,科教文化服务;科研机构;科研机构,武侯区,104.059276,30.62311
启智少儿围棋培训中心(倪家桥路),edu,科教文化服务;培训机构;培训机构,武侯区,104.056258,30.62746
芳草街道蓓蕾社区家长学校,edu,科教文化服务;科教文化场所;科教文化场所,武侯区,104.0546,30.62852
优能中学全科培训,edu,科教文化服务;培训机构;培训机构,武侯区,104.05512,30.620127
时尚早餐儿童厨艺班,edu,科教文化服务;培训机构;培训机构,武侯区,104.055903,30.625487
中国管理科学研究院商业保理研究管理中心四川分中心(筹委会),edu,科教文化服务;科研机构;科研机构,武侯区,104.057302,30.626749
翔子爵士鼓培训中心,edu,科教文化服务;培训机构;培训机构,武侯区,104.055262,30.622923
丰羽学校,edu,科教文化服务;培训机构;培训机构,武侯区,104.056258,30.627461
优学堂教育(倪家桥路),edu,科教文化服务;培训机构;培训机构,武侯区,104.056258,30.62746
考尚教育,edu,科教文化服务;培训机构;培训机构,武侯区,104.056985,30.62683
孙娜智能音乐教育,edu,科教文化服务;培训机构;培训机构,武侯区,104.055483,30.620134
成都市民道德讲堂,edu,科教文化服务;培训机构;培训机构,武侯区,104.061622,30.625289
兰西小屋,edu,科教文化服务;培训机构;培训机构,武侯区,104.062448,30.623285
丹秋名师堂学校(玉林分部二),edu,科教文化服务;科教文化场所;科教文化场所,武侯区,104.05477,30.623104
魅影舞蹈工作室,edu,科教文化服务;培训机构;培训机构,武侯区,104.056391,30.626486
联创电脑学历会计学校,edu,科教文化服务;培训机构;培训机构,武侯区,104.056258,30.627461
佳音英语(城南分校),edu,科教文化服务;培训机构;培训机构,武侯区,104.054058,30.623238
成都市群星美术学校(玉林西街后巷),edu,科教文化服务;培训机构;培训机构,武侯区,104.056978,30.62755
灵通英语学校(倪家桥路),edu,科教文化服务;培训机构;培训机构,武侯区,104.057036,30.62685
中华建规划设计研究院有限公司成都分公司(甲级),edu,科教文化服务;科研机构;科研机构,武侯区,104.062599,30.623339
星空舞蹈工作室(倪家桥路),edu,科教文化服务;培训机构;培训机构,武侯区,104.057036,30.62685
新课程培训学校,edu,科教文化服务;培训机构;培训机构,武侯区,104.055691,30.626265
MaxEn,edu,科教文化服务;培训机构;培训机构,武侯区,104.055171,30.619923
指南针计算机学校(倪家桥路),edu,科教文化服务;培训机构;培训机构,武侯区,104.056258,30.627461
新东方优能中学全科培训(紫荆教学区),edu,科教文化服务;培训机构;培训机构,武侯区,104.055479,30.620155
文脉教育,edu,科教文化服务;培训机构;培训机构,武侯区,104.061747,30.62326
中国工程物理研究院,edu,科教文化服务;科研机构;科研机构,武侯区,104.056072,30.628176
云顶雅居社区图书馆,edu,科教文化服务;图书馆;图书馆,武侯区,104.059823,30.623901
成都野趣生境文化传播有限公司,edu,科教文化服务;科教文化场所;科教文化场所,武侯区,104.059366,30.62117
启蔻文化传播,edu,科教文化服务;科教文化场所;科教文化场所,武侯区,104.071356,30.627358
爱之源文化传播有限公司,edu,科教文化服务;科教文化场所;科教文化场所,武侯区,104.06597,30.621349
重庆鼎辉文化传播有限公司,edu,科教文化服务;科教文化场所;科教文化场所,武侯区,104.071222,30.627147
弥薇文化传播有限公司,edu,科教文化服务;科教文化场所;科教文化场所,武侯区,104.067003,30.627034
成都雅云文化传播有限公司,edu,科教文化服务;科教文化场所;科教文化场所,武侯区,104.071333,30.627162
四川海漫文化传播有限公司,edu,科教文化服务;科教文化场所;科教文化场所,武侯区,104.067182,30.6269
成都联上文化传播有限公司,edu,科教文化服务;科教文化场所;科教文化场所,武侯区,104.065248,30.621013
成都拓元文化传播有限公司,edu,科教文化服务;科教文化场所;科教文化场所,武侯区,104.068209,30.626859
善道天下文化传播有限公司,edu,科教文化服务;科教文化场所;科教文化场所,武侯区,104.066947,30.626617
成都脉脉文化传播有限公司,edu,科教文化服务;科教文化场所;科教文化场所,武侯区,104.068461,30.621609
鑫风尚文化传播有限责任公司,edu,科教文化服务;科教文化场所;科教文化场所,武侯区,104.070662,30.627246
非比寻常文化传播,edu,科教文化服务;科教文化场所;科教文化场所,武侯区,104.067003,30.627034
成都麻壳文化传播有限公司,edu,科教文化服务;科教文化场所;科教文化场所,武侯区,104.070282,30.62712
成都翌星文化传媒有限公司,edu,科教文化服务;科教文化场所;科教文化场所,武侯区,104.070651,30.627223
全视律影文化传媒,edu,科教文化服务;科教文化场所;科教文化场所,武侯区,104.065133,30.626764
音凰圣世文化传播有限公司,edu,科教文化服务;科教文化场所;科教文化场所,武侯区,104.069442,30.62721
四川艾青莲文化传播有限公司,edu,科教文化服务;科教文化场所;科教文化场所,武侯区,104.070491,30.620575
四川省龙墨文化传播有限公司,edu,科教文化服务;科教文化场所;科教文化场所,武侯区,104.069024,30.627275
深圳海豚之旅文化传播有限公司,edu,科教文化服务;科教文化场所;科教文化场所,武侯区,104.06536,30.621028
成都七驴行文化传播有限公司,edu,科教文化服务;科教文化场所;科教文化场所,武侯区,104.065401,30.621002
四川乐活乐学文化传播有限公司,edu,科教文化服务;科教文化场所;科教文化场所,武侯区,104.065569,30.625703
成都三摩地文化传播有限公司,edu,科教文化服务;科教文化场所;科教文化场所,武侯区,104.065252,30.621025
成都金点邦克文化传播有限公司,edu,科教文化服务;科教文化场所;科教文化场所,武侯区,104.067003,30.627034
成都思倍思文化传播有限公司,edu,科教文化服务;科教文化场所;科教文化场所,武侯区,104.071203,30.628264
成都市筑梦手文化传播有限公司,edu,科教文化服务;科教文化场所;科教文化场所,武侯区,104.070418,30.627175
成都零界里体育文化传播有限公司,edu,科教文化服务;科教文化场所;科教文化场所,武侯区,104.065982,30.621343
成都超凡博艺文化传播有限责任公司,edu,科教文化服务;科教文化场所;科教文化场所,武侯区,104.06868,30.625603
四川子曰砺心文化传播有限公司,edu,科教文化服务;科教文化场所;科教文化场所,武侯区,104.064006,30.62495
启榜高考升学服务中心,edu,科教文化服务;培训机构;培训机构,武侯区,104.069015,30.627264
黑酷少儿街舞爵士舞舞蹈培训,edu,科教文化服务;培训机构;培训机构,武侯区,104.070662,30.627216
随意说英语,edu,科教文化服务;培训机构;培训机构,武侯区,104.068595,30.627678
农业部沼气科学研究所,edu,科教文化服务;科研机构;科研机构,武侯区,104.065049,30.629375
四川省冶金设计研究院,edu,科教文化服务;科研机构;科研机构,武侯区,104.063687,30.628368
金苹果新蒙特梭利幼稚园,edu,科教文化服务;学校;幼儿园,武侯区,104.070879,30.624849
成都中医药大学第二临床医学院-四川生殖卫生学院,edu,科教文化服务;学校;高等院校,武侯区,104.064966,30.628808
四川省环境保护科学研究院(人民南路四段),edu,科教文化服务;科研机构;科研机构,武侯区,104.064053,30.629327
成都中医药大学人民南路校区,edu,科教文化服务;学校;高等院校,武侯区,104.064967,30.628807
棕北小学,edu,科教文化服务;学校;小学,武侯区,104.07143,30.625319
棕北小学(北苑),edu,科教文化服务;学校;小学,武侯区,104.071961,30.629043
凯宾斯基饭店-会议厅,edu,科教文化服务;会展中心;会展中心,武侯区,104.063723,30.621037
向阳大厦宾馆-会议厅,edu,科教文化服务;会展中心;会展中心,武侯区,104.067077,30.623002
许林英语(人民南路四段),edu,科教文化服务;培训机构;培训机构,武侯区,104.064192,30.624818
威斯顿联邦大厦国际会议中心,edu,科教文化服务;会展中心;会展中心,武侯区,104.064991,30.626823
梦之声艺术中心,edu,科教文化服务;培训机构;培训机构,武侯区,104.067956,30.62421
同创职业技能培训学校,edu,科教文化服务;学校;职业技术学校,武侯区,104.065262,30.621
四川广播电视大学(城南校区),edu,科教文化服务;学校;成人教育,武侯区,104.063537,30.62801
果核时代录音棚,edu,科教文化服务;科教文化场所;科教文化场所,武侯区,104.067003,30.627034
艺新成国际舞蹈中心,edu,科教文化服务;科教文化场所;科教文化场所,武侯区,104.069024,30.627268
中国民航局第二研究所,edu,科教文化服务;科研机构;科研机构,武侯区,104.068758,30.622996
何氏骨科研究所,edu,科教文化服务;科研机构;科研机构,武侯区,104.063951,30.625935
黑酷少儿街舞爵士舞舞蹈培训,edu,科教文化服务;培训机构;培训机构,武侯区,104.070662,30.627216
随意说英语,edu,科教文化服务;培训机构;培训机构,武侯区,104.068595,30.627678
成都奥德曼夏令营,edu,科教文化服务;培训机构;培训机构,武侯区,104.066051,30.620917
农业部沼气科学研究所,edu,科教文化服务;科研机构;科研机构,武侯区,104.065049,30.629375
四川省冶金设计研究院,edu,科教文化服务;科研机构;科研机构,武侯区,104.063687,30.628368
金苹果新蒙特梭利幼稚园,edu,科教文化服务;学校;幼儿园,武侯区,104.070879,30.624849
成都中医药大学第二临床医学院-四川生殖卫生学院,edu,科教文化服务;学校;高等院校,武侯区,104.064966,30.628808
四川省环境保护科学研究院(人民南路四段),edu,科教文化服务;科研机构;科研机构,武侯区,104.064053,30.629327
成都中医药大学人民南路校区,edu,科教文化服务;学校;高等院校,武侯区,104.064967,30.628807
四川省生殖健康研究中心,edu,科教文化服务;科研机构;科研机构,武侯区,104.064967,30.628807
棕北小学,edu,科教文化服务;学校;小学,武侯区,104.07143,30.625319
棕北小学(北苑),edu,科教文化服务;学校;小学,武侯区,104.071961,30.629043
凯宾斯基饭店-会议厅,edu,科教文化服务;会展中心;会展中心,武侯区,104.063723,30.621037
兼善教育小小学堂,edu,科教文化服务;培训机构;培训机构,武侯区,104.066319,30.627751
向阳大厦宾馆-会议厅,edu,科教文化服务;会展中心;会展中心,武侯区,104.067077,30.623002
成都濑川外国语学校,edu,科教文化服务;学校;学校,武侯区,104.068685,30.625609
许林英语(人民南路四段),edu,科教文化服务;培训机构;培训机构,武侯区,104.064192,30.624818
威斯顿联邦大厦国际会议中心,edu,科教文化服务;会展中心;会展中心,武侯区,104.064991,30.626823
梦之声艺术中心,edu,科教文化服务;培训机构;培训机构,武侯区,104.067956,30.62421
果核电影馆,edu,科教文化服务;科教文化场所;科教文化场所,武侯区,104.070662,30.627216
同创职业技能培训学校,edu,科教文化服务;学校;职业技术学校,武侯区,104.065262,30.621
四川广播电视大学(城南校区),edu,科教文化服务;学校;成人教育,武侯区,104.063537,30.62801
全球教育联盟,edu,科教文化服务;科教文化场所;科教文化场所,武侯区,104.065181,30.626968
果核时代录音棚,edu,科教文化服务;科教文化场所;科教文化场所,武侯区,104.067003,30.627034
艺新成国际舞蹈中心,edu,科教文化服务;科教文化场所;科教文化场所,武侯区,104.069024,30.627268
中国民航局第二研究所,edu,科教文化服务;科研机构;科研机构,武侯区,104.068758,30.622996
何氏骨科研究所,edu,科教文化服务;科研机构;科研机构,武侯区,104.063951,30.625935
龙墨立体声录音棚,edu,科教文化服务;科教文化场所;科教文化场所,武侯区,104.069024,30.627268
光合实验室,edu,科教文化服务;科研机构;科研机构,武侯区,104.067003,30.627034
四川华西建筑设计院,edu,科教文化服务;科研机构;科研机构,武侯区,104.065049,30.629375
成都市政工程专修学校,edu,科教文化服务;科教文化场所;科教文化场所,武侯区,104.065942,30.62125
小V家录音棚,edu,科教文化服务;科教文化场所;科教文化场所,武侯区,104.064003,30.628094
快乐小领袖国际儿童教育中心,edu,科教文化服务;学校;幼儿园,武侯区,104.070609,30.627035
美朵拉美舞蹈魅力学院,edu,科教文化服务;学校;高等院校,武侯区,104.069713,30.626967
华西安神诺精神病研究所,edu,科教文化服务;科研机构;科研机构,武侯区,104.067646,30.623151
静止时光画舍,edu,科教文化服务;科教文化场所;科教文化场所,武侯区,104.067379,30.623389
视觉艺术学校,edu,科教文化服务;学校;职业技术学校,武侯区,104.070563,30.627263
番茄田美术中心,edu,科教文化服务;美术馆;美术馆,武侯区,104.072808,30.622016
乐训国际教育,edu,科教文化服务;培训机构;培训机构,武侯区,104.065181,30.626973
琴瑟和鸣,edu,科教文化服务;科教文化场所;科教文化场所,武侯区,104.071281,30.628148
梵雅英语俱乐部(武侯校区),edu,科教文化服务;培训机构;培训机构,武侯区,104.066947,30.626617
成都创行人力资源职业技能培训学校,edu,科教文化服务;学校;职业技术学校,武侯区,104.064559,30.629216
成都世健联健康管理职业技能培训学校,edu,科教文化服务;学校;职业技术学校,武侯区,104.066212,30.627648
芭比舞蹈工作室,edu,科教文化服务;培训机构;培训机构,武侯区,104.070678,30.627234
四川电视台峨眉电影频道消费空间栏目,edu,科教文化服务;科教文化场所;科教文化场所,武侯区,104.06548,30.626453
美橙舞蹈,edu,科教文化服务;培训机构;培训机构,武侯区,104.069442,30.62721
环球优路教育成都分校,edu,科教文化服务;科教文化场所;科教文化场所,武侯区,104.065251,30.621025
汇城物业小,edu,科教文化服务;科教文化场所;科教文化场所,武侯区,104.073139,30.621416
优凯传媒,edu,科教文化服务;科教文化场所;科教文化场所,武侯区,104.070662,30.627246
建培职业培训,edu,科教文化服务;科教文化场所;科教文化场所,武侯区,104.065375,30.62097
华西英语学校城南分校,edu,科教文化服务;科教文化场所;科教文化场所,武侯区,104.06758,30.627869
天禾传媒,edu,科教文化服务;科教文化场所;科教文化场所,武侯区,104.070662,30.627246
景德镇精品展,edu,科教文化服务;科教文化场所;科教文化场所,武侯区,104.068116,30.627721
路易语言中心,edu,科教文化服务;科教文化场所;科教文化场所,武侯区,104.070662,30.627246
川培教育中心,edu,科教文化服务;科教文化场所;科教文化场所,武侯区,104.070662,30.627246
众和传播,edu,科教文化服务;科教文化场所;科教文化场所,武侯区,104.070662,30.627246
空管实验室,edu,科教文化服务;科教文化场所;科教文化场所,武侯区,104.068698,30.62303
中日会馆日语教室,edu,科教文化服务;科教文化场所;科教文化场所,武侯区,104.068685,30.625609
品信传媒,edu,科教文化服务;科教文化场所;科教文化场所,武侯区,104.063853,30.626738
春雨学生托管教育中心,edu,科教文化服务;科教文化场所;科教文化场所,武侯区,104.072644,30.628926
四川省人口和计划生育科学研究所,edu,科教文化服务;科研机构;科研机构,武侯区,104.064967,30.628807
濑川日语教室,edu,科教文化服务;科教文化场所;科教文化场所,武侯区,104.068685,30.625609
金苹果锦官新城全程幼稚园,edu,科教文化服务;学校;幼儿园,武侯区,104.071088,30.619702
空林琴馆,edu,科教文化服务;科教文化场所;科教文化场所,武侯区,104.073448,30.620566
树才培训学校(人民南路四段),edu,科教文化服务;培训机构;培训机构,武侯区,104.064058,30.628068
新艺联教育,edu,科教文化服务;培训机构;培训机构,武侯区,104.069719,30.62678
946传媒,edu,科教文化服务;科教文化场所;科教文化场所,武侯区,104.069024,30.627268
四川省工业环境监测研究院(人民南路四段),edu,科教文化服务;科研机构;科研机构,武侯区,104.064037,30.628687
世界卫生组织人类生殖研究合作中心(人民南路四段),edu,科教文化服务;科研机构;科研机构,武侯区,104.064967,30.628807
泰祺教育(成都分校),edu,科教文化服务;培训机构;培训机构,武侯区,104.066947,30.626617
爱倍达教育,edu,科教文化服务;培训机构;培训机构,武侯区,104.072967,30.627509
南门教学校区,edu,科教文化服务;科教文化场所;科教文化场所,武侯区,104.072812,30.622011
成都辰品外语学校,edu,科教文化服务;培训机构;培训机构,武侯区,104.066319,30.627751
第壹街舞(保利中心校区),edu,科教文化服务;培训机构;培训机构,武侯区,104.067003,30.627034
厌氧微生物重点实验室,edu,科教文化服务;科研机构;科研机构,武侯区,104.064774,30.629299
泓钰国际语言学校(四川校区),edu,科教文化服务;科教文化场所;科教文化场所,武侯区,104.067003,30.627034
宏欣画室,edu,科教文化服务;培训机构;培训机构,武侯区,104.06548,30.626453
刘诗昆艺术学校,edu,科教文化服务;培训机构;培训机构,武侯区,104.073344,30.621645
精英教育,edu,科教文化服务;培训机构;培训机构,武侯区,104.070662,30.627246
好读书教育,edu,科教文化服务;培训机构;培训机构,武侯区,104.066392,30.627645
成都市锦江区德睿培训学校,edu,科教文化服务;培训机构;培训机构,武侯区,104.067405,30.62718
IBZ德语培训学校成都分校,edu,科教文化服务;科教文化场所;科教文化场所,武侯区,104.070662,30.627246
晨光工程设计院建材分院,edu,科教文化服务;科教文化场所;科教文化场所,武侯区,104.065252,30.621021
中公教育(四川分校),edu,科教文化服务;培训机构;培训机构,武侯区,104.069521,30.626791
凤凰都市传媒公司,edu,科教文化服务;科教文化场所;科教文化场所,武侯区,104.064991,30.626823
索博传播机构,edu,科教文化服务;科教文化场所;科教文化场所,武侯区,104.065251,30.621025
美育奥尔夫音乐舞蹈,edu,科教文化服务;培训机构;培训机构,武侯区,104.07343,30.621848
川航教育,edu,科教文化服务;培训机构;培训机构,武侯区,104.068758,30.622996
霖云教育,edu,科教文化服务;培训机构;培训机构,武侯区,104.066947,30.626617
爱康培训,edu,科教文化服务;培训机构;培训机构,武侯区,104.072462,30.628322
利诺教育,edu,科教文化服务;培训机构;培训机构,武侯区,104.067003,30.627034
卓音网络音乐学校,edu,科教文化服务;培训机构;培训机构,武侯区,104.067003,30.627034
奇诺考研,edu,科教文化服务;培训机构;培训机构,武侯区,104.070662,30.627246
优佳成长教育,edu,科教文化服务;培训机构;培训机构,武侯区,104.070662,30.627246
汉韵语言培训中心,edu,科教文化服务;培训机构;培训机构,武侯区,104.065335,30.625502
辉纪元教育,edu,科教文化服务;培训机构;培训机构,武侯区,104.067003,30.627034
亦师教育,edu,科教文化服务;培训机构;培训机构,武侯区,104.067003,30.627034
问对学堂,edu,科教文化服务;培训机构;培训机构,武侯区,104.070662,30.627246
西交教育,edu,科教文化服务;培训机构;培训机构,武侯区,104.070662,30.627246
英婷教育,edu,科教文化服务;培训机构;培训机构,武侯区,104.067417,30.627758
瑞芬课堂,edu,科教文化服务;培训机构;培训机构,武侯区,104.071222,30.627147
青元教育,edu,科教文化服务;培训机构;培训机构,武侯区,104.065049,30.629375
陈今艺术工作室,edu,科教文化服务;培训机构;培训机构,武侯区,104.067003,30.627034
霍芬教育,edu,科教文化服务;培训机构;培训机构,武侯区,104.06524,30.62101
新松美术机构(保利中心店),edu,科教文化服务;培训机构;培训机构,武侯区,104.070734,30.627229
农林航空技术测试中心,edu,科教文化服务;科研机构;科研机构,武侯区,104.067963,30.623172
黑白美术培训中心,edu,科教文化服务;培训机构;培训机构,武侯区,104.070662,30.627247
正能量培训,edu,科教文化服务;培训机构;培训机构,武侯区,104.069713,30.626967
费洛街舞,edu,科教文化服务;培训机构;培训机构,武侯区,104.070662,30.627247
舞合舞蹈工作室,edu,科教文化服务;培训机构;培训机构,武侯区,104.069682,30.626907
大地艺术学校,edu,科教文化服务;培训机构;培训机构,武侯区,104.072967,30.627509
彼英爱儿童成长俱乐部,edu,科教文化服务;培训机构;培训机构,武侯区,104.071222,30.627147
成都德瑞教育,edu,科教文化服务;培训机构;培训机构,武侯区,104.066962,30.627184
汉克斯国际英语,edu,科教文化服务;培训机构;培训机构,武侯区,104.071219,30.627147
小桔灯作文(锦绣路),edu,科教文化服务;培训机构;培训机构,武侯区,104.072967,30.627509
内江市水景喷泉研究所成都分所,edu,科教文化服务;科教文化场所;科教文化场所,武侯区,104.066092,30.623482
成都崇文教育,edu,科教文化服务;培训机构;培训机构,武侯区,104.069493,30.626848
瑞知英语,edu,科教文化服务;培训机构;培训机构,武侯区,104.06527,30.621006
鑫慧建筑教育培训中心,edu,科教文化服务;培训机构;培训机构,武侯区,104.06605,30.620918
红狐英语,edu,科教文化服务;培训机构;培训机构,武侯区,104.068685,30.625609
弥渡文化传播有限公司,edu,科教文化服务;传媒机构;传媒机构|公司企业;公司;公司,武侯区,104.074932,30.626577
成都嘉家文化传播有限公司,edu,科教文化服务;科教文化场所;科教文化场所,武侯区,104.073787,30.625522
四川金凯文化传媒有限公司,edu,科教文化服务;传媒机构;传媒机构,武侯区,104.077303,30.623248
四川优势之星文化传媒有限公司,edu,科教文化服务;科教文化场所;科教文化场所,武侯区,104.073807,30.625722
四川省蜀铭文化传播有限公司,edu,科教文化服务;科教文化场所;科教文化场所,武侯区,104.074785,30.623511
四川大学(望江校区)-摄扉文化传播,edu,科教文化服务;科教文化场所;科教文化场所,武侯区,104.07679,30.62601
四川大学(望江校区)-成都锦城春晓文化传播有限公司,edu,科教文化服务;传媒机构;传媒机构,武侯区,104.075331,30.626678
蓝影摄影培训中心,edu,科教文化服务;培训机构;培训机构,武侯区,104.073914,30.625743
四川大学望江校区(南门),edu,科教文化服务;学校;高等院校|通行设施;临街院门;临街院门,武侯区,104.079206,30.629173
四川大学望江校区水利水电学院,edu,科教文化服务;学校;高等院校,武侯区,104.075417,30.628713
成都市武侯区教师继续教育中心,edu,科教文化服务;学校;成人教育,武侯区,104.077865,30.623833
四川大学望江校区岩土工程,edu,科教文化服务;学校;高等院校,武侯区,104.074815,30.628564
四川大学望江校区科技创新中心,edu,科教文化服务;学校;高等院校,武侯区,104.077142,30.629225
四川大学望江校区科技孵化楼,edu,科教文化服务;学校;学校,武侯区,104.077142,30.628977
四川大学望江校区水力学及河流动力学,edu,科教文化服务;学校;高等院校,武侯区,104.074815,30.628564
蝶舞艺术培训学校,edu,科教文化服务;培训机构;培训机构,武侯区,104.074769,30.62488
西南数控学校,edu,科教文化服务;培训机构;培训机构,武侯区,104.074253,30.620195
海蓉双语幼园,edu,科教文化服务;学校;幼儿园,武侯区,104.080238,30.625574
四川大学望江校区公共营养师培训中心,edu,科教文化服务;培训机构;培训机构,武侯区,104.07541,30.626601
浩然幼儿园,edu,科教文化服务;学校;幼儿园,武侯区,104.081768,30.62045
美联英语(科华中心),edu,科教文化服务;培训机构;培训机构,武侯区,104.07467,30.624066
四川大学望江校区成人教育学院,edu,科教文化服务;学校;成人教育,武侯区,104.07541,30.626601
四川大学望江校区食品工程系,edu,科教文化服务;学校;高等院校,武侯区,104.076094,30.62932
辽宁水文地质工程地质勘察院,edu,科教文化服务;科研机构;科研机构,武侯区,104.077303,30.623248
四川大学望江校区纺织与服装工程系,edu,科教文化服务;学校;高等院校,武侯区,104.076094,30.62932
五月花计算机学院,edu,科教文化服务;培训机构;培训机构,武侯区,104.074253,30.620195
成都ME华翎钢管舞培训,edu,科教文化服务;培训机构;培训机构,武侯区,104.074145,30.620077
大成驾驶学院总校招生点,edu,科教文化服务;学校;高等院校,武侯区,104.073832,30.627858
四川大学望江校区试验场,edu,科教文化服务;科研机构;科研机构,武侯区,104.075661,30.627921
四川大学望江校区纺织研究所,edu,科教文化服务;科研机构;科研机构,武侯区,104.076094,30.62932
美绘陶社陶艺手绘工作室,edu,科教文化服务;科教文化场所;科教文化场所,武侯区,104.073744,30.627149
四川大学农产品加工研究院,edu,科教文化服务;科研机构;科研机构,武侯区,104.076001,30.629372
成都市武侯区教育科学发展研究院,edu,科教文化服务;学校;成人教育|科教文化服务;科研机构;科研机构,武侯区,104.077823,30.623413
四川大学望江校区水电大楼,edu,科教文化服务;学校;学校,武侯区,104.075624,30.628722
四川大学水利水电工程实验中心,edu,科教文化服务;科研机构;科研机构,武侯区,104.075466,30.628391
四川大学望江校区国家烟气脱硫工程技术研究中心,edu,科教文化服务;科研机构;科研机构,武侯区,104.07576,30.628735
英联国际英语,edu,科教文化服务;培训机构;培训机构,武侯区,104.075895,30.623158
四川大学望江校区出版社,edu,科教文化服务;传媒机构;出版社,武侯区,104.07496,30.62666
志达学校(科华北路),edu,科教文化服务;培训机构;培训机构,武侯区,104.074555,30.627249
四川大学望江校区岩石力学实验厅,edu,科教文化服务;科研机构;科研机构,武侯区,104.07509,30.628607
四川大学望江校区成人教育学院自考办,edu,科教文化服务;学校;成人教育,武侯区,104.075185,30.62634
新思维学校(科华路校区),edu,科教文化服务;培训机构;培训机构,武侯区,104.074556,30.627249
学而思教育咨询公司,edu,科教文化服务;科教文化场所;科教文化场所,武侯区,104.074147,30.620096
华翎舞蹈,edu,科教文化服务;培训机构;培训机构,武侯区,104.074254,30.620201
成都浩诚职业技能培训学校,edu,科教文化服务;学校;职业技术学校,武侯区,104.073897,30.627312
四川省自动化仪表研究所,edu,科教文化服务;科研机构;科研机构,武侯区,104.077303,30.623248
Show Case秀舞蹈工作室,edu,科教文化服务;培训机构;培训机构,武侯区,104.074555,30.627249
汉普生英语,edu,科教文化服务;培训机构;培训机构,武侯区,104.073787,30.625522
六月琦绩书院,edu,科教文化服务;培训机构;培训机构,武侯区,104.073969,30.620277
燕园教育,edu,科教文化服务;培训机构;培训机构,武侯区,104.073897,30.62605
快乐之家双语托管中心,edu,科教文化服务;培训机构;培训机构,武侯区,104.078754,30.627992
汇谦国学堂,edu,科教文化服务;培训机构;培训机构,武侯区,104.078751,30.627986
乐琴好老师,edu,科教文化服务;培训机构;培训机构,武侯区,104.073825,30.62571
青羊区丙丁技能培训工作室,edu,科教文化服务;科教文化场所;科教文化场所,武侯区,104.073897,30.627238
成都泰谷信息培训基地,edu,科教文化服务;培训机构;培训机构,武侯区,104.07541,30.626601
蓝顶艺术教育中心,edu,科教文化服务;培训机构;培训机构,武侯区,104.07496,30.62666
枫华国际,edu,科教文化服务;培训机构;培训机构,武侯区,104.074555,30.627249
丹秋名师堂(科华校区),edu,科教文化服务;培训机构;培训机构,武侯区,104.074253,30.620195
温故知新教育中心,edu,科教文化服务;培训机构;培训机构,武侯区,104.074253,30.620195
汉普森英语培训(科华北路分部),edu,科教文化服务;培训机构;培训机构,武侯区,104.07398,30.625534
四川大学望江校区山区河流航运与水利水电工程技术研究中心,edu,科教文化服务;科研机构;科研机构,武侯区,104.074815,30.628564
四川大学望江校区国家重点实验室水力学与山区河流开发保护,edu,科教文化服务;科研机构;科研机构,武侯区,104.074815,30.628564
一鸣堂学习效能训练专家,edu,科教文化服务;培训机构;培训机构,武侯区,104.074326,30.627712
美育儿童音乐舞蹈国际机构(王府井百货科华路店),edu,科教文化服务;培训机构;培训机构,武侯区,104.073839,30.620726
华翎和慧舞蹈培训机构钢管舞培训,edu,科教文化服务;培训机构;培训机构,武侯区,104.073777,30.627153
嘉祥九思培训学校(科华北路),edu,科教文化服务;培训机构;培训机构,武侯区,104.074769,30.62488
思达数学(王府井百货科华路店),edu,科教文化服务;培训机构;培训机构,武侯区,104.073976,30.620702
四川首翔科技有限公司培训基地,edu,科教文化服务;培训机构;培训机构,武侯区,104.077346,30.624561
21世纪不动产成都区域分部培训中心,edu,科教文化服务;培训机构;培训机构,武侯区,104.074766,30.623493
大唐高鸿电子科大RFID联合实验室,edu,科教文化服务;科研机构;科研机构,武侯区,104.073815,30.627296
四川省星地星土地规划调查研究所,edu,科教文化服务;科研机构;科研机构,武侯区,104.073815,30.627296
成都翼悦文化传播有限公司,edu,科教文化服务;科教文化场所;科教文化场所,武侯区,104.074609,30.624469
成都过时文化传播有限公司,edu,科教文化服务;科教文化场所;科教文化场所,锦江区,104.089515,30.625723
河滨社区市民文化活动中心,edu,科教文化服务;科教文化场所;科教文化场所,锦江区,104.091341,30.62914
成都圣域文化传播有限公司,edu,科教文化服务;科教文化场所;科教文化场所,锦江区,104.093188,30.623388
成都大声文化传播有限公司,edu,科教文化服务;科教文化场所;科教文化场所,锦江区,104.092798,30.62261
成都策动文化传播有限责任公司,edu,科教文化服务;科教文化场所;科教文化场所,锦江区,104.087761,30.622299
市民艺术学校文化艺术辅导站,edu,科教文化服务;培训机构;培训机构,锦江区,104.091477,30.629006
成都丛林狼文化传播有限责任公司,edu,科教文化服务;科教文化场所;科教文化场所,锦江区,104.093415,30.623811
成都爱尚易播文化传播有限公司,edu,科教文化服务;传媒机构;传媒机构,锦江区,104.090826,30.627013
行动成功,edu,科教文化服务;科教文化场所;科教文化场所,锦江区,104.087756,30.622274
卓越教育(三官堂街),edu,科教文化服务;培训机构;培训机构,锦江区,104.091944,30.627921
东湖小学,edu,科教文化服务;学校;小学,锦江区,104.090084,30.620376
乐兜儿童成长中心(橡树林路),edu,科教文化服务;培训机构;培训机构,锦江区,104.090354,30.625299
域上和美艺术馆,edu,科教文化服务;美术馆;美术馆,锦江区,104.086029,30.621025
幻想吉他艺术中心,edu,科教文化服务;美术馆;美术馆,锦江区,104.093183,30.623389
成都幼师河滨印象实验幼儿园,edu,科教文化服务;学校;幼儿园,锦江区,104.087188,30.628485
追风轮滑,edu,科教文化服务;培训机构;培训机构,锦江区,104.093181,30.623394
极客数学帮(华润中心),edu,科教文化服务;科教文化场所;科教文化场所,锦江区,104.087761,30.622299
声呼吸录音棚,edu,科教文化服务;科教文化场所;科教文化场所,锦江区,104.093176,30.623396
凯乐尔特教育咨询中心,edu,科教文化服务;培训机构;培训机构,锦江区,104.087197,30.628455
成都瑞麒和书画馆,edu,购物服务;专卖店;古玩字画店|科教文化服务;培训机构;培训机构,锦江区,104.083792,30.627092
薇微幸福舞蹈工作室,edu,科教文化服务;培训机构;培训机构,锦江区,104.092111,30.622834
雨齐舞蹈工作室,edu,科教文化服务;培训机构;培训机构,锦江区,104.086063,30.624171
紫砂壶及名人书画交流中心,edu,科教文化服务;科教文化场所;科教文化场所,锦江区,104.087516,30.623947
凯乐特国际儿童艺术会所,edu,科教文化服务;科教文化场所;科教文化场所,锦江区,104.087188,30.628393
土星艺韵艺术画室,edu,科教文化服务;培训机构;培训机构,锦江区,104.089579,30.626427
书之香教育,edu,科教文化服务;培训机构;培训机构,锦江区,104.093249,30.62337
成都庆海吉他艺术培训中心,edu,科教文化服务;培训机构;培训机构,锦江区,104.093198,30.623376
锦江区青少年视力保护科普教育基地,edu,科教文化服务;科教文化场所;科教文化场所,锦江区,104.091117,30.628199
卓越教育(河滨路),edu,科教文化服务;培训机构;培训机构,锦江区,104.090485,30.627928
I2国际私塾万达校区,edu,科教文化服务;培训机构;培训机构,锦江区,104.089251,30.623555
英联国际英语(二环路东五段),edu,科教文化服务;培训机构;培训机构,锦江区,104.088795,30.622401
仁财会计教育(华润广场店),edu,科教文化服务;培训机构;培训机构,锦江区,104.087761,30.622299
瑞思学科英语(二环路东五段),edu,科教文化服务;培训机构;培训机构,锦江区,104.093212,30.625116
成都韦沃英语培训东门中心,edu,科教文化服务;培训机构;培训机构,锦江区,104.092241,30.622264
行动教育,edu,科教文化服务;培训机构;培训机构,锦江区,104.089306,30.622843
爱视界文化传媒公司,edu,科教文化服务;科教文化场所;科教文化场所,锦江区,104.09543,30.623982
成都志达文化传播有限公司,edu,科教文化服务;科教文化场所;科教文化场所,锦江区,104.095315,30.62447
成都道田文化传播有限公司,edu,科教文化服务;科教文化场所;科教文化场所,锦江区,104.095315,30.62447
成都太美时尚文化传播有限公司,edu,科教文化服务;科教文化场所;科教文化场所,锦江区,104.095296,30.624803
四川国颂文化传播有限责任公司,edu,科教文化服务;科教文化场所;科教文化场所,锦江区,104.097663,30.621292
成都市多来米文化传播有限公司,edu,科教文化服务;科教文化场所;科教文化场所,锦江区,104.096056,30.623546
成都奥思唯德文化传播有限公司,edu,科教文化服务;科教文化场所;科教文化场所,锦江区,104.095395,30.624259
成都垂钓人生路亚文化传播有限公司,edu,科教文化服务;科教文化场所;科教文化场所,锦江区,104.101363,30.622058
龙舟路小学,edu,科教文化服务;学校;小学,锦江区,104.099001,30.62691
东京幼儿园,edu,科教文化服务;学校;幼儿园,锦江区,104.098053,30.625352
百姓学苑,edu,科教文化服务;图书馆;图书馆,锦江区,104.098507,30.622607
锦江区东光街道永兴社区图书室,edu,科教文化服务;图书馆;图书馆,锦江区,104.098162,30.622577
聪明宝宝蒙氏早教园,edu,科教文化服务;学校;幼儿园,锦江区,104.096829,30.621102
成都市东光幼儿园,edu,科教文化服务;学校;幼儿园,锦江区,104.096532,30.626173
托管美术,edu,科教文化服务;美术馆;美术馆,锦江区,104.103277,30.623015
华希教育艺术中心,edu,科教文化服务;美术馆;美术馆,锦江区,104.096712,30.619467
华西英语学校(锦华路一段),edu,科教文化服务;美术馆;美术馆|科教文化服务;培训机构;培训机构,锦江区,104.096368,30.619414
西南华西胎记研究院,edu,科教文化服务;科研机构;科研机构,锦江区,104.096861,30.629345
河滨幼儿园,edu,科教文化服务;学校;幼儿园,锦江区,104.094276,30.628086
城市学校少年宫,edu,科教文化服务;文化宫;文化宫,锦江区,104.099411,30.62714
芝兰幼稚园,edu,科教文化服务;学校;幼儿园,锦江区,104.101368,30.622453
魅乐琴艺,edu,科教文化服务;科教文化场所;科教文化场所,锦江区,104.094033,30.623402
聚星声乐培训,edu,科教文化服务;培训机构;培训机构,锦江区,104.094409,30.622789
墨香校园,edu,科教文化服务;科教文化场所;科教文化场所,锦江区,104.0994,30.627141
响亮全脑心算,edu,科教文化服务;科教文化场所;科教文化场所,锦江区,104.099649,30.619778
博蓓幼稚园,edu,科教文化服务;学校;幼儿园,锦江区,104.09687,30.624143
格林威英语学校,edu,科教文化服务;培训机构;培训机构,锦江区,104.093866,30.626387
永兴社区未成年人活动室,edu,科教文化服务;科教文化场所;科教文化场所,锦江区,104.098181,30.622516
高斯数学(三官堂街),edu,科教文化服务;培训机构;培训机构,锦江区,104.093866,30.626387
博通教育(东光街),edu,科教文化服务;培训机构;培训机构,锦江区,104.096865,30.6198
鼎一教育,edu,科教文化服务;培训机构;培训机构,锦江区,104.095645,30.626364
成都惠源学校,edu,科教文化服务;培训机构;培训机构,锦江区,104.100203,30.626059
羽艺艺术,edu,科教文化服务;培训机构;培训机构,锦江区,104.100363,30.623755
聪明宝宝,edu,科教文化服务;培训机构;培训机构,锦江区,104.096568,30.621126
阳光育人教育,edu,科教文化服务;培训机构;培训机构,锦江区,104.099878,30.625145
阶梯教育集团,edu,科教文化服务;培训机构;培训机构,锦江区,104.09685,30.621277
天韵艺术中心(二环路东五段),edu,科教文化服务;培训机构;培训机构,锦江区,104.096974,30.628351
树德优才教育总校,edu,科教文化服务;培训机构;培训机构,锦江区,104.097348,30.62123
红帆舞美商贸有限公司,edu,科教文化服务;培训机构;培训机构,锦江区,104.100109,30.623507
启思语文学堂,edu,科教文化服务;培训机构;培训机构,锦江区,104.09574,30.626481
海思教育,edu,科教文化服务;培训机构;培训机构,锦江区,104.100377,30.623917
益学堂,edu,科教文化服务;培训机构;培训机构,锦江区,104.099649,30.619778
响亮教育,edu,科教文化服务;培训机构;培训机构,锦江区,104.099649,30.619778
时光育人教育,edu,科教文化服务;培训机构;培训机构,锦江区,104.099892,30.625064
欧之派技能培训,edu,科教文化服务;培训机构;培训机构,锦江区,104.094202,30.624439
放心托管,edu,科教文化服务;培训机构;培训机构,锦江区,104.099689,30.626772
尚美画室(北顺西巷),edu,科教文化服务;培训机构;培训机构,锦江区,104.095645,30.626364
亚当会计教育,edu,科教文化服务;培训机构;培训机构,锦江区,104.093866,30.626387
成都惠源学校,edu,科教文化服务;培训机构;培训机构,锦江区,104.100203,30.626059
羽艺艺术,edu,科教文化服务;培训机构;培训机构,锦江区,104.100363,30.623755
聪明宝宝,edu,科教文化服务;培训机构;培训机构,锦江区,104.096568,30.621126
阳光育人教育,edu,科教文化服务;培训机构;培训机构,锦江区,104.099878,30.625145
阶梯教育集团,edu,科教文化服务;培训机构;培训机构,锦江区,104.09685,30.621277
天韵艺术中心(二环路东五段),edu,科教文化服务;培训机构;培训机构,锦江区,104.096974,30.628351
树德优才教育总校,edu,科教文化服务;培训机构;培训机构,锦江区,104.097348,30.62123
Mustar妙思达国际音乐机构,edu,科教文化服务;科教文化场所;科教文化场所,锦江区,104.09428,30.624707
红帆舞美商贸有限公司,edu,科教文化服务;培训机构;培训机构,锦江区,104.100109,30.623507
启思语文学堂,edu,科教文化服务;培训机构;培训机构,锦江区,104.09574,30.626481
海思教育,edu,科教文化服务;培训机构;培训机构,锦江区,104.100377,30.623917
益学堂,edu,科教文化服务;培训机构;培训机构,锦江区,104.099649,30.619778
响亮教育,edu,科教文化服务;培训机构;培训机构,锦江区,104.099649,30.619778
时光育人教育,edu,科教文化服务;培训机构;培训机构,锦江区,104.099892,30.625064
欧之派技能培训,edu,科教文化服务;培训机构;培训机构,锦江区,104.094202,30.624439
放心托管,edu,科教文化服务;培训机构;培训机构,锦江区,104.099689,30.626772
尚美画室(北顺西巷),edu,科教文化服务;培训机构;培训机构,锦江区,104.095645,30.626364
艺莲教育培训中心,edu,科教文化服务;培训机构;培训机构,锦江区,104.096984,30.619681
社区法治大讲堂,edu,科教文化服务;培训机构;培训机构,锦江区,104.099204,30.627999
亚当会计教育,edu,科教文化服务;培训机构;培训机构,锦江区,104.093866,30.626387
仙风舞馆,edu,科教文化服务;培训机构;培训机构,锦江区,104.097344,30.620871
美希教育,edu,科教文化服务;培训机构;培训机构,锦江区,104.095525,30.62642
匡老师吉他艺术中心,edu,科教文化服务;培训机构;培训机构,锦江区,104.097084,30.628222
成都市博知教育,edu,科教文化服务;培训机构;培训机构,锦江区,104.095782,30.625691
知知教育(糍粑店街),edu,科教文化服务;培训机构;培训机构,锦江区,104.099901,30.626671
名师导航学校,edu,科教文化服务;培训机构;培训机构,锦江区,104.100374,30.626129
成都蔚蔚艺术学校,edu,科教文化服务;培训机构;培训机构,锦江区,104.093866,30.626387
成都西蒙教育中心,edu,科教文化服务;培训机构;培训机构,锦江区,104.099808,30.626455
西雅艺术中心(静居寺校区),edu,科教文化服务;培训机构;培训机构,锦江区,104.099808,30.626455
羽艺琴馆,edu,科教文化服务;培训机构;培训机构,锦江区,104.100416,30.623781
春晖文化培训学校(东门教学点),edu,科教文化服务;培训机构;培训机构,锦江区,104.104648,30.625402
成都扬帆文化传播有限公司,edu,科教文化服务;科教文化场所;科教文化场所,锦江区,104.104408,30.622425
成都奇乐文化传播有限公司,edu,科教文化服务;传媒机构;传媒机构,锦江区,104.113415,30.621804
成都森翔文化传播有限公司,edu,科教文化服务;科教文化场所;科教文化场所,锦江区,104.109256,30.619947
成都宝睿文化传播有限公司,edu,科教文化服务;传媒机构;传媒机构,锦江区,104.109223,30.620256
沙河街道综合文化活动中心,edu,科教文化服务;文化宫;文化宫,锦江区,104.110999,30.623059
成都现当代文化传播有限公司,edu,科教文化服务;科教文化场所;科教文化场所,锦江区,104.113254,30.621774
四川省农业科学院服务中心,edu,科教文化服务;科研机构;科研机构,锦江区,104.105098,30.625861
四川省农业科学院,edu,科教文化服务;科研机构;科研机构,锦江区,104.104827,30.62681
四川省农业机械研究设计院,edu,科教文化服务;科研机构;科研机构,锦江区,104.105233,30.62929
索尔·丽斯顿酒店-会议厅,edu,科教文化服务;会展中心;会展中心,锦江区,104.109482,30.620297
爱心幼儿园(牛沙路),edu,科教文化服务;学校;幼儿园,锦江区,104.105393,30.628847
麦芙幼儿园,edu,科教文化服务;学校;幼儿园,锦江区,104.109892,30.621365
四川省农业科学院幼儿园,edu,科教文化服务;学校;幼儿园,锦江区,104.105634,30.626562
成都市锦江区永兴幼儿园,edu,科教文化服务;学校;幼儿园,锦江区,104.105352,30.620543
四川省农业科学院茶叶研究所,edu,科教文化服务;科研机构;科研机构,锦江区,104.10512,30.625964
省农机院科技成果转化中心,edu,科教文化服务;科研机构;科研机构,锦江区,104.103851,30.628418
四川省农业科学院植物保护研究所,edu,科教文化服务;科研机构;科研机构,锦江区,104.104773,30.625536
四川省农科院植保所实验附楼,edu,科教文化服务;科研机构;科研机构,锦江区,104.104448,30.625633
水墨空间四川东方书画艺术研究会,edu,科教文化服务;科研机构;科研机构,锦江区,104.105078,30.621685
四川省华峰特种仪表材料研究所,edu,科教文化服务;科研机构;科研机构,锦江区,104.104304,30.628847
四川省农业科学院遥感应用研究所,edu,科教文化服务;科研机构;科研机构,锦江区,104.10761,30.625651
农业部西南作物有害生物综合治理重点实验室,edu,科教文化服务;科研机构;科研机构,锦江区,104.104773,30.625536
博雅书画社,edu,科教文化服务;科教文化场所;科教文化场所,锦江区,104.1042,30.620262
农业部丘陵山地农业装备技术重点实验室,edu,科教文化服务;科研机构;科研机构,锦江区,104.105233,30.62929
四川省农业科学院分析测试中心(马家沟路),edu,科教文化服务;科研机构;科研机构,锦江区,104.107585,30.626339
四川省兴牧科技开发中心,edu,科教文化服务;科研机构;科研机构,锦江区,104.1101,30.621022
四川省农业科学院质量标准与检测技术研究所,edu,科教文化服务;科研机构;科研机构,锦江区,104.107581,30.626342
四川省发展和改革委员会四川省工程实验室(镏金岁月东南),edu,科教文化服务;科研机构;科研机构,锦江区,104.105114,30.62925
望子成龙(静渝路),edu,科教文化服务;培训机构;培训机构,锦江区,104.109485,30.620215
一品私塾,edu,科教文化服务;培训机构;培训机构,锦江区,104.109485,30.620215
四川省农业科学院农业信息与农村经济研究所(帕丽湾北),edu,科教文化服务;科研机构;科研机构,锦江区,104.10793,30.624406
华韵灵歌音乐教育中心,edu,科教文化服务;培训机构;培训机构,锦江区,104.10939,30.620127
环球教育成都分中心,edu,科教文化服务;培训机构;培训机构,锦江区,104.108992,30.620421
育奇英语(静康路),edu,科教文化服务;培训机构;培训机构,锦江区,104.105353,30.623784
四川时代花木职业学校,edu,科教文化服务;培训机构;培训机构,锦江区,104.105041,30.62574
丹秋·名师堂(川师分部),edu,科教文化服务;培训机构;培训机构,锦江区,104.112915,30.621929
梅影齐赵贤忠书画艺术工作室,edu,科教文化服务;培训机构;培训机构,锦江区,104.109142,30.620426
加拿大钾肥研究所(驻成都办事处),edu,科教文化服务;科研机构;科研机构,锦江区,104.105353,30.623784
成都市射击运动学校,edu,科教文化服务;学校;职业技术学校,锦江区,104.110258,30.626969
四川省农业科学院网络管理中心,edu,科教文化服务;科教文化场所;科教文化场所,锦江区,104.107933,30.624405
四川省农科院信息所比尔中心,edu,科教文化服务;科教文化场所;科教文化场所,锦江区,104.107896,30.624465
爱有戏社区文化发展中心,edu,科教文化服务;科教文化场所;科教文化场所,锦江区,104.117019,30.620865
成都市锦江区艺蜀之声文化艺术学校,edu,科教文化服务;学校;职业技术学校,锦江区,104.117841,30.620346
四川邮电职业技术学院,edu,科教文化服务;学校;职业技术学校,锦江区,104.121545,30.622192
四川邮电职业技术学院图书馆,edu,科教文化服务;图书馆;图书馆,锦江区,104.121982,30.623019
菱窠路小学,edu,科教文化服务;学校;小学,锦江区,104.119145,30.620516
沙河堡小学,edu,科教文化服务;学校;小学,锦江区,104.120795,30.62805
四川邮电职业技术学院-教学楼,edu,科教文化服务;培训机构;培训机构,锦江区,104.12114,30.622292
四川邮电职业技术学院培训中心,edu,科教文化服务;培训机构;培训机构,锦江区,104.12154,30.625462
成都三幼树基大观幼儿园,edu,科教文化服务;学校;幼儿园,锦江区,104.122901,30.620479
四川邮电职业技术学院第一教学楼,edu,科教文化服务;学校;高等院校,锦江区,104.120987,30.622281
四川邮电职业技术学院综合楼,edu,科教文化服务;学校;高等院校,锦江区,104.122388,30.62283
四川邮电职业技术学院实验楼,edu,科教文化服务;学校;高等院校,锦江区,104.122811,30.622925
成都市第二幼儿园沙河园区(塔子山壹号东南),edu,科教文化服务;学校;幼儿园,锦江区,104.121294,30.629031
花果小学校,edu,科教文化服务;学校;小学,锦江区,104.117276,30.621123
成都中德职业技能培训学校,edu,科教文化服务;学校;职业技术学校,锦江区,104.12172,30.625219
成都市民道德讲堂,edu,科教文化服务;科教文化场所;科教文化场所,锦江区,104.116872,30.620801
成都锦欣职业技能培训学校,edu,科教文化服务;学校;职业技术学校,锦江区,104.117455,30.620214
狮子山青少年成长中心,edu,科教文化服务;培训机构;培训机构,锦江区,104.117006,30.620895
锦欣爱天使教育中心,edu,科教文化服务;培训机构;培训机构,锦江区,104.117976,30.620231
艺先锋教育,edu,科教文化服务;培训机构;培训机构,锦江区,104.121322,30.625211
橙子树国际艺术成长中心,edu,科教文化服务;培训机构;培训机构,锦江区,104.113752,30.62425
四川邮电职业技术学院-新苗幼儿园,edu,科教文化服务;学校;幼儿园,锦江区,104.119996,30.623211
朗易教育,edu,科教文化服务;培训机构;培训机构,锦江区,104.113724,30.621637
锦伈中医职业技能培训学校,edu,科教文化服务;培训机构;培训机构,锦江区,104.117856,30.6203
四川师范大学教育科学院教育学一年级学科实践基地,edu,科教文化服务;科教文化场所;科教文化场所,锦江区,104.122975,30.620443
成都远航艺术培训中心(川师本部校区),edu,科教文化服务;培训机构;培训机构,锦江区,104.113613,30.620661
成都仕玲文化传播有限公司,edu,科教文化服务;科教文化场所;科教文化场所,锦江区,104.125373,30.619545
狮山名师中小学文化学习中心,edu,科教文化服务;培训机构;培训机构,锦江区,104.125132,30.621405
四川师大附中外国语学校,edu,科教文化服务;学校;中学,成华区,104.131967,30.622233
星萌艺校(比华利校区),edu,科教文化服务;培训机构;培训机构,锦江区,104.125328,30.621228
双胜文化传播,edu,科教文化服务;科教文化场所;科教文化场所,成华区,104.136768,30.620296
树基实验幼儿园,edu,科教文化服务;学校;幼儿园,成华区,104.136531,30.619546
巧筑楼幼儿园,edu,科教文化服务;学校;幼儿园,锦江区,104.135172,30.620207
大观实验幼儿园,edu,科教文化服务;学校;幼儿园,锦江区,104.135121,30.621101
翰文雅韵托管乐园,edu,科教文化服务;培训机构;培训机构,锦江区,104.134917,30.619434
卓越精品教育,edu,科教文化服务;培训机构;培训机构,锦江区,104.135155,30.619566
小桔灯文化艺术学校,edu,科教文化服务;学校;职业技术学校,成华区,104.151114,30.629422
成都杏坛文化传播有限公司,edu,科教文化服务;科教文化场所;科教文化场所,成华区,104.15079,30.629302
成都尚沃艺术文化学校,edu,科教文化服务;培训机构;培训机构,成华区,104.146826,30.626708
成都知仪文化传播有限公司,edu,科教文化服务;科教文化场所;科教文化场所,成华区,104.150798,30.6293
四川尧彩文化传媒有限公司,edu,科教文化服务;传媒机构;传媒机构,成华区,104.150631,30.629387
金苹果万科魅力之城幼稚园,edu,科教文化服务;学校;幼儿园,成华区,104.147228,30.62737
蜀弘驾校招生部,edu,科教文化服务;科教文化场所;科教文化场所,成华区,104.151282,30.628613
蓓佳爱亲子教育中心,edu,科教文化服务;科教文化场所;科教文化场所,成华区,104.151171,30.628618
快乐宝贝早教中心(万科店),edu,科教文化服务;学校;幼儿园|科教文化服务;培训机构;培训机构,成华区,104.147011,30.626995
齐鲁乒乓,edu,科教文化服务;培训机构;培训机构,成华区,104.145768,30.626965
我们+第三成子空间,edu,科教文化服务;培训机构;培训机构,成华区,104.146867,30.626917
瑞思学科英语(万科路),edu,科教文化服务;培训机构;培训机构,成华区,104.150879,30.629103
斐声钢琴,edu,科教文化服务;培训机构;培训机构,成华区,104.1521,30.627672
成都乐途探索拓展培训机构,edu,科教文化服务;培训机构;培训机构,成华区,104.151282,30.628613
番茄苗美术培训中心(成华区魅力城店),edu,科教文化服务;培训机构;培训机构,成华区,104.150879,30.629103
丹秋名师堂(魅力之城校区),edu,科教文化服务;培训机构;培训机构,成华区,104.151099,30.629243
艺海琴行艺术中心(魅力店),edu,科教文化服务;培训机构;培训机构,成华区,104.147743,30.628224
布莱恩英语,edu,科教文化服务;培训机构;培训机构,成华区,104.15079,30.629302
乐乐牛艺术教育中心,edu,科教文化服务;培训机构;培训机构,成华区,104.15079,30.629302
勤书源教育,edu,科教文化服务;培训机构;培训机构,成华区,104.15079,30.629302
金花桥街道综合文化活动中心,edu,科教文化服务;文化宫;文化宫,武侯区,103.971635,30.613105
鹰狮产品检测展示中心,edu,科教文化服务;展览馆;展览馆,武侯区,103.968962,30.617895
四川华西中西医药研究院,edu,科教文化服务;科研机构;科研机构,武侯区,103.967634,30.618562
四川省泰来驾校(报名处),edu,科教文化服务;科教文化场所;科教文化场所,武侯区,103.969835,30.613306
特尔艺术学校,edu,科教文化服务;培训机构;培训机构,武侯区,103.966382,30.613528
伏氏教育,edu,科教文化服务;培训机构;培训机构,武侯区,103.969361,30.610408
双凤社区文化站,edu,科教文化服务;文化宫;文化宫,武侯区,103.969655,30.609715
成都金花光明学校,edu,科教文化服务;学校;小学,武侯区,103.978647,30.61225
金花天乐幼儿园,edu,科教文化服务;学校;幼儿园,武侯区,103.975213,30.617992
成都市第二十三幼儿园,edu,科教文化服务;学校;幼儿园,武侯区,103.982853,30.611565
成都市武侯区小精灵幼儿园,edu,科教文化服务;学校;幼儿园,武侯区,103.978182,30.614411
石室佳兴外国语学校,edu,科教文化服务;学校;中学,武侯区,103.977736,30.613159
龙江路小学武侯新城分校,edu,科教文化服务;学校;小学,武侯区,103.983241,30.610256
龙江路小学新城分校(北门),edu,科教文化服务;学校;小学,武侯区,103.98339,30.611088
成都杰科计算机培训学校,edu,科教文化服务;培训机构;培训机构,武侯区,103.975296,30.616379
成都永轩文化传播有限公司,edu,科教文化服务;科教文化场所;科教文化场所,武侯区,103.989129,30.612693
成都市武侯区簇桥街道龙锦社区综合文化活动室,edu,科教文化服务;文化宫;文化宫,武侯区,103.990622,30.611883
大成驾校武侯区簇桥街道百锦路招生服务站,edu,科教文化服务;科教文化场所;科教文化场所,武侯区,103.989825,30.612908
金太阳国际新城幼儿园,edu,科教文化服务;学校;幼儿园,武侯区,103.98553,30.619202
雅士拉丁舞,edu,科教文化服务;培训机构;培训机构,武侯区,103.988514,30.610231
远行教育(金履四路),edu,科教文化服务;培训机构;培训机构,武侯区,103.985516,30.612716
小博士幼儿园(福锦路一段),edu,科教文化服务;学校;幼儿园,武侯区,103.989971,30.614827
学而优教育(玉锦路),edu,科教文化服务;培训机构;培训机构,武侯区,103.988514,30.610231
小勇士宠物美容培训中心,edu,科教文化服务;科教文化场所;科教文化场所,武侯区,103.993555,30.613537
川音大地艺术学校,edu,科教文化服务;培训机构;培训机构,武侯区,103.985135,30.610386
艺源美术,edu,科教文化服务;培训机构;培训机构,武侯区,103.98553,30.619202
慧通教育,edu,科教文化服务;培训机构;培训机构,武侯区,103.989712,30.610278
俊羲·摩尔国际酒店会议中心,edu,科教文化服务;会展中心;会展中心,武侯区,104.00355,30.615575
成都市第五十七实验学校(小学部),edu,科教文化服务;学校;小学,武侯区,103.994037,30.610528
图书阅览室,edu,科教文化服务;图书馆;图书馆,武侯区,103.993805,30.609704
国际会议中心,edu,科教文化服务;会展中心;会展中心,武侯区,104.003614,30.615735
刘诗昆钢琴艺术中心(福锦路二段),edu,科教文化服务;美术馆;美术馆,武侯区,103.994037,30.610528
金童星幼儿园,edu,科教文化服务;学校;幼儿园,武侯区,103.99651,30.611317
爱善天使武侯运营中心,edu,科教文化服务;科教文化场所;科教文化场所,武侯区,103.996885,30.61066
乐馨教育(龙井东街),edu,科教文化服务;培训机构;培训机构,武侯区,103.996993,30.61059
成都市星光学校(龙井东街),edu,科教文化服务;培训机构;培训机构,武侯区,103.99778,30.612015
丹秋·名师堂学校簇桥校区,edu,科教文化服务;培训机构;培训机构,武侯区,103.994037,30.610528
成都博语学校艺术教育中心,edu,科教文化服务;培训机构;培训机构,武侯区,103.994037,30.610528
南桥双艺幼儿园,edu,科教文化服务;学校;幼儿园,武侯区,104.009382,30.609873
红泰餐桌,edu,科教文化服务;科教文化场所;科教文化场所,武侯区,104.009274,30.614555
天成声音传媒,edu,科教文化服务;科教文化场所;科教文化场所,武侯区,104.003844,30.617134
五彩乐园青少年儿童套房,edu,科教文化服务;科教文化场所;科教文化场所,武侯区,104.011664,30.614346
梦语艺术馆,edu,科教文化服务;美术馆;美术馆,武侯区,104.011132,30.615439
华兴小学,edu,科教文化服务;学校;小学,武侯区,104.021975,30.617821
成都禾嘉汽车工程学校,edu,科教文化服务;学校;职业技术学校,武侯区,104.017453,30.616784
成都市华兴小学(南门),edu,科教文化服务;科教文化场所;科教文化场所,武侯区,104.021678,30.617538
玖库艺术馆,edu,科教文化服务;美术馆;美术馆,武侯区,104.023383,30.619196
陶唐仕机构,edu,科教文化服务;展览馆;展览馆,武侯区,104.023327,30.619116
成都市育华职业学校,edu,科教文化服务;学校;职业技术学校,武侯区,104.016682,30.616399
成都市武侯区簇桥圣心幼儿园,edu,科教文化服务;学校;幼儿园,武侯区,104.019725,30.618645
商洛职业技术学院成都教学部,edu,科教文化服务;学校;职业技术学校,武侯区,104.017028,30.617332
成都市育华职业学校(招生办),edu,科教文化服务;学校;职业技术学校,武侯区,104.017065,30.616573
罗老师辅导中心,edu,科教文化服务;培训机构;培训机构,武侯区,104.021556,30.616135
蓝精灵课外辅导中心,edu,科教文化服务;培训机构;培训机构,武侯区,104.021553,30.617061
成都铭仁劳动职业技能培训学校,edu,科教文化服务;培训机构;培训机构,武侯区,104.016846,30.616541
成都上智道昱文化传播有限公司,edu,科教文化服务;科教文化场所;科教文化场所,武侯区,104.022767,30.610334
蚂蚁上树文化园,edu,科教文化服务;科教文化场所;科教文化场所,武侯区,104.031704,30.61512
成都大吉博物馆,edu,科教文化服务;博物馆;博物馆,武侯区,104.028222,30.610256
横店集团成都分子实验室,edu,科教文化服务;科研机构;科研机构,武侯区,104.029333,30.612234
现代高校教仪研制中心,edu,科教文化服务;科教文化场所;科教文化场所,武侯区,104.028925,30.611835
中国科学院成都生物研究,edu,科教文化服务;科研机构;科研机构,武侯区,104.027287,30.618537
亚非齿科技术学校,edu,科教文化服务;学校;职业技术学校,武侯区,104.029952,30.609872
成都里来生物医学实验中心,edu,科教文化服务;科研机构;科研机构,武侯区,104.02853,30.618552
摩尔实验室,edu,科教文化服务;科研机构;科研机构,武侯区,104.029731,30.611332
中国科学院成都科学仪器研制中心,edu,科教文化服务;科研机构;科研机构,武侯区,104.02893,30.611725
泌尿外科研究所,edu,科教文化服务;科研机构;科研机构,武侯区,104.028865,30.61719
华西血液研究室,edu,科教文化服务;科研机构;科研机构,武侯区,104.028865,30.61719
成都高新区文化指导服务中心,edu,科教文化服务;科教文化场所;科教文化场所,武侯区,104.037455,30.61061
成都市高新区文化馆,edu,科教文化服务;文化宫;文化宫,武侯区,104.037289,30.61062
芳草街街道综合文化活动中心,edu,科教文化服务;文化宫;文化宫,武侯区,104.040482,30.616555
四川君汇之理文化传播有限公司,edu,科教文化服务;科教文化场所;科教文化场所,武侯区,104.0362,30.611882
高新区市民文化艺术培训学校芳草街街道辅导站,edu,科教文化服务;培训机构;培训机构,武侯区,104.040359,30.616632
成都市高新区图书馆,edu,科教文化服务;图书馆;图书馆,武侯区,104.037293,30.610611
成都高新区芳草街道市民学校,edu,科教文化服务;学校;成人教育,武侯区,104.040557,30.616459
金苹果公学,edu,科教文化服务;学校;小学,武侯区,104.038947,30.617675
成都师范银都小学紫薇校区,edu,科教文化服务;学校;小学,武侯区,104.043014,30.612848
贝乐艺术,edu,科教文化服务;美术馆;美术馆,武侯区,104.036271,30.610277
中海名城幼稚园,edu,科教文化服务;学校;幼儿园,武侯区,104.042084,30.615332
贝诺尔幼儿园,edu,科教文化服务;学校;幼儿园,武侯区,104.038269,30.610132
成都师范银都小学紫薇校区(西门),edu,通行设施;临街院门;临街院正门|科教文化服务;科教文化场所;科教文化场所,武侯区,104.042224,30.613653
芳草社区情暖百家艺术团,edu,科教文化服务;文艺团体;文艺团体,武侯区,104.040359,30.616633
艺灵舞蹈,edu,科教文化服务;培训机构;培训机构,武侯区,104.038223,30.613229
嘉堡少儿英语,edu,科教文化服务;科教文化场所;科教文化场所,武侯区,104.039161,30.614971
石羊街道新北社区青少年活动中心,edu,科教文化服务;文化宫;文化宫,武侯区,104.039564,30.61123
听键专业艺术培训,edu,科教文化服务;培训机构;培训机构,武侯区,104.040554,30.61466
古弦阁琴馆,edu,科教文化服务;培训机构;培训机构,武侯区,104.036095,30.610671
环球雅思学校(中海名城校区),edu,科教文化服务;科教文化场所;科教文化场所,武侯区,104.04211,30.615672
金苹果国际美语幼稚园,edu,科教文化服务;学校;幼儿园,武侯区,104.039675,30.617282
爱可思艺术培训中心,edu,科教文化服务;培训机构;培训机构,武侯区,104.042365,30.61811
秉正堂中医病症疗效研究所,edu,科教文化服务;科研机构;科研机构,武侯区,104.035121,30.61023
锦弈棋类培训中心,edu,科教文化服务;培训机构;培训机构,武侯区,104.036251,30.610651
童颜童语创意培训学校,edu,科教文化服务;培训机构;培训机构,武侯区,104.038597,30.615157
悠扬钢琴,edu,科教文化服务;培训机构;培训机构,武侯区,104.038542,30.615182
三人行宾果教育,edu,科教文化服务;培训机构;培训机构,武侯区,104.036572,30.61072
成都高新区芳草街道道德讲堂,edu,科教文化服务;科教文化场所;科教文化场所,武侯区,104.040482,30.616555
成都市民道德讲堂,edu,科教文化服务;培训机构;培训机构,武侯区,104.03929,30.611626
尚唯艺体中心,edu,科教文化服务;培训机构;培训机构,武侯区,104.038897,30.615032
童森舞蹈工作室,edu,科教文化服务;培训机构;培训机构,武侯区,104.036184,30.612579
喻兰魔方教育,edu,科教文化服务;培训机构;培训机构,武侯区,104.037749,30.617277
抱朴国艺,edu,科教文化服务;培训机构;培训机构,武侯区,104.040869,30.614002
向前教育,edu,科教文化服务;培训机构;培训机构,武侯区,104.040143,30.61464
童颜童语美术创意培训学校,edu,科教文化服务;培训机构;培训机构,武侯区,104.0385,30.615201
斯玛特儿童美术中心(紫瑞大道),edu,科教文化服务;培训机构;培训机构,武侯区,104.03893,30.615014
石羊街道新北社区家庭教育指导中心,edu,科教文化服务;培训机构;培训机构,武侯区,104.039657,30.611189
TKCH音乐工作室,edu,科教文化服务;培训机构;培训机构,武侯区,104.041443,30.618748
中公培训学员,edu,科教文化服务;科教文化场所;科教文化场所,武侯区,104.036937,30.616073
成都三乐文化艺术学校,edu,科教文化服务;学校;职业技术学校,武侯区,104.048278,30.617221
新蕾艺术文化培训学校,edu,科教文化服务;培训机构;培训机构,武侯区,104.052912,30.613341
成都门里古文化艺术博物馆,edu,科教文化服务;博物馆;博物馆,武侯区,104.048237,30.61436
翠·金楠珠宝文化馆,edu,科教文化服务;文化宫;文化宫,武侯区,104.046028,30.616456
四川东西文化传媒有限公司,edu,科教文化服务;传媒机构;传媒机构,武侯区,104.053216,30.619086
成都子石文化传播有限公司,edu,科教文化服务;科教文化场所;科教文化场所,武侯区,104.053058,30.616056
四川泰来古代艺术博物馆,edu,科教文化服务;博物馆;博物馆,武侯区,104.052851,30.615689
成都高新区实验小学,edu,科教文化服务;学校;小学,武侯区,104.049942,30.612378
成都陈荣添艺艺术学校,edu,科教文化服务;学校;学校,武侯区,104.053216,30.619086
紫荆小学,edu,科教文化服务;学校;小学,武侯区,104.050565,30.611931
成都外国语专业学校,edu,科教文化服务;学校;学校,武侯区,104.048278,30.617221
望子成龙学校(紫荆校区),edu,科教文化服务;培训机构;培训机构,武侯区,104.052202,30.61831
成都妈咪家双语幼儿学校,edu,科教文化服务;学校;幼儿园,武侯区,104.051808,30.617256
博雅艺术中心(大世界第7街),edu,科教文化服务;培训机构;培训机构,武侯区,104.05271,30.618906
成都蒙氏实验幼儿园,edu,科教文化服务;学校;幼儿园,武侯区,104.048968,30.614834
气球艺术,edu,科教文化服务;美术馆;美术馆,武侯区,104.053272,30.618644
成都新东方千禧大酒店-会议厅,edu,科教文化服务;会展中心;会展中心,武侯区,104.046283,30.615529
妈咪宝贝幼儿园,edu,科教文化服务;学校;幼儿园,武侯区,104.051602,30.618079
绿舟紫薇幼儿园,edu,科教文化服务;学校;幼儿园,武侯区,104.050515,30.613045
成都深蓝国际象棋学校,edu,科教文化服务;学校;学校,武侯区,104.053216,30.619086
锦江树人学校,edu,科教文化服务;培训机构;培训机构,武侯区,104.053218,30.61919
成都华西中医研究院,edu,科教文化服务;科研机构;科研机构,武侯区,104.048422,30.615854
成都霓裳舞蹈培训学校,edu,科教文化服务;培训机构;培训机构,武侯区,104.047679,30.617635
在建小学,edu,科教文化服务;学校;小学,武侯区,104.049818,30.613177
书畅琴行(紫荆店),edu,购物服务;专卖店;专营店|科教文化服务;培训机构;培训机构,武侯区,104.047436,30.619011
浩浩学习,edu,科教文化服务;科教文化场所;科教文化场所,武侯区,104.052714,30.614635
丹秋名师堂,edu,科教文化服务;科教文化场所;科教文化场所,武侯区,104.053,30.618405
新思维学校(紫荆校区),edu,科教文化服务;培训机构;培训机构,武侯区,104.053218,30.61919
至慧学堂(紫荆中心店),edu,科教文化服务;培训机构;培训机构,武侯区,104.052381,30.617273
牧禅书院,edu,公司企业;公司;广告装饰|科教文化服务;培训机构;培训机构,武侯区,104.048191,30.613076
LiDa中东肚皮舞,edu,科教文化服务;培训机构;培训机构,武侯区,104.048318,30.617223
好弈德围棋培训学校,edu,科教文化服务;培训机构;培训机构,武侯区,104.053,30.618405
EF英孚青少儿英语(紫荆中心),edu,科教文化服务;培训机构;培训机构,武侯区,104.051602,30.618079
鹤立教育,edu,科教文化服务;培训机构;培训机构,武侯区,104.052202,30.61831
丹秋·名师堂学校,edu,科教文化服务;培训机构;培训机构,武侯区,104.052202,30.61831
育奇英语,edu,科教文化服务;培训机构;培训机构,武侯区,104.053218,30.61919
传艺堂艺术学校,edu,科教文化服务;培训机构;培训机构,武侯区,104.053218,30.61919
龙文教育(紫竹北街),edu,科教文化服务;培训机构;培训机构,武侯区,104.053218,30.61919
心诺学教育,edu,科教文化服务;培训机构;培训机构,武侯区,104.045646,30.618699
林海艺术学校,edu,科教文化服务;培训机构;培训机构,武侯区,104.05271,30.618906
精锐教育(紫竹东街),edu,科教文化服务;培训机构;培训机构,武侯区,104.052245,30.617485
8090绘画工作室,edu,科教文化服务;培训机构;培训机构,武侯区,104.049643,30.613118
多乐托管,edu,科教文化服务;培训机构;培训机构,武侯区,104.05349,30.619368
卓越教育,edu,科教文化服务;培训机构;培训机构,武侯区,104.05317,30.619136
Little Earth小小地球家庭园,edu,科教文化服务;科教文化场所;科教文化场所,武侯区,104.044969,30.612572
英国皇家芭蕾舞培训,edu,科教文化服务;培训机构;培训机构,武侯区,104.053216,30.619086
亚美语言培训学校,edu,科教文化服务;培训机构;培训机构,武侯区,104.053116,30.618465
酷葩国际流行舞蹈中心,edu,科教文化服务;科教文化场所;科教文化场所,武侯区,104.05317,30.619135
欧文英语(紫荆校区),edu,科教文化服务;培训机构;培训机构,武侯区,104.045884,30.619009
雅世·国际教育(紫竹北街),edu,科教文化服务;培训机构;培训机构,武侯区,104.053218,30.61919
东方爱婴紫荆中心,edu,科教文化服务;培训机构;培训机构,武侯区,104.048278,30.617221
SSP全脑平衡教育咨询中心,edu,科教文化服务;培训机构;培训机构,武侯区,104.053216,30.619086
金柠檬国际钢琴教育(紫荆店),edu,科教文化服务;培训机构;培训机构,武侯区,104.053216,30.619086
上雅艺术学校,edu,科教文化服务;培训机构;培训机构,武侯区,104.048337,30.6172
乐知雅艺术中心,edu,科教文化服务;培训机构;培训机构,武侯区,104.053218,30.61919
巴斯蒂安国际钢琴中心,edu,科教文化服务;培训机构;培训机构,武侯区,104.053216,30.619086
教子有方学校(大世界第3街),edu,科教文化服务;培训机构;培训机构,武侯区,104.053216,30.619086
成都南山学校(紫荆南路),edu,科教文化服务;培训机构;培训机构,武侯区,104.048417,30.617248
成都育奇外语学校,edu,科教文化服务;培训机构;培训机构,武侯区,104.053236,30.619103
大千教育·博雅艺术中心紫荆校区,edu,科教文化服务;学校;学校,武侯区,104.048278,30.617221
中国核动力研究设计院成都紫荆树家属委员会,edu,科教文化服务;科教文化场所;科教文化场所,武侯区,104.048777,30.616882
红星幼儿园,edu,科教文化服务;学校;幼儿园,武侯区,104.051978,30.616126
四季家园幼儿园,edu,科教文化服务;学校;幼儿园,武侯区,104.049586,30.61451
桐梓林社区文化活动室,edu,科教文化服务;文化宫;文化宫,武侯区,104.061454,30.615503
成都博景文化传播有限公司,edu,科教文化服务;科教文化场所;科教文化场所,武侯区,104.062855,30.618365
成都亿佑文化传媒有限公司,edu,科教文化服务;科教文化场所;科教文化场所,武侯区,104.06345,30.61905
成都艾尔平方文化传播有限公司,edu,科教文化服务;科教文化场所;科教文化场所,武侯区,104.061658,30.614573
桐梓林小学,edu,科教文化服务;学校;小学,武侯区,104.058504,30.616609
四川省旅游学校,edu,科教文化服务;学校;职业技术学校,武侯区,104.057055,30.612286
棕北中学,edu,科教文化服务;学校;中学,武侯区,104.056743,30.614618
成都市第十一幼儿园,edu,科教文化服务;学校;幼儿园,武侯区,104.055557,30.616919
武侯区大美艺术中心,edu,科教文化服务;美术馆;美术馆,武侯区,104.060601,30.610673
童喜国际幼稚园,edu,科教文化服务;学校;幼儿园,武侯区,104.055949,30.614998
明仿化工研究所驻成都办事处,edu,科教文化服务;科研机构;科研机构,武侯区,104.062622,30.612597
成都大蜀艺术中心,edu,科教文化服务;美术馆;美术馆,武侯区,104.055574,30.616724
四川省金融计算机研究所,edu,科教文化服务;科研机构;科研机构,武侯区,104.062183,30.613916
四川汉密尔顿医学美容研究中心,edu,科教文化服务;科研机构;科研机构,武侯区,104.060953,30.618673
极客数学帮桐梓林校区,edu,科教文化服务;科教文化场所;科教文化场所,武侯区,104.053839,30.618372
舞翼舞蹈培训机构,edu,科教文化服务;培训机构;培训机构,武侯区,104.063108,30.618853
喆正梦制造实验室,edu,科教文化服务;科教文化场所;科教文化场所,武侯区,104.062523,30.614376
稚鸟儿童美术(欧城店),edu,科教文化服务;科教文化场所;科教文化场所,武侯区,104.059005,30.613816
如来传媒公司,edu,科教文化服务;科教文化场所;科教文化场所,武侯区,104.063108,30.618849
魔英英语,edu,科教文化服务;培训机构;培训机构,武侯区,104.061474,30.614332
金箭驾驶培训学校招生点,edu,科教文化服务;科教文化场所;科教文化场所,武侯区,104.063001,30.613296
爱宝宝儿童之家幼儿教育中心,edu,科教文化服务;培训机构;培训机构,武侯区,104.055329,30.615404
成都桃李成人钢琴培训工作室,edu,科教文化服务;科教文化场所;科教文化场所,武侯区,104.059915,30.618716
国际私塾(桐梓林校区),edu,科教文化服务;培训机构;培训机构,武侯区,104.058722,30.614015
嘉祥九思(紫荆总校),edu,科教文化服务;培训机构;培训机构,武侯区,104.05373,30.618401
王妈餐饮培训中心,edu,科教文化服务;培训机构;培训机构,武侯区,104.063151,30.612792
成实外教育(桐梓林路),edu,科教文化服务;培训机构;培训机构,武侯区,104.058405,30.613505
路正驾校(紫荆西路分校),edu,科教文化服务;科教文化场所;科教文化场所,武侯区,104.054663,30.612044
龙新教育,edu,科教文化服务;培训机构;培训机构,武侯区,104.053737,30.618401
博文英才国际教育,edu,科教文化服务;培训机构;培训机构,武侯区,104.063445,30.618967
天府教育,edu,科教文化服务;培训机构;培训机构,武侯区,104.06342,30.618953
武汉地质工程勘察院成都分院,edu,科教文化服务;科教文化场所;科教文化场所,武侯区,104.054568,30.610777
成都森博英语培训学校,edu,科教文化服务;培训机构;培训机构,武侯区,104.063249,30.619292
学大教育(大世界第二校区店),edu,科教文化服务;培训机构;培训机构,武侯区,104.05377,30.618774
鹤立教育(大世界第1街),edu,科教文化服务;培训机构;培训机构,武侯区,104.05377,30.618774
四川省旅游业岗位培训中心,edu,科教文化服务;培训机构;培训机构,武侯区,104.057027,30.611659
四川零至壹教育咨询有限公司,edu,科教文化服务;培训机构;培训机构,武侯区,104.054104,30.61146
丹秋·名师堂学校(大世界第1街),edu,科教文化服务;培训机构;培训机构,武侯区,104.05377,30.618774
成都菲尼克斯教育咨询有限公司(国际私塾—桐梓林校区),edu,科教文化服务;培训机构;培训机构,武侯区,104.058213,30.612728
戴氏留学英语(托福培训中心),edu,科教文化服务;培训机构;培训机构,武侯区,104.061364,30.618774
精英教育培训中心(欧城校区),edu,科教文化服务;培训机构;培训机构,武侯区,104.058197,30.61337
爱思童儿童成长中心,edu,科教文化服务;科教文化场所;科教文化场所,武侯区,104.055768,30.612505
汉语角文化教育咨询有限公司,edu,科教文化服务;科教文化场所;科教文化场所,武侯区,104.060017,30.61729
四川德谊文化传播有限公司,edu,科教文化服务;科教文化场所;科教文化场所,武侯区,104.063123,30.618979
艺立文化艺术中心,edu,科教文化服务;美术馆;美术馆,武侯区,104.068935,30.618082
全域消防文化传媒,edu,科教文化服务;科教文化场所;科教文化场所,武侯区,104.067846,30.618358
成都都伦文化传播有限公司,edu,科教文化服务;传媒机构;传媒机构,武侯区,104.067247,30.61836
锦官新城社区文化活动室,edu,科教文化服务;文化宫;文化宫,武侯区,104.068154,30.617555
成都青蓝文化传播有限公司,edu,科教文化服务;科教文化场所;科教文化场所,武侯区,104.068935,30.618082
成都秦晋文化传播有限公司,edu,科教文化服务;科教文化场所;科教文化场所,武侯区,104.066878,30.617175
四川弘景文化传播有限公司,edu,科教文化服务;科教文化场所;科教文化场所,武侯区,104.069649,30.618074
成都卓杰文化传播有限公司,edu,科教文化服务;科教文化场所;科教文化场所,武侯区,104.070121,30.617092
成都雁南文化传播有限公司,edu,科教文化服务;传媒机构;传媒机构,武侯区,104.065196,30.617294
成都悦美文化传播有限公司,edu,科教文化服务;传媒机构;传媒机构,武侯区,104.067247,30.61836
成都幸会文化传播有限公司,edu,科教文化服务;科教文化场所;科教文化场所,武侯区,104.065423,30.616789
成都约达文化传播有限公司,edu,科教文化服务;科教文化场所;科教文化场所,武侯区,104.067717,30.619236
成都道域文化传播有限公司,edu,科教文化服务;科教文化场所;科教文化场所,武侯区,104.069728,30.617305
成都木支文化传播有限公司,edu,科教文化服务;科教文化场所;科教文化场所,武侯区,104.070129,30.617806
成都乐梵文化传播有限公司,edu,科教文化服务;科教文化场所;科教文化场所,武侯区,104.067849,30.618001
成都金瞳文化传播有限公司,edu,科教文化服务;科教文化场所;科教文化场所,武侯区,104.065449,30.612941
成都点点文化传媒有限责任公司,edu,科教文化服务;科教文化场所;科教文化场所,武侯区,104.067846,30.618363
成都美视达文化传播有限公司,edu,科教文化服务;科教文化场所;科教文化场所,武侯区,104.065119,30.612561
成都元气体育文化传播有限公司,edu,科教文化服务;科教文化场所;科教文化场所,武侯区,104.067931,30.616696
成都酒酉文化传播有限公司,edu,科教文化服务;传媒机构;传媒机构,武侯区,104.067247,30.61836
天玥古井文化传播有限公司,edu,科教文化服务;科教文化场所;科教文化场所,武侯区,104.064123,30.6166
西藏泊视文化传播有限公司,edu,科教文化服务;传媒机构;传媒机构,武侯区,104.067247,30.61836
成都新时代语言文化培训中心,edu,科教文化服务;培训机构;培训机构,武侯区,104.063612,30.619334
四川华藏天下文化传播有限公司,edu,科教文化服务;科教文化场所;科教文化场所,武侯区,104.066169,30.619076
四川大爱长青文化传媒有限公司,edu,科教文化服务;科教文化场所;科教文化场所,武侯区,104.068709,30.618078
成都沸点互动文化传播有限公司,edu,科教文化服务;科教文化场所;科教文化场所,武侯区,104.068899,30.618077
四川每多力文化传播有限公司,edu,科教文化服务;科教文化场所;科教文化场所,武侯区,104.067717,30.619236
成都艾尔斯特文化传播有限公司,edu,科教文化服务;科教文化场所;科教文化场所,武侯区,104.065491,30.616936
成都三只笨鸟文化传播有限公司,edu,科教文化服务;科教文化场所;科教文化场所,武侯区,104.067801,30.619243
火车南站街道综合文化活动中心,edu,科教文化服务;科教文化场所;科教文化场所,武侯区,104.071342,30.613362
成都待客知道文化传播有限公司,edu,科教文化服务;传媒机构;传媒机构,武侯区,104.067247,30.61836
成都光合视效文化传媒有限公司,edu,科教文化服务;科教文化场所;科教文化场所,武侯区,104.069845,30.617105
成都橙色飞轮体育文化传播有限公司,edu,科教文化服务;科教文化场所;科教文化场所,武侯区,104.065422,30.618197
成都仲夏蓉影文化传播有限公司,edu,科教文化服务;科教文化场所;科教文化场所,武侯区,104.065365,30.616876
成都书之苑文化传播有限责任公司,edu,科教文化服务;传媒机构;传媒机构,武侯区,104.067247,30.61836
艺蓉舞蹈学校(长寿路),edu,科教文化服务;培训机构;培训机构,武侯区,104.071059,30.614858
科华中路小学,edu,科教文化服务;学校;小学,武侯区,104.072912,30.614881
彩虹幼稚园,edu,科教文化服务;学校;幼儿园,武侯区,104.067393,30.613971
长寿幼儿园,edu,科教文化服务;学校;幼儿园,武侯区,104.069301,30.60994
成都医学院临床肿瘤学院,edu,科教文化服务;学校;高等院校,武侯区,104.067736,30.613444
四川省肿瘤医院培训中心,edu,科教文化服务;培训机构;培训机构,武侯区,104.065922,30.61242
贝尔机器人儿童学院(人南校区),edu,科教文化服务;学校;高等院校,武侯区,104.067277,30.618364
成都首座万丽酒店-会议厅,edu,科教文化服务;会展中心;会展中心,武侯区,104.063903,30.61459
朱古力艺术馆,edu,科教文化服务;美术馆;美术馆,武侯区,104.064991,30.61708
中国新闻社(四川分社),edu,科教文化服务;传媒机构;报社,武侯区,104.063544,30.614635
海蓓幼稚园,edu,科教文化服务;学校;幼儿园,武侯区,104.072065,30.613764
新东方留学考试学习中心(桐梓林校区),edu,科教文化服务;培训机构;培训机构,武侯区,104.066399,30.618185
成都商报发行投递广告有限公司,edu,科教文化服务;传媒机构;报社,武侯区,104.071587,30.611691
四川省工业水处理工程技术研究中心,edu,科教文化服务;科研机构;科研机构,武侯区,104.067247,30.61836
空港10号艺术机构,edu,科教文化服务;科教文化场所;科教文化场所,武侯区,104.073378,30.618368
成都书之苑文化传播有限责任公司,edu,科教文化服务;传媒机构;传媒机构,武侯区,104.067247,30.61836
成都精雕技能培训服务部,edu,科教文化服务;科教文化场所;科教文化场所,武侯区,104.073425,30.618517
艺蓉舞蹈学校(长寿路),edu,科教文化服务;培训机构;培训机构,武侯区,104.071059,30.614858
科华中路小学,edu,科教文化服务;学校;小学,武侯区,104.072912,30.614881
彩虹幼稚园,edu,科教文化服务;学校;幼儿园,武侯区,104.067393,30.613971
长寿幼儿园,edu,科教文化服务;学校;幼儿园,武侯区,104.069301,30.60994
成都医学院临床肿瘤学院,edu,科教文化服务;学校;高等院校,武侯区,104.067736,30.613444
四川省肿瘤医院培训中心,edu,科教文化服务;培训机构;培训机构,武侯区,104.065922,30.61242
贝尔机器人儿童学院(人南校区),edu,科教文化服务;学校;高等院校,武侯区,104.067277,30.618364
成都首座万丽酒店-会议厅,edu,科教文化服务;会展中心;会展中心,武侯区,104.063903,30.61459
朱古力艺术馆,edu,科教文化服务;美术馆;美术馆,武侯区,104.064991,30.61708
中国新闻社(四川分社),edu,科教文化服务;传媒机构;报社,武侯区,104.063544,30.614635
海蓓幼稚园,edu,科教文化服务;学校;幼儿园,武侯区,104.072065,30.613764
成都市二级幼儿园,edu,科教文化服务;学校;幼儿园,武侯区,104.072079,30.61373
新东方留学考试学习中心(桐梓林校区),edu,科教文化服务;培训机构;培训机构,武侯区,104.066399,30.618185
成都商报发行投递广告有限公司,edu,科教文化服务;传媒机构;报社,武侯区,104.071587,30.611691
四川省工业水处理工程技术研究中心,edu,科教文化服务;科研机构;科研机构,武侯区,104.067247,30.61836
空港10号艺术机构,edu,科教文化服务;科教文化场所;科教文化场所,武侯区,104.073378,30.618368
光合实验室,edu,科教文化服务;科研机构;科研机构,武侯区,104.070025,30.617551
四川西部民生研究院,edu,科教文化服务;科研机构;科研机构,武侯区,104.066141,30.614615
吉的堡维肯幼儿园,edu,科教文化服务;学校;幼儿园,武侯区,104.071383,30.617345
圣珈瑜伽(曼哈顿馆店),edu,科教文化服务;科教文化场所;科教文化场所,武侯区,104.069875,30.61761
锦官新城社区魅力锦官艺术团,edu,科教文化服务;文艺团体;文艺团体,武侯区,104.068154,30.617555
晨德教育咨询有限公司,edu,科教文化服务;培训机构;培训机构,武侯区,104.064114,30.619385
童童童教育(南门旗舰店),edu,科教文化服务;科教文化场所;科教文化场所,武侯区,104.067291,30.618349
万叶日语,edu,科教文化服务;培训机构;培训机构,武侯区,104.064997,30.617115
大地风景旅游景观规划院西南院,edu,科教文化服务;科研机构;科研机构,武侯区,104.067247,30.61836
艾瑞思艺术培训中心,edu,科教文化服务;培训机构;培训机构,武侯区,104.073344,30.618266
智康1对1桐梓林校区,edu,科教文化服务;科教文化场所;科教文化场所,武侯区,104.065245,30.614559
泊菲特语言学校(南校区),edu,科教文化服务;科教文化场所;科教文化场所,武侯区,104.068705,30.618082
南街学习馆,edu,科教文化服务;科教文化场所;科教文化场所,武侯区,104.072528,30.616049
四川康达生物医学工程研究开发中心,edu,科教文化服务;科研机构;科研机构,武侯区,104.06732,30.613453
杰芭蕾舞蹈培训中心,edu,科教文化服务;科教文化场所;科教文化场所,武侯区,104.068735,30.618067
梦凡传媒,edu,科教文化服务;科教文化场所;科教文化场所,武侯区,104.069883,30.617938
CC舞蹈工作室,edu,科教文化服务;培训机构;培训机构,武侯区,104.063707,30.618827
四川西部民生研究院(人民南路四段),edu,科教文化服务;科研机构;科研机构,武侯区,104.065062,30.614978
南舞王,edu,科教文化服务;科教文化场所;科教文化场所,武侯区,104.063678,30.611439
Art流浪地图画室,edu,科教文化服务;培训机构;培训机构,武侯区,104.069664,30.617041
新东方留学考试中心,edu,科教文化服务;科教文化场所;科教文化场所,武侯区,104.065422,30.618197
敢为教育工作室,edu,科教文化服务;科教文化场所;科教文化场所,武侯区,104.063848,30.61909
智课教育精英学习中心,edu,科教文化服务;培训机构;培训机构,武侯区,104.067547,30.617809
四川省肿瘤医院·研究所,edu,科教文化服务;科研机构;科研机构,武侯区,104.066386,30.612218
四川省中药研究所(中苑巷3号院西南),edu,科教文化服务;科研机构;科研机构,武侯区,104.065443,30.616018
成都市民道德讲堂,edu,科教文化服务;科教文化场所;科教文化场所,武侯区,104.072798,30.614541
知树国际少儿教育中心,edu,科教文化服务;培训机构;培训机构,武侯区,104.067247,30.61836
振晖教育,edu,科教文化服务;培训机构;培训机构,武侯区,104.073367,30.614567
锦官新城社区科普活动室,edu,科教文化服务;科教文化场所;科教文化场所,武侯区,104.068154,30.617555
小书童教育(成都市航空路学习中心),edu,科教文化服务;培训机构;培训机构,武侯区,104.069863,30.617731
史岱文森精英教育,edu,科教文化服务;培训机构;培训机构,武侯区,104.067247,30.61836
培德教育,edu,科教文化服务;培训机构;培训机构,武侯区,104.067247,30.61836
康泰培训中心,edu,科教文化服务;培训机构;培训机构,武侯区,104.065723,30.612235
山美特体验式培训,edu,科教文化服务;培训机构;培训机构,武侯区,104.065449,30.612941
梵恩诗西南培训中心,edu,科教文化服务;培训机构;培训机构,武侯区,104.067717,30.619236
思航教育,edu,科教文化服务;培训机构;培训机构,武侯区,104.072032,30.615048
全外教私人定制教育,edu,科教文化服务;培训机构;培训机构,武侯区,104.068591,30.61904
省红十学会培训中心,edu,科教文化服务;培训机构;培训机构,武侯区,104.066776,30.612891
学而思培优,edu,科教文化服务;培训机构;培训机构,武侯区,104.065078,30.614449
文博龙腾教育,edu,科教文化服务;培训机构;培训机构,武侯区,104.073367,30.614567
托马斯英语,edu,科教文化服务;培训机构;培训机构,武侯区,104.072468,30.616108
润果艺术教育机构,edu,科教文化服务;培训机构;培训机构,武侯区,104.070121,30.617092
i2国际私塾(锦官校区),edu,科教文化服务;培训机构;培训机构,武侯区,104.068336,30.618286
博为峰培训基地,edu,科教文化服务;培训机构;培训机构,武侯区,104.06725,30.618361
中国互联网经济研究院四川(成都)研究中心(人民南路四段),edu,科教文化服务;科研机构;科研机构,武侯区,104.065074,30.614852
比扬口语教育中心,edu,科教文化服务;培训机构;培训机构,武侯区,104.063982,30.618996
童画常青苗少儿美术,edu,科教文化服务;培训机构;培训机构,武侯区,104.067887,30.619056
西南瑜伽教练培训基地,edu,科教文化服务;培训机构;培训机构,武侯区,104.065191,30.613397
大墨教育,edu,科教文化服务;培训机构;培训机构,武侯区,104.07206,30.618588
sk英国皇家少儿英语,edu,科教文化服务;培训机构;培训机构,武侯区,104.066723,30.617955
吉的堡维肯少儿英语学校,edu,科教文化服务;培训机构;培训机构,武侯区,104.071438,30.617372
阿吉太文化传播,edu,科教文化服务;科教文化场所;科教文化场所,武侯区,104.083342,30.610952
四川省天隆文化传播有限公司,edu,科教文化服务;科教文化场所;科教文化场所,武侯区,104.078477,30.610164
成都忆昔文化传播有限公司,edu,科教文化服务;科教文化场所;科教文化场所,武侯区,104.080607,30.614586
四川大学附属中学科华校区(初中部),edu,科教文化服务;学校;中学,武侯区,104.076346,30.618468
锦官新城小学,edu,科教文化服务;学校;小学,武侯区,104.073527,30.619093
四川大学附属中学,edu,科教文化服务;学校;中学,武侯区,104.076424,30.618664
四川大学附属中学,edu,科教文化服务;学校;中学,武侯区,104.076956,30.618174
十二中大门,edu,科教文化服务;学校;中学,武侯区,104.076933,30.618421
四川省长征驾校培训处,edu,科教文化服务;科教文化场所;科教文化场所,武侯区,104.077603,30.617184
九天国际大酒店-会议厅,edu,科教文化服务;会展中心;会展中心,武侯区,104.081419,30.610084
同心艺术,edu,科教文化服务;美术馆;美术馆,武侯区,104.08045,30.614552
金色海蓉幼稚园,edu,科教文化服务;学校;幼儿园,武侯区,104.080941,30.615368
小博士双语幼儿园,edu,科教文化服务;学校;幼儿园,武侯区,104.080969,30.616048
仁智幼稚园,edu,科教文化服务;学校;幼儿园,武侯区,104.080531,30.619078
音乐酷琴行(武侯店),edu,购物服务;专卖店;专营店|科教文化服务;培训机构;培训机构,武侯区,104.081465,30.613684
芳伊舞蹈工作室,edu,科教文化服务;培训机构;培训机构,武侯区,104.078683,30.613373
西子娅舞蹈瑜伽工作室,edu,科教文化服务;科教文化场所;科教文化场所,武侯区,104.081978,30.613522
tsr训练中心,edu,科教文化服务;科教文化场所;科教文化场所,武侯区,104.081978,30.615624
中国西部杂志社,edu,科教文化服务;传媒机构;杂志社,武侯区,104.082182,30.613292
成都商报(科华南路),edu,科教文化服务;传媒机构;报社,武侯区,104.075348,30.611977
博学思教育,edu,科教文化服务;培训机构;培训机构,武侯区,104.082296,30.613296
无画教育,edu,科教文化服务;培训机构;培训机构,武侯区,104.075231,30.619218
农夫艺术培训,edu,科教文化服务;培训机构;培训机构,武侯区,104.081263,30.614108
贝迪堡国际早教成都中心,edu,科教文化服务;培训机构;培训机构,武侯区,104.075045,30.614399
许博士全脑教育培训学校,edu,科教文化服务;培训机构;培训机构,武侯区,104.075209,30.614701
梦启迪少儿围棋培训中心,edu,科教文化服务;培训机构;培训机构,武侯区,104.078488,30.610228
Baby Power国际儿童早期发展中心,edu,科教文化服务;科教文化场所;科教文化场所,武侯区,104.076829,30.615596
玛利娅蒙特梭利国际早教学校,edu,科教文化服务;培训机构;培训机构,武侯区,104.076916,30.615402
金柠檬国际钢琴教育(科华校区),edu,科教文化服务;培训机构;培训机构,武侯区,104.0752,30.614669
电脑商情报计算机职业培训中心,edu,科教文化服务;培训机构;培训机构,武侯区,104.076483,30.618451
东湖文化艺术中心,edu,科教文化服务;美术馆;美术馆,锦江区,104.084358,30.617186
成都国际文化艺术中心,edu,科教文化服务;美术馆;美术馆,锦江区,104.084754,30.616704
思维文化艺术托管中心,edu,科教文化服务;科教文化场所;科教文化场所,锦江区,104.093121,30.613887
四川上座文化传播有限公司,edu,科教文化服务;科教文化场所;科教文化场所,锦江区,104.089409,30.612948
成都市锦思文化传播有限公司,edu,科教文化服务;科教文化场所;科教文化场所,锦江区,104.084696,30.615883
ZAZ现代艺术馆,edu,科教文化服务;美术馆;美术馆,锦江区,104.08468,30.617225
竹林幼舍早教中心,edu,科教文化服务;学校;幼儿园,锦江区,104.089555,30.613262
贝多彩幼稚园,edu,科教文化服务;学校;幼儿园,锦江区,104.093102,30.610113
爱育幼童(东湖国际中心),edu,科教文化服务;学校;幼儿园,锦江区,104.090526,30.618529
金苹果翡翠城幼稚园,edu,科教文化服务;学校;幼儿园,锦江区,104.091703,30.615197
成都千绘艺术中心,edu,科教文化服务;美术馆;美术馆,锦江区,104.091734,30.613104
红美术馆,edu,科教文化服务;美术馆;美术馆,锦江区,104.084224,30.616539
崇文教育(翡翠城校区),edu,科教文化服务;培训机构;培训机构,锦江区,104.092496,30.613781
成都小天才教育,edu,科教文化服务;培训机构;培训机构,锦江区,104.090932,30.613837
树基儿童创意馆,edu,科教文化服务;科教文化场所;科教文化场所,锦江区,104.091452,30.615829
明鹤山房茶书院-茶道培训,edu,科教文化服务;培训机构;培训机构,锦江区,104.090932,30.613838
生命大讲堂,edu,科教文化服务;培训机构;培训机构,锦江区,104.092623,30.617479
竹林幼会早教中心,edu,科教文化服务;培训机构;培训机构,锦江区,104.089269,30.613368
蒙氏上宾全日制早教,edu,科教文化服务;培训机构;培训机构,锦江区,104.089768,30.614807
佳乐艺术培训学校,edu,科教文化服务;培训机构;培训机构,锦江区,104.092623,30.617479
慧生书院,edu,科教文化服务;培训机构;培训机构,锦江区,104.090405,30.611938
爱贝国际少儿英语(华润路),edu,科教文化服务;培训机构;培训机构,锦江区,104.08938,30.615282
爱贝国际少儿英语(翡翠城校区),edu,科教文化服务;培训机构;培训机构,锦江区,104.091154,30.615893
中国人民大学可持续发展高等研究院城乡互助实验基地,edu,科教文化服务;科教文化场所;科教文化场所,锦江区,104.091766,30.613754
上宾蒙特梭利早教中心(翡翠城店),edu,科教文化服务;培训机构;培训机构,锦江区,104.089772,30.614805
家有儿女国际艺术早教中心(翡翠店),edu,科教文化服务;培训机构;培训机构,锦江区,104.08737,30.614993
儒正文化传播,edu,科教文化服务;传媒机构;传媒机构,锦江区,104.099163,30.610127
东怡社区未成年人文化活动点,edu,科教文化服务;科教文化场所;科教文化场所,锦江区,104.097708,30.61713
成都七中嘉祥外国语学校,edu,科教文化服务;学校;中学,锦江区,104.101059,30.61155
东光实验小学,edu,科教文化服务;学校;小学,锦江区,104.100465,30.61932
成都嘉祥外国语学校,edu,科教文化服务;学校;中学,锦江区,104.101166,30.613137
东光社区童星幼儿园,edu,科教文化服务;学校;幼儿园,锦江区,104.101474,30.618717
无忧教育(晨辉路),edu,科教文化服务;培训机构;培训机构,锦江区,104.10041,30.613544
成都师范附属小学(华润分校),edu,科教文化服务;学校;小学,锦江区,104.095528,30.617437
嘉祥教育,edu,科教文化服务;培训机构;培训机构,锦江区,104.102104,30.614304
成都七中嘉祥外国语学校国际部,edu,科教文化服务;学校;中学,锦江区,104.100909,30.609888
嘉祥外国语学校实验幼儿园,edu,科教文化服务;学校;幼儿园,锦江区,104.101895,30.615242
蓓蕾幼儿园(东光南二巷),edu,科教文化服务;学校;幼儿园,锦江区,104.100475,30.617977
东光实验小学附属幼儿园,edu,科教文化服务;学校;幼儿园,锦江区,104.100382,30.619338
少儿美术,edu,科教文化服务;美术馆;美术馆,锦江区,104.099892,30.617701
金象幼儿园,edu,科教文化服务;学校;幼儿园,锦江区,104.097166,30.611985
耀兴书画社,edu,科教文化服务;科教文化场所;科教文化场所,锦江区,104.096671,30.617997
家长学校,edu,科教文化服务;科教文化场所;科教文化场所,锦江区,104.097737,30.617112
嘉祥九思留学考试学习中心,edu,科教文化服务;科教文化场所;科教文化场所,锦江区,104.103039,30.613577
锦江区东怡社区法治大讲堂,edu,科教文化服务;科教文化场所;科教文化场所,锦江区,104.0978,30.616971
好望角教育,edu,科教文化服务;培训机构;培训机构,锦江区,104.099791,30.618405
嘉祥九思,edu,科教文化服务;培训机构;培训机构,锦江区,104.098932,30.61372
优知教育托管中心,edu,科教文化服务;培训机构;培训机构,锦江区,104.101212,30.618265
龙文教育(成都分校),edu,科教文化服务;培训机构;培训机构,锦江区,104.100887,30.613521
乐要书咖,edu,科教文化服务;培训机构;培训机构,锦江区,104.097174,30.611451
佳乐艺术(东光南二巷),edu,科教文化服务;培训机构;培训机构,锦江区,104.099935,30.617593
国韵教育(可贝校区),edu,科教文化服务;培训机构;培训机构,锦江区,104.100507,30.613546
一品私塾,edu,科教文化服务;培训机构;培训机构,锦江区,104.099146,30.610877
成都法制大讲堂,edu,科教文化服务;培训机构;培训机构,锦江区,104.101492,30.618371
东方爱婴,edu,科教文化服务;培训机构;培训机构,锦江区,104.099193,30.614379
名师汇(锦华路二段),edu,科教文化服务;培训机构;培训机构,锦江区,104.097239,30.611542
启德培训(晨辉北路),edu,科教文化服务;培训机构;培训机构,锦江区,104.099069,30.6114
海音艺术馆,edu,科教文化服务;培训机构;培训机构,锦江区,104.098215,30.61729
东关街道新莲新社区科普活动室,edu,科教文化服务;科教文化场所;科教文化场所,锦江区,104.101413,30.61849
东光街道东一怡社区科普活动室,edu,科教文化服务;科教文化场所;科教文化场所,锦江区,104.097737,30.617112
起航教育(晨辉北路),edu,科教文化服务;培训机构;培训机构,锦江区,104.09921,30.609988
得一琴馆(建设店),edu,科教文化服务;培训机构;培训机构,锦江区,104.100283,30.613578
家有儿女教育,edu,科教文化服务;培训机构;培训机构,锦江区,104.097182,30.611332
国际英语水平考试(成都咨询报名中心),edu,科教文化服务;培训机构;培训机构,锦江区,104.099223,30.610485
重点驾驶人审验学习室(交警三分局),edu,科教文化服务;培训机构;培训机构,锦江区,104.098408,30.617305
晨辉丽舞艺术培训中心(育才·都市家园一区东),edu,科教文化服务;培训机构;培训机构,锦江区,104.098232,30.613552
嘉祥九思留学考试学习中心C区,edu,科教文化服务;培训机构;培训机构,锦江区,104.102921,30.613632
嘉祥九思咔乐天空少儿艺体活动中心,edu,科教文化服务;培训机构;培训机构,锦江区,104.102113,30.614257
川音大地音乐学校(育才校区),edu,科教文化服务;培训机构;培训机构,锦江区,104.101849,30.614165
四川农业科学研究院,edu,科教文化服务;科研机构;科研机构,锦江区,104.100733,30.611464
图书阅览室,edu,科教文化服务;图书馆;图书馆,锦江区,104.112374,30.614374
四川省农业科学院作物研究所,edu,科教文化服务;科研机构;科研机构,锦江区,104.106732,30.613864
四川师大附属第一实验中学,edu,科教文化服务;学校;中学,锦江区,104.110743,30.610676
四川师范大学附属第一实验中学(师大一中),edu,科教文化服务;学校;中学,锦江区,104.110616,30.610055
绵阳艺术学校成都校区,edu,科教文化服务;学校;职业技术学校|科教文化服务;学校;高等院校,锦江区,104.106797,30.613583
梵木艺术馆,edu,科教文化服务;美术馆;美术馆,锦江区,104.106607,30.611375
社区科普大学,edu,科教文化服务;学校;高等院校,锦江区,104.112374,30.614374
朗文名师堂(静安路),edu,科教文化服务;培训机构;培训机构,锦江区,104.112493,30.613901
三幼树基城花幼儿园,edu,科教文化服务;学校;幼儿园,锦江区,104.112385,30.617222
曹县幼儿园,edu,科教文化服务;学校;幼儿园,锦江区,104.109468,30.618164
成都广播电视大学信息管理校区,edu,科教文化服务;学校;高等院校,锦江区,104.106732,30.613864
四川省农业科学院土壤肥料研究所,edu,科教文化服务;科研机构;科研机构,锦江区,104.106732,30.613864
贝尔机器人儿童学院(万科校区),edu,科教文化服务;学校;高等院校,锦江区,104.111588,30.619145
天娇艺术,edu,科教文化服务;美术馆;美术馆,锦江区,104.111522,30.610475
西南科技大学成教院成都教学区,edu,科教文化服务;学校;成人教育,锦江区,104.106732,30.613864
四川师范大学附属实验学校(中学部),edu,科教文化服务;学校;高等院校,锦江区,104.110616,30.610054
四川省农科院科研楼,edu,科教文化服务;科研机构;科研机构,锦江区,104.109162,30.613539
四川省农业科学院园艺研究所,edu,科教文化服务;科研机构;科研机构,锦江区,104.10625,30.613807
中国农科院西南园艺研究中心,edu,科教文化服务;科研机构;科研机构,锦江区,104.106293,30.6139
农科院生物技术和技术研究所,edu,科教文化服务;科研机构;科研机构,锦江区,104.109767,30.616804
四川美视流行音乐职业学校,edu,科教文化服务;学校;职业技术学校,锦江区,104.106797,30.613583
成师附小万科分校,edu,科教文化服务;学校;小学,锦江区,104.111648,30.61795
四川省经济贸易学校蜀都校区,edu,科教文化服务;学校;学校,锦江区,104.106732,30.613864
四川省农科院农产品加工研究所,edu,科教文化服务;科研机构;科研机构,锦江区,104.108085,30.618469
四川省农科院生物技术农牧研究所,edu,科教文化服务;科研机构;科研机构,锦江区,104.10979,30.616917
家庭教育指导站,edu,科教文化服务;科教文化场所;科教文化场所,锦江区,104.112374,30.614374
社区科普活动工作站,edu,科教文化服务;科教文化场所;科教文化场所,锦江区,104.112374,30.614374
社区教育工作站,edu,科教文化服务;科教文化场所;科教文化场所,锦江区,104.112374,30.614374
心里辅导室,edu,科教文化服务;科教文化场所;科教文化场所,锦江区,104.112374,30.614374
小作家成都工作站,edu,科教文化服务;科教文化场所;科教文化场所,锦江区,104.111522,30.610475
成师附小万科分校-城市青少年宫,edu,科教文化服务;文化宫;文化宫,锦江区,104.111354,30.618596
多米诺学校(川师校区),edu,科教文化服务;培训机构;培训机构,锦江区,104.1115,30.619065
名扬舞蹈工作室,edu,科教文化服务;培训机构;培训机构,锦江区,104.111724,30.610545
树才学校(静安分校),edu,科教文化服务;培训机构;培训机构,锦江区,104.1115,30.619065
成都市体舞教育训练中心,edu,科教文化服务;培训机构;培训机构,锦江区,104.111151,30.618789
成都师范附属小学万科分校(东门),edu,科教文化服务;学校;小学,锦江区,104.112316,30.618205
孝行天下杂志社小记者站,edu,科教文化服务;传媒机构;传媒机构,锦江区,104.110743,30.610676
睿创高考艺术培训,edu,科教文化服务;培训机构;培训机构,锦江区,104.106351,30.615429
睿创教育,edu,科教文化服务;培训机构;培训机构,锦江区,104.106351,30.615429
学大教育,edu,科教文化服务;培训机构;培训机构,锦江区,104.111301,30.619003
非住教育,edu,科教文化服务;培训机构;培训机构,锦江区,104.110439,30.618914
成都米阳教育机构,edu,科教文化服务;培训机构;培训机构,锦江区,104.112932,30.614174
电子阅览室,edu,科教文化服务;培训机构;培训机构,锦江区,104.112374,30.614374
太极拳辅导站,edu,科教文化服务;培训机构;培训机构,锦江区,104.112374,30.614374
乔登美语(花园街),edu,科教文化服务;培训机构;培训机构,锦江区,104.1115,30.619065
学为先教育,edu,科教文化服务;培训机构;培训机构,锦江区,104.112406,30.610789
塑人教育(静安路),edu,科教文化服务;培训机构;培训机构,锦江区,104.111797,30.610573
乔登英语培训学校,edu,科教文化服务;培训机构;培训机构,锦江区,104.1115,30.619065
阶梯数学学校,edu,科教文化服务;培训机构;培训机构,锦江区,104.1115,30.619065
新启航教育(花园街),edu,科教文化服务;培训机构;培训机构,锦江区,104.1115,30.619065
时时教育,edu,科教文化服务;培训机构;培训机构,锦江区,104.1115,30.619065
中国农科院西南农业资源环境研究中心,edu,科教文化服务;科教文化场所;科教文化场所,锦江区,104.106471,30.61372
望子成龙学校,edu,科教文化服务;培训机构;培训机构,锦江区,104.111456,30.619246
米乐国际少儿英语俱乐部,edu,科教文化服务;培训机构;培训机构,锦江区,104.112471,30.618571
成师附小万科分校-新启航教育,edu,科教文化服务;培训机构;培训机构,锦江区,104.111704,30.617957
四川省农业科学院狮子山片区,edu,科教文化服务;科研机构;科研机构,锦江区,104.107118,30.614833
成美教育中心(万科校区店),edu,科教文化服务;培训机构;培训机构,锦江区,104.1115,30.619065
周广仁钢琴艺术中心万科分校,edu,科教文化服务;培训机构;培训机构,锦江区,104.1115,30.619065
贝尔机器人高手联盟(万科校区),edu,科教文化服务;培训机构;培训机构,锦江区,104.11177,30.618954
龙文教育(川师校区),edu,科教文化服务;培训机构;培训机构,锦江区,104.112217,30.614396
川音大地综艺音乐学校(静安路),edu,科教文化服务;培训机构;培训机构,锦江区,104.112242,30.614302
成都天娇艺术培训基地(川师校区),edu,科教文化服务;培训机构;培训机构,锦江区,104.111884,30.610606
成都声乐培训(天娇艺术川师校区),edu,科教文化服务;培训机构;培训机构,锦江区,104.111798,30.610573
华西都市报四川师范大学附属实验学校小记者站,edu,科教文化服务;传媒机构;传媒机构,锦江区,104.110743,30.610676
四川省有线广播电视网络股份有限公司成都锦江分公司(海伦商务酒店西南),edu,科教文化服务;传媒机构;传媒机构,锦江区,104.111611,30.610431
四川省农业科学院培训中心,edu,科教文化服务;培训机构;培训机构,锦江区,104.106732,30.613864
融创培训学校,edu,科教文化服务;培训机构;培训机构,锦江区,104.106666,30.613613
四川农科院土肥所,edu,科教文化服务;科教文化场所;科教文化场所,锦江区,104.106377,30.615321
高职单招升学指导中心,edu,科教文化服务;科教文化场所;科教文化场所,锦江区,104.10638,30.615321
成都市农科所生物技术核研究所,edu,科教文化服务;科研机构;科研机构,锦江区,104.10937,30.615985
米阳少年宫,edu,科教文化服务;文化宫;文化宫,锦江区,104.113461,30.614305
四川师范大学广汉科教园区管委会,edu,科教文化服务;科教文化场所;科教文化场所,锦江区,104.122302,30.614573
四川师范大学巴蜀文化研究中心,edu,科教文化服务;科研机构;科研机构,锦江区,104.116978,30.611556
四川师范大学中外文化交流中心,edu,科教文化服务;学校;高等院校,锦江区,104.120506,30.611206
成都花蝴蝶文化传媒有限公司,edu,科教文化服务;科教文化场所;科教文化场所,锦江区,104.121034,30.616367
四川师范大学文学院,edu,科教文化服务;学校;高等院校,锦江区,104.116912,30.611221
四川师范大学高等教育自学考试学习服务中心,edu,科教文化服务;科教文化场所;科教文化场所,锦江区,104.121696,30.6157
四川师范大学狮子山校区,edu,科教文化服务;学校;高等院校,锦江区,104.120435,30.612618
四川师范大学图书馆,edu,科教文化服务;图书馆;图书馆,锦江区,104.117467,30.611917
四川师大附中,edu,科教文化服务;学校;中学,锦江区,104.118328,30.616532
四川师范大学附属实验学校,edu,科教文化服务;学校;小学,锦江区,104.118537,30.61399
四川师范大学国际交流学院,edu,科教文化服务;学校;高等院校,锦江区,104.119399,30.612102
四川师范大学招生就业处,edu,科教文化服务;学校;高等院校,锦江区,104.117673,30.612622
四川师范大学培训楼,edu,科教文化服务;学校;高等院校,锦江区,104.121293,30.611286
四川师范大学生命科学学院,edu,科教文化服务;学校;高等院校,锦江区,104.119399,30.612102
四川师范大学第六教学楼,edu,科教文化服务;学校;高等院校,锦江区,104.118665,30.611131
四川师范大学第二办公区,edu,科教文化服务;学校;高等院校,锦江区,104.118407,30.610855
四川师范大学,edu,科教文化服务;学校;高等院校,锦江区,104.120128,30.613765
四川师范大学学生工作部(处),edu,科教文化服务;学校;高等院校,锦江区,104.12043,30.61123
四川师范大学第九教学楼,edu,科教文化服务;学校;高等院校,锦江区,104.121618,30.615808
四川师范大学化学楼,edu,科教文化服务;学校;高等院校,锦江区,104.118151,30.613302
四川师范大学学术厅,edu,科教文化服务;学校;高等院校,锦江区,104.118736,30.613006
四川师范大学成都英华美学院,edu,科教文化服务;学校;高等院校,锦江区,104.121695,30.615699
四川师范大学新闻与传播学院,edu,科教文化服务;学校;高等院校,锦江区,104.119399,30.612102
四川师范大学离退休教职工管理处,edu,科教文化服务;学校;高等院校,锦江区,104.12002,30.611234
四川师范大学教师教育学院,edu,科教文化服务;学校;高等院校,锦江区,104.118798,30.612367
四川师范大学基础教学学院,edu,科教文化服务;学校;高等院校,锦江区,104.118802,30.612481
四川师范大学第五办公区,edu,科教文化服务;学校;高等院校,锦江区,104.121118,30.610971
四川师范大学第四办公区,edu,科教文化服务;学校;高等院校,锦江区,104.120858,30.61366
四川师范大学继续教育学院,edu,科教文化服务;学校;高等院校,锦江区,104.121695,30.615699
四川师范大学教育科学学院,edu,科教文化服务;学校;高等院校,锦江区,104.118802,30.612481
四川师范大学网络教育学院,edu,科教文化服务;学校;高等院校,锦江区,104.121696,30.6157
四川师范大学影视与传媒学院,edu,科教文化服务;学校;高等院校,锦江区,104.118802,30.612481
四川师范大学电子出版社,edu,科教文化服务;传媒机构;出版社,锦江区,104.117673,30.612622
四川师范大学运动场管理办公室,edu,科教文化服务;学校;高等院校,锦江区,104.120738,30.613808
四川师范大学传媒培训制作中心,edu,科教文化服务;学校;高等院校,锦江区,104.118802,30.612481
四川师范大学教师教学发展中心,edu,科教文化服务;学校;高等院校,锦江区,104.118802,30.612481
四川师范大学展示咨询接待中心,edu,科教文化服务;展览馆;展览馆,锦江区,104.116616,30.60967
四川师范大学-新加坡英华美学院,edu,科教文化服务;学校;高等院校,锦江区,104.118126,30.610585
四川师范大学大学生创新创业俱乐部,edu,科教文化服务;学校;高等院校,锦江区,104.120506,30.611206
四川省师范大学化学与材料科学学院,edu,科教文化服务;学校;高等院校,锦江区,104.118151,30.613302
四川师范大学教师教育与心理学院学院,edu,科教文化服务;学校;高等院校,锦江区,104.118802,30.612481
四川省教师教育研究中心,edu,科教文化服务;科研机构;科研机构,锦江区,104.118802,30.612481
中共四川师范大学委员会,edu,科教文化服务;科教文化场所;科教文化场所,锦江区,104.120128,30.613765
四川师范大学综合实验楼,edu,科教文化服务;科研机构;科研机构,锦江区,104.119108,30.612393
四川省师范大学大学生义务家教学校(大学),edu,科教文化服务;学校;高等院校,锦江区,104.11845,30.613107
四川师范大学化学与材料科学学院教授接待室,edu,科教文化服务;学校;高等院校,锦江区,104.118445,30.613105
四川省高校工程研究中心,edu,科教文化服务;科研机构;科研机构,锦江区,104.118177,30.613361
四川省高校师资培训中心,edu,科教文化服务;培训机构;培训机构,锦江区,104.12002,30.611234
四川师范大学化学与材料科学学院分类执法办公室,edu,科教文化服务;学校;高等院校,锦江区,104.118435,30.613058
四川师范大学第三办公区,edu,科教文化服务;学校;高等院校,锦江区,104.117673,30.612622
中共四川师范大学委员会,edu,科教文化服务;科教文化场所;科教文化场所,锦江区,104.120128,30.613765
四川师范大学综合实验楼,edu,科教文化服务;科研机构;科研机构,锦江区,104.119108,30.612393
四川省师范大学大学生义务家教学校(大学),edu,科教文化服务;学校;高等院校,锦江区,104.11845,30.613107
四川师范大学化学与材料科学学院教授接待室,edu,科教文化服务;学校;高等院校,锦江区,104.118445,30.613105
四川省高校工程研究中心,edu,科教文化服务;科研机构;科研机构,锦江区,104.118177,30.613361
四川省高校师资培训中心,edu,科教文化服务;培训机构;培训机构,锦江区,104.12002,30.611234
四川师范大学化学与材料科学学院分类执法办公室,edu,科教文化服务;学校;高等院校,锦江区,104.118435,30.613058
四川师范大学第三办公区,edu,科教文化服务;学校;高等院校,锦江区,104.117673,30.612622
四川师范大学第三教学楼,edu,科教文化服务;学校;高等院校,锦江区,104.119229,30.612947
四川师范大学化学与材料科学学院学生工作办公室,edu,科教文化服务;学校;高等院校,锦江区,104.118435,30.613058
四川师范大学化学与材料科学学院大学生心理健康辅导站,edu,科教文化服务;学校;高等院校,锦江区,104.118435,30.613058
四川师范大学分析测试中心,edu,科教文化服务;科研机构;科研机构,锦江区,104.118173,30.613355
四川师大-第七教学楼A区,edu,科教文化服务;科教文化场所;科教文化场所,锦江区,104.1202,30.613759
四川师范大学职业技术学院,edu,科教文化服务;学校;高等院校,锦江区,104.121618,30.615808
四川师范大学科技园苗圃(二),edu,科教文化服务;科研机构;科研机构,锦江区,104.12043,30.61123
四川师范大学南方丝绸之路研究所,edu,科教文化服务;科研机构;科研机构,锦江区,104.116978,30.611556
四川师大附中-乐知之教育,edu,科教文化服务;培训机构;培训机构,锦江区,104.120052,30.616294
四川新思计算机职业学校,edu,科教文化服务;学校;职业技术学校,锦江区,104.121623,30.615761
电钢琴雅马哈二手,edu,科教文化服务;科教文化场所;科教文化场所,锦江区,104.114333,30.614869
四川师范大学校纪检队,edu,科教文化服务;学校;高等院校,锦江区,104.121422,30.613545
四川师范大学终身教育与学习研究中心,edu,科教文化服务;科研机构;科研机构,锦江区,104.121696,30.615699
四川师范大学-桃李园,edu,科教文化服务;科教文化场所;科教文化场所,锦江区,104.121022,30.612486
四川师范大学狮子山校区-化学实验大楼,edu,科教文化服务;科教文化场所;科教文化场所,锦江区,104.117987,30.613214
四川省高等教育学会高校书法教育研究会,edu,科教文化服务;科研机构;科研机构,锦江区,104.121696,30.6157
四川师范大学-川师七教,edu,科教文化服务;科教文化场所;科教文化场所,锦江区,104.12014,30.613191
四川师范大学第一办公区,edu,科教文化服务;科教文化场所;科教文化场所,锦江区,104.120082,30.613702
四川师范大学狮子山校区-物理实验大楼,edu,科教文化服务;科教文化场所;科教文化场所,锦江区,104.11843,30.610717
康普思瑜伽舞蹈健身会所,edu,科教文化服务;培训机构;培训机构,锦江区,104.123334,30.613973
四川师范大学田家炳教育行政学院,edu,科教文化服务;学校;高等院校,锦江区,104.118672,30.611504
四川省高校两课师资专题培训和科研部,edu,科教文化服务;科研机构;科研机构,锦江区,104.12002,30.611234
四川师范大学化学与材料科学学院新材料联合研发中心,edu,科教文化服务;科研机构;科研机构,锦江区,104.118234,30.612568
四川师范大学外籍教师办公室,edu,科教文化服务;科教文化场所;科教文化场所,锦江区,104.120589,30.610801
四川师范大学第七教学楼C区,edu,科教文化服务;学校;高等院校,锦江区,104.120233,30.612818
爱瑞英语,edu,科教文化服务;培训机构;培训机构,锦江区,104.114362,30.61304
泊森艺考,edu,科教文化服务;培训机构;培训机构,锦江区,104.115976,30.613145
三加一教育(菱安路),edu,科教文化服务;培训机构;培训机构,锦江区,104.116144,30.613388
倍生英语教育,edu,科教文化服务;培训机构;培训机构,锦江区,104.114302,30.612406
启明之星教育,edu,科教文化服务;培训机构;培训机构,锦江区,104.114294,30.610646
四川师范大学培训中心,edu,科教文化服务;培训机构;培训机构,锦江区,104.122302,30.614573
四川师范大学家教中心,edu,科教文化服务;培训机构;培训机构,锦江区,104.120749,30.612529
四川师范大学研究生院(西南门),edu,科教文化服务;科教文化场所;科教文化场所,锦江区,104.123226,30.613558
敏行教育,edu,科教文化服务;培训机构;培训机构,锦江区,104.11425,30.611831
百思特音乐教室,edu,科教文化服务;培训机构;培训机构,锦江区,104.117792,30.60971
启航考研(菱窠路),edu,科教文化服务;培训机构;培训机构,锦江区,104.122601,30.613982
优胜教育培训学校,edu,科教文化服务;培训机构;培训机构,锦江区,104.12249,30.618977
四卓教育,edu,科教文化服务;培训机构;培训机构,锦江区,104.117575,30.618571
夏加儿美术教育,edu,科教文化服务;培训机构;培训机构,锦江区,104.113882,30.611874
黑白键艺术中心,edu,科教文化服务;培训机构;培训机构,锦江区,104.116368,30.613474
博思堂教育,edu,科教文化服务;培训机构;培训机构,锦江区,104.114345,30.613155
天府英才学校(川师北门校区),edu,科教文化服务;培训机构;培训机构,锦江区,104.119753,30.616116
四川师范大学狮子山校区4G体验店,edu,科教文化服务;科教文化场所;科教文化场所,锦江区,104.119615,30.61581
四川师范大学关系下一代工作委员会,edu,科教文化服务;科教文化场所;科教文化场所,锦江区,104.12002,30.611234
四川省高校干部培训中心,edu,科教文化服务;培训机构;培训机构,锦江区,104.120165,30.61113
成都善瑜伽导师培训基地,edu,科教文化服务;培训机构;培训机构,锦江区,104.123362,30.613943
四川省师范大学大学生义务家教学校,edu,科教文化服务;科教文化场所;科教文化场所,锦江区,104.118451,30.613104
中共四川师范大学离退休教职工委员会,edu,科教文化服务;科教文化场所;科教文化场所,锦江区,104.12002,30.611234
四川师范大学狮子山校区-四川师大附中东校区,edu,科教文化服务;学校;中学,锦江区,104.119679,30.615862
中共四川师范大学纪律检查委员会,edu,科教文化服务;科教文化场所;科教文化场所,锦江区,104.120128,30.613765
四川师范大学国际教育学院,edu,科教文化服务;培训机构;培训机构,锦江区,104.120547,30.610839
四川亚太高等教育培训中心,edu,科教文化服务;培训机构;培训机构,锦江区,104.1226,30.619153
优佳教育培训学校(劼人路),edu,科教文化服务;培训机构;培训机构,锦江区,104.12242,30.619048
四川师范大学中国教师杂志社西南工作室,edu,科教文化服务;传媒机构;杂志社,锦江区,104.121502,30.610942
弈通社区文化发展中心,edu,科教文化服务;科教文化场所;科教文化场所,锦江区,104.127548,30.612432
国槐路社区综合文化活动室,edu,科教文化服务;文化宫;文化宫,锦江区,104.127584,30.611855
成龙路街道综合文化活动中心,edu,科教文化服务;文化宫;文化宫,锦江区,104.127499,30.612631
成都旭利宏文化传播有限公司,edu,科教文化服务;科教文化场所;科教文化场所,锦江区,104.131944,30.614367
成都艺蜀之声文化艺术学校,edu,科教文化服务;培训机构;培训机构,锦江区,104.126134,30.615754
成都诚视品尚文化传媒有限公司,edu,科教文化服务;科教文化场所;科教文化场所,锦江区,104.131551,30.615174
成都市锦江实验学校,edu,科教文化服务;学校;中学,锦江区,104.131028,30.613371
新蒙特梭利幼儿园,edu,科教文化服务;学校;幼儿园,锦江区,104.132347,30.612697
优乐教育(步行街),edu,科教文化服务;培训机构;培训机构,锦江区,104.132567,30.613754
成都乐辰教育科技有限公司,edu,科教文化服务;科教文化场所;科教文化场所,锦江区,104.128777,30.61817
国槐路社区青少年教育中心,edu,科教文化服务;科教文化场所;科教文化场所,锦江区,104.127615,30.612238
蒙娜丽莎教育(步行街),edu,科教文化服务;培训机构;培训机构,锦江区,104.132356,30.613755
领行教育,edu,科教文化服务;培训机构;培训机构,锦江区,104.131913,30.613558
新生代教育,edu,科教文化服务;培训机构;培训机构,锦江区,104.123906,30.617327
思远教育,edu,科教文化服务;培训机构;培训机构,锦江区,104.126574,30.609647
艺梵托管,edu,科教文化服务;培训机构;培训机构,锦江区,104.128791,30.612578
少年派(蝶花街),edu,科教文化服务;培训机构;培训机构,锦江区,104.131568,30.613772
贝蓓教育,edu,科教文化服务;培训机构;培训机构,锦江区,104.132207,30.613722
阿诺琪国际少儿英语,edu,科教文化服务;培训机构;培训机构,锦江区,104.132262,30.613734
乐辰蒙氏亲子园,edu,科教文化服务;培训机构;培训机构,锦江区,104.128949,30.61792
成都市锦江区成龙街道早期教育指导中心,edu,科教文化服务;科教文化场所;科教文化场所,锦江区,104.132233,30.612642
卓越托管家教中心(步行街),edu,科教文化服务;培训机构;培训机构,锦江区,104.132678,30.613747
成都市幼儿园卫生保健培训(实训)示范基地,edu,科教文化服务;科教文化场所;科教文化场所,锦江区,104.132233,30.612642
成都蒲公英教育培训学校(大观祥苑西北),edu,科教文化服务;培训机构;培训机构,锦江区,104.126441,30.615506
圣心幼稚园,edu,科教文化服务;学校;幼儿园,锦江区,104.133518,30.610085
大观小学,edu,科教文化服务;学校;小学,锦江区,104.135532,30.618693
大观里幼儿园,edu,科教文化服务;学校;幼儿园,锦江区,104.134867,30.617981
许博士全脑教育学校,edu,科教文化服务;培训机构;培训机构,锦江区,104.13436,30.612036
许博士国际教育连锁机构(蓝谷地校区),edu,科教文化服务;学校;幼儿园,锦江区,104.134556,30.612118
成都市民道德讲堂,edu,科教文化服务;科教文化场所;科教文化场所,锦江区,104.135487,30.618746
澳斯特教育(绿地468分校),edu,科教文化服务;科研机构;科研机构,锦江区,104.137589,30.610203
东方爱婴,edu,科教文化服务;培训机构;培训机构,锦江区,104.138309,30.611272
丽灵舞蹈,edu,科教文化服务;培训机构;培训机构,锦江区,104.134094,30.619338
成都公交驾校小车培训,edu,科教文化服务;培训机构;培训机构,锦江区,104.133838,30.610742
东方爱婴468早教中心,edu,科教文化服务;培训机构;培训机构,锦江区,104.137925,30.61106
李氏教育,edu,科教文化服务;培训机构;培训机构,锦江区,104.137022,30.609805
我们班arthouse艺术教育,edu,科教文化服务;培训机构;培训机构,锦江区,104.140072,30.610047
卓越托管家教中心(大观里),edu,科教文化服务;培训机构;培训机构,锦江区,104.135139,30.619246
学生右脑潜能开发培训基地,edu,科教文化服务;培训机构;培训机构,锦江区,104.13448,30.611986
幼儿全脑潜能开发培训基地,edu,科教文化服务;培训机构;培训机构,锦江区,104.13448,30.611986
思乐图国际少儿艺术教育中心,edu,科教文化服务;培训机构;培训机构,锦江区,104.140003,30.610142
徐博士教育连锁机构国际幼儿教育基地,edu,科教文化服务;培训机构;培训机构,锦江区,104.134444,30.612038
志达学校文化培训中心,edu,科教文化服务;培训机构;培训机构,武侯区,103.966733,30.609233
爱玛西南地区销售培训服务中心,edu,科教文化服务;科教文化场所;科教文化场所,武侯区,103.973673,30.605246
成都市金花中学,edu,科教文化服务;学校;中学,武侯区,103.96677,30.606132
成都市武侯区光明实验学校,edu,科教文化服务;学校;中学,武侯区,103.971472,30.605717
百川教育(金航路),edu,科教文化服务;培训机构;培训机构,武侯区,103.966305,30.606142
情歌音乐艺术培训中心,edu,科教文化服务;培训机构;培训机构,武侯区,103.96551,30.606699
乐乐幼儿园,edu,科教文化服务;学校;幼儿园,武侯区,103.971523,30.60256
川越教育,edu,科教文化服务;培训机构;培训机构,武侯区,103.966396,30.608796
武侯区金凤社区教育中心,edu,科教文化服务;培训机构;培训机构,武侯区,103.966733,30.609233
成都市武侯区蜻蜓舞蹈培训中心,edu,科教文化服务;培训机构;培训机构,武侯区,103.966596,30.609056
维度百纳文化传播有限公司,edu,科教文化服务;科教文化场所;科教文化场所,武侯区,103.978943,30.601691
北京印水堂文化传播公司,edu,科教文化服务;科教文化场所;科教文化场所,武侯区,103.981275,30.605837
中国女鞋之都鞋文化博物馆,edu,科教文化服务;博物馆;博物馆,武侯区,103.980573,30.601282
成都致正道文化传播有限公司,edu,科教文化服务;科教文化场所;科教文化场所,武侯区,103.98304,30.605703
成都市金花实验学校(华康路),edu,科教文化服务;学校;中学,武侯区,103.97943,30.602555
成都四达实验学校,edu,科教文化服务;学校;中学,武侯区,103.982171,30.60606
鞋都展览展示中心,edu,科教文化服务;展览馆;展览馆,武侯区,103.978793,30.600471
成都育仁实验学校教学楼,edu,科教文化服务;学校;学校,武侯区,103.977565,30.606371
韵之声舞蹈音乐艺术,edu,科教文化服务;美术馆;美术馆,武侯区,103.982134,30.605927
玛利娅爱婴中心幼儿园,edu,科教文化服务;学校;幼儿园,武侯区,103.976997,30.607456
爱心幼儿园(智谷大道),edu,科教文化服务;学校;幼儿园,武侯区,103.981271,30.60674
玛丽亚中心幼儿园,edu,科教文化服务;学校;幼儿园,武侯区,103.976997,30.607456
贝特尔艺术学校(精品校区),edu,科教文化服务;学校;职业技术学校,武侯区,103.981126,30.605615
成都育仁实验学校,edu,科教文化服务;学校;小学,武侯区,103.977429,30.606437
少儿创意美术体验中心,edu,科教文化服务;科教文化场所;科教文化场所,武侯区,103.982134,30.605927
童画馆,edu,科教文化服务;科教文化场所;科教文化场所,武侯区,103.98304,30.605703
望子成龙学校(簇桥校区),edu,科教文化服务;培训机构;培训机构,武侯区,103.981938,30.605524
567go健身教练培训,edu,科教文化服务;培训机构;培训机构,武侯区,103.98357,30.606728
黑焰影视游戏设计工作室,edu,科教文化服务;科教文化场所;科教文化场所,武侯区,103.981674,30.605395
高远传媒,edu,科教文化服务;科教文化场所;科教文化场所,武侯区,103.981589,30.601353
3D斯坦福英语,edu,科教文化服务;培训机构;培训机构,武侯区,103.980982,30.605845
涵今画室,edu,科教文化服务;培训机构;培训机构,武侯区,103.981555,30.605419
百年未来教育,edu,科教文化服务;培训机构;培训机构,武侯区,103.981611,30.601082
三德名师点拨学校(佳兴校区),edu,科教文化服务;科教文化场所;科教文化场所,武侯区,103.980657,30.605872
成都米阳教育机构,edu,科教文化服务;培训机构;培训机构,武侯区,103.98304,30.605711
四川名茶艺术研究会茶艺术培训中心,edu,科教文化服务;培训机构;培训机构,武侯区,103.978341,30.601585
美韵教育,edu,科教文化服务;培训机构;培训机构,武侯区,103.983249,30.604615
成都优品文化传播有限公司,edu,科教文化服务;科教文化场所;科教文化场所,武侯区,103.980775,30.6022
静宁传媒,edu,科教文化服务;传媒机构;传媒机构,武侯区,103.987326,30.605362
簇桥小学校(簇锦南路),edu,科教文化服务;学校;小学,武侯区,103.993299,30.604607
佳家乐幼儿园(望锦横街),edu,科教文化服务;学校;幼儿园,武侯区,103.987825,30.603181
金太阳幼儿园(龙井西街),edu,科教文化服务;学校;幼儿园,武侯区,103.989161,30.60593
武侯区簇桥中心幼儿园,edu,科教文化服务;学校;幼儿园,武侯区,103.992487,30.604531
成都电大纵横报名点,edu,科教文化服务;学校;成人教育,武侯区,103.992294,30.604647
周广仁钢琴艺术中心(龙井北街),edu,科教文化服务;美术馆;美术馆,武侯区,103.992915,30.607916
俊旭教育,edu,科教文化服务;培训机构;培训机构,武侯区,103.988255,30.60457
黑马教育(簇桥校区),edu,科教文化服务;培训机构;培训机构,武侯区,103.992294,30.604647
锐思创广告传播,edu,科教文化服务;传媒机构;传媒机构,武侯区,103.989881,30.600206
成都市武侯区明日星美式幼儿学校,edu,科教文化服务;学校;幼儿园,武侯区,103.992817,30.608073
丹秋名师堂学校(簇桥校区),edu,科教文化服务;科教文化场所;科教文化场所,武侯区,103.984653,30.603723
成都贝特尔艺术学校(龙井北街),edu,科教文化服务;培训机构;培训机构,武侯区,103.992736,30.607862
玖零街舞工作室,edu,科教文化服务;培训机构;培训机构,武侯区,103.987695,30.608575
琴筝艺术(智达二路),edu,科教文化服务;培训机构;培训机构,武侯区,103.984014,30.608752
课外一堂中小学辅导,edu,科教文化服务;培训机构;培训机构,武侯区,103.984025,30.608636
零启点教育中心,edu,科教文化服务;培训机构;培训机构,武侯区,103.990628,30.606122
文大教育(簇桥校区),edu,科教文化服务;培训机构;培训机构,武侯区,103.990912,30.60472
景成教育,edu,科教文化服务;培训机构;培训机构,武侯区,103.984663,30.607557
成都仁立教育托管中心,edu,科教文化服务;培训机构;培训机构,武侯区,103.992474,30.604967
三味书屋辅导中心,edu,科教文化服务;培训机构;培训机构,武侯区,103.992474,30.604967
雯艺琴行艺术培训,edu,科教文化服务;培训机构;培训机构,武侯区,103.992117,30.604154
成都壹加贰教育托管中心,edu,科教文化服务;培训机构;培训机构,武侯区,103.992474,30.604967
俊旭名师堂,edu,科教文化服务;培训机构;培训机构,武侯区,103.990628,30.606122
新城社区青少年活动中心,edu,科教文化服务;文化宫;文化宫,武侯区,103.992915,30.607916
成都市锦江区戴氏高考中考培训学校簇桥总校,edu,科教文化服务;科教文化场所;科教文化场所,武侯区,103.985721,30.605131
成都市政工程(集团)公司城建培训中心实训基地,edu,科教文化服务;科教文化场所;科教文化场所,武侯区,103.988986,30.601106
西部信息工程电脑学校(簇桥下街),edu,科教文化服务;培训机构;培训机构,武侯区,103.988454,30.601709
成都市武侯区优优幼儿园,edu,科教文化服务;学校;幼儿园,武侯区,103.99049,30.602887
中央广播电视大学(簇桥科力学校报名点),edu,科教文化服务;培训机构;培训机构,武侯区,103.992014,30.604306
武侯区优培生艺术专业培训学校,edu,科教文化服务;培训机构;培训机构,武侯区,103.992474,30.604967
武侯区簇桥街道综合文化活动中心(簇桥后街),edu,科教文化服务;文化宫;文化宫,武侯区,103.994835,30.603341
思蒙幼儿园(簇锦南路),edu,科教文化服务;学校;幼儿园,武侯区,103.99405,30.602339
华兴阳光幼儿园,edu,科教文化服务;学校;幼儿园,武侯区,104.002607,30.604971
壹加贰教育托管中心,edu,科教文化服务;学校;幼儿园,武侯区,104.003252,30.601263
龙井幼儿园(木鱼庙街),edu,科教文化服务;学校;幼儿园,武侯区,103.997306,30.606307
乖娃娃幼儿园(新安大道),edu,科教文化服务;学校;幼儿园,武侯区,103.998901,30.5999
巴比诺幼稚园,edu,科教文化服务;学校;幼儿园,武侯区,104.001791,30.602846
红太阳艺术学校,edu,科教文化服务;培训机构;培训机构,武侯区,103.99551,30.607133
光亚零岁亲子教育中心,edu,科教文化服务;科教文化场所;科教文化场所,武侯区,103.998529,30.60668
好孩子幼儿园(五桂路),edu,科教文化服务;学校;幼儿园,武侯区,104.002533,30.607003
尚书坊教育(龙井南街),edu,科教文化服务;培训机构;培训机构,武侯区,103.996874,30.603266
尚书房教育,edu,科教文化服务;培训机构;培训机构,武侯区,103.996711,30.603229
志恒教育(簇桥后街),edu,科教文化服务;培训机构;培训机构,武侯区,103.994526,30.602051
四川省成都市武侯高级中学,edu,科教文化服务;学校;中学,武侯区,104.006491,30.605338
成都直升机博物馆,edu,科教文化服务;博物馆;博物馆,武侯区,104.012149,30.606457
戴氏名师中心,edu,科教文化服务;科教文化场所;科教文化场所,武侯区,104.006166,30.605239
狄邦教育,edu,科教文化服务;培训机构;培训机构,武侯区,104.006121,30.605145
重庆鲁轩美术培训学校(成都分校),edu,科教文化服务;培训机构;培训机构,武侯区,104.004631,30.605762
四川省航空运动学校,edu,科教文化服务;学校;职业技术学校,武侯区,104.022868,30.603742
棒垒曲训练基地,edu,科教文化服务;培训机构;培训机构,武侯区,104.022807,30.603803
成都翌宸文化传播有限公司,edu,科教文化服务;科教文化场所;科教文化场所,武侯区,104.033031,30.600795
四川省体育运动学校,edu,科教文化服务;学校;职业技术学校,武侯区,104.026436,30.604489
四川省运动技术学院重竞技系,edu,科教文化服务;学校;高等院校,武侯区,104.027955,30.604075
四川省运动技术学院(南区),edu,科教文化服务;学校;高等院校,武侯区,104.026044,30.602983
四川省运动技术学院B区,edu,科教文化服务;科教文化场所;科教文化场所,武侯区,104.025995,30.603974
成都高新区庆安小学,edu,科教文化服务;学校;小学,武侯区,104.029164,30.606495
四川省运动技术学院太平寺校区,edu,科教文化服务;学校;高等院校,武侯区,104.025785,30.603186
绿舟庆安幼儿园,edu,科教文化服务;学校;幼儿园,武侯区,104.029212,30.60559
成都体校,edu,科教文化服务;学校;职业技术学校,武侯区,104.026009,30.603681
四川省运动技术学院(北区),edu,科教文化服务;学校;高等院校,武侯区,104.025787,30.604494
大象传媒,edu,科教文化服务;科教文化场所;科教文化场所,武侯区,104.031163,30.599852
成都南桥艺术工作室,edu,科教文化服务;培训机构;培训机构,武侯区,104.027884,30.606647
雨露培训学校,edu,科教文化服务;培训机构;培训机构,武侯区,104.024537,30.6067
四川省运动技术学院教育中心,edu,科教文化服务;科教文化场所;科教文化场所,武侯区,104.026439,30.604491
QSI美国学校中国幼儿园,edu,科教文化服务;学校;幼儿园,武侯区,104.033479,30.60016
四川省运动技术学院举摔柔运动管理中心,edu,科教文化服务;科教文化场所;科教文化场所,武侯区,104.027955,30.604075
三和老爷车博物馆,edu,科教文化服务;博物馆;博物馆,武侯区,104.038246,30.600005
成都高新区新光小学,edu,科教文化服务;学校;小学,武侯区,104.037258,30.607141
成都高新实验中学(新北校区),edu,科教文化服务;学校;中学,武侯区,104.036214,30.606415
成都美国学校,edu,科教文化服务;学校;学校|科教文化服务;培训机构;培训机构,武侯区,104.034426,30.600675
快乐琴音艺术中心,edu,科教文化服务;美术馆;美术馆,武侯区,104.037063,30.607706
四川省明仿化工研究所(美洲北路),edu,科教文化服务;科研机构;科研机构,武侯区,104.036725,30.602874
天欣驾校(南门分校),edu,科教文化服务;科教文化场所;科教文化场所,武侯区,104.03706,30.606375
成都三和远景汽车工程职业学校,edu,科教文化服务;学校;职业技术学校,武侯区,104.040241,30.600122
新光社区家庭教育指导中心,edu,科教文化服务;科教文化场所;科教文化场所,武侯区,104.034677,30.608099
石羊街道新光社区青少年活动中心,edu,科教文化服务;文化宫;文化宫,武侯区,104.034677,30.608099
创美画廊,edu,科教文化服务;科教文化场所;科教文化场所,武侯区,104.035799,30.608359
京文教育,edu,科教文化服务;培训机构;培训机构,武侯区,104.038396,30.605966
戴氏教育(新乐路),edu,科教文化服务;培训机构;培训机构,武侯区,104.038681,30.60722
睿德盟教育,edu,科教文化服务;培训机构;培训机构,武侯区,104.035056,30.6076
佳艺艺术中心,edu,科教文化服务;培训机构;培训机构,武侯区,104.036549,30.608065
睿德盟教育,edu,科教文化服务;培训机构;培训机构,武侯区,104.034833,30.607722
学道教育,edu,科教文化服务;培训机构;培训机构,武侯区,104.035212,30.607449
博睿教育(新乐南街),edu,科教文化服务;培训机构;培训机构,武侯区,104.038378,30.605816
魔方音乐工作室(美洲学院),edu,科教文化服务;培训机构;培训机构,武侯区,104.034934,30.601464
成都高新区绿舟新光幼儿园,edu,科教文化服务;学校;幼儿园,武侯区,104.036332,30.607716
成都北冥鱼文化传播有限公司,edu,科教文化服务;科教文化场所;科教文化场所,武侯区,104.052441,30.605644
芳草小学南区,edu,科教文化服务;学校;小学,武侯区,104.052959,30.60318
东床驼峰展馆,edu,科教文化服务;科教文化场所;科教文化场所,武侯区,104.045052,30.604394
四川莱恩文化传播有限公司,edu,科教文化服务;科教文化场所;科教文化场所,武侯区,104.060041,30.605774
成都智合文化传播有限公司,edu,科教文化服务;科教文化场所;科教文化场所,武侯区,104.059558,30.606435
成都华翼文化传播有限公司,edu,科教文化服务;科教文化场所;科教文化场所,武侯区,104.056808,30.601888
成都金蚕文化传播有限公司,edu,科教文化服务;科教文化场所;科教文化场所,武侯区,104.06013,30.606869
成都饶美文化传播有限公司,edu,科教文化服务;科教文化场所;科教文化场所,武侯区,104.056788,30.60177
成都壹零壹文化传播有限公司,edu,科教文化服务;科教文化场所;科教文化场所,武侯区,104.057087,30.601902
格颜美育文化传播有限公司,edu,科教文化服务;传媒机构;传媒机构,武侯区,104.057314,30.606941
成都汇博明泰文化传播有限公司,edu,科教文化服务;科教文化场所;科教文化场所,武侯区,104.06032,30.605567
成都蓉创文化传播有限责任公司,edu,科教文化服务;科教文化场所;科教文化场所,武侯区,104.057827,30.60482
四川艺娅文化传播有限公司,edu,科教文化服务;科教文化场所;科教文化场所,武侯区,104.061654,30.605942
成都M酒店-会议厅,edu,科教文化服务;会展中心;会展中心,武侯区,104.056968,30.601524
康普雷斯国际酒店-会议厅,edu,科教文化服务;会展中心;会展中心,武侯区,104.059433,30.606159
美视艺术,edu,科教文化服务;美术馆;美术馆,武侯区,104.062117,30.604022
AF国际美业(武侯区店),edu,科教文化服务;科教文化场所;科教文化场所,武侯区,104.061513,30.605647
成都市交通规划勘察设计院,edu,科教文化服务;科研机构;科研机构,武侯区,104.063239,30.606519
驾考小黑本,edu,科教文化服务;科教文化场所;科教文化场所,武侯区,104.056751,30.602387
翰音艺术,edu,科教文化服务;培训机构;培训机构|购物服务;专卖店;专营店,武侯区,104.053743,30.605935
交通规划勘探设计院,edu,科教文化服务;科研机构;科研机构,武侯区,104.061516,30.605648
天娇艺术(南延线店),edu,科教文化服务;科教文化场所;科教文化场所,武侯区,104.058389,30.60612
新爱婴国际早教,edu,科教文化服务;科教文化场所;科教文化场所,武侯区,104.054084,30.60602
眼睛S睿司传媒,edu,科教文化服务;科教文化场所;科教文化场所,武侯区,104.055937,30.608393
巴黎域尚,edu,科教文化服务;科教文化场所;科教文化场所,武侯区,104.061405,30.60592
普罗旺斯画廊(富森美家居益州大道北段),edu,科教文化服务;科教文化场所;科教文化场所,武侯区,104.056717,30.6072
博雅天下传播机构,edu,科教文化服务;科教文化场所;科教文化场所,武侯区,104.060441,30.606008
成都高格传媒有限公司,edu,科教文化服务;科教文化场所;科教文化场所,武侯区,104.060441,30.606008
品尚教育,edu,科教文化服务;培训机构;培训机构,武侯区,104.056808,30.601888
美吉姆(天府路店),edu,科教文化服务;培训机构;培训机构,武侯区,104.063492,30.603907
成都高新区篮协篮球培训,edu,科教文化服务;培训机构;培训机构,武侯区,104.061327,30.601177
金宝贝国际早教中心(苏宁广场店),edu,科教文化服务;培训机构;培训机构,武侯区,104.063492,30.603907
意美世家软装艺术中心,edu,科教文化服务;美术馆;美术馆,武侯区,104.062117,30.604022
香积世间文化传播有限公司,edu,科教文化服务;科教文化场所;科教文化场所,武侯区,104.057295,30.601817
海之星文化传播有限公司,edu,科教文化服务;科教文化场所;科教文化场所,武侯区,104.068836,30.601257
高新区灵灵文化交流中心,edu,科教文化服务;科教文化场所;科教文化场所,武侯区,104.066578,30.60522
成都巅峰视界文化传播有限公司,edu,科教文化服务;科教文化场所;科教文化场所,武侯区,104.066848,30.605529
桂溪街道和平社区青少年活动中心,edu,科教文化服务;文化宫;文化宫,武侯区,104.070252,30.605985
成都高新和平学校,edu,科教文化服务;学校;中学,武侯区,104.072736,30.605204
成都高新和平学校(西门),edu,通行设施;临街院门;临街院正门|科教文化服务;科教文化场所;科教文化场所,武侯区,104.071842,30.605222
艺家城市酒店-会议厅,edu,科教文化服务;会展中心;会展中心,武侯区,104.067338,30.607598
成都市档案馆(天仁路),edu,科教文化服务;档案馆;档案馆,武侯区,104.069035,30.604627
新档案馆,edu,科教文化服务;档案馆;档案馆,武侯区,104.069149,30.604641
和平社区幼儿园,edu,科教文化服务;学校;幼儿园,武侯区,104.06984,30.60201
成都市国家综合档案馆,edu,科教文化服务;档案馆;档案馆,武侯区,104.069132,30.605088
知白艺术中心,edu,科教文化服务;美术馆;美术馆,武侯区,104.065856,30.605455
欣怡幼儿园,edu,科教文化服务;学校;幼儿园,武侯区,104.069873,30.606554
绿舟和平幼儿园,edu,科教文化服务;学校;幼儿园,武侯区,104.072946,30.603017
童梦摇亲子园,edu,科教文化服务;学校;幼儿园,武侯区,104.071068,30.601626
中清科华生物科技研究院,edu,科教文化服务;科研机构;科研机构,武侯区,104.070031,30.604521
艺家国际画廊,edu,科教文化服务;科教文化场所;科教文化场所,武侯区,104.067418,30.607228
成都慧心职业技能培训学校,edu,科教文化服务;学校;职业技术学校,武侯区,104.066676,30.604264
王云舞蹈训练中心,edu,科教文化服务;科教文化场所;科教文化场所,武侯区,104.070712,30.604465
成都高新区桂溪老年大学,edu,科教文化服务;学校;成人教育,武侯区,104.069853,30.605584
四川省再生医学工程技术研究中心,edu,科教文化服务;科研机构;科研机构,武侯区,104.070025,30.604515
蒲公英家园,edu,科教文化服务;科教文化场所;科教文化场所,武侯区,104.070206,30.605859
廿六钢琴工作室,edu,科教文化服务;培训机构;培训机构,武侯区,104.0704,30.600886
爱乐国际乐享教育,edu,科教文化服务;培训机构;培训机构,武侯区,104.066334,30.605612
爱之星美术园地,edu,科教文化服务;科教文化场所;科教文化场所,武侯区,104.065731,30.605299
韦伯双语机器人教育,edu,科教文化服务;培训机构;培训机构,武侯区,104.067241,30.605533
芝麻街英语,edu,科教文化服务;培训机构;培训机构,武侯区,104.065897,30.605408
搜秀舞蹈俱乐部,edu,科教文化服务;培训机构;培训机构,武侯区,104.071221,30.601285
夏加儿美术教育(天仁路),edu,科教文化服务;培训机构;培训机构,武侯区,104.072477,30.604329
成都高新区图书馆桂溪分馆,edu,科教文化服务;图书馆;图书馆,武侯区,104.070126,30.606098
韦博国际英语(新希望中心),edu,科教文化服务;培训机构;培训机构,武侯区,104.063742,30.603842
成都高新儿童之家,edu,科教文化服务;培训机构;培训机构,武侯区,104.070135,30.606031
优优数学(苏宁校区),edu,科教文化服务;培训机构;培训机构,武侯区,104.063747,30.603927
成都市民道德讲堂,edu,科教文化服务;培训机构;培训机构,武侯区,104.06981,30.605546
伟司顿小博士(南门分校),edu,科教文化服务;培训机构;培训机构,武侯区,104.063955,30.603808
瑞思学科英语(苏宁校区),edu,科教文化服务;培训机构;培训机构,武侯区,104.063831,30.604426
金色航程儿童教育,edu,科教文化服务;培训机构;培训机构,武侯区,104.064075,30.604161
雅马哈音乐中心(南门中心),edu,科教文化服务;培训机构;培训机构,武侯区,104.067471,30.60509
英孚教育成人英语(凯德天府中心),edu,科教文化服务;培训机构;培训机构,武侯区,104.066856,30.60549
韦伯双语机器人教育-凯德天府中心,edu,科教文化服务;培训机构;培训机构,武侯区,104.067474,30.605128
雅马哈音乐中心(天府大道北段),edu,科教文化服务;培训机构;培训机构,武侯区,104.066355,30.605613
EF英孚教育英语培训中心(凯德天府中心店),edu,科教文化服务;培训机构;培训机构,武侯区,104.066337,30.605616
英孚语言培训(成都)有限公司,edu,科教文化服务;科教文化场所;科教文化场所,武侯区,104.066848,30.605529
金色雨林,edu,科教文化服务;培训机构;培训机构,武侯区,104.066848,30.605529
ZERO艺术空间,edu,科教文化服务;科教文化场所;科教文化场所,武侯区,104.066848,30.605529
番茄苗美术中心,edu,科教文化服务;美术馆;美术馆,武侯区,104.066848,30.605529
成都意格文化传播有限公司,edu,科教文化服务;科教文化场所;科教文化场所,武侯区,104.076621,30.607477
百若萌文化传播有限公司,edu,科教文化服务;科教文化场所;科教文化场所,武侯区,104.075412,30.605384
成都星源影视文化传播有限公司,edu,科教文化服务;科教文化场所;科教文化场所,武侯区,104.07878,30.60759
成都三乐学校,edu,科教文化服务;培训机构;培训机构,武侯区,104.074383,30.605708
成都七中初中附属小学,edu,科教文化服务;学校;小学,武侯区,104.08128,30.60597
加州阳光东苑幼儿园,edu,科教文化服务;学校;幼儿园,武侯区,104.081079,30.606509
我们的艺术,edu,科教文化服务;培训机构;培训机构|科教文化服务;美术馆;美术馆,武侯区,104.079395,30.607889
城市学校少年宫,edu,科教文化服务;文化宫;文化宫,武侯区,104.080614,30.606381
三瓦窑社区幼儿园,edu,科教文化服务;学校;幼儿园,武侯区,104.0808,30.607955
鼎乐艺体培训中心,edu,科教文化服务;培训机构;培训机构,武侯区,104.079516,30.608444
蓉乐教育(三瓦窑街),edu,科教文化服务;培训机构;培训机构,武侯区,104.079167,30.608421
金泡桐学校,edu,科教文化服务;培训机构;培训机构,武侯区,104.079395,30.607889
心悦至诚辅导中心,edu,科教文化服务;培训机构;培训机构,武侯区,104.078596,30.608281
声声乐耳,edu,科教文化服务;培训机构;培训机构,武侯区,104.075748,30.602977
麦麦教育,edu,科教文化服务;培训机构;培训机构,武侯区,104.076806,30.60402
成都星光时代文化传播有限公司,edu,科教文化服务;科教文化场所;科教文化场所,锦江区,104.086942,30.600077
成都目之视觉文化传播有限公司,edu,科教文化服务;科教文化场所;科教文化场所,武侯区,104.083626,30.606836
心可儿幼稚园,edu,科教文化服务;学校;幼儿园,锦江区,104.08647,30.605088
心可心幼儿园,edu,科教文化服务;学校;幼儿园,锦江区,104.086149,30.604621
丹秋·中高考中心,edu,科教文化服务;科教文化场所;科教文化场所,锦江区,104.089759,30.605357
成都贝乐幼儿园,edu,科教文化服务;学校;幼儿园,锦江区,104.08684,30.607425
四川鑫成传媒有限公司,edu,科教文化服务;传媒机构;传媒机构,锦江区,104.084068,30.601204
川音大地,edu,科教文化服务;培训机构;培训机构,锦江区,104.086717,30.606891
上海创艺画廊,edu,科教文化服务;培训机构;培训机构,锦江区,104.088855,30.605667
四川省民生艺术团,edu,科教文化服务;文艺团体;文艺团体,锦江区,104.086485,30.604303
丹秋教育,edu,科教文化服务;培训机构;培训机构,锦江区,104.089088,30.605313
成都锦江区大爱武术文化中心,edu,科教文化服务;科教文化场所;科教文化场所,锦江区,104.102737,30.607329
成都晟意天光文化传播有限公司,edu,科教文化服务;科教文化场所;科教文化场所,锦江区,104.093946,30.603565
成都市社会科学院,edu,科教文化服务;学校;高等院校,锦江区,104.098777,30.608512
盐道街小学(得胜分校),edu,科教文化服务;学校;小学,锦江区,104.09923,30.603177
新海小学,edu,科教文化服务;学校;小学,锦江区,104.103121,30.602369
东方阳光幼稚园,edu,科教文化服务;学校;幼儿园,锦江区,104.09819,30.604254
戴氏教育(经天西路),edu,科教文化服务;培训机构;培训机构,锦江区,104.100533,30.603789
星海幼儿园,edu,科教文化服务;学校;幼儿园,锦江区,104.102485,30.602434
成都爱贝幼儿园,edu,科教文化服务;学校;幼儿园,锦江区,104.097698,30.599618
星韵艺术,edu,科教文化服务;美术馆;美术馆,锦江区,104.100641,30.603425
成龙路街道老年学校,edu,科教文化服务;学校;成人教育,锦江区,104.102111,30.603113
成都广播电视台五〇四台,edu,科教文化服务;传媒机构;电视台,锦江区,104.098925,30.600889
成都广播电视台,edu,科教文化服务;传媒机构;电视台,锦江区,104.098146,30.600824
皇经社区中心幼儿园,edu,科教文化服务;学校;幼儿园,锦江区,104.102758,30.605799
金苹果爱弥儿幼稚园(晨辉东路),edu,科教文化服务;学校;幼儿园,锦江区,104.103076,30.609363
皇经社区法治大讲堂,edu,科教文化服务;科教文化场所;科教文化场所,锦江区,104.102111,30.603113
老农科院,edu,科教文化服务;科教文化场所;科教文化场所,锦江区,104.097799,30.608973
蒲公英教育培训学校,edu,科教文化服务;培训机构;培训机构,锦江区,104.094778,30.608867
北京佳韵作文西南师训基地,edu,科教文化服务;科教文化场所;科教文化场所,锦江区,104.094712,30.608894
非凡星海教育培训学校,edu,科教文化服务;培训机构;培训机构,锦江区,104.100784,30.602526
彩虹-辛巴星培训机构,edu,科教文化服务;培训机构;培训机构,锦江区,104.10287,30.603588
成都合纵艺术工作室,edu,科教文化服务;培训机构;培训机构,锦江区,104.100016,30.608681
思学教育(晨辉北路),edu,科教文化服务;培训机构;培训机构,锦江区,104.100047,30.608682
成都市社会科学院-中国西部杂志社,edu,科教文化服务;传媒机构;杂志社,锦江区,104.099253,30.608513
四川金蝶艺术中心(琉璃校区),edu,科教文化服务;培训机构;培训机构,锦江区,104.09699,30.602571
成都市民道德讲堂,edu,科教文化服务;培训机构;培训机构,锦江区,104.098872,30.60318
广陵琴行,edu,科教文化服务;培训机构;培训机构,锦江区,104.097939,30.603924
成都市蒲公英教育培训学校总校,edu,科教文化服务;培训机构;培训机构,锦江区,104.094766,30.608857
成都市锦江区华德福幼儿园,edu,科教文化服务;学校;幼儿园,锦江区,104.107824,30.603728
东蜀华德福小学,edu,科教文化服务;学校;小学,锦江区,104.107824,30.603728
麻柳湾幼儿园(经天东路),edu,科教文化服务;学校;幼儿园,锦江区,104.106958,30.601905
锦江区四方幼稚园,edu,科教文化服务;学校;幼儿园,锦江区,104.104286,30.605832
成都市锦江区华德福学校,edu,科教文化服务;学校;学校,锦江区,104.107824,30.603728
成都华大医药卫生学校,edu,科教文化服务;学校;职业技术学校,锦江区,104.107791,30.602062
皇经楼村卫校,edu,科教文化服务;学校;职业技术学校,锦江区,104.107727,30.601886
新教育实验学校,edu,科教文化服务;科教文化场所;科教文化场所,锦江区,104.107593,30.604205
八火非洲鼓工作室,edu,科教文化服务;培训机构;培训机构,锦江区,104.104542,30.603018
晨辉社区少年儿童成长中心,edu,科教文化服务;科教文化场所;科教文化场所|生活服务;生活服务场所;生活服务场所,锦江区,104.10351,30.608716
清风围棋舍,edu,科教文化服务;培训机构;培训机构,锦江区,104.103545,30.604169
东国教育,edu,科教文化服务;培训机构;培训机构,锦江区,104.107156,30.601925
乐学专业英语培训,edu,科教文化服务;培训机构;培训机构,锦江区,104.104371,30.602959
金苹果蓝谷地幼稚园,edu,科教文化服务;学校;幼儿园,锦江区,104.123398,30.605698
四川师范大学法学院,edu,科教文化服务;学校;高等院校,锦江区,104.115806,30.608993
云尚舞-舞蹈团,edu,科教文化服务;科教文化场所;科教文化场所,锦江区,104.115194,30.608917
成都市锦江区职工学校,edu,科教文化服务;学校;职业技术学校,锦江区,104.114641,30.600556
成都市锦江区青少年宫(南三环路二段辅路),edu,科教文化服务;文化宫;文化宫,锦江区,104.116504,30.59993
唯舞舞蹈工作室,edu,科教文化服务;培训机构;培训机构,锦江区,104.116432,30.609028
四川师范大学-极舞街舞工作室,edu,科教文化服务;培训机构;培训机构,锦江区,104.116497,30.609028
爱尚易播文化传播有限公司,edu,科教文化服务;科教文化场所;科教文化场所,锦江区,104.124342,30.605717
成都三中,edu,科教文化服务;学校;中学,锦江区,104.126146,30.606152
盐道街小学卓锦分校,edu,科教文化服务;学校;小学,锦江区,104.133132,30.601926
贝佳乐幼儿园(水杉街),edu,科教文化服务;学校;幼儿园,锦江区,104.129664,30.609076
成都市锦江区伊顿幼儿园,edu,科教文化服务;学校;幼儿园,锦江区,104.129219,30.600959
成都三中-1747艺术中心,edu,科教文化服务;美术馆;美术馆,锦江区,104.125233,30.606325
如果艺术中心(卓锦校区),edu,科教文化服务;美术馆;美术馆,锦江区,104.127811,30.602626
戴氏教育(合欢树街),edu,科教文化服务;学校;学校,锦江区,104.124435,30.606664
盐道街小学卓锦分校(西门),edu,科教文化服务;学校;小学,锦江区,104.131423,30.602393
四川省艺术教育特色学校,edu,科教文化服务;科教文化场所;科教文化场所,锦江区,104.125424,30.606505
莫扎特钢琴学堂,edu,科教文化服务;培训机构;培训机构,锦江区,104.128737,30.602102
新隆基教育(合欢树街),edu,科教文化服务;培训机构;培训机构,锦江区,104.124435,30.606664
学博教育(合欢树街),edu,科教文化服务;培训机构;培训机构,锦江区,104.124435,30.606664
肖邦钢琴学校(合欢树街),edu,科教文化服务;培训机构;培训机构,锦江区,104.124435,30.606664
翰文教育培训学校,edu,科教文化服务;培训机构;培训机构|公司企业;公司;公司,锦江区,104.124435,30.606664
弘儒学堂(水杉街),edu,科教文化服务;培训机构;培训机构,锦江区,104.124636,30.606394
李氏教育(蓝谷地分校),edu,科教文化服务;培训机构;培训机构,锦江区,104.124452,30.606578
乐创书院,edu,科教文化服务;培训机构;培训机构,锦江区,104.12445,30.606592
蓉博尔早教中心,edu,科教文化服务;培训机构;培训机构,锦江区,104.124581,30.606447
小牛顿科学馆,edu,科教文化服务;培训机构;培训机构,锦江区,104.124379,30.606472
湘江琴行艺术培训中心,edu,科教文化服务;培训机构;培训机构,锦江区,104.124584,30.606758
史瑞可教育(水杉街),edu,科教文化服务;培训机构;培训机构,锦江区,104.124618,30.606388
玛尔比恩早教中心,edu,科教文化服务;培训机构;培训机构,锦江区,104.124432,30.606739
星萌琴行,edu,科教文化服务;培训机构;培训机构,锦江区,104.124417,30.606959
星萌艺术培训学校,edu,科教文化服务;培训机构;培训机构,锦江区,104.124435,30.606664
思特立教育,edu,科教文化服务;培训机构;培训机构,锦江区,104.124435,30.606664
亚成驾校第三分校报名点(合欢树街),edu,科教文化服务;培训机构;培训机构|生活服务;生活服务场所;生活服务场所,锦江区,104.133268,30.609364
融解教育培训学校(蓝谷地校区),edu,科教文化服务;培训机构;培训机构,锦江区,104.125077,30.606539
新隆基教育(蓝谷地校区),edu,科教文化服务;培训机构;培训机构,锦江区,104.125243,30.606812
昂立国际教育(蓝谷地院区),edu,科教文化服务;培训机构;培训机构,锦江区,104.123648,30.606948
成都市携成职业技能培训学校,edu,科教文化服务;培训机构;培训机构,锦江区,104.131993,30.60796
金苗艺术培训学校(合欢树街),edu,科教文化服务;培训机构;培训机构,锦江区,104.124435,30.606664
聪明树国际早教中心(合欢树街),edu,科教文化服务;培训机构;培训机构,锦江区,104.124435,30.606664
四川省有线广播电视网络股份有限公司成都分公司(玉兰街),edu,科教文化服务;传媒机构;传媒机构,锦江区,104.126131,30.609314
乐伊公学社区儿童成长中心(卓锦城校区),edu,科教文化服务;培训机构;培训机构,锦江区,104.130858,30.600795
护航培训学校,edu,科教文化服务;培训机构;培训机构,锦江区,104.123993,30.606999
橙语文化馆,edu,科教文化服务;文化宫;文化宫,锦江区,104.124432,30.606739
盛喜文化传播有限公司,edu,科教文化服务;科教文化场所;科教文化场所,锦江区,104.140124,30.601239
灵沐风云体育文化传播有限公司,edu,科教文化服务;科教文化场所;科教文化场所,锦江区,104.133545,30.604789
成都树德中学外国语校区,edu,科教文化服务;学校;中学,锦江区,104.138519,30.607723
成都树德中学外国语校区教学楼,edu,科教文化服务;学校;中学,锦江区,104.137762,30.607681
锦江外国语小学,edu,科教文化服务;学校;小学,锦江区,104.140485,30.608531
爱童艺术中心,edu,科教文化服务;美术馆;美术馆,锦江区,104.138092,30.601383
佳声录音棚,edu,科教文化服务;科教文化场所;科教文化场所,锦江区,104.139624,30.599783
成都市第一幼儿园卓锦园区,edu,科教文化服务;科教文化场所;科教文化场所,锦江区,104.13603,30.602738
泰勒斯教育,edu,科教文化服务;培训机构;培训机构,锦江区,104.142913,30.606713
星萌艺校,edu,科教文化服务;培训机构;培训机构,锦江区,104.139179,30.608744
戴氏教育(月季街),edu,科教文化服务;培训机构;培训机构,锦江区,104.139181,30.608744
哆啦国际少儿英语(468分校),edu,科教文化服务;培训机构;培训机构,锦江区,104.138668,30.609009
海伦钢琴综艺教育(绿地468分校),edu,科教文化服务;培训机构;培训机构,锦江区,104.139071,30.608801
成都市启明学校,edu,科教文化服务;学校;中学,武侯区,103.971991,30.595051
马家河小学,edu,科教文化服务;学校;小学,武侯区,103.967551,30.593131
马家河幼儿园,edu,科教文化服务;学校;幼儿园,武侯区,103.966453,30.593089
小太阳成长幼儿园,edu,科教文化服务;学校;幼儿园,武侯区,103.971257,30.593138
美丽点早教中心,edu,科教文化服务;学校;幼儿园,武侯区,103.967115,30.593928
启明翔越电脑培训,edu,科教文化服务;培训机构;培训机构,武侯区,103.973159,30.592207
启明教育,edu,科教文化服务;培训机构;培训机构,武侯区,103.968116,30.594613
育才教育(美丽点会所小区东),edu,科教文化服务;培训机构;培训机构,武侯区,103.967968,30.593544
马家祠幼儿园,edu,科教文化服务;学校;幼儿园,武侯区,103.966786,30.593283
成都亮眼睛教育培训中心,edu,科教文化服务;培训机构;培训机构,武侯区,103.967668,30.594361
新苗小学,edu,科教文化服务;学校;小学,武侯区,103.982616,30.596263
成都市育华学校,edu,科教文化服务;学校;学校,武侯区,103.98342,30.598562
成都市武侯区金虹桥幼儿园,edu,科教文化服务;学校;幼儿园,武侯区,103.97404,30.592804
成都市新苗幼儿园(小学路),edu,科教文化服务;学校;幼儿园,武侯区,103.982808,30.596102
成都市武侯区星宇幼儿园,edu,科教文化服务;学校;幼儿园,武侯区,103.976586,30.589701
精点教育(簇马路二段),edu,科教文化服务;培训机构;培训机构,武侯区,103.974115,30.592004
艺晨教育,edu,科教文化服务;培训机构;培训机构,武侯区,103.984769,30.597552
成都市武侯实验中学,edu,科教文化服务;学校;中学,武侯区,103.992578,30.597633
新苗新居幼儿园,edu,科教文化服务;学校;幼儿园,武侯区,103.986323,30.596319
火速科技(成都)生物研究所,edu,科教文化服务;科研机构;科研机构,武侯区,103.987087,30.598844
武侯实验中学附属小学,edu,科教文化服务;学校;小学,武侯区,103.986364,30.59747
尚好教育(簇马路一段),edu,科教文化服务;培训机构;培训机构,武侯区,103.985153,30.599212
丹秋名师堂学校,edu,科教文化服务;科教文化场所;科教文化场所,武侯区,103.991324,30.598615
戴氏名师中心,edu,科教文化服务;科教文化场所;科教文化场所,武侯区,103.991252,30.598601
新苗阳光幼儿园,edu,科教文化服务;学校;幼儿园,武侯区,103.986499,30.599276
名鼎教育,edu,科教文化服务;培训机构;培训机构,武侯区,103.985215,30.597181
慧特教育,edu,科教文化服务;培训机构;培训机构,武侯区,103.988927,30.596965
学而优教育(簇桥校区),edu,科教文化服务;培训机构;培训机构,武侯区,103.991393,30.598679
训犬中心,edu,科教文化服务;科教文化场所;科教文化场所,武侯区,103.992984,30.593177
成都市华沃生物科技研究院,edu,科教文化服务;科研机构;科研机构,武侯区,103.987147,30.598809
成都市武侯区优优幼儿园文昌分园,edu,科教文化服务;学校;幼儿园,武侯区,103.997562,30.596903
中共沈家桥村党校,edu,科教文化服务;学校;学校,武侯区,104.003517,30.597925
汽车维修省振中驾校,edu,科教文化服务;科教文化场所;科教文化场所,武侯区,103.999771,30.590092
太平寺西区小学,edu,科教文化服务;学校;小学,武侯区,104.003785,30.598803
天艺美术馆·一号馆,edu,科教文化服务;美术馆;美术馆,武侯区,104.004957,30.59141
童之梦亲子园,edu,科教文化服务;学校;幼儿园,武侯区,104.007298,30.591088
天国教育馆,edu,科教文化服务;科教文化场所;科教文化场所,武侯区,104.004956,30.59019
成都市太平寺西区小学-德馨楼,edu,科教文化服务;学校;小学,武侯区,104.003785,30.598803
成都浓园国际艺术村B区,edu,科教文化服务;科教文化场所;科教文化场所,武侯区,104.004155,30.590394
中国美术家协会巴蜀创作中心,edu,科教文化服务;科教文化场所;科教文化场所,武侯区,104.004249,30.59036
三好教育,edu,科教文化服务;培训机构;培训机构,武侯区,104.017179,30.590107
四川文化产业职业学院南校区,edu,科教文化服务;学校;高等院校,武侯区,104.027155,30.593225
大地金玉艺术培训学校,edu,科教文化服务;培训机构;培训机构,武侯区,104.027141,30.593186
心悦幼儿园,edu,科教文化服务;学校;幼儿园,武侯区,104.024824,30.593635
成都华艺外国语学校,edu,科教文化服务;学校;中学,武侯区,104.024759,30.598708
四川省青少年艺术团,edu,科教文化服务;文艺团体;文艺团体,武侯区,104.027162,30.593229
天赋神韵艺术中心,edu,科教文化服务;美术馆;美术馆,武侯区,104.030655,30.59665
四川艺术职业学院南校区,edu,科教文化服务;学校;高等院校|科教文化服务;学校;职业技术学校,武侯区,104.026808,30.593302
成都市财政贸易学校,edu,科教文化服务;学校;职业技术学校,武侯区,104.037667,30.590295
成都市工业职业技术学校财贸校区,edu,科教文化服务;学校;职业技术学校,武侯区,104.038356,30.589719
成都市财经商贸专业职业教育集团,edu,科教文化服务;学校;职业技术学校,武侯区,104.037801,30.589807
中国工程院院士达威工作站,edu,科教文化服务;科教文化场所;科教文化场所,武侯区,104.033912,30.594678
制革清洁技术国家工程实验室达威研究所,edu,科教文化服务;科研机构;科研机构,武侯区,104.033802,30.594614
四川科锐得文化传播有限公司,edu,科教文化服务;科教文化场所;科教文化场所,武侯区,104.034322,30.595032
成都至联文化传播有限公司,edu,科教文化服务;科教文化场所;科教文化场所,武侯区,104.052739,30.590236
成都高新区锦城小学,edu,科教文化服务;学校;小学,武侯区,104.047095,30.592838
宓度艺术,edu,科教文化服务;美术馆;美术馆,武侯区,104.052756,30.596226
弋果幼儿园,edu,科教文化服务;学校;幼儿园,武侯区,104.047642,30.597283
成都地税纳税人学校高新分校,edu,科教文化服务;科教文化场所;科教文化场所,武侯区,104.052588,30.590336
眨眼兔儿童成长中心,edu,科教文化服务;科教文化场所;科教文化场所,武侯区,104.052748,30.595258
ICC英菲克国际儿童会,edu,科教文化服务;科教文化场所;科教文化场所,武侯区,104.050194,30.594186
夸克英语,edu,科教文化服务;培训机构;培训机构,武侯区,104.05218,30.58985
英莱顿教育科技有限公司,edu,科教文化服务;科教文化场所;科教文化场所,武侯区,104.052739,30.590232
英菲特国际儿童会,edu,科教文化服务;培训机构;培训机构,武侯区,104.050124,30.594192
观花教育,edu,科教文化服务;培训机构;培训机构,武侯区,104.052739,30.590232
那特艺术教育机构,edu,科教文化服务;培训机构;培训机构,武侯区,104.052576,30.590335
四川省成都市玉林中学石羊校区,edu,科教文化服务;学校;中学,武侯区,104.053119,30.59213
上宾蒙特梭利早教中心(新街里分店),edu,科教文化服务;培训机构;培训机构,武侯区,104.05226,30.594795
鑫慧建筑教育培训中心,edu,科教文化服务;培训机构;培训机构,武侯区,104.052679,30.590278
戴氏教育,edu,科教文化服务;培训机构;培训机构,武侯区,104.05243,30.594645
成都玖诚文化传媒有限公司,edu,科教文化服务;科教文化场所;科教文化场所,武侯区,104.059132,30.594263
成都艺蓝文化传播有限公司,edu,科教文化服务;科教文化场所;科教文化场所,武侯区,104.058118,30.594704
成都富源宝文化传播有限公司,edu,科教文化服务;科教文化场所;科教文化场所,武侯区,104.061126,30.591671
成都万象映画文化传播有限公司,edu,科教文化服务;科教文化场所;科教文化场所,武侯区,104.05919,30.591706
四川科锐得文化传播有限公司,edu,科教文化服务;传媒机构;传媒机构,武侯区,104.059286,30.59015
四川每多力文化传播有限公司,edu,科教文化服务;科教文化场所;科教文化场所,武侯区,104.060134,30.597591
成都艾尔斯特文化传播有限公司,edu,科教文化服务;传媒机构;传媒机构,武侯区,104.060659,30.597937
四川言几又文化传播有限公司,edu,科教文化服务;科教文化场所;科教文化场所,武侯区,104.060012,30.597872
成都职业技术学院(高新校区),edu,科教文化服务;学校;高等院校,武侯区,104.059548,30.595281
新华通讯社四川分社,edu,科教文化服务;传媒机构;报社,武侯区,104.061148,30.590361
成都职业技术学院高新校区教学楼,edu,科教文化服务;学校;高等院校,武侯区,104.059007,30.59598
四川电视台《星车市》,edu,科教文化服务;传媒机构;电视台,武侯区,104.062885,30.595376
成都职业技术学院高新校区多功能厅,edu,科教文化服务;学校;高等院校,武侯区,104.05838,30.595543
成都职业技术学院大学生创业实践基地,edu,科教文化服务;学校;高等院校,武侯区,104.058998,30.594653
成都职业技术学院高新校区外教楼,edu,科教文化服务;学校;学校,武侯区,104.059677,30.594228
成都职业技术学院高新校区钟楼,edu,科教文化服务;学校;高等院校,武侯区,104.059738,30.59569
成都职业技术学院高新校区实训楼,edu,科教文化服务;学校;高等院校,武侯区,104.059569,30.595953
海南大学艺术学院,edu,科教文化服务;学校;高等院校,武侯区,104.062637,30.593207
名堂杂志社,edu,科教文化服务;传媒机构;杂志社,武侯区,104.062637,30.593209
成都高新区橄榄树幼儿园,edu,科教文化服务;学校;幼儿园,武侯区,104.059332,30.597205
成都职业技术学院高新校区-图书馆,edu,科教文化服务;图书馆;图书馆,武侯区,104.058505,30.596174
蜀劳职业培训学校,edu,科教文化服务;学校;职业技术学校,武侯区,104.060535,30.597881
成都职业技术学院旅游分院教学实习中心,edu,科教文化服务;培训机构;培训机构,武侯区,104.059023,30.594107
成都市交委研究院,edu,科教文化服务;科研机构;科研机构,武侯区,104.060181,30.590446
人瑞教育,edu,科教文化服务;学校;高等院校,武侯区,104.059936,30.594232
中国建筑科学研究院(西南分院),edu,科教文化服务;科研机构;科研机构,武侯区,104.062842,30.593982
成都职业技术学院高新校区行政楼,edu,科教文化服务;学校;高等院校,武侯区,104.059642,30.595883
飞翔家(九方购物中心),edu,科教文化服务;科教文化场所;科教文化场所,武侯区,104.062423,30.591939
艺家廊(九方购物中心),edu,餐饮服务;茶艺馆;茶艺馆|科教文化服务;科教文化场所;科教文化场所,武侯区,104.062465,30.59206
成都电视台移动频道,edu,科教文化服务;科教文化场所;科教文化场所,武侯区,104.060111,30.597077
美月贯目传播机构,edu,科教文化服务;科教文化场所;科教文化场所,武侯区,104.06098,30.597381
领域传媒,edu,科教文化服务;科教文化场所;科教文化场所,武侯区,104.0635,30.593959
成都职业技术学院高新校区学术交流中心,edu,科教文化服务;科教文化场所;科教文化场所,武侯区,104.058478,30.594474
成都棋校(高新校区),edu,科教文化服务;培训机构;培训机构,武侯区,104.058325,30.59437
健哲吉他,edu,科教文化服务;培训机构;培训机构,武侯区,104.054647,30.598789
雅艺教育,edu,科教文化服务;培训机构;培训机构,武侯区,104.062887,30.595371
北京策腾教育,edu,科教文化服务;培训机构;培训机构,武侯区,104.062128,30.593022
弋果美语(九方购物中心),edu,科教文化服务;培训机构;培训机构,武侯区,104.062389,30.592313
英中财商教育(九方购物中心),edu,科教文化服务;培训机构;培训机构,武侯区,104.062963,30.592063
番茄田艺术(九方购物中心),edu,科教文化服务;培训机构;培训机构,武侯区,104.062808,30.591709
朗时英语教育(高新店),edu,科教文化服务;培训机构;培训机构,武侯区,104.060739,30.597938
四川省电力公司电力经济技术研究院(府城大道中段),edu,科教文化服务;科研机构;科研机构,武侯区,104.059286,30.59015
四川省国资委监事会工作技术研究中心,edu,科教文化服务;科教文化场所;科教文化场所,武侯区,104.061031,30.5917
成都职业技术学院海外培训中心,edu,科教文化服务;培训机构;培训机构,武侯区,104.059023,30.594107
成都市青羊区孟翔教育培训中心,edu,科教文化服务;培训机构;培训机构,武侯区,104.05991,30.59236
国家软件产业基地(成都)人才实训中心,edu,科教文化服务;培训机构;培训机构,武侯区,104.058988,30.596473
四川省电力公司新闻中心,edu,科教文化服务;传媒机构;传媒机构,武侯区,104.059286,30.59015
大惠至教育,edu,科教文化服务;培训机构;培训机构,武侯区,104.061126,30.591671
魔法传媒有限公司,edu,科教文化服务;科教文化场所;科教文化场所,武侯区,104.058325,30.59437
四川无边界文化传播公司,edu,科教文化服务;科教文化场所;科教文化场所,武侯区,104.063201,30.594617
万卷文化传媒公司,edu,科教文化服务;科教文化场所;科教文化场所,武侯区,104.067488,30.594031
唯渡文化传播有限公司,edu,科教文化服务;科教文化场所;科教文化场所,武侯区,104.063953,30.593975
成都上嘉文化传播有限公司,edu,科教文化服务;科教文化场所;科教文化场所,武侯区,104.067418,30.595498
四川辰旭文化传播有限公司,edu,科教文化服务;科教文化场所;科教文化场所,武侯区,104.063535,30.594571
成都龙韵音画文化传媒有限公司,edu,科教文化服务;科教文化场所;科教文化场所,武侯区,104.067862,30.595425
成都锦添视博文化传播有限公司,edu,科教文化服务;科教文化场所;科教文化场所,武侯区,104.06765,30.598493
成都至汇天下文化传播有限公司,edu,科教文化服务;科教文化场所;科教文化场所,武侯区,104.064071,30.593137
成都高新区锦晖小学,edu,科教文化服务;学校;小学,武侯区,104.071105,30.589663
君豪酒店-多功能会议室,edu,科教文化服务;会展中心;会展中心,武侯区,104.067875,30.591705
新思路学校(天久南巷),edu,科教文化服务;学校;学校,武侯区,104.071587,30.594793
成都高新豪生大酒店会议室,edu,科教文化服务;会展中心;会展中心,武侯区,104.066688,30.593077
红枫艺术,edu,科教文化服务;美术馆;美术馆,武侯区,104.063695,30.592917
AF国际美业(中和镇店),edu,科教文化服务;科教文化场所;科教文化场所,武侯区,104.063755,30.594576
四川兴合田职业教育研究院,edu,科教文化服务;科研机构;科研机构,武侯区,104.063867,30.593271
阿波罗爱儿坊凯丽滨江幼儿学苑,edu,科教文化服务;学校;幼儿园,武侯区,104.072708,30.592606
华夏万卷传媒有限公司,edu,科教文化服务;科教文化场所;科教文化场所,武侯区,104.067785,30.59402
成都崇文教育(天府长城校区),edu,科教文化服务;培训机构;培训机构,武侯区,104.073323,30.597032
上嘉美悦艺术教育,edu,科教文化服务;培训机构;培训机构,武侯区,104.067848,30.595481
汽车生活杂志社,edu,科教文化服务;传媒机构;杂志社,武侯区,104.064071,30.593137
上海勘测设计院四川分院,edu,科教文化服务;科教文化场所;科教文化场所,武侯区,104.066764,30.591706
戴氏教育(天久南巷),edu,科教文化服务;培训机构;培训机构,武侯区,104.071697,30.594914
希果美术(天久南巷),edu,科教文化服务;培训机构;培训机构,武侯区,104.071588,30.594793
领奥机器人教育,edu,科教文化服务;培训机构;培训机构,武侯区,104.064071,30.593137
新时代窗帘培训,edu,科教文化服务;培训机构;培训机构,武侯区,104.063555,30.594559
雅马哈钢琴艺术中心,edu,科教文化服务;培训机构;培训机构,武侯区,104.067848,30.595481
上海美悦艺术教育,edu,科教文化服务;培训机构;培训机构,武侯区,104.068273,30.595551
沐童艺术教育,edu,科教文化服务;培训机构;培训机构,武侯区,104.070196,30.594871
中国石油西南油气田公司安全环保与技术监督研究院,edu,科教文化服务;科研机构;科研机构,武侯区,104.064519,30.596556
大洋艺术学校(天久南巷),edu,科教文化服务;培训机构;培训机构,武侯区,104.071851,30.594786
中国石油西南油气田公司勘探开发研究院,edu,科教文化服务;科研机构;科研机构,武侯区,104.064519,30.596556
望子成龙学校(天久北巷),edu,科教文化服务;培训机构;培训机构,武侯区,104.071736,30.595212
爱乐国际早教中心(高新中心),edu,科教文化服务;培训机构;培训机构,武侯区,104.068225,30.595437
乐乐牛艺术教育中心(嘉南地店),edu,科教文化服务;培训机构;培训机构,武侯区,104.070848,30.5942
新东方学校(成都科华南路教学区),edu,科教文化服务;培训机构;培训机构,武侯区,104.070292,30.595205
丹秋名师堂培训学校(天府长城校区),edu,科教文化服务;培训机构;培训机构,武侯区,104.071988,30.594848
成都洋话英语培训学校(高新校区),edu,科教文化服务;培训机构;培训机构,武侯区,104.064197,30.592837
熊猫潘达文化传媒公司,edu,科教文化服务;科教文化场所;科教文化场所,武侯区,104.063695,30.592911
众娱文化传媒有限公司,edu,科教文化服务;科教文化场所;科教文化场所,武侯区,104.067848,30.593788
雅昌文化集团成都艺术中心,edu,科教文化服务;美术馆;美术馆,锦江区,104.082442,30.593629
成都蜀州新越文化传播有限公司,edu,科教文化服务;科教文化场所;科教文化场所,锦江区,104.082627,30.589835
印刷文明陈列馆,edu,科教文化服务;展览馆;展览馆,锦江区,104.082457,30.593634
成都七中初中,edu,科教文化服务;学校;中学,武侯区,104.073607,30.598856
岁月艺术馆,edu,科教文化服务;美术馆;美术馆,锦江区,104.082774,30.589513
科学出版社,edu,科教文化服务;传媒机构;出版社,锦江区,104.082129,30.591137
川大科鸿研发中心,edu,科教文化服务;科教文化场所;科教文化场所,锦江区,104.081401,30.59231
幼狮半岛城邦国际幼儿园,edu,科教文化服务;学校;幼儿园,武侯区,104.076491,30.597225
成都川大科鸿新技术研究所,edu,科教文化服务;科研机构;科研机构,锦江区,104.081336,30.592295
目拓少儿体能馆,edu,科教文化服务;科教文化场所;科教文化场所,武侯区,104.075132,30.595558
成都市市政工程设计研究院,edu,科教文化服务;科研机构;科研机构,锦江区,104.083146,30.594408
紫莲舞蹈艺术学校,edu,科教文化服务;培训机构;培训机构,武侯区,104.074205,30.595584
魔耳英语(天久北巷),edu,科教文化服务;培训机构;培训机构,武侯区,104.074206,30.595599
成都商报新媒体,edu,科教文化服务;传媒机构;传媒机构,锦江区,104.082626,30.589836
豪韵艺术学校,edu,科教文化服务;培训机构;培训机构,武侯区,104.074206,30.595587
航天云教育,edu,科教文化服务;培训机构;培训机构,锦江区,104.08136,30.591593
新华文轩出版传媒股份有限公司,edu,科教文化服务;科教文化场所;科教文化场所,锦江区,104.08136,30.591593
成都博瑞投资控股集团有限公司(三色路),edu,科教文化服务;传媒机构;传媒机构|金融保险服务;金融保险服务机构;金融保险机构,锦江区,104.082626,30.589834
蜂咪radio云端空间电台,edu,科教文化服务;传媒机构;电台,武侯区,104.076404,30.597832
文轩教育,edu,科教文化服务;科教文化场所;科教文化场所,锦江区,104.08201,30.591312
成都幼师长城半岛幼儿园,edu,科教文化服务;学校;幼儿园,武侯区,104.076462,30.597447
成都幼师城邦国际幼儿园,edu,科教文化服务;学校;幼儿园,武侯区,104.077432,30.596139
众城光影文化传媒,edu,科教文化服务;传媒机构;传媒机构,锦江区,104.090947,30.594948
成都环艺文化传播有限公司,edu,科教文化服务;科教文化场所;科教文化场所,锦江区,104.090972,30.595543
成都卡曼文化传播有限公司,edu,科教文化服务;科教文化场所;科教文化场所,锦江区,104.090973,30.595545
成都大广文化传媒有限公司,edu,科教文化服务;传媒机构;传媒机构,锦江区,104.089239,30.591899
成都就是文化传播有限责任公司,edu,科教文化服务;科教文化场所;科教文化场所,锦江区,104.090775,30.595481
成都闻达天下文化传播有限公司,edu,科教文化服务;科教文化场所;科教文化场所,锦江区,104.090756,30.594766
成都净石映画文化传播有限公司,edu,科教文化服务;传媒机构;传媒机构,锦江区,104.086836,30.596153
成都单车映画文化传播有限责任公司,edu,科教文化服务;科教文化场所;科教文化场所,锦江区,104.090784,30.594828
成都盖世环球体验文化传播有限公司,edu,科教文化服务;科教文化场所;科教文化场所,锦江区,104.090793,30.594835
马佐厨艺艺术学院,edu,科教文化服务;学校;高等院校,锦江区,104.090953,30.594784
西南红木学院,edu,科教文化服务;学校;高等院校,锦江区,104.090288,30.595513
西南交通大学艺术与传播学院,edu,科教文化服务;学校;高等院校,锦江区,104.090793,30.594835
汇融国际会议中心,edu,科教文化服务;会展中心;会展中心,锦江区,104.091844,30.595
四川大学艺术学院,edu,科教文化服务;学校;高等院校,锦江区,104.090793,30.594835
成都市锦江区胜利中学(西门),edu,科教文化服务;学校;中学,锦江区,104.093119,30.598915
四川省机械研究设计院(墨香路),edu,科教文化服务;科研机构;科研机构,锦江区,104.087065,30.590584
成都妙味马佐贸易有限公司,edu,科教文化服务;学校;高等院校|公司企业;公司;公司,锦江区,104.091437,30.595249
四川省特种设备检验研究院,edu,科教文化服务;科研机构;科研机构,锦江区,104.090706,30.59548
博济传媒,edu,科教文化服务;科教文化场所;科教文化场所,锦江区,104.090793,30.594828
中电传媒(锦江大道),edu,科教文化服务;传媒机构;传媒机构,锦江区,104.084278,30.589524
兴蓉研究院,edu,科教文化服务;科研机构;科研机构,锦江区,104.086946,30.596102
三眼教育,edu,科教文化服务;培训机构;培训机构,锦江区,104.09179,30.594969
四川省重大科技成果转化分析测试平台,edu,科教文化服务;科教文化场所;科教文化场所,锦江区,104.084523,30.590719
世航传媒,edu,科教文化服务;科教文化场所;科教文化场所,锦江区,104.090587,30.594955
成都视邦文化传媒有限公司,edu,科教文化服务;科教文化场所;科教文化场所,锦江区,104.084628,30.589822
盐道街中学实验学校,edu,科教文化服务;学校;中学,锦江区,104.093958,30.598357
育苗幼儿园(榕声路),edu,科教文化服务;学校;幼儿园,锦江区,104.094252,30.593632
盐道街小学(锦馨分校),edu,科教文化服务;学校;小学,锦江区,104.094295,30.591991
一直远方教育,edu,科教文化服务;培训机构;培训机构,锦江区,104.095067,30.589863
美韵·乐派思国际教育,edu,科教文化服务;培训机构;培训机构,锦江区,104.094309,30.591066
锦馨学堂,edu,科教文化服务;培训机构;培训机构,锦江区,104.094308,30.591066
成都文庆文化传播有限公司,edu,科教文化服务;科教文化场所;科教文化场所,锦江区,104.111935,30.591007
成都市锦江区教师进修学校,edu,科教文化服务;学校;成人教育,锦江区,104.105079,30.592619
天涯石小学锦东分校,edu,科教文化服务;学校;小学,锦江区,104.104921,30.592476
逸景幼儿园,edu,科教文化服务;学校;幼儿园,锦江区,104.110534,30.590562
学文锦城幼儿园,edu,科教文化服务;学校;幼儿园,锦江区,104.110282,30.595903
八七小学,edu,科教文化服务;学校;幼儿园,锦江区,104.105204,30.590996
天涯石小学逸景分校,edu,科教文化服务;学校;小学,锦江区,104.109432,30.593217
新华实验幼儿园(皇经楼一街),edu,科教文化服务;学校;幼儿园,锦江区,104.104615,30.595734
小天使幼儿园(锦江大道),edu,科教文化服务;学校;幼儿园,锦江区,104.106607,30.58997
成都市民道德讲堂,edu,科教文化服务;科教文化场所;科教文化场所,锦江区,104.109443,30.592769
成都市锦江区社区教育中心,edu,科教文化服务;学校;成人教育,锦江区,104.105079,30.592619
三德名师点拨学校(逸景校区),edu,科教文化服务;科教文化场所;科教文化场所,锦江区,104.110219,30.59353
可知教育,edu,科教文化服务;培训机构;培训机构,锦江区,104.113195,30.591344
旋律之音培训中心,edu,科教文化服务;培训机构;培训机构,锦江区,104.110633,30.593117
星辰艺术教育,edu,科教文化服务;培训机构;培训机构,锦江区,104.110654,30.592847
澳斯特教育(锦城逸景B区西),edu,科教文化服务;培训机构;培训机构,锦江区,104.110418,30.593686
小太阳幼儿园一分部,edu,科教文化服务;科教文化场所;科教文化场所,锦江区,104.122771,30.598783
绿道田园展示中心,edu,科教文化服务;科教文化场所;科教文化场所,锦江区,104.113897,30.590459
成都天府树人文化学校,edu,科教文化服务;学校;学校,锦江区,104.127076,30.589472
成都市锦江区文化馆国学馆,edu,科教文化服务;文化宫;文化宫,锦江区,104.128836,30.590293
传新国学院,edu,科教文化服务;学校;高等院校,锦江区,104.128417,30.591139
成都市锦江区小太阳幼儿园,edu,科教文化服务;学校;幼儿园,锦江区,104.130156,30.59491
明伦书院,edu,科教文化服务;科教文化场所;科教文化场所,锦江区,104.128836,30.590293
成都市锦江区星星幼儿园,edu,科教文化服务;学校;幼儿园,锦江区,104.12661,30.589915
中国舞蹈理事会金蝶艺术中心,edu,科教文化服务;美术馆;美术馆,锦江区,104.130104,30.594876
四川金蝶艺术中心,edu,科教文化服务;培训机构;培训机构,锦江区,104.130202,30.59497
成都山川美术培训学校,edu,科教文化服务;培训机构;培训机构,锦江区,104.127079,30.58947
传薪书院,edu,科教文化服务;培训机构;培训机构,锦江区,104.128784,30.591419
四川北极熊文化传播有限责任公司,edu,科教文化服务;科教文化场所;科教文化场所,锦江区,104.136789,30.598185
四川梓东凌云文化传播有限公司,edu,科教文化服务;科教文化场所;科教文化场所,锦江区,104.139076,30.592179
栀子街社区托管中心,edu,科教文化服务;学校;幼儿园,锦江区,104.139227,30.59215
小豆丁幼稚园,edu,科教文化服务;学校;幼儿园,锦江区,104.135508,30.593591
新天地幼儿园(白桦林路),edu,科教文化服务;学校;幼儿园,锦江区,104.137034,30.591268
成都市锦江区伊顿国香幼儿园,edu,科教文化服务;学校;幼儿园,锦江区,104.136219,30.598742
星星海艺术中心,edu,科教文化服务;美术馆;美术馆,锦江区,104.140695,30.596449
魔卡国际英语,edu,科教文化服务;培训机构;培训机构,锦江区,104.139022,30.59191
喜贝舞蹈艺术中心,edu,科教文化服务;培训机构;培训机构,锦江区,104.134918,30.592503
成美教育,edu,科教文化服务;培训机构;培训机构,锦江区,104.139169,30.592094
成都广播电视大学世才教学点,edu,科教文化服务;培训机构;培训机构,锦江区,104.139,30.591903
成都七中育才学校(银杏校区),edu,科教文化服务;学校;中学,锦江区,104.144758,30.590957
盐道街小学(528校区)(建设中),edu,科教文化服务;学校;小学,锦江区,104.143986,30.597161
成都龙泉飞扬艺术学校,edu,科教文化服务;学校;职业技术学校,锦江区,104.144413,30.598778
成都艺尚美术工作室,edu,科教文化服务;科教文化场所;科教文化场所,锦江区,104.144306,30.59877
红砂幼儿园,edu,科教文化服务;学校;幼儿园,锦江区,104.156185,30.591173
清源际,edu,科教文化服务;美术馆;美术馆,锦江区,104.156996,30.590719
成都子曰书院,edu,科教文化服务;培训机构;培训机构,锦江区,104.155797,30.59256
清源际艺术中心,edu,科教文化服务;科教文化场所;科教文化场所,锦江区,104.157067,30.590529
锦江书院,edu,科教文化服务;科教文化场所;科教文化场所,锦江区,104.157067,30.590529
星星诗刊诗歌沙龙,edu,科教文化服务;科教文化场所;科教文化场所,锦江区,104.155851,30.59255
四川文学作家之家,edu,科教文化服务;科教文化场所;科教文化场所,锦江区,104.155907,30.5925
子曰,edu,科教文化服务;科教文化场所;科教文化场所,锦江区,104.155778,30.592572
中外散文诗学会创作基地,edu,科教文化服务;科教文化场所;科教文化场所,锦江区,104.155897,30.592513
中国散文学会成都创作中心,edu,科教文化服务;科教文化场所;科教文化场所,锦江区,104.155864,30.592573
弘儒学堂(水杉路),edu,科教文化服务;培训机构;培训机构,锦江区,104.157086,30.591494
散花楼女子诗书画社,edu,科教文化服务;培训机构;培训机构,锦江区,104.155841,30.59258
成都双剑鞋文化博物馆,edu,科教文化服务;博物馆;博物馆,武侯区,103.969515,30.584108
凉井小学,edu,科教文化服务;学校;小学,武侯区,103.973524,30.58856
金辉实验学校,edu,科教文化服务;学校;中学,武侯区,103.969401,30.582075
大洋艺术学校(簇马路三段),edu,科教文化服务;培训机构;培训机构,武侯区,103.965617,30.586559
成都市武侯区金迪幼儿园,edu,科教文化服务;学校;幼儿园,武侯区,103.97183,30.581119
白晴市一中,edu,科教文化服务;学校;中学,武侯区,103.9753,30.579877
小博士幼儿园(凉港三路),edu,科教文化服务;学校;幼儿园,武侯区,103.973906,30.58207
成都市凉井实验学校,edu,科教文化服务;学校;中学,武侯区,103.974297,30.588844
阳光子弟学校,edu,科教文化服务;学校;中学,武侯区,103.976447,30.588707
贝佳才艺幼儿园,edu,科教文化服务;学校;幼儿园,武侯区,103.976283,30.582349
阳光快乐公益幼儿园,edu,科教文化服务;学校;幼儿园,武侯区,103.980099,30.585093
成都市武侯区奇巧板幼稚园,edu,科教文化服务;学校;幼儿园,武侯区,103.974882,30.586795
浓园国际文化艺术产业园,edu,商务住宅;产业园区;产业园区|科教文化服务;科教文化场所;科教文化场所,武侯区,103.984925,30.589139
四川大学新艺术研究中心,edu,科教文化服务;科研机构;科研机构,武侯区,103.984925,30.589138
藏獒艺术馆,edu,科教文化服务;美术馆;美术馆,武侯区,103.985084,30.589388
成都信息工程大学航空港校区资环楼,edu,科教文化服务;学校;高等院校,武侯区,103.990078,30.587117
成都信息工程大学航空港校区金工楼,edu,科教文化服务;学校;高等院校,武侯区,103.990532,30.586792
成都信息工程大学航空港校区资源环境学院,edu,科教文化服务;学校;高等院校,武侯区,103.990078,30.587118
天艺·浓园国际艺术馆,edu,科教文化服务;展览馆;展览馆,武侯区,103.9844,30.588236
成都信息工程大学气象实习台,edu,科教文化服务;学校;高等院校,武侯区,103.990698,30.58646
邱光平工作室,edu,科教文化服务;展览馆;展览馆,武侯区,103.98654,30.587988
徐悲鸿艺术研究中心,edu,科教文化服务;科研机构;科研机构,武侯区,103.984924,30.589139
四川大学艺术设计研究中心,edu,科教文化服务;科研机构;科研机构,武侯区,103.984927,30.589138
中国西部原创艺术基地,edu,科教文化服务;科教文化场所;科教文化场所,武侯区,103.984798,30.589124
西南交大艺术创作基地,edu,科教文化服务;科教文化场所;科教文化场所,武侯区,103.984798,30.589124
四川大学软件学院数字艺术联合实验室,edu,科教文化服务;科研机构;科研机构,武侯区,103.984925,30.589139
四川教育学院艺术创作基地,edu,科教文化服务;科教文化场所;科教文化场所,武侯区,103.984798,30.589124
成都西华大学艺术创作基地,edu,科教文化服务;科教文化场所;科教文化场所,武侯区,103.984798,30.589124
中国国家画院四川创作基地,edu,科教文化服务;科教文化场所;科教文化场所,武侯区,103.984798,30.589124
成都信息工程学院艺术创作实验基地,edu,科教文化服务;科教文化场所;科教文化场所,武侯区,103.984798,30.589124
四川省文学艺术界联合会美术创作基地,edu,科教文化服务;科教文化场所;科教文化场所,武侯区,103.984798,30.589124
蜀安驾校,edu,科教文化服务;科教文化场所;科教文化场所,武侯区,104.002093,30.585561
成都体育学院航空港校区,edu,科教文化服务;学校;高等院校,武侯区,104.00478,30.586157
成都体育学院航空港校区教学楼,edu,科教文化服务;学校;学校,武侯区,104.005857,30.586878
成都体育学院(航空港校区)-图书室,edu,科教文化服务;图书馆;图书馆,武侯区,104.006355,30.586138
四川成林民族风情园文化传播有限公司,edu,科教文化服务;传媒机构;传媒机构,武侯区,104.017063,30.586385
三河小学,edu,科教文化服务;学校;小学,武侯区,104.017238,30.588861
四川汉萨名车会展览馆,edu,科教文化服务;展览馆;展览馆,武侯区,104.016894,30.586276
四川省鲁迅艺术学校,edu,科教文化服务;学校;职业技术学校,武侯区,104.017064,30.586387
西华师范大学成都教学点,edu,科教文化服务;学校;成人教育,武侯区,104.017071,30.586495
四川禾嘉学院,edu,科教文化服务;学校;高等院校,武侯区,104.017064,30.586387
睿智幼儿园(武侯大道三河段),edu,科教文化服务;学校;幼儿园,武侯区,104.016576,30.586857
歌德艺术学校,edu,科教文化服务;学校;职业技术学校,武侯区,104.016895,30.586276
新天高考部,edu,科教文化服务;培训机构;培训机构,武侯区,104.01729,30.585897
新天·美思艺考培训,edu,科教文化服务;培训机构;培训机构,武侯区,104.017064,30.586386
海伦艺术教育(武侯大道三河段),edu,科教文化服务;培训机构;培训机构,武侯区,104.017063,30.586384
四川高等教育考试盛腾教育中心,edu,科教文化服务;培训机构;培训机构,武侯区,104.017045,30.586498
妙思文化传播,edu,科教文化服务;传媒机构;传媒机构,武侯区,104.027517,30.583546
成都高新新源学校,edu,科教文化服务;学校;学校,武侯区,104.03178,30.581647
蓝贝儿幼儿园(仁和东街),edu,科教文化服务;学校;幼儿园,武侯区,104.033325,30.583073
成都高新区六幼新南幼儿园,edu,科教文化服务;学校;幼儿园,武侯区,104.030644,30.585352
石羊街道新街社区青少年活动中心,edu,科教文化服务;文化宫;文化宫,武侯区,104.03066,30.581559
天天向上托管中心(新南校区),edu,科教文化服务;培训机构;培训机构,武侯区,104.028234,30.583059
大成英语(新南校区),edu,科教文化服务;培训机构;培训机构,武侯区,104.028171,30.583078
红蕾文化艺术学校,edu,科教文化服务;培训机构;培训机构,武侯区,104.036047,30.587756
成都市石室天府中学,edu,科教文化服务;学校;中学,武侯区,104.042448,30.58277
金苹果文化传播有限公司,edu,科教文化服务;科教文化场所;科教文化场所,武侯区,104.052676,30.589105
七色海文化传媒有限公司,edu,科教文化服务;科教文化场所;科教文化场所,武侯区,104.053516,30.588953
成都乐思成才文化艺术学校,edu,科教文化服务;学校;职业技术学校,武侯区,104.049916,30.579469
逖舞空间威尚文化传播有限公司,edu,科教文化服务;科教文化场所;科教文化场所,武侯区,104.047546,30.581623
泡桐树小学(天府校区),edu,科教文化服务;学校;小学,武侯区,104.051387,30.580029
宋庆龄国际幼儿园(锦尚西二路),edu,科教文化服务;学校;幼儿园,武侯区,104.045569,30.580605
泡桐树幼儿园,edu,科教文化服务;学校;幼儿园,武侯区,104.04798,30.580314
开元建筑职业技能培训学校,edu,科教文化服务;学校;职业技术学校,武侯区,104.052477,30.588455
金苹果爱弥儿幼稚园(成汉南路),edu,科教文化服务;学校;幼儿园,武侯区,104.05148,30.58682
成都市规划设计研究院,edu,科教文化服务;科研机构;科研机构,武侯区,104.053047,30.588607
博艺星动力艺术空间,edu,科教文化服务;科教文化场所;科教文化场所,武侯区,104.050717,30.579482
深圳水务设计院成都分院,edu,科教文化服务;科教文化场所;科教文化场所,武侯区,104.053157,30.588413
成都市规划设计研究院一所,edu,科教文化服务;科教文化场所;科教文化场所,武侯区,104.053157,30.588413
新谷光亚亲子教育中心,edu,科教文化服务;培训机构;培训机构,武侯区,104.053274,30.588107
巧克力梦工厂,edu,科教文化服务;培训机构;培训机构,武侯区,104.053497,30.588744
前构想教育,edu,科教文化服务;培训机构;培训机构,武侯区,104.053197,30.589164
铁皮人CG艺术培训中心,edu,科教文化服务;培训机构;培训机构,武侯区,104.053026,30.588603
百年有为教育,edu,科教文化服务;培训机构;培训机构,武侯区,104.052768,30.589228
学大教育(成都高新校区),edu,科教文化服务;培训机构;培训机构,武侯区,104.048083,30.580143
四川大和公众教育评估研究院,edu,科教文化服务;科研机构;科研机构,武侯区,104.053416,30.588297
侯老师舞蹈教室(侯老师舞蹈教室誉峰店),edu,科教文化服务;培训机构;培训机构,武侯区,104.049802,30.586382
深圳市勘察研究院有限公司四川分公司,edu,科教文化服务;科教文化场所;科教文化场所,武侯区,104.053307,30.588782
阿齐拉教育,edu,科教文化服务;培训机构;培训机构,武侯区,104.053131,30.58833
亚玛逊历奇教育中心,edu,科教文化服务;科教文化场所;科教文化场所,武侯区,104.048728,30.580262
百年有为第二实训基地,edu,科教文化服务;科教文化场所;科教文化场所,武侯区,104.05277,30.589224
成都乙甲文化传播有限公司,edu,科教文化服务;科教文化场所;科教文化场所,武侯区,104.057976,30.587041
南昌凯恒文化传播有限公司,edu,科教文化服务;科教文化场所;科教文化场所,武侯区,104.061646,30.585033
东方天呈文化传媒有限公司,edu,科教文化服务;科教文化场所;科教文化场所,武侯区,104.056181,30.584182
成都上翼文化传播有限公司,edu,科教文化服务;传媒机构;传媒机构,武侯区,104.058145,30.587403
成都叁言文化传播有限公司,edu,科教文化服务;科教文化场所;科教文化场所,武侯区,104.058653,30.586009
四川科锐得文化传播有限公司,edu,科教文化服务;科教文化场所;科教文化场所,武侯区,104.058653,30.586009
四川西行驿站文化传播有限公司,edu,科教文化服务;科教文化场所;科教文化场所,武侯区,104.058634,30.586563
四川京之道文化传播有限责任公司,edu,科教文化服务;科教文化场所;科教文化场所,武侯区,104.05661,30.584155
成都安安吉娜家居文化传播有限公司,edu,科教文化服务;科教文化场所;科教文化场所,武侯区,104.058479,30.585961
自贡市恐龙童话王国文化传播有限公司,edu,科教文化服务;科教文化场所;科教文化场所,武侯区,104.05413,30.589287
成都规划馆,edu,科教文化服务;展览馆;展览馆,武侯区,104.060651,30.588903
中国财富艺术馆,edu,科教文化服务;展览馆;展览馆,武侯区,104.059211,30.584141
成都市城市建设档案馆,edu,科教文化服务;档案馆;档案馆,武侯区,104.060652,30.589255
成都宝鼎传媒,edu,科教文化服务;科教文化场所;科教文化场所,武侯区,104.058372,30.584081
新潮传媒,edu,科教文化服务;科教文化场所;科教文化场所,武侯区,104.058523,30.587465
苏打出行中航国际交流中心站点,edu,科教文化服务;科教文化场所;科教文化场所,武侯区,104.058362,30.579865
知金教育(高新新谷校区),edu,科教文化服务;培训机构;培训机构,武侯区,104.0536,30.58911
鼎达教育,edu,科教文化服务;培训机构;培训机构,武侯区,104.058661,30.580935
黑格伯爵青少年国际公馆,edu,科教文化服务;培训机构;培训机构,武侯区,104.058407,30.587491
力美传媒,edu,科教文化服务;科教文化场所;科教文化场所,武侯区,104.054049,30.588428
速递易研发中心,edu,科教文化服务;科教文化场所;科教文化场所,武侯区,104.054049,30.588428
成都市规则馆,edu,科教文化服务;科教文化场所;科教文化场所,武侯区,104.060109,30.589409
执象实验室,edu,科教文化服务;科研机构;科研机构,武侯区,104.054049,30.588428
近成都新会展中心,edu,科教文化服务;会展中心;会展中心,武侯区,104.059295,30.586489
成都天府新城会议中心,edu,科教文化服务;会展中心;会展中心,武侯区,104.064315,30.58517
威乐尔幼稚园,edu,科教文化服务;学校;幼儿园,武侯区,104.07016,30.588747
中国建筑西南建筑设计研究院第二设计所,edu,科教文化服务;科研机构;科研机构,武侯区,104.064326,30.589015
科影时代文化传播有限公司,edu,科教文化服务;科教文化场所;科教文化场所,锦江区,104.084048,30.58931
祝国寺小学,edu,科教文化服务;学校;小学,锦江区,104.090739,30.582264
蓉生生物研究所,edu,科教文化服务;科研机构;科研机构,锦江区,104.09048,30.587813
锦江区生态幼儿园,edu,科教文化服务;学校;幼儿园,锦江区,104.092433,30.588459
成都生物制品研究所,edu,公司企业;公司;公司|科教文化服务;科研机构;科研机构,锦江区,104.093732,30.581408
慧能幼儿园,edu,科教文化服务;学校;幼儿园,锦江区,104.103163,30.585878
生态公益幼儿园,edu,科教文化服务;学校;幼儿园,锦江区,104.093511,30.587698
童韵幼儿园,edu,科教文化服务;学校;幼儿园,锦江区,104.102462,30.588652
潘家沟村小天使幼儿园,edu,科教文化服务;学校;幼儿园,锦江区,104.106852,30.587349
成都极速场文化传播有限公司,edu,科教文化服务;科教文化场所;科教文化场所,锦江区,104.11758,30.585821
锦江精品城区展示中心,edu,科教文化服务;展览馆;展览馆,锦江区,104.113872,30.588241
金锐展会中心,edu,科教文化服务;展览馆;展览馆,锦江区,104.126443,30.585606
华德福玫瑰园幼儿园,edu,科教文化服务;学校;幼儿园,锦江区,104.131572,30.587239
禅绣纹饰培训学院,edu,科教文化服务;培训机构;培训机构,锦江区,104.132344,30.582953
起跑线听觉语言训练中心,edu,科教文化服务;培训机构;培训机构,锦江区,104.13298,30.582328
新加坡纹绣艺术学院(成都分校),edu,科教文化服务;培训机构;培训机构,锦江区,104.132274,30.58298
成都易晓文化传播有限公司,edu,科教文化服务;科教文化场所;科教文化场所,锦江区,104.13802,30.582404
丰也文化传播有限责任公司,edu,科教文化服务;传媒机构;传媒机构,锦江区,104.136393,30.580896
成都宽筑文化传播有限公司,edu,科教文化服务;科教文化场所;科教文化场所,锦江区,104.138872,30.584687
四川郑路太极文化传播有限公司,edu,科教文化服务;传媒机构;传媒机构,锦江区,104.136387,30.58368
三圣小学,edu,科教文化服务;学校;小学,锦江区,104.141862,30.58901
三圣乡华德福生活园,edu,科教文化服务;学校;幼儿园,锦江区,104.143054,30.580846
易晓别院,edu,科教文化服务;培训机构;培训机构,锦江区,104.138568,30.582545
迦美农场儿童之家,edu,科教文化服务;培训机构;培训机构,锦江区,104.138732,30.582471
微亭小院,edu,科教文化服务;培训机构;培训机构,锦江区,104.136477,30.58158
三圣街道综合文化活动中心,edu,科教文化服务;文化宫;文化宫,锦江区,104.153139,30.588498
许燎源现代设计艺术博物馆,edu,科教文化服务;博物馆;博物馆,锦江区,104.153419,30.585469
驸马小学,edu,科教文化服务;学校;小学,锦江区,104.14628,30.581476
三圣街道办事处老年学校,edu,科教文化服务;学校;成人教育,锦江区,104.153135,30.5885
创想库体验中心,edu,科教文化服务;科教文化场所;科教文化场所,锦江区,104.153319,30.585791
驸马小学-希望教育集团,edu,科教文化服务;科教文化场所;科教文化场所,锦江区,104.146484,30.581641
红砂社区综合文化活动室,edu,科教文化服务;文化宫;文化宫,锦江区,104.157874,30.588926
成都翔云大河艺术学校,edu,科教文化服务;学校;职业技术学校,锦江区,104.161915,30.585462
许燎源当代艺术馆,edu,科教文化服务;展览馆;展览馆,锦江区,104.153587,30.585633
IDLE花香艺术馆,edu,科教文化服务;展览馆;展览馆,锦江区,104.162215,30.588594
新艺术实验中心,edu,科教文化服务;科教文化场所;科教文化场所,锦江区,104.153937,30.585528
天欣驾校(锦江分部),edu,科教文化服务;科教文化场所;科教文化场所,锦江区,104.157002,30.589081
致和学堂,edu,科教文化服务;培训机构;培训机构|体育休闲服务;休闲场所;休闲场所,锦江区,104.161723,30.587625
彼得培训中心,edu,科教文化服务;培训机构;培训机构,锦江区,104.161947,30.58593
成都大学美术院产学研究中心,edu,科教文化服务;科研机构;科研机构,锦江区,104.153978,30.58497
