name,category,type,district,wgs_lng,wgs_lat
中国平安保险(集团)股份有限公司(资源整合服务部),finance,金融保险服务;保险公司;中国平安保险公司,金牛区,103.974974,30.734351
中国民生银行24小时自助银行(百草路东),finance,金融保险服务;自动提款机;中国民生银行ATM,金牛区,103.977993,30.734226
中国建设银行(天目路储蓄所),finance,金融保险服务;银行;中国建设银行,金牛区,103.9744,30.734431
中国建设银行24小时自助银行(天目路储蓄所),finance,金融保险服务;自动提款机;中国建设银行ATM,金牛区,103.9744,30.734431
中国银行ATM(天目路),finance,金融保险服务;自动提款机;中国银行ATM,金牛区,103.974774,30.733922
中国银行金惠家,finance,金融保险服务;银行相关;银行相关,金牛区,103.974732,30.734134
中国工商银行(盛兴路分理处),finance,金融保险服务;银行;中国工商银行,金牛区,104.010693,30.733483
中国建设银行24小时自助银行(盛金路),finance,金融保险服务;自动提款机;中国建设银行ATM,金牛区,104.013169,30.732197
中国工商银行24小时自助银行(盛兴路分理处),finance,金融保险服务;自动提款机;中国工商银行ATM,金牛区,104.010675,30.733483
中国邮政储蓄银行(府河星城支行),finance,金融保险服务;银行;中国邮政储蓄银行,金牛区,104.022822,30.731199
成都银行24小时自助银行(盛安街),finance,金融保险服务;自动提款机;自动提款机,金牛区,104.016536,30.733233
中国邮政储蓄银行24小时自助银行(府河星城支行),finance,金融保险服务;自动提款机;中国邮政储蓄银行ATM,金牛区,104.022862,30.73113
兴业银行ATM(府河苑横路),finance,金融保险服务;自动提款机;兴业银行ATM,金牛区,104.025918,30.732744
中国建设银行ATM(府河苑横路),finance,金融保险服务;自动提款机;中国建设银行ATM,金牛区,104.026269,30.732918
中国建设银行ATM(洞两公路),finance,金融保险服务;自动提款机;中国建设银行ATM,金牛区,104.041155,30.739145
中国工商银行(成都建机厂分理处),finance,金融保险服务;银行;中国工商银行,金牛区,104.051605,30.735175
中国建设银行ATM(川建路),finance,金融保险服务;自动提款机;中国建设银行ATM,金牛区,104.052525,30.735183
中国建设银行24小时自助银行,finance,金融保险服务;自动提款机;中国建设银行ATM,金牛区,104.047352,30.729811
成都银行24小时自助银行(量力支行),finance,金融保险服务;自动提款机;自动提款机,金牛区,104.046573,30.729938
中国工商银行24小时自助银行,finance,金融保险服务;自动提款机;中国工商银行ATM,金牛区,104.05231,30.729687
中国工商银行24小时自助银行(成都建机厂分理处),finance,金融保险服务;自动提款机;中国工商银行ATM,金牛区,104.051605,30.735175
中国农业银行(量力支行),finance,金融保险服务;银行;中国农业银行,金牛区,104.047225,30.730166
成都银行(量力支行),finance,金融保险服务;银行;银行,金牛区,104.046378,30.729869
中国农业银行ATM(量力支行),finance,金融保险服务;自动提款机;中国农业银行ATM,金牛区,104.047044,30.73014
成都农商银行24小时自助银行(钢材城支行),finance,金融保险服务;自动提款机;农村商业银行ATM,金牛区,104.047128,30.731591
成都农商银行(钢材城支行),finance,金融保险服务;银行;农村商业银行,金牛区,104.047128,30.731591
建设银行ATM24小时自助银行服务,finance,金融保险服务;自动提款机;中国建设银行ATM,金牛区,104.059515,30.729668
成都农商银行(友联分理处),finance,金融保险服务;银行;农村商业银行,金牛区,104.056133,30.734807
中国建设银行ATM(朗润路),finance,金融保险服务;自动提款机;中国建设银行ATM,金牛区,104.059618,30.729709
成都农商银行ATM(友联分理处),finance,金融保险服务;自动提款机;农村商业银行ATM,金牛区,104.056133,30.734807
华夏银行24小时自助银行(朗润路),finance,金融保险服务;自动提款机;华夏银行ATM,金牛区,104.059634,30.733899
中国银行ATM(熊猫大道),finance,金融保险服务;自动提款机;中国银行ATM,成华区,104.144019,30.735112
24h自助银行服务,finance,金融保险服务;自动提款机;自动提款机,金牛区,103.978968,30.723784
中国建设银行24小时自助银行(土龙路),finance,金融保险服务;自动提款机;中国建设银行ATM,金牛区,103.980247,30.720465
中国银行(中海国际社区支行),finance,金融保险服务;银行;中国银行,金牛区,103.974298,30.726453
中国建设银行(中海国际社区储蓄所),finance,金融保险服务;银行;中国建设银行,金牛区,103.977603,30.723473
中国工商银行(蜀西路支行),finance,金融保险服务;银行;中国工商银行,金牛区,103.978995,30.723738
中国建设银行24小时自助银行(中海国际社区储蓄所),finance,金融保险服务;自动提款机;中国建设银行ATM,金牛区,103.977603,30.723473
中国银行24小时自助银行(成都中海国际社区支行),finance,金融保险服务;自动提款机;中国银行ATM,金牛区,103.974351,30.726358
南充市商业银行(中海国际社区支行),finance,金融保险服务;银行;银行,金牛区,103.979319,30.722403
兴业银行(中海国际社区支行),finance,金融保险服务;银行;兴业银行,金牛区,103.978531,30.723478
中国光大银行(成都中海社区支行),finance,金融保险服务;银行;中国光大银行,金牛区,103.978903,30.722747
中国民生银行(成都中海国际社区支行),finance,金融保险服务;银行;中国民生银行,金牛区,103.975625,30.719692
中信银行24小时自助银行(汇川街),finance,金融保险服务;自动提款机;中信银行ATM,金牛区,103.978937,30.722481
南充市商业银行ATM,finance,金融保险服务;自动提款机;自动提款机,金牛区,103.979169,30.72239
中国建设银行24小时自助银行(蓝岸街),finance,金融保险服务;自动提款机;中国建设银行ATM,金牛区,103.977606,30.720026
中信银行(成都西区支行),finance,金融保险服务;银行;中信银行,金牛区,103.975471,30.726869
兴业银行24小时自助银行,finance,金融保险服务;自动提款机;兴业银行ATM,金牛区,103.97855,30.723505
中国建设银行24小时自助银行(星瑞美丽华酒店东南),finance,金融保险服务;自动提款机;中国建设银行ATM,金牛区,103.976664,30.7263
中国光大银行24小时自助银行(成都中海社区支行),finance,金融保险服务;自动提款机;中国光大银行ATM,金牛区,103.97884,30.722725
中国民生银行24小时自助银行(成都中海国际社区支行),finance,金融保险服务;自动提款机;中国民生银行ATM,金牛区,103.975625,30.719692
成都银行(西区支行),finance,金融保险服务;银行;银行,金牛区,103.978585,30.724243
中国工商银行24小时自助银行(蜀西路支行),finance,金融保险服务;自动提款机;中国工商银行ATM,金牛区,103.978973,30.72389
南充市商业银行24小时自助银行(成都中海国际社区支行),finance,金融保险服务;自动提款机;自动提款机,金牛区,103.979157,30.722421
中信银行24小时自助银行(成都西区支行),finance,金融保险服务;自动提款机;中信银行ATM,金牛区,103.975471,30.726869
成都银行24小时自助银行(西区支行),finance,金融保险服务;自动提款机;自动提款机,金牛区,103.978631,30.724186
中国建设银行ATM(金科中路),finance,金融保险服务;自动提款机;中国建设银行ATM,金牛区,104.0011,30.721606
中国邮政储蓄银行24小时自助银行(金周路),finance,金融保险服务;自动提款机;中国邮政储蓄银行ATM,金牛区,103.999074,30.726168
成都农商银行(金泉支行土桥分理处),finance,金融保险服务;银行;农村商业银行,金牛区,104.008485,30.722333
成都农商银行24小时自助银行(土桥分理处),finance,金融保险服务;自动提款机;农村商业银行ATM,金牛区,104.008584,30.722214
中国银行ATM(西华大道),finance,金融保险服务;自动提款机;中国银行ATM,金牛区,104.026998,30.722787
南充市商业银行ATM(北三环路一段辅路),finance,金融保险服务;自动提款机;自动提款机,金牛区,104.032902,30.722315
中国民生银行24小时自助银行(华侨城·天鹅堡西北),finance,金融保险服务;自动提款机;中国民生银行ATM,金牛区,104.025824,30.723901
24自助银行服务,finance,金融保险服务;自动提款机;自动提款机,金牛区,104.041861,30.720244
ICBC24h自助银行服务,finance,金融保险服务;自动提款机;自动提款机,金牛区,104.040509,30.720075
成都银行24小时自助银行(金府路支行),finance,金融保险服务;自动提款机;自动提款机,金牛区,104.040658,30.720175
南充市商业银行(金府支行),finance,金融保险服务;银行;银行,金牛区,104.040468,30.720288
中国工商银行(金府路支行),finance,金融保险服务;银行;中国工商银行,金牛区,104.040765,30.720107
南充市商业银行24小时自助银行(金府支行),finance,金融保险服务;自动提款机;自动提款机,金牛区,104.040468,30.720288
成都银行(金府路支行),finance,金融保险服务;银行;银行,金牛区,104.040658,30.720175
中国工商银行24小时自助银行(金府路支行),finance,金融保险服务;自动提款机;中国工商银行ATM,金牛区,104.040765,30.720107
兴业银行24小时银行自助银行,finance,金融保险服务;自动提款机;兴业银行ATM,金牛区,104.041152,30.720495
中国建设银行ATM,finance,金融保险服务;自动提款机;自动提款机,金牛区,104.035059,30.722419
华夏银行(成都金府支行),finance,金融保险服务;银行;华夏银行,金牛区,104.04209,30.720332
中国银行24小时自助银行(北三环路一段辅路),finance,金融保险服务;自动提款机;中国银行ATM,金牛区,104.035093,30.722485
华夏银行24小时自助银行(成都金府支行),finance,金融保险服务;自动提款机;华夏银行ATM,金牛区,104.04209,30.720332
中国建设银行24小时自助银行(新泉路),finance,金融保险服务;自动提款机;中国建设银行ATM,金牛区,104.04481,30.71965
中国建设银行24小时自助银行(中环路洞子口路段),finance,金融保险服务;自动提款机;中国建设银行ATM,金牛区,104.050586,30.72528
24h自助银行服务,finance,金融保险服务;自动提款机;自动提款机,金牛区,104.055444,30.724574
中国农业银行24小时自助银行(蓉北商贸大道二段),finance,金融保险服务;自动提款机;中国农业银行ATM,金牛区,104.055592,30.724509
中国农业银行(成都洞子口支行),finance,金融保险服务;银行;中国农业银行,金牛区,104.058657,30.724093
成都农商银行(文光分理处),finance,金融保险服务;银行;农村商业银行,金牛区,104.055784,30.723635
中国民生银行24小时自助银行(蓉北商贸大道二段),finance,金融保险服务;自动提款机;中国民生银行ATM,金牛区,104.057925,30.719471
中国建设银行ATM(泉水东路),finance,金融保险服务;自动提款机;中国建设银行ATM,金牛区,104.059381,30.726341
中国农业银行24小时自助银行(成都洞子口支行),finance,金融保险服务;自动提款机;中国农业银行ATM,金牛区,104.058657,30.724093
成都农商银行ATM(文光分理处),finance,金融保险服务;自动提款机;农村商业银行ATM,金牛区,104.055783,30.723636
中国工商银行(成都王贾路支行),finance,金融保险服务;银行;中国工商银行,金牛区,104.066124,30.720651
中国工商银行24小时自助银行(成都王贾路支行),finance,金融保险服务;自动提款机;中国工商银行ATM,金牛区,104.066124,30.720651
华夏银行24小时自助银行(王贾路),finance,金融保险服务;自动提款机;华夏银行ATM,金牛区,104.066403,30.722371
中国民生银行(成都红星美凯龙小微支行),finance,金融保险服务;银行;中国民生银行,金牛区,104.074995,30.72337
中国民生银行24小时自助银行(成都红星美凯龙小微支行),finance,金融保险服务;自动提款机;中国民生银行ATM,金牛区,104.074995,30.72337
24小时自助银行服务,finance,金融保险服务;自动提款机;自动提款机,成华区,104.105156,30.725278
中国农业银行(成都富森支行),finance,金融保险服务;银行;中国农业银行,成华区,104.105174,30.725369
中国农业银行24小时自助银行(成都富森支行),finance,金融保险服务;自动提款机;中国农业银行ATM,成华区,104.105167,30.725322
中国建设银行ATM(两河西三路),finance,金融保险服务;自动提款机;中国建设银行ATM,金牛区,103.978611,30.718323
中国建设银行24小时自助银行(两河西二路),finance,金融保险服务;自动提款机;中国建设银行ATM,金牛区,103.981968,30.715421
成都银行24小时自助银行(两河路),finance,金融保险服务;自动提款机;自动提款机,金牛区,103.977377,30.710727
中国银行(成都黄金路支行),finance,金融保险服务;银行;中国银行,金牛区,103.989189,30.711253
中国工商银行(成都高新西部园区支行),finance,金融保险服务;银行;中国工商银行,金牛区,103.991834,30.715382
中国邮政储蓄银行(黄金路支行),finance,金融保险服务;银行;中国邮政储蓄银行,金牛区,103.98949,30.711598
中国建设银行(成都蜀西路支行),finance,金融保险服务;银行;中国建设银行,金牛区,103.987866,30.717816
成都银行(西延线支行),finance,金融保险服务;银行;银行,金牛区,103.987507,30.718045
中国民生银行(成都金牛花园社区支行),finance,金融保险服务;银行;中国民生银行,金牛区,103.989611,30.711725
中国邮政储蓄银行24小时自助银行(黄金路支行),finance,金融保险服务;自动提款机;中国邮政储蓄银行ATM,金牛区,103.98949,30.711598
中国银行24小时自助银行(成都黄金路支行),finance,金融保险服务;自动提款机;中国银行ATM,金牛区,103.989189,30.711253
中国工商银行24小时自助银行(黄金东一路),finance,金融保险服务;自动提款机;中国工商银行ATM,金牛区,103.9906,30.711275
华夏银行ATM(百仁安盛北),finance,金融保险服务;自动提款机;华夏银行ATM,金牛区,103.991265,30.710748
中国民生银行24小时自助银行(成都金牛花园社区支行),finance,金融保险服务;自动提款机;中国民生银行ATM,金牛区,103.989611,30.711725
成都银行24小时自助银行(西延线支行),finance,金融保险服务;自动提款机;自动提款机,金牛区,103.987507,30.718045
中国建设银行24小时自助银行(成都蜀西路支行),finance,金融保险服务;自动提款机;中国建设银行ATM,金牛区,103.987866,30.717816
中国工商银行24小时自助银行(成都高新西部园区支行),finance,金融保险服务;自动提款机;中国工商银行ATM,金牛区,103.991834,30.715382
中国建设银行ATM(金科苑路),finance,金融保险服务;自动提款机;中国建设银行ATM,金牛区,103.985234,30.714141
24小时自助银行服务,finance,金融保险服务;自动提款机;自动提款机,金牛区,103.997315,30.709566
成都农商银行(金泉支行),finance,金融保险服务;银行;农村商业银行,金牛区,103.997128,30.709593
成都农商银行24小时自助银行(金泉支行),finance,金融保险服务;自动提款机;农村商业银行ATM,金牛区,103.99705,30.709665
中国农业银行24小时自助银行(成都蜀西支行),finance,金融保险服务;自动提款机;中国农业银行ATM,金牛区,103.993869,30.711957
中国建设银行ATM,finance,金融保险服务;自动提款机;自动提款机,金牛区,104.00214,30.711705
中国建设银行ATM(科兴南路),finance,金融保险服务;自动提款机;中国建设银行ATM,金牛区,103.998123,30.714496
中国农业银行24小时自助银行(蜀西路),finance,金融保险服务;自动提款机;中国农业银行ATM,金牛区,103.99793,30.710072
中国农业银行(成都蜀西支行),finance,金融保险服务;银行;中国农业银行,金牛区,103.994131,30.711967
中国建设银行24小时自助银行(蜀西路),finance,金融保险服务;自动提款机;中国建设银行ATM,金牛区,103.996081,30.710631
郦湾国际酒店-ATM,finance,金融保险服务;自动提款机;自动提款机,金牛区,103.996615,30.715561
华夏银行ATM(郦湾酒店),finance,金融保险服务;自动提款机;华夏银行ATM,金牛区,103.996627,30.715766
中国邮政储蓄银行ATM(迎宾大道),finance,金融保险服务;自动提款机;中国邮政储蓄银行ATM,金牛区,104.002209,30.711722
24自助银行服务,finance,金融保险服务;自动提款机;自动提款机,金牛区,104.006053,30.712067
中国建设银行(成都迎宾支行),finance,金融保险服务;银行;中国建设银行,金牛区,104.007807,30.709542
中国建设银行(成都金域支行),finance,金融保险服务;银行;中国建设银行,金牛区,104.009384,30.713333
中国农业银行(迎宾大道支行),finance,金融保险服务;银行;中国农业银行,金牛区,104.00803,30.712958
中信银行(成都迎宾大道支行),finance,金融保险服务;银行;中信银行,金牛区,104.005994,30.712114
中国建设银行24小时自助银行(成都迎宾支行),finance,金融保险服务;自动提款机;中国建设银行ATM,金牛区,104.007807,30.709542
中国建设银行24小时自助银行(成都金域支行),finance,金融保险服务;自动提款机;中国建设银行ATM,金牛区,104.009358,30.713376
中国农业银行24小时自助银行(成都迎宾大道支行),finance,金融保险服务;自动提款机;中国农业银行ATM,金牛区,104.00798,30.712909
中信银行24小时自助银行(成都迎宾大道支行),finance,金融保险服务;自动提款机;中信银行ATM,金牛区,104.006097,30.711934
中国建设银行ATM(金卉路),finance,金融保险服务;自动提款机;中国建设银行ATM,金牛区,104.01643,30.712028
上海浦东发展银行ATM(长兰路),finance,金融保险服务;自动提款机;上海浦东发展银行ATM,金牛区,104.033343,30.709509
成都农商银行(万贯分理处),finance,金融保险服务;银行;农村商业银行,金牛区,104.032063,30.714426
金府路小微支行,finance,金融保险服务;银行;银行,金牛区,104.032864,30.715451
大连银行,finance,金融保险服务;银行;银行,金牛区,104.033196,30.714855
交通银行ATM(金府路),finance,金融保险服务;自动提款机;交通银行ATM,金牛区,104.026931,30.710552
中国建设银行ATM(长庆西一路),finance,金融保险服务;自动提款机;中国建设银行ATM,金牛区,104.033292,30.709573
中国建设银行24小时自助银行(金府路),finance,金融保险服务;自动提款机;中国建设银行ATM,金牛区,104.02601,30.710022
中国民生银行24小时自助银行(华丰路),finance,金融保险服务;自动提款机;中国民生银行ATM,金牛区,104.027294,30.717457
华夏银行24小时自助银行,finance,金融保险服务;自动提款机;华夏银行ATM,金牛区,104.03201,30.71448
华夏银行(社区支行),finance,金融保险服务;银行;华夏银行,金牛区,104.032143,30.714622
成都农商银行24小时自助银行(万贯分理处),finance,金融保险服务;自动提款机;农村商业银行ATM,金牛区,104.032032,30.714475
大连银行24小时自助银行(交大路),finance,金融保险服务;自动提款机;自动提款机,金牛区,104.032923,30.715325
华夏银行24小时自助银行(万贯机电大道一路),finance,金融保险服务;自动提款机;华夏银行ATM,金牛区,104.027714,30.71381
中国平安银行,finance,金融保险服务;银行;平安银行,金牛区,104.03651,30.711666
交通银行(交大路支行),finance,金融保险服务;银行;交通银行,金牛区,104.037852,30.709964
成都农商银行(金府分理处),finance,金融保险服务;银行;农村商业银行,金牛区,104.038192,30.71569
中国农业银行(金府支行),finance,金融保险服务;银行;中国农业银行,金牛区,104.033668,30.7143
中国银行(交大路支行),finance,金融保险服务;银行;中国银行,金牛区,104.034856,30.713011
中国建设银行(成都交大路支行),finance,金融保险服务;银行;中国建设银行,金牛区,104.035998,30.711517
成都农商银行(机电城支行),finance,金融保险服务;银行;农村商业银行,金牛区,104.040834,30.718852
中国农业银行24小时自助银行(金府支行),finance,金融保险服务;自动提款机;中国农业银行ATM,金牛区,104.03364,30.714338
中国银行24小时自助银行(交大路支行),finance,金融保险服务;自动提款机;中国银行ATM,金牛区,104.034904,30.712939
浙江民泰商业银行(成都金牛支行),finance,金融保险服务;银行;银行,金牛区,104.041248,30.719244
平安银行24小时自助银行(金牛支行),finance,金融保险服务;自动提款机;平安银行ATM,金牛区,104.036497,30.711685
浙商银行(成都金牛支行),finance,金融保险服务;银行;银行,金牛区,104.037849,30.716602
成都农商银行24小时自助银行(机电分理处),finance,金融保险服务;自动提款机;农村商业银行ATM,金牛区,104.040834,30.718852
交通银行24小时自助银行(交大路支行),finance,金融保险服务;自动提款机;交通银行ATM,金牛区,104.037852,30.709964
中国建设银行24小时自助银行(长和路),finance,金融保险服务;自动提款机;中国建设银行ATM,金牛区,104.042791,30.715629
中国建设银行24小时自助银行(成都交大路支行),finance,金融保险服务;自动提款机;中国建设银行ATM,金牛区,104.035998,30.711517
浙商银行ATM(成都金牛支行),finance,金融保险服务;自动提款机;自动提款机,金牛区,104.037849,30.716602
中国建设银行24小时自助银行(成都金府国际支行),finance,金融保险服务;自动提款机;中国建设银行ATM,金牛区,104.040744,30.719364
中国工商银行24小时自助银行(长青路),finance,金融保险服务;自动提款机;中国工商银行ATM,金牛区,104.037512,30.712323
中国建设银行(成都金府国际支行),finance,金融保险服务;银行;中国建设银行,金牛区,104.040775,30.719355
平安银行ATM(新泉路),finance,金融保险服务;自动提款机;平安银行ATM,金牛区,104.042018,30.718151
成都农商银行24小时自助银行(金府分理处),finance,金融保险服务;自动提款机;农村商业银行ATM,金牛区,104.038075,30.715687
浙江民泰商业银行24小时自助银行(成都金牛支行),finance,金融保险服务;自动提款机;自动提款机,金牛区,104.041248,30.719244
成都市农商银行24小时自助银行,finance,金融保险服务;自动提款机;农村商业银行ATM,金牛区,104.037107,30.709898
成都市农村商业银行ATM(长久新城长乐苑西),finance,金融保险服务;自动提款机;农村商业银行ATM,金牛区,104.037861,30.714234
中国建设银行(星辰路储蓄所),finance,金融保险服务;银行;中国建设银行,金牛区,104.044548,30.709783
中国建设银行24小时自助银行(星辰路支行),finance,金融保险服务;自动提款机;中国建设银行ATM,金牛区,104.044548,30.709783
中国工商银行24小时自助银行(星河路),finance,金融保险服务;自动提款机;中国工商银行ATM,金牛区,104.045872,30.709799
平安银行ATM(九里堤西路),finance,金融保险服务;自动提款机;平安银行ATM,金牛区,104.044572,30.713364
招商银行24小时自助银行(成都五福桥东街支行),finance,金融保险服务;自动提款机;招商银行ATM,金牛区,104.060779,30.711983
招商银行(成都五福桥东街支行),finance,金融保险服务;银行;招商银行,金牛区,104.060779,30.711983
中国建设银行(五福桥分理处),finance,金融保险服务;银行;中国建设银行,金牛区,104.062949,30.714519
中国工商银行(恒业国际支行),finance,金融保险服务;银行;中国工商银行,金牛区,104.061156,30.710493
中国民生银行(成都北城天街社区支行),finance,金融保险服务;银行;中国民生银行,金牛区,104.062928,30.715192
贵阳银行(成都金牛支行),finance,金融保险服务;银行;银行,金牛区,104.056706,30.716854
中国建设银行24小时自助银行(五福桥分理处),finance,金融保险服务;自动提款机;中国建设银行ATM,金牛区,104.062913,30.714665
中国建设银行ATM(福源路),finance,金融保险服务;自动提款机;中国建设银行ATM,金牛区,104.055842,30.717277
中国工商银行24小时自助银行(恒业国际支行),finance,金融保险服务;自动提款机;中国工商银行ATM,金牛区,104.061156,30.710493
中国光大银行ATM(福宁路),finance,金融保险服务;自动提款机;中国光大银行ATM,金牛区,104.057861,30.719169
中国民生银行24小时自助银行(成都北城天街社区支行),finance,金融保险服务;自动提款机;中国民生银行ATM,金牛区,104.062928,30.715192
贵阳银行24小时自助银行(成都金牛支行),finance,金融保险服务;自动提款机;自动提款机,金牛区,104.056782,30.717146
成都农商银行(量力支行),finance,金融保险服务;银行;农村商业银行,成华区,104.070586,30.712066
成都农商银行24小时自助银行(量力支行),finance,金融保险服务;自动提款机;农村商业银行ATM,成华区,104.070586,30.712066
大连银行(五块石小微支行),finance,金融保险服务;银行;银行,金牛区,104.064857,30.71384
攀技花市商业银行ATM,finance,金融保险服务;自动提款机;农村商业银行ATM,金牛区,104.067246,30.714262
中国建设银行24小时自助银行(五块石路),finance,金融保险服务;自动提款机;中国建设银行ATM,金牛区,104.064538,30.713385
成都银行ATM(花径路),finance,金融保险服务;自动提款机;自动提款机,成华区,104.069577,30.712704
中国建设银行24小时自助银行(赛云台北路),finance,金融保险服务;自动提款机;中国建设银行ATM,金牛区,104.066055,30.710014
中国工商银行24小时自助银行(五块石路),finance,金融保险服务;自动提款机;中国工商银行ATM,金牛区,104.064516,30.713287
中国民生银行24小时自助银行(北城盛世北),finance,金融保险服务;自动提款机;中国民生银行ATM,金牛区,104.065467,30.712791
中国银行24小时自助银行(五福桥东路),finance,金融保险服务;自动提款机;中国银行ATM,金牛区,104.065601,30.714491
大连银行24小时自助银行(五块石小微支行),finance,金融保险服务;自动提款机;自动提款机,金牛区,104.064681,30.713849
攀枝花市商业银行24小时自助银行(成都城北支行),finance,金融保险服务;自动提款机;自动提款机,金牛区,104.067458,30.714319
中国建设银行24小时自助银行(中环路洞子口路段),finance,金融保险服务;自动提款机;中国建设银行ATM,成华区,104.069249,30.718811
包商银行24小时自助银行(成都龙湖北城天街社区支行),finance,金融保险服务;自动提款机;自动提款机,金牛区,104.06455,30.71344
攀枝花市商业银行(成都城北支行),finance,金融保险服务;银行;农村商业银行,金牛区,104.067458,30.714319
成都农商银行(百盛大厦支行),finance,金融保险服务;银行;农村商业银行,成华区,104.079703,30.713323
成都农商银行24小时自助银行(百盛大厦支行),finance,金融保险服务;自动提款机;农村商业银行ATM,成华区,104.079703,30.713323
中国建设银行ATM(中环路双荆路路段),finance,金融保险服务;自动提款机;中国建设银行ATM,成华区,104.080576,30.713293
华夏银行ATM(双耀一路),finance,金融保险服务;自动提款机;华夏银行ATM,金牛区,104.074326,30.718422
24h自助银行服务,finance,金融保险服务;自动提款机;自动提款机,成华区,104.090158,30.715657
中国工商银行(成都双荆路支行),finance,金融保险服务;银行;中国工商银行,成华区,104.093143,30.711027
中国银行(成都羊子山支行),finance,金融保险服务;银行;中国银行,成华区,104.09289,30.710352
中国银行ATM(双荆路),finance,金融保险服务;自动提款机;中国银行ATM,成华区,104.089297,30.714864
中国建设银行ATM(荆竹坝路),finance,金融保险服务;自动提款机;中国建设银行ATM,成华区,104.091915,30.715063
中国工商银行24小时自助银行(双荆路),finance,金融保险服务;自动提款机;中国工商银行ATM,成华区,104.090054,30.715635
中国银行24小时自助银行(成都羊子山支行),finance,金融保险服务;自动提款机;中国银行ATM,成华区,104.09289,30.710352
中国建设银行ATM(双荆路),finance,金融保险服务;自动提款机;中国建设银行ATM,成华区,104.088731,30.714986
中国银行ATM(中环路双荆路路段),finance,金融保险服务;自动提款机;中国银行ATM,成华区,104.091659,30.712505
中国建设银行ATM(中环路双荆路路段),finance,金融保险服务;自动提款机;中国建设银行ATM,成华区,104.091916,30.712397
中国工商银行24小时自助银行(成都双荆路支行),finance,金融保险服务;自动提款机;中国工商银行ATM,成华区,104.093143,30.711027
中国农业银行24小时自助银行(中环路双荆路路段),finance,金融保险服务;自动提款机;中国农业银行ATM,成华区,104.092834,30.711202
华泰保险股份有限公司(中环路双荆路路段),finance,金融保险服务;保险公司;华泰财产保险股份有限公司,成华区,104.094787,30.713138
24h自助银行服务,finance,金融保险服务;自动提款机;自动提款机,成华区,104.101953,30.716252
平安银行24小时自助银行(成都北城支行),finance,金融保险服务;自动提款机;平安银行ATM,成华区,104.094256,30.711316
中国工商银行(昭觉南路支行),finance,金融保险服务;银行;中国工商银行,成华区,104.101815,30.716332
招商银行(昭觉寺南路支行),finance,金融保险服务;银行;招商银行,成华区,104.102903,30.719105
招商银行(荆竹中路小微支行),finance,金融保险服务;银行;招商银行,成华区,104.101865,30.71767
招商银行24小时自助银行(成都昭觉寺南路支行),finance,金融保险服务;自动提款机;招商银行ATM,成华区,104.102805,30.719132
攀枝花市商业银行(成都招商雍华府社区支行),finance,金融保险服务;银行;银行,成华区,104.094838,30.712511
中国银行ATM(羊子山西路),finance,金融保险服务;自动提款机;中国银行ATM,成华区,104.094216,30.709459
中国建设银行24小时自助银行,finance,金融保险服务;自动提款机;中国建设银行ATM,成华区,104.097033,30.711606
中国农业银行24小时自助银行(荆竹中路),finance,金融保险服务;自动提款机;中国农业银行ATM,成华区,104.10262,30.715525
中国工商银行24小时自助银行(昭觉南路支行),finance,金融保险服务;自动提款机;中国工商银行ATM,成华区,104.10171,30.71626
平安银行(成都北城支行),finance,金融保险服务;银行;平安银行,成华区,104.094383,30.711637
华夏银行ATM(中环路双荆路路段),finance,金融保险服务;自动提款机;华夏银行ATM,成华区,104.096568,30.710857
攀枝花市商业银行24小时自助银行(成都招商雍华府社区支行),finance,金融保险服务;自动提款机;自动提款机,成华区,104.094838,30.712511
ICBC24h自助银行服务,finance,金融保险服务;自动提款机;自动提款机,成华区,104.112346,30.716267
中国农业银行24h,finance,金融保险服务;银行;中国农业银行,成华区,104.104716,30.717712
中国建设银行(成都东昌路支行),finance,金融保险服务;银行;中国建设银行,成华区,104.104117,30.716303
中国银行ATM(荆翠中路),finance,金融保险服务;自动提款机;中国银行ATM,成华区,104.109944,30.717477
招商银行24小时自助银行(成都荆竹中路小微支行),finance,金融保险服务;自动提款机;招商银行ATM,成华区,104.103914,30.715502
中国工商银行ATM,finance,金融保险服务;自动提款机;中国工商银行ATM,成华区,104.112346,30.716267
中国银行ATM(荆翠中路),finance,金融保险服务;自动提款机;中国银行ATM,成华区,104.108631,30.718042
中国建设银行ATM(东荆路),finance,金融保险服务;自动提款机;中国建设银行ATM,成华区,104.111477,30.713254
中国建设银行24小时自助银行(东荆路),finance,金融保险服务;自动提款机;中国建设银行ATM,成华区,104.112925,30.718885
中国光大银行(成都上东社区支行),finance,金融保险服务;银行;中国光大银行,成华区,104.104182,30.71537
中国连锁银行ATM,finance,金融保险服务;自动提款机;自动提款机,成华区,104.112759,30.718906
中国建设银行24小时自助银行(成都东昌路支行),finance,金融保险服务;自动提款机;中国建设银行ATM,成华区,104.104128,30.716279
中国光大银行24小时自助银行(成都上东社区支行),finance,金融保险服务;自动提款机;中国光大银行ATM,成华区,104.104179,30.715368
中国工商银行24小时自助银行(北湖印象2期东南),finance,金融保险服务;自动提款机;中国工商银行ATM,成华区,104.164618,30.718667
成都农商银行(同乐分理处),finance,金融保险服务;银行;农村商业银行,成华区,104.165483,30.71917
中国建设银行ATM(北湖印象南区西),finance,金融保险服务;自动提款机;中国建设银行ATM,成华区,104.165504,30.717653
成都农商银行24小时自助银行(同乐分理处),finance,金融保险服务;自动提款机;农村商业银行ATM,成华区,104.165483,30.71917
中国建设银行ATM(清风路),finance,金融保险服务;自动提款机;中国建设银行ATM,金牛区,103.979208,30.709591
中国建设银行ATM(清淳一街),finance,金融保险服务;自动提款机;中国建设银行ATM,金牛区,103.977053,30.70663
中国银行ATM(清淳二街),finance,金融保险服务;自动提款机;中国银行ATM,金牛区,103.978213,30.704735
华夏银行ATM,finance,金融保险服务;自动提款机;华夏银行ATM,金牛区,103.978461,30.70908
中国建设银行ATM(黄金东二路),finance,金融保险服务;自动提款机;中国建设银行ATM,金牛区,103.990945,30.708326
华夏银行ATM(黄金东二路),finance,金融保险服务;自动提款机;华夏银行ATM,金牛区,103.99096,30.708315
中国银行(成都蜀跃路支行),finance,金融保险服务;银行;中国银行,金牛区,104.003637,30.708068
中国农业银行(成都蜀跃路支行),finance,金融保险服务;银行;中国农业银行,金牛区,104.003359,30.707633
中国邮政储蓄银行(蜀西环街营业所),finance,金融保险服务;银行;中国邮政储蓄银行,金牛区,103.999878,30.70515
大连银行(成都蜀汉支行),finance,金融保险服务;银行;银行,金牛区,104.001823,30.705395
中国建设银行ATM(蜀西环街),finance,金融保险服务;自动提款机;中国建设银行ATM,金牛区,103.999846,30.704884
中国建设银行ATM(黄金东一路),finance,金融保险服务;自动提款机;中国建设银行ATM,金牛区,103.99507,30.707554
中国农业银行24小时自助银行(蜀跃路支行),finance,金融保险服务;自动提款机;中国农业银行ATM,金牛区,104.003359,30.707633
华夏银行(蜀汉支行),finance,金融保险服务;银行;华夏银行,金牛区,104.001024,30.707625
中国银行24小时自助银行(成都蜀跃路支行),finance,金融保险服务;自动提款机;中国银行ATM,金牛区,104.003637,30.708068
华夏银行ATM(黄金东一路),finance,金融保险服务;自动提款机;华夏银行ATM,金牛区,103.994452,30.70807
中国邮政储蓄银行24小时自助银行(蜀西环街营业所),finance,金融保险服务;自动提款机;中国邮政储蓄银行ATM,金牛区,103.999905,30.705123
华夏银行24小时自助银行(成都蜀汉支行),finance,金融保险服务;自动提款机;华夏银行ATM,金牛区,104.001024,30.707625
大连银行24小时自助银行(成都蜀汉支行),finance,金融保险服务;自动提款机;自动提款机,金牛区,104.001907,30.705659
中国建设银行ATM(西三环路五段辅路),finance,金融保险服务;自动提款机;中国建设银行ATM,金牛区,104.011142,30.707591
中国邮政储蓄银行(羊犀支行),finance,金融保险服务;银行;中国邮政储蓄银行,金牛区,104.006778,30.700878
中国工商银行ATM(金卉南路),finance,金融保险服务;自动提款机;中国工商银行ATM,金牛区,104.011018,30.709268
中国工商银行24小时自助银行(蜀跃东路),finance,金融保险服务;自动提款机;中国工商银行ATM,金牛区,104.006401,30.707475
中国工商银行24小时自助银行(蜀跃路),finance,金融保险服务;自动提款机;中国工商银行ATM,金牛区,104.005017,30.708512
华泰保险股份有限公司(成都众达店),finance,金融保险服务;保险公司;华泰财产保险股份有限公司,金牛区,104.015017,30.701631
招商银行24小时自助银行(成都金府路支行),finance,金融保险服务;自动提款机;招商银行ATM,金牛区,104.022483,30.707665
中国银行ATM(育卉路),finance,金融保险服务;自动提款机;中国银行ATM,金牛区,104.017759,30.70486
中国建设银行24小时自助银行(育仁西路),finance,金融保险服务;自动提款机;中国建设银行ATM,金牛区,104.015222,30.701305
中国建设银行ATM(金府路),finance,金融保险服务;自动提款机;中国建设银行ATM,金牛区,104.021188,30.707472
交通银行ATM(茶店子西街),finance,金融保险服务;自动提款机;交通银行ATM,金牛区,104.020896,30.704796
招商银行(成都金府路支行),finance,金融保险服务;银行;招商银行,金牛区,104.022469,30.707657
兴业银行银河路社区便民金融服务点,finance,金融保险服务;银行;兴业银行,金牛区,104.043048,30.700721
上海浦东发展银行ATM(金房苑北路),finance,金融保险服务;自动提款机;上海浦东发展银行ATM,金牛区,104.035546,30.699562
中国工商银行(长庆路分理处),finance,金融保险服务;银行;中国工商银行,金牛区,104.034055,30.708618
中国农业银行(星辰支行),finance,金融保险服务;银行;中国农业银行,金牛区,104.04337,30.707159
中国农业银行(成都长庆分理处),finance,金融保险服务;银行;中国农业银行,金牛区,104.0377,30.704479
中国民生银行(成都金牛支行),finance,金融保险服务;银行;中国民生银行,金牛区,104.038763,30.704572
成都银行(交大路支行),finance,金融保险服务;银行;银行,金牛区,104.040372,30.70602
中国工商银行(星河路支行),finance,金融保险服务;银行;中国工商银行,金牛区,104.038979,30.708706
中国邮政储蓄银行(交大路营业所),finance,金融保险服务;银行;中国邮政储蓄银行,金牛区,104.038091,30.709119
中国工商银行(一品天下分理处),finance,金融保险服务;银行;中国工商银行,金牛区,104.0367,30.703241
中国建设银行(锦城名都储蓄所),finance,金融保险服务;银行;中国建设银行,金牛区,104.038766,30.703327
个人贷款业务受理点,finance,金融保险服务;银行;银行,金牛区,104.038937,30.708924
中信银行24小时自助银行(银沙北街),finance,金融保险服务;自动提款机;中信银行ATM,金牛区,104.041336,30.700162
中国民生银行(成都交大九响社区支行),finance,金融保险服务;银行;中国民生银行,金牛区,104.036798,30.705034
招商银行24小时自助银行(长庆东一路),finance,金融保险服务;自动提款机;招商银行ATM,金牛区,104.036355,30.705617
中国工商银行24小时自助银行(长庆路分理处),finance,金融保险服务;自动提款机;中国工商银行ATM,金牛区,104.034269,30.708521
招商银行24小时自助银行(交大路),finance,金融保险服务;自动提款机;招商银行ATM,金牛区,104.043237,30.704885
中国农业银行24小时自助银行(成都长庆分理处),finance,金融保险服务;自动提款机;中国农业银行ATM,金牛区,104.0377,30.704479
兴业银行ATM(银河路),finance,金融保险服务;自动提款机;兴业银行ATM,金牛区,104.043563,30.701022
中国农业银行ATM(交大路),finance,金融保险服务;自动提款机;中国农业银行ATM,金牛区,104.041905,30.705213
交通银行ATM(交大路),finance,金融保险服务;自动提款机;交通银行ATM,金牛区,104.04239,30.704608
兴业银行(成都华宇·锦城名都社区支行),finance,金融保险服务;银行;兴业银行,金牛区,104.038866,30.702824
中国建设银行ATM(星河路),finance,金融保险服务;自动提款机;中国建设银行ATM,金牛区,104.040325,30.709142
交通银行ATM(嘉信茂广场),finance,金融保险服务;自动提款机;交通银行ATM,金牛区,104.043233,30.704968
兴业银行24小时自助银行(银河路),finance,金融保险服务;自动提款机;兴业银行ATM,金牛区,104.042971,30.700849
中国农业银行ATM(凯德广场·金牛),finance,金融保险服务;自动提款机;中国农业银行ATM,金牛区,104.043094,30.704864
中国农业银行24小时自助银行(成都星辰支行),finance,金融保险服务;自动提款机;中国农业银行ATM,金牛区,104.04337,30.707159
中国建设银行ATM(长庆东一路),finance,金融保险服务;自动提款机;中国建设银行ATM,金牛区,104.03523,30.707139
包商银行(成都交大智能小区社区支行),finance,金融保险服务;银行;银行,金牛区,104.040367,30.701672
中国农业银行24小时自助银行(长庆路),finance,金融保险服务;自动提款机;中国农业银行ATM,金牛区,104.034573,30.708467
中国民生银行24小时自助银行(成都金牛支行),finance,金融保险服务;自动提款机;中国民生银行ATM,金牛区,104.03875,30.704554
成都银行ATM(交大路支行),finance,金融保险服务;自动提款机;自动提款机,金牛区,104.040346,30.706004
中国民生银行ATM(凯德广场·金牛),finance,金融保险服务;自动提款机;中国民生银行ATM,金牛区,104.04298,30.704802
成都银行ATM(银河路),finance,金融保险服务;自动提款机;自动提款机,金牛区,104.043406,30.701392
中国工商银行24小时自助银行(银沙街),finance,金融保险服务;自动提款机;中国工商银行ATM,金牛区,104.038828,30.701955
交通银行沃尔玛信用卡申请办点,finance,金融保险服务;银行相关;银行相关,金牛区,104.042217,30.704717
兴业银行24小时自助银行(成都华宇·锦城名都社区支行),finance,金融保险服务;自动提款机;兴业银行ATM,金牛区,104.038866,30.702824
中国工商银行24小时自助银行(一品天下分理处),finance,金融保险服务;自动提款机;中国工商银行ATM,金牛区,104.036756,30.703399
华夏银行ATM(凯德广场·金牛),finance,金融保险服务;自动提款机;华夏银行ATM,金牛区,104.043181,30.705033
中国民生银行24小时自助银行(长福街),finance,金融保险服务;自动提款机;中国民生银行ATM,金牛区,104.036798,30.705034
包商银行ATM(成都交大智能小区社区支行),finance,金融保险服务;自动提款机;自动提款机,金牛区,104.040367,30.701672
中国工商银行24小时自助银行(星河路支行),finance,金融保险服务;自动提款机;中国工商银行ATM,金牛区,104.039102,30.70876
中国建设银行24小时自助银行(锦城名都储蓄所),finance,金融保险服务;自动提款机;中国建设银行ATM,金牛区,104.038744,30.703347
中国邮政储蓄银行24小时自助银行(交大路营业所),finance,金融保险服务;自动提款机;中国邮政储蓄银行ATM,金牛区,104.038091,30.709119
华泰保险股份有限公司(金牛鑫陈仕店),finance,金融保险服务;保险公司;华泰财产保险股份有限公司,金牛区,104.047598,30.705265
中国工商银行24小时自助银行(银河路),finance,金融保险服务;自动提款机;中国工商银行ATM,金牛区,104.043644,30.701206
中国银行(成都西南交大支行),finance,金融保险服务;银行;中国银行,金牛区,104.04936,30.704525
中国建设银行(九里堤小区储蓄所),finance,金融保险服务;银行;中国建设银行,金牛区,104.052658,30.706816
中国农业银行(星汉路支行),finance,金融保险服务;银行;中国农业银行,金牛区,104.047398,30.705529
中国民生银行(成都西南交大社区支行),finance,金融保险服务;银行;中国民生银行,金牛区,104.046435,30.699695
中国建设银行(成都西南交通大学九里校区支行),finance,金融保险服务;银行;中国建设银行,金牛区,104.051976,30.702213
成都银行(九里堤支行),finance,金融保险服务;银行;银行,金牛区,104.052414,30.707085
成都农商银行,finance,金融保险服务;银行;农村商业银行,金牛区,104.04409,30.702036
兴业银行ATM(银河路),finance,金融保险服务;自动提款机;兴业银行ATM,金牛区,104.043563,30.701022
兴业银行ATM(西南交大),finance,金融保险服务;自动提款机;兴业银行ATM,金牛区,104.052196,30.703192
中国建设银行ATM(交桂路),finance,金融保险服务;自动提款机;中国建设银行ATM,金牛区,104.045408,30.705219
中国工商银行(群星路分理处),finance,金融保险服务;银行;中国工商银行,金牛区,104.051247,30.705651
中国建设银行24小时自助银行(九里堤小区储蓄所),finance,金融保险服务;自动提款机;中国建设银行ATM,金牛区,104.052659,30.706819
成都银行ATM(星科路),finance,金融保险服务;自动提款机;自动提款机,金牛区,104.049747,30.709378
中国工商银行ATM(群星路分理处),finance,金融保险服务;自动提款机;中国工商银行ATM,金牛区,104.051285,30.705673
中国民生银行24小时自助银行(九里堤北路),finance,金融保险服务;自动提款机;中国民生银行ATM,金牛区,104.05116,30.708381
中国银行24小时自助银行(成都西南交大支行),finance,金融保险服务;自动提款机;中国银行ATM,金牛区,104.049299,30.704494
中国工商银行24小时自助银行(交桂路),finance,金融保险服务;自动提款机;中国工商银行ATM,金牛区,104.044866,30.705043
成都银行ATM(九里堤支行),finance,金融保险服务;自动提款机;农村商业银行ATM,金牛区,104.052413,30.707084
中国工商银行24小时自助银行(九里堤北路),finance,金融保险服务;自动提款机;中国工商银行ATM,金牛区,104.051359,30.708155
中国民生银行24小时自助银行(成都西南交大社区支行),finance,金融保险服务;自动提款机;中国民生银行ATM,金牛区,104.046479,30.699728
中国农业银行24小时自助银行(成都星汉路支行),finance,金融保险服务;自动提款机;中国农业银行ATM,金牛区,104.047399,30.70553
中国建设银行24小时自助银行(西南交通大学南园住宅区东北),finance,金融保险服务;自动提款机;中国建设银行ATM,金牛区,104.046667,30.69984
中国建设银行24小时自助银行(成都西南交通大学九里校区支行),finance,金融保险服务;自动提款机;中国建设银行ATM,金牛区,104.051976,30.702213
成都农商银行24小时自助银行(交大路),finance,金融保险服务;自动提款机;农村商业银行ATM,金牛区,104.044023,30.701982
中国农业银行24小时自助银行(赛云台西二路),finance,金融保险服务;自动提款机;中国农业银行ATM,金牛区,104.061952,30.706842
中国建设银行24小时自助银行(赛云台西一路),finance,金融保险服务;自动提款机;中国建设银行ATM,金牛区,104.063456,30.705258
成都银行ATM(九里堤中路),finance,金融保险服务;自动提款机;自动提款机,金牛区,104.05514,30.702256
中国建设银行ATM(九里堤中路),finance,金融保险服务;自动提款机;中国建设银行ATM,金牛区,104.054897,30.701522
成都银行ATM互惠交大(东门),finance,金融保险服务;自动提款机;自动提款机|通行设施;临街院门;临街院门,金牛区,104.055197,30.702258
成都农商银行(站北分理处),finance,金融保险服务;银行;农村商业银行,成华区,104.072243,30.704946
成都农商银行ATM(站北分理处),finance,金融保险服务;自动提款机;农村商业银行ATM,成华区,104.072243,30.704946
成都银行ATM(蓉北商贸大道一段),finance,金融保险服务;自动提款机;自动提款机,金牛区,104.06425,30.703458
中国银行(成都花径路支行),finance,金融保险服务;银行;中国银行,金牛区,104.069504,30.707428
平安银行(五块石小微支行),finance,金融保险服务;银行;平安银行,金牛区,104.06414,30.704464
中国农业银行(成都五福支行),finance,金融保险服务;银行;中国农业银行,金牛区,104.063737,30.707068
成都银行(五块石支行),finance,金融保险服务;银行;银行,金牛区,104.067629,30.705319
中国民生银行(五块石小微支行),finance,金融保险服务;银行;中国民生银行,金牛区,104.064242,30.707187
中国银行24小时自助银行(成都花径路支行),finance,金融保险服务;自动提款机;中国银行ATM,金牛区,104.069436,30.707423
成都农商银行(洞子口支行),finance,金融保险服务;银行;农村商业银行,金牛区,104.0667,30.705309
中国农业银行24小时自助银行(赛云台东一路),finance,金融保险服务;自动提款机;中国农业银行ATM,金牛区,104.066684,30.704952
中国建设银行24小时自助银行(站北路分理处),finance,金融保险服务;自动提款机;中国建设银行ATM,成华区,104.070691,30.705417
中国建设银行ATM(站北路),finance,金融保险服务;自动提款机;中国建设银行ATM,成华区,104.072962,30.705308
兴业银行ATM(云景豪庭西南),finance,金融保险服务;自动提款机;兴业银行ATM,金牛区,104.066529,30.700895
中国建设银行ATM(站北中街),finance,金融保险服务;自动提款机;中国建设银行ATM,成华区,104.072129,30.708529
中国民生银行24小时自助银行,finance,金融保险服务;自动提款机;中国民生银行ATM,金牛区,104.064243,30.707192
中国农业银行24小时自助银行(成都五福支行),finance,金融保险服务;自动提款机;中国农业银行ATM,金牛区,104.063734,30.707081
交通银行24小时自助银行(成都站支行),finance,金融保险服务;自动提款机;交通银行ATM,金牛区,104.064141,30.704607
中国工商银行24小时自助银行(五块石路),finance,金融保险服务;自动提款机;中国工商银行ATM,金牛区,104.063615,30.707814
中国工商银行24小时自助银行(成都花径路支行),finance,金融保险服务;自动提款机;中国工商银行ATM,金牛区,104.069542,30.707732
成都银行24小时自助银行(五块石支行),finance,金融保险服务;自动提款机;自动提款机,金牛区,104.067629,30.705319
成都农商银行ATM(洞子口支行),finance,金融保险服务;自动提款机;农村商业银行ATM,金牛区,104.066742,30.705315
成都银行ATM(齐盛花园东南),finance,金融保险服务;自动提款机;自动提款机,成华区,104.069758,30.706529
中国农业银行(站北支行),finance,金融保险服务;银行;中国农业银行,成华区,104.076742,30.702906
中国农业银行24小时自助银行(成都站北支行),finance,金融保险服务;自动提款机;中国农业银行ATM,成华区,104.076742,30.702906
中国建设银行ATM(八里桥路),finance,金融保险服务;自动提款机;中国建设银行ATM,成华区,104.07471,30.706104
兴业银行ATM(站北东街),finance,金融保险服务;自动提款机;兴业银行ATM,成华区,104.075355,30.702863
中国银行ATM,finance,金融保险服务;自动提款机;中国银行ATM,成华区,104.080607,30.707418
中国农业银行(成都仙湖分理处),finance,金融保险服务;银行;中国农业银行,成华区,104.092352,30.708966
中国建设银行(成都仙湖支行),finance,金融保险服务;银行;中国建设银行,成华区,104.091778,30.708055
中国农业银行24小时自助银行(成都仙湖分理处),finance,金融保险服务;自动提款机;中国农业银行ATM,成华区,104.092352,30.708966
中国建设银行ATM(洪山南路),finance,金融保险服务;自动提款机;中国建设银行ATM,成华区,104.0898,30.703704
中国民生银行(成都融锦城社区支行),finance,金融保险服务;银行;中国民生银行,成华区,104.093189,30.707142
中国农业银行24小时自助银行(羊子山路),finance,金融保险服务;自动提款机;中国农业银行ATM,成华区,104.093336,30.707278
中国建设银行24小时自助银行(横桥街),finance,金融保险服务;自动提款机;中国建设银行ATM,成华区,104.092877,30.704158
中国农业银行24小时自助银行(沙河·路苑西),finance,金融保险服务;自动提款机;中国农业银行ATM,成华区,104.086228,30.702823
中国建设银行24小时自助银行(沙河·路苑西),finance,金融保险服务;自动提款机;中国建设银行ATM,成华区,104.085068,30.702706
中国建设银行24小时自助银行(成都仙湖支行),finance,金融保险服务;自动提款机;中国建设银行ATM,成华区,104.091778,30.708055
中国民生银行24自助银行,finance,金融保险服务;自动提款机;中国民生银行ATM,成华区,104.092928,30.707192
华夏银行ATM(赤虎桥东路),finance,金融保险服务;自动提款机;华夏银行ATM,成华区,104.090124,30.702863
中国民生银行24小时自助银行(成都融锦城社区支行),finance,金融保险服务;自动提款机;中国民生银行ATM,成华区,104.093189,30.707142
24自助银行服务,finance,金融保险服务;自动提款机;自动提款机,成华区,104.09378,30.706269
中国农业银行(成都青龙支行),finance,金融保险服务;银行;中国农业银行,成华区,104.102402,30.703577
中国银行(成都西林路支行),finance,金融保险服务;银行;中国银行,成华区,104.09659,30.702025
中国工商银行(成都昭觉横街支行),finance,金融保险服务;银行;中国工商银行,成华区,104.102829,30.703582
成都农商银行(青龙场支行),finance,金融保险服务;银行;农村商业银行,成华区,104.099809,30.705479
成都农商银行(驷马桥分理处),finance,金融保险服务;银行;农村商业银行,成华区,104.093907,30.706186
中国工商银行24小时自助银行(成都昭觉横街分理处),finance,金融保险服务;自动提款机;中国工商银行ATM,成华区,104.103086,30.703568
成都银行(羊子山西路),finance,金融保险服务;银行;银行,成华区,104.095565,30.708848
南充市商业银行,finance,金融保险服务;银行;银行,成华区,104.095125,30.70869
中国邮政储蓄银行(青龙场营业所),finance,金融保险服务;银行;中国邮政储蓄银行,成华区,104.103114,30.704025
中国农业银行24小时自助银行(成都青龙支行),finance,金融保险服务;自动提款机;中国农业银行ATM,成华区,104.102361,30.703576
中国工商银行24小时自助银行,finance,金融保险服务;自动提款机;中国工商银行ATM,成华区,104.093664,30.707641
工商银行成都沙河驷马桥自助银行,finance,金融保险服务;自动提款机;中国工商银行ATM,成华区,104.098556,30.703957
中信银行24小时自助银行(昭觉寺南路),finance,金融保险服务;自动提款机;中信银行ATM,成华区,104.094377,30.706678
中国银行24小时自助银行(成都西林路支行),finance,金融保险服务;自动提款机;中国银行ATM,成华区,104.096519,30.701842
中国邮政储蓄银行24小时自助银行(青龙场营业所),finance,金融保险服务;自动提款机;中国邮政储蓄银行ATM,成华区,104.103115,30.704061
华夏银行ATM,finance,金融保险服务;自动提款机;华夏银行ATM,成华区,104.093642,30.701626
成都农商银行24小时自助银行(驷马桥分理处),finance,金融保险服务;自动提款机;农村商业银行ATM,成华区,104.093907,30.706186
成都银行24小时自助银行(羊子山西路),finance,金融保险服务;自动提款机;自动提款机,成华区,104.095565,30.708848
上海浦东发展银行24小时自助银行(成都融锦城社区支行),finance,金融保险服务;自动提款机;上海浦东发展银行ATM,成华区,104.093747,30.707747
南充市商业银行24小时自助银行(成都洪家坡社区支行),finance,金融保险服务;自动提款机;自动提款机,成华区,104.09515,30.708804
成都农商银行24小时自助银行(青龙场支行),finance,金融保险服务;自动提款机;农村商业银行ATM,成华区,104.099782,30.705533
上海浦东发展银行(成都融锦城社区支行),finance,金融保险服务;银行;上海浦东发展银行,成华区,104.093747,30.707747
成都农商银行(云龙分理处),finance,金融保险服务;银行;农村商业银行,成华区,104.10487,30.703305
中国农业银行(青龙小区分理处),finance,金融保险服务;银行;中国农业银行,成华区,104.105834,30.701476
中国农业银行24小时自助银行(成都青龙小区分理处),finance,金融保险服务;自动提款机;中国农业银行ATM,成华区,104.105883,30.701476
中国工商银行ATM(致强路),finance,金融保险服务;自动提款机;中国工商银行ATM,成华区,104.110304,30.702764
中国农业银行24小时自助银行(致祥路支行),finance,金融保险服务;自动提款机;中国农业银行ATM,成华区,104.106007,30.703845
中国工商银行(成都致顺路支行),finance,金融保险服务;银行;中国工商银行,成华区,104.112057,30.701711
成都银行(成都领都龙城社区支行),finance,金融保险服务;银行;银行,成华区,104.106114,30.702828
中国建设银行ATM(致强路),finance,金融保险服务;自动提款机;中国建设银行ATM,成华区,104.110277,30.705187
中国建设银行ATM(云龙路),finance,金融保险服务;自动提款机;中国建设银行ATM,成华区,104.105554,30.703295
中国银行ATM(致顺路),finance,金融保险服务;自动提款机;中国银行ATM,成华区,104.104766,30.701412
中国工商银行24小时自助银行(致顺路),finance,金融保险服务;自动提款机;中国工商银行ATM,成华区,104.112058,30.701711
中国农业银行(成都龙潭支行),finance,金融保险服务;银行;中国农业银行,成华区,104.160023,30.702404
中国建设银行24小时自助银行(成华大道),finance,金融保险服务;自动提款机;中国建设银行ATM,成华区,104.161828,30.703418
中国农业银行24小时自助银行(成都龙潭支行),finance,金融保险服务;自动提款机;中国农业银行ATM,成华区,104.160023,30.702404
成都农商银行(同仁路分理处),finance,金融保险服务;银行;农村商业银行,成华区,104.171651,30.707523
成都农商银行(龙潭支行),finance,金融保险服务;银行;农村商业银行,成华区,104.168779,30.708677
中国建设银行ATM(华冠路),finance,金融保险服务;自动提款机;中国建设银行ATM,成华区,104.169797,30.700867
中国建设银行ATM(火神庙西街),finance,金融保险服务;自动提款机;中国建设银行ATM,成华区,104.167718,30.708548
中国农业银行24小时自助银行(火神庙北一路),finance,金融保险服务;自动提款机;中国农业银行ATM,成华区,104.168189,30.709073
中国工商银行24小时自助银行(火神庙北一路),finance,金融保险服务;自动提款机;中国工商银行ATM,成华区,104.167829,30.708885
中国工商银行ATM(隆兴路),finance,金融保险服务;自动提款机;中国工商银行ATM,成华区,104.164314,30.705745
成都银行ATM(隆兴路),finance,金融保险服务;自动提款机;自动提款机,成华区,104.164316,30.705718
成都农商银行24小时自助银行(龙潭支行),finance,金融保险服务;自动提款机;农村商业银行ATM,成华区,104.168779,30.708677
中国建设银行24小时自助银行(龙潭寺南路),finance,金融保险服务;自动提款机;中国建设银行ATM,成华区,104.166712,30.702597
成都农商银行(龙港分理处),finance,金融保险服务;银行;农村商业银行,成华区,104.176163,30.702562
成都银行(龙港支行),finance,金融保险服务;银行;银行,成华区,104.177878,30.702388
成都农商银行24小时自助银行(龙港分理处),finance,金融保险服务;自动提款机;农村商业银行ATM,成华区,104.176163,30.702562
成都银行24小时自助银行(龙港支行),finance,金融保险服务;自动提款机;自动提款机,成华区,104.177878,30.702388
中国工商银行(清河分理处),finance,金融保险服务;银行;中国工商银行,青羊区,103.972465,30.691565
中国工商银行24小时自助银行(清河分理处),finance,金融保险服务;自动提款机;中国工商银行ATM,青羊区,103.972426,30.691587
华泰保险股份有限公司(青羊捷辉店),finance,金融保险服务;保险公司;华泰财产保险股份有限公司,青羊区,103.989296,30.690289
ICBC24h自助银行服务,finance,金融保险服务;自动提款机;自动提款机,青羊区,104.003341,30.693452
中国农业银行24小时自助银行(蜀辉路),finance,金融保险服务;自动提款机;中国农业银行ATM,青羊区,104.003369,30.693505
中信银行24小时自助银行(蜀辉路),finance,金融保险服务;自动提款机;中信银行ATM,青羊区,104.003612,30.693967
中国建设银行24小时自助银行(蜀辉路),finance,金融保险服务;自动提款机;中国建设银行ATM,青羊区,104.002845,30.692257
中国工商银行24小时自助银行(蜀辉路),finance,金融保险服务;自动提款机;中国工商银行ATM,青羊区,104.003402,30.693561
中国农业银行,finance,金融保险服务;银行;中国农业银行,青羊区,104.003341,30.693449
中国平安财产保险股份有限公司(四川分公司客户服务中心),finance,金融保险服务;保险公司;中国平安保险公司,金牛区,104.012691,30.693518
自助银行服务,finance,金融保险服务;自动提款机;自动提款机,金牛区,104.012912,30.694005
上海浦东发展银行24小时自助银行(成都金沙府社区支行),finance,金融保险服务;自动提款机;上海浦东发展银行ATM,青羊区,104.004014,30.692189
攀枝花市商业银行(成都分行),finance,金融保险服务;银行;银行,金牛区,104.011392,30.695233
中信银行(成都蜀汉支行),finance,金融保险服务;银行;中信银行,金牛区,104.011876,30.694815
中国农业银行(成都黄忠支行),finance,金融保险服务;银行;中国农业银行,金牛区,104.012388,30.692248
成都银行(蜀光路支行),finance,金融保险服务;银行;银行,金牛区,104.012867,30.694622
上海浦东发展银行(成都蜀汉支行),finance,金融保险服务;银行;上海浦东发展银行,金牛区,104.012808,30.693766
中国建设银行(远洋大厦储蓄所),finance,金融保险服务;银行;中国建设银行,金牛区,104.010395,30.697576
中国工商银行(蜀汉路支行),finance,金融保险服务;银行;中国工商银行,金牛区,104.009149,30.697359
中国建设银行(金沙国际花园储蓄所),finance,金融保险服务;银行;中国建设银行,金牛区,104.006841,30.690935
中国农业银行24小时自助银行(成都黄忠支行),finance,金融保险服务;自动提款机;中国农业银行ATM,金牛区,104.012416,30.692294
上海浦东发展银行(成都金沙府社区支行),finance,金融保险服务;银行;上海浦东发展银行,青羊区,104.004014,30.692189
招商银行24小时自助银行(同怡路),finance,金融保险服务;自动提款机;招商银行ATM,青羊区,104.008067,30.693426
包商银行(金牛支行),finance,金融保险服务;银行;银行,金牛区,104.010777,30.695771
天津银行(银杏花苑社区支行),finance,金融保险服务;银行;银行,金牛区,104.010379,30.699401
中国建设银行24小时自助银行(远洋大厦储蓄所),finance,金融保险服务;自动提款机;中国建设银行ATM,金牛区,104.010414,30.697598
成都银行24小时自助银行(蜀光路支行),finance,金融保险服务;自动提款机;自动提款机,金牛区,104.012809,30.694664
攀枝花市商业银行24小时自助银行(成都分行),finance,金融保险服务;自动提款机;自动提款机,金牛区,104.01127,30.695331
中信银行24小时自助银行(成都蜀汉支行),finance,金融保险服务;自动提款机;中信银行ATM,金牛区,104.011876,30.694815
中国建设银行24小时自助银行(蜀汉路),finance,金融保险服务;自动提款机;中国建设银行ATM,金牛区,104.011336,30.695916
中国工商银行24小时自助银行(蜀汉路支行),finance,金融保险服务;自动提款机;中国工商银行ATM,金牛区,104.00915,30.697359
中国工商银行24小时自助银行(黄忠路),finance,金融保险服务;自动提款机;中国工商银行ATM,金牛区,104.011339,30.690401
中国建设银行24小时自助银行(金沙国际花园储蓄所),finance,金融保险服务;自动提款机;中国建设银行ATM,金牛区,104.006841,30.690935
上海浦东发展银行24小时自助银行(成都蜀汉支行),finance,金融保险服务;自动提款机;上海浦东发展银行ATM,金牛区,104.012811,30.693765
天津银行24小时自助银行(蜀明西路),finance,金融保险服务;自动提款机;自动提款机,金牛区,104.010378,30.6994
包商银行24小时自助银行(金牛支行),finance,金融保险服务;自动提款机;自动提款机,金牛区,104.010777,30.695771
华泰保险股份有限公司(金牛蒋四哥店),finance,金融保险服务;保险公司;华泰财产保险股份有限公司,金牛区,104.014469,30.689612
ICBC24h自助银行服务,finance,金融保险服务;自动提款机;自动提款机,金牛区,104.019936,30.698902
中国邮政24小时自助银行服务,finance,金融保险服务;自动提款机;自动提款机,金牛区,104.017986,30.691582
中国工商银行(黄忠大道支行),finance,金融保险服务;银行;中国工商银行,金牛区,104.021185,30.693496
平安银行24小时自助银行(成都蜀汉路支行),finance,金融保险服务;自动提款机;平安银行ATM,金牛区,104.018442,30.691808
成都农商银行(营门口支行),finance,金融保险服务;银行;农村商业银行,金牛区,104.020211,30.689836
中国建设银行(蜀汉路分理处),finance,金融保险服务;银行;中国建设银行,金牛区,104.017741,30.691474
中国银行(成都茶店子支行),finance,金融保险服务;银行;中国银行,金牛区,104.023267,30.698585
中国民生银行(蜀汉支行),finance,金融保险服务;银行;中国民生银行,金牛区,104.017497,30.691579
中国光大银行(蜀汉路支行),finance,金融保险服务;银行;中国光大银行,金牛区,104.01685,30.692024
中国工商银行(茶店子横街分理处),finance,金融保险服务;银行;中国工商银行,金牛区,104.019873,30.698926
中国邮政储蓄银行(一品天下营业所),finance,金融保险服务;银行;中国邮政储蓄银行,金牛区,104.018124,30.691513
中国工商银行(成都东电支行),finance,金融保险服务;银行;中国工商银行,金牛区,104.014583,30.693491
中国建设银行(成都蜀光路支行),finance,金融保险服务;银行;中国建设银行,金牛区,104.013737,30.694439
成都农商银行24小时自助银行(营门口支行),finance,金融保险服务;自动提款机;农村商业银行ATM,金牛区,104.020211,30.689836
中国邮政储蓄银行(蜀汉路支行),finance,金融保险服务;银行;中国邮政储蓄银行,金牛区,104.022473,30.695847
中国工商银行(成都蜀光路支行),finance,金融保险服务;银行;中国工商银行,金牛区,104.013834,30.695163
中国银行(成都东电支行),finance,金融保险服务;银行;中国银行,金牛区,104.015096,30.693093
中国银行(成都同和路支行),finance,金融保险服务;银行;中国银行,金牛区,104.017248,30.69093
平安银行(成都蜀汉路支行),finance,金融保险服务;银行;平安银行,金牛区,104.018478,30.691837
中国工商银行24小时自助银行(茶店子横街分理处),finance,金融保险服务;自动提款机;中国工商银行ATM,金牛区,104.019873,30.698926
中国邮政储蓄银行ATM(一品天下营业所),finance,金融保险服务;自动提款机;中国邮政储蓄银行ATM,金牛区,104.018199,30.691554
成都银行ATM(互惠一品天下),finance,金融保险服务;自动提款机;自动提款机,金牛区,104.019345,30.692526
哈尔滨银行(金沙支行),finance,金融保险服务;银行;银行,金牛区,104.022569,30.696052
中国建设银行ATM(蜀蓉路),finance,金融保险服务;自动提款机;中国建设银行ATM,金牛区,104.023485,30.689516
中国邮政储蓄银行24小时自助银行(蜀汉路支行),finance,金融保险服务;自动提款机;中国邮政储蓄银行ATM,金牛区,104.022473,30.695847
中国建设银行24小时自助银行(蜀汉路分理处),finance,金融保险服务;自动提款机;中国建设银行ATM,金牛区,104.017701,30.691448
中国光大银行24小时自助银行(成都蜀汉路支行),finance,金融保险服务;自动提款机;中国光大银行ATM,金牛区,104.016903,30.691982
中国银行ATM(成都东电支行),finance,金融保险服务;自动提款机;中国银行ATM,金牛区,104.015139,30.693059
中国建设银行ATM(蜀光路),finance,金融保险服务;自动提款机;中国建设银行ATM,金牛区,104.016905,30.697196
中国工商银行ATM(成都东电支行),finance,金融保险服务;自动提款机;中国工商银行ATM,金牛区,104.014616,30.693472
中国建设银行ATM(安蓉西路),finance,金融保险服务;自动提款机;中国建设银行ATM,金牛区,104.022938,30.698654
中国建设银行ATM(蜀兴南街),finance,金融保险服务;自动提款机;中国建设银行ATM,金牛区,104.020559,30.689792
中国银行24小时自助银行(成都茶店子支行),finance,金融保险服务;自动提款机;中国银行ATM,金牛区,104.023294,30.698557
中国建设银行24小时自助银行(成都蜀光路支行),finance,金融保险服务;自动提款机;中国建设银行ATM,金牛区,104.013775,30.694503
中国工商银行24小时自助银行(成都蜀光路支行),finance,金融保险服务;自动提款机;中国工商银行ATM,金牛区,104.013834,30.695163
成都银行ATM(中环路一品天下大街段),finance,金融保险服务;自动提款机;自动提款机,金牛区,104.019467,30.692645
成都银行ATM(三和花园北),finance,金融保险服务;自动提款机;自动提款机,金牛区,104.01682,30.689755
中国银行24小时自助银行(成都同和路支行),finance,金融保险服务;自动提款机;中国银行ATM,金牛区,104.017257,30.690803
中国工商银行24小时自助银行(黄忠大道支行),finance,金融保险服务;自动提款机;中国工商银行ATM,金牛区,104.021185,30.693496
哈尔滨银行24小时自助银行(金沙支行),finance,金融保险服务;自动提款机;自动提款机,金牛区,104.022713,30.69605
中国民生银行24小时自助银行(成都蜀汉支行),finance,金融保险服务;自动提款机;中国民生银行ATM,金牛区,104.01759,30.691532
中国民生银行ATM(新和名座小区),finance,金融保险服务;自动提款机;中国民生银行ATM,金牛区,104.020851,30.689484
中国民生银行(成都蓝光云鼎社区支行),finance,金融保险服务;银行;中国民生银行,金牛区,104.025497,30.689637
中国农业银行(一品天下分理处),finance,金融保险服务;银行;中国农业银行,金牛区,104.024012,30.696607
成都农商银行(茶店子分理处),finance,金融保险服务;银行;农村商业银行,金牛区,104.026073,30.698058
中国建设银行(蜀兴中街支行),finance,金融保险服务;银行;中国建设银行,金牛区,104.025033,30.68974
中国建设银行(成都茶店子支行),finance,金融保险服务;银行;中国建设银行,金牛区,104.031013,30.695845
中国邮政储蓄银行(五里墩东路),finance,金融保险服务;银行;中国邮政储蓄银行,金牛区,104.032681,30.691805
中国工商银行24小时自助银行(五里墩分理处),finance,金融保险服务;自动提款机;中国工商银行ATM,金牛区,104.028649,30.694095
中国建设银行24小时自助银行(蜀兴中街支行),finance,金融保险服务;自动提款机;中国建设银行ATM,金牛区,104.025033,30.68974
九荷豆捞(一品天下旗舰店),finance,金融保险服务;银行;中国邮政储蓄银行|餐饮服务;中餐厅;火锅店,金牛区,104.024095,30.696009
中国农业银行24小时自助银行(成都一品天下分理处),finance,金融保险服务;自动提款机;中国农业银行ATM,金牛区,104.023953,30.696554
成都银行(茶店子支行),finance,金融保险服务;银行;银行,金牛区,104.025761,30.697738
中国银行ATM(蜀通路分理处),finance,金融保险服务;自动提款机;中国银行ATM,金牛区,104.029066,30.689788
中国银行ATM(蜀蓉路),finance,金融保险服务;自动提款机;中国银行ATM,金牛区,104.024568,30.690728
中国建设银行24小时自助银行(茶店子正街),finance,金融保险服务;自动提款机;中国建设银行ATM,金牛区,104.026205,30.698805
中国建设银行ATM(蜀通街储蓄所),finance,金融保险服务;自动提款机;中国建设银行ATM,金牛区,104.029369,30.690531
中国建设银行24小时自助银行(二环路西三段),finance,金融保险服务;自动提款机;中国建设银行ATM,金牛区,104.032882,30.695699
中国工商银行24小时自助银行(五里墩支路),finance,金融保险服务;自动提款机;中国工商银行ATM,金牛区,104.033458,30.691864
中国民生银行24小时自助银行(成都蓝光云鼎社区支行),finance,金融保险服务;自动提款机;中国民生银行ATM,金牛区,104.025497,30.689637
中国建设银行24小时自助银行(成都茶店子支行),finance,金融保险服务;自动提款机;中国建设银行ATM,金牛区,104.031013,30.695845
成都农商银行24小时自助银行(茶店子分理处),finance,金融保险服务;自动提款机;农村商业银行ATM,金牛区,104.026127,30.698155
成都银行24小时自助银行(茶店子支行),finance,金融保险服务;自动提款机;自动提款机,金牛区,104.025834,30.697801
自助银行服务,finance,金融保险服务;自动提款机;自动提款机,金牛区,104.040005,30.693547
中国建设银行24小时银行服务,finance,金融保险服务;自动提款机;中国建设银行ATM,金牛区,104.040171,30.693646
南充市商业银行24小时自助银行(成都金沙路社区支行),finance,金融保险服务;自动提款机;自动提款机,金牛区,104.042013,30.69042
成都银行(营门口支行),finance,金融保险服务;银行;银行,金牛区,104.040296,30.695323
中国工商银行(二环路北一段支行),finance,金融保险服务;银行;中国工商银行,金牛区,104.042187,30.696495
中国建设银行(金房苑路储蓄所),finance,金融保险服务;银行;中国建设银行,金牛区,104.036881,30.697316
南充市商业银行(成都金沙路社区支行),finance,金融保险服务;银行;银行,金牛区,104.042013,30.69042
中国银行24小时自助银行,finance,金融保险服务;自动提款机;中国银行ATM,金牛区,104.039932,30.694254
中国建设银行ATM(金房苑北路),finance,金融保险服务;自动提款机;中国建设银行ATM,金牛区,104.03533,30.699266
中国工商银行24小时自助银行(成都二环路北一段支行),finance,金融保险服务;自动提款机;中国工商银行ATM,金牛区,104.042187,30.696495
中国建设银行24小时自助银行(为民路),finance,金融保险服务;自动提款机;中国建设银行ATM,金牛区,104.040158,30.693506
华夏银行,finance,金融保险服务;自动提款机;华夏银行ATM,金牛区,104.041212,30.695173
中国建设银行24小时自助银行(金房苑路储蓄所),finance,金融保险服务;自动提款机;中国建设银行ATM,金牛区,104.036881,30.697316
成都银行24小时自助银行,finance,金融保险服务;自动提款机;自动提款机,金牛区,104.041662,30.697204
华夏银行ATM,finance,金融保险服务;自动提款机;华夏银行ATM,金牛区,104.041138,30.695125
中国工商银行24小时自助银行(金房苑南路),finance,金融保险服务;自动提款机;中国工商银行ATM,金牛区,104.035905,30.696229
中国建设银行ATM(成都市金牛区城市管理局汽车队东),finance,金融保险服务;自动提款机;中国建设银行ATM,金牛区,104.04012,30.696978
交通银行24小时自助银行(金房苑西路),finance,金融保险服务;自动提款机;交通银行ATM,金牛区,104.034059,30.694831
成都银行ATM(银沙南街),finance,金融保险服务;自动提款机;自动提款机,金牛区,104.038607,30.697884
成都银行24小时自助银行(营门口支行),finance,金融保险服务;自动提款机;自动提款机,金牛区,104.040251,30.695288
华夏银行24小时自助银行(成都金牛支行),finance,金融保险服务;自动提款机;华夏银行ATM,金牛区,104.038692,30.689442
华夏银行(成都金牛支行),finance,金融保险服务;银行;华夏银行,金牛区,104.038731,30.689473
上海浦东发展银行ATM(二环路北一段),finance,金融保险服务;自动提款机;上海浦东发展银行ATM,金牛区,104.040662,30.695541
恒丰银行24小时自助银行(香木林·加州国际西南),finance,金融保险服务;自动提款机;自动提款机,金牛区,104.042126,30.696469
中国人民财产保险股份有限公司(金牛支公司),finance,金融保险服务;保险公司;中国人民保险公司,金牛区,104.04779,30.692525
自助银行服务,finance,金融保险服务;自动提款机;自动提款机,金牛区,104.047278,30.696035
中国工商银行金牛支行办税服务厅,finance,金融保险服务;银行相关;银行相关,金牛区,104.048857,30.694335
成都农商银行(沙湾支行),finance,金融保险服务;银行;农村商业银行,金牛区,104.047283,30.69609
中国农业银行(金牛支行),finance,金融保险服务;银行;中国农业银行,金牛区,104.047924,30.696073
中国银行(沙湾支行),finance,金融保险服务;银行;中国银行,金牛区,104.048263,30.692908
中国工商银行(西南交通大学九里校区分理处),finance,金融保险服务;银行;中国工商银行,金牛区,104.051275,30.697794
中国邮政储蓄银行(沙湾支行),finance,金融保险服务;银行;中国邮政储蓄银行,金牛区,104.048235,30.695294
中国建设银行(成都沙湾支行),finance,金融保险服务;银行;中国建设银行,金牛区,104.048488,30.692039
中国建设银行(金沙北一路),finance,金融保险服务;银行;中国建设银行,金牛区,104.043805,30.695707
中国建设银行(金沙路储蓄所),finance,金融保险服务;银行;中国建设银行,金牛区,104.044573,30.692977
成都银行(金牛支行),finance,金融保险服务;银行;银行,金牛区,104.047969,30.694933
中国工商银行(金牛支行),finance,金融保险服务;银行;中国工商银行,金牛区,104.048081,30.694215
中信银行(成都金牛支行),finance,金融保险服务;银行;中信银行,金牛区,104.049144,30.692107
成都市农村商业银行(沙湾分理处),finance,金融保险服务;银行;农村商业银行,金牛区,104.048775,30.690336
中国建设银行ATM,finance,金融保险服务;自动提款机;中国建设银行ATM,金牛区,104.04361,30.695671
成都银行ATM(光荣北路),finance,金融保险服务;自动提款机;自动提款机,金牛区,104.047562,30.690129
中国银行24小时自助银行(成都沙湾支行),finance,金融保险服务;自动提款机;中国银行ATM,金牛区,104.048263,30.692908
中信银行24小时自助银行(成都金牛支行),finance,金融保险服务;自动提款机;中信银行ATM,金牛区,104.049144,30.692107
中国邮政储蓄银行24小时自助银行(沙湾支行),finance,金融保险服务;自动提款机;中国邮政储蓄银行ATM,金牛区,104.048192,30.695438
招商银行24小时自助银行(金沙北一路),finance,金融保险服务;自动提款机;招商银行ATM,金牛区,104.043635,30.695615
中国工商银行ATM(金沙路),finance,金融保险服务;自动提款机;中国工商银行ATM,金牛区,104.047805,30.693904
中国工商银行24小时自助银行(金牛支行),finance,金融保险服务;自动提款机;中国工商银行ATM,金牛区,104.048064,30.694326
成都银行ATM(唐臣路),finance,金融保险服务;自动提款机;自动提款机,金牛区,104.049964,30.697685
中国建设银行24小时自助银行(沙湾支行),finance,金融保险服务;自动提款机;中国建设银行ATM,金牛区,104.04848,30.691991
中国建设银行24小时自助银行(圃园南二路),finance,金融保险服务;自动提款机;中国建设银行ATM,金牛区,104.0524,30.695434
中国工商银行24小时自助银行(圃园北路),finance,金融保险服务;自动提款机;中国工商银行ATM,金牛区,104.052431,30.69602
中国建设银行24小时自助银行(金沙路储蓄所),finance,金融保险服务;自动提款机;中国建设银行ATM,金牛区,104.044452,30.692972
华夏银行ATM,finance,金融保险服务;自动提款机;华夏银行ATM,金牛区,104.052139,30.691751
中国建设银行ATM(二环路北一段),finance,金融保险服务;自动提款机;中国建设银行ATM,金牛区,104.050109,30.696733
成都银行ATM(沙湾东一路),finance,金融保险服务;自动提款机;自动提款机,金牛区,104.051268,30.690849
中国农业银行24小时自助银行(金牛支行营业部),finance,金融保险服务;自动提款机;中国农业银行ATM,金牛区,104.047957,30.696008
成都农商银行24小时自助银行(沙湾分理处),finance,金融保险服务;自动提款机;农村商业银行ATM,金牛区,104.048781,30.690272
南充市商业银行ATM(光荣北路),finance,金融保险服务;自动提款机;自动提款机,金牛区,104.045416,30.689664
成都银行24小时自助银行(金牛支行),finance,金融保险服务;自动提款机;自动提款机,金牛区,104.047969,30.694883
成都农商银行24小时自助银行(沙湾支行),finance,金融保险服务;自动提款机;农村商业银行ATM,金牛区,104.047294,30.696028
招商银行(成都西北桥北街小微支行),finance,金融保险服务;银行;招商银行,金牛区,104.060403,30.691287
中国建设银行(九里堤南路储蓄所),finance,金融保险服务;银行;中国建设银行,金牛区,104.054917,30.695077
中国工商银行(西二巷支行),finance,金融保险服务;银行;中国工商银行,金牛区,104.060401,30.69119
中国农业银行(成都九里堤南路支行),finance,金融保险服务;银行;中国农业银行,金牛区,104.054569,30.696544
成都银行(西北桥支行),finance,金融保险服务;银行;银行,金牛区,104.054568,30.690821
成都银行ATM(北站西二路),finance,金融保险服务;自动提款机;自动提款机,金牛区,104.063428,30.691169
招商银行24小时自助银行(成都西北桥北街小微支行),finance,金融保险服务;自动提款机;招商银行ATM,金牛区,104.060406,30.691348
中国工商银行24小时自助银行(西北桥分理处),finance,金融保险服务;自动提款机;中国工商银行ATM,金牛区,104.060399,30.69113
招商银行24小时自助银行(西南交通大学科技大厦东南),finance,金融保险服务;自动提款机;招商银行ATM,金牛区,104.055114,30.696543
中国农业银行24小时自助银行(成都九里堤南路支行),finance,金融保险服务;自动提款机;中国农业银行ATM,金牛区,104.05457,30.696488
中国建设银行ATM(北站西二路),finance,金融保险服务;自动提款机;中国建设银行ATM,金牛区,104.063423,30.691439
中国建设银行ATM(西北桥北街),finance,金融保险服务;自动提款机;中国建设银行ATM,金牛区,104.060435,30.690477
上海浦东发展银行(九里堤支行),finance,金融保险服务;银行;上海浦东发展银行,金牛区,104.054645,30.698565
上海浦东发展银行ATM(九里堤南路),finance,金融保险服务;自动提款机;上海浦东发展银行ATM,金牛区,104.054895,30.69528
成都银行ATM(西北桥北街),finance,金融保险服务;自动提款机;自动提款机,金牛区,104.060679,30.691062
中国工商银行24小时自助银行(九里堤南路),finance,金融保险服务;自动提款机;中国工商银行ATM,金牛区,104.054582,30.692985
上海浦东发展银行24小时自助银行(九里堤支行),finance,金融保险服务;自动提款机;上海浦东发展银行ATM,金牛区,104.054645,30.698565
中国建设银行24小时自助银行(九里堤南路储蓄所),finance,金融保险服务;自动提款机;中国建设银行ATM,金牛区,104.054917,30.695123
成都银行ATM(西北桥支行),finance,金融保险服务;自动提款机;自动提款机,金牛区,104.054582,30.690784
24小时自助银行服务,finance,金融保险服务;自动提款机;自动提款机,金牛区,104.070445,30.694623
ICBC24h自助银行服务,finance,金融保险服务;自动提款机;自动提款机,金牛区,104.06401,30.695007
中信银行(成都人民北路支行),finance,金融保险服务;银行;中信银行,金牛区,104.073364,30.690645
中国建设银行ATM(成都站),finance,金融保险服务;自动提款机;中国建设银行ATM|金融保险服务;银行相关;银行相关,金牛区,104.071491,30.698862
成都农商银行(北站分理处),finance,金融保险服务;银行;农村商业银行,金牛区,104.071098,30.693948
中国建设银行(成都火车北站支行),finance,金融保险服务;银行;中国建设银行,金牛区,104.070501,30.694378
交通银行(荷花池支行),finance,金融保险服务;银行;交通银行,金牛区,104.070518,30.693792
中国建设银行(西二路分理处),finance,金融保险服务;银行;中国建设银行,金牛区,104.064461,30.690445
中国邮政储蓄银行(北站广场支行),finance,金融保险服务;银行;中国邮政储蓄银行,金牛区,104.069541,30.698188
中国邮政储蓄银行(西一路营业所),finance,金融保险服务;银行;中国邮政储蓄银行,金牛区,104.067342,30.693449
中国建设银行24小时自助银行(成都火车北站支行),finance,金融保险服务;自动提款机;中国建设银行ATM,金牛区,104.070501,30.69443
中国农业银行(成都荷花池支行),finance,金融保险服务;银行;中国农业银行,金牛区,104.072044,30.690641
招商银行(成都金牛万达广场支行),finance,金融保险服务;银行;招商银行,金牛区,104.072198,30.690644
中国建设银行(成都人民北路支行),finance,金融保险服务;银行;中国建设银行,金牛区,104.072798,30.690638
中国银行(成都金牛万达广场支行),finance,金融保险服务;银行;中国银行,金牛区,104.072154,30.692535
中国邮政储蓄银行ATM(北站广场支行),finance,金融保险服务;自动提款机;中国邮政储蓄银行ATM,金牛区,104.069541,30.698188
中国工商银行ATM(二环路北三段),finance,金融保险服务;自动提款机;中国工商银行ATM,金牛区,104.072121,30.698545
中国农业银行ATM(成都站),finance,金融保险服务;自动提款机;中国农业银行ATM|金融保险服务;银行相关;银行相关,金牛区,104.071447,30.698862
中国农业银行24小时自助银行(成都北站支行),finance,金融保险服务;自动提款机;中国农业银行ATM,金牛区,104.069158,30.69681
南充市商业银行,finance,金融保险服务;银行;银行,金牛区,104.073136,30.692469
中国农业银行(成都北站支行),finance,金融保险服务;银行;中国农业银行,金牛区,104.069227,30.696812
交通银行24小时自助银行(成都荷花池支行),finance,金融保险服务;自动提款机;交通银行ATM,金牛区,104.070518,30.693853
中国建设银行24小时自助银行(成都西二路分理处),finance,金融保险服务;自动提款机;中国建设银行ATM,金牛区,104.064461,30.690445
交通银行ATM(一环路北三段),finance,金融保险服务;自动提款机;交通银行ATM,金牛区,104.071345,30.689596
兴业银行(成都人北支行),finance,金融保险服务;银行;兴业银行,金牛区,104.072615,30.690782
中国银行ATM(二环路北二段),finance,金融保险服务;自动提款机;中国银行ATM,金牛区,104.064257,30.697262
中国农业银行24小时自助银行(成都荷花池支行),finance,金融保险服务;自动提款机;中国农业银行ATM,金牛区,104.072027,30.690637
中国工商银行ATM(万达广场金牛店),finance,金融保险服务;自动提款机;中国工商银行ATM,金牛区,104.071461,30.690079
中国工商银行ATM(万达广场金牛店),finance,金融保险服务;自动提款机;中国工商银行ATM,金牛区,104.071549,30.690063
中国民生银行ATM(万达广场金牛店),finance,金融保险服务;自动提款机;中国民生银行ATM,金牛区,104.071345,30.689582
兴业银行24小时自助银行(成都人北支行),finance,金融保险服务;自动提款机;兴业银行ATM,金牛区,104.072615,30.690782
上海浦东发展银行ATM(蓉北商贸大道一段),finance,金融保险服务;自动提款机;上海浦东发展银行ATM,金牛区,104.064212,30.697262
中国邮政储蓄银行ATM(西一路营业所),finance,金融保险服务;自动提款机;中国邮政储蓄银行ATM,金牛区,104.067342,30.693449
中信银行24小时自助银行(成都人民北路支行),finance,金融保险服务;自动提款机;中信银行ATM,金牛区,104.073364,30.690645
中国工商银行24小时自助银行(草市铁路支行),finance,金融保险服务;自动提款机;中国工商银行ATM,金牛区,104.073378,30.690285
中国银行24小时自助银行(成都金牛万达广场支行),finance,金融保险服务;自动提款机;中国银行ATM,金牛区,104.072154,30.692535
城郊信用联社,finance,金融保险服务;银行;农村商业银行,金牛区,104.063846,30.699113
中国建设银行24小时自助银行(成都人民北路支行),finance,金融保险服务;自动提款机;中国建设银行ATM,金牛区,104.072892,30.690615
南充市商业银行24小时自助银行(成都金牛支行),finance,金融保险服务;自动提款机;自动提款机,金牛区,104.073136,30.692469
招商银行24小时自助银行(成都金牛万达广场支行),finance,金融保险服务;自动提款机;招商银行ATM,金牛区,104.072299,30.690633
中国工商银行24小时自助银行(北站西一巷),finance,金融保险服务;自动提款机;中国工商银行ATM,金牛区,104.064086,30.694929
广发银行ATM(万达广场金牛店),finance,金融保险服务;自动提款机;广发银行ATM,金牛区,104.071481,30.690075
中国人寿保险股份有限公司(金牛支公司),finance,金融保险服务;保险公司;中国人寿保险公司,金牛区,104.080409,30.689797
中国农业银行(成都北站东路支行),finance,金融保险服务;银行;中国农业银行,金牛区,104.077202,30.69631
中国工商银行(成都荷花池支行),finance,金融保险服务;银行;中国工商银行,金牛区,104.076235,30.696223
成都银行(北荷支行),finance,金融保险服务;银行;银行,金牛区,104.077055,30.694622
中国民生银行(成都荷花池支行),finance,金融保险服务;银行;中国民生银行,金牛区,104.073598,30.692446
中国工商银行(草市铁路支行),finance,金融保险服务;银行;中国工商银行,金牛区,104.073531,30.690281
成都银行ATM(北站东二路),finance,金融保险服务;自动提款机;自动提款机,金牛区,104.077377,30.69306
德阳银行,finance,金融保险服务;银行;银行,金牛区,104.073982,30.690976
中国工商银行24小时自助银行(成都荷花池支行),finance,金融保险服务;自动提款机;中国工商银行ATM,金牛区,104.076235,30.69626
中国建设银行ATM(二环路北三段),finance,金融保险服务;自动提款机;中国建设银行ATM,金牛区,104.073539,30.696727
大连银行(荷花池小微支行),finance,金融保险服务;银行;银行,金牛区,104.074035,30.691203
中国农业银行24小时自助银行(成都北站东路支行),finance,金融保险服务;自动提款机;中国农业银行ATM,金牛区,104.077202,30.696274
中国农业银行ATM(肖家村),finance,金融保险服务;自动提款机;中国农业银行ATM,金牛区,104.074881,30.694296
中国建设银行24小时自助银行(东一巷储蓄所),finance,金融保险服务;自动提款机;中国建设银行ATM,金牛区,104.076684,30.694971
中国民生银行24小时自助银行(成都荷花池支行),finance,金融保险服务;自动提款机;中国民生银行ATM,金牛区,104.073598,30.692446
成都银行24小时自助银行(北荷支行),finance,金融保险服务;自动提款机;自动提款机,金牛区,104.077111,30.694626
中国建设银行ATM(北站东一路),finance,金融保险服务;自动提款机;中国建设银行ATM,金牛区,104.07454,30.692392
中国民生银行ATM(小沙河东路),finance,金融保险服务;自动提款机;中国民生银行ATM,金牛区,104.078324,30.696585
中国农业银行24小时自助银行(肖家村二巷),finance,金融保险服务;自动提款机;中国农业银行ATM,金牛区,104.075005,30.691541
中国建设银行ATM(二环路北三段),finance,金融保险服务;自动提款机;中国建设银行ATM,金牛区,104.081393,30.698247
中国农业银行24小时自助银行(北站东一路),finance,金融保险服务;自动提款机;中国农业银行ATM,金牛区,104.074002,30.691793
中国平安ATM机,finance,金融保险服务;自动提款机;自动提款机,金牛区,104.081803,30.697237
交通银行(成都金牛支行),finance,金融保险服务;银行;交通银行,金牛区,104.073907,30.690276
中国建设银行24小时自助银行(解放西街),finance,金融保险服务;自动提款机;中国建设银行ATM,金牛区,104.08157,30.691147
华夏银行ATM,finance,金融保险服务;自动提款机;华夏银行ATM,金牛区,104.07783,30.697187
交通银行24小时自助银行(成都金牛支行),finance,金融保险服务;自动提款机;交通银行ATM,金牛区,104.073968,30.690266
中国农业银行24小时自助银行(旺马仕广场东北),finance,金融保险服务;自动提款机;中国农业银行ATM,金牛区,104.073896,30.689502
平安银行ATM(二环路北三段),finance,金融保险服务;自动提款机;平安银行ATM,金牛区,104.081909,30.697263
中国农业银行ATM(蓝光金荷花),finance,金融保险服务;自动提款机;自动提款机,金牛区,104.074473,30.690754
长城华西银行24小时自助银行(北站东一路),finance,金融保险服务;自动提款机;自动提款机,金牛区,104.074053,30.691105
大连银行24小时自助银行(荷花池小微支行),finance,金融保险服务;自动提款机;自动提款机,金牛区,104.074035,30.691203
交通银行24小时自助银行(二环路北三段),finance,金融保险服务;自动提款机;交通银行ATM,金牛区,104.082178,30.697266
广发银行(肖家村二巷),finance,金融保险服务;银行;广发银行,金牛区,104.073768,30.690653
广发银行24小时自助银行,finance,金融保险服务;自动提款机;广发银行ATM,金牛区,104.073768,30.690653
成都农商银行(李家沱分理处),finance,金融保险服务;银行;农村商业银行,成华区,104.091257,30.692494
兴业银行(成都解放路支行),finance,金融保险服务;银行;兴业银行,金牛区,104.085192,30.691305
中国农业银行(成都高笋塘支行),finance,金融保险服务;银行;中国农业银行,金牛区,104.085248,30.695737
中国建设银行(高笋塘储蓄所),finance,金融保险服务;银行;中国建设银行,金牛区,104.085246,30.691382
中国邮政储蓄银行(解放路一段),finance,金融保险服务;银行;中国邮政储蓄银行,金牛区,104.087061,30.694992
中国光大银行(成都高笋塘支行),finance,金融保险服务;银行;中国光大银行,金牛区,104.085462,30.695648
兴业银行ATM(泰宏街),finance,金融保险服务;自动提款机;兴业银行ATM,金牛区,104.087765,30.689377
中国农业银行24小时自助银行(成都高笋塘支行),finance,金融保险服务;自动提款机;中国农业银行ATM,金牛区,104.085206,30.695753
成都银行ATM(三友路),finance,金融保险服务;自动提款机;自动提款机,成华区,104.091838,30.690634
兴业银行24小时自助银行(成都解放路支行),finance,金融保险服务;自动提款机;兴业银行ATM,金牛区,104.08511,30.6912
中国农业银行24小时自助银行(解放路一段),finance,金融保险服务;自动提款机;中国农业银行ATM,金牛区,104.085657,30.692074
中国建设银行ATM二环高架路(入口),finance,金融保险服务;自动提款机;中国建设银行ATM,金牛区,104.084632,30.695163
中国农业银行24小时自助银行(驷马桥路),finance,金融保险服务;自动提款机;中国农业银行ATM,成华区,104.092967,30.697646
中国邮政储蓄银行24小时自助银行,finance,金融保险服务;自动提款机;中国邮政储蓄银行ATM,金牛区,104.086232,30.691817
中国建设银行24小时自助银行(高笋塘储蓄所),finance,金融保险服务;自动提款机;中国建设银行ATM,金牛区,104.085246,30.691382
中国工商银行24小时自助银行(解放路一段),finance,金融保险服务;自动提款机;中国工商银行ATM,金牛区,104.0848,30.690771
中国邮政储蓄银行24小时自助银行(解放路一段),finance,金融保险服务;自动提款机;中国邮政储蓄银行ATM,金牛区,104.087044,30.694967
恒丰银行24小时自助银行(解放路一巷),finance,金融保险服务;自动提款机;自动提款机,金牛区,104.086219,30.695293
中国银行24小时自助银行(紫金乐章西北),finance,金融保险服务;自动提款机;中国银行ATM,金牛区,104.08479,30.695931
中国建设银行24小时自助银行(驷马桥路),finance,金融保险服务;自动提款机;中国建设银行ATM,成华区,104.093315,30.697645
中国光大银行24小时自助银行(成都高笋塘支行),finance,金融保险服务;自动提款机;中国光大银行ATM,金牛区,104.085406,30.695672
华泰保险股份有限公司(新怡路),finance,金融保险服务;保险公司;华泰财产保险股份有限公司,成华区,104.10327,30.689552
中国银行(成都北沙河支行),finance,金融保险服务;银行;中国银行,成华区,104.095701,30.689466
中国工商银行(高车一路),finance,金融保险服务;银行;中国工商银行,成华区,104.093634,30.693961
中国银行24小时自助银行(成都北沙河支行),finance,金融保险服务;自动提款机;中国银行ATM,成华区,104.095794,30.689409
中国工商银行24小时自助银行(成都高车支行),finance,金融保险服务;自动提款机;中国工商银行ATM,成华区,104.093642,30.693982
兴业银行24小时自助银行(浅水半岛社区支行),finance,金融保险服务;自动提款机;兴业银行ATM,成华区,104.101932,30.689486
兴业银行(成都浅水半岛社区支行),finance,金融保险服务;银行;兴业银行,成华区,104.101947,30.689476
成都银行ATM(汇融名城西),finance,金融保险服务;自动提款机;自动提款机,成华区,104.094,30.693597
中国建设银行24小时自助银行(高车一路),finance,金融保险服务;自动提款机;中国建设银行ATM,成华区,104.094268,30.694287
中国工商银行24小时自助银行(驷马桥路),finance,金融保险服务;自动提款机;中国工商银行ATM,成华区,104.093499,30.697652
中国建设银行ATM(世家·东部时空西南),finance,金融保险服务;自动提款机;中国建设银行ATM,成华区,104.104398,30.692173
华夏银行24小时自助银行,finance,金融保险服务;自动提款机;华夏银行ATM,成华区,104.106312,30.690299
中国建设银行(八支行龙潭支行),finance,金融保险服务;银行;中国建设银行,成华区,104.161257,30.690512
中国建设银行24小时自助银行(八支行龙潭支行),finance,金融保险服务;自动提款机;中国建设银行ATM,成华区,104.161257,30.690512
成都农村商业银行(龙潭支行),finance,金融保险服务;银行;农村商业银行,成华区,104.17027,30.696442
中国农业银行(龙港支行),finance,金融保险服务;银行;中国农业银行,成华区,104.164631,30.69511
中国工商银行(成都龙潭工业园区支行),finance,金融保险服务;银行;中国工商银行,成华区,104.164815,30.694509
中国农业银行24小时自助银行(龙港分理处),finance,金融保险服务;自动提款机;中国农业银行ATM,成华区,104.164629,30.695112
中国建设银行ATM(成宏路),finance,金融保险服务;自动提款机;中国建设银行ATM,成华区,104.164694,30.696046
中国工商银行24小时自助银行(龙潭工业园区支行),finance,金融保险服务;自动提款机;中国工商银行ATM,成华区,104.164815,30.694509
农商银行ATM,finance,金融保险服务;自动提款机;农村商业银行ATM,成华区,104.170269,30.696442
中国邮政储蓄银行(龙潭寺营业所),finance,金融保险服务;银行;中国邮政储蓄银行,成华区,104.16492,30.695379
中国邮政储蓄银行24小时自助银行(龙潭寺营业所),finance,金融保险服务;自动提款机;中国邮政储蓄银行ATM,成华区,104.164915,30.695371
成都银行24小时自助银行(龙潭支行),finance,金融保险服务;自动提款机;自动提款机,成华区,104.176491,30.696638
成都银行(龙潭支行),finance,金融保险服务;银行;银行,成华区,104.176454,30.696702
中国建设银行24小时自助银行(华翰路),finance,金融保险服务;自动提款机;中国建设银行ATM,成华区,104.177455,30.692329
中国农业银行ATM,finance,金融保险服务;自动提款机;自动提款机,成华区,104.178649,30.691097
华泰保险股份有限公司(青羊嘉园店),finance,金融保险服务;保险公司;华泰财产保险股份有限公司,青羊区,103.983016,30.689523
平安银行(翠微清波社区支行),finance,金融保险服务;银行;平安银行,青羊区,103.98239,30.682174
中国农业银行(成都金福支行),finance,金融保险服务;银行;中国农业银行,青羊区,103.982872,30.682898
中国银行(蜀清路支行),finance,金融保险服务;银行;中国银行,青羊区,103.98377,30.680984
中国农业银行24小时自助银行(清百路),finance,金融保险服务;自动提款机;中国农业银行ATM,青羊区,103.983295,30.687379
中国银行24小时自助银行(蜀清路支行),finance,金融保险服务;自动提款机;中国银行ATM,青羊区,103.98377,30.680984
中国农业银行24小时自助银行(成都金福支行),finance,金融保险服务;自动提款机;中国农业银行ATM,青羊区,103.982872,30.682898
平安银行24小时自助银行(金福路),finance,金融保险服务;自动提款机;平安银行ATM,青羊区,103.98239,30.682175
中国工商银行(金福路分理处),finance,金融保险服务;银行;中国工商银行,青羊区,103.983947,30.681254
中国农业银行(成都蜀鑫支行),finance,金融保险服务;银行;中国农业银行,青羊区,103.98903,30.685358
中国建设银行(蜀鑫路支行),finance,金融保险服务;银行;中国建设银行,青羊区,103.986159,30.680779
中国建设银行(成都清波支行),finance,金融保险服务;银行;中国建设银行,青羊区,103.990238,30.686795
平安银行(保利·金香槟社区支行),finance,金融保险服务;银行;平安银行,青羊区,103.989588,30.685109
包商银行(成都保利香槟社区支行),finance,金融保险服务;银行;银行,青羊区,103.990426,30.68476
中国工商银行24小时自助银行(金福路分理处),finance,金融保险服务;自动提款机;中国工商银行ATM,青羊区,103.983947,30.681254
中国建设银行ATM(蜀鑫路),finance,金融保险服务;自动提款机;中国建设银行ATM,青羊区,103.98547,30.680337
中国农业银行24小时自助银行(成都蜀鑫支行),finance,金融保险服务;自动提款机;中国农业银行ATM,青羊区,103.988962,30.685259
中国建设银行24小时自助银行(蜀鑫路),finance,金融保险服务;自动提款机;中国建设银行ATM,青羊区,103.986164,30.680861
中国工商银行24小时自助银行(蜀鑫路),finance,金融保险服务;自动提款机;中国工商银行ATM,青羊区,103.988756,30.684915
中国建设银行24小时自助银行(成都清波支行),finance,金融保险服务;自动提款机;中国建设银行ATM,青羊区,103.990238,30.686795
平安银行24小时自助银行(保利·金香槟社区支行),finance,金融保险服务;自动提款机;平安银行ATM,青羊区,103.989588,30.685109
兴业银行(兴业社区支行),finance,金融保险服务;银行;兴业银行,青羊区,104.003278,30.682373
兴业银行(成都金泽路社区支行),finance,金融保险服务;银行;兴业银行,青羊区,104.002895,30.686713
兴业银行24小时自助银行(兴业社区支行),finance,金融保险服务;自动提款机;兴业银行ATM,青羊区,104.003278,30.682373
24h自助银行服务,finance,金融保险服务;自动提款机;自动提款机,青羊区,103.994917,30.68023
中国工商银行(金沙遗址路分理处),finance,金融保险服务;银行;中国工商银行,青羊区,104.00199,30.685202
成都银行(金阳路支行),finance,金融保险服务;银行;银行,青羊区,104.002851,30.681885
中国农业银行(成都金沙西园支行),finance,金融保险服务;银行;中国农业银行,青羊区,104.00176,30.682406
中国建设银行(成都金阳支行),finance,金融保险服务;银行;中国建设银行,青羊区,104.003417,30.681793
中国工商银行(金阳路支行),finance,金融保险服务;银行;中国工商银行,青羊区,104.001661,30.679914
中国建设银行(成都西贵金沙支行),finance,金融保险服务;银行;中国建设银行,青羊区,104.000443,30.687897
中国工商银行(蜀辉路支行),finance,金融保险服务;银行;中国工商银行,青羊区,103.994978,30.680067
中信银行(成都金沙支行),finance,金融保险服务;银行;中信银行,青羊区,104.001262,30.683186
重庆银行(成都金沙支行),finance,金融保险服务;银行;银行,青羊区,104.000322,30.687945
大连银行(金鹏街小微支行),finance,金融保险服务;银行;银行,青羊区,104.001367,30.67975
平安银行(成都蜀金路社区支行),finance,金融保险服务;银行;平安银行,青羊区,104.002165,30.68471
长城华西银行(成都金沙支行),finance,金融保险服务;银行;银行,青羊区,104.003172,30.682285
中国建设银行ATM(金阳路),finance,金融保险服务;自动提款机;中国建设银行ATM,青羊区,103.995869,30.685708
中国工商银行24小时自助银行(金沙遗址路分理处),finance,金融保险服务;自动提款机;中国工商银行ATM,青羊区,104.00199,30.685202
中国建设银行24小时自助银行(成都金阳支行),finance,金融保险服务;自动提款机;中国建设银行ATM,青羊区,104.003417,30.681793
中国建设银行ATM(蜀金路),finance,金融保险服务;自动提款机;中国建设银行ATM,青羊区,104.002951,30.686778
中国农业银行24小时自助银行(成都金沙西园支行),finance,金融保险服务;自动提款机;中国农业银行ATM,青羊区,104.00176,30.682406
中国建设银行ATM(成都西贵金沙支行),finance,金融保险服务;自动提款机;中国建设银行ATM,青羊区,104.000139,30.687819
中国建设银行ATM(中大·君悦金沙6期君泰院北),finance,金融保险服务;自动提款机;中国建设银行ATM,青羊区,103.993875,30.680068
中国建设银行24小时自助银行(蜀金路),finance,金融保险服务;自动提款机;中国建设银行ATM,青羊区,104.001497,30.683651
中国工商银行24小时自助银行(蜀辉路支行),finance,金融保险服务;自动提款机;中国工商银行ATM,青羊区,103.994978,30.680067
中信银行24小时自助银行(成都金沙支行),finance,金融保险服务;自动提款机;中信银行ATM,青羊区,104.001294,30.683165
平安银行24小时自助银行(成都蜀金路社区支行),finance,金融保险服务;自动提款机;平安银行ATM,青羊区,104.002165,30.68471
重庆银行24小时自助银行(成都金沙支行),finance,金融保险服务;自动提款机;自动提款机,青羊区,104.000062,30.687769
大连银行24小时自助银行(金鹏街小微支行),finance,金融保险服务;自动提款机;自动提款机,青羊区,104.001336,30.679772
长城华西银行24小时自助银行(成都金沙支行),finance,金融保险服务;自动提款机;自动提款机,青羊区,104.003083,30.6823
中国工商银行24小时自助银行(金阳路支行),finance,金融保险服务;自动提款机;中国工商银行ATM,青羊区,104.001697,30.679897
成都银行24小时自助银行(金阳路支行),finance,金融保险服务;自动提款机;自动提款机,青羊区,104.00283,30.681819
中共重庆银行股份有限公司成都分行第三支部委员会,finance,金融保险服务;银行相关;银行相关,青羊区,104.000062,30.687769
南充市商业银行(成都分行营业部),finance,金融保险服务;银行;银行,青羊区,104.009754,30.679894
招商银行(成都金沙支行),finance,金融保险服务;银行;招商银行,青羊区,104.005298,30.680183
交通银行(成都金沙支行),finance,金融保险服务;银行;交通银行,青羊区,104.005597,30.680537
恒丰银行(成都金沙支行),finance,金融保险服务;银行;银行,青羊区,104.005768,30.681733
南充市商业银行24小时自助银行(成都分行营业部),finance,金融保险服务;自动提款机;自动提款机,青羊区,104.009724,30.67985
天津银行(成都青羊支行),finance,金融保险服务;银行;银行,青羊区,104.006533,30.680292
中国农业银行ATM(金阳路),finance,金融保险服务;自动提款机;中国农业银行ATM,青羊区,104.004855,30.68147
成都银行ATM(金凤路),finance,金融保险服务;自动提款机;自动提款机,青羊区,104.008171,30.685751
中国银行24小时自助银行,finance,金融保险服务;自动提款机;中国银行ATM,青羊区,104.006903,30.684044
中国银行24小时自助银行(黄苑街),finance,金融保险服务;自动提款机;中国银行ATM,金牛区,104.011537,30.689116
招商银行24小时自助银行(成都金沙支行),finance,金融保险服务;自动提款机;招商银行ATM,青羊区,104.005278,30.68014
交通银行24小时自助银行(成都金沙支行),finance,金融保险服务;自动提款机;交通银行ATM,青羊区,104.005683,30.680559
恒丰银行24小时自助银行(成都金沙支行),finance,金融保险服务;自动提款机;自动提款机,青羊区,104.005768,30.681733
重庆银行24小时自助银行(黄苑街),finance,金融保险服务;自动提款机;自动提款机,金牛区,104.01221,30.688839
天津银行24小时自助银行(成都青羊支行),finance,金融保险服务;自动提款机;自动提款机,青羊区,104.006487,30.680316
24自助银行服务,finance,金融保险服务;自动提款机;自动提款机,青羊区,104.019733,30.68138
中国民生银行24小时自助银行(同盛路),finance,金融保险服务;自动提款机;中国民生银行ATM,青羊区,104.015439,30.682146
中国建设银行(战旗分理处),finance,金融保险服务;银行;中国建设银行,青羊区,104.020167,30.683247
交通银行(成都蜀汉路支行),finance,金融保险服务;银行;交通银行,金牛区,104.021385,30.688568
中国农业银行(成都蜀汉路支行),finance,金融保险服务;银行;中国农业银行,金牛区,104.02252,30.68904
中国银行(成都战旗小区支行),finance,金融保险服务;银行;中国银行,青羊区,104.016496,30.682229
中国工商银行(成都同善桥南街支行),finance,金融保险服务;银行;中国工商银行,青羊区,104.020362,30.6837
成都银行(蜀汉路支行),finance,金融保险服务;银行;银行,金牛区,104.021818,30.688956
包商银行(金沙支行),finance,金融保险服务;银行;银行,青羊区,104.018036,30.681825
成都银行(同盛路支行),finance,金融保险服务;银行;银行,青羊区,104.014343,30.682463
中国民生银行,finance,金融保险服务;银行;中国民生银行,青羊区,104.015415,30.682201
平安银行(成都清溪社区支行),finance,金融保险服务;银行;平安银行,青羊区,104.019806,30.683058
中国农业银行24小时自助银行(石人分理处),finance,金融保险服务;自动提款机;中国农业银行ATM,青羊区,104.019792,30.681315
交通银行24小时自助银行(成都蜀汉路支行),finance,金融保险服务;自动提款机;交通银行ATM,金牛区,104.021385,30.688568
中国建设银行,finance,金融保险服务;自动提款机;中国建设银行ATM,金牛区,104.02314,30.68571
中国建设银行ATM(蜀汉路),finance,金融保险服务;自动提款机;中国建设银行ATM,金牛区,104.023582,30.687642
中国建设银行ATM(同兴路),finance,金融保险服务;自动提款机;中国建设银行ATM,金牛区,104.023051,30.685779
兴业银行ATM(尚清园南),finance,金融保险服务;自动提款机;兴业银行ATM,青羊区,104.015179,30.682703
中国建设银行24小时自助银行(黄忠小区储蓄所),finance,金融保险服务;自动提款机;中国建设银行ATM,金牛区,104.015898,30.687414
兴业银行(成都同盛路社区支行),finance,金融保险服务;银行;兴业银行|金融保险服务;自动提款机;兴业银行ATM,青羊区,104.01519,30.682596
成都银行ATM(同德街),finance,金融保险服务;自动提款机;自动提款机,青羊区,104.019887,30.683472
成都银行24小时自助银行(蜀汉路支行),finance,金融保险服务;自动提款机;自动提款机,金牛区,104.021901,30.688913
中国建设银行ATM(黄苑东街),finance,金融保险服务;自动提款机;中国建设银行ATM,金牛区,104.019688,30.68616
中国建设银行ATM(双吉街),finance,金融保险服务;自动提款机;中国建设银行ATM,青羊区,104.016825,30.679531
成都银行24小时自助银行(同盛路支行),finance,金融保险服务;自动提款机;自动提款机,青羊区,104.014343,30.682463
中国工商银行24小时自助银行(黄苑街),finance,金融保险服务;自动提款机;中国工商银行ATM,金牛区,104.015221,30.687402
中国建设银行ATM(同盛路),finance,金融保险服务;自动提款机;中国建设银行ATM,青羊区,104.014775,30.682353
中国农业银行24小时自助银行(成都蜀汉路支行),finance,金融保险服务;自动提款机;中国农业银行ATM,金牛区,104.022569,30.6891
华夏银行ATM(同兴北街),finance,金融保险服务;自动提款机;华夏银行ATM,金牛区,104.019672,30.68831
中国建设银行24小时自助银行(战旗分理处),finance,金融保险服务;自动提款机;中国建设银行ATM,青羊区,104.020167,30.683247
中国银行24小时自助银行(成都战旗小区支行),finance,金融保险服务;自动提款机;中国银行ATM,青羊区,104.016496,30.682229
平安银行ATM(成都清溪社区支行),finance,金融保险服务;自动提款机;平安银行ATM,青羊区,104.019806,30.683058
中国工商银行24小时自助银行(清溪西路),finance,金融保险服务;自动提款机;中国工商银行ATM,青羊区,104.017917,30.681515
成都银行ATM(同兴路),finance,金融保险服务;自动提款机;自动提款机,金牛区,104.023129,30.68572
中国工商银行24小时自助银行(成都同善桥南街支行),finance,金融保险服务;自动提款机;中国工商银行ATM,青羊区,104.020416,30.683732
招商银行24小时自助银行(双清北路),finance,金融保险服务;自动提款机;招商银行ATM,青羊区,104.020094,30.683213
中国农业银行(成都石人支行),finance,金融保险服务;银行;中国农业银行,青羊区,104.019792,30.681315
包商银行24小时自助银行(金沙支行),finance,金融保险服务;自动提款机;自动提款机,青羊区,104.018268,30.681724
广发银行ATM(蜀汉路),finance,金融保险服务;自动提款机;广发银行ATM,金牛区,104.022215,30.688078
招商银行(成都蜀汉路支行),finance,金融保险服务;银行;招商银行,金牛区,104.025742,30.687104
中国银行(成都抚琴支行),finance,金融保险服务;银行;中国银行,金牛区,104.033451,30.681268
中国农业银行(成都成西支行),finance,金融保险服务;银行;中国农业银行,金牛区,104.032651,30.68913
成都农商银行(抚琴分理处),finance,金融保险服务;银行;农村商业银行,金牛区,104.031818,30.682179
中国建设银行(抚琴西路支行),finance,金融保险服务;银行;中国建设银行,金牛区,104.030676,30.682715
中国银行(成都蜀汉路支行),finance,金融保险服务;银行;中国银行,金牛区,104.023959,30.687431
中国工商银行(成都抚琴西路支行),finance,金融保险服务;银行;中国工商银行,金牛区,104.03027,30.682919
中国工商银行(成都清溪分理处),finance,金融保险服务;银行;中国工商银行,青羊区,104.023875,30.680434
成都农商银行(化成分理处),finance,金融保险服务;银行;农村商业银行,金牛区,104.033413,30.688561
中国建设银行ATM(营通街),finance,金融保险服务;自动提款机;中国建设银行ATM,金牛区,104.033595,30.685947
成都银行(西延线支行),finance,金融保险服务;银行;银行,金牛区,104.032403,30.681507
中国工商银行24小时自助银行(成都抚琴西路支行),finance,金融保险服务;自动提款机;中国工商银行ATM,金牛区,104.030331,30.682879
中国农业银行24小时自助银行(成都成西支行),finance,金融保险服务;自动提款机;中国农业银行ATM,金牛区,104.032651,30.68913
成都市商业银行ATM,finance,金融保险服务;自动提款机;自动提款机,金牛区,104.031324,30.682255
兴业银行ATM(西景花园东北),finance,金融保险服务;自动提款机;兴业银行ATM,金牛区,104.028112,30.687081
中国建设银行ATM(金琴路),finance,金融保险服务;自动提款机;中国建设银行ATM,金牛区,104.033264,30.680507
中国建设银行ATM(蜀兴东街),finance,金融保险服务;自动提款机;中国建设银行ATM,金牛区,104.02763,30.687432
成都银行ATM(二环路西三段),finance,金融保险服务;自动提款机;自动提款机,金牛区,104.032182,30.688575
中国建设银行ATM(二环路西三段),finance,金融保险服务;自动提款机;中国建设银行ATM,金牛区,104.033142,30.689339
中国建设银行ATM(二环路西二段),finance,金融保险服务;自动提款机;中国建设银行ATM,金牛区,104.027334,30.684274
中国工商银行24小时自助银行(蜀汉中路分理处),finance,金融保险服务;自动提款机;中国工商银行ATM,金牛区,104.024374,30.686676
招商银行24小时自助银行(成都蜀汉路支行),finance,金融保险服务;自动提款机;招商银行ATM,金牛区,104.025703,30.687018
中国建设银行24小时自助银行(蜀通街),finance,金融保险服务;自动提款机;中国建设银行ATM,金牛区,104.026307,30.687213
中国工商银行个人贷款业务受理点,finance,金融保险服务;银行相关;银行相关,青羊区,104.023875,30.680434
中国银行24小时自助银行(成都蜀汉路支行),finance,金融保险服务;自动提款机;中国银行ATM,金牛区,104.02402,30.687402
中国建设银行24小时自助银行(二环路西三段),finance,金融保险服务;自动提款机;中国建设银行ATM,金牛区,104.030098,30.685871
中国建设银行ATM(清溪东路),finance,金融保险服务;自动提款机;中国建设银行ATM,青羊区,104.024756,30.679804
成都银行ATM(长城小区西),finance,金融保险服务;自动提款机;自动提款机,金牛区,104.027603,30.688456
上海银行(府南支行),finance,金融保险服务;银行;上海银行,青羊区,104.02427,30.681781
中国工商银行24小时自助银行(成都清溪分理处),finance,金融保险服务;自动提款机;中国工商银行ATM,青羊区,104.023875,30.680434
中国银行24小时自助银行(成都抚琴支行),finance,金融保险服务;自动提款机;中国银行ATM,金牛区,104.033528,30.68128
成都农商银行ATM(蜀汉路),finance,金融保险服务;自动提款机;农村商业银行ATM,金牛区,104.025801,30.686162
成都银行ATM(互惠化成二),finance,金融保险服务;自动提款机;自动提款机,金牛区,104.027747,30.68859
成都农商银行24小时自助银行(化成支行),finance,金融保险服务;自动提款机;农村商业银行ATM,金牛区,104.033345,30.688538
中国建设银行24小时自助银行(抚琴西路支行),finance,金融保险服务;自动提款机;中国建设银行ATM,金牛区,104.030676,30.682715
上海银行24小时自助银行(府南支行),finance,金融保险服务;自动提款机;上海银行ATM,青羊区,104.024203,30.681816
成都银行24小时自助银行(抚琴支行),finance,金融保险服务;自动提款机;自动提款机,金牛区,104.032536,30.681435
成都农商银行24小时自助银行(金牛支行),finance,金融保险服务;自动提款机;农村商业银行ATM,金牛区,104.040851,30.681512
招商银行(成都营门口支行),finance,金融保险服务;银行;招商银行,金牛区,104.039438,30.687219
成都农商银行ATM(西北街分理处),finance,金融保险服务;自动提款机;农村商业银行ATM,金牛区,104.041225,30.682874
成都农商银行(金牛支行营业部),finance,金融保险服务;银行;农村商业银行,金牛区,104.040851,30.681512
兴业银行(成都金牛支行),finance,金融保险服务;银行;兴业银行,金牛区,104.034786,30.680511
中国工商银行(花牌坊支行),finance,金融保险服务;银行;中国工商银行,金牛区,104.04035,30.68651
中国农商银行(西北街分理处),finance,金融保险服务;银行;农村商业银行,金牛区,104.041238,30.6829
中国银行(成都城西支行),finance,金融保险服务;银行;中国银行,金牛区,104.038838,30.689131
中国建设银行(成都金牛支行),finance,金融保险服务;银行;中国建设银行,金牛区,104.040888,30.686798
中国邮政储蓄银行(抚琴小区支行),finance,金融保险服务;银行;中国邮政储蓄银行,金牛区,104.039433,30.679909
招商银行,finance,金融保险服务;自动提款机;招商银行ATM,金牛区,104.036466,30.687122
中国工商银行ATM(营康路),finance,金融保险服务;自动提款机;中国工商银行ATM,金牛区,104.036078,30.687326
中国建设银行ATM(营通街),finance,金融保险服务;自动提款机;中国建设银行ATM,金牛区,104.033595,30.685947
招商银行24小时自助银行(营康路),finance,金融保险服务;自动提款机;招商银行ATM,金牛区,104.036367,30.687101
招商银行24小时自助银行(成都营门口支行),finance,金融保险服务;自动提款机;招商银行ATM,金牛区,104.039521,30.687302
兴业银行ATM(一环路西三段),finance,金融保险服务;自动提款机;兴业银行ATM,金牛区,104.040384,30.681523
浦发银行ATM(一环路西三段),finance,金融保险服务;自动提款机;上海浦东发展银行ATM,金牛区,104.039985,30.679887
中国农业银行24小时自助银行,finance,金融保险服务;自动提款机;中国农业银行ATM,金牛区,104.034037,30.685411
中国建设银行ATM(抚琴东北路),finance,金融保险服务;自动提款机;中国建设银行ATM,金牛区,104.042402,30.680654
中国建设银行24小时自助银行(成都金牛支行),finance,金融保险服务;自动提款机;中国建设银行ATM,金牛区,104.040852,30.686818
中国邮政储蓄银行24小时自助银行(抚琴小区支行),finance,金融保险服务;自动提款机;中国邮政储蓄银行ATM,金牛区,104.039433,30.679909
中国工商银行24小时自助银行(金鱼街),finance,金融保险服务;自动提款机;中国工商银行ATM,金牛区,104.03774,30.68574
中国工商银行24小时自助银行(花牌坊支行),finance,金融保险服务;自动提款机;中国工商银行ATM,金牛区,104.040327,30.686537
中国工商银行24小时自助银行(一环路西三段),finance,金融保险服务;自动提款机;中国工商银行ATM,金牛区,104.03951,30.680041
中国民生银行24小时自助银行(金琴路),finance,金融保险服务;自动提款机;中国民生银行ATM,金牛区,104.035721,30.683145
成都银行ATM(营康路),finance,金融保险服务;自动提款机;自动提款机,金牛区,104.033877,30.688307
中国银行24小时自助银行(成都城西支行),finance,金融保险服务;自动提款机;中国银行ATM,金牛区,104.038801,30.689069
兴业银行24小时自助银行(成都金牛支行),finance,金融保险服务;自动提款机;兴业银行ATM,金牛区,104.034807,30.680502
自助银行服务,finance,金融保险服务;自动提款机;自动提款机,金牛区,104.043966,30.683167
上海浦东发展银行24小时自助银行(成都通锦支行),finance,金融保险服务;自动提款机;上海浦东发展银行ATM,金牛区,104.052298,30.681713
中国平安,finance,金融保险服务;保险公司;中国平安保险公司,金牛区,104.046341,30.685839
中国建设银行(成都第四支行),finance,金融保险服务;银行;中国建设银行,金牛区,104.050194,30.679705
交通银行(成都城西支行),finance,金融保险服务;银行;交通银行,金牛区,104.045753,30.685623
中国农业银行(外西支行),finance,金融保险服务;银行;中国农业银行,金牛区,104.044119,30.683036
上海浦东发展银行(成都通锦支行),finance,金融保险服务;银行;上海浦东发展银行,金牛区,104.052246,30.68174
中国邮政储蓄银行(花牌坊街营业所),finance,金融保险服务;银行;中国邮政储蓄银行,金牛区,104.045001,30.681109
平安银行(成都西城支行),finance,金融保险服务;银行;平安银行,金牛区,104.04628,30.685958
成都银行(沙湾支行),finance,金融保险服务;银行;银行,金牛区,104.049674,30.686593
江西银行(成都支行),finance,金融保险服务;银行;银行,金牛区,104.051304,30.682604
恒丰银行(成都沙湾路社区支行),finance,金融保险服务;银行;银行,金牛区,104.050825,30.687327
中国建设银行ATM(中铁二局社保楼西北),finance,金融保险服务;自动提款机;中国建设银行ATM,金牛区,104.050658,30.682216
交通银行24小时自助银行(城西支行),finance,金融保险服务;自动提款机;交通银行ATM,金牛区,104.045781,30.685855
中国建设银行24小时自助银行(花牌坊街),finance,金融保险服务;自动提款机;中国建设银行ATM,金牛区,104.044507,30.681528
中国建设银行24小时自助银行(光荣北路),finance,金融保险服务;自动提款机;中国建设银行ATM,金牛区,104.044221,30.689086
中国建设银行24小时自助银行(成都第四支行),finance,金融保险服务;自动提款机;中国建设银行ATM,金牛区,104.050289,30.679654
中国农业银行24小时自助银行(成都外西支行),finance,金融保险服务;自动提款机;中国农业银行ATM,金牛区,104.04408,30.683082
中国建设银行ATM(一环路北一段),finance,金融保险服务;自动提款机;中国建设银行ATM,金牛区,104.043759,30.685802
中国邮政储蓄银行24小时自助银行(花牌坊街营业所),finance,金融保险服务;自动提款机;中国邮政储蓄银行ATM,金牛区,104.044988,30.681037
中国工商银行四川省分行营业部业务处理中心,finance,金融保险服务;银行相关;银行相关,金牛区,104.048574,30.679535
南充市商业银行ATM(一环路北一段),finance,金融保险服务;自动提款机;自动提款机,金牛区,104.047957,30.686251
中国工商银行四川省分行营业部监督中心,finance,金融保险服务;银行相关;银行相关,金牛区,104.048574,30.679535
平安银行24小时自助银行(成都西城支行),finance,金融保险服务;自动提款机;平安银行ATM,金牛区,104.046419,30.685987
恒丰银行24小时自助银行(成都沙湾路社区支行),finance,金融保险服务;自动提款机;自动提款机,金牛区,104.050777,30.687431
中国农业银行24小时自助银行(金桥支行),finance,金融保险服务;自动提款机;中国农业银行ATM,金牛区,104.0528,30.681105
成都银行24小时自助银行(沙湾支行),finance,金融保险服务;自动提款机;自动提款机,金牛区,104.049456,30.686568
华泰财产保险股份有限公司(天府营销服务部),finance,金融保险服务;保险公司;华泰财产保险股份有限公司,金牛区,104.056929,30.688868
中国人民人寿保险股份有限公司(西体路),finance,金融保险服务;保险公司;中国人民保险公司,金牛区,104.05948,30.684051
招商银行,finance,金融保险服务;银行;招商银行,金牛区,104.055736,30.687766
中国民生银行(成都西体路支行),finance,金融保险服务;银行;中国民生银行,金牛区,104.05411,30.681235
中国工商银行(成都白马寺支行),finance,金融保险服务;银行;中国工商银行,金牛区,104.057124,30.688147
中国工商银行(通锦桥支行),finance,金融保险服务;银行;中国工商银行,金牛区,104.053954,30.681291
中国建设银行(成都铁道支行),finance,金融保险服务;银行;中国建设银行,金牛区,104.062801,30.686105
中国建设银行(成都西北桥分理处),finance,金融保险服务;银行;中国建设银行,金牛区,104.056524,30.688808
中国工商银行(成都铁道支行),finance,金融保险服务;银行;中国工商银行,金牛区,104.062959,30.685621
招商银行24小时自助银行,finance,金融保险服务;自动提款机;招商银行ATM,金牛区,104.055736,30.687752
中国邮政储蓄银行(西北桥支行),finance,金融保险服务;银行;中国邮政储蓄银行,金牛区,104.056951,30.688598
中国银行24小时自助银行(西体北路分理处),finance,金融保险服务;自动提款机;中国银行ATM,金牛区,104.058959,30.684111
中国建设银行(铁二院储蓄所),finance,金融保险服务;银行;中国建设银行,金牛区,104.055512,30.685612
中国建设银行ATM(西体路),finance,金融保险服务;自动提款机;中国建设银行ATM,金牛区,104.058684,30.683847
中国建设银行24小时自助银行(成都西北桥分理处),finance,金融保险服务;自动提款机;中国建设银行ATM,金牛区,104.056507,30.688881
中信银行ATM(西体北路),finance,金融保险服务;自动提款机;中信银行ATM,金牛区,104.058391,30.685191
中国建设银行ATM(北较场西路),finance,金融保险服务;自动提款机;中国建设银行ATM,青羊区,104.058943,30.679805
招商银行24小时自助银行(全民健身综合楼东),finance,金融保险服务;自动提款机;招商银行ATM,金牛区,104.056594,30.684348
中国民生银行24小时自助银行(成都西体路支行),finance,金融保险服务;自动提款机;中国民生银行ATM,金牛区,104.054045,30.681262
中国建设银行24小时自助银行(西体路),finance,金融保险服务;自动提款机;中国建设银行ATM,金牛区,104.055808,30.682676
中国工商银行24小时自助银行(通锦桥支行),finance,金融保险服务;自动提款机;中国工商银行ATM,金牛区,104.053854,30.681333
成都银行ATM(和朝商务楼西北),finance,金融保险服务;自动提款机;自动提款机,金牛区,104.060992,30.688153
中国工商银行24小时自助银行(一环路北二段),finance,金融保险服务;自动提款机;中国工商银行ATM,金牛区,104.060443,30.688173
中国工商银行24小时自助银行(成都铁道支行),finance,金融保险服务;自动提款机;中国工商银行ATM,金牛区,104.062959,30.685621
中国建设银行24小时自助银行(成都铁道支行),finance,金融保险服务;自动提款机;中国建设银行ATM,金牛区,104.062787,30.6864
中国邮政储蓄银行24小时自助银行(西北桥支行),finance,金融保险服务;自动提款机;中国邮政储蓄银行ATM,金牛区,104.056883,30.688591
中国建设银行24小时自助银行(铁二院储蓄所),finance,金融保险服务;自动提款机;中国建设银行ATM,金牛区,104.055511,30.685556
中国工商银行24小时自助银行(成都白马寺支行),finance,金融保险服务;自动提款机;中国工商银行ATM,金牛区,104.057009,30.688145
平安银行(成都万福支行),finance,金融保险服务;银行;平安银行,金牛区,104.069904,30.682167
中国银行(成都城北支行),finance,金融保险服务;银行;中国银行,金牛区,104.07016,30.683492
中国工商银行(人民北路支行),finance,金融保险服务;银行;中国工商银行,金牛区,104.070076,30.682957
成都银行(正府街支行),finance,金融保险服务;银行;银行,金牛区,104.073471,30.687225
中国邮政储蓄银行(武都路营业所),finance,金融保险服务;银行;中国邮政储蓄银行,青羊区,104.068269,30.680202
中国邮政储蓄银行(人民北路支行),finance,金融保险服务;银行;中国邮政储蓄银行,金牛区,104.069129,30.681712
中国工商银行ATM取款机,finance,金融保险服务;自动提款机;中国工商银行ATM,金牛区,104.071736,30.689006
上海浦东发展银行ATM(武都路),finance,金融保险服务;自动提款机;上海浦东发展银行ATM,青羊区,104.06699,30.681129
中国建设银行ATM(白马寺街),finance,金融保险服务;自动提款机;中国建设银行ATM,金牛区,104.06696,30.683566
交通银行ATM(成都金牛支行),finance,金融保险服务;自动提款机;交通银行ATM,金牛区,104.072769,30.688612
中国银行(西藏分行驻成都办事处),finance,金融保险服务;银行相关;银行相关,金牛区,104.07043,30.681209
中国农业银行24小时自助银行(白马寺街),finance,金融保险服务;自动提款机;中国农业银行ATM,金牛区,104.063584,30.685894
中国建设银行ATM(武都路),finance,金融保险服务;自动提款机;中国建设银行ATM,青羊区,104.06623,30.681784
大连银行(成都万福桥支行),finance,金融保险服务;银行;银行,金牛区,104.069169,30.681423
中国工商银行ATM(万达广场金牛店),finance,金融保险服务;自动提款机;中国工商银行ATM,金牛区,104.07276,30.688625
中国建设银行24小时自助银行(星辉西路),finance,金融保险服务;自动提款机;中国建设银行ATM,金牛区,104.070894,30.681564
成都银行ATM(白马寺街),finance,金融保险服务;自动提款机;自动提款机,金牛区,104.066824,30.683612
中国建设银行ATM(大安西路),finance,金融保险服务;自动提款机;中国建设银行ATM,青羊区,104.069891,30.679834
索菲斯锦苑宾馆-自动取款机,finance,金融保险服务;自动提款机;自动提款机,青羊区,104.068199,30.679394
中国民生银行24小时自助银行(人民北路一段),finance,金融保险服务;自动提款机;中国民生银行ATM,金牛区,104.070992,30.687758
渝富桥金麒麟酒店-自动取款机,finance,金融保险服务;自动提款机;自动提款机,金牛区,104.071098,30.687909
大连银行ATM(成都万福桥支行),finance,金融保险服务;自动提款机;自动提款机,金牛区,104.069183,30.681533
上海浦东发展银行24小时自助银行,finance,金融保险服务;自动提款机;上海浦东发展银行ATM,金牛区,104.071045,30.689221
平安银行24小时自助银行(成都万福支行),finance,金融保险服务;自动提款机;平安银行ATM,金牛区,104.069927,30.682084
中国银行24小时自助银行(成都城北支行),finance,金融保险服务;自动提款机;中国银行ATM,金牛区,104.07017,30.683566
中国邮政储蓄银行24小时自助银行(武都路营业所),finance,金融保险服务;自动提款机;中国邮政储蓄银行ATM,青羊区,104.068211,30.680226
中国工商银行24小时自助银行(人民北路支行),finance,金融保险服务;自动提款机;中国工商银行ATM,金牛区,104.070069,30.682913
中国邮政储蓄银行24小时自助银行(人民北路支行),finance,金融保险服务;自动提款机;中国邮政储蓄银行ATM,金牛区,104.069188,30.681801
中国邮政储蓄银行人民北路支行个人贷款受理中心,finance,金融保险服务;银行相关;银行相关,金牛区,104.069188,30.681671
自助银行服务,finance,金融保险服务;自动提款机;自动提款机,金牛区,104.07601,30.680459
成都农商银行(城隍庙分理处),finance,金融保险服务;银行;农村商业银行,金牛区,104.07418,30.679957
中国邮政储蓄银行(成都簸箕街储蓄所),finance,金融保险服务;银行;中国邮政储蓄银行,金牛区,104.077485,30.681468
交通银行(成都花圃路支行),finance,金融保险服务;银行;交通银行,金牛区,104.07559,30.684213
中国建设银行,finance,金融保险服务;银行;中国建设银行,金牛区,104.081329,30.685155
中国建设银行(成都梁家巷支行),finance,金融保险服务;银行;中国建设银行,金牛区,104.079343,30.685474
中国工商银行(成都簸箕街支行),finance,金融保险服务;银行;中国工商银行,金牛区,104.076974,30.679681
成都银行(解放路支行),finance,金融保险服务;银行;银行,金牛区,104.079659,30.683155
中国工商银行(成都外北支行),finance,金融保险服务;银行;中国工商银行,金牛区,104.082226,30.687604
交通银行ATM(成都花圃路支行),finance,金融保险服务;自动提款机;交通银行ATM,金牛区,104.075588,30.684163
中国农业银行(人北支行),finance,金融保险服务;银行;中国农业银行,金牛区,104.078052,30.685943
中国农业银行(成都解放路支行),finance,金融保险服务;银行;中国农业银行,金牛区,104.076833,30.679422
成都银行ATM(明珠酒店),finance,金融保险服务;自动提款机;自动提款机,金牛区,104.081344,30.685505
中国工商银行24小时自助银行(成都外北支行),finance,金融保险服务;自动提款机;中国工商银行ATM,金牛区,104.082263,30.687495
中国建设银行ATM(解放路一段),finance,金融保险服务;自动提款机;中国建设银行ATM,金牛区,104.081367,30.685541
成都市商业银行24小时自助银行,finance,金融保险服务;自动提款机;自动提款机,金牛区,104.081213,30.685214
中国建设银行ATM(解放路一段),finance,金融保险服务;自动提款机;中国建设银行ATM,金牛区,104.08278,30.687716
中国建设银行ATM(一环路北四段),finance,金融保险服务;自动提款机;中国建设银行ATM,金牛区,104.082793,30.684577
中国农业银行24小时自助银行(解放路一段),finance,金融保险服务;自动提款机;中国农业银行ATM,金牛区,104.081428,30.686199
中国建设银行24小时自助银行(梁家巷支行),finance,金融保险服务;自动提款机;中国建设银行ATM,金牛区,104.079291,30.685441
中国建设银行24小时自助银行(城隍庙南二巷),finance,金融保险服务;自动提款机;中国建设银行ATM,金牛区,104.076012,30.680493
中国工商银行24小时自助银行(成都簸箕街支行),finance,金融保险服务;自动提款机;中国工商银行ATM,金牛区,104.076974,30.679681
中国建设银行ATM(一环路北三段),finance,金融保险服务;自动提款机;中国建设银行ATM,金牛区,104.074299,30.686883
中国农业银行24小时自助银行(成都人北支行),finance,金融保险服务;自动提款机;中国农业银行ATM,金牛区,104.078025,30.685976
成都银行24小时自助银行(正府街支行),finance,金融保险服务;自动提款机;自动提款机,金牛区,104.073536,30.687194
中国邮政储蓄银行ATM(成都簸箕街储蓄所),finance,金融保险服务;自动提款机;中国邮政储蓄银行ATM,金牛区,104.077436,30.681492
成都农商银行24小时自助银行(城隍庙分理处),finance,金融保险服务;自动提款机;农村商业银行ATM,金牛区,104.074194,30.67995
成都银行24小时自助银行(解放路支行),finance,金融保险服务;自动提款机;自动提款机,金牛区,104.079667,30.683175
中国工商银行股份有限公司锦州城内支行营业部附行式自助银行,finance,金融保险服务;自动提款机;自动提款机,金牛区,104.075312,30.683337
中国人民财产保险金牛支公司,finance,金融保险服务;保险公司;中国人民保险公司,金牛区,104.088936,30.680033
兴业银行(成都前锋街社区支行),finance,金融保险服务;银行;兴业银行,成华区,104.090801,30.68301
上海浦东发展银行ATM(平安正街),finance,金融保险服务;自动提款机;上海浦东发展银行ATM,成华区,104.089767,30.686668
中国银行(成都府青路支行),finance,金融保险服务;银行;中国银行,成华区,104.089303,30.681533
中国农业银行(成都马鞍支行),finance,金融保险服务;银行;中国农业银行,金牛区,104.085137,30.680599
中国建设银行,finance,金融保险服务;银行;中国建设银行,成华区,104.091643,30.680698
中国建设银行(成都马鞍路分理处),finance,金融保险服务;银行;中国建设银行,金牛区,104.085203,30.680715
成都银行(李家沱支行),finance,金融保险服务;银行;银行,金牛区,104.089349,30.686881
中国建设银行(李家沱储蓄所),finance,金融保险服务;银行;中国建设银行,金牛区,104.08793,30.687282
招商银行24小时自助银行(三友路),finance,金融保险服务;自动提款机;招商银行ATM,金牛区,104.08822,30.685258
中国工商银行(成都李家沱支行),finance,金融保险服务;银行;中国工商银行,金牛区,104.086936,30.68332
中国邮政储蓄银行(府青路营业所),finance,金融保险服务;银行;中国邮政储蓄银行,成华区,104.091911,30.681219
中国民生银行ATM,finance,金融保险服务;自动提款机;中国民生银行ATM,成华区,104.090234,30.682058
成都银行(马鞍北路支行),finance,金融保险服务;银行;银行,成华区,104.089655,30.681269
成都银行(马鞍北路支行),finance,金融保险服务;银行;银行,成华区,104.086684,30.682181
中国银行24小时自助银行(成都府青路支行),finance,金融保险服务;自动提款机;中国银行ATM,成华区,104.089316,30.68153
中国邮政储蓄银行(成都李家沱营业所),finance,金融保险服务;银行;中国邮政储蓄银行,金牛区,104.087638,30.686929
中国建设银行ATM(泰兴路),finance,金融保险服务;自动提款机;中国建设银行ATM,成华区,104.090801,30.688088
中国建设银行24小时自助银行(马鞍路分理处),finance,金融保险服务;自动提款机;中国建设银行ATM,金牛区,104.08519,30.680693
中国建设银行ATM(一环路北四段),finance,金融保险服务;自动提款机;中国建设银行ATM,金牛区,104.083767,30.683162
中国工商银行ATM(成都李家沱支行),finance,金融保险服务;自动提款机;中国工商银行ATM,金牛区,104.086916,30.683257
中国农业银行24小时自助银行(马鞍支行),finance,金融保险服务;自动提款机;中国农业银行ATM,金牛区,104.085152,30.680622
中国邮政储蓄银行ATM(成都李家沱营业所),finance,金融保险服务;自动提款机;中国邮政储蓄银行ATM,金牛区,104.087638,30.686929
中国建设银行24小时自助银行(华安路),finance,金融保险服务;自动提款机;中国建设银行ATM,成华区,104.09183,30.681152
中国建设银行24小时自助银行(三友路),finance,金融保险服务;自动提款机;中国建设银行ATM,金牛区,104.0879,30.684742
中国光大银行ATM(一环路北四段),finance,金融保险服务;自动提款机;中国光大银行ATM,金牛区,104.085727,30.682621
中国建设银行24小时自助银行(府青路二段),finance,金融保险服务;自动提款机;中国建设银行ATM,成华区,104.093216,30.680658
中国建设银行24小时自助银行(李家沱储蓄所),finance,金融保险服务;自动提款机;中国建设银行ATM,金牛区,104.087954,30.687321
兴业银行ATM(财富又一城离行式CRS),finance,金融保险服务;自动提款机;兴业银行ATM,成华区,104.091628,30.67991
中国民生银行24小时自助银行(华安路),finance,金融保险服务;自动提款机;中国民生银行ATM,成华区,104.092106,30.681637
成都银行24小时自助银行(李家沱支行),finance,金融保险服务;自动提款机;自动提款机,金牛区,104.089349,30.686881
兴业银行24小时自助银行(成都前锋街社区支行),finance,金融保险服务;自动提款机;兴业银行ATM,成华区,104.090801,30.68301
上海浦东发展银行24小时自助银行(一环路北四段),finance,金融保险服务;自动提款机;上海浦东发展银行ATM,成华区,104.090756,30.680581
华夏银行ATM(三友路),finance,金融保险服务;自动提款机;华夏银行ATM,成华区,104.090717,30.688431
成都银行24小时自助银行(马鞍北路支行),finance,金融保险服务;自动提款机;自动提款机,成华区,104.089621,30.681221
中国邮政储蓄银行ATM(府青路营业所),finance,金融保险服务;自动提款机;中国邮政储蓄银行ATM,成华区,104.091897,30.681264
中信银行24自助银行服务,finance,金融保险服务;自动提款机;中信银行ATM,成华区,104.103113,30.686546
交通银行(成都电子科技大学支行),finance,金融保险服务;银行;交通银行,成华区,104.09714,30.679807
中国工商银行(成都八里庄支行),finance,金融保险服务;银行;中国工商银行,成华区,104.096846,30.684949
中国建设银行(府青路储蓄所),finance,金融保险服务;银行;中国建设银行,成华区,104.102846,30.687193
招商银行ATM(秀苑路),finance,金融保险服务;自动提款机;招商银行ATM,成华区,104.097203,30.679827
招商银行24小时自助银行(欣然一街),finance,金融保险服务;自动提款机;招商银行ATM,成华区,104.103002,30.687377
中国建设银行(成都电子科技大学东院支行),finance,金融保险服务;银行;中国建设银行,成华区,104.096792,30.683893
招商银行(成都府青路支行),finance,金融保险服务;银行;招商银行,成华区,104.098083,30.685613
招商银行24小时自助银行(成都府青路支行),finance,金融保险服务;自动提款机;招商银行ATM,成华区,104.098083,30.685613
中国建设银行ATM(秀苑路),finance,金融保险服务;自动提款机;中国建设银行ATM,成华区,104.097203,30.679827
中国工商银行ATM(二环路北四段),finance,金融保险服务;自动提款机;中国工商银行ATM,成华区,104.097962,30.688351
南充市商业银行(浅水半岛社区支行),finance,金融保险服务;银行;银行,成华区,104.103069,30.688034
兴业银行ATM(浅水半岛),finance,金融保险服务;自动提款机;兴业银行ATM,成华区,104.102479,30.684792
中国农业银行24小时自助银行(新怡路),finance,金融保险服务;自动提款机;中国农业银行ATM,成华区,104.103079,30.68683
中国银行ATM(秀苑路),finance,金融保险服务;自动提款机;中国银行ATM,成华区,104.097203,30.679827
中国建设银行ATM(二环路北四段),finance,金融保险服务;自动提款机;中国建设银行ATM,成华区,104.096945,30.688851
中国建设银行24小时自助银行(府青路储蓄所),finance,金融保险服务;自动提款机;中国建设银行ATM,成华区,104.102885,30.687202
中国农业银行24小时自助银行(踏水桥北街),finance,金融保险服务;自动提款机;中国农业银行ATM,成华区,104.10218,30.682313
中国工商银行ATM(学生公寓13栋西南),finance,金融保险服务;自动提款机;中国工商银行ATM,成华区,104.097203,30.679827
中国工商银行24小时自助银行(二环路东一段),finance,金融保险服务;自动提款机;中国工商银行ATM,成华区,104.102401,30.683108
成都银行ATM(资阳分行),finance,金融保险服务;自动提款机;自动提款机,成华区,104.098742,30.681368
中国民生银行24小时自助银行(欣然一街),finance,金融保险服务;自动提款机;中国民生银行ATM,成华区,104.102684,30.686843
中国工商银行24小时自助银行(八里庄支行),finance,金融保险服务;自动提款机;中国工商银行ATM,成华区,104.096799,30.684894
中国建设银行24小时自助银行(成都电子科技大学东院支行),finance,金融保险服务;自动提款机;中国建设银行ATM,成华区,104.096792,30.683888
交通银行24小时自助银行(成都电子科技大学支行),finance,金融保险服务;自动提款机;交通银行ATM,成华区,104.097101,30.679794
南充市商业银行24小时自助银行(成都浅水半岛社区支行),finance,金融保险服务;自动提款机;自动提款机,成华区,104.103069,30.688034
包商银行24小时自助银行(成都浅水半岛社区支行),finance,金融保险服务;自动提款机;自动提款机,成华区,104.103099,30.686631
平安银行ATM(怡福巷),finance,金融保险服务;自动提款机;平安银行ATM,成华区,104.103182,30.684362
华夏银行24小时自助银行(成都成华支行),finance,金融保险服务;自动提款机;华夏银行ATM,成华区,104.098041,30.686413
广发银行ATM(财富又一城东南),finance,金融保险服务;自动提款机;广发银行ATM,成华区,104.093722,30.681461
华夏银行(成都成华支行),finance,金融保险服务;银行;华夏银行,成华区,104.098003,30.686359
成都农商银行24小时自助银行(桃蹊分理处),finance,金融保险服务;自动提款机;农村商业银行ATM,成华区,104.10575,30.683827
成都农商银行(桃蹊分理处),finance,金融保险服务;银行;农村商业银行,成华区,104.105834,30.683868
中国工商银行(成都双建路分理处),finance,金融保险服务;银行;中国工商银行,成华区,104.11205,30.682736
中国建设银行(成都双建路支行),finance,金融保险服务;银行;中国建设银行,成华区,104.112585,30.681383
成都银行(八里庄支行),finance,金融保险服务;银行;银行,成华区,104.107363,30.685258
中国邮政储蓄银行(成都桃蹊路支行),finance,金融保险服务;银行;中国邮政储蓄银行,成华区,104.104927,30.683472
中国建设银行(成都桃蹊路支行),finance,金融保险服务;银行;中国建设银行,成华区,104.103744,30.682954
攀枝花市商业银行(桃蹊路),finance,金融保险服务;银行;银行,成华区,104.107141,30.68462
中国工商银行24小时自助银行(八里小区分理处),finance,金融保险服务;自动提款机;中国工商银行ATM,成华区,104.109073,30.687045
成都银行24小时自助银行(八里庄支行),finance,金融保险服务;自动提款机;自动提款机,成华区,104.107466,30.685315
包商银行(成华支行),finance,金融保险服务;银行;银行,成华区,104.113367,30.679702
中国建设银行ATM(桃源街),finance,金融保险服务;自动提款机;中国建设银行ATM,成华区,104.112212,30.685163
中国邮政储蓄银行24小时自助银行(成都桃蹊路支行),finance,金融保险服务;自动提款机;中国邮政储蓄银行ATM,成华区,104.104829,30.68343
成都银行ATM(桃蹊路),finance,金融保险服务;自动提款机;自动提款机,成华区,104.104283,30.683186
交通银行ATM(怡福巷),finance,金融保险服务;自动提款机;交通银行ATM,成华区,104.104133,30.684735
交通银行ATM(桃源街),finance,金融保险服务;自动提款机;交通银行ATM,成华区,104.112209,30.68539
上海浦东发展银行ATM(怡福路),finance,金融保险服务;自动提款机;上海浦东发展银行ATM,成华区,104.105001,30.688703
中国建设银行24小时自助银行(成都桃蹊路支行),finance,金融保险服务;自动提款机;中国建设银行ATM,成华区,104.103682,30.682929
中国工商银行24小时自助银行(成都双建路分理处),finance,金融保险服务;自动提款机;中国工商银行ATM,成华区,104.112079,30.682665
中国建设银行ATM(桃蹊路),finance,金融保险服务;自动提款机;中国建设银行ATM,成华区,104.109351,30.687091
包商银行24小时自助银行(成华支行),finance,金融保险服务;自动提款机;自动提款机,成华区,104.113367,30.679702
中国建设银行24小时自助银行(成都双建路支行),finance,金融保险服务;自动提款机;中国建设银行ATM,成华区,104.112624,30.68132
成都农商银行(二仙桥分理处),finance,金融保险服务;银行;农村商业银行,成华区,104.122731,30.683118
广发银行24小时自助银行(成都建设北路支行),finance,金融保险服务;自动提款机;广发银行ATM,成华区,104.113633,30.680601
中国农业银行(成都圣灯支行),finance,金融保险服务;银行;中国农业银行,成华区,104.114327,30.680608
中国工商银行(二仙桥分理处),finance,金融保险服务;银行;中国工商银行,成华区,104.116949,30.68885
中国工商银行24小时自助银行(成都二仙桥支行),finance,金融保险服务;自动提款机;中国工商银行ATM,成华区,104.121657,30.682688
中国农业银行24小时自助银行(成都圣灯支行),finance,金融保险服务;自动提款机;中国农业银行ATM,成华区,104.114384,30.680622
中国建设银行24小时自助银行(建设北路三段),finance,金融保险服务;自动提款机;中国建设银行ATM,成华区,104.115721,30.68045
中国建设银行24小时建设银行(建设北路三段),finance,金融保险服务;自动提款机;中国建设银行ATM,成华区,104.115823,30.68041
华夏银行ATM,finance,金融保险服务;自动提款机;华夏银行ATM,成华区,104.115971,30.681769
成都银行ATM(龙湖支行),finance,金融保险服务;自动提款机;自动提款机,成华区,104.118409,30.681895
中国工商银行(成都二仙桥支行),finance,金融保险服务;银行;中国工商银行,成华区,104.12159,30.682674
广发银行(成都建设北路支行),finance,金融保险服务;银行;广发银行,成华区,104.113593,30.680651
成都农商银行24小时自助银行(三根香分理处),finance,金融保险服务;自动提款机;农村商业银行ATM,成华区,104.128185,30.684814
成都农商银行(三根香分理处),finance,金融保险服务;银行;农村商业银行,成华区,104.128185,30.684814
中国银行ATM(二仙桥北二路),finance,金融保险服务;自动提款机;中国银行ATM,成华区,104.129189,30.684128
中国农业银行24小时自助银行(二仙桥北二路),finance,金融保险服务;自动提款机;中国农业银行ATM,成华区,104.129255,30.684069
中国工商银行(机车车辆厂分理处),finance,金融保险服务;银行;中国工商银行,成华区,104.137548,30.683941
中国工商银行(机车车辆厂分理处),finance,金融保险服务;银行;中国工商银行,成华区,104.134191,30.683529
中国工商银行24小时自助银行(机车车辆厂分理处),finance,金融保险服务;自动提款机;中国工商银行ATM,成华区,104.134191,30.683529
中国工商银行24小时自助银行(机车车辆厂分理处),finance,金融保险服务;自动提款机;中国工商银行ATM,成华区,104.137664,30.683848
中国建设银行24小时自助银行(东华一路),finance,金融保险服务;自动提款机;中国建设银行ATM,成华区,104.137085,30.684241
中国建设银行ATM(下涧槽路),finance,金融保险服务;自动提款机;中国建设银行ATM,成华区,104.134089,30.683718
上海浦东发展银行24小时自助银行(成都理宫社区支行),finance,金融保险服务;自动提款机;上海浦东发展银行ATM,成华区,104.138022,30.683633
上海浦东发展银行(成都理宫社区支行),finance,金融保险服务;银行;上海浦东发展银行,成华区,104.138021,30.683629
中国人民财产保险股份有限公司保险事故车辆拆检定损中心,finance,金融保险服务;保险公司;中国人民保险公司,成华区,104.162641,30.688097
中国人民财产保险股份有限公司(成都市城东北理赔分中心),finance,金融保险服务;保险公司;中国人民保险公司,成华区,104.170835,30.687154
中国工商银行24小时自助银行(成济路),finance,金融保险服务;自动提款机;中国工商银行ATM,成华区,104.167292,30.688485
中国邮政贷款受理中心,finance,金融保险服务;银行;中国邮政储蓄银行,成华区,104.182016,30.68837
中国邮政储蓄银行(龙潭支行),finance,金融保险服务;银行;中国邮政储蓄银行,成华区,104.182567,30.688411
中国邮政储蓄银行24小时自助银行(龙潭支行),finance,金融保险服务;自动提款机;中国邮政储蓄银行ATM,成华区,104.182387,30.688257
中国建设银行ATM(培华路),finance,金融保险服务;自动提款机;中国建设银行ATM,青羊区,103.967494,30.672645
交通银行24小时自助银行(光华大道一段),finance,金融保险服务;自动提款机;交通银行ATM,青羊区,103.973153,30.671913
华夏银行ATM(光华东三路),finance,金融保险服务;自动提款机;华夏银行ATM,青羊区,103.970274,30.674431
24小时自助银行服务,finance,金融保险服务;自动提款机;自动提款机,青羊区,103.974259,30.674006
中国农业银行(苏坡桥支行),finance,金融保险服务;银行;中国农业银行,青羊区,103.982022,30.671839
成都农商银行(中鹏分理处),finance,金融保险服务;银行;农村商业银行,青羊区,103.982943,30.673926
中国农业银行24小时自助银行(苏坡桥支行),finance,金融保险服务;自动提款机;中国农业银行ATM,青羊区,103.982089,30.671962
兴业银行ATM,finance,金融保险服务;自动提款机;兴业银行ATM,青羊区,103.977061,30.674444
中国建设银行ATM(培中路),finance,金融保险服务;自动提款机;中国建设银行ATM,青羊区,103.977078,30.673539
中国建设银行ATM(苏坡中路),finance,金融保险服务;自动提款机;中国建设银行ATM,青羊区,103.982073,30.672139
中国建设银行24小时自助银行(苏坡支行),finance,金融保险服务;自动提款机;中国建设银行ATM,青羊区,103.974279,30.674042
中国建设银行(成都苏坡支行),finance,金融保险服务;银行;中国建设银行,青羊区,103.974278,30.674043
成都市农村商业银行ATM(中鹏分理处),finance,金融保险服务;自动提款机;农村商业银行ATM,青羊区,103.982943,30.673926
24h自助银行服务,finance,金融保险服务;自动提款机;自动提款机,青羊区,103.988636,30.673225
平安银行(成都四威南路社区支行),finance,金融保险服务;银行;平安银行,青羊区,103.990759,30.671689
中国农业银行(成都贝森路分理处),finance,金融保险服务;银行;中国农业银行,青羊区,103.988742,30.673262
中国建设银行,finance,金融保险服务;银行;中国建设银行,青羊区,103.985306,30.677188
中国工商银行(成都瑞星路支行),finance,金融保险服务;银行;中国工商银行,青羊区,103.993103,30.669822
攀枝花市商业银行(成都光华支行),finance,金融保险服务;银行;银行,青羊区,103.991422,30.670621
中国建设银行ATM(贝森路),finance,金融保险服务;自动提款机;中国建设银行ATM,青羊区,103.989536,30.673462
中国建设银行ATM(东顺路),finance,金融保险服务;自动提款机;中国建设银行ATM,青羊区,103.989466,30.675109
兴业银行(成都金沙10年社区支行),finance,金融保险服务;银行;兴业银行,青羊区,103.98592,30.677762
中国建设银行ATM(四威南路),finance,金融保险服务;自动提款机;中国建设银行ATM,青羊区,103.991646,30.671267
中国工商银行24小时自助银行(东顺路),finance,金融保险服务;自动提款机;中国工商银行ATM,青羊区,103.98835,30.673938
中国建设银行24小时自助银行(德商·金沙10年西南),finance,金融保险服务;自动提款机;中国建设银行ATM,青羊区,103.985369,30.677097
浦发银行ATM(东顺路),finance,金融保险服务;自动提款机;上海浦东发展银行ATM,青羊区,103.9895,30.675123
兴业银行24小时自助银行(成都金沙10年社区支行),finance,金融保险服务;自动提款机;兴业银行ATM,青羊区,103.98592,30.677762
中国农业银行24小时自助银行(成都贝森路分理处),finance,金融保险服务;自动提款机;中国农业银行ATM,青羊区,103.98867,30.673265
中国建设银行24小时自助银行(金祥路),finance,金融保险服务;自动提款机;中国建设银行ATM,青羊区,103.993414,30.679008
平安银行24小时自助银行(成都四威南路社区支行),finance,金融保险服务;自动提款机;平安银行ATM,青羊区,103.990759,30.671689
攀枝花市商业银行24小时自助银行(成都光华支行),finance,金融保险服务;自动提款机;自动提款机,青羊区,103.991364,30.670625
中国工商银行24小时自助银行(成都瑞星路支行),finance,金融保险服务;自动提款机;中国工商银行ATM,青羊区,103.993104,30.669879
兴业银行(成都凯丽美域社区支行),finance,金融保险服务;银行;兴业银行,青羊区,103.993988,30.678388
兴业银行24小时自助银行(成都凯丽美域社区支行),finance,金融保险服务;自动提款机;兴业银行ATM,青羊区,103.994013,30.678378
上海浦东发展银行24小时自助银行(成都金沙支行),finance,金融保险服务;自动提款机;上海浦东发展银行ATM,青羊区,103.999887,30.677749
浦发银行(金沙支行),finance,金融保险服务;银行;上海浦东发展银行,青羊区,103.999887,30.677749
成都银行(金沙支行),finance,金融保险服务;银行;银行,青羊区,104.000375,30.677632
中国银行(青羊支行营业部),finance,金融保险服务;银行;中国银行,青羊区,103.997051,30.677149
中国建设银行(金沙祥域储蓄所),finance,金融保险服务;银行;中国建设银行,青羊区,104.001002,30.67723
中国建设银行(成都贝森路支行),finance,金融保险服务;银行;中国建设银行,青羊区,104.001215,30.672117
中国银行(成都贝森路支行),finance,金融保险服务;银行;中国银行,青羊区,104.000842,30.67241
渤海银行(金沙支行),finance,金融保险服务;银行;银行,青羊区,103.995667,30.676368
中国工商银行(成都贝森南路支行),finance,金融保险服务;银行;中国工商银行,青羊区,104.001343,30.671902
中国银行ATM(金沙万瑞中心东),finance,金融保险服务;自动提款机;中国银行ATM,青羊区,103.997994,30.676564
中国农业银行(成都清江支行),finance,金融保险服务;银行;中国农业银行,青羊区,104.002125,30.676705
中国民生银行(成都金沙支行),finance,金融保险服务;银行;中国民生银行,青羊区,104.001839,30.676832
中国建设银行ATM(凯丽美域东南),finance,金融保险服务;自动提款机;中国建设银行ATM,青羊区,103.997975,30.676574
天津银行(成都贝森社区支行),finance,金融保险服务;银行;银行,青羊区,104.001858,30.673406
招商银行24小时自助银行(清江西路),finance,金融保险服务;自动提款机;招商银行ATM,青羊区,104.001243,30.676384
中国建设银行24小时自助银行(金沙祥域储蓄所),finance,金融保险服务;自动提款机;中国建设银行ATM,青羊区,104.001002,30.67723
兴业银行(金沙支行),finance,金融保险服务;银行;兴业银行,青羊区,104.003613,30.67184
中国建设银行ATM(双玺东),finance,金融保险服务;自动提款机;中国建设银行ATM,青羊区,103.994236,30.673025
成都银行ATM,finance,金融保险服务;自动提款机;自动提款机,青羊区,103.99986,30.672261
中国建设银行ATM(凯丽美域东南),finance,金融保险服务;自动提款机;中国建设银行ATM,青羊区,103.998207,30.675508
中国农业银行24小时自助银行(贝森北路),finance,金融保险服务;自动提款机;中国农业银行ATM,青羊区,104.001433,30.672679
中国银行24小时自助银行(成都贝森路支行),finance,金融保险服务;自动提款机;中国银行ATM,青羊区,104.000842,30.67241
成都银行ATM(新阳光健康家园东北),finance,金融保险服务;自动提款机;自动提款机,青羊区,104.000104,30.675421
中信银行24小时自助银行(贝森路),finance,金融保险服务;自动提款机;中信银行ATM,青羊区,103.999154,30.672307
中国工商银行24小时自助银行(成都贝森南路支行),finance,金融保险服务;自动提款机;中国工商银行ATM,青羊区,104.001359,30.672017
中国农业银行24小时自助银行(成都清江支行),finance,金融保险服务;自动提款机;中国农业银行ATM,青羊区,104.002125,30.676705
中国建设银行24小时自助银行(双新南路),finance,金融保险服务;自动提款机;中国建设银行ATM,青羊区,103.99606,30.671517
中国银行24小时自助银行(青羊支行营业部),finance,金融保险服务;自动提款机;中国银行ATM,青羊区,103.996966,30.676968
兴业银行24小时自助银行(金沙支行),finance,金融保险服务;自动提款机;兴业银行ATM,青羊区,104.00367,30.671832
中国建设银行24小时自助银行(成都贝森路支行),finance,金融保险服务;自动提款机;中国建设银行ATM,青羊区,104.001357,30.672043
包商银行24小时自助银行(贝双街),finance,金融保险服务;自动提款机;自动提款机,青羊区,103.997938,30.670424
渤海银行24小时自助银行(金沙支行),finance,金融保险服务;自动提款机;自动提款机,青羊区,103.995582,30.676379
包商银行,finance,金融保险服务;银行;银行,青羊区,103.998052,30.670441
天津银行24小时自助银行(成都贝森社区支行),finance,金融保险服务;自动提款机;自动提款机,青羊区,104.001863,30.673445
中国民生银行24小时自助银行(成都金沙支行),finance,金融保险服务;自动提款机;中国民生银行ATM,青羊区,104.001839,30.676832
成都银行24小时自助银行(金沙支行),finance,金融保险服务;自动提款机;自动提款机,青羊区,104.000191,30.677599
恒丰银行24小时自助银行(蜀源路),finance,金融保险服务;自动提款机;自动提款机,青羊区,104.001412,30.679425
广发银行(金沙支行),finance,金融保险服务;银行;广发银行,青羊区,103.997122,30.677456
广发银行24小时自助银行(金沙支行),finance,金融保险服务;自动提款机;广发银行ATM,青羊区,103.997122,30.677456
中国农业银行(财大支行),finance,金融保险服务;银行;中国农业银行,青羊区,104.011721,30.673655
中国工商银行(金沙分理处),finance,金融保险服务;银行;中国工商银行,青羊区,104.008662,30.679331
中国工商银行(清江中路支行),finance,金融保险服务;银行;中国工商银行,青羊区,104.013197,30.674198
中国银行(金凤路支行),finance,金融保险服务;银行;中国银行,青羊区,104.003737,30.678323
中国建设银行(青羊大道储蓄所),finance,金融保险服务;银行;中国建设银行,青羊区,104.008877,30.679223
中国农业银行(成都金沙支行),finance,金融保险服务;银行;中国农业银行,青羊区,104.008993,30.678801
华夏银行(金沙支行),finance,金融保险服务;银行;华夏银行,青羊区,104.006786,30.67526
华夏银行(成都金沙支行),finance,金融保险服务;银行;华夏银行,青羊区,104.00665,30.67528
中国银行ATM(光华北路),finance,金融保险服务;自动提款机;中国银行ATM,青羊区,104.011168,30.66957
中国农业银行24小时自助银行(成都西南财大分理处),finance,金融保险服务;自动提款机;中国农业银行ATM,青羊区,104.011052,30.669529
中国工商银行24小时自助银行(金沙分理处),finance,金融保险服务;自动提款机;中国工商银行ATM,青羊区,104.008662,30.679331
中信银行24小时自助银行(光华馨地东),finance,金融保险服务;自动提款机;中信银行ATM,青羊区,104.008985,30.671825
华夏银行金沙支行(六楼入口),finance,金融保险服务;银行;华夏银行,青羊区,104.006549,30.675227
中国建设银行ATM(海棠月色西),finance,金融保险服务;自动提款机;中国建设银行ATM,青羊区,104.004808,30.671714
招商银行24小时自助银行(光华馨地西南),finance,金融保险服务;自动提款机;招商银行ATM,青羊区,104.006862,30.670812
中国工商银行24小时自助银行(清江中路支行),finance,金融保险服务;自动提款机;中国工商银行ATM,青羊区,104.013151,30.674092
中国建设银行ATM(中环路青羊大道段),finance,金融保险服务;自动提款机;中国建设银行ATM,青羊区,104.007407,30.676805
成都银行ATM(锦屏南路),finance,金融保险服务;自动提款机;自动提款机,青羊区,104.010977,30.674683
中国农业银行24小时自助银行(成都金沙支行),finance,金融保险服务;自动提款机;中国农业银行ATM,青羊区,104.008993,30.678801
中国工商银行24小时自助银行(清江中路),finance,金融保险服务;自动提款机;中国工商银行ATM,青羊区,104.00832,30.6748
恒丰银行ATM(中环路青羊大道段),finance,金融保险服务;自动提款机;自动提款机,青羊区,104.006895,30.673877
华夏银行24小时自助银行(成都金沙支行营业部),finance,金融保险服务;自动提款机;华夏银行ATM,青羊区,104.006786,30.67526
中国银行24小时自助银行(成都金凤路支行),finance,金融保险服务;自动提款机;中国银行ATM,青羊区,104.003874,30.678554
中国建设银行24小时自助银行(青羊大道储蓄所),finance,金融保险服务;自动提款机;中国建设银行ATM,青羊区,104.008877,30.679223
成都银行ATM(中环路青羊大道段),finance,金融保险服务;自动提款机;自动提款机,青羊区,104.007313,30.675765
华泰保险股份有限公司(双顺路),finance,金融保险服务;保险公司;华泰财产保险股份有限公司,青羊区,104.017642,30.677502
中国银行(双顺路支行),finance,金融保险服务;银行;中国银行,青羊区,104.015611,30.67361
中国工商银行(峨影支行),finance,金融保险服务;银行;中国工商银行,青羊区,104.020801,30.672813
成都银行(战旗支行),finance,金融保险服务;银行;银行,青羊区,104.019137,30.676776
中国银行24小时自助银行(双顺路支行),finance,金融保险服务;自动提款机;中国银行ATM,青羊区,104.015611,30.67361
中国工商银行24小时自助银行(峨影支行),finance,金融保险服务;自动提款机;中国工商银行ATM,青羊区,104.020854,30.672802
中国工商银行24小时自助银行(双锦路),finance,金融保险服务;自动提款机;中国工商银行ATM,青羊区,104.014575,30.675545
成都银行24小时自助银行(战旗东路支行),finance,金融保险服务;自动提款机;自动提款机,青羊区,104.019064,30.676746
中国工商银行24小时自助银行(二环路西二段),finance,金融保险服务;自动提款机;中国工商银行ATM,青羊区,104.018482,30.673126
中国建设银行24小时自助银行(二环路西二段),finance,金融保险服务;自动提款机;中国建设银行ATM,青羊区,104.018793,30.673766
成都农商银行ATM(二环路西二段),finance,金融保险服务;自动提款机;农村商业银行ATM,青羊区,104.020835,30.678601
中国工商银行24小时自助银行(战旗东路),finance,金融保险服务;自动提款机;中国工商银行ATM,青羊区,104.018772,30.676799
成都市农村商业银行(24销小时自助银行),finance,金融保险服务;自动提款机;农村商业银行ATM,青羊区,104.020752,30.678831
中国民生银行24小时自助银行(双顺路),finance,金融保险服务;自动提款机;中国民生银行ATM,青羊区,104.016427,30.674186
交通银行(成都草堂支行),finance,金融保险服务;银行;交通银行,青羊区,104.027733,30.671089
中国建行银行,finance,金融保险服务;银行;中国建设银行,青羊区,104.026867,30.66997
中国农业银行,finance,金融保险服务;银行;中国农业银行,青羊区,104.026082,30.677881
中国民生银行(成都清江支行),finance,金融保险服务;银行;中国民生银行,青羊区,104.026873,30.671653
中国建设银行(金罗路储蓄所),finance,金融保险服务;银行;中国建设银行,金牛区,104.029855,30.677755
中国邮政储蓄银行(草堂支行),finance,金融保险服务;银行;中国邮政储蓄银行,青羊区,104.027107,30.670942
成都银行(浣花北路支行),finance,金融保险服务;银行;银行,青羊区,104.03058,30.671147
成都银行(石人北路支行),finance,金融保险服务;银行;银行,青羊区,104.026305,30.678568
中国邮政储蓄银行(草堂支行营业部),finance,金融保险服务;银行;中国邮政储蓄银行,青羊区,104.026512,30.671351
中国工商银行24小时自助银行(成都罗家碾分理处),finance,金融保险服务;自动提款机;中国工商银行ATM,青羊区,104.031314,30.670953
中国工商银行(成都罗家碾支行),finance,金融保险服务;银行;中国工商银行,青羊区,104.031265,30.670963
中国建设银行24小时自助银行(清江路储蓄所),finance,金融保险服务;自动提款机;中国建设银行ATM,青羊区,104.024308,30.671594
中国农业银行ATM(石人北路),finance,金融保险服务;自动提款机;中国农业银行ATM,青羊区,104.026078,30.677715
中国建设银行24小时自助银行(金罗路储蓄所),finance,金融保险服务;自动提款机;中国建设银行ATM,金牛区,104.029863,30.677755
交通银行24小时自助银行(成都草堂支行),finance,金融保险服务;自动提款机;交通银行ATM,青羊区,104.027669,30.671089
中国建设银行24小时自助银行(草堂北路储蓄所),finance,金融保险服务;自动提款机;中国建设银行ATM,青羊区,104.02685,30.669923
上海银行(清江路支行),finance,金融保险服务;银行;上海银行,青羊区,104.025186,30.671959
中国农业银行24小时自助银行(石人东路),finance,金融保险服务;自动提款机;中国农业银行ATM,青羊区,104.027016,30.677346
中国建设银行24小时自助银行(金罗路),finance,金融保险服务;自动提款机;中国建设银行ATM,金牛区,104.030787,30.676581
成都银行ATM(草堂北路),finance,金融保险服务;自动提款机;自动提款机,青羊区,104.026575,30.670448
中国建设银行ATM(清江东路),finance,金融保险服务;自动提款机;中国建设银行ATM,青羊区,104.033332,30.67011
中信银行24小时自助银行(石人南路),finance,金融保险服务;自动提款机;中信银行ATM,青羊区,104.025348,30.67468
中国工商银行24小时自助银行(大庆路),finance,金融保险服务;自动提款机;中国工商银行ATM,青羊区,104.026704,30.677105
上海银行ATM(石人北路),finance,金融保险服务;自动提款机;上海银行ATM,青羊区,104.026294,30.678471
中国邮政储蓄银行24小时自助银行(草堂支行),finance,金融保险服务;自动提款机;中国邮政储蓄银行ATM,青羊区,104.026939,30.67128
成都银行24小时自助银行(浣花北路支行),finance,金融保险服务;自动提款机;自动提款机,青羊区,104.03052,30.671152
成都银行24小时自助银行(石人北路支行),finance,金融保险服务;自动提款机;自动提款机,青羊区,104.026318,30.678623
上海银行24小时自助银行(清江路支行),finance,金融保险服务;自动提款机;上海银行ATM,青羊区,104.025075,30.67198
中国工商银行24小时自助银行(金琴路),finance,金融保险服务;自动提款机;中国工商银行ATM,金牛区,104.031544,30.678415
中国工商银行24小时自助银行(罗家碾街),finance,金融保险服务;自动提款机;中国工商银行ATM,青羊区,104.024144,30.675274
中国民生银行24小时自助银行(成都清江支行),finance,金融保险服务;自动提款机;中国民生银行ATM,青羊区,104.026787,30.671665
中信银行自助银行服务,finance,金融保险服务;自动提款机;中信银行ATM,金牛区,104.04283,30.676368
24小时自助银行服务,finance,金融保险服务;自动提款机;自动提款机,青羊区,104.034204,30.669901
24小时自助银行服务,finance,金融保险服务;自动提款机;自动提款机,金牛区,104.041214,30.676158
成都银行ATM(成都市中小企业服务中心东),finance,金融保险服务;自动提款机;自动提款机,金牛区,104.037721,30.675326
中国工商银行(一环路西三段支行),finance,金融保险服务;银行;中国工商银行,金牛区,104.037694,30.674752
中国农业银行24小时自助银行(一环路西三段),finance,金融保险服务;自动提款机;中国农业银行ATM,金牛区,104.038281,30.672083
招商银行(成都清江支行),finance,金融保险服务;银行;招商银行,青羊区,104.033951,30.669963
中国银行(罗家碾支行),finance,金融保险服务;银行;中国银行,青羊区,104.035167,30.669738
中国邮政储蓄银行(青羊北路),finance,金融保险服务;银行;中国邮政储蓄银行,金牛区,104.039775,30.673399
中国工商银行(抚琴支行),finance,金融保险服务;银行;中国工商银行,金牛区,104.038854,30.677965
中国邮政储蓄银行(永陵路支行),finance,金融保险服务;银行;中国邮政储蓄银行,金牛区,104.042879,30.676652
中国建设银行(成都白果林支行),finance,金融保险服务;银行;中国建设银行,金牛区,104.043519,30.671947
中国建设银行ATM(青羊东一路),finance,金融保险服务;自动提款机;中国建设银行ATM,金牛区,104.041045,30.670901
中国建设银行ATM(一环路西三段),finance,金融保险服务;自动提款机;中国建设银行ATM,金牛区,104.037731,30.672536
中国工商银行24小时自助银行(抚琴支行),finance,金融保险服务;自动提款机;中国工商银行ATM,金牛区,104.038923,30.678082
中信银行24小时自助银行(永陵路),finance,金融保险服务;自动提款机;中信银行ATM,金牛区,104.042712,30.676402
中国工商银行24小时自助银行(一环路西三段),finance,金融保险服务;自动提款机;中国工商银行ATM,金牛区,104.037762,30.670549
中国邮政储蓄银行24小时自助银行(永陵路支行),finance,金融保险服务;自动提款机;中国邮政储蓄银行ATM,金牛区,104.042989,30.676603
中国银行24小时自助银行(罗家碾支行),finance,金融保险服务;自动提款机;中国银行ATM,青羊区,104.035116,30.669711
招商银行24小时自助银行(成都清江支行),finance,金融保险服务;自动提款机;招商银行ATM,青羊区,104.034234,30.66991
成都银行ATM(四川省生殖健康研究中心附属专科医院北),finance,金融保险服务;自动提款机;自动提款机,金牛区,104.037731,30.672553
中国民生银行24小时自助银行(枣子巷),finance,金融保险服务;自动提款机;中国民生银行ATM,金牛区,104.042574,30.67011
成都市商业银行ATM(四川省生殖健康研究中心附属专科医院北),finance,金融保险服务;自动提款机;自动提款机,金牛区,104.037768,30.672461
中国工商银行24小时自助银行(一环路西三段支行),finance,金融保险服务;自动提款机;中国工商银行ATM,金牛区,104.037677,30.674796
中国人寿保险股份有限公司(成都市分公司客户服务中心),finance,金融保险服务;保险公司;中国人寿保险公司,青羊区,104.049926,30.671038
华泰财产保险股份有限公司(四川省分公司核赔部),finance,金融保险服务;保险公司;华泰财产保险股份有限公司,青羊区,104.053304,30.670659
24小时自助银行服务,finance,金融保险服务;自动提款机;自动提款机,青羊区,104.053436,30.670581
24h自助银行服务,finance,金融保险服务;自动提款机;自动提款机,金牛区,104.046187,30.674573
招商银行(成都西安北路支行),finance,金融保险服务;银行;招商银行,金牛区,104.045573,30.673592
中国银行(成都金牛支行),finance,金融保险服务;银行;中国银行,金牛区,104.049299,30.677997
中国农业银行(三洞桥支行),finance,金融保险服务;银行;中国农业银行,金牛区,104.046064,30.674643
中国银行(成都同仁路支行),finance,金融保险服务;银行;中国银行,青羊区,104.049458,30.670169
中国光大银行(三洞桥支行),finance,金融保险服务;银行;中国光大银行,青羊区,104.048896,30.673135
中国建设银行(成都锦城支行),finance,金融保险服务;银行;中国建设银行,青羊区,104.053452,30.670334
中国工商银行(槐树街分理处),finance,金融保险服务;银行;中国工商银行,青羊区,104.049807,30.672596
中国工商银行(石灰街支行),finance,金融保险服务;银行;中国工商银行,金牛区,104.048375,30.678019
中信银行(成都西月城支行),finance,金融保险服务;银行;中信银行,金牛区,104.048705,30.678242
成都银行(长顺支行),finance,金融保险服务;银行;银行,青羊区,104.050852,30.672443
中国工商银行(三洞桥分理处),finance,金融保险服务;银行;中国工商银行,金牛区,104.045476,30.674215
成都银行(同仁路支行),finance,金融保险服务;银行;银行,青羊区,104.049504,30.671561
中国建设银行(成都西月城支行),finance,金融保险服务;银行;中国建设银行,青羊区,104.050453,30.67733
成都银行(城西支行),finance,金融保险服务;银行;银行,金牛区,104.045921,30.669784
中国银行24小时自助银行(成都金牛支行),finance,金融保险服务;自动提款机;中国银行ATM,金牛区,104.04919,30.678132
成都银行ATM(石笋街),finance,金融保险服务;自动提款机;自动提款机,金牛区,104.04782,30.676472
中国银行24小时自助银行(成都同仁路支行),finance,金融保险服务;自动提款机;中国银行ATM,青羊区,104.049458,30.67013
招商银行24小时自助银行(中同仁路),finance,金融保险服务;自动提款机;招商银行ATM,青羊区,104.049933,30.670773
中国光大银行ATM(西安南路),finance,金融保险服务;自动提款机;中国光大银行ATM,金牛区,104.046436,30.670605
中国建设银行24小时自助银行(西安中路储蓄所),finance,金融保险服务;自动提款机;中国建设银行ATM,金牛区,104.047371,30.6703
中国建设银行ATM(永陵路),finance,金融保险服务;自动提款机;中国建设银行ATM,金牛区,104.043901,30.675857
中国农业银行ATM(上同仁路),finance,金融保险服务;自动提款机;中国农业银行ATM,青羊区,104.050013,30.675057
中国建设银行(西安中路储蓄所),finance,金融保险服务;银行;中国建设银行,金牛区,104.047365,30.6703
中国建设银行ATM(中同仁路),finance,金融保险服务;自动提款机;中国建设银行ATM,青羊区,104.049878,30.671339
中国建设银行24小时自助银行(成都锦城支行),finance,金融保险服务;自动提款机;中国建设银行ATM,青羊区,104.053452,30.670334
招商银行24小时自助银行(西安北路支行),finance,金融保险服务;自动提款机;招商银行ATM,金牛区,104.045454,30.673539
中国建设银行ATM(观音阁前街),finance,金融保险服务;自动提款机;中国建设银行ATM,青羊区,104.050082,30.67537
中信银行ATM(中同仁路),finance,金融保险服务;自动提款机;中信银行ATM,青羊区,104.049886,30.669721
中国工商银行24小时自助银行(槐树街分理处),finance,金融保险服务;自动提款机;中国工商银行ATM,青羊区,104.049668,30.672655
中国光大银行24小时自助银行(成都三洞桥支行),finance,金融保险服务;自动提款机;中国光大银行ATM,青羊区,104.048957,30.673108
中国工商银行24小时自助银行(石灰街支行),finance,金融保险服务;自动提款机;中国工商银行ATM,金牛区,104.048289,30.677961
中国建设银行四川省分行信用卡中心,finance,金融保险服务;银行相关;银行相关,青羊区,104.052942,30.67413
中国邮政储蓄银行ATM(槐树街),finance,金融保险服务;自动提款机;中国邮政储蓄银行ATM,青羊区,104.052038,30.671604
中信银行24小时自助银行(成都西月城支行),finance,金融保险服务;自动提款机;中信银行ATM,金牛区,104.04883,30.678322
成都银行24小时自助银行(长顺支行),finance,金融保险服务;自动提款机;自动提款机,青羊区,104.050852,30.672443
兴业银行24小时自助银行(成都锦城世家社区支行),finance,金融保险服务;自动提款机;兴业银行ATM,金牛区,104.046558,30.67724
中国工商银行24小时自助银行(三洞桥分理处),finance,金融保险服务;自动提款机;中国工商银行ATM,金牛区,104.04551,30.674177
中国建设银行ATM(中同仁路),finance,金融保险服务;自动提款机;自动提款机,青羊区,104.049884,30.669752
中国建设银行24小时自助银行(成都西月城支行),finance,金融保险服务;自动提款机;中国建设银行ATM,青羊区,104.050506,30.677297
华夏银行ATM(中同仁路),finance,金融保险服务;自动提款机;华夏银行ATM,青羊区,104.04945,30.670585
中国建设银行24小时自助银行(四道街),finance,金融保险服务;自动提款机;中国建设银行ATM,青羊区,104.052708,30.674095
中国农业银行24小时自助银行(成都三洞桥支行),finance,金融保险服务;自动提款机;中国农业银行ATM,金牛区,104.046134,30.674603
成都银行24小时自助银行(同仁路支行),finance,金融保险服务;自动提款机;自动提款机,青羊区,104.049466,30.671698
中国建设银行24小时自助银行(成都白果林支行),finance,金融保险服务;自动提款机;中国建设银行ATM,金牛区,104.04358,30.672061
成都银行24小时自助银行(城西支行),finance,金融保险服务;自动提款机;自动提款机,金牛区,104.045975,30.669865
中国建设银行24小时自助银行(四道街),finance,金融保险服务;自动提款机;中国建设银行ATM,青羊区,104.052758,30.674122
中国人民人寿保险股份有限公司(人民中路二段),finance,金融保险服务;保险公司;中国人民保险公司,青羊区,104.062811,30.670703
中国邮政储蓄银行24小时自助银行(八宝街服务厅),finance,金融保险服务;自动提款机;中国邮政储蓄银行ATM,青羊区,104.058531,30.673494
中国邮政储蓄银行(八宝街支行),finance,金融保险服务;银行;中国邮政储蓄银行,青羊区,104.058522,30.673354
德阳银行(成都分行),finance,金融保险服务;银行;银行,青羊区,104.058135,30.677953
哈尔滨银行(成都青羊支行),finance,金融保险服务;银行;银行,青羊区,104.063388,30.669758
交通银行(成都江汉路支行),finance,金融保险服务;银行;交通银行,青羊区,104.062215,30.6763
中国银行(成都江汉路支行),finance,金融保险服务;银行;中国银行,青羊区,104.063217,30.675842
中国工商银行(成都青龙支行),finance,金融保险服务;银行;中国工商银行,青羊区,104.062374,30.672134
中国光大银行(八宝街支行),finance,金融保险服务;银行;中国光大银行,青羊区,104.05816,30.67353
中国民生银行(骡马市支行),finance,金融保险服务;银行;中国民生银行,青羊区,104.062797,30.670757
中国农业银行(成都新华支行),finance,金融保险服务;银行;中国农业银行,青羊区,104.059755,30.6775
成都银行(青羊支行),finance,金融保险服务;银行;银行,青羊区,104.059479,30.677619
中国工商银行(成都西马棚支行),finance,金融保险服务;银行;中国工商银行,青羊区,104.053673,30.672126
成都银行ATM(八宝街),finance,金融保险服务;自动提款机;自动提款机,青羊区,104.05928,30.673544
德阳市商业银行,finance,金融保险服务;银行;银行,青羊区,104.058205,30.678063
中国建设银行ATM(宁夏街),finance,金融保险服务;自动提款机;中国建设银行ATM,青羊区,104.055502,30.675686
中国建设银行ATM(黄龙街),finance,金融保险服务;自动提款机;中国建设银行ATM,青羊区,104.061497,30.67265
中国农业银行24小时自助银行(成都新华支行),finance,金融保险服务;自动提款机;中国农业银行ATM,青羊区,104.059755,30.6775
华夏银行ATM(宁夏街),finance,金融保险服务;自动提款机;华夏银行ATM,青羊区,104.055785,30.676048
招商银行24小时自助银行(西大街),finance,金融保险服务;自动提款机;招商银行ATM,青羊区,104.054409,30.675146
中国建设银行ATM,finance,金融保险服务;自动提款机;中国建设银行ATM,青羊区,104.058402,30.676267
中国银行24小时自助银行(成都江汉路支行),finance,金融保险服务;自动提款机;中国银行ATM,青羊区,104.063122,30.675707
中国民生银行24小时自助银行(成都骡马市支行),finance,金融保险服务;自动提款机;中国民生银行ATM,青羊区,104.062812,30.670846
华夏银行24小时自助银行(青龙街),finance,金融保险服务;自动提款机;华夏银行ATM,青羊区,104.061546,30.672691
成都银行ATM(青羊支行),finance,金融保险服务;自动提款机;自动提款机,青羊区,104.059542,30.677591
长城华西银行24小时自助银行(万和路支行),finance,金融保险服务;自动提款机;自动提款机,青羊区,104.058135,30.677953
华夏银行(成都东城根支行),finance,金融保险服务;银行;华夏银行,青羊区,104.057629,30.672252
中国工商银行24小时自助银行(青龙支行),finance,金融保险服务;自动提款机;中国工商银行ATM,青羊区,104.062467,30.672166
中国建设银行ATM(过街楼街),finance,金融保险服务;自动提款机;中国建设银行ATM,青羊区,104.054671,30.673011
华夏银行24小时自助银行(青龙街),finance,金融保险服务;自动提款机;华夏银行ATM,青羊区,104.061546,30.672691
成都银行ATM(青羊支行),finance,金融保险服务;自动提款机;自动提款机,青羊区,104.059542,30.677591
长城华西银行24小时自助银行(万和路支行),finance,金融保险服务;自动提款机;自动提款机,青羊区,104.058135,30.677953
华夏银行(成都东城根支行),finance,金融保险服务;银行;华夏银行,青羊区,104.057629,30.672252
中国工商银行24小时自助银行(青龙支行),finance,金融保险服务;自动提款机;中国工商银行ATM,青羊区,104.062467,30.672166
中国建设银行ATM(过街楼街),finance,金融保险服务;自动提款机;中国建设银行ATM,青羊区,104.054671,30.673011
东亚银行(锦城支行),finance,金融保险服务;银行;东亚银行,青羊区,104.05611,30.675029
交通银行24小时自助银行(成都江汉路支行),finance,金融保险服务;自动提款机;交通银行ATM,青羊区,104.062149,30.676339
24小时自助银行,finance,金融保险服务;自动提款机;自动提款机,青羊区,104.062124,30.676353
自助取款机,finance,金融保险服务;自动提款机;自动提款机,青羊区,104.057468,30.672841
中国广大银行ATM,finance,金融保险服务;自动提款机;自动提款机,青羊区,104.063178,30.672675
24自助银行,finance,金融保险服务;自动提款机;自动提款机,青羊区,104.05848,30.678019
中国光大银行24小时自助银行(八宝街支行),finance,金融保险服务;自动提款机;中国光大银行ATM,青羊区,104.058021,30.673343
中国银行四川分行成都地区账务中心,finance,金融保险服务;银行相关;银行相关,青羊区,104.063217,30.67575
中国工商银行24小时自助银行(金色夏威夷写字楼A座东北),finance,金融保险服务;自动提款机;中国工商银行ATM,青羊区,104.054519,30.675198
中国工商银行24小时自助银行(西大街),finance,金融保险服务;自动提款机;中国工商银行ATM,青羊区,104.054376,30.67544
华夏银行24小时自助银行(成都东城根支行),finance,金融保险服务;自动提款机;华夏银行ATM,青羊区,104.057629,30.672252
中国银行24小时自助银行(四川省分行营业部),finance,金融保险服务;自动提款机;中国银行ATM,青羊区,104.063382,30.671626
华泰人寿保险股份有限公司(四川分公司),finance,金融保险服务;保险公司;华泰财产保险股份有限公司,青羊区,104.067246,30.66971
渤海银行(成都分行营业部),finance,金融保险服务;银行;银行,青羊区,104.070435,30.672969
24h自助银行服务,finance,金融保险服务;自动提款机;自动提款机,青羊区,104.073418,30.670984
中国农业银行24H自助银行服务,finance,金融保险服务;自动提款机;中国农业银行ATM,青羊区,104.070826,30.671838
银联24小时自助银行服务,finance,金融保险服务;自动提款机;自动提款机,青羊区,104.064142,30.673448
中国建设银行(成都市第五支行),finance,金融保险服务;银行;中国建设银行,青羊区,104.065129,30.674835
哈尔滨银行24小时自助银行(成都分行),finance,金融保险服务;自动提款机;自动提款机,青羊区,104.063524,30.66964
中国银行(四川省分行),finance,金融保险服务;银行;中国银行,青羊区,104.063743,30.671623
中国工商银行(成都草市支行),finance,金融保险服务;银行;中国工商银行,青羊区,104.073038,30.674467
中国银行,finance,金融保险服务;银行;中国银行,青羊区,104.070111,30.672471
哈尔滨银行24小时自助银行(成都分行),finance,金融保险服务;自动提款机;自动提款机,青羊区,104.063524,30.66964
中国银行(四川省分行),finance,金融保险服务;银行;中国银行,青羊区,104.063743,30.671623
中国工商银行(成都草市支行),finance,金融保险服务;银行;中国工商银行,青羊区,104.073038,30.674467
中国银行,finance,金融保险服务;银行;中国银行,青羊区,104.070111,30.672471
中国农业银行(成都蓉城支行),finance,金融保险服务;银行;中国农业银行,青羊区,104.068631,30.671782
中国光大银行(成都冠城支行),finance,金融保险服务;银行;中国光大银行,青羊区,104.068497,30.671367
成都银行(华兴支行),finance,金融保险服务;银行;银行,青羊区,104.065721,30.675493
中国光大银行(成都人民中路支行),finance,金融保险服务;银行;中国光大银行,青羊区,104.067742,30.677534
成都银行(德盛支行),finance,金融保险服务;银行;银行,青羊区,104.073325,30.674182
中国工商银行ATM(成都草市支行),finance,金融保险服务;自动提款机;中国工商银行ATM,青羊区,104.073038,30.674467
天津银行(成都人北支行),finance,金融保险服务;银行;银行,青羊区,104.066256,30.674813
南充市商业银行(成都江汉支行),finance,金融保险服务;银行;银行,青羊区,104.06592,30.675765
法国巴黎银行(文武路),finance,金融保险服务;银行;银行,青羊区,104.070162,30.67224
中国建设银行(成都冠城广场支行),finance,金融保险服务;银行;中国建设银行,青羊区,104.068941,30.671274
贵阳银行(成都青羊支行),finance,金融保险服务;银行;银行,青羊区,104.064371,30.669642
贵阳银行(小微事业部成都分部),finance,金融保险服务;银行;银行,青羊区,104.064491,30.669983
中国银行ATM(文武路),finance,金融保险服务;自动提款机;中国银行ATM,青羊区,104.070142,30.672527
农银人寿成都本部,finance,金融保险服务;保险公司;中国人寿保险公司,青羊区,104.069728,30.672803
中国银行ATM(酱园公所路),finance,金融保险服务;自动提款机;中国银行ATM,青羊区,104.071961,30.675707
中国光大银行24小时自助银行(成都冠城支行),finance,金融保险服务;自动提款机;中国光大银行ATM,青羊区,104.068478,30.671222
中国建设银行ATM(正府街),finance,金融保险服务;自动提款机;中国建设银行ATM,青羊区,104.067547,30.671871
南洋商业银行(成都分行),finance,金融保险服务;银行;南洋商业银行,青羊区,104.064005,30.673187
中国建设银行ATM(玉带桥街),finance,金融保险服务;自动提款机;中国建设银行ATM,青羊区,104.068689,30.669648
中国建设银行24小时自助银行(成都市第五支行),finance,金融保险服务;自动提款机;中国建设银行ATM,青羊区,104.065129,30.674835
中国银行四川省分行收发室,finance,金融保险服务;银行相关;银行相关,青羊区,104.063615,30.672029
中国建设银行ATM(酱园公所路),finance,金融保险服务;自动提款机;中国建设银行ATM,青羊区,104.07206,30.675665
中国银行ATM,finance,金融保险服务;自动提款机;中国银行ATM,青羊区,104.065032,30.674799
中国农业银行24小时自助银行(文武路),finance,金融保险服务;自动提款机;中国农业银行ATM,青羊区,104.071061,30.672634
中国光大银行24小时自助银行(成都人民中路支行),finance,金融保险服务;自动提款机;中国光大银行ATM,青羊区,104.06778,30.677591
中国建设银行ATM(蓝海医院东北),finance,金融保险服务;自动提款机;中国建设银行ATM,青羊区,104.068253,30.678987
南充市商业银行ATM,finance,金融保险服务;自动提款机;自动提款机,青羊区,104.065967,30.67589
中国建设银行24小时自助银行(冠城广场支行),finance,金融保险服务;自动提款机;中国建设银行ATM,青羊区,104.068879,30.67131
中国农业银行24小时自助银行(成都蓉城支行),finance,金融保险服务;自动提款机;中国农业银行ATM,青羊区,104.0688,30.671739
兴业银行24小时自助银行(文武路),finance,金融保险服务;自动提款机;兴业银行ATM,青羊区,104.070981,30.672675
交通银行四川省分行综合档案管理中心,finance,金融保险服务;银行相关;银行相关,青羊区,104.065819,30.670081
中国农业银行个人贷款中心(顺城大街),finance,金融保险服务;银行相关;银行相关,青羊区,104.068512,30.671951
成都银行ATM(大福建营巷),finance,金融保险服务;自动提款机;自动提款机,青羊区,104.065872,30.669838
中国工商银行24小时自助银行(文武路),finance,金融保险服务;自动提款机;中国工商银行ATM,青羊区,104.066475,30.674313
成都银行24小时自助银行(德盛支行),finance,金融保险服务;自动提款机;自动提款机,青羊区,104.073325,30.674182
兴业银行ATM(酱园公所路),finance,金融保险服务;自动提款机;兴业银行ATM,青羊区,104.072007,30.675685
成都农商银行ATM(银丝街),finance,金融保险服务;自动提款机;农村商业银行ATM,青羊区,104.070988,30.674193
成都银行24小时自助银行(华兴支行),finance,金融保险服务;自动提款机;自动提款机,青羊区,104.065721,30.675493
天津银行24小时自助银行(成都人北支行),finance,金融保险服务;自动提款机;自动提款机,青羊区,104.066334,30.674775
南充市商业银行24小时自助银行(成都江汉支行),finance,金融保险服务;自动提款机;自动提款机,青羊区,104.06592,30.675765
贵阳银行24小时自助银行(成都青羊支行),finance,金融保险服务;自动提款机;自动提款机,青羊区,104.064354,30.669644
成都银行24小时自助银行(头福街),finance,金融保险服务;自动提款机;自动提款机,青羊区,104.071835,30.676113
成都农商银行24小时自助银行(太升北路),finance,金融保险服务;自动提款机;农村商业银行ATM,青羊区,104.078073,30.671895
中国工商银行24小时自助银行(新开寺街),finance,金融保险服务;自动提款机;中国工商银行ATM,青羊区,104.075273,30.673761
浙江民泰商业银行(成都分行),finance,金融保险服务;银行;银行,青羊区,104.074979,30.670298
中国建设银行(曹家巷分理处),finance,金融保险服务;银行;中国建设银行,青羊区,104.080652,30.674705
中国工商银行(成都太升南路分理处),finance,金融保险服务;银行;中国工商银行,青羊区,104.076288,30.669527
中国建设银行(成都北门大桥支行),finance,金融保险服务;银行;中国建设银行,金牛区,104.076645,30.679154
中国农业银行(太升支行),finance,金融保险服务;银行;中国农业银行,青羊区,104.080337,30.674383
中国农业银行(成都锦北支行),finance,金融保险服务;银行;中国农业银行,青羊区,104.073686,30.678142
中国建设银行(北东街分理处),finance,金融保险服务;银行;中国建设银行,青羊区,104.075102,30.674356
中国工商银行(星辉中路支行),finance,金融保险服务;银行;中国工商银行,金牛区,104.082203,30.676192
中国邮政储蓄银行(德盛路营业所),finance,金融保险服务;银行;中国邮政储蓄银行,青羊区,104.073883,30.670863
中国工商银行(小关庙支行),finance,金融保险服务;银行;中国工商银行,青羊区,104.082181,30.670843
招商银行24小时自助银行(北东街),finance,金融保险服务;自动提款机;招商银行ATM,青羊区,104.074895,30.674226
中国建设银行ATM,finance,金融保险服务;自动提款机;中国建设银行ATM,青羊区,104.075102,30.674356
中国建设银行24小时自助银行(成都北门大桥支行),finance,金融保险服务;自动提款机;中国建设银行ATM,金牛区,104.076645,30.679154
成都银行ATM(东马道街),finance,金融保险服务;自动提款机;自动提款机,青羊区,104.077118,30.676081
成都银行ATM(太升北路),finance,金融保险服务;自动提款机;自动提款机,青羊区,104.079275,30.673027
中国邮政储蓄银行ATM(德盛路营业所),finance,金融保险服务;自动提款机;中国邮政储蓄银行ATM,青羊区,104.073934,30.67084
中国建设银行24小时自助银行(曹家巷分理处),finance,金融保险服务;自动提款机;中国建设银行ATM,青羊区,104.08056,30.674745
交通银行ATM(星辉中路),finance,金融保险服务;自动提款机;交通银行ATM,金牛区,104.0794,30.677266
中国建设银行ATM(玉泉街),finance,金融保险服务;自动提款机;中国建设银行ATM,青羊区,104.076251,30.671751
中国建设银行ATM(德盛路),finance,金融保险服务;自动提款机;中国建设银行ATM,青羊区,104.076675,30.670026
中国工商银行24小时自助银行(成都太升南路分理处),finance,金融保险服务;自动提款机;中国工商银行ATM,青羊区,104.076247,30.669462
成都银行ATM(玉泉街),finance,金融保险服务;自动提款机;自动提款机,青羊区,104.076216,30.671766
中国农业银行24小时自助银行(成都锦北支行),finance,金融保险服务;自动提款机;中国农业银行ATM,青羊区,104.073713,30.678134
浙江民泰商业银行24小时自助银行(成都分行),finance,金融保险服务;自动提款机;自动提款机,青羊区,104.074979,30.670298
中国农业银行24小时自助银行(成都解放路支行),finance,金融保险服务;自动提款机;中国农业银行ATM,金牛区,104.076798,30.679369
中国农业银行24小时自助银行(成都太升支行),finance,金融保险服务;自动提款机;中国农业银行ATM,青羊区,104.080285,30.67434
中国工商银行24小时自助银行(星辉中路支行),finance,金融保险服务;自动提款机;中国工商银行ATM,金牛区,104.082157,30.676184
中国工商银行24小时自助银行(小关庙支行),finance,金融保险服务;自动提款机;中国工商银行ATM,青羊区,104.082105,30.670765
24h自助银行服务,finance,金融保险服务;自动提款机;自动提款机,锦江区,104.085742,30.669737
中国银行(成都一号桥支行),finance,金融保险服务;银行;中国银行,成华区,104.089879,30.675653
中国农业银行(成华支行),finance,金融保险服务;银行;中国农业银行,金牛区,104.086469,30.673731
中国工商银行(成都石油路支行),finance,金融保险服务;银行;中国工商银行,成华区,104.092126,30.678263
中国农业银行(昭忠祠支行),finance,金融保险服务;银行;中国农业银行,青羊区,104.085289,30.669954
中国工商银行(红星中路支行),finance,金融保险服务;银行;中国工商银行,锦江区,104.085751,30.66969
中国邮政储蓄银行(马鞍东路支行),finance,金融保险服务;银行;中国邮政储蓄银行,金牛区,104.084261,30.678373
中国建设银行(成都一号桥支行),finance,金融保险服务;银行;中国建设银行,成华区,104.088197,30.673126
中国工商银行(成都游乐园分理处),finance,金融保险服务;银行;中国工商银行,成华区,104.088127,30.672791
交通银行ATM(府青路一段),finance,金融保险服务;自动提款机;交通银行ATM,金牛区,104.087261,30.673252
中国银行24小时自助银行(红星路一段),finance,金融保险服务;自动提款机;中国银行ATM,青羊区,104.085096,30.669474
中国农业银行24小时自助银行(成华支行),finance,金融保险服务;自动提款机;中国农业银行ATM,金牛区,104.086469,30.673731
中国建设银行24小时自助银行(成都一号桥支行),finance,金融保险服务;自动提款机;中国建设银行ATM,成华区,104.088156,30.67315
中国工商银行24小时自助银行(成都游乐园分理处),finance,金融保险服务;自动提款机;中国工商银行ATM,成华区,104.088127,30.672791
中国建设银行ATM(星辉东路),finance,金融保险服务;自动提款机;中国建设银行ATM,金牛区,104.084127,30.675189
中国银行24小时自助银行(大安东路),finance,金融保险服务;自动提款机;中国银行ATM,青羊区,104.083772,30.673839
中国建设银行24小时自助银行(嘉通云尚北),finance,金融保险服务;自动提款机;中国建设银行ATM,成华区,104.09284,30.675029
自动存取款机,finance,金融保险服务;自动提款机;自动提款机,成华区,104.090206,30.675822
兴业社区支行ATM,finance,金融保险服务;自动提款机;自动提款机,成华区,104.090206,30.675822
中国银行24小时自助银行(成都一号桥支行),finance,金融保险服务;自动提款机;中国银行ATM,成华区,104.089879,30.675653
兴业银行24小时自助银行(成都石油路社区支行),finance,金融保险服务;自动提款机;兴业银行ATM,成华区,104.09004,30.675859
中国邮政储蓄银行24小时自助银行(马鞍东路支行),finance,金融保险服务;自动提款机;中国邮政储蓄银行ATM,金牛区,104.084291,30.678354
中国工商银行24小时自助银行(成都石油路支行),finance,金融保险服务;自动提款机;中国工商银行ATM,成华区,104.092126,30.678263
包商银行24小时自助银行(嘉通云尚北),finance,金融保险服务;自动提款机;自动提款机,成华区,104.0928,30.675153
中国工商银行24小时自助银行(红星中路支行),finance,金融保险服务;自动提款机;中国工商银行ATM,锦江区,104.085785,30.669842
中国农业银行24小时自助银行(成都昭忠祠支行),finance,金融保险服务;自动提款机;中国农业银行ATM,青羊区,104.085289,30.669954
兴业银行(成都石油路社区支行),finance,金融保险服务;银行;兴业银行,成华区,104.09004,30.675859
恒丰银行24小时自助银行(星辉东路),finance,金融保险服务;自动提款机;自动提款机,金牛区,104.087183,30.673282
中国人民人寿保险股份有限公司(四川省分公司),finance,金融保险服务;保险公司;中国人民保险公司,成华区,104.096958,30.669912
24小时自助银行服务,finance,金融保险服务;自动提款机;自动提款机,成华区,104.096766,30.670081
中国银行(成都建设路支行),finance,金融保险服务;银行;中国银行,成华区,104.101008,30.671998
成都农商银行24小时自助银行(建设路),finance,金融保险服务;自动提款机;农村商业银行ATM,成华区,104.099408,30.671191
中国邮政储蓄银行(建设路支行),finance,金融保险服务;银行;中国邮政储蓄银行,成华区,104.09837,30.670591
交通银行(成都城东支行),finance,金融保险服务;银行;交通银行,成华区,104.09666,30.670448
中国工商银行(成都建设路支行),finance,金融保险服务;银行;中国工商银行,成华区,104.098718,30.670696
招商银行24小时自助银行(一环路东二段),finance,金融保险服务;自动提款机;招商银行ATM,成华区,104.097008,30.670989
交通银行(电子科技大学支行),finance,金融保险服务;银行;交通银行,成华区,104.095732,30.675751
中国民生银行,finance,金融保险服务;银行;中国民生银行,成华区,104.100888,30.67231
成都银行(高地支行),finance,金融保险服务;银行;银行,成华区,104.101367,30.671152
中国建设银行24小时自助银行(一环路东一段),finance,金融保险服务;自动提款机;中国建设银行ATM,成华区,104.096982,30.67228
中国工商银行24小时自助银行(成都建设路支行),finance,金融保险服务;自动提款机;中国工商银行ATM,成华区,104.098718,30.670696
交通银行ATM(建设北路一段),finance,金融保险服务;自动提款机;交通银行ATM,成华区,104.095375,30.674705
中国邮政储蓄银行ATM(成都建设路支行),finance,金融保险服务;自动提款机;中国邮政储蓄银行ATM,成华区,104.098458,30.670619
中国建设银行ATM(建设巷),finance,金融保险服务;自动提款机;中国建设银行ATM,成华区,104.10076,30.671866
中国银行24小时自助银行(成都建设路支行),finance,金融保险服务;自动提款机;中国银行ATM,成华区,104.10099,30.672049
中国工商银行ATM(建设巷),finance,金融保险服务;自动提款机;中国工商银行ATM,成华区,104.100526,30.673222
中国工商银行ATM(一环路东一段),finance,金融保险服务;自动提款机;中国工商银行ATM,成华区,104.094713,30.676444
中国银行24小时自助银行(建设路),finance,金融保险服务;自动提款机;中国银行ATM,成华区,104.096986,30.670528
中国建设银行24小时自助银行(一环路东二段),finance,金融保险服务;自动提款机;中国建设银行ATM,成华区,104.097875,30.669999
交通银行24小时自助银行(成都电子科技大学支行),finance,金融保险服务;自动提款机;交通银行ATM,成华区,104.095644,30.675739
交通银行24小时自助银行(成都城东支行),finance,金融保险服务;自动提款机;交通银行ATM,成华区,104.09666,30.670448
成都银行ATM(成都华联商厦),finance,金融保险服务;自动提款机;自动提款机,成华区,104.096714,30.670005
华联·东环酒店-自动取款机,finance,金融保险服务;自动提款机;自动提款机,成华区,104.096768,30.670084
中国民生银行24小时自助银行(建设巷),finance,金融保险服务;自动提款机;中国民生银行ATM,成华区,104.100888,30.67231
巴克莱银行ATM(成都华联商厦),finance,金融保险服务;自动提款机;巴克莱银行ATM,成华区,104.097187,30.669913
帆阳投资,finance,金融保险服务;银行;银行,成华区,104.103347,30.672383
交通银行24小时自助银行(成都市成华区第二人民医院南),finance,金融保险服务;自动提款机;交通银行ATM,成华区,104.099433,30.670919
成都银行24小时自助银行(高地支行),finance,金融保险服务;自动提款机;自动提款机,成华区,104.101367,30.671152
中国工商银行24小时自助银行(一环路东一段),finance,金融保险服务;自动提款机;中国工商银行ATM,成华区,104.097005,30.67222
兴业银行(成都金域蓝湾社区支行),finance,金融保险服务;银行;兴业银行,成华区,104.105762,30.672775
24h自助银行服务,finance,金融保险服务;自动提款机;自动提款机,成华区,104.109078,30.677273
中国光大银行24小时自助银行(龙湖社区自助银行),finance,金融保险服务;自动提款机;中国光大银行ATM,成华区,104.110479,30.674088
兴业银行24小时自助银行(建业路),finance,金融保险服务;自动提款机;兴业银行ATM,成华区,104.11074,30.673526
中信银行24小时自助银行(建兴路),finance,金融保险服务;自动提款机;中信银行ATM,成华区,104.112334,30.673439
中国民生银行24小时自助银行(成都建设路支行),finance,金融保险服务;自动提款机;中国民生银行ATM,成华区,104.105544,30.672698
南充市商业银行24小时自助银行(二环路东二段),finance,金融保险服务;自动提款机;自动提款机,成华区,104.106974,30.675996
成都农商银行(建设北路分理处),finance,金融保险服务;银行;农村商业银行,成华区,104.105504,30.677731
招商银行(龙湖三千支行),finance,金融保险服务;银行;招商银行,成华区,104.110968,30.673065
中国农业银行(成都建兴分理处),finance,金融保险服务;银行;中国农业银行,成华区,104.112113,30.673371
中国银行(成都城东支行),finance,金融保险服务;银行;中国银行,成华区,104.110047,30.675234
中国民生银行(建设路支行),finance,金融保险服务;银行;中国民生银行,成华区,104.1056,30.672714
中国农业银行(成都厂北路支行),finance,金融保险服务;银行;中国农业银行,成华区,104.103729,30.671812
中信银行(成都建设路支行),finance,金融保险服务;银行;中信银行,成华区,104.10828,30.670986
成都银行(龙湖支行),finance,金融保险服务;银行;银行,成华区,104.1083,30.676103
中国建设银行(成都建设路支行),finance,金融保险服务;银行;中国建设银行,成华区,104.106092,30.673394
交通银行(成都厂北路支行),finance,金融保险服务;银行;交通银行,成华区,104.108376,30.678098
中国工商银行24h,finance,金融保险服务;银行;中国工商银行,成华区,104.106394,30.673465
中国建设银行(龙湖三千里储蓄所),finance,金融保险服务;银行;中国建设银行,成华区,104.10954,30.67479
中国银行(成都金域蓝湾支行),finance,金融保险服务;银行;中国银行,成华区,104.105918,30.672814
中国邮政储蓄银行(建设北路支行),finance,金融保险服务;银行;中国邮政储蓄银行,成华区,104.107754,30.677932
招商银行ATM(建设路伊藤),finance,金融保险服务;自动提款机;招商银行ATM,成华区,104.106516,30.674012
成都农商银行ATM(建设北路分理处),finance,金融保险服务;自动提款机;农村商业银行ATM,成华区,104.105538,30.677741
中国工商银行24小时自助银行(阳光新生活广场东南),finance,金融保险服务;自动提款机;中国工商银行ATM,成华区,104.106872,30.673625
哈尔滨银行(成都成华支行),finance,金融保险服务;银行;银行,成华区,104.109112,30.678241
攀枝花市商业银行(成都成华支行),finance,金融保险服务;银行;银行,成华区,104.107855,30.673835
中信银行24小时自助银行(二环路东二段),finance,金融保险服务;自动提款机;中信银行ATM,成华区,104.106586,30.675047
中国建设银行ATM,finance,金融保险服务;自动提款机;中国建设银行ATM,成华区,104.10898,30.671945
招商银行24小时自助银行(龙湖三千支行),finance,金融保险服务;自动提款机;招商银行ATM,成华区,104.110968,30.673065
中国农业银行24小时自助银行(成都厂北路支行),finance,金融保险服务;自动提款机;中国农业银行ATM,成华区,104.103714,30.671856
中国建设银行24小时自助银行(龙湖三千里储蓄所),finance,金融保险服务;自动提款机;中国建设银行ATM,成华区,104.10954,30.67479
交通银行ATM(六医院),finance,金融保险服务;自动提款机;交通银行ATM,成华区,104.105188,30.670162
交通银行24小时自助银行(成都厂北路支行),finance,金融保险服务;自动提款机;交通银行ATM,成华区,104.108376,30.678098
中国光大银行(龙湖社区自助银行),finance,金融保险服务;银行;中国光大银行,成华区,104.110479,30.674088
成都银行ATM(建和路),finance,金融保险服务;自动提款机;自动提款机,成华区,104.109096,30.674566
中国银行ATM(伊藤洋华堂),finance,金融保险服务;自动提款机;中国银行ATM,成华区,104.106395,30.674215
中国建设银行24小时自助银行,finance,金融保险服务;自动提款机;中国建设银行ATM,成华区,104.106464,30.675394
中国建设银行24小时自助银行(成都建设路支行),finance,金融保险服务;自动提款机;中国建设银行ATM,成华区,104.106041,30.673385
中国工商银行24小时自助银行(成都成华西),finance,金融保险服务;自动提款机;中国工商银行ATM,成华区,104.108377,30.670745
中国工商银行24小时自助银行(建业路),finance,金融保险服务;自动提款机;中国工商银行ATM,成华区,104.10917,30.677055
中国建设银行24小时自助银行(华厦大厦东),finance,金融保险服务;自动提款机;中国建设银行ATM,成华区,104.107913,30.677984
中国银行24小时自助银行(成都金域蓝湾支行),finance,金融保险服务;自动提款机;中国银行ATM,成华区,104.105984,30.672834
中国农业银行24小时自助银行(成都建兴分理处),finance,金融保险服务;自动提款机;中国农业银行ATM,成华区,104.112113,30.673371
广发银行ATM(二环路东二段),finance,金融保险服务;自动提款机;广发银行ATM,成华区,104.107783,30.672258
上海浦东发展银行ATM(伊藤洋华堂),finance,金融保险服务;自动提款机;上海浦东发展银行ATM,成华区,104.106408,30.674218
中国建设银行ATM(建设南街),finance,金融保险服务;自动提款机;中国建设银行ATM,成华区,104.10491,30.669537
华夏银行24小时自助银行,finance,金融保险服务;自动提款机;华夏银行ATM,成华区,104.106041,30.678339
中国银行24小时自助银行(成都城东支行),finance,金融保险服务;自动提款机;中国银行ATM,成华区,104.110231,30.675251
兴业银行(成都龙湖三千里社区支行),finance,金融保险服务;银行;兴业银行,成华区,104.11075,30.673627
哈尔滨银行24小时自助银行(成都成华支行),finance,金融保险服务;自动提款机;自动提款机,成华区,104.109113,30.678241
中信银行24小时自助银行(成都建设路支行),finance,金融保险服务;自动提款机;中信银行ATM,成华区,104.108243,30.67108
攀枝花市商业银行24小时自助银行(成都成华支行),finance,金融保险服务;自动提款机;自动提款机,成华区,104.107855,30.673835
成都银行24小时自助银行(龙湖支行),finance,金融保险服务;自动提款机;自动提款机,成华区,104.1083,30.676103
兴业银行24小时自助银行(建设路),finance,金融保险服务;自动提款机;兴业银行ATM,成华区,104.105794,30.672802
兴业银行24小时自助银行(红枫林社区便民金融服务点),finance,金融保险服务;自动提款机;兴业银行ATM,成华区,104.120758,30.674276
兴业银行(红枫林社区便民金融服务点),finance,金融保险服务;银行;兴业银行,成华区,104.120758,30.674276
24h自助银行服务,finance,金融保险服务;自动提款机;自动提款机,成华区,104.120677,30.672901
浙江民泰商业银行(成都成华支行),finance,金融保险服务;银行;银行,成华区,104.122022,30.673391
中国银行(成都东区音乐公园支行),finance,金融保险服务;银行;中国银行,成华区,104.118546,30.671974
中国建设银行(成都东区支行),finance,金融保险服务;银行;中国建设银行,成华区,104.121765,30.675184
中国工商银行(成都建设南路支行),finance,金融保险服务;银行;中国工商银行,成华区,104.121526,30.674554
中国银行24小时自助银行(成都东区音乐公园支行),finance,金融保险服务;自动提款机;中国银行ATM,成华区,104.118546,30.671974
交通银行ATM(枫林路),finance,金融保险服务;自动提款机;交通银行ATM,成华区,104.12171,30.674772
中国建设银行ATM(步行街),finance,金融保险服务;自动提款机;中国建设银行ATM,成华区,104.121289,30.670831
中国民生银行(红枫岭社区支行),finance,金融保险服务;银行;中国民生银行,成华区,104.12319,30.675373
中国建设银行24小时自助银行(建设南路),finance,金融保险服务;自动提款机;中国建设银行ATM,成华区,104.120455,30.672945
中国建设银行24小时自助银行(成都东区支行),finance,金融保险服务;自动提款机;中国建设银行ATM,成华区,104.121765,30.675184
中国工商银行24小时自助银行(成都建设南路支行),finance,金融保险服务;自动提款机;中国工商银行ATM,成华区,104.121526,30.674554
浙江民泰商业银行24小时自助银行(成都成华支行),finance,金融保险服务;自动提款机;自动提款机,成华区,104.122022,30.673391
华泰保险股份有限公司(枫林路),finance,金融保险服务;保险公司;华泰财产保险股份有限公司,成华区,104.1243,30.675838
华夏银行ATM(中环路二仙桥东路段),finance,金融保险服务;自动提款机;华夏银行ATM,成华区,104.132167,30.67793
成都农商银行(十里店分理处),finance,金融保险服务;银行;农村商业银行,成华区,104.134832,30.672261
中国建设银行(成都理工大学支行),finance,金融保险服务;银行;中国建设银行,成华区,104.136389,30.67604
中国邮政储蓄银行(地院营业所),finance,金融保险服务;银行;中国邮政储蓄银行,成华区,104.138254,30.677849
中国工商银行(成都理工大学支行),finance,金融保险服务;银行;中国工商银行,成华区,104.136327,30.675953
中国农业银行ATM(成功大道),finance,金融保险服务;自动提款机;中国农业银行ATM,成华区,104.135747,30.675321
中国建设银行ATM(怡东国际酒店东),finance,金融保险服务;自动提款机;中国建设银行ATM,成华区,104.138221,30.677166
中国建设银行ATM(理工学院储蓄所),finance,金融保险服务;自动提款机;中国建设银行ATM,成华区,104.142882,30.678647
中国建设银行ATM(银杏路),finance,金融保险服务;自动提款机;中国建设银行ATM,成华区,104.141326,30.672941
中国工商银行24小时自助银行(成都理工大学支行),finance,金融保险服务;自动提款机;中国工商银行ATM,成华区,104.136327,30.675953
中国银行ATM(怡东国际酒店东北),finance,金融保险服务;自动提款机;中国银行ATM,成华区,104.13803,30.67731
中国邮政储蓄银行ATM(地院营业所),finance,金融保险服务;自动提款机;中国邮政储蓄银行ATM,成华区,104.138254,30.677849
中国建设银行ATM(中环路崔家店路段),finance,金融保险服务;自动提款机;中国建设银行ATM,成华区,104.135108,30.673577
中国建设银行24小时自助银行(成都理工大学支行),finance,金融保险服务;自动提款机;中国建设银行ATM,成华区,104.136403,30.676039
成都农商银行ATM(芙蓉路),finance,金融保险服务;自动提款机;农村商业银行ATM,成华区,104.138243,30.677137
中国建设银行24小时自助银行(二仙桥东三路),finance,金融保险服务;自动提款机;中国建设银行ATM,成华区,104.141158,30.678954
恒丰银行24h自助银行,finance,金融保险服务;自动提款机;自动提款机,成华区,104.136465,30.675462
恒丰银行24小时自助银行(成功大道),finance,金融保险服务;自动提款机;自动提款机,成华区,104.136324,30.675694
中国建设银行ATM(银杏路),finance,金融保险服务;自动提款机;中国建设银行ATM,成华区,104.146192,30.675118
24小时自助银行服务,finance,金融保险服务;自动提款机;自动提款机,青羊区,103.976124,30.666923
中国农业银行24小时自助银行(培风横街),finance,金融保险服务;自动提款机;中国农业银行ATM,青羊区,103.975513,30.668627
成都农商银行(培风分理处),finance,金融保险服务;银行;农村商业银行,青羊区,103.976129,30.666737
中国建设银行ATM(月华路),finance,金融保险服务;自动提款机;中国建设银行ATM,青羊区,103.980936,30.667362
交通银行ATM(万寿三路),finance,金融保险服务;自动提款机;交通银行ATM,青羊区,103.977802,30.663901
交通银行24小时自助银行(培风横街),finance,金融保险服务;自动提款机;交通银行ATM,青羊区,103.975549,30.668291
中国建设银行ATM(培风路),finance,金融保险服务;自动提款机;中国建设银行ATM,青羊区,103.975829,30.66674
交通银行ATM(培风横街),finance,金融保险服务;自动提款机;交通银行ATM,青羊区,103.978213,30.668372
中国工商银行24小时自助银行(武青北路支行),finance,金融保险服务;自动提款机;中国工商银行ATM,武侯区,103.9747,30.661893
成都农商银行(万寿三路),finance,金融保险服务;银行;农村商业银行,武侯区,103.977991,30.660929
中国工商银行24小时自助银行(培风路),finance,金融保险服务;自动提款机;中国工商银行ATM,青羊区,103.977392,30.666506
中国工商银行(武青北路支行),finance,金融保险服务;银行;中国工商银行,武侯区,103.974701,30.661847
成都农商银行24小时自助银行(培风分理处),finance,金融保险服务;自动提款机;农村商业银行ATM,青羊区,103.976117,30.666945
中国建设银行24小时自助银行(培风横街),finance,金融保险服务;自动提款机;中国建设银行ATM,青羊区,103.975619,30.668292
成都农商银行24小时自助银行(万寿三路),finance,金融保险服务;自动提款机;农村商业银行ATM,武侯区,103.977976,30.66098
华泰保险股份有限公司(青羊区铁牛店),finance,金融保险服务;保险公司;华泰财产保险股份有限公司,青羊区,103.987094,30.668868
中国建设银行(东坡路支行),finance,金融保险服务;银行;中国建设银行,青羊区,103.991002,30.663776
中国农业银行(成都东坡支行),finance,金融保险服务;银行;中国农业银行,青羊区,103.987056,30.667759
中国邮政储蓄银行(苏坡支行),finance,金融保险服务;银行;中国邮政储蓄银行,青羊区,103.987314,30.667889
中国工商银行(东坡大道支行),finance,金融保险服务;银行;中国工商银行,青羊区,103.991392,30.663777
中国邮政储蓄银行24小时自助银行(苏坡支行),finance,金融保险服务;自动提款机;中国邮政储蓄银行ATM,青羊区,103.987308,30.667971
中国建设银行24小时自助银行(东坡路支行),finance,金融保险服务;自动提款机;中国建设银行ATM,青羊区,103.991002,30.663776
招商银行24小时自助银行(瑞星路),finance,金融保险服务;自动提款机;招商银行ATM,青羊区,103.991968,30.667658
招商银行24小时自助银行(东坡路),finance,金融保险服务;自动提款机;招商银行ATM,青羊区,103.992221,30.663773
中国农业银行24小时自助银行(成都东坡支行),finance,金融保险服务;自动提款机;中国农业银行ATM,青羊区,103.987056,30.667682
中国工商银行24小时自助银行(东坡大道支行),finance,金融保险服务;自动提款机;中国工商银行ATM,青羊区,103.991307,30.663776
中国建设银行24小时自助银行(东坡北三路),finance,金融保险服务;自动提款机;中国建设银行ATM,青羊区,103.986998,30.667058
兴业银行24小时自助银行(瑞南街社区便民金融服务点),finance,金融保险服务;自动提款机;兴业银行ATM,青羊区,103.99771,30.66605
华泰保险(琼楼路),finance,金融保险服务;保险公司;华泰财产保险股份有限公司,青羊区,103.996673,30.665703
兴业银行(成都青羊支行),finance,金融保险服务;银行;兴业银行,青羊区,103.99771,30.66605
中国工商银行(光华大道分理处),finance,金融保险服务;银行;中国工商银行,青羊区,104.002482,30.667932
中国光大银行(光华支行),finance,金融保险服务;银行;中国光大银行,青羊区,103.999565,30.667937
中信银行(成都光华支行),finance,金融保险服务;银行;中信银行,青羊区,104.00089,30.668368
中国农业银行(贝森南路支行),finance,金融保险服务;银行;中国农业银行,青羊区,104.000997,30.669108
中国建设银行,finance,金融保险服务;银行;中国建设银行,青羊区,103.994436,30.666496
中国建设银行(光华大道支行),finance,金融保险服务;银行;中国建设银行,青羊区,103.997413,30.667945
中国民生银行(成都光华支行),finance,金融保险服务;银行;中国民生银行,青羊区,103.999003,30.668326
菜鸟驿站(34栋民生银行),finance,金融保险服务;银行;中国民生银行,青羊区,103.999158,30.668336
成都银行(谢家祠支行),finance,金融保险服务;银行;银行,青羊区,104.003531,30.664109
交通银行24小时自助银行(东坡支行),finance,金融保险服务;自动提款机;交通银行ATM,青羊区,103.998214,30.667937
攀枝花市商业银行(优品街),finance,金融保险服务;银行;银行,青羊区,103.999694,30.665021
中国工商银行24小时自助银行(光华大道分理处),finance,金融保险服务;自动提款机;中国工商银行ATM,青羊区,104.002482,30.667932
中国农业银行个人贷款受理中心,finance,金融保险服务;银行;银行,青羊区,104.000921,30.669153
中国建设银行ATM(瑞南街),finance,金融保险服务;自动提款机;中国建设银行ATM,青羊区,103.99744,30.664485
中国建设银行ATM(贝森南路),finance,金融保险服务;自动提款机;中国建设银行ATM,青羊区,104.001354,30.669494
中国农业银行24小时自助银行(贝森南路支行),finance,金融保险服务;自动提款机;中国农业银行ATM,青羊区,104.000997,30.669108
交通银行24小时自助银行(东坡北一路),finance,金融保险服务;自动提款机;交通银行ATM,青羊区,103.994848,30.666386
中国工商银行24小时自助银行,finance,金融保险服务;自动提款机;中国工商银行ATM,青羊区,103.997705,30.665981
中国建设银行24小时自助银行(沙堰街),finance,金融保险服务;自动提款机;中国建设银行ATM,武侯区,104.001777,30.660542
渣打银行ATM(青羊大道),finance,金融保险服务;自动提款机;自动提款机,青羊区,104.003691,30.664163
中信银行24小时自助银行(成都光华支行),finance,金融保险服务;自动提款机;中信银行ATM,青羊区,104.000944,30.668745
中国建设银行24小时自助银行(光华里东南),finance,金融保险服务;自动提款机;中国建设银行ATM,青羊区,103.994641,30.666405
成都银行24小时自助银行(谢家祠支行),finance,金融保险服务;自动提款机;自动提款机,青羊区,104.003531,30.664109
中国民生银行24小时自助银行(成都光华支行),finance,金融保险服务;自动提款机;中国民生银行ATM,青羊区,103.999003,30.668326
中国建设银行24小时自助银行(成都光华大道支行),finance,金融保险服务;自动提款机;中国建设银行ATM,青羊区,103.997461,30.667936
中信银行24小时自助银行(瑞联路),finance,金融保险服务;自动提款机;中信银行ATM,青羊区,104.002782,30.668517
中国光大银行24小时自助银行(成都光华支行),finance,金融保险服务;自动提款机;中国光大银行ATM,青羊区,103.999565,30.667937
中国工商银行24小时自助银行(光华里东),finance,金融保险服务;自动提款机;中国工商银行ATM,青羊区,103.994817,30.666387
中国邮政24小时自助服务,finance,金融保险服务;自动提款机;中国邮政储蓄银行ATM,青羊区,104.011631,30.665597
中国邮政24h自助银行服务,finance,金融保险服务;自动提款机;自动提款机,青羊区,104.011594,30.665556
中国建设银行(花园分理处),finance,金融保险服务;银行;中国建设银行,青羊区,104.006414,30.660692
招商银行(成都光华支行),finance,金融保险服务;银行;招商银行,青羊区,104.006189,30.667203
中国建设银行(光华分理处),finance,金融保险服务;银行;中国建设银行,青羊区,104.007176,30.667156
中国邮政储蓄银行(光华村营业所),finance,金融保险服务;银行;中国邮政储蓄银行,青羊区,104.011559,30.665807
中国农业银行(家园路分理处),finance,金融保险服务;银行;中国农业银行,青羊区,104.010258,30.663479
中国银行(家园路支行),finance,金融保险服务;银行;中国银行,青羊区,104.013054,30.664333
成都银行(优品道支行),finance,金融保险服务;银行;银行,青羊区,104.004199,30.667643
中国农业银行(成都花园分理处),finance,金融保险服务;银行;中国农业银行,青羊区,104.006305,30.66079
渣打银行(光华支行),finance,金融保险服务;银行;渣打银行,青羊区,104.003781,30.664107
中国农业银行24小时自助银行(家园路分理处),finance,金融保险服务;自动提款机;中国农业银行ATM,青羊区,104.010258,30.663479
中国建设银行24小时自助银行(成都光华分理处),finance,金融保险服务;自动提款机;中国建设银行ATM,青羊区,104.007176,30.667156
中国邮政储蓄银行24小时自助银行(光华村营业所),finance,金融保险服务;自动提款机;中国邮政储蓄银行ATM,青羊区,104.011559,30.665807
成都银行(家园支行),finance,金融保险服务;银行;银行,青羊区,104.00994,30.663503
兴业银行,finance,金融保险服务;银行;兴业银行,青羊区,104.003952,30.667708
招商银行24小时自助银行(光华支行),finance,金融保险服务;自动提款机;招商银行ATM,青羊区,104.006189,30.667203
中国农业银行24小时自助银行(成都花园支行),finance,金融保险服务;自动提款机;中国农业银行ATM,青羊区,104.006305,30.66079
中国银行24小时自助银行(家园路支行),finance,金融保险服务;自动提款机;中国银行ATM,青羊区,104.013054,30.664333
中国建设银行24小时自助银行(家园路),finance,金融保险服务;自动提款机;中国建设银行ATM,青羊区,104.012268,30.664225
恒丰银行ATM(光华村街),finance,金融保险服务;自动提款机;自动提款机,青羊区,104.006669,30.667108
中国工商银行24小时自助银行(家园路),finance,金融保险服务;自动提款机;中国工商银行ATM,青羊区,104.012354,30.664235
平安银行ATM(中环路青羊大道段),finance,金融保险服务;自动提款机;平安银行ATM,青羊区,104.006371,30.665731
成都银行24小时自助银行(优品道支行),finance,金融保险服务;自动提款机;自动提款机,青羊区,104.004199,30.667643
重庆银行24小时自助银行(成都分行),finance,金融保险服务;自动提款机;自动提款机,青羊区,104.011281,30.664055
渣打银行ATM(成都光华支行),finance,金融保险服务;自动提款机;渣打银行ATM,青羊区,104.003839,30.664105
招商银行24小时自助银行(中华家园东北),finance,金融保险服务;自动提款机;招商银行ATM,青羊区,104.010057,30.663161
中国建设银行24小时自助银行(青羊大道支行),finance,金融保险服务;自动提款机;中国建设银行ATM,青羊区,104.006414,30.660692
成都银行24小时自助银行(家园支行),finance,金融保险服务;自动提款机;自动提款机,青羊区,104.009863,30.663503
汇丰银行ATM,finance,金融保险服务;自动提款机;汇丰银行ATM,青羊区,104.006571,30.667155
24小时自助银行服务,finance,金融保险服务;自动提款机;自动提款机,青羊区,104.020194,30.664613
上海银行ATM(二环路西二段),finance,金融保险服务;自动提款机;上海银行ATM,青羊区,104.019934,30.66853
成都农商银行(青羊支行),finance,金融保险服务;银行;农村商业银行,青羊区,104.018884,30.667358
中信银行(成都草堂支行),finance,金融保险服务;银行;中信银行,青羊区,104.02013,30.664459
中国工商银行(光华村分理处),finance,金融保险服务;银行;中国工商银行,青羊区,104.015621,30.665091
中国农业银行(成都锦西支行),finance,金融保险服务;银行;中国农业银行,青羊区,104.017305,30.665062
中国银行(成都青华路支行),finance,金融保险服务;银行;中国银行,青羊区,104.021002,30.664989
中国民生银行,finance,金融保险服务;银行;中国民生银行,青羊区,104.020101,30.668879
中国工商银行(天邑花园支行),finance,金融保险服务;银行;中国工商银行,青羊区,104.019113,30.660505
成都银行(光华支行),finance,金融保险服务;银行;银行,青羊区,104.022514,30.668427
包商银行,finance,金融保险服务;银行;银行,青羊区,104.019634,30.665584
平安银行(成都天邑花园社区支行),finance,金融保险服务;银行;平安银行,青羊区,104.019108,30.660109
中信银行ATM(草堂支行),finance,金融保险服务;自动提款机;中信银行ATM,青羊区,104.02013,30.664459
交通银行ATM,finance,金融保险服务;自动提款机;交通银行ATM,青羊区,104.018847,30.661975
中国银行ATM,finance,金融保险服务;自动提款机;中国银行ATM,青羊区,104.018896,30.661976
中国工商银行24小时自助银行(光华村分理处),finance,金融保险服务;自动提款机;中国工商银行ATM,青羊区,104.015744,30.665088
中国建设银行ATM(清江南街),finance,金融保险服务;自动提款机;中国建设银行ATM,青羊区,104.017731,30.668788
中国建设银行ATM(瑞尔酒店北),finance,金融保险服务;自动提款机;中国建设银行ATM,青羊区,104.019942,30.668915
仁和春天酒店-ATM,finance,金融保险服务;自动提款机;自动提款机,青羊区,104.017621,30.665255
中国建设银行24小时自助银行(青华路),finance,金融保险服务;自动提款机;中国建设银行ATM,青羊区,104.021712,30.664986
成都农商银行24小时自助银行(青羊支行),finance,金融保险服务;自动提款机;农村商业银行ATM,青羊区,104.018877,30.66745
中国农业银行24小时自助银行(锦西支行),finance,金融保险服务;自动提款机;中国农业银行ATM,青羊区,104.017394,30.665063
中国民生银行24小时自助银行(盛世草堂西北),finance,金融保险服务;自动提款机;中国民生银行ATM,青羊区,104.01989,30.669357
中国工商银行24小时自助银行(成都天邑花园支行),finance,金融保险服务;自动提款机;中国工商银行ATM,青羊区,104.019107,30.660556
平安银行24小时自助银行(成都天邑花园社区支行),finance,金融保险服务;自动提款机;平安银行ATM,青羊区,104.019108,30.660109
中国建设银行ATM(二环路西二段)(二环路西二段),finance,金融保险服务;自动提款机;中国建设银行ATM,青羊区,104.019506,30.665011
中国工商银行24小时自助银行(草堂晓苑西南),finance,金融保险服务;自动提款机;中国工商银行ATM,青羊区,104.019531,30.666833
中国银行24小时自助银行(成都青华路支行),finance,金融保险服务;自动提款机;中国银行ATM,青羊区,104.021098,30.664989
成都银行24小时自助银行(光华支行),finance,金融保险服务;自动提款机;自动提款机,青羊区,104.022503,30.668479
包商银行24小时自助银行(二环路西二段),finance,金融保险服务;自动提款机;自动提款机,青羊区,104.01955,30.665686
兴业银行ATM(家乐福光华),finance,金融保险服务;自动提款机;兴业银行ATM,青羊区,104.018442,30.661769
24h自助银行服务,finance,金融保险服务;自动提款机;自动提款机,青羊区,104.026102,30.664769
成都农商银行ATM(西苑分理处),finance,金融保险服务;自动提款机;农村商业银行ATM,青羊区,104.026454,30.668095
成都农商银行24小时自助银行(草堂分理处),finance,金融保险服务;自动提款机;农村商业银行ATM,青羊区,104.026064,30.665149
成都农商银行(草堂分理处),finance,金融保险服务;银行;农村商业银行,青羊区,104.026003,30.665146
中国建设银行(成都浣花支行),finance,金融保险服务;银行;中国建设银行,青羊区,104.031553,30.660588
中国工商银行(青华路支行),finance,金融保险服务;银行;中国工商银行,青羊区,104.0259,30.664791
中国邮政储蓄银行(草堂寺支行),finance,金融保险服务;银行;中国邮政储蓄银行,青羊区,104.026701,30.66543
兴业银行24小时自助银行(草堂支行),finance,金融保险服务;自动提款机;兴业银行ATM,青羊区,104.026308,30.665152
招商银行24小时自助银行(青华路),finance,金融保险服务;自动提款机;招商银行ATM,青羊区,104.025208,30.66508
兴业银行(草堂支行),finance,金融保险服务;银行;兴业银行,青羊区,104.026258,30.665148
成都银行(青华路支行),finance,金融保险服务;银行;银行,青羊区,104.03148,30.665246
中国建设银行ATM(牧电后街),finance,金融保险服务;自动提款机;中国建设银行ATM,青羊区,104.028445,30.668082
中国邮政储蓄银行24小时自助银行(草堂寺支行),finance,金融保险服务;自动提款机;中国邮政储蓄银行ATM,青羊区,104.026736,30.665522
中国农业银行24小时自助银行(草堂东路),finance,金融保险服务;自动提款机;中国农业银行ATM,青羊区,104.033366,30.660144
中国工商银行24小时自助银行(牧电路),finance,金融保险服务;自动提款机;中国工商银行ATM,青羊区,104.03117,30.668553
中国工商银行24小时自助银行(青华路支行),finance,金融保险服务;自动提款机;中国工商银行ATM,青羊区,104.0259,30.664791
中国银行24小时自助银行(草堂路),finance,金融保险服务;自动提款机;中国银行ATM,青羊区,104.026745,30.660973
成都银行24小时自助银行(青华路支行),finance,金融保险服务;自动提款机;自动提款机,青羊区,104.03143,30.665249
中国建设银行24小时自助银行(成都浣花支行),finance,金融保险服务;自动提款机;中国建设银行ATM,青羊区,104.031553,30.660588
中国人民财产保险股份有限公司(青羊支公司),finance,金融保险服务;保险公司;中国人民保险公司,青羊区,104.04341,30.663046
成都市农村商业银行(自助银行服务),finance,金融保险服务;银行;农村商业银行,青羊区,104.038858,30.668008
中国建设银行ATM(草堂街道便民服务中心西北),finance,金融保险服务;自动提款机;中国建设银行ATM,青羊区,104.038632,30.660766
成都农商银行24小时自助银行(十二桥路),finance,金融保险服务;自动提款机;农村商业银行ATM,青羊区,104.038862,30.668023
中国工商银行(青羊宫支行),finance,金融保险服务;银行;中国工商银行,青羊区,104.04256,30.660542
中国建设银行,finance,金融保险服务;银行;中国建设银行,青羊区,104.037239,30.662605
中国建设银行(青羊支行),finance,金融保险服务;银行;中国建设银行,青羊区,104.037962,30.662666
中国农业银行(成都西部支行),finance,金融保险服务;银行;中国农业银行,金牛区,104.039805,30.668021
中国建设银行(十二桥分理处),finance,金融保险服务;银行;中国建设银行,青羊区,104.042688,30.666024
成都银行(青羊宫支行),finance,金融保险服务;银行;银行,青羊区,104.037971,30.666754
中国民生银行(成都青羊支行),finance,金融保险服务;银行;中国民生银行,青羊区,104.038202,30.660313
恒丰银行(青羊支行),finance,金融保险服务;银行;银行,青羊区,104.037566,30.668575
中国邮政储蓄银行(十二桥路营业所),finance,金融保险服务;银行;中国邮政储蓄银行,金牛区,104.042896,30.66648
成都银行(琴台支行),finance,金融保险服务;银行;银行,青羊区,104.039411,30.661159
成都银行(十二桥支行),finance,金融保险服务;银行;银行,青羊区,104.043417,30.665653
中国光大银行ATM,finance,金融保险服务;自动提款机;中国光大银行ATM,青羊区,104.037295,30.665669
中国工商银行24小时自助银行(新罗路分理处),finance,金融保险服务;自动提款机;中国工商银行ATM,金牛区,104.043001,30.66642
中国建设银行ATM,finance,金融保险服务;自动提款机;中国建设银行ATM,金牛区,104.039594,30.668782
中国建设银行ATM,finance,金融保险服务;自动提款机;中国建设银行ATM,青羊区,104.03736,30.665582
中国农业银行24小时自助银行(成都西部支行),finance,金融保险服务;自动提款机;中国农业银行ATM,金牛区,104.039743,30.668052
中国光大银行ATM(浣花逸景东北),finance,金融保险服务;自动提款机;中国光大银行ATM,青羊区,104.034487,30.666521
中国建设银行24小时自助银行(青羊支行),finance,金融保险服务;自动提款机;中国建设银行ATM,青羊区,104.037958,30.662638
成都银行24小时自助银行,finance,金融保险服务;自动提款机;自动提款机,青羊区,104.043497,30.66555
成都银行24小时自助银行(青羊宫支行),finance,金融保险服务;自动提款机;自动提款机,青羊区,104.037971,30.666709
中国邮政储蓄银行24小时自助银行(十二桥路营业所),finance,金融保险服务;自动提款机;中国邮政储蓄银行ATM,金牛区,104.042834,30.66651
南充市商业银行ATM(十二桥路),finance,金融保险服务;自动提款机;自动提款机,青羊区,104.038659,30.667694
中国工商银行24小时自助银行(青羊宫支行),finance,金融保险服务;自动提款机;中国工商银行ATM,青羊区,104.04256,30.660542
中国建设银行24小时自助银行(成都十二桥支行),finance,金融保险服务;自动提款机;中国建设银行ATM,青羊区,104.0426,30.666062
中国民生银行24小时自助银行(成都青羊支行),finance,金融保险服务;自动提款机;中国民生银行ATM,青羊区,104.038202,30.660313
恒丰银行24小时自助银行(青羊支行),finance,金融保险服务;自动提款机;自动提款机,青羊区,104.037565,30.66858
中国农业银行24小时自助银行(青羊上街),finance,金融保险服务;自动提款机;中国农业银行ATM,青羊区,104.037203,30.662297
中国工商银行24小时自助银行(一环路西二段),finance,金融保险服务;自动提款机;中国工商银行ATM,青羊区,104.038532,30.663902
成都银行24小时自助银行(琴台支行),finance,金融保险服务;自动提款机;自动提款机,青羊区,104.039411,30.661159
成都银行24小时自助银行(十二桥支行),finance,金融保险服务;自动提款机;自动提款机,青羊区,104.043417,30.665653
兴业银行24小时自助银行(成都锦都社区支行),finance,金融保险服务;自动提款机;兴业银行ATM,青羊区,104.047658,30.665229
浦发银行24小时银行自助服务,finance,金融保险服务;自动提款机;上海浦东发展银行ATM|金融保险服务;银行;上海浦东发展银行,青羊区,104.046663,30.664355
上海浦东发展银行24小时自助银行(成都锦都支行),finance,金融保险服务;自动提款机;上海浦东发展银行ATM,青羊区,104.047051,30.664626
交通银行(成都西安路支行),finance,金融保险服务;银行;交通银行,金牛区,104.044219,30.667645
中国农业银行(成都光华支行),finance,金融保险服务;银行;中国农业银行,青羊区,104.053367,30.662301
中国农业银行(成都西安路分理处),finance,金融保险服务;银行;中国农业银行,金牛区,104.044073,30.667411
中国银行(成都实业街支行),finance,金融保险服务;银行;中国银行,青羊区,104.053263,30.667516
中国工商银行(实业街分理处),finance,金融保险服务;银行;中国工商银行,青羊区,104.052765,30.66775
中国工商银行(通惠门分理处),finance,金融保险服务;银行;中国工商银行,青羊区,104.04714,30.663766
中国建设银行(成都西安南路分理处),finance,金融保险服务;银行;中国建设银行,金牛区,104.044729,30.668698
成都银行ATM(包家巷),finance,金融保险服务;自动提款机;自动提款机,青羊区,104.048442,30.661837
中国建设银行(成都锦都支行),finance,金融保险服务;自动提款机;中国建设银行ATM,青羊区,104.047259,30.663726
中国建设银行24小时自助银行(成都西安南路分理处),finance,金融保险服务;自动提款机;中国建设银行ATM,金牛区,104.044818,30.668577
中国农业银行24小时自助银行(成都西安路分理处),finance,金融保险服务;自动提款机;中国农业银行ATM,金牛区,104.044048,30.667357
兴业银行(成都锦都社区支行),finance,金融保险服务;银行;兴业银行,青羊区,104.047681,30.665249
中国工商银行24小时自助银行(实业街分理处),finance,金融保险服务;自动提款机;中国工商银行ATM,青羊区,104.052765,30.66775
中国工商银行24小时自助银行(通惠门分理处),finance,金融保险服务;自动提款机;中国工商银行ATM,青羊区,104.04714,30.663766
中国农业银行24小时自助银行(成都光华支行),finance,金融保险服务;自动提款机;中国农业银行ATM,青羊区,104.053364,30.662276
成都农商银行ATM(下同仁路),finance,金融保险服务;自动提款机;农村商业银行ATM,青羊区,104.049058,30.666543
南充市商业银行24小时自助银行(井巷子),finance,金融保险服务;自动提款机;自动提款机,青羊区,104.048979,30.666251
中国银行24小时自助银行(成都实业街支行),finance,金融保险服务;自动提款机;中国银行ATM,青羊区,104.053363,30.667427
中国农业银行24小时自助银行(西胜街),finance,金融保险服务;自动提款机;中国农业银行ATM,青羊区,104.052039,30.664524
交通银行24小时自助银行(成都西安路支行),finance,金融保险服务;自动提款机;交通银行ATM,金牛区,104.044203,30.667611
中国建设银行24小时自助银行(成都锦都支行),finance,金融保险服务;自动提款机;中国建设银行ATM,青羊区,104.047259,30.663726
中国农业银行小企业金融服务中心,finance,金融保险服务;自动提款机;自动提款机,青羊区,104.055325,30.661582
平安银行汽车金融部,finance,金融保险服务;银行相关;银行相关,青羊区,104.059426,30.664353
中国人民健康保险股份有限公司(四川省分公司),finance,金融保险服务;保险公司;中国人民保险公司,青羊区,104.059426,30.664353
太平洋人寿大厅,finance,金融保险服务;保险公司;中国太平洋保险,青羊区,104.060576,30.659572
太平洋产险,finance,金融保险服务;保险公司;中国太平洋保险,青羊区,104.06048,30.660502
中国邮政24小时自助服务,finance,金融保险服务;自动提款机;自动提款机,青羊区,104.054538,30.662431
ICBC24h自助银行服务,finance,金融保险服务;自动提款机;自动提款机,青羊区,104.057903,30.663871
交通银行四川省分行小企业信贷服务中心,finance,金融保险服务;银行相关;银行相关,青羊区,104.063262,30.669165
成都银行24自助银行,finance,金融保险服务;自动提款机;自动提款机,青羊区,104.057866,30.664773
平安银行(成都天府支行),finance,金融保险服务;银行;平安银行,青羊区,104.059889,30.664304
中国建设银行(后子门支行),finance,金融保险服务;银行;中国建设银行,青羊区,104.062969,30.66727
交通银行(四川省分行营业部),finance,金融保险服务;银行;交通银行,青羊区,104.063262,30.669165
中国工商银行(东城根街支行),finance,金融保险服务;银行;中国工商银行,青羊区,104.057928,30.663814
中国建设银行(成都新华支行),finance,金融保险服务;银行;中国建设银行,青羊区,104.054213,30.662968
中国建设银行(成都第一支行),finance,金融保险服务;银行;中国建设银行,青羊区,104.058212,30.669135
中信银行(成都东城根街支行),finance,金融保险服务;银行;中信银行,青羊区,104.057847,30.664729
中国农业银行(东城根中街支行),finance,金融保险服务;银行;中国农业银行,青羊区,104.058176,30.666201
中国银行24小时自助银行(成都天府广场支行),finance,金融保险服务;自动提款机;中国银行ATM,青羊区,104.060572,30.660162
中国银行(成都天府广场支行),finance,金融保险服务;银行;中国银行,青羊区,104.060576,30.660083
中国建设银行24小时自助银行(后子门支行),finance,金融保险服务;自动提款机;中国建设银行ATM,青羊区,104.062969,30.667324
中国建设银行24小时自助银行(人民中路一段),finance,金融保险服务;自动提款机;中国建设银行ATM,青羊区,104.062114,30.663389
中国建设银行ATM(成都新华支行),finance,金融保险服务;自动提款机;中国建设银行ATM,青羊区,104.054247,30.663244
中国工商银行24小时自助银行(东城根街支行),finance,金融保险服务;自动提款机;中国工商银行ATM,青羊区,104.057928,30.663814
交通银行24小时自助银行(四川省分行),finance,金融保险服务;自动提款机;交通银行ATM,青羊区,104.063264,30.66912
成都银行(商业街支行),finance,金融保险服务;银行;银行,青羊区,104.053881,30.667275
中国邮政储蓄银行(将军衙门营业所),finance,金融保险服务;银行;中国邮政储蓄银行,青羊区,104.054465,30.662552
中国农业银行24小时自助银行(东城根中街支行),finance,金融保险服务;自动提款机;中国农业银行ATM,青羊区,104.058177,30.666148
平安银行成都分行零售运营中心,finance,金融保险服务;银行相关;银行相关,青羊区,104.059426,30.664353
中国银行个人住房贷款中心,finance,金融保险服务;银行相关;银行相关,青羊区,104.062805,30.667041
中信银行个人住房贷款中心,finance,金融保险服务;银行相关;银行相关,青羊区,104.062805,30.667041
中国工商银行24小时自助银行(东城根街支行),finance,金融保险服务;自动提款机;中国工商银行ATM,青羊区,104.057928,30.663814
交通银行24小时自助银行(四川省分行),finance,金融保险服务;自动提款机;交通银行ATM,青羊区,104.063264,30.66912
成都银行(商业街支行),finance,金融保险服务;银行;银行,青羊区,104.053881,30.667275
中国邮政储蓄银行(将军衙门营业所),finance,金融保险服务;银行;中国邮政储蓄银行,青羊区,104.054465,30.662552
中国农业银行24小时自助银行(东城根中街支行),finance,金融保险服务;自动提款机;中国农业银行ATM,青羊区,104.058177,30.666148
平安银行成都分行零售运营中心,finance,金融保险服务;银行相关;银行相关,青羊区,104.059426,30.664353
中国银行个人住房贷款中心,finance,金融保险服务;银行相关;银行相关,青羊区,104.062805,30.667041
中信银行个人住房贷款中心,finance,金融保险服务;银行相关;银行相关,青羊区,104.062805,30.667041
交通银行ATM(五福街7号院西北),finance,金融保险服务;自动提款机;交通银行ATM,青羊区,104.057797,30.666656
兴业银行ATM(公积金中心),finance,金融保险服务;自动提款机;兴业银行ATM,青羊区,104.062714,30.667454
中国邮政储蓄银行个人住房贷款中心,finance,金融保险服务;银行相关;银行相关,青羊区,104.062805,30.667041
成都银行ATM(羊市街),finance,金融保险服务;自动提款机;自动提款机,青羊区,104.059937,30.669249
中国农业银行个人住房贷款中心,finance,金融保险服务;银行相关;银行相关,青羊区,104.062805,30.667041
平安银行24小时自助银行(成都天府支行),finance,金融保险服务;自动提款机;平安银行ATM,青羊区,104.05989,30.664337
成都银行24小时自助银行(商业街支行),finance,金融保险服务;自动提款机;自动提款机,青羊区,104.053801,30.667182
金河宾馆-ATM,finance,金融保险服务;自动提款机;自动提款机,青羊区,104.053653,30.663554
中信银行24小时自助银行(成都东城根街支行),finance,金融保险服务;自动提款机;中信银行ATM,青羊区,104.057814,30.664603
中国民生银行ATM(少城路),finance,金融保险服务;自动提款机;中国民生银行ATM,青羊区,104.057939,30.660867
深圳发展银行ATM取款机,finance,金融保险服务;自动提款机;自动提款机,青羊区,104.057638,30.668048
中国农业银行成都光华支行第二办公区,finance,金融保险服务;银行相关;银行相关,青羊区,104.055468,30.661532
上海银行(少城路支行),finance,金融保险服务;银行;上海银行,青羊区,104.057149,30.660445
中国工商银行ATM(羊市街),finance,金融保险服务;自动提款机;中国工商银行ATM,青羊区,104.058658,30.669226
中国建设银行ATM(商业街),finance,金融保险服务;自动提款机;中国建设银行ATM,青羊区,104.054239,30.667209
中国银行24小时自助银行(人民中路一段),finance,金融保险服务;自动提款机;中国银行ATM,青羊区,104.062089,30.663351
上海银行24小时自助银行(少城路支行),finance,金融保险服务;自动提款机;上海银行ATM,青羊区,104.057227,30.660448
量子投资,finance,金融保险服务;银行;银行,青羊区,104.057447,30.66451
中国建设银行24小时自助银行(成都第一支行),finance,金融保险服务;自动提款机;中国建设银行ATM,青羊区,104.058245,30.669166
平安银行(成都顺城支行),finance,金融保险服务;银行;平安银行,青羊区,104.068825,30.662718
招商银行(成都顺城大街支行),finance,金融保险服务;银行;招商银行,青羊区,104.068636,30.66593
中国建设银行(成都岷江支行),finance,金融保险服务;银行;中国建设银行,青羊区,104.070714,30.662408
中国建设银行(体育场路分理处),finance,金融保险服务;银行;中国建设银行,青羊区,104.068575,30.666265
上海浦东发展银行(成都顺城支行),finance,金融保险服务;银行;上海浦东发展银行,青羊区,104.067997,30.665053
中国工商银行(成都提督街支行),finance,金融保险服务;银行;中国工商银行,锦江区,104.071978,30.662091
中国农业银行(暑袜街支行),finance,金融保险服务;银行;中国农业银行,锦江区,104.071984,30.659682
中信银行(成都银河王朝支行),finance,金融保险服务;银行;中信银行,青羊区,104.068734,30.662007
中国农业银行(体育场路支行),finance,金融保险服务;银行;中国农业银行,青羊区,104.066459,30.665376
华夏银行(成都天府支行),finance,金融保险服务;银行;华夏银行,青羊区,104.067171,30.661099
兴业银行(成都分行)(提督街),finance,金融保险服务;银行;兴业银行,青羊区,104.069253,30.662737
成都银行(体育场路支行),finance,金融保险服务;银行;银行,青羊区,104.067623,30.66565
成都农商银行ATM(人民东路),finance,金融保险服务;自动提款机;农村商业银行ATM,锦江区,104.067511,30.660613
恒丰银行(成都玉带桥支行),finance,金融保险服务;银行;银行,青羊区,104.071092,30.668661
中国农业银行ATM(四川省分行),finance,金融保险服务;自动提款机;中国农业银行ATM,青羊区,104.066783,30.665642
中国邮政储蓄银行(太升南路支行),finance,金融保险服务;银行;中国邮政储蓄银行,青羊区,104.073274,30.6677
兴业银行24小时自助银行(提督街支行),finance,金融保险服务;自动提款机;兴业银行ATM,青羊区,104.069581,30.662813
中国农业银行ATM(四川省分行),finance,金融保险服务;自动提款机;中国农业银行ATM,青羊区,104.066783,30.665642
中国邮政储蓄银行(太升南路支行),finance,金融保险服务;银行;中国邮政储蓄银行,青羊区,104.073274,30.6677
兴业银行24小时自助银行(提督街支行),finance,金融保险服务;自动提款机;兴业银行ATM,青羊区,104.069581,30.662813
中国银行(成都蜀都大道支行),finance,金融保险服务;银行;中国银行,青羊区,104.070086,30.662344
中国建设银行24小时自助银行(四川省分行),finance,金融保险服务;自动提款机;中国建设银行ATM,青羊区,104.070997,30.661864
成都银行公司银行部,finance,金融保险服务;银行相关;银行相关,青羊区,104.067813,30.665653
上海银行ATM(总府路),finance,金融保险服务;自动提款机;上海银行ATM,青羊区,104.069662,30.661176
中国建设银行24小时自助银行(体育场路分理处),finance,金融保险服务;自动提款机;中国建设银行ATM,青羊区,104.068575,30.666265
上海浦东发展银行24小时自助银行(成都顺城支行),finance,金融保险服务;自动提款机;上海浦东发展银行ATM,青羊区,104.067957,30.665195
中国建设银行ATM(东华门街),finance,金融保险服务;自动提款机;中国建设银行ATM,青羊区,104.066497,30.667715
中国建设银行ATM(东御河沿街),finance,金融保险服务;自动提款机;中国建设银行ATM,青羊区,104.064345,30.668003
华夏银行ATM(九龙广场),finance,金融保险服务;自动提款机;华夏银行ATM,锦江区,104.069852,30.659704
中国农业银行24小时自助银行(成都暑袜街支行),finance,金融保险服务;自动提款机;中国农业银行ATM,锦江区,104.072003,30.659705
绿洲大酒店-ATM,finance,金融保险服务;自动提款机;自动提款机,青羊区,104.071468,30.667857
中国邮政储蓄银行24小时自助银行(太升南路支行),finance,金融保险服务;自动提款机;中国邮政储蓄银行ATM,青羊区,104.073317,30.667682
中信银行24小时自助银行(成都银河王朝支行),finance,金融保险服务;自动提款机;中信银行ATM,青羊区,104.068748,30.661907
平安银行ATM(青年路九龙广场),finance,金融保险服务;自动提款机;平安银行ATM,锦江区,104.06956,30.660053
中国建设银行24小时自助银行(成都岷江支行),finance,金融保险服务;自动提款机;中国建设银行ATM,青羊区,104.070714,30.662438
中信银行24小时自助银行(东华门街),finance,金融保险服务;自动提款机;中信银行ATM,青羊区,104.066454,30.667066
中国工商银行24小时自助银行(暑袜中街),finance,金融保险服务;自动提款机;中国工商银行ATM,锦江区,104.072499,30.660498
成都农商银行ATM,finance,金融保险服务;自动提款机;农村商业银行ATM,青羊区,104.071494,30.665624
成都银行24小时自助银行(体育场路支行),finance,金融保险服务;自动提款机;自动提款机,青羊区,104.067658,30.665654
哈尔滨银行ATM(青年路),finance,金融保险服务;自动提款机;自动提款机,锦江区,104.069741,30.659635
招商银行24小时自助银行(成都顺城大街支行),finance,金融保险服务;自动提款机;招商银行ATM,青羊区,104.068673,30.666002
中国工商银行24小时自助银行(鼓楼南街),finance,金融保险服务;自动提款机;中国工商银行ATM,青羊区,104.069862,30.664434
成都银行ATM(九龙广场),finance,金融保险服务;自动提款机;自动提款机,锦江区,104.070064,30.659398
中国工商银行24小时自助银行(成都提督街支行),finance,金融保险服务;自动提款机;中国工商银行ATM,锦江区,104.072209,30.662143
成都富力丽思卡尔顿酒店-ATM,finance,金融保险服务;自动提款机;自动提款机,青羊区,104.067615,30.666233
恒丰银行24小时自助银行(成都玉带桥支行),finance,金融保险服务;自动提款机;自动提款机,青羊区,104.071171,30.668626
兴业银行成都分行零售营销中心,finance,金融保险服务;银行相关;银行相关,青羊区,104.069017,30.663026
成都银行ATM(成都茂业百货),finance,金融保险服务;自动提款机;自动提款机,锦江区,104.067764,30.660575
中国农业银行成都市个人贷款中心,finance,金融保险服务;银行相关;银行相关,青羊区,104.068078,30.662277
南充市商业银行ATM(人民东路),finance,金融保险服务;自动提款机;自动提款机,锦江区,104.065668,30.660248
上海浦东发展银行24小时自助银行(大墙东街),finance,金融保险服务;自动提款机;上海浦东发展银行ATM,青羊区,104.073186,30.664736
大连银行ATM(成都分行)(青年里),finance,金融保险服务;自动提款机;自动提款机,锦江区,104.069558,30.659999
平安银行24小时自助银行(成都顺城支行),finance,金融保险服务;自动提款机;平安银行ATM,青羊区,104.068975,30.662742
正享财富,finance,金融保险服务;银行;银行,青羊区,104.067315,30.666362
中国工商银行24小时自助银行(东华门街),finance,金融保险服务;自动提款机;中国工商银行ATM,青羊区,104.066463,30.667941
中国工商银行24小时自助银行(顺城大街),finance,金融保险服务;自动提款机;中国工商银行ATM,青羊区,104.068081,30.665609
上海浦东发展银行信用卡中心成都销售办公室,finance,金融保险服务;银行相关;银行相关,青羊区,104.069017,30.663026
华夏银行24小时自助银行(成都天府支行),finance,金融保险服务;自动提款机;华夏银行ATM,青羊区,104.067071,30.661098
中国人民财产保险股份有限公司(锦江支公司),finance,金融保险服务;保险公司;中国人民保险公司,锦江区,104.082458,30.661136
中国人民财产保险股份有限公司(成都市高新支公司),finance,金融保险服务;保险公司;中国人民保险公司,锦江区,104.07725,30.662678
中国平安保险(集团)股份有限公司(岳府街),finance,金融保险服务;保险公司;中国平安保险公司,锦江区,104.078867,30.664716
24小时自助银行服务,finance,金融保险服务;自动提款机;自动提款机,锦江区,104.080228,30.662219
24h自助银行服务,finance,金融保险服务;自动提款机;自动提款机,锦江区,104.076568,30.665393
ICBC24h自助银行服务,finance,金融保险服务;自动提款机;自动提款机,锦江区,104.075577,30.65949
中国工商银行24小时自助银行(成都锦江支行),finance,金融保险服务;自动提款机;中国工商银行ATM,锦江区,104.079723,30.660002
中国工商银行24小时自助银行(成都春熙路步行街支行),finance,金融保险服务;自动提款机;中国工商银行ATM,锦江区,104.07576,30.659613
成都农商银行(东玉龙街分理处),finance,金融保险服务;银行;农村商业银行,锦江区,104.078927,30.666398
中国工商银行(成都春熙路步行街支行),finance,金融保险服务;银行;中国工商银行,锦江区,104.075715,30.659541
中国银行(成都王府井支行),finance,金融保险服务;银行;中国银行,锦江区,104.077931,30.661287
中国工商银行(四川省分行),finance,金融保险服务;银行;中国工商银行,锦江区,104.073884,30.661667
熊猫邮局(暑袜街店),finance,金融保险服务;银行;中国邮政储蓄银行|生活服务;邮局;邮局,锦江区,104.074703,30.663667
中国农业银行(成都总府支行),finance,金融保险服务;银行;中国农业银行,锦江区,104.07442,30.66136
中国农业银行(成都锦阳支行),finance,金融保险服务;银行;中国农业银行,锦江区,104.076712,30.665343
中国农业银行(成都王府井支行),finance,金融保险服务;银行;中国农业银行,锦江区,104.077876,30.659824
中国邮政储蓄银行(四川省分行直属支行),finance,金融保险服务;银行;中国邮政储蓄银行,锦江区,104.074558,30.663457
中国建设银行(成都华兴支行),finance,金融保险服务;银行;中国建设银行,锦江区,104.080312,30.66192
中国建设银行(成都市第三支行),finance,金融保险服务;银行;中国建设银行,锦江区,104.081734,30.664132
成都银行(锦江支行),finance,金融保险服务;银行;银行,锦江区,104.081994,30.659696
中国建设银行(成都第六支行),finance,金融保险服务;银行;中国建设银行,青羊区,104.075555,30.668453
中国工商银行(锦江支行),finance,金融保险服务;银行;中国工商银行,锦江区,104.079965,30.660283
渣打银行(成都总府路支行),finance,金融保险服务;银行;渣打银行,锦江区,104.077473,30.6605
中国建设银行(成都第二支行),finance,金融保险服务;银行;中国建设银行,青羊区,104.07877,30.669009
中信银行ATM,finance,金融保险服务;自动提款机;中信银行ATM,锦江区,104.07605,30.667843
中信银行24小时自助银行(玉沙路),finance,金融保险服务;自动提款机;中信银行ATM,锦江区,104.078113,30.668929
交通银行ATM(广福大厦东南),finance,金融保险服务;自动提款机;交通银行ATM,锦江区,104.083125,30.664636
中国农业银行24小时自助银行(王府井支行),finance,金融保险服务;自动提款机;中国农业银行ATM,锦江区,104.077842,30.659804
中国农业银行ATM(总府路),finance,金融保险服务;自动提款机;中国农业银行ATM,锦江区,104.076601,30.660609
成都银行24小时自助银行(锦江支行),finance,金融保险服务;自动提款机;自动提款机,锦江区,104.081994,30.659696
华夏银行ATM(梓潼街),finance,金融保险服务;自动提款机;华夏银行ATM,青羊区,104.073883,30.668989
中信银行24小时自助银行(纯阳观街),finance,金融保险服务;自动提款机;中信银行ATM,锦江区,104.076532,30.662583
渣打银行24小时自助银行(成都总府路支行),finance,金融保险服务;自动提款机;渣打银行ATM,锦江区,104.077435,30.66045
中国银行ATM(红星路支行),finance,金融保险服务;自动提款机;中国银行ATM,锦江区,104.081836,30.664512
成都银行24小时自助银行(锦江支行),finance,金融保险服务;自动提款机;自动提款机,锦江区,104.081994,30.659696
华夏银行ATM(梓潼街),finance,金融保险服务;自动提款机;华夏银行ATM,青羊区,104.073883,30.668989
中信银行24小时自助银行(纯阳观街),finance,金融保险服务;自动提款机;中信银行ATM,锦江区,104.076532,30.662583
渣打银行24小时自助银行(成都总府路支行),finance,金融保险服务;自动提款机;渣打银行ATM,锦江区,104.077435,30.66045
中国银行ATM(红星路支行),finance,金融保险服务;自动提款机;中国银行ATM,锦江区,104.081836,30.664512
中国银行24小时自助银行(成都王府井支行),finance,金融保险服务;自动提款机;中国银行ATM,锦江区,104.077929,30.661358
中国建设银行24小时自助银行(成都市第三支行),finance,金融保险服务;自动提款机;中国建设银行ATM,锦江区,104.081793,30.664203
中国银行ATM(红星中路二段),finance,金融保险服务;自动提款机;中国银行ATM,锦江区,104.08121,30.663416
中国农业银行24小时自助银行(成都锦阳支行),finance,金融保险服务;自动提款机;中国农业银行ATM,锦江区,104.076659,30.665368
中国农业银行24小时自助银行(红星路二段),finance,金融保险服务;自动提款机;中国农业银行ATM,锦江区,104.079202,30.660176
中国农业银行24小时自助银行(成都总府支行),finance,金融保险服务;自动提款机;中国农业银行ATM,锦江区,104.07432,30.661414
平安银行(成都春熙支行),finance,金融保险服务;银行;平安银行,锦江区,104.080148,30.661668
成都农商银行24小时自助银行(东玉龙街分理处),finance,金融保险服务;自动提款机;农村商业银行ATM,锦江区,104.078879,30.666357
中国建设银行24小时自助银行(岳府街),finance,金融保险服务;自动提款机;中国建设银行ATM,锦江区,104.076473,30.665471
嘉美银行ATM,finance,金融保险服务;自动提款机;自动提款机,锦江区,104.075115,30.661776
中国银行24小时自助银行(春熙路),finance,金融保险服务;自动提款机;中国银行ATM,锦江区,104.075661,30.659976
中国建设银行ATM(忠烈祠西街73号院西南),finance,金融保险服务;自动提款机;中国建设银行ATM,锦江区,104.074387,30.665881
中国邮政储蓄银行24小时自助银行(四川省分行直属支行),finance,金融保险服务;自动提款机;中国邮政储蓄银行ATM,锦江区,104.07435,30.66323
成都银行ATM(岳府街),finance,金融保险服务;自动提款机;自动提款机,锦江区,104.081036,30.663495
中国工商银行24小时自助银行(玉沙路),finance,金融保险服务;自动提款机;中国工商银行ATM,青羊区,104.079543,30.66863
中国建设银行24小时自助银行(成都第六支行),finance,金融保险服务;自动提款机;中国建设银行ATM,青羊区,104.075555,30.668453
中国工商银行24小时自助银行(冻青树街29号院东),finance,金融保险服务;自动提款机;中国工商银行ATM,锦江区,104.076844,30.666592
汇丰银行ATM(总府街),finance,金融保险服务;自动提款机;汇丰银行ATM,锦江区,104.075139,30.661793
平安银行24小时自助银行(成都春熙支行),finance,金融保险服务;自动提款机;平安银行ATM,锦江区,104.080148,30.661668
兴业银行24小时自助银行(太升南路),finance,金融保险服务;自动提款机;兴业银行ATM,青羊区,104.07494,30.667537
中国建设银行个人贷款中心(红星路二段),finance,金融保险服务;银行相关;银行相关,锦江区,104.081584,30.66417
中国建设银行24小时自助银行(成都第二支行),finance,金融保险服务;自动提款机;中国建设银行ATM,青羊区,104.07877,30.669009
中信银行出国金融服务中心(东安北路),finance,金融保险服务;银行相关;银行相关,锦江区,104.08812,30.660222
24h自助银行服务,finance,金融保险服务;自动提款机;自动提款机,锦江区,104.089234,30.66425
中信银行24小时自助银行(成都武成支行),finance,金融保险服务;自动提款机;中信银行ATM,锦江区,104.088208,30.660167
成都农商银行24小时自助银行(猛追湾街),finance,金融保险服务;自动提款机;农村商业银行ATM,成华区,104.092103,30.66376
交通银行(成都新华支行),finance,金融保险服务;银行;交通银行,锦江区,104.087248,30.665083
中信银行(成都武成支行),finance,金融保险服务;银行;中信银行,锦江区,104.08833,30.660426
兴业银行(新华大道支行),finance,金融保险服务;银行;兴业银行,锦江区,104.089601,30.664294
中国建设银行(玉双路储蓄所),finance,金融保险服务;银行;中国建设银行,锦江区,104.087446,30.660069
成都银行(新南支行),finance,金融保险服务;银行;银行,锦江区,104.084143,30.66711
招商银行24小时自助银行(东较场街),finance,金融保险服务;自动提款机;招商银行ATM,锦江区,104.087121,30.665447
中国工商银行(成都猛追湾支行),finance,金融保险服务;银行;中国工商银行,锦江区,104.089442,30.664085
成都银行(猛追湾南街支行),finance,金融保险服务;银行;银行,成华区,104.092287,30.663142
中国建设银行(成都红星路支行),finance,金融保险服务;银行;中国建设银行,锦江区,104.085116,30.66799
中国建设银行ATM,finance,金融保险服务;自动提款机;中国建设银行ATM,锦江区,104.084278,30.663263
兴业银行24小时自助银行(武成大街),finance,金融保险服务;自动提款机;兴业银行ATM,锦江区,104.085875,30.660821
交通银行24小时自助银行(成都新华支行),finance,金融保险服务;自动提款机;交通银行ATM,锦江区,104.087246,30.665079
中国建设银行ATM(东安北路),finance,金融保险服务;自动提款机;中国建设银行ATM,锦江区,104.089077,30.661796
兴业银行24小时自助银行(三槐树路),finance,金融保险服务;自动提款机;兴业银行ATM,锦江区,104.089188,30.664145
中国工商银行ATM,finance,金融保险服务;自动提款机;中国工商银行ATM,锦江区,104.08412,30.663175
中国建设银行ATM(猛追湾街),finance,金融保险服务;自动提款机;中国建设银行ATM,成华区,104.093359,30.664297
中国建设银行ATM(东安北路),finance,金融保险服务;自动提款机;中国建设银行ATM,成华区,104.091436,30.661256
中国建设银行24小时自助银行(三槐树路),finance,金融保险服务;自动提款机;中国建设银行ATM,锦江区,104.085138,30.666019
中国建设银行24小时自助银行(四圣祠南街),finance,金融保险服务;自动提款机;中国建设银行ATM,锦江区,104.084493,30.661007
中国建设银行24小时自助银行(双林路),finance,金融保险服务;自动提款机;中国建设银行ATM,成华区,104.092942,30.662022
中国工商银行24小时自助银行(祥和里),finance,金融保险服务;自动提款机;中国工商银行ATM,成华区,104.092445,30.660531
中国工商银行24小时自助银行(中道街),finance,金融保险服务;自动提款机;中国工商银行ATM,锦江区,104.087091,30.66095
华夏银行24小时自助银行(天祥街),finance,金融保险服务;自动提款机;华夏银行ATM,成华区,104.090121,30.660315
中国民生银行24小时自助银行(武成大街),finance,金融保险服务;自动提款机;中国民生银行ATM,锦江区,104.085866,30.661188
中国工商银行24小时自助银行(庆云西街),finance,金融保险服务;自动提款机;中国工商银行ATM,锦江区,104.083506,30.664536
成都银行24小时自助银行(祥和里支行),finance,金融保险服务;自动提款机;自动提款机,成华区,104.093169,30.660175
中国建设银行ATM(三槐树路),finance,金融保险服务;自动提款机;中国建设银行ATM,锦江区,104.088517,30.664016
中国建设银行24小时自助银行(玉双路储蓄所),finance,金融保险服务;自动提款机;中国建设银行ATM,锦江区,104.08739,30.660099
中国工商银行24小时自助银行(成都猛追湾支行),finance,金融保险服务;自动提款机;中国工商银行ATM,锦江区,104.089341,30.664083
中国银行24小时自助银行(望平街支行),finance,金融保险服务;自动提款机;中国银行ATM,成华区,104.088938,30.659396
成都银行ATM(四圣祠南街),finance,金融保险服务;自动提款机;自动提款机,锦江区,104.084534,30.661491
成都银行24小时自助银行(猛追湾南街支行),finance,金融保险服务;自动提款机;自动提款机,成华区,104.092241,30.663066
中国光大银行ATM(东较场街),finance,金融保险服务;自动提款机;中国光大银行ATM,锦江区,104.087095,30.665399
中国建设银行24小时自助银行(成都红星路支行),finance,金融保险服务;自动提款机;中国建设银行ATM,锦江区,104.085116,30.66799
成都银行24小时自助银行(新南支行),finance,金融保险服务;自动提款机;自动提款机,锦江区,104.084097,30.667038
上海银行24小时自助银行(三槐树路91号院西),finance,金融保险服务;自动提款机;上海银行ATM,锦江区,104.084108,30.666498
中国平安人寿保险股份有限公司(四川分公司客户服务中心),finance,金融保险服务;保险公司;中国平安保险公司,成华区,104.096956,30.664655
中国平安人寿保险第一支公司,finance,金融保险服务;保险公司;中国平安保险公司,成华区,104.097113,30.664873
成都银行24小时自助银行(新鸿路),finance,金融保险服务;自动提款机;自动提款机,成华区,104.102948,30.66438
长城华西银行24小时自助银行(成都双林路支行),finance,金融保险服务;自动提款机;自动提款机,成华区,104.097598,30.660189
中国农业银行(新鸿路分理处),finance,金融保险服务;银行;中国农业银行,成华区,104.095789,30.664235
中国工商银行(沙河支行),finance,金融保险服务;银行;中国工商银行,成华区,104.098532,30.667083
中国农业银行(成都东郊支行),finance,金融保险服务;银行;中国农业银行,成华区,104.098623,30.668226
中国农业银行(成都锦东支行),finance,金融保险服务;银行;中国农业银行,成华区,104.097661,30.660171
中国银行(成都猛追湾支行),finance,金融保险服务;银行;中国银行,成华区,104.096554,30.664675
中国邮政储蓄银行(成都市分行),finance,金融保险服务;银行;中国邮政储蓄银行,成华区,104.093594,30.661472
中国邮政储蓄银行(猛追湾支行),finance,金融保险服务;银行;中国邮政储蓄银行,成华区,104.094441,30.661286
包商银行,finance,金融保险服务;银行;银行,成华区,104.100188,30.664551
南充市商业银行(成都成华支行),finance,金融保险服务;银行;银行,成华区,104.093971,30.665186
长城华西银行(成都双林路支行),finance,金融保险服务;银行;银行,成华区,104.097494,30.66023
中国农业银行24小时自助银行(成都东郊支行),finance,金融保险服务;自动提款机;中国农业银行ATM,成华区,104.098623,30.668226
中国建设银行ATM(建设南新路),finance,金融保险服务;自动提款机;中国建设银行ATM,成华区,104.102978,30.666884
中国建设银行ATM(双林北支路),finance,金融保险服务;自动提款机;中国建设银行ATM,成华区,104.102677,30.659985
中国建设银行ATM(一环路东二段),finance,金融保险服务;自动提款机;中国建设银行ATM,成华区,104.098439,30.667532
中国邮政储蓄银行24小时自助银行(猛追湾支行),finance,金融保险服务;自动提款机;中国邮政储蓄银行ATM,成华区,104.094528,30.661249
中国工商银行24小时自助银行(成都沙河支行营业室),finance,金融保险服务;自动提款机;中国工商银行ATM,成华区,104.098771,30.666784
中信银行24小时自助银行(一环路东三段),finance,金融保险服务;自动提款机;中信银行ATM,成华区,104.099106,30.660952
中国农业银行24小时自助银行(新鸿路分理处),finance,金融保险服务;自动提款机;中国农业银行ATM,成华区,104.09571,30.664346
中国工商银行24小时自助银行(新鸿路),finance,金融保险服务;自动提款机;中国工商银行ATM,成华区,104.097505,30.664562
包商银行24小时自助银行(新鸿路),finance,金融保险服务;自动提款机;自动提款机,成华区,104.100246,30.664539
成都银行ATM(中电·信谊商务楼东北),finance,金融保险服务;自动提款机;自动提款机,成华区,104.099502,30.665854
中国银行24小时自助银行(成都猛追湾支行),finance,金融保险服务;自动提款机;中国银行ATM,成华区,104.096554,30.664675
中国农业银行24小时自助银行(成都锦东支行),finance,金融保险服务;自动提款机;中国农业银行ATM,成华区,104.097714,30.660148
南充市商业银行24小时自助银行(成都成华支行),finance,金融保险服务;自动提款机;自动提款机,成华区,104.093877,30.66512
工行银行自助服务,finance,金融保险服务;自动提款机;中国工商银行ATM,成华区,104.11161,30.664812
中国工商银行24小时自助银行(新鸿南路),finance,金融保险服务;自动提款机;中国工商银行ATM,成华区,104.103573,30.663974
上海浦东发展银行ATM(新鸿南路),finance,金融保险服务;自动提款机;上海浦东发展银行ATM,成华区,104.103797,30.662747
中国建设银行(成都新鸿支行),finance,金融保险服务;银行;中国建设银行,成华区,104.104466,30.664332
中国银行(成都成华支行),finance,金融保险服务;银行;中国银行,成华区,104.104286,30.664005
中国工商银行(成都双林北支路支行),finance,金融保险服务;银行;中国工商银行,成华区,104.108062,30.659468
平安银行24小时自助银行,finance,金融保险服务;自动提款机;平安银行ATM,成华区,104.107162,30.668527
中国银行ATM(新龙苑西),finance,金融保险服务;自动提款机;中国银行ATM,成华区,104.108163,30.662345
中国建设银行24小时自助银行(成都新鸿支行),finance,金融保险服务;自动提款机;中国建设银行ATM,成华区,104.104341,30.66434
交通银行ATM(建设南三路),finance,金融保险服务;自动提款机;交通银行ATM,成华区,104.108058,30.668769
中国建设银行ATM(杉板桥路),finance,金融保险服务;自动提款机;中国建设银行ATM,成华区,104.112979,30.665213
中国农业银行24小时自助银行(二环路东三段),finance,金融保险服务;自动提款机;中国农业银行ATM,成华区,104.112079,30.65939
成都银行ATM(光明滨河路),finance,金融保险服务;自动提款机;自动提款机,成华区,104.108668,30.666108
成都银行ATM(馨地居东南),finance,金融保险服务;自动提款机;自动提款机,成华区,104.106556,30.660689
中国工商银行24小时自助银行(成都双林北支路支行),finance,金融保险服务;自动提款机;中国工商银行ATM,成华区,104.108175,30.659449
中国工商银行24小时自助银行(杉板桥路),finance,金融保险服务;自动提款机;中国工商银行ATM,成华区,104.111735,30.664832
上海浦东发展银行24小时自助银行(成都分行),finance,金融保险服务;自动提款机;上海浦东发展银行ATM,成华区,104.109559,30.667924
中国银行24小时自助银行(成都成华支行),finance,金融保险服务;自动提款机;中国银行ATM,成华区,104.104231,30.664007
成都银行ATM(红旗新华社区),finance,金融保险服务;自动提款机;自动提款机,成华区,104.10657,30.660773
南充市商业银行24小时自助银行(新鸿南路),finance,金融保险服务;自动提款机;自动提款机,成华区,104.103527,30.663294
上海浦东发展银行(成都分行),finance,金融保险服务;银行;上海浦东发展银行,成华区,104.109576,30.667856
恒丰银行(成都成华支行),finance,金融保险服务;银行;银行,成华区,104.115094,30.666403
中国工商银行24小时自助银行(东秀二路),finance,金融保险服务;自动提款机;中国工商银行ATM,成华区,104.118054,30.661533
中国建设银行ATM(杉板桥南一路),finance,金融保险服务;自动提款机;中国建设银行ATM,成华区,104.115852,30.661951
中国建设银行24小时自助银行(东秀二路),finance,金融保险服务;自动提款机;中国建设银行ATM,成华区,104.117898,30.661465
恒丰银行24小时自助银行(成都成华支行),finance,金融保险服务;自动提款机;自动提款机,成华区,104.115193,30.666434
中国建设银行ATM(崔家店北一路),finance,金融保险服务;自动提款机;中国建设银行ATM,成华区,104.127538,30.668876
中国建设银行24小时自助银行(崔家店路),finance,金融保险服务;自动提款机;中国建设银行ATM,成华区,104.130565,30.663531
成都农商银行(舜和家园社区分理处),finance,金融保险服务;银行;农村商业银行,成华区,104.143326,30.665356
中国工商银行ATM(中环路崔家店路段),finance,金融保险服务;自动提款机;中国工商银行ATM,成华区,104.134689,30.668723
中国建设银行ATM(成华大道二段),finance,金融保险服务;自动提款机;中国建设银行ATM,成华区,104.134713,30.668707
成都农商银行24小时自助银行(舜和家园社区分理处),finance,金融保险服务;自动提款机;农村商业银行ATM,成华区,104.143326,30.665356
成都银行(成都舜惠家园社区支行),finance,金融保险服务;银行;银行,成华区,104.144242,30.666639
成都银行24小时自助银行(成都舜惠家园社区支行),finance,金融保险服务;自动提款机;自动提款机,成华区,104.144181,30.666578
成都农商银行(金花支行永康分理处),finance,金融保险服务;银行;农村商业银行,武侯区,103.968934,30.650883
成都农商银行24小时自助银行(永康分理处),finance,金融保险服务;自动提款机;农村商业银行ATM,武侯区,103.968823,30.650844
成都农商银行(机投北街分理处),finance,金融保险服务;银行;农村商业银行,武侯区,103.980216,30.651243
成都农商银行24小时自助银行(机投桥分理处),finance,金融保险服务;自动提款机;农村商业银行ATM,武侯区,103.980216,30.651243
中国工商银行(成都武青北路分理处),finance,金融保险服务;银行;中国工商银行,武侯区,103.976012,30.653342
成都市农商银行,finance,金融保险服务;银行;农村商业银行,武侯区,103.978394,30.651116
中国工商银行24小时自助银行(武青北路分理处),finance,金融保险服务;自动提款机;中国工商银行ATM,武侯区,103.976026,30.653514
中国邮政储蓄银行(成都机投镇支行),finance,金融保险服务;银行;中国邮政储蓄银行,武侯区,103.97759,30.650219
中国邮政储蓄银行24小时自助银行(成都机投镇支行),finance,金融保险服务;自动提款机;中国邮政储蓄银行ATM,武侯区,103.97759,30.650219
中国建设银行ATM(沙堰西二街),finance,金融保险服务;自动提款机;中国建设银行ATM,武侯区,103.993304,30.654042
中国民生银行24小时自助银行(天街里B馆北),finance,金融保险服务;自动提款机;中国民生银行ATM,武侯区,103.993273,30.649974
中国农业银行(机投支行),finance,金融保险服务;银行;中国农业银行,武侯区,103.998739,30.653617
中国银行(成都晋阳支行),finance,金融保险服务;银行;中国银行,武侯区,103.996554,30.652372
中国工商银行(晋康街分理处),finance,金融保险服务;银行;中国工商银行,武侯区,103.99721,30.652578
中国银行(成都机投支行),finance,金融保险服务;银行;中国银行,武侯区,103.999192,30.653808
中国工商银行24小时自助银行(晋康街分理处),finance,金融保险服务;自动提款机;中国工商银行ATM,武侯区,103.997202,30.652614
中国工商银行ATM(晋阳路),finance,金融保险服务;自动提款机;中国工商银行ATM,武侯区,103.996249,30.652157
平安银行ATM(金雁大厦),finance,金融保险服务;自动提款机;平安银行ATM,武侯区,103.998809,30.653682
中国银行24小时自助银行(成都机投支行),finance,金融保险服务;自动提款机;中国银行ATM,武侯区,103.999192,30.653808
中国建设银行24小时自助银行(晋阳路),finance,金融保险服务;自动提款机;中国建设银行ATM,武侯区,103.996106,30.652958
成都银行ATM(晋阳路),finance,金融保险服务;自动提款机;自动提款机,武侯区,104.000131,30.653905
中国农业银行24小时自助银行(双流机投支行),finance,金融保险服务;自动提款机;中国农业银行ATM,武侯区,103.998739,30.653617
中国民生银行24小时自助银行(沙堰西二街),finance,金融保险服务;自动提款机;中国民生银行ATM,武侯区,103.99376,30.655146
中国民生银行24小时自助银行(互盛佳苑东北),finance,金融保险服务;自动提款机;中国民生银行ATM,武侯区,103.999814,30.653325
中国银行24小时自助银行(成都晋阳支行),finance,金融保险服务;自动提款机;中国银行ATM,武侯区,103.996476,30.652349
广发银行24智能银行服务,finance,金融保险服务;自动提款机;广发银行ATM,武侯区,104.012984,30.652455
包商银行24小时自助服务银行(成都西藏花园社区支行),finance,金融保险服务;自动提款机;自动提款机,武侯区,104.009376,30.650535
成都农商银行24小时自助银行(机投分理处),finance,金融保险服务;自动提款机;农村商业银行ATM,武侯区,104.004059,30.65404
成都农商银行(机投分理处),finance,金融保险服务;银行;农村商业银行,武侯区,104.004142,30.65405
中国建设银行(大华街储蓄所),finance,金融保险服务;银行;中国建设银行,武侯区,104.011781,30.652464
中国农业银行(成都龙腾支行),finance,金融保险服务;银行;中国农业银行,武侯区,104.011848,30.654985
中国银行(成都开发西区支行),finance,金融保险服务;银行;中国银行,青羊区,104.005665,30.659452
成都银行(龙祥路支行),finance,金融保险服务;银行;银行,武侯区,104.011172,30.650109
中国银行(成都白兰地广场支行),finance,金融保险服务;银行;中国银行,武侯区,104.012113,30.654365
大连银行(成都武侯支行),finance,金融保险服务;银行;银行,武侯区,104.006489,30.652886
中国银行ATM(龙腾中路),finance,金融保险服务;自动提款机;中国银行ATM,武侯区,104.013444,30.654113
上海浦东发展银行ATM(置信路),finance,金融保险服务;自动提款机;上海浦东发展银行ATM,武侯区,104.011944,30.650087
包商银行(成都西藏花园社区支行),finance,金融保险服务;银行;银行,武侯区,104.009348,30.650579
浙商银行(成都双楠支行),finance,金融保险服务;银行;银行,武侯区,104.010745,30.654005
中国建设银行24小时自助银行(大华街储蓄所),finance,金融保险服务;自动提款机;中国建设银行ATM,武侯区,104.011723,30.652459
中国建设银行ATM(龙腾正街),finance,金融保险服务;自动提款机;中国建设银行ATM,武侯区,104.012733,30.655943
中国工商银行(成都青羊大道分理处),finance,金融保险服务;银行;中国工商银行,青羊区,104.005702,30.659036
中信银行24小时自助银行(大华街),finance,金融保险服务;自动提款机;中信银行ATM,武侯区,104.011951,30.652242
中国银行24小时自助银行(成都白兰地广场支行),finance,金融保险服务;自动提款机;中国银行ATM,武侯区,104.01198,30.654373
中国工商银行24小时自助银行(成都青羊大道分理处),finance,金融保险服务;自动提款机;中国工商银行ATM,青羊区,104.005702,30.659036
中国建设银行ATM(龙腾西路),finance,金融保险服务;自动提款机;中国建设银行ATM,武侯区,104.004923,30.654108
中国银行24小时自助银行(成都开发西区支行),finance,金融保险服务;自动提款机;中国银行ATM,青羊区,104.005665,30.659452
浙商银行24小时自助银行(成都双楠支行),finance,金融保险服务;自动提款机;自动提款机,武侯区,104.010744,30.654077
中国民生银行24小时自助银行(龙祥路),finance,金融保险服务;自动提款机;中国民生银行ATM,武侯区,104.010621,30.650326
包商银行24小时自助银行(武侯支行),finance,金融保险服务;自动提款机;自动提款机,武侯区,104.005728,30.654119
成都农商银行ATM(中环路武阳大道段),finance,金融保险服务;自动提款机;农村商业银行ATM,武侯区,104.006542,30.65198
大连银行24小时自助银行(成都武侯支行),finance,金融保险服务;自动提款机;自动提款机,武侯区,104.006489,30.652886
中国农业银行24小时自助银行(成都龙腾支行),finance,金融保险服务;自动提款机;中国农业银行ATM,武侯区,104.011714,30.654993
成都银行24小时自助银行(龙祥路支行),finance,金融保险服务;自动提款机;自动提款机,武侯区,104.011172,30.650109
广发银行24小时自助银行(大华街),finance,金融保险服务;自动提款机;广发银行ATM,武侯区,104.013033,30.652413
包商银行(武侯支行),finance,金融保险服务;银行;银行,武侯区,104.005728,30.654119
中国农业发展银行(成都市西郊支行),finance,金融保险服务;银行;银行,青羊区,104.019036,30.658326
平安银行(双楠支行),finance,金融保险服务;银行;平安银行,武侯区,104.016318,30.650264
中信银行(成都双楠支行),finance,金融保险服务;银行;中信银行,武侯区,104.021302,30.653904
兴业银行(双楠支行),finance,金融保险服务;银行;兴业银行,武侯区,104.018531,30.650233
招商银行(成都龙腾东路支行),finance,金融保险服务;银行;招商银行,武侯区,104.016272,30.654571
中国农业银行(成都大华路支行),finance,金融保险服务;银行;中国农业银行,武侯区,104.015622,30.652987
兴业银行(康河郦景社区支行),finance,金融保险服务;银行;兴业银行,武侯区,104.022248,30.65359
中国民生银行(成都置信路社区支行),finance,金融保险服务;银行;中国民生银行,武侯区,104.019422,30.650781
中国银行(成都逸都支行),finance,金融保险服务;银行;中国银行,武侯区,104.015729,30.650101
兴业银行(中海龙湾半岛社区支行),finance,金融保险服务;银行;兴业银行,武侯区,104.013957,30.656952
中国农业银行24小时自助银行(成都大华路支行),finance,金融保险服务;自动提款机;中国农业银行ATM,武侯区,104.015622,30.652987
中信银行24小时自助银行(成都双楠支行),finance,金融保险服务;自动提款机;中信银行ATM,武侯区,104.021347,30.6539
招商银行24小时自助银行(成都龙腾东路支行),finance,金融保险服务;自动提款机;招商银行ATM,武侯区,104.0162,30.654578
中国建设银行ATM(二环路西一段),finance,金融保险服务;自动提款机;中国建设银行ATM,武侯区,104.019932,30.650895
恒丰银行ATM(少陵路),finance,金融保险服务;自动提款机;自动提款机,武侯区,104.023202,30.650592
成都银行ATM(大华街),finance,金融保险服务;自动提款机;自动提款机,武侯区,104.014654,30.652331
中国工商银行24小时自助银行(二环路西一段),finance,金融保险服务;自动提款机;中国工商银行ATM,武侯区,104.01922,30.65078
中国建设银行24小时自助银行(浣花滨河路),finance,金融保险服务;自动提款机;中国建设银行ATM,青羊区,104.022263,30.654322
兴业银行24小时自助银行(双楠支行),finance,金融保险服务;自动提款机;兴业银行ATM,武侯区,104.018667,30.650225
平安银行24小时自助银行(成都双楠支行),finance,金融保险服务;自动提款机;平安银行ATM,武侯区,104.016318,30.650264
中国建设银行(龙腾路支行),finance,金融保险服务;银行;中国建设银行,武侯区,104.01688,30.654516
兴业银行24小时自助银行(康河郦景社区支行),finance,金融保险服务;自动提款机;兴业银行ATM,武侯区,104.022286,30.65358
兴业银行24小时自助银行(中海龙湾半岛社区支行),finance,金融保险服务;自动提款机;兴业银行ATM,武侯区,104.013957,30.656952
中国民生银行24小时自助银行(成都置信路社区支行),finance,金融保险服务;自动提款机;中国民生银行ATM,武侯区,104.019329,30.650781
招商银行24小时自助银行(置信路),finance,金融保险服务;自动提款机;招商银行ATM,武侯区,104.015551,30.650216
中国银行24小时自助银行(成都逸都支行),finance,金融保险服务;自动提款机;中国银行ATM,武侯区,104.015611,30.65022
中信银行24小时自助银行(浣花滨河路),finance,金融保险服务;自动提款机;中信银行ATM,青羊区,104.022266,30.654353
中国建设银行24小时自助银行(龙腾路支行),finance,金融保险服务;自动提款机;中国建设银行ATM,武侯区,104.016801,30.654524
上海浦东发展银行(成都双楠支行),finance,金融保险服务;银行;上海浦东发展银行,武侯区,104.032183,30.653219
上海浦东发展银行24小时自助银行(成都双楠支行),finance,金融保险服务;自动提款机;上海浦东发展银行ATM,武侯区,104.032232,30.653221
中国农业银行(金地花园支行),finance,金融保险服务;银行;中国农业银行,武侯区,104.027363,30.650706
成都银行(双楠支行),finance,金融保险服务;银行;银行,武侯区,104.024212,30.653069
中国建设银行(成都少陵路支行),finance,金融保险服务;银行;中国建设银行,武侯区,104.029458,30.650071
中国建设银行(紫藤路储蓄所),finance,金融保险服务;银行;中国建设银行,武侯区,104.024575,30.651881
中国工商银行(成都紫藤支行),finance,金融保险服务;银行;中国工商银行,青羊区,104.024303,30.653565
建设银行自动取款机,finance,金融保险服务;自动提款机;中国建设银行ATM,武侯区,104.026721,30.652492
中国农业银行24小时自助银行(菊乐路),finance,金融保险服务;自动提款机;中国农业银行ATM,武侯区,104.03354,30.649565
中国建设银行ATM(少陵东街),finance,金融保险服务;自动提款机;中国建设银行ATM,武侯区,104.026703,30.652472
恒丰银行ATM(大石西路),finance,金融保险服务;自动提款机;自动提款机,武侯区,104.029938,30.653224
中国农业银行24小时自助银行(大石西路),finance,金融保险服务;自动提款机;中国农业银行ATM,武侯区,104.024789,30.653246
中国建设银行24小时自助银行(紫藤路储蓄所),finance,金融保险服务;自动提款机;中国建设银行ATM,武侯区,104.024499,30.651944
中国建设银行24小时自助银行(双元街),finance,金融保险服务;自动提款机;中国建设银行ATM,武侯区,104.030307,30.651259
中国农业银行24小时自助银行(金地花园支行),finance,金融保险服务;自动提款机;中国农业银行ATM,武侯区,104.027412,30.650704
平安银行ATM(紫藤路),finance,金融保险服务;自动提款机;平安银行ATM,武侯区,104.024509,30.651465
成都银行ATM(少陵路),finance,金融保险服务;自动提款机;自动提款机,武侯区,104.026902,30.650143
成都银行ATM(恒昌永乐园北),finance,金融保险服务;自动提款机;自动提款机,武侯区,104.033003,30.649748
中国农业银业24小时自助银行,finance,金融保险服务;自动提款机;自动提款机,青羊区,104.024606,30.653777
中国建设银行24小时自助银行(成都少陵路支行),finance,金融保险服务;自动提款机;中国建设银行ATM,武侯区,104.02945,30.650065
成都银行24小时自助银行(双楠支行),finance,金融保险服务;自动提款机;自动提款机,武侯区,104.024213,30.653026
中国工商银行24小时自助银行(成都紫藤支行),finance,金融保险服务;自动提款机;中国工商银行ATM,青羊区,104.02414,30.653596
成都银行24小时自动银行银行(双楠支行),finance,金融保险服务;自动提款机;自动提款机,武侯区,104.024165,30.653033
成都农商银行24小时自助服务,finance,金融保险服务;自动提款机;农村商业银行ATM,武侯区,104.03847,30.65249
成都农商银行(城西分理处),finance,金融保险服务;银行;农村商业银行,青羊区,104.039494,30.657779
中国银行(大石东路支行),finance,金融保险服务;银行;中国银行,武侯区,104.04068,30.65403
中国银行(百花西路支行),finance,金融保险服务;银行;中国银行,青羊区,104.038265,30.657488
华夏银行(青羊支行),finance,金融保险服务;银行;华夏银行,青羊区,104.038691,30.657345
中国农业银行(百花支行),finance,金融保险服务;银行;中国农业银行,青羊区,104.0384,30.654916
中国建设银行(百花潭支行),finance,金融保险服务;银行;中国建设银行,武侯区,104.038456,30.652709
中国民生银行(青羊支行),finance,金融保险服务;银行;中国民生银行,青羊区,104.034576,30.655339
中国工商银行(成都大石西路支行),finance,金融保险服务;银行;中国工商银行,青羊区,104.034858,30.653586
中国邮政储蓄银行(大石东路营业所),finance,金融保险服务;银行;中国邮政储蓄银行,青羊区,104.04328,30.654386
中国农业银行ATM(励志路),finance,金融保险服务;自动提款机;中国农业银行ATM,武侯区,104.042732,30.649983
中国工商银行ATM(体院路),finance,金融保险服务;自动提款机;中国工商银行ATM,武侯区,104.043081,30.650514
中国银行24小时自助银行(成都百花西路分理处),finance,金融保险服务;自动提款机;中国银行ATM,青羊区,104.038265,30.657488
中国邮政储蓄银行(芳邻路支行),finance,金融保险服务;银行;中国邮政储蓄银行,青羊区,104.038896,30.657535
中国建设银行ATM(百花西路),finance,金融保险服务;自动提款机;中国建设银行ATM,青羊区,104.035914,30.658736
中国建设银行ATM(一环路西一段),finance,金融保险服务;自动提款机;中国建设银行ATM,武侯区,104.040605,30.651032
中国建设银行24小时自助银行(百花潭支行),finance,金融保险服务;自动提款机;中国建设银行ATM,武侯区,104.038464,30.652666
中国邮政储蓄银行24小时自助银行,finance,金融保险服务;自动提款机;中国邮政储蓄银行ATM,武侯区,104.038924,30.650692
中国建设银行24小时自助银行(大石东路),finance,金融保险服务;自动提款机;中国建设银行ATM,青羊区,104.043165,30.654105
中信银行24小时自助银行(一环路西一段),finance,金融保险服务;自动提款机;中信银行ATM,武侯区,104.038517,30.6498
中国建设银行自助取款机,finance,金融保险服务;自动提款机;自动提款机,武侯区,104.040605,30.651133
中国银行24小时自助银行(一环路西一段),finance,金融保险服务;自动提款机;中国银行ATM,武侯区,104.038878,30.653501
华夏银行24小时自助银行(成都青羊支行),finance,金融保险服务;自动提款机;华夏银行ATM,青羊区,104.038691,30.657345
银行卡联网通用ATM(大石南路),finance,金融保险服务;自动提款机;自动提款机,武侯区,104.034809,30.653269
成都银行ATM(一环路西一段),finance,金融保险服务;自动提款机;自动提款机,武侯区,104.038283,30.653864
中国工商银行24小时自助银行(成都大石西路支行),finance,金融保险服务;自动提款机;中国工商银行ATM,青羊区,104.034813,30.653575
成都农业银行24小时自助银行,finance,金融保险服务;自动提款机;中国农业银行ATM,武侯区,104.038275,30.652612
中国民生银行24小时自助银行(青羊支行),finance,金融保险服务;自动提款机;中国民生银行ATM,青羊区,104.034576,30.655339
中国邮政储蓄银行24小时自助银行(大石东路营业所),finance,金融保险服务;自动提款机;中国邮政储蓄银行ATM,青羊区,104.04314,30.654383
中国银行24小时自助银行(成都大石东路支行),finance,金融保险服务;自动提款机;中国银行ATM,武侯区,104.04068,30.65403
中国农业银行24小时自助银行(成都百花支行),finance,金融保险服务;自动提款机;中国农业银行ATM,青羊区,104.0384,30.654916
中国邮政储蓄银行24小时自助银行(芳邻路支行),finance,金融保险服务;自动提款机;中国邮政储蓄银行ATM,青羊区,104.038896,30.657535
中国平安财产保险股份有限公司(青羊营销服务部),finance,金融保险服务;保险公司;中国平安保险公司,青羊区,104.051483,30.657811
中国民生银行(成都滨江支行),finance,金融保险服务;银行;中国民生银行,青羊区,104.050457,30.655739
中国工商银行(成都小南街支行),finance,金融保险服务;银行;中国工商银行,青羊区,104.050508,30.656628
中国银行(成都长城园支行),finance,金融保险服务;银行;中国银行,青羊区,104.05154,30.657849
中国工商银行(西较场支行),finance,金融保险服务;银行;中国工商银行,青羊区,104.04358,30.658972
中国建设银行(成都锦里西路支行),finance,金融保险服务;银行;中国建设银行,青羊区,104.04926,30.655559
成都银行(百花潭支行),finance,金融保险服务;银行;银行,青羊区,104.048148,30.65544
兴业银行(西府少城社区支行),finance,金融保险服务;银行;兴业银行,青羊区,104.049863,30.658201
中国建设银行ATM(文和路),finance,金融保险服务;自动提款机;中国建设银行ATM,青羊区,104.04991,30.658266
中国农业银行ATM(锦里西路),finance,金融保险服务;自动提款机;中国农业银行ATM,青羊区,104.045069,30.656494
中国建设银行ATM(芳邻路),finance,金融保险服务;自动提款机;中国建设银行ATM,青羊区,104.043578,30.654651
中国建设银行ATM(倒桑树街),finance,金融保险服务;自动提款机;中国建设银行ATM,武侯区,104.053019,30.65058
兴业银行ATM(延熙大道),finance,金融保险服务;自动提款机;兴业银行ATM,武侯区,104.046697,30.649934
交通银行ATM(大石东路),finance,金融保险服务;自动提款机;交通银行ATM,武侯区,104.043994,30.654041
交通银行ATM(倒桑树街),finance,金融保险服务;自动提款机;交通银行ATM,武侯区,104.05067,30.652003
中国银行24小时自助银行(成都长城园支行),finance,金融保险服务;自动提款机;中国银行ATM,青羊区,104.051449,30.657774
成都银行ATM(小南街),finance,金融保险服务;自动提款机;自动提款机,青羊区,104.051946,30.658289
招商银行24小时自助银行(小南街),finance,金融保险服务;自动提款机;招商银行ATM,青羊区,104.050228,30.656184
中国工商银行24小时自助银行(西较场支行),finance,金融保险服务;自动提款机;中国工商银行ATM,青羊区,104.04358,30.658972
中国工商银行24小时自助银行(成都小南街支行),finance,金融保险服务;自动提款机;中国工商银行ATM,青羊区,104.050541,30.656595
中国建设银行24小时自助银行(成都锦里西路支行),finance,金融保险服务;自动提款机;中国建设银行ATM,青羊区,104.04926,30.655559
中国民生银行24小时自助银行(成都滨江支行),finance,金融保险服务;自动提款机;中国民生银行ATM,青羊区,104.050488,30.655775
成都银行24小时自助银行(百花潭支行),finance,金融保险服务;自动提款机;自动提款机,青羊区,104.048148,30.655442
中国人寿保险股份有限公司(成都市分公司),finance,金融保险服务;保险公司;中国人寿保险公司,青羊区,104.055902,30.651168
中国农业银行(成都锦城支行营业部),finance,金融保险服务;银行;中国农业银行,青羊区,104.057982,30.650726
中国工商银行(滨江支行),finance,金融保险服务;银行;中国工商银行,锦江区,104.058921,30.6504
哈尔滨银行24小时自助银行(成都天府支行),finance,金融保险服务;自动提款机;自动提款机,青羊区,104.062814,30.656908
招商银行(成都红照壁支行),finance,金融保险服务;银行;招商银行,锦江区,104.062126,30.654728
重庆银行(成都滨江支行),finance,金融保险服务;银行;银行,青羊区,104.055116,30.652423
天津银行(成都分行),finance,金融保险服务;银行;银行,锦江区,104.059534,30.649964
哈尔滨银行(成都天府支行),finance,金融保险服务;银行;银行,青羊区,104.063057,30.656908
中国建设银行(成都第八支行),finance,金融保险服务;银行;中国建设银行,青羊区,104.060737,30.654179
中国农业银行(成都祠堂街支行),finance,金融保险服务;银行;中国农业银行,青羊区,104.057946,30.656825
成都银行(金河支行),finance,金融保险服务;银行;银行,青羊区,104.060285,30.653598
中国邮政储蓄银行(陕西街支行),finance,金融保险服务;银行;中国邮政储蓄银行,青羊区,104.058114,30.657212
上海银行(彩虹桥支行),finance,金融保险服务;银行;上海银行,青羊区,104.055365,30.651907
中国银行(成都文翁路支行),finance,金融保险服务;银行;中国银行,青羊区,104.057782,30.656096
花旗银行(中国)(成都分行),finance,金融保险服务;银行;花旗银行,青羊区,104.062835,30.658638
大连银行(成都分行营业部),finance,金融保险服务;银行;银行,锦江区,104.060497,30.649978
中国工商银行(成都陕西街街支行),finance,金融保险服务;银行;中国工商银行,青羊区,104.05861,30.65671
中国工商银行24小时自助银行(滨江营业室),finance,金融保险服务;自动提款机;中国工商银行ATM,锦江区,104.058833,30.65034
攀枝花市商业银行(成都滨江支行),finance,金融保险服务;银行;银行,青羊区,104.05929,30.652256
上海银行24小时自助银行(彩虹桥支行),finance,金融保险服务;自动提款机;上海银行ATM,青羊区,104.055273,30.651819
中国农业银行24小时自助银行(成都祠堂街支行),finance,金融保险服务;自动提款机;中国农业银行ATM,青羊区,104.057946,30.656825
招商银行24小时自助银行(成都红照壁支行),finance,金融保险服务;自动提款机;招商银行ATM,锦江区,104.062126,30.654728
成都银行国际业务部,finance,金融保险服务;银行相关;银行相关,青羊区,104.058998,30.658951
交通银行24小时自助银行(成都青羊支行),finance,金融保险服务;自动提款机;交通银行ATM,青羊区,104.05965,30.658953
上海银行24小时自助银行(彩虹桥支行),finance,金融保险服务;自动提款机;上海银行ATM,青羊区,104.055273,30.651819
中国农业银行24小时自助银行(成都祠堂街支行),finance,金融保险服务;自动提款机;中国农业银行ATM,青羊区,104.057946,30.656825
招商银行24小时自助银行(成都红照壁支行),finance,金融保险服务;自动提款机;招商银行ATM,锦江区,104.062126,30.654728
成都银行国际业务部,finance,金融保险服务;银行相关;银行相关,青羊区,104.058998,30.658951
交通银行24小时自助银行(成都青羊支行),finance,金融保险服务;自动提款机;交通银行ATM,青羊区,104.05965,30.658953
中国银行24小时自助银行(成都文翁路支行),finance,金融保险服务;自动提款机;中国银行ATM,青羊区,104.057815,30.656163
中国银行ATM,finance,金融保险服务;自动提款机;中国银行ATM,锦江区,104.063149,30.651774
中国邮政储蓄银行24小时自助银行(陕西街支行),finance,金融保险服务;自动提款机;中国邮政储蓄银行ATM,青羊区,104.058114,30.657187
中国建设银行ATM(文庙前街),finance,金融保险服务;自动提款机;中国建设银行ATM,青羊区,104.054198,30.654627
招商银行信用卡(下南大街),finance,金融保险服务;银行相关;银行相关,青羊区,104.059057,30.65174
中国建设银行24小时自助银行(成都第八支行),finance,金融保险服务;自动提款机;中国建设银行ATM,青羊区,104.060831,30.654322
成都城市名人酒店-ATM,finance,金融保险服务;自动提款机;自动提款机,青羊区,104.063042,30.656593
成都银行(西御街分行营业部),finance,金融保险服务;银行;银行|金融保险服务;银行相关;银行相关,青羊区,104.058924,30.658951
中国建设银行ATM(人民南路一段),finance,金融保险服务;自动提款机;中国建设银行ATM,青羊区,104.06312,30.657841
成都银行24小时自助银行(东城根上街),finance,金融保险服务;自动提款机;自动提款机,青羊区,104.058576,30.659023
锦江宾馆-贵宾楼-ATM,finance,金融保险服务;自动提款机;自动提款机,锦江区,104.061606,30.650308
中信银行24小时自助银行(人民南路一段),finance,金融保险服务;自动提款机;中信银行ATM,青羊区,104.063082,30.658172
中国农业银行成都锦城支行个贷营销中心,finance,金融保险服务;银行相关;银行相关,青羊区,104.058119,30.65106
花旗银行24小时自助银行(成都分行),finance,金融保险服务;自动提款机;花旗银行ATM,青羊区,104.062688,30.658634
中国工商银行24小时自助银行(成都陕西街支行),finance,金融保险服务;自动提款机;中国工商银行ATM,青羊区,104.05861,30.65671
成都银行24小时自助银行(金河支行),finance,金融保险服务;自动提款机;自动提款机,青羊区,104.060423,30.653703
中国邮政储蓄银行ATM(天府绿洲大厦),finance,金融保险服务;自动提款机;中国邮政储蓄银行ATM,青羊区,104.058743,30.651681
中国人寿保险股份有限公司(四川省分公司电话服务中心),finance,金融保险服务;保险公司;中国人寿保险公司,锦江区,104.066886,30.656208
中国人民财产保险股份有限公司(四川省分公司),finance,金融保险服务;保险公司;中国人民保险公司,锦江区,104.066445,30.659253
泰康人寿保险股份有限公司(大业路),finance,金融保险服务;保险公司;泰康人寿保险公司,锦江区,104.067536,30.656841
24小时自助银行服务,finance,金融保险服务;自动提款机;自动提款机,锦江区,104.069059,30.653071
24小时自助银行服务,finance,金融保险服务;自动提款机;自动提款机,锦江区,104.064782,30.658584
包商银行(成都分行),finance,金融保险服务;银行;银行,锦江区,104.067497,30.65362
中国工商银行(指挥街分理处),finance,金融保险服务;银行;中国工商银行,锦江区,104.064866,30.652396
中国建设银行(成都盐市口分理处),finance,金融保险服务;银行;中国建设银行,锦江区,104.066457,30.657501
中国建设银行(新南门分理处),finance,金融保险服务;银行;中国建设银行,锦江区,104.069167,30.652933
中国建设银行(成都春熙支行),finance,金融保险服务;银行;中国建设银行,锦江区,104.073215,30.655518
成都银行(盐市口支行),finance,金融保险服务;银行;银行,锦江区,104.066845,30.656943
中信银行(走马街支行),finance,金融保险服务;银行;中信银行,锦江区,104.073108,30.655109
中国银行(成都梨花街支行),finance,金融保险服务;银行;中国银行,锦江区,104.066361,30.656996
中国工商银行(暑袜南街支行),finance,金融保险服务;银行;中国工商银行,锦江区,104.070962,30.65838
中国建设银行(成都金河支行),finance,金融保险服务;银行;中国建设银行,锦江区,104.064755,30.658675
中国农业银行(成都蜀都支行),finance,金融保险服务;银行;中国农业银行,锦江区,104.068217,30.65673
中国银行(成都人民南路支行),finance,金融保险服务;银行;中国银行,锦江区,104.06472,30.655325
中国民生银行(成都锦兴支行),finance,金融保险服务;银行;中国民生银行,锦江区,104.072748,30.651048
交通银行ATM(青石桥中街),finance,金融保险服务;自动提款机;交通银行ATM,锦江区,104.069479,30.655712
中国工商银行24h,finance,金融保险服务;银行;中国工商银行,锦江区,104.065036,30.655302
中国工商银行(暑袜南街支行),finance,金融保险服务;银行;中国工商银行,锦江区,104.070962,30.65838
中国建设银行(成都金河支行),finance,金融保险服务;银行;中国建设银行,锦江区,104.064755,30.658675
中国农业银行(成都蜀都支行),finance,金融保险服务;银行;中国农业银行,锦江区,104.068217,30.65673
中国银行(成都人民南路支行),finance,金融保险服务;银行;中国银行,锦江区,104.06472,30.655325
中国民生银行(成都锦兴支行),finance,金融保险服务;银行;中国民生银行,锦江区,104.072748,30.651048
交通银行ATM(青石桥中街),finance,金融保险服务;自动提款机;交通银行ATM,锦江区,104.069479,30.655712
中国工商银行24h,finance,金融保险服务;银行;中国工商银行,锦江区,104.065036,30.655302
中国建设银行24小时自助银行(西丁字街),finance,金融保险服务;自动提款机;中国建设银行ATM,锦江区,104.066316,30.653621
新加坡华侨银行(成都分行),finance,金融保险服务;银行;银行,锦江区,104.064278,30.655631
中国工商银行(成都盐市口支行),finance,金融保险服务;银行;中国工商银行,锦江区,104.072907,30.650266
华侨银行,finance,金融保险服务;银行;银行,锦江区,104.064505,30.655802
泰国开泰银行(成都分行),finance,金融保险服务;银行;银行,锦江区,104.064552,30.658281
中国农业银行ATM(向阳街),finance,金融保险服务;自动提款机;中国农业银行ATM,锦江区,104.068322,30.655771
三菱东京日联银行(成都分行),finance,金融保险服务;银行;银行,锦江区,104.069552,30.658344
交通银行ATM(大业路),finance,金融保险服务;自动提款机;交通银行ATM,锦江区,104.067468,30.6546
中国建设银行24小时自助银行(新南门分理处),finance,金融保险服务;自动提款机;中国建设银行ATM,锦江区,104.069204,30.652904
兴业银行ATM,finance,金融保险服务;自动提款机;兴业银行ATM,锦江区,104.072651,30.658764
中国工商银行24小时自助银行(指挥街分理处),finance,金融保险服务;自动提款机;中国工商银行ATM,锦江区,104.064824,30.652331
中国建设银行24小时自助银行(成都金河支行),finance,金融保险服务;自动提款机;中国建设银行ATM,锦江区,104.064755,30.658675
中国工商银行24小时自助银行(暑袜南街支行),finance,金融保险服务;自动提款机;中国工商银行ATM,锦江区,104.071057,30.65839
中国农业银行24小时自助银行(成都蜀都支行),finance,金融保险服务;自动提款机;中国农业银行ATM,锦江区,104.068185,30.656735
中国银行24小时自助银行,finance,金融保险服务;自动提款机;中国银行ATM,青羊区,104.063924,30.659029
成都银行24小时自助银行(盐市口支行),finance,金融保险服务;自动提款机;自动提款机,锦江区,104.066865,30.656942
中国民生银行ATM(天府广场),finance,金融保险服务;自动提款机;中国民生银行ATM,锦江区,104.064475,30.65858
中国工商银行24小时自助银行(成都盐市口支行),finance,金融保险服务;自动提款机;中国工商银行ATM,锦江区,104.072885,30.650198
中国农业银行24小时自助银行(南府街),finance,金融保险服务;自动提款机;中国农业银行ATM,锦江区,104.068192,30.651249
中国建设银行24小时自助银行(成都春熙支行),finance,金融保险服务;自动提款机;中国建设银行ATM,锦江区,104.073302,30.655692
中国工商银行24小时自助银行(新光华街),finance,金融保险服务;自动提款机;中国工商银行ATM,锦江区,104.065075,30.655293
中国民生银行24小时自助银行(成都锦兴支行),finance,金融保险服务;自动提款机;中国民生银行ATM,锦江区,104.072778,30.651092
中国银行24小时自助银行(新光华街),finance,金融保险服务;自动提款机;中国银行ATM,锦江区,104.064657,30.654291
中国银行24小时自助银行(成都梨花街支行),finance,金融保险服务;自动提款机;中国银行ATM,锦江区,104.066391,30.656994
中国工商银行24小时自助银行(青石桥南街),finance,金融保险服务;自动提款机;中国工商银行ATM,锦江区,104.068498,30.65482
成都银行ATM(远东百货),finance,金融保险服务;自动提款机;自动提款机,锦江区,104.064539,30.65858
成都农商银行ATM(青石桥北街),finance,金融保险服务;自动提款机;农村商业银行ATM,锦江区,104.06966,30.656388
中国建设银行24小时自助银行(成都盐市口分理处),finance,金融保险服务;自动提款机;中国建设银行ATM,锦江区,104.066457,30.657501
中国银行24小时自助银行(成都人民南路支行),finance,金融保险服务;自动提款机;中国银行ATM,锦江区,104.064683,30.655325
中信银行24小时自助银行(走马街支行),finance,金融保险服务;自动提款机;中信银行ATM,锦江区,104.073168,30.655197
中国农业银行24小时自助银行,finance,金融保险服务;自动提款机;自动提款机,锦江区,104.067543,30.659223
中国工商银行ATM(滨江中路),finance,金融保险服务;自动提款机;中国工商银行ATM,锦江区,104.066195,30.649648
东亚银行ATM,finance,金融保险服务;自动提款机;东亚银行ATM,锦江区,104.066148,30.649682
包商银行24小时自助银行(成都分行),finance,金融保险服务;自动提款机;自动提款机,锦江区,104.067376,30.653485
成都银行24小时自助银行(走马街),finance,金融保险服务;自动提款机;自动提款机,锦江区,104.073111,30.655375
中国邮政储蓄银行24小时自助银行(走马街),finance,金融保险服务;自动提款机;中国邮政储蓄银行ATM,锦江区,104.072788,30.65491
新华保险股份有限公司(成都中心支公司),finance,金融保险服务;保险公司;新华人寿保险公司,锦江区,104.080635,30.657871
中国建设银行ATM(IFS国际金融中心三号办公楼东北),finance,金融保险服务;自动提款机;中国建设银行ATM,锦江区,104.080581,30.658081
生命人寿保险股份有限公司(下东大街段),finance,金融保险服务;保险公司;中国人寿保险公司,锦江区,104.080797,30.652176
中国平安保险(集团)股份有限公司(南纱帽街),finance,金融保险服务;保险公司;中国平安保险公司,锦江区,104.078577,30.653993
24自助银行服务,finance,金融保险服务;自动提款机;自动提款机,锦江区,104.074372,30.652638
平安银行股份有限公司信用卡中心,finance,金融保险服务;银行;银行,锦江区,104.078819,30.654414
大华银行24小时自助银行,finance,金融保险服务;自动提款机;自动提款机,锦江区,104.078623,30.654151
成都市农村商业银行24小时自助银行(东大街分理处),finance,金融保险服务;自动提款机;农村商业银行ATM,锦江区,104.078187,30.65351
南充市商业银行(成都锦江支行),finance,金融保险服务;银行;银行,锦江区,104.07906,30.653083
广发银行24小时自助银行(春熙路),finance,金融保险服务;自动提款机;广发银行ATM,锦江区,104.074753,30.65892
中国农业银行(成都春熙路分理处),finance,金融保险服务;银行;中国农业银行,锦江区,104.074868,30.658294
成都农商银行(东大街支行),finance,金融保险服务;银行;农村商业银行,锦江区,104.078215,30.653496
交通银行(成都东大街支行),finance,金融保险服务;银行;交通银行,锦江区,104.073536,30.655665
交通银行(成都红星路支行),finance,金融保险服务;银行;交通银行,锦江区,104.08063,30.657754
中国邮政储蓄银行(天福街营业所),finance,金融保险服务;银行;中国邮政储蓄银行,锦江区,104.083317,30.652748
成都市农村商业银行24小时自助银行(东大街分理处),finance,金融保险服务;自动提款机;农村商业银行ATM,锦江区,104.078187,30.65351
南充市商业银行(成都锦江支行),finance,金融保险服务;银行;银行,锦江区,104.07906,30.653083
广发银行24小时自助银行(春熙路),finance,金融保险服务;自动提款机;广发银行ATM,锦江区,104.074753,30.65892
中国农业银行(成都春熙路分理处),finance,金融保险服务;银行;中国农业银行,锦江区,104.074868,30.658294
成都农商银行(东大街支行),finance,金融保险服务;银行;农村商业银行,锦江区,104.078215,30.653496
交通银行(成都东大街支行),finance,金融保险服务;银行;交通银行,锦江区,104.073536,30.655665
交通银行(成都红星路支行),finance,金融保险服务;银行;交通银行,锦江区,104.08063,30.657754
中国邮政储蓄银行(天福街营业所),finance,金融保险服务;银行;中国邮政储蓄银行,锦江区,104.083317,30.652748
中信银行(红星路支行),finance,金融保险服务;银行;中信银行,锦江区,104.07462,30.652868
中国银行(成都大慈寺支行),finance,金融保险服务;银行;中国银行,锦江区,104.081472,30.652378
中国农业银行ATM(春熙路南段),finance,金融保险服务;自动提款机;中国农业银行ATM,锦江区,104.073625,30.657648
贵阳银行(成都分行),finance,金融保险服务;银行;银行,锦江区,104.080047,30.652535
中国工商银行(东大街支行),finance,金融保险服务;银行;中国工商银行,锦江区,104.080468,30.652365
AM资本私人银行,finance,金融保险服务;银行;银行,锦江区,104.077023,30.655023
中国建设银行ATM(下东大街段),finance,金融保险服务;自动提款机;中国建设银行ATM,锦江区,104.076087,30.654447
招商银行ATM(春熙路银石广场),finance,金融保险服务;自动提款机;招商银行ATM,锦江区,104.077249,30.655353
渤海银行(天仙桥北路社区支行),finance,金融保险服务;银行;银行,锦江区,104.083425,30.653562
成都银行(王家坝支行),finance,金融保险服务;银行;银行,锦江区,104.075675,30.649449
交通银行ATM(新街后巷子),finance,金融保险服务;自动提款机;交通银行ATM,锦江区,104.074677,30.65912
交通银行24小时自助银行(成都东大街支行),finance,金融保险服务;自动提款机;交通银行ATM,锦江区,104.073536,30.655665
攀枝花市商业银行(成都东门支行),finance,金融保险服务;银行;银行,锦江区,104.082848,30.652565
兴业银行ATM(香槟广场),finance,金融保险服务;自动提款机;兴业银行ATM,锦江区,104.076546,30.654752
交通银行24小时自助银行(成都红星路支行),finance,金融保险服务;自动提款机;交通银行ATM,锦江区,104.080635,30.657872
中国光大银行(成都分行),finance,金融保险服务;银行;中国光大银行,锦江区,104.08019,30.658276
招商银行24小时自助银行(红星路四段),finance,金融保险服务;自动提款机;招商银行ATM,锦江区,104.075776,30.654282
中国光大银行24小时自助银行(成都分行),finance,金融保险服务;自动提款机;中国光大银行ATM,锦江区,104.08019,30.658276
中国建设银行ATM(天仙桥北路),finance,金融保险服务;自动提款机;中国建设银行ATM,锦江区,104.083086,30.652125
华夏银行ATM(银石广场),finance,金融保险服务;自动提款机;华夏银行ATM,锦江区,104.077277,30.655341
中国工商银行ATM(银石广场),finance,金融保险服务;自动提款机;中国工商银行ATM,锦江区,104.077301,30.65533
中信银行24小时自助银行(成都红星路支行),finance,金融保险服务;自动提款机;中信银行ATM,锦江区,104.074574,30.652829
南充市商业银行24小时自助银行(成都锦江支行),finance,金融保险服务;自动提款机;自动提款机,锦江区,104.079095,30.653059
icbc24小时自助银行,finance,金融保险服务;自动提款机;自动提款机,锦江区,104.083323,30.653445
法国巴黎银行有限公司成都代表处,finance,金融保险服务;银行相关;银行相关,锦江区,104.077912,30.65861
中国人民银行ATM,finance,金融保险服务;自动提款机;自动提款机,锦江区,104.080798,30.652176
中国工商银行24小时自助银行(天仙桥北路),finance,金融保险服务;自动提款机;中国工商银行ATM,锦江区,104.083243,30.65326
中国农业银行24小时自助银行(成都东大街支行),finance,金融保险服务;自动提款机;中国农业银行ATM,锦江区,104.078387,30.653417
渣打银行(成都分行),finance,金融保险服务;银行;渣打银行,锦江区,104.077912,30.65861
中国建设银行ATM(大慈寺路),finance,金融保险服务;自动提款机;中国建设银行ATM,锦江区,104.081594,30.658053
渣打银行ATM(红星路三段),finance,金融保险服务;自动提款机;渣打银行ATM,锦江区,104.077737,30.658579
中国邮政储蓄银行24小时自助银行(天福街营业所),finance,金融保险服务;自动提款机;中国邮政储蓄银行ATM,锦江区,104.083317,30.652748
苏格兰皇家银行(成都分行),finance,金融保险服务;银行;苏格兰皇家银行,锦江区,104.077681,30.658596
贵阳银行24小时自助银行(成都分行),finance,金融保险服务;自动提款机;自动提款机,锦江区,104.079997,30.652557
中国工商银行24小时自助银行(东大街支行),finance,金融保险服务;自动提款机;中国工商银行ATM,锦江区,104.080501,30.652347
中国银行24小时自助银行(成都大慈寺支行),finance,金融保险服务;自动提款机;中国银行ATM,锦江区,104.081403,30.65241
攀枝花市商业银行24小时自助银行(东大街支行),finance,金融保险服务;自动提款机;自动提款机,锦江区,104.082815,30.65248
渤海银行24小时自助银行(天仙桥北路社区支行),finance,金融保险服务;自动提款机;自动提款机,锦江区,104.083444,30.653593
成都银行24小时自助银行(王家坝支行),finance,金融保险服务;自动提款机;自动提款机,锦江区,104.075675,30.649449
上海银行ATM(正科甲巷),finance,金融保险服务;自动提款机;上海银行ATM,锦江区,104.07683,30.658379
中国人寿保险股份有限公司客户服务中心(一环路东四段),finance,金融保险服务;保险公司;中国人寿保险公司,锦江区,104.092176,30.649749
中国人寿保险股份有限公司(锦江区支公司),finance,金融保险服务;保险公司;中国人寿保险公司,锦江区,104.092424,30.649912
中国人民财产保险有限公司(成华支公司),finance,金融保险服务;保险公司;中国人民保险公司,成华区,104.087819,30.656324
新华保险股份有限公司(紫东楼段),finance,金融保险服务;保险公司;新华人寿保险公司,锦江区,104.087167,30.649926
ICBC24h自助银行服务,finance,金融保险服务;自动提款机;自动提款机,锦江区,104.085833,30.657637
包商银行(全兴蓉上坊社区支行),finance,金融保险服务;银行;银行,锦江区,104.090506,30.651675
广发银行(东大街支行),finance,金融保险服务;银行;广发银行,锦江区,104.087753,30.649704
广发银行24小时自助银行(东大街支行),finance,金融保险服务;自动提款机;广发银行ATM,锦江区,104.087677,30.649729
中国农业发展银行(四川省分行),finance,金融保险服务;银行;银行,锦江区,104.086375,30.654381
平安银行(成都锦江支行),finance,金融保险服务;银行;平安银行,锦江区,104.08503,30.650968
中信银行(成都水碾河支行),finance,金融保险服务;银行;中信银行,锦江区,104.092101,30.649453
招商银行(成都玉双路支行),finance,金融保险服务;银行;招商银行,成华区,104.090269,30.659085
中国银行(望平街支行),finance,金融保险服务;银行;中国银行,成华区,104.088901,30.659301
中国建设银行(成都第七支行),finance,金融保险服务;银行;中国建设银行,锦江区,104.086881,30.655178
中国农业银行(成都东大街支行),finance,金融保险服务;银行;中国农业银行,锦江区,104.083701,30.65402
中国工商银行(玉双路支行),finance,金融保险服务;银行;中国工商银行,成华区,104.092089,30.657886
中国建设银行(成都东门支行),finance,金融保险服务;银行;中国建设银行,锦江区,104.084702,30.651101
招商银行(成都玉双路支行),finance,金融保险服务;银行;招商银行,成华区,104.090269,30.659085
中国银行(望平街支行),finance,金融保险服务;银行;中国银行,成华区,104.088901,30.659301
中国建设银行(成都第七支行),finance,金融保险服务;银行;中国建设银行,锦江区,104.086881,30.655178
中国农业银行(成都东大街支行),finance,金融保险服务;银行;中国农业银行,锦江区,104.083701,30.65402
中国工商银行(玉双路支行),finance,金融保险服务;银行;中国工商银行,成华区,104.092089,30.657886
中国建设银行(成都东门支行),finance,金融保险服务;银行;中国建设银行,锦江区,104.084702,30.651101
中国民生银行(成都东风支行),finance,金融保险服务;银行;中国民生银行,成华区,104.090748,30.654087
中国农业银行(成都望平支行),finance,金融保险服务;银行;中国农业银行,成华区,104.087632,30.655759
中国工商银行(均隆街支行),finance,金融保险服务;银行;中国工商银行,锦江区,104.085986,30.652445
交通银行(成都锦江支行),finance,金融保险服务;银行;交通银行,锦江区,104.085917,30.649792
成都银行(天仙桥支行),finance,金融保险服务;银行;银行,锦江区,104.083863,30.654259
渤海银行(锦江支行),finance,金融保险服务;银行;银行,锦江区,104.087352,30.649846
招商银行(成都东大街支行),finance,金融保险服务;银行;招商银行,锦江区,104.084397,30.65053
中国工商银行(成都东风路支行),finance,金融保险服务;银行;中国工商银行,成华区,104.090012,30.654319
招商银行24小时自助银行(芷泉段),finance,金融保险服务;自动提款机;招商银行ATM,锦江区,104.084324,30.650625
中国建设银行24小时自助银行(成都第七支行),finance,金融保险服务;自动提款机;中国建设银行ATM,锦江区,104.086927,30.655153
招商银行24小时自助银行(成都玉双路支行),finance,金融保险服务;自动提款机;招商银行ATM,成华区,104.090392,30.659005
成都银行ATM(天仙桥北路),finance,金融保险服务;自动提款机;自动提款机,锦江区,104.085127,30.655724
中国建设银行ATM(一环路东四段),finance,金融保险服务;自动提款机;中国建设银行ATM,锦江区,104.092086,30.649608
中国建设银行24小时自助银行(成都东门支行),finance,金融保险服务;自动提款机;中国建设银行ATM,锦江区,104.084442,30.651088
中国农业银行24小时自助银行(东风路),finance,金融保险服务;自动提款机;中国农业银行ATM,成华区,104.091909,30.653246
中国建设银行24小时自助银行(玉双路),finance,金融保险服务;自动提款机;中国建设银行ATM,成华区,104.092635,30.657891
中国工商银行24小时自助银行(玉双路),finance,金融保险服务;自动提款机;中国工商银行ATM,成华区,104.093154,30.657394
交通银行24小时自助银行(成都锦江支行),finance,金融保险服务;自动提款机;交通银行ATM,锦江区,104.08598,30.649761
中国建设银行ATM(一环路东四段)(五洲男健医院东北),finance,金融保险服务;自动提款机;中国建设银行ATM,锦江区,104.093061,30.652082
中国工商银行24小时自助银行(玉双路支行),finance,金融保险服务;自动提款机;中国工商银行ATM,成华区,104.092089,30.657886
中国工商银行24小时自助银行(一环路东四段),finance,金融保险服务;自动提款机;中国工商银行ATM,锦江区,104.091397,30.649866
中国农业银行24小时自助银行(成都东大街支行)(天仙桥北路),finance,金融保险服务;自动提款机;中国农业银行ATM,锦江区,104.083763,30.654113
华夏银行(成都红星支行),finance,金融保险服务;银行;华夏银行,锦江区,104.084121,30.654182
成都银行ATM(市骨科医院),finance,金融保险服务;自动提款机;自动提款机,锦江区,104.086736,30.653395
平安银行24小时自助银行(成都锦江支行),finance,金融保险服务;自动提款机;平安银行ATM,锦江区,104.084968,30.650916
华夏银行24小时自助银行(成都红星支行),finance,金融保险服务;自动提款机;华夏银行ATM,锦江区,104.084093,30.654137
中国工商银行24小时自助银行(兰草堂中医理疗馆西南),finance,金融保险服务;自动提款机;中国工商银行ATM,锦江区,104.08598,30.657825
成都银行24小时自助银行(望平街),finance,金融保险服务;自动提款机;自动提款机,成华区,104.087606,30.656412
渤海银行24小时自助银行(锦江支行),finance,金融保险服务;自动提款机;自动提款机,锦江区,104.087386,30.649828
成都银行24小时自助银行(天仙桥支行),finance,金融保险服务;自动提款机;自动提款机,锦江区,104.083905,30.654328
中国工商银行24小时自助银行(均隆街支行),finance,金融保险服务;自动提款机;中国工商银行ATM,锦江区,104.086022,30.652486
包商银行24小时自助银行(全兴蓉上坊社区支行),finance,金融保险服务;自动提款机;自动提款机,锦江区,104.090505,30.651716
中国农业银行24小时自助银行(成都望平支行),finance,金融保险服务;自动提款机;中国农业银行ATM,成华区,104.087564,30.655713
中国工商银行24小时自助银行(成都东风路支行),finance,金融保险服务;自动提款机;中国工商银行ATM,成华区,104.089833,30.654217
中信银行24小时自助银行(成都水碾河支行),finance,金融保险服务;自动提款机;中信银行ATM,锦江区,104.092115,30.649494
中国农业发展银行(四川省分行),finance,金融保险服务;银行;银行,成华区,104.094564,30.6571
交通银行(成都成华支行),finance,金融保险服务;银行;交通银行,成华区,104.095904,30.656768
中国工商银行(成都新华公园支行),finance,金融保险服务;银行;中国工商银行,成华区,104.103281,30.657181
中国建设银行,finance,金融保险服务;银行;中国建设银行,成华区,104.095801,30.659082
中国光大银行(成都玉双路支行),finance,金融保险服务;银行;中国光大银行,成华区,104.094663,30.656975
中国建设银行(成都双林支行),finance,金融保险服务;银行;中国建设银行,成华区,104.100215,30.658623
平安银行(成都成华支行),finance,金融保险服务;银行;平安银行,成华区,104.102089,30.657744
成都银行(成华支行),finance,金融保险服务;银行;银行,成华区,104.095547,30.656091
中国银行(成都水碾河支行),finance,金融保险服务;银行;中国银行,成华区,104.095331,30.654701
中国农业银行24小时自助银行,finance,金融保险服务;自动提款机;中国农业银行ATM,成华区,104.101988,30.653314
中国光大银行24小时自助银行(成都玉双路支行),finance,金融保险服务;自动提款机;中国光大银行ATM,成华区,104.094602,30.656999
中国建设银行ATM(双华南路),finance,金融保险服务;自动提款机;中国建设银行ATM,成华区,104.099129,30.651881
成都银行ATM(水碾河路),finance,金融保险服务;自动提款机;自动提款机,锦江区,104.094086,30.65179
中国建设银行ATM(蜀都惠园西),finance,金融保险服务;自动提款机;中国建设银行ATM,成华区,104.100917,30.649925
中国建设银行ATM(成都双林支行),finance,金融保险服务;自动提款机;中国建设银行ATM,成华区,104.101882,30.657864
中国农业银行24小时自助银行(双林路),finance,金融保险服务;自动提款机;中国农业银行ATM,成华区,104.099877,30.658785
中国建设银行24小时自助银行(水碾河路),finance,金融保险服务;自动提款机;中国建设银行ATM,锦江区,104.095919,30.650981
中国建设银行24小时自助银行(一环路东三段),finance,金融保险服务;自动提款机;中国建设银行ATM,成华区,104.095897,30.659108
中国工商银行24小时自助银行(一环路东三段),finance,金融保险服务;自动提款机;中国工商银行ATM,成华区,104.096815,30.657955
成都银行24小时自助银行(成华支行营业室),finance,金融保险服务;自动提款机;自动提款机,成华区,104.095547,30.656091
成都银行ATM(双华路),finance,金融保险服务;自动提款机;自动提款机,成华区,104.102124,30.65679
成都银行ATM(双桥路),finance,金融保险服务;自动提款机;自动提款机,成华区,104.09993,30.65453
中国银行24小时自助银行(成都水碾河支行),finance,金融保险服务;自动提款机;中国银行ATM,成华区,104.095254,30.654802
交通银行24小时自助银行(成都成华支行),finance,金融保险服务;自动提款机;交通银行ATM,成华区,104.095818,30.656536
中国工商银行24小时自助银行(成都新华公园支行),finance,金融保险服务;自动提款机;中国工商银行ATM,成华区,104.103367,30.657145
平安银行24小时自助银行(成都成华支行),finance,金融保险服务;自动提款机;平安银行ATM,成华区,104.10224,30.657683
ICBC24h自助银行服务,finance,金融保险服务;自动提款机;自动提款机,成华区,104.107216,30.651193
中国建设银行24小时自助银行(新华小区储蓄所),finance,金融保险服务;自动提款机;中国建设银行ATM,成华区,104.103757,30.652477
成都市农村商业银行24小时自助银行(成华支行),finance,金融保险服务;自动提款机;农村商业银行ATM,成华区,104.10695,30.655397
成都农商银行24小时自助银行(保和支行),finance,金融保险服务;自动提款机;农村商业银行ATM,成华区,104.112057,30.653873
成都农商银行(成华支行),finance,金融保险服务;银行;农村商业银行,成华区,104.106851,30.655441
中国银行(成都双林路支行),finance,金融保险服务;银行;中国银行,成华区,104.106743,30.652838
成都农商银行(双林分理处),finance,金融保险服务;银行;农村商业银行,成华区,104.105721,30.651352
中国农业银行(成都双庆支行),finance,金融保险服务;银行;中国农业银行,成华区,104.112988,30.65513
中国建设银行(成都双庆路支行),finance,金融保险服务;银行;中国建设银行,成华区,104.113009,30.653403
中国工商银行(成都万年场支行),finance,金融保险服务;银行;中国工商银行,成华区,104.112836,30.655033
中国建设银行(双桥路储蓄所),finance,金融保险服务;银行;中国建设银行,成华区,104.103748,30.652469
中国农业银行(成都万年场支行),finance,金融保险服务;银行;中国农业银行,成华区,104.111574,30.653686
成都农商银行(保和支行),finance,金融保险服务;银行;农村商业银行,成华区,104.112056,30.653875
成都银行(双林中横路支行),finance,金融保险服务;银行;银行,成华区,104.105878,30.655988
中国建设银行24小时自助银行(成都双庆路支行),finance,金融保险服务;自动提款机;中国建设银行ATM,成华区,104.112938,30.653406
成都银行ATM(二环路东三段),finance,金融保险服务;自动提款机;自动提款机,成华区,104.112102,30.654815
中国农业银行24小时自助银行(成都双庆支行),finance,金融保险服务;自动提款机;中国农业银行ATM,成华区,104.112988,30.65513
中国银行24小时自助银行(成都双林路支行),finance,金融保险服务;自动提款机;中国银行ATM,成华区,104.106697,30.65276
中国建设银行ATM(双桥路),finance,金融保险服务;自动提款机;中国建设银行ATM,成华区,104.107014,30.651213
中国工商银行ATM(双林路),finance,金融保险服务;自动提款机;中国工商银行ATM,成华区,104.106958,30.655838
上海浦东发展银行ATM(二环路东三段),finance,金融保险服务;自动提款机;上海浦东发展银行ATM,成华区,104.111614,30.653088
中国建设银行ATM(高逸酒店西),finance,金融保险服务;自动提款机;中国建设银行ATM,成华区,104.107503,30.655608
中国建设银行ATM(二环路东三段),finance,金融保险服务;自动提款机;中国建设银行ATM,成华区,104.112081,30.654095
中国工商银行24小时自助银行(双桥路),finance,金融保险服务;自动提款机;中国工商银行ATM,成华区,104.10693,30.651246
中国建设银行24小时自助银行(二环路东三段),finance,金融保险服务;自动提款机;中国建设银行ATM,成华区,104.112156,30.659272
中国建设银行24小时自助银行(新华小区储蓄所),finance,金融保险服务;自动提款机;中国建设银行ATM,成华区,104.107694,30.654417
中国农业银行24小时自助银行(成都万年场支行),finance,金融保险服务;自动提款机;中国农业银行ATM,成华区,104.111551,30.653697
成都银行24小时自助银行(双林中横路支行),finance,金融保险服务;自动提款机;自动提款机,成华区,104.10784,30.654191
中国工商银行24小时自助银行(成都万年场支行),finance,金融保险服务;自动提款机;中国工商银行ATM,成华区,104.112882,30.655067
中国工商银行ATM(万象城),finance,金融保险服务;自动提款机;中国工商银行ATM|金融保险服务;银行相关;银行相关,成华区,104.113556,30.652152
中信银行24小时自助银行(双庆路),finance,金融保险服务;自动提款机;中信银行ATM,成华区,104.11714,30.653399
招商银行24小时自助银行(双庆路),finance,金融保险服务;自动提款机;招商银行ATM,成华区,104.115754,30.653407
中国工商银行(成都万象城支行),finance,金融保险服务;银行;中国工商银行,成华区,104.114459,30.652145
包商银行,finance,金融保险服务;银行;银行,成华区,104.116044,30.649469
大连银行(成都双庆支行),finance,金融保险服务;银行;银行,成华区,104.119486,30.652835
中国民生银行(成都花样年花郡社区支行),finance,金融保险服务;银行;中国民生银行,成华区,104.114517,30.653731
中国建设银行ATM(万象城),finance,金融保险服务;自动提款机;中国建设银行ATM,成华区,104.114516,30.652299
中国农业银行(万象城),finance,金融保险服务;自动提款机;中国农业银行ATM,成华区,104.114578,30.652292
自动提款机(万象城),finance,金融保险服务;自动提款机;自动提款机,成华区,104.114387,30.652464
兴业银行ATM(东篱路),finance,金融保险服务;自动提款机;兴业银行ATM,成华区,104.115316,30.658254
中国工商银行24小时自助银行(成都万象城支行),finance,金融保险服务;自动提款机;中国工商银行ATM,成华区,104.114632,30.652307
大连银行ATM(成都双庆支行),finance,金融保险服务;自动提款机;自动提款机,成华区,104.119692,30.65284
中国民生银行24小时自助银行(成都花样年花郡社区支行),finance,金融保险服务;自动提款机;中国民生银行ATM,成华区,104.114515,30.653732
包商银行24小时自助银行(成都华润二十四城社区支行),finance,金融保险服务;自动提款机;自动提款机,成华区,104.116062,30.649625
泰康人寿保险股份有限公司(长融东二路),finance,金融保险服务;保险公司;泰康人寿保险公司,成华区,104.141998,30.657321
中国工商银行24小时自助银行(槐树店路),finance,金融保险服务;自动提款机;中国工商银行ATM,成华区,104.138018,30.651308
成都农商银行(杨柳分理处),finance,金融保险服务;银行;农村商业银行,成华区,104.137653,30.651983
中国建设银行ATM(长融街),finance,金融保险服务;自动提款机;中国建设银行ATM,成华区,104.140878,30.656661
兴业银行ATM(槐树店路),finance,金融保险服务;自动提款机;兴业银行ATM,成华区,104.142237,30.65211
中国建设银行24小时自助银行(槐树店路),finance,金融保险服务;自动提款机;中国建设银行ATM,成华区,104.138374,30.651336
成都银行ATM(中环路双店路段),finance,金融保险服务;自动提款机;自动提款机,成华区,104.137334,30.653011
中国建设银行ATM(长融西一路),finance,金融保险服务;自动提款机;中国建设银行ATM,成华区,104.137463,30.655167
成都农商银行(槐树店支行),finance,金融保险服务;银行;农村商业银行,成华区,104.143988,30.652337
中国建设银行ATM(长融东三路),finance,金融保险服务;自动提款机;中国建设银行ATM,成华区,104.148164,30.65854
华夏银行ATM(和悦路),finance,金融保险服务;自动提款机;华夏银行ATM,成华区,104.145509,30.658375
成都农商银行24小时自助银行(槐树店支行),finance,金融保险服务;自动提款机;农村商业银行ATM,成华区,104.143937,30.65233
成都农商银行(金花支行长鹰分理处),finance,金融保险服务;银行;农村商业银行,武侯区,103.980851,30.648317
成都农商银行(机投桥支行),finance,金融保险服务;银行;农村商业银行,武侯区,103.978829,30.647833
交通银行ATM(武青东二路),finance,金融保险服务;自动提款机;交通银行ATM,武侯区,103.979478,30.644054
华夏银行ATM(潮音路),finance,金融保险服务;自动提款机;华夏银行ATM,武侯区,103.982095,30.643569
华夏银行ATM(机投正街),finance,金融保险服务;自动提款机;华夏银行ATM,武侯区,103.979946,30.649533
华夏银行ATM(潮福苑西),finance,金融保险服务;自动提款机;华夏银行ATM,武侯区,103.983343,30.641239
中国农业银行24小时自助银行(武青西二路),finance,金融保险服务;自动提款机;中国农业银行ATM,武侯区,103.976433,30.642909
中国建设银行ATM(武青西三路),finance,金融保险服务;自动提款机;中国建设银行ATM,武侯区,103.976467,30.64292
中国建设银行ATM(武青东一路),finance,金融保险服务;自动提款机;中国建设银行ATM,武侯区,103.977655,30.645706
兴业银行ATM(潮音路),finance,金融保险服务;自动提款机;兴业银行ATM,武侯区,103.982931,30.642364
成都市农村商业银行ATM(长鹰分理处),finance,金融保险服务;自动提款机;农村商业银行ATM,武侯区,103.980851,30.648317
交通银行ATM(果堰路),finance,金融保险服务;自动提款机;交通银行ATM,武侯区,103.991044,30.644086
成都银行ATM(竹韵天府东北),finance,金融保险服务;自动提款机;自动提款机,武侯区,103.990731,30.643948
华夏银行ATM,finance,金融保险服务;自动提款机;华夏银行ATM,武侯区,103.989974,30.646239
交通银行24小时自助银行(果盛路),finance,金融保险服务;自动提款机;交通银行ATM,武侯区,103.99351,30.640983
中国建设银行ATM(武青东四路),finance,金融保险服务;自动提款机;中国建设银行ATM,武侯区,103.984524,30.641582
华夏银行24小时自助银行(武兴一路),finance,金融保险服务;自动提款机;华夏银行ATM,武侯区,103.98733,30.640524
中国建行银行24h自助银行服务,finance,金融保险服务;自动提款机;中国建设银行ATM,武侯区,104.001094,30.64315
渤海银行24小时自助银行(龙湖金楠天街社区支行),finance,金融保险服务;自动提款机;自动提款机,武侯区,103.994943,30.649508
中国农业银行24小时自助银行(晋阳分理处),finance,金融保险服务;自动提款机;中国农业银行ATM,武侯区,103.997718,30.646816
中国建设银行24小时自助银行(红运街),finance,金融保险服务;自动提款机;中国建设银行ATM,武侯区,104.001444,30.647688
中国建设银行24小时自助银行(晋吉北路),finance,金融保险服务;自动提款机;中国建设银行ATM,武侯区,104.001043,30.643051
中国邮政储蓄银行(晋吉北路营业所),finance,金融保险服务;银行;中国邮政储蓄银行,武侯区,104.00168,30.642652
中国邮政储蓄银行24小时自助银行(晋吉北路营业所),finance,金融保险服务;自动提款机;中国邮政储蓄银行ATM,武侯区,104.001679,30.642715
中国工商银行24小时自助银行(晋吉北路),finance,金融保险服务;自动提款机;中国工商银行ATM,武侯区,104.000033,30.643944
招商银行(成都鹭岛支行),finance,金融保险服务;银行;招商银行,武侯区,104.011025,30.647042
中国工商银行(鹭岛支行),finance,金融保险服务;银行;中国工商银行,武侯区,104.01027,30.647416
中国建设银行,finance,金融保险服务;银行;中国建设银行,武侯区,104.00974,30.640598
兴业银行(鹭岛国际社区支行),finance,金融保险服务;银行;兴业银行,武侯区,104.011023,30.647186
中国银行(成都龙华路支行),finance,金融保险服务;银行;中国银行,武侯区,104.012077,30.647341
成都农商银行(吉福分理处),finance,金融保险服务;银行;农村商业银行,武侯区,104.006158,30.640671
招商银行24小时自助银行(成都鹭岛支行),finance,金融保险服务;自动提款机;招商银行ATM,武侯区,104.011023,30.646983
中国建设银行ATM(晋吉南路),finance,金融保险服务;自动提款机;中国建设银行ATM,武侯区,104.006598,30.639611
中国建设银行ATM(龙华北路),finance,金融保险服务;自动提款机;中国建设银行ATM,武侯区,104.011134,30.648353
中国工商银行24小时自助银行(鹭岛支行),finance,金融保险服务;自动提款机;中国工商银行ATM,武侯区,104.010348,30.647411
中国银行24小时自助银行(成都龙华路支行),finance,金融保险服务;自动提款机;中国银行ATM,武侯区,104.012077,30.647341
中国建设银行24小时自助银行(晋吉南路),finance,金融保险服务;自动提款机;中国建设银行ATM,武侯区,104.004746,30.642331
成都银行ATM(双丰路),finance,金融保险服务;自动提款机;自动提款机,武侯区,104.013365,30.642067
成都市农村商业银行24小时自助银行(吉理分理处),finance,金融保险服务;自动提款机;农村商业银行ATM,武侯区,104.006158,30.640671
中国光大银行ATM(晋吉南路),finance,金融保险服务;自动提款机;中国光大银行ATM,武侯区,104.00611,30.64076
中国建设银行24小时自助银行(鹭岛国际社区分理处),finance,金融保险服务;自动提款机;中国建设银行ATM,武侯区,104.011022,30.647352
成都农商银行ATM(双安南巷),finance,金融保险服务;自动提款机;农村商业银行ATM,武侯区,104.013591,30.645183
兴业银行24小时自助银行(鹭岛国际社区支行),finance,金融保险服务;自动提款机;兴业银行ATM,武侯区,104.011023,30.647186
中国工商银行(武侯大道分理处),finance,金融保险服务;银行;中国工商银行,武侯区,104.016116,30.640868
成都农商银行(双楠分理处),finance,金融保险服务;银行;农村商业银行,武侯区,104.019382,30.647643
成都农商银行ATM(商业城支行),finance,金融保险服务;自动提款机;农村商业银行ATM,武侯区,104.018028,30.642134
浙江民泰商业银行(成都武侯支行),finance,金融保险服务;银行;银行,武侯区,104.023567,30.641448
中国邮政储蓄银行(双楠支行营业部),finance,金融保险服务;银行;中国邮政储蓄银行,武侯区,104.02045,30.647572
中国建设银行(成都双楠支行),finance,金融保险服务;银行;中国建设银行,武侯区,104.022327,30.646126
中国建设银行(成都第七支行)(永顺路),finance,金融保险服务;银行;中国建设银行,武侯区,104.023083,30.641119
中国工商银行(成都栖霞路分理处),finance,金融保险服务;银行;中国工商银行,武侯区,104.016038,30.644585
中国建设银行(云影路储蓄所),finance,金融保险服务;银行;中国建设银行,武侯区,104.016161,30.648882
中国工商银行(同辉支行),finance,金融保险服务;银行;中国工商银行,武侯区,104.018439,30.647586
中国民生银行(云影路社区支行),finance,金融保险服务;银行;中国民生银行,武侯区,104.015711,30.648057
中国银行(成都海珀香庭支行),finance,金融保险服务;银行;中国银行,武侯区,104.018508,30.641705
中国工商银行(成都永盛南路支行),finance,金融保险服务;银行;中国工商银行,武侯区,104.022428,30.642205
中国工商银行24小时自助银行(武侯大道分理处),finance,金融保险服务;自动提款机;中国工商银行ATM,武侯区,104.016116,30.640868
成都农商银行(商业城支行),finance,金融保险服务;银行;农村商业银行,武侯区,104.018028,30.642134
中信银行ATM(逸都路),finance,金融保险服务;自动提款机;中信银行ATM,武侯区,104.018794,30.647299
成都银行ATM(置信北街),finance,金融保险服务;自动提款机;自动提款机,武侯区,104.022167,30.649215
中国工商银行24小时自助银行(成都栖霞路分理处),finance,金融保险服务;自动提款机;中国工商银行ATM,武侯区,104.015994,30.644639
上海浦东发展银行ATM(永盛南街),finance,金融保险服务;自动提款机;上海浦东发展银行ATM,武侯区,104.023207,30.641371
中国光大银行(逸都社区自助银行),finance,金融保险服务;自动提款机;中国光大银行ATM,武侯区,104.014455,30.647678
中国邮政储蓄银行24小时自助银行(双楠支行),finance,金融保险服务;自动提款机;中国邮政储蓄银行ATM,武侯区,104.020475,30.64753
华夏银行ATM(置信北街),finance,金融保险服务;自动提款机;华夏银行ATM,武侯区,104.022968,30.647754
中国建设银行24小时自助银行(成都双楠支行),finance,金融保险服务;自动提款机;中国建设银行ATM,武侯区,104.022334,30.646126
中国建设银行ATM(永盛东街),finance,金融保险服务;自动提款机;中国建设银行ATM,武侯区,104.020663,30.641313
中国建设银行ATM(双丰东路),finance,金融保险服务;自动提款机;中国建设银行ATM,武侯区,104.015711,30.64268
中国农业银行24小时自助银行(成都双楠支行)(双楠路),finance,金融保险服务;自动提款机;中国农业银行ATM,武侯区,104.023451,30.646258
中国农业银行24小时自助银行(永盛南街),finance,金融保险服务;自动提款机;中国农业银行ATM,武侯区,104.023599,30.641023
中国建设银行ATM(伊藤洋华堂),finance,金融保险服务;自动提款机;中国建设银行ATM,武侯区,104.018342,30.648747
成都银行ATM(双楠路),finance,金融保险服务;自动提款机;自动提款机,武侯区,104.023439,30.6462
交通银行24小时自助银行(成都双楠支行),finance,金融保险服务;自动提款机;交通银行ATM,武侯区,104.014251,30.639693
中国建设银行24小时自助银行(成都第七支行),finance,金融保险服务;自动提款机;中国建设银行ATM,武侯区,104.023158,30.641169
中国建设银行24小时自助银行(逸霞街),finance,金融保险服务;自动提款机;中国建设银行ATM,武侯区,104.017667,30.645672
中国工商银行ATM(伊藤洋华堂双楠店),finance,金融保险服务;自动提款机;中国工商银行ATM,武侯区,104.01837,30.648747
浦发银行ATM(伊藤洋华堂双楠店),finance,金融保险服务;自动提款机;上海浦东发展银行ATM,武侯区,104.018342,30.648793
中国建设银行24小时自助银行(云影路储蓄所),finance,金融保险服务;自动提款机;中国建设银行ATM,武侯区,104.01616,30.648851
广发银行ATM(二环路西一段),finance,金融保险服务;自动提款机;广发银行ATM,武侯区,104.022687,30.645339
中国建设银行ATM(武侯大道双楠段)(四川肛肠医院东),finance,金融保险服务;自动提款机;中国建设银行ATM,武侯区,104.013863,30.640099
中国建设银行ATM(武侯大道双楠段)(武侯大道双楠段),finance,金融保险服务;自动提款机;中国建设银行ATM,武侯区,104.016477,30.641087
中国光大银行24小时自助银行(成都逸都社区支行),finance,金融保险服务;自动提款机;中国光大银行ATM,武侯区,104.014455,30.647678
成都银行(红牌楼支行),finance,金融保险服务;银行;银行,武侯区,104.022918,30.641001
成都农商银行ATM(永盛东街),finance,金融保险服务;自动提款机;农村商业银行ATM,武侯区,104.022027,30.642384
中国民生银行24小时自助银行(成都云影路社区支行),finance,金融保险服务;自动提款机;中国民生银行ATM,武侯区,104.015711,30.647989
成都银行ATM(永顺路),finance,金融保险服务;自动提款机;自动提款机,武侯区,104.02227,30.640435
中国工商银行24小时自助银行(成都永盛南路支行),finance,金融保险服务;自动提款机;中国工商银行ATM,武侯区,104.022451,30.642186
巴克莱银行ATM(伊藤洋华堂双楠店),finance,金融保险服务;自动提款机;巴克莱银行ATM,武侯区,104.018451,30.648785
中国银行24小时自助银行(成都海珀香庭支行),finance,金融保险服务;自动提款机;中国银行ATM,武侯区,104.018508,30.641705
成都银行24小时自助银行(红牌楼支行),finance,金融保险服务;自动提款机;自动提款机,武侯区,104.022863,30.640953
浙江民泰商业银行24小时自助银行(成都武侯支行),finance,金融保险服务;自动提款机;自动提款机,武侯区,104.023462,30.641562
24小时自助银行服务,finance,金融保险服务;自动提款机;自动提款机,武侯区,104.031436,30.645987
ICBC24h自助银行服务,finance,金融保险服务;自动提款机;自动提款机,武侯区,104.025984,30.641849
中国民生银行24小时自助银行(成都卫雅苑社区支行),finance,金融保险服务;自动提款机;中国民生银行ATM,武侯区,104.026149,30.64421
招商银行(成都双楠支行),finance,金融保险服务;银行;招商银行,武侯区,104.025588,30.647982
中国银行(成都双楠支行),finance,金融保险服务;银行;中国银行,武侯区,104.024242,30.647218
中国农业银行(碧云天支行),finance,金融保险服务;银行;中国农业银行,武侯区,104.028056,30.644248
中国工商银行(成都双楠小区支行),finance,金融保险服务;银行;中国工商银行,武侯区,104.02573,30.647766
中国工商银行(广福桥北街支行),finance,金融保险服务;银行;中国工商银行,武侯区,104.032295,30.64372
成都农商银行(永丰支行),finance,金融保险服务;银行;农村商业银行,武侯区,104.028616,30.639596
兴业银行(成都碧云路社区支行),finance,金融保险服务;银行;兴业银行,武侯区,104.028444,30.643968
中国建设银行(成都燃灯寺支行),finance,金融保险服务;银行;中国建设银行,武侯区,104.031436,30.64604
中国民生银行(成都卫雅苑社区支行),finance,金融保险服务;银行;中国民生银行,武侯区,104.026149,30.64421
包商银行,finance,金融保险服务;银行;银行,武侯区,104.030349,30.644057
中国建设银行ATM,finance,金融保险服务;银行;银行,武侯区,104.029207,30.644284
招商银行24小时自助银行(成都双楠支行),finance,金融保险服务;自动提款机;招商银行ATM,武侯区,104.025588,30.647982
中国工商银行24小时自助银行(成都双楠小区支行),finance,金融保险服务;自动提款机;中国工商银行ATM,武侯区,104.025771,30.647776
攀枝花市商业银行(成都广福路社区支行),finance,金融保险服务;银行;银行,武侯区,104.026081,30.642644
中国建设银行ATM(龙门巷),finance,金融保险服务;自动提款机;中国建设银行ATM,武侯区,104.024336,30.644814
交通银行ATM(广福桥正街),finance,金融保险服务;自动提款机;交通银行ATM,武侯区,104.032779,30.644212
华夏银行24小时自助银行,finance,金融保险服务;自动提款机;华夏银行ATM,武侯区,104.025301,30.639976
中国银行ATM(二环路西一段),finance,金融保险服务;自动提款机;中国银行ATM,武侯区,104.025389,30.641385
中国银行24小时自助银行(成都双楠支行),finance,金融保险服务;自动提款机;中国银行ATM,武侯区,104.024307,30.647184
中国建设银行ATM(广福横街),finance,金融保险服务;自动提款机;中国建设银行ATM,武侯区,104.030171,30.641829
中国建设银行24小时自助银行(置信南街),finance,金融保险服务;自动提款机;中国建设银行ATM,武侯区,104.025589,30.644798
中国建设银行24小时自助银行(二环路西一段),finance,金融保险服务;自动提款机;中国建设银行ATM,武侯区,104.028434,30.639806
中国建设银行ATM(广厦街),finance,金融保险服务;自动提款机;中国建设银行ATM,武侯区,104.023773,30.648896
中国民生银行24小时自助银行(双楠路),finance,金融保险服务;自动提款机;中国民生银行ATM,武侯区,104.02985,30.648214
中国农业银行24小时自助银行(成都碧云天支行),finance,金融保险服务;自动提款机;中国农业银行ATM,武侯区,104.028243,30.644175
平安银行ATM(广福桥北街),finance,金融保险服务;自动提款机;平安银行ATM,武侯区,104.031699,30.6431
兴业银行24小时自助银行(成都碧云路社区支行),finance,金融保险服务;自动提款机;兴业银行ATM,武侯区,104.028444,30.643968
中国工商银行24小时自助银行(广福桥北街支行),finance,金融保险服务;自动提款机;中国工商银行ATM,武侯区,104.032355,30.643917
成都银行ATM(燃灯寺路),finance,金融保险服务;自动提款机;自动提款机,武侯区,104.032458,30.646612
上海浦东发展银行ATM(碧云路),finance,金融保险服务;自动提款机;上海浦东发展银行ATM,武侯区,104.027029,30.64349
成都农商银行24小时自助银行(永丰支行),finance,金融保险服务;自动提款机;农村商业银行ATM,武侯区,104.028603,30.639609
中信银行24小时自助银行(二环路西一段),finance,金融保险服务;自动提款机;中信银行ATM,武侯区,104.027478,30.639508
恒丰银行24小时自助银行(二环路西一段),finance,金融保险服务;自动提款机;自动提款机,武侯区,104.026113,30.641791
攀枝花市商业银行24小时自助银行(成都广福路社区支行),finance,金融保险服务;自动提款机;自动提款机,武侯区,104.026081,30.642644
中国建设银行24小时自助银行(成都燃灯寺支行),finance,金融保险服务;自动提款机;中国建设银行ATM,武侯区,104.031472,30.64591
成都银行24小时自助银行(广福路),finance,金融保险服务;自动提款机;自动提款机,武侯区,104.029281,30.6451
中国工商银行24小时自助银行(二环路西一段)(二环路西一段),finance,金融保险服务;自动提款机;中国工商银行ATM,武侯区,104.02626,30.641652
包商银行24小时自助银行(双楠路),finance,金融保险服务;自动提款机;自动提款机,武侯区,104.030283,30.643904
中国人寿保险股份有限公司(武侯支公司),finance,金融保险服务;保险公司;中国人寿保险公司,武侯区,104.043096,30.647012
中国人民财产保险股份有限公司(武侯支公司),finance,金融保险服务;保险公司;中国人民保险公司,武侯区,104.043027,30.646721
24小时自助银行服务,finance,金融保险服务;自动提款机;自动提款机,武侯区,104.043442,30.640193
成都银行24小时自助银行服务,finance,金融保险服务;自动提款机;自动提款机,武侯区,104.038465,30.648415
中国工商银行(成都高升桥分理处),finance,金融保险服务;银行;中国工商银行,武侯区,104.037556,30.643012
平安寿险,finance,金融保险服务;银行;银行,武侯区,104.034445,30.642773
平安直通,finance,金融保险服务;保险公司;中国平安保险公司,武侯区,104.034445,30.642773
成都银行24小时自助银行(广福桥支行),finance,金融保险服务;自动提款机;自动提款机,武侯区,104.0342,30.644387
成都农商银行24小时自助银行(高升桥南街),finance,金融保险服务;自动提款机;农村商业银行ATM,武侯区,104.035559,30.642111
上海浦东发展银行24小时自助银行(成都富临城南国际社区支行),finance,金融保险服务;自动提款机;上海浦东发展银行ATM,武侯区,104.038743,30.641475
平安银行(成都高升桥支行),finance,金融保险服务;银行;平安银行,武侯区,104.034345,30.642366
中国建设银行(罗浮世家分理处),finance,金融保险服务;银行;中国建设银行,武侯区,104.036617,30.639971
中国银行(成都高升桥支行),finance,金融保险服务;银行;中国银行,武侯区,104.040113,30.642732
中国农业银行(武侯支行),finance,金融保险服务;银行;中国农业银行,武侯区,104.041088,30.645406
交通银行(成都广福支行),finance,金融保险服务;银行;交通银行,武侯区,104.035231,30.639569
兴业银行(武侯祠支行),finance,金融保险服务;银行;兴业银行,武侯区,104.041545,30.645305
中信银行(成都高升路支行),finance,金融保险服务;银行;中信银行,武侯区,104.041712,30.640313
中国银行(成都罗浮支行),finance,金融保险服务;银行;中国银行,武侯区,104.036139,30.639676
中国工商银行(华达支行),finance,金融保险服务;银行;中国工商银行,武侯区,104.039711,30.644348
成都银行(菊乐路支行),finance,金融保险服务;银行;银行,武侯区,104.038586,30.648368
招商银行24小时自助银行(广福桥正街),finance,金融保险服务;自动提款机;招商银行ATM,武侯区,104.034399,30.644394
成都银行(武侯支行),finance,金融保险服务;银行;银行,武侯区,104.04103,30.641856
中国光大银行(成都武侯支行),finance,金融保险服务;银行;中国光大银行,武侯区,104.034265,30.64258
重庆银行(成都武侯支行),finance,金融保险服务;银行;银行,武侯区,104.04062,30.641594
上海银行(武侯支行),finance,金融保险服务;银行;上海银行,武侯区,104.03857,30.649202
招商银行24小时自助银行(高升桥北街),finance,金融保险服务;自动提款机;招商银行ATM,武侯区,104.035402,30.639589
成都银行(广福桥支行),finance,金融保险服务;银行;银行,武侯区,104.034241,30.64439
成都银行ATM(武侯祠大街),finance,金融保险服务;自动提款机;自动提款机,武侯区,104.04012,30.645133
招商银行24小时自助银行(高升桥北街),finance,金融保险服务;自动提款机;招商银行ATM,武侯区,104.035402,30.639589
成都银行(广福桥支行),finance,金融保险服务;银行;银行,武侯区,104.034241,30.64439
成都银行ATM(武侯祠大街),finance,金融保险服务;自动提款机;自动提款机,武侯区,104.04012,30.645133
上海浦东发展银行(成都富临城南国际社区支行),finance,金融保险服务;银行;上海浦东发展银行,武侯区,104.038751,30.641462
攀枝花市商业银行(成都高升桥支行),finance,金融保险服务;银行;银行,武侯区,104.043413,30.640283
中国工商银行ATM(成都高升桥分理处),finance,金融保险服务;自动提款机;中国工商银行ATM,武侯区,104.037556,30.643012
交通银行24小时自助银行(成都广福支行),finance,金融保险服务;自动提款机;交通银行ATM,武侯区,104.035231,30.639569
中国建设银行ATM(章武街),finance,金融保险服务;自动提款机;中国建设银行ATM,武侯区,104.043026,30.648887
华夏银行ATM(广福桥巷),finance,金融保险服务;自动提款机;华夏银行ATM,武侯区,104.033895,30.644812
中国银行24小时自助银行(成都罗浮支行),finance,金融保险服务;自动提款机;中国银行ATM,武侯区,104.036139,30.639676
中国农业银行24小时自助银行(一环路南四段),finance,金融保险服务;自动提款机;中国农业银行ATM,武侯区,104.038803,30.643579
成都银行24小时自助银行(菊乐路支行),finance,金融保险服务;自动提款机;自动提款机,武侯区,104.038553,30.648485
中国工商银行24小时自助银行(华达支行),finance,金融保险服务;自动提款机;中国工商银行ATM,武侯区,104.03965,30.644321
中国建设银行ATM(一环路西一段),finance,金融保险服务;自动提款机;中国建设银行ATM,武侯区,104.038996,30.648144
交通银行24小时自助银行(成都武侯支行),finance,金融保险服务;自动提款机;交通银行ATM,武侯区,104.038586,30.646775
广发银行(高升桥支行),finance,金融保险服务;银行;广发银行,武侯区,104.034078,30.642149
上海银行24小时自助银行(武侯支行),finance,金融保险服务;自动提款机;上海银行ATM,武侯区,104.03857,30.64916
好客大酒店-ATM,finance,金融保险服务;自动提款机;自动提款机,武侯区,104.034655,30.641927
中国农业银行(西藏自治区分行驻成都办事处),finance,金融保险服务;银行相关;银行相关,武侯区,104.038852,30.643309
广发银行ATM(高升桥东路),finance,金融保险服务;自动提款机;广发银行ATM,武侯区,104.040632,30.63963
中国光大银行24小时自助银行(成都武侯支行),finance,金融保险服务;自动提款机;中国光大银行ATM,武侯区,104.034252,30.642568
兴业银行24小时自助银行(武侯祠支行),finance,金融保险服务;自动提款机;兴业银行ATM,武侯区,104.04178,30.645407
银行卡联网通用ATM(菊乐路),finance,金融保险服务;自动提款机;自动提款机,武侯区,104.034658,30.649289
中国农业银行24小时自助银行(武侯支行),finance,金融保险服务;自动提款机;中国农业银行ATM,武侯区,104.040847,30.645322
中国银行ATM(一环路南四段),finance,金融保险服务;自动提款机;中国银行ATM,武侯区,104.039785,30.640508
中国建设银行24小时自助银行(罗浮世家分理处),finance,金融保险服务;自动提款机;中国建设银行ATM,武侯区,104.036587,30.640076
银行卡联网通用ATM(一环路南四段),finance,金融保险服务;自动提款机;自动提款机,武侯区,104.040753,30.642243
平安银行24小时自助银行(成都高升桥支行),finance,金融保险服务;自动提款机;平安银行ATM,武侯区,104.034225,30.642257
中国太平洋财产保险公司,finance,金融保险服务;保险公司;中国太平洋保险,武侯区,104.049761,30.648271
成都农商银行ATM(武侯祠大街),finance,金融保险服务;自动提款机;农村商业银行ATM,武侯区,104.045887,30.646565
南充市商业银行(成都武侯支行),finance,金融保险服务;银行;银行,武侯区,104.053486,30.643173
中国农业银行(武侯东街支行),finance,金融保险服务;银行;中国农业银行,武侯区,104.045085,30.645042
华夏银行(成都武侯支行),finance,金融保险服务;银行;华夏银行,武侯区,104.053303,30.641921
中国建设银行(成都南郊支行),finance,金融保险服务;银行;中国建设银行,武侯区,104.047473,30.646777
中国农业银行(成都锦南支行),finance,金融保险服务;银行;中国农业银行,武侯区,104.051158,30.64884
中国建设银行(成都体彩中心支行),finance,金融保险服务;银行;中国建设银行,武侯区,104.053132,30.642621
渤海银行(武侯支行),finance,金融保险服务;银行;银行,武侯区,104.052312,30.64147
中国工商银行(成都武侯祠支行),finance,金融保险服务;银行;中国工商银行,武侯区,104.046754,30.646431
成都银行(实验支行),finance,金融保险服务;银行;银行,武侯区,104.04811,30.643655
交通银行ATM(一环路南四段),finance,金融保险服务;自动提款机;交通银行ATM,武侯区,104.04875,30.641913
中国人民银行拉萨中心支行驻成都办事处,finance,金融保险服务;银行相关;银行相关,武侯区,104.047634,30.64383
中国人民银行拉萨中心支行驻成都办事处接待楼,finance,金融保险服务;银行相关;银行相关,武侯区,104.047634,30.64383
中国建设银行ATM(文翰宾馆东南),finance,金融保险服务;自动提款机;中国建设银行ATM,武侯区,104.046646,30.642292
中国建设银行ATM(洗面桥横街),finance,金融保险服务;自动提款机;中国建设银行ATM,武侯区,104.049219,30.644085
华夏银行24小时自助银行(成都武侯支行),finance,金融保险服务;自动提款机;华夏银行ATM,武侯区,104.053303,30.641921
中国农业银行24小时自助银行(洗面桥横街),finance,金融保险服务;自动提款机;中国农业银行ATM,武侯区,104.051286,30.642463
中国农业银行24小时自助银行(成都武侯东街支行),finance,金融保险服务;自动提款机;中国农业银行ATM,武侯区,104.045176,30.644998
中国建设银行ATM(成都体彩中心支行),finance,金融保险服务;自动提款机;中国建设银行ATM,武侯区,104.053193,30.642699
中国建设银行24小时自助银行(洗面桥街),finance,金融保险服务;自动提款机;中国建设银行ATM,武侯区,104.052594,30.641044
中国银行ATM(成都武侯祠大街支行),finance,金融保险服务;自动提款机;中国银行ATM,武侯区,104.051824,30.649143
中国建设银行24小时自助银行(成都南郊支行),finance,金融保险服务;自动提款机;中国建设银行ATM,武侯区,104.047423,30.646761
成都银行ATM(实验支行),finance,金融保险服务;自动提款机;自动提款机,武侯区,104.048027,30.643677
攀枝花市商业银行24小时自助银行(成都高升桥支行),finance,金融保险服务;自动提款机;自动提款机,武侯区,104.043733,30.64008
中国农业银行24小时自助银行(成都锦南支行),finance,金融保险服务;自动提款机;中国农业银行ATM,武侯区,104.051086,30.648819
中国光大银行ATM(洗面桥横街),finance,金融保险服务;自动提款机;中国光大银行ATM,武侯区,104.050984,30.642317
中国工商银行24小时自助银行(成都武侯祠支行),finance,金融保险服务;自动提款机;中国工商银行ATM,武侯区,104.046733,30.646408
南充市商业银行24小时自助银行(成都武侯支行),finance,金融保险服务;自动提款机;自动提款机,武侯区,104.053442,30.643103
渤海银行24小时自助银行(武侯支行),finance,金融保险服务;自动提款机;自动提款机,武侯区,104.052361,30.641696
中国人寿保险股份有限公司(高新客户服务中心),finance,金融保险服务;保险公司;中国人寿保险公司,武侯区,104.054941,30.645402
中国人寿保险股份有限公司,finance,金融保险服务;保险公司;中国人寿保险公司,武侯区,104.054926,30.645351
24h自助银行服务,finance,金融保险服务;自动提款机;自动提款机,武侯区,104.054051,30.643165
中国工商银行(华西医院分理处),finance,金融保险服务;银行;中国工商银行,武侯区,104.058004,30.644073
中国民生银行(成都锦江支行),finance,金融保险服务;银行;中国民生银行,武侯区,104.06341,30.648348
中国农业银行(成都小天竺支行),finance,金融保险服务;银行;中国农业银行,武侯区,104.063271,30.646446
中信银行(成都浆洗街支行),finance,金融保险服务;银行;中信银行,武侯区,104.055279,30.645145
中国建设银行(成都华西支行),finance,金融保险服务;银行;中国建设银行,武侯区,104.058051,30.644168
中国光大银行(成都天府支行),finance,金融保险服务;银行;中国光大银行,武侯区,104.054096,30.643188
成都银行(洗面桥支行),finance,金融保险服务;银行;银行,武侯区,104.054206,30.643363
浙商银行(成都分行),finance,金融保险服务;银行;银行,武侯区,104.05371,30.643652
中国工商银行(浆洗街支行),finance,金融保险服务;银行;中国工商银行,武侯区,104.054151,30.644193
中国邮政储蓄银行(华西医大支行),finance,金融保险服务;银行;中国邮政储蓄银行,武侯区,104.057929,30.64396
中国工商银行ATM(华西医院分理处),finance,金融保险服务;自动提款机;中国工商银行ATM,武侯区,104.058004,30.644073
中国建设银行ATM,finance,金融保险服务;自动提款机;中国建设银行ATM,武侯区,104.055495,30.645493
汇丰银行(临江西路支行),finance,金融保险服务;银行;汇丰银行,武侯区,104.062911,30.64839
中国农业银行24小时自助银行(锦城支行营业部),finance,金融保险服务;自动提款机;中国农业银行ATM,武侯区,104.059279,30.645073
招商银行24小时自助银行(小天竺街),finance,金融保险服务;自动提款机;招商银行ATM,武侯区,104.061153,30.647227
中国工商银行24小时自助银行(浆洗街支行),finance,金融保险服务;自动提款机;中国工商银行ATM,武侯区,104.054101,30.644101
中国建设银行ATM(综合门诊楼),finance,金融保险服务;自动提款机;中国建设银行ATM,武侯区,104.058843,30.644612
中国农业银行24小时自助银行(成都小天竺支行),finance,金融保险服务;自动提款机;中国农业银行ATM,武侯区,104.063271,30.646446
中国建设银行ATM(成都华西支行),finance,金融保险服务;自动提款机;中国建设银行ATM,武侯区,104.058051,30.644168
中国光大银行24小时自助银行(成都天府支行),finance,金融保险服务;自动提款机;中国光大银行ATM,武侯区,104.054096,30.643188
中信银行24小时自助银行(成都浆洗街支行),finance,金融保险服务;自动提款机;中信银行ATM,武侯区,104.05526,30.645124
中国银行24小时自助银行(中学路),finance,金融保险服务;自动提款机;中国银行ATM,武侯区,104.060193,30.640109
恒丰银行ATM(浆洗街),finance,金融保险服务;自动提款机;自动提款机,武侯区,104.056739,30.647215
中国邮政储蓄银行ATM(华西医大支行),finance,金融保险服务;自动提款机;中国邮政储蓄银行ATM,武侯区,104.057929,30.64396
中国工商银行24小时自助银行(天竺园西北),finance,金融保险服务;自动提款机;中国工商银行ATM,武侯区,104.053949,30.640893
大连银行ATM(成都分行),finance,金融保险服务;自动提款机;自动提款机,武侯区,104.057998,30.648393
中信银行24小时自助银行(人民南路三段),finance,金融保险服务;自动提款机;中信银行ATM,武侯区,104.06331,30.641804
浙商银行24小时自助银行(成都分行),finance,金融保险服务;自动提款机;自动提款机,武侯区,104.053689,30.643601
中国建设银行ATM(利康医院华西心理健康管理中心东南),finance,金融保险服务;自动提款机;中国建设银行ATM,武侯区,104.058747,30.644827
中国邮政储蓄银行24小时自助银行(染靛街),finance,金融保险服务;自动提款机;中国邮政储蓄银行ATM,武侯区,104.056419,30.649023
成都银行24小时自助银行(洗面桥支行),finance,金融保险服务;自动提款机;自动提款机,武侯区,104.054423,30.643515
上海银行ATM(浆洗街),finance,金融保险服务;自动提款机;上海银行ATM,武侯区,104.055705,30.646547
中国工商银行24小时自助银行(黉门后街),finance,金融保险服务;自动提款机;中国工商银行ATM,武侯区,104.058874,30.64587
汇丰银行ATM(成都临江西路支行),finance,金融保险服务;自动提款机;汇丰银行ATM,武侯区,104.062902,30.648397
交通银行24小时自助银行(小天支行),finance,金融保险服务;自动提款机;交通银行ATM,武侯区,104.056778,30.646927
中国民生银行24小时自助银行(成都锦江支行),finance,金融保险服务;自动提款机;中国民生银行ATM,武侯区,104.06341,30.648348
招商银行(成都分行),finance,金融保险服务;银行;招商银行,武侯区,104.064149,30.648525
中国工商银行(大学路分理处),finance,金融保险服务;银行;中国工商银行,武侯区,104.070121,30.645286
中国银行(成都新南支行),finance,金融保险服务;银行;中国银行,武侯区,104.073007,30.646392
中国银行(林荫街支行),finance,金融保险服务;银行;中国银行,武侯区,104.06725,30.639635
中国建设银行(成都第九支行),finance,金融保险服务;银行;中国建设银行,武侯区,104.064304,30.641209
中国光大银行(成都小天竺支行),finance,金融保险服务;银行;中国光大银行,武侯区,104.064915,30.645474
成都农商银行(桂溪支行),finance,金融保险服务;银行;农村商业银行,武侯区,104.065644,30.639569
中国建设银行(新南路储蓄所),finance,金融保险服务;银行;中国建设银行,武侯区,104.072929,30.642786
招商银行24小时自助银行(成都分行),finance,金融保险服务;自动提款机;招商银行ATM,武侯区,104.064149,30.648525
友利银行(成都分行),finance,金融保险服务;银行;银行,武侯区,104.063992,30.648004
中国光大银行ATM(临江中路),finance,金融保险服务;自动提款机;中国光大银行ATM,武侯区,104.072007,30.647369
中国农业银行24小时自助银行(临江东路),finance,金融保险服务;自动提款机;中国农业银行ATM,武侯区,104.072827,30.647545
中国建设银行ATM(人民南路三段),finance,金融保险服务;自动提款机;中国建设银行ATM,武侯区,104.063535,30.643256
成都市农村商业银行24小时自助银行(桂溪支行),finance,金融保险服务;自动提款机;农村商业银行ATM,武侯区,104.065644,30.639569
兴业银行ATM(十七街),finance,金融保险服务;自动提款机;兴业银行ATM,武侯区,104.071159,30.645766
中国工商银行24小时自助银行(校中路),finance,金融保险服务;自动提款机;中国工商银行ATM,武侯区,104.068923,30.643444
成都银行ATM(十七街),finance,金融保险服务;自动提款机;自动提款机,武侯区,104.071008,30.645512
中国银行24小时自助银行(成都新南支行),finance,金融保险服务;自动提款机;中国银行ATM,武侯区,104.073106,30.646352
中国工商银行24小时自助银行(大学路分理处),finance,金融保险服务;自动提款机;中国工商银行ATM,武侯区,104.070275,30.645263
中国光大银行24小时自助银行(成都小天竺支行),finance,金融保险服务;自动提款机;中国光大银行ATM,武侯区,104.064908,30.645466
中国银行24小时自助银行(成都林荫街支行),finance,金融保险服务;自动提款机;中国银行ATM,武侯区,104.06735,30.639634
平安银行ATM(平安财富中心),finance,金融保险服务;自动提款机;平安银行ATM,武侯区,104.064529,30.647934
中国建设银行24小时自助银行(成都第九支行),finance,金融保险服务;自动提款机;中国建设银行ATM,武侯区,104.064309,30.641264
银行卡联网通用ATM(滨江中路),finance,金融保险服务;自动提款机;自动提款机,锦江区,104.071826,30.648904
上海银行ATM(人民南路三段),finance,金融保险服务;自动提款机;上海银行ATM,武侯区,104.063963,30.645583
友利银行24小时自助银行(成都分行),finance,金融保险服务;自动提款机;自动提款机,武侯区,104.063992,30.648004
中信银行24小时自助银行(人民南路支行),finance,金融保险服务;自动提款机;中信银行ATM,武侯区,104.064381,30.639604
中国建设银行24小时自助银行(新南路储蓄所),finance,金融保险服务;自动提款机;中国建设银行ATM,武侯区,104.072943,30.642786
中国人民财产保险股份有限公司(成都市分公司),finance,金融保险服务;保险公司;中国人民保险公司,武侯区,104.083197,30.640874
兴业银行(成都群众路社区支行),finance,金融保险服务;银行;兴业银行,武侯区,104.079658,30.641536
上海浦东发展银行24小时自助银行(九眼桥支行),finance,金融保险服务;自动提款机;上海浦东发展银行ATM,武侯区,104.08282,30.640004
中国农业银行(九眼桥支行),finance,金融保险服务;银行;中国农业银行,武侯区,104.082523,30.641287
平安银行(成都九眼桥社区支行),finance,金融保险服务;银行;平安银行,武侯区,104.080605,30.642409
上海浦东发展银行(九眼桥支行),finance,金融保险服务;银行;上海浦东发展银行,武侯区,104.082586,30.640139
中国农业银行(锦江支行),finance,金融保险服务;银行;中国农业银行,锦江区,104.080316,30.646283
中国农业银行(锦江支行营业部),finance,金融保险服务;银行;中国农业银行,锦江区,104.08037,30.64603
中国建设银行(致民路储蓄所),finance,金融保险服务;银行;中国建设银行,武侯区,104.075112,30.645312
中国工商银行(滨江东路支行),finance,金融保险服务;银行;中国工商银行,锦江区,104.07821,30.647234
招商银行24小时自助银行(龙江路),finance,金融保险服务;自动提款机;招商银行ATM,武侯区,104.075346,30.644047
中国农业银行24小时自助银行(成都九眼桥支行),finance,金融保险服务;自动提款机;中国农业银行ATM,武侯区,104.082433,30.641328
上海浦东发展银行24小时自助银行(滨江东路),finance,金融保险服务;自动提款机;上海浦东发展银行ATM,锦江区,104.079492,30.646386
兴业银行ATM(龙江路),finance,金融保险服务;自动提款机;兴业银行ATM,武侯区,104.075858,30.643671
中国建设银行ATM(水津街),finance,金融保险服务;自动提款机;中国建设银行ATM,锦江区,104.081983,30.646237
中国建设银行ATM(老马路),finance,金融保险服务;自动提款机;中国建设银行ATM,武侯区,104.082988,30.641365
中国建设银行ATM(十二中街),finance,金融保险服务;自动提款机;中国建设银行ATM,武侯区,104.077284,30.644377
中国建设银行ATM(龙江路),finance,金融保险服务;自动提款机;中国建设银行ATM,武侯区,104.079174,30.642484
工商银行成都芷泉新生路自助银行,finance,金融保险服务;自动提款机;中国工商银行ATM,武侯区,104.076099,30.641352
中国建设银行24小时自助银行(大安正街),finance,金融保险服务;自动提款机;中国建设银行ATM,锦江区,104.080664,30.648063
中国银行ATM(黄伞巷),finance,金融保险服务;自动提款机;中国银行ATM,锦江区,104.082286,30.647389
中国工商银行24小时自助银行(校西路),finance,金融保险服务;自动提款机;中国工商银行ATM,武侯区,104.075812,30.639684
成都银行ATM(致民路),finance,金融保险服务;自动提款机;自动提款机,武侯区,104.076553,30.645133
上海银行ATM(新南路),finance,金融保险服务;自动提款机;上海银行ATM,武侯区,104.074074,30.641916
中国工商银行24小时自助银行(滨江东路支行),finance,金融保险服务;自动提款机;中国工商银行ATM,锦江区,104.078178,30.647258
中国工商银行24小时自助银行(天仙桥南路),finance,金融保险服务;自动提款机;中国工商银行ATM,锦江区,104.081083,30.647847
兴业银行24小时自助银行(成都群众路社区支行),finance,金融保险服务;自动提款机;兴业银行ATM,武侯区,104.079658,30.641536
中国农业银行24小时自助银行(锦江支行营业部),finance,金融保险服务;自动提款机;中国农业银行ATM,锦江区,104.080505,30.646226
平安银行24小时自助银行(九眼桥社区支行),finance,金融保险服务;自动提款机;平安银行ATM,武侯区,104.080605,30.642409
中国建设银行24小时自助银行(致民路储蓄所),finance,金融保险服务;自动提款机;中国建设银行ATM,武侯区,104.075281,30.64559
恒丰银行ATM(青莲上街),finance,金融保险服务;自动提款机;自动提款机,锦江区,104.078464,30.647272
恒丰银行24小时自助银行(廊桥乐章西北),finance,金融保险服务;自动提款机;自动提款机,武侯区,104.080554,30.642574
中国银行(成都东大街支行),finance,金融保险服务;银行;中国银行,锦江区,104.088676,30.649274
中国太平洋财产保险股份有限公司(一环路东五段),finance,金融保险服务;保险公司;中国太平洋保险,锦江区,104.088527,30.643882
24小时自助银行服务,finance,金融保险服务;自动提款机;自动提款机,锦江区,104.088508,30.649371
招商银行(成都世纪朝阳支行),finance,金融保险服务;银行;招商银行,锦江区,104.0934,30.641741
中国银行(宏济新路支行),finance,金融保险服务;银行;中国银行,锦江区,104.091917,30.641712
中国工商银行(宏济新路分理处),finance,金融保险服务;银行;中国工商银行,锦江区,104.092842,30.641328
中国银行(成都宏济中路支行),finance,金融保险服务;银行;中国银行,锦江区,104.091024,30.644688
中国农业银行(成都晶蓝半岛支行),finance,金融保险服务;银行;中国农业银行,锦江区,104.092876,30.645607
交通银行(成都宏济路支行),finance,金融保险服务;银行;交通银行,锦江区,104.090228,30.643199
中国邮政储蓄银行(顺江路营业所),finance,金融保险服务;银行;中国邮政储蓄银行,锦江区,104.088401,30.641615
中国民生银行(成都九眼桥支行),finance,金融保险服务;银行;中国民生银行,锦江区,104.093269,30.641648
成都银行(朝阳支行),finance,金融保险服务;银行;银行,锦江区,104.09227,30.641321
汇丰银行(成都滨江东路支行),finance,金融保险服务;银行;汇丰银行,锦江区,104.084079,30.644775
中国工商银行(培根路支行),finance,金融保险服务;银行;中国工商银行,武侯区,104.086194,30.641437
招商银行24小时自助银行(宏济中路),finance,金融保险服务;自动提款机;招商银行ATM,锦江区,104.093155,30.646446
摩根大通银行成都分行,finance,金融保险服务;银行;摩根大通银行,锦江区,104.084485,30.645147
上海银行(东大街支行),finance,金融保险服务;银行;上海银行,锦江区,104.089575,30.648419
兴业银行(成都外滩社区支行),finance,金融保险服务;银行;兴业银行,锦江区,104.090876,30.642886
兴业银行24小时自助银行(滨江东路),finance,金融保险服务;自动提款机;兴业银行ATM,锦江区,104.083988,30.64447
中国工商银行(芷泉支行营业室),finance,金融保险服务;银行;中国工商银行,锦江区,104.090298,30.647705
兴业银行ATM(天紫界),finance,金融保险服务;自动提款机;兴业银行ATM,锦江区,104.090136,30.645445
招商银行24小时自助银行(宏济东路),finance,金融保险服务;自动提款机;招商银行ATM,锦江区,104.09287,30.646595
花旗银行(东大街支行),finance,金融保险服务;银行;花旗银行,锦江区,104.088803,30.649229
大连银行(成都九眼桥支行),finance,金融保险服务;银行;银行,锦江区,104.088501,30.643829
中国工商银行24小时自助银行(培根路支行),finance,金融保险服务;自动提款机;中国工商银行ATM,武侯区,104.086075,30.64143
成都银行ATM(一环路南一段),finance,金融保险服务;自动提款机;自动提款机,武侯区,104.083529,30.641002
中国民生银行24小时自助银行(太平南新街),finance,金融保险服务;自动提款机;中国民生银行ATM,武侯区,104.084614,30.640592
中国建设银行ATM(一环路东五段),finance,金融保险服务;自动提款机;中国建设银行ATM,锦江区,104.08872,30.644158
成都银行ATM(一环路南一段),finance,金融保险服务;自动提款机;自动提款机,武侯区,104.083529,30.641002
中国民生银行24小时自助银行(太平南新街),finance,金融保险服务;自动提款机;中国民生银行ATM,武侯区,104.084614,30.640592
中国建设银行ATM(一环路东五段),finance,金融保险服务;自动提款机;中国建设银行ATM,锦江区,104.08872,30.644158
兴业银行24小时自助银行(锦江支行),finance,金融保险服务;自动提款机;兴业银行ATM,锦江区,104.092507,30.645624
新加坡华侨银行(成都香格里拉中心支行),finance,金融保险服务;银行;银行,锦江区,104.08365,30.645021
招商银行24小时自助银行(世纪朝阳支行),finance,金融保险服务;自动提款机;招商银行ATM,锦江区,104.093439,30.64177
中国农业银行24小时自助银行(成都晶蓝半岛支行),finance,金融保险服务;自动提款机;中国农业银行ATM,锦江区,104.092913,30.645531
兴业银行24小时自助银行(成都外滩社区支行),finance,金融保险服务;自动提款机;兴业银行ATM,锦江区,104.090876,30.642886
中国光大银行ATM(一环路东五段),finance,金融保险服务;自动提款机;中国光大银行ATM,锦江区,104.089001,30.645497
中国邮政银行24HATM,finance,金融保险服务;自动提款机;自动提款机,锦江区,104.088334,30.641756
兴业银行(锦江支行),finance,金融保险服务;银行;兴业银行,锦江区,104.092507,30.645624
上海浦东发展银行ATM(太平南新街),finance,金融保险服务;自动提款机;上海浦东发展银行ATM,武侯区,104.083928,30.639489
上海银行24小时自助银行(东大街支行),finance,金融保险服务;自动提款机;上海银行ATM,锦江区,104.089575,30.648419
中国民生银行24小时自助银行(成都九眼桥支行),finance,金融保险服务;自动提款机;中国民生银行ATM,锦江区,104.093211,30.641608
中国邮政储蓄银行ATM(顺江路营业所),finance,金融保险服务;自动提款机;中国邮政储蓄银行ATM,锦江区,104.088379,30.641644
中国工商银行24小时自助银行(宏济新路分理处),finance,金融保险服务;自动提款机;中国工商银行ATM,锦江区,104.092457,30.641104
中国银行24小时自助银行(成都东大街支行),finance,金融保险服务;自动提款机;中国银行ATM,锦江区,104.088568,30.649314
中国银行24小时自助银行(成都宏济新路支行),finance,金融保险服务;自动提款机;中国银行ATM,锦江区,104.091942,30.641683
中国银行24小时自助银行(成都宏济中路支行),finance,金融保险服务;自动提款机;中国银行ATM,锦江区,104.090997,30.644648
交通银行24小时自助银行(成都宏济路支行),finance,金融保险服务;自动提款机;交通银行ATM,锦江区,104.090203,30.643227
中国工商银行24小时自助银行(芷泉支行营业部),finance,金融保险服务;自动提款机;中国工商银行ATM,锦江区,104.090503,30.647759
大连银行24小时自助银行(成都九眼桥支行),finance,金融保险服务;自动提款机;自动提款机,锦江区,104.088457,30.643759
汇丰银行24小时自助银行(成都滨江东路支行),finance,金融保险服务;自动提款机;汇丰银行ATM,锦江区,104.084079,30.644775
成都银行24小时自助银行(朝阳支行),finance,金融保险服务;自动提款机;自动提款机,锦江区,104.092306,30.641277
上海银行24小时自助银行(一环路南一段),finance,金融保险服务;自动提款机;上海银行ATM,武侯区,104.084742,30.641657
上海浦东发展银行24小时自助银行(经华南路),finance,金融保险服务;自动提款机;上海浦东发展银行ATM,锦江区,104.103035,30.647239
华夏银行24小时自助银行(成都锦江支行),finance,金融保险服务;自动提款机;华夏银行ATM,锦江区,104.102636,30.642164
中国农业银行(成都牛市口支行),finance,金融保险服务;银行;中国农业银行,锦江区,104.103346,30.642186
中国建设银行(蜀都花园储蓄所),finance,金融保险服务;银行;中国建设银行,锦江区,104.100558,30.645603
华夏银行(成都锦江支行),finance,金融保险服务;银行;华夏银行,锦江区,104.102548,30.642214
中国邮政储蓄银行(宏顺路支行),finance,金融保险服务;银行;中国邮政储蓄银行,锦江区,104.093554,30.644451
中国邮政储蓄银行(水碾河路支行),finance,金融保险服务;银行;中国邮政储蓄银行,成华区,104.102098,30.648601
中国建设银行(成都蜀光新城支行),finance,金融保险服务;银行;中国建设银行,锦江区,104.094018,30.642866
中国银行(成都蜀都惠园支行),finance,金融保险服务;银行;中国银行,成华区,104.100572,30.649375
兴业银行ATM(海椒市街),finance,金融保险服务;自动提款机;兴业银行ATM,锦江区,104.099126,30.640254
交通银行ATM,finance,金融保险服务;自动提款机;交通银行ATM,锦江区,104.102383,30.647779
中国工商银行(双桥子支行),finance,金融保险服务;银行;中国工商银行,成华区,104.101875,30.648696
中国农业银行24小时自助银行(成都牛市口支行),finance,金融保险服务;自动提款机;中国农业银行ATM,锦江区,104.103276,30.64224
中国建设银行ATM(锦东路),finance,金融保险服务;自动提款机;中国建设银行ATM,锦江区,104.100059,30.643537
中国建设银行ATM(牛市口路),finance,金融保险服务;自动提款机;中国建设银行ATM,锦江区,104.103483,30.642797
中国建设银行24小时自助银行(蜀都花园储蓄所),finance,金融保险服务;自动提款机;中国建设银行ATM,锦江区,104.100594,30.645579
中国工商银行24小时自助银行(牛市口分理处),finance,金融保险服务;自动提款机;中国工商银行ATM,锦江区,104.103278,30.642736
中国银行ATM,finance,金融保险服务;自动提款机;中国银行ATM,锦江区,104.102361,30.64779
华夏银行ATM,finance,金融保险服务;自动提款机;华夏银行ATM,锦江区,104.095861,30.642112
中国建设银行24小时自助银行(成都蜀光新城支行),finance,金融保险服务;自动提款机;中国建设银行ATM,锦江区,104.094018,30.642866
中国民生银行ATM(水碾河路),finance,金融保险服务;自动提款机;中国民生银行ATM,成华区,104.10347,30.647973
中国建设银行24小时自助银行(一心桥街),finance,金融保险服务;自动提款机;中国建设银行ATM,锦江区,104.096312,30.646579
中国银行24小时自助银行(成都蜀都惠园支行),finance,金融保险服务;银行;中国银行,成华区,104.100658,30.649255
中国建设银行24小时自助银行(一心桥南街),finance,金融保险服务;自动提款机;中国建设银行ATM,锦江区,104.096379,30.644844
中国民生银行24小时自助银行(海椒市街),finance,金融保险服务;自动提款机;中国民生银行ATM,锦江区,104.10046,30.642733
中国邮政储蓄银行24小时自助银行(宏顺路支行),finance,金融保险服务;自动提款机;中国邮政储蓄银行ATM,锦江区,104.09352,30.644408
中国工商银行(锦东路支行),finance,金融保险服务;银行;中国工商银行,锦江区,104.101137,30.642994
中国邮政储蓄银行24小时自助银行(水碾河路支行),finance,金融保险服务;自动提款机;中国邮政储蓄银行ATM,成华区,104.10204,30.648625
中国工商银行24小时自助银行(锦东路支行),finance,金融保险服务;自动提款机;中国工商银行ATM,锦江区,104.101249,30.642938
中国工商银行24小时自助银行(双桥子支行),finance,金融保险服务;自动提款机;中国工商银行ATM,成华区,104.101979,30.648649
中国光大银行(成都牛市口支行),finance,金融保险服务;银行;中国光大银行,锦江区,104.103672,30.641321
中信银行ATM(经华北路),finance,金融保险服务;自动提款机;中信银行ATM,成华区,104.104024,30.648506
中国建设银行ATM(牛市口路),finance,金融保险服务;自动提款机;中国建设银行ATM,锦江区,104.103483,30.642797
中国光大银行24小时自助银行(成都牛市口支行),finance,金融保险服务;自动提款机;中国光大银行ATM,锦江区,104.103672,30.641321
中国邮政储蓄银行(竞成路支行),finance,金融保险服务;银行;中国邮政储蓄银行,成华区,104.121427,30.645437
中国邮政储蓄银行24小时自助银行(竞成路支行),finance,金融保险服务;自动提款机;中国邮政储蓄银行ATM,成华区,104.12141,30.645456
中国建设银行(成华中心支行),finance,金融保险服务;银行;中国建设银行,成华区,104.116097,30.647231
中国银行(成都双成路支行),finance,金融保险服务;银行;中国银行,成华区,104.116337,30.647501
招商银行24小时自助银行,finance,金融保险服务;自动提款机;招商银行ATM,成华区,104.115852,30.645924
兴业银行(成华支行),finance,金融保险服务;银行;兴业银行,成华区,104.115615,30.647307
中国银行24小时自助银行(成都双成路支行),finance,金融保险服务;自动提款机;中国银行ATM,成华区,104.116347,30.647426
渤海银行(华润二十四城社区支行),finance,金融保险服务;银行;银行,成华区,104.116393,30.648391
中国建设银行24小时自助银行(长天路),finance,金融保险服务;自动提款机;中国建设银行ATM,成华区,104.122187,30.647571
中信银行(双福二路),finance,金融保险服务;银行;中信银行,成华区,104.116185,30.64645
中信银行24小时自助银行(成华支行),finance,金融保险服务;自动提款机;中信银行ATM,成华区,104.116742,30.646425
中国建设银行24小时自助银行(成华中心支行),finance,金融保险服务;自动提款机;中国建设银行ATM,成华区,104.116093,30.647204
中国建设银行ATM(长天路),finance,金融保险服务;自动提款机;中国建设银行ATM,成华区,104.123453,30.64922
兴业银行24小时自助银行(成华支行),finance,金融保险服务;自动提款机;兴业银行ATM,成华区,104.115615,30.647307
兴业银行(成都华润二十四城社区支行),finance,金融保险服务;银行;兴业银行,成华区,104.116325,30.648771
兴业银行24小时自助银行(成都华润二十四城社区支行),finance,金融保险服务;自动提款机;兴业银行ATM,成华区,104.116325,30.648771
上海浦东发展银行24小时自助银行(双福二路),finance,金融保险服务;自动提款机;上海浦东发展银行ATM,成华区,104.115914,30.64604
渤海银行24小时自助银行(双成三路),finance,金融保险服务;自动提款机;自动提款机,成华区,104.116325,30.648286
浦发银行(华润二十四城社区支行),finance,金融保险服务;银行;上海浦东发展银行,成华区,104.116045,30.645998
中国建设银行ATM(五桂路),finance,金融保险服务;自动提款机;中国建设银行ATM,成华区,104.128123,30.640321
中国民生银行24小时自助银行(五桂路),finance,金融保险服务;自动提款机;中国民生银行ATM,成华区,104.128972,30.640464
中国农业银行(杨柳店分理处),finance,金融保险服务;银行;中国农业银行,成华区,104.137559,30.644828
中国农业银行24小时自助银行(成都杨柳店支行),finance,金融保险服务;自动提款机;中国农业银行ATM,成华区,104.137559,30.644828
中国农业银行24小时自助银行(五桂路),finance,金融保险服务;自动提款机;中国农业银行ATM,成华区,104.141355,30.640989
中国工商银行24小时自助银行(中环路杨柳店北路段),finance,金融保险服务;自动提款机;中国工商银行ATM,成华区,104.136859,30.646847
招商银行ATM(东虹路),finance,金融保险服务;自动提款机;招商银行ATM,成华区,104.152355,30.649013
中国民生银行24小时自助银行(东虹路),finance,金融保险服务;自动提款机;中国民生银行ATM,成华区,104.148915,30.640764
中国建设银行ATM(东虹路),finance,金融保险服务;自动提款机;中国建设银行ATM,成华区,104.151298,30.646186
中国建设银行ATM(天鹅路),finance,金融保险服务;自动提款机;中国建设银行ATM,成华区,104.154042,30.640866
成都农商银行(金花支行),finance,金融保险服务;银行;农村商业银行,武侯区,103.969889,30.631489
成都银行(智谷支行),finance,金融保险服务;银行;银行,武侯区,103.971549,30.633582
中国建设银行24小时自助银行(武兴五路),finance,金融保险服务;自动提款机;中国建设银行ATM,武侯区,103.970834,30.632436
成都银行24小时自助银行(智谷支行),finance,金融保险服务;自动提款机;自动提款机,武侯区,103.971514,30.633595
成都农商银行24小时自助银行(金花支行),finance,金融保险服务;自动提款机;农村商业银行ATM,武侯区,103.970064,30.631028
华泰保险股份有限公司(首邦店),finance,金融保险服务;保险公司;华泰财产保险股份有限公司,武侯区,103.980546,30.633725
中国工商银行(武科西四路分理处),finance,金融保险服务;银行;中国工商银行,武侯区,103.975536,30.632232
中国邮政储蓄银行(武侯科技园支行),finance,金融保险服务;银行;中国邮政储蓄银行,武侯区,103.975845,30.630542
贵阳银行(成都武侯支行),finance,金融保险服务;银行;银行,武侯区,103.981623,30.630843
招商银行ATM(神州数码),finance,金融保险服务;自动提款机;招商银行ATM,武侯区,103.981654,30.630213
中国工商银行24小时自助银行(武科西四路分理处),finance,金融保险服务;自动提款机;中国工商银行ATM,武侯区,103.975536,30.632232
交通银行ATM(武青西四路),finance,金融保险服务;自动提款机;交通银行ATM,武侯区,103.97654,30.638189
中国建设银行ATM(武青西四路),finance,金融保险服务;自动提款机;中国建设银行ATM,武侯区,103.975212,30.637104
中国邮政储蓄银行24小时自助银行(武侯科技园支行),finance,金融保险服务;自动提款机;中国邮政储蓄银行ATM,武侯区,103.975884,30.630468
贵阳银行24小时自助银行(成都武侯支行),finance,金融保险服务;自动提款机;自动提款机,武侯区,103.981387,30.631012
成都农商银行(望锦分理处),finance,金融保险服务;银行;农村商业银行,武侯区,103.986305,30.637796
中国农业银行(成都科技园支行),finance,金融保险服务;银行;中国农业银行,武侯区,103.987294,30.632861
中国工商银行(成都武侯科技园支行),finance,金融保险服务;银行;中国工商银行,武侯区,103.987545,30.632965
成都银行(武侯新城支行),finance,金融保险服务;银行;银行,武侯区,103.987048,30.638176
中国建设银行(成都慧谷支行),finance,金融保险服务;银行;中国建设银行,武侯区,103.985841,30.637586
攀枝花市商业银行(成都武侯支行),finance,金融保险服务;银行;银行,武侯区,103.984528,30.636414
上海浦东发展银行(成都慧谷社区支行),finance,金融保险服务;银行;上海浦东发展银行,武侯区,103.986746,30.638038
中国农业银行24小时自助银行(成都科技园支行),finance,金融保险服务;自动提款机;中国农业银行ATM,武侯区,103.987294,30.632861
中信银行24小时自助银行(武兴一路),finance,金融保险服务;自动提款机;中信银行ATM,武侯区,103.992745,30.631687
成都银行24小时自助银行(武侯新城支行),finance,金融保险服务;自动提款机;自动提款机,武侯区,103.987048,30.638176
上海浦东发展银行24小时自助银行(成都慧谷社区支行),finance,金融保险服务;自动提款机;上海浦东发展银行ATM,武侯区,103.986746,30.638038
中国工商银行24小时自助银行(成都武侯科技园支行),finance,金融保险服务;自动提款机;中国工商银行ATM,武侯区,103.987545,30.632965
中国建设银行ATM(武兴一路),finance,金融保险服务;自动提款机;中国建设银行ATM,武侯区,103.987976,30.639365
自助银行,finance,金融保险服务;自动提款机;自动提款机,武侯区,103.984563,30.636174
中国建设银行24小时自助银行(武兴一路),finance,金融保险服务;自动提款机;中国建设银行ATM,武侯区,103.993047,30.631227
中国工商银行24小时自助银行(武科东二路),finance,金融保险服务;自动提款机;中国工商银行ATM,武侯区,103.992422,30.635984
中国建设银行24小时自助银行(成都慧谷支行),finance,金融保险服务;自动提款机;中国建设银行ATM,武侯区,103.985892,30.637608
成都农商银行24小时自助银行(望锦分理处),finance,金融保险服务;自动提款机;农村商业银行ATM,武侯区,103.986305,30.637796
成都农商银行ATM(武兴一路),finance,金融保险服务;自动提款机;农村商业银行ATM,武侯区,103.991451,30.633616
攀枝花市商业银行24小时自助银行(成都武侯支行),finance,金融保险服务;自动提款机;自动提款机,武侯区,103.984626,30.636311
兴业银行(中华名园社区支行),finance,金融保险服务;银行;兴业银行,武侯区,104.000506,30.636074
兴业银行(成都置信花园社区支行),finance,金融保险服务;银行;兴业银行,武侯区,104.002798,30.632028
包商银行(成都置信丽都花园城社区支行),finance,金融保险服务;银行;银行,武侯区,103.99977,30.63071
交通银行,finance,金融保险服务;银行;交通银行,武侯区,103.99864,30.637076
中国银行(成都中华名园支行),finance,金融保险服务;银行;中国银行,武侯区,103.999675,30.635452
中国工商银行,finance,金融保险服务;银行;中国工商银行,武侯区,103.997622,30.635358
中国建设银行(成都大悦路支行),finance,金融保险服务;银行;中国建设银行,武侯区,104.002366,30.632524
交通银行(离行式新元丽苑),finance,金融保险服务;银行;交通银行,武侯区,103.997177,30.634535
平安银行(成都中华名园支行),finance,金融保险服务;银行;平安银行,武侯区,103.999919,30.635086
招商银行24小时自助银行(中华名园),finance,金融保险服务;自动提款机;招商银行ATM,武侯区,104.000247,30.634943
交通银行ATM(兴元丽园东南),finance,金融保险服务;自动提款机;交通银行ATM,武侯区,103.997318,30.634546
成都银行ATM(武侯大道顺江段),finance,金融保险服务;自动提款机;自动提款机,武侯区,104.000142,30.634274
中国建设银行24小时自助银行(顺和街),finance,金融保险服务;自动提款机;中国建设银行ATM,武侯区,104.00008,30.636153
中国建设银行24小时自助银行(成都大悦路支行),finance,金融保险服务;自动提款机;中国建设银行ATM,武侯区,104.002322,30.632579
中国建设银行24小时自助银行(兴元丽园北区北),finance,金融保险服务;自动提款机;中国建设银行ATM,武侯区,103.997477,30.635377
包商银行24小时自助银行,finance,金融保险服务;自动提款机;自动提款机,武侯区,103.999787,30.630694
交通银行24小时自助银行(顺和横街),finance,金融保险服务;自动提款机;交通银行ATM,武侯区,103.998584,30.637091
兴业银行24小时自助银行(中华名园社区支行),finance,金融保险服务;自动提款机;兴业银行ATM,武侯区,104.000545,30.636092
中国农业银行24小时自助银行(顺和街),finance,金融保险服务;自动提款机;中国农业银行ATM,武侯区,103.999936,30.636102
平安银行24小时自助银行(成都中华名园支行),finance,金融保险服务;自动提款机;平安银行ATM,武侯区,103.99992,30.635086
中国银行24小时自助银行(成都中华名园支行),finance,金融保险服务;自动提款机;中国银行ATM,武侯区,103.999646,30.635634
中国工商银行24小时自助银行(兴元丽园东),finance,金融保险服务;自动提款机;中国工商银行ATM,武侯区,103.997555,30.635278
兴业银行24小时自助银行(成都置信花园社区支行),finance,金融保险服务;自动提款机;兴业银行ATM,武侯区,104.002754,30.632089
中国农业银行(双丰西路支行),finance,金融保险服务;银行;中国农业银行,武侯区,104.01035,30.638957
中国农业银行(成都双楠支行),finance,金融保险服务;银行;中国农业银行,武侯区,104.013181,30.63384
中国工商银行24小时自助银行(中环路武阳大道段)(汇融·新贵公馆南),finance,金融保险服务;自动提款机;中国工商银行ATM,武侯区,104.013095,30.634783
中国农业银行24小时自助银行(双丰西路支行),finance,金融保险服务;自动提款机;中国农业银行ATM,武侯区,104.010386,30.638966
兴业银行24小时自助银行(太平园横一街),finance,金融保险服务;自动提款机;兴业银行ATM,武侯区,104.01301,30.630438
中国建设银行ATM(太平园东五街),finance,金融保险服务;自动提款机;中国建设银行ATM,武侯区,104.01141,30.636865
中国工商银行24小时自助银行(杰辉商务楼南),finance,金融保险服务;自动提款机;中国工商银行ATM,武侯区,104.011661,30.637815
中国建设银行24小时自助银行(武侯大道双楠段),finance,金融保险服务;自动提款机;中国建设银行ATM,武侯区,104.011836,30.638745
中国建设银行24小时自助银行(中环路武阳大道段),finance,金融保险服务;自动提款机;中国建设银行ATM,武侯区,104.012998,30.634966
中国民生银行24小时自助银行(成都新界社区支行),finance,金融保险服务;自动提款机;中国民生银行ATM,武侯区,104.011981,30.631315
中国农业银行24小时自助银行(成都双楠支行)(太平园东三街),finance,金融保险服务;自动提款机;中国农业银行ATM,武侯区,104.013112,30.633774
长城华西银行24小时自助银行(佳灵路辅路),finance,金融保险服务;自动提款机;自动提款机,武侯区,104.023209,30.632235
成都农商银行(红牌楼分理处),finance,金融保险服务;银行;农村商业银行,武侯区,104.020036,30.635043
中信银行(武阳大道支行),finance,金融保险服务;银行;中信银行,武侯区,104.013917,30.633158
成都农商银行(科兴分理处),finance,金融保险服务;银行;农村商业银行,武侯区,104.023413,30.630696
长城华西银行(董家湾正街),finance,金融保险服务;银行;银行,武侯区,104.023209,30.632235
上海浦东发展银行(成都红楠生活广场社区支行),finance,金融保险服务;银行;上海浦东发展银行,武侯区,104.017085,30.638605
成都银行ATM(红牌楼二街),finance,金融保险服务;自动提款机;自动提款机,武侯区,104.017804,30.637331
中国建设银行ATM(永顺街),finance,金融保险服务;自动提款机;中国建设银行ATM,武侯区,104.020146,30.636792
中国工商银行24小时自助银行(永顺路),finance,金融保险服务;自动提款机;中国工商银行ATM,武侯区,104.018508,30.637793
中国建设银行24小时自助银行(永顺路),finance,金融保险服务;自动提款机;中国建设银行ATM,武侯区,104.01848,30.637771
中国农业银行24小时自助银行(永顺路),finance,金融保险服务;自动提款机;中国农业银行ATM,武侯区,104.018774,30.637993
中信银行24小时自助银行(武阳大道支行),finance,金融保险服务;自动提款机;中信银行ATM,武侯区,104.013894,30.633196
成都农商银行24小时自助银行(红牌楼分理处),finance,金融保险服务;自动提款机;农村商业银行ATM,武侯区,104.020036,30.635043
上海浦东发展银行24小时自助银行(成都红楠生活广场社区支行),finance,金融保险服务;自动提款机;上海浦东发展银行ATM,武侯区,104.017077,30.638608
成都农商银行ATM(科兴分理处),finance,金融保险服务;自动提款机;农村商业银行ATM,武侯区,104.02337,30.630718
恒丰银行24小时自助银行(佳灵路辅路),finance,金融保险服务;自动提款机;自动提款机,武侯区,104.023097,30.632529
中国太平洋人寿保险股份有限公司(长城西一路),finance,金融保险服务;保险公司;中国太平洋保险,武侯区,104.027577,30.636883
中国平安人寿保险股份有限公司成都市武侯支公司,finance,金融保险服务;保险公司;中国人寿保险公司,武侯区,104.026393,30.635946
24小时自助银行服务,finance,金融保险服务;自动提款机;自动提款机,武侯区,104.02817,30.634697
ICBC24h自助银行服务,finance,金融保险服务;自动提款机;自动提款机,武侯区,104.024092,30.632668
中国建设银行(成都红牌楼分理处),finance,金融保险服务;银行;中国建设银行,武侯区,104.028531,30.634849
中信银行(成都武侯支行),finance,金融保险服务;银行;中信银行,武侯区,104.027401,30.636886
交通银行(武侯支行),finance,金融保险服务;银行;交通银行,武侯区,104.026141,30.637048
中国农业银行(成都永丰场支行),finance,金融保险服务;银行;中国农业银行,武侯区,104.02936,30.635386
中国工商银行(红牌楼支行),finance,金融保险服务;银行;中国工商银行,武侯区,104.023924,30.630039
兴业银行(红牌楼支行),finance,金融保险服务;银行;兴业银行,武侯区,104.030216,30.633761
成都银行(佳灵支行),finance,金融保险服务;银行;银行,武侯区,104.024641,30.632034
招商银行(成都红牌楼支行),finance,金融保险服务;银行;招商银行,武侯区,104.030894,30.632889
中国民生银行(成都丽都花园社区支行),finance,金融保险服务;银行;中国民生银行,武侯区,104.032874,30.632226
中国建设银行24小时自助银行(成都红牌楼分理处),finance,金融保险服务;自动提款机;中国建设银行ATM,武侯区,104.028452,30.634791
中国银行(成都红牌楼支行),finance,金融保险服务;银行;中国银行,武侯区,104.027514,30.636952
中国工商银行(成都长城西一路支行),finance,金融保险服务;银行;中国工商银行,武侯区,104.028549,30.63543
中国建设银行ATM(丽都路),finance,金融保险服务;自动提款机;中国建设银行ATM,武侯区,104.032945,30.63237
中国邮政储蓄银行(成都董家湾支行),finance,金融保险服务;银行;中国邮政储蓄银行,武侯区,104.027778,30.634272
包商银行(红牌楼社区支行),finance,金融保险服务;银行;银行,武侯区,104.024827,30.629542
中国农业银行24小时自助银行(成都熊猫城支行),finance,金融保险服务;自动提款机;中国农业银行ATM,武侯区,104.024047,30.629639
交通银行ATM(佳灵路),finance,金融保险服务;自动提款机;交通银行ATM,武侯区,104.026703,30.636453
中国农业银行24小时自助银行(成都永丰场支行),finance,金融保险服务;自动提款机;中国农业银行ATM,武侯区,104.029396,30.635414
中国建设银行ATM,finance,金融保险服务;自动提款机;中国建设银行ATM,武侯区,104.031046,30.633589
中国农业银行24小时自助银行(成都熊猫城支行),finance,金融保险服务;自动提款机;中国农业银行ATM,武侯区,104.024047,30.629639
交通银行ATM(佳灵路),finance,金融保险服务;自动提款机;交通银行ATM,武侯区,104.026703,30.636453
中国农业银行24小时自助银行(成都永丰场支行),finance,金融保险服务;自动提款机;中国农业银行ATM,武侯区,104.029396,30.635414
中国建设银行ATM,finance,金融保险服务;自动提款机;中国建设银行ATM,武侯区,104.031046,30.633589
招商银行24小时自助银行(成都红牌楼支行),finance,金融保险服务;自动提款机;招商银行ATM,武侯区,104.030919,30.632869
中国农业银行24小时自助银行(新马路),finance,金融保险服务;自动提款机;中国农业银行ATM,武侯区,104.02473,30.634718
中国银行24小时自助银行(成都红牌楼支行),finance,金融保险服务;自动提款机;中国银行ATM,武侯区,104.027606,30.637009
中国建设银行ATM(二环路南四段),finance,金融保险服务;自动提款机;中国建设银行ATM,武侯区,104.031447,30.636276
中国工商银行24小时自助银行(成都长城西一路支行),finance,金融保险服务;自动提款机;中国工商银行ATM,武侯区,104.028496,30.635474
攀枝花市商业银行ATM,finance,金融保险服务;自动提款机;自动提款机,武侯区,104.02659,30.63905
中国工商银行24小时自助银行(红牌楼支行),finance,金融保险服务;自动提款机;中国工商银行ATM,武侯区,104.023897,30.630053
中国工商银行24小时自助银行(董家湾正街),finance,金融保险服务;自动提款机;中国工商银行ATM,武侯区,104.024137,30.632642
成都农商银行ATM(永丰支行),finance,金融保险服务;自动提款机;农村商业银行ATM,武侯区,104.029871,30.638123
成都银行24小时自助银行(佳灵支行),finance,金融保险服务;自动提款机;自动提款机,武侯区,104.024817,30.631984
成都银行ATM(瑞森药业),finance,金融保险服务;自动提款机;自动提款机,武侯区,104.027013,30.638514
中信银行24小时自助银行(成都武侯支行),finance,金融保险服务;自动提款机;中信银行ATM,武侯区,104.027442,30.636914
兴业银行24小时自助银行(红牌楼支行),finance,金融保险服务;自动提款机;兴业银行ATM,武侯区,104.030216,30.633761
中国平安保险代理点,finance,金融保险服务;保险公司;中国平安保险公司,武侯区,104.039823,30.632284
中国平安保险(集团)股份有限公司(肖家河西二巷),finance,金融保险服务;保险公司;中国平安保险公司,武侯区,104.039856,30.632331
中国工商银行(高升桥东路分理处),finance,金融保险服务;银行;中国工商银行,武侯区,104.039384,30.636605
成都农商银行(肖家河分理处),finance,金融保险服务;银行;农村商业银行,武侯区,104.037853,30.63377
中国建设银行(高升东路储蓄所),finance,金融保险服务;银行;中国建设银行,武侯区,104.037999,30.635167
成都银行(高升桥支行),finance,金融保险服务;银行;银行,武侯区,104.03988,30.637527
菜鸟驿站(新里维多利亚民生银行),finance,金融保险服务;银行;中国民生银行,武侯区,104.040239,30.639344
包商银行,finance,金融保险服务;银行;银行,武侯区,104.03647,30.639234
中国民生银行(高升桥东路),finance,金融保险服务;银行;中国民生银行,武侯区,104.038037,30.635662
中国建设银行ATM(肖家河沿街),finance,金融保险服务;自动提款机;中国建设银行ATM,武侯区,104.04313,30.63079
中国光大银行ATM(肖家河沿街),finance,金融保险服务;自动提款机;中国光大银行ATM,武侯区,104.038241,30.633038
中国工商银行24小时自助银行(高升桥东路分理处),finance,金融保险服务;自动提款机;中国工商银行ATM,武侯区,104.039451,30.636574
中国邮政储蓄银行ATM(兴蓉街),finance,金融保险服务;自动提款机;中国邮政储蓄银行ATM,武侯区,104.042848,30.635736
中国农业银行24小时自助银行(成都肖家河北街支行),finance,金融保险服务;自动提款机;中国农业银行ATM,武侯区,104.042449,30.634974
中国民生银行24小时自助银行(风尚国际·锦屏苑南),finance,金融保险服务;自动提款机;中国民生银行ATM,武侯区,104.037988,30.635673
中国建设银行ATM(肖家河街),finance,金融保险服务;自动提款机;中国建设银行ATM,武侯区,104.042115,30.633221
中国银行ATM(广福桥街),finance,金融保险服务;自动提款机;中国银行ATM,武侯区,104.036157,30.636229
成都银行ATM(二环路南四段),finance,金融保险服务;自动提款机;自动提款机,武侯区,104.040438,30.629792
中国工商银行24小时自助银行(肖家河沿街),finance,金融保险服务;自动提款机;中国工商银行ATM,武侯区,104.041905,30.630935
中国建设银行ATM(高升桥东路),finance,金融保险服务;自动提款机;中国建设银行ATM,武侯区,104.036596,30.632492
中国工商银行24小时自助银行(二环路南四段),finance,金融保险服务;自动提款机;中国工商银行ATM,武侯区,104.038727,30.630602
中国建设银行24小时自助银行(高升东路储蓄所),finance,金融保险服务;自动提款机;中国建设银行ATM,武侯区,104.037999,30.635167
成都银行24小时自助银行(高升桥支行),finance,金融保险服务;自动提款机;自动提款机,武侯区,104.039877,30.637525
中国建设银行ATM(兴蓉街),finance,金融保险服务;自动提款机;中国建设银行ATM,武侯区,104.042653,30.635428
中国民生银行24小时自助银行(檀香山花园东),finance,金融保险服务;自动提款机;中国民生银行ATM,武侯区,104.034603,30.629921
成都银行ATM(红旗城南中心),finance,金融保险服务;自动提款机;自动提款机,武侯区,104.037789,30.634003
中国工商银行,finance,金融保险服务;银行;中国工商银行,武侯区,104.042033,30.630913
成都银行ATM(肖家河街),finance,金融保险服务;自动提款机;自动提款机,武侯区,104.042118,30.634401
包商银行24小时自助银行(高升桥南街),finance,金融保险服务;自动提款机;自动提款机,武侯区,104.036504,30.639343
成都农商银行24小时自助银行(肖家河分理处),finance,金融保险服务;自动提款机;农村商业银行ATM,武侯区,104.037853,30.63377
中国平安保险(集团)股份有限公司(一环路南三段),finance,金融保险服务;保险公司;中国平安保险公司,武侯区,104.050246,30.63633
平安人寿保险股份有限公司四川分公司(区拓服务部),finance,金融保险服务;保险公司;中国平安保险公司,武侯区,104.050322,30.636342
中国平安人寿保险股份有限公司(一环路南四段),finance,金融保险服务;保险公司;中国平安保险公司,武侯区,104.047375,30.638228
24h自助银行服务,finance,金融保险服务;自动提款机;自动提款机,武侯区,104.049802,30.629657
华兴银行24小时自助银行服务,finance,金融保险服务;自动提款机;自动提款机,武侯区,104.050225,30.638058
招商银行(成都小天支行),finance,金融保险服务;银行;招商银行,武侯区,104.053158,30.635829
中国农业银行(成都芳草街支行),finance,金融保险服务;银行;中国农业银行,武侯区,104.051278,30.635974
中国农业银行(新蓉支行),finance,金融保险服务;银行;中国农业银行,武侯区,104.046898,30.632765
中国民生银行(成都永丰支行),finance,金融保险服务;银行;中国民生银行,武侯区,104.047197,30.63322
中国邮政储蓄银行(衣冠庙支行),finance,金融保险服务;银行;中国邮政储蓄银行,武侯区,104.048526,30.63542
中国建设银行(成都武侯支行),finance,金融保险服务;银行;中国建设银行,武侯区,104.04806,30.633077
中国邮政储蓄银行(高新区支行营业部),finance,金融保险服务;银行;中国邮政储蓄银行,武侯区,104.044728,30.629753
中国建设银行(成都衣冠庙支行营业部),finance,金融保险服务;银行;中国建设银行,武侯区,104.047924,30.638128
中国邮政储蓄银行(肖家河沿街),finance,金融保险服务;银行;中国邮政储蓄银行,武侯区,104.044648,30.63056
中国工商银行ATM(芳草西二街),finance,金融保险服务;自动提款机;中国工商银行ATM,武侯区,104.048405,30.629535
成都银行ATM(蓝天路),finance,金融保险服务;自动提款机;自动提款机,武侯区,104.053254,30.630062
中国农业银行24h自助银行,finance,金融保险服务;自动提款机;中国农业银行ATM,武侯区,104.049687,30.629601
中国农业银行24小时自助银行(新蓉支行),finance,金融保险服务;自动提款机;中国农业银行ATM,武侯区,104.04687,30.632731
中国农业银行24小时自助银行(成都芳草街支行),finance,金融保险服务;自动提款机;中国农业银行ATM,武侯区,104.051253,30.635983
交通银行ATM(信都大厦A座东北),finance,金融保险服务;自动提款机;交通银行ATM,武侯区,104.051226,30.636434
招商银行24小时自助银行(成都小天支行),finance,金融保险服务;自动提款机;招商银行ATM,武侯区,104.05313,30.635827
中国农业银行24小时自助银行(芳草街),finance,金融保险服务;自动提款机;中国农业银行ATM,武侯区,104.049702,30.629602
成都农商银行(玉林分理处),finance,金融保险服务;银行;农村商业银行,武侯区,104.048006,30.633374
成都银行ATM(芳草街),finance,金融保险服务;自动提款机;自动提款机,武侯区,104.050777,30.631641
平安银行ATM(平安寿险),finance,金融保险服务;自动提款机;平安银行ATM,武侯区,104.047315,30.638299
中国建设银行24小时自助银行(成都衣冠庙支行),finance,金融保险服务;自动提款机;中国建设银行ATM,武侯区,104.047722,30.638064
成都农商银行24小时自助银行(玉林分理处),finance,金融保险服务;自动提款机;农村商业银行ATM,武侯区,104.047917,30.633402
中国邮政储蓄银行24小时自助银行(衣冠庙支行),finance,金融保险服务;自动提款机;中国邮政储蓄银行ATM,武侯区,104.048552,30.63546
中国邮政储蓄银行24小时自助银行(高新区支行),finance,金融保险服务;自动提款机;中国邮政储蓄银行ATM,武侯区,104.04493,30.630068
成都银行ATM(一环路南四段),finance,金融保险服务;自动提款机;自动提款机,武侯区,104.04662,30.638616
平安银行ATM(橄榄园二期东),finance,金融保险服务;自动提款机;平安银行ATM,武侯区,104.045997,30.63134
兴业银行24小时自助银行(洗面桥街),finance,金融保险服务;自动提款机;兴业银行ATM,武侯区,104.050291,30.638095
中国建设银行24小时自助银行(成都武侯支行),finance,金融保险服务;自动提款机;中国建设银行ATM,武侯区,104.04764,30.63326
中国民生银行24小时自助银行(永丰支行),finance,金融保险服务;自动提款机;中国民生银行ATM,武侯区,104.047141,30.633141
中国工商银行24小时自助银行(一环路南四段)(一环路南四段),finance,金融保险服务;自动提款机;中国工商银行ATM,武侯区,104.048559,30.637663
华夏银行社区支行24小时自助银行服务,finance,金融保险服务;自动提款机;华夏银行ATM,武侯区,104.054057,30.635872
中国民生银行(成都华宇蓉国府社区支行),finance,金融保险服务;银行;中国民生银行,武侯区,104.061406,30.630864
中国民生银行24小时自助银行(成都华宇蓉国府社区支行),finance,金融保险服务;自动提款机;中国民生银行ATM,武侯区,104.061406,30.630864
平安银行(成都武侯支行),finance,金融保险服务;银行;平安银行,武侯区,104.056462,30.635889
中国工商银行(一环路南三段分理处),finance,金融保险服务;银行;中国工商银行,武侯区,104.055273,30.635524
中国银行(成都武侯支行),finance,金融保险服务;银行;中国银行,武侯区,104.054085,30.636111
中国银行(成都小天北街支行),finance,金融保险服务;银行;中国银行,武侯区,104.055556,30.638154
交通银行(成都华西支行),finance,金融保险服务;银行;交通银行,武侯区,104.056327,30.637584
中国民生银行(小天西街),finance,金融保险服务;银行;中国民生银行,武侯区,104.053564,30.637464
中国银行(成都玉林支行),finance,金融保险服务;银行;中国银行,武侯区,104.055643,30.629684
中国银行(成都华西支行),finance,金融保险服务;银行;中国银行,武侯区,104.060347,30.636023
中国建设银行(小天西街储蓄所),finance,金融保险服务;银行;中国建设银行,武侯区,104.054484,30.638602
招商银行24小时自助银行(小天丽苑西南),finance,金融保险服务;自动提款机;招商银行ATM,武侯区,104.05562,30.637894
中国建设银行ATM(小天中街),finance,金融保险服务;自动提款机;中国建设银行ATM,武侯区,104.05567,30.638326
中国光大银行ATM(玉林东路),finance,金融保险服务;自动提款机;中国光大银行ATM,武侯区,104.061497,30.631883
中国银行24小时自助银行(成都小天北街支行),finance,金融保险服务;自动提款机;中国银行ATM,武侯区,104.05572,30.638096
中国光大银行ATM(东福大厦北),finance,金融保险服务;自动提款机;中国光大银行ATM,武侯区,104.056127,30.635393
中国民生银行24小时自助银行(小天西街),finance,金融保险服务;自动提款机;中国民生银行ATM,武侯区,104.053564,30.637433
交通银行24小时自助银行(成都华西支行),finance,金融保险服务;自动提款机;交通银行ATM,武侯区,104.056275,30.637596
中国建设银行24小时自助银行(蓝天路),finance,金融保险服务;自动提款机;中国建设银行ATM,武侯区,104.054877,30.629923
华夏银行24小时自助银行(玉林北路),finance,金融保险服务;自动提款机;华夏银行ATM,武侯区,104.05592,30.635458
中国银行24小时自助银行(成都武侯支行),finance,金融保险服务;自动提款机;中国银行ATM,武侯区,104.054064,30.635884
中国建设银行ATM(玉林东街),finance,金融保险服务;自动提款机;中国建设银行ATM,武侯区,104.062159,30.629621
中国工商银行24小时自助银行(一环路南三段分理处),finance,金融保险服务;自动提款机;中国工商银行ATM,武侯区,104.05523,30.635523
平安银行24小时自助银行(武侯支行),finance,金融保险服务;自动提款机;平安银行ATM,武侯区,104.056401,30.635889
中国银行24小时自助银行(成都玉林支行),finance,金融保险服务;自动提款机;中国银行ATM,武侯区,104.055526,30.62969
上海浦东发展银行24小时自助银行(玉林北街),finance,金融保险服务;自动提款机;上海浦东发展银行ATM,武侯区,104.057954,30.634409
交通银行ATM(一环路南三段),finance,金融保险服务;自动提款机;交通银行ATM,武侯区,104.057828,30.635529
上海银行ATM(玉林北路),finance,金融保险服务;自动提款机;上海银行ATM,武侯区,104.056175,30.633883
中国建设银行ATM(电信南街),finance,金融保险服务;自动提款机;中国建设银行ATM,武侯区,104.058994,30.63923
中国建设银行ATM(一环路南三段),finance,金融保险服务;自动提款机;中国建设银行ATM,武侯区,104.057806,30.635527
成都银行ATM(小天西街),finance,金融保险服务;自动提款机;自动提款机,武侯区,104.054239,30.638815
中国银行24小时自助银行(成都华西支行),finance,金融保险服务;自动提款机;中国银行ATM,武侯区,104.060347,30.636023
中国建设银行24小时自助银行(小天西街储蓄所),finance,金融保险服务;自动提款机;中国建设银行ATM,武侯区,104.054401,30.638631
中国建设银行(磨子桥分理处),finance,金融保险服务;银行;中国建设银行,武侯区,104.072925,30.635389
兴业银行(成都人民南路支行),finance,金融保险服务;银行;兴业银行,武侯区,104.064583,30.631074
交通银行(成都人民南路支行),finance,金融保险服务;银行;交通银行,武侯区,104.064623,30.631554
成都银行(跳伞塔支行),finance,金融保险服务;银行;银行,武侯区,104.0643,30.637414
中信银行(成都人民南路支行),finance,金融保险服务;银行;中信银行,武侯区,104.06418,30.639333
中国银行(成都中科支行),finance,金融保险服务;银行;中国银行,武侯区,104.069396,30.632127
中国农业银行(成都武城支行),finance,金融保险服务;银行;中国农业银行,武侯区,104.072653,30.636232
中国建设银行(成都南虹支行),finance,金融保险服务;银行;中国建设银行,武侯区,104.064326,30.636959
平安银行(成都人民南路支行),finance,金融保险服务;银行;平安银行,武侯区,104.064572,30.631204
中国工商银行24小时自助银行(一环路南二段),finance,金融保险服务;自动提款机;中国工商银行ATM,武侯区,104.064651,30.636194
厦门国际银行(成都支行),finance,金融保险服务;银行;银行,武侯区,104.066541,30.632163
招商银行ATM(人民南路四段),finance,金融保险服务;自动提款机;招商银行ATM,武侯区,104.065151,30.635744
交通银行ATM(时代数码大厦A座北),finance,金融保险服务;自动提款机;交通银行ATM,武侯区,104.064779,30.635388
招商银行ATM(人民南路三段),finance,金融保险服务;自动提款机;招商银行ATM,武侯区,104.064359,30.636444
苏格兰皇家银行(成都分行),finance,金融保险服务;银行;苏格兰皇家银行,武侯区,104.065356,30.633989
中国建设银行ATM(一环路南二段),finance,金融保险服务;自动提款机;中国建设银行ATM,武侯区,104.066348,30.636172
中国农业银行24小时自助银行(成都武城支行),finance,金融保险服务;自动提款机;中国农业银行ATM,武侯区,104.072649,30.636221
南充市商业银行(成都东华电脑城小微支行),finance,金融保险服务;银行;银行,武侯区,104.066264,30.636173
中国建设银行24小时自助银行(磨子桥分理处),finance,金融保险服务;自动提款机;中国建设银行ATM,武侯区,104.072933,30.635389
中信银行ATM(一环路南二段),finance,金融保险服务;自动提款机;中信银行ATM,武侯区,104.064623,30.636541
中国建设银行ATM(人民南路四段),finance,金融保险服务;自动提款机;中国银行ATM|金融保险服务;自动提款机;中国建设银行ATM,武侯区,104.065086,30.635743
交通银行ATM(一环路南二段),finance,金融保险服务;自动提款机;交通银行ATM,武侯区,104.064356,30.636416
中国建设银行ATM(一环路南二段),finance,金融保险服务;自动提款机;中国建设银行ATM,武侯区,104.065625,30.635737
中国光大银行ATM(旅游村街),finance,金融保险服务;自动提款机;中国光大银行ATM,武侯区,104.070437,30.638377
中国建设银行24小时自助银行(科院街),finance,金融保险服务;自动提款机;中国建设银行ATM,武侯区,104.069171,30.631813
交通银行24小时自助银行(成都人民南路支行),finance,金融保险服务;自动提款机;交通银行ATM,武侯区,104.064889,30.631727
中国银行24小时自助银行(中科支行),finance,金融保险服务;自动提款机;中国银行ATM,武侯区,104.069236,30.632128
兴业银行24小时自助银行,finance,金融保险服务;自动提款机;兴业银行ATM,武侯区,104.064349,30.636571
中国建设银行24小时自助银行(南虹支行),finance,金融保险服务;自动提款机;中国建设银行ATM,武侯区,104.064326,30.636959
兴业银行24小时自助银行(成都人民南路支行),finance,金融保险服务;自动提款机;兴业银行ATM,武侯区,104.064583,30.631074
abc中国农业银行存取款一体机,finance,金融保险服务;自动提款机;自动提款机,武侯区,104.063693,30.629504
中国建设银行ATM(成科西路),finance,金融保险服务;自动提款机;中国建设银行ATM,武侯区,104.06627,30.631744
南充市商业银行24小时自助银行,finance,金融保险服务;自动提款机;自动提款机,武侯区,104.066094,30.636167
成都银行(人民南路支行),finance,金融保险服务;银行;银行,武侯区,104.063576,30.630644
中国工商银行24小时自助银行(人民南路三段),finance,金融保险服务;自动提款机;中国工商银行ATM,武侯区,104.063751,30.638266
平安银行24小时自助银行(成都人民南路支行),finance,金融保险服务;自动提款机;平安银行ATM,武侯区,104.064572,30.631204
成都银行24小时自助银行(人民南路支行),finance,金融保险服务;自动提款机;自动提款机,武侯区,104.063576,30.630644
成都银行24小时自助银行(跳伞塔支行),finance,金融保险服务;自动提款机;自动提款机,武侯区,104.064304,30.637364
包商银行24小时自助银行(人民南路三段),finance,金融保险服务;自动提款机;自动提款机,武侯区,104.064256,30.638154
中国工商银行,finance,金融保险服务;银行;中国工商银行,武侯区,104.075022,30.636952
中国工商银行(东大支行营业室),finance,金融保险服务;银行;中国工商银行,武侯区,104.075047,30.637015
成都农商银行24小时自助银行(磨子桥分理处),finance,金融保险服务;自动提款机;农村商业银行ATM,武侯区,104.073519,30.633944
中国工商银行(四川大学支行),finance,金融保险服务;银行;中国工商银行,武侯区,104.07677,30.635081
成都农商银行(磨子桥分理处),finance,金融保险服务;银行;农村商业银行,武侯区,104.073517,30.634004
兴业银行(磨子桥支行),finance,金融保险服务;银行;兴业银行,武侯区,104.074728,30.636948
成都银行(科华北路支行),finance,金融保险服务;银行;银行,武侯区,104.0742,30.631117
招商银行ATM(新南路),finance,金融保险服务;自动提款机;招商银行ATM,武侯区,104.07383,30.637489
中国银行(成都川大南苑支行),finance,金融保险服务;银行;中国银行,武侯区,104.077188,30.629537
中国建设银行(成都川大支行),finance,金融保险服务;银行;中国建设银行,武侯区,104.080967,30.630891
中国银行ATM(学子路),finance,金融保险服务;自动提款机;中国银行ATM,武侯区,104.082811,30.632904
中国建设银行ATM(百脑汇北),finance,金融保险服务;自动提款机;中国建设银行ATM,武侯区,104.073826,30.637863
攀枝花市商业银行(成都科华支行),finance,金融保险服务;银行;银行,武侯区,104.074082,30.632763
成都汇通城市合作银行,finance,金融保险服务;银行;银行,武侯区,104.073778,30.638339
中国建设银行ATM(一环路南一段),finance,金融保险服务;自动提款机;中国建设银行ATM,武侯区,104.080407,30.638983
中国邮政储蓄银行(川大东区),finance,金融保险服务;银行;中国邮政储蓄银行,武侯区,104.082035,30.635015
中国工商银行24小时自助银行(科华北路),finance,金融保险服务;自动提款机;中国工商银行ATM,武侯区,104.074206,30.630928
中国建设银行ATM(学府东路),finance,金融保险服务;自动提款机;中国建设银行ATM,武侯区,104.082667,30.632971
中国光大银行24小时自助银行(望江医院西南),finance,金融保险服务;自动提款机;中国光大银行ATM,武侯区,104.080582,30.632488
兴业银行ATM(新南路),finance,金融保险服务;自动提款机;兴业银行ATM,武侯区,104.073817,30.637925
中国工商银行24小时自助银行(东大支行营业室),finance,金融保险服务;自动提款机;中国工商银行ATM,武侯区,104.07509,30.637035
中国建设银行ATM(张澜路),finance,金融保险服务;自动提款机;中国建设银行ATM,武侯区,104.082273,30.635568
中国建设银行ATM(北园路),finance,金融保险服务;自动提款机;中国建设银行ATM,武侯区,104.077439,30.635789
中国建设银行ATM(康乐苑西南),finance,金融保险服务;自动提款机;中国建设银行ATM,武侯区,104.08134,30.636666
中国工商银行24小时自助银行,finance,金融保险服务;自动提款机;中国工商银行ATM,武侯区,104.075199,30.637028
中国民生银行24小时自助银行(一环路南一段),finance,金融保险服务;自动提款机;中国民生银行ATM,武侯区,104.076033,30.63746
中国建设银行ATM(KEN商务写字楼南),finance,金融保险服务;自动提款机;中国建设银行ATM,武侯区,104.077233,30.635134
中国工商银行24小时自助银行(文华大道),finance,金融保险服务;自动提款机;中国工商银行ATM,武侯区,104.081941,30.634729
成都银行ATM(红瓦寺街),finance,金融保险服务;自动提款机;自动提款机,武侯区,104.080896,30.638312
中国工商银行ATM(望江医院东南),finance,金融保险服务;自动提款机;中国工商银行ATM,武侯区,104.082778,30.632566
成都银行24小时自助银行(科华北路支行),finance,金融保险服务;自动提款机;自动提款机,武侯区,104.0742,30.631117
中国建设银行ATM(成都润禾皮肤病专科医院北),finance,金融保险服务;自动提款机;中国建设银行ATM,武侯区,104.073615,30.632776
中国建设银行24小时自助银行(学子路),finance,金融保险服务;自动提款机;中国银行ATM|金融保险服务;自动提款机;中国建设银行ATM,武侯区,104.081323,30.6315
成都银行(川大支行),finance,金融保险服务;银行;银行,武侯区,104.081023,30.633447
中国建设银行24小时自助银行(成都川大支行),finance,金融保险服务;自动提款机;中国建设银行ATM,武侯区,104.080895,30.630919
中国工商银行ATM(四川大学支行),finance,金融保险服务;自动提款机;中国工商银行ATM,武侯区,104.076723,30.635624
中国银行24小时自助银行(成都川大南苑支行),finance,金融保险服务;自动提款机;中国银行ATM,武侯区,104.077175,30.629685
攀枝花市商业银行24小时自助银行(成都科华支行),finance,金融保险服务;自动提款机;自动提款机,武侯区,104.074082,30.632763
成都银行24小时自助银行(川大支行),finance,金融保险服务;自动提款机;自动提款机,武侯区,104.081117,30.633543
中国邮政储蓄银行24小时自助银行(文华大道),finance,金融保险服务;自动提款机;中国邮政储蓄银行ATM,武侯区,104.082017,30.634976
ICBC24h自助银行服务,finance,金融保险服务;自动提款机;自动提款机,锦江区,104.092554,30.638546
上海浦东发展银行ATM(莲桂西路),finance,金融保险服务;自动提款机;上海浦东发展银行ATM,锦江区,104.090829,30.638941
中国建设银行(顺江路支行),finance,金融保险服务;银行;中国建设银行,锦江区,104.090932,30.638976
成都银行(望江支行),finance,金融保险服务;银行;银行,锦江区,104.091044,30.638717
中国工商银行24小时自助银行(莲花西路),finance,金融保险服务;自动提款机;中国工商银行ATM,锦江区,104.092539,30.638533
中国建设银行24小时自助银行(顺江路支行),finance,金融保险服务;自动提款机;中国建设银行ATM,锦江区,104.090899,30.638962
成都银行24小时自助银行(望江支行),finance,金融保险服务;自动提款机;自动提款机,锦江区,104.091112,30.638682
成都银行24小时自助服务银行(龙舟路),finance,金融保险服务;自动提款机;自动提款机,锦江区,104.096401,30.629564
中国建设银行,finance,金融保险服务;银行;中国建设银行,锦江区,104.093688,30.6315
中国建设银行(莲花新区分理处),finance,金融保险服务;银行;中国建设银行,锦江区,104.097727,30.638848
中国农业银行,finance,金融保险服务;银行;中国农业银行,锦江区,104.09431,30.631826
中国农业银行(成都望江分理处),finance,金融保险服务;银行;中国农业银行,锦江区,104.095719,30.629578
成都银行(龙舟路支行),finance,金融保险服务;银行;银行,锦江区,104.096333,30.629604
中国农业银行(成都通盈路支行),finance,金融保险服务;银行;中国农业银行,锦江区,104.102853,30.633403
中国邮政储蓄银行(龙舟路营业所),finance,金融保险服务;银行;中国邮政储蓄银行,锦江区,104.095523,30.629707
兴业银行24小时自助银行(莲桂南路),finance,金融保险服务;自动提款机;兴业银行ATM,锦江区,104.094581,30.632295
兴业银行(成都锦天府社区支行),finance,金融保险服务;银行;兴业银行,锦江区,104.101268,30.63416
中国建设银行ATM(二环路东四段),finance,金融保险服务;自动提款机;中国建设银行ATM,锦江区,104.098531,30.631844
中国建设银行24小时自助银行(莲桂东路),finance,金融保险服务;自动提款机;中国建设银行ATM,锦江区,104.098384,30.635821
中国建设银行24小时自助银行(莲桂南路),finance,金融保险服务;自动提款机;中国建设银行ATM,锦江区,104.093845,30.631502
兴业银行24小时自助银行(成都锦天府社区支行),finance,金融保险服务;自动提款机;兴业银行ATM,锦江区,104.101306,30.634138
中国农业银行24小时自助银行(成都通盈路支行),finance,金融保险服务;自动提款机;中国农业银行ATM,锦江区,104.102682,30.633485
中国工商银行24小时自助银行(莲花北一巷),finance,金融保险服务;自动提款机;中国工商银行ATM,锦江区,104.096024,30.634595
中国农业银行24小时自助银行(成都望江支行),finance,金融保险服务;自动提款机;中国农业银行ATM,锦江区,104.095684,30.629603
中国建设银行24小时自助银行(莲花新区分理处),finance,金融保险服务;自动提款机;中国建设银行ATM,锦江区,104.097757,30.638897
上海浦东发展银行24小时自助银行(成都绿地锦天府社区支行),finance,金融保险服务;自动提款机;上海浦东发展银行ATM,锦江区,104.101837,30.633885
中国农业银行24小时自助银行(莲桂南路),finance,金融保险服务;自动提款机;中国农业银行ATM,锦江区,104.094233,30.63165
银联便民支付点(工农院街),finance,金融保险服务;银行相关;银行相关,锦江区,104.097561,30.632034
中国邮政储蓄银行24小时自助银行(龙舟路营业所),finance,金融保险服务;自动提款机;中国邮政储蓄银行ATM,锦江区,104.095524,30.62971
上海浦东发展银行(成都绿地锦天府社区支行),finance,金融保险服务;银行;上海浦东发展银行,锦江区,104.101837,30.633885
中国平安保险(集团)股份有限公司(通盈街),finance,金融保险服务;保险公司;中国平安保险公司,锦江区,104.103816,30.632956
中国邮政24小时自助服务,finance,金融保险服务;自动提款机;自动提款机,锦江区,104.112219,30.62981
中国建设银行(牛沙路储蓄所),finance,金融保险服务;银行;中国建设银行,锦江区,104.103815,30.632956
天津银行(成都锦江支行),finance,金融保险服务;银行;银行,锦江区,104.103882,30.632953
中国建设银行ATM(牛沙路),finance,金融保险服务;自动提款机;中国建设银行ATM,锦江区,104.106284,30.629535
中国建设银行24小时自助银行(牛沙路储蓄所),finance,金融保险服务;自动提款机;中国建设银行ATM,锦江区,104.103599,30.632579
天津银行ATM,finance,金融保险服务;自动提款机;自动提款机,锦江区,104.104092,30.632596
中国工商银行24小时自助银行(汇源北路),finance,金融保险服务;自动提款机;中国工商银行ATM,锦江区,104.11163,30.638089
天津银行24小时自助银行(成都锦江支行),finance,金融保险服务;自动提款机;自动提款机,锦江区,104.10419,30.632788
中国工商银行24小时自助银行(中沙北路),finance,金融保险服务;自动提款机;中国工商银行ATM,锦江区,104.108549,30.630845
中国建设银行24小时自助银行,finance,金融保险服务;自动提款机;中国建设银行ATM,锦江区,104.108705,30.63059
中国建设银行ATM(迎晖路),finance,金融保险服务;自动提款机;中国建设银行ATM,成华区,104.125512,30.638306
成都农商银行自助服务(成都东站),finance,金融保险服务;银行;银行,成华区,104.136703,30.631753
中国建设银行自助服务(成都东站),finance,金融保险服务;银行相关;银行相关,成华区,104.138834,30.631954
中国建设银行自助服务(成都东站),finance,金融保险服务;银行相关;银行相关,成华区,104.136876,30.631204
中国农业银行自助服务(成都东站),finance,金融保险服务;银行相关;银行相关,成华区,104.136865,30.631181
中国建设银行ATM,finance,金融保险服务;自动提款机;中国建设银行ATM,成华区,104.140123,30.631581
中国建设银行ATM(成都东站),finance,金融保险服务;自动提款机;中国建设银行ATM|金融保险服务;银行相关;银行相关,成华区,104.140702,30.630042
中国建设银行ATM,finance,金融保险服务;自动提款机;中国建设银行ATM,成华区,104.13844,30.630818
中国农业银行ATM(岷江路),finance,金融保险服务;自动提款机;中国农业银行ATM,成华区,104.136863,30.631181
中国建设银行ATM(成都东站),finance,金融保险服务;自动提款机;中国建设银行ATM,成华区,104.140044,30.631525
中国建设银行ATM(金沙江路),finance,金融保险服务;自动提款机;中国建设银行ATM,成华区,104.14065,30.629941
中国建设银行ATM(成都东站),finance,金融保险服务;自动提款机;中国建设银行ATM,成华区,104.138841,30.631974
中国建设银行ATM(成都东站),finance,金融保险服务;自动提款机;中国建设银行ATM,成华区,104.136873,30.631203
中国建设银行ATM(成都东站),finance,金融保险服务;自动提款机;中国建设银行ATM,成华区,104.138378,30.63105
中国建设银行ATM(金沙江路),finance,金融保险服务;自动提款机;中国建设银行ATM,成华区,104.138833,30.631958
中国农业银行24小时自助银行(青城山路),finance,金融保险服务;自动提款机;中国农业银行ATM,成华区,104.135208,30.631034
成都农商银行ATM(金沙江路),finance,金融保险服务;自动提款机;农村商业银行ATM,成华区,104.137354,30.6315
成都农商银行自动提款机(成都东站),finance,金融保险服务;自动提款机;自动提款机,成华区,104.136708,30.631754
兴业银行24小时自助银行(成都摩玛新城社区支行),finance,金融保险服务;自动提款机;兴业银行ATM,成华区,104.151254,30.631594
兴业银行(成都摩玛新城社区支行),finance,金融保险服务;银行;兴业银行,成华区,104.151254,30.631594
中国建设银行(万科北街),finance,金融保险服务;银行;中国建设银行,成华区,104.151551,30.631594
招商银行24小时自助银行(万科路),finance,金融保险服务;自动提款机;招商银行ATM,成华区,104.150399,30.629522
大连银行(万科北路小微支行),finance,金融保险服务;银行;银行,成华区,104.151881,30.631573
中国银行ATM(万科路),finance,金融保险服务;自动提款机;中国银行ATM,成华区,104.149408,30.629772
中国建设银行ATM(天鹅路),finance,金融保险服务;自动提款机;中国建设银行ATM,成华区,104.152554,30.631876
中国建设银行ATM(万科北街),finance,金融保险服务;自动提款机;中国建设银行ATM,成华区,104.148546,30.6301
中国农业银行24小时自助银行(万科路),finance,金融保险服务;自动提款机;中国农业银行ATM,成华区,104.150453,30.629535
交通银行ATM(舞东风万科魅力之城),finance,金融保险服务;自动提款机;交通银行ATM,成华区,104.148522,30.630059
中国建设银行24小时自助银行(和美西路),finance,金融保险服务;自动提款机;中国建设银行ATM,成华区,104.149925,30.632678
中国建设银行24小时自助银行(万科北街),finance,金融保险服务;自动提款机;中国建设银行ATM,成华区,104.151551,30.631594
贵阳银行24小时自助银行(成华支行),finance,金融保险服务;自动提款机;自动提款机,成华区,104.146779,30.63408
贵阳银行(成华支行),finance,金融保险服务;银行;银行,成华区,104.146824,30.634061
大连银行24小时自助银行(万科北路小微支行),finance,金融保险服务;自动提款机;自动提款机,成华区,104.151881,30.631573
攀枝花市商业银行,finance,金融保险服务;银行;银行,成华区,104.157198,30.629566
交通银行24小时自助银行(和美东路),finance,金融保险服务;自动提款机;交通银行ATM,成华区,104.15409,30.631275
攀枝花市商业银行24小时自助银行(和美东路),finance,金融保险服务;自动提款机;自动提款机,成华区,104.157201,30.629637
交通银行ATM(金瓦路),finance,金融保险服务;自动提款机;交通银行ATM,武侯区,103.968108,30.629498
中国建设银行ATM(金兴中路),finance,金融保险服务;自动提款机;中国建设银行ATM,武侯区,103.968828,30.626095
交通银行(成都新城支行),finance,金融保险服务;银行;交通银行,武侯区,103.982576,30.625114
中国建设银行24小时自助银行(武兴路),finance,金融保险服务;自动提款机;中国建设银行ATM,武侯区,103.980489,30.625332
中国邮政储蓄银行24小时自助银行(武兴路支行),finance,金融保险服务;自动提款机;中国邮政储蓄银行ATM,武侯区,103.977887,30.624069
交通银行24小时自助银行(成都新城支行),finance,金融保险服务;自动提款机;交通银行ATM,武侯区,103.982576,30.625116
成都农商银行24小时自助银行(武科西一路),finance,金融保险服务;自动提款机;农村商业银行ATM,武侯区,103.981524,30.628071
中国邮政储蓄银行(武兴路支行),finance,金融保险服务;银行;中国邮政储蓄银行,武侯区,103.978202,30.624234
华泰保险股份有限公司(聚贤街),finance,金融保险服务;保险公司;华泰财产保险股份有限公司,武侯区,103.991168,30.624992
中国民生银行(成都华宇楠苑社区支行),finance,金融保险服务;银行;中国民生银行,武侯区,103.99314,30.627371
中信银行(万兴路支行),finance,金融保险服务;银行;中信银行,武侯区,103.985683,30.621657
中国农业银行(成都武侯支行)(福锦路一段),finance,金融保险服务;银行;中国农业银行,武侯区,103.986107,30.624112
中国建设银行(成都保利花园支行),finance,金融保险服务;银行;中国建设银行,武侯区,103.987602,30.625182
恒丰银行(成都金楠广场社区支行),finance,金融保险服务;银行;银行,武侯区,103.991955,30.626221
攀枝花市商业银行(成都保利花园社区支行),finance,金融保险服务;银行;银行,武侯区,103.988869,30.623835
中国工商银行ATM(聚福路),finance,金融保险服务;自动提款机;中国工商银行ATM,武侯区,103.988031,30.624302
中国农业银行24小时自助银行(聚贤街),finance,金融保险服务;自动提款机;中国农业银行ATM,武侯区,103.99038,30.625588
招商银行24小时自助银行(成都福锦路小微支行),finance,金融保险服务;自动提款机;招商银行ATM,武侯区,103.985543,30.622603
中国建设银行24小时自助银行(聚福路),finance,金融保险服务;自动提款机;中国建设银行ATM,武侯区,103.989529,30.622807
中信银行24小时自助银行(聚福路),finance,金融保险服务;自动提款机;中信银行ATM,武侯区,103.988962,30.623715
中国建设银行24小时自助银行(福锦路一段),finance,金融保险服务;自动提款机;中国建设银行ATM,武侯区,103.985144,30.623492
中信银行24小时自助银行(万兴路支行),finance,金融保险服务;自动提款机;中信银行ATM,武侯区,103.985694,30.621609
中国工商银行24小时自助银行(聚贤街),finance,金融保险服务;自动提款机;中国工商银行ATM,武侯区,103.991367,30.624674
中国农业银行24小时自助银行(成都武侯支行),finance,金融保险服务;自动提款机;中国农业银行ATM,武侯区,103.98623,30.624168
恒丰银行24小时自助银行(成都金楠广场社区支行),finance,金融保险服务;自动提款机;自动提款机,武侯区,103.991955,30.626221
招商银行24小时自助银行(聚萃街),finance,金融保险服务;自动提款机;招商银行ATM,武侯区,103.996269,30.629031
成都农商银行(簇锦支行),finance,金融保险服务;银行;农村商业银行,武侯区,103.994243,30.625805
中国建设银行(尚品广场储蓄所),finance,金融保险服务;银行;中国建设银行,武侯区,103.994521,30.627631
中国建设银行24小时自助银行(尚品广场储蓄所),finance,金融保险服务;自动提款机;中国建设银行ATM,武侯区,103.994342,30.627543
交通银行ATM(太平园西路),finance,金融保险服务;自动提款机;交通银行ATM,武侯区,104.000195,30.621711
成都农商银行24小时自助银行(簇锦支行),finance,金融保险服务;自动提款机;农村商业银行ATM,武侯区,103.99418,30.625908
中国建设银行ATM(兆景路),finance,金融保险服务;自动提款机;中国建设银行ATM,武侯区,103.996436,30.628434
中信银行24小时自助银行(聚萃街),finance,金融保险服务;自动提款机;中信银行ATM,武侯区,103.994311,30.629395
中国银行(成都聚萃街支行),finance,金融保险服务;银行;中国银行,武侯区,103.995861,30.628564
中国银行24小时自助银行(成都聚萃街支行),finance,金融保险服务;自动提款机;中国银行ATM,武侯区,103.995922,30.628586
成都农商银行24小时自助银行(兆景路),finance,金融保险服务;自动提款机;农村商业银行ATM,武侯区,103.994025,30.627392
成都农商银行(太平园分理处),finance,金融保险服务;银行;农村商业银行,武侯区,104.014633,30.623463
中信银行24小时自助银行(太平园横一街),finance,金融保险服务;自动提款机;中信银行ATM,武侯区,104.014125,30.628758
成都农商银行24小时自助银行(太平园分理处),finance,金融保险服务;自动提款机;农村商业银行ATM,武侯区,104.014633,30.623463
中国银行(成都丽都支行),finance,金融保险服务;银行;中国银行,武侯区,104.030607,30.62705
中国民生银行(丽都路),finance,金融保险服务;银行;中国民生银行,武侯区,104.028375,30.623646
中国建设银行(成都丽都路支行),finance,金融保险服务;银行;中国建设银行,武侯区,104.030012,30.627273
哈尔滨银行(成都武侯支行),finance,金融保险服务;银行;银行,武侯区,104.02616,30.629144
天津银行(成都武侯支行),finance,金融保险服务;银行;银行,武侯区,104.029194,30.62621
中国邮政储蓄银行ATM(长益路),finance,金融保险服务;自动提款机;中国邮政储蓄银行ATM,武侯区,104.027372,30.628486
华夏银行(成都玉林支行),finance,金融保险服务;银行;华夏银行,武侯区,104.029119,30.62601
华夏银行ATM(九兴大道),finance,金融保险服务;自动提款机;华夏银行ATM,武侯区,104.031637,30.626489
中国建设银行ATM(长益街),finance,金融保险服务;自动提款机;中国建设银行ATM,武侯区,104.028826,30.628599
中国建设银行24小时自助银行(长益西二路),finance,金融保险服务;自动提款机;中国建设银行ATM,武侯区,104.025271,30.62658
中国建设银行24小时自助银行(成都丽都路支行),finance,金融保险服务;自动提款机;中国建设银行ATM,武侯区,104.029881,30.62723
中国银行24小时自助银行(董家湾南街),finance,金融保险服务;自动提款机;中国银行ATM,武侯区,104.030643,30.627014
中国民生银行24小时自助银行(丽都路),finance,金融保险服务;自动提款机;中国民生银行ATM,武侯区,104.028375,30.623646
成都农商银行ATM(长益路),finance,金融保险服务;自动提款机;农村商业银行ATM,武侯区,104.027326,30.628506
哈尔滨银行24小时自助银行(成都武侯支行),finance,金融保险服务;自动提款机;自动提款机,武侯区,104.026079,30.629179
成都市农村商业银行(自助银行),finance,金融保险服务;自动提款机;农村商业银行ATM,武侯区,104.028734,30.624249
华夏银行24小时自助银行(成都玉林支行),finance,金融保险服务;自动提款机;华夏银行ATM,武侯区,104.029119,30.62601
包商银行24小时自助银行(长益路),finance,金融保险服务;自动提款机;自动提款机,武侯区,104.024853,30.629431
天津银行24小时自助银行(丽都路),finance,金融保险服务;自动提款机;自动提款机,武侯区,104.029432,30.6263
招商银行24小时自助银行(科园三路),finance,金融保险服务;自动提款机;招商银行ATM,武侯区,104.028662,30.625131
中国农业银行24小时自助银行(丽都路),finance,金融保险服务;自动提款机;中国农业银行ATM,武侯区,104.028981,30.624597
中信银行24小时自助银行(科园三路),finance,金融保险服务;自动提款机;中信银行ATM,武侯区,104.029091,30.624641
中国工商银行24小时自助银行(科园三路),finance,金融保险服务;自动提款机;中国工商银行ATM,武侯区,104.029232,30.62458
中国邮政储蓄银行(核桃堰路营业所),finance,金融保险服务;银行;中国邮政储蓄银行,武侯区,104.023944,30.629006
成都农商银行24小时自助银行(丽都路),finance,金融保险服务;自动提款机;农村商业银行ATM,武侯区,104.028818,30.624295
中国邮政储蓄银行ATM(核桃堰路营业所),finance,金融保险服务;自动提款机;中国邮政储蓄银行ATM,武侯区,104.023944,30.629006
华泰财产保险股份有限公司(成都有限公司),finance,金融保险服务;保险公司;华泰财产保险股份有限公司,武侯区,104.038688,30.628666
交通银行(成都创业路支行),finance,金融保险服务;银行;交通银行,武侯区,104.04044,30.62298
中国工商银行(成都永丰路支行),finance,金融保险服务;银行;中国工商银行,武侯区,104.039487,30.622468
招商银行ATM(传媒集团),finance,金融保险服务;自动提款机;招商银行ATM,武侯区,104.03832,30.628534
成都银行(科技支行),finance,金融保险服务;银行;银行,武侯区,104.042725,30.625182
交通银行ATM(肖家河沿巷),finance,金融保险服务;自动提款机;交通银行ATM,武侯区,104.042664,30.62917
上海浦东发展银行(成都神仙树社区支行),finance,金融保险服务;银行;上海浦东发展银行,武侯区,104.041329,30.621066
中信银行ATM(高朋大道),finance,金融保险服务;自动提款机;中信银行ATM,武侯区,104.038519,30.628689
兴业银行ATM(东方希望A座西),finance,金融保险服务;自动提款机;兴业银行ATM,武侯区,104.038519,30.628689
中国工商银行24小时自助银行(成都永丰路支行),finance,金融保险服务;自动提款机;中国工商银行ATM,武侯区,104.03964,30.622396
诺亚方舟-ATM,finance,金融保险服务;自动提款机;自动提款机,武侯区,104.036969,30.61994
中国民生银行ATM(东方希望A座西),finance,金融保险服务;自动提款机;中国民生银行ATM,武侯区,104.038519,30.628689
成都银行ATM(火炬时代A区西),finance,金融保险服务;自动提款机;自动提款机,武侯区,104.035947,30.62231
交通银行24小时自助银行(创业路支行),finance,金融保险服务;自动提款机;交通银行ATM,武侯区,104.040388,30.622913
中国光大银行(成都神仙树支行),finance,金融保险服务;银行;中国光大银行,武侯区,104.042726,30.620382
中国光大银行24小时自助银行(成都神仙树支行),finance,金融保险服务;自动提款机;中国光大银行ATM,武侯区,104.042599,30.620416
上海浦东发展银行24小时自助银行(成都神仙树社区支行),finance,金融保险服务;自动提款机;上海浦东发展银行ATM,武侯区,104.041402,30.621035
成都银行24小时自助银行(科技支行),finance,金融保险服务;自动提款机;自动提款机,武侯区,104.042759,30.625232
南洋商业银行(成都高新支行),finance,金融保险服务;银行;南洋商业银行,武侯区,104.04051,30.62193
南洋商业银行24小时自助银行(成都高新支行),finance,金融保险服务;自动提款机;南洋商业银行ATM,武侯区,104.04041,30.621764
华泰保险股份有限公司(高新营销服务部),finance,金融保险服务;保险公司;华泰财产保险股份有限公司,武侯区,104.045408,30.628939
中信银行24小时自助银行(芳草街),finance,金融保险服务;自动提款机;中信银行ATM,武侯区,104.047737,30.626977
上海浦东发展银行24小时自助银行(紫荆支行),finance,金融保险服务;自动提款机;上海浦东发展银行ATM,武侯区,104.046767,30.625852
恒丰银行(成都分行),finance,金融保险服务;银行;银行,武侯区,104.045097,30.628974
中信银行(紫荆支行),finance,金融保险服务;银行;中信银行,武侯区,104.050648,30.621377
中国银行(银都支行),finance,金融保险服务;银行;中国银行,武侯区,104.05261,30.619749
招商银行(成都芳草东街社区支行),finance,金融保险服务;银行;招商银行,武侯区,104.051486,30.627633
中国工商银行(成都高新支行营业室),finance,金融保险服务;银行;中国工商银行,武侯区,104.049069,30.629045
中国建设银行,finance,金融保险服务;银行;中国建设银行,武侯区,104.043898,30.622571
中国建设银行(紫荆北路储蓄所),finance,金融保险服务;银行;中国建设银行,武侯区,104.050937,30.6221
成都银行(芳草支行),finance,金融保险服务;银行;银行,武侯区,104.052046,30.627365
成都银行(紫荆北路支行),finance,金融保险服务;银行;银行,武侯区,104.049847,30.620502
天津银行(成都方庆社区支行),finance,金融保险服务;银行;银行,武侯区,104.04655,30.627621
平安银行(成都瑞名街社区支行),finance,金融保险服务;银行;平安银行,武侯区,104.047468,30.62828
中国建设银行ATM(神仙树西路),finance,金融保险服务;自动提款机;中国建设银行ATM,武侯区,104.043887,30.622596
南充市商业银行(成都瑞名街社区支行),finance,金融保险服务;银行;银行,武侯区,104.047223,30.628483
华夏银行ATM(芳沁街),finance,金融保险服务;自动提款机;华夏银行ATM,武侯区,104.046041,30.628605
南充市商业银行24小时自助银行(瑞升南街),finance,金融保险服务;自动提款机;自动提款机,武侯区,104.047244,30.628481
东亚银行(中国)(玉林支行),finance,金融保险服务;银行;东亚银行,武侯区,104.0492,30.628592
招商银行24小时自助银行(成都芳草东街社区支行),finance,金融保险服务;自动提款机;招商银行ATM,武侯区,104.051502,30.627624
上海浦东发展银行(紫荆支行),finance,金融保险服务;银行;上海浦东发展银行,武侯区,104.046707,30.625882
中国建设银行(成都玉林支行),finance,金融保险服务;银行;中国建设银行,武侯区,104.049774,30.628372
中信银行24小时自助银行(芳草东街),finance,金融保险服务;自动提款机;中信银行ATM,武侯区,104.051512,30.627601
华夏银行24小时自助银行(神仙树北路),finance,金融保险服务;自动提款机;华夏银行ATM,武侯区,104.047147,30.624693
成都银行ATM(紫荆北路),finance,金融保险服务;自动提款机;自动提款机,武侯区,104.05173,30.623412
中国建设银行24小时自助银行(成都玉林支行),finance,金融保险服务;自动提款机;中国建设银行ATM,武侯区,104.049829,30.62835
中国建设银行24小时自助银行(二环路南三段),finance,金融保险服务;自动提款机;中国建设银行ATM,武侯区,104.049147,30.624622
成都市农村商业银行ATM,finance,金融保险服务;自动提款机;农村商业银行ATM,武侯区,104.050915,30.627849
中国建设银行24小时自助银行(紫荆北路储蓄所),finance,金融保险服务;自动提款机;中国建设银行ATM,武侯区,104.050937,30.6221
中国建设银行ATM(元华二巷),finance,金融保险服务;自动提款机;中国建设银行ATM,武侯区,104.048106,30.620412
东亚银行24小时自助银行(芳草东街),finance,金融保险服务;自动提款机;东亚银行ATM,武侯区,104.049286,30.628559
成都银行24小时自助银行(芳草支行),finance,金融保险服务;自动提款机;自动提款机,武侯区,104.052118,30.627335
平安银行24小时自助银行(瑞升南街),finance,金融保险服务;自动提款机;平安银行ATM,武侯区,104.047453,30.628345
中国银行24小时自助银行(二环路南三段),finance,金融保险服务;自动提款机;中国银行ATM,武侯区,104.051638,30.62367
中国银行24小时自助银行(成都银都支行),finance,金融保险服务;自动提款机;中国银行ATM,武侯区,104.05261,30.619749
中信银行24小时自助银行(紫荆支行),finance,金融保险服务;自动提款机;中信银行ATM,武侯区,104.050648,30.621377
天津银行24小时自助银行(成都方庆社区支行),finance,金融保险服务;自动提款机;自动提款机,武侯区,104.046531,30.627633
中国农业银行ATM(紫荆巷),finance,金融保险服务;自动提款机;中国农业银行ATM,武侯区,104.050383,30.621629
恒丰银行24小时自助银行(成都分行),finance,金融保险服务;自动提款机;自动提款机,武侯区,104.045202,30.629136
恒丰银行24小时自助银行(二环路南三段),finance,金融保险服务;自动提款机;自动提款机,武侯区,104.051713,30.623375
成都银行24小时自助银行(紫荆北路支行),finance,金融保险服务;自动提款机;自动提款机,武侯区,104.049847,30.620502
中国邮政24小时自助银行服务,finance,金融保险服务;自动提款机;自动提款机,武侯区,104.059339,30.628961
兴业银行24小时自助银行(玉林南路),finance,金融保险服务;自动提款机;兴业银行ATM,武侯区,104.054923,30.623208
农商银行ATM,finance,金融保险服务;自动提款机;农村商业银行ATM,武侯区,104.056255,30.627336
中国邮政储蓄银行(玉林小区支行),finance,金融保险服务;银行;中国邮政储蓄银行,武侯区,104.059318,30.628945
交通银行(成都南二环支行),finance,金融保险服务;银行;交通银行,武侯区,104.060118,30.622859
中国光大银行(紫荆支行),finance,金融保险服务;银行;中国光大银行,武侯区,104.055155,30.619594
中国工商银行(倪家桥支行),finance,金融保险服务;银行;中国工商银行,武侯区,104.055759,30.62733
中国建设银行(成都倪家桥支行),finance,金融保险服务;银行;中国建设银行,武侯区,104.059505,30.627178
玉林小区邮政储蓄,finance,金融保险服务;银行;中国邮政储蓄银行,武侯区,104.059318,30.628945
成都银行(玉林南路支行),finance,金融保险服务;银行;银行,武侯区,104.055538,30.62658
成都银行(银都支行),finance,金融保险服务;银行;银行,武侯区,104.055119,30.620037
招商银行24小时自助银行(玉林南路),finance,金融保险服务;自动提款机;招商银行ATM,武侯区,104.055234,30.623055
中国工商银行24小时自助银行(倪家桥支行),finance,金融保险服务;自动提款机;中国工商银行ATM,武侯区,104.055943,30.627332
中国光大银行24小时自助银行(紫荆支行),finance,金融保险服务;自动提款机;中国光大银行ATM,武侯区,104.055155,30.619594
中国建设银行ATM(玉林人家西南),finance,金融保险服务;自动提款机;中国建设银行ATM,武侯区,104.056984,30.622669
玉林小区邮政储蓄ATM,finance,金融保险服务;自动提款机;中国邮政储蓄银行ATM,武侯区,104.059261,30.628945
中国工商银行24小时自助银行(桐凤路),finance,金融保险服务;自动提款机;中国工商银行ATM,武侯区,104.061997,30.621371
中国建设银行24小时自助银行(成都倪家桥支行),finance,金融保险服务;自动提款机;中国建设银行ATM,武侯区,104.059568,30.62718
成都银行24小时自助银行(银都支行),finance,金融保险服务;自动提款机;自动提款机,武侯区,104.055119,30.620037
交通银行24小时自助银行(成都南二环支行),finance,金融保险服务;自动提款机;交通银行ATM,武侯区,104.060045,30.622794
包商银行24小时自助银行(芳华街),finance,金融保险服务;自动提款机;自动提款机,武侯区,104.053808,30.626957
成都银行24小时自助银行(玉林南路支行),finance,金融保险服务;自动提款机;自动提款机,武侯区,104.055532,30.626545
兴业银行(成都保利中心社区支行),finance,金融保险服务;银行;兴业银行,武侯区,104.067001,30.627221
中国农业银行自助银行服务,finance,金融保险服务;自动提款机;自动提款机,武侯区,104.068971,30.629208
中国人民银行(成都分行),finance,金融保险服务;银行;中国人民银行,武侯区,104.069995,30.623222
平安银行(成都棕南支行),finance,金融保险服务;银行;平安银行,武侯区,104.071427,30.627338
南充市商业银行(成都高新支行),finance,金融保险服务;银行;银行,武侯区,104.065224,30.620631
中国建设银行(领事馆路分理处),finance,金融保险服务;银行;中国建设银行,武侯区,104.069329,30.625141
中国农业银行(成都商鼎国际支行),finance,金融保险服务;银行;中国农业银行,武侯区,104.065181,30.621328
南充市商业银行24小时自助银行(成都高新支行),finance,金融保险服务;自动提款机;自动提款机,武侯区,104.065217,30.620703
华夏银行(成都分行营业部),finance,金融保险服务;银行;华夏银行,武侯区,104.065241,30.619633
中国建设银行(棕北小区储蓄所),finance,金融保险服务;银行;中国建设银行,武侯区,104.072495,30.627825
上海银行(成都分行),finance,金融保险服务;银行;上海银行,武侯区,104.065191,30.620023
中国银行(成都玉洁支行),finance,金融保险服务;银行;中国银行,武侯区,104.063865,30.62502
中国工商银行(跳伞塔支行),finance,金融保险服务;银行;中国工商银行,武侯区,104.063926,30.627665
中国人民银行(成都分行营业管理部),finance,金融保险服务;银行;中国人民银行,武侯区,104.065217,30.624174
汇丰银行(成都锦官新城支行),finance,金融保险服务;银行;汇丰银行,武侯区,104.069069,30.619441
中国银行24小时自助银行(领事馆路),finance,金融保险服务;自动提款机;中国银行ATM,武侯区,104.067423,30.627705
招商银行ATM(威斯顿联邦大厦),finance,金融保险服务;自动提款机;招商银行ATM,武侯区,104.065098,30.626756
招商银行24小时自助银行(领事馆路),finance,金融保险服务;自动提款机;招商银行ATM,武侯区,104.067896,30.627664
中国农业银行ATM(人民南路四段),finance,金融保险服务;自动提款机;中国农业银行ATM,武侯区,104.064075,30.629391
中国建设银行24小时自助银行(领事馆路分理处)(领事馆路),finance,金融保险服务;自动提款机;中国建设银行ATM,武侯区,104.065096,30.627645
中国农业银行24小时自助银行(成都商鼎国际支行),finance,金融保险服务;自动提款机;中国农业银行ATM,武侯区,104.065199,30.621077
中国银行ATM(二环路南二段),finance,金融保险服务;自动提款机;中国银行ATM,武侯区,104.067757,30.6235
中国建设银行ATM(二环路南二段),finance,金融保险服务;自动提款机;中国建设银行ATM,武侯区,104.067897,30.622913
中国银行24小时自助银行(成都玉洁支行),finance,金融保险服务;自动提款机;中国银行ATM,武侯区,104.063992,30.625023
中国建设银行24小时自助银行(领事馆路分理处)(盛隆街),finance,金融保险服务;自动提款机;中国建设银行ATM,武侯区,104.06933,30.625075
中国建设银行24小时自助银行(棕北小区储蓄所),finance,金融保险服务;自动提款机;中国建设银行ATM,武侯区,104.072395,30.627762
中国银行业监督管理委员会四川监管局(人民南路四段),finance,金融保险服务;银行相关;银行相关,武侯区,104.065213,30.624178
华夏银行24小时自助银行(成都分行营业部),finance,金融保险服务;自动提款机;华夏银行ATM,武侯区,104.065241,30.619633
中信银行24小时自助银行(领事馆路支行),finance,金融保险服务;自动提款机;中信银行ATM,武侯区,104.067482,30.627201
交通银行ATM(科分院支行),finance,金融保险服务;自动提款机;交通银行ATM,武侯区,104.064653,30.626015
成都银行(棕北支行),finance,金融保险服务;银行;银行,武侯区,104.069364,30.626973
中信银行(成都领事馆路支行),finance,金融保险服务;银行;中信银行,武侯区,104.067315,30.627197
成都银行24小时自助银行(棕北支行),finance,金融保险服务;自动提款机;自动提款机,武侯区,104.069466,30.627161
中国农业银行24小时自助银行(科院街),finance,金融保险服务;自动提款机;中国农业银行ATM,武侯区,104.069014,30.629329
平安银行24小时自助银行(成都棕南支行),finance,金融保险服务;自动提款机;平安银行ATM,武侯区,104.071577,30.62734
中国工商银行24小时自助银行(跳伞塔支行),finance,金融保险服务;自动提款机;中国工商银行ATM,武侯区,104.06414,30.627869
重庆银行(科华支行),finance,金融保险服务;银行;银行,武侯区,104.073986,30.625162
成都农商银行(武侯支行),finance,金融保险服务;银行;农村商业银行,武侯区,104.078065,30.622277
招商银行(成都科华路支行),finance,金融保险服务;银行;招商银行,武侯区,104.074119,30.624686
交通银行(成都磨子桥支行),finance,金融保险服务;银行;交通银行,武侯区,104.075469,30.626043
上海浦东发展银行(成都科华支行),finance,金融保险服务;银行;上海浦东发展银行,武侯区,104.074846,30.62321
中国银行(成都棕南支行),finance,金融保险服务;银行;中国银行,武侯区,104.073984,30.627283
中国民生银行(科华支行),finance,金融保险服务;银行;中国民生银行,武侯区,104.074647,30.624909
中国工商银行(九眼桥支行),finance,金融保险服务;银行;中国工商银行,武侯区,104.077203,30.626149
中国农业银行(成都川大花园支行),finance,金融保险服务;银行;中国农业银行,武侯区,104.076982,30.626124
中国农业银行(成都桂溪支行),finance,金融保险服务;银行;中国农业银行,武侯区,104.077393,30.62338
中国工商银行(成都棕北支行),finance,金融保险服务;银行;中国工商银行,武侯区,104.073759,30.627359
中国建设银行ATM(竹苑巷),finance,金融保险服务;自动提款机;中国建设银行ATM,武侯区,104.074463,30.628987
中国银行(成都科华街支行),finance,金融保险服务;银行;中国银行,武侯区,104.077173,30.626366
中国建设银行ATM(花样年华梦想家东北),finance,金融保险服务;自动提款机;中国建设银行ATM,武侯区,104.074117,30.624011
中国农业银行24小时自助银行(成都川大花园支行),finance,金融保险服务;自动提款机;中国农业银行ATM,武侯区,104.077031,30.626124
中国民生银行24小时自助银行(科华支行),finance,金融保险服务;自动提款机;中国民生银行ATM,武侯区,104.07464,30.625073
招商银行24小时自助银行(成都科华路支行),finance,金融保险服务;自动提款机;招商银行ATM,武侯区,104.074116,30.624735
中国银行24小时自助银行(成都科华街支行),finance,金融保险服务;自动提款机;中国银行ATM,武侯区,104.077162,30.626366
华夏银行ATM(郭家桥西街),finance,金融保险服务;自动提款机;华夏银行ATM,武侯区,104.077471,30.625854
成都农商银行24小时自助银行(武侯支行),finance,金融保险服务;自动提款机;农村商业银行ATM,武侯区,104.077875,30.622286
中国工商银行ATM(成都航校培训中心大楼西),finance,金融保险服务;自动提款机;中国工商银行ATM,武侯区,104.074081,30.621246
中国农业银行24小时自助银行(成都桂溪支行),finance,金融保险服务;自动提款机;中国农业银行ATM,武侯区,104.077395,30.623325
中国建设银行ATM(成都航校培训中心大楼西),finance,金融保险服务;自动提款机;中国建设银行ATM,武侯区,104.074081,30.621246
交通银行24小时自助银行(成都磨子桥支行),finance,金融保险服务;自动提款机;交通银行ATM,武侯区,104.07545,30.626043
中信银行ATM(成都航校培训中心大楼西),finance,金融保险服务;自动提款机;中信银行ATM,武侯区,104.074081,30.621246
中国光大银行ATM(郭家桥北街4号院西北),finance,金融保险服务;自动提款机;中国光大银行ATM,武侯区,104.078981,30.62901
上海浦东发展银行24小时自助银行(成都科华支行),finance,金融保险服务;自动提款机;上海浦东发展银行ATM,武侯区,104.075006,30.623133
成都农商银行ATM(科华立交),finance,金融保险服务;自动提款机;农村商业银行ATM,武侯区,104.074081,30.621246
中国工商银行24小时自助银行(成都棕北支行),finance,金融保险服务;自动提款机;中国工商银行ATM,武侯区,104.073709,30.62749
中国银行24小时自助银行(成都棕南支行),finance,金融保险服务;自动提款机;中国银行ATM,武侯区,104.074016,30.627284
中国工商银行24小时自助银行(九眼桥支行),finance,金融保险服务;自动提款机;中国工商银行ATM,武侯区,104.077204,30.626128
重庆银行24小时自助银行(成都科华支行),finance,金融保险服务;自动提款机;自动提款机,武侯区,104.074014,30.625471
成都银行24小时自助银行(三官堂街),finance,金融保险服务;自动提款机;上海浦东发展银行ATM,锦江区,104.09141,30.628596
上海浦东发展银行24小时自助银行(成都橡树林社区支行),finance,金融保险服务;自动提款机;上海浦东发展银行ATM,锦江区,104.09104,30.627189
上海浦东发展银行24小时自助银行(瑞升望江橡树林南),finance,金融保险服务;自动提款机;上海浦东发展银行ATM,锦江区,104.09064,30.626127
中国建设银行(三官堂街储蓄所),finance,金融保险服务;银行;中国建设银行,锦江区,104.092263,30.627407
交通银行ATM(万达广场),finance,金融保险服务;自动提款机;交通银行ATM,锦江区,104.092939,30.623036
招商银行24小时自助银行(三官堂街),finance,金融保险服务;自动提款机;招商银行ATM,锦江区,104.091707,30.62815
兴业银行(成都橡树林社区支行),finance,金融保险服务;银行;兴业银行,锦江区,104.09048,30.627907
中国建设银行24小时自助银行(三官堂街储蓄所),finance,金融保险服务;自动提款机;中国建设银行ATM,锦江区,104.092225,30.627425
中国民生银行ATM(二环路东五段),finance,金融保险服务;自动提款机;中国民生银行ATM,锦江区,104.092211,30.622664
平安银行(橡树林路),finance,金融保险服务;银行;平安银行,锦江区,104.090184,30.625034
兴业银行24小时自助银行(成都橡树林社区支行),finance,金融保险服务;自动提款机;兴业银行ATM,锦江区,104.09048,30.627907
中国建设银行24小时自助银行(橡树林路),finance,金融保险服务;自动提款机;中国建设银行ATM,锦江区,104.090916,30.626862
中国建设银行24小时自助银行(二环路东五段),finance,金融保险服务;自动提款机;中国建设银行ATM,锦江区,104.088735,30.623564
中国民生银行(成都望江橡树林社区支行),finance,金融保险服务;银行;中国民生银行,锦江区,104.089909,30.626
华夏银行ATM(二环路东五段),finance,金融保险服务;自动提款机;华夏银行ATM,锦江区,104.093094,30.625039
中国民生银行24小时自助银行(成都望江橡树林社区支行),finance,金融保险服务;自动提款机;中国民生银行ATM,锦江区,104.089909,30.626
中国农业银行(成都橡树林支行),finance,金融保险服务;银行;中国农业银行,锦江区,104.090684,30.627849
中国工商银行24小时自助银行(橡树林路),finance,金融保险服务;自动提款机;中国工商银行ATM,锦江区,104.090652,30.626161
中国农业银行24小时自助银行(成都橡树林支行),finance,金融保险服务;自动提款机;中国农业银行ATM,锦江区,104.090816,30.627816
中国平安保险银行投资,finance,金融保险服务;银行;银行,锦江区,104.102271,30.624722
ICBC24小时自助银行服务,finance,金融保险服务;自动提款机;自动提款机,锦江区,104.101045,30.624798
中国邮政24小时自助银行服务,finance,金融保险服务;自动提款机;自动提款机,锦江区,104.096984,30.619681
成都农商银行ATM(成龙分理处),finance,金融保险服务;自动提款机;农村商业银行ATM,锦江区,104.101481,30.625108
兴业银行ATM(牛沙横街),finance,金融保险服务;自动提款机;兴业银行ATM,锦江区,104.099056,30.628016
成都农商银行24小时自助银行(锦东分理处),finance,金融保险服务;自动提款机;农村商业银行ATM,锦江区,104.096202,30.620862
南充市商业银行24小时自助银行(锦华路一段),finance,金融保险服务;自动提款机;自动提款机,锦江区,104.095977,30.623552
平安银行24小时自助银行(成都净居寺社区支行),finance,金融保险服务;自动提款机;平安银行ATM,锦江区,104.102406,30.624649
中国银行(锦江支行),finance,金融保险服务;银行;中国银行,锦江区,104.100289,30.627254
中国工商银行(锦华路分理处),finance,金融保险服务;银行;中国工商银行,锦江区,104.095663,30.622646
中国工商银行(龙舟路支行),finance,金融保险服务;银行;中国工商银行,锦江区,104.096394,30.629095
南充市商业银行(锦华路一段),finance,金融保险服务;银行;银行,锦江区,104.095977,30.623552
中国邮政储蓄银行(东光小区营业所),finance,金融保险服务;银行;中国邮政储蓄银行,锦江区,104.097227,30.619459
成都农商银行(锦东分理处),finance,金融保险服务;银行;农村商业银行,锦江区,104.096202,30.620862
招商银行ATM(万达广场),finance,金融保险服务;自动提款机;招商银行ATM,锦江区,104.094418,30.624554
重庆银行(成都锦江支行),finance,金融保险服务;银行;银行,锦江区,104.095977,30.623699
交通银行ATM(锦华路),finance,金融保险服务;自动提款机;交通银行ATM,锦江区,104.094514,30.623606
兴业银行(牛沙横街),finance,金融保险服务;银行;兴业银行,锦江区,104.099057,30.628017
中国工商银行(净居寺南街支行),finance,金融保险服务;银行;中国工商银行,锦江区,104.100962,30.624814
中国建设银行ATM(东光街),finance,金融保险服务;自动提款机;中国建设银行ATM,锦江区,104.101298,30.620321
成都银行24小时自助银行(锦华路一段),finance,金融保险服务;自动提款机;自动提款机,锦江区,104.095543,30.624366
中国工商银行24小时自助银行(锦华路分理处),finance,金融保险服务;自动提款机;中国工商银行ATM,锦江区,104.095663,30.622611
中国建设银行ATM(净居寺路),finance,金融保险服务;自动提款机;中国建设银行ATM,锦江区,104.102665,30.625516
中国民生银行ATM(万达广场),finance,金融保险服务;自动提款机;中国民生银行ATM,锦江区,104.095289,30.624302
中国建设银行ATM(二环路东五段),finance,金融保险服务;自动提款机;中国建设银行ATM,锦江区,104.096793,30.628225
中国银行ATM(万达广场),finance,金融保险服务;自动提款机;中国银行ATM,锦江区,104.094426,30.62455
中国工商银行ATM(万达广场),finance,金融保险服务;自动提款机;中国工商银行ATM,锦江区,104.094439,30.624543
交通银行ATM(净居寺南街),finance,金融保险服务;自动提款机;交通银行ATM,锦江区,104.099984,30.626092
中国工商银行24小时自助银行(龙舟路支行),finance,金融保险服务;自动提款机;中国工商银行ATM,锦江区,104.096511,30.628963
成都农商银行(成龙分理处),finance,金融保险服务;银行;农村商业银行,锦江区,104.101451,30.625078
自动提款机(万达广场),finance,金融保险服务;自动提款机;自动提款机,锦江区,104.095287,30.624347
中国银行24小时自助银行(锦江支行),finance,金融保险服务;自动提款机;中国银行ATM,锦江区,104.100854,30.62745
中国建设银行ATM(二环路东五段)(瑞升望江橡树林3期北),finance,金融保险服务;自动提款机;中国建设银行ATM,锦江区,104.094411,30.624557
成都银行ATM(净居寺路),finance,金融保险服务;自动提款机;自动提款机,锦江区,104.103116,30.624493
平安银行(成都净居寺社区支行),finance,金融保险服务;银行;平安银行,锦江区,104.102406,30.624649
中国农业银行ATM(万达广场),finance,金融保险服务;自动提款机;中国农业银行ATM,锦江区,104.094358,30.623669
中国邮政储蓄银行ATM(东光小区营业所),finance,金融保险服务;自动提款机;中国邮政储蓄银行ATM,锦江区,104.097227,30.619451
重庆银行24小时自助银行(锦华路一段),finance,金融保险服务;自动提款机;自动提款机,锦江区,104.095977,30.623671
中国工商银行24小时自助银行(净居寺南街支行),finance,金融保险服务;自动提款机;中国工商银行ATM,锦江区,104.101069,30.624683
ICBC24h自助银行服务,finance,金融保险服务;自动提款机;自动提款机,锦江区,104.104249,30.620348
中国建设银行(成都沙河支行),finance,金融保险服务;银行;中国建设银行,锦江区,104.112497,30.621736
中国农业银行(成都静居寺支行),finance,金融保险服务;银行;中国农业银行,锦江区,104.105766,30.62359
中国工商银行(静康路分理处),finance,金融保险服务;银行;中国工商银行,锦江区,104.113125,30.621928
交通银行24小时自助银行(净居寺路),finance,金融保险服务;自动提款机;交通银行ATM,锦江区,104.104949,30.624112
中国建设银行ATM(静康路),finance,金融保险服务;自动提款机;中国建设银行ATM,锦江区,104.107841,30.622959
中国建设银行ATM(静渝路),finance,金融保险服务;自动提款机;中国建设银行ATM,锦江区,104.109811,30.620545
中国建设银行ATM(净居寺南街),finance,金融保险服务;自动提款机;中国建设银行ATM,锦江区,104.104859,30.622979
成都银行ATM(牛沙路),finance,金融保险服务;自动提款机;自动提款机,锦江区,104.105402,30.629368
中国光大银行ATM(净居寺路),finance,金融保险服务;自动提款机;中国光大银行ATM,锦江区,104.103694,30.624816
中国建设银行24小时自助银行(成都沙河支行),finance,金融保险服务;自动提款机;中国建设银行ATM,锦江区,104.112594,30.621689
中国工商银行24小时自助银行(观音桥街),finance,金融保险服务;自动提款机;中国工商银行ATM,锦江区,104.104274,30.620337
中国工商银行24小时自助银行(静康路分理处),finance,金融保险服务;自动提款机;中国工商银行ATM,锦江区,104.112979,30.621928
中国农业银行24小时自助银行(成都静居寺支行),finance,金融保险服务;自动提款机;中国农业银行ATM,锦江区,104.105646,30.623594
中国建设银ATM,finance,金融保险服务;自动提款机;中国建设银行ATM,锦江区,104.112522,30.621658
攀枝花市商业银行(成都锦江支行),finance,金融保险服务;银行;银行,锦江区,104.114004,30.621921
上海浦东发展银行24小时自助银行(成都金润华府社区支行),finance,金融保险服务;自动提款机;上海浦东发展银行ATM,锦江区,104.116121,30.625568
攀枝花市商业银行24小时自助银行(成都锦江支行),finance,金融保险服务;自动提款机;农村商业银行ATM,锦江区,104.113879,30.621923
上海浦东发展银行(成都金润华府社区支行),finance,金融保险服务;银行;上海浦东发展银行,锦江区,104.116121,30.625569
成都农商银行(三圣支行),finance,金融保险服务;银行;农村商业银行,锦江区,104.124045,30.622997
成都农商银行24小时自助银行(三圣支行),finance,金融保险服务;自动提款机;农村商业银行ATM,锦江区,104.124045,30.622997
中国农业银行(成都沙河堡支行),finance,金融保险服务;银行;中国农业银行,成华区,104.12478,30.622312
成都银行(沙河堡支行),finance,金融保险服务;银行;银行,锦江区,104.12663,30.620299
中国光大银行(比华利国际社区支行),finance,金融保险服务;银行;中国光大银行,锦江区,104.126584,30.620246
中国建设银行24小时自助银行(佳宏路),finance,金融保险服务;自动提款机;中国建设银行ATM,锦江区,104.123916,30.619948
中国工商银行24小时自助银行(佳宏路),finance,金融保险服务;自动提款机;中国工商银行ATM,锦江区,104.123586,30.620255
中国农业银行24小时自助银行(成都沙河堡支行),finance,金融保险服务;自动提款机;中国农业银行ATM,成华区,104.12478,30.622312
中国光大银行24小时自助银行(比华利国际社区银行),finance,金融保险服务;自动提款机;中国光大银行ATM,锦江区,104.126204,30.619789
成都银行24小时自助银行(沙河堡支行),finance,金融保险服务;自动提款机;自动提款机,锦江区,104.12654,30.620194
中国工商银行(成都万科路分理处),finance,金融保险服务;银行;中国工商银行,成华区,104.151889,30.627658
中国工商银行24小时自助银行(成都万科路分理处),finance,金融保险服务;自动提款机;中国工商银行ATM,成华区,104.151889,30.627658
天津银行24小时自助银行(成都和美社区支行),finance,金融保险服务;自动提款机;自动提款机,成华区,104.147978,30.628788
中国建设银行(和韵路),finance,金融保险服务;银行;中国建设银行,成华区,104.15602,30.629232
社区银行,finance,金融保险服务;银行;银行,成华区,104.156351,30.628324
中国建设银行24小时自助银行(万宇路),finance,金融保险服务;自动提款机;中国建设银行ATM,成华区,104.155702,30.628878
中国工商银行24小时自助银行(万宇路),finance,金融保险服务;自动提款机;中国工商银行ATM,成华区,104.155005,30.629142
24自助银行服务,finance,金融保险服务;自动提款机;自动提款机,武侯区,103.96902,30.619329
成都农商银行(七里分理处),finance,金融保险服务;银行;农村商业银行,武侯区,103.968943,30.619075
成都市农村商业银行(双凤分理处),finance,金融保险服务;银行;农村商业银行,武侯区,103.967588,30.61148
华夏银行ATM(金凤街),finance,金融保险服务;自动提款机;华夏银行ATM,武侯区,103.967899,30.611
中国工商银行24小时自助银行(金凤街),finance,金融保险服务;自动提款机;中国工商银行ATM,武侯区,103.968334,30.611192
成都农商银行ATM(双凤分理处),finance,金融保险服务;自动提款机;农村商业银行ATM,武侯区,103.967588,30.61148
中国建设银行24小时自助银行(金凤街),finance,金融保险服务;自动提款机;中国建设银行ATM,武侯区,103.966666,30.613047
成都农商银行24小时自助银行(金花支行营业室),finance,金融保险服务;自动提款机;农村商业银行ATM,武侯区,103.96898,30.619097
成都农商银行24小时自助银行(智达二路),finance,金融保险服务;自动提款机;农村商业银行ATM,武侯区,103.982951,30.612306
成都银行24小时自助银行(元亨一品天成南),finance,金融保险服务;自动提款机;自动提款机,武侯区,103.982889,30.612575
兴业银行(成都中海锦城社区支行),finance,金融保险服务;银行;兴业银行,武侯区,103.984838,30.610359
中国农业银行(成都簇桥支行),finance,金融保险服务;银行;中国农业银行,武侯区,103.989308,30.611074
成都农商银行(铁佛分理处),finance,金融保险服务;银行;农村商业银行,武侯区,103.98549,30.614915
交通银行(成都簇桥支行),finance,金融保险服务;银行;交通银行,武侯区,103.988948,30.61146
中国银行(成都簇锦支行),finance,金融保险服务;银行;中国银行,武侯区,103.98859,30.610606
中国民生银行(中海锦城社区支行),finance,金融保险服务;银行;中国民生银行,武侯区,103.986684,30.61015
中国工商银行(成都金履四路支行),finance,金融保险服务;银行;中国工商银行,武侯区,103.985669,30.612752
中国工商银行(成都百锦支行),finance,金融保险服务;银行;中国工商银行,武侯区,103.988838,30.611424
中国建设银行(成都中海锦城支行),finance,金融保险服务;银行;中国建设银行,武侯区,103.984387,30.609683
工商银行ATM,finance,金融保险服务;自动提款机;中国工商银行ATM,武侯区,103.988923,30.611279
中国银行24小时自助银行(成都簇锦支行),finance,金融保险服务;自动提款机;中国银行ATM,武侯区,103.988652,30.610653
中国农业银行24小时自助银行(成都簇桥支行),finance,金融保险服务;自动提款机;中国农业银行ATM,武侯区,103.989437,30.611156
交通银行24小时自助银行(成都簇桥支行),finance,金融保险服务;自动提款机;交通银行ATM,武侯区,103.988948,30.61146
中国建设银行ATM(簇锦北路),finance,金融保险服务;自动提款机;中国建设银行ATM,武侯区,103.988048,30.610147
中国建设银行ATM(福锦路二段),finance,金融保险服务;自动提款机;中国建设银行ATM,武侯区,103.993453,30.611935
中国农业银行24小时自助银行(龙井桂苑东北),finance,金融保险服务;自动提款机;中国农业银行ATM,武侯区,103.992641,30.611823
中国建设银行ATM(武侯大道铁佛段),finance,金融保险服务;自动提款机;中国建设银行ATM,武侯区,103.984471,30.6171
成都农商银行24小时自助银行(铁佛分理处),finance,金融保险服务;自动提款机;农村商业银行ATM,武侯区,103.98549,30.614915
中国建设银行24小时自助银行(七里路),finance,金融保险服务;自动提款机;中国建设银行ATM,武侯区,103.98424,30.614347
中国建设银行24小时自助银行(百锦路),finance,金融保险服务;自动提款机;中国建设银行ATM,武侯区,103.990207,30.611514
中国工商银行24小时自助银行(成都金履四路支行),finance,金融保险服务;自动提款机;中国工商银行ATM,武侯区,103.985618,30.612739
中国建设银行24小时自助银行(成都中海锦城支行),finance,金融保险服务;自动提款机;中国建设银行ATM,武侯区,103.984387,30.609683
中国工商银行24小时自助银行(成都百锦支行),finance,金融保险服务;自动提款机;中国工商银行ATM,武侯区,103.988838,30.611422
成都农商银行24小时自助银行(百锦路支行),finance,金融保险服务;自动提款机;农村商业银行ATM,武侯区,103.99124,30.611889
中国民生银行24小时自助银行(中海锦城社区支行),finance,金融保险服务;自动提款机;中国民生银行ATM,武侯区,103.986683,30.61015
成都农商银行24小时自助银行(簇桥支行),finance,金融保险服务;自动提款机;农村商业银行ATM,武侯区,103.995175,30.61023
成都农商银行(簇桥支行),finance,金融保险服务;银行;农村商业银行,武侯区,103.995012,30.610292
中国建设银行ATM(福锦路二段),finance,金融保险服务;自动提款机;中国建设银行ATM,武侯区,103.995567,30.609927
成都银行(蜀能支行),finance,金融保险服务;银行;银行,武侯区,104.002301,30.617006
中国民生银行(成都聚龙路支行),finance,金融保险服务;银行;中国民生银行,武侯区,104.003123,30.616291
特斯拉目的地充电站-中国民生银行聚龙路支行,finance,金融保险服务;银行;中国民生银行,武侯区,104.000714,30.618053
大连银行(聚龙路小微支行),finance,金融保险服务;银行;银行,武侯区,104.001381,30.617901
交通银行ATM(华锦路),finance,金融保险服务;自动提款机;交通银行ATM,武侯区,103.999186,30.612011
南充市商业银行(成都聚龙小微支行),finance,金融保险服务;银行;银行,武侯区,104.003285,30.615985
中国建设银行24小时自助银行(聚龙路),finance,金融保险服务;自动提款机;中国建设银行ATM,武侯区,104.003022,30.616435
俊羲·摩尔国际酒店-ATM,finance,金融保险服务;自动提款机;自动提款机,武侯区,104.00364,30.615756
成都银行24小时自助银行(蜀能支行),finance,金融保险服务;自动提款机;自动提款机,武侯区,104.002354,30.616957
南充市商业银行24小时自助银行(聚龙路),finance,金融保险服务;自动提款机;自动提款机,武侯区,104.003388,30.615951
中国民生银行24小时自助银行(成都聚龙路支行),finance,金融保险服务;自动提款机;中国民生银行ATM,武侯区,104.003182,30.616245
大连银行24小时自助银行(聚龙路小微支行),finance,金融保险服务;自动提款机;自动提款机,武侯区,104.001133,30.617867
上海浦东发展银行ATM(成双大道),finance,金融保险服务;自动提款机;上海浦东发展银行ATM,武侯区,104.010176,30.617873
中国农业银行(成都太平寺支行),finance,金融保险服务;银行;中国农业银行,武侯区,104.008656,30.617425
中国农业银行(成都聚龙路支行),finance,金融保险服务;银行;中国农业银行,武侯区,104.003899,30.615646
中国邮政储蓄银行(成都市聚龙路营业所),finance,金融保险服务;银行;中国邮政储蓄银行,武侯区,104.007115,30.614313
交通银行ATM(聚龙路),finance,金融保险服务;自动提款机;交通银行ATM,武侯区,104.005669,30.613773
中国农业银行24小时自助银行(成都太平寺支行),finance,金融保险服务;自动提款机;中国农业银行ATM,武侯区,104.008819,30.617599
中国建设银行ATM(成双大道北段),finance,金融保险服务;自动提款机;中国建设银行ATM,武侯区,104.005149,30.612769
聚龙路邮政储蓄24小时自助银行,finance,金融保险服务;自动提款机;中国邮政储蓄银行ATM,武侯区,104.007115,30.614317
中国农业银行24小时自助银行(成都聚龙路支行),finance,金融保险服务;自动提款机;中国农业银行ATM,武侯区,104.003846,30.615687
中国民生银行,finance,金融保险服务;银行;中国民生银行,武侯区,104.021333,30.618855
中国工商银行24小时自动银行,finance,金融保险服务;自动提款机;中国工商银行ATM,武侯区,104.020553,30.61793
中国工商银行24小时自助银行(华泰五路),finance,金融保险服务;自动提款机;中国工商银行ATM,武侯区,104.020574,30.617857
ICBC24h自助银行服务,finance,金融保险服务;自动提款机;自动提款机,武侯区,104.027844,30.618473
中国建设银行ATM(科园南一路),finance,金融保险服务;自动提款机;中国建设银行ATM,武侯区,104.02754,30.611781
中国工商银行ATM(科园南路),finance,金融保险服务;自动提款机;中国工商银行ATM,武侯区,104.02799,30.618549
中国农业银行(成都神仙树支行),finance,金融保险服务;银行;中国农业银行,武侯区,104.042172,30.617643
中国农业银行24小时自助银行(成都神仙树支行),finance,金融保险服务;自动提款机;中国农业银行ATM,武侯区,104.042183,30.617662
交通银行ATM(新义西街),finance,金融保险服务;自动提款机;交通银行ATM,武侯区,104.037987,30.612354
招商银行24小时自助银行(紫瑞北街),finance,金融保险服务;自动提款机;招商银行ATM,武侯区,104.042258,30.617786
中国建设银行ATM(新乐路),finance,金融保险服务;自动提款机;中国建设银行ATM,武侯区,104.034312,30.610756
华夏银行ATM(新乐中街),finance,金融保险服务;自动提款机;华夏银行ATM,武侯区,104.036243,30.611114
中国建设银行ATM(新乐中街),finance,金融保险服务;自动提款机;中国建设银行ATM,武侯区,104.036686,30.61093
中国工商银行24小时自助银行(新乐路),finance,金融保险服务;自动提款机;中国工商银行ATM,武侯区,104.034346,30.610728
成都银行ATM,finance,金融保险服务;自动提款机;自动提款机,武侯区,104.038244,30.61548
中国民生银行ATM(神仙树馨苑小区),finance,金融保险服务;自动提款机;中国民生银行ATM,武侯区,104.035228,30.610958
中国民生银行24小时自助银行(新乐中街社区支行),finance,金融保险服务;自动提款机;中国民生银行ATM,武侯区,104.034829,30.611619
兴业银行(成都紫竹社区支行),finance,金融保险服务;银行;兴业银行,武侯区,104.052116,30.616899
中信银行自助银行服务24小时,finance,金融保险服务;自动提款机;自动提款机,武侯区,104.048314,30.618035
中国邮政储蓄银行(紫荆东路营业所),finance,金融保险服务;银行;中国邮政储蓄银行,武侯区,104.051713,30.615747
上海浦东发展银行ATM(紫荆北路),finance,金融保险服务;自动提款机;上海浦东发展银行ATM,武侯区,104.049115,30.619363
成都农商银行(紫荆南路分理处),finance,金融保险服务;银行;农村商业银行,武侯区,104.048178,30.616722
中国建设银行(神仙树南路储蓄所),finance,金融保险服务;银行;中国建设银行,武侯区,104.045859,30.616996
中国农业银行(成都紫荆支行),finance,金融保险服务;银行;中国农业银行,武侯区,104.05059,30.617321
中国银行(成都紫荆西路支行),finance,金融保险服务;银行;中国银行,武侯区,104.0463,30.616745
中国民生银行(成都神仙树支行),finance,金融保险服务;银行;中国民生银行,武侯区,104.048389,30.61643
中国工商银行(成都紫荆西路支行),finance,金融保险服务;银行;中国工商银行,武侯区,104.046023,30.61922
华夏银行(成都神仙树支行),finance,金融保险服务;银行;华夏银行,武侯区,104.047613,30.613544
中国农业银行24小时自助银行(成都紫荆支行),finance,金融保险服务;自动提款机;中国农业银行ATM,武侯区,104.05059,30.617321
华夏银行(社区支行),finance,金融保险服务;银行;华夏银行,武侯区,104.050384,30.617383
中国工商银行ATM,finance,金融保险服务;自动提款机;中国工商银行ATM,武侯区,104.049949,30.617626
新加坡华侨银行(上海花园支行),finance,金融保险服务;银行;银行,武侯区,104.045923,30.616221
华夏银行24小时自助银行(成都神仙树支行),finance,金融保险服务;自动提款机;华夏银行ATM,武侯区,104.047652,30.613543
中国工商银行24小时自助银行(成都紫荆西路支行),finance,金融保险服务;自动提款机;中国工商银行ATM,武侯区,104.04599,30.619234
中国银行24小时自助银行(成都紫荆西路支行),finance,金融保险服务;自动提款机;中国银行ATM,武侯区,104.046327,30.616745
中国民生银行24小时自助银行(成都神仙树支行),finance,金融保险服务;自动提款机;中国民生银行ATM,武侯区,104.048167,30.61656
中国建设银行24小时自助银行(神仙树南路储蓄所),finance,金融保险服务;自动提款机;中国建设银行ATM,武侯区,104.045867,30.616931
中国建设银行ATM(紫薇东路),finance,金融保险服务;自动提款机;中国建设银行ATM,武侯区,104.046804,30.613542
中信银行24小时自助银行(紫荆南路),finance,金融保险服务;自动提款机;中信银行ATM,武侯区,104.048389,30.617815
华夏银行24小时自助银行(紫荆东路),finance,金融保险服务;自动提款机;华夏银行ATM,武侯区,104.050381,30.617427
中国建设银行24小时自助银行(紫荆东路),finance,金融保险服务;自动提款机;中国建设银行ATM,武侯区,104.053443,30.6153
成都银行ATM(紫薇东路),finance,金融保险服务;自动提款机;自动提款机,武侯区,104.047737,30.61329
兴业银行24小时自助银行(成都紫竹社区支行),finance,金融保险服务;自动提款机;兴业银行ATM,武侯区,104.052116,30.616899
中国邮政储蓄银行24小时自助银行(紫荆东路营业所),finance,金融保险服务;自动提款机;中国邮政储蓄银行ATM,武侯区,104.051751,30.615809
招商银行24小时自助银行(紫荆西路),finance,金融保险服务;自动提款机;招商银行ATM,武侯区,104.046654,30.618974
平安银行24小时自助银行(神仙树社区支行),finance,金融保险服务;自动提款机;平安银行ATM,武侯区,104.047297,30.616729
重庆银行24小时自助银行(紫荆南路),finance,金融保险服务;自动提款机;自动提款机,武侯区,104.048395,30.617868
兴业银行(成都中华园社区支行),finance,金融保险服务;银行;兴业银行,武侯区,104.061975,30.618726
24小时自助银行服务,finance,金融保险服务;自动提款机;自动提款机,武侯区,104.059829,30.618732
中信行自助银行服务,finance,金融保险服务;自动提款机;自动提款机,武侯区,104.060031,30.614028
ICBC24h自助银行服务,finance,金融保险服务;自动提款机;自动提款机,武侯区,104.059965,30.618927
包商银行(桐梓欧城社区支行),finance,金融保险服务;银行;银行,武侯区,104.06005,30.613959
招商银行(高新支行),finance,金融保险服务;银行;招商银行,武侯区,104.054876,30.618922
中国农业银行(桐梓林支行),finance,金融保险服务;银行;中国农业银行,武侯区,104.060471,30.618673
中国农业银行(成都欧城分理处),finance,金融保险服务;银行;中国农业银行,武侯区,104.058105,30.613278
中国建设银行,finance,金融保险服务;银行;中国建设银行,武侯区,104.062589,30.614117
中国建设银行(成都桐梓林支行),finance,金融保险服务;银行;中国建设银行,武侯区,104.058386,30.613852
中国农业银行(新光路支行),finance,金融保险服务;银行;中国农业银行,武侯区,104.055497,30.613922
中国工商银行(成都桐梓林南路支行),finance,金融保险服务;银行;中国工商银行,武侯区,104.055497,30.61425
中国建设银行(新光路储蓄所),finance,金融保险服务;银行;中国建设银行,武侯区,104.055219,30.617696
中国工商银行(桐梓林北街支行),finance,金融保险服务;银行;中国工商银行,武侯区,104.059962,30.61888
中国银行(成都风华苑支行),finance,金融保险服务;银行;中国银行,武侯区,104.055289,30.615836
中国农业银行24小时自助银行(欧城分理处),finance,金融保险服务;自动提款机;中国农业银行ATM,武侯区,104.058105,30.613232
中国建设银行(成都中华园支行),finance,金融保险服务;银行;中国建设银行,武侯区,104.059745,30.618685
中兴银行自助银行,finance,金融保险服务;自动提款机;自动提款机,武侯区,104.060041,30.614035
中国民生银行(桐梓林北路社区支行),finance,金融保险服务;银行;中国民生银行,武侯区,104.059957,30.618987
招商银行24小时自助银行(成都高新支行),finance,金融保险服务;自动提款机;招商银行ATM,武侯区,104.054876,30.618922
交通银行ATM(家乐福店),finance,金融保险服务;自动提款机;交通银行ATM,武侯区,104.05459,30.617972
成都银行ATM自动取款机,finance,金融保险服务;自动提款机;自动提款机,武侯区,104.063359,30.618777
中国农业银行24小时自助银行(新光路支行),finance,金融保险服务;自动提款机;中国农业银行ATM,武侯区,104.0554,30.613889
中信银行24小时自助银行(桐梓林南路),finance,金融保险服务;自动提款机;中信银行ATM,武侯区,104.060099,30.613958
中国民生银行24小时自助银行,finance,金融保险服务;自动提款机;中国民生银行ATM,武侯区,104.059957,30.618987
中国银行ATM(家乐福大世界店),finance,金融保险服务;自动提款机;中国银行ATM,武侯区,104.054548,30.617999
中国工商银行24小时自助银行(桐梓林南路支行),finance,金融保险服务;自动提款机;中国工商银行ATM,武侯区,104.055444,30.61425
中国建设银行24小时自助银行(桐梓林南路),finance,金融保险服务;自动提款机;中国建设银行ATM,武侯区,104.062602,30.614073
中国建设银行24小时自助银行(火车南站西路),finance,金融保险服务;自动提款机;中国建设银行ATM,武侯区,104.054613,30.611955
兴业银行24小时自助银行(桐梓林北路),finance,金融保险服务;自动提款机;兴业银行ATM,武侯区,104.061975,30.618726
中国农业银行24小时自助银行(桐梓林支行),finance,金融保险服务;自动提款机;中国农业银行ATM,武侯区,104.060471,30.618673
成都银行ATM(中环路火车南站西路段),finance,金融保险服务;自动提款机;自动提款机,武侯区,104.060148,30.610706
中国建设银行24小时自助银行(成都桐梓林支行),finance,金融保险服务;自动提款机;中国建设银行ATM,武侯区,104.058386,30.613757
包商银行24小时自助银行(桐梓林南路),finance,金融保险服务;自动提款机;自动提款机,武侯区,104.06005,30.613959
中国银行24小时自助银行(成都风华苑支行),finance,金融保险服务;自动提款机;中国银行ATM,武侯区,104.055289,30.615767
中国工商银行24小时自助银行(桐梓林北街支行),finance,金融保险服务;自动提款机;中国工商银行ATM,武侯区,104.059962,30.61888
中国建设银行24小时自助银行(新光路储蓄所),finance,金融保险服务;自动提款机;中国建设银行ATM,武侯区,104.055219,30.617785
中国建设银行24小时自助银行(成都中华园支行),finance,金融保险服务;自动提款机;中国建设银行ATM,武侯区,104.059745,30.618685
中国平安财产保险股份有限公司(蜀都支公司),finance,金融保险服务;保险公司;中国平安保险公司,武侯区,104.067247,30.61836
中国平安财产保险股份有限公司(航中街),finance,金融保险服务;保险公司;中国平安保险公司,武侯区,104.06624,30.618027
中国银行肿瘤医院银医自助服务区,finance,金融保险服务;银行相关;银行相关,武侯区,104.066865,30.612577
长城华西银行(成都航空路支行),finance,金融保险服务;银行;银行,武侯区,104.06506,30.618205
中国建设银行24小时自助银行(中环路火车南站东路段),finance,金融保险服务;自动提款机;中国建设银行ATM,武侯区,104.068694,30.610784
成都农商银行ATM(长寿路),finance,金融保险服务;自动提款机;农村商业银行ATM,武侯区,104.072419,30.614316
中国工商银行(长寿路分理处),finance,金融保险服务;银行;中国工商银行,武侯区,104.072601,30.614554
中国农业银行(成都长寿路分理处),finance,金融保险服务;银行;中国农业银行,武侯区,104.069395,30.614504
招商银行(成都锦官城支行),finance,金融保险服务;银行;招商银行,武侯区,104.069637,30.618337
平安银行(成都新希望路社区支行),finance,金融保险服务;银行;平安银行,武侯区,104.069698,30.615324
中国工商银行(成都航空路支行),finance,金融保险服务;银行;中国工商银行,武侯区,104.06778,30.61859
中国银行(成都火车南站支行),finance,金融保险服务;银行;中国银行,武侯区,104.064187,30.615738
中国银行(成都航空路支行),finance,金融保险服务;银行;中国银行,武侯区,104.068813,30.618588
交通银行(成都曼哈顿支行),finance,金融保险服务;银行;交通银行,武侯区,104.069628,30.617139
中信银行(成都锦绣支行),finance,金融保险服务;银行;中信银行,武侯区,104.065074,30.617303
中国建设银行,finance,金融保险服务;银行;中国建设银行,武侯区,104.068777,30.610751
成都银行(锦官新城支行),finance,金融保险服务;银行;银行,武侯区,104.0682,30.61905
兴业银行(锦官秀城社区支行),finance,金融保险服务;银行;兴业银行,武侯区,104.072481,30.617437
中国建设银行ATM(长寿南路),finance,金融保险服务;自动提款机;中国建设银行ATM,武侯区,104.069767,30.611747
中国工商银行24小时自助银行(成都航空路支行),finance,金融保险服务;自动提款机;中国工商银行ATM,武侯区,104.067737,30.618589
交通银行ATM(嘉云台大厦西南),finance,金融保险服务;自动提款机;交通银行ATM,武侯区,104.064187,30.611618
东亚银行(成都武侯支行),finance,金融保险服务;银行;东亚银行,武侯区,104.069298,30.618237
中国银行24小时自助银行(成都火车南站支行),finance,金融保险服务;自动提款机;中国银行ATM,武侯区,104.064963,30.616162
中国建设银行ATM(中苑巷),finance,金融保险服务;自动提款机;中国建设银行ATM,武侯区,104.067331,30.616701
中国建设银行ATM(航中街),finance,金融保险服务;自动提款机;中国建设银行ATM,武侯区,104.066206,30.617807
中国银行24小时自助银行(成都航空路支行),finance,金融保险服务;自动提款机;中国银行ATM,武侯区,104.068702,30.618582
中国建设银行ATM(成都嘉运酒店西南),finance,金融保险服务;自动提款机;中国建设银行ATM,武侯区,104.064193,30.612051
花旗银行(成都丰德国际广场支行),finance,金融保险服务;银行;花旗银行,武侯区,104.067869,30.618588
成都首座万丽酒店-ATM,finance,金融保险服务;自动提款机;自动提款机,武侯区,104.063903,30.61459
中信银行24小时自助银行(成都锦绣支行),finance,金融保险服务;自动提款机;中信银行ATM,武侯区,104.065074,30.617303
中信银行24小时自助银行(成都锦绣支行),finance,金融保险服务;自动提款机;中信银行ATM,武侯区,104.065074,30.617303
中国工商银行24小时自助银行(长寿路分理处),finance,金融保险服务;自动提款机;中国工商银行ATM,武侯区,104.072601,30.614554
中国农业银行24小时自助银行(成都长寿路分理处),finance,金融保险服务;自动提款机;中国农业银行ATM,武侯区,104.069395,30.614504
中国建设银行(成都航空路支行),finance,金融保险服务;银行;中国建设银行,武侯区,104.069028,30.618589
兴业银行24小时自助银行(锦官秀城社区支行),finance,金融保险服务;自动提款机;兴业银行ATM,武侯区,104.072481,30.617437
中国银行ATM(中环路火车南站东路段),finance,金融保险服务;自动提款机;中国银行ATM,武侯区,104.067305,30.612351
中国建设银行ATM(四川省第二人民医院西),finance,金融保险服务;自动提款机;中国建设银行ATM,武侯区,104.066949,30.612383
恒丰银行24小时自助银行(棕树北街),finance,金融保险服务;自动提款机;自动提款机,武侯区,104.071651,30.618023
中国建设银行24小时自助银行(成都蓝天支行),finance,金融保险服务;自动提款机;中国建设银行ATM,武侯区,104.075032,30.613815
招商银行(成都火车南站东路支行),finance,金融保险服务;银行;招商银行,武侯区,104.075459,30.61035
中信银行,finance,金融保险服务;银行;中信银行,武侯区,104.08067,30.613935
中国工商银行(科华南路支行),finance,金融保险服务;银行;中国工商银行,武侯区,104.07529,30.611637
中国银行(成都高攀支行),finance,金融保险服务;银行;中国银行,武侯区,104.075964,30.610527
中国农业银行(成都高攀路支行),finance,金融保险服务;银行;中国农业银行,武侯区,104.078611,30.611294
中国建设银行(蓝天小区储蓄所),finance,金融保险服务;银行;中国建设银行,武侯区,104.075032,30.613815
中国邮政储蓄银行(航空路支行),finance,金融保险服务;银行;中国邮政储蓄银行,武侯区,104.076367,30.619048
中国光大银行ATM(高攀路),finance,金融保险服务;自动提款机;中国光大银行ATM,武侯区,104.07953,30.61543
招商银行24小时自助银行(成都火车南站东路支行),finance,金融保险服务;自动提款机;招商银行ATM,武侯区,104.075459,30.61035
成都农商银(总行营业部),finance,金融保险服务;银行;农村商业银行,武侯区,104.074466,30.617145
南充市商业银行(中环路高攀东路段),finance,金融保险服务;银行;银行,武侯区,104.079699,30.61084
中国农业银行24小时自助银行(成都高攀路支行),finance,金融保险服务;自动提款机;中国农业银行ATM,武侯区,104.07874,30.611062
中国建设银行ATM(高攀路),finance,金融保险服务;自动提款机;中国建设银行ATM,武侯区,104.079962,30.617343
中国工商银行24小时自助银行(科华南路支行),finance,金融保险服务;自动提款机;中国工商银行ATM,武侯区,104.07529,30.611637
中国邮政储蓄银行ATM(航空路支行),finance,金融保险服务;自动提款机;中国邮政储蓄银行ATM,武侯区,104.076412,30.619047
中国农业银行24小时自助银行(长华路),finance,金融保险服务;自动提款机;中国农业银行ATM,武侯区,104.080938,30.613821
中国建设银行ATM(长寿苑东街),finance,金融保险服务;自动提款机;中国建设银行ATM,武侯区,104.074165,30.612888
中国银行24小时自助银行(成都高攀支行),finance,金融保险服务;自动提款机;中国银行ATM,武侯区,104.076031,30.610527
中国建设银行24小时自助银行(中环路高攀东路段),finance,金融保险服务;自动提款机;中国建设银行ATM,武侯区,104.079622,30.609959
中信银行24小时自助银行(成都长华路社区支行),finance,金融保险服务;自动提款机;中信银行ATM,武侯区,104.081011,30.614208
中国建设银行24小时自助银行(成都万科金色海蓉社区支行),finance,金融保险服务;自动提款机;中国建设银行ATM,武侯区,104.080794,30.613864
中国工商银行24小时自助银行(长华路),finance,金融保险服务;自动提款机;中国工商银行ATM,武侯区,104.081441,30.614061
成都农商银行24小时自助银行(科华中路),finance,金融保险服务;自动提款机;农村商业银行ATM,武侯区,104.074455,30.617304
上海银行ATM(高攀西巷),finance,金融保险服务;自动提款机;上海银行ATM,武侯区,104.077076,30.619039
中国民生银行24小时自助银行(成都万科金色海蓉社区支行),finance,金融保险服务;自动提款机;中国民生银行ATM,武侯区,104.08083,30.613855
恒丰银行24小时自助银行(长华路),finance,金融保险服务;自动提款机;自动提款机,武侯区,104.081386,30.613705
南充市商业银行24小时自助银行(中环路高攀东路段),finance,金融保险服务;自动提款机;自动提款机,武侯区,104.079699,30.61084
兴业银行(成都翡翠城社区支行),finance,金融保险服务;银行;兴业银行,锦江区,104.08702,30.614716
中国民生银行(成都翡翠城社区支行),finance,金融保险服务;银行;中国民生银行,锦江区,104.08751,30.613984
广发银行24小时自助银行(华润路),finance,金融保险服务;自动提款机;广发银行ATM,锦江区,104.089069,30.615619
中国银行(成都翡翠城支行),finance,金融保险服务;银行;中国银行,锦江区,104.091584,30.613872
中国农业银行(成都翡翠城支行),finance,金融保险服务;银行;中国农业银行,锦江区,104.090248,30.613537
中国建设银行(翡翠城储蓄所),finance,金融保险服务;银行;中国建设银行,锦江区,104.09184,30.616391
成都银行(琉璃路),finance,金融保险服务;银行;银行,锦江区,104.091134,30.615789
中国工商银行(华润路支行),finance,金融保险服务;银行;中国工商银行,锦江区,104.087679,30.614429
广东发展银行(翡翠城社区支行),finance,金融保险服务;银行;银行,锦江区,104.088931,30.615674
渤海银行(华润翡翠城社区支行),finance,金融保险服务;银行;银行,锦江区,104.091229,30.615356
重庆银行(成都翡翠城四区支行),finance,金融保险服务;银行;银行,锦江区,104.087622,30.613805
招商银行24小时自助银行(华润路),finance,金融保险服务;自动提款机;招商银行ATM,锦江区,104.087108,30.614755
中国工商银行24小时自助银行(华润路支行),finance,金融保险服务;自动提款机;中国工商银行ATM,锦江区,104.087631,30.614387
中国建设银行24小时自助银行(翡翠城储蓄所),finance,金融保险服务;自动提款机;中国建设银行ATM,锦江区,104.091782,30.616374
中信银行24小时自助银行(翡翠城五期南),finance,金融保险服务;自动提款机;中信银行ATM,锦江区,104.089452,30.613265
兴业银行24小时自助银行(成都翡翠城社区支行),finance,金融保险服务;自动提款机;兴业银行ATM,锦江区,104.08702,30.614716
中国建设银行24小时自助银行(翡翠城商业街),finance,金融保险服务;自动提款机;中国建设银行ATM,锦江区,104.088281,30.613444
中国银行24小时自助银行(琉璃路),finance,金融保险服务;自动提款机;中国银行ATM,锦江区,104.090726,30.6188
农业银行24h自助银行,finance,金融保险服务;自动提款机;中国农业银行ATM,锦江区,104.088252,30.615293
中国农业银行24小时自助银行(成都翡翠城支行),finance,金融保险服务;自动提款机;中国农业银行ATM,锦江区,104.090212,30.613525
重庆银行ATM,finance,金融保险服务;自动提款机;自动提款机,锦江区,104.087689,30.613825
成都农商银行取款机,finance,金融保险服务;自动提款机;农村商业银行ATM,武侯区,104.083597,30.610992
中国民生银行24小时自助银行(成都华润翡翠城社区支行),finance,金融保险服务;自动提款机;中国民生银行ATM,锦江区,104.08752,30.613997
包商银行24小时自助银行,finance,金融保险服务;自动提款机;自动提款机,锦江区,104.088149,30.613211
成都农商银行ATM(高翔路),finance,金融保险服务;自动提款机;农村商业银行ATM,武侯区,104.083578,30.61103
成都银行24小时自助银行(琉璃路),finance,金融保险服务;自动提款机;自动提款机,锦江区,104.091136,30.61578
中国邮政储蓄银行24小时自助银行(华润路),finance,金融保险服务;自动提款机;中国邮政储蓄银行ATM,锦江区,104.087092,30.614744
中国银行24小时自助银行(成都翡翠城支行),finance,金融保险服务;自动提款机;中国银行ATM,锦江区,104.09162,30.613868
中国工商银行24小时自助银行(琉璃路),finance,金融保险服务;自动提款机;中国工商银行ATM,锦江区,104.090665,30.618233
重庆银行24小时自助银行(成都翡翠城四区支行),finance,金融保险服务;自动提款机;自动提款机,锦江区,104.087595,30.613841
渤海银行24小时自助银行(华润翡翠城社区支行),finance,金融保险服务;自动提款机;自动提款机,锦江区,104.091212,30.61537
中国人民保险,finance,金融保险服务;保险公司;中国人民保险公司,锦江区,104.10194,30.614396
中国人民财产保险股份有限公司(城东南理赔分中心),finance,金融保险服务;保险公司;中国人民保险公司,锦江区,104.102113,30.614285
成都农商银行24小时自助银行(东光支行),finance,金融保险服务;自动提款机;农村商业银行ATM,锦江区,104.100646,30.613543
成都农商银行(东光支行),finance,金融保险服务;银行;农村商业银行,锦江区,104.100573,30.613524
中国工商银行(晨晖路分理处),finance,金融保险服务;银行;中国工商银行,锦江区,104.098093,30.613556
中国农业银行(成都金象花园支行),finance,金融保险服务;银行;中国农业银行,锦江区,104.097359,30.610102
中国建设银行(金象花园储蓄所),finance,金融保险服务;银行;中国建设银行,锦江区,104.097174,30.613157
中国农业银行(成都东光支行),finance,金融保险服务;银行;中国农业银行,锦江区,104.09666,30.618065
兴业银行(康郡社区支行),finance,金融保险服务;银行;兴业银行,锦江区,104.095661,30.610377
中国建设银行24小时自助银行(金象花园储蓄所),finance,金融保险服务;自动提款机;中国建设银行ATM,锦江区,104.097293,30.613217
中国工商银行24小时自助银行(晨晖路分理处),finance,金融保险服务;自动提款机;中国工商银行ATM,锦江区,104.098043,30.613556
成都银行ATM(晨辉东路),finance,金融保险服务;自动提款机;自动提款机,锦江区,104.097119,30.609757
交通银行24小时自助银行(晨辉西路),finance,金融保险服务;自动提款机;交通银行ATM,锦江区,104.095142,30.610152
中国建设银行ATM(东光南一巷),finance,金融保险服务;自动提款机;中国建设银行ATM,锦江区,104.09811,30.618808
中国民生银行24小时自助银行,finance,金融保险服务;自动提款机;中国民生银行ATM,锦江区,104.093553,30.615837
兴业银行24小时自助银行(金红苑西北),finance,金融保险服务;自动提款机;兴业银行ATM,锦江区,104.095661,30.610377
中国建设银行ATM(锦华路二段)(锦华路二段),finance,金融保险服务;自动提款机;中国建设银行ATM,锦江区,104.097174,30.611279
中国民生银行(成都育才花园社区支行),finance,金融保险服务;银行;中国民生银行,锦江区,104.099219,30.613573
中国农业银行24小时自助银行(成都金象花园支行),finance,金融保险服务;自动提款机;中国农业银行ATM,锦江区,104.097359,30.610102
中国民生银行24小时自助银行(成都育才花园社区支行),finance,金融保险服务;自动提款机;中国民生银行ATM,锦江区,104.099221,30.613573
成都银行ATM(东光南一巷),finance,金融保险服务;自动提款机;自动提款机,锦江区,104.098121,30.618665
中国工商银行24小时自助银行,finance,金融保险服务;自动提款机;自动提款机,锦江区,104.098478,30.618319
中国农业银行24小时自助银行(成都东光支行),finance,金融保险服务;自动提款机;中国农业银行ATM,锦江区,104.09666,30.618033
中国银行(成都万科支行),finance,金融保险服务;银行;中国银行,锦江区,104.112514,30.613827
中国建设银行(成都万科城市花园支行),finance,金融保险服务;银行;中国建设银行,锦江区,104.111808,30.618957
中国工商银行(成都静安路支行),finance,金融保险服务;银行;中国工商银行,锦江区,104.111353,30.618833
中国建设银行ATM,finance,金融保险服务;自动提款机;中国建设银行ATM,锦江区,104.112825,30.614273
中国建设银行24小时自助银行(成都万科城市花园支行),finance,金融保险服务;自动提款机;中国建设银行ATM,锦江区,104.111876,30.618961
中国银行24小时自助银行(成都万科支行),finance,金融保险服务;自动提款机;中国银行ATM,锦江区,104.112523,30.613768
中国工商银行24小时自助银行(成都静安路支行),finance,金融保险服务;自动提款机;中国工商银行ATM,锦江区,104.111278,30.618806
中国邮政24小时自助银行服务,finance,金融保险服务;自动提款机;中国邮政储蓄银行ATM,锦江区,104.119907,30.615635
四川师大邮政储蓄所,finance,金融保险服务;银行;中国邮政储蓄银行,锦江区,104.12014,30.61575
中国建设银行(四川师范大学储蓄所),finance,金融保险服务;银行;中国建设银行,锦江区,104.114652,30.611507
中国银行24小时自助银行(柳蹊路),finance,金融保险服务;自动提款机;中国银行ATM,锦江区,104.121067,30.611094
中国工商银行(四川师范大学支行),finance,金融保险服务;银行;中国工商银行,锦江区,104.120983,30.611355
中国建设银行ATM(劼人路),finance,金融保险服务;自动提款机;中国建设银行ATM,锦江区,104.122287,30.618826
中国建设银行24小时自助银行(川师大储蓄所),finance,金融保险服务;自动提款机;中国建设银行ATM,锦江区,104.115309,30.609691
中国建设银行24小时自助银行(弦歌路),finance,金融保险服务;自动提款机;中国建设银行ATM,锦江区,104.121407,30.613644
兴业银行(成都狮子山街办社区支行),finance,金融保险服务;银行;兴业银行,锦江区,104.114737,30.611617
兴业银行24小时自助银行(成都狮子山街办社区支行),finance,金融保险服务;自动提款机;兴业银行ATM,锦江区,104.114758,30.611639
中国建设银行24小时自助银行(四川师范大学储蓄所),finance,金融保险服务;自动提款机;中国建设银行ATM,锦江区,104.114699,30.611539
中国工商银行24小时自助银行(静安路),finance,金融保险服务;自动提款机;中国工商银行ATM,锦江区,104.114825,30.609695
上海浦东发展银行24小时自助银行(柳堤小区北),finance,金融保险服务;自动提款机;上海浦东发展银行ATM,锦江区,104.121938,30.61243
中国工商银行24小时自助银行(沙河支行四川师范大学支行),finance,金融保险服务;自动提款机;中国工商银行ATM,锦江区,104.120955,30.611325
成都农商银行24小时自助银行(国槐分理处),finance,金融保险服务;自动提款机;农村商业银行ATM,锦江区,104.129458,30.61282
成都农商银行(航天立交分理处),finance,金融保险服务;银行;农村商业银行,锦江区,104.133329,30.609446
成都银行,finance,金融保险服务;银行;银行,锦江区,104.129967,30.61059
中国邮政储蓄银行(国槐街邮政支局),finance,金融保险服务;银行;中国邮政储蓄银行,锦江区,104.130927,30.615425
成都农商银行(国槐分理处),finance,金融保险服务;银行;农村商业银行,锦江区,104.129472,30.612834
中国建设银行ATM(国槐街),finance,金融保险服务;自动提款机;中国建设银行ATM,锦江区,104.129449,30.612808
中国建设银行ATM(海桐街),finance,金融保险服务;自动提款机;中国建设银行ATM,锦江区,104.129766,30.610892
中国建设银行ATM(佳宏路),finance,金融保险服务;自动提款机;中国建设银行ATM,锦江区,104.129797,30.614575
中国工商银行24小时自助银行(海桐街),finance,金融保险服务;自动提款机;中国工商银行ATM,锦江区,104.130342,30.610394
中国建设银行自助取款机,finance,金融保险服务;自动提款机;自动提款机,锦江区,104.129601,30.610954
中国邮政储蓄银行24小时自助银行(国槐街营业所),finance,金融保险服务;自动提款机;中国邮政储蓄银行ATM,锦江区,104.130881,30.615375
成都银行24小时自助银行(海桐街),finance,金融保险服务;自动提款机;自动提款机,锦江区,104.130202,30.61048
中国建设银行ATM(合欢树街),finance,金融保险服务;自动提款机;中国建设银行ATM,锦江区,104.134274,30.611792
中国建设银行24小时自助银行(静明路),finance,金融保险服务;自动提款机;中国建设银行ATM,锦江区,104.136795,30.616303
中国工商银行24小时自助银行(大观里),finance,金融保险服务;自动提款机;中国工商银行ATM,锦江区,104.134647,30.618718
中国农业银行(成都金花支行),finance,金融保险服务;银行;中国农业银行,武侯区,103.967327,30.607524
交通银行ATM(映月街),finance,金融保险服务;自动提款机;交通银行ATM,武侯区,103.964811,30.606586
中国邮政储蓄银行(金花营业所),finance,金融保险服务;银行;中国邮政储蓄银行,武侯区,103.966324,30.607825
中国农业银行24小时自助银行(成都金花支行),finance,金融保险服务;自动提款机;中国农业银行ATM,武侯区,103.967327,30.607524
中国邮政储蓄银行24小时自助银行(金花营业所),finance,金融保险服务;自动提款机;中国邮政储蓄银行ATM,武侯区,103.966331,30.607849
中国工商银行(成都西部鞋都支行),finance,金融保险服务;银行;中国工商银行,武侯区,103.981045,30.601824
招商银行(成都鞋都产业园支行),finance,金融保险服务;银行;招商银行,武侯区,103.981661,30.600653
成都银行(金花支行),finance,金融保险服务;银行;银行,武侯区,103.982161,30.601879
交通银行ATM(鞋都南一路),finance,金融保险服务;自动提款机;交通银行ATM,武侯区,103.980666,30.601239
招商银行24小时自助银行(成都鞋都产业园支行),finance,金融保险服务;自动提款机;招商银行ATM,武侯区,103.981661,30.600653
中国建设银行24小时自助银行,finance,金融保险服务;自动提款机;中国建设银行ATM,武侯区,103.975862,30.599928
中国农业银行24小时自助银行(金履一路),finance,金融保险服务;自动提款机;中国农业银行ATM,武侯区,103.983205,30.604745
中国建设银行ATM(创富中心B座东南),finance,金融保险服务;自动提款机;中国建设银行ATM,武侯区,103.982052,30.600571
中国建设银行24小时自助银行(金履一路),finance,金融保险服务;自动提款机;中国建设银行ATM,武侯区,103.982492,30.605264
兴业银行ATM,finance,金融保险服务;自动提款机;自动提款机,武侯区,103.979491,30.600762
成都银行24小时自助银行(金花支行),finance,金融保险服务;自动提款机;自动提款机,武侯区,103.982161,30.60188
中国民生银行24小时自助银行(华康步行街),finance,金融保险服务;自动提款机;中国民生银行ATM,武侯区,103.979458,30.60191
中国工商银行24小时自助银行(成都西部鞋都支行),finance,金融保险服务;自动提款机;中国工商银行ATM,武侯区,103.981045,30.601824
ICBC24小时自助银行服务,finance,金融保险服务;自动提款机;自动提款机,武侯区,103.989197,30.60863
中国建设银行(成都簇桥支行),finance,金融保险服务;银行;中国建设银行,武侯区,103.98976,30.607224
中国邮政储蓄银行(簇桥支行),finance,金融保险服务;银行;中国邮政储蓄银行,武侯区,103.988335,30.609019
南充市商业银行(成都簇桥支行),finance,金融保险服务;银行;银行,武侯区,103.985697,30.605175
中国建设银行24小时自助银行(成都簇桥支行),finance,金融保险服务;自动提款机;中国建设银行ATM,武侯区,103.98976,30.607224
恒丰银行(成都簇桥小微支行),finance,金融保险服务;银行;银行,武侯区,103.985949,30.606396
成都银行(圣路易名邸社区支行),finance,金融保险服务;银行;银行,武侯区,103.983954,30.608522
交通银行ATM(龙井中街),finance,金融保险服务;自动提款机;交通银行ATM,武侯区,103.992756,30.606834
中国建设银行ATM(龙井中街),finance,金融保险服务;自动提款机;中国建设银行ATM,武侯区,103.993023,30.607765
中国建设银行ATM(望锦中街),finance,金融保险服务;自动提款机;中国建设银行ATM,武侯区,103.989016,30.603125
中国农业银行24小时自助银行(智达二路),finance,金融保险服务;自动提款机;中国农业银行ATM,武侯区,103.983891,30.609056
成都农商银行(亿臣分理处),finance,金融保险服务;银行;农村商业银行,武侯区,103.985505,30.60471
中国工商银行24小时自助银行(簇锦北路),finance,金融保险服务;自动提款机;中国工商银行ATM,武侯区,103.988987,30.608934
南充市商业银行ATM,finance,金融保险服务;自动提款机;自动提款机,武侯区,103.985878,30.605181
成都农商银行24小时自助银行(商业街分理处),finance,金融保险服务;自动提款机;农村商业银行ATM,武侯区,103.993737,30.606854
成都银行24小时自助银行(智达二路),finance,金融保险服务;自动提款机;自动提款机,武侯区,103.984034,30.608544
中国邮政储蓄银行24小时自助银行(簇桥支行),finance,金融保险服务;自动提款机;中国邮政储蓄银行ATM,武侯区,103.988335,30.609019
成都市农村商业银行24小时自助银行(亿臣分理处),finance,金融保险服务;自动提款机;农村商业银行ATM,武侯区,103.985493,30.6047
恒丰银行24小时自助银行(成都簇桥小微支行),finance,金融保险服务;自动提款机;自动提款机,武侯区,103.985961,30.606447
成都农商银行ATM(龙井中街),finance,金融保险服务;自动提款机;农村商业银行ATM,武侯区,103.99201,30.607051
南充市商业银行24小时自助银行(簇桥支行),finance,金融保险服务;自动提款机;自动提款机,武侯区,103.985716,30.605246
华泰保险股份有限公司(武侯町町店),finance,金融保险服务;保险公司;华泰财产保险股份有限公司,武侯区,103.994737,30.603717
中国工商银行24小时自助银行(簇桥支行),finance,金融保险服务;自动提款机;中国工商银行ATM,武侯区,103.993985,30.600619
成都农商银行(兴达分理处),finance,金融保险服务;银行;农村商业银行,武侯区,103.994104,30.602289
中国农业银行(成都簇锦南路支行),finance,金融保险服务;银行;中国农业银行,武侯区,103.993756,30.602739
中国工商银行(簇桥支行),finance,金融保险服务;银行;中国工商银行,武侯区,103.993985,30.600619
中国邮政储蓄银行(簇桥中街营业所),finance,金融保险服务;银行;中国邮政储蓄银行,武侯区,103.995548,30.604664
交通银行ATM(文盛路),finance,金融保险服务;自动提款机;交通银行ATM,武侯区,104.001406,30.60616
工商银行ATM,finance,金融保险服务;自动提款机;中国工商银行ATM,武侯区,103.995659,30.599829
中国工商银行24小时自助银行(成都簇桥支行),finance,金融保险服务;自动提款机;中国工商银行ATM,武侯区,103.997217,30.605593
中国农业银行24小时自助银行(成都簇锦南路支行),finance,金融保险服务;自动提款机;中国农业银行ATM,武侯区,103.993784,30.602702
成都农商银行(商业街分理处),finance,金融保险服务;银行;银行,武侯区,103.993852,30.606738
成都农商银行24小时自助银行(商业街分理处),finance,金融保险服务;自动提款机;农村商业银行ATM,武侯区,103.993737,30.606854
中国邮政储蓄银行24小时自助银行(簇桥中街营业所),finance,金融保险服务;自动提款机;中国邮政储蓄银行ATM,武侯区,103.995573,30.604629
成都农商银行(城南分理处),finance,金融保险服务;银行;农村商业银行,武侯区,104.02467,30.608825
中国建设银行ATM(新雅东街),finance,金融保险服务;自动提款机;中国建设银行ATM,武侯区,104.027045,30.606455
成都农商银行24小时自助银行(城南分理处),finance,金融保险服务;自动提款机;农村商业银行ATM,武侯区,104.02467,30.608825
华泰保险股份有限公司(新乐北街),finance,金融保险服务;保险公司;华泰财产保险股份有限公司,武侯区,104.042443,30.606333
中国工商银行(成都新义路分理处),finance,金融保险服务;银行;中国工商银行,武侯区,104.038017,30.606551
中国工商银行24小时自助银行(成都新义路分理处),finance,金融保险服务;自动提款机;中国工商银行ATM,武侯区,104.038017,30.606551
交通银行24小时自助银行(新乐路),finance,金融保险服务;自动提款机;交通银行ATM,武侯区,104.037048,30.608623
成都农商银行(和达分理处),finance,金融保险服务;银行;农村商业银行,武侯区,104.038102,30.607961
中国建设银行ATM(新乐南街),finance,金融保险服务;自动提款机;中国建设银行ATM,武侯区,104.034406,30.608009
交通银行ATM(美洲北路),finance,金融保险服务;自动提款机;交通银行ATM,武侯区,104.03508,30.60249
成都农商银行24小时自助银行(和达分理处),finance,金融保险服务;自动提款机;农村商业银行ATM,武侯区,104.038102,30.607961
中国建设银行24小时自助银行(新乐路),finance,金融保险服务;自动提款机;中国建设银行ATM,武侯区,104.04102,30.605982
中国建设银行24小时自助银行(新乐北街),finance,金融保险服务;自动提款机;中国建设银行ATM,武侯区,104.042452,30.606304
中国建设银行24小时自助银行(美洲北路),finance,金融保险服务;自动提款机;中国建设银行ATM,武侯区,104.035751,30.603393
中国工商银行24小时自助银行(美洲北路),finance,金融保险服务;自动提款机;中国工商银行ATM,武侯区,104.035692,30.603291
兴业银行(成都蓝光1881社区支行),finance,金融保险服务;银行;兴业银行,武侯区,104.051653,30.604385
中国民生银行(成都中海翠屏湾社区支行),finance,金融保险服务;银行;中国民生银行,武侯区,104.049463,30.602821
上海浦东发展银行24小时自助银行(捷泰行政公寓西南),finance,金融保险服务;自动提款机;上海浦东发展银行ATM,武侯区,104.044649,30.604931
中国建设银行24小时自助银行(泰和二街),finance,金融保险服务;自动提款机;中国建设银行ATM,武侯区,104.049617,30.602735
中国民生银行24小时自助银行(成都中海翠屏湾社区支行),finance,金融保险服务;自动提款机;中国民生银行ATM,武侯区,104.049464,30.602817
中国建设银行(南站分理处),finance,金融保险服务;银行;中国建设银行,武侯区,104.054934,30.60586
中国工商银行24小时自助银行(益州大道北段),finance,金融保险服务;自动提款机;中国工商银行ATM,武侯区,104.057645,30.602508
招商银行ATM(凯丹广场),finance,金融保险服务;自动提款机;招商银行ATM,武侯区,104.060801,30.604396
中国建设银行24小时自助银行(南站分理处),finance,金融保险服务;自动提款机;中国建设银行ATM,武侯区,104.054749,30.605812
华夏银行ATM,finance,金融保险服务;自动提款机;华夏银行ATM,武侯区,104.056332,30.607172
中国银行ATM,finance,金融保险服务;自动提款机;中国银行ATM,武侯区,104.058628,30.604725
华夏银行ATM(南门富森美),finance,金融保险服务;自动提款机;华夏银行ATM,武侯区,104.062351,30.603956
中国农业银行24小时自助银行(广和二街),finance,金融保险服务;自动提款机;中国农业银行ATM,武侯区,104.056582,30.607832
中信银行24小时自助银行(广和二街),finance,金融保险服务;自动提款机;中信银行ATM,武侯区,104.056883,30.607836
天津银行24小时自助银行,finance,金融保险服务;自动提款机;自动提款机,武侯区,104.058509,30.604919
自助银行服务,finance,金融保险服务;自动提款机;自动提款机,武侯区,104.06673,30.604348
成都农商银行ATM(三瓦窑分理处),finance,金融保险服务;自动提款机;农村商业银行ATM,武侯区,104.071319,30.604373
中国农业发展银行(成都市南郊支行),finance,金融保险服务;银行;银行,武侯区,104.067155,30.606771
中国农业银行(成都凯德天府支行),finance,金融保险服务;银行;中国农业银行,武侯区,104.067988,30.604908
中国工商银行(天仁路支行),finance,金融保险服务;银行;中国工商银行,武侯区,104.066344,30.604443
成都农商银行(三瓦窑分理处),finance,金融保险服务;银行;农村商业银行,武侯区,104.071456,30.604551
中国农业银行ATM(成都南站),finance,金融保险服务;自动提款机;中国农业银行ATM,武侯区,104.066419,30.608134
中信银行ATM(天仁南街),finance,金融保险服务;自动提款机;中信银行ATM,武侯区,104.068902,30.60226
大连银行(成都高新支行),finance,金融保险服务;银行;银行,武侯区,104.067155,30.606899
中国建设银行ATM(天和西一街),finance,金融保险服务;自动提款机;中国建设银行ATM,武侯区,104.069718,30.605422
中国建设银行ATM(天府大道北段),finance,金融保险服务;自动提款机;中国建设银行ATM,武侯区,104.064285,30.603486
中国农业银行24小时自助银行(成都凯德天府支行),finance,金融保险服务;自动提款机;中国农业银行ATM,武侯区,104.067942,30.604924
中国农业发展银行24小时自助银行(成都市南郊支行),finance,金融保险服务;自动提款机;自动提款机,武侯区,104.067155,30.606771
中国建设银行24小时自助银行(天仁南街),finance,金融保险服务;自动提款机;中国建设银行ATM,武侯区,104.069198,30.601986
中国农业银行ATM,finance,金融保险服务;自动提款机;自动提款机,武侯区,104.064023,30.604324
中国工商银行24小时自助银行(天仁路支行),finance,金融保险服务;自动提款机;中国工商银行ATM,武侯区,104.066495,30.604433
中国民生银行24小时自助银行(天和东街),finance,金融保险服务;自动提款机;中国民生银行ATM,武侯区,104.07325,30.601455
成都农商银行ATM(天仁北二街),finance,金融保险服务;自动提款机;农村商业银行ATM,武侯区,104.071208,30.607226
成都市农村商业银行ATM(苏宁广场),finance,金融保险服务;自动提款机;农村商业银行ATM,武侯区,104.064016,30.604382
大连银行24小时自助银行(成都高新支行),finance,金融保险服务;自动提款机;自动提款机,武侯区,104.067155,30.606899
中国民生银行(成都分行南延新苑金融便民店),finance,金融保险服务;银行;中国民生银行,武侯区,104.073559,30.601562
bsb度包商银行,finance,金融保险服务;银行;银行,武侯区,104.078199,30.605278
中信银行(成都东苑社区支行),finance,金融保险服务;银行;中信银行,武侯区,104.079881,30.606406
中国建设银行ATM(天仁路),finance,金融保险服务;自动提款机;中国建设银行ATM,武侯区,104.07451,30.604295
中国工商银行24小时自助银行(桂溪西街),finance,金融保险服务;自动提款机;中国工商银行ATM,武侯区,104.075829,30.603951
中信银行24小时自助银行(成都东苑社区支行),finance,金融保险服务;自动提款机;中信银行ATM,武侯区,104.079881,30.606406
成都农商银行(锦华分理处),finance,金融保险服务;银行;农村商业银行,锦江区,104.089573,30.60567
中国邮政邮政储蓄,finance,金融保险服务;银行;中国邮政储蓄银行,锦江区,104.087898,30.605917
中国邮政储蓄银行(科创路营业所),finance,金融保险服务;银行;中国邮政储蓄银行,锦江区,104.088029,30.605777
交通银行ATM(琉璃路),finance,金融保险服务;自动提款机;交通银行ATM,锦江区,104.09279,30.606845
中国建设银行ATM(柳翠路),finance,金融保险服务;自动提款机;中国建设银行ATM,锦江区,104.092319,30.606967
中国建设银行ATM(翠风路),finance,金融保险服务;自动提款机;中国建设银行ATM,锦江区,104.086562,30.606273
中国建设银行ATM(洗瓦堰路),finance,金融保险服务;自动提款机;中国建设银行ATM,锦江区,104.0893,30.606214
中国邮政储蓄银行ATM(科创路营业所),finance,金融保险服务;自动提款机;中国邮政储蓄银行ATM,锦江区,104.088029,30.605777
成都农商银行24小时自助银行(锦华分理处),finance,金融保险服务;自动提款机;农村商业银行ATM,锦江区,104.089719,30.605583
农商银行ATM,finance,金融保险服务;自动提款机;农村商业银行ATM,锦江区,104.09635,30.605152
中国工商银行(经天路分理处),finance,金融保险服务;银行;中国工商银行,锦江区,104.099965,30.605343
交通银行ATM(经天西路),finance,金融保险服务;自动提款机;交通银行ATM,锦江区,104.100256,30.601145
交通银行ATM(经天路4号院西),finance,金融保险服务;自动提款机;交通银行ATM,锦江区,104.098183,30.60506
兴业银行ATM(锦华路二段),finance,金融保险服务;自动提款机;兴业银行ATM,锦江区,104.095285,30.609126
中国建设银行ATM(琉三路),finance,金融保险服务;自动提款机;中国建设银行ATM,锦江区,104.099946,30.601268
中国建设银行ATM(仁居路),finance,金融保险服务;自动提款机;中国建设银行ATM,锦江区,104.097361,30.602625
中国建设银行ATM(经天路),finance,金融保险服务;自动提款机;中国建设银行ATM,锦江区,104.100797,30.605451
中国建设银行ATM(金林中心西),finance,金融保险服务;自动提款机;中国建设银行ATM,锦江区,104.095161,30.606667
中国工商银行24小时自助银行(经天路分理处),finance,金融保险服务;自动提款机;中国工商银行ATM,锦江区,104.099965,30.605343
华夏银行ATM(琉璃一街),finance,金融保险服务;自动提款机;华夏银行ATM,锦江区,104.094471,30.605346
中国建设银行ATM(经天三街),finance,金融保险服务;自动提款机;中国建设银行ATM,锦江区,104.102343,30.599583
中国设银行自助银行,finance,金融保险服务;自动提款机;自动提款机,锦江区,104.097351,30.602732
中国银行ATM(琉三路),finance,金融保险服务;自动提款机;中国银行ATM,锦江区,104.107773,30.602019
南充市商业银行(成都蓝谷地社区支行),finance,金融保险服务;银行;银行,锦江区,104.123322,30.604832
中信银行24小时自助银行(黄杨街),finance,金融保险服务;自动提款机;中信银行ATM,锦江区,104.122163,30.607352
兴业银行(成都蓝谷地社区支行),finance,金融保险服务;银行;兴业银行,锦江区,104.122407,30.60739
中国建设银行24小时自助银行(国槐街),finance,金融保险服务;自动提款机;中国建设银行ATM,锦江区,104.123114,30.607635
中国民生银行24小时自助银行(静安路),finance,金融保险服务;自动提款机;中国民生银行ATM,锦江区,104.115942,30.608631
中国建设银行ATM(锦江区信访接待中心北),finance,金融保险服务;自动提款机;中国建设银行ATM,锦江区,104.114065,30.60092
兴业银行24小时自助银行(成都蓝谷地社区支行),finance,金融保险服务;自动提款机;兴业银行ATM,锦江区,104.122438,30.607386
成都农商银行24小时自助银行(航天立交分理处),finance,金融保险服务;自动提款机;农村商业银行ATM,锦江区,104.133305,30.609414
中国建设银行(海桐储蓄所),finance,金融保险服务;银行;中国建设银行,锦江区,104.128848,30.608382
中国建设银行(成都汽车城支行),finance,金融保险服务;银行;中国建设银行,锦江区,104.129051,30.601325
中国工商银行(水杉街支行),finance,金融保险服务;银行;中国工商银行,锦江区,104.124088,30.605607
中国建设银行24小时自助银行(汽车城支行),finance,金融保险服务;自动提款机;中国建设银行ATM,锦江区,104.129051,30.601325
中国建设银行ATM(玉兰街),finance,金融保险服务;自动提款机;中国建设银行ATM,锦江区,104.126505,30.609039
中国银行ATM(合欢树街),finance,金融保险服务;自动提款机;中国银行ATM,锦江区,104.131802,30.607854
华夏银行ATM(合欢树街),finance,金融保险服务;自动提款机;华夏银行ATM,锦江区,104.131014,30.607203
中国建设银行24小时自助银行(合欢树街),finance,金融保险服务;自动提款机;中国建设银行ATM,锦江区,104.125035,30.6055
中国建设银行24小时自助银行(海桐储蓄所),finance,金融保险服务;自动提款机;中国建设银行ATM,锦江区,104.128884,30.608411
中国工商银行24小时自助银行(水杉街支行),finance,金融保险服务;自动提款机;中国工商银行ATM,锦江区,104.124138,30.605646
中国建设银行(468熙街支行),finance,金融保险服务;银行;中国建设银行,锦江区,104.143408,30.608595
成都银行(成都芙蓉西路社区支行),finance,金融保险服务;银行;银行,锦江区,104.142807,30.608402
中国建设银行ATM(牡丹街),finance,金融保险服务;自动提款机;中国建设银行ATM,锦江区,104.139771,30.600506
成都银行24小时自助银行(成都芙蓉西路社区支行),finance,金融保险服务;自动提款机;自动提款机,锦江区,104.142807,30.608402
成都银行24小时自助银行(牡丹街),finance,金融保险服务;自动提款机;自动提款机,锦江区,104.140891,30.599863
成都银行(成都东洪广厦社区支行),finance,金融保险服务;银行;银行,锦江区,104.148891,30.606173
中国建设银行ATM(芙蓉西路),finance,金融保险服务;自动提款机;中国建设银行ATM,锦江区,104.143842,30.607785
中国建设银行ATM(芙蓉中路),finance,金融保险服务;自动提款机;中国建设银行ATM,锦江区,104.148582,30.605823
成都银行24小时自助银行(成都东洪广厦社区支行),finance,金融保险服务;自动提款机;自动提款机,锦江区,104.148893,30.606173
成都农商银行(西部鞋都分社),finance,金融保险服务;银行;农村商业银行,武侯区,103.971569,30.590444
中国邮政储蓄银行ATM(簇马工业园营业所),finance,金融保险服务;自动提款机;中国邮政储蓄银行ATM,武侯区,103.970042,30.589992
中国邮政储蓄银行(簇马工业园营业所),finance,金融保险服务;银行;中国邮政储蓄银行,武侯区,103.970043,30.589991
成都农商银行24小时自助银行(西部鞋都分理处),finance,金融保险服务;自动提款机;农村商业银行ATM,武侯区,103.971439,30.590471
中国建设银行ATM(新苗西街),finance,金融保险服务;自动提款机;中国建设银行ATM,武侯区,103.989944,30.599596
交通银行ATM(新园大道),finance,金融保险服务;自动提款机;交通银行ATM,武侯区,104.034784,30.591173
成都银行24小时自助银行(新园南二路),finance,金融保险服务;自动提款机;自动提款机,武侯区,104.036151,30.598127
成都农商银行(高新支行),finance,金融保险服务;银行;农村商业银行,武侯区,104.052267,30.590324
中国建设银行(成都南城都汇支行),finance,金融保险服务;银行;中国建设银行,武侯区,104.052262,30.597001
包商银行,finance,金融保险服务;银行;银行,武侯区,104.052592,30.597092
哈尔滨银行(成都高新支行),finance,金融保险服务;银行;银行,武侯区,104.052374,30.593626
中国建设银行ATM,finance,金融保险服务;自动提款机;中国建设银行ATM,武侯区,104.049918,30.592315
中国建设银行24小时自助银行(成都南城都汇支行),finance,金融保险服务;自动提款机;中国建设银行ATM,武侯区,104.052107,30.597023
成都农商银行24小时自助银行(高新支行),finance,金融保险服务;自动提款机;农村商业银行ATM,武侯区,104.052222,30.590324
恒丰银行ATM(府城大道西段),finance,金融保险服务;自动提款机;自动提款机,武侯区,104.053198,30.590538
包商银行24小时自助银行(荟锦路),finance,金融保险服务;自动提款机;自动提款机,武侯区,104.052678,30.597266
哈尔滨银行24小时自助银行(成都高新支行),finance,金融保险服务;自动提款机;自动提款机,武侯区,104.052374,30.593626
成都银行ATM(天韵路),finance,金融保险服务;自动提款机;自动提款机,武侯区,104.062687,30.594493
招商银行成都府城大道支行ATM(九方购物中心),finance,金融保险服务;自动提款机;招商银行ATM|金融保险服务;银行相关;银行相关,武侯区,104.062377,30.593235
交通银行(高新南区支行),finance,金融保险服务;银行;交通银行,武侯区,104.063222,30.593943
招商银行(成都府城大道支行),finance,金融保险服务;银行;招商银行,武侯区,104.062317,30.593205
中国工商银行(天府大道支行),finance,金融保险服务;银行;中国工商银行,武侯区,104.063167,30.595378
中国银行(天府大道支行),finance,金融保险服务;银行;中国银行,武侯区,104.063163,30.594037
中国建设银行(天府新城支行),finance,金融保险服务;银行;中国建设银行,武侯区,104.060878,30.591559
中国银行(城南支行),finance,金融保险服务;银行;中国银行,武侯区,104.059478,30.596527
中国农业银行(成都高新技术产业开发区支行),finance,金融保险服务;银行;中国农业银行,武侯区,104.063463,30.593933
包商银行(高新支行),finance,金融保险服务;银行;银行,武侯区,104.063132,30.596146
中国工商银行ATM(九方购物中心),finance,金融保险服务;自动提款机;中国工商银行ATM,武侯区,104.062446,30.592237
中信银行24小时自助银行(荟锦路),finance,金融保险服务;自动提款机;中信银行ATM,武侯区,104.053612,30.592552
中国银行ATM,finance,金融保险服务;自动提款机;中国银行ATM,武侯区,104.06108,30.59713
交通银行ATM(天韵路),finance,金融保险服务;自动提款机;交通银行ATM,武侯区,104.062687,30.594493
中国工商银行24小时自助银行(天府大道支行),finance,金融保险服务;自动提款机;中国工商银行ATM,武侯区,104.062648,30.594495
中国建设银行24小时自助银行(天府新城支行),finance,金融保险服务;自动提款机;中国建设银行ATM,武侯区,104.06117,30.591668
中国工商银行24小时自助银行(第六办公区),finance,金融保险服务;自动提款机;中国工商银行ATM,武侯区,104.060249,30.590309
中信银行24小时自助银行(理想中心4栋南),finance,金融保险服务;自动提款机;中信银行ATM,武侯区,104.060694,30.597039
中国银行24小时自助银行(城南支行),finance,金融保险服务;自动提款机;中国银行ATM,武侯区,104.059532,30.596528
中信银行24小时自助银行(理想中心4栋南),finance,金融保险服务;自动提款机;中信银行ATM,武侯区,104.060694,30.597039
中国银行24小时自助银行(城南支行),finance,金融保险服务;自动提款机;中国银行ATM,武侯区,104.059532,30.596528
中国银行ATM(天府大道支行),finance,金融保险服务;自动提款机;中国银行ATM,武侯区,104.063216,30.593869
成都银行ATM(高新区管委会),finance,金融保险服务;自动提款机;自动提款机,武侯区,104.062877,30.594601
中国平安财产保险股份有限公司,finance,金融保险服务;保险公司;中国平安保险公司,武侯区,104.064186,30.59497
中国邮政储蓄银行24小时自助银行(特拉克斯支行),finance,金融保险服务;自动提款机;中国邮政储蓄银行ATM,武侯区,104.068048,30.593698
招商银行(成都天顺路支行),finance,金融保险服务;银行;招商银行,武侯区,104.068722,30.593559
广发银行(成都分行营业部),finance,金融保险服务;银行;广发银行,武侯区,104.066092,30.595702
成都银行(高新支行),finance,金融保险服务;银行;银行,武侯区,104.068659,30.591928
中国银行(成都海关大厦支行),finance,金融保险服务;银行;中国银行,武侯区,104.069332,30.595482
中信银行(成都高新支行),finance,金融保险服务;银行;中信银行,武侯区,104.068011,30.594297
交通银行(成都科技支行),finance,金融保险服务;银行;交通银行,武侯区,104.06828,30.595387
中国农业银行(天府长城支行),finance,金融保险服务;银行;中国农业银行,武侯区,104.072941,30.595239
中国工商银行(天顺路支行),finance,金融保险服务;银行;中国工商银行,武侯区,104.068732,30.594062
中国建设银行(兴南支行),finance,金融保险服务;银行;中国建设银行,武侯区,104.068706,30.592912
中国民生银行(成都高新支行),finance,金融保险服务;银行;中国民生银行,武侯区,104.068708,30.592558
南充市商业银行,finance,金融保险服务;银行;银行,武侯区,104.070608,30.594497
兴业银行(成都天府长城社区支行),finance,金融保险服务;银行;兴业银行,武侯区,104.06876,30.596594
中国建设银行(成都天府长城支行),finance,金融保险服务;银行;中国建设银行,武侯区,104.073349,30.595689
中国邮政储蓄银行(特拉克斯支行),finance,金融保险服务;银行;中国邮政储蓄银行,武侯区,104.068048,30.593698
中国建设银行(成都科技支行),finance,金融保险服务;银行;中国建设银行,武侯区,104.063925,30.594986
攀枝花市商业银行(成都高新支行),finance,金融保险服务;银行;银行,武侯区,104.068735,30.590256
中国光大银行(成都天府长城小微支行),finance,金融保险服务;银行;中国光大银行,武侯区,104.071521,30.594536
中国农业银行24小时自助银行(成都天府长城支行),finance,金融保险服务;自动提款机;中国农业银行ATM,武侯区,104.072941,30.595239
中国建设银行ATM(名都路),finance,金融保险服务;自动提款机;中国建设银行ATM,武侯区,104.068807,30.590618
中国建设银行ATM(天泰路),finance,金融保险服务;自动提款机;中国建设银行ATM,武侯区,104.067528,30.597175
交通银行24小时自助银行(成都科技支行),finance,金融保险服务;自动提款机;交通银行ATM,武侯区,104.06828,30.595387
招商银行24小时自助银行(成都天顺路支行),finance,金融保险服务;自动提款机;招商银行ATM,武侯区,104.068736,30.593785
中国工商银行24小时自助银行(天顺路支行),finance,金融保险服务;自动提款机;中国工商银行ATM,武侯区,104.068732,30.593985
中国民生银行24小时自助银行(成都高新支行),finance,金融保险服务;自动提款机;中国民生银行ATM,武侯区,104.068708,30.592558
中信银行24小时自助银行(成都高新支行),finance,金融保险服务;自动提款机;中信银行ATM,武侯区,104.068011,30.594297
中国银行24小时自助银行(成都海关大厦支行),finance,金融保险服务;自动提款机;中国银行ATM,武侯区,104.069332,30.595482
中国银行24小时自助银行(成都海关大厦支行),finance,金融保险服务;自动提款机;中国银行ATM,武侯区,104.069332,30.595482
中国建设银行24小时自助银行(兴南支行),finance,金融保险服务;自动提款机;中国建设银行ATM,武侯区,104.06869,30.592979
广发银行24小时自助银行(成都分行营业部),finance,金融保险服务;自动提款机;广发银行ATM,武侯区,104.066092,30.595702
攀枝花市商业银行24小时自助银行(成都高新支行),finance,金融保险服务;自动提款机;自动提款机,武侯区,104.068735,30.590256
中国建设银行ATM(天顺中街),finance,金融保险服务;自动提款机;中国建设银行ATM,武侯区,104.067805,30.596083
中国农业银行ATM(成都高新技术产业开发区支行),finance,金融保险服务;自动提款机;中国农业银行ATM,武侯区,104.063564,30.593903
中国建设银行24小时自助银行(成都高新区支行),finance,金融保险服务;自动提款机;中国建设银行ATM,武侯区,104.06393,30.595133
中国建设银行24小时自助银行(天府长城支行),finance,金融保险服务;自动提款机;中国建设银行ATM,武侯区,104.073394,30.59555
南充市商业银行ATM(天久南巷),finance,金融保险服务;自动提款机;自动提款机,武侯区,104.070607,30.594498
兴业银行24小时自助银行(成都天府长城社区支行),finance,金融保险服务;自动提款机;兴业银行ATM,武侯区,104.068717,30.596594
中国人民财产保险股份有限公司(三色路),finance,金融保险服务;保险公司;中国人民保险公司,锦江区,104.082626,30.589835
成都农商银行(银海芯座支行),finance,金融保险服务;银行;农村商业银行,锦江区,104.082329,30.591392
成都银行(锦江工业园支行),finance,金融保险服务;银行;银行,锦江区,104.082808,30.593082
中国建设银行(成都锦江工业园支行),finance,金融保险服务;银行;中国建设银行,锦江区,104.083005,30.589479
招商银行ATM(博瑞创意成都),finance,金融保险服务;自动提款机;招商银行ATM,锦江区,104.082639,30.58983
渤海银行(长城半岛城邦社区支行),finance,金融保险服务;银行;银行,武侯区,104.077088,30.594693
中国农业银行24小时自助银行(濯锦路),finance,金融保险服务;自动提款机;中国农业银行ATM,武侯区,104.076225,30.593409
成都农商银行24小时自助银行(银海芯座支行),finance,金融保险服务;自动提款机;农村商业银行ATM,锦江区,104.08233,30.591392
银行卡联网通用ATM(三色路),finance,金融保险服务;自动提款机;自动提款机,锦江区,104.082688,30.592664
成都银行24小时自助银行(锦江工业园支行),finance,金融保险服务;自动提款机;自动提款机,锦江区,104.082808,30.593082
中国建设银行24小时自助银行(成都锦江工业园支行),finance,金融保险服务;自动提款机;中国建设银行ATM,锦江区,104.082938,30.589508
恒丰银行24小时自助银行(天久北巷),finance,金融保险服务;自动提款机;自动提款机,武侯区,104.074264,30.595558
成都农商银行ATM(天环街),finance,金融保险服务;自动提款机;农村商业银行ATM,武侯区,104.074334,30.593721
中国工商银行24小时自助银行(天长路),finance,金融保险服务;自动提款机;中国工商银行ATM,武侯区,104.073892,30.596254
仪陇县农村商业银行(成都支行),finance,金融保险服务;银行;农村商业银行,武侯区,104.075484,30.593083
渤海银行24小时自助银行(长城半岛城邦社区支行),finance,金融保险服务;自动提款机;自动提款机,武侯区,104.077088,30.594693
华夏银行ATM(精典长铃),finance,金融保险服务;自动提款机;华夏银行ATM,锦江区,104.085249,30.597644
中国农业银行ATM(毕昇路),finance,金融保险服务;自动提款机;中国农业银行ATM,锦江区,104.090887,30.595487
成都农商银行(锦馨家园分理处),finance,金融保险服务;银行;农村商业银行,锦江区,104.09437,30.590331
中国邮政储蓄银行(榕声路营业所),finance,金融保险服务;银行;中国邮政储蓄银行|生活服务;邮局;邮局,锦江区,104.094009,30.591382
交通银行ATM(城东客运中心),finance,金融保险服务;自动提款机;交通银行ATM,锦江区,104.101797,30.597119
中国建设银行24小时自助银行(楠丰路),finance,金融保险服务;自动提款机;中国建设银行ATM,锦江区,104.09648,30.591354
成都农商银行24小时自助银行(锦馨家园分理处),finance,金融保险服务;自动提款机;农村商业银行ATM,锦江区,104.09437,30.590331
中国建设银行24小时自助银行(南三环路二段辅路),finance,金融保险服务;自动提款机;中国建设银行ATM,锦江区,104.101833,30.59707
中国邮政储蓄银行ATM(榕声路营业所),finance,金融保险服务;自动提款机;中国邮政储蓄银行ATM,锦江区,104.094009,30.591382
华泰保险股份有限公司(锦逸路),finance,金融保险服务;保险公司;华泰财产保险股份有限公司,锦江区,104.112876,30.59319
成都农商银行(锦城逸景分理处),finance,金融保险服务;银行;农村商业银行,锦江区,104.112874,30.593069
浙江民泰商业银行(成都锦江支行),finance,金融保险服务;银行;银行,锦江区,104.112838,30.593758
中国建设银行ATM(皇经楼西路),finance,金融保险服务;自动提款机;中国建设银行ATM,锦江区,104.104256,30.594392
中国建设银行24小时自助银行(皇经楼二街),finance,金融保险服务;自动提款机;中国建设银行ATM,锦江区,104.106192,30.59402
兴业银行ATM(皇经楼一街),finance,金融保险服务;自动提款机;兴业银行ATM,锦江区,104.105309,30.596059
成都农商银行24小时自助银行(锦逸路),finance,金融保险服务;自动提款机;农村商业银行ATM,锦江区,104.112874,30.593069
浙江民泰商业银行24小时自助银行,finance,金融保险服务;自动提款机;自动提款机,锦江区,104.112893,30.593358
中国工商银行(成龙大道分理处),finance,金融保险服务;银行;中国工商银行,锦江区,104.132728,30.598322
中国工商银行24小时自助银行(成龙大道分理处),finance,金融保险服务;自动提款机;中国工商银行ATM,锦江区,104.132728,30.598322
中国银行(成都卓锦城支行),finance,金融保险服务;银行;中国银行,锦江区,104.132923,30.598559
中国银行24小时自助银行(成都卓锦城支行),finance,金融保险服务;自动提款机;中国银行ATM,锦江区,104.132923,30.598559
成都农商银行24小时自助银行(喜树街),finance,金融保险服务;自动提款机;农村商业银行ATM,锦江区,104.138818,30.592102
中国银行ATM(喜树街),finance,金融保险服务;自动提款机;中国银行ATM,锦江区,104.139233,30.592111
中国建设银行24小时自助银行(喜树街),finance,金融保险服务;自动提款机;中国建设银行ATM,锦江区,104.14225,30.596074
中国建设银行24小时自助银行(锦江大道),finance,金融保险服务;自动提款机;中国建设银行ATM,锦江区,104.134991,30.593152
兴业银行ATM(白桦林路),finance,金融保险服务;自动提款机;兴业银行ATM,锦江区,104.134635,30.592587
中国农业银行24小时自助银行(海棠路),finance,金融保险服务;自动提款机;中国农业银行ATM,锦江区,104.142,30.596949
平安银行ATM(凉港三路),finance,金融保险服务;自动提款机;平安银行ATM,武侯区,103.970749,30.588362
交通银行ATM(簇马路三段),finance,金融保险服务;自动提款机;交通银行ATM,武侯区,103.966275,30.58698
成都农商银行ATM(凉港三路),finance,金融保险服务;自动提款机;农村商业银行ATM,武侯区,103.973991,30.582036
工商银行成都双流银行干部学校自助银行,finance,金融保险服务;自动提款机;中国工商银行ATM,武侯区,103.99906,30.588859
上海浦东发展银行24小时自助银行(火车南站西路),finance,金融保险服务;自动提款机;上海浦东发展银行ATM,武侯区,104.023377,30.58838
华泰保险股份有限公司,finance,金融保险服务;保险公司;华泰财产保险股份有限公司,武侯区,104.032219,30.585225
成都农商银行24小时自助银行(仁和南街),finance,金融保险服务;自动提款机;农村商业银行ATM,武侯区,104.027188,30.583437
成都农商银行24小时自助银行(新南分理处),finance,金融保险服务;自动提款机;农村商业银行ATM,武侯区,104.03323,30.587653
成都农商银行(新南分理处),finance,金融保险服务;银行;农村商业银行,武侯区,104.03322,30.587615
交通银行ATM(石桥东街),finance,金融保险服务;自动提款机;交通银行ATM,武侯区,104.032856,30.586745
中国建设银行ATM(仁和街),finance,金融保险服务;自动提款机;中国建设银行ATM,武侯区,104.028609,30.584199
成都农商银行24小时自助银行(仁和东街),finance,金融保险服务;自动提款机;农村商业银行ATM,武侯区,104.035289,30.582078
中国建设银行24小时自助银行(锦尚西三路),finance,金融保险服务;自动提款机;中国建设银行ATM,武侯区,104.040224,30.581364
招商银行(万象南路支行),finance,金融保险服务;银行;招商银行,武侯区,104.048298,30.588011
中国农业银行(成都天府大道支行),finance,金融保险服务;银行;中国农业银行,武侯区,104.051731,30.588136
中国建设银行(成都天府新谷支行),finance,金融保险服务;银行;中国建设银行,武侯区,104.052649,30.588068
中国光大银行(高新支行),finance,金融保险服务;银行;中国光大银行,武侯区,104.052197,30.588483
中国建设银行(成都城南支行),finance,金融保险服务;银行;中国建设银行,武侯区,104.047594,30.581312
攀枝花市商业银行(锦尚西二路),finance,金融保险服务;银行;农村商业银行,武侯区,104.05085,30.581187
上海浦东发展银行(成都中海城南华府社区支行),finance,金融保险服务;银行;上海浦东发展银行,武侯区,104.051092,30.581199
招商银行24小时自助银行(锦晖西二街),finance,金融保险服务;自动提款机;招商银行ATM,武侯区,104.048318,30.588021
中国建设银行24小时自助银行(成都天府新谷支行),finance,金融保险服务;自动提款机;中国建设银行ATM,武侯区,104.052588,30.588068
中国农业银行24小时自助银行(成都天府大道支行),finance,金融保险服务;自动提款机;中国农业银行ATM,武侯区,104.051719,30.588069
中国建设银行24小时自助银行(锦尚西二路),finance,金融保险服务;自动提款机;中国建设银行ATM,武侯区,104.048233,30.581099
中信银行24小时自助银行(锦尚西二路),finance,金融保险服务;自动提款机;中信银行ATM,武侯区,104.048874,30.581117
中国邮政储蓄银行24小时自助银行(成汉南路),finance,金融保险服务;自动提款机;中国邮政储蓄银行ATM,武侯区,104.052175,30.589076
中国建设银行24小时自助银行(成都城南支行)(万象南路),finance,金融保险服务;自动提款机;中国建设银行ATM,武侯区,104.047593,30.581312
上海浦东发展银行24小时自助银行(成都中海城南华府社区支行),finance,金融保险服务;自动提款机;上海浦东发展银行ATM,武侯区,104.051093,30.581197
中国光大银行24小时自助银行(高新支行),finance,金融保险服务;自动提款机;中国光大银行ATM,武侯区,104.052197,30.588402
重庆银行24小时自助银行(成都中海·九号公馆社区支行),finance,金融保险服务;自动提款机;自动提款机,武侯区,104.045743,30.581038
中国人寿保险股份有限公司(四川省分公司),finance,金融保险服务;保险公司;中国人寿保险公司,武侯区,104.063122,30.582689
中国民生银行,finance,金融保险服务;银行相关;银行相关,武侯区,104.062811,30.583747
交通银行ATM(交子北一路),finance,金融保险服务;自动提款机;交通银行ATM,武侯区,104.062701,30.586079
乐山市商业银行24小时自助银行服务,finance,金融保险服务;自动提款机;自动提款机,武侯区,104.058892,30.585916
成都银行(南城支行),finance,金融保险服务;银行;银行,武侯区,104.057916,30.587295
乐山市商业银行(成都分行),finance,金融保险服务;银行;银行,武侯区,104.058605,30.58578
招商银行24小时自助银行(交子南二路),finance,金融保险服务;自动提款机;招商银行ATM,武侯区,104.059259,30.584154
中国银行(成都益州支行),finance,金融保险服务;银行;中国银行,武侯区,104.056884,30.584126
汇丰银行ATM,finance,金融保险服务;自动提款机;汇丰银行ATM,武侯区,104.055972,30.584193
汇丰银行(成都分行),finance,金融保险服务;银行;汇丰银行,武侯区,104.055903,30.584128
东亚银行(成都分行),finance,金融保险服务;银行;东亚银行,武侯区,104.058458,30.584103
成都银行24小时自助银行(南城支行),finance,金融保险服务;自动提款机;自动提款机,武侯区,104.057926,30.58736
中国银行24小时自助银行(成都益州支行),finance,金融保险服务;自动提款机;中国银行ATM,武侯区,104.056884,30.584126
东亚银行24小时自助银行(益州大道北段),finance,金融保险服务;自动提款机;东亚银行ATM,武侯区,104.058367,30.584029
平安银行(金融城支行),finance,金融保险服务;银行;平安银行,武侯区,104.063859,30.5892
平安银行24小时自助银行(金融城支行),finance,金融保险服务;自动提款机;平安银行ATM,武侯区,104.063859,30.589236
中国民生银行(成都分行),finance,金融保险服务;银行;中国民生银行,武侯区,104.064399,30.582292
中国建设银行ATM(天府大道),finance,金融保险服务;自动提款机;中国建设银行ATM,武侯区,104.06413,30.583427
中国民生银行ATM,finance,金融保险服务;自动提款机;中国民生银行ATM,武侯区,104.064498,30.582281
华夏银行(成都分行),finance,金融保险服务;银行;华夏银行,锦江区,104.083037,30.588807
华夏银行24小时自助银行(成都分行营业部),finance,金融保险服务;自动提款机;华夏银行ATM,锦江区,104.082835,30.58877
中国人寿保险股份有限公司(三圣网点服务部),finance,金融保险服务;保险公司;中国人寿保险公司,锦江区,104.14447,30.584755
成都农商银行(高店子分理处),finance,金融保险服务;银行;农村商业银行,锦江区,104.153086,30.588514
成都农商银行24小时自助银行(高店子分理处),finance,金融保险服务;自动提款机;农村商业银行ATM,锦江区,104.153066,30.588514
