name,category,type,district,wgs_lng,wgs_lat
成都高新区政务服务中心(西区),government,政府机构及社会团体;政府机关;区县级政府及事业单位,金牛区,103.973579,30.732387
高新西区财政局,government,政府机构及社会团体;政府机关;区县级政府及事业单位,金牛区,103.973542,30.732334
南站政务中心,government,政府机构及社会团体;政府及社会团体相关;政府及社会团体相关,金牛区,103.973385,30.732593
政务服务中心地税局,government,政府机构及社会团体;工商税务机构;地税机关,金牛区,103.973577,30.732387
郫县犀浦镇犀牛社区委员会,government,政府机构及社会团体;政府机关;乡镇以下级政府及事业单位|政府机构及社会团体;政府机关;区县级政府及事业单位,金牛区,103.975611,30.734406
五粮村村民委员会,government,政府机构及社会团体;政府机关;乡镇以下级政府及事业单位,金牛区,103.982701,30.732499
中共五粮村支部委员会(新里·派克公馆西南),government,政府机构及社会团体;政府机关;乡镇以下级政府及事业单位,金牛区,103.982701,30.732499
金泉街道涧漕社区,government,政府机构及社会团体;政府机关;乡镇以下级政府及事业单位,金牛区,103.999904,30.732595
涧漕社区居委会,government,政府机构及社会团体;政府机关;乡镇以下级政府及事业单位,金牛区,103.999902,30.732595
环洋展柜制造有限公司工会委员会,government,政府机构及社会团体;社会团体;社会团体相关,金牛区,103.99868,30.736896
金泉派出所涧漕村警务室,government,政府机构及社会团体;公检法机构;社会治安机构,金牛区,103.999904,30.732595
西华街道涧漕社区居民议事会,government,政府机构及社会团体;社会团体;社会团体相关,金牛区,103.999902,30.732595
金牛区金牛乡涧漕河工会联合会,government,政府机构及社会团体;社会团体;社会团体相关,金牛区,103.999904,30.732595
中共涧漕社区总支部委员会,government,政府机构及社会团体;政府机关;乡镇以下级政府及事业单位,金牛区,103.999902,30.732595
金泉街办涧漕社区环卫清扫队,government,政府机构及社会团体;政府机关;乡镇以下级政府及事业单位,金牛区,103.999904,30.732595
兴盛世家社区居委会,government,政府机构及社会团体;政府机关;乡镇以下级政府及事业单位,金牛区,104.013335,30.73234
罗家村委办事处,government,政府机构及社会团体;政府及社会团体相关;政府及社会团体相关,金牛区,104.013237,30.732605
涧漕河村治安执勤点,government,政府机构及社会团体;公检法机构;社会治安机构,金牛区,104.004381,30.735716
四川省康复服务公益协会(盛金路),government,政府机构及社会团体;社会团体;行业协会,金牛区,104.013217,30.732232
西华街道兴盛世家老年协会花鸟分会,government,政府机构及社会团体;社会团体;行业协会,金牛区,104.007446,30.734364
中共兴盛世家社区委员会,government,政府机构及社会团体;政府机关;乡镇以下级政府及事业单位,金牛区,104.01315,30.732429
社区劳动保障工作站,government,政府机构及社会团体;政府机关;政府机关相关,金牛区,104.019228,30.73265
西华街道办事处(府河苑横路),government,政府机构及社会团体;政府机关;乡镇级政府及事业单位,金牛区,104.023465,30.730449
兴盛社区居委会(西华大道),government,政府机构及社会团体;政府机关;乡镇以下级政府及事业单位,金牛区,104.019113,30.733
兴盛社区治安保卫委员会,government,政府机构及社会团体;政府机关;乡镇以下级政府及事业单位,金牛区,104.019228,30.73265
兴盛社区工会联合会,government,政府机构及社会团体;社会团体;社会团体相关,金牛区,104.019074,30.732677
中共兴盛社区党总支委员会,government,政府机构及社会团体;政府机关;乡镇以下级政府及事业单位,金牛区,104.019074,30.732677
成都西泉幼儿园关心下一代工作委员会,government,政府机构及社会团体;社会团体;社会团体相关,金牛区,104.013824,30.732825
西华街道兴盛社区工会办公室,government,政府机构及社会团体;政府机关;乡镇以下级政府及事业单位,金牛区,104.019073,30.732677
中共金牛区西华街道工作委员会,government,政府机构及社会团体;政府机关;乡镇级政府及事业单位,金牛区,104.023465,30.730449
金泉街道办兴盛社区环卫清扫队,government,政府机构及社会团体;政府机关;乡镇以下级政府及事业单位,金牛区,104.019224,30.732652
四川省康复服务公益协会(金泉街道青杠社区东南),government,政府机构及社会团体;社会团体;行业协会,金牛区,104.029163,30.730355
友联社区居委会,government,政府机构及社会团体;政府机关;乡镇以下级政府及事业单位,金牛区,104.041903,30.736298
沙河源街道踏水桥社区居民委员会,government,政府机构及社会团体;政府机关;乡镇以下级政府及事业单位,金牛区,104.041541,30.738454
中共友联社区党总支委员会,government,政府机构及社会团体;政府机关;乡镇以下级政府及事业单位,金牛区,104.041903,30.736298
四川省第六建筑有限公司工会委员会,government,政府机构及社会团体;社会团体;社会团体相关,金牛区,104.041439,30.732783
中共理县(成都)流动党支部,government,政府机构及社会团体;政府及社会团体相关;政府及社会团体相关,金牛区,104.046996,30.729436
成都市金牛区医药健康产业促进会,government,政府机构及社会团体;社会团体;行业协会,金牛区,104.047534,30.732289
沙河源街道川建社区居民委员会,government,政府机构及社会团体;政府机关;乡镇以下级政府及事业单位,金牛区,104.051746,30.734598
沙河源市场监督管理所,government,政府机构及社会团体;政府机关;乡镇级政府及事业单位,金牛区,104.056103,30.733648
陆家桥社区警务室,government,政府机构及社会团体;公检法机构;社会治安机构,金牛区,104.062042,30.7355
沙河源街道陆家桥社区治保巡逻队,government,政府机构及社会团体;公检法机构;社会治安机构,金牛区,104.062043,30.7355
汇泽路社区(筹委会)居委会,government,政府机构及社会团体;政府机关;乡镇以下级政府及事业单位,金牛区,104.056154,30.733583
中共汇泽路社区(筹委会)总支部委员会,government,政府机构及社会团体;政府机关;乡镇以下级政府及事业单位,金牛区,104.056154,30.733583
沙河源街道陆家桥社区纠纷调节室,government,政府机构及社会团体;政府机关;乡镇以下级政府及事业单位,金牛区,104.062041,30.735502
成都市社会公用计量称重站,government,政府机构及社会团体;公检法机构;公证鉴定机构,金牛区,104.064758,30.73758
凤凰山派出所单石桥小学警务室,government,政府机构及社会团体;公检法机构;公安警察,金牛区,104.06862,30.735677
四川省都江堰管理局东风渠管理处公安科,government,政府机构及社会团体;公检法机构;公安警察,成华区,104.110684,30.730097
四川省都江堰东风渠管理处,government,政府机构及社会团体;政府机关;政府机关相关,成华区,104.11082,30.730133
都江堰东风渠管理处水利综合监察大队,government,政府机构及社会团体;政府机关;政府机关相关,成华区,104.110683,30.730096
成华区白莲池街道白莲社区吴大姐爱心救助队,government,政府机构及社会团体;政府及社会团体相关;政府及社会团体相关,成华区,104.110344,30.730984
四川省总工会,government,政府机构及社会团体;政府及社会团体相关;政府及社会团体相关,成华区,104.112041,30.73068
疏堵集合点登记处,government,政府机构及社会团体;政府及社会团体相关;政府及社会团体相关,成华区,104.121135,30.738837
华蓉牧工商联合公司第一蛋鸡场工会委员会,government,政府机构及社会团体;社会团体;社会团体相关,成华区,104.125525,30.737498
成华区青龙街道石岭社区居委会,government,政府机构及社会团体;政府机关;乡镇以下级政府及事业单位,成华区,104.124088,30.738947
回龙社区居委会(熊猫大道),government,政府机构及社会团体;政府机关;乡镇以下级政府及事业单位,成华区,104.138714,30.733229
成都市工业行业档案资料中心,government,政府机构及社会团体;政府机关;地市级政府及事业单位,成华区,104.139488,30.735254
青龙街道办城市福利院,government,政府机构及社会团体;社会团体;慈善机构,成华区,104.138655,30.734519
陈式太极拳王西安拳法研究会成都分会,government,政府机构及社会团体;社会团体;社会团体相关,成华区,104.138425,30.734268
中共回龙社区支部委员会(熊猫大道),government,政府机构及社会团体;政府机关;乡镇以下级政府及事业单位,成华区,104.138707,30.733245
熊猫基地警务室,government,政府机构及社会团体;公检法机构;公安警察,成华区,104.14407,30.735206
中海国际社区就业和社会保障服务站,government,政府机构及社会团体;政府及社会团体相关;政府及社会团体相关,金牛区,103.972094,30.729121
合作街道办事处中海国际社区综合服务站,government,政府机构及社会团体;政府机关;区县级政府及事业单位|政府机构及社会团体;政府机关;乡镇以下级政府及事业单位,金牛区,103.972161,30.729141
高新公安分局西区派出所校园警务室,government,政府机构及社会团体;公检法机构;公安警察,金牛区,103.973516,30.728018
成都高新区合作街道市民服务中心,government,政府机构及社会团体;政府机关;政府机关相关,金牛区,103.972132,30.729168
中海国际社区综合文体活动室高新区合作街道办事处,government,政府机构及社会团体;政府机关;乡镇以下级政府及事业单位,金牛区,103.972117,30.72913
中共成都高新区合作街道中海社区总支部委员会,government,政府机构及社会团体;政府机关;乡镇以下级政府及事业单位,金牛区,103.972161,30.729014
成都金牛高科技产业园管理委员会,government,政府机构及社会团体;政府机关;政府机关相关,金牛区,103.983727,30.721464
金牛区经济科技和知识产权局,government,政府机构及社会团体;政府机关;区县级政府及事业单位,金牛区,103.983727,30.721464
四川潼南商会,government,政府机构及社会团体;政府及社会团体相关;政府及社会团体相关,金牛区,103.97879,30.7239
成都市金牛区经济和科学技术局,government,政府机构及社会团体;政府机关;政府机关相关,金牛区,103.983652,30.721507
成都市金牛区科学技术协会,government,政府机构及社会团体;社会团体;行业协会,金牛区,103.983727,30.721464
金牛高科技产业园管委会办公室,government,政府机构及社会团体;政府机关;政府机关相关,金牛区,103.983589,30.721452
成都红原商会,government,政府机构及社会团体;政府及社会团体相关;政府及社会团体相关,金牛区,103.979996,30.722908
国家职业技能鉴定所,government,政府机构及社会团体;公检法机构;公证鉴定机构,金牛区,103.987808,30.722675
成都市轻微道路交通事故快速处理金牛区服务中心,government,政府机构及社会团体;交通车辆管理;交通管理机构,金牛区,103.992947,30.721319
中国印刷机械行业协会成都展示中心,government,政府机构及社会团体;社会团体;行业协会,金牛区,103.990916,30.721439
成都艾迪康医学检验中心,government,政府机构及社会团体;公检法机构;公证鉴定机构,金牛区,103.988387,30.721879
中铁二局第六工程有限公司检测中心,government,政府机构及社会团体;公检法机构;公证鉴定机构,金牛区,103.987815,30.725003
互助村老年协会,government,政府机构及社会团体;社会团体;社会团体相关,金牛区,103.990649,30.723484
四川省长征驾校工会委员会,government,政府机构及社会团体;社会团体;社会团体相关,金牛区,103.98827,30.722725
成都金牛高新技术产业园区管委会,government,政府机构及社会团体;社会团体;社会团体相关,金牛区,103.98394,30.721541
金泉街道互助社区居委会,government,政府机构及社会团体;政府机关;乡镇以下级政府及事业单位,金牛区,103.987815,30.725003
长征机动车驾驶员培训学校有限公司支部委员会,government,政府机构及社会团体;社会团体;社会团体相关,金牛区,103.98827,30.722725
金泉街道互助社区总支委员会,government,政府机构及社会团体;政府机关;乡镇以下级政府及事业单位,金牛区,103.987815,30.725003
互助村村委会,government,政府机构及社会团体;政府机关;乡镇以下级政府及事业单位,金牛区,103.990974,30.723775
九牛办公室,government,政府机构及社会团体;政府及社会团体相关;政府及社会团体相关,金牛区,104.000044,30.72328
四川省扶贫开发区管理委员会,government,政府机构及社会团体;政府机关;政府机关相关,金牛区,103.99946,30.725296
土桥社区居委会(金周路),government,政府机构及社会团体;政府机关;乡镇以下级政府及事业单位,金牛区,103.99899,30.726253
四川省城镇化扶贫惠民工程专项基金管理委员会,government,政府机构及社会团体;政府机关;乡镇级政府及事业单位,金牛区,103.999777,30.727216
中共土桥社区总支部委员会(金周路),government,政府机构及社会团体;政府机关;乡镇以下级政府及事业单位,金牛区,103.99899,30.726253
金牛区人民法院金泉人民法庭,government,政府机构及社会团体;公检法机构;法院,金牛区,103.997505,30.727173
金牛区公安局交通管理局事故预防处-伤残鉴定室,government,政府机构及社会团体;政府及社会团体相关;政府及社会团体相关,金牛区,103.995954,30.721617
成都市公安局交通管理局第六分局,government,政府机构及社会团体;交通车辆管理;交通管理机构,金牛区,104.004042,30.724918
成都市公安局交通管理局巡逻分局,government,政府机构及社会团体;交通车辆管理;交通管理机构,金牛区,104.004042,30.724918
高科工商所,government,政府机构及社会团体;工商税务机构;工商部门,金牛区,104.005638,30.724257
成都市公安局交通管理局事故预防处理处,government,政府机构及社会团体;交通车辆管理;交通管理机构,金牛区,104.004042,30.724918
交警六分局违法处理大厅,government,政府机构及社会团体;交通车辆管理;交通管理机构,金牛区,104.004163,30.724589
金泉街道土桥社区,government,政府机构及社会团体;政府及社会团体相关;政府及社会团体相关,金牛区,104.005656,30.724495
金牛区市场和质量监督管理局金泉市场监督管理所,government,政府机构及社会团体;政府机关;区县级政府及事业单位,金牛区,104.005622,30.724249
工商行政管理,government,政府机构及社会团体;政府及社会团体相关;政府及社会团体相关,金牛区,104.005693,30.724157
交通警察服务大厅,government,政府机构及社会团体;政府及社会团体相关;政府及社会团体相关,金牛区,104.00385,30.724814
金牛社区科普分会(金青路),government,政府机构及社会团体;社会团体;行业协会,金牛区,104.011256,30.725618
金泉街道金桥社区居民委员会,government,政府机构及社会团体;政府机关;乡镇以下级政府及事业单位,金牛区,104.005127,30.724735
成都市公安局交通管理第六分局-办公楼,government,政府机构及社会团体;政府及社会团体相关;政府及社会团体相关,金牛区,104.003868,30.7248
金桥社区工会联合会,government,政府机构及社会团体;政府及社会团体相关;政府及社会团体相关,金牛区,104.005793,30.724228
中共金牛乡金牛社区党支部委员会,government,政府机构及社会团体;政府机关;乡镇以下级政府及事业单位,金牛区,104.01113,30.725385
金牛社区老年人协会(金青路),government,政府机构及社会团体;社会团体;社会团体相关,金牛区,104.011255,30.725617
金牛社区残疾人协会(金青路),government,政府机构及社会团体;社会团体;残联,金牛区,104.011256,30.725617
金牛社区计划生育协会(金青路),government,政府机构及社会团体;社会团体;社会团体相关,金牛区,104.011256,30.725617
金牛社区妇女联合会(金青路),government,政府机构及社会团体;社会团体;妇联,金牛区,104.011259,30.725616
中共金桥社区党总支委员会,government,政府机构及社会团体;政府机关;乡镇以下级政府及事业单位,金牛区,104.005127,30.724735
金牛社区居委会(金青路),government,政府机构及社会团体;政府机关;乡镇以下级政府及事业单位,金牛区,104.01113,30.725385
重案大队,government,政府机构及社会团体;政府及社会团体相关;政府及社会团体相关,金牛区,104.004091,30.724957
青杠社区科普分会,government,政府机构及社会团体;社会团体;行业协会,金牛区,104.022183,30.728388
青杠社区残疾人协会,government,政府机构及社会团体;社会团体;残联,金牛区,104.022183,30.728387
青杠社区老年人协会,government,政府机构及社会团体;社会团体;社会团体相关,金牛区,104.022183,30.728389
青杠社区工会联合会,government,政府机构及社会团体;社会团体;社会团体相关,金牛区,104.022185,30.728387
计划生育协会,government,政府机构及社会团体;社会团体;社会团体相关,金牛区,104.022183,30.728389
青杠社区居委会,government,政府机构及社会团体;政府机关;乡镇以下级政府及事业单位,金牛区,104.022193,30.728377
金泉街道青杠社区党总支,government,政府机构及社会团体;政府机关;乡镇以下级政府及事业单位,金牛区,104.022187,30.728377
青杠社区妇女联合会,government,政府机构及社会团体;社会团体;妇联,金牛区,104.022185,30.728388
瓦子社区工会联合会,government,政府机构及社会团体;社会团体;社会团体相关,金牛区,104.015882,30.728075
金泉派出所瓦子村警务室,government,政府机构及社会团体;公检法机构;社会治安机构,金牛区,104.015882,30.728074
共青团青杠社区支部,government,政府机构及社会团体;社会团体;共青团,金牛区,104.022186,30.728387
青杠社区总支部委员会,government,政府机构及社会团体;政府机关;乡镇以下级政府及事业单位,金牛区,104.022193,30.728377
金牛区政府金府路专职消防队,government,政府机构及社会团体;公检法机构;消防机关,金牛区,104.040774,30.720865
成都宁德商会,government,政府机构及社会团体;政府及社会团体相关;政府及社会团体相关,金牛区,104.041839,30.720246
四川省茶商商会,government,政府机构及社会团体;政府及社会团体相关;政府及社会团体相关,金牛区,104.041839,30.720246
金牛区综合应急救援大队,government,政府机构及社会团体;政府机关;区县级政府及事业单位,金牛区,104.040586,30.720736
四川省福建商会木业分会,government,政府机构及社会团体;社会团体;行业协会,金牛区,104.040649,30.719759
成都龙湾商会,government,政府机构及社会团体;政府及社会团体相关;政府及社会团体相关,金牛区,104.040649,30.719759
中共中国企业家日报社委员会,government,政府机构及社会团体;社会团体;社会团体相关,金牛区,104.043517,30.726393
成都市公安消防支队金牛区大队,government,政府机构及社会团体;公检法机构;消防机关,金牛区,104.040584,30.720743
沙河源街道就业和社会保障服务中心,government,政府机构及社会团体;政府机关;乡镇级政府及事业单位,金牛区,104.047644,30.723177
沙河源街道办事处社会事务服务中心,government,政府机构及社会团体;政府机关;乡镇级政府及事业单位,金牛区,104.047644,30.723178
沙河源派出所,government,政府机构及社会团体;公检法机构;公安警察,金牛区,104.049012,30.726979
沙河源派出所沙河源小学警务室,government,政府机构及社会团体;公检法机构;公安警察,金牛区,104.052443,30.72396
沙河源派出所新桥村警务室,government,政府机构及社会团体;公检法机构;社会治安机构,金牛区,104.044598,30.72009
金牛区国家税务局管理二分局,government,政府机构及社会团体;工商税务机构;国税机关,金牛区,104.048973,30.726969
新桥社区治保会巡逻队,government,政府机构及社会团体;公检法机构;社会治安机构,金牛区,104.044598,30.72009
成都市金牛区公证处接待室,government,政府机构及社会团体;公检法机构;公证鉴定机构,金牛区,104.048242,30.726721
成都市金牛区洞子口供销合作社,government,政府机构及社会团体;社会团体;社会团体相关,金牛区,104.052163,30.723165
成都市金牛区金府信鸽俱乐部,government,政府机构及社会团体;社会团体;社会团体相关,金牛区,104.05205,30.723162
新桥社区居委会(新泉路),government,政府机构及社会团体;政府机关;乡镇以下级政府及事业单位,金牛区,104.044667,30.719916
中共洞子口供销合作社支部委员会,government,政府机构及社会团体;社会团体;社会团体相关,金牛区,104.052163,30.723165
沙河源派出所流动人口办证处,government,政府机构及社会团体;公检法机构;社会治安机构,金牛区,104.047372,30.723556
金牛区国税局管理四分局沙河源个体征收点,government,政府机构及社会团体;工商税务机构;国税机关,金牛区,104.048996,30.726938
中共新桥社区总支部委员会,government,政府机构及社会团体;政府机关;乡镇以下级政府及事业单位,金牛区,104.044667,30.719916
沙河源街道新桥社区团支部,government,政府机构及社会团体;社会团体;共青团,金牛区,104.044626,30.719907
沙河源街道新桥社区工会联合会,government,政府机构及社会团体;社会团体;社会团体相关,金牛区,104.044598,30.72009
泉水社区微型消防站,government,政府机构及社会团体;公检法机构;消防机关,金牛区,104.061895,30.725513
汇泽路社区微型消防站,government,政府机构及社会团体;公检法机构;消防机关,金牛区,104.059514,30.729362
沙河源街道王贾桥社区流动人口服务站,government,政府机构及社会团体;政府及社会团体相关;政府及社会团体相关,金牛区,104.064897,30.7233
凤凰山街道就业和社会保障服务中心,government,政府机构及社会团体;政府机关;乡镇级政府及事业单位,金牛区,104.076899,30.720322
金牛区人民政府凤凰山街道办事处城市转型服务科,government,政府机构及社会团体;政府及社会团体相关;政府及社会团体相关,金牛区,104.076633,30.720388
凤凰山派出所(韦家碾三路),government,政府机构及社会团体;公检法机构;公安警察,金牛区,104.078007,30.720208
凤凰山市场监督管理所,government,政府机构及社会团体;政府机关;乡镇级政府及事业单位,金牛区,104.075179,30.723336
凤凰山民兵应急分队,government,政府机构及社会团体;政府机关;乡镇级政府及事业单位,金牛区,104.077708,30.720551
凤凰山街道办事处(韦家碾三路),government,政府机构及社会团体;政府机关;乡镇级政府及事业单位,金牛区,104.078028,30.720206
流动人口服务管理工作站,government,政府机构及社会团体;政府及社会团体相关;政府及社会团体相关,金牛区,104.077297,30.720154
凤凰山辖区综合执法协管大队,government,政府机构及社会团体;政府机关;乡镇级政府及事业单位,金牛区,104.077708,30.720551
金牛区凤凰山街道便民服务中心(韦家碾三路),government,政府机构及社会团体;政府机关;乡镇级政府及事业单位,金牛区,104.0769,30.720322
金牛区凤凰山街道城管执法中队,government,政府机构及社会团体;政府机关;乡镇级政府及事业单位,金牛区,104.076529,30.72036
金牛区凤凰山街道社区治理中心,government,政府机构及社会团体;政府机关;乡镇级政府及事业单位,金牛区,104.078049,30.720204
金牛区凤凰山街道综合巡逻执法队,government,政府机构及社会团体;政府机关;乡镇级政府及事业单位,金牛区,104.076529,30.72036
金韦社区居委会,government,政府机构及社会团体;政府机关;乡镇以下级政府及事业单位,金牛区,104.077364,30.720061
中共金韦社区委员会,government,政府机构及社会团体;政府机关;乡镇以下级政府及事业单位,金牛区,104.077364,30.720061
中共金牛区凤凰山街道工作委员会,government,政府机构及社会团体;政府机关;乡镇级政府及事业单位,金牛区,104.078028,30.720206
金牛区凤凰山街道人民调解委员会驻公安派出所调解室,government,政府机构及社会团体;政府及社会团体相关;政府及社会团体相关,金牛区,104.077297,30.720154
金牛区凤凰山街道便民服务中心(金牛区凤凰山街道社区治理中心东),government,政府机构及社会团体;政府机关;乡镇级政府及事业单位,金牛区,104.078049,30.720204
成都赖家店接济分流中心,government,政府机构及社会团体;社会团体;慈善机构,金牛区,104.085251,30.724958
凤翔社区警务室,government,政府机构及社会团体;公检法机构;公安警察,金牛区,104.095642,30.726097
四川省室内装饰材料商会,government,政府机构及社会团体;社会团体;行业协会,成华区,104.102972,30.719714
青龙街道白莲社区居民委员会,government,政府机构及社会团体;政府机关;乡镇以下级政府及事业单位,成华区,104.108014,30.728786
中共白莲社区支部委员会,government,政府机构及社会团体;政府机关;乡镇以下级政府及事业单位,成华区,104.108013,30.728786
白莲社区治安保卫委员会,government,政府机构及社会团体;公检法机构;社会治安机构,成华区,104.108004,30.728771
富森宏宇办公室,government,政府机构及社会团体;政府及社会团体相关;政府及社会团体相关,成华区,104.105994,30.726088
中共白莲池社区支部委员会,government,政府机构及社会团体;政府机关;乡镇以下级政府及事业单位,成华区,104.120895,30.724418
白莲池社区居委会,government,政府机构及社会团体;政府机关;乡镇以下级政府及事业单位,成华区,104.120895,30.724418
白莲池社区慈善捐赠站,government,政府机构及社会团体;社会团体;慈善机构,成华区,104.120895,30.724418
四川孙氏家族联谊会,government,政府机构及社会团体;社会团体;社会团体相关,成华区,104.126249,30.725454
都江堰东风渠管理处成华管理站,government,政府机构及社会团体;政府机关;政府机关相关,成华区,104.129373,30.722236
一里塘社区居委会,government,政府机构及社会团体;政府机关;乡镇以下级政府及事业单位,成华区,104.134053,30.727774
青龙街道一里塘社区人大代表服务站,government,政府机构及社会团体;政府及社会团体相关;政府及社会团体相关,成华区,104.134385,30.727995
中共一里塘社区支部委员会,government,政府机构及社会团体;政府机关;乡镇以下级政府及事业单位,成华区,104.13405,30.727769
成都市成华区白莲池街道办事处,government,政府机构及社会团体;政府机关;乡镇以下级政府及事业单位|政府机构及社会团体;政府机关;乡镇级政府及事业单位,成华区,104.135582,30.727811
一里塘社区慈善捐赠站,government,政府机构及社会团体;社会团体;慈善机构,成华区,104.133876,30.728162
和成社区居委会,government,政府机构及社会团体;政府机关;乡镇以下级政府及事业单位,成华区,104.152137,30.722887
中共和成社区支部委员会,government,政府机构及社会团体;政府机关;乡镇以下级政府及事业单位,成华区,104.152165,30.722876
和成社区慈善捐赠站(老龙青路),government,政府机构及社会团体;社会团体;慈善机构,成华区,104.152157,30.722881
北郊风景区管理服务中心,government,政府机构及社会团体;政府机关;政府机关相关,成华区,104.154908,30.722714
和成社区居民议事会,government,政府机构及社会团体;社会团体;社会团体相关,成华区,104.154918,30.722769
成都北湖熊猫国际旅游休闲区管理委员会,government,政府机构及社会团体;社会团体;社会团体相关,成华区,104.155162,30.721746
中共北湖熊猫国际旅游休闲区管理委员会工作委员会,government,政府机构及社会团体;社会团体;社会团体相关,成华区,104.155162,30.721746
和成社区慈善捐赠站(龙青路),government,政府机构及社会团体;社会团体;慈善机构,成华区,104.154918,30.722769
何家社区居委会,government,政府机构及社会团体;政府机关;乡镇以下级政府及事业单位,金牛区,103.973025,30.718043
何家社区总支部委员会,government,政府机构及社会团体;政府机关;乡镇以下级政府及事业单位,金牛区,103.973025,30.718043
何家社区党总支,government,政府机构及社会团体;政府机关;乡镇以下级政府及事业单位,金牛区,103.97305,30.717983
金泉街道办事处,government,政府机构及社会团体;政府机关;乡镇级政府及事业单位,金牛区,103.978123,30.711108
成都市金牛区金泉街道社会治安管理委员会,government,政府机构及社会团体;政府及社会团体相关;政府及社会团体相关,金牛区,103.978,30.711037
金泉街道就业和社会保障服务中心,government,政府机构及社会团体;政府机关;乡镇级政府及事业单位,金牛区,103.97867,30.71105
司法行政,government,政府机构及社会团体;政府及社会团体相关;政府及社会团体相关,金牛区,103.978644,30.711023
金牛区人大常委会金泉街道工作委员会,government,政府机构及社会团体;政府机关;乡镇级政府及事业单位,金牛区,103.978123,30.711108
中共金泉街道工作委员会,government,政府机构及社会团体;政府机关;乡镇级政府及事业单位,金牛区,103.978123,30.711108
成都市金牛区司法局金泉司法所,government,政府机构及社会团体;公检法机构;公检法机关,金牛区,103.978334,30.71116
省政府信息公开办,government,政府机构及社会团体;政府及社会团体相关;政府及社会团体相关,金牛区,103.9911,30.713483
四川省水环境监测中心,government,政府机构及社会团体;政府机关;省直辖市级政府及事业单位,金牛区,103.987595,30.719473
四川省水文水资源勘测局(兴科路),government,政府机构及社会团体;政府机关;省直辖市级政府及事业单位,金牛区,103.987595,30.719473
四川省水利综合监察总队水文监察支队,government,政府机构及社会团体;政府机关;省直辖市级政府及事业单位,金牛区,103.987592,30.71947
中共四川省委民族宗教工作委员会,government,政府机构及社会团体;政府机关;省直辖市级政府及事业单位,金牛区,103.991101,30.713498
四川省民族宗教事务委员会,government,政府机构及社会团体;政府机关;省直辖市级政府及事业单位,金牛区,103.991101,30.713498
金泉街道高家社区治保委员会,government,政府机构及社会团体;政府机关;乡镇以下级政府及事业单位,金牛区,103.992955,30.709881
金科苑社区居委会,government,政府机构及社会团体;政府机关;乡镇以下级政府及事业单位,金牛区,103.985866,30.712539
四川省量水设施设备计量检测中心,government,政府机构及社会团体;公检法机构;公证鉴定机构,金牛区,103.987592,30.71947
金科苑社区工会联合会,government,政府机构及社会团体;社会团体;社会团体相关,金牛区,103.985866,30.712539
金科苑社区老年协会,government,政府机构及社会团体;社会团体;社会团体相关,金牛区,103.984653,30.711053
中共金科苑社区党总支委员会,government,政府机构及社会团体;政府机关;乡镇以下级政府及事业单位,金牛区,103.985866,30.712539
中共金泉街道搞家社区总支部委员会,government,政府机构及社会团体;政府机关;乡镇以下级政府及事业单位,金牛区,103.992959,30.709878
四川省河南商会,government,政府机构及社会团体;政府及社会团体相关;政府及社会团体相关,金牛区,103.997832,30.714319
四川鼎鑫司法鉴定所,government,政府机构及社会团体;公检法机构;公证鉴定机构,金牛区,103.99523,30.71723
四川省公安消防总队,government,政府机构及社会团体;政府及社会团体相关;政府及社会团体相关,金牛区,103.999476,30.710801
升瑞达检测,government,政府机构及社会团体;公检法机构;公证鉴定机构,金牛区,103.997334,30.714851
川调商会,government,政府机构及社会团体;政府及社会团体相关;政府及社会团体相关,金牛区,103.997832,30.714316
成都市钢材流通商会,government,政府机构及社会团体;政府及社会团体相关;政府及社会团体相关,金牛区,103.998648,30.710478
公安部消防局四川火灾物证鉴定中心,government,政府机构及社会团体;公检法机构;公证鉴定机构,金牛区,103.995595,30.718425
国家防火建筑材料质量监督检验中心,government,政府机构及社会团体;公检法机构;公证鉴定机构,金牛区,103.995595,30.718425
中国老年保健协会助老之家工作委员会,government,政府机构及社会团体;社会团体;社会团体相关,金牛区,103.997799,30.714372
金泉街道迎宾路社区居委会,government,政府机构及社会团体;政府机关;乡镇以下级政府及事业单位,金牛区,104.002981,30.715632
天府水城新区管委会,government,政府机构及社会团体;政府及社会团体相关;政府及社会团体相关,金牛区,104.002533,30.711946
武警四川消防总队,government,政府机构及社会团体;政府及社会团体相关;政府及社会团体相关,金牛区,103.998639,30.710933
四川省公安厅交通管理局,government,政府机构及社会团体;政府机关;省直辖市级政府及事业单位,金牛区,104.006756,30.712627
四川省公安厅交通警察总队,government,政府机构及社会团体;交通车辆管理;交通管理机构,金牛区,104.006991,30.712764
金泉派出所,government,政府机构及社会团体;公检法机构;公安警察,金牛区,104.005659,30.718801
四川省公安厅交通警察总队高速公路支队,government,政府机构及社会团体;交通车辆管理;交通管理机构,金牛区,104.006756,30.712627
七彩办公室,government,政府机构及社会团体;政府及社会团体相关;政府及社会团体相关,金牛区,104.005592,30.718805
成都市云计算产业联盟,government,政府机构及社会团体;政府及社会团体相关;政府及社会团体相关,金牛区,104.00965,30.716746
金泉街办通信管理站,government,政府机构及社会团体;政府机关;乡镇级政府及事业单位,金牛区,104.003859,30.718689
跃进社区居委会(西三环路五段辅路),government,政府机构及社会团体;政府机关;乡镇以下级政府及事业单位,金牛区,104.022374,30.712228
四川省汶川地震灾区重建基金会,government,政府机构及社会团体;社会团体;慈善机构,金牛区,104.017929,30.710616
跃进社区居民议事会,government,政府机构及社会团体;政府及社会团体相关;政府及社会团体相关,金牛区,104.016991,30.714394
援助服务大厅,government,政府机构及社会团体;政府及社会团体相关;政府及社会团体相关,金牛区,104.017971,30.710493
三山钎具成都办事处,government,政府机构及社会团体;政府及社会团体相关;政府及社会团体相关,金牛区,104.020072,30.709566
金泉派出所跃进村警务室,government,政府机构及社会团体;公检法机构;社会治安机构,金牛区,104.022592,30.712143
四川省灾后重建促进会,government,政府机构及社会团体;社会团体;社会团体相关,金牛区,104.017929,30.710616
金牛宾馆周边片区城中村改造项目指挥部,government,政府机构及社会团体;政府及社会团体相关;政府及社会团体相关,金牛区,104.021912,30.712402
中共跃进社区总支部委员会,government,政府机构及社会团体;政府机关;乡镇以下级政府及事业单位,金牛区,104.016847,30.714411
中共跃进社区总支委员会,government,政府机构及社会团体;政府机关;乡镇以下级政府及事业单位,金牛区,104.022375,30.712228
金泉街道跃进社区残疾人协会,government,政府机构及社会团体;社会团体;残联,金牛区,104.022592,30.712143
金泉街道跃进社区党总支,government,政府机构及社会团体;政府机关;乡镇以下级政府及事业单位,金牛区,104.022592,30.712143
金泉街道跃进社区老年人协会,government,政府机构及社会团体;社会团体;社会团体相关,金牛区,104.022592,30.712143
金泉街道跃进社区团支部,government,政府机构及社会团体;社会团体;共青团,金牛区,104.022592,30.712143
金泉街道跃进社区信访接待室,government,政府机构及社会团体;政府机关;乡镇以下级政府及事业单位,金牛区,104.022592,30.712143
金泉街道跃进社区计划生育协会,government,政府机构及社会团体;社会团体;社会团体相关,金牛区,104.022592,30.712143
金泉街道跃进社区妇女联合会,government,政府机构及社会团体;社会团体;妇联,金牛区,104.022592,30.712143
西华派出所(华丰路),government,政府机构及社会团体;公检法机构;公安警察,金牛区,104.02372,30.716154
成都浙江天台商会,government,政府机构及社会团体;政府及社会团体相关;政府及社会团体相关,金牛区,104.033196,30.714851
中国五金机电指数发布中心,government,政府机构及社会团体;政府机关;政府机关相关,金牛区,104.027867,30.713551
沙河街道社会管理服务工作长久中队,government,政府机构及社会团体;政府机关;乡镇级政府及事业单位,金牛区,104.040173,30.713031
长久社区就业和社会保障服务站,government,政府机构及社会团体;政府机关;乡镇以下级政府及事业单位,金牛区,104.039953,30.714529
长久社区社会治安综合治理委员会,government,政府机构及社会团体;公检法机构;社会治安机构,金牛区,104.039953,30.714529
四川省温州乐清商会,government,政府机构及社会团体;社会团体;行业协会,金牛区,104.034568,30.713212
四川省五金机电行业协会,government,政府机构及社会团体;社会团体;行业协会,金牛区,104.033747,30.715217
森林氧中国西部品牌管理中心,government,政府机构及社会团体;政府及社会团体相关;政府及社会团体相关,金牛区,104.040422,30.719133
长久社区人民调解委员会,government,政府机构及社会团体;政府机关;乡镇以下级政府及事业单位,金牛区,104.039953,30.714529
长久社区工会联合会,government,政府机构及社会团体;社会团体;社会团体相关,金牛区,104.039953,30.714529
中共长久社区总支部委员会,government,政府机构及社会团体;政府机关;乡镇以下级政府及事业单位,金牛区,104.039921,30.714597
长久社区居民议事会,government,政府机构及社会团体;政府机关;乡镇以下级政府及事业单位,金牛区,104.039953,30.714529
长久社区辖区单位联席会,government,政府机构及社会团体;社会团体;社会团体相关,金牛区,104.039953,30.714529
长久社区妇女联合会,government,政府机构及社会团体;社会团体;妇联,金牛区,104.039953,30.714529
长久社区居委会(长青北街),government,政府机构及社会团体;政府机关;乡镇以下级政府及事业单位,金牛区,104.039921,30.714597
长久社区关心下一代工作委员会,government,政府机构及社会团体;政府机关;乡镇以下级政府及事业单位,金牛区,104.039953,30.714529
共青团长久支部,government,政府机构及社会团体;社会团体;共青团,金牛区,104.039953,30.714529
九里堤街道办事处社会事务服务中心,government,政府机构及社会团体;政府机关;乡镇级政府及事业单位,金牛区,104.048779,30.711205
九里堤街道就业和社会保障服务中心,government,政府机构及社会团体;政府机关;乡镇级政府及事业单位,金牛区,104.048876,30.711276
九里堤派出所,government,政府机构及社会团体;公检法机构;公安警察,金牛区,104.044083,30.709686
金牛区民政局婚姻登记处,government,政府机构及社会团体;政府机关;区县级政府及事业单位,金牛区,104.048661,30.711108
金牛区人民法院洞子口人民法庭,government,政府机构及社会团体;公检法机构;法院,金牛区,104.04521,30.716477
金牛区人民法院洞子口人民法院,government,政府机构及社会团体;公检法机构;法院,金牛区,104.045274,30.716448
金牛区社区服务中心,government,政府机构及社会团体;政府机关;区县级政府及事业单位,金牛区,104.048659,30.711104
金牛公安分局出入境管理大队九里堤出入境证件受理点,government,政府机构及社会团体;公检法机构;公安警察,金牛区,104.04422,30.70975
中共九里堤北路社区委员会,government,政府机构及社会团体;政府机关;乡镇以下级政府及事业单位,金牛区,104.047818,30.710961
金牛区人民检察院案件管理中心,government,政府机构及社会团体;公检法机构;检察院,金牛区,104.047888,30.709663
成都市金牛区人民检察院举报中心,government,政府机构及社会团体;公检法机构;检察院,金牛区,104.047888,30.709663
金牛区人民检察院控告申诉接待室,government,政府机构及社会团体;公检法机构;检察院,金牛区,104.047888,30.709663
驻北改街道检察室,government,政府机构及社会团体;政府及社会团体相关;政府及社会团体相关,金牛区,104.047866,30.709484
成都市唐氏综合症互助协会,government,政府机构及社会团体;社会团体;行业协会,金牛区,104.048244,30.710762
九里堤北路社区居委会,government,政府机构及社会团体;政府机关;乡镇以下级政府及事业单位,金牛区,104.047818,30.710959
成都市金牛区人民检察院检察服务大厅,government,政府机构及社会团体;政府及社会团体相关;政府及社会团体相关,金牛区,104.047866,30.709484
金牛区民政局婚姻登记处离婚登记大厅,government,政府机构及社会团体;政府及社会团体相关;政府及社会团体相关,金牛区,104.048287,30.711511
治安岗亭,government,政府机构及社会团体;公检法机构;社会治安机构,金牛区,104.046568,30.716321
九里堤派出所九里堤北路警务室,government,政府机构及社会团体;公检法机构;社会治安机构,金牛区,104.047437,30.710584
九里堤北路社区红十字会,government,政府机构及社会团体;社会团体;红十字会,金牛区,104.047698,30.71129
九里堤辖区税收征管站,government,政府机构及社会团体;政府机关;乡镇级政府及事业单位,金牛区,104.047696,30.711335
五福社区,government,政府机构及社会团体;政府机关;乡镇以下级政府及事业单位,金牛区,104.059996,30.717381
成都农副产品流通商会,government,政府机构及社会团体;社会团体;行业协会,金牛区,104.061715,30.710569
四川温岭商会,government,政府机构及社会团体;社会团体;行业协会,金牛区,104.06335,30.711503
成都市乒乓球运动管理中心(星科北街),government,政府机构及社会团体;政府机关;地市级政府及事业单位,金牛区,104.054419,30.714411
四川省医药物流商会,government,政府机构及社会团体;政府及社会团体相关;政府及社会团体相关,金牛区,104.057851,30.718592
成都市药品检验所驻西部医药药品监督检验办公室,government,政府机构及社会团体;公检法机构;公证鉴定机构,金牛区,104.057902,30.719363
双水碾街道办事处社会管理科,government,政府机构及社会团体;政府机关;乡镇级政府及事业单位,成华区,104.069023,30.712432
双水碾街道政府信息公开查询点,government,政府机构及社会团体;政府机关;乡镇级政府及事业单位,成华区,104.070007,30.714064
花径路社区就业和社会保障服务站,government,政府机构及社会团体;政府机关;乡镇以下级政府及事业单位,金牛区,104.067276,30.710302
沙河源辖区社会治安综合治理委员会,government,政府机构及社会团体;公检法机构;社会治安机构,金牛区,104.067203,30.718802
双水碾街道办事处社会治安综合治理委员会,government,政府机构及社会团体;公检法机构;社会治安机构,成华区,104.069081,30.712423
成都市国土资源局成华分局,government,政府机构及社会团体;政府机关;区县级政府及事业单位,成华区,104.070346,30.712055
沙河源街道办事处,government,政府机构及社会团体;政府机关;乡镇级政府及事业单位,金牛区,104.067203,30.718802
双水碾派出所,government,政府机构及社会团体;公检法机构;公安警察,成华区,104.068914,30.712451
沙河源街道工会工作委员会,government,政府机构及社会团体;政府机关;乡镇级政府及事业单位,金牛区,104.067203,30.718802
双水碾街道办事处,government,政府机构及社会团体;政府机关;乡镇级政府及事业单位,成华区,104.069081,30.712423
双水碾派出所办证室,government,政府机构及社会团体;公检法机构;公安警察,成华区,104.068872,30.712488
沙河源街道执法中队,government,政府机构及社会团体;交通车辆管理;交通管理机构,金牛区,104.067203,30.718802
成都市金牛区城市管理行政执法区,government,政府机构及社会团体;政府机关;区县级政府及事业单位,金牛区,104.067203,30.718802
双水碾街道综合文化中心,government,政府机构及社会团体;政府机关;乡镇级政府及事业单位,成华区,104.071677,30.713462
花径路社区居委会,government,政府机构及社会团体;政府机关;乡镇以下级政府及事业单位,金牛区,104.067322,30.71034
成都酒店用品行业协会,government,政府机构及社会团体;社会团体;行业协会,金牛区,104.063915,30.709924
成都市国土资源局成华分局征地事务中心,government,政府机构及社会团体;政府机关;区县级政府及事业单位,成华区,104.070219,30.711803
双水碾街道综治维稳工作中心,government,政府机构及社会团体;政府机关;乡镇级政府及事业单位,成华区,104.069023,30.712432
中共成华区双水碾街道区域委员会,government,政府机构及社会团体;政府机关;乡镇级政府及事业单位,成华区,104.069081,30.712423
工商行政管理,government,政府机构及社会团体;政府及社会团体相关;政府及社会团体相关,成华区,104.069613,30.713767
成都市综合市场工商所,government,政府机构及社会团体;工商税务机构;工商部门,金牛区,104.063689,30.710428
成华区人大常委会双水碾街道工作委员会,government,政府机构及社会团体;政府机关;乡镇级政府及事业单位,成华区,104.069081,30.712423
双水碾街道办事处流动人口服务管理办公室,government,政府机构及社会团体;政府机关;乡镇级政府及事业单位,成华区,104.069024,30.712431
双水碾街道办事处流动人口双向管理服务站,government,政府机构及社会团体;政府机关;乡镇级政府及事业单位,成华区,104.069023,30.712431
双水碾工商所,government,政府机构及社会团体;工商税务机构;工商部门,成华区,104.069675,30.713696
成华区食品药品监督管理局双水碾街道食药监管所,government,政府机构及社会团体;政府机关;乡镇级政府及事业单位,成华区,104.069001,30.712228
成都市工商行政管理局企业监督管理分局,government,政府机构及社会团体;工商税务机构;工商部门,金牛区,104.066603,30.711369
中共金牛区沙河源街道工作委员会,government,政府机构及社会团体;政府机关;乡镇级政府及事业单位,金牛区,104.067203,30.718802
沙河源街道大调解协调中心,government,政府机构及社会团体;政府机关;乡镇级政府及事业单位,金牛区,104.067436,30.718398
花径路社区残疾人协会,government,政府机构及社会团体;社会团体;残联,金牛区,104.067276,30.710302
成华区双水碾街道治保会巡逻队,government,政府机构及社会团体;公检法机构;社会治安机构,成华区,104.069172,30.712439
成华区城市管理行政执法局双水碾中队,government,政府机构及社会团体;政府机关;乡镇级政府及事业单位,成华区,104.069081,30.712423
沙河源街道矛盾纠纷调解中心,government,政府机构及社会团体;政府机关;乡镇级政府及事业单位,金牛区,104.067436,30.718398
花径路社区团支部,government,政府机构及社会团体;社会团体;社会团体相关,金牛区,104.067276,30.710302
花径路社区工会联合会,government,政府机构及社会团体;社会团体;社会团体相关,金牛区,104.067276,30.710302
花径路社区,government,政府机构及社会团体;政府机关;乡镇以下级政府及事业单位,金牛区,104.067322,30.71034
花径路社区居民议事会,government,政府机构及社会团体;政府机关;乡镇以下级政府及事业单位,金牛区,104.067276,30.710302
花径路社区群众工作站,government,政府机构及社会团体;社会团体;社会团体相关,金牛区,104.067276,30.710302
中共花径路社区支部委员会,government,政府机构及社会团体;政府机关;乡镇以下级政府及事业单位,金牛区,104.067322,30.71034
中共成都酒店用品行业协会支部委员会,government,政府机构及社会团体;社会团体;社会团体相关,金牛区,104.063915,30.709924
花径路社区慈善捐赠站,government,政府机构及社会团体;社会团体;慈善机构,金牛区,104.067276,30.710302
双水碾街道办事处拆迁办公室,government,政府机构及社会团体;政府机关;乡镇级政府及事业单位,成华区,104.069901,30.713916
河滨丽苑业主大会业主委员会,government,政府机构及社会团体;社会团体;社会团体相关,成华区,104.07064,30.712622
中共双水碾街道工作委员会,government,政府机构及社会团体;政府机关;乡镇以下级政府及事业单位,成华区,104.06908,30.712423
成都市成华区司法局双水碾司法所,government,政府机构及社会团体;公检法机构;公检法机关,成华区,104.069023,30.712432
双水碾街道劳动保障监察网格化管理办公室,government,政府机构及社会团体;政府机关;乡镇级政府及事业单位,成华区,104.069035,30.712456
成都市公安局刑侦局,government,政府机构及社会团体;政府及社会团体相关;政府及社会团体相关,成华区,104.071636,30.711566
四川省成都市成华区人民政府征兵办公室,government,政府机构及社会团体;政府及社会团体相关;政府及社会团体相关,成华区,104.080041,30.713433
四川省成都市成华区国防动员委员会,government,政府机构及社会团体;政府及社会团体相关;政府及社会团体相关,成华区,104.080041,30.713433
双水碾派出所云锦社区警务室,government,政府机构及社会团体;公检法机构;公安警察,成华区,104.092841,30.712172
中共双水碾村支部委员会,government,政府机构及社会团体;政府机关;乡镇以下级政府及事业单位,成华区,104.093342,30.714695
横桥社区办公室,government,政府机构及社会团体;政府及社会团体相关;政府及社会团体相关,成华区,104.092166,30.711063
双水碾村村委会,government,政府机构及社会团体;政府机关;乡镇以下级政府及事业单位,成华区,104.093342,30.714695
成都市野生动物救护中心,government,政府机构及社会团体;政府机关;地市级政府及事业单位,成华区,104.103445,30.713324
成都动物园管理处,government,政府机构及社会团体;政府机关;地市级政府及事业单位,成华区,104.102795,30.713818
成华区双水碾综合执法(协勤)大队,government,政府机构及社会团体;政府机关;乡镇级政府及事业单位,成华区,104.095338,30.719044
荆竹社区办公室,government,政府机构及社会团体;政府及社会团体相关;政府及社会团体相关,成华区,104.099505,30.717462
中共双水碾街道荆竹片区委员会,government,政府机构及社会团体;政府及社会团体相关;政府及社会团体相关,成华区,104.099033,30.717668
青龙警署动物园执勤点,government,政府机构及社会团体;公检法机构;社会治安机构,成华区,104.102788,30.714237
凤翔法庭,government,政府机构及社会团体;公检法机构;法院,成华区,104.096013,30.718207
青龙警署,government,政府机构及社会团体;公检法机构;公安警察,成华区,104.106716,30.711031
成华区青龙街道慈善社区慈善捐赠站,government,政府机构及社会团体;政府及社会团体相关;政府及社会团体相关,成华区,104.129882,30.714228
中国共产党成华区青龙街道新山社区支部委员会,government,政府机构及社会团体;政府机关;乡镇以下级政府及事业单位,成华区,104.129882,30.714228
石马社区居委会(老龙青路),government,政府机构及社会团体;政府机关;乡镇以下级政府及事业单位,成华区,104.139038,30.718307
中共石马社区支部委员会,government,政府机构及社会团体;政府机关;乡镇以下级政府及事业单位,成华区,104.139,30.718292
成华区红十字会志愿者工作站,government,政府机构及社会团体;社会团体;红十字会,成华区,104.1655,30.718707
成华区信鸽协会龙潭分会,government,政府机构及社会团体;社会团体;行业协会,成华区,104.16784,30.71164
成都市成华区同乐社区红十字会,government,政府机构及社会团体;社会团体;红十字会,成华区,104.1655,30.718707
四川物资储备局,government,政府机构及社会团体;政府及社会团体相关;政府及社会团体相关,成华区,104.172706,30.71015
圣地亚南洋老年协会总会,government,政府机构及社会团体;社会团体;社会团体相关,成华区,104.168414,30.715899
龙潭街道办事处同乐社区居民委员会,government,政府机构及社会团体;政府机关;乡镇以下级政府及事业单位,成华区,104.165881,30.71511
同乐社区居民议事会,government,政府机构及社会团体;社会团体;社会团体相关,成华区,104.1655,30.718707
同乐社区党委会,government,政府机构及社会团体;政府机关;乡镇以下级政府及事业单位,成华区,104.1655,30.718707
圣地亚南洋老年协会龙潭一分会,government,政府机构及社会团体;社会团体;社会团体相关,成华区,104.168414,30.715899
同乐社区慈善捐赠站,government,政府机构及社会团体;社会团体;慈善机构,成华区,104.1655,30.718707
同乐社区居委会(成华区龙潭同乐社区卫生服务站西北),government,政府机构及社会团体;政府机关;乡镇以下级政府及事业单位,成华区,104.1655,30.718707
龙潭寺车站铁路派出所,government,政府机构及社会团体;公检法机构;公安警察,成华区,104.177379,30.710546
桂林社区居委会(桂林南路),government,政府机构及社会团体;政府机关;乡镇以下级政府及事业单位,成华区,104.183101,30.714528
龙潭街道办事处龙潭寺东路退管站,government,政府机构及社会团体;政府机关;政府机关相关,成华区,104.182068,30.709825
四川省搏击训练基地四川省武术协会,government,政府机构及社会团体;社会团体;行业协会,成华区,104.182325,30.718518
中共桂林片区委员会,government,政府机构及社会团体;政府机关;区县级政府及事业单位,成华区,104.183107,30.714502
中共龙潭新城桂林片区委员会,government,政府机构及社会团体;政府机关;乡镇以下级政府及事业单位,成华区,104.183101,30.714528
桂林社区居民议事会(桂林南路),government,政府机构及社会团体;社会团体;社会团体相关,成华区,104.183101,30.714528
中共桂林社区支部委员会(桂林北路),government,政府机构及社会团体;政府机关;乡镇以下级政府及事业单位,成华区,104.182446,30.718557
中共桂林社区支部委员会(桂林南路),government,政府机构及社会团体;政府机关;乡镇以下级政府及事业单位,成华区,104.183101,30.714528
隆兴路社区义工服务站志愿者服务联系点,government,政府机构及社会团体;社会团体;社会团体相关,成华区,104.180204,30.710304
桂林社区居民议事会(桂林北路),government,政府机构及社会团体;社会团体;社会团体相关,成华区,104.182446,30.718558
桂林社区慈善捐赠站(桂林社区卫生服务站南),government,政府机构及社会团体;社会团体;慈善机构,成华区,104.183101,30.714528
黄田坝街道办事处,government,政府机构及社会团体;政府机关;乡镇级政府及事业单位,青羊区,103.969617,30.70016
劳动保障所,government,政府机构及社会团体;政府及社会团体相关;政府及社会团体相关,青羊区,103.969617,30.70016
中共黄田坝街道纪律检查工作委员会,government,政府机构及社会团体;政府机关;乡镇级政府及事业单位,青羊区,103.969617,30.70016
中共黄田坝街道工作委员会,government,政府机构及社会团体;政府机关;乡镇级政府及事业单位,青羊区,103.969617,30.70016
安康警务室,government,政府机构及社会团体;公检法机构;公安警察,青羊区,103.969404,30.700222
金泉派出所清水村警务室,government,政府机构及社会团体;公检法机构;公安警察,金牛区,103.97852,30.705752
社区综治工作站,government,政府机构及社会团体;政府及社会团体相关;政府及社会团体相关,金牛区,103.97852,30.705752
红运爱心超市(清淳二街),government,政府机构及社会团体;社会团体;慈善机构,金牛区,103.978468,30.705148
清水河社区总支部委员会,government,政府机构及社会团体;政府机关;乡镇以下级政府及事业单位,金牛区,103.976562,30.705606
清水河社区集体经济合作社,government,政府机构及社会团体;政府机关;乡镇以下级政府及事业单位,金牛区,103.976562,30.705606
中共两河社区支部委员会(淳风路),government,政府机构及社会团体;政府机关;乡镇以下级政府及事业单位,金牛区,103.976562,30.705606
两河社区党支部委员会,government,政府机构及社会团体;政府机关;乡镇以下级政府及事业单位,金牛区,103.976613,30.705672
金牛区太极拳协会金泉街道分会,government,政府机构及社会团体;社会团体;社会团体相关,金牛区,103.976644,30.705547
清水河社区老年协会,government,政府机构及社会团体;社会团体;社会团体相关,金牛区,103.980768,30.707452
金牛区金泉街道老年人协会,government,政府机构及社会团体;社会团体;社会团体相关,金牛区,103.980743,30.707307
清水河社区居委会(淳风路),government,政府机构及社会团体;政府机关;乡镇以下级政府及事业单位,金牛区,103.976562,30.705606
两河社区居委会(淳风路),government,政府机构及社会团体;政府机关;乡镇以下级政府及事业单位,金牛区,103.976562,30.705606
金牛区美术书法协会金泉分会,government,政府机构及社会团体;政府及社会团体相关;政府及社会团体相关,金牛区,103.976459,30.705577
百仁社区居委会,government,政府机构及社会团体;政府机关;乡镇以下级政府及事业单位,青羊区,103.99112,30.703221
交警四分局违法处理大厅,government,政府机构及社会团体;交通车辆管理;交通管理机构,金牛区,104.002049,30.703876
成都市公安局交通管理局第四分局,government,政府机构及社会团体;交通车辆管理;交通管理机构,金牛区,104.001851,30.703597
交通四分局,government,政府机构及社会团体;政府及社会团体相关;政府及社会团体相关,金牛区,104.000534,30.701702
成都市公安局交通管理局第四分局事故预防处理大队,government,政府机构及社会团体;交通车辆管理;交通管理机构,金牛区,104.002363,30.703157
金泉派出所蜀西实验学校警务室,government,政府机构及社会团体;政府及社会团体相关;政府及社会团体相关,金牛区,103.993965,30.709334
成都市公安局交通管理局第四分局(南门),government,政府机构及社会团体;政府及社会团体相关;政府及社会团体相关,金牛区,104.002556,30.702873
高家社区治安点,government,政府机构及社会团体;公检法机构;社会治安机构,金牛区,103.998062,30.706024
交警4分局,government,政府机构及社会团体;政府及社会团体相关;政府及社会团体相关,金牛区,103.997187,30.706393
紫坪铺水库管理处,government,政府机构及社会团体;政府及社会团体相关;政府及社会团体相关,金牛区,103.999708,30.707792
育苗路社区警务室,government,政府机构及社会团体;公检法机构;公安警察,金牛区,104.012624,30.700108
育苗路社区居委会,government,政府机构及社会团体;政府机关;乡镇以下级政府及事业单位,金牛区,104.012554,30.699777
金牛区人民政府服务中心社保分中心,government,政府机构及社会团体;政府机关;区县级政府及事业单位,金牛区,104.020956,30.704557
金牛区社会保障事业管理局,government,政府机构及社会团体;政府机关;区县级政府及事业单位,金牛区,104.020956,30.704557
金牛区人力资源和社会保障局,government,政府机构及社会团体;政府机关;区县级政府及事业单位,金牛区,104.020956,30.704557
茶店子街道就业和社会保障服务中心,government,政府机构及社会团体;政府机关;乡镇级政府及事业单位,金牛区,104.021817,30.704215
成都市金牛区环境保护局,government,政府机构及社会团体;政府机关;区县级政府及事业单位,金牛区,104.022377,30.702557
茶店子派出所茶小警务室,government,政府机构及社会团体;公检法机构;公安警察,金牛区,104.023061,30.702276
成都市金牛区司法局,government,政府机构及社会团体;公检法机构;公检法机关,金牛区,104.020956,30.704557
金牛区城市管理行政执法大队,government,政府机构及社会团体;政府机关;区县级政府及事业单位,金牛区,104.022377,30.702557
成都市金牛区环境监测站,government,政府机构及社会团体;政府机关;区县级政府及事业单位,金牛区,104.022377,30.702557
金牛公证处,government,政府机构及社会团体;公检法机构;公证鉴定机构,金牛区,104.020956,30.704557
成都市金牛区卫生执法监督大队,government,政府机构及社会团体;政府机关;区县级政府及事业单位,金牛区,104.022748,30.701371
成都市金牛质量技术监督局,government,政府机构及社会团体;政府机关;区县级政府及事业单位,金牛区,104.020956,30.704557
成都市金牛区供销合作社联合社,government,政府机构及社会团体;社会团体;社会团体相关,金牛区,104.022377,30.702557
成都市金牛区就业服务管理局,government,政府机构及社会团体;政府机关;区县级政府及事业单位,金牛区,104.020956,30.704557
成都市金牛食品药品监督管理局,government,政府机构及社会团体;政府机关;区县级政府及事业单位,金牛区,104.020956,30.704557
成都市金牛区文物保护管理所,government,政府机构及社会团体;政府机关;区县级政府及事业单位,金牛区,104.020956,30.704557
金牛区国家投资项目评审与招标中心,government,政府机构及社会团体;政府机关;区县级政府及事业单位,金牛区,104.022155,30.701094
成都市集邮协会金牛区分会,government,政府机构及社会团体;社会团体;行业协会,金牛区,104.021925,30.704001
检察工作点,government,政府机构及社会团体;政府及社会团体相关;政府及社会团体相关,金牛区,104.021724,30.704228
反邪教警示教育工作站,government,政府机构及社会团体;政府及社会团体相关;政府及社会团体相关,金牛区,104.021785,30.704349
检测站消防通道,government,政府机构及社会团体;政府及社会团体相关;政府及社会团体相关,金牛区,104.018942,30.706217
金牛区环境监察执法大队,government,政府机构及社会团体;政府机关;政府机关相关,金牛区,104.022208,30.702212
金牛社区信访接待室,government,政府机构及社会团体;政府机关;乡镇以下级政府及事业单位,金牛区,104.021813,30.704213
茶店子街道育苗路社区接待室,government,政府机构及社会团体;政府及社会团体相关;政府及社会团体相关,金牛区,104.021695,30.704265
成都市金牛区作家协会,government,政府机构及社会团体;社会团体;行业协会,金牛区,104.021286,30.703975
成都市金牛区卫生计生监督执法大队,government,政府机构及社会团体;政府机关;政府机关相关,金牛区,104.022674,30.701247
金牛社区妇女联合会(茶店子西街),government,政府机构及社会团体;社会团体;妇联,金牛区,104.021813,30.704213
四川鑫跃机动车检测有限公司,government,政府机构及社会团体;交通车辆管理;验车场,金牛区,104.019307,30.706772
成都市金牛区摄影协会,government,政府机构及社会团体;社会团体;行业协会,金牛区,104.021286,30.703975
金牛区就业训练中心国家职业技能鉴定所,government,政府机构及社会团体;公检法机构;公证鉴定机构,金牛区,104.020956,30.704557
金牛区茶店子街道接收捐赠工作点,government,政府机构及社会团体;政府及社会团体相关;政府及社会团体相关,金牛区,104.021785,30.704349
长途通信传输局(成北成西分局),government,公司企业;公司;电信公司|政府机构及社会团体;政府机关;政府机关相关,金牛区,104.0209,30.707629
金牛社区科普分会,government,政府机构及社会团体;社会团体;社会团体相关,金牛区,104.021813,30.704213
金牛社区残疾人协会(茶店子西街),government,政府机构及社会团体;社会团体;残联,金牛区,104.021813,30.704213
成都劳动保障监察网格举报投诉受理点,government,政府机构及社会团体;政府及社会团体相关;政府及社会团体相关,金牛区,104.021785,30.704349
成都市金牛区音乐舞蹈戏剧曲艺协会,government,政府机构及社会团体;政府及社会团体相关;政府及社会团体相关,金牛区,104.021286,30.703976
成都市金牛区美术书法协会,government,政府机构及社会团体;社会团体;行业协会,金牛区,104.021286,30.703976
博雅馨地业主委员会,government,政府机构及社会团体;社会团体;社会团体相关,金牛区,104.018369,30.704022
金牛社区老年人协会(茶店子西街),government,政府机构及社会团体;社会团体;社会团体相关,金牛区,104.021813,30.704213
金牛社区计划生育协会(茶店子西街),government,政府机构及社会团体;社会团体;社会团体相关,金牛区,104.021813,30.704213
育苗社区团支部,government,政府机构及社会团体;社会团体;共青团,金牛区,104.021813,30.704213
茶店子街道育苗社区区民委员会,government,政府机构及社会团体;政府机关;政府机关相关,金牛区,104.021695,30.704264
成都市金牛区满天星公益服务中心,government,政府机构及社会团体;社会团体;慈善机构,金牛区,104.023083,30.701102
金牛区学生资助管理服务中心,government,政府机构及社会团体;社会团体;慈善机构,金牛区,104.022155,30.701094
成都市金牛区红十字会(茶店子横街),government,政府机构及社会团体;社会团体;红十字会,金牛区,104.022155,30.701094
中共金牛区供销合作社联合社系统工作委员会,government,政府机构及社会团体;社会团体;社会团体相关,金牛区,104.022377,30.702557
茶店子派出所,government,政府机构及社会团体;公检法机构;公安警察,金牛区,104.025642,30.700901
中国成都SOS儿童村,government,政府机构及社会团体;社会团体;慈善机构,金牛区,104.032432,30.702688
黄金12支队,government,政府机构及社会团体;政府及社会团体相关;政府及社会团体相关,金牛区,104.025262,30.699846
96号院住户管理委员会,government,政府机构及社会团体;政府及社会团体相关;政府及社会团体相关,金牛区,104.024742,30.699624
成都市金牛区国家税务局第四税务分局临时办税点,government,政府机构及社会团体;工商税务机构;国税机关,金牛区,104.026079,30.70084
工商行政管理(茶店子工商所),government,政府机构及社会团体;政府及社会团体相关;政府及社会团体相关,金牛区,104.025937,30.700701
茶店社区居委会,government,政府机构及社会团体;政府机关;乡镇以下级政府及事业单位,金牛区,104.031217,30.705564
阳光家园爱心工坊,government,政府机构及社会团体;社会团体;慈善机构,金牛区,104.024727,30.700619
花照社区居委会,government,政府机构及社会团体;政府机关;乡镇以下级政府及事业单位,金牛区,104.032608,30.701506
成都市金牛区人民法院社区便民诉讼服务站,government,政府机构及社会团体;政府及社会团体相关;政府及社会团体相关,金牛区,104.032342,30.701451
成都市金牛区残疾人联合会,government,政府机构及社会团体;社会团体;残联,金牛区,104.024537,30.700704
中共茶店社区总支部委员会,government,政府机构及社会团体;政府机关;乡镇以下级政府及事业单位,金牛区,104.031216,30.705564
中共花照社区总支部委员会,government,政府机构及社会团体;政府机关;乡镇以下级政府及事业单位,金牛区,104.032608,30.701506
营门口街道茶店社区工会联合会,government,政府机构及社会团体;社会团体;社会团体相关,金牛区,104.029971,30.703854
金牛公安分局营门口派出所八一学校治安执勤点,government,政府机构及社会团体;公检法机构;社会治安机构,金牛区,104.024707,30.705599
金牛区人民政府政务服务中心,government,政府机构及社会团体;政府机关;区县级政府及事业单位,金牛区,104.038156,30.704726
四川省农机产品及车辆配件质量监督检验站,government,政府机构及社会团体;公检法机构;公证鉴定机构,金牛区,104.039787,30.69974
农业部农用动力机械及零配件质量监督检验测试中心(成都),government,政府机构及社会团体;公检法机构;公证鉴定机构,金牛区,104.039787,30.69974
成都市金牛区人民法院,government,政府机构及社会团体;公检法机构;法院,金牛区,104.039724,30.708219
成都市公安局金牛区分局,government,政府机构及社会团体;公检法机构;公安警察,金牛区,104.042287,30.702767
成都市国土资源局金牛分局,government,政府机构及社会团体;政府机关;区县级政府及事业单位,金牛区,104.040184,30.699952
金牛区人民法院执行服务中心,government,政府机构及社会团体;公检法机构;法院,金牛区,104.039884,30.70885
金牛市民中心,government,政府机构及社会团体;政府机关;政府机关相关,金牛区,104.038156,30.704726
成都市金牛区人民法院执行工作局,government,政府机构及社会团体;公检法机构;法院,金牛区,104.040197,30.70851
金牛区人民法院诉讼服务中心,government,政府机构及社会团体;公检法机构;法院,金牛区,104.039884,30.708847
金牛区政务中心公安办证分中心,government,政府机构及社会团体;政府机关;区县级政府及事业单位,金牛区,104.041353,30.703103
九里堤派出所星河路警务室,government,政府机构及社会团体;公检法机构;公安警察,金牛区,104.040936,30.708232
金牛区公安局办证中心,government,政府机构及社会团体;政府机关;区县级政府及事业单位,金牛区,104.041321,30.703151
金牛区城市管理局机械化作业所,government,政府机构及社会团体;政府机关;区县级政府及事业单位,金牛区,104.034157,30.704774
九里堤街道星河社区,government,政府机构及社会团体;政府机关;乡镇以下级政府及事业单位,金牛区,104.04083,30.708112
四川省农业机械鉴定站,government,政府机构及社会团体;公检法机构;公证鉴定机构,金牛区,104.039787,30.69974
农机鉴定站,government,政府机构及社会团体;公检法机构;公证鉴定机构,金牛区,104.039557,30.700328
成都市金牛区大调解协调中心,government,政府机构及社会团体;政府机关;区县级政府及事业单位,金牛区,104.039884,30.70885
营门口街道治保会巡逻队,government,政府机构及社会团体;公检法机构;公检法机关,金牛区,104.03436,30.702588
四川省农机鉴定站,government,政府机构及社会团体;政府及社会团体相关;政府及社会团体相关,金牛区,104.039958,30.700076
星河社区居委会(星辰西一街),government,政府机构及社会团体;政府机关;乡镇以下级政府及事业单位,金牛区,104.04083,30.708114
安检大厅,government,政府机构及社会团体;政府及社会团体相关;政府及社会团体相关,金牛区,104.039386,30.708317
金牛分局出入境办证中心,government,政府机构及社会团体;政府及社会团体相关;政府及社会团体相关,金牛区,104.042287,30.702767
成都市金牛区人民法院洞子口法庭(星河路),government,政府机构及社会团体;公检法机构;法院,金牛区,104.039825,30.708675
金牛区人民法院司法警察大队,government,政府机构及社会团体;公检法机构;法院,金牛区,104.039723,30.708219
长庆路社区居委会,government,政府机构及社会团体;政府机关;乡镇以下级政府及事业单位,金牛区,104.034352,30.70742
营门口街道办事处(银河北街),government,政府机构及社会团体;政府机关;乡镇级政府及事业单位,金牛区,104.038715,30.703373
星河社区志愿者服务站,government,政府机构及社会团体;政府机关;乡镇以下级政府及事业单位,金牛区,104.04083,30.708112
四川省农机产品质量安全检验测试中心,government,政府机构及社会团体;公检法机构;公证鉴定机构,金牛区,104.039787,30.69974
四川省农机产品质量安全检验阅中心,government,政府机构及社会团体;政府及社会团体相关;政府及社会团体相关,金牛区,104.039789,30.700101
四川省质量监督协会农业机械专业委员会,government,政府机构及社会团体;公检法机构;公证鉴定机构,金牛区,104.039787,30.69974
中共中铁二局集团新运工程有限公司委员会,government,政府机构及社会团体;社会团体;社会团体相关,金牛区,104.037703,30.705723
长庆路社区工会联合会,government,政府机构及社会团体;社会团体;社会团体相关,金牛区,104.034283,30.70742
九里堤街道星河社区老年人协会,government,政府机构及社会团体;社会团体;社会团体相关,金牛区,104.04083,30.708114
中共长庆路社区总支部委员会,government,政府机构及社会团体;政府机关;乡镇以下级政府及事业单位,金牛区,104.034353,30.707421
九里堤街道星河社区党支部,government,政府机构及社会团体;政府机关;乡镇以下级政府及事业单位,金牛区,104.04083,30.708114
中共金牛区营门口街道工作委员会,government,政府机构及社会团体;政府机关;乡镇级政府及事业单位,金牛区,104.038715,30.703373
金牛社区党支部(子云路),government,政府机构及社会团体;政府机关;乡镇以下级政府及事业单位,金牛区,104.034283,30.70742
九里堤街道星河社区调解委员会,government,政府机构及社会团体;政府机关;乡镇以下级政府及事业单位,金牛区,104.04083,30.708114
九里堤街道星河社区团支部,government,政府机构及社会团体;社会团体;共青团,金牛区,104.04083,30.708114
成都市公安局金牛区分局出入境接待室,government,政府机构及社会团体;公检法机构;公安警察,金牛区,104.041883,30.703475
四川省温州商会高低压电器分会,government,政府机构及社会团体;社会团体;行业协会,金牛区,104.038854,30.708897
九里堤街道星河社区科普分会,government,政府机构及社会团体;社会团体;社会团体相关,金牛区,104.04083,30.708114
九里堤街道星河社区警务室,government,政府机构及社会团体;公检法机构;社会治安机构,金牛区,104.040962,30.70824
四川省保护消费者权益委员会农机产品投诉站,government,政府机构及社会团体;社会团体;消费者协会,金牛区,104.039787,30.69974
营门口派出所长庆路警务室,government,政府机构及社会团体;公检法机构;社会治安机构,金牛区,104.034306,30.707405
星河社区计划生育协会,government,政府机构及社会团体;社会团体;社会团体相关,金牛区,104.04083,30.708114
九里堤街道星河社区残疾人协会,government,政府机构及社会团体;社会团体;残联,金牛区,104.04083,30.708114
九里堤街道星河社区妇女联合会,government,政府机构及社会团体;社会团体;妇联,金牛区,104.04083,30.708114
金牛公安分局禁毒大队,government,政府机构及社会团体;政府及社会团体相关;政府及社会团体相关,金牛区,104.042286,30.702768
九里堤地区社会治安综合治理委员会,government,政府机构及社会团体;公检法机构;社会治安机构,金牛区,104.044164,30.708983
成都市金牛区人民检察院,government,政府机构及社会团体;公检法机构;检察院,金牛区,104.047956,30.709152
九里堤街道办事处,government,政府机构及社会团体;政府机关;乡镇级政府及事业单位,金牛区,104.044164,30.708983
西南交通大学保卫处,government,政府机构及社会团体;公检法机构;公安警察,金牛区,104.049576,30.702632
四川省制冷学会,government,政府机构及社会团体;社会团体;行业协会,金牛区,104.052924,30.699526
西南交通大学插花艺术协会,government,政府机构及社会团体;社会团体;行业协会,金牛区,104.050497,30.700407
四川省铁路货物运输包装检测中心,government,政府机构及社会团体;公检法机构;公证鉴定机构,金牛区,104.049491,30.703662
西南交通大学九里校区书画协会,government,政府机构及社会团体;社会团体;行业协会,金牛区,104.049169,30.702334
西南交通大学九里校区教职工网球协会,government,政府机构及社会团体;社会团体;行业协会,金牛区,104.05195,30.700975
市场办公室,government,政府机构及社会团体;社会团体;社会团体相关,金牛区,104.051929,30.706616
康禧路社区居委会,government,政府机构及社会团体;政府机关;乡镇以下级政府及事业单位,金牛区,104.045223,30.709121
中国共产党成都市金牛区九里堤街道工作委员会,government,政府机构及社会团体;政府机关;乡镇级政府及事业单位,金牛区,104.044164,30.708983
金牛社区九里堤街道康禧路社区科普分会,government,政府机构及社会团体;政府及社会团体相关;政府及社会团体相关,金牛区,104.045262,30.709071
金牛社区九里堤街道康禧路社区老年人协会,government,政府机构及社会团体;政府及社会团体相关;政府及社会团体相关,金牛区,104.045262,30.709071
金牛社区九里堤街道康禧路社区残疾人协会,government,政府机构及社会团体;社会团体;残联,金牛区,104.045262,30.709071
金牛区人大常委会九里堤街道工作委员会,government,政府机构及社会团体;政府机关;乡镇级政府及事业单位,金牛区,104.044164,30.708983
西南交通大学九里校区学生工作处校团委,government,政府机构及社会团体;社会团体;社会团体相关,金牛区,104.050959,30.703899
四川省交通运输协会地方铁路委员会,government,政府机构及社会团体;政府机关;省直辖市级政府及事业单位,金牛区,104.063358,30.700786
中路社区人民调解委员会,government,政府机构及社会团体;政府机关;乡镇以下级政府及事业单位,金牛区,104.055746,30.700239
成都铁路运输检察院(玉居庵西路),government,政府机构及社会团体;公检法机构;检察院,金牛区,104.063206,30.702452
成都铁路运输法院(玉居庵西路),government,政府机构及社会团体;公检法机构;法院,金牛区,104.063206,30.702452
成都铁路局招商交易中心,government,政府机构及社会团体;政府机关;政府机关相关,金牛区,104.062913,30.699511
成铁13分会,government,政府机构及社会团体;政府及社会团体相关;政府及社会团体相关,金牛区,104.061075,30.703155
西南交通大学九里校区工程检测中心,government,政府机构及社会团体;公检法机构;公证鉴定机构,金牛区,104.054355,30.701321
中国铁路工会西南铁路房屋建筑公司委员会,government,政府机构及社会团体;社会团体;社会团体相关,金牛区,104.06295,30.701764
九里堤派出所九里堤中路警务室,government,政府机构及社会团体;公检法机构;社会治安机构,金牛区,104.055746,30.700239
五块石派出所玉局庵警务室,government,政府机构及社会团体;公检法机构;公安警察,金牛区,104.063344,30.701811
九里堤街道中路社区团支部,government,政府机构及社会团体;政府机关;乡镇以下级政府及事业单位,金牛区,104.055746,30.700239
九里堤街道中路社区信访接待室,government,政府机构及社会团体;政府机关;乡镇以下级政府及事业单位,金牛区,104.055746,30.700239
九里堤街道中路社区妇女联合会,government,政府机构及社会团体;社会团体;妇联,金牛区,104.055746,30.700239
九里堤街道中路社区老年人协会,government,政府机构及社会团体;社会团体;社会团体相关,金牛区,104.055746,30.700239
中共西南铁路房屋建筑公司委员会,government,政府机构及社会团体;社会团体;社会团体相关,金牛区,104.062951,30.701764
九里堤街道中路社区计划生育协会,government,政府机构及社会团体;社会团体;社会团体相关,金牛区,104.055746,30.700239
五块石辖区社会管理综合治理委员会,government,政府机构及社会团体;政府机关;政府机关相关,金牛区,104.063775,30.703937
五块石辖区社会治安综合治理委员会,government,政府机构及社会团体;公检法机构;公检法机关,金牛区,104.063675,30.703993
五块石社区就业和社会保障服务站,government,政府机构及社会团体;政府机关;乡镇以下级政府及事业单位,金牛区,104.068794,30.704953
五块石派出所,government,政府机构及社会团体;公检法机构;公安警察,金牛区,104.068853,30.704958
成都车站派出所,government,政府机构及社会团体;公检法机构;公安警察,金牛区,104.06765,30.699395
五块石工商所,government,政府机构及社会团体;工商税务机构;工商部门,金牛区,104.065002,30.703758
五块石派出所办证室,government,政府机构及社会团体;公检法机构;公安警察,金牛区,104.068756,30.704997
五块石街道办事处,government,政府机构及社会团体;政府机关;乡镇以下级政府及事业单位,金牛区,104.063604,30.704289
四川省温州商会(蓉北商贸大道一段),government,政府机构及社会团体;社会团体;行业协会,金牛区,104.064324,30.703153
成都铁路公安处刑警支队成都车站刑警大队,government,政府机构及社会团体;公检法机构;公安警察,金牛区,104.06765,30.699395
石柱县辣椒行业协会,government,政府机构及社会团体;社会团体;行业协会,金牛区,104.066094,30.704076
五块石社区居委会,government,政府机构及社会团体;政府机关;乡镇级政府及事业单位,金牛区,104.068737,30.704957
五块石社区模范帮扶工作站,government,政府机构及社会团体;政府及社会团体相关;政府及社会团体相关,金牛区,104.068794,30.704953
顺凯青花椒农民专业合作社成都销售点,government,政府机构及社会团体;政府及社会团体相关;政府及社会团体相关,金牛区,104.068655,30.705802
五福社区打击两抢两盗巡逻执勤点,government,政府机构及社会团体;政府及社会团体相关;政府及社会团体相关,金牛区,104.065217,30.707604
五福社区居委会,government,政府机构及社会团体;政府机关;乡镇以下级政府及事业单位,金牛区,104.06662,30.708742
五块石社区打击两抢两盗巡逻执勤点,government,政府机构及社会团体;政府及社会团体相关;政府及社会团体相关,金牛区,104.063737,30.707546
成都市公安消防支队特勤大队一中队,government,政府机构及社会团体;公检法机构;公检法机关,金牛区,104.063868,30.705903
五块石社区工会联合会,government,政府机构及社会团体;政府机关;乡镇以下级政府及事业单位,金牛区,104.068794,30.704953
站北路社区居委会,government,政府机构及社会团体;政府机关;乡镇以下级政府及事业单位,成华区,104.070162,30.70254
五块石派出所五福警务室,government,政府机构及社会团体;公检法机构;社会治安机构,金牛区,104.066636,30.708812
五块石街道工会工作委员会,government,政府机构及社会团体;政府机关;乡镇级政府及事业单位,金牛区,104.063775,30.703937
中共五福社区支部委员会,government,政府机构及社会团体;政府机关;乡镇以下级政府及事业单位,金牛区,104.06664,30.708652
五块石村村委会,government,政府机构及社会团体;政府机关;乡镇以下级政府及事业单位,金牛区,104.064324,30.703153
中共五块石社区支部委员会,government,政府机构及社会团体;政府机关;乡镇以下级政府及事业单位,金牛区,104.068737,30.704957
中共站北路社区支部委员会,government,政府机构及社会团体;政府机关;乡镇以下级政府及事业单位,成华区,104.070162,30.70254
五块石街道五块石社区党支部,government,政府机构及社会团体;政府机关;乡镇以下级政府及事业单位,金牛区,104.068794,30.704953
中共五块石街道纪律检查工作委员会,government,政府机构及社会团体;政府机关;乡镇级政府及事业单位,金牛区,104.063775,30.703937
五块石社区人民调解委员会,government,政府机构及社会团体;政府机关;乡镇以下级政府及事业单位,金牛区,104.068794,30.704953
五福社区妇女联合会,government,政府机构及社会团体;社会团体;妇联,金牛区,104.066619,30.708763
站北路社区慈善捐赠站,government,政府机构及社会团体;社会团体;慈善机构,成华区,104.070162,30.70254
五块石社区反邪教警示教育工作站,government,政府机构及社会团体;政府机关;乡镇以下级政府及事业单位,金牛区,104.068794,30.704953
五福社区团支部,government,政府机构及社会团体;社会团体;共青团,金牛区,104.066619,30.708763
五福社区老年人协会,government,政府机构及社会团体;社会团体;社会团体相关,金牛区,104.066619,30.708763
五块石社区群众信访事项代理服务点,government,政府机构及社会团体;政府机关;乡镇以下级政府及事业单位,金牛区,104.068794,30.704953
五块石社区红十字服务站,government,政府机构及社会团体;社会团体;红十字会,金牛区,104.068794,30.704953
五福社区残疾人协会,government,政府机构及社会团体;社会团体;残联,金牛区,104.066619,30.708763
中共五块石村支部委员会,government,政府机构及社会团体;政府机关;乡镇以下级政府及事业单位,金牛区,104.064324,30.703153
中共五块石街道工作委员会,government,政府机构及社会团体;政府机关;乡镇级政府及事业单位,金牛区,104.063775,30.703937
五福社区计划生育协会,government,政府机构及社会团体;社会团体;社会团体相关,金牛区,104.066619,30.708763
五福社区调解委员会,government,政府机构及社会团体;政府机关;乡镇以下级政府及事业单位,金牛区,104.066619,30.708763
金牛区人大常委会五块石街道工作委员会,government,政府机构及社会团体;政府机关;乡镇级政府及事业单位,金牛区,104.063775,30.703937
金牛区总工会五块石社区劳动就业帮扶站,government,政府机构及社会团体;政府机关;乡镇以下级政府及事业单位,金牛区,104.068737,30.704957
成都市金牛区司法局五块石司法所,government,政府机构及社会团体;公检法机构;公检法机关,金牛区,104.063775,30.703937
成都质检分所,government,政府机构及社会团体;政府及社会团体相关;政府及社会团体相关,金牛区,104.066143,30.708366
玉局庵社区办公室,government,政府机构及社会团体;政府及社会团体相关;政府及社会团体相关,金牛区,104.065022,30.70486
成铁运输检察院,government,政府机构及社会团体;公检法机构;检察院,金牛区,104.063542,30.701796
甘肃陇南花椒商会,government,政府机构及社会团体;社会团体;行业协会,成华区,104.076787,30.703918
成都市鞋业行业协会,government,政府机构及社会团体;社会团体;行业协会,成华区,104.073818,30.70234
中共成都工务段委员会兴达公司党支部,government,政府机构及社会团体;社会团体;社会团体相关,金牛区,104.077593,30.699399
中国孔子基金会修德教育基金项目处,government,政府机构及社会团体;社会团体;行业协会,成华区,104.093426,30.706066
红花堰社区居委会,government,政府机构及社会团体;政府机关;乡镇以下级政府及事业单位,成华区,104.085803,30.702814
双水碾街道办事处驷马桥退管站,government,政府机构及社会团体;政府机关;乡镇以下级政府及事业单位,成华区,104.091851,30.7065
中共红花堰社区支部委员会,government,政府机构及社会团体;政府机关;乡镇以下级政府及事业单位,成华区,104.085839,30.702892
双水碾派出所华宇阳光水岸警民合作示范点,government,政府机构及社会团体;政府及社会团体相关;政府及社会团体相关,成华区,104.088635,30.705062
中共成都城北医院支部委员会,government,政府机构及社会团体;社会团体;社会团体相关,成华区,104.09727,30.70882
仁义路社区居委会,government,政府机构及社会团体;政府机关;乡镇以下级政府及事业单位,成华区,104.100031,30.700233
中共仁义路社区支部委员会,government,政府机构及社会团体;政府机关;乡镇以下级政府及事业单位,成华区,104.100031,30.700233
仁义路社区慈善捐赠站,government,政府机构及社会团体;社会团体;慈善机构,成华区,104.100031,30.700233
中国水电十局泛悦城市广场项目部,government,政府机构及社会团体;政府机关;国家级机关及事业单位,成华区,104.097187,30.708421
中国建筑第二工程局,government,政府机构及社会团体;政府及社会团体相关;政府及社会团体相关,成华区,104.093877,30.700271
青龙街道办事处(致强路),government,政府机构及社会团体;政府机关;乡镇级政府及事业单位,成华区,104.110601,30.705621
成华区人民法院青龙人民法庭,government,政府机构及社会团体;公检法机构;法院,成华区,104.105794,30.70503
西林社区居委会(致强环街),government,政府机构及社会团体;政府机关;乡镇以下级政府及事业单位,成华区,104.110138,30.70498
成华地税第八所,government,政府机构及社会团体;工商税务机构;地税机关,成华区,104.110534,30.705609
成都市成华区地方税务局,government,政府机构及社会团体;工商税务机构;地税机关,成华区,104.110724,30.705653
成华区地方税务局第五税务所,government,政府机构及社会团体;工商税务机构;地税机关,成华区,104.110598,30.705624
成华区昭青路社区门球协会,government,政府机构及社会团体;社会团体;行业协会,成华区,104.105541,30.70611
成华区建筑工程质量检测所,government,政府机构及社会团体;公检法机构;公证鉴定机构,成华区,104.108831,30.706655
四川省成都市成华区地税局第九税务所,government,政府机构及社会团体;工商税务机构;地税机关,成华区,104.110588,30.705682
安检大厅,government,政府机构及社会团体;政府及社会团体相关;政府及社会团体相关,成华区,104.10571,30.704936
成华区青龙消防站,government,政府机构及社会团体;政府及社会团体相关;政府及社会团体相关,成华区,104.11097,30.707867
东林社区办公室,government,政府机构及社会团体;政府及社会团体相关;政府及社会团体相关,成华区,104.113367,30.702433
青龙市容环境卫生管理所,government,政府机构及社会团体;政府机关;乡镇级政府及事业单位,成华区,104.10387,30.707417
成都市成华区卫生执法监督大队,government,政府机构及社会团体;政府机关;区县级政府及事业单位,成华区,104.110602,30.705623
中共青龙街道工作委员会(致强路),government,政府机构及社会团体;政府机关;乡镇级政府及事业单位,成华区,104.110601,30.705623
东林社区居委会(青龙路),government,政府机构及社会团体;政府机关;乡镇以下级政府及事业单位,成华区,104.11334,30.702585
海滨湾社区居委会,government,政府机构及社会团体;政府机关;乡镇以下级政府及事业单位,成华区,104.110889,30.707611
国家职业技能鉴定所(青龙路),government,政府机构及社会团体;公检法机构;公证鉴定机构,成华区,104.108831,30.706655
成华区人民检察院派驻青龙检察室,government,政府机构及社会团体;公检法机构;检察院,成华区,104.110597,30.705622
昭觉寺文化旅游商贸区建设推进办公室,government,政府机构及社会团体;政府机关;政府机关相关,成华区,104.110602,30.705621
中共成华区青龙街道区域委员会,government,政府机构及社会团体;政府机关;乡镇级政府及事业单位,成华区,104.1106,30.705622
成都市城北市政工程有限公司工会,government,政府机构及社会团体;社会团体;社会团体相关,成华区,104.110138,30.70498
中共海滨湾社区支部委员会,government,政府机构及社会团体;政府机关;乡镇以下级政府及事业单位,成华区,104.110884,30.707612
昭青路社区居委会,government,政府机构及社会团体;政府机关;乡镇以下级政府及事业单位,成华区,104.103824,30.706795
中共昭青路社区支部委员会,government,政府机构及社会团体;政府机关;乡镇以下级政府及事业单位,成华区,104.103824,30.706795
青龙街道市民中心政务信息查询数字化学习港,government,政府机构及社会团体;政府机关;乡镇以下级政府及事业单位,成华区,104.113188,30.706513
西林社区慈善捐赠站,government,政府机构及社会团体;社会团体;慈善机构,成华区,104.110138,30.70498
成华区交通秩序综合管理大队青龙辖区管理队,government,政府机构及社会团体;交通车辆管理;交通管理机构,成华区,104.103767,30.706809
成华区民主党派事务中心,government,政府机构及社会团体;民主党派;民主党派,成华区,104.110602,30.705621
西林社区治安保卫委员会,government,政府机构及社会团体;公检法机构;社会治安机构,成华区,104.106012,30.707897
中共东林社区支部委员会(青龙路),government,政府机构及社会团体;政府机关;乡镇以下级政府及事业单位,成华区,104.108912,30.70653
中共西林社区支部委员会(致强环街),government,政府机构及社会团体;政府机关;乡镇以下级政府及事业单位,成华区,104.110138,30.70498
中国建筑第六工程局,government,政府机构及社会团体;政府及社会团体相关;政府及社会团体相关,成华区,104.1175,30.706352
海滨办事处,government,政府机构及社会团体;政府及社会团体相关;政府及社会团体相关,成华区,104.122246,30.706645
海滨村村委会,government,政府机构及社会团体;政府机关;乡镇以下级政府及事业单位,成华区,104.12307,30.708409
保平社区居委会,government,政府机构及社会团体;政府机关;乡镇以下级政府及事业单位,成华区,104.147024,30.706913
保平社区便民服务站,government,政府机构及社会团体;政府机关;乡镇以下级政府及事业单位,成华区,104.147021,30.706909
保平社区居民议事会,government,政府机构及社会团体;社会团体;社会团体相关,成华区,104.147021,30.706911
中共保平社区支部委员会,government,政府机构及社会团体;政府机关;乡镇以下级政府及事业单位,成华区,104.147022,30.706912
龙潭街道办事处(龙井路),government,政府机构及社会团体;政府机关;乡镇级政府及事业单位,成华区,104.162184,30.707226
龙潭寺派出所(火神庙路),government,政府机构及社会团体;公检法机构;公安警察,成华区,104.162037,30.707781
成华区公安局办证中心,government,政府机构及社会团体;公检法机构;公安警察,成华区,104.162116,30.707819
成华区龙潭街道便民服务中心,government,政府机构及社会团体;政府机关;乡镇级政府及事业单位,成华区,104.162184,30.707062
中共龙潭街道工作委员会,government,政府机构及社会团体;政府机关;乡镇级政府及事业单位,成华区,104.162182,30.707225
成华区龙潭街道办事处第二办公区,government,政府机构及社会团体;政府机关;乡镇级政府及事业单位,成华区,104.161898,30.704033
中共成华区龙潭新城区域委员会,government,政府机构及社会团体;政府机关;政府机关相关,成华区,104.162183,30.707226
成华区司法局龙潭司法所,government,政府机构及社会团体;公检法机构;公检法机关,成华区,104.162191,30.707273
中共鹤林片区委员会,government,政府机构及社会团体;政府机关;区县级政府及事业单位,成华区,104.169111,30.700463
龙潭乡农业技术服务站,government,政府机构及社会团体;政府机关;乡镇级政府及事业单位,成华区,104.166049,30.708847
鹤林社区居民议事会,government,政府机构及社会团体;社会团体;社会团体相关,成华区,104.169103,30.700448
隆兴路社区居委会,government,政府机构及社会团体;政府机关;乡镇以下级政府及事业单位,成华区,104.168341,30.705521
龙潭新城鹤林片区委员会,government,政府机构及社会团体;政府机关;乡镇以下级政府及事业单位,成华区,104.169102,30.700457
中共隆兴路社区支部委员会,government,政府机构及社会团体;政府机关;乡镇以下级政府及事业单位,成华区,104.168341,30.705521
中共鹤林社区支部委员会(华冠路),government,政府机构及社会团体;政府机关;乡镇以下级政府及事业单位,成华区,104.169103,30.700446
鹤林社区居委会(秀林苑西区西北),government,政府机构及社会团体;政府机关;乡镇以下级政府及事业单位,成华区,104.16911,30.700452
鹤林社区慈善捐赠站,government,政府机构及社会团体;社会团体;慈善机构,成华区,104.169107,30.700444
龙潭街道隆兴路社区慈善捐赠站,government,政府机构及社会团体;社会团体;慈善机构,成华区,104.168341,30.705521
四川省矿山防治水中心,government,政府机构及社会团体;政府机关;省直辖市级政府及事业单位,成华区,104.183016,30.709387
龙潭街道两代表一委员服务站,government,政府机构及社会团体;政府机关;乡镇级政府及事业单位,成华区,104.17801,30.709188
四川川运机动车检测站,government,政府机构及社会团体;交通车辆管理;验车场,成华区,104.181655,30.708474
龙潭街道同仁社区居民议事会,government,政府机构及社会团体;社会团体;社会团体相关,成华区,104.17801,30.709188
同仁社区居委会(龙潭寺东路),government,政府机构及社会团体;政府机关;乡镇以下级政府及事业单位,成华区,104.17801,30.709188
成都市成华区关心下一代工作委员会阳光营地,government,政府机构及社会团体;政府及社会团体相关;政府及社会团体相关,成华区,104.178223,30.709314
成都市公安局机动车安全检测中心第一检测站,government,政府机构及社会团体;交通车辆管理;验车场,成华区,104.182236,30.709462
中共同仁社区支部委员会(龙潭寺东路),government,政府机构及社会团体;政府机关;乡镇以下级政府及事业单位,成华区,104.17801,30.709188
成华区龙潭乡同仁村老年协会,government,政府机构及社会团体;社会团体;社会团体相关,成华区,104.178134,30.703204
黄田坝派出所,government,政府机构及社会团体;公检法机构;公安警察,青羊区,103.971124,30.699533
青羊区市场和质量监督管理局黄田坝监管所,government,政府机构及社会团体;政府机关;区县级政府及事业单位,青羊区,103.973514,30.694947
联工社区工会联合会,government,政府机构及社会团体;社会团体;社会团体相关,青羊区,103.973734,30.695369
青羊区食品药品监督管理局黄田坝食药监所,government,政府机构及社会团体;公检法机构;公证鉴定机构,青羊区,103.973514,30.694947
成航社区居委会,government,政府机构及社会团体;政府机关;乡镇以下级政府及事业单位,青羊区,103.972263,30.692773
黄田坝街道办事处食品药品安全委员会,government,政府机构及社会团体;政府机关;乡镇级政府及事业单位,青羊区,103.973514,30.694947
黄田坝街道办事处食品药品安全委员会办公室,government,政府机构及社会团体;政府机关;乡镇级政府及事业单位,青羊区,103.973514,30.694947
成都市国家职业技能鉴定所(航仪),government,政府机构及社会团体;公检法机构;公证鉴定机构,青羊区,103.97224,30.689851
中共联工社区委员会,government,政府机构及社会团体;政府机关;乡镇以下级政府及事业单位,青羊区,103.973734,30.695369
联工社区居委会,government,政府机构及社会团体;政府机关;乡镇以下级政府及事业单位,青羊区,103.973734,30.695369
中共联工社区纪律检查委员会,government,政府机构及社会团体;政府机关;乡镇以下级政府及事业单位,青羊区,103.973734,30.695369
航空行业第〇二一职业技能鉴定站,government,政府机构及社会团体;公检法机构;公证鉴定机构,青羊区,103.97224,30.689851
成航社区居民议事会,government,政府机构及社会团体;社会团体;社会团体相关,青羊区,103.972263,30.692772
华兴社区居委会,government,政府机构及社会团体;政府机关;乡镇以下级政府及事业单位,青羊区,103.968692,30.696832
青羊分局办案中心,government,政府机构及社会团体;政府及社会团体相关;政府及社会团体相关,青羊区,103.973077,30.696353
联工村办案中心,government,政府机构及社会团体;政府及社会团体相关;政府及社会团体相关,青羊区,103.972784,30.695874
黄田工商管理所,government,政府机构及社会团体;工商税务机构;工商部门,青羊区,103.973845,30.695634
联工社区居民议事会,government,政府机构及社会团体;社会团体;社会团体相关,青羊区,103.973836,30.695686
成都市青羊区市容环境综合管理所,government,政府机构及社会团体;政府机关;区县级政府及事业单位,青羊区,103.977826,30.692104
成都市青羊区环卫协会,government,政府机构及社会团体;社会团体;行业协会,青羊区,103.977826,30.692104
清波社区老年协会,government,政府机构及社会团体;社会团体;社会团体相关,青羊区,103.981498,30.693093
青羊区苏坡街道残疾人之家,government,政府机构及社会团体;社会团体;残联,青羊区,103.981652,30.692823
龙嘴社区居委会,government,政府机构及社会团体;政府机关;乡镇以下级政府及事业单位,青羊区,104.000049,30.6944
中共龙嘴社区党总支部委员会,government,政府机构及社会团体;政府机关;乡镇以下级政府及事业单位,青羊区,104.000049,30.6944
三环边龙咀村委会,government,政府机构及社会团体;政府机关;乡镇以下级政府及事业单位,青羊区,104.000183,30.696103
黄忠派出所,government,政府机构及社会团体;公检法机构;公安警察,金牛区,104.009493,30.691438
金沙派出所同怡警务室,government,政府机构及社会团体;公检法机构;公安警察,青羊区,104.004019,30.69454
青羊区金沙街道同怡社区居民议事会,government,政府机构及社会团体;政府机关;乡镇以下级政府及事业单位,青羊区,104.003959,30.694664
黄忠派出所成都市五幼金沙国际园警务室,government,政府机构及社会团体;公检法机构;公安警察,金牛区,104.006498,30.691071
中共同怡社区委员会,government,政府机构及社会团体;政府机关;乡镇以下级政府及事业单位,青羊区,104.003918,30.694588
同怡社区居委会,government,政府机构及社会团体;政府机关;乡镇以下级政府及事业单位,青羊区,104.003918,30.694587
四川省艺术品产业协会,government,政府机构及社会团体;社会团体;行业协会,金牛区,104.008804,30.698334
成都宽宇物业警卫室,government,政府机构及社会团体;政府及社会团体相关;政府及社会团体相关,金牛区,104.008593,30.694719
成都市城市照明管理处城西所,government,政府机构及社会团体;政府机关;政府机关相关,金牛区,104.010772,30.690569
黄忠街道金沙公园北社区少先队,government,政府机构及社会团体;社会团体;少先队,金牛区,104.010663,30.691251
成都市青羊区金沙街道同怡社区纪检委,government,政府机构及社会团体;政府机关;乡镇以下级政府及事业单位,青羊区,104.003959,30.694664
黄忠街道金沙公园北社区人民调节委员会,government,政府机构及社会团体;政府及社会团体相关;政府及社会团体相关,金牛区,104.010663,30.691251
共青团黄忠街道金沙公园北社区支部,government,政府机构及社会团体;社会团体;共青团,金牛区,104.010663,30.691251
金沙公园北社区综合服务站,government,政府机构及社会团体;政府机关;乡镇以下级政府及事业单位,金牛区,104.010982,30.691366
青羊区金沙街道同怡社区委员会,government,政府机构及社会团体;政府机关;政府机关相关,青羊区,104.003959,30.69467
黄忠街道金沙公园北社区居民委员会,government,政府机构及社会团体;政府机关;乡镇以下级政府及事业单位,金牛区,104.011362,30.691323
四川省人民政府台湾事务办公室,government,政府机构及社会团体;政府机关;省直辖市级政府及事业单位,金牛区,104.014982,30.692732
黄忠街道办事处,government,政府机构及社会团体;政府机关;乡镇级政府及事业单位,金牛区,104.014829,30.691036
茶店子辖区社会治安综合治理委员会,government,政府机构及社会团体;公检法机构;社会治安机构,金牛区,104.023171,30.698472
成都市质量技术监督局,government,政府机构及社会团体;政府机关;地市级政府及事业单位,金牛区,104.021192,30.693386
茶店子街道办事处,government,政府机构及社会团体;政府机关;乡镇级政府及事业单位,金牛区,104.022919,30.698428
四川省贸促会,government,政府机构及社会团体;政府机关;省直辖市级政府及事业单位,金牛区,104.021177,30.692975
成都市特种设备检验院(中环路一品天下大街段),government,政府机构及社会团体;公检法机构;公证鉴定机构,金牛区,104.021061,30.6934
中共四川省委台湾工作办公室,government,政府机构及社会团体;政府机关;省直辖市级政府及事业单位,金牛区,104.014982,30.692732
四川省台湾同胞联谊会,government,政府机构及社会团体;社会团体;社会团体相关,金牛区,104.014982,30.692732
金牛区国家税务局第一税务分局,government,政府机构及社会团体;工商税务机构;国税机关,金牛区,104.016226,30.695989
四川省海峡两岸交流促进会,government,政府机构及社会团体;社会团体;社会团体相关,金牛区,104.014982,30.692732
成都市标准化协会,government,政府机构及社会团体;社会团体;行业协会,金牛区,104.021061,30.6934
成都市条码质量监督检验站,government,政府机构及社会团体;政府及社会团体相关;政府及社会团体相关,金牛区,104.021157,30.6933
四川省台湾同胎联谊会,government,政府机构及社会团体;政府及社会团体相关;政府及社会团体相关,金牛区,104.015004,30.69267
郫县养蜂管理站,government,政府机构及社会团体;政府及社会团体相关;政府及社会团体相关,金牛区,104.018297,30.697777
成都市质监信息中心,government,政府机构及社会团体;政府及社会团体相关;政府及社会团体相关,金牛区,104.021157,30.6933
中共营门口街道工作委员会,government,政府机构及社会团体;政府机关;乡镇级政府及事业单位,金牛区,104.023181,30.698471
成都市标准化研究院编码管理中心,government,政府机构及社会团体;政府及社会团体相关;政府及社会团体相关,金牛区,104.021157,30.693301
成都市标准化研究院代码管理中心,government,政府机构及社会团体;政府及社会团体相关;政府及社会团体相关,金牛区,104.021157,30.6933
成都市社保局茶店子退管站,government,政府机构及社会团体;政府机关;乡镇级政府及事业单位,金牛区,104.018018,30.697773
成都市金牛区茶店子街道总工会,government,政府机构及社会团体;社会团体;社会团体相关,金牛区,104.022919,30.698428
四川省高级人民法院立案信访诉讼服务中心,government,政府机构及社会团体;公检法机构;法院,金牛区,104.019983,30.689972
四川省国际贸易促进委员会,government,政府机构及社会团体;政府及社会团体相关;政府及社会团体相关,金牛区,104.021147,30.69297
四川省美容整形协会美容中医分会,government,政府机构及社会团体;社会团体;行业协会,金牛区,104.014131,30.693752
金牛区黄忠辖区爱心慈善超市,government,政府机构及社会团体;政府及社会团体相关;政府及社会团体相关,金牛区,104.015812,30.691177
四川省高级人民法院法警2支队,government,政府机构及社会团体;政府及社会团体相关;政府及社会团体相关,金牛区,104.019565,30.690654
四川荣昌商会(中环路一品天下大街段),government,政府机构及社会团体;社会团体;行业协会,金牛区,104.018295,30.69165
四川省针灸学会医学美容专业委员会,government,政府机构及社会团体;社会团体;行业协会,金牛区,104.014132,30.693753
横街居委会就业服务站,government,政府机构及社会团体;政府机关;乡镇以下级政府及事业单位|生活服务;人才市场;人才市场,金牛区,104.021742,30.697773
成都市标准化研究院标准审查中心,government,政府机构及社会团体;政府及社会团体相关;政府及社会团体相关,金牛区,104.021157,30.6933
bsi.英国标准协会成都联络处,government,政府机构及社会团体;社会团体;行业协会,金牛区,104.021158,30.693298
横街居委会管理站,government,政府机构及社会团体;政府机关;乡镇以下级政府及事业单位,金牛区,104.021742,30.697773
横街社区居委会社区服务点,government,政府机构及社会团体;政府机关;乡镇以下级政府及事业单位,金牛区,104.021742,30.697773
四川悦好医学美容医院工会委员会,government,政府机构及社会团体;社会团体;社会团体相关,金牛区,104.014132,30.693753
中共四川悦好医学美容医院支部委员会,government,政府机构及社会团体;社会团体;社会团体相关,金牛区,104.014132,30.693753
中国针灸学会临床分会中医经络美容学术委员会,government,政府机构及社会团体;社会团体;行业协会,金牛区,104.014132,30.693753
中共茶店子街道工作委员会,government,政府机构及社会团体;政府机关;乡镇级政府及事业单位,金牛区,104.022935,30.6984
中共金牛区黄忠街道工作委员会,government,政府机构及社会团体;政府机关;乡镇级政府及事业单位,金牛区,104.014829,30.691036
金牛区人大常委会黄忠街道工作委员会,government,政府机构及社会团体;政府机关;乡镇级政府及事业单位,金牛区,104.014829,30.691036
金牛区人大常委会茶店子街道工作委员会,government,政府机构及社会团体;政府机关;乡镇级政府及事业单位,金牛区,104.022919,30.698428
茶店子《非机动车登记上牌点》,government,政府机构及社会团体;交通车辆管理;车辆管理机构,金牛区,104.021824,30.698228
金港物业一品天下服务中心微型消防站,government,政府机构及社会团体;公检法机构;消防机关,金牛区,104.023203,30.694635
成都市金牛区社会体育指导协会,government,政府机构及社会团体;政府及社会团体相关;政府及社会团体相关,金牛区,104.031691,30.694858
茶店子派出所奥林体育场警务室,government,政府机构及社会团体;公检法机构;公安警察,金牛区,104.031292,30.693015
金牛区国民体质监测中心,government,政府机构及社会团体;政府机关;区县级政府及事业单位,金牛区,104.031315,30.694779
金牛区广播电视新闻出版(版权)局,government,政府机构及社会团体;政府机关;区县级政府及事业单位,金牛区,104.030354,30.694554
成都市金牛区企业联合会,government,政府机构及社会团体;社会团体;社会团体相关,金牛区,104.029555,30.693811
成都市金牛区文化旅游和体育局,government,政府机构及社会团体;政府机关;区县级政府及事业单位,金牛区,104.030354,30.694554
中共金牛区文化广播电视局系统工作委员会,government,政府机构及社会团体;政府机关;区县级政府及事业单位,金牛区,104.030354,30.694554
中共金牛区文化旅游和体育局系统工作委员会,government,政府机构及社会团体;政府机关;区县级政府及事业单位,金牛区,104.030354,30.694554
微型消防站,government,政府机构及社会团体;政府及社会团体相关;政府及社会团体相关,金牛区,104.031292,30.693015
停车管理中心,government,政府机构及社会团体;政府及社会团体相关;政府及社会团体相关,金牛区,104.031292,30.693015
化成社区居委会(蜀兴中街),government,政府机构及社会团体;政府机关;乡镇以下级政府及事业单位,金牛区,104.024336,30.689909
成都市金牛区建筑业协会,government,政府机构及社会团体;社会团体;行业协会,金牛区,104.029555,30.693811
奥林社区综合服务站,government,政府机构及社会团体;政府机关;乡镇以下级政府及事业单位,金牛区,104.029047,30.691056
信息产业部电子第十研究所老年科技工作协会,government,政府机构及社会团体;社会团体;行业协会,金牛区,104.027589,30.695257
五里墩社区公共事务服务站,government,政府机构及社会团体;政府机关;乡镇以下级政府及事业单位,金牛区,104.028962,30.690974
中共化成社区委员会,government,政府机构及社会团体;政府机关;乡镇以下级政府及事业单位,金牛区,104.024336,30.689909
成都市金牛区茶店子街道奥林社区公会联合会,government,政府机构及社会团体;政府及社会团体相关;政府及社会团体相关,金牛区,104.028923,30.691195
中国共产党成都市金牛区文化旅游体育广电新闻出版局系统工作委员会,government,政府机构及社会团体;政府及社会团体相关;政府及社会团体相关,金牛区,104.029993,30.694415
成都市金牛区企业家协会,government,政府机构及社会团体;社会团体;行业协会,金牛区,104.029555,30.693811
成都市金牛区茶店子街道奥林社区居委会,government,政府机构及社会团体;政府机关;乡镇以下级政府及事业单位,金牛区,104.028923,30.691195
成都市金牛区锦西名宅发展促进会,government,政府机构及社会团体;社会团体;社会团体相关,金牛区,104.029555,30.693811
成都市人民政府移民办公室,government,政府机构及社会团体;政府机关;地市级政府及事业单位,金牛区,104.038567,30.692844
成都市社会保险事业管理局,government,政府机构及社会团体;政府机关;地市级政府及事业单位,金牛区,104.038564,30.692841
成都市人民政府第四办公区(二环路西三段),government,政府机构及社会团体;政府机关;地市级政府及事业单位,金牛区,104.038888,30.692607
成都市人民政府政务服务中心劳动保障分中心,government,政府机构及社会团体;政府机关;地市级政府及事业单位,金牛区,104.038562,30.692844
成都市非城镇户籍从业人员综合社会保险管理中心,government,政府机构及社会团体;政府机关;地市级政府及事业单位,金牛区,104.038609,30.693094
营门口路社区就业和社会保障服务站,government,政府机构及社会团体;政府机关;乡镇以下级政府及事业单位,金牛区,104.034978,30.698059
金沙路社区就业和社会保障服务站,government,政府机构及社会团体;政府机关;乡镇以下级政府及事业单位,金牛区,104.041496,30.694226
成都市就业服务管理局,government,政府机构及社会团体;政府机关;地市级政府及事业单位,金牛区,104.038567,30.692844
成都市信息化办公室,government,政府机构及社会团体;政府机关;地市级政府及事业单位,金牛区,104.038567,30.692844
成都市医疗保险管理局,government,政府机构及社会团体;政府机关;地市级政府及事业单位,金牛区,104.038567,30.692844
成都市旅游局,government,政府机构及社会团体;政府机关;地市级政府及事业单位,金牛区,104.038567,30.692844
成都市安全生产监督管理局,government,政府机构及社会团体;政府机关;地市级政府及事业单位,金牛区,104.038567,30.692844
成都市金牛区建设和交通局,government,政府机构及社会团体;政府机关;区县级政府及事业单位,金牛区,104.041316,30.689621
成都市劳动能力鉴定中心,government,政府机构及社会团体;公检法机构;公证鉴定机构,金牛区,104.038606,30.693107
交通运政大楼,government,政府机构及社会团体;政府机关;政府机关相关,金牛区,104.041938,30.690321
特有工种职业技能鉴定站,government,政府机构及社会团体;政府及社会团体相关;政府及社会团体相关,金牛区,104.042454,30.6909
成都市公安局巡警支队,government,政府机构及社会团体;交通车辆管理;交通管理机构,金牛区,104.042977,30.689619
金牛区人民法院营门口人民法院,government,政府机构及社会团体;公检法机构;法院,金牛区,104.037458,30.693075
营门口路社区警务室,government,政府机构及社会团体;公检法机构;公安警察,金牛区,104.035383,30.697148
营门口警务室,government,政府机构及社会团体;公检法机构;公安警察,金牛区,104.035381,30.697415
四川省老龄工作委员会办公室(金沙路),government,政府机构及社会团体;政府机关;省直辖市级政府及事业单位,金牛区,104.042822,30.690409
成都市金牛区交通运输管理所,government,政府机构及社会团体;交通车辆管理;交通管理机构,金牛区,104.041228,30.689694
成都市安全生产监督管理委员会办公室,government,政府机构及社会团体;政府机关;地市级政府及事业单位,金牛区,104.038567,30.692844
营门口派出所营门口路警务室,government,政府机构及社会团体;公检法机构;公安警察,金牛区,104.035465,30.697169
营门口街道银沙路社区,government,政府机构及社会团体;政府机关;乡镇以下级政府及事业单位,金牛区,104.041341,30.698827
四川省心理卫生协会,government,政府机构及社会团体;社会团体;行业协会,金牛区,104.036674,30.69451
成都市旅游产业促进中心,government,政府机构及社会团体;政府及社会团体相关;政府及社会团体相关,金牛区,104.038606,30.693107
成都市金牛区建设交通和水务局,government,政府机构及社会团体;政府机关;区县级政府及事业单位,金牛区,104.041311,30.689542
成都金牛区城市管理局汽车队,government,政府机构及社会团体;政府及社会团体相关;政府及社会团体相关,金牛区,104.039787,30.69701
成都市劳动争议仲裁院,government,政府机构及社会团体;政府机关;地市级政府及事业单位,金牛区,104.038602,30.693104
成都市金牛区旧城改造中心,government,政府机构及社会团体;政府机关;区县级政府及事业单位,金牛区,104.03542,30.699077
成都精卫司法鉴定所,government,政府机构及社会团体;公检法机构;公证鉴定机构,金牛区,104.03648,30.694104
成都市金牛区公路路政管理所,government,政府机构及社会团体;政府机关;区县级政府及事业单位,金牛区,104.041228,30.689694
金牛区民用建筑统一建设办公室,government,政府机构及社会团体;政府机关;区县级政府及事业单位,金牛区,104.040893,30.689604
金牛区城市管理和园林局汽车队工会委员会,government,政府机构及社会团体;社会团体;社会团体相关,金牛区,104.039723,30.697011
成都市金牛区地方海事处,government,政府机构及社会团体;政府机关;区县级政府及事业单位,金牛区,104.041228,30.689694
银沙社区居委会(银沙正街),government,政府机构及社会团体;政府机关;乡镇以下级政府及事业单位,金牛区,104.041341,30.698827
营门口法庭,government,政府机构及社会团体;公检法机构;法院,金牛区,104.037406,30.693124
成都市心理咨询行业协会,government,政府机构及社会团体;社会团体;行业协会,金牛区,104.03646,30.693252
成都视障者互助协会,government,政府机构及社会团体;政府及社会团体相关;政府及社会团体相关,金牛区,104.041333,30.696011
成都市金牛区抚琴街道金沙路社区委员会,government,政府机构及社会团体;政府机关;区县级政府及事业单位,金牛区,104.041435,30.694427
成都市金牛区人民防空办公室,government,政府机构及社会团体;政府机关;区县级政府及事业单位,金牛区,104.041315,30.689625
成都市劳动保障代理服务中心,government,政府机构及社会团体;政府及社会团体相关;政府及社会团体相关,金牛区,104.038606,30.693107
成都还金牛区建筑工程质量监督站,government,政府机构及社会团体;公检法机构;公证鉴定机构,金牛区,104.040893,30.689604
成都市第四人民医院司法鉴定接待室,government,政府机构及社会团体;公检法机构;公证鉴定机构,金牛区,104.036554,30.694077
世界旅游摄影协会驻成都办事处,government,政府机构及社会团体;社会团体;行业协会,金牛区,104.041557,30.690097
银沙横街银顺苑业主委员会,government,政府机构及社会团体;政府及社会团体相关;政府及社会团体相关,金牛区,104.042441,30.697358
金沙路社区居委会,government,政府机构及社会团体;政府机关;乡镇以下级政府及事业单位,金牛区,104.041496,30.694226
成都市病残儿童医学鉴定中心,government,政府机构及社会团体;公检法机构;公证鉴定机构,金牛区,104.03648,30.694104
成都市劳动人事争议仲裁委员会,government,政府机构及社会团体;政府及社会团体相关;政府及社会团体相关,金牛区,104.038607,30.693108
成都市职业技能鉴定指导中心,government,政府机构及社会团体;政府及社会团体相关;政府及社会团体相关,金牛区,104.038606,30.693107
成都市金牛区交通执法大队,government,政府机构及社会团体;交通车辆管理;交通管理机构,金牛区,104.041228,30.689694
成都市厨卫行业协会,government,政府机构及社会团体;社会团体;行业协会,金牛区,104.042959,30.695973
佳馨建设工程质量检测有限公司,government,政府机构及社会团体;公检法机构;公证鉴定机构,金牛区,104.040137,30.693713
成都市交通委员会机动车驾驶培训管理处,government,政府机构及社会团体;交通车辆管理;交通管理机构|政府机构及社会团体;政府机关;地市级政府及事业单位,金牛区,104.041845,30.690365
中共鑫地建设投资有限责任公司支部委员会,government,政府机构及社会团体;社会团体;社会团体相关|金融保险服务;金融保险服务机构;金融保险机构,金牛区,104.035327,30.699139
银沙路社区居委会,government,政府机构及社会团体;政府机关;乡镇以下级政府及事业单位,金牛区,104.041324,30.698737
成都市金牛区道路运输行业协会,government,政府机构及社会团体;社会团体;行业协会,金牛区,104.041228,30.689694
营门口路社区居委会,government,政府机构及社会团体;政府机关;乡镇以下级政府及事业单位,金牛区,104.034866,30.69802
成都市金牛区环交大智慧城建设推进办公室,government,政府机构及社会团体;政府及社会团体相关;政府及社会团体相关,金牛区,104.04105,30.689722
成都市儿童福利院分院(营门口路),government,政府机构及社会团体;社会团体;慈善机构,金牛区,104.03704,30.6904
中共成都市金牛区委老干部局,government,政府机构及社会团体;政府机关;区县级政府及事业单位,金牛区,104.03767,30.690862
成都市金牛区人北中央商务区建设推进办公室,government,政府机构及社会团体;政府及社会团体相关;政府及社会团体相关,金牛区,104.04105,30.689722
营门口派出所银沙路警务室,government,政府机构及社会团体;公检法机构;社会治安机构,金牛区,104.041463,30.698958
成都市城乡就业督察专员办公室,government,政府机构及社会团体;政府机关;地市级政府及事业单位,金牛区,104.038606,30.693107
金沙路警务室,government,政府机构及社会团体;公检法机构;社会治安机构|政府机构及社会团体;公检法机构;公安警察,金牛区,104.041496,30.694226
天津商会对外合作服务中心,government,政府机构及社会团体;政府及社会团体相关;政府及社会团体相关,金牛区,104.034384,30.695344
中共金沙路社区委员会,government,政府机构及社会团体;政府机关;乡镇以下级政府及事业单位,金牛区,104.041496,30.694226
营门口路社区工会联合会,government,政府机构及社会团体;社会团体;社会团体相关,金牛区,104.034978,30.698059
中共银沙路社区总支部委员会,government,政府机构及社会团体;政府机关;乡镇以下级政府及事业单位,金牛区,104.041324,30.698737
中共营门口路社区总支部委员会,government,政府机构及社会团体;政府机关;乡镇以下级政府及事业单位,金牛区,104.034866,30.69802
成都市交通委员会汽车维修行业管理处,government,政府机构及社会团体;政府机关;地市级政府及事业单位,金牛区,104.041845,30.690365
成都市儿童福利指导中心,government,政府机构及社会团体;社会团体;慈善机构,金牛区,104.03704,30.6904
成都市金牛区汽车维修行业协会,government,政府机构及社会团体;社会团体;行业协会,金牛区,104.041228,30.689694
金牛区交通局安全生产监督管理委员会,government,政府机构及社会团体;政府机关;区县级政府及事业单位,金牛区,104.041316,30.689622
中共成都市金牛区建设和交通局系统工作委员会,government,政府机构及社会团体;政府机关;区县级政府及事业单位,金牛区,104.041316,30.689622
成都市社保局基金管理处,government,政府机构及社会团体;政府及社会团体相关;政府及社会团体相关,金牛区,104.038148,30.692449
成都市特警支队,government,政府机构及社会团体;政府及社会团体相关;政府及社会团体相关,金牛区,104.043142,30.689485
CA数字证书认证中心,government,政府机构及社会团体;政府及社会团体相关;政府及社会团体相关,金牛区,104.038567,30.692845
成都市金牛区人民政府,government,政府机构及社会团体;政府机关;区县级政府及事业单位,金牛区,104.049757,30.693789
新疆克拉玛依市人民政府驻成都办事处,government,政府机构及社会团体;政府机关;外地政府办,金牛区,104.049573,30.690421
金牛区人力资源和社会保障局,government,政府机构及社会团体;政府机关;区县级政府及事业单位,金牛区,104.05022,30.693769
金牛政务中心(沙湾路),government,政府机构及社会团体;政府机关;区县级政府及事业单位,金牛区,104.048879,30.693728
抚琴街道办事处社会事务服务中心,government,政府机构及社会团体;政府机关;乡镇级政府及事业单位,金牛区,104.043731,30.690914
金牛区人大常委会,government,政府机构及社会团体;政府机关;区县级政府及事业单位,金牛区,104.049757,30.693789
成都市金牛区统计局,government,政府机构及社会团体;政府机关;区县级政府及事业单位,金牛区,104.049788,30.693571
抚琴街道就业和社会保障服务中心,government,政府机构及社会团体;政府机关;乡镇级政府及事业单位,金牛区,104.043735,30.690933
金牛区政务服务大厅,government,政府机构及社会团体;政府机关;区县级政府及事业单位,金牛区,104.049757,30.693789
成都市金牛区档案局,government,政府机构及社会团体;政府机关;区县级政府及事业单位,金牛区,104.04982,30.693749
金牛区发改局,government,政府机构及社会团体;政府机关;政府机关相关,金牛区,104.04982,30.693749
成都市金牛区地方税务局,government,政府机构及社会团体;工商税务机构;地税机关,金牛区,104.048819,30.694576
成都市金牛区机关事务管理局,government,政府机构及社会团体;政府机关;区县级政府及事业单位,金牛区,104.04982,30.693748
成都市金牛区国家税务局,government,政府机构及社会团体;工商税务机构;国税机关,金牛区,104.048833,30.694458
营门口派出所,government,政府机构及社会团体;公检法机构;公安警察,金牛区,104.045905,30.698363
成都市金牛工商行政管理局,government,政府机构及社会团体;工商税务机构;工商部门,金牛区,104.049228,30.689741
沙湾工商所(沙湾路),government,政府机构及社会团体;工商税务机构;工商部门,金牛区,104.049228,30.689741
金北工商所,government,政府机构及社会团体;工商税务机构;工商部门,金牛区,104.045272,30.697968
成都市金牛工商行政管理局,government,政府机构及社会团体;工商税务机构;工商部门,金牛区,104.049393,30.691973
成都市金牛区商务局,government,政府机构及社会团体;政府机关;区县级政府及事业单位,金牛区,104.04982,30.693748
成都市天然林保护工程管理中心,government,政府机构及社会团体;政府机关;地市级政府及事业单位,金牛区,104.04941,30.690855
成都海关驻邮局办事处,government,政府机构及社会团体;政府机关;地市级政府及事业单位,金牛区,104.048673,30.695283
成都市退耕还林工程管理中心,government,政府机构及社会团体;政府机关;地市级政府及事业单位,金牛区,104.04941,30.690855
四川应急工程机械联合普查登记管理委员会,government,政府机构及社会团体;政府机关;省直辖市级政府及事业单位,金牛区,104.049863,30.696717
金牛区投资促进局,government,政府机构及社会团体;政府机关;区县级政府及事业单位,金牛区,104.048539,30.694357
成都市金牛区建设局,government,政府机构及社会团体;政府机关;区县级政府及事业单位,金牛区,104.04982,30.693749
金牛区烟草专卖局,government,政府机构及社会团体;政府机关;区县级政府及事业单位,金牛区,104.04982,30.693749
成都沙湾快件监管中心,government,政府机构及社会团体;政府机关;政府机关相关,金牛区,104.048673,30.695283
金牛区老年协会,government,政府机构及社会团体;社会团体;社会团体相关,金牛区,104.045111,30.697087
成都市金牛区物价局,government,政府机构及社会团体;政府机关;政府机关相关,金牛区,104.04982,30.693749
金牛区食品药品监督管理局,government,政府机构及社会团体;政府机关;区县级政府及事业单位,金牛区,104.04982,30.693749
成都市金牛区民政局,government,政府机构及社会团体;政府机关;区县级政府及事业单位,金牛区,104.04982,30.693749
成都市金牛区安监局,government,政府机构及社会团体;政府机关;政府机关相关,金牛区,104.04982,30.693745
金牛区审计局,government,政府机构及社会团体;政府机关;区县级政府及事业单位,金牛区,104.04982,30.693749
金牛区园林局,government,政府机构及社会团体;政府机关;政府机关相关,金牛区,104.04982,30.693749
成都市工商联南安商会,government,政府机构及社会团体;社会团体;行业协会,金牛区,104.047127,30.696152
金牛区城市管理局,government,政府机构及社会团体;政府机关;政府机关相关,金牛区,104.04982,30.693749
成都市金牛区人口和计划生育局,government,政府机构及社会团体;政府机关;区县级政府及事业单位,金牛区,104.050218,30.693763
金牛区纪委监察局,government,政府机构及社会团体;政府机关;政府机关相关,金牛区,104.04982,30.693748
金牛区规划分局,government,政府机构及社会团体;政府及社会团体相关;政府及社会团体相关,金牛区,104.04982,30.693748
工商代办,government,政府机构及社会团体;工商税务机构;工商部门,金牛区,104.047696,30.697252
银桂桥社区居委会,government,政府机构及社会团体;政府机关;乡镇以下级政府及事业单位,金牛区,104.044256,30.698137
12315消费者申诉举报中心,government,政府机构及社会团体;公检法机构;检察院,金牛区,104.04935,30.691861
金牛区网络发票办事处,government,政府机构及社会团体;政府机关;政府机关相关,金牛区,104.049092,30.69291
四川交达融信司法鉴定所,government,政府机构及社会团体;公检法机构;公证鉴定机构,金牛区,104.049092,30.69291
四川省产品质量检验检测网,government,政府机构及社会团体;公检法机构;公证鉴定机构,金牛区,104.045171,30.697183
金牛区工商行政管理,government,政府机构及社会团体;政府机关;政府机关相关,金牛区,104.045311,30.697952
沙湾路房管所,government,政府机构及社会团体;政府机关;政府机关相关,金牛区,104.045377,30.689652
四川省建材家具装饰商会,government,政府机构及社会团体;社会团体;行业协会,金牛区,104.049621,30.692248
金牛区文明办,government,政府机构及社会团体;政府及社会团体相关;政府及社会团体相关,金牛区,104.04982,30.693749
四川省产品质量检验检测网,government,政府机构及社会团体;公检法机构;公证鉴定机构,金牛区,104.045171,30.697183
商函局,government,政府机构及社会团体;政府及社会团体相关;政府及社会团体相关,金牛区,104.04867,30.695283
金牛地税第一税务所,government,政府机构及社会团体;政府及社会团体相关;政府及社会团体相关,金牛区,104.048815,30.694615
金牛区工商行政管理,government,政府机构及社会团体;政府机关;政府机关相关,金牛区,104.045311,30.697952
沙湾路房管所,government,政府机构及社会团体;政府机关;政府机关相关,金牛区,104.045377,30.689652
四川省建材家具装饰商会,government,政府机构及社会团体;社会团体;行业协会,金牛区,104.049621,30.692248
光秦派出所治安报警点,government,政府机构及社会团体;政府及社会团体相关;政府及社会团体相关,金牛区,104.051955,30.68942
金牛区文明办,government,政府机构及社会团体;政府及社会团体相关;政府及社会团体相关,金牛区,104.04982,30.693749
金牛区国资办,government,政府机构及社会团体;政府及社会团体相关;政府及社会团体相关,金牛区,104.04982,30.693749
四川省电力电子学会,government,政府机构及社会团体;社会团体;行业协会,金牛区,104.051015,30.698789
四川省现场统计学会,government,政府机构及社会团体;社会团体;行业协会,金牛区,104.051015,30.698789
金牛区老年科学技术工作者协会,government,政府机构及社会团体;社会团体;行业协会,金牛区,104.045316,30.697244
成都市金牛区建设和交通局,government,政府机构及社会团体;政府机关;区县级政府及事业单位,金牛区,104.049657,30.693673
中国职业经理人四川认证中心,government,政府机构及社会团体;政府及社会团体相关;政府及社会团体相关,金牛区,104.047147,30.696007
成都市金牛工商行政管理局,government,政府机构及社会团体;政府及社会团体相关;政府及社会团体相关,金牛区,104.045316,30.6979
成都市金牛市场监督管理局,government,政府机构及社会团体;政府机关;政府机关相关,金牛区,104.049599,30.691787
成都市金牛区发明创新协会,government,政府机构及社会团体;社会团体;行业协会,金牛区,104.045316,30.697244
金牛区工商联,government,政府机构及社会团体;政府及社会团体相关;政府及社会团体相关,金牛区,104.04982,30.693748
中共金牛区委员会,government,政府机构及社会团体;政府机关;区县级政府及事业单位,金牛区,104.049814,30.693798
金牛区抚琴街道便民服务中心(为民路),government,政府机构及社会团体;政府机关;乡镇级政府及事业单位|生活服务;生活服务场所;生活服务场所,金牛区,104.043752,30.690926
成都市金牛区电子商务协会,government,政府机构及社会团体;政府及社会团体相关;政府及社会团体相关,金牛区,104.049408,30.691831
成都市公安局光荣派出所治安报警点,government,政府机构及社会团体;政府及社会团体相关;政府及社会团体相关,金牛区,104.052593,30.694414
成都市交通运输行政执法总队四大队,government,政府机构及社会团体;政府及社会团体相关;政府及社会团体相关,金牛区,104.045971,30.697735
金牛区财政集中收付中心教育分中心,government,政府机构及社会团体;政府及社会团体相关;政府及社会团体相关,金牛区,104.047715,30.695138
成都市金牛区个体劳动者私营企业协会,government,政府机构及社会团体;社会团体;行业协会,金牛区,104.049332,30.689752
圃园路社区居委会,government,政府机构及社会团体;政府机关;乡镇以下级政府及事业单位,金牛区,104.048502,30.696529
金牛区城市公共自行车站点政务中心站,government,政府机构及社会团体;政府及社会团体相关;政府及社会团体相关,金牛区,104.048244,30.693451
银桂桥社区工会联合会,government,政府机构及社会团体;社会团体;社会团体相关,金牛区,104.044256,30.698137
成都市金牛区纪检委,government,政府机构及社会团体;政府机关;政府机关相关,金牛区,104.04982,30.693748
中铁二局残联残疾人就业服务中心,government,政府机构及社会团体;社会团体;残联,金牛区,104.051227,30.6939
成都市金牛区地税局办税服务厅,government,政府机构及社会团体;工商税务机构;地税机关,金牛区,104.048664,30.69465
金牛社区科普分会(银桂桥西街),government,政府机构及社会团体;社会团体;行业协会,金牛区,104.044256,30.698137
中国国际西部博览会应急产业组委会,government,政府机构及社会团体;社会团体;社会团体相关,金牛区,104.049881,30.696643
金牛区文化旅游局,government,政府机构及社会团体;政府机关;政府机关相关,金牛区,104.04982,30.693749
金牛社区老年人协会(银桂桥西街),government,政府机构及社会团体;社会团体;社会团体相关,金牛区,104.044256,30.698137
金牛社区残疾人协会(银桂桥西街),government,政府机构及社会团体;社会团体;残联,金牛区,104.044256,30.698137
中国民主建国会成都市委金牛总支委员会,government,政府机构及社会团体;民主党派;民主党派,金牛区,104.048428,30.691852
金牛社区计划生育协会(银桂桥西街),government,政府机构及社会团体;社会团体;社会团体相关,金牛区,104.044256,30.698137
为民路社区警务室,government,政府机构及社会团体;公检法机构;社会治安机构,金牛区,104.045643,30.690185
金牛社区妇女联合会(银桂桥西街),government,政府机构及社会团体;社会团体;妇联,金牛区,104.044256,30.698137
成都市金牛区国税局办税服务厅,government,政府机构及社会团体;工商税务机构;国税机关,金牛区,104.048693,30.694549
成都市林业和园林管理局,government,政府机构及社会团体;政府机关;地市级政府及事业单位,金牛区,104.054282,30.693874
成都市绿化委员会,government,政府机构及社会团体;政府机关;地市级政府及事业单位,金牛区,104.054282,30.693874
成都市绿化管理处,government,政府机构及社会团体;政府机关;地市级政府及事业单位,金牛区,104.054282,30.693874
成都市公安局森林分局,government,政府机构及社会团体;公检法机构;公安警察,金牛区,104.054282,30.693874
府河桥市场管理处,government,政府机构及社会团体;政府机关;政府机关相关,金牛区,104.060856,30.695421
府河桥市场建材第五交易区管理办公室,government,政府机构及社会团体;政府机关;政府机关相关,金牛区,104.060218,30.691866
成都森派食品技术推广中心,government,政府机构及社会团体;政府及社会团体相关;政府及社会团体相关,金牛区,104.060486,30.697805
成都木材综合厂退休内退办公室,government,政府机构及社会团体;社会团体;社会团体相关,金牛区,104.060978,30.69053
成都市风景园林学会规划设计专业委员会,government,政府机构及社会团体;社会团体;行业协会,金牛区,104.054731,30.691001
成都市林学会,government,政府机构及社会团体;政府及社会团体相关;政府及社会团体相关,金牛区,104.054769,30.69101
成都木综厂微型消防站,government,政府机构及社会团体;公检法机构;消防机关,金牛区,104.060732,30.690411
四川省成都木材综合工厂专职消防队,government,政府机构及社会团体;公检法机构;消防机关,金牛区,104.060767,30.690444
成都市人民政府火车北站地区管理委员会办公室,government,政府机构及社会团体;政府机关;政府机关相关,金牛区,104.066727,30.698152
成都市人民政府火车站地区管理委员会办公室,government,政府机构及社会团体;政府机关;政府机关相关,金牛区,104.066247,30.69842
成都铁路局,government,政府机构及社会团体;政府机关;地市级政府及事业单位,金牛区,104.068769,30.689583
成都铁路运输中级法院,government,政府机构及社会团体;公检法机构;法院,金牛区,104.066848,30.693079
成都市公安局站前分局城北派出所,government,政府机构及社会团体;公检法机构;公安警察,金牛区,104.064364,30.698596
四川省基础地理信息中心,government,政府机构及社会团体;政府机关;省直辖市级政府及事业单位,金牛区,104.071993,30.692781
民警服务岗(成都站),government,政府机构及社会团体;公检法机构;公安警察,金牛区,104.070779,30.69911
成都市公安局站前分局,government,政府机构及社会团体;公检法机构;公安警察,金牛区,104.065951,30.69817
工商行政管理(站西巷),government,政府机构及社会团体;工商税务机构;工商部门,金牛区,104.065711,30.698392
成都市公安局站前分局刑警大队,government,政府机构及社会团体;公检法机构;公安警察,金牛区,104.066433,30.698422
站前工商所(站西巷),government,政府机构及社会团体;工商税务机构;工商部门,金牛区,104.065711,30.698392
火车北站地区社区工作委员会,government,政府机构及社会团体;政府机关;乡镇以下级政府及事业单位,金牛区,104.066727,30.698152
四川省测绘地理信息局测绘应急保障中心,government,政府机构及社会团体;政府机关;省直辖市级政府及事业单位,金牛区,104.071995,30.69278
成都市城市管理行政执法总队火车站支队,government,政府机构及社会团体;政府机关;地市级政府及事业单位,金牛区,104.066928,30.698158
成都铁路卫生监督所,government,政府机构及社会团体;政府机关;地市级政府及事业单位,金牛区,104.069038,30.694282
成都市公安局站前分局治安大队(站西巷),government,政府机构及社会团体;公检法机构;公安警察,金牛区,104.066433,30.698422
国家测绘产品质量监督检验测试中心,government,政府机构及社会团体;公检法机构;公证鉴定机构,金牛区,104.071993,30.692781
成都铁路公安处,government,政府机构及社会团体;公检法机构;公安警察,金牛区,104.066421,30.699283
成都市公安局杨柳派出所西三巷社区警务室,government,政府机构及社会团体;公检法机构;公安警察,金牛区,104.069835,30.691608
成都铁路局环境监测站,government,政府机构及社会团体;政府机关;地市级政府及事业单位,金牛区,104.069038,30.694282
杨柳派出所(北站西一巷),government,政府机构及社会团体;公检法机构;公安警察,金牛区,104.069053,30.694566
成都铁路公安处交通警察支队成都车站大队,government,政府机构及社会团体;交通车辆管理;交通管理机构,金牛区,104.067766,30.698983
成都铁路公安处交通警察支队交通违法处理室,government,政府机构及社会团体;交通车辆管理;交通管理机构,金牛区,104.067766,30.698983
站前公安分局失物招领处,government,政府机构及社会团体;公检法机构;公安警察,金牛区,104.069529,30.698046
四川省测绘计量检定站,government,政府机构及社会团体;公检法机构;公证鉴定机构,金牛区,104.071995,30.69278
四川省测绘局量检定站,government,政府机构及社会团体;公检法机构;公证鉴定机构,金牛区,104.071595,30.692804
嘉兴商会,government,政府机构及社会团体;社会团体;行业协会,金牛区,104.072116,30.690809
公安办证室,government,政府机构及社会团体;政府及社会团体相关;政府及社会团体相关,金牛区,104.066639,30.698444
荷花池市场和质量监督管理所,government,政府机构及社会团体;政府机关;政府机关相关,金牛区,104.064849,30.694643
成都车站巡警大队,government,政府机构及社会团体;政府及社会团体相关;政府及社会团体相关,金牛区,104.067848,30.699289
杨柳巷社区居委会,government,政府机构及社会团体;政府机关;乡镇以下级政府及事业单位,金牛区,104.067789,30.695849
中共西三巷社区委员会,government,政府机构及社会团体;政府机关;乡镇以下级政府及事业单位,金牛区,104.069148,30.691721
西北桥社区居委会,government,政府机构及社会团体;政府机关;乡镇以下级政府及事业单位,金牛区,104.063545,30.694543
四川测绘地理信息局测绘技术服务中心,government,政府机构及社会团体;政府机关;省直辖市级政府及事业单位,金牛区,104.071995,30.69278
中共杨柳巷社区委员会,government,政府机构及社会团体;政府机关;乡镇以下级政府及事业单位,金牛区,104.067789,30.695849
西三巷社区居委会,government,政府机构及社会团体;政府机关;乡镇以下级政府及事业单位,金牛区,104.069148,30.691721
荷花池非机动车登记上牌点,government,政府机构及社会团体;政府机关;乡镇以下级政府及事业单位,金牛区,104.067816,30.695925
四川测绘地理信息局人北基地后勤服务中心,government,政府机构及社会团体;政府机关;省直辖市级政府及事业单位,金牛区,104.071995,30.69278
杨柳派出所杨柳巷警务室,government,政府机构及社会团体;公检法机构;公安警察,金牛区,104.067796,30.695818
成都市交通委员会行政执法总队站前运政稽查大队,government,政府机构及社会团体;交通车辆管理;交通管理机构,金牛区,104.066723,30.698161
火车北站站前分局,government,政府机构及社会团体;政府及社会团体相关;政府及社会团体相关,金牛区,104.065914,30.698278
成都土地房产管理所,government,政府机构及社会团体;政府及社会团体相关;政府及社会团体相关,金牛区,104.072894,30.696789
荷花池办事处,government,政府机构及社会团体;政府及社会团体相关;政府及社会团体相关,金牛区,104.073428,30.69081
桃蹊路派出所,government,政府机构及社会团体;公检法机构;公安警察,金牛区,104.06815,30.694718
自贡市人民政府驻成都办事处,government,政府机构及社会团体;政府机关;外地政府办,金牛区,104.078448,30.69037
荷花池派出所(肖家村二巷),government,政府机构及社会团体;公检法机构;公安警察,金牛区,104.076204,30.69066
成都铁路公安局,government,政府机构及社会团体;公检法机构;公安警察,金牛区,104.074414,30.68968
高笋塘工商所,government,政府机构及社会团体;工商税务机构;工商部门,金牛区,104.082293,30.695943
荷花池派出所荷花池警务室,government,政府机构及社会团体;公检法机构;公安警察,金牛区,104.075691,30.697263
国家林业局南方航空护林总站成都站,government,政府机构及社会团体;政府机关;地市级政府及事业单位,金牛区,104.081393,30.691326
荷花池社区居委会(二环路北三段),government,政府机构及社会团体;政府机关;乡镇以下级政府及事业单位,金牛区,104.075334,30.697246
成都市城北地区交管所,government,政府机构及社会团体;政府机关;政府机关相关,金牛区,104.080726,30.697306
成华经济部交易厅,government,政府机构及社会团体;政府机关;政府机关相关,金牛区,104.074408,30.690173
荷花池街道东一路社区,government,政府机构及社会团体;政府机关;乡镇以下级政府及事业单位,金牛区,104.075548,30.689744
荷花池地税八所,government,政府机构及社会团体;工商税务机构;地税机关,金牛区,104.074385,30.691492
大成治安亭,government,政府机构及社会团体;政府机关;政府机关相关,金牛区,104.076691,30.690155
荷花池商会,government,政府机构及社会团体;社会团体;行业协会,金牛区,104.078888,30.693756
成都荷花池商业联合会,government,政府机构及社会团体;社会团体;行业协会,金牛区,104.074346,30.689466
金牛区市场和质量监督管理局驷马桥市场监督管理所,government,政府机构及社会团体;公检法机构;公证鉴定机构|政府机构及社会团体;政府机关;乡镇级政府及事业单位,金牛区,104.082293,30.695945
法纳克防潮箱西南办,government,政府机构及社会团体;政府及社会团体相关;政府及社会团体相关,金牛区,104.082434,30.697457
小金刚成都办事处,government,政府机构及社会团体;政府及社会团体相关;政府及社会团体相关,金牛区,104.07411,30.693955
金牛区饮食用药科普宣传站,government,政府机构及社会团体;政府机关;区县级政府及事业单位,金牛区,104.082296,30.695945
荷花池街道东一路社区居委会,government,政府机构及社会团体;政府机关;乡镇以下级政府及事业单位,金牛区,104.075312,30.689813
成都市工商联(总商会)荷花池商会,government,政府机构及社会团体;社会团体;行业协会,金牛区,104.074427,30.689406
荷花池街道办事处(北站东一路),government,政府机构及社会团体;政府机关;乡镇级政府及事业单位,金牛区,104.07403,30.691291
荷花池社区工会联合会,government,政府机构及社会团体;社会团体;社会团体相关,金牛区,104.075334,30.697246
四川省工商联物流商会装卸专委会,government,政府机构及社会团体;社会团体;行业协会,金牛区,104.077142,30.691203
中共成都荷花池商业联合会支部委员会,government,政府机构及社会团体;社会团体;行业协会,金牛区,104.074426,30.689407
中共荷花池街道工作委员会(北站东一路),government,政府机构及社会团体;政府机关;乡镇级政府及事业单位,金牛区,104.07403,30.691291
东一路社区工会联合会,government,政府机构及社会团体;政府机关;乡镇以下级政府及事业单位,金牛区,104.075548,30.689744
中共红花社区委员会,government,政府机构及社会团体;政府机关;乡镇以下级政府及事业单位,金牛区,104.082605,30.693971
荷花池社区党支部,government,政府机构及社会团体;政府机关;乡镇以下级政府及事业单位,金牛区,104.075334,30.697246
荷花池治安亭,government,政府机构及社会团体;公检法机构;社会治安机构,金牛区,104.077749,30.696534
金牛社区党支部(北站东一路),government,政府机构及社会团体;政府机关;乡镇以下级政府及事业单位,金牛区,104.075548,30.689744
荷花池街道东二路社区居委会,government,政府机构及社会团体;政府机关;乡镇以下级政府及事业单位,金牛区,104.075312,30.689814
荷花池社区少先队,government,政府机构及社会团体;社会团体;少先队,金牛区,104.075334,30.697246
东一路社区关系下一代工作委员会,government,政府机构及社会团体;政府机关;乡镇以下级政府及事业单位,金牛区,104.075548,30.689744
荷花池社区支部共青团,government,政府机构及社会团体;社会团体;共青团,金牛区,104.075334,30.697246
荷花池社区慈善工作点,government,政府机构及社会团体;社会团体;慈善机构,金牛区,104.075334,30.697246
四川粮油交易所成华经纪部交易厅,government,政府机构及社会团体;政府及社会团体相关;政府及社会团体相关,金牛区,104.074363,30.690205
治安岗亭,government,政府机构及社会团体;公检法机构;社会治安机构,金牛区,104.076356,30.694543
成都航空护林站,government,政府机构及社会团体;政府及社会团体相关;政府及社会团体相关,金牛区,104.081342,30.691149
百通办事处,government,政府机构及社会团体;政府及社会团体相关;政府及社会团体相关,金牛区,104.076459,30.696431
工商局直属二分局,government,政府机构及社会团体;政府及社会团体相关;政府及社会团体相关,金牛区,104.078369,30.691024
驷马桥派出所成都八中北区警务室,government,政府机构及社会团体;公检法机构;公安警察,金牛区,104.085615,30.697183
国家电网(金牛供电公司自助缴费区),government,政府机构及社会团体;政府机关;区县级政府及事业单位|生活服务;电力营业厅;电力营业厅,金牛区,104.08415,30.696112
成都市金牛区供电局,government,政府机构及社会团体;政府及社会团体相关;政府及社会团体相关,金牛区,104.084382,30.696025
金牛社区党支部(红旗巷),government,政府机构及社会团体;政府机关;乡镇以下级政府及事业单位,金牛区,104.086413,30.696732
四川省广东商会城北分会,government,政府机构及社会团体;社会团体;行业协会,金牛区,104.085362,30.695684
金牛社区居委会(红旗巷),government,政府机构及社会团体;政府机关;乡镇以下级政府及事业单位,金牛区,104.086413,30.696732
中共高笋塘社区委员会,government,政府机构及社会团体;政府机关;乡镇以下级政府及事业单位,金牛区,104.086383,30.696723
金牛区摄影协会驷马桥分会,government,政府机构及社会团体;社会团体;行业协会,金牛区,104.084406,30.691044
金牛区太极拳协会驷马桥街道分会,government,政府机构及社会团体;社会团体;行业协会,金牛区,104.084406,30.691044
四川省工商联牛仔服装行业商会,government,政府机构及社会团体;政府及社会团体相关;政府及社会团体相关,金牛区,104.084952,30.695944
高笋塘社区居委会,government,政府机构及社会团体;政府机关;乡镇以下级政府及事业单位,金牛区,104.086383,30.696723
八里庄社区居委会,government,政府机构及社会团体;政府机关;乡镇以下级政府及事业单位,成华区,104.090193,30.698329
府青路街道八里庄社区居民议事会,government,政府机构及社会团体;社会团体;社会团体相关,成华区,104.090188,30.698329
中共八里庄社区总支部委员会(昭觉寺南路),government,政府机构及社会团体;政府机关;乡镇以下级政府及事业单位,成华区,104.090193,30.698329
成都西南建材(集团)有限公司联合工会委员会,government,政府机构及社会团体;社会团体;社会团体相关,金牛区,104.083963,30.695048
中共成都西南建材(集团)有限公司党总支委员会,government,政府机构及社会团体;社会团体;社会团体相关,金牛区,104.083963,30.695048
四川省关心下一代工作委员会脑瘫儿童医疗救助中心,government,政府机构及社会团体;社会团体;慈善机构,成华区,104.091865,30.690676
府青路街道办事处,government,政府机构及社会团体;政府机关;乡镇级政府及事业单位,成华区,104.094867,30.689856
府青路派出所,government,政府机构及社会团体;公检法机构;公安警察,成华区,104.101991,30.695184
成都铁路监督管理局,government,政府机构及社会团体;政府机关;地市级政府及事业单位,成华区,104.1031,30.698033
成都市排水设施管理处城北管理所,government,政府机构及社会团体;政府机关;地市级政府及事业单位,成华区,104.094149,30.698316
中共府青路街道工作委员会,government,政府机构及社会团体;政府机关;乡镇级政府及事业单位,成华区,104.094867,30.689856
黑龙江省北方狼牌,government,政府机构及社会团体;政府及社会团体相关;政府及社会团体相关,成华区,104.103081,30.695146
府青路街道便民服务中心,government,政府机构及社会团体;政府机关;乡镇级政府及事业单位,成华区,104.094481,30.689963
府青路辖区社会治安综合治理委员会,government,政府机构及社会团体;公检法机构;社会治安机构,成华区,104.103878,30.690923
八里铁路派出所,government,政府机构及社会团体;公检法机构;公安警察,成华区,104.108706,30.695215
成华区房产管理局青龙房管所,government,政府机构及社会团体;政府机关;乡镇级政府及事业单位,成华区,104.108756,30.691019
成都市盐政市场稽查处第一盐政管理所,government,政府机构及社会团体;政府机关;地市级政府及事业单位,成华区,104.106557,30.69566
成华区交通秩序综合管理大队府青路管理队,government,政府机构及社会团体;交通车辆管理;交通管理机构,成华区,104.103945,30.69087
成都市轻微道路交通事故快速处理八里庄服务中心,government,政府机构及社会团体;交通车辆管理;交通管理机构,成华区,104.107879,30.695522
成都铁路局,government,政府机构及社会团体;政府及社会团体相关;政府及社会团体相关,成华区,104.111679,30.692619
文德社区居委会,government,政府机构及社会团体;政府机关;乡镇以下级政府及事业单位,成华区,104.104214,30.692451
成都市成华区第四人民医院工会,government,政府机构及社会团体;社会团体;社会团体相关,成华区,104.107138,30.696105
成都铁路公安处成都东站派出所营销大厅报警点,government,政府机构及社会团体;政府及社会团体相关;政府及社会团体相关,成华区,104.111815,30.692554
中国盐政,government,政府机构及社会团体;政府机关;国家级机关及事业单位,成华区,104.106515,30.69566
成华区城乡环境综合治理工作领导小组办公室,government,政府机构及社会团体;政府机关;区县级政府及事业单位,成华区,104.108208,30.691423
成都市城市道路桥梁管理处第一维护所青龙场立交桥维护点,government,政府机构及社会团体;政府及社会团体相关;政府及社会团体相关,成华区,104.104519,30.698667
成都市公安消防支队八里庄中队,government,政府机构及社会团体;公检法机构;消防机关,成华区,104.112663,30.692026
城管执法,government,政府机构及社会团体;政府及社会团体相关;政府及社会团体相关,成华区,104.108008,30.691277
成华房管局,government,政府机构及社会团体;政府及社会团体相关;政府及社会团体相关,成华区,104.108761,30.691018
四川省建设厅建设工程施工质量验收规范实施指南(第二版)电子版,government,政府机构及社会团体;政府及社会团体相关;政府及社会团体相关,成华区,104.114951,30.689553
成都铁路枢纽动车办管护,government,政府机构及社会团体;政府机关;地市级政府及事业单位,成华区,104.126244,30.694212
人民塘社区就业和社会保障服务站,government,政府机构及社会团体;政府机关;乡镇以下级政府及事业单位,成华区,104.14212,30.697225
成华区公安分局圣灯寺派出所人民塘社区警务室,government,政府机构及社会团体;公检法机构;公安警察,成华区,104.142008,30.697256
成华区圣灯街道人大代表服务站,government,政府机构及社会团体;政府机关;乡镇级政府及事业单位,成华区,104.14212,30.697225
人民塘社区居委会,government,政府机构及社会团体;政府机关;乡镇以下级政府及事业单位,成华区,104.14212,30.697225
中共人民塘社区支部委员会,government,政府机构及社会团体;政府机关;乡镇以下级政府及事业单位,成华区,104.14212,30.697225
人民塘社区居民议事会,government,政府机构及社会团体;社会团体;社会团体相关,成华区,104.14212,30.697225
圣灯街道人民塘社区慈善捐赠站,government,政府机构及社会团体;社会团体;慈善机构,成华区,104.14212,30.697225
都江堰东风渠管理处成华站雷打店管理段,government,政府机构及社会团体;政府机关;政府机关相关,成华区,104.150628,30.689998
龙潭工商所(宝耳路),government,政府机构及社会团体;工商税务机构;工商部门,成华区,104.16047,30.694296
龙潭都市工业集中发展区管理委会,government,政府机构及社会团体;政府机关;乡镇以下级政府及事业单位,成华区,104.161432,30.690535
成都市龙潭总部经济城管理委员会,government,政府机构及社会团体;政府机关;乡镇以下级政府及事业单位,成华区,104.161385,30.690523
龙潭总部经济城政务服务中心,government,政府机构及社会团体;政府机关;乡镇以下级政府及事业单位,成华区,104.161427,30.690536
中共龙潭都市工业集中发展区管理委员会工作委员会,government,政府机构及社会团体;政府机关;乡镇以下级政府及事业单位,成华区,104.16143,30.690535
中共龙潭总部经济城管理委员会工作委员会,government,政府机构及社会团体;政府机关;乡镇以下级政府及事业单位,成华区,104.161427,30.690534
会政务中心,government,政府机构及社会团体;政府及社会团体相关;政府及社会团体相关,成华区,104.161254,30.690512
中国电器工业协会电焊机分会,government,政府机构及社会团体;社会团体;行业协会,成华区,104.167581,30.690921
国家城市能源计量中心(成都),government,政府机构及社会团体;公检法机构;公证鉴定机构,成华区,104.165668,30.695631
成都市质量检测局,government,政府机构及社会团体;政府及社会团体相关;政府及社会团体相关,成华区,104.165697,30.695523
秀林社区筹备委员会,government,政府机构及社会团体;政府及社会团体相关;政府及社会团体相关,成华区,104.167437,30.698651
四川机电产品司法鉴定中心,government,政府机构及社会团体;公检法机构;公证鉴定机构,成华区,104.167093,30.690842
国家电焊机质量监督检验中心,government,政府机构及社会团体;公检法机构;公证鉴定机构,成华区,104.167086,30.690842
秀水社区居委会(成康路),government,政府机构及社会团体;政府机关;乡镇以下级政府及事业单位,成华区,104.168923,30.698845
总部经济城安置房产权办证资料受理点,government,政府机构及社会团体;政府机关;政府机关相关,成华区,104.16483,30.694376
成都计量检测校准中心(成宏路),government,政府机构及社会团体;公检法机构;公证鉴定机构,成华区,104.165668,30.695631
中共龙潭新城秀林片区委员会,government,政府机构及社会团体;政府机关;乡镇以下级政府及事业单位,成华区,104.168922,30.69885
国家电焊机质量监督检验中心成都电气检验所,government,政府机构及社会团体;政府及社会团体相关;政府及社会团体相关,成华区,104.167544,30.691092
中共秀林集中居住区联合总支部委员会,government,政府机构及社会团体;政府机关;乡镇以下级政府及事业单位,成华区,104.169144,30.698796
秀林集中居住区管委会,government,政府机构及社会团体;政府机关;乡镇以下级政府及事业单位,成华区,104.169144,30.698796
成都市计量检定测试院(成宏路),government,政府机构及社会团体;公检法机构;公证鉴定机构,成华区,104.165668,30.695631
秀水社区慈善捐赠站(成康路),government,政府机构及社会团体;社会团体;慈善机构,成华区,104.169143,30.698796
秀水社区居民议事会(成康路),government,政府机构及社会团体;社会团体;社会团体相关,成华区,104.169144,30.698796
中共秀水社区支部委员会(成康路),government,政府机构及社会团体;政府机关;乡镇以下级政府及事业单位,成华区,104.168923,30.698845
质量监督检验,government,政府机构及社会团体;政府及社会团体相关;政府及社会团体相关,成华区,104.165672,30.695399
上海市人民政府驻成都办事处,government,政府机构及社会团体;政府机关;外地政府办,成华区,104.182057,30.690346
坤泰鉴定,government,政府机构及社会团体;公检法机构;公证鉴定机构,成华区,104.182372,30.689666
四川省上海商会(华实路),government,政府机构及社会团体;社会团体;行业协会,成华区,104.182001,30.690418
龙潭裕都实业有限公司工会委员会,government,政府机构及社会团体;社会团体;社会团体相关,成华区,104.181254,30.690226
四川省上海商会慈善基金会,government,政府机构及社会团体;社会团体;慈善机构,成华区,104.182001,30.690418
龙潭水乡警务室,government,政府机构及社会团体;公检法机构;社会治安机构,成华区,104.178412,30.691282
中共上海在川单位委员会,government,政府机构及社会团体;政府机关;外地政府办,成华区,104.182057,30.690347
青羊区苏坡乡黄土村工会联合会,government,政府机构及社会团体;社会团体;社会团体相关,青羊区,103.973459,30.688105
黄土社区居民议事会,government,政府机构及社会团体;社会团体;社会团体相关,青羊区,103.9735,30.688188
黄土社区居委会,government,政府机构及社会团体;政府机关;乡镇以下级政府及事业单位,青羊区,103.9735,30.688188
青羊区苏坡乡黄土村村民委员会,government,政府机构及社会团体;政府机关;乡镇以下级政府及事业单位,青羊区,103.973449,30.688099
中共苏坡乡黄土村党总支部委员会,government,政府机构及社会团体;政府机关;乡镇以下级政府及事业单位,青羊区,103.973458,30.688095
黄土社区居委会(武青路),government,政府机构及社会团体;政府机关;乡镇以下级政府及事业单位,青羊区,103.972834,30.687233
青羊区地方税务所苏坡税务所,government,政府机构及社会团体;工商税务机构;地税机关,青羊区,103.973458,30.688105
中共黄土社区委员会,government,政府机构及社会团体;政府机关;乡镇以下级政府及事业单位,青羊区,103.9735,30.688188
中共黄土社区委员会(武青路),government,政府机构及社会团体;政府机关;乡镇以下级政府及事业单位,青羊区,103.972834,30.687233
西站派出所,government,政府机构及社会团体;公检法机构;公安警察,青羊区,103.978733,30.687391
成都西站警务区,government,政府机构及社会团体;政府及社会团体相关;政府及社会团体相关,青羊区,103.978733,30.687391
中国共产党成都市青羊区苏坡街道清江社区委员会,government,政府机构及社会团体;政府机关;区县级政府及事业单位,青羊区,103.989344,30.682735
苏坡街清波社区居民议事会,government,政府机构及社会团体;社会团体;社会团体相关,青羊区,103.984352,30.680067
苏坡街道清江社区居民议事会,government,政府机构及社会团体;社会团体;社会团体相关,青羊区,103.989341,30.682732
成都市青羊区苏坡街道办事处清波社区,government,政府机构及社会团体;政府及社会团体相关;政府及社会团体相关,青羊区,103.984242,30.680039
成都市青羊区苏坡街道办事处清江社区,government,政府机构及社会团体;政府及社会团体相关;政府及社会团体相关,青羊区,103.989344,30.682735
中共清波社区支委会,government,政府机构及社会团体;政府机关;乡镇以下级政府及事业单位,青羊区,103.984352,30.680067
清江社区居委会(金辉路),government,政府机构及社会团体;政府机关;乡镇以下级政府及事业单位,青羊区,103.989292,30.682698
中共清波社区纪律检查委员会,government,政府机构及社会团体;政府机关;乡镇以下级政府及事业单位,青羊区,103.984352,30.680067
清波社区委员会,government,政府机构及社会团体;政府及社会团体相关;政府及社会团体相关,青羊区,103.984352,30.680066
金沙街道社会发展创新服务中心,government,政府机构及社会团体;政府机关;乡镇级政府及事业单位,青羊区,104.002299,30.685938
金沙街道两新组织党工委,government,政府机构及社会团体;政府机关;乡镇级政府及事业单位,青羊区,104.002299,30.685938
合能西贵金沙招商中心,government,政府机构及社会团体;政府及社会团体相关;政府及社会团体相关,青羊区,104.000077,30.687612
成都苍溪商会,government,政府机构及社会团体;社会团体;行业协会,青羊区,104.000875,30.685707
中共金沙街道两新组织工作委员会,government,政府机构及社会团体;政府机关;乡镇级政府及事业单位,青羊区,104.002299,30.685938
金鹏社区居委会(金鹏街),government,政府机构及社会团体;政府机关;乡镇以下级政府及事业单位,青羊区,103.997877,30.681687
金沙街道两新组织党建联合会,government,政府机构及社会团体;社会团体;社会团体相关,青羊区,104.002299,30.685938
苍溪旅外企业家联合会成都代表处,government,政府机构及社会团体;社会团体;社会团体相关,青羊区,104.000875,30.685707
成都市公安消防支队成黄路支队,government,政府机构及社会团体;公检法机构;消防机关,青羊区,103.993756,30.680093
中共金鹏社区委员会,government,政府机构及社会团体;政府机关;乡镇以下级政府及事业单位,青羊区,103.997872,30.681682
金鹏社区居民议事会,government,政府机构及社会团体;政府机关;乡镇以下级政府及事业单位,青羊区,103.997872,30.681691
金牛区黄忠街道社会治理服务中心,government,政府机构及社会团体;政府机关;乡镇级政府及事业单位,金牛区,104.004897,30.688872
金沙派出所(金沙遗址路),government,政府机构及社会团体;公检法机构;公安警察,青羊区,104.005685,30.683086
金沙街道办事处(金沙遗址路),government,政府机构及社会团体;政府机关;乡镇级政府及事业单位,青羊区,104.006073,30.682894
金沙派出所金沙遗址路警务室,government,政府机构及社会团体;公检法机构;公安警察,青羊区,104.005394,30.686361
九寨沟管理局驻成都办事处,government,政府机构及社会团体;政府机关;外地政府办,青羊区,104.009524,30.681275
国家土地督察成都局,government,政府机构及社会团体;政府及社会团体相关;政府及社会团体相关,青羊区,104.010569,30.681079
社区综合工作站,government,政府机构及社会团体;政府及社会团体相关;政府及社会团体相关,青羊区,104.005394,30.686361
金沙司法所,government,政府机构及社会团体;公检法机构;公检法机关,青羊区,104.006091,30.682773
四川省山西商会,government,政府机构及社会团体;社会团体;行业协会,青羊区,104.007902,30.679633
成都消防,government,政府机构及社会团体;公检法机构;消防机关,青羊区,104.006504,30.681992
中共金沙街道纪律检查工作委员会,government,政府机构及社会团体;政府机关;乡镇级政府及事业单位,青羊区,104.006073,30.682894
中共金沙街道工作委员会,government,政府机构及社会团体;政府机关;乡镇级政府及事业单位,青羊区,104.006073,30.682894
金沙街道办事处食品药品安全委员会,government,政府机构及社会团体;政府机关;乡镇级政府及事业单位,青羊区,104.006073,30.682894
成都市公安消防支队特勤大队三中队,government,政府机构及社会团体;公检法机构;消防机关,青羊区,104.006166,30.681572
金沙遗址社区居委会,government,政府机构及社会团体;政府机关;乡镇以下级政府及事业单位,青羊区,104.00526,30.686395
中共金沙遗址社区委员会,government,政府机构及社会团体;政府机关;乡镇以下级政府及事业单位,青羊区,104.00526,30.686395
中共金沙遗址社区纪律检查委员会,government,政府机构及社会团体;政府机关;乡镇以下级政府及事业单位,青羊区,104.00526,30.686395
四川省政府国有资产监督管理委员会,government,政府机构及社会团体;政府机关;省直辖市级政府及事业单位,金牛区,104.020318,30.68689
四川省政府国有资产监督管委会,government,政府机构及社会团体;政府机关;政府机关相关,金牛区,104.020349,30.686945
同德社区居委会(同德街),government,政府机构及社会团体;政府机关;乡镇以下级政府及事业单位,青羊区,104.018926,30.683696
黄忠街道金沙公园东社区,government,政府机构及社会团体;政府机关;乡镇以下级政府及事业单位,金牛区,104.017698,30.689482
中共清溪社区委员会,government,政府机构及社会团体;政府机关;乡镇以下级政府及事业单位,青羊区,104.020072,30.680145
四川省江西商会,government,政府机构及社会团体;社会团体;行业协会,金牛区,104.016468,30.689338
黄忠派出所营门口小学警务室,government,政府机构及社会团体;公检法机构;公安警察,金牛区,104.018332,30.688607
清溪社区居委会(清溪南街),government,政府机构及社会团体;政府机关;乡镇以下级政府及事业单位,青羊区,104.020071,30.680148
黄忠集贸市场办公室,government,政府机构及社会团体;社会团体;社会团体相关,金牛区,104.018978,30.688584
青羊区府南街道同德社区,government,政府机构及社会团体;政府及社会团体相关;政府及社会团体相关,青羊区,104.018816,30.683476
成都市公安局黄忠派出所金沙公园东社区警务室,government,政府机构及社会团体;公检法机构;公安警察,金牛区,104.019023,30.685954
青羊区府南街道清溪社区,government,政府机构及社会团体;政府机关;乡镇以下级政府及事业单位,青羊区,104.02007,30.680146
中共清溪社区纪律检查委员会,government,政府机构及社会团体;政府机关;乡镇以下级政府及事业单位,青羊区,104.020073,30.680144
成都市金牛区太极拳协会黄忠街道分会,government,政府机构及社会团体;政府及社会团体相关;政府及社会团体相关,金牛区,104.019163,30.686024
金沙公园东社区居委会,government,政府机构及社会团体;政府机关;乡镇以下级政府及事业单位,金牛区,104.018976,30.686065
中共金沙公园东社区委员会,government,政府机构及社会团体;政府机关;乡镇以下级政府及事业单位,金牛区,104.018976,30.686065
中共同德社区委员会(同德街),government,政府机构及社会团体;政府机关;乡镇以下级政府及事业单位,青羊区,104.018926,30.683696
中共同德社区纪律检查委员会,government,政府机构及社会团体;政府机关;乡镇以下级政府及事业单位,青羊区,104.018926,30.683696
同德社区劳动保障站,government,政府机构及社会团体;政府机关;乡镇以下级政府及事业单位,青羊区,104.018923,30.683739
仪陇县人民政府驻成都办事处,government,政府机构及社会团体;政府机关;外地政府办,金牛区,104.031622,30.681761
成都市园林植物有害生物预警及控制中心,government,政府机构及社会团体;政府机关;地市级政府及事业单位,金牛区,104.033165,30.679696
成都市林业局,government,政府机构及社会团体;政府机关;地市级政府及事业单位,金牛区,104.033164,30.679696
四川省辐射环境管理监测中心站,government,政府机构及社会团体;政府机关;省直辖市级政府及事业单位,金牛区,104.032278,30.684361
抚琴工商所,government,政府机构及社会团体;工商税务机构;工商部门,金牛区,104.033154,30.688033
成都市金牛区卫生和计划生育局,government,政府机构及社会团体;政府机关;区县级政府及事业单位,金牛区,104.029921,30.689305
四川省固体废物与化学品管理中心,government,政府机构及社会团体;政府机关;省直辖市级政府及事业单位,金牛区,104.032238,30.684314
成都市风景园林学会,government,政府机构及社会团体;社会团体;社会团体相关,金牛区,104.033165,30.679696
成都联合司法鉴定中心,government,政府机构及社会团体;公检法机构;公证鉴定机构,金牛区,104.033494,30.681377
中国首家女子维权中心,government,政府机构及社会团体;社会团体;妇联,金牛区,104.033494,30.681377
成都市府南河绿地管理处,government,政府机构及社会团体;政府机关;地市级政府及事业单位,金牛区,104.033165,30.679696
成都市金牛区计生委,government,政府机构及社会团体;政府机关;区县级政府及事业单位,金牛区,104.029917,30.68934
成都市森林病虫防治检疫站,government,政府机构及社会团体;政府机关;地市级政府及事业单位,金牛区,104.033165,30.679696
成都市林木种苗站,government,政府机构及社会团体;政府机关;地市级政府及事业单位,金牛区,104.033168,30.679696
四川衡平司法鉴定所,government,政府机构及社会团体;公检法机构;公证鉴定机构,金牛区,104.031398,30.682592
成都市园林书画摄影协会,government,政府机构及社会团体;社会团体;行业协会,金牛区,104.033165,30.679696
金牛区医患纠纷调解中心,government,政府机构及社会团体;政府机关;区县级政府及事业单位,金牛区,104.030155,30.688902
中共金牛区卫生局系统工作委员会,government,政府机构及社会团体;政府机关;区县级政府及事业单位,金牛区,104.029921,30.689305
西藏国税驻成都办事处,government,政府机构及社会团体;政府及社会团体相关;政府及社会团体相关,金牛区,104.029875,30.684018
交警高架大队,government,政府机构及社会团体;政府及社会团体相关;政府及社会团体相关,金牛区,104.032438,30.679659
交通警察,government,政府机构及社会团体;政府及社会团体相关;政府及社会团体相关,金牛区,104.032475,30.679827
纠纷调解室,government,政府机构及社会团体;政府及社会团体相关;政府及社会团体相关,金牛区,104.030338,30.689062
工商行政管理,government,政府机构及社会团体;政府及社会团体相关;政府及社会团体相关,金牛区,104.033357,30.688277
四川省劳教局,government,政府机构及社会团体;政府及社会团体相关;政府及社会团体相关,金牛区,104.027852,30.689108
成都市大足商会,government,政府机构及社会团体;社会团体;行业协会,金牛区,104.033573,30.680628
四川省妇女卫生信息中心,government,政府机构及社会团体;政府及社会团体相关;政府及社会团体相关,金牛区,104.028382,30.683519
金牛区抚琴市场监督管理所,government,政府机构及社会团体;政府及社会团体相关;政府及社会团体相关,金牛区,104.033181,30.688148
金牛区基础教育促进会,government,政府机构及社会团体;政府及社会团体相关;政府及社会团体相关,金牛区,104.029717,30.685258
中共金琴路社区委员会,government,政府机构及社会团体;政府机关;乡镇以下级政府及事业单位,金牛区,104.032892,30.683817
成都市公安局交通管理局科技规划处交通设施大队,government,政府机构及社会团体;交通车辆管理;交通管理机构,金牛区,104.027064,30.688656
四川体育彩票成都西区管理站,government,政府机构及社会团体;政府机关;政府机关相关,金牛区,104.029888,30.685429
金琴路社区居委会,government,政府机构及社会团体;政府机关;乡镇以下级政府及事业单位,金牛区,104.032892,30.683817
成都市林业和园林书画摄影协会,government,政府机构及社会团体;社会团体;行业协会,金牛区,104.033371,30.679697
茶店子派出所化成警务室,government,政府机构及社会团体;公检法机构;社会治安机构,金牛区,104.030221,30.689032
四川省铁路建设有限公司工会委员会,government,政府机构及社会团体;社会团体;社会团体相关,青羊区,104.02488,30.681272
金牛区教师奖励基金会开发办公室,government,政府机构及社会团体;政府机关;区县级政府及事业单位,金牛区,104.029888,30.685429
四川省国际经济科技交流促进会,government,政府机构及社会团体;社会团体;社会团体相关,金牛区,104.029888,30.685429
中共四川省铁路建设有限公司委员会,government,政府机构及社会团体;社会团体;社会团体相关,青羊区,104.02488,30.681272
理县人民政府驻成都办事处,government,政府机构及社会团体;政府机关;外地政府办,金牛区,104.04298,30.687802
成都市金牛区人民政府征兵办公室,government,政府机构及社会团体;政府机关;区县级政府及事业单位,金牛区,104.041501,30.68796
阿坝藏族羌族自治州人民政府驻成都办事处,government,政府机构及社会团体;政府机关;外地政府办,金牛区,104.040325,30.680368
四川省成都市中级人民法院,government,政府机构及社会团体;公检法机构;法院,金牛区,104.034699,30.68145
抚琴街道西北街社区就业和社会保障服务站,government,政府机构及社会团体;政府及社会团体相关;政府及社会团体相关,金牛区,104.040047,30.685205
成都市中级人民法院审判法庭,government,政府机构及社会团体;公检法机构;法院,金牛区,104.034285,30.680827
四川省就业服务管理局,government,政府机构及社会团体;政府机关;省直辖市级政府及事业单位,金牛区,104.040904,30.684762
成都干道房管所,government,政府机构及社会团体;政府机关;地市级政府及事业单位,金牛区,104.034841,30.682559
中级人民法院执行局,government,政府机构及社会团体;公检法机构;法院,金牛区,104.034285,30.680828
抚琴街道办事处(光荣路),government,政府机构及社会团体;政府机关;乡镇级政府及事业单位,金牛区,104.042573,30.687918
成都市中级人民法院诉讼服务中心,government,政府机构及社会团体;公检法机构;法院,金牛区,104.034093,30.681336
公安警务室,government,政府机构及社会团体;公检法机构;公安警察,金牛区,104.040275,30.68731
中共商务部驻成都特派员办事处,government,政府机构及社会团体;政府机关;地市级政府及事业单位,金牛区,104.035149,30.681332
中环认证中心,government,政府机构及社会团体;公检法机构;公证鉴定机构,金牛区,104.034534,30.689429
成都市排水设施管理处车场管理所,government,政府机构及社会团体;政府机关;政府机关相关,金牛区,104.036802,30.680391
四川西部人力资源开发中心,government,政府机构及社会团体;政府机关;省直辖市级政府及事业单位,金牛区,104.03962,30.687097
成都市青羊区城市管理行政执法局,government,政府机构及社会团体;政府机关;区县级政府及事业单位,金牛区,104.041077,30.681793
成都市金牛区国防动员委员会,government,政府机构及社会团体;政府机关;区县级政府及事业单位,金牛区,104.041501,30.68796
金鱼街社区妇女联合会,government,政府机构及社会团体;社会团体;妇联,金牛区,104.037038,30.685846
金鱼街社区残疾人协会,government,政府机构及社会团体;社会团体;残联,金牛区,104.037038,30.685846
西南街社区居委会(抚琴街南二巷),government,政府机构及社会团体;政府机关;乡镇以下级政府及事业单位,金牛区,104.037732,30.679487
四川省硬笔书法家协会,government,政府机构及社会团体;社会团体;行业协会,金牛区,104.041477,30.681956
慈善超市,government,政府机构及社会团体;政府及社会团体相关;政府及社会团体相关,金牛区,104.041435,30.680187
成都路桥,government,政府机构及社会团体;政府及社会团体相关;政府及社会团体相关,金牛区,104.038558,30.689433
四川省群众文化学会,government,政府机构及社会团体;政府及社会团体相关;政府及社会团体相关,金牛区,104.041742,30.68419
中共抚琴街道工会工作委员会,government,政府机构及社会团体;政府机关;政府机关相关,金牛区,104.042484,30.687924
西藏阿里地区行署驻成都办事处,government,政府机构及社会团体;政府机关;外地政府办,金牛区,104.040128,30.683649
抚琴街办城管中队,government,政府机构及社会团体;政府机关;乡镇级政府及事业单位,金牛区,104.042317,30.688043
金牛区供销社联合社,government,政府机构及社会团体;社会团体;社会团体相关,金牛区,104.034534,30.689429
金鱼街社区计划生育协会,government,政府机构及社会团体;社会团体;社会团体相关,金牛区,104.037038,30.685846
四川利翔司法鉴定所,government,政府机构及社会团体;公检法机构;公证鉴定机构,金牛区,104.041593,30.686846
成都市排水设施管理处城西管理所,government,政府机构及社会团体;政府机关;政府机关相关,金牛区,104.036802,30.680391
金鱼街社区信访接待室,government,政府机构及社会团体;政府机关;乡镇以下级政府及事业单位,金牛区,104.037038,30.685846
金鱼街社区科普分会,government,政府机构及社会团体;社会团体;行业协会,金牛区,104.037038,30.685846
金牛区抚琴街道综合执法队,government,政府机构及社会团体;政府机关;乡镇级政府及事业单位,金牛区,104.04237,30.688076
抚琴街道办事处老年协会,government,政府机构及社会团体;社会团体;社会团体相关,金牛区,104.042605,30.68786
协和社区警务室,government,政府机构及社会团体;公检法机构;社会治安机构,金牛区,104.041287,30.679664
抚琴街道办事处税收征管站,government,政府机构及社会团体;政府及社会团体相关;政府及社会团体相关,金牛区,104.042279,30.688053
四川慢性肝病补助管理办公室,government,政府机构及社会团体;政府及社会团体相关;政府及社会团体相关,金牛区,104.041339,30.683224
金牛区城市管理行政执法局抚琴街道中队,government,政府机构及社会团体;政府机关;乡镇级政府及事业单位,金牛区,104.042731,30.688062
金鱼街社区居委会,government,政府机构及社会团体;政府机关;乡镇以下级政府及事业单位,金牛区,104.03704,30.68585
四川省燃气器具产品质量监督检验站,government,政府机构及社会团体;公检法机构;公证鉴定机构,金牛区,104.041056,30.681235
中国艺术家文化传统协会四川分会办事处,government,政府机构及社会团体;社会团体;行业协会,金牛区,104.038415,30.688934
成都阿坝藏族羌族自治州黑水商会,government,政府机构及社会团体;社会团体;行业协会,金牛区,104.03786,30.685451
中共西南街社区委员会,government,政府机构及社会团体;政府机关;乡镇以下级政府及事业单位,金牛区,104.037732,30.679487
中共金鱼街社区委员会,government,政府机构及社会团体;政府机关;乡镇以下级政府及事业单位,金牛区,104.037039,30.685848
西南地区前列腺关爱之家,government,政府机构及社会团体;社会团体;社会团体相关,金牛区,104.040501,30.686233
中共商正法律服务所党支部,government,政府机构及社会团体;社会团体;社会团体相关,金牛区,104.033744,30.680332
国际游轮海乘协会四川理事办事处,government,政府机构及社会团体;政府及社会团体相关;政府及社会团体相关,金牛区,104.033846,30.688997
成都市公安局金牛区分局巡警大队,government,政府机构及社会团体;公检法机构;公安警察,金牛区,104.035018,30.684836
西安路街道永陵社区居委会,government,政府机构及社会团体;政府机关;乡镇以下级政府及事业单位,金牛区,104.041434,30.679834
四川省工商联营销师协会,government,政府机构及社会团体;社会团体;行业协会,金牛区,104.03962,30.687097
金牛区供销合作社联合社社有资产经营管理委员会,government,政府机构及社会团体;社会团体;社会团体相关,金牛区,104.034534,30.689429
营门口52号大院管理委员会办公室,government,政府机构及社会团体;政府机关;乡镇以下级政府及事业单位,金牛区,104.039982,30.686068
金鱼街社区老年人协会,government,政府机构及社会团体;社会团体;社会团体相关,金牛区,104.037038,30.685846
抚琴派出所金琴路警务室,government,政府机构及社会团体;公检法机构;社会治安机构,金牛区,104.034547,30.683736
金鱼街社区团支部,government,政府机构及社会团体;社会团体;共青团,金牛区,104.037038,30.685846
金牛区抚琴街道西北街社区党委,government,政府机构及社会团体;政府机关;乡镇以下级政府及事业单位,金牛区,104.039959,30.685249
中共成都恒博医院支部委员会,government,政府机构及社会团体;社会团体;社会团体相关,金牛区,104.040635,30.686088
西北街社区居委会(金鱼街64号院东南),government,政府机构及社会团体;政府机关;乡镇以下级政府及事业单位,金牛区,104.039959,30.685249
中共金牛区抚琴街道工作委员会,government,政府机构及社会团体;政府机关;乡镇级政府及事业单位,金牛区,104.042573,30.687918
抚琴派出所金鱼街警务室,government,政府机构及社会团体;公检法机构;公安警察,金牛区,104.036292,30.686527
营福巷居委会,government,政府机构及社会团体;政府机关;乡镇以下级政府及事业单位,金牛区,104.035527,30.688781
金鱼街社区关心下一代工作委员会,government,政府机构及社会团体;政府机关;乡镇以下级政府及事业单位,金牛区,104.037038,30.685846
金鱼街社区少先队工作委员会,government,政府机构及社会团体;社会团体;少先队,金牛区,104.037038,30.685846
西安路派出所协和警务室,government,政府机构及社会团体;公检法机构;社会治安机构,金牛区,104.041782,30.67991
四川省就业训练中心国家职业技能鉴定所,government,政府机构及社会团体;公检法机构;公证鉴定机构,金牛区,104.041094,30.684531
中国影视技术学会节目制作与传输专业委员会,government,政府机构及社会团体;政府机关;政府机关相关,金牛区,104.034534,30.689429
金牛区供销合作社联合社工会工作委员会,government,政府机构及社会团体;社会团体;社会团体相关,金牛区,104.034534,30.689429
金鱼街社区慈善捐助点,government,政府机构及社会团体;社会团体;慈善机构,金牛区,104.037038,30.685846
成都市中级人民法院审判执行监督庭,government,政府机构及社会团体;政府及社会团体相关;政府及社会团体相关,金牛区,104.034239,30.681198
金牛巡警大队三中队,government,政府机构及社会团体;政府及社会团体相关;政府及社会团体相关,金牛区,104.03529,30.685044
工程环境质量监督站,government,政府机构及社会团体;政府及社会团体相关;政府及社会团体相关,金牛区,104.043249,30.681915
光荣派出所(文汇里),government,政府机构及社会团体;公检法机构;公安警察,金牛区,104.043681,30.68706
北巷子派出所,government,政府机构及社会团体;公检法机构;公安警察,金牛区,104.043754,30.681356
四川省档案学会,government,政府机构及社会团体;社会团体;社会团体相关,金牛区,104.045058,30.682044
北巷子派出所花牌坊警务室,government,政府机构及社会团体;公检法机构;公安警察,金牛区,104.04797,30.680015
光荣派出所光荣小区警务室,government,政府机构及社会团体;公检法机构;公安警察,金牛区,104.044581,30.688796
四川省铁路工程公安局第二公安处,government,政府机构及社会团体;公检法机构;公安警察,金牛区,104.053069,30.683553
四川省民办教育协会,government,政府机构及社会团体;社会团体;行业协会,金牛区,104.046262,30.679451
重庆市规划院四川分院,government,政府机构及社会团体;政府机关;政府机关相关,金牛区,104.044128,30.685958
四川荣昌商会(金仙桥路),government,政府机构及社会团体;社会团体;行业协会,金牛区,104.050902,30.680167
四川省公安厅直属公安局第四分局,government,政府机构及社会团体;公检法机构;公检法机关,金牛区,104.051677,30.68065
中铁二局工程测试中心,government,政府机构及社会团体;公检法机构;公证鉴定机构,金牛区,104.053206,30.684203
四川省艺术摄影协会,government,政府机构及社会团体;社会团体;行业协会,金牛区,104.043618,30.686339
四川省老年人围棋协会,government,政府机构及社会团体;社会团体;行业协会,金牛区,104.053515,30.682559
中国铁建大桥工程局,government,政府机构及社会团体;政府及社会团体相关;政府及社会团体相关,金牛区,104.04553,30.685499
成都市公安消防支队五中队,government,政府机构及社会团体;政府机关;政府机关相关,金牛区,104.04585,30.680203
四川省铸造协会,government,政府机构及社会团体;社会团体;行业协会,金牛区,104.046262,30.679451
四川西部知识产权司法鉴定所,government,政府机构及社会团体;公检法机构;公证鉴定机构,金牛区,104.052894,30.681908
金牛区国家税务局第三税务分局,government,政府机构及社会团体;工商税务机构;国税机关,金牛区,104.047028,30.685824
四川省模具工业协会,government,政府机构及社会团体;社会团体;行业协会,金牛区,104.046262,30.679451
成都市邮政发行投递局金牛分局,government,政府机构及社会团体;政府及社会团体相关;政府及社会团体相关,金牛区,104.044217,30.679468
中国中铁二局集团有限公司计量测试所,government,政府机构及社会团体;公检法机构;公证鉴定机构,金牛区,104.053206,30.684202
北巷子派出所反盗抢值勤点,government,政府机构及社会团体;公检法机构;社会治安机构,金牛区,104.051221,30.682316
铁路工程公安处直属公安分处第三派出所,government,政府机构及社会团体;公检法机构;公安警察,金牛区,104.053084,30.683642
光荣小区社区居委会,government,政府机构及社会团体;政府机关;乡镇以下级政府及事业单位,金牛区,104.044538,30.688881
光荣派出所铁路新村警务室,government,政府机构及社会团体;公检法机构;公安警察,金牛区,104.052577,30.688197
中共铁路新村社区委员会,government,政府机构及社会团体;政府机关;乡镇以下级政府及事业单位,金牛区,104.051211,30.689135
铁路新村社区流动人口、出租房屋登记站,government,政府机构及社会团体;公检法机构;社会治安机构,金牛区,104.052577,30.688197
铁路新村社区居委会(中铁二局集团中心医院急诊科南),government,政府机构及社会团体;政府机关;乡镇以下级政府及事业单位,金牛区,104.051211,30.689135
成都市金牛区人民北路街道花牌坊社区居民委员会,government,政府机构及社会团体;政府机关;乡镇以下级政府及事业单位,金牛区,104.04797,30.680015
前沙湾社区流动人口出租房屋登记站,government,政府机构及社会团体;公检法机构;社会治安机构,金牛区,104.044495,30.688694
花牌房消防队,government,政府机构及社会团体;公检法机构;消防机关,金牛区,104.045814,30.680379
中铁二局集团老科技工作者协会,government,政府机构及社会团体;社会团体;行业协会,金牛区,104.053198,30.682323
成都市老龄事业发展基金会助老关爱站,government,政府机构及社会团体;政府及社会团体相关;政府及社会团体相关,金牛区,104.044664,30.688172
成都市公安消防支队金牛区大队花牌坊中队,government,政府机构及社会团体;公检法机构;消防机关,金牛区,104.045958,30.680265
虹桥办公室,government,政府机构及社会团体;政府及社会团体相关;政府及社会团体相关,金牛区,104.047744,30.686688
温州市人民政府驻成都办事处,government,政府机构及社会团体;政府机关;外地政府办,金牛区,104.063163,30.685542
新华西路派出所,government,政府机构及社会团体;公检法机构;公安警察,青羊区,104.058143,30.679603
成都市青羊区体育局,government,政府机构及社会团体;政府机关;区县级政府及事业单位,金牛区,104.053816,30.683245
成都市规划委员会,government,政府机构及社会团体;政府机关;地市级政府及事业单位,金牛区,104.062424,30.68471
四川省地质矿产勘查开发局(一环路北二段),government,政府机构及社会团体;政府机关;地市级政府及事业单位|科教文化服务;科研机构;科研机构,金牛区,104.059606,30.688571
金牛区人民法院社区便民诉讼服务站,government,政府机构及社会团体;公检法机构;法院,金牛区,104.058681,30.687805
成都市青羊区财政会计管理中心,government,政府机构及社会团体;政府机关;区县级政府及事业单位,金牛区,104.054338,30.680495
青羊区接济分流中心,government,政府机构及社会团体;政府机关;区县级政府及事业单位,青羊区,104.057559,30.679533
成都铁路局工程管理中心,government,政府机构及社会团体;政府机关;地市级政府及事业单位,金牛区,104.060005,30.686012
公安局铁路工程第二十二公安处,government,政府机构及社会团体;公检法机构;公检法机关,金牛区,104.054051,30.683915
青羊体育中心武术协会,government,政府机构及社会团体;社会团体;行业协会,金牛区,104.054335,30.683573
新村河边街社区居委会,government,政府机构及社会团体;政府机关;乡镇以下级政府及事业单位,金牛区,104.059056,30.687835
西藏成办二所,government,政府机构及社会团体;政府及社会团体相关;政府及社会团体相关,金牛区,104.063341,30.686787
成都市规划管理局,government,政府机构及社会团体;政府及社会团体相关;政府及社会团体相关,金牛区,104.062563,30.684951
西体路社区居委会,government,政府机构及社会团体;政府机关;乡镇以下级政府及事业单位,金牛区,104.057696,30.682492
成都市慈善总会会员单位,government,政府机构及社会团体;政府及社会团体相关;政府及社会团体相关,金牛区,104.058547,30.688618
四川省院士(专家)工作站,government,政府机构及社会团体;政府及社会团体相关;政府及社会团体相关,金牛区,104.055691,30.68557
中质协质量保证中心成都审核中心,government,政府机构及社会团体;公检法机构;公证鉴定机构,金牛区,104.056736,30.688564
佳宜新校园时代综合素质评测中心,government,政府机构及社会团体;公检法机构;公证鉴定机构,金牛区,104.057031,30.683166
马家花园社区,government,政府机构及社会团体;政府机关;乡镇以下级政府及事业单位,青羊区,104.056612,30.680517
新村河边街社区劳动保障工作站,government,政府机构及社会团体;政府机关;乡镇以下级政府及事业单位,金牛区,104.059056,30.687835
通锦桥路社区居委会,government,政府机构及社会团体;政府机关;乡镇以下级政府及事业单位,青羊区,104.06218,30.683364
中共新村河边街社区委员会,government,政府机构及社会团体;政府机关;乡镇以下级政府及事业单位,金牛区,104.059056,30.687835
新村河边街社区残疾人协会,government,政府机构及社会团体;社会团体;残联,金牛区,104.059056,30.687835
中共铁二院委员会铁道第二勘察设计院信访办公室,government,政府机构及社会团体;政府机关;政府机关相关,金牛区,104.056517,30.683531
中共西体路社区总支部委员会,government,政府机构及社会团体;政府机关;乡镇以下级政府及事业单位,金牛区,104.057696,30.682492
新村河边街社区综合服务站,government,政府机构及社会团体;政府机关;乡镇以下级政府及事业单位,金牛区,104.058646,30.688118
杨柳派出所治安岗亭,government,政府机构及社会团体;公检法机构;社会治安机构,金牛区,104.057453,30.688586
北巷子派出所西体路警务室,government,政府机构及社会团体;公检法机构;社会治安机构,金牛区,104.057766,30.682526
新村河边街社区计划生育协会,government,政府机构及社会团体;社会团体;社会团体相关,金牛区,104.059056,30.687835
博爱家园,government,政府机构及社会团体;社会团体;红十字会,金牛区,104.058671,30.687794
新村河边街社区党委,government,政府机构及社会团体;政府机关;乡镇以下级政府及事业单位,金牛区,104.059056,30.687835
中共成都新世纪肛肠医院支部委员会,government,政府机构及社会团体;社会团体;社会团体相关,金牛区,104.058608,30.688638
新村河边街社区少工委,government,政府机构及社会团体;社会团体;社会团体相关,金牛区,104.059056,30.687835
新村河边街社区团支部,government,政府机构及社会团体;社会团体;共青团,金牛区,104.059056,30.687835
新村河边街警务室,government,政府机构及社会团体;公检法机构;社会治安机构,金牛区,104.058701,30.687854
新村河边街社区关工委,government,政府机构及社会团体;社会团体;社会团体相关,金牛区,104.059056,30.687835
土一院桥梁所,government,政府机构及社会团体;政府及社会团体相关;政府及社会团体相关,金牛区,104.056344,30.683569
金牛区人民政府人民北路街道办事处,government,政府机构及社会团体;政府机关;乡镇级政府及事业单位,金牛区,104.06801,30.682289
攀枝花市人民政府驻成都办事处(星辉西滨河路),government,政府机构及社会团体;政府机关;外地政府办,金牛区,104.07003,30.681186
人民北路街道办事处社会事务服务中心,government,政府机构及社会团体;政府机关;政府机关相关,金牛区,104.066336,30.682976
人民北路街道就业和社会保障服务中心,government,政府机构及社会团体;政府机关;乡镇级政府及事业单位,金牛区,104.066295,30.683047
人民北路辖区社会治安综合治理委员会,government,政府机构及社会团体;政府机关;乡镇级政府及事业单位,金牛区,104.06801,30.682289
城隍庙社区就业和社会保障服务站,government,政府机构及社会团体;政府机关;乡镇以下级政府及事业单位,金牛区,104.073105,30.685068
成都铁路局机关接待室,government,政府机构及社会团体;政府机关;地市级政府及事业单位,金牛区,104.068927,30.688848
四川省林业厅,government,政府机构及社会团体;政府机关;省直辖市级政府及事业单位,金牛区,104.070496,30.682767
四川省商务厅,government,政府机构及社会团体;政府机关;省直辖市级政府及事业单位,金牛区,104.072902,30.684336
四川省地质矿产勘查开发局(人民北路一段),government,政府机构及社会团体;政府机关;省直辖市级政府及事业单位,金牛区,104.071518,30.687305
人民北路派出所,government,政府机构及社会团体;公检法机构;公安警察,金牛区,104.073468,30.68434
国家林业局驻成都森林资源监督专员办事处,government,政府机构及社会团体;政府机关;地市级政府及事业单位,金牛区,104.070496,30.682767
四川省绿化委员会,government,政府机构及社会团体;政府机关;省直辖市级政府及事业单位,金牛区,104.070496,30.682767
四川建院离退休管理处,government,政府机构及社会团体;政府机关;省直辖市级政府及事业单位,金牛区,104.073494,30.684918
人民北路派出所办证室,government,政府机构及社会团体;公检法机构;公安警察,金牛区,104.073371,30.684221
四川省中小企业发展中心,government,政府机构及社会团体;政府机关;省直辖市级政府及事业单位,金牛区,104.072406,30.684434
四川省中小企业公共服务平台,government,政府机构及社会团体;政府机关;省直辖市级政府及事业单位,金牛区,104.072406,30.684434
铁路局直属派出所,government,政府机构及社会团体;公检法机构;公安警察,金牛区,104.068834,30.688524
四川省人民检察院成都铁路运输分院,government,政府机构及社会团体;公检法机构;公检法机关,金牛区,104.066311,30.688113
四川省森林公安局,government,政府机构及社会团体;公检法机构;公安警察,金牛区,104.070134,30.683017
国家轻工业食品质量监督检测成都站,government,政府机构及社会团体;公检法机构;公证鉴定机构,金牛区,104.063661,30.684974
城隍庙社区居委会(成华北巷),government,政府机构及社会团体;政府机关;乡镇以下级政府及事业单位,金牛区,104.072722,30.685
成都铁路局计量所,government,政府机构及社会团体;政府机关;地市级政府及事业单位,金牛区,104.066994,30.687473
四川天府经济发展推进中心,government,政府机构及社会团体;政府机关;省直辖市级政府及事业单位,金牛区,104.072406,30.684434
四川省林学会,government,政府机构及社会团体;社会团体;行业协会,金牛区,104.070576,30.681779
四川中国白酒金三角酒业协会,government,政府机构及社会团体;社会团体;行业协会,金牛区,104.072406,30.684434
成都住房公积金管理中心铁路分中心,government,政府机构及社会团体;政府机关;政府机关相关,金牛区,104.066988,30.687999
成都铁路食品安全监督管理办公室,government,政府机构及社会团体;政府机关;地市级政府及事业单位,金牛区,104.068927,30.688848
成都市粮食局成华分局,government,政府机构及社会团体;政府机关;区县级政府及事业单位,金牛区,104.067762,30.684049
中共濒危物种进出口管理办公室成都办事处,government,政府机构及社会团体;政府机关;地市级政府及事业单位,金牛区,104.070496,30.682767
中国国际贸易促进委员会四川省委员会,government,政府机构及社会团体;社会团体;社会团体相关,金牛区,104.072902,30.684336
兴冶检测,government,政府机构及社会团体;公检法机构;公检法机关,金牛区,104.066501,30.683569
金牛社区居委会(成华北巷),government,政府机构及社会团体;政府机关;乡镇以下级政府及事业单位,金牛区,104.073105,30.685068
国家轨道衡计量站成都分站,government,政府机构及社会团体;政府机关;地市级政府及事业单位,金牛区,104.066994,30.687473
四川省陶瓷产品质量监督检验站,government,政府机构及社会团体;公检法机构;公证鉴定机构,金牛区,104.063661,30.684974
四川省人民检察院成都铁路运输分院司法警察支队,government,政府机构及社会团体;公检法机构;检察院,金牛区,104.066584,30.687776
成都铁路局房改办,government,政府机构及社会团体;政府及社会团体相关;政府及社会团体相关,金牛区,104.066995,30.688023
四川省企业信用建设指导中心,government,政府机构及社会团体;政府机关;省直辖市级政府及事业单位,金牛区,104.072406,30.684434
四川省机械协会,government,政府机构及社会团体;社会团体;行业协会,金牛区,104.072442,30.684509
四川省机械工业联合会,government,政府机构及社会团体;社会团体;行业协会,金牛区,104.072406,30.684434
四川星辉林业司法鉴定中心,government,政府机构及社会团体;公检法机构;公证鉴定机构,金牛区,104.070576,30.681779
四川省商务交流协会,government,政府机构及社会团体;社会团体;行业协会,金牛区,104.072486,30.684469
四川省有色冶金研究院环境评价监测中心,government,政府机构及社会团体;政府及社会团体相关;政府及社会团体相关,金牛区,104.06987,30.685412
外企工会,government,政府机构及社会团体;政府及社会团体相关;政府及社会团体相关,金牛区,104.072884,30.684314
成铁计量所,government,政府机构及社会团体;政府及社会团体相关;政府及社会团体相关,金牛区,104.067563,30.684942
国资管理科,government,政府机构及社会团体;政府及社会团体相关;政府及社会团体相关,金牛区,104.070179,30.683382
成都铁路局建设管理处,government,政府机构及社会团体;政府及社会团体相关;政府及社会团体相关,金牛区,104.068834,30.688524
四川省检察院,government,政府机构及社会团体;政府及社会团体相关;政府及社会团体相关,金牛区,104.067015,30.687867
国土资源部成都矿产资源监督检测中心,government,政府机构及社会团体;公检法机构;公证鉴定机构,金牛区,104.070729,30.686822
四川省商务厅信息中心,government,政府机构及社会团体;政府机关;国家级机关及事业单位,金牛区,104.072913,30.684269
省生态旅游协会,government,政府机构及社会团体;政府及社会团体相关;政府及社会团体相关,金牛区,104.070485,30.681812
四川省检察院,government,政府机构及社会团体;政府及社会团体相关;政府及社会团体相关,金牛区,104.067015,30.687867
国土资源部成都矿产资源监督检测中心,government,政府机构及社会团体;公检法机构;公证鉴定机构,金牛区,104.070729,30.686822
四川省商务厅信息中心,government,政府机构及社会团体;政府机关;国家级机关及事业单位,金牛区,104.072913,30.684269
四川省国际经济合作事务中心,government,政府机构及社会团体;政府机关;政府机关相关,金牛区,104.07018,30.683381
人北办事处,government,政府机构及社会团体;政府及社会团体相关;政府及社会团体相关,金牛区,104.068009,30.682251
四川省乡镇企业局,government,政府机构及社会团体;政府及社会团体相关;政府及社会团体相关,金牛区,104.072579,30.684425
四川中小企业协会,government,政府机构及社会团体;社会团体;行业协会,金牛区,104.072406,30.684434
成都市进出口商会,government,政府机构及社会团体;社会团体;行业协会,金牛区,104.072442,30.684509
四川省民营经济协会,government,政府机构及社会团体;社会团体;行业协会,金牛区,104.072442,30.684509
四川省造纸行业协会,government,政府机构及社会团体;社会团体;行业协会,金牛区,104.072406,30.684434
成都市事业单位国有资产办证大厅,government,政府机构及社会团体;政府机关;政府机关相关,金牛区,104.071225,30.684487
机械工业职业技能鉴定四川省分中心,government,政府机构及社会团体;公检法机构;公证鉴定机构,金牛区,104.072406,30.684434
四川省医药行业协会(成华街),government,政府机构及社会团体;社会团体;行业协会,金牛区,104.072406,30.684434
川省森林资源和荒漠化监测中心,government,政府机构及社会团体;政府及社会团体相关;政府及社会团体相关,金牛区,104.073498,30.680341
四川省森林资源与荒漠化监测中心,government,政府机构及社会团体;政府及社会团体相关;政府及社会团体相关,金牛区,104.073498,30.680341
四川省国土资源厅宣传教育中心,government,政府机构及社会团体;政府及社会团体相关;政府及社会团体相关,金牛区,104.070691,30.686708
中共人民北路街道工作委员会,government,政府机构及社会团体;政府机关;乡镇级政府及事业单位,金牛区,104.06801,30.682289
四川省地矿局标准计量站,government,政府机构及社会团体;政府机关;省直辖市级政府及事业单位,金牛区,104.070729,30.686822
金牛社区关工委,government,政府机构及社会团体;政府机关;乡镇以下级政府及事业单位,金牛区,104.073105,30.685068
金牛社区少工委,government,政府机构及社会团体;政府机关;乡镇以下级政府及事业单位,金牛区,104.073105,30.685068
成都市河道管理处万福桥水闸,government,政府机构及社会团体;政府机关;政府机关相关,青羊区,104.070441,30.680393
国家轻工业鞋类皮革毛皮制品质量监督检测成都站,government,政府机构及社会团体;公检法机构;公证鉴定机构,金牛区,104.06422,30.684953
成都市工商行政管理局直属一分局工商公平交易执法大队,government,政府机构及社会团体;工商税务机构;工商部门,金牛区,104.071028,30.688939
人民北路街道便民服务中心,government,政府机构及社会团体;政府机关;乡镇级政府及事业单位,金牛区,104.066295,30.683047
四川省中小企业服务促进会,government,政府机构及社会团体;社会团体;社会团体相关,金牛区,104.072406,30.684434
四川省人民检察院成都铁路运输分院反贪污贿赂局,government,政府机构及社会团体;公检法机构;检察院,金牛区,104.066584,30.687776
四川省国际民间组织合作促进会,government,政府机构及社会团体;政府及社会团体相关;政府及社会团体相关,金牛区,104.07018,30.683381
四川省产业经济发展促进会,government,政府机构及社会团体;社会团体;社会团体相关,金牛区,104.072406,30.684434
城隍庙社区工会联合会,government,政府机构及社会团体;社会团体;社会团体相关,金牛区,104.072793,30.685091
成都住房公积金管理中心铁路分中心城北服务大厅,government,政府机构及社会团体;政府机关;政府机关相关,金牛区,104.067016,30.688111
四川省战略性新兴产业促进会,government,政府机构及社会团体;社会团体;社会团体相关,金牛区,104.072406,30.684434
金牛社区宣传文化服务中心,government,政府机构及社会团体;政府机关;乡镇以下级政府及事业单位,金牛区,104.073105,30.685068
金牛社区党委,government,政府机构及社会团体;政府机关;乡镇以下级政府及事业单位,金牛区,104.073105,30.685068
成都铁路局特检所,government,政府机构及社会团体;政府机关;地市级政府及事业单位,金牛区,104.066995,30.687511
金牛社区残疾人协会(成华北巷),government,政府机构及社会团体;社会团体;残联,金牛区,104.073105,30.685068
金牛社区老年人协会(成华北巷),government,政府机构及社会团体;社会团体;社会团体相关,金牛区,104.073105,30.685068
金牛社区计划生育协会(成华北巷),government,政府机构及社会团体;社会团体;社会团体相关,金牛区,104.073105,30.685068
快乐河自驾露营旅行户外俱乐部,government,政府机构及社会团体;社会团体;社会团体相关,金牛区,104.073459,30.68902
金牛社区劳动保障工作站,government,政府机构及社会团体;政府机关;乡镇以下级政府及事业单位,金牛区,104.073105,30.685068
中华人民共和国工业和信息化部国家食品企业质量安全检测技术示范中心,government,政府机构及社会团体;政府及社会团体相关;政府及社会团体相关,金牛区,104.063746,30.685344
中共人民北路街道纪律检查工作委员会,government,政府机构及社会团体;政府机关;乡镇级政府及事业单位,金牛区,104.06801,30.682289
中共成都白马印务有限公司支部委员会,government,政府机构及社会团体;社会团体;社会团体相关,金牛区,104.065155,30.685403
成都市公安局交通管理局城隍庙社区服务站,government,政府机构及社会团体;交通车辆管理;交通管理机构,金牛区,104.072795,30.685093
金牛社区妇女联合会(成华北巷),government,政府机构及社会团体;社会团体;妇联,金牛区,104.073105,30.685068
成都市金牛区人民北路街道总工会,government,政府机构及社会团体;社会团体;社会团体相关,金牛区,104.06801,30.682289
四川省日用品化工产品质量监督检验站,government,政府机构及社会团体;公检法机构;公证鉴定机构,金牛区,104.063661,30.684974
金牛社区团支部(成华北巷),government,政府机构及社会团体;社会团体;共青团,金牛区,104.073105,30.685068
驷马桥街道办事处社会事务服务中心,government,政府机构及社会团体;政府机关;政府机关相关,金牛区,104.081548,30.689196
城北工商所(城隍东巷),government,政府机构及社会团体;工商税务机构;工商部门,金牛区,104.074695,30.680743
成都市地理信息中心,government,政府机构及社会团体;政府机关;地市级政府及事业单位,金牛区,104.077032,30.685836
成都市体育舞蹈协会,government,政府机构及社会团体;社会团体;行业协会,金牛区,104.075972,30.684733
曹家巷派出所张家巷小学警务室,government,政府机构及社会团体;公检法机构;公安警察,金牛区,104.079582,30.680681
成都市武术运动协会,government,政府机构及社会团体;政府及社会团体相关;政府及社会团体相关,金牛区,104.075802,30.684658
成都市排球运动协会,government,政府机构及社会团体;政府及社会团体相关;政府及社会团体相关,金牛区,104.075802,30.684658
成都市公安局金牛区分局涉案财物集中管理中心,government,政府机构及社会团体;公检法机构;公安警察,金牛区,104.078273,30.682692
中国共产党金牛区驷马桥街道红光社区委员会,government,政府机构及社会团体;政府机关;区县级政府及事业单位,金牛区,104.081749,30.688801
四川省建筑工程质量检测中心,government,政府机构及社会团体;公检法机构;公证鉴定机构,金牛区,104.074929,30.687117
中华医院管理协会,government,政府机构及社会团体;社会团体;行业协会,金牛区,104.073745,30.688096
成都市轻工业局,government,政府机构及社会团体;政府及社会团体相关;政府及社会团体相关,金牛区,104.075489,30.685982
荷花池非机动登记上牌点,government,政府机构及社会团体;政府及社会团体相关;政府及社会团体相关,金牛区,104.076287,30.687346
金牛区物证管理中心,government,政府机构及社会团体;政府及社会团体相关;政府及社会团体相关,金牛区,104.078952,30.681978
司法行政,government,政府机构及社会团体;政府及社会团体相关;政府及社会团体相关,金牛区,104.081434,30.689175
省建材产品质检中心业务接待处,government,政府机构及社会团体;公检法机构;公证鉴定机构,金牛区,104.08168,30.680236
成都市保龄球协会,government,政府机构及社会团体;社会团体;行业协会,金牛区,104.075802,30.684658
中共红花社区委员会,government,政府机构及社会团体;政府机关;乡镇以下级政府及事业单位,金牛区,104.081544,30.688682
成都市河道管理处府河管理站,government,政府机构及社会团体;政府及社会团体相关;政府及社会团体相关,金牛区,104.081935,30.684844
城隍庙电子市场管办国税地税行业协会,government,政府机构及社会团体;社会团体;行业协会,金牛区,104.076348,30.680768
中共互助路社区委员会,government,政府机构及社会团体;政府机关;乡镇以下级政府及事业单位,金牛区,104.077576,30.686122
互助路社区居委会,government,政府机构及社会团体;政府机关;乡镇以下级政府及事业单位,金牛区,104.077576,30.686122
肖家村退管工作站,government,政府机构及社会团体;政府机关;乡镇以下级政府及事业单位,金牛区,104.078476,30.685313
驷马桥街道恒德路社区居委会,government,政府机构及社会团体;政府机关;乡镇以下级政府及事业单位,金牛区,104.080187,30.680825
中共成都市工商联荷花池商会党支部委员会,government,政府机构及社会团体;政府及社会团体相关;政府及社会团体相关,金牛区,104.074502,30.689303
红花社区居委会,government,政府机构及社会团体;政府机关;乡镇以下级政府及事业单位,金牛区,104.081544,30.688682
四川省土木建筑学会建材专业委员会,government,政府机构及社会团体;社会团体;社会团体相关,金牛区,104.082065,30.680384
岩土所,government,政府机构及社会团体;政府及社会团体相关;政府及社会团体相关,金牛区,104.074591,30.687172
四川省林业调查规划院,government,政府机构及社会团体;政府及社会团体相关;政府及社会团体相关,金牛区,104.073913,30.68027
马鞍东路社区就业和社会保障服务站,government,政府机构及社会团体;政府机关;乡镇以下级政府及事业单位,金牛区,104.086144,30.679386
曹家巷派出所,government,政府机构及社会团体;公检法机构;公安警察,金牛区,104.088106,30.679583
驷马桥派出所,government,政府机构及社会团体;公检法机构;公安警察,金牛区,104.087318,30.68719
驷马桥街道办事处,government,政府机构及社会团体;政府机关;乡镇级政府及事业单位,金牛区,104.084845,30.686103
成都市成华区地方税务局,government,政府机构及社会团体;工商税务机构;地税机关,成华区,104.092193,30.684815
四川省省级机关房屋统建服务中心(三友路),government,政府机构及社会团体;政府机关;省直辖市级政府及事业单位,金牛区,104.086609,30.682973
成都市出租汽车年审检测维修中心,government,政府机构及社会团体;政府机关;地市级政府及事业单位,金牛区,104.085107,30.68415
成都市交通管理局第二分局,government,政府机构及社会团体;交通车辆管理;交通管理机构,金牛区,104.085809,30.685151
交通警察服务大厅(三友巷),government,政府机构及社会团体;交通车辆管理;交通管理机构,金牛区,104.086263,30.684708
成都市公安局交警二分局违法处理大厅,government,政府机构及社会团体;交通车辆管理;交通管理机构,金牛区,104.085744,30.68511
树蓓街社区居委会,government,政府机构及社会团体;政府机关;乡镇以下级政府及事业单位,金牛区,104.087038,30.686772
成都普瑞眼科医院工会委员会,government,政府机构及社会团体;社会团体;社会团体相关,金牛区,104.08565,30.682708
成都市成华区地方税务局稽查局,government,政府机构及社会团体;工商税务机构;地税机关,成华区,104.092193,30.684815
马鞍东路社区工会联合会,government,政府机构及社会团体;社会团体;行业协会,金牛区,104.086144,30.679386
成都市交警二分局服务大厅,government,政府机构及社会团体;公检法机构;公检法机关,金牛区,104.086282,30.68472
成都市成华区敬老爱老志愿者协会,government,政府机构及社会团体;社会团体;行业协会,成华区,104.092267,30.681786
马鞍北路农贸市场管理办公室,government,政府机构及社会团体;政府机关;政府机关相关,金牛区,104.086434,30.680344
成都市出租汽车协会(马鞍山路),government,政府机构及社会团体;社会团体;行业协会,金牛区,104.08493,30.684409
成都市计量监督检定测试院出租车计价器检定站,government,政府机构及社会团体;公检法机构;公证鉴定机构,金牛区,104.085115,30.684204
驷马桥街道老协马鞍东路社区分会,government,政府机构及社会团体;社会团体;行业协会,金牛区,104.086144,30.679386
房产管理局新居工程农村新型社区房屋产权办证工作站,government,政府机构及社会团体;政府机关;政府机关相关,成华区,104.091069,30.688936
中共树蓓街社区委员会,government,政府机构及社会团体;政府机关;乡镇以下级政府及事业单位,金牛区,104.086586,30.686879
一环路北四段社区居委会,government,政府机构及社会团体;政府机关;乡镇以下级政府及事业单位,金牛区,104.084677,30.683375
中共成都普瑞眼科医院支部委员会,government,政府机构及社会团体;社会团体;社会团体相关,金牛区,104.08565,30.682708
马鞍东路社区综合服务站,government,政府机构及社会团体;政府机关;乡镇以下级政府及事业单位,金牛区,104.086144,30.679386
李家沱社区居委会,government,政府机构及社会团体;政府机关;乡镇以下级政府及事业单位,成华区,104.092195,30.681654
李家沱社区居民议事会,government,政府机构及社会团体;社会团体;社会团体相关,成华区,104.092195,30.681654
北四段社区人民调解委员会,government,政府机构及社会团体;政府机关;乡镇以下级政府及事业单位,金牛区,104.084306,30.683746
北四段社区劳动保障站,government,政府机构及社会团体;政府机关;乡镇以下级政府及事业单位,金牛区,104.084306,30.683746
树蓓社区综治工作站,government,政府机构及社会团体;政府机关;乡镇以下级政府及事业单位,金牛区,104.086586,30.686879
树蓓社区党支部,government,政府机构及社会团体;政府机关;乡镇以下级政府及事业单位,金牛区,104.086586,30.686879
中共一环路北四段社区委员会,government,政府机构及社会团体;政府机关;乡镇以下级政府及事业单位,金牛区,104.084677,30.683375
树蓓社区少先队,government,政府机构及社会团体;社会团体;少先队,金牛区,104.086586,30.686879
中共李家沱社区支部委员会,government,政府机构及社会团体;政府机关;乡镇以下级政府及事业单位,成华区,104.092195,30.681654
北四段社区警务室,government,政府机构及社会团体;公检法机构;社会治安机构,金牛区,104.084306,30.683746
中共驷马桥街道工作委员会,government,政府机构及社会团体;政府机关;乡镇级政府及事业单位,金牛区,104.084845,30.686103
北四段社区治安保卫委员会,government,政府机构及社会团体;公检法机构;社会治安机构,金牛区,104.084306,30.683746
府青路派出所李家沱社区警务室,government,政府机构及社会团体;公检法机构;公安警察,成华区,104.092195,30.681654
共青团北四段社区支部,government,政府机构及社会团体;社会团体;共青团,金牛区,104.084306,30.683746
共青团树蓓社区支部,government,政府机构及社会团体;社会团体;共青团,金牛区,104.086586,30.686879
全国文化信息资源共享工程树蓓街社区基层服务点,government,政府机构及社会团体;政府机关;乡镇以下级政府及事业单位,金牛区,104.086586,30.686879
树蓓街社区流动人口服务管理工作站,government,政府机构及社会团体;公检法机构;社会治安机构,金牛区,104.086586,30.686879
成都市公安局交警二分局二大队,government,政府机构及社会团体;政府及社会团体相关;政府及社会团体相关,金牛区,104.084074,30.686521
圣灯街道就业和社会保障服务中心,government,政府机构及社会团体;政府机关;乡镇级政府及事业单位,成华区,104.103266,30.68456
成都市成华区园林绿化管理局(府青路二段),government,政府机构及社会团体;政府机关;区县级政府及事业单位,成华区,104.095402,30.682153
成华区城市管理行政执法局,government,政府机构及社会团体;政府机关;区县级政府及事业单位,成华区,104.095402,30.682153
成都市成华区档案局,government,政府机构及社会团体;政府机关;区县级政府及事业单位,成华区,104.095402,30.682153
成都市公安局成华区分局(府青路二段3号新11号院东北),government,政府机构及社会团体;公检法机构;公安警察,成华区,104.094987,30.68165
成华区公安局办证中心(府青路二段),government,政府机构及社会团体;公检法机构;公安警察,成华区,104.095001,30.681642
成都市成华区地方志办公室,government,政府机构及社会团体;政府机关;区县级政府及事业单位,成华区,104.095399,30.682153
圣灯街道街道办事处,government,政府机构及社会团体;政府机关;乡镇级政府及事业单位,成华区,104.102812,30.684893
成华区城乡环境综合整治领导小组办公室,government,政府机构及社会团体;政府机关;区县级政府及事业单位,成华区,104.095407,30.682153
成华分局巡警防爆大队,government,政府机构及社会团体;政府及社会团体相关;政府及社会团体相关,成华区,104.094987,30.68165
成华区公安局国保大队,government,政府机构及社会团体;政府及社会团体相关;政府及社会团体相关,成华区,104.094987,30.68165
成都市成华区城市管理指挥中心,government,政府机构及社会团体;政府机关;区县级政府及事业单位,成华区,104.095402,30.682153
成华区公安分局信访接待室,government,政府机构及社会团体;公检法机构;公安警察,成华区,104.096073,30.681195
成都市公安局成华区分局出入境接待大厅,government,政府机构及社会团体;公检法机构;公安警察,成华区,104.095822,30.681587
成都市成华区桃溪路街道人大代表服务站,government,政府机构及社会团体;政府及社会团体相关;政府及社会团体相关,成华区,104.098783,30.684607
成都市成华区城市管理监督中心,government,政府机构及社会团体;政府机关;区县级政府及事业单位,成华区,104.095402,30.682153
桃源社区就业和社会保障服务站,government,政府机构及社会团体;政府机关;乡镇以下级政府及事业单位,成华区,104.113033,30.684614
成都市成华区桃蹊路街道办事处,government,政府机构及社会团体;政府机关;乡镇级政府及事业单位,成华区,104.111416,30.683135
桃源社区居委会(桃源街),government,政府机构及社会团体;政府机关;乡镇以下级政府及事业单位,成华区,104.113029,30.684632
交通警察服务大厅,government,政府机构及社会团体;公检法机构;公安警察,成华区,104.104877,30.683165
桃蹊路派出所,government,政府机构及社会团体;公检法机构;公安警察,成华区,104.111293,30.683258
成都市公安局交通管理局第五分局2大队,government,政府机构及社会团体;交通车辆管理;交通管理机构,成华区,104.104981,30.683161
建综工商所,government,政府机构及社会团体;工商税务机构;工商部门,成华区,104.111255,30.679555
成都市公安局交通管理局第五分局3大队,government,政府机构及社会团体;交通车辆管理;交通管理机构,成华区,104.104981,30.683161
EMS全球邮政特快专递,government,生活服务;邮局;邮政速递|政府机构及社会团体;社会团体;社会团体相关,成华区,104.104428,30.68366
成华区城市房屋拆迁投诉中心,government,政府机构及社会团体;政府机关;区县级政府及事业单位,成华区,104.108173,30.687409
成都市公安局交通管理局第五分局4大队,government,政府机构及社会团体;交通车辆管理;交通管理机构,成华区,104.104981,30.683161
成都市建工质量检验测试站,government,政府机构及社会团体;公检法机构;公证鉴定机构,成华区,104.110182,30.683489
成都市公安局交通管理局第五分局1大队,government,政府机构及社会团体;交通车辆管理;交通管理机构,成华区,104.104981,30.683161
成都市公安局交通管理局第五分局公安交通管理服务大厅,government,政府机构及社会团体;交通车辆管理;交通管理机构,成华区,104.104854,30.683139
成都市公安局交通管理局第五分局,government,政府机构及社会团体;交通车辆管理;交通管理机构,成华区,104.104981,30.683188
成都市冷链物流商会,government,政府机构及社会团体;政府及社会团体相关;政府及社会团体相关,成华区,104.113373,30.67958
工商行政管理,government,政府机构及社会团体;工商税务机构;工商部门,成华区,104.111198,30.679561
成华区地方税务局桃蹊路辖区税务征收站,government,政府机构及社会团体;工商税务机构;地税机关,成华区,104.11131,30.683237
桃蹊辖区治安巡逻报警点,government,政府机构及社会团体;政府及社会团体相关;政府及社会团体相关,成华区,104.111215,30.689054
成华区桃蹊路街道人大代表服务站(桃源街),government,政府机构及社会团体;政府机关;乡镇级政府及事业单位,成华区,104.113029,30.684632
成华区桃蹊路街道人大代表服务站(新风路),government,政府机构及社会团体;政府机关;乡镇级政府及事业单位,成华区,104.107923,30.687245
成华区桃蹊路街道人大代表服务站(文德路),government,政府机构及社会团体;政府机关;乡镇级政府及事业单位,成华区,104.111321,30.688924
中共文德社区委员会,government,政府机构及社会团体;政府机关;乡镇以下级政府及事业单位,成华区,104.111321,30.688924
怡福社区居委会,government,政府机构及社会团体;政府机关;乡镇以下级政府及事业单位,成华区,104.107923,30.687245
中国共产党成都市成华区桃蹊路街道工作委员会,government,政府机构及社会团体;政府机关;乡镇级政府及事业单位,成华区,104.11133,30.683223
成都市公安局第五分局,government,政府机构及社会团体;公检法机构;公检法机关,成华区,104.104874,30.683239
成都市成华区桃蹊路街道办事处投资服务分中心,government,政府机构及社会团体;政府机关;政府机关相关,成华区,104.11133,30.683223
中共成都市成华区桃蹊路街道区域委员会,government,政府机构及社会团体;政府及社会团体相关;政府及社会团体相关,成华区,104.11133,30.683223
交警五分局电动自行车登记上牌点,government,政府机构及社会团体;政府机关;政府机关相关,成华区,104.105317,30.683407
中共桃源社区总支部委员会(桃源街),government,政府机构及社会团体;政府机关;乡镇以下级政府及事业单位,成华区,104.113101,30.684659
中共桃蹊路街道桃源社区委员会,government,政府机构及社会团体;政府机关;乡镇以下级政府及事业单位,成华区,104.113029,30.684632
桃源社区慈善捐赠站,government,政府机构及社会团体;社会团体;慈善机构,成华区,104.113101,30.684659
中共中国邮政速递物流股份有限公司成都市分司纪律检查委员会,government,政府机构及社会团体;社会团体;社会团体相关,成华区,104.104428,30.68366
成都市房屋拆迁管理处成华区工作站,government,政府机构及社会团体;政府机关;区县级政府及事业单位,成华区,104.108173,30.687409
成华区个体私营企业协会建综分会,government,政府机构及社会团体;社会团体;行业协会,成华区,104.112301,30.682767
四川省汽车运输成都公司第一分公司工会委员会,government,政府机构及社会团体;社会团体;社会团体相关,成华区,104.111607,30.686585
中共桃蹊路街道怡福社区居委会,government,政府机构及社会团体;政府机关;乡镇以下级政府及事业单位,成华区,104.107923,30.687245
成都市成华区人民法院,government,政府机构及社会团体;公检法机构;法院,成华区,104.117842,30.681065
成都市成华区人民检察院,government,政府机构及社会团体;公检法机构;检察院,成华区,104.116521,30.681373
圣灯寺派出所,government,政府机构及社会团体;公检法机构;公安警察,成华区,104.120729,30.682344
桃蹊路派出所(中环路二仙桥西路段),government,政府机构及社会团体;公检法机构;公安警察,成华区,104.120065,30.685872
成华区人民检察院反贪污贿赂局,government,政府机构及社会团体;公检法机构;检察院,成华区,104.116453,30.681166
建北社区居委会(二仙南二巷),government,政府机构及社会团体;政府机关;乡镇以下级政府及事业单位,成华区,104.116849,30.682745
成华区国家税务局管理二分局,government,政府机构及社会团体;工商税务机构;国税机关,成华区,104.119108,30.680636
圣灯街道人大代表服务站,government,政府机构及社会团体;政府机关;乡镇级政府及事业单位,成华区,104.116849,30.682745
成华区桃蹊路街道综治工作中心,government,政府机构及社会团体;政府机关;乡镇级政府及事业单位,成华区,104.11402,30.682809
成华区桃蹊路街道大联动分中心,government,政府机构及社会团体;政府机关;乡镇级政府及事业单位,成华区,104.11402,30.682809
成华区桃蹊路街道便民服务中心,government,政府机构及社会团体;政府机关;乡镇级政府及事业单位,成华区,104.11402,30.682809
成华区人民检察院案件受理接待室,government,政府机构及社会团体;公检法机构;公检法机关,成华区,104.116386,30.681355
成华区桃蹊路街道网格化服务管理中心,government,政府机构及社会团体;政府机关;乡镇级政府及事业单位,成华区,104.11402,30.682809
四川省通俗文艺研究会,government,政府机构及社会团体;社会团体;行业协会,成华区,104.122219,30.683085
建北社区居民议事会,government,政府机构及社会团体;政府机关;乡镇以下级政府及事业单位,成华区,104.116849,30.682745
成华区人民检察院检察服务大厅,government,政府机构及社会团体;政府及社会团体相关;政府及社会团体相关,成华区,104.116416,30.681275
成华区公安分局圣灯寺派出所户籍室,government,政府机构及社会团体;政府机关;乡镇以下级政府及事业单位,成华区,104.120958,30.682491
建北社区慈善捐赠站,government,政府机构及社会团体;社会团体;慈善机构,成华区,104.116849,30.682745
中共建北社区支部委员会,government,政府机构及社会团体;政府机关;乡镇以下级政府及事业单位,成华区,104.116849,30.682745
成华区法院法警大队,government,政府机构及社会团体;政府及社会团体相关;政府及社会团体相关,成华区,104.117964,30.681203
成华区新法院,government,政府机构及社会团体;政府及社会团体相关;政府及社会团体相关,成华区,104.116097,30.682353
二仙桥街道办事处,government,政府机构及社会团体;政府机关;乡镇级政府及事业单位,成华区,104.124017,30.682701
二仙桥街道办事处社会治安综合治理委员会,government,政府机构及社会团体;政府机关;乡镇级政府及事业单位,成华区,104.123999,30.682652
二仙桥派出所,government,政府机构及社会团体;公检法机构;公安警察,成华区,104.124317,30.682213
圣灯寺派出所关家堰社区警务室,government,政府机构及社会团体;公检法机构;公安警察,成华区,104.131966,30.682314
成华区人大常委会二仙桥街道工作委员会,government,政府机构及社会团体;政府机关;乡镇级政府及事业单位,成华区,104.123999,30.682652
四川省公正计量站,government,政府机构及社会团体;公检法机构;公证鉴定机构,成华区,104.125198,30.684856
成华区司法局二仙桥街道司法所,government,政府机构及社会团体;公检法机构;公检法机关,成华区,104.124017,30.682701
东华社区居民议事会,government,政府机构及社会团体;社会团体;社会团体相关,成华区,104.12746,30.685747
关家堰社区居民议事会,government,政府机构及社会团体;社会团体;社会团体相关,成华区,104.132124,30.682507
关家堰社区工会联合会,government,政府机构及社会团体;政府机关;乡镇以下级政府及事业单位,成华区,104.132124,30.682507
关家堰社区居委会,government,政府机构及社会团体;政府机关;乡镇以下级政府及事业单位,成华区,104.132124,30.682507
中共成都誉美医院支部委员会,government,政府机构及社会团体;社会团体;社会团体相关,成华区,104.1333,30.682931
中共关家堰社区支部委员会,government,政府机构及社会团体;政府机关;乡镇以下级政府及事业单位,成华区,104.132124,30.682507
东华社区居委会(二仙桥北二路),government,政府机构及社会团体;政府机关;乡镇以下级政府及事业单位,成华区,104.12746,30.685747
中共东华社区支部委员会(二仙桥北二路),government,政府机构及社会团体;政府机关;乡镇以下级政府及事业单位,成华区,104.12746,30.685747
东华社区慈善捐赠站,government,政府机构及社会团体;社会团体;慈善机构,成华区,104.12746,30.685747
关家堰社区慈善捐赠站,government,政府机构及社会团体;社会团体;慈善机构,成华区,104.132124,30.682507
中共二仙桥街道工作委员会,government,政府机构及社会团体;政府机关;乡镇级政府及事业单位,成华区,104.124017,30.682701
二仙桥派出所成都市二仙桥学校警务室,government,政府机构及社会团体;公检法机构;公安警察,成华区,104.134805,30.680176
四川华测工程检测,government,政府机构及社会团体;公检法机构;公证鉴定机构,成华区,104.140987,30.68595
华林社区居民议事会,government,政府机构及社会团体;社会团体;社会团体相关,成华区,104.140297,30.684416
华林社区综合管理服务站,government,政府机构及社会团体;政府机关;乡镇以下级政府及事业单位,成华区,104.140294,30.684414
成都市成华区圣灯街道华林社区居民委员会,government,政府机构及社会团体;政府机关;乡镇以下级政府及事业单位,成华区,104.13992,30.684646
下涧槽社区退休管理办公室,government,政府机构及社会团体;政府机关;乡镇以下级政府及事业单位,成华区,104.134077,30.683755
成都市成华区二仙桥街道下涧漕社区居民委员会,government,政府机构及社会团体;政府机关;乡镇以下级政府及事业单位,成华区,104.136946,30.683823
下涧槽社区计划生育协会,government,政府机构及社会团体;社会团体;社会团体相关,成华区,104.134077,30.683755
下涧槽社区居委会,government,政府机构及社会团体;政府机关;乡镇以下级政府及事业单位,成华区,104.134077,30.683755
下涧槽社区协商议事委员会,government,政府机构及社会团体;政府机关;乡镇以下级政府及事业单位,成华区,104.134077,30.683755
二仙桥街道下涧槽社区党支部,government,政府机构及社会团体;政府机关;乡镇以下级政府及事业单位,成华区,104.134077,30.683755
成都蜀通岩土工程检测监测中心,government,政府机构及社会团体;公检法机构;公证鉴定机构,成华区,104.1437,30.680617
成都德泰堂长生书院,government,政府机构及社会团体;社会团体;慈善机构,成华区,104.161581,30.683784
成都市龙潭机动车检测站,government,政府机构及社会团体;交通车辆管理;验车场,成华区,104.16811,30.688487
雷奥风电传感器有限公司工会委员会,government,政府机构及社会团体;社会团体;社会团体相关,成华区,104.172675,30.687228
鹤林社区居委会(华冠路),government,政府机构及社会团体;政府机关;乡镇以下级政府及事业单位,成华区,104.170362,30.683556
复盛实业(上海)有限公司西南压缩机部工会委员会,government,政府机构及社会团体;社会团体;社会团体相关,成华区,104.165583,30.684831
中国微电影协会成都分会,government,政府机构及社会团体;社会团体;行业协会,成华区,104.179616,30.688615
成都华光无损检测有限公司,government,政府机构及社会团体;公检法机构;公证鉴定机构,成华区,104.182165,30.689235
四川华邦建筑工程质量鉴定有限公司(华实路),government,政府机构及社会团体;公检法机构;公证鉴定机构,成华区,104.179482,30.688522
中共威灵社区支部委员会,government,政府机构及社会团体;政府机关;乡镇以下级政府及事业单位,成华区,104.18007,30.687978
成都市成华区龙潭街道办事处威灵社区居民委员会,government,政府机构及社会团体;政府机关;乡镇以下级政府及事业单位,成华区,104.180068,30.687982
中电电气化局,government,政府机构及社会团体;政府及社会团体相关;政府及社会团体相关,成华区,104.179761,30.688609
中储粮质检中心,government,政府机构及社会团体;政府及社会团体相关;政府及社会团体相关,成华区,104.178322,30.685287
四川省环境监测总站,government,政府机构及社会团体;政府机关;省直辖市级政府及事业单位,青羊区,103.969288,30.674801
四川省固体废物管理中心,government,政府机构及社会团体;政府机关;省直辖市级政府及事业单位,青羊区,103.969315,30.674773
四川省机动车排污监控中心,government,政府机构及社会团体;政府机关;省直辖市级政府及事业单位,青羊区,103.969315,30.674773
四川省环境保护宣传教育服务中心,government,政府机构及社会团体;政府机关;省直辖市级政府及事业单位,青羊区,103.969315,30.674773
四川省环境保护对外经济合作服务中心,government,政府机构及社会团体;政府机关;省直辖市级政府及事业单位,青羊区,103.969315,30.674773
四川省环境保护产业协会,government,政府机构及社会团体;社会团体;行业协会,青羊区,103.969315,30.674773
四川环境监测大楼,government,政府机构及社会团体;政府机关;政府机关相关,青羊区,103.969315,30.674773
中国建筑第二工程局,government,政府机构及社会团体;政府及社会团体相关;政府及社会团体相关,青羊区,103.972046,30.678423
西物精锐汽车机动车登记服务站,government,政府机构及社会团体;交通车辆管理;交通车辆管理相关,青羊区,103.96972,30.676783
苏坡街道办事处社会事务服务中心,government,政府机构及社会团体;政府机关;乡镇级政府及事业单位,青羊区,103.983107,30.672097
中共中鹏社区委员会,government,政府机构及社会团体;政府机关;区县级政府及事业单位,青羊区,103.98207,30.673443
苏坡工商所,government,政府机构及社会团体;工商税务机构;工商部门,青羊区,103.982948,30.673977
苏坡街道办事处,government,政府机构及社会团体;政府机关;乡镇级政府及事业单位,青羊区,103.983107,30.672097
中坝社区居民议事会,government,政府机构及社会团体;社会团体;社会团体相关,青羊区,103.977696,30.67252
工商行政管理,government,政府机构及社会团体;政府及社会团体相关;政府及社会团体相关,青羊区,103.982917,30.673952
苏坡街道食品药品安全委员会,government,政府机构及社会团体;政府机关;乡镇级政府及事业单位,青羊区,103.983104,30.6721
中共苏坡街道纪律检查工作委员会,government,政府机构及社会团体;政府机关;乡镇级政府及事业单位,青羊区,103.983107,30.672097
青羊区个体私营企业协会苏坡分会,government,政府机构及社会团体;社会团体;行业协会,青羊区,103.982917,30.672642
神洲老协摩托骑游大队苏坡分队,government,政府机构及社会团体;社会团体;行业协会,青羊区,103.979703,30.672068
苏坡街道中鹏社区综合执法队,government,政府机构及社会团体;政府机关;乡镇以下级政府及事业单位,青羊区,103.982093,30.671668
青羊区食品药品监督管理局苏坡食药监所,government,政府机构及社会团体;政府机关;乡镇级政府及事业单位,青羊区,103.982945,30.67397
成都市青羊区司法局苏坡司法所,government,政府机构及社会团体;公检法机构;公检法机关,青羊区,103.983106,30.6721
青羊区市场和质量监督管理局苏坡监管所,government,政府机构及社会团体;政府机关;乡镇级政府及事业单位,青羊区,103.982944,30.67397
青羊区苏坡街道中鹏社区四改六治理办公室,government,政府机构及社会团体;政府及社会团体相关;政府及社会团体相关,青羊区,103.982037,30.671363
中共中坝社区委员会,government,政府机构及社会团体;政府机关;乡镇以下级政府及事业单位,青羊区,103.974569,30.672649
中坝社区居委会(培风路),government,政府机构及社会团体;政府机关;乡镇以下级政府及事业单位,青羊区,103.974567,30.672648
苏坡街道中鹏社区劳动保障站,government,政府机构及社会团体;政府机关;乡镇以下级政府及事业单位,青羊区,103.982098,30.673565
中共中鹏社区纪律检查委员会,government,政府机构及社会团体;政府机关;乡镇以下级政府及事业单位,青羊区,103.982098,30.673565
苏坡街道中鹏社区残疾人工作站,government,政府机构及社会团体;政府机关;乡镇以下级政府及事业单位,青羊区,103.982098,30.673565
苏坡国土资源管理所,government,政府机构及社会团体;政府机关;乡镇级政府及事业单位,青羊区,103.983107,30.672097
苏坡辖区城市管理委员会,government,政府机构及社会团体;政府机关;乡镇级政府及事业单位,青羊区,103.983107,30.672097
四川省残疾人协会骑游队苏坡分队,government,政府机构及社会团体;社会团体;残联,青羊区,103.979704,30.672068
中鹏社区居委会,government,政府机构及社会团体;政府机关;乡镇以下级政府及事业单位,青羊区,103.982098,30.673565
中共苏坡街道工作委员会,government,政府机构及社会团体;政府机关;乡镇级政府及事业单位,青羊区,103.983107,30.672097
青羊区个体私营经济协会苏坡分会,government,政府机构及社会团体;社会团体;行业协会,青羊区,103.983015,30.67268
成都市国土局青羊分局苏坡国土所,government,政府机构及社会团体;政府机关;地市级政府及事业单位,青羊区,103.982457,30.672035
苏坡街道中鹏社区居民议事会,government,政府机构及社会团体;社会团体;社会团体相关,青羊区,103.982098,30.673565
光华工商所,government,政府机构及社会团体;工商税务机构;工商部门,青羊区,103.988857,30.674733
四川省水文水资源勘测局国家水文资料档案库,government,政府机构及社会团体;政府机关;省直辖市级政府及事业单位,青羊区,103.984336,30.677092
成都市青羊区苏坡供销合作社,government,政府机构及社会团体;社会团体;社会团体相关,青羊区,103.986488,30.671034
双新路社区民情议事厅,government,政府机构及社会团体;政府及社会团体相关;政府及社会团体相关,青羊区,103.987809,30.673097
双新路社区第二党支部,government,政府机构及社会团体;政府及社会团体相关;政府及社会团体相关,青羊区,103.987812,30.673086
双新路社区民主监事会,government,政府机构及社会团体;政府及社会团体相关;政府及社会团体相关,青羊区,103.98774,30.673267
青羊区东坡街道双新路社区委员会,government,政府机构及社会团体;政府机关;地市级政府及事业单位,青羊区,103.991386,30.674409
东坡街道双新路社区居民议事会,government,政府机构及社会团体;政府机关;乡镇以下级政府及事业单位,青羊区,103.991092,30.674509
双新路社区治保巡逻队,government,政府机构及社会团体;公检法机构;社会治安机构,青羊区,103.992637,30.674984
双新路社区居委会,government,政府机构及社会团体;政府机关;乡镇以下级政府及事业单位,青羊区,103.991092,30.674509
中共双新路社区委员会,government,政府机构及社会团体;政府机关;乡镇以下级政府及事业单位,青羊区,103.991092,30.674509
青羊区城市管理指挥监督中心,government,政府机构及社会团体;政府机关;区县级政府及事业单位,青羊区,103.991908,30.670081
东坡派出所双新路社区警务室,government,政府机构及社会团体;公检法机构;社会治安机构,青羊区,103.992637,30.674984
四川省水文仪器设备测试所,government,政府机构及社会团体;公检法机构;公证鉴定机构,青羊区,103.984336,30.677092
康定市人民政府驻成都办事处,government,政府机构及社会团体;政府机关;外地政府办,青羊区,104.000691,30.672156
成都市科学技术协会(贝森南路),government,政府机构及社会团体;社会团体;行业协会,青羊区,104.001861,30.669898
东坡派出所贝森路社区警务室,government,政府机构及社会团体;公检法机构;公安警察,青羊区,104.001219,30.671135
中国民族贸易促进会四川办事处,government,政府机构及社会团体;政府及社会团体相关;政府及社会团体相关,青羊区,103.99574,30.676862
成都居然之家金沙店办公室,government,政府机构及社会团体;政府及社会团体相关;政府及社会团体相关,青羊区,103.999266,30.676492
贝森路社区居委会,government,政府机构及社会团体;政府机关;乡镇以下级政府及事业单位,青羊区,104.00131,30.671256
中共贝森路社区纪律检查委员会,government,政府机构及社会团体;政府机关;乡镇以下级政府及事业单位,青羊区,104.00131,30.671267
成都市青羊区东坡街道贝森路社区委员会,government,政府机构及社会团体;政府机关;乡镇以下级政府及事业单位,青羊区,104.00121,30.671259
中共贝森路社区委员会,government,政府机构及社会团体;政府机关;乡镇以下级政府及事业单位,青羊区,104.00131,30.671256
中共金凤社区委员会,government,政府机构及社会团体;政府机关;乡镇以下级政府及事业单位,青羊区,104.001182,30.679041
东坡街道贝森路社区居民议事会,government,政府机构及社会团体;政府机关;乡镇以下级政府及事业单位,青羊区,104.001311,30.671266
光华辖区社会治安综合管理委员会,government,政府机构及社会团体;政府机关;乡镇级政府及事业单位,青羊区,104.007268,30.671916
光华街道办事处就业和社会保障服务中心,government,政府机构及社会团体;政府机关;乡镇级政府及事业单位,青羊区,104.007241,30.671916
成都市总工会(贝森路),government,政府机构及社会团体;社会团体;社会团体相关,青羊区,104.005855,30.672568
光华街道办事处(中环路青羊大道段),government,政府机构及社会团体;政府机关;乡镇级政府及事业单位,青羊区,104.007268,30.671916
青羊区公安分局光华派出所财大警务室,government,政府机构及社会团体;公检法机构;公安警察,青羊区,104.006969,30.671516
技术检测中心,government,政府机构及社会团体;公检法机构;公证鉴定机构,青羊区,104.005073,30.676323
成都市职工技术协会,government,政府机构及社会团体;政府及社会团体相关;政府及社会团体相关,青羊区,104.005982,30.672174
光华街道食品药品安全委员会,government,政府机构及社会团体;政府机关;乡镇级政府及事业单位,青羊区,104.007268,30.671916
光华街道安全生产监督管理委员会,government,政府机构及社会团体;政府机关;乡镇级政府及事业单位,青羊区,104.007268,30.671916
光华街道办事处爱国卫生运动委员会,government,政府机构及社会团体;政府机关;乡镇级政府及事业单位,青羊区,104.007268,30.671916
成都市工人文化宫办公区,government,政府机构及社会团体;政府机关;政府机关相关,青羊区,104.005982,30.672174
成都市总工会职工帮扶中心,government,政府机构及社会团体;政府机关;政府机关相关,青羊区,104.005982,30.672174
中共光华街道纪律检查工作委员会(中环路青羊大道段),government,政府机构及社会团体;政府机关;乡镇级政府及事业单位,青羊区,104.007268,30.671916
中共光华街道工作委员会(中环路青羊大道段),government,政府机构及社会团体;政府机关;乡镇级政府及事业单位,青羊区,104.007268,30.671916
锦屏社区公共事务所,government,政府机构及社会团体;政府机关;乡镇以下级政府及事业单位,青羊区,104.011631,30.674798
中共抗白门诊部支部委员会,government,政府机构及社会团体;社会团体;社会团体相关,青羊区,104.013623,30.67413
中共府南街道锦屏社区委员会,government,政府机构及社会团体;政府机关;乡镇以下级政府及事业单位,青羊区,104.01163,30.674811
中共锦屏社区纪律检查委员会,government,政府机构及社会团体;政府机关;乡镇以下级政府及事业单位,青羊区,104.011631,30.674798
锦屏社区居委会(锦屏南路),government,政府机构及社会团体;政府机关;乡镇以下级政府及事业单位,青羊区,104.01163,30.674811
中共成都金沙医院党支部(中环路青羊大道段),government,政府机构及社会团体;社会团体;社会团体相关,青羊区,104.007302,30.675706
成都青羊国际儿童生命树协会,government,政府机构及社会团体;社会团体;社会团体相关,青羊区,104.011519,30.678906
成都市轻微道路交通事故快速处理青羊区服务中心,government,政府机构及社会团体;交通车辆管理;交通车辆管理相关,青羊区,104.005004,30.675576
成都市城市管理行政执法局二分局,government,政府机构及社会团体;政府机关;地市级政府及事业单位,青羊区,104.017158,30.675999
成都市城市管理行政执法总队,government,政府机构及社会团体;政府机关;地市级政府及事业单位,青羊区,104.017226,30.675996
青羊区公安分局府南派出所战旗警务室,government,政府机构及社会团体;公检法机构;公安警察,青羊区,104.016822,30.675784
成都市城市管理行政执法总队二支队,government,政府机构及社会团体;政府机关;地市级政府及事业单位,青羊区,104.017226,30.675996
成都市青羊区国防动员委员会,government,政府机构及社会团体;政府机关;区县级政府及事业单位,青羊区,104.018751,30.675118
成都犍为商会,government,政府机构及社会团体;政府及社会团体相关;政府及社会团体相关,青羊区,104.020391,30.669547
成都市扬尘整治工作指挥部办公室,government,政府机构及社会团体;政府机关;地市级政府及事业单位,青羊区,104.017226,30.675996
成都演艺协会,government,政府机构及社会团体;社会团体;行业协会,青羊区,104.018466,30.67612
成都家具商会,government,政府机构及社会团体;政府及社会团体相关;政府及社会团体相关,青羊区,104.018236,30.671018
成都市青羊区公路管理所,government,政府机构及社会团体;政府及社会团体相关;政府及社会团体相关,青羊区,104.018617,30.676846
四川省成都市神州老协骑游队,government,政府机构及社会团体;社会团体;社会团体相关,青羊区,104.017919,30.67812
青羊区个体私营经济协会草堂分会,government,政府机构及社会团体;社会团体;行业协会,青羊区,104.017551,30.676793
成都风湿医院工会委员会,government,政府机构及社会团体;社会团体;社会团体相关,青羊区,104.019826,30.677542
TESOL国际英语教师四川认证管理中心,government,政府机构及社会团体;公检法机构;公证鉴定机构,青羊区,104.015356,30.672366
西南财经大学校友总会办公室,government,政府机构及社会团体;社会团体;社会团体相关,青羊区,104.014101,30.672664
中共成都风湿医院支部委员会,government,政府机构及社会团体;社会团体;社会团体相关,青羊区,104.019826,30.677542
四川省残疾人协会骑游队,government,政府机构及社会团体;社会团体;社会团体相关,青羊区,104.017919,30.67812
光华街道清康社区流动人口服务管理工作站,government,政府机构及社会团体;政府机关;乡镇以下级政府及事业单位,青羊区,104.01764,30.670749
战旗社区居委会,government,政府机构及社会团体;政府机关;乡镇以下级政府及事业单位,青羊区,104.016871,30.676022
青羊区光华街道办事处清康社区居委会,government,政府机构及社会团体;政府机关;区县级政府及事业单位,青羊区,104.01764,30.670751
青羊区光华街道办事处清康社区,government,政府机构及社会团体;政府机关;乡镇以下级政府及事业单位,青羊区,104.017955,30.670762
四川省茶叶行业协会联络处,government,政府机构及社会团体;社会团体;行业协会,青羊区,104.022928,30.671718
石仁社会组织孵化中心,government,政府机构及社会团体;社会团体;社会团体相关,青羊区,104.027653,30.678528
西安路街道办事处(青西路),government,政府机构及社会团体;政府机关;乡镇级政府及事业单位,金牛区,104.032178,30.675035
成都市青羊区政府府南街道办事处,government,政府机构及社会团体;政府机关;乡镇级政府及事业单位,青羊区,104.024137,30.676952
国家统计局四川调查总队,government,政府机构及社会团体;政府机关;省直辖市级政府及事业单位,青羊区,104.03108,30.670487
府南派出所,government,政府机构及社会团体;公检法机构;公安警察,青羊区,104.023885,30.677074
成都市创业促进中心,government,政府机构及社会团体;政府机关;地市级政府及事业单位,青羊区,104.032352,30.67095
成都市青羊区环境保护局,government,政府机构及社会团体;政府机关;区县级政府及事业单位,青羊区,104.025857,30.675085
成都市公安局青羊区分局巡警大队,government,政府机构及社会团体;公检法机构;公安警察,青羊区,104.031236,30.669621
成都市金牛区烟草专卖局,government,政府机构及社会团体;政府机关;区县级政府及事业单位,青羊区,104.033369,30.671088
中共四川省电力公司委员会,government,政府机构及社会团体;社会团体;社会团体相关,青羊区,104.028154,30.670496
成都市青羊区环境监测站,government,政府机构及社会团体;政府机关;区县级政府及事业单位,青羊区,104.025857,30.675085
成都市青羊区环境监察执法大队,government,政府机构及社会团体;政府机关;区县级政府及事业单位,青羊区,104.025857,30.675085
四川省监察厅,government,政府机构及社会团体;政府机关;省直辖市级政府及事业单位,青羊区,104.028959,30.673962
中共石人北路社区委员会,government,政府机构及社会团体;政府机关;乡镇以下级政府及事业单位,青羊区,104.027644,30.678388
成都市摄影师协会,government,政府机构及社会团体;社会团体;行业协会,青羊区,104.030876,30.671465
成都国学研究会,government,政府机构及社会团体;社会团体;行业协会,青羊区,104.023702,30.671466
大庆路军干院,government,政府机构及社会团体;政府机关;区县级政府及事业单位,青羊区,104.028035,30.67553
四川省纪律检查委员会,government,政府机构及社会团体;公检法机构;公检法机关,青羊区,104.028963,30.673953
西部视界摄影俱乐部,government,政府机构及社会团体;社会团体;社会团体相关,青羊区,104.030876,30.671465
国家统计调查局,government,政府机构及社会团体;政府及社会团体相关;政府及社会团体相关,青羊区,104.030768,30.670361
签到验证处,government,政府机构及社会团体;政府及社会团体相关;政府及社会团体相关,青羊区,104.02909,30.676671
青羊区建筑工程质量监督站,government,政府机构及社会团体;公检法机构;公证鉴定机构,青羊区,104.029972,30.673088
四川省消防协会,government,政府机构及社会团体;社会团体;行业协会,青羊区,104.025085,30.67228
石人北路社区居委会,government,政府机构及社会团体;政府机关;乡镇以下级政府及事业单位,青羊区,104.027654,30.678384
西南大学四川校友会,government,政府机构及社会团体;社会团体;社会团体相关,青羊区,104.029937,30.671195
四川省消防与安全技术防范产品质量监督检验站,government,政府机构及社会团体;公检法机构;公证鉴定机构,青羊区,104.024784,30.673425
文苑社区劳动保障工作站,government,政府机构及社会团体;政府机关;乡镇以下级政府及事业单位,青羊区,104.025424,30.676403
石人南路社区居委会,government,政府机构及社会团体;政府机关;乡镇以下级政府及事业单位,青羊区,104.030903,30.671421
中共石人南路社区委员会,government,政府机构及社会团体;政府机关;乡镇以下级政府及事业单位,青羊区,104.030907,30.671419
石人南路警务室,government,政府机构及社会团体;公检法机构;社会治安机构,青羊区,104.026615,30.676271
中共府南街道文苑社区委员会,government,政府机构及社会团体;政府机关;乡镇以下级政府及事业单位,青羊区,104.025422,30.676404
中共文苑社区纪律检查委员会,government,政府机构及社会团体;政府机关;乡镇以下级政府及事业单位,青羊区,104.025423,30.676403
名山区融入成都经济区领导小组成都联络处,government,政府机构及社会团体;政府机关;外地政府办,青羊区,104.023934,30.671071
中共石人北路社区纪律检查委员会,government,政府机构及社会团体;政府机关;乡镇以下级政府及事业单位,青羊区,104.027647,30.67839
文苑社区居委会(石人南路),government,政府机构及社会团体;政府机关;乡镇以下级政府及事业单位,青羊区,104.025424,30.676403
府南派出所文苑警务室,government,政府机构及社会团体;公检法机构;公安警察,青羊区,104.025426,30.676401
府南街道石人南路社区公共事务所,government,政府机构及社会团体;政府机关;乡镇以下级政府及事业单位,青羊区,104.030907,30.671419
中共石人南路社区纪律检查委员会,government,政府机构及社会团体;政府机关;乡镇以下级政府及事业单位,青羊区,104.030903,30.671421
金牛区西安路街道教育委员会,government,政府机构及社会团体;政府机关;乡镇级政府及事业单位,金牛区,104.032178,30.675035
青羊区爱心慈善会府南街道慈善联络站,government,政府机构及社会团体;社会团体;慈善机构,青羊区,104.023789,30.677197
文苑社区劳动保障服务站(石人南路),government,政府机构及社会团体;政府机关;乡镇以下级政府及事业单位,青羊区,104.025424,30.676403
金牛区西安路街道办事处司法所,government,政府机构及社会团体;公检法机构;公检法机关,金牛区,104.032178,30.675035
成都市西安路地区科学技术协会,government,政府机构及社会团体;社会团体;行业协会,金牛区,104.032178,30.675035
西安路辖区爱国卫生运动委员会,government,政府机构及社会团体;政府机关;乡镇级政府及事业单位,金牛区,104.032178,30.675035
金牛区西安路辖区计划生育协会,government,政府机构及社会团体;社会团体;社会团体相关,金牛区,104.032178,30.675035
中共金牛区西安路街道工作委员会,government,政府机构及社会团体;政府机关;乡镇级政府及事业单位,金牛区,104.032178,30.675035
文苑社区信访调解室,government,政府机构及社会团体;政府机关;乡镇以下级政府及事业单位,青羊区,104.025424,30.676404
文苑社区社区办公室,government,政府机构及社会团体;政府机关;乡镇以下级政府及事业单位,青羊区,104.025424,30.676403
成都市青羊区府南司法所,government,政府机构及社会团体;公检法机构;公检法机关,青羊区,104.024137,30.676952
金牛区西安路就业服务管理所,government,政府机构及社会团体;政府机关;乡镇级政府及事业单位,金牛区,104.032178,30.675035
成都市城建监察总队西安路监察中队,government,政府机构及社会团体;政府机关;乡镇级政府及事业单位,金牛区,104.032178,30.675035
西安路辖区协税护税管理委员会,government,政府机构及社会团体;工商税务机构;工商税务机构,金牛区,104.032178,30.675035
府南文苑社区人民调解委员会,government,政府机构及社会团体;政府机关;乡镇以下级政府及事业单位,青羊区,104.025424,30.676404
成都市金牛区西安路残疾人协会,government,政府机构及社会团体;社会团体;残联,金牛区,104.032178,30.675035
铁路19局,government,政府机构及社会团体;政府及社会团体相关;政府及社会团体相关,青羊区,104.02393,30.671475
石南社区办公室,government,政府机构及社会团体;政府及社会团体相关;政府及社会团体相关,青羊区,104.030463,30.671287
湖北商会,government,政府机构及社会团体;政府及社会团体相关;政府及社会团体相关,青羊区,104.030361,30.671129
攀枝花市人民政府驻成都办事处(民族饭店H座东),government,政府机构及社会团体;政府机关;外地政府办,金牛区,104.042745,30.675285
成都市金牛区人民政府教育督导室,government,政府机构及社会团体;政府机关;区县级政府及事业单位,金牛区,104.03925,30.676716
西安路街道就业和社会保障服务中心,government,政府机构及社会团体;政府机关;乡镇级政府及事业单位,金牛区,104.039907,30.674226
成都市金牛区教育局,government,政府机构及社会团体;政府机关;区县级政府及事业单位,金牛区,104.03925,30.676716
成都市经济信息中心,government,政府机构及社会团体;政府机关;地市级政府及事业单位,金牛区,104.036808,30.672932
抚琴派出所,government,政府机构及社会团体;公检法机构;公安警察,金牛区,104.036458,30.67849
四川省投资促进局,government,政府机构及社会团体;政府机关;省直辖市级政府及事业单位,金牛区,104.040693,30.677176
四川省水产局(一环路西三段),government,政府机构及社会团体;政府机关;省直辖市级政府及事业单位,金牛区,104.037613,30.671978
成都市城市照明管理处,government,政府机构及社会团体;政府机关;地市级政府及事业单位,金牛区,104.040487,30.679372
成都市人防平战结合管理处,government,政府机构及社会团体;政府机关;地市级政府及事业单位,金牛区,104.043537,30.674371
成都归国藏胞接待站,government,政府机构及社会团体;政府机关;地市级政府及事业单位,金牛区,104.043259,30.674884
成都市信息协会,government,政府机构及社会团体;社会团体;行业协会,金牛区,104.036808,30.672932
成都市中小企业服务中心(文华路),government,政府机构及社会团体;政府机关;地市级政府及事业单位,金牛区,104.037358,30.675259
四川省重大引进项目协调推进领导小组办公室(永陵路),government,政府机构及社会团体;政府机关;省直辖市级政府及事业单位,金牛区,104.040693,30.677176
西安路派出所白果林社区警务室,government,政府机构及社会团体;公检法机构;公安警察,金牛区,104.03506,30.671983
四川省渔政船检港监管理处(一环路西三段),government,政府机构及社会团体;政府机关;省直辖市级政府及事业单位,金牛区,104.037613,30.671978
金牛区大学中专招生委员会办公室,government,政府机构及社会团体;政府机关;区县级政府及事业单位,金牛区,104.03925,30.676716
西安路派出所青羊北路社区警务室,government,政府机构及社会团体;公检法机构;公安警察,金牛区,104.039901,30.674229
西安路街道金琴南路社区,government,政府机构及社会团体;政府机关;乡镇以下级政府及事业单位,金牛区,104.035153,30.677927
中共四川省渔业船舶检验局,government,政府机构及社会团体;政府机关;省直辖市级政府及事业单位,金牛区,104.037613,30.671978
成都市金牛区妇女联合会,government,政府机构及社会团体;社会团体;妇联,金牛区,104.036106,30.678158
成都市社区文化建设促进会,government,政府机构及社会团体;社会团体;社会团体相关,金牛区,104.036106,30.678158
金牛区高等教育自学考试工作委员会办公室,government,政府机构及社会团体;政府机关;区县级政府及事业单位,金牛区,104.03925,30.676716
金牛区公安分局西安路派出所青羊北路警务室,government,政府机构及社会团体;公检法机构;公安警察,金牛区,104.039698,30.674529
成都市金牛区残疾人联合会,government,政府机构及社会团体;社会团体;残联,金牛区,104.036106,30.678158
成都市安全技术工程服务中心,government,政府机构及社会团体;政府机关;地市级政府及事业单位,金牛区,104.036992,30.674963
成都市职业安全健康协会,government,政府机构及社会团体;社会团体;行业协会,金牛区,104.036992,30.674963
中国共产党金牛区西安路街道白果林社区委员会,government,政府机构及社会团体;政府机关;区县级政府及事业单位,金牛区,104.03506,30.671983
成都市发展和改革委员会学术委员会,government,政府机构及社会团体;政府机关;地市级政府及事业单位,金牛区,104.036926,30.672953
成都企业信用评估与诚信评价协会,government,政府机构及社会团体;社会团体;行业协会,金牛区,104.041051,30.671024
四川省茶业行业协会,government,政府机构及社会团体;社会团体;行业协会,金牛区,104.042641,30.670484
成都思友国际乒乓球联谊会,government,政府机构及社会团体;社会团体;社会团体相关,金牛区,104.036992,30.674963
成都国防教育学会,government,政府机构及社会团体;政府及社会团体相关;政府及社会团体相关,金牛区,104.036777,30.676696
成都市交通稽查征费处稽查大队,government,政府机构及社会团体;交通车辆管理;交通管理机构,金牛区,104.035695,30.675791
四川省工程物探检测中心,government,政府机构及社会团体;公检法机构;公证鉴定机构,金牛区,104.043246,30.670269
西南街社区党支部,government,政府机构及社会团体;政府机关;乡镇以下级政府及事业单位,金牛区,104.037706,30.679427
四川省工商联矿业商会,government,政府机构及社会团体;政府及社会团体相关;政府及社会团体相关,金牛区,104.036889,30.670028
四川省地质工程检察院,government,政府机构及社会团体;政府及社会团体相关;政府及社会团体相关,金牛区,104.043412,30.671507
四川省水产局质检中心,government,政府机构及社会团体;政府及社会团体相关;政府及社会团体相关,金牛区,104.037607,30.672015
西安路街道女性就业工作站,government,政府机构及社会团体;政府机关;乡镇级政府及事业单位,金牛区,104.039907,30.674226
劳动保障所,government,政府机构及社会团体;政府及社会团体相关;政府及社会团体相关,金牛区,104.039638,30.674474
四川省早期教育行业协会,government,政府机构及社会团体;社会团体;行业协会,金牛区,104.041272,30.676966
成都交警,government,政府机构及社会团体;政府及社会团体相关;政府及社会团体相关,金牛区,104.039816,30.673479
成都中医大国家职业技能鉴定所,government,政府机构及社会团体;公检法机构;公证鉴定机构,金牛区,104.042333,30.66991
攀枝花市医疗保险管理局成都工作站,government,政府机构及社会团体;政府机关;外地政府办,金牛区,104.03909,30.678105
四川省生态文明促进会,government,政府机构及社会团体;社会团体;行业协会,金牛区,104.037546,30.671949
东华咖啡师职业技能鉴定所,government,政府机构及社会团体;公检法机构;公证鉴定机构,金牛区,104.042806,30.6763
四川省武陵经济促进会,government,政府机构及社会团体;政府机关;区县级政府及事业单位,金牛区,104.037692,30.676363
成都市金牛区招生办公室,government,政府机构及社会团体;政府及社会团体相关;政府及社会团体相关,金牛区,104.039246,30.6767
中共金牛区教育局系统工作委员会,government,政府机构及社会团体;政府机关;区县级政府及事业单位,金牛区,104.03925,30.676716
东华咖啡师职业技能鉴定所,government,政府机构及社会团体;公检法机构;公证鉴定机构,金牛区,104.042806,30.6763
四川省武陵经济促进会,government,政府机构及社会团体;政府机关;区县级政府及事业单位,金牛区,104.037692,30.676363
是穿上水产质量监测中心,government,政府机构及社会团体;政府及社会团体相关;政府及社会团体相关,金牛区,104.037521,30.672132
成都市金牛区招生办公室,government,政府机构及社会团体;政府及社会团体相关;政府及社会团体相关,金牛区,104.039246,30.6767
中共金牛区教育局系统工作委员会,government,政府机构及社会团体;政府机关;区县级政府及事业单位,金牛区,104.03925,30.676716
四川省珍稀鱼类国家级自然保护区管理局,government,政府机构及社会团体;政府机关;政府机关相关,金牛区,104.037613,30.671978
成都市金牛区城市管理局城肥所,government,政府机构及社会团体;政府机关;政府机关相关,金牛区,104.040571,30.678976
甘孜藏族自治州林业局驻成都办事处,government,政府机构及社会团体;政府机关;外地政府办,金牛区,104.035138,30.675855
四川省投资促进局活动推广处,government,政府机构及社会团体;政府及社会团体相关;政府及社会团体相关,金牛区,104.040693,30.677176
金牛区价格监督检查工作二站,government,政府机构及社会团体;政府机关;区县级政府及事业单位,金牛区,104.039907,30.674226
青羊北路警务区,government,政府机构及社会团体;公检法机构;社会治安机构,金牛区,104.039637,30.674474
金琴南路社区妇联家庭志愿服务点,government,政府机构及社会团体;社会团体;妇联,金牛区,104.035153,30.677927
金牛区市场和质量监督管理局西安路市场监督管理所,government,政府机构及社会团体;政府机关;政府机关相关,金牛区,104.039575,30.674543
中共四川省生殖健康研究中心附属生殖专科医院支部委员会,government,政府机构及社会团体;社会团体;社会团体相关,金牛区,104.037731,30.672489
抚琴派出所西南街警务室,government,政府机构及社会团体;公检法机构;社会治安机构,金牛区,104.037706,30.679427
四川省对国外藏胞工作领导小组办公室,government,政府机构及社会团体;政府机关;省直辖市级政府及事业单位,金牛区,104.043225,30.674748
成都市经信委离退休人员管理办公室,government,政府机构及社会团体;政府机关;地市级政府及事业单位,金牛区,104.037348,30.67522
西藏自治区出入境检验检疫局驻成都办事处,government,政府机构及社会团体;政府机关;外地政府办,金牛区,104.034419,30.674668
金琴南路社区交通安全社区服务站,government,政府机构及社会团体;交通车辆管理;交通管理机构,金牛区,104.035153,30.677927
中华人民共和国西藏入境检验检疫局驻成都办事处,government,政府机构及社会团体;政府及社会团体相关;政府及社会团体相关,金牛区,104.034546,30.674566
青羊北路社区居委会,government,政府机构及社会团体;政府机关;乡镇以下级政府及事业单位,金牛区,104.039637,30.674474
西南街社区老年人协会,government,政府机构及社会团体;社会团体;社会团体相关,金牛区,104.037706,30.679427
成都市青羊小区鸟协,government,政府机构及社会团体;社会团体;行业协会,金牛区,104.039411,30.673994
白果林社区居委会(青西路),government,政府机构及社会团体;政府机关;乡镇以下级政府及事业单位,金牛区,104.033783,30.674396
金琴南路社区城管,government,政府机构及社会团体;政府机关;乡镇以下级政府及事业单位,金牛区,104.035153,30.677927
中华人民共和国西藏出入境检验检疫局住成都办事处,government,政府机构及社会团体;政府及社会团体相关;政府及社会团体相关,金牛区,104.034431,30.674644
成都市西安路辖区老协骑游队,government,政府机构及社会团体;社会团体;社会团体相关,金牛区,104.034033,30.675357
白果林派出所金琴南路警务区,government,政府机构及社会团体;公检法机构;社会治安机构,金牛区,104.035,30.678289
白果林派出所金琴南路警务室,government,政府机构及社会团体;公检法机构;公安警察,金牛区,104.034997,30.678289
中共攀枝花市委组织部驻成都流动党员服务站,government,政府机构及社会团体;政府机关;外地政府办,金牛区,104.042745,30.675285
中共青羊北路社区区城委员会,government,政府机构及社会团体;政府机关;乡镇以下级政府及事业单位,金牛区,104.039582,30.674639
金牛社区居委会(青羊东二路),government,政府机构及社会团体;政府机关;乡镇以下级政府及事业单位,金牛区,104.041818,30.672582
金琴南路社区居委会,government,政府机构及社会团体;政府机关;乡镇以下级政府及事业单位,金牛区,104.035153,30.677927
成都市铁路道口安全委员会办公室,government,政府机构及社会团体;政府机关;地市级政府及事业单位,金牛区,104.036992,30.674963
阿坝州发展和改革委员会驻成都办事处,government,政府机构及社会团体;政府机关;外地政府办,金牛区,104.042745,30.675285
成都银雁霸道户外探险俱乐部,government,政府机构及社会团体;社会团体;社会团体相关,金牛区,104.037496,30.672846
青羊北路社区残疾人协会,government,政府机构及社会团体;社会团体;残联,金牛区,104.039637,30.674474
金牛社区党支部(青羊东二路),government,政府机构及社会团体;政府机关;乡镇以下级政府及事业单位,金牛区,104.041818,30.672582
金琴南路社区党支部,government,政府机构及社会团体;政府机关;乡镇以下级政府及事业单位,金牛区,104.035153,30.677927
西安路派出所枣子巷警务室,government,政府机构及社会团体;公检法机构;社会治安机构,金牛区,104.042274,30.672702
西南街社区妇女联合会,government,政府机构及社会团体;社会团体;妇联,金牛区,104.037706,30.679427
青羊北路社区妇女联合会,government,政府机构及社会团体;社会团体;妇联,金牛区,104.039637,30.674474
西南街社区流动人口出租房屋登记服务站,government,政府机构及社会团体;公检法机构;社会治安机构,金牛区,104.037706,30.679427
西南街社区信访接待室,government,政府机构及社会团体;政府机关;乡镇以下级政府及事业单位,金牛区,104.037706,30.679427
西南街社区团支部,government,政府机构及社会团体;社会团体;共青团,金牛区,104.037706,30.679427
青羊北路社区劳动保障工作站,government,政府机构及社会团体;政府机关;乡镇以下级政府及事业单位,金牛区,104.039637,30.674474
青羊北路社区团支部,government,政府机构及社会团体;政府机关;乡镇以下级政府及事业单位,金牛区,104.039637,30.674474
青羊北路社区党支部,government,政府机构及社会团体;政府机关;乡镇以下级政府及事业单位,金牛区,104.039637,30.674474
西安路派出所三洞桥警务室,government,政府机构及社会团体;公检法机构;社会治安机构,金牛区,104.043323,30.674118
青羊北路社区计划生育协会,government,政府机构及社会团体;社会团体;社会团体相关,金牛区,104.039637,30.674474
西安路辖区枣子巷社区流口登记管理服务分站,government,政府机构及社会团体;公检法机构;社会治安机构,金牛区,104.041595,30.672387
西南街社区劳动保障工作站,government,政府机构及社会团体;政府机关;乡镇以下级政府及事业单位,金牛区,104.037706,30.679427
金琴南路社区红十字服务站,government,政府机构及社会团体;社会团体;红十字会,金牛区,104.035153,30.677927
西南街社区计划生育协会,government,政府机构及社会团体;社会团体;社会团体相关,金牛区,104.037706,30.679427
青羊北路社区信访接待室,government,政府机构及社会团体;政府机关;乡镇以下级政府及事业单位,金牛区,104.039637,30.674474
青羊北路社区老年人协会,government,政府机构及社会团体;社会团体;社会团体相关,金牛区,104.039637,30.674474
金琴南路社区党建工作联系站,government,政府机构及社会团体;政府机关;乡镇以下级政府及事业单位,金牛区,104.035153,30.677927
四川省贫困地区人才培育研究基金会教育工程分会,government,政府机构及社会团体;社会团体;慈善机构,金牛区,104.041051,30.671024
西安路街道办事处劳动保障监察,government,政府机构及社会团体;政府机关;乡镇级政府及事业单位,金牛区,104.039637,30.674474
西南街社区信访接待调处室,government,政府机构及社会团体;政府机关;乡镇以下级政府及事业单位,金牛区,104.037706,30.679427
金琴南路社区青少年服务站,government,政府机构及社会团体;政府机关;乡镇以下级政府及事业单位,金牛区,104.035153,30.677927
金琴南路社区信访接待调处室,government,政府机构及社会团体;政府机关;乡镇以下级政府及事业单位,金牛区,104.035153,30.677927
金琴南路社区人民调解委员会,government,政府机构及社会团体;政府机关;乡镇以下级政府及事业单位,金牛区,104.035153,30.677927
金琴南路社区劳动保障工作站,government,政府机构及社会团体;政府机关;乡镇以下级政府及事业单位,金牛区,104.035153,30.677927
枣子巷社区消防工作办公室,government,政府机构及社会团体;公检法机构;消防机关,金牛区,104.041375,30.67241
四川省社会保险事业管理局,government,政府机构及社会团体;政府机关;省直辖市级政府及事业单位,青羊区,104.050315,30.67723
四川省职工社会保险事业管理局,government,政府机构及社会团体;政府机关;省直辖市级政府及事业单位,青羊区,104.050314,30.67723
四川省机关事业单位社会保险基金管理中心,government,政府机构及社会团体;政府机关;省直辖市级政府及事业单位,青羊区,104.050293,30.677087
四川省社会保险事业管理局信息中心,government,政府机构及社会团体;政府机关;省直辖市级政府及事业单位,青羊区,104.050315,30.67723
成都市国家税务局,government,政府机构及社会团体;工商税务机构;国税机关,青羊区,104.048746,30.673202
四道街社区社会捐助接收站,government,政府机构及社会团体;社会团体;慈善机构,青羊区,104.050952,30.675664
成都市地方税务局(西青路),government,政府机构及社会团体;工商税务机构;地税机关,金牛区,104.044635,30.671631
西安路派出所,government,政府机构及社会团体;公检法机构;公安警察,金牛区,104.045882,30.673593
成都市青羊区人民检察院,government,政府机构及社会团体;公检法机构;检察院,青羊区,104.052747,30.669559
青羊区建设局,government,政府机构及社会团体;政府机关;区县级政府及事业单位,青羊区,104.053092,30.669593
成都市青羊区房产管理局,government,政府机构及社会团体;政府机关;区县级政府及事业单位,金牛区,104.04771,30.676041
成都市新闻出版局,government,政府机构及社会团体;政府机关;地市级政府及事业单位,金牛区,104.04652,30.676494
成都市烟草专卖局,government,政府机构及社会团体;政府机关;地市级政府及事业单位,青羊区,104.053007,30.670556
四川省家具进出口商会,government,政府机构及社会团体;社会团体;行业协会,金牛区,104.046279,30.670055
黄瓦街派出所,government,政府机构及社会团体;公检法机构;公安警察,青羊区,104.051163,30.671419
成都服装(服饰)行业协会,government,政府机构及社会团体;社会团体;行业协会,金牛区,104.046338,30.676137
成都市墙材革新建筑节能办公室,government,政府机构及社会团体;政府机关;地市级政府及事业单位,青羊区,104.052368,30.674311
新华工商所(鑫城·立方生活西北),government,政府机构及社会团体;工商税务机构;工商部门,青羊区,104.052378,30.677253
成都市青羊工商局新华工商所,government,政府机构及社会团体;工商税务机构;工商部门,青羊区,104.052157,30.677501
四川省散文诗学会,government,政府机构及社会团体;社会团体;行业协会,青羊区,104.05082,30.675473
成都企业联合会,government,政府机构及社会团体;社会团体;行业协会,金牛区,104.046338,30.676137
西安路派出所第三幼儿园警务室,government,政府机构及社会团体;公检法机构;公安警察,金牛区,104.043874,30.675024
成都市工业经济联合会,government,政府机构及社会团体;社会团体;行业协会,金牛区,104.046338,30.676136
成都表面工程行业协会,government,政府机构及社会团体;社会团体;行业协会,金牛区,104.046311,30.676079
青羊规划分局,government,政府机构及社会团体;政府机关;区县级政府及事业单位,青羊区,104.053092,30.669593
青羊区少城街道办事处四道街社区,government,政府机构及社会团体;政府机关;区县级政府及事业单位,金牛区,104.047873,30.671972
成都市发展经济促进会,government,政府机构及社会团体;社会团体;社会团体相关,金牛区,104.044012,30.675621
工商联家具行业商会,government,政府机构及社会团体;政府及社会团体相关;政府及社会团体相关,金牛区,104.046051,30.669978
四川恒中司法鉴定所,government,政府机构及社会团体;公检法机构;公证鉴定机构,金牛区,104.046179,30.675307
西安路街道永陵社区,government,政府机构及社会团体;政府机关;乡镇以下级政府及事业单位,金牛区,104.048914,30.675364
成都义工联合会,government,政府机构及社会团体;社会团体;社会团体相关,青羊区,104.051338,30.677436
四川鼎鑫司法鉴定所,government,政府机构及社会团体;公检法机构;公证鉴定机构,金牛区,104.046179,30.675307
西安路房管所,government,政府机构及社会团体;政府机关;政府机关相关,金牛区,104.046261,30.670127
四川省教育学会教育心理专业委员会,government,政府机构及社会团体;社会团体;行业协会,金牛区,104.046604,30.676616
四川省烟草学会,government,政府机构及社会团体;政府及社会团体相关;政府及社会团体相关,青羊区,104.052955,30.670583
四川省第二中医医院警务室,government,政府机构及社会团体;政府机关;政府机关相关,青羊区,104.05191,30.674496
四道街社区居委会,government,政府机构及社会团体;政府机关;乡镇以下级政府及事业单位,青羊区,104.050952,30.675664
成都企业文化协会,government,政府机构及社会团体;社会团体;行业协会,金牛区,104.046338,30.676137
成都企业家协会,government,政府机构及社会团体;社会团体;行业协会,金牛区,104.046338,30.676137
成都市金牛区医学会,government,政府机构及社会团体;社会团体;行业协会,金牛区,104.048054,30.67938
四道街社区党委,government,政府机构及社会团体;政府机关;乡镇以下级政府及事业单位,青羊区,104.050952,30.675664
四川省甘肃商会,government,政府机构及社会团体;政府及社会团体相关;政府及社会团体相关,金牛区,104.049063,30.679055
味江陵园办事处,government,政府机构及社会团体;政府及社会团体相关;政府及社会团体相关,金牛区,104.047041,30.670425
成都市建设施工安全与材料设备协会,government,政府机构及社会团体;社会团体;行业协会,青羊区,104.052368,30.674311
青羊区人民检察院反贪污贿赂局,government,政府机构及社会团体;公检法机构;检察院,青羊区,104.052973,30.669883
成都市青羊区物价局价格认证中心,government,政府机构及社会团体;公检法机构;公证鉴定机构,青羊区,104.05063,30.676525
成都工程检测研究所基桩检测站,government,政府机构及社会团体;公检法机构;公证鉴定机构,金牛区,104.046194,30.672267
四川省工商联礼品行业商会,government,政府机构及社会团体;政府及社会团体相关;政府及社会团体相关,金牛区,104.04616,30.674522
四道街社区居民议事会,government,政府机构及社会团体;政府机关;乡镇以下级政府及事业单位,青羊区,104.050955,30.675663
成都市工业集体经济协会,government,政府机构及社会团体;社会团体;行业协会,金牛区,104.046338,30.676137
成都市轻工行业协会,government,政府机构及社会团体;社会团体;行业协会,金牛区,104.046311,30.676078
烟草经济秩序整顿办公室,government,政府机构及社会团体;政府机关;政府机关相关,青羊区,104.053304,30.670659
金仙桥社区居委会,government,政府机构及社会团体;政府机关;乡镇以下级政府及事业单位,金牛区,104.04972,30.678876
永陵社区居委员会,government,政府机构及社会团体;政府机关;乡镇以下级政府及事业单位,金牛区,104.049059,30.675194
中共永陵社区委员会,government,政府机构及社会团体;政府机关;乡镇以下级政府及事业单位,金牛区,104.049059,30.675194
中共四道街社区委员会,government,政府机构及社会团体;政府机关;乡镇以下级政府及事业单位,青羊区,104.050955,30.675663
文化部文化市场发展中心艺术品评估委员会四川工作站,government,政府机构及社会团体;政府及社会团体相关;政府及社会团体相关,金牛区,104.048385,30.679208
国家职业技能鉴定所(席草田街),government,政府机构及社会团体;公检法机构;公证鉴定机构,金牛区,104.047951,30.676174
四川省服装(服饰)行业协会,government,政府机构及社会团体;社会团体;行业协会,金牛区,104.049982,30.679215
2007第四届中国国际美食旅游节组委会办公室,government,政府机构及社会团体;政府机关;政府机关相关,金牛区,104.045966,30.669513
四道街社区劳动保障工作站,government,政府机构及社会团体;政府机关;乡镇以下级政府及事业单位,青羊区,104.050952,30.675664
成都市无线电管理委员会办公室,government,政府机构及社会团体;政府机关;政府机关相关,金牛区,104.048385,30.679208
黄瓦街派出所四道街警务室,government,政府机构及社会团体;公检法机构;社会治安机构,青羊区,104.050952,30.675664
地质矿产勘察开发局,government,政府机构及社会团体;政府及社会团体相关;政府及社会团体相关,金牛区,104.043699,30.671887
成都市地方税务局二分局,government,政府机构及社会团体;工商税务机构;地税机关,金牛区,104.044654,30.67154
成都市地方税务局机关服务中心,government,政府机构及社会团体;工商税务机构;地税机关,金牛区,104.044654,30.67154
成都市青羊区人民政府,government,政府机构及社会团体;政府机关;区县级政府及事业单位,青羊区,104.059365,30.677027
青羊区人民政府信访局,government,政府机构及社会团体;政府机关;区县级政府及事业单位,青羊区,104.057762,30.678974
重庆市人民政府驻四川办事处,government,政府机构及社会团体;政府机关;外地政府办,青羊区,104.055935,30.674483
成都市青羊区人民政府金融工作办公室,government,政府机构及社会团体;政府机关;区县级政府及事业单位,青羊区,104.059731,30.67735
青羊区人民政府少城街道办事处,government,政府机构及社会团体;政府机关;乡镇级政府及事业单位,青羊区,104.056257,30.669687
国家酒类及加工食品质量监督检验中心,government,政府机构及社会团体;公检法机构;公证鉴定机构,青羊区,104.056922,30.669719
西昌市政府驻蓉办,government,政府机构及社会团体;政府机关;外地政府办,青羊区,104.058227,30.676215
青羊区政府采购服务中心,government,政府机构及社会团体;政府及社会团体相关;政府及社会团体相关,青羊区,104.060708,30.676687
四川省人民政府妇女儿童工作委员会办公室,government,政府机构及社会团体;社会团体;妇联,青羊区,104.055416,30.6776
宣汉县政府驻蓉办事处,government,政府机构及社会团体;政府机关;外地政府办,青羊区,104.057254,30.673779
西昌市政府驻成都办事处,government,政府机构及社会团体;政府机关;外地政府办,青羊区,104.058373,30.676251
成都市人民政府政务服务中心建设项目交易分中心,government,政府机构及社会团体;政府机关;地市级政府及事业单位,青羊区,104.057171,30.674903
新华西路街道办事处,government,政府机构及社会团体;政府机关;乡镇级政府及事业单位,青羊区,104.060539,30.675715
新华工商所(东门街),government,政府机构及社会团体;工商税务机构;工商部门,青羊区,104.055932,30.669809
成都市青羊区机关事务管理局,government,政府机构及社会团体;政府机关;区县级政府及事业单位,青羊区,104.060948,30.676783
成都市青羊区国家税务局,government,政府机构及社会团体;工商税务机构;国税机关,青羊区,104.057483,30.676464
成都市青羊区地方税务局(王家塘街),government,政府机构及社会团体;工商税务机构;地税机关,青羊区,104.058129,30.676374
阿坝州若尔盖县政府驻成都办事处,government,政府机构及社会团体;政府机关;外地政府办,青羊区,104.056136,30.679163
青羊区人大常委会,government,政府机构及社会团体;政府机关;区县级政府及事业单位,青羊区,104.059997,30.676825
四川省新农合异地就医及时结算中心,government,政府机构及社会团体;政府机关;政府机关相关,青羊区,104.057325,30.672094
四川省产品质量监督检验检测院,government,政府机构及社会团体;公检法机构;公证鉴定机构,青羊区,104.057304,30.669613
成都市卫生计生监督执法支队,government,政府机构及社会团体;政府机关;地市级政府及事业单位,青羊区,104.054872,30.67266
成都市汽车运输(集团)公司工会,government,政府机构及社会团体;社会团体;社会团体相关,青羊区,104.054769,30.673253
成都市质量技术稽查局,government,政府机构及社会团体;政府机关;地市级政府及事业单位,青羊区,104.054747,30.672478
四川省妇女联合会,government,政府机构及社会团体;社会团体;妇联,青羊区,104.055416,30.6776
青羊区政协,government,政府机构及社会团体;政府机关;区县级政府及事业单位,青羊区,104.059997,30.676825
成都建设工程交易中心,government,政府机构及社会团体;政府机关;地市级政府及事业单位,青羊区,104.057625,30.674948
四川省标准化协会,government,政府机构及社会团体;社会团体;行业协会,青羊区,104.063184,30.673264
成都市公安局青羊区分局出入境接待大厅,government,政府机构及社会团体;公检法机构;公安警察,青羊区,104.058182,30.679384
新华西路派出所八宝街警务室,government,政府机构及社会团体;公检法机构;公安警察,青羊区,104.058462,30.675203
成都市建设工程质量监督站,government,政府机构及社会团体;公检法机构;公证鉴定机构,青羊区,104.057044,30.675222
青羊区人民法院,government,政府机构及社会团体;公检法机构;法院,青羊区,104.063059,30.674618
成都市青羊区财政局,government,政府机构及社会团体;政府机关;区县级政府及事业单位,青羊区,104.059649,30.677295
青羊区公安分局新华西路派出所宁夏街警务室,government,政府机构及社会团体;公检法机构;公安警察,青羊区,104.05709,30.677229
成都市人事信息中心,government,政府机构及社会团体;政府及社会团体相关;政府及社会团体相关,青羊区,104.056825,30.677422
成都市青羊区档案局,government,政府机构及社会团体;政府机关;区县级政府及事业单位,青羊区,104.060108,30.676418
成都市青羊区交通局,government,政府机构及社会团体;政府机关;政府机关相关,青羊区,104.056166,30.675676
成都市青羊区中小企业局,government,政府机构及社会团体;政府机关;区县级政府及事业单位,青羊区,104.060695,30.676037
成都市满蒙人民学习委员会,government,政府机构及社会团体;政府机关;地市级政府及事业单位,青羊区,104.054843,30.66953
成都市青羊区经济和信息化局,government,政府机构及社会团体;政府机关;区县级政府及事业单位,青羊区,104.060755,30.676014
青羊区国家税务局办税服务厅,government,政府机构及社会团体;工商税务机构;国税机关,青羊区,104.057593,30.676474
新华西路司法所(王家塘巷),government,政府机构及社会团体;公检法机构;公检法机关,青羊区,104.060561,30.676422
成都市建筑施工安全监督站,government,政府机构及社会团体;政府及社会团体相关;政府及社会团体相关,青羊区,104.057045,30.675224
四川宝协,government,政府机构及社会团体;社会团体;行业协会,青羊区,104.058647,30.67455
国际志愿者协会(香港)成都项目办公室,government,政府机构及社会团体;社会团体;行业协会,青羊区,104.058792,30.679349
四川蔡氏宗亲会,government,政府机构及社会团体;政府及社会团体相关;政府及社会团体相关,青羊区,104.054581,30.674848
中国人民政治协商会议成都市青羊区委员会,government,政府机构及社会团体;政府机关;区县级政府及事业单位,青羊区,104.058966,30.676297
环保部西南督查中心,government,政府机构及社会团体;政府机关;政府机关相关,青羊区,104.058792,30.679349
青羊地税报税大厅,government,政府机构及社会团体;工商税务机构;地税机关,青羊区,104.058227,30.676215
成都市流动人才联合工会,government,政府机构及社会团体;政府及社会团体相关;政府及社会团体相关,青羊区,104.056825,30.677422
成都市流动人才联合工会,government,政府机构及社会团体;政府及社会团体相关;政府及社会团体相关,青羊区,104.056825,30.677422
成都市青羊区消协,government,政府机构及社会团体;政府及社会团体相关;政府及社会团体相关,青羊区,104.060836,30.676907
青羊地税第八税务所,government,政府机构及社会团体;工商税务机构;地税机关,青羊区,104.058611,30.676204
中共青羊区委群众工作局,government,政府机构及社会团体;政府机关;区县级政府及事业单位,青羊区,104.057762,30.678974
青羊区群众接待中心,government,政府机构及社会团体;政府机关;区县级政府及事业单位,青羊区,104.057762,30.678974
青羊区分局出入境接待室,government,政府机构及社会团体;政府机关;区县级政府及事业单位,青羊区,104.058015,30.679256
少城市场监管所,government,政府机构及社会团体;政府机关;乡镇级政府及事业单位,青羊区,104.055961,30.669709
成都市人口和计划生育宣传教育中心发行部,government,政府机构及社会团体;政府机关;地市级政府及事业单位,青羊区,104.058051,30.672051
工商联家居装修业商会,government,政府机构及社会团体;政府及社会团体相关;政府及社会团体相关,青羊区,104.058731,30.679338
青羊地税第六所,government,政府机构及社会团体;工商税务机构;地税机关,青羊区,104.058227,30.676215
社事办大厅,government,政府机构及社会团体;政府及社会团体相关;政府及社会团体相关,青羊区,104.060539,30.675715
成都市建设监察大队,government,政府机构及社会团体;政府及社会团体相关;政府及社会团体相关,青羊区,104.057045,30.675224
四川省浙江浦江商会,government,政府机构及社会团体;社会团体;行业协会,青羊区,104.063185,30.672386
成都市卫生执法监督支队,government,政府机构及社会团体;政府机关;政府机关相关,青羊区,104.05481,30.672447
成都市青羊区派出纪工委监察分局,government,政府机构及社会团体;政府机关;区县级政府及事业单位,青羊区,104.058373,30.676251
司办二处,government,政府机构及社会团体;政府及社会团体相关;政府及社会团体相关,青羊区,104.061325,30.677287
四川省川商联合促进会,government,政府机构及社会团体;政府及社会团体相关;政府及社会团体相关,青羊区,104.062194,30.676822
黄瓦辖区治安室,government,政府机构及社会团体;政府及社会团体相关;政府及社会团体相关,青羊区,104.056648,30.669796
青羊区群众工作中心,government,政府机构及社会团体;政府及社会团体相关;政府及社会团体相关,青羊区,104.060477,30.676787
中共成都市青羊区委员会,government,政府机构及社会团体;政府机关;区县级政府及事业单位,青羊区,104.059997,30.676825
中共成都九龙医院支部委员会(八宝街),government,政府机构及社会团体;社会团体;社会团体相关,青羊区,104.058471,30.674146
成都市青羊区新华西路街道总工会,government,政府机构及社会团体;政府机关;乡镇级政府及事业单位,青羊区,104.060539,30.675715
中共成都建筑工程集团总公司委员会,government,政府机构及社会团体;社会团体;社会团体相关,青羊区,104.057167,30.674884
成都市妇联,government,政府机构及社会团体;社会团体;妇联,青羊区,104.056888,30.676942
成都市房地产开发企业协会,government,政府机构及社会团体;政府及社会团体相关;政府及社会团体相关,青羊区,104.057523,30.675031
成都市青羊区老龄工作委员会,government,政府机构及社会团体;政府机关;区县级政府及事业单位,青羊区,104.055963,30.678239
成都市质量技术稽查二分局,government,政府机构及社会团体;政府及社会团体相关;政府及社会团体相关,青羊区,104.054747,30.672478
成都市企业经营管理者评荐中心,government,政府机构及社会团体;政府及社会团体相关;政府及社会团体相关,青羊区,104.056825,30.677422
国家信访局办信工作联系点,government,政府机构及社会团体;政府及社会团体相关;政府及社会团体相关,青羊区,104.057717,30.679087
四川省质量技术审查评价中心,government,政府机构及社会团体;公检法机构;公证鉴定机构,青羊区,104.057235,30.669616
青羊区第二地税所,government,政府机构及社会团体;工商税务机构;地税机关,青羊区,104.055932,30.669809
四川嘉汇司法鉴定所,government,政府机构及社会团体;公检法机构;公证鉴定机构,青羊区,104.06182,30.673364
四川省WOT TBT通报咨询中心,government,政府机构及社会团体;政府及社会团体相关;政府及社会团体相关,青羊区,104.063139,30.673059
成都市建设工程勘察设计审查中心,government,政府机构及社会团体;政府及社会团体相关;政府及社会团体相关,青羊区,104.057045,30.675224
成都市青羊区地税局办税服务厅,government,政府机构及社会团体;工商税务机构;地税机关,青羊区,104.058092,30.676345
四川中正司法鉴定所,government,政府机构及社会团体;公检法机构;公证鉴定机构,青羊区,104.054442,30.674825
青羊区地方税务局第二办税服务厅,government,政府机构及社会团体;工商税务机构;地税机关,青羊区,104.058128,30.676383
四川省成都市女企业家协会,government,政府机构及社会团体;社会团体;行业协会,青羊区,104.055458,30.674396
成都市青羊区少城街道总工会,government,政府机构及社会团体;政府及社会团体相关;政府及社会团体相关,青羊区,104.056246,30.669616
四川省食品添加剂产品质量监督检验中心,government,政府机构及社会团体;公检法机构;公证鉴定机构,青羊区,104.057235,30.669616
青羊国税征收大厅,government,政府机构及社会团体;工商税务机构;国税机关,青羊区,104.055975,30.669713
四川省WTO/TBT通报咨询中心,government,政府机构及社会团体;政府机关;省直辖市级政府及事业单位,青羊区,104.063184,30.673264
四川省珠宝玉石首饰行业协会职业教育工作委员会,government,政府机构及社会团体;政府及社会团体相关;政府及社会团体相关,青羊区,104.058802,30.674761
青羊区青少年维权中心维权工作岗,government,政府机构及社会团体;政府及社会团体相关;政府及社会团体相关,青羊区,104.06057,30.676236
青羊区地方税务局24小时自助办税服务厅,government,政府机构及社会团体;工商税务机构;地税机关,青羊区,104.058129,30.676374
成都市建设工程项目交易服务中心第二开评标区,government,政府机构及社会团体;政府机关;政府机关相关,青羊区,104.056426,30.674925
四川省保护消费者权益委员会消费纠纷调解首饰行业服务站,government,政府机构及社会团体;政府及社会团体相关;政府及社会团体相关,青羊区,104.058802,30.674761
成都市市级机关公物仓管理办公室,government,政府机构及社会团体;政府机关;地市级政府及事业单位,青羊区,104.054072,30.671825
青羊地税第三、四所,government,政府机构及社会团体;工商税务机构;地税机关,青羊区,104.058227,30.676215
中共少城街道纪律检查工作委员会,government,政府机构及社会团体;政府机关;乡镇级政府及事业单位,青羊区,104.056188,30.669696
新华西路街道办事处网络化服务管理中心,government,政府机构及社会团体;政府及社会团体相关;政府及社会团体相关,青羊区,104.06057,30.676236
青羊地税第一、二所,government,政府机构及社会团体;工商税务机构;地税机关,青羊区,104.058227,30.676215
四川省珠宝玉石首饰行业协会专家工作委员会,government,政府机构及社会团体;政府及社会团体相关;政府及社会团体相关,青羊区,104.058802,30.674761
中共新华西路街道纪律检查工作委员会,government,政府机构及社会团体;政府机关;乡镇级政府及事业单位,青羊区,104.060539,30.675715
成都市产品质量监督检验院珠宝检测中心咨询处,government,政府机构及社会团体;政府及社会团体相关;政府及社会团体相关,青羊区,104.058802,30.674761
中共成都九龙医院支部委员会(万和路),government,政府机构及社会团体;社会团体;社会团体相关,青羊区,104.058049,30.675764
成都市建设工程造价管理站,government,政府机构及社会团体;政府及社会团体相关;政府及社会团体相关,青羊区,104.057045,30.675224
中共过街楼社区委员会,government,政府机构及社会团体;政府机关;乡镇以下级政府及事业单位,青羊区,104.054579,30.673295
过街楼社区,government,政府机构及社会团体;政府机关;乡镇以下级政府及事业单位,青羊区,104.0546,30.673307
八宝街社区居委会,government,政府机构及社会团体;政府机关;乡镇以下级政府及事业单位,青羊区,104.058545,30.67491
成都市青羊工商局太升工商所,government,政府机构及社会团体;工商税务机构;工商部门,青羊区,104.060836,30.676907
青羊国税征收分局,government,政府机构及社会团体;工商税务机构;国税机关,青羊区,104.055975,30.669713
成都恒浩旧机动车鉴定评估有限责任公司,government,政府机构及社会团体;公检法机构;公证鉴定机构,青羊区,104.062146,30.673529
中共少城街道工作委员会,government,政府机构及社会团体;政府机关;乡镇级政府及事业单位,青羊区,104.056257,30.669687
中共成都市青羊区委老干部局,government,政府机构及社会团体;政府机关;区县级政府及事业单位,青羊区,104.055963,30.678239
成都市青羊区纪检委,government,政府机构及社会团体;政府机关;政府机关相关,青羊区,104.058951,30.676709
江汉路特勤消防站,government,政府机构及社会团体;公检法机构;消防机关,青羊区,104.062775,30.675699
过街楼社区居委会(过街楼街),government,政府机构及社会团体;政府机关;乡镇以下级政府及事业单位,青羊区,104.054579,30.673304
成都建筑工程集团总公司工会委员会,government,政府机构及社会团体;社会团体;社会团体相关,青羊区,104.057167,30.674884
青羊区社区体质监测中心,government,政府机构及社会团体;政府及社会团体相关;政府及社会团体相关,青羊区,104.057583,30.675532
成都市报建办证中心,government,政府机构及社会团体;政府及社会团体相关;政府及社会团体相关,青羊区,104.057045,30.675224
中共新华西路街道工作委员会,government,政府机构及社会团体;政府机关;乡镇级政府及事业单位,青羊区,104.060539,30.675715
成都市青羊区法制局,government,政府机构及社会团体;政府机关;政府机关相关,青羊区,104.059669,30.677228
成都市基督教三自爱委会,government,政府机构及社会团体;社会团体;社会团体相关,青羊区,104.063049,30.675542
黄瓦街派出所过街楼警务室,government,政府机构及社会团体;公检法机构;社会治安机构,青羊区,104.054184,30.670985
新华西路街道办事处宁夏街社区居委会,government,政府机构及社会团体;政府机关;乡镇级政府及事业单位,青羊区,104.057603,30.67783
成都市青羊区个体私营经济协会,government,政府机构及社会团体;社会团体;行业协会,青羊区,104.055932,30.669809
成都市青羊区司法局少城司法所,government,政府机构及社会团体;公检法机构;公检法机关,青羊区,104.056257,30.669687
青羊区总工会职工维权帮扶中心,government,政府机构及社会团体;社会团体;慈善机构,青羊区,104.054601,30.673423
四川省危险化学品质量监督检验所,government,政府机构及社会团体;政府及社会团体相关;政府及社会团体相关,青羊区,104.057517,30.669544
青羊区人民政府政务服务中心社会保险分中心,government,政府机构及社会团体;政府机关;区县级政府及事业单位,青羊区,104.068848,30.674362
四川省人民政府宗教事务局,government,政府机构及社会团体;政府机关;省直辖市级政府及事业单位,青羊区,104.065888,30.67054
青羊区人民政府政务服务中心,government,政府机构及社会团体;政府机关;区县级政府及事业单位,青羊区,104.070928,30.672704
城镇职工基本医疗保险定点医疗机构成都市劳动和社会保障局,government,政府机构及社会团体;政府机关;政府机关相关,青羊区,104.07079,30.671092
社会关爱中心,government,政府机构及社会团体;社会团体;社会团体相关,青羊区,104.069311,30.677415
成都市青羊区社会保险事业管理局,government,政府机构及社会团体;政府机关;区县级政府及事业单位,青羊区,104.069032,30.674392
成都市人民政府服务中心(西门),government,政府机构及社会团体;政府及社会团体相关;政府及社会团体相关,青羊区,104.070688,30.672738
四川省政府采购中心(文殊院街),government,政府机构及社会团体;政府机关;省直辖市级政府及事业单位,青羊区,104.067875,30.677687
青羊区人民政府统一建设办公室,government,政府机构及社会团体;政府机关;区县级政府及事业单位,青羊区,104.068681,30.670093
成都市人民政府政务服务中心公安办证分中心,government,政府机构及社会团体;政府机关;地市级政府及事业单位,青羊区,104.068174,30.672969
四川省社会科学界联合会,government,政府机构及社会团体;社会团体;社会团体相关,青羊区,104.069375,30.674857
四川省政府政务服务中心办公区,government,政府机构及社会团体;政府机关;政府机关相关,青羊区,104.070587,30.673191
四川省政府政务服务和公共资源交易服务中心(B区),government,政府机构及社会团体;政府机关;省直辖市级政府及事业单位,青羊区,104.071912,30.672984
成都市政府信息公开查询点(顺城大街),government,政府机构及社会团体;政府机关;地市级政府及事业单位,青羊区,104.068174,30.672969
成都市公安局,government,政府机构及社会团体;公检法机构;公安警察,青羊区,104.067446,30.673033
成都市政务中心,government,政府机构及社会团体;政府机关;地市级政府及事业单位,青羊区,104.071912,30.672984
成都市政府政务服务中心审批处办公区,government,政府机构及社会团体;政府及社会团体相关;政府及社会团体相关,青羊区,104.07042,30.673416
四川省政府政务服务中心招投标中心,government,政府机构及社会团体;政府及社会团体相关;政府及社会团体相关,青羊区,104.07042,30.673416
四川省饭店与餐饮娱乐行业协会,government,政府机构及社会团体;社会团体;行业协会,青羊区,104.069375,30.674857
四川省政府政务服务和公共资源交易服务中心(B区),government,政府机构及社会团体;政府机关;省直辖市级政府及事业单位,青羊区,104.06787,30.677392
四川省水利厅,government,政府机构及社会团体;政府机关;省直辖市级政府及事业单位,青羊区,104.069619,30.673767
四川省人民检察院,government,政府机构及社会团体;公检法机构;检察院,青羊区,104.065462,30.673433
四川职业厨师俱乐部,government,政府机构及社会团体;社会团体;社会团体相关,青羊区,104.069375,30.674857
四川省伊斯兰教协会,government,政府机构及社会团体;社会团体;行业协会,青羊区,104.065888,30.67054
四川省商务厅信息中心,government,政府机构及社会团体;政府机关;省直辖市级政府及事业单位,青羊区,104.070793,30.671862
国家职业技能鉴定所(川-169所),government,政府机构及社会团体;公检法机构;公证鉴定机构,青羊区,104.069375,30.674857
成都市美食之都促进会,government,政府机构及社会团体;社会团体;社会团体相关,青羊区,104.069375,30.674857
四川省安监局,government,政府机构及社会团体;政府及社会团体相关;政府及社会团体相关,青羊区,104.071895,30.67298
四川名小吃经营者俱乐部,government,政府机构及社会团体;社会团体;社会团体相关,青羊区,104.069375,30.674857
四川省高级人民法院,government,政府机构及社会团体;公检法机构;法院,青羊区,104.065902,30.672597
成都市公安局青羊区分局,government,政府机构及社会团体;公检法机构;公安警察,青羊区,104.06433,30.67581
草市街派出所,government,政府机构及社会团体;公检法机构;公安警察,青羊区,104.068966,30.674158
成都市青羊工商行政管理局,government,政府机构及社会团体;工商税务机构;工商部门,青羊区,104.072296,30.670009
青羊区就业服务管理局,government,政府机构及社会团体;政府机关;区县级政府及事业单位,青羊区,104.072528,30.669871
意大利对外贸易协会-成都,government,政府机构及社会团体;政府及社会团体相关;政府及社会团体相关,青羊区,104.063651,30.669797
陕西商会,government,政府机构及社会团体;社会团体;行业协会,青羊区,104.073476,30.670873
英国签证申请中心(东打铜街),government,政府机构及社会团体;政府机关;政府机关相关,青羊区,104.068789,30.670979
成都市知识产权服务中心,government,政府机构及社会团体;政府机关;地市级政府及事业单位,青羊区,104.066639,30.676719
省畜牧食品局,government,政府机构及社会团体;政府机关;省直辖市级政府及事业单位,青羊区,104.07059,30.673189
青羊区公安分局纪检组来信来访接待室,government,政府机构及社会团体;公检法机构;公安警察,青羊区,104.064234,30.675809
四川省佛教协会,government,政府机构及社会团体;社会团体;行业协会,青羊区,104.069589,30.677567
成都市粮食局青羊分局,government,政府机构及社会团体;政府机关;区县级政府及事业单位,青羊区,104.069378,30.671443
四川省供销合作社联合社,government,政府机构及社会团体;社会团体;社会团体相关,青羊区,104.070527,30.67151
四川省国际商务发展促进会,government,政府机构及社会团体;政府机关;省直辖市级政府及事业单位,青羊区,104.070011,30.671968
成都市统筹城乡工作委员会,government,政府机构及社会团体;政府机关;地市级政府及事业单位,青羊区,104.067246,30.66971
成都市文化局,government,政府机构及社会团体;政府机关;地市级政府及事业单位,青羊区,104.071705,30.673077
成都市青羊区市政设施养护处,government,政府机构及社会团体;政府机关;区县级政府及事业单位,青羊区,104.069032,30.674392
四川省节能监察中心,government,政府机构及社会团体;政府机关;省直辖市级政府及事业单位,青羊区,104.073476,30.670873
成都市青羊区市政设施养护处,government,政府机构及社会团体;政府机关;区县级政府及事业单位,青羊区,104.069032,30.674392
四川省节能监察中心,government,政府机构及社会团体;政府机关;省直辖市级政府及事业单位,青羊区,104.073476,30.670873
成都市公安局办证中心(顺城大街),government,政府机构及社会团体;公检法机构;公安警察,青羊区,104.068087,30.672946
四川省人民检察院会客登记室,government,政府机构及社会团体;公检法机构;检察院,青羊区,104.064692,30.6735
四川省矿业权交易中心,government,政府机构及社会团体;政府机关;省直辖市级政府及事业单位,青羊区,104.067873,30.677689
成都市公安局人民来访接待室,government,政府机构及社会团体;公检法机构;公安警察,青羊区,104.066742,30.673828
中共文殊院社区委员会,government,政府机构及社会团体;政府机关;乡镇以下级政府及事业单位,青羊区,104.068641,30.67878
青羊区公安分局行政调解中心,government,政府机构及社会团体;公检法机构;公安警察,青羊区,104.064234,30.675809
白家塘房管所,government,政府机构及社会团体;政府机关;乡镇级政府及事业单位,青羊区,104.068468,30.675429
四川省工业经济联合会,government,政府机构及社会团体;社会团体;行业协会,青羊区,104.073476,30.670873
青羊区公安分局局长信访接待室,government,政府机构及社会团体;政府机关;区县级政府及事业单位,青羊区,104.064234,30.675809
四川省人民检察院举报中心,government,政府机构及社会团体;公检法机构;检察院,青羊区,104.064888,30.67252
青羊区市场和质量监督管理局,government,政府机构及社会团体;政府机关;区县级政府及事业单位,青羊区,104.072251,30.67
四川省对外贸易服务中心,government,政府机构及社会团体;政府机关;省直辖市级政府及事业单位,青羊区,104.067097,30.677533
四川省商务发展事务中心,government,政府机构及社会团体;政府机关;省直辖市级政府及事业单位,青羊区,104.067097,30.677533
成都市特种设备检验所,government,政府机构及社会团体;公检法机构;公证鉴定机构,青羊区,104.06659,30.672144
草市街派出所文殊坊警务室,government,政府机构及社会团体;公检法机构;公安警察,青羊区,104.071731,30.675983
中国易经协会四川分会,government,政府机构及社会团体;社会团体;行业协会,青羊区,104.070844,30.675077
中国风水学会西南分会,government,政府机构及社会团体;社会团体;行业协会,青羊区,104.070844,30.675077
成都市青羊区食品药品监督管理局,government,政府机构及社会团体;政府机关;区县级政府及事业单位,青羊区,104.072251,30.67
四川省地质测绘院(鼓楼北四街),government,科教文化服务;科研机构;科研机构|政府机构及社会团体;政府及社会团体相关;政府及社会团体相关,青羊区,104.073391,30.671707
四川省商业联合协会,government,政府机构及社会团体;社会团体;行业协会,青羊区,104.06985,30.671971
成都市青羊区食品安全委员会办公室,government,政府机构及社会团体;政府机关;区县级政府及事业单位,青羊区,104.072251,30.67
成都市拍卖行业协会,government,政府机构及社会团体;社会团体;行业协会,青羊区,104.073228,30.673022
四川省水泥协会,government,政府机构及社会团体;社会团体;行业协会,青羊区,104.071683,30.671822
四川省上海商会(天成街),government,政府机构及社会团体;社会团体;行业协会,青羊区,104.065847,30.671916
草市街道食药监所,government,政府机构及社会团体;政府机关;乡镇级政府及事业单位,青羊区,104.068874,30.679
四川省劳务开发协会,government,政府机构及社会团体;社会团体;社会团体相关,青羊区,104.070793,30.671862
四川省节能协会(鼓楼北三街),government,政府机构及社会团体;社会团体;行业协会,青羊区,104.073476,30.670873
文殊坊管理中心,government,政府机构及社会团体;政府及社会团体相关;政府及社会团体相关,青羊区,104.068454,30.678406
成都市创业促进中心青羊分中心,government,政府机构及社会团体;政府机关;区县级政府及事业单位,青羊区,104.072528,30.669871
国家职业技能鉴定所,government,政府机构及社会团体;公检法机构;公证鉴定机构,青羊区,104.070793,30.671862
四川省烟花爆竹流通协会,government,政府机构及社会团体;政府及社会团体相关;政府及社会团体相关,青羊区,104.070799,30.671357
法国出口贸易促进协会,government,政府机构及社会团体;社会团体;社会团体相关,青羊区,104.068681,30.670093
青羊区政务大厅,government,政府机构及社会团体;政府及社会团体相关;政府及社会团体相关,青羊区,104.071851,30.672869
成都市公安局秘书科,government,政府机构及社会团体;政府及社会团体相关;政府及社会团体相关,青羊区,104.067192,30.67441
成都信息网络安全协会,government,政府机构及社会团体;政府及社会团体相关;政府及社会团体相关,青羊区,104.063655,30.66979
四川省招标局,government,政府机构及社会团体;政府及社会团体相关;政府及社会团体相关,青羊区,104.067575,30.677285
青羊区粮食局办公楼,government,政府机构及社会团体;政府及社会团体相关;政府及社会团体相关,青羊区,104.069378,30.671443
四川省拍卖行业协会,government,政府机构及社会团体;社会团体;行业协会,青羊区,104.070145,30.672174
成都市户籍办证中心,government,政府机构及社会团体;政府及社会团体相关;政府及社会团体相关,青羊区,104.068085,30.67288
舒适办事处,government,政府机构及社会团体;政府及社会团体相关;政府及社会团体相关,青羊区,104.066113,30.676088
青羊区人才技术交流服务中心,government,政府机构及社会团体;政府机关;区县级政府及事业单位,青羊区,104.072528,30.669871
成都市防雷中心,government,政府机构及社会团体;政府及社会团体相关;政府及社会团体相关,青羊区,104.07059,30.673189
四川煤矿安全监察局,government,政府机构及社会团体;政府及社会团体相关;政府及社会团体相关,青羊区,104.069677,30.676769
四川省电子商务协会(人民中路三段),government,政府机构及社会团体;社会团体;行业协会,青羊区,104.067097,30.677533
青羊区政务中心房管局,government,政府机构及社会团体;政府及社会团体相关;政府及社会团体相关,青羊区,104.070916,30.672955
市林业园林局,government,政府机构及社会团体;政府及社会团体相关;政府及社会团体相关,青羊区,104.07059,30.673189
成都市质量技术监督局,government,政府机构及社会团体;政府及社会团体相关;政府及社会团体相关,青羊区,104.071705,30.673077
四川省健康产业商会,government,政府机构及社会团体;政府及社会团体相关;政府及社会团体相关,青羊区,104.065795,30.674411
中国翻译协会,government,政府机构及社会团体;政府及社会团体相关;政府及社会团体相关,青羊区,104.071682,30.67176
市场监督管理,government,政府机构及社会团体;政府及社会团体相关;政府及社会团体相关,青羊区,104.072377,30.670076
公共资源交易中心,government,政府机构及社会团体;政府及社会团体相关;政府及社会团体相关,青羊区,104.067925,30.677568
草市街街道办事处,government,政府机构及社会团体;政府机关;乡镇级政府及事业单位,青羊区,104.071159,30.679316
四川省调味品协会,government,政府机构及社会团体;政府及社会团体相关;政府及社会团体相关,青羊区,104.065832,30.67572
四川省佛教协会,government,政府机构及社会团体;社会团体;社会团体相关,青羊区,104.065888,30.670541
四川省基督教协会,government,政府机构及社会团体;社会团体;社会团体相关,青羊区,104.065886,30.670539
四川省道教协会,government,政府机构及社会团体;社会团体;社会团体相关,青羊区,104.065887,30.670541
四川省天主教爱国会,government,政府机构及社会团体;社会团体;社会团体相关,青羊区,104.065886,30.670541
四川省饮食服务行业协会,government,政府机构及社会团体;社会团体;行业协会,青羊区,104.065832,30.67572
四川省节能协会(人民中路三段),government,政府机构及社会团体;社会团体;行业协会,青羊区,104.067097,30.677533
四川省市政务中心交通厅,government,政府机构及社会团体;政府及社会团体相关;政府及社会团体相关,青羊区,104.071804,30.673015
四川省收藏家联谊会,government,政府机构及社会团体;社会团体;社会团体相关,青羊区,104.072324,30.675436
四川省收藏家协会,government,政府机构及社会团体;社会团体;社会团体相关,青羊区,104.072324,30.675436
四川省商务会计统计学会,government,政府机构及社会团体;政府及社会团体相关;政府及社会团体相关,青羊区,104.070387,30.672383
成都市青羊区投资促进服务局,government,政府机构及社会团体;政府机关;政府机关相关,青羊区,104.07042,30.673416
四川省工商联建筑行业商会,government,政府机构及社会团体;社会团体;行业协会,青羊区,104.073476,30.670873
成都铁路局工程管理中心,government,政府机构及社会团体;政府及社会团体相关;政府及社会团体相关,青羊区,104.069029,30.67929
国博银典钱币博览收藏鉴赏中心,government,政府机构及社会团体;公检法机构;公证鉴定机构,青羊区,104.067097,30.677533
四川省进出口商会(人民中路三段),government,政府机构及社会团体;社会团体;行业协会,青羊区,104.067097,30.677533
成都市公安局蓝盾宣传中心青阳分中心,government,政府机构及社会团体;公检法机构;公检法机关,青羊区,104.063864,30.675913
四川省高级人民法院执行局,government,政府机构及社会团体;政府及社会团体相关;政府及社会团体相关,青羊区,104.065755,30.672175
四川省天主教教务委员会,government,政府机构及社会团体;社会团体;社会团体相关,青羊区,104.065885,30.670542
中国农业机械流通协会成都办事处,government,政府机构及社会团体;社会团体;行业协会,青羊区,104.071682,30.671803
成都市汽车产品质量监督检测站,government,政府机构及社会团体;公检法机构;公证鉴定机构,青羊区,104.06659,30.672144
文殊坊·民俗文化街办公室,government,政府机构及社会团体;社会团体;社会团体相关,青羊区,104.070387,30.675256
四川国际友好联络会,government,政府机构及社会团体;社会团体;社会团体相关,青羊区,104.067097,30.677533
四川省工商联涉外中小企业商会,government,政府机构及社会团体;政府及社会团体相关;政府及社会团体相关,青羊区,104.068535,30.670962
成都市公安局离退休人员工作处,government,政府机构及社会团体;政府及社会团体相关;政府及社会团体相关,青羊区,104.067104,30.673918
四川公生明律师事务所党支部,government,政府机构及社会团体;社会团体;社会团体相关,青羊区,104.073174,30.673196
成都市公安局治安管理支队,government,政府机构及社会团体;公检法机构;公检法机关,青羊区,104.067123,30.673983
青羊区市场和质量监督管理局草市街监管所,government,政府机构及社会团体;政府机关;乡镇级政府及事业单位,青羊区,104.068889,30.679015
成都市收藏家协会钱币专业委员会,government,政府机构及社会团体;政府及社会团体相关;政府及社会团体相关,青羊区,104.068812,30.676115
四川省扶贫开发办公室外资项目管理中心,government,政府机构及社会团体;政府及社会团体相关;政府及社会团体相关,青羊区,104.067375,30.669792
成都市公安局交通管理局第四分局文殊坊社区服务站,government,政府机构及社会团体;交通车辆管理;交通管理机构,青羊区,104.071973,30.676325
四川省高级人民法院司法行政装备管理处,government,政府机构及社会团体;政府及社会团体相关;政府及社会团体相关,青羊区,104.065756,30.672174
四川省基督教三自爱国运动委员会,government,政府机构及社会团体;社会团体;社会团体相关,青羊区,104.065664,30.670533
青羊区草市街道玉带桥社区,government,政府机构及社会团体;政府机关;乡镇以下级政府及事业单位,青羊区,104.069197,30.674974
太升南路社区居委会,government,政府机构及社会团体;政府机关;乡镇以下级政府及事业单位,青羊区,104.072599,30.669942
四川法锐律师事务所党支部,government,政府机构及社会团体;社会团体;社会团体相关,青羊区,104.065847,30.671916
四川省企业经济促进会三农工作委员会,government,政府机构及社会团体;社会团体;社会团体相关,青羊区,104.071683,30.671822
四川省农业厅第二办公区,government,政府机构及社会团体;政府机关;省直辖市级政府及事业单位,青羊区,104.071683,30.671822
成都市民用建筑统一建设办公室资产管理部,government,政府机构及社会团体;政府机关;地市级政府及事业单位,青羊区,104.067246,30.66971
中共太升南路社区委员会,government,政府机构及社会团体;政府机关;乡镇以下级政府及事业单位,青羊区,104.072599,30.669942
北较场派出所第五治安室,government,政府机构及社会团体;公检法机构;社会治安机构,青羊区,104.066801,30.678798
四川省人民检察来访接待室,government,政府机构及社会团体;公检法机构;公检法机关,青羊区,104.064888,30.67252
中共四川中医肝病医院党支部,government,政府机构及社会团体;社会团体;社会团体相关,青羊区,104.065949,30.674494
青羊区草市街道玉带桥社区,government,政府机构及社会团体;政府机关;乡镇以下级政府及事业单位,青羊区,104.068778,30.670127
成都市国家工作人员登记备案办公室,government,政府机构及社会团体;政府机关;省直辖市级政府及事业单位,青羊区,104.06813,30.672404
玉带桥社区居委会(金丝街),government,政府机构及社会团体;政府机关;乡镇以下级政府及事业单位,青羊区,104.069197,30.674974
文殊院社区居委会,government,政府机构及社会团体;政府机关;乡镇以下级政府及事业单位,青羊区,104.068641,30.67878
草市街道文殊院社区居民议事会,government,政府机构及社会团体;社会团体;社会团体相关,青羊区,104.068641,30.67878
中共玉带桥社区纪律检查委员会,government,政府机构及社会团体;政府机关;乡镇以下级政府及事业单位,青羊区,104.069197,30.674974
中共文殊院社区纪律检查委员会,government,政府机构及社会团体;政府机关;乡镇以下级政府及事业单位,青羊区,104.068641,30.67878
四川省经委企业离休干部工作处,government,政府机构及社会团体;政府机关;省直辖市级政府及事业单位,青羊区,104.073476,30.670873
四川运筹科技与管理服务中心,government,政府机构及社会团体;社会团体;社会团体相关,青羊区,104.070145,30.672174
中共草市街街道玉带桥社区委员会,government,政府机构及社会团体;政府机关;乡镇以下级政府及事业单位,青羊区,104.069197,30.674974
草市街道玉带桥社区居民议事会,government,政府机构及社会团体;政府机关;乡镇以下级政府及事业单位|政府机构及社会团体;社会团体;社会团体相关,青羊区,104.069197,30.674974
成都市公安局宣传处联络处,government,政府机构及社会团体;公检法机构;公检法机关,青羊区,104.069343,30.674871
巴中市人民政府驻成都办事处(玉沙路),government,政府机构及社会团体;政府机关;外地政府办,青羊区,104.077803,30.669682
草市街街道办事处,government,政府机构及社会团体;政府机关;乡镇级政府及事业单位,青羊区,104.07585,30.673675
德盛社区就业和社会保障服务站,government,政府机构及社会团体;政府机关;乡镇以下级政府及事业单位,青羊区,104.075654,30.671862
小关庙社区就业和社会保障服务站,government,政府机构及社会团体;政府机关;乡镇以下级政府及事业单位,青羊区,104.082718,30.672165
成都市青羊区卫生局,government,政府机构及社会团体;政府机关;区县级政府及事业单位,青羊区,104.077704,30.672907
四川省会计学会,government,政府机构及社会团体;社会团体;行业协会,青羊区,104.07895,30.673431
玉沙路社区,government,政府机构及社会团体;政府机关;乡镇以下级政府及事业单位,青羊区,104.078127,30.669659
太升路派出所,government,政府机构及社会团体;公检法机构;公安警察,青羊区,104.078098,30.670042
草市街派出所双眼警务室,government,政府机构及社会团体;公检法机构;公安警察,青羊区,104.074314,30.673797
太升路派出所德盛路警务室,government,政府机构及社会团体;公检法机构;公安警察,青羊区,104.075703,30.672004
四川鹏程司法鉴定所,government,政府机构及社会团体;公检法机构;公证鉴定机构,金牛区,104.079475,30.677114
四川省信息安全测评中心,government,政府机构及社会团体;政府及社会团体相关;政府及社会团体相关,青羊区,104.078979,30.673408
青羊区卫生执法监督大队,government,政府机构及社会团体;政府机关;区县级政府及事业单位,青羊区,104.077809,30.673087
小关庙社区居委会(小关庙后街),government,政府机构及社会团体;政府机关;乡镇以下级政府及事业单位,青羊区,104.082726,30.672158
成都市青羊区爱国卫生运动委员会,government,政府机构及社会团体;政府机关;区县级政府及事业单位,青羊区,104.077704,30.672907
成都市公共事务管理中心,government,政府机构及社会团体;政府机关;地市级政府及事业单位,青羊区,104.079922,30.67153
成都市食品商会,government,政府机构及社会团体;政府及社会团体相关;政府及社会团体相关,青羊区,104.080076,30.674287
四川省酒类经销商商会,government,政府机构及社会团体;社会团体;行业协会,青羊区,104.074388,30.677543
青羊区高等教育自学考试委员会办公室,government,政府机构及社会团体;政府机关;区县级政府及事业单位,青羊区,104.078379,30.671564
成都列五中学(初中部)治安室,government,政府机构及社会团体;公检法机构;社会治安机构,青羊区,104.083486,30.670991
中国卫生监督,government,政府机构及社会团体;政府机关;政府机关相关,青羊区,104.07787,30.673183
四川省广西商会,government,政府机构及社会团体;政府及社会团体相关;政府及社会团体相关,青羊区,104.073616,30.674295
重庆市规划院四川分院,government,政府机构及社会团体;政府机关;省直辖市级政府及事业单位,金牛区,104.079475,30.677114
四川嘉汇司法鉴定所,government,政府机构及社会团体;公检法机构;公证鉴定机构,青羊区,104.074757,30.669808
小关庙社区工会联合会,government,政府机构及社会团体;社会团体;社会团体相关,青羊区,104.082718,30.672165
时代印象业主委员会办公室,government,政府机构及社会团体;社会团体;社会团体相关,青羊区,104.074053,30.674168
政企综合管理室(一),government,政府机构及社会团体;政府及社会团体相关;政府及社会团体相关,金牛区,104.080292,30.67718
成都市公安局青羊区分局禁毒大队,government,政府机构及社会团体;公检法机构;公安警察,青羊区,104.080284,30.672829
成都市青羊区大学中专招生委员会办公室,government,政府机构及社会团体;政府机关;区县级政府及事业单位,青羊区,104.078263,30.671629
成都市食品行业商会秘书处,government,政府机构及社会团体;社会团体;行业协会,青羊区,104.08005,30.674427
四川华曦建设工程质量检测有限公司,government,政府机构及社会团体;公检法机构;公证鉴定机构,金牛区,104.080522,30.676788
德盛路社区警务室,government,政府机构及社会团体;公检法机构;公安警察,青羊区,104.075654,30.671862
中国市政工程西南设计研究院工会委员会,government,政府机构及社会团体;社会团体;社会团体相关,金牛区,104.078401,30.678209
中共小关庙社区委员会,government,政府机构及社会团体;政府机关;乡镇以下级政府及事业单位,青羊区,104.082726,30.672158
四川博达计算机与网络司法鉴定所,government,政府机构及社会团体;公检法机构;公证鉴定机构,青羊区,104.08005,30.674427
中共四川桓源科技实业有限公司成都党支部,government,政府机构及社会团体;社会团体;社会团体相关,青羊区,104.077853,30.669793
太升路派出所小关庙警务室,government,政府机构及社会团体;公检法机构;公安警察,青羊区,104.082716,30.672165
四川兴辉建设工程质量检测有限公司,government,政府机构及社会团体;公检法机构;公证鉴定机构,金牛区,104.080522,30.676788
四川省齐力慈善基金会,government,政府机构及社会团体;社会团体;慈善机构,青羊区,104.080076,30.674287
成都市金牛区人民法院社区便民诉讼服务站,government,政府机构及社会团体;政府及社会团体相关;政府及社会团体相关,金牛区,104.077607,30.678847
德盛路社区党委,government,政府机构及社会团体;政府机关;乡镇以下级政府及事业单位,青羊区,104.075654,30.671862
德盛路社区居委会,government,政府机构及社会团体;政府机关;乡镇以下级政府及事业单位,青羊区,104.075654,30.671862
双眼井社区居民议事会,government,政府机构及社会团体;社会团体;社会团体相关,青羊区,104.074083,30.673814
中共双眼井社区委员会,government,政府机构及社会团体;政府机关;乡镇以下级政府及事业单位,青羊区,104.074083,30.673814
双眼井社区居委会,government,政府机构及社会团体;政府机关;乡镇以下级政府及事业单位,青羊区,104.074083,30.673814
小关庙社区居民议事会,government,政府机构及社会团体;社会团体;社会团体相关,青羊区,104.082718,30.672165
小关庙社区公共事务所,government,政府机构及社会团体;政府机关;乡镇以下级政府及事业单位,青羊区,104.082718,30.672165
中共德盛路社区委员会,government,政府机构及社会团体;政府机关;乡镇以下级政府及事业单位,青羊区,104.075654,30.671862
双眼井社区食品安全协管站,government,政府机构及社会团体;政府机关;乡镇以下级政府及事业单位,青羊区,104.074083,30.673814
工人村社区居委会(星辉中路),government,政府机构及社会团体;政府机关;乡镇以下级政府及事业单位,金牛区,104.078325,30.678693
双眼井社区网络投诉代理服务站,government,政府机构及社会团体;政府机关;乡镇以下级政府及事业单位,青羊区,104.074083,30.673814
中共驷马桥街道工人村社区委员会,government,政府机构及社会团体;政府机关;乡镇以下级政府及事业单位,金牛区,104.078325,30.678694
双眼井社区流动人口服务管理办公室,government,政府机构及社会团体;公检法机构;社会治安机构,青羊区,104.074056,30.673708
双眼井社区食品药品安全问题举报点,government,政府机构及社会团体;政府机关;乡镇以下级政府及事业单位,青羊区,104.074083,30.673814
青羊区爱心慈善会双眼井社区慈善工作点,government,政府机构及社会团体;社会团体;慈善机构,青羊区,104.074083,30.673814
小关庙社区红十字服务站,government,政府机构及社会团体;社会团体;红十字会,青羊区,104.082718,30.672165
西南市政院八所,government,政府机构及社会团体;政府及社会团体相关;政府及社会团体相关,金牛区,104.079179,30.677764
成都公管中心小关庙管理站,government,政府机构及社会团体;政府及社会团体相关;政府及社会团体相关,青羊区,104.082056,30.673356
万年流天地会成都分会,government,政府机构及社会团体;政府及社会团体相关;政府及社会团体相关,青羊区,104.075043,30.675011
石油社区管理站,government,政府机构及社会团体;政府及社会团体相关;政府及社会团体相关,青羊区,104.083036,30.672173
成华区人民政府政务服务中心(建设北路一段),government,政府机构及社会团体;政府机关;区县级政府及事业单位,成华区,104.089861,30.672279
四川省人民政府残疾人工作委员会,government,政府机构及社会团体;政府机关;省直辖市级政府及事业单位,金牛区,104.086138,30.67383
四川省建设工程造价管理总站,government,政府机构及社会团体;政府机关;省直辖市级政府及事业单位,金牛区,104.085443,30.674148
成都市排水设施管理处,government,政府机构及社会团体;政府机关;地市级政府及事业单位,锦江区,104.08774,30.669993
财政部驻四川省财政监察专员办事处,government,政府机构及社会团体;政府机关;省直辖市级政府及事业单位,青羊区,104.083721,30.673783
四川省残联信访接待室,government,政府机构及社会团体;政府机关;省直辖市级政府及事业单位,金牛区,104.086258,30.673833
四川省造价工程师协会,government,政府机构及社会团体;政府机关;省直辖市级政府及事业单位,金牛区,104.085655,30.674088
四川省残疾人联合会,government,政府机构及社会团体;社会团体;残联,金牛区,104.086138,30.67383
成都市城市道路桥梁管理处,government,政府机构及社会团体;政府机关;地市级政府及事业单位,锦江区,104.086678,30.670293
猛追湾派出所石油社区警务室,government,政府机构及社会团体;公检法机构;公安警察,成华区,104.092927,30.678094
治安报警点成华区公安局猛追湾派出所,government,政府机构及社会团体;公检法机构;公安警察,成华区,104.091877,30.675567
成都市成人教育协会,government,政府机构及社会团体;社会团体;行业协会,成华区,104.093384,30.674464
锦江区书院街街道老年协会,government,政府机构及社会团体;社会团体;社会团体相关,锦江区,104.089774,30.669708
书院街道残疾人联合互助协会,government,政府机构及社会团体;政府及社会团体相关;政府及社会团体相关,锦江区,104.089779,30.669724
四川省残疾信访接待室,government,政府机构及社会团体;政府及社会团体相关;政府及社会团体相关,金牛区,104.086435,30.673614
石油局,government,政府机构及社会团体;政府机关;政府机关相关,成华区,104.092781,30.672968
石油社区居委会,government,政府机构及社会团体;政府机关;乡镇以下级政府及事业单位,成华区,104.092067,30.678188
成都市成华区食品药品监督管理局,government,政府机构及社会团体;政府机关;政府机关相关,成华区,104.08835,30.672453
石油局成都公事中心,government,政府机构及社会团体;政府及社会团体相关;政府及社会团体相关,成华区,104.092329,30.675645
成华区个体私营企业协会,government,政府机构及社会团体;社会团体;行业协会,成华区,104.088001,30.672594
成华区社保局猛追湾街道办业务经办点,government,政府机构及社会团体;政府机关;乡镇级政府及事业单位,成华区,104.092108,30.678159
星辉东路社区居委会,government,政府机构及社会团体;政府机关;乡镇以下级政府及事业单位,金牛区,104.084571,30.675728
四川省公安厅直属公安局第一分局,government,政府机构及社会团体;公检法机构;公安警察,成华区,104.090345,30.673298
中国狮子联会四川代表处,government,政府机构及社会团体;社会团体;社会团体相关,金牛区,104.085805,30.674014
中共星辉东路社区委员会,government,政府机构及社会团体;政府机关;乡镇以下级政府及事业单位,金牛区,104.084569,30.675731
石油社区居民议事会,government,政府机构及社会团体;社会团体;社会团体相关,成华区,104.092067,30.678188
中共石油社区区域委员会,government,政府机构及社会团体;政府机关;乡镇以下级政府及事业单位,成华区,104.092067,30.678188
中共猛追湾街道石油社区委员会,government,政府机构及社会团体;政府机关;乡镇以下级政府及事业单位,成华区,104.092067,30.678188
四川省残疾人福利基金会,government,政府机构及社会团体;社会团体;慈善机构,金牛区,104.086137,30.673831
中国狮子联会四川会员管理委员会,government,政府机构及社会团体;社会团体;社会团体相关,金牛区,104.085805,30.674014
书院街街道养老助残关爱中心,government,政府机构及社会团体;社会团体;慈善机构,锦江区,104.090013,30.669548
马鞍东路社区流动人口服务管理工作站,government,政府机构及社会团体;公检法机构;社会治安机构,金牛区,104.085993,30.679134
中央财政,government,政府机构及社会团体;政府及社会团体相关;政府及社会团体相关,青羊区,104.083583,30.673891
全国计算机及信息高新技术考评站,government,政府机构及社会团体;公检法机构;公证鉴定机构,成华区,104.094169,30.674406
成华区统一建设办公室,government,政府机构及社会团体;政府机关;区县级政府及事业单位,成华区,104.094939,30.673637
电子科技大学沙河校区保卫处公安分处,government,政府机构及社会团体;公检法机构;社会治安机构,成华区,104.099209,30.679122
中国电子学会太赫兹分会,government,政府机构及社会团体;社会团体;行业协会,成华区,104.100588,30.67763
成都广安商会,government,政府机构及社会团体;政府及社会团体相关;政府及社会团体相关,成华区,104.101853,30.671285
西充成都商会,government,政府机构及社会团体;政府及社会团体相关;政府及社会团体相关,成华区,104.100657,30.672083
中共新兴社区委员会,government,政府机构及社会团体;政府机关;区县级政府及事业单位,成华区,104.094308,30.673409
深圳市材料表面分析检测中心,government,政府机构及社会团体;公检法机构;公证鉴定机构,成华区,104.103339,30.672794
新华社区居委会,government,政府机构及社会团体;政府机关;乡镇以下级政府及事业单位,成华区,104.095729,30.670983
新兴社区居民议事会,government,政府机构及社会团体;政府机关;乡镇以下级政府及事业单位,成华区,104.095118,30.673692
惠人社保,government,政府机构及社会团体;社会团体;社会团体相关,成华区,104.103409,30.672697
治安,government,政府机构及社会团体;政府及社会团体相关;政府及社会团体相关,成华区,104.096126,30.669874
新兴社区综合管理服务站,government,政府机构及社会团体;政府机关;乡镇以下级政府及事业单位,成华区,104.094308,30.673409
电子科技大学国家职业技能鉴定所蜀兴鉴定站,government,政府机构及社会团体;公检法机构;公证鉴定机构,成华区,104.094169,30.674406
华西集团省建三公司第四分公司工会委员会,government,政府机构及社会团体;社会团体;社会团体相关,成华区,104.094458,30.674462
成都市群团组织社会服务中心,government,政府机构及社会团体;政府机关;地市级政府及事业单位,成华区,104.111302,30.66944
建设路街道就业和社会保障服务中心,government,政府机构及社会团体;政府机关;乡镇级政府及事业单位,成华区,104.104671,30.670911
建设路街道办事处(建设南街),government,政府机构及社会团体;政府机关;乡镇级政府及事业单位,成华区,104.104674,30.670911
建设路派出所(建设南街),government,政府机构及社会团体;公检法机构;公安警察,成华区,104.104581,30.669412
成华区建设路商圈建设推进办公室,government,政府机构及社会团体;政府机关;区县级政府及事业单位,成华区,104.105355,30.67058
中共建设路街道工作委员会,government,政府机构及社会团体;政府机关;乡镇级政府及事业单位,成华区,104.104674,30.670911
国家电焊机质量监督检验测试中心,government,政府机构及社会团体;公检法机构;公证鉴定机构,成华区,104.104715,30.679197
中国电工产品认证委员会电焊机检测站,government,政府机构及社会团体;公检法机构;公证鉴定机构,成华区,104.104715,30.679197
成都市成华区爱国卫生运动委员会,government,政府机构及社会团体;政府及社会团体相关;政府及社会团体相关,成华区,104.107009,30.675933
成都市总工会(建设南路),government,政府机构及社会团体;社会团体;社会团体相关,成华区,104.111302,30.66944
建设路街道办事处人民调解信访接待调处中心,government,政府机构及社会团体;政府机关;乡镇级政府及事业单位,成华区,104.104671,30.670911
成都市公安消防支队成华区大队,government,政府机构及社会团体;公检法机构;消防机关,成华区,104.108178,30.672902
中国人民武装警察部队成都市消防支队四中队,government,政府机构及社会团体;公检法机构;消防机关,成华区,104.108178,30.672902
建兴路社区就业和社会保障服务站,government,政府机构及社会团体;政府机关;乡镇以下级政府及事业单位,成华区,104.114853,30.674204
圣灯工商所,government,政府机构及社会团体;工商税务机构;工商部门,成华区,104.12,30.677629
皇马(成都)球迷协会,government,政府机构及社会团体;社会团体;行业协会,成华区,104.120144,30.669863
建兴路社区居委会,government,政府机构及社会团体;政府机关;乡镇以下级政府及事业单位,成华区,104.114623,30.674099
成都自媒体协会,government,政府机构及社会团体;社会团体;行业协会,成华区,104.116314,30.670673
成都云公益发展促进会,government,政府机构及社会团体;社会团体;社会团体相关,成华区,104.120253,30.669908
建设路街道建兴路社区委员会,government,政府机构及社会团体;政府机关;乡镇以下级政府及事业单位,成华区,104.114657,30.674228
圣灯街道圣灯社区居委会,government,政府机构及社会团体;政府机关;乡镇以下级政府及事业单位,成华区,104.120436,30.676603
中共建兴路社区支部委员会,government,政府机构及社会团体;政府机关;乡镇以下级政府及事业单位,成华区,104.114853,30.674204
成都鼎晟青少年足球俱乐部,government,政府机构及社会团体;社会团体;社会团体相关,成华区,104.120144,30.669863
成都市成华工商行政管理局东篱农贸市场投诉站,government,政府机构及社会团体;政府及社会团体相关;政府及社会团体相关,成华区,104.11443,30.674393
建设路街道建兴路社区居民议事会,government,政府机构及社会团体;社会团体;社会团体相关,成华区,104.114853,30.674204
建兴路社区慈善捐赠站,government,政府机构及社会团体;社会团体;慈善机构,成华区,104.114853,30.674204
二仙桥派出所西北路社区警务室,government,政府机构及社会团体;公检法机构;公安警察,成华区,104.132464,30.677655
成华区信鸽协会,government,政府机构及社会团体;社会团体;行业协会,成华区,104.132912,30.673364
都市成华区圣灯街道人大代表服务站,government,政府机构及社会团体;政府及社会团体相关;政府及社会团体相关,成华区,104.129499,30.670465
成华区二仙桥街道西北路社区居民委员会,government,政府机构及社会团体;政府机关;政府机关相关,成华区,104.13234,30.678006
圣灯寺派出所关家社区警务室,government,政府机构及社会团体;公检法机构;社会治安机构,成华区,104.129434,30.670902
东路社区居委会(树生苑东南),government,政府机构及社会团体;政府机关;乡镇以下级政府及事业单位,成华区,104.137977,30.672263
成都理工大学体育运动委员会,government,政府机构及社会团体;社会团体;社会团体相关,成华区,104.13763,30.675229
成都理工大学电子协会,government,政府机构及社会团体;社会团体;社会团体相关,成华区,104.140387,30.678778
成都理工大学商学院学生会,government,政府机构及社会团体;社会团体;社会团体相关,成华区,104.14339,30.672937
成都市市政维护处,government,政府机构及社会团体;政府机关;区县级政府及事业单位,成华区,104.140305,30.671402
成都理工大学工会委员会,government,政府机构及社会团体;社会团体;社会团体相关,成华区,104.143136,30.677682
四川省市政市容协会金融工作委员会,government,政府机构及社会团体;社会团体;行业协会,成华区,104.135054,30.672326
中共成都理工大学纪律检查委员会,government,政府机构及社会团体;社会团体;社会团体相关,成华区,104.139403,30.67735
成都理工大学程序设计协会,government,政府机构及社会团体;社会团体;社会团体相关,成华区,104.140387,30.678778
四川省联胜工程质量检测有限公司,government,政府机构及社会团体;公检法机构;公证鉴定机构,成华区,104.137733,30.67184
成都理工大学计算机与网络科技协会,government,政府机构及社会团体;社会团体;社会团体相关,成华区,104.140387,30.678778
成都理工大学关心下一代工作委员会,government,政府机构及社会团体;社会团体;社会团体相关,成华区,104.143136,30.677682
崔家店社区居委会,government,政府机构及社会团体;政府机关;乡镇以下级政府及事业单位,成华区,104.135146,30.672357
东路社区工会联合会,government,政府机构及社会团体;社会团体;社会团体相关,成华区,104.137977,30.672263
东路社区残疾人协会,government,政府机构及社会团体;社会团体;残联,成华区,104.137977,30.672263
成都理工大学社团联合会,government,政府机构及社会团体;社会团体;社会团体相关,成华区,104.143136,30.677682
中共东路社区支部委员会,government,政府机构及社会团体;政府机关;乡镇以下级政府及事业单位,成华区,104.138006,30.672237
中共崔家店社区支部委员会,government,政府机构及社会团体;政府机关;乡镇以下级政府及事业单位,成华区,104.135147,30.672357
成都理工大学创新创业促进会,government,政府机构及社会团体;社会团体;社会团体相关,成华区,104.143136,30.677682
东路社区团支部,government,政府机构及社会团体;社会团体;共青团,成华区,104.137977,30.672263
成都理工大学招生宣传志愿者协会,government,政府机构及社会团体;社会团体;社会团体相关,成华区,104.138,30.673316
中共东路社区委员会(树生苑东南),government,政府机构及社会团体;政府机关;乡镇以下级政府及事业单位,成华区,104.137977,30.672263
成都理工大学就业与职业发展协会,government,政府机构及社会团体;社会团体;社会团体相关,成华区,104.137852,30.673327
成都理工大学研究生青年志愿者协会,government,政府机构及社会团体;社会团体;社会团体相关,成华区,104.138936,30.674793
成都理工大学商学院院团委,government,政府机构及社会团体;社会团体;共青团,成华区,104.14339,30.672937
共青团成都理工大学委员会,government,政府机构及社会团体;社会团体;共青团,成华区,104.143136,30.677682
成都理工大学信息安全协会,government,政府机构及社会团体;社会团体;社会团体相关,成华区,104.140387,30.678778
东路社区慈善捐赠站,government,政府机构及社会团体;社会团体;慈善机构,成华区,104.137977,30.672263
成南高速公路一大队,government,政府机构及社会团体;交通车辆管理;交通管理机构,成华区,104.144282,30.670878
成都市公安局交通警察支队成南高速公路大队,government,政府机构及社会团体;交通车辆管理;交通管理机构,成华区,104.144362,30.670947
理工骑行俱乐部,government,政府机构及社会团体;社会团体;社会团体相关,成华区,104.144847,30.677904
四川省交通运输厅高速公路交通执法第三支队一大队,government,政府机构及社会团体;交通车辆管理;交通管理机构,成华区,104.14443,30.670769
成都理工大学地球物理学院团委学生会办公室,government,政府机构及社会团体;社会团体;共青团,成华区,104.145935,30.673543
丛树社区居委会,government,政府机构及社会团体;政府机关;乡镇以下级政府及事业单位,成华区,104.16352,30.67871
中共龙潭新城丛树片区委员会,government,政府机构及社会团体;政府机关;乡镇以下级政府及事业单位,成华区,104.163514,30.678713
中共丛树社区支部委员会,government,政府机构及社会团体;政府机关;乡镇以下级政府及事业单位,成华区,104.163521,30.678712
青羊区苏坡街道万家湾社区就业和社会保障服务站,government,政府机构及社会团体;政府及社会团体相关;政府及社会团体相关,青羊区,103.965467,30.668196
万家湾社区支部委员会,government,政府机构及社会团体;政府机关;乡镇级政府及事业单位,青羊区,103.965609,30.668205
万家湾村警务室,government,政府机构及社会团体;公检法机构;社会治安机构,青羊区,103.965665,30.668181
成都市鑫昕丝绸有限公司工会,government,政府机构及社会团体;社会团体;社会团体相关,青羊区,103.968621,30.666496
四川省工商联花卉园艺商会,government,政府机构及社会团体;政府及社会团体相关;政府及社会团体相关,武侯区,103.971696,30.660352
万家湾社区居民议事会,government,政府机构及社会团体;社会团体;社会团体相关,青羊区,103.965592,30.668219
万家湾社区居委会,government,政府机构及社会团体;政府机关;乡镇以下级政府及事业单位,青羊区,103.965619,30.668201
中共万家湾社区委员会,government,政府机构及社会团体;政府机关;乡镇以下级政府及事业单位,青羊区,103.965593,30.668221
万家湾村工会联合会,government,政府机构及社会团体;政府机关;乡镇以下级政府及事业单位,青羊区,103.965592,30.66822
成都苏坡锅炉容器制造有限责任公司工会委员会,government,政府机构及社会团体;社会团体;社会团体相关,青羊区,103.972149,30.664365
苏坡桥派出所(培风东街),government,政府机构及社会团体;公检法机构;公安警察,青羊区,103.977714,30.668041
和谐社区促进中心,government,政府机构及社会团体;政府及社会团体相关;政府及社会团体相关,青羊区,103.974967,30.669098
四川工商行政管理12315联络站,government,政府机构及社会团体;政府及社会团体相关;政府及社会团体相关,青羊区,103.974967,30.669098
成都市青羊区人民检察院五心法律服务团社区联络站,government,政府机构及社会团体;政府及社会团体相关;政府及社会团体相关,青羊区,103.974967,30.669098
青羊区苏坡街道培风路社区居民委员会,government,政府机构及社会团体;政府机关;乡镇以下级政府及事业单位,青羊区,103.974896,30.668958
东坡街道办事处,government,政府机构及社会团体;政府机关;乡镇级政府及事业单位,青羊区,103.988224,30.667653
东坡派出所(玉宇路),government,政府机构及社会团体;公检法机构;公安警察,青羊区,103.98636,30.668241
四川省钒钛产业协会,government,政府机构及社会团体;社会团体;行业协会,武侯区,103.98486,30.659831
万寿桥村村委会,government,政府机构及社会团体;政府机关;乡镇以下级政府及事业单位,武侯区,103.984555,30.660775
成都市清水河公园股份合作总社,government,政府机构及社会团体;社会团体;社会团体相关,武侯区,103.984555,30.660775
荣县餐饮协会成都分会,government,政府机构及社会团体;社会团体;行业协会,武侯区,103.986195,30.66069
万寿桥社区居委会,government,政府机构及社会团体;政府机关;乡镇以下级政府及事业单位,武侯区,103.984542,30.660989
青羊区残疾人联合会,government,政府机构及社会团体;社会团体;社会团体相关,青羊区,103.99328,30.669005
中共东坡街道工作委员会,government,政府机构及社会团体;政府机关;乡镇级政府及事业单位,青羊区,103.988224,30.667653
成都市清水河公园管理委员会,government,政府机构及社会团体;社会团体;社会团体相关,武侯区,103.984555,30.660775
东坡街道计生办,government,政府机构及社会团体;政府机关;乡镇级政府及事业单位,青羊区,103.988221,30.667563
四川省福利彩票发行中心,government,政府机构及社会团体;政府机关;政府机关相关,青羊区,103.987048,30.668067
宜汉县老年人协会成都分会,government,政府机构及社会团体;政府及社会团体相关;政府及社会团体相关,武侯区,103.985328,30.660397
重庆市正溪县同乡聚会点,government,政府机构及社会团体;政府及社会团体相关;政府及社会团体相关,武侯区,103.985416,30.660506
中共东坡街道纪律检查工作委员会,government,政府机构及社会团体;政府机关;乡镇级政府及事业单位,青羊区,103.988224,30.667653
东盟中国贸易发展促进会中国中西部总部,government,政府机构及社会团体;政府及社会团体相关;政府及社会团体相关,武侯区,103.987659,30.660235
武侯区机投桥街道办事处万寿村村民委员会,government,政府机构及社会团体;政府机关;乡镇以下级政府及事业单位,武侯区,103.984283,30.660844
万寿桥村拆迁办公室,government,政府机构及社会团体;政府机关;乡镇以下级政府及事业单位,武侯区,103.984555,30.660775
万寿桥村纪检办公室,government,政府机构及社会团体;政府机关;乡镇以下级政府及事业单位,武侯区,103.984555,30.660775
武侯区机投桥街道万寿桥村工会,government,政府机构及社会团体;社会团体;社会团体相关,武侯区,103.984555,30.660775
万寿桥村人民调解委员会,government,政府机构及社会团体;政府机关;乡镇以下级政府及事业单位,武侯区,103.984555,30.660775
万寿桥村残疾人协会,government,政府机构及社会团体;社会团体;残联,武侯区,103.984555,30.660775
机投桥街道万寿桥村总社办公室,government,政府机构及社会团体;政府机关;乡镇以下级政府及事业单位,武侯区,103.984555,30.660775
万寿桥村农房、国土、治违办公室,government,政府机构及社会团体;政府机关;乡镇以下级政府及事业单位,武侯区,103.984555,30.660775
中共万寿桥村支部委员会(湖滨路),government,政府机构及社会团体;政府机关;乡镇以下级政府及事业单位,武侯区,103.984555,30.660775
万寿桥村团支部,government,政府机构及社会团体;社会团体;共青团,武侯区,103.984555,30.660775
万寿桥村老龄工作办公室,government,政府机构及社会团体;政府机关;乡镇以下级政府及事业单位,武侯区,103.984555,30.660775
万寿桥村安监分站,government,政府机构及社会团体;政府机关;乡镇以下级政府及事业单位,武侯区,103.984555,30.660775
万寿桥村慈善捐赠点,government,政府机构及社会团体;社会团体;慈善机构,武侯区,103.984555,30.660775
中国水利水电第四工程局,government,政府机构及社会团体;政府机关;政府机关相关,青羊区,103.997648,30.66791
成都市青羊区教育局(瑞联路),government,政府机构及社会团体;政府机关;区县级政府及事业单位,青羊区,103.994182,30.668968
四川戎威安检指挥中心,government,政府机构及社会团体;政府机关;区县级政府及事业单位,青羊区,104.002342,30.668513
青羊区文化体育广播电视和旅游局,government,政府机构及社会团体;政府机关;区县级政府及事业单位,青羊区,103.995235,30.669056
青羊区文体旅局,government,政府机构及社会团体;政府机关;区县级政府及事业单位,青羊区,103.994709,30.66911
清水河社区教育工作站,government,政府机构及社会团体;政府及社会团体相关;政府及社会团体相关,青羊区,103.995641,30.668617
光华街道办事处,government,政府机构及社会团体;政府机关;乡镇级政府及事业单位,青羊区,103.99702,30.667476
四川戎威特卫调度中心,government,政府机构及社会团体;政府机关;区县级政府及事业单位,青羊区,104.002339,30.668515
成都湖州商会,government,政府机构及社会团体;政府及社会团体相关;政府及社会团体相关,青羊区,104.000881,30.665327
东坡派出所社区巡逻执勤点,government,政府机构及社会团体;公检法机构;社会治安机构,青羊区,103.998465,30.667367
中共清水河社区委员会,government,政府机构及社会团体;政府机关;乡镇以下级政府及事业单位,青羊区,103.995642,30.668577
青羊区残帮服务中心,government,政府机构及社会团体;社会团体;社会团体相关,青羊区,103.993894,30.668722
东坡路社区居委会,government,政府机构及社会团体;政府机关;乡镇以下级政府及事业单位,青羊区,103.994137,30.661415
中共中铁八局成都地铁7号线8标项目部委员会,government,政府机构及社会团体;社会团体;社会团体相关,青羊区,103.994585,30.664397
东坡路社区居民议事会,government,政府机构及社会团体;政府机关;乡镇以下级政府及事业单位,青羊区,103.994335,30.666143
成都市青羊区东坡街道清水河社区纪检委,government,政府机构及社会团体;政府及社会团体相关;政府及社会团体相关,青羊区,103.995581,30.668675
清水河社区居委会(双新南路),government,政府机构及社会团体;政府机关;乡镇以下级政府及事业单位,青羊区,103.995642,30.668577
中共东坡路社区委员会(琼楼路),government,政府机构及社会团体;政府机关;乡镇以下级政府及事业单位,青羊区,103.994335,30.666143
中共东坡路社区纪律检查委员会,government,政府机构及社会团体;政府机关;乡镇以下级政府及事业单位,青羊区,103.994335,30.666143
东坡街道清水河社区居民议事会,government,政府机构及社会团体;政府机关;乡镇以下级政府及事业单位,青羊区,103.995571,30.668683
机电安装分局,government,政府机构及社会团体;政府及社会团体相关;政府及社会团体相关,青羊区,103.997662,30.667946
光华派出所(中环路青羊大道段),government,政府机构及社会团体;公检法机构;公安警察,青羊区,104.005984,30.66213
成都市征地事务中心,government,政府机构及社会团体;政府机关;地市级政府及事业单位,青羊区,104.012358,30.663938
青羊分局出入境管理大队,government,政府机构及社会团体;公检法机构;公安警察,青羊区,104.006474,30.661745
成都市土地开发整治服务中心,government,政府机构及社会团体;政府机关;地市级政府及事业单位,青羊区,104.012358,30.663938
成都市国土规划地籍事务中心,government,政府机构及社会团体;政府机关;地市级政府及事业单位,青羊区,104.012358,30.663938
成都市国土资源执法监察支队,government,政府机构及社会团体;政府机关;地市级政府及事业单位,青羊区,104.012358,30.663938
青羊出入境服务点,government,政府机构及社会团体;政府及社会团体相关;政府及社会团体相关,青羊区,104.006403,30.662061
四川省舞蹈家协会,government,政府机构及社会团体;社会团体;行业协会,青羊区,104.006122,30.661231
四川银鑫汽车综合性能检测站,government,政府机构及社会团体;交通车辆管理;验车场,青羊区,104.010559,30.666171
花园社区居委会(家园路),government,政府机构及社会团体;政府机关;乡镇以下级政府及事业单位,青羊区,104.00657,30.662777
中共花园社区委员会(家园路),government,政府机构及社会团体;政府机关;乡镇以下级政府及事业单位,青羊区,104.006491,30.662819
成都市土地储备中心,government,政府机构及社会团体;政府及社会团体相关;政府及社会团体相关,青羊区,104.012318,30.663858
四川省气象局,government,政府机构及社会团体;政府机关;省直辖市级政府及事业单位,青羊区,104.016132,30.66464
四川省煤田地质局,government,政府机构及社会团体;政府机关;省直辖市级政府及事业单位,青羊区,104.021676,30.665635
中国气象局成都区域气象中心,government,政府机构及社会团体;政府机关;地市级政府及事业单位,青羊区,104.016126,30.664632
拉萨市公安局驻成都工作站,government,政府机构及社会团体;公检法机构;公安警察,青羊区,104.01387,30.662398
中共四川省煤田地质局委员会,government,政府机构及社会团体;政府机关;省直辖市级政府及事业单位,青羊区,104.021674,30.665633
四川省楹联学会,government,政府机构及社会团体;社会团体;社会团体相关,青羊区,104.020704,30.663151
四川省煤田地质局一三五队成都办事处,government,政府机构及社会团体;政府机关;地市级政府及事业单位,青羊区,104.021674,30.665633
成都市群众文化学会,government,政府机构及社会团体;社会团体;社会团体相关,青羊区,104.020704,30.663151
四川省煤田地质局一四一队成都办事处,government,政府机构及社会团体;政府机关;地市级政府及事业单位,青羊区,104.021674,30.665633
四川省煤田地质局一三七队成都办事处,government,政府机构及社会团体;政府机关;地市级政府及事业单位,青羊区,104.021674,30.665633
陕西省乳品工业协会,government,政府机构及社会团体;社会团体;行业协会,青羊区,104.021025,30.666095
四川省高科技产业化协会,government,政府机构及社会团体;社会团体;行业协会,青羊区,104.014163,30.663461
成都市青羊区家长委员会,government,政府机构及社会团体;政府机关;区县级政府及事业单位,青羊区,104.016517,30.664619
成都市民俗学会,government,政府机构及社会团体;社会团体;社会团体相关,青羊区,104.020704,30.663151
成都高等级公路经营管理办公室,government,政府机构及社会团体;政府机关;地市级政府及事业单位,青羊区,104.020286,30.665011
中国气象局西南区域气象中心,government,政府机构及社会团体;政府及社会团体相关;政府及社会团体相关,青羊区,104.016295,30.664658
浣花社区居委会,government,政府机构及社会团体;政府机关;乡镇以下级政府及事业单位,青羊区,104.018879,30.661303
四川师范大学草堂校区自主改造委员会,government,政府机构及社会团体;社会团体;社会团体相关,青羊区,104.023215,30.665093
青羊区光华街道财大社区残疾人协会,government,政府机构及社会团体;社会团体;残联,青羊区,104.01769,30.669183
四川省青年摄影家协会(草堂路),government,政府机构及社会团体;社会团体;行业协会,青羊区,104.020704,30.663151
四川省煤田地质测量仪器检定站,government,政府机构及社会团体;公检法机构;公证鉴定机构,青羊区,104.021133,30.665306
中共浣花社区委员会,government,政府机构及社会团体;政府机关;乡镇以下级政府及事业单位,青羊区,104.018879,30.661303
成都市金沙幼儿园微型消防站,government,政府机构及社会团体;公检法机构;消防机关,青羊区,104.01697,30.66411
成都市音乐家学会,government,政府机构及社会团体;社会团体;行业协会,青羊区,104.020704,30.663151
青羊区教育局关心下一代工作委员会,government,政府机构及社会团体;政府机关;区县级政府及事业单位,青羊区,104.016517,30.664619
光华街道办事处计划生育协会浣花社区分会,government,政府机构及社会团体;社会团体;社会团体相关,青羊区,104.017663,30.661192
成都房管局成都处,government,政府机构及社会团体;政府及社会团体相关;政府及社会团体相关,青羊区,104.018567,30.666486
四川省气象局防雷中心,government,政府机构及社会团体;政府及社会团体相关;政府及社会团体相关,青羊区,104.016195,30.664387
草堂街道送仙桥社区居民议事会,government,政府机构及社会团体;社会团体;社会团体相关,青羊区,104.031744,30.667902
草堂工商所(草堂北路),government,政府机构及社会团体;工商税务机构;工商部门,青羊区,104.026457,30.66806
成都市青羊工商局草堂工商所,government,政府机构及社会团体;工商税务机构;工商部门,青羊区,104.026489,30.668057
四川省涉外建设项目国家安全事项审查办公室,government,政府机构及社会团体;政府机关;省直辖市级政府及事业单位,青羊区,104.024297,30.664984
成都市质量技术监督局青羊分局,government,政府机构及社会团体;政府机关;区县级政府及事业单位,青羊区,104.028518,30.667764
成都市羽毛球协会,government,政府机构及社会团体;社会团体;行业协会,青羊区,104.032945,30.660998
成都市青羊区动物卫生监督所,government,政府机构及社会团体;政府机关;区县级政府及事业单位,青羊区,104.028564,30.667808
成都市青羊区统筹城乡工作局,government,政府机构及社会团体;政府机关;区县级政府及事业单位,青羊区,104.028564,30.667808
四川光明司法鉴定所,government,政府机构及社会团体;公检法机构;公证鉴定机构,青羊区,104.025554,30.665092
成都市青羊区农业综合执法大队,government,政府机构及社会团体;政府机关;区县级政府及事业单位,青羊区,104.028564,30.667808
成都市体育舞蹈协会(草堂东路),government,政府机构及社会团体;社会团体;行业协会,青羊区,104.032945,30.660998
四川省收藏家协会古玩杂件专业委员会交流中心,government,政府机构及社会团体;政府及社会团体相关;政府及社会团体相关,青羊区,104.028095,30.664786
成都市体操运动管理中心,government,政府机构及社会团体;政府机关;地市级政府及事业单位,青羊区,104.032678,30.660566
四川省艺术品产业协会,government,政府机构及社会团体;社会团体;行业协会,青羊区,104.033435,30.660363
青羊区治理投资软环境监测点,government,政府机构及社会团体;政府机关;区县级政府及事业单位,青羊区,104.030395,30.66537
成都市篮球协会,government,政府机构及社会团体;社会团体;行业协会,青羊区,104.032945,30.660998
四川省国家级古籍修复中心分中心,government,政府机构及社会团体;政府机关;省直辖市级政府及事业单位,青羊区,104.023822,30.662915
青羊区城市管理行政执法大队,government,政府机构及社会团体;政府机关;区县级政府及事业单位,青羊区,104.028564,30.667808
成都市青羊区光华街道青华社区委员会,government,政府机构及社会团体;政府机关;区县级政府及事业单位,青羊区,104.024547,30.669113
府南食药监所,government,政府机构及社会团体;政府机关;乡镇级政府及事业单位,青羊区,104.028563,30.667809
金沙食药监所,government,政府机构及社会团体;政府机关;乡镇级政府及事业单位,青羊区,104.028563,30.667809
草堂食药监所,government,政府机构及社会团体;政府机关;乡镇级政府及事业单位,青羊区,104.028563,30.667809
光华食药监所,government,政府机构及社会团体;政府机关;乡镇级政府及事业单位,青羊区,104.026467,30.66805
青羊区市场和质量监督管理局府南监管所,government,政府机构及社会团体;政府机关;乡镇级政府及事业单位,青羊区,104.028564,30.667813
青羊区市场和质量监督管理局草堂监管所,government,政府机构及社会团体;政府机关;乡镇级政府及事业单位,青羊区,104.028564,30.66781
光华派出所青华警务室,government,政府机构及社会团体;公检法机构;公安警察,青羊区,104.024012,30.668894
四川省地方电力企业管理协会,government,政府机构及社会团体;社会团体;行业协会,青羊区,104.031737,30.66908
四川省水利院一分院,government,政府机构及社会团体;政府及社会团体相关;政府及社会团体相关,青羊区,104.030418,30.665387
市场监督管理,government,政府机构及社会团体;政府及社会团体相关;政府及社会团体相关,青羊区,104.026453,30.668122
四川省水利地方电力建筑安装工程质量检测中心站,government,政府机构及社会团体;公检法机构;公证鉴定机构,青羊区,104.031735,30.66908
成都市健美健美操协会,government,政府机构及社会团体;社会团体;行业协会,青羊区,104.032945,30.660998
成都市青羊区工商行政管理,government,政府机构及社会团体;工商税务机构;工商部门,青羊区,104.02651,30.66829
四川省地方电力机电设备质量监督检验所,government,政府机构及社会团体;公检法机构;公证鉴定机构,青羊区,104.031737,30.66908
金牛钱币研究会驻草堂西市古玩城联络处,government,政府机构及社会团体;政府及社会团体相关;政府及社会团体相关,青羊区,104.025424,30.664772
四川博物院文物保护修复中心,government,政府机构及社会团体;政府机关;政府机关相关,青羊区,104.031518,30.663176
送仙桥社区居委会(牧电巷),government,政府机构及社会团体;政府机关;乡镇以下级政府及事业单位,青羊区,104.031744,30.667902
青羊区市场和质量监督管理局金沙监管所,government,政府机构及社会团体;政府机关;乡镇级政府及事业单位,青羊区,104.028564,30.66781
成都市青羊区夕阳红邻里情调解工作室,government,政府机构及社会团体;政府及社会团体相关;政府及社会团体相关,青羊区,104.030288,30.668169
四川省非物质文化遗产保护中心,government,政府机构及社会团体;政府机关;政府机关相关,青羊区,104.031963,30.662575
国家安全项目四川涉外建设项目审查办公室,government,政府机构及社会团体;政府及社会团体相关;政府及社会团体相关,青羊区,104.02417,30.665007
草堂派出所送仙桥警务室,government,政府机构及社会团体;公检法机构;公安警察,青羊区,104.031719,30.667839
四川电力科学研究所电力司法鉴定中心,government,政府机构及社会团体;公检法机构;公证鉴定机构,青羊区,104.029139,30.665258
四川省杜甫学会,government,政府机构及社会团体;社会团体;社会团体相关,青羊区,104.023822,30.662915
四川省水利厅科技推广总站,government,政府机构及社会团体;政府机关;省直辖市级政府及事业单位,青羊区,104.031737,30.66908
草堂路社区居委会,government,政府机构及社会团体;政府机关;乡镇以下级政府及事业单位,青羊区,104.032337,30.662305
青华社区居民议事会,government,政府机构及社会团体;社会团体;社会团体相关,青羊区,104.024555,30.669114
中共草堂路社区委员会,government,政府机构及社会团体;政府机关;乡镇以下级政府及事业单位,青羊区,104.032337,30.662305
青华社区居委会(澄江街),government,政府机构及社会团体;政府机关;乡镇以下级政府及事业单位,青羊区,104.024555,30.669114
中共草堂路社区纪律检查委员会,government,政府机构及社会团体;政府机关;乡镇以下级政府及事业单位,青羊区,104.032337,30.662305
草堂街道送仙桥社区爱心超市,government,政府机构及社会团体;社会团体;慈善机构,青羊区,104.031735,30.667883
草堂街道办事处送仙桥社区未成年人活动室,government,政府机构及社会团体;政府及社会团体相关;政府及社会团体相关,青羊区,104.031793,30.667933
青羊区国家税务局税源管理三科,government,政府机构及社会团体;工商税务机构;国税机关,青羊区,104.026287,30.666455
中共送仙桥社区委员会,government,政府机构及社会团体;政府机关;乡镇以下级政府及事业单位,青羊区,104.031744,30.667902
青羊质量技术监督局稽查大队,government,政府机构及社会团体;政府机关;区县级政府及事业单位,青羊区,104.028518,30.667764
草堂街道办事处,government,政府机构及社会团体;政府机关;乡镇级政府及事业单位,青羊区,104.039226,30.660152
草堂派出所,government,政府机构及社会团体;公检法机构;公安警察,青羊区,104.037407,30.660859
成都市国土资源局青羊分局,government,政府机构及社会团体;政府机关;区县级政府及事业单位,青羊区,104.034787,30.667959
成都市道教协会,government,政府机构及社会团体;社会团体;行业协会,青羊区,104.039167,30.663076
四川省药品(中药)不良反应监测中心,government,政府机构及社会团体;公检法机构;公证鉴定机构,金牛区,104.039312,30.669225
成都市文物数据中心,government,政府机构及社会团体;政府机关;地市级政府及事业单位,青羊区,104.038447,30.665778
成都市文物信息中心,government,政府机构及社会团体;政府机关;地市级政府及事业单位|生活服务;信息咨询中心;信息咨询中心,青羊区,104.038447,30.665778
四川省交通宣传中心,government,政府机构及社会团体;交通车辆管理;交通管理机构,青羊区,104.038125,30.663843
青羊国土办证大厅,government,政府机构及社会团体;政府机关;区县级政府及事业单位,青羊区,104.03478,30.667909
都江堰管理局成都工业用水管理处,government,政府机构及社会团体;政府机关;区县级政府及事业单位,青羊区,104.03754,30.661073
成都市文物保护管理委员会办公室,government,政府机构及社会团体;政府机关;地市级政府及事业单位,青羊区,104.038473,30.665898
四川省纺织工程学会,government,政府机构及社会团体;社会团体;行业协会,青羊区,104.043477,30.665397
四川省中国书学会,government,政府机构及社会团体;社会团体;行业协会,青羊区,104.039047,30.660187
成都市古玩艺术品商会,government,政府机构及社会团体;社会团体;行业协会,青羊区,104.034104,30.660013
成都市燃气协会,government,政府机构及社会团体;社会团体;行业协会,青羊区,104.042509,30.66608
成都市肿瘤康复协会,government,政府机构及社会团体;政府及社会团体相关;政府及社会团体相关,青羊区,104.038526,30.663952
四川中信司法鉴定所,government,政府机构及社会团体;公检法机构;公证鉴定机构,金牛区,104.04014,30.667986
成都市府南河综合整治管理委员会,government,政府机构及社会团体;政府机关;地市级政府及事业单位,青羊区,104.037496,30.66128
灯会办公室,government,政府机构及社会团体;政府及社会团体相关;政府及社会团体相关,青羊区,104.04327,30.662682
成都市工商联古玩商会秘书处,government,政府机构及社会团体;社会团体;行业协会,青羊区,104.034894,30.660227
四川省收藏家协会(草堂东路),government,政府机构及社会团体;社会团体;行业协会,青羊区,104.034104,30.660013
家之福办公室,government,政府机构及社会团体;政府及社会团体相关;政府及社会团体相关,青羊区,104.034069,30.659794
四川省房协住宅环境专委会,government,政府机构及社会团体;政府及社会团体相关;政府及社会团体相关,青羊区,104.037496,30.668278
成都亲子鉴定,government,政府机构及社会团体;公检法机构;公证鉴定机构,金牛区,104.039831,30.668179
青羊宫道观办公室,government,政府机构及社会团体;政府及社会团体相关;政府及社会团体相关,青羊区,104.039399,30.663961
四川省小微企业促进会,government,政府机构及社会团体;社会团体;社会团体相关,青羊区,104.034506,30.666579
成都市收藏家协会字画专业委员会,government,政府机构及社会团体;社会团体;行业协会,青羊区,104.034985,30.664545
四川省中国画学会,government,政府机构及社会团体;社会团体;行业协会,青羊区,104.039034,30.660122
成都市收藏家协会鉴定评估委员会,government,政府机构及社会团体;公检法机构;公证鉴定机构,青羊区,104.034985,30.664545
锦江区食尚汤坊餐饮服务管理中心,government,政府机构及社会团体;政府及社会团体相关;政府及社会团体相关,青羊区,104.036099,30.662415
青羊区城市管理局市容环境管理所,government,政府机构及社会团体;政府机关;区县级政府及事业单位,青羊区,104.036896,30.662994
成都市根雕艺术家协会,government,政府机构及社会团体;社会团体;行业协会,青羊区,104.034225,30.665389
成都市公安局水上治安大队,government,政府机构及社会团体;公检法机构;公安警察,青羊区,104.037496,30.66128
中国水利水电第二工程西南区域管理,government,政府机构及社会团体;政府及社会团体相关;政府及社会团体相关,青羊区,104.037495,30.668274
四川省人民医院警务室,government,政府机构及社会团体;公检法机构;社会治安机构,青羊区,104.038025,30.665379
成都市青羊宫道观管理委员会,government,政府机构及社会团体;政府及社会团体相关;政府及社会团体相关,青羊区,104.039399,30.663961
成都市浣花溪风景区建设办公室,government,政府机构及社会团体;政府及社会团体相关;政府及社会团体相关,青羊区,104.041318,30.660532
四川旅游学院国家职业技能鉴定所,government,政府机构及社会团体;政府及社会团体相关;政府及社会团体相关,青羊区,104.038702,30.665019
成都市青羊区土地整治服务中心,government,政府机构及社会团体;政府机关;区县级政府及事业单位,青羊区,104.034787,30.667959
成都市文物保护地,government,政府机构及社会团体;政府机关;地市级政府及事业单位,青羊区,104.038473,30.665898
GH贺麟教育基金会,government,政府机构及社会团体;社会团体;慈善机构,青羊区,104.037568,30.668647
中共草堂街道纪律检查工作委员会,government,政府机构及社会团体;政府机关;乡镇级政府及事业单位,青羊区,104.039226,30.660152
草堂派出所草堂路警务室,government,政府机构及社会团体;公检法机构;社会治安机构,青羊区,104.033861,30.661692
中共青羊区草堂街道工作委员会,government,政府机构及社会团体;政府机关;乡镇级政府及事业单位,青羊区,104.039226,30.660152
青羊区草堂街道便民服务中心,government,政府机构及社会团体;政府机关;乡镇级政府及事业单位,青羊区,104.039318,30.660212
草堂辖区草堂路社区治保会,government,政府机构及社会团体;公检法机构;社会治安机构,青羊区,104.033861,30.661692
四川省城乡统筹发展基金会,government,政府机构及社会团体;社会团体;慈善机构,青羊区,104.037816,30.662387
成都院技术管理委员会,government,政府机构及社会团体;政府及社会团体相关;政府及社会团体相关,青羊区,104.034331,30.667465
四川省委省政府人民来访接待室(柿子巷),government,政府机构及社会团体;政府机关;省直辖市级政府及事业单位,青羊区,104.050261,30.663963
四川省群团组织社会服务中心,government,政府机构及社会团体;社会团体;社会团体相关,青羊区,104.048037,30.665682
四川省总工会,government,政府机构及社会团体;社会团体;社会团体相关,青羊区,104.052276,30.661574
汪家拐街道办事处,government,政府机构及社会团体;政府机关;乡镇级政府及事业单位,青羊区,104.052684,30.662152
成都市城市管理行政执法局,government,政府机构及社会团体;政府机关;地市级政府及事业单位,青羊区,104.052715,30.662896
成都市质量技术监督局稽查分局,government,政府机构及社会团体;政府机关;地市级政府及事业单位,金牛区,104.044908,30.668013
汪家拐社区派出所,government,政府机构及社会团体;公检法机构;公安警察,青羊区,104.049216,30.661804
成都市质量管理协会,government,政府机构及社会团体;社会团体;行业协会,金牛区,104.044908,30.668013
成都司法局,government,政府机构及社会团体;公检法机构;公检法机关,青羊区,104.04949,30.664327
中共四川省纪委人民来访接待室,government,政府机构及社会团体;政府机关;省直辖市级政府及事业单位,青羊区,104.050261,30.663963
成都市城市管理委员会,government,政府机构及社会团体;政府机关;地市级政府及事业单位,青羊区,104.052709,30.662896
四川省收藏家协会(琴台路),government,政府机构及社会团体;社会团体;行业协会,青羊区,104.043641,30.66262
中共四川省委组织部人民来访接待室,government,政府机构及社会团体;政府机关;省直辖市级政府及事业单位,青羊区,104.050261,30.663963
青羊区地方税务局第七税务所,government,政府机构及社会团体;工商税务机构;地税机关,青羊区,104.052986,30.661978
少城社区居委会,government,政府机构及社会团体;政府机关;乡镇以下级政府及事业单位,青羊区,104.049259,30.661799
成都军区房地产管理局,government,政府机构及社会团体;政府机关;区县级政府及事业单位,青羊区,104.046786,30.663845
中国水电十局,government,政府机构及社会团体;政府机关;国家级机关及事业单位|公司企业;公司;公司,金牛区,104.043831,30.665908
成都市青羊区少城食品药品监管所,government,政府机构及社会团体;政府机关;区县级政府及事业单位,青羊区,104.051962,30.664829
四川省礼品行业协会,government,政府机构及社会团体;社会团体;行业协会,青羊区,104.043641,30.66262
四川省老年大学协会,government,政府机构及社会团体;社会团体;行业协会,青羊区,104.051629,30.661504
四川青年志愿者协会,government,政府机构及社会团体;社会团体;行业协会,青羊区,104.047976,30.665694
中共宽窄巷子特色街区支部委员会,government,政府机构及社会团体;政府机关;政府机关相关,青羊区,104.052405,30.664858
天府志愿惠,government,政府机构及社会团体;政府机关;政府机关相关,青羊区,104.047979,30.665696
成都市公证协会,government,政府机构及社会团体;政府及社会团体相关;政府及社会团体相关,青羊区,104.049702,30.664202
汪家拐派出所少城警务室,government,政府机构及社会团体;公检法机构;公安警察,青羊区,104.049072,30.661875
成都市律师协会,government,政府机构及社会团体;社会团体;行业协会,青羊区,104.049522,30.664366
青城山兰苑颐养中心,government,政府机构及社会团体;政府及社会团体相关;政府及社会团体相关,青羊区,104.052127,30.661297
精武棍社办公室,government,政府机构及社会团体;政府及社会团体相关;政府及社会团体相关,青羊区,104.052651,30.660737
成都市青羊区地方税务局,government,政府机构及社会团体;工商税务机构;地税机关,青羊区,104.052984,30.661978
宽巷子社区办公室,government,政府机构及社会团体;政府及社会团体相关;政府及社会团体相关,青羊区,104.048441,30.665643
中共汪家拐街道工作委员会,government,政府机构及社会团体;政府机关;乡镇级政府及事业单位,青羊区,104.052684,30.662152
成都市青羊区司法局汪家拐司法所,government,政府机构及社会团体;公检法机构;公检法机关,青羊区,104.052684,30.662152
海禄客成都联络处,government,政府机构及社会团体;政府机关;政府机关相关,金牛区,104.044522,30.668658
成都市城市管理局环卫处,government,政府机构及社会团体;政府及社会团体相关;政府及社会团体相关,青羊区,104.05262,30.662651
成都市城市环境管理委员会,government,政府机构及社会团体;政府及社会团体相关;政府及社会团体相关,青羊区,104.05262,30.662651
中共汪家拐街道纪律检查工作委员会,government,政府机构及社会团体;政府机关;乡镇级政府及事业单位,青羊区,104.052684,30.662152
琉璃会世界华商领袖会馆,government,政府机构及社会团体;社会团体;行业协会,青羊区,104.050354,30.666053
四川省青年企业家协会秘书处,government,政府机构及社会团体;政府及社会团体相关;政府及社会团体相关,青羊区,104.048206,30.665777
四川省纺织产品质量监督检验测试中心,government,政府机构及社会团体;公检法机构;公证鉴定机构,青羊区,104.043576,30.665203
宽窄巷子社区办公室临西胜街一侧,government,政府机构及社会团体;政府及社会团体相关;政府及社会团体相关,青羊区,104.048392,30.665717
四川协力公益发展中心,government,政府机构及社会团体;社会团体;慈善机构,青羊区,104.048037,30.665682
四川上海商会精英会,government,政府机构及社会团体;政府及社会团体相关;政府及社会团体相关,青羊区,104.051787,30.666338
黄瓦街派出所宽巷子警务室,government,政府机构及社会团体;公检法机构;社会治安机构,青羊区,104.052418,30.664897
西安路街道办事处(西安南路),government,政府机构及社会团体;政府机关;乡镇级政府及事业单位,金牛区,104.044403,30.667231
川美出版之家,government,政府机构及社会团体;社会团体;社会团体相关,青羊区,104.047979,30.665696
成都市青羊区汪家拐街道总工会,government,政府机构及社会团体;社会团体;社会团体相关,青羊区,104.052684,30.662152
四川建业司法鉴定所,government,政府机构及社会团体;公检法机构;公证鉴定机构,金牛区,104.045736,30.668972
宽巷子社区居委会,government,政府机构及社会团体;政府机关;乡镇以下级政府及事业单位,青羊区,104.048403,30.665731
四川省技术经济和管理现代化研究会心理咨询专业委员会,government,政府机构及社会团体;社会团体;社会团体相关,青羊区,104.050047,30.667789
金牛区食品药品监督管理局西安路食药监管所,government,政府机构及社会团体;政府机关;乡镇级政府及事业单位,金牛区,104.044103,30.667612
少城社区人民调解委员会,government,政府机构及社会团体;政府机关;乡镇以下级政府及事业单位,青羊区,104.049338,30.661806
四川省华侨公益基金会,government,政府机构及社会团体;社会团体;慈善机构,青羊区,104.047979,30.665696
四川省妇女发展基金会,government,政府机构及社会团体;社会团体;慈善机构,青羊区,104.047979,30.665696
四川省青少年发展基金会,government,政府机构及社会团体;社会团体;慈善机构,青羊区,104.047979,30.665696
四川省关心下一代基金会(下同仁路),government,政府机构及社会团体;社会团体;慈善机构,青羊区,104.047979,30.665696
四川省残疾人福利基金会,government,政府机构及社会团体;社会团体;慈善机构,青羊区,104.047979,30.665696
汪家拐街道少城社区社区党委,government,政府机构及社会团体;政府机关;乡镇以下级政府及事业单位,青羊区,104.049259,30.661799
四川省困难职工帮扶基金会,government,政府机构及社会团体;社会团体;慈善机构,青羊区,104.047979,30.665696
汪家拐街道少城社区残疾人协会,government,政府机构及社会团体;社会团体;残联,青羊区,104.049259,30.661799
高正安全评价事务所司法鉴定所,government,政府机构及社会团体;公检法机构;公证鉴定机构,金牛区,104.045736,30.668972
成都市人民政府政务服务中心房产分中心,government,政府机构及社会团体;政府机关;地市级政府及事业单位,青羊区,104.060105,30.666893
达州市人民政府驻成都办事处,government,政府机构及社会团体;政府机关;外地政府办,青羊区,104.057651,30.661608
成都市青羊区社会组织优化中心,government,政府机构及社会团体;政府机关;区县级政府及事业单位,青羊区,104.055595,30.664319
成都市政府投资项目评审中心,government,政府机构及社会团体;政府机关;地市级政府及事业单位,青羊区,104.055465,30.661533
成都市青羊区人力资源和社会保障局,government,政府机构及社会团体;政府机关;区县级政府及事业单位,青羊区,104.05918,30.665677
成都市青羊区委机构编制委员办公室,government,政府机构及社会团体;政府及社会团体相关;政府及社会团体相关,青羊区,104.059001,30.665845
成都住房公积金管理中心,government,政府机构及社会团体;政府机关;地市级政府及事业单位,青羊区,104.062644,30.667267
少城街道办事处就业和社会保障服务中心,government,政府机构及社会团体;政府机关;乡镇以下级政府及事业单位,青羊区,104.056578,30.662125
成都市国资委,government,政府机构及社会团体;政府机关;地市级政府及事业单位,青羊区,104.055465,30.661533
四川省委办公厅机关服务中心,government,政府机构及社会团体;政府机关;省直辖市级政府及事业单位,青羊区,104.057294,30.666348
四川省文化厅,government,政府机构及社会团体;政府机关;省直辖市级政府及事业单位,青羊区,104.056166,30.662663
成都市青羊区民政局,government,政府机构及社会团体;政府机关;区县级政府及事业单位,青羊区,104.059178,30.665653
四川省成都市成都公证处(羊市街),government,政府机构及社会团体;公检法机构;公证鉴定机构,青羊区,104.060353,30.669252
成都市世行贷款住房与社会保障改革项目办公室,government,政府机构及社会团体;政府及社会团体相关;政府及社会团体相关,青羊区,104.062593,30.667367
成都市住房保障中心,government,政府机构及社会团体;政府机关;地市级政府及事业单位,青羊区,104.062644,30.667267
中共四川省纪委四川省监察厅,government,政府机构及社会团体;政府机关;省直辖市级政府及事业单位,青羊区,104.055061,30.667597
成都公积金中心服务大厅,government,政府机构及社会团体;政府机关;地市级政府及事业单位,青羊区,104.062974,30.667138
四川省农田水利局,government,政府机构及社会团体;政府机关;省直辖市级政府及事业单位,青羊区,104.056397,30.663892
成都市建筑装饰协会,government,政府机构及社会团体;社会团体;行业协会,青羊区,104.058446,30.663782
成都市住房储备中心,government,政府机构及社会团体;政府机关;地市级政府及事业单位,青羊区,104.062644,30.667267
成都市青羊区民政局婚姻登记处,government,政府机构及社会团体;政府机关;区县级政府及事业单位,青羊区,104.055625,30.664292
成都市劳动保障监察总队,government,政府机构及社会团体;政府机关;地市级政府及事业单位,青羊区,104.059922,30.662045
成都市出入境接待中心,government,政府机构及社会团体;政府机关;地市级政府及事业单位,青羊区,104.062277,30.661834
加中贸易理事会,government,政府机构及社会团体;社会团体;行业协会,青羊区,104.062644,30.667267
四川省精神文明建设办公室,government,政府机构及社会团体;政府机关;省直辖市级政府及事业单位,青羊区,104.057521,30.665156
四川省文化厅机关党委,government,政府机构及社会团体;政府及社会团体相关;政府及社会团体相关,青羊区,104.056548,30.662847
中共四川省委员会,government,政府机构及社会团体;政府机关;省直辖市级政府及事业单位,青羊区,104.055284,30.667268
成都市住房委员会办公室,government,政府机构及社会团体;政府机关;地市级政府及事业单位,青羊区,104.062644,30.667267
成都市房屋拆迁管理处(人民中路一段),government,政府机构及社会团体;政府机关;地市级政府及事业单位,青羊区,104.062644,30.667267
四川省纤维检验局,government,政府机构及社会团体;政府机关;省直辖市级政府及事业单位,青羊区,104.057112,30.660855
成都市物业管理协会,government,政府机构及社会团体;社会团体;行业协会,青羊区,104.062644,30.667267
成都市干道建设指挥部,government,政府机构及社会团体;政府机关;地市级政府及事业单位,青羊区,104.05935,30.662078
中共四川省委宣传部,government,政府机构及社会团体;政府机关;政府机关相关,青羊区,104.055331,30.667216
四川省食品工业协会,government,政府机构及社会团体;社会团体;行业协会,青羊区,104.058493,30.659564
成都市勘察设计协会,government,政府机构及社会团体;社会团体;行业协会,青羊区,104.058446,30.663782
四川省成都市蜀都公证处,government,政府机构及社会团体;公检法机构;公证鉴定机构,青羊区,104.05766,30.666292
成都市房地产管理局房管所,government,政府机构及社会团体;政府机关;地市级政府及事业单位,青羊区,104.062644,30.667267
成都市城市节约用水办公室,government,政府机构及社会团体;政府机关;地市级政府及事业单位,青羊区,104.057122,30.665868
成都市青羊区物价局,government,政府机构及社会团体;政府机关;区县级政府及事业单位,青羊区,104.059178,30.665653
西御河派出所,government,政府机构及社会团体;公检法机构;公安警察,青羊区,104.060338,30.667852
甘肃商会(东胜街),government,政府机构及社会团体;社会团体;行业协会,青羊区,104.057027,30.663113
汪家拐派出所,government,政府机构及社会团体;公检法机构;公安警察,青羊区,104.055833,30.661633
四川省纪律检查委员会,government,政府机构及社会团体;政府机关;省直辖市级政府及事业单位,青羊区,104.055284,30.667268
四川省天主教成都教区,government,政府机构及社会团体;社会团体;教会,青羊区,104.05969,30.666934
四川省互联网信息办公室,government,政府机构及社会团体;政府机关;省直辖市级政府及事业单位,青羊区,104.056958,30.664444
四川省酿酒协会,government,政府机构及社会团体;社会团体;行业协会|政府机构及社会团体;公检法机构;公证鉴定机构,青羊区,104.058508,30.659549
成都市城乡房产管理局,government,政府机构及社会团体;政府机关;地市级政府及事业单位,青羊区,104.060221,30.666927
成都市规划执法监督局,government,政府机构及社会团体;政府机关;地市级政府及事业单位,青羊区,104.059304,30.662101
成都市公共住房管理中心,government,政府机构及社会团体;政府机关;地市级政府及事业单位,青羊区,104.062644,30.667267
成都市招生考试委员会办公室,government,政府机构及社会团体;政府机关;地市级政府及事业单位,青羊区,104.057157,30.664751
成都市公共住房管理中心,government,政府机构及社会团体;政府机关;地市级政府及事业单位,青羊区,104.062644,30.667267
成都市招生考试委员会办公室,government,政府机构及社会团体;政府机关;地市级政府及事业单位,青羊区,104.057157,30.664751
四川省黄埔军校同学会,government,政府机构及社会团体;社会团体;社会团体相关,青羊区,104.056603,30.663093
成都市公安局地铁分局,government,政府机构及社会团体;公检法机构;公安警察,青羊区,104.060628,30.66033
成都市投资促进委员会,government,政府机构及社会团体;社会团体;社会团体相关,青羊区,104.058446,30.663782
中共四川省委组织部党员教育中心,government,政府机构及社会团体;政府机关;省直辖市级政府及事业单位|科教文化服务;学校;学校,青羊区,104.057476,30.666361
成都市文学艺术界联合会,government,政府机构及社会团体;社会团体;行业协会,青羊区,104.058421,30.66219
柬埔寨王国经济发展促进会,government,政府机构及社会团体;社会团体;社会团体相关,青羊区,104.059744,30.659415
商谋子六城区各分支服务管委会,government,政府机构及社会团体;政府机关;政府机关相关,青羊区,104.059744,30.659415
四川省水文水资源勘测局(桂花巷),government,政府机构及社会团体;政府机关;省直辖市级政府及事业单位,青羊区,104.055572,30.66504
四川省食品安全委员会办公室(东城根上街),government,政府机构及社会团体;政府机关;省直辖市级政府及事业单位,青羊区,104.058493,30.659564
四川省报刊发展中心,government,政府机构及社会团体;政府机关;省直辖市级政府及事业单位,青羊区,104.057111,30.664294
成都市社情民意调查中心,government,政府机构及社会团体;政府机关;地市级政府及事业单位,青羊区,104.057435,30.66292
成都市青羊区司法局,government,政府机构及社会团体;公检法机构;公检法机关,青羊区,104.059178,30.665653
成都市房管局新闻宣传办公室,government,政府机构及社会团体;政府机关;地市级政府及事业单位,青羊区,104.062644,30.667267
商业街社区居委会(将军街),government,政府机构及社会团体;政府机关;乡镇以下级政府及事业单位,青羊区,104.056398,30.662182
四川省食品药品监督稽查总队(东城根上街),government,政府机构及社会团体;政府机关;省直辖市级政府及事业单位,青羊区,104.058508,30.659549
共青团四川省委,government,政府机构及社会团体;社会团体;共青团,青羊区,104.057623,30.665848
天府广场站派出所天府广场站警务室,government,政府机构及社会团体;公检法机构;公安警察,青羊区,104.062769,30.660336
成都市房产管理监察大队,government,政府机构及社会团体;政府机关;地市级政府及事业单位,青羊区,104.062644,30.667267
四川省文物管理局(少城路),government,政府机构及社会团体;政府机关;省直辖市级政府及事业单位,青羊区,104.057734,30.660277
四川省出版物市场稽查总队,government,政府机构及社会团体;政府机关;省直辖市级政府及事业单位,青羊区,104.057111,30.664294
成都市危险化学品登记注册中心,government,政府机构及社会团体;政府机关;地市级政府及事业单位,青羊区,104.057953,30.663004
成都市青羊区总工会,government,政府机构及社会团体;政府机关;区县级政府及事业单位,青羊区,104.059111,30.665746
四川省食品药品监督管理局投诉举报中心(东城根上街),government,政府机构及社会团体;政府机关;省直辖市级政府及事业单位,青羊区,104.058508,30.659549
四川省版权事务中心,government,政府机构及社会团体;政府机关;省直辖市级政府及事业单位,青羊区,104.057111,30.664294
中共成都市成都公证处支部委员会,government,政府机构及社会团体;政府机关;地市级政府及事业单位,青羊区,104.060354,30.669254
成都市青羊区统计局,government,政府机构及社会团体;政府机关;区县级政府及事业单位,青羊区,104.059178,30.665653
四川省食品药品监督管理局(东城根上街),government,政府机构及社会团体;政府机关;省直辖市级政府及事业单位,青羊区,104.058493,30.659564
成都市天主教爱国会,government,政府机构及社会团体;社会团体;社会团体相关,青羊区,104.05969,30.666934
成都室内装饰行业协会,government,政府机构及社会团体;社会团体;行业协会,青羊区,104.057953,30.663004
四川省文物总店鉴定收购部,government,政府机构及社会团体;政府机关;省直辖市级政府及事业单位,青羊区,104.057487,30.660436
成都市青羊区烟草专卖局,government,政府机构及社会团体;政府机关;区县级政府及事业单位,青羊区,104.059426,30.664353
成都市青羊区工商联,government,政府机构及社会团体;政府及社会团体相关;政府及社会团体相关,青羊区,104.059001,30.665845
成都市农机监理所,government,政府机构及社会团体;政府机关;地市级政府及事业单位,青羊区,104.05842,30.662191
成都市劳动保护监测站,government,政府机构及社会团体;政府机关;地市级政府及事业单位,青羊区,104.059922,30.662045
九三学社成都市委员会,government,政府机构及社会团体;民主党派;民主党派,青羊区,104.057088,30.663686
青羊区食药监局,government,政府机构及社会团体;政府机关;政府机关相关,青羊区,104.059001,30.665845
四川省健美健美操协会,government,政府机构及社会团体;社会团体;行业协会,青羊区,104.055465,30.661533
成都房地产业协会,government,政府机构及社会团体;社会团体;行业协会,青羊区,104.062644,30.667267
成都市家电维修协会,government,政府机构及社会团体;社会团体;行业协会,青羊区,104.057907,30.663127
成都市建设监理协会,government,政府机构及社会团体;社会团体;行业协会,青羊区,104.058446,30.663782
成都市混凝土协会,government,政府机构及社会团体;社会团体;行业协会,青羊区,104.058446,30.663782
成都市青羊区计生委,government,政府机构及社会团体;政府机关;区县级政府及事业单位,青羊区,104.059178,30.665653
成都市会计学会,government,政府机构及社会团体;社会团体;行业协会,青羊区,104.05935,30.662078
成都市土木建筑学会,government,政府机构及社会团体;政府及社会团体相关;政府及社会团体相关,青羊区,104.058312,30.663957
哥伦比亚中国商会,government,政府机构及社会团体;社会团体;行业协会,青羊区,104.055465,30.661533
四川省成都市律政公证处,government,政府机构及社会团体;公检法机构;公证鉴定机构,青羊区,104.05529,30.661617
成都市房地产监测中心,government,政府机构及社会团体;政府机关;政府机关相关,青羊区,104.060178,30.666933
成都市项目评审协会,government,政府机构及社会团体;社会团体;行业协会,青羊区,104.055465,30.661533
成都市青羊区安监局,government,政府机构及社会团体;政府机关;政府机关相关,青羊区,104.059001,30.665844
成都市青羊区商务局,government,政府机构及社会团体;政府机关;区县级政府及事业单位,青羊区,104.059001,30.665845
四川省青年文化交流协会,government,政府机构及社会团体;社会团体;行业协会,青羊区,104.057615,30.665828
华曦司法鉴定所,government,政府机构及社会团体;公检法机构;公证鉴定机构,青羊区,104.059744,30.659415
成都市对外文化交流协会,government,政府机构及社会团体;政府及社会团体相关;政府及社会团体相关,青羊区,104.058312,30.663957
四川省家居用品国际商会,government,政府机构及社会团体;社会团体;行业协会,青羊区,104.055465,30.661533
成都剑道友会,government,政府机构及社会团体;社会团体;社会团体相关,青羊区,104.053979,30.669184
成都市老年人协会,government,政府机构及社会团体;社会团体;社会团体相关,青羊区,104.057953,30.663004
成都市房产管理局房政法规处,government,政府机构及社会团体;政府机关;地市级政府及事业单位,青羊区,104.062644,30.667267
四川省民营企业行政申诉中心,government,政府机构及社会团体;政府机关;省直辖市级政府及事业单位,青羊区,104.058508,30.659549
成都市动漫艺术协会,government,政府机构及社会团体;社会团体;行业协会,青羊区,104.057875,30.662371
警察办公室,government,政府机构及社会团体;政府及社会团体相关;政府及社会团体相关,青羊区,104.055333,30.667205
万和路分局,government,政府机构及社会团体;政府及社会团体相关;政府及社会团体相关,青羊区,104.056745,30.669062
四川省直工委组织部,government,政府机构及社会团体;政府及社会团体相关;政府及社会团体相关,青羊区,104.055141,30.66764
房管政务中心,government,政府机构及社会团体;政府及社会团体相关;政府及社会团体相关,青羊区,104.060166,30.666659
成都市青羊区地志办,government,政府机构及社会团体;政府及社会团体相关;政府及社会团体相关,青羊区,104.059001,30.665845
成都市网球协会(东城根上街),government,政府机构及社会团体;社会团体;行业协会,青羊区,104.057953,30.663004
国家地理标志保护产品,government,政府机构及社会团体;政府及社会团体相关;政府及社会团体相关,青羊区,104.057784,30.667486
成都市房管局住保大厅,government,政府机构及社会团体;政府及社会团体相关;政府及社会团体相关,青羊区,104.062644,30.667267
纤维质检局,government,政府机构及社会团体;政府及社会团体相关;政府及社会团体相关,青羊区,104.057586,30.66095
四川扶贫和移民工作局,government,政府机构及社会团体;政府及社会团体相关;政府及社会团体相关,青羊区,104.055339,30.667211
青羊区西御河爱心超市,government,政府机构及社会团体;政府及社会团体相关;政府及社会团体相关,青羊区,104.058717,30.664422
刘琪调解工作室,government,政府机构及社会团体;政府及社会团体相关;政府及社会团体相关,青羊区,104.061533,30.668223
公证大厅,government,政府机构及社会团体;政府及社会团体相关;政府及社会团体相关,青羊区,104.057716,30.666146
成都市涉外服务中心,government,政府机构及社会团体;政府及社会团体相关;政府及社会团体相关,青羊区,104.062574,30.661172
四川省县域经济学会,government,政府机构及社会团体;政府及社会团体相关;政府及社会团体相关,青羊区,104.055441,30.66721
四川省学生联合会,government,政府机构及社会团体;政府及社会团体相关;政府及社会团体相关,青羊区,104.057646,30.665922
成都市出入境管理中心,government,政府机构及社会团体;政府及社会团体相关;政府及社会团体相关,青羊区,104.062574,30.661166
四川省成都市蜀信公证处,government,政府机构及社会团体;公检法机构;公证鉴定机构,青羊区,104.059301,30.665793
四川原酒质量鉴评中心,government,政府机构及社会团体;公检法机构;公证鉴定机构,青羊区,104.058493,30.659564
成都市人民对外友好协会,government,政府机构及社会团体;政府及社会团体相关;政府及社会团体相关,青羊区,104.061947,30.661231
成都市科学技术顾问团办公室,government,政府机构及社会团体;政府机关;地市级政府及事业单位,青羊区,104.057435,30.66292
满蒙人民学习委员会(南门),government,政府机构及社会团体;社会团体;社会团体相关,青羊区,104.054684,30.669074
中共成都市注册会计行业委员会,government,政府机构及社会团体;社会团体;社会团体相关,青羊区,104.05935,30.662078
成都市青羊区发改局,government,政府机构及社会团体;政府机关;政府机关相关,青羊区,104.059001,30.665844
社区民警办公室,government,政府机构及社会团体;公检法机构;社会治安机构,青羊区,104.060498,30.66793
成都市房屋产权登记中心,government,政府机构及社会团体;政府及社会团体相关;政府及社会团体相关,青羊区,104.060178,30.666933
四川省文化厅文化联络处,government,政府机构及社会团体;政府及社会团体相关;政府及社会团体相关,青羊区,104.05655,30.662847
成都市建筑材料行业协会,government,政府机构及社会团体;社会团体;行业协会,青羊区,104.060263,30.66412
成都市因公出国(境)政务大厅,government,政府机构及社会团体;政府及社会团体相关;政府及社会团体相关,青羊区,104.061947,30.661231
帮你劳动保障服务,government,政府机构及社会团体;政府机关;乡镇以下级政府及事业单位,青羊区,104.060265,30.661935
成都市环境保护督察专员办公室,government,政府机构及社会团体;政府机关;地市级政府及事业单位,青羊区,104.05842,30.662191
成都市公路行业协会,government,政府机构及社会团体;社会团体;行业协会,青羊区,104.05842,30.662191
成都市人民对外好友协会,government,政府机构及社会团体;政府及社会团体相关;政府及社会团体相关,青羊区,104.061947,30.661231
四川国际商会中东市场专业委员会,government,政府机构及社会团体;社会团体;行业协会,青羊区,104.055465,30.661533
成都市房管局信坊接待室,government,政府机构及社会团体;政府及社会团体相关;政府及社会团体相关,青羊区,104.062826,30.667071
今站购物中心管理办公室,government,政府机构及社会团体;政府及社会团体相关;政府及社会团体相关,青羊区,104.062057,30.660193
四川世界贸易中心会,government,政府机构及社会团体;社会团体;社会团体相关,青羊区,104.055465,30.661533
成都市公安局交通管理局第四分局电动自行车综合上牌点,government,政府机构及社会团体;交通车辆管理;车辆管理机构,青羊区,104.058676,30.664328
台湾民主自治同盟成都市支部,government,政府机构及社会团体;民主党派;民主党派,青羊区,104.057088,30.663686
四川省新农村建设开发基金会秘书处,government,政府机构及社会团体;政府机关;省直辖市级政府及事业单位,青羊区,104.056794,30.668692
成都市规划执法监督局一处,government,政府机构及社会团体;政府及社会团体相关;政府及社会团体相关,青羊区,104.059304,30.662101
省委组织部党课资料领取处,government,政府机构及社会团体;政府及社会团体相关;政府及社会团体相关,青羊区,104.054274,30.665816
少城街道办事处民政办公室,government,政府机构及社会团体;政府及社会团体相关;政府及社会团体相关,青羊区,104.05638,30.6622
青羊区少城街道商用街社区,government,政府机构及社会团体;政府及社会团体相关;政府及社会团体相关,青羊区,104.05622,30.662213
四川省安徽商会(国邦投资),government,政府机构及社会团体;政府及社会团体相关;政府及社会团体相关,青羊区,104.055359,30.661593
成都市青羊区老年人协会,government,政府机构及社会团体;社会团体;行业协会,青羊区,104.05551,30.66442
西南政法大学四川校友会,government,政府机构及社会团体;社会团体;社会团体相关,青羊区,104.059744,30.659415
成都市老科学技术工作者协会,government,政府机构及社会团体;社会团体;行业协会,青羊区,104.05842,30.662191
四川省文物总店鉴定咨询中心,government,政府机构及社会团体;政府及社会团体相关;政府及社会团体相关,青羊区,104.057822,30.660303
成都市机动车排气污染监控中心,government,政府机构及社会团体;政府及社会团体相关;政府及社会团体相关,青羊区,104.055359,30.661592
四川省皮革制品质量监督检验站,government,政府机构及社会团体;政府及社会团体相关;政府及社会团体相关,青羊区,104.057335,30.660978
成都市民主党黑大楼微型消防站,government,政府机构及社会团体;政府及社会团体相关;政府及社会团体相关,青羊区,104.057196,30.663682
四川省民生研究会专家工作委员会,government,政府机构及社会团体;政府及社会团体相关;政府及社会团体相关,青羊区,104.053803,30.667122
国家羽绒制品质量监督检验中心(成都),government,政府机构及社会团体;公检法机构;公证鉴定机构,青羊区,104.057112,30.660855
成都市科学技术协会(东城根上街),government,政府机构及社会团体;社会团体;行业协会,青羊区,104.057907,30.663127
成都市房产管理局监察审计处,government,政府机构及社会团体;政府机关;地市级政府及事业单位,青羊区,104.062644,30.667267
四川省食品药品监督管理局第二办公区,government,政府机构及社会团体;政府机关;政府机关相关,青羊区,104.058513,30.659529
四川中国西促会专家工作委员会,government,政府机构及社会团体;社会团体;社会团体相关,青羊区,104.056639,30.663073
成都市青羊区事业单位登记管理局,government,政府机构及社会团体;政府及社会团体相关;政府及社会团体相关,青羊区,104.059001,30.665845
成都市见义勇为基金会,government,政府机构及社会团体;社会团体;慈善机构,青羊区,104.058312,30.663957
西华门社区流动人口服务管理工作站,government,政府机构及社会团体;公检法机构;社会治安机构,青羊区,104.058669,30.664406
成都市住房专项维修资金监督管理办公室,government,政府机构及社会团体;政府及社会团体相关;政府及社会团体相关,青羊区,104.062593,30.667368
中共中山骨科医院总支委员会,government,政府机构及社会团体;政府机关;政府机关相关,青羊区,104.057809,30.660863
成都市青羊区国有资产监督管理办公室,government,政府机构及社会团体;政府及社会团体相关;政府及社会团体相关,青羊区,104.059001,30.665845
四川省贫困地区人才培育研究基金会,government,政府机构及社会团体;社会团体;慈善机构,青羊区,104.056603,30.663093
西御河街道老年人协会西华门社区分会,government,政府机构及社会团体;社会团体;社会团体相关,青羊区,104.058676,30.664354
公交地铁报警中心,government,政府机构及社会团体;公检法机构;社会治安机构,青羊区,104.060459,30.659833
成都市房产管理局信访办,government,政府机构及社会团体;政府机关;地市级政府及事业单位,青羊区,104.062644,30.667267
成都劳动保障监察少城街道网格举报投诉受理点,government,政府机构及社会团体;政府及社会团体相关;政府及社会团体相关,青羊区,104.05638,30.6622
四川省民生慈善基金会,government,政府机构及社会团体;社会团体;慈善机构,青羊区,104.053803,30.667122
成都店铺行业联盟协会,government,政府机构及社会团体;社会团体;行业协会,青羊区,104.059744,30.659415
成都市环保局石化项目环保咨询办公室,government,政府机构及社会团体;政府机关;地市级政府及事业单位,青羊区,104.05842,30.662191
成都市青羊区机关事务管理局综合科,government,政府机构及社会团体;政府及社会团体相关;政府及社会团体相关,青羊区,104.059001,30.665845
少城辖区残疾人联合会,government,政府机构及社会团体;社会团体;残联,青羊区,104.057665,30.664194
四川中国西部研究与发展促进会专家工作委员会,government,政府机构及社会团体;社会团体;社会团体相关,青羊区,104.056603,30.663093
四川加拿大商会,government,政府机构及社会团体;政府及社会团体相关;政府及社会团体相关,青羊区,104.062593,30.667368
国家职业技能鉴定所(东城根上街),government,政府机构及社会团体;公检法机构;公证鉴定机构,青羊区,104.057907,30.663127
四川省扫黄打非工作领导小组办公室,government,政府机构及社会团体;政府机关;省直辖市级政府及事业单位,青羊区,104.057111,30.664294
四川中国西部研究与发展促进会专家资格评审委员会,government,政府机构及社会团体;社会团体;社会团体相关,青羊区,104.056603,30.663093
成都市土木建筑学会古建园林学术委员会,government,政府机构及社会团体;社会团体;社会团体相关,青羊区,104.056869,30.662093
商业街社区工会联合会,government,政府机构及社会团体;社会团体;社会团体相关,青羊区,104.056373,30.662184
中共商业街社区委员会,government,政府机构及社会团体;政府机关;乡镇以下级政府及事业单位,青羊区,104.056398,30.662182
成都市青羊区地方志编纂委员会办公室,government,政府机构及社会团体;政府及社会团体相关;政府及社会团体相关,青羊区,104.059001,30.665845
成都市老龄事业发展基金会,government,政府机构及社会团体;社会团体;慈善机构,青羊区,104.058561,30.66222
中国国民党革命委员会成都市委员会,government,政府机构及社会团体;民主党派;民主党派,青羊区,104.057088,30.663686
成都市青羊区公务员局,government,政府机构及社会团体;政府及社会团体相关;政府及社会团体相关,青羊区,104.059001,30.665845
成都市房地产行业信用信息管理办公室,government,政府机构及社会团体;政府机关;地市级政府及事业单位,青羊区,104.062644,30.667267
青羊区保安服务公司黄瓦街派出所打击街面犯罪执勤点,government,政府机构及社会团体;公检法机构;社会治安机构,青羊区,104.055528,30.661648
青羊区少城街道商业街社区居委会,government,政府机构及社会团体;政府机关;乡镇以下级政府及事业单位,青羊区,104.05638,30.6622
四川期刊协会,government,政府机构及社会团体;社会团体;行业协会,青羊区,104.057624,30.665583
成都市房产管理局纪检组,government,政府机构及社会团体;政府机关;地市级政府及事业单位,青羊区,104.062644,30.667267
四川贸易促进委员会四川国际商会,government,政府机构及社会团体;社会团体;行业协会,青羊区,104.055465,30.661533
商业街社区流动人口管理服务办公室,government,政府机构及社会团体;公检法机构;社会治安机构,青羊区,104.056373,30.662184
中共四川省委农村党员干部现代远程教育工作领导协调小组办公室,government,政府机构及社会团体;政府机关;省直辖市级政府及事业单位,青羊区,104.057536,30.666273
四川省委办公厅离退休人员工作处,government,政府机构及社会团体;政府机关;省直辖市级政府及事业单位,青羊区,104.057294,30.666348
成都市干道建设指挥部产权办证申请登记处,government,政府机构及社会团体;政府机关;地市级政府及事业单位,青羊区,104.059953,30.661949
成都市老年基金会,government,政府机构及社会团体;社会团体;慈善机构,青羊区,104.05842,30.662191
成都市青羊区妇女联合会婚姻家庭纠纷专业调解室,government,政府机构及社会团体;政府及社会团体相关;政府及社会团体相关,青羊区,104.059108,30.665811
四川省贸促会,government,政府机构及社会团体;社会团体;社会团体相关,青羊区,104.055465,30.661533
成都市金属协会,government,政府机构及社会团体;社会团体;行业协会,青羊区,104.058446,30.663782
中国人口福利基金会人口健康文化发展基金,government,政府机构及社会团体;社会团体;慈善机构,青羊区,104.062644,30.667267
成都市房产管理局安全生产监督管理办公室,government,政府机构及社会团体;政府机关;地市级政府及事业单位,青羊区,104.062644,30.667267
四川省体育舞蹈国际舞协会,government,政府机构及社会团体;社会团体;行业协会,青羊区,104.055465,30.661533
成都市青羊区人力资源市场和劳动保障监察大队,government,政府机构及社会团体;政府及社会团体相关;政府及社会团体相关,青羊区,104.059001,30.665845
中共达州市委组织部驻成都流动党员服务站,government,政府机构及社会团体;政府机关;外地政府办,青羊区,104.057651,30.661608
四川省青少年发展基金会,government,政府机构及社会团体;社会团体;慈善机构,青羊区,104.057783,30.665815
成都市公安局公交地铁分局刑警大队,government,政府机构及社会团体;政府及社会团体相关;政府及社会团体相关,青羊区,104.060555,30.660351
中共四川省委第三巡视组,government,政府机构及社会团体;政府及社会团体相关;政府及社会团体相关,青羊区,104.055076,30.667228
赵镇政务服务中心,government,政府机构及社会团体;政府及社会团体相关;政府及社会团体相关,青羊区,104.058575,30.665242
青羊区金融局,government,政府机构及社会团体;政府及社会团体相关;政府及社会团体相关,青羊区,104.059889,30.664705
省京剧协会,government,政府机构及社会团体;政府及社会团体相关;政府及社会团体相关,青羊区,104.058438,30.662056
致公党成都市委,government,政府机构及社会团体;政府及社会团体相关;政府及社会团体相关,青羊区,104.05722,30.663582
成都市建委离退处,government,政府机构及社会团体;政府及社会团体相关;政府及社会团体相关,青羊区,104.06009,30.667414
成都市城市节约用水,government,政府机构及社会团体;政府及社会团体相关;政府及社会团体相关,青羊区,104.056824,30.666007
省委农工委,government,政府机构及社会团体;政府及社会团体相关;政府及社会团体相关,青羊区,104.055183,30.667215
四川省委政研室,government,政府机构及社会团体;政府及社会团体相关;政府及社会团体相关,青羊区,104.055076,30.667228
安彩敬天财务室,government,政府机构及社会团体;政府及社会团体相关;政府及社会团体相关,青羊区,104.057897,30.660372
省委老干部局,government,政府机构及社会团体;政府及社会团体相关;政府及社会团体相关,青羊区,104.055076,30.667228
琴台分局,government,政府机构及社会团体;政府及社会团体相关;政府及社会团体相关,青羊区,104.056701,30.669123
四川省人民政府参事室,government,政府机构及社会团体;政府机关;省直辖市级政府及事业单位,锦江区,104.07226,30.659666
广东省人民政府驻西南(成都)办事处,government,政府机构及社会团体;政府机关;外地政府办,青羊区,104.068854,30.665679
四川省人民政府安全生产委员会办公室,government,政府机构及社会团体;政府机关;省直辖市级政府及事业单位,青羊区,104.064435,30.66101
四川省人力资源和社会保障厅北院办公区,government,政府机构及社会团体;政府机关;省直辖市级政府及事业单位,青羊区,104.064826,30.66842
四川省人民政府大型水电工程移民办公室,government,政府机构及社会团体;政府机关;省直辖市级政府及事业单位,青羊区,104.072333,30.666489
四川省审计厅政府投资审计中心,government,政府机构及社会团体;政府机关;省直辖市级政府及事业单位,锦江区,104.073013,30.663614
四川省人力资源和社会保障厅(东二巷),government,政府机构及社会团体;政府机关;省直辖市级政府及事业单位,青羊区,104.064665,30.668505
四川省人力资源和社会保障厅投诉举报接待室,government,政府机构及社会团体;政府机关;省直辖市级政府及事业单位,青羊区,104.064949,30.66839
万源市人民政府驻蓉联联络处,government,政府机构及社会团体;政府机关;外地政府办,青羊区,104.066169,30.663721
四川省人民政府对口支援三峡工程移民办公室,government,政府机构及社会团体;政府机关;省直辖市级政府及事业单位,青羊区,104.072339,30.666459
四川省中小企业局,government,政府机构及社会团体;政府机关;省直辖市级政府及事业单位,青羊区,104.064435,30.66101
成都市公安局交通管理局,government,政府机构及社会团体;交通车辆管理;交通管理机构,青羊区,104.069897,30.664835
青年路社区社会捐助接收工作点,government,政府机构及社会团体;社会团体;慈善机构,青羊区,104.066619,30.662891
四川省司法厅,government,政府机构及社会团体;公检法机构;公检法机关,青羊区,104.06741,30.664338
四川省安全生产监督管理局,government,政府机构及社会团体;政府机关;省直辖市级政府及事业单位,青羊区,104.064435,30.66101
太升路街道办事处,government,政府机构及社会团体;政府机关;乡镇级政府及事业单位,青羊区,104.069478,30.666534
四川省省级住房公积金管理中心,government,政府机构及社会团体;政府机关;省直辖市级政府及事业单位,青羊区,104.067742,30.662603
太升路派出所,government,政府机构及社会团体;公检法机构;公安警察,青羊区,104.072268,30.667807
成都市体育局机关办公楼,government,政府机构及社会团体;政府机关;政府机关相关,青羊区,104.064971,30.667415
四川省工商业联合会,government,政府机构及社会团体;社会团体;社会团体相关,青羊区,104.070535,30.668473
中国国民党革命委员会四川省委员会,government,政府机构及社会团体;民主党派;民主党派,青羊区,104.070535,30.668473
四川省经济和信息化委员会,government,政府机构及社会团体;政府机关;省直辖市级政府及事业单位,青羊区,104.064443,30.66134
四川煤矿安全监察局,government,政府机构及社会团体;政府机关;省直辖市级政府及事业单位,青羊区,104.064435,30.66101
四川省审计厅第二办公区,government,政府机构及社会团体;政府机关;省直辖市级政府及事业单位,锦江区,104.073013,30.663614
四川省扶贫和移民工作局,government,政府机构及社会团体;政府机关;省直辖市级政府及事业单位,青羊区,104.072289,30.666441
四川省盐务管理局,government,政府机构及社会团体;政府机关;省直辖市级政府及事业单位,青羊区,104.067858,30.665143
四川省无线电办公室,government,政府机构及社会团体;政府机关;省直辖市级政府及事业单位,青羊区,104.064435,30.66101
四川省林产工业协会,government,政府机构及社会团体;社会团体;行业协会,青羊区,104.067742,30.662603
四川省煤炭工业管理办公室,government,政府机构及社会团体;政府机关;省直辖市级政府及事业单位,青羊区,104.064435,30.66101
中国农工民主党四川省委员会,government,政府机构及社会团体;民主党派;民主党派,青羊区,104.070535,30.668473
中国致公党四川省委员会,government,政府机构及社会团体;民主党派;民主党派,青羊区,104.070535,30.668473
成都市体育彩票管理中心,government,政府机构及社会团体;政府机关;地市级政府及事业单位,青羊区,104.064985,30.6673
西御河派出所东御河警务室,government,政府机构及社会团体;公检法机构;公安警察,青羊区,104.066862,30.668753
成都市网球协会(体育场路),government,政府机构及社会团体;社会团体;行业协会,青羊区,104.067574,30.665542
中国民主促进会四川省委员会,government,政府机构及社会团体;民主党派;民主党派,青羊区,104.070535,30.668473
四川省国防科学技术工业办公室,government,政府机构及社会团体;政府机关;省直辖市级政府及事业单位,青羊区,104.067541,30.662122
成都市公安局经济犯罪举报中心,government,政府机构及社会团体;公检法机构;公安警察,青羊区,104.070839,30.665861
四川省移民开发中心,government,政府机构及社会团体;政府机关;省直辖市级政府及事业单位,青羊区,104.072333,30.666489
四川省信息化工作办公室,government,政府机构及社会团体;政府机关;省直辖市级政府及事业单位,青羊区,104.064435,30.66101
中国民主建国会四川省委员会,government,政府机构及社会团体;民主党派;民主党派,青羊区,104.070535,30.668473
四川省民用爆炸物品行业管理办公室,government,政府机构及社会团体;政府机关;省直辖市级政府及事业单位,青羊区,104.067541,30.662122
四川省商会,government,政府机构及社会团体;社会团体;行业协会,青羊区,104.070535,30.668473
中国民主同盟四川省委员会,government,政府机构及社会团体;民主党派;民主党派,青羊区,104.070535,30.668473
四川省劳动能力鉴定服务中心受理接待室,government,政府机构及社会团体;政府机关;省直辖市级政府及事业单位,青羊区,104.064949,30.66839
太升路派出所成都市青少年宫警务室,government,政府机构及社会团体;公检法机构;公安警察,青羊区,104.068701,30.666743
中共四川省国防科学技术工业办公室委员会,government,政府机构及社会团体;政府机关;省直辖市级政府及事业单位,青羊区,104.067541,30.662122
成都市信鸽协会(东御河沿街),government,政府机构及社会团体;社会团体;社会团体相关,青羊区,104.064985,30.6673
成都市卫生局职称改革办公室,government,政府机构及社会团体;政府机关;地市级政府及事业单位,锦江区,104.071755,30.661844
成都广州南方高科有限公司驻成都办事处,government,政府机构及社会团体;政府机关;地市级政府及事业单位,青羊区,104.071457,30.662386
四川省天府建筑消防设施检测中心,government,政府机构及社会团体;公检法机构;公证鉴定机构,青羊区,104.067742,30.662603
四川省天府建筑消防设施检测中心,government,政府机构及社会团体;公检法机构;公证鉴定机构,青羊区,104.067742,30.662603
成都会计之家,government,政府机构及社会团体;社会团体;行业协会,青羊区,104.066647,30.66153
四川省对外经济交流中心,government,政府机构及社会团体;政府机关;省直辖市级政府及事业单位|政府机构及社会团体;社会团体;行业协会,青羊区,104.06656,30.663711
四川省移民安置规划中心,government,政府机构及社会团体;政府机关;省直辖市级政府及事业单位,青羊区,104.072333,30.666489
成都旅游导游协会,government,政府机构及社会团体;社会团体;行业协会,青羊区,104.066497,30.662001
科力特国际认证教育中心,government,政府机构及社会团体;公检法机构;公证鉴定机构,青羊区,104.068854,30.665679
浙江省乐清市四川商会,government,政府机构及社会团体;社会团体;行业协会,锦江区,104.073395,30.659826
成都市房屋安全鉴定办公室,government,政府机构及社会团体;公检法机构;公证鉴定机构,青羊区,104.063756,30.668561
四川省自动化与仪器仪表学会,government,政府机构及社会团体;社会团体;行业协会,青羊区,104.067574,30.665542
四川省成都市国力公证处,government,政府机构及社会团体;公检法机构;公证鉴定机构,青羊区,104.067541,30.662122
四川新立信司法鉴定所,government,政府机构及社会团体;公检法机构;公证鉴定机构,青羊区,104.068854,30.665679
中国便秘联谊会,government,政府机构及社会团体;政府及社会团体相关;政府及社会团体相关,青羊区,104.073026,30.665007
成都市马术协会,government,政府机构及社会团体;政府及社会团体相关;政府及社会团体相关,青羊区,104.065089,30.667086
成都外商投资企业协会,government,政府机构及社会团体;社会团体;行业协会,青羊区,104.067397,30.66561
九三学社四川省委员会(白丝街),government,政府机构及社会团体;民主党派;民主党派,青羊区,104.070535,30.668473
四川·律政公证处,government,政府机构及社会团体;公检法机构;公证鉴定机构,青羊区,104.066446,30.667487
成都市电子竞技运动协会,government,政府机构及社会团体;政府及社会团体相关;政府及社会团体相关,青羊区,104.065049,30.667115
全国青少年宫棋类协会,government,政府机构及社会团体;社会团体;行业协会,青羊区,104.068587,30.666834
成都市足球运动项目管理中心,government,政府机构及社会团体;政府机关;地市级政府及事业单位,青羊区,104.064985,30.6673
成都市科技企业协会,government,政府机构及社会团体;社会团体;行业协会,青羊区,104.067934,30.665583
信访办接待室,government,政府机构及社会团体;政府机关;政府机关相关,青羊区,104.06737,30.662379
四川省企业经济促进会,government,政府机构及社会团体;政府及社会团体相关;政府及社会团体相关,青羊区,104.069002,30.665657
成都爱心人士公益协会,government,政府机构及社会团体;政府及社会团体相关;政府及社会团体相关,青羊区,104.069341,30.66583
调控指挥中心,government,政府机构及社会团体;政府及社会团体相关;政府及社会团体相关,青羊区,104.068642,30.663279
四川成都律政公证处,government,政府机构及社会团体;公检法机构;公证鉴定机构,青羊区,104.067908,30.66709
香港贸易发展局,government,政府机构及社会团体;政府及社会团体相关;政府及社会团体相关,青羊区,104.064095,30.667442
质量安全环保处,government,政府机构及社会团体;政府及社会团体相关;政府及社会团体相关,青羊区,104.069017,30.663026
成都市足球协会(成都市足球运动项目管理中心西南),government,政府机构及社会团体;社会团体;行业协会,青羊区,104.064985,30.6673
老年人体育协会,government,政府机构及社会团体;政府及社会团体相关;政府及社会团体相关,青羊区,104.064024,30.663903
农工党四川首委组织,government,政府机构及社会团体;政府及社会团体相关;政府及社会团体相关,青羊区,104.07052,30.668618
书院分局,government,政府机构及社会团体;政府及社会团体相关;政府及社会团体相关,锦江区,104.073288,30.66418
四川省国防科技工业工会,government,政府机构及社会团体;政府及社会团体相关;政府及社会团体相关,青羊区,104.067695,30.662195
四川成都中大公证处,government,政府机构及社会团体;公检法机构;公证鉴定机构,青羊区,104.072751,30.665093
四川省商会信息服务平台,government,政府机构及社会团体;政府及社会团体相关;政府及社会团体相关,青羊区,104.069801,30.668789
成都市田径运动管理中心(人民中路一段),government,政府机构及社会团体;政府机关;地市级政府及事业单位,青羊区,104.064834,30.665878
四川省对外经济合作促进会,government,政府机构及社会团体;社会团体;社会团体相关,青羊区,104.064552,30.661935
成都市青羊区西御河街道办事处,government,政府机构及社会团体;政府机关;乡镇级政府及事业单位,青羊区,104.065971,30.663915
四川省国防科技工业协会,government,政府机构及社会团体;社会团体;行业协会,青羊区,104.067695,30.662195
国防科技信息西南地区中心站,government,政府机构及社会团体;政府及社会团体相关;政府及社会团体相关,青羊区,104.067695,30.662195
盐市口街道养老助残关爱中心,government,政府机构及社会团体;政府及社会团体相关;政府及社会团体相关,青羊区,104.066609,30.662886
昆仑银行运营服务中心事后监督,government,政府机构及社会团体;政府及社会团体相关;政府及社会团体相关,青羊区,104.068642,30.663279
青年路社区工会,government,政府机构及社会团体;社会团体;社会团体相关,青羊区,104.066619,30.662891
四川省国防科技工业工会委员会,government,政府机构及社会团体;社会团体;社会团体相关,青羊区,104.067541,30.662122
成都挽救失足青少年协会,government,政府机构及社会团体;社会团体;社会团体相关,青羊区,104.068587,30.666834
国防科技工业计量人员西南考试中心,government,政府机构及社会团体;政府及社会团体相关;政府及社会团体相关,青羊区,104.067695,30.662195
中共太升路街道工作委员会,government,政府机构及社会团体;政府机关;乡镇级政府及事业单位,青羊区,104.069478,30.666534
东方妙喜基金会,government,政府机构及社会团体;社会团体;慈善机构,青羊区,104.069341,30.66583
西御河街道老年人协会东御河社区分会,government,政府机构及社会团体;社会团体;社会团体相关,青羊区,104.065971,30.663915
青年路社区残疾人协会,government,政府机构及社会团体;社会团体;残联,青羊区,104.066619,30.662891
鼓楼南街社区居委会,government,政府机构及社会团体;政府机关;乡镇以下级政府及事业单位,青羊区,104.069199,30.665441
四川省煤炭价格调节基金管理办公室,government,政府机构及社会团体;政府机关;省直辖市级政府及事业单位,青羊区,104.064559,30.661888
人民东路派出所青年路警务室,government,政府机构及社会团体;公检法机构;社会治安机构,青羊区,104.06737,30.662379
中共鼓楼南街社区委员会,government,政府机构及社会团体;政府机关;乡镇以下级政府及事业单位,青羊区,104.069199,30.665441
四川省温州商会房地产分会,government,政府机构及社会团体;社会团体;行业协会,锦江区,104.073395,30.659826
中共青年路社区委员会,government,政府机构及社会团体;政府机关;乡镇以下级政府及事业单位,青羊区,104.066619,30.662891
青年路社区居委会(东华门街),government,政府机构及社会团体;政府机关;乡镇以下级政府及事业单位,青羊区,104.066619,30.662891
中共鼓楼南街社区纪律检查委员会,government,政府机构及社会团体;政府机关;乡镇以下级政府及事业单位,青羊区,104.069199,30.665443
青年路社区居民代表会议工作委员会,government,政府机构及社会团体;政府机关;乡镇以下级政府及事业单位,青羊区,104.066619,30.662891
盐市口街道办事处青年路社区居民委员会,government,政府机构及社会团体;政府机关;乡镇以下级政府及事业单位,青羊区,104.066576,30.662846
青年路社区红十字服务站,government,政府机构及社会团体;社会团体;红十字会,青羊区,104.066619,30.662891
青年路社区党务监督委员会,government,政府机构及社会团体;政府机关;乡镇以下级政府及事业单位,青羊区,104.066619,30.662891
青年路社区治保委员会,government,政府机构及社会团体;公检法机构;社会治安机构,青羊区,104.066588,30.662761
万源市招商引资分局,government,政府机构及社会团体;政府机关;政府机关相关,青羊区,104.066169,30.663721
四川省浙江商会服装分会,government,政府机构及社会团体;社会团体;行业协会,锦江区,104.073395,30.659826
青年路社区人民调解委员会(东华门街),government,政府机构及社会团体;政府机关;乡镇以下级政府及事业单位,青羊区,104.066619,30.662891
中国紧急救援四川接待中心,government,政府机构及社会团体;政府及社会团体相关;政府及社会团体相关,青羊区,104.064746,30.662157
四川省机关事务管理局,government,政府机构及社会团体;政府机关;省直辖市级政府及事业单位,青羊区,104.079391,30.668355
四川省政府采购中心(玉沙路),government,政府机构及社会团体;政府机关;省直辖市级政府及事业单位,青羊区,104.080298,30.668397
四川省食品药品安全监测及评审认证中心,government,政府机构及社会团体;政府机关;省直辖市级政府及事业单位,青羊区,104.07975,30.668749
省政府综合办公大楼,government,政府机构及社会团体;政府机关;政府机关相关,锦江区,104.076149,30.663811
四川省政府综合楼,government,政府机构及社会团体;政府及社会团体相关;政府及社会团体相关,锦江区,104.076126,30.663757
政府信息公开查询点,government,政府机构及社会团体;政府及社会团体相关;政府及社会团体相关,锦江区,104.079069,30.662606
四川省工商行政管理局,government,政府机构及社会团体;工商税务机构;工商部门,锦江区,104.078561,30.668481
四川省审计厅,government,政府机构及社会团体;政府机关;省直辖市级政府及事业单位,锦江区,104.076066,30.663554
四川省中医药管理局,government,政府机构及社会团体;政府机关;省直辖市级政府及事业单位,锦江区,104.076066,30.663554
太升路辖区社会治安整体联动报警点,government,政府机构及社会团体;公检法机构;社会治安机构,锦江区,104.07619,30.668514
四川省医疗保险管理局,government,政府机构及社会团体;政府机关;省直辖市级政府及事业单位,锦江区,104.076066,30.663554
四川省食品药品监督管理局(玉沙路),government,政府机构及社会团体;政府机关;省直辖市级政府及事业单位,青羊区,104.079391,30.668355
四川省工商行政管理局直属分局,government,政府机构及社会团体;工商税务机构;工商部门,锦江区,104.075921,30.663518
四川省皮革行业协会,government,政府机构及社会团体;政府机关;省直辖市级政府及事业单位,锦江区,104.077603,30.660224
四川省省级机关房屋统建服务中心(太升南路),government,政府机构及社会团体;政府机关;省直辖市级政府及事业单位,锦江区,104.076085,30.668503
四川省轻工物管办,government,政府机构及社会团体;政府机关;省直辖市级政府及事业单位,锦江区,104.077603,30.660224
四川省地方志工作办公室,government,政府机构及社会团体;政府机关;省直辖市级政府及事业单位,锦江区,104.076066,30.663554
省志编委,government,政府机构及社会团体;政府机关;省直辖市级政府及事业单位,锦江区,104.076255,30.663778
四川省专用通信局,government,政府机构及社会团体;政府机关;省直辖市级政府及事业单位,锦江区,104.07394,30.663697
四川省价格监测局,government,政府机构及社会团体;政府机关;省直辖市级政府及事业单位,锦江区,104.076066,30.663554
四川省职业安全健康协会,government,政府机构及社会团体;社会团体;社会团体相关,锦江区,104.076066,30.663554
成都市锦江区总工会,government,政府机构及社会团体;社会团体;社会团体相关,锦江区,104.08185,30.659775
四川省文学艺术界联合会(第二办公区),government,政府机构及社会团体;社会团体;社会团体相关,锦江区,104.081168,30.663801
四川省新闻出版广电局(红星路二段),government,政府机构及社会团体;政府机关;省直辖市级政府及事业单位,锦江区,104.083146,30.665385
四川省摄影家协会,government,政府机构及社会团体;社会团体;行业协会,锦江区,104.08119,30.662381
锦江区旅游局,government,政府机构及社会团体;政府机关;区县级政府及事业单位,锦江区,104.082507,30.662428
四川省保护消费者权益委员会,government,政府机构及社会团体;社会团体;消费者协会,锦江区,104.078561,30.668481
四川省交通运输厅道路运输管理局,government,政府机构及社会团体;政府机关;省直辖市级政府及事业单位,锦江区,104.076085,30.668503
四川省工商局信访接待室,government,政府机构及社会团体;工商税务机构;工商部门,锦江区,104.07833,30.668494
四川省食品药品监督管理局(竹林巷),government,政府机构及社会团体;政府机关;省直辖市级政府及事业单位,锦江区,104.078806,30.666281
四川省食品安全委员会办公室(竹林巷),government,政府机构及社会团体;政府机关;省直辖市级政府及事业单位,锦江区,104.078806,30.666281
四川省地方志编纂委员会,government,政府机构及社会团体;政府机关;省直辖市级政府及事业单位,锦江区,104.076066,30.663554
成都市价格认证中心,government,政府机构及社会团体;公检法机构;公证鉴定机构,青羊区,104.082402,30.669226
四川省食品药品监督稽查总队(竹林巷),government,政府机构及社会团体;政府机关;省直辖市级政府及事业单位,锦江区,104.078759,30.666368
玉沙路警务室,government,政府机构及社会团体;公检法机构;公安警察,青羊区,104.078134,30.669322
四川省舞蹈家协会,government,政府机构及社会团体;社会团体;行业协会,锦江区,104.08119,30.662381
四川省音乐家协会,government,政府机构及社会团体;社会团体;行业协会,锦江区,104.08119,30.662381
四川省食品药品监督管理局投诉举报中心(竹林巷),government,政府机构及社会团体;政府机关;省直辖市级政府及事业单位,锦江区,104.078759,30.666368
四川省戏剧家协会,government,政府机构及社会团体;社会团体;行业协会,锦江区,104.08119,30.662381
四川省建设工程招标投标管理总站,government,政府机构及社会团体;政府机关;省直辖市级政府及事业单位,锦江区,104.076066,30.663554
四川省重点公路工程监理处,government,政府机构及社会团体;政府机关;省直辖市级政府及事业单位,锦江区,104.076085,30.668503
四川省食品安全委员会办公室(玉沙路),government,政府机构及社会团体;政府机关;省直辖市级政府及事业单位,青羊区,104.079391,30.668355
四川省报刊发行局,government,政府机构及社会团体;政府机关;省直辖市级政府及事业单位,锦江区,104.074781,30.664485
锦江区政协,government,政府机构及社会团体;政府机关;区县级政府及事业单位,锦江区,104.080009,30.659514
成都婚庆行业协会,government,政府机构及社会团体;社会团体;行业协会,锦江区,104.082452,30.666587
四川省保护名优企业与名优产品工作委员会,government,政府机构及社会团体;政府机关;省直辖市级政府及事业单位,锦江区,104.077603,30.660224
四川省注册会计师协会(红星路二段),government,政府机构及社会团体;社会团体;行业协会,锦江区,104.081796,30.664408
四川省价格监督检查与反垄断局,government,政府机构及社会团体;政府机关;省直辖市级政府及事业单位,锦江区,104.076066,30.663554
锦江区地方税务局第八税务所,government,政府机构及社会团体;工商税务机构;地税机关,锦江区,104.082245,30.662598
成都零售商协会,government,政府机构及社会团体;社会团体;行业协会,锦江区,104.08185,30.659775
成都零售商协会,government,政府机构及社会团体;社会团体;行业协会,锦江区,104.08185,30.659775
四川省食品药品监督管理局史志年鉴办公室,government,政府机构及社会团体;政府机关;省直辖市级政府及事业单位,青羊区,104.07975,30.668749
四川省价格认证中心,government,政府机构及社会团体;政府机关;省直辖市级政府及事业单位,锦江区,104.076066,30.663554
四川省曲艺家协会,government,政府机构及社会团体;社会团体;行业协会,锦江区,104.08119,30.662381
成都市棋类(桥牌)运动协会,government,政府机构及社会团体;社会团体;行业协会,锦江区,104.073527,30.663402
四川省成本调查监审局,government,政府机构及社会团体;政府机关;省直辖市级政府及事业单位,锦江区,104.076066,30.663554
成都市价格监测局,government,政府机构及社会团体;政府机关;地市级政府及事业单位,青羊区,104.082402,30.669226
四川省资产评估协会,government,政府机构及社会团体;社会团体;行业协会,锦江区,104.081825,30.664389
四川省室内装饰协会(装饰资质审查办公室),government,政府机构及社会团体;社会团体;行业协会,锦江区,104.077632,30.660257
四川省新闻工作者协会,government,政府机构及社会团体;社会团体;行业协会,锦江区,104.080133,30.661731
四川省电影家协会,government,政府机构及社会团体;社会团体;行业协会,锦江区,104.081168,30.663801
四川省民间文艺家协会,government,政府机构及社会团体;社会团体;行业协会,锦江区,104.08119,30.662381
春熙路派出所华兴街警务室,government,政府机构及社会团体;公检法机构;公安警察,锦江区,104.07731,30.66496
玉沙路社区居委会,government,政府机构及社会团体;政府机关;乡镇以下级政府及事业单位,青羊区,104.078087,30.669336
四川省商标协会,government,政府机构及社会团体;政府及社会团体相关;政府及社会团体相关,锦江区,104.078579,30.668412
四川省新闻学会,government,政府机构及社会团体;社会团体;行业协会,锦江区,104.080133,30.661731
锦江区体育办,government,政府机构及社会团体;政府机关;区县级政府及事业单位,锦江区,104.082507,30.662428
四川省快递协会,government,政府机构及社会团体;社会团体;行业协会,锦江区,104.074781,30.664485
四川省造纸学会,government,政府机构及社会团体;社会团体;行业协会,锦江区,104.077603,30.660224
四川省轻工行业办公室,government,政府机构及社会团体;政府机关;省直辖市级政府及事业单位,锦江区,104.077603,30.660224
四川物流国际商会,government,政府机构及社会团体;社会团体;行业协会,锦江区,104.082452,30.666587
成都市价格监督检查局,government,政府机构及社会团体;政府机关;地市级政府及事业单位,青羊区,104.082407,30.669262
四川省版权局,government,政府机构及社会团体;政府机关;省直辖市级政府及事业单位,锦江区,104.083392,30.665498
西南国际认证有限公司,government,政府机构及社会团体;公检法机构;公证鉴定机构,锦江区,104.076149,30.663811
四川省汽车流通协会,government,政府机构及社会团体;社会团体;行业协会,锦江区,104.08185,30.659775
四川省包装行业发展中心,government,政府机构及社会团体;政府机关;省直辖市级政府及事业单位,锦江区,104.077632,30.660257
四川省散装水泥办公室,government,政府机构及社会团体;政府机关;省直辖市级政府及事业单位,锦江区,104.075393,30.664574
成都市成本调查监审局,government,政府机构及社会团体;政府机关;地市级政府及事业单位,青羊区,104.082402,30.669226
成都市棋牌运动管理中心(兴隆街),government,政府机构及社会团体;政府机关;地市级政府及事业单位,锦江区,104.073527,30.663402
成都市锦江区房产管理局,government,政府机构及社会团体;政府机关;区县级政府及事业单位,锦江区,104.0771,30.661551
四川省教育摄影协会,government,政府机构及社会团体;社会团体;行业协会,锦江区,104.082452,30.666587
四川省医药发展促进会,government,政府机构及社会团体;社会团体;行业协会,青羊区,104.07975,30.668749
四川省安全生产监察执法总队(永兴巷),government,政府机构及社会团体;政府机关;省直辖市级政府及事业单位,锦江区,104.076569,30.662751
成都市锁具行业协会,government,政府机构及社会团体;社会团体;行业协会,锦江区,104.075815,30.663427
成都开锁协会,government,政府机构及社会团体;社会团体;行业协会,锦江区,104.075815,30.663427
四川省青少年作家协会,government,政府机构及社会团体;社会团体;行业协会,锦江区,104.081123,30.662423
工商行政管理,government,政府机构及社会团体;政府机关;政府机关相关,锦江区,104.075865,30.659434
四川省室内装饰协会,government,政府机构及社会团体;社会团体;行业协会,锦江区,104.077912,30.660673
四川武侠文学学会,government,政府机构及社会团体;政府及社会团体相关;政府及社会团体相关,锦江区,104.075959,30.663672
加拿大数码机遇基金会,government,政府机构及社会团体;社会团体;慈善机构,锦江区,104.074777,30.660487
四川省报业协会,government,政府机构及社会团体;社会团体;行业协会,锦江区,104.080133,30.661731
四川省工业合作联社福兴办事处,government,政府机构及社会团体;社会团体;社会团体相关,锦江区,104.077603,30.660224
成都市消防支队七中队,government,政府机构及社会团体;公检法机构;消防机关|购物服务;专卖店;专营店,锦江区,104.075829,30.662503
信利合税务,government,政府机构及社会团体;政府机关;政府机关相关,青羊区,104.081426,30.668329
锦江区关心下一代工作委员会,government,政府机构及社会团体;政府机关;区县级政府及事业单位,锦江区,104.082293,30.660238
四川省医药质量管理协会,government,政府机构及社会团体;社会团体;行业协会,青羊区,104.07975,30.668749
四川省广告协会,government,政府机构及社会团体;政府及社会团体相关;政府及社会团体相关,锦江区,104.078579,30.668412
四川省杂技家协会,government,政府机构及社会团体;社会团体;行业协会,锦江区,104.081168,30.663801
成都市锦江区老年体育协会,government,政府机构及社会团体;社会团体;社会团体相关,锦江区,104.082317,30.660271
四川省道路运输协会秘,government,政府机构及社会团体;政府及社会团体相关;政府及社会团体相关,锦江区,104.076492,30.669073
四川省工商学会,government,政府机构及社会团体;政府及社会团体相关;政府及社会团体相关,锦江区,104.078579,30.668412
拉拉办事处,government,政府机构及社会团体;政府及社会团体相关;政府及社会团体相关,锦江区,104.076668,30.666818
凉矿办事处,government,政府机构及社会团体;政府及社会团体相关;政府及社会团体相关,锦江区,104.076665,30.666818
四川省浙江商会,government,政府机构及社会团体;政府及社会团体相关;政府及社会团体相关,青羊区,104.073624,30.667639
锦江区残疾人工作委员会,government,政府机构及社会团体;社会团体;残联,锦江区,104.079282,30.666314
四川省企业文联,government,政府机构及社会团体;社会团体;社会团体相关,锦江区,104.08119,30.662381
四川省工艺美术协会,government,政府机构及社会团体;社会团体;行业协会,锦江区,104.077603,30.660224
四川省作家协会,government,政府机构及社会团体;社会团体;行业协会,锦江区,104.081188,30.662383
四川省产权交易协会,government,政府机构及社会团体;社会团体;行业协会,锦江区,104.077603,30.660224
四川省商务交流协会,government,政府机构及社会团体;社会团体;行业协会,锦江区,104.08185,30.659775
四川省守信用重合同协会,government,政府机构及社会团体;政府及社会团体相关;政府及社会团体相关,锦江区,104.078579,30.668412
锦江区残疾人综合服务中心,government,政府机构及社会团体;社会团体;残联,锦江区,104.079282,30.666314
微型消防站,government,政府机构及社会团体;政府及社会团体相关;政府及社会团体相关,锦江区,104.077708,30.661737
审成都分局,government,政府机构及社会团体;政府及社会团体相关;政府及社会团体相关,锦江区,104.081687,30.65992
成都导游协会,government,政府机构及社会团体;政府及社会团体相关;政府及社会团体相关,锦江区,104.077417,30.661444
防邪教工作站,government,政府机构及社会团体;政府及社会团体相关;政府及社会团体相关,锦江区,104.075255,30.666145
四川省工程建设招标投标协会,government,政府机构及社会团体;社会团体;行业协会,锦江区,104.07594,30.663714
四川省书法家协会(燕鲁公所街),government,政府机构及社会团体;社会团体;行业协会,锦江区,104.081168,30.663801
省工行工会,government,政府机构及社会团体;政府及社会团体相关;政府及社会团体相关,锦江区,104.073845,30.662007
成都市国土资源局矿管处,government,政府机构及社会团体;政府及社会团体相关;政府及社会团体相关,锦江区,104.076694,30.666552
成都市泡菜协会理事单位,government,政府机构及社会团体;政府及社会团体相关;政府及社会团体相关,青羊区,104.080477,30.668683
四川省文学艺术界联合会,government,政府机构及社会团体;社会团体;社会团体相关,锦江区,104.081188,30.662383
四川娇子围棋队,government,政府机构及社会团体;社会团体;行业协会,锦江区,104.075516,30.660329
四川省塑料制品工业协会,government,政府机构及社会团体;社会团体;行业协会,锦江区,104.077603,30.660224
成都市锦江区政协委员会,government,政府机构及社会团体;政府机关;区县级政府及事业单位,锦江区,104.080138,30.659563
书院街司法所,government,政府机构及社会团体;公检法机构;公检法机关,锦江区,104.082293,30.662523
四川省计算机信息系统集成行业协会,government,政府机构及社会团体;社会团体;行业协会,锦江区,104.079866,30.66702
中国中小企业协会网商分会(四川),government,政府机构及社会团体;社会团体;行业协会,锦江区,104.076066,30.663554
四川省制冷协会,government,政府机构及社会团体;社会团体;行业协会,锦江区,104.081796,30.664408
四川省个体私营经济协会,government,政府机构及社会团体;社会团体;行业协会,锦江区,104.078579,30.668412
锦江区房屋管理服务中心,government,政府机构及社会团体;政府及社会团体相关;政府及社会团体相关,锦江区,104.076969,30.661569
四川省保险行业协会,government,政府机构及社会团体;社会团体;行业协会,锦江区,104.077287,30.662682
四川省工业合作联社,government,政府机构及社会团体;社会团体;社会团体相关,锦江区,104.077603,30.660224
成都市锦江区老年协会,government,政府机构及社会团体;社会团体;社会团体相关,锦江区,104.082317,30.66027
澳大利亚贸易委员会成都代表处,government,政府机构及社会团体;政府及社会团体相关;政府及社会团体相关,锦江区,104.075114,30.661776
国际医学美容协会中国分会会员,government,政府机构及社会团体;政府及社会团体相关;政府及社会团体相关,锦江区,104.077461,30.661299
四川信息产业协会,government,政府机构及社会团体;社会团体;行业协会,锦江区,104.083155,30.662511
四川省药监局国家职业技能鉴定所(川一110所),government,政府机构及社会团体;公检法机构;公证鉴定机构,青羊区,104.07975,30.668749
成都市桥牌运动协会,government,政府机构及社会团体;社会团体;行业协会,锦江区,104.075517,30.660329
成都市棋类运动协会,government,政府机构及社会团体;社会团体;行业协会,锦江区,104.075517,30.660329
春熙派出所岳府街警务室,government,政府机构及社会团体;公检法机构;社会治安机构,锦江区,104.080832,30.666089
全国酒类消费争议商品检测中心,government,政府机构及社会团体;公检法机构;公证鉴定机构,锦江区,104.077266,30.669104
四川福兴联电管委会,government,政府机构及社会团体;政府机关;政府机关相关,锦江区,104.077603,30.660224
成都市物价局价格认证中心交通事故财产损失类鉴定办公室,government,政府机构及社会团体;公检法机构;公证鉴定机构,青羊区,104.082359,30.669177
四川省散装水泥和预拌砂浆推广发展协会,government,政府机构及社会团体;社会团体;行业协会,锦江区,104.075393,30.664574
成都婚庆行业协会婚宴专业委员会,government,政府机构及社会团体;社会团体;行业协会,锦江区,104.082452,30.666587
西南油气田成都公共事务管理中心,government,政府机构及社会团体;政府及社会团体相关;政府及社会团体相关,锦江区,104.081099,30.664051
四川省律师协会保险事务专业委员会,government,政府机构及社会团体;政府及社会团体相关;政府及社会团体相关,锦江区,104.077721,30.660946
四川省烟草专卖局桂王桥办公区,government,政府机构及社会团体;政府机关;政府机关相关,锦江区,104.08041,30.664635
成都市锦江区春熙路街道华兴街社区委员会,government,政府机构及社会团体;政府机关;区县级政府及事业单位,锦江区,104.07722,30.664934
成都围棋联合总会,government,政府机构及社会团体;社会团体;行业协会,锦江区,104.075516,30.660329
四川省机械基础件工业协会,government,政府机构及社会团体;社会团体;行业协会,锦江区,104.080369,30.667843
四川军大医学研究所附属医院工会委员会,government,政府机构及社会团体;社会团体;社会团体相关,锦江区,104.07687,30.669303
四川省电子行业职业技能鉴定指导中心,government,政府机构及社会团体;公检法机构;公证鉴定机构,锦江区,104.079866,30.667017
玉沙路社区居民议事会,government,政府机构及社会团体;社会团体;社会团体相关,青羊区,104.078087,30.669336
中国城乡小康发展四川中心,government,政府机构及社会团体;政府机关;省直辖市级政府及事业单位,锦江区,104.081796,30.664408
四川省食品药品监督管理局第二办公区,government,政府机构及社会团体;政府及社会团体相关;政府及社会团体相关,锦江区,104.078799,30.666322
中共四川军大医学研究所附属医院支部委员会,government,政府机构及社会团体;社会团体;社会团体相关,锦江区,104.076877,30.669309
春熙路辖区劳动保障监察举报投诉受理点,government,政府机构及社会团体;政府及社会团体相关;政府及社会团体相关,锦江区,104.079069,30.662606
暑袜街社区党委,government,政府机构及社会团体;政府机关;乡镇以下级政府及事业单位,锦江区,104.077351,30.664951
春熙路街道办事处华兴街社区,government,政府机构及社会团体;社会团体;社会团体相关,锦江区,104.07857,30.664285
成都国际质量认证咨询中心,government,政府机构及社会团体;公检法机构;公检法机关,锦江区,104.076096,30.663811
成都市锦江区春熙路街道人民调解委员会,government,政府机构及社会团体;政府及社会团体相关;政府及社会团体相关,锦江区,104.079139,30.662554
中共成都市第一建筑工程公司委员会,government,政府机构及社会团体;社会团体;社会团体相关,青羊区,104.081437,30.668311
成都市第一建筑工程公司工会委员会,government,政府机构及社会团体;社会团体;社会团体相关,青羊区,104.081437,30.668311
全国职业教育专业人才考核四川分中心,government,政府机构及社会团体;公检法机构;公证鉴定机构,锦江区,104.076149,30.663811
国家职业技能鉴定所(书院西街),government,政府机构及社会团体;公检法机构;公证鉴定机构,锦江区,104.082874,30.66039
中共锦江区人民医院支部委员会,government,政府机构及社会团体;社会团体;社会团体相关,锦江区,104.074018,30.662663
成都市锦江区市场和质量监督管理局春熙路市场和质量监督管理所,government,政府机构及社会团体;政府及社会团体相关;政府及社会团体相关,锦江区,104.075865,30.659434
宗佛文化基金会川办,government,政府机构及社会团体;社会团体;慈善机构,青羊区,104.081436,30.668307
中华宗佛(古典)文化基金会,government,政府机构及社会团体;社会团体;慈善机构,青羊区,104.081426,30.668329
中共青羊区委党员干部远程教育工作站,government,政府机构及社会团体;政府机关;区县级政府及事业单位,青羊区,104.078087,30.669336
春熙路街道办事处红星路退管站,government,政府机构及社会团体;政府机关;政府机关相关,锦江区,104.078989,30.659941
四川省计算机信息系统集成行业协会创新推广工作委员会,government,政府机构及社会团体;社会团体;行业协会,锦江区,104.079866,30.667017
锦江区残疾人联合会,government,政府机构及社会团体;社会团体;残联,锦江区,104.079282,30.666314
春熙路派出所暑袜街警务室,government,政府机构及社会团体;公检法机构;社会治安机构,锦江区,104.077319,30.664969
成都市锦江区卫生执法监督大队,government,政府机构及社会团体;政府机关;区县级政府及事业单位,锦江区,104.081407,30.666774
CHC全国高科技工委教育技术专业委员会,government,政府机构及社会团体;政府机关;政府机关相关,锦江区,104.076149,30.663811
成都市锦江区财政支付教育分中心,government,政府机构及社会团体;政府机关;区县级政府及事业单位,锦江区,104.082096,30.659845
青羊区太升路辖区爱心慈善超市,government,政府机构及社会团体;社会团体;慈善机构,青羊区,104.078087,30.669336
锦江区书院街街道福字社区居民委员会居委会,government,政府机构及社会团体;政府机关;乡镇以下级政府及事业单位,锦江区,104.081406,30.660943
华兴社区少先队工作委员会,government,政府机构及社会团体;社会团体;少先队,锦江区,104.077272,30.664982
四川省电子产品监督检验所技术业务部,government,政府机构及社会团体;公检法机构;公证鉴定机构,锦江区,104.079866,30.667017
中国酒类质量监督检验测试中心,government,政府机构及社会团体;公检法机构;公证鉴定机构,锦江区,104.077266,30.669104
中共书院街街道工作委员会,government,政府机构及社会团体;政府机关;乡镇级政府及事业单位,锦江区,104.082293,30.662523
全国维修联盟四川省管理中心,government,政府机构及社会团体;社会团体;行业协会,锦江区,104.077266,30.669104
信息产业部电子行业第34职业技能鉴定站,government,政府机构及社会团体;公检法机构;公证鉴定机构,锦江区,104.079866,30.667017
中共玉沙路社区委员会,government,政府机构及社会团体;政府机关;乡镇以下级政府及事业单位,青羊区,104.078087,30.669336
锦江区行政事业性收费结算中心,government,政府机构及社会团体;政府机关;区县级政府及事业单位,锦江区,104.081918,30.659707
成都市消防支队锦江区大队,government,政府机构及社会团体;公检法机构;消防机关,锦江区,104.07583,30.662504
成都市排球运动协会团体会员,government,政府机构及社会团体;政府及社会团体相关;政府及社会团体相关,锦江区,104.086922,30.669026
四川省人力资源和社会保障厅(三槐树路),government,政府机构及社会团体;政府机关;省直辖市级政府及事业单位,锦江区,104.088889,30.663728
武胜县人民政府驻成都办事处,government,政府机构及社会团体;政府机关;外地政府办,成华区,104.092165,30.661179
新疆克拉玛依市人民政府石油管理局驻成都办事处,government,政府机构及社会团体;政府机关;外地政府办,锦江区,104.085048,30.665556
书院街街道办事处,government,政府机构及社会团体;政府机关;乡镇级政府及事业单位,锦江区,104.084701,30.661306
四川省人事人才考试测评基地,government,政府机构及社会团体;公检法机构;公证鉴定机构,锦江区,104.088564,30.663885
书院街派出所(三槐树路),government,政府机构及社会团体;公检法机构;公安警察,锦江区,104.08488,30.666595
成都市河道管理处,government,政府机构及社会团体;政府机关;地市级政府及事业单位,锦江区,104.089534,30.669276
合江亭工商所,government,政府机构及社会团体;工商税务机构;工商部门,锦江区,104.088333,30.660365
四川省爱国卫生运动委员会办公室,government,政府机构及社会团体;政府机关;省直辖市级政府及事业单位,锦江区,104.084923,30.666386
四川省爱国卫生运动委员会改水办公室,government,政府机构及社会团体;政府机关;省直辖市级政府及事业单位,锦江区,104.084923,30.666386
书院街派出所华星警务室,government,政府机构及社会团体;公检法机构;公安警察,锦江区,104.091238,30.668681
成都市城市管理行政执法局三分局,government,政府机构及社会团体;政府机关;地市级政府及事业单位,锦江区,104.085299,30.664929
成都市军粮局军粮供应中心,government,政府机构及社会团体;政府机关;地市级政府及事业单位,锦江区,104.085282,30.664945
成都市粮食局金牛分局,government,政府机构及社会团体;政府机关;区县级政府及事业单位,锦江区,104.085299,30.664929
成都市城市管理行政执法总队三支队,government,政府机构及社会团体;政府机关;地市级政府及事业单位,锦江区,104.085282,30.664945
封面(四川)影友俱乐部,government,政府机构及社会团体;社会团体;行业协会,锦江区,104.086776,30.667719
成都市粮食行业协会,government,政府机构及社会团体;社会团体;行业协会,锦江区,104.085282,30.664945
深圳壹基金公益金会,government,政府机构及社会团体;政府及社会团体相关;政府及社会团体相关,锦江区,104.084913,30.668117
成都搏浪游泳俱乐部,government,政府机构及社会团体;社会团体;社会团体相关,锦江区,104.090571,30.669159
成都市执法三支队,government,政府机构及社会团体;政府及社会团体相关;政府及社会团体相关,锦江区,104.085154,30.665069
四川求实司法鉴定所,government,政府机构及社会团体;公检法机构;公证鉴定机构,锦江区,104.083588,30.663355
书院街街道办事处公共服务中心,government,政府机构及社会团体;政府机关;乡镇级政府及事业单位,锦江区,104.084701,30.661306
安居天涯菜市场市场办公室,government,政府机构及社会团体;社会团体;社会团体相关,锦江区,104.086602,30.661142
书院辖区流动人口服务管理办公室,government,政府机构及社会团体;公检法机构;社会治安机构,锦江区,104.086738,30.667657
锦江区监察局派出书院街街道办事处监察室,government,政府机构及社会团体;政府机关;乡镇级政府及事业单位,锦江区,104.0847,30.661306
成都市排水设施管理处城东管理所,government,政府机构及社会团体;政府机关;政府机关相关,锦江区,104.089962,30.66909
政协锦江区委员会书院街道工作委员会,government,政府机构及社会团体;政府机关;乡镇级政府及事业单位,锦江区,104.0847,30.661306
锦江区儿童福利服务指导中心,government,政府机构及社会团体;社会团体;慈善机构,锦江区,104.086465,30.662369
四川广播电视塔指挥部办公室,government,政府机构及社会团体;政府及社会团体相关;政府及社会团体相关,成华区,104.091989,30.664836
中共锦江区纪委派出书院街街道纪律检查工作委员会,government,政府机构及社会团体;政府机关;乡镇级政府及事业单位,锦江区,104.0847,30.661306
第54届国际小姐世界大会四川大赛组委会,government,政府机构及社会团体;政府及社会团体相关;政府及社会团体相关,成华区,104.090848,30.662705
书院街派出所天涯石警务室,government,政府机构及社会团体;公检法机构;社会治安机构,锦江区,104.085184,30.662516
猛追湾派出所四川广播电视塔警务工作站,government,政府机构及社会团体;政府及社会团体相关;政府及社会团体相关,成华区,104.092249,30.664393
成都市锦江区司法局书院街司法所,government,政府机构及社会团体;公检法机构;公检法机关,锦江区,104.0847,30.661306
成都蜀通司法鉴定所,government,政府机构及社会团体;公检法机构;公证鉴定机构,成华区,104.090007,30.660743
中共武胜县在蓉流动党员支部,government,政府机构及社会团体;政府机关;外地政府办,成华区,104.092165,30.661179
中共武胜县委组织部驻成都流动党员服务站,government,政府机构及社会团体;政府机关;外地政府办,成华区,104.092172,30.661179
锦江区书院辖区青少年协会,government,政府机构及社会团体;社会团体;社会团体相关,锦江区,104.086776,30.667719
荷兰中国友好协会四川联络处,government,政府机构及社会团体;社会团体;社会团体相关,成华区,104.090821,30.66266
成都市成华区人民政府,government,政府机构及社会团体;政府机关;区县级政府及事业单位,成华区,104.098973,30.662363
成华区人民政府第二办公区,government,政府机构及社会团体;政府机关;区县级政府及事业单位,成华区,104.099712,30.661977
宜宾市人民政府驻成都办事处,government,政府机构及社会团体;政府机关;外地政府办,成华区,104.096901,30.659879
成华区人民政府政务服务中心B区,government,政府机构及社会团体;政府机关;政府机关相关,成华区,104.09866,30.661713
成华区人民政府政务服务中心A区,government,政府机构及社会团体;政府机关;政府机关相关,成华区,104.098595,30.662003
成华区人民政府政务服务中心民政局分中心,government,政府机构及社会团体;政府机关;区县级政府及事业单位,成华区,104.101063,30.663294
丹巴县人民政府驻成都营销推广中心,government,政府机构及社会团体;政府及社会团体相关;政府及社会团体相关,成华区,104.099244,30.65966
建华社区就业和社会保障服务站,government,政府机构及社会团体;政府机关;乡镇以下级政府及事业单位,成华区,104.098056,30.661511
成都市成华区人力资源与社会保障局,government,政府机构及社会团体;政府及社会团体相关;政府及社会团体相关,成华区,104.098712,30.662519
成都市成华区劳动局,government,政府机构及社会团体;政府机关;区县级政府及事业单位,成华区,104.098908,30.661981
祥和里社区就业和社会保障服务站,government,政府机构及社会团体;政府机关;乡镇以下级政府及事业单位,成华区,104.093889,30.659802
菽香里社区就业和社会保障服务站,government,政府机构及社会团体;政府机关;乡镇以下级政府及事业单位,成华区,104.100353,30.66583
成都市成华区司法局,government,政府机构及社会团体;公检法机构;公检法机关,成华区,104.098712,30.662519
成都市成华区民政局,government,政府机构及社会团体;政府机关;区县级政府及事业单位,成华区,104.101063,30.663294
成都市成华区财政局,government,政府机构及社会团体;政府机关;区县级政府及事业单位,成华区,104.098712,30.662519
新鸿社区居委会(成华区人民政府政务服务中心民政局分中心东),government,政府机构及社会团体;政府机关;乡镇以下级政府及事业单位,成华区,104.101177,30.66257
中共新鸿社区支部委员会(成华区人民政府政务服务中心民政局分中心东),government,政府机构及社会团体;政府机关;乡镇以下级政府及事业单位,成华区,104.101177,30.66257
成都市成华区机关事务管理局,government,政府机构及社会团体;政府机关;区县级政府及事业单位,成华区,104.098707,30.662537
成都市成华区人事局,government,政府机构及社会团体;政府机关;区县级政府及事业单位,成华区,104.098712,30.662519
成都市成华区审计局,government,政府机构及社会团体;政府机关;区县级政府及事业单位,成华区,104.098712,30.662519
成都市成华区物价局,government,政府机构及社会团体;政府机关;区县级政府及事业单位,成华区,104.098712,30.662519
成华工商局,government,政府机构及社会团体;工商税务机构;工商部门,成华区,104.098787,30.666701
区直机关工委,government,政府机构及社会团体;政府及社会团体相关;政府及社会团体相关,成华区,104.098449,30.661964
成都市成华区教育局,government,政府机构及社会团体;政府及社会团体相关;政府及社会团体相关,成华区,104.098707,30.662533
成华区政协,government,政府机构及社会团体;政府机关;区县级政府及事业单位,成华区,104.098981,30.662365
东风渠管理站,government,政府机构及社会团体;政府机关;区县级政府及事业单位,成华区,104.100809,30.662447
建华社区居委会,government,政府机构及社会团体;政府机关;乡镇以下级政府及事业单位,成华区,104.098017,30.661423
成都市成华区民政局政务中心,government,政府机构及社会团体;政府机关;区县级政府及事业单位,成华区,104.101063,30.663294
中共成都市成华区委员会,government,政府机构及社会团体;政府机关;区县级政府及事业单位,成华区,104.098973,30.662363
菽香里社区残疾人协会,government,政府机构及社会团体;社会团体;残联,成华区,104.100353,30.66583
建华社区残疾人协会,government,政府机构及社会团体;社会团体;残联,成华区,104.098019,30.661437
成华区人大常委会,government,政府机构及社会团体;政府机关;区县级政府及事业单位,成华区,104.098973,30.662363
成都市集邮协会,government,政府机构及社会团体;社会团体;行业协会,成华区,104.093596,30.661471
成华区卫生局,government,政府机构及社会团体;政府机关;区县级政府及事业单位,成华区,104.098673,30.662447
成都市成华区计生局,government,政府机构及社会团体;政府机关;政府机关相关,成华区,104.098707,30.662537
成华区教育服务中心,government,政府机构及社会团体;政府机关;区县级政府及事业单位|科教文化服务;培训机构;培训机构,成华区,104.095694,30.661082
四川省成都市成华公证处,government,政府机构及社会团体;公检法机构;公证鉴定机构,成华区,104.098442,30.661821
成都市成华区安监局,government,政府机构及社会团体;政府机关;政府机关相关,成华区,104.098707,30.662534
成都市成华区发改局,government,政府机构及社会团体;政府机关;政府机关相关,成华区,104.099688,30.661912
成华区医保局,government,政府机构及社会团体;政府机关;区县级政府及事业单位,成华区,104.098959,30.661577
成华区行政调解联动调处中心,government,政府机构及社会团体;政府机关;区县级政府及事业单位,成华区,104.098078,30.663036
成都市广播电视局(台)接待室,government,政府机构及社会团体;政府机关;地市级政府及事业单位,成华区,104.099726,30.659877
成华区就业社保医保服务中心,government,政府机构及社会团体;政府机关;区县级政府及事业单位,成华区,104.098136,30.661654
猛追湾工商所,government,政府机构及社会团体;工商税务机构;工商部门,成华区,104.098279,30.660471
成都市成华区纪检委,government,政府机构及社会团体;政府机关;区县级政府及事业单位,成华区,104.098712,30.662519
成都市成华区农业局,government,政府机构及社会团体;政府机关;区县级政府及事业单位,成华区,104.098707,30.662537
祥和里社区居委会,government,政府机构及社会团体;政府机关;乡镇以下级政府及事业单位,成华区,104.093882,30.659776
成都市成华区统筹城乡工作局,government,政府机构及社会团体;政府及社会团体相关;政府及社会团体相关,成华区,104.099687,30.661917
成华区群众工作服务中心,government,政府机构及社会团体;政府机关;区县级政府及事业单位,成华区,104.098078,30.663036
成都市成华区教育资助管理中心,government,政府机构及社会团体;政府及社会团体相关;政府及社会团体相关,成华区,104.095797,30.661118
四川省职业安全健康协会烟花爆竹分会,government,政府机构及社会团体;社会团体;行业协会,成华区,104.098279,30.667935
猛追湾派出所执勤点,government,政府机构及社会团体;政府及社会团体相关;政府及社会团体相关,成华区,104.094558,30.668918
孟底沟管理局,government,政府机构及社会团体;政府及社会团体相关;政府及社会团体相关,成华区,104.094878,30.660641
成华区医学会,government,政府机构及社会团体;政府及社会团体相关;政府及社会团体相关,成华区,104.102551,30.667439
区委老干部局,government,政府机构及社会团体;政府及社会团体相关;政府及社会团体相关,成华区,104.098708,30.662647
成华区人民调解联动调处中心,government,政府机构及社会团体;政府机关;区县级政府及事业单位,成华区,104.098078,30.663036
成都市成华区工商联,government,政府机构及社会团体;政府及社会团体相关;政府及社会团体相关,成华区,104.098707,30.662537
成都市成华区监察局,government,政府机构及社会团体;政府机关;区县级政府及事业单位,成华区,104.098707,30.662537
成都市成华区慈善会,government,政府机构及社会团体;社会团体;慈善机构,成华区,104.101063,30.663294
菽香里社区居委会,government,政府机构及社会团体;政府机关;乡镇以下级政府及事业单位,成华区,104.100353,30.66583
新鸿社区市民中心,government,政府机构及社会团体;政府机关;乡镇以下级政府及事业单位,成华区,104.101054,30.66257
中共菽香里社区委员会,government,政府机构及社会团体;政府机关;乡镇以下级政府及事业单位,成华区,104.100353,30.66583
成都市成华区食品药品监督管理局,government,政府机构及社会团体;政府机关;区县级政府及事业单位,成华区,104.099687,30.661917
成都市成华区市场和质量监督管理局,government,政府机构及社会团体;政府及社会团体相关;政府及社会团体相关,成华区,104.098714,30.666677
中共东街社区支部委员会,government,政府机构及社会团体;政府机关;乡镇以下级政府及事业单位,成华区,104.098278,30.6658
成华区司法调解联动调处中心,government,政府机构及社会团体;公检法机构;公检法机关,成华区,104.098078,30.663036
新鸿社区居民议事会,government,政府机构及社会团体;政府机关;乡镇以下级政府及事业单位,成华区,104.101176,30.66257
中共祥和里社区委员会,government,政府机构及社会团体;政府机关;乡镇以下级政府及事业单位,成华区,104.093882,30.659776
成都市成华区水利局,government,政府机构及社会团体;政府机关;区县级政府及事业单位,成华区,104.098707,30.662537
成都市成华区信访局,government,政府机构及社会团体;政府机关;区县级政府及事业单位,成华区,104.098127,30.663037
东街社区居委会(一环路东二段),government,政府机构及社会团体;政府机关;乡镇以下级政府及事业单位,成华区,104.098422,30.667236
成都市成华区劳动保障监察大队,government,政府机构及社会团体;政府机关;区县级政府及事业单位,成华区,104.098609,30.661736
新鸿路派出所新鸿社区警务室,government,政府机构及社会团体;公检法机构;社会治安机构,成华区,104.101224,30.662602
成都市成华区劳动人事争议调解庭,government,政府机构及社会团体;公检法机构;公检法机关,成华区,104.098828,30.661621
菽香里社区流动人口服务站,government,政府机构及社会团体;公检法机构;社会治安机构,成华区,104.100353,30.66583
中共宜宾市委组织部驻成都流动党员服务站,government,政府机构及社会团体;政府机关;外地政府办,成华区,104.09691,30.659906
建华社区慈善捐赠站,government,政府机构及社会团体;社会团体;慈善机构,成华区,104.098018,30.661438
成都市成华区选举委员会,government,政府机构及社会团体;政府机关;区县级政府及事业单位,成华区,104.098712,30.662519
新鸿社区流动人口服务管理工作站,government,政府机构及社会团体;公检法机构;社会治安机构,成华区,104.101177,30.66257
中共中国航天工业供销西南公司委员会,government,政府机构及社会团体;社会团体;社会团体相关,成华区,104.098932,30.664091
成华区经科局,government,政府机构及社会团体;政府机关;区县级政府及事业单位,成华区,104.098374,30.662574
成都市成华区消费者协会,government,政府机构及社会团体;社会团体;消费者协会,成华区,104.098886,30.666442
成都市成华区劳动人事争议仲裁院,government,政府机构及社会团体;公检法机构;公检法机关,成华区,104.098666,30.661709
中共东街社区总支部委员会(一环路东二段),government,政府机构及社会团体;政府机关;乡镇以下级政府及事业单位,成华区,104.098272,30.665794
中共建华社区总支部委员会(双林巷),government,政府机构及社会团体;政府机关;乡镇以下级政府及事业单位,成华区,104.098017,30.661423
上游建设管理局,government,政府机构及社会团体;政府及社会团体相关;政府及社会团体相关,成华区,104.095709,30.660668
成华区就业局,government,政府机构及社会团体;政府及社会团体相关;政府及社会团体相关,成华区,104.098124,30.661701
公牛成都办事处,government,政府机构及社会团体;政府及社会团体相关;政府及社会团体相关,成华区,104.09892,30.668416
成华区人民政府第三办公区,government,政府机构及社会团体;政府机关;区县级政府及事业单位,成华区,104.106275,30.667449
成华区房产管理局,government,政府机构及社会团体;政府机关;区县级政府及事业单位,成华区,104.106275,30.667449
成华区建设局,government,政府机构及社会团体;政府机关;区县级政府及事业单位,成华区,104.106275,30.667449
新鸿路街道社会管理综合治理委员会,government,政府机构及社会团体;政府机关;乡镇级政府及事业单位,成华区,104.104167,30.66169
成华区投资促进局,government,政府机构及社会团体;政府机关;区县级政府及事业单位,成华区,104.106275,30.667449
成都市规划管理局成华分局,government,政府机构及社会团体;政府机关;区县级政府及事业单位,成华区,104.106275,30.667449
成华区红十字会(红光路),government,政府机构及社会团体;社会团体;红十字会,成华区,104.106275,30.667449
成都市成华区新鸿辖区社会治安综合治理委员会,government,政府机构及社会团体;政府及社会团体相关;政府及社会团体相关,成华区,104.104238,30.661669
建设路派出所培华路社区警务室,government,政府机构及社会团体;公检法机构;公安警察,成华区,104.104226,30.669331
成华区投资软环境建设工作站,government,政府机构及社会团体;政府机关;区县级政府及事业单位,成华区,104.104167,30.66169
培华路社区居委会,government,政府机构及社会团体;政府机关;区县级政府及事业单位|政府机构及社会团体;政府机关;乡镇以下级政府及事业单位,成华区,104.104304,30.6692
中共新鸿路街道区域委员会,government,政府机构及社会团体;政府机关;乡镇级政府及事业单位,成华区,104.104167,30.66169
成都市国家税务局第四稽查局,government,政府机构及社会团体;工商税务机构;国税机关,成华区,104.104891,30.660006
光明光电离退休管理办,government,政府机构及社会团体;政府机关;政府机关相关,成华区,104.107133,30.668378
中共新鸿路街道工作委员会,government,政府机构及社会团体;政府机关;乡镇级政府及事业单位,成华区,104.104167,30.66169
成都市五人足球协会,government,政府机构及社会团体;社会团体;行业协会,成华区,104.107969,30.663828
中共培华路社区委员会,government,政府机构及社会团体;政府机关;乡镇以下级政府及事业单位,成华区,104.104304,30.6692
培华路社区居民议事会,government,政府机构及社会团体;社会团体;社会团体相关,成华区,104.104304,30.6692
成都光明离退休办,government,政府机构及社会团体;政府机关;政府机关相关,成华区,104.107055,30.66848
培华路社区综合管理服务站,government,政府机构及社会团体;政府机关;乡镇以下级政府及事业单位,成华区,104.104304,30.6692
成华区司法局新鸿路司法所,government,政府机构及社会团体;公检法机构;公检法机关,成华区,104.104167,30.66169
锦绣社区就业和社会保障服务站,government,政府机构及社会团体;政府机关;乡镇以下级政府及事业单位,成华区,104.115159,30.659972
跳蹬河社区就业和社会保障服务站,government,政府机构及社会团体;政府机关;乡镇以下级政府及事业单位,成华区,104.121197,30.659652
跳蹬河派出所,government,政府机构及社会团体;公检法机构;公安警察,成华区,104.12206,30.662956
成都市成华区信鸽协会,government,政府机构及社会团体;社会团体;社会团体相关,成华区,104.122702,30.663026
跳蹬河派出所倍蕾幼儿园校园警务室,government,政府机构及社会团体;公检法机构;公安警察,成华区,104.116974,30.660651
成都市成华区危房改造开发办公室,government,政府机构及社会团体;政府机关;区县级政府及事业单位,成华区,104.115521,30.663446
杉板桥社区委员会,government,政府机构及社会团体;政府机关;乡镇级政府及事业单位,成华区,104.114747,30.666356
跳蹬河社区居委会,government,政府机构及社会团体;政府机关;乡镇以下级政府及事业单位,成华区,104.121197,30.659652
成华区东郊企业生活区危旧房改造惠民工程指挥部,government,政府机构及社会团体;政府机关;区县级政府及事业单位,成华区,104.115521,30.66345
成华区旧城改造工作领导小组办公室,government,政府机构及社会团体;政府机关;区县级政府及事业单位,成华区,104.115521,30.663446
杉板桥社区居委会,government,政府机构及社会团体;政府机关;乡镇以下级政府及事业单位,成华区,104.114746,30.666355
中共跳蹬河社区委员会,government,政府机构及社会团体;政府机关;乡镇以下级政府及事业单位,成华区,104.121198,30.659652
锦绣社区人大代表服务站,government,政府机构及社会团体;政府机关;乡镇以下级政府及事业单位,成华区,104.11516,30.659976
锦绣社区居委会(东秀二路),government,政府机构及社会团体;政府机关;乡镇以下级政府及事业单位,成华区,104.11516,30.659976
桃蹊路街道办事处桃蹊路退管站,government,政府机构及社会团体;政府机关;乡镇以下级政府及事业单位,成华区,104.118124,30.661546
中共锦绣社区委员会(东秀二路),government,政府机构及社会团体;政府机关;乡镇以下级政府及事业单位,成华区,104.11516,30.659976
跳蹬河社区慈善捐赠站,government,政府机构及社会团体;社会团体;慈善机构,成华区,104.121197,30.659652
跳蹬河派出所跳蹬河社区警务室,government,政府机构及社会团体;公检法机构;社会治安机构,成华区,104.12211,30.663058
四川省防汛机动抢险队,government,政府机构及社会团体;政府机关;省直辖市级政府及事业单位,成华区,104.127321,30.666917
保和街道办事处,government,政府机构及社会团体;政府机关;乡镇级政府及事业单位,成华区,104.143302,30.660428
保和派出所(长融东三路),government,政府机构及社会团体;公检法机构;公安警察,成华区,104.143414,30.660042
保和街道办事处信访接待调处中心(长融东三路),government,政府机构及社会团体;政府机关;乡镇级政府及事业单位,成华区,104.144372,30.659684
成都市成华区司法局保和司法所(长融东三路),government,政府机构及社会团体;公检法机构;公检法机关,成华区,104.144277,30.65971
九金社区就业和社会保障服务站,government,政府机构及社会团体;政府机关;乡镇以下级政府及事业单位,武侯区,103.96938,30.650455
九金社区促进和谐社会建设工作站,government,政府机构及社会团体;政府机关;乡镇以下级政府及事业单位,武侯区,103.969489,30.650447
花龙门社区居委会,government,政府机构及社会团体;政府机关;乡镇以下级政府及事业单位,武侯区,103.969757,30.655581
中共花龙门村支部委员会,government,政府机构及社会团体;政府机关;区县级政府及事业单位,武侯区,103.969768,30.655625
九江安检分站,government,政府机构及社会团体;公检法机构;公检法机关,武侯区,103.96938,30.650454
暂住证办理点,government,政府机构及社会团体;政府及社会团体相关;政府及社会团体相关,武侯区,103.969548,30.656081
科信建设工程质量检测鉴定有限公司(鑫绿路),government,政府机构及社会团体;公检法机构;公证鉴定机构,武侯区,103.973777,30.652273
花龙门社区老年人协会,government,政府机构及社会团体;社会团体;社会团体相关,武侯区,103.969633,30.655568
中共九金社区委员会,government,政府机构及社会团体;政府机关;乡镇以下级政府及事业单位,武侯区,103.969514,30.65041
成都市武侯区机投桥街道花龙门村老协分会,government,政府机构及社会团体;政府及社会团体相关;政府及社会团体相关,武侯区,103.969804,30.655443
九金社区治违办公室,government,政府机构及社会团体;政府机关;乡镇以下级政府及事业单位,武侯区,103.96938,30.650455
九金社区居委会,government,政府机构及社会团体;政府机关;乡镇以下级政府及事业单位,武侯区,103.969514,30.65041
金花桥街道花龙门村工会联合会,government,政府机构及社会团体;社会团体;社会团体相关,武侯区,103.969768,30.655638
半边街新居社区居委会,government,政府机构及社会团体;政府机关;乡镇以下级政府及事业单位,武侯区,103.969183,30.650308
中共花龙门社区总支部委员会,government,政府机构及社会团体;政府机关;乡镇以下级政府及事业单位,武侯区,103.969757,30.655581
花龙门村食品安全协管站,government,政府机构及社会团体;政府机关;乡镇以下级政府及事业单位,武侯区,103.969538,30.65609
武侯区花龙门社区居民议事会,government,政府机构及社会团体;社会团体;社会团体相关,武侯区,103.969772,30.655634
武侯区机投桥街道半边街新居综合服务管理站,government,政府机构及社会团体;政府机关;乡镇以下级政府及事业单位,武侯区,103.967467,30.649733
九金社区残疾人协会,government,政府机构及社会团体;社会团体;残联,武侯区,103.96938,30.650455
中共半边街新居社区支部委员会,government,政府机构及社会团体;政府机关;乡镇以下级政府及事业单位,武侯区,103.969194,30.650306
金花派出所花龙门警务区,government,政府机构及社会团体;公检法机构;社会治安机构,武侯区,103.969605,30.656086
武侯区金花桥街道办事处花龙门村村民委员会,government,政府机构及社会团体;政府机关;乡镇以下级政府及事业单位,武侯区,103.9699,30.655757
四川省经济发展促进会职业技术培训委员会,government,政府机构及社会团体;社会团体;社会团体相关,武侯区,103.965442,30.658602
九金社区慈善捐赠点,government,政府机构及社会团体;社会团体;慈善机构,武侯区,103.969379,30.650455
半边街村派出所,government,政府机构及社会团体;公检法机构;公安警察,武侯区,103.967592,30.650133
机投桥街道社会治安综合治理委员会,government,政府机构及社会团体;政府机关;乡镇级政府及事业单位,武侯区,103.98076,30.65149
机投桥街道办事处,government,政府机构及社会团体;政府机关;乡镇级政府及事业单位,武侯区,103.98076,30.65149
机投村村委会,government,政府机构及社会团体;政府机关;乡镇以下级政府及事业单位,武侯区,103.975958,30.658747
双流区机投国土所,government,政府机构及社会团体;政府及社会团体相关;政府及社会团体相关,武侯区,103.980517,30.651224
武侯区机头桥街道机头桥社区居民委员会,government,政府机构及社会团体;政府机关;乡镇以下级政府及事业单位,武侯区,103.982729,30.650363
武侯区机头桥街道机头桥社区综合服务管理站,government,政府机构及社会团体;政府机关;区县级政府及事业单位,武侯区,103.982769,30.650373
武侯区个体私营经济协会机投片区分会,government,政府机构及社会团体;社会团体;行业协会,武侯区,103.982769,30.650371
中共通江县外出流动党员成都离退休支部,government,政府机构及社会团体;政府及社会团体相关;政府及社会团体相关,武侯区,103.983506,30.658608
机投供销社社区综合服务社,government,政府机构及社会团体;政府机关;区县级政府及事业单位,武侯区,103.980926,30.650045
成都市武侯区地税局机投地税所,government,政府机构及社会团体;工商税务机构;地税机关,武侯区,103.980533,30.651311
草金东路社区居委会,government,政府机构及社会团体;政府机关;乡镇以下级政府及事业单位,武侯区,103.98279,30.65041
机投社区居委会,government,政府机构及社会团体;政府机关;乡镇以下级政府及事业单位,武侯区,103.97603,30.658718
机投派出所机投警务区,government,政府机构及社会团体;公检法机构;社会治安机构,武侯区,103.980169,30.653547
中共草金东路社区委员会,government,政府机构及社会团体;政府机关;乡镇以下级政府及事业单位,武侯区,103.98279,30.65041
中共机投村支部委员会,government,政府机构及社会团体;政府机关;乡镇以下级政府及事业单位,武侯区,103.975961,30.658716
机投桥社区支部委员会,government,政府机构及社会团体;政府机关;乡镇以下级政府及事业单位,武侯区,103.98277,30.650371
草金东路社区综合服务管理站,government,政府机构及社会团体;政府机关;乡镇以下级政府及事业单位,武侯区,103.98279,30.65041
机投桥社区综合服务管理站,government,政府机构及社会团体;政府机关;乡镇以下级政府及事业单位,武侯区,103.982769,30.650374
中共机投桥街道机投社区委员会,government,政府机构及社会团体;政府机关;乡镇以下级政府及事业单位,武侯区,103.976029,30.658723
机投桥街道办机投村村民委员会,government,政府机构及社会团体;政府机关;乡镇以下级政府及事业单位,武侯区,103.980457,30.65029
机投桥街道纪律检查工作委员会,government,政府机构及社会团体;政府机关;乡镇级政府及事业单位,武侯区,103.98076,30.65149
机投村村民议事会,government,政府机构及社会团体;社会团体;社会团体相关,武侯区,103.975917,30.658715
中共机投桥街道工作委员会,government,政府机构及社会团体;政府机关;乡镇级政府及事业单位,武侯区,103.98076,30.65149
武侯区人大常委会机投桥街道工作委员会,government,政府机构及社会团体;政府机关;乡镇级政府及事业单位,武侯区,103.98076,30.65149
机投村工会联合会,government,政府机构及社会团体;社会团体;社会团体相关,武侯区,103.97603,30.658718
金雁社区就业和社会保障服务站,government,政府机构及社会团体;政府机关;乡镇以下级政府及事业单位,武侯区,103.991312,30.654224
机投派出所万寿桥警务所,government,政府机构及社会团体;公检法机构;公安警察,武侯区,103.984068,30.657529
国家电网四川省计量中心,government,政府机构及社会团体;公检法机构;公证鉴定机构,武侯区,103.984545,30.652894
成都市排水设施管理处,government,政府机构及社会团体;政府机关;政府机关相关,武侯区,103.989987,30.6515
四川省云南商会,government,政府机构及社会团体;社会团体;行业协会,武侯区,103.986307,30.658006
治安报警点,government,政府机构及社会团体;政府及社会团体相关;政府及社会团体相关,武侯区,103.989341,30.653571
中共金雁社区委员会,government,政府机构及社会团体;政府机关;乡镇以下级政府及事业单位,武侯区,103.991312,30.654224
金雁社区综治服务工作站,government,政府机构及社会团体;政府机关;乡镇以下级政府及事业单位,武侯区,103.991312,30.654224
金雁社区居委会,government,政府机构及社会团体;政府机关;乡镇以下级政府及事业单位,武侯区,103.991312,30.654224
四川省国土资源厅万丰路办公区,government,政府机构及社会团体;政府机关;乡镇以下级政府及事业单位,武侯区,103.989202,30.657483
金雁社区残疾人协会,government,政府机构及社会团体;社会团体;残联,武侯区,103.991312,30.654224
金雁社区关心下一代工作委员会,government,政府机构及社会团体;政府机关;乡镇以下级政府及事业单位,武侯区,103.991312,30.654224
武侯区晋阳街道金雁社区工作站,government,政府机构及社会团体;政府机关;乡镇以下级政府及事业单位,武侯区,103.991312,30.654224
沙堰社区就业和社会保障服务站,government,政府机构及社会团体;政府机关;乡镇以下级政府及事业单位,武侯区,104.003291,30.655469
沙堰社区劳动和社会保障服务站,government,政府机构及社会团体;政府机关;乡镇以下级政府及事业单位,武侯区,104.003291,30.655469
成都市武侯区残疾人联合会,government,政府机构及社会团体;社会团体;残联,武侯区,103.99744,30.659029
善工家园助残中心,government,政府机构及社会团体;社会团体;残联,武侯区,103.997567,30.65908
沙堰社区计划生育分会,government,政府机构及社会团体;社会团体;社会团体相关,武侯区,104.003291,30.655469
武侯区中央花园精装版一区业主大会与业主委员会,government,政府机构及社会团体;政府及社会团体相关;政府及社会团体相关,武侯区,103.993884,30.653162
晋阳街道办事处晋阳村老年协会,government,政府机构及社会团体;社会团体;社会团体相关,武侯区,103.998225,30.653046
沙堰社区人民调解工作室,government,政府机构及社会团体;政府机关;乡镇以下级政府及事业单位,武侯区,104.003291,30.655469
中共晋阳村支部,government,政府机构及社会团体;政府机关;乡镇以下级政府及事业单位,武侯区,103.998225,30.653047
晋阳村村委会,government,政府机构及社会团体;政府机关;乡镇以下级政府及事业单位,武侯区,103.998225,30.653047
晋阳街道沙堰社区综治服务管理部,government,政府机构及社会团体;政府机关;乡镇以下级政府及事业单位,武侯区,104.003291,30.655469
中共晋阳街道沙堰社区委员会,government,政府机构及社会团体;政府机关;乡镇以下级政府及事业单位,武侯区,104.003291,30.655469
沙堰社区劳动保障工作站,government,政府机构及社会团体;政府机关;乡镇以下级政府及事业单位,武侯区,104.003291,30.655469
沙堰社区促进平安和谐建设工作站,government,政府机构及社会团体;政府机关;乡镇以下级政府及事业单位,武侯区,104.003291,30.655469
沙堰社区老干部工作办公室,government,政府机构及社会团体;政府机关;乡镇以下级政府及事业单位,武侯区,104.003291,30.655469
武侯区晋阳街道晋阳社区居民委员会,government,政府机构及社会团体;政府机关;乡镇以下级政府及事业单位,武侯区,104.003113,30.649677
沙堰社区残疾人协会,government,政府机构及社会团体;社会团体;残联,武侯区,104.003291,30.655469
中共沙堰社区纪律检查工作委员会,government,政府机构及社会团体;政府机关;乡镇以下级政府及事业单位,武侯区,104.003291,30.655469
成都市武侯区残疾人综合服务中心,government,政府机构及社会团体;社会团体;残联,武侯区,103.99744,30.659029
晋阳街道沙堰社区群众工作站,government,政府机构及社会团体;政府机关;乡镇以下级政府及事业单位,武侯区,104.003291,30.655469
沙堰社区关心下一代工作委员会,government,政府机构及社会团体;政府机关;乡镇以下级政府及事业单位,武侯区,104.003291,30.655469
清水河小区业主大会业主委员会,government,政府机构及社会团体;社会团体;社会团体相关,武侯区,103.998677,30.658309
沙堰社区微型消防站,government,政府机构及社会团体;公检法机构;消防机关,武侯区,104.002984,30.655629
龙腾社区劳动保障工作站,government,政府机构及社会团体;政府及社会团体相关;政府及社会团体相关,武侯区,104.013017,30.656279
成都市促进基本公共卫生服务均等化指导中心,government,政府机构及社会团体;政府机关;地市级政府及事业单位,武侯区,104.008409,30.65109
成都市视力保护协会,government,政府机构及社会团体;社会团体;行业协会,武侯区,104.008404,30.651095
成都市性病艾滋病防治协会,government,政府机构及社会团体;社会团体;行业协会,武侯区,104.008411,30.651089
成都预防医学会,government,政府机构及社会团体;社会团体;行业协会,武侯区,104.008404,30.651095
安全生产监督管理(龙腾社区安监分站),government,政府机构及社会团体;政府及社会团体相关;政府及社会团体相关,武侯区,104.013017,30.656272
龙腾社区关心下一代工作委员会,government,政府机构及社会团体;政府机关;乡镇以下级政府及事业单位,武侯区,104.013017,30.656274
武侯区红牌楼街道龙腾社区人民调解委员会,government,政府机构及社会团体;政府机关;政府机关相关,武侯区,104.013017,30.656279
武侯区红牌楼街道龙腾社区促进平安和谐建设工作站,government,政府机构及社会团体;政府及社会团体相关;政府及社会团体相关,武侯区,104.01294,30.656353
龙腾社区志愿服务站,government,政府机构及社会团体;社会团体;社会团体相关,武侯区,104.013017,30.656279
武侯区红牌楼街道龙腾社区老龄工作办公室,government,政府机构及社会团体;政府及社会团体相关;政府及社会团体相关,武侯区,104.013017,30.65628
武侯区红牌楼街道龙腾社区残疾人协会,government,政府机构及社会团体;政府及社会团体相关;政府及社会团体相关,武侯区,104.013017,30.656279
中共红牌楼街道推进城乡一体化第五党总支部委员会,government,政府机构及社会团体;政府机关;乡镇级政府及事业单位,武侯区,104.01294,30.656348
龙腾社区居委会(龙腾正街),government,政府机构及社会团体;政府机关;乡镇以下级政府及事业单位,武侯区,104.013006,30.656368
中共龙腾社区委员会(龙腾正街),government,政府机构及社会团体;政府机关;乡镇以下级政府及事业单位,武侯区,104.013006,30.656368
四川省统计局,government,政府机构及社会团体;政府机关;省直辖市级政府及事业单位,武侯区,104.020322,30.653522
成都市河道管理处南河管理站,government,政府机构及社会团体;政府机关;政府机关相关,青羊区,104.019922,30.65518
中国励志圆梦促进会,government,政府机构及社会团体;社会团体;社会团体相关,青羊区,104.021969,30.654318
四川省统计局法规处,government,政府机构及社会团体;政府及社会团体相关;政府及社会团体相关,武侯区,104.020322,30.653522
四川省统计局调查中心,government,政府机构及社会团体;政府及社会团体相关;政府及社会团体相关,武侯区,104.020322,30.653522
成都绿之叶公益发展促进中心,government,政府机构及社会团体;社会团体;社会团体相关,武侯区,104.021465,30.653488
成都市整形美容协会第一办公室,government,政府机构及社会团体;社会团体;行业协会,武侯区,104.023152,30.653359
成都市涉外建设项目国家安全事项审查办公室,government,政府机构及社会团体;政府机关;地市级政府及事业单位,武侯区,104.020434,30.65203
四川省助老爱心公益协会,government,政府机构及社会团体;社会团体;慈善机构,青羊区,104.021935,30.654075
成都市河道管理处,government,政府机构及社会团体;政府及社会团体相关;政府及社会团体相关,青羊区,104.019819,30.655184
四川省社会科学界联合会(科联街),government,政府机构及社会团体;社会团体;行业协会,青羊区,104.030456,30.656101
四川省哲学社会科学规划办公室,government,政府机构及社会团体;政府机关;省直辖市级政府及事业单位,青羊区,104.030456,30.656101
成都市政府信息公开查询点(大石西路),government,政府机构及社会团体;政府机关;地市级政府及事业单位,武侯区,104.032878,30.65316
百花社区社会治安管理工作服务站,government,政府机构及社会团体;公检法机构;社会治安机构,武侯区,104.032571,30.652301
百花社区就业和社会保障服务站,government,政府机构及社会团体;政府机关;乡镇以下级政府及事业单位,武侯区,104.03262,30.652377
四川省咨询业协会社会科学专业委员会,government,政府机构及社会团体;社会团体;行业协会,青羊区,104.030407,30.656138
四川省哲学社会科学评奖委员会办公室,government,政府机构及社会团体;政府机关;省直辖市级政府及事业单位,青羊区,104.030456,30.656101
成都市人民检察院,government,政府机构及社会团体;公检法机构;检察院,武侯区,104.030775,30.651045
成都市土地学会,government,政府机构及社会团体;社会团体;社会团体相关,武侯区,104.032878,30.65316
成都市数字化城市管理中心,government,政府机构及社会团体;政府机关;地市级政府及事业单位,青羊区,104.032688,30.654149
成都清源司法鉴定中心,government,政府机构及社会团体;公检法机构;公证鉴定机构,武侯区,104.031215,30.651427
成都市人民检察院检察服务大厅,government,政府机构及社会团体;公检法机构;检察院,武侯区,104.031492,30.651008
百花社区警务室(百吉街),government,政府机构及社会团体;公检法机构;社会治安机构,武侯区,104.032572,30.652301
成都市城市管理数字化监督管理中心,government,政府机构及社会团体;政府机关;地市级政府及事业单位,青羊区,104.032633,30.654152
成都市城市管理行政执法总队一支队,government,政府机构及社会团体;政府机关;地市级政府及事业单位,青羊区,104.032633,30.654152
成都市城市管理行政执法局一分局,government,政府机构及社会团体;政府机关;地市级政府及事业单位,青羊区,104.032688,30.654147
少陵社区居委会,government,政府机构及社会团体;政府机关;乡镇以下级政府及事业单位,武侯区,104.02581,30.651779
四川省康复医学会,government,政府机构及社会团体;政府及社会团体相关;政府及社会团体相关,青羊区,104.026585,30.655431
广厦街社区居委会,government,政府机构及社会团体;政府机关;乡镇以下级政府及事业单位,武侯区,104.024189,30.649674
成都市城市管理局微博中心,government,政府机构及社会团体;政府及社会团体相关;政府及社会团体相关,青羊区,104.032762,30.654236
双楠辖区街面治安十户联勤,government,政府机构及社会团体;政府及社会团体相关;政府及社会团体相关,武侯区,104.028776,30.651695
百花社区居委会(百吉街),government,政府机构及社会团体;政府机关;乡镇以下级政府及事业单位,武侯区,104.032535,30.65226
成都市城市道路桥梁管理处第二维护所,government,政府机构及社会团体;政府机关;地市级政府及事业单位,青羊区,104.028682,30.655553
双楠辖区少陵路社区出租屋管理服务站,government,政府机构及社会团体;政府及社会团体相关;政府及社会团体相关,武侯区,104.028021,30.651677
百花社区群众信访事项代理服务点,government,政府机构及社会团体;政府机关;乡镇以下级政府及事业单位,武侯区,104.03262,30.652377
广厦社区残协服务站,government,政府机构及社会团体;社会团体;残联,武侯区,104.024189,30.649674
中共少陵社区委员会,government,政府机构及社会团体;政府机关;乡镇以下级政府及事业单位,武侯区,104.02581,30.651779
百花社区教育工作站,government,政府机构及社会团体;政府机关;乡镇以下级政府及事业单位,武侯区,104.03262,30.652377
成都市人民检察院举报中心(百花正街),government,政府机构及社会团体;公检法机构;检察院,武侯区,104.031492,30.651008
百花社区信访接待调处室,government,政府机构及社会团体;政府机关;乡镇以下级政府及事业单位,武侯区,104.03262,30.652377
百花社区老龄工作办公室,government,政府机构及社会团体;政府机关;乡镇以下级政府及事业单位,武侯区,104.03262,30.652377
百花社区群众工作站,government,政府机构及社会团体;政府机关;乡镇以下级政府及事业单位,武侯区,104.03262,30.652377
百花社区老干部工作办公室,government,政府机构及社会团体;政府机关;乡镇以下级政府及事业单位,武侯区,104.03262,30.652377
中共百花社区委员会(百吉街),government,政府机构及社会团体;政府机关;乡镇以下级政府及事业单位,武侯区,104.032535,30.65226
成都市人民检察院控告申诉接待室,government,政府机构及社会团体;公检法机构;公检法机关,武侯区,104.031217,30.65131
百花社区人民调解委员会(百吉街),government,政府机构及社会团体;政府机关;乡镇以下级政府及事业单位,武侯区,104.03262,30.652377
武侯区双楠街道百花社区工作站,government,政府机构及社会团体;政府机关;乡镇以下级政府及事业单位,武侯区,104.03262,30.652377
中共百花区域总支部委员会,government,政府机构及社会团体;政府机关;乡镇以下级政府及事业单位,武侯区,104.03262,30.652377
中共百花社区纪律检查委员会,government,政府机构及社会团体;政府机关;乡镇以下级政府及事业单位,武侯区,104.03262,30.652377
双楠街道百花社区计划生育协会,government,政府机构及社会团体;社会团体;行业协会,武侯区,104.03262,30.652377
百花社区刑释解教安置帮教工作站,government,政府机构及社会团体;政府机关;乡镇以下级政府及事业单位,武侯区,104.03262,30.652377
双楠街道百花社区残疾人协会,government,政府机构及社会团体;社会团体;残联,武侯区,104.03262,30.652377
百花社区劳动争议调解站,government,政府机构及社会团体;公检法机构;公检法机关,武侯区,104.03262,30.652377
百花社区劳动保障工作站,government,政府机构及社会团体;政府机关;乡镇以下级政府及事业单位,武侯区,104.03262,30.652377
百花社区促进平安和谐建设工作站,government,政府机构及社会团体;政府机关;乡镇以下级政府及事业单位,武侯区,104.03262,30.652377
双楠街道百花社区慈善捐助点,government,政府机构及社会团体;社会团体;慈善机构,武侯区,104.03262,30.652377
人民检察院反贪污贿赂局,government,政府机构及社会团体;政府及社会团体相关;政府及社会团体相关,武侯区,104.03073,30.65041
草堂街道警务室,government,政府机构及社会团体;公检法机构;公安警察,青羊区,104.030265,30.658896
成都市社会福利机构服务中心,government,政府机构及社会团体;社会团体;慈善机构,青羊区,104.037228,30.657764
成都市社会工作者协会,government,政府机构及社会团体;社会团体;社会团体相关,青羊区,104.037229,30.657764
成都市社会捐助接收工作站,government,政府机构及社会团体;社会团体;慈善机构,青羊区,104.037228,30.657764
成都市社会福利有奖募捐委员会,government,政府机构及社会团体;社会团体;慈善机构,青羊区,104.037229,30.657764
芳邻路社区就业和社会保障服务站,government,政府机构及社会团体;政府机关;乡镇以下级政府及事业单位,青羊区,104.035168,30.658806
四川省国土资源厅,government,政府机构及社会团体;政府机关;省直辖市级政府及事业单位,青羊区,104.036743,30.655645
成都市气象局,government,政府机构及社会团体;政府机关;地市级政府及事业单位,青羊区,104.03965,30.654359
四川省体育局,government,政府机构及社会团体;政府机关;省直辖市级政府及事业单位,青羊区,104.036536,30.654043
四川省通信管理局,government,政府机构及社会团体;政府机关;省直辖市级政府及事业单位,青羊区,104.039112,30.657783
成都市福利彩票发行中心,government,政府机构及社会团体;政府机关;政府机关相关,青羊区,104.037229,30.657764
成都市环境监测中心站,government,政府机构及社会团体;政府机关;地市级政府及事业单位,青羊区,104.042669,30.655979
成都市环境监察支队,government,政府机构及社会团体;政府机关;地市级政府及事业单位,青羊区,104.042669,30.655979
成都市民政局婚姻(收养)登记处,government,政府机构及社会团体;政府机关;地市级政府及事业单位,青羊区,104.037228,30.657764
四川省地政地籍事务中心,government,政府机构及社会团体;政府机关;省直辖市级政府及事业单位,青羊区,104.037064,30.655293
四川省地政,government,政府机构及社会团体;政府机关;省直辖市级政府及事业单位,青羊区,104.036433,30.657664
成都市防雷中心,government,政府机构及社会团体;政府机关;地市级政府及事业单位,青羊区,104.039515,30.654311
四川省国土资源厅不动产登记局,government,政府机构及社会团体;政府机关;省直辖市级政府及事业单位,青羊区,104.037064,30.655293
四川省骨科医院警务室,government,政府机构及社会团体;公检法机构;公安警察,武侯区,104.038272,30.653216
成都市慈善总会,government,政府机构及社会团体;社会团体;慈善机构,青羊区,104.037229,30.657763
成都市关心下一代工作委员会,government,政府机构及社会团体;政府机关;地市级政府及事业单位,青羊区,104.037978,30.657907
阿坝藏族羌族自治州文化旅游发展管理局,government,政府机构及社会团体;政府机关;省直辖市级政府及事业单位,青羊区,104.038089,30.658884
成都市农产品质量安全中心,government,政府机构及社会团体;政府机关;地市级政府及事业单位,青羊区,104.037064,30.655293
四川省老龄工作委员会办公室(一环路西一段),government,政府机构及社会团体;政府机关;省直辖市级政府及事业单位,青羊区,104.039135,30.656756
成都市种子管理站,government,政府机构及社会团体;政府机关;区县级政府及事业单位,青羊区,104.037064,30.655293
四川省体育总会,government,政府机构及社会团体;社会团体;行业协会,青羊区,104.036536,30.654043
成都市环境保护宣传教育中心,government,政府机构及社会团体;政府机关;地市级政府及事业单位,青羊区,104.042669,30.655979
驻警尹韬,government,政府机构及社会团体;政府及社会团体相关;政府及社会团体相关,青羊区,104.035935,30.655924
康养之家,government,政府机构及社会团体;政府及社会团体相关;政府及社会团体相关,青羊区,104.034383,30.653866
格桑花慈善基金,government,政府机构及社会团体;政府及社会团体相关;政府及社会团体相关,青羊区,104.037228,30.657764
中外散文诗学会,government,政府机构及社会团体;政府及社会团体相关;政府及社会团体相关,青羊区,104.043488,30.654575
公共物品保管室,government,政府机构及社会团体;政府及社会团体相关;政府及社会团体相关,青羊区,104.034937,30.658742
四川省青海商會,government,政府机构及社会团体;政府及社会团体相关;政府及社会团体相关,青羊区,104.043486,30.654573
四川省互联网协会,government,政府机构及社会团体;政府及社会团体相关;政府及社会团体相关,青羊区,104.03919,30.658073
成都体育学院收藏鉴赏协会,government,政府机构及社会团体;社会团体;行业协会,武侯区,104.042539,30.650125
西藏边防总队驻川办事处,government,政府机构及社会团体;政府机关;政府机关相关,青羊区,104.035662,30.657252
即开型福利彩票发行办公室,government,政府机构及社会团体;政府机关;政府机关相关,青羊区,104.037228,30.657764
四川省医药行业协会中药产业分会,government,政府机构及社会团体;政府及社会团体相关;政府及社会团体相关,青羊区,104.037109,30.654858
草堂街道芳邻路社区,government,政府机构及社会团体;政府机关;乡镇以下级政府及事业单位,青羊区,104.035168,30.658806
四川省通信管理局安全中心,government,政府机构及社会团体;政府及社会团体相关;政府及社会团体相关,青羊区,104.038882,30.657962
司法鉴定所,government,政府机构及社会团体;公检法机构;公证鉴定机构,青羊区,104.038169,30.656704
四川省通信管理局电信管理处,government,政府机构及社会团体;政府及社会团体相关;政府及社会团体相关,青羊区,104.039007,30.657741
中国体育科学学会体育新闻传播分会,government,政府机构及社会团体;社会团体;行业协会,武侯区,104.041442,30.650992
成都花卉盆景协会厂矿企业分会,government,政府机构及社会团体;政府及社会团体相关;政府及社会团体相关,青羊区,104.041656,30.659376
芳邻路社区居委会,government,政府机构及社会团体;政府机关;乡镇以下级政府及事业单位,青羊区,104.035168,30.658806
草堂派出所芳邻路警务室,government,政府机构及社会团体;公检法机构;公安警察,青羊区,104.03509,30.658666
成都市公安局少年宫西区警务执勤点,government,政府机构及社会团体;公检法机构;公检法机关,青羊区,104.037574,30.658217
中共芳邻路社区委员会,government,政府机构及社会团体;政府机关;乡镇以下级政府及事业单位,青羊区,104.035168,30.658806
成都市青羊区芳邻路茶酒吧业商会,government,政府机构及社会团体;社会团体;行业协会,青羊区,104.040858,30.657347
芳邻路社区信访和群众工作站,government,政府机构及社会团体;政府机关;乡镇以下级政府及事业单位,青羊区,104.035168,30.658806
芳邻路社区公共事务所,government,政府机构及社会团体;政府机关;乡镇以下级政府及事业单位,青羊区,104.035168,30.658806
芳邻路社区流动人口服务管理工作站,government,政府机构及社会团体;公检法机构;社会治安机构,青羊区,104.035168,30.658806
成都市防雷安全工作委员会办公室,government,政府机构及社会团体;政府机关;地市级政府及事业单位,青羊区,104.039515,30.654311
芳邻路社区居民议事会,government,政府机构及社会团体;政府机关;乡镇以下级政府及事业单位,青羊区,104.035168,30.658806
成都社区指南项目办公室,government,政府机构及社会团体;政府机关;乡镇以下级政府及事业单位,青羊区,104.037228,30.657764
成都市公安局机动警务支队四大队,government,政府机构及社会团体;政府及社会团体相关;政府及社会团体相关,青羊区,104.038272,30.656122
运动创伤促进中心,government,政府机构及社会团体;政府及社会团体相关;政府及社会团体相关,武侯区,104.037189,30.653868
成都市学生联合会,government,政府机构及社会团体;社会团体;社会团体相关,青羊区,104.052662,30.658382
成都市青年联合会,government,政府机构及社会团体;社会团体;共青团,青羊区,104.052662,30.658382
汪家工商所,government,政府机构及社会团体;工商税务机构;工商部门,青羊区,104.04557,30.656493
长城社区警务室,government,政府机构及社会团体;公检法机构;公安警察,青羊区,104.050453,30.656819
共青团成都市委员会,government,政府机构及社会团体;社会团体;共青团,青羊区,104.052662,30.658382
成都市关心下一代工作委员会(青少年宫大厦),government,政府机构及社会团体;政府机关;地市级政府及事业单位,青羊区,104.052662,30.658382
甘孜藏族自治州卫生局驻成都办事处,government,政府机构及社会团体;政府机关;外地政府办,青羊区,104.053472,30.654841
成都市雕塑协会,government,政府机构及社会团体;政府及社会团体相关;政府及社会团体相关,武侯区,104.052166,30.650885
成都老年人网球协会,government,政府机构及社会团体;社会团体;社会团体相关,青羊区,104.045693,30.654381
汪家拐街道城管执法中队,government,政府机构及社会团体;政府机关;乡镇级政府及事业单位,青羊区,104.050625,30.659025
四川省人才服务行业协会,government,政府机构及社会团体;社会团体;行业协会,青羊区,104.05162,30.657911
成都市青年志愿者协会,government,政府机构及社会团体;政府及社会团体相关;政府及社会团体相关,青羊区,104.052306,30.658289
汪家拐街道长城社区居民议事会,government,政府机构及社会团体;政府机关;乡镇以下级政府及事业单位,青羊区,104.047682,30.658157
汪家拐街道治安巡逻队,government,政府机构及社会团体;公检法机构;公检法机关,青羊区,104.047578,30.658099
会东县驻蓉办,government,政府机构及社会团体;政府机关;外地政府办,青羊区,104.050985,30.655165
青羊区市场和质量监督管理居汪家拐监管所,government,政府机构及社会团体;政府机关;乡镇级政府及事业单位,青羊区,104.04557,30.656493
成都市团委,government,政府机构及社会团体;政府及社会团体相关;政府及社会团体相关,青羊区,104.052656,30.658449
汪家拐街道长城社区党委,government,政府机构及社会团体;政府机关;乡镇以下级政府及事业单位,青羊区,104.047682,30.658157
长城社区居委会(文庙西街),government,政府机构及社会团体;政府机关;乡镇以下级政府及事业单位,青羊区,104.047682,30.658157
甘孜藏族自治州发展和改革委员会驻成都办事处,government,政府机构及社会团体;政府机关;外地政府办,青羊区,104.053472,30.654841
少先队成都市工作委员会,government,政府机构及社会团体;社会团体;少先队,青羊区,104.052662,30.658382
四川省人才服务待业协会,government,政府机构及社会团体;社会团体;社会团体相关,青羊区,104.051506,30.657757
四川省人力资源和社会保障厅(陕西街),government,政府机构及社会团体;政府机关;省直辖市级政府及事业单位,青羊区,104.060989,30.657257
四川省教育厅,government,政府机构及社会团体;政府机关;省直辖市级政府及事业单位,青羊区,104.062555,30.657132
四川省人民代表大会,government,政府机构及社会团体;政府机关;省直辖市级政府及事业单位,锦江区,104.061592,30.652338
成都市人事考试中心,government,政府机构及社会团体;政府机关;地市级政府及事业单位|政府机构及社会团体;公检法机构;公证鉴定机构,青羊区,104.059739,30.65273
四川省公安厅,government,政府机构及社会团体;公检法机构;公安警察,青羊区,104.059447,30.654954
四川省人力资源和社会保障厅人民群众信访接待室,government,政府机构及社会团体;政府机关;省直辖市级政府及事业单位,青羊区,104.061081,30.657076
四川省劳动和社会保障厅举报投诉·人民来访接待室,government,政府机构及社会团体;政府机关;政府机关相关,青羊区,104.060963,30.657079
重庆市酉阳自治县政府驻成都办事处,government,政府机构及社会团体;政府机关;外地政府办,青羊区,104.059769,30.659387
四川省政协,government,政府机构及社会团体;政府机关;省直辖市级政府及事业单位,青羊区,104.057183,30.650588
四川省卫生厅,government,政府机构及社会团体;政府机关;省直辖市级政府及事业单位,青羊区,104.054455,30.657195
四川省邮政信息技术局,government,政府机构及社会团体;政府及社会团体相关;政府及社会团体相关,青羊区,104.058741,30.651681
四川省政法委,government,政府机构及社会团体;政府机关;省直辖市级政府及事业单位,青羊区,104.058995,30.655148
四川省公安厅出入境管理局,government,政府机构及社会团体;公检法机构;公安警察,青羊区,104.058125,30.657673
四川省人大常委会,government,政府机构及社会团体;政府机关;省直辖市级政府及事业单位,锦江区,104.060618,30.653068
四川省公安厅警用装备调配中心,government,政府机构及社会团体;政府机关;省直辖市级政府及事业单位,青羊区,104.060094,30.653189
成都市普通话水平测试中心,government,政府机构及社会团体;公检法机构;公证鉴定机构,青羊区,104.058415,30.656254
成都市教育技术装备管理中心,government,政府机构及社会团体;政府机关;地市级政府及事业单位,青羊区,104.054325,30.654755
四川省外国专家局,government,政府机构及社会团体;政府机关;省直辖市级政府及事业单位,青羊区,104.060989,30.657257
四川省公务员局,government,政府机构及社会团体;政府机关;省直辖市级政府及事业单位,青羊区,104.060989,30.657257
督院街派出所,government,政府机构及社会团体;公检法机构;公安警察,锦江区,104.059678,30.650598
中共四川省委教育工作委员会,government,政府机构及社会团体;政府机关;省直辖市级政府及事业单位,青羊区,104.062555,30.657132
成都市教育资助中心,government,政府机构及社会团体;政府机关;地市级政府及事业单位,青羊区,104.054325,30.654755
四川省公安厅干警接待站,government,政府机构及社会团体;公检法机构;公安警察,青羊区,104.060013,30.653434
成都市人民公园管理处,government,政府机构及社会团体;社会团体;社会团体相关,青羊区,104.054565,30.659186
成都市人民公园工会委员会,government,政府机构及社会团体;社会团体;社会团体相关,青羊区,104.054565,30.659186
四川省卫生和计划生育委员会(上汪家拐街),government,政府机构及社会团体;政府机关;省直辖市级政府及事业单位,青羊区,104.054455,30.657195
成都市国家助学贷款管理中心,government,政府机构及社会团体;政府机关;地市级政府及事业单位,青羊区,104.054381,30.654929
成都市环境保护信息中心,government,政府机构及社会团体;政府机关;地市级政府及事业单位,青羊区,104.055709,30.657306
四川省公安出入境接待大厅,government,政府机构及社会团体;公检法机构;公安警察,青羊区,104.058125,30.657673
世界骨伤专家协会,government,政府机构及社会团体;社会团体;行业协会,青羊区,104.058919,30.6525
成都市伊斯兰教协会,government,政府机构及社会团体;社会团体;行业协会,青羊区,104.060582,30.659176
成都市农村义务教育学生营养改善计划办公室,government,政府机构及社会团体;政府机关;地市级政府及事业单位,青羊区,104.054325,30.654755
四川省爱国卫生运动委员会(上汪家拐街),government,政府机构及社会团体;政府机关;省直辖市级政府及事业单位,青羊区,104.054455,30.657195
四川生态省建设领导小组办公室,government,政府机构及社会团体;政府机关;省直辖市级政府及事业单位,青羊区,104.05973,30.659119
成都市教育基金会,government,政府机构及社会团体;社会团体;慈善机构,青羊区,104.054325,30.654755
成都市民办教育协会,government,政府机构及社会团体;社会团体;行业协会,青羊区,104.058364,30.656098
四川省医疗器械行业协会,government,政府机构及社会团体;社会团体;行业协会,青羊区,104.053934,30.654392
四川省卫生和计划生育信息中心,government,政府机构及社会团体;政府机关;省直辖市级政府及事业单位,青羊区,104.054455,30.657195
四川省教育基金会,government,政府机构及社会团体;社会团体;慈善机构,青羊区,104.062541,30.657123
四川天健税务师税务所,government,政府机构及社会团体;政府机关;政府机关相关,青羊区,104.059231,30.656458
省级核算中心,government,政府机构及社会团体;政府及社会团体相关;政府及社会团体相关,青羊区,104.058723,30.651465
中国老年旅游专业委员会川渝区工作部,government,政府机构及社会团体;社会团体;社会团体相关,青羊区,104.05407,30.652531
四川省公安厅指挥中心,government,政府机构及社会团体;政府及社会团体相关;政府及社会团体相关,青羊区,104.059821,30.655429
反恐总队,government,政府机构及社会团体;政府及社会团体相关;政府及社会团体相关,青羊区,104.059428,30.654915
成都市教育局教师资格认证指导中心,government,政府机构及社会团体;公检法机构;公证鉴定机构,青羊区,104.058364,30.656098
四川省卫生信息工会,government,政府机构及社会团体;社会团体;社会团体相关,青羊区,104.054455,30.657195
成都市教育局关心下一代工作委员会,government,政府机构及社会团体;政府机关;地市级政府及事业单位,青羊区,104.058364,30.656098
成都亲子鉴定中心,government,政府机构及社会团体;公检法机构;公证鉴定机构,青羊区,104.059764,30.659161
青羊区汪家拐辖区综合执法中队,government,政府机构及社会团体;政府机关;区县级政府及事业单位,青羊区,104.055121,30.657361
成都市教育技术设备管理所,government,政府机构及社会团体;政府及社会团体相关;政府及社会团体相关,青羊区,104.054263,30.654855
四川省美术家协会(上池北街),government,政府机构及社会团体;社会团体;行业协会,青羊区,104.057722,30.651066
成都市对外经济贸易服务中心,government,政府机构及社会团体;政府及社会团体相关;政府及社会团体相关,青羊区,104.057625,30.656742
四川领导人才考试与测评中心,government,政府机构及社会团体;公检法机构;公证鉴定机构,青羊区,104.05973,30.659119
四川省民运中心行政申诉中心,government,政府机构及社会团体;政府及社会团体相关;政府及社会团体相关,青羊区,104.058746,30.659397
四川省公安厅人民来访接待室,government,政府机构及社会团体;政府及社会团体相关;政府及社会团体相关,青羊区,104.058782,30.654619
汪家拐街道食品药品监督管理所,government,政府机构及社会团体;政府机关;乡镇以下级政府及事业单位,青羊区,104.057498,30.652788
四川省公安厅政法网络管理处,government,政府机构及社会团体;政府及社会团体相关;政府及社会团体相关,青羊区,104.058782,30.654619
四川省人民代表大会常任委员会,government,政府机构及社会团体;政府及社会团体相关;政府及社会团体相关,锦江区,104.060903,30.65227
中共中山骨科医院总支委员会,government,政府机构及社会团体;社会团体;社会团体相关,青羊区,104.058894,30.652412
四川省人大常委会人民来访接待室,government,政府机构及社会团体;政府机关;省直辖市级政府及事业单位,锦江区,104.06033,30.651762
四川省教育厅人民来访接待室,government,政府机构及社会团体;政府机关;省直辖市级政府及事业单位,青羊区,104.062918,30.657166
汪家拐派出所文翁警务室,government,政府机构及社会团体;公检法机构;社会治安机构,青羊区,104.05364,30.654315
四川省成都蜀都公证处办证室,government,政府机构及社会团体;公检法机构;公证鉴定机构,青羊区,104.05908,30.656634
四川国际友好联络会海外交流中心,government,政府机构及社会团体;社会团体;社会团体相关,青羊区,104.057722,30.651066
四川省地方电力企业产权改革联席会议办公室,government,政府机构及社会团体;政府机关;省直辖市级政府及事业单位,青羊区,104.05973,30.659119
成都市教育技术准备管理所,government,政府机构及社会团体;政府及社会团体相关;政府及社会团体相关,青羊区,104.054215,30.654971
汪家拐街道文庙社区居委会,government,政府机构及社会团体;政府机关;乡镇以下级政府及事业单位,青羊区,104.058124,30.65581
青羊区汪家拐街道文翁社区居民委员会,government,政府机构及社会团体;政府机关;乡镇以下级政府及事业单位,青羊区,104.055323,30.653957
四川省人大民族宗教委员会办公室,government,政府机构及社会团体;政府及社会团体相关;政府及社会团体相关,锦江区,104.061592,30.652338
四川省学生资助管理中心,government,政府机构及社会团体;政府及社会团体相关;政府及社会团体相关,青羊区,104.062443,30.657469
省人大驻警,government,政府机构及社会团体;政府及社会团体相关;政府及社会团体相关,锦江区,104.061592,30.652338
省公安厅纪委,government,政府机构及社会团体;政府及社会团体相关;政府及社会团体相关,青羊区,104.058939,30.654398
四川省人民政府,government,政府机构及社会团体;政府机关;省直辖市级政府及事业单位,锦江区,104.073357,30.653638
四川省政府办公厅,government,政府机构及社会团体;政府机关;政府机关相关,锦江区,104.073009,30.653703
泸州市人民政府驻成都办事处,government,政府机构及社会团体;政府机关;外地政府办,锦江区,104.072443,30.654829
雅安市人民政府驻成都办事处,government,政府机构及社会团体;政府机关;外地政府办,锦江区,104.072443,30.654829
苍溪县人民政府驻成都办事处,government,政府机构及社会团体;政府机关;外地政府办,锦江区,104.070908,30.654928
江油市政府成都办事处,government,政府机构及社会团体;政府机关;政府机关相关,锦江区,104.071269,30.656463
盐市口街道办事处,government,政府机构及社会团体;政府机关;乡镇级政府及事业单位,锦江区,104.066436,30.656601
四川省委省政府人民来访接待室(锦兴路),government,政府机构及社会团体;政府机关;省直辖市级政府及事业单位,锦江区,104.068677,30.653351
香港特别行政区政府驻成都经济贸易办事处,government,政府机构及社会团体;政府机关;外地政府办,锦江区,104.068963,30.659059
四川省财政厅,government,政府机构及社会团体;政府机关;省直辖市级政府及事业单位,锦江区,104.072291,30.657782
四川省科学技术厅,government,政府机构及社会团体;政府机关;省直辖市级政府及事业单位,锦江区,104.0716,30.654388
四川省粮食局,government,政府机构及社会团体;政府机关;省直辖市级政府及事业单位,锦江区,104.07103,30.656833
人民东路派出所,government,政府机构及社会团体;公检法机构;公安警察,锦江区,104.069521,30.657645
四川省粮食局机关服务中心,government,政府机构及社会团体;政府机关;省直辖市级政府及事业单位,锦江区,104.07103,30.656833
成都市红十字会,government,政府机构及社会团体;社会团体;红十字会,锦江区,104.067433,30.652644
四川省信访局,government,政府机构及社会团体;政府机关;省直辖市级政府及事业单位,锦江区,104.073107,30.653646
盐市口工商所,government,政府机构及社会团体;工商税务机构;工商部门,锦江区,104.06648,30.656989
四川博览事务局,government,政府机构及社会团体;政府机关;省直辖市级政府及事业单位,锦江区,104.07219,30.653932
四川省教育厅学校后勤与产业处,government,政府机构及社会团体;政府机关;省直辖市级政府及事业单位,锦江区,104.069543,30.657613
人民东路派出所警务室,government,政府机构及社会团体;公检法机构;公安警察,锦江区,104.063981,30.657338
成都市交通委员会出租汽车管理处,government,政府机构及社会团体;交通车辆管理;车辆管理机构,锦江区,104.067658,30.65568
四川省国家税务局稽查局,government,政府机构及社会团体;工商税务机构;国税机关,锦江区,104.072965,30.649504
四川省计委,government,政府机构及社会团体;政府及社会团体相关;政府及社会团体相关,锦江区,104.073009,30.653703
四川省黄金工业管理局,government,政府机构及社会团体;政府机关;省直辖市级政府及事业单位,锦江区,104.069152,30.65769
四川省重大引进项目协调推进领导小组办公室(督院街),government,政府机构及社会团体;政府机关;省直辖市级政府及事业单位,锦江区,104.07222,30.65395
四川省决策咨询工作办公室(学道街),government,政府机构及社会团体;政府机关;省直辖市级政府及事业单位,锦江区,104.071816,30.654816
督院街派出所督院街警务室,government,政府机构及社会团体;公检法机构;公安警察,锦江区,104.069826,30.650353
四川省国家税务局直属税务分局,government,政府机构及社会团体;工商税务机构;国税机关,锦江区,104.072965,30.649504
人南路社区居委会,government,政府机构及社会团体;政府机关;乡镇以下级政府及事业单位,锦江区,104.066612,30.650629
盐市口司法所,government,政府机构及社会团体;公检法机构;公检法机关,锦江区,104.066234,30.656686
中国国际商会成都商会,government,政府机构及社会团体;社会团体;行业协会,锦江区,104.066886,30.656208
四川省粮食行业协会,government,政府机构及社会团体;社会团体;行业协会,锦江区,104.07103,30.656833
督院街社区居委会,government,政府机构及社会团体;政府机关;乡镇以下级政府及事业单位,锦江区,104.069836,30.650238
110警务工作站,government,政府机构及社会团体;公检法机构;公安警察,锦江区,104.063981,30.657338
督院街派出所成都师范附属小学校园警务室,government,政府机构及社会团体;公检法机构;公安警察,锦江区,104.069568,30.654576
成都国家粮食交易中心,government,政府机构及社会团体;政府机关;地市级政府及事业单位,锦江区,104.07103,30.656833
成都市汽车维修行业协会,government,政府机构及社会团体;社会团体;行业协会,锦江区,104.067658,30.65568
四川省扶贫基金会,government,政府机构及社会团体;社会团体;慈善机构,锦江区,104.07181,30.654796
交通执法,government,政府机构及社会团体;交通车辆管理;交通管理机构,锦江区,104.067378,30.655785
中共青石桥社区委员会,government,政府机构及社会团体;政府机关;区县级政府及事业单位,锦江区,104.066573,30.650637
四川省粮油中心监测站,government,政府机构及社会团体;公检法机构;公证鉴定机构,锦江区,104.07103,30.656833
督院街街道办事处,government,政府机构及社会团体;政府机关;乡镇级政府及事业单位,锦江区,104.068383,30.653883
中国国际贸易促进委员会成都市分会,government,政府机构及社会团体;社会团体;行业协会,锦江区,104.066886,30.656208
滨江路社区居委会(自强路),government,政府机构及社会团体;政府机关;乡镇以下级政府及事业单位,锦江区,104.07203,30.650117
四川省司法鉴定协会,government,政府机构及社会团体;公检法机构;公证鉴定机构,锦江区,104.064041,30.656442
新西兰签证申请中心,government,政府机构及社会团体;政府机关;政府机关相关,锦江区,104.067725,30.659096
四川省黄金协会,government,政府机构及社会团体;社会团体;行业协会,锦江区,104.069152,30.65769
四川省黄金协会,government,政府机构及社会团体;社会团体;行业协会,锦江区,104.069152,30.65769
成都市道路运输行业协会,government,政府机构及社会团体;社会团体;行业协会,锦江区,104.067658,30.65568
四川省粮食学会,government,政府机构及社会团体;社会团体;行业协会,锦江区,104.07103,30.656833
寺库鉴定中心,government,政府机构及社会团体;公检法机构;公证鉴定机构,锦江区,104.064283,30.655569
中国欧盟商会,government,政府机构及社会团体;政府及社会团体相关;政府及社会团体相关,锦江区,104.068873,30.658975
中共盐市口街道工作委员会,government,政府机构及社会团体;政府机关;乡镇级政府及事业单位,锦江区,104.066434,30.6566
成都市出租汽车协会(向阳街),government,政府机构及社会团体;社会团体;行业协会,锦江区,104.067658,30.65568
acts四川赛区组委会,government,政府机构及社会团体;政府及社会团体相关;政府及社会团体相关,锦江区,104.068064,30.656377
居委会办公室,government,政府机构及社会团体;政府及社会团体相关;政府及社会团体相关,锦江区,104.069989,30.650285
党委办公室,government,政府机构及社会团体;政府及社会团体相关;政府及社会团体相关,锦江区,104.069989,30.650285
四川省教育委员会,government,政府机构及社会团体;政府及社会团体相关;政府及社会团体相关,锦江区,104.071022,30.655339
司法行政,government,政府机构及社会团体;政府及社会团体相关;政府及社会团体相关,锦江区,104.066196,30.656834
四川省工商联礼品行业商协会,government,政府机构及社会团体;社会团体;行业协会,锦江区,104.070944,30.655059
成都监察稽核中心,government,政府机构及社会团体;政府及社会团体相关;政府及社会团体相关,锦江区,104.066441,30.659252
遂宁驻成都办事处,government,政府机构及社会团体;政府及社会团体相关;政府及社会团体相关,锦江区,104.073374,30.650665
四川省法制局,government,政府机构及社会团体;政府机关;政府机关相关,锦江区,104.073009,30.653703
督院街街道流动党员管理服务站,government,政府机构及社会团体;政府机关;乡镇级政府及事业单位,锦江区,104.068383,30.653883
盐市口街道办事处社区公共服务站,government,政府机构及社会团体;政府机关;乡镇级政府及事业单位,锦江区,104.066436,30.656601
锦江区政协督院街街道工作委员,government,政府机构及社会团体;政府机关;乡镇级政府及事业单位,锦江区,104.068383,30.653883
督院街街道城管治安综合执法队,government,政府机构及社会团体;政府机关;乡镇级政府及事业单位,锦江区,104.070934,30.651148
泰国国家旅游局成都办事处,government,政府机构及社会团体;政府机关;政府机关相关,锦江区,104.064685,30.654243
中共督院街街道工作委员会,government,政府机构及社会团体;政府机关;乡镇级政府及事业单位,锦江区,104.068383,30.653882
四川省出入境中介行业协会,government,政府机构及社会团体;社会团体;行业协会,锦江区,104.064041,30.656442
锦江区城市管理行政执法局督院街中队,government,政府机构及社会团体;政府机关;乡镇级政府及事业单位,锦江区,104.068672,30.653366
成都市非物质文化遗产保护中心,government,政府机构及社会团体;政府及社会团体相关;政府及社会团体相关,锦江区,104.066767,30.65584
锦江区盐市口街道综治维稳中心,government,政府机构及社会团体;政府及社会团体相关;政府及社会团体相关,锦江区,104.066196,30.656834
四川文化院团联盟秘书处办公室,government,政府机构及社会团体;政府及社会团体相关;政府及社会团体相关,锦江区,104.066469,30.653742
盐市口街道城管治安综合执法队,government,政府机构及社会团体;政府机关;乡镇级政府及事业单位,锦江区,104.066436,30.656601
金泰国际·中国民族地区儿童关爱基金,government,政府机构及社会团体;政府及社会团体相关;政府及社会团体相关,锦江区,104.06447,30.658561
政协成都市锦江区委员会盐市口街道委员会,government,政府机构及社会团体;政府机关;乡镇级政府及事业单位,锦江区,104.066516,30.656656
中共锦江区纪委派出督院街街道纪律检查工作委员会,government,政府机构及社会团体;政府机关;乡镇级政府及事业单位,锦江区,104.068383,30.653883
锦江区政协盐市口街道工作委员会,government,政府机构及社会团体;政府机关;乡镇级政府及事业单位,锦江区,104.066436,30.656601
盐市口街道矛盾纠纷大调解协调中心,government,政府机构及社会团体;政府及社会团体相关;政府及社会团体相关,锦江区,104.066196,30.656834
盐市口街道办事处劳动争议调解委员会,government,政府机构及社会团体;政府机关;乡镇级政府及事业单位,锦江区,104.066436,30.656601
锦江区网格化服务管理盐市口街道分中心,government,政府机构及社会团体;政府及社会团体相关;政府及社会团体相关,锦江区,104.066196,30.656834
中共人南路社区委员会,government,政府机构及社会团体;政府机关;乡镇以下级政府及事业单位,锦江区,104.066612,30.650629
成都市机动车驾驶技术培训行业协会,government,政府机构及社会团体;社会团体;行业协会,锦江区,104.067658,30.65568
青石桥社区居委会(学道街),government,政府机构及社会团体;政府机关;乡镇以下级政府及事业单位,锦江区,104.070188,30.655508
中共督院街社区委员会,government,政府机构及社会团体;政府机关;乡镇以下级政府及事业单位,锦江区,104.069835,30.650236
成都市锦江区司法局督院街司法所,government,政府机构及社会团体;公检法机构;公检法机关,锦江区,104.068383,30.653883
中共督院街街道青石桥社区委员会,government,政府机构及社会团体;政府机关;乡镇以下级政府及事业单位,锦江区,104.070188,30.655508
督院街派出所治安执勤点,government,政府机构及社会团体;公检法机构;社会治安机构,锦江区,104.065012,30.652933
中共锦江区委社会建设工作委员会,government,政府机构及社会团体;政府机关;区县级政府及事业单位,锦江区,104.078462,30.652533
春熙路街道办事处,government,政府机构及社会团体;政府机关;乡镇级政府及事业单位,锦江区,104.076059,30.658702
锦江区机关大院,government,政府机构及社会团体;政府机关;区县级政府及事业单位,锦江区,104.081307,30.659191
成都市锦江区财政局,government,政府机构及社会团体;政府机关;区县级政府及事业单位,锦江区,104.081752,30.657982
合江亭社区居委会,government,政府机构及社会团体;政府机关;乡镇以下级政府及事业单位,锦江区,104.082241,30.650933
四川省成都市锦江区国家税务局,government,政府机构及社会团体;工商税务机构;国税机关,锦江区,104.083446,30.65924
锦江区社工委,government,政府机构及社会团体;政府及社会团体相关;政府及社会团体相关,锦江区,104.081487,30.659019
四川省汽车工程学会,government,政府机构及社会团体;社会团体;社会团体相关,锦江区,104.076128,30.656214
合江亭派出所,government,政府机构及社会团体;公检法机构;公安警察,锦江区,104.078706,30.652125
春熙路派出所户籍室,government,政府机构及社会团体;公检法机构;公安警察,锦江区,104.073969,30.659277
成都市锦江区人大,government,政府机构及社会团体;政府机关;区县级政府及事业单位,锦江区,104.082666,30.658573
锦江区人大常委会,government,政府机构及社会团体;政府机关;区县级政府及事业单位,锦江区,104.082724,30.658591
成都市锦江区物价局,government,政府机构及社会团体;政府机关;区县级政府及事业单位,锦江区,104.078462,30.652533
成都市锦江区民政局,government,政府机构及社会团体;政府机关;区县级政府及事业单位,锦江区,104.078462,30.652533
成都基督教女青年会,government,政府机构及社会团体;社会团体;教会,锦江区,104.0758,30.658873
四川省现代物流协会,government,政府机构及社会团体;社会团体;行业协会,锦江区,104.074564,30.652656
锦江区公安分局办证中心,government,政府机构及社会团体;公检法机构;公安警察,锦江区,104.081019,30.658843
成都市锦江区商务局,government,政府机构及社会团体;政府机关;区县级政府及事业单位,锦江区,104.081435,30.658411
春熙路派出所,government,政府机构及社会团体;公检法机构;公安警察,锦江区,104.074123,30.659182
四川省清洁能源汽车产业协会,government,政府机构及社会团体;社会团体;行业协会,锦江区,104.074564,30.652656
成都市锦江区发展和改革局,government,政府机构及社会团体;政府机关;区县级政府及事业单位,锦江区,104.078462,30.652533
成都市公安局锦江区分局治安大队(义学巷),government,政府机构及社会团体;公检法机构;公安警察,锦江区,104.078705,30.652015
成都市公安局锦江分局轻西路派出所,government,政府机构及社会团体;公检法机构;公安警察,锦江区,104.074194,30.659322
总府路社区居委会,government,政府机构及社会团体;政府机关;乡镇以下级政府及事业单位,锦江区,104.076003,30.656521
锦江区区情展示中心,government,政府机构及社会团体;政府机关;区县级政府及事业单位|科教文化服务;展览馆;展览馆,锦江区,104.078462,30.652533
合江亭派出所龙王庙正街小学校园警务室,government,政府机构及社会团体;公检法机构;公安警察,锦江区,104.075466,30.651524
东升社区居委会(东升街),government,政府机构及社会团体;政府机关;乡镇以下级政府及事业单位,锦江区,104.075609,30.652351
锦江区安监局,government,政府机构及社会团体;政府机关;区县级政府及事业单位,锦江区,104.081019,30.658843
成都市锦江区计生委,government,政府机构及社会团体;政府机关;区县级政府及事业单位,锦江区,104.081019,30.658843
春熙工商所,government,政府机构及社会团体;工商税务机构;工商部门,锦江区,104.075838,30.659262
四川省专利服务中心,government,政府机构及社会团体;政府及社会团体相关;政府及社会团体相关,锦江区,104.082025,30.658024
宏观经济学会,government,政府机构及社会团体;社会团体;行业协会,锦江区,104.074564,30.652656
成都春熙商会,government,政府机构及社会团体;社会团体;行业协会,锦江区,104.076972,30.658657
四川省什邡市信鸽协会,government,政府机构及社会团体;社会团体;行业协会,锦江区,104.082089,30.65114
成都市锦江食品药品监督管理局,government,政府机构及社会团体;政府机关;区县级政府及事业单位,锦江区,104.078462,30.652533
成都市锦江区投资促进局,government,政府机构及社会团体;政府机关;区县级政府及事业单位,锦江区,104.078462,30.652533
锦江区民政局婚姻登记处,government,政府机构及社会团体;政府机关;区县级政府及事业单位,锦江区,104.078493,30.652365
锦江区中央商务区建设管理委员会,government,政府机构及社会团体;政府机关;区县级政府及事业单位,锦江区,104.078462,30.652533
成都市锦江区国家税务局办税服务厅,government,政府机构及社会团体;工商税务机构;国税机关,锦江区,104.083445,30.659237
锦江区科技产业局,government,政府机构及社会团体;政府机关;区县级政府及事业单位,锦江区,104.081326,30.659198
英中贸易协会成都代表处,government,政府机构及社会团体;社会团体;行业协会,锦江区,104.077912,30.65861
四川省工商银联合会,government,政府机构及社会团体;政府及社会团体相关;政府及社会团体相关,锦江区,104.077012,30.658606
四川省招标投标协会,government,政府机构及社会团体;政府及社会团体相关;政府及社会团体相关,锦江区,104.074635,30.652652
成都市楼宇经济促进会,government,政府机构及社会团体;社会团体;社会团体相关,锦江区,104.077912,30.65861
销邦成都办事处,government,政府机构及社会团体;政府及社会团体相关;政府及社会团体相关,锦江区,104.081696,30.649607
省体改委,government,政府机构及社会团体;政府及社会团体相关;政府及社会团体相关,锦江区,104.074056,30.650563
成都市楼宇经济促进会,government,政府机构及社会团体;社会团体;社会团体相关,锦江区,104.077912,30.65861
销邦成都办事处,government,政府机构及社会团体;政府及社会团体相关;政府及社会团体相关,锦江区,104.081696,30.649607
省体改委,government,政府机构及社会团体;政府及社会团体相关;政府及社会团体相关,锦江区,104.074056,30.650563
成都市锦江区投资服务局,government,政府机构及社会团体;政府机关;区县级政府及事业单位,锦江区,104.078462,30.652533
锦江税务局,government,政府机构及社会团体;政府及社会团体相关;政府及社会团体相关,锦江区,104.082971,30.659195
发展与改革局,government,政府机构及社会团体;政府及社会团体相关;政府及社会团体相关,锦江区,104.079078,30.652947
成都市国税局第三分局,government,政府机构及社会团体;政府及社会团体相关;政府及社会团体相关,锦江区,104.083448,30.659239
成都市锦江区旅游局,government,政府机构及社会团体;政府机关;区县级政府及事业单位,锦江区,104.078462,30.652533
锦江区商务楼宇物业管理协会,government,政府机构及社会团体;社会团体;行业协会,锦江区,104.077912,30.65861
四川省电力行业协会,government,政府机构及社会团体;社会团体;行业协会,锦江区,104.074564,30.652656
四川省工商联,government,政府机构及社会团体;政府及社会团体相关;政府及社会团体相关,锦江区,104.077012,30.658605
城市管理办公室,government,政府机构及社会团体;政府及社会团体相关;政府及社会团体相关,锦江区,104.076196,30.65856
成都金融街企业家协会,government,政府机构及社会团体;社会团体;行业协会,锦江区,104.07815,30.653442
四川省科技经营中心,government,政府机构及社会团体;政府机关;省直辖市级政府及事业单位,锦江区,104.082101,30.658151
困难职工帮扶医院成都市锦江区总工会,government,政府机构及社会团体;政府机关;区县级政府及事业单位,锦江区,104.074372,30.652638
四川省体育休闲运动协会,government,政府机构及社会团体;政府及社会团体相关;政府及社会团体相关,锦江区,104.082216,30.651076
锦江区金融街商务区管理委员会,government,政府机构及社会团体;政府机关;乡镇以下级政府及事业单位,锦江区,104.07835,30.652579
加拿大钻高-中国区办事处,government,政府机构及社会团体;政府及社会团体相关;政府及社会团体相关,锦江区,104.076705,30.657983
四川省蜀风书画摄影协会,government,政府机构及社会团体;社会团体;行业协会,锦江区,104.075923,30.655979
成都市锦江区发展和改革委员会,government,政府机构及社会团体;政府机关;区县级政府及事业单位,锦江区,104.078462,30.652533
四川纳米技术协会,government,政府机构及社会团体;社会团体;行业协会,锦江区,104.082101,30.658151
四川民营企业产权交易中心,government,政府机构及社会团体;政府机关;政府机关相关,锦江区,104.078462,30.652533
锦江区监察局派出春熙路街道办事处监察室,government,政府机构及社会团体;政府机关;乡镇级政府及事业单位,锦江区,104.076097,30.658757
四川红庙子民营企业产权交易所,government,政府机构及社会团体;政府机关;政府机关相关,锦江区,104.078462,30.652533
四川省科技扶贫基金会,government,政府机构及社会团体;社会团体;慈善机构,锦江区,104.075235,30.65351
四川省科技成果信息服务平台,government,政府机构及社会团体;政府及社会团体相关;政府及社会团体相关,锦江区,104.081406,30.658424
成都市锦江区中央商务区建委,government,政府机构及社会团体;政府及社会团体相关;政府及社会团体相关,锦江区,104.07833,30.652539
中共春熙路街道工作委员会,government,政府机构及社会团体;政府机关;乡镇级政府及事业单位,锦江区,104.076059,30.658702
四川省正心堂慈善会,government,政府机构及社会团体;社会团体;慈善机构,锦江区,104.075669,30.65717
上海文化产权交易所四川分中心,government,政府机构及社会团体;政府及社会团体相关;政府及社会团体相关,锦江区,104.07835,30.652575
成都市锦江区金融工作办公室,government,政府机构及社会团体;政府及社会团体相关;政府及社会团体相关,锦江区,104.07852,30.65325
成都市国家税务局第一稽查局,government,政府机构及社会团体;工商税务机构;国税机关,锦江区,104.083446,30.65924
崇德里社区党委,government,政府机构及社会团体;政府机关;乡镇以下级政府及事业单位,锦江区,104.082064,30.650839
崇德里社区居民委员会,government,政府机构及社会团体;政府机关;乡镇以下级政府及事业单位,锦江区,104.082064,30.650839
中共成都市锦江区纪委驻区财政局纪检组,government,政府机构及社会团体;政府及社会团体相关;政府及社会团体相关,锦江区,104.081621,30.65814
春熙路司法所,government,政府机构及社会团体;公检法机构;公检法机关,锦江区,104.076059,30.658702
成都市公安局锦江区分局禁毒大队,government,政府机构及社会团体;公检法机构;公安警察,锦江区,104.078705,30.652015
锦江区公安局出入境接待大厅,government,政府机构及社会团体;公检法机构;公检法机关,锦江区,104.080652,30.658921
锦江区政协春熙路街道工作委员会,government,政府机构及社会团体;政府机关;乡镇级政府及事业单位,锦江区,104.076059,30.658702
发改委自主研发超临界600mwcfb锅炉专家组,government,政府机构及社会团体;政府及社会团体相关;政府及社会团体相关,锦江区,104.077681,30.658596
春熙路派出所外来人口办证室,government,政府机构及社会团体;公检法机构;公检法机关,锦江区,104.074104,30.659318
中国共产党成都市锦江区合江亭街道东升社区纪律检查委员会,government,政府机构及社会团体;政府及社会团体相关;政府及社会团体相关,锦江区,104.075488,30.65241
中共总府路社区委员会,government,政府机构及社会团体;政府机关;乡镇以下级政府及事业单位,锦江区,104.076003,30.656521
中共东升社区委员会(东升街),government,政府机构及社会团体;政府机关;乡镇以下级政府及事业单位,锦江区,104.075609,30.652351
合江亭街道城管治安综合执法队,government,政府机构及社会团体;政府机关;乡镇级政府及事业单位,锦江区,104.074728,30.652314
锦江区人民政府政务服务中心,government,政府机构及社会团体;政府机关;区县级政府及事业单位,锦江区,104.08411,30.65356
锦江区人力资源和社会保障局,government,政府机构及社会团体;政府机关;区县级政府及事业单位,锦江区,104.083869,30.658846
锦江区社会组织联合会,government,政府机构及社会团体;社会团体;社会团体相关,锦江区,104.084148,30.653451
锦江区社会保险事业管理局,government,政府机构及社会团体;政府机关;区县级政府及事业单位,锦江区,104.083623,30.653211
锦江区社会组织监测评估中心,government,政府机构及社会团体;政府机关;区县级政府及事业单位,锦江区,104.084148,30.653451
锦江区社会工作者协会,government,政府机构及社会团体;社会团体;行业协会,锦江区,104.084221,30.653334
锦江区社会组织发展基金会,government,政府机构及社会团体;社会团体;慈善机构,锦江区,104.084148,30.653451
锦江区社会法律工作者协会,government,政府机构及社会团体;社会团体;行业协会,锦江区,104.084221,30.653334
锦江区社会组织精细化培育办公室,government,政府机构及社会团体;政府机关;区县级政府及事业单位,锦江区,104.084147,30.65345
锦江区社会组织党组织孵化办公室,government,政府机构及社会团体;政府机关;区县级政府及事业单位,锦江区,104.084147,30.65345
锦江区社会组织培育孵化办公区,government,政府机构及社会团体;政府机关;政府机关相关,锦江区,104.084221,30.653334
成都市锦江区政府水井坊街道办事处,government,政府机构及社会团体;政府机关;乡镇级政府及事业单位,锦江区,104.08415,30.653454
锦江区社会建设咨询委员会办公室,government,政府机构及社会团体;政府机关;区县级政府及事业单位,锦江区,104.084148,30.653451
四川省民政厅,government,政府机构及社会团体;政府机关;省直辖市级政府及事业单位,锦江区,104.085575,30.651032
四川省质量技术监督局,government,政府机构及社会团体;政府机关;省直辖市级政府及事业单位,成华区,104.092893,30.654874
成华区人民政府猛追湾街道便民服务中心,government,政府机构及社会团体;政府机关;乡镇级政府及事业单位,成华区,104.091838,30.653277
猛追湾街道办事处,government,政府机构及社会团体;政府机关;乡镇级政府及事业单位,成华区,104.091771,30.653353
成华国税,government,政府机构及社会团体;工商税务机构;国税机关,成华区,104.086667,30.656108
猛追湾派出所,government,政府机构及社会团体;公检法机构;公安警察,成华区,104.087404,30.655888
成都市锦江工商行政管理局,government,政府机构及社会团体;工商税务机构;工商部门,锦江区,104.08572,30.652054
四川省民政厅婚姻登记处,government,政府机构及社会团体;政府机关;省直辖市级政府及事业单位,锦江区,104.085575,30.651032
中共猛追湾街道工作委员会,government,政府机构及社会团体;政府机关;乡镇级政府及事业单位,成华区,104.091943,30.653437
四川省慈善总会,government,政府机构及社会团体;社会团体;慈善机构,锦江区,104.085551,30.650964
成都市地方税务局(玉双路),government,政府机构及社会团体;工商税务机构;地税机关,成华区,104.089679,30.659084
水井坊派出所交子警务室,government,政府机构及社会团体;公检法机构;公安警察,锦江区,104.089395,30.650234
成都市锦江区司法局,government,政府机构及社会团体;公检法机构;公检法机关,锦江区,104.083869,30.658846
四川省民政厅信访接待室,government,政府机构及社会团体;政府机关;省直辖市级政府及事业单位,锦江区,104.085204,30.651132
四川省质量技术监督信息中心,government,政府机构及社会团体;政府机关;省直辖市级政府及事业单位,成华区,104.092904,30.655161
四川省质量技术监督宣传服务中心,government,政府机构及社会团体;政府机关;省直辖市级政府及事业单位,成华区,104.092904,30.655161
成都市锦江区档案局,government,政府机构及社会团体;政府机关;区县级政府及事业单位,锦江区,104.090318,30.653134
大慈寺社区文化演艺协会,government,政府机构及社会团体;社会团体;行业协会,锦江区,104.083869,30.65618
锦江区四会四中心办公区,government,政府机构及社会团体;政府机关;区县级政府及事业单位,锦江区,104.084221,30.653334
锦江区文化市场综合执法大队,government,政府机构及社会团体;政府机关;区县级政府及事业单位,锦江区,104.083869,30.658846
东安南路社区红十字工作站,government,政府机构及社会团体;社会团体;红十字会,锦江区,104.084689,30.657455
成都市锦江区文化广电局,government,政府机构及社会团体;政府机关;区县级政府及事业单位,锦江区,104.083937,30.658839
锦江区劳动保障和人才市场监察大队,government,政府机构及社会团体;政府机关;区县级政府及事业单位,锦江区,104.083919,30.658919
成华区地方税务局第一税务所,government,政府机构及社会团体;工商税务机构;地税机关,成华区,104.089679,30.659084
锦江区律师协会,government,政府机构及社会团体;社会团体;行业协会,锦江区,104.084147,30.65345
锦江区食品安全委员会办公室,government,政府机构及社会团体;政府机关;区县级政府及事业单位,锦江区,104.085708,30.652048
锦江区文化广播电视和新闻出版局,government,政府机构及社会团体;政府机关;区县级政府及事业单位,锦江区,104.083869,30.658846
锦江区监察局派驻区人社局监察室,government,政府机构及社会团体;政府机关;区县级政府及事业单位,锦江区,104.083926,30.65883
锦江区青年志愿者协会,government,政府机构及社会团体;社会团体;社会团体相关,锦江区,104.084221,30.653334
成都市成华区残疾人联合会(东风路北一巷),government,政府机构及社会团体;社会团体;残联,成华区,104.091502,30.656849
中共锦江区纪委派驻区人社局纪检组,government,政府机构及社会团体;政府机关;区县级政府及事业单位,锦江区,104.083933,30.658827
中共锦江区纪委派驻区文广新局纪检组,government,政府机构及社会团体;政府机关;区县级政府及事业单位,锦江区,104.083926,30.65883
四川省中小微企业之家,government,政府机构及社会团体;政府及社会团体相关;政府及社会团体相关,锦江区,104.083928,30.650849
四川省特检系统围棋协会,government,政府机构及社会团体;社会团体;行业协会,成华区,104.092318,30.655417
成都市锦江区就业服务管理局,government,政府机构及社会团体;政府机关;区县级政府及事业单位,锦江区,104.083869,30.658846
成都市锦江区环境保护局(福字街),government,政府机构及社会团体;政府机关;区县级政府及事业单位,锦江区,104.083929,30.658832
光明路社区,government,政府机构及社会团体;社会团体;社会团体相关,锦江区,104.08875,30.651475
福字街社区党委,government,政府机构及社会团体;政府及社会团体相关;政府及社会团体相关,锦江区,104.084721,30.65753
大慈寺社区党委,government,政府机构及社会团体;政府机关;乡镇以下级政府及事业单位,锦江区,104.083749,30.656034
产融中国企业家联盟,government,政府机构及社会团体;政府及社会团体相关;政府及社会团体相关,锦江区,104.085114,30.650116
四川省民政厅收养登记处,government,政府机构及社会团体;政府机关;省直辖市级政府及事业单位,锦江区,104.085266,30.651161
四川省特种设备检验检测协会,government,政府机构及社会团体;社会团体;行业协会,成华区,104.092318,30.655417
锦江区市场和质量监督管理局,government,政府机构及社会团体;政府机关;区县级政府及事业单位,锦江区,104.085708,30.652048
四川实正司法鉴定所,government,政府机构及社会团体;公检法机构;公证鉴定机构,成华区,104.087762,30.655868
成都职业教育校企联合会,government,政府机构及社会团体;政府及社会团体相关;政府及社会团体相关,锦江区,104.087063,30.650138
龙舟社区法律工作者协会,government,政府机构及社会团体;社会团体;行业协会,锦江区,104.084147,30.65345
书院街道东安南路社区工会,government,政府机构及社会团体;社会团体;社会团体相关,锦江区,104.084689,30.657455
四川合格农产品食品司法鉴定所,government,政府机构及社会团体;公检法机构;公证鉴定机构,锦江区,104.091412,30.650282
四川民营企业产权交易中心,government,政府机构及社会团体;政府及社会团体相关;政府及社会团体相关,锦江区,104.088323,30.649487
四川省成都市锦江公证处(福字街),government,政府机构及社会团体;公检法机构;公证鉴定机构,锦江区,104.084144,30.658675
成华区地方税务局第三税务所,government,政府机构及社会团体;工商税务机构;地税机关,成华区,104.089679,30.659084
信产部有线通信产品质检中心,government,政府机构及社会团体;政府及社会团体相关;政府及社会团体相关,锦江区,104.084164,30.657031
成华区地方税务局办税服务厅,government,政府机构及社会团体;工商税务机构;地税机关,成华区,104.089679,30.659084
成都市质量技术监督局稽查处,government,政府机构及社会团体;政府机关;地市级政府及事业单位,成华区,104.092805,30.655864
成都市国土局锦江区分局办证大厅,government,政府机构及社会团体;政府机关;区县级政府及事业单位,锦江区,104.084656,30.653377
四川合泰农产品(食品)司法鉴定所,government,政府机构及社会团体;公检法机构;公证鉴定机构,锦江区,104.091722,30.649948
成都市锦江区劳动争议仲裁庭,government,政府机构及社会团体;政府及社会团体相关;政府及社会团体相关,锦江区,104.083875,30.658821
锦江区盐市口老年摄影家协会,government,政府机构及社会团体;社会团体;行业协会,锦江区,104.084148,30.653451
政务服务大厅医疗保险管理局,government,政府机构及社会团体;政府及社会团体相关;政府及社会团体相关,锦江区,104.084288,30.653278
东安南路社区居委会,government,政府机构及社会团体;政府机关;乡镇以下级政府及事业单位,锦江区,104.084754,30.657602
成华区猛追湾总部集群区域委员会,government,政府机构及社会团体;政府机关;乡镇级政府及事业单位,成华区,104.091943,30.653435
锦江区政务服务中心劳动保障大厅,government,政府机构及社会团体;政府机关;区县级政府及事业单位,锦江区,104.084553,30.653351
出租车计价器检定,government,政府机构及社会团体;政府及社会团体相关;政府及社会团体相关,成华区,104.093111,30.654732
成都市锦江区消费者协会,government,政府机构及社会团体;社会团体;消费者协会,锦江区,104.085708,30.652048
省质监局综合楼,government,政府机构及社会团体;政府及社会团体相关;政府及社会团体相关,成华区,104.092919,30.655013
中测院流量所,government,政府机构及社会团体;政府及社会团体相关;政府及社会团体相关,成华区,104.093185,30.657201
大慈寺雅韵文化演艺服务中心党支部,government,政府机构及社会团体;社会团体;社会团体相关,锦江区,104.083748,30.656034
中共成都五洲男健医院支部委员会,government,政府机构及社会团体;社会团体;社会团体相关,锦江区,104.09213,30.650502
成都金税办事处,government,政府机构及社会团体;政府及社会团体相关;政府及社会团体相关,成华区,104.087332,30.657044
成华区地方税务局第七税务所,government,政府机构及社会团体;工商税务机构;地税机关,成华区,104.089647,30.659056
国家城市能源计量中心(成都),government,政府机构及社会团体;公检法机构;公证鉴定机构,成华区,104.093052,30.654531
四川省成都市锦江公证处(成都市锦江区环境监察大队东南),government,政府机构及社会团体;公检法机构;公证鉴定机构,锦江区,104.084183,30.658425
交子社区党群服务中心,government,政府机构及社会团体;政府机关;乡镇以下级政府及事业单位,锦江区,104.086645,30.654562
交子社区居委会,government,政府机构及社会团体;政府机关;乡镇以下级政府及事业单位,锦江区,104.086645,30.654562
水井坊街道义坊合作社,government,政府机构及社会团体;社会团体;社会团体相关,锦江区,104.089162,30.651375
点将台社区委员会,government,政府机构及社会团体;政府机关;乡镇以下级政府及事业单位,锦江区,104.090379,30.652203
成华区地方税务局(第十税务所),government,政府机构及社会团体;工商税务机构;地税机关,成华区,104.089677,30.659087
成华区地方税务局第四税务所,government,政府机构及社会团体;工商税务机构;地税机关,成华区,104.089679,30.659084
成都市第三建筑工程公司工会委员会,government,政府机构及社会团体;社会团体;社会团体相关,锦江区,104.091504,30.652652
锦江区绿色生态环保事业联合会,government,政府机构及社会团体;社会团体;社会团体相关,锦江区,104.084147,30.65345
中共成都市锦江区纪委驻区市场监管局纪检组,government,政府机构及社会团体;政府及社会团体相关;政府及社会团体相关,锦江区,104.085674,30.651991
四川省质量监督协会(东风路北二巷),government,政府机构及社会团体;社会团体;行业协会,成华区,104.092905,30.655161
成都市锦江区环境监察大队,government,政府机构及社会团体;政府机关;区县级政府及事业单位,锦江区,104.083929,30.658832
锦江区政协书院街街道工委东安南路社区委员联络站,government,政府机构及社会团体;政府及社会团体相关;政府及社会团体相关,锦江区,104.084705,30.657479
中国测试技术研究院微型消防站,government,政府机构及社会团体;政府及社会团体相关;政府及社会团体相关,成华区,104.093352,30.657184
成华区地方税务局第二税务所,government,政府机构及社会团体;工商税务机构;地税机关,成华区,104.089679,30.659084
成都计量检测校准中心(东风路北二巷),government,政府机构及社会团体;公检法机构;公证鉴定机构,成华区,104.093052,30.654531
四川省特种设备能效测试中心,government,政府机构及社会团体;公检法机构;公证鉴定机构,成华区,104.092318,30.655417
中共锦江区纪委派驻区司法局纪检组,government,政府机构及社会团体;公检法机构;公检法机关,锦江区,104.083926,30.65883
成都市计量检定测试院(东风路北二巷),government,政府机构及社会团体;公检法机构;公证鉴定机构,成华区,104.093052,30.654531
中共水井坊街道交子社区委员会,government,政府机构及社会团体;政府机关;乡镇以下级政府及事业单位,锦江区,104.086645,30.654562
成都市计量监督检定测试院客户服务中心,government,政府机构及社会团体;公检法机构;公证鉴定机构,成华区,104.093121,30.654734
光明路社区居委会(较场坝东街),government,政府机构及社会团体;政府机关;乡镇以下级政府及事业单位,锦江区,104.088974,30.651476
点将台社区居委会(点将台东街),government,政府机构及社会团体;政府机关;乡镇以下级政府及事业单位,锦江区,104.090379,30.652203
四川省质监局(南门),government,政府机构及社会团体;政府及社会团体相关;政府及社会团体相关,成华区,104.092949,30.655039
成都市成华区城市管理行政执法局猛追湾中队,government,政府机构及社会团体;政府及社会团体相关;政府及社会团体相关,成华区,104.091782,30.653377
中共人民纸业有限责任公司总支委员会,government,政府机构及社会团体;社会团体;社会团体相关,成华区,104.087447,30.655979
成都人民纸业有限责任公司工会委员会,government,政府机构及社会团体;社会团体;社会团体相关,成华区,104.087447,30.655979
中共光明路社区委员会(牛王庙巷),government,政府机构及社会团体;政府机关;乡镇以下级政府及事业单位,锦江区,104.088976,30.651478
锦江区水井坊街道慈善会,government,政府机构及社会团体;社会团体;慈善机构,锦江区,104.089162,30.651375
锦江区水井坊牵手互助中心,government,政府机构及社会团体;社会团体;慈善机构,锦江区,104.084148,30.653451
成都市计量监督检定测试院电能表检定站,government,政府机构及社会团体;公检法机构;公证鉴定机构,成华区,104.093052,30.654531
成都市成华区国家税务局全天候24小时自助办税服务区,government,政府机构及社会团体;政府及社会团体相关;政府及社会团体相关,成华区,104.086449,30.655929
成华区国家税务局办税服务厅,government,政府机构及社会团体;工商税务机构;国税机关,成华区,104.086542,30.656132
合江亭派出所大慈寺警务室,government,政府机构及社会团体;公检法机构;社会治安机构,锦江区,104.083908,30.656281
成都市成华区司法局猛追湾司法所,government,政府机构及社会团体;公检法机构;公检法机关,成华区,104.091782,30.653377
书院街道东安南路社区残疾人协会,government,政府机构及社会团体;社会团体;残联,锦江区,104.08469,30.657454
锦江区安全健康之友协会,government,政府机构及社会团体;社会团体;社会团体相关,锦江区,104.084221,30.653334
中共成都博爱医院支部委员会,government,政府机构及社会团体;社会团体;社会团体相关,锦江区,104.085181,30.655802
四川省人民政府外事侨务办公室,government,政府机构及社会团体;政府机关;省直辖市级政府及事业单位,成华区,104.097189,30.658867
四川省人民政府港澳事务办事处,government,政府机构及社会团体;政府机关;省直辖市级政府及事业单位,成华区,104.097189,30.658867
双桥路北社区就业和社会保障服务站,government,政府机构及社会团体;政府机关;乡镇以下级政府及事业单位,成华区,104.098559,30.657196
四川航空工业局,government,政府机构及社会团体;政府机关;省直辖市级政府及事业单位,成华区,104.100348,30.654441
四川省关心下一代工作委员会,government,政府机构及社会团体;政府机关;省直辖市级政府及事业单位,成华区,104.09401,30.657768
成都市公安局禁毒支队,government,政府机构及社会团体;公检法机构;公安警察,锦江区,104.097696,30.649421
牛市口派出所路南警务室,government,政府机构及社会团体;公检法机构;公安警察,锦江区,104.094612,30.651208
成都市禁毒委员会办公室,government,政府机构及社会团体;政府机关;地市级政府及事业单位,锦江区,104.097696,30.649421
四川省人民对外友好协会,government,政府机构及社会团体;社会团体;社会团体相关,成华区,104.097189,30.658867
成都市成华区财政局支付中心,government,政府机构及社会团体;政府机关;区县级政府及事业单位,成华区,104.095547,30.656091
双桥路北社区残疾人协会,government,政府机构及社会团体;社会团体;残联,成华区,104.098559,30.657196
四川省红十字会(玉双大厦西北),government,政府机构及社会团体;社会团体;红十字会,成华区,104.09401,30.657768
特有工种职业技能鉴定站,government,政府机构及社会团体;公检法机构;公证鉴定机构,锦江区,104.094541,30.649955
路南社区办公室,government,政府机构及社会团体;政府及社会团体相关;政府及社会团体相关,锦江区,104.094577,30.651153
成都市成华区残疾人联合会(水碾河北三街),government,政府机构及社会团体;社会团体;残联,成华区,104.09691,30.652731
双桥路北社区服务站,government,政府机构及社会团体;政府机关;乡镇以下级政府及事业单位,成华区,104.098559,30.657196
中共成华东区医院支部委员会,government,政府机构及社会团体;社会团体;社会团体相关,成华区,104.094322,30.65688
四川省第一供用电国家职业技能鉴定站,government,政府机构及社会团体;公检法机构;公证鉴定机构,锦江区,104.094541,30.649955
成华区房产管理局东风房管所,government,政府机构及社会团体;政府机关;乡镇以下级政府及事业单位,成华区,104.094564,30.657101
四川省报业协会企(行)业报专业委员会,government,政府机构及社会团体;社会团体;社会团体相关,成华区,104.096608,30.656148
三街坊社区居委会,government,政府机构及社会团体;政府机关;乡镇以下级政府及事业单位,成华区,104.103094,30.651502
四川省国际科技合作协会,government,政府机构及社会团体;社会团体;社会团体相关,成华区,104.094564,30.657101
南六街管理办公室,government,政府机构及社会团体;政府及社会团体相关;政府及社会团体相关,成华区,104.099561,30.654356
中国卒中协会,government,政府机构及社会团体;政府及社会团体相关;政府及社会团体相关,成华区,104.10105,30.653635
成都南京文交所,government,政府机构及社会团体;政府及社会团体相关;政府及社会团体相关,成华区,104.099879,30.658681
四川省外事侨务办欧洲处,government,政府机构及社会团体;政府及社会团体相关;政府及社会团体相关,成华区,104.097002,30.658561
成都酒业商会,government,政府机构及社会团体;政府及社会团体相关;政府及社会团体相关,成华区,104.096618,30.657879
成都市医药商会,government,政府机构及社会团体;政府及社会团体相关;政府及社会团体相关,成华区,104.096684,30.657965
四川省食品生产安全协会,government,政府机构及社会团体;政府及社会团体相关;政府及社会团体相关,成华区,104.094585,30.656966
双桥路北社区团支部,government,政府机构及社会团体;社会团体;共青团,成华区,104.098559,30.657196
猛追湾街道办事处老年人关爱中心,government,政府机构及社会团体;政府及社会团体相关;政府及社会团体相关,成华区,104.095631,30.658995
猛追湾街道办事处残疾人关爱中心,government,政府机构及社会团体;政府及社会团体相关;政府及社会团体相关,成华区,104.095631,30.658995
猛追湾派出所望平社区警务室,government,政府机构及社会团体;公检法机构;社会治安机构,成华区,104.0947,30.655249
中共中航工业成发社区管理中心委员会,government,政府机构及社会团体;政府及社会团体相关;政府及社会团体相关,成华区,104.102742,30.65286
双桥路北社区居委会,government,政府机构及社会团体;政府机关;乡镇以下级政府及事业单位,成华区,104.098559,30.657196
成都市公安消防支队成华区大队双林路中队,government,政府机构及社会团体;公检法机构;消防机关,成华区,104.097184,30.657921
双桥路北社区劳动保障工作站,government,政府机构及社会团体;政府机关;乡镇以下级政府及事业单位,成华区,104.098559,30.657196
双桥路北社区群众工作站,government,政府机构及社会团体;政府机关;乡镇以下级政府及事业单位,成华区,104.098559,30.657196
双桥路北社区综治工作室,government,政府机构及社会团体;政府机关;乡镇以下级政府及事业单位,成华区,104.098559,30.657196
双桥路北社区居民议事会,government,政府机构及社会团体;政府机关;乡镇以下级政府及事业单位,成华区,104.098559,30.657196
中共双桥路北社区委员会,government,政府机构及社会团体;政府机关;乡镇以下级政府及事业单位,成华区,104.098559,30.657196
双桥子街道办事处五冶家委会流动人口服务管理工作站,government,政府机构及社会团体;政府及社会团体相关;政府及社会团体相关,成华区,104.100297,30.655303
双桥路北社区工会联合会,government,政府机构及社会团体;政府机关;乡镇以下级政府及事业单位,成华区,104.098559,30.657196
双桥子街道办事处水碾河路北社区流动人口服务管理工作站,government,政府机构及社会团体;政府及社会团体相关;政府及社会团体相关,成华区,104.096965,30.652468
水碾河路北社区警务室,government,政府机构及社会团体;公检法机构;社会治安机构,成华区,104.096974,30.652576
成都市技术监督局授权第六能源计量检定测试站,government,政府机构及社会团体;公检法机构;公证鉴定机构,成华区,104.100253,30.655381
双桥路北社区矛盾纠纷调处室,government,政府机构及社会团体;政府机关;乡镇以下级政府及事业单位,成华区,104.098559,30.657196
中共成都新华医院委员会,government,政府机构及社会团体;社会团体;社会团体相关,成华区,104.101001,30.653585
成华区双桥子街道水碾河路北社区居民委员会,government,政府机构及社会团体;政府机关;乡镇以下级政府及事业单位,成华区,104.09715,30.652788
双桥路北社区警务室,government,政府机构及社会团体;公检法机构;社会治安机构,成华区,104.098559,30.657196
四川省质监稽查网维权中心,government,政府机构及社会团体;公检法机构;公检法机关,成华区,104.095325,30.656101
四川省关心下一代基金会(玉双路),government,政府机构及社会团体;社会团体;慈善机构,成华区,104.09401,30.657768
双桥路北社区流动人口服务管理工作站,government,政府机构及社会团体;公检法机构;社会治安机构,成华区,104.098559,30.657196
北社区办公室,government,政府机构及社会团体;政府及社会团体相关;政府及社会团体相关,成华区,104.09864,30.657194
成华区人民政府残疾人工作协调委员会,government,政府机构及社会团体;社会团体;残联,成华区,104.105148,30.657206
双林社区就业和社会保障服务站,government,政府机构及社会团体;政府机关;乡镇以下级政府及事业单位,成华区,104.103541,30.653797
双桥子街道就业和社会保障服务中心,government,政府机构及社会团体;政府机关;乡镇级政府及事业单位,成华区,104.10722,30.653576
万晟社区就业和社会保障服务站,government,政府机构及社会团体;政府机关;乡镇以下级政府及事业单位,成华区,104.108952,30.658393
成都市成华区双桥子街道新华社区就业和社会保障服务站,government,政府机构及社会团体;政府机关;政府机关相关,成华区,104.107079,30.659079
成都市残疾人联合会,government,政府机构及社会团体;社会团体;残联,成华区,104.105148,30.657206
双桥子派出所,government,政府机构及社会团体;公检法机构;公安警察,成华区,104.105251,30.650076
成都市残联机关,government,政府机构及社会团体;社会团体;残联,成华区,104.105148,30.657206
双桥子街道办事处,government,政府机构及社会团体;政府机关;乡镇级政府及事业单位,成华区,104.107023,30.653464
成都市家禽产业协会,government,政府机构及社会团体;社会团体;行业协会,成华区,104.111457,30.653059
成都市信息中心,government,政府机构及社会团体;政府机关;地市级政府及事业单位,成华区,104.105148,30.657206
成都市残疾人福利基金会,government,政府机构及社会团体;社会团体;慈善机构,成华区,104.105148,30.657206
成都市成华区环境保护局,government,政府机构及社会团体;政府机关;区县级政府及事业单位,成华区,104.105223,30.65682
成华区高等教育自学考试委员会办公室,government,政府机构及社会团体;政府机关;区县级政府及事业单位,成华区,104.105456,30.656594
成华区国家税务所,government,政府机构及社会团体;工商税务机构;国税机关,成华区,104.110629,30.651374
成华区国税办税服务厅,government,政府机构及社会团体;工商税务机构;国税机关,成华区,104.110585,30.651372
成都市残疾人综合服务中心,government,政府机构及社会团体;社会团体;残联,成华区,104.105148,30.657206
成华区国家税务局税源管理二科,government,政府机构及社会团体;工商税务机构;国税机关,成华区,104.110406,30.651345
成都市成华区国家税务局,government,政府机构及社会团体;工商税务机构;国税机关,成华区,104.11036,30.651199
四川建明司法鉴定所,government,政府机构及社会团体;公检法机构;公证鉴定机构,成华区,104.11147,30.656591
成都市残疾人劳动就业服务中心,government,政府机构及社会团体;社会团体;残联,成华区,104.105148,30.657206
成华区文化广电新闻旅游体育局,government,政府机构及社会团体;政府机关;区县级政府及事业单位,成华区,104.105492,30.658234
成华区大学中专招生委员会办公室,government,政府机构及社会团体;政府机关;区县级政府及事业单位,成华区,104.105456,30.656594
东篱路社区居委会,government,政府机构及社会团体;政府机关;乡镇以下级政府及事业单位,成华区,104.113424,30.655903
东篱路社区人大代表服务站,government,政府机构及社会团体;政府机关;乡镇以下级政府及事业单位,成华区,104.113423,30.655901
成都市成华区园林绿化处,government,政府机构及社会团体;政府机关;区县级政府及事业单位,成华区,104.104598,30.655568
成华区文化广播电视和新闻出版局,government,政府机构及社会团体;政府机关;区县级政府及事业单位,成华区,104.105651,30.658528
中国共产党成华区双子桥街道万晟社区委员会,government,政府机构及社会团体;政府机关;区县级政府及事业单位,成华区,104.109757,30.658363
成华区文化广电新闻旅游体育综合执法大队,government,政府机构及社会团体;政府机关;区县级政府及事业单位,成华区,104.105302,30.658536
成华区社保局双桥子业务经办点,government,政府机构及社会团体;政府机关;区县级政府及事业单位,成华区,104.10722,30.653576
中共双桥子街道区域委员会,government,政府机构及社会团体;政府机关;乡镇级政府及事业单位,成华区,104.107021,30.653462
公安巡警点,government,政府机构及社会团体;政府及社会团体相关;政府及社会团体相关,成华区,104.107439,30.655957
公安报警点,government,政府机构及社会团体;政府及社会团体相关;政府及社会团体相关,成华区,104.107002,30.659175
石岭社区办事处,government,政府机构及社会团体;政府及社会团体相关;政府及社会团体相关,成华区,104.106815,30.654014
万年场城管治安执勤点,government,政府机构及社会团体;公检法机构;社会治安机构,成华区,104.108393,30.656774
成都市残疾人文化艺术协会,government,政府机构及社会团体;社会团体;行业协会,成华区,104.105148,30.657206
成都市成华区园林绿化管理局(成华区森林植物病虫防治检疫站),government,政府机构及社会团体;政府机关;区县级政府及事业单位,成华区,104.104597,30.655568
成都市成华区双子桥街道,government,政府机构及社会团体;政府及社会团体相关;政府及社会团体相关,成华区,104.109757,30.658363
新华社区矛盾纠纷调解室,government,政府机构及社会团体;政府及社会团体相关;政府及社会团体相关,成华区,104.107654,30.659065
成都市成华区文化和旅游局,government,政府机构及社会团体;政府机关;政府机关相关,成华区,104.105519,30.658449
成华区水环境综合整治办公室,government,政府机构及社会团体;政府机关;区县级政府及事业单位,成华区,104.105223,30.65682
双林中横路青年家园,government,政府机构及社会团体;社会团体;社会团体相关,成华区,104.110138,30.652148
成华区工会,government,政府机构及社会团体;政府及社会团体相关;政府及社会团体相关,成华区,104.105549,30.656581
成都市成华区环境监测站,government,政府机构及社会团体;政府机关;区县级政府及事业单位,成华区,104.105223,30.65682
双桥子派出所双林社区警务室,government,政府机构及社会团体;公检法机构;社会治安机构,成华区,104.104206,30.654515
成都市成华区园林绿化管理局,government,政府机构及社会团体;政府及社会团体相关;政府及社会团体相关,成华区,104.104788,30.655401
成华区团委,government,政府机构及社会团体;政府及社会团体相关;政府及社会团体相关,成华区,104.105549,30.656581
中共万晟社区党总支部,government,政府机构及社会团体;政府机关;乡镇以下级政府及事业单位,成华区,104.108952,30.658393
中共东篱路社区支部委员会,government,政府机构及社会团体;政府机关;乡镇以下级政府及事业单位,成华区,104.113312,30.655936
万晟社区居民议事会,government,政府机构及社会团体;社会团体;社会团体相关,成华区,104.108952,30.658393
成都市成华区招生自考办公室,government,政府机构及社会团体;政府机关;区县级政府及事业单位,成华区,104.105469,30.656729
双林中横路社区居委会,government,政府机构及社会团体;政府机关;乡镇以下级政府及事业单位,成华区,104.108766,30.650836
成华区森林植物病虫防治检疫站,government,政府机构及社会团体;政府机关;区县级政府及事业单位,成华区,104.104597,30.655568
双桥子街道便民服务中心,government,政府机构及社会团体;政府机关;乡镇级政府及事业单位,成华区,104.10722,30.653576
成都市信访接待室,government,政府机构及社会团体;政府机关;区县级政府及事业单位,成华区,104.105148,30.657206
东篱路社区居民议事会,government,政府机构及社会团体;社会团体;社会团体相关,成华区,104.113424,30.655903
双林社区居民议事会,government,政府机构及社会团体;政府机关;乡镇以下级政府及事业单位,成华区,104.103541,30.653797
中共东篱路社区委员会,government,政府机构及社会团体;政府机关;乡镇以下级政府及事业单位,成华区,104.113424,30.655903
万晟社区居委会,government,政府机构及社会团体;政府机关;乡镇以下级政府及事业单位,成华区,104.108952,30.658393
成都市成华区环境监察执法大队,government,政府机构及社会团体;政府机关;区县级政府及事业单位,成华区,104.105223,30.65682
新华社区居民议事会,government,政府机构及社会团体;政府机关;乡镇以下级政府及事业单位,成华区,104.106998,30.659034
中共新华社区党总支,government,政府机构及社会团体;政府机关;乡镇以下级政府及事业单位,成华区,104.106998,30.659034
成都市成华区妇联,government,政府机构及社会团体;社会团体;妇联,成华区,104.105549,30.656581
中共双桥子街道工作委员会,government,政府机构及社会团体;政府机关;乡镇级政府及事业单位,成华区,104.107023,30.653464
成都市残疾人托养服务中心,government,政府机构及社会团体;社会团体;残联,成华区,104.104331,30.656684
中共双林社区支部委员会,government,政府机构及社会团体;政府机关;乡镇以下级政府及事业单位,成华区,104.103548,30.653799
新华社区居委会(双林北支路),government,政府机构及社会团体;政府机关;乡镇以下级政府及事业单位,成华区,104.106998,30.659034
双林中横路社区警务室,government,政府机构及社会团体;公检法机构;社会治安机构,成华区,104.108766,30.650836
中国税务,government,政府机构及社会团体;政府机关;国家级机关及事业单位,成华区,104.110402,30.651461
成华区老干局,government,政府机构及社会团体;政府及社会团体相关;政府及社会团体相关,成华区,104.105549,30.656581
挪威援助项目办公室,government,政府机构及社会团体;政府机关;政府机关相关,成华区,104.105148,30.657206
双林社区居委会(成华区森林植物病虫防治检疫站西南),government,政府机构及社会团体;政府机关;乡镇以下级政府及事业单位,成华区,104.103549,30.653797
丰德轮椅篮球队,government,政府机构及社会团体;社会团体;社会团体相关,成华区,104.105148,30.657206
双桥子街道办事处爱心超市,government,政府机构及社会团体;社会团体;慈善机构,成华区,104.108766,30.650836
成都市专门协会办公室,government,政府机构及社会团体;社会团体;行业协会,成华区,104.105148,30.657206
新鸿路派出所双园社区警务室,government,政府机构及社会团体;公检法机构;社会治安机构,成华区,104.107806,30.658047
成都市捐赠接收中心,government,政府机构及社会团体;社会团体;慈善机构,成华区,104.105148,30.657206
成都指南针计算机学校工会委员会,government,政府机构及社会团体;社会团体;社会团体相关,成华区,104.112028,30.654153
中共双林中横路社区支部委员会,government,政府机构及社会团体;政府机关;乡镇以下级政府及事业单位,成华区,104.108766,30.650836
双桥子街道办事处爱心捐助站,government,政府机构及社会团体;社会团体;慈善机构,成华区,104.108766,30.650836
原泸州办事处,government,政府机构及社会团体;政府及社会团体相关;政府及社会团体相关,成华区,104.109894,30.650143
捷信办事处,government,政府机构及社会团体;政府及社会团体相关;政府及社会团体相关,成华区,104.111561,30.653105
跳蹬河街道办事处社会事务服务中心,government,政府机构及社会团体;政府机关;乡镇级政府及事业单位,成华区,104.117009,30.658787
双庆路社区就业和社会保障服务站,government,政府机构及社会团体;政府机关;乡镇以下级政府及事业单位,成华区,104.118284,30.655506
跳蹬河街道办事处,government,政府机构及社会团体;政府机关;乡镇级政府及事业单位,成华区,104.117009,30.658787
万年场街道办事处,government,政府机构及社会团体;政府机关;乡镇级政府及事业单位,成华区,104.122724,30.650229
万年派出所,government,政府机构及社会团体;公检法机构;公安警察,成华区,104.12271,30.650022
成都市成华区交通运输管理所,government,政府机构及社会团体;交通车辆管理;交通管理机构,成华区,104.114196,30.655835
万年场街道双庆路社区老年人协会,government,政府机构及社会团体;社会团体;社会团体相关,成华区,104.118284,30.655506
包包派出所,government,政府机构及社会团体;公检法机构;公安警察,成华区,104.122739,30.650053
成都市成华区交通和市政局,government,政府机构及社会团体;政府机关;区县级政府及事业单位,成华区,104.113812,30.655472
成华区交通秩序综合管理大队万年中队,government,政府机构及社会团体;交通车辆管理;交通管理机构,成华区,104.122739,30.650053
成都市成华区地方海事处,government,政府机构及社会团体;政府机关;区县级政府及事业单位,成华区,104.114196,30.655835
四川省交通运输厅高速公路交通执法第一支队,government,政府机构及社会团体;交通车辆管理;交通管理机构,成华区,104.114196,30.655835
四川省交通运输厅高速公路交通执法第二支队,government,政府机构及社会团体;交通车辆管理;交通管理机构,成华区,104.114196,30.655835
四川省交通运输厅高速公路交通执法第三支队,government,政府机构及社会团体;交通车辆管理;交通管理机构,成华区,104.114196,30.655835
四川省交通运输厅高速公路交通执法第四支队,government,政府机构及社会团体;交通车辆管理;交通管理机构,成华区,104.114196,30.655835
机动车年审检测,government,政府机构及社会团体;交通车辆管理;验车场,成华区,104.117521,30.658116
四川省交通运输厅高速公路交通执法第五支队(万年路),government,政府机构及社会团体;交通车辆管理;交通管理机构,成华区,104.114196,30.655835
成都市第三变压器厂工会委员会,government,公司企业;公司;公司|政府机构及社会团体;社会团体;社会团体相关,成华区,104.117313,30.656784
成都市城市道路桥梁管理处第一管理所,government,政府机构及社会团体;政府机关;地市级政府及事业单位,成华区,104.115737,30.657271
万年场街道办事处人大代表服务站,government,政府机构及社会团体;政府机关;乡镇级政府及事业单位,成华区,104.118284,30.655506
中共双庆路社区党总支委员会,government,政府机构及社会团体;政府机关;乡镇以下级政府及事业单位,成华区,104.123094,30.653627
成华区人大常委会跳蹬河街道工作委员会,government,政府机构及社会团体;政府机关;乡镇级政府及事业单位,成华区,104.117009,30.658787
中共成华区跳蹬河街道区域委员会,government,政府机构及社会团体;政府机关;乡镇级政府及事业单位,成华区,104.117009,30.658787
双庆路居委会,government,政府机构及社会团体;政府机关;乡镇以下级政府及事业单位,成华区,104.123094,30.653627
长天路社区居委,government,政府机构及社会团体;政府机关;乡镇以下级政府及事业单位,成华区,104.122894,30.650453
双庆路社区居民议事会,government,政府机构及社会团体;政府机关;乡镇以下级政府及事业单位,成华区,104.118284,30.655509
双庆路社区居民议事会,government,政府机构及社会团体;社会团体;社会团体相关,成华区,104.123094,30.653627
双庆路社区老年人协会,government,政府机构及社会团体;社会团体;社会团体相关,成华区,104.123094,30.653627
万年路社区居委会,government,政府机构及社会团体;政府机关;乡镇以下级政府及事业单位,成华区,104.115771,30.654128
成华区交通局路政管理大队,government,政府机构及社会团体;政府机关;区县级政府及事业单位,成华区,104.114196,30.655835
成都市成华区公路管理所,government,政府机构及社会团体;政府机关;区县级政府及事业单位,成华区,104.114196,30.655835
中共长天路社区支部委员会,government,政府机构及社会团体;政府机关;乡镇以下级政府及事业单位,成华区,104.122894,30.650452
成都市成华区航务管理所,government,政府机构及社会团体;政府机关;区县级政府及事业单位,成华区,104.114196,30.655835
双庆路社区居委会(积步东巷),government,政府机构及社会团体;政府机关;乡镇以下级政府及事业单位,成华区,104.118284,30.655508
成都市轻微道路交通事故快速处理万年路服务中心,government,政府机构及社会团体;交通车辆管理;交通管理机构,成华区,104.120718,30.658405
中共万年场街道工作委员会,government,政府机构及社会团体;政府机关;乡镇级政府及事业单位,成华区,104.122724,30.650229
中共双庆路社区总支委员会,government,政府机构及社会团体;政府机关;乡镇以下级政府及事业单位,成华区,104.118284,30.655509
成华区城市管理局综合所,government,政府机构及社会团体;政府机关;区县级政府及事业单位,成华区,104.120899,30.657559
成都市成华区交通行政执法大队,government,政府机构及社会团体;交通车辆管理;交通管理机构,成华区,104.114196,30.655835
成华区万年场街道长天路社区居民委员会,government,政府机构及社会团体;政府机关;乡镇以下级政府及事业单位,成华区,104.12298,30.650475
中共跳蹬河街道工作委员会,government,政府机构及社会团体;政府机关;乡镇级政府及事业单位,成华区,104.117009,30.658787
双庆路社区慈善捐赠站,government,政府机构及社会团体;社会团体;慈善机构,成华区,104.118284,30.655509
成华区司法局万年场司法所,government,政府机构及社会团体;公检法机构;公检法机关,成华区,104.123033,30.65015
中共槐树店社区党支部,government,政府机构及社会团体;政府机关;乡镇以下级政府及事业单位,成华区,104.130411,30.656723
团结社区居委会(中环路双店路段),government,政府机构及社会团体;政府机关;乡镇以下级政府及事业单位,成华区,104.133757,30.657983
长春社区警务室,government,政府机构及社会团体;公检法机构;社会治安机构,成华区,104.137431,30.653216
长春社区居委会(中环路双店路段),government,政府机构及社会团体;政府机关;乡镇以下级政府及事业单位,成华区,104.137414,30.653269
中共和顺社区总支部委员会,government,政府机构及社会团体;政府机关;乡镇以下级政府及事业单位,成华区,104.137414,30.653269
长春社区居民议事会,government,政府机构及社会团体;社会团体;社会团体相关,成华区,104.137482,30.653159
成华区万年场街道红桥社区居民委员会,government,政府机构及社会团体;政府机关;乡镇以下级政府及事业单位,成华区,104.136331,30.658702
万年场街道槐树店社区居委会,government,政府机构及社会团体;政府机关;乡镇级政府及事业单位,成华区,104.133588,30.650745
中国共产党成华去万年场红桥社区党总支部委员会,government,政府机构及社会团体;政府机关;乡镇以下级政府及事业单位,成华区,104.136331,30.658702
中共长春社区支部委员会(中环路双店路段),government,政府机构及社会团体;政府机关;乡镇以下级政府及事业单位,成华区,104.137479,30.653159
东升社区居委会,government,政府机构及社会团体;政府机关;乡镇以下级政府及事业单位,成华区,104.150359,30.651178
中国水电十四局,government,政府机构及社会团体;政府机关;国家级机关及事业单位,成华区,104.150254,30.65134
成都东升机械制造厂工会委员会,government,政府机构及社会团体;社会团体;社会团体相关,成华区,104.145572,30.652003
中共保和街道区域委员会,government,政府机构及社会团体;政府机关;乡镇级政府及事业单位,成华区,104.156572,30.651387
司法行政,government,政府机构及社会团体;政府及社会团体相关;政府及社会团体相关,成华区,104.157255,30.650979
中共保和街道工作委员会,government,政府机构及社会团体;政府机关;乡镇级政府及事业单位,成华区,104.156547,30.651409
成华区人大常委会保和街道工作委员会,government,政府机构及社会团体;政府机关;乡镇级政府及事业单位,成华区,104.156574,30.651389
保和街道办事处信访接待调处中心(成洛路),government,政府机构及社会团体;政府机关;乡镇级政府及事业单位,成华区,104.157164,30.650988
成都市成华区司法局保和司法所(成洛路),government,政府机构及社会团体;公检法机构;社会治安机构,成华区,104.157164,30.650988
半边街社区促进和谐社会建设工作站,government,政府机构及社会团体;政府机关;乡镇以下级政府及事业单位,武侯区,103.970468,30.646379
半边街社区居委会,government,政府机构及社会团体;政府机关;乡镇以下级政府及事业单位,武侯区,103.970468,30.646379
白佛社区居委会(川半路),government,政府机构及社会团体;政府机关;乡镇以下级政府及事业单位,武侯区,103.964961,30.647248
武侯区足球协会,government,政府机构及社会团体;社会团体;行业协会,武侯区,103.96979,30.649291
综治维稳群众工作室,government,政府机构及社会团体;政府及社会团体相关;政府及社会团体相关,武侯区,103.970318,30.646394
中共喜得儿不孕不育医院支部委员会,government,政府机构及社会团体;社会团体;社会团体相关,武侯区,103.972939,30.646484
半边街村村民议事会,government,政府机构及社会团体;社会团体;社会团体相关,武侯区,103.970371,30.64643
武侯区机投桥街道半边街村综合服务管理站,government,政府机构及社会团体;政府及社会团体相关;政府及社会团体相关,武侯区,103.970372,30.64638
半边街社区支部委员,government,政府机构及社会团体;政府机关;乡镇以下级政府及事业单位,武侯区,103.970468,30.646379
机投镇老年协会半边街道分会,government,政府机构及社会团体;社会团体;社会团体相关,武侯区,103.97103,30.645812
中共白佛村支部委员会,government,政府机构及社会团体;政府机关;乡镇以下级政府及事业单位,武侯区,103.964992,30.647224
白佛村村委会(川半路),government,政府机构及社会团体;政府机关;乡镇以下级政府及事业单位,武侯区,103.965002,30.647233
半边街村食品安全协管站,government,政府机构及社会团体;政府机关;乡镇以下级政府及事业单位,武侯区,103.970371,30.64643
中共半边街村支部委员会,government,政府机构及社会团体;政府机关;乡镇以下级政府及事业单位,武侯区,103.970371,30.64643
武侯区机投桥街道办事处半边街村村民委员会,government,政府机构及社会团体;政府机关;乡镇以下级政府及事业单位,武侯区,103.970371,30.64638
武侯区机投桥街道白佛社区综合服务管理站,government,政府机构及社会团体;政府机关;乡镇以下级政府及事业单位,武侯区,103.96509,30.647162
中共白佛社区总支部委员会(川半路),government,政府机构及社会团体;政府机关;乡镇以下级政府及事业单位,武侯区,103.964961,30.647248
白佛村村民议事会,government,政府机构及社会团体;社会团体;社会团体相关,武侯区,103.965014,30.647199
成都市武侯区人民法院,government,政府机构及社会团体;公检法机构;法院,武侯区,103.980844,30.64693
成都市武侯区人民法院审判法庭,government,政府机构及社会团体;公检法机构;法院,武侯区,103.980547,30.648145
武侯新城建设管理委员会,government,政府机构及社会团体;政府机关;政府机关相关,武侯区,103.974849,30.640703
居家养老照料中心,government,政府机构及社会团体;政府及社会团体相关;政府及社会团体相关,武侯区,103.982006,30.645157
成都市武侯区人民法院审判楼,government,政府机构及社会团体;政府及社会团体相关;政府及社会团体相关,武侯区,103.980565,30.648124
成都市武侯区人民法院安检室,government,政府机构及社会团体;公检法机构;公检法机关,武侯区,103.980844,30.64693
机投派出所潮音警务区,government,政府机构及社会团体;公检法机构;公安警察,武侯区,103.979075,30.643537
中共潮音社区委员会,government,政府机构及社会团体;政府机关;乡镇以下级政府及事业单位,武侯区,103.975366,30.639646
潮音社区居委会,government,政府机构及社会团体;政府机关;乡镇以下级政府及事业单位,武侯区,103.975366,30.639646
机投街道潮音村食品安全协管站,government,政府机构及社会团体;政府机关;乡镇以下级政府及事业单位,武侯区,103.979133,30.643525
潮音警务处,government,政府机构及社会团体;政府及社会团体相关;政府及社会团体相关,武侯区,103.979244,30.64299
成都市武侯区人民法院执行局,government,政府机构及社会团体;公检法机构;法院,武侯区,103.980088,30.646643
机投派出所社会治安整体联动执勤点,government,政府机构及社会团体;政府及社会团体相关;政府及社会团体相关,武侯区,103.984348,30.646329
机投办事处,government,政府机构及社会团体;政府及社会团体相关;政府及社会团体相关,武侯区,103.990003,30.645359
龙湖金楠天街天街里招商中心,government,政府机构及社会团体;政府及社会团体相关;政府及社会团体相关,武侯区,103.992936,30.649305
中共潮音社区非集体经济组织支部委员会,government,政府机构及社会团体;社会团体;社会团体相关,武侯区,103.98469,30.641758
成都市武侯区政府晋阳街道办事处,government,政府机构及社会团体;政府机关;乡镇以下级政府及事业单位,武侯区,104.003472,30.644475
成都市武侯区五大花园综合整治办公室,government,政府机构及社会团体;政府机关;政府机关相关,武侯区,104.002909,30.647395
晋阳派出所,government,政府机构及社会团体;公检法机构;公安警察,武侯区,104.003472,30.644483
成都市武侯区城市管理局,government,政府机构及社会团体;政府机关;政府机关相关,武侯区,104.003473,30.644483
晋阳街道电动自行车上牌点,government,政府机构及社会团体;公检法机构;公证鉴定机构,武侯区,103.999665,30.641836
成都市武侯区园林管理局,government,政府机构及社会团体;政府机关;政府机关相关,武侯区,104.003472,30.644483
成都市中央花园第四期业主委员会,government,政府机构及社会团体;社会团体;社会团体相关,武侯区,103.997273,30.645315
消防18中队,government,政府机构及社会团体;公检法机构;消防机关,武侯区,103.999123,30.64582
红牌楼派出所,government,政府机构及社会团体;公检法机构;公安警察,武侯区,104.01311,30.645992
成都市武侯区巡警大队,government,政府机构及社会团体;公检法机构;公检法机关,武侯区,104.010598,30.642583
成都市武侯区民政局婚姻登记处,government,政府机构及社会团体;政府机关;区县级政府及事业单位,武侯区,104.005475,30.641006
成都市公安局武侯区分局巡警大队,government,政府机构及社会团体;交通车辆管理;交通管理机构,武侯区,104.010617,30.642506
四川省保安协会,government,政府机构及社会团体;社会团体;行业协会,武侯区,104.01187,30.640978
四川省公安厅居民身份证制作中心,government,政府机构及社会团体;公检法机构;公安警察,武侯区,104.01187,30.640978
身份证异地办证点,government,政府机构及社会团体;政府机关;政府机关相关,武侯区,104.011801,30.640951
巡逻大队,government,政府机构及社会团体;政府及社会团体相关;政府及社会团体相关,武侯区,104.010616,30.642506
红牌楼街道综合执法大队,government,政府机构及社会团体;政府机关;乡镇级政府及事业单位,武侯区,104.01098,30.642045
吉顺农贸市场管理办公室,government,政府机构及社会团体;社会团体;社会团体相关,武侯区,104.005117,30.639683
成都市武侯区交通秩序管理大队(双丰西路),government,政府机构及社会团体;交通车辆管理;交通管理机构,武侯区,104.010617,30.64251
成都市武侯区红牌楼街道双丰社区纪检委,government,政府机构及社会团体;政府及社会团体相关;政府及社会团体相关,武侯区,104.011593,30.646478
中共红牌楼街道综合执法大队支部委员会,government,政府机构及社会团体;政府机关;乡镇级政府及事业单位,武侯区,104.01098,30.642045
中共四川肛肠医院支部委员会,government,政府机构及社会团体;社会团体;社会团体相关,武侯区,104.012596,30.639557
武侯区红牌楼街道皮加区临时管委会,government,政府机构及社会团体;政府及社会团体相关;政府及社会团体相关,武侯区,104.010956,30.641932
双丰社区工会联合会,government,政府机构及社会团体;政府机关;乡镇以下级政府及事业单位,武侯区,104.011585,30.64638
红牌楼街道办双丰社区工作站,government,政府机构及社会团体;政府机关;乡镇以下级政府及事业单位,武侯区,104.011593,30.646478
中共双丰社区总支部委员会,government,政府机构及社会团体;政府机关;乡镇以下级政府及事业单位,武侯区,104.011585,30.64638
红牌楼派出所双丰社区警务室,government,政府机构及社会团体;公检法机构;社会治安机构,武侯区,104.010998,30.642006
成都市公安局武侯区分局战训大队,government,政府机构及社会团体;公检法机构;公安警察,武侯区,104.010617,30.642506
武侯区晋阳街道晋吉社区居民委员会,government,政府机构及社会团体;政府机关;乡镇以下级政府及事业单位,武侯区,104.005784,30.640577
武侯区红牌楼街道双丰社区工作站,government,政府机构及社会团体;政府机关;乡镇以下级政府及事业单位,武侯区,104.011585,30.64638
红牌楼街道治保会巡逻队,government,政府机构及社会团体;公检法机构;社会治安机构,武侯区,104.011005,30.642011
红牌楼街道流动人口服务管理工作办公室,government,政府机构及社会团体;公检法机构;社会治安机构,武侯区,104.01098,30.642045
中共红牌楼街道治保会巡逻队支部委员会,government,政府机构及社会团体;公检法机构;社会治安机构,武侯区,104.010998,30.642005
武侯区规范化服务型政府(机关)建设办公室,government,政府机构及社会团体;政府机关;区县级政府及事业单位,武侯区,104.022521,30.648679
成都市武侯区行政审批局,government,政府机构及社会团体;政府机关;区县级政府及事业单位,武侯区,104.022954,30.648752
南部县旅外企业家联合会成都分会,government,政府机构及社会团体;政府及社会团体相关;政府及社会团体相关,武侯区,104.022435,30.646257
51社保,government,政府机构及社会团体;政府及社会团体相关;政府及社会团体相关,武侯区,104.020581,30.649191
政务服务大厅,government,政府机构及社会团体;政府及社会团体相关;政府及社会团体相关,武侯区,104.022683,30.648649
龙爪社区居委会,government,政府机构及社会团体;政府机关;乡镇以下级政府及事业单位,武侯区,104.015147,30.646249
成都市武侯区医学会(武侯大道双楠段),government,政府机构及社会团体;社会团体;行业协会,武侯区,104.018747,30.642601
成都九星医院工会委员会,government,政府机构及社会团体;社会团体;社会团体相关,武侯区,104.016282,30.642421
成都莆田商会,government,政府机构及社会团体;政府及社会团体相关;政府及社会团体相关,武侯区,104.020581,30.649192
成都红牌楼街道办事处龙爪社区人民调解委员会,government,政府机构及社会团体;政府机关;乡镇以下级政府及事业单位,武侯区,104.01521,30.645982
莆田妈祖慈善基金会,government,政府机构及社会团体;社会团体;社会团体相关,武侯区,104.020581,30.649192
中共成都九星医院党支部委员会,government,政府机构及社会团体;社会团体;社会团体相关,武侯区,104.016282,30.642421
成都博大男科医院工会委员会,government,政府机构及社会团体;社会团体;社会团体相关,武侯区,104.019151,30.647115
成都市红牌楼街道办事处龙爪社区劳动保障站,government,政府机构及社会团体;政府及社会团体相关;政府及社会团体相关,武侯区,104.01521,30.645988
成都市红牌楼街道办事处龙爪社区残疾人协会,government,政府机构及社会团体;社会团体;残联,武侯区,104.01521,30.645988
中共龙爪社区总支部委员会,government,政府机构及社会团体;政府机关;乡镇以下级政府及事业单位,武侯区,104.015147,30.646249
龙爪社区爱心慈善超市,government,政府机构及社会团体;社会团体;慈善机构,武侯区,104.014785,30.645877
隆丰粮油管理站,government,政府机构及社会团体;政府及社会团体相关;政府及社会团体相关,武侯区,104.017967,30.639724
双楠街道办事处社会事务服务中心,government,政府机构及社会团体;政府机关;乡镇级政府及事业单位,武侯区,104.024908,30.645579
建诚信政府构和谐双楠,government,政府机构及社会团体;政府及社会团体相关;政府及社会团体相关,武侯区,104.025233,30.645914
双楠街道办事处,government,政府机构及社会团体;政府机关;乡镇级政府及事业单位,武侯区,104.025176,30.646486
双楠派出所,government,政府机构及社会团体;公检法机构;公安警察,武侯区,104.024891,30.646773
四川省水土保持局,government,政府机构及社会团体;政府机关;省直辖市级政府及事业单位,武侯区,104.031442,30.647953
四川省治未病办公室,government,政府机构及社会团体;政府机关;省直辖市级政府及事业单位,武侯区,104.032156,30.640258
双楠街道碧云路社区工作站,government,政府机构及社会团体;政府机关;乡镇以下级政府及事业单位,武侯区,104.031007,30.641875
碧云路社区居委会,government,政府机构及社会团体;政府机关;乡镇以下级政府及事业单位,武侯区,104.031015,30.641859
工商行政管理,government,政府机构及社会团体;政府及社会团体相关;政府及社会团体相关,武侯区,104.024199,30.641941
竹园社区办公室,government,政府机构及社会团体;政府及社会团体相关;政府及社会团体相关,武侯区,104.023981,30.641741
交警一分局警务站,government,政府机构及社会团体;政府及社会团体相关;政府及社会团体相关,武侯区,104.024823,30.645681
武侯区国际象棋协会,government,政府机构及社会团体;社会团体;行业协会,武侯区,104.023925,30.646352
中共康福肾脏病医院支部委员会,government,政府机构及社会团体;社会团体;社会团体相关,武侯区,104.023938,30.642807
四川省医师协会单位会员,government,政府机构及社会团体;政府及社会团体相关;政府及社会团体相关,武侯区,104.028739,30.639723
红牌楼工商所,government,政府机构及社会团体;工商税务机构;工商部门,武侯区,104.024102,30.641818
成都同德司法鉴定所,government,政府机构及社会团体;公检法机构;公证鉴定机构,武侯区,104.029462,30.641401
四川消防战友商会,government,政府机构及社会团体;政府及社会团体相关;政府及社会团体相关,武侯区,104.024529,30.642293
成都市公安局交通管理局第一分局双南警务站,government,政府机构及社会团体;公检法机构;公检法机关,武侯区,104.024643,30.64652
四川省盐业总公司成都分公司成都市盐政市场稽查处,government,政府机构及社会团体;政府机关;地市级政府及事业单位|公司企业;公司;公司,武侯区,104.028886,30.640156
中共碧云路社区委员会,government,政府机构及社会团体;政府机关;乡镇以下级政府及事业单位,武侯区,104.031015,30.641859
竹园社区居委会(永顺路),government,政府机构及社会团体;政府机关;乡镇以下级政府及事业单位,武侯区,104.024262,30.641954
中共竹园社区委员会,government,政府机构及社会团体;政府机关;乡镇以下级政府及事业单位,武侯区,104.024262,30.641955
中共红牌楼街道竹园社区党委,government,政府机构及社会团体;政府机关;乡镇以下级政府及事业单位,武侯区,104.02437,30.642008
双楠综合农贸市场管理办公室,government,政府机构及社会团体;政府机关;乡镇以下级政府及事业单位,武侯区,104.025695,30.644133
双楠派出所碧云路社区警务室,government,政府机构及社会团体;公检法机构;公安警察,武侯区,104.030989,30.641854
中共竹园社区纪律检查委员会,government,政府机构及社会团体;政府机关;乡镇以下级政府及事业单位,武侯区,104.024262,30.641955
武侯区红牌楼街道竹园社区工作站,government,政府机构及社会团体;政府机关;乡镇以下级政府及事业单位,武侯区,104.024262,30.641954
中共碧云路区域总支部委员会,government,政府机构及社会团体;政府机关;乡镇以下级政府及事业单位,武侯区,104.031007,30.641875
中共武侯区双楠街道工作委员会,government,政府机构及社会团体;政府机关;乡镇级政府及事业单位,武侯区,104.02483,30.645772
成都市武侯区人民政府,government,政府机构及社会团体;政府机关;区县级政府及事业单位,武侯区,104.040782,30.644378
白玉县人民政府驻成都办事处,government,政府机构及社会团体;政府机关;外地政府办,武侯区,104.041703,30.642774
武为众合社会事务发展中心,government,政府机构及社会团体;社会团体;社会团体相关,武侯区,104.035224,30.643804
广福桥社区就业和社会保障服务站,government,政府机构及社会团体;政府机关;乡镇以下级政府及事业单位,武侯区,104.034977,30.639921
广福桥社区社会治安管理工作服务站,government,政府机构及社会团体;公检法机构;社会治安机构,武侯区,104.034992,30.640054
成都市武侯区人民政府红牌楼商圈规划建设推进办公室,government,政府机构及社会团体;政府及社会团体相关;政府及社会团体相关,武侯区,104.039441,30.644164
四川出入境检验检疫局,government,政府机构及社会团体;政府机关;省直辖市级政府及事业单位,武侯区,104.041877,30.64124
四川省建设工程质量安全监督总站,government,政府机构及社会团体;公检法机构;公证鉴定机构,武侯区,104.036511,30.640576
成都市动物疫病预防控制中心工会,government,政府机构及社会团体;社会团体;社会团体相关,武侯区,104.036468,30.645535
四川省土地统征整理事务中心,government,政府机构及社会团体;政府机关;省直辖市级政府及事业单位,武侯区,104.041135,30.642294
成都市农业综合执法总队,government,政府机构及社会团体;政府机关;地市级政府及事业单位,武侯区,104.036493,30.645513
四川省交通运输厅高速公路管理局,government,政府机构及社会团体;政府机关;省直辖市级政府及事业单位,武侯区,104.042182,30.645178
成都市武侯区财政局,government,政府机构及社会团体;政府机关;区县级政府及事业单位,武侯区,104.040544,30.644863
成都市动物卫生监督所,government,政府机构及社会团体;政府机关;地市级政府及事业单位,武侯区,104.036493,30.645513
四川省交通运输厅大件运输协调小组办公室,government,政府机构及社会团体;政府机关;省直辖市级政府及事业单位,武侯区,104.036681,30.63975
成都市种子管理站,government,政府机构及社会团体;政府机关;地市级政府及事业单位,武侯区,104.035656,30.646112
成都市武侯区纪检委,government,政府机构及社会团体;政府机关;区县级政府及事业单位,武侯区,104.040544,30.644863
成都市武侯区审计局,government,政府机构及社会团体;政府机关;区县级政府及事业单位,武侯区,104.040544,30.644863
武侯区人大常委会,government,政府机构及社会团体;政府机关;区县级政府及事业单位,武侯区,104.040941,30.644449
武侯区政协,government,政府机构及社会团体;政府机关;区县级政府及事业单位,武侯区,104.040936,30.644451
四川省交通运输厅高速公路交通执法总队,government,政府机构及社会团体;交通车辆管理;交通管理机构,武侯区,104.042182,30.645178
成都市植保植检站,government,政府机构及社会团体;政府机关;地市级政府及事业单位,武侯区,104.035985,30.645778
成都市农业技术推广总站,government,政府机构及社会团体;政府机关;地市级政府及事业单位,武侯区,104.035679,30.646096
政协成都市武侯区委员会,government,政府机构及社会团体;政府机关;区县级政府及事业单位,武侯区,104.040806,30.6445
成都市武侯区园林绿化队,government,政府机构及社会团体;政府机关;区县级政府及事业单位,武侯区,104.042099,30.641489
成都市农业执法支队,government,政府机构及社会团体;政府机关;地市级政府及事业单位,武侯区,104.035656,30.646112
成都市植物检疫站,government,政府机构及社会团体;政府机关;地市级政府及事业单位,武侯区,104.03605,30.645785
四川省公安厅人民来访接待室,government,政府机构及社会团体;公检法机构;公安警察,武侯区,104.037316,30.645986
成都市农业有害生物预警与控制区域站,government,政府机构及社会团体;政府机关;地市级政府及事业单位,武侯区,104.035985,30.645778
四川省公安厅(七道堰街),government,政府机构及社会团体;公检法机构;公安警察,武侯区,104.037316,30.645986
成都市武侯区航模协会,government,政府机构及社会团体;政府及社会团体相关;政府及社会团体相关,武侯区,104.035384,30.643814
浆洗街派出所大石东路社区警务室,government,政府机构及社会团体;公检法机构;公安警察,武侯区,104.040161,30.646422
武侯区监察局,government,政府机构及社会团体;政府机关;区县级政府及事业单位,武侯区,104.040777,30.644671
公路路政,government,政府机构及社会团体;交通车辆管理;交通管理机构,武侯区,104.037263,30.639675
成都市武侯区财政支付中心,government,政府机构及社会团体;政府机关;区县级政府及事业单位,武侯区,104.040955,30.64191
ATA国际认证测评中心(成都),government,政府机构及社会团体;公检法机构;公证鉴定机构,武侯区,104.037446,30.648276
四川省新能源产业促进会,government,政府机构及社会团体;社会团体;社会团体相关,武侯区,104.038533,30.645431
四川省大件公路管理处,government,政府机构及社会团体;交通车辆管理;交通管理机构,武侯区,104.036681,30.63975
商检局技术中心,government,政府机构及社会团体;政府及社会团体相关;政府及社会团体相关,武侯区,104.043011,30.640517
武候投资促进局,government,政府机构及社会团体;政府及社会团体相关;政府及社会团体相关,武侯区,104.0407,30.644424
成都市古玩市场工作站,government,政府机构及社会团体;政府及社会团体相关;政府及社会团体相关,武侯区,104.040361,30.63971
成都市职业技能鉴定指导中心,government,政府机构及社会团体;公检法机构;公证鉴定机构,武侯区,104.037435,30.648224
成都市职业技术培训教研室,government,政府机构及社会团体;政府机关;地市级政府及事业单位,武侯区,104.037435,30.648224
西藏昌都市旅游局驻成都联络处,government,政府机构及社会团体;政府机关;外地政府办,武侯区,104.04231,30.639586
武侯区双楠街道七道堰社区,government,政府机构及社会团体;政府机关;乡镇以下级政府及事业单位,武侯区,104.035353,30.643903
四川省道路安全协会,government,政府机构及社会团体;社会团体;行业协会,武侯区,104.036991,30.645883
成都市农村合作经济管理站,government,政府机构及社会团体;政府及社会团体相关;政府及社会团体相关,武侯区,104.035769,30.645822
武侯区民宗局,government,政府机构及社会团体;政府机关;政府机关相关,武侯区,104.040777,30.644671
甘孜藏族自治州交通局驻成都办事处,government,政府机构及社会团体;政府机关;外地政府办,武侯区,104.041702,30.642912
成都市收藏家协会古玉专委会,government,政府机构及社会团体;政府及社会团体相关;政府及社会团体相关,武侯区,104.040361,30.63971
四川省建设工程质量安全与监理协会,government,政府机构及社会团体;社会团体;行业协会,武侯区,104.036511,30.640576
武侯区浆洗街街道大石东路社区群众工作站,government,政府机构及社会团体;政府及社会团体相关;政府及社会团体相关,武侯区,104.040161,30.646422
七道堰社区居委会,government,政府机构及社会团体;政府机关;乡镇以下级政府及事业单位,武侯区,104.035263,30.643878
武侯区浆洗街街道大石东路社区老干部工作办公室,government,政府机构及社会团体;政府及社会团体相关;政府及社会团体相关,武侯区,104.040161,30.646422
浆洗街街道办事处大石东路社区流动人口服务管理工作站,government,政府机构及社会团体;政府及社会团体相关;政府及社会团体相关,武侯区,104.040161,30.646422
武侯区浆洗街街道大石东路社区劳动保障工作站,government,政府机构及社会团体;政府机关;乡镇以下级政府及事业单位,武侯区,104.040161,30.646422
中共成都市武侯区委员会,government,政府机构及社会团体;政府机关;区县级政府及事业单位,武侯区,104.040936,30.644449
中共七道堰社区委员会,government,政府机构及社会团体;政府机关;乡镇以下级政府及事业单位,武侯区,104.035263,30.643878
成都市农业综合执法总队工会,government,政府机构及社会团体;社会团体;社会团体相关,武侯区,104.036493,30.645513
广福桥社区居委会,government,政府机构及社会团体;政府机关;乡镇以下级政府及事业单位,武侯区,104.034981,30.639952
大石东路社区居委会,government,政府机构及社会团体;政府机关;乡镇以下级政府及事业单位,武侯区,104.040433,30.646457
广福桥社区计划生育协会,government,政府机构及社会团体;社会团体;社会团体相关,武侯区,104.034977,30.639921
全国徒步大会稽318线户外年会组委会,government,政府机构及社会团体;政府及社会团体相关;政府及社会团体相关,武侯区,104.040246,30.640417
中共大石东路社区委员会,government,政府机构及社会团体;政府机关;乡镇以下级政府及事业单位,武侯区,104.040433,30.646457
七道堰社区幸福相伴互助养老协会,government,政府机构及社会团体;社会团体;社会团体相关,武侯区,104.035349,30.643936
成都市武侯区行政事业性收费中心,government,政府机构及社会团体;政府机关;区县级政府及事业单位,武侯区,104.040955,30.64191
双楠辖区物业联席会议广福桥社区分会,government,政府机构及社会团体;社会团体;社会团体相关,武侯区,104.034977,30.639921
中共七道堰社区幸福相伴互助养老协会支部委员会,government,政府机构及社会团体;政府机关;乡镇级政府及事业单位,武侯区,104.035376,30.643949
中共广福桥社区委员会,government,政府机构及社会团体;政府机关;乡镇以下级政府及事业单位,武侯区,104.034981,30.639952
广福桥社区老龄工作办公室,government,政府机构及社会团体;政府机关;乡镇以下级政府及事业单位,武侯区,104.034977,30.639921
广福桥社区信访接待调处室,government,政府机构及社会团体;政府机关;乡镇以下级政府及事业单位,武侯区,104.034977,30.639921
广福桥社区老干部工作办公室,government,政府机构及社会团体;政府机关;乡镇以下级政府及事业单位,武侯区,104.034977,30.639921
中共重庆银行股份有限公司成都分行第一支部委员会,government,政府机构及社会团体;社会团体;社会团体相关,武侯区,104.040686,30.641533
中共广福桥社区纪律检查委员会,government,政府机构及社会团体;政府机关;乡镇以下级政府及事业单位,武侯区,104.034977,30.639921
中共七道堰社区区域委员会,government,政府机构及社会团体;政府机关;乡镇以下级政府及事业单位,武侯区,104.035312,30.643853
广福桥社区人民调解委员会,government,政府机构及社会团体;政府机关;乡镇以下级政府及事业单位,武侯区,104.034977,30.639921
双楠街道七道堰社区残协,government,政府机构及社会团体;社会团体;残联,武侯区,104.035312,30.643853
双楠街道广福桥社区残协,government,政府机构及社会团体;社会团体;残联,武侯区,104.034977,30.639921
广福桥社区支部委员会,government,政府机构及社会团体;政府机关;乡镇以下级政府及事业单位,武侯区,104.034977,30.639916
四川省交通厅稽查征费工会工作委员会,government,政府机构及社会团体;社会团体;社会团体相关,武侯区,104.04205,30.645396
中共七道堰社区纪律检查委员会,government,政府机构及社会团体;政府机关;乡镇以下级政府及事业单位,武侯区,104.035312,30.643853
广福桥社区促进平安和谐建设工作站,government,政府机构及社会团体;政府机关;乡镇以下级政府及事业单位,武侯区,104.034977,30.639921
广福桥社区流动人口服务管理工作站,government,政府机构及社会团体;公检法机构;社会治安机构,武侯区,104.034992,30.640054
广福桥社区义务消防队,government,政府机构及社会团体;公检法机构;消防机关,武侯区,104.034992,30.640054
督查总队,government,政府机构及社会团体;政府及社会团体相关;政府及社会团体相关,武侯区,104.036979,30.645816
赤水市财政局,government,政府机构及社会团体;政府机关;地市级政府及事业单位,武侯区,104.040955,30.64191
机关事务管理局,government,政府机构及社会团体;政府及社会团体相关;政府及社会团体相关,武侯区,104.041226,30.644814
南充市人民政府驻成都办事处,government,政府机构及社会团体;政府机关;外地政府办,武侯区,104.051055,30.639782
西藏自治区人民政府驻成都办事处,government,政府机构及社会团体;政府机关;外地政府办,武侯区,104.046594,30.645522
甘孜藏族自治州人民政府驻成都办事处,government,政府机构及社会团体;政府机关;外地政府办,武侯区,104.046099,30.645699
武侯区中小企业社会信用促进会,government,政府机构及社会团体;政府及社会团体相关;政府及社会团体相关,武侯区,104.052388,30.641567
四川省体育彩票管理中心,government,政府机构及社会团体;政府机关;政府机关相关,武侯区,104.052785,30.642615
四川省交通运输厅,government,政府机构及社会团体;政府机关;省直辖市级政府及事业单位,武侯区,104.048609,30.647247
四川省交通运输厅公路局,government,政府机构及社会团体;政府机关;省直辖市级政府及事业单位,武侯区,104.047407,30.644284
四川省高速公路结算管理中心,government,政府机构及社会团体;政府机关;省直辖市级政府及事业单位,武侯区,104.045186,30.644889
四川省公路学会,government,政府机构及社会团体;社会团体;社会团体相关,武侯区,104.047414,30.644253
郭学彬警务室,government,政府机构及社会团体;公检法机构;公安警察,武侯区,104.051324,30.64679
四川省证券期货业协会,government,政府机构及社会团体;社会团体;行业协会,武侯区,104.053503,30.643733
四川省上市公司协会,government,政府机构及社会团体;社会团体;行业协会,武侯区,104.053503,30.643733
洗面桥横街社区居委会,government,政府机构及社会团体;政府机关;乡镇以下级政府及事业单位,武侯区,104.051184,30.64674
四川省盆景艺术家协会,government,政府机构及社会团体;社会团体;行业协会,武侯区,104.045184,30.647448
四川省交通运输工会,government,政府机构及社会团体;社会团体;社会团体相关,武侯区,104.051122,30.647487
四川省教育摄影协会,government,政府机构及社会团体;社会团体;行业协会,武侯区,104.048047,30.640684
浆洗街派出所锦里警务室,government,政府机构及社会团体;公检法机构;社会治安机构,武侯区,104.047201,30.649111
少数民族文艺协会,government,政府机构及社会团体;政府及社会团体相关;政府及社会团体相关,武侯区,104.052661,30.642244
社区综治协会,government,政府机构及社会团体;政府及社会团体相关;政府及社会团体相关,武侯区,104.051156,30.646648
工商行政管理,government,政府机构及社会团体;政府及社会团体相关;政府及社会团体相关,武侯区,104.052728,30.640728
四川省农业宣传中心,government,政府机构及社会团体;政府及社会团体相关;政府及社会团体相关,武侯区,104.053129,30.647337
社区城管卫生工作办公室,government,政府机构及社会团体;政府及社会团体相关;政府及社会团体相关,武侯区,104.051156,30.646648
成都土壤肥料测试中心,government,政府机构及社会团体;政府机关;政府机关相关,武侯区,104.053129,30.647337
四川省农产品质量安全中心,government,政府机构及社会团体;政府及社会团体相关;政府及社会团体相关,武侯区,104.053129,30.647337
藏族著名唐卡画师噶玛嘎智协会,government,政府机构及社会团体;社会团体;行业协会,武侯区,104.043694,30.645682
浆洗街综合执法大队,government,政府机构及社会团体;政府机关;乡镇级政府及事业单位,武侯区,104.049945,30.639509
武侯工商行政管理局玉林工商所,government,政府机构及社会团体;工商税务机构;工商部门,武侯区,104.053046,30.640644
浆洗街街道办事处洗面桥横街社区人民调解室,government,政府机构及社会团体;政府及社会团体相关;政府及社会团体相关,武侯区,104.051156,30.646648
浆洗街街道办事处蜀汉社区人民调解室,government,政府机构及社会团体;政府及社会团体相关;政府及社会团体相关,武侯区,104.04416,30.643724
四川省肥料产品质量监督检验站,government,政府机构及社会团体;政府及社会团体相关;政府及社会团体相关,武侯区,104.053129,30.647337
成都市华恒衡毅物业微型消防站,government,政府机构及社会团体;政府及社会团体相关;政府及社会团体相关,武侯区,104.04359,30.646941
菜洗街街道洗面桥社区委员会,government,政府机构及社会团体;政府机关;乡镇级政府及事业单位,武侯区,104.051662,30.641698
武侯区浆洗街街道洗面桥社区促进平安和谐建设工作站,government,政府机构及社会团体;政府及社会团体相关;政府及社会团体相关,武侯区,104.051808,30.641618
洗面桥社区民族文化之家,government,政府机构及社会团体;社会团体;社会团体相关,武侯区,104.051664,30.641699
洗面桥社区居委会,government,政府机构及社会团体;政府机关;乡镇以下级政府及事业单位,武侯区,104.051674,30.641655
西藏日喀则地区行政公署驻成都办事处,government,政府机构及社会团体;政府机关;政府机关相关,武侯区,104.053055,30.643035
洗面桥社区居委会办公室,government,政府机构及社会团体;政府机关;乡镇以下级政府及事业单位,武侯区,104.051415,30.641494
菜洗街街道洗面桥社区青少年之家,government,政府机构及社会团体;社会团体;社会团体相关,武侯区,104.051415,30.641492
武侯祠周边综合管理办公室,government,政府机构及社会团体;政府机关;政府机关相关,武侯区,104.045577,30.644374
武侯区浆洗街街道洗面桥横街社区,government,政府机构及社会团体;政府机关;乡镇以下级政府及事业单位,武侯区,104.051184,30.646735
洗面桥社区关心亲少年工作委员会,government,政府机构及社会团体;政府机关;乡镇以下级政府及事业单位,武侯区,104.051664,30.641699
菜洗街街道洗面桥社区纪律检查委员会,government,政府机构及社会团体;政府机关;乡镇以下级政府及事业单位,武侯区,104.051415,30.641492
武侯区浆洗街街道蜀汉街社区居民委员会,government,政府机构及社会团体;政府机关;乡镇以下级政府及事业单位,武侯区,104.04416,30.643724
中共洗面桥横街社区总支部委员会,government,政府机构及社会团体;政府机关;乡镇以下级政府及事业单位,武侯区,104.05119,30.64662
菜洗街街道洗面桥社区残疾人协会,government,政府机构及社会团体;社会团体;残联,武侯区,104.051415,30.641492
洗面桥社区妇女联合委员会,government,政府机构及社会团体;社会团体;妇联,武侯区,104.051664,30.641698
云南省人民政府驻成都办事处,government,政府机构及社会团体;政府机关;外地政府办,武侯区,104.061256,30.642352
黉门街社区就业和社会保障服务站,government,政府机构及社会团体;政府机关;乡镇以下级政府及事业单位,武侯区,104.056189,30.640323
四川省农业厅,government,政府机构及社会团体;政府机关;省直辖市级政府及事业单位,武侯区,104.0545,30.64776
浆洗街派出所,government,政府机构及社会团体;公检法机构;公安警察,武侯区,104.057095,30.647933
成都市武侯区教育局,government,政府机构及社会团体;政府机关;区县级政府及事业单位,武侯区,104.059373,30.647734
四川省畜牧食品局,government,政府机构及社会团体;政府机关;省直辖市级政府及事业单位,武侯区,104.054417,30.647609
四川省普通话水平测试中心,government,政府机构及社会团体;公检法机构;公证鉴定机构,武侯区,104.058486,30.648642
中国证券监督管理委员会四川监管局,government,政府机构及社会团体;政府机关;省直辖市级政府及事业单位,武侯区,104.053806,30.64261
四川省教育学会,government,政府机构及社会团体;社会团体;行业协会,武侯区,104.060337,30.641405
中国循证医学中心,government,政府机构及社会团体;公检法机构;公证鉴定机构,武侯区,104.059844,30.645612
四川省质量协会,government,政府机构及社会团体;社会团体;行业协会,武侯区,104.058242,30.648287
国家食品安全风险监测四川中心,government,政府机构及社会团体;政府机关;省直辖市级政府及事业单位,武侯区,104.058874,30.640716
浆洗街社区居委会,government,政府机构及社会团体;政府机关;乡镇以下级政府及事业单位,武侯区,104.054793,30.641503
华西坝派出所,government,政府机构及社会团体;公检法机构;公安警察,武侯区,104.059109,30.64302
成都市武侯区烟草专卖局,government,政府机构及社会团体;政府机关;区县级政府及事业单位,武侯区,104.062911,30.64839
四川省饲料工业办公室,government,政府机构及社会团体;政府机关;省直辖市级政府及事业单位,武侯区,104.054044,30.648306
四川省草原监理站,government,政府机构及社会团体;政府机关;省直辖市级政府及事业单位,武侯区,104.054044,30.648306
四川省饲料工业协会,government,政府机构及社会团体;社会团体;行业协会,武侯区,104.054044,30.648306
华西坝派出所簧门街社区警务室,government,政府机构及社会团体;公检法机构;公安警察,武侯区,104.056073,30.6404
三农工作委员会,government,政府机构及社会团体;政府及社会团体相关;政府及社会团体相关,武侯区,104.054363,30.647618
中共武侯区教育局工作委员会,government,政府机构及社会团体;政府机关;区县级政府及事业单位,武侯区,104.059373,30.647734
四川现代农业司法鉴定中心,government,政府机构及社会团体;公检法机构;公证鉴定机构,武侯区,104.054594,30.647883
四川省饲料检测所,government,政府机构及社会团体;公检法机构;公证鉴定机构,武侯区,104.054138,30.647443
四川省卫生监测检验中心,government,政府机构及社会团体;公检法机构;公证鉴定机构,武侯区,104.05867,30.641184
四川省法医学会,government,政府机构及社会团体;社会团体;行业协会,武侯区,104.0609,30.643629
成都旅游协会,government,政府机构及社会团体;社会团体;行业协会,武侯区,104.055551,30.642746
四川省逻辑学会,government,政府机构及社会团体;社会团体;行业协会,武侯区,104.062276,30.643616
四川省化肥行业协会,government,政府机构及社会团体;社会团体;行业协会,武侯区,104.054061,30.643086
四川省循环经济促进会,government,政府机构及社会团体;政府及社会团体相关;政府及社会团体相关,武侯区,104.053995,30.648337
省饲料工作总站,government,政府机构及社会团体;政府及社会团体相关;政府及社会团体相关,武侯区,104.054241,30.647763
四川草原工作站,government,政府机构及社会团体;政府及社会团体相关;政府及社会团体相关,武侯区,104.054241,30.647762
遂宁市安居区马家商会,government,政府机构及社会团体;政府及社会团体相关;政府及社会团体相关,武侯区,104.057854,30.641198
四川省农机监理总站,government,政府机构及社会团体;政府及社会团体相关;政府及社会团体相关,武侯区,104.054201,30.648348
省决策咨询委,government,政府机构及社会团体;政府及社会团体相关;政府及社会团体相关,武侯区,104.061884,30.648589
四川省法医学技术鉴定委员会,government,政府机构及社会团体;公检法机构;公证鉴定机构,武侯区,104.0609,30.643629
中共成都白癜风医院支部委员会,government,政府机构及社会团体;社会团体;社会团体相关,武侯区,104.05799,30.648404
中国证券监督管理局四川监管局,government,政府机构及社会团体;政府机关;政府机关相关,武侯区,104.05373,30.642488
成都市少先队红旗大队,government,政府机构及社会团体;社会团体;少先队,武侯区,104.055422,30.648291
四川省普林司法鉴定所,government,政府机构及社会团体;公检法机构;公证鉴定机构,武侯区,104.061047,30.647436
成都市交通委员会航务管理处,government,政府机构及社会团体;政府机关;地市级政府及事业单位,武侯区,104.054061,30.643086
成都信息工程大学培训与认证中心(出国英语培训),government,政府机构及社会团体;公检法机构;公证鉴定机构,武侯区,104.063308,30.647623
成都市浆洗街派出所办证室,government,政府机构及社会团体;政府及社会团体相关;政府及社会团体相关,武侯区,104.057159,30.647999
四川龙德集团工会委员会,government,政府机构及社会团体;社会团体;社会团体相关,武侯区,104.06047,30.648864
四川省美容整形协会,government,政府机构及社会团体;政府及社会团体相关;政府及社会团体相关,武侯区,104.059471,30.645963
浆洗街派出所驻农业厅警务执勤点,government,政府机构及社会团体;政府及社会团体相关;政府及社会团体相关,武侯区,104.05463,30.647496
四川省促进基本公共卫生服务均等化指导中心,government,政府机构及社会团体;政府机关;省直辖市级政府及事业单位,武侯区,104.05867,30.641184
黉门街社区工会联合会,government,政府机构及社会团体;政府机关;乡镇以下级政府及事业单位,武侯区,104.056189,30.640323
黉门街社区骑游协会,government,政府机构及社会团体;社会团体;行业协会,武侯区,104.056189,30.640323
四川省花卉协会,government,政府机构及社会团体;政府及社会团体相关;政府及社会团体相关,武侯区,104.054369,30.647939
四川省美食家协会,government,政府机构及社会团体;社会团体;行业协会,武侯区,104.055948,30.640106
农业部肥料质量监督检验测试中心,government,政府机构及社会团体;政府机关;政府机关相关,武侯区,104.053803,30.647402
交警一分局三大队华西医院警务室,government,政府机构及社会团体;公检法机构;社会治安机构,武侯区,104.059112,30.642779
黉门街社区计划生育协会,government,政府机构及社会团体;社会团体;社会团体相关,武侯区,104.056189,30.640323
中共龙德发展集团有限公司支部委员会,government,政府机构及社会团体;社会团体;社会团体相关,武侯区,104.06047,30.648864
中共金普林税务师事务所有限公司支部委员会,government,政府机构及社会团体;社会团体;社会团体相关,武侯区,104.061047,30.647436
黉门街社区区域党委,government,政府机构及社会团体;政府机关;乡镇以下级政府及事业单位,武侯区,104.056189,30.640323
黉门街社区居委会,government,政府机构及社会团体;政府机关;乡镇以下级政府及事业单位,武侯区,104.056189,30.640323
武侯区黉门街社区红十字会,government,政府机构及社会团体;社会团体;红十字会,武侯区,104.056189,30.640324
黉门街社区治保委员会,government,政府机构及社会团体;公检法机构;社会治安机构,武侯区,104.056194,30.640326
成都市老协摄影黉门街社区分会,government,政府机构及社会团体;社会团体;行业协会,武侯区,104.05619,30.640323
圣安卓物业服务有限公司党支部活动室,government,政府机构及社会团体;社会团体;社会团体相关,武侯区,104.061141,30.648241
黉门街社区妇代会,government,政府机构及社会团体;社会团体;妇联,武侯区,104.056189,30.640323
黉门街社区纪检委,government,政府机构及社会团体;政府机关;乡镇以下级政府及事业单位,武侯区,104.056189,30.640323
凉水井街社区居委会,government,政府机构及社会团体;政府机关;乡镇以下级政府及事业单位,武侯区,104.055787,30.647994
四川大学华西第四医院宁养院李嘉诚基金会,government,政府机构及社会团体;社会团体;慈善机构,武侯区,104.063308,30.642709
四川省收藏家协会门券专业委员会黉门街社区分会,government,政府机构及社会团体;社会团体;行业协会,武侯区,104.056189,30.640323
四川大学华西校区西区法医鉴定中心,government,政府机构及社会团体;公检法机构;公证鉴定机构,武侯区,104.060701,30.64354
黉门街社区警务室,government,政府机构及社会团体;公检法机构;社会治安机构,武侯区,104.056194,30.640326
黉门街社区关心下一代工作委员会,government,政府机构及社会团体;政府机关;乡镇以下级政府及事业单位,武侯区,104.056189,30.640323
黉门街社区残疾人协会,government,政府机构及社会团体;社会团体;残联,武侯区,104.056189,30.640323
成都市交通委员会交通基本建设工程造价管理站,government,政府机构及社会团体;交通车辆管理;交通管理机构,武侯区,104.054061,30.643086
四川省成人教育协会高等教育分会,government,政府机构及社会团体;社会团体;行业协会,武侯区,104.062278,30.643634
黉门街社区团支部,government,政府机构及社会团体;社会团体;共青团,武侯区,104.056189,30.640323
中共浆洗街社区党支部,government,政府机构及社会团体;政府机关;乡镇以下级政府及事业单位,武侯区,104.054793,30.641503
成都市交通委员会基本建设质量监督站,government,政府机构及社会团体;公检法机构;公证鉴定机构,武侯区,104.054061,30.643086
四川省疾病预防控制中心-免疫规划所,government,政府机构及社会团体;政府及社会团体相关;政府及社会团体相关,武侯区,104.058607,30.640933
永丰军干所浆洗分所,government,政府机构及社会团体;政府及社会团体相关;政府及社会团体相关,武侯区,104.053955,30.645094
农经总站,government,政府机构及社会团体;政府及社会团体相关;政府及社会团体相关,武侯区,104.054323,30.647952
四川省农药检测站,government,政府机构及社会团体;政府及社会团体相关;政府及社会团体相关,武侯区,104.054323,30.647952
四川省兽药监察所,government,政府机构及社会团体;政府机关;政府机关相关,武侯区,104.054033,30.646521
南虹村社区就业和社会保障服务站,government,政府机构及社会团体;政府机关;乡镇以下级政府及事业单位,武侯区,104.06458,30.639946
四川省地方税务局直属税务分局,government,政府机构及社会团体;工商税务机构;地税机关,武侯区,104.073309,30.647432
小天竺工商所,government,政府机构及社会团体;工商税务机构;工商部门,武侯区,104.071463,30.645296
四川省卫生执法监督总队,government,政府机构及社会团体;政府机关;省直辖市级政府及事业单位,武侯区,104.068005,30.645405
四川省公安厅治安管理总队,government,政府机构及社会团体;公检法机构;公安警察,武侯区,104.072629,30.643368
四川省卫生和计划生育监督执法总队,government,政府机构及社会团体;政府机关;省直辖市级政府及事业单位,武侯区,104.067693,30.645358
四川省生理科学会,government,政府机构及社会团体;社会团体;行业协会,武侯区,104.065148,30.644613
小天竺街道办事处,government,政府机构及社会团体;政府机关;乡镇级政府及事业单位,武侯区,104.068108,30.639569
四川省地方税务局稽查局,government,政府机构及社会团体;工商税务机构;地税机关,武侯区,104.073309,30.647432
跳伞塔派出所新南路警务室,government,政府机构及社会团体;公检法机构;公安警察,武侯区,104.070048,30.646084
四川省健康管理师协会,government,政府机构及社会团体;社会团体;行业协会,武侯区,104.065155,30.644615
小天竺街派出所治安联勤点,government,政府机构及社会团体;公检法机构;社会治安机构,武侯区,104.0681,30.647858
成都市旅游运输监管中心,government,政府机构及社会团体;政府机关;地市级政府及事业单位,武侯区,104.070466,30.647357
旅游村社区居委会,government,政府机构及社会团体;政府机关;乡镇以下级政府及事业单位,武侯区,104.070312,30.641986
成都市福彩分中心,government,政府机构及社会团体;政府机关;政府机关相关,武侯区,104.073257,30.644865
四川省西部精神医学协会,government,政府机构及社会团体;社会团体;行业协会,武侯区,104.065815,30.642874
成都市万州联合商会,government,政府机构及社会团体;政府及社会团体相关;政府及社会团体相关,武侯区,104.067286,30.639634
韩国旅游发展局成都办事处,government,政府机构及社会团体;政府及社会团体相关;政府及社会团体相关,武侯区,104.064171,30.647985
华西附二院执勤室,government,政府机构及社会团体;政府及社会团体相关;政府及社会团体相关,武侯区,104.063571,30.641663
四川省地方税务局涉税违法案件举报中心,government,政府机构及社会团体;工商税务机构;地税机关,武侯区,104.073309,30.647432
四川省直属机关实验婴儿园教师之家,government,政府机构及社会团体;政府及社会团体相关;政府及社会团体相关,武侯区,104.070852,30.642536
四川省温州商会,government,政府机构及社会团体;社会团体;行业协会,武侯区,104.064196,30.647992
大学路室内农贸市场办公室,government,政府机构及社会团体;社会团体;社会团体相关,武侯区,104.070611,30.646249
新华亿国家职业技能鉴定所,government,政府机构及社会团体;公检法机构;公证鉴定机构,武侯区,104.063713,30.640178
南虹村社区老龄协会,government,政府机构及社会团体;社会团体;社会团体相关,武侯区,104.06458,30.639946
南虹村社区计生协会,government,政府机构及社会团体;社会团体;社会团体相关,武侯区,104.064541,30.639953
中国优生科学协会医学遗传学专业委员会(校中路),government,政府机构及社会团体;社会团体;行业协会,武侯区,104.067135,30.643361
四川省地方税务局直属税务分局办税服务厅,government,政府机构及社会团体;工商税务机构;地税机关,武侯区,104.072885,30.647153
南虹村社区居委会(林荫街),government,政府机构及社会团体;政府机关;乡镇以下级政府及事业单位,武侯区,104.068108,30.639569
成都市道路运输协会旅游客运专业委员会,government,政府机构及社会团体;社会团体;行业协会,武侯区,104.070466,30.647357
华夏军人退役创业发展服务中心西南中心,government,政府机构及社会团体;政府及社会团体相关;政府及社会团体相关,武侯区,104.072951,30.642677
南虹村社区残疾人协会,government,政府机构及社会团体;社会团体;残联,武侯区,104.06458,30.639946
南虹村社区关心下一代工作委员会,government,政府机构及社会团体;政府机关;乡镇以下级政府及事业单位,武侯区,104.064541,30.639953
南虹村社区妇联,government,政府机构及社会团体;社会团体;妇联,武侯区,104.06458,30.639946
中共旅游村社区区域委员会,government,政府机构及社会团体;政府机关;乡镇以下级政府及事业单位,武侯区,104.070312,30.641986
中共南虹村社区支部委员会,government,政府机构及社会团体;政府机关;乡镇以下级政府及事业单位,武侯区,104.068108,30.639569
四川省卫生执法监督总队二支队,government,政府机构及社会团体;政府及社会团体相关;政府及社会团体相关,武侯区,104.06811,30.645337
气象中心,government,政府机构及社会团体;政府及社会团体相关;政府及社会团体相关,武侯区,104.07295,30.640109
四川省融资担保业协会,government,政府机构及社会团体;政府及社会团体相关;政府及社会团体相关,武侯区,104.064409,30.648375
赤水市交通局,government,政府机构及社会团体;政府机关;地市级政府及事业单位,武侯区,104.071229,30.645844
政府信息公共查询点,government,政府机构及社会团体;政府机关;政府机关相关,锦江区,104.080945,30.647433
四川音乐学院社会科学联合会,government,政府机构及社会团体;社会团体;社会团体相关,武侯区,104.076966,30.64039
中国音乐学院社会艺术水平考级委员会,government,政府机构及社会团体;政府机关;政府机关相关,武侯区,104.078859,30.644721
四川省旅游局,government,政府机构及社会团体;政府机关;省直辖市级政府及事业单位,锦江区,104.079263,30.647391
四川省发展和改革委员会,government,政府机构及社会团体;政府机关;省直辖市级政府及事业单位,锦江区,104.078885,30.646764
四川省国家税务局,government,政府机构及社会团体;工商税务机构;国税机关,锦江区,104.073546,30.649121
成都市锦江区人民检察院,government,政府机构及社会团体;公检法机构;检察院,锦江区,104.081033,30.648254
望江路派出所,government,政府机构及社会团体;公检法机构;公安警察,武侯区,104.082645,30.641705
四川省民防局,government,政府机构及社会团体;政府机关;区县级政府及事业单位,武侯区,104.077997,30.645832
四川省经济信息中心,government,政府机构及社会团体;政府机关;省直辖市级政府及事业单位,锦江区,104.078885,30.646764
四川省能源局,government,政府机构及社会团体;政府机关;省直辖市级政府及事业单位,锦江区,104.078885,30.646764
锦江区经济局,government,政府机构及社会团体;政府机关;区县级政府及事业单位,锦江区,104.081168,30.648721
四川省人民防空办公室,government,政府机构及社会团体;政府机关;区县级政府及事业单位,武侯区,104.077997,30.645833
成都市武侯区房产管理局,government,政府机构及社会团体;政府机关;区县级政府及事业单位,武侯区,104.074493,30.644613
四川省注册税务师协会,government,政府机构及社会团体;社会团体;行业协会,武侯区,104.079849,30.644936
锦江区知识产权局,government,政府机构及社会团体;政府机关;区县级政府及事业单位,锦江区,104.081168,30.648721
成都市武侯区红十字会,government,政府机构及社会团体;社会团体;红十字会,武侯区,104.074493,30.644613
四川省旅游协会(青莲上街),government,政府机构及社会团体;社会团体;行业协会,锦江区,104.079178,30.647333
四川省人民防空协会,government,政府机构及社会团体;社会团体;行业协会,武侯区,104.077965,30.645847
望江路派出所新生路社区警务室,government,政府机构及社会团体;公检法机构;公安警察,武侯区,104.078211,30.644159
佩希教育办事处,government,政府机构及社会团体;政府及社会团体相关;政府及社会团体相关,武侯区,104.082015,30.642833
锦江区人民检察院反贪污贿赂局,government,政府机构及社会团体;公检法机构;检察院,锦江区,104.081057,30.648194
甘孜藏族自治州司法局驻成都办事处,government,政府机构及社会团体;政府机关;外地政府办,武侯区,104.073585,30.645232
四川神州升泰司法鉴定所,government,政府机构及社会团体;公检法机构;公证鉴定机构,武侯区,104.078279,30.644809
四川省投资协会,government,政府机构及社会团体;社会团体;行业协会,锦江区,104.078885,30.646764
合江亭派出所合江亭警务室,government,政府机构及社会团体;公检法机构;公安警察,锦江区,104.079263,30.647391
成都市锦江区烟草专卖局,government,政府机构及社会团体;政府机关;区县级政府及事业单位,锦江区,104.080798,30.646963
四川省建设岗位培训与执业资格注册中心,government,政府机构及社会团体;公检法机构;公证鉴定机构,武侯区,104.074897,30.646164
合江亭街道办事处,government,政府机构及社会团体;政府机关;乡镇级政府及事业单位,锦江区,104.080927,30.647387
四川省舞台美术学会,government,政府机构及社会团体;社会团体;行业协会,武侯区,104.077088,30.640258
城管街道办事处,government,政府机构及社会团体;政府机关;乡镇级政府及事业单位,锦江区,104.079185,30.647819
国家职业技能鉴定所161所,government,政府机构及社会团体;政府及社会团体相关;政府及社会团体相关,武侯区,104.078859,30.644722
四川省发展改革委,government,政府机构及社会团体;政府及社会团体相关;政府及社会团体相关,锦江区,104.07883,30.646789
四川省旅游发展委员会,government,政府机构及社会团体;社会团体;社会团体相关,锦江区,104.079177,30.647335
四川音乐家协会吉他学会,government,政府机构及社会团体;政府及社会团体相关;政府及社会团体相关,武侯区,104.078175,30.641119
成都交投三管理站,government,政府机构及社会团体;政府及社会团体相关;政府及社会团体相关,锦江区,104.079927,30.646268
四川省肢体伤残康复中心-华川司法鉴定所,government,政府机构及社会团体;公检法机构;公证鉴定机构,武侯区,104.078308,30.642628
合江亭街道办事处劳动保障所,government,政府机构及社会团体;政府机关;乡镇级政府及事业单位,锦江区,104.080927,30.647387
中共锦江区纪委派驻区检察院纪检组,government,政府机构及社会团体;公检法机构;检察院,锦江区,104.081057,30.648194
四川省音乐文学学会,government,政府机构及社会团体;社会团体;行业协会,武侯区,104.076966,30.64039
锦江区科技产业局,government,政府机构及社会团体;政府机关;政府机关相关,锦江区,104.081098,30.648719
中国共产党成都市锦江区合江亭社区委员会,government,政府机构及社会团体;政府机关;区县级政府及事业单位,锦江区,104.07698,30.648527
中航爱老之家(合江亭店),government,政府机构及社会团体;政府及社会团体相关;政府及社会团体相关,锦江区,104.076902,30.648961
武侯区旧城改造领导小组办公室,government,政府机构及社会团体;政府机关;区县级政府及事业单位,武侯区,104.074469,30.644467
中国共产党成都市锦江区合江亭街道办事处合江亭社区委员会,government,政府机构及社会团体;政府机关;区县级政府及事业单位,锦江区,104.07698,30.648527
合江亭社区安全促进协会,government,政府机构及社会团体;社会团体;行业协会,锦江区,104.079408,30.647881
香港菌丝艺术基金,government,政府机构及社会团体;社会团体;慈善机构,锦江区,104.076395,30.648427
成都市锦江区人民检察院举报中心,government,政府机构及社会团体;公检法机构;检察院,锦江区,104.081222,30.648297
成都市公安局武侯区分局保安培训老师报名点,government,政府机构及社会团体;政府及社会团体相关;政府及社会团体相关,武侯区,104.078996,30.644537
中国艺术家协会四川省秘书处,government,政府机构及社会团体;政府及社会团体相关;政府及社会团体相关,武侯区,104.078859,30.644722
锦江区人民检察院控申举报接待室,government,政府机构及社会团体;公检法机构;检察院,锦江区,104.081222,30.648293
四川省治理荒漠化基金会,government,政府机构及社会团体;社会团体;慈善机构,锦江区,104.08076,30.647475
成都市锦江区合江亭街道协商民主议事会,government,政府机构及社会团体;政府及社会团体相关;政府及社会团体相关,锦江区,104.08091,30.647194
四川省发展和改革委员会对外综合服务大厅,government,政府机构及社会团体;政府及社会团体相关;政府及社会团体相关,锦江区,104.078837,30.646714
锦江区监察局派出合江亭街道办事处监察室,government,政府机构及社会团体;政府机关;乡镇级政府及事业单位,锦江区,104.080927,30.647387
临江东路社区居委会,government,政府机构及社会团体;政府机关;乡镇以下级政府及事业单位,武侯区,104.074127,30.644531
成都市经济和信息化委员会企业离退休干部致民路工作站,government,政府机构及社会团体;政府及社会团体相关;政府及社会团体相关,武侯区,104.078001,30.640881
成都市武侯区房地产业协会,government,政府机构及社会团体;社会团体;行业协会,武侯区,104.074469,30.644467
中共锦江区纪委派出合江亭街道纪律检查工作委员会,government,政府机构及社会团体;政府机关;乡镇级政府及事业单位,锦江区,104.080927,30.647387
中共临江东路社区委员会,government,政府机构及社会团体;政府机关;乡镇以下级政府及事业单位,武侯区,104.074127,30.644531
老马路社区居民委员会,government,政府机构及社会团体;政府机关;乡镇以下级政府及事业单位,武侯区,104.080278,30.641152
南江县驻成都办事处,government,政府机构及社会团体;政府机关;外地政府办,武侯区,104.073585,30.645232
甘孜州九龙县驻成都办事处,government,政府机构及社会团体;政府机关;外地政府办,武侯区,104.073585,30.645232
临江东路社区十五中街2号院院落党小组,government,政府机构及社会团体;政府机关;乡镇以下级政府及事业单位,武侯区,104.074391,30.645423
成都集思青年公益发展中心,government,政府机构及社会团体;社会团体;慈善机构,武侯区,104.082399,30.639929
临江东路社区十五中街2号院(2、3栋)民情代表议事会,government,政府机构及社会团体;政府机关;乡镇以下级政府及事业单位,武侯区,104.074106,30.645473
中共合江亭街道工作委员会,government,政府机构及社会团体;政府机关;乡镇级政府及事业单位,锦江区,104.080927,30.647387
合江亭社区流动人口服务管理工作室,government,政府机构及社会团体;公检法机构;社会治安机构,锦江区,104.079369,30.64787
四川省旅游发展委,government,政府机构及社会团体;政府及社会团体相关;政府及社会团体相关,锦江区,104.078731,30.646812
合江亭办事处,government,政府机构及社会团体;政府及社会团体相关;政府及社会团体相关,锦江区,104.080926,30.647414
武侯房管,government,政府机构及社会团体;政府及社会团体相关;政府及社会团体相关,武侯区,104.074067,30.6446
成空派出所,government,政府机构及社会团体;公检法机构;公安警察,武侯区,104.073649,30.640583
成大职称社会化评审申报点,government,政府机构及社会团体;政府机关;政府机关相关,锦江区,104.089601,30.643351
水井坊街道办事处社会组织指导服务中心,government,政府机构及社会团体;政府机关;乡镇级政府及事业单位,锦江区,104.0842,30.647922
成都市工商行政管理局,government,政府机构及社会团体;工商税务机构;工商部门,武侯区,104.084674,30.641809
成都市总商会,government,政府机构及社会团体;社会团体;行业协会,锦江区,104.089838,30.648267
水井坊街道办事处,government,政府机构及社会团体;政府机关;乡镇级政府及事业单位,锦江区,104.087965,30.643803
成都市水井坊派出所,government,政府机构及社会团体;公检法机构;公安警察,锦江区,104.088328,30.646539
成都市市场监督管理学会,government,政府机构及社会团体;政府机关;地市级政府及事业单位,武侯区,104.084636,30.64178
中国水电五局工会,government,政府机构及社会团体;社会团体;社会团体相关,锦江区,104.092096,30.649287
水井坊派出所水井坊警务室,government,政府机构及社会团体;公检法机构;公安警察,锦江区,104.084037,30.647864
水井坊工商所,government,政府机构及社会团体;工商税务机构;工商部门,锦江区,104.088103,30.646393
锦江区监察局,government,政府机构及社会团体;政府机关;区县级政府及事业单位,锦江区,104.089601,30.643351
四川省电石溶解乙炔行业协会,government,政府机构及社会团体;社会团体;行业协会,锦江区,104.086324,30.644519
成都市工商业联合会(总商会),government,政府机构及社会团体;社会团体;行业协会,锦江区,104.089838,30.648267
国家危险化学品质量监督检验中心(星桥街),government,政府机构及社会团体;公检法机构;公证鉴定机构,锦江区,104.086324,30.644519
中共水井坊社区委员会,government,政府机构及社会团体;政府机关;区县级政府及事业单位,锦江区,104.089118,30.647025
锦江区教育局,government,政府机构及社会团体;政府机关;区县级政府及事业单位,锦江区,104.087838,30.643721
成都绍兴商会,government,政府机构及社会团体;政府及社会团体相关;政府及社会团体相关,锦江区,104.089791,30.648384
全国磷酸盐情报协作组,government,政府机构及社会团体;政府机关;政府机关相关,锦江区,104.086324,30.644519
水井坊社区涵韵舞蹈协会,government,政府机构及社会团体;社会团体;行业协会,锦江区,104.088469,30.646775
莲新辖区人大代表工作室,government,政府机构及社会团体;政府机关;乡镇级政府及事业单位,锦江区,104.092679,30.640586
成都宁波经济促进会,government,政府机构及社会团体;政府及社会团体相关;政府及社会团体相关,锦江区,104.089791,30.648384
中共水井坊街道工作委员会,government,政府机构及社会团体;政府机关;乡镇级政府及事业单位,锦江区,104.087658,30.644088
成都市工商行政管理局商标监督管理分局,government,政府机构及社会团体;工商税务机构;工商部门,武侯区,104.083987,30.641228
中国质量认证中心成都分中心,government,政府机构及社会团体;政府及社会团体相关;政府及社会团体相关,武侯区,104.086343,30.641319
成都市消费者协会,government,政府机构及社会团体;社会团体;消费者协会,武侯区,104.084555,30.641768
成都宁波商会,government,政府机构及社会团体;政府及社会团体相关;政府及社会团体相关,锦江区,104.089791,30.648384
水井坊社区太阳鸟舞蹈协会,government,政府机构及社会团体;社会团体;行业协会,锦江区,104.088583,30.646787
成都市锦江区金融工作局,government,政府机构及社会团体;政府及社会团体相关;政府及社会团体相关,锦江区,104.088414,30.649324
莲新辖区政协委员工作室,government,政府机构及社会团体;政府机关;乡镇级政府及事业单位,锦江区,104.092679,30.640586
锦江区政协水井坊街道工作委员会,government,政府机构及社会团体;政府机关;乡镇级政府及事业单位,锦江区,104.087658,30.644088
成都市工商经济信息中心查询窗口,government,政府机构及社会团体;政府机关;政府机关相关,武侯区,104.084395,30.641472
锦江区纪检委,government,政府机构及社会团体;政府机关;政府机关相关,锦江区,104.089601,30.643351
水井坊社区快乐三点半协会,government,政府机构及社会团体;社会团体;行业协会,锦江区,104.088469,30.646775
中国水电五局团委,government,政府机构及社会团体;社会团体;共青团,锦江区,104.092096,30.649287
创富港成都分部成都商会分中心,government,政府机构及社会团体;政府及社会团体相关;政府及社会团体相关,锦江区,104.089883,30.648183
水井坊街道办事处信访代理工作室,government,政府机构及社会团体;政府机关;乡镇级政府及事业单位,锦江区,104.087658,30.644088
成都市锦江区水井坊文体协会,government,政府机构及社会团体;社会团体;行业协会,锦江区,104.088541,30.646741
马来西亚外贸促进中心成都代表处,government,政府机构及社会团体;政府及社会团体相关;政府及社会团体相关,锦江区,104.084485,30.645147
公安,government,政府机构及社会团体;政府及社会团体相关;政府及社会团体相关,锦江区,104.092695,30.640559
锦官驿社区关爱站,government,政府机构及社会团体;社会团体;慈善机构,锦江区,104.089035,30.646919
水井坊街道办事处兰桂坊管理科,government,政府机构及社会团体;政府机关;政府机关相关,锦江区,104.0842,30.647922
四川省化肥产品质量监督检验站,government,政府机构及社会团体;公检法机构;公证鉴定机构,锦江区,104.086324,30.644519
九眼桥社区养老助残关爱站,government,政府机构及社会团体;社会团体;慈善机构,锦江区,104.091511,30.641826
莲花西路社区居民委员会,government,政府机构及社会团体;政府机关;乡镇以下级政府及事业单位,锦江区,104.0934,30.641679
四川省农药产品质量监督检验一站,government,政府机构及社会团体;公检法机构;公证鉴定机构,锦江区,104.086324,30.644519
成都市锦江区水井坊牵手互助中心,government,政府机构及社会团体;社会团体;慈善机构|生活服务;生活服务场所;生活服务场所,锦江区,104.088541,30.646741
新桂社区人民调解委员会,government,政府机构及社会团体;政府机关;乡镇以下级政府及事业单位,锦江区,104.092104,30.640557
四川省职业安全健康协会危险化学品分会,government,政府机构及社会团体;社会团体;行业协会,锦江区,104.086324,30.644519
与孩子一起成长家长志愿者协会,government,政府机构及社会团体;社会团体;社会团体相关,锦江区,104.088541,30.646741
锦江区莲新街道办事处晶蓝社区志愿服务工作站,government,政府机构及社会团体;政府及社会团体相关;政府及社会团体相关,锦江区,104.092273,30.645462
成都市锦江区司法局水井坊司法所,government,政府机构及社会团体;公检法机构;公检法机关,锦江区,104.087658,30.644088
成都市化工技术情报中心站,government,政府机构及社会团体;政府机关;地市级政府及事业单位,锦江区,104.086324,30.644519
水井坊街道锦官驿社区居民委员会,government,政府机构及社会团体;政府机关;乡镇以下级政府及事业单位,锦江区,104.089119,30.647023
中共水井坊区域工作委员会,government,政府机构及社会团体;政府机关;乡镇以下级政府及事业单位,锦江区,104.087658,30.644088
四川省化学矿产产品质量监督检验站,government,政府机构及社会团体;公检法机构;公证鉴定机构,锦江区,104.086324,30.644519
水井坊街道办事处劳动争议调解委员会,government,政府机构及社会团体;公检法机构;公检法机关,锦江区,104.087658,30.644088
莲新派出所九眼桥警务室,government,政府机构及社会团体;公检法机构;社会治安机构,锦江区,104.092623,30.640637
中共水井坊社区纪律检查委员会,government,政府机构及社会团体;政府机关;乡镇以下级政府及事业单位,锦江区,104.086717,30.647037
中共锦官驿社区纪律检查委员会,government,政府机构及社会团体;政府机关;乡镇以下级政府及事业单位,锦江区,104.089119,30.647023
中共锦官驿社区委员会(年丰巷),government,政府机构及社会团体;政府机关;乡镇以下级政府及事业单位,锦江区,104.089119,30.647023
中共水井坊街道水井坊社区委员会,government,政府机构及社会团体;政府机关;乡镇以下级政府及事业单位,锦江区,104.086717,30.647041
水井坊街道水井坊社区居民委员会,government,政府机构及社会团体;政府机关;乡镇以下级政府及事业单位,锦江区,104.086717,30.647037
中共锦江区莲新街道晶蓝社区党委,government,政府机构及社会团体;政府机关;乡镇以下级政府及事业单位,锦江区,104.092323,30.645507
中共锦官驿社区委员会(光辉岁月南),government,政府机构及社会团体;政府机关;乡镇以下级政府及事业单位,锦江区,104.088348,30.646448
水井坊街道为老助残关爱中心,government,政府机构及社会团体;社会团体;慈善机构,锦江区,104.089035,30.646919
成都市工商经济信息中心,government,政府机构及社会团体;工商税务机构;工商税务机构,武侯区,104.084441,30.641456
成都化工研究设计院工会,government,政府机构及社会团体;社会团体;社会团体相关,锦江区,104.086324,30.644519
上海英格尔认证成都办事处,government,政府机构及社会团体;公检法机构;公证鉴定机构,锦江区,104.090945,30.647301
川检所工业与民用建筑室内环境污染检测中心,government,政府机构及社会团体;公检法机构;公证鉴定机构,锦江区,104.086324,30.644519
兴蓉产权交易所,government,政府机构及社会团体;政府及社会团体相关;政府及社会团体相关,武侯区,104.085928,30.639544
12315指挥中心,government,政府机构及社会团体;政府及社会团体相关;政府及社会团体相关,武侯区,104.084635,30.641771
成都锦江区社会关爱援助中心,government,政府机构及社会团体;社会团体;慈善机构,锦江区,104.094857,30.643851
牛市口街道办事处,government,政府机构及社会团体;政府机关;乡镇级政府及事业单位,锦江区,104.099977,30.645735
莲新街道海椒市社区社会组织活动中心,government,政府机构及社会团体;政府机关;乡镇以下级政府及事业单位,锦江区,104.101595,30.640033
牛市口派出所,government,政府机构及社会团体;公检法机构;公安警察,锦江区,104.10144,30.643366
成都市锦江区交通局,government,政府机构及社会团体;政府机关;区县级政府及事业单位,锦江区,104.099507,30.640167
莲新派出所,government,政府机构及社会团体;公检法机构;公安警察,锦江区,104.096589,30.642589
锦江区建设局,government,政府机构及社会团体;政府机关;区县级政府及事业单位,锦江区,104.103339,30.642612
成都市国土资源局锦江分局,government,政府机构及社会团体;政府机关;区县级政府及事业单位,锦江区,104.09395,30.646601
成都市锦江区红十字会,government,政府机构及社会团体;社会团体;红十字会,锦江区,104.099467,30.64035
莲心派出所一心桥警务室,government,政府机构及社会团体;公检法机构;公安警察,锦江区,104.099803,30.641805
莲新派出所宏济路警务室,government,政府机构及社会团体;公检法机构;公安警察,锦江区,104.094865,30.643143
锦江区高等教育自学考试委员会办公室,government,政府机构及社会团体;政府机关;区县级政府及事业单位,锦江区,104.097304,30.649085
牛市口派出所现代职业技术学校校园警务室,government,政府机构及社会团体;公检法机构;公安警察,锦江区,104.097249,30.648882
海椒市社区居委会,government,政府机构及社会团体;政府机关;乡镇以下级政府及事业单位,锦江区,104.101535,30.639963
成都市路灯管理处工程队,government,政府机构及社会团体;政府机关;地市级政府及事业单位,锦江区,104.096583,30.647624
锦江区大学中专招生委员会办公室,government,政府机构及社会团体;政府机关;区县级政府及事业单位,锦江区,104.097304,30.649085
成都市成华区棋牌协会,government,政府机构及社会团体;社会团体;社会团体相关,锦江区,104.096576,30.645863
成都市锦江区大中专招生办公室,government,政府机构及社会团体;政府机关;区县级政府及事业单位,锦江区,104.097331,30.649123
治安报警点,government,政府机构及社会团体;政府机关;政府机关相关,锦江区,104.09374,30.643055
成都市锦江区公路管理所,government,政府机构及社会团体;政府机关;区县级政府及事业单位,锦江区,104.099467,30.64035
锦江区工商联,government,政府机构及社会团体;政府及社会团体相关;政府及社会团体相关,锦江区,104.099439,30.640266
中共锦江区纪委驻区市政局纪检组,government,政府机构及社会团体;政府机关;区县级政府及事业单位,锦江区,104.099507,30.640167
值班室,government,政府机构及社会团体;政府机关;政府机关相关,锦江区,104.09374,30.643055
中共锦江区纪委派驻区交通局纪检组,government,政府机构及社会团体;政府机关;区县级政府及事业单位,锦江区,104.099405,30.640228
四川中机建设工程质量检测中心,government,政府机构及社会团体;公检法机构;公证鉴定机构,锦江区,104.099642,30.64172
计兔儿保区,government,政府机构及社会团体;政府及社会团体相关;政府及社会团体相关,锦江区,104.094842,30.640261
锦江区科协,government,政府机构及社会团体;社会团体;社会团体相关,锦江区,104.099439,30.640263
锦江区道路运输协会,government,政府机构及社会团体;社会团体;行业协会,锦江区,104.099479,30.640245
司法行政,government,政府机构及社会团体;政府及社会团体相关;政府及社会团体相关,锦江区,104.094347,30.644127
东四街社区委员会,government,政府机构及社会团体;政府机关;乡镇以下级政府及事业单位,锦江区,104.099212,30.643703
中国成都市锦江区莲新街道宏洛路社区党委,government,政府机构及社会团体;政府机关;区县级政府及事业单位,锦江区,104.094347,30.644127
牛市口派出所微型消防站,government,政府机构及社会团体;政府及社会团体相关;政府及社会团体相关,锦江区,104.101281,30.643481
成都市锦江区交通行政执法大队,government,政府机构及社会团体;交通车辆管理;交通管理机构,锦江区,104.099405,30.640228
四川省石油和化工商会围棋俱乐部,government,政府机构及社会团体;社会团体;社会团体相关,锦江区,104.096576,30.645863
成都市锦江区交通运输管理所(海椒市街),government,政府机构及社会团体;交通车辆管理;交通管理机构,锦江区,104.099467,30.64035
锦江区司法局海椒市社区法律服务工作室,government,政府机构及社会团体;政府及社会团体相关;政府及社会团体相关,锦江区,104.101511,30.63991
锦江区党员关爱援助中心,government,政府机构及社会团体;社会团体;慈善机构,锦江区,104.094799,30.643856
宏济路社区居委会,government,政府机构及社会团体;政府机关;乡镇以下级政府及事业单位,锦江区,104.094216,30.644268
经华南路社区居委会,government,政府机构及社会团体;政府机关;乡镇以下级政府及事业单位,锦江区,104.101687,30.647432
中共海椒市社区党委,government,政府机构及社会团体;政府机关;乡镇以下级政府及事业单位,锦江区,104.101535,30.639963
成都市锦江区市政建设管理局(中共锦江区纪委派驻区交通局纪检组东),government,政府机构及社会团体;政府机关;区县级政府及事业单位,锦江区,104.099405,30.640228
莲新街道海椒市社区,government,政府机构及社会团体;政府机关;乡镇以下级政府及事业单位,锦江区,104.101511,30.63991
华成路社区居委会,government,政府机构及社会团体;政府机关;乡镇以下级政府及事业单位,锦江区,104.098917,30.646928
莲新街道办事处矛盾纠纷大调解协调中心,government,政府机构及社会团体;政府机关;乡镇级政府及事业单位,锦江区,104.094369,30.644167
成都市锦江区规划分局,government,政府机构及社会团体;政府机关;政府机关相关,锦江区,104.103059,30.642576
牛市口街道办事处劳动保障所,government,政府机构及社会团体;政府机关;乡镇级政府及事业单位,锦江区,104.098917,30.646928
中共海椒市社区委员会,government,政府机构及社会团体;政府机关;乡镇以下级政府及事业单位,锦江区,104.101535,30.639963
中共莲新街道宏济路社区党委,government,政府机构及社会团体;政府机关;乡镇以下级政府及事业单位,锦江区,104.094216,30.644268
中共经华南路社区总支部委员会,government,政府机构及社会团体;政府机关;乡镇以下级政府及事业单位,锦江区,104.101687,30.647432
莲新派出所海椒市警务室,government,政府机构及社会团体;公检法机构;社会治安机构,锦江区,104.101597,30.639935
一心桥社区居委会,government,政府机构及社会团体;政府机关;乡镇以下级政府及事业单位,锦江区,104.097839,30.642096
牛市口街道办事处社区公共服务站,government,政府机构及社会团体;政府机关;乡镇以下级政府及事业单位,锦江区,104.098917,30.646928
成都市锦江区司法局莲新司法所,government,政府机构及社会团体;公检法机构;公检法机关,锦江区,104.094306,30.644207
成都市城市照明管理处城北管理所,government,政府机构及社会团体;政府机关;地市级政府及事业单位,锦江区,104.096546,30.647667
成都市国土资源局锦江分局信访接待室,government,政府机构及社会团体;政府机关;区县级政府及事业单位,锦江区,104.093661,30.646783
成都市锦江区司法局牛市口司法所,government,政府机构及社会团体;公检法机构;公检法机关,锦江区,104.098917,30.646928
牛市口街道华成路社区党支部,government,政府机构及社会团体;政府机关;乡镇以下级政府及事业单位,锦江区,104.098917,30.646928
事务管理委员会,government,政府机构及社会团体;政府及社会团体相关;政府及社会团体相关,锦江区,104.097262,30.644689
城市照明管理处,government,政府机构及社会团体;政府及社会团体相关;政府及社会团体相关,锦江区,104.096462,30.647555
得胜社区办公室,government,政府机构及社会团体;政府及社会团体相关;政府及社会团体相关,锦江区,104.103282,30.642608
绿氧生态环境保护中心,government,政府机构及社会团体;政府及社会团体相关;政府及社会团体相关,锦江区,104.094711,30.643934
三圣街道办事处,government,政府机构及社会团体;政府机关;乡镇级政府及事业单位,锦江区,104.094484,30.644065
省地矿九一五成都分院,government,政府机构及社会团体;政府机关;省直辖市级政府及事业单位,成华区,104.113021,30.64425
牛市口派出所牛市口路警务室,government,政府机构及社会团体;公检法机构;公安警察,锦江区,104.103816,30.646884
双桂路派出所,government,政府机构及社会团体;公检法机构;公安警察,锦江区,104.106281,30.644279
成都市锦江区危旧房改造中心,government,政府机构及社会团体;政府机关;区县级政府及事业单位,锦江区,104.103645,30.642485
双桥社区居委会(双桥路南一街),government,政府机构及社会团体;政府机关;乡镇以下级政府及事业单位,成华区,104.107346,30.64884
牛市口街道为老助残关爱中心,government,政府机构及社会团体;社会团体;慈善机构,锦江区,104.103847,30.64255
锦江区双桂路辖区治安巡逻队,government,政府机构及社会团体;公检法机构;社会治安机构,锦江区,104.106248,30.644337
牛市口街道办事处养老助残关爱中心,government,政府机构及社会团体;社会团体;慈善机构,锦江区,104.103843,30.642549
人民东路派出所,government,政府机构及社会团体;公检法机构;公安警察,锦江区,104.106246,30.644328
市场监管办公室,government,政府机构及社会团体;政府及社会团体相关;政府及社会团体相关,成华区,104.121024,30.645647
万年场街道华润社区筹备委员会,government,政府机构及社会团体;政府机关;乡镇以下级政府及事业单位,成华区,104.11526,30.647973
华润社区筹备委员会工会联合会,government,政府机构及社会团体;政府机关;乡镇以下级政府及事业单位,成华区,104.115152,30.64801
万年派出所长天路东社区警务室,government,政府机构及社会团体;公检法机构;社会治安机构,成华区,104.121319,30.646006
街道办公室,government,政府机构及社会团体;政府及社会团体相关;政府及社会团体相关,成华区,104.123479,30.64913
成都市体工队,government,政府机构及社会团体;社会团体;社会团体相关,成华区,104.127043,30.642376
成都市网球运动管理中心,government,政府机构及社会团体;政府机关;地市级政府及事业单位,成华区,104.126959,30.642383
成都市田径运动协会,government,政府机构及社会团体;社会团体;行业协会,成华区,104.12696,30.642383
成都市田径运动管理中心,government,政府机构及社会团体;政府机关;地市级政府及事业单位,成华区,104.12696,30.642381
东虹路社区居委会,government,政府机构及社会团体;政府机关;乡镇以下级政府及事业单位,成华区,104.133416,30.639775
中共杨柳社区区域委员会,government,政府机构及社会团体;政府机关;乡镇以下级政府及事业单位,成华区,104.127501,30.647107
杨柳社区居委会(东成路),government,政府机构及社会团体;政府机关;乡镇以下级政府及事业单位,成华区,104.127501,30.647107
中共杨柳社区总支部委员会,government,政府机构及社会团体;政府机关;乡镇以下级政府及事业单位,成华区,104.127501,30.647107
联合国儿童基金会成都合作项目办公室,government,政府机构及社会团体;政府及社会团体相关;政府及社会团体相关,成华区,104.126706,30.649175
杨柳社区慈善捐赠站,government,政府机构及社会团体;社会团体;慈善机构,成华区,104.127549,30.647105
中共东虹路社区支部委员会,government,政府机构及社会团体;政府机关;乡镇以下级政府及事业单位,成华区,104.133418,30.639777
集通汽车检测站,government,政府机构及社会团体;交通车辆管理;验车场,成华区,104.13665,30.644582
四川出入境检验检疫局监管场站,government,政府机构及社会团体;政府机关;省直辖市级政府及事业单位,成华区,104.136958,30.64334
集通汽车综合性能检测有限责任公司,government,政府机构及社会团体;交通车辆管理;验车场,成华区,104.136612,30.644533
校园警卫室,government,政府机构及社会团体;政府及社会团体相关;政府及社会团体相关,成华区,104.139477,30.64851
成都海关监管场站,government,政府机构及社会团体;政府机关;地市级政府及事业单位,成华区,104.136958,30.64334
中共中铁二局成都地铁7号线项目委员会,government,政府机构及社会团体;政府及社会团体相关;政府及社会团体相关,成华区,104.134786,30.645666
中共迎晖社区委员会,government,政府机构及社会团体;政府机关;乡镇以下级政府及事业单位,成华区,104.152431,30.64668
四川省非物质文化遗产保护基地,government,政府机构及社会团体;政府及社会团体相关;政府及社会团体相关,成华区,104.152702,30.646902
迎晖社区居委会(十陵立交),government,政府机构及社会团体;政府机关;乡镇以下级政府及事业单位,成华区,104.152432,30.646681
成都市成华区互联网上网服务行业协会会员单位,government,政府机构及社会团体;政府及社会团体相关;政府及社会团体相关,成华区,104.151752,30.646622
保和街道迎晖社区慈善捐赠站,government,政府机构及社会团体;社会团体;慈善机构,成华区,104.15243,30.646679
太平洋保险公司城东拆检中心,government,政府机构及社会团体;交通车辆管理;验车场,成华区,104.156684,30.642675
成都高地CNG气瓶检验,government,政府机构及社会团体;政府机关;政府机关相关,成华区,104.155658,30.643192
武侯区人民政府政务服务中心,government,政府机构及社会团体;政府机关;区县级政府及事业单位,武侯区,103.971888,30.634773
武侯区人力资源与社会保障局,government,政府机构及社会团体;政府机关;区县级政府及事业单位,武侯区,103.971963,30.634885
武侯区公安局办证中心,government,政府机构及社会团体;公检法机构;公安警察|政府机构及社会团体;公检法机构;公证鉴定机构,武侯区,103.971813,30.634828
武侯区市民中心,government,政府机构及社会团体;政府机关;区县级政府及事业单位,武侯区,103.972157,30.634456
成都市武侯区统计局,government,政府机构及社会团体;政府机关;区县级政府及事业单位,武侯区,103.971833,30.635222
武侯新城政务服务分中心,government,政府机构及社会团体;政府机关;区县级政府及事业单位,武侯区,103.969373,30.631723
武侯区地税局政务大厅,government,政府机构及社会团体;工商税务机构;地税机关,武侯区,103.971708,30.634822
武侯政务中心大厅,government,政府机构及社会团体;政府机关;区县级政府及事业单位,武侯区,103.971786,30.634835
武侯区地税局办税服务厅,government,政府机构及社会团体;工商税务机构;地税机关,武侯区,103.971806,30.634827
四川省成都市武侯区地方税务局,government,政府机构及社会团体;工商税务机构;地税机关,武侯区,103.971818,30.634831
居民身份证人像采集点,government,政府机构及社会团体;公检法机构;公安警察,武侯区,103.971816,30.634858
武侯出入境管理中心,government,政府机构及社会团体;政府机关;区县级政府及事业单位,武侯区,103.971768,30.634808
武侯区人才流动开发服务中心(区人事考试与培训中心),government,政府机构及社会团体;政府机关;区县级政府及事业单位,武侯区,103.971291,30.635175
成都市武侯区行政审批局,government,政府机构及社会团体;政府机关;区县级政府及事业单位,武侯区,103.972146,30.634392
武侯区发展和改革局,government,政府机构及社会团体;政府及社会团体相关;政府及社会团体相关,武侯区,103.971768,30.634808
西部智谷政务中心,government,政府机构及社会团体;政府及社会团体相关;政府及社会团体相关,武侯区,103.971768,30.634808
西安电子科技大学四川校友会,government,政府机构及社会团体;政府及社会团体相关;政府及社会团体相关,武侯区,103.970771,30.631905
成都市武侯区市场监督管理局,government,政府机构及社会团体;政府及社会团体相关;政府及社会团体相关,武侯区,103.971264,30.634934
成都市武侯区劳动人事争议仲裁委员会,government,政府机构及社会团体;政府及社会团体相关;政府及社会团体相关,武侯区,103.971502,30.634755
瓦房村警务室,government,政府机构及社会团体;公检法机构;社会治安机构,武侯区,103.969225,30.630496
武侯区公证处,government,政府机构及社会团体;公检法机构;公证鉴定机构,武侯区,103.971659,30.634799
西部智谷B区政务服务中心,government,政府机构及社会团体;政府及社会团体相关;政府及社会团体相关,武侯区,103.971042,30.633302
武侯区社保大厅,government,政府机构及社会团体;政府及社会团体相关;政府及社会团体相关,武侯区,103.970648,30.634425
武侯区商务局,government,政府机构及社会团体;政府机关;区县级政府及事业单位,武侯区,103.970648,30.634425
四川省危险化学品登记注册中心,government,政府机构及社会团体;政府机关;省直辖市级政府及事业单位,武侯区,103.975206,30.632789
四川省矿山防治水中心(武兴四路),government,政府机构及社会团体;政府机关;省直辖市级政府及事业单位,武侯区,103.975202,30.632792
四川省安全生产监察执法总队(武科西四路),government,政府机构及社会团体;政府机关;省直辖市级政府及事业单位,武侯区,103.975204,30.632792
中共四川煤矿安全监察局安全技术中心委员会,government,政府机构及社会团体;政府机关;省直辖市级政府及事业单位,武侯区,103.975204,30.632792
四川煤矿安全监察局川西监察分局,government,政府机构及社会团体;政府机关;政府机关相关,武侯区,103.975204,30.632792
成都科技企业孵化器协会,government,政府机构及社会团体;政府及社会团体相关;政府及社会团体相关,武侯区,103.978434,30.637851
四川省生产安全应急救援信息中心,government,政府机构及社会团体;政府机关;省直辖市级政府及事业单位,武侯区,103.975204,30.632792
国家职业技能鉴定所,government,政府机构及社会团体;公检法机构;公证鉴定机构,武侯区,103.980318,30.634427
四川煤矿安全监察局安全技术中心,government,政府机构及社会团体;政府机关;省直辖市级政府及事业单位,武侯区,103.975204,30.632784
四川省安全生产检测检验中心,government,政府机构及社会团体;公检法机构;公证鉴定机构,武侯区,103.975207,30.632789
四川省安全生产监督管理局安全技术中心,government,政府机构及社会团体;政府机关;省直辖市级政府及事业单位,武侯区,103.975204,30.632792
世界华人科幻协会,government,政府机构及社会团体;社会团体;行业协会,武侯区,103.974107,30.637149
出租汽车回场检查站,government,政府机构及社会团体;政府及社会团体相关;政府及社会团体相关,武侯区,103.979052,30.638469
吉利汽车登记服务站,government,政府机构及社会团体;政府及社会团体相关;政府及社会团体相关,武侯区,103.977925,30.633799
全球华语科幻星云奖组委会,government,政府机构及社会团体;政府及社会团体相关;政府及社会团体相关,武侯区,103.974468,30.636981
四川省轻工业设计师联合会,government,政府机构及社会团体;社会团体;社会团体相关,武侯区,103.974157,30.63579
四川省职业安全健康协会,government,政府机构及社会团体;政府及社会团体相关;政府及社会团体相关,武侯区,103.976258,30.632258
四川省职业危害检测与鉴定实验室,government,政府机构及社会团体;政府及社会团体相关;政府及社会团体相关,武侯区,103.975236,30.632753
潮音社区居民议事会,government,政府机构及社会团体;政府机关;乡镇以下级政府及事业单位,武侯区,103.975407,30.639637
四川省轻工业设计师联合会(武兴四路),government,政府机构及社会团体;社会团体;社会团体相关,武侯区,103.975028,30.636863
中国潮音社区集体经济组织支部委员会,government,政府机构及社会团体;政府机关;乡镇以下级政府及事业单位,武侯区,103.975405,30.639637
川西分局,government,政府机构及社会团体;政府及社会团体相关;政府及社会团体相关,武侯区,103.975657,30.631971
成都市医疗器械及药品包装材料检验所,government,政府机构及社会团体;公检法机构;公证鉴定机构,武侯区,103.985877,30.634154
武侯区政府投资项目评审管理中心,government,政府机构及社会团体;政府及社会团体相关;政府及社会团体相关,武侯区,103.985918,30.632121
四川省水产局(武兴一路),government,政府机构及社会团体;政府机关;省直辖市级政府及事业单位,武侯区,103.98849,30.6378
武侯新城建设管理委员会(武兴二路),government,政府机构及社会团体;政府机关;政府机关相关,武侯区,103.986002,30.632193
成都市农业质量监测中心,government,政府机构及社会团体;政府机关;地市级政府及事业单位,武侯区,103.985877,30.634154
四川省渔政船检港监管理处(武兴一路),government,政府机构及社会团体;政府机关;省直辖市级政府及事业单位,武侯区,103.98849,30.6378
武侯区国家税务局税源管理三科,government,政府机构及社会团体;工商税务机构;国税机关,武侯区,103.984669,30.631487
四川省珍稀鱼类国家级自然保护区管理局,government,政府机构及社会团体;政府机关;省直辖市级政府及事业单位,武侯区,103.98849,30.6378
成都市食品药品检验所,government,政府机构及社会团体;公检法机构;公证鉴定机构,武侯区,103.985877,30.634154
武侯机动车检测站,government,政府机构及社会团体;交通车辆管理;验车场,武侯区,103.988881,30.637058
成都市武侯区商务局,government,政府机构及社会团体;政府机关;区县级政府及事业单位,武侯区,103.985918,30.632118
武侯区车辆年审点,government,政府机构及社会团体;交通车辆管理;验车场,武侯区,103.988377,30.636474
成都明友智胜机动车安全技术检测站,government,政府机构及社会团体;交通车辆管理;验车场|公司企业;公司;公司,武侯区,103.988832,30.637116
中共四川渔业船舶检验局,government,政府机构及社会团体;公检法机构;公证鉴定机构,武侯区,103.98849,30.6378
四川新瑞鑫检测有限公司,government,政府机构及社会团体;公检法机构;公证鉴定机构,武侯区,103.985609,30.632928
四川德宇司法鉴定所咨询处,government,政府机构及社会团体;公检法机构;公证鉴定机构,武侯区,103.992269,30.634682
成都市食品药品检验研究院,government,政府机构及社会团体;公检法机构;公证鉴定机构,武侯区,103.985877,30.634154
侯区流动妇女平安之家,government,政府机构及社会团体;政府及社会团体相关;政府及社会团体相关,武侯区,103.993602,30.639056
社区工会,government,政府机构及社会团体;政府及社会团体相关;政府及社会团体相关,武侯区,103.993602,30.639056
轻微道路交通事故快速处理中心,government,政府机构及社会团体;交通车辆管理;交通管理机构,武侯区,103.984371,30.63535
城南交管所C2幢,government,政府机构及社会团体;交通车辆管理;交通管理机构,武侯区,103.986844,30.632735
成都口岸药品检验所,government,政府机构及社会团体;公检法机构;公证鉴定机构,武侯区,103.985877,30.634154
成都市武侯区发改局,government,政府机构及社会团体;政府机关;政府机关相关,武侯区,103.985918,30.632121
成都市种子质量监督检验站,government,政府机构及社会团体;公检法机构;公证鉴定机构,武侯区,103.985877,30.634154
成都市机投工商所,government,政府机构及社会团体;工商税务机构;工商部门,武侯区,103.987094,30.632378
成都市无公害蔬菜市场监测中心,government,政府机构及社会团体;公检法机构;公证鉴定机构,武侯区,103.985884,30.634162
中共潮音村支部委员会,government,政府机构及社会团体;政府机关;乡镇以下级政府及事业单位,武侯区,103.986709,30.639228
潮音村村委会,government,政府机构及社会团体;政府机关;乡镇以下级政府及事业单位,武侯区,103.986709,30.63923
四川省城镇供水排水协会水质管理专业委员会,government,政府机构及社会团体;政府及社会团体相关;政府及社会团体相关,武侯区,103.992196,30.631912
簇锦派出所团结社区警务室,government,政府机构及社会团体;公检法机构;社会治安机构,武侯区,103.985141,30.631005
团结社区残协,government,政府机构及社会团体;社会团体;残联,武侯区,103.985315,30.631033
武侯车检所,government,政府机构及社会团体;交通车辆管理;车辆管理机构,武侯区,103.988142,30.636203
武侯区慈善惠民超市(武科东四路),government,政府机构及社会团体;社会团体;慈善机构,武侯区,103.986878,30.638563
成都市交通运输行政执法总队三大队,government,政府机构及社会团体;交通车辆管理;交通执法站,武侯区,103.987467,30.632329
社会矛盾纠纷大调解协调中心,government,政府机构及社会团体;政府及社会团体相关;政府及社会团体相关,武侯区,103.999855,30.638654
簇锦街道办事处社会事务服务中心,government,政府机构及社会团体;政府机关;乡镇级政府及事业单位,武侯区,103.999864,30.638901
簇锦派出所,government,政府机构及社会团体;公检法机构;公安警察,武侯区,104.000299,30.638637
簇锦街道顺和社区食品安全协管站,government,政府机构及社会团体;政府及社会团体相关;政府及社会团体相关,武侯区,104.00154,30.637231
簇锦街道办事处,government,政府机构及社会团体;政府机关;乡镇以下级政府及事业单位|政府机构及社会团体;政府机关;乡镇级政府及事业单位,武侯区,103.999864,30.638901
武侯区人大常委会簇锦街道工作委员会,government,政府机构及社会团体;政府机关;乡镇级政府及事业单位,武侯区,103.999864,30.638901
果堰社区居委会,government,政府机构及社会团体;政府机关;乡镇以下级政府及事业单位,武侯区,103.994268,30.638643
中共簇锦街道工作委员会,government,政府机构及社会团体;政府机关;乡镇以下级政府及事业单位,武侯区,103.999864,30.638901
顺和社区居委会(大悦路),government,政府机构及社会团体;政府机关;乡镇以下级政府及事业单位,武侯区,104.00227,30.63264
机投桥街道果堰社区居民议事会,government,政府机构及社会团体;社会团体;社会团体相关,武侯区,103.994268,30.638643
中共顺和社区支部委员会(大悦路),government,政府机构及社会团体;政府机关;乡镇以下级政府及事业单位,武侯区,104.00227,30.63264
中共机投桥街道果堰社区委员会,government,政府机构及社会团体;政府机关;乡镇以下级政府及事业单位,武侯区,103.994268,30.638643
成都市武侯区房产管理局簇锦房管局,government,政府机构及社会团体;政府及社会团体相关;政府及社会团体相关,武侯区,104.011924,30.639341
高碑社区居委会,government,政府机构及社会团体;政府机关;乡镇以下级政府及事业单位,武侯区,104.007876,30.632427
武侯区房产管理局簇锦房管所,government,政府机构及社会团体;政府机关;乡镇级政府及事业单位,武侯区,104.012028,30.639362
武侯区医药协会晋阳街道辖区工作站,government,政府机构及社会团体;社会团体;行业协会,武侯区,104.008996,30.638228
太平社区居委会(永顺街),government,政府机构及社会团体;政府机关;乡镇以下级政府及事业单位,武侯区,104.017827,30.634766
成都市汽车行业商会,government,政府机构及社会团体;社会团体;行业协会,武侯区,104.022797,30.629891
武侯区市政设施养护处,government,政府机构及社会团体;政府机关;区县级政府及事业单位,武侯区,104.018876,30.636693
驴友拼途户外俱乐部,government,政府机构及社会团体;社会团体;社会团体相关,武侯区,104.022773,30.632195
赤水市第三纪工委,government,政府机构及社会团体;政府及社会团体相关;政府及社会团体相关,武侯区,104.020127,30.636813
机动车登记服务站,government,政府机构及社会团体;政府及社会团体相关;政府及社会团体相关,武侯区,104.022457,30.629843
威固隔热膜鉴定中心,government,政府机构及社会团体;公检法机构;公证鉴定机构,武侯区,104.019449,30.635601
成都市汽车汽配行业协会,government,政府机构及社会团体;社会团体;行业协会,武侯区,104.022797,30.629891
四川省汽车汽配行业协会,government,政府机构及社会团体;社会团体;行业协会,武侯区,104.022797,30.629891
武侯区红牌楼街道太平社区,government,政府机构及社会团体;政府机关;乡镇以下级政府及事业单位,武侯区,104.017825,30.634765
中共太平社区纪律检查委员会,government,政府机构及社会团体;政府机关;乡镇以下级政府及事业单位,武侯区,104.017825,30.634765
中共太平社区委员会(永顺街),government,政府机构及社会团体;政府机关;乡镇以下级政府及事业单位,武侯区,104.017827,30.634766
红牌楼派出所太平警务室,government,政府机构及社会团体;公检法机构;社会治安机构,武侯区,104.017579,30.62993
楠欣社区社会治安管理工作服务站,government,政府机构及社会团体;公检法机构;社会治安机构,武侯区,104.033109,30.63906
中国品牌联盟,government,政府机构及社会团体;政府及社会团体相关;政府及社会团体相关,武侯区,104.032353,30.636015
成都市武侯区公路管理所,government,政府机构及社会团体;政府机关;区县级政府及事业单位,武侯区,104.026114,30.629519
成都市武侯区地方海事处,government,政府机构及社会团体;政府机关;区县级政府及事业单位,武侯区,104.026114,30.629519
成都市武侯区三轮客车管理站,government,政府机构及社会团体;政府机关;区县级政府及事业单位,武侯区,104.026114,30.629519
武侯区地方税务局办税服务厅,government,政府机构及社会团体;工商税务机构;地税机关,武侯区,104.032326,30.634111
国家职业技能鉴定所,government,政府机构及社会团体;政府机关;政府机关相关,武侯区,104.02566,30.636008
广东增城商会,government,政府机构及社会团体;社会团体;行业协会,武侯区,104.024153,30.630471
武侯区红牌楼街道办事处,government,政府机构及社会团体;政府机关;乡镇级政府及事业单位,武侯区,104.025028,30.632628
成都市工商联诸暨商会,government,政府机构及社会团体;政府及社会团体相关;政府及社会团体相关,武侯区,104.031096,30.633559
四川省鞋业协会,government,政府机构及社会团体;政府及社会团体相关;政府及社会团体相关,武侯区,104.027352,30.63697
双流区临空汽配商圈招商办公室,government,政府机构及社会团体;政府机关;区县级政府及事业单位,武侯区,104.024654,30.634764
成都市中小企业协会,government,政府机构及社会团体;社会团体;行业协会,武侯区,104.031624,30.634827
成都市武侯区交通运输管理所,government,政府机构及社会团体;交通车辆管理;交通管理机构,武侯区,104.026114,30.629519
中共成都博润白癜风医院支部委员会,government,政府机构及社会团体;社会团体;社会团体相关,武侯区,104.025522,30.636432
四川省成都市武候区地税局稽查局,government,政府机构及社会团体;工商税务机构;地税机关,武侯区,104.031096,30.633559
成都市武侯区交通行政执法大队,government,政府机构及社会团体;交通车辆管理;交通管理机构,武侯区,104.026114,30.629519
四川省成都市武候区地税局第八税务所,government,政府机构及社会团体;工商税务机构;地税机关,武侯区,104.031096,30.633559
绘本妈妈公益故事馆,government,政府机构及社会团体;社会团体;慈善机构|科教文化服务;培训机构;培训机构,武侯区,104.03097,30.638329
丽都花园社区居委会,government,政府机构及社会团体;政府机关;乡镇以下级政府及事业单位,武侯区,104.031956,30.632518
中国老区经济开发基金成都天府新区办事外,government,政府机构及社会团体;政府及社会团体相关;政府及社会团体相关,武侯区,104.031096,30.633959
红牌楼街道安全生产监督管理长城社区安监分站,government,政府机构及社会团体;政府及社会团体相关;政府及社会团体相关,武侯区,104.028105,30.632251
中共楠欣社区委员会,government,政府机构及社会团体;政府机关;乡镇以下级政府及事业单位,武侯区,104.033064,30.639073
楠欣社区计划生育协会,government,政府机构及社会团体;社会团体;社会团体相关,武侯区,104.033085,30.639019
四川省手拉手慈善基金会,government,政府机构及社会团体;社会团体;慈善机构,武侯区,104.031624,30.634827
楠欣社区生育文化社区,government,政府机构及社会团体;政府机关;乡镇以下级政府及事业单位,武侯区,104.033085,30.639019
楠欣社区群众工作站,government,政府机构及社会团体;政府机关;乡镇以下级政府及事业单位,武侯区,104.033085,30.639019
双楠派出所楠欣社区警务室,government,政府机构及社会团体;公检法机构;社会治安机构,武侯区,104.032346,30.637452
楠欣社区劳动争议调解站,government,政府机构及社会团体;公检法机构;公检法机关,武侯区,104.033085,30.639019
楠欣社区老龄工作办公室,government,政府机构及社会团体;政府机关;乡镇以下级政府及事业单位,武侯区,104.033085,30.639019
楠欣社区信访接待调处室,government,政府机构及社会团体;政府机关;乡镇以下级政府及事业单位,武侯区,104.033085,30.639019
楠欣社区人民调解委员会,government,政府机构及社会团体;政府机关;乡镇以下级政府及事业单位,武侯区,104.033085,30.639019
楠欣社区居委会,government,政府机构及社会团体;政府机关;乡镇以下级政府及事业单位,武侯区,104.033064,30.639073
楠欣社区老干部工作办公室,government,政府机构及社会团体;政府机关;乡镇以下级政府及事业单位,武侯区,104.033085,30.639019
楠欣社区刑释解教安置帮教工作站,government,政府机构及社会团体;政府机关;乡镇以下级政府及事业单位,武侯区,104.033085,30.639019
中共红牌楼街道推进城乡一体化第一党总支部委员会,government,政府机构及社会团体;政府机关;乡镇级政府及事业单位,武侯区,104.02821,30.632178
武侯区双楠街道楠欣社区工作站,government,政府机构及社会团体;政府机关;乡镇以下级政府及事业单位,武侯区,104.033085,30.639019
楠欣社区群众信访事项代理服务点,government,政府机构及社会团体;政府机关;乡镇以下级政府及事业单位,武侯区,104.033085,30.639019
楠欣社区促进平安和谐建设工作站,government,政府机构及社会团体;政府机关;乡镇以下级政府及事业单位,武侯区,104.033085,30.639019
楠欣社区流动人口服务管理工作站,government,政府机构及社会团体;公检法机构;社会治安机构,武侯区,104.033109,30.63906
楠欣社区残疾人协会,government,政府机构及社会团体;社会团体;残联,武侯区,104.033085,30.639019
楠欣社区劳动保障工作站,government,政府机构及社会团体;政府机关;乡镇以下级政府及事业单位,武侯区,104.033085,30.639019
楠欣社区慈善捐助点,government,政府机构及社会团体;社会团体;慈善机构,武侯区,104.033085,30.639019
城市财务中心,government,政府机构及社会团体;政府及社会团体相关;政府及社会团体相关,武侯区,104.026735,30.635912
万友风庭警务室,government,政府机构及社会团体;公检法机构;公安警察,武侯区,104.024687,30.633301
稻城县人民政府驻成都办事处,government,政府机构及社会团体;政府机关;外地政府办,武侯区,104.039149,30.632111
武侯区人民政府政务服务中心卫生分中心,government,政府机构及社会团体;政府机关;区县级政府及事业单位,武侯区,104.036552,30.635217
武侯区机关第二办公区,government,政府机构及社会团体;政府机关;区县级政府及事业单位,武侯区,104.039412,30.637277
拉萨市人民政府驻成都办事处,government,政府机构及社会团体;政府机关;外地政府办,武侯区,104.039885,30.636873
联谊社区就业和社会保障服务站,government,政府机构及社会团体;政府机关;乡镇以下级政府及事业单位,武侯区,104.038903,30.631241
西藏自治区拉萨市人民政府驻成都办事处(东门),government,政府机构及社会团体;政府及社会团体相关;政府及社会团体相关,武侯区,104.040717,30.636458
兴蓉社区就业和社会保障服务站,government,政府机构及社会团体;政府机关;乡镇以下级政府及事业单位,武侯区,104.040677,30.637176
成都高新区党委组织部人事劳动和社会保障局定点联系社区,government,政府机构及社会团体;政府及社会团体相关;政府及社会团体相关,武侯区,104.042008,30.639192
成都高新党工委组织部人事劳动和社会保障局定点联系社区,government,政府机构及社会团体;政府及社会团体相关;政府及社会团体相关,武侯区,104.041752,30.63917
肖家河街道办事处就业和社会保障服务中心,government,政府机构及社会团体;政府机关;乡镇级政府及事业单位,武侯区,104.039944,30.634766
成都市武侯区卫生局,government,政府机构及社会团体;政府机关;区县级政府及事业单位,武侯区,104.039348,30.637274
成都市公安局武侯区分局,government,政府机构及社会团体;公检法机构;公安警察,武侯区,104.04001,30.638583
武侯区机关办公室,government,政府机构及社会团体;政府机关;区县级政府及事业单位,武侯区,104.039348,30.637274
肖家河派出所,government,政府机构及社会团体;公检法机构;公安警察,武侯区,104.042775,30.63084
成都市武侯区民政局,government,政府机构及社会团体;政府机关;区县级政府及事业单位,武侯区,104.039348,30.637274
成都市武侯区劳动局,government,政府机构及社会团体;政府机关;政府机关相关,武侯区,104.039149,30.637683
肖家河街道办事处,government,政府机构及社会团体;政府机关;乡镇级政府及事业单位,武侯区,104.04327,30.63065
成都市武侯区人民检察院,government,政府机构及社会团体;公检法机构;检察院,武侯区,104.039884,30.63827
武侯区机关工委,government,政府机构及社会团体;政府及社会团体相关;政府及社会团体相关,武侯区,104.039451,30.637407
浆洗街工商所,government,政府机构及社会团体;工商税务机构;工商部门,武侯区,104.035125,30.637264
武侯区机关公办室,government,政府机构及社会团体;政府机关;政府机关相关,武侯区,104.038678,30.637693
成都市武侯区交通局,government,政府机构及社会团体;政府机关;区县级政府及事业单位,武侯区,104.039348,30.637274
肖家河派出所办证室,government,政府机构及社会团体;公检法机构;公安警察,武侯区,104.042853,30.63083
武侯工商行政管理局,government,政府机构及社会团体;工商税务机构;工商部门,武侯区,104.035126,30.637264
成都市武侯区建设局,government,政府机构及社会团体;政府机关;区县级政府及事业单位,武侯区,104.039454,30.637392
成都市武侯区总工会,government,政府机构及社会团体;政府机关;区县级政府及事业单位,武侯区,104.039451,30.637407
成都市公安局武侯区分局经侦部,government,政府机构及社会团体;公检法机构;公安警察,武侯区,104.039981,30.638426
成都市武侯区建委,government,政府机构及社会团体;政府机关;区县级政府及事业单位,武侯区,104.039348,30.637274
成都市武侯区卫生执法监督所,government,政府机构及社会团体;政府机关;区县级政府及事业单位,武侯区,104.036549,30.63535
武侯区社区治理创新促进中心,government,政府机构及社会团体;政府机关;区县级政府及事业单位,武侯区,104.037521,30.637743
成都市武侯区卫生执法监督大队,government,政府机构及社会团体;政府机关;区县级政府及事业单位,武侯区,104.036493,30.635318
成都市机动车冲洗管理处,government,政府机构及社会团体;政府机关;地市级政府及事业单位,武侯区,104.036748,30.637878
成都市武侯区规划局,government,政府机构及社会团体;政府机关;区县级政府及事业单位,武侯区,104.03945,30.637406
成都市武侯区科技局,government,政府机构及社会团体;政府机关;区县级政府及事业单位,武侯区,104.039451,30.637407
武侯区人民检察院司法警察大队,government,政府机构及社会团体;公检法机构;检察院,武侯区,104.039964,30.638204
成都市公安局武侯区分局第二办公区,government,政府机构及社会团体;政府机关;区县级政府及事业单位|政府机构及社会团体;公检法机构;公安警察,武侯区,104.039728,30.637959
成都市武侯区质监局,government,政府机构及社会团体;政府机关;政府机关相关,武侯区,104.038912,30.637815
正街社区老龄工作领导小组,government,政府机构及社会团体;政府机关;乡镇以下级政府及事业单位,武侯区,104.038584,30.633965
居民身份证人像采集点,government,政府机构及社会团体;政府机关;地市级政府及事业单位,武侯区,104.040245,30.638668
正街社区警务室,government,政府机构及社会团体;公检法机构;社会治安机构,武侯区,104.038575,30.633983
联谊社区纪检小组,government,政府机构及社会团体;政府及社会团体相关;政府及社会团体相关,武侯区,104.038868,30.631205
成都市武侯区团委,government,政府机构及社会团体;政府及社会团体相关;政府及社会团体相关,武侯区,104.039451,30.637407
武侯区老龄委,government,政府机构及社会团体;政府及社会团体相关;政府及社会团体相关,武侯区,104.039451,30.637407
武侯区老干局,government,政府机构及社会团体;政府及社会团体相关;政府及社会团体相关,武侯区,104.039451,30.637407
联谊社区议事会,government,政府机构及社会团体;政府及社会团体相关;政府及社会团体相关,武侯区,104.038868,30.631205
联谊社区监事会,government,政府机构及社会团体;政府及社会团体相关;政府及社会团体相关,武侯区,104.038868,30.631205
武侯区人口计生局,government,政府机构及社会团体;政府机关;政府机关相关,武侯区,104.039451,30.637407
武侯区统筹城乡工作局,government,政府机构及社会团体;政府及社会团体相关;政府及社会团体相关,武侯区,104.039451,30.637407
成都市武侯区安监局,government,政府机构及社会团体;政府机关;政府机关相关,武侯区,104.039444,30.637405
成都市武侯区信访局,government,政府机构及社会团体;政府机关;区县级政府及事业单位,武侯区,104.039451,30.637407
武侯区人口计生局,government,政府机构及社会团体;政府机关;政府机关相关,武侯区,104.039451,30.637407
武侯区统筹城乡工作局,government,政府机构及社会团体;政府及社会团体相关;政府及社会团体相关,武侯区,104.039451,30.637407
成都市武侯区安监局,government,政府机构及社会团体;政府机关;政府机关相关,武侯区,104.039444,30.637405
成都市武侯区信访局,government,政府机构及社会团体;政府机关;区县级政府及事业单位,武侯区,104.039451,30.637407
成都市环境卫生协会,government,政府机构及社会团体;社会团体;行业协会,武侯区,104.036748,30.637878
武侯区建设规划报建中心,government,政府机构及社会团体;政府及社会团体相关;政府及社会团体相关,武侯区,104.039451,30.637407
武侯区经济与科技信息化局,government,政府机构及社会团体;政府及社会团体相关;政府及社会团体相关,武侯区,104.039451,30.637407
成都市武侯区司法局,government,政府机构及社会团体;公检法机构;公检法机关,武侯区,104.039348,30.637274
肖家河联谊社区党总支,government,政府机构及社会团体;政府及社会团体相关;政府及社会团体相关,武侯区,104.038868,30.631205
劳动保障大厅,government,政府机构及社会团体;政府及社会团体相关;政府及社会团体相关,武侯区,104.04008,30.634657
武侯区公安分局信访室,government,政府机构及社会团体;政府及社会团体相关;政府及社会团体相关,武侯区,104.040144,30.638648
就业社保大厅,government,政府机构及社会团体;政府及社会团体相关;政府及社会团体相关,武侯区,104.039925,30.634477
信访诉求搜集点调解室,government,政府机构及社会团体;政府及社会团体相关;政府及社会团体相关,武侯区,104.040698,30.630503
肖家河城管互助中心,government,政府机构及社会团体;政府及社会团体相关;政府及社会团体相关,武侯区,104.040714,30.637077
兴蓉社区居委会,government,政府机构及社会团体;政府机关;乡镇以下级政府及事业单位,武侯区,104.041917,30.639267
驻荣巴塘办事处,government,政府机构及社会团体;政府及社会团体相关;政府及社会团体相关,武侯区,104.041066,30.637621
港华紫荆社区公益站,government,政府机构及社会团体;社会团体;慈善机构|生活服务;生活服务场所;生活服务场所,武侯区,104.037531,30.637738
成都市武侯区文化产业协会,government,政府机构及社会团体;社会团体;行业协会,武侯区,104.040235,30.639346
联谊社区流动人口管理站,government,政府机构及社会团体;政府机关;乡镇以下级政府及事业单位,武侯区,104.038868,30.631205
武侯区公安分局刑警大队,government,政府机构及社会团体;政府及社会团体相关;政府及社会团体相关,武侯区,104.04001,30.638583
成都高新区地税局社区税收服务点,government,政府机构及社会团体;工商税务机构;地税机关,武侯区,104.041795,30.639321
西藏自治区公安厅驻蓉工作站,government,政府机构及社会团体;公检法机构;公检法机关,武侯区,104.042632,30.635329
肖家河夕阳列车志愿者协会,government,政府机构及社会团体;政府及社会团体相关;政府及社会团体相关,武侯区,104.039946,30.630541
西藏自治区教育厅驻成都办事处,government,政府机构及社会团体;政府机关;外地政府办,武侯区,104.036987,30.634771
成都高新区肖家河街道老人协会,government,政府机构及社会团体;社会团体;行业协会,武侯区,104.043068,30.634246
武侯工商行政管理局浆洗街工商所B座,government,政府机构及社会团体;政府及社会团体相关;政府及社会团体相关,武侯区,104.035126,30.637265
成都市武侯区医学会(高升桥东路),government,政府机构及社会团体;社会团体;行业协会,武侯区,104.036379,30.635436
成都市古陶瓷专业鉴定委员会,government,政府机构及社会团体;政府及社会团体相关;政府及社会团体相关,武侯区,104.040207,30.639165
武侯区双楠街道爱馨公益基地,government,政府机构及社会团体;政府及社会团体相关;政府及社会团体相关,武侯区,104.037356,30.637883
肖家河正街社区计生协,government,政府机构及社会团体;政府及社会团体相关;政府及社会团体相关,武侯区,104.038584,30.63397
南新社区的山居民自治小组办公室,government,政府机构及社会团体;政府及社会团体相关;政府及社会团体相关,武侯区,104.034514,30.636315
肖家河夕阳列车志愿者协会党支部,government,政府机构及社会团体;政府及社会团体相关;政府及社会团体相关,武侯区,104.039946,30.630541
中共肖家河街道工作委员会,government,政府机构及社会团体;政府机关;乡镇级政府及事业单位,武侯区,104.043271,30.630649
武侯区人民检察院举报中心,government,政府机构及社会团体;公检法机构;检察院,武侯区,104.039964,30.638204
成都市武侯区供销合作社联合社,government,政府机构及社会团体;社会团体;社会团体相关,武侯区,104.037905,30.633856
肖家河街道办事处联谊社区综合服务站,government,政府机构及社会团体;政府机关;乡镇以下级政府及事业单位,武侯区,104.038903,30.631241
肖家何街道办事处家庭教育指导中心,government,政府机构及社会团体;政府及社会团体相关;政府及社会团体相关,武侯区,104.038937,30.631377
高新区公安局涉众型经济犯罪举报点,government,政府机构及社会团体;政府及社会团体相关;政府及社会团体相关,武侯区,104.041752,30.63917
武侯区人民检察院反贪污贿赂局,government,政府机构及社会团体;公检法机构;检察院,武侯区,104.039964,30.638204
成都高新区肖家河街道办事处,government,政府机构及社会团体;政府机关;乡镇级政府及事业单位,武侯区,104.041919,30.639267
成都高新区肖家河街道司法所,government,政府机构及社会团体;公检法机构;公检法机关,武侯区,104.043036,30.630799
武侯区妇联,government,政府机构及社会团体;社会团体;妇联,武侯区,104.039451,30.637407
肖家河正街社区老年人协会惠民服务中心,government,政府机构及社会团体;社会团体;行业协会|生活服务;生活服务场所;生活服务场所,武侯区,104.039468,30.634972
肖家河街道关心下一代工作委员会,government,政府机构及社会团体;政府机关;乡镇级政府及事业单位,武侯区,104.040487,30.631884
中共肖家河街道纪律检查工作委员会,government,政府机构及社会团体;政府机关;乡镇级政府及事业单位,武侯区,104.043271,30.630649
成都高新区个体私营经济协会,government,政府机构及社会团体;社会团体;行业协会,武侯区,104.038484,30.632855
罗马假日广场业主委员会办公室,government,政府机构及社会团体;社会团体;社会团体相关,武侯区,104.040066,30.639202
肖家河联谊社区计划生育协会,government,政府机构及社会团体;政府机关;乡镇以下级政府及事业单位,武侯区,104.038868,30.631205
肖家河兴蓉社区老年人协会,government,政府机构及社会团体;社会团体;社会团体相关,武侯区,104.040687,30.636756
肖家河联谊社区居委会,government,政府机构及社会团体;政府机关;乡镇以下级政府及事业单位,武侯区,104.038868,30.631205
中共肖家河街道流动党员支部委员会,government,政府机构及社会团体;政府机关;乡镇级政府及事业单位,武侯区,104.040487,30.631884
武侯区慈善惠民超市(高升桥南街),government,政府机构及社会团体;社会团体;慈善机构,武侯区,104.037426,30.637744
成都高新区地税局社区税收服务点,government,政府机构及社会团体;工商税务机构;地税机关,武侯区,104.038573,30.633983
成都市武侯区林业局,government,政府机构及社会团体;政府机关;区县级政府及事业单位,武侯区,104.039451,30.637407
西藏自治区公安厅驻成都警务联络站,government,政府机构及社会团体;公检法机构;公安警察,武侯区,104.04268,30.635504
兴蓉社区妇女之家,government,政府机构及社会团体;社会团体;妇联,武侯区,104.041586,30.63669
肖家河正街社区红十字服务站,government,政府机构及社会团体;社会团体;红十字会,武侯区,104.038573,30.633983
成都市武侯区法制办公室,government,政府机构及社会团体;政府机关;政府机关相关,武侯区,104.039451,30.637407
成都市武侯区经贸局,government,政府机构及社会团体;政府机关;政府机关相关,武侯区,104.039451,30.637407
成都高新区肖家河正街社区居委会,government,政府机构及社会团体;政府机关;乡镇以下级政府及事业单位,武侯区,104.038584,30.63397
共青团肖家河街道工作委员会,government,政府机构及社会团体;社会团体;共青团,武侯区,104.040487,30.631884
成都市武侯区农业局,government,政府机构及社会团体;政府机关;区县级政府及事业单位,武侯区,104.039451,30.637407
正街社区劳动保障工作站退管服务站,government,政府机构及社会团体;政府机关;乡镇以下级政府及事业单位,武侯区,104.038573,30.633983
兴蓉社区工作站,government,政府机构及社会团体;政府机关;乡镇以下级政府及事业单位,武侯区,104.041917,30.639267
中共成都高新区肖家河正街社区西一巷联合支部委员会,government,政府机构及社会团体;政府机关;乡镇以下级政府及事业单位,武侯区,104.041221,30.632763
肖家河正街社区老年协会,government,政府机构及社会团体;社会团体;社会团体相关,武侯区,104.038573,30.633983
高新区肖家河街道辖区治安城管民兵巡逻大队,government,政府机构及社会团体;政府及社会团体相关;政府及社会团体相关,武侯区,104.039531,30.635048
成都市武侯区经济管理局,government,政府机构及社会团体;政府机关;政府机关相关,武侯区,104.039451,30.637407
中国共产武侯区双楠街道广福桥社区物业服务有企业联合支部委员会,government,政府机构及社会团体;政府机关;乡镇以下级政府及事业单位,武侯区,104.037011,30.638964
肖家河派出所兴蓉社区警务室,government,政府机构及社会团体;公检法机构;社会治安机构,武侯区,104.041917,30.639267
肖家河兴蓉社区老年协会,government,政府机构及社会团体;社会团体;社会团体相关,武侯区,104.041917,30.639267
肖家河兴蓉社区残联协会,government,政府机构及社会团体;社会团体;残联,武侯区,104.041917,30.639267
四川省扶贫基金会,government,政府机构及社会团体;社会团体;慈善机构,武侯区,104.034016,30.637595
武侯区人民政府政务服务中心国土分中心,government,政府机构及社会团体;政府机关;区县级政府及事业单位,武侯区,104.051057,30.635556
浆洗街街道办事处社会事务服务中心,government,政府机构及社会团体;政府机关;乡镇级政府及事业单位,武侯区,104.048116,30.638127
永丰社区就业和社会保障工作站,government,政府机构及社会团体;政府机关;乡镇以下级政府及事业单位,武侯区,104.043711,30.63569
永丰社区社会捐助接受工作站,government,政府机构及社会团体;社会团体;慈善机构,武侯区,104.043711,30.63569
四川省教育考试院,government,政府机构及社会团体;公检法机构;公证鉴定机构,武侯区,104.049513,30.62975
芳草街派出所,government,政府机构及社会团体;公检法机构;公安警察,武侯区,104.051148,30.632498
四川省知识产权局,government,政府机构及社会团体;政府机关;省直辖市级政府及事业单位,武侯区,104.048388,30.637776
成都市国土资源局武侯分局,government,政府机构及社会团体;政府机关;区县级政府及事业单位,武侯区,104.051057,30.635556
国家家具产品质量监督检验中心(永丰路),government,政府机构及社会团体;公检法机构;公证鉴定机构,武侯区,104.047415,30.633764
国家知识产权局专利局成都代办处,government,政府机构及社会团体;政府机关;地市级政府及事业单位,武侯区,104.048388,30.637776
四川省蚕业管理总站(永丰路),government,政府机构及社会团体;政府机关;省直辖市级政府及事业单位,武侯区,104.047932,30.634315
中国紧急救援民政部紧急救援促进中心四川分中心,government,政府机构及社会团体;政府机关;省直辖市级政府及事业单位,武侯区,104.047762,30.634118
四川省武侯区国防教育委员会,government,政府机构及社会团体;政府机关;区县级政府及事业单位,武侯区,104.048101,30.634715
四川协合司法鉴定所,government,政府机构及社会团体;公检法机构;公证鉴定机构,武侯区,104.052565,30.636052
金银珠宝玉石检测中心,government,政府机构及社会团体;公检法机构;公证鉴定机构,武侯区,104.047349,30.63353
成都市武侯区三轮客车管理站,government,政府机构及社会团体;政府机关;政府机关相关,武侯区,104.050843,30.6381
四川省专利协会,government,政府机构及社会团体;政府及社会团体相关;政府及社会团体相关,武侯区,104.048337,30.637856
成都市茶楼行业协会,government,政府机构及社会团体;社会团体;行业协会,武侯区,104.050793,30.638969
永丰社区纪检小组,government,政府机构及社会团体;政府机关;乡镇以下级政府及事业单位,武侯区,104.043703,30.635654
国家鞋类产品质量监督检验中心,government,政府机构及社会团体;公检法机构;公证鉴定机构,武侯区,104.047415,30.633765
四川省茶馆行业协会,government,政府机构及社会团体;社会团体;行业协会,武侯区,104.050793,30.638969
四川建设局,government,政府机构及社会团体;政府及社会团体相关;政府及社会团体相关,武侯区,104.052708,30.635268
新蓉干出所,government,政府机构及社会团体;政府及社会团体相关;政府及社会团体相关,武侯区,104.047241,30.633582
质检院珠宝中心,government,政府机构及社会团体;政府及社会团体相关;政府及社会团体相关,武侯区,104.047409,30.634006
四川省蚕种质量监督检验站(永丰路),government,政府机构及社会团体;公检法机构;公证鉴定机构,武侯区,104.04793,30.634317
成都博特质量司法鉴定所,government,政府机构及社会团体;公检法机构;公证鉴定机构,武侯区,104.047415,30.633765
国家中低压电气产品质量监督检验中心(筹),government,政府机构及社会团体;公检法机构;公证鉴定机构,武侯区,104.047415,30.633765
肖家河为老助残关爱中心,government,体育休闲服务;度假疗养场所;疗养院|政府机构及社会团体;社会团体;慈善机构,武侯区,104.043858,30.635925
浆洗街街道办事处,government,政府机构及社会团体;政府机关;乡镇级政府及事业单位,武侯区,104.048152,30.638224
全国茶馆星际评审委员会四川省管理办公室,government,政府机构及社会团体;公检法机构;公证鉴定机构,武侯区,104.050793,30.638969
四川省知识产权工作领导小组办公室,government,政府机构及社会团体;政府及社会团体相关;政府及社会团体相关,武侯区,104.048298,30.637826
成都高新区地税永丰社区税收服务点,government,政府机构及社会团体;工商税务机构;地税机关,武侯区,104.043799,30.635658
四川知识产权举报投诉维权援助中心,government,政府机构及社会团体;政府及社会团体相关;政府及社会团体相关,武侯区,104.048298,30.637826
中国紧急救援职业技能鉴定中心四川工作站,government,政府机构及社会团体;公检法机构;公证鉴定机构,武侯区,104.047751,30.634119
肖家河永丰社区党总支,government,政府机构及社会团体;政府机关;乡镇以下级政府及事业单位,武侯区,104.043702,30.635651
四川省川农协会投融资服务中心,government,政府机构及社会团体;政府及社会团体相关;政府及社会团体相关,武侯区,104.050417,30.636112
中国四川专利技术展示交易中心,government,政府机构及社会团体;政府及社会团体相关;政府及社会团体相关,武侯区,104.048181,30.63787
武侯区保护消费者权益委员会,government,政府机构及社会团体;社会团体;消费者协会,武侯区,104.051961,30.636075
四川省珠宝玉石质量监督检验第二中心,government,政府机构及社会团体;政府及社会团体相关;政府及社会团体相关,武侯区,104.047471,30.633792
四川省武侯区国防动员委员会,government,政府机构及社会团体;政府机关;乡镇级政府及事业单位,武侯区,104.048101,30.634717
成都市老龄事业发展基金会助老关爱站,government,政府机构及社会团体;政府及社会团体相关;政府及社会团体相关,武侯区,104.043989,30.635636
浆洗街街道网络化服务管理中心,government,政府机构及社会团体;政府机关;乡镇级政府及事业单位,武侯区,104.048131,30.638113
成都市公安局高新分局芳草街派出所办证室,government,政府机构及社会团体;政府及社会团体相关;政府及社会团体相关,武侯区,104.051136,30.632578
四川省川联农业产业化龙头企业协会,government,政府机构及社会团体;社会团体;行业协会,武侯区,104.050422,30.636112
武侯区房产管理局西区房管所,government,政府机构及社会团体;政府机关;政府机关相关,武侯区,104.050893,30.638028
成都高新区肖家河街道办事处永丰社区便民服务站,government,政府机构及社会团体;政府及社会团体相关;政府及社会团体相关,武侯区,104.043799,30.635658
峨眉山市驻荣办事所,government,政府机构及社会团体;政府机关;外地政府办,武侯区,104.051454,30.638993
中共浆洗街街道工作委员会,government,政府机构及社会团体;政府机关;乡镇级政府及事业单位,武侯区,104.048152,30.638224
永丰社区监事会,government,政府机构及社会团体;政府机关;乡镇以下级政府及事业单位,武侯区,104.043711,30.63569
永丰社区议事会,government,政府机构及社会团体;政府机关;乡镇以下级政府及事业单位,武侯区,104.043711,30.63569
肖家河永丰社区工作站,government,政府机构及社会团体;政府机关;乡镇以下级政府及事业单位,武侯区,104.043711,30.63569
国家光伏产品质量监督检验中心(永丰路),government,政府机构及社会团体;公检法机构;公证鉴定机构,武侯区,104.047415,30.633765
永丰社区人民调解委员会,government,政府机构及社会团体;政府机关;乡镇以下级政府及事业单位,武侯区,104.043711,30.63569
永丰社区退管服务站,government,政府机构及社会团体;政府机关;乡镇以下级政府及事业单位,武侯区,104.043711,30.63569
武侯区房产管理局浆洗街房管所,government,政府机构及社会团体;政府机关;乡镇级政府及事业单位,武侯区,104.050894,30.638027
肖家河永丰社区计划生育协会,government,政府机构及社会团体;社会团体;社会团体相关,武侯区,104.043711,30.63569
中共成都医学院附属康桥眼科医院党支部,government,政府机构及社会团体;社会团体;社会团体相关,武侯区,104.049937,30.637602
成都高新区城市管理行政执法局芳草执法中队,government,政府机构及社会团体;政府机关;乡镇级政府及事业单位,武侯区,104.051103,30.632826
肖家河永丰社区警务室,government,政府机构及社会团体;公检法机构;社会治安机构,武侯区,104.043702,30.635651
永丰社区居委会(肖家河东一巷),government,政府机构及社会团体;政府机关;乡镇以下级政府及事业单位,武侯区,104.043711,30.63569
中共永丰社区委员会(肖家河东一巷),government,政府机构及社会团体;政府机关;乡镇以下级政府及事业单位,武侯区,104.043711,30.63569
武侯区司法局浆洗街司法所,government,政府机构及社会团体;公检法机构;公检法机关,武侯区,104.048279,30.638341
武侯区人大常委会浆洗街街道工作委员会,government,政府机构及社会团体;政府机关;乡镇级政府及事业单位,武侯区,104.048152,30.638224
成都市消防支队八中队,government,政府机构及社会团体;公检法机构;消防机关,武侯区,104.047681,30.637391
成都消防,government,政府机构及社会团体;公检法机构;消防机关,武侯区,104.0471,30.637928
肖家河为老助残关爱中心,government,政府机构及社会团体;社会团体;慈善机构,武侯区,104.044454,30.638096
川办一所,government,政府机构及社会团体;政府及社会团体相关;政府及社会团体相关,武侯区,104.0455,30.638638
四川省人民政府外事侨务办公室(一环路南三段),government,政府机构及社会团体;政府机关;省直辖市级政府及事业单位,武侯区,104.059627,30.636498
玉林街道办事处就业和社会保障服务中心,government,政府机构及社会团体;政府机关;乡镇级政府及事业单位,武侯区,104.056026,30.63074
四川省人力资源和社会保障信息中心,government,政府机构及社会团体;政府机关;省直辖市级政府及事业单位,武侯区,104.053902,30.637599
玉林街道办事处社会事务服务中心,government,政府机构及社会团体;政府机关;乡镇级政府及事业单位,武侯区,104.056026,30.63074
新能巷社区劳动和社会保障工作站,government,政府机构及社会团体;政府及社会团体相关;政府及社会团体相关,武侯区,104.054096,30.6334
玉林北路社区社会矛盾纠纷调处中心,government,政府机构及社会团体;政府机关;乡镇以下级政府及事业单位,武侯区,104.058541,30.630805
新能巷社区劳动就业和社会保障服务站,government,政府机构及社会团体;政府机关;乡镇以下级政府及事业单位,武侯区,104.054087,30.633391
四川省种子站,government,政府机构及社会团体;政府机关;省直辖市级政府及事业单位,武侯区,104.056388,30.634439
玉林街道办事处,government,政府机构及社会团体;政府机关;乡镇级政府及事业单位,武侯区,104.057323,30.629627
成都市武侯区环境监测站,government,政府机构及社会团体;政府机关;区县级政府及事业单位,武侯区,104.057616,30.632014
玉林派出所玉林北路警务室,government,政府机构及社会团体;公检法机构;公安警察,武侯区,104.058909,30.630558
成都市节能监察中心,government,政府机构及社会团体;政府机关;地市级政府及事业单位,武侯区,104.056967,30.635482
武侯区人民检察院派驻玉林检察室,government,政府机构及社会团体;公检法机构;检察院,武侯区,104.055984,30.630535
成都节能中心,government,政府机构及社会团体;政府机关;地市级政府及事业单位,武侯区,104.056952,30.63546
成都市节能技术服务中心,government,政府机构及社会团体;政府机关;地市级政府及事业单位,武侯区,104.056967,30.635482
四川华商会,government,政府机构及社会团体;社会团体;行业协会,武侯区,104.059627,30.636498
四川西南司法鉴定中心,government,政府机构及社会团体;公检法机构;公证鉴定机构,武侯区,104.059811,30.639205
睡眠检测中心,government,政府机构及社会团体;公检法机构;公证鉴定机构,武侯区,104.059326,30.639208
四川省海外交流协会,government,政府机构及社会团体;社会团体;行业协会,武侯区,104.059627,30.636498
电信路社区居委会,government,政府机构及社会团体;政府机关;乡镇以下级政府及事业单位,武侯区,104.059479,30.638735
四川省归国华侨联合会,government,政府机构及社会团体;社会团体;社会团体相关,武侯区,104.059627,30.636498
成都节能协会,government,政府机构及社会团体;社会团体;行业协会,武侯区,104.056967,30.635482
新能巷社区老年协会分会,government,政府机构及社会团体;社会团体;社会团体相关,武侯区,104.053996,30.633398
四川省钓鱼运动协会,government,政府机构及社会团体;社会团体;行业协会,武侯区,104.062192,30.635612
四川省侨商投资企业协会,government,政府机构及社会团体;社会团体;行业协会,武侯区,104.059629,30.636495
成都乐聆公益发展中心,government,政府机构及社会团体;政府及社会团体相关;政府及社会团体相关,武侯区,104.060371,30.630275
省中旅工会,government,政府机构及社会团体;政府及社会团体相关;政府及社会团体相关,武侯区,104.059646,30.636193
成都旅行社协会,government,政府机构及社会团体;政府及社会团体相关;政府及社会团体相关,武侯区,104.059646,30.636193
四川省体操协会,government,政府机构及社会团体;社会团体;行业协会,武侯区,104.060297,30.633986
成都市武侯区玉林街道纪检委,government,政府机构及社会团体;政府机关;乡镇级政府及事业单位,武侯区,104.057436,30.629473
武侯区玉林街道九如村社区居民委员,government,政府机构及社会团体;政府机关;政府机关相关,武侯区,104.056149,30.637941
武侯区玉林辖区治保会巡逻队,government,政府机构及社会团体;公检法机构;社会治安机构,武侯区,104.059252,30.63083
成都市武侯区司法局玉林司法所,government,政府机构及社会团体;公检法机构;公检法机关,武侯区,104.057436,30.629473
玉林街道办事处城管执法夜间值勤点,government,政府机构及社会团体;公检法机构;公检法机关,武侯区,104.056,30.629972
成都高新人民法院诉前调解工作室,government,政府机构及社会团体;政府及社会团体相关;政府及社会团体相关,武侯区,104.054066,30.633409
四川省球迷协会,government,政府机构及社会团体;社会团体;行业协会,武侯区,104.062445,30.634202
新能巷社区文体分会,government,政府机构及社会团体;社会团体;社会团体相关,武侯区,104.053996,30.633398
四川省第三产业协会,government,政府机构及社会团体;社会团体;行业协会,武侯区,104.062953,30.631154
玉林城管夜间执勤点,government,政府机构及社会团体;公检法机构;社会治安机构,武侯区,104.056009,30.629983
新能巷社区计划生育协会,government,政府机构及社会团体;社会团体;社会团体相关,武侯区,104.053996,30.633398
中共玉林街道工作委员会,government,政府机构及社会团体;政府机关;乡镇级政府及事业单位,武侯区,104.0574,30.629435
成都市武侯区玉林街道办事处综合执法大队执勤点,government,政府机构及社会团体;政府及社会团体相关;政府及社会团体相关,武侯区,104.055976,30.630224
新能巷社区党委,government,政府机构及社会团体;政府机关;乡镇以下级政府及事业单位,武侯区,104.053996,30.633398
玉林北路社区居委会,government,政府机构及社会团体;政府机关;乡镇以下级政府及事业单位,武侯区,104.058608,30.630806
九如村社区居委会,government,政府机构及社会团体;政府机关;乡镇以下级政府及事业单位,武侯区,104.056221,30.637874
九如村社区委员会,government,政府机构及社会团体;政府机关;乡镇以下级政府及事业单位,武侯区,104.056221,30.637874
芳草街派出所新能巷社区警务室,government,政府机构及社会团体;公检法机构;社会治安机构,武侯区,104.054087,30.633391
四川省老年人体育协会网球分会,government,政府机构及社会团体;社会团体;行业协会,武侯区,104.06077,30.633124
新能巷社区纪检小组,government,政府机构及社会团体;政府机关;乡镇以下级政府及事业单位,武侯区,104.054087,30.633391
中共玉林北路社区委员会,government,政府机构及社会团体;政府机关;乡镇以下级政府及事业单位,武侯区,104.058631,30.630747
玉林街道玉林北路社区党员之家,government,政府机构及社会团体;社会团体;社会团体相关,武侯区,104.058898,30.630807
中共玉林北路社区区域委员会,government,政府机构及社会团体;政府机关;政府机关相关,武侯区,104.058631,30.630747
新能巷社区居民议事会,government,政府机构及社会团体;政府机关;乡镇以下级政府及事业单位,武侯区,104.054087,30.633391
中共电信路社区委员会,government,政府机构及社会团体;政府机关;乡镇以下级政府及事业单位,武侯区,104.059478,30.638737
中共芳草街道新能社区委员会,government,政府机构及社会团体;政府机关;乡镇以下级政府及事业单位,武侯区,104.053996,30.633398
玉林东路社区居委会,government,政府机构及社会团体;政府机关;乡镇以下级政府及事业单位,武侯区,104.060356,30.630443
小天协税、护税办公室,government,政府机构及社会团体;工商税务机构;工商税务机构,武侯区,104.059509,30.638785
中共电信路社区纪律检查委员会,government,政府机构及社会团体;政府机关;乡镇以下级政府及事业单位,武侯区,104.059509,30.638785
玉林派出所电信路社区警务室,government,政府机构及社会团体;公检法机构;社会治安机构,武侯区,104.05925,30.638957
武侯区玉林街道电信路社区工作站,government,政府机构及社会团体;政府机关;乡镇以下级政府及事业单位,武侯区,104.059546,30.638778
新能巷社区残疾人协会,government,政府机构及社会团体;社会团体;残联,武侯区,104.053996,30.633398
中共玉林北路社区纪律检查委员会,government,政府机构及社会团体;政府机关;乡镇以下级政府及事业单位,武侯区,104.058597,30.630809
中共玉林街道玉林东路社区委员会,government,政府机构及社会团体;政府机关;乡镇以下级政府及事业单位,武侯区,104.060356,30.630443
新能巷社区事务监督委员会,government,政府机构及社会团体;政府机关;乡镇以下级政府及事业单位,武侯区,104.054087,30.633391
九如村社区工会委员会,government,政府机构及社会团体;社会团体;社会团体相关,武侯区,104.056204,30.637959
九如村社区残疾人协会,government,政府机构及社会团体;社会团体;残联,武侯区,104.056204,30.637959
新能巷社区流动人口服务管理工作站,government,政府机构及社会团体;公检法机构;社会治安机构,武侯区,104.054087,30.633391
新能巷社区人民调解委员会,government,政府机构及社会团体;政府机关;乡镇以下级政府及事业单位,武侯区,104.054087,30.633391
玉林辖区国地税征管办公点,government,政府机构及社会团体;工商税务机构;工商税务机构,武侯区,104.059509,30.638785
新能巷社区居委会,government,政府机构及社会团体;政府机关;乡镇以下级政府及事业单位,武侯区,104.053996,30.633398
玉林东路社区儿童服务中心,government,政府机构及社会团体;社会团体;妇联,武侯区,104.060356,30.630443
武侯区人大常委会玉林街道工作委员会,government,政府机构及社会团体;政府机关;乡镇级政府及事业单位,武侯区,104.057323,30.629627
武侯助残社工站玉林分站,government,政府机构及社会团体;社会团体;慈善机构,武侯区,104.057483,30.632348
武侯区玉林街道党员爱心加油站,government,政府机构及社会团体;社会团体;慈善机构,武侯区,104.057477,30.632389
电信公司-网络运营局,government,政府机构及社会团体;政府及社会团体相关;政府及社会团体相关,武侯区,104.059239,30.635989
棕北社区社会治安综合治理工作服务站,government,政府机构及社会团体;公检法机构;社会治安机构,武侯区,104.07242,30.63343
中科院成都机关综合楼,government,政府机构及社会团体;政府机关;区县级政府及事业单位,武侯区,104.07064,30.633204
跳伞塔派出所,government,政府机构及社会团体;公检法机构;公安警察,武侯区,104.066628,30.629966
棕北社区社会捐助接收工作点,government,政府机构及社会团体;社会团体;慈善机构,武侯区,104.07242,30.63343
四川省科学技术协会,government,政府机构及社会团体;社会团体;行业协会,武侯区,104.064603,30.630865
四川省文物管理委员会,government,政府机构及社会团体;政府机关;省直辖市级政府及事业单位,武侯区,104.065109,30.633012
四川省计算机学会,government,政府机构及社会团体;社会团体;行业协会,武侯区,104.071388,30.633122
跳伞塔派出所青少年维权岗,government,政府机构及社会团体;公检法机构;公安警察,武侯区,104.066629,30.629966
武侯区房产局,government,政府机构及社会团体;政府机关;区县级政府及事业单位,武侯区,104.071497,30.635502
中国科学院(一环路南二段),government,政府机构及社会团体;政府机关;国家级机关及事业单位,武侯区,104.06929,30.634668
科技一条街管委会,government,政府机构及社会团体;政府机关;政府机关相关,武侯区,104.064856,30.636418
四川华大司法鉴定所,government,政府机构及社会团体;公检法机构;公证鉴定机构,武侯区,104.065551,30.639396
棕北社区居委会,government,政府机构及社会团体;政府机关;乡镇以下级政府及事业单位,武侯区,104.072434,30.633496
四川省生物技术协会,government,政府机构及社会团体;社会团体;行业协会,武侯区,104.06659,30.634277
跳伞塔派出所成科路警务室,government,政府机构及社会团体;公检法机构;公安警察,武侯区,104.066972,30.631678
四川人口学会,government,政府机构及社会团体;社会团体;行业协会,武侯区,104.065946,30.629526
教师流动工作站,government,政府机构及社会团体;政府及社会团体相关;政府及社会团体相关,武侯区,104.064443,30.636504
四川省生产力促进中心协会,government,政府机构及社会团体;社会团体;行业协会,武侯区,104.06659,30.634277
四川省决策咨询工作办公室(人民南路四段),government,政府机构及社会团体;政府机关;省直辖市级政府及事业单位,武侯区,104.06477,30.63074
跳伞塔街道棕北社区钓鱼协会,government,政府机构及社会团体;社会团体;行业协会,武侯区,104.072434,30.633496
甘孜州公路局成都办事处,government,政府机构及社会团体;政府及社会团体相关;政府及社会团体相关,武侯区,104.073138,30.635131
四川省钛合金工业协会,government,政府机构及社会团体;社会团体;行业协会,武侯区,104.065551,30.639396
国际山地综合发展中心中国委员会,government,政府机构及社会团体;政府机关;政府机关相关,武侯区,104.067872,30.632146
成科路社区居委会,government,政府机构及社会团体;政府机关;乡镇以下级政府及事业单位,武侯区,104.066911,30.631739
甘孜藏族自治州公路管理局成都联络站,government,政府机构及社会团体;政府机关;外地政府办,武侯区,104.073027,30.635024
四川省电气照明学会,government,政府机构及社会团体;政府及社会团体相关;政府及社会团体相关,武侯区,104.064352,30.637219
四川省HR联盟秘书处,government,政府机构及社会团体;社会团体;社会团体相关,武侯区,104.06659,30.634277
四川省科学技术顾问团办公室,government,政府机构及社会团体;社会团体;社会团体相关,武侯区,104.06477,30.63074
跳伞塔街道棕北社区老年协会,government,政府机构及社会团体;社会团体;社会团体相关,武侯区,104.07242,30.63343
武侯区跳伞塔街道成科路社区综合服务管理站,government,政府机构及社会团体;政府及社会团体相关;政府及社会团体相关,武侯区,104.066977,30.631619
成都昆益养蜂专业合作社,government,政府机构及社会团体;社会团体;社会团体相关,武侯区,104.072443,30.632313
棕北社区工会委员会,government,政府机构及社会团体;社会团体;社会团体相关,武侯区,104.07242,30.63343
科分院社区工会联合会,government,政府机构及社会团体;政府机关;乡镇以下级政府及事业单位,武侯区,104.069405,30.634491
科分院社区居委会,government,政府机构及社会团体;政府机关;乡镇以下级政府及事业单位,武侯区,104.069405,30.634491
四川省文物管理局第三次全国文物普查办公室,government,政府机构及社会团体;政府机关;省直辖市级政府及事业单位,武侯区,104.065109,30.633012
武侯区房产管理局新南路房管所,government,政府机构及社会团体;政府机关;乡镇级政府及事业单位,武侯区,104.071574,30.635596
成都市武侯区跳伞塔街道成科路社区工会联合会,government,政府机构及社会团体;政府机关;乡镇以下级政府及事业单位,武侯区,104.066931,30.631641
跳伞塔街道棕北社区残疾人协会,government,政府机构及社会团体;社会团体;残联,武侯区,104.07242,30.63343
武侯区跳伞塔街道成科路社区,government,政府机构及社会团体;政府机关;乡镇以下级政府及事业单位,武侯区,104.066912,30.631739
棕北社区劳动保障工作站,government,政府机构及社会团体;政府机关;乡镇以下级政府及事业单位,武侯区,104.07242,30.63343
跳伞塔派出所棕北警务室,government,政府机构及社会团体;公检法机构;社会治安机构,武侯区,104.07242,30.63343
跳伞塔派出所科分院社区警务室,government,政府机构及社会团体;公检法机构;社会治安机构,武侯区,104.06929,30.634668
中共科分院社区支部委员会,government,政府机构及社会团体;政府机关;乡镇以下级政府及事业单位,武侯区,104.069408,30.634496
棕北社区关心下一代工作委员会,government,政府机构及社会团体;政府机关;乡镇以下级政府及事业单位,武侯区,104.07242,30.63343
成科路社区出租房屋管理服务站,government,政府机构及社会团体;公检法机构;社会治安机构,武侯区,104.066972,30.631678
中共棕北社区区域委员会,government,政府机构及社会团体;政府机关;乡镇以下级政府及事业单位,武侯区,104.072434,30.633496
中共成科路社区区域委员会,government,政府机构及社会团体;政府机关;乡镇以下级政府及事业单位,武侯区,104.066911,30.631739
中质协质保中心成都审核中心,government,政府机构及社会团体;公检法机构;公证鉴定机构,武侯区,104.06659,30.634277
西南技术物理研究所-计量检验中心,government,政府机构及社会团体;政府及社会团体相关;政府及社会团体相关,武侯区,104.065042,30.632039
残疾人爱心亭,government,政府机构及社会团体;政府及社会团体相关;政府及社会团体相关,武侯区,104.068946,30.630383
成都军区环境监测中心,government,政府机构及社会团体;政府及社会团体相关;政府及社会团体相关,武侯区,104.072384,30.636278
环境监测站,government,政府机构及社会团体;政府及社会团体相关;政府及社会团体相关,武侯区,104.072459,30.636309
长度市工商局,government,政府机构及社会团体;工商税务机构;工商部门,武侯区,104.072406,30.635008
四川省社会体育指导中心,government,政府机构及社会团体;政府机关;省直辖市级政府及事业单位,武侯区,104.073778,30.638339
四川省台球协会,government,政府机构及社会团体;社会团体;行业协会,武侯区,104.073778,30.638339
四川省登山协会,government,政府机构及社会团体;社会团体;行业协会,武侯区,104.073778,30.638339
四川省门球协会,government,政府机构及社会团体;社会团体;行业协会,武侯区,104.073778,30.638339
四川省皮革协会,government,政府机构及社会团体;社会团体;行业协会,武侯区,104.074958,30.630475
共和路社区居委会,government,政府机构及社会团体;政府机关;乡镇以下级政府及事业单位,武侯区,104.082255,30.636067
四川大学望江校区车管科,government,政府机构及社会团体;交通车辆管理;交通管理机构,武侯区,104.074377,30.634442
四川省老年人体育协会,government,政府机构及社会团体;社会团体;行业协会,武侯区,104.073778,30.638339
成都宁波商会,government,政府机构及社会团体;政府及社会团体相关;政府及社会团体相关,武侯区,104.078181,30.638064
望江路街道办事处,government,政府机构及社会团体;政府机关;乡镇级政府及事业单位,武侯区,104.081735,30.637566
中共望江路街道工作委员会,government,政府机构及社会团体;政府机关;乡镇级政府及事业单位,武侯区,104.081714,30.637615
四川头脑创新思维学会,government,政府机构及社会团体;社会团体;社会团体相关,武侯区,104.074311,30.630927
中国材料研究学会高分子材料与工程学会,government,政府机构及社会团体;社会团体;行业协会,武侯区,104.075031,30.629792
四川大学学生会,government,政府机构及社会团体;社会团体;社会团体相关,武侯区,104.081767,30.635177
四川大学工会委员会,government,政府机构及社会团体;社会团体;社会团体相关,武侯区,104.081784,30.635204
全国工商联祛痘专业委员会,government,政府机构及社会团体;政府及社会团体相关;政府及社会团体相关,武侯区,104.077432,30.637486
四川大学周边建设管理办公室,government,政府机构及社会团体;政府机关;政府机关相关,武侯区,104.074242,30.633823
武侯区人大常委会望江街道工作委员会,government,政府机构及社会团体;政府机关;乡镇级政府及事业单位,武侯区,104.081721,30.637601
望江路派出所共和路社区警务室,government,政府机构及社会团体;公检法机构;社会治安机构,武侯区,104.081497,30.63793
四川大学望江校区学生会,government,政府机构及社会团体;社会团体;社会团体相关,武侯区,104.081548,30.63517
中共共和路社区委员会,government,政府机构及社会团体;政府机关;乡镇以下级政府及事业单位,武侯区,104.082254,30.636067
四川大学后勤管理处住房工作委员会办公室,government,政府机构及社会团体;社会团体;社会团体相关,武侯区,104.081951,30.634865
中共共和路社区纪律检查委员会,government,政府机构及社会团体;政府机关;乡镇以下级政府及事业单位,武侯区,104.082254,30.636067
共和路社区关心下一代工作委员会,government,政府机构及社会团体;政府机关;乡镇以下级政府及事业单位,武侯区,104.082254,30.636067
望江路街道共和路社区工会委员会,government,政府机构及社会团体;政府机关;乡镇以下级政府及事业单位|政府机构及社会团体;社会团体;社会团体相关,武侯区,104.082255,30.636067
四川头脑奥林匹克学会,government,政府机构及社会团体;社会团体;社会团体相关,武侯区,104.074311,30.630927
成都市消费者协会四川大学分析测试中心空调产品质量投诉站,government,政府机构及社会团体;社会团体;消费者协会,武侯区,104.076303,30.633779
中共共和路社区支部委员会,government,政府机构及社会团体;政府机关;乡镇以下级政府及事业单位,武侯区,104.082254,30.636067
四川大学望江校区科技园西部企业管理咨询联谊会,government,政府机构及社会团体;社会团体;社会团体相关,武侯区,104.074311,30.630927
成都市锦江区地方税务局,government,政府机构及社会团体;工商税务机构;地税机关,锦江区,104.091074,30.638614
四川省教育厅大学英语二三级考试办公室,government,政府机构及社会团体;政府机关;省直辖市级政府及事业单位,武侯区,104.086649,30.637205
成都市锦江区地方税务局24小时自助办税服务厅,government,政府机构及社会团体;工商税务机构;地税机关,锦江区,104.090907,30.6386
四川大学国外考试中心,government,政府机构及社会团体;公检法机构;公证鉴定机构,武侯区,104.0865,30.637286
成都历史学会,government,政府机构及社会团体;社会团体;行业协会,武侯区,104.086691,30.636998
成都古都学会,government,政府机构及社会团体;社会团体;行业协会,武侯区,104.086691,30.636998
中国城市史学会,government,政府机构及社会团体;社会团体;行业协会,武侯区,104.086691,30.636998
成都市物理学会,government,政府机构及社会团体;社会团体;行业协会,武侯区,104.087765,30.633604
美中友好志愿者,government,政府机构及社会团体;社会团体;行业协会,武侯区,104.087047,30.637024
成都市锦江区地方税务局办税服务厅,government,政府机构及社会团体;工商税务机构;地税机关,锦江区,104.090926,30.638625
中国建筑6局,government,政府机构及社会团体;政府及社会团体相关;政府及社会团体相关,锦江区,104.091694,30.638582
四川医疗器械生物材料和制品检验中心,government,政府机构及社会团体;公检法机构;公证鉴定机构,武侯区,104.086947,30.631461
中国优生科学协会医学遗传学专业委员会(张澜路),government,政府机构及社会团体;社会团体;行业协会,武侯区,104.088618,30.634026
中国生物材料学会,government,政府机构及社会团体;社会团体;社会团体相关,武侯区,104.086947,30.631461
顺江社区居委会(工农院街),government,政府机构及社会团体;政府机关;乡镇以下级政府及事业单位,锦江区,104.093187,30.634707
四川大学望江校区校友会商学院分会,government,政府机构及社会团体;社会团体;行业协会,武侯区,104.084154,30.634388
双桂路街道社会组织服务中心,government,政府机构及社会团体;政府机关;乡镇级政府及事业单位,锦江区,104.100707,30.630953
紫东社区社会捐助接收工作点,government,政府机构及社会团体;社会团体;慈善机构,锦江区,104.100535,30.637954
龙舟路街道社会组织党建工作指导站(莲花新区南一巷),government,政府机构及社会团体;政府机关;乡镇级政府及事业单位,锦江区,104.097121,30.633721
成都市锦江区人民法院,government,政府机构及社会团体;公检法机构;法院,锦江区,104.097842,30.631155
成都市公安局锦江区分局,government,政府机构及社会团体;公检法机构;公安警察,锦江区,104.095244,30.633402
牛市口工商所,government,政府机构及社会团体;工商税务机构;工商部门,锦江区,104.097065,30.635141
龙舟路派出所,government,政府机构及社会团体;公检法机构;公安警察,锦江区,104.09558,30.637067
四川省畜牧兽医学会,government,政府机构及社会团体;社会团体;行业协会,锦江区,104.103452,30.629723
双桂路街道办事处,government,政府机构及社会团体;政府机关;乡镇级政府及事业单位,锦江区,104.100321,30.631239
四川省地质学会核资源与核勘察工程专业委员会,government,政府机构及社会团体;政府机关;省直辖市级政府及事业单位,锦江区,104.099704,30.634693
龙舟路派出所莲桂西路警务室,government,政府机构及社会团体;公检法机构;公安警察,锦江区,104.093852,30.634456
莲新派出所五福利区警务室,government,政府机构及社会团体;公检法机构;公安警察,锦江区,104.099045,30.63788
成都市公安局锦江区分局经济犯罪举报中心,government,政府机构及社会团体;公检法机构;公安警察,锦江区,104.09612,30.633139
成都市公安局锦江区分局治安大队(莲桂南路),government,政府机构及社会团体;公检法机构;公安警察,锦江区,104.095523,30.633263
中共成都市委机关刊联系点,government,政府机构及社会团体;政府及社会团体相关;政府及社会团体相关,锦江区,104.10202,30.629803
龙舟路街道办事处社区公共服务站,government,政府机构及社会团体;政府机关;乡镇级政府及事业单位,锦江区,104.095025,30.630441
五福桥社区,government,政府机构及社会团体;政府机关;区县级政府及事业单位,锦江区,104.102205,30.629929
五福桥社区红十字工作站,government,政府机构及社会团体;社会团体;红十字会,锦江区,104.102151,30.629972
成都市锦江区城市管理行政执法局,government,政府机构及社会团体;政府机关;区县级政府及事业单位,锦江区,104.094903,30.630634
紫东社区红十字服务站,government,政府机构及社会团体;社会团体;红十字会,锦江区,104.100535,30.637954
中共锦江区纪委派驻区法院纪检组,government,政府机构及社会团体;公检法机构;法院,锦江区,104.097905,30.631199
五福桥社区纪委,government,政府机构及社会团体;政府机关;乡镇以下级政府及事业单位,锦江区,104.102239,30.630097
锦江区城市管理和园林绿化局,government,政府机构及社会团体;政府机关;区县级政府及事业单位,锦江区,104.094969,30.630604
双桂路街道大调解协调中心,government,政府机构及社会团体;政府机关;乡镇级政府及事业单位,锦江区,104.100632,30.631011
双桂路街道食药监管所,government,政府机构及社会团体;政府机关;乡镇级政府及事业单位,锦江区,104.100533,30.631069
锦江区监察局派驻区城管局监察室,government,政府机构及社会团体;政府机关;区县级政府及事业单位,锦江区,104.094903,30.630634
中共锦江区纪委派驻区城管局纪检组,government,政府机构及社会团体;政府机关;区县级政府及事业单位,锦江区,104.094969,30.630604
对外医疗服务办公室,government,政府机构及社会团体;政府及社会团体相关;政府及社会团体相关,锦江区,104.09409,30.636252
活动中心管理室,government,政府机构及社会团体;政府及社会团体相关;政府及社会团体相关,锦江区,104.096052,30.637852
双桂路街道青年工作共建委员会办公室,government,政府机构及社会团体;政府机关;乡镇级政府及事业单位,锦江区,104.100707,30.630953
双桂路街道关心下一代工作委员会办公室,government,政府机构及社会团体;政府机关;乡镇级政府及事业单位,锦江区,104.100707,30.630953
重庆市建委驻川办事处,government,政府机构及社会团体;政府机关;政府机关相关,锦江区,104.097579,30.63045
工商行政管理,government,政府机构及社会团体;政府机关;政府机关相关,锦江区,104.097177,30.635303
双桂路街道五福桥社区工会,government,政府机构及社会团体;社会团体;社会团体相关,锦江区,104.102151,30.629973
紫东社区全民健身协会,government,政府机构及社会团体;社会团体;社会团体相关,锦江区,104.100535,30.637954
紫东社区党建促进会,government,政府机构及社会团体;社会团体;社会团体相关,锦江区,104.100535,30.637954
龙舟路街道办事处劳动保障所,government,政府机构及社会团体;政府机关;乡镇级政府及事业单位,锦江区,104.094856,30.630558
紫东社区党建工作联系会,government,政府机构及社会团体;社会团体;社会团体相关,锦江区,104.100535,30.637954
锦江区监察局派出双桂路街道办事处监察室,government,政府机构及社会团体;政府机关;乡镇级政府及事业单位,锦江区,104.100215,30.631242
成都市锦江区个体私营经济协会,government,政府机构及社会团体;社会团体;行业协会,锦江区,104.097065,30.635141
西南放射性矿产地质管理办公室,government,政府机构及社会团体;政府机关;政府机关相关,锦江区,104.099705,30.634691
锦江区政协双桂路街道工作委员会,government,政府机构及社会团体;政府机关;乡镇级政府及事业单位,锦江区,104.100228,30.631284
中共锦江区纪委派出双桂路街道纪律检查工作委员会,government,政府机构及社会团体;政府机关;乡镇级政府及事业单位,锦江区,104.100215,30.631242
四川省环境保护产业协会核与辐射污染防治专业委员会,government,政府机构及社会团体;政府机关;乡镇级政府及事业单位,锦江区,104.099702,30.634696
中共锦江区莲桂西路社区联合党支部,government,政府机构及社会团体;政府及社会团体相关;政府及社会团体相关,锦江区,104.095131,30.63426
莲花新区社区居委会,government,政府机构及社会团体;政府机关;乡镇以下级政府及事业单位,锦江区,104.097121,30.633721
五福桥社区党委,government,政府机构及社会团体;政府机关;乡镇以下级政府及事业单位,锦江区,104.102151,30.629972
五福桥社区居委会,government,政府机构及社会团体;政府机关;乡镇以下级政府及事业单位,锦江区,104.102151,30.629972
紫东社区第二党支部,government,政府机构及社会团体;政府机关;乡镇以下级政府及事业单位,锦江区,104.09973,30.636187
中共成都市锦江区纪委驻区城管园林局纪检组,government,政府机构及社会团体;政府及社会团体相关;政府及社会团体相关,锦江区,104.094874,30.630613
中共莲花新区社区委员会,government,政府机构及社会团体;政府机关;乡镇以下级政府及事业单位,锦江区,104.097124,30.633647
龙舟路街道办事处残疾人联合会,government,政府机构及社会团体;社会团体;残联,锦江区,104.094856,30.630558
成都市锦江区纪委派驻区城市管理和园林绿化局纪检组,government,政府机构及社会团体;政府及社会团体相关;政府及社会团体相关,锦江区,104.094874,30.630613
成都市锦江区纪委驻派区法院纪检组,government,政府机构及社会团体;公检法机构;公检法机关,锦江区,104.097859,30.63138
龙舟路派出所顺江警务室,government,政府机构及社会团体;公检法机构;公安警察,锦江区,104.093892,30.634451
紫东社区综治工作室,government,政府机构及社会团体;政府机关;乡镇以下级政府及事业单位,锦江区,104.100535,30.637954
中共紫东社区委员会,government,政府机构及社会团体;政府机关;乡镇以下级政府及事业单位,锦江区,104.100535,30.637954
莲花新区社区人民调解委员会,government,政府机构及社会团体;政府机关;乡镇以下级政府及事业单位,锦江区,104.097173,30.63363
锦江区双桂路人民调解委员会,government,政府机构及社会团体;政府机关;乡镇级政府及事业单位,锦江区,104.100228,30.631284
紫东社区防范邪教工作站,government,政府机构及社会团体;政府机关;乡镇以下级政府及事业单位,锦江区,104.100535,30.637954
紫东社区居委会(双迎街),government,政府机构及社会团体;政府机关;乡镇以下级政府及事业单位,锦江区,104.100535,30.637954
莲花新区社区流动人口管理工作站,government,政府机构及社会团体;政府机关;乡镇以下级政府及事业单位,锦江区,104.097181,30.633784
龙舟路派出所莲花新区警务室,government,政府机构及社会团体;公检法机构;社会治安机构,锦江区,104.097239,30.633547
锦江区莲新街道紫东社区工会,government,政府机构及社会团体;社会团体;社会团体相关,锦江区,104.100535,30.637954
紫东社区人民调解委员会(室),government,政府机构及社会团体;政府机关;乡镇以下级政府及事业单位,锦江区,104.100535,30.637954
中共紫东社区纪律检查委员会,government,政府机构及社会团体;政府机关;乡镇以下级政府及事业单位,锦江区,104.100535,30.637954
共青团五福社区支部委员会,government,政府机构及社会团体;社会团体;共青团,锦江区,104.102151,30.629973
中共锦江区龙舟路街道莲花新区社区纪检委,government,政府机构及社会团体;政府机关;乡镇以下级政府及事业单位,锦江区,104.096969,30.633739
紫东社区居民代表会议工作委员会,government,政府机构及社会团体;政府机关;乡镇以下级政府及事业单位,锦江区,104.100535,30.637954
牛沙路社区流动人口服务管理工作站,government,政府机构及社会团体;公检法机构;社会治安机构,锦江区,104.100569,30.631045
锦江区司法局双桂路司法所,government,政府机构及社会团体;公检法机构;公检法机关,锦江区,104.100321,30.631239
紫东社区残疾人协会,government,政府机构及社会团体;社会团体;残联,锦江区,104.100535,30.637954
双桂路派出所牛沙路警务室,government,政府机构及社会团体;公检法机构;社会治安机构,锦江区,104.098513,30.630657
中共双桂路街道工作委员会,government,政府机构及社会团体;政府机关;乡镇级政府及事业单位,锦江区,104.100321,30.631239
双桂路街道五福桥社区残疾人协会,government,政府机构及社会团体;社会团体;残联,锦江区,104.10215,30.629972
中共莲花社区委员会(海椒市街),government,政府机构及社会团体;政府机关;乡镇以下级政府及事业单位,锦江区,104.096974,30.637512
公安分局经济犯罪侦查大队,government,政府机构及社会团体;政府及社会团体相关;政府及社会团体相关,锦江区,104.095309,30.633425
司法大队,government,政府机构及社会团体;政府及社会团体相关;政府及社会团体相关,锦江区,104.097816,30.631301
双桂办事处,government,政府机构及社会团体;政府及社会团体相关;政府及社会团体相关,锦江区,104.099334,30.631915
成都市锦江区人民法院执行局,government,政府机构及社会团体;公检法机构;法院,锦江区,104.097817,30.631301
成都市人民政府办公室,government,政府机构及社会团体;政府及社会团体相关;政府及社会团体相关,锦江区,104.106567,30.636886
成都市人民政府妇女儿童工作委员会办公室,government,政府机构及社会团体;政府机关;地市级政府及事业单位,锦江区,104.106065,30.636743
成都市妇女儿童中心,government,政府机构及社会团体;社会团体;妇联|体育休闲服务;休闲场所;休闲场所,锦江区,104.106542,30.637334
成都市妇女联合会,government,政府机构及社会团体;社会团体;妇联,锦江区,104.106065,30.636743
成都湛江商会(牛沙路),government,政府机构及社会团体;社会团体;行业协会,锦江区,104.105598,30.629516
成都茂名商会(牛沙路),government,政府机构及社会团体;社会团体;行业协会,锦江区,104.105598,30.629514
四川省广东建筑材料商会(牛沙路),government,政府机构及社会团体;社会团体;行业协会,锦江区,104.105598,30.629514
成都市锦江区双桂路辖区综合执法队执勤点,government,政府机构及社会团体;政府及社会团体相关;政府及社会团体相关,锦江区,104.113059,30.632671
沙河辖区社会组织服务平台,government,政府机构及社会团体;政府机关;区县级政府及事业单位,锦江区,104.115271,30.632969
青白江区司法局,government,政府机构及社会团体;公检法机构;公检法机关,锦江区,104.121574,30.633139
成都市交通委员会行政执法总队二大队,government,政府机构及社会团体;交通车辆管理;交通管理机构,成华区,104.126875,30.638586
成都交通运输行政执法二大队,government,政府机构及社会团体;政府及社会团体相关;政府及社会团体相关,成华区,104.126875,30.638583
成都东客站派出所,government,政府机构及社会团体;公检法机构;公安警察,成华区,104.138641,30.634284
成都东客站派出所(西南门),government,政府机构及社会团体;公检法机构;公安警察|通行设施;临街院门;临街院门,成华区,104.138365,30.633882
综合执法(成都东站),government,政府机构及社会团体;公检法机构;公安警察,成华区,104.141169,30.630638
综合执法(成都东站),government,政府机构及社会团体;公检法机构;公安警察,成华区,104.136688,30.632066
成都铁路公安处交通警察支队成都东车站大队,government,政府机构及社会团体;交通车辆管理;交通管理机构,成华区,104.13832,30.633369
成都铁路公安处成都东交警大队违章车辆停放场,government,政府机构及社会团体;交通车辆管理;交通管理机构,成华区,104.13832,30.633369
公安值班室(成都东站),government,政府机构及社会团体;公检法机构;公安警察,成华区,104.13769,30.632185
中共胜利社区区域委员会,government,政府机构及社会团体;政府机关;乡镇以下级政府及事业单位,成华区,104.139477,30.638171
胜利社区居委会(杨柳店南路),government,政府机构及社会团体;政府机关;乡镇以下级政府及事业单位,成华区,104.139477,30.638171
中共胜利社区总支部委员会(杨柳店南路),government,政府机构及社会团体;政府机关;乡镇以下级政府及事业单位,成华区,104.139477,30.638171
保和街道胜利社区慈善捐赠站,government,政府机构及社会团体;社会团体;慈善机构,成华区,104.139477,30.638171
成都公安局交警支队成都东客站大队,government,政府机构及社会团体;公检法机构;公检法机关,成华区,104.13867,30.634645
城际商旅城管理委员会,government,政府机构及社会团体;政府及社会团体相关;政府及社会团体相关,成华区,104.134497,30.63124
和美社区居民议事会,government,政府机构及社会团体;社会团体;社会团体相关,成华区,104.153053,30.631739
四川省交通厅成渝高速公路交通执法一大队,government,政府机构及社会团体;交通车辆管理;交通管理机构,成华区,104.147922,30.636641
四川省交通厅成渝高速公路交通执法支队,government,政府机构及社会团体;交通车辆管理;交通管理机构,成华区,104.147922,30.636641
东客站地区派出所,government,政府机构及社会团体;公检法机构;公安警察,成华区,104.144275,30.633799
四川省公安厅交通警察总队高速公路支队成渝高速公路一大队,government,政府机构及社会团体;交通车辆管理;交通管理机构,成华区,104.147922,30.636641
成都市公安消防支队站前大队,government,政府机构及社会团体;公检法机构;消防机关,成华区,104.144898,30.636652
中共和美社区区域委员会,government,政府机构及社会团体;政府机关;乡镇以下级政府及事业单位,成华区,104.153146,30.631828
和美社区居委会(和美东路),government,政府机构及社会团体;政府机关;乡镇以下级政府及事业单位,成华区,104.153146,30.631828
万科魅力之城业主大会业主委员会,government,政府机构及社会团体;社会团体;社会团体相关,成华区,104.149437,30.629886
中共和美社区总支部委员会(和美东路),government,政府机构及社会团体;政府机关;乡镇以下级政府及事业单位,成华区,104.153146,30.631828
成都市公安消防支队站前大队东客站中队,government,政府机构及社会团体;公检法机构;消防机关,成华区,104.144898,30.636652
中国人民武装警察部队成都市消防支队三十一中队,government,政府机构及社会团体;公检法机构;消防机关,成华区,104.144898,30.636652
天鹅社区居委会(天鹅路),government,政府机构及社会团体;政府机关;乡镇以下级政府及事业单位,成华区,104.15541,30.636419
保和天鹅电镀厂工会委员会,government,政府机构及社会团体;社会团体;社会团体相关,成华区,104.156217,30.637896
天鹅社区工会联合会,government,政府机构及社会团体;社会团体;社会团体相关,成华区,104.155411,30.636426
中共天鹅社区支部委员会,government,政府机构及社会团体;政府机关;乡镇以下级政府及事业单位,成华区,104.155472,30.63639
中共天鹅社区总支部委员会(天鹅路),government,政府机构及社会团体;政府机关;乡镇以下级政府及事业单位,成华区,104.155412,30.63642
武侯区簇桥街道双凤村促进和谐社会建设工作站,government,政府机构及社会团体;政府机关;乡镇以下级政府及事业单位,武侯区,103.964796,30.620473
簇桥派出所双凤村警务室,government,政府机构及社会团体;公检法机构;公安警察,武侯区,103.96485,30.620523
生产管理办公室,government,政府机构及社会团体;政府及社会团体相关;政府及社会团体相关,武侯区,103.96485,30.62052
双凤村工会联合会,government,政府机构及社会团体;社会团体;社会团体相关,武侯区,103.964708,30.620297
天伦食品(成都)有限公司工会委员会,government,政府机构及社会团体;社会团体;社会团体相关,武侯区,103.970712,30.620771
武侯区簇桥街道双凤村村民议事会,government,政府机构及社会团体;社会团体;社会团体相关,武侯区,103.964707,30.620296
中共双凤村纪律检查委员会,government,政府机构及社会团体;政府机关;乡镇以下级政府及事业单位,武侯区,103.964709,30.620295
双凤村司法信访矛盾纠纷调处中心,government,政府机构及社会团体;政府机关;乡镇以下级政府及事业单位,武侯区,103.964707,30.620296
中共武侯区簇桥街道双凤村委员会,government,政府机构及社会团体;政府机关;乡镇以下级政府及事业单位,武侯区,103.964708,30.620296
簇桥街道双凤村综合服务管理站,government,政府机构及社会团体;政府机关;乡镇以下级政府及事业单位,武侯区,103.96494,30.620498
簇桥派出所联合警务区,government,政府机构及社会团体;公检法机构;社会治安机构,武侯区,103.971824,30.620574
派中派鞋业有限公司工会委员会,government,政府机构及社会团体;社会团体;社会团体相关,武侯区,103.968634,30.627339
工商税务,government,政府机构及社会团体;政府机关;政府机关相关,武侯区,103.982716,30.625038
同城建设工程质量检测有限公司,government,政府机构及社会团体;公检法机构;公证鉴定机构,武侯区,103.97596,30.628284
四川省冶金产品质量监督检验站,government,政府机构及社会团体;政府及社会团体相关;政府及社会团体相关,武侯区,103.973869,30.629323
科创控股集团工会委员会,government,政府机构及社会团体;社会团体;社会团体相关,武侯区,103.978384,30.628831
成都龙岩商会,government,政府机构及社会团体;政府及社会团体相关;政府及社会团体相关,武侯区,103.982442,30.625072
武侯区烟草专卖局簇桥专卖监督管理所,government,政府机构及社会团体;政府机关;乡镇级政府及事业单位,武侯区,103.982291,30.625214
成都市公安局武侯分局工业园派出所,government,政府机构及社会团体;公检法机构;公安警察,武侯区,103.978047,30.626131
武侯区消防大队,government,政府机构及社会团体;公检法机构;消防机关,武侯区,103.978604,30.624118
中国农业银行股份有限公司四川省分行培训学校党委,government,政府机构及社会团体;社会团体;社会团体相关,武侯区,103.985134,30.626146
顺江社区促进社会建设工作站,government,政府机构及社会团体;政府机关;乡镇以下级政府及事业单位,武侯区,104.001282,30.629503
聚龙路改建工程现场办公室,government,政府机构及社会团体;政府及社会团体相关;政府及社会团体相关,武侯区,103.997501,30.628443
中共簇新街道顺江社区委员会,government,政府机构及社会团体;政府机关;乡镇以下级政府及事业单位,武侯区,104.001099,30.629536
顺江社区居委会(太平园中六路),government,政府机构及社会团体;政府机关;乡镇以下级政府及事业单位,武侯区,104.001099,30.629537
中国铁建十一局,government,政府机构及社会团体;政府及社会团体相关;政府及社会团体相关,武侯区,103.993913,30.623887
四川省家具进出口商会,government,政府机构及社会团体;政府及社会团体相关;政府及社会团体相关,武侯区,104.005755,30.625739
四川嘉衡利建筑工程检测有限公司,government,政府机构及社会团体;公检法机构;公证鉴定机构,武侯区,104.005334,30.626226
簇锦派出所高碑社区警务室,government,政府机构及社会团体;公检法机构;社会治安机构,武侯区,104.004199,30.623241
共青团成都市第五十七实验学校委员会,government,政府机构及社会团体;社会团体;共青团,武侯区,104.011667,30.625629
华兴街道办事处社会事务服务中心,government,政府机构及社会团体;政府机关;乡镇级政府及事业单位,武侯区,104.017,30.619853
华兴街道办事处,government,政府机构及社会团体;政府机关;乡镇级政府及事业单位,武侯区,104.017113,30.619778
四川省动物卫生监督所,government,政府机构及社会团体;政府机关;省直辖市级政府及事业单位,武侯区,104.018243,30.627578
工商市场管理办公楼,government,政府机构及社会团体;政府机关;政府机关相关,武侯区,104.022525,30.628113
兽医协会,government,政府机构及社会团体;政府及社会团体相关;政府及社会团体相关,武侯区,104.01829,30.627387
红牌楼街道办事处太平社区太平六组消防站,government,政府机构及社会团体;政府及社会团体相关;政府及社会团体相关,武侯区,104.018722,30.622992
川藏路公铁立交桥泵房成都市武侯区公路管理所,government,政府机构及社会团体;政府及社会团体相关;政府及社会团体相关,武侯区,104.016665,30.624594
中共华兴街道工作委员会,government,政府机构及社会团体;政府机关;乡镇级政府及事业单位,武侯区,104.017112,30.619778
武侯区人大常委会华兴街道工作委员会,government,政府机构及社会团体;政府机关;乡镇以下级政府及事业单位,武侯区,104.017112,30.619778
南桥二路街道办事处,government,政府机构及社会团体;政府机关;乡镇级政府及事业单位,武侯区,104.014724,30.622485
中国动检,government,政府机构及社会团体;政府及社会团体相关;政府及社会团体相关,武侯区,104.018223,30.627341
武侯区人民政府政务服务中心交通分中心,government,政府机构及社会团体;交通车辆管理;交通管理机构,武侯区,104.026034,30.629388
武侯区规划馆,government,政府机构及社会团体;政府机关;区县级政府及事业单位,武侯区,104.031045,30.626092
成都市物业管理协会,government,政府机构及社会团体;政府及社会团体相关;政府及社会团体相关,武侯区,104.028203,30.627622
成都市武侯区档案局(馆),government,政府机构及社会团体;政府机关;区县级政府及事业单位,武侯区,104.031239,30.62619
成都市国家税务局车辆购置税征收管理分局,government,政府机构及社会团体;工商税务机构;国税机关,武侯区,104.026763,30.629057
国家(成都)新药安全性评价中心,government,政府机构及社会团体;公检法机构;公证鉴定机构,武侯区,104.032241,30.620136
中国医师协会会员单位,government,政府机构及社会团体;社会团体;行业协会,武侯区,104.029753,30.624371
汽车分期业务受理中心,government,政府机构及社会团体;政府及社会团体相关;政府及社会团体相关,武侯区,104.031138,30.625078
办税服务大厅,government,政府机构及社会团体;政府及社会团体相关;政府及社会团体相关,武侯区,104.026504,30.628911
武侯公路所,government,政府机构及社会团体;政府及社会团体相关;政府及社会团体相关,武侯区,104.026245,30.629438
中共成都现代医院支部委员会,government,政府机构及社会团体;社会团体;社会团体相关,武侯区,104.027291,30.628517
二手车过户登记服务站,government,政府机构及社会团体;交通车辆管理;车辆管理机构,武侯区,104.031641,30.624881
四川省美容整形协会理事单位,government,政府机构及社会团体;社会团体;行业协会,武侯区,104.029724,30.624386
台湾两岸医疗事务交流协会授权台湾专家部,government,政府机构及社会团体;政府及社会团体相关;政府及社会团体相关,武侯区,104.029722,30.624387
中国康复医学会修复重建外科专业委员会,government,政府机构及社会团体;政府及社会团体相关;政府及社会团体相关,武侯区,104.027664,30.628414
成都市武侯区交通与市政设施管理局三管站,government,政府机构及社会团体;政府及社会团体相关;政府及社会团体相关,武侯区,104.026053,30.629454
台湾两岸医疗事务交流协会,government,政府机构及社会团体;政府及社会团体相关;政府及社会团体相关,武侯区,104.029885,30.624147
四川省基础地理信息中心,government,政府机构及社会团体;政府及社会团体相关;政府及社会团体相关,武侯区,104.033515,30.624753
高速公路ETC大厅,government,政府机构及社会团体;政府及社会团体相关;政府及社会团体相关,武侯区,104.026766,30.629057
劳动和社会保障所,government,政府机构及社会团体;政府及社会团体相关;政府及社会团体相关,武侯区,104.042702,30.622927
芳草街街道办事处社会事务服务中心,government,政府机构及社会团体;政府机关;乡镇级政府及事业单位,武侯区,104.042725,30.622739
芳草街道工作人员党风廉政及工作作风问题投诉点,government,政府机构及社会团体;政府机关;乡镇级政府及事业单位,武侯区,104.042394,30.622572
中国国际防腐保温防水技术及设备展览会组织委员会,government,政府机构及社会团体;社会团体;社会团体相关,武侯区,104.040448,30.62181
中国国际涂料涂装及表面处理展览会组织委员会,government,政府机构及社会团体;社会团体;社会团体相关,武侯区,104.040448,30.62181
成都市公安局交通管理局(第一分局),government,政府机构及社会团体;交通车辆管理;交通管理机构,武侯区,104.039533,30.627728
四川省冶金地质勘查局,government,政府机构及社会团体;政府机关;省直辖市级政府及事业单位,武侯区,104.033688,30.623928
四川省测绘地理信息局,government,政府机构及社会团体;政府机关;省直辖市级政府及事业单位,武侯区,104.033797,30.625016
成都市公安局高新技术产业开发区分局,government,政府机构及社会团体;公检法机构;公安警察,武侯区,104.039831,30.622397
成都联合产权交易所,government,政府机构及社会团体;政府机关;政府机关相关,武侯区,104.040227,30.622942
成都市高新区公路所,government,政府机构及社会团体;政府机关;政府机关相关,武侯区,104.039068,30.622728
成都市高新区公安局治安署,government,政府机构及社会团体;公检法机构;公安警察,武侯区,104.039881,30.622447
成都市交警一分局,government,政府机构及社会团体;公检法机构;公安警察,武侯区,104.039224,30.627529
成都生产力促进中心,government,政府机构及社会团体;政府及社会团体相关;政府及社会团体相关,武侯区,104.040259,30.623251
四川省机械工业协会涂料涂装行业分会,government,政府机构及社会团体;社会团体;行业协会,武侯区,104.040447,30.62181
四川基因格司法鉴定所,government,政府机构及社会团体;公检法机构;公证鉴定机构,武侯区,104.038055,30.628134
通威股份有限公司检测中心,government,政府机构及社会团体;公检法机构;公证鉴定机构,武侯区,104.041964,30.626954
交通警察事故预防处理大队,government,政府机构及社会团体;交通车辆管理;交通管理机构,武侯区,104.039136,30.627523
四川福森特司法鉴定所,government,政府机构及社会团体;公检法机构;公证鉴定机构,武侯区,104.038747,30.624352
涉案车辆查验区,government,政府机构及社会团体;政府及社会团体相关;政府及社会团体相关,武侯区,104.039141,30.627527
交警分局12345大队,government,政府机构及社会团体;政府及社会团体相关;政府及社会团体相关,武侯区,104.039233,30.62749
一管理站,government,政府机构及社会团体;政府及社会团体相关;政府及社会团体相关,武侯区,104.035405,30.62239
鱼鳞图测管中心,government,政府机构及社会团体;政府及社会团体相关;政府及社会团体相关,武侯区,104.036298,30.624258
成都射洪商会,government,政府机构及社会团体;社会团体;行业协会,武侯区,104.042539,30.623298
成都市高新区交通运输管理所,government,政府机构及社会团体;交通车辆管理;交通管理机构,武侯区,104.039068,30.622728
芳草街街道办事处,government,政府机构及社会团体;政府机关;乡镇级政府及事业单位,武侯区,104.042699,30.622933
成都市物流协会(创业路),government,政府机构及社会团体;社会团体;行业协会,武侯区,104.040672,30.62223
四川省化学化工学会防腐保温专业委员会,government,政府机构及社会团体;社会团体;行业协会,武侯区,104.040447,30.62181
芳草街街道办事处司法所,government,政府机构及社会团体;公检法机构;公检法机关,武侯区,104.042394,30.622572
交警一分局电动自行车综合上牌点,government,政府机构及社会团体;政府及社会团体相关;政府及社会团体相关,武侯区,104.039136,30.627523
芳草街街道办事处信访办公室,government,政府机构及社会团体;政府机关;乡镇级政府及事业单位,武侯区,104.042394,30.622572
中共芳草街街道区域工作委员会,government,政府机构及社会团体;政府机关;乡镇级政府及事业单位,武侯区,104.042691,30.622942
成都市公安局交通管理局第一分局事故预防处理大队,government,政府机构及社会团体;交通车辆管理;交通管理机构,武侯区,104.039205,30.62755
高新区肖家河街道办事处治安城管民兵巡逻大队,government,政府机构及社会团体;政府及社会团体相关;政府及社会团体相关,武侯区,104.039831,30.627249
成都机械工程学会涂料涂装专业委员会,government,政府机构及社会团体;社会团体;行业协会,武侯区,104.040447,30.62181
四川禾嘉股份有限公司工会委员会,government,政府机构及社会团体;社会团体;社会团体相关,武侯区,104.037194,30.62303
中共芳草街街道纪律检查工作委员会,government,政府机构及社会团体;政府机关;乡镇级政府及事业单位,武侯区,104.042699,30.622933
成都高新区芳草街街道总工会,government,政府机构及社会团体;政府机关;乡镇级政府及事业单位,武侯区,104.042699,30.622933
肖家河街道办事处劳动保障监察工作站,government,政府机构及社会团体;政府机关;乡镇级政府及事业单位,武侯区,104.03531,30.621927
同济大学四川校友会,government,政府机构及社会团体;社会团体;社会团体相关,武侯区,104.039559,30.627049
成都高新区劳动关系协调工作站芳草街道站,government,政府机构及社会团体;政府机关;乡镇级政府及事业单位,武侯区,104.042394,30.622572
成都高新区城市管理行政执法局肖家河执法中队,government,政府机构及社会团体;政府机关;乡镇级政府及事业单位,武侯区,104.039861,30.62723
中共芳草街街道工作委员会,government,政府机构及社会团体;政府机关;乡镇级政府及事业单位,武侯区,104.042699,30.622933
四川电力企业多种经营协会电力电器设备制造业分会,government,政府机构及社会团体;社会团体;行业协会,武侯区,104.039068,30.625921
成都高新区福恰助老助残中心,government,政府机构及社会团体;社会团体;慈善机构,武侯区,104.042459,30.62386
成都嘉诚瑞原财务管理中心,government,政府机构及社会团体;政府及社会团体相关;政府及社会团体相关,武侯区,104.036866,30.628041
高新公安分局网络监察大队,government,政府机构及社会团体;政府及社会团体相关;政府及社会团体相关,武侯区,104.040065,30.622379
高新区公安分局网监大队,government,政府机构及社会团体;政府及社会团体相关;政府及社会团体相关,武侯区,104.04013,30.622633
国家电网管理所,government,政府机构及社会团体;政府及社会团体相关;政府及社会团体相关,武侯区,104.037816,30.626636
交警一分局二大队,government,政府机构及社会团体;政府及社会团体相关;政府及社会团体相关,武侯区,104.03939,30.627468
高新公安分局经侦大队,government,政府机构及社会团体;政府及社会团体相关;政府及社会团体相关,武侯区,104.04013,30.622633
成都高新区社会事业局婚姻登记处,government,政府机构及社会团体;政府机关;政府机关相关,武侯区,104.044274,30.619979
芳华社区就业和社会保障服务站,government,政府机构及社会团体;政府机关;乡镇以下级政府及事业单位,武侯区,104.05285,30.626645
元通社区劳动就业和社会保障服务站,government,政府机构及社会团体;政府机关;乡镇以下级政府及事业单位,武侯区,104.04392,30.620176
肖家河工商所,government,政府机构及社会团体;工商税务机构;工商部门,武侯区,104.052395,30.62729
芳草街派出所元通社区警务室,government,政府机构及社会团体;公检法机构;公安警察,武侯区,104.044017,30.620115
成都市烟草专卖局高新区分局,government,政府机构及社会团体;政府机关;政府机关相关,武侯区,104.04457,30.622427
成都高新区神仙树农贸市场管理办公室,government,政府机构及社会团体;政府机关;区县级政府及事业单位,武侯区,104.046667,30.621662
阳光家园芳草街道助老服务中心,government,政府机构及社会团体;政府及社会团体相关;政府及社会团体相关,武侯区,104.052337,30.627272
公安,government,政府机构及社会团体;政府及社会团体相关;政府及社会团体相关,武侯区,104.043933,30.620232
成都高新区门球协会,government,政府机构及社会团体;社会团体;行业协会,武侯区,104.044309,30.620052
成都高新区武术协会,government,政府机构及社会团体;社会团体;行业协会,武侯区,104.044312,30.620056
紫荆北路社区居委会,government,政府机构及社会团体;政府机关;乡镇以下级政府及事业单位,武侯区,104.049677,30.620131
成都高新区运动舞蹈协会,government,政府机构及社会团体;社会团体;行业协会,武侯区,104.044312,30.620054
朝柴办事处,government,政府机构及社会团体;政府及社会团体相关;政府及社会团体相关,武侯区,104.045294,30.622357
中国环球债事生活联合会,government,政府机构及社会团体;政府及社会团体相关;政府及社会团体相关,武侯区,104.047479,30.624287
元通社区文体分会,government,政府机构及社会团体;社会团体;行业协会,武侯区,104.04392,30.620176
紫竹北街社区27号院院委会,government,政府机构及社会团体;政府及社会团体相关;政府及社会团体相关,武侯区,104.05061,30.620148
成都高新区建筑工地扬尘治理监察大队,government,政府机构及社会团体;政府机关;政府机关相关,武侯区,104.043723,30.625984
成都高新区福怡助老助残中心,government,政府机构及社会团体;政府及社会团体相关;政府及社会团体相关,武侯区,104.052328,30.62727
紫竹社区计生协,government,政府机构及社会团体;政府及社会团体相关;政府及社会团体相关,武侯区,104.050762,30.619677
元通社区居委会,government,政府机构及社会团体;政府机关;乡镇以下级政府及事业单位,武侯区,104.04392,30.620176
芳草街街道紫荊社区党总支党员之家,government,政府机构及社会团体;政府及社会团体相关;政府及社会团体相关,武侯区,104.049965,30.622877
芳华社区计划生育协会,government,政府机构及社会团体;社会团体;行业协会,武侯区,104.05285,30.626645
元通社区老年协会分会,government,政府机构及社会团体;社会团体;社会团体相关,武侯区,104.04392,30.620176
元通社区计划生育协会,government,政府机构及社会团体;社会团体;社会团体相关,武侯区,104.04392,30.620176
芳华社区文体分会,government,政府机构及社会团体;社会团体;社会团体相关,武侯区,104.05285,30.626645
成都市建设工程质量监督站,government,政府机构及社会团体;公检法机构;公证鉴定机构,武侯区,104.050569,30.621869
芳华社区老年协会分会,government,政府机构及社会团体;社会团体;社会团体相关,武侯区,104.05285,30.626645
成都高新区芳草街街道办事处芳华街道总工会芳华社区联合会,government,政府机构及社会团体;政府及社会团体相关;政府及社会团体相关,武侯区,104.053137,30.626577
元通社区纪检小组,government,政府机构及社会团体;政府机关;乡镇以下级政府及事业单位,武侯区,104.04392,30.620176
元通社区党总支,government,政府机构及社会团体;政府机关;乡镇以下级政府及事业单位,武侯区,104.04392,30.620176
元通社区工作站,government,政府机构及社会团体;政府机关;乡镇以下级政府及事业单位,武侯区,104.04392,30.620176
元通社区人民调解委员会,government,政府机构及社会团体;政府机关;乡镇以下级政府及事业单位,武侯区,104.04392,30.620176
芳华社区人民调解委员会,government,政府机构及社会团体;政府机关;乡镇以下级政府及事业单位,武侯区,104.05285,30.626645
芳华社区事务监督委员会,government,政府机构及社会团体;政府机关;乡镇以下级政府及事业单位,武侯区,104.05285,30.626645
芳华社区纪检小组,government,政府机构及社会团体;政府机关;乡镇以下级政府及事业单位,武侯区,104.05285,30.626645
芳华社区居民议事会,government,政府机构及社会团体;社会团体;社会团体相关,武侯区,104.05285,30.626645
芳华社区党委,government,政府机构及社会团体;政府机关;乡镇以下级政府及事业单位,武侯区,104.05285,30.626645
元通社区居民议事会,government,政府机构及社会团体;政府机关;乡镇以下级政府及事业单位,武侯区,104.04392,30.620176
中共芳草街道元通社区委员会,government,政府机构及社会团体;政府机关;乡镇以下级政府及事业单位,武侯区,104.043961,30.620116
芳草街道总工会芳华社区联合会,government,政府机构及社会团体;社会团体;社会团体相关,武侯区,104.05285,30.626645
芳草街道总工会元通社区联合会,government,政府机构及社会团体;社会团体;社会团体相关,武侯区,104.04392,30.620176
元通社区事务监督委员会,government,政府机构及社会团体;政府机关;乡镇以下级政府及事业单位,武侯区,104.04392,30.620176
芳华社区治安综合治理委员会,government,政府机构及社会团体;公检法机构;社会治安机构,武侯区,104.05285,30.626645
中共芳草街街道芳华社区委员会,government,政府机构及社会团体;政府机关;乡镇以下级政府及事业单位,武侯区,104.052855,30.626281
芳华社区残疾人协会,government,政府机构及社会团体;社会团体;残联,武侯区,104.05285,30.626645
中共紫竹社区总支部二十七号院支部,government,政府机构及社会团体;政府机关;乡镇以下级政府及事业单位,武侯区,104.05061,30.620148
中共成都高新区芳草街道芳华社区居委会,government,政府机构及社会团体;政府机关;乡镇以下级政府及事业单位,武侯区,104.052579,30.626606
成都高新区芳草街街道办事处芳华社区居民委员会,government,政府机构及社会团体;政府机关;乡镇以下级政府及事业单位,武侯区,104.053137,30.626577
中共芳草街街道紫荊社区总支部第一支部委员会,government,政府机构及社会团体;政府机关;乡镇以下级政府及事业单位,武侯区,104.049992,30.622642
芳华社区流动人口服务管理工作站,government,政府机构及社会团体;公检法机构;社会治安机构,武侯区,104.05285,30.626645
元通社区残疾人协会(紫荆西路),government,政府机构及社会团体;社会团体;残联,武侯区,104.04392,30.620176
芳华街社区警务室,government,政府机构及社会团体;公检法机构;公安警察,武侯区,104.052579,30.626606
成都市烹饪协会团体会员,government,政府机构及社会团体;社会团体;行业协会,武侯区,104.059845,30.620036
玉林派出所,government,政府机构及社会团体;公检法机构;公安警察,武侯区,104.058129,30.629226
蓓蕾社区社会治安综合治理工作服务站,government,政府机构及社会团体;公检法机构;社会治安机构,武侯区,104.054231,30.62813
倪家桥社区接收社会捐赠点,government,政府机构及社会团体;社会团体;慈善机构,武侯区,104.057218,30.627951
四川省医疗卫生服务指导中心,government,政府机构及社会团体;政府机关;省直辖市级政府及事业单位,武侯区,104.059732,30.627122
四川省燃气协会,government,政府机构及社会团体;社会团体;行业协会,武侯区,104.063383,30.623118
四川省农村能源办公室,government,政府机构及社会团体;政府机关;省直辖市级政府及事业单位,武侯区,104.062249,30.627545
四川省城镇供水排水协会,government,政府机构及社会团体;社会团体;社会团体相关,武侯区,104.063383,30.623118
芳草街派出所蓓蕾社区警务室,government,政府机构及社会团体;公检法机构;公安警察,武侯区,104.054204,30.628166
中共桐梓社区支部委员,government,政府机构及社会团体;政府机关;乡镇以下级政府及事业单位,武侯区,104.055736,30.619665
四川省药械集中采购服务中心,government,政府机构及社会团体;政府机关;省直辖市级政府及事业单位,武侯区,104.059732,30.627122
四川省市政市容协会,government,政府机构及社会团体;社会团体;社会团体相关,武侯区,104.063383,30.623118
四川省人口和计划生育信息中心,government,政府机构及社会团体;政府机关;省直辖市级政府及事业单位,武侯区,104.059555,30.626829
倪家桥社区居委会,government,政府机构及社会团体;政府机关;乡镇以下级政府及事业单位,武侯区,104.057218,30.627951
四川省计划生育药品器械管理中心,government,政府机构及社会团体;政府机关;省直辖市级政府及事业单位,武侯区,104.059555,30.626829
四川省护理学会,government,政府机构及社会团体;社会团体;行业协会,武侯区,104.059732,30.627122
四川省城乡建设信息学会,government,政府机构及社会团体;社会团体;行业协会,武侯区,104.063383,30.623118
蓓蕾社区纪检小组,government,政府机构及社会团体;政府及社会团体相关;政府及社会团体相关,武侯区,104.054711,30.628591
四川省医学会,government,政府机构及社会团体;社会团体;行业协会,武侯区,104.059732,30.627122
四川省医疗卫生技术咨询所,government,政府机构及社会团体;政府机关;省直辖市级政府及事业单位,武侯区,104.059732,30.627122
成都市五进消防宣传中心,government,政府机构及社会团体;政府及社会团体相关;政府及社会团体相关,武侯区,104.062466,30.623438
蓓蕾社区居民议事会,government,政府机构及社会团体;社会团体;社会团体相关,武侯区,104.054633,30.628413
成都粘接协会,government,政府机构及社会团体;社会团体;行业协会,武侯区,104.062038,30.627253
四川省勘察设计协会,government,政府机构及社会团体;社会团体;行业协会,武侯区,104.063383,30.623118
桐梓林社区居委会,government,政府机构及社会团体;政府机关;乡镇以下级政府及事业单位,武侯区,104.060756,30.621712
四川省社区卫生协会,government,政府机构及社会团体;社会团体;行业协会,武侯区,104.059732,30.627122
武侯区玉林街道倪家桥社区工会,government,政府机构及社会团体;社会团体;社会团体相关,武侯区,104.057218,30.627951
四川省建设法制协会,government,政府机构及社会团体;社会团体;行业协会,武侯区,104.063383,30.623118
上海庄臣西区办事处,government,政府机构及社会团体;政府及社会团体相关;政府及社会团体相关,武侯区,104.062466,30.623438
国家合成树脂质量监督检验中心,government,政府机构及社会团体;公检法机构;公证鉴定机构,武侯区,104.063118,30.627253
四川省住房和城乡建设厅-综合楼,government,政府机构及社会团体;政府机关;政府机关相关,武侯区,104.063064,30.623209
蓓蕾社区居委会(蓓蕾中巷),government,政府机构及社会团体;政府机关;乡镇以下级政府及事业单位,武侯区,104.054374,30.62825
桐梓林社区警务室,government,政府机构及社会团体;公检法机构;社会治安机构,武侯区,104.060756,30.621712
四川省建设职业技能岗位鉴定省风景园林协会站,government,政府机构及社会团体;公检法机构;公证鉴定机构,武侯区,104.063383,30.623118
成都市工商联福州商会,government,政府机构及社会团体;政府及社会团体相关;政府及社会团体相关,武侯区,104.054912,30.62322
四川省人口和计划生育委员会-办公室楼,government,政府机构及社会团体;政府机关;政府机关相关,武侯区,104.059678,30.627101
特有工种职业技能鉴定站农业1103站,government,政府机构及社会团体;公检法机构;公证鉴定机构,武侯区,104.062226,30.627506
蓓蕾社区残疾人协会,government,政府机构及社会团体;社会团体;残联,武侯区,104.054633,30.628413
高新区芳草治保会巡逻队,government,政府机构及社会团体;公检法机构;社会治安机构,武侯区,104.054231,30.62813
蓓蕾社区老年协会分会,government,政府机构及社会团体;社会团体;社会团体相关,武侯区,104.054633,30.628413
四川省风景园林协会,government,政府机构及社会团体;社会团体;社会团体相关,武侯区,104.063383,30.623118
蓓蕾社区文体分会,government,政府机构及社会团体;社会团体;行业协会,武侯区,104.054633,30.628413
四川邓丽君歌友会,government,政府机构及社会团体;社会团体;社会团体相关,武侯区,104.05524,30.623048
玉林街道青春岛社区流动人口服务管理工作站,government,政府机构及社会团体;政府及社会团体相关;政府及社会团体相关,武侯区,104.059788,30.624098
芳草街街道办事处蓓蕾社区矛盾纠纷调处室,government,政府机构及社会团体;政府机关;乡镇以下级政府及事业单位,武侯区,104.054475,30.627984
四川省建筑业协会设备材料和防水工程分会,government,政府机构及社会团体;政府及社会团体相关;政府及社会团体相关,武侯区,104.063223,30.623251
四川省城镇供水排水协会国家职业技能鉴定所,government,政府机构及社会团体;公检法机构;公证鉴定机构,武侯区,104.063165,30.623189
桐梓林社区出租房屋管理服务站,government,政府机构及社会团体;公检法机构;社会治安机构,武侯区,104.060756,30.621712
桐梓社区居委会,government,政府机构及社会团体;政府机关;乡镇以下级政府及事业单位,武侯区,104.055738,30.619665
中共老码头餐饮娱乐有限公司支部委员会,government,政府机构及社会团体;社会团体;社会团体相关,武侯区,104.05638,30.628685
蓓蕾社区党委,government,政府机构及社会团体;政府机关;乡镇以下级政府及事业单位,武侯区,104.054633,30.628413
四川省建设职业技能岗位鉴定省燃气协会站,government,政府机构及社会团体;公检法机构;公证鉴定机构,武侯区,104.063383,30.623118
中共倪家桥社区区域委员会,government,政府机构及社会团体;政府机关;乡镇以下级政府及事业单位,武侯区,104.057219,30.627951
玉林街道倪家桥社区信访工作,government,政府机构及社会团体;政府机关;乡镇以下级政府及事业单位,武侯区,104.057218,30.627951
四川省农村能源综合建设领导小组办公室,government,政府机构及社会团体;政府机关;省直辖市级政府及事业单位,武侯区,104.062249,30.627545
中共玉林街道倪家桥社区委员会,government,政府机构及社会团体;政府机关;乡镇以下级政府及事业单位,武侯区,104.057218,30.627951
中共倪家桥社区纪律检查委员会,government,政府机构及社会团体;政府机关;乡镇以下级政府及事业单位,武侯区,104.057219,30.627951
蓓蕾社区计划生育协会芳草街道办事处,government,政府机构及社会团体;社会团体;社会团体相关,武侯区,104.054231,30.62813
中共芳草街道蓓蕾社区委员会,government,政府机构及社会团体;政府机关;乡镇以下级政府及事业单位,武侯区,104.054374,30.62825
玉林派出所青春岛警务室,government,政府机构及社会团体;公检法机构;社会治安机构,武侯区,104.059778,30.624178
玉林街道倪家桥社区消防安全,government,政府机构及社会团体;政府机关;乡镇以下级政府及事业单位,武侯区,104.057218,30.627951
玉林街道倪家桥社区人民解调,government,政府机构及社会团体;政府机关;乡镇以下级政府及事业单位,武侯区,104.057218,30.627951
玉林街道倪家桥社区城市管理,government,政府机构及社会团体;政府机关;乡镇以下级政府及事业单位,武侯区,104.057218,30.627951
武侯区玉林街道倪家桥社区妇联,government,政府机构及社会团体;社会团体;妇联,武侯区,104.057218,30.627951
芳草街道总工会蓓蕾社区联合会,government,政府机构及社会团体;社会团体;社会团体相关,武侯区,104.054231,30.62813
武侯区玉林街道青春岛社区居委会办公室,government,政府机构及社会团体;政府机关;政府机关相关,武侯区,104.059781,30.624112
玉林街道倪家桥社区共青团,government,政府机构及社会团体;社会团体;共青团,武侯区,104.057218,30.627951
蓓蕾社区人民调解委员会,government,政府机构及社会团体;政府机关;乡镇以下级政府及事业单位,武侯区,104.054711,30.628591
蓓蕾街社区计划生育协会,government,政府机构及社会团体;社会团体;社会团体相关,武侯区,104.054231,30.62813
芳草辖区蓓蕾街社区工会,government,政府机构及社会团体;政府机关;乡镇以下级政府及事业单位,武侯区,104.05436,30.628193
中国银河绿十字会公众应急救援服务系统四川代表处,government,政府机构及社会团体;政府及社会团体相关;政府及社会团体相关,武侯区,104.062461,30.623488
特有工种职业技能鉴定站农业103站,government,政府机构及社会团体;公检法机构;公证鉴定机构,武侯区,104.062249,30.627545
芳草辖区蓓蕾街社区老年协会,government,政府机构及社会团体;社会团体;社会团体相关,武侯区,104.054231,30.62813
蓓蕾街社区协商议事委员会,government,政府机构及社会团体;政府机关;乡镇以下级政府及事业单位,武侯区,104.054231,30.62813
玉林街道倪家桥社区残疾人协会,government,政府机构及社会团体;社会团体;残联,武侯区,104.057218,30.627951
蓓蕾社区矛盾纠纷调处站,government,政府机构及社会团体;政府机关;乡镇以下级政府及事业单位,武侯区,104.054231,30.62813
蓓蕾街社区成员代表大会,government,政府机构及社会团体;政府机关;乡镇以下级政府及事业单位,武侯区,104.054231,30.62813
武侯区玉林街道倪家桥社区工作站,government,政府机构及社会团体;政府机关;乡镇以下级政府及事业单位,武侯区,104.057218,30.627951
武候区火车南站街道办事处桐梓林社区残协,government,政府机构及社会团体;社会团体;残联,武侯区,104.060686,30.621705
倪家桥社区关心下一代工作委员会,government,政府机构及社会团体;政府机关;乡镇以下级政府及事业单位,武侯区,104.057218,30.627951
中共桐梓林社区党总支部委员会,government,政府机构及社会团体;政府机关;乡镇以下级政府及事业单位,武侯区,104.060953,30.621577
青春岛社区阳光儿童家园,government,政府机构及社会团体;社会团体;慈善机构,武侯区,104.059801,30.623935
蓓蕾社区办公室,government,政府机构及社会团体;政府及社会团体相关;政府及社会团体相关,武侯区,104.054109,30.628183
工业港管委会,government,政府机构及社会团体;政府及社会团体相关;政府及社会团体相关,武侯区,104.058563,30.62317
跳伞塔街道办事处社会事务服务中心,government,政府机构及社会团体;政府机关;乡镇级政府及事业单位,武侯区,104.071193,30.629026
四川省住房和城乡建设厅,government,政府机构及社会团体;政府机关;省直辖市级政府及事业单位,武侯区,104.063724,30.623572
跳伞塔辖区社会治安综合治理委员会,government,政府机构及社会团体;公检法机构;社会治安机构,武侯区,104.069409,30.62495
棕南妇科医院有限责任公司工会委员会,government,政府机构及社会团体;社会团体;社会团体相关,武侯区,104.06802,30.622914
国家外汇管理局四川省分局,government,政府机构及社会团体;政府机关;省直辖市级政府及事业单位,武侯区,104.070032,30.623445
沼气产品省质检中心,government,政府机构及社会团体;公检法机构;公证鉴定机构,武侯区,104.064774,30.629299
四川省卫生和计划生育宣传教育中心,government,政府机构及社会团体;政府机关;省直辖市级政府及事业单位,武侯区,104.06586,30.628915
老成都民俗公园管理处,government,政府机构及社会团体;社会团体;社会团体相关,武侯区,104.064786,30.621609
四川人口情报中心,government,政府机构及社会团体;政府机关;省直辖市级政府及事业单位,武侯区,104.064967,30.628807
四川省计划生育协会,government,政府机构及社会团体;社会团体;社会团体相关,武侯区,104.064967,30.628807
四川省计划生育技术指导所,government,政府机构及社会团体;政府机关;省直辖市级政府及事业单位,武侯区,104.064967,30.628807
四川省银行卡业协会,government,政府机构及社会团体;政府及社会团体相关;政府及社会团体相关,武侯区,104.072809,30.622016
四川省环境科学学会,government,政府机构及社会团体;社会团体;行业协会,武侯区,104.064053,30.629327
四川省流动人口计划生育管理中心,government,政府机构及社会团体;政府机关;省直辖市级政府及事业单位,武侯区,104.064967,30.628807
中国银行业监督管理委员会(四川监管局),government,政府机构及社会团体;政府机关;国家级机关及事业单位,武侯区,104.06501,30.624124
成都中日交流之窗,government,政府机构及社会团体;政府机关;政府机关相关,武侯区,104.068685,30.625609
中国西南美国商会,government,政府机构及社会团体;政府及社会团体相关;政府及社会团体相关,武侯区,104.064991,30.626823
中共成都棕南妇科医院支部,government,政府机构及社会团体;社会团体;社会团体相关,武侯区,104.06798,30.623025
成都安神诺医院工会委员会,government,政府机构及社会团体;社会团体;社会团体相关,武侯区,104.067806,30.623155
成都市葡萄酒协会,government,政府机构及社会团体;政府及社会团体相关;政府及社会团体相关,武侯区,104.065251,30.621025
成都古琴文化学会,government,政府机构及社会团体;政府及社会团体相关;政府及社会团体相关,武侯区,104.069596,30.626884
品质管理办公室,government,政府机构及社会团体;政府及社会团体相关;政府及社会团体相关,武侯区,104.069675,30.619868
四川省商业联合会,government,政府机构及社会团体;政府及社会团体相关;政府及社会团体相关,武侯区,104.065133,30.626764
征信管理处,government,政府机构及社会团体;政府及社会团体相关;政府及社会团体相关,武侯区,104.070029,30.623209
四川省冶金产品质量监督检验站,government,政府机构及社会团体;公检法机构;公证鉴定机构,武侯区,104.064037,30.628687
跳伞塔街道办事处,government,政府机构及社会团体;政府机关;乡镇级政府及事业单位,武侯区,104.069354,30.624941
四川省中日青年友好交流中心,government,政府机构及社会团体;政府及社会团体相关;政府及社会团体相关,武侯区,104.068685,30.625609
成都市路灯处人南立交桥桥灯维护管理站,government,政府机构及社会团体;政府机关;政府机关相关,武侯区,104.064407,30.621603
成都市人民南路科技商务区建设推进办公室,government,政府机构及社会团体;政府及社会团体相关;政府及社会团体相关,武侯区,104.071134,30.628949
中共跳伞塔街道工作委员会,government,政府机构及社会团体;政府机关;乡镇级政府及事业单位,武侯区,104.069354,30.624941
川港文化产业交流协会(成都秘书处),government,政府机构及社会团体;社会团体;行业协会,武侯区,104.065263,30.621087
跳伞塔街道网格化服务管理中心,government,政府机构及社会团体;政府机关;乡镇级政府及事业单位,武侯区,104.071193,30.629026
中国水利水电第一工程局公司四川分局,government,政府机构及社会团体;政府及社会团体相关;政府及社会团体相关,武侯区,104.06548,30.626453
武侯区人大常委会跳伞塔街道工作委员会,government,政府机构及社会团体;政府机关;乡镇级政府及事业单位,武侯区,104.069354,30.624941
广岛·四川经济交流促进事务联络室,government,政府机构及社会团体;政府及社会团体相关;政府及社会团体相关,武侯区,104.068685,30.625609
跳伞塔街道办事处棕南社区居委会,government,政府机构及社会团体;政府机关;乡镇以下级政府及事业单位,武侯区,104.072487,30.624069
四川省城镇供水排水协会综合楼,government,政府机构及社会团体;政府及社会团体相关;政府及社会团体相关,武侯区,104.063548,30.623622
精灵工会,government,政府机构及社会团体;政府及社会团体相关;政府及社会团体相关,武侯区,104.06965,30.626518
清华校友会四川分会,government,政府机构及社会团体;政府及社会团体相关;政府及社会团体相关,武侯区,104.065522,30.625979
成大继续教育学院职称社会化评审申报点,government,政府机构及社会团体;公检法机构;公证鉴定机构,武侯区,104.077693,30.623373
清华IT学习认证中心(科华街),government,政府机构及社会团体;公检法机构;公证鉴定机构,武侯区,104.07541,30.6266
武侯区教育质量监测中心,government,政府机构及社会团体;公检法机构;公证鉴定机构,武侯区,104.077823,30.623413
声赛耳技术推广中心,government,政府机构及社会团体;政府及社会团体相关;政府及社会团体相关,武侯区,104.073666,30.624605
四川省山东商会,government,政府机构及社会团体;社会团体;行业协会,武侯区,104.081108,30.623301
院落自治管理小组,government,政府机构及社会团体;政府及社会团体相关;政府及社会团体相关,武侯区,104.07917,30.626465
四川省江西商会,government,政府机构及社会团体;政府及社会团体相关;政府及社会团体相关,武侯区,104.073666,30.624605
跳伞塔街道楼宇服务办公室,government,政府机构及社会团体;政府机关;政府机关相关,武侯区,104.073897,30.627244
望江路派出所郭家桥社区警务室,government,政府机构及社会团体;公检法机构;社会治安机构,武侯区,104.07824,30.625127
中国保护消费者基金会打假工作委员会西南调研中心,government,政府机构及社会团体;政府及社会团体相关;政府及社会团体相关,武侯区,104.077346,30.624561
望江路街道办事处郭家桥社区流动人口服务管理工作站,government,政府机构及社会团体;政府及社会团体相关;政府及社会团体相关,武侯区,104.0783,30.625103
四川省山东青年联合会(二环路南一段),government,政府机构及社会团体;社会团体;社会团体相关,武侯区,104.080749,30.623244
成都市武侯区教育学会,government,政府机构及社会团体;社会团体;社会团体相关,武侯区,104.077823,30.623413
四川省工商联财税总监协会,government,政府机构及社会团体;政府及社会团体相关;政府及社会团体相关,武侯区,104.073897,30.627243
成都信义公益服务中心,government,政府机构及社会团体;社会团体;慈善机构,武侯区,104.075384,30.626677
龙舟路街道社会组织党建工作指导站(河滨路),government,政府机构及社会团体;政府机关;乡镇级政府及事业单位,锦江区,104.085848,30.623847
成都市锦江区教育局,government,政府机构及社会团体;政府机关;区县级政府及事业单位,锦江区,104.091026,30.62879
东湖公园管理处,government,政府机构及社会团体;社会团体;社会团体相关,锦江区,104.08578,30.621887
美甲协会,government,政府机构及社会团体;政府及社会团体相关;政府及社会团体相关,锦江区,104.093171,30.623393
四川省西藏商会,government,政府机构及社会团体;政府及社会团体相关;政府及社会团体相关,锦江区,104.087821,30.622057
东光街道城管治安综合执法队,government,政府机构及社会团体;政府机关;乡镇级政府及事业单位,锦江区,104.088583,30.621887
东光街道城管治安交通综合执法联勤队,government,政府机构及社会团体;交通车辆管理;交通管理机构,锦江区,104.088619,30.621894
三官堂社区委员会,government,政府机构及社会团体;政府机关;乡镇以下级政府及事业单位,锦江区,104.090425,30.628342
中共成都市锦江区纪委驻区教育局纪检组,government,政府机构及社会团体;政府及社会团体相关;政府及社会团体相关,锦江区,104.090755,30.628651
中共河心村社区委员会,government,政府机构及社会团体;政府机关;乡镇以下级政府及事业单位,锦江区,104.085854,30.623875
河心村社区居委会,government,政府机构及社会团体;政府机关;乡镇以下级政府及事业单位,锦江区,104.085854,30.623875
三官堂社区纪律检查委员会,government,政府机构及社会团体;政府机关;乡镇以下级政府及事业单位,锦江区,104.090425,30.628342
三官堂社区居委会(石牛堰街),government,政府机构及社会团体;政府机关;乡镇以下级政府及事业单位,锦江区,104.090419,30.628331
中共河心村社区纪律检查委员会,government,政府机构及社会团体;政府机关;乡镇以下级政府及事业单位,锦江区,104.08581,30.623792
河滨社区养老助残关爰站,government,政府机构及社会团体;社会团体;残联,锦江区,104.090561,30.628554
龙舟路街道养老助残关爱中心(滨河路),government,政府机构及社会团体;社会团体;慈善机构,锦江区,104.090631,30.628497
社会组织之家,government,政府机构及社会团体;政府及社会团体相关;政府及社会团体相关,锦江区,104.099204,30.627999
成都市锦江区人民政府东光街道人民办事处,government,政府机构及社会团体;政府及社会团体相关;政府及社会团体相关,锦江区,104.100895,30.620246
东光街道办事处,government,政府机构及社会团体;政府机关;乡镇级政府及事业单位,锦江区,104.100941,30.620248
龙舟路街道办事处,government,政府机构及社会团体;政府机关;乡镇级政府及事业单位,锦江区,104.096446,30.628696
东光派出所,government,政府机构及社会团体;公检法机构;公安警察,锦江区,104.100505,30.620144
河滨社区劳动保障工作站,government,政府机构及社会团体;政府机关;乡镇以下级政府及事业单位,锦江区,104.094705,30.628527
沙河工商所(净居寺路),government,政府机构及社会团体;工商税务机构;工商部门,锦江区,104.097708,30.628185
河滨社区居委会(龙舟南街),government,政府机构及社会团体;政府机关;乡镇以下级政府及事业单位,锦江区,104.094706,30.628527
锦江区城市综合管理巡逻执法大队,government,政府机构及社会团体;政府机关;区县级政府及事业单位,锦江区,104.097434,30.624787
成都市锦江区卫生局,government,政府机构及社会团体;政府机关;区县级政府及事业单位,锦江区,104.09636,30.620191
成都市锦江区环境保护局(二环路东四段),government,政府机构及社会团体;政府机关;区县级政府及事业单位,锦江区,104.097483,30.628906
锦江区刑释解教人员就业安置中心,government,政府机构及社会团体;政府机关;区县级政府及事业单位,锦江区,104.094705,30.628527
世界卫生组织,government,政府机构及社会团体;政府及社会团体相关;政府及社会团体相关,锦江区,104.095826,30.626648
东光派出所北顺警务点,government,政府机构及社会团体;政府及社会团体相关;政府及社会团体相关,锦江区,104.095826,30.626648
公安出入境服务站,government,政府机构及社会团体;政府及社会团体相关;政府及社会团体相关,锦江区,104.099189,30.628154
北顺社区,government,政府机构及社会团体;政府机关;乡镇以下级政府及事业单位,锦江区,104.095826,30.626648
永兴社区爱心餐桌,government,政府机构及社会团体;社会团体;慈善机构,锦江区,104.098625,30.622629
公安东光派出所东润警务点,government,政府机构及社会团体;政府及社会团体相关;政府及社会团体相关,锦江区,104.101107,30.621603
锦江区环境监察执法大队,government,政府机构及社会团体;政府机关;政府机关相关,锦江区,104.097499,30.629028
锦江区政协龙舟路街道工作委员会,government,政府机构及社会团体;政府机关;乡镇级政府及事业单位,锦江区,104.096446,30.628696
中共河滨社区委员会,government,政府机构及社会团体;政府机关;区县级政府及事业单位,锦江区,104.094858,30.628407
成都市卫生和计划生育委员会,government,政府机构及社会团体;政府及社会团体相关;政府及社会团体相关,锦江区,104.095826,30.626648
锦江区政协东光街道工作委员会,government,政府机构及社会团体;政府机关;乡镇级政府及事业单位,锦江区,104.100941,30.620248
政协成都市锦江区委员会东光街道工作委员会,government,政府机构及社会团体;政府机关;乡镇级政府及事业单位,锦江区,104.100895,30.620246
中共牛沙路社区委员会,government,政府机构及社会团体;政府机关;乡镇以下级政府及事业单位,锦江区,104.099078,30.627955
成都市锦江区净居寺冰川时代治安报警点,government,政府机构及社会团体;政府及社会团体相关;政府及社会团体相关,锦江区,104.103273,30.622413
东光街道矛盾纠纷大调解中心,government,政府机构及社会团体;政府机关;乡镇以下级政府及事业单位,锦江区,104.096795,30.623018
北顺社区居委会,government,政府机构及社会团体;政府机关;乡镇以下级政府及事业单位,锦江区,104.095866,30.626666
牛沙路社区居委会,government,政府机构及社会团体;政府机关;乡镇以下级政府及事业单位,锦江区,104.099078,30.627955
牛沙路社区党委,government,政府机构及社会团体;政府机关;乡镇以下级政府及事业单位,锦江区,104.099102,30.627816
成都市公安局锦江区分局巡警大队,government,政府机构及社会团体;公检法机构;公检法机关,锦江区,104.097256,30.625021
中国共产党成都市锦江区东光街道东润社区纪律检查委员会,government,政府机构及社会团体;政府及社会团体相关;政府及社会团体相关,锦江区,104.101107,30.621603
中共龙舟路街道工作委员会,government,政府机构及社会团体;政府机关;乡镇级政府及事业单位,锦江区,104.096446,30.628696
永兴社区综治工作室,government,政府机构及社会团体;政府机关;乡镇以下级政府及事业单位,锦江区,104.098344,30.622546
永兴社区居委会(净居寺西街),government,政府机构及社会团体;政府机关;乡镇以下级政府及事业单位,锦江区,104.098344,30.622546
成都市锦江区静颐养老助残中心(净居寺西街),government,政府机构及社会团体;社会团体;慈善机构,锦江区,104.098449,30.622591
锦江区司法局河滨社区法律服务工作室,government,政府机构及社会团体;政府机关;乡镇以下级政府及事业单位,锦江区,104.094705,30.628527
中共永兴社区纪律检查委员会,government,政府机构及社会团体;政府机关;乡镇以下级政府及事业单位,锦江区,104.098344,30.622546
共青团河滨社区支部委员会,government,政府机构及社会团体;社会团体;共青团,锦江区,104.094705,30.628527
永兴社区居民代表会议工作委员会,government,政府机构及社会团体;政府机关;乡镇以下级政府及事业单位,锦江区,104.098225,30.62253
中共永兴社区委员会(净居寺西街),government,政府机构及社会团体;政府机关;乡镇以下级政府及事业单位,锦江区,104.098344,30.622546
中共东光街道工作委员会,government,政府机构及社会团体;政府机关;乡镇级政府及事业单位,锦江区,104.100941,30.620248
成都市锦江区静颐养老助残中心(汇丽汀香东南),government,政府机构及社会团体;社会团体;慈善机构,锦江区,104.097889,30.622481
河滨社区关心下一代工作委员会,government,政府机构及社会团体;政府机关;乡镇以下级政府及事业单位,锦江区,104.094705,30.628527
龙舟路执法中队河滨社区办公点,government,政府机构及社会团体;政府机关;乡镇以下级政府及事业单位,锦江区,104.094705,30.628527
成都市公安局交通管理局第三分局新车查验区,government,政府机构及社会团体;交通车辆管理;验车场,锦江区,104.095744,30.619995
四川省泵类及通用设备产品质量监督检验站(镏金岁月东南),government,政府机构及社会团体;公检法机构;公证鉴定机构,锦江区,104.105346,30.62848
农业部食品质量监督检验测试中心(成都),government,政府机构及社会团体;公检法机构;公证鉴定机构,锦江区,104.10759,30.626336
成都市射击射箭运动管理中心,government,政府机构及社会团体;政府机关;地市级政府及事业单位,锦江区,104.110258,30.626969
四川省植物保护学会,government,政府机构及社会团体;社会团体;行业协会,锦江区,104.104773,30.625536
农业部转基因植物环境安全监督检验测试中心(成都),government,政府机构及社会团体;公检法机构;公证鉴定机构,锦江区,104.107589,30.626337
南京国环有机产品认证中心,government,政府机构及社会团体;公检法机构;公证鉴定机构,锦江区,104.105353,30.623784
农业部农产品加工机械设备质量监督检验测试中心(成都),government,政府机构及社会团体;公检法机构;公证鉴定机构,锦江区,104.105346,30.62848
绿岭社区,government,政府机构及社会团体;政府机关;乡镇以下级政府及事业单位,锦江区,104.10421,30.620044
联合国粮农组织中国AGRIS西南分中心,government,政府机构及社会团体;政府机关;政府机关相关,锦江区,104.107881,30.624349
国家职业技能鉴定所,government,政府机构及社会团体;公检法机构;公证鉴定机构,锦江区,104.105047,30.625854
成都市锦江区统计局,government,政府机构及社会团体;政府机关;区县级政府及事业单位,锦江区,104.112958,30.621665
消防监控中心,government,政府机构及社会团体;政府及社会团体相关;政府及社会团体相关,锦江区,104.108735,30.62045
四川省农畜产品质量监督检验站,government,政府机构及社会团体;公检法机构;公证鉴定机构,锦江区,104.107588,30.626338
四川省农业科学院家属委员会,government,政府机构及社会团体;政府及社会团体相关;政府及社会团体相关,锦江区,104.104736,30.625363
国家级农作物品种审定抗性鉴定站,government,政府机构及社会团体;公检法机构;公证鉴定机构,锦江区,104.104721,30.625549
成都市路灯管理城东所,government,政府机构及社会团体;政府机关;政府机关相关,锦江区,104.110369,30.623101
锦江区国际新城商务区管理委员会,government,政府机构及社会团体;政府机关;区县级政府及事业单位,锦江区,104.103824,30.624725
市城管局城市道路桥梁管理处,government,政府机构及社会团体;政府机关;政府机关相关,锦江区,104.108393,30.619908
牛沙社区办公室,government,政府机构及社会团体;政府机关;政府机关相关,锦江区,104.1054,30.623904
中国水利水电第五工程局第一分局,government,政府机构及社会团体;政府及社会团体相关;政府及社会团体相关,锦江区,104.105047,30.623916
锦江区静沙路社区,government,政府机构及社会团体;政府机关;乡镇以下级政府及事业单位,锦江区,104.112149,30.62042
沙河社区居委会(马家沟路),government,政府机构及社会团体;政府机关;乡镇以下级政府及事业单位,锦江区,104.113338,30.626972
锦江区沙河辖区治保巡逻大队,government,政府机构及社会团体;公检法机构;社会治安机构,锦江区,104.10754,30.625642
四川省质量监督协会通用机械专业委员会,government,政府机构及社会团体;社会团体;社会团体相关,锦江区,104.105114,30.62925
锦江区双桂路街道五福桥社区综治工作室,government,政府机构及社会团体;政府机关;乡镇以下级政府及事业单位,锦江区,104.106483,30.628884
双桂路派出所五福桥警务室,government,政府机构及社会团体;公检法机构;社会治安机构,锦江区,104.106589,30.628709
成都市城市照明管理处城东管理所,government,政府机构及社会团体;政府机关;区县级政府及事业单位,锦江区,104.110398,30.623069
成龙消防队,government,政府机构及社会团体;公检法机构;消防机关,锦江区,104.109502,30.620367
省农机所,government,政府机构及社会团体;政府及社会团体相关;政府及社会团体相关,锦江区,104.105006,30.626732
老成渝路沙河大桥站,government,政府机构及社会团体;政府及社会团体相关;政府及社会团体相关,锦江区,104.108154,30.621949
政府信息公开查询点,government,政府机构及社会团体;政府及社会团体相关;政府及社会团体相关,锦江区,104.11922,30.624507
狮子山街坊汇社会组织工作站,government,政府机构及社会团体;政府机关;乡镇级政府及事业单位,锦江区,104.117019,30.620865
中共沙河街道非公有制企业社会组织委员会,government,政府机构及社会团体;政府机关;乡镇级政府及事业单位,锦江区,104.119312,30.624462
花果社区社会捐助接收工作点,government,政府机构及社会团体;社会团体;慈善机构,锦江区,104.117019,30.620865
狮子山街道办事处(静康路),government,政府机构及社会团体;政府机关;乡镇级政府及事业单位,锦江区,104.118184,30.622793
沙河街道办事处(静康路),government,政府机构及社会团体;政府机关;乡镇以下级政府及事业单位|政府机构及社会团体;政府机关;乡镇级政府及事业单位,锦江区,104.119351,30.624413
狮子山街道办事处社区公共服务站,government,政府机构及社会团体;政府机关;乡镇级政府及事业单位,锦江区,104.11845,30.6224
狮子山派出所(静康路),government,政府机构及社会团体;公检法机构;公安警察,锦江区,104.118184,30.622793
沙河派出所(上沙河铺街),government,政府机构及社会团体;公检法机构;公安警察,锦江区,104.118678,30.627583
成都市锦江区医学会,government,政府机构及社会团体;社会团体;行业协会,锦江区,104.117548,30.62032
沙河街道办事处社区公共服务站,government,政府机构及社会团体;政府机关;区县级政府及事业单位,锦江区,104.119306,30.624365
沙河街道居委会,government,政府机构及社会团体;政府机关;乡镇级政府及事业单位,锦江区,104.119351,30.624413
狮子山街坊汇人大工作室,government,政府机构及社会团体;政府机关;乡镇级政府及事业单位,锦江区,104.117017,30.620864
狮子山街坊汇政协工作室,government,政府机构及社会团体;政府机关;乡镇级政府及事业单位,锦江区,104.117019,30.620865
中共静康社区委员会,government,政府机构及社会团体;政府机关;乡镇以下级政府及事业单位,锦江区,104.115639,30.625858
狮子山街道老年协会,government,政府机构及社会团体;社会团体;社会团体相关,锦江区,104.117019,30.620865
保安室,government,政府机构及社会团体;政府及社会团体相关;政府及社会团体相关,锦江区,104.121093,30.625575
狮子山街道花果社区,government,政府机构及社会团体;政府机关;乡镇以下级政府及事业单位,锦江区,104.117019,30.620865
仁和养老助残帮扶中心,government,政府机构及社会团体;社会团体;慈善机构,锦江区,104.117019,30.620865
与孩子一起成长家长志愿者协会,government,政府机构及社会团体;社会团体;社会团体相关,锦江区,104.116909,30.620824
锦江区监察局派出沙河街道办事处监察室,government,政府机构及社会团体;政府机关;区县级政府及事业单位,锦江区,104.119307,30.624471
政协成都市锦江区狮子山街道工作委员会,government,政府机构及社会团体;政府机关;乡镇级政府及事业单位,锦江区,104.118598,30.622629
中共锦江区纪委派出沙河街道纪律检查工作委员会,government,政府机构及社会团体;政府机关;乡镇级政府及事业单位,锦江区,104.119307,30.624473
政协成都市锦江区委员会沙河街道工作委员会,government,政府机构及社会团体;政府机关;乡镇级政府及事业单位,锦江区,104.11922,30.624507
成都市锦江区狮子山辖区治保巡逻队,government,政府机构及社会团体;政府及社会团体相关;政府及社会团体相关,锦江区,104.118061,30.622913
沙河辖区劳动保障监察举报投诉受理点,government,政府机构及社会团体;政府及社会团体相关;政府及社会团体相关,锦江区,104.11922,30.624507
中共沙河区域工作委员会,government,政府机构及社会团体;政府机关;乡镇级政府及事业单位|政府机构及社会团体;政府机关;乡镇以下级政府及事业单位,锦江区,104.119319,30.624466
静康社区居委会,government,政府机构及社会团体;政府机关;乡镇以下级政府及事业单位,锦江区,104.115639,30.625858
狮山街坊汇养老助残关爱中心,government,政府机构及社会团体;社会团体;慈善机构,锦江区,104.117019,30.620865
成都市锦江区司法局沙河司法所,government,政府机构及社会团体;公检法机构;公检法机关,锦江区,104.119318,30.624463
锦江区狮子山街道办事处劳动争议调解委员会,government,政府机构及社会团体;政府机关;政府机关相关,锦江区,104.118448,30.622404
狮山街坊汇关爱下一代成长工作委员会,government,政府机构及社会团体;社会团体;慈善机构,锦江区,104.117019,30.620865
花果社区残疾人协会,government,政府机构及社会团体;社会团体;残联,锦江区,104.117019,30.620865
花果社区劳动保障工作站,government,政府机构及社会团体;政府机关;乡镇以下级政府及事业单位,锦江区,104.117019,30.620865
花果警务室,government,政府机构及社会团体;公检法机构;社会治安机构,锦江区,104.117457,30.621794
锦江区政协沙河街道工作委员会,government,政府机构及社会团体;政府机关;乡镇以下级政府及事业单位,锦江区,104.119321,30.624456
花果社区总支部委员会,government,政府机构及社会团体;政府机关;乡镇以下级政府及事业单位,锦江区,104.117019,30.620865
中共狮子山街道工作委员会,government,政府机构及社会团体;政府机关;乡镇级政府及事业单位,锦江区,104.118184,30.622793
花果社区人民调解委员会,government,政府机构及社会团体;政府机关;乡镇以下级政府及事业单位,锦江区,104.117019,30.620865
沙河街道办事处人民调解委员会,government,政府机构及社会团体;政府机关;乡镇以下级政府及事业单位,锦江区,104.119321,30.624456
四川省邮电规划院,government,政府机构及社会团体;政府及社会团体相关;政府及社会团体相关,锦江区,104.120775,30.623281
斑竹社区居委会,government,政府机构及社会团体;政府机关;乡镇以下级政府及事业单位,成华区,104.125978,30.621406
流动人口服务管理工作站,government,政府机构及社会团体;政府及社会团体相关;政府及社会团体相关,成华区,104.126187,30.621486
中共保和街道斑竹社区委员会,government,政府机构及社会团体;政府机关;乡镇以下级政府及事业单位,成华区,104.125978,30.621406
中国建筑第二工程局,government,政府机构及社会团体;政府及社会团体相关;政府及社会团体相关,成华区,104.13245,30.626863
七里社区警务室,government,政府机构及社会团体;公检法机构;公安警察,武侯区,103.972097,30.612972
中共成都成双医院党支部,government,政府机构及社会团体;社会团体;社会团体相关,武侯区,103.967456,30.618434
七里村工会联合会,government,政府机构及社会团体;政府机关;乡镇以下级政府及事业单位,武侯区,103.971557,30.613276
七里村村务监督委员会,government,政府机构及社会团体;政府机关;乡镇以下级政府及事业单位,武侯区,103.971557,30.613276
双凤村村委会,government,政府机构及社会团体;政府机关;乡镇以下级政府及事业单位,武侯区,103.970904,30.611554
武侯区簇桥街道七里村综合服务管理站,government,政府机构及社会团体;政府机关;乡镇以下级政府及事业单位,武侯区,103.971888,30.612925
成都市南昌商会,government,政府机构及社会团体;社会团体;社会团体相关,武侯区,103.982858,30.612049
就业和社会保障服务站,government,政府机构及社会团体;政府机关;区县级政府及事业单位,武侯区,103.99062,30.611883
铁佛社区促进和谐社会建设工作站,government,政府机构及社会团体;政府机关;乡镇以下级政府及事业单位,武侯区,103.988778,30.612322
龙锦社区劳动和社会保障工作站,government,政府机构及社会团体;政府机关;乡镇以下级政府及事业单位,武侯区,103.990856,30.611835
簇桥社会矛盾纠纷大调解协调中心,government,政府机构及社会团体;政府机关;乡镇级政府及事业单位,武侯区,103.993634,30.609778
佛社区居务监督委员会,government,政府机构及社会团体;政府机关;乡镇级政府及事业单位,武侯区,103.988739,30.612421
社区志愿服务站,government,政府机构及社会团体;政府机关;区县级政府及事业单位,武侯区,103.99062,30.611883
永兴社区办事大厅,government,政府机构及社会团体;政府及社会团体相关;政府及社会团体相关,武侯区,103.986704,30.616284
小办公室,government,政府机构及社会团体;政府及社会团体相关;政府及社会团体相关,武侯区,103.986704,30.616284
成都市武侯区司法局簇桥司法所,government,政府机构及社会团体;公检法机构;公检法机关,武侯区,103.993634,30.609778
簇桥街道网格化服务管理中心,government,政府机构及社会团体;政府机关;乡镇级政府及事业单位,武侯区,103.993634,30.609778
成都市武侯区簇桥综治维稳中心,government,政府机构及社会团体;政府机关;乡镇级政府及事业单位,武侯区,103.993634,30.609778
社区残疾人协会,government,政府机构及社会团体;社会团体;残联,武侯区,103.990622,30.611883
永兴社区治保巡逻队,government,政府机构及社会团体;社会团体;社会团体相关,武侯区,103.987099,30.616065
中共百锦社区委员会,government,政府机构及社会团体;政府机关;乡镇以下级政府及事业单位,武侯区,103.990761,30.611824
铁佛社区居委会,government,政府机构及社会团体;政府机关;乡镇以下级政府及事业单位,武侯区,103.988825,30.612277
百锦社区居委会,government,政府机构及社会团体;政府机关;乡镇以下级政府及事业单位,武侯区,103.990761,30.611824
龙锦社区居委会(百锦路),government,政府机构及社会团体;政府机关;乡镇以下级政府及事业单位,武侯区,103.990856,30.611835
永兴社区居委会(千龙路),government,政府机构及社会团体;政府机关;乡镇以下级政府及事业单位,武侯区,103.986734,30.616247
中共锦城社区总支部委员会,government,政府机构及社会团体;政府机关;乡镇以下级政府及事业单位,武侯区,103.984071,30.611953
锦城社区居委会(金履四路),government,政府机构及社会团体;政府机关;乡镇以下级政府及事业单位,武侯区,103.984069,30.611953
龙锦社区群众工作站,government,政府机构及社会团体;政府机关;乡镇以下级政府及事业单位,武侯区,103.990856,30.611835
中共铁佛村总支委员会,government,政府机构及社会团体;政府机关;乡镇以下级政府及事业单位,武侯区,103.988798,30.612272
中共簇锦街道铁佛社区委员会,government,政府机构及社会团体;政府机关;乡镇以下级政府及事业单位,武侯区,103.988824,30.612276
武侯区簇锦街道铁佛村村民议事会,government,政府机构及社会团体;社会团体;社会团体相关,武侯区,103.988825,30.612277
中共永兴社区支部委员会(千龙路),government,政府机构及社会团体;政府机关;乡镇以下级政府及事业单位,武侯区,103.986729,30.616252
龙锦社区计划生育协会,government,政府机构及社会团体;社会团体;社会团体相关,武侯区,103.990856,30.611835
武侯区簇桥街道龙锦社区工作站,government,政府机构及社会团体;政府机关;乡镇以下级政府及事业单位,武侯区,103.990856,30.611835
龙锦社区人民调解委员会,government,政府机构及社会团体;政府机关;乡镇以下级政府及事业单位,武侯区,103.990856,30.611835
中共龙锦社区总支部委员会,government,政府机构及社会团体;政府机关;乡镇以下级政府及事业单位,武侯区,103.990856,30.611835
龙锦社区促进平安和谐建设工作站,government,政府机构及社会团体;政府机关;乡镇以下级政府及事业单位,武侯区,103.990856,30.611835
簇桥街道办事处社会事务服务中心,government,政府机构及社会团体;政府机关;乡镇级政府及事业单位,武侯区,103.994833,30.609944
簇桥社会治安综合治理办,government,政府机构及社会团体;公检法机构;社会治安机构,武侯区,103.993767,30.609763
簇桥派出所,government,政府机构及社会团体;公检法机构;公安警察,武侯区,103.994881,30.609743
华兴派出所(华烨路),government,政府机构及社会团体;公检法机构;公安警察,武侯区,104.003463,30.610714
簇桥街道办事处,government,政府机构及社会团体;政府机关;乡镇级政府及事业单位,武侯区,103.994833,30.609944
武侯区地税第十二分局,government,政府机构及社会团体;工商税务机构;地税机关,武侯区,103.994746,30.610041
武侯区地税第十二所,government,政府机构及社会团体;政府机关;区县级政府及事业单位,武侯区,103.994755,30.610044
成都市武侯区簇桥乡沈家村工会联合会,government,政府机构及社会团体;社会团体;社会团体相关,武侯区,104.003542,30.610689
武侯区城中村改造推进办,government,政府机构及社会团体;政府及社会团体相关;政府及社会团体相关,武侯区,103.994746,30.610041
永风机动车登记服务站,government,政府机构及社会团体;交通车辆管理;车辆管理机构|汽车服务;汽车服务相关;汽车服务相关,武侯区,104.002548,30.617001
中共簇桥街道工作委员会,government,政府机构及社会团体;政府机关;乡镇级政府及事业单位,武侯区,103.994868,30.609916
成都市武侯区林业政务服务中心,government,政府机构及社会团体;政府及社会团体相关;政府及社会团体相关,武侯区,104.001047,30.615702
武侯区人大常委会簇桥街道工作委员会,government,政府机构及社会团体;政府机关;乡镇级政府及事业单位,武侯区,103.994868,30.609916
四川省家具行业商会,government,政府机构及社会团体;政府及社会团体相关;政府及社会团体相关,武侯区,104.010017,30.61666
成都八益家具股份有限公司工会委员会,government,政府机构及社会团体;社会团体;社会团体相关|公司企业;公司企业;公司企业,武侯区,104.008745,30.617518
中共成都八益家具股份有限公司纪律检查委员会,government,政府机构及社会团体;社会团体;社会团体相关,武侯区,104.008745,30.617518
中共成都八益家具股份有限公司委员会,government,政府机构及社会团体;社会团体;社会团体相关|公司企业;公司企业;公司企业,武侯区,104.008745,30.617518
南桥村村委会(南三环路五段辅路),government,政府机构及社会团体;政府机关;乡镇以下级政府及事业单位,武侯区,104.015241,30.617901
南桥惠民农贸市场招商办公室,government,政府机构及社会团体;政府及社会团体相关;政府及社会团体相关,武侯区,104.023494,30.617752
成都市武侯区信鸽协会,government,政府机构及社会团体;社会团体;行业协会,武侯区,104.022855,30.619447
华兴派出所南桥社区警务室,government,政府机构及社会团体;公检法机构;社会治安机构,武侯区,104.015241,30.617901
中共南桥村总支部委员会(南三环路五段辅路),government,政府机构及社会团体;政府机关;乡镇以下级政府及事业单位,武侯区,104.015241,30.617901
四川省环境保护厅(科园南路),government,政府机构及社会团体;政府机关;省直辖市级政府及事业单位,武侯区,104.02791,30.616949
四川省核安全管理局,government,政府机构及社会团体;政府机关;省直辖市级政府及事业单位,武侯区,104.027911,30.616949
成都市城市照明管理处城南管理所,government,政府机构及社会团体;政府机关;区县级政府及事业单位,武侯区,104.030379,30.613115
中共天府生命科技园委员会,government,政府机构及社会团体;政府机关;政府机关相关,武侯区,104.028318,30.618068
天府生命科技园管理服务中心,government,政府机构及社会团体;政府机关;政府机关相关,武侯区,104.028318,30.618068
成都人才发展促进会,government,政府机构及社会团体;政府及社会团体相关;政府及社会团体相关,武侯区,104.027297,30.617477
四川省川联科技装备业商会,government,政府机构及社会团体;政府及社会团体相关;政府及社会团体相关,武侯区,104.027551,30.610922
成都高新区石羊街道新北社区就业和社会保障服务站,government,政府机构及社会团体;政府机关;乡镇以下级政府及事业单位,武侯区,104.039458,30.611093
神仙树社区老年协会分会,government,政府机构及社会团体;社会团体;社会团体相关,武侯区,104.040583,30.61694
神仙树社区临时党总支,government,政府机构及社会团体;政府及社会团体相关;政府及社会团体相关,武侯区,104.04023,30.616693
神仙树社区纪检小组,government,政府机构及社会团体;政府及社会团体相关;政府及社会团体相关,武侯区,104.04023,30.616693
新北社区总支部委员会,government,政府机构及社会团体;政府机关;乡镇以下级政府及事业单位,武侯区,104.039604,30.611212
成都高新区医学会,government,政府机构及社会团体;社会团体;行业协会,武侯区,104.037708,30.611204
成都高新区志愿者协会,government,政府机构及社会团体;政府及社会团体相关;政府及社会团体相关,武侯区,104.040444,30.616547
石羊街道治安城管巡逻大队,government,政府机构及社会团体;交通车辆管理;交通管理机构,武侯区,104.038831,30.612959
神仙树社区事务监督委员会,government,政府机构及社会团体;政府机关;乡镇以下级政府及事业单位,武侯区,104.04023,30.616693
神仙树社区人民调解委员会,government,政府机构及社会团体;政府机关;乡镇以下级政府及事业单位,武侯区,104.040598,30.616933
神仙树社区志愿者服务工作站,government,政府机构及社会团体;政府及社会团体相关;政府及社会团体相关,武侯区,104.04023,30.616693
成都高新区石羊街道新北社区纪检小组,government,政府机构及社会团体;政府及社会团体相关;政府及社会团体相关,武侯区,104.039458,30.611093
神仙树社区治安综合治理委员会,government,政府机构及社会团体;政府及社会团体相关;政府及社会团体相关,武侯区,104.04023,30.616693
新北社区志愿者服务站,government,政府机构及社会团体;政府及社会团体相关;政府及社会团体相关,武侯区,104.039458,30.611093
成都高新区石羊街道新北社区居民委员会,government,政府机构及社会团体;政府机关;乡镇以下级政府及事业单位,武侯区,104.039573,30.611226
神仙树社区居民议事协商联合委员会,government,政府机构及社会团体;社会团体;行业协会,武侯区,104.04023,30.616693
芳草社区武术协会,government,政府机构及社会团体;社会团体;行业协会,武侯区,104.040359,30.616633
成都公益组织服务园,government,政府机构及社会团体;社会团体;社会团体相关,武侯区,104.041367,30.616129
神仙树社区计划生育协会,government,政府机构及社会团体;社会团体;行业协会,武侯区,104.04023,30.616687
石羊街道新北社区工会联合会,government,政府机构及社会团体;政府机关;乡镇以下级政府及事业单位,武侯区,104.039458,30.611093
神仙树社区维融居委会,government,政府机构及社会团体;政府机关;乡镇以下级政府及事业单位,武侯区,104.040731,30.61427
芳草街道总工会神仙树社区联合会,government,政府机构及社会团体;社会团体;行业协会,武侯区,104.04023,30.616693
神仙树社区流动人口服务管理工作站,government,政府机构及社会团体;政府机关;乡镇以下级政府及事业单位,武侯区,104.04023,30.616693
中共芳草街道神仙树社区党委,government,政府机构及社会团体;政府机关;乡镇以下级政府及事业单位,武侯区,104.040336,30.616666
中共芳草街街道神仙树社区委员会,government,政府机构及社会团体;政府机关;乡镇以下级政府及事业单位,武侯区,104.040336,30.616666
芳草街街道办事处神仙树社区工作站,government,政府机构及社会团体;政府机关;乡镇以下级政府及事业单位,武侯区,104.040461,30.616931
新盛社区居委会,government,政府机构及社会团体;政府机关;乡镇以下级政府及事业单位,武侯区,104.034909,30.613301
紫竹社区老年协会分会,government,政府机构及社会团体;政府及社会团体相关;政府及社会团体相关,武侯区,104.051444,30.619269
四川省企业联合会,government,政府机构及社会团体;社会团体;社会团体相关,武侯区,104.048278,30.617221
四川省企业家协会,government,政府机构及社会团体;社会团体;行业协会,武侯区,104.048278,30.617221
紫竹社区事务监督委员会,government,政府机构及社会团体;政府及社会团体相关;政府及社会团体相关,武侯区,104.051444,30.619269
紫竹社区人民调解委员会,government,政府机构及社会团体;政府机关;乡镇以下级政府及事业单位,武侯区,104.051444,30.619269
紫竹社区文体分会,government,政府机构及社会团体;政府及社会团体相关;政府及社会团体相关,武侯区,104.051444,30.619269
紫竹社区治安综合治理委员会,government,政府机构及社会团体;政府及社会团体相关;政府及社会团体相关,武侯区,104.051444,30.619269
紫竹社区残疾人协会,government,政府机构及社会团体;社会团体;残联,武侯区,104.051444,30.619269
紫竹北街社区居委会,government,政府机构及社会团体;政府机关;乡镇以下级政府及事业单位,武侯区,104.053471,30.615237
紫薇社区居委会(紫荆南路),government,政府机构及社会团体;政府机关;乡镇以下级政府及事业单位,武侯区,104.048646,30.614541
中国四川出入境检验检疫局二办公区,government,政府机构及社会团体;政府机关;省直辖市级政府及事业单位,武侯区,104.058498,30.618338
中国检验检疫,government,政府机构及社会团体;政府机关;国家级机关及事业单位,武侯区,104.058671,30.618125
成都市公安局南站地区派出所南站社区警务室,government,政府机构及社会团体;公检法机构;公安警察,武侯区,104.062975,30.610729
桐梓林境外人员服务中心,government,政府机构及社会团体;政府机关;政府机关相关,武侯区,104.055637,30.610887
四川省汽车零配件商会,government,政府机构及社会团体;政府及社会团体相关;政府及社会团体相关,武侯区,104.05701,30.610824
旭日司法鉴定所,government,政府机构及社会团体;公检法机构;公证鉴定机构,武侯区,104.062972,30.619004
四川省人口和计划生育宣传教育中心(二办公区),government,政府机构及社会团体;政府机关;政府机关相关,武侯区,104.056007,30.611483
成都遂宁商会,government,政府机构及社会团体;社会团体;行业协会,武侯区,104.063295,30.614385
南站社区居民委员会,government,政府机构及社会团体;政府机关;乡镇以下级政府及事业单位,武侯区,104.054579,30.610674
湛江商会,government,政府机构及社会团体;政府及社会团体相关;政府及社会团体相关,武侯区,104.061463,30.616153
电力工程协会,government,政府机构及社会团体;政府及社会团体相关;政府及社会团体相关,武侯区,104.054566,30.612829
成都市武侯区火车南站街道办事处社会事务服务中心,government,政府机构及社会团体;政府机关;乡镇级政府及事业单位,武侯区,104.072017,30.617675
火车南站街道补办独生子女及流动人口婚育办理点,government,政府机构及社会团体;政府机关;乡镇级政府及事业单位,武侯区,104.072996,30.617298
火车南站街道办事处,government,政府机构及社会团体;政府机关;乡镇级政府及事业单位,武侯区,104.072996,30.617298
国家电力监管委员会四川省电力监管专员办公室,government,政府机构及社会团体;政府机关;省直辖市级政府及事业单位,武侯区,104.065198,30.617477
国家能源局四川监管办公室,government,政府机构及社会团体;政府机关;省直辖市级政府及事业单位,武侯区,104.065197,30.617478
四川省中医药学会,government,政府机构及社会团体;社会团体;行业协会,武侯区,104.065423,30.616081
四川省中西医结合学会,government,政府机构及社会团体;社会团体;行业协会,武侯区,104.065422,30.616081
四川省针灸学会,government,政府机构及社会团体;社会团体;行业协会,武侯区,104.065423,30.616081
国家电网四川成都电业局,government,政府机构及社会团体;政府机关;地市级政府及事业单位,武侯区,104.065189,30.613853
四川省公安厅直属二分局成都电力公安警务室,government,政府机构及社会团体;公检法机构;公安警察,武侯区,104.073431,30.614319
南站地区派出所,government,政府机构及社会团体;公检法机构;公安警察,武侯区,104.073105,30.617446
南站辖区治安执勤,government,政府机构及社会团体;政府及社会团体相关;政府及社会团体相关,武侯区,104.06416,30.614043
西藏税务退休基地,government,政府机构及社会团体;政府及社会团体相关;政府及社会团体相关,武侯区,104.068296,30.614984
锦官新城社区居委会,government,政府机构及社会团体;政府机关;乡镇以下级政府及事业单位,武侯区,104.068199,30.617485
长寿苑社区居委会,government,政府机构及社会团体;政府机关;乡镇以下级政府及事业单位,武侯区,104.072136,30.611288
锦官新城社区综合服务管理站,government,政府机构及社会团体;政府机关;乡镇以下级政府及事业单位,武侯区,104.068199,30.617485
火车南站街道办事处,government,政府机构及社会团体;政府机关;乡镇级政府及事业单位,武侯区,104.06972,30.611555
西藏自治区国家税务局驻成都办事处,government,政府机构及社会团体;政府机关;外地政府办,武侯区,104.066418,30.613987
成都达州商会,government,政府机构及社会团体;政府及社会团体相关;政府及社会团体相关,武侯区,104.06565,30.618476
四川省江苏商会,government,政府机构及社会团体;政府及社会团体相关;政府及社会团体相关,武侯区,104.065048,30.618465
成都市武侯区司法局火车南站司法所,government,政府机构及社会团体;公检法机构;公检法机关,武侯区,104.073009,30.617277
中共海蓓幼稚园党支部,government,政府机构及社会团体;社会团体;社会团体相关,武侯区,104.071873,30.613617
泰豪晟大股权投资基金管理中心,government,政府机构及社会团体;政府及社会团体相关;政府及社会团体相关,武侯区,104.06565,30.618476
中国美女单身同盟,government,政府机构及社会团体;社会团体;行业协会,武侯区,104.067247,30.61836
四川发展土地资产运营管理中心,government,政府机构及社会团体;政府及社会团体相关;政府及社会团体相关,武侯区,104.073378,30.618368
长寿苑社区警务室,government,政府机构及社会团体;公检法机构;社会治安机构,武侯区,104.072136,30.611288
成都市食品流通商会,government,政府机构及社会团体;社会团体;社会团体相关,武侯区,104.067247,30.61836
锦官新城阳光老年协会,government,政府机构及社会团体;社会团体;社会团体相关,武侯区,104.068154,30.617555
火车南站街道再就业优惠证办理点,government,政府机构及社会团体;政府机关;乡镇级政府及事业单位,武侯区,104.072996,30.617298
中共长寿苑社区委员会,government,政府机构及社会团体;政府机关;乡镇以下级政府及事业单位,武侯区,104.072133,30.611289
南站地区派出所警务室,government,政府机构及社会团体;公检法机构;社会治安机构,武侯区,104.067621,30.613301
长寿苑社区老龄工作办公室,government,政府机构及社会团体;政府机关;乡镇以下级政府及事业单位,武侯区,104.072136,30.611289
火车南站街道失业保险金办理处,government,政府机构及社会团体;政府机关;乡镇级政府及事业单位,武侯区,104.072996,30.617298
锦官秀城小区居民自治管理小组,government,政府机构及社会团体;社会团体;社会团体相关,武侯区,104.072919,30.616098
西藏自治区国资委驻成都办事处,government,政府机构及社会团体;政府机关;外地政府办,武侯区,104.069067,30.619368
火车南站街道老年人协会锦官新城社区分会,government,政府机构及社会团体;社会团体;社会团体相关,武侯区,104.068154,30.617555
长寿苑社区老干部工作办公室,government,政府机构及社会团体;政府机关;乡镇以下级政府及事业单位,武侯区,104.072136,30.611289
长寿苑社区人民调解委员会,government,政府机构及社会团体;政府机关;乡镇以下级政府及事业单位,武侯区,104.072136,30.611289
锦官新城社区妇女之家,government,政府机构及社会团体;社会团体;妇联,武侯区,104.068154,30.617555
锦官新城社区促进平安和谐建设工作站,government,政府机构及社会团体;政府机关;乡镇以下级政府及事业单位,武侯区,104.068197,30.617486
火车南站街道失业证办理点,government,政府机构及社会团体;政府机关;乡镇级政府及事业单位,武侯区,104.072996,30.617298
火车南站街道安全社区建设份害监测点,government,政府机构及社会团体;政府机关;乡镇以下级政府及事业单位,武侯区,104.071244,30.613351
锦官新城社区警务室,government,政府机构及社会团体;公检法机构;社会治安机构,武侯区,104.068199,30.617485
火车南站街道长寿苑社区工作站,government,政府机构及社会团体;政府机关;乡镇以下级政府及事业单位,武侯区,104.072136,30.611289
中共锦官新城社区党总支部委员会,government,政府机构及社会团体;政府机关;乡镇以下级政府及事业单位,武侯区,104.068199,30.617485
锦官新城社区工作站,government,政府机构及社会团体;政府机关;乡镇以下级政府及事业单位,武侯区,104.068199,30.617485
火车南站街道劳动合同换领处,government,政府机构及社会团体;政府机关;乡镇级政府及事业单位,武侯区,104.072996,30.617298
火车南站街道长寿苑社区网格化服务管理站,government,政府机构及社会团体;政府机关;乡镇以下级政府及事业单位,武侯区,104.072256,30.611685
长寿苑社区残疾人协会,government,政府机构及社会团体;社会团体;残联,武侯区,104.072136,30.611289
火车南站街道失业人员档案接收点,government,政府机构及社会团体;政府机关;乡镇级政府及事业单位,武侯区,104.072996,30.617298
火车南站街道居住证受理点,government,政府机构及社会团体;政府机关;乡镇级政府及事业单位,武侯区,104.072996,30.617298
锦官新城社区残疾人协会,government,政府机构及社会团体;社会团体;残联,武侯区,104.068197,30.617486
锦官新城社区老龄工作办公室,government,政府机构及社会团体;政府机关;乡镇以下级政府及事业单位,武侯区,104.068197,30.617486
锦官新城社区人民调解委员会,government,政府机构及社会团体;政府机关;乡镇以下级政府及事业单位,武侯区,104.068199,30.617485
长寿苑社区劳动保障工作站,government,政府机构及社会团体;政府机关;乡镇以下级政府及事业单位,武侯区,104.072136,30.611289
中共长寿苑社区总支部委员会,government,政府机构及社会团体;政府机关;乡镇以下级政府及事业单位,武侯区,104.072136,30.611289
锦官新城社区劳动保障工作站,government,政府机构及社会团体;政府机关;乡镇以下级政府及事业单位,武侯区,104.068199,30.617485
火车南站街道退休人员养老金核查处,government,政府机构及社会团体;政府机关;乡镇级政府及事业单位,武侯区,104.072996,30.617298
长寿苑社区促进平安和谐建设工作站,government,政府机构及社会团体;政府机关;乡镇以下级政府及事业单位,武侯区,104.072136,30.611289
长寿苑社区接收捐助点,government,政府机构及社会团体;社会团体;慈善机构,武侯区,104.072136,30.611289
锦官新城社区接收捐助点,government,政府机构及社会团体;社会团体;慈善机构,武侯区,104.068199,30.617485
四川省洗染协会,government,政府机构及社会团体;政府及社会团体相关;政府及社会团体相关,武侯区,104.067643,30.618505
铁路小区家委会,government,政府机构及社会团体;政府及社会团体相关;政府及社会团体相关,武侯区,104.066427,30.610143
长寿苑社区政务中心,government,政府机构及社会团体;政府及社会团体相关;政府及社会团体相关,武侯区,104.071128,30.613191
宁南县政府驻成都办事处,government,政府机构及社会团体;政府机关;外地政府办,武侯区,104.075016,30.619296
成都市武侯区市容卫生管理所,government,政府机构及社会团体;政府机关;区县级政府及事业单位,武侯区,104.07931,30.616237
老干办公室,government,政府机构及社会团体;政府及社会团体相关;政府及社会团体相关,武侯区,104.075105,30.61337
高攀桥社区居委会,government,政府机构及社会团体;政府机关;乡镇以下级政府及事业单位,武侯区,104.080181,30.618205
武侯区火车南站街道高攀桥社区,government,政府机构及社会团体;政府及社会团体相关;政府及社会团体相关,武侯区,104.080235,30.618059
得胜社区居委会(高攀西巷),government,政府机构及社会团体;政府机关;乡镇以下级政府及事业单位,武侯区,104.076953,30.61792
高攀桥社区支部委员会,government,政府机构及社会团体;政府机关;乡镇以下级政府及事业单位,武侯区,104.080181,30.618205
得胜社区综合服务管理站,government,政府机构及社会团体;政府机关;乡镇以下级政府及事业单位,武侯区,104.076953,30.61792
得胜社区网格化服务管理站,government,政府机构及社会团体;政府机关;乡镇以下级政府及事业单位,武侯区,104.076953,30.61792
火车南站街道得胜社区食品安全协管站,government,政府机构及社会团体;政府机关;乡镇以下级政府及事业单位,武侯区,104.076943,30.617892
成都市盐政市场稽查处第二盐政管理所,government,政府机构及社会团体;政府机关;地市级政府及事业单位,武侯区,104.077936,30.610265
中共成都市武侯区火车南站街道工作委员会,government,政府机构及社会团体;政府机关;乡镇级政府及事业单位,武侯区,104.073525,30.617127
得胜社区人民调解委员会,government,政府机构及社会团体;政府机关;乡镇以下级政府及事业单位,武侯区,104.076953,30.61792
南站地区派出所得胜社区警务室,government,政府机构及社会团体;公检法机构;公安警察,武侯区,104.076953,30.61792
得胜社区劳动保障工作站,government,政府机构及社会团体;政府机关;乡镇以下级政府及事业单位,武侯区,104.076953,30.61792
高攀桥社区劳动保障工作站,government,政府机构及社会团体;政府机关;乡镇以下级政府及事业单位,武侯区,104.080181,30.618205
火车南站街道得胜社区工作站,government,政府机构及社会团体;政府机关;乡镇以下级政府及事业单位,武侯区,104.076953,30.61792
得胜社区老龄工作办公室,government,政府机构及社会团体;政府机关;乡镇以下级政府及事业单位,武侯区,104.076953,30.61792
高攀桥社区人民调解委员会,government,政府机构及社会团体;政府机关;乡镇以下级政府及事业单位,武侯区,104.080181,30.618205
得胜社区老干部工作办公室,government,政府机构及社会团体;政府机关;乡镇以下级政府及事业单位,武侯区,104.076953,30.61792
得胜社区残疾人协会,government,政府机构及社会团体;社会团体;残联,武侯区,104.076953,30.61792
中共得胜社区党总支部委员会,government,政府机构及社会团体;政府机关;乡镇以下级政府及事业单位,武侯区,104.076953,30.61792
得胜社区促进平安和谐建设工作站,government,政府机构及社会团体;政府机关;乡镇以下级政府及事业单位,武侯区,104.076953,30.61792
南站地区派出所高攀社区警务室,government,政府机构及社会团体;公检法机构;公安警察,武侯区,104.080181,30.618205
高攀桥社区残疾人协会,government,政府机构及社会团体;社会团体;残联,武侯区,104.080181,30.618205
高攀桥社区老干部工作办公室,government,政府机构及社会团体;政府机关;乡镇以下级政府及事业单位,武侯区,104.080181,30.618205
高攀桥社区促进平安和谐建设工作站,government,政府机构及社会团体;政府机关;乡镇以下级政府及事业单位,武侯区,104.080181,30.618205
得胜社区接受捐助点,government,政府机构及社会团体;社会团体;慈善机构,武侯区,104.076953,30.61792
高攀桥社区接收捐助点,government,政府机构及社会团体;社会团体;慈善机构,武侯区,104.080181,30.618205
锦华社区,government,政府机构及社会团体;政府机关;乡镇以下级政府及事业单位|商务住宅;住宅区;住宅小区,锦江区,104.090033,30.618128
成都山地所,government,政府机构及社会团体;政府及社会团体相关;政府及社会团体相关,锦江区,104.093102,30.614386
东湖社区居委会(华润路),government,政府机构及社会团体;政府机关;乡镇以下级政府及事业单位,锦江区,104.089141,30.615239
成龙路街道就业和社会保障第一服务站,government,政府机构及社会团体;政府机关;乡镇级政府及事业单位,锦江区,104.098887,30.614143
成都市公安局交通管理局第三分局,government,政府机构及社会团体;交通车辆管理;交通管理机构,锦江区,104.098637,30.618176
成龙派出所晨辉警务室,government,政府机构及社会团体;公检法机构;公安警察,锦江区,104.098974,30.614204
成都市交管局第三分局5大队,government,政府机构及社会团体;公检法机构;公检法机关,锦江区,104.09866,30.618405
妇女之家,government,政府机构及社会团体;社会团体;妇联,锦江区,104.097737,30.617112
成都市公安局交通管理局第三分局信访接待,government,政府机构及社会团体;交通车辆管理;交通管理机构,锦江区,104.098811,30.618462
交管局第三分局4大队,government,政府机构及社会团体;公检法机构;公检法机关,锦江区,104.09866,30.618405
成龙路街道办事处晨辉社区老年协会,government,政府机构及社会团体;政府及社会团体相关;政府及社会团体相关,锦江区,104.098893,30.614198
交通警察事故预防处理服务大厅,government,政府机构及社会团体;政府及社会团体相关;政府及社会团体相关,锦江区,104.098478,30.618319
电动自行车上户机动车注册预录入,government,政府机构及社会团体;政府及社会团体相关;政府及社会团体相关,锦江区,104.098731,30.61846
成都市公安局交警三分局违法处理大厅,government,政府机构及社会团体;交通车辆管理;车辆管理机构,锦江区,104.098654,30.618351
中共东怡社区委员会,government,政府机构及社会团体;政府机关;乡镇以下级政府及事业单位,锦江区,104.09768,30.617129
东怡社区居委会,government,政府机构及社会团体;政府机关;乡镇以下级政府及事业单位,锦江区,104.09768,30.617129
东怡社区工会委员会,government,政府机构及社会团体;社会团体;社会团体相关,锦江区,104.09768,30.617129
观音桥社区居委会,government,政府机构及社会团体;政府机关;乡镇以下级政府及事业单位,锦江区,104.103424,30.618524
成都市锦江区东怡路交通警察车管服务大厅,government,政府机构及社会团体;政府及社会团体相关;政府及社会团体相关,锦江区,104.098478,30.618319
金象花园社区居委会,government,政府机构及社会团体;政府机关;乡镇以下级政府及事业单位,锦江区,104.098879,30.614143
成都市锦江区成龙路街道办事处金象花园社区治安会巡逻队,government,政府机构及社会团体;政府及社会团体相关;政府及社会团体相关,锦江区,104.097374,30.611521
新莲新社区居委会,government,政府机构及社会团体;政府机关;乡镇以下级政府及事业单位,锦江区,104.101479,30.61849
中共新莲新社区委员会,government,政府机构及社会团体;政府机关;乡镇以下级政府及事业单位,锦江区,104.101479,30.61849
中共东怡社区纪律检查委员会,government,政府机构及社会团体;政府机关;乡镇以下级政府及事业单位,锦江区,104.09768,30.617129
金象花园社区人民调解委员会,government,政府机构及社会团体;政府机关;乡镇以下级政府及事业单位,锦江区,104.098879,30.614143
成都市公安局交通管理局第三分局道路交通事故人民调解室,government,政府机构及社会团体;交通车辆管理;交通管理机构,锦江区,104.098811,30.618462
成都市交管局第三分局1大队,government,政府机构及社会团体;公检法机构;公安警察,锦江区,104.098654,30.61836
成都市交管局第三分局2大队,government,政府机构及社会团体;公检法机构;公检法机关,锦江区,104.09866,30.618405
中共新莲新社区纪律检查委员会,government,政府机构及社会团体;政府机关;乡镇以下级政府及事业单位,锦江区,104.101479,30.61849
成都市锦江区成龙路街道办事处老年协会,government,政府机构及社会团体;政府机关;乡镇以下级政府及事业单位,锦江区,104.098958,30.61392
成龙派出所金象警务室,government,政府机构及社会团体;公检法机构;社会治安机构,锦江区,104.098882,30.614145
金象花园社区劳动保障工作站,government,政府机构及社会团体;政府机关;乡镇以下级政府及事业单位,锦江区,104.098879,30.614143
中共金象花园社区总支委员会,government,政府机构及社会团体;政府机关;乡镇以下级政府及事业单位,锦江区,104.098879,30.614143
金象花园社区社区残疾人协会,government,政府机构及社会团体;社会团体;残联,锦江区,104.098879,30.614143
交警三分局五大队,government,政府机构及社会团体;政府及社会团体相关;政府及社会团体相关,锦江区,104.097596,30.618007
成龙路街道办事处,government,政府机构及社会团体;政府机关;乡镇级政府及事业单位,锦江区,104.111804,30.613511
人民调解委员会,government,政府机构及社会团体;政府及社会团体相关;政府及社会团体相关,锦江区,104.112292,30.614355
狮子山派出所成都师范学校附属小学万科分校警务室,government,政府机构及社会团体;公检法机构;公安警察,锦江区,104.111354,30.618596
成龙路街道居委会,government,政府机构及社会团体;政府机关;乡镇级政府及事业单位,锦江区,104.111915,30.613605
四川省有机肥料产业发展促进会,government,政府机构及社会团体;政府及社会团体相关;政府及社会团体相关,锦江区,104.106471,30.61372
万科城花社区居委会,government,政府机构及社会团体;政府机关;乡镇以下级政府及事业单位,锦江区,104.112243,30.61422
中共万科城花社区委员会,government,政府机构及社会团体;政府机关;乡镇以下级政府及事业单位,锦江区,104.112243,30.61422
中共万科城花社区纪纪律检查委员会,government,政府机构及社会团体;政府机关;乡镇以下级政府及事业单位,锦江区,104.112243,30.61422
锦江区政协成龙路街道工作委员会,government,政府机构及社会团体;政府机关;乡镇级政府及事业单位,锦江区,104.111916,30.613605
中共成龙路街道工作委员会,government,政府机构及社会团体;政府机关;乡镇级政府及事业单位,锦江区,104.111915,30.613604
中共万科城花社区党支部,government,政府机构及社会团体;政府机关;乡镇以下级政府及事业单位,锦江区,104.112243,30.61422
成龙派出所,government,政府机构及社会团体;公检法机构;公安警察,锦江区,104.109617,30.610299
四川师范大学公安分处,government,政府机构及社会团体;公检法机构;公安警察,锦江区,104.118395,30.610852
四川师范大学党政机关第一办公区,government,政府机构及社会团体;政府机关;政府机关相关,锦江区,104.120131,30.613793
成龙工商所,government,政府机构及社会团体;工商税务机构;工商部门,锦江区,104.12052,30.616495
四川省教育厅教师资格认定指导中心,government,政府机构及社会团体;公检法机构;公证鉴定机构,锦江区,104.12002,30.611234
菱安路社区,government,政府机构及社会团体;政府及社会团体相关;政府及社会团体相关,锦江区,104.120895,30.618523
四川师范大学校友会,government,政府机构及社会团体;社会团体;社会团体相关,锦江区,104.121116,30.610969
索派超级足球俱乐部,government,政府机构及社会团体;社会团体;社会团体相关,锦江区,104.122346,30.614286
工商行政管理,government,政府机构及社会团体;政府及社会团体相关;政府及社会团体相关,锦江区,104.120539,30.616409
和质量监督管理所,government,政府机构及社会团体;政府及社会团体相关;政府及社会团体相关,锦江区,104.120705,30.616645
棚户区自主改造搬迁指挥部,government,政府机构及社会团体;政府及社会团体相关;政府及社会团体相关,锦江区,104.123462,30.616769
狮子山街道老年协会万科城花社区分会,government,政府机构及社会团体;社会团体;社会团体相关,锦江区,104.114711,30.618732
四川省高校后勤协会伙食专业委员会,government,政府机构及社会团体;社会团体;社会团体相关,锦江区,104.121558,30.61191
四川师范大学一卡通管理服务中心,government,政府机构及社会团体;社会团体;社会团体相关,锦江区,104.121117,30.61097
成都市锦江区狮子山街道院落自治促进会,government,政府机构及社会团体;政府及社会团体相关;政府及社会团体相关,锦江区,104.120666,30.618769
中共川师大社区总支部委员会,government,政府机构及社会团体;政府机关;乡镇以下级政府及事业单位,锦江区,104.120811,30.618602
狮子山派出所川师大警务室,government,政府机构及社会团体;公检法机构;社会治安机构,锦江区,104.122073,30.613675
川师大社区居委会,government,政府机构及社会团体;政府机关;乡镇以下级政府及事业单位,锦江区,104.120811,30.618602
中共青年团四川师范大学学生公寓分团,government,政府机构及社会团体;社会团体;共青团,锦江区,104.122808,30.612845
成龙路派出所国槐路警务室,government,政府机构及社会团体;公检法机构;公安警察,锦江区,104.127668,30.611549
成龙路派出所锦江实验学校校园警务室,government,政府机构及社会团体;公检法机构;公安警察,锦江区,104.131337,30.613454
国槐路社区居委会,government,政府机构及社会团体;政府机关;乡镇以下级政府及事业单位,锦江区,104.127684,30.611486
中共国槐路社区委员会,government,政府机构及社会团体;政府机关;乡镇以下级政府及事业单位,锦江区,104.127684,30.611486
社区工作站,government,政府机构及社会团体;政府机关;乡镇以下级政府及事业单位,锦江区,104.127668,30.611549
成都市公安局锦江区公安局成龙派出所青少年维权岗,government,政府机构及社会团体;政府及社会团体相关;政府及社会团体相关,锦江区,104.131662,30.613493
国槐路社区流动人口管理工作站,government,政府机构及社会团体;公检法机构;社会治安机构,锦江区,104.127696,30.611412
成龙路派出所赖家新桥警务室,government,政府机构及社会团体;公检法机构;公安警察,锦江区,104.134646,30.61774
成都市公安局锦江区分局巡警(防爆)大队成龙中队,government,政府机构及社会团体;公检法机构;公安警察,锦江区,104.134826,30.616077
赖家新桥社区纪委办公室,government,政府机构及社会团体;政府机关;乡镇级政府及事业单位,锦江区,104.134587,30.617801
赖家新桥社区综合办公室,government,政府机构及社会团体;政府及社会团体相关;政府及社会团体相关,锦江区,104.134623,30.617746
花香苑社区总支委员会,government,政府机构及社会团体;政府机关;乡镇以下级政府及事业单位,锦江区,104.134684,30.617794
中共花香苑小区支部委员会,government,政府机构及社会团体;政府机关;乡镇以下级政府及事业单位,锦江区,104.133973,30.611141
赖家新桥社区委员会,government,政府机构及社会团体;政府机关;乡镇以下级政府及事业单位,锦江区,104.134569,30.617795
花香苑社区,government,政府机构及社会团体;政府机关;乡镇以下级政府及事业单位,锦江区,104.135183,30.613429
中共花香苑社区委员会,government,政府机构及社会团体;政府机关;乡镇以下级政府及事业单位,锦江区,104.13536,30.613528
花香苑社区居委会,government,政府机构及社会团体;政府机关;乡镇以下级政府及事业单位,锦江区,104.134684,30.617794
花香苑社区人民调解委员会,government,政府机构及社会团体;政府机关;乡镇以下级政府及事业单位,锦江区,104.135314,30.613473
红砂三圣片区土地管护指挥服务中心,government,政府机构及社会团体;政府机关;政府机关相关,锦江区,104.135392,30.613617
粮丰社区居委会(驿都大道西路),government,政府机构及社会团体;政府机关;乡镇以下级政府及事业单位,锦江区,104.14141,30.613712
中共花香苑社区纪律检查委员会,government,政府机构及社会团体;政府机关;乡镇以下级政府及事业单位,锦江区,104.13536,30.613528
金凤社区促进和谐社会建设工作站,government,政府机构及社会团体;政府机关;乡镇以下级政府及事业单位,武侯区,103.966286,30.608928
金花工商所,government,政府机构及社会团体;工商税务机构;工商部门,武侯区,103.966239,30.607658
金花村村民议事会,government,政府机构及社会团体;政府及社会团体相关;政府及社会团体相关,武侯区,103.965193,30.605943
金花桥办事处,government,政府机构及社会团体;政府及社会团体相关;政府及社会团体相关,武侯区,103.968765,30.609137
金花桥社区民情议事会,government,政府机构及社会团体;政府及社会团体相关;政府及社会团体相关,武侯区,103.966439,30.608871
金花村村委会(江安滨河北路),government,政府机构及社会团体;政府机关;乡镇以下级政府及事业单位,武侯区,103.965201,30.605944
金花社区居委会,government,政府机构及社会团体;政府机关;乡镇以下级政府及事业单位,武侯区,103.965077,30.605878
金凤社区居民议事会,government,政府机构及社会团体;社会团体;社会团体相关,武侯区,103.966517,30.609012
金花社区工会联合会,government,政府机构及社会团体;社会团体;社会团体相关,武侯区,103.964955,30.60626
金凤社区居委员会,government,政府机构及社会团体;政府机关;乡镇以下级政府及事业单位,武侯区,103.966596,30.609056
中共金凤社区总支部委员会,government,政府机构及社会团体;政府机关;乡镇以下级政府及事业单位,武侯区,103.966596,30.609056
金花村安全消防监督管理办公室,government,政府机构及社会团体;政府机关;乡镇以下级政府及事业单位,武侯区,103.965199,30.605943
金花社区居民议事会,government,政府机构及社会团体;社会团体;社会团体相关,武侯区,103.965195,30.60594
武侯助残社工站金花桥分站,government,政府机构及社会团体;社会团体;残联,武侯区,103.966302,30.608869
中共金花桥街道金花社区总支部委员会,government,政府机构及社会团体;政府机关;乡镇以下级政府及事业单位,武侯区,103.965195,30.605939
金花桥社区流动人口信息采集点,government,政府机构及社会团体;公检法机构;社会治安机构,武侯区,103.969953,30.608305
武侯区个体私营经济协会金花片区分会,government,政府机构及社会团体;社会团体;行业协会,武侯区,103.966194,30.608921
都市丽人办事处,government,政府机构及社会团体;政府及社会团体相关;政府及社会团体相关,武侯区,103.982974,30.607208
四川省制鞋业协会,government,政府机构及社会团体;政府及社会团体相关;政府及社会团体相关,武侯区,103.981589,30.601353
金花派出所新苗社区警务室,government,政府机构及社会团体;公检法机构;公安警察,武侯区,103.989896,30.599688
簇桥派出所簇锦社区警务室,government,政府机构及社会团体;公检法机构;公安警察,武侯区,103.993172,30.603894
武侯区太极拳推广工作委员会,government,政府机构及社会团体;政府机关;区县级政府及事业单位,武侯区,103.990628,30.606122
簇桥乡老年信鸽协会,government,政府机构及社会团体;社会团体;行业协会,武侯区,103.986204,30.60177
四川省童鞋协会,government,政府机构及社会团体;社会团体;行业协会,武侯区,103.98532,30.604693
成都市武侯区武术协会,government,政府机构及社会团体;社会团体;行业协会,武侯区,103.990628,30.606122
中共新城社区总支部委员会(簇锦南路),government,政府机构及社会团体;政府机关;乡镇以下级政府及事业单位,武侯区,103.990779,30.605424
四川省跆拳道协会(龙井北街),government,政府机构及社会团体;社会团体;行业协会,武侯区,103.992915,30.607916
成都市簇桥烟草专卖监督管理所,government,政府机构及社会团体;政府机关;政府机关相关,武侯区,103.993054,30.603941
中共新城社区委员会,government,政府机构及社会团体;政府机关;乡镇以下级政府及事业单位,武侯区,103.987034,30.6057
中共龙井社区委员会,government,政府机构及社会团体;政府机关;乡镇以下级政府及事业单位,武侯区,103.989936,30.605114
武侯区簇桥街道综合执法大队,government,政府机构及社会团体;政府机关;乡镇级政府及事业单位,武侯区,103.992871,30.604055
新苗村委,government,政府机构及社会团体;政府机关;乡镇以下级政府及事业单位,武侯区,103.989859,30.59982
龙井治安保卫委员会,government,政府机构及社会团体;公检法机构;社会治安机构,武侯区,103.989845,30.605153
簇锦社区居委会(簇锦南路),government,政府机构及社会团体;政府机关;乡镇以下级政府及事业单位,武侯区,103.992959,30.603995
新城社区居委会(望锦中街),government,政府机构及社会团体;政府机关;乡镇以下级政府及事业单位,武侯区,103.987034,30.6057
新城社区居委会(簇锦南路),government,政府机构及社会团体;政府机关;乡镇以下级政府及事业单位,武侯区,103.990779,30.605424
龙井社区居委会(龙井西街),government,政府机构及社会团体;政府机关;乡镇以下级政府及事业单位,武侯区,103.989936,30.605114
龙井村村民议事会,government,政府机构及社会团体;政府机关;乡镇以下级政府及事业单位,武侯区,103.989905,30.605056
簇桥街道龙井社区居民议事会,government,政府机构及社会团体;政府机关;乡镇以下级政府及事业单位,武侯区,103.989936,30.605114
中共簇锦社区委员会(簇锦南路),government,政府机构及社会团体;政府机关;乡镇以下级政府及事业单位,武侯区,103.992959,30.603995
金花桥街道新苗村综合服务管理站,government,政府机构及社会团体;政府机关;乡镇以下级政府及事业单位,武侯区,103.989969,30.599655
武侯区簇桥街道新城社区工作站,government,政府机构及社会团体;政府机关;乡镇以下级政府及事业单位,武侯区,103.990779,30.605424
中共龙井村委员会,government,政府机构及社会团体;政府机关;乡镇以下级政府及事业单位,武侯区,103.989838,30.605277
成都市武侯区簇桥街道办事处簇锦社区居民委员会,government,政府机构及社会团体;政府机关;乡镇以下级政府及事业单位,武侯区,103.993172,30.603894
龙井村治保会小区中队,government,政府机构及社会团体;公检法机构;社会治安机构,武侯区,103.989065,30.604801
簇锦社区就业和社会保障服务站,government,政府机构及社会团体;政府机关;乡镇以下级政府及事业单位,武侯区,103.995556,30.604093
簇锦社区劳动和社会保障工作站,government,政府机构及社会团体;政府机关;乡镇以下级政府及事业单位,武侯区,103.995556,30.604093
武侯工商行政管理局簇桥工商所,government,政府机构及社会团体;工商税务机构;工商部门,武侯区,103.997814,30.607499
华兴街道办事处综合文化活动中心,government,政府机构及社会团体;政府机关;乡镇级政府及事业单位,武侯区,103.993825,30.602335
簇桥城中村改造拆迁办公室,government,政府机构及社会团体;政府机关;乡镇级政府及事业单位,武侯区,103.995085,30.603725
成都市公安局武侯区分局交通秩序大队,government,政府机构及社会团体;交通车辆管理;交通管理机构,武侯区,103.993927,30.602347
沈家桥社区居委会(簇桥上街),government,政府机构及社会团体;政府机关;乡镇以下级政府及事业单位,武侯区,103.999628,30.607385
簇桥新世界小区业主委员会,government,政府机构及社会团体;社会团体;社会团体相关,武侯区,103.997621,30.605094
簇锦社区计划生育协会,government,政府机构及社会团体;社会团体;社会团体相关,武侯区,103.995556,30.604093
中共沈家桥社区委员会,government,政府机构及社会团体;政府机关;乡镇以下级政府及事业单位,武侯区,103.999639,30.607394
簇锦社区人民调解委员会,government,政府机构及社会团体;政府机关;乡镇以下级政府及事业单位,武侯区,103.995556,30.604093
簇锦社区残疾人协会,government,政府机构及社会团体;社会团体;残联,武侯区,103.995556,30.604093
武侯区簇桥街道簇锦社区工作站,government,政府机构及社会团体;政府及社会团体相关;政府及社会团体相关,武侯区,103.995556,30.604093
簇锦社区居委会(簇桥中街),government,政府机构及社会团体;政府机关;乡镇以下级政府及事业单位,武侯区,103.995556,30.604093
中共簇锦社区纪律检查委员会,government,政府机构及社会团体;政府机关;乡镇以下级政府及事业单位,武侯区,103.995556,30.604093
中共簇锦社区委员会(簇桥中街),government,政府机构及社会团体;政府机关;乡镇以下级政府及事业单位,武侯区,103.995556,30.604093
成都市武侯区交通秩序管理大队(簇锦南路),government,政府机构及社会团体;交通车辆管理;交通管理机构,武侯区,103.993825,30.602335
簇锦社区流动人口服务管理工作站,government,政府机构及社会团体;公检法机构;社会治安机构,武侯区,103.994835,30.603341
中国建筑2局,government,政府机构及社会团体;政府及社会团体相关;政府及社会团体相关,武侯区,103.998936,30.606115
武侯区簇桥街道办事处沈家桥社区居民委员会,government,政府机构及社会团体;政府机关;乡镇以下级政府及事业单位,武侯区,104.004893,30.608604
四川省棒球垒球曲棍球运动管理中心,government,政府机构及社会团体;政府机关;省直辖市级政府及事业单位,武侯区,104.022868,30.603742
中共庆安社区支部委员会,government,政府机构及社会团体;政府机关;乡镇以下级政府及事业单位,武侯区,104.029963,30.605714
石羊街道庆安社区居民委员会,government,政府机构及社会团体;政府机关;乡镇以下级政府及事业单位,武侯区,104.029963,30.605714
中国铁建二十一局成都办事处,government,政府机构及社会团体;政府机关;政府机关相关,武侯区,104.026727,30.60705
成都高新区石羊街道残疾人康复活动中心,government,政府机构及社会团体;政府机关;乡镇级政府及事业单位,武侯区,104.02797,30.606865
四川省排球协会,government,政府机构及社会团体;社会团体;行业协会,武侯区,104.028106,30.603464
石羊派出所新光社区警务室,government,政府机构及社会团体;公检法机构;公安警察,武侯区,104.034683,30.608167
新光社区居委会(新乐南街),government,政府机构及社会团体;政府机关;乡镇以下级政府及事业单位,武侯区,104.034677,30.608099
石羊街道新光社区流动人口服务与管理工作站,government,政府机构及社会团体;政府机关;区县级政府及事业单位,武侯区,104.034578,30.608128
四川省建业工程质量检测有限公司,government,政府机构及社会团体;公检法机构;公证鉴定机构,武侯区,104.03799,30.605583
石羊街道新光社区计划生育协会,government,政府机构及社会团体;社会团体;社会团体相关,武侯区,104.034677,30.608099
石羊街道新北社区计划生育协会,government,政府机构及社会团体;政府机关;乡镇以下级政府及事业单位,武侯区,104.034656,30.608081
中共新光社区支部委员会,government,政府机构及社会团体;政府机关;乡镇以下级政府及事业单位,武侯区,104.034735,30.608264
成都高新区石羊街道办事处(新光社区综合服务站),government,政府机构及社会团体;政府机关;乡镇级政府及事业单位,武侯区,104.034691,30.608141
成都高新区石羊街道新光社区工会联合会,government,政府机构及社会团体;政府及社会团体相关;政府及社会团体相关,武侯区,104.034635,30.608093
新光社区人民调解委员会,government,政府机构及社会团体;政府机关;乡镇以下级政府及事业单位,武侯区,104.034677,30.608099
中共新光社区总支部委员会(新乐南街),government,政府机构及社会团体;政府机关;乡镇以下级政府及事业单位,武侯区,104.034677,30.608099
石羊街道办事处,government,政府机构及社会团体;政府机关;乡镇级政府及事业单位,武侯区,104.048697,30.59961
成都铜梁商会,government,政府机构及社会团体;社会团体;行业协会,武侯区,104.047937,30.608989
中共石羊街道工作委员会,government,政府机构及社会团体;政府机关;乡镇级政府及事业单位,武侯区,104.048697,30.59961
中共石羊街道纪律检查工作委员会,government,政府机构及社会团体;政府机关;乡镇级政府及事业单位,武侯区,104.048697,30.59961
东创建国机动车登记服务站(捷泰行政公寓南),government,政府机构及社会团体;交通车辆管理;车辆管理机构,武侯区,104.045289,30.603799
就业和社会保障中心,government,政府机构及社会团体;政府及社会团体相关;政府及社会团体相关,武侯区,104.048522,30.599524
成都零售商协会,government,政府机构及社会团体;政府及社会团体相关;政府及社会团体相关,武侯区,104.061513,30.605647
高新区贵兴街道办事处,government,政府机构及社会团体;政府机关;乡镇级政府及事业单位,武侯区,104.060368,30.607564
四川衡立泰司法鉴定所,government,政府机构及社会团体;公检法机构;公证鉴定机构,武侯区,104.060441,30.606008
西南政法大学司法鉴定中心成都采样点,government,政府机构及社会团体;公检法机构;公证鉴定机构,武侯区,104.0602,30.606038
桐梓林站派出所,government,政府机构及社会团体;公检法机构;公安警察,武侯区,104.061481,30.607307
成都市公安消防支队特勤大队二中队,government,政府机构及社会团体;公检法机构;消防机关,武侯区,104.056875,30.604018
桂溪街道办事处社会事务服务中心,government,政府机构及社会团体;政府机关;乡镇级政府及事业单位,武侯区,104.069742,30.605236
桂溪街道办事处,government,政府机构及社会团体;政府机关;乡镇级政府及事业单位,武侯区,104.072757,30.604218
成都市地办,government,政府机构及社会团体;政府机关;地市级政府及事业单位,武侯区,104.069118,30.6051
公安南站警务区(成都南站),government,政府机构及社会团体;公检法机构;公安警察,武侯区,104.066469,30.608437
三瓦窑派出所和平社区警务室,government,政府机构及社会团体;公检法机构;公安警察,武侯区,104.069727,30.605405
成都市档案局,government,政府机构及社会团体;政府机关;地市级政府及事业单位,武侯区,104.069213,30.604626
精灵工会,government,政府机构及社会团体;政府及社会团体相关;政府及社会团体相关,武侯区,104.066578,30.60522
成都高新技术产业开发区国家税务局发票服务点(桂溪),government,政府机构及社会团体;工商税务机构;国税机关,武侯区,104.069748,30.604896
国际细胞治疗协会会员,government,政府机构及社会团体;社会团体;行业协会,武侯区,104.069825,30.604498
信访接待室,government,政府机构及社会团体;政府及社会团体相关;政府及社会团体相关,武侯区,104.072712,30.604334
新档案管理局,government,政府机构及社会团体;政府及社会团体相关;政府及社会团体相关,武侯区,104.069149,30.604641
四川省高科技产业化协会副理事长单位,government,政府机构及社会团体;政府机关;区县级政府及事业单位,武侯区,104.070025,30.604515
中共桂溪街道工作委员会,government,政府机构及社会团体;政府机关;乡镇级政府及事业单位,武侯区,104.072759,30.604226
中共桂溪街道纪律检查工作委员会,government,政府机构及社会团体;政府机关;乡镇级政府及事业单位,武侯区,104.072744,30.604223
四川省川联民营企业文化建设促进会,government,政府机构及社会团体;社会团体;社会团体相关,武侯区,104.072499,30.604317
中共成都清科生物科技有限公司委员会,government,政府机构及社会团体;社会团体;社会团体相关,武侯区,104.070025,30.604515
和平社区居委会(天和西一街),government,政府机构及社会团体;政府机关;乡镇以下级政府及事业单位,武侯区,104.069853,30.605584
桂溪和平残疾人就业扶持点,government,政府机构及社会团体;社会团体;残联,武侯区,104.070001,30.605827
中共和平社区总支委员会(天仁北一街),government,政府机构及社会团体;政府机关;乡镇以下级政府及事业单位,武侯区,104.069853,30.605584
从共成都高新区桂溪街道和平社区总支委员会,government,政府机构及社会团体;政府机关;乡镇以下级政府及事业单位,武侯区,104.069732,30.605402
高新区地税局稽查局,government,政府机构及社会团体;工商税务机构;地税机关,武侯区,104.072752,30.6044
三瓦窑派出所,government,政府机构及社会团体;公检法机构;公安警察,武侯区,104.073561,30.604363
三瓦窑派出所办证室,government,政府机构及社会团体;公检法机构;公安警察,武侯区,104.073561,30.604272
三瓦窑社区居委会,government,政府机构及社会团体;政府机关;乡镇以下级政府及事业单位,武侯区,104.079938,30.607883
中共三瓦窑社区总支部委员会,government,政府机构及社会团体;政府机关;乡镇以下级政府及事业单位,武侯区,104.079938,30.607883
成都高新区桂溪街道办事处三瓦窑社区居民委员会,government,政府机构及社会团体;政府机关;乡镇以下级政府及事业单位,武侯区,104.08008,30.607825
天府街道办事处,government,政府机构及社会团体;政府机关;乡镇级政府及事业单位,武侯区,104.077397,30.602052
柳江街道办事处(科创路),government,政府机构及社会团体;政府机关;乡镇级政府及事业单位,锦江区,104.086129,30.60466
柳江派出所(洗瓦堰路),government,政府机构及社会团体;公检法机构;公安警察,锦江区,104.089592,30.605866
柳江工商所,government,政府机构及社会团体;工商税务机构;工商部门,锦江区,104.089582,30.605737
轻微道路交通事故快速处理锦江区服务中心,government,政府机构及社会团体;交通车辆管理;交通管理机构,锦江区,104.085315,30.601286
中共柳江街道工作委员会(科创路),government,政府机构及社会团体;政府机关;乡镇级政府及事业单位,锦江区,104.086129,30.60466
琉璃社区居委会,government,政府机构及社会团体;政府机关;乡镇以下级政府及事业单位,锦江区,104.088873,30.607298
柳江社区居委会(翠风路),government,政府机构及社会团体;政府机关;乡镇以下级政府及事业单位,锦江区,104.086845,30.606888
中共柳江社区委员会,government,政府机构及社会团体;政府机关;乡镇以下级政府及事业单位,锦江区,104.086845,30.606888
中共琉璃社区委员会,government,政府机构及社会团体;政府机关;乡镇以下级政府及事业单位,锦江区,104.088873,30.607298
锦江区政协柳江街道工作委员会(科创路),government,政府机构及社会团体;政府机关;乡镇级政府及事业单位,锦江区,104.086129,30.60466
成都市社会科学界联合会,government,政府机构及社会团体;社会团体;社会团体相关,锦江区,104.098806,30.60825
皇经社区社会捐助接收工作点,government,政府机构及社会团体;社会团体;慈善机构,锦江区,104.102111,30.603113
成都市锦江区成龙街道非公有制企业社会组织党委皇经社区工作服务站,government,政府机构及社会团体;政府机关;乡镇以下级政府及事业单位|政府机构及社会团体;社会团体;社会团体相关,锦江区,104.102111,30.603113
成龙路辖区治安执勤点,government,政府机构及社会团体;公检法机构;公安警察,锦江区,104.095849,30.603304
成龙派出所皇经警务室,government,政府机构及社会团体;公检法机构;公安警察,锦江区,104.102136,30.602996
金象花园社区委员会,government,政府机构及社会团体;政府机关;乡镇以下级政府及事业单位,锦江区,104.096224,30.60881
园林式社区,government,政府机构及社会团体;社会团体;社会团体相关,锦江区,104.102015,30.603051
中国舞蹈理事会,government,政府机构及社会团体;社会团体;社会团体相关,锦江区,104.09684,30.602553
皇经社区居委会,government,政府机构及社会团体;政府机关;乡镇以下级政府及事业单位,锦江区,104.102111,30.603113
经天社区,government,政府机构及社会团体;政府机关;乡镇以下级政府及事业单位,锦江区,104.10171,30.59956
琉璃场城中村拆迁办公室,government,政府机构及社会团体;政府及社会团体相关;政府及社会团体相关,锦江区,104.095191,30.601367
成都市东区医院工会委员会,government,政府机构及社会团体;社会团体;社会团体相关,锦江区,104.096437,30.605137
皇经社区防范邪教工作站,government,政府机构及社会团体;政府机关;乡镇以下级政府及事业单位,锦江区,104.102111,30.603113
志愿者服务站,government,政府机构及社会团体;社会团体;社会团体相关,锦江区,104.102083,30.603004
皇经社区工会联合会,government,政府机构及社会团体;政府机关;乡镇以下级政府及事业单位,锦江区,104.102111,30.603113
皇经社区创业广场管理办公室,government,政府机构及社会团体;社会团体;社会团体相关,锦江区,104.096594,30.60602
金象花园业主大会业主委员会,government,政府机构及社会团体;社会团体;社会团体相关,锦江区,104.096392,30.608752
琉璃一街75号住户管理委员会,government,政府机构及社会团体;政府及社会团体相关;政府及社会团体相关,锦江区,104.094216,30.606826
皇经社区劳动保障工作站,government,政府机构及社会团体;政府机关;乡镇以下级政府及事业单位,锦江区,104.102386,30.603084
晨辉社区公益服务中心,government,政府机构及社会团体;社会团体;慈善机构,锦江区,104.102737,30.607329
成都市锦江区残疾人协会肢残协会骑游队,government,政府机构及社会团体;政府及社会团体相关;政府及社会团体相关,锦江区,104.101691,30.609103
皇经社区人民调解委员会,government,政府机构及社会团体;政府机关;乡镇以下级政府及事业单位,锦江区,104.102111,30.603113
中共成龙路街道皇经社区委员会,government,政府机构及社会团体;政府机关;乡镇以下级政府及事业单位,锦江区,104.102111,30.603113
中共成都市东区医院支部委员会,government,政府机构及社会团体;社会团体;社会团体相关,锦江区,104.096437,30.605137
成龙街道皇经社区纪律检查委员会,government,政府机构及社会团体;政府机关;乡镇以下级政府及事业单位,锦江区,104.102111,30.603113
柳江社区居委会(琉璃三街),government,政府机构及社会团体;政府机关;乡镇以下级政府及事业单位,锦江区,104.095193,30.601372
成龙路街道皇经社区党建促进会,government,政府机构及社会团体;社会团体;社会团体相关,锦江区,104.102111,30.603113
中共柳江新居五期联合党支部委员会,government,政府机构及社会团体;政府机关;乡镇以下级政府及事业单位,锦江区,104.09403,30.606728
成龙路街道办事处皇经社区人大工作室,government,政府机构及社会团体;政府机关;乡镇以下级政府及事业单位,锦江区,104.102111,30.603113
皇经社区社区残疾人协会,government,政府机构及社会团体;社会团体;残联,锦江区,104.102111,30.603113
锦江成龙街道皇经社区残疾人协会,government,政府机构及社会团体;社会团体;残联,锦江区,104.102029,30.602904
柳江派出所柳江社区警务室,government,政府机构及社会团体;公检法机构;社会治安机构,锦江区,104.095193,30.601372
中共柳江街道柳江社区委员会,government,政府机构及社会团体;政府机关;乡镇以下级政府及事业单位,锦江区,104.095193,30.601373
鹃兴路郫县非机动车管理所,government,政府机构及社会团体;政府及社会团体相关;政府及社会团体相关,锦江区,104.094034,30.606705
成龙派出所特业办公室,government,政府机构及社会团体;公检法机构;公安警察,锦江区,104.105536,30.60483
经天社区党建促进会,government,政府机构及社会团体;社会团体;社会团体相关,锦江区,104.103821,30.599664
经天社区居委会,government,政府机构及社会团体;政府机关;乡镇以下级政府及事业单位,锦江区,104.103821,30.599664
桦林养老助残中心,government,政府机构及社会团体;社会团体;慈善机构,锦江区,104.104675,30.605796
金像寺社区居委会,government,政府机构及社会团体;政府机关;乡镇以下级政府及事业单位,锦江区,104.112488,30.601888
成龙路街道办事处皇经楼社区居委会,government,政府机构及社会团体;政府及社会团体相关;政府及社会团体相关,锦江区,104.107162,30.60388
成都市锦江区人民政府,government,政府机构及社会团体;政府机关;区县级政府及事业单位,锦江区,104.114487,30.600588
锦江区机关事务管理局,government,政府机构及社会团体;政府机关;区县级政府及事业单位,锦江区,104.114816,30.60055
锦江区编办,government,政府机构及社会团体;政府及社会团体相关;政府及社会团体相关,锦江区,104.114816,30.60055
锦江区委组织部,government,政府机构及社会团体;政府机关;区县级政府及事业单位,锦江区,104.115352,30.600269
中共成都市锦江区委员会,government,政府机构及社会团体;政府机关;区县级政府及事业单位,锦江区,104.114487,30.600588
锦江区审计局,government,政府机构及社会团体;政府机关;区县级政府及事业单位,锦江区,104.114816,30.60055
锦江区信访局,government,政府机构及社会团体;政府机关;区县级政府及事业单位,锦江区,104.114069,30.600501
锦江区信访接待中心,government,政府机构及社会团体;政府机关;区县级政府及事业单位,锦江区,104.114056,30.600718
狮子山农贸市场办公室,government,政府机构及社会团体;社会团体;社会团体相关,锦江区,104.117283,30.608858
校园广场微型消防总队,government,政府机构及社会团体;政府及社会团体相关;政府及社会团体相关,锦江区,104.11684,30.608944
锦江区政法委,government,政府机构及社会团体;政府机关;政府机关相关,锦江区,104.114816,30.60055
锦江区宣传部,government,政府机构及社会团体;政府机关;政府机关相关,锦江区,104.114816,30.60055
成龙路派出所成都三中校园警务室,government,政府机构及社会团体;公检法机构;公安警察,锦江区,104.125424,30.606505
成都市环境监测中心站,government,政府机构及社会团体;政府及社会团体相关;政府及社会团体相关,锦江区,104.131371,30.608741
海棠社区居委会,government,政府机构及社会团体;政府机关;乡镇以下级政府及事业单位,锦江区,104.131146,30.603293
工商行政管理,government,政府机构及社会团体;政府机关;区县级政府及事业单位,锦江区,104.141188,30.600084
成都市志愿者服务活动中心,government,政府机构及社会团体;社会团体;社会团体相关|生活服务;生活服务场所;生活服务场所,锦江区,104.137249,30.606821
成都云公益发展促进会(百日红西路),government,政府机构及社会团体;社会团体;社会团体相关,锦江区,104.137501,30.606682
成都市锦江工商局三圣工商所,government,政府机构及社会团体;工商税务机构;工商部门,锦江区,104.140845,30.599565
金花派出所马家河警务室,government,政府机构及社会团体;公检法机构;公安警察,武侯区,103.970471,30.590289
马家河村工会联合会,government,政府机构及社会团体;社会团体;社会团体相关,武侯区,103.970393,30.590551
马家河社区居民议事会,government,政府机构及社会团体;社会团体;社会团体相关,武侯区,103.970392,30.590551
簇桥街道马家河新型社区建设办公室,government,政府机构及社会团体;政府机关;乡镇以下级政府及事业单位,武侯区,103.972973,30.591794
马家河社区,government,政府机构及社会团体;政府机关;乡镇以下级政府及事业单位,武侯区,103.970501,30.590505
马家河村综合服务管理站,government,政府机构及社会团体;政府机关;乡镇以下级政府及事业单位,武侯区,103.970393,30.590547
簇桥街道凉水井环境整治管理办公室,government,政府机构及社会团体;政府机关;乡镇级政府及事业单位,武侯区,103.972973,30.591794
中共马家河社区总支部委员会,government,政府机构及社会团体;政府机关;乡镇以下级政府及事业单位,武侯区,103.970392,30.590548
马家河社区居委会(簇马路三段),government,政府机构及社会团体;政府机关;乡镇以下级政府及事业单位,武侯区,103.970393,30.590552
中国西部鞋都B区综合整治建设办公室,government,政府机构及社会团体;政府机关;政府机关相关,武侯区,103.972973,30.591794
簇桥街道马家河环境整治管理办公室,government,政府机构及社会团体;政府机关;乡镇级政府及事业单位,武侯区,103.972974,30.591794
簇桥街道新苗环境整治管理办公室,government,政府机构及社会团体;政府机关;乡镇级政府及事业单位,武侯区,103.972973,30.591794
金花派出所(簇马路二段),government,政府机构及社会团体;公检法机构;公安警察,武侯区,103.976171,30.593704
环城生态带起步区拆迁办公室,government,政府机构及社会团体;政府机关;政府机关相关,武侯区,103.987041,30.592274
新苗新居管理委员会,government,政府机构及社会团体;政府机关;乡镇以下级政府及事业单位,武侯区,103.98399,30.598197
中国铁建电气化局成都地铁10号线项目部,government,政府机构及社会团体;政府机关;国家级机关及事业单位,武侯区,103.987127,30.592398
簇桥乡文昌保卫委员会,government,政府机构及社会团体;政府机关;乡镇级政府及事业单位,武侯区,103.999894,30.589844
金花派出所文昌村警务室,government,政府机构及社会团体;公检法机构;公安警察,武侯区,103.999854,30.589926
文昌社区居委会(文昌路),government,政府机构及社会团体;政府机关;乡镇以下级政府及事业单位,武侯区,104.000002,30.589874
沈家桥村村委会,government,政府机构及社会团体;政府机关;乡镇以下级政府及事业单位,武侯区,104.003517,30.597925
文昌村村民议事会,government,政府机构及社会团体;政府机关;乡镇以下级政府及事业单位,武侯区,103.999888,30.589882
中共沈家桥村总支部委员会,government,政府机构及社会团体;政府机关;乡镇以下级政府及事业单位,武侯区,104.003484,30.597826
文昌社区工会联合会,government,政府机构及社会团体;政府机关;乡镇级政府及事业单位,武侯区,103.999749,30.589901
文昌村村委会,government,政府机构及社会团体;政府机关;乡镇以下级政府及事业单位,武侯区,103.999819,30.589905
沈家桥村村民议事会,government,政府机构及社会团体;社会团体;社会团体相关,武侯区,104.003517,30.597925
中共沈家桥村纪律检查委员会,government,政府机构及社会团体;政府机关;乡镇以下级政府及事业单位,武侯区,104.003517,30.597925
文昌社区居民议事会,government,政府机构及社会团体;社会团体;社会团体相关,武侯区,103.999894,30.589844
中共文昌社区总支部委员会(文昌路),government,政府机构及社会团体;政府机关;乡镇以下级政府及事业单位,武侯区,104.000002,30.589874
成都市山水画会,government,政府机构及社会团体;社会团体;行业协会,武侯区,104.004244,30.590365
成都市工笔画会,government,政府机构及社会团体;社会团体;行业协会,武侯区,104.004247,30.590361
成都市花鸟画会,government,政府机构及社会团体;社会团体;行业协会,武侯区,104.004247,30.590361
成都市人物画会,government,政府机构及社会团体;社会团体;行业协会,武侯区,104.004247,30.590361
四川省美术家协会(华兴三河社区卫生服务站西北),government,政府机构及社会团体;社会团体;行业协会,武侯区,104.004958,30.591409
三河村村民议事会,government,政府机构及社会团体;社会团体;社会团体相关,武侯区,104.009362,30.589568
成都市武侯区美术家协会(武侯大道三河段),government,政府机构及社会团体;社会团体;行业协会,武侯区,104.004247,30.590361
中共三河社区委员会,government,政府机构及社会团体;政府机关;乡镇以下级政府及事业单位,武侯区,104.009364,30.589569
三河社区居委会,government,政府机构及社会团体;政府机关;乡镇以下级政府及事业单位,武侯区,104.009363,30.589568
四川美术学院成都校友联谊协会,government,政府机构及社会团体;社会团体;社会团体相关,武侯区,104.004247,30.590361
气瓶检测站,government,政府机构及社会团体;政府及社会团体相关;政府及社会团体相关,武侯区,104.023209,30.589795
高新区通安机动车检测站,government,政府机构及社会团体;交通车辆管理;验车场,武侯区,104.036561,30.598509
成都高新区机动车检测站,government,政府机构及社会团体;交通车辆管理;验车场,武侯区,104.037192,30.599131
成都机动车检测业协会,government,政府机构及社会团体;社会团体;行业协会,武侯区,104.036178,30.598067
成都南江商会,government,政府机构及社会团体;社会团体;行业协会,武侯区,104.036178,30.598067
成都高新区石羊街道办事处仁和村村民委员会,government,政府机构及社会团体;政府机关;乡镇以下级政府及事业单位,武侯区,104.034802,30.589789
成都高新区机动车检测站,government,政府机构及社会团体;交通车辆管理;验车场,武侯区,104.036276,30.598329
新园社区居民委员会,government,政府机构及社会团体;政府机关;乡镇以下级政府及事业单位,武侯区,104.039503,30.593024
成都市高新工商局石羊工商所,government,政府机构及社会团体;工商税务机构;工商部门,武侯区,104.047901,30.599337
成都市粮食局武侯分局,government,政府机构及社会团体;政府机关;政府机关相关,武侯区,104.052588,30.590336
成都金融服务外包协会,government,政府机构及社会团体;政府及社会团体相关;政府及社会团体相关,武侯区,104.052665,30.589798
工商行政管理,government,政府机构及社会团体;政府及社会团体相关;政府及社会团体相关,武侯区,104.04769,30.599344
高新区人民检察院检察工作点,government,政府机构及社会团体;政府及社会团体相关;政府及社会团体相关,武侯区,104.04769,30.599344
成都市冶金新兴产业行业协会,government,政府机构及社会团体;社会团体;行业协会,武侯区,104.052588,30.590336
成都高新区建设工程担保行业协会,government,政府机构及社会团体;社会团体;行业协会,武侯区,104.052588,30.590336
成都科技企业孵化器协会,government,政府机构及社会团体;社会团体;社会团体相关,武侯区,104.052568,30.59032
府城社区,government,政府机构及社会团体;政府机关;乡镇以下级政府及事业单位,武侯区,104.052599,30.597611
石羊街道流动人口服务与管理工作站,government,政府机构及社会团体;公检法机构;社会治安机构,武侯区,104.052268,30.597576
高新地税一分局,government,政府机构及社会团体;工商税务机构;地税机关,武侯区,104.052329,30.590323
成都市政府机关办公室,government,政府机构及社会团体;政府机关;地市级政府及事业单位,武侯区,104.060288,30.590176
成都市政府服务中心国土资源分中心,government,政府机构及社会团体;政府机关;政府机关相关,武侯区,104.060112,30.589444
成都市人大常委会,government,政府机构及社会团体;政府机关;地市级政府及事业单位,武侯区,104.062484,30.589434
成都高新技术产业开发区人民法院,government,政府机构及社会团体;公检法机构;法院,武侯区,104.062988,30.597532
成都市交通委员会,government,政府机构及社会团体;政府机关;地市级政府及事业单位,武侯区,104.060482,30.589867
成都高新区政务服务中心,government,政府机构及社会团体;政府机关;区县级政府及事业单位,武侯区,104.063118,30.594459
成都高新技术产业开发区人民检察院,government,政府机构及社会团体;公检法机构;检察院,武侯区,104.062404,30.598418
成都高新技术产业开发区管理委员会(天韵路),government,政府机构及社会团体;政府机关;区县级政府及事业单位,武侯区,104.063044,30.594482
成都市市级机关第六办公区,government,政府机构及社会团体;政府机关;政府机关相关,武侯区,104.06061,30.590354
四川省注册会计师协会,government,政府机构及社会团体;社会团体;行业协会,武侯区,104.060838,30.598477
成都高新区人民检察控告申诉接待室举报中心,government,政府机构及社会团体;公检法机构;检察院,武侯区,104.06253,30.598464
四川省财政厅注册会计师考试委员会,government,政府机构及社会团体;社会团体;社会团体相关,武侯区,104.060838,30.598477
中共四川省注册会计师行业委员会,government,政府机构及社会团体;社会团体;行业协会,武侯区,104.060838,30.598477
俪欧逆龄皮肤管理中心,government,政府机构及社会团体;政府及社会团体相关;政府及社会团体相关,武侯区,104.057876,30.592623
中航工业四川航空工业局,government,政府机构及社会团体;政府机关;政府机关相关,武侯区,104.062637,30.593209
成都市物流协会,government,政府机构及社会团体;政府及社会团体相关;政府及社会团体相关,武侯区,104.062887,30.595371
成都市城南地区交通运输管理所,government,政府机构及社会团体;政府及社会团体相关;政府及社会团体相关,武侯区,104.059958,30.590217
成都市交通运输委员会公路处,government,政府机构及社会团体;政府及社会团体相关;政府及社会团体相关,武侯区,104.060181,30.590446
北京大学四川校友会,government,政府机构及社会团体;政府及社会团体相关;政府及社会团体相关,武侯区,104.062637,30.593209
乐至县成都商会,government,政府机构及社会团体;政府及社会团体相关;政府及社会团体相关,武侯区,104.062637,30.593209
中共成都高新技术产业开发区工作委员会(天韵路),government,政府机构及社会团体;政府机关;政府机关相关,武侯区,104.063129,30.594457
成都高新技术产业开发区人民法院信访接待,government,政府机构及社会团体;公检法机构;法院,武侯区,104.063118,30.597304
成都高新技术产业开发区国家税务局稽查局,government,政府机构及社会团体;工商税务机构;国税机关,武侯区,104.060722,30.598589
成都高新区会计学会,government,政府机构及社会团体;社会团体;行业协会,武侯区,104.063136,30.596338
中国生命促进会成都办事处,government,政府机构及社会团体;社会团体;社会团体相关,武侯区,104.060838,30.598478
共青团四川省注册会计师行业委员会,government,政府机构及社会团体;社会团体;共青团,武侯区,104.060838,30.598477
成都市交通运输行政执法总队,government,政府机构及社会团体;政府及社会团体相关;政府及社会团体相关,武侯区,104.059928,30.590291
成都市预拌砂浆协会,government,政府机构及社会团体;政府及社会团体相关;政府及社会团体相关,武侯区,104.061126,30.591671
高新区城市管理执法局,government,政府机构及社会团体;政府及社会团体相关;政府及社会团体相关,武侯区,104.063039,30.594614
高新法院审监庭,government,政府机构及社会团体;政府及社会团体相关;政府及社会团体相关,武侯区,104.062988,30.597532
党工委管委会,government,政府机构及社会团体;政府及社会团体相关;政府及社会团体相关,武侯区,104.063084,30.594512
干塘村派出所,government,政府机构及社会团体;公检法机构;公安警察,武侯区,104.061144,30.591732
高新区社会事业局,government,政府机构及社会团体;政府机关;政府机关相关,武侯区,104.063546,30.594577
高新区人事劳动和社会保障局,government,政府机构及社会团体;政府机关;区县级政府及事业单位,武侯区,104.063546,30.594571
成都市社会组织发展促进中心,government,政府机构及社会团体;政府机关;政府机关相关,武侯区,104.064071,30.593137
高新区审计局,government,政府机构及社会团体;政府机关;区县级政府及事业单位,武侯区,104.063578,30.594563
高新区工商局,government,政府机构及社会团体;工商税务机构;工商部门,武侯区,104.063546,30.594571
高新区科技局,government,政府机构及社会团体;政府机关;区县级政府及事业单位,武侯区,104.063546,30.594577
高新区国税局,government,政府机构及社会团体;工商税务机构;国税机关,武侯区,104.063545,30.594571
成都高新区规划建设局,government,政府机构及社会团体;政府及社会团体相关;政府及社会团体相关,武侯区,104.063546,30.594577
成都海关,government,政府机构及社会团体;政府机关;地市级政府及事业单位,武侯区,104.066618,30.596066
高新区质监分局,government,政府机构及社会团体;政府及社会团体相关;政府及社会团体相关,武侯区,104.063546,30.594577
成都仲裁委员会,government,政府机构及社会团体;政府机关;地市级政府及事业单位,武侯区,104.067855,30.595471
成都高新技区发展策划局,government,政府机构及社会团体;政府机关;乡镇级政府及事业单位,武侯区,104.063545,30.594571
成都市国土资源局高新分局办证中心,government,政府机构及社会团体;政府及社会团体相关;政府及社会团体相关,武侯区,104.063543,30.594572
四川金融资产交易所,government,政府机构及社会团体;政府机关;省直辖市级政府及事业单位,武侯区,104.066196,30.593815
高新区食品药品监督管理局,government,政府机构及社会团体;政府机关;区县级政府及事业单位,武侯区,104.063618,30.594644
高新区财政局,government,政府机构及社会团体;政府机关;区县级政府及事业单位,武侯区,104.063546,30.594577
西南联合产权交易所,government,政府机构及社会团体;政府及社会团体相关;政府及社会团体相关,武侯区,104.066196,30.593815
成都高新区投资服务局,government,政府机构及社会团体;政府及社会团体相关;政府及社会团体相关,武侯区,104.063546,30.594571
成都高新区工委组织部,government,政府机构及社会团体;政府及社会团体相关;政府及社会团体相关,武侯区,104.063545,30.594578
高新区地税局,government,政府机构及社会团体;工商税务机构;地税机关,武侯区,104.063546,30.594571
四川联合环境交易所,government,政府机构及社会团体;政府及社会团体相关;政府及社会团体相关,武侯区,104.066242,30.593974
高新区经贸发展局,government,政府机构及社会团体;政府及社会团体相关;政府及社会团体相关,武侯区,104.063545,30.594578
规划发展处,government,政府机构及社会团体;政府及社会团体相关;政府及社会团体相关,武侯区,104.066916,30.593976
成都高新区人大工作联络处,government,政府机构及社会团体;政府及社会团体相关;政府及社会团体相关,武侯区,104.063545,30.594578
hse监督中心,government,政府机构及社会团体;政府及社会团体相关;政府及社会团体相关,武侯区,104.064741,30.596481
图兰多管理处,government,政府机构及社会团体;政府及社会团体相关;政府及社会团体相关,武侯区,104.069413,30.596522
成都高新区政协工作联络处,government,政府机构及社会团体;政府及社会团体相关;政府及社会团体相关,武侯区,104.063545,30.594578
天津市驻西部异地商会联合会,government,政府机构及社会团体;政府及社会团体相关;政府及社会团体相关,武侯区,104.068187,30.594062
高新区城市管理和环保局,government,政府机构及社会团体;政府机关;区县级政府及事业单位,武侯区,104.063546,30.594571
成都市公安消防支队,government,政府机构及社会团体;公检法机构;消防机关,武侯区,104.069603,30.590776
成都市公安消防支队战勤保障大队,government,政府机构及社会团体;公检法机构;消防机关,武侯区,104.068747,30.590783
成都高新技术产业开发区管理委员会,government,政府机构及社会团体;社会团体;社会团体相关,武侯区,104.064334,30.594104
中共成都高新技术产业开发区工作委员会,government,政府机构及社会团体;社会团体;社会团体相关,武侯区,104.064334,30.594104
高新管委会规划局,government,政府机构及社会团体;政府及社会团体相关;政府及社会团体相关,武侯区,104.063711,30.595024
成都海关监管通关处,government,政府机构及社会团体;政府及社会团体相关;政府及社会团体相关,武侯区,104.066521,30.596113
南通市政府驻西南办事处,government,政府机构及社会团体;政府机关;外地政府办,锦江区,104.082239,30.591381
四川省工业合作联社,government,政府机构及社会团体;政府及社会团体相关;政府及社会团体相关,锦江区,104.081869,30.592799
成都工商联南通商会,government,政府机构及社会团体;政府及社会团体相关;政府及社会团体相关,锦江区,104.082239,30.591381
成都文化产权交易所,government,政府机构及社会团体;政府及社会团体相关;政府及社会团体相关,锦江区,104.082516,30.58971
成都市市政工程设计研究院规划所,government,政府机构及社会团体;政府及社会团体相关;政府及社会团体相关,锦江区,104.083146,30.594408
成都森林大队,government,政府机构及社会团体;政府机关;地市级政府及事业单位,锦江区,104.080476,30.589417
南安全监督站,government,政府机构及社会团体;政府及社会团体相关;政府及社会团体相关,锦江区,104.082289,30.59196
成都市政院2所,government,政府机构及社会团体;政府及社会团体相关;政府及社会团体相关,锦江区,104.082503,30.594952
四川省电子商务协会,government,政府机构及社会团体;社会团体;行业协会,锦江区,104.091407,30.595236
锦江区创意产业商务区管理委员会,government,政府机构及社会团体;政府机关;政府机关相关,锦江区,104.088986,30.591984
四川鼎诚司法鉴定所,government,政府机构及社会团体;公检法机构;公证鉴定机构,锦江区,104.08461,30.590783
四川省巴蜀画派促进会,government,政府机构及社会团体;政府及社会团体相关;政府及社会团体相关,锦江区,104.092342,30.594855
人才发展促进会,government,政府机构及社会团体;政府及社会团体相关;政府及社会团体相关,锦江区,104.090793,30.594828
创意产业商务区管委会,government,政府机构及社会团体;政府及社会团体相关;政府及社会团体相关,锦江区,104.08682,30.591409
川商总会,government,政府机构及社会团体;政府及社会团体相关;政府及社会团体相关,锦江区,104.087766,30.594233
四川省生物医药检测平台,government,政府机构及社会团体;政府及社会团体相关;政府及社会团体相关,锦江区,104.084523,30.590719
成都邮区中心局报刊封发分局,government,政府机构及社会团体;政府机关;政府机关相关,锦江区,104.084377,30.593759
锦江区现代节能环保服务业园区管理委员会,government,政府机构及社会团体;政府机关;政府机关相关,锦江区,104.088986,30.591984
锦江区监察局派驻区创意产业商务区管委会监察室,government,政府机构及社会团体;政府机关;政府机关相关,锦江区,104.088986,30.591984
中共锦江区纪委派驻区创意产业商务区管委会纪律检查工作委员会,government,政府机构及社会团体;政府机关;政府机关相关,锦江区,104.088986,30.591984
中共锦江区创意产业商务区工作委员会,government,政府机构及社会团体;政府机关;政府机关相关,锦江区,104.088986,30.591984
锦江消防,government,政府机构及社会团体;公检法机构;消防机关,锦江区,104.089905,30.593289
锦江区成龙路派出所,government,政府机构及社会团体;公检法机构;公安警察,锦江区,104.103313,30.590689
锦江区成龙辖区综治巡逻大队,government,政府机构及社会团体;公检法机构;公安警察,锦江区,104.103211,30.590707
锦江区人力资源市场联合工会,government,政府机构及社会团体;社会团体;社会团体相关,锦江区,104.101233,30.596678
柳江街道太极拳协会,government,政府机构及社会团体;社会团体;行业协会,锦江区,104.094377,30.590945
中共锦江区纪委派驻区统筹局纪检组,government,政府机构及社会团体;政府机关;区县级政府及事业单位,锦江区,104.099145,30.59127
柳江街道办事处(柳荫路),government,政府机构及社会团体;政府机关;乡镇级政府及事业单位,锦江区,104.099142,30.591268
锦江区社保局,government,政府机构及社会团体;政府及社会团体相关;政府及社会团体相关,锦江区,104.100953,30.597079
成都市锦江区统筹城乡工作局,government,政府机构及社会团体;政府机关;区县级政府及事业单位,锦江区,104.09907,30.591285
锦江区柳江街道老年协会,government,政府机构及社会团体;社会团体;社会团体相关,锦江区,104.094377,30.590945
中共柳江街道工作委员会(柳荫路),government,政府机构及社会团体;政府机关;乡镇级政府及事业单位,锦江区,104.099147,30.591267
锦江区监察局派出柳江街道办事处监察室,government,政府机构及社会团体;政府机关;乡镇级政府及事业单位,锦江区,104.099142,30.591269
锦江区政协柳江街道工作委员会(柳荫路),government,政府机构及社会团体;政府机关;乡镇级政府及事业单位,锦江区,104.099144,30.591264
棬子树辖区外来流动人口办公点,government,政府机构及社会团体;政府及社会团体相关;政府及社会团体相关,锦江区,104.101115,30.595025
棬子树村公共卫生委员会,government,政府机构及社会团体;政府机关;乡镇以下级政府及事业单位,锦江区,104.095191,30.591679
中共锦江区纪委派出柳江街道纪律检查工作委员会,government,政府机构及社会团体;政府机关;乡镇级政府及事业单位,锦江区,104.099139,30.591267
锦馨社区居委会,government,政府机构及社会团体;政府机关;乡镇以下级政府及事业单位,锦江区,104.093982,30.591008
中共锦馨社区委员会,government,政府机构及社会团体;政府机关;乡镇以下级政府及事业单位,锦江区,104.093981,30.591008
锦江区成龙路派出所辅警大队,government,政府机构及社会团体;公检法机构;公检法机关,锦江区,104.103228,30.590745
成都市公安局锦江区分局刑警大队,government,政府机构及社会团体;公检法机构;公安警察,锦江区,104.105929,30.592472
成都市锦江区人民法院执行工作局,government,政府机构及社会团体;公检法机构;法院,锦江区,104.106283,30.59249
成都市锦江区人民法院三圣人民法庭,government,政府机构及社会团体;公检法机构;法院,锦江区,104.106283,30.59249
锦泰集团机动车登记服务站,government,政府机构及社会团体;交通车辆管理;车辆管理机构,锦江区,104.113181,30.596483
锦江区教师进修学校校园警务室,government,政府机构及社会团体;公检法机构;公安警察,锦江区,104.105066,30.592456
棬子树社区居委会,government,政府机构及社会团体;政府机关;乡镇以下级政府及事业单位,锦江区,104.104951,30.596101
棬子树社区委员会,government,政府机构及社会团体;政府机关;乡镇以下级政府及事业单位,锦江区,104.10495,30.596099
锦泰机动车检测站,government,政府机构及社会团体;交通车辆管理;验车场,锦江区,104.113181,30.596483
华新村治保会巡逻队,government,政府机构及社会团体;公检法机构;社会治安机构,锦江区,104.122538,30.599102
华新村劳动保障站,government,政府机构及社会团体;政府机关;乡镇以下级政府及事业单位,锦江区,104.122538,30.599102
成都市锦江区成龙路街道办事处华新社区居委会,government,政府机构及社会团体;政府机关;乡镇以下级政府及事业单位,锦江区,104.122332,30.599097
中共华新村支部委员会(琉一路),government,政府机构及社会团体;政府机关;乡镇以下级政府及事业单位,锦江区,104.122538,30.599102
成龙路派出所,government,政府机构及社会团体;公检法机构;公安警察,锦江区,104.129613,30.593878
锦江区三圣乡幸福村治保委员会,government,政府机构及社会团体;公检法机构;社会治安机构,锦江区,104.12785,30.591066
村规民约监督岗,government,政府机构及社会团体;政府机关;乡镇以下级政府及事业单位,锦江区,104.127997,30.5912
三圣派出所外来人口管理服务站(幸福村),government,政府机构及社会团体;公检法机构;公安警察,锦江区,104.127992,30.5912
三圣乡幸福村人民调解委员会,government,政府机构及社会团体;政府机关;乡镇以下级政府及事业单位,锦江区,104.12785,30.591064
幸福社区居民议事会,government,政府机构及社会团体;社会团体;社会团体相关,锦江区,104.127516,30.590227
幸福村劳动保障站,government,政府机构及社会团体;政府机关;乡镇以下级政府及事业单位,锦江区,104.127748,30.591106
华新村村民委员会,government,政府机构及社会团体;政府机关;乡镇以下级政府及事业单位,锦江区,104.123719,30.598882
中共回马镇驻成都流动党员支部委员会,government,政府机构及社会团体;政府机关;乡镇级政府及事业单位,锦江区,104.132254,30.590007
锦江区三圣乡幸福村村民委员会,government,政府机构及社会团体;政府机关;乡镇以下级政府及事业单位,锦江区,104.127992,30.591198
华新社区居委会(烟厂A线),government,政府机构及社会团体;政府机关;乡镇以下级政府及事业单位,锦江区,104.123732,30.59889
中共幸福社区纪律检查委员会,government,政府机构及社会团体;政府机关;乡镇以下级政府及事业单位,锦江区,104.127515,30.590227
中共华新社区委员会(琉一路),government,政府机构及社会团体;政府机关;乡镇以下级政府及事业单位,锦江区,104.123731,30.598889
中共幸福社区委员会(锦江大道),government,政府机构及社会团体;政府机关;乡镇以下级政府及事业单位,锦江区,104.127516,30.590227
西藏自治区生态建设环境保护基金会(探梅路),government,政府机构及社会团体;社会团体;慈善机构,锦江区,104.129159,30.590323
成都市锦江区新艺残疾人关爱中心,government,政府机构及社会团体;社会团体;慈善机构,锦江区,104.13024,30.595011
幸福村梅花种植协会,government,政府机构及社会团体;社会团体;社会团体相关,锦江区,104.127997,30.5912
三圣派出所出租房屋管理服务站(幸福村),government,政府机构及社会团体;公检法机构;公安警察,锦江区,104.127998,30.591199
幸福村餐饮企业协会,government,政府机构及社会团体;社会团体;社会团体相关,锦江区,104.127998,30.591199
中共幸福村支部委员会(锦江大道),government,政府机构及社会团体;政府机关;乡镇以下级政府及事业单位,锦江区,104.127997,30.591199
幸福社区治保巡逻大队中队执勤点,government,政府机构及社会团体;公检法机构;社会治安机构,锦江区,104.127998,30.591199
三圣乡人民政府,government,政府机构及社会团体;政府机关;乡镇级政府及事业单位,锦江区,104.139665,30.591457
中共三圣街道社会组织委员会,government,政府机构及社会团体;政府机关;乡镇级政府及事业单位,锦江区,104.140117,30.591939
三圣街道办事处(成龙大道西段),government,政府机构及社会团体;政府机关;乡镇级政府及事业单位,锦江区,104.140118,30.59194
成都市锦江区地方税务局第九税务所,government,政府机构及社会团体;工商税务机构;地税机关,锦江区,104.140501,30.591717
三圣派出所(喜树街),government,政府机构及社会团体;公检法机构;公安警察,锦江区,104.139173,30.59079
成都三圣花乡景区管理局,government,政府机构及社会团体;政府机关;政府机关相关,锦江区,104.140117,30.591939
中共成都市锦江区三圣乡委员会,government,政府机构及社会团体;政府机关;乡镇级政府及事业单位,锦江区,104.139566,30.591507
三圣街道栀子街社区党委,government,政府机构及社会团体;政府及社会团体相关;政府及社会团体相关,锦江区,104.138996,30.595837
中共三圣街道非公有制企业委员会,government,政府机构及社会团体;政府机关;乡镇级政府及事业单位,锦江区,104.140117,30.591939
锦江区监察局派出三圣街道办事处监察室,government,政府机构及社会团体;政府机关;乡镇级政府及事业单位,锦江区,104.140117,30.591939
锦江区政协三圣街道工作委员会,government,政府机构及社会团体;政府机关;乡镇级政府及事业单位,锦江区,104.140118,30.59194
喜树路社区志愿服务站,government,政府机构及社会团体;社会团体;慈善机构,锦江区,104.139176,30.59584
锦江区三圣街道办事处栀子街社区志愿服务站,government,政府机构及社会团体;政府机关;乡镇级政府及事业单位,锦江区,104.138968,30.595837
政协成都市锦江区委员会三圣街道工作委员会,government,政府机构及社会团体;政府机关;乡镇级政府及事业单位,锦江区,104.140109,30.592237
中共锦江区纪委派出三圣街道纪律检查工作委员会,government,政府机构及社会团体;政府机关;乡镇级政府及事业单位,锦江区,104.140118,30.591939
中共成都市锦江区三圣街道喜树路社区党委,government,政府机构及社会团体;政府及社会团体相关;政府及社会团体相关,锦江区,104.139142,30.595719
环境保护部西南环境保护督查中心,government,政府机构及社会团体;政府机关;政府机关相关,锦江区,104.143209,30.589506
成都市规划执法监督局驻三圣花乡景区工作站,government,政府机构及社会团体;政府机关;政府机关相关,锦江区,104.140019,30.591766
栀子街社区爱心驿站,government,政府机构及社会团体;社会团体;慈善机构,锦江区,104.135854,30.594634
中共成都市锦江区三圣街道栀子街社区纪律检查委员会,government,政府机构及社会团体;政府机关;乡镇以下级政府及事业单位,锦江区,104.138976,30.595832
中共三圣街道工作委员会,government,政府机构及社会团体;政府机关;乡镇级政府及事业单位,锦江区,104.140118,30.59194
和质量监管所,government,政府机构及社会团体;政府及社会团体相关;政府及社会团体相关,锦江区,104.140118,30.59194
锦江区政协,government,政府机构及社会团体;政府机关;区县级政府及事业单位,锦江区,104.139395,30.591474
西藏自治区高级人民法院巡审协调处,government,政府机构及社会团体;公检法机构;法院,锦江区,104.148292,30.590222
西藏高法巡审处,government,政府机构及社会团体;政府及社会团体相关;政府及社会团体相关,锦江区,104.148325,30.59003
江安河郊野公园管理办公室,government,政府机构及社会团体;政府机关;政府机关相关,武侯区,103.965012,30.589149
成都市武侯区金花桥街道凉水井村四组,government,政府机构及社会团体;政府及社会团体相关;政府及社会团体相关,武侯区,103.968338,30.587483
中国西部鞋部工业园B区管理委员会,government,政府机构及社会团体;政府机关;政府机关相关,武侯区,103.973471,30.586146
凉井社区居委会(凉港路),government,政府机构及社会团体;政府机关;乡镇以下级政府及事业单位,武侯区,103.978305,30.587426
凉水井村警务室,government,政府机构及社会团体;公检法机构;社会治安机构,武侯区,103.978407,30.58733
凉水井村村民议事会,government,政府机构及社会团体;政府及社会团体相关;政府及社会团体相关,武侯区,103.978315,30.587437
簇桥派出所鞋都B区警务室,government,政府机构及社会团体;公检法机构;社会治安机构,武侯区,103.974306,30.587275
凉水井村村委会,government,政府机构及社会团体;政府机关;乡镇以下级政府及事业单位,武侯区,103.978287,30.587332
金花桥街道凉水井村工会联合会,government,政府机构及社会团体;社会团体;社会团体相关,武侯区,103.978305,30.587426
金花桥街道凉井社区居民议事会,government,政府机构及社会团体;社会团体;社会团体相关,武侯区,103.978305,30.587426
中共金花桥街道凉井社区委员会,government,政府机构及社会团体;政府机关;乡镇以下级政府及事业单位,武侯区,103.978305,30.587426
中共凉水井村党总支部委员会,government,政府机构及社会团体;政府机关;乡镇以下级政府及事业单位,武侯区,103.978305,30.587426
四川省美术家协会创作基地,government,政府机构及社会团体;政府及社会团体相关;政府及社会团体相关,武侯区,103.984798,30.589124
成都市武侯区美术家协会(艺术村路),government,政府机构及社会团体;社会团体;行业协会,武侯区,103.984926,30.589139
中共成都圣雨兰制衣有限公司支部,government,政府机构及社会团体;社会团体;社会团体相关,武侯区,103.998812,30.584508
成都圣雨兰制衣有限公司工会委员会,government,政府机构及社会团体;社会团体;社会团体相关,武侯区,103.998751,30.58446
华兴派出所三河社区警务室,government,政府机构及社会团体;公检法机构;公安警察,武侯区,104.009464,30.589272
公安局,government,政府机构及社会团体;公检法机构;公安警察,武侯区,104.009375,30.589293
成都市特种设备检验院,government,政府机构及社会团体;公检法机构;公证鉴定机构,武侯区,104.02077,30.58916
成都市高新快处中心,government,政府机构及社会团体;交通车辆管理;交通车辆管理相关|政府机构及社会团体;政府机关;政府机关相关,武侯区,104.020264,30.587345
成都市特种设备检验所气瓶检验站,government,政府机构及社会团体;公检法机构;公证鉴定机构,武侯区,104.020724,30.58919
凉山旅游协会驻成都办事处,government,政府机构及社会团体;社会团体;行业协会,武侯区,104.017064,30.586385
石羊派出所三元社区警务室,government,政府机构及社会团体;公检法机构;公安警察,武侯区,104.02727,30.583634
石羊派出所新街社区警务室,government,政府机构及社会团体;公检法机构;公安警察,武侯区,104.030511,30.581631
三元社区人民调解委员会,government,政府机构及社会团体;政府机关;乡镇以下级政府及事业单位,武侯区,104.029329,30.584677
成都市极限运动协会,government,政府机构及社会团体;社会团体;行业协会,武侯区,104.030681,30.580157
石羊街道新街社区工会联合会,government,政府机构及社会团体;社会团体;社会团体相关,武侯区,104.03066,30.581559
石羊街道新街社区计划生育协会,government,政府机构及社会团体;社会团体;行业协会,武侯区,104.03066,30.581559
石羊运业有限责任公司工会委员会,government,政府机构及社会团体;社会团体;社会团体相关,武侯区,104.029415,30.587696
石羊片区治安岗亭,government,政府机构及社会团体;公检法机构;社会治安机构,武侯区,104.027172,30.583925
新街社区居委会(新园大道),government,政府机构及社会团体;政府机关;乡镇以下级政府及事业单位,武侯区,104.03066,30.581558
中共新街社区总支部委员会(新园大道),government,政府机构及社会团体;政府机关;乡镇以下级政府及事业单位,武侯区,104.03066,30.581558
石羊派出所(剑南大道北段),government,政府机构及社会团体;公检法机构;公安警察,武侯区,104.043426,30.580412
成都高新区动检所报检点,government,政府机构及社会团体;政府机关;区县级政府及事业单位,武侯区,104.034044,30.580321
中国动检,government,政府机构及社会团体;政府机关;国家级机关及事业单位,武侯区,104.03394,30.58026
成都高新区动物防疫检疫监督所南区分所,government,政府机构及社会团体;政府机关;区县级政府及事业单位,武侯区,104.034044,30.580321
新南社区办公室,government,政府机构及社会团体;政府及社会团体相关;政府及社会团体相关,武侯区,104.034519,30.581027
新南社区居委会,government,政府机构及社会团体;政府机关;乡镇以下级政府及事业单位,武侯区,104.034519,30.581027
国税办税大厅,government,政府机构及社会团体;工商税务机构;国税机关,武侯区,104.052782,30.58841
成都市中小企业公共服务平台,government,政府机构及社会团体;政府机关;地市级政府及事业单位,武侯区,104.053273,30.5881
新益州治安派出所,government,政府机构及社会团体;公检法机构;公安警察,武侯区,104.047564,30.580409
高新地税服务厅,government,政府机构及社会团体;工商税务机构;地税机关,武侯区,104.052782,30.58841
办税服务厅(入口),government,政府机构及社会团体;工商税务机构;地税机关,武侯区,104.052476,30.588784
成都市信用与担保业协会,government,政府机构及社会团体;社会团体;行业协会,武侯区,104.053273,30.588103
成都市中小企业服务中心(锦晖西二街),government,政府机构及社会团体;政府机关;地市级政府及事业单位,武侯区,104.053273,30.5881
成都市人民政府机关事务管理局,government,政府机构及社会团体;政府机关;地市级政府及事业单位,武侯区,104.062582,30.580523
成都市政府参事室,government,政府机构及社会团体;政府机关;地市级政府及事业单位,武侯区,104.062568,30.579974
成都市政府移民办公室,government,政府机构及社会团体;政府及社会团体相关;政府及社会团体相关,武侯区,104.062568,30.579974
成都市监察局,government,政府机构及社会团体;政府机关;地市级政府及事业单位,武侯区,104.062582,30.580523
成都市人大机关办公区,government,政府机构及社会团体;政府及社会团体相关;政府及社会团体相关,武侯区,104.06252,30.589116
成都市市级机关第四办公区,government,政府机构及社会团体;政府机关;地市级政府及事业单位,武侯区,104.062799,30.580566
成都市政协,government,政府机构及社会团体;政府机关;地市级政府及事业单位,武侯区,104.062539,30.588458
成都市城乡建设委员会,government,政府机构及社会团体;政府机关;区县级政府及事业单位,武侯区,104.060917,30.589097
成都市规划管理局,government,政府机构及社会团体;政府机关;地市级政府及事业单位|交通设施服务;停车场;专用停车场,武侯区,104.060772,30.588975
成都市商务局,government,政府机构及社会团体;政府机关;地市级政府及事业单位,武侯区,104.062568,30.579974
成都市知识产权局,government,政府机构及社会团体;政府机关;地市级政府及事业单位,武侯区,104.062568,30.579974
成都市民族宗教事务局,government,政府机构及社会团体;政府机关;地市级政府及事业单位,武侯区,104.063181,30.5795
成都市科技局,government,政府机构及社会团体;政府机关;政府机关相关,武侯区,104.062568,30.579974
成都市质量技术监督局,government,政府机构及社会团体;政府机关;政府机关相关,武侯区,104.062587,30.580403
四川保监局,government,政府机构及社会团体;政府机关;省直辖市级政府及事业单位,武侯区,104.062286,30.586115
成都市安监局,government,政府机构及社会团体;政府机关;政府机关相关,武侯区,104.062568,30.579974
成都市环保局,government,政府机构及社会团体;政府机关;地市级政府及事业单位,武侯区,104.062673,30.580302
成都市政三处,government,政府机构及社会团体;政府机关;地市级政府及事业单位,武侯区,104.063241,30.588978
成都市城乡建设档案管理处,government,政府机构及社会团体;政府机关;地市级政府及事业单位,武侯区,104.060651,30.589274
成都市规划信息技术中心,government,政府机构及社会团体;政府机关;地市级政府及事业单位,武侯区,104.060857,30.589239
成都市国土局,government,政府机构及社会团体;政府机关;地市级政府及事业单位,武侯区,104.06026,30.589402
成都市委员会,government,政府机构及社会团体;政府机关;地市级政府及事业单位,武侯区,104.062539,30.588458
成都市委老干部局,government,政府机构及社会团体;政府及社会团体相关;政府及社会团体相关,武侯区,104.062568,30.579974
中国银行业监督管理委员会四川监管局(交子北一路),government,政府机构及社会团体;政府机关;省直辖市级政府及事业单位,武侯区,104.062602,30.586136
成都市投资促进委员会,government,政府机构及社会团体;政府机关;地市级政府及事业单位,武侯区,104.062716,30.580931
成都市农业局,government,政府机构及社会团体;政府机关;地市级政府及事业单位,武侯区,104.062558,30.580274
成都公共资源交易中心,government,政府机构及社会团体;政府机关;地市级政府及事业单位,武侯区,104.063455,30.58492
四川省天津商会,government,政府机构及社会团体;政府及社会团体相关;政府及社会团体相关,武侯区,104.056401,30.584206
成都市工业和信息化委员会,government,政府机构及社会团体;政府机关;地市级政府及事业单位,武侯区,104.062582,30.580523
审计三部,government,政府机构及社会团体;政府及社会团体相关;政府及社会团体相关,武侯区,104.05863,30.586564
成都市信息化办公室,government,政府机构及社会团体;政府及社会团体相关;政府及社会团体相关,武侯区,104.062538,30.579977
成都市城市规划协会,government,政府机构及社会团体;政府及社会团体相关;政府及社会团体相关,武侯区,104.060809,30.58941
成都人大常委会办公厅,government,政府机构及社会团体;政府及社会团体相关;政府及社会团体相关,武侯区,104.062492,30.589373
规划局群楼,government,政府机构及社会团体;政府及社会团体相关;政府及社会团体相关,武侯区,104.060772,30.588975
国土大厅,government,政府机构及社会团体;政府及社会团体相关;政府及社会团体相关,武侯区,104.060652,30.589255
成都眉山商会,government,政府机构及社会团体;政府及社会团体相关;政府及社会团体相关,武侯区,104.058523,30.587465
中国保险监督管理委员会四川监管局,government,政府机构及社会团体;政府机关;省直辖市级政府及事业单位,武侯区,104.062602,30.586136
成都市信息化技术应用发展中心,government,政府机构及社会团体;政府及社会团体相关;政府及社会团体相关,武侯区,104.062568,30.579974
中国金融工会四川工作委员会,government,政府机构及社会团体;社会团体;社会团体相关,武侯区,104.062602,30.586136
成都市工业经济管理委员会,government,政府机构及社会团体;政府机关;地市级政府及事业单位,武侯区,104.062582,30.580523
中国林业产权交易所西南中心,government,政府机构及社会团体;政府及社会团体相关;政府及社会团体相关,武侯区,104.057917,30.587977
成都市新闻出版局,government,政府机构及社会团体;政府机关;地市级政府及事业单位,武侯区,104.064362,30.584564
成都市广电局,government,政府机构及社会团体;政府机关;地市级政府及事业单位,武侯区,104.064362,30.584564
成都市文化局,government,政府机构及社会团体;政府机关;地市级政府及事业单位,武侯区,104.064362,30.584564
高新公安分局三瓦窑派出所校警共育办公室,government,政府机构及社会团体;公检法机构;公安警察,武侯区,104.069996,30.588616
成都市国土资源信息中心,government,政府机构及社会团体;政府及社会团体相关;政府及社会团体相关,武侯区,104.063656,30.58519
四川省银行业协会,government,政府机构及社会团体;政府及社会团体相关;政府及社会团体相关,武侯区,104.064498,30.582281
益州社区,government,政府机构及社会团体;政府机关;乡镇以下级政府及事业单位,武侯区,104.070567,30.588657
桂溪街道办事处益州社区工作站,government,政府机构及社会团体;政府机关;乡镇以下级政府及事业单位,武侯区,104.07084,30.5886
规划市政二所,government,政府机构及社会团体;政府及社会团体相关;政府及社会团体相关,武侯区,104.064326,30.589015
柳江街道就业和社会保障第三服务站,government,政府机构及社会团体;政府及社会团体相关;政府及社会团体相关,锦江区,104.090816,30.588629
包江桥社区居委会,government,政府机构及社会团体;政府机关;乡镇以下级政府及事业单位,锦江区,104.090925,30.588617
锦江区公安分局柳江派出所包江桥警务室,government,政府机构及社会团体;公检法机构;公安警察,锦江区,104.090786,30.588449
包江桥社区工会委员会,government,政府机构及社会团体;社会团体;社会团体相关,锦江区,104.090924,30.588618
中共包江桥社区委员会,government,政府机构及社会团体;政府机关;乡镇以下级政府及事业单位,锦江区,104.090925,30.588617
中共包江桥社区纪律检查委员会,government,政府机构及社会团体;政府机关;乡镇以下级政府及事业单位,锦江区,104.090924,30.588617
潘家沟老龄协会,government,政府机构及社会团体;社会团体;社会团体相关,锦江区,104.103431,30.585343
潘家沟社区居委会,government,政府机构及社会团体;政府机关;乡镇以下级政府及事业单位,锦江区,104.103642,30.585526
潘家沟村村民委员会,government,政府机构及社会团体;政府机关;乡镇以下级政府及事业单位,锦江区,104.103568,30.585269
中共潘家沟社区委员会,government,政府机构及社会团体;政府机关;乡镇以下级政府及事业单位,锦江区,104.103642,30.585526
潘家沟社区少先队工作委员会,government,政府机构及社会团体;社会团体;少先队,锦江区,104.103642,30.585526
共青团潘家沟社区支部委员会,government,政府机构及社会团体;社会团体;共青团,锦江区,104.103642,30.585526
中共潘家沟社区支部委员会,government,政府机构及社会团体;政府机关;乡镇以下级政府及事业单位,锦江区,104.103642,30.585526
锦江区生态商务区管理委员会,government,政府机构及社会团体;政府机关;政府机关相关,锦江区,104.118176,30.587577
东创建国机动车登记服务站(锦江大道),government,政府机构及社会团体;交通车辆管理;车辆管理机构,锦江区,104.115882,30.587647
幸福社区居委会(幸福路西段),government,政府机构及社会团体;政府机关;乡镇以下级政府及事业单位,锦江区,104.126291,30.585775
四川省花卉协会梅花蜡梅分会,government,政府机构及社会团体;社会团体;行业协会,锦江区,104.130475,30.586835
中共幸福社区委员会(幸福路西段),government,政府机构及社会团体;政府机关;乡镇以下级政府及事业单位,锦江区,104.126291,30.585775
中国中铁第八局,government,政府机构及社会团体;政府机关;国家级机关及事业单位,锦江区,104.129861,30.579815
东篱菊园警务室,government,政府机构及社会团体;公检法机构;公安警察,锦江区,104.141997,30.581986
驸马社区居委会,government,政府机构及社会团体;政府机关;乡镇以下级政府及事业单位,锦江区,104.142003,30.581985
成都市三圣乡驸马村委会,government,政府机构及社会团体;政府机关;乡镇以下级政府及事业单位,锦江区,104.141997,30.581901
中共驸马社区纪律检查委员会,government,政府机构及社会团体;政府机关;乡镇以下级政府及事业单位,锦江区,104.141997,30.581986
中共驸马社区委员会,government,政府机构及社会团体;政府机关;乡镇以下级政府及事业单位,锦江区,104.141997,30.581986
驸马村警务室,government,政府机构及社会团体;公检法机构;社会治安机构,锦江区,104.141937,30.581745
中国林业与环境促进会园林奇石四川省分会,government,政府机构及社会团体;社会团体;行业协会,锦江区,104.152929,30.586062
成都市老龄工作志愿者协会康福星九分会,government,政府机构及社会团体;社会团体;社会团体相关,锦江区,104.151168,30.586641
全国文化信息资源共享工程基层服务点,government,政府机构及社会团体;政府及社会团体相关;政府及社会团体相关,锦江区,104.144926,30.583909
三圣街道应急救援分队,government,政府机构及社会团体;政府机关;乡镇以下级政府及事业单位,锦江区,104.145872,30.583153
中国拥军优属基金会中华艺术专项基金管委会,government,政府机构及社会团体;社会团体;社会团体相关,锦江区,104.152929,30.586062
三圣街道驸马社区养老助残关爱站,government,政府机构及社会团体;社会团体;慈善机构,锦江区,104.14492,30.583963
中国拥军优属基金会中华艺术四川省办事处,government,政府机构及社会团体;社会团体;慈善机构,锦江区,104.152929,30.586062
红砂社区工商服务站,government,政府机构及社会团体;工商税务机构;工商部门,锦江区,104.157874,30.588926
三圣街道办事处(刺桐路),government,政府机构及社会团体;政府机关;乡镇级政府及事业单位,锦江区,104.157882,30.589285
红砂社区工会联合会,government,政府机构及社会团体;社会团体;社会团体相关,锦江区,104.157874,30.588926
红砂社区居民议事会,government,政府机构及社会团体;社会团体;社会团体相关,锦江区,104.157874,30.588926
四川省犬业协会藏獒分会,government,政府机构及社会团体;社会团体;行业协会,锦江区,104.162741,30.586197
中共红砂社区纪律检查委员会,government,政府机构及社会团体;政府机关;乡镇以下级政府及事业单位,锦江区,104.157874,30.588926
红砂社区委员会,government,政府机构及社会团体;政府机关;乡镇以下级政府及事业单位,锦江区,104.157875,30.588926
成都市锦江区三圣街道办事处红砂社区居民委员会,government,政府机构及社会团体;政府机关;乡镇以下级政府及事业单位,锦江区,104.157855,30.589183
红砂社区少先队工作委员会,government,政府机构及社会团体;社会团体;少先队,锦江区,104.157775,30.589171
共青团红砂社区支部委员会,government,政府机构及社会团体;社会团体;共青团,锦江区,104.157874,30.588926
