name,category,type,district,wgs_lng,wgs_lat
英伦书香府邸2期,residential,商务住宅;住宅区;住宅小区,金牛区,103.976437,30.733791
成都外国语学校教师公寓,residential,商务住宅;住宅区;住宅小区,金牛区,103.979073,30.733828
书香府邸2期英伦,residential,商务住宅;住宅区;住宅小区,金牛区,103.977163,30.733574
书香府邸1期,residential,商务住宅;住宅区;住宅小区,金牛区,103.976486,30.734863
中铁·塔米亚2期美邻(正门),residential,商务住宅;住宅区;住宅小区,金牛区,103.992674,30.731365
兴盛世家,residential,商务住宅;住宅区;住宅小区,金牛区,104.008083,30.733476
兴盛世家D区,residential,商务住宅;住宅区;住宅小区,金牛区,104.013211,30.733686
兴盛世家B区,residential,商务住宅;住宅区;住宅小区,金牛区,104.010074,30.731881
兴盛世家C区,residential,商务住宅;住宅区;住宅小区,金牛区,104.011142,30.734885
侯家花园,residential,商务住宅;住宅区;住宅小区,金牛区,104.009538,30.737975
西华街道兴盛世家社区,residential,商务住宅;住宅区;住宅小区,金牛区,104.013172,30.732442
兴盛世家A区西区,residential,商务住宅;住宅区;住宅小区,金牛区,104.007715,30.733247
兴盛世家A区东区,residential,商务住宅;住宅区;住宅小区,金牛区,104.00865,30.733886
侯家桥二街38号大院,residential,商务住宅;住宅区;住宅区,金牛区,104.009343,30.737689
兴盛世家A区,residential,商务住宅;住宅区;住宅小区,金牛区,104.007983,30.733503
府河星城名苑,residential,商务住宅;住宅区;住宅小区,金牛区,104.023451,30.733075
兴盛村,residential,商务住宅;住宅区;住宅小区,金牛区,104.019136,30.732914
兴盛世家E区,residential,商务住宅;住宅区;住宅小区,金牛区,104.014916,30.731519
兴盛家园,residential,商务住宅;住宅区;住宅小区,金牛区,104.014736,30.733359
府河星城,residential,商务住宅;住宅区;住宅小区,金牛区,104.023144,30.731009
府河丽景,residential,商务住宅;住宅区;住宅小区,金牛区,104.020946,30.73309
府河星城名苑B区,residential,商务住宅;住宅区;住宅小区,金牛区,104.025515,30.733099
府河星城馨苑,residential,商务住宅;住宅区;住宅小区,金牛区,104.027235,30.731058
厍庭,residential,商务住宅;住宅区;住宅小区,金牛区,104.026617,30.733944
欢乐城198,residential,商务住宅;住宅区;住宅小区,金牛区,104.041886,30.736599
踏水新居,residential,商务住宅;住宅区;住宅小区,金牛区,104.040974,30.737925
华侨城原岸,residential,商务住宅;住宅区;住宅小区,金牛区,104.041185,30.72974
华侨城5期,residential,商务住宅;住宅区;住宅区,金牛区,104.043537,30.730045
华侨城东岸,residential,商务住宅;住宅区;住宅区,金牛区,104.041907,30.730159
府河·双桥苑,residential,商务住宅;住宅区;住宅小区,金牛区,104.040576,30.73883
成都华侨城·东岸A2区,residential,商务住宅;住宅区;住宅区,金牛区,104.036378,30.730236
华侨城·原岸6期,residential,商务住宅;住宅区;住宅小区,金牛区,104.043984,30.731469
成都市沙河源社区,residential,商务住宅;住宅区;住宅小区,金牛区,104.051514,30.735183
沙河原社区,residential,商务住宅;住宅区;住宅小区,金牛区,104.051514,30.735183
沙河源街道川建社区,residential,商务住宅;住宅区;住宅小区,金牛区,104.051375,30.734149
沙河源街道川建社区(西南门),residential,商务住宅;住宅区;住宅小区,金牛区,104.050525,30.732775
泉水人家,residential,商务住宅;住宅区;住宅小区,金牛区,104.057722,30.731724
泉水人家3期A区,residential,商务住宅;住宅区;住宅小区,金牛区,104.057646,30.734097
泉水人家3期B区,residential,商务住宅;住宅区;住宅小区,金牛区,104.061001,30.734015
腌卤巷,residential,商务住宅;住宅区;住宅小区,金牛区,104.058503,30.733116
泉水人家2期A区,residential,商务住宅;住宅区;住宅小区,金牛区,104.058289,30.729679
泉水人家3期,residential,商务住宅;住宅区;住宅区,金牛区,104.059682,30.734236
泉水小区,residential,商务住宅;住宅区;住宅小区,金牛区,104.059528,30.734291
泉水人家2期,residential,商务住宅;住宅区;住宅小区,金牛区,104.057925,30.72968
涵碧天下,residential,商务住宅;住宅区;住宅小区,金牛区,104.069392,30.737851
工疗家园,residential,商务住宅;住宅区;住宅小区,成华区,104.11224,30.732325
合家园,residential,商务住宅;住宅区;住宅区,成华区,104.116671,30.732609
保利两河森林,residential,商务住宅;住宅区;住宅小区,金牛区,103.965376,30.722969
金牛国际社区,residential,商务住宅;住宅区;住宅小区,金牛区,103.972373,30.729039
北京城建龙樾熙城,residential,商务住宅;住宅区;住宅小区,金牛区,103.979908,30.724193
龙樾熙城,residential,商务住宅;住宅区;住宅小区,金牛区,103.979439,30.726072
橙郡一期,residential,商务住宅;住宅区;住宅小区,金牛区,103.978269,30.721434
中海国际社区北门,residential,商务住宅;住宅区;住宅小区,金牛区,103.976073,30.727406
精城国际,residential,商务住宅;住宅区;住宅小区,金牛区,103.982547,30.721901
保利学府城(建设中),residential,商务住宅;住宅区;住宅小区,金牛区,103.993378,30.728738
互助社区,residential,商务住宅;住宅区;住宅小区,金牛区,103.991554,30.723705
互助家园安置小区,residential,商务住宅;住宅区;住宅小区,金牛区,103.991473,30.726511
金华花园(金周路),residential,商务住宅;住宅区;住宅小区,金牛区,104.001667,30.726261
金盾苑,residential,商务住宅;住宅区;住宅小区,金牛区,104.003585,30.723294
万科·国宝润园,residential,商务住宅;住宅区;住宅小区,金牛区,104.001919,30.720434
金泉街道土桥社区,residential,商务住宅;住宅区;住宅小区,金牛区,103.999165,30.726021
万科国宾润园,residential,商务住宅;住宅区;住宅小区,金牛区,104.001326,30.71975
鑫房名苑,residential,商务住宅;住宅区;住宅小区,金牛区,103.999175,30.726494
保利学府城,residential,商务住宅;住宅区;住宅小区,金牛区,104.001962,30.728439
中成主角,residential,商务住宅;住宅区;住宅区,金牛区,104.000435,30.726802
正成·拉斐3期,residential,商务住宅;住宅区;住宅小区,金牛区,103.996985,30.721028
新房民苑,residential,商务住宅;住宅区;住宅区,金牛区,103.999554,30.726246
正成·拉斐2期,residential,商务住宅;住宅区;住宅区,金牛区,103.997508,30.721894
迪舒·美领,residential,商务住宅;住宅区;住宅小区,金牛区,104.003427,30.720509
正成·拉斐,residential,商务住宅;住宅区;住宅小区,金牛区,103.996287,30.721537
东原·亲亲里,residential,商务住宅;住宅区;住宅小区|生活服务;生活服务场所;生活服务场所,金牛区,104.001444,30.723754
西城上域,residential,商务住宅;住宅区;住宅小区,金牛区,104.006304,30.726747
西华街道金牛社区,residential,商务住宅;住宅区;住宅小区,金牛区,104.011228,30.725145
国宾·时光汇,residential,商务住宅;住宅区;住宅小区,金牛区,104.004851,30.7263
泽瑞西园,residential,商务住宅;住宅区;住宅小区,金牛区,104.011201,30.721995
金桥苑(信息园西路),residential,商务住宅;住宅区;住宅小区,金牛区,104.005541,30.721624
金泉街道金牛社区,residential,商务住宅;住宅区;住宅小区,金牛区,104.011277,30.725262
富兴苑(西华大道),residential,商务住宅;住宅区;住宅小区,金牛区,104.023158,30.728099
西园,residential,商务住宅;住宅区;住宅小区,金牛区,104.014019,30.723275
金牛区瓦子社区,residential,商务住宅;住宅区;住宅小区,金牛区,104.016357,30.725494
金泉街道青杠社区,residential,商务住宅;住宅区;住宅小区,金牛区,104.022213,30.728337
纯水岸2区,residential,商务住宅;住宅区;住宅小区,金牛区,104.023266,30.722188
纯水岸北区,residential,商务住宅;住宅区;住宅小区,金牛区,104.025836,30.722125
华侨城·天鹅堡,residential,商务住宅;住宅区;住宅小区,金牛区,104.02658,30.722611
华侨城纯水岸1期,residential,商务住宅;住宅区;住宅区,金牛区,104.025851,30.719528
华侨城3期,residential,商务住宅;住宅区;住宅区,金牛区,104.024789,30.721593
华侨城·东岸东区,residential,商务住宅;住宅区;住宅小区,金牛区,104.04242,30.727874
华侨城·东岸西区,residential,商务住宅;住宅区;住宅小区,金牛区,104.035957,30.729043
华侨城·天屿,residential,商务住宅;住宅区;住宅小区,金牛区,104.038913,30.72657
中加水岸,residential,商务住宅;住宅区;住宅小区,金牛区,104.042755,30.721884
成都华侨城·东岸A1区,residential,商务住宅;住宅区;住宅区,金牛区,104.036112,30.727189
成都华侨城·东岸A3区,residential,商务住宅;住宅区;住宅区,金牛区,104.041038,30.726729
金府世家,residential,商务住宅;住宅区;住宅小区,金牛区,104.050812,30.725115
新桥丽景,residential,商务住宅;住宅区;住宅小区,金牛区,104.049434,30.726409
沙河·源上金府,residential,商务住宅;住宅区;住宅小区,金牛区,104.053303,30.724506
沙河源街道新桥社区,residential,商务住宅;住宅区;住宅小区,金牛区,104.044598,30.72009
新元绿洲,residential,商务住宅;住宅区;住宅区,金牛区,104.045122,30.719746
洞翠苑,residential,商务住宅;住宅区;住宅小区,金牛区,104.052811,30.720985
杨柳新屯小区,residential,商务住宅;住宅区;住宅小区,金牛区,104.047788,30.727128
沙河源上金府2期,residential,商务住宅;住宅区;住宅区,金牛区,104.052226,30.724973
天悦城,residential,商务住宅;住宅区;住宅小区,金牛区,104.053424,30.726285
新桥丽景西区,residential,商务住宅;住宅区;住宅小区,金牛区,104.048472,30.726047
新桥丽景B区,residential,商务住宅;住宅区;住宅区,金牛区,104.049917,30.726507
新桥丽景2期,residential,商务住宅;住宅区;住宅区,金牛区,104.051354,30.727171
蓝光·花满庭,residential,商务住宅;住宅区;住宅小区,金牛区,104.057794,30.725585
泉水南苑,residential,商务住宅;住宅区;住宅小区,金牛区,104.060023,30.72514
凌江尚府,residential,商务住宅;住宅区;住宅小区,金牛区,104.0549,30.724127
泉水北苑,residential,商务住宅;住宅区;住宅小区,金牛区,104.060225,30.726127
沙河源街道泉水社区,residential,商务住宅;住宅区;住宅小区,金牛区,104.0608,30.723841
蓉北商贸二段,residential,商务住宅;住宅区;住宅小区,金牛区,104.056677,30.72329
天悦汇中心2期,residential,商务住宅;住宅区;住宅小区,金牛区,104.055196,30.727643
第一园(沙河源街道泉水社区西),residential,商务住宅;住宅区;住宅小区,金牛区,104.057137,30.723651
泉水人家2期B区,residential,商务住宅;住宅区;住宅小区,金牛区,104.061262,30.729261
泉水东苑A区,residential,商务住宅;住宅区;住宅小区,金牛区,104.061797,30.72597
金牛区泉水东苑B区,residential,商务住宅;住宅区;住宅小区,金牛区,104.061447,30.725182
水韵天府,residential,商务住宅;住宅区;住宅小区,金牛区,104.064803,30.721942
香江岸,residential,商务住宅;住宅区;住宅小区,金牛区,104.066591,30.722544
三九·绿城,residential,商务住宅;住宅区;住宅小区,金牛区,104.067182,30.720373
芙华新大陆,residential,商务住宅;住宅区;住宅小区,成华区,104.069101,30.719574
王贾·红豆华庭,residential,商务住宅;住宅区;住宅小区,金牛区,104.070307,30.722902
沙河·凤凰城Ⅰ区,residential,商务住宅;住宅区;住宅小区,金牛区,104.07344,30.719855
邓家大院,residential,商务住宅;住宅区;住宅小区,金牛区,104.071097,30.720853
城乡一体化王贾三组拆迁安置房,residential,商务住宅;住宅区;住宅区,金牛区,104.070492,30.722193
绿地·世纪城,residential,商务住宅;住宅区;住宅小区,金牛区,104.077489,30.723013
沙河·凤凰城(Ⅱ区),residential,商务住宅;住宅区;住宅小区,金牛区,104.076368,30.719372
绿地世纪城(韦家碾一路),residential,商务住宅;住宅区;住宅小区,金牛区,104.076851,30.722973
绿地世纪城3期,residential,商务住宅;住宅区;住宅小区,金牛区,104.079925,30.72289
成都市凤凰山3期,residential,商务住宅;住宅区;住宅小区,金牛区,104.073607,30.720984
凤凰山街道金韦社区,residential,商务住宅;住宅区;住宅小区,金牛区,104.077278,30.719916
沙河凤凰城2区,residential,商务住宅;住宅区;住宅区,金牛区,104.076403,30.719706
上东1号,residential,商务住宅;住宅区;住宅小区,成华区,104.104308,30.719362
蓝光金悦府,residential,商务住宅;住宅区;住宅小区,成华区,104.112674,30.725138
白莲小区,residential,商务住宅;住宅区;住宅小区,成华区,104.108958,30.727383
御苑,residential,商务住宅;住宅区;住宅小区,成华区,104.105918,30.723208
白莲小区二号院,residential,商务住宅;住宅区;住宅小区,成华区,104.108997,30.727848
白莲小区一号院,residential,商务住宅;住宅区;住宅区,成华区,104.107663,30.727612
金悦府3期,residential,商务住宅;住宅区;住宅小区,成华区,104.11497,30.725153
蓝润蓝客城,residential,商务住宅;住宅区;住宅小区,成华区,104.13079,30.723186
一里塘社区,residential,商务住宅;住宅区;住宅小区,成华区,104.134106,30.727791
和成社区,residential,商务住宅;住宅区;住宅小区,成华区,104.151875,30.722771
北湖印象2期,residential,商务住宅;住宅区;住宅小区,成华区,104.163955,30.719455
北湖印象东区3期,residential,商务住宅;住宅区;住宅区,成华区,104.166629,30.721241
北湖印象,residential,商务住宅;住宅区;住宅小区,成华区,104.163988,30.719459
清淳家园,residential,商务住宅;住宅区;住宅小区,金牛区,103.979699,30.709802
金科苑(高家小区)1区,residential,商务住宅;住宅区;住宅小区,金牛区,103.982548,30.712936
远洋·朗郡,residential,商务住宅;住宅区;住宅小区,金牛区,103.97766,30.718284
河滨森邻C区,residential,商务住宅;住宅区;住宅小区,金牛区,103.982887,30.715414
金科苑四区,residential,商务住宅;住宅区;住宅小区,金牛区,103.983373,30.711572
河滨森邻A区,residential,商务住宅;住宅区;住宅小区,金牛区,103.980421,30.716241
河滨森邻,residential,商务住宅;住宅区;住宅小区,金牛区,103.981639,30.716233
河滨森邻B区,residential,商务住宅;住宅区;住宅小区,金牛区,103.981457,30.717111
龙湖·源著(两河西三路),residential,商务住宅;住宅区;住宅小区|体育休闲服务;休闲场所;休闲场所,金牛区,103.977925,30.716101
清淳家园1区,residential,商务住宅;住宅区;住宅区,金牛区,103.979723,30.709805
河滨森邻D区,residential,商务住宅;住宅区;住宅小区,金牛区,103.981351,30.714622
金牛花园,residential,商务住宅;住宅区;住宅小区,金牛区,103.989422,30.712661
金科苑六区,residential,商务住宅;住宅区;住宅小区,金牛区,103.986399,30.713603
四季花园,residential,商务住宅;住宅区;住宅小区,金牛区,103.989565,30.711824
金科苑西3区,residential,商务住宅;住宅区;住宅小区,金牛区,103.985372,30.714669
金科苑三区,residential,商务住宅;住宅区;住宅小区,金牛区,103.985271,30.714794
西线阳光,residential,商务住宅;住宅区;住宅小区,金牛区,103.99195,30.712873
金科社区,residential,商务住宅;住宅区;住宅小区,金牛区,103.985875,30.712399
金科苑(高家小区)7区,residential,商务住宅;住宅区;住宅小区,金牛区,103.985828,30.711979
金科苑,residential,商务住宅;住宅区;住宅小区,金牛区,103.984521,30.713225
金科苑五区,residential,商务住宅;住宅区;住宅小区,金牛区,103.984786,30.712338
金科苑二区,residential,商务住宅;住宅区;住宅小区,金牛区,103.984041,30.713764
百仁安盛,residential,商务住宅;住宅区;住宅小区,金牛区,103.99017,30.710502
美立方,residential,商务住宅;住宅区;住宅区,金牛区,103.991216,30.71081
万科·锦西润园(蜀西南三路),residential,商务住宅;住宅区;住宅小区,金牛区,103.992391,30.711454
云翔金谷,residential,商务住宅;住宅区;住宅小区,金牛区,103.991527,30.710009
白鸽岛尚,residential,商务住宅;住宅区;住宅小区,金牛区,103.993573,30.710944
西城映画(蜀跃西路),residential,商务住宅;住宅区;住宅小区,金牛区,104.002712,30.710343
近郊民居,residential,商务住宅;住宅区;住宅小区,金牛区,104.001502,30.713856
路劲高家庄,residential,商务住宅;住宅区;住宅区,金牛区,103.997315,30.709566
金卉苑,residential,商务住宅;住宅区;住宅小区,金牛区,104.003605,30.716243
保利国宾首府,residential,商务住宅;住宅区;住宅小区,金牛区,103.998364,30.719528
金玺园,residential,商务住宅;住宅区;住宅小区,金牛区,103.995464,30.710376
德润苑,residential,商务住宅;住宅区;住宅区,金牛区,103.997773,30.715181
仁和香榭广场,residential,商务住宅;住宅区;住宅小区,金牛区,104.008559,30.714198
蓝海中心,residential,商务住宅;住宅区;住宅区,金牛区,104.008381,30.715896
省委家属院,residential,商务住宅;住宅区;住宅小区,金牛区,104.010676,30.71549
华置·西锦城,residential,商务住宅;住宅区;住宅小区,金牛区,104.008516,30.712257
仁和迎宾,residential,商务住宅;住宅区;住宅小区,金牛区,104.006849,30.712148
万科国宾首府,residential,商务住宅;住宅区;住宅小区,金牛区,104.010321,30.711834
金域西岭,residential,商务住宅;住宅区;住宅小区,金牛区,104.011488,30.712606
恒大·西锦城,residential,商务住宅;住宅区;住宅小区,金牛区,104.008529,30.711356
迎宾大道一号2期,residential,商务住宅;住宅区;住宅区,金牛区,104.013523,30.715491
益州蓉苑,residential,商务住宅;住宅区;住宅小区,金牛区,104.011337,30.710275
西岸观邸,residential,商务住宅;住宅区;住宅小区,金牛区,104.009465,30.709531
锦城豪庭,residential,商务住宅;住宅区;住宅小区,金牛区,104.005183,30.710487
金泉4号院,residential,商务住宅;住宅区;住宅小区,金牛区,104.012429,30.718312
西汇苑,residential,商务住宅;住宅区;住宅小区,金牛区,104.004822,30.7191
西蜀皓月,residential,商务住宅;住宅区;住宅小区,金牛区,104.014834,30.711808
纯水岸208区,residential,商务住宅;住宅区;住宅小区,金牛区,104.023325,30.719279
西城首峻,residential,商务住宅;住宅区;住宅小区,金牛区,104.022707,30.71309
川西名居,residential,商务住宅;住宅区;住宅小区,金牛区,104.016454,30.712184
锦熙玉苑,residential,商务住宅;住宅区;住宅小区,金牛区,104.020734,30.713732
九四信箱第三生活区,residential,商务住宅;住宅区;住宅小区,金牛区,104.015927,30.710958
金泉街道跃进社区,residential,商务住宅;住宅区;住宅小区,金牛区,104.022592,30.712143
纯水岸南区,residential,商务住宅;住宅区;住宅小区,金牛区,104.024743,30.716248
蓝色雅典,residential,商务住宅;住宅区;住宅小区,金牛区,104.032051,30.710608
嘉宇·天琢城,residential,商务住宅;住宅区;住宅小区,金牛区,104.023935,30.709594
华侨城纯水岸,residential,商务住宅;住宅区;住宅小区,金牛区,104.024651,30.719058
蓝色空间如意府D区,residential,商务住宅;住宅区;住宅小区,金牛区,104.033086,30.711013
万贯银座小区办公点,residential,商务住宅;住宅区;住宅区,金牛区,104.033405,30.714457
长久新城长乐苑,residential,商务住宅;住宅区;住宅小区,金牛区,104.039633,30.714381
花香九里,residential,商务住宅;住宅区;住宅小区,金牛区,104.038793,30.712095
长久新城长福苑,residential,商务住宅;住宅区;住宅小区,金牛区,104.04126,30.714104
久鑫华园,residential,商务住宅;住宅区;住宅小区,金牛区,104.037192,30.711939
长兴街5号院,residential,商务住宅;住宅区;住宅小区,金牛区,104.039501,30.711444
锦西花园3期,residential,商务住宅;住宅区;住宅区,金牛区,104.038331,30.710986
长久新城长兴苑,residential,商务住宅;住宅区;住宅小区,金牛区,104.04126,30.711819
长久新城长荣苑,residential,商务住宅;住宅区;住宅小区,金牛区,104.041935,30.712404
锦西花园北区,residential,商务住宅;住宅区;住宅小区,金牛区,104.037818,30.710926
金府西部正金机电城,residential,商务住宅;住宅区;住宅区,金牛区,104.034414,30.714819
蓝色空间A1,residential,商务住宅;住宅区;住宅区,金牛区,104.035079,30.712424
新桥逸景,residential,商务住宅;住宅区;住宅小区,金牛区,104.041869,30.716983
锦鸿西苑,residential,商务住宅;住宅区;住宅小区,金牛区,104.038815,30.710541
万基·兰御,residential,商务住宅;住宅区;住宅小区,金牛区,104.04313,30.714773
蓝色空间(长庆西路),residential,商务住宅;住宅区;住宅小区,金牛区,104.034648,30.711855
蓝色空间,residential,商务住宅;住宅区;住宅小区,金牛区,104.035495,30.711049
四季香榭,residential,商务住宅;住宅区;住宅小区,金牛区,104.039371,30.710034
金府旺角,residential,商务住宅;住宅区;住宅小区,金牛区,104.035564,30.718234
蓝色空间蓝梦,residential,商务住宅;住宅区;住宅区,金牛区,104.034253,30.711756
星河小区,residential,商务住宅;住宅区;住宅小区,金牛区,104.041821,30.710637
金桔花园北苑,residential,商务住宅;住宅区;住宅小区,金牛区,104.036342,30.709909
星河路社区67号院,residential,商务住宅;住宅区;住宅小区,金牛区,104.041322,30.709953
金桔花圆2期,residential,商务住宅;住宅区;住宅小区,金牛区,104.036801,30.709561
五合苑,residential,商务住宅;住宅区;住宅小区,金牛区,104.050007,30.7147
幸福时光(星汉路),residential,商务住宅;住宅区;住宅小区,金牛区,104.045915,30.714287
新天地民苑,residential,商务住宅;住宅区;住宅小区,金牛区,104.045901,30.71549
五福佳苑,residential,商务住宅;住宅区;住宅小区,金牛区,104.052301,30.715139
博爱家园(九里堤北路),residential,商务住宅;住宅区;住宅小区,金牛区,104.047817,30.710961
千禧花园(星汉路),residential,商务住宅;住宅区;住宅小区,金牛区,104.044407,30.714245
九里苑,residential,商务住宅;住宅区;住宅小区,金牛区,104.044587,30.715602
佳美花园,residential,商务住宅;住宅区;住宅小区,金牛区,104.046431,30.710571
九里堤北路小区,residential,商务住宅;住宅区;住宅小区,金牛区,104.050628,30.71044
九里北路四十号院,residential,商务住宅;住宅区;住宅小区,金牛区,104.049847,30.710085
新桥逸景C区,residential,商务住宅;住宅区;住宅小区,金牛区,104.043901,30.716417
星汉路7号院,residential,商务住宅;住宅区;住宅区,金牛区,104.046054,30.710357
九里西苑,residential,商务住宅;住宅区;住宅区,金牛区,104.04872,30.709817
交大智能小区(4-5期),residential,商务住宅;住宅区;住宅小区,金牛区,104.044643,30.711237
星科路5号院,residential,商务住宅;住宅区;住宅区,金牛区,104.048706,30.709764
兴元绿洲,residential,商务住宅;住宅区;住宅小区,金牛区,104.045235,30.718228
星科北街2号院,residential,商务住宅;住宅区;住宅小区,金牛区,104.047302,30.709693
金昌苑(星河路),residential,商务住宅;住宅区;住宅小区,金牛区,104.045708,30.709653
聚贤半岛花苑,residential,商务住宅;住宅区;住宅小区,金牛区,104.051493,30.709598
合力达·映日荷花,residential,商务住宅;住宅区;住宅小区,金牛区,104.058964,30.716048
峰尚,residential,商务住宅;住宅区;住宅区,金牛区,104.056671,30.716419
龙湖·北城天街2期,residential,商务住宅;住宅区;住宅小区,金牛区,104.061624,30.713376
华润·银杏华庭,residential,商务住宅;住宅区;住宅小区,金牛区,104.062455,30.715484
福宁小区,residential,商务住宅;住宅区;住宅小区,金牛区,104.059874,30.717754
芙华·幸福彼岸,residential,商务住宅;住宅区;住宅小区,金牛区,104.055636,30.718333
忠义苑,residential,商务住宅;住宅区;住宅区,金牛区,104.055147,30.718867
滨雅苑,residential,商务住宅;住宅区;住宅小区,成华区,104.069027,30.713849
龙湖北城1期,residential,商务住宅;住宅区;住宅区,金牛区,104.067203,30.713711
北方花园,residential,商务住宅;住宅区;住宅小区,成华区,104.069301,30.713039
玛尔比恩婴幼儿早教中心,residential,商务住宅;住宅区;住宅小区,金牛区,104.066419,30.714411
五福桥东路八号院(五福桥东路),residential,商务住宅;住宅区;住宅小区,金牛区,104.066648,30.715476
北城天街1期,residential,商务住宅;住宅区;住宅小区,金牛区,104.066369,30.713618
现代福满苑,residential,商务住宅;住宅区;住宅区,金牛区,104.068724,30.712151
龙湖·北城天街,residential,商务住宅;住宅区;住宅小区,金牛区,104.066021,30.713577
河滨丽苑,residential,商务住宅;住宅区;住宅小区,成华区,104.070703,30.713114
金福苑(站北北街),residential,商务住宅;住宅区;住宅小区,成华区,104.068134,30.711509
北城时代,residential,商务住宅;住宅区;住宅区,金牛区,104.064851,30.713451
花郡佳园,residential,商务住宅;住宅区;住宅小区,成华区,104.069,30.711097
花径园,residential,商务住宅;住宅区;住宅小区,成华区,104.07048,30.710846
北城盛世,residential,商务住宅;住宅区;住宅小区,金牛区,104.065244,30.710989
沙河阳光,residential,商务住宅;住宅区;住宅小区,金牛区,104.072854,30.716826
芙华新大陆1期,residential,商务住宅;住宅区;住宅小区,成华区,104.069111,30.718903
北港新城,residential,商务住宅;住宅区;住宅小区,金牛区,104.068391,30.709645
智业福地,residential,商务住宅;住宅区;住宅小区,金牛区,104.066153,30.710035
天福缘(水武街),residential,商务住宅;住宅区;住宅小区,成华区,104.072785,30.710876
信禾人家(八里桥路),residential,商务住宅;住宅区;住宅小区,成华区,104.073242,30.709957
双水康城,residential,商务住宅;住宅区;住宅小区,成华区,104.07604,30.717214
双水康城D区,residential,商务住宅;住宅区;住宅小区,成华区,104.075756,30.715288
成都栖湖铭座公寓,residential,商务住宅;住宅区;住宅小区,成华区,104.074728,30.715124
水武街77号院,residential,商务住宅;住宅区;住宅区,成华区,104.074063,30.709986
微时代,residential,商务住宅;住宅区;住宅区,成华区,104.0743,30.71552
双水康城A区,residential,商务住宅;住宅区;住宅小区,成华区,104.076153,30.717462
沙河北岸,residential,商务住宅;住宅区;住宅小区,成华区,104.089736,30.714366
上行锦绣,residential,商务住宅;住宅区;住宅小区,成华区,104.092818,30.71342
荆竹小区二号院,residential,商务住宅;住宅区;住宅小区,成华区,104.09113,30.71455
荆竹小区六号院,residential,商务住宅;住宅区;住宅小区,成华区,104.091438,30.718394
兴元华盛1期,residential,商务住宅;住宅区;住宅小区,成华区,104.091723,30.71112
荆竹小区三号院,residential,商务住宅;住宅区;住宅小区,成华区,104.091491,30.716384
荆竹苑,residential,商务住宅;住宅区;住宅小区,成华区,104.093253,30.715627
成华区双水碾街道云锦社区,residential,商务住宅;住宅区;住宅小区,成华区,104.092841,30.712172
荆竹小区四号院,residential,商务住宅;住宅区;住宅小区,成华区,104.089558,30.716319
丽水澜庭,residential,商务住宅;住宅区;住宅小区,成华区,104.089326,30.710436
荆竹生活广场小区,residential,商务住宅;住宅区;住宅小区,成华区,104.090838,30.713103
沙河北岸南区,residential,商务住宅;住宅区;住宅小区,成华区,104.089656,30.714278
沙河北岸北区,residential,商务住宅;住宅区;住宅小区,成华区,104.089663,30.71548
荆竹小区五号院,residential,商务住宅;住宅区;住宅小区,成华区,104.088456,30.717081
兴元华盛,residential,商务住宅;住宅区;住宅小区,成华区,104.09115,30.711266
竹林居,residential,商务住宅;住宅区;住宅小区,成华区,104.092293,30.714288
丽水澜庭B区,residential,商务住宅;住宅区;住宅区,成华区,104.089599,30.710192
荆竹小区一号院,residential,商务住宅;住宅区;住宅区,成华区,104.091287,30.713087
蓉铁花园,residential,商务住宅;住宅区;住宅小区,成华区,104.098024,30.717031
雍华府,residential,商务住宅;住宅区;住宅小区,成华区,104.095155,30.712643
维多利亚富御,residential,商务住宅;住宅区;住宅小区,成华区,104.094289,30.715322
荆竹小区八号院,residential,商务住宅;住宅区;住宅小区,成华区,104.099184,30.718061
招商·雍华府2期,residential,商务住宅;住宅区;住宅小区,成华区,104.09615,30.711087
招商·雍华府1期,residential,商务住宅;住宅区;住宅区,成华区,104.094057,30.712912
凤翔华庭,residential,商务住宅;住宅区;住宅小区,成华区,104.095816,30.717829
蓝光BRC·富丽花城春色园,residential,商务住宅;住宅区;住宅小区,成华区,104.103053,30.715947
上东1号·蓉华上林,residential,商务住宅;住宅区;住宅小区,成华区,104.102893,30.717307
荆竹小区七号院,residential,商务住宅;住宅区;住宅小区,成华区,104.094113,30.718038
兴元华盛3区,residential,商务住宅;住宅区;住宅小区,成华区,104.094618,30.710004
兴元华盛3期,residential,商务住宅;住宅区;住宅小区,成华区,104.09439,30.710087
金科一城,residential,商务住宅;住宅区;住宅小区,成华区,104.109274,30.713783
金科大社区,residential,商务住宅;住宅区;住宅小区,成华区,104.107978,30.71307
平安小区,residential,商务住宅;住宅区;住宅小区,成华区,104.107585,30.713114
金科·一城1期,residential,商务住宅;住宅区;住宅小区,成华区,104.107915,30.712925
东林小区,residential,商务住宅;住宅区;住宅小区,成华区,104.110111,30.716295
华润·翠林华庭,residential,商务住宅;住宅区;住宅小区,成华区,104.104843,30.714699
上东壹号丽景苑,residential,商务住宅;住宅区;住宅小区,成华区,104.105572,30.717076
上东1号3期,residential,商务住宅;住宅区;住宅小区|地名地址信息;门牌信息;楼栋号,成华区,104.105549,30.717326
合能·东林城市花园,residential,商务住宅;住宅区;住宅小区,成华区,104.112872,30.715918
首创光和城,residential,商务住宅;住宅区;住宅小区,成华区,104.113233,30.713389
富丽花城,residential,商务住宅;住宅区;住宅小区,成华区,104.110079,30.718581
华宇·阳光尚座,residential,商务住宅;住宅区;住宅小区,成华区,104.113378,30.718132
蓝光·COCO国际1期,residential,商务住宅;住宅区;住宅小区,成华区,104.11882,30.711244
蓝光·COCO国际,residential,商务住宅;住宅区;住宅小区,成华区,104.119755,30.712702
新山复郡,residential,商务住宅;住宅区;住宅小区,成华区,104.129118,30.715038
翠屏北里(荆翠东路),residential,商务住宅;住宅区;住宅小区,成华区,104.126817,30.715025
北湖新城1期,residential,商务住宅;住宅区;住宅小区,成华区,104.159888,30.710026
北湖印象南区,residential,商务住宅;住宅区;住宅小区,成华区,104.166806,30.716461
北湖印象4期,residential,商务住宅;住宅区;住宅小区,成华区,104.166912,30.716692
同乐社区(龙青环线),residential,商务住宅;住宅区;住宅小区,成华区,104.166242,30.716581
北湖印象6期,residential,商务住宅;住宅区;住宅小区,成华区,104.168854,30.718544
北湖印象1期,residential,商务住宅;住宅区;住宅区,成华区,104.16481,30.717188
北湖印象-东区,residential,商务住宅;住宅区;住宅区,成华区,104.165796,30.718274
北湖印象5期,residential,商务住宅;住宅区;住宅小区,成华区,104.167382,30.718897
北湖印象-西区,residential,商务住宅;住宅区;住宅区,成华区,104.163877,30.719422
北湖印象2期(南门),residential,商务住宅;住宅区;住宅小区|通行设施;临街院门;临街院门,成华区,104.163901,30.718515
恒大锦城(建设中),residential,商务住宅;住宅区;住宅小区,成华区,104.174077,30.714229
绿地悦蓉公馆,residential,商务住宅;住宅区;住宅小区,成华区,104.177019,30.71425
中航工业成飞单身公寓(纬一路),residential,商务住宅;住宅区;住宅小区,青羊区,103.966262,30.701511
成飞217小区,residential,商务住宅;住宅区;住宅小区,青羊区,103.96388,30.700292
清淳家园2期A区,residential,商务住宅;住宅区;住宅小区,金牛区,103.975915,30.702752
清淳家园2期B区,residential,商务住宅;住宅区;住宅小区,金牛区,103.974854,30.702058
金牛区金泉街道清水社区,residential,商务住宅;住宅区;住宅小区,金牛区,103.97852,30.705752
清淳家园2区,residential,商务住宅;住宅区;住宅小区,金牛区,103.979913,30.706761
清淳家园3区,residential,商务住宅;住宅区;住宅小区,金牛区,103.978484,30.707014
清淳家园4区,residential,商务住宅;住宅区;住宅小区,金牛区,103.978178,30.70481
清淳家园6区,residential,商务住宅;住宅区;住宅小区,金牛区,103.978165,30.705023
雨河社区,residential,商务住宅;住宅区;住宅小区,金牛区,103.979296,30.706734
清淳一街25号院,residential,商务住宅;住宅区;住宅区,金牛区,103.976502,30.70724
清淳家园5区,residential,商务住宅;住宅区;住宅区,金牛区,103.978433,30.704631
两河锦地,residential,商务住宅;住宅区;住宅小区,金牛区,103.992058,30.708458
西城丽景,residential,商务住宅;住宅区;住宅小区,金牛区,103.992268,30.709407
华宇西城雅郡,residential,商务住宅;住宅区;住宅小区,金牛区,103.984105,30.709573
保利·梧桐语,residential,商务住宅;住宅区;住宅小区,金牛区,103.988843,30.70812
金泉阳光景新苑,residential,商务住宅;住宅区;住宅小区,金牛区,103.997922,30.704928
居然小区,residential,商务住宅;住宅区;住宅小区,金牛区,103.999628,30.704952
青房·天韵华庭,residential,商务住宅;住宅区;住宅小区,金牛区,104.000507,30.705257
郎家小区,residential,商务住宅;住宅区;住宅小区,金牛区,103.999055,30.702742
青房·尚瑞天韵,residential,商务住宅;住宅区;住宅小区,金牛区,104.000759,30.703308
蜀汉芯天地,residential,商务住宅;住宅区;住宅小区,金牛区,104.001634,30.705419
金泉阳光畅新苑,residential,商务住宅;住宅区;住宅小区,金牛区,103.99706,30.707062
金泉阳光怡新苑,residential,商务住宅;住宅区;住宅小区,金牛区,104.000534,30.701702
蓝光·金悅金沙,residential,商务住宅;住宅区;住宅小区,金牛区,103.99922,30.700831
金泉街办蜀西社区,residential,商务住宅;住宅区;住宅小区,金牛区,103.99496,30.707531
西城星座,residential,商务住宅;住宅区;住宅小区,金牛区,104.003004,30.706938
风林假日,residential,商务住宅;住宅区;住宅小区,金牛区,104.001172,30.708415
高家庄赞城,residential,商务住宅;住宅区;住宅小区,金牛区,103.996225,30.708534
金泉阳光雅新苑,residential,商务住宅;住宅区;住宅小区,金牛区,103.993931,30.707274
金泉阳光佳新苑,residential,商务住宅;住宅区;住宅小区,金牛区,103.99524,30.708502
益州锦苑,residential,商务住宅;住宅区;住宅小区,金牛区,104.001242,30.70937
金地·嘉年华城西区,residential,商务住宅;住宅区;住宅区,青羊区,104.002566,30.70019
金地·嘉年华城B区,residential,商务住宅;住宅区;住宅小区,青羊区,104.003154,30.700528
西蜀瑞苑,residential,商务住宅;住宅区;住宅小区,金牛区,104.006895,30.703846
明阳·家在回廊,residential,商务住宅;住宅区;住宅小区,金牛区,104.00725,30.702197
和谐家园(蜀汉路),residential,商务住宅;住宅区;住宅小区,金牛区,104.006372,30.702777
檀香花园,residential,商务住宅;住宅区;住宅小区,金牛区,104.006955,30.706843
新雨香沁,residential,商务住宅;住宅区;住宅小区,金牛区,104.011992,30.703827
花语廊(蜀明西路),residential,商务住宅;住宅区;住宅小区,金牛区,104.007879,30.701039
大院人家,residential,商务住宅;住宅区;住宅小区,金牛区,104.006684,30.701192
千和茗居,residential,商务住宅;住宅区;住宅小区,金牛区,104.010095,30.70079
翡翠海湾,residential,商务住宅;住宅区;住宅小区,金牛区,104.004387,30.705942
普罗旺斯(蜀跃路),residential,商务住宅;住宅区;住宅小区,金牛区,104.006345,30.708269
西城丽舍,residential,商务住宅;住宅区;住宅小区,金牛区,104.007136,30.700435
红色佳苑,residential,商务住宅;住宅区;住宅小区,金牛区,104.0123,30.700921
泰逸美景,residential,商务住宅;住宅区;住宅小区,金牛区,104.004117,30.70748
西延锦绣,residential,商务住宅;住宅区;住宅小区,金牛区,104.011253,30.700074
金牛区金泉街道高家社区,residential,商务住宅;住宅区;住宅小区,金牛区,104.004436,30.709132
金地·嘉年华城,residential,商务住宅;住宅区;住宅小区,青羊区,104.00413,30.699672
博雅馨地,residential,商务住宅;住宅区;住宅小区,金牛区,104.018074,30.703678
锦熙玉苑(育仁北路),residential,商务住宅;住宅区;住宅小区,金牛区,104.01907,30.705543
育苗路社区,residential,商务住宅;住宅区;住宅区,金牛区,104.019138,30.703332
西西里二期·公园前,residential,商务住宅;住宅区;住宅小区,金牛区,104.017049,30.704098
茶店子育苗路8、10号院,residential,商务住宅;住宅区;住宅小区,金牛区,104.019297,30.702791
西西里,residential,商务住宅;住宅区;住宅小区,金牛区,104.016895,30.705486
光纤智慧小区,residential,商务住宅;住宅区;住宅小区,金牛区,104.018974,30.702155
墨池公寓,residential,商务住宅;住宅区;住宅小区,金牛区,104.01963,30.702287
育苗路11号院,residential,商务住宅;住宅区;住宅小区,金牛区,104.018992,30.701896
西雅语嫣,residential,商务住宅;住宅区;住宅小区,金牛区,104.018763,30.707139
二十九所生活区乙区,residential,商务住宅;住宅区;住宅小区,金牛区,104.020903,30.702429
育苗路社区东区,residential,商务住宅;住宅区;住宅小区,金牛区,104.021605,30.703157
育苗佳苑,residential,商务住宅;住宅区;住宅小区,金牛区,104.016991,30.701964
茗园尚筑,residential,商务住宅;住宅区;住宅小区,金牛区,104.015634,30.702859
茶店子西街小区,residential,商务住宅;住宅区;住宅小区,金牛区,104.02189,30.703163
育才路小区,residential,商务住宅;住宅区;住宅小区,金牛区,104.020931,30.701618
西街7号院,residential,商务住宅;住宅区;住宅小区,金牛区,104.022752,30.703439
育苗社区(茶店子西街),residential,商务住宅;住宅区;住宅小区,金牛区,104.022702,30.703304
福祥家园瑞福苑,residential,商务住宅;住宅区;住宅小区,金牛区,104.017153,30.700633
福详家园,residential,商务住宅;住宅区;住宅区,金牛区,104.016981,30.700608
万通金牛新都会,residential,商务住宅;住宅区;住宅小区,金牛区,104.023086,30.70661
翼社区,residential,商务住宅;住宅区;住宅小区,金牛区,104.022361,30.70749
福祥家园瑞祥苑,residential,商务住宅;住宅区;住宅小区,金牛区,104.018429,30.699601
茶店子横街15号院,residential,商务住宅;住宅区;住宅小区,金牛区,104.022688,30.700781
阳曦芙蓉城,residential,商务住宅;住宅区;住宅小区,金牛区,104.014076,30.701166
海天名阁,residential,商务住宅;住宅区;住宅小区,金牛区,104.022836,30.700352
金牛座,residential,商务住宅;住宅区;住宅小区,金牛区,104.022423,30.699989
福祥家园瑞康苑,residential,商务住宅;住宅区;住宅小区,金牛区,104.015169,30.699618
安蓉路3号院,residential,商务住宅;住宅区;住宅小区,金牛区,104.022685,30.699693
西蜀皓月3期,residential,商务住宅;住宅区;住宅区,金牛区,104.020235,30.706997
深越西园(子云路),residential,商务住宅;住宅区;住宅小区,金牛区,104.030382,30.703388
花照小区,residential,商务住宅;住宅区;住宅小区,金牛区,104.031504,30.703678
首开龙湖紫宸(建设中),residential,商务住宅;住宅区;住宅小区,金牛区,104.028766,30.701754
锦西人家,residential,商务住宅;住宅区;住宅区,金牛区,104.030718,30.706711
锦西人家2期,residential,商务住宅;住宅区;住宅小区,金牛区,104.031547,30.705981
锦西人家三期,residential,商务住宅;住宅区;住宅小区,金牛区,104.030514,30.707237
锦西人家1期,residential,商务住宅;住宅区;住宅小区,金牛区,104.032267,30.705389
优派公寓,residential,商务住宅;住宅区;住宅小区,金牛区,104.025323,30.702718
尚熙庭苑,residential,商务住宅;住宅区;住宅小区,金牛区,104.029183,30.708421
西街社区,residential,商务住宅;住宅区;住宅小区,金牛区,104.024554,30.701872
龙湖·花照1期,residential,商务住宅;住宅区;住宅小区,金牛区,104.030764,30.700465
金府路6号小区(金府路),residential,商务住宅;住宅区;住宅小区,金牛区,104.025923,30.708298
锦西人家四期,residential,商务住宅;住宅区;住宅小区,金牛区,104.032954,30.706875
九峰花园(金府路),residential,商务住宅;住宅区;住宅小区,金牛区,104.024829,30.707536
天羽揽月,residential,商务住宅;住宅区;住宅小区,金牛区,104.029747,30.708898
茶店子正街143号院,residential,商务住宅;住宅区;住宅小区,金牛区,104.024186,30.70146
生活2区,residential,商务住宅;住宅区;住宅小区,金牛区,104.023922,30.707471
城市绿舟花园,residential,商务住宅;住宅区;住宅小区,金牛区,104.032364,30.708366
茶店子街道锦城社区(茶店子正街),residential,商务住宅;住宅区;住宅小区,金牛区,104.025706,30.699867
茶店子南街1号院,residential,商务住宅;住宅区;住宅小区,金牛区,104.024797,30.699667
华宇·锦城名都,residential,商务住宅;住宅区;住宅小区,金牛区,104.039174,30.703575
今日家园(长庆东一路),residential,商务住宅;住宅区;住宅小区,金牛区,104.037637,30.705068
华宇·锦城名都B区,residential,商务住宅;住宅区;住宅小区,金牛区,104.037986,30.70272
锦城名都2期,residential,商务住宅;住宅区;住宅区,金牛区,104.038123,30.702711
九里教师苑,residential,商务住宅;住宅区;住宅小区,金牛区,104.040682,30.704169
金桔花园(中环路一品天下大街段),residential,商务住宅;住宅区;住宅小区,金牛区,104.039334,30.706156
第九交响南区,residential,商务住宅;住宅区;住宅小区,金牛区,104.036264,30.704219
中铁二局电务公司住宅,residential,商务住宅;住宅区;住宅小区,金牛区,104.037647,30.70665
中铁二局新运公司职工住宅,residential,商务住宅;住宅区;住宅小区,金牛区,104.037987,30.706898
花朝月盈,residential,商务住宅;住宅区;住宅小区,金牛区,104.036552,30.706109
香榭里,residential,商务住宅;住宅区;住宅小区,金牛区,104.039103,30.706887
第九交响,residential,商务住宅;住宅区;住宅小区,金牛区,104.035283,30.705223
交大路号,residential,商务住宅;住宅区;住宅小区,金牛区,104.042059,30.704668
宏源新居,residential,商务住宅;住宅区;住宅小区,金牛区,104.041127,30.702226
银河北街2号院,residential,商务住宅;住宅区;住宅区,金牛区,104.040576,30.701817
人和佳苑,residential,商务住宅;住宅区;住宅小区,金牛区,104.040303,30.707203
香榭里公交苑,residential,商务住宅;住宅区;住宅小区,金牛区,104.038462,30.707639
金海雅舍,residential,商务住宅;住宅区;住宅小区,金牛区,104.035052,30.703248
长久一巷小区,residential,商务住宅;住宅区;住宅小区,金牛区,104.035728,30.706634
和睦人家(花照壁中横街),residential,商务住宅;住宅区;住宅小区,金牛区,104.03604,30.701917
九里堤公交苑,residential,商务住宅;住宅区;住宅区,金牛区,104.038162,30.707838
交大智能小区8期,residential,商务住宅;住宅区;住宅小区,金牛区,104.039891,30.701154
锦西雅苑,residential,商务住宅;住宅区;住宅小区,金牛区,104.040231,30.707693
长庆东一路小区,residential,商务住宅;住宅区;住宅小区,金牛区,104.035055,30.706521
香都美地,residential,商务住宅;住宅区;住宅小区,金牛区,104.035637,30.707294
怡泽苑,residential,商务住宅;住宅区;住宅小区,金牛区,104.036267,30.707778
花照壁上横街231号院,residential,商务住宅;住宅区;住宅小区,金牛区,104.034071,30.704486
交桂巷小区,residential,商务住宅;住宅区;住宅小区,金牛区,104.042938,30.70331
和睦人家3期,residential,商务住宅;住宅区;住宅区,金牛区,104.035727,30.701296
怡欣苑(长庆东一路),residential,商务住宅;住宅区;住宅小区,金牛区,104.034677,30.706612
众合华庭,residential,商务住宅;住宅区;住宅小区,金牛区,104.041475,30.707555
花照壁西顺街31号院,residential,商务住宅;住宅区;住宅小区,金牛区,104.033825,30.704493
和睦·新天地,residential,商务住宅;住宅区;住宅小区,金牛区,104.037575,30.700422
金海岸(花照壁西顺街),residential,商务住宅;住宅区;住宅小区,金牛区,104.033734,30.704165
交大路199号院,residential,商务住宅;住宅区;住宅区,金牛区,104.039839,30.708592
金色阳光(交大路),residential,商务住宅;住宅区;住宅小区,金牛区,104.037329,30.708858
华明庭院,residential,商务住宅;住宅区;住宅小区,金牛区,104.041603,30.708235
九里苑西区,residential,商务住宅;住宅区;住宅小区,金牛区,104.042763,30.707348
银沙新居,residential,商务住宅;住宅区;住宅小区,金牛区,104.038358,30.699606
佳美榕苑,residential,商务住宅;住宅区;住宅小区,金牛区,104.040919,30.708942
祥和花园(长庆东路),residential,商务住宅;住宅区;住宅小区,金牛区,104.035447,30.70864
聚贤阁,residential,商务住宅;住宅区;住宅小区,金牛区,104.034754,30.70822
锦西名宅·天鑫花园,residential,商务住宅;住宅区;住宅小区,金牛区,104.042986,30.701148
银沙北街58号附院,residential,商务住宅;住宅区;住宅小区,金牛区,104.039708,30.699485
星河路27号院,residential,商务住宅;住宅区;住宅小区,金牛区,104.03965,30.709403
银河路小区,residential,商务住宅;住宅区;住宅小区,金牛区,104.042539,30.700482
星辰路小区,residential,商务住宅;住宅区;住宅小区,金牛区,104.042888,30.708096
长庆路4号院,residential,商务住宅;住宅区;住宅小区,金牛区,104.033821,30.707694
银沙北街91号院,residential,商务住宅;住宅区;住宅小区,金牛区,104.041147,30.699487
银沙路134号院,residential,商务住宅;住宅区;住宅小区,金牛区,104.041817,30.699801
顶峰·水岸汇景1期C区,residential,商务住宅;住宅区;住宅小区,金牛区,104.033946,30.700255
锦西花园,residential,商务住宅;住宅区;住宅小区,金牛区,104.042818,30.709325
恒和华园,residential,商务住宅;住宅区;住宅小区,金牛区,104.033785,30.709351
群星花园,residential,商务住宅;住宅区;住宅小区,金牛区,104.048512,30.704888
交大智能1期,residential,商务住宅;住宅区;住宅区,金牛区,104.047466,30.703808
云庭苑,residential,商务住宅;住宅区;住宅小区,金牛区,104.047809,30.706072
交大智能小区,residential,商务住宅;住宅区;住宅小区,金牛区,104.046178,30.705445
交桂二巷23号院,residential,商务住宅;住宅区;住宅小区,金牛区,104.045777,30.703268
西南交通大学九里校区北园住宅区,residential,商务住宅;住宅区;住宅小区,金牛区,104.046737,30.701923
交桂二巷21号院,residential,商务住宅;住宅区;住宅小区,金牛区,104.045435,30.703494
交大东园,residential,商务住宅;住宅区;住宅小区,金牛区,104.050762,30.706567
群星路5号院,residential,商务住宅;住宅区;住宅小区,金牛区,104.045512,30.703032
交大智能小区,residential,商务住宅;住宅区;住宅小区,金牛区,104.046178,30.705445
交桂二巷23号院,residential,商务住宅;住宅区;住宅小区,金牛区,104.045777,30.703268
西南交通大学九里校区北园住宅区,residential,商务住宅;住宅区;住宅小区,金牛区,104.046737,30.701923
交桂二巷21号院,residential,商务住宅;住宅区;住宅小区,金牛区,104.045435,30.703494
交大东园,residential,商务住宅;住宅区;住宅小区,金牛区,104.050762,30.706567
群星路5号院,residential,商务住宅;住宅区;住宅小区,金牛区,104.045512,30.703032
交大智能小区2期,residential,商务住宅;住宅区;住宅小区,金牛区,104.045263,30.705799
交桂一巷11号院,residential,商务住宅;住宅区;住宅小区,金牛区,104.044625,30.704151
交桂二巷2号院,residential,商务住宅;住宅区;住宅小区,金牛区,104.044685,30.703195
三友小区,residential,商务住宅;住宅区;住宅小区,金牛区,104.044778,30.702636
九里欣园小区3号楼,residential,商务住宅;住宅区;住宅小区,金牛区,104.049627,30.708172
亲水美居,residential,商务住宅;住宅区;住宅小区,金牛区,104.050953,30.707719
群星路1号院,residential,商务住宅;住宅区;住宅区,金牛区,104.044655,30.702156
沙湾北区商寓,residential,商务住宅;住宅区;住宅小区,金牛区,104.044144,30.702785
锦西民园,residential,商务住宅;住宅区;住宅小区,金牛区,104.045611,30.707696
九里欣园,residential,商务住宅;住宅区;住宅小区,金牛区,104.050089,30.708381
九里欣园小区8号楼,residential,商务住宅;住宅区;住宅小区,金牛区,104.049229,30.708657
九里欣园小区2号楼,residential,商务住宅;住宅区;住宅小区,金牛区,104.050491,30.708374
九里欣园小区6号楼,residential,商务住宅;住宅区;住宅小区,金牛区,104.049919,30.708669
交桂二巷1号院,residential,商务住宅;住宅区;住宅小区,金牛区,104.043697,30.702972
金都苑(赛云台西一路),residential,商务住宅;住宅区;住宅小区,金牛区,104.059724,30.704486
五福花园,residential,商务住宅;住宅区;住宅小区,金牛区,104.059872,30.705637
玉居庵西路8号院,residential,商务住宅;住宅区;住宅小区,金牛区,104.060498,30.703882
成都铁路局五块石小区,residential,商务住宅;住宅区;住宅小区,金牛区,104.060176,30.703313
欧美苑,residential,商务住宅;住宅区;住宅小区,金牛区,104.055945,30.704581
欧波罗,residential,商务住宅;住宅区;住宅小区,金牛区,104.055851,30.704072
吾非普罗,residential,商务住宅;住宅区;住宅小区,金牛区,104.055847,30.704011
海棠苑(玉赛路),residential,商务住宅;住宅区;住宅小区,金牛区,104.060443,30.706392
五福苑,residential,商务住宅;住宅区;住宅小区,金牛区,104.061591,30.704371
九里堤中路217号院(吾非普罗东),residential,商务住宅;住宅区;住宅小区,金牛区,104.055701,30.703253
天彩菁华,residential,商务住宅;住宅区;住宅小区,金牛区,104.055231,30.705036
华凌·尚城,residential,商务住宅;住宅区;住宅小区,金牛区,104.05993,30.707043
九里堤中路159号院,residential,商务住宅;住宅区;住宅小区,金牛区,104.055948,30.702005
天府名苑,residential,商务住宅;住宅区;住宅小区,金牛区,104.054435,30.705565
清荷苑,residential,商务住宅;住宅区;住宅小区,金牛区,104.062432,30.705954
站西桥西街32号院,residential,商务住宅;住宅区;住宅小区,金牛区,104.062189,30.702003
建兴苑,residential,商务住宅;住宅区;住宅小区,金牛区,104.054347,30.706112
九里堤中路149号院,residential,商务住宅;住宅区;住宅小区,金牛区,104.055644,30.701219
九里堤中路129号院,residential,商务住宅;住宅区;住宅小区,金牛区,104.056931,30.700408
竹苑巷4号院,residential,商务住宅;住宅区;住宅小区,金牛区,104.063461,30.704328
五福丽景,residential,商务住宅;住宅区;住宅小区,金牛区,104.058662,30.708648
五福新社区,residential,商务住宅;住宅区;住宅小区,金牛区,104.058662,30.708708
恒业·星园,residential,商务住宅;住宅区;住宅小区,金牛区,104.060144,30.708491
玉居庵西路1号院,residential,商务住宅;住宅区;住宅小区,金牛区,104.063339,30.702865
蓉北商贸大道一段21号院,residential,商务住宅;住宅区;住宅小区,金牛区,104.063112,30.706428
站西桥西巷小区,residential,商务住宅;住宅区;住宅小区,金牛区,104.062302,30.701203
协和花苑,residential,商务住宅;住宅区;住宅小区,金牛区,104.053617,30.706551
九里欣居,residential,商务住宅;住宅区;住宅小区,金牛区,104.055352,30.700378
九里堤街道西南交大社区,residential,商务住宅;住宅区;住宅小区,金牛区,104.055588,30.700181
九里堤中路91号院,residential,商务住宅;住宅区;住宅小区,金牛区,104.056748,30.699583
九里堤中路52号院,residential,商务住宅;住宅区;住宅小区,金牛区,104.056009,30.699558
能达花园,residential,商务住宅;住宅区;住宅小区,金牛区,104.068593,30.70345
玉居庵东路3号院,residential,商务住宅;住宅区;住宅小区,金牛区,104.067371,30.702753
玉居庵东路4号院,residential,商务住宅;住宅区;住宅小区,金牛区,104.067066,30.702376
云景豪庭(站北东街),residential,商务住宅;住宅区;住宅小区,金牛区,104.0686,30.701894
富丽花园,residential,商务住宅;住宅区;住宅小区,成华区,104.070856,30.705797
北港新城南苑,residential,商务住宅;住宅区;住宅小区,金牛区,104.069273,30.706845
站北东街121号院,residential,商务住宅;住宅区;住宅区,金牛区,104.069603,30.701934
玉居庵东路8号院,residential,商务住宅;住宅区;住宅小区,金牛区,104.066506,30.702361
金色港湾(玉局庵东路),residential,商务住宅;住宅区;住宅小区,金牛区,104.065798,30.703052
五块石村五组41号,residential,商务住宅;住宅区;住宅区,金牛区,104.0673,30.70697
齐盛花园,residential,商务住宅;住宅区;住宅小区,成华区,104.070347,30.706833
五丰苑,residential,商务住宅;住宅区;住宅小区,金牛区,104.066588,30.706972
福顺苑,residential,商务住宅;住宅区;住宅小区,成华区,104.071697,30.705776
美好家园,residential,商务住宅;住宅区;住宅小区,金牛区,104.068553,30.70124
东泰苑(站西桥东巷),residential,商务住宅;住宅区;住宅小区,金牛区,104.069413,30.701261
站西桥东巷1号院,residential,商务住宅;住宅区;住宅小区,金牛区,104.067343,30.701314
泰丰花苑,residential,商务住宅;住宅区;住宅小区,金牛区,104.067807,30.707687
站西桥东巷6号,residential,商务住宅;住宅区;住宅区,金牛区,104.067436,30.700961
东安苑,residential,商务住宅;住宅区;住宅小区,成华区,104.071724,30.706626
赛云台东二路39号幢院,residential,商务住宅;住宅区;住宅小区,金牛区,104.066299,30.707471
金茂苑(福祥街),residential,商务住宅;住宅区;住宅小区,成华区,104.070364,30.707633
站西桥东巷3号院,residential,商务住宅;住宅区;住宅小区,金牛区,104.066192,30.701229
沁园(站西桥东巷),residential,商务住宅;住宅区;住宅小区,金牛区,104.06678,30.700827
站西桥东巷5号院,residential,商务住宅;住宅区;住宅小区,金牛区,104.065959,30.7012
蓉北商贸一段,residential,商务住宅;住宅区;住宅小区,金牛区,104.064211,30.703272
赛云台北支路2号院,residential,商务住宅;住宅区;住宅小区,金牛区,104.067302,30.708169
泰丰·北极星,residential,商务住宅;住宅区;住宅区,金牛区,104.065729,30.707637
赛云台北路1号院,residential,商务住宅;住宅区;住宅小区,金牛区,104.065531,30.707513
现代金山苑,residential,商务住宅;住宅区;住宅区,成华区,104.069891,30.708279
金桂园(花径路),residential,商务住宅;住宅区;住宅小区,成华区,104.070334,30.708195
站西桥东巷7号院,residential,商务住宅;住宅区;住宅小区,金牛区,104.065283,30.70111
都市花城,residential,商务住宅;住宅区;住宅小区,成华区,104.072937,30.702357
南一社区,residential,商务住宅;住宅区;住宅小区,成华区,104.073434,30.703383
蓉北商贸大道一段3号院,residential,商务住宅;住宅区;住宅小区,金牛区,104.063667,30.703255
泰来小区,residential,商务住宅;住宅区;住宅小区,成华区,104.072994,30.706457
站西桥东巷10号,residential,商务住宅;住宅区;住宅区,金牛区,104.065588,30.700795
赛云台北支路4号院,residential,商务住宅;住宅区;住宅小区,金牛区,104.067144,30.708659
赛云台北路5号院,residential,商务住宅;住宅区;住宅小区,金牛区,104.065964,30.708445
赛云台东二路3号院,residential,商务住宅;住宅区;住宅小区,金牛区,104.064355,30.707384
馨碧苑,residential,商务住宅;住宅区;住宅小区,成华区,104.07215,30.707961
金山苑(站北中街),residential,商务住宅;住宅区;住宅小区,成华区,104.070176,30.708923
站西桥东巷12号,residential,商务住宅;住宅区;住宅区,金牛区,104.065091,30.70062
站北东横街44号院,residential,商务住宅;住宅区;住宅小区,成华区,104.073501,30.702162
五福小区,residential,商务住宅;住宅区;住宅小区,金牛区,104.065345,30.708439
赛云台北路8号院,residential,商务住宅;住宅区;住宅小区,金牛区,104.064413,30.707831
赛云台北路10号院,residential,商务住宅;住宅区;住宅小区,金牛区,104.064781,30.708255
赛云台北路7号院,residential,商务住宅;住宅区;住宅小区,金牛区,104.065983,30.708943
蓉北商贸大道一段26号院,residential,商务住宅;住宅区;住宅小区,金牛区,104.063934,30.707765
蓉北商贸大道一段24号院,residential,商务住宅;住宅区;住宅区,金牛区,104.063939,30.707768
站北东横街46号院,residential,商务住宅;住宅区;住宅小区,成华区,104.073454,30.701101
站西桥西街28号院,residential,商务住宅;住宅区;住宅小区,金牛区,104.063847,30.7005
站西桥西街16号院,residential,商务住宅;住宅区;住宅小区,金牛区,104.063783,30.699496
八里桥路84号小区,residential,商务住宅;住宅区;住宅小区,成华区,104.077786,30.703036
五汇苑,residential,商务住宅;住宅区;住宅小区,成华区,104.076752,30.704984
红花堰住宅小区,residential,商务住宅;住宅区;住宅小区,成华区,104.078435,30.706784
润芝园,residential,商务住宅;住宅区;住宅小区,成华区,104.07668,30.702366
站北东街3号院,residential,商务住宅;住宅区;住宅区,成华区,104.074991,30.703522
站东一组小区,residential,商务住宅;住宅区;住宅小区,成华区,104.074825,30.703577
站北路社区六组,residential,商务住宅;住宅区;住宅小区,成华区,104.074593,30.703758
南二社区,residential,商务住宅;住宅区;住宅小区,成华区,104.074612,30.702589
站东小区,residential,商务住宅;住宅区;住宅小区,成华区,104.075613,30.701359
站北东横巷83号院,residential,商务住宅;住宅区;住宅小区,成华区,104.076227,30.700879
北辰商寓,residential,商务住宅;住宅区;住宅小区,成华区,104.073781,30.704338
新绿苑,residential,商务住宅;住宅区;住宅小区,成华区,104.082752,30.701436
站北东横街44号院,residential,商务住宅;住宅区;住宅小区,成华区,104.073501,30.702162
荷花池街小区,residential,商务住宅;住宅区;住宅小区,成华区,104.081942,30.70034
东沙路社区,residential,商务住宅;住宅区;住宅小区,成华区,104.075878,30.709225
祥苑(水武街),residential,商务住宅;住宅区;住宅小区,成华区,104.074172,30.709087
华宇·阳光水岸,residential,商务住宅;住宅区;住宅小区,成华区,104.088272,30.704855
滨河丽景,residential,商务住宅;住宅区;住宅小区,成华区,104.089982,30.703989
水岸雅居(羊子山路),residential,商务住宅;住宅区;住宅小区,成华区,104.090514,30.704244
朝阳北苑,residential,商务住宅;住宅区;住宅小区,成华区,104.09023,30.705511
欣河苑,residential,商务住宅;住宅区;住宅小区,成华区,104.085705,30.703972
香澜半岛,residential,商务住宅;住宅区;住宅小区,成华区,104.089724,30.702054
华宇阳光四季,residential,商务住宅;住宅区;住宅小区,成华区,104.091098,30.705564
沙河·路苑,residential,商务住宅;住宅区;住宅小区,成华区,104.08594,30.701896
驷马康城,residential,商务住宅;住宅区;住宅小区,成华区,104.092752,30.701396
东立国际广场,residential,商务住宅;住宅区;住宅小区,成华区,104.090124,30.699818
慧苑(西林一街),residential,商务住宅;住宅区;住宅小区,成华区,104.092407,30.700812
鑫禾·北城鑫街,residential,商务住宅;住宅区;住宅小区,成华区,104.092994,30.7074
仙湖公馆,residential,商务住宅;住宅区;住宅小区,成华区,104.091297,30.708691
丽水澜庭A区,residential,商务住宅;住宅区;住宅小区,成华区,104.088759,30.709329
兴元华盛2期,residential,商务住宅;住宅区;住宅小区,成华区,104.093347,30.708732
军星佳苑,residential,商务住宅;住宅区;住宅小区,成华区,104.099078,30.703487
青龙鹭苑,residential,商务住宅;住宅区;住宅小区,成华区,104.096101,30.704121
北回归线,residential,商务住宅;住宅区;住宅小区,成华区,104.100248,30.702615
北回归线2期,residential,商务住宅;住宅区;住宅区,成华区,104.100487,30.702701
北回归线1期,residential,商务住宅;住宅区;住宅区,成华区,104.099496,30.701828
瑞祥御锦,residential,商务住宅;住宅区;住宅小区,成华区,104.098401,30.701322
北辰美庐,residential,商务住宅;住宅区;住宅小区,成华区,104.095524,30.702182
西林小区,residential,商务住宅;住宅区;住宅小区,成华区,104.100947,30.701491
仁义路社区,residential,商务住宅;住宅区;住宅小区,成华区,104.099922,30.700747
金科星耀天都,residential,商务住宅;住宅区;住宅小区,成华区,104.094351,30.702887
青龙日月苑,residential,商务住宅;住宅区;住宅小区,成华区,104.102532,30.70269
紫金花园(西林四街),residential,商务住宅;住宅区;住宅小区,成华区,104.100894,30.700816
沙河新居,residential,商务住宅;住宅区;住宅小区,成华区,104.101429,30.701117
富丽锦城,residential,商务住宅;住宅区;住宅小区,成华区,104.095139,30.701014
融锦城,residential,商务住宅;住宅区;住宅小区,成华区,104.094519,30.707588
诺亚方舟,residential,商务住宅;楼宇;楼宇相关,成华区,104.100014,30.704835
青乐苑D区,residential,商务住宅;住宅区;住宅区,成华区,104.108218,30.705138
铁路小区7栋,residential,商务住宅;住宅区;住宅小区,成华区,104.109643,30.704331
青乐苑A区,residential,商务住宅;住宅区;住宅区,成华区,104.109698,30.704482
青乐苑C区,residential,商务住宅;住宅区;住宅区,成华区,104.109738,30.705179
青铁家园,residential,商务住宅;住宅区;住宅小区,成华区,104.109007,30.702883
青兴苑,residential,商务住宅;住宅区;住宅小区,成华区,104.106467,30.704011
成都青龙社区1区,residential,商务住宅;住宅区;住宅小区,成华区,104.106627,30.705354
青乐苑,residential,商务住宅;住宅区;住宅小区,成华区,104.110861,30.704016
青龙苑,residential,商务住宅;住宅区;住宅区,成华区,104.106125,30.703608
领都龙城Ⅱ期,residential,商务住宅;住宅区;住宅小区,成华区,104.106367,30.702955
龙城Ⅱ期领都,residential,商务住宅;住宅区;住宅小区,成华区,104.106646,30.702401
昭青社区,residential,商务住宅;住宅区;住宅小区,成华区,104.105789,30.70542
领都龙城2期,residential,商务住宅;住宅区;住宅小区,成华区,104.106177,30.70208
青龙小区,residential,商务住宅;住宅区;住宅小区,成华区,104.104896,30.703942
肯龙小区,residential,商务住宅;住宅区;住宅小区,成华区,104.104936,30.703564
中国铁建·青秀城,residential,商务住宅;住宅区;住宅小区,成华区,104.111837,30.702886
中铁·北城华府,residential,商务住宅;住宅区;住宅小区,成华区,104.112087,30.703397
云龙公寓(云龙路),residential,商务住宅;住宅区;住宅小区,成华区,104.104906,30.703
新和平苑,residential,商务住宅;住宅区;住宅小区,成华区,104.109259,30.701013
龙城,residential,商务住宅;住宅区;住宅小区,成华区,104.104871,30.702509
西林豫府,residential,商务住宅;住宅区;住宅小区,成华区,104.111269,30.701286
东林景忆,residential,商务住宅;住宅区;住宅小区,成华区,104.112054,30.707128
昭青怡园,residential,商务住宅;住宅区;住宅小区,成华区,104.103703,30.704852
昭君路社区,residential,商务住宅;住宅区;住宅小区,成华区,104.103566,30.706651
青龙乾院,residential,商务住宅;住宅区;住宅小区,成华区,104.103687,30.701319
平安大院,residential,商务住宅;住宅区;住宅小区,成华区,104.122354,30.704574
马克公馆2期,residential,商务住宅;住宅区;住宅小区,成华区,104.116454,30.70259
领地海纳时代,residential,商务住宅;住宅区;住宅小区,成华区,104.115349,30.703612
银锣湾(青龙路),residential,商务住宅;住宅区;住宅小区,成华区,104.116027,30.707874
西林新居2期,residential,商务住宅;住宅区;住宅小区,成华区,104.113602,30.701478
青龙乡海滨村三组77号,residential,商务住宅;住宅区;住宅区,成华区,104.121183,30.704658
马克公馆,residential,商务住宅;住宅区;住宅小区,成华区,104.114811,30.703061
上古天地,residential,商务住宅;住宅区;住宅小区,成华区,104.163292,30.707038
上东国际,residential,商务住宅;住宅区;住宅小区,成华区,104.159946,30.702909
北湖龙郡,residential,商务住宅;住宅区;住宅小区,成华区,104.159367,30.702912
北湖龙郡(龙潭立交),residential,商务住宅;住宅区;住宅小区,成华区,104.159473,30.7028
隆兴嘉苑(龙树路),residential,商务住宅;住宅区;住宅小区,成华区,104.158555,30.705298
中国铁建北湖国际城,residential,商务住宅;住宅区;住宅小区,成华区,104.154531,30.709367
北湖国际城2期(建设中),residential,商务住宅;住宅区;住宅小区,成华区,104.155171,30.708634
华宇·北城中央,residential,商务住宅;住宅区;住宅小区,成华区,104.161697,30.705555
隆兴雅园,residential,商务住宅;住宅区;住宅小区,成华区,104.159567,30.707369
香木林馨园,residential,商务住宅;住宅区;住宅小区,成华区,104.162611,30.703729
龙翔人家,residential,商务住宅;住宅区;住宅小区,成华区,104.167939,30.704946
北湖龙珠,residential,商务住宅;住宅区;住宅小区,成华区,104.167605,30.703029
东润豪庭1期,residential,商务住宅;住宅区;住宅小区,成华区,104.167231,30.702563
东润豪庭,residential,商务住宅;住宅区;住宅小区,成华区,104.167182,30.702362
时代欣城,residential,商务住宅;住宅区;住宅小区,成华区,104.170851,30.702865
东润豪庭2期,residential,商务住宅;住宅区;住宅区,成华区,104.166438,30.702648
龙翔苑,residential,商务住宅;住宅区;住宅区,成华区,104.165374,30.705877
隆锦广场,residential,商务住宅;住宅区;住宅小区,成华区,104.164716,30.706308
秀林苑,residential,商务住宅;住宅区;住宅小区,成华区,104.169115,30.700305
金科·天籁城2期,residential,商务住宅;住宅区;住宅小区,成华区,104.165526,30.700978
秀林尚苑东区,residential,商务住宅;住宅区;住宅小区,成华区,104.170897,30.700588
隆兴路三号,residential,商务住宅;住宅区;住宅小区,成华区,104.163991,30.705358
金科·天籁城,residential,商务住宅;住宅区;住宅小区,成华区,104.165535,30.700683
龙湖丽景,residential,商务住宅;住宅区;住宅小区,成华区,104.16707,30.708989
同乐社区2幢,residential,商务住宅;住宅区;住宅小区,成华区,104.171346,30.708931
二重嘉苑,residential,商务住宅;住宅区;住宅小区,成华区,104.180125,30.700637
清江苑,residential,商务住宅;住宅区;住宅小区,青羊区,103.973062,30.690586
黄金苑,residential,商务住宅;住宅区;住宅小区,青羊区,103.968415,30.692226
黄土小区,residential,商务住宅;住宅区;住宅小区,青羊区,103.970725,30.690656
成飞463小区,residential,商务住宅;住宅区;住宅小区,青羊区,103.964487,30.695968
单身公寓(清河一支路),residential,商务住宅;住宅区;住宅小区,青羊区,103.973073,30.690055
盛畅园,residential,商务住宅;住宅区;住宅小区,青羊区,103.964362,30.69739
成飞520小区,residential,商务住宅;住宅区;住宅小区,青羊区,103.966296,30.696742
西金苑,residential,商务住宅;住宅区;住宅区,青羊区,103.970127,30.695425
成飞物业559小区,residential,商务住宅;住宅区;住宅小区,青羊区,103.968232,30.698739
成飞404小区,residential,商务住宅;住宅区;住宅小区,青羊区,103.964748,30.698836
成飞家园512小区,residential,商务住宅;住宅区;住宅小区,青羊区,103.966658,30.69951
西金苑C区,residential,商务住宅;住宅区;住宅小区,青羊区,103.971941,30.696087
西金苑A区,residential,商务住宅;住宅区;住宅小区,青羊区,103.970141,30.696078
黄土中心村,residential,商务住宅;住宅区;住宅小区,青羊区,103.965772,30.694217
西金苑D区,residential,商务住宅;住宅区;住宅小区,青羊区,103.971051,30.694557
西金苑B区,residential,商务住宅;住宅区;住宅小区,青羊区,103.971964,30.697375
西金苑D区14号,residential,商务住宅;住宅区;住宅区,青羊区,103.970437,30.693629
清波小区西区,residential,商务住宅;住宅区;住宅小区,青羊区,103.981731,30.692409
清波小区,residential,商务住宅;住宅区;住宅小区,青羊区,103.983066,30.692018
清水河社区,residential,商务住宅;住宅区;住宅小区,金牛区,103.978207,30.697351
清波小区(东区),residential,商务住宅;住宅区;住宅小区,青羊区,103.984552,30.691779
蓝光·雍锦园,residential,商务住宅;住宅区;住宅小区,青羊区,103.988268,30.692777
雍锦王府(建设中),residential,商务住宅;住宅区;住宅小区,青羊区,103.988007,30.691828
蓝光·CoCo金沙2期,residential,商务住宅;住宅区;住宅小区,青羊区,103.984553,30.6938
海亮樾金沙,residential,商务住宅;住宅区;住宅小区,青羊区,103.990531,30.690961
海亮爱金沙,residential,商务住宅;住宅区;住宅小区,青羊区,103.987052,30.692789
中海·金沙府,residential,商务住宅;住宅区;住宅小区,青羊区,104.003459,30.691238
金沙城,residential,商务住宅;住宅区;住宅小区,青羊区,103.998274,30.694762
成都潮蓉金沙彦府,residential,商务住宅;住宅区;住宅小区,青羊区,103.999962,30.693996
龙栖苑,residential,商务住宅;住宅区;住宅小区,青羊区,104.000464,30.69543
太行瑞宏朗诗金沙城(建设中),residential,商务住宅;住宅区;住宅小区,青羊区,103.997863,30.695481
蜀辉路299号院,residential,商务住宅;住宅区;住宅区,青羊区,104.0037,30.69715
龙嘴路9号院,residential,商务住宅;住宅区;住宅小区,青羊区,104.002123,30.698317
龙嘴小区,residential,商务住宅;住宅区;住宅小区,青羊区,104.008135,30.693504
阳光金沙,residential,商务住宅;住宅区;住宅小区,金牛区,104.009005,30.693075
金都花园(蜀汉路),residential,商务住宅;住宅区;住宅小区,金牛区,104.010539,30.6944
同怡横街50号院,residential,商务住宅;住宅区;住宅小区,金牛区,104.008511,30.691918
芙蓉苑(黄忠西街),residential,商务住宅;住宅区;住宅小区,金牛区,104.010785,30.692544
绿洲华苑,residential,商务住宅;住宅区;住宅小区,金牛区,104.008428,30.697204
千和馨城,residential,商务住宅;住宅区;住宅小区,金牛区,104.012192,30.693845
金域港湾,residential,商务住宅;住宅区;住宅小区,金牛区,104.011136,30.696786
同怡社区(东门),residential,商务住宅;住宅区;住宅小区,青羊区,104.00528,30.694017
欧韵金沙,residential,商务住宅;住宅区;住宅小区,青羊区,104.006138,30.696866
春语花间,residential,商务住宅;住宅区;住宅小区,青羊区,104.005565,30.692471
芙蓉苑(黄忠横街),residential,商务住宅;住宅区;住宅小区,金牛区,104.009879,30.691159
蜀汉路337号大院,residential,商务住宅;住宅区;住宅区,金牛区,104.012684,30.695078
金沙·别致,residential,商务住宅;住宅区;住宅小区,金牛区,104.01124,30.691557
西城天下,residential,商务住宅;住宅区;住宅小区,金牛区,104.012204,30.69668
幸福春天,residential,商务住宅;住宅区;住宅小区,金牛区,104.009425,30.698366
同怡社区(南1门),residential,商务住宅;住宅区;住宅小区,青羊区,104.004103,30.694324
建发·金沙里,residential,商务住宅;住宅区;住宅小区,青羊区,104.00416,30.693679
德意馨苑,residential,商务住宅;住宅区;住宅小区,金牛区,104.007072,30.698347
智业逸景·爱丽舍,residential,商务住宅;住宅区;住宅小区,金牛区,104.012692,30.692266
幸福枫景,residential,商务住宅;住宅区;住宅小区,金牛区,104.011692,30.697831
上品·优空间,residential,商务住宅;住宅区;住宅小区,金牛区,104.013484,30.693297
同怡社区(南门),residential,商务住宅;住宅区;住宅小区,青羊区,104.003997,30.692676
千和银杏·花苑,residential,商务住宅;住宅区;住宅小区,金牛区,104.010486,30.698778
加贝花园,residential,商务住宅;住宅区;住宅小区,金牛区,104.013386,30.696657
金沙·逸苑,residential,商务住宅;住宅区;住宅小区,金牛区,104.010388,30.690124
绿杨新邨(蜀汉路),residential,商务住宅;住宅区;住宅小区,金牛区,104.013605,30.692515
博雅庭韵,residential,商务住宅;住宅区;住宅小区,金牛区,104.00508,30.690971
金沙国际,residential,商务住宅;住宅区;住宅小区,金牛区,104.006877,30.689948
金沙美邻丽雅苑,residential,商务住宅;住宅区;住宅小区,金牛区,104.012441,30.690848
蜀明东路小区,residential,商务住宅;住宅区;住宅小区,金牛区,104.012284,30.698325
金色池塘,residential,商务住宅;住宅区;住宅小区,金牛区,104.008708,30.699481
蜀辉路299号院,residential,商务住宅;住宅区;住宅区,青羊区,104.0037,30.69715
润扬·金沙30度,residential,商务住宅;住宅区;住宅小区,金牛区,104.01181,30.690194
育苗路社区西区,residential,商务住宅;住宅区;住宅小区,金牛区,104.012624,30.698466
金地金沙府邸,residential,商务住宅;住宅区;住宅小区,青羊区,104.004829,30.69863
西延雅舍,residential,商务住宅;住宅区;住宅小区,金牛区,104.013553,30.690118
锦城苑(蜀汉路),residential,商务住宅;住宅区;住宅小区,金牛区,104.01775,30.693172
欧尚小区,residential,商务住宅;住宅区;住宅小区,金牛区,104.017799,30.69306
东方苑(蜀兴西街),residential,商务住宅;住宅区;住宅小区,金牛区,104.016304,30.694828
金港湾花园1期,residential,商务住宅;住宅区;住宅小区,金牛区,104.017288,30.696248
一品天下A区,residential,商务住宅;住宅区;住宅小区,金牛区,104.021147,30.69462
二十九所生活区丁区,residential,商务住宅;住宅区;住宅小区,金牛区,104.020908,30.695532
福兴苑,residential,商务住宅;住宅区;住宅小区,金牛区,104.017169,30.696785
金穗苑(蜀兴西街),residential,商务住宅;住宅区;住宅小区,金牛区,104.015884,30.69586
康馨源小区,residential,商务住宅;住宅区;住宅小区,金牛区,104.021601,30.69262
锦城花园(中环路一品天下大街段),residential,商务住宅;住宅区;住宅小区,金牛区,104.020582,30.691701
一品天下C区,residential,商务住宅;住宅区;住宅小区,金牛区,104.022478,30.694335
红色小区,residential,商务住宅;住宅区;住宅小区,金牛区,104.016219,30.697264
黄忠街道金沙公园北社区,residential,商务住宅;住宅区;住宅小区,金牛区,104.016888,30.691344
阳光地带(蜀光路),residential,商务住宅;住宅区;住宅小区,金牛区,104.01448,30.694425
育苗路社区南区,residential,商务住宅;住宅区;住宅小区,金牛区,104.016126,30.697346
蜀汉路488号院,residential,商务住宅;住宅区;住宅区,金牛区,104.015131,30.692565
攀乐苑,residential,商务住宅;住宅区;住宅小区,金牛区,104.022088,30.692411
新天地(蜀汉路),residential,商务住宅;住宅区;住宅小区,金牛区,104.016416,30.691328
金港湾花园,residential,商务住宅;住宅区;住宅小区,金牛区,104.017446,30.698248
西藏邮苑,residential,商务住宅;住宅区;住宅小区,金牛区,104.014741,30.696929
二十九所生活区丙区,residential,商务住宅;住宅区;住宅小区,金牛区,104.022514,30.697232
华夏之家,residential,商务住宅;住宅区;住宅小区,金牛区,104.017964,30.6901
锦城庭院,residential,商务住宅;住宅区;住宅小区,金牛区,104.022999,30.691759
懋园·西沿风景,residential,商务住宅;住宅区;住宅小区,金牛区,104.016404,30.698738
新和名座,residential,商务住宅;住宅区;住宅小区,金牛区,104.021252,30.690357
蜀汉路259号院,residential,商务住宅;住宅区;住宅区,金牛区,104.020191,30.689974
金沙美邻,residential,商务住宅;住宅区;住宅区,金牛区,104.014605,30.691147
三和花园,residential,商务住宅;住宅区;住宅小区,金牛区,104.015748,30.690254
蜀汉路346号小区,residential,商务住宅;住宅区;住宅小区,金牛区,104.018487,30.689548
金沙美邻丽锦苑,residential,商务住宅;住宅区;住宅小区,金牛区,104.014055,30.691363
二十九所生活区甲区,residential,商务住宅;住宅区;住宅小区,金牛区,104.02122,30.699122
安蓉小区,residential,商务住宅;住宅区;住宅小区,金牛区,104.023369,30.697912
茶店子安蓉路8号院,residential,商务住宅;住宅区;住宅小区,金牛区,104.023358,30.698024
黄忠小区(蜀汉路),residential,商务住宅;住宅区;住宅小区,金牛区,104.021524,30.689614
唯特郡,residential,商务住宅;住宅区;住宅小区,金牛区,104.022564,30.689556
五里墩路49号院,residential,商务住宅;住宅区;住宅小区,金牛区,104.028758,30.693839
奥林社区(营康西路),residential,商务住宅;住宅区;住宅小区,金牛区,104.028972,30.692873
五里墩19号院,residential,商务住宅;住宅区;住宅小区,金牛区,104.030538,30.694964
电子所住宅区,residential,商务住宅;住宅区;住宅小区,金牛区,104.030545,30.696052
五里墩路119号院,residential,商务住宅;住宅区;住宅区,金牛区,104.028373,30.692464
五里墩三巷19号,residential,商务住宅;住宅区;住宅区,金牛区,104.028585,30.692316
五里墩一巷1号,residential,商务住宅;住宅区;住宅区,金牛区,104.029753,30.692427
十七号大院,residential,商务住宅;住宅区;住宅小区,金牛区,104.031146,30.695233
茶店子东街48号院,residential,商务住宅;住宅区;住宅小区,金牛区,104.028164,30.697009
五里墩中一巷11号院,residential,商务住宅;住宅区;住宅小区,金牛区,104.02926,30.69186
五里墩中一巷4号院,residential,商务住宅;住宅区;住宅小区,金牛区,104.029854,30.692006
五里墩支路144号院,residential,商务住宅;住宅区;住宅小区,金牛区,104.031102,30.692731
五里墩中一巷9号院,residential,商务住宅;住宅区;住宅小区,金牛区,104.029454,30.691683
茶店子东街31号院,residential,商务住宅;住宅区;住宅小区,金牛区,104.030421,30.696939
五里墩中三巷1号院,residential,商务住宅;住宅区;住宅小区,金牛区,104.03056,30.691956
五里墩中一巷7号院,residential,商务住宅;住宅区;住宅小区,金牛区,104.029648,30.691569
五里墩支路142号院,residential,商务住宅;住宅区;住宅小区,金牛区,104.031364,30.692569
五里墩中一巷2号院,residential,商务住宅;住宅区;住宅小区,金牛区,104.030145,30.691707
五里墩中一巷5号院,residential,商务住宅;住宅区;住宅小区,金牛区,104.029796,30.691499
锦城社区东区,residential,商务住宅;住宅区;住宅小区,金牛区,104.029131,30.697733
五里墩中二巷3号院,residential,商务住宅;住宅区;住宅小区,金牛区,104.030033,30.691376
奥林社区,residential,商务住宅;住宅区;住宅小区,金牛区,104.031585,30.692081
五里墩中三巷4号院,residential,商务住宅;住宅区;住宅小区,金牛区,104.031001,30.691615
五里墩中三巷2号院,residential,商务住宅;住宅区;住宅小区,金牛区,104.030644,30.691355
蜀兴苑,residential,商务住宅;住宅区;住宅小区,金牛区,104.02521,30.692113
五里墩中二巷1号院,residential,商务住宅;住宅区;住宅小区,金牛区,104.030468,30.691002
一品天下D区,residential,商务住宅;住宅区;住宅小区,金牛区,104.024059,30.695525
五里墩横街43号院,residential,商务住宅;住宅区;住宅小区,金牛区,104.03146,30.691122
营门口路523号院,residential,商务住宅;住宅区;住宅小区,金牛区,104.033225,30.69586
五里墩东街小区,residential,商务住宅;住宅区;住宅小区,金牛区,104.032477,30.691805
锦汇花园,residential,商务住宅;住宅区;住宅小区,金牛区,104.027872,30.69018
西城公馆,residential,商务住宅;住宅区;住宅小区,金牛区,104.025754,30.698098
五里墩横街9号院,residential,商务住宅;住宅区;住宅小区,金牛区,104.031911,30.690913
化成社区(五里墩东路),residential,商务住宅;住宅区;住宅小区,金牛区,104.031889,30.690786
顶峰·水岸汇景1期,residential,商务住宅;住宅区;住宅小区,金牛区,104.03259,30.697649
一品天下B区,residential,商务住宅;住宅区;住宅小区,金牛区,104.023677,30.696696
顶峰·水岸汇景,residential,商务住宅;住宅区;住宅小区,金牛区,104.033252,30.697227
化成社区(蜀营街),residential,商务住宅;住宅区;住宅小区,金牛区,104.030526,30.689769
五里墩东二巷4号院,residential,商务住宅;住宅区;住宅小区,金牛区,104.033009,30.691136
五里墩东二巷6号院,residential,商务住宅;住宅区;住宅小区,金牛区,104.032945,30.690892
五里墩东二巷2号院,residential,商务住宅;住宅区;住宅小区,金牛区,104.033557,30.691201
蓝光·云鼎,residential,商务住宅;住宅区;住宅小区,金牛区,104.025297,30.689877
五里墩东路18号院,residential,商务住宅;住宅区;住宅小区,金牛区,104.031097,30.689454
城市博客阳光里,residential,商务住宅;住宅区;住宅小区,金牛区,104.024332,30.698509
五里墩东二巷8号院,residential,商务住宅;住宅区;住宅小区,金牛区,104.032795,30.690361
五里墩东二巷10号院,residential,商务住宅;住宅区;住宅小区,金牛区,104.032696,30.690009
五里墩东二巷5号院,residential,商务住宅;住宅区;住宅小区,金牛区,104.03359,30.690743
茶店子南街3号院,residential,商务住宅;住宅区;住宅小区,金牛区,104.024609,30.699051
营康西路小区,residential,商务住宅;住宅区;住宅小区,金牛区,104.032208,30.689591
五里墩路东二巷7号,residential,商务住宅;住宅区;住宅区,金牛区,104.033354,30.690366
五里墩东二巷9号院,residential,商务住宅;住宅区;住宅小区,金牛区,104.033159,30.690172
凯丽豪景2期,residential,商务住宅;住宅区;住宅小区,金牛区,104.023957,30.689786
茶店子南街7号院,residential,商务住宅;住宅区;住宅区,金牛区,104.024129,30.699311
二环路西三段60号院,residential,商务住宅;住宅区;住宅小区,金牛区,104.033108,30.689565
和睦人家1期,residential,商务住宅;住宅区;住宅区,金牛区,104.038099,30.694924
新柳苑,residential,商务住宅;住宅区;住宅小区,金牛区,104.03756,30.694413
二环路北一段小区,residential,商务住宅;住宅区;住宅小区,金牛区,104.039655,30.69505
二环路北二段241号院,residential,商务住宅;住宅区;住宅区,金牛区,104.037848,30.693454
新天地,residential,商务住宅;住宅区;住宅小区,金牛区,104.039947,30.695035
互利西一巷8号附4号院,residential,商务住宅;住宅区;住宅小区,金牛区,104.037632,30.693259
光荣西路71号院,residential,商务住宅;住宅区;住宅区,金牛区,104.04034,30.694494
嘉州华府,residential,商务住宅;住宅区;住宅小区,金牛区,104.040136,30.695447
光荣西路73号院,residential,商务住宅;住宅区;住宅小区,金牛区,104.040545,30.694577
嘉州华府美华居,residential,商务住宅;住宅区;住宅小区,金牛区,104.040252,30.695423
光荣西路70号院,residential,商务住宅;住宅区;住宅小区,金牛区,104.040977,30.693985
为民路54号院,residential,商务住宅;住宅区;住宅区,金牛区,104.040306,30.69288
和睦人家(金房苑南路),residential,商务住宅;住宅区;住宅小区,金牛区,104.037768,30.696483
金城丽景,residential,商务住宅;住宅区;住宅小区,金牛区,104.040078,30.696214
互利西一巷5号院,residential,商务住宅;住宅区;住宅小区,金牛区,104.036526,30.692898
汇景新村,residential,商务住宅;住宅区;住宅小区,金牛区,104.036057,30.695422
幸福丽景营门口405号院,residential,商务住宅;住宅区;住宅小区,金牛区,104.035794,30.695031
信禾人家(为民路),residential,商务住宅;住宅区;住宅小区,金牛区,104.040865,30.692838
营门口路405号院,residential,商务住宅;住宅区;住宅区,金牛区,104.035536,30.694911
互利西一巷4号院,residential,商务住宅;住宅区;住宅小区,金牛区,104.035831,30.693203
汇阳新村一期(幸福丽景东北),residential,商务住宅;住宅区;住宅小区,金牛区,104.035462,30.694732
汇阳新村,residential,商务住宅;住宅区;住宅小区,金牛区,104.035429,30.693972
宏源公寓,residential,商务住宅;住宅区;住宅小区,金牛区,104.0384,30.691645
和睦人家2期,residential,商务住宅;住宅区;住宅区,金牛区,104.037218,30.697002
为民新居,residential,商务住宅;住宅区;住宅小区,金牛区,104.039015,30.691477
银沙路小区,residential,商务住宅;住宅区;住宅小区,金牛区,104.041284,30.696364
光荣西路60号(58号)小区,residential,商务住宅;住宅区;住宅小区,金牛区,104.0402,30.691687
光荣西路58-60号,residential,商务住宅;住宅区;住宅小区,金牛区,104.04035,30.691692
万科加州湾,residential,商务住宅;住宅区;住宅小区,金牛区,104.042356,30.695114
光荣西路58号院,residential,商务住宅;住宅区;住宅区,金牛区,104.03988,30.691268
银沙正街2号院,residential,商务住宅;住宅区;住宅小区,金牛区,104.040085,30.697599
金沙北二路2号-4号院,residential,商务住宅;住宅区;住宅小区,金牛区,104.042556,30.694311
幸福丽景,residential,商务住宅;住宅区;住宅小区,金牛区,104.034503,30.694441
琴园,residential,商务住宅;住宅区;住宅小区,金牛区,104.036413,30.697504
金房星座,residential,商务住宅;住宅区;住宅小区,金牛区,104.038857,30.698017
月园,residential,商务住宅;住宅区;住宅小区,金牛区,104.034847,30.696283
内光荣小区,residential,商务住宅;住宅区;住宅小区,金牛区,104.042134,30.692072
香木林·加州国际,residential,商务住宅;住宅区;住宅小区,金牛区,104.042321,30.69659
金沙巷社区,residential,商务住宅;住宅区;住宅小区,金牛区,104.040615,30.690971
光荣西路56号院,residential,商务住宅;住宅区;住宅区,金牛区,104.039439,30.690592
金沙横街2号院,residential,商务住宅;住宅区;住宅小区,金牛区,104.043222,30.694809
加洲阳光西香纪,residential,商务住宅;住宅区;住宅小区,金牛区,104.038363,30.690393
加州阳光,residential,商务住宅;住宅区;住宅区,金牛区,104.03852,30.690355
荣鑫苑(银沙横街),residential,商务住宅;住宅区;住宅小区,金牛区,104.042031,30.697281
银沙正街66号院,residential,商务住宅;住宅区;住宅小区,金牛区,104.040388,30.698265
明苑西区,residential,商务住宅;住宅区;住宅小区,金牛区,104.039552,30.690296
澳林春天,residential,商务住宅;住宅区;住宅小区,金牛区,104.034465,30.692083
金房星座,residential,商务住宅;住宅区;住宅小区,金牛区,104.038857,30.698017
银沙路40号院,residential,商务住宅;住宅区;住宅小区,金牛区,104.041341,30.697238
月园,residential,商务住宅;住宅区;住宅小区,金牛区,104.034847,30.696283
金沙巷12号小区,residential,商务住宅;住宅区;住宅小区,金牛区,104.040182,30.690985
内光荣小区,residential,商务住宅;住宅区;住宅小区,金牛区,104.042134,30.692072
香木林·加州国际,residential,商务住宅;住宅区;住宅小区,金牛区,104.042321,30.69659
金沙巷社区,residential,商务住宅;住宅区;住宅小区,金牛区,104.040615,30.690971
光荣西路56号院,residential,商务住宅;住宅区;住宅区,金牛区,104.039439,30.690592
金沙横街2号院,residential,商务住宅;住宅区;住宅小区,金牛区,104.043222,30.694809
加洲阳光西香纪,residential,商务住宅;住宅区;住宅小区,金牛区,104.038363,30.690393
银沙路80号院,residential,商务住宅;住宅区;住宅小区,金牛区,104.04141,30.697678
加州阳光,residential,商务住宅;住宅区;住宅区,金牛区,104.03852,30.690355
荣鑫苑(银沙横街),residential,商务住宅;住宅区;住宅小区,金牛区,104.042031,30.697281
银沙正街66号院,residential,商务住宅;住宅区;住宅小区,金牛区,104.040388,30.698265
明苑西区,residential,商务住宅;住宅区;住宅小区,金牛区,104.039552,30.690296
澳林春天,residential,商务住宅;住宅区;住宅小区,金牛区,104.034465,30.692083
千喜之春公寓,residential,商务住宅;住宅区;住宅小区,金牛区,104.033677,30.69524
银沙正街68号院,residential,商务住宅;住宅区;住宅小区,金牛区,104.040243,30.698491
运生苑,residential,商务住宅;住宅区;住宅小区,金牛区,104.038849,30.690123
抚琴街道金沙路社区,residential,商务住宅;住宅区;住宅小区,金牛区,104.042177,30.691388
金沙巷8号院,residential,商务住宅;住宅区;住宅区,金牛区,104.041803,30.691088
凤凰栖,residential,商务住宅;住宅区;住宅小区,金牛区,104.037574,30.698836
嘉和苑(金沙北二路),residential,商务住宅;住宅区;住宅小区,金牛区,104.043468,30.692962
银沙正街70号院,residential,商务住宅;住宅区;住宅小区,金牛区,104.040097,30.698718
金沙路73号,residential,商务住宅;住宅区;住宅区,金牛区,104.042259,30.69124
金沙路127号院,residential,商务住宅;住宅区;住宅小区,金牛区,104.04311,30.692116
金奥苑,residential,商务住宅;住宅区;住宅小区,金牛区,104.035381,30.698055
西苑(金房苑北路),residential,商务住宅;住宅区;住宅小区,金牛区,104.03439,30.69726
银沙正街39号院,residential,商务住宅;住宅区;住宅小区,金牛区,104.040548,30.698661
银沙正街33号院,residential,商务住宅;住宅区;住宅小区,金牛区,104.041072,30.698451
银沙正街41号院,residential,商务住宅;住宅区;住宅小区,金牛区,104.040533,30.698731
营门口街道营门口路社区,residential,商务住宅;住宅区;住宅小区,金牛区,104.03504,30.697916
金房央座,residential,商务住宅;住宅区;住宅小区,金牛区,104.036218,30.698621
银沙横街13号院,residential,商务住宅;住宅区;住宅区,金牛区,104.04231,30.697754
金沙路129号院,residential,商务住宅;住宅区;住宅小区,金牛区,104.043467,30.692473
银沙正街72号院,residential,商务住宅;住宅区;住宅小区,金牛区,104.039968,30.698967
银沙横街小区9号院,residential,商务住宅;住宅区;住宅小区,金牛区,104.042354,30.697821
银沙横街6号院,residential,商务住宅;住宅区;住宅小区,金牛区,104.042789,30.697428
智业公寓,residential,商务住宅;住宅区;住宅小区,金牛区,104.043529,30.692337
金沙路小区,residential,商务住宅;住宅区;住宅小区,金牛区,104.043434,30.691969
内光荣A区金沙路19号院,residential,商务住宅;住宅区;住宅小区,金牛区,104.040957,30.690025
光荣市场公寓,residential,商务住宅;住宅区;住宅小区,金牛区,104.039476,30.689602
银沙正街51号院,residential,商务住宅;住宅区;住宅小区,金牛区,104.040319,30.699125
银沙横街10号院,residential,商务住宅;住宅区;住宅区,金牛区,104.043116,30.697513
金沙路西巷17号,residential,商务住宅;住宅区;住宅区,金牛区,104.040024,30.689592
二环路西三段213号院,residential,商务住宅;住宅区;住宅小区,金牛区,104.035609,30.690093
银沙横街11号院(银沙横街15号院南),residential,商务住宅;住宅区;住宅小区,金牛区,104.042453,30.698264
金沙路西巷29号,residential,商务住宅;住宅区;住宅区,金牛区,104.040132,30.689483
银沙公寓,residential,商务住宅;住宅区;住宅小区,金牛区,104.043014,30.697935
金房馨苑,residential,商务住宅;住宅区;住宅小区,金牛区,104.036147,30.699322
营福巷67号院,residential,商务住宅;住宅区;住宅小区,金牛区,104.036177,30.68955
五里墩东二巷1号院,residential,商务住宅;住宅区;住宅小区,金牛区,104.033721,30.691143
五里墩东一巷1号,residential,商务住宅;住宅区;住宅区,金牛区,104.034121,30.690718
银沙路98号院,residential,商务住宅;住宅区;住宅小区,金牛区,104.041836,30.699109
五里墩东二巷3号院,residential,商务住宅;住宅区;住宅小区,金牛区,104.033705,30.690965
钻石年代,residential,商务住宅;住宅区;住宅小区,金牛区,104.035134,30.699037
银沙横街15号院,residential,商务住宅;住宅区;住宅小区,金牛区,104.042596,30.69879
银沙横街17号院,residential,商务住宅;住宅区;住宅小区,金牛区,104.042257,30.69905
五里墩东二巷5号院,residential,商务住宅;住宅区;住宅小区,金牛区,104.03359,30.690743
顶峰水岸3期,residential,商务住宅;住宅区;住宅小区,金牛区,104.034089,30.698974
二环路西三段181号,residential,商务住宅;住宅区;住宅区,金牛区,104.034771,30.689459
凌远花园(圃园南二路),residential,商务住宅;住宅区;住宅小区,金牛区,104.050296,30.695329
潮蓉苑,residential,商务住宅;住宅区;住宅小区,金牛区,104.050728,30.694404
沙湾商寓小区,residential,商务住宅;住宅区;住宅小区,金牛区,104.049153,30.696244
沙湾东二路4号院,residential,商务住宅;住宅区;住宅小区,金牛区,104.049611,30.692654
沙湾东二路2号院,residential,商务住宅;住宅区;住宅小区,金牛区,104.049461,30.692513
成铁九九芳苑,residential,商务住宅;住宅区;住宅小区,金牛区,104.050793,30.693472
西沙美景,residential,商务住宅;住宅区;住宅小区,金牛区,104.050139,30.69633
沙湾东二路6号院,residential,商务住宅;住宅区;住宅小区,金牛区,104.050575,30.692789
金洲家园,residential,商务住宅;住宅区;住宅小区,金牛区,104.048152,30.691832
幸福屋语,residential,商务住宅;住宅区;住宅小区,金牛区,104.050609,30.696364
萃苑公寓,residential,商务住宅;住宅区;住宅小区,金牛区,104.05098,30.69276
天合苑,residential,商务住宅;住宅区;住宅小区,金牛区,104.051325,30.695881
智业公寓(沙湾东二路),residential,商务住宅;住宅区;住宅小区,金牛区,104.050276,30.691946
懋园国际商住城,residential,商务住宅;住宅区;住宅小区,金牛区,104.046247,30.69227
丽景湾(圃园南二路),residential,商务住宅;住宅区;住宅小区,金牛区,104.051992,30.694564
西南交通大学九里校区南园18幢,residential,商务住宅;住宅区;住宅小区,金牛区,104.04838,30.697355
圃园小筑,residential,商务住宅;住宅区;住宅小区,金牛区,104.051331,30.696325
西南交通大学九里校区家属楼21号楼,residential,商务住宅;住宅区;住宅小区,金牛区,104.047731,30.697434
西南交通大学九里校区南园24幢,residential,商务住宅;住宅区;住宅小区,金牛区,104.049095,30.697461
红星院,residential,商务住宅;住宅区;住宅小区,金牛区,104.051798,30.692986
二环路北一段72号,residential,商务住宅;住宅区;住宅区,金牛区,104.051201,30.696663
馨缘村,residential,商务住宅;住宅区;住宅小区,金牛区,104.051978,30.695793
圃园南一路4号院,residential,商务住宅;住宅区;住宅小区,金牛区,104.052397,30.694012
安居园(圃园南一路),residential,商务住宅;住宅区;住宅小区,金牛区,104.052404,30.6935
西南交通大学九里校区南园23幢,residential,商务住宅;住宅区;住宅小区,金牛区,104.049023,30.697833
光荣北路87号院,residential,商务住宅;住宅区;住宅小区,金牛区,104.047487,30.691059
星川福苑,residential,商务住宅;住宅区;住宅小区,金牛区,104.051755,30.692235
西南交通大学九里校区南园19幢,residential,商务住宅;住宅区;住宅小区,金牛区,104.048514,30.6979
银桂桥西街小区,residential,商务住宅;住宅区;住宅小区,金牛区,104.045801,30.697046
宝指小区,residential,商务住宅;住宅区;住宅小区,金牛区,104.052677,30.693987
西南交通大学九里校区家属楼17号楼,residential,商务住宅;住宅区;住宅小区,金牛区,104.048342,30.698164
光荣北路91号院,residential,商务住宅;住宅区;住宅小区,金牛区,104.047523,30.690776
西南交通大学九里校区南园住宅区,residential,商务住宅;住宅区;住宅小区,金牛区,104.047646,30.698369
西南交通大学九里校区南园20幢,residential,商务住宅;住宅区;住宅小区,金牛区,104.04735,30.698041
银桂桥西街小区,residential,商务住宅;住宅区;住宅小区,金牛区,104.045801,30.697046
宝指小区,residential,商务住宅;住宅区;住宅小区,金牛区,104.052677,30.693987
西南交通大学九里校区家属楼17号楼,residential,商务住宅;住宅区;住宅小区,金牛区,104.048342,30.698164
光荣北路91号院,residential,商务住宅;住宅区;住宅小区,金牛区,104.047523,30.690776
西南交通大学九里校区南园住宅区,residential,商务住宅;住宅区;住宅小区,金牛区,104.047646,30.698369
西南交通大学九里校区南园20幢,residential,商务住宅;住宅区;住宅小区,金牛区,104.04735,30.698041
现代城(金沙路),residential,商务住宅;住宅区;住宅小区,金牛区,104.044109,30.693934
西南交通大学九里校区南园16幢,residential,商务住宅;住宅区;住宅小区,金牛区,104.047982,30.698214
银桂桥一巷30号小区,residential,商务住宅;住宅区;住宅小区,金牛区,104.045989,30.6976
圃园路6号院,residential,商务住宅;住宅区;住宅区,金牛区,104.0528,30.695631
圃园路4号院,residential,商务住宅;住宅区;住宅小区,金牛区,104.05282,30.695648
圃园路小区,residential,商务住宅;住宅区;住宅小区,金牛区,104.052833,30.695632
沙湾东一路小区,residential,商务住宅;住宅区;住宅小区,金牛区,104.04942,30.690542
光荣北路89号院,residential,商务住宅;住宅区;住宅小区,金牛区,104.04744,30.69046
金阳光苑,residential,商务住宅;住宅区;住宅区,金牛区,104.047022,30.69056
沙湾公寓,residential,商务住宅;住宅区;住宅小区,金牛区,104.049715,30.690448
西南交通大学九里校区南园15幢,residential,商务住宅;住宅区;住宅小区,金牛区,104.047808,30.698436
西南交通大学九里校区南园9幢,residential,商务住宅;住宅区;住宅小区,金牛区,104.047138,30.698348
西南交通大学九里校区家属楼14号楼,residential,商务住宅;住宅区;住宅小区,金牛区,104.048007,30.698616
九里小区,residential,商务住宅;住宅区;住宅小区,金牛区,104.053239,30.692991
西南交通大学九里校区南园6幢,residential,商务住宅;住宅区;住宅小区,金牛区,104.046698,30.698385
为民路87号院,residential,商务住宅;住宅区;住宅小区,金牛区,104.0457,30.69088
凌远花园(圃园路),residential,商务住宅;住宅区;住宅小区,金牛区,104.053485,30.69516
西南交通大学九里校区南园13幢,residential,商务住宅;住宅区;住宅小区,金牛区,104.047639,30.698642
沙湾路164号院,residential,商务住宅;住宅区;住宅区,金牛区,104.048683,30.690025
金沙路131号院,residential,商务住宅;住宅区;住宅小区,金牛区,104.043881,30.692439
西南交通大学九里校区南园8幢,residential,商务住宅;住宅区;住宅小区,金牛区,104.047185,30.698736
懋园九里居,residential,商务住宅;住宅区;住宅小区,金牛区,104.052878,30.691784
西南交通大学九里校区南园7幢,residential,商务住宅;住宅区;住宅小区,金牛区,104.046804,30.698752
为民路89号院,residential,商务住宅;住宅区;住宅小区,金牛区,104.045987,30.69032
为民新村,residential,商务住宅;住宅区;住宅小区,金牛区,104.044914,30.690897
光荣小区(为民路),residential,商务住宅;住宅区;住宅小区,金牛区,104.044281,30.691434
西南交通大学九里校区家属楼10号楼,residential,商务住宅;住宅区;住宅小区,金牛区,104.047324,30.699067
为民路91号院,residential,商务住宅;住宅区;住宅小区,金牛区,104.046079,30.690114
西南交通大学九里校区南园11幢,residential,商务住宅;住宅区;住宅小区,金牛区,104.047643,30.699144
为名社区,residential,商务住宅;住宅区;住宅小区,金牛区,104.045188,30.690519
西南交通大学九里校区南园4幢,residential,商务住宅;住宅区;住宅小区,金牛区,104.046831,30.699081
沙湾路小区,residential,商务住宅;住宅区;住宅小区,金牛区,104.049292,30.689523
光荣小区(西北门),residential,商务住宅;住宅区;住宅小区,金牛区,104.043827,30.691469
为民路45号院,residential,商务住宅;住宅区;住宅小区,金牛区,104.04405,30.69116
抚琴街道前沙湾社区,residential,商务住宅;住宅区;住宅小区,金牛区,104.047145,30.689494
沙湾路29号院,residential,商务住宅;住宅区;住宅区,金牛区,104.049721,30.689432
为民新村-83号院,residential,商务住宅;住宅区;住宅区,金牛区,104.04489,30.69039
为民路新7号院,residential,商务住宅;住宅区;住宅区,金牛区,104.043647,30.691504
西南交通大学九里校区南园1幢,residential,商务住宅;住宅区;住宅小区,金牛区,104.046452,30.699336
银桂桥社区,residential,商务住宅;住宅区;住宅小区,金牛区,104.044796,30.698607
沙湾东路33号院,residential,商务住宅;住宅区;住宅小区,金牛区,104.053312,30.691013
前进大院,residential,商务住宅;住宅区;住宅小区,金牛区,104.053078,30.690611
一环路北一段330号院,residential,商务住宅;住宅区;住宅小区,金牛区,104.052489,30.690093
银桂桥西街2号院,residential,商务住宅;住宅区;住宅小区,金牛区,104.043721,30.698074
光荣北路76号院,residential,商务住宅;住宅区;住宅区,金牛区,104.04541,30.689532
银桂桥社区(东门),residential,商务住宅;住宅区;住宅小区,金牛区,104.045376,30.699294
银桂桥西街4号院,residential,商务住宅;住宅区;住宅小区,金牛区,104.043691,30.6983
交大路142号院,residential,商务住宅;住宅区;住宅小区,金牛区,104.044415,30.699163
全兴花园,residential,商务住宅;住宅区;住宅小区,金牛区,104.056255,30.694286
九里堤南路86号院,residential,商务住宅;住宅区;住宅区,金牛区,104.057019,30.696732
成都木综厂小区,residential,商务住宅;住宅区;住宅小区,金牛区,104.055955,30.696047
北丽苑,residential,商务住宅;住宅区;住宅小区,金牛区,104.055165,30.694888
府河桥社区,residential,商务住宅;住宅区;住宅小区,金牛区,104.055723,30.692262
成都木综厂电梯公寓,residential,商务住宅;住宅区;住宅小区,金牛区,104.05541,30.696385
如福苑,residential,商务住宅;住宅区;住宅小区,金牛区,104.061255,30.691797
九里园,residential,商务住宅;住宅区;住宅小区,金牛区,104.054311,30.694746
龙门镇,residential,商务住宅;住宅区;住宅小区,金牛区,104.05904,30.690727
北站西二路38号院,residential,商务住宅;住宅区;住宅小区,金牛区,104.062865,30.694486
锦宏河滨苑,residential,商务住宅;住宅区;住宅小区,金牛区,104.057454,30.698259
九里堤南路99号院,residential,商务住宅;住宅区;住宅区,金牛区,104.054259,30.696132
长城苑,residential,商务住宅;住宅区;住宅小区,金牛区,104.054244,30.692629
劲草园,residential,商务住宅;住宅区;住宅小区,金牛区,104.055318,30.691295
吉祥苑,residential,商务住宅;住宅区;住宅小区,金牛区,104.061923,30.691428
劲草苑,residential,商务住宅;住宅区;住宅小区,金牛区,104.053971,30.692957
柳堤苑,residential,商务住宅;住宅区;住宅小区,金牛区,104.054367,30.696609
成铁四小区,residential,商务住宅;住宅区;住宅小区,金牛区,104.062607,30.692086
太阳门公寓,residential,商务住宅;住宅区;住宅小区,金牛区,104.055594,30.697798
长城花园(九里堤南路),residential,商务住宅;住宅区;住宅小区,金牛区,104.055852,30.690781
圃园路8号院,residential,商务住宅;住宅区;住宅小区,金牛区,104.053672,30.695742
府河1号,residential,商务住宅;住宅区;住宅小区,金牛区,104.05812,30.689616
聚贤公寓,residential,商务住宅;住宅区;住宅小区,金牛区,104.054007,30.691999
北站西二路50号院,residential,商务住宅;住宅区;住宅小区,金牛区,104.063203,30.696558
吉兴苑,residential,商务住宅;住宅区;住宅小区,金牛区,104.062114,30.691008
北站西二路28号院,residential,商务住宅;住宅区;住宅小区,金牛区,104.063339,30.69231
春晓苑(西北桥东街),residential,商务住宅;住宅区;住宅小区,金牛区,104.062685,30.691435
九里堤中路46号院,residential,商务住宅;住宅区;住宅小区,金牛区,104.056523,30.698734
学堂南苑,residential,商务住宅;住宅区;住宅小区,金牛区,104.053659,30.696594
夏沁苑(西北桥东街一巷),residential,商务住宅;住宅区;住宅小区,金牛区,104.062651,30.691283
成都铁路局工程总公司九里堤住宅,residential,商务住宅;住宅区;住宅小区,金牛区,104.053995,30.691285
吉照苑,residential,商务住宅;住宅区;住宅小区,金牛区,104.062119,30.690797
西北桥东街1号院,residential,商务住宅;住宅区;住宅区,金牛区,104.062882,30.691447
北站西二路26号院,residential,商务住宅;住宅区;住宅小区,金牛区,104.063343,30.691979
四季苑,residential,商务住宅;住宅区;住宅小区,金牛区,104.062512,30.690993
秋爽苑(西北桥东街一巷),residential,商务住宅;住宅区;住宅小区,金牛区,104.062687,30.691012
府河路苑,residential,商务住宅;住宅区;住宅小区,金牛区,104.061185,30.698825
祥和苑(九里堤南路),residential,商务住宅;住宅区;住宅小区,金牛区,104.056084,30.689761
冬馨苑(西北桥东街一巷),residential,商务住宅;住宅区;住宅小区,金牛区,104.062743,30.690756
九里堤南路75号院,residential,商务住宅;住宅区;住宅小区,金牛区,104.054007,30.690745
北站西二路6号院,residential,商务住宅;住宅区;住宅小区,金牛区,104.063122,30.690447
北站西一路131号院,residential,商务住宅;住宅区;住宅小区,金牛区,104.067624,30.694214
北站西一路133号院,residential,商务住宅;住宅区;住宅小区,金牛区,104.067418,30.694503
北站西二巷2号院,residential,商务住宅;住宅区;住宅小区,青羊区,104.069026,30.693367
荷花池街道杨柳巷社区,residential,商务住宅;住宅区;住宅小区,金牛区,104.068009,30.696315
西二巷7号小区,residential,商务住宅;住宅区;住宅小区,金牛区,104.067796,30.692408
人民北路小区,residential,商务住宅;住宅区;住宅小区,金牛区,104.07102,30.694924
北站西一巷17号小区,residential,商务住宅;住宅区;住宅小区,金牛区,104.06603,30.695155
成都铁路物业管理有限公司品字楼小区,residential,商务住宅;住宅区;住宅小区,金牛区,104.067771,30.69214
二环路北二段4号,residential,商务住宅;住宅区;住宅区,金牛区,104.069134,30.696629
北站西一路88号院,residential,商务住宅;住宅区;住宅区,金牛区,104.066671,30.696116
北站西一路16号院,residential,商务住宅;住宅区;住宅小区,金牛区,104.066637,30.692596
成都铁路物业管理有限公司甲级楼小区,residential,商务住宅;住宅区;住宅小区,金牛区,104.067893,30.691707
航空苑,residential,商务住宅;住宅区;住宅小区,金牛区,104.071488,30.693399
北站西一路18号院,residential,商务住宅;住宅区;住宅小区,金牛区,104.06622,30.692463
盛世荷花,residential,商务住宅;住宅区;住宅小区,金牛区,104.07137,30.693097
人民北路二段5号小区,residential,商务住宅;住宅区;住宅小区,金牛区,104.069436,30.691597
西一路十号院,residential,商务住宅;住宅区;住宅小区,金牛区,104.066912,30.69147
肖三南巷78号院,residential,商务住宅;住宅区;住宅小区,金牛区,104.072028,30.692057
二环路北二段77号院,residential,商务住宅;住宅区;住宅小区,金牛区,104.065362,30.697438
金牛万达广场c组团,residential,商务住宅;住宅区;住宅小区,金牛区,104.071927,30.691503
北站西三巷29号院,residential,商务住宅;住宅区;住宅小区,金牛区,104.066673,30.690378
北站西二路36号院,residential,商务住宅;住宅区;住宅小区,金牛区,104.063525,30.693543
和谐平安四分会南院,residential,商务住宅;住宅区;住宅小区,金牛区,104.069985,30.690161
北站西二路46号院,residential,商务住宅;住宅区;住宅小区,金牛区,104.063528,30.6958
肖家村三巷69号院,residential,商务住宅;住宅区;住宅小区,金牛区,104.073247,30.692409
金牛万达广场A组团,residential,商务住宅;住宅区;住宅小区,金牛区,104.073314,30.692509
肖家村三巷69号5号住宅塔楼,residential,商务住宅;住宅区;住宅区,金牛区,104.073474,30.691709
站西桥东街1号院,residential,商务住宅;住宅区;住宅小区,金牛区,104.06448,30.698762
金牛万达广场D组团,residential,商务住宅;住宅区;住宅小区,金牛区,104.073236,30.690094
肖家村二巷88号院,residential,商务住宅;住宅区;住宅小区,金牛区,104.073312,30.689778
站西桥西街12号大院,residential,商务住宅;住宅区;住宅小区,金牛区,104.063613,30.699004
站西桥西街14号院,residential,商务住宅;住宅区;住宅小区,金牛区,104.063782,30.699134
汽配公寓,residential,商务住宅;住宅区;住宅小区,金牛区,104.080286,30.695277
景泰世家,residential,商务住宅;住宅区;住宅区,金牛区,104.080166,30.693046
锦泰世家,residential,商务住宅;住宅区;住宅小区,金牛区,104.080385,30.692962
幸福村一组,residential,商务住宅;住宅区;住宅区,金牛区,104.075961,30.694091
聚源公寓,residential,商务住宅;住宅区;住宅小区,金牛区,104.076865,30.692516
李氏公馆,residential,商务住宅;住宅区;住宅区,金牛区,104.080397,30.692649
北站东二路19号院,residential,商务住宅;住宅区;住宅小区,金牛区,104.076977,30.692058
二环路北三段220号,residential,商务住宅;住宅区;住宅区,金牛区,104.080374,30.696503
馨江苑,residential,商务住宅;住宅区;住宅小区,金牛区,104.080705,30.692394
解放西路13号院,residential,商务住宅;住宅区;住宅小区,金牛区,104.078882,30.691586
尚锦城,residential,商务住宅;住宅区;住宅小区,金牛区,104.080338,30.69195
二环路北三段218号院,residential,商务住宅;住宅区;住宅小区,金牛区,104.08082,30.696481
荷花池公寓,residential,商务住宅;住宅区;住宅小区,金牛区,104.081714,30.695519
红花教师苑,residential,商务住宅;住宅区;住宅小区,金牛区,104.081678,30.692802
尚和闲居,residential,商务住宅;住宅区;住宅小区,金牛区,104.082001,30.693296
红花小区,residential,商务住宅;住宅区;住宅小区,金牛区,104.078369,30.691024
解放西路11号院(解放西路),residential,商务住宅;住宅区;住宅小区,金牛区,104.078806,30.690976
馨红苑,residential,商务住宅;住宅区;住宅小区,金牛区,104.082315,30.693214
红花苑,residential,商务住宅;住宅区;住宅区,金牛区,104.082527,30.694822
驷马桥街道红花社区,residential,商务住宅;住宅区;住宅小区,金牛区,104.082634,30.693909
红花社区解放西路9号院,residential,商务住宅;住宅区;住宅小区,金牛区,104.079221,30.690713
富丽城,residential,商务住宅;住宅区;住宅小区,金牛区,104.080187,30.697886
荷花池解放西路22号院,residential,商务住宅;住宅区;住宅小区,金牛区,104.078217,30.690567
解放西路18号苑,residential,商务住宅;住宅区;住宅区,金牛区,104.078515,30.690412
红花南路31号1栋小区,residential,商务住宅;住宅区;住宅小区,金牛区,104.082253,30.691888
解放西街9号小区,residential,商务住宅;住宅区;住宅小区,金牛区,104.081857,30.691496
解放西街10号院,residential,商务住宅;住宅区;住宅小区,金牛区,104.080564,30.69069
粗粮2号馍(荷花池店),residential,商务住宅;住宅区;住宅小区,金牛区,104.077169,30.69834
红花东路18号1栋小区,residential,商务住宅;住宅区;住宅小区,金牛区,104.082795,30.692447
红花东路16号2栋小区,residential,商务住宅;住宅区;住宅小区,金牛区,104.083072,30.692879
红花社区解放西路5号院,residential,商务住宅;住宅区;住宅小区,金牛区,104.079458,30.690182
解放西街7号1栋小区,residential,商务住宅;住宅区;住宅小区,金牛区,104.081598,30.691017
解放西街7号2栋小区,residential,商务住宅;住宅区;住宅小区,金牛区,104.081346,30.690639
肖家村三巷69号3号住宅塔楼,residential,商务住宅;住宅区;住宅区,金牛区,104.073598,30.692248
肖家村三巷69号4号住宅塔楼,residential,商务住宅;住宅区;住宅区,金牛区,104.073828,30.691695
盛世豪庭,residential,商务住宅;住宅区;住宅小区,金牛区,104.082558,30.697387
红花南路27号1栋小区,residential,商务住宅;住宅区;住宅小区,金牛区,104.082942,30.69176
红花南路29号1栋小区,residential,商务住宅;住宅区;住宅小区,金牛区,104.082756,30.691482
红花东路20号1栋小区,residential,商务住宅;住宅区;住宅小区,金牛区,104.083325,30.692217
红花东路22号1栋小区,residential,商务住宅;住宅区;住宅小区,金牛区,104.083471,30.692453
一品荷花,residential,商务住宅;住宅区;住宅小区,金牛区,104.078056,30.699096
解放西街7号2栋小区,residential,商务住宅;住宅区;住宅小区,金牛区,104.081346,30.690639
肖家村三巷69号3号住宅塔楼,residential,商务住宅;住宅区;住宅区,金牛区,104.073598,30.692248
红花南路25号大院,residential,商务住宅;住宅区;住宅小区,金牛区,104.083001,30.692029
肖家村三巷69号4号住宅塔楼,residential,商务住宅;住宅区;住宅区,金牛区,104.073828,30.691695
解放西街5号院东区,residential,商务住宅;住宅区;住宅区,金牛区,104.081255,30.690459
盛世豪庭,residential,商务住宅;住宅区;住宅小区,金牛区,104.082558,30.697387
红花南路27号1栋小区,residential,商务住宅;住宅区;住宅小区,金牛区,104.082942,30.69176
红花南路29号1栋小区,residential,商务住宅;住宅区;住宅小区,金牛区,104.082756,30.691482
红花东路20号1栋小区,residential,商务住宅;住宅区;住宅小区,金牛区,104.083325,30.692217
红花东路22号1栋小区,residential,商务住宅;住宅区;住宅小区,金牛区,104.083471,30.692453
一品荷花,residential,商务住宅;住宅区;住宅小区,金牛区,104.078056,30.699096
北站东二路7号院,residential,商务住宅;住宅区;住宅小区,金牛区,104.076956,30.689824
先锋园(爱民路),residential,商务住宅;住宅区;住宅小区,金牛区,104.078389,30.689632
解放西街5号小区,residential,商务住宅;住宅区;住宅小区,金牛区,104.081367,30.690166
鑫源公寓,residential,商务住宅;住宅区;住宅小区,金牛区,104.08183,30.690362
肖三南巷78号1号住宅塔楼,residential,商务住宅;住宅区;住宅区,金牛区,104.073742,30.691125
肖三南巷78号9号住宅塔楼,residential,商务住宅;住宅区;住宅区,金牛区,104.073742,30.691125
肖三南巷78号11号住宅塔楼,residential,商务住宅;住宅区;住宅区,金牛区,104.073742,30.691125
肖三南巷78号10号住宅塔楼,residential,商务住宅;住宅区;住宅区,金牛区,104.073742,30.691125
禾嘉利好,residential,商务住宅;住宅区;住宅小区,金牛区,104.081832,30.698463
北站东二路11号院,residential,商务住宅;住宅区;住宅小区,金牛区,104.075962,30.689888
北站东二路9号院,residential,商务住宅;住宅区;住宅小区,金牛区,104.076684,30.689627
祥瑞苑(北站东二路),residential,商务住宅;住宅区;住宅小区,金牛区,104.077004,30.689544
祥和苑(肖家村二巷),residential,商务住宅;住宅区;住宅小区,金牛区,104.076408,30.689696
解颐路17号1栋小区,residential,商务住宅;住宅区;住宅小区,金牛区,104.080956,30.689723
银苑(肖家村二巷),residential,商务住宅;住宅区;住宅小区,金牛区,104.076205,30.689632
福居苑,residential,商务住宅;住宅区;住宅小区,金牛区,104.075128,30.689911
乐居苑,residential,商务住宅;住宅区;住宅小区,金牛区,104.075459,30.689666
金牛万达广场b组团,residential,商务住宅;住宅区;住宅区,金牛区,104.073665,30.690651
解放北路一段120号大院,residential,商务住宅;住宅区;住宅小区,金牛区,104.083293,30.690588
安居苑(北站东一路),residential,商务住宅;住宅区;住宅小区,金牛区,104.075058,30.689598
肖家村二巷89号院,residential,商务住宅;住宅区;住宅小区,金牛区,104.073588,30.690651
城北天地,residential,商务住宅;住宅区;住宅小区,金牛区,104.087378,30.694458
瑞安·城中汇,residential,商务住宅;住宅区;住宅小区,金牛区,104.089302,30.695502
二环路北四段70院,residential,商务住宅;住宅区;住宅小区,金牛区,104.087935,30.692917
解放路一段97号院,residential,商务住宅;住宅区;住宅小区,金牛区,104.087129,30.693328
经典再现,residential,商务住宅;住宅区;住宅小区,金牛区,104.087363,30.695822
芙蓉华庭,residential,商务住宅;住宅区;住宅小区,金牛区,104.086367,30.696207
解放路一段87号院,residential,商务住宅;住宅区;住宅小区,金牛区,104.086138,30.692683
解放路一段158号小区,residential,商务住宅;住宅区;住宅小区,金牛区,104.085686,30.693298
解放路小区,residential,商务住宅;住宅区;住宅小区,金牛区,104.085712,30.693175
润泽园(红旗巷),residential,商务住宅;住宅区;住宅小区,金牛区,104.087485,30.697058
解放路一段85号院,residential,商务住宅;住宅区;住宅小区,金牛区,104.085966,30.69228
朝阳公寓(解放路一段),residential,商务住宅;住宅区;住宅小区,金牛区,104.086294,30.691862
红旗巷5号,residential,商务住宅;住宅区;住宅区,金牛区,104.086138,30.696903
红花北苑,residential,商务住宅;住宅区;住宅小区,金牛区,104.084698,30.694525
香山苑(解放路一段),residential,商务住宅;住宅区;住宅小区,金牛区,104.084891,30.693305
红花东路55号大院,residential,商务住宅;住宅区;住宅小区,金牛区,104.084925,30.692659
解放路一段152号小区1栋,residential,商务住宅;住宅区;住宅小区,金牛区,104.085208,30.692191
红旗巷10号,residential,商务住宅;住宅区;住宅区,金牛区,104.085407,30.696747
红旗巷6号院,residential,商务住宅;住宅区;住宅区,金牛区,104.085891,30.697203
朝阳新村(二环高架路),residential,商务住宅;住宅区;住宅小区,成华区,104.092114,30.692327
二环路北四段49号,residential,商务住宅;住宅区;住宅区,成华区,104.092019,30.692221
鹿鼎花园,residential,商务住宅;住宅区;住宅小区,金牛区,104.084112,30.694299
汇融名城3期,residential,商务住宅;住宅区;住宅小区,成华区,104.092754,30.692988
二环北路四段5号新10栋院,residential,商务住宅;住宅区;住宅区,成华区,104.093,30.694902
东方重型机械集团公司住宅区,residential,商务住宅;住宅区;住宅小区,金牛区,104.083528,30.694709
解放路一段150号1栋-2栋小区,residential,商务住宅;住宅区;住宅小区,金牛区,104.084727,30.691871
红花北路57号大院,residential,商务住宅;住宅区;住宅小区,金牛区,104.083695,30.694139
汇融名城A区,residential,商务住宅;住宅区;住宅区,成华区,104.092926,30.692675
红花东路17号院,residential,商务住宅;住宅区;住宅区,金牛区,104.083824,30.692999
金牛区红花北路44号院,residential,商务住宅;住宅区;住宅小区,金牛区,104.083527,30.694404
红花东路68号大院,residential,商务住宅;住宅区;住宅小区,金牛区,104.084185,30.691957
八里庄社区,residential,商务住宅;住宅区;住宅小区,成华区,104.090364,30.698465
红花东路26号1栋小区,residential,商务住宅;住宅区;住宅小区,金牛区,104.083851,30.692309
红花东路24号1栋小区,residential,商务住宅;住宅区;住宅小区,金牛区,104.083601,30.692677
蓝光富丽碧蔓汀,residential,商务住宅;住宅区;住宅小区,金牛区,104.086131,30.690072
沙河·云景湾,residential,商务住宅;住宅区;住宅小区,金牛区,104.086734,30.698881
北四段7号院,residential,商务住宅;住宅区;住宅小区,成华区,104.093303,30.691958
416医院家属区,residential,商务住宅;住宅区;住宅小区,成华区,104.09149,30.690226
沙河庭院,residential,商务住宅;住宅区;住宅小区,成华区,104.092333,30.690273
新兴苑(曲水路),residential,商务住宅;住宅区;住宅小区,成华区,104.093286,30.69025
解放路一段120号大院,residential,商务住宅;住宅区;住宅小区,金牛区,104.08365,30.690117
永立·龙邸,residential,商务住宅;住宅区;住宅小区,成华区,104.096828,30.692402
永立·星城都,residential,商务住宅;住宅区;住宅小区,成华区,104.096582,30.691943
汇融名城C区,residential,商务住宅;住宅区;住宅小区,成华区,104.095113,30.694995
汇融名城,residential,商务住宅;住宅区;住宅小区,成华区,104.094578,30.693718
瑞通新居,residential,商务住宅;住宅区;住宅小区,成华区,104.098025,30.690373
宝源·驷马城,residential,商务住宅;住宅区;住宅小区,成华区,104.094901,30.697368
吉苑小区(高车一路),residential,商务住宅;住宅区;住宅小区,成华区,104.093561,30.692783
水畔经典(驷马桥路),residential,商务住宅;住宅区;住宅小区,成华区,104.10057,30.698594
通瑞龙邸,residential,商务住宅;住宅区;住宅小区,成华区,104.093729,30.692261
二环路北四段小区,residential,商务住宅;住宅区;住宅小区,成华区,104.094146,30.691079
浅水半岛C区,residential,商务住宅;住宅区;住宅小区,成华区,104.102687,30.690191
锦都馨苑,residential,商务住宅;住宅区;住宅小区,成华区,104.107759,30.692853
文德路44号新98号,residential,商务住宅;住宅区;住宅区,成华区,104.106055,30.692955
金津苑,residential,商务住宅;住宅区;住宅小区,成华区,104.105749,30.692001
机车苑,residential,商务住宅;住宅区;住宅小区,成华区,104.106291,30.691402
地质花园,residential,商务住宅;住宅区;住宅小区,成华区,104.111239,30.691639
世家东部时空,residential,商务住宅;住宅区;住宅小区,成华区,104.104654,30.692638
国光苑,residential,商务住宅;住宅区;住宅小区,成华区,104.10697,30.690783
泰怡花园(文德路),residential,商务住宅;住宅区;住宅小区,成华区,104.107931,30.690441
上行东方,residential,商务住宅;住宅区;住宅小区,成华区,104.110533,30.690574
上行东方1期,residential,商务住宅;住宅区;住宅小区,成华区,104.109621,30.690108
府青路7号院,residential,商务住宅;住宅区;住宅小区,成华区,104.104813,30.690837
新风路39号院,residential,商务住宅;住宅区;住宅小区,成华区,104.107424,30.689488
府青巷6号小区,residential,商务住宅;住宅区;住宅小区,成华区,104.104847,30.690455
电子科大教师公寓,residential,商务住宅;住宅区;住宅小区,成华区,104.109794,30.689398
怡福社区,residential,商务住宅;住宅区;住宅小区,成华区,104.104931,30.689887
东星名居,residential,商务住宅;住宅区;住宅小区,成华区,104.117098,30.689761
八里庄路小区,residential,商务住宅;住宅区;住宅小区,成华区,104.115539,30.689754
二仙桥西北一路6号院,residential,商务住宅;住宅区;住宅区,成华区,104.118365,30.694173
海湾社区一组3号,residential,商务住宅;住宅区;住宅区,成华区,104.122562,30.696218
二仙桥西北路2号院,residential,商务住宅;住宅区;住宅区,成华区,104.117212,30.690261
民兴苑,residential,商务住宅;住宅区;住宅小区,成华区,104.137395,30.690457
蓝光乐彩城,residential,商务住宅;住宅区;住宅小区,成华区,104.136102,30.692818
乐彩城3期,residential,商务住宅;住宅区;住宅小区,成华区,104.136182,30.691325
民兴北苑,residential,商务住宅;住宅区;住宅小区,成华区,104.146121,30.693177
民兴南苑,residential,商务住宅;住宅区;住宅小区,成华区,104.144793,30.691295
居家福地,residential,商务住宅;住宅区;住宅小区,成华区,104.162842,30.696836
香木林花园里,residential,商务住宅;住宅区;住宅小区,成华区,104.162883,30.69889
向龙小区,residential,商务住宅;住宅区;住宅小区,成华区,104.16071,30.696748
龙华居,residential,商务住宅;住宅区;住宅小区,成华区,104.160739,30.698633
向龙社区,residential,商务住宅;住宅区;住宅小区,成华区,104.154284,30.694703
向龙小区(北门),residential,商务住宅;住宅区;住宅小区,成华区,104.161588,30.697098
鹤林小区,residential,商务住宅;住宅区;住宅小区,成华区,104.16825,30.697287
北湖卡夫诺,residential,商务住宅;住宅区;住宅区,成华区,104.165143,30.69456
东方丽苑,residential,商务住宅;住宅区;住宅小区,成华区,104.166235,30.696712
龙锦雅苑,residential,商务住宅;住宅区;住宅小区,成华区,104.171244,30.697121
金科·天籁城南区,residential,商务住宅;住宅区;住宅小区,成华区,104.165053,30.696565
成康雅筑,residential,商务住宅;住宅区;住宅区,成华区,104.166522,30.697809
水乡茗居,residential,商务住宅;住宅区;住宅小区,成华区,104.172958,30.697972
水乡茗房东区,residential,商务住宅;住宅区;住宅小区,成华区,104.175825,30.697061
龙潭工业园安置房三期东区,residential,商务住宅;住宅区;住宅小区,成华区,104.175981,30.697283
二重嘉苑4期,residential,商务住宅;住宅区;住宅小区,成华区,104.18043,30.697851
龙潭安置小区4期,residential,商务住宅;住宅区;住宅小区,成华区,104.180307,30.697928
pe线7号,residential,商务住宅;住宅区;住宅小区,成华区,104.174788,30.696614
龙潭工业园安置房三期西区,residential,商务住宅;住宅区;住宅小区,成华区,104.174199,30.697035
水乡茗居西区,residential,商务住宅;住宅区;住宅小区,成华区,104.173725,30.697473
611住宅(建设中),residential,商务住宅;住宅区;住宅小区,青羊区,103.966079,30.684839
紫御熙庭,residential,商务住宅;住宅区;住宅小区,青羊区,103.972311,30.683287
融创观玺台(建设中),residential,商务住宅;住宅区;住宅小区,青羊区,103.972069,30.680506
馨光华庭,residential,商务住宅;住宅区;住宅小区,青羊区,103.965421,30.680452
龙湖·翠微清波,residential,商务住宅;住宅区;住宅小区,青羊区,103.981603,30.682219
中铁·双龙湾,residential,商务住宅;住宅区;住宅小区,青羊区,103.982732,30.679891
清水路苑,residential,商务住宅;住宅区;住宅小区,青羊区,103.975532,30.683639
蓝光·COCO金沙3期,residential,商务住宅;住宅区;住宅小区,青羊区,103.982194,30.689114
蓝光·COCO金沙1期,residential,商务住宅;住宅区;住宅小区,青羊区,103.982712,30.686792
清波苑,residential,商务住宅;住宅区;住宅区,青羊区,103.98288,30.684399
龙湖·翠微清波B区,residential,商务住宅;住宅区;住宅小区,青羊区,103.981489,30.682872
龙湖·翠微清波A区,residential,商务住宅;住宅区;住宅小区,青羊区,103.982337,30.681277
清波苑1期,residential,商务住宅;住宅区;住宅区,青羊区,103.982907,30.684483
保利·金香槟,residential,商务住宅;住宅区;住宅小区,青羊区,103.990083,30.684298
保利·香槟国际,residential,商务住宅;住宅区;住宅区,青羊区,103.988237,30.683183
西映金沙,residential,商务住宅;住宅区;住宅小区,青羊区,103.990072,30.682994
金沙海棠,residential,商务住宅;住宅区;住宅小区,青羊区,103.991031,30.685908
清江之春,residential,商务住宅;住宅区;住宅小区,青羊区,103.989397,30.681944
金沙愉景2期,residential,商务住宅;住宅区;住宅小区,青羊区,103.988162,30.688115
金辉苑(金辉路),residential,商务住宅;住宅区;住宅小区,青羊区,103.98465,30.68391
金沙·柏林郡(清波路),residential,商务住宅;住宅区;住宅小区,青羊区,103.99271,30.685877
金沙愉景,residential,商务住宅;住宅区;住宅小区,青羊区,103.98886,30.688594
清江小区,residential,商务住宅;住宅区;住宅小区,青羊区,103.987417,30.680681
金福苑(蜀清路),residential,商务住宅;住宅区;住宅小区,青羊区,103.984022,30.682682
百仁,residential,商务住宅;住宅区;住宅区,青羊区,103.984695,30.687595
中大·君悦金沙花园南区,residential,商务住宅;住宅区;住宅小区,青羊区,103.992556,30.681227
金沙愉景3期,residential,商务住宅;住宅区;住宅区,青羊区,103.989118,30.689395
金沙愉景1期,residential,商务住宅;住宅区;住宅小区,青羊区,103.989491,30.689477
鸿运之星,residential,商务住宅;住宅区;住宅小区,青羊区,103.984783,30.6806
华润金悦湾,residential,商务住宅;住宅区;住宅小区,青羊区,103.993049,30.689027
中大·君悦金沙9期君雅院,residential,商务住宅;住宅区;住宅小区,青羊区,103.993095,30.680009
上善清波,residential,商务住宅;住宅区;住宅小区,青羊区,103.984673,30.689456
金沙鹭岛2期,residential,商务住宅;住宅区;住宅小区,青羊区,103.99833,30.683504
金沙鹭岛1期,residential,商务住宅;住宅区;住宅小区,青羊区,104.000696,30.684422
金沙鹭岛(蜀风路),residential,商务住宅;住宅区;住宅小区,青羊区,104.000728,30.68447
世纪金沙,residential,商务住宅;住宅区;住宅小区,青羊区,103.997647,30.686052
金沙鹭岛(蜀辉路),residential,商务住宅;住宅区;住宅小区,青羊区,103.996459,30.684072
金瓯路330号院,residential,商务住宅;住宅区;住宅小区,青羊区,103.999595,30.682587
金沙鹭岛3期,residential,商务住宅;住宅区;住宅小区,青羊区,103.996268,30.683825
金沙九组小区,residential,商务住宅;住宅区;住宅小区,青羊区,103.999557,30.682376
金鹏小区1幢,residential,商务住宅;住宅区;住宅小区,青羊区,103.999519,30.682116
中大.君悦金沙7期,residential,商务住宅;住宅区;住宅小区,青羊区,103.996196,30.682976
公元·西,residential,商务住宅;住宅区;住宅小区,青羊区,104.001615,30.685829
西贵金沙,residential,商务住宅;住宅区;住宅小区,青羊区,104.000427,30.68695
印象金沙,residential,商务住宅;住宅区;住宅小区,青羊区,103.996562,30.686854
中大·君悦金沙7期君逸院,residential,商务住宅;住宅区;住宅小区,青羊区,103.995637,30.683314
金鹏小区2期,residential,商务住宅;住宅区;住宅小区,青羊区,103.999076,30.68153
金沙鹭岛4期,residential,商务住宅;住宅区;住宅小区,青羊区,103.995144,30.685124
金鹏街小区,residential,商务住宅;住宅区;住宅小区,青羊区,103.998556,30.681007
金沙云庭,residential,商务住宅;住宅区;住宅小区,青羊区,104.00268,30.683495
青江小区,residential,商务住宅;住宅区;住宅小区,青羊区,103.996904,30.681218
金鹏小区3幢,residential,商务住宅;住宅区;住宅小区,青羊区,103.998033,30.680855
金鹏小区4幢,residential,商务住宅;住宅区;住宅小区,青羊区,103.998622,30.680774
兰亭(金泽路),residential,商务住宅;住宅区;住宅小区,青羊区,104.002428,30.68668
花语印象金沙西园Ⅱ期,residential,商务住宅;住宅区;住宅小区,青羊区,104.001374,30.681391
金鹏小区2幢,residential,商务住宅;住宅区;住宅小区,青羊区,103.997782,30.680604
金沙西园Ⅱ期南区,residential,商务住宅;住宅区;住宅小区,青羊区,104.001074,30.680894
中大君越金沙1期,residential,商务住宅;住宅区;住宅区,青羊区,103.995302,30.681289
中大·君悦金沙,residential,商务住宅;住宅区;住宅小区,青羊区,103.994677,30.681563
中大君悦金沙(一至二期),residential,商务住宅;住宅区;住宅区,青羊区,103.995581,30.680809
中大君悦金沙12期,residential,商务住宅;住宅区;住宅小区,青羊区,103.995378,30.680837
中大君悦金沙2期,residential,商务住宅;住宅区;住宅小区,青羊区,103.994704,30.681017
中大·君悦金沙5期君郎院,residential,商务住宅;住宅区;住宅小区,青羊区,103.996959,30.679739
金沙西园4期,residential,商务住宅;住宅区;住宅小区,青羊区,104.00028,30.679656
金沙金瓯路社区,residential,商务住宅;住宅区;住宅小区,青羊区,104.003424,30.680052
芙蓉苑(蜀源路),residential,商务住宅;住宅区;住宅小区,青羊区,104.003285,30.679729
蜀风兰苑,residential,商务住宅;住宅区;住宅小区,青羊区,104.006715,30.684904
燕沙庭院,residential,商务住宅;住宅区;住宅小区,青羊区,104.007547,30.686644
蜀风花园城,residential,商务住宅;住宅区;住宅小区,青羊区,104.005068,30.684978
金沙西墅,residential,商务住宅;住宅区;住宅小区,青羊区,104.005782,30.686572
金凤路小区,residential,商务住宅;住宅区;住宅小区,青羊区,104.00646,30.681568
金沙遗址社区,residential,商务住宅;住宅区;住宅小区,青羊区,104.005115,30.686445
天韵金沙,residential,商务住宅;住宅区;住宅小区,青羊区,104.008399,30.680822
金沙古韵,residential,商务住宅;住宅区;住宅小区,金牛区,104.008881,30.688537
金沙美邻丽榭苑,residential,通行设施;临街院门;临街院正门|商务住宅;住宅区;住宅小区,金牛区,104.013224,30.688938
雍锦湾,residential,商务住宅;住宅区;住宅小区,青羊区,104.005534,30.687633
金沙西园Ⅲ期,residential,商务住宅;住宅区;住宅小区,青羊区,104.004897,30.682021
蓝光雍景湾,residential,商务住宅;住宅区;住宅小区,青羊区,104.004338,30.68671
豪诚,residential,商务住宅;住宅区;住宅小区,青羊区,104.013252,30.682667
锦秀民居,residential,商务住宅;住宅区;住宅小区,青羊区,104.01282,30.681805
金沙上城,residential,商务住宅;住宅区;住宅小区,金牛区,104.012278,30.687966
紫桂花园,residential,商务住宅;住宅区;住宅小区,金牛区,104.009298,30.689407
科沁苑,residential,商务住宅;住宅区;住宅小区,青羊区,104.011886,30.680246
花间雅舍金沙西园Ⅰ期,residential,商务住宅;住宅区;住宅小区,青羊区,104.003992,30.680884
金沙·大境湾,residential,商务住宅;住宅区;住宅小区,金牛区,104.006011,30.689495
金沙御苑,residential,商务住宅;住宅区;住宅小区,金牛区,104.01235,30.689387
鸿生花园,residential,商务住宅;住宅区;住宅小区,青羊区,104.017842,30.684477
四季春天,residential,商务住宅;住宅区;住宅小区,青羊区,104.019322,30.683286
天鹅星座,residential,商务住宅;住宅区;住宅小区,青羊区,104.017366,30.685317
香榭名苑,residential,商务住宅;住宅区;住宅小区,青羊区,104.020376,30.684582
世纪春天小区,residential,商务住宅;住宅区;住宅小区,青羊区,104.019597,30.682889
同善桥南街小区,residential,商务住宅;住宅区;住宅小区,青羊区,104.020769,30.684246
南洋公寓(黄苑东街),residential,商务住宅;住宅区;住宅小区,金牛区,104.019215,30.686453
锦青苑,residential,商务住宅;住宅区;住宅小区,青羊区,104.017429,30.682665
西祥公寓,residential,商务住宅;住宅区;住宅小区,金牛区,104.018254,30.686736
清水绿苑,residential,商务住宅;住宅区;住宅小区,青羊区,104.020528,30.682755
同善桥横街小区,residential,商务住宅;住宅区;住宅小区,青羊区,104.02155,30.684219
西和公寓,residential,商务住宅;住宅区;住宅小区,金牛区,104.020499,30.686444
潮蓉花园,residential,商务住宅;住宅区;住宅小区,青羊区,104.021484,30.683636
千和·沁香华庭,residential,商务住宅;住宅区;住宅小区,青羊区,104.015977,30.683199
欣民苑,residential,商务住宅;住宅区;住宅小区,金牛区,104.015772,30.686102
吉祥苑(双清巷),residential,商务住宅;住宅区;住宅小区,青羊区,104.021087,30.682016
豪斯花园,residential,商务住宅;住宅区;住宅小区,青羊区,104.020501,30.681444
同馨苑(同善桥东街),residential,商务住宅;住宅区;住宅小区,青羊区,104.022633,30.684139
悦民苑,residential,商务住宅;住宅区;住宅小区,金牛区,104.017024,30.687676
锦翠苑(同盛路),residential,商务住宅;住宅区;住宅小区,青羊区,104.016569,30.681441
豪诗花园小区,residential,商务住宅;住宅区;住宅小区,青羊区,104.020638,30.681363
悠然雅舍,residential,商务住宅;住宅区;住宅小区,青羊区,104.021492,30.681833
同善街99号院,residential,商务住宅;住宅区;住宅小区,金牛区,104.022649,30.685611
金沙公园同善街小区,residential,商务住宅;住宅区;住宅小区,金牛区,104.02276,30.685372
锦红苑,residential,商务住宅;住宅区;住宅小区,青羊区,104.014423,30.683742
同善桥,residential,商务住宅;住宅区;住宅区,金牛区,104.022846,30.685339
同和苑(同善横街),residential,商务住宅;住宅区;住宅小区,青羊区,104.022773,30.683149
锦桂苑,residential,商务住宅;住宅区;住宅小区,青羊区,104.018051,30.68071
同善路小区,residential,商务住宅;住宅区;住宅小区,金牛区,104.022832,30.685856
清溪庭苑,residential,商务住宅;住宅区;住宅小区,青羊区,104.02121,30.681221
清溪南街19号院,residential,商务住宅;住宅区;住宅小区,青羊区,104.020025,30.680672
黄忠2期,residential,商务住宅;住宅区;住宅区,金牛区,104.014603,30.686493
状元府邸(同兴路),residential,商务住宅;住宅区;住宅小区,金牛区,104.020236,30.688351
同心苑(同友路),residential,商务住宅;住宅区;住宅小区,金牛区,104.021032,30.688051
府南新区,residential,商务住宅;住宅区;住宅区,青羊区,104.020295,30.680597
格林花园(同友路),residential,商务住宅;住宅区;住宅小区,金牛区,104.022186,30.687337
清溪南街17号院,residential,商务住宅;住宅区;住宅小区,青羊区,104.019459,30.680285
杏园(双清中路),residential,商务住宅;住宅区;住宅小区,青羊区,104.016189,30.680683
西丽苑,residential,商务住宅;住宅区;住宅小区,金牛区,104.023388,30.686205
清溪南街20号院,residential,商务住宅;住宅区;住宅小区,青羊区,104.020802,30.680449
锦西民宅,residential,商务住宅;住宅区;住宅小区,青羊区,104.014748,30.681559
启明西苑,residential,商务住宅;住宅区;住宅小区,金牛区,104.019751,30.688999
同兴小区(同兴路),residential,商务住宅;住宅区;住宅小区,金牛区,104.017927,30.68906
清溪南街15号院,residential,商务住宅;住宅区;住宅小区,青羊区,104.019283,30.679908
清溪南街18社区,residential,商务住宅;住宅区;住宅小区,青羊区,104.020626,30.6802
清溪南街16号院,residential,商务住宅;住宅区;住宅小区,青羊区,104.020493,30.680067
13号院,residential,商务住宅;住宅区;住宅小区,青羊区,104.019087,30.679709
惠民苑,residential,商务住宅;住宅区;住宅小区,金牛区,104.013743,30.686772
益和苑,residential,商务住宅;住宅区;住宅小区,金牛区,104.017405,30.689253
双清中路98号院,residential,商务住宅;住宅区;住宅小区,青羊区,104.017086,30.679779
蜀汉小区,residential,商务住宅;住宅区;住宅区,金牛区,104.019307,30.689366
青羊教师公寓,residential,商务住宅;住宅区;住宅小区,青羊区,104.017535,30.679638
益民苑,residential,商务住宅;住宅区;住宅小区,金牛区,104.015029,30.688623
清溪西路1号院,residential,商务住宅;住宅区;住宅小区,青羊区,104.021797,30.680015
锦怡居,residential,商务住宅;住宅区;住宅小区,青羊区,104.01569,30.679782
西城家园2期,residential,商务住宅;住宅区;住宅小区,青羊区,104.022429,30.680062
润邦公寓,residential,商务住宅;住宅区;住宅小区,金牛区,104.022248,30.689307
桂香庭园,residential,商务住宅;住宅区;住宅小区,金牛区,104.023291,30.688638
汇源小区(抚琴西路),residential,商务住宅;住宅区;住宅小区,金牛区,104.029103,30.684322
抚琴西路213号院,residential,商务住宅;住宅区;住宅小区,金牛区,104.029533,30.684248
西藏自治区税务局成都生活区,residential,商务住宅;住宅区;住宅小区,金牛区,104.029929,30.683969
阳光心筑,residential,商务住宅;住宅区;住宅小区,金牛区,104.027118,30.684333
抚琴西路203号院,residential,商务住宅;住宅区;住宅小区,金牛区,104.029926,30.683867
瑞西小区(二环路西二段),residential,商务住宅;住宅区;住宅小区,金牛区,104.027016,30.684255
欣园(抚琴西路),residential,商务住宅;住宅区;住宅小区,金牛区,104.028897,30.682959
抚琴西路195号院,residential,商务住宅;住宅区;住宅区,金牛区,104.030358,30.683653
抚琴西路256号院,residential,商务住宅;住宅区;住宅区,金牛区,104.029735,30.682968
抚琴西路197号院,residential,商务住宅;住宅区;住宅小区,金牛区,104.030648,30.683852
抚琴西路238号院,residential,商务住宅;住宅区;住宅小区,金牛区,104.029788,30.682629
西景花园(蜀兴东街),residential,商务住宅;住宅区;住宅小区,金牛区,104.027957,30.686736
西园(蜀汉路),residential,商务住宅;住宅区;住宅小区,金牛区,104.026002,30.685101
营策巷33号院,residential,商务住宅;住宅区;住宅小区,金牛区,104.030776,30.685964
蜀汉路七十六号院,residential,商务住宅;住宅区;住宅区,金牛区,104.026032,30.685396
蜀汉路31号院,residential,商务住宅;住宅区;住宅区,金牛区,104.026354,30.685988
瑞西苑,residential,商务住宅;住宅区;住宅小区,金牛区,104.025754,30.684921
欣园二期(蓉水苑北),residential,商务住宅;住宅区;住宅小区,青羊区,104.026869,30.682417
馨宁居,residential,商务住宅;住宅区;住宅小区,金牛区,104.029154,30.687054
抚琴西路240号院,residential,商务住宅;住宅区;住宅小区,金牛区,104.030433,30.682336
颐园(营通街),residential,商务住宅;住宅区;住宅小区,金牛区,104.031665,30.6837
二环路西三段47号院,residential,商务住宅;住宅区;住宅小区,金牛区,104.031102,30.6863
金金小区,residential,商务住宅;住宅区;住宅小区,金牛区,104.030459,30.686868
翠堤雅筑,residential,商务住宅;住宅区;住宅小区,青羊区,104.029036,30.68152
云畊苑,residential,商务住宅;住宅区;住宅小区,青羊区,104.027382,30.681692
花好月圆(蜀通街),residential,商务住宅;住宅区;住宅小区,金牛区,104.02609,30.686579
艺家(蜀通街),residential,商务住宅;住宅区;住宅小区,金牛区,104.026797,30.687061
营策巷社区,residential,商务住宅;住宅区;住宅小区,金牛区,104.032119,30.685014
二环路西三段24号院,residential,商务住宅;住宅区;住宅小区,金牛区,104.029797,30.687362
化成街小区,residential,商务住宅;住宅区;住宅小区,金牛区,104.028819,30.687587
营通巷67号,residential,商务住宅;住宅区;住宅区,金牛区,104.031942,30.683095
蓉水苑,residential,商务住宅;住宅区;住宅小区,青羊区,104.026334,30.681913
原景晓筑,residential,商务住宅;住宅区;住宅小区,青羊区,104.027458,30.681353
抚琴西路226号院,residential,商务住宅;住宅区;住宅区,金牛区,104.030993,30.681785
二环路西二段小区,residential,商务住宅;住宅区;住宅小区,青羊区,104.025811,30.682112
西鑫建设工程有限公司职工住宅,residential,商务住宅;住宅区;住宅小区,金牛区,104.032082,30.682374
宏源小区,residential,商务住宅;住宅区;住宅小区,青羊区,104.02525,30.682403
庭芳苑(化成街),residential,商务住宅;住宅区;住宅小区,金牛区,104.030312,30.687773
营通街4号院,residential,商务住宅;住宅区;住宅小区,金牛区,104.0322,30.68257
营通街8号院,residential,商务住宅;住宅区;住宅小区,金牛区,104.03247,30.682958
福成园,residential,商务住宅;住宅区;住宅小区,金牛区,104.032662,30.685585
营策巷27号院,residential,商务住宅;住宅区;住宅小区,金牛区,104.032032,30.686085
抚琴西路226号院,residential,商务住宅;住宅区;住宅区,金牛区,104.030993,30.681785
二环路西二段小区,residential,商务住宅;住宅区;住宅小区,青羊区,104.025811,30.682112
磨底河横街小区,residential,商务住宅;住宅区;住宅小区,青羊区,104.026655,30.681535
西鑫建设工程有限公司职工住宅,residential,商务住宅;住宅区;住宅小区,金牛区,104.032082,30.682374
营通街9号院,residential,商务住宅;住宅区;住宅区,金牛区,104.032243,30.683062
化成街10号院,residential,商务住宅;住宅区;住宅小区,金牛区,104.028379,30.687935
宏源小区,residential,商务住宅;住宅区;住宅小区,青羊区,104.02525,30.682403
庭芳苑(化成街),residential,商务住宅;住宅区;住宅小区,金牛区,104.030312,30.687773
营通街4号院,residential,商务住宅;住宅区;住宅小区,金牛区,104.0322,30.68257
营通街8号院,residential,商务住宅;住宅区;住宅小区,金牛区,104.03247,30.682958
福成园,residential,商务住宅;住宅区;住宅小区,金牛区,104.032662,30.685585
安居苑(抚琴),residential,商务住宅;住宅区;住宅区,金牛区,104.031403,30.681646
佳园(安居巷),residential,商务住宅;住宅区;住宅小区,金牛区,104.031405,30.681536
磨底河横街8号院,residential,商务住宅;住宅区;住宅小区,青羊区,104.026127,30.681269
营通佳苑,residential,商务住宅;住宅区;住宅小区,金牛区,104.032958,30.685318
石人北路100号院,residential,商务住宅;住宅区;住宅小区,青羊区,104.026809,30.680862
景溪园,residential,商务住宅;住宅区;住宅小区,青羊区,104.028694,30.680529
静园(营和街),residential,商务住宅;住宅区;住宅小区,金牛区,104.033244,30.6844
清溪苑(同善桥东街),residential,商务住宅;住宅区;住宅小区,青羊区,104.024265,30.683131
营兴街2号院,residential,商务住宅;住宅区;住宅小区,金牛区,104.032169,30.687041
安居苑(安居巷),residential,商务住宅;住宅区;住宅小区,金牛区,104.030739,30.680877
长城小区(蜀通街),residential,商务住宅;住宅区;住宅小区,金牛区,104.028746,30.688564
黄忠小区(同善街),residential,商务住宅;住宅区;住宅小区,金牛区,104.023762,30.684524
石人北路社区,residential,商务住宅;住宅区;住宅小区,青羊区,104.026534,30.680641
营兴街小区,residential,商务住宅;住宅区;住宅小区,金牛区,104.0333,30.68568
交大靓典,residential,商务住宅;住宅区;住宅小区,青羊区,104.024289,30.682362
锦赛雅苑,residential,商务住宅;住宅区;住宅小区,金牛区,104.025875,30.688063
同善街35号院,residential,商务住宅;住宅区;住宅小区,金牛区,104.023919,30.685907
长城小区2期,residential,商务住宅;住宅区;住宅区,金牛区,104.027901,30.688715
清溪东路2号院,residential,商务住宅;住宅区;住宅小区,青羊区,104.027745,30.680199
营和街22号院,residential,商务住宅;住宅区;住宅区,金牛区,104.033573,30.683808
二环路西二段104号,residential,商务住宅;住宅区;住宅区,青羊区,104.025016,30.681416
铁建园,residential,商务住宅;住宅区;住宅小区,青羊区,104.025275,30.681178
蜀营街12号院,residential,商务住宅;住宅区;住宅小区,金牛区,104.031256,30.688222
抚琴西路210号院,residential,商务住宅;住宅区;住宅小区,金牛区,104.031902,30.681067
抚琴内化成社区,residential,商务住宅;住宅区;住宅小区,金牛区,104.033417,30.686036
同善街37号院,residential,商务住宅;住宅区;住宅小区,金牛区,104.023665,30.685753
元亨集团职工住宅小区,residential,商务住宅;住宅区;住宅小区,金牛区,104.032753,30.687678
外化城,residential,商务住宅;住宅区;住宅区,金牛区,104.031663,30.688134
营通巷23号院,residential,商务住宅;住宅区;住宅区,金牛区,104.033358,30.682501
抚琴西苑南区,residential,商务住宅;住宅区;住宅小区,金牛区,104.033097,30.682061
禾正雅居,residential,商务住宅;住宅区;住宅小区,金牛区,104.023989,30.686689
清溪东路4号院小区,residential,商务住宅;住宅区;住宅小区,青羊区,104.027292,30.680048
蜀汉路152号院,residential,商务住宅;住宅区;住宅小区,金牛区,104.023822,30.686484
清溪东路6号院,residential,商务住宅;住宅区;住宅小区,青羊区,104.026974,30.680088
金鱼街社区(营兴街),residential,商务住宅;住宅区;住宅小区,金牛区,104.033393,30.686564
金鱼街社区南区,residential,商务住宅;住宅区;住宅区,金牛区,104.033287,30.68676
磨底河沿街11号院,residential,商务住宅;住宅区;住宅小区,青羊区,104.028377,30.679761
长城小区1期,residential,商务住宅;住宅区;住宅区,金牛区,104.028785,30.689194
二环路西三段93号院,residential,商务住宅;住宅区;住宅小区,金牛区,104.032877,30.687462
二环路西三段109号院,residential,商务住宅;住宅区;住宅小区,金牛区,104.03263,30.687718
清溪东路8号院,residential,商务住宅;住宅区;住宅小区,青羊区,104.026526,30.679883
石人北路99号院,residential,商务住宅;住宅区;住宅小区,青羊区,104.025169,30.680494
金琴路南一巷,residential,商务住宅;住宅区;住宅小区,金牛区,104.031739,30.68021
营康巷32号院,residential,商务住宅;住宅区;住宅区,金牛区,104.03337,30.687454
五里墩东路21号院,residential,商务住宅;住宅区;住宅小区,金牛区,104.031469,30.688921
清溪东路1号院,residential,商务住宅;住宅区;住宅小区,青羊区,104.027394,30.67947
金琴路南三巷小区,residential,商务住宅;住宅区;住宅小区,金牛区,104.032899,30.680924
蜀营街55号院,residential,商务住宅;住宅区;住宅区,金牛区,104.030357,30.689337
逸岭·锦江,residential,商务住宅;住宅区;住宅小区,金牛区,104.023989,30.687896
金琴路南三巷3号院,residential,商务住宅;住宅区;住宅小区,金牛区,104.033008,30.680715
金琴路南二巷2号院,residential,商务住宅;住宅区;住宅小区,金牛区,104.032652,30.680354
清溪东路70号院,residential,商务住宅;住宅区;住宅小区,青羊区,104.024787,30.680182
五里墩东路18号院,residential,商务住宅;住宅区;住宅小区,金牛区,104.031097,30.689454
五里墩东路小区,residential,商务住宅;住宅区;住宅小区,金牛区,104.031257,30.689416
泰逸阳光,residential,商务住宅;住宅区;住宅小区,金牛区,104.023862,30.688126
金琴路26号院,residential,商务住宅;住宅区;住宅区,金牛区,104.032482,30.680026
营康西路10号院,residential,商务住宅;住宅区;住宅小区,金牛区,104.032494,30.688952
营康西路16号院,residential,商务住宅;住宅区;住宅小区,金牛区,104.031972,30.689321
抚琴西北街38号院,residential,商务住宅;住宅区;住宅小区,金牛区,104.039583,30.68467
抚琴西北街32号院,residential,商务住宅;住宅区;住宅小区,金牛区,104.039692,30.68414
金鱼街60号院,residential,商务住宅;住宅区;住宅区,金牛区,104.038565,30.685447
金鱼街6号院,residential,商务住宅;住宅区;住宅小区,金牛区,104.037108,30.684353
抚琴西北街30号院,residential,商务住宅;住宅区;住宅小区,金牛区,104.040112,30.683939
抚琴西北街24号院,residential,商务住宅;住宅区;住宅小区,金牛区,104.040012,30.683715
抚琴西北街小区,residential,商务住宅;住宅区;住宅小区,金牛区,104.040281,30.684087
抚琴街北三巷6号,residential,商务住宅;住宅区;住宅区,金牛区,104.039187,30.682973
抚琴西北街26号院,residential,商务住宅;住宅区;住宅小区,金牛区,104.040537,30.68439
金鱼街2号院,residential,商务住宅;住宅区;住宅小区,金牛区,104.036686,30.683907
抚琴街北三巷4号,residential,商务住宅;住宅区;住宅区,金牛区,104.039056,30.682757
金鱼街64号院,residential,商务住宅;住宅区;住宅小区,金牛区,104.038833,30.686252
抚琴街南三巷2号,residential,商务住宅;住宅区;住宅区,金牛区,104.037882,30.682687
抚琴街北二巷8号,residential,商务住宅;住宅区;住宅小区,金牛区,104.039907,30.682942
金鱼村,residential,商务住宅;住宅区;住宅小区,金牛区,104.036528,30.685168
兴元花园,residential,商务住宅;住宅区;住宅小区,金牛区,104.038278,30.686397
抚琴北三巷3号院,residential,商务住宅;住宅区;住宅区,金牛区,104.03919,30.682468
抚琴街北二巷9号,residential,商务住宅;住宅区;住宅区,金牛区,104.040296,30.683014
营康路77号院,residential,商务住宅;住宅区;住宅小区,金牛区,104.037388,30.686352
抚琴街道西北街社区,residential,商务住宅;住宅区;住宅小区,金牛区,104.040085,30.682678
金鱼街72号院,residential,商务住宅;住宅区;住宅小区,金牛区,104.039765,30.6865
营康路114号院,residential,商务住宅;住宅区;住宅小区,金牛区,104.036602,30.686037
抚琴西北街6号院,residential,商务住宅;住宅区;住宅小区,金牛区,104.041088,30.683367
抚琴西北街1号院,residential,商务住宅;住宅区;住宅小区,金牛区,104.0411,30.682867
抚琴街南一巷14号院,residential,商务住宅;住宅区;住宅小区,金牛区,104.039555,30.681891
营和街55号院,residential,商务住宅;住宅区;住宅小区,金牛区,104.036244,30.686228
阳光商务公寓,residential,商务住宅;住宅区;住宅小区,金牛区,104.041849,30.685551
营和街43号院,residential,商务住宅;住宅区;住宅小区,金牛区,104.035893,30.685895
互助大院,residential,商务住宅;住宅区;住宅小区,金牛区,104.035541,30.685281
营和街29号院,residential,商务住宅;住宅区;住宅小区,金牛区,104.035649,30.685607
金琴路219号院,residential,商务住宅;住宅区;住宅小区,金牛区,104.035372,30.683905
抚琴北一巷3号,residential,商务住宅;住宅区;住宅区,金牛区,104.040565,30.682205
抚琴街南四巷5号,residential,商务住宅;住宅区;住宅区,金牛区,104.036234,30.682219
抚琴街南一巷14号院,residential,商务住宅;住宅区;住宅小区,金牛区,104.039555,30.681891
营和街55号院,residential,商务住宅;住宅区;住宅小区,金牛区,104.036244,30.686228
阳光商务公寓,residential,商务住宅;住宅区;住宅小区,金牛区,104.041849,30.685551
营和街43号院,residential,商务住宅;住宅区;住宅小区,金牛区,104.035893,30.685895
互助大院,residential,商务住宅;住宅区;住宅小区,金牛区,104.035541,30.685281
营和街29号院,residential,商务住宅;住宅区;住宅小区,金牛区,104.035649,30.685607
金琴路219号院,residential,商务住宅;住宅区;住宅小区,金牛区,104.035372,30.683905
抚琴北一巷3号,residential,商务住宅;住宅区;住宅区,金牛区,104.040565,30.682205
营和巷12号院,residential,商务住宅;住宅区;住宅小区,金牛区,104.035412,30.683529
抚琴街南四巷5号1号院,residential,商务住宅;住宅区;住宅小区,金牛区,104.036499,30.682025
抚琴街南四巷5号,residential,商务住宅;住宅区;住宅区,金牛区,104.036234,30.682219
营和街17号院,residential,商务住宅;住宅区;住宅区,金牛区,104.035172,30.685256
抚琴街南二巷小区,residential,商务住宅;住宅区;住宅小区,金牛区,104.038566,30.681345
抚琴街南一巷13号院,residential,商务住宅;住宅区;住宅小区,金牛区,104.039704,30.681475
花牌坊街新26,residential,商务住宅;住宅区;住宅小区,金牛区,104.041643,30.682792
金琴路160号院,residential,商务住宅;住宅区;住宅区,金牛区,104.035534,30.682712
抚琴街道金琴路社区,residential,商务住宅;住宅区;住宅小区,金牛区,104.034941,30.683774
抚琴街南一巷10号院,residential,商务住宅;住宅区;住宅小区,金牛区,104.039202,30.681248
金鱼街9号院,residential,商务住宅;住宅区;住宅小区,金牛区,104.03905,30.687679
营中巷32号院,residential,商务住宅;住宅区;住宅小区,金牛区,104.035485,30.686344
营和街100号院,residential,商务住宅;住宅区;住宅小区,金牛区,104.035916,30.686818
抚琴街南二巷10号院,residential,商务住宅;住宅区;住宅小区,金牛区,104.038553,30.68113
营和巷52号院,residential,商务住宅;住宅区;住宅区,金牛区,104.034673,30.683838
营和街66号院(营中巷),residential,商务住宅;住宅区;住宅小区,金牛区,104.034862,30.685681
抚琴街南一巷11号院,residential,商务住宅;住宅区;住宅小区,金牛区,104.039446,30.681078
一环路西三段212号院,residential,商务住宅;住宅区;住宅小区,金牛区,104.042142,30.682758
营和巷小区,residential,商务住宅;住宅区;住宅小区,金牛区,104.034606,30.683692
文家巷20号院,residential,商务住宅;住宅区;住宅区,金牛区,104.041976,30.686457
抚琴西南街45号院,residential,商务住宅;住宅区;住宅小区,金牛区,104.035403,30.682152
凯瑞花都,residential,商务住宅;住宅区;住宅小区,金牛区,104.036421,30.687521
人和逸景,residential,商务住宅;住宅区;住宅小区,金牛区,104.038009,30.688029
营和街64号院,residential,商务住宅;住宅区;住宅小区,金牛区,104.034472,30.685219
营和街9号院,residential,商务住宅;住宅区;住宅小区,金牛区,104.03439,30.684103
抚琴街南四巷1号院,residential,商务住宅;住宅区;住宅小区,金牛区,104.036007,30.681554
抚琴街南二巷6号院,residential,商务住宅;住宅区;住宅小区,金牛区,104.038464,30.680788
抚琴西南街1号院,residential,商务住宅;住宅区;住宅小区,金牛区,104.036893,30.681007
抚琴街南一巷6号院,residential,商务住宅;住宅区;住宅小区,金牛区,104.039086,30.68072
诺亚方城,residential,商务住宅;住宅区;住宅小区,金牛区,104.042623,30.685885
抚琴街南二巷4号院,residential,商务住宅;住宅区;住宅小区,金牛区,104.038373,30.680641
抚琴街南一巷7号院,residential,商务住宅;住宅区;住宅小区,金牛区,104.03936,30.680598
城西公寓(一环路西三段),residential,商务住宅;住宅区;住宅小区,金牛区,104.042077,30.681848
抚琴街南二巷1号院,residential,商务住宅;住宅区;住宅小区,金牛区,104.038723,30.68047
抚琴街南二巷2号院,residential,商务住宅;住宅区;住宅小区,金牛区,104.03824,30.680419
抚琴东北路2号院(一环路西三段),residential,商务住宅;住宅区;住宅小区,金牛区,104.04054,30.680754
抚琴街南一巷5号院,residential,商务住宅;住宅区;住宅小区,金牛区,104.03921,30.680399
营门口路147号小区,residential,商务住宅;住宅区;住宅小区,金牛区,104.039357,30.688471
文家巷18号小区,residential,商务住宅;住宅区;住宅小区,金牛区,104.041681,30.687569
营福庭院(营福巷),residential,商务住宅;住宅区;住宅小区,金牛区,104.036762,30.688266
抚琴西苑北区,residential,商务住宅;住宅区;住宅小区,金牛区,104.034088,30.682942
抚琴北一巷小区,residential,商务住宅;住宅区;住宅小区,金牛区,104.038821,30.68026
营和街62号院,residential,商务住宅;住宅区;住宅小区,金牛区,104.033772,30.685076
营通巷2号院,residential,商务住宅;住宅区;住宅区,金牛区,104.034374,30.68236
抚琴北三巷1、2号院,residential,商务住宅;住宅区;住宅小区,金牛区,104.035898,30.680927
抚琴街南一巷2号院,residential,商务住宅;住宅区;住宅小区,金牛区,104.038675,30.6802
抚琴街南一巷3号院,residential,商务住宅;住宅区;住宅小区,金牛区,104.039093,30.680214
营和巷62号,residential,商务住宅;住宅区;住宅区,金牛区,104.039267,30.680242
抚林巷5号院,residential,商务住宅;住宅区;住宅小区,金牛区,104.041109,30.680742
协和村22号院,residential,商务住宅;住宅区;住宅区,金牛区,104.042743,30.682028
协和村小区,residential,商务住宅;住宅区;住宅小区,金牛区,104.042756,30.68204
省广电总局家属区,residential,商务住宅;住宅区;住宅区,金牛区,104.04277,30.68203
抚琴北二巷7号院,residential,商务住宅;住宅区;住宅小区,金牛区,104.037943,30.68012
都市人家,residential,商务住宅;住宅区;住宅小区,金牛区,104.037028,30.688613
文家巷16号综合商住楼,residential,商务住宅;住宅区;住宅小区,金牛区,104.04294,30.686678
营通街181号院,residential,商务住宅;住宅区;住宅小区,金牛区,104.034968,30.687526
抚琴街南一巷1号院,residential,商务住宅;住宅区;住宅小区,金牛区,104.038977,30.680046
抚琴西南街4号院,residential,商务住宅;住宅区;住宅小区,金牛区,104.037267,30.680176
营康路61号小区,residential,商务住宅;住宅区;住宅小区,金牛区,104.035544,30.688033
抚林巷7号院,residential,商务住宅;住宅区;住宅小区,金牛区,104.041001,30.680508
抚琴北二巷6、8号院,residential,商务住宅;住宅区;住宅区,金牛区,104.038215,30.679931
营门口路190号院,residential,商务住宅;住宅区;住宅小区,金牛区,104.037802,30.688957
抚琴北二巷5号院,residential,商务住宅;住宅区;住宅小区,金牛区,104.03766,30.679932
抚琴三道河巷1幢,residential,商务住宅;住宅区;住宅小区,金牛区,104.040325,30.680075
取车地新熙门,residential,商务住宅;住宅区;住宅小区,金牛区,104.043398,30.686477
抚林巷6号院,residential,商务住宅;住宅区;住宅小区,金牛区,104.041693,30.680639
抚琴北二巷6号院,residential,商务住宅;住宅区;住宅小区,金牛区,104.038199,30.679813
都市人家1期,residential,商务住宅;住宅区;住宅区,金牛区,104.037079,30.688965
康品,residential,商务住宅;住宅区;住宅小区,金牛区,104.035129,30.680728
抚琴西路55号院,residential,商务住宅;住宅区;住宅小区,金牛区,104.036359,30.680085
营福巷84号院,residential,商务住宅;住宅区;住宅小区,金牛区,104.036096,30.688734
抚林巷8号院,residential,商务住宅;住宅区;住宅小区,金牛区,104.041526,30.680347
金琴路南二巷小区,residential,商务住宅;住宅区;住宅小区,金牛区,104.034275,30.6814
抚琴北二巷4号院,residential,商务住宅;住宅区;住宅小区,金牛区,104.038134,30.679628
营通巷1号院,residential,商务住宅;住宅区;住宅小区,金牛区,104.033895,30.681799
营福巷28号院,residential,商务住宅;住宅区;住宅小区,金牛区,104.03523,30.688367
金鱼街社区(营康巷),residential,商务住宅;住宅区;住宅小区,金牛区,104.033748,30.686996
协和村16号院,residential,商务住宅;住宅区;住宅区,金牛区,104.043251,30.68161
抚琴北二巷3号院,residential,商务住宅;住宅区;住宅小区,金牛区,104.037487,30.679593
营福巷18号,residential,商务住宅;住宅区;住宅区,金牛区,104.034839,30.688317
林巷子小区,residential,商务住宅;住宅区;住宅小区,金牛区,104.042849,30.680879
营福苑,residential,商务住宅;住宅区;住宅小区,金牛区,104.036719,30.689353
林巷子11号院,residential,商务住宅;住宅区;住宅小区,金牛区,104.042801,30.680664
西安路街道永陵社区,residential,商务住宅;住宅区;住宅小区,金牛区,104.041155,30.679694
营福巷三十七号,residential,商务住宅;住宅区;住宅小区,金牛区,104.035018,30.688819
营康路8号院,residential,商务住宅;住宅区;住宅区,金牛区,104.033918,30.687967
抚琴街道荣光小区社区,residential,商务住宅;住宅区;住宅小区,金牛区,104.042668,30.688565
抚琴东北路小区,residential,商务住宅;住宅区;住宅小区,金牛区,104.041164,30.679435
文家后巷大院,residential,商务住宅;住宅区;住宅小区,金牛区,104.043492,30.687886
内化成小区,residential,商务住宅;住宅区;住宅小区,金牛区,104.03419,30.688438
营福巷53号院,residential,商务住宅;住宅区;住宅小区,金牛区,104.035633,30.689421
营康路1号院,residential,商务住宅;住宅区;住宅小区,金牛区,104.034254,30.688678
西府花园,residential,商务住宅;住宅区;住宅小区,金牛区,104.042995,30.680232
明苑公寓,residential,商务住宅;住宅区;住宅小区,金牛区,104.041806,30.689404
金荣巷7号,residential,商务住宅;住宅区;住宅区,金牛区,104.043058,30.688834
晶晶小区,residential,商务住宅;住宅区;住宅小区,金牛区,104.033975,30.688868
抚琴西南路14号院,residential,商务住宅;住宅区;住宅小区,金牛区,104.034048,30.679553
马家花园路13号院,residential,商务住宅;住宅区;住宅小区,金牛区,104.049743,30.684676
中铁马家公馆,residential,商务住宅;住宅区;住宅小区,金牛区,104.050118,30.683747
马河湾一号小区,residential,商务住宅;住宅区;住宅小区,金牛区,104.046826,30.683838
中铁鹭岛艺术城,residential,商务住宅;住宅区;住宅小区,金牛区,104.050649,30.684643
马家花园,residential,商务住宅;住宅区;住宅小区,金牛区,104.049885,30.68293
茗苑(筒车巷),residential,商务住宅;住宅区;住宅小区,金牛区,104.049164,30.682603
西林巷小区,residential,商务住宅;住宅区;住宅小区,金牛区,104.046283,30.684587
贝多小屋,residential,商务住宅;住宅区;住宅小区,金牛区,104.049408,30.686328
马河湾小区,residential,商务住宅;住宅区;住宅小区,金牛区,104.04617,30.684529
筒车巷29号院,residential,商务住宅;住宅区;住宅小区,金牛区,104.049245,30.682373
一环路北三段10号,residential,商务住宅;住宅区;住宅区,金牛区,104.047088,30.686128
花牌坊公寓,residential,商务住宅;住宅区;住宅小区,金牛区,104.045646,30.683943
档案馆家属院,residential,商务住宅;住宅区;住宅小区,金牛区,104.045953,30.683167
聚贤新园,residential,商务住宅;住宅区;住宅小区,金牛区,104.050259,30.68208
华鑫园(西林巷),residential,商务住宅;住宅区;住宅小区,金牛区,104.045284,30.683476
科泰公寓,residential,商务住宅;住宅区;住宅小区,金牛区,104.04713,30.687133
简车巷18号院,residential,商务住宅;住宅区;住宅小区,金牛区,104.05048,30.681917
荷里活,residential,商务住宅;住宅区;住宅小区,金牛区,104.046996,30.681648
佳利公寓,residential,商务住宅;住宅区;住宅小区,金牛区,104.045505,30.682697
鑫雅苑,residential,商务住宅;住宅区;住宅小区,金牛区,104.046022,30.681915
西锦国际,residential,商务住宅;住宅区;住宅小区,金牛区,104.044728,30.683815
聚贤苑,residential,商务住宅;住宅区;住宅小区,金牛区,104.051195,30.68183
临江苑(马家花园路),residential,商务住宅;住宅区;住宅小区,金牛区,104.051359,30.681945
中铁艺术城,residential,商务住宅;住宅区;住宅小区,金牛区,104.052039,30.686342
碧园公寓,residential,商务住宅;住宅区;住宅小区,金牛区,104.048923,30.680742
双城,residential,商务住宅;住宅区;住宅小区,金牛区,104.050111,30.680867
家和楼,residential,商务住宅;住宅区;住宅小区,金牛区,104.047013,30.680493
通锦路十七号院,residential,商务住宅;住宅区;住宅区,金牛区,104.052243,30.686857
筑成·金仙桥大院,residential,商务住宅;住宅区;住宅小区,金牛区,104.049973,30.680577
通锦路9号院,residential,商务住宅;住宅区;住宅小区,金牛区,104.053282,30.684365
一环路北一段195号院,residential,商务住宅;住宅区;住宅小区,金牛区,104.052486,30.686881
中铁二院家属院,residential,商务住宅;住宅区;住宅小区,金牛区,104.053258,30.683276
双城,residential,商务住宅;住宅区;住宅小区,金牛区,104.050111,30.680867
西锦国际西区,residential,商务住宅;住宅区;住宅小区,金牛区,104.044114,30.684579
花牌坊街123号院,residential,商务住宅;住宅区;住宅小区,金牛区,104.046018,30.681224
花牌坊街161号院,residential,商务住宅;住宅区;住宅小区,金牛区,104.045514,30.68148
家和楼,residential,商务住宅;住宅区;住宅小区,金牛区,104.047013,30.680493
通锦路十七号院,residential,商务住宅;住宅区;住宅区,金牛区,104.052243,30.686857
筑成·金仙桥大院,residential,商务住宅;住宅区;住宅小区,金牛区,104.049973,30.680577
通锦路9号院,residential,商务住宅;住宅区;住宅小区,金牛区,104.053282,30.684365
一环路北一段195号院,residential,商务住宅;住宅区;住宅小区,金牛区,104.052486,30.686881
中铁二院家属院,residential,商务住宅;住宅区;住宅小区,金牛区,104.053258,30.683276
四川省铁路集团小区(东南门),residential,商务住宅;住宅区;住宅小区,金牛区,104.051363,30.68091
四川省铁路集团小区,residential,商务住宅;住宅区;住宅小区,金牛区,104.051363,30.68091
卧牛巷小区,residential,商务住宅;住宅区;住宅小区,金牛区,104.049442,30.680187
花牌坊社区,residential,商务住宅;住宅区;住宅小区,金牛区,104.04809,30.680107
西锦国际优+公馆,residential,商务住宅;住宅区;住宅区,金牛区,104.043977,30.68268
光华商务公寓,residential,商务住宅;住宅区;住宅小区,金牛区,104.044401,30.681388
西巢小筑,residential,商务住宅;住宅区;住宅小区,金牛区,104.049187,30.680005
左岸公寓,residential,商务住宅;住宅区;住宅小区,金牛区,104.051144,30.680537
一环路北一段300号院,residential,商务住宅;住宅区;住宅小区,金牛区,104.051756,30.687932
江源巷小区,residential,商务住宅;住宅区;住宅小区,金牛区,104.047966,30.679889
交通巷小区,residential,商务住宅;住宅区;住宅小区,金牛区,104.047966,30.67989
江源巷7号院,residential,商务住宅;住宅区;住宅小区,金牛区,104.048054,30.679865
新熙门财富中心,residential,商务住宅;住宅区;住宅小区,金牛区,104.043627,30.686207
宏源后沙湾住宅,residential,商务住宅;住宅区;住宅小区,金牛区,104.04629,30.688942
蓬莱居公寓,residential,商务住宅;住宅区;住宅小区,金牛区,104.050686,30.680152
金仙桥路11号院,residential,商务住宅;住宅区;住宅小区,金牛区,104.051235,30.680384
中铁二局新城,residential,商务住宅;住宅区;住宅小区,金牛区,104.049917,30.688957
文家东巷2号,residential,商务住宅;住宅区;住宅小区,金牛区,104.044044,30.687099
仙桥苑,residential,商务住宅;住宅区;住宅小区,金牛区,104.052441,30.681082
江源巷3号院,residential,商务住宅;住宅区;住宅小区,金牛区,104.047812,30.679737
卧牛巷10号院,residential,商务住宅;住宅区;住宅小区,金牛区,104.050078,30.67986
文家东巷4号,residential,商务住宅;住宅区;住宅小区,金牛区,104.0442,30.687492
抚琴街小区,residential,商务住宅;住宅区;住宅小区,金牛区,104.045788,30.688674
枫桥晓月电梯公寓,residential,商务住宅;住宅区;住宅小区,金牛区,104.045369,30.680348
文家东巷6号,residential,商务住宅;住宅区;住宅小区,金牛区,104.044367,30.6878
王家巷小区,residential,商务住宅;住宅区;住宅小区,金牛区,104.045153,30.680394
光荣北路86号院,residential,商务住宅;住宅区;住宅区,金牛区,104.047857,30.68937
东苑(文家东巷),residential,商务住宅;住宅区;住宅小区,金牛区,104.04453,30.688062
文家东巷1号,residential,商务住宅;住宅区;住宅小区,金牛区,104.043934,30.687619
文家东巷3号,residential,商务住宅;住宅区;住宅小区,金牛区,104.043995,30.687733
文家东巷10号,residential,商务住宅;住宅区;住宅小区,金牛区,104.044812,30.688464
光荣公寓,residential,商务住宅;住宅区;住宅小区,金牛区,104.046523,30.689352
文家东巷18号院,residential,商务住宅;住宅区;住宅区,金牛区,104.044322,30.688164
光荣北路8号,residential,商务住宅;住宅区;住宅小区,金牛区,104.043995,30.687935
光荣北路74号院,residential,商务住宅;住宅区;住宅区,金牛区,104.045962,30.68922
文家东巷12号,residential,商务住宅;住宅区;住宅小区,金牛区,104.044844,30.68867
王家巷16号院,residential,商务住宅;住宅区;住宅区,金牛区,104.044676,30.680269
泰丰御园,residential,商务住宅;住宅区;住宅小区,金牛区,104.043695,30.681038
曦城(一至二期),residential,商务住宅;住宅区;住宅区,金牛区,104.051186,30.679538
福苑(光荣北路),residential,商务住宅;住宅区;住宅小区,金牛区,104.044286,30.688471
王家巷21号院,residential,商务住宅;住宅区;住宅小区,金牛区,104.044555,30.680019
八零派,residential,商务住宅;住宅区;住宅小区,金牛区,104.044381,30.688716
西体北路1号附1号院,residential,商务住宅;住宅区;住宅小区,金牛区,104.058258,30.684183
书香门第(西体北路),residential,商务住宅;住宅区;住宅小区,金牛区,104.059267,30.684627
劳动人民第二新村,residential,商务住宅;住宅区;住宅区,金牛区,104.058281,30.683347
西体路8号院,residential,商务住宅;住宅区;住宅小区,金牛区,104.057342,30.683836
西体路13号院,residential,商务住宅;住宅区;住宅小区,金牛区,104.057997,30.683049
西体北路1号附7号院,residential,商务住宅;住宅区;住宅小区,金牛区,104.057163,30.685334
殷家沟1号院,residential,商务住宅;住宅区;住宅小区,金牛区,104.05959,30.683199
山羊座,residential,商务住宅;住宅区;住宅区,金牛区,104.05938,30.686093
五丁苑,residential,商务住宅;住宅区;住宅小区,金牛区,104.059644,30.686092
金牛座,residential,商务住宅;住宅区;住宅区,金牛区,104.059776,30.686083
雅苑(北较场西路),residential,商务住宅;住宅区;住宅小区,青羊区,104.059715,30.682661
西体北路1号附40号,residential,商务住宅;住宅区;住宅区,金牛区,104.057061,30.685971
新二村小区,residential,商务住宅;住宅区;住宅小区,金牛区,104.057252,30.682606
白马寺后巷18、20号院,residential,商务住宅;住宅区;住宅小区,金牛区,104.060663,30.685678
白马后巷8号院,residential,商务住宅;住宅区;住宅小区,金牛区,104.061004,30.68602
西体路7号10幢院,residential,商务住宅;住宅区;住宅小区,金牛区,104.056082,30.682525
西北桥边街1号附12号院,residential,商务住宅;住宅区;住宅小区,金牛区,104.058643,30.687428
柳苑,residential,商务住宅;住宅区;住宅小区,金牛区,104.057773,30.681246
西体北路1号院,residential,商务住宅;住宅区;住宅小区,金牛区,104.056792,30.687286
西体北路8号院,residential,商务住宅;住宅区;住宅小区,金牛区,104.057267,30.687498
西体路5号19幢院,residential,商务住宅;住宅区;住宅小区,金牛区,104.055566,30.682214
北较场西路18号院,residential,商务住宅;住宅区;住宅小区,青羊区,104.059684,30.681145
白马寺小区,residential,商务住宅;住宅区;住宅小区,金牛区,104.062041,30.68597
通锦苑(西体北路),residential,商务住宅;住宅区;住宅小区,金牛区,104.056165,30.687156
天仁雅居,residential,商务住宅;住宅区;住宅小区,金牛区,104.05717,30.688044
五丁路9号院,residential,商务住宅;住宅区;住宅区,金牛区,104.062101,30.686676
阀门厂宿舍,residential,商务住宅;住宅区;住宅小区,金牛区,104.059708,30.688179
一环路北二段100号院,residential,商务住宅;住宅区;住宅小区,金牛区,104.060356,30.688161
庆宪街80号院,residential,商务住宅;住宅区;住宅小区,青羊区,104.05707,30.680276
西体奥林花园,residential,商务住宅;住宅区;住宅小区,金牛区,104.054167,30.682194
和朝新居,residential,商务住宅;住宅区;住宅小区,金牛区,104.061945,30.687785
天茵苑,residential,商务住宅;住宅区;住宅小区,金牛区,104.053599,30.682669
木棕厂家属院,residential,商务住宅;住宅区;住宅小区,金牛区,104.056226,30.68865
一环路北二段62号院,residential,商务住宅;住宅区;住宅小区,金牛区,104.062266,30.687885
一环路北一段380号,residential,商务住宅;住宅区;住宅区,金牛区,104.055416,30.688325
通锦小区,residential,商务住宅;住宅区;住宅小区,青羊区,104.055929,30.680136
锦欣苑,residential,商务住宅;住宅区;住宅小区,青羊区,104.057302,30.679451
皂角巷20号院,residential,商务住宅;住宅区;住宅小区,金牛区,104.062633,30.68819
吉福苑(九里堤南路),residential,商务住宅;住宅区;住宅小区,金牛区,104.056766,30.689371
一环路北二段58号院,residential,商务住宅;住宅区;住宅小区,金牛区,104.063096,30.688047
通锦苑(通锦桥路),residential,商务住宅;住宅区;住宅小区,金牛区,104.053953,30.680753
东二道街小区,residential,商务住宅;住宅区;住宅小区,青羊区,104.062383,30.680133
一环路北二段7号院,residential,商务住宅;住宅区;住宅小区,金牛区,104.061609,30.689278
聚贤居(通锦桥路),residential,商务住宅;住宅区;住宅小区,金牛区,104.05422,30.679907
铁路新村(沙洲街),residential,商务住宅;住宅区;住宅小区,金牛区,104.053712,30.688975
北站西二路4号院(北站西二路),residential,商务住宅;住宅区;住宅小区,金牛区,104.063168,30.689311
万担仓路小区,residential,商务住宅;住宅区;住宅小区,金牛区,104.068103,30.683874
北城8号,residential,商务住宅;住宅区;住宅小区|生活服务;生活服务场所;生活服务场所,金牛区,104.068054,30.682549
白马苑,residential,商务住宅;住宅区;住宅小区,金牛区,104.06629,30.684259
万福苑(成华西街),residential,商务住宅;住宅区;住宅小区,金牛区,104.066461,30.685497
新村河边街13号2幢,residential,商务住宅;住宅区;住宅小区,金牛区,104.066923,30.682726
新村河边街11号院,residential,商务住宅;住宅区;住宅区,金牛区,104.067708,30.682331
地矿局宿舍,residential,商务住宅;住宅区;住宅小区,金牛区,104.070949,30.684987
人民北路一段小区,residential,商务住宅;住宅区;住宅小区,金牛区,104.07049,30.6858
新村河边街13号4幢,residential,商务住宅;住宅区;住宅小区,金牛区,104.066772,30.682703
月楿俊苑,residential,商务住宅;住宅区;住宅小区,金牛区,104.067527,30.682245
白马寺街6号院,residential,商务住宅;住宅区;住宅区,金牛区,104.065477,30.684208
新村河边街5号院,residential,商务住宅;住宅区;住宅小区,金牛区,104.068179,30.681538
白马寺街11号院,residential,商务住宅;住宅区;住宅区,金牛区,104.065255,30.68384
新园(白马寺北顺街),residential,商务住宅;住宅区;住宅小区,金牛区,104.066665,30.686828
成都市白马寺二巷一号,residential,商务住宅;住宅区;住宅区,金牛区,104.065061,30.68475
福林公寓,residential,商务住宅;住宅区;住宅小区,金牛区,104.071149,30.681874
铁路局商住楼,residential,商务住宅;住宅区;住宅区,金牛区,104.066707,30.68758
一环路北二段32号院,residential,商务住宅;住宅区;住宅区,金牛区,104.066881,30.687581
白马寺街10号院落,residential,商务住宅;住宅区;住宅小区,金牛区,104.06507,30.686318
万福花园(星辉西路),residential,商务住宅;住宅区;住宅小区,金牛区,104.070836,30.681138
武都路6号院,residential,商务住宅;住宅区;住宅小区,青羊区,104.067919,30.680458
成华巷4号院,residential,商务住宅;住宅区;住宅小区,金牛区,104.073077,30.683217
成华巷2号院,residential,商务住宅;住宅区;住宅小区,金牛区,104.073183,30.683394
金华公寓(星辉西路),residential,商务住宅;住宅区;住宅小区,金牛区,104.072177,30.681576
武都路4号院,residential,商务住宅;住宅区;住宅小区,青羊区,104.068511,30.680157
成华巷3号,residential,商务住宅;住宅区;住宅区,金牛区,104.073436,30.683391
五丁路16号院,residential,商务住宅;住宅区;住宅小区,金牛区,104.063758,30.686425
人民中路三段小区,residential,商务住宅;住宅区;住宅小区,青羊区,104.0698,30.679854
星辉西路8号院,residential,商务住宅;住宅区;住宅区,金牛区,104.072888,30.680475
上河城小区9栋,residential,商务住宅;住宅区;住宅小区,青羊区,104.071608,30.679483
上河新城,residential,商务住宅;住宅区;住宅小区,青羊区,104.071729,30.679409
北站西二路1号院,residential,商务住宅;住宅区;住宅小区,金牛区,104.064255,30.688759
星辰苑(一环路北三段),residential,商务住宅;住宅区;住宅小区,金牛区,104.0791,30.68477
雅图丽景,residential,商务住宅;住宅区;住宅小区,金牛区,104.077855,30.68525
南玻公寓,residential,商务住宅;住宅区;住宅小区,金牛区,104.078874,30.68628
荷花池街道互助路社区,residential,商务住宅;住宅区;住宅小区,金牛区,104.077806,30.686251
盛世豪庭,residential,商务住宅;住宅区;住宅小区,金牛区,104.079178,30.682294
百佳庭院,residential,商务住宅;住宅区;住宅小区,金牛区,104.077462,30.686642
北极星花园,residential,商务住宅;住宅区;住宅小区,金牛区,104.077663,30.681964
成华南街小区,residential,商务住宅;住宅区;住宅小区,金牛区,104.075576,30.683355
簸箕巷小区,residential,商务住宅;住宅区;住宅小区,金牛区,104.079108,30.681675
城隍公寓,residential,商务住宅;住宅区;住宅小区,金牛区,104.080362,30.681858
解放路二段333号院,residential,商务住宅;住宅区;住宅小区,金牛区,104.081801,30.685573
鑫园(先锋路),residential,商务住宅;住宅区;住宅小区,金牛区,104.077865,30.687449
金牛区红花村小区,residential,商务住宅;住宅区;住宅小区,金牛区,104.078904,30.687561
先锋路小区,residential,商务住宅;住宅区;住宅小区,金牛区,104.079058,30.687552
花圃苑,residential,商务住宅;住宅区;住宅区,金牛区,104.074938,30.685371
五治住宅区(14栋),residential,商务住宅;住宅区;住宅小区,金牛区,104.081001,30.687353
祥和小居,residential,商务住宅;住宅区;住宅小区,金牛区,104.079206,30.68104
解放路一段2号楼房,residential,商务住宅;住宅区;住宅区,金牛区,104.081386,30.68668
城北商务广场花圃名居,residential,商务住宅;住宅区;住宅小区,金牛区,104.077346,30.680843
成华街9号院,residential,商务住宅;住宅区;住宅小区,金牛区,104.074449,30.683994
互助路五治住宅区,residential,商务住宅;住宅区;住宅小区,金牛区,104.081077,30.687453
红花村一号小区,residential,商务住宅;住宅区;住宅小区,金牛区,104.079349,30.687928
晶宇北苑,residential,商务住宅;住宅区;住宅小区,金牛区,104.079777,30.680874
一环路北三段79号,residential,商务住宅;住宅区;住宅区,金牛区,104.074933,30.686496
张家巷36号院,residential,商务住宅;住宅区;住宅小区,金牛区,104.078987,30.680463
纯溪公寓,residential,商务住宅;住宅区;住宅小区,金牛区,104.075606,30.681289
红花村一号小区,residential,商务住宅;住宅区;住宅小区,金牛区,104.079349,30.687928
晶宇北苑,residential,商务住宅;住宅区;住宅小区,金牛区,104.079777,30.680874
一环路北三段79号,residential,商务住宅;住宅区;住宅区,金牛区,104.074933,30.686496
张家巷36号院,residential,商务住宅;住宅区;住宅小区,金牛区,104.078987,30.680463
纯溪公寓,residential,商务住宅;住宅区;住宅小区,金牛区,104.075606,30.681289
199号2幢大宅院,residential,商务住宅;住宅区;住宅小区,金牛区,104.083097,30.684114
迪康·银色诗典,residential,商务住宅;住宅区;住宅区,金牛区,104.074531,30.686548
解放路一段3号小区,residential,商务住宅;住宅区;住宅小区,金牛区,104.082305,30.686877
恒德路社区,residential,商务住宅;住宅区;住宅小区,金牛区,104.080626,30.680633
北站东二路3号院,residential,商务住宅;住宅区;住宅小区,金牛区,104.076607,30.688229
华西庭园,residential,商务住宅;住宅区;住宅小区,金牛区,104.078775,30.680132
金荷名邸,residential,商务住宅;住宅区;住宅小区,金牛区,104.07904,30.688797
互助公寓,residential,商务住宅;住宅区;住宅小区,金牛区,104.080122,30.688788
膳庄公寓,residential,商务住宅;住宅区;住宅小区,金牛区,104.076575,30.679893
恒德路6号院,residential,商务住宅;住宅区;住宅区,金牛区,104.081755,30.680503
北站东二路5号院,residential,商务住宅;住宅区;住宅小区,金牛区,104.076829,30.689152
西南建筑设计院家属楼,residential,商务住宅;住宅区;住宅小区,金牛区,104.07396,30.681164
解放西街1号小区,residential,商务住宅;住宅区;住宅小区,金牛区,104.080645,30.689107
平福路小区,residential,商务住宅;住宅区;住宅小区,金牛区,104.083284,30.687413
泰基北锦,residential,商务住宅;住宅区;住宅小区,金牛区,104.081356,30.688887
金港兴城,residential,商务住宅;住宅区;住宅小区,金牛区,104.075084,30.679935
恒德路10号院,residential,商务住宅;住宅区;住宅小区,金牛区,104.083167,30.680872
北站东一路4号院,residential,商务住宅;住宅区;住宅小区,金牛区,104.074251,30.688479
城隍庙15区,residential,商务住宅;住宅区;住宅区,金牛区,104.074298,30.680108
恒德路4号院,residential,商务住宅;住宅区;住宅小区,金牛区,104.082273,30.679719
德居苑,residential,商务住宅;住宅区;住宅小区,金牛区,104.075044,30.689297
马鞍北路28号院,residential,商务住宅;住宅区;住宅小区,金牛区,104.082925,30.680043
解放路一段31号院,residential,商务住宅;住宅区;住宅小区,金牛区,104.083381,30.688532
曹家巷小区,residential,商务住宅;住宅区;住宅小区,金牛区,104.082316,30.679455
肖家新居,residential,商务住宅;住宅区;住宅小区,金牛区,104.074454,30.689191
水晶花园(星辉西滨河路),residential,商务住宅;住宅区;住宅小区,金牛区,104.074676,30.679405
平福路124号院,residential,商务住宅;住宅区;住宅小区,金牛区,104.087694,30.684842
西油苑,residential,商务住宅;住宅区;住宅小区,金牛区,104.088119,30.685344
华油路138号居民大院,residential,商务住宅;住宅区;住宅小区,成华区,104.089235,30.683497
平福路120号院,residential,商务住宅;住宅区;住宅小区,金牛区,104.087448,30.685056
峰南小区,residential,商务住宅;住宅区;住宅小区,成华区,104.087744,30.683318
三友巷32号小区,residential,商务住宅;住宅区;住宅小区,金牛区,104.087106,30.684967
现代北苑,residential,商务住宅;住宅区;住宅小区,成华区,104.090115,30.684394
晓初公寓,residential,商务住宅;住宅区;住宅小区,金牛区,104.08788,30.685725
锋尚阳光,residential,商务住宅;住宅区;住宅小区,成华区,104.087856,30.682994
城北小区,residential,商务住宅;住宅区;住宅小区,金牛区,104.086661,30.684569
马鞍东路社区(北门),residential,商务住宅;住宅区;住宅小区,金牛区,104.090599,30.679798
平福路92号院,residential,商务住宅;住宅区;住宅小区,金牛区,104.086815,30.685219
成勘苑,residential,商务住宅;住宅区;住宅小区,成华区,104.089854,30.685843
三友巷21号小区,residential,商务住宅;住宅区;住宅小区,金牛区,104.086359,30.683902
成都李家沱社区2区,residential,商务住宅;住宅区;住宅小区,金牛区,104.087133,30.685982
新13号院,residential,商务住宅;住宅区;住宅小区,成华区,104.090661,30.685223
撷英卉苑,residential,商务住宅;住宅区;住宅小区,成华区,104.090935,30.684265
前锋小区,residential,商务住宅;住宅区;住宅小区,成华区,104.087446,30.682107
阳光欣园,residential,商务住宅;住宅区;住宅小区,成华区,104.089188,30.681974
蓝泰公寓,residential,商务住宅;住宅区;住宅小区,成华区,104.091402,30.684981
平福路48号院,residential,商务住宅;住宅区;住宅小区,金牛区,104.085869,30.685871
阳光嘉苑(前锋路),residential,商务住宅;住宅区;住宅小区,成华区,104.091284,30.682937
金城商住楼,residential,商务住宅;住宅区;住宅小区,成华区,104.090232,30.686851
平福路46号院,residential,商务住宅;住宅区;住宅小区,金牛区,104.085629,30.685974
平安馨苑,residential,商务住宅;住宅区;住宅小区,成华区,104.091725,30.68556
建安公寓(泰宏路),residential,商务住宅;住宅区;住宅小区,金牛区,104.085274,30.685666
金谷苑(树蓓街),residential,商务住宅;住宅区;住宅小区,金牛区,104.08758,30.687471
一环路北四段社区,residential,商务住宅;住宅区;住宅小区,金牛区,104.084838,30.683695
华油苑,residential,商务住宅;住宅区;住宅小区,成华区,104.092196,30.683826
平福里,residential,商务住宅;住宅区;住宅小区,金牛区,104.086235,30.687008
泰安街小区,residential,商务住宅;住宅区;住宅小区,成华区,104.092098,30.685487
马鞍山25号小区,residential,商务住宅;住宅区;住宅小区,金牛区,104.084656,30.684466
中房平景苑住宅西区,residential,商务住宅;住宅区;住宅小区,成华区,104.092054,30.686411
鹏程苑小区,residential,商务住宅;住宅区;住宅小区,成华区,104.091327,30.686841
华油路95新50号小区,residential,商务住宅;住宅区;住宅小区,成华区,104.092423,30.685079
马鞍山小区,residential,商务住宅;住宅区;住宅小区,金牛区,104.085018,30.686135
万科金色家园(前锋路),residential,商务住宅;住宅区;住宅小区,成华区,104.0907,30.681386
首汇观筑,residential,商务住宅;住宅区;住宅小区,成华区,104.09198,30.682474
平福里B区,residential,商务住宅;住宅区;住宅区,金牛区,104.086402,30.687452
泰兴苑(泰兴路),residential,商务住宅;住宅区;住宅小区,成华区,104.090978,30.687314
树蓓巷1号院,residential,商务住宅;住宅区;住宅区,金牛区,104.089792,30.687898
李家沱小区,residential,商务住宅;住宅区;住宅小区,金牛区,104.08812,30.68813
瑞苑(华油巷),residential,商务住宅;住宅区;住宅小区,成华区,104.093068,30.684393
华油路95新50号小区,residential,商务住宅;住宅区;住宅小区,成华区,104.092423,30.685079
马鞍山小区,residential,商务住宅;住宅区;住宅小区,金牛区,104.085018,30.686135
万科金色家园(前锋路),residential,商务住宅;住宅区;住宅小区,成华区,104.0907,30.681386
首汇观筑,residential,商务住宅;住宅区;住宅小区,成华区,104.09198,30.682474
平福里B区,residential,商务住宅;住宅区;住宅区,金牛区,104.086402,30.687452
泰兴苑(泰兴路),residential,商务住宅;住宅区;住宅小区,成华区,104.090978,30.687314
平福巷2号三幢小区,residential,商务住宅;住宅区;住宅小区,金牛区,104.085171,30.68668
祥和苑(南门),residential,商务住宅;住宅区;住宅小区,金牛区,104.089815,30.687897
树蓓巷1号院,residential,商务住宅;住宅区;住宅区,金牛区,104.089792,30.687898
李家沱小区,residential,商务住宅;住宅区;住宅小区,金牛区,104.08812,30.68813
平福巷2号二幢小区,residential,商务住宅;住宅区;住宅小区,金牛区,104.08523,30.686911
平福巷2号一幢小区,residential,商务住宅;住宅区;住宅小区,金牛区,104.085375,30.687109
马鞍山36号院,residential,商务住宅;住宅区;住宅小区,金牛区,104.084083,30.683817
瑞苑(华油巷),residential,商务住宅;住宅区;住宅小区,成华区,104.093068,30.684393
平景苑,residential,商务住宅;住宅区;住宅区,成华区,104.092045,30.686854
北辰花园(马鞍北路),residential,商务住宅;住宅区;住宅小区,金牛区,104.085361,30.681446
祥和苑(三友路),residential,商务住宅;住宅区;住宅小区,金牛区,104.089545,30.688248
马鞍山28号院,residential,商务住宅;住宅区;住宅小区,金牛区,104.083918,30.68507
平福里A区,residential,商务住宅;住宅区;住宅小区,金牛区,104.085931,30.687753
华油路新19号,residential,商务住宅;住宅区;住宅小区,成华区,104.093149,30.683764
华圣苑,residential,商务住宅;住宅区;住宅小区,成华区,104.093156,30.683578
中房平景苑住宅东区,residential,商务住宅;住宅区;住宅小区,成华区,104.093289,30.685807
一环路北四段110号,residential,商务住宅;住宅区;住宅区,金牛区,104.085426,30.681187
西南石油局公寓,residential,商务住宅;住宅区;住宅小区,金牛区,104.085978,30.680748
51号院,residential,商务住宅;住宅区;住宅小区,成华区,104.09318,30.682977
沙河风情,residential,商务住宅;住宅区;住宅小区,成华区,104.091254,30.687929
马鞍山路1号院,residential,商务住宅;住宅区;住宅小区,金牛区,104.083988,30.686191
格林尚元丽舍,residential,商务住宅;住宅区;住宅小区,金牛区,104.083757,30.682972
恒福苑(泰宏路),residential,商务住宅;住宅区;住宅小区,金牛区,104.087384,30.688593
平福巷2号五幢小区,residential,商务住宅;住宅区;住宅小区,金牛区,104.084651,30.687162
平福巷2号六幢小区,residential,商务住宅;住宅区;住宅小区,金牛区,104.084826,30.687375
平福巷2号七幢小区,residential,商务住宅;住宅区;住宅小区,金牛区,104.084948,30.687571
平福巷2号八幢小区,residential,商务住宅;住宅区;住宅小区,金牛区,104.085177,30.687763
马鞍北路51,residential,商务住宅;住宅区;住宅小区,金牛区,104.085572,30.680717
北苑富兴公寓,residential,商务住宅;住宅区;住宅小区,金牛区,104.089187,30.679954
平福巷4号4栋,residential,商务住宅;住宅区;住宅小区,金牛区,104.086233,30.688365
平福巷2号九幢小区,residential,商务住宅;住宅区;住宅小区,金牛区,104.085345,30.687946
平福巷2号十幢小区,residential,商务住宅;住宅区;住宅小区,金牛区,104.085568,30.688212
平福巷6号院,residential,商务住宅;住宅区;住宅区,金牛区,104.083843,30.686599
财富又一城(西门),residential,商务住宅;住宅区;住宅小区|通行设施;临街院门;临街院门,成华区,104.091663,30.680656
平福巷2号十一幢小区,residential,商务住宅;住宅区;住宅小区,金牛区,104.085665,30.688369
协信中心,residential,商务住宅;住宅区;住宅小区,成华区,104.098166,30.684496
府青惠园,residential,商务住宅;住宅区;住宅小区,成华区,104.09788,30.683993
华栋云庭,residential,商务住宅;住宅区;住宅小区,成华区,104.099698,30.683782
沙河新城2期,residential,商务住宅;住宅区;住宅区,成华区,104.097298,30.685466
府青路二段18号院,residential,商务住宅;住宅区;住宅区,成华区,104.097005,30.685252
玛塞城,residential,商务住宅;住宅区;住宅小区,成华区,104.098986,30.685873
玛塞城·中央大道,residential,商务住宅;住宅区;住宅小区,成华区,104.099437,30.686114
电子科大社区,residential,商务住宅;住宅区;住宅小区,成华区,104.099185,30.682268
云翔金座(建设中),residential,商务住宅;住宅区;住宅小区,成华区,104.096516,30.683008
成都电子科大东二院,residential,商务住宅;住宅区;住宅小区,成华区,104.10001,30.682388
建设北路东院社区,residential,商务住宅;住宅区;住宅小区,成华区,104.097929,30.68166
蓝光COCO时代,residential,商务住宅;住宅区;住宅小区,成华区,104.101535,30.683499
东院1区,residential,商务住宅;住宅区;住宅区,成华区,104.098087,30.681222
府青立交蓝水湾小区5栋,residential,商务住宅;住宅区;住宅小区,成华区,104.09802,30.687587
一环路东一段小区,residential,商务住宅;住宅区;住宅小区,成华区,104.101826,30.682594
水映兰庭,residential,商务住宅;住宅区;住宅小区,成华区,104.094518,30.68514
富临·沙河新城,residential,商务住宅;住宅区;住宅小区,成华区,104.095847,30.687163
浅水半岛A区,residential,商务住宅;住宅区;住宅小区,成华区,104.102602,30.68563
踏水桥小区1幢,residential,商务住宅;住宅区;住宅小区,成华区,104.10024,30.680731
东院院士公寓,residential,商务住宅;住宅区;住宅小区,成华区,104.100442,30.680636
首创·天禧68号销售中心,residential,商务住宅;住宅区;住宅小区,成华区,104.102474,30.682111
府青路二段四号,residential,商务住宅;住宅区;住宅小区,成华区,104.094302,30.682351
踏水桥北街2号院,residential,商务住宅;住宅区;住宅小区,成华区,104.100443,30.680395
平安苑(虹波路),residential,商务住宅;住宅区;住宅小区,成华区,104.093646,30.685659
华油路29号院,residential,商务住宅;住宅区;住宅小区,成华区,104.093771,30.682654
中房·蓝水湾(二环路北四段),residential,商务住宅;住宅区;住宅小区,成华区,104.096586,30.688577
浅水半岛B区,residential,商务住宅;住宅区;住宅小区,成华区,104.101934,30.687988
圣灯公寓,residential,商务住宅;住宅区;住宅小区,成华区,104.094501,30.681045
府青路二段3号新11号院,residential,商务住宅;住宅区;住宅小区,成华区,104.094377,30.681033
秀苑东路21号院,residential,商务住宅;住宅区;住宅小区,成华区,104.101404,30.680089
二环路东一段27号院,residential,商务住宅;住宅区;住宅区,成华区,104.101507,30.679759
府青苑,residential,商务住宅;住宅区;住宅小区,成华区,104.093932,30.680096
桃溪怡苑,residential,商务住宅;住宅区;住宅小区,成华区,104.108197,30.684476
明波花园(怡福路),residential,商务住宅;住宅区;住宅小区,成华区,104.108071,30.685227
东方丽景(怡福路),residential,商务住宅;住宅区;住宅小区,成华区,104.109683,30.684206
东泰苑(怡福路),residential,商务住宅;住宅区;住宅小区,成华区,104.107235,30.684179
明苑,residential,商务住宅;住宅区;住宅小区,成华区,104.109546,30.685295
川锋苑,residential,商务住宅;住宅区;住宅小区,成华区,104.108847,30.685757
田园,residential,商务住宅;住宅区;住宅小区,成华区,104.11022,30.684307
东兴大厦小区,residential,商务住宅;住宅区;住宅小区,成华区,104.107502,30.685705
新港公寓(桃蹊路),residential,商务住宅;住宅区;住宅小区,成华区,104.106673,30.683938
桃溪苑,residential,商务住宅;住宅区;住宅小区,成华区,104.108989,30.685963
东辉花园,residential,商务住宅;住宅区;住宅小区,成华区,104.106359,30.684314
东晖花园(怡福路),residential,商务住宅;住宅区;住宅小区,成华区,104.107319,30.685955
晨光春华晨曦园,residential,商务住宅;住宅区;住宅小区,成华区,104.108106,30.686363
桃溪庭苑,residential,商务住宅;住宅区;住宅小区,成华区,104.110689,30.685563
隆发苑,residential,商务住宅;住宅区;住宅小区,成华区,104.109979,30.68629
桃蹊社区,residential,商务住宅;住宅区;住宅小区,成华区,104.105976,30.683288
华西苑(双建路),residential,商务住宅;住宅区;住宅小区,成华区,104.111044,30.683222
明信花园,residential,商务住宅;住宅区;住宅小区,成华区,104.111462,30.684837
佳馨苑(怡福路),residential,商务住宅;住宅区;住宅小区,成华区,104.107008,30.686642
瀚林花园(二环路东一段),residential,商务住宅;住宅区;住宅小区,成华区,104.106532,30.682358
新风路四号院,residential,商务住宅;住宅区;住宅小区,成华区,104.107839,30.687357
东晖花园4区,residential,商务住宅;住宅区;住宅小区,成华区,104.105503,30.686068
怡福路104号院,residential,商务住宅;住宅区;住宅区,成华区,104.10578,30.686422
金华苑(桃林街),residential,商务住宅;住宅区;住宅小区,成华区,104.11198,30.683548
圣合苑(新风路),residential,商务住宅;住宅区;住宅小区,成华区,104.10926,30.687526
师友路6号院,residential,商务住宅;住宅区;住宅区,成华区,104.107898,30.687599
香木林·花园,residential,商务住宅;住宅区;住宅小区,成华区,104.10709,30.681217
紫云居(香木林路),residential,商务住宅;住宅区;住宅小区,成华区,104.109666,30.681083
桃蹊路47号院,residential,商务住宅;住宅区;住宅小区,成华区,104.104893,30.682824
成电花园桃源苑,residential,商务住宅;住宅区;住宅小区,成华区,104.112337,30.6857
双建路60号院,residential,商务住宅;住宅区;住宅小区,成华区,104.111802,30.682172
安庆苑,residential,商务住宅;住宅区;住宅小区,成华区,104.106427,30.687532
新风路46号院,residential,商务住宅;住宅区;住宅小区,成华区,104.107574,30.687928
八里阳光,residential,商务住宅;住宅区;住宅小区,成华区,104.104233,30.684601
二仙桥西一巷7号院,residential,商务住宅;住宅区;住宅小区,成华区,104.110653,30.687537
桃源社区二号院,residential,商务住宅;住宅区;住宅小区,成华区,104.112739,30.683957
怡福巷80号院,residential,商务住宅;住宅区;住宅小区,成华区,104.104419,30.685664
望园居,residential,商务住宅;住宅区;住宅小区,成华区,104.109087,30.680647
公交苑,residential,商务住宅;住宅区;住宅小区,成华区,104.105322,30.68709
八里小区,residential,商务住宅;住宅区;住宅小区,成华区,104.108646,30.68825
新风路60号院,residential,商务住宅;住宅区;住宅小区,成华区,104.107397,30.688139
爱家馨苑,residential,商务住宅;住宅区;住宅小区,成华区,104.110891,30.687676
师友路四号,residential,商务住宅;住宅区;住宅小区,成华区,104.108491,30.688341
桃源街社区,residential,商务住宅;住宅区;住宅小区,成华区,104.1131,30.684646
建设路北二段小区,residential,商务住宅;住宅区;住宅小区,成华区,104.105179,30.681524
教师苑(文德路),residential,商务住宅;住宅区;住宅小区,成华区,104.10824,30.688492
景碧园,residential,商务住宅;住宅区;住宅小区,成华区,104.103845,30.683254
双建路28号小区,residential,商务住宅;住宅区;住宅小区,成华区,104.112201,30.68171
师友路四号,residential,商务住宅;住宅区;住宅小区,成华区,104.108491,30.688341
桃源街社区,residential,商务住宅;住宅区;住宅小区,成华区,104.1131,30.684646
建设路北二段小区,residential,商务住宅;住宅区;住宅小区,成华区,104.105179,30.681524
教师苑(文德路),residential,商务住宅;住宅区;住宅小区,成华区,104.10824,30.688492
景碧园,residential,商务住宅;住宅区;住宅小区,成华区,104.103845,30.683254
双建路28号小区,residential,商务住宅;住宅区;住宅小区,成华区,104.112201,30.68171
蜀东小区,residential,商务住宅;住宅区;住宅小区,成华区,104.104596,30.681894
园丁园(师友路),residential,商务住宅;住宅区;住宅小区,成华区,104.110166,30.688272
博闻·八里锦汇,residential,商务住宅;住宅区;住宅小区,成华区,104.112983,30.682594
师友路三号一栋小区,residential,商务住宅;住宅区;住宅小区,成华区,104.109195,30.68863
师友路1号院,residential,商务住宅;住宅区;住宅小区,成华区,104.109834,30.688538
桃源社区一号院,residential,商务住宅;住宅区;住宅小区,成华区,104.113468,30.683811
南天苑,residential,商务住宅;住宅区;住宅小区,成华区,104.113035,30.686408
博闻·时代景汇,residential,商务住宅;住宅区;住宅小区,成华区,104.112642,30.681798
圣地名居,residential,商务住宅;住宅区;住宅小区,成华区,104.107193,30.680093
文德社区,residential,商务住宅;住宅区;住宅小区,成华区,104.110303,30.688542
文德巷3号院,residential,商务住宅;住宅区;住宅小区,成华区,104.113377,30.685879
浅水半岛80俊2期,residential,商务住宅;住宅区;住宅小区,成华区,104.103632,30.685939
桃蹊社区二环路东一段30号院,residential,商务住宅;住宅区;住宅区,成华区,104.106264,30.680319
文德路143号院,residential,商务住宅;住宅区;住宅区,成华区,104.111493,30.688061
蜀东小区西区,residential,商务住宅;住宅区;住宅区,成华区,104.103997,30.681958
桃蹊路298号院,residential,商务住宅;住宅区;住宅小区,成华区,104.110598,30.688586
蓝天苑,residential,商务住宅;住宅区;住宅小区,成华区,104.113361,30.686333
成功悦都,residential,商务住宅;住宅区;住宅小区,成华区,104.1128,30.681577
华房苑,residential,商务住宅;住宅区;住宅小区,成华区,104.105657,30.688458
锦电苑,residential,商务住宅;住宅区;住宅小区,成华区,104.106603,30.6889
东雅苑,residential,商务住宅;住宅区;住宅小区,成华区,104.104851,30.688042
成都·东方明珠花园东区,residential,商务住宅;住宅区;住宅小区,成华区,104.111546,30.680337
成都·东方明珠花园,residential,商务住宅;住宅区;住宅小区,成华区,104.112721,30.681206
师友路三号院,residential,商务住宅;住宅区;住宅小区,成华区,104.108908,30.689199
郦景东城,residential,商务住宅;住宅区;住宅小区,成华区,104.104146,30.687519
明波花园(文德路),residential,商务住宅;住宅区;住宅小区,成华区,104.109371,30.689171
蜀东小区东区,residential,商务住宅;住宅区;住宅区,成华区,104.104597,30.680789
蜀东小区3幢,residential,商务住宅;住宅区;住宅小区,成华区,104.104622,30.680753
东方明珠花园西区,residential,商务住宅;住宅区;住宅小区,成华区,104.109109,30.679386
蜀东小区4幢,residential,商务住宅;住宅区;住宅小区,成华区,104.104734,30.68058
博闻.时代锦汇,residential,商务住宅;住宅区;住宅小区,成华区,104.113227,30.681458
曼玉八里小区店,residential,商务住宅;住宅区;住宅区,成华区,104.106797,30.689168
首创·天禧,residential,商务住宅;住宅区;住宅区,成华区,104.104497,30.67975
浅水半岛,residential,商务住宅;住宅区;住宅小区,成华区,104.103582,30.688732
首创天禧68,residential,商务住宅;住宅区;住宅小区,成华区,104.103659,30.679866
八里郡1期,residential,商务住宅;住宅区;住宅区,成华区,104.103565,30.688847
宝泰家园,residential,商务住宅;住宅区;住宅小区,成华区,104.11338,30.688924
成功·银玺国际,residential,商务住宅;住宅区;住宅小区,成华区,104.11347,30.679512
春熙苑(地勘路),residential,商务住宅;住宅区;住宅小区,成华区,104.119536,30.684146
二仙桥石油社区管理站第二住宅区,residential,商务住宅;住宅区;住宅小区,成华区,104.120593,30.685195
四川省冶金地质勘查院家属院,residential,商务住宅;住宅区;住宅小区,成华区,104.120329,30.683439
二仙桥西路五号东区院,residential,商务住宅;住宅区;住宅小区,成华区,104.11929,30.686348
祥和苑,residential,商务住宅;住宅区;住宅小区,成华区,104.116093,30.683853
关家苑,residential,商务住宅;住宅区;住宅小区,成华区,104.117527,30.682396
新华苑(二仙桥南一路),residential,商务住宅;住宅区;住宅小区,成华区,104.116134,30.683344
格林尚城,residential,商务住宅;住宅区;住宅小区,成华区,104.120353,30.682591
澳深·天健园东园,residential,商务住宅;住宅区;住宅区,成华区,104.11959,30.682146
新华书店小区,residential,商务住宅;住宅区;住宅小区,成华区,104.117081,30.682252
春熙苑二期,residential,商务住宅;住宅区;住宅小区,成华区,104.121194,30.683286
中国石油三仙桥石油社区管理站第一社区(22栋),residential,商务住宅;住宅区;住宅区,成华区,104.115702,30.68572
二仙桥石油社区,residential,商务住宅;住宅区;住宅小区,成华区,104.117736,30.687224
二仙桥南一路2号院,residential,商务住宅;住宅区;住宅小区,成华区,104.115206,30.682875
二仙桥西路5号-西区,residential,商务住宅;住宅区;住宅区,成华区,104.117366,30.687474
建设北路三段小区,residential,商务住宅;住宅区;住宅小区,成华区,104.121685,30.686267
东方苑(建设北路三段),residential,商务住宅;住宅区;住宅小区,成华区,104.121123,30.681788
成功·悦城,residential,商务住宅;住宅区;住宅小区,成华区,104.114978,30.682704
成电花园文德苑,residential,商务住宅;住宅区;住宅小区,成华区,104.114435,30.684782
天然居(二仙桥南一路),residential,商务住宅;住宅区;住宅小区,成华区,104.115855,30.681432
锦绣上城(二仙南一巷),residential,商务住宅;住宅区;住宅小区,成华区,104.11435,30.683115
时代锦汇华庭,residential,商务住宅;住宅区;住宅小区,成华区,104.114702,30.681646
桃源街一号,residential,商务住宅;住宅区;住宅小区,成华区,104.113575,30.683912
四川省工业设备安装公司第三分公司第三施工队家属院,residential,商务住宅;住宅区;住宅小区,成华区,104.115271,30.68112
朗基少东家,residential,商务住宅;住宅区;住宅小区|餐饮服务;中餐厅;中餐厅|购物服务;购物相关场所;购物相关场所,成华区,104.119087,30.679756
嘉华阁(建设北路三段),residential,商务住宅;住宅区;住宅小区,成华区,104.114817,30.680804
建设北路189号,residential,商务住宅;住宅区;住宅小区,成华区,104.114909,30.680638
金珠苑,residential,商务住宅;住宅区;住宅小区,成华区,104.114086,30.68741
东辰瑞景小区,residential,商务住宅;住宅区;住宅小区,成华区,104.114319,30.681054
泰博理想城,residential,商务住宅;住宅区;住宅小区,成华区,104.123437,30.687285
东城映象B区,residential,商务住宅;住宅区;住宅小区,成华区,104.123064,30.680005
东圣苑,residential,商务住宅;住宅区;住宅小区,成华区,104.127874,30.684463
汇融云庭,residential,商务住宅;住宅区;住宅小区,成华区,104.129058,30.683803
东圣民居,residential,商务住宅;住宅区;住宅小区,成华区,104.127259,30.684982
二仙桥北二路5号院,residential,商务住宅;住宅区;住宅区,成华区,104.130524,30.683457
华西雅筑,residential,商务住宅;住宅区;住宅区,成华区,104.128284,30.686823
二仙桥北三路11号附4号,residential,商务住宅;住宅区;住宅区,成华区,104.127805,30.686915
二仙桥北路小区,residential,商务住宅;住宅区;住宅小区,成华区,104.128204,30.687025
二仙桥东路9号院,residential,商务住宅;住宅区;住宅小区,成华区,104.12558,30.682628
交大·归谷建设派,residential,商务住宅;住宅区;住宅小区,成华区,104.125499,30.686074
成华区二仙桥街道东路社区东路3号院,residential,商务住宅;住宅区;住宅区,成华区,104.125159,30.682642
下涧槽社区(西1门),residential,商务住宅;住宅区;住宅小区,成华区,104.132719,30.68203
成都机车厂第五期经济适用房,residential,商务住宅;住宅区;住宅小区,成华区,104.128709,30.688395
机车馨苑,residential,商务住宅;住宅区;住宅区,成华区,104.129104,30.688402
成华区圣灯乡关家堰村,residential,商务住宅;住宅区;住宅小区,成华区,104.133287,30.68344
晴和苑,residential,商务住宅;住宅区;住宅小区,成华区,104.123612,30.682035
下涧槽社区(南门),residential,商务住宅;住宅区;住宅小区,成华区,104.133252,30.681148
富临理宫,residential,商务住宅;住宅区;住宅小区,成华区,104.13889,30.684199
华林南苑,residential,商务住宅;住宅区;住宅小区,成华区,104.137358,30.685233
华林小区,residential,商务住宅;住宅区;住宅小区,成华区,104.137197,30.685224
华林小区B区,residential,商务住宅;住宅区;住宅小区,成华区,104.13999,30.684996
华林东苑,residential,商务住宅;住宅区;住宅小区,成华区,104.140016,30.685324
五坪小区(下涧槽路),residential,商务住宅;住宅区;住宅小区,成华区,104.136619,30.683112
华林西苑,residential,商务住宅;住宅区;住宅小区,成华区,104.138673,30.686676
一坪小区,residential,商务住宅;住宅区;住宅小区,成华区,104.135485,30.682599
成都机车厂生活小区,residential,商务住宅;住宅区;住宅小区,成华区,104.13539,30.686231
下涧槽社区(东门),residential,商务住宅;住宅区;住宅小区,成华区,104.137652,30.681112
二仙桥北二路9号院,residential,商务住宅;住宅区;住宅小区,成华区,104.136155,30.679644
成华区二仙桥街道西北路社区,residential,商务住宅;住宅区;住宅小区,成华区,104.135884,30.679419
和风满院,residential,商务住宅;住宅区;住宅小区,成华区,104.135707,30.679459
理工东苑,residential,商务住宅;住宅区;住宅小区,成华区,104.148793,30.684297
理工东苑东区,residential,商务住宅;住宅区;住宅小区,成华区,104.152087,30.683879
理工东苑西区,residential,商务住宅;住宅区;住宅小区,成华区,104.148262,30.68435
多元总部国际1号,residential,商务住宅;住宅区;住宅小区,成华区,104.162172,30.683869
蓝润·尚东城2期,residential,商务住宅;住宅区;住宅小区,成华区,104.156593,30.688018
蓝润·V客尚东1期,residential,商务住宅;住宅区;住宅小区,成华区,104.158354,30.688055
正成·东区1号,residential,商务住宅;住宅区;住宅小区,成华区,104.156296,30.68644
蓝润·V客尚东,residential,商务住宅;住宅区;住宅小区,成华区,104.157612,30.689265
蓝润·东公元,residential,商务住宅;住宅区;住宅区,成华区,104.158441,30.688236
美立方,residential,商务住宅;住宅区;住宅小区,成华区,104.157379,30.684829
中国水电.美立方,residential,商务住宅;住宅区;住宅区,成华区,104.157352,30.68485
丛树新型社区,residential,商务住宅;住宅区;住宅小区,成华区,104.178805,30.682218
成都龙潭裕都C区,residential,商务住宅;住宅区;住宅小区,成华区,104.182234,30.6864
光华杏林,residential,商务住宅;住宅区;住宅小区,青羊区,103.965788,30.672497
知贤坊(光华大道一段),residential,商务住宅;住宅区;住宅小区,青羊区,103.968957,30.670991
元益花园,residential,商务住宅;住宅区;住宅小区,青羊区,103.971987,30.673102
心灵家园,residential,商务住宅;住宅区;住宅小区,青羊区,103.968996,30.672842
长虹和悦府,residential,商务住宅;住宅区;住宅小区,青羊区,103.966726,30.677202
清溪雅筑,residential,商务住宅;住宅区;住宅小区,青羊区,103.972698,30.669932
国一·梦巢,residential,商务住宅;住宅区;住宅小区,青羊区,103.968365,30.670413
金阳易诚国际,residential,商务住宅;住宅区;住宅小区,青羊区,103.965762,30.673877
荣盛·花语城,residential,商务住宅;住宅区;住宅小区,青羊区,103.965913,30.675631
清江美庐,residential,商务住宅;住宅区;住宅小区,青羊区,103.968051,30.679601
万科蚂蚁工房,residential,商务住宅;住宅区;住宅区,青羊区,103.965829,30.673777
兴城融域,residential,商务住宅;住宅区;住宅小区,青羊区,103.977777,30.67513
兴城佳域,residential,商务住宅;住宅区;住宅小区,青羊区,103.979853,30.675314
中坝小区,residential,商务住宅;住宅区;住宅小区,青羊区,103.97819,30.672949
平安小区(中鹏路),residential,商务住宅;住宅区;住宅小区,青羊区,103.981409,30.673957
中鹏花园,residential,商务住宅;住宅区;住宅区,青羊区,103.98128,30.673432
锦绣光华,residential,商务住宅;住宅区;住宅小区,青羊区,103.976249,30.67291
苏坡中路77号附1号,residential,商务住宅;住宅区;住宅区,青羊区,103.981969,30.674611
航天佳苑,residential,商务住宅;住宅区;住宅小区,青羊区,103.975574,30.67491
光华大道一段487号,residential,商务住宅;住宅区;住宅区,青羊区,103.978464,30.67142
河景花园,residential,商务住宅;住宅区;住宅区,青羊区,103.983346,30.674032
清水路苑一组团,residential,商务住宅;住宅区;住宅小区,青羊区,103.979236,30.679376
颐和京都,residential,商务住宅;住宅区;住宅小区,青羊区,103.975833,30.670498
精城水印阁,residential,商务住宅;住宅区;住宅小区,青羊区,103.982878,30.678015
玉园清水湾,residential,商务住宅;住宅区;住宅小区,青羊区,103.983774,30.670252
美丽朋城,residential,商务住宅;住宅区;住宅小区,青羊区,103.988148,30.674508
上城生活馆,residential,商务住宅;住宅区;住宅小区,青羊区,103.989287,30.674112
瑞通凯域,residential,商务住宅;住宅区;住宅小区,青羊区,103.989829,30.675608
贝森园,residential,商务住宅;住宅区;住宅小区,青羊区,103.990533,30.674133
铸信·境界1期,residential,商务住宅;住宅区;住宅小区,青羊区,103.989186,30.673006
铸信·境界2期,residential,商务住宅;住宅区;住宅区,青羊区,103.989588,30.673104
青森小区,residential,商务住宅;住宅区;住宅小区,青羊区,103.987526,30.672689
双新路社区,residential,商务住宅;住宅区;住宅小区,青羊区,103.991364,30.674521
东坡街道双桥路社区,residential,商务住宅;住宅区;住宅小区,青羊区,103.991336,30.673972
玉双苑(四威北路),residential,商务住宅;住宅区;住宅小区,青羊区,103.991316,30.675651
铸信境界,residential,商务住宅;住宅区;住宅小区,青羊区,103.989226,30.671848
蓝光Coco蜜城,residential,商务住宅;住宅区;住宅小区,青羊区,103.990812,30.672287
长顺苑,residential,商务住宅;住宅区;住宅小区,青羊区,103.992387,30.674746
西双苑,residential,商务住宅;住宅区;住宅小区,青羊区,103.992402,30.673564
新联·英伦金沙,residential,商务住宅;住宅区;住宅小区,青羊区,103.987491,30.67811
园首山庄,residential,商务住宅;住宅区;住宅小区,青羊区,103.984228,30.674436
华明居,residential,商务住宅;住宅区;住宅小区,青羊区,103.99125,30.671001
乐摩筑,residential,商务住宅;住宅区;住宅小区,青羊区,103.993496,30.675839
朗基龙堂,residential,商务住宅;住宅区;住宅小区,青羊区,103.988836,30.669846
瑞联路249号院,residential,商务住宅;住宅区;住宅区,青羊区,103.985916,30.670075
东立清水河畔,residential,商务住宅;住宅区;住宅小区,青羊区,103.984885,30.678561
米兰香洲,residential,商务住宅;住宅区;住宅小区,青羊区,103.986419,30.679474
凯丽美域,residential,商务住宅;住宅区;住宅小区,青羊区,103.993512,30.678125
玉园清水湾,residential,商务住宅;住宅区;住宅小区,青羊区,103.983774,30.670252
新阳光健康家园,residential,商务住宅;住宅区;住宅小区,青羊区,103.999742,30.674859
二十一世纪花园,residential,商务住宅;住宅区;住宅小区,青羊区,103.997594,30.673142
苏坡东路5号院,residential,商务住宅;住宅区;住宅小区,青羊区,104.001168,30.675298
百家苑(贝新巷),residential,商务住宅;住宅区;住宅小区,青羊区,103.999598,30.671933
锦绣朋城,residential,商务住宅;住宅区;住宅小区,青羊区,103.995479,30.673219
大陆·紫云金沙,residential,商务住宅;住宅区;住宅小区,青羊区,104.002325,30.674654
贝森宜苑,residential,商务住宅;住宅区;住宅小区,青羊区,104.000993,30.671777
城市物语,residential,商务住宅;住宅区;住宅小区,青羊区,103.995656,30.672403
仁和金沙,residential,商务住宅;住宅区;住宅小区,青羊区,103.997003,30.677722
保利·贝森公馆,residential,商务住宅;住宅区;住宅小区,青羊区,104.002528,30.673059
华府金沙,residential,商务住宅;住宅区;住宅小区,青羊区,103.999839,30.678367
贝森兴园,residential,商务住宅;住宅区;住宅小区,青羊区,104.00004,30.67079
祥域,residential,商务住宅;住宅区;住宅小区,青羊区,104.001886,30.677436
双玺,residential,商务住宅;住宅区;住宅小区,青羊区,103.994155,30.67379
中大君悦金沙3期,residential,商务住宅;住宅区;住宅区,青羊区,103.995623,30.67766
金牛区光荣小区,residential,商务住宅;住宅区;住宅小区,青羊区,104.002733,30.676759
艺水芳乡,residential,商务住宅;住宅区;住宅小区,青羊区,103.995325,30.671601
金沙苑(贝森路),residential,商务住宅;住宅区;住宅小区,青羊区,104.002217,30.671616
揽胜金沙,residential,商务住宅;住宅区;住宅小区,青羊区,103.99877,30.678874
皇冠花园,residential,商务住宅;住宅区;住宅小区,青羊区,103.994505,30.672177
华府金沙名城(建设中),residential,商务住宅;住宅区;住宅小区,青羊区,104.003547,30.676553
中大·君悦金沙君瑞院,residential,商务住宅;住宅区;住宅区,青羊区,103.99537,30.678428
海宁西苑,residential,商务住宅;住宅区;住宅小区,青羊区,104.000658,30.669799
听城,residential,商务住宅;住宅区;住宅小区,青羊区,104.002012,30.678828
凯丽美域(东北门),residential,商务住宅;住宅区;住宅小区|通行设施;临街院门;临街院门,青羊区,103.994334,30.678324
金沙顺苑,residential,商务住宅;住宅区;住宅小区,青羊区,104.00318,30.678367
中大·君悦金沙6期君泰院,residential,商务住宅;住宅区;住宅小区,青羊区,103.99381,30.679462
金沙苑(清江中路),residential,商务住宅;住宅区;住宅小区,青羊区,104.008881,30.673931
金沙春,residential,商务住宅;住宅区;住宅小区,青羊区,104.00946,30.673629
卧龙晓城(中环路青羊大道段),residential,商务住宅;住宅区;住宅小区,青羊区,104.008296,30.675821
府南街道锦屏社区场道公司院落,residential,商务住宅;住宅区;住宅区,青羊区,104.00803,30.676213
金沙蜜地,residential,商务住宅;住宅区;住宅小区,青羊区,104.010892,30.674824
金沙揽胜,residential,商务住宅;住宅区;住宅小区,青羊区,104.005558,30.674287
金沙岁月,residential,商务住宅;住宅区;住宅小区,青羊区,104.012126,30.675034
光华园(清江中路),residential,商务住宅;住宅区;住宅小区,青羊区,104.012394,30.674704
快乐空间,residential,商务住宅;住宅区;住宅小区,青羊区,104.012215,30.675774
齐力花园,residential,商务住宅;住宅区;住宅小区,青羊区,104.011423,30.677272
蓉锦驿家,residential,商务住宅;住宅区;住宅区,青羊区,104.013308,30.674483
金林大城小室,residential,商务住宅;住宅区;住宅小区,青羊区,104.013361,30.674422
香格里拉花园(清江中路),residential,商务住宅;住宅区;住宅小区,青羊区,104.003921,30.674509
海棠月色,residential,商务住宅;住宅区;住宅小区,青羊区,104.005262,30.67152
金沙园,residential,商务住宅;住宅区;住宅区,青羊区,104.007497,30.678667
光华馨地,residential,商务住宅;住宅区;住宅小区,青羊区,104.007943,30.669883
华府·双楠(金凤路),residential,商务住宅;住宅区;住宅小区,青羊区,104.004077,30.677549
晴朗居,residential,商务住宅;住宅区;住宅小区,青羊区,104.005771,30.679529
锦花苑(锦翠南路),residential,商务住宅;住宅区;住宅小区,青羊区,104.013441,30.67885
博瑞·都市花园,residential,商务住宅;住宅区;住宅小区,青羊区,104.004209,30.669842
二环路西二段77号院,residential,商务住宅;住宅区;住宅小区,青羊区,104.018431,30.674281
二环路西二段79号院,residential,商务住宅;住宅区;住宅小区,青羊区,104.018199,30.674786
二环路西二段52号院,residential,商务住宅;住宅区;住宅小区,青羊区,104.019392,30.673975
凯乐碧园,residential,商务住宅;住宅区;住宅小区,青羊区,104.017241,30.674306
双顺路4号院小区,residential,商务住宅;住宅区;住宅小区,青羊区,104.017243,30.674127
双顺路6号院,residential,商务住宅;住宅区;住宅小区,青羊区,104.016985,30.674564
建川商寓,residential,商务住宅;住宅区;住宅小区,青羊区,104.019577,30.673104
金邑·志达苑,residential,商务住宅;住宅区;住宅小区,青羊区,104.018692,30.676195
双顺路2号院,residential,商务住宅;住宅区;住宅小区,青羊区,104.016651,30.674027
战旗社区东门,residential,商务住宅;住宅区;住宅小区,青羊区,104.016514,30.674793
罗家碾街157号院,residential,商务住宅;住宅区;住宅小区,青羊区,104.020283,30.675968
战旗东路7号院,residential,商务住宅;住宅区;住宅小区,青羊区,104.017736,30.676405
清江路小区,residential,商务住宅;住宅区;住宅小区,青羊区,104.020281,30.672882
清江东路366号院,residential,商务住宅;住宅区;住宅区,青羊区,104.020292,30.67288
罗家碾街155号院,residential,商务住宅;住宅区;住宅小区,青羊区,104.020613,30.675991
双清南路4号院,residential,商务住宅;住宅区;住宅小区,青羊区,104.015875,30.674994
凌熹苑,residential,商务住宅;住宅区;住宅小区,青羊区,104.018987,30.677038
蔚蓝天地,residential,商务住宅;住宅区;住宅小区,青羊区,104.015648,30.674025
战旗社区(双顺南路),residential,商务住宅;住宅区;住宅小区,青羊区,104.016163,30.676325
财经商住楼,residential,商务住宅;住宅区;住宅区,青羊区,104.015853,30.676191
战旗6号院,residential,商务住宅;住宅区;住宅小区,青羊区,104.018108,30.677371
双清南路6号院,residential,商务住宅;住宅区;住宅小区,青羊区,104.015971,30.676402
罗家碾街121号院,residential,商务住宅;住宅区;住宅小区,青羊区,104.021862,30.6757
二环路西二段119号院,residential,商务住宅;住宅区;住宅小区,青羊区,104.018721,30.677645
西城家园(二环路西二段),residential,商务住宅;住宅区;住宅小区,青羊区,104.02106,30.67712
峨影生活区,residential,商务住宅;住宅区;住宅小区,青羊区,104.022404,30.673615
双顺路60号院,residential,商务住宅;住宅区;住宅小区,青羊区,104.018734,30.678034
罗家碾街35号院,residential,商务住宅;住宅区;住宅区,青羊区,104.022513,30.675705
石人正街21号院,residential,商务住宅;住宅区;住宅区,青羊区,104.022168,30.67648
文德苑,residential,商务住宅;住宅区;住宅小区,青羊区,104.022732,30.675456
石人正街21、31号院,residential,商务住宅;住宅区;住宅区,青羊区,104.022724,30.675819
百草园,residential,商务住宅;住宅区;住宅小区,青羊区,104.014866,30.67657
清江东路358号2号楼,residential,商务住宅;住宅区;住宅小区,青羊区,104.022847,30.67299
石人正街33号院,residential,商务住宅;住宅区;住宅小区,青羊区,104.022641,30.676328
清江东路358号院,residential,商务住宅;住宅区;住宅区,青羊区,104.022847,30.672992
清江小雅(清江东路),residential,商务住宅;住宅区;住宅小区,青羊区,104.022797,30.67283
群益路9号院,residential,商务住宅;住宅区;住宅小区,青羊区,104.016896,30.670846
锦欣苑,residential,商务住宅;住宅区;住宅小区,青羊区,104.016868,30.678238
罗家碾街43号院,residential,商务住宅;住宅区;住宅区,青羊区,104.02324,30.675395
嘉逸花园,residential,商务住宅;住宅区;住宅小区,青羊区,104.013894,30.67533
群益路2号院,residential,商务住宅;住宅区;住宅小区,青羊区,104.017717,30.67036
罗家碾街39号院,residential,商务住宅;住宅区;住宅区,青羊区,104.023574,30.67483
群康路40号院,residential,商务住宅;住宅区;住宅小区,青羊区,104.0168,30.67046
清溪南街小区,residential,商务住宅;住宅区;住宅小区,青羊区,104.019551,30.678765
石人正街25号院,residential,商务住宅;住宅区;住宅区,青羊区,104.023057,30.676614
清江东路352号院,residential,商务住宅;住宅区;住宅区,青羊区,104.023072,30.672335
群益路5号院,residential,商务住宅;住宅区;住宅小区,青羊区,104.017101,30.670312
文和苑(清江东路),residential,商务住宅;住宅区;住宅小区,青羊区,104.023311,30.672632
清江东路65号院,residential,商务住宅;住宅区;住宅小区,青羊区,104.020963,30.670502
爱宜苑,residential,商务住宅;住宅区;住宅小区,青羊区,104.022643,30.671516
群康路50号,residential,商务住宅;住宅区;住宅小区,青羊区,104.01585,30.670644
石人中巷小区,residential,商务住宅;住宅区;住宅小区,青羊区,104.02236,30.677738
石人正街23号院,residential,商务住宅;住宅区;住宅区,青羊区,104.023159,30.676876
蓝谷公寓,residential,商务住宅;住宅区;住宅小区,青羊区,104.023627,30.672751
群康路2号院,residential,商务住宅;住宅区;住宅小区,青羊区,104.018064,30.669805
石人巷4号院,residential,商务住宅;住宅区;住宅小区,青羊区,104.023294,30.6772
攀钢苑,residential,商务住宅;住宅区;住宅小区,青羊区,104.020446,30.679148
锦卉苑,residential,商务住宅;住宅区;住宅小区,青羊区,104.015045,30.678375
文艺苑,residential,商务住宅;住宅区;住宅小区,青羊区,104.023118,30.677676
西岭路3号院,residential,商务住宅;住宅区;住宅小区,青羊区,104.02123,30.669963
石人巷9号院,residential,商务住宅;住宅区;住宅区,青羊区,104.023029,30.677973
鸣翠路3号院,residential,商务住宅;住宅区;住宅小区,青羊区,104.023296,30.671205
石人巷6号院,residential,商务住宅;住宅区;住宅区,青羊区,104.023619,30.677519
西岭路1号院,residential,商务住宅;住宅区;住宅小区,青羊区,104.021842,30.669981
文乐苑,residential,商务住宅;住宅区;住宅小区,青羊区,104.023528,30.677793
鸣翠路1号院,residential,商务住宅;住宅区;住宅小区,青羊区,104.022879,30.670445
斜阳路7号院,residential,商务住宅;住宅区;住宅小区,青羊区,104.023044,30.669685
大庆路101号院,residential,商务住宅;住宅区;住宅区,青羊区,104.028381,30.674224
四川爱乐乐团,residential,商务住宅;住宅区;住宅小区,青羊区,104.028004,30.674354
大庆路105号院,residential,商务住宅;住宅区;住宅区,青羊区,104.028085,30.674741
西雅苑,residential,商务住宅;住宅区;住宅小区,青羊区,104.02878,30.675131
考古队科研楼,residential,商务住宅;住宅区;住宅小区,青羊区,104.027806,30.674832
一号大院,residential,商务住宅;住宅区;住宅小区,金牛区,104.029398,30.674848
磨底河沿巷3号院,residential,商务住宅;住宅区;住宅小区,金牛区,104.029399,30.675114
大庆路68号院,residential,商务住宅;住宅区;住宅小区,青羊区,104.029237,30.673634
磨底河沿巷5号院,residential,商务住宅;住宅区;住宅小区,金牛区,104.029352,30.67538
罗家碾公寓,residential,商务住宅;住宅区;住宅小区,青羊区,104.028355,30.673359
大庆路109号院,residential,商务住宅;住宅区;住宅区,青羊区,104.027769,30.675444
磨底河沿巷7号院,residential,商务住宅;住宅区;住宅小区,金牛区,104.029517,30.675613
恒森·朗晴居,residential,商务住宅;住宅区;住宅小区,青羊区,104.029851,30.673538
大庆路95号院,residential,商务住宅;住宅区;住宅小区,青羊区,104.029299,30.673105
大庆路新97号院,residential,商务住宅;住宅区;住宅小区,青羊区,104.029209,30.672974
石人竹苑,residential,商务住宅;住宅区;住宅小区,青羊区,104.027771,30.675899
大庆路93号院,residential,商务住宅;住宅区;住宅区,青羊区,104.029596,30.673006
朗诗·西溪里,residential,商务住宅;住宅区;住宅小区,青羊区,104.028905,30.676196
大庆路66号院,residential,商务住宅;住宅区;住宅小区,青羊区,104.03029,30.67321
南风苑,residential,商务住宅;住宅区;住宅小区,青羊区,104.026322,30.674103
成勘院电梯公司小区9栋,residential,商务住宅;住宅区;住宅小区,青羊区,104.027999,30.672505
大庆路82号院,residential,商务住宅;住宅区;住宅小区,青羊区,104.027836,30.67647
民航一园,residential,商务住宅;住宅区;住宅小区,青羊区,104.026622,30.673201
成勘院电梯公司小区10栋,residential,商务住宅;住宅区;住宅小区,青羊区,104.028886,30.672239
磨底河沿巷11号院,residential,商务住宅;住宅区;住宅小区,青羊区,104.029618,30.676592
百寿巷1号院,residential,商务住宅;住宅区;住宅区,金牛区,104.031308,30.674416
百寿巷2号院,residential,商务住宅;住宅区;住宅区,金牛区,104.031308,30.674416
大庆路89号院,residential,商务住宅;住宅区;住宅小区,青羊区,104.029416,30.672212
大庆路84号院,residential,商务住宅;住宅区;住宅小区,青羊区,104.027752,30.676721
石人南路100号院,residential,商务住宅;住宅区;住宅小区,青羊区,104.026537,30.676044
成勘院电梯公寓,residential,商务住宅;住宅区;住宅小区,青羊区,104.028055,30.672056
百寿路13号院,residential,商务住宅;住宅区;住宅小区,金牛区,104.031446,30.673848
文华路20号院,residential,商务住宅;住宅区;住宅小区,金牛区,104.030522,30.676458
银杏园,residential,商务住宅;住宅区;住宅小区|购物服务;便民商店/便利店;便民商店/便利店,金牛区,104.031324,30.675688
大庆路1号院,residential,商务住宅;住宅区;住宅小区,青羊区,104.029388,30.671883
大庆路86号苑,residential,商务住宅;住宅区;住宅区,青羊区,104.027209,30.67711
文苑社区,residential,商务住宅;住宅区;住宅小区,青羊区,104.025669,30.676089
青西路小区,residential,商务住宅;住宅区;住宅小区,金牛区,104.031852,30.675688
石人小区,residential,商务住宅;住宅区;住宅小区,青羊区,104.026963,30.677205
川西庭院,residential,商务住宅;住宅区;住宅小区,金牛区,104.032225,30.674112
石人南路23号院,residential,商务住宅;住宅区;住宅小区,青羊区,104.024968,30.674669
翠坪园,residential,商务住宅;住宅区;住宅小区,金牛区,104.031587,30.676383
金罗路小区,residential,商务住宅;住宅区;住宅小区,金牛区,104.030777,30.677071
文华路22号院,residential,商务住宅;住宅区;住宅小区,金牛区,104.030046,30.677434
中新路13号院,residential,商务住宅;住宅区;住宅区,金牛区,104.032361,30.674698
中新路19号院,residential,商务住宅;住宅区;住宅小区,金牛区,104.032406,30.673998
磨底河沿街1号院,residential,商务住宅;住宅区;住宅小区,金牛区,104.028981,30.677771
石人东路5号院,residential,商务住宅;住宅区;住宅小区,金牛区,104.028845,30.676971
百寿路13号院,residential,商务住宅;住宅区;住宅小区,金牛区,104.031446,30.673848
石人南路32号院,residential,商务住宅;住宅区;住宅小区,青羊区,104.025679,30.674097
文华路20号院,residential,商务住宅;住宅区;住宅小区,金牛区,104.030522,30.676458
石人东路3号院,residential,商务住宅;住宅区;住宅小区,金牛区,104.02929,30.677034
银杏园,residential,商务住宅;住宅区;住宅小区|购物服务;便民商店/便利店;便民商店/便利店,金牛区,104.031324,30.675688
大庆路1号院,residential,商务住宅;住宅区;住宅小区,青羊区,104.029388,30.671883
石人东路11号院,residential,商务住宅;住宅区;住宅小区,青羊区,104.027722,30.67706
青西路7号院,residential,商务住宅;住宅区;住宅区,金牛区,104.031505,30.675714
石人南路31号院,residential,商务住宅;住宅区;住宅小区,青羊区,104.025492,30.675465
大庆路86号苑,residential,商务住宅;住宅区;住宅区,青羊区,104.027209,30.67711
石人东路13号院,residential,商务住宅;住宅区;住宅小区,青羊区,104.027897,30.677334
石人东路1号院,residential,商务住宅;住宅区;住宅小区,金牛区,104.029287,30.677343
文苑社区,residential,商务住宅;住宅区;住宅小区,青羊区,104.025669,30.676089
青西路小区,residential,商务住宅;住宅区;住宅小区,金牛区,104.031852,30.675688
石人小区,residential,商务住宅;住宅区;住宅小区,青羊区,104.026963,30.677205
川西庭院,residential,商务住宅;住宅区;住宅小区,金牛区,104.032225,30.674112
石人南路23号院,residential,商务住宅;住宅区;住宅小区,青羊区,104.024968,30.674669
翠坪园,residential,商务住宅;住宅区;住宅小区,金牛区,104.031587,30.676383
金罗路小区,residential,商务住宅;住宅区;住宅小区,金牛区,104.030777,30.677071
文华路22号院,residential,商务住宅;住宅区;住宅小区,金牛区,104.030046,30.677434
中新路13号院,residential,商务住宅;住宅区;住宅区,金牛区,104.032361,30.674698
金罗路10号院,residential,商务住宅;住宅区;住宅小区,金牛区,104.030821,30.677112
中新路19号院,residential,商务住宅;住宅区;住宅小区,金牛区,104.032406,30.673998
磨底河沿街1号院,residential,商务住宅;住宅区;住宅小区,金牛区,104.028981,30.677771
金锣路5号院,residential,商务住宅;住宅区;住宅小区,金牛区,104.031316,30.676838
富临·清江雅居,residential,商务住宅;住宅区;住宅小区,青羊区,104.031001,30.671799
中兴路17号院,residential,商务住宅;住宅区;住宅区,金牛区,104.032499,30.674497
石人南路43号院,residential,商务住宅;住宅区;住宅小区,青羊区,104.025708,30.676728
石人南路19号院,residential,商务住宅;住宅区;住宅小区,青羊区,104.024873,30.673283
中兴路15号院,residential,商务住宅;住宅区;住宅区,金牛区,104.03259,30.674704
石人东路2号院,residential,商务住宅;住宅区;住宅小区,金牛区,104.028616,30.677971
石人南路39号院,residential,商务住宅;住宅区;住宅小区,青羊区,104.025127,30.676309
中新路21号院,residential,商务住宅;住宅区;住宅小区,金牛区,104.032587,30.673653
磨底河沿街3号院,residential,商务住宅;住宅区;住宅小区,金牛区,104.028994,30.678
文华路18号院,residential,商务住宅;住宅区;住宅小区,金牛区,104.031531,30.677013
石人南路85号院,residential,商务住宅;住宅区;住宅小区,青羊区,104.025628,30.677073
石人南路35号院,residential,商务住宅;住宅区;住宅小区,青羊区,104.02509,30.676551
文华路16号院,residential,商务住宅;住宅区;住宅小区,金牛区,104.031808,30.676921
石人西路11号院,residential,商务住宅;住宅区;住宅小区,青羊区,104.025695,30.677239
中兴路9号院,residential,商务住宅;住宅区;住宅区,金牛区,104.032928,30.674829
石人南路37号院,residential,商务住宅;住宅区;住宅小区,青羊区,104.024814,30.67639
怡景园(石人东路),residential,商务住宅;住宅区;住宅小区,青羊区,104.028358,30.678273
石人南路15号院,residential,商务住宅;住宅区;住宅小区,青羊区,104.024513,30.672963
中新路10号院,residential,商务住宅;住宅区;住宅小区,金牛区,104.033239,30.674515
中新路7号院,residential,商务住宅;住宅区;住宅小区,金牛区,104.033027,30.675713
磨底河沿街5号院,residential,商务住宅;住宅区;住宅小区,金牛区,104.028846,30.678483
草堂铭城,residential,商务住宅;住宅区;住宅小区,青羊区,104.026544,30.670851
文华路14号院,residential,商务住宅;住宅区;住宅区,金牛区,104.032752,30.676354
石人小区罗家碾街31-43号院,residential,商务住宅;住宅区;住宅区,青羊区,104.023952,30.675314
石人西路社区,residential,商务住宅;住宅区;住宅小区,青羊区,104.025621,30.67768
蓝谷领地,residential,商务住宅;住宅区;住宅小区,青羊区,104.024395,30.672409
文汇院,residential,商务住宅;住宅区;住宅小区,青羊区,104.023789,30.674971
金罗路4号院,residential,商务住宅;住宅区;住宅小区,金牛区,104.030317,30.678407
石人正街1号院,residential,商务住宅;住宅区;住宅小区,青羊区,104.024996,30.677363
石人南路13号院,residential,商务住宅;住宅区;住宅小区,青羊区,104.024064,30.67285
中新路8号院,residential,商务住宅;住宅区;住宅小区,金牛区,104.033478,30.675247
罗家碾街37号院,residential,商务住宅;住宅区;住宅区,青羊区,104.023653,30.674604
银杏雅居,residential,商务住宅;住宅区;住宅小区,金牛区,104.033593,30.674676
文华苑,residential,商务住宅;住宅区;住宅小区,青羊区,104.023931,30.67607
文馨苑(石人南街),residential,商务住宅;住宅区;住宅小区,青羊区,104.023681,30.675626
文翠苑,residential,商务住宅;住宅区;住宅小区,青羊区,104.023723,30.675781
金罗路3号院,residential,商务住宅;住宅区;住宅小区,金牛区,104.031517,30.6781
金罗路6号院,residential,商务住宅;住宅区;住宅小区,金牛区,104.0309,30.678422
石人西路8号院,residential,商务住宅;住宅区;住宅小区,青羊区,104.025432,30.677964
草堂军干所,residential,商务住宅;住宅区;住宅小区|体育休闲服务;度假疗养场所;疗养院,青羊区,104.027316,30.670143
石竹苑,residential,商务住宅;住宅区;住宅小区,青羊区,104.024147,30.676845
文锦苑(石人南街),residential,商务住宅;住宅区;住宅小区,青羊区,104.0238,30.676274
清江雅居2期,residential,商务住宅;住宅区;住宅区,青羊区,104.031791,30.670822
蓝谷公寓,residential,商务住宅;住宅区;住宅小区,青羊区,104.023627,30.672751
广厦公寓,residential,商务住宅;住宅区;住宅小区,青羊区,104.026296,30.678727
石人西路33号院,residential,商务住宅;住宅区;住宅小区,青羊区,104.024287,30.67732
富临·清江雅居1期,residential,商务住宅;住宅区;住宅小区,青羊区,104.031998,30.670771
百寿路12号院,residential,商务住宅;住宅区;住宅小区,金牛区,104.033452,30.672227
石人西路28号院,residential,商务住宅;住宅区;住宅小区,青羊区,104.024929,30.678022
文华路15号院,residential,商务住宅;住宅区;住宅小区,金牛区,104.033383,30.676877
清江东路31号院,residential,商务住宅;住宅区;住宅区,青羊区,104.031076,30.670164
石人西路31号院,residential,商务住宅;住宅区;住宅小区,青羊区,104.024396,30.677649
石人正街88号院,residential,商务住宅;住宅区;住宅区,青羊区,104.023699,30.676796
石人路社区,residential,商务住宅;住宅区;住宅小区,青羊区,104.028454,30.679338
草堂小筑,residential,商务住宅;住宅区;住宅小区,青羊区,104.026577,30.669884
清溪瑞园,residential,商务住宅;住宅区;住宅小区,青羊区,104.026948,30.679156
锦都园,residential,商务住宅;住宅区;住宅小区,青羊区,104.02461,30.670944
磨底河沿街9号院,residential,商务住宅;住宅区;住宅小区,青羊区,104.028407,30.67945
白果林小区(金琴路),residential,商务住宅;住宅区;住宅小区,金牛区,104.031256,30.679006
蜀都苑(清江南街),residential,商务住宅;住宅区;住宅小区,青羊区,104.025699,30.669912
北果林小区,residential,商务住宅;住宅区;住宅小区,金牛区,104.031773,30.678903
清邻街3号院,residential,商务住宅;住宅区;住宅小区,青羊区,104.023971,30.671069
金罗路1号院,residential,商务住宅;住宅区;住宅小区,金牛区,104.032025,30.678831
石人北路51号院,residential,商务住宅;住宅区;住宅区,青羊区,104.026134,30.679309
文苑路48号院,residential,商务住宅;住宅区;住宅小区,青羊区,104.025051,30.678814
文庆苑,residential,商务住宅;住宅区;住宅小区,青羊区,104.023634,30.677634
石人巷8号,residential,商务住宅;住宅区;住宅区,青羊区,104.023684,30.677779
清溪东路7号院,residential,商务住宅;住宅区;住宅小区,青羊区,104.025883,30.679359
成都市青羊小区(青羊北路西巷),residential,商务住宅;住宅区;住宅小区,金牛区,104.03947,30.674068
嘉怡苑(文华路),residential,商务住宅;住宅区;住宅小区,金牛区,104.037525,30.674685
南林花园2期,residential,商务住宅;住宅区;住宅区,金牛区,104.038273,30.673554
北路小区,residential,商务住宅;住宅区;住宅小区,金牛区,104.03884,30.673417
一环路西三段23号院,residential,商务住宅;住宅区;住宅小区,金牛区,104.037748,30.673521
一环路西三段21号院,residential,商务住宅;住宅区;住宅小区,金牛区,104.03775,30.673384
青羊西路二号院,residential,商务住宅;住宅区;住宅小区,金牛区,104.039817,30.675175
文化路4号院,residential,商务住宅;住宅区;住宅区,金牛区,104.036802,30.675114
秀城嘉园,residential,商务住宅;住宅区;住宅小区,金牛区,104.037153,30.675877
青羊东二路78号院,residential,商务住宅;住宅区;住宅小区,金牛区,104.040956,30.674072
文华路7号院,residential,商务住宅;住宅区;住宅小区,金牛区,104.03655,30.675867
百寿路2号院落,residential,商务住宅;住宅区;住宅小区,金牛区,104.03708,30.672527
抚琴东南路8号院,residential,商务住宅;住宅区;住宅小区,金牛区,104.040119,30.676505
文华路9号院,residential,商务住宅;住宅区;住宅小区,金牛区,104.036411,30.676452
一环路西三段8号院,residential,商务住宅;住宅区;住宅小区,金牛区,104.038551,30.671593
永陵路27号附2号院,residential,商务住宅;住宅区;住宅小区,金牛区,104.040211,30.676975
一环路西三段11号附1号院,residential,商务住宅;住宅区;住宅区,金牛区,104.036824,30.671954
四川省中国旅行社宿舍,residential,商务住宅;住宅区;住宅小区,金牛区,104.036812,30.671946
银杏路1号院,residential,商务住宅;住宅区;住宅小区,金牛区,104.035168,30.67486
文华路11号院,residential,商务住宅;住宅区;住宅小区,金牛区,104.035571,30.675904
一环路西三段11号院,residential,商务住宅;住宅区;住宅区,金牛区,104.036877,30.671853
民族饭店-G座商务楼,residential,商务住宅;住宅区;住宅区,金牛区,104.042318,30.674984
青羊东一路68号院,residential,商务住宅;住宅区;住宅小区,金牛区,104.039986,30.67166
百寿路7号院,residential,商务住宅;住宅区;住宅区,金牛区,104.035571,30.672861
青羊东一路95号院,residential,商务住宅;住宅区;住宅小区,金牛区,104.038914,30.671379
城西故事(抚琴南路),residential,商务住宅;住宅区;住宅小区,金牛区,104.041916,30.675657
青羊东一路47号院,residential,商务住宅;住宅区;住宅小区,金牛区,104.03949,30.671393
青西路2号院,residential,商务住宅;住宅区;住宅小区,金牛区,104.034924,30.674487
白果岭小区,residential,商务住宅;住宅区;住宅小区,金牛区,104.03519,30.673233
一环路西三段11号附2号院,residential,商务住宅;住宅区;住宅小区,金牛区,104.036919,30.671609
银杏路3号院,residential,商务住宅;住宅区;住宅小区,金牛区,104.034878,30.674139
永陵路29号院,residential,商务住宅;住宅区;住宅小区,金牛区,104.039779,30.677544
青羊东二路8幢,residential,商务住宅;住宅区;住宅小区,金牛区,104.042445,30.674288
文华路12号1幢,residential,商务住宅;住宅区;住宅小区,金牛区,104.034761,30.675532
西安路枣子巷社区,residential,商务住宅;住宅区;住宅小区,金牛区,104.041322,30.67185
文华路12号3、、4幢,residential,商务住宅;住宅区;住宅小区,金牛区,104.034526,30.675057
文华路12号2幢,residential,商务住宅;住宅区;住宅小区,金牛区,104.034614,30.675323
青羊东一路4号院,residential,商务住宅;住宅区;住宅区,金牛区,104.041428,30.671794
文化路12号院,residential,商务住宅;住宅区;住宅区,金牛区,104.034484,30.675593
永陵路15号院,residential,商务住宅;住宅区;住宅小区,金牛区,104.042867,30.674884
永陵路36号院,residential,商务住宅;住宅区;住宅小区,金牛区,104.040921,30.677694
金牛社区(抚琴西南路),residential,商务住宅;住宅区;住宅小区,金牛区,104.036314,30.677768
文华路12号1幢,residential,商务住宅;住宅区;住宅小区,金牛区,104.034761,30.675532
西安路枣子巷社区,residential,商务住宅;住宅区;住宅小区,金牛区,104.041322,30.67185
文华路12号3、、4幢,residential,商务住宅;住宅区;住宅小区,金牛区,104.034526,30.675057
文华路12号2幢,residential,商务住宅;住宅区;住宅小区,金牛区,104.034614,30.675323
青羊东一路4号院,residential,商务住宅;住宅区;住宅区,金牛区,104.041428,30.671794
文华路小区,residential,商务住宅;住宅区;住宅小区,金牛区,104.034833,30.676261
文化路12号院,residential,商务住宅;住宅区;住宅区,金牛区,104.034484,30.675593
永陵路15号院,residential,商务住宅;住宅区;住宅小区,金牛区,104.042867,30.674884
抚琴西南路7号院,residential,商务住宅;住宅区;住宅小区,金牛区,104.03745,30.678089
永陵路36号院,residential,商务住宅;住宅区;住宅小区,金牛区,104.040921,30.677694
抚琴西路2号院,residential,商务住宅;住宅区;住宅小区,金牛区,104.038349,30.678293
金牛社区(抚琴西南路),residential,商务住宅;住宅区;住宅小区,金牛区,104.036314,30.677768
西安路街道白果林社区,residential,商务住宅;住宅区;住宅小区,金牛区,104.03506,30.671983
话剧院家属院,residential,商务住宅;住宅区;住宅小区,金牛区,104.03767,30.67832
文化路新13号,residential,商务住宅;住宅区;住宅区,金牛区,104.034413,30.676176
文华路新13院,residential,商务住宅;住宅区;住宅区,金牛区,104.034385,30.676162
抚琴北巷2号院(抚琴北巷),residential,商务住宅;住宅区;住宅小区,金牛区,104.040329,30.678156
中新路4号院,residential,商务住宅;住宅区;住宅小区,金牛区,104.034123,30.67595
百寿路9号院,residential,商务住宅;住宅区;住宅区,金牛区,104.034144,30.672881
永陵路13号院,residential,商务住宅;住宅区;住宅小区,金牛区,104.043363,30.67501
白果林小区(文华路),residential,商务住宅;住宅区;住宅小区,金牛区,104.03435,30.676547
中新路6号院,residential,商务住宅;住宅区;住宅小区,金牛区,104.033955,30.67578
文化路新小区,residential,商务住宅;住宅区;住宅小区,金牛区,104.034174,30.676256
西安北路三巷2号院,residential,商务住宅;住宅区;住宅小区,金牛区,104.043371,30.673567
枣子巷45号,residential,商务住宅;住宅区;住宅小区,金牛区,104.042541,30.671891
银杏雅居,residential,商务住宅;住宅区;住宅小区,金牛区,104.033593,30.674676
抚琴北巷4号院,residential,商务住宅;住宅区;住宅小区,金牛区,104.040498,30.678429
抚琴小区,residential,商务住宅;住宅区;住宅小区,金牛区,104.03722,30.678669
西安北路三巷6号院,residential,商务住宅;住宅区;住宅小区,金牛区,104.043485,30.673231
西安北路三巷5号院,residential,商务住宅;住宅区;住宅小区,金牛区,104.043363,30.672906
芙蓉阁公寓,residential,商务住宅;住宅区;住宅小区,金牛区,104.043493,30.673173
抚琴北巷6号院,residential,商务住宅;住宅区;住宅小区,金牛区,104.040571,30.678532
西安北路三巷74号院,residential,商务住宅;住宅区;住宅小区,金牛区,104.043411,30.672708
杏苑公寓,residential,商务住宅;住宅区;住宅小区,金牛区,104.033716,30.672666
抚琴北一巷1号,residential,商务住宅;住宅区;住宅区,金牛区,104.038344,30.679061
枣子巷47号院,residential,商务住宅;住宅区;住宅小区,金牛区,104.042092,30.670889
中新路1号院,residential,商务住宅;住宅区;住宅小区,金牛区,104.034126,30.677131
荣光巷1号院,residential,商务住宅;住宅区;住宅小区,金牛区,104.03424,30.677333
荣光巷小区,residential,商务住宅;住宅区;住宅小区,金牛区,104.034312,30.677516
抚琴北一巷2号,residential,商务住宅;住宅区;住宅区,金牛区,104.038522,30.679298
抚琴北二巷1号院,residential,商务住宅;住宅区;住宅小区,金牛区,104.037449,30.679306
抚琴北巷3号院,residential,商务住宅;住宅区;住宅小区,金牛区,104.040995,30.678999
抚琴北巷2号院(抚琴东巷),residential,商务住宅;住宅区;住宅小区,金牛区,104.039937,30.679325
抚琴北巷5号院,residential,商务住宅;住宅区;住宅小区,金牛区,104.041785,30.678675
抚琴西南路12号院,residential,商务住宅;住宅区;住宅小区,金牛区,104.035022,30.678527
清江花园(清江东路),residential,商务住宅;住宅区;住宅小区,青羊区,104.034146,30.670794
抚琴东北路小区,residential,商务住宅;住宅区;住宅小区,金牛区,104.041164,30.679435
憩园公寓,residential,商务住宅;住宅区;住宅小区,金牛区,104.043104,30.678398
观音阁前街27号院,residential,商务住宅;住宅区;住宅小区,金牛区,104.048741,30.674385
金沙苑公寓(西屠场街),residential,商务住宅;住宅区;住宅小区,金牛区,104.048262,30.674084
观音阁前街4号院,residential,商务住宅;住宅区;住宅小区,金牛区,104.048512,30.674872
金阁公寓,residential,商务住宅;住宅区;住宅小区,金牛区,104.048912,30.67492
西屠场街小区,residential,商务住宅;住宅区;住宅小区,青羊区,104.049003,30.67369
观音阁前街8号院,residential,商务住宅;住宅区;住宅小区,金牛区,104.047546,30.674377
花样年华6新街坊,residential,商务住宅;住宅区;住宅区,青羊区,104.049392,30.67501
绿杨邨,residential,商务住宅;住宅区;住宅小区,金牛区,104.047775,30.6753
上陞家园,residential,商务住宅;住宅区;住宅小区,青羊区,104.049998,30.674065
席草田小区,residential,商务住宅;住宅区;住宅小区,金牛区,104.047186,30.675167
上同仁路39号院,residential,商务住宅;住宅区;住宅区,青羊区,104.050041,30.674976
南巷子公寓,residential,商务住宅;住宅区;住宅小区,金牛区,104.049396,30.67568
康瑞苑(槐树街),residential,商务住宅;住宅区;住宅小区,金牛区,104.047108,30.673551
上同仁路50号大院,residential,商务住宅;住宅区;住宅小区,青羊区,104.050303,30.674625
西马棚街50号院,residential,商务住宅;住宅区;住宅小区,青羊区,104.05012,30.673582
嘉好怡苑,residential,商务住宅;住宅区;住宅小区,金牛区,104.049179,30.675942
金沙桥街5号院,residential,商务住宅;住宅区;住宅小区,金牛区,104.048187,30.672813
观音阁后街1号院,residential,商务住宅;住宅区;住宅小区,金牛区,104.046913,30.675267
焦家巷小区,residential,商务住宅;住宅区;住宅小区,青羊区,104.05049,30.674146
助邦公寓,residential,商务住宅;住宅区;住宅小区,金牛区,104.048666,30.676238
观音阁后街2号院,residential,商务住宅;住宅区;住宅小区,金牛区,104.047065,30.675743
同仁公寓,residential,商务住宅;住宅区;住宅小区,青羊区,104.050134,30.675794
四道街24号院,residential,商务住宅;住宅区;住宅小区,青羊区,104.050985,30.674559
家苑,residential,商务住宅;住宅区;住宅小区,青羊区,104.050955,30.675129
吉祥苑(吉祥街),residential,商务住宅;住宅区;住宅小区,青羊区,104.0498,30.67245
玉锦名都,residential,商务住宅;住宅区;住宅小区,金牛区,104.04783,30.676642
柳苑(横四道街),residential,商务住宅;住宅区;住宅小区,青羊区,104.050869,30.675572
同仁居,residential,商务住宅;住宅区;住宅小区,青羊区,104.04897,30.672075
溢香庭,residential,商务住宅;住宅区;住宅小区,青羊区,104.051066,30.675345
三洞桥小区,residential,商务住宅;住宅区;住宅小区,金牛区,104.046887,30.67632
逸翠园(横四道街),residential,商务住宅;住宅区;住宅小区,青羊区,104.050922,30.675636
四川省纪委商住楼,residential,商务住宅;住宅区;住宅小区,金牛区,104.047459,30.672188
西安北路104号院,residential,商务住宅;住宅区;住宅小区,金牛区,104.046061,30.673282
二道桥街74号院,residential,商务住宅;住宅区;住宅小区,金牛区,104.046641,30.672635
西安北路90号院,residential,商务住宅;住宅区;住宅小区,金牛区,104.046064,30.673253
二道桥街72号院,residential,商务住宅;住宅区;住宅小区,金牛区,104.046765,30.672528
静逸居(横四道街),residential,商务住宅;住宅区;住宅小区,青羊区,104.051007,30.675771
西马棚街38号院,residential,商务住宅;住宅区;住宅小区,青羊区,104.051115,30.673205
四道街17号院,residential,商务住宅;住宅区;住宅小区,青羊区,104.051453,30.674757
银杏公寓(槐树街),residential,商务住宅;住宅区;住宅小区,青羊区,104.05079,30.672746
西马棚街38号院,residential,商务住宅;住宅区;住宅小区,青羊区,104.051115,30.673205
四道街17号院,residential,商务住宅;住宅区;住宅小区,青羊区,104.051453,30.674757
银杏公寓(槐树街),residential,商务住宅;住宅区;住宅小区,青羊区,104.05079,30.672746
少城公寓,residential,商务住宅;住宅区;住宅小区,青羊区,104.050553,30.676295
馨苑,residential,商务住宅;住宅区;住宅小区,青羊区,104.051199,30.675522
西安北路32号院,residential,商务住宅;住宅区;住宅小区,金牛区,104.046156,30.672951
西安北路34号院,residential,商务住宅;住宅区;住宅小区,金牛区,104.046203,30.672857
二道桥街38号院,residential,商务住宅;住宅区;住宅小区,金牛区,104.048017,30.671892
横四道街5号院,residential,商务住宅;住宅区;住宅区,青羊区,104.051338,30.675445
槐树街45号院,residential,商务住宅;住宅区;住宅小区,青羊区,104.050477,30.672345
二道桥街36号院,residential,商务住宅;住宅区;住宅小区,金牛区,104.048073,30.671783
石笋街33号院,residential,商务住宅;住宅区;住宅区,金牛区,104.048761,30.677101
西安北路87号院,residential,商务住宅;住宅区;住宅小区,金牛区,104.04549,30.673863
横四道街2号院,residential,商务住宅;住宅区;住宅区,青羊区,104.051193,30.675858
吉祥街44号院,residential,商务住宅;住宅区;住宅小区,青羊区,104.04983,30.671932
祥和苑(横四道街),residential,商务住宅;住宅区;住宅小区,青羊区,104.051129,30.675982
四川省寄生虫病防治研究所职工住宅,residential,商务住宅;住宅区;住宅小区,青羊区,104.050719,30.67212
三洞桥16号,residential,商务住宅;住宅区;住宅区,金牛区,104.047951,30.677182
二道桥街69号院,residential,商务住宅;住宅区;住宅小区,金牛区,104.046566,30.672165
三道街44号院,residential,商务住宅;住宅区;住宅小区,青羊区,104.051834,30.674942
西马棚街34号院,residential,商务住宅;住宅区;住宅小区,青羊区,104.051549,30.673127
二道桥街6号院,residential,商务住宅;住宅区;住宅小区,青羊区,104.049318,30.671588
西马棚街35号院,residential,商务住宅;住宅区;住宅小区,青羊区,104.05134,30.672703
雅苑(横四道街),residential,商务住宅;住宅区;住宅小区,青羊区,104.051551,30.675874
上同仁路67号院,residential,商务住宅;住宅区;住宅小区,青羊区,104.050808,30.676732
三道街50号院,residential,商务住宅;住宅区;住宅区,青羊区,104.051912,30.675346
西安北路91号院,residential,商务住宅;住宅区;住宅小区,金牛区,104.045019,30.67405
石笋街3号院,residential,商务住宅;住宅区;住宅区,金牛区,104.048877,30.677474
芙蓉宅院,residential,商务住宅;住宅区;住宅小区,金牛区,104.045328,30.673009
南苑(奎星楼街),residential,商务住宅;住宅区;住宅小区,青羊区,104.050115,30.671578
樟香苑,residential,商务住宅;住宅区;住宅小区,青羊区,104.05156,30.676197
槐树街32号院,residential,商务住宅;住宅区;住宅小区,青羊区,104.051413,30.672365
三道街51号院,residential,商务住宅;住宅区;住宅小区,青羊区,104.051871,30.675879
锦城世家8号公馆,residential,商务住宅;住宅区;住宅区,金牛区,104.046763,30.677235
芙蓉花园城Ⅲ期锦芙蓉,residential,商务住宅;住宅区;住宅小区,金牛区,104.04653,30.671664
西岸蒂景A座,residential,商务住宅;住宅区;住宅小区,青羊区,104.051479,30.67652
槐树街小区,residential,商务住宅;住宅区;住宅小区,青羊区,104.051442,30.672232
西二道街43号院,residential,商务住宅;住宅区;住宅小区,青羊区,104.051857,30.676141
西安北路二巷25号院,residential,商务住宅;住宅区;住宅小区,金牛区,104.044839,30.673508
芙蓉花园(实业街),residential,商务住宅;住宅区;住宅小区,金牛区,104.047273,30.67124
西马棚街29号院,residential,商务住宅;住宅区;住宅小区,青羊区,104.051748,30.672467
西二道街32号院,residential,商务住宅;住宅区;住宅小区,青羊区,104.052237,30.675569
川裕苑,residential,商务住宅;住宅区;住宅小区,金牛区,104.045419,30.672335
吉祥街35号院,residential,商务住宅;住宅区;住宅小区,青羊区,104.05094,30.671686
槐树街39号院,residential,商务住宅;住宅区;住宅小区,青羊区,104.051382,30.671911
馨苑(奎星楼街),residential,商务住宅;住宅区;住宅小区,青羊区,104.050542,30.671316
西二道街30号院,residential,商务住宅;住宅区;住宅小区,青羊区,104.0524,30.675689
三洞桥路20号院,residential,商务住宅;住宅区;住宅区,金牛区,104.048451,30.677966
槐树街30号院,residential,商务住宅;住宅区;住宅小区,青羊区,104.051738,30.672147
成都汉星,residential,商务住宅;住宅区;住宅小区,青羊区,104.050172,30.671066
吉祥街小区,residential,商务住宅;住宅区;住宅小区,青羊区,104.051006,30.671458
南国明珠,residential,商务住宅;住宅区;住宅小区,青羊区,104.050896,30.6775
东苑(奎星楼街),residential,商务住宅;住宅区;住宅小区,青羊区,104.050722,30.671221
西岸蒂景B座,residential,商务住宅;住宅区;住宅小区,青羊区,104.052448,30.676127
三道街45号院,residential,商务住宅;住宅区;住宅小区,青羊区,104.052859,30.675104
吉祥街31号院,residential,商务住宅;住宅区;住宅小区,青羊区,104.051311,30.671481
西二道街27号院,residential,商务住宅;住宅区;住宅区,青羊区,104.052854,30.67525
西安北路三巷1号院,residential,商务住宅;住宅区;住宅小区,金牛区,104.044081,30.67404
永陵路7号院,residential,商务住宅;住宅区;住宅小区,金牛区,104.044047,30.674728
聚星城,residential,商务住宅;住宅区;住宅小区,青羊区,104.049099,30.670503
长顺街社区,residential,商务住宅;住宅区;住宅小区,青羊区,104.052021,30.671836
隧道局家属院,residential,商务住宅;住宅区;住宅小区,金牛区,104.04984,30.6782
西安北路一巷30号,residential,商务住宅;住宅区;住宅区,金牛区,104.044301,30.672969
饮马河街13号社区,residential,商务住宅;住宅区;住宅小区,金牛区,104.049751,30.678247
芙蓉阁,residential,商务住宅;住宅区;住宅小区,金牛区,104.044172,30.673181
奎星楼街53号院,residential,商务住宅;住宅区;住宅小区,青羊区,104.050844,30.670877
西安北路三巷小区,residential,商务住宅;住宅区;住宅小区,金牛区,104.043847,30.673991
西安北路三巷3号院,residential,商务住宅;住宅区;住宅小区,金牛区,104.043867,30.67349
焦家巷25号院,residential,商务住宅;住宅区;住宅区,青羊区,104.053034,30.672923
西马棚街25号院,residential,商务住宅;住宅区;住宅小区,青羊区,104.052459,30.671989
西二道街28号院,residential,商务住宅;住宅区;住宅小区,青羊区,104.053205,30.675519
鑫城·立方生活,residential,商务住宅;住宅区;住宅小区,青羊区,104.052409,30.676927
西城小筑,residential,商务住宅;住宅区;住宅小区,金牛区,104.045608,30.671079
吉祥街29号院,residential,商务住宅;住宅区;住宅小区,青羊区,104.051691,30.671209
博雅园,residential,商务住宅;住宅区;住宅小区,青羊区,104.053412,30.674029
槐树街24号院,residential,商务住宅;住宅区;住宅小区,青羊区,104.05256,30.671908
吉祥街14号院,residential,商务住宅;住宅区;住宅小区,青羊区,104.051556,30.671015
永陵路11号院,residential,商务住宅;住宅区;住宅小区,金牛区,104.043643,30.675059
少城街道四道街社区院落,residential,商务住宅;住宅区;住宅小区,青羊区,104.053516,30.674575
凤栖桐,residential,商务住宅;住宅区;住宅小区,青羊区,104.051555,30.677875
饮马河街29号院,residential,商务住宅;住宅区;住宅小区,金牛区,104.051076,30.678188
锦城世家,residential,商务住宅;住宅区;住宅小区,金牛区,104.046181,30.678304
好家园(西马棚街),residential,商务住宅;住宅区;住宅小区,青羊区,104.05306,30.672434
中同仁路39号院,residential,商务住宅;住宅区;住宅小区,青羊区,104.049929,30.67022
槐树街2号院,residential,商务住宅;住宅区;住宅区,青羊区,104.052644,30.671833
奎星苑,residential,商务住宅;住宅区;住宅小区,青羊区,104.051593,30.670889
吉祥街27号院,residential,商务住宅;住宅区;住宅小区,青羊区,104.051916,30.671064
小通巷8号院,residential,商务住宅;住宅区;住宅小区,青羊区,104.050803,30.670377
西城巷4号院,residential,商务住宅;住宅区;住宅小区,青羊区,104.053091,30.676628
小通公寓,residential,商务住宅;住宅区;住宅小区,青羊区,104.050955,30.670408
西马棚街3号院,residential,商务住宅;住宅区;住宅小区,青羊区,104.052924,30.671883
聚星城2期,residential,商务住宅;住宅区;住宅区,青羊区,104.049244,30.669902
西青路90号院,residential,商务住宅;住宅区;住宅小区,金牛区,104.043799,30.672383
西马棚街2号院,residential,商务住宅;住宅区;住宅小区,青羊区,104.053366,30.672315
少城雅居,residential,商务住宅;住宅区;住宅小区,金牛区,104.044434,30.671353
金仙桥路6号院,residential,商务住宅;住宅区;住宅小区,金牛区,104.050052,30.678954
实业街57号院,residential,商务住宅;住宅区;住宅小区,金牛区,104.047378,30.669808
西城巷3号院,residential,商务住宅;住宅区;住宅小区,青羊区,104.053163,30.67702
吉祥街23号院,residential,商务住宅;住宅区;住宅小区,青羊区,104.052283,30.670904
奎星楼街16号院,residential,商务住宅;住宅区;住宅小区,青羊区,104.051949,30.670574
华安府,residential,商务住宅;住宅区;住宅小区,金牛区,104.045213,30.670562
丽晶花园(实业街),residential,商务住宅;住宅区;住宅小区,金牛区,104.046767,30.669844
奎星楼街25号院,residential,商务住宅;住宅区;住宅小区,青羊区,104.051833,30.670409
小通巷2号院,residential,商务住宅;住宅区;住宅小区,青羊区,104.051358,30.670202
奎星楼街14号院,residential,商务住宅;住宅区;住宅小区,青羊区,104.052126,30.670491
饮马河街36号院,residential,商务住宅;住宅区;住宅小区,青羊区,104.052205,30.678205
曦城2期,residential,商务住宅;住宅区;住宅区,金牛区,104.050076,30.679266
曦城,residential,商务住宅;住宅区;住宅小区,金牛区,104.050993,30.679069
西安中路小区,residential,商务住宅;住宅区;住宅小区,金牛区,104.045594,30.670021
新世界·丽舍,residential,商务住宅;住宅区;住宅区,金牛区,104.046187,30.669706
吉祥街21号院,residential,商务住宅;住宅区;住宅小区,青羊区,104.052701,30.670697
西安中路39号院,residential,商务住宅;住宅区;住宅区,金牛区,104.045196,30.670144
奎星楼街10号院,residential,商务住宅;住宅区;住宅小区,青羊区,104.052512,30.670379
枣子巷17号院,residential,商务住宅;住宅区;住宅区,金牛区,104.04382,30.671156
高发公寓,residential,商务住宅;住宅区;住宅小区,金牛区,104.045294,30.66988
奎星楼街13号-19号(3幢),residential,商务住宅;住宅区;住宅区,青羊区,104.052297,30.669967
奎星楼街13号-19号(4幢),residential,商务住宅;住宅区;住宅区,青羊区,104.05218,30.669807
奎星楼街11号院,residential,商务住宅;住宅区;住宅小区,青羊区,104.052778,30.669973
友和苑,residential,商务住宅;住宅区;住宅小区,青羊区,104.052621,30.669832
捷隆公寓,residential,商务住宅;住宅区;住宅小区,青羊区,104.05255,30.669676
成都电子高专教师电梯公寓,residential,商务住宅;住宅区;住宅小区,金牛区,104.044182,30.678932
长顺中街小区,residential,商务住宅;住宅区;住宅小区,青羊区,104.053202,30.669454
万和苑(守经街),residential,商务住宅;住宅区;住宅小区,青羊区,104.059254,30.674147
万通花生猫,residential,商务住宅;住宅区;住宅区,青羊区,104.057526,30.673747
万和路小区,residential,商务住宅;住宅区;住宅小区,青羊区,104.057986,30.675503
守经街6号院,residential,商务住宅;住宅区;住宅区,青羊区,104.059918,30.67455
横东城根街31号院,residential,商务住宅;住宅区;住宅小区,青羊区,104.058607,30.672952
东二道街52号院,residential,商务住宅;住宅区;住宅区,青羊区,104.057041,30.673437
横东城根街4号院,residential,商务住宅;住宅区;住宅小区,青羊区,104.058606,30.672632
横东城根街2号院,residential,商务住宅;住宅区;住宅小区,青羊区,104.058839,30.672521
锦程丽都,residential,商务住宅;住宅区;住宅小区,青羊区,104.056349,30.675504
老东城根街15号院,residential,商务住宅;住宅区;住宅小区,青羊区,104.058791,30.672223
宁夏路207号院,residential,商务住宅;住宅区;住宅区,青羊区,104.056291,30.675669
宁夏街25号院,residential,商务住宅;住宅区;住宅小区,青羊区,104.056488,30.676005
青龙巷9号院,residential,商务住宅;住宅区;住宅小区,青羊区,104.06147,30.673865
宁夏街169号院,residential,商务住宅;住宅区;住宅区,青羊区,104.056849,30.676702
青龙巷13号院,residential,商务住宅;住宅区;住宅小区,青羊区,104.061687,30.674129
横过街楼街74号院,residential,商务住宅;住宅区;住宅区,青羊区,104.056104,30.672534
灯笼街小区,residential,商务住宅;住宅区;住宅小区,青羊区,104.058282,30.677177
青龙巷21号院,residential,商务住宅;住宅区;住宅小区,青羊区,104.061812,30.674358
王家塘,residential,商务住宅;住宅区;住宅区,青羊区,104.061737,30.675003
宁夏街167号院,residential,商务住宅;住宅区;住宅小区,青羊区,104.056958,30.67691
青龙巷10号院,residential,商务住宅;住宅区;住宅小区,青羊区,104.061828,30.673869
青龙街小区,residential,商务住宅;住宅区;住宅小区,青羊区,104.0613,30.672497
倍特金晖苑,residential,商务住宅;住宅区;住宅小区,青羊区,104.056607,30.671825
长顺下街小区,residential,商务住宅;住宅区;住宅小区,青羊区,104.054929,30.673178
红墙巷小区,residential,商务住宅;住宅区;住宅小区,青羊区,104.055864,30.671913
中铁瑞城·锦隆时代,residential,商务住宅;住宅区;住宅小区,青羊区,104.058528,30.677854
宁夏街169号院,residential,商务住宅;住宅区;住宅区,青羊区,104.056849,30.676702
青龙巷13号院,residential,商务住宅;住宅区;住宅小区,青羊区,104.061687,30.674129
金色夏威夷B座,residential,商务住宅;住宅区;住宅小区,青羊区,104.055305,30.674552
横过街楼街74号院,residential,商务住宅;住宅区;住宅区,青羊区,104.056104,30.672534
灯笼街小区,residential,商务住宅;住宅区;住宅小区,青羊区,104.058282,30.677177
灯笼街108号院,residential,商务住宅;住宅区;住宅小区,青羊区,104.058907,30.677182
王家塘巷9号院,residential,商务住宅;住宅区;住宅小区,青羊区,104.061043,30.676173
青龙巷21号院,residential,商务住宅;住宅区;住宅小区,青羊区,104.061812,30.674358
王家塘街6号院,residential,商务住宅;住宅区;住宅小区,青羊区,104.061755,30.674931
王家塘,residential,商务住宅;住宅区;住宅区,青羊区,104.061737,30.675003
宁夏街167号院,residential,商务住宅;住宅区;住宅小区,青羊区,104.056958,30.67691
青龙巷10号院,residential,商务住宅;住宅区;住宅小区,青羊区,104.061828,30.673869
灯笼街119号院,residential,商务住宅;住宅区;住宅小区,青羊区,104.058465,30.677363
青龙街小区,residential,商务住宅;住宅区;住宅小区,青羊区,104.0613,30.672497
倍特金晖苑,residential,商务住宅;住宅区;住宅小区,青羊区,104.056607,30.671825
红墙巷36号院,residential,商务住宅;住宅区;住宅区,青羊区,104.056087,30.671847
长顺下街小区,residential,商务住宅;住宅区;住宅小区,青羊区,104.054929,30.673178
红墙巷小区,residential,商务住宅;住宅区;住宅小区,青羊区,104.055864,30.671913
中铁瑞城·锦隆时代,residential,商务住宅;住宅区;住宅小区,青羊区,104.058528,30.677854
红墙巷19号院,residential,商务住宅;住宅区;住宅小区,青羊区,104.05721,30.671111
红墙巷49号院,residential,商务住宅;住宅区;住宅小区,青羊区,104.055608,30.671812
红墙巷25号院,residential,商务住宅;住宅区;住宅小区,青羊区,104.056977,30.671052
成都香榭丽酒店公寓,residential,商务住宅;住宅区;住宅小区,青羊区,104.05456,30.675953
曙馨苑,residential,商务住宅;住宅区;住宅小区,青羊区,104.062873,30.674198
红墙巷51号院,residential,商务住宅;住宅区;住宅小区,青羊区,104.055192,30.671923
锦城华府,residential,商务住宅;住宅区;住宅小区,青羊区,104.056878,30.677965
西城角巷3附1号院,residential,商务住宅;住宅区;住宅小区,青羊区,104.056223,30.677722
小憩驿酒店公寓楼,residential,商务住宅;住宅区;住宅区,青羊区,104.054011,30.67536
红墙巷71号院,residential,商务住宅;住宅区;住宅小区,青羊区,104.054621,30.672344
四道街1号院,residential,商务住宅;住宅区;住宅区,青羊区,104.05398,30.673547
红墙巷79号院,residential,商务住宅;住宅区;住宅小区,青羊区,104.054482,30.672395
红墙巷77号院,residential,商务住宅;住宅区;住宅小区,青羊区,104.054516,30.672338
金色夏威夷,residential,商务住宅;住宅区;住宅区,青羊区,104.054001,30.67553
东马棚街小区,residential,商务住宅;住宅区;住宅小区,青羊区,104.057244,30.670386
树德园,residential,商务住宅;住宅区;住宅小区,青羊区,104.057378,30.67846
长顺下街28号院,residential,商务住宅;住宅区;住宅小区,青羊区,104.054317,30.672327
罗马国际,residential,商务住宅;住宅区;住宅小区,青羊区,104.062184,30.671538
宁夏街树德巷齐心大院,residential,商务住宅;住宅区;住宅小区,青羊区,104.05657,30.678376
竹叶苑(长顺下街),residential,商务住宅;住宅区;住宅小区,青羊区,104.053869,30.672806
东马棚街6号院,residential,商务住宅;住宅区;住宅小区,青羊区,104.057055,30.670177
逸翠园,residential,商务住宅;住宅区;住宅小区,青羊区,104.053652,30.67303
东马棚街4号院,residential,商务住宅;住宅区;住宅小区,青羊区,104.057198,30.670096
树德巷3号院,residential,商务住宅;住宅区;住宅小区,青羊区,104.05635,30.678499
东马棚街18号院,residential,商务住宅;住宅区;住宅小区,青羊区,104.054854,30.671161
长顺下街69号院,residential,商务住宅;住宅区;住宅区,青羊区,104.05361,30.672744
西城角巷7号院,residential,商务住宅;住宅区;住宅小区,青羊区,104.055587,30.678275
羊市街21号院,residential,商务住宅;住宅区;住宅小区,青羊区,104.058875,30.669687
西城角巷8号院,residential,商务住宅;住宅区;住宅小区,青羊区,104.056048,30.678733
西城角巷7-1号院,residential,商务住宅;住宅区;住宅小区,青羊区,104.055441,30.678469
鹦哥巷5号院,residential,商务住宅;住宅区;住宅小区,青羊区,104.059898,30.669643
东门街60号院,residential,商务住宅;住宅区;住宅小区,青羊区,104.056188,30.669914
西城角巷10号院,residential,商务住宅;住宅区;住宅小区,青羊区,104.055935,30.678822
通锦桥67号,residential,商务住宅;住宅区;住宅区,青羊区,104.057067,30.679264
东门街89号院,residential,商务住宅;住宅区;住宅小区,青羊区,104.055521,30.669956
西城角巷12号院,residential,商务住宅;住宅区;住宅小区,青羊区,104.055657,30.678944
东门街45号院,residential,商务住宅;住宅区;住宅小区,青羊区,104.056716,30.669433
西城公寓(西城角巷),residential,商务住宅;住宅区;住宅小区,青羊区,104.055027,30.678684
金丝街小区,residential,商务住宅;住宅区;住宅小区,青羊区,104.068803,30.674112
金欣苑,residential,商务住宅;住宅区;住宅小区,青羊区,104.06849,30.674892
白家唐街9号院,residential,商务住宅;住宅区;住宅小区,青羊区,104.068349,30.675262
人中苑,residential,商务住宅;住宅区;住宅小区,青羊区,104.067594,30.675533
银丝街5号院,residential,商务住宅;住宅区;住宅小区,青羊区,104.070054,30.673841
白家唐街1号院,residential,商务住宅;住宅区;住宅小区,青羊区,104.068275,30.67583
文武路小区,residential,商务住宅;住宅区;住宅小区,青羊区,104.066585,30.674247
银丝街51号院,residential,商务住宅;住宅区;住宅小区,青羊区,104.070612,30.674255
北打铜街31号院,residential,商务住宅;住宅区;住宅小区,青羊区,104.0695,30.672606
银丝街22号院,residential,商务住宅;住宅区;住宅小区,青羊区,104.070712,30.673753
银丝街24号院,residential,商务住宅;住宅区;住宅小区,青羊区,104.070789,30.67387
北打铜街21号院,residential,商务住宅;住宅区;住宅小区,青羊区,104.069359,30.672372
白家塘街25号院,residential,商务住宅;住宅区;住宅小区,青羊区,104.066934,30.676066
通顺桥街33号院,residential,商务住宅;住宅区;住宅小区,青羊区,104.07146,30.673957
北打铜街4号院,residential,商务住宅;住宅区;住宅区,青羊区,104.069161,30.671757
人民中路二段51号院,residential,商务住宅;住宅区;住宅小区,青羊区,104.065431,30.673884
米兰小筑·禾力实业,residential,商务住宅;住宅区;住宅小区,青羊区,104.065728,30.67583
四川省高级人民法院家属院,residential,商务住宅;住宅区;住宅小区,青羊区,104.066182,30.672357
北打铜街2号院,residential,商务住宅;住宅区;住宅区,青羊区,104.069082,30.671564
正府街小区,residential,商务住宅;住宅区;住宅小区,青羊区,104.066946,30.671814
顺城大街329号院,residential,商务住宅;住宅区;住宅小区,青羊区,104.067758,30.671337
天成街60号院,residential,商务住宅;住宅区;住宅小区,青羊区,104.066227,30.671867
人民中路三段14号院,residential,商务住宅;住宅区;住宅小区,青羊区,104.066815,30.67726
洛阳路138号院,residential,商务住宅;住宅区;住宅小区,青羊区,104.066188,30.676957
人民中路二段49号院,residential,商务住宅;住宅区;住宅小区,青羊区,104.064832,30.673352
天成街57号院,residential,商务住宅;住宅区;住宅小区,青羊区,104.065849,30.671916
顺城大街329号院,residential,商务住宅;住宅区;住宅小区,青羊区,104.067758,30.671337
正府街31号院,residential,商务住宅;住宅区;住宅小区,青羊区,104.0672,30.671423
天成街60号院,residential,商务住宅;住宅区;住宅小区,青羊区,104.066227,30.671867
人民中路三段14号院,residential,商务住宅;住宅区;住宅小区,青羊区,104.066815,30.67726
洛阳路138号院,residential,商务住宅;住宅区;住宅小区,青羊区,104.066188,30.676957
人民中路二段49号院,residential,商务住宅;住宅区;住宅小区,青羊区,104.064832,30.673352
天成街57号院,residential,商务住宅;住宅区;住宅小区,青羊区,104.065849,30.671916
城置.尚豪庭,residential,商务住宅;住宅区;住宅小区,青羊区,104.072427,30.674135
顺城大街327号院,residential,商务住宅;住宅区;住宅小区,青羊区,104.067634,30.671074
洛阳路27号院,residential,商务住宅;住宅区;住宅小区,青羊区,104.065118,30.676167
东打铜街30号院,residential,商务住宅;住宅区;住宅小区,青羊区,104.070058,30.67123
大井巷街6号院,residential,商务住宅;住宅区;住宅小区,青羊区,104.067178,30.67115
铁箍井街小区,residential,商务住宅;住宅区;住宅小区,青羊区,104.06452,30.674383
洛阳路1号院,residential,商务住宅;住宅区;住宅小区,青羊区,104.064855,30.675814
四川省人民检察院家属院,residential,商务住宅;住宅区;住宅小区,青羊区,104.065002,30.672676
正府街108号院,residential,商务住宅;住宅区;住宅区,青羊区,104.065152,30.672476
天成街55号院,residential,商务住宅;住宅区;住宅小区,青羊区,104.065818,30.671782
天成街58号院,residential,商务住宅;住宅区;住宅小区,青羊区,104.066244,30.671425
珊顿道,residential,商务住宅;住宅区;住宅小区,青羊区,104.066659,30.671179
正府街110号院,residential,商务住宅;住宅区;住宅区,青羊区,104.064928,30.67252
大井巷街1号院,residential,商务住宅;住宅区;住宅小区,青羊区,104.067658,30.670842
玉带桥小区,residential,商务住宅;住宅区;住宅小区,青羊区,104.06521,30.672115
洛阳路125号院,residential,商务住宅;住宅区;住宅小区,青羊区,104.065761,30.677183
大井巷街2号院,residential,商务住宅;住宅区;住宅小区,青羊区,104.067421,30.670837
文殊苑公寓,residential,商务住宅;住宅区;住宅小区,青羊区,104.072427,30.675918
长盛苑,residential,商务住宅;住宅区;住宅小区,青羊区,104.07279,30.674896
大井巷街3号院,residential,商务住宅;住宅区;住宅小区,青羊区,104.067152,30.670862
大井巷街5号院,residential,商务住宅;住宅区;住宅小区,青羊区,104.067012,30.670891
洛阳路188号院,residential,商务住宅;住宅区;住宅小区,青羊区,104.066461,30.677774
顺城大街305号院,residential,商务住宅;住宅区;住宅区,青羊区,104.067714,30.670575
照壁巷5号1幢院,residential,商务住宅;住宅区;住宅小区,青羊区,104.064626,30.672363
洛阳路190号院,residential,商务住宅;住宅区;住宅小区,青羊区,104.066711,30.677992
太平洋房地产大厦(北门),residential,商务住宅;住宅区;住宅小区|通行设施;临街院门;临街院门,青羊区,104.067168,30.678162
东打铜街25号院,residential,商务住宅;住宅区;住宅小区,青羊区,104.069721,30.670536
顺城大街303号院,residential,商务住宅;住宅区;住宅小区,青羊区,104.067696,30.670408
人民中路二段小区,residential,商务住宅;住宅区;住宅小区,青羊区,104.0645,30.672204
玉带桥街39号院,residential,商务住宅;住宅区;住宅小区,青羊区,104.069329,30.67032
署前街28号院,residential,商务住宅;住宅区;住宅小区,青羊区,104.063673,30.674298
江汉路27号院,residential,商务住宅;住宅区;住宅小区,青羊区,104.063958,30.675997
照壁巷5号附1号院,residential,商务住宅;住宅区;住宅小区,青羊区,104.064393,30.672029
洛阳路211号院,residential,商务住宅;住宅区;住宅小区,青羊区,104.066475,30.678326
天成街2号院,residential,商务住宅;住宅区;住宅小区,青羊区,104.065981,30.670674
成都市公安局家属大院,residential,商务住宅;住宅区;住宅小区,青羊区,104.06546,30.670958
福珠苑,residential,商务住宅;住宅区;住宅小区,青羊区,104.073029,30.676333
同福巷1号院,residential,商务住宅;住宅区;住宅小区,青羊区,104.066748,30.67013
小福建营巷,residential,商务住宅;住宅区;住宅小区,青羊区,104.064637,30.671117
大福建营巷19号小区,residential,商务住宅;住宅区;住宅小区,青羊区,104.065389,30.670461
红庙子街71号院,residential,商务住宅;住宅区;住宅小区,青羊区,104.071184,30.670162
五金苑,residential,商务住宅;住宅区;住宅小区,青羊区,104.070735,30.669958
柏林春天,residential,商务住宅;住宅区;住宅区,青羊区,104.065907,30.670082
红庙子街69号院,residential,商务住宅;住宅区;住宅小区,青羊区,104.071095,30.670018
文殊坊院,residential,商务住宅;住宅区;住宅小区,青羊区,104.070831,30.679008
鼓楼北三街63号院,residential,商务住宅;住宅区;住宅小区,青羊区,104.072751,30.670842
大安西路15号院,residential,商务住宅;住宅区;住宅区,青羊区,104.071198,30.678992
鼓楼北二街53号院,residential,商务住宅;住宅区;住宅小区,青羊区,104.071286,30.669787
红庙子街65号附3号院,residential,商务住宅;住宅区;住宅小区,青羊区,104.071625,30.669871
府河公馆,residential,商务住宅;住宅区;住宅小区,青羊区,104.072967,30.678158
红庙子街67号院,residential,商务住宅;住宅区;住宅小区,青羊区,104.071457,30.669648
鼓楼北二街81号院,residential,商务住宅;住宅区;住宅区,青羊区,104.071778,30.669767
鼓楼北三街32号院,residential,商务住宅;住宅区;住宅小区,青羊区,104.073296,30.670309
鼓楼北三街小区,residential,商务住宅;住宅区;住宅小区,青羊区,104.073156,30.670185
成都好运来酒店式公寓,residential,住宿服务;宾馆酒店;宾馆酒店|商务住宅;住宅区;住宅小区,青羊区,104.064175,30.673891
东珠市街28号院,residential,商务住宅;住宅区;住宅区,青羊区,104.078259,30.674488
正好花园,residential,商务住宅;住宅区;住宅小区,青羊区,104.078939,30.67459
文和苑(东珠市街),residential,商务住宅;住宅区;住宅小区,青羊区,104.077942,30.674658
东马道街21号院,residential,商务住宅;住宅区;住宅小区,青羊区,104.0782,30.675213
通顺苑,residential,商务住宅;住宅区;住宅小区,青羊区,104.077684,30.673516
东马道街70号小区,residential,商务住宅;住宅区;住宅小区,青羊区,104.079312,30.675399
正通顺街2号大院,residential,商务住宅;住宅区;住宅小区,青羊区,104.078243,30.673116
正通顺街8号院,residential,商务住宅;住宅区;住宅区,青羊区,104.077573,30.673292
东珠美地,residential,商务住宅;住宅区;住宅小区,青羊区,104.07724,30.675235
东珠市街65号小区,residential,商务住宅;住宅区;住宅小区,青羊区,104.076434,30.674588
正通顺街9号院,residential,商务住宅;住宅区;住宅小区,青羊区,104.078536,30.672575
正通顺街85号院,residential,商务住宅;住宅区;住宅小区,青羊区,104.076734,30.673349
交通局家属院(太升北路),residential,商务住宅;住宅区;住宅小区,青羊区,104.080708,30.673953
时代领地小区,residential,商务住宅;住宅区;住宅小区,青羊区,104.078143,30.672434
盛世年华(东马道街),residential,商务住宅;住宅区;住宅小区,青羊区,104.076951,30.675959
卫民巷19号院,residential,商务住宅;住宅区;住宅小区,青羊区,104.076137,30.675022
玉泉幼儿园家属院,residential,商务住宅;住宅区;住宅小区,青羊区,104.076764,30.672745
卫民巷16号院,residential,商务住宅;住宅区;住宅小区,青羊区,104.075849,30.674615
正成·香域,residential,商务住宅;住宅区;住宅小区,青羊区,104.07718,30.672363
太升北路15号院,residential,商务住宅;住宅区;住宅小区,青羊区,104.078496,30.672044
正通顺街105号院,residential,商务住宅;住宅区;住宅小区,青羊区,104.076097,30.673228
大安中路77号院,residential,商务住宅;住宅区;住宅小区,青羊区,104.077501,30.676596
太升苑,residential,商务住宅;住宅区;住宅小区,青羊区,104.081366,30.674353
星辉中路14号院,residential,商务住宅;住宅区;住宅小区,金牛区,104.079538,30.676741
卫民巷26号院,residential,商务住宅;住宅区;住宅小区,青羊区,104.075624,30.675008
星辉中路10号院,residential,商务住宅;住宅区;住宅小区,金牛区,104.080293,30.676408
星辉苑(星辉中路),residential,商务住宅;住宅区;住宅小区,金牛区,104.079897,30.676662
卫民巷28号院,residential,商务住宅;住宅区;住宅小区,青羊区,104.075649,30.675252
北大花园,residential,商务住宅;住宅区;住宅小区,青羊区,104.075477,30.673555
玉泉街20号院,residential,商务住宅;住宅区;住宅小区,青羊区,104.077391,30.671724
星辉家园,residential,商务住宅;住宅区;住宅小区,金牛区,104.081151,30.676111
太升北路14号院,residential,商务住宅;住宅区;住宅小区,青羊区,104.07763,30.671574
玉泉民居,residential,商务住宅;住宅区;住宅小区,青羊区,104.075743,30.672672
玉泉街30号院,residential,商务住宅;住宅区;住宅小区,青羊区,104.076654,30.671921
玉泉民居,residential,商务住宅;住宅区;住宅小区,青羊区,104.075743,30.672672
玉泉街30号院,residential,商务住宅;住宅区;住宅小区,青羊区,104.076654,30.671921
东通顺街小区,residential,商务住宅;住宅区;住宅小区,青羊区,104.08049,30.671903
卫民巷83号院,residential,商务住宅;住宅区;住宅小区,青羊区,104.075043,30.675011
星辉中路20号小区,residential,商务住宅;住宅区;住宅小区,金牛区,104.078785,30.677416
新华书店单位房,residential,商务住宅;住宅区;住宅区,金牛区,104.081225,30.676385
狮马路37号院,residential,商务住宅;住宅区;住宅小区,青羊区,104.081386,30.672527
东城拐街17号院,residential,商务住宅;住宅区;住宅小区,青羊区,104.082092,30.673821
玉泉街62号院,residential,商务住宅;住宅区;住宅小区,青羊区,104.07591,30.672153
玉泉街25号院,residential,商务住宅;住宅区;住宅小区,青羊区,104.076835,30.671563
北斗星花园,residential,商务住宅;住宅区;住宅小区,青羊区,104.076314,30.676948
星辉中路6号院,residential,商务住宅;住宅区;住宅区,金牛区,104.081431,30.676297
和谐栖苑,residential,商务住宅;住宅区;住宅小区,青羊区,104.082021,30.673368
东通社区,residential,商务住宅;住宅区;住宅小区,青羊区,104.075108,30.673008
狮子巷60号院,residential,商务住宅;住宅区;住宅小区,青羊区,104.080266,30.671535
狮马路小区,residential,商务住宅;住宅区;住宅区,青羊区,104.082056,30.673351
狮马路17号院,residential,商务住宅;住宅区;住宅区,青羊区,104.08096,30.671898
狮子巷53号院,residential,商务住宅;住宅区;住宅小区,青羊区,104.079349,30.671157
万隆花园(星辉中路),residential,商务住宅;住宅区;住宅小区,金牛区,104.07809,30.677763
狮子巷56号院,residential,商务住宅;住宅区;住宅小区,青羊区,104.080108,30.671257
新开寺街28号院,residential,商务住宅;住宅区;住宅区,青羊区,104.074764,30.673222
狮马路25号院,residential,商务住宅;住宅区;住宅小区,青羊区,104.081384,30.671975
内曹家巷8号院,residential,商务住宅;住宅区;住宅小区,金牛区,104.081198,30.676992
狮马路4号院,residential,商务住宅;住宅区;住宅区,青羊区,104.082326,30.673128
外曹家巷4号,residential,商务住宅;住宅区;住宅区,金牛区,104.080345,30.677521
嘉恒商寓,residential,商务住宅;住宅区;住宅小区,金牛区,104.081691,30.676637
太升北路9号院,residential,商务住宅;住宅区;住宅区,青羊区,104.07772,30.67089
北斗星花园(南门),residential,商务住宅;住宅区;住宅小区,青羊区,104.075485,30.676844
狮马路59号院,residential,商务住宅;住宅区;住宅区,青羊区,104.082657,30.674029
狮马路47号院,residential,商务住宅;住宅区;住宅小区,青羊区,104.082091,30.672448
狮子巷22号院,residential,商务住宅;住宅区;住宅小区,青羊区,104.079818,30.670811
财政局家属院(狮马路),residential,商务住宅;住宅区;住宅小区,青羊区,104.082833,30.674032
小关庙街35号院,residential,商务住宅;住宅区;住宅小区,青羊区,104.080942,30.671248
太升北路8号院,residential,商务住宅;住宅区;住宅小区,青羊区,104.077072,30.670728
玉泉街125号院,residential,商务住宅;住宅区;住宅小区,青羊区,104.074587,30.672499
大安东路小区,residential,商务住宅;住宅区;住宅小区,青羊区,104.083065,30.674305
小关庙巷34号,residential,商务住宅;住宅区;住宅区,青羊区,104.08257,30.672549
天盛·壹中心B座,residential,商务住宅;住宅区;住宅小区,青羊区,104.074526,30.676517
外曹家巷48号院,residential,商务住宅;住宅区;住宅小区,金牛区,104.082164,30.676985
铜丝街5号院,residential,商务住宅;住宅区;住宅小区,青羊区,104.075189,30.671423
方正街50号院,residential,商务住宅;住宅区;住宅小区,青羊区,104.080164,30.670523
兴禅寺街12号院,residential,商务住宅;住宅区;住宅小区,青羊区,104.079039,30.670284
方正街52号院,residential,商务住宅;住宅区;住宅小区,青羊区,104.079973,30.670436
徳义苑,residential,商务住宅;住宅区;住宅区,青羊区,104.08258,30.672171
方正花园,residential,商务住宅;住宅区;住宅小区,青羊区,104.080806,30.670706
玉泉南苑,residential,商务住宅;住宅区;住宅小区,青羊区,104.076016,30.670812
新锦江·时代锋尚,residential,商务住宅;住宅区;住宅小区,青羊区,104.073616,30.674295
小关庙街33号院,residential,商务住宅;住宅区;住宅小区,青羊区,104.08125,30.670923
自由城,residential,商务住宅;住宅区;住宅小区,青羊区,104.074728,30.671648
小关庙后街16号院,residential,商务住宅;住宅区;住宅小区,青羊区,104.082841,30.67229
德盛路5号院,residential,商务住宅;住宅区;住宅小区,青羊区,104.076051,30.670643
小关庙后街社区,residential,商务住宅;住宅区;住宅小区,青羊区,104.082777,30.672182
帘官公所街73号院,residential,商务住宅;住宅区;住宅小区,青羊区,104.078855,30.670094
锦江岸,residential,商务住宅;住宅区;住宅小区,金牛区,104.083341,30.675722
鼓楼北四街27号院,residential,商务住宅;住宅区;住宅小区,青羊区,104.073956,30.672391
小关庙后街26号院,residential,商务住宅;住宅区;住宅小区,青羊区,104.083359,30.673038
德盛路7号院,residential,商务住宅;住宅区;住宅小区,青羊区,104.075724,30.670664
鼓楼北四街26号院,residential,商务住宅;住宅区;住宅小区,青羊区,104.074108,30.67209
玉沙路189号院,residential,商务住宅;住宅区;住宅小区,青羊区,104.077973,30.669959
铜丝街2号附8号院,residential,商务住宅;住宅区;住宅小区,青羊区,104.075403,30.6708
铜丝街2号院,residential,商务住宅;住宅区;住宅区,青羊区,104.075465,30.670754
外曹家巷50号,residential,商务住宅;住宅区;住宅区,金牛区,104.082261,30.677505
方正街20号院,residential,商务住宅;住宅区;住宅小区,青羊区,104.080707,30.670272
德盛路1号院,residential,商务住宅;住宅区;住宅小区,青羊区,104.076028,30.670306
石马巷13号院,residential,商务住宅;住宅区;住宅小区,青羊区,104.081491,30.670536
帘官公所街57号院,residential,商务住宅;住宅区;住宅小区,青羊区,104.078906,30.669761
方正街18号院,residential,商务住宅;住宅区;住宅小区,青羊区,104.080967,30.670187
工人村,residential,商务住宅;住宅区;住宅区,金牛区,104.081778,30.678139
河边住宅区,residential,商务住宅;住宅区;住宅小区,金牛区,104.076016,30.679011
鼓楼北四街28号院,residential,商务住宅;住宅区;住宅小区,青羊区,104.074147,30.671499
德盛路75号院,residential,商务住宅;住宅区;住宅小区,青羊区,104.074287,30.671316
西南油气田燃气分公司家属院,residential,商务住宅;住宅区;住宅小区,青羊区,104.078801,30.669643
鼓楼街北二街小区,residential,商务住宅;住宅区;住宅小区,青羊区,104.073763,30.67195
石马巷7号院,residential,商务住宅;住宅区;住宅小区,青羊区,104.081545,30.670335
德盛路79号院,residential,商务住宅;住宅区;住宅区,青羊区,104.073863,30.671581
玉沙路201号院,residential,商务住宅;住宅区;住宅区,青羊区,104.07755,30.669571
上河居公寓,residential,商务住宅;住宅区;住宅小区,青羊区,104.07484,30.678154
马镇街39号院,residential,商务住宅;住宅区;住宅小区,青羊区,104.082386,30.670758
星辉西路1号院,residential,商务住宅;住宅区;住宅小区,金牛区,104.075865,30.678877
德盛路28号院,residential,商务住宅;住宅区;住宅小区,青羊区,104.074342,30.670575
石马巷4号院,residential,商务住宅;住宅区;住宅小区,青羊区,104.081571,30.669855
自由自宅,residential,商务住宅;住宅区;住宅区,青羊区,104.080931,30.669557
都市自由港,residential,商务住宅;住宅区;住宅区,青羊区,104.080777,30.669509
马镇街21号院,residential,商务住宅;住宅区;住宅小区,青羊区,104.082883,30.67055
白领尊邸,residential,商务住宅;住宅区;住宅小区,青羊区,104.073743,30.677938
白领尊邸西楼,residential,商务住宅;住宅区;住宅区,青羊区,104.073571,30.677921
马王庙45号院,residential,商务住宅;住宅区;住宅小区,青羊区,104.074544,30.670094
马镇街6号院,residential,商务住宅;住宅区;住宅小区,青羊区,104.08339,30.670788
太升华园,residential,商务住宅;住宅区;住宅小区,金牛区,104.083389,30.678343
莹华寺街65号院,residential,商务住宅;住宅区;住宅小区,青羊区,104.083324,30.670369
马王庙26号院,residential,商务住宅;住宅区;住宅小区,青羊区,104.07454,30.669493
马王庙37号院,residential,商务住宅;住宅区;住宅小区,青羊区,104.073966,30.669645
华欣园,residential,商务住宅;住宅区;住宅小区,金牛区,104.083134,30.679165
石油嘉苑,residential,商务住宅;住宅区;住宅区,金牛区,104.088745,30.674947
兴顺花苑(星辉东路),residential,商务住宅;住宅区;住宅小区,金牛区,104.087136,30.673155
星辉东路小区,residential,商务住宅;住宅区;住宅小区,金牛区,104.086892,30.673324
府河苑,residential,商务住宅;住宅区;住宅小区,金牛区,104.08647,30.673461
家益锦华苑,residential,商务住宅;住宅区;住宅小区,成华区,104.090686,30.67511
锦华苑2期,residential,商务住宅;住宅区;住宅区,成华区,104.090285,30.675782
安康苑(府青路一段),residential,商务住宅;住宅区;住宅小区,金牛区,104.08978,30.676278
石油社区,residential,商务住宅;住宅区;住宅小区,成华区,104.091933,30.674343
府青路一段34号,residential,商务住宅;住宅区;住宅小区,金牛区,104.09026,30.677148
石油社区石油局西4区,residential,商务住宅;住宅区;住宅区,成华区,104.091955,30.675469
外曹家巷28号院,residential,商务住宅;住宅区;住宅小区,金牛区,104.084816,30.675182
水岸丽舍,residential,商务住宅;住宅区;住宅小区,青羊区,104.086182,30.671724
翠贤居(马鞍街),residential,商务住宅;住宅区;住宅小区,金牛区,104.08692,30.677613
东城拐下街1号院,residential,商务住宅;住宅区;住宅区,锦江区,104.086542,30.671155
东城拐下街29号院,residential,商务住宅;住宅区;住宅小区,锦江区,104.08783,30.670751
四川油气田总部机关住宅区,residential,商务住宅;住宅区;住宅小区,成华区,104.092773,30.675681
粽香苑,residential,商务住宅;住宅区;住宅小区,金牛区,104.086382,30.677634
华西怡园,residential,商务住宅;住宅区;住宅小区,金牛区,104.084235,30.675341
马鞍街18号院,residential,商务住宅;住宅区;住宅小区,金牛区,104.087014,30.677989
世茂·玉锦湾,residential,商务住宅;住宅区;住宅小区,成华区,104.091706,30.671691
嘉通云尚,residential,商务住宅;住宅区;住宅小区,成华区,104.093056,30.675072
府青路一段9号,residential,商务住宅;住宅区;住宅区,成华区,104.091767,30.677277
石油苑,residential,商务住宅;住宅区;住宅小区,成华区,104.092074,30.67709
在水一方小区(东城拐下街),residential,商务住宅;住宅区;住宅小区,锦江区,104.088673,30.670249
猛追湾一队,residential,商务住宅;住宅区;住宅小区,成华区,104.093204,30.673547
四川油气田成都职工生活基地,residential,商务住宅;住宅区;住宅区,成华区,104.091501,30.677589
东城拐下街20号院,residential,商务住宅;住宅区;住宅小区,锦江区,104.087263,30.67035
福临苑(马鞍东路),residential,商务住宅;住宅区;住宅小区,金牛区,104.085617,30.677813
外曹家巷23号院,residential,商务住宅;住宅区;住宅小区,金牛区,104.08379,30.676027
梦华苑,residential,商务住宅;住宅区;住宅小区,金牛区,104.088418,30.678919
和谐家园(东城拐下街),residential,商务住宅;住宅区;住宅小区,锦江区,104.08797,30.669819
和谐苑(马鞍街),residential,商务住宅;住宅区;住宅小区,金牛区,104.088571,30.679141
蜀涛苑(马鞍东路),residential,商务住宅;住宅区;住宅小区,金牛区,104.085108,30.678273
昭忠祠街56号院,residential,商务住宅;住宅区;住宅小区,锦江区,104.087377,30.669519
昭忠祠街72号院,residential,商务住宅;住宅区;住宅小区,锦江区,104.086171,30.669803
东城拐下街8号院,residential,商务住宅;住宅区;住宅小区,锦江区,104.088766,30.669378
华兴苑,residential,商务住宅;住宅区;住宅小区,金牛区,104.08659,30.679235
小关庙,residential,商务住宅;住宅区;住宅小区,青羊区,104.084408,30.67054
曹家巷恒大雅苑,residential,商务住宅;住宅区;住宅小区,金牛区,104.083663,30.677622
莹华寺街18号院,residential,商务住宅;住宅区;住宅小区,青羊区,104.084401,30.670202
红星路一段小区,residential,商务住宅;住宅区;住宅小区,青羊区,104.084723,30.669835
莹华寺街27号院,residential,商务住宅;住宅区;住宅小区,青羊区,104.083889,30.670104
莹华寺街37号院,residential,商务住宅;住宅区;住宅小区,青羊区,104.083755,30.670164
北书院街9号院,residential,商务住宅;住宅区;住宅小区,青羊区,104.084066,30.669469
太阳公元(建设中路),residential,商务住宅;住宅区;住宅小区,成华区,104.098982,30.67451
建设中路小区,residential,商务住宅;住宅区;住宅小区,成华区,104.098047,30.673162
太阳公元2期,residential,商务住宅;住宅区;住宅小区,成华区,104.097827,30.673161
国光十街坊,residential,商务住宅;住宅区;住宅小区,成华区,104.100215,30.674003
建设巷12号院,residential,商务住宅;住宅区;住宅区,成华区,104.100215,30.674003
国光九街坊,residential,商务住宅;住宅区;住宅小区,成华区,104.099019,30.672852
建设中路15号小区,residential,商务住宅;住宅区;住宅小区,成华区,104.098938,30.672826
国光大院,residential,商务住宅;住宅区;住宅小区,成华区,104.099992,30.672922
甲壳特区,residential,商务住宅;住宅区;住宅小区,成华区,104.10081,30.67405
建设路46号院,residential,商务住宅;住宅区;住宅区,成华区,104.098977,30.671893
新兴社区(建设北路一段),residential,商务住宅;住宅区;住宅小区,成华区,104.095028,30.673156
建设路永年村,residential,商务住宅;住宅区;住宅小区,成华区,104.098021,30.67106
佳州·星城,residential,商务住宅;住宅区;住宅小区,成华区,104.102265,30.673482
石油社区224号院落,residential,商务住宅;住宅区;住宅小区,成华区,104.094691,30.675624
新东方,residential,商务住宅;住宅区;住宅小区,成华区,104.096465,30.6713
一环路东一段238号院,residential,商务住宅;住宅区;住宅小区,成华区,104.094652,30.676013
建设路54号住宅小区,residential,商务住宅;住宅区;住宅小区,成华区,104.095443,30.670921
69宿舍,residential,商务住宅;住宅区;住宅小区,成华区,104.095729,30.670983
建设路43号院,residential,商务住宅;住宅区;住宅区,成华区,104.100466,30.670457
紫薇苑,residential,商务住宅;住宅区;住宅小区,成华区,104.099559,30.670161
一环路东二段社区,residential,商务住宅;住宅区;住宅小区,成华区,104.097868,30.669797
西苑(建设路),residential,商务住宅;住宅区;住宅小区,成华区,104.101024,30.670182
新兴苑(建设北路二段),residential,商务住宅;住宅区;住宅小区,成华区,104.102926,30.677466
高地,residential,商务住宅;住宅区;住宅小区,成华区,104.102781,30.670919
宁静港湾,residential,商务住宅;住宅区;住宅小区,成华区,104.094392,30.678104
红光1区,residential,商务住宅;住宅区;住宅小区,成华区,104.103284,30.670142
建南苑,residential,商务住宅;住宅区;住宅小区,成华区,104.103345,30.670052
南洋公寓(一环路东一段),residential,商务住宅;住宅区;住宅小区,成华区,104.093609,30.679044
恒河广场,residential,商务住宅;住宅区;住宅小区,成华区,104.107683,30.674567
龙湖·三千里西区,residential,商务住宅;住宅区;住宅小区,成华区,104.109423,30.674273
首创后海,residential,商务住宅;住宅区;住宅区,成华区,104.106528,30.673733
龙湖·三千里东区,residential,商务住宅;住宅区;住宅小区,成华区,104.110627,30.674624
龙湖·三千里2期,residential,商务住宅;住宅区;住宅区,成华区,104.1113,30.674143
龙湖三千里B区,residential,商务住宅;住宅区;住宅区,成华区,104.111303,30.674191
首创·爱这城,residential,商务住宅;住宅区;住宅小区,成华区,104.105631,30.674902
龙湖三千城,residential,商务住宅;住宅区;住宅小区,成华区,104.108959,30.677042
颐和家园(建和路),residential,商务住宅;住宅区;住宅小区,成华区,104.111064,30.676098
万科·金域蓝湾(二环路东二段),residential,商务住宅;住宅区;住宅小区,成华区,104.106884,30.67177
万科·金域蓝湾二环路1号岗,residential,商务住宅;住宅区;住宅小区,成华区,104.108199,30.671473
龙湖铜雀台,residential,商务住宅;住宅区;住宅小区,成华区,104.108763,30.677305
龙湖·三千城1期,residential,商务住宅;住宅区;住宅小区,成华区,104.107806,30.677295
龙湖三千城2期,residential,商务住宅;住宅区;住宅小区,成华区,104.109481,30.677526
水岸花园,residential,商务住宅;住宅区;住宅小区,成华区,104.104637,30.674025
建设路商业街小区,residential,商务住宅;住宅区;住宅小区,成华区,104.109146,30.677894
虹波苑,residential,商务住宅;住宅区;住宅小区,成华区,104.112758,30.67438
合能·耀之城,residential,商务住宅;住宅区;住宅小区,成华区,104.112069,30.672338
龙湖三千城B区,residential,商务住宅;住宅区;住宅小区,成华区,104.109843,30.678014
万科·金域蓝湾二环路3号岗,residential,商务住宅;住宅区;住宅小区,成华区,104.108559,30.670554
二环路东二段小区,residential,商务住宅;住宅区;住宅小区,成华区,104.10826,30.670288
新禧苑,residential,商务住宅;住宅区;住宅小区,成华区,104.110876,30.678185
建设公寓(建设北街),residential,商务住宅;住宅区;住宅小区,成华区,104.10366,30.673156
东篱居南区,residential,商务住宅;住宅区;住宅区,成华区,104.11343,30.673307
培华东路小区,residential,商务住宅;住宅区;住宅小区,成华区,104.105528,30.670704
万基新界,residential,商务住宅;住宅区;住宅小区,成华区,104.106311,30.678519
建设南街8号院,residential,商务住宅;住宅区;住宅区,成华区,104.104398,30.671485
建设南街19号小区,residential,商务住宅;住宅区;住宅小区,成华区,104.104927,30.67089
天伦花园(二环路东一段),residential,商务住宅;住宅区;住宅小区,成华区,104.10638,30.678776
万基蓝麟(建设北路三段),residential,商务住宅;住宅区;住宅小区,成华区,104.10749,30.679094
东方明珠花园·金棕榈,residential,商务住宅;住宅区;住宅区,成华区,104.109094,30.679135
建设北路二段11号院,residential,商务住宅;住宅区;住宅小区,成华区,104.104399,30.677647
建设南街14号院,residential,商务住宅;住宅区;住宅区,成华区,104.104958,30.670665
踏水社区29号园,residential,商务住宅;住宅区;住宅小区,成华区,104.104705,30.678045
宏明锦苑,residential,商务住宅;住宅区;住宅小区,成华区,104.11286,30.670966
东景苑(建设北路三段),residential,商务住宅;住宅区;住宅小区,成华区,104.111264,30.678981
踏水社区,residential,商务住宅;住宅区;住宅小区,成华区,104.103681,30.678138
龙湖·三千里1期,residential,交通设施服务;停车场;公共停车场|商务住宅;住宅区;住宅小区,成华区,104.108847,30.674113
祥福苑,residential,商务住宅;住宅区;住宅小区,成华区,104.118218,30.674681
耐火新苑,residential,商务住宅;住宅区;住宅小区,成华区,104.118817,30.674837
吉祥苑,residential,商务住宅;住宅区;住宅小区,成华区,104.118607,30.67316
枫祥苑,residential,商务住宅;住宅区;住宅小区,成华区,104.120165,30.675006
蓝光雍锦阁,residential,商务住宅;住宅区;住宅小区,成华区,104.116416,30.674264
金房玺座,residential,商务住宅;住宅区;住宅小区,成华区,104.116661,30.673314
枫瑞苑,residential,商务住宅;住宅区;住宅小区,成华区,104.120722,30.673607
圣欣苑,residential,商务住宅;住宅区;住宅小区,成华区,104.120475,30.676434
红枫岭(一至三期),residential,商务住宅;住宅区;住宅区,成华区,104.121447,30.675354
圣灯社区,residential,商务住宅;住宅区;住宅小区|地名地址信息;普通地名;村庄级地名,成华区,104.120365,30.676391
蓝润V客东区(建设中),residential,商务住宅;住宅区;住宅小区,成华区,104.116641,30.671878
香木林·竹园居,residential,商务住宅;住宅区;住宅小区,成华区,104.119623,30.67743
圣灯片区,residential,商务住宅;住宅区;住宅区,成华区,104.120451,30.677825
河畔华苑,residential,商务住宅;住宅区;住宅小区,成华区,104.114513,30.672464
中房·红枫岭2期,residential,商务住宅;住宅区;住宅小区,成华区,104.122578,30.676294
东篱居(建兴路),residential,商务住宅;住宅区;住宅小区,成华区,104.113821,30.674429
中房·红枫岭,residential,商务住宅;住宅区;住宅小区,成华区,104.123038,30.67589
枫悦苑,residential,商务住宅;住宅区;住宅区,成华区,104.122875,30.676247
东郊红枫岭,residential,商务住宅;住宅区;住宅区,成华区,104.123053,30.676225
东城映象,residential,商务住宅;住宅区;住宅小区,成华区,104.120035,30.678526
东城印象A区,residential,商务住宅;住宅区;住宅小区,成华区,104.121512,30.678348
罗兰小镇,residential,商务住宅;住宅区;住宅小区,成华区,104.132744,30.678313
关家社区,residential,商务住宅;住宅区;住宅小区,成华区,104.130255,30.670402
中房·红枫岭3期,residential,商务住宅;住宅区;住宅小区,成华区,104.123776,30.674691
煤成库生活区,residential,商务住宅;住宅区;住宅小区,成华区,104.130927,30.678926
招商中央华城,residential,商务住宅;住宅区;住宅小区,成华区,104.129308,30.672967
东城印象C区,residential,商务住宅;住宅区;住宅小区,成华区,104.125232,30.678267
建设广场,residential,商务住宅;住宅区;住宅区,成华区,104.130235,30.677884
和泓·东28,residential,商务住宅;住宅区;住宅小区,成华区,104.128262,30.678436
万科·金色乐府,residential,商务住宅;住宅区;住宅小区,成华区,104.124537,30.67267
枫和苑,residential,商务住宅;住宅区;住宅小区,成华区,104.125177,30.675668
关欣苑,residential,商务住宅;住宅区;住宅区,成华区,104.129216,30.671074
红枫领2期,residential,商务住宅;住宅区;住宅区,成华区,104.12356,30.675918
树生苑,residential,商务住宅;住宅区;住宅小区,成华区,104.137009,30.672684
十里彩云间,residential,商务住宅;住宅区;住宅小区,成华区,104.135991,30.673508
华西花园2期,residential,商务住宅;住宅区;住宅小区,成华区,104.136267,30.671683
大道小区,residential,商务住宅;住宅区;住宅小区,成华区,104.134623,30.6754
高盛公司崔家店社区,residential,商务住宅;住宅区;住宅小区,成华区,104.134916,30.672357
上城国际,residential,商务住宅;住宅区;住宅小区,成华区,104.134124,30.674049
十里翠苑,residential,商务住宅;住宅区;住宅小区,成华区,104.137856,30.679332
连心苑(中环路崔家店路段),residential,商务住宅;住宅区;住宅小区,成华区,104.134088,30.670857
崔家店路524号院,residential,商务住宅;住宅区;住宅小区,成华区,104.134968,30.669669
生态家园,residential,商务住宅;住宅区;住宅小区,成华区,104.13496,30.669664
成华大道二段269号院(成华大道二段),residential,商务住宅;住宅区;住宅区,成华区,104.13497,30.669668
陈家花园,residential,商务住宅;住宅区;住宅小区,成华区,104.134224,30.669816
万西苑住宅小区,residential,商务住宅;住宅区;住宅小区,青羊区,103.965609,30.665909
花龙门小区(西门),residential,商务住宅;住宅区;住宅小区,武侯区,103.973546,30.662466
欧苑,residential,商务住宅;住宅区;住宅小区,青羊区,103.979488,30.663478
上道·西城,residential,商务住宅;住宅区;住宅小区,青羊区,103.977527,30.66341
培风社区小区,residential,商务住宅;住宅区;住宅小区,青羊区,103.977627,30.665999
清河阳光,residential,商务住宅;住宅区;住宅小区,青羊区,103.980877,30.667106
美苑(万寿四路),residential,商务住宅;住宅区;住宅小区,青羊区,103.978954,30.661412
青羊教师公寓(培风路),residential,商务住宅;住宅区;住宅小区,青羊区,103.976033,30.666775
光华馨苑,residential,商务住宅;住宅区;住宅小区,青羊区,103.975596,30.667157
苏坡社区,residential,商务住宅;住宅区;住宅小区,青羊区,103.976988,30.668229
洪锦名都,residential,商务住宅;住宅区;住宅小区,武侯区,103.97533,30.661721
富诗特,residential,商务住宅;住宅区;住宅小区,青羊区,103.975854,30.668087
花龙门小区,residential,商务住宅;住宅区;住宅小区,武侯区,103.974227,30.662902
青羊教师公寓(西门),residential,商务住宅;住宅区;住宅小区,青羊区,103.974906,30.667389
尚房·国际公馆,residential,商务住宅;住宅区;住宅小区,武侯区,103.974162,30.661955
光华嘉苑,residential,商务住宅;住宅区;住宅小区,青羊区,103.975843,30.668918
丽都玉园·领邸,residential,商务住宅;住宅区;住宅小区,青羊区,103.983285,30.668229
江郊庭苑,residential,商务住宅;住宅区;住宅小区,青羊区,103.989965,30.664715
光华揽胜,residential,商务住宅;住宅区;住宅小区,青羊区,103.990353,30.665735
齐力·碧水湾,residential,商务住宅;住宅区;住宅小区,青羊区,103.988373,30.666807
碧华鄰,residential,商务住宅;住宅区;住宅小区,青羊区,103.986457,30.666104
东坡小区,residential,商务住宅;住宅区;住宅小区,青羊区,103.990548,30.666678
水映长岛,residential,商务住宅;住宅区;住宅小区,青羊区,103.987273,30.661967
阳光家园,residential,商务住宅;住宅区;住宅小区,青羊区,103.988171,30.66763
中铁·西子香荷,residential,商务住宅;住宅区;住宅小区,青羊区,103.992339,30.664972
东坡北二路196号院,residential,商务住宅;住宅区;住宅区,青羊区,103.989877,30.667615
左右小区,residential,商务住宅;住宅区;住宅小区,青羊区,103.988879,30.667826
置信丽都玉园天俊,residential,商务住宅;住宅区;住宅小区,青羊区,103.98501,30.666064
时代尊城,residential,商务住宅;住宅区;住宅小区,青羊区,103.992395,30.662786
光华·美邻,residential,商务住宅;住宅区;住宅小区,青羊区,103.991026,30.667656
光华岁月,residential,商务住宅;住宅区;住宅小区,青羊区,103.985907,30.667813
一环路西一段小区,residential,商务住宅;住宅区;住宅小区,青羊区,103.993262,30.665794
华府世家,residential,商务住宅;住宅区;住宅小区,青羊区,103.98881,30.668786
光明小区,residential,商务住宅;住宅区;住宅小区,青羊区,103.987605,30.669158
光明园,residential,商务住宅;住宅区;住宅小区,青羊区,103.987423,30.669137
知贤坊,residential,商务住宅;住宅区;住宅小区,青羊区,103.991878,30.668544
橙花风景,residential,商务住宅;住宅区;住宅小区,青羊区,103.987737,30.669498
齐力光华岁月,residential,商务住宅;住宅区;住宅小区,青羊区,103.986277,30.669103
香木林新城,residential,商务住宅;住宅区;住宅小区,青羊区,103.990528,30.669425
水映长岛浣谷,residential,商务住宅;住宅区;住宅小区,青羊区,103.99359,30.66109
瑞景光华,residential,商务住宅;住宅区;住宅小区,青羊区,103.992289,30.669275
海棠园,residential,商务住宅;住宅区;住宅小区|餐饮服务;中餐厅;中餐厅,武侯区,103.983863,30.660843
优品道曦岸,residential,商务住宅;住宅区;住宅小区,青羊区,103.998695,30.66463
川粮大院,residential,商务住宅;住宅区;住宅小区,青羊区,103.99817,30.666182
香槟花园,residential,商务住宅;住宅区;住宅小区,青羊区,103.99945,30.666401
浪琴湾,residential,商务住宅;住宅区;住宅小区,青羊区,103.996389,30.664916
欣苑(金雁路),residential,商务住宅;住宅区;住宅小区,武侯区,103.998264,30.662049
水岸格林,residential,商务住宅;住宅区;住宅小区,青羊区,103.997171,30.666841
静苑(金雁路),residential,商务住宅;住宅区;住宅小区,武侯区,103.998242,30.661788
皇家花园(金雁路),residential,商务住宅;住宅区;住宅小区,武侯区,103.997116,30.662108
优品道2期,residential,商务住宅;住宅区;住宅小区,青羊区,104.002071,30.664791
TT·尚品,residential,商务住宅;住宅区;住宅小区,青羊区,103.998949,30.667848
泰逸家园,residential,商务住宅;住宅区;住宅小区,武侯区,103.999535,30.661116
优品道,residential,商务住宅;住宅区;住宅小区,青羊区,104.002783,30.665909
清沙苑,residential,商务住宅;住宅区;住宅小区,武侯区,103.997966,30.660797
翠堤春晓西区,residential,商务住宅;住宅区;住宅小区,武侯区,104.001832,30.661617
凯旋天际湾,residential,商务住宅;住宅区;住宅小区,青羊区,103.994314,30.663362
光华里,residential,商务住宅;住宅区;住宅小区,青羊区,103.994532,30.666383
怡苑,residential,商务住宅;住宅区;住宅小区,武侯区,103.999828,30.660657
二十一世纪花园世纪城4期,residential,商务住宅;住宅区;住宅区,青羊区,103.997216,30.668487
中央花园一期三组团翠屏苑,residential,商务住宅;住宅区;住宅小区,武侯区,104.001003,30.660515
优品道1期,residential,商务住宅;住宅区;住宅小区,青羊区,104.003302,30.667009
天合凯旋城(贝双街),residential,商务住宅;住宅区;住宅小区,青羊区,103.999634,30.669161
成都市青羊区东坡街道清水河社区,residential,商务住宅;住宅区;住宅小区,青羊区,103.995635,30.668497
珍宝金楠,residential,商务住宅;住宅区;住宅小区|生活服务;生活服务场所;生活服务场所,武侯区,103.999388,30.659722
交大花园北苑,residential,商务住宅;住宅区;住宅区,武侯区,103.998658,30.659651
西锦·渡,residential,商务住宅;住宅区;住宅小区,青羊区,103.993908,30.667284
生活立方小区,residential,商务住宅;住宅区;住宅小区,青羊区,104.001753,30.668909
中央花园一期二组院栀香苑,residential,商务住宅;住宅区;住宅区,武侯区,104.000593,30.659712
二十一世纪花园世纪城,residential,商务住宅;住宅区;住宅小区,青羊区,103.997221,30.669541
翠堤春晓(沙堰街),residential,商务住宅;住宅区;住宅小区,武侯区,104.002522,30.660272
民警小区,residential,商务住宅;住宅区;住宅小区,青羊区,104.010232,30.664254
中华家园(家园路),residential,商务住宅;住宅区;住宅小区,青羊区,104.008803,30.662701
大地锦苑,residential,商务住宅;住宅区;住宅小区,青羊区,104.010854,30.664344
青羊区光华街道花园社区,residential,商务住宅;住宅区;住宅小区,青羊区,104.00645,30.664484
水木光华,residential,商务住宅;住宅区;住宅小区,青羊区,104.006766,30.665666
学府春,residential,商务住宅;住宅区;住宅小区,青羊区,104.008664,30.666526
中华家园东区,residential,商务住宅;住宅区;住宅小区,青羊区,104.011282,30.662781
佳苑望郡A区,residential,商务住宅;住宅区;住宅小区,青羊区,104.008189,30.661426
优品道3期,residential,商务住宅;住宅区;住宅小区,青羊区,104.004747,30.664936
优品道1、、2期,residential,商务住宅;住宅区;住宅区,青羊区,104.005213,30.666733
金阳伦敦,residential,商务住宅;住宅区;住宅区,青羊区,104.005359,30.662176
西华家园,residential,商务住宅;住宅区;住宅小区,青羊区,104.013053,30.663045
望郡B区,residential,商务住宅;住宅区;住宅小区,青羊区,104.009248,30.660352
西城花园(中环路青羊大道段),residential,商务住宅;住宅区;住宅小区,青羊区,104.00685,30.66846
上城成都花园,residential,商务住宅;住宅区;住宅小区,青羊区,104.012121,30.660916
金满堂,residential,商务住宅;住宅区;住宅区,青羊区,104.020012,30.664586
草堂居,residential,商务住宅;住宅区;住宅小区,青羊区,104.020376,30.663677
大陆·西城秀筑,residential,商务住宅;住宅区;住宅小区,青羊区,104.018095,30.662867
竹韵菁华,residential,商务住宅;住宅区;住宅小区,青羊区,104.020443,30.665491
草堂花苑,residential,商务住宅;住宅区;住宅小区,青羊区,104.020741,30.664116
草堂美芦,residential,商务住宅;住宅区;住宅小区,青羊区,104.019993,30.662851
仁和·世代春天(二环路西二段),residential,商务住宅;住宅区;住宅小区,青羊区,104.017582,30.666457
青华北二街6号院,residential,商务住宅;住宅区;住宅小区,青羊区,104.020732,30.665742
天情阁,residential,商务住宅;住宅区;住宅区,青羊区,104.019942,30.666449
华神商住楼,residential,商务住宅;住宅区;住宅小区,青羊区,104.020053,30.662068
汇厦柳园天籁村,residential,商务住宅;住宅区;住宅小区,青羊区,104.02068,30.666692
馨霞阁,residential,商务住宅;住宅区;住宅区,青羊区,104.021101,30.666369
草堂别院,residential,商务住宅;住宅区;住宅小区,青羊区,104.021957,30.664188
青华北二街34号院,residential,商务住宅;住宅区;住宅小区,青羊区,104.020735,30.666721
群和路小区,residential,商务住宅;住宅区;住宅小区,青羊区,104.01769,30.66736
草堂晓苑,residential,商务住宅;住宅区;住宅小区,青羊区,104.020038,30.667449
群宁街1号院,residential,商务住宅;住宅区;住宅区,青羊区,104.018275,30.667696
群宁街3号院,residential,商务住宅;住宅区;住宅区,青羊区,104.017969,30.667691
光华公屋2期,residential,商务住宅;住宅区;住宅区,青羊区,104.020511,30.667353
天邑花园,residential,商务住宅;住宅区;住宅小区,青羊区,104.017681,30.661057
青华社区,residential,商务住宅;住宅区;住宅小区,青羊区,104.021196,30.667335
群和街小区,residential,商务住宅;住宅区;住宅小区,青羊区,104.017481,30.668002
光华公屋南区,residential,商务住宅;住宅区;住宅小区,青羊区,104.022085,30.666747
光华公屋北区,residential,商务住宅;住宅区;住宅小区,青羊区,104.021089,30.667647
群和街1、2、3、5号院,residential,商务住宅;住宅区;住宅区,青羊区,104.01714,30.668173
草堂之春,residential,商务住宅;住宅区;住宅小区,青羊区,104.021142,30.661205
青华路34号院落,residential,商务住宅;住宅区;住宅区,青羊区,104.023032,30.665977
群和街7、9号院,residential,商务住宅;住宅区;住宅区,青羊区,104.017122,30.66843
西财骏苑(二环路西二段),residential,商务住宅;住宅区;住宅小区,青羊区,104.018302,30.668751
光华街道财大社区,residential,商务住宅;住宅区;住宅小区,青羊区,104.017768,30.669231
拉萨市公安局驻成都民警公寓,residential,商务住宅;住宅区;住宅小区,青羊区,104.014011,30.661881
汇厦花园,residential,商务住宅;住宅区;住宅小区,青羊区,104.022017,30.668333
盛世草堂,residential,商务住宅;住宅区;住宅小区,青羊区,104.020563,30.669033
蜀华大厦,residential,商务住宅;住宅区;住宅小区,青羊区,104.014492,30.668079
光华苑,residential,商务住宅;住宅区;住宅小区,青羊区,104.023253,30.667946
书香街1号院,residential,商务住宅;住宅区;住宅小区,青羊区,104.022331,30.669241
恒基公寓,residential,商务住宅;住宅区;住宅小区,青羊区,104.023308,30.6692
青华路小区,residential,商务住宅;住宅区;住宅小区,青羊区,104.027896,30.664674
草堂北路4号院,residential,商务住宅;住宅区;住宅小区,青羊区,104.026968,30.665677
草堂北路6号院,residential,商务住宅;住宅区;住宅小区,青羊区,104.027204,30.666078
荣馨西苑,residential,商务住宅;住宅区;住宅小区,青羊区,104.026124,30.666009
牧电巷小区,residential,商务住宅;住宅区;住宅小区,青羊区,104.030597,30.666576
浣花苑(草堂北路),residential,商务住宅;住宅区;住宅小区,青羊区,104.027344,30.666988
草堂北路9号院,residential,商务住宅;住宅区;住宅小区,青羊区,104.026336,30.666531
草堂北路7号院,residential,商务住宅;住宅区;住宅小区,青羊区,104.026159,30.666456
青华北一街10号院,residential,商务住宅;住宅区;住宅小区,青羊区,104.025402,30.666248
浣花小区东区,residential,商务住宅;住宅区;住宅小区,青羊区,104.030899,30.661752
青华北一街4号院,residential,商务住宅;住宅区;住宅小区,青羊区,104.024999,30.665807
西苑公寓(草堂北路),residential,商务住宅;住宅区;住宅小区,青羊区,104.026121,30.667767
牧电路小区,residential,商务住宅;住宅区;住宅小区,青羊区,104.029402,30.668399
同乐苑(牧电后街),residential,商务住宅;住宅区;住宅小区,青羊区,104.027967,30.668482
草堂北路11号院,residential,商务住宅;住宅区;住宅小区,青羊区,104.024909,30.666933
青华北一街5号院,residential,商务住宅;住宅区;住宅小区,青羊区,104.024225,30.66619
送仙桥社区,residential,商务住宅;住宅区;住宅小区,青羊区,104.030355,30.668377
草堂北支路社区,residential,商务住宅;住宅区;住宅小区,青羊区,104.026377,30.668293
牧电后街13号院,residential,商务住宅;住宅区;住宅小区,青羊区,104.029005,30.668784
荣华公寓,residential,商务住宅;住宅区;住宅小区,青羊区,104.023713,30.665766
青华北一街7号院,residential,商务住宅;住宅区;住宅小区,青羊区,104.024219,30.666793
军干所南苑,residential,商务住宅;住宅区;住宅区,青羊区,104.02641,30.668497
草堂社区,residential,商务住宅;住宅区;住宅小区,青羊区,104.033073,30.662142
康欣苑(牧电巷),residential,商务住宅;住宅区;住宅小区,青羊区,104.031548,30.668432
牧电后街11号院,residential,商务住宅;住宅区;住宅小区,青羊区,104.029447,30.669144
蓝苑,residential,商务住宅;住宅区;住宅小区,青羊区,104.02608,30.668836
顺园,residential,商务住宅;住宅区;住宅区,青羊区,104.024944,30.660577
牧电后街8号院,residential,商务住宅;住宅区;住宅区,青羊区,104.029928,30.669437
光华军干所,residential,商务住宅;住宅区;住宅区,青羊区,104.026794,30.669342
金亿蓝苑春,residential,商务住宅;住宅区;住宅小区,青羊区,104.024786,30.668577
澄江街4号院,residential,商务住宅;住宅区;住宅小区,青羊区,104.025116,30.668802
清江南街1号院,residential,商务住宅;住宅区;住宅小区,青羊区,104.025106,30.669039
成勘院,residential,商务住宅;住宅区;住宅小区,青羊区,104.032834,30.668661
澄江街2号院,residential,商务住宅;住宅区;住宅小区,青羊区,104.025074,30.66929
斜阳路1号院,residential,商务住宅;住宅区;住宅小区,青羊区,104.024144,30.668697
草堂东路小区,residential,商务住宅;住宅区;住宅小区,青羊区,104.033437,30.66006
草堂东路65号院落,residential,商务住宅;住宅区;住宅区,青羊区,104.033379,30.659901
华明家园,residential,商务住宅;住宅区;住宅小区,青羊区,104.024182,30.669447
一环西路二段15号,residential,商务住宅;住宅区;住宅区,青羊区,104.038553,30.664298
一环路西二段小区,residential,商务住宅;住宅区;住宅小区,青羊区,104.038373,30.664708
青羊上街170号院(怡和大厦西),residential,商务住宅;住宅区;住宅小区,青羊区,104.037365,30.663371
青羊上街138号院,residential,商务住宅;住宅区;住宅小区,青羊区,104.037041,30.662777
青羊上街208号院,residential,商务住宅;住宅区;住宅小区,青羊区,104.036252,30.663669
浣花北路26号院,residential,商务住宅;住宅区;住宅小区,青羊区,104.035512,30.664744
琴台路社区,residential,商务住宅;住宅区;住宅小区,青羊区,104.041721,30.665296
十二桥路16附2号,residential,商务住宅;住宅区;住宅区,青羊区,104.041862,30.665094
成勘院浣花小区(东门),residential,商务住宅;住宅区;住宅小区,青羊区,104.034622,30.669277
青羊上街398号院,residential,商务住宅;住宅区;住宅小区,青羊区,104.035244,30.663908
艺术家苑,residential,商务住宅;住宅区;住宅小区,青羊区,104.035217,30.663453
青羊上街99号院,residential,商务住宅;住宅区;住宅小区,青羊区,104.036071,30.662283
成都中医药大学家属院,residential,商务住宅;住宅区;住宅小区,青羊区,104.040347,30.667172
十二桥路20号院,residential,商务住宅;住宅区;住宅小区,青羊区,104.041348,30.666657
百花竹苑(青羊上街),residential,商务住宅;住宅区;住宅小区,青羊区,104.03525,30.662739
咏陶阁,residential,商务住宅;住宅区;住宅区,青羊区,104.034612,30.665471
新一村,residential,商务住宅;住宅区;住宅小区,青羊区,104.037755,30.667986
青羊上街185号院,residential,商务住宅;住宅区;住宅小区,青羊区,104.034752,30.662965
十二桥路14号院,residential,商务住宅;住宅区;住宅区,青羊区,104.042282,30.666148
浣花北路6号商住楼,residential,商务住宅;住宅区;住宅区,青羊区,104.034156,30.664377
浣花新城,residential,商务住宅;住宅区;住宅小区,青羊区,104.036344,30.661011
雅雨苑,residential,商务住宅;住宅区;住宅小区,青羊区,104.034626,30.666606
红泰港泰通航中心,residential,商务住宅;住宅区;住宅小区,金牛区,104.042018,30.667169
浣花北路16号院,residential,商务住宅;住宅区;住宅小区,青羊区,104.035112,30.667551
浣花逸景,residential,商务住宅;住宅区;住宅小区,青羊区,104.033686,30.665472
南河上居,residential,商务住宅;住宅区;住宅小区,青羊区,104.03723,30.660222
琴台路小区,residential,商务住宅;住宅区;住宅小区,青羊区,104.042697,30.661758
城郊联社小区(十二桥路),residential,商务住宅;住宅区;住宅小区,金牛区,104.042863,30.666945
十二桥路17号院,residential,商务住宅;住宅区;住宅小区,金牛区,104.043289,30.666342
浣花北路8号院,residential,商务住宅;住宅区;住宅区,青羊区,104.034847,30.66802
浣花苑东区,residential,商务住宅;住宅区;住宅小区,青羊区,104.035189,30.668291
四川省医院家属小区,residential,商务住宅;住宅区;住宅小区,青羊区,104.035913,30.668717
西安南路29号院,residential,商务住宅;住宅区;住宅小区,金牛区,104.043424,30.666895
浣花北路1号院,residential,商务住宅;住宅区;住宅区,青羊区,104.034315,30.667736
清江东路7号院(清江东路),residential,商务住宅;住宅区;住宅小区,青羊区,104.03634,30.669302
宜家结庐缘,residential,商务住宅;住宅区;住宅小区,金牛区,104.043242,30.66789
同仁路社区,residential,商务住宅;住宅区;住宅小区,青羊区,104.048105,30.664235
柿子巷2号院,residential,商务住宅;住宅区;住宅区,青羊区,104.049246,30.664384
柿子巷8号,residential,商务住宅;住宅区;住宅小区,青羊区,104.049224,30.664081
西财市内大院,residential,商务住宅;住宅区;住宅小区,青羊区,104.049736,30.664487
金河经济适用住房,residential,商务住宅;住宅区;住宅区,青羊区,104.049433,30.663709
柿子巷7号院,residential,商务住宅;住宅区;住宅小区,青羊区,104.04978,30.664335
金河苑(柿子巷),residential,商务住宅;住宅区;住宅小区,青羊区,104.049565,30.663746
金河路71号1号,residential,商务住宅;住宅区;住宅区,青羊区,104.048694,30.663246
金河路71号院,residential,商务住宅;住宅区;住宅小区,青羊区,104.048388,30.66319
金河路69号院,residential,商务住宅;住宅区;住宅小区,青羊区,104.048176,30.663089
金河路73号院,residential,商务住宅;住宅区;住宅小区,青羊区,104.048301,30.663046
锦都,residential,商务住宅;住宅区;住宅小区,青羊区,104.047137,30.665218
西胜街17号院,residential,商务住宅;住宅区;住宅小区,青羊区,104.050285,30.664947
方池街43号附4号院,residential,商务住宅;住宅区;住宅小区,青羊区,104.048983,30.662756
西胜街15号院,residential,商务住宅;住宅区;住宅小区,青羊区,104.050607,30.664589
方池街43号附5号院,residential,商务住宅;住宅区;住宅小区,青羊区,104.04892,30.662661
小区外墙,residential,商务住宅;住宅区;住宅区,青羊区,104.049064,30.66246
蜀华街57号院,residential,商务住宅;住宅区;住宅小区,青羊区,104.0481,30.662422
通惠门路25号院,residential,商务住宅;住宅区;住宅小区,青羊区,104.046245,30.664962
西胜街11号院,residential,商务住宅;住宅区;住宅小区,青羊区,104.050986,30.664611
少城佳苑,residential,商务住宅;住宅区;住宅小区,青羊区,104.047656,30.662459
方池街41号院,residential,商务住宅;住宅区;住宅小区,青羊区,104.049199,30.662364
方池街36号院,residential,商务住宅;住宅区;住宅小区,青羊区,104.049748,30.662421
蜀华街55号院,residential,商务住宅;住宅区;住宅小区,青羊区,104.048256,30.66218
新少城,residential,商务住宅;住宅区;住宅小区,青羊区,104.047054,30.662559
方池街39号院,residential,商务住宅;住宅区;住宅小区,青羊区,104.049486,30.662308
包家巷123号院,residential,商务住宅;住宅区;住宅区,青羊区,104.048106,30.662095
金河路63号院,residential,商务住宅;住宅区;住宅小区,青羊区,104.05039,30.662652
包家巷127号院,residential,商务住宅;住宅区;住宅区,青羊区,104.047488,30.662139
香韵,residential,商务住宅;住宅区;住宅区,青羊区,104.051039,30.665695
和谐家园(西胜街),residential,商务住宅;住宅区;住宅小区,青羊区,104.051505,30.664387
方池街37号院,residential,商务住宅;住宅区;住宅小区,青羊区,104.049916,30.662162
西胜街14号院,residential,商务住宅;住宅区;住宅小区,青羊区,104.051522,30.66476
锦都3期,residential,商务住宅;住宅区;住宅小区,青羊区,104.0475,30.66686
方池街33号院,residential,商务住宅;住宅区;住宅小区,青羊区,104.050078,30.662089
金河路63新1号院,residential,商务住宅;住宅区;住宅小区,青羊区,104.050832,30.662575
金河路42号院,residential,商务住宅;住宅区;住宅区,青羊区,104.051538,30.6636
包家巷122号院,residential,商务住宅;住宅区;住宅小区,青羊区,104.047911,30.66176
金祥苑,residential,商务住宅;住宅区;住宅小区,青羊区,104.051569,30.663459
方池街27号院,residential,商务住宅;住宅区;住宅小区,青羊区,104.050276,30.661911
井巷子2号院,residential,商务住宅;住宅区;住宅小区,青羊区,104.051961,30.66483
井巷子2号院,residential,商务住宅;住宅区;住宅小区,青羊区,104.051961,30.66483
宽巷子社区,residential,商务住宅;住宅区;住宅小区,青羊区,104.052165,30.664927
包家巷八十二號,residential,商务住宅;住宅区;住宅区,青羊区,104.048268,30.661253
长顺上街125号附1号院,residential,商务住宅;住宅区;住宅小区,青羊区,104.052228,30.663757
蜀华街43号附1号院,residential,商务住宅;住宅区;住宅小区,青羊区,104.049532,30.661298
长富新城,residential,商务住宅;住宅区;住宅小区,青羊区,104.046324,30.667069
长顺上街125号院,residential,商务住宅;住宅区;住宅区,青羊区,104.052226,30.663758
包家巷115号院,residential,商务住宅;住宅区;住宅小区,青羊区,104.048109,30.66119
方池街24号院,residential,商务住宅;住宅区;住宅小区,青羊区,104.051186,30.662004
包家巷114号院,residential,商务住宅;住宅区;住宅小区,青羊区,104.04822,30.661103
支矶石街49号院,residential,商务住宅;住宅区;住宅小区,青羊区,104.050452,30.667413
支矶石街29号院,residential,商务住宅;住宅区;住宅小区,青羊区,104.051179,30.66699
蜀华街30号院,residential,商务住宅;住宅区;住宅小区,青羊区,104.050559,30.66144
长顺上街116号附18号院,residential,商务住宅;住宅区;住宅小区,青羊区,104.052595,30.663895
长顺上街116号附15号院,residential,商务住宅;住宅区;住宅小区,青羊区,104.052672,30.664365
长顺上街116号3号院,residential,商务住宅;住宅区;住宅小区,青羊区,104.052733,30.664134
支矶石街小区,residential,商务住宅;住宅区;住宅小区,青羊区,104.050529,30.667631
下同仁路83号院,residential,商务住宅;住宅区;住宅小区,青羊区,104.048905,30.66806
方池街小区,residential,商务住宅;住宅区;住宅小区,青羊区,104.051418,30.66173
蜀华街43号附2号院,residential,商务住宅;住宅区;住宅小区,青羊区,104.049598,30.660872
包家巷99号院,residential,商务住宅;住宅区;住宅小区,青羊区,104.048724,30.660758
方池街21号院,residential,商务住宅;住宅区;住宅小区,青羊区,104.051158,30.661519
长顺上街116号附1号院,residential,商务住宅;住宅区;住宅小区,青羊区,104.052715,30.665191
长顺上街116号2号院,residential,商务住宅;住宅区;住宅区,青羊区,104.052745,30.665176
方池街22号院,residential,商务住宅;住宅区;住宅小区,青羊区,104.051657,30.661773
支矶石街24号院,residential,商务住宅;住宅区;住宅小区,青羊区,104.050285,30.667919
长顺上街116号1|2|3号院,residential,商务住宅;住宅区;住宅区,青羊区,104.053038,30.664866
支矶石街20号院,residential,商务住宅;住宅区;住宅小区,青羊区,104.051412,30.667461
泡桐树街7号院,residential,商务住宅;住宅区;住宅小区,青羊区,104.050795,30.667835
长顺上街116号院,residential,商务住宅;住宅区;住宅小区,青羊区,104.052981,30.665347
泡桐树公寓19号,residential,商务住宅;住宅区;住宅小区,青羊区,104.049715,30.668246
支矶石街3号院,residential,商务住宅;住宅区;住宅小区,青羊区,104.052546,30.66648
泡桐树街3号院,residential,商务住宅;住宅区;住宅小区,青羊区,104.051657,30.667458
锦都4期,residential,商务住宅;住宅区;住宅小区,青羊区,104.047498,30.66841
金河路20号院,residential,商务住宅;住宅区;住宅小区,青羊区,104.053183,30.663289
中同仁路特2号院,residential,商务住宅;住宅区;住宅区,青羊区,104.048419,30.668565
飛腾,residential,商务住宅;住宅区;住宅区,青羊区,104.051929,30.667464
支矶石街6号院,residential,商务住宅;住宅区;住宅小区,青羊区,104.052784,30.666561
城郊联社小区(西安南路),residential,商务住宅;住宅区;住宅小区,金牛区,104.044147,30.66629
汇厦·少城,residential,商务住宅;住宅区;住宅小区,青羊区,104.049445,30.660233
泡桐树街16号院,residential,商务住宅;住宅区;住宅小区,青羊区,104.050757,30.668253
泡桐树街20号院,residential,商务住宅;住宅区;住宅小区,青羊区,104.050492,30.668398
泡桐树街14号院,residential,商务住宅;住宅区;住宅小区,青羊区,104.051583,30.667875
枣子巷社区西安中路35-78号小区,residential,商务住宅;住宅区;住宅小区,金牛区,104.045226,30.667769
西安路街道十二桥社区,residential,商务住宅;住宅区;住宅小区,金牛区,104.044556,30.66718
西安南路52号院,residential,商务住宅;住宅区;住宅区,金牛区,104.044228,30.666797
下同仁路126号院,residential,商务住宅;住宅区;住宅区,青羊区,104.049512,30.668791
横小南街2号院,residential,商务住宅;住宅区;住宅区,青羊区,104.053074,30.662218
西安中路一巷35号院,residential,商务住宅;住宅区;住宅小区,金牛区,104.045426,30.668029
合润西苑,residential,商务住宅;住宅区;住宅小区,青羊区,104.050365,30.668644
下同仁路117号院,residential,商务住宅;住宅区;住宅小区,青羊区,104.049301,30.668896
万达公寓(包家巷),residential,商务住宅;住宅区;住宅小区,青羊区,104.049954,30.660031
实业街9号院,residential,商务住宅;住宅区;住宅小区,青羊区,104.051877,30.667952
实业街19号院,residential,商务住宅;住宅区;住宅小区,青羊区,104.051743,30.668132
实业街25号院,residential,商务住宅;住宅区;住宅小区,青羊区,104.051061,30.668542
实业街29号院,residential,商务住宅;住宅区;住宅小区,青羊区,104.050469,30.668779
实业街23号院,residential,商务住宅;住宅区;住宅小区,青羊区,104.051213,30.668478
包家巷80号院,residential,商务住宅;住宅区;住宅小区,青羊区,104.050975,30.660239
实业街17号院,residential,商务住宅;住宅区;住宅小区,青羊区,104.052343,30.667774
方池街8号院,residential,商务住宅;住宅区;住宅小区,青羊区,104.052764,30.661431
长顺上街251号院,residential,商务住宅;住宅区;住宅小区,青羊区,104.053374,30.666656
方池街11号院,residential,商务住宅;住宅区;住宅小区,青羊区,104.05226,30.660912
西安中路6号院,residential,商务住宅;住宅区;住宅小区,金牛区,104.045988,30.668648
西安中路10号院,residential,商务住宅;住宅区;住宅小区,金牛区,104.04641,30.668854
长顺上街285号院,residential,商务住宅;住宅区;住宅区,青羊区,104.052905,30.667417
金牛区府南河指挥部职工宿舍,residential,商务住宅;住宅区;住宅小区,金牛区,104.046309,30.668813
汇厦少城百花里,residential,商务住宅;住宅区;住宅小区,青羊区,104.049199,30.659532
方池街9号院,residential,商务住宅;住宅区;住宅小区,青羊区,104.052861,30.661105
蜀华街18号院,residential,商务住宅;住宅区;住宅小区,青羊区,104.052489,30.660694
小南街公寓,residential,商务住宅;住宅区;住宅小区,青羊区,104.052651,30.660767
同顺公寓(实业街),residential,商务住宅;住宅区;住宅小区,青羊区,104.052013,30.668541
栅子街3号院,residential,商务住宅;住宅区;住宅小区,青羊区,104.052396,30.668796
包家巷16号院,residential,商务住宅;住宅区;住宅小区,青羊区,104.052181,30.659787
领地,residential,商务住宅;住宅区;住宅区,青羊区,104.051903,30.659612
新生苑,residential,商务住宅;住宅区;住宅小区,青羊区,104.052904,30.668672
长顺中街89号院,residential,商务住宅;住宅区;住宅小区,青羊区,104.053355,30.669159
字库街7号院,residential,商务住宅;住宅区;住宅区,青羊区,104.058672,30.664349
青羊区西御河街道西华门社区,residential,商务住宅;住宅区;住宅小区,青羊区,104.058717,30.664422
字库街8号院,residential,商务住宅;住宅区;住宅小区,青羊区,104.058997,30.663986
字库街32号院,residential,商务住宅;住宅区;住宅小区,青羊区,104.058558,30.665102
字库街34号院,residential,商务住宅;住宅区;住宅小区,青羊区,104.058675,30.665161
字库街1号院,residential,商务住宅;住宅区;住宅小区,青羊区,104.058672,30.663575
字库街6号院,residential,商务住宅;住宅区;住宅小区,青羊区,104.059117,30.663491
斌升街8号院,residential,商务住宅;住宅区;住宅小区,青羊区,104.057397,30.66396
西华门街15号院,residential,商务住宅;住宅区;住宅小区,青羊区,104.059711,30.663869
横金家坝街7号院,residential,商务住宅;住宅区;住宅小区,青羊区,104.058747,30.663224
西华门街13号院,residential,商务住宅;住宅区;住宅小区,青羊区,104.059668,30.663691
斌升街5号院,residential,商务住宅;住宅区;住宅小区,青羊区,104.05747,30.663529
斌馨苑,residential,商务住宅;住宅区;住宅小区,青羊区,104.057427,30.663493
平安巷12号院,residential,商务住宅;住宅区;住宅小区,青羊区,104.058669,30.665775
横金家坝街46号院,residential,商务住宅;住宅区;住宅区,青羊区,104.059294,30.663176
东城根上街52号院,residential,商务住宅;住宅区;住宅小区,青羊区,104.058509,30.662962
横金家坝街5号院,residential,商务住宅;住宅区;住宅小区,青羊区,104.058617,30.6629
西华门社区(横金家坝街),residential,商务住宅;住宅区;住宅小区,青羊区,104.059558,30.663172
斌升街12号院,residential,商务住宅;住宅区;住宅小区,青羊区,104.05678,30.664093
斌升街16号院,residential,商务住宅;住宅区;住宅小区,青羊区,104.056766,30.664125
西华门街20号院,residential,商务住宅;住宅区;住宅小区,青羊区,104.060207,30.663696
仁厚街23号院,residential,商务住宅;住宅区;住宅小区,青羊区,104.056686,30.664989
仁爱家园,residential,商务住宅;住宅区;住宅小区,青羊区,104.056591,30.664888
西华门街22号院,residential,商务住宅;住宅区;住宅小区,青羊区,104.060497,30.663926
西华门街11号院,residential,商务住宅;住宅区;住宅小区,青羊区,104.059829,30.662969
仁厚街18号院,residential,商务住宅;住宅区;住宅小区,青羊区,104.056699,30.665379
平安巷7号院,residential,商务住宅;住宅区;住宅小区,青羊区,104.059529,30.666101
厚德家园,residential,商务住宅;住宅区;住宅小区,青羊区,104.056659,30.665423
金家坝街26号院,residential,商务住宅;住宅区;住宅小区,青羊区,104.05932,30.662525
斌升街18号院,residential,商务住宅;住宅区;住宅小区,青羊区,104.056201,30.664245
东胜街20号院,residential,商务住宅;住宅区;住宅小区,青羊区,104.056562,30.663191
西华门街9号院,residential,商务住宅;住宅区;住宅小区,青羊区,104.059925,30.662687
东胜街5号院,residential,商务住宅;住宅区;住宅小区,青羊区,104.057092,30.662684
东胜街16号院,residential,商务住宅;住宅区;住宅区,青羊区,104.056605,30.663094
斌苑,residential,商务住宅;住宅区;住宅小区,青羊区,104.056217,30.663593
东胜街13号院,residential,商务住宅;住宅区;住宅小区,青羊区,104.057017,30.662689
多子巷小区,residential,商务住宅;住宅区;住宅小区,青羊区,104.056526,30.665719
斌升街22号院,residential,商务住宅;住宅区;住宅小区,青羊区,104.055979,30.664172
商业街6号院,residential,商务住宅;住宅区;住宅小区,青羊区,104.057565,30.666541
桂花巷小区,residential,商务住宅;住宅区;住宅小区,青羊区,104.05592,30.66483
水文水资源勘测局住宅区,residential,商务住宅;住宅区;住宅小区,青羊区,104.055675,30.665023
西华门街18号院,residential,商务住宅;住宅区;住宅区,青羊区,104.060289,30.662567
五福街小区,residential,商务住宅;住宅区;住宅小区,青羊区,104.058841,30.666784
仁厚街31号院,residential,商务住宅;住宅区;住宅小区,青羊区,104.055903,30.665233
斌升街24号院,residential,商务住宅;住宅区;住宅小区,青羊区,104.055727,30.66435
水文水资源勘测局一二三号住宅区,residential,商务住宅;住宅区;住宅小区,青羊区,104.055565,30.665057
斌升街22号院,residential,商务住宅;住宅区;住宅小区,青羊区,104.055979,30.664172
商业街6号院,residential,商务住宅;住宅区;住宅小区,青羊区,104.057565,30.666541
桂花巷小区,residential,商务住宅;住宅区;住宅小区,青羊区,104.05592,30.66483
水文水资源勘测局住宅区,residential,商务住宅;住宅区;住宅小区,青羊区,104.055675,30.665023
西华门街18号院,residential,商务住宅;住宅区;住宅区,青羊区,104.060289,30.662567
五福街小区,residential,商务住宅;住宅区;住宅小区,青羊区,104.058841,30.666784
桂花巷56号院,residential,商务住宅;住宅区;住宅小区,青羊区,104.05591,30.665235
仁厚街31号院,residential,商务住宅;住宅区;住宅小区,青羊区,104.055903,30.665233
斌升街24号院,residential,商务住宅;住宅区;住宅小区,青羊区,104.055727,30.66435
水文水资源勘测局一二三号住宅区,residential,商务住宅;住宅区;住宅小区,青羊区,104.055565,30.665057
五福街19号院,residential,商务住宅;住宅区;住宅小区,青羊区,104.058342,30.666842
东胜街23号院,residential,商务住宅;住宅区;住宅小区,青羊区,104.05657,30.662486
桂花巷59号院,residential,商务住宅;住宅区;住宅小区,青羊区,104.055555,30.664663
将军街8号院,residential,商务住宅;住宅区;住宅小区,青羊区,104.057615,30.661935
西华门街7号院,residential,商务住宅;住宅区;住宅区,青羊区,104.059915,30.662081
人民中路一段8号院,residential,商务住宅;住宅区;住宅小区,青羊区,104.061406,30.663543
桂花巷51号院,residential,商务住宅;住宅区;住宅小区,青羊区,104.055472,30.664587
将军街14号院,residential,商务住宅;住宅区;住宅区,青羊区,104.057344,30.66198
商业街37号院,residential,商务住宅;住宅区;住宅小区,青羊区,104.056612,30.666476
将军街16号院,residential,商务住宅;住宅区;住宅小区,青羊区,104.056911,30.662151
西华门街25号院,residential,商务住宅;住宅区;住宅区,青羊区,104.059588,30.666914
东城根上街4号院,residential,商务住宅;住宅区;住宅小区,青羊区,104.058745,30.661732
将军苑,residential,商务住宅;住宅区;住宅小区,青羊区,104.057373,30.661902
将军街18号院,residential,商务住宅;住宅区;住宅小区,青羊区,104.056678,30.662184
西华门街24号院,residential,商务住宅;住宅区;住宅小区,青羊区,104.061512,30.665415
五福街50号院,residential,商务住宅;住宅区;住宅小区,青羊区,104.058784,30.667161
人民中路一段4号小区,residential,商务住宅;住宅区;住宅小区,青羊区,104.060892,30.662477
人民中路一段6号院,residential,商务住宅;住宅区;住宅小区,青羊区,104.061147,30.662722
商业街65号院,residential,商务住宅;住宅区;住宅小区,青羊区,104.056223,30.666403
五福街25号院,residential,商务住宅;住宅区;住宅小区,青羊区,104.058335,30.667237
西华门街5号院,residential,商务住宅;住宅区;住宅小区,青羊区,104.059882,30.661799
将军街小区,residential,商务住宅;住宅区;住宅小区,青羊区,104.056379,30.662236
五福街54号院,residential,商务住宅;住宅区;住宅小区,青羊区,104.05881,30.667322
西华门街3号院,residential,商务住宅;住宅区;住宅小区,青羊区,104.059567,30.661627
多子巷21号院,residential,商务住宅;住宅区;住宅小区,青羊区,104.055539,30.665866
成都市学习型示范社区,residential,商务住宅;住宅区;住宅小区,青羊区,104.056226,30.662209
四川省科普示范社区,residential,商务住宅;住宅区;住宅小区,青羊区,104.056226,30.662209
顺和苑(仁厚街),residential,商务住宅;住宅区;住宅小区,青羊区,104.055136,30.665338
将军街7号院,residential,商务住宅;住宅区;住宅小区,青羊区,104.056977,30.661637
五福街27号院,residential,商务住宅;住宅区;住宅小区,青羊区,104.058342,30.667494
五福街56号院,residential,商务住宅;住宅区;住宅小区,青羊区,104.058854,30.667529
将军街47号院,residential,商务住宅;住宅区;住宅小区,青羊区,104.056388,30.66184
斌升街32号院,residential,商务住宅;住宅区;住宅小区,青羊区,104.054833,30.664603
将军街58号院,residential,商务住宅;住宅区;住宅小区,青羊区,104.055486,30.662491
东城根中街64号院,residential,商务住宅;住宅区;住宅小区,青羊区,104.058207,30.66769
人民中路一段10号院,residential,商务住宅;住宅区;住宅小区,青羊区,104.062329,30.663812
商业街41号院,residential,商务住宅;住宅区;住宅小区,青羊区,104.055425,30.666435
长顺上街98号院,residential,商务住宅;住宅区;住宅小区,青羊区,104.054643,30.664684
人民中路一段12号院,residential,商务住宅;住宅区;住宅小区,青羊区,104.062463,30.664032
长顺上街小区,residential,商务住宅;住宅区;住宅小区,青羊区,104.05456,30.664854
将军街68号院,residential,商务住宅;住宅区;住宅小区,青羊区,104.055092,30.662615
将军街49号院,residential,商务住宅;住宅区;住宅小区,青羊区,104.055393,30.662092
多子巷28号院,residential,商务住宅;住宅区;住宅小区,青羊区,104.055157,30.666506
仁厚街39号院,residential,商务住宅;住宅区;住宅小区,青羊区,104.054584,30.665624
人民中路一段14号院,residential,商务住宅;住宅区;住宅小区,青羊区,104.062717,30.664332
东胜街41号院,residential,商务住宅;住宅区;住宅小区,青羊区,104.054457,30.663457
西华门街8号院(人民中路一段),residential,商务住宅;住宅区;住宅小区,青羊区,104.060887,30.661362
少城路7号院,residential,商务住宅;住宅区;住宅区,青羊区,104.056912,30.660917
东城根中街88号院(东城根中街),residential,商务住宅;住宅区;住宅小区,青羊区,104.058207,30.668183
东城根中街9号院,residential,商务住宅;住宅区;住宅区,青羊区,104.057723,30.668156
御园公寓,residential,商务住宅;住宅区;住宅小区,青羊区,104.060272,30.668006
人民西路147号院,residential,商务住宅;住宅区;住宅小区,青羊区,104.058776,30.66047
将军街63号院,residential,商务住宅;住宅区;住宅小区,青羊区,104.054514,30.662475
仁厚街41号院,residential,商务住宅;住宅区;住宅小区,青羊区,104.054163,30.665759
人民西路113号院,residential,商务住宅;住宅区;住宅小区,青羊区,104.059379,30.660469
东城根中街小区,residential,商务住宅;住宅区;住宅小区,青羊区,104.05827,30.668459
商业街63号院,residential,商务住宅;住宅区;住宅小区,青羊区,104.054871,30.667061
西御河沿街50号院,residential,商务住宅;住宅区;住宅小区,青羊区,104.061014,30.667984
东城根中街132号院,residential,商务住宅;住宅区;住宅小区,青羊区,104.058209,30.668596
少城路8号院,residential,商务住宅;住宅区;住宅小区,青羊区,104.056888,30.660431
东城根南街68号院,residential,商务住宅;住宅区;住宅小区,青羊区,104.059158,30.660216
多子巷33号院,residential,商务住宅;住宅区;住宅小区,青羊区,104.054072,30.666414
仁厚街社区,residential,商务住宅;住宅区;住宅小区,青羊区,104.053878,30.666105
商业街后街5号院,residential,商务住宅;住宅区;住宅小区,青羊区,104.057044,30.6687
西华门街42号院,residential,商务住宅;住宅区;住宅小区,青羊区,104.060513,30.668546
西二巷小区,residential,商务住宅;住宅区;住宅小区,青羊区,104.061096,30.66835
东城根南街56号院,residential,商务住宅;住宅区;住宅小区,青羊区,104.058995,30.659824
东城根南街30号院,residential,商务住宅;住宅区;住宅小区,青羊区,104.058524,30.659628
羊市街28号院,residential,商务住宅;住宅区;住宅区,青羊区,104.059321,30.669146
羊市街32号院,residential,商务住宅;住宅区;住宅小区,青羊区,104.058748,30.669202
西华门街44号院,residential,商务住宅;住宅区;住宅小区,青羊区,104.060143,30.669072
九思巷14号小区,residential,商务住宅;住宅区;住宅小区,青羊区,104.060522,30.669014
商业街50号院,residential,商务住宅;住宅区;住宅小区,青羊区,104.054195,30.667686
商业后街81号院,residential,商务住宅;住宅区;住宅小区,青羊区,104.055238,30.668546
羊市社区,residential,商务住宅;住宅区;住宅小区,青羊区,104.062033,30.668487
长发街22号院,residential,商务住宅;住宅区;住宅小区,青羊区,104.056403,30.669207
西二巷1号院,residential,商务住宅;住宅区;住宅区,青羊区,104.062721,30.668232
五洲·成都51号公寓,residential,商务住宅;住宅区;住宅小区,青羊区,104.055544,30.669024
长发街24号院,residential,商务住宅;住宅区;住宅小区,青羊区,104.055976,30.669357
长发街28号院落,residential,商务住宅;住宅区;住宅区,青羊区,104.055877,30.669361
人中一段31号院,residential,商务住宅;住宅区;住宅小区,青羊区,104.063446,30.668111
东二巷25号院,residential,商务住宅;住宅区;住宅小区,青羊区,104.063464,30.668196
黄瓦街56号院,residential,商务住宅;住宅区;住宅小区,青羊区,104.054125,30.66895
羊市街6号院,residential,商务住宅;住宅区;住宅小区,青羊区,104.062483,30.66928
顺城大街212号院,residential,商务住宅;住宅区;住宅小区,青羊区,104.068777,30.663738
鼓楼南街71号院,residential,商务住宅;住宅区;住宅小区,青羊区,104.069426,30.664056
鼓楼南街59号院,residential,商务住宅;住宅区;住宅小区,青羊区,104.069596,30.663911
化八院小区,residential,商务住宅;住宅区;住宅小区,青羊区,104.069426,30.665127
鼓楼南街57号院,residential,商务住宅;住宅区;住宅小区,青羊区,104.069569,30.663728
同心苑,residential,商务住宅;住宅区;住宅小区,青羊区,104.067425,30.665068
大有巷12号小区,residential,商务住宅;住宅区;住宅小区,青羊区,104.067236,30.663951
鼓楼南街51号院,residential,商务住宅;住宅区;住宅小区,青羊区,104.069367,30.663406
鼓楼南街100号院,residential,商务住宅;住宅区;住宅小区,青羊区,104.070183,30.664362
大有巷18号院,residential,商务住宅;住宅区;住宅小区,青羊区,104.067009,30.663742
上翔街31号院,residential,商务住宅;住宅区;住宅小区,青羊区,104.066852,30.664807
鼓楼南街70号院,residential,商务住宅;住宅区;住宅小区,青羊区,104.070206,30.663943
鼓楼南街174号院,residential,商务住宅;住宅区;住宅小区,青羊区,104.069879,30.665446
上翔街32号院,residential,商务住宅;住宅区;住宅小区,青羊区,104.066653,30.664295
大有巷1号院,residential,商务住宅;住宅区;住宅区,青羊区,104.066804,30.663345
三桂前街小区,residential,商务住宅;住宅区;住宅小区,青羊区,104.070523,30.663402
东华门街8号院,residential,商务住宅;住宅区;住宅小区,青羊区,104.065979,30.663849
富力·公馆,residential,商务住宅;住宅区;住宅小区,青羊区,104.066796,30.66632
东华正街33号院,residential,商务住宅;住宅区;住宅区,青羊区,104.067351,30.662139
天府公寓,residential,商务住宅;住宅区;住宅小区,青羊区,104.071298,30.66507
鼓楼洞街7号院,residential,商务住宅;住宅区;住宅小区,青羊区,104.06979,30.66672
鼓楼世家,residential,商务住宅;住宅区;住宅小区,青羊区,104.070525,30.666535
古中市街28号院,residential,商务住宅;住宅区;住宅小区,青羊区,104.069222,30.667013
东华门街19号院,residential,商务住宅;住宅区;住宅小区,青羊区,104.066748,30.662119
西沟头巷小区,residential,商务住宅;住宅区;住宅小区,青羊区,104.071379,30.662999
三桂前街87号院,residential,商务住宅;住宅区;住宅小区,青羊区,104.071239,30.664692
富力·公馆,residential,商务住宅;住宅区;住宅小区,青羊区,104.066796,30.66632
东华正街33号院,residential,商务住宅;住宅区;住宅区,青羊区,104.067351,30.662139
天府公寓,residential,商务住宅;住宅区;住宅小区,青羊区,104.071298,30.66507
鼓楼洞街7号院,residential,商务住宅;住宅区;住宅小区,青羊区,104.06979,30.66672
鼓楼世家,residential,商务住宅;住宅区;住宅小区,青羊区,104.070525,30.666535
东全赢家5号,residential,商务住宅;住宅区;住宅区,青羊区,104.068114,30.661786
大墙西街58号院,residential,商务住宅;住宅区;住宅小区,青羊区,104.071099,30.665866
古中市街28号院,residential,商务住宅;住宅区;住宅小区,青羊区,104.069222,30.667013
东华门街19号院,residential,商务住宅;住宅区;住宅小区,青羊区,104.066748,30.662119
西沟头巷小区,residential,商务住宅;住宅区;住宅小区,青羊区,104.071379,30.662999
大墙西街小区,residential,商务住宅;住宅区;住宅小区,青羊区,104.071587,30.665529
大墙东街178号院,residential,商务住宅;住宅区;住宅小区,青羊区,104.071989,30.66529
东华馨苑,residential,商务住宅;住宅区;住宅小区,青羊区,104.066833,30.661589
东全赢家,residential,商务住宅;住宅区;住宅区,青羊区,104.067804,30.661225
永安街19号院,residential,商务住宅;住宅区;住宅小区,青羊区,104.0718,30.666001
永安街21号院(永安街19号院北),residential,商务住宅;住宅区;住宅小区,青羊区,104.07179,30.666103
光明巷7号院,residential,商务住宅;住宅区;住宅小区,青羊区,104.07145,30.666641
总府路81号院,residential,商务住宅;住宅区;住宅小区,青羊区,104.070053,30.661205
人民中路一段5号院,residential,商务住宅;住宅区;住宅小区,青羊区,104.065063,30.662481
大墙东街小区,residential,商务住宅;住宅区;住宅小区,青羊区,104.072437,30.665418
光明巷小区,residential,商务住宅;住宅区;住宅小区,青羊区,104.071611,30.666725
总府路71号院,residential,商务住宅;住宅区;住宅小区,青羊区,104.070514,30.661228
二巷子1号,residential,商务住宅;住宅区;住宅区,青羊区,104.070856,30.667419
人民中路一段小区,residential,商务住宅;住宅区;住宅小区,青羊区,104.065079,30.662164
人民中路一段9号院,residential,商务住宅;住宅区;住宅小区,青羊区,104.064234,30.663577
光明巷8号院,residential,商务住宅;住宅区;住宅小区,青羊区,104.071436,30.66726
西沟头巷30号院,residential,商务住宅;住宅区;住宅小区,锦江区,104.071474,30.661479
鼓楼北一街二巷子1号院,residential,商务住宅;住宅区;住宅小区,青羊区,104.071084,30.667581
光明巷14号院,residential,商务住宅;住宅区;住宅小区,青羊区,104.07178,30.667104
内姜街63号院,residential,商务住宅;住宅区;住宅小区,青羊区,104.072611,30.666102
光明巷12号院,residential,商务住宅;住宅区;住宅小区,青羊区,104.071756,30.667176
东御河沿街12号院,residential,商务住宅;住宅区;住宅小区,青羊区,104.066028,30.667944
光明巷18号院,residential,商务住宅;住宅区;住宅小区,青羊区,104.072718,30.666488
富力丽思国际公馆2期,residential,商务住宅;住宅区;住宅区,青羊区,104.067395,30.668472
红照壁小区,residential,商务住宅;住宅区;住宅小区,锦江区,104.069342,30.660204
内姜街50号院,residential,商务住宅;住宅区;住宅小区,青羊区,104.073288,30.665494
内姜街71号院,residential,商务住宅;住宅区;住宅小区,青羊区,104.073015,30.666394
成都新巢精品主题公寓,residential,商务住宅;住宅区;住宅区,青羊区,104.067795,30.66889
内姜街70号院,residential,商务住宅;住宅区;住宅小区,青羊区,104.073307,30.666334
内姜街73号院,residential,商务住宅;住宅区;住宅小区,青羊区,104.073128,30.666713
东二巷12号院,residential,商务住宅;住宅区;住宅小区,青羊区,104.065876,30.668413
青年路社区(南沟头巷),residential,商务住宅;住宅区;住宅小区,锦江区,104.071154,30.660304
上升街14号院,residential,商务住宅;住宅区;住宅区,青羊区,104.067485,30.669072
东御河沿街18号院,residential,商务住宅;住宅区;住宅小区,青羊区,104.064876,30.668042
上升街47号院,residential,商务住宅;住宅区;住宅小区,青羊区,104.065979,30.668792
忠烈祠西街19号院,residential,商务住宅;住宅区;住宅小区,青羊区,104.073197,30.6672
忠烈祠西街80号院,residential,商务住宅;住宅区;住宅小区,青羊区,104.072076,30.668262
忠烈祠西街70号院,residential,商务住宅;住宅区;住宅小区,青羊区,104.072139,30.668222
东二巷14号院,residential,商务住宅;住宅区;住宅小区,青羊区,104.065144,30.66841
上升街45号院,residential,商务住宅;住宅区;住宅小区,青羊区,104.066104,30.668894
忠烈祠西街小区,residential,商务住宅;住宅区;住宅小区,青羊区,104.073066,30.667426
东御河沿街52号院,residential,商务住宅;住宅区;住宅小区,青羊区,104.064452,30.667999
鼓楼北二街36号院,residential,商务住宅;住宅区;住宅小区,青羊区,104.07171,30.668604
横九龙巷44号院,residential,商务住宅;住宅区;住宅区,锦江区,104.07077,30.659744
东二巷21号,residential,商务住宅;住宅区;住宅区,青羊区,104.065009,30.668468
上升街59号院,residential,商务住宅;住宅区;住宅小区,青羊区,104.065145,30.668695
上升街57号院,residential,商务住宅;住宅区;住宅小区,青羊区,104.065291,30.668867
东御河沿街68号院,residential,商务住宅;住宅区;住宅小区,青羊区,104.063814,30.66787
东二巷20号院,residential,商务住宅;住宅区;住宅小区,青羊区,104.064304,30.668457
东二巷23号院,residential,商务住宅;住宅区;住宅小区,青羊区,104.063932,30.668196
鼓楼北二街40号院,residential,商务住宅;住宅区;住宅小区,青羊区,104.072182,30.668953
忠烈祠西街68号院,residential,商务住宅;住宅区;住宅小区,青羊区,104.07246,30.668796
暑袜中街48号院,residential,商务住宅;住宅区;住宅小区,锦江区,104.072371,30.659878
鼓楼北二街60号院,residential,商务住宅;住宅区;住宅小区,青羊区,104.072049,30.669128
上升街63号院,residential,商务住宅;住宅区;住宅小区,青羊区,104.064172,30.668764
MINI小筑,residential,商务住宅;住宅区;住宅区,青羊区,104.072481,30.669006
暑袜中街42号院,residential,商务住宅;住宅区;住宅区,锦江区,104.072308,30.65961
鼓楼北二街70号院,residential,商务住宅;住宅区;住宅小区,青羊区,104.072378,30.669362
梓潼街35号大院,residential,商务住宅;住宅区;住宅小区,青羊区,104.073346,30.669185
缤舍,residential,商务住宅;住宅区;住宅小区,锦江区,104.078406,30.664332
隆兴街32号院,residential,商务住宅;住宅区;住宅小区,锦江区,104.078105,30.664111
四川省物价局宿舍,residential,商务住宅;住宅区;住宅小区,锦江区,104.077812,30.664537
双栅子街51号院,residential,商务住宅;住宅区;住宅小区,锦江区,104.07915,30.663968
三倒拐街12号院,residential,商务住宅;住宅区;住宅小区,锦江区,104.07744,30.66424
双栅子街49号院,residential,商务住宅;住宅区;住宅小区,锦江区,104.079281,30.663707
华兴社区北区,residential,商务住宅;住宅区;住宅小区,锦江区,104.077387,30.664496
和平街14号院,residential,商务住宅;住宅区;住宅小区,锦江区,104.07962,30.664823
和平街12号院,residential,商务住宅;住宅区;住宅小区,锦江区,104.079663,30.664806
双栅子街17号院,residential,商务住宅;住宅区;住宅小区,锦江区,104.079606,30.663848
慈惠堂街小区,residential,商务住宅;住宅区;住宅小区,锦江区,104.07808,30.663324
三倒拐街52号院,residential,商务住宅;住宅区;住宅小区,锦江区,104.077212,30.664734
暑袜街社区,residential,商务住宅;住宅区;住宅小区,锦江区,104.077201,30.66498
三倒拐街24号院,residential,商务住宅;住宅区;住宅小区,锦江区,104.076985,30.664557
双栅子街2号院,residential,商务住宅;住宅区;住宅小区,锦江区,104.080163,30.664175
三倒拐街1号院,residential,商务住宅;住宅区;住宅小区,锦江区,104.077001,30.663717
梓潼西街18号院,residential,商务住宅;住宅区;住宅小区,锦江区,104.077782,30.662909
双栅子街52号院,residential,商务住宅;住宅区;住宅小区,锦江区,104.080024,30.663475
双栅子街34号院,residential,商务住宅;住宅区;住宅区,锦江区,104.079718,30.663143
梓潼桥西街16号大院,residential,商务住宅;住宅区;住宅小区,锦江区,104.07808,30.66274
暑袜北一街146号院,residential,商务住宅;住宅区;住宅小区,锦江区,104.076555,30.665116
永兴巷9号院,residential,商务住宅;住宅区;住宅小区,锦江区,104.076754,30.663346
岳府街社区西区,residential,商务住宅;住宅区;住宅小区,锦江区,104.07779,30.666111
桂王桥南街26号院,residential,商务住宅;住宅区;住宅小区,锦江区,104.080608,30.664617
华兴社区(乘风大厦北),residential,商务住宅;住宅区;住宅小区,锦江区,104.076437,30.664804
岳府街社区(桂王桥西街),residential,商务住宅;住宅区;住宅小区,锦江区,104.079554,30.666093
都仕闲庭,residential,商务住宅;住宅区;住宅小区,锦江区,104.080329,30.66553
桂王桥南街50号院,residential,商务住宅;住宅区;住宅小区,锦江区,104.080664,30.665006
暑袜北一街132号院,residential,商务住宅;住宅区;住宅小区,锦江区,104.076234,30.664763
岳府街社区(双栅子街),residential,商务住宅;住宅区;住宅小区,锦江区,104.080232,30.663055
燕鲁公所街10号院,residential,商务住宅;住宅区;住宅小区,锦江区,104.081026,30.664428
138号大院,residential,商务住宅;住宅区;住宅小区,锦江区,104.076136,30.665216
桂王桥西街23号院,residential,商务住宅;住宅区;住宅小区,锦江区,104.080443,30.66592
布后街8号院,residential,商务住宅;住宅区;住宅小区,锦江区,104.080423,30.662757
冻青树街52号院,residential,商务住宅;住宅区;住宅小区,锦江区,104.077326,30.666491
永兴巷14号小区,residential,商务住宅;住宅区;住宅小区,锦江区,104.076201,30.663142
138号大院,residential,商务住宅;住宅区;住宅小区,锦江区,104.076136,30.665216
桂王桥西街23号院,residential,商务住宅;住宅区;住宅小区,锦江区,104.080443,30.66592
布后街8号院,residential,商务住宅;住宅区;住宅小区,锦江区,104.080423,30.662757
冻青树街52号院,residential,商务住宅;住宅区;住宅小区,锦江区,104.077326,30.666491
永兴巷14号小区,residential,商务住宅;住宅区;住宅小区,锦江区,104.076201,30.663142
冻青树街38号院,residential,商务住宅;住宅区;住宅小区,锦江区,104.076846,30.666257
冻青树街40号院,residential,商务住宅;住宅区;住宅小区,锦江区,104.07685,30.666261
桂王桥南街28号院,residential,商务住宅;住宅区;住宅小区,锦江区,104.081248,30.664714
冻青树街89号院,residential,商务住宅;住宅区;住宅区,锦江区,104.07679,30.666481
银杏地带,residential,商务住宅;住宅区;住宅小区,锦江区,104.079898,30.666733
永兴巷14号附3,residential,商务住宅;住宅区;住宅区,锦江区,104.07566,30.66338
永兴巷16号院,residential,商务住宅;住宅区;住宅小区,锦江区,104.075569,30.663513
冻青树街88号院,residential,商务住宅;住宅区;住宅小区,锦江区,104.077444,30.66696
冻青树街35号院,residential,商务住宅;住宅区;住宅小区,锦江区,104.076525,30.666556
暑袜北一街129号院,residential,商务住宅;住宅区;住宅小区,锦江区,104.075433,30.665301
冻青树街29号院,residential,商务住宅;住宅区;住宅区,锦江区,104.076541,30.666642
暑袜北一街95号院,residential,商务住宅;住宅区;住宅小区,锦江区,104.075272,30.664992
暑袜北一街26号大院,residential,商务住宅;住宅区;住宅小区,锦江区,104.075285,30.66338
青羊区太升南路社区,residential,商务住宅;住宅区;住宅小区,锦江区,104.07555,30.666074
华兴苑(华兴上街),residential,商务住宅;住宅区;住宅小区,锦江区,104.075765,30.66231
桂王桥北街28号院,residential,商务住宅;住宅区;住宅区,锦江区,104.081481,30.666303
桂王桥东街2号院,residential,商务住宅;住宅区;住宅小区,锦江区,104.082027,30.665457
拐枣树街2号院,residential,商务住宅;住宅区;住宅小区,锦江区,104.077782,30.667563
桂王桥东街4号院,residential,商务住宅;住宅区;住宅区,锦江区,104.082016,30.665529
拐枣树街16号院,residential,商务住宅;住宅区;住宅小区,锦江区,104.077824,30.667636
桂王桥北街40号大院,residential,商务住宅;住宅区;住宅小区,锦江区,104.08181,30.66606
岳府街社区(桂王桥北街),residential,商务住宅;住宅区;住宅小区,锦江区,104.081263,30.666757
锦城绿洲,residential,商务住宅;住宅区;住宅小区,锦江区,104.074625,30.66388
华兴上街64号院,residential,商务住宅;住宅区;住宅小区,锦江区,104.074886,30.662981
忠烈祠西街73号院,residential,商务住宅;住宅区;住宅小区,锦江区,104.075281,30.666447
忠烈祠东街50号院,residential,商务住宅;住宅区;住宅小区,锦江区,104.075739,30.666911
武成大街191号院,residential,商务住宅;住宅区;住宅小区,锦江区,104.082035,30.66271
太升路社区,residential,商务住宅;住宅区;住宅小区,锦江区,104.078533,30.667912
附2号小区,residential,商务住宅;住宅区;住宅小区,锦江区,104.075433,30.666804
忠烈祠东街小区,residential,商务住宅;住宅区;住宅小区,锦江区,104.075792,30.667171
拐枣树街小区,residential,商务住宅;住宅区;住宅小区,锦江区,104.077717,30.667964
忠烈祠东街68号院,residential,商务住宅;住宅区;住宅小区,锦江区,104.075294,30.666795
广电苑,residential,商务住宅;住宅区;住宅小区,锦江区,104.082808,30.664592
拐枣树街27号院,residential,商务住宅;住宅区;住宅小区,锦江区,104.077468,30.667984
拐枣树街37号院,residential,商务住宅;住宅区;住宅小区,锦江区,104.077808,30.668095
康庄街26号院,residential,商务住宅;住宅区;住宅小区,锦江区,104.077333,30.668013
康庄街28号院,residential,商务住宅;住宅区;住宅小区,锦江区,104.076926,30.667908
爵版街小区,residential,商务住宅;住宅区;住宅小区,锦江区,104.080518,30.661013
庆云社区,residential,商务住宅;住宅区;住宅小区,锦江区,104.082977,30.664803
玉沙路小区,residential,商务住宅;住宅区;住宅小区,锦江区,104.079429,30.66822
武成大街196号院,residential,商务住宅;住宅区;住宅小区,锦江区,104.082758,30.662798
爵版街23号院,residential,商务住宅;住宅区;住宅小区,锦江区,104.081765,30.661483
太升南路141号院,residential,商务住宅;住宅区;住宅小区,锦江区,104.075957,30.667891
红星路二段18号院,residential,商务住宅;住宅区;住宅小区,锦江区,104.078882,30.660245
爵版街18号院,residential,商务住宅;住宅区;住宅小区,锦江区,104.081495,30.661113
玉沙路143号院,residential,商务住宅;住宅区;住宅小区,青羊区,104.080878,30.66802
拐枣树街73号院,residential,商务住宅;住宅区;住宅小区,锦江区,104.078154,30.668565
运管局家属院,residential,商务住宅;住宅区;住宅小区,锦江区,104.077229,30.668549
爵版街15号院,residential,商务住宅;住宅区;住宅小区,锦江区,104.081735,30.661102
红星国际,residential,商务住宅;住宅区;住宅小区,锦江区,104.083494,30.663798
干槐树街8号院,residential,商务住宅;住宅区;住宅区,锦江区,104.082346,30.661601
书院街道惜字宫社区院,residential,商务住宅;住宅区;住宅小区,锦江区,104.082628,30.661912
福德街2号院,residential,商务住宅;住宅区;住宅小区,青羊区,104.080669,30.668441
干槐树街小区,residential,商务住宅;住宅区;住宅小区,锦江区,104.082376,30.6614
世纪太升,residential,商务住宅;住宅区;住宅区,青羊区,104.073685,30.666206
惜字宫南街79号院,residential,商务住宅;住宅区;住宅区,锦江区,104.082995,30.662041
红星路二段社区,residential,商务住宅;住宅区;住宅小区,锦江区,104.079619,30.659929
福德街6号院,residential,商务住宅;住宅区;住宅小区,青羊区,104.080781,30.668598
玉沙路163号院,residential,商务住宅;住宅区;住宅区,青羊区,104.079292,30.668975
泰丰佳寓,residential,商务住宅;住宅区;住宅小区,锦江区,104.081798,30.660604
玉沙路134号院,residential,商务住宅;住宅区;住宅小区,锦江区,104.077592,30.669144
穿巷子17号院,residential,商务住宅;住宅区;住宅小区,锦江区,104.08021,30.659788
育婴堂街18号院,residential,商务住宅;住宅区;住宅小区,青羊区,104.082413,30.667914
帘官公所街小区,residential,商务住宅;住宅区;住宅小区,青羊区,104.078821,30.669249
玉沙路175号院,residential,商务住宅;住宅区;住宅小区,青羊区,104.078238,30.669272
太升南路173号院,residential,商务住宅;住宅区;住宅区,锦江区,104.076459,30.66895
内姜街75号院,residential,商务住宅;住宅区;住宅小区,青羊区,104.073684,30.667046
书院西街75号院,residential,商务住宅;住宅区;住宅小区,锦江区,104.081903,30.660351
如是庵街1号院,residential,商务住宅;住宅区;住宅小区,锦江区,104.080773,30.659773
中国建设银行家属院,residential,商务住宅;住宅区;住宅小区,青羊区,104.075604,30.668812
天涯石社区(惜字宫南街),residential,商务住宅;住宅区;住宅小区,锦江区,104.083201,30.661213
穿巷子32号,residential,商务住宅;住宅区;住宅区,锦江区,104.080351,30.659473
童子街庭苑,residential,商务住宅;住宅区;住宅小区,青羊区,104.07414,30.668076
育婴堂街24号院,residential,商务住宅;住宅区;住宅小区,青羊区,104.082661,30.668206
福德街20号院,residential,商务住宅;住宅区;住宅小区,青羊区,104.081202,30.66913
育婴堂街26号院,residential,商务住宅;住宅区;住宅区,青羊区,104.082745,30.668338
北新街40号院,residential,商务住宅;住宅区;住宅小区,锦江区,104.074416,30.660263
天涯石西街47号大院,residential,商务住宅;住宅区;住宅小区,锦江区,104.083186,30.660771
育婴堂街28号院,residential,商务住宅;住宅区;住宅区,青羊区,104.082755,30.668388
新街后巷子11号院,residential,商务住宅;住宅区;住宅小区,锦江区,104.074799,30.659676
书院西街50号大院,residential,商务住宅;住宅区;住宅小区,锦江区,104.082487,30.659835
方正东街5号院,residential,商务住宅;住宅区;住宅小区,青羊区,104.083218,30.668517
北新街16号院,residential,商务住宅;住宅区;住宅小区,锦江区,104.07438,30.659762
方正东街58号院,residential,商务住宅;住宅区;住宅小区,青羊区,104.082486,30.669159
成都市职业技术学院家属区,residential,商务住宅;住宅区;住宅小区,锦江区,104.0829,30.659656
方正东街22号院,residential,商务住宅;住宅区;住宅小区,青羊区,104.083426,30.668761
方正东街28号院,residential,商务住宅;住宅区;住宅小区,青羊区,104.082885,30.669212
中新横街3号院,residential,商务住宅;住宅区;住宅小区,锦江区,104.074034,30.659427
长城锦苑,residential,商务住宅;住宅区;住宅小区,锦江区,104.088423,30.665172
三槐树路6号院,residential,商务住宅;住宅区;住宅小区,锦江区,104.086938,30.66434
福星苑,residential,商务住宅;住宅区;住宅小区,锦江区,104.088085,30.66296
中道街135号,residential,商务住宅;住宅区;住宅区,锦江区,104.087444,30.66295
东较场街2号院,residential,商务住宅;住宅区;住宅小区,锦江区,104.086391,30.664236
如是庵街小区,residential,商务住宅;住宅区;住宅小区,锦江区,104.087642,30.666037
广电局小区,residential,商务住宅;住宅区;住宅小区,锦江区,104.086473,30.664903
东安北路6号院,residential,商务住宅;住宅区;住宅小区,锦江区,104.08896,30.662611
中道街131号院,residential,商务住宅;住宅区;住宅小区,锦江区,104.087738,30.66265
秀舍天涯,residential,商务住宅;住宅区;住宅小区,锦江区,104.08719,30.662795
东校场街院,residential,商务住宅;住宅区;住宅区,锦江区,104.087462,30.666227
东较场街1号院,residential,商务住宅;住宅区;住宅区,锦江区,104.086123,30.664607
三槐树路5号院,residential,商务住宅;住宅区;住宅小区,锦江区,104.086595,30.665691
东较场街联合大院,residential,商务住宅;住宅区;住宅小区,锦江区,104.086052,30.664561
中道街88号院,residential,商务住宅;住宅区;住宅小区,锦江区,104.088157,30.662205
三槐树10号院,residential,商务住宅;住宅区;住宅小区,锦江区,104.086,30.664986
梅花庭园,residential,商务住宅;住宅区;住宅小区,锦江区,104.086278,30.663188
东较场街116号院,residential,商务住宅;住宅区;住宅小区,锦江区,104.087656,30.666549
中道街99号院,residential,商务住宅;住宅区;住宅小区,锦江区,104.087406,30.662265
城市博客VC时代,residential,商务住宅;住宅区;住宅小区,锦江区,104.086917,30.666345
五世同堂街44号,residential,商务住宅;住宅区;住宅小区,锦江区,104.086309,30.665842
四圣祠北街23号院,residential,商务住宅;住宅区;住宅小区,锦江区,104.085755,30.663727
紫薇苑(东安北路),residential,商务住宅;住宅区;住宅小区,锦江区,104.088823,30.661936
东安北左街37号院,residential,商务住宅;住宅区;住宅小区,锦江区,104.088488,30.661838
庆云北街48号大院,residential,商务住宅;住宅区;住宅小区,锦江区,104.085696,30.665201
落虹桥街六号院,residential,商务住宅;住宅区;住宅小区,锦江区,104.085522,30.664271
落虹桥街10号院,residential,商务住宅;住宅区;住宅小区,锦江区,104.085455,30.664254
东较场街73号院,residential,商务住宅;住宅区;住宅小区,锦江区,104.08716,30.666757
中道街52号院,residential,商务住宅;住宅区;住宅小区,锦江区,104.087751,30.661764
东安北左街41号院,residential,商务住宅;住宅区;住宅小区,锦江区,104.088536,30.661578
庆云北街32号院,residential,商务住宅;住宅区;住宅小区,锦江区,104.085255,30.66484
书院街社区,residential,商务住宅;住宅区;住宅小区,锦江区,104.086807,30.661934
城隍庙街24号院,residential,商务住宅;住宅区;住宅小区,锦江区,104.087384,30.667051
五世同堂街66号院,residential,商务住宅;住宅区;住宅小区,锦江区,104.086351,30.666595
富临花园(天祥街),residential,商务住宅;住宅区;住宅小区,成华区,104.090668,30.662063
庆云北街2号院,residential,商务住宅;住宅区;住宅小区,锦江区,104.084977,30.664362
城隍庙街48号院,residential,商务住宅;住宅区;住宅小区,锦江区,104.086969,30.667188
落虹桥1号,residential,商务住宅;住宅区;住宅小区,锦江区,104.085004,30.66358
五世同堂街1号院,residential,商务住宅;住宅区;住宅小区,锦江区,104.085501,30.66617
东安北左街23号院,residential,商务住宅;住宅区;住宅小区,锦江区,104.088287,30.661175
五世同堂街27号院,residential,商务住宅;住宅区;住宅小区,锦江区,104.085751,30.666586
中道街36号院,residential,商务住宅;住宅区;住宅小区,锦江区,104.08738,30.661291
五世同堂街72号院,residential,商务住宅;住宅区;住宅区,锦江区,104.086252,30.666977
东安北左街23号院,residential,商务住宅;住宅区;住宅小区,锦江区,104.088287,30.661175
五世同堂街27号院,residential,商务住宅;住宅区;住宅小区,锦江区,104.085751,30.666586
中道街36号院,residential,商务住宅;住宅区;住宅小区,锦江区,104.08738,30.661291
五世同堂街72号院,residential,商务住宅;住宅区;住宅区,锦江区,104.086252,30.666977
宜家Home,residential,商务住宅;住宅区;住宅小区,锦江区,104.088677,30.661131
五世同堂街27号院,residential,商务住宅;住宅区;住宅区,锦江区,104.085627,30.666518
东安北左街19号院,residential,商务住宅;住宅区;住宅小区,锦江区,104.08806,30.661023
大王·钰城2期,residential,商务住宅;住宅区;住宅区,锦江区,104.088051,30.667726
东新街6号大院,residential,商务住宅;住宅区;住宅小区,锦江区,104.084676,30.665215
天祥街99号小院,residential,商务住宅;住宅区;住宅小区,成华区,104.090427,30.661379
庆云北街21号大院,residential,商务住宅;住宅区;住宅小区,锦江区,104.084535,30.664802
大王·钰城,residential,商务住宅;住宅区;住宅小区,锦江区,104.087604,30.667763
东安北左街21号院,residential,商务住宅;住宅区;住宅小区,锦江区,104.088192,30.660932
天涯石社区(四圣祠北街),residential,商务住宅;住宅区;住宅小区,锦江区,104.085459,30.662008
四圣祠北街12号小区,residential,商务住宅;住宅区;住宅小区,锦江区,104.085222,30.66222
天祥街99号大院,residential,商务住宅;住宅区;住宅小区,成华区,104.09064,30.661332
天涯庭苑,residential,商务住宅;住宅区;住宅小区,锦江区,104.086387,30.661293
玉锦苑(中道街),residential,商务住宅;住宅区;住宅小区,锦江区,104.08747,30.66089
宏祥公寓,residential,商务住宅;住宅区;住宅小区,成华区,104.09135,30.66173
东新街2-6双号院,residential,商务住宅;住宅区;住宅区,锦江区,104.084378,30.665101
东新街4号院,residential,商务住宅;住宅区;住宅区,锦江区,104.084383,30.66512
五昭路小区,residential,商务住宅;住宅区;住宅小区,锦江区,104.08654,30.667615
三槐树路85号院,residential,商务住宅;住宅区;住宅小区,锦江区,104.084844,30.666265
三槐树路87号院,residential,商务住宅;住宅区;住宅小区,锦江区,104.084923,30.666386
东新街小区,residential,商务住宅;住宅区;住宅小区,锦江区,104.084513,30.665777
东新街2号大院,residential,商务住宅;住宅区;住宅小区,锦江区,104.084204,30.664713
蓝色港湾小区,residential,商务住宅;住宅区;住宅小区,成华区,104.090044,30.660781
玉皇观街1号院,residential,商务住宅;住宅区;住宅小区,锦江区,104.086428,30.667821
三槐树街93号院,residential,商务住宅;住宅区;住宅区,锦江区,104.084533,30.666246
东新街5号大院,residential,商务住宅;住宅区;住宅小区,锦江区,104.08428,30.665826
电信苑,residential,商务住宅;住宅区;住宅小区,成华区,104.092956,30.663617
大陆锦江华庭,residential,商务住宅;住宅区;住宅小区,锦江区,104.089994,30.668092
莱茵春天,residential,商务住宅;住宅区;住宅小区,锦江区,104.088144,30.660421
武成大街12号院,residential,商务住宅;住宅区;住宅区,锦江区,104.087694,30.660491
东新街1号院,residential,商务住宅;住宅区;住宅小区,锦江区,104.083867,30.664749
东方花园(北3门),residential,商务住宅;住宅区;住宅小区,成华区,104.091431,30.66125
五昭路9号院,residential,商务住宅;住宅区;住宅小区,锦江区,104.087162,30.668262
三槐树路91号院,residential,商务住宅;住宅区;住宅小区,锦江区,104.084393,30.666378
武成大街小区,residential,商务住宅;住宅区;住宅小区,锦江区,104.087942,30.660349
昭忠祠街18号院,residential,商务住宅;住宅区;住宅小区,锦江区,104.08854,30.668488
猛追湾南街19号大院,residential,商务住宅;住宅区;住宅小区,成华区,104.09332,30.663721
翰林苑私家菜,residential,商务住宅;住宅区;住宅小区,锦江区,104.083726,30.663398
昭忠祠街47号院,residential,商务住宅;住宅区;住宅小区,锦江区,104.087433,30.668498
双林路293号院,residential,商务住宅;住宅区;住宅小区,成华区,104.093063,30.662816
昭忠祠街20号院,residential,商务住宅;住宅区;住宅小区,锦江区,104.088209,30.668623
五昭路4号院,residential,商务住宅;住宅区;住宅小区,锦江区,104.086658,30.668341
昭忠寺社区,residential,商务住宅;住宅区;住宅小区,锦江区,104.083695,30.665468
上锦美地,residential,商务住宅;住宅区;住宅小区,锦江区,104.085794,30.668011
红星国际,residential,商务住宅;住宅区;住宅小区,锦江区,104.083494,30.663798
东方花园·蜀信实业,residential,商务住宅;住宅区;住宅区,成华区,104.090278,30.660322
祥和里小区十三号院,residential,商务住宅;住宅区;住宅区,成华区,104.091503,30.660847
昭忠祠街42号院(昭忠祠街50号院东南),residential,商务住宅;住宅区;住宅小区,锦江区,104.087886,30.668761
祥和苑(祥和里),residential,商务住宅;住宅区;住宅小区,成华区,104.091648,30.660845
祥和里229号院,residential,商务住宅;住宅区;住宅小区,成华区,104.092156,30.661237
紫薇名居,residential,商务住宅;住宅区;住宅小区,成华区,104.089428,30.659968
昭忠祠街67号院,residential,商务住宅;住宅区;住宅小区,锦江区,104.086686,30.668645
川报锦苑,residential,商务住宅;住宅区;住宅小区,锦江区,104.085574,30.660561
东方花园(天祥街),residential,商务住宅;住宅区;住宅小区,成华区,104.09088,30.660287
东较场街192号院,residential,商务住宅;住宅区;住宅小区,锦江区,104.089319,30.668954
昭忠祠街50号院,residential,商务住宅;住宅区;住宅小区,锦江区,104.087573,30.668978
天涯石东街8号大院,residential,商务住宅;住宅区;住宅小区,锦江区,104.086009,30.660225
园中苑(四圣祠南街),residential,商务住宅;住宅区;住宅小区,锦江区,104.084782,30.660942
思维源邸,residential,商务住宅;住宅区;住宅小区,锦江区,104.084144,30.661478
三洲佳润娇子苑,residential,商务住宅;住宅区;住宅小区,锦江区,104.087155,30.65974
昭忠祠街52号院,residential,商务住宅;住宅区;住宅小区,锦江区,104.087278,30.669077
红星路一段35号,residential,商务住宅;住宅区;住宅区,锦江区,104.084911,30.668084
武成大街113号院,residential,商务住宅;住宅区;住宅小区,锦江区,104.083585,30.661885
昭忠祠街71号院,residential,商务住宅;住宅区;住宅小区,锦江区,104.086258,30.668949
华民逸园,residential,商务住宅;住宅区;住宅小区,锦江区,104.084028,30.661092
金叶村,residential,商务住宅;住宅区;住宅小区,成华区,104.092954,30.660963
天涯社区,residential,商务住宅;住宅区;住宅小区,锦江区,104.086001,30.669098
祥和里12号院居民大院,residential,商务住宅;住宅区;住宅小区,成华区,104.092317,30.660304
新城俊园,residential,商务住宅;住宅区;住宅小区,成华区,104.091413,30.659622
红星路35号院,residential,商务住宅;住宅区;住宅小区,锦江区,104.085476,30.669215
华兴正街小区,residential,商务住宅;住宅区;住宅小区,青羊区,104.083604,30.668038
红星路一段88号,residential,商务住宅;住宅区;住宅区,青羊区,104.084617,30.668851
天涯南苑,residential,商务住宅;住宅区;住宅小区,锦江区,104.084248,30.660128
天涯石南街17号院,residential,商务住宅;住宅区;住宅小区,锦江区,104.084371,30.659844
祥和里五号院居民大院,residential,商务住宅;住宅区;住宅小区,成华区,104.09339,30.66045
祥和里小区11号院,residential,商务住宅;住宅区;住宅小区,成华区,104.09305,30.659973
天涯石南街36号大院,residential,商务住宅;住宅区;住宅小区,锦江区,104.084527,30.659481
新鸿苑,residential,商务住宅;住宅区;住宅小区,成华区,104.098952,30.66483
舒心苑(新鸿南二巷),residential,商务住宅;住宅区;住宅小区,成华区,104.097775,30.664127
航天苑,residential,商务住宅;住宅区;住宅小区,成华区,104.09819,30.663632
养心苑,residential,商务住宅;住宅区;住宅小区,成华区,104.097761,30.663895
静心苑(新鸿南二巷),residential,商务住宅;住宅区;住宅小区,成华区,104.097742,30.663649
成华大道新鸿路119号院,residential,商务住宅;住宅区;住宅小区,成华区,104.097829,30.665319
乐心苑(新鸿南二巷),residential,商务住宅;住宅区;住宅小区,成华区,104.097773,30.663426
一环路东二段48号院,residential,商务住宅;住宅区;住宅小区,成华区,104.098865,30.665479
一环路东二段82号小区1-2幢,residential,商务住宅;住宅区;住宅小区,成华区,104.098557,30.665748
顺心苑,residential,商务住宅;住宅区;住宅小区,成华区,104.09742,30.663318
怡心苑(新鸿南二巷),residential,商务住宅;住宅区;住宅小区,成华区,104.097706,30.663091
新鸿社区(西门),residential,商务住宅;住宅区;住宅小区,成华区,104.100131,30.662529
石油小区,residential,商务住宅;住宅区;住宅小区,成华区,104.096912,30.663918
千和苑,residential,商务住宅;住宅区;住宅小区,成华区,104.100209,30.664892
东街小区,residential,商务住宅;住宅区;住宅小区,成华区,104.09834,30.666103
一环路东二段96号院,residential,商务住宅;住宅区;住宅小区,成华区,104.098353,30.666216
菽香里社区,residential,商务住宅;住宅区;住宅小区,成华区,104.099941,30.665879
一环路东三段171号,residential,商务住宅;住宅区;住宅区,成华区,104.100107,30.662966
慧心苑(新鸿南一巷),residential,商务住宅;住宅区;住宅小区,成华区,104.096387,30.663308
建川梦追湾公馆,residential,商务住宅;住宅区;住宅小区,成华区,104.096848,30.662694
新鸿南一巷35号院,residential,商务住宅;住宅区;住宅区,成华区,104.09591,30.664171
宽心苑,residential,商务住宅;住宅区;住宅小区,成华区,104.095873,30.664214
建华南巷4号院,residential,商务住宅;住宅区;住宅小区,成华区,104.097819,30.662174
成都建材院有限公司小区,residential,商务住宅;住宅区;住宅小区,成华区,104.096013,30.665255
同心苑(建华南巷),residential,商务住宅;住宅区;住宅小区,成华区,104.098056,30.662074
新潮苑,residential,商务住宅;住宅区;住宅小区,成华区,104.101177,30.665128
菽香里二巷小区,residential,商务住宅;住宅区;住宅小区,成华区,104.100343,30.666254
开心苑,residential,商务住宅;住宅区;住宅小区,成华区,104.095555,30.664141
建华南巷7号院,residential,商务住宅;住宅区;住宅小区,成华区,104.097869,30.661836
爱心苑,residential,商务住宅;住宅区;住宅小区,成华区,104.095225,30.664235
齐心苑(新鸿路),residential,商务住宅;住宅区;住宅小区,成华区,104.09514,30.663943
猛追湾东街社区,residential,商务住宅;住宅区;住宅小区,成华区,104.096573,30.666801
一环路东二段15号院,residential,商务住宅;住宅区;住宅区,成华区,104.099906,30.667057
新鸿社区,residential,商务住宅;住宅区;住宅小区,成华区,104.101477,30.66285
培华社区,residential,商务住宅;住宅区;住宅小区,成华区,104.100243,30.666941
菽香里14、16、18号院,residential,商务住宅;住宅区;住宅区,成华区,104.101648,30.665666
平心苑,residential,商务住宅;住宅区;住宅小区,成华区,104.098482,30.661368
成华大道新鸿路35号院,residential,商务住宅;住宅区;住宅小区,成华区,104.095046,30.665148
建华社区双林巷9号院,residential,商务住宅;住宅区;住宅小区,成华区,104.097502,30.661438
聚心苑,residential,商务住宅;住宅区;住宅小区,成华区,104.094985,30.663484
一环路东二段140号院,residential,商务住宅;住宅区;住宅小区,成华区,104.098408,30.667593
1环路东3段136号院,residential,商务住宅;住宅区;住宅小区,成华区,104.098521,30.66115
建华南巷1号院,residential,商务住宅;住宅区;住宅区,成华区,104.098467,30.661153
建华社区双林巷7号院,residential,商务住宅;住宅区;住宅小区,成华区,104.097285,30.661203
新鸿社区107号大院,residential,商务住宅;住宅区;住宅小区,成华区,104.099839,30.661085
关家公寓,residential,商务住宅;住宅区;住宅小区,成华区,104.099403,30.667821
双心苑,residential,商务住宅;住宅区;住宅小区,成华区,104.097087,30.660974
猛追湾东街4号院,residential,商务住宅;住宅区;住宅小区,成华区,104.097529,30.667421
一环路东二段140号院,residential,商务住宅;住宅区;住宅小区,成华区,104.098408,30.667593
菽香里一巷18号院,residential,商务住宅;住宅区;住宅小区,成华区,104.102153,30.665014
1环路东3段136号院,residential,商务住宅;住宅区;住宅小区,成华区,104.098521,30.66115
建华南巷1号院,residential,商务住宅;住宅区;住宅区,成华区,104.098467,30.661153
菽香里一巷26号院,residential,商务住宅;住宅区;住宅小区,成华区,104.101886,30.665844
菽香里一巷20号院,residential,商务住宅;住宅区;住宅小区,成华区,104.102238,30.665185
建华社区双林巷7号院,residential,商务住宅;住宅区;住宅小区,成华区,104.097285,30.661203
菽香里一巷22号院,residential,商务住宅;住宅区;住宅小区,成华区,104.1022,30.665381
菽香里一巷24号院,residential,商务住宅;住宅区;住宅小区,成华区,104.102123,30.665603
猛追湾东街2号院,residential,商务住宅;住宅区;住宅小区,成华区,104.09775,30.667699
猛追湾街189号院,residential,商务住宅;住宅区;住宅小区,成华区,104.094551,30.665227
新鸿社区107号大院,residential,商务住宅;住宅区;住宅小区,成华区,104.099839,30.661085
关家公寓,residential,商务住宅;住宅区;住宅小区,成华区,104.099403,30.667821
双心苑,residential,商务住宅;住宅区;住宅小区,成华区,104.097087,30.660974
金城小区,residential,商务住宅;住宅区;住宅小区,成华区,104.09792,30.660713
和谐家园,residential,商务住宅;住宅区;住宅小区,成华区,104.102689,30.665048
建华社区双林巷五号院,residential,商务住宅;住宅区;住宅区,成华区,104.097219,30.660874
建华社区双林巷3号院,residential,商务住宅;住宅区;住宅区,成华区,104.097107,30.660885
猛追湾街95号院,residential,商务住宅;住宅区;住宅小区,成华区,104.095623,30.667143
一环路东三段99号附8号,residential,商务住宅;住宅区;住宅区,成华区,104.098944,30.6607
建华社区双林巷1号院,residential,商务住宅;住宅区;住宅小区,成华区,104.09706,30.660827
悦心苑(双林巷),residential,商务住宅;住宅区;住宅小区,成华区,104.097364,30.6607
菽香里一巷3号,residential,商务住宅;住宅区;住宅区,成华区,104.102893,30.664731
菽香苑,residential,商务住宅;住宅区;住宅小区,成华区,104.102929,30.665211
菽香里一巷小区,residential,商务住宅;住宅区;住宅小区,成华区,104.102938,30.665307
双林路265号院,residential,商务住宅;住宅区;住宅小区,成华区,104.093969,30.663126
城市博客C城,residential,商务住宅;住宅区;住宅小区,成华区,104.103227,30.663462
景泰(猛追湾街),residential,商务住宅;住宅区;住宅小区,成华区,104.094922,30.667272
城市博客第二季(C城),residential,商务住宅;住宅区;住宅区,成华区,104.103389,30.663717
教师苑(培华西路),residential,商务住宅;住宅区;住宅小区,成华区,104.099778,30.668583
云星锦城,residential,商务住宅;住宅区;住宅区,成华区,104.095569,30.660775
猛追湾街60号院,residential,商务住宅;住宅区;住宅区,成华区,104.094848,30.667475
双林路101号院,residential,商务住宅;住宅区;住宅小区,成华区,104.099382,30.659973
猛追小区,residential,商务住宅;住宅区;住宅小区,成华区,104.094828,30.667602
金桂苑(猛追湾东街),residential,商务住宅;住宅区;住宅小区,成华区,104.096314,30.668556
南苑(培华西路),residential,商务住宅;住宅区;住宅小区,成华区,104.1017,30.668168
双林路251号院,residential,商务住宅;住宅区;住宅区,成华区,104.093839,30.661867
棕榈苑,residential,商务住宅;住宅区;住宅小区,成华区,104.096625,30.668866
新鸿社区342号院,residential,商务住宅;住宅区;住宅区,成华区,104.103408,30.661829
新鸿2区,residential,商务住宅;住宅区;住宅区,成华区,104.103338,30.66164
双林北支路471号院,residential,商务住宅;住宅区;住宅小区,成华区,104.102712,30.660889
金竹苑,residential,商务住宅;住宅区;住宅小区,成华区,104.097159,30.669289
双林路332号院,residential,商务住宅;住宅区;住宅小区,成华区,104.093912,30.66078
祥和里45号居民大院,residential,商务住宅;住宅区;住宅小区,成华区,104.095752,30.65958
景馨园,residential,商务住宅;住宅区;住宅小区,成华区,104.094464,30.668494
祥和里87号居民大院,residential,商务住宅;住宅区;住宅小区,成华区,104.095043,30.659643
祥和里123号居民大院,residential,商务住宅;住宅区;住宅小区,成华区,104.094194,30.660064
新鸿路12号院,residential,商务住宅;住宅区;住宅小区,成华区,104.109066,30.663744
小龙桥,residential,商务住宅;住宅区;住宅区,成华区,104.108908,30.663272
盛茗苑,residential,商务住宅;住宅区;住宅小区,成华区,104.106767,30.663723
光明馨苑西区,residential,商务住宅;住宅区;住宅小区,成华区,104.106825,30.665328
电力家属院,residential,商务住宅;住宅区;住宅小区,成华区,104.107818,30.662722
新鸿路38号院,residential,商务住宅;住宅区;住宅小区,成华区,104.107107,30.662897
新龙苑,residential,商务住宅;住宅区;住宅小区,成华区,104.108924,30.662344
新鸿南支路4号院,residential,商务住宅;住宅区;住宅小区,成华区,104.106561,30.662826
恒大豪庭,residential,商务住宅;住宅区;住宅小区,成华区,104.110788,30.662607
杉板桥社区,residential,商务住宅;住宅区;住宅小区,成华区,104.111728,30.664632
成华大道杉板桥路2号院,residential,商务住宅;住宅区;住宅小区,成华区,104.111899,30.664555
锦绣天地,residential,商务住宅;住宅区;住宅区,成华区,104.108419,30.661417
二环路东三段2号院,residential,商务住宅;住宅区;住宅小区,成华区,104.112037,30.663911
和信·融锦云湾,residential,商务住宅;住宅区;住宅区,成华区,104.109301,30.667407
中海·新华府,residential,商务住宅;住宅区;住宅小区,成华区,104.109491,30.661384
新鸿南支路5号院,residential,商务住宅;住宅区;住宅小区,成华区,104.105573,30.66233
供电局家属院,residential,商务住宅;住宅区;住宅小区,成华区,104.105551,30.662291
新龙苑西区,residential,商务住宅;住宅区;住宅小区,成华区,104.104506,30.6635
馨地居,residential,商务住宅;住宅区;住宅小区,成华区,104.106012,30.661362
光明馨苑东区,residential,商务住宅;住宅区;住宅小区,成华区,104.108201,30.668157
海棠名居,residential,商务住宅;住宅区;住宅小区,成华区,104.113092,30.664458
恒大景帝(建设中),residential,商务住宅;住宅区;住宅小区,成华区,104.11118,30.661144
中建新华府,residential,商务住宅;住宅区;住宅区,成华区,104.108413,30.660399
欣苑(建设南新路),residential,商务住宅;住宅区;住宅小区,成华区,104.104414,30.666382
新华佳园,residential,商务住宅;住宅区;住宅小区,成华区,104.104358,30.662167
建设南新路7号院,residential,商务住宅;住宅区;住宅区,成华区,104.103728,30.665647
新华社区北区,residential,商务住宅;住宅区;住宅区,成华区,104.105178,30.661088
保利东方中心,residential,商务住宅;住宅区;住宅区,成华区,104.113219,30.666828
新鸿1区,residential,商务住宅;住宅区;住宅区,成华区,104.104164,30.660433
红光小区(培华东路),residential,商务住宅;住宅区;住宅小区,成华区,104.103871,30.668583
二环路东三段10号,residential,商务住宅;住宅区;住宅区,成华区,104.112912,30.659646
十号院,residential,商务住宅;住宅区;住宅小区,成华区,104.113295,30.659509
跳蹬河北路小区,residential,商务住宅;住宅区;住宅小区,成华区,104.118205,30.664846
沙河锦庭(跳蹬河北路),residential,商务住宅;住宅区;住宅小区,成华区,104.116787,30.665248
榜样,residential,商务住宅;住宅区;住宅小区,成华区,104.117766,30.666259
锦绣社区86号院,residential,商务住宅;住宅区;住宅小区,成华区,104.116925,30.66607
锦绣东方(东秀一路),residential,商务住宅;住宅区;住宅小区,成华区,104.116949,30.66262
汇厦·沙河锦庭,residential,商务住宅;住宅区;住宅小区,成华区,104.115474,30.665907
锦绣东方2期,residential,商务住宅;住宅区;住宅小区,成华区,104.114788,30.663786
成都热电厂生活区,residential,商务住宅;住宅区;住宅小区,成华区,104.121032,30.660954
万科金色乐府,residential,商务住宅;住宅区;住宅小区,成华区,104.118987,30.668588
保利·康桥,residential,商务住宅;住宅区;住宅小区,成华区,104.115185,30.667948
九龙仓·御园,residential,商务住宅;住宅区;住宅小区,成华区,104.114031,30.661582
九龙仓·御园北区,residential,商务住宅;住宅区;住宅小区,成华区,104.1138,30.661908
阳光舜苑(成华大道二段),residential,商务住宅;住宅区;住宅小区,成华区,104.130807,30.662916
上霖东方,residential,商务住宅;住宅区;住宅小区,成华区,104.129886,30.662637
大东展售楼处,residential,商务住宅;住宅区;住宅小区,成华区,104.131403,30.663631
蓝光东方天地,residential,商务住宅;住宅区;住宅小区,成华区,104.126587,30.663246
安逸园,residential,商务住宅;住宅区;住宅小区,成华区,104.133269,30.667716
云水苑(中环路崔家店路段),residential,商务住宅;住宅区;住宅小区,成华区,104.131549,30.666854
华都云景台(建设中),residential,商务住宅;住宅区;住宅小区,成华区,104.128303,30.663681
U+尚舍,residential,商务住宅;住宅区;住宅小区,成华区,104.131822,30.662941
中粮锦云,residential,商务住宅;住宅区;住宅小区,成华区,104.125133,30.665008
跳蹬河社区,residential,商务住宅;住宅区;住宅小区,成华区,104.12651,30.668974
天空城,residential,商务住宅;住宅区;住宅小区,成华区,104.134167,30.665365
华西花园,residential,商务住宅;住宅区;住宅小区,成华区,104.140296,30.668331
舜和家园,residential,商务住宅;住宅区;住宅小区,成华区,104.143372,30.665708
四川省省建二公司生活区,residential,商务住宅;住宅区;住宅小区,成华区,104.139199,30.668498
舜和家园西区,residential,商务住宅;住宅区;住宅小区,成华区,104.142992,30.665859
舜和家园A区,residential,商务住宅;住宅区;住宅区,成华区,104.142906,30.665788
舜和家园东区,residential,商务住宅;住宅区;住宅小区,成华区,104.143796,30.665321
东方·惠城B区,residential,商务住宅;住宅区;住宅小区,成华区,104.148163,30.659691
和悦庭院B区,residential,商务住宅;住宅区;住宅小区,成华区,104.144839,30.659857
舜惠家园,residential,商务住宅;住宅区;住宅小区,成华区,104.144065,30.666866
半边街新居,residential,商务住宅;住宅区;住宅小区,武侯区,103.967066,30.6504
正成星光大道,residential,商务住宅;住宅区;住宅区,武侯区,103.973775,30.657156
半边街新居东区,residential,商务住宅;住宅区;住宅区,武侯区,103.967571,30.650997
半边街新居A区,residential,商务住宅;住宅区;住宅区,武侯区,103.966239,30.649782
半边街新居西区,residential,商务住宅;住宅区;住宅区,武侯区,103.966547,30.650184
花木林,residential,商务住宅;住宅区;住宅小区,武侯区,103.980671,30.653665
富邑华庭,residential,商务住宅;住宅区;住宅小区,武侯区,103.976961,30.649916
星悦领地,residential,商务住宅;住宅区;住宅小区,武侯区,103.981809,30.650387
美丽庭院,residential,商务住宅;住宅区;住宅小区,武侯区,103.975944,30.659369
鑫盛苑,residential,商务住宅;住宅区;住宅小区,武侯区,103.978758,30.658273
机投桥社区,residential,商务住宅;住宅区;住宅小区,武侯区,103.980961,30.650622
嘉楠美地,residential,商务住宅;住宅区;住宅小区,武侯区,103.975041,30.650315
金阳不夜,residential,商务住宅;住宅区;住宅小区,武侯区,103.983107,30.653853
星语双城1期,residential,商务住宅;住宅区;住宅小区,武侯区,103.974836,30.654375
上水花苑,residential,商务住宅;住宅区;住宅区,武侯区,103.977079,30.659069
星语双城2期,residential,商务住宅;住宅区;住宅区,武侯区,103.975813,30.654002
星语双城东区,residential,商务住宅;住宅区;住宅小区,武侯区,103.976174,30.654298
星语双城西区,residential,商务住宅;住宅区;住宅小区,武侯区,103.974932,30.654252
富邑华庭1期,residential,商务住宅;住宅区;住宅小区,武侯区,103.977439,30.64999
好园小区,residential,商务住宅;住宅区;住宅小区,武侯区,103.978486,30.65124
星语双城,residential,商务住宅;住宅区;住宅小区,武侯区,103.974896,30.654352
喜宇天宇住宅区,residential,商务住宅;住宅区;住宅小区,武侯区,103.989716,30.654134
中央花园跃层洋楼精装版2区,residential,商务住宅;住宅区;住宅小区,武侯区,103.989842,30.655327
花香庭园,residential,商务住宅;住宅区;住宅小区,武侯区,103.987337,30.654831
清水苑,residential,商务住宅;住宅区;住宅小区,武侯区,103.988321,30.656465
唐庄,residential,商务住宅;住宅区;住宅小区,武侯区,103.990612,30.652083
中央花园3期,residential,商务住宅;住宅区;住宅小区,武侯区,103.991908,30.653108
龙湖·金楠时光,residential,商务住宅;住宅区;住宅小区,武侯区,103.990648,30.651971
万福苑A区,residential,商务住宅;住宅区;住宅小区,武侯区,103.984597,30.654378
沙竹苑,residential,商务住宅;住宅区;住宅小区,武侯区,103.993099,30.654863
晋阳路518号院,residential,商务住宅;住宅区;住宅区,武侯区,103.986523,30.651151
香楠阳光,residential,商务住宅;住宅区;住宅小区,武侯区,103.986577,30.651097
清荷苑(万寿桥南路),residential,商务住宅;住宅区;住宅小区,武侯区,103.990305,30.658519
龙湖·金楠星座,residential,商务住宅;住宅区;住宅小区,武侯区,103.991523,30.650961
万福二路59号院,residential,商务住宅;住宅区;住宅区,武侯区,103.984381,30.652325
万福苑B区,residential,商务住宅;住宅区;住宅小区,武侯区,103.984188,30.652037
杏外庭院,residential,商务住宅;住宅区;住宅区,武侯区,103.984918,30.651039
龙湖金楠天街-枫香庭,residential,商务住宅;住宅区;住宅区,武侯区,103.991899,30.650301
晋阳路190号院,residential,商务住宅;住宅区;住宅小区,武侯区,103.998246,30.653936
橄榄苑3期,residential,商务住宅;住宅区;住宅小区,武侯区,103.99827,30.655242
东方职工家属院,residential,商务住宅;住宅区;住宅小区,武侯区,103.999184,30.653713
五大花园,residential,商务住宅;住宅区;住宅小区|住宿服务;宾馆酒店;宾馆酒店,武侯区,104.000013,30.654871
葡萄派S21轰趴别墅,residential,商务住宅;住宅区;住宅区,武侯区,103.999494,30.655515
富盛家园小区,residential,商务住宅;住宅区;住宅小区,武侯区,103.999317,30.653379
金钻小区,residential,商务住宅;住宅区;住宅小区,武侯区,104.000307,30.654735
名流花园,residential,商务住宅;住宅区;住宅小区,武侯区,104.000303,30.655872
互盛佳苑,residential,商务住宅;住宅区;住宅小区,武侯区,103.999826,30.652879
颐和雅居,residential,商务住宅;住宅区;住宅小区,武侯区,103.996428,30.654448
亿通新天地(沙堰西二街),residential,商务住宅;住宅区;住宅小区,武侯区,103.999526,30.656394
晋源彩庭·博派,residential,商务住宅;住宅区;住宅小区,武侯区,103.999279,30.656824
亿通新天地,residential,商务住宅;住宅区;住宅小区,武侯区,104.00009,30.656609
西郡香林,residential,商务住宅;住宅区;住宅小区,武侯区,103.997581,30.652265
星辰花园,residential,商务住宅;住宅区;住宅小区,武侯区,103.995969,30.653311
晋阳银座,residential,商务住宅;住宅区;住宅小区,武侯区,103.998622,30.657335
西城锦绣,residential,商务住宅;住宅区;住宅小区,武侯区,104.002036,30.655122
晋源·彩庭,residential,商务住宅;住宅区;住宅小区,武侯区,103.999342,30.657454
中央花园精1区,residential,商务住宅;住宅区;住宅小区,武侯区,103.994605,30.653983
中央花园2期,residential,商务住宅;住宅区;住宅小区,武侯区,103.995737,30.657189
双景秀庭,residential,商务住宅;住宅区;住宅小区,武侯区,104.002526,30.652938
会所·花园,residential,商务住宅;住宅区;住宅小区,武侯区,103.998865,30.65086
会所·金澜苑(晋康街),residential,商务住宅;住宅区;住宅小区,武侯区,103.9978,30.650807
中央花园,residential,商务住宅;住宅区;住宅小区,武侯区,103.999473,30.658438
中央1期,residential,商务住宅;住宅区;住宅区,武侯区,103.999031,30.658507
金钻2期,residential,商务住宅;住宅区;住宅小区,武侯区,104.001883,30.651504
解甲园,residential,商务住宅;住宅区;住宅小区,武侯区,104.002228,30.657469
武大花园,residential,商务住宅;住宅区;住宅区,武侯区,103.999011,30.658778
瑞泰锦城,residential,商务住宅;住宅区;住宅小区,武侯区,103.996206,30.650845
交大花园,residential,商务住宅;住宅区;住宅小区,武侯区,103.998055,30.659019
海天阁,residential,商务住宅;住宅区;住宅小区,武侯区,104.001069,30.658679
会所·金澜苑,residential,商务住宅;住宅区;住宅小区,武侯区,103.999263,30.649782
中央花园一期二组团栀香苑,residential,商务住宅;住宅区;住宅小区,武侯区,104.000224,30.659407
红运花园,residential,商务住宅;住宅区;住宅小区,武侯区,104.003689,30.65176
红运花园馨苑,residential,商务住宅;住宅区;住宅小区,武侯区,104.002449,30.650294
晋阳社区,residential,商务住宅;住宅区;住宅小区,武侯区,104.003201,30.649945
丽景华庭2期,residential,商务住宅;住宅区;住宅小区,武侯区,104.008167,30.653838
炎华置信花间集,residential,商务住宅;住宅区;住宅小区,武侯区,104.009755,30.655392
龙华北路9号院,residential,商务住宅;住宅区;住宅小区,武侯区,104.010452,30.653558
龙安街2号院,residential,商务住宅;住宅区;住宅小区,武侯区,104.009658,30.652842
龙安街10号大院,residential,商务住宅;住宅区;住宅小区,武侯区,104.00715,30.652875
龙湾生活广场,residential,商务住宅;住宅区;住宅小区,武侯区,104.011035,30.652607
绿城花园(龙安街),residential,商务住宅;住宅区;住宅小区,武侯区,104.007335,30.651973
加怡名城,residential,商务住宅;住宅区;住宅小区,武侯区,104.011847,30.655283
鑫盛白兰地,residential,商务住宅;住宅区;住宅小区,武侯区,104.011894,30.653857
金林俊景,residential,商务住宅;住宅区;住宅小区,武侯区,104.005481,30.653309
西藏花园,residential,商务住宅;住宅区;住宅小区,武侯区,104.010092,30.651422
泊景湾,residential,商务住宅;住宅区;住宅小区,武侯区,104.012088,30.656591
成都花园,residential,商务住宅;住宅区;住宅小区,青羊区,104.009365,30.658187
龙华阳光,residential,商务住宅;住宅区;住宅小区,武侯区,104.012526,30.652804
正基·城市主场,residential,商务住宅;住宅区;住宅小区,武侯区,104.005555,30.651947
龙锦花园,residential,商务住宅;住宅区;住宅小区,武侯区,104.007092,30.650969
龙腾苑(龙腾中路),residential,商务住宅;住宅区;住宅小区,武侯区,104.013096,30.655438
丽景华庭1期,residential,商务住宅;住宅区;住宅小区,武侯区,104.013325,30.653787
水润缇香,residential,商务住宅;住宅区;住宅小区,武侯区,104.003927,30.654939
龙腾小区,residential,商务住宅;住宅区;住宅小区,武侯区,104.013234,30.655974
红运花园1期,residential,商务住宅;住宅区;住宅区,武侯区,104.003814,30.653669
青羊大道3号,residential,商务住宅;住宅区;住宅小区,青羊区,104.00492,30.657738
嘉瑞苑华美居,residential,商务住宅;住宅区;住宅小区,武侯区,104.012582,30.651366
美丽星,residential,商务住宅;住宅区;住宅小区,武侯区,104.010171,30.650078
润锦城,residential,商务住宅;住宅区;住宅小区,青羊区,104.004825,30.658219
中海·龙湾半岛龙园,residential,商务住宅;住宅区;住宅小区,武侯区,104.013155,30.657862
喜丽佳园,residential,商务住宅;住宅区;住宅小区,武侯区,104.017931,30.653821
双楠所有阳光,residential,商务住宅;住宅区;住宅小区,武侯区,104.01883,30.653174
华馨名屋,residential,商务住宅;住宅区;住宅小区,武侯区,104.017081,30.653427
爱丁堡(天乐街),residential,商务住宅;住宅区;住宅小区,武侯区,104.01746,30.652397
杜甫花园,residential,商务住宅;住宅区;住宅小区,武侯区,104.017193,30.656794
二环路西一段106号院,residential,商务住宅;住宅区;住宅小区,武侯区,104.020782,30.652601
浣花小区(二环路西一段),residential,商务住宅;住宅区;住宅小区,青羊区,104.020645,30.656715
lucas假日别墅轰趴,residential,商务住宅;住宅区;住宅区,武侯区,104.017173,30.657077
紫藤花园南苑(北门),residential,通行设施;临街院门;临街院正门|商务住宅;住宅区;住宅小区,武侯区,104.023557,30.651916
二环路西一段55号院,residential,商务住宅;住宅区;住宅小区,武侯区,104.0188,30.651589
四川省文化公寓,residential,商务住宅;住宅区;住宅小区,武侯区,104.020444,30.651784
远鸿·方程式,residential,商务住宅;住宅区;住宅小区,武侯区,104.018678,30.651245
众和西景,residential,商务住宅;住宅区;住宅小区,武侯区,104.014935,30.653726
中海·常春藤花园,residential,商务住宅;住宅区;住宅小区,武侯区,104.014985,30.655551
康河郦景,residential,商务住宅;住宅区;住宅小区,武侯区,104.022156,30.652975
怡馨花园(二环路西一段),residential,商务住宅;住宅区;住宅小区,青羊区,104.018811,30.657903
兰苑雅居,residential,商务住宅;住宅区;住宅小区,武侯区,104.015311,30.652669
嘉瑞苑,residential,商务住宅;住宅区;住宅小区,武侯区,104.01693,30.651261
众合西景,residential,商务住宅;住宅区;住宅小区,武侯区,104.014295,30.653798
康河郦景3期,residential,商务住宅;住宅区;住宅区,武侯区,104.021558,30.6516
双楠谊苑2期2区,residential,商务住宅;住宅区;住宅小区,武侯区,104.020461,30.650911
禾嘉花园,residential,商务住宅;住宅区;住宅小区,青羊区,104.023227,30.654521
楠逸苑,residential,商务住宅;住宅区;住宅小区,武侯区,104.014292,30.652704
康河郦景Ⅲ,residential,商务住宅;住宅区;住宅小区,武侯区,104.022242,30.651552
中海·龙湾半岛紫园,residential,商务住宅;住宅区;住宅小区,武侯区,104.014861,30.657291
大华情融苑,residential,商务住宅;住宅区;住宅小区,武侯区,104.014828,30.651329
置信花园思华苑,residential,商务住宅;住宅区;住宅小区,武侯区,104.018701,30.649914
时代空间,residential,商务住宅;住宅区;住宅小区,武侯区,104.020355,30.649863
中海·龙湾半岛,residential,商务住宅;住宅区;住宅小区,武侯区,104.015078,30.658693
双楠谊苑2期,residential,商务住宅;住宅区;住宅小区,武侯区,104.021647,30.649582
双楠街道少陵社区,residential,商务住宅;住宅区;住宅小区,武侯区,104.022837,30.649672
四川省医学科学院·四川省人民医院草堂病区家属院,residential,商务住宅;住宅区;住宅小区,青羊区,104.027646,30.654263
中盛商务公寓,residential,商务住宅;住宅区;住宅小区,青羊区,104.026915,30.655426
泰庄花园,residential,商务住宅;住宅区;住宅小区,武侯区,104.02893,30.652825
百花教师苑,residential,商务住宅;住宅区;住宅小区,青羊区,104.030479,30.654018
浣花溪山庄,residential,商务住宅;住宅区;住宅小区,青羊区,104.027719,30.656
浣花苑,residential,商务住宅;住宅区;住宅小区,青羊区,104.031184,30.653994
永乐苑(百花西街),residential,商务住宅;住宅区;住宅小区,武侯区,104.030262,30.652705
少陵社区,residential,商务住宅;住宅区;住宅小区,武侯区,104.027759,30.65227
百花西街4号院,residential,商务住宅;住宅区;住宅区,武侯区,104.0303,30.6526
浣花居,residential,商务住宅;住宅区;住宅小区,青羊区,104.031377,30.655046
浣花溪小区,residential,商务住宅;住宅区;住宅小区,青羊区,104.031302,30.653569
百花福园,residential,商务住宅;住宅区;住宅小区,武侯区,104.030943,30.65287
少陵东街25号院,residential,商务住宅;住宅区;住宅小区,武侯区,104.02701,30.652192
浣锦滨河路296号院,residential,商务住宅;住宅区;住宅区,青羊区,104.028771,30.657193
雅然居,residential,商务住宅;住宅区;住宅小区,武侯区,104.025822,30.653129
少陵横街34号院,residential,商务住宅;住宅区;住宅小区,武侯区,104.029035,30.651737
百花西街1号院,residential,商务住宅;住宅区;住宅小区,武侯区,104.030667,30.652316
百花正街46号院,residential,商务住宅;住宅区;住宅小区,武侯区,104.031568,30.653043
科联街9号院,residential,商务住宅;住宅区;住宅区,青羊区,104.031969,30.655179
科联街5号院,residential,商务住宅;住宅区;住宅小区,青羊区,104.032087,30.654501
百花丽都园,residential,商务住宅;住宅区;住宅小区,武侯区,104.025837,30.652639
百花正街44号院,residential,商务住宅;住宅区;住宅小区,武侯区,104.031655,30.652829
柏仕晶舍,residential,商务住宅;住宅区;住宅小区,青羊区,104.025019,30.653887
少陵横街1号院,residential,商务住宅;住宅区;住宅小区,武侯区,104.029566,30.651318
龙景花园,residential,商务住宅;住宅区;住宅小区,青羊区,104.032191,30.655694
金地花园,residential,商务住宅;住宅区;住宅小区,武侯区,104.027822,30.651185
京川教师苑,residential,商务住宅;住宅区;住宅小区,武侯区,104.031031,30.651795
大石西路20号院,residential,商务住宅;住宅区;住宅小区,青羊区,104.032425,30.653627
时尚星座,residential,商务住宅;住宅区;住宅小区,武侯区,104.032257,30.652987
百花公寓(双元街),residential,商务住宅;住宅区;住宅小区,武侯区,104.030477,30.651403
流水山庄,residential,商务住宅;住宅区;住宅小区,青羊区,104.027205,30.657806
锦宏纳米爱邸,residential,商务住宅;住宅区;住宅小区,武侯区,104.025997,30.65173
思源苑,residential,商务住宅;住宅区;住宅小区,武侯区,104.032238,30.652594
百花正街42号院,residential,商务住宅;住宅区;住宅小区,武侯区,104.032238,30.652595
新空间花园,residential,商务住宅;住宅区;住宅小区,武侯区,104.024865,30.652694
百吉街社区,residential,商务住宅;住宅区;住宅小区,武侯区,104.032288,30.652417
白湖印象,residential,商务住宅;住宅区;住宅小区,青羊区,104.031963,30.656917
新景观1期,residential,商务住宅;住宅区;住宅区,武侯区,104.025312,30.651983
成都市第一农业科学研究所家属院,residential,商务住宅;住宅区;住宅小区,青羊区,104.031713,30.657213
新景观1期,residential,商务住宅;住宅区;住宅区,武侯区,104.025312,30.651983
成都市第一农业科学研究所家属院,residential,商务住宅;住宅区;住宅小区,青羊区,104.031713,30.657213
金地花园西区,residential,商务住宅;住宅区;住宅小区,武侯区,104.026688,30.65084
银杏春天花园,residential,商务住宅;住宅区;住宅区,青羊区,104.032513,30.656718
新景观,residential,商务住宅;住宅区;住宅小区,武侯区,104.025195,30.651597
和谐苑(大石西一街),residential,商务住宅;住宅区;住宅小区,武侯区,104.032824,30.652459
浣花滨河路53号院,residential,商务住宅;住宅区;住宅区,青羊区,104.024168,30.656215
新景观南区,residential,商务住宅;住宅区;住宅小区,武侯区,104.024846,30.651743
百吉街23号院,residential,商务住宅;住宅区;住宅区,武侯区,104.032808,30.652082
紫藤花园,residential,商务住宅;住宅区;住宅小区,武侯区,104.023967,30.652713
大石西路83号院,residential,商务住宅;住宅区;住宅小区,武侯区,104.033363,30.652967
紫藤花园-北苑,residential,商务住宅;住宅区;住宅区,武侯区,104.024041,30.652246
浣花小区(浣花南路),residential,商务住宅;住宅区;住宅小区,青羊区,104.029835,30.65892
森桦苑,residential,商务住宅;住宅区;住宅小区,武侯区,104.02508,30.651047
浣锦滨河路186号2栋,residential,商务住宅;住宅区;住宅区,青羊区,104.030265,30.658896
芙蓉苑(百花东街),residential,商务住宅;住宅区;住宅小区,武侯区,104.033242,30.651721
百花新居,residential,商务住宅;住宅区;住宅小区,武侯区,104.0324,30.650849
戎居苑,residential,商务住宅;住宅区;住宅小区,武侯区,104.028155,30.649607
雷剑公寓,residential,商务住宅;住宅区;住宅小区,武侯区,104.028937,30.649585
百花南街4号院,residential,商务住宅;住宅区;住宅小区,武侯区,104.032627,30.650969
紫藤花园南苑,residential,商务住宅;住宅区;住宅小区,武侯区,104.023961,30.651585
黄华楼,residential,商务住宅;住宅区;住宅区,武侯区,104.031434,30.649916
菊园,residential,商务住宅;住宅区;住宅小区,武侯区,104.026819,30.649623
燃灯寺西北街36号院,residential,商务住宅;住宅区;住宅小区,武侯区,104.030943,30.649674
爱家特区,residential,商务住宅;住宅区;住宅小区,武侯区,104.023808,30.651218
菊乐路151号院,residential,商务住宅;住宅区;住宅小区,武侯区,104.032156,30.649985
百花紫荆苑,residential,商务住宅;住宅区;住宅小区,武侯区,104.031837,30.6496
蜀馨苑A区,residential,商务住宅;住宅区;住宅小区,武侯区,104.025268,30.649642
锦里苑,residential,商务住宅;住宅区;住宅小区,青羊区,104.033123,30.658696
流水浣花苑,residential,商务住宅;住宅区;住宅小区,青羊区,104.032663,30.659398
恒昌永乐园,residential,商务住宅;住宅区;住宅小区,武侯区,104.032632,30.649493
双和苑,residential,商务住宅;住宅区;住宅小区,武侯区,104.023873,30.649932
零壹上品,residential,商务住宅;住宅区;住宅区,青羊区,104.038904,30.654389
连心苑(一环路西一段),residential,商务住宅;住宅区;住宅小区,青羊区,104.038957,30.654972
省社科院家属院,residential,商务住宅;住宅区;住宅小区,青羊区,104.038832,30.655333
成都飞机设计研究所C2住宅小区,residential,商务住宅;住宅区;住宅小区,武侯区,104.040078,30.653924
百花苑(一环路西一段),residential,商务住宅;住宅区;住宅小区,青羊区,104.039867,30.655176
一环路西一段65号院,residential,商务住宅;住宅区;住宅小区,武侯区,104.039274,30.652605
大石西路5号院,residential,商务住宅;住宅区;住宅区,青羊区,104.036419,30.653737
大石西一街2号院,residential,商务住宅;住宅区;住宅小区,武侯区,104.037356,30.652585
大石西路7号,residential,商务住宅;住宅区;住宅小区,武侯区,104.036151,30.653608
一环路西一段167号院,residential,商务住宅;住宅区;住宅小区,青羊区,104.039235,30.656725
大石东路5号院,residential,商务住宅;住宅区;住宅小区,青羊区,104.041418,30.654495
颐景园(百花巷),residential,商务住宅;住宅区;住宅小区,青羊区,104.037424,30.65678
燃灯寺社区,residential,商务住宅;住宅区;住宅小区,武侯区,104.040956,30.652947
桂园(百花巷),residential,商务住宅;住宅区;住宅小区,青羊区,104.036231,30.656127
一环路西一段67号,residential,商务住宅;住宅区;住宅区,武侯区,104.04057,30.652452
天朗·锦邸,residential,商务住宅;住宅区;住宅小区,武侯区,104.038925,30.651512
名景园,residential,商务住宅;住宅区;住宅小区,青羊区,104.035156,30.654136
云天小区,residential,商务住宅;住宅区;住宅小区,武侯区,104.035647,30.652879
大石东路9号院,residential,商务住宅;住宅区;住宅小区,青羊区,104.041946,30.655076
大石西路3号院,residential,商务住宅;住宅区;住宅区,武侯区,104.036405,30.652136
草堂空间,residential,商务住宅;住宅区;住宅小区,青羊区,104.03751,30.657313
一环路西一段31号小区,residential,商务住宅;住宅区;住宅小区,武侯区,104.038872,30.651382
百兴苑,residential,商务住宅;住宅区;住宅小区,青羊区,104.039861,30.657355
百花东路小区,residential,商务住宅;住宅区;住宅小区,青羊区,104.041295,30.656524
百卉路11号院,residential,商务住宅;住宅区;住宅小区,青羊区,104.034902,30.655171
大石东路7号院,residential,商务住宅;住宅区;住宅小区,青羊区,104.042377,30.654497
百花芳郡,residential,商务住宅;住宅区;住宅小区,青羊区,104.039179,30.657804
怡园(怀贤路),residential,商务住宅;住宅区;住宅小区,武侯区,104.040803,30.651451
德惠公寓,residential,商务住宅;住宅区;住宅小区,青羊区,104.042332,30.656265
一环路西一段27号院,residential,商务住宅;住宅区;住宅小区,武侯区,104.038969,30.650611
百花西路9号院,residential,商务住宅;住宅区;住宅小区,青羊区,104.036619,30.65815
百花芳邻(芳邻路),residential,商务住宅;住宅区;住宅小区,青羊区,104.039945,30.658485
百花西路15号院,residential,商务住宅;住宅区;住宅小区,青羊区,104.036045,30.65806
恒宾园,residential,商务住宅;住宅区;住宅小区,青羊区,104.033707,30.654051
百花雅园,residential,商务住宅;住宅区;住宅小区,青羊区,104.037927,30.658766
百卉路19号,residential,商务住宅;住宅区;住宅小区,青羊区,104.033605,30.655114
龙洲花园,residential,商务住宅;住宅区;住宅小区,青羊区,104.037132,30.658628
百花小区(大石南路),residential,商务住宅;住宅区;住宅小区,武侯区,104.034234,30.651757
春天花园(百卉路),residential,商务住宅;住宅区;住宅小区,青羊区,104.03387,30.656753
浣花庭园,residential,商务住宅;住宅区;住宅小区,青羊区,104.035062,30.658087
六月花苑,residential,商务住宅;住宅区;住宅小区,青羊区,104.034588,30.657701
清漪苑,residential,商务住宅;住宅区;住宅小区,青羊区,104.036747,30.658978
浣花丽水,residential,商务住宅;住宅区;住宅小区,青羊区,104.036388,30.659006
香月楠岸,residential,商务住宅;住宅区;住宅小区,武侯区,104.038257,30.649478
百花西路25号院,residential,商务住宅;住宅区;住宅小区,青羊区,104.035113,30.658643
百乐佳苑,residential,商务住宅;住宅区;住宅小区,武侯区,104.035989,30.649666
菊乐路180号院,residential,商务住宅;住宅区;住宅小区,武侯区,104.034353,30.65024
百花森苑,residential,商务住宅;住宅区;住宅小区,武侯区,104.033908,30.650388
锦江时代花园,residential,商务住宅;住宅区;住宅小区,青羊区,104.048431,30.655006
大石东路17号附2号院,residential,商务住宅;住宅区;住宅小区,青羊区,104.047442,30.654524
锦里西路113号院,residential,商务住宅;住宅区;住宅小区,青羊区,104.047471,30.655021
大石东路17号附2(1栋),residential,商务住宅;住宅区;住宅区,青羊区,104.047528,30.655162
锦里西路32号院,residential,商务住宅;住宅区;住宅小区,青羊区,104.048142,30.655721
锦里西路115号院,residential,商务住宅;住宅区;住宅小区,青羊区,104.047281,30.655332
彩虹花园,residential,商务住宅;住宅区;住宅小区,武侯区,104.049937,30.653639
锦里百花公寓,residential,商务住宅;住宅区;住宅小区,青羊区,104.047402,30.655464
大石东路12号附1(1栋),residential,商务住宅;住宅区;住宅区,青羊区,104.046814,30.654682
大石东路17号附1号院,residential,商务住宅;住宅区;住宅小区,青羊区,104.046534,30.654511
锦里西路66号院,residential,商务住宅;住宅区;住宅小区,青羊区,104.04717,30.65583
大石东路12号附1(3栋),residential,商务住宅;住宅区;住宅区,青羊区,104.046262,30.654606
富华新起点,residential,商务住宅;住宅区;住宅小区,青羊区,104.05077,30.655145
现代城,residential,商务住宅;住宅区;住宅小区,青羊区,104.046358,30.655448
冠城花园,residential,商务住宅;住宅区;住宅小区,青羊区,104.049265,30.656815
锦里西路68号院,residential,商务住宅;住宅区;住宅小区,青羊区,104.04638,30.656107
南河公寓(南浦中路),residential,商务住宅;住宅区;住宅小区,武侯区,104.051205,30.652847
旭和·倾城2期,residential,商务住宅;住宅区;住宅小区,青羊区,104.051174,30.656198
锦里西路70号院,residential,商务住宅;住宅区;住宅小区,青羊区,104.045753,30.656306
锦里西路111号院,residential,商务住宅;住宅区;住宅小区,青羊区,104.045353,30.655863
旭和倾城,residential,商务住宅;住宅区;住宅小区,青羊区,104.05139,30.656356
文庙公寓,residential,商务住宅;住宅区;住宅小区,青羊区,104.051721,30.65605
旭和倾城1期,residential,商务住宅;住宅区;住宅小区,青羊区,104.05022,30.657279
春江阁,residential,商务住宅;住宅区;住宅小区,青羊区,104.044734,30.65539
锦江公寓(锦里中路),residential,商务住宅;住宅区;住宅小区,青羊区,104.052671,30.654413
长城社区,residential,商务住宅;住宅区;住宅小区,青羊区,104.047784,30.657984
成都飞机设计研究所生活区,residential,商务住宅;住宅区;住宅小区,武侯区,104.044527,30.653185
南城塘坎街1号院,residential,商务住宅;住宅区;住宅小区,青羊区,104.052854,30.654266
成都飞机设计研究所B1住宅小区,residential,商务住宅;住宅区;住宅小区,武侯区,104.045028,30.651885
文庙西街39号院,residential,商务住宅;住宅区;住宅小区,青羊区,104.052807,30.655344
锦里西路127号院,residential,商务住宅;住宅区;住宅小区,青羊区,104.044717,30.656515
武侯祠大街89号院,residential,商务住宅;住宅区;住宅小区,武侯区,104.044095,30.653716
锦水雅居,residential,商务住宅;住宅区;住宅小区,青羊区,104.044359,30.656082
文翁华府,residential,商务住宅;住宅区;住宅小区,青羊区,104.052542,30.656622
文翁社区院落,residential,商务住宅;住宅区;住宅区,青羊区,104.053134,30.655489
文庙西街31号院,residential,商务住宅;住宅区;住宅小区,青羊区,104.053286,30.655322
西府少城,residential,商务住宅;住宅区;住宅小区,青羊区,104.04968,30.658545
上汪家拐街20号院,residential,商务住宅;住宅区;住宅小区,青羊区,104.053175,30.656432
汇厦少城琴台府,residential,商务住宅;住宅区;住宅小区,青羊区,104.048744,30.65897
锦里西路76号院,residential,商务住宅;住宅区;住宅小区,青羊区,104.044563,30.657395
武侯南苑(倒桑树街),residential,商务住宅;住宅区;住宅小区,武侯区,104.052127,30.650993
上汪家拐街18号院,residential,商务住宅;住宅区;住宅小区,青羊区,104.053485,30.656214
78号观邸,residential,商务住宅;住宅区;住宅小区,青羊区,104.045226,30.658131
长城园,residential,商务住宅;住宅区;住宅小区,青羊区,104.051378,30.658562
78号观邸3期,residential,商务住宅;住宅区;住宅区,青羊区,104.044408,30.657652
倒桑树街小区,residential,商务住宅;住宅区;住宅小区,武侯区,104.052895,30.650963
君平街89号院,residential,商务住宅;住宅区;住宅小区,青羊区,104.053291,30.657558
一江城花,residential,商务住宅;住宅区;住宅小区,武侯区,104.052791,30.650689
南河苑(通祠路),residential,商务住宅;住宅区;住宅小区,武侯区,104.052105,30.649697
君平街127号院,residential,商务住宅;住宅区;住宅小区,青羊区,104.053485,30.658402
通祠路小区,residential,商务住宅;住宅区;住宅小区,武侯区,104.053344,30.650072
孟家巷11号院,residential,商务住宅;住宅区;住宅小区,青羊区,104.05878,30.653859
孟家巷5号院,residential,商务住宅;住宅区;住宅小区,青羊区,104.05867,30.653708
孟家巷6号院,residential,商务住宅;住宅区;住宅小区,青羊区,104.059001,30.653692
孟家巷9号院,residential,商务住宅;住宅区;住宅小区,青羊区,104.058552,30.653563
孟家巷1号院,residential,商务住宅;住宅区;住宅小区,青羊区,104.058474,30.653438
孟家巷2号院,residential,商务住宅;住宅区;住宅小区,青羊区,104.05878,30.653345
孟家巷10号院,residential,商务住宅;住宅区;住宅小区,青羊区,104.058257,30.653211
金盾路35号院,residential,商务住宅;住宅区;住宅小区,青羊区,104.05854,30.65573
青羊区汪家拐街道文庙社区,residential,商务住宅;住宅区;住宅小区,青羊区,104.058157,30.655848
孟家巷7号院,residential,商务住宅;住宅区;住宅小区,青羊区,104.058096,30.652974
长富花园,residential,商务住宅;住宅区;住宅小区,青羊区,104.0603,30.654154
孟家巷4号院,residential,商务住宅;住宅区;住宅小区,青羊区,104.058364,30.652774
金盾路7号院,residential,商务住宅;住宅区;住宅小区,青羊区,104.060332,30.655041
文庙前街小区,residential,商务住宅;住宅区;住宅小区,青羊区,104.057564,30.652764
中南大街58号院,residential,商务住宅;住宅区;住宅小区,青羊区,104.059703,30.652665
供销公司大院,residential,商务住宅;住宅区;住宅小区,青羊区,104.060168,30.656016
忠孝巷8号院,residential,商务住宅;住宅区;住宅小区,青羊区,104.060277,30.656199
釜山国际城市公馆,residential,商务住宅;住宅区;住宅小区,青羊区,104.05742,30.652215
金盾路50号院,residential,商务住宅;住宅区;住宅小区,青羊区,104.060877,30.655738
南灯巷2号院,residential,商务住宅;住宅区;住宅小区,青羊区,104.06108,30.655586
陕西街143号院,residential,商务住宅;住宅区;住宅小区,青羊区,104.059653,30.656787
忠孝巷6号院,residential,商务住宅;住宅区;住宅小区,青羊区,104.060259,30.656523
陕西街188号院,residential,商务住宅;住宅区;住宅小区,青羊区,104.058895,30.65704
石室巷5号院,residential,商务住宅;住宅区;住宅小区,青羊区,104.056111,30.656052
青羊区汪家拐街道文翁社区,residential,商务住宅;住宅区;住宅小区,青羊区,104.055412,30.653904
上池正街40号院,residential,商务住宅;住宅区;住宅小区,青羊区,104.056502,30.652251
忠孝巷4号院,residential,商务住宅;住宅区;住宅小区,青羊区,104.060429,30.656726
忠孝巷3号院,residential,商务住宅;住宅区;住宅小区,青羊区,104.060707,30.656549
忠孝巷1号院,residential,商务住宅;住宅区;住宅小区,青羊区,104.060721,30.656609
陕西街214号院,residential,商务住宅;住宅区;住宅小区,青羊区,104.057764,30.657255
陕西路130号院,residential,商务住宅;住宅区;住宅区,青羊区,104.059447,30.657249
上池北街11号院,residential,商务住宅;住宅区;住宅区,青羊区,104.057657,30.651382
陕西街226号院,residential,商务住宅;住宅区;住宅小区,青羊区,104.057294,30.657375
陕西街108号院,residential,商务住宅;住宅区;住宅小区,青羊区,104.059768,30.65741
陕西街266号院,residential,商务住宅;住宅区;住宅小区,青羊区,104.056592,30.657222
锦宏丽景花园,residential,商务住宅;住宅区;住宅小区,青羊区,104.055255,30.652757
文翁路182号院,residential,商务住宅;住宅区;住宅小区,青羊区,104.058562,30.657766
忠孝巷1号院,residential,商务住宅;住宅区;住宅小区,青羊区,104.060721,30.656609
文庙前街92号院,residential,商务住宅;住宅区;住宅小区,青羊区,104.055193,30.653956
陕西街214号院,residential,商务住宅;住宅区;住宅小区,青羊区,104.057764,30.657255
陕西路130号院,residential,商务住宅;住宅区;住宅区,青羊区,104.059447,30.657249
上池北街11号院,residential,商务住宅;住宅区;住宅区,青羊区,104.057657,30.651382
陕西街226号院,residential,商务住宅;住宅区;住宅小区,青羊区,104.057294,30.657375
陕西街108号院,residential,商务住宅;住宅区;住宅小区,青羊区,104.059768,30.65741
陕西街266号院,residential,商务住宅;住宅区;住宅小区,青羊区,104.056592,30.657222
锦宏丽景花园,residential,商务住宅;住宅区;住宅小区,青羊区,104.055255,30.652757
文庙西街2号院,residential,商务住宅;住宅区;住宅小区,青羊区,104.054687,30.654847
文翁路182号院,residential,商务住宅;住宅区;住宅小区,青羊区,104.058562,30.657766
上池正街39号院,residential,商务住宅;住宅区;住宅小区,青羊区,104.055914,30.651789
半边桥南街42号院,residential,商务住宅;住宅区;住宅小区,青羊区,104.057647,30.657794
文庙前街94号院,residential,商务住宅;住宅区;住宅小区,青羊区,104.054361,30.654231
文庙社区,residential,商务住宅;住宅区;住宅小区,青羊区,104.058912,30.658011
半边桥南街35号院,residential,商务住宅;住宅区;住宅小区,青羊区,104.057055,30.657857
文庙西街1号院,residential,商务住宅;住宅区;住宅小区,青羊区,104.05417,30.654622
丽舍滨江,residential,商务住宅;住宅区;住宅小区,青羊区,104.05551,30.651675
上池正街82号院,residential,商务住宅;住宅区;住宅小区,青羊区,104.054764,30.652487
世代锦江,residential,商务住宅;住宅区;住宅小区,锦江区,104.059914,30.650688
文庙西街6号院,residential,商务住宅;住宅区;住宅小区,青羊区,104.054205,30.655178
陕西街34号院,residential,商务住宅;住宅区;住宅小区,青羊区,104.061464,30.657327
戏剧研究院小区,residential,商务住宅;住宅区;住宅小区,青羊区,104.055159,30.657016
上池正街93号院,residential,商务住宅;住宅区;住宅小区,青羊区,104.054457,30.652682
西御街65号院,residential,商务住宅;住宅区;住宅区,青羊区,104.059501,30.658248
文庙西街7号院,residential,商务住宅;住宅区;住宅小区,青羊区,104.053909,30.654595
上池正街108号院,residential,商务住宅;住宅区;住宅小区,青羊区,104.054091,30.653061
陕西街30号院,residential,商务住宅;住宅区;住宅小区,青羊区,104.062065,30.657157
西御街31号院,residential,商务住宅;住宅区;住宅小区,青羊区,104.060122,30.658307
文庙西街13号院,residential,商务住宅;住宅区;住宅小区,青羊区,104.053719,30.654693
上池正街110号院,residential,商务住宅;住宅区;住宅小区,青羊区,104.053893,30.653176
南城塘坎街38号院,residential,商务住宅;住宅区;住宅小区,青羊区,104.053708,30.653867
上池正街112号院,residential,商务住宅;住宅区;住宅小区,青羊区,104.053637,30.653469
国嘉华庭,residential,商务住宅;住宅区;住宅小区,青羊区,104.056263,30.650412
上汪家拐街34号院,residential,商务住宅;住宅区;住宅小区,青羊区,104.054248,30.656971
机电公司小区,residential,商务住宅;住宅区;住宅小区,锦江区,104.068494,30.65391
弘邦领邸,residential,商务住宅;住宅区;住宅小区,锦江区,104.069082,30.654468
公平巷23号院,residential,商务住宅;住宅区;住宅小区,锦江区,104.069251,30.653888
碧云苑,residential,商务住宅;住宅区;住宅区,锦江区,104.069605,30.654354
静学苑,residential,商务住宅;住宅区;住宅小区,锦江区,104.069593,30.654919
信德·阳光365,residential,商务住宅;住宅区;住宅小区,锦江区,104.069253,30.653305
新半边街小区,residential,商务住宅;住宅区;住宅小区,锦江区,104.069942,30.653954
西丁字街20号院,residential,商务住宅;住宅区;住宅小区,锦江区,104.066929,30.653574
蜀学园,residential,商务住宅;住宅区;住宅小区,锦江区,104.070199,30.655287
学之苑,residential,商务住宅;住宅区;住宅小区,锦江区,104.070527,30.654618
文苑(新半边街),residential,商务住宅;住宅区;住宅小区,锦江区,104.070511,30.653757
三合苑,residential,商务住宅;住宅区;住宅小区,锦江区,104.067139,30.652853
学道街93号院,residential,商务住宅;住宅区;住宅小区,锦江区,104.07051,30.655259
锦地苑,residential,商务住宅;住宅区;住宅小区,锦江区,104.070416,30.653339
锦兴路小区,residential,商务住宅;住宅区;住宅小区,锦江区,104.069642,30.652685
向荣苑,residential,商务住宅;住宅区;住宅小区,锦江区,104.069704,30.652708
学道街64号院,residential,商务住宅;住宅区;住宅小区,锦江区,104.070326,30.655731
古卧龙桥街12号院,residential,商务住宅;住宅区;住宅小区,锦江区,104.069085,30.656463
新锦江巧筑,residential,商务住宅;住宅区;住宅区,锦江区,104.066078,30.65482
开园,residential,商务住宅;住宅区;住宅小区,锦江区,104.066809,30.65281
静园,residential,商务住宅;住宅区;住宅区,锦江区,104.07087,30.653725
新光华街11号附1号院,residential,商务住宅;住宅区;住宅小区,锦江区,104.066251,30.655379
向荣桥街16号院,residential,商务住宅;住宅区;住宅区,锦江区,104.069981,30.652626
科技苑(老半边街),residential,商务住宅;住宅区;住宅小区,锦江区,104.070962,30.653812
电信公寓(新半边街),residential,商务住宅;住宅区;住宅小区,锦江区,104.070693,30.653235
景苑(新半边街),residential,商务住宅;住宅区;住宅小区,锦江区,104.070918,30.653422
学道街44号院,residential,商务住宅;住宅区;住宅小区,锦江区,104.070909,30.655378
学道街76号院,residential,商务住宅;住宅区;住宅小区,锦江区,104.070397,30.656158
新光华街11号附3号院,residential,商务住宅;住宅区;住宅小区,锦江区,104.066253,30.655832
新光华街11号院,residential,商务住宅;住宅区;住宅区,锦江区,104.066118,30.655671
新光华街11号附2号院,residential,商务住宅;住宅区;住宅小区,锦江区,104.066094,30.65566
和谐苑(横丁字街),residential,商务住宅;住宅区;住宅小区,锦江区,104.06866,30.651935
西丁字街3号院,residential,商务住宅;住宅区;住宅小区,锦江区,104.065927,30.653295
万兴苑(新半边街),residential,商务住宅;住宅区;住宅小区,锦江区,104.07101,30.653067
万兴苑(新半边街),residential,商务住宅;住宅区;住宅小区,锦江区,104.07101,30.653067
和庆苑,residential,商务住宅;住宅区;住宅小区,锦江区,104.068615,30.651789
和畅苑,residential,商务住宅;住宅区;住宅小区,锦江区,104.068778,30.651783
和睦苑南区,residential,商务住宅;住宅区;住宅小区,锦江区,104.069348,30.651807
指挥街70号院,residential,商务住宅;住宅区;住宅小区,锦江区,104.065834,30.652905
叠翠城,residential,商务住宅;住宅区;住宅小区,锦江区,104.067239,30.651856
光华街49号院,residential,商务住宅;住宅区;住宅小区,锦江区,104.065836,30.655928
盐市口公寓,residential,商务住宅;住宅区;住宅小区,锦江区,104.066114,30.656264
指挥街99号院,residential,商务住宅;住宅区;住宅小区,锦江区,104.065374,30.653661
学道街28号院,residential,商务住宅;住宅区;住宅小区,锦江区,104.071784,30.654839
青石桥北街35号院,residential,商务住宅;住宅区;住宅小区,锦江区,104.070029,30.656934
昆仑华庭,residential,商务住宅;住宅区;住宅小区,锦江区,104.070887,30.652362
昆仑华庭2期,residential,商务住宅;住宅区;住宅区,锦江区,104.07103,30.652489
东大街上东大街90号小区,residential,商务住宅;住宅区;住宅小区,锦江区,104.069565,30.65713
川报苑,residential,商务住宅;住宅区;住宅区,锦江区,104.065589,30.652971
锦江明珠国际公寓,residential,商务住宅;住宅区;住宅小区,锦江区,104.068188,30.651392
新泓苑,residential,商务住宅;住宅区;住宅小区,锦江区,104.066634,30.651792
学道街社区光华街大院,residential,商务住宅;住宅区;住宅小区,锦江区,104.065834,30.656435
四川省化工厅住宅,residential,商务住宅;住宅区;住宅小区,锦江区,104.065379,30.652372
靓碧天苑,residential,商务住宅;住宅区;住宅小区,锦江区,104.070719,30.651916
督院府邸,residential,商务住宅;住宅区;住宅小区,锦江区,104.071957,30.653241
吉祥里,residential,商务住宅;住宅区;住宅小区,锦江区,104.065094,30.653196
泰华公寓(东大街上东大街段),residential,商务住宅;住宅区;住宅小区,锦江区,104.069763,30.65739
梨花街1号院,residential,商务住宅;住宅区;住宅小区,锦江区,104.065845,30.656804
东府街12号院,residential,商务住宅;住宅区;住宅小区,锦江区,104.069624,30.651214
东府街21号院,residential,商务住宅;住宅区;住宅小区,锦江区,104.069486,30.651008
南府街50号院,residential,商务住宅;住宅区;住宅小区,锦江区,104.067292,30.651064
秋实苑,residential,商务住宅;住宅区;住宅小区,锦江区,104.072286,30.653052
馨苑(光大巷),residential,商务住宅;住宅区;住宅小区,锦江区,104.071998,30.652473
龙园,residential,商务住宅;住宅区;住宅小区,锦江区,104.06947,30.65087
西龙须巷6号,residential,商务住宅;住宅区;住宅区,锦江区,104.072359,30.652974
长风苑,residential,商务住宅;住宅区;住宅小区,锦江区,104.067962,30.650786
蓝光·皇后国际,residential,商务住宅;住宅区;住宅小区,锦江区,104.070248,30.651077
和睦苑,residential,商务住宅;住宅区;住宅小区,锦江区,104.072712,30.654888
走马街小区,residential,商务住宅;住宅区;住宅小区,锦江区,104.072747,30.654842
采菊苑(西龙须巷),residential,商务住宅;住宅区;住宅小区,锦江区,104.072496,30.652785
春华苑,residential,商务住宅;住宅区;住宅小区,锦江区,104.072566,30.652942
和睦苑北区,residential,商务住宅;住宅区;住宅小区,锦江区,104.07295,30.654694
督院街小区,residential,商务住宅;住宅区;住宅小区,锦江区,104.072867,30.653611
南府街27号院,residential,商务住宅;住宅区;住宅小区,锦江区,104.068668,30.650562
指挥街36号院,residential,商务住宅;住宅区;住宅小区,锦江区,104.064778,30.652253
东府小区,residential,商务住宅;住宅区;住宅小区,锦江区,104.069381,30.650593
指挥街34号院,residential,商务住宅;住宅区;住宅小区,锦江区,104.064764,30.65223
皇城公寓,residential,商务住宅;住宅区;住宅小区,锦江区,104.064741,30.656544
春熙village综合体,residential,商务住宅;住宅区;住宅区,锦江区,104.069781,30.658144
翠苑,residential,商务住宅;住宅区;住宅小区,锦江区,104.064848,30.651898
恬苑,residential,商务住宅;住宅区;住宅小区,锦江区,104.070898,30.650896
人南路社区,residential,商务住宅;住宅区;住宅小区,锦江区,104.066757,30.650573
沁苑(中莲池横街),residential,商务住宅;住宅区;住宅小区,锦江区,104.070898,30.650751
指挥街24号院,residential,商务住宅;住宅区;住宅小区,锦江区,104.064583,30.651929
鑫苑(红星路四段),residential,商务住宅;住宅区;住宅小区,锦江区,104.072864,30.652396
颐苑,residential,商务住宅;住宅区;住宅小区,锦江区,104.070579,30.650516
总府路社区(南新街),residential,商务住宅;住宅区;住宅小区,锦江区,104.071592,30.657766
静居,residential,商务住宅;住宅区;住宅小区,锦江区,104.070952,30.650525
康华苑公寓,residential,商务住宅;住宅区;住宅小区,锦江区,104.073305,30.652228
梨花街38号院,residential,商务住宅;住宅区;住宅小区,锦江区,104.064419,30.657505
Club雕墅,residential,商务住宅;住宅区;住宅小区,锦江区,104.071796,30.650347
滨江中路1号院,residential,商务住宅;住宅区;住宅小区,锦江区,104.070874,30.649603
中新街60号院,residential,商务住宅;住宅区;住宅小区,锦江区,104.073332,30.658806
王家坝街23号院,residential,商务住宅;住宅区;住宅小区,锦江区,104.073454,30.649888
中新街小区,residential,商务住宅;住宅区;住宅小区,锦江区,104.073466,30.65898
南纱帽街31号院,residential,商务住宅;住宅区;住宅小区,锦江区,104.078035,30.654674
南糠市街48号大院,residential,商务住宅;住宅区;住宅小区,锦江区,104.08012,30.65401
三圣街58号院,residential,商务住宅;住宅区;住宅小区,锦江区,104.077966,30.652729
东大街下东大街段8号院,residential,商务住宅;住宅区;住宅小区,锦江区,104.076574,30.653844
东馨苑,residential,商务住宅;住宅区;住宅小区,锦江区,104.07699,30.652581
东糠市街3号小区,residential,商务住宅;住宅区;住宅小区,锦江区,104.080956,30.653571
三圣街38号院,residential,商务住宅;住宅区;住宅小区,锦江区,104.077672,30.652161
油篓街35号院,residential,商务住宅;住宅区;住宅区,锦江区,104.080784,30.653002
锦升苑,residential,商务住宅;住宅区;住宅小区,锦江区,104.076188,30.652839
义学巷23号院,residential,商务住宅;住宅区;住宅小区,锦江区,104.07827,30.651657
春喜公寓,residential,商务住宅;住宅区;住宅小区,锦江区,104.07651,30.656577
义学仁家,residential,商务住宅;住宅区;住宅小区,锦江区,104.078216,30.651568
三圣街2号院,residential,商务住宅;住宅区;住宅小区,锦江区,104.077384,30.651731
恒大·都汇华庭,residential,商务住宅;住宅区;住宅小区,锦江区,104.079085,30.651538
镋钯街74号院,residential,商务住宅;住宅区;住宅小区,锦江区,104.078024,30.651499
东升街小区,residential,商务住宅;住宅区;住宅小区,锦江区,104.07612,30.6523
红石柱横街10号院,residential,商务住宅;住宅区;住宅小区,锦江区,104.077491,30.651505
华置·都汇华庭,residential,商务住宅;住宅区;住宅小区,锦江区,104.079665,30.651509
红布正街11号院,residential,商务住宅;住宅区;住宅小区,锦江区,104.080102,30.651655
红星路四段253号院,residential,商务住宅;住宅区;住宅小区,锦江区,104.075253,30.653076
红布正街9号院(华置·都汇华庭东),residential,商务住宅;住宅区;住宅小区,锦江区,104.080126,30.651555
东升苑,residential,商务住宅;住宅区;住宅小区,锦江区,104.075854,30.652078
红石柱横街9号院,residential,商务住宅;住宅区;住宅小区,锦江区,104.0772,30.651302
利都广场,residential,商务住宅;住宅区;住宅区,锦江区,104.076791,30.657384
红石柱横街27号院,residential,商务住宅;住宅区;住宅小区,锦江区,104.077034,30.651253
磨房街40号院,residential,商务住宅;住宅区;住宅区,锦江区,104.080109,30.651273
红布正街9号院(华置·都汇华庭东),residential,商务住宅;住宅区;住宅小区,锦江区,104.080126,30.651555
东升苑,residential,商务住宅;住宅区;住宅小区,锦江区,104.075854,30.652078
红石柱横街9号院,residential,商务住宅;住宅区;住宅小区,锦江区,104.0772,30.651302
利都广场,residential,商务住宅;住宅区;住宅区,锦江区,104.076791,30.657384
红石柱横街27号院,residential,商务住宅;住宅区;住宅小区,锦江区,104.077034,30.651253
磨房街40号院,residential,商务住宅;住宅区;住宅区,锦江区,104.080109,30.651273
镋钯街77号院(红石柱横街),residential,商务住宅;住宅区;住宅小区,锦江区,104.077456,30.651032
磨房街30号院,residential,商务住宅;住宅区;住宅小区,锦江区,104.079976,30.651079
镋钯街75号居民大院,residential,商务住宅;住宅区;住宅小区,锦江区,104.077828,30.650863
龙王庙正街90号院,residential,商务住宅;住宅区;住宅小区,锦江区,104.075426,30.651925
香桂苑,residential,商务住宅;住宅区;住宅小区,锦江区,104.075086,30.652234
大慈寺社区,residential,商务住宅;住宅区;住宅小区,锦江区,104.082818,30.654964
玉成街14号院,residential,商务住宅;住宅区;住宅小区,锦江区,104.082538,30.655828
龙王庙正街122号院,residential,商务住宅;住宅区;住宅小区,锦江区,104.074916,30.652152
红石柱正街46号院,residential,商务住宅;住宅区;住宅小区,锦江区,104.077489,30.650663
磨房街20号院,residential,商务住宅;住宅区;住宅小区,锦江区,104.07958,30.650665
镋钯街37号院,residential,商务住宅;住宅区;住宅小区,锦江区,104.078575,30.650517
红石柱正街42号院,residential,商务住宅;住宅区;住宅小区,锦江区,104.077285,30.650608
可园,residential,商务住宅;住宅区;住宅小区,锦江区,104.083167,30.654341
东顺城南街小区,residential,商务住宅;住宅区;住宅小区,锦江区,104.083108,30.655018
东海花园(东顺城南街),residential,商务住宅;住宅区;住宅小区,锦江区,104.08299,30.655699
SOHO我的寓所,residential,商务住宅;住宅区;住宅小区,锦江区,104.082797,30.652671
龙王庙南街16号院,residential,商务住宅;住宅区;住宅小区,锦江区,104.074655,30.65198
九龙仓,residential,商务住宅;住宅区;住宅区,锦江区,104.079568,30.658495
都市公寓,residential,商务住宅;住宅区;住宅小区,锦江区,104.076884,30.650356
东顺南城街55号院,residential,商务住宅;住宅区;住宅小区,锦江区,104.08334,30.655379
铜井巷1号大院,residential,商务住宅;住宅区;住宅小区,锦江区,104.075547,30.650887
清安街小区,residential,商务住宅;住宅区;住宅小区,锦江区,104.081637,30.650956
雅仕苑(龙王庙正街),residential,商务住宅;住宅区;住宅小区,锦江区,104.074714,30.651443
红星公寓,residential,商务住宅;住宅区;住宅小区,锦江区,104.079314,30.649998
铜井巷小区,residential,商务住宅;住宅区;住宅小区,锦江区,104.076083,30.650421
铜井巷3号院,residential,商务住宅;住宅区;住宅小区,锦江区,104.07579,30.650546
府河名居(天仙桥北路),residential,商务住宅;住宅区;住宅小区,锦江区,104.083445,30.652788
星城银座(红星路四段),residential,商务住宅;住宅区;住宅小区,锦江区,104.074046,30.651829
崇德里社区,residential,商务住宅;住宅区;住宅小区,锦江区,104.082216,30.651076
金海岸公寓,residential,商务住宅;住宅区;住宅小区,锦江区,104.083268,30.65218
镋钯街1号院,residential,商务住宅;住宅区;住宅小区,锦江区,104.07983,30.6498
正科甲巷76号附1,residential,商务住宅;住宅区;住宅区,锦江区,104.076957,30.659002
大慈寺路28号院,residential,商务住宅;住宅区;住宅区,锦江区,104.082836,30.657503
大慈寺路小区,residential,商务住宅;住宅区;住宅小区,锦江区,104.082511,30.657817
秀水花园,residential,商务住宅;住宅区;住宅小区,锦江区,104.08196,30.650494
铜井巷街9号院,residential,商务住宅;住宅区;住宅小区,锦江区,104.075496,30.650235
拱背桥街25号院,residential,商务住宅;住宅区;住宅小区,锦江区,104.077837,30.649492
清安街1号居民公社,residential,商务住宅;住宅区;住宅小区,锦江区,104.080371,30.649615
穿巷子11号院,residential,商务住宅;住宅区;住宅小区,锦江区,104.079874,30.659312
东风电力社区,residential,商务住宅;住宅区;住宅小区,锦江区,104.083063,30.657608
福字街社区(穿巷子),residential,商务住宅;住宅区;住宅小区,锦江区,104.080639,30.65912
川信公寓,residential,商务住宅;住宅区;住宅小区,锦江区,104.076208,30.649547
王家坝街16号院,residential,商务住宅;住宅区;住宅小区,锦江区,104.074425,30.650485
王家坝街20号院,residential,商务住宅;住宅区;住宅小区,锦江区,104.073943,30.650776
下莲池街5号院,residential,商务住宅;住宅区;住宅小区,锦江区,104.075569,30.649598
下莲池街2号院,residential,商务住宅;住宅区;住宅小区,锦江区,104.075066,30.649739
王家坝街1号院,residential,商务住宅;住宅区;住宅小区,锦江区,104.074713,30.649771
下莲池街1号院,residential,商务住宅;住宅区;住宅小区,锦江区,104.074683,30.649717
王家坝街19号院,residential,商务住宅;住宅区;住宅区,锦江区,104.074085,30.650064
新街后巷子7号院,residential,商务住宅;住宅区;住宅小区,锦江区,104.074308,30.658928
王家坝街21号院,residential,商务住宅;住宅区;住宅小区,锦江区,104.073663,30.650149
中新街70号院,residential,商务住宅;住宅区;住宅小区,锦江区,104.073717,30.658832
中新横街12号院,residential,商务住宅;住宅区;住宅小区,锦江区,104.073813,30.659198
时代尊邸,residential,商务住宅;住宅区;住宅小区,锦江区,104.08323,30.649443
流星花园,residential,住宿服务;住宿服务相关;住宿服务相关|商务住宅;住宅区;住宅小区,锦江区,104.083048,30.653623
东风路15号院,residential,商务住宅;住宅区;住宅小区,锦江区,104.08852,30.654158
均隆街86号院,residential,商务住宅;住宅区;住宅区,锦江区,104.086903,30.653654
西南电力设计院小区,residential,商务住宅;住宅区;住宅小区,成华区,104.089258,30.655799
SOLO,residential,商务住宅;住宅区;住宅小区,成华区,104.090313,30.654171
东风路21号院,residential,商务住宅;住宅区;住宅区,锦江区,104.090047,30.653497
玉风苑,residential,商务住宅;住宅区;住宅小区,成华区,104.090436,30.654858
点将台横街51号小区,residential,商务住宅;住宅区;住宅小区,锦江区,104.087946,30.65289
点将台街56号院,residential,商务住宅;住宅区;住宅区,锦江区,104.089088,30.652768
均隆街70号院,residential,商务住宅;住宅区;住宅区,锦江区,104.086725,30.653428
点将台横街55号小区,residential,商务住宅;住宅区;住宅小区,锦江区,104.087763,30.652681
旺府公寓,residential,商务住宅;住宅区;住宅小区,锦江区,104.086907,30.652982
点将台东二巷10号院,residential,商务住宅;住宅区;住宅小区,锦江区,104.090413,30.653316
静馨苑(点将台街),residential,商务住宅;住宅区;住宅小区,锦江区,104.087878,30.652397
点将台西二巷9号院,residential,商务住宅;住宅区;住宅区,锦江区,104.087726,30.652279
东风路北一巷3号院,residential,商务住宅;住宅区;住宅区,成华区,104.090812,30.655589
蜜城,residential,商务住宅;住宅区;住宅小区,成华区,104.087614,30.656714
东风路23号院,residential,商务住宅;住宅区;住宅区,锦江区,104.09105,30.653068
较场坝西街小区,residential,商务住宅;住宅区;住宅小区,锦江区,104.087162,30.651973
均隆街40号院,residential,商务住宅;住宅区;住宅小区,锦江区,104.08658,30.652255
上行汇锦,residential,商务住宅;住宅区;住宅小区,锦江区,104.090874,30.652601
东风路22号小区,residential,商务住宅;住宅区;住宅小区,成华区,104.091619,30.654068
全兴·蓉上坊2期,residential,商务住宅;住宅区;住宅小区,锦江区,104.089593,30.651776
较场坝中街42号院,residential,商务住宅;住宅区;住宅小区,锦江区,104.087188,30.6517
东风路北一巷1号小区,residential,商务住宅;住宅区;住宅小区,成华区,104.091793,30.655128
水井坊街道楼宇社区,residential,商务住宅;住宅区;住宅小区,锦江区,104.089173,30.651436
东风公寓,residential,商务住宅;住宅区;住宅小区,成华区,104.091202,30.656311
较场坝中街60号院,residential,商务住宅;住宅区;住宅区,锦江区,104.087375,30.651507
龙瑞苑,residential,商务住宅;住宅区;住宅小区,锦江区,104.085093,30.655298
水岸银座,residential,商务住宅;住宅区;住宅小区,锦江区,104.085729,30.652399
均隆街38号院,residential,商务住宅;住宅区;住宅区,锦江区,104.086145,30.652061
天仙桥北街16号院,residential,商务住宅;住宅区;住宅小区,锦江区,104.084943,30.654917
望平滨河路18号院,residential,商务住宅;住宅区;住宅区,成华区,104.087632,30.657438
蓉上坊,residential,商务住宅;住宅区;住宅小区,锦江区,104.090169,30.651538
均隆街11号院,residential,商务住宅;住宅区;住宅区,锦江区,104.085545,30.65234
较场坝东苑,residential,商务住宅;住宅区;住宅小区,锦江区,104.087976,30.651141
水岸银座,residential,商务住宅;住宅区;住宅小区,锦江区,104.085729,30.652399
均隆街38号院,residential,商务住宅;住宅区;住宅区,锦江区,104.086145,30.652061
天仙桥北街16号院,residential,商务住宅;住宅区;住宅小区,锦江区,104.084943,30.654917
望平滨河路18号院,residential,商务住宅;住宅区;住宅区,成华区,104.087632,30.657438
蓉上坊,residential,商务住宅;住宅区;住宅小区,锦江区,104.090169,30.651538
布坝子街8号院,residential,商务住宅;住宅区;住宅小区,成华区,104.089488,30.65748
均隆街11号院,residential,商务住宅;住宅区;住宅区,锦江区,104.085545,30.65234
较场坝东苑,residential,商务住宅;住宅区;住宅小区,锦江区,104.087976,30.651141
交子公寓,residential,商务住宅;住宅区;住宅小区,锦江区,104.086204,30.651762
望平街社区,residential,商务住宅;住宅区;住宅小区,成华区,104.08778,30.657652
布坝子小区,residential,商务住宅;住宅区;住宅小区,成华区,104.089369,30.65766
天仙桥北路小区,residential,商务住宅;住宅区;住宅小区,锦江区,104.084646,30.655074
天仙桥滨河路3号院,residential,商务住宅;住宅区;住宅小区,锦江区,104.084652,30.653611
东安南路1号院,residential,商务住宅;住宅区;住宅小区,锦江区,104.085313,30.656588
东安南路2号院,residential,商务住宅;住宅区;住宅小区,锦江区,104.085401,30.656688
牛王庙上街小区,residential,商务住宅;住宅区;住宅小区,锦江区,104.090334,30.651231
东安南路3号院,residential,商务住宅;住宅区;住宅小区,锦江区,104.085459,30.656761
牛王庙后街54号小区(北门),residential,商务住宅;住宅区;住宅小区,锦江区,104.090334,30.651231
东安南路4号院,residential,商务住宅;住宅区;住宅小区,锦江区,104.085592,30.656914
东安南路6号院,residential,商务住宅;住宅区;住宅小区,锦江区,104.085748,30.657153
较场坝中街34号院,residential,商务住宅;住宅区;住宅小区,锦江区,104.086999,30.65094
均隆街5号院,residential,商务住宅;住宅区;住宅区,锦江区,104.085391,30.651858
布坝子街9号院,residential,商务住宅;住宅区;住宅小区,成华区,104.089471,30.657973
东安南路5号院,residential,商务住宅;住宅区;住宅小区,锦江区,104.08547,30.657033
东安南路7号院,residential,商务住宅;住宅区;住宅小区,锦江区,104.085804,30.657289
东安南路8号院,residential,商务住宅;住宅区;住宅小区,锦江区,104.085894,30.657398
金府花园(天仙桥北路),residential,商务住宅;住宅区;住宅小区,锦江区,104.084288,30.653278
上东吉座,residential,商务住宅;住宅区;住宅小区,锦江区,104.085742,30.65144
芷泉公寓(紫东楼段),residential,商务住宅;住宅区;住宅小区,锦江区,104.086684,30.650899
东风路北二巷3号小区,residential,商务住宅;住宅区;住宅小区,成华区,104.092891,30.654041
大慈寺路4号院,residential,商务住宅;住宅区;住宅区,锦江区,104.084915,30.656609
朗御,residential,商务住宅;住宅区;住宅小区,锦江区,104.084391,30.655886
锦海国际花园,residential,商务住宅;住宅区;住宅小区,锦江区,104.084054,30.654918
福字街社区(大慈寺路),residential,商务住宅;住宅区;住宅小区,锦江区,104.085253,30.657055
锦川楼,residential,商务住宅;住宅区;住宅小区,锦江区,104.084232,30.652723
人民苑,residential,商务住宅;住宅区;住宅小区,成华区,104.090139,30.658023
总府花园,residential,商务住宅;住宅区;住宅小区,锦江区,104.08365,30.65424
东风路北一巷6号小区,residential,商务住宅;住宅区;住宅小区,成华区,104.09109,30.657888
望福街17号院,residential,商务住宅;住宅区;住宅区,锦江区,104.085503,30.657711
东安南路17号大院,residential,商务住宅;住宅区;住宅小区,锦江区,104.08651,30.658238
全兴·蓉上坊1期,residential,商务住宅;住宅区;住宅小区,锦江区,104.090348,30.650464
东安南路小区,residential,商务住宅;住宅区;住宅小区,锦江区,104.086331,30.65823
东顺苑(东顺城中街),residential,商务住宅;住宅区;住宅小区,锦江区,104.085081,30.657498
东顺城中街32号院,residential,商务住宅;住宅区;住宅小区,锦江区,104.085259,30.657641
牛王庙巷23号院,residential,商务住宅;住宅区;住宅区,锦江区,104.089423,30.650101
锦江国税宿舍,residential,商务住宅;住宅区;住宅小区,锦江区,104.08371,30.655992
望平街153号院,residential,商务住宅;住宅区;住宅区,成华区,104.088621,30.65883
新华南村电力社区,residential,商务住宅;住宅区;住宅小区,成华区,104.090398,30.658515
一环路东四段83号院,residential,商务住宅;住宅区;住宅区,锦江区,104.092718,30.651747
启明公寓,residential,商务住宅;住宅区;住宅小区,锦江区,104.084424,30.651353
玉双路110号院,residential,商务住宅;住宅区;住宅区,成华区,104.090657,30.658609
玉双路122小区,residential,商务住宅;住宅区;住宅小区,成华区,104.089899,30.658869
牛王庙巷11号院,residential,商务住宅;住宅区;住宅区,锦江区,104.089112,30.649747
翠风苑公寓,residential,商务住宅;住宅区;住宅小区,锦江区,104.086105,30.658648
牛王庙后街28号院,residential,商务住宅;住宅区;住宅小区,锦江区,104.089488,30.649513
交子社区牛王庙巷6号院,residential,商务住宅;住宅区;住宅小区,锦江区,104.089364,30.649468
牛王庙巷26号小区,residential,商务住宅;住宅区;住宅小区,锦江区,104.089575,30.649456
翠风苑二期公寓,residential,商务住宅;住宅区;住宅小区,锦江区,104.086358,30.659062
玉双路27号院,residential,商务住宅;住宅区;住宅区,成华区,104.092633,30.65792
十字街社区,residential,商务住宅;住宅区;住宅小区,锦江区,104.085115,30.658534
牛王庙后街36号院,residential,商务住宅;住宅区;住宅小区,锦江区,104.09029,30.649532
玉双路5号院,residential,商务住宅;住宅区;住宅小区,成华区,104.092962,30.657901
北顺城街53号院,residential,商务住宅;住宅区;住宅小区,锦江区,104.085505,30.658973
时代豪庭东区,residential,商务住宅;住宅区;住宅小区,锦江区,104.086221,30.649439
牛王庙后街114号小区,residential,商务住宅;住宅区;住宅小区,锦江区,104.091018,30.649541
水碾河路西小区,residential,商务住宅;住宅区;住宅小区,锦江区,104.09268,30.650382
时代豪庭1期,residential,商务住宅;住宅区;住宅区,锦江区,104.085664,30.649545
一环路东四段12号,residential,商务住宅;住宅区;住宅小区,锦江区,104.092446,30.650158
中国水电五局公寓,residential,商务住宅;住宅区;住宅小区,锦江区,104.092752,30.650303
澳深花园,residential,商务住宅;住宅区;住宅小区,成华区,104.092649,30.659019
双桥路240号院,residential,商务住宅;住宅区;住宅小区,成华区,104.098767,30.654312
双桥路南六街229幢院,residential,商务住宅;住宅区;住宅小区,成华区,104.098666,30.654699
双桥路南一街小区,residential,商务住宅;住宅区;住宅小区,成华区,104.099256,30.654098
双桥南六街小区,residential,商务住宅;住宅区;住宅小区,成华区,104.099186,30.653661
双桥路213号院,residential,商务住宅;住宅区;住宅小区,成华区,104.099932,30.654165
航空工业大院,residential,商务住宅;住宅区;住宅小区,成华区,104.100034,30.655033
水碾河社区,residential,商务住宅;住宅区;住宅小区,成华区,104.098602,30.652864
五冶小区,residential,商务住宅;住宅区;住宅小区,成华区,104.100054,30.65529
磨子村,residential,商务住宅;住宅区;住宅小区,成华区,104.09821,30.652548
朝发苑,residential,商务住宅;住宅区;住宅小区,成华区,104.096376,30.654992
双桥路184号院,residential,商务住宅;住宅区;住宅小区,成华区,104.10009,30.653043
祥和里小区(东门),residential,商务住宅;住宅区;住宅小区,成华区,104.097049,30.658489
水碾河北三街27号院,residential,商务住宅;住宅区;住宅小区,成华区,104.096258,30.653708
黄金洲公寓,residential,商务住宅;住宅区;住宅小区,成华区,104.096332,30.65318
双华南路31号2、3幢小区,residential,商务住宅;住宅区;住宅小区,成华区,104.098422,30.65212
一环路东三段7号院,residential,商务住宅;住宅区;住宅区,成华区,104.095899,30.654001
路北社区,residential,商务住宅;住宅区;住宅小区,成华区,104.097534,30.656864
新华商住楼,residential,商务住宅;住宅区;住宅小区,成华区,104.101431,30.65329
双华南路八号院,residential,商务住宅;住宅区;住宅小区,成华区,104.099063,30.651653
一环路东三段5号院,residential,商务住宅;住宅区;住宅小区,成华区,104.095173,30.654337
东城小居,residential,商务住宅;住宅区;住宅区,成华区,104.099138,30.657189
双华南路三十一号1幢,residential,商务住宅;住宅区;住宅小区,成华区,104.09846,30.651498
新鸿路五冶住宅区,residential,商务住宅;住宅区;住宅小区,成华区,104.102057,30.655097
水碾河北二街社区,residential,商务住宅;住宅区;住宅小区,成华区,104.096071,30.652271
一环路东三段21号院,residential,商务住宅;住宅区;住宅小区,成华区,104.094868,30.654145
一环路东三段22号院,residential,商务住宅;住宅区;住宅小区,成华区,104.094831,30.65392
水碾河路北社区,residential,商务住宅;住宅区;住宅小区,成华区,104.096462,30.651693
东风路居民点,residential,商务住宅;住宅区;住宅小区,成华区,104.094395,30.655004
玉双苑(玉双路),residential,商务住宅;住宅区;住宅小区,成华区,104.095589,30.656961
聚乐苑(双桥路),residential,商务住宅;住宅区;住宅小区,成华区,104.102629,30.65375
猛追湾望平社区,residential,商务住宅;住宅区;住宅小区,成华区,104.094515,30.655607
一环路东三段6号37-38栋居民大院,residential,商务住宅;住宅区;住宅区,成华区,104.094171,30.65424
居民大院,residential,商务住宅;住宅区;住宅小区,成华区,104.094172,30.654241
锦泰公寓,residential,商务住宅;住宅区;住宅小区,成华区,104.096227,30.65776
名都楼,residential,商务住宅;住宅区;住宅小区,成华区,104.103205,30.655523
福晟·钱隆天下,residential,商务住宅;住宅区;住宅小区,成华区,104.099873,30.658309
双林二巷社区,residential,商务住宅;住宅区;住宅小区,成华区,104.098518,30.658499
东方锦都,residential,商务住宅;住宅区;住宅小区,成华区,104.101035,30.657892
水碾河南三街2号院,residential,商务住宅;住宅区;住宅区,锦江区,104.096235,30.650683
水碾河南三街1号院,residential,商务住宅;住宅区;住宅区,锦江区,104.097043,30.650357
玉双路8号院,residential,商务住宅;住宅区;住宅小区,成华区,104.094215,30.656505
玉双路4号院,residential,商务住宅;住宅区;住宅小区,成华区,104.094435,30.656797
锦成苑(水碾河南三街),residential,商务住宅;住宅区;住宅小区,锦江区,104.095919,30.650621
三街坊社区(双桥路南四街),residential,商务住宅;住宅区;住宅小区,成华区,104.10256,30.65161
双林路196号大院,residential,商务住宅;住宅区;住宅小区,成华区,104.102929,30.656912
水碾河南一街社区,residential,商务住宅;住宅区;住宅小区,锦江区,104.094489,30.651292
玉顺苑,residential,商务住宅;住宅区;住宅小区,成华区,104.094683,30.657848
锦丽苑,residential,商务住宅;住宅区;住宅小区,锦江区,104.094765,30.6508
祥和里2号居民大院,residential,商务住宅;住宅区;住宅小区,成华区,104.095506,30.65844
玉丰苑,residential,商务住宅;住宅区;住宅小区,成华区,104.093964,30.657364
水碾河南三街18号院,residential,商务住宅;住宅区;住宅区,锦江区,104.095859,30.65004
玉和苑,residential,商务住宅;住宅区;住宅小区,成华区,104.094082,30.657563
祥和居,residential,商务住宅;住宅区;住宅区,成华区,104.095408,30.658618
水河名居,residential,商务住宅;住宅区;住宅小区,锦江区,104.095547,30.649635
祥和里6号院,residential,商务住宅;住宅区;住宅小区,成华区,104.095167,30.658965
祥和里小区1号院,residential,商务住宅;住宅区;住宅小区,成华区,104.095786,30.659246
京都印象,residential,商务住宅;住宅区;住宅小区,锦江区,104.094977,30.649809
蜀都惠园,residential,商务住宅;住宅区;住宅小区,成华区,104.101858,30.649495
玉馨苑(玉双路),residential,商务住宅;住宅区;住宅小区,成华区,104.093549,30.658202
玉锦苑(玉双路),residential,商务住宅;住宅区;住宅小区,成华区,104.0941,30.658748
祥和里小区7号院,residential,商务住宅;住宅区;住宅小区,成华区,104.094665,30.659211
玉香苑,residential,商务住宅;住宅区;住宅小区,成华区,104.093675,30.658556
祥和里10号居民大院,residential,商务住宅;住宅区;住宅小区,成华区,104.093562,30.659111
华成苑,residential,体育休闲服务;娱乐场所;娱乐场所|商务住宅;住宅区;住宅小区,锦江区,104.097734,30.649633
同和里小区,residential,商务住宅;住宅区;住宅小区,成华区,104.108094,30.654602
钢管厂4区,residential,商务住宅;住宅区;住宅区,成华区,104.109709,30.654887
双林中横路社区北区,residential,商务住宅;住宅区;住宅小区,成华区,104.108691,30.652775
建校家属院,residential,商务住宅;住宅区;住宅小区,成华区,104.106996,30.655923
精英大厦商务楼,residential,商务住宅;住宅区;住宅区,成华区,104.111341,30.653885
双园社区,residential,商务住宅;住宅区;住宅小区,成华区,104.107562,30.656512
双林北横路32号院,residential,商务住宅;住宅区;住宅区,成华区,104.107259,30.656401
枫景雅居,residential,商务住宅;住宅区;住宅小区,成华区,104.110376,30.652654
新东方(万年场校区),residential,商务住宅;住宅区;住宅小区,成华区,104.11113,30.653292
北新苑,residential,商务住宅;住宅区;住宅小区,成华区,104.106101,30.653071
千和·家和楼,residential,商务住宅;住宅区;住宅小区,成华区,104.111602,30.654886
双林社区(双桥路),residential,商务住宅;住宅区;住宅小区,成华区,104.105421,30.654847
东方1+1,residential,商务住宅;住宅区;住宅小区,成华区,104.110078,30.651966
成华小学家属院,residential,商务住宅;住宅区;住宅小区,成华区,104.111272,30.655771
北一街小区,residential,商务住宅;住宅区;住宅小区,成华区,104.107343,30.651695
万年商寓,residential,商务住宅;住宅区;住宅小区,成华区,104.111196,30.656234
二环路东三段119号院,residential,商务住宅;住宅区;住宅小区,成华区,104.111143,30.652304
北二街小区(双桥路),residential,商务住宅;住宅区;住宅小区,成华区,104.105687,30.652243
万晟社区,residential,商务住宅;住宅区;住宅小区,成华区,104.108871,30.65766
金玉阳光大酒店员工公寓,residential,商务住宅;住宅区;住宅小区,成华区,104.111905,30.655993
双林南支路小区,residential,商务住宅;住宅区;住宅小区,成华区,104.110471,30.651466
北二街小区西门,residential,商务住宅;住宅区;住宅小区,成华区,104.105027,30.652507
新华社区(双林北横路),residential,商务住宅;住宅区;住宅小区,成华区,104.107555,30.65796
蜜城(双林南支路),residential,商务住宅;住宅区;住宅小区,成华区,104.109872,30.650837
双林北横路129号院,residential,商务住宅;住宅区;住宅小区,成华区,104.10998,30.657963
成都市职业培训中心住宿区,residential,商务住宅;住宅区;住宅小区,成华区,104.105148,30.657206
银河商业广场,residential,商务住宅;住宅区;住宅小区,成华区,104.113235,30.653754
双桥路171号院,residential,商务住宅;住宅区;住宅小区,成华区,104.103847,30.653237
东景丽苑B区,residential,商务住宅;住宅区;住宅小区,成华区,104.112917,30.656136
双林社区(双林路),residential,商务住宅;住宅区;住宅小区,成华区,104.103953,30.656038
七六苑,residential,商务住宅;住宅区;住宅小区,成华区,104.107368,30.650186
双林中横路社区(经华北路),residential,商务住宅;住宅区;住宅小区,成华区,104.104994,30.651202
机械厂家属院,residential,商务住宅;住宅区;住宅小区,成华区,104.111601,30.657983
万年场横街7号院,residential,商务住宅;住宅区;住宅小区,成华区,104.110744,30.658477
新华园,residential,商务住宅;住宅区;住宅小区,成华区,104.108992,30.659012
仁和苑(二环路东三段),residential,商务住宅;住宅区;住宅小区,成华区,104.113047,30.65734
万年场横街2号院,residential,商务住宅;住宅区;住宅小区,成华区,104.110087,30.659258
万年场下街小区,residential,商务住宅;住宅区;住宅小区,成华区,104.110132,30.659273
东篱苑,residential,商务住宅;住宅区;住宅小区,成华区,104.113006,30.658239
双林北支路30号60号院,residential,商务住宅;住宅区;住宅小区,成华区,104.111693,30.659264
东篱路177号院,residential,商务住宅;住宅区;住宅小区,成华区,104.113393,30.658417
新华名园,residential,商务住宅;住宅区;住宅小区,成华区,104.113169,30.658966
经华路社区,residential,商务住宅;住宅区;住宅小区,成华区,104.103893,30.649428
平安家园小区,residential,商务住宅;住宅区;住宅小区,成华区,104.119059,30.654358
万兴街小区,residential,商务住宅;住宅区;住宅小区,成华区,104.119086,30.654711
积步街6号院,residential,商务住宅;住宅区;住宅区,成华区,104.11755,30.655008
花样年花郡4期,residential,商务住宅;住宅区;住宅区,成华区,104.117198,30.653808
积步东巷44号院,residential,商务住宅;住宅区;住宅小区,成华区,104.118847,30.655633
积步街13号院,residential,商务住宅;住宅区;住宅区,成华区,104.117075,30.65494
积步街8号院(积步街),residential,商务住宅;住宅区;住宅小区,成华区,104.117965,30.655762
万年路社区积步街11号院,residential,商务住宅;住宅区;住宅小区,成华区,104.116909,30.654966
积步东巷3号院,residential,商务住宅;住宅区;住宅小区,成华区,104.118289,30.655911
积步东巷1号院,residential,商务住宅;住宅区;住宅小区,成华区,104.117828,30.655886
万年路社区积步街9号院,residential,商务住宅;住宅区;住宅小区,成华区,104.116876,30.655244
联合公寓,residential,商务住宅;住宅区;住宅小区,成华区,104.120193,30.65522
积步东巷42号院,residential,商务住宅;住宅区;住宅小区,成华区,104.118567,30.656143
万年路社区积步街7号院,residential,商务住宅;住宅区;住宅小区,成华区,104.117059,30.655642
万年路社区积步街5号院,residential,商务住宅;住宅区;住宅小区,成华区,104.117053,30.655836
成发·紫东芯座,residential,商务住宅;住宅区;住宅小区,成华区,104.119094,30.651893
洁美街4号院,residential,商务住宅;住宅区;住宅小区,成华区,104.119193,30.656896
万年路社区积步街3号院,residential,商务住宅;住宅区;住宅小区,成华区,104.116465,30.656469
联合四组,residential,商务住宅;住宅区;住宅小区,成华区,104.120459,30.656598
万年路8号院,residential,商务住宅;住宅区;住宅小区,成华区,104.115568,30.655628
二十四城1期,residential,商务住宅;住宅区;住宅小区,成华区,104.116729,30.65197
花样年·花郡,residential,商务住宅;住宅区;住宅小区,成华区,104.115091,30.654322
华润·二十四城,residential,商务住宅;住宅区;住宅小区,成华区,104.116323,30.651769
洁美街2号院,residential,商务住宅;住宅区;住宅小区,成华区,104.120336,30.657482
正成沙河明珠,residential,商务住宅;住宅区;住宅小区,成华区,104.122249,30.656325
东篱路10院,residential,商务住宅;住宅区;住宅小区,成华区,104.116938,30.658296
万年路251号院,residential,商务住宅;住宅区;住宅小区,成华区,104.118643,30.658519
锡安山家园,residential,商务住宅;住宅区;住宅区,成华区,104.114732,30.657041
华夏·万年茗居,residential,商务住宅;住宅区;住宅小区,成华区,104.114795,30.657137
千居朝阳,residential,商务住宅;住宅区;住宅小区,成华区,104.120757,30.650644
东景丽苑,residential,商务住宅;住宅区;住宅小区,成华区,104.113934,30.656474
东篱路12号院,residential,商务住宅;住宅区;住宅小区,成华区,104.116276,30.658502
东篱路14号院,residential,商务住宅;住宅区;住宅小区,成华区,104.115447,30.658188
香山长岛售楼部,residential,商务住宅;住宅区;住宅区,成华区,104.122899,30.65162
东篱路29号院,residential,商务住宅;住宅区;住宅小区,成华区,104.11653,30.658796
东篱路68号院,residential,商务住宅;住宅区;住宅小区,成华区,104.114475,30.657714
华润二十四城G期,residential,商务住宅;住宅区;住宅区,成华区,104.114044,30.651386
跳蹬街五组,residential,商务住宅;住宅区;住宅小区,成华区,104.118847,30.65936
东篱路103号院,residential,商务住宅;住宅区;住宅区,成华区,104.114811,30.6583
东篱路122号院,residential,商务住宅;住宅区;住宅小区,成华区,104.113698,30.657456
银通苑,residential,商务住宅;住宅区;住宅小区,成华区,104.115861,30.659123
东篱民苑,residential,商务住宅;住宅区;住宅小区,成华区,104.114412,30.658451
东篱路175号院,residential,商务住宅;住宅区;住宅小区,成华区,104.113587,30.65798
长天社区,residential,商务住宅;住宅区;住宅小区,成华区,104.122923,30.649917
呈祥名居,residential,商务住宅;住宅区;住宅小区,成华区,104.114545,30.659319
跳蹬河南路2号-过街楼,residential,商务住宅;住宅区;住宅区,成华区,104.126337,30.658796
沙河丽景,residential,商务住宅;住宅区;住宅小区,成华区,104.127702,30.655179
水岸东里,residential,商务住宅;住宅区;住宅小区,成华区,104.126437,30.655565
成都大东展,residential,商务住宅;住宅区;住宅小区,成华区,104.13164,30.657991
成华奥园广场,residential,商务住宅;住宅区;住宅小区,成华区,104.128474,30.657934
沙河名仕公馆,residential,商务住宅;住宅区;住宅小区,成华区,104.123561,30.654118
长天路东一巷1号,residential,商务住宅;住宅区;住宅区,成华区,104.12351,30.65059
跳蹬河南路3号院,residential,商务住宅;住宅区;住宅小区,成华区,104.125211,30.659267
和睦之家小区,residential,商务住宅;住宅区;住宅小区,成华区,104.126033,30.658581
水岸东里2期,residential,商务住宅;住宅区;住宅小区,成华区,104.126566,30.656448
宏苑,residential,商务住宅;住宅区;住宅小区,成华区,104.138184,30.654356
民苑,residential,商务住宅;住宅区;住宅小区,成华区,104.139823,30.654565
欣苑(宏苑北),residential,商务住宅;住宅区;住宅小区,成华区,104.138122,30.65553
槐树苑2期,residential,商务住宅;住宅区;住宅区,成华区,104.139896,30.655541
锦苑(长融西一路),residential,商务住宅;住宅区;住宅小区,成华区,104.139903,30.655639
西苑(长融街),residential,商务住宅;住宅区;住宅小区,成华区,104.139914,30.656464
东升花园(长融街),residential,商务住宅;住宅区;住宅小区,成华区,104.141263,30.652761
华晨雅庭,residential,商务住宅;住宅区;住宅小区,成华区,104.139917,30.657254
槐树店路小区,residential,商务住宅;住宅区;住宅小区,成华区,104.140282,30.651631
一代天骄,residential,商务住宅;住宅区;住宅区,成华区,104.141418,30.656393
长融一代天骄西苑,residential,商务住宅;住宅区;住宅区,成华区,104.141694,30.65635
红桥社区(东门),residential,商务住宅;住宅区;住宅小区,成华区,104.137097,30.658947
华天阳光小区,residential,商务住宅;住宅区;住宅小区,成华区,104.1383,30.651043
槐树苑A区,residential,商务住宅;住宅区;住宅小区,成华区,104.135711,30.651974
怡乐园(华天阳光小区东),residential,商务住宅;住宅区;住宅小区,成华区,104.140414,30.651022
世纪长春小区,residential,商务住宅;住宅区;住宅小区,成华区,104.141002,30.657594
团结社区(槐树店路),residential,商务住宅;住宅区;住宅小区,成华区,104.142566,30.652666
崔家店南路8号院,residential,商务住宅;住宅区;住宅小区,成华区,104.136959,30.658817
东升社区,residential,商务住宅;住宅区;住宅小区|地名地址信息;普通地名;村庄级地名,成华区,104.136392,30.649887
生育文化大院,residential,商务住宅;住宅区;住宅小区,成华区,104.133833,30.657797
香山长岛,residential,商务住宅;住宅区;住宅小区,成华区,104.142702,30.659112
东方·惠城A区,residential,商务住宅;住宅区;住宅小区,成华区,104.147023,30.657835
东锦城A区,residential,商务住宅;住宅区;住宅小区,成华区,104.152547,30.65269
城投·东庐,residential,商务住宅;住宅区;住宅小区,成华区,104.147004,30.655733
东锦城,residential,商务住宅;住宅区;住宅小区,成华区,104.152548,30.652472
和悦庭院A区,residential,商务住宅;住宅区;住宅小区,成华区,104.144479,30.658421
和悦庭院,residential,商务住宅;住宅区;住宅小区,成华区,104.145144,30.658496
东锦城B区,residential,商务住宅;住宅区;住宅小区,成华区,104.154065,30.652412
金茂·诚品上院,residential,商务住宅;住宅区;住宅小区,武侯区,103.971933,30.645218
蓝光金双楠,residential,商务住宅;住宅区;住宅小区,武侯区,103.966379,30.648504
蓝光金双楠2期,residential,商务住宅;住宅区;住宅小区,武侯区,103.967544,30.646671
华都星公馆1期,residential,商务住宅;住宅区;住宅小区,武侯区,103.978546,30.644045
华都星公馆,residential,商务住宅;住宅区;住宅小区,武侯区,103.978484,30.6437
正成·城市乐章,residential,商务住宅;住宅区;住宅小区,武侯区,103.978881,30.646567
花香茗都,residential,商务住宅;住宅区;住宅区,武侯区,103.976281,30.644674
花样年·花好园,residential,商务住宅;住宅区;住宅小区,武侯区,103.976405,30.643686
华都·星公馆2期,residential,商务住宅;住宅区;住宅小区,武侯区,103.977418,30.646894
西武家园,residential,商务住宅;住宅区;住宅小区,武侯区,103.976636,30.642748
寅生杜鹃花园,residential,商务住宅;住宅区;住宅小区,武侯区,103.975417,30.644466
杜鹃花园2期,residential,商务住宅;住宅区;住宅区,武侯区,103.975405,30.644856
寅生·西城御景(武青西一路),residential,商务住宅;住宅区;住宅小区,武侯区,103.974912,30.644209
锦溪,residential,商务住宅;住宅区;住宅小区,武侯区,103.983716,30.648061
顺苑小区,residential,商务住宅;住宅区;住宅小区,武侯区,103.98369,30.648748
兴元嘉园,residential,商务住宅;住宅区;住宅小区,武侯区,103.989346,30.645379
果堰小区-西区,residential,商务住宅;住宅区;住宅区,武侯区,103.990083,30.646395
果堰小区(果丰路),residential,商务住宅;住宅区;住宅小区,武侯区,103.990883,30.646489
竹韵天府,residential,商务住宅;住宅区;住宅小区,武侯区,103.991362,30.643133
正成·金楠尚府,residential,商务住宅;住宅区;住宅小区,武侯区,103.987956,30.647308
潮福苑,residential,商务住宅;住宅区;住宅小区,武侯区,103.984334,30.643094
金辉枫尚,residential,商务住宅;住宅区;住宅小区,武侯区,103.993587,30.644595
银杏苑(武青东二路),residential,商务住宅;住宅区;住宅小区,武侯区,103.983832,30.645816
山南家园,residential,商务住宅;住宅区;住宅小区,武侯区,103.987843,30.64017
成通小区,residential,商务住宅;住宅区;住宅小区,武侯区,103.987309,30.649092
中华锦绣,residential,商务住宅;住宅区;住宅小区,武侯区,103.985254,30.640628
卫苑,residential,商务住宅;住宅区;住宅小区,武侯区,103.984009,30.648469
龙湖·金楠天街楠香庭,residential,商务住宅;住宅区;住宅小区,武侯区,103.992888,30.649149
果堰小区,residential,商务住宅;住宅区;住宅小区,武侯区,103.993515,30.639913
雷迪波尔·城市花园,residential,商务住宅;住宅区;住宅小区,武侯区,104.000538,30.644169
吉福新苑,residential,商务住宅;住宅区;住宅小区,武侯区,103.999603,30.642446
中央花园4期,residential,商务住宅;住宅区;住宅小区,武侯区,103.996659,30.646116
红运花园北苑,residential,商务住宅;住宅区;住宅区,武侯区,103.999089,30.647146
园中园西苑,residential,商务住宅;住宅区;住宅小区,武侯区,104.000842,30.646974
园中园北苑,residential,商务住宅;住宅区;住宅小区|通行设施;临街院门;临街院正门,武侯区,103.999476,30.647252
吉绿苑,residential,商务住宅;住宅区;住宅小区,武侯区,103.999851,30.641597
顺江新苑B区,residential,商务住宅;住宅区;住宅小区,武侯区,103.995183,30.643189
金福园,residential,商务住宅;住宅区;住宅小区,武侯区,103.997117,30.641407
民乐园(晋康街),residential,商务住宅;住宅区;住宅小区,武侯区,103.999876,30.648161
名乐苑小区,residential,商务住宅;住宅区;住宅小区,武侯区,103.99986,30.648188
园中园南苑,residential,商务住宅;住宅区;住宅小区,武侯区,104.002809,30.646049
红运园中园南园,residential,商务住宅;住宅区;住宅区,武侯区,104.001509,30.647813
交大庭院,residential,商务住宅;住宅区;住宅小区,武侯区,104.003276,30.643342
园中园东苑,residential,商务住宅;住宅区;住宅小区,武侯区,104.002329,30.647303
怡苑(红运街),residential,商务住宅;住宅区;住宅小区,武侯区,104.001834,30.64829
顺江新苑A区,residential,商务住宅;住宅区;住宅小区,武侯区,103.993754,30.642565
金楠·缤纷,residential,商务住宅;住宅区;住宅小区,武侯区,103.998668,30.639829
红运街小区,residential,商务住宅;住宅区;住宅小区,武侯区,104.001879,30.648597
红运花园4期,residential,商务住宅;住宅区;住宅区,武侯区,104.002526,30.648185
晋吉东二街42号院,residential,商务住宅;住宅区;住宅区,武侯区,104.002511,30.648234
交大花园广厦小区,residential,商务住宅;住宅区;住宅小区,武侯区,104.003048,30.641179
长盛续锦,residential,商务住宅;住宅区;住宅小区,武侯区,103.997294,30.649458
慧苑(晋吉东二街),residential,商务住宅;住宅区;住宅小区,武侯区,104.002322,30.648511
玉门石油管理局成都退休基地,residential,商务住宅;住宅区;住宅小区,武侯区,104.00062,30.649316
吉苑(红运街),residential,商务住宅;住宅区;住宅小区,武侯区,104.001964,30.648773
祥苑(红运街),residential,商务住宅;住宅区;住宅小区,武侯区,104.002124,30.64868
红运花园玉苑,residential,商务住宅;住宅区;住宅小区,武侯区,104.001043,30.64927
蓝光·金楠府,residential,商务住宅;住宅区;住宅小区,武侯区,104.00148,30.639819
瑞苑(红运街),residential,商务住宅;住宅区;住宅小区,武侯区,104.001682,30.649255
龙湖·金楠天街蓉香庭,residential,商务住宅;住宅区;住宅小区,武侯区,103.994495,30.649537
鹭岛国际水晶公寓,residential,商务住宅;住宅区;住宅小区,武侯区,104.009334,30.645476
鹭岛国际社区,residential,商务住宅;住宅区;住宅小区,武侯区,104.009434,30.645648
鹭岛国际(一至二期),residential,商务住宅;住宅区;住宅小区,武侯区,104.008992,30.646431
新瑞园,residential,商务住宅;住宅区;住宅小区,武侯区,104.01149,30.643173
吉福庭苑,residential,商务住宅;住宅区;住宅小区,武侯区,104.006715,30.642291
吉馨苑,residential,商务住宅;住宅区;住宅小区,武侯区,104.008455,30.641695
双丰小区,residential,商务住宅;住宅区;住宅小区,武侯区,104.011926,30.645406
鹭岛国际12期,residential,商务住宅;住宅区;住宅小区,武侯区,104.011152,30.646716
普建苑,residential,商务住宅;住宅区;住宅小区,武侯区,104.010157,30.641535
自由360度,residential,商务住宅;住宅区;住宅区,武侯区,104.010061,30.641414
双楠风景,residential,商务住宅;住宅区;住宅小区,武侯区,104.011968,30.642196
双楠·锐派,residential,商务住宅;住宅区;住宅小区,武侯区,104.005011,30.642576
龙祥苑(双安西巷),residential,商务住宅;住宅区;住宅小区,武侯区,104.012761,30.645933
花间兰庭,residential,商务住宅;住宅区;住宅小区,武侯区,104.012141,30.646899
城楠映象,residential,商务住宅;住宅区;住宅小区,武侯区,104.009415,30.640699
吉静苑,residential,商务住宅;住宅区;住宅小区,武侯区,104.007406,30.640809
圣沅·汇景樱桃季,residential,商务住宅;住宅区;住宅小区,武侯区,104.013195,30.644895
云湖阳光,residential,商务住宅;住宅区;住宅小区,武侯区,104.006411,30.641136
鹭岛国际社区3期,residential,商务住宅;住宅区;住宅小区,武侯区,104.009008,30.648713
龙爪社区北区,residential,商务住宅;住宅区;住宅区,武侯区,104.012968,30.646794
吉春苑,residential,商务住宅;住宅区;住宅小区,武侯区,104.003854,30.646019
丽百居,residential,商务住宅;住宅区;住宅小区,武侯区,104.012838,30.641921
双安北巷1号院,residential,商务住宅;住宅区;住宅小区,武侯区,104.013229,30.64669
梧桐,residential,商务住宅;住宅区;住宅小区,武侯区,104.005568,30.640641
龙禧苑,residential,商务住宅;住宅区;住宅小区,武侯区,104.013478,30.646924
格林楠,residential,商务住宅;住宅区;住宅小区,武侯区,104.00501,30.640874
交大花园武侯小区,residential,商务住宅;住宅区;住宅小区,武侯区,104.008205,30.639635
聚园(双丰中路),residential,商务住宅;住宅区;住宅小区,武侯区,104.012937,30.641147
双楠·偶寓,residential,商务住宅;住宅区;住宅小区,武侯区,104.005913,30.640082
广厦小区(吉顺街),residential,商务住宅;住宅区;住宅小区,武侯区,104.004853,30.640274
溢阳绿城,residential,商务住宅;住宅区;住宅小区,武侯区,104.012794,30.649028
成都水晶名仕阁酒店,residential,住宿服务;宾馆酒店;四星级宾馆|商务住宅;住宅区;住宅小区,武侯区,104.009959,30.647813
汇景2期,residential,商务住宅;住宅区;住宅小区,武侯区,104.018978,30.645013
圣沅·汇景新村,residential,商务住宅;住宅区;住宅小区,武侯区,104.018427,30.645513
一椽坊,residential,商务住宅;住宅区;住宅小区,武侯区,104.018253,30.643399
森世阳光,residential,商务住宅;住宅区;住宅区,武侯区,104.020292,30.643614
顺达苑,residential,商务住宅;住宅区;住宅小区,武侯区,104.017243,30.642702
西藏阳光苑,residential,商务住宅;住宅区;住宅小区,武侯区,104.016735,30.646308
双楠美邻,residential,商务住宅;住宅区;住宅小区,武侯区,104.018391,30.647007
竹园(永盛东街),residential,商务住宅;住宅区;住宅小区,武侯区,104.020917,30.642814
华府双楠,residential,商务住宅;住宅区;住宅小区,武侯区,104.015967,30.643302
双楠融域,residential,商务住宅;住宅区;住宅小区,武侯区,104.01546,30.64426
双楠森世阳光花园,residential,商务住宅;住宅区;住宅小区,武侯区,104.02182,30.643986
协力苑(武侯大道双楠段),residential,商务住宅;住宅区;住宅小区,武侯区,104.017354,30.641748
龙爪社区,residential,商务住宅;住宅区;住宅小区,武侯区,104.015465,30.646593
双安东巷2号院,residential,商务住宅;住宅区;住宅小区,武侯区,104.014763,30.64527
双楠竹园1期,residential,商务住宅;住宅区;住宅小区,武侯区,104.022362,30.643159
双楠名城1期,residential,商务住宅;住宅区;住宅区,武侯区,104.021476,30.641933
龙爪社区南区,residential,商务住宅;住宅区;住宅区,武侯区,104.014691,30.645636
顺福苑,residential,商务住宅;住宅区;住宅小区,武侯区,104.017283,30.64109
绿地·海珀香庭,residential,商务住宅;住宅区;住宅小区,武侯区,104.018425,30.640864
龙福苑,residential,商务住宅;住宅区;住宅小区,武侯区,104.014741,30.645966
长居花苑,residential,商务住宅;住宅区;住宅小区,武侯区,104.015337,30.642141
龙采苑,residential,商务住宅;住宅区;住宅区,武侯区,104.014536,30.645702
楠极地,residential,商务住宅;住宅区;住宅小区,武侯区,104.02152,30.647353
双楠融域2期,residential,商务住宅;住宅区;住宅小区,武侯区,104.014231,30.644061
龙门公寓,residential,商务住宅;住宅区;住宅小区,武侯区,104.02302,30.645302
双丰社区,residential,商务住宅;住宅区;住宅小区,武侯区,104.015575,30.641593
永海楠宝石,residential,商务住宅;住宅区;住宅小区,武侯区,104.02038,30.648215
双楠回归线(武侯大道双楠段),residential,商务住宅;住宅区;住宅小区,武侯区,104.016604,30.640722
双楠名城,residential,商务住宅;住宅区;住宅小区,武侯区,104.021776,30.641241
双安东巷1号院,residential,商务住宅;住宅区;住宅小区,武侯区,104.014353,30.646643
富港花园,residential,商务住宅;住宅区;住宅小区,武侯区,104.022305,30.647451
楼影苑,residential,商务住宅;住宅区;住宅小区,武侯区,104.021148,30.648407
金色花园(双丰中路),residential,商务住宅;住宅区;住宅小区,武侯区,104.014106,30.642667
南华苑(永盛南街),residential,商务住宅;住宅区;住宅小区,武侯区,104.022516,30.641634
榕影苑,residential,商务住宅;住宅区;住宅小区,武侯区,104.021678,30.648081
南村公寓,residential,商务住宅;住宅区;住宅小区,武侯区,104.020561,30.64876
深越花园,residential,商务住宅;住宅区;住宅小区,武侯区,104.023176,30.642101
五彩生活,residential,商务住宅;住宅区;住宅小区,武侯区,104.014331,30.641769
置信逸都花园天乐苑,residential,商务住宅;住宅区;住宅小区,武侯区,104.017015,30.648905
双楠五彩家园,residential,商务住宅;住宅区;住宅区,武侯区,104.014387,30.641723
美好时光,residential,商务住宅;住宅区;住宅小区,武侯区,104.017438,30.639869
天乐街小区,residential,商务住宅;住宅区;住宅小区,武侯区,104.017601,30.64927
置信北街小区,residential,商务住宅;住宅区;住宅小区,武侯区,104.021797,30.648839
家和南苑,residential,商务住宅;住宅区;住宅小区,武侯区,104.015458,30.639994
双楠谊苑2期B区,residential,商务住宅;住宅区;住宅区,武侯区,104.021116,30.649332
云影苑,residential,商务住宅;住宅区;住宅小区,武侯区,104.015038,30.648982
蓝光雍锦世家(建设中),residential,商务住宅;住宅区;住宅小区,武侯区,104.022509,30.640121
双楠谊苑,residential,商务住宅;住宅区;住宅小区,武侯区,104.023621,30.647934
双楠谊苑2期A区,residential,商务住宅;住宅区;住宅小区,武侯区,104.02214,30.649313
乐居福园,residential,商务住宅;住宅区;住宅小区,武侯区,104.014537,30.639584
双楠花园,residential,商务住宅;住宅区;住宅小区,武侯区,104.029317,30.644231
兰园,residential,商务住宅;住宅区;住宅小区,武侯区,104.028196,30.645599
双楠街社区,residential,商务住宅;住宅区;住宅小区,武侯区,104.027368,30.645196
双楠乐苑,residential,商务住宅;住宅区;住宅小区,武侯区,104.027123,30.644977
双楠家园,residential,商务住宅;住宅区;住宅小区,武侯区,104.028784,30.646218
碧云天(碧云路),residential,商务住宅;住宅区;住宅小区,武侯区,104.028629,30.642719
卫雅苑,residential,商务住宅;住宅区;住宅小区,武侯区,104.026385,30.644499
宝润苑,residential,商务住宅;住宅区;住宅小区,武侯区,104.030777,30.644986
万福苑(广福路),residential,商务住宅;住宅区;住宅小区,武侯区,104.030495,30.645536
百草苑(广福桥北街),residential,商务住宅;住宅区;住宅小区,武侯区,104.030944,30.644357
心动家园,residential,商务住宅;住宅区;住宅区,武侯区,104.025919,30.644448
巴黎阳光小区,residential,商务住宅;住宅区;住宅小区,武侯区,104.030809,30.642893
月关流域小区,residential,商务住宅;住宅区;住宅小区,武侯区,104.02668,30.642517
安居花园(双楠街),residential,商务住宅;住宅区;住宅小区,武侯区,104.026935,30.646713
名都苑,residential,商务住宅;住宅区;住宅小区,武侯区,104.029971,30.646914
月光琉域,residential,商务住宅;住宅区;住宅小区,武侯区,104.026246,30.642242
花样年华风华庭,residential,商务住宅;住宅区;住宅小区,武侯区,104.032374,30.644666
顺苑,residential,商务住宅;住宅区;住宅小区,武侯区,104.031892,30.646144
置信花园,residential,商务住宅;住宅区;住宅小区,武侯区,104.027275,30.647618
双楠1区,residential,商务住宅;住宅区;住宅小区,武侯区,104.025315,30.64629
双楠兰苑,residential,商务住宅;住宅区;住宅区,武侯区,104.025116,30.64621
新筑,residential,商务住宅;住宅区;住宅小区,武侯区,104.032627,30.643468
顺和苑(双元街),residential,商务住宅;住宅区;住宅小区,武侯区,104.031517,30.647127
园丁园,residential,商务住宅;住宅区;住宅小区,武侯区,104.024358,30.644204
双楠府邸,residential,商务住宅;住宅区;住宅小区,武侯区,104.030048,30.640975
燃灯寺路9号院,residential,商务住宅;住宅区;住宅区,武侯区,104.032288,30.646369
锦昌苑,residential,商务住宅;住宅区;住宅小区,武侯区,104.032247,30.647015
卫居苑(双楠路),residential,商务住宅;住宅区;住宅小区,武侯区,104.028376,30.648537
隐庐巷上生活馆,residential,商务住宅;住宅区;住宅小区,武侯区,104.033179,30.64547
锦宏·嘉华苑(双楠路),residential,商务住宅;住宅区;住宅小区,武侯区,104.029865,30.648386
双楠华苑,residential,商务住宅;住宅区;住宅小区,武侯区,104.024022,30.645626
双楠水岸,residential,商务住宅;住宅区;住宅小区,武侯区,104.032784,30.642356
双楠路235号,residential,商务住宅;住宅区;住宅小区,武侯区,104.024713,30.646988
怡顺苑,residential,商务住宅;住宅区;住宅小区,武侯区,104.024773,30.641742
二环路西一段15号院,residential,商务住宅;住宅区;住宅区,武侯区,104.0239,30.643095
三和苑,residential,商务住宅;住宅区;住宅小区,武侯区,104.032136,30.647568
蜀馨苑,residential,商务住宅;住宅区;住宅小区,武侯区,104.026724,30.648533
广福楼,residential,商务住宅;住宅区;住宅小区,武侯区,104.032706,30.641568
翠苑(燃灯寺北街),residential,商务住宅;住宅区;住宅小区,武侯区,104.032812,30.647112
二环路西一段15号院,residential,商务住宅;住宅区;住宅区,武侯区,104.0239,30.643095
三和苑,residential,商务住宅;住宅区;住宅小区,武侯区,104.032136,30.647568
蜀馨苑,residential,商务住宅;住宅区;住宅小区,武侯区,104.026724,30.648533
广福楼,residential,商务住宅;住宅区;住宅小区,武侯区,104.032706,30.641568
翠苑(燃灯寺北街),residential,商务住宅;住宅区;住宅小区,武侯区,104.032812,30.647112
蜀馨苑B区,residential,商务住宅;住宅区;住宅小区,武侯区,104.026458,30.648569
碧云路小区,residential,商务住宅;住宅区;住宅小区,武侯区,104.030369,30.640188
好家园(侨台大厦南),residential,商务住宅;住宅区;住宅小区,武侯区,104.024079,30.642049
锦尚国际,residential,商务住宅;住宅区;住宅区,武侯区,104.029751,30.63988
少陵路21号院,residential,商务住宅;住宅区;住宅小区,武侯区,104.029625,30.649125
燃灯寺北街40号,residential,商务住宅;住宅区;住宅小区,武侯区,104.032676,30.647671
燃灯寺路3号小区,residential,商务住宅;住宅区;住宅小区,武侯区,104.033594,30.646569
二环路西一段7号院,residential,商务住宅;住宅区;住宅小区,武侯区,104.024906,30.640872
少陵路29号院,residential,商务住宅;住宅区;住宅小区,武侯区,104.028908,30.649335
百花庭园,residential,商务住宅;住宅区;住宅小区,武侯区,104.031387,30.6488
燃灯寺北街86号院,residential,商务住宅;住宅区;住宅小区,武侯区,104.032595,30.648071
爱家馨城,residential,商务住宅;住宅区;住宅小区,武侯区,104.026041,30.639999
永盛南街5号院,residential,商务住宅;住宅区;住宅小区,武侯区,104.024243,30.641122
永盛南街7号院,residential,商务住宅;住宅区;住宅小区,武侯区,104.024495,30.640804
燃灯寺北街29号院,residential,商务住宅;住宅区;住宅小区,武侯区,104.033461,30.647549
双楠谊苑1期,residential,商务住宅;住宅区;住宅小区,武侯区,104.023915,30.648138
美好家园,residential,商务住宅;住宅区;住宅小区,武侯区,104.031943,30.639784
高升小区,residential,商务住宅;住宅区;住宅小区,武侯区,104.033288,30.640598
花样年华(永盛南街),residential,商务住宅;住宅区;住宅小区,武侯区,104.023855,30.640568
竹园2期,residential,商务住宅;住宅区;住宅小区,武侯区,104.024366,30.639657
百花邨,residential,商务住宅;住宅区;住宅小区,武侯区,104.033538,30.648888
广福桥街30号院,residential,商务住宅;住宅区;住宅区,武侯区,104.033529,30.63996
通祥苑,residential,商务住宅;住宅区;住宅小区,武侯区,104.037703,30.645284
一环路一段5号院,residential,商务住宅;住宅区;住宅小区,武侯区,104.039122,30.645618
一环路西一段5号,residential,商务住宅;住宅区;住宅区,武侯区,104.039107,30.645617
武侯祠大街269号院,residential,商务住宅;住宅区;住宅小区,武侯区,104.039866,30.645591
高升公寓,residential,商务住宅;住宅区;住宅小区,武侯区,104.038227,30.646092
一环路西一段新7号院,residential,商务住宅;住宅区;住宅小区,武侯区,104.039101,30.646106
武侯花园,residential,商务住宅;住宅区;住宅小区,武侯区,104.040361,30.643205
成都A区·锦外,residential,商务住宅;住宅区;住宅区,武侯区,104.038366,30.642416
一环路西一段9号院,residential,商务住宅;住宅区;住宅小区,武侯区,104.039119,30.646504
武侯祠大街265号院,residential,商务住宅;住宅区;住宅小区,武侯区,104.040711,30.645558
和谐苑(燃灯寺东街),residential,商务住宅;住宅区;住宅小区,武侯区,104.038015,30.646677
七道堰社区,residential,商务住宅;住宅区;住宅小区,武侯区,104.035812,30.644516
蜀汉公寓,residential,商务住宅;住宅区;住宅小区,武侯区,104.040954,30.645737
大石东路社区,residential,商务住宅;住宅区;住宅小区,武侯区,104.039783,30.646656
燃灯寺东街5号院,residential,商务住宅;住宅区;住宅区,武侯区,104.037316,30.646627
四川省公路设计研究院宿舍,residential,商务住宅;住宅区;住宅区,武侯区,104.040645,30.642467
武侯祠大街262号院,residential,商务住宅;住宅区;住宅小区,武侯区,104.041495,30.64349
燃灯寺东街7号院,residential,商务住宅;住宅区;住宅区,武侯区,104.036913,30.64675
华怡苑,residential,商务住宅;住宅区;住宅小区,武侯区,104.036177,30.646327
富临城南国际,residential,商务住宅;住宅区;住宅区,武侯区,104.037933,30.641558
武侯祠大街253号院,residential,商务住宅;住宅区;住宅小区,武侯区,104.041644,30.645808
高升桥小区,residential,商务住宅;住宅区;住宅小区,武侯区,104.038197,30.641417
静园(大石东路社区东),residential,商务住宅;住宅区;住宅小区,武侯区,104.040586,30.647053
武侯祠大街260号院,residential,商务住宅;住宅区;住宅小区,武侯区,104.042206,30.644272
和馨苑,residential,商务住宅;住宅区;住宅小区,武侯区,104.037463,30.647456
蜀汉街2号院,residential,商务住宅;住宅区;住宅小区,武侯区,104.041594,30.642665
燃灯寺东街14号院,residential,商务住宅;住宅区;住宅区,武侯区,104.036981,30.647387
蜀军苑,residential,商务住宅;住宅区;住宅区,武侯区,104.034904,30.645174
花样年华(广福桥正街),residential,商务住宅;住宅区;住宅小区,武侯区,104.034784,30.64468
新巢公寓,residential,商务住宅;住宅区;住宅小区,武侯区,104.034883,30.643657
蜀汉街6号院,residential,商务住宅;住宅区;住宅小区,武侯区,104.041988,30.642941
新巢1期,residential,商务住宅;住宅区;住宅区,武侯区,104.034835,30.643665
蜀汉街10号院,residential,商务住宅;住宅区;住宅小区,武侯区,104.042252,30.643395
新蓉小区,residential,商务住宅;住宅区;住宅小区,武侯区,104.041076,30.641881
蜀汉街8号院,residential,商务住宅;住宅区;住宅小区,武侯区,104.042193,30.643203
高升瑞景,residential,商务住宅;住宅区;住宅小区,武侯区,104.040412,30.641317
馨和苑,residential,商务住宅;住宅区;住宅小区,武侯区,104.036037,30.647205
武侯祠大街254号院,residential,商务住宅;住宅区;住宅小区,武侯区,104.042745,30.644623
长顺苑(大石南路),residential,商务住宅;住宅区;住宅小区,武侯区,104.034481,30.645583
蜀汉东街7号附1号院,residential,商务住宅;住宅区;住宅小区,武侯区,104.042854,30.643506
蜀汉东街7号附3号院,residential,商务住宅;住宅区;住宅小区,武侯区,104.042669,30.642969
双楠尊邸,residential,商务住宅;住宅区;住宅小区,武侯区,104.034119,30.644716
蜀汉东街7号附2号院,residential,商务住宅;住宅区;住宅小区,武侯区,104.04282,30.643199
油油苑,residential,商务住宅;住宅区;住宅区,武侯区,104.042951,30.643426
富临·城南国际成都A区,residential,商务住宅;住宅区;住宅小区,武侯区,104.037983,30.640874
长顺苑(大石南路),residential,商务住宅;住宅区;住宅小区,武侯区,104.034481,30.645583
蜀汉东街7号附1号院,residential,商务住宅;住宅区;住宅小区,武侯区,104.042854,30.643506
蜀汉东街7号附3号院,residential,商务住宅;住宅区;住宅小区,武侯区,104.042669,30.642969
双楠尊邸,residential,商务住宅;住宅区;住宅小区,武侯区,104.034119,30.644716
蜀汉东街7号附2号院,residential,商务住宅;住宅区;住宅小区,武侯区,104.04282,30.643199
油油苑,residential,商务住宅;住宅区;住宅区,武侯区,104.042951,30.643426
一环路南四段28号院,residential,商务住宅;住宅区;住宅小区,武侯区,104.042088,30.641939
大石南路1号院,residential,商务住宅;住宅区;住宅区,武侯区,104.035628,30.647564
燃灯寺路1号小区,residential,商务住宅;住宅区;住宅小区,武侯区,104.034543,30.646483
菊乐路15号小区,residential,商务住宅;住宅区;住宅小区,武侯区,104.036608,30.648189
金菊苑(大石南路),residential,商务住宅;住宅区;住宅小区,武侯区,104.035676,30.647745
农行与菊乐公司职工宿舍,residential,商务住宅;住宅区;住宅小区,武侯区,104.037231,30.648444
高升桥南街13号院,residential,商务住宅;住宅区;住宅区,武侯区,104.036498,30.640718
蜀汉东街8号院,residential,商务住宅;住宅区;住宅小区,武侯区,104.043357,30.643851
成都花语客栈,residential,商务住宅;住宅区;住宅小区|住宿服务;旅馆招待所;旅馆招待所,武侯区,104.037328,30.640393
体院教师楼,residential,商务住宅;住宅区;住宅区,武侯区,104.038164,30.648765
菊乐路11号院,residential,商务住宅;住宅区;住宅区,武侯区,104.036679,30.648388
四季花城,residential,商务住宅;住宅区;住宅小区,武侯区,104.033743,30.643331
高升桥北街9号院,residential,商务住宅;住宅区;住宅区,武侯区,104.036799,30.64029
燃灯寺路小区,residential,商务住宅;住宅区;住宅小区,武侯区,104.033913,30.646422
武侯祠大街245号院,residential,商务住宅;住宅区;住宅小区,武侯区,104.043023,30.64682
隐庐巷上生活馆北区,residential,商务住宅;住宅区;住宅区,武侯区,104.033637,30.645926
罗浮世家1期,residential,商务住宅;住宅区;住宅小区,武侯区,104.035626,30.640563
大石南路40号,residential,商务住宅;住宅区;住宅小区,武侯区,104.034616,30.64773
武侯名园,residential,商务住宅;住宅区;住宅小区,武侯区,104.043279,30.641962
福美嘉苑,residential,商务住宅;住宅区;住宅小区,武侯区,104.034399,30.647536
菊乐路98号院,residential,商务住宅;住宅区;住宅区,武侯区,104.036513,30.648884
燃灯寺路3号小区,residential,商务住宅;住宅区;住宅小区,武侯区,104.033594,30.646569
同乐苑(菊乐路),residential,商务住宅;住宅区;住宅小区,武侯区,104.03732,30.649351
大石南路小区,residential,商务住宅;住宅区;住宅小区,武侯区,104.033917,30.647626
菊花路122号院,residential,商务住宅;住宅区;住宅区,武侯区,104.035828,30.649057
高升桥东路3号院,residential,商务住宅;住宅区;住宅小区,武侯区,104.041852,30.639654
广福桥街32号院,residential,商务住宅;住宅区;住宅区,武侯区,104.033753,30.64068
菊乐路55号院,residential,商务住宅;住宅区;住宅区,武侯区,104.034488,30.649202
兴蓉西巷1号院,residential,商务住宅;住宅区;住宅小区,武侯区,104.042949,30.639846
一号苑,residential,商务住宅;住宅区;住宅小区,武侯区,104.042842,30.639733
兴蓉西巷3号院,residential,商务住宅;住宅区;住宅小区,武侯区,104.04281,30.639625
菊乐路89号小区,residential,商务住宅;住宅区;住宅小区,武侯区,104.033984,30.649309
建国巷4号院,residential,商务住宅;住宅区;住宅小区,武侯区,104.04849,30.64531
建国巷4-1号院,residential,商务住宅;住宅区;住宅小区,武侯区,104.048152,30.645494
洗面桥横街35号院,residential,商务住宅;住宅区;住宅小区,武侯区,104.047235,30.643861
洗面桥宿舍,residential,商务住宅;住宅区;住宅小区,武侯区,104.049543,30.643321
蜀芙苑,residential,商务住宅;住宅区;住宅小区,武侯区,104.05061,30.643879
武侯祠横街1号院,residential,商务住宅;住宅区;住宅区,武侯区,104.047089,30.646335
锦官城(武侯祠大街),residential,商务住宅;住宅区;住宅小区,武侯区,104.049718,30.646548
洗面桥横街23号院,residential,商务住宅;住宅区;住宅小区,武侯区,104.050604,30.642473
蜀光苑小区,residential,商务住宅;住宅区;住宅小区,武侯区,104.0516,30.64475
武侯祠东街新3号院,residential,商务住宅;住宅区;住宅小区,武侯区,104.045539,30.645207
武侯祠横街6号院,residential,商务住宅;住宅区;住宅小区,武侯区,104.045116,30.644093
圣地阳光,residential,商务住宅;住宅区;住宅区,武侯区,104.051729,30.643187
武侯祠横街新8号院,residential,商务住宅;住宅区;住宅小区,武侯区,104.044956,30.643761
西源公寓,residential,商务住宅;住宅区;住宅小区,武侯区,104.044831,30.645621
瓦子堰,residential,商务住宅;住宅区;住宅小区,武侯区,104.051485,30.642026
肥猪市街27号院,residential,商务住宅;住宅区;住宅小区,武侯区,104.052766,30.643935
武侯祠东街4号院,residential,商务住宅;住宅区;住宅小区,武侯区,104.044239,30.644975
成都飞机设计研究所A2住宅小区,residential,商务住宅;住宅区;住宅小区,武侯区,104.048957,30.648424
银杏苑(洗面桥巷),residential,商务住宅;住宅区;住宅小区,武侯区,104.051333,30.641412
蜀汉街社区,residential,商务住宅;住宅区;住宅小区,武侯区,104.044153,30.64369
成都飞机设计研究所A3住宅小区,residential,商务住宅;住宅区;住宅小区,武侯区,104.047768,30.648502
家和苑(洗面桥巷),residential,商务住宅;住宅区;住宅小区,武侯区,104.05092,30.641118
汇锦公寓,residential,商务住宅;住宅区;住宅小区,武侯区,104.053143,30.644724
武侯祠大街小区,residential,商务住宅;住宅区;住宅小区,武侯区,104.052117,30.647086
武侯祠东街8号院,residential,商务住宅;住宅区;住宅小区,武侯区,104.043813,30.644886
洗面桥横街17号院,residential,商务住宅;住宅区;住宅小区,武侯区,104.052229,30.641724
青龙苑,residential,商务住宅;住宅区;住宅小区,武侯区,104.04881,30.640238
洗面桥巷5号,residential,商务住宅;住宅区;住宅小区,武侯区,104.050628,30.64058
橄榄苑,residential,商务住宅;住宅区;住宅区,武侯区,104.053422,30.645655
成都飞机设计研究所A1住宅小区,residential,商务住宅;住宅区;住宅小区,武侯区,104.04927,30.649039
武侯区省级机关单位小区,residential,商务住宅;住宅区;住宅小区,武侯区,104.050395,30.648598
洗面桥巷8号院,residential,商务住宅;住宅区;住宅小区,武侯区,104.048838,30.639876
南方福苑,residential,商务住宅;住宅区;住宅小区,武侯区,104.051265,30.640315
洗面桥巷4号新3栋小区,residential,商务住宅;住宅区;住宅小区,武侯区,104.049266,30.639506
武侯祠横街13号院,residential,商务住宅;住宅区;住宅小区,武侯区,104.044066,30.641012
泰达·锦和名邸,residential,商务住宅;住宅区;住宅小区,武侯区,104.052577,30.64883
锦江苑(武侯祠横街),residential,商务住宅;住宅区;住宅小区,武侯区,104.043642,30.640522
一环路南四段22号院,residential,商务住宅;住宅区;住宅区,武侯区,104.044517,30.639784
锦宏阁,residential,商务住宅;住宅区;住宅小区,武侯区,104.043667,30.64029
通祠路14号院,residential,商务住宅;住宅区;住宅小区,武侯区,104.052748,30.649191
通祠苑,residential,商务住宅;住宅区;住宅小区,武侯区,104.053472,30.649272
百年华西世纪名院,residential,商务住宅;住宅区;住宅小区,武侯区,104.057738,30.645473
城南世家(黉门后街),residential,商务住宅;住宅区;住宅小区,武侯区,104.057541,30.646071
四川大学华西校区西园职工住宅区1,residential,商务住宅;住宅区;住宅小区,武侯区,104.055992,30.644899
小税巷5号院,residential,商务住宅;住宅区;住宅小区,武侯区,104.05927,30.646373
四川大学华西校区西园职工住宅区2,residential,商务住宅;住宅区;住宅小区,武侯区,104.055723,30.644613
小税巷6号院,residential,商务住宅;住宅区;住宅小区,武侯区,104.058975,30.646659
四川大学华西校区西园职工住宅区3,residential,商务住宅;住宅区;住宅小区,武侯区,104.055597,30.644342
小税巷4号院,residential,商务住宅;住宅区;住宅小区,武侯区,104.059443,30.646638
四川大学华西校区西园职工住宅区5,residential,商务住宅;住宅区;住宅小区,武侯区,104.055548,30.644153
四川大学华西校区公行道职工住宅区,residential,商务住宅;住宅区;住宅小区,武侯区,104.060585,30.642405
四川大学华西校区西园职工住宅区6,residential,商务住宅;住宅区;住宅小区,武侯区,104.055442,30.643958
四川大学华西校区西园职工住宅区7,residential,商务住宅;住宅区;住宅小区,武侯区,104.055338,30.643775
公行道一号院,residential,商务住宅;住宅区;住宅区,武侯区,104.060555,30.6425
四川大学华西校区西园职工住宅区8,residential,商务住宅;住宅区;住宅小区,武侯区,104.055254,30.643582
阳城云尚,residential,商务住宅;住宅区;住宅区,武侯区,104.055619,30.64557
国嘉南苑(浆洗街),residential,商务住宅;住宅区;住宅小区,武侯区,104.055318,30.644293
电信路18号院,residential,商务住宅;住宅区;住宅小区,武侯区,104.058137,30.64158
宝云楼(公行道),residential,商务住宅;住宅区;住宅小区,武侯区,104.061161,30.642446
黉门公馆,residential,商务住宅;住宅区;住宅小区,武侯区,104.059946,30.647072
电信路16号院,residential,商务住宅;住宅区;住宅区,武侯区,104.056968,30.641719
四川大学华西校区口腔医院职工住宅区6,residential,商务住宅;住宅区;住宅小区,武侯区,104.061927,30.645813
小天竺街105号院,residential,商务住宅;住宅区;住宅小区,武侯区,104.061264,30.646616
利民巷2号院,residential,商务住宅;住宅区;住宅小区,武侯区,104.055018,30.643113
四川大学华西校区口腔医院职工住宅区5,residential,商务住宅;住宅区;住宅小区,武侯区,104.062453,30.645533
电信路14号院,residential,商务住宅;住宅区;住宅小区,武侯区,104.056064,30.641774
利民巷6号院,residential,商务住宅;住宅区;住宅小区,武侯区,104.055594,30.642159
国嘉南苑(黉门后街),residential,商务住宅;住宅区;住宅小区,武侯区,104.055289,30.646451
四川大学华西校区口腔医院职工住宅区4,residential,商务住宅;住宅区;住宅小区,武侯区,104.062519,30.645736
利民巷2号院,residential,商务住宅;住宅区;住宅小区,武侯区,104.055018,30.643113
浆洗街4号院,residential,商务住宅;住宅区;住宅小区,武侯区,104.054701,30.644297
四川大学华西校区口腔医院职工住宅区5,residential,商务住宅;住宅区;住宅小区,武侯区,104.062453,30.645533
电信路14号院,residential,商务住宅;住宅区;住宅小区,武侯区,104.056064,30.641774
利民巷6号院,residential,商务住宅;住宅区;住宅小区,武侯区,104.055594,30.642159
国嘉南苑(黉门后街),residential,商务住宅;住宅区;住宅小区,武侯区,104.055289,30.646451
四川大学华西校区口腔医院职工住宅区4,residential,商务住宅;住宅区;住宅小区,武侯区,104.062519,30.645736
南桥花苑,residential,商务住宅;住宅区;住宅小区,武侯区,104.058079,30.648003
竺苑,residential,商务住宅;住宅区;住宅小区,武侯区,104.059539,30.64796
黉门街31号院,residential,商务住宅;住宅区;住宅小区,武侯区,104.058696,30.648074
四川大学华西校区速中路职工住宅区6,residential,商务住宅;住宅区;住宅小区,武侯区,104.062101,30.641956
玉华村,residential,商务住宅;住宅区;住宅小区,武侯区,104.060563,30.641091
坐苑,residential,商务住宅;住宅区;住宅区,武侯区,104.05942,30.648117
邮电新村,residential,商务住宅;住宅区;住宅小区,武侯区,104.054384,30.64309
电信路24号院,residential,商务住宅;住宅区;住宅小区,武侯区,104.057677,30.640661
怡园(电信后街),residential,商务住宅;住宅区;住宅小区,武侯区,104.056238,30.641125
电信后街小区,residential,商务住宅;住宅区;住宅小区,武侯区,104.055549,30.641552
中学路17号院,residential,商务住宅;住宅区;住宅小区,武侯区,104.059677,30.640643
洗面桥东一街1号院,residential,商务住宅;住宅区;住宅小区,武侯区,104.055439,30.641489
金钻时代,residential,商务住宅;住宅区;住宅区,武侯区,104.061386,30.647541
坛神巷11号院,residential,商务住宅;住宅区;住宅小区,武侯区,104.060059,30.648228
坛神巷12号院,residential,商务住宅;住宅区;住宅区,武侯区,104.059802,30.648295
新锦江,residential,商务住宅;住宅区;住宅小区,武侯区,104.05949,30.648403
东巷别苑,residential,商务住宅;住宅区;住宅小区,武侯区,104.058744,30.648473
凯蒂阳光小区,residential,商务住宅;住宅区;住宅小区,武侯区,104.061338,30.641089
电信路26号院,residential,商务住宅;住宅区;住宅小区,武侯区,104.057444,30.640398
静苑(小学路),residential,商务住宅;住宅区;住宅小区,武侯区,104.058465,30.640269
中学路15号院,residential,商务住宅;住宅区;住宅小区,武侯区,104.05916,30.64027
肥猪市街小区,residential,商务住宅;住宅区;住宅小区,武侯区,104.053584,30.644173
速中路职工住宅区,residential,商务住宅;住宅区;住宅小区,武侯区,104.06228,30.641138
金沙寺街48号院,residential,商务住宅;住宅区;住宅小区,武侯区,104.06011,30.648487
大悲巷42号院,residential,商务住宅;住宅区;住宅小区,武侯区,104.059869,30.648571
浆洗街社区,residential,商务住宅;住宅区;住宅小区,武侯区,104.054702,30.641604
金沙寺街38号院,residential,商务住宅;住宅区;住宅小区,武侯区,104.060293,30.648468
浆洗街社区(南门),residential,商务住宅;住宅区;住宅小区,武侯区,104.054702,30.641604
金沙寺街37号院,residential,商务住宅;住宅区;住宅小区,武侯区,104.0605,30.648419
新气象小区,residential,商务住宅;住宅区;住宅小区,武侯区,104.062109,30.647515
公行道8号,residential,商务住宅;住宅区;住宅区,武侯区,104.061446,30.640781
中学路18号院,residential,商务住宅;住宅区;住宅小区,武侯区,104.059731,30.640098
橄榄苑1期,residential,商务住宅;住宅区;住宅区,武侯区,104.053673,30.645882
洗面桥街24号1号院,residential,商务住宅;住宅区;住宅区,武侯区,104.053928,30.642321
大悲巷小区,residential,商务住宅;住宅区;住宅小区,武侯区,104.060105,30.648762
武侯区玉林街道簧门街社区,residential,商务住宅;住宅区;住宅小区,武侯区,104.056178,30.640316
电信路25号院,residential,商务住宅;住宅区;住宅小区,武侯区,104.057737,30.639863
金沙寺街39号院,residential,商务住宅;住宅区;住宅小区,武侯区,104.060371,30.648764
洗面桥街24号院,residential,商务住宅;住宅区;住宅小区,武侯区,104.053633,30.642491
清园小区,residential,商务住宅;住宅区;住宅小区,武侯区,104.058173,30.639752
玉林街道黉门街社区,residential,商务住宅;住宅区;住宅区,武侯区,104.060427,30.648779
小学路13号院,residential,商务住宅;住宅区;住宅小区,武侯区,104.059342,30.639788
洗面桥东一街3号院,residential,商务住宅;住宅区;住宅区,武侯区,104.054441,30.641073
电信南街27号院,residential,商务住宅;住宅区;住宅小区,武侯区,104.056779,30.639698
万里号,residential,商务住宅;住宅区;住宅区,武侯区,104.056729,30.649139
电信南街38号院,residential,商务住宅;住宅区;住宅小区,武侯区,104.058097,30.63942
小学路小区,residential,商务住宅;住宅区;住宅小区,武侯区,104.059722,30.639453
小天西街180号院,residential,商务住宅;住宅区;住宅小区,武侯区,104.055271,30.640147
华西雅园,residential,商务住宅;住宅区;住宅小区,武侯区,104.056152,30.639675
天竺园,residential,商务住宅;住宅区;住宅小区,武侯区,104.054395,30.640628
楠园,residential,商务住宅;住宅区;住宅小区,武侯区,104.055143,30.64001
新气象小区(北门),residential,商务住宅;住宅区;住宅小区,武侯区,104.063383,30.647716
中学路31号院,residential,商务住宅;住宅区;住宅小区,武侯区,104.06108,30.639447
洗面桥东一街4号院,residential,商务住宅;住宅区;住宅小区,武侯区,104.054399,30.64022
小天北巷38号院,residential,商务住宅;住宅区;住宅小区,武侯区,104.055271,30.639599
天竺园公寓,residential,商务住宅;住宅区;住宅小区,武侯区,104.05389,30.639505
华西医技楼,residential,商务住宅;楼宇;楼宇相关,武侯区,104.056822,30.64547
华西医大宁村家属区,residential,商务住宅;住宅区;住宅区,武侯区,104.069493,30.64479
大学路10号院,residential,商务住宅;住宅区;住宅区,武侯区,104.068775,30.645373
大学路1号院,residential,商务住宅;住宅区;住宅小区,武侯区,104.069901,30.644765
临江路8号院,residential,商务住宅;住宅区;住宅区,武侯区,104.069744,30.645873
大学路3号院,residential,商务住宅;住宅区;住宅区,武侯区,104.067528,30.646215
临江路60号院,residential,商务住宅;住宅区;住宅小区,武侯区,104.069455,30.646262
大学路市场小区,residential,商务住宅;住宅区;住宅小区,武侯区,104.070154,30.645891
临江路9号院,residential,商务住宅;住宅区;住宅区,武侯区,104.070231,30.645868
胜利新村29号院,residential,商务住宅;住宅区;住宅小区,武侯区,104.071123,30.644303
大学路12号院(大学路),residential,商务住宅;住宅区;住宅小区,武侯区,104.067645,30.646583
伊顿社区,residential,商务住宅;住宅区;住宅小区,武侯区,104.069888,30.642423
胜利新村27号院,residential,商务住宅;住宅区;住宅小区,武侯区,104.071188,30.644669
胜利新村30号院,residential,商务住宅;住宅区;住宅小区,武侯区,104.071107,30.64373
胜利公寓,residential,商务住宅;住宅区;住宅小区,武侯区,104.071194,30.644837
胜利新村16号院,residential,商务住宅;住宅区;住宅小区,武侯区,104.071132,30.643604
临江路16号院,residential,商务住宅;住宅区;住宅小区,武侯区,104.068974,30.646805
一鑫居,residential,商务住宅;住宅区;住宅小区,武侯区,104.070841,30.645897
胜利佳苑,residential,商务住宅;住宅区;住宅小区,武侯区,104.070965,30.643058
晨明滨江金座,residential,商务住宅;住宅区;住宅区,武侯区,104.07114,30.645568
临江路36号院,residential,商务住宅;住宅区;住宅小区,武侯区,104.06981,30.646788
大学路公寓(南台路),residential,商务住宅;住宅区;住宅小区,武侯区,104.071507,30.645317
十七街5号院,residential,商务住宅;住宅区;住宅小区,武侯区,104.071108,30.646146
胜利新村12号院,residential,商务住宅;住宅区;住宅小区,武侯区,104.071677,30.643564
临江路61号院,residential,商务住宅;住宅区;住宅小区,武侯区,104.069023,30.647218
新南支路14号院,residential,商务住宅;住宅区;住宅小区,武侯区,104.071505,30.645673
胜利新村15号院,residential,商务住宅;住宅区;住宅小区,武侯区,104.071662,30.643272
胜利新村11号院,residential,商务住宅;住宅区;住宅小区,武侯区,104.07116,30.642401
新南路40号院,residential,商务住宅;住宅区;住宅小区,武侯区,104.072137,30.64392
汇通银行公寓,residential,商务住宅;住宅区;住宅小区,武侯区,104.069958,30.647329
胜利新村4号院,residential,商务住宅;住宅区;住宅区,武侯区,104.072029,30.643091
胜利村110号院,residential,商务住宅;住宅区;住宅小区,武侯区,104.070259,30.641412
新南路40号院,residential,商务住宅;住宅区;住宅小区,武侯区,104.072137,30.64392
汇通银行公寓,residential,商务住宅;住宅区;住宅小区,武侯区,104.069958,30.647329
胜利新村4号院,residential,商务住宅;住宅区;住宅区,武侯区,104.072029,30.643091
胜利村110号院,residential,商务住宅;住宅区;住宅小区,武侯区,104.070259,30.641412
十七街7号院,residential,商务住宅;住宅区;住宅小区,武侯区,104.071873,30.646323
胜利新村3号院,residential,商务住宅;住宅区;住宅小区,武侯区,104.072425,30.643369
成都胜利佳苑女子学生公寓,residential,商务住宅;住宅区;住宅小区|住宿服务;旅馆招待所;旅馆招待所,武侯区,104.072536,30.643264
新南路42号院,residential,商务住宅;住宅区;住宅小区,武侯区,104.072679,30.643746
胜利新村1号院,residential,商务住宅;住宅区;住宅区,武侯区,104.072614,30.643411
人民南路三段15号院,residential,商务住宅;住宅区;住宅小区,武侯区,104.064235,30.644756
胜利新村6号院,residential,商务住宅;住宅区;住宅小区,武侯区,104.07241,30.642676
新南路84号院,residential,商务住宅;住宅区;住宅小区,武侯区,104.072618,30.642263
胜利馨苑,residential,商务住宅;住宅区;住宅小区,武侯区,104.070208,30.640483
新南路83号公寓,residential,商务住宅;住宅区;住宅小区,武侯区,104.073368,30.643618
锦江新园,residential,商务住宅;住宅区;住宅小区,武侯区,104.073222,30.646117
华西美庐,residential,商务住宅;住宅区;住宅小区,武侯区,104.064909,30.64126
林荫街10号院,residential,商务住宅;住宅区;住宅小区,武侯区,104.068871,30.639965
大华世都,residential,商务住宅;住宅区;住宅小区,武侯区,104.073455,30.643029
南虹村,residential,商务住宅;住宅区;住宅小区,武侯区,104.069038,30.639921
致民路小区,residential,商务住宅;住宅区;住宅小区,武侯区,104.072989,30.646901
胜利村382-383号院,residential,商务住宅;住宅区;住宅小区,武侯区,104.069915,30.639862
南虹和苑(林荫街),residential,商务住宅;住宅区;住宅小区,武侯区,104.06632,30.639666
警悦居,residential,商务住宅;住宅区;住宅区,锦江区,104.07117,30.649036
华西南园,residential,商务住宅;住宅区;住宅小区,武侯区,104.064384,30.640537
林荫街15号院,residential,商务住宅;住宅区;住宅小区,武侯区,104.066447,30.639447
林荫街11号院,residential,商务住宅;住宅区;住宅小区,武侯区,104.066113,30.639416
十一街13号院,residential,商务住宅;住宅区;住宅小区,武侯区,104.078335,30.644043
佳顺苑,residential,商务住宅;住宅区;住宅小区,武侯区,104.079065,30.644019
南岸一家,residential,商务住宅;住宅区;住宅小区,武侯区,104.07861,30.645054
安顺苑,residential,商务住宅;住宅区;住宅小区,武侯区,104.079132,30.64494
十一巷2号院,residential,商务住宅;住宅区;住宅小区,武侯区,104.077737,30.643735
江天路1号院,residential,商务住宅;住宅区;住宅小区,武侯区,104.079735,30.644606
太平横街95号院,residential,商务住宅;住宅区;住宅小区,武侯区,104.078478,30.643252
太平横街42号院,residential,商务住宅;住宅区;住宅小区,武侯区,104.079318,30.643438
十二中街6号小区,residential,商务住宅;住宅区;住宅小区,武侯区,104.076892,30.644203
十二中街3号小区,residential,商务住宅;住宅区;住宅小区,武侯区,104.076833,30.644409
新桥小区,residential,商务住宅;住宅区;住宅小区,武侯区,104.076767,30.644765
四川省肢体伤残康复中心住宅楼,residential,商务住宅;住宅区;住宅小区,武侯区,104.078187,30.642603
望亭居,residential,商务住宅;住宅区;住宅小区,武侯区,104.080283,30.643546
龙江路26号院,residential,商务住宅;住宅区;住宅区,武侯区,104.078694,30.642603
都市金座,residential,商务住宅;住宅区;住宅小区,武侯区,104.076876,30.645612
时代ICO,residential,商务住宅;住宅区;住宅小区,武侯区,104.080677,30.644152
龙江路23号院,residential,商务住宅;住宅区;住宅小区,武侯区,104.077075,30.642915
锦江花园城,residential,商务住宅;住宅区;住宅小区,武侯区,104.0771,30.646227
龙江公寓,residential,商务住宅;住宅区;住宅小区,武侯区,104.076295,30.64317
双河景,residential,商务住宅;住宅区;住宅区,武侯区,104.081154,30.644076
十二南街小区,residential,商务住宅;住宅区;住宅小区,武侯区,104.076313,30.642864
龙江商寓,residential,商务住宅;住宅区;住宅小区,武侯区,104.075815,30.643292
锦宏·骏苑,residential,商务住宅;住宅区;住宅小区,武侯区,104.075494,30.643692
摩卡筑,residential,商务住宅;住宅区;住宅小区,武侯区,104.079096,30.641712
新园(新生路),residential,商务住宅;住宅区;住宅小区,武侯区,104.076464,30.642247
南河居,residential,商务住宅;住宅区;住宅小区,武侯区,104.081456,30.643268
龙江路14巷小区,residential,商务住宅;住宅区;住宅小区,武侯区,104.07534,30.645132
廊桥乐章,residential,商务住宅;住宅区;住宅小区,武侯区,104.08086,30.642338
川艺职院家属楼,residential,商务住宅;住宅区;住宅小区,武侯区,104.077088,30.641664
十二街社区,residential,商务住宅;住宅区;住宅小区,武侯区,104.075833,30.642484
莱茵河畔(致民东路),residential,商务住宅;住宅区;住宅小区,武侯区,104.081544,30.642854
新生路社区,residential,商务住宅;住宅区;住宅小区,武侯区,104.08053,30.641886
都会风尚,residential,商务住宅;住宅区;住宅小区,锦江区,104.078172,30.647471
正黄·上岭,residential,商务住宅;住宅区;住宅小区,武侯区,104.080565,30.641789
南河苑(致民东路),residential,商务住宅;住宅区;住宅小区,武侯区,104.082097,30.643737
十二街社区,residential,商务住宅;住宅区;住宅小区,武侯区,104.075833,30.642484
雅典国际社区(北2门),residential,商务住宅;住宅区;住宅小区,武侯区,104.076533,30.646852
莱茵河畔(致民东路),residential,商务住宅;住宅区;住宅小区,武侯区,104.081544,30.642854
十二南街3号院,residential,商务住宅;住宅区;住宅小区,武侯区,104.075712,30.642548
新生路社区,residential,商务住宅;住宅区;住宅小区,武侯区,104.08053,30.641886
都会风尚,residential,商务住宅;住宅区;住宅小区,锦江区,104.078172,30.647471
锦宏骏苑南区,residential,商务住宅;住宅区;住宅小区,武侯区,104.075063,30.643353
正黄·上岭,residential,商务住宅;住宅区;住宅小区,武侯区,104.080565,30.641789
南河苑(致民东路),residential,商务住宅;住宅区;住宅小区,武侯区,104.082097,30.643737
雅典国际社区,residential,商务住宅;住宅区;住宅小区,武侯区,104.075726,30.646537
滨江东路160号院,residential,商务住宅;住宅区;住宅小区,锦江区,104.077359,30.647506
博济苑,residential,商务住宅;住宅区;住宅小区,武侯区,104.075787,30.642102
凯莱国际寓所,residential,商务住宅;住宅区;住宅小区,武侯区,104.074724,30.645049
老马路社区,residential,商务住宅;住宅区;住宅小区,武侯区,104.080246,30.641307
青莲下街56号院,residential,商务住宅;住宅区;住宅区,锦江区,104.07928,30.647787
十五中街3号院,residential,商务住宅;住宅区;住宅区,武侯区,104.074573,30.645449
安顺公寓,residential,商务住宅;住宅区;住宅小区,锦江区,104.080023,30.64775
祥瑞苑(群众路),residential,商务住宅;住宅区;住宅小区,武侯区,104.078245,30.640764
十四巷2号,residential,商务住宅;住宅区;住宅区,武侯区,104.074286,30.643654
武侯区望江路街道临江东路社区,residential,商务住宅;住宅区;住宅小区,武侯区,104.074068,30.644532
东南里1号院,residential,商务住宅;住宅区;住宅小区,锦江区,104.079093,30.648224
老马路6号院,residential,商务住宅;住宅区;住宅小区,武侯区,104.081319,30.641324
避安小区,residential,商务住宅;住宅区;住宅小区,武侯区,104.082923,30.643357
群众路2号院,residential,商务住宅;住宅区;住宅小区,武侯区,104.078521,30.64043
锦上花小区,residential,商务住宅;住宅区;住宅小区,锦江区,104.080514,30.648025
银唐国际寓所,residential,商务住宅;住宅区;住宅小区,锦江区,104.077672,30.648382
Colour·彼岸,residential,商务住宅;住宅区;住宅小区,武侯区,104.083164,30.643312
红星苑(新南路),residential,商务住宅;住宅区;住宅小区,武侯区,104.073528,30.645238
老马路7号院,residential,商务住宅;住宅区;住宅区,武侯区,104.082307,30.64139
一环路南一段5号院,residential,商务住宅;住宅区;住宅小区,武侯区,104.081657,30.640756
东南里公寓,residential,商务住宅;住宅区;住宅小区,锦江区,104.077553,30.648919
致民东路10号院,residential,商务住宅;住宅区;住宅小区,武侯区,104.083439,30.64265
致民路社区,residential,商务住宅;住宅区;住宅小区,武侯区,104.083418,30.642594
怀园,residential,商务住宅;住宅区;住宅小区,武侯区,104.077439,30.639867
万怡置业,residential,商务住宅;住宅区;住宅区,锦江区,104.079521,30.648925
老马路12号院,residential,商务住宅;住宅区;住宅小区,武侯区,104.083186,30.642106
和谐公寓,residential,商务住宅;住宅区;住宅小区,武侯区,104.082393,30.641168
合江亭花园,residential,商务住宅;住宅区;住宅小区,锦江区,104.080724,30.648642
临江名居,residential,商务住宅;住宅区;住宅小区,武侯区,104.07387,30.646988
新南路85号院,residential,商务住宅;住宅区;住宅小区,武侯区,104.073527,30.642284
锦江印象,residential,商务住宅;住宅区;住宅小区,锦江区,104.079738,30.649065
一环路南一段7号院,residential,商务住宅;住宅区;住宅小区,武侯区,104.080555,30.63996
民主路12号院,residential,商务住宅;住宅区;住宅小区,武侯区,104.077941,30.639643
祥和苑(民主路),residential,商务住宅;住宅区;住宅小区,武侯区,104.07796,30.639628
东恒国际花园,residential,商务住宅;住宅区;住宅区,锦江区,104.080908,30.648698
星河名都,residential,商务住宅;住宅区;住宅小区,锦江区,104.076601,30.648923
下莲池街6号院,residential,商务住宅;住宅区;住宅小区,锦江区,104.075733,30.648599
青莲上街小区,residential,商务住宅;住宅区;住宅小区,锦江区,104.080618,30.648878
下莲池街8号院,residential,商务住宅;住宅区;住宅小区,锦江区,104.075843,30.648704
海会花园,residential,商务住宅;住宅区;住宅小区,武侯区,104.081952,30.64039
鸿禧花园,residential,商务住宅;住宅区;住宅小区,武侯区,104.083431,30.641659
一环路南一段小区,residential,商务住宅;住宅区;住宅小区,武侯区,104.082067,30.640261
人保财险小区,residential,商务住宅;住宅区;住宅小区,武侯区,104.082846,30.640819
滨江东路226号院,residential,商务住宅;住宅区;住宅小区,锦江区,104.075017,30.648682
宏都·美丽合江,residential,商务住宅;住宅区;住宅小区,锦江区,104.081161,30.649301
下莲池街7号院,residential,商务住宅;住宅区;住宅小区,锦江区,104.075296,30.6491
滨江东路小区,residential,商务住宅;住宅区;住宅小区,锦江区,104.074775,30.648833
滨江东路230号院,residential,商务住宅;住宅区;住宅小区,锦江区,104.074604,30.648803
新南苑,residential,商务住宅;住宅区;住宅小区,锦江区,104.075105,30.649165
滨江东路228号院,residential,商务住宅;住宅区;住宅小区,锦江区,104.074532,30.648821
滨江东路236号院,residential,商务住宅;住宅区;住宅小区,锦江区,104.074129,30.648914
新南路89号院,residential,商务住宅;住宅区;住宅小区,武侯区,104.073744,30.640086
和信·派都,residential,商务住宅;住宅区;住宅小区,武侯区,104.082828,30.639742
王家坝后街3号院,residential,商务住宅;住宅区;住宅小区,锦江区,104.073767,30.649296
金泉小区(星桥街),residential,商务住宅;住宅区;住宅小区,锦江区,104.086679,30.644671
外滩,residential,商务住宅;住宅区;住宅小区,锦江区,104.089804,30.642774
晶蓝半岛1期,residential,商务住宅;住宅区;住宅小区,锦江区,104.090675,30.643489
金泉街50号院,residential,商务住宅;住宅区;住宅小区,锦江区,104.086124,30.645478
顺江苑(顺江路),residential,商务住宅;住宅区;住宅小区,锦江区,104.088588,30.641884
光辉岁月,residential,商务住宅;住宅区;住宅小区,锦江区,104.08772,30.646868
清和里北段7号院,residential,商务住宅;住宅区;住宅区,锦江区,104.087293,30.646777
锦官驿社区,residential,商务住宅;住宅区;住宅小区,锦江区,104.088995,30.646981
宏济中路43号院,residential,商务住宅;住宅区;住宅小区,锦江区,104.091407,30.645512
年丰巷53号院,residential,商务住宅;住宅区;住宅小区,锦江区,104.088649,30.647168
青龙横街37号院,residential,商务住宅;住宅区;住宅小区,锦江区,104.086379,30.646576
顺江路49号院,residential,商务住宅;住宅区;住宅小区,锦江区,104.089073,30.641588
龙湖·晶蓝半岛,residential,商务住宅;住宅区;住宅小区,锦江区,104.091766,30.64406
宏济新路95号院,residential,商务住宅;住宅区;住宅小区,锦江区,104.0905,30.642061
青和里小区,residential,商务住宅;住宅区;住宅小区,锦江区,104.087722,30.647306
年丰巷30号,residential,商务住宅;住宅区;住宅区,锦江区,104.089645,30.64722
晶蓝半岛2期,residential,商务住宅;住宅区;住宅区,锦江区,104.09206,30.643895
一环路东五段小区,residential,商务住宅;住宅区;住宅小区,锦江区,104.090451,30.647053
电力勘察设计院小区,residential,商务住宅;住宅区;住宅小区,锦江区,104.087532,30.647565
宏济苑,residential,商务住宅;住宅区;住宅区,锦江区,104.091702,30.646206
青龙正街小区,residential,商务住宅;住宅区;住宅小区,锦江区,104.086393,30.647515
丰景苑,residential,商务住宅;住宅区;住宅小区,锦江区,104.089409,30.647919
宏济中路39号院,residential,商务住宅;住宅区;住宅小区,锦江区,104.09245,30.645966
紫东街电力社区(年丰巷53号院北),residential,商务住宅;住宅区;住宅小区,锦江区,104.088187,30.648143
龙井苑,residential,商务住宅;住宅区;住宅小区,锦江区,104.086256,30.64771
东恒国际,residential,商务住宅;住宅区;住宅小区,锦江区,104.092002,30.646943
粼江峰阁(顺江路),residential,商务住宅;住宅区;住宅小区,锦江区,104.090699,30.640857
世纪朝阳,residential,商务住宅;住宅区;住宅小区,锦江区,104.092512,30.642285
宏济新路201号院,residential,商务住宅;住宅区;住宅小区,锦江区,104.091916,30.641299
双槐树街76号院,residential,商务住宅;住宅区;住宅小区,锦江区,104.085071,30.647524
丰景苑,residential,商务住宅;住宅区;住宅小区,锦江区,104.089409,30.647919
宏济中路39号院,residential,商务住宅;住宅区;住宅小区,锦江区,104.09245,30.645966
紫东街电力社区(年丰巷53号院北),residential,商务住宅;住宅区;住宅小区,锦江区,104.088187,30.648143
龙井苑,residential,商务住宅;住宅区;住宅小区,锦江区,104.086256,30.64771
东恒国际,residential,商务住宅;住宅区;住宅小区,锦江区,104.092002,30.646943
粼江峰阁(顺江路),residential,商务住宅;住宅区;住宅小区,锦江区,104.090699,30.640857
世纪朝阳,residential,商务住宅;住宅区;住宅小区,锦江区,104.092512,30.642285
宏济新路201号院,residential,商务住宅;住宅区;住宅小区,锦江区,104.091916,30.641299
双槐树街76号院,residential,商务住宅;住宅区;住宅小区,锦江区,104.085071,30.647524
青龙正街102号院,residential,商务住宅;住宅区;住宅小区,锦江区,104.08575,30.648062
新天美地,residential,商务住宅;住宅区;住宅小区,锦江区,104.093362,30.645919
双槐树街90号院,residential,商务住宅;住宅区;住宅区,锦江区,104.085169,30.647794
致民东路6号院,residential,商务住宅;住宅区;住宅小区,武侯区,104.084314,30.641668
电力社区(水井街),residential,商务住宅;住宅区;住宅小区,锦江区,104.084711,30.647534
紫东苑(紫东正街),residential,商务住宅;住宅区;住宅小区,锦江区,104.087225,30.648844
七元小区,residential,商务住宅;住宅区;住宅小区,武侯区,104.084382,30.641478
水井仁家,residential,商务住宅;住宅区;住宅小区,锦江区,104.08453,30.647591
紫东正街小区,residential,商务住宅;住宅区;住宅小区,锦江区,104.086843,30.648925
明宇豪雅青城,residential,商务住宅;住宅区;住宅区,锦江区,104.08959,30.649084
牛王庙后街83号院,residential,商务住宅;住宅区;住宅区,锦江区,104.090788,30.648779
牛王庙后街55号小区,residential,商务住宅;住宅区;住宅小区,锦江区,104.090737,30.648809
新桂社区,residential,商务住宅;住宅区;住宅小区,锦江区,104.09215,30.64064
鸿禧花园3幢鸿运楼,residential,商务住宅;住宅区;住宅区,武侯区,104.083513,30.641936
水井街24号院,residential,商务住宅;住宅区;住宅小区,锦江区,104.08475,30.648078
南府锦,residential,商务住宅;住宅区;住宅小区,锦江区,104.090348,30.639533
光明路102号小区,residential,商务住宅;住宅区;住宅小区,锦江区,104.090126,30.649286
牛王庙后街38号院,residential,商务住宅;住宅区;住宅小区,锦江区,104.09009,30.64935
鸿禧花园2幢鸿宇楼,residential,商务住宅;住宅区;住宅区,武侯区,104.08367,30.641256
牛王庙后街50号院,residential,商务住宅;住宅区;住宅区,锦江区,104.090573,30.64926
新桂村西五街48号院,residential,商务住宅;住宅区;住宅小区,锦江区,104.091242,30.639758
牛王庙后街54号小区,residential,商务住宅;住宅区;住宅小区,锦江区,104.090672,30.649243
时代豪庭(一至三期),residential,商务住宅;住宅区;住宅区,锦江区,104.086233,30.649235
中海格林威治城,residential,商务住宅;住宅区;住宅小区,武侯区,104.086487,30.639432
一环路东四段6号,residential,商务住宅;住宅区;住宅区,锦江区,104.09176,30.648873
宏济新路4号院,residential,商务住宅;住宅区;住宅小区,锦江区,104.093377,30.641032
一环路东四段17号院,residential,商务住宅;住宅区;住宅区,锦江区,104.091308,30.649287
林家坡大院,residential,商务住宅;住宅区;住宅小区,锦江区,104.098198,30.64342
三电宿舍,residential,商务住宅;住宅区;住宅小区,锦江区,104.097779,30.645518
锦江区75号,residential,商务住宅;住宅区;住宅小区,锦江区,104.096507,30.644437
雍锦汇,residential,商务住宅;住宅区;住宅小区,锦江区,104.100561,30.644294
大田坎,residential,商务住宅;住宅区;住宅区,锦江区,104.099953,30.645733
擎天半岛,residential,商务住宅;住宅区;住宅区,锦江区,104.100639,30.643965
东方新城(海椒市街),residential,商务住宅;住宅区;住宅小区,锦江区,104.100117,30.643004
141大院,residential,商务住宅;住宅区;住宅小区,锦江区,104.097125,30.642418
一心桥南街小区,residential,商务住宅;住宅区;住宅小区,锦江区,104.096749,30.646154
东方新城1期,residential,商务住宅;住宅区;住宅区,锦江区,104.099849,30.642326
富丽苑,residential,商务住宅;住宅区;住宅小区,锦江区,104.099383,30.642114
合能东城攻略,residential,商务住宅;住宅区;住宅小区,锦江区,104.098337,30.641919
莲花新4区,residential,商务住宅;住宅区;住宅区,锦江区,104.096429,30.642436
碧莲雅舍,residential,商务住宅;住宅区;住宅小区,锦江区,104.095488,30.643105
东四街180号院,residential,商务住宅;住宅区;住宅小区,锦江区,104.09675,30.641738
成工大院,residential,商务住宅;住宅区;住宅小区,锦江区,104.101851,30.645423
莲花新3区,residential,商务住宅;住宅区;住宅区,锦江区,104.096789,30.641676
经华南路18号院,residential,商务住宅;住宅区;住宅小区,锦江区,104.101941,30.645298
东风新城,residential,商务住宅;住宅区;住宅区,锦江区,104.101784,30.643079
莲花西路311号院,residential,商务住宅;住宅区;住宅小区,锦江区,104.095721,30.642324
自家住宅区,residential,商务住宅;住宅区;住宅小区,锦江区,104.101839,30.642298
经华南路28号院,residential,商务住宅;住宅区;住宅区,锦江区,104.101965,30.64558
一心桥横街27号院,residential,商务住宅;住宅区;住宅小区,锦江区,104.096147,30.647024
得胜上街76号院(得胜上街),residential,商务住宅;住宅区;住宅小区,锦江区,104.102275,30.643259
怡心园(水碾河路),residential,商务住宅;住宅区;住宅小区,锦江区,104.098951,30.647951
蜀都花园,residential,商务住宅;住宅区;住宅小区,锦江区,104.101083,30.647225
一心桥横街22号院,residential,商务住宅;住宅区;住宅小区,锦江区,104.095805,30.647127
一心园,residential,商务住宅;住宅区;住宅小区,锦江区,104.094947,30.642493
曙光新城,residential,商务住宅;住宅区;住宅小区,锦江区,104.094442,30.643193
莲花北路小区,residential,商务住宅;住宅区;住宅小区,锦江区,104.097669,30.640676
华兴商寓,residential,商务住宅;住宅区;住宅小区,锦江区,104.0999,30.640799
一心桥横街20号院,residential,商务住宅;住宅区;住宅区,锦江区,104.095442,30.647291
都市靓典,residential,商务住宅;住宅区;住宅小区,锦江区,104.096204,30.647962
瑞升·莲花逸都,residential,商务住宅;住宅区;住宅区,锦江区,104.101212,30.640995
海椒市街小区,residential,商务住宅;住宅区;住宅小区,锦江区,104.099654,30.640365
一心桥横街24号院,residential,商务住宅;住宅区;住宅区,锦江区,104.095516,30.647705
莲花新区,residential,商务住宅;住宅区;住宅小区,锦江区,104.096942,30.640292
一心桥街小区,residential,商务住宅;住宅区;住宅小区,锦江区,104.094459,30.646933
水碾河路16号附3号院,residential,商务住宅;住宅区;住宅小区,锦江区,104.098678,30.648944
水碾河南路65号院,residential,商务住宅;住宅区;住宅区,锦江区,104.096728,30.648738
国嘉·新视界,residential,商务住宅;住宅区;住宅小区,锦江区,104.102841,30.641586
一心桥横街30号院,residential,商务住宅;住宅区;住宅小区,锦江区,104.094624,30.647694
水碾河路16号附2号院,residential,商务住宅;住宅区;住宅小区,锦江区,104.098814,30.649137
东方桂苑(海椒市东街),residential,商务住宅;住宅区;住宅小区,锦江区,104.100761,30.640036
锦东路小区,residential,商务住宅;住宅区;住宅小区,锦江区,104.103139,30.641677
成都市公安局禁毒支队小区,residential,商务住宅;住宅区;住宅小区,锦江区,104.097482,30.649187
米市坝61号院,residential,商务住宅;住宅区;住宅区,锦江区,104.102782,30.641022
路南社区,residential,商务住宅;住宅区;住宅小区,锦江区,104.096375,30.649227
文明社区,residential,商务住宅;住宅区;住宅小区,锦江区,104.101511,30.63991
建设北村,residential,商务住宅;住宅区;住宅小区,锦江区,104.094396,30.648486
莲花西路121号院,residential,商务住宅;住宅区;住宅小区,锦江区,104.094082,30.640534
一心桥横街28号院,residential,商务住宅;住宅区;住宅小区,锦江区,104.093794,30.648064
莲花新2区,residential,商务住宅;住宅区;住宅区,锦江区,104.093959,30.640292
水碾河路19号院,residential,商务住宅;住宅区;住宅小区,成华区,104.10329,30.648376
华润·二十四城柒公馆(建设中),residential,商务住宅;住宅区;住宅小区,成华区,104.109999,30.646218
乐天圣苑(通源街),residential,商务住宅;住宅区;住宅小区,锦江区,104.1069,30.642539
二环路东三段小区,residential,商务住宅;住宅区;住宅小区,成华区,104.10738,30.646677
牛市口路56号院,residential,商务住宅;住宅区;住宅小区,锦江区,104.105621,30.64374
钢管厂一福利区,residential,商务住宅;住宅区;住宅区,锦江区,104.105388,30.644386
华润二十四城柒公馆,residential,商务住宅;住宅区;住宅小区,成华区,104.10916,30.647466
水碾河路6号院,residential,商务住宅;住宅区;住宅小区,锦江区,104.105358,30.646289
二环路东四段36号院,residential,商务住宅;住宅区;住宅小区,锦江区,104.104941,30.643081
得胜小区,residential,商务住宅;住宅区;住宅小区,锦江区,104.104501,30.644137
东方正红,residential,商务住宅;住宅区;住宅小区,锦江区,104.111714,30.642171
牛市口路14号院,residential,商务住宅;住宅区;住宅区,锦江区,104.104302,30.643179
天誉北区,residential,商务住宅;住宅区;住宅小区,锦江区,104.111325,30.641323
紫东阳光1期,residential,商务住宅;住宅区;住宅小区,成华区,104.108654,30.648429
成发紫东阳光,residential,商务住宅;住宅区;住宅区,成华区,104.108637,30.648513
华润·二十四城5期,residential,商务住宅;住宅区;住宅小区,成华区,104.113363,30.644466
华润·熙云府南区,residential,商务住宅;住宅区;住宅小区,成华区,104.113469,30.644609
双桥社区,residential,商务住宅;住宅区;住宅小区,成华区,104.10684,30.648555
华润·国际社区,residential,商务住宅;住宅区;住宅小区,成华区,104.11247,30.647656
尖东·旺座2期,residential,商务住宅;住宅区;住宅小区,锦江区,104.103529,30.642017
乐天,residential,商务住宅;住宅区;住宅区,锦江区,104.10747,30.639589
中粮鸿云,residential,商务住宅;住宅区;住宅小区,锦江区,104.113005,30.641266
经华北路1号院,residential,商务住宅;住宅区;住宅小区,成华区,104.104358,30.647997
经华苑,residential,商务住宅;住宅区;住宅区,成华区,104.104419,30.648086
双华苑,residential,商务住宅;住宅区;住宅小区,成华区,104.105098,30.648989
钢三区,residential,商务住宅;住宅区;住宅小区,成华区,104.11777,30.643687
钢管厂3区,residential,商务住宅;住宅区;住宅区,成华区,104.118215,30.643471
长天路4号院,residential,商务住宅;住宅区;住宅小区,成华区,104.119765,30.645403
华润·凌云府,residential,商务住宅;住宅区;住宅小区,成华区,104.116586,30.64541
8号长天路10号院,residential,商务住宅;住宅区;住宅区,成华区,104.120079,30.646032
工地小区,residential,商务住宅;住宅区;住宅小区,成华区,104.116927,30.642633
竞成路4号院,residential,商务住宅;住宅区;住宅小区,成华区,104.12117,30.644774
长天路8-10号院,residential,商务住宅;住宅区;住宅小区,成华区,104.120277,30.646278
华润·锦云府,residential,商务住宅;住宅区;住宅小区,成华区,104.115442,30.646019
二十四城尚云庭,residential,商务住宅;住宅区;住宅小区,成华区,104.117559,30.647609
锦华苑(五桂桥北路),residential,商务住宅;住宅区;住宅小区,成华区,104.122363,30.645413
长天路3号,residential,商务住宅;住宅区;住宅小区,成华区,104.122018,30.646287
金宇花园(长天路),residential,商务住宅;住宅区;住宅小区,成华区,104.121204,30.647529
御龙山铂璟,residential,商务住宅;住宅区;住宅区,成华区,104.12302,30.643975
华润·二十四城锦云府,residential,商务住宅;住宅区;住宅小区,成华区,104.11436,30.646456
观城,residential,商务住宅;住宅区;住宅小区,成华区,104.11873,30.64858
信和·御龙山,residential,商务住宅;住宅区;住宅小区,成华区,104.122337,30.641824
华润二十四城2期,residential,商务住宅;住宅区;住宅区,成华区,104.117642,30.648604
水岸华庭,residential,商务住宅;住宅区;住宅小区,成华区,104.12296,30.647074
联合小区,residential,商务住宅;住宅区;住宅小区,成华区,104.121701,30.648319
中洲·中央城邦,residential,商务住宅;住宅区;住宅小区,锦江区,104.115088,30.640607
华润·紫云府,residential,商务住宅;住宅区;住宅小区,成华区,104.115334,30.649152
朗诗·绿色街区(五桂路),residential,商务住宅;住宅区;住宅小区,成华区,104.126884,30.639877
沙河湾,residential,商务住宅;住宅区;住宅小区,成华区,104.123974,30.649181
保和街道东虹路社区,residential,商务住宅;住宅区;住宅小区,成华区,104.133118,30.639744
鲁能城,residential,商务住宅;住宅区;住宅小区,成华区,104.132447,30.649232
明信鹭湾,residential,商务住宅;住宅区;住宅小区,成华区,104.124434,30.644561
隆鑫九熙3期,residential,商务住宅;住宅区;住宅小区,成华区,104.133426,30.646492
华府沙河,residential,商务住宅;住宅区;住宅小区,成华区,104.124022,30.647934
东桂二号院,residential,商务住宅;住宅区;住宅小区,成华区,104.127507,30.640402
东桂三号院,residential,商务住宅;住宅区;住宅小区,成华区,104.128862,30.640305
东桂一号院,residential,商务住宅;住宅区;住宅小区,成华区,104.127423,30.641264
东桂四号院,residential,商务住宅;住宅区;住宅小区,成华区,104.128245,30.646607
救助站小区,residential,商务住宅;住宅区;住宅小区,成华区,104.126548,30.649171
明信鹭湾花园A区,residential,商务住宅;住宅区;住宅小区,成华区,104.125336,30.645109
优品道上东区,residential,商务住宅;住宅区;住宅小区,成华区,104.137894,30.644976
优品尚东,residential,商务住宅;住宅区;住宅小区,成华区,104.139535,30.644754
优品尚东3期,residential,商务住宅;住宅区;住宅小区,成华区,104.140843,30.645045
隆鑫九熙1期,residential,商务住宅;住宅区;住宅小区,成华区,104.139403,30.646775
阳光100米娅中心2期,residential,商务住宅;住宅区;住宅小区,成华区,104.13829,30.641799
槐树店路25号院,residential,商务住宅;住宅区;住宅区,成华区,104.140663,30.646959
隆鑫·九熙2期,residential,商务住宅;住宅区;住宅小区,成华区,104.135651,30.646659
上东世家,residential,商务住宅;住宅区;住宅小区,成华区,104.150586,30.644287
科瑞1期,residential,商务住宅;住宅区;住宅区,成华区,104.150279,30.64328
尚东美林(一至三期),residential,商务住宅;住宅区;住宅区,成华区,104.150888,30.645269
保和小区,residential,商务住宅;住宅区;住宅小区,成华区,104.150626,30.642859
东升小区,residential,商务住宅;住宅区;住宅小区,成华区,104.150189,30.646985
保和小区2期,residential,商务住宅;住宅区;住宅小区,成华区,104.147758,30.641367
尚东美林3期,residential,商务住宅;住宅区;住宅小区,成华区,104.152094,30.64687
园缘公寓,residential,商务住宅;住宅区;住宅小区,成华区,104.145882,30.641248
东虹小区,residential,商务住宅;住宅区;住宅小区,成华区,104.150685,30.648109
胜天人居,residential,商务住宅;住宅区;住宅小区,成华区,104.15315,30.64126
胜天新苑,residential,商务住宅;住宅区;住宅小区,成华区,104.154696,30.644317
东兴苑,residential,商务住宅;住宅区;住宅小区,成华区,104.154527,30.640599
胜天雅筑,residential,商务住宅;住宅区;住宅小区,成华区,104.154733,30.640648
胜天新苑西区,residential,商务住宅;住宅区;住宅小区,成华区,104.155153,30.645088
胜天新苑东区,residential,商务住宅;住宅区;住宅小区,成华区,104.155893,30.644942
世豪嘉柏,residential,商务住宅;住宅区;住宅小区,武侯区,103.982679,30.631944
武新花园,residential,商务住宅;住宅区;住宅小区,武侯区,103.973997,30.638934
金鑫中药大厦,residential,商务住宅;楼宇;工业大厦建筑物,武侯区,103.987925,30.635788
大地世纪,residential,商务住宅;住宅区;住宅小区,武侯区,103.989225,30.6362
武青嘉苑,residential,商务住宅;住宅区;住宅小区,武侯区,103.990042,30.637293
驿鑫乡卿城,residential,商务住宅;住宅区;住宅小区,武侯区,103.991447,30.636479
天际首府,residential,商务住宅;住宅区;住宅小区,武侯区,103.993223,30.634766
榕苑(武科东四路),residential,商务住宅;住宅区;住宅小区,武侯区,103.990161,30.638415
武科新园,residential,商务住宅;住宅区;住宅小区,武侯区,103.986151,30.630879
蓝光诺丁山(武隆街),residential,商务住宅;住宅区;住宅小区,武侯区,103.993399,30.632685
世豪金街,residential,商务住宅;住宅区;住宅区,武侯区,103.984284,30.632056
潮音小区,residential,商务住宅;住宅区;住宅小区,武侯区,103.985615,30.63842
团结社区(武兴街),residential,商务住宅;住宅区;住宅小区,武侯区,103.984604,30.630355
顺和苑(顺和街),residential,商务住宅;住宅区;住宅小区,武侯区,103.99852,30.634519
顺江嘉苑,residential,商务住宅;住宅区;住宅小区,武侯区,103.999243,30.634851
花样年华,residential,商务住宅;住宅区;住宅小区,武侯区,103.999762,30.635656
武侯民居,residential,商务住宅;住宅区;住宅小区,武侯区,103.999836,30.6329
兴元丽园(顺和街),residential,商务住宅;住宅区;住宅小区,武侯区,103.996219,30.635169
置信巴厘岛,residential,商务住宅;住宅区;住宅小区,武侯区,103.999089,30.632177
置信·丽都楠庭,residential,商务住宅;住宅区;住宅小区,武侯区,104.00098,30.633034
中华名园(顺和街),residential,商务住宅;住宅区;住宅小区,武侯区,104.00056,30.636565
中粮·悦云府,residential,商务住宅;住宅区;住宅区,武侯区,104.00159,30.633933
锦翠北苑南区,residential,商务住宅;住宅区;住宅小区,武侯区,103.995785,30.636137
簇锦街道顺和社区,residential,商务住宅;住宅区;住宅小区,武侯区,104.001435,30.637258
置信丽都花园城,residential,商务住宅;住宅区;住宅小区,武侯区,104.001756,30.632119
丽园小区,residential,商务住宅;住宅区;住宅小区,武侯区,103.995262,30.636717
红帆·蓝调,residential,商务住宅;住宅区;住宅小区,武侯区,104.00345,30.634146
锦翠北苑北区,residential,商务住宅;住宅区;住宅小区,武侯区,103.994708,30.637108
锦翠北苑,residential,商务住宅;住宅区;住宅小区,武侯区,103.994642,30.637154
中粮·祥云2期,residential,商务住宅;住宅区;住宅小区,武侯区,104.003659,30.633238
怡泰花园,residential,商务住宅;住宅区;住宅小区,武侯区,103.994762,30.637982
武候区晋阳街道果堰社区,residential,商务住宅;住宅区;住宅小区,武侯区,103.994943,30.638836
3号线,residential,商务住宅;住宅区;住宅小区,武侯区,103.994286,30.630062
高碑瑞苑,residential,商务住宅;住宅区;住宅小区,武侯区,104.002876,30.629865
星狮路900号小区,residential,商务住宅;住宅区;住宅小区,武侯区,104.003204,30.630009
武侯庭园,residential,商务住宅;住宅区;住宅小区,武侯区,104.007554,30.635143
中铁二局新界大楼,residential,商务住宅;住宅区;住宅小区,武侯区,104.010762,30.633867
怡安花园(武侯大道双楠段),residential,商务住宅;住宅区;住宅小区,武侯区,104.007976,30.636539
月光诚品,residential,商务住宅;住宅区;住宅小区,武侯区,104.008968,30.63668
双楠映象,residential,商务住宅;住宅区;住宅小区,武侯区,104.006056,30.63455
新界1期,residential,商务住宅;住宅区;住宅小区,武侯区,104.011142,30.633469
金楠国际,residential,商务住宅;住宅区;住宅小区,武侯区,104.011152,30.636079
楠雅阁,residential,商务住宅;住宅区;住宅小区,武侯区,104.00915,30.637317
双楠忆景,residential,商务住宅;住宅区;住宅小区,武侯区,104.012102,30.634358
中铁瑞城新界,residential,商务住宅;住宅区;住宅小区,武侯区,104.012267,30.632807
交大花园武侯小区(西门),residential,商务住宅;住宅区;住宅小区,武侯区,104.007888,30.638389
汇融·新贵公馆,residential,商务住宅;住宅区;住宅小区,武侯区,104.013517,30.635073
中粮·祥云3期,residential,商务住宅;住宅区;住宅小区,武侯区,104.0068,30.630551
中粮·祥云,residential,商务住宅;住宅区;住宅小区,武侯区,104.004099,30.632745
金色花园(中环路武阳大道段),residential,商务住宅;住宅区;住宅小区,武侯区,104.012587,30.637578
祥云国际生活区3期,residential,商务住宅;住宅区;住宅小区,武侯区,104.00685,30.630282
新界3期,residential,商务住宅;住宅区;住宅小区,武侯区,104.011301,30.630541
顺江苑(武侯大道双楠段),residential,商务住宅;住宅区;住宅小区,武侯区,104.0046,30.637471
交大花园武侯小区17幢,residential,商务住宅;住宅区;住宅小区,武侯区,104.00912,30.63928
清风晓筑,residential,商务住宅;住宅区;住宅小区,武侯区,104.010207,30.639344
正成·双楠格调,residential,商务住宅;住宅区;住宅小区,武侯区,104.005755,30.6389
新界2期,residential,商务住宅;住宅区;住宅小区,武侯区,104.013086,30.631093
高碑瑞苑A区,residential,商务住宅;住宅区;住宅小区,武侯区,104.003945,30.63014
楠庭理想,residential,商务住宅;住宅区;住宅小区,武侯区,104.020382,30.636448
云翔远景,residential,商务住宅;住宅区;住宅小区,武侯区,104.019963,30.636964
佳灵路20号院,residential,商务住宅;住宅区;住宅区,武侯区,104.021485,30.633096
太平盛世,residential,商务住宅;住宅区;住宅小区,武侯区,104.016446,30.63712
双楠吉家,residential,商务住宅;住宅区;住宅小区,武侯区,104.019667,30.637732
逸尚美庭,residential,商务住宅;住宅区;住宅小区,武侯区,104.018494,30.637883
中环晓院,residential,商务住宅;住宅区;住宅区,武侯区,104.014647,30.633459
佳灵路18号院,residential,商务住宅;住宅区;住宅区,武侯区,104.022959,30.634123
永盛路71号院,residential,商务住宅;住宅区;住宅小区,武侯区,104.022551,30.636184
锦座名都,residential,商务住宅;住宅区;住宅小区,武侯区,104.014039,30.634601
红馆,residential,商务住宅;住宅区;住宅小区,武侯区,104.022779,30.636531
卫兴苑小区,residential,商务住宅;住宅区;住宅小区,武侯区,104.01521,30.637921
戎盛苑,residential,商务住宅;住宅区;住宅小区,武侯区,104.017586,30.638937
经馆小区,residential,商务住宅;住宅区;住宅小区,武侯区,104.023301,30.636713
卫欣苑,residential,商务住宅;住宅区;住宅小区,武侯区,104.014355,30.637436
新界5期,residential,商务住宅;住宅区;住宅小区,武侯区,104.013891,30.632104
富强上街小区,residential,商务住宅;住宅区;住宅小区,武侯区,104.014533,30.638583
香樟林,residential,商务住宅;住宅区;住宅小区,武侯区,104.02242,30.638843
太平村十组8号院,residential,商务住宅;住宅区;住宅小区,武侯区,104.015575,30.639299
武侯国际花园,residential,商务住宅;住宅区;住宅小区,武侯区,104.013777,30.638673
优客联邦,residential,商务住宅;住宅区;住宅小区,武侯区,104.02838,30.63492
优客联邦2期,residential,商务住宅;住宅区;住宅小区,武侯区,104.027918,30.634807
优客联邦3期,residential,商务住宅;住宅区;住宅小区,武侯区,104.028854,30.633773
优客联邦1期,residential,商务住宅;住宅区;住宅小区,武侯区,104.028963,30.636009
长城嘉苑,residential,商务住宅;住宅区;住宅小区,武侯区,104.028224,30.632789
长城福苑,residential,商务住宅;住宅区;住宅小区,武侯区,104.027132,30.63322
优地,residential,商务住宅;住宅区;住宅小区,武侯区,104.026399,30.633952
福苑北区,residential,商务住宅;住宅区;住宅小区,武侯区,104.026817,30.632992
成都电力机械厂家属院,residential,商务住宅;住宅区;住宅小区,武侯区,104.029623,30.632342
丽都世家,residential,商务住宅;住宅区;住宅区,武侯区,104.031412,30.635213
长益路小区,residential,商务住宅;住宅区;住宅小区,武侯区,104.031366,30.635522
福苑西区,residential,商务住宅;住宅区;住宅小区,武侯区,104.025835,30.633318
长城社区,residential,商务住宅;住宅区;住宅小区,武侯区,104.027659,30.631942
长城馨苑(董家湾正街),residential,商务住宅;住宅区;住宅小区,武侯区,104.027056,30.631611
长城社区西区,residential,商务住宅;住宅区;住宅小区,武侯区,104.025588,30.632286
丽都花园A区,residential,商务住宅;住宅区;住宅小区,武侯区,104.032475,30.633099
永红佳园,residential,商务住宅;住宅区;住宅小区,武侯区,104.031245,30.637348
新鸿达电梯公寓,residential,商务住宅;住宅区;住宅小区,武侯区,104.027845,30.638105
天馨苑(红牌楼北街),residential,商务住宅;住宅区;住宅小区,武侯区,104.032518,30.636249
橙堡,residential,商务住宅;住宅区;住宅小区,武侯区,104.02469,30.636233
添馨苑,residential,商务住宅;住宅区;住宅小区,武侯区,104.032499,30.636287
添福苑,residential,商务住宅;住宅区;住宅小区,武侯区,104.032236,30.636689
丽都花园B区,residential,商务住宅;住宅区;住宅小区,武侯区,104.031402,30.631485
合力达·泰基南棠(名人风景南),residential,商务住宅;住宅区;住宅小区,武侯区,104.025881,30.6376
置信丽都花园,residential,商务住宅;住宅区;住宅小区,武侯区,104.032256,30.632113
拉萨市成都安居苑,residential,商务住宅;住宅区;住宅小区,武侯区,104.026021,30.63106
丽鑫苑,residential,商务住宅;住宅区;住宅小区,武侯区,104.033336,30.63543
董家湾北街17号院,residential,商务住宅;住宅区;住宅小区,武侯区,104.025142,30.631519
红牌楼商城公寓B座,residential,商务住宅;住宅区;住宅小区,武侯区,104.030795,30.63848
长城寿苑,residential,商务住宅;住宅区;住宅小区,武侯区,104.026804,30.630402
名人风景,residential,商务住宅;住宅区;住宅小区,武侯区,104.0261,30.638455
福苑南区,residential,商务住宅;住宅区;住宅小区,武侯区,104.024972,30.631194
丽苑(红牌楼北街),residential,商务住宅;住宅区;住宅小区,武侯区,104.032052,30.638309
红南港,residential,商务住宅;住宅区;住宅小区,武侯区,104.027038,30.639157
丽都花园C区,residential,商务住宅;住宅区;住宅小区,武侯区,104.030638,30.629886
永盛路70号院,residential,商务住宅;住宅区;住宅小区,武侯区,104.023727,30.637095
空中生态花园,residential,商务住宅;住宅区;住宅小区,武侯区,104.026402,30.639159
宏景园,residential,商务住宅;住宅区;住宅小区,武侯区,104.025016,30.638807
左邻右舍,residential,商务住宅;住宅区;住宅小区,武侯区,104.033444,30.637812
丽鑫苑,residential,商务住宅;住宅区;住宅小区,武侯区,104.033336,30.63543
董家湾北街17号院,residential,商务住宅;住宅区;住宅小区,武侯区,104.025142,30.631519
红牌楼商城公寓B座,residential,商务住宅;住宅区;住宅小区,武侯区,104.030795,30.63848
长城寿苑,residential,商务住宅;住宅区;住宅小区,武侯区,104.026804,30.630402
优地A区,residential,商务住宅;住宅区;住宅小区,武侯区,104.024273,30.63206
名人风景,residential,商务住宅;住宅区;住宅小区,武侯区,104.0261,30.638455
福苑南区,residential,商务住宅;住宅区;住宅小区,武侯区,104.024972,30.631194
丽苑(红牌楼北街),residential,商务住宅;住宅区;住宅小区,武侯区,104.032052,30.638309
红南港,residential,商务住宅;住宅区;住宅小区,武侯区,104.027038,30.639157
永安苑,residential,商务住宅;住宅区;住宅小区,武侯区,104.038274,30.634327
永福苑(肖家河环四巷),residential,商务住宅;住宅区;住宅小区,武侯区,104.03836,30.634223
永康苑(肖家河中街),residential,商务住宅;住宅区;住宅小区,武侯区,104.038529,30.634869
金翠苑,residential,商务住宅;住宅区;住宅小区,武侯区,104.039456,30.63445
枫华苑,residential,商务住宅;住宅区;住宅小区,武侯区,104.039081,30.6338
和泽苑,residential,商务住宅;住宅区;住宅小区,武侯区,104.039347,30.635064
永逸苑,residential,商务住宅;住宅区;住宅小区,武侯区,104.038566,30.633531
永和苑(肖家河环四巷),residential,商务住宅;住宅区;住宅小区,武侯区,104.038268,30.633499
肖家河环四巷1号院,residential,商务住宅;住宅区;住宅区,武侯区,104.038574,30.633438
高升桥东路社区,residential,商务住宅;住宅区;住宅小区,武侯区,104.037274,30.633574
绿苑,residential,商务住宅;住宅区;住宅小区,武侯区,104.040211,30.633247
和睦苑,residential,商务住宅;住宅区;住宅小区,武侯区,104.040701,30.634568
艺雅苑(肖家河中街),residential,商务住宅;住宅区;住宅小区,武侯区,104.040565,30.633742
和顺苑,residential,商务住宅;住宅区;住宅小区,武侯区,104.039595,30.632786
绿岸嘉苑,residential,商务住宅;住宅区;住宅小区,武侯区,104.037519,30.632768
和熙苑,residential,商务住宅;住宅区;住宅小区,武侯区,104.040906,30.634888
锦华雅居,residential,商务住宅;住宅区;住宅小区,武侯区,104.036484,30.633295
高升桥东路小区,residential,商务住宅;住宅区;住宅小区,武侯区,104.038703,30.636589
风尚国际·锦屏苑,residential,商务住宅;住宅区;住宅小区,武侯区,104.037839,30.636539
肖家河中街小区,residential,商务住宅;住宅区;住宅小区,武侯区,104.040992,30.633677
和谐苑(肖家河正街),residential,商务住宅;住宅区;住宅小区,武侯区,104.039259,30.632274
清和苑(高升桥东路),residential,商务住宅;住宅区;住宅小区,武侯区,104.037616,30.632235
怡安苑(肖家河街),residential,商务住宅;住宅区;住宅小区,武侯区,104.04159,30.634198
肖家河北街小区,residential,商务住宅;住宅区;住宅小区,武侯区,104.03968,30.636927
肖家河6号,residential,商务住宅;住宅区;住宅区,武侯区,104.041625,30.634648
怡康苑(肖家河街),residential,商务住宅;住宅区;住宅小区,武侯区,104.041571,30.633846
正街社区,residential,商务住宅;住宅区;住宅小区,武侯区,104.041693,30.63428
兴蓉南二巷6号院,residential,商务住宅;住宅区;住宅小区,武侯区,104.041011,30.636143
肖家河南三巷小区,residential,商务住宅;住宅区;住宅小区,武侯区,104.041608,30.635257
兴蓉南一巷小区,residential,商务住宅;住宅区;住宅小区,武侯区,104.040753,30.636473
怡乐苑,residential,商务住宅;住宅区;住宅小区,武侯区,104.04149,30.633312
肖家河巷4号院,residential,商务住宅;住宅区;住宅小区,武侯区,104.041693,30.635217
怡常苑,residential,商务住宅;住宅区;住宅小区,武侯区,104.041703,30.63354
肖家河巷2号院,residential,商务住宅;住宅区;住宅区,武侯区,104.041844,30.635112
荣馨佳苑,residential,商务住宅;住宅区;住宅小区,武侯区,104.038191,30.631563
兴蓉南二巷7号院,residential,商务住宅;住宅区;住宅小区,武侯区,104.041536,30.635928
银海佳苑,residential,商务住宅;住宅区;住宅小区,武侯区,104.035328,30.635435
肖家河西一巷小区,residential,商务住宅;住宅区;住宅小区,武侯区,104.041296,30.632575
清桦苑,residential,商务住宅;住宅区;住宅小区,武侯区,104.036686,30.631918
聚乐苑(肖家河街),residential,商务住宅;住宅区;住宅小区,武侯区,104.040656,30.632013
清馨苑(联谊巷),residential,商务住宅;住宅区;住宅小区,武侯区,104.038682,30.631407
兴蓉南二巷5号院,residential,商务住宅;住宅区;住宅小区,武侯区,104.041654,30.636141
川航佳园,residential,商务住宅;住宅区;住宅小区,武侯区,104.035083,30.633509
肖家河沿街小区,residential,商务住宅;住宅区;住宅小区,武侯区,104.042163,30.635062
南苑公寓(高升桥东路),residential,商务住宅;住宅区;住宅小区,武侯区,104.040148,30.637352
莲心苑,residential,商务住宅;住宅区;住宅小区,武侯区,104.037859,30.63121
兴蓉南三巷13号院,residential,商务住宅;住宅区;住宅小区,武侯区,104.042127,30.635691
兴蓉南二巷3号院,residential,商务住宅;住宅区;住宅小区,武侯区,104.041783,30.636397
清桦苑,residential,商务住宅;住宅区;住宅小区,武侯区,104.036686,30.631918
聚乐苑(肖家河街),residential,商务住宅;住宅区;住宅小区,武侯区,104.040656,30.632013
兴蓉南一巷6号院,residential,商务住宅;住宅区;住宅小区,武侯区,104.040745,30.636857
清馨苑(联谊巷),residential,商务住宅;住宅区;住宅小区,武侯区,104.038682,30.631407
兴蓉南二巷5号院,residential,商务住宅;住宅区;住宅小区,武侯区,104.041654,30.636141
川航佳园,residential,商务住宅;住宅区;住宅小区,武侯区,104.035083,30.633509
肖家河中街17号院,residential,商务住宅;住宅区;住宅区,武侯区,104.041655,30.632777
肖家河沿街小区,residential,商务住宅;住宅区;住宅小区,武侯区,104.042163,30.635062
兴蓉南一巷5号院,residential,商务住宅;住宅区;住宅小区,武侯区,104.041265,30.636619
南苑公寓(高升桥东路),residential,商务住宅;住宅区;住宅小区,武侯区,104.040148,30.637352
莲心苑,residential,商务住宅;住宅区;住宅小区,武侯区,104.037859,30.63121
兴蓉南三巷13号院,residential,商务住宅;住宅区;住宅小区,武侯区,104.042127,30.635691
兴蓉南二巷3号院,residential,商务住宅;住宅区;住宅小区,武侯区,104.041783,30.636397
二环路南四段16号院,residential,商务住宅;住宅区;住宅小区,武侯区,104.038754,30.631022
广福桥街10号院,residential,商务住宅;住宅区;住宅小区,武侯区,104.035541,30.636728
河绿苑,residential,商务住宅;住宅区;住宅小区,武侯区,104.040642,30.631482
兴蓉南三巷11号院,residential,商务住宅;住宅区;住宅小区,武侯区,104.042241,30.635899
肖家河东二巷5号院,residential,商务住宅;住宅区;住宅区,武侯区,104.042613,30.63406
瑞景苑(肖家河东二巷),residential,商务住宅;住宅区;住宅小区,武侯区,104.042656,30.634675
武侯区政府宿舍三生活区,residential,商务住宅;住宅区;住宅小区,武侯区,104.037964,30.638007
怡康城市公寓,residential,商务住宅;住宅区;住宅小区,武侯区,104.042729,30.634673
肖家河东二巷3号院,residential,商务住宅;住宅区;住宅区,武侯区,104.0427,30.633866
永和苑(肖家河东二巷),residential,商务住宅;住宅区;住宅小区,武侯区,104.042747,30.634021
永馨佳苑,residential,商务住宅;住宅区;住宅小区,武侯区,104.042765,30.634092
兴蓉南二巷1号院,residential,商务住宅;住宅区;住宅小区,武侯区,104.041952,30.63661
阅朝阁,residential,商务住宅;住宅区;住宅区,武侯区,104.041054,30.637434
肖家河东二巷9号院,residential,商务住宅;住宅区;住宅区,武侯区,104.042837,30.634383
兴蓉南三巷9号院,residential,商务住宅;住宅区;住宅小区,武侯区,104.042386,30.636156
尚义居,residential,商务住宅;住宅区;住宅小区,武侯区,104.038993,30.630756
肖家河沿街45号院,residential,商务住宅;住宅区;住宅小区,武侯区,104.039991,30.63093
银欣苑,residential,商务住宅;住宅区;住宅小区,武侯区,104.042928,30.634342
信苑,residential,商务住宅;住宅区;住宅小区,武侯区,104.041066,30.637621
汇茗苑,residential,商务住宅;住宅区;住宅小区,武侯区,104.034646,30.636215
肖家河东三巷2号院,residential,商务住宅;住宅区;住宅小区,武侯区,104.042898,30.633567
联谊社区,residential,商务住宅;住宅区;住宅小区,武侯区,104.039222,30.630669
信都花园,residential,商务住宅;住宅区;住宅小区,武侯区,104.0404,30.638004
兴蓉南三巷6号院,residential,商务住宅;住宅区;住宅小区,武侯区,104.042096,30.63689
肖家河东三巷4号院,residential,商务住宅;住宅区;住宅小区,武侯区,104.042836,30.633102
德政苑,residential,商务住宅;住宅区;住宅小区,武侯区,104.041707,30.637296
永丰家园,residential,商务住宅;住宅区;住宅小区,武侯区,104.042904,30.633242
兴蓉南三巷7号院,residential,商务住宅;住宅区;住宅小区,武侯区,104.042577,30.636324
肖家河东一巷3号院,residential,商务住宅;住宅区;住宅小区,武侯区,104.043069,30.635336
肖家河东一巷5号院,residential,商务住宅;住宅区;住宅小区,武侯区,104.043124,30.635402
肖家河东三巷1号院,residential,商务住宅;住宅区;住宅小区,武侯区,104.043206,30.633453
肖家河东三巷3号院,residential,商务住宅;住宅区;住宅小区,武侯区,104.043177,30.633222
兴蓉南三巷5号院,residential,商务住宅;住宅区;住宅小区,武侯区,104.042704,30.636604
欣苑(红牌楼北街),residential,商务住宅;住宅区;住宅小区,武侯区,104.033685,30.634607
广福桥街14号,residential,商务住宅;住宅区;住宅小区,武侯区,104.035034,30.637308
瑞兴苑,residential,商务住宅;住宅区;住宅小区,武侯区,104.042295,30.637148
肖家河东三巷5号院,residential,商务住宅;住宅区;住宅小区,武侯区,104.043131,30.63298
兴蓉南三巷小区,residential,商务住宅;住宅区;住宅小区,武侯区,104.042688,30.636704
肖家河东二巷7号院,residential,商务住宅;住宅区;住宅小区,武侯区,104.043418,30.63392
锦阳阁,residential,商务住宅;住宅区;住宅小区,武侯区,104.037204,30.63852
肖家河东一巷13号院,residential,商务住宅;住宅区;住宅小区,武侯区,104.043443,30.634994
肖家河沿街43号院,residential,商务住宅;住宅区;住宅小区,武侯区,104.040532,30.630572
兴蓉街19号院,residential,商务住宅;住宅区;住宅小区,武侯区,104.043176,30.635989
兴柯公寓,residential,商务住宅;住宅区;住宅小区,武侯区,104.04352,30.634453
圆梦苑,residential,商务住宅;住宅区;住宅小区,武侯区,104.040782,30.630606
兴蓉南三巷3号院,residential,商务住宅;住宅区;住宅小区,武侯区,104.042811,30.6368
高升桥南街3号院,residential,商务住宅;住宅区;住宅小区,武侯区,104.03865,30.6388
肖家河生活区,residential,商务住宅;住宅区;住宅小区,武侯区,104.043263,30.636041
瑞祥苑,residential,商务住宅;住宅区;住宅小区,武侯区,104.042392,30.63731
竺桂苑,residential,商务住宅;住宅区;住宅小区,武侯区,104.041311,30.638138
盛祥苑,residential,商务住宅;住宅区;住宅小区,武侯区,104.042866,30.636787
教师公寓(广福桥街),residential,商务住宅;住宅区;住宅小区,武侯区,104.034931,30.637571
肖家河沿街10号院,residential,商务住宅;住宅区;住宅小区,武侯区,104.042043,30.631205
佳利花园,residential,商务住宅;住宅区;住宅小区,武侯区,104.042054,30.637791
汀兰筑(肖家河沿街),residential,商务住宅;住宅区;住宅小区,武侯区,104.04236,30.631366
肖家河东一巷,residential,商务住宅;住宅区;住宅小区,武侯区,104.043377,30.636252
嘉祥苑,residential,商务住宅;住宅区;住宅小区,武侯区,104.034338,30.637225
罗浮世家2期,residential,商务住宅;住宅区;住宅小区,武侯区,104.035733,30.638468
祥和苑(红牌楼北街),residential,商务住宅;住宅区;住宅小区,武侯区,104.033877,30.63685
聚贤楼,residential,商务住宅;住宅区;住宅小区,武侯区,104.041666,30.630368
金色起跑线,residential,商务住宅;住宅区;住宅小区,武侯区,104.040367,30.629918
太平洋金色港湾,residential,商务住宅;住宅区;住宅小区,武侯区,104.042974,30.637398
肖家河街113号院,residential,商务住宅;住宅区;住宅区,武侯区,104.041135,30.630179
远雄风华园,residential,商务住宅;住宅区;住宅小区,武侯区,104.043074,30.6315
红牌楼北街21号院,residential,商务住宅;住宅区;住宅区,武侯区,104.033771,30.637042
肖家河沿街11号院,residential,商务住宅;住宅区;住宅区,武侯区,104.042493,30.630843
武侯区区级机关第三生活区,residential,商务住宅;住宅区;住宅小区,武侯区,104.038075,30.639384
高升桥南街7号院,residential,商务住宅;住宅区;住宅小区,武侯区,104.037145,30.639276
兴蓉苑(兴蓉北街),residential,商务住宅;住宅区;住宅小区,武侯区,104.041987,30.638715
檀香山,residential,商务住宅;住宅区;住宅小区,武侯区,104.034685,30.630493
兴蓉公寓,residential,商务住宅;住宅区;住宅小区,武侯区,104.041144,30.639158
兴蓉街8号院,residential,商务住宅;住宅区;住宅小区,武侯区,104.043393,30.637622
茗馨苑,residential,商务住宅;住宅区;住宅小区,武侯区,104.042648,30.630469
兴蓉北街13号院,residential,商务住宅;住宅区;住宅小区,武侯区,104.041656,30.63914
兴蓉北街15号院,residential,商务住宅;住宅区;住宅小区,武侯区,104.041442,30.639261
君和源,residential,商务住宅;住宅区;住宅小区,武侯区,104.042986,30.638347
兴蓉街6号院,residential,商务住宅;住宅区;住宅小区,武侯区,104.043561,30.63784
广福桥街20号院,residential,商务住宅;住宅区;住宅小区,武侯区,104.034687,30.6388
高新社区,residential,商务住宅;住宅区;住宅小区,武侯区,104.042008,30.639192
肖家河沿巷4号院,residential,商务住宅;住宅区;住宅小区,武侯区,104.042867,30.630187
三〇集团永丰生活区,residential,商务住宅;住宅区;住宅小区,武侯区,104.042164,30.629642
清芷苑,residential,商务住宅;住宅区;住宅区,武侯区,104.043319,30.630397
富都苑,residential,商务住宅;住宅区;住宅小区,武侯区,104.034331,30.639157
肖家河沿巷3号院,residential,商务住宅;住宅区;住宅小区,武侯区,104.043542,30.630143
肖家河沿巷5号院,residential,商务住宅;住宅区;住宅小区,武侯区,104.043435,30.629744
肖家河沿巷7号院,residential,商务住宅;住宅区;住宅小区,武侯区,104.04335,30.629554
祥和苑(永丰路),residential,商务住宅;住宅区;住宅小区,武侯区,104.048279,30.633855
永丰路8号院,residential,商务住宅;住宅区;住宅小区,武侯区,104.048025,30.634986
永丰路14号院,residential,商务住宅;住宅区;住宅小区,武侯区,104.047407,30.634203
新能社区,residential,商务住宅;住宅区;住宅小区,武侯区,104.048032,30.633481
兴蓉苑(兴蓉东巷),residential,商务住宅;住宅区;住宅小区,武侯区,104.04748,30.635248
永丰路16号院,residential,商务住宅;住宅区;住宅区,武侯区,104.04709,30.633781
王府花园(芳草街),residential,商务住宅;住宅区;住宅小区,武侯区,104.050075,30.633718
玉林芳华,residential,商务住宅;住宅区;住宅区,武侯区,104.049972,30.633462
永丰路3号院,residential,商务住宅;住宅区;住宅小区,武侯区,104.049914,30.635868
瑞升丽苑,residential,商务住宅;住宅区;住宅小区,武侯区,104.047869,30.632575
精诚苑,residential,商务住宅;住宅区;住宅小区,武侯区,104.048636,30.632489
超洋花园,residential,商务住宅;住宅区;住宅小区,武侯区,104.048241,30.636421
永丰路1号院,residential,商务住宅;住宅区;住宅小区,武侯区,104.0501,30.636068
黄金时代,residential,商务住宅;住宅区;住宅小区,武侯区,104.046423,30.633151
梧桐世家2期,residential,商务住宅;住宅区;住宅区,武侯区,104.049574,30.632297
江南苑,residential,商务住宅;住宅区;住宅小区,武侯区,104.0514,30.634687
芳草街4号新1号,residential,商务住宅;住宅区;住宅区,武侯区,104.051401,30.634504
芳草街4号附2号院,residential,商务住宅;住宅区;住宅区,武侯区,104.051447,30.634668
玉林西路98号院,residential,商务住宅;住宅区;住宅小区,武侯区,104.049225,30.631956
芳草街4号新2号,residential,商务住宅;住宅区;住宅区,武侯区,104.051499,30.634428
一环路南三段78号院,residential,商务住宅;住宅区;住宅区,武侯区,104.05089,30.636123
一环路南三段80号院,residential,商务住宅;住宅区;住宅小区,武侯区,104.050875,30.636152
梧桐世家,residential,商务住宅;住宅区;住宅小区,武侯区,104.049466,30.631717
超洋路2号院,residential,商务住宅;住宅区;住宅小区,武侯区,104.047446,30.637127
晓初公寓(永丰路),residential,商务住宅;住宅区;住宅小区,武侯区,104.046041,30.632401
玉林西路143号院,residential,商务住宅;住宅区;住宅小区,武侯区,104.050765,30.63216
芳草苑(玉林西路),residential,商务住宅;住宅区;住宅小区,武侯区,104.05077,30.632141
新康家园,residential,商务住宅;住宅区;住宅小区,武侯区,104.052104,30.633787
倍特科技苑,residential,商务住宅;住宅区;住宅小区,武侯区,104.050123,30.631347
芳草西一街4号院,residential,商务住宅;住宅区;住宅小区,武侯区,104.0493,30.631009
沙子堰西巷小区,residential,商务住宅;住宅区;住宅小区,武侯区,104.052006,30.632466
一环路南三段55号院,residential,商务住宅;住宅区;住宅小区,武侯区,104.051855,30.63658
国际花园,residential,商务住宅;住宅区;住宅小区,武侯区,104.044831,30.632791
倍特金杏苑,residential,商务住宅;住宅区;住宅小区,武侯区,104.046687,30.631178
金杏苑B区,residential,商务住宅;住宅区;住宅小区,武侯区,104.047495,30.630786
小天小区,residential,商务住宅;住宅区;住宅区,武侯区,104.052897,30.634706
新能巷4号院,residential,商务住宅;住宅区;住宅小区,武侯区,104.052847,30.633708
供电局小区,residential,商务住宅;住宅区;住宅小区,武侯区,104.049384,30.630746
兴亿小区,residential,商务住宅;住宅区;住宅小区,武侯区,104.044157,30.634703
玉林西路80号院,residential,商务住宅;住宅区;住宅小区,武侯区,104.051397,30.63136
新能巷6号院,residential,商务住宅;住宅区;住宅小区,武侯区,104.053111,30.633704
小天西巷7号院,residential,商务住宅;住宅区;住宅小区,武侯区,104.05152,30.637126
金杏苑B区,residential,商务住宅;住宅区;住宅小区,武侯区,104.047495,30.630786
小天小区,residential,商务住宅;住宅区;住宅区,武侯区,104.052897,30.634706
新能巷4号院,residential,商务住宅;住宅区;住宅小区,武侯区,104.052847,30.633708
供电局小区,residential,商务住宅;住宅区;住宅小区,武侯区,104.049384,30.630746
兴亿小区,residential,商务住宅;住宅区;住宅小区,武侯区,104.044157,30.634703
沙子堰西巷3号院,residential,商务住宅;住宅区;住宅小区,武侯区,104.052435,30.6326
新源巷2号院,residential,商务住宅;住宅区;住宅小区,武侯区,104.052969,30.634836
玉林西路80号院,residential,商务住宅;住宅区;住宅小区,武侯区,104.051397,30.63136
新能巷6号院,residential,商务住宅;住宅区;住宅小区,武侯区,104.053111,30.633704
新能巷1号院,residential,商务住宅;住宅区;住宅小区,武侯区,104.053162,30.634879
一环路南三段64号院,residential,商务住宅;住宅区;住宅区,武侯区,104.053055,30.635419
沙子堰西巷5号院,residential,商务住宅;住宅区;住宅小区,武侯区,104.052456,30.632146
小天西巷5号院,residential,商务住宅;住宅区;住宅小区,武侯区,104.052313,30.636967
一环路南三段51号,residential,商务住宅;住宅区;住宅区,武侯区,104.052432,30.636825
洗面桥街小区,residential,商务住宅;住宅区;住宅小区,武侯区,104.050098,30.638347
金杏苑A区,residential,商务住宅;住宅区;住宅小区,武侯区,104.04845,30.630275
松露苑,residential,商务住宅;住宅区;住宅区,武侯区,104.053364,30.63446
玉虹巷2号院,residential,商务住宅;住宅区;住宅小区,武侯区,104.051862,30.631373
枫露苑,residential,商务住宅;住宅区;住宅区,武侯区,104.053375,30.63473
新源巷9号院,residential,商务住宅;住宅区;住宅小区,武侯区,104.053411,30.634491
肖家河东一巷11号院,residential,商务住宅;住宅区;住宅小区,武侯区,104.043781,30.635335
晓苑,residential,商务住宅;住宅区;住宅区,武侯区,104.053391,30.63495
新源巷8号院,residential,商务住宅;住宅区;住宅小区,武侯区,104.053503,30.634249
芳草西一街1号院,residential,商务住宅;住宅区;住宅小区,武侯区,104.049543,30.630242
松合苑,residential,商务住宅;住宅区;住宅区,武侯区,104.053481,30.634878
彩虹街61号院,residential,商务住宅;住宅区;住宅小区,武侯区,104.050919,30.630661
新源巷小区,residential,商务住宅;住宅区;住宅小区,武侯区,104.053454,30.635188
五七大院,residential,商务住宅;住宅区;住宅小区,武侯区,104.051439,30.637959
玉虹巷4号院,residential,商务住宅;住宅区;住宅小区,武侯区,104.051851,30.631125
天乐嘉苑,residential,商务住宅;住宅区;住宅小区,武侯区,104.047724,30.638783
肖家河东一巷9号院,residential,商务住宅;住宅区;住宅小区,武侯区,104.043805,30.636077
沙子堰东巷4号院,residential,商务住宅;住宅区;住宅小区,武侯区,104.053213,30.632499
天乐嘉苑2期,residential,商务住宅;住宅区;住宅区,武侯区,104.047532,30.638817
玉虹巷1号院,residential,商务住宅;住宅区;住宅小区,武侯区,104.052639,30.631624
沙子堰东巷6号院,residential,商务住宅;住宅区;住宅小区,武侯区,104.053206,30.632265
玉馨苑(芳草街),residential,商务住宅;住宅区;住宅小区,武侯区,104.050504,30.630153
肖家河东一巷7号院,residential,商务住宅;住宅区;住宅小区,武侯区,104.04361,30.636174
祥和苑(洗面桥街),residential,商务住宅;住宅区;住宅小区,武侯区,104.049372,30.639002
玉虹巷小区,residential,商务住宅;住宅区;住宅小区,武侯区,104.052552,30.631367
小天西街1号院,residential,商务住宅;住宅区;住宅小区,武侯区,104.05345,30.636398
晓天芳苑,residential,商务住宅;住宅区;住宅小区,武侯区,104.053226,30.636857
橄榄园二期,residential,商务住宅;住宅区;住宅小区,武侯区,104.044548,30.631175
沙子堰东巷8号院,residential,商务住宅;住宅区;住宅小区,武侯区,104.053313,30.632023
玉虹巷3号院,residential,商务住宅;住宅区;住宅小区,武侯区,104.052628,30.631213
彩虹街2号院,residential,商务住宅;住宅区;住宅小区,武侯区,104.051776,30.630437
兴蓉街3号院,residential,商务住宅;住宅区;住宅小区,武侯区,104.043775,30.637065
新村坝子,residential,商务住宅;住宅区;住宅小区,武侯区,104.048302,30.639333
白玉巷1号院,residential,商务住宅;住宅区;住宅小区,武侯区,104.053316,30.631555
凉山彝族自治州小区,residential,商务住宅;住宅区;住宅小区,武侯区,104.046182,30.629837
雕院,residential,商务住宅;住宅区;住宅区,武侯区,104.050751,30.639158
白玉巷3号院,residential,商务住宅;住宅区;住宅小区,武侯区,104.053294,30.631134
小天公寓,residential,商务住宅;住宅区;住宅小区,武侯区,104.053016,30.638105
蓝天路3号院,residential,商务住宅;住宅区;住宅小区,武侯区,104.052744,30.630499
蓝天路小区,residential,商务住宅;住宅区;住宅小区,武侯区,104.052711,30.630261
天府花园西区,residential,商务住宅;住宅区;住宅小区,武侯区,104.051863,30.629649
白云街10号院,residential,商务住宅;住宅区;住宅小区,武侯区,104.053221,30.630534
一环路南四段15号院,residential,商务住宅;住宅区;住宅区,武侯区,104.044652,30.639084
兴蓉街2号院,residential,商务住宅;住宅区;住宅小区,武侯区,104.044317,30.638955
虹瑶·玉林品上,residential,商务住宅;住宅区;住宅小区,武侯区,104.058246,30.633875
玉林北街8号院,residential,商务住宅;住宅区;住宅小区,武侯区,104.05702,30.634015
玉林北街4号院,residential,商务住宅;住宅区;住宅小区,武侯区,104.057073,30.634995
馨乐居,residential,商务住宅;住宅区;住宅小区,武侯区,104.057566,30.633308
馨棠居,residential,商务住宅;住宅区;住宅小区,武侯区,104.057799,30.633089
玉林北巷小区,residential,商务住宅;住宅区;住宅小区,武侯区,104.05905,30.632976
一环路南三段19号院,residential,商务住宅;住宅区;住宅区,武侯区,104.057675,30.635941
玉林北街44号院,residential,商务住宅;住宅区;住宅小区,武侯区,104.056907,30.633301
玉林北街68号院,residential,商务住宅;住宅区;住宅小区,武侯区,104.056981,30.632898
玫瑰园(玉林北巷),residential,商务住宅;住宅区;住宅小区,武侯区,104.059269,30.63243
玉林北路13号院,residential,商务住宅;住宅区;住宅小区,武侯区,104.05648,30.633038
四川省计划生育科学研究所职工宿舍,residential,商务住宅;住宅区;住宅小区,武侯区,104.057891,30.632224
小天东巷23号大院,residential,商务住宅;住宅区;住宅小区,武侯区,104.057143,30.636433
玉林北街72号院,residential,商务住宅;住宅区;住宅小区,武侯区,104.057219,30.63235
小天东巷21号,residential,商务住宅;住宅区;住宅区,武侯区,104.057026,30.636671
玉林北街74号院,residential,商务住宅;住宅区;住宅小区,武侯区,104.057071,30.632125
小天东巷80号院,residential,商务住宅;住宅区;住宅小区,武侯区,104.056419,30.636357
一环路南三段13号院,residential,商务住宅;住宅区;住宅区,武侯区,104.061097,30.636095
民沁苑,residential,商务住宅;住宅区;住宅小区,武侯区,104.059318,30.631681
华西新村,residential,商务住宅;住宅区;住宅小区,武侯区,104.057346,30.637088
玉林东路小区,residential,商务住宅;住宅区;住宅小区,武侯区,104.060023,30.631861
电信南路5号院,residential,商务住宅;住宅区;住宅区,武侯区,104.058245,30.637297
小天小区商住楼1期,residential,商务住宅;住宅区;住宅小区,武侯区,104.056393,30.636735
九如村30号院,residential,商务住宅;住宅区;住宅小区,武侯区,104.059029,30.637401
良玉阁,residential,商务住宅;住宅区;住宅小区,武侯区,104.058677,30.631348
墨玉苑,residential,商务住宅;住宅区;住宅小区,武侯区,104.059042,30.631343
民怡苑,residential,商务住宅;住宅区;住宅小区,武侯区,104.060127,30.631624
一环路南三段11号,residential,商务住宅;住宅区;住宅区,武侯区,104.061598,30.636098
小天北街4号院,residential,商务住宅;住宅区;住宅小区,武侯区,104.057383,30.637426
玉林六巷3号院,residential,商务住宅;住宅区;住宅小区,武侯区,104.057143,30.631476
玉林六巷2号院,residential,商务住宅;住宅区;住宅小区,武侯区,104.056556,30.631722
九如村33号院,residential,商务住宅;住宅区;住宅小区,武侯区,104.059225,30.637567
小天九路商住楼2期,residential,商务住宅;住宅区;住宅小区,武侯区,104.056655,30.637238
小天北街4号附18号院,residential,商务住宅;住宅区;住宅小区,武侯区,104.057835,30.637599
民静苑,residential,商务住宅;住宅区;住宅小区,武侯区,104.059301,30.6312
九如村40号院,residential,商务住宅;住宅区;住宅小区,武侯区,104.059881,30.637502
温馨家园(小天北街),residential,商务住宅;住宅区;住宅小区,武侯区,104.057599,30.637649
九如村38号院,residential,商务住宅;住宅区;住宅小区,武侯区,104.060025,30.637503
玉林六巷2号院,residential,商务住宅;住宅区;住宅小区,武侯区,104.056556,30.631722
九如村33号院,residential,商务住宅;住宅区;住宅小区,武侯区,104.059225,30.637567
小天九路商住楼2期,residential,商务住宅;住宅区;住宅小区,武侯区,104.056655,30.637238
小天北街4号附18号院,residential,商务住宅;住宅区;住宅小区,武侯区,104.057835,30.637599
民静苑,residential,商务住宅;住宅区;住宅小区,武侯区,104.059301,30.6312
九如村40号院,residential,商务住宅;住宅区;住宅小区,武侯区,104.059881,30.637502
温馨家园(小天北街),residential,商务住宅;住宅区;住宅小区,武侯区,104.057599,30.637649
九如村38号院,residential,商务住宅;住宅区;住宅小区,武侯区,104.060025,30.637503
民祥苑,residential,商务住宅;住宅区;住宅小区,武侯区,104.060171,30.631375
玉林六巷4号院,residential,商务住宅;住宅区;住宅小区,武侯区,104.05656,30.631525
幸福园(玉林西路),residential,商务住宅;住宅区;住宅小区,武侯区,104.055541,30.632273
玉林六巷5号院,residential,商务住宅;住宅区;住宅小区,武侯区,104.057127,30.631217
玉芳苑,residential,商务住宅;住宅区;住宅小区,武侯区,104.05539,30.632262
璞玉轩,residential,商务住宅;住宅区;住宅小区,武侯区,104.058718,30.630925
樱花园(玉林西路),residential,商务住宅;住宅区;住宅小区,武侯区,104.05508,30.632552
和谐园(玉林西路),residential,商务住宅;住宅区;住宅小区,武侯区,104.055377,30.632127
九如村34号院,residential,商务住宅;住宅区;住宅小区,武侯区,104.059828,30.637797
盛景华庭,residential,商务住宅;住宅区;住宅小区,武侯区,104.05533,30.636695
盛锦华庭,residential,商务住宅;住宅区;住宅小区,武侯区,104.055247,30.636654
友谊园,residential,商务住宅;住宅区;住宅小区,武侯区,104.055142,30.632322
民福苑,residential,商务住宅;住宅区;住宅小区,武侯区,104.060151,30.631091
电信南街小区,residential,商务住宅;住宅区;住宅小区,武侯区,104.058762,30.638028
天竺丽苑,residential,商务住宅;住宅区;住宅小区,武侯区,104.057019,30.637876
祥瑞园,residential,商务住宅;住宅区;住宅小区,武侯区,104.055194,30.632125
一环路南三段41号,residential,商务住宅;住宅区;住宅区,武侯区,104.054806,30.636239
玉林六巷6号院,residential,商务住宅;住宅区;住宅小区,武侯区,104.056369,30.63118
九如村4号院,residential,商务住宅;住宅区;住宅小区,武侯区,104.058214,30.638177
玉林街7号院,residential,商务住宅;住宅区;住宅小区,武侯区,104.060096,30.630869
成都玉园,residential,商务住宅;住宅区;住宅小区,武侯区,104.057023,30.630794
九如村4号7幢,residential,商务住宅;住宅区;住宅区,武侯区,104.058843,30.638254
玉林六巷8号院,residential,商务住宅;住宅区;住宅小区,武侯区,104.056297,30.630974
新能巷社区,residential,商务住宅;住宅区;住宅小区,武侯区,104.054104,30.633402
玉林上横巷6号,residential,商务住宅;住宅区;住宅区,武侯区,104.058883,30.630421
沙子堰东巷1号院,residential,商务住宅;住宅区;住宅小区,武侯区,104.053922,30.633697
芳箐院,residential,商务住宅;住宅区;住宅小区,武侯区,104.055419,30.631377
玉林西路31号院,residential,商务住宅;住宅区;住宅小区,武侯区,104.054538,30.63225
九茹村社区,residential,商务住宅;住宅区;住宅小区,武侯区,104.056205,30.637999
枇杷园,residential,商务住宅;住宅区;住宅小区,武侯区,104.057844,30.630347
新源巷7号院,residential,商务住宅;住宅区;住宅小区,武侯区,104.053709,30.63458
东华苑(小天北街),residential,商务住宅;住宅区;住宅小区,武侯区,104.056537,30.638205
玉林六巷10号院,residential,商务住宅;住宅区;住宅小区,武侯区,104.05632,30.630724
沙子堰东巷3号院,residential,商务住宅;住宅区;住宅小区,武侯区,104.053922,30.633167
玉林横街30号院,residential,商务住宅;住宅区;住宅小区,武侯区,104.058569,30.630231
新源巷3号院,residential,商务住宅;住宅区;住宅小区,武侯区,104.053732,30.635091
新源巷5号院,residential,商务住宅;住宅区;住宅小区,武侯区,104.053679,30.634813
新源巷1号院,residential,商务住宅;住宅区;住宅小区,武侯区,104.053755,30.635369
玉林七巷1号院,residential,商务住宅;住宅区;住宅小区,武侯区,104.057265,30.630301
沁园苑,residential,商务住宅;住宅区;住宅小区,武侯区,104.053695,30.63527
沙子堰东巷5号院,residential,商务住宅;住宅区;住宅小区,武侯区,104.053905,30.632922
九如村小区,residential,商务住宅;住宅区;住宅小区,武侯区,104.058244,30.638679
电信南街17号院,residential,商务住宅;住宅区;住宅小区,武侯区,104.057666,30.638638
玉林横街28号院,residential,商务住宅;住宅区;住宅小区,武侯区,104.058577,30.630011
九如村3号院,residential,商务住宅;住宅区;住宅小区,武侯区,104.058379,30.638849
桂花园,residential,商务住宅;住宅区;住宅小区,武侯区,104.057854,30.630025
武侯区玉林街道电信路社区,residential,商务住宅;住宅区;住宅小区,武侯区,104.059601,30.638752
金陵横路48号院,residential,商务住宅;住宅区;住宅小区,武侯区,104.061843,30.637823
九如村2号院,residential,商务住宅;住宅区;住宅小区,武侯区,104.05799,30.63885
玉林西路4号院,residential,商务住宅;住宅区;住宅小区,武侯区,104.054595,30.631542
沙子堰东巷小区,residential,商务住宅;住宅区;住宅小区,武侯区,104.053807,30.632625
玉林一巷12号院,residential,商务住宅;住宅区;住宅小区,武侯区,104.061118,30.630549
小天丽苑,residential,商务住宅;住宅区;住宅小区,武侯区,104.055878,30.638256
丽景天成,residential,商务住宅;住宅区;住宅小区,武侯区,104.054914,30.637673
玉林七巷3号院,residential,商务住宅;住宅区;住宅小区,武侯区,104.05725,30.630059
金陵路18号院,residential,商务住宅;住宅区;住宅小区,武侯区,104.060554,30.638599
彩虹街3号院,residential,商务住宅;住宅区;住宅小区,武侯区,104.055365,30.630813
金陵公寓,residential,商务住宅;住宅区;住宅小区,武侯区,104.061567,30.638187
玉林八巷1号院,residential,商务住宅;住宅区;住宅小区,武侯区,104.056761,30.630082
玉林横街26号院,residential,商务住宅;住宅区;住宅小区,武侯区,104.058569,30.629786
玉林一巷14号院,residential,商务住宅;住宅区;住宅小区,武侯区,104.061121,30.630317
玉林七巷5号院,residential,商务住宅;住宅区;住宅小区,武侯区,104.05725,30.629828
玉林小区,residential,商务住宅;住宅区;住宅小区,武侯区,104.058054,30.629665
樱花园,residential,商务住宅;住宅区;住宅小区,武侯区,104.057851,30.629695
金陵路6号院,residential,商务住宅;住宅区;住宅小区,武侯区,104.061903,30.638188
小天中街18号院,residential,商务住宅;住宅区;住宅小区,武侯区,104.055989,30.638668
金陵路3号院,residential,商务住宅;住宅区;住宅小区,武侯区,104.062308,30.637913
彩虹街5号院,residential,商务住宅;住宅区;住宅小区,武侯区,104.054584,30.631045
玉林西路6号院,residential,商务住宅;住宅区;住宅小区,武侯区,104.053897,30.631663
玉林八巷2号院,residential,商务住宅;住宅区;住宅小区,武侯区,104.05622,30.629973
白云巷社区,residential,商务住宅;住宅区;住宅小区,武侯区,104.054193,30.631309
玉林8巷2号,residential,商务住宅;住宅区;住宅区,武侯区,104.056223,30.62998
玉林横街24号院,residential,商务住宅;住宅区;住宅小区,武侯区,104.058577,30.629528
华宇·蓉国府(玉林一巷),residential,商务住宅;住宅区;住宅小区,武侯区,104.062514,30.630877
金陵路2号院,residential,商务住宅;住宅区;住宅小区,武侯区,104.06278,30.63771
小学路新6号院,residential,商务住宅;住宅区;住宅小区,武侯区,104.060224,30.63913
玉林七巷7号院,residential,商务住宅;住宅区;住宅小区,武侯区,104.057196,30.629601
彩虹街1号小区,residential,商务住宅;住宅区;住宅小区,武侯区,104.055279,30.630337
馨苑(小学路),residential,商务住宅;住宅区;住宅小区,武侯区,104.060147,30.639218
紫荆园,residential,商务住宅;住宅区;住宅小区,武侯区,104.057863,30.629437
米兰风度,residential,商务住宅;住宅区;住宅小区,武侯区,104.055224,30.638581
人民南路三段24号,residential,商务住宅;住宅区;住宅区,武侯区,104.063015,30.637648
玉林东街42号院,residential,商务住宅;住宅区;住宅小区,武侯区,104.060333,30.629596
白云巷2号院,residential,商务住宅;住宅区;住宅小区,武侯区,104.053946,30.631215
蓝天路2号院,residential,商务住宅;住宅区;住宅区,武侯区,104.05558,30.630006
玉福苑,residential,商务住宅;住宅区;住宅小区,武侯区,104.061468,30.62994
电信南街25号院,residential,商务住宅;住宅区;住宅小区,武侯区,104.05695,30.639401
玉林八巷3号院,residential,商务住宅;住宅区;住宅小区,武侯区,104.056775,30.629467
中学路35号院,residential,商务住宅;住宅区;住宅小区,武侯区,104.061623,30.638866
玉林十巷1号院,residential,商务住宅;住宅区;住宅区,武侯区,104.05609,30.629514
玉林十巷2号院,residential,商务住宅;住宅区;住宅小区,武侯区,104.056051,30.62944
蓝天路1号小区,residential,商务住宅;住宅区;住宅小区,武侯区,104.054132,30.630485
小天梦苑,residential,商务住宅;住宅区;住宅小区,武侯区,104.055204,30.639198
嘉豪公寓(小天西街),residential,商务住宅;住宅区;住宅小区,武侯区,104.054568,30.638897
蓓蕾东巷5号院,residential,商务住宅;住宅区;住宅小区,武侯区,104.055232,30.629517
蓓蕾东巷6号院,residential,商务住宅;住宅区;住宅小区,武侯区,104.05495,30.629551
国嘉·美领居,residential,商务住宅;住宅区;住宅小区,武侯区,104.062823,30.62992
玉林蓓蕾社区,residential,商务住宅;住宅区;住宅小区,武侯区,104.054153,30.629698
蓓蕾西巷5号院,residential,商务住宅;住宅区;住宅小区,武侯区,104.05416,30.629555
蓓蕾西巷8号院,residential,商务住宅;住宅区;住宅小区,武侯区,104.053733,30.629831
西南技术物理研究所第一生活区,residential,商务住宅;住宅区;住宅小区,武侯区,104.067568,30.634801
一环路南二段20号,residential,商务住宅;住宅区;住宅区,武侯区,104.066429,30.634996
科学路小区(西门),residential,商务住宅;住宅区;住宅小区,武侯区,104.066858,30.630991
一环路南二段8号,residential,商务住宅;住宅区;住宅区,武侯区,104.070912,30.635447
一环路南二段9号院,residential,商务住宅;住宅区;住宅小区,武侯区,104.06991,30.636461
悦馨苑(旅游村街),residential,商务住宅;住宅区;住宅小区,武侯区,104.069878,30.636789
成都来福士广场,residential,商务住宅;住宅区;住宅区,武侯区,104.065385,30.634053
银杏园(旅游村街),residential,商务住宅;住宅区;住宅小区,武侯区,104.070205,30.636995
一环路南二段7号附3号院,residential,商务住宅;住宅区;住宅小区,武侯区,104.070687,30.636739
人民南路四段社区,residential,商务住宅;住宅区;住宅小区,武侯区,104.066907,30.631739
武侯区跳伞塔街道旅游村社区,residential,商务住宅;住宅区;住宅小区,武侯区,104.070031,30.637133
旅游村,residential,商务住宅;住宅区;住宅小区,武侯区,104.069385,30.637378
桂馨苑(磨子巷),residential,商务住宅;住宅区;住宅小区,武侯区,104.071983,30.635078
一环路南二段13号,residential,商务住宅;住宅区;住宅区,武侯区,104.06561,30.636191
科华巷七号院,residential,商务住宅;住宅区;住宅小区,武侯区,104.072139,30.635052
科华巷11号,residential,商务住宅;住宅区;住宅区,武侯区,104.072269,30.63469
磨子巷4号院,residential,商务住宅;住宅区;住宅小区,武侯区,104.072288,30.633897
科院街1号附1号院,residential,商务住宅;住宅区;住宅小区,武侯区,104.06984,30.631208
科院街4号院,residential,商务住宅;住宅区;住宅小区,武侯区,104.068626,30.630926
科华巷5号,residential,商务住宅;住宅区;住宅区,武侯区,104.072413,30.635324
棕北2期,residential,商务住宅;住宅区;住宅小区,武侯区,104.068267,30.630902
科学路小区5栋,residential,商务住宅;住宅区;住宅小区,武侯区,104.068535,30.630909
科院街1号附1号院,residential,商务住宅;住宅区;住宅小区,武侯区,104.06984,30.631208
科院街4号院,residential,商务住宅;住宅区;住宅小区,武侯区,104.068626,30.630926
科华巷5号,residential,商务住宅;住宅区;住宅区,武侯区,104.072413,30.635324
棕北2期,residential,商务住宅;住宅区;住宅小区,武侯区,104.068267,30.630902
科学路小区5栋,residential,商务住宅;住宅区;住宅小区,武侯区,104.068535,30.630909
科学路小区4栋,residential,商务住宅;住宅区;住宅小区,武侯区,104.067946,30.630908
裕鑫苑(磨子巷),residential,商务住宅;住宅区;住宅小区,武侯区,104.072161,30.632668
科学路小区(西门),residential,商务住宅;住宅区;住宅小区,武侯区,104.066858,30.630991
棕北小区,residential,商务住宅;住宅区;住宅小区,武侯区,104.068734,30.630647
磨子巷7号,residential,商务住宅;住宅区;住宅区,武侯区,104.072775,30.633713
科学路小区3栋,residential,商务住宅;住宅区;住宅小区,武侯区,104.068937,30.630681
科学路小区1栋,residential,商务住宅;住宅区;住宅小区,武侯区,104.068937,30.630681
金三角,residential,商务住宅;住宅区;住宅小区,武侯区,104.072804,30.635245
一环路南二段5号院,residential,商务住宅;住宅区;住宅小区,武侯区,104.072124,30.636647
弘福苑,residential,商务住宅;住宅区;住宅小区,武侯区,104.066344,30.630999
静苑(磨子巷),residential,商务住宅;住宅区;住宅小区,武侯区,104.072911,30.633401
磨子巷9号,residential,商务住宅;住宅区;住宅区,武侯区,104.072957,30.63318
磨子巷11号,residential,商务住宅;住宅区;住宅区,武侯区,104.072867,30.632937
锦绣街1号院,residential,商务住宅;住宅区;住宅小区,武侯区,104.070672,30.630824
磨子巷15号,residential,商务住宅;住宅区;住宅小区,武侯区,104.072654,30.63248
科学路小区7栋,residential,商务住宅;住宅区;住宅小区,武侯区,104.068544,30.630349
科学路小区6栋,residential,商务住宅;住宅区;住宅小区,武侯区,104.068198,30.630337
宜苑,residential,商务住宅;住宅区;住宅小区,武侯区,104.072932,30.632852
科学路小区8栋,residential,商务住宅;住宅区;住宅小区,武侯区,104.067592,30.630366
四川省科委系统职工住宅,residential,商务住宅;住宅区;住宅小区,武侯区,104.066152,30.630499
锦绣街2号院,residential,商务住宅;住宅区;住宅小区,武侯区,104.071342,30.630969
翠海庭,residential,商务住宅;住宅区;住宅小区,武侯区,104.066412,30.638233
容雅苑,residential,商务住宅;住宅区;住宅小区,武侯区,104.069008,30.63862
科华巷9号院,residential,商务住宅;住宅区;住宅区,武侯区,104.073357,30.63515
锦绣街3号院,residential,商务住宅;住宅区;住宅小区,武侯区,104.070685,30.630581
金鑫苑(旅游村街),residential,商务住宅;住宅区;住宅小区,武侯区,104.069817,30.638511
成科路9号院,residential,商务住宅;住宅区;住宅小区,武侯区,104.067138,30.630232
翠海庭华西苑,residential,商务住宅;住宅区;住宅小区,武侯区,104.066177,30.638308
慧雅苑,residential,商务住宅;住宅区;住宅小区,武侯区,104.068306,30.638858
智雅苑,residential,商务住宅;住宅区;住宅小区,武侯区,104.069046,30.638839
磨子街3号院,residential,商务住宅;住宅区;住宅小区,武侯区,104.072581,30.63163
锦绣街5号院,residential,商务住宅;住宅区;住宅小区,武侯区,104.070686,30.630333
南虹雅园(林荫街),residential,商务住宅;住宅区;住宅小区,武侯区,104.068923,30.638876
恬静苑(旅游村街),residential,商务住宅;住宅区;住宅小区,武侯区,104.069869,30.638757
棕苑巷9号、11号院,residential,商务住宅;住宅区;住宅小区,武侯区,104.071974,30.630992
科学路小区9栋,residential,商务住宅;住宅区;住宅小区,武侯区,104.068258,30.629856
科学路小区10栋,residential,商务住宅;住宅区;住宅小区,武侯区,104.068567,30.629798
信雅苑,residential,商务住宅;住宅区;住宅小区,武侯区,104.068299,30.639085
诚雅苑,residential,商务住宅;住宅区;住宅小区,武侯区,104.069024,30.639067
成科西二路1号院,residential,商务住宅;住宅区;住宅小区,武侯区,104.066134,30.630158
南虹村社区(人民南路三段),residential,商务住宅;住宅区;住宅小区,武侯区,104.065156,30.638164
熙和苑,residential,商务住宅;住宅区;住宅小区,武侯区,104.069893,30.639003
成科路7号院,residential,商务住宅;住宅区;住宅小区,武侯区,104.067303,30.629721
和雅苑,residential,商务住宅;住宅区;住宅小区,武侯区,104.06894,30.639232
成都市电信局宿舍2区,residential,商务住宅;住宅区;住宅小区,武侯区,104.066098,30.638793
谐雅苑,residential,商务住宅;住宅区;住宅小区,武侯区,104.068299,30.63929
棕苑巷5号院,residential,商务住宅;住宅区;住宅区,武侯区,104.072638,30.63105
科院街3号院,residential,商务住宅;住宅区;住宅小区,武侯区,104.069568,30.629573
和谐苑(成科路),residential,商务住宅;住宅区;住宅小区,武侯区,104.066911,30.629595
成都市电信局宿舍,residential,商务住宅;住宅区;住宅小区,武侯区,104.066051,30.638926
桂苑,residential,商务住宅;住宅区;住宅小区,武侯区,104.065898,30.638877
人民南路三段35号,residential,商务住宅;住宅区;住宅区,武侯区,104.064322,30.6379
棕苑巷3号院,residential,商务住宅;住宅区;住宅小区,武侯区,104.072699,30.630866
锦苑(锦绣街),residential,商务住宅;住宅区;住宅小区,武侯区,104.070072,30.629549
科华北路36号院,residential,商务住宅;住宅区;住宅小区,武侯区,104.073251,30.631376
成都市电信局宿舍1区,residential,商务住宅;住宅区;住宅小区,武侯区,104.065781,30.638926
成科路5号院,residential,商务住宅;住宅区;住宅小区,武侯区,104.067319,30.629418
康乐院,residential,商务住宅;住宅区;住宅小区,武侯区,104.066741,30.629478
四维村6号院,residential,商务住宅;住宅区;住宅小区,武侯区,104.071483,30.638924
成科路2号院,residential,商务住宅;住宅区;住宅小区,武侯区,104.066523,30.629486
科华北路38号院,residential,商务住宅;住宅区;住宅小区,武侯区,104.073251,30.631068
人民南路三段26号院,residential,商务住宅;住宅区;住宅小区,武侯区,104.063544,30.637506
林荫街13号院,residential,商务住宅;住宅区;住宅小区,武侯区,104.066269,30.639333
棕苑巷1号院,residential,商务住宅;住宅区;住宅小区,武侯区,104.073436,30.630881
华宇·蓉国府,residential,商务住宅;住宅区;住宅小区,武侯区,104.063616,30.630611
棕苑,residential,商务住宅;住宅区;住宅小区,武侯区,104.072644,30.629949
林荫中街2号院,residential,商务住宅;住宅区;住宅小区,武侯区,104.072569,30.639143
人民南路四段14号,residential,商务住宅;住宅区;住宅区,武侯区,104.063793,30.629935
中兴村职工住宅区,residential,商务住宅;住宅区;住宅小区,武侯区,104.080076,30.633321
四川大学望江校区新北村,residential,商务住宅;住宅区;住宅小区,武侯区,104.077645,30.631151
四川大学望江校区后勤公寓,residential,商务住宅;住宅区;住宅小区,武侯区,104.082327,30.634772
四川大学望江校区新北村职工小区4栋,residential,商务住宅;住宅区;住宅小区,武侯区,104.077745,30.630918
四川大学望江校区新南村职工小区52栋,residential,商务住宅;住宅区;住宅小区,武侯区,104.078478,30.630842
四川大学望江校区新南村职工小区54栋,residential,商务住宅;住宅区;住宅小区,武侯区,104.078093,30.630642
四川大学望江校区新南村职工小区53栋,residential,商务住宅;住宅区;住宅小区,武侯区,104.07863,30.630595
四川大学望江校区新北村职工小区5栋,residential,商务住宅;住宅区;住宅小区,武侯区,104.077342,30.630711
嘉乐苑(共和路),residential,商务住宅;住宅区;住宅小区,武侯区,104.082675,30.635931
四川大学望江校区新北村职工小区7栋,residential,商务住宅;住宅区;住宅小区,武侯区,104.076744,30.630764
四川大学望江校区新南村职工小区55栋,residential,商务住宅;住宅区;住宅小区,武侯区,104.078245,30.630442
一环路南一段51号院,residential,商务住宅;住宅区;住宅小区,武侯区,104.075906,30.637702
四川大学望江校区新北村职工小区6栋,residential,商务住宅;住宅区;住宅小区,武侯区,104.077039,30.630628
四川大学望江校区新南村职工小区60栋,residential,商务住宅;住宅区;住宅小区,武侯区,104.077664,30.63045
四川大学望江校区新南村职工小区51栋,residential,商务住宅;住宅区;住宅小区,武侯区,104.07935,30.630415
四川大学望江校区新南村,residential,商务住宅;住宅区;住宅小区,武侯区,104.078657,30.630299
望江公寓,residential,商务住宅;住宅区;住宅小区,武侯区,104.074555,30.636802
红瓦寺街32号院,residential,商务住宅;住宅区;住宅小区,武侯区,104.077697,30.638576
四川大学望江校区新南村职工小区47栋,residential,商务住宅;住宅区;住宅小区,武侯区,104.078842,30.630187
康乐苑,residential,商务住宅;住宅区;住宅小区,武侯区,104.082384,30.637015
咏乐苑,residential,商务住宅;住宅区;住宅小区,武侯区,104.082858,30.636409
四川大学望江校区新南村职工小区61栋,residential,商务住宅;住宅区;住宅小区,武侯区,104.077861,30.630197
新南村(新南路),residential,商务住宅;住宅区;住宅小区,武侯区,104.078851,30.630129
福阁,residential,商务住宅;住宅区;住宅区,武侯区,104.082376,30.6371
四川大学望江校区新南村职工小区3栋,residential,商务住宅;住宅区;住宅小区,武侯区,104.079354,30.630138
四川大学望江校区新南村职工小区62栋,residential,商务住宅;住宅区;住宅小区,武侯区,104.078058,30.630045
四川大学望江校区新南村职工小区57栋,residential,商务住宅;住宅区;住宅小区,武侯区,104.078541,30.630011
四川大学望江校区新南村职工小区46栋,residential,商务住宅;住宅区;住宅小区,武侯区,104.079002,30.629987
亿发商住楼,residential,商务住宅;住宅区;住宅区,武侯区,104.078808,30.639002
寿阁,residential,商务住宅;住宅区;住宅区,武侯区,104.082527,30.637362
四川大学望江校区新南村职工小区63栋,residential,商务住宅;住宅区;住宅小区,武侯区,104.0782,30.629845
共和路1号院,residential,商务住宅;住宅区;住宅小区,武侯区,104.082789,30.637117
青年公寓(一环路南一段),residential,商务住宅;住宅区;住宅小区,武侯区,104.078139,30.638994
禧阁,residential,商务住宅;住宅区;住宅区,武侯区,104.08197,30.63788
四川大学望江校区新南村职工小区58栋,residential,商务住宅;住宅区;住宅小区,武侯区,104.078665,30.629764
四川大学望江校区新南村职工小区45栋,residential,商务住宅;住宅区;住宅小区,武侯区,104.079208,30.629802
民主路13号院,residential,商务住宅;住宅区;住宅小区,武侯区,104.07743,30.639152
共和村职工住宅区,residential,商务住宅;住宅区;住宅小区,武侯区,104.081804,30.63884
东风楼住宅区,residential,商务住宅;住宅区;住宅小区,武侯区,104.086251,30.636476
钟楼职工住宅区,residential,商务住宅;住宅区;住宅小区,武侯区,104.086078,30.636892
顺和苑(顺江路),residential,商务住宅;住宅区;住宅小区,锦江区,104.092263,30.634408
文里小区,residential,商务住宅;住宅区;住宅小区,武侯区,104.086422,30.637599
绿场村职工住宅区,residential,商务住宅;住宅区;住宅小区,武侯区,104.085347,30.631269
顺江苑(龙舟路),residential,商务住宅;住宅区;住宅小区,锦江区,104.092882,30.633313
青青河畔,residential,商务住宅;住宅区;住宅小区,锦江区,104.091396,30.637465
桃林村职工住宅区,residential,商务住宅;住宅区;住宅小区,武侯区,104.084081,30.631991
工农院街12号院,residential,商务住宅;住宅区;住宅小区,锦江区,104.093345,30.634138
华西新村职工住宅区,residential,商务住宅;住宅区;住宅小区,武侯区,104.084245,30.63708
向阳村职工住宅区,residential,商务住宅;住宅区;住宅小区,武侯区,104.084637,30.631218
望江名门,residential,商务住宅;住宅区;住宅小区,锦江区,104.092463,30.631653
朗基·望今缘,residential,商务住宅;住宅区;住宅小区,锦江区,104.092984,30.632319
顺江怡苑,residential,商务住宅;住宅区;住宅小区,锦江区,104.092249,30.6376
望江庭苑,residential,商务住宅;住宅区;住宅区,锦江区,104.092276,30.637597
华西新村十四宿舍,residential,商务住宅;住宅区;住宅小区,武侯区,104.084495,30.638062
阿玛尼艺术公寓,residential,商务住宅;住宅区;住宅小区,锦江区,104.093413,30.637448
莲桂西路98号院(莲桂西路),residential,商务住宅;住宅区;住宅小区,锦江区,104.093115,30.638561
望江嘉苑,residential,商务住宅;住宅区;住宅小区,锦江区,104.092825,30.629559
四川大学望江校区农林村,residential,商务住宅;住宅区;住宅小区,武侯区,104.083918,30.629617
太平南新街小区,residential,商务住宅;住宅区;住宅小区,武侯区,104.083944,30.639373
莲花苑(莲花新区北三巷),residential,商务住宅;住宅区;住宅小区,锦江区,104.098816,30.634206
国润·天骄,residential,商务住宅;住宅区;住宅小区,锦江区,104.098387,30.63368
和顺苑(莲花北一巷),residential,商务住宅;住宅区;住宅小区,锦江区,104.097488,30.634529
莲新苑,residential,商务住宅;住宅区;住宅小区,锦江区,104.09766,30.635194
幸福居,residential,商务住宅;住宅区;住宅小区,锦江区,104.097288,30.634916
锦欣苑(莲花北一巷),residential,商务住宅;住宅区;住宅小区,锦江区,104.097152,30.633964
清风苑,residential,商务住宅;住宅区;住宅小区,锦江区,104.097704,30.635464
吉祥,residential,商务住宅;住宅区;住宅小区,锦江区,104.097908,30.633169
莲心苑(莲花新区北三巷),residential,商务住宅;住宅区;住宅小区,锦江区,104.098944,30.633121
南一巷3号,residential,商务住宅;住宅区;住宅小区,锦江区,104.097035,30.633845
莲花新区社区,residential,商务住宅;住宅区;住宅小区,锦江区,104.096992,30.633696
名沁苑,residential,商务住宅;住宅区;住宅小区,锦江区,104.096723,30.634591
莲鑫苑,residential,商务住宅;住宅区;住宅小区,锦江区,104.096316,30.63473
东景雅苑,residential,商务住宅;住宅区;住宅小区,锦江区,104.097455,30.632679
莲桂苑,residential,商务住宅;住宅区;住宅小区,锦江区,104.096863,30.635825
国润·新锦江,residential,商务住宅;住宅区;住宅小区,锦江区,104.098129,30.632093
工农院,residential,商务住宅;住宅区;住宅小区,锦江区,104.096442,30.632678
工农院街78号院,residential,商务住宅;住宅区;住宅小区,锦江区,104.096299,30.632691
东桂苑小区,residential,商务住宅;住宅区;住宅小区,锦江区,104.099185,30.63686
工农院街80号院,residential,商务住宅;住宅区;住宅小区,锦江区,104.096799,30.632149
小康人家,residential,商务住宅;住宅区;住宅小区,锦江区,104.099193,30.631458
东桂电梯苑,residential,商务住宅;住宅区;住宅小区,锦江区,104.100039,30.637058
江东民居(工农院街),residential,商务住宅;住宅区;住宅小区,锦江区,104.097404,30.631522
莲桂西路社区,residential,商务住宅;住宅区;住宅小区,锦江区,104.09482,30.63449
绿地锦天府,residential,商务住宅;住宅区;住宅小区,锦江区,104.101468,30.632471
91号大院,residential,商务住宅;住宅区;住宅区,锦江区,104.098848,30.63117
工农院街18号院,residential,商务住宅;住宅区;住宅小区,锦江区,104.094755,30.633848
人和苑(海椒市街),residential,商务住宅;住宅区;住宅小区,锦江区,104.096525,30.637274
工农院街70号院,residential,商务住宅;住宅区;住宅小区,锦江区,104.095713,30.631966
攀成钢5区,residential,商务住宅;住宅区;住宅小区,锦江区,104.09997,30.63759
二环路东四段91号,residential,商务住宅;住宅区;住宅区,锦江区,104.098803,30.630914
工农院街64号院,residential,商务住宅;住宅区;住宅小区,锦江区,104.095111,30.632427
荣馨苑,residential,商务住宅;住宅区;住宅小区,锦江区,104.095616,30.63185
工农院街72号院,residential,商务住宅;住宅区;住宅小区,锦江区,104.096052,30.631479
工农院街16号院,residential,商务住宅;住宅区;住宅区,锦江区,104.094299,30.634063
成都市教委青年教师公寓,residential,商务住宅;住宅区;住宅小区,锦江区,104.094234,30.633935
凌云峰阁,residential,商务住宅;住宅区;住宅小区,锦江区,104.102825,30.634743
南光源,residential,商务住宅;住宅区;住宅小区,锦江区,104.094257,30.632997
金桂园(海椒市街),residential,商务住宅;住宅区;住宅小区,锦江区,104.097094,30.638259
锦府苑,residential,商务住宅;住宅区;住宅小区,锦江区,104.095166,30.631501
牛沙馨苑,residential,商务住宅;住宅区;住宅小区,锦江区,104.10051,30.630601
海椒市13号院,residential,商务住宅;住宅区;住宅区,锦江区,104.099969,30.638379
钢管厂5区,residential,商务住宅;住宅区;住宅小区,锦江区,104.098913,30.638559
莲桂西路小区,residential,商务住宅;住宅区;住宅小区,锦江区,104.094702,30.637266
顺江新苑,residential,商务住宅;住宅区;住宅小区,锦江区,104.094606,30.637193
逸情苑,residential,商务住宅;住宅区;住宅小区,锦江区,104.098377,30.630017
钢管厂住宅区,residential,商务住宅;住宅区;住宅小区,锦江区,104.098635,30.639194
二环路东四段426号院,residential,商务住宅;住宅区;住宅小区,锦江区,104.097236,30.630054
人和苑(海椒市街),residential,商务住宅;住宅区;住宅小区,锦江区,104.096525,30.637274
工农院街70号院,residential,商务住宅;住宅区;住宅小区,锦江区,104.095713,30.631966
攀成钢5区,residential,商务住宅;住宅区;住宅小区,锦江区,104.09997,30.63759
二环路东四段91号,residential,商务住宅;住宅区;住宅区,锦江区,104.098803,30.630914
工农院街64号院,residential,商务住宅;住宅区;住宅小区,锦江区,104.095111,30.632427
荣馨苑,residential,商务住宅;住宅区;住宅小区,锦江区,104.095616,30.63185
工农院街72号院,residential,商务住宅;住宅区;住宅小区,锦江区,104.096052,30.631479
工农院街16号院,residential,商务住宅;住宅区;住宅区,锦江区,104.094299,30.634063
成都市教委青年教师公寓,residential,商务住宅;住宅区;住宅小区,锦江区,104.094234,30.633935
凌云峰阁,residential,商务住宅;住宅区;住宅小区,锦江区,104.102825,30.634743
南光源,residential,商务住宅;住宅区;住宅小区,锦江区,104.094257,30.632997
莲花南路5号院,residential,商务住宅;住宅区;住宅小区,锦江区,104.0958,30.63769
金桂园(海椒市街),residential,商务住宅;住宅区;住宅小区,锦江区,104.097094,30.638259
莲桂西路46号院,residential,商务住宅;住宅区;住宅小区,锦江区,104.095202,30.637288
锦府苑,residential,商务住宅;住宅区;住宅小区,锦江区,104.095166,30.631501
莲桂南路22号院,residential,商务住宅;住宅区;住宅小区,锦江区,104.094657,30.631987
牛沙后街43号院,residential,商务住宅;住宅区;住宅小区,锦江区,104.099109,30.630301
牛沙馨苑,residential,商务住宅;住宅区;住宅小区,锦江区,104.10051,30.630601
海椒市13号院,residential,商务住宅;住宅区;住宅区,锦江区,104.099969,30.638379
钢管厂5区,residential,商务住宅;住宅区;住宅小区,锦江区,104.098913,30.638559
东桂苑壹号院,residential,商务住宅;住宅区;住宅区,锦江区,104.100349,30.638323
莲桂西路小区,residential,商务住宅;住宅区;住宅小区,锦江区,104.094702,30.637266
顺江新苑,residential,商务住宅;住宅区;住宅小区,锦江区,104.094606,30.637193
逸情苑,residential,商务住宅;住宅区;住宅小区,锦江区,104.098377,30.630017
莲桂南路63号院,residential,商务住宅;住宅区;住宅区,锦江区,104.094427,30.631721
钢管厂住宅区,residential,商务住宅;住宅区;住宅小区,锦江区,104.098635,30.639194
二环路东四段426号院,residential,商务住宅;住宅区;住宅小区,锦江区,104.097236,30.630054
莲桂南路小区,residential,商务住宅;住宅区;住宅小区,锦江区,104.094277,30.631729
莲桂南路31号院,residential,商务住宅;住宅区;住宅小区,锦江区,104.093876,30.632176
龙舟大院,residential,商务住宅;住宅区;住宅小区,锦江区,104.096385,30.63019
新莲馨,residential,商务住宅;住宅区;住宅小区,锦江区,104.097483,30.63891
锦府苑2期,residential,商务住宅;住宅区;住宅小区,锦江区,104.094835,30.630917
牛沙小区3幢,residential,商务住宅;住宅区;住宅小区,锦江区,104.10026,30.629942
龙舟路50号院,residential,商务住宅;住宅区;住宅小区,锦江区,104.094309,30.631256
信达新居,residential,商务住宅;住宅区;住宅小区,锦江区,104.096788,30.629802
牛沙小区8幢,residential,商务住宅;住宅区;住宅小区,锦江区,104.100639,30.629869
东桂苑柒号院,residential,商务住宅;住宅区;住宅小区,锦江区,104.099818,30.639196
天地·云庭,residential,商务住宅;住宅区;住宅小区,锦江区,104.101587,30.630213
通用时代(通宝街),residential,商务住宅;住宅区;住宅小区,锦江区,104.108571,30.633345
天誉·南庭,residential,商务住宅;住宅区;住宅小区,锦江区,104.106901,30.635222
澳龙名城,residential,商务住宅;住宅区;住宅小区,锦江区,104.109035,30.632022
澳龙名城维格,residential,商务住宅;住宅区;住宅区,锦江区,104.106311,30.63168
成都ICC凯旋门,residential,商务住宅;住宅区;住宅区,锦江区,104.113017,30.634225
天曜(仁恒滨河湾二期西南),residential,商务住宅;住宅区;住宅小区,锦江区,104.112291,30.636704
天曜,residential,商务住宅;住宅区;住宅小区,锦江区,104.113023,30.636292
新沙河阳光水岸,residential,商务住宅;住宅区;住宅小区,锦江区,104.107526,30.629905
伊泰·天骄,residential,商务住宅;住宅区;住宅小区,锦江区,104.103768,30.63667
镏金岁月,residential,商务住宅;住宅区;住宅小区,锦江区,104.104052,30.631604
通用时代国际社区(东门),residential,商务住宅;住宅区;住宅小区,锦江区,104.109172,30.633165
天誉,residential,商务住宅;住宅区;住宅小区,锦江区,104.110127,30.639253
塔子山壹号,residential,商务住宅;住宅区;住宅小区,锦江区,104.119335,30.629451
秀水园,residential,商务住宅;住宅区;住宅小区,成华区,104.121651,30.631572
仁恒滨河湾,residential,商务住宅;住宅区;住宅小区,锦江区,104.11418,30.637824
仁恒·滨河湾3期,residential,商务住宅;住宅区;住宅小区,锦江区,104.116484,30.638319
锦东庭园,residential,商务住宅;住宅区;住宅小区,锦江区,104.120531,30.635391
cosmo天廊,residential,商务住宅;住宅区;住宅小区,锦江区,104.117408,30.630469
恒大望江华府(在建中),residential,商务住宅;住宅区;住宅小区,锦江区,104.117138,30.632101
仁恒·滨河湾南区,residential,商务住宅;住宅区;住宅小区,锦江区,104.113602,30.636912
锦东庭园(秀水园西北),residential,商务住宅;住宅区;住宅小区,锦江区,104.120709,30.634687
仁恒滨河湾2期,residential,商务住宅;住宅区;住宅小区,锦江区,104.11374,30.636734
蓝润东悦荟,residential,商务住宅;住宅区;住宅小区,成华区,104.133362,30.629448
杨柳社区,residential,商务住宅;住宅区;住宅小区,成华区,104.139973,30.638157
迎晖路小区,residential,商务住宅;住宅区;住宅小区,成华区,104.13686,30.637838
杨柳店南路9号院,residential,商务住宅;住宅区;住宅区,成华区,104.140489,30.638629
首创国际城2期,residential,商务住宅;住宅区;住宅小区,成华区,104.149458,30.633369
新里·柏仕公馆,residential,商务住宅;住宅区;住宅小区,成华区,104.146473,30.635598
成都如家公寓(东站店),residential,商务住宅;住宅区;住宅区,成华区,104.146187,30.633319
东方新城2期,residential,商务住宅;住宅区;住宅小区,成华区,104.145565,30.633641
首创百朗峰,residential,商务住宅;住宅区;住宅小区,成华区,104.151679,30.634853
首创国际城,residential,商务住宅;住宅区;住宅小区,成华区,104.149273,30.6317
东方新城(金马河路),residential,商务住宅;住宅区;住宅小区,成华区,104.145206,30.632819
富丽东方,residential,商务住宅;住宅区;住宅小区,成华区,104.15249,30.633205
万科魅力之城1期,residential,商务住宅;住宅区;住宅小区,成华区,104.147941,30.630789
漫岭云天,residential,商务住宅;住宅区;住宅小区,成华区,104.144125,30.632741
摩玛新城,residential,商务住宅;住宅区;住宅小区,成华区,104.15185,30.631183
和美社区,residential,商务住宅;住宅区;住宅小区,成华区,104.152982,30.631771
成都两城一家家庭公寓,residential,商务住宅;住宅区;住宅小区,成华区,104.14395,30.631411
万科·魅力之城南区,residential,商务住宅;住宅区;住宅区,成华区,104.147433,30.629524
恋日家园B区,residential,商务住宅;住宅区;住宅小区,成华区,104.158749,30.6316
蓝光锦绣城1期,residential,商务住宅;住宅区;住宅小区,成华区,104.154499,30.63128
锦绣城,residential,商务住宅;住宅区;住宅小区,成华区,104.154311,30.630069
蓝光锦绣城2期,residential,商务住宅;住宅区;住宅小区,成华区,104.156107,30.631026
蓝光锦绣城3期,residential,商务住宅;住宅区;住宅小区,成华区,104.154664,30.629975
蓝光锦绣城5期,residential,商务住宅;住宅区;住宅小区,成华区,104.154655,30.629981
恋日家园A区,residential,商务住宅;住宅区;住宅小区,成华区,104.156958,30.632245
海上海北苑,residential,商务住宅;住宅区;住宅小区,成华区,104.158094,30.630249
优博,residential,商务住宅;住宅区;住宅小区,武侯区,103.971768,30.621255
双凤苑,residential,商务住宅;住宅区;住宅小区,武侯区,103.970439,30.628576
布鲁汀小区,residential,商务住宅;住宅区;住宅小区,武侯区,103.982846,30.629148
沃的奥,residential,商务住宅;住宅区;住宅小区,武侯区,103.981818,30.628132
楠汇坊,residential,商务住宅;住宅区;住宅小区,武侯区,103.982349,30.622957
优博国际,residential,商务住宅;住宅区;住宅小区,武侯区,103.982243,30.624908
同顺公寓(铁佛工业区一路),residential,商务住宅;住宅区;住宅小区,武侯区,103.978146,30.62152
天际锦上府1期,residential,商务住宅;住宅区;住宅小区,武侯区,103.988201,30.625616
保利花园,residential,商务住宅;住宅区;住宅小区,武侯区,103.99106,30.624068
中铁·骑士公馆,residential,商务住宅;住宅区;住宅小区,武侯区,103.986614,30.622461
华兴(沃尔建材市场),residential,商务住宅;住宅区;住宅小区,武侯区,103.991592,30.626836
首信·首御,residential,商务住宅;住宅区;住宅小区,武侯区,103.984402,30.624249
中筑·西府兰庭,residential,商务住宅;住宅区;住宅小区,武侯区,103.983901,30.621686
华宇·楠苑,residential,商务住宅;住宅区;住宅小区,武侯区,103.992957,30.628711
成都置信逸都城市会所,residential,商务住宅;住宅区;住宅小区,武侯区,103.983851,30.628165
置信丽都花园城C区,residential,商务住宅;住宅区;住宅小区,武侯区,103.997898,30.627915
置信丽都·花园城B区,residential,商务住宅;住宅区;住宅小区,武侯区,103.995875,30.629076
华宇·静苑,residential,商务住宅;住宅区;住宅小区,武侯区,103.99489,30.628823
金隅大成·珑熙郡,residential,商务住宅;住宅区;住宅小区,武侯区,103.995074,30.622914
顺江锦苑,residential,商务住宅;住宅区;住宅小区,武侯区,104.000399,30.629527
置信丽都·花园城D区,residential,商务住宅;住宅区;住宅小区,武侯区,103.99644,30.627301
高碑瑞苑B区,residential,商务住宅;住宅区;住宅小区,武侯区,104.002758,30.629316
高碑瑞苑C区,residential,商务住宅;住宅区;住宅小区,武侯区,104.001661,30.628718
五七〇一厂社区北区,residential,商务住宅;住宅区;住宅小区,武侯区,104.000211,30.622072
五七〇一厂社区南区,residential,商务住宅;住宅区;住宅小区,武侯区,104.000753,30.621364
双楠尚品广场·满园春,residential,商务住宅;住宅区;住宅小区,武侯区,103.994276,30.626608
华宇静苑2期,residential,商务住宅;住宅区;住宅区,武侯区,103.995496,30.626881
高碑瑞苑2期,residential,商务住宅;住宅区;住宅区,武侯区,104.00277,30.629299
五七〇一厂社区(太平园西路),residential,商务住宅;住宅区;住宅小区,武侯区,104.00122,30.621178
顺江锦苑(顺江七组)拆迁安置房,residential,商务住宅;住宅区;住宅区,武侯区,103.999084,30.629495
五七〇一厂社区,residential,商务住宅;住宅区;住宅小区,武侯区,104.011124,30.625701
锦翠南苑,residential,商务住宅;住宅区;住宅区,武侯区,104.005296,30.625896
三期小区,residential,商务住宅;住宅区;住宅小区,武侯区,104.005118,30.621902
八益集团家属小区,residential,商务住宅;住宅区;住宅小区,武侯区,104.005118,30.621902
锦翠花园(南苑),residential,商务住宅;住宅区;住宅小区,武侯区,104.004466,30.626882
八益家具城三期宿舍,residential,商务住宅;住宅区;住宅小区,武侯区,104.007844,30.619774
美好家园,residential,商务住宅;住宅区;住宅小区,武侯区,104.009744,30.619772
新界4期,residential,商务住宅;住宅区;住宅小区,武侯区,104.013425,30.628588
天邑华庭,residential,商务住宅;住宅区;住宅小区,武侯区,104.018506,30.625568
下一站都市,residential,商务住宅;住宅区;住宅小区,武侯区,104.02068,30.626852
南桥村九组33号,residential,商务住宅;住宅区;住宅区,武侯区,104.016527,30.622198
交大·归谷国际住区,residential,商务住宅;住宅区;住宅小区,武侯区,104.0222,30.625215
南桥村9组32号,residential,商务住宅;住宅区;住宅区,武侯区,104.01636,30.621963
核桃小区,residential,商务住宅;住宅区;住宅小区,武侯区,104.02344,30.626321
富临美丽天城,residential,商务住宅;住宅区;住宅小区,武侯区,104.021648,30.628419
长城宜苑,residential,商务住宅;住宅区;住宅小区,武侯区,104.023608,30.627197
置信丽都花园丽府,residential,商务住宅;住宅区;住宅小区,武侯区,104.029209,30.62346
花样年华,residential,商务住宅;住宅区;住宅小区,武侯区,104.02995,30.624553
丽都帝景,residential,商务住宅;住宅区;住宅小区,武侯区,104.027358,30.624986
维港,residential,商务住宅;住宅区;住宅小区,武侯区,104.028354,30.625838
中粮·香颂丽都,residential,商务住宅;住宅区;住宅小区,武侯区,104.030328,30.62517
杰座,residential,商务住宅;住宅区;住宅小区,武侯区,104.029465,30.626827
丽都首府,residential,商务住宅;住宅区;住宅小区,武侯区,104.026797,30.626594
中环丰锦,residential,商务住宅;住宅区;住宅小区,武侯区,104.025742,30.623031
长益商业寓所,residential,商务住宅;住宅区;住宅小区,武侯区,104.027916,30.62737
远雄风华苑,residential,商务住宅;住宅区;住宅小区,武侯区,104.0289,30.621506
时代·丽都美语,residential,商务住宅;住宅区;住宅小区,武侯区,104.029608,30.628004
丽都花园D区,residential,商务住宅;住宅区;住宅小区,武侯区,104.031473,30.627397
交大格外,residential,商务住宅;住宅区;住宅小区,武侯区,104.024619,30.626194
丽都世家,residential,商务住宅;住宅区;住宅区,武侯区,104.025385,30.627111
爱力可小区,residential,商务住宅;住宅区;住宅小区,武侯区,104.026087,30.627996
长城祥苑,residential,商务住宅;住宅区;住宅小区,武侯区,104.025967,30.628107
幸福时光,residential,商务住宅;住宅区;住宅小区,武侯区,104.029589,30.628711
丽都花园CB区,residential,商务住宅;住宅区;住宅小区,武侯区,104.028388,30.628976
新联·楠贵坊,residential,商务住宅;住宅区;住宅小区,武侯区,104.026245,30.629438
中粮·香榭丽都,residential,商务住宅;住宅区;住宅小区,武侯区,104.032269,30.628863
红城,residential,商务住宅;住宅区;住宅小区,武侯区,104.024662,30.629036
六三零大院,residential,商务住宅;住宅区;住宅小区,武侯区,104.042022,30.623697
金叶苑,residential,商务住宅;住宅区;住宅小区,武侯区,104.041288,30.622441
倍特枫林苑,residential,商务住宅;住宅区;住宅区,武侯区,104.041916,30.623202
神仙树西路2号院,residential,商务住宅;住宅区;住宅小区,武侯区,104.04188,30.622926
神仙树大院1期,residential,商务住宅;住宅区;住宅小区,武侯区,104.04065,30.621329
紫荆岁月,residential,商务住宅;住宅区;住宅小区,武侯区,104.04286,30.625029
神仙树3号小区,residential,商务住宅;住宅区;住宅小区,武侯区,104.043096,30.624008
梧桐苑(紫丁巷),residential,商务住宅;住宅区;住宅小区,武侯区,104.043428,30.621934
神仙树西路6号院,residential,商务住宅;住宅区;住宅小区,武侯区,104.043552,30.621975
紫馨苑,residential,商务住宅;住宅区;住宅小区,武侯区,104.043514,30.621399
紫丁巷小区,residential,商务住宅;住宅区;住宅小区,武侯区,104.043435,30.621159
紫丁苑,residential,商务住宅;住宅区;住宅小区,武侯区,104.043383,30.620652
肖家河沿巷9号院,residential,商务住宅;住宅区;住宅小区,武侯区,104.043283,30.629363
如意人家(二环路南三段),residential,商务住宅;住宅区;住宅小区,武侯区,104.048449,30.624753
经典嘉苑,residential,商务住宅;住宅区;住宅小区,武侯区,104.048187,30.623485
南门一号,residential,商务住宅;住宅区;住宅小区,武侯区,104.047783,30.625391
元通一巷小区,residential,商务住宅;住宅区;住宅小区,武侯区,104.046562,30.624306
神仙树北路6号院,residential,商务住宅;住宅区;住宅小区,武侯区,104.046317,30.625031
紫荆巷五十六号院,residential,商务住宅;住宅区;住宅小区,武侯区,104.049185,30.622436
紫荆社区,residential,商务住宅;住宅区;住宅小区,武侯区,104.049496,30.622328
紫荆苑(紫荆北路),residential,商务住宅;住宅区;住宅小区,武侯区,104.050752,30.622882
威廉古堡别墅聚会,residential,商务住宅;住宅区;住宅区,武侯区,104.046756,30.622238
翡翠家园,residential,商务住宅;住宅区;住宅小区,武侯区,104.051974,30.624422
瑞升南园,residential,商务住宅;住宅区;住宅小区,武侯区,104.045672,30.626114
城市印象,residential,商务住宅;住宅区;住宅小区,武侯区,104.050629,30.621989
牡丹御园,residential,商务住宅;住宅区;住宅小区,武侯区,104.046695,30.627062
南锦公寓,residential,商务住宅;住宅区;住宅小区,武侯区,104.052071,30.625272
金竹苑,residential,商务住宅;住宅区;住宅小区,武侯区,104.045462,30.622743
元通二巷小区,residential,商务住宅;住宅区;住宅小区,武侯区,104.045066,30.623419
三九雅园,residential,商务住宅;住宅区;住宅小区,武侯区,104.048781,30.627659
普天小区,residential,商务住宅;住宅区;住宅小区,武侯区,104.047522,30.62125
华威公寓,residential,商务住宅;住宅区;住宅小区,武侯区,104.052534,30.624915
皇城老妈员工之家,residential,商务住宅;住宅区;住宅小区,武侯区,104.045476,30.62216
瑞升花园(瑞升北街),residential,商务住宅;住宅区;住宅小区,武侯区,104.047809,30.628051
紫荆嘉苑,residential,商务住宅;住宅区;住宅小区,武侯区,104.049458,30.620852
和贵·蜜巢,residential,商务住宅;住宅区;住宅小区,武侯区,104.044687,30.622875
玉南苑,residential,商务住宅;住宅区;住宅小区,武侯区,104.051379,30.627432
新玉林城市公寓,residential,商务住宅;住宅区;住宅小区,武侯区,104.049451,30.628248
祥和园,residential,商务住宅;住宅区;住宅小区,武侯区,104.053073,30.623919
新丰园,residential,商务住宅;住宅区;住宅小区,武侯区,104.044157,30.625516
芳华社区,residential,商务住宅;住宅区;住宅小区,武侯区,104.052923,30.625738
芳华街25号院,residential,商务住宅;住宅区;住宅小区,武侯区,104.053219,30.624641
地奥三期公寓,residential,商务住宅;住宅区;住宅小区,武侯区,104.04429,30.626092
紫荆春天北区,residential,商务住宅;住宅区;住宅小区,武侯区,104.047201,30.620514
长信公寓,residential,商务住宅;住宅区;住宅小区,武侯区,104.053176,30.625524
地奥公寓,residential,商务住宅;住宅区;住宅小区,武侯区,104.043766,30.624521
芳华苑(芳华街),residential,商务住宅;住宅区;住宅小区,武侯区,104.052989,30.625999
新玉林城市公寓,residential,商务住宅;住宅区;住宅小区,武侯区,104.049451,30.628248
祥和园,residential,商务住宅;住宅区;住宅小区,武侯区,104.053073,30.623919
新丰园,residential,商务住宅;住宅区;住宅小区,武侯区,104.044157,30.625516
芳华社区,residential,商务住宅;住宅区;住宅小区,武侯区,104.052923,30.625738
芳华街25号院,residential,商务住宅;住宅区;住宅小区,武侯区,104.053219,30.624641
地奥三期公寓,residential,商务住宅;住宅区;住宅小区,武侯区,104.04429,30.626092
元通一巷1号院,residential,商务住宅;住宅区;住宅区,武侯区,104.04417,30.625928
紫荆春天北区,residential,商务住宅;住宅区;住宅小区,武侯区,104.047201,30.620514
紫荆北路56号院,residential,商务住宅;住宅区;住宅区,武侯区,104.049724,30.620451
长信公寓,residential,商务住宅;住宅区;住宅小区,武侯区,104.053176,30.625524
地奥公寓,residential,商务住宅;住宅区;住宅小区,武侯区,104.043766,30.624521
芳华苑(芳华街),residential,商务住宅;住宅区;住宅小区,武侯区,104.052989,30.625999
名人苑2期,residential,商务住宅;住宅区;住宅区,武侯区,104.046491,30.628278
紫瑞苑,residential,商务住宅;住宅区;住宅小区,武侯区,104.049315,30.62025
紫荆北路58号院,residential,商务住宅;住宅区;住宅区,武侯区,104.048956,30.620202
芳草东街64号院,residential,商务住宅;住宅区;住宅小区,武侯区,104.052824,30.626818
沁芳苑,residential,商务住宅;住宅区;住宅小区,武侯区,104.051557,30.628064
紫荆春天,residential,商务住宅;住宅区;住宅小区,武侯区,104.04712,30.620033
名人苑,residential,商务住宅;住宅区;住宅小区,武侯区,104.047025,30.628898
芳草东街89号院,residential,商务住宅;住宅区;住宅小区,武侯区,104.052398,30.627737
美舍,residential,商务住宅;住宅区;住宅小区,武侯区,104.052048,30.628162
紫竹北街二十七号院,residential,商务住宅;住宅区;住宅小区,武侯区,104.05041,30.619826
紫荆馨苑,residential,商务住宅;住宅区;住宅小区,武侯区,104.048464,30.619528
芳草东街89-91号院,residential,商务住宅;住宅区;住宅小区,武侯区,104.052624,30.627846
紫荆春天-西区,residential,商务住宅;住宅区;住宅区,武侯区,104.046851,30.619627
芳草街47号院,residential,商务住宅;住宅区;住宅小区,武侯区,104.049998,30.629357
紫荆春天南区,residential,商务住宅;住宅区;住宅小区,武侯区,104.046857,30.619565
玉林青春岛社区,residential,商务住宅;住宅区;住宅小区,武侯区,104.059054,30.624548
玉洁小区,residential,商务住宅;住宅区;住宅小区,武侯区,104.058674,30.625126
南鑫苑,residential,商务住宅;住宅区;住宅小区,武侯区,104.057647,30.624409
玉通巷5号院,residential,商务住宅;住宅区;住宅区,武侯区,104.057216,30.624465
玉寿巷5号,residential,商务住宅;住宅区;住宅小区,武侯区,104.05956,30.62517
晏苑公寓,residential,商务住宅;住宅区;住宅小区,武侯区,104.057351,30.625216
玉林人家,residential,商务住宅;住宅区;住宅小区,武侯区,104.057566,30.623205
二环路南三段小区,residential,商务住宅;住宅区;住宅小区,武侯区,104.057775,30.623036
玉林南街社区,residential,商务住宅;住宅区;住宅小区,武侯区,104.060015,30.625364
玉林玉通巷8号院,residential,商务住宅;住宅区;住宅区,武侯区,104.056847,30.625104
芳华社区(东门),residential,商务住宅;住宅区;住宅小区,武侯区,104.053634,30.626101
玉苑,residential,商务住宅;住宅区;住宅小区,武侯区,104.059738,30.625793
青春岛社区玉寿苑,residential,商务住宅;住宅区;住宅小区,武侯区,104.058806,30.626166
福苑(玉林南街),residential,商务住宅;住宅区;住宅小区,武侯区,104.059722,30.626011
玉通巷4号院,residential,商务住宅;住宅区;住宅小区,武侯区,104.056397,30.623339
玉林青春岛社区西区,residential,商务住宅;住宅区;住宅小区,武侯区,104.056051,30.62404
天府南苑,residential,商务住宅;住宅区;住宅小区,武侯区,104.056105,30.625214
玉洁巷小区,residential,商务住宅;住宅区;住宅小区,武侯区,104.056538,30.625994
都市金岸,residential,商务住宅;住宅区;住宅小区,武侯区,104.060463,30.626177
玉洁苑,residential,商务住宅;住宅区;住宅小区,武侯区,104.05628,30.625885
王苑公寓,residential,商务住宅;住宅区;住宅小区,武侯区,104.056906,30.626661
玉林南路小区,residential,商务住宅;住宅区;住宅小区,武侯区,104.055236,30.623697
玉林西街16号院,residential,商务住宅;住宅区;住宅小区,武侯区,104.05796,30.627507
玉林西街后巷3号院,residential,商务住宅;住宅区;住宅小区,武侯区,104.057939,30.627596
玉林南路102-104号院,residential,商务住宅;住宅区;住宅小区,武侯区,104.054845,30.625091
玉林北路社区,residential,商务住宅;住宅区;住宅小区,武侯区,104.055541,30.626428
中华园华苑,residential,商务住宅;住宅区;住宅小区,武侯区,104.05934,30.621149
玉林西街后巷4号院,residential,商务住宅;住宅区;住宅小区,武侯区,104.057312,30.627653
玉林名居,residential,商务住宅;住宅区;住宅小区,武侯区,104.054547,30.624411
玉林西街后巷2号院,residential,商务住宅;住宅区;住宅小区,武侯区,104.057373,30.627914
和苑(玉林横街),residential,商务住宅;住宅区;住宅小区,武侯区,104.059013,30.628126
玉林苑,residential,商务住宅;住宅区;住宅小区,武侯区,104.054457,30.625636
化八院,residential,商务住宅;住宅区;住宅区,武侯区,104.062755,30.625037
阳光苑(桐梓林东路),residential,商务住宅;住宅区;住宅小区,武侯区,104.060498,30.621099
玉林南路36号院,residential,商务住宅;住宅区;住宅小区,武侯区,104.055011,30.62667
嘉信花园,residential,商务住宅;住宅区;住宅小区,武侯区,104.054266,30.623396
玉林下横巷6号,residential,商务住宅;住宅区;住宅区,武侯区,104.056681,30.62792
倪家桥社区,residential,商务住宅;住宅区;住宅小区,武侯区,104.056747,30.627958
人民南路四段45号大院,residential,商务住宅;住宅区;住宅小区,武侯区,104.061303,30.62111
玉林西街后巷4号院,residential,商务住宅;住宅区;住宅小区,武侯区,104.057312,30.627653
玉林名居,residential,商务住宅;住宅区;住宅小区,武侯区,104.054547,30.624411
玉洁东街1号院,residential,商务住宅;住宅区;住宅小区,武侯区,104.062379,30.625871
玉林西街后巷2号院,residential,商务住宅;住宅区;住宅小区,武侯区,104.057373,30.627914
和苑(玉林横街),residential,商务住宅;住宅区;住宅小区,武侯区,104.059013,30.628126
玉林苑,residential,商务住宅;住宅区;住宅小区,武侯区,104.054457,30.625636
化八院,residential,商务住宅;住宅区;住宅区,武侯区,104.062755,30.625037
阳光苑(桐梓林东路),residential,商务住宅;住宅区;住宅小区,武侯区,104.060498,30.621099
玉林南路36号院,residential,商务住宅;住宅区;住宅小区,武侯区,104.055011,30.62667
嘉信花园,residential,商务住宅;住宅区;住宅小区,武侯区,104.054266,30.623396
玉林下横巷6号,residential,商务住宅;住宅区;住宅区,武侯区,104.056681,30.62792
倪家桥社区,residential,商务住宅;住宅区;住宅小区,武侯区,104.056747,30.627958
玉林苑2期,residential,商务住宅;住宅区;住宅区,武侯区,104.054403,30.6261
人民南路四段45号大院,residential,商务住宅;住宅区;住宅小区,武侯区,104.061303,30.62111
芳华街23号院,residential,商务住宅;住宅区;住宅小区,武侯区,104.053784,30.624494
玉林九巷4号院,residential,商务住宅;住宅区;住宅区,武侯区,104.056334,30.628072
芳草东街小区,residential,商务住宅;住宅区;住宅小区,武侯区,104.055281,30.627457
中华园2期,residential,商务住宅;住宅区;住宅区,武侯区,104.059884,30.620428
人民南路四段36号院,residential,商务住宅;住宅区;住宅区,武侯区,104.063314,30.623527
玉林苑一号院,residential,商务住宅;住宅区;住宅小区,武侯区,104.054262,30.626685
玉林九巷2号院,residential,商务住宅;住宅区;住宅小区,武侯区,104.056132,30.628466
芳华社区(东门),residential,商务住宅;住宅区;住宅小区,武侯区,104.053634,30.626101
芳草东街一号院,residential,商务住宅;住宅区;住宅小区,武侯区,104.054669,30.627569
玉林横街20号院,residential,商务住宅;住宅区;住宅小区,武侯区,104.058508,30.629117
玉林横街18号院,residential,商务住宅;住宅区;住宅小区,武侯区,104.059027,30.629126
亲和苑,residential,商务住宅;住宅区;住宅小区,武侯区,104.057212,30.629153
观南上域瑞苑,residential,商务住宅;住宅区;住宅小区,武侯区,104.056376,30.619885
玉林横街16号院,residential,商务住宅;住宅区;住宅小区,武侯区,104.05905,30.629332
蓓蕾中巷1号院,residential,商务住宅;住宅区;住宅小区,武侯区,104.055078,30.628364
梅花苑(倪家桥路),residential,商务住宅;住宅区;住宅小区,武侯区,104.062932,30.62757
玉林八巷5号院,residential,商务住宅;住宅区;住宅小区,武侯区,104.056822,30.629153
玉林横街22号院,residential,商务住宅;住宅区;住宅小区,武侯区,104.058579,30.629379
晨光嘉苑,residential,商务住宅;住宅区;住宅小区,武侯区,104.060168,30.629182
玉林10巷小区,residential,商务住宅;住宅区;住宅小区,武侯区,104.056115,30.629029
玉林七巷9号院,residential,商务住宅;住宅区;住宅小区,武侯区,104.0572,30.629373
玉林十巷4号院,residential,商务住宅;住宅区;住宅小区,武侯区,104.05601,30.62907
蓓蕾中巷小区,residential,商务住宅;住宅区;住宅小区,武侯区,104.054591,30.628255
蓓蕾东巷一号院,residential,商务住宅;住宅区;住宅小区,武侯区,104.055236,30.628708
盛隆街3号院,residential,商务住宅;住宅区;住宅小区,武侯区,104.068718,30.624625
中国人民银行住宿楼,residential,商务住宅;住宅区;住宅区,武侯区,104.069364,30.624755
首航欣程,residential,商务住宅;住宅区;住宅小区,武侯区,104.06737,30.624064
盛隆街2号院,residential,商务住宅;住宅区;住宅小区,武侯区,104.069859,30.624294
棕南公寓,residential,商务住宅;住宅区;住宅小区,武侯区,104.067347,30.62548
馨兰苑,residential,商务住宅;住宅区;住宅小区,武侯区,104.070009,30.625384
棕南西街5号院,residential,商务住宅;住宅区;住宅区,武侯区,104.070295,30.625014
棕南丁区,residential,商务住宅;住宅区;住宅区,武侯区,104.069906,30.625725
二环路南二段27号院,residential,商务住宅;住宅区;住宅区,武侯区,104.066242,30.624336
棕港公寓,residential,商务住宅;住宅区;住宅小区,武侯区,104.066137,30.623482
翠鸣苑,residential,商务住宅;住宅区;住宅区,武侯区,104.065995,30.625099
普吉阁,residential,商务住宅;住宅区;住宅区,武侯区,104.066111,30.625358
清风苑,residential,商务住宅;住宅区;住宅区,武侯区,104.065883,30.624752
棕南戊区,residential,商务住宅;住宅区;住宅区,武侯区,104.071252,30.624721
棕兰苑,residential,商务住宅;住宅区;住宅小区,武侯区,104.071273,30.624136
可兰阁,residential,商务住宅;住宅区;住宅区,武侯区,104.065727,30.624739
天籁苑,residential,商务住宅;住宅区;住宅区,武侯区,104.065986,30.625612
雅兰苑,residential,商务住宅;住宅区;住宅小区,武侯区,104.07101,30.625801
观景苑,residential,商务住宅;住宅区;住宅小区,武侯区,104.065569,30.624744
苏梅阁,residential,商务住宅;住宅区;住宅区,武侯区,104.065523,30.625143
静雅苑,residential,商务住宅;住宅区;住宅区,武侯区,104.065824,30.625864
仙乐阁,residential,商务住宅;住宅区;住宅区,武侯区,104.065566,30.625581
盘谷花园,residential,商务住宅;住宅区;住宅小区,武侯区,104.065437,30.625385
阳光花园(棕南正街),residential,商务住宅;住宅区;住宅小区,武侯区,104.071493,30.623191
棕南小区,residential,商务住宅;住宅区;住宅小区,武侯区,104.065245,30.623479
棕楠甲区,residential,商务住宅;住宅区;住宅小区,武侯区,104.070878,30.626541
清迈阁,residential,商务住宅;住宅区;住宅区,武侯区,104.065531,30.625986
棕北国际2期,residential,商务住宅;住宅区;住宅小区,武侯区,104.070292,30.627154
人民南路四段25号院,residential,商务住宅;住宅区;住宅区,武侯区,104.064861,30.623885
华丽苑,residential,商务住宅;住宅区;住宅小区,武侯区,104.065191,30.625864
锦官新城西区,residential,商务住宅;住宅区;住宅小区,武侯区,104.067834,30.621185
万兴苑(领事馆路),residential,商务住宅;住宅区;住宅小区,武侯区,104.067716,30.627761
棕北公寓,residential,商务住宅;住宅区;住宅小区,武侯区,104.06867,30.62784
棕南树荫公寓,residential,商务住宅;住宅区;住宅小区,武侯区,104.072549,30.624249
棕南正街2号院,residential,商务住宅;住宅区;住宅小区,武侯区,104.072601,30.623844
棕南东街4号院,residential,商务住宅;住宅区;住宅区,武侯区,104.072671,30.625106
翠兰苑,residential,商务住宅;住宅区;住宅小区,武侯区,104.072797,30.625354
合雅苑,residential,商务住宅;住宅区;住宅小区,武侯区,104.068298,30.628211
俊兰苑,residential,商务住宅;住宅区;住宅小区,武侯区,104.072967,30.624263
棕北公寓,residential,商务住宅;住宅区;住宅小区,武侯区,104.06867,30.62784
棕南树荫公寓,residential,商务住宅;住宅区;住宅小区,武侯区,104.072549,30.624249
棕南正街2号院,residential,商务住宅;住宅区;住宅小区,武侯区,104.072601,30.623844
棕南东街4号院,residential,商务住宅;住宅区;住宅区,武侯区,104.072671,30.625106
翠兰苑,residential,商务住宅;住宅区;住宅小区,武侯区,104.072797,30.625354
合雅苑,residential,商务住宅;住宅区;住宅小区,武侯区,104.068298,30.628211
俊兰苑,residential,商务住宅;住宅区;住宅小区,武侯区,104.072967,30.624263
棕南正街9号院,residential,商务住宅;住宅区;住宅小区,武侯区,104.072258,30.626625
秀苑(锦绣街),residential,商务住宅;住宅区;住宅小区,武侯区,104.070085,30.628251
馥兰苑,residential,商务住宅;住宅区;住宅小区,武侯区,104.073282,30.624238
科华街小区,residential,商务住宅;住宅区;住宅小区,武侯区,104.072908,30.626344
锦官新城东区,residential,商务住宅;住宅区;住宅小区,武侯区,104.07124,30.620714
成科路1号院,residential,商务住宅;住宅区;住宅小区,武侯区,104.067306,30.628655
科院街12号院,residential,商务住宅;住宅区;住宅小区,武侯区,104.068988,30.628861
成科路一号公寓,residential,商务住宅;住宅区;住宅小区,武侯区,104.066927,30.62872
龙珠园,residential,商务住宅;住宅区;住宅区,武侯区,104.069819,30.620003
天下名宅展销中心,residential,商务住宅;住宅区;住宅小区,武侯区,104.072064,30.627784
棕北国际,residential,商务住宅;住宅区;住宅小区,武侯区,104.071715,30.628105
搪韵苑,residential,商务住宅;住宅区;住宅小区,武侯区,104.066913,30.629329
中新楼,residential,商务住宅;住宅区;住宅小区,武侯区,104.07873,30.623781
棕竹园,residential,商务住宅;住宅区;住宅小区,武侯区,104.078955,30.623904
海蓉小区,residential,商务住宅;住宅区;住宅小区,武侯区,104.079143,30.624818
郭家桥南街小区,residential,商务住宅;住宅区;住宅小区,武侯区,104.078571,30.625449
郭家桥小区,residential,商务住宅;住宅区;住宅小区,武侯区,104.078352,30.623309
海德花苑,residential,商务住宅;住宅区;住宅小区,武侯区,104.078354,30.623281
棕仁院,residential,商务住宅;住宅区;住宅小区,武侯区,104.079811,30.624311
欣苑(郭家桥南街),residential,商务住宅;住宅区;住宅小区,武侯区,104.078797,30.625644
棕树商住楼,residential,商务住宅;住宅区;住宅小区,武侯区,104.079538,30.623248
青年家园,residential,商务住宅;住宅区;住宅小区,武侯区,104.080226,30.62396
海蓉新邨,residential,商务住宅;住宅区;住宅小区,武侯区,104.080667,30.624763
棕信院,residential,商务住宅;住宅区;住宅小区,武侯区,104.08058,30.623665
汇缘阁小区,residential,商务住宅;住宅区;住宅小区,武侯区,104.080322,30.623238
川大花园南园,residential,商务住宅;住宅区;住宅小区,武侯区,104.076346,30.625222
棕智院,residential,商务住宅;住宅区;住宅小区,武侯区,104.080928,30.624337
棕义院,residential,商务住宅;住宅区;住宅小区,武侯区,104.080923,30.624118
棕礼院,residential,商务住宅;住宅区;住宅小区,武侯区,104.080969,30.623899
新时空公寓,residential,商务住宅;住宅区;住宅小区,武侯区,104.080974,30.623419
川大花园,residential,商务住宅;住宅区;住宅小区,武侯区,104.076524,30.626134
郭家桥正街小区,residential,商务住宅;住宅区;住宅小区,武侯区,104.081368,30.624847
棕榈花园,residential,商务住宅;住宅区;住宅小区,武侯区,104.075702,30.623378
川大花园北园,residential,商务住宅;住宅区;住宅小区,武侯区,104.076551,30.626718
望江澜庭,residential,商务住宅;住宅区;住宅小区,武侯区,104.081465,30.625881
棕南苑,residential,商务住宅;住宅区;住宅小区,武侯区,104.07489,30.624195
静馨苑(郭家桥北街),residential,商务住宅;住宅区;住宅小区,武侯区,104.080917,30.626795
棕东小区,residential,商务住宅;住宅区;住宅小区,武侯区,104.079604,30.627598
南园职工住宅区,residential,商务住宅;住宅区;住宅小区,武侯区,104.077353,30.628165
府河竹苑,residential,商务住宅;住宅区;住宅小区,武侯区,104.0814,30.627172
竹林公寓,residential,商务住宅;住宅区;住宅小区,武侯区,104.080985,30.62767
中东小区,residential,商务住宅;住宅区;住宅小区,武侯区,104.080448,30.627948
宗乐小区,residential,商务住宅;住宅区;住宅小区,武侯区,104.080448,30.627948
绿地中央广场,residential,商务住宅;住宅区;住宅小区,武侯区,104.077409,30.62057
棕南俊园,residential,商务住宅;住宅区;住宅小区,武侯区,104.073853,30.624625
时代经典,residential,商务住宅;住宅区;住宅区,锦江区,104.083117,30.623871
花样年华梦想家,residential,商务住宅;住宅区;住宅小区,武侯区,104.073959,30.623398
南园职工住宅区,residential,商务住宅;住宅区;住宅小区,武侯区,104.077353,30.628165
府河竹苑,residential,商务住宅;住宅区;住宅小区,武侯区,104.0814,30.627172
竹林公寓,residential,商务住宅;住宅区;住宅小区,武侯区,104.080985,30.62767
中东小区,residential,商务住宅;住宅区;住宅小区,武侯区,104.080448,30.627948
宗乐小区,residential,商务住宅;住宅区;住宅小区,武侯区,104.080448,30.627948
绿地中央广场,residential,商务住宅;住宅区;住宅小区,武侯区,104.077409,30.62057
郭家桥北街4号院,residential,商务住宅;住宅区;住宅小区,武侯区,104.080295,30.628027
棕南俊园,residential,商务住宅;住宅区;住宅小区,武侯区,104.073853,30.624625
时代经典,residential,商务住宅;住宅区;住宅区,锦江区,104.083117,30.623871
花样年华梦想家,residential,商务住宅;住宅区;住宅小区,武侯区,104.073959,30.623398
郭家桥北街3号院,residential,商务住宅;住宅区;住宅小区,武侯区,104.079785,30.628283
北街二号院,residential,商务住宅;住宅区;住宅小区,武侯区,104.079287,30.628564
锦江·东湖花园2期,residential,商务住宅;住宅区;住宅区,锦江区,104.083267,30.625527
白云小区,residential,商务住宅;住宅区;住宅小区,武侯区,104.081611,30.620988
绿地景都,residential,商务住宅;住宅区;住宅小区,武侯区,104.074826,30.621371
纯真年代,residential,商务住宅;住宅区;住宅小区,武侯区,104.082296,30.627702
竹林村职工住宅区,residential,商务住宅;住宅区;住宅小区,武侯区,104.081718,30.62889
摩玛城,residential,商务住宅;住宅区;住宅小区,锦江区,104.08852,30.623666
瑞升·望江橡树林南院,residential,商务住宅;住宅区;住宅小区,锦江区,104.089294,30.624909
华润翡翠城,residential,商务住宅;住宅区;住宅区,锦江区,104.088835,30.62273
国信滨河雅居,residential,商务住宅;住宅区;住宅小区,锦江区,104.085924,30.625
望江橡树林2期,residential,商务住宅;住宅区;住宅区,锦江区,104.089842,30.626363
瑞升望江橡树林3期,residential,商务住宅;住宅区;住宅小区,锦江区,104.091529,30.624341
东南苑(二环路东五段),residential,商务住宅;住宅区;住宅小区,锦江区,104.091736,30.623663
瑞升·望江橡树林北院,residential,商务住宅;住宅区;住宅小区,锦江区,104.090141,30.62694
河滨印象(河滨路),residential,商务住宅;住宅区;住宅小区,锦江区,104.086044,30.627277
锦洲花园,residential,商务住宅;住宅区;住宅小区,锦江区,104.092396,30.626242
锦江·东湖花园,residential,商务住宅;住宅区;住宅小区,锦江区,104.083796,30.624894
中港ccpark一期(建设中),residential,商务住宅;住宅区;住宅小区,锦江区,104.091157,30.6205
中港CC Park二期(建设中),residential,商务住宅;住宅区;住宅小区,锦江区,104.093467,30.620574
北顺街55号院,residential,商务住宅;住宅区;住宅小区,锦江区,104.098285,30.624905
静居嘉苑,residential,商务住宅;住宅区;住宅小区,锦江区,104.098816,30.623672
永兴社区,residential,商务住宅;住宅区;住宅小区,锦江区,104.099478,30.624905
顺兴苑,residential,商务住宅;住宅区;住宅小区,锦江区,104.098822,30.625389
北顺街113号院,residential,商务住宅;住宅区;住宅小区,锦江区,104.099153,30.625753
静居华庭,residential,商务住宅;住宅区;住宅小区,锦江区,104.099709,30.625614
糍粑店街2号院,residential,商务住宅;住宅区;住宅小区,锦江区,104.100229,30.625042
永兴社区6号苑,residential,商务住宅;住宅区;住宅小区,锦江区,104.098017,30.626002
新港湾,residential,商务住宅;住宅区;住宅小区,锦江区,104.096792,30.625361
永兴社区东区,residential,商务住宅;住宅区;住宅小区,锦江区,104.100323,30.625217
汇丽汀香,residential,商务住宅;住宅区;住宅小区,锦江区,104.096299,30.623627
东润·风尚,residential,商务住宅;住宅区;住宅小区,锦江区,104.100764,30.625492
北顺西巷6号院,residential,商务住宅;住宅区;住宅小区,锦江区,104.096482,30.625865
青房·云上西区,residential,商务住宅;住宅区;住宅小区,锦江区,104.098696,30.622046
东兴苑,residential,商务住宅;住宅区;住宅小区,锦江区,104.096764,30.622486
永光社区西区,residential,商务住宅;住宅区;住宅区,锦江区,104.09633,30.625931
青房·云上,residential,商务住宅;住宅区;住宅小区,锦江区,104.100471,30.622563
青房·云上2期,residential,商务住宅;住宅区;住宅区,锦江区,104.09906,30.621813
爱家丽苑,residential,商务住宅;住宅区;住宅小区,锦江区,104.095602,30.625765
二环路东五段小区,residential,商务住宅;住宅区;住宅小区,锦江区,104.09669,30.627232
净居寺路43号院,residential,商务住宅;住宅区;住宅小区,锦江区,104.097559,30.627575
锦华路一段179号院,residential,商务住宅;住宅区;住宅小区,锦江区,104.097407,30.621224
二环路东五段3号院,residential,商务住宅;住宅区;住宅小区,锦江区,104.096837,30.627424
东怡社区,residential,商务住宅;住宅区;住宅小区,锦江区,104.098518,30.6209
明珠园3期,residential,商务住宅;住宅区;住宅小区,锦江区,104.102039,30.622678
东润风景,residential,商务住宅;住宅区;住宅小区,锦江区,104.102948,30.624004
东怡社区东区,residential,商务住宅;住宅区;住宅小区,锦江区,104.10051,30.620893
沙河上2期,residential,商务住宅;住宅区;住宅小区,锦江区,104.102307,30.622273
东城叠苑,residential,商务住宅;住宅区;住宅小区,锦江区,104.097105,30.628144
观音桥西路16号院,residential,商务住宅;住宅区;住宅小区,锦江区,104.101549,30.6214
东光街3号院,residential,商务住宅;住宅区;住宅小区,锦江区,104.097872,30.620432
锦华路一段205号院,residential,商务住宅;住宅区;住宅区,锦江区,104.096558,30.620752
上海东韵,residential,商务住宅;住宅区;住宅小区,锦江区,104.100221,30.628199
净居寺路18号院,residential,商务住宅;住宅区;住宅区,锦江区,104.103347,30.625159
河滨佳苑,residential,商务住宅;住宅区;住宅小区,锦江区,104.094851,30.627365
沙河·上4号住宅楼,residential,商务住宅;住宅区;住宅小区,锦江区,104.10303,30.621884
观音桥西路16号院,residential,商务住宅;住宅区;住宅小区,锦江区,104.101549,30.6214
东光街3号院,residential,商务住宅;住宅区;住宅小区,锦江区,104.097872,30.620432
锦华路一段205号院,residential,商务住宅;住宅区;住宅区,锦江区,104.096558,30.620752
东润风景A区,residential,商务住宅;住宅区;住宅小区,锦江区,104.103145,30.624054
上海东韵,residential,商务住宅;住宅区;住宅小区,锦江区,104.100221,30.628199
净居寺路18号院,residential,商务住宅;住宅区;住宅区,锦江区,104.103347,30.625159
河滨佳苑,residential,商务住宅;住宅区;住宅小区,锦江区,104.094851,30.627365
沙河·上4号住宅楼,residential,商务住宅;住宅区;住宅小区,锦江区,104.10303,30.621884
河滨东苑,residential,商务住宅;住宅区;住宅小区,锦江区,104.096319,30.628558
东方逸景,residential,商务住宅;住宅区;住宅小区,锦江区,104.095149,30.62799
东苑(东光街),residential,商务住宅;住宅区;住宅小区,锦江区,104.099334,30.61984
净居寺南街198号院,residential,商务住宅;住宅区;住宅小区,锦江区,104.103239,30.622285
东光街6号院,residential,商务住宅;住宅区;住宅小区,锦江区,104.098657,30.619772
成龙花园,residential,商务住宅;住宅区;住宅小区,锦江区,104.098834,30.629038
东篱居(锦华路一段),residential,商务住宅;住宅区;住宅小区,锦江区,104.095728,30.620279
二环路东四段93号院,residential,商务住宅;住宅区;住宅小区,锦江区,104.097771,30.629209
龙舟路61号院,residential,商务住宅;住宅区;住宅小区,锦江区,104.096013,30.62879
河滨雅苑(东门),residential,商务住宅;住宅区;住宅小区|通行设施;临街院门;临街院门,锦江区,104.093802,30.627235
成都市民生工程百兆光网示范小区,residential,商务住宅;住宅区;住宅小区,锦江区,104.101666,30.620271
东光小区,residential,商务住宅;住宅区;住宅小区,锦江区,104.096409,30.619715
东光小区9号院,residential,商务住宅;住宅区;住宅区,锦江区,104.096499,30.61964
东光小区6号院,residential,商务住宅;住宅区;住宅区,锦江区,104.096428,30.619656
东光街18号院,residential,商务住宅;住宅区;住宅小区,锦江区,104.101246,30.619791
东光小区(东怡街),residential,商务住宅;住宅区;住宅小区,锦江区,104.102032,30.620199
河滨雅苑,residential,商务住宅;住宅区;住宅小区,锦江区,104.093569,30.627452
绿园小区(东怡街),residential,商务住宅;住宅区;住宅小区,锦江区,104.101155,30.619696
龙舟路小区1号楼,residential,商务住宅;住宅区;住宅小区,锦江区,104.094786,30.628647
河滨锦苑,residential,商务住宅;住宅区;住宅小区,锦江区,104.095198,30.628841
勤勇小区,residential,商务住宅;住宅区;住宅小区,锦江区,104.100688,30.629312
河滨社区,residential,商务住宅;住宅区;住宅小区,锦江区,104.094647,30.628551
东辰苑(龙舟南街),residential,商务住宅;住宅区;住宅小区,锦江区,104.093857,30.627992
沙河绿洲,residential,商务住宅;住宅区;住宅小区,锦江区,104.108273,30.623769
望江锦园,residential,商务住宅;住宅区;住宅小区,锦江区,104.109887,30.624614
鸿韵丽湾港,residential,商务住宅;住宅区;住宅小区,锦江区,104.108011,30.622843
帕丽湾,residential,商务住宅;住宅区;住宅小区,锦江区,104.108164,30.622296
净居寺社区,residential,商务住宅;住宅区;住宅小区,锦江区,104.105619,30.624583
绿野天城大厦,residential,商务住宅;住宅区;住宅小区,锦江区,104.104859,30.624512
东润理想居,residential,商务住宅;住宅区;住宅区,锦江区,104.104939,30.623155
观音桥街41号院,residential,商务住宅;住宅区;住宅小区,锦江区,104.104823,30.621992
东润风景B区,residential,商务住宅;住宅区;住宅小区,锦江区,104.103704,30.622988
顺河苑(观音桥街),residential,商务住宅;住宅区;住宅小区,锦江区,104.105252,30.621037
江东民居(牛沙路),residential,商务住宅;住宅区;住宅小区,锦江区,104.106241,30.62836
沙河壹号(静沙南路),residential,商务住宅;住宅区;住宅小区,锦江区,104.112016,30.621213
沙河壹号2期,residential,商务住宅;住宅区;住宅小区,锦江区,104.112037,30.621204
望江水岸,residential,商务住宅;住宅区;住宅小区,锦江区,104.110765,30.628414
观音桥街45号,residential,商务住宅;住宅区;住宅区,锦江区,104.104547,30.621465
江东民居2区,residential,商务住宅;住宅区;住宅小区,锦江区,104.107025,30.628772
交大·绿岭2期,residential,商务住宅;住宅区;住宅区,锦江区,104.10426,30.621445
花果新居1期,residential,商务住宅;住宅区;住宅小区,锦江区,104.113343,30.626687
交大绿岭,residential,商务住宅;住宅区;住宅小区,锦江区,104.103974,30.621079
沙河·上1,residential,商务住宅;住宅区;住宅区,锦江区,104.10441,30.620242
观音桥街74号院,residential,商务住宅;住宅区;住宅小区,锦江区,104.104755,30.61999
交大·绿岭1期,residential,商务住宅;住宅区;住宅区,锦江区,104.103629,30.620825
望冮锦苑,residential,商务住宅;住宅区;住宅小区,锦江区,104.113026,30.628389
万科城市花园7期,residential,商务住宅;住宅区;住宅小区,锦江区,104.112117,30.619613
萃锦东路342号院,residential,商务住宅;住宅区;住宅小区,锦江区,104.104385,30.619556
观音桥街30号院,residential,商务住宅;住宅区;住宅小区,锦江区,104.103681,30.61941
锦官阁(建设中),residential,商务住宅;住宅区;住宅小区,锦江区,104.115791,30.622807
万科·金润华府,residential,商务住宅;住宅区;住宅小区,锦江区,104.115184,30.624838
静康社区,residential,商务住宅;住宅区;住宅小区,锦江区,104.115617,30.6259
明珠园,residential,商务住宅;住宅区;住宅区,锦江区,104.118495,30.620979
菱窠路小区,residential,商务住宅;住宅区;住宅小区,锦江区,104.118597,30.620465
中沙河铺36号,residential,商务住宅;住宅区;住宅小区,锦江区,104.116419,30.628268
桂香居,residential,商务住宅;住宅区;住宅小区,锦江区,104.113606,30.622634
花果社区,residential,商务住宅;住宅区;住宅小区,锦江区,104.116573,30.619884
华宇嘉苑,residential,商务住宅;住宅区;住宅小区,锦江区,104.123475,30.62679
沙河壹号(静沙南路),residential,商务住宅;住宅区;住宅小区,锦江区,104.113931,30.621324
花果新居2期,residential,商务住宅;住宅区;住宅小区,锦江区,104.116397,30.619623
五福苑(马家沟路),residential,商务住宅;住宅区;住宅小区,锦江区,104.115346,30.628948
沙河壹号1期,residential,商务住宅;住宅区;住宅小区,锦江区,104.113628,30.6211
彩域,residential,商务住宅;住宅区;住宅小区,锦江区,104.114284,30.619445
荣盛香榭兰庭,residential,商务住宅;住宅区;住宅小区,成华区,104.13245,30.626863
东汇家园(安宁河路),residential,商务住宅;住宅区;住宅小区,成华区,104.133079,30.623492
兴城·嘉苑3期,residential,商务住宅;住宅区;住宅小区,成华区,104.132194,30.625766
大观里12号院(大观里),residential,商务住宅;住宅区;住宅小区,锦江区,104.133368,30.619669
菱窠社区,residential,商务住宅;住宅区;住宅小区,锦江区,104.12361,30.619515
比华利国际城3期,residential,商务住宅;住宅区;住宅小区,锦江区,104.125176,30.620467
比华利国际城3期(西门),residential,商务住宅;住宅区;住宅小区|通行设施;临街院门;临街院门,锦江区,104.123982,30.620788
稻香苑,residential,商务住宅;住宅区;住宅小区,锦江区,104.134578,30.619853
龙之梦·鹏瑞利新城,residential,商务住宅;住宅区;住宅小区,成华区,104.141531,30.624926
兴城·嘉苑2期B区,residential,商务住宅;住宅区;住宅小区,成华区,104.137735,30.623191
兴城·嘉苑2期A区,residential,商务住宅;住宅区;住宅小区,成华区,104.136563,30.623441
大观里5号院,residential,商务住宅;住宅区;住宅小区,锦江区,104.134482,30.620605
兴城·嘉苑,residential,商务住宅;住宅区;住宅小区,成华区,104.136968,30.623248
大观里7号院,residential,商务住宅;住宅区;住宅小区,锦江区,104.133906,30.619919
兴城·嘉苑1期B区,residential,商务住宅;住宅区;住宅区,成华区,104.13766,30.623168
兴城·嘉苑1期A区,residential,商务住宅;住宅区;住宅区,成华区,104.136963,30.623258
大观里3号院,residential,商务住宅;住宅区;住宅小区,锦江区,104.135457,30.619873
天鹅社区,residential,商务住宅;住宅区;住宅小区,成华区,104.147041,30.626868
万科·魅力之城3期,residential,商务住宅;住宅区;住宅小区,成华区,104.149448,30.627482
魅力阳光,residential,商务住宅;住宅区;住宅小区,成华区,104.145835,30.626956
万科·魅力之城4期,residential,商务住宅;住宅区;住宅小区,成华区,104.152584,30.626142
万科·魅力之城2期,residential,商务住宅;住宅区;住宅小区,成华区,104.146942,30.628417
万科·魅力之城5期,residential,商务住宅;住宅区;住宅小区,成华区,104.150801,30.629275
隆鑫·印象东方,residential,商务住宅;住宅区;住宅小区,成华区,104.158305,30.627636
海上海,residential,商务住宅;住宅区;住宅小区,成华区,104.157389,30.628867
荣盛·紫提东郡(和韵路),residential,商务住宅;住宅区;住宅小区,成华区,104.155988,30.627554
蓝光coco锦绣,residential,商务住宅;住宅区;住宅区,成华区,104.154227,30.629449
万科魅力之城,residential,商务住宅;住宅区;住宅小区,成华区,104.153876,30.627133
蓝光锦绣城4期,residential,商务住宅;住宅区;住宅小区,成华区,104.154861,30.628516
蓝光锦绣城4期(西北门),residential,商务住宅;住宅区;住宅小区,成华区,104.154085,30.628626
上实·海上海南苑,residential,商务住宅;住宅区;住宅小区,成华区,104.157381,30.628872
锦花苑(草金路南段),residential,商务住宅;住宅区;住宅小区,武侯区,103.968544,30.614012
花半里,residential,商务住宅;住宅区;住宅小区,武侯区,103.967869,30.615127
金城丽舍,residential,商务住宅;住宅区;住宅小区,武侯区,103.967793,30.613412
楠郡,residential,商务住宅;住宅区;住宅小区,武侯区,103.966855,30.614656
中铁·金花国际城,residential,商务住宅;住宅区;住宅小区,武侯区,103.966431,30.616082
金花新天地,residential,商务住宅;住宅区;住宅小区,武侯区,103.965513,30.614599
永乐汇,residential,商务住宅;住宅区;住宅区,武侯区,103.964989,30.615463
和鸿·天府金花,residential,商务住宅;住宅区;住宅小区,武侯区,103.967211,30.61136
江安河新居,residential,商务住宅;住宅区;住宅小区,武侯区,103.965001,30.612461
江安河3期,residential,商务住宅;住宅区;住宅小区,武侯区,103.964222,30.613544
江安河2期,residential,商务住宅;住宅区;住宅小区,武侯区,103.964238,30.613042
假日时光,residential,商务住宅;住宅区;住宅区,武侯区,103.968096,30.609876
西派城(建设中),residential,商务住宅;住宅区;住宅小区,武侯区,103.982224,30.619051
7里晓月,residential,商务住宅;住宅区;住宅小区,武侯区,103.981243,30.612244
绿地·圣路易名邸1期,residential,商务住宅;住宅区;住宅小区,武侯区,103.98173,30.610712
人和春天,residential,商务住宅;住宅区;住宅区,武侯区,103.974107,30.615564
玲珑珺小区,residential,商务住宅;住宅区;住宅小区,武侯区,103.982602,30.612772
绿地·圣路易名邸2期,residential,商务住宅;住宅区;住宅区,武侯区,103.981825,30.609755
元亨一品天成,residential,商务住宅;住宅区;住宅小区,武侯区,103.982494,30.612768
永康苑,residential,商务住宅;住宅区;住宅小区,武侯区,103.988135,30.615088
永兴社区东区,residential,商务住宅;住宅区;住宅小区,武侯区,103.98814,30.615138
铁佛名苑D区,residential,商务住宅;住宅区;住宅区,武侯区,103.988688,30.613639
永兴社区西区,residential,商务住宅;住宅区;住宅小区,武侯区,103.986986,30.614647
永安苑,residential,商务住宅;住宅区;住宅区,武侯区,103.986885,30.614389
铁佛名苑B区,residential,商务住宅;住宅区;住宅小区,武侯区,103.989471,30.613011
名苑小区C区,residential,商务住宅;住宅区;住宅小区,武侯区,103.990826,30.614277
铁佛兴苑,residential,商务住宅;住宅区;住宅小区,武侯区,103.98885,30.612603
铁佛名苑,residential,商务住宅;住宅区;住宅小区,武侯区,103.990666,30.613229
永吉苑,residential,商务住宅;住宅区;住宅小区,武侯区,103.986683,30.617094
铁佛新居,residential,商务住宅;住宅区;住宅小区,武侯区,103.985939,30.616659
簇桥小区,residential,商务住宅;住宅区;住宅小区,武侯区,103.989057,30.61142
滨河苑(百锦路),residential,商务住宅;住宅区;住宅小区,武侯区,103.992613,30.613954
永祥苑,residential,商务住宅;住宅区;住宅小区,武侯区,103.985207,30.616743
易初小区,residential,商务住宅;住宅区;住宅小区,武侯区,103.98946,30.610832
玲珑郡,residential,商务住宅;住宅区;住宅小区,武侯区,103.984416,30.613341
中海锦城1期,residential,商务住宅;住宅区;住宅小区,武侯区,103.985471,30.611336
龙井桂苑,residential,商务住宅;住宅区;住宅小区,武侯区,103.991878,30.611083
中海锦城·悦林湾,residential,商务住宅;住宅区;住宅小区,武侯区,103.985327,30.61126
玲玲群小区,residential,商务住宅;住宅区;住宅小区,武侯区,103.984295,30.612333
千盛公寓,residential,商务住宅;住宅区;住宅小区,武侯区,103.988701,30.610091
龙锦欣苑,residential,商务住宅;住宅区;住宅小区,武侯区,103.990471,30.609696
龙井北路小区,residential,商务住宅;住宅区;住宅小区,武侯区,103.991608,30.609854
永乐苑,residential,商务住宅;住宅区;住宅小区,武侯区,103.984036,30.61892
龙锦综合小区西小门,residential,商务住宅;住宅区;住宅小区,武侯区,103.993253,30.609791
名苑4期,residential,商务住宅;住宅区;住宅小区,武侯区,103.998875,30.613529
簇锦欣苑,residential,商务住宅;住宅区;住宅小区,武侯区,103.998014,30.611081
蓝天苑,residential,商务住宅;住宅区;住宅小区,武侯区,103.994194,30.615135
西部家园,residential,商务住宅;住宅区;住宅小区,武侯区,104.000329,30.61072
福锦路二段258号,residential,商务住宅;住宅区;住宅区,武侯区,103.995966,30.610614
簇锦古镇,residential,商务住宅;住宅区;住宅小区,武侯区,103.995979,30.610344
龙锦综合小区(文锦街),residential,商务住宅;住宅区;住宅小区,武侯区,103.993854,30.610238
明珠小区,residential,商务住宅;住宅区;住宅小区,武侯区,104.006834,30.612939
幸福家园,residential,商务住宅;住宅区;住宅小区,武侯区,104.010995,30.616779
江南名居,residential,商务住宅;住宅区;住宅小区,武侯区,104.008843,30.617589
八益家属区,residential,商务住宅;住宅区;住宅小区,武侯区,104.007034,30.617959
南桥新居,residential,商务住宅;住宅区;住宅小区,武侯区,104.021798,30.618808
南桥新居A区,residential,商务住宅;住宅区;住宅小区,武侯区,104.020827,30.616636
颐景园,residential,商务住宅;住宅区;住宅小区,武侯区,104.031925,30.610426
融城后街,residential,商务住宅;住宅区;住宅小区,武侯区,104.037556,30.615776
新里维多利亚公寓,residential,商务住宅;住宅区;住宅小区,武侯区,104.039044,30.616042
新盛社区,residential,商务住宅;住宅区;住宅小区,武侯区,104.036143,30.613922
新北小区4期,residential,商务住宅;住宅区;住宅小区,武侯区,104.039123,30.611881
新北小区(新乐北巷),residential,商务住宅;住宅区;住宅小区,武侯区,104.0393,30.611383
新乐北巷2号,residential,商务住宅;住宅区;住宅区,武侯区,104.039901,30.611499
恩威玲珑南域,residential,商务住宅;住宅区;住宅小区,武侯区,104.0362,30.611882
神二库家属院,residential,商务住宅;住宅区;住宅小区,武侯区,104.034553,30.614054
创业路38号院,residential,商务住宅;住宅区;住宅区,武侯区,104.036929,30.617871
中海名城,residential,商务住宅;住宅区;住宅小区,武侯区,104.043518,30.615671
神仙树·缤纷,residential,商务住宅;住宅区;住宅小区,武侯区,104.036145,30.61026
神仙树·馨苑,residential,商务住宅;住宅区;住宅小区,武侯区,104.034742,30.611082
神仙树大院,residential,商务住宅;住宅区;住宅小区,武侯区,104.040844,30.618992
新北佳苑,residential,商务住宅;住宅区;住宅小区,武侯区,104.034495,30.609916
名城金典,residential,商务住宅;住宅区;住宅小区,武侯区,104.033773,30.610414
康桥雅舍,residential,商务住宅;住宅区;住宅小区,武侯区,104.047858,30.613826
四季家园(紫荆南路),residential,商务住宅;住宅区;住宅小区,武侯区,104.049586,30.61451
丽景花园(紫荆南路),residential,商务住宅;住宅区;住宅小区,武侯区,104.047263,30.614383
上海花园(紫荆南路),residential,商务住宅;住宅区;住宅小区,武侯区,104.047184,30.615592
神仙树南路51号院,residential,商务住宅;住宅区;住宅小区,武侯区,104.046305,30.613902
清华坊,residential,商务住宅;住宅区;住宅小区,武侯区,104.048245,30.612408
紫荆核动力院宿舍,residential,商务住宅;住宅区;住宅小区,武侯区,104.049486,30.616631
南鑫园,residential,商务住宅;住宅区;住宅小区,武侯区,104.051463,30.614621
圣安卓花园,residential,商务住宅;住宅区;住宅小区,武侯区,104.050984,30.615883
自由星城,residential,商务住宅;住宅区;住宅小区,武侯区,104.050918,30.612783
紫荆名园,residential,商务住宅;住宅区;住宅小区,武侯区,104.047587,30.617546
紫华苑(紫竹南二街),residential,商务住宅;住宅区;住宅小区|餐饮服务;茶艺馆;茶艺馆,武侯区,104.052714,30.614635
神仙园,residential,商务住宅;住宅区;住宅小区,武侯区,104.046004,30.617386
和贵·时代巢,residential,商务住宅;住宅区;住宅小区,武侯区,104.046426,30.617878
紫竹苑,residential,商务住宅;住宅区;住宅小区,武侯区,104.050043,30.618218
中海名城3期,residential,商务住宅;住宅区;住宅小区,武侯区,104.044727,30.616677
翔宇苑,residential,商务住宅;住宅区;住宅小区,武侯区,104.052542,30.612205
彩世界,residential,商务住宅;住宅区;住宅小区,武侯区,104.05232,30.617119
桐梓林,residential,商务住宅;住宅区;住宅小区,武侯区,104.053058,30.616056
紫薇庭园,residential,商务住宅;住宅区;住宅小区,武侯区,104.047979,30.618715
南方半岛花园,residential,商务住宅;住宅区;住宅小区,武侯区,104.047729,30.609836
紫竹北街六十五号院,residential,商务住宅;住宅区;住宅小区,武侯区,104.051653,30.619221
圣安卓国际公寓,residential,商务住宅;住宅区;住宅小区,武侯区,104.057616,30.614638
世纪锦苑(桐梓林东路),residential,商务住宅;住宅区;住宅小区,武侯区,104.059039,30.615242
桐梓林北路小区,residential,商务住宅;住宅区;住宅小区,武侯区,104.059439,30.613885
圣安卓花园2期,residential,商务住宅;住宅区;住宅区,武侯区,104.057157,30.61466
桐梓林欧城,residential,商务住宅;住宅区;住宅小区,武侯区,104.059095,30.613133
四季锦苑,residential,商务住宅;住宅区;住宅区,武侯区,104.060081,30.615525
新加坡花园,residential,商务住宅;住宅区;住宅小区,武侯区,104.056358,30.613386
风华苑(新光路),residential,商务住宅;住宅区;住宅小区,武侯区,104.056304,30.615448
芳草地(桐梓林中路),residential,商务住宅;住宅区;住宅小区,武侯区,104.061716,30.615304
金地贝福里花园,residential,商务住宅;住宅区;住宅小区,武侯区,104.057378,30.617142
南站社区12号院,residential,商务住宅;住宅区;住宅小区,武侯区,104.059163,30.611731
桐梓林中路小区,residential,商务住宅;住宅区;住宅小区,武侯区,104.056407,30.616708
锦绣花园西区,residential,商务住宅;住宅区;住宅小区,武侯区,104.05938,30.617443
中华园4期,residential,商务住宅;住宅区;住宅区,武侯区,104.061125,30.616551
梓桐苑,residential,商务住宅;住宅区;住宅小区,武侯区,104.056498,30.617036
新绿季节,residential,商务住宅;住宅区;住宅小区,武侯区,104.054548,30.615399
华新国际,residential,商务住宅;住宅区;住宅区,武侯区,104.059131,30.618189
牡丹名邸,residential,商务住宅;住宅区;住宅小区,武侯区,104.055602,30.617337
翔宇花园(紫竹南二街),residential,商务住宅;住宅区;住宅小区,武侯区,104.053664,30.613857
新光花园,residential,商务住宅;住宅区;住宅小区,武侯区,104.054234,30.612112
火车南站西路17号院,residential,商务住宅;住宅区;住宅小区,武侯区,104.059622,30.610138
锦绣花园东区,residential,商务住宅;住宅区;住宅小区,武侯区,104.062324,30.617499
骏翔南园,residential,商务住宅;住宅区;住宅区,武侯区,104.059562,30.610048
华尔道,residential,商务住宅;住宅区;住宅小区,武侯区,104.061132,30.61036
自由星城2期,residential,商务住宅;住宅区;住宅小区,武侯区,104.054259,30.611557
紫薇社区,residential,商务住宅;住宅区;住宅小区,武侯区,104.053879,30.616924
火车南站西路15号院,residential,商务住宅;住宅区;住宅小区,武侯区,104.060584,30.61007
上锦雅筑,residential,商务住宅;住宅区;住宅小区,武侯区,104.056675,30.609943
冠军小区,residential,商务住宅;住宅区;住宅小区,武侯区,104.060847,30.618814
中华园中苑,residential,商务住宅;住宅区;住宅小区,武侯区,104.057038,30.619117
田心美甲,residential,商务住宅;住宅区;住宅小区,武侯区,104.060265,30.619048
中德·苹果跃层,residential,商务住宅;住宅区;住宅区,武侯区,104.054583,30.618043
中华园绣苑(桐梓林东路),residential,商务住宅;住宅区;住宅小区,武侯区,104.059153,30.619407
凯莱帝景(桐梓林北路),residential,商务住宅;住宅区;住宅小区,武侯区,104.063426,30.619028
名士公馆,residential,商务住宅;住宅区;住宅小区,武侯区,104.068282,30.614947
景逸阁,residential,商务住宅;住宅区;住宅区,武侯区,104.069295,30.614714
嘉逸阁,residential,商务住宅;住宅区;住宅区,武侯区,104.0671,30.614812
风格雅园(新希望路),residential,商务住宅;住宅区;住宅小区,武侯区,104.068446,30.616093
水漪袅铜,residential,商务住宅;住宅区;住宅小区,武侯区,104.070154,30.615501
新华苑(长寿路),residential,商务住宅;住宅区;住宅小区,武侯区,104.066141,30.614881
长寿路小区,residential,商务住宅;住宅区;住宅小区,武侯区,104.071012,30.614251
西藏国税公寓,residential,商务住宅;住宅区;住宅小区,武侯区,104.066058,30.613881
中苑巷3号院,residential,商务住宅;住宅区;住宅小区,武侯区,104.066781,30.616192
城南新贵,residential,商务住宅;住宅区;住宅小区,武侯区,104.067891,30.616803
科华中路4号附1号院,residential,商务住宅;住宅区;住宅区,武侯区,104.069824,30.616811
航空花园,residential,商务住宅;住宅区;住宅小区,武侯区,104.068883,30.61711
人民南路四段51号,residential,商务住宅;住宅区;住宅区,武侯区,104.066355,30.6164
长安院,residential,商务住宅;住宅区;住宅小区,武侯区,104.07162,30.613688
中苑巷2号,residential,商务住宅;住宅区;住宅区,武侯区,104.067936,30.617172
嘉云台,residential,商务住宅;住宅区;住宅小区,武侯区,104.065573,30.613105
长康院,residential,商务住宅;住宅区;住宅小区,武侯区,104.071109,30.61248
锦城苑(中苑巷),residential,商务住宅;住宅区;住宅小区,武侯区,104.067898,30.61732
南方花园(中苑巷),residential,商务住宅;住宅区;住宅小区|购物服务;专卖店;专营店,武侯区,104.066792,30.617008
大城小居,residential,商务住宅;住宅区;住宅小区,武侯区,104.070899,30.611971
长寿苑社区59号院落,residential,商务住宅;住宅区;住宅小区,武侯区,104.066247,30.611794
伊甸阳光,residential,商务住宅;住宅区;住宅小区,武侯区,104.071278,30.616701
曼哈顿自然派,residential,商务住宅;住宅区;住宅小区,武侯区,104.070296,30.617396
雅居苑(棕树南街),residential,商务住宅;住宅区;住宅小区,武侯区,104.072373,30.614893
长寿苑社区,residential,商务住宅;住宅区;住宅小区,武侯区,104.072013,30.612844
天祥院,residential,商务住宅;住宅区;住宅小区,武侯区,104.071295,30.612005
长祥院,residential,商务住宅;住宅区;住宅区,武侯区,104.071301,30.611902
长富院,residential,商务住宅;住宅区;住宅区,武侯区,104.072549,30.614225
火车南站东路小区,residential,商务住宅;住宅区;住宅小区,武侯区,104.068836,30.610665
锦官秀城2期,residential,商务住宅;住宅区;住宅区,武侯区,104.072729,30.615837
长富苑三号院,residential,商务住宅;住宅区;住宅小区,武侯区,104.073026,30.61371
长和院,residential,商务住宅;住宅区;住宅小区,武侯区,104.072206,30.61202
锦官秀城,residential,商务住宅;住宅区;住宅小区,武侯区,104.072343,30.616817
长寿苑17号院,residential,商务住宅;住宅区;住宅小区,武侯区,104.069284,30.61038
兴彩苑,residential,商务住宅;住宅区;住宅小区,武侯区,104.063762,30.613732
时代阳光花园,residential,商务住宅;住宅区;住宅小区,武侯区,104.070433,30.618374
长乐院,residential,商务住宅;住宅区;住宅小区,武侯区,104.073069,30.612477
火车南站7号院,residential,商务住宅;住宅区;住宅区,武侯区,104.067996,30.610027
长和院,residential,商务住宅;住宅区;住宅小区,武侯区,104.072206,30.61202
锦官秀城,residential,商务住宅;住宅区;住宅小区,武侯区,104.072343,30.616817
长寿苑17号院,residential,商务住宅;住宅区;住宅小区,武侯区,104.069284,30.61038
兴彩苑,residential,商务住宅;住宅区;住宅小区,武侯区,104.063762,30.613732
时代阳光花园,residential,商务住宅;住宅区;住宅小区,武侯区,104.070433,30.618374
长乐院,residential,商务住宅;住宅区;住宅小区,武侯区,104.073069,30.612477
火车南站7号院,residential,商务住宅;住宅区;住宅区,武侯区,104.067996,30.610027
高攀教师苑,residential,商务住宅;住宅区;住宅小区,武侯区,104.078803,30.615162
高攀社区,residential,商务住宅;住宅区;住宅小区,武侯区,104.079963,30.613995
泛悦国际,residential,商务住宅;住宅区;住宅小区,武侯区,104.076829,30.615596
蓝天小区(科华南路),residential,商务住宅;住宅区;住宅小区,武侯区,104.076563,30.613234
万科·金色海蓉2期,residential,商务住宅;住宅区;住宅小区,武侯区,104.080784,30.613086
3度空间,residential,商务住宅;住宅区;住宅小区,武侯区,104.078043,30.611802
成都高攀路7322厂,residential,商务住宅;住宅区;住宅区,武侯区,104.079924,30.616998
桃李园(高攀路),residential,商务住宅;住宅区;住宅小区|餐饮服务;中餐厅;中餐厅,武侯区,104.077036,30.611706
阳光春天,residential,商务住宅;住宅区;住宅小区,武侯区,104.0798,30.611208
南辰景秀,residential,商务住宅;住宅区;住宅小区,武侯区,104.075751,30.611568
科华南苑,residential,商务住宅;住宅区;住宅小区,武侯区,104.077299,30.617954
成都航空职业技术学院成航苑,residential,商务住宅;住宅区;住宅小区,武侯区,104.078694,30.618222
科华中路193号院,residential,商务住宅;住宅区;住宅小区,武侯区,104.075013,30.617233
得胜社区21号院,residential,商务住宅;住宅区;住宅小区,武侯区,104.079647,30.618425
万科·金色海蓉3期,residential,商务住宅;住宅区;住宅小区,武侯区,104.083166,30.612983
航空路20号,residential,商务住宅;住宅区;住宅区,武侯区,104.078821,30.618712
花语溪畔,residential,商务住宅;住宅区;住宅小区,武侯区,104.073887,30.612566
双发·金英汇,residential,商务住宅;住宅区;住宅小区,武侯区,104.07381,30.616301
长寿苑社区35幢,residential,商务住宅;住宅区;住宅小区,武侯区,104.073692,30.612296
武海·美丽南庭,residential,商务住宅;住宅区;住宅小区,武侯区,104.076407,30.609831
不是小区,residential,商务住宅;住宅区;住宅小区,武侯区,104.074053,30.611344
君悦领地,residential,商务住宅;住宅区;住宅小区,武侯区,104.073869,30.611443
锦顺苑,residential,商务住宅;住宅区;住宅小区,武侯区,104.076733,30.619383
白云花园,residential,商务住宅;住宅区;住宅小区,武侯区,104.083295,30.610129
翡翠城5期,residential,商务住宅;住宅区;住宅小区,锦江区,104.089376,30.614312
翡翠城2期,residential,商务住宅;住宅区;住宅小区,锦江区,104.087751,30.613399
华润置地·翡翠城林语湖畔,residential,商务住宅;住宅区;住宅小区,锦江区,104.086906,30.615509
翡翠城·汇锦云天,residential,商务住宅;住宅区;住宅小区,锦江区,104.088758,30.612584
翡翠天地,residential,商务住宅;住宅区;住宅小区,锦江区,104.091616,30.614263
华润·翡翠城3期,residential,商务住宅;住宅区;住宅小区,锦江区,104.091402,30.613025
永兴佳苑,residential,商务住宅;住宅区;住宅小区,锦江区,104.088814,30.617579
华润·翡翠城,residential,商务住宅;住宅区;住宅小区,锦江区,104.093177,30.615178
东湖国际2期,residential,商务住宅;住宅区;住宅小区,锦江区,104.092417,30.617138
东湖国际1期,residential,商务住宅;住宅区;住宅区,锦江区,104.090892,30.618279
东湖国际(琉璃路),residential,商务住宅;住宅区;住宅小区,锦江区,104.091955,30.618112
锦华社区,residential,政府机构及社会团体;政府机关;乡镇以下级政府及事业单位|商务住宅;住宅区;住宅小区,锦江区,104.090033,30.618128
晨辉社区,residential,商务住宅;住宅区;住宅小区,锦江区,104.098609,30.61375
茗兴2期,residential,商务住宅;住宅区;住宅区,锦江区,104.096796,30.614533
育才·都市家园,residential,商务住宅;住宅区;住宅小区,锦江区,104.100437,30.614528
育晓小筑,residential,商务住宅;住宅区;住宅区,锦江区,104.100173,30.613535
康郡城1期,residential,商务住宅;住宅区;住宅小区,锦江区,104.095948,30.61328
东怡园,residential,商务住宅;住宅区;住宅小区,锦江区,104.097327,30.61762
金象花园,residential,商务住宅;住宅区;住宅小区,锦江区,104.097813,30.610983
金茂苑(东光南二巷),residential,商务住宅;住宅区;住宅小区,锦江区,104.099471,30.617773
康郡,residential,商务住宅;住宅区;住宅小区,锦江区,104.095562,30.611503
沁园(东光南二巷),residential,商务住宅;住宅区;住宅小区,锦江区,104.100375,30.618128
东怡街7号院,residential,商务住宅;住宅区;住宅小区,锦江区,104.09862,30.618695
沙河苑公寓,residential,商务住宅;住宅区;住宅小区,锦江区,104.097776,30.618692
锦东苑,residential,商务住宅;住宅区;住宅小区,锦江区,104.101027,30.618164
锦江苑,residential,商务住宅;住宅区;住宅小区,锦江区,104.10082,30.618866
东光南二巷2号院,residential,商务住宅;住宅区;住宅小区,锦江区,104.099523,30.619216
新莲新苑,residential,商务住宅;住宅区;住宅小区,锦江区,104.102384,30.618118
东光南一巷1号院,residential,商务住宅;住宅区;住宅区,锦江区,104.097787,30.619371
晨辉东路小区,residential,商务住宅;住宅区;住宅小区,锦江区,104.100848,30.609593
新莲新社区,residential,商务住宅;住宅区;住宅小区,锦江区,104.101942,30.618734
康郡3期,residential,商务住宅;住宅区;住宅区,锦江区,104.093771,30.610245
万科城市花园(北一门),residential,商务住宅;住宅区;住宅小区|通行设施;临街院门;临街院门,锦江区,104.112368,30.618552
学府芳邻(静安路),residential,商务住宅;住宅区;住宅小区,锦江区,104.109678,30.618239
城东雅郡,residential,商务住宅;住宅区;住宅小区,锦江区,104.113336,30.609441
阳光广场(万科社区卫生服务站东北),residential,商务住宅;住宅区;住宅小区,锦江区,104.11311,30.613971
万科城花社区,residential,商务住宅;住宅区;住宅小区,锦江区,104.112374,30.614373
沙河上1期,residential,商务住宅;住宅区;住宅小区,锦江区,104.104024,30.618848
致瑞雅苑,residential,商务住宅;住宅区;住宅小区,锦江区,104.104019,30.613631
金色乐章,residential,商务住宅;住宅区;住宅区,锦江区,104.107701,30.619128
静安路小区,residential,商务住宅;住宅区;住宅小区,锦江区,104.111803,30.613483
致瑞雅苑B区,residential,商务住宅;住宅区;住宅小区,锦江区,104.103761,30.612246
致瑞雅苑A区,residential,商务住宅;住宅区;住宅小区,锦江区,104.103738,30.613605
致瑞雅苑二标段,residential,商务住宅;住宅区;住宅小区,锦江区,104.104297,30.613042
东光顺河人家,residential,商务住宅;住宅区;住宅区,锦江区,104.103793,30.619286
阳光公寓B区,residential,商务住宅;住宅区;住宅区,锦江区,104.113338,30.61405
菱安路103号院,residential,商务住宅;住宅区;住宅区,锦江区,104.117442,30.615299
瀚林·美居,residential,商务住宅;住宅区;住宅小区,锦江区,104.116889,30.613781
华润幸福里1期,residential,商务住宅;住宅区;住宅小区,锦江区,104.115971,30.612576
华润·幸福里,residential,商务住宅;住宅区;住宅小区,锦江区,104.115576,30.612524
华润置地·幸福里,residential,商务住宅;住宅区;住宅小区,锦江区,104.114795,30.612677
华润幸福里2期,residential,商务住宅;住宅区;住宅小区,锦江区,104.114463,30.613078
万科城市花园(静安路),residential,商务住宅;住宅区;住宅小区,锦江区,104.11452,30.616333
川师聚贤楼,residential,商务住宅;住宅区;住宅区,锦江区,104.123139,30.613899
德馨苑(菱安路),residential,商务住宅;住宅区;住宅小区,锦江区,104.115325,30.61129
爱丁郡院,residential,商务住宅;住宅区;住宅小区,锦江区,104.118875,30.618728
锦江区阳光家园,residential,商务住宅;住宅区;住宅小区,锦江区,104.123121,30.616144
香樟苑(潼川南路),residential,商务住宅;住宅区;住宅小区,锦江区,104.117911,30.610073
辉煌佳苑,residential,商务住宅;住宅区;住宅小区,锦江区,104.11778,30.618907
四川师范大学桂苑,residential,商务住宅;住宅区;住宅小区,锦江区,104.119267,30.609502
校园春天,residential,商务住宅;住宅区;住宅小区,锦江区,104.115252,30.610227
桂苑小区30栋,residential,商务住宅;住宅区;住宅小区,锦江区,104.12223,30.610591
四川师范大学柳堤,residential,商务住宅;住宅区;住宅小区,锦江区,104.12176,30.609971
嘉和园,residential,商务住宅;住宅区;住宅小区,锦江区,104.122285,30.618669
大观祥苑,residential,商务住宅;住宅区;住宅小区,锦江区,104.127044,30.615733
华润·凯旋天地,residential,商务住宅;住宅区;住宅小区,锦江区,104.126107,30.614089
大观苑,residential,商务住宅;住宅区;住宅区,锦江区,104.131391,30.614472
海桐苑1期,residential,商务住宅;住宅区;住宅区,锦江区,104.12853,30.611944
东方丽景(国槐街),residential,商务住宅;住宅区;住宅小区,锦江区,104.130091,30.61214
国槐路社区,residential,商务住宅;住宅区;住宅小区,锦江区,104.127649,30.61143
比华利国际城1期,residential,商务住宅;住宅区;住宅小区,锦江区,104.125609,30.617108
锦江国际花园(中环路锦绣大道段),residential,商务住宅;住宅区;住宅小区,锦江区,104.129307,30.61802
领域,residential,商务住宅;住宅区;住宅小区,锦江区,104.13347,30.614331
花香苑4区,residential,商务住宅;住宅区;住宅小区,锦江区,104.132307,30.611649
成龙路街道综合文化活动中心(东北门),residential,商务住宅;住宅区;住宅小区,锦江区,104.127533,30.612641
花香苑社区(西2门),residential,商务住宅;住宅区;住宅小区,锦江区,104.131722,30.611791
菱窠东路122号院,residential,商务住宅;住宅区;住宅区,锦江区,104.124045,30.61641
比华利国际城,residential,商务住宅;住宅区;住宅小区,锦江区,104.12654,30.619129
花香苑社区(西1门),residential,商务住宅;住宅区;住宅小区,锦江区,104.132824,30.61091
海桐一期(东门),residential,商务住宅;住宅区;住宅小区,锦江区,104.126491,30.609448
花香苑3区,residential,商务住宅;住宅区;住宅小区,锦江区,104.133334,30.610432
紫东梵谷,residential,商务住宅;住宅区;住宅小区,锦江区,104.133998,30.610017
468公馆1期,residential,商务住宅;住宅区;住宅小区,锦江区,104.141329,30.610645
花香苑1区,residential,商务住宅;住宅区;住宅小区,锦江区,104.133617,30.612022
大观里,residential,商务住宅;住宅区;住宅小区,锦江区,104.134327,30.618091
花香苑2区,residential,商务住宅;住宅区;住宅小区,锦江区,104.133577,30.611419
大观里12号院(大观里北),residential,商务住宅;住宅区;住宅小区,锦江区,104.133952,30.618927
紫东·丽景,residential,商务住宅;住宅区;住宅小区,锦江区,104.13486,30.611743
东城印象,residential,商务住宅;住宅区;住宅小区,锦江区,104.133733,30.617261
人居锦尚春天A区,residential,商务住宅;住宅区;住宅小区,锦江区,104.142054,30.611891
人居·锦尚春天B区,residential,商务住宅;住宅区;住宅小区,锦江区,104.137087,30.609943
468公馆,residential,商务住宅;住宅区;住宅小区,锦江区,104.142044,30.610162
大观里1号院,residential,商务住宅;住宅区;住宅小区,锦江区,104.134715,30.619153
大观里2号,residential,商务住宅;住宅区;住宅区,锦江区,104.134756,30.61799
468公馆3期,residential,商务住宅;住宅区;住宅小区,锦江区,104.138949,30.609838
赖家新桥社区,residential,商务住宅;住宅区;住宅区,锦江区,104.13464,30.617718
江安河畔,residential,商务住宅;住宅区;住宅小区,武侯区,103.966709,30.607601
锦上南庭,residential,商务住宅;住宅区;住宅小区,武侯区,103.968053,30.609418
君雁金梧桐,residential,商务住宅;住宅区;住宅小区,武侯区,103.967458,30.60965
金花社区,residential,商务住宅;住宅区;住宅小区,武侯区,103.964968,30.606248
绿地·圣路易名邸,residential,商务住宅;住宅区;住宅小区,武侯区,103.982402,30.608574
美丽都汇,residential,商务住宅;住宅区;住宅小区,武侯区,103.980939,30.604196
首信汇,residential,商务住宅;住宅区;住宅小区,武侯区,103.977606,30.608653
簇桥龙井西街住宅3区,residential,商务住宅;住宅区;住宅小区,武侯区,103.988958,30.604207
簇桥龙井西街住宅区,residential,商务住宅;住宅区;住宅小区,武侯区,103.989664,30.604168
芳华苑(龙井西街),residential,商务住宅;住宅区;住宅小区,武侯区,103.988206,30.605171
簇桥龙井西街住宅1区,residential,商务住宅;住宅区;住宅小区,武侯区,103.989943,30.604779
望锦东街151号院,residential,商务住宅;住宅区;住宅小区,武侯区,103.988248,30.605341
望锦中街105号院,residential,商务住宅;住宅区;住宅小区,武侯区,103.987588,30.60436
簇桥龙井西街住宅2区,residential,商务住宅;住宅区;住宅小区,武侯区,103.990338,30.60414
望锦配套小区,residential,商务住宅;住宅区;住宅小区,武侯区,103.987753,30.60353
龙井家园(望锦横街),residential,商务住宅;住宅区;住宅小区,武侯区,103.989562,30.603409
童子林小区,residential,商务住宅;住宅区;住宅小区,武侯区,103.990653,30.60523
祥龙居,residential,商务住宅;住宅区;住宅小区,武侯区,103.986627,30.605178
长寿苑(龙井西街),residential,商务住宅;住宅区;住宅小区,武侯区,103.990377,30.605949
龙井苑,residential,商务住宅;住宅区;住宅区,武侯区,103.986796,30.605709
望锦西街81号院,residential,商务住宅;住宅区;住宅小区,武侯区,103.98672,30.603345
龙井西街203号院,residential,商务住宅;住宅区;住宅小区,武侯区,103.986332,30.603993
簇兴苑小区,residential,商务住宅;住宅区;住宅小区,武侯区,103.990187,30.602641
龙锦文苑,residential,商务住宅;住宅区;住宅小区,武侯区,103.99143,30.604093
景观苑(望锦中街),residential,商务住宅;住宅区;住宅小区,武侯区,103.987111,30.606525
怡沁苑,residential,商务住宅;住宅区;住宅小区,武侯区,103.989254,30.607063
簇桥下街86号院,residential,商务住宅;住宅区;住宅小区,武侯区,103.990734,30.602594
簇锦南路139号院,residential,商务住宅;住宅区;住宅小区,武侯区,103.99184,30.604574
牛儿桥,residential,商务住宅;住宅区;住宅小区,武侯区,103.991458,30.60327
簇锦南路98号院,residential,商务住宅;住宅区;住宅区,武侯区,103.992116,30.604749
龙锦苑5期C区,residential,商务住宅;住宅区;住宅小区,武侯区,103.988986,30.607673
龙锦苑5区,residential,商务住宅;住宅区;住宅小区,武侯区,103.98773,30.607595
望锦横街185号院(望锦横街),residential,商务住宅;住宅区;住宅小区,武侯区,103.986224,30.602393
龙锦苑2区,residential,商务住宅;住宅区;住宅小区,武侯区,103.990823,30.60745
望锦西街9号院,residential,商务住宅;住宅区;住宅小区,武侯区,103.986424,30.601889
锦瑞民居2期,residential,商务住宅;住宅区;住宅小区,武侯区,103.992257,30.602867
龙锦苑3区,residential,商务住宅;住宅区;住宅小区,武侯区,103.992751,30.606036
广场苑小区,residential,商务住宅;住宅区;住宅小区,武侯区,103.988082,30.608306
簇桥下街48号院(簇桥下街),residential,商务住宅;住宅区;住宅小区,武侯区,103.992727,30.602983
解放小区,residential,商务住宅;住宅区;住宅小区,武侯区,103.993113,30.603872
解放小区1区,residential,商务住宅;住宅区;住宅小区,武侯区,103.993197,30.604082
簇锦南路31号院,residential,商务住宅;住宅区;住宅小区,武侯区,103.99313,30.603468
锦瑞民居1期,residential,商务住宅;住宅区;住宅小区,武侯区,103.992396,30.602044
簇桥下街2号院,residential,商务住宅;住宅区;住宅小区,武侯区,103.993203,30.603212
锦瑞民居,residential,商务住宅;住宅区;住宅区,武侯区,103.99258,30.602164
民馨南苑,residential,商务住宅;住宅区;住宅小区,武侯区,103.993307,30.602632
龙锦庭园,residential,商务住宅;住宅区;住宅小区,武侯区,103.991879,30.608094
龙锦苑1区,residential,商务住宅;住宅区;住宅小区,武侯区,103.991555,30.608326
龙锦慧苑,residential,商务住宅;住宅区;住宅小区,武侯区,103.989523,30.609004
新苑2期,residential,商务住宅;住宅区;住宅小区,武侯区,103.990043,30.600275
绿洲红泰黄鹂园,residential,商务住宅;住宅区;住宅小区,武侯区,103.98941,30.599756
簇桥后街100号院,residential,商务住宅;住宅区;住宅小区,武侯区,103.993685,30.602039
金景园小区,residential,商务住宅;住宅区;住宅小区,武侯区,103.989959,30.599739
中海锦城2期(金履三路),residential,商务住宅;住宅区;住宅小区,武侯区,103.985566,30.608857
龙井北街58号院,residential,商务住宅;住宅区;住宅小区,武侯区,103.992412,30.608773
中海锦城,residential,商务住宅;住宅区;住宅区,武侯区,103.98548,30.609138
文锦街1号院,residential,商务住宅;住宅区;住宅小区,武侯区,103.993368,30.608269
龙锦苑4区,residential,商务住宅;住宅区;住宅小区,武侯区,103.992834,30.609089
金桂苑小区(木鱼庙街),residential,商务住宅;住宅区;住宅小区,武侯区,103.998066,30.605212
银桂苑小区,residential,商务住宅;住宅区;住宅小区,武侯区,103.997698,30.60482
芙蓉苑小区,residential,商务住宅;住宅区;住宅小区,武侯区,103.997653,30.604015
名苑3区,residential,商务住宅;住宅区;住宅小区,武侯区,103.998372,30.605779
双拥街8号院,residential,商务住宅;住宅区;住宅小区,武侯区,103.997246,30.605771
东苑(龙井南街),residential,商务住宅;住宅区;住宅小区,武侯区,103.996483,30.604217
双拥街1号院,residential,商务住宅;住宅区;住宅小区,武侯区,103.996576,30.605431
新世界小区,residential,商务住宅;住宅区;住宅小区,武侯区,103.99618,30.605215
龙井南路一段西园,residential,商务住宅;住宅区;住宅小区,武侯区,103.995905,30.604013
华兴5区,residential,商务住宅;住宅区;住宅小区,武侯区,103.995918,30.605742
木鱼庙街39号院,residential,商务住宅;住宅区;住宅小区,武侯区,103.997054,30.606878
龙井南街66号院,residential,商务住宅;住宅区;住宅小区,武侯区,103.995644,30.605208
簇锦社区123号院,residential,商务住宅;住宅区;住宅小区,武侯区,103.995504,30.603772
沈家桥社区,residential,商务住宅;住宅区;住宅小区,武侯区,103.999703,30.607373
簇锦苑,residential,商务住宅;住宅区;住宅小区,武侯区,103.995528,30.603053
锦城苑(簇桥中街),residential,商务住宅;住宅区;住宅小区,武侯区,103.995018,30.604355
龙井南街81号院,residential,商务住宅;住宅区;住宅小区,武侯区,103.995044,30.605006
华兴南街3区,residential,商务住宅;住宅区;住宅小区,武侯区,103.996124,30.606996
龙锦晓筑,residential,商务住宅;住宅区;住宅小区,武侯区,103.995435,30.606297
福锦路二段83号院,residential,商务住宅;住宅区;住宅小区,武侯区,103.996706,30.607499
蓝光·金悦城,residential,商务住宅;住宅区;住宅小区,武侯区,103.998864,30.608088
成都晓筑公寓,residential,商务住宅;住宅区;住宅小区,武侯区,103.995233,30.606475
簇桥中街171号院,residential,商务住宅;住宅区;住宅小区,武侯区,103.994772,30.603527
南锦苑,residential,商务住宅;住宅区;住宅小区,武侯区,103.999741,30.608643
龙井南街170号院,residential,商务住宅;住宅区;住宅小区,武侯区,103.99418,30.606669
簇锦家园,residential,商务住宅;住宅区;住宅小区,武侯区,103.996424,30.60055
银杏苑(龙井中街),residential,商务住宅;住宅区;住宅小区,武侯区,103.994912,30.607927
龙井新村,residential,商务住宅;住宅区;住宅小区,武侯区,103.99558,30.608453
簇锦南路1号院,residential,商务住宅;住宅区;住宅小区,武侯区,103.993924,30.601889
文锦街2号院(文锦街),residential,商务住宅;住宅区;住宅小区,武侯区,103.994626,30.60917
蓝星苑,residential,商务住宅;住宅区;住宅小区,武侯区,104.010574,30.600165
新雅中街9号院,residential,商务住宅;住宅区;住宅区,武侯区,104.027572,30.606136
庆安社区,residential,商务住宅;住宅区;住宅小区,武侯区,104.030132,30.605824
庆安社区东区,residential,商务住宅;住宅区;住宅小区,武侯区,104.026841,30.605815
新北5期,residential,商务住宅;住宅区;住宅小区,武侯区,104.0271,30.606475
庆安社区北区,residential,商务住宅;住宅区;住宅小区,武侯区,104.025855,30.605542
太平寺10号,residential,商务住宅;住宅区;住宅区,武侯区,104.025166,30.603788
新雅中街41号院,residential,商务住宅;住宅区;住宅区,武侯区,104.025193,30.60642
武侯区石羊场庆社区,residential,商务住宅;住宅区;住宅小区,武侯区,104.02523,30.606924
庆安社区西区,residential,商务住宅;住宅区;住宅小区,武侯区,104.024082,30.606124
波特兰小镇,residential,商务住宅;住宅区;住宅小区,武侯区,104.033012,30.601927
加州阳光北区,residential,商务住宅;住宅区;住宅小区,武侯区,104.033305,30.601911
加州阳光南区,residential,商务住宅;住宅区;住宅小区,武侯区,104.032613,30.600134
新雅正街2号院,residential,商务住宅;住宅区;住宅小区,武侯区,104.024208,30.609332
润新花园A区,residential,商务住宅;住宅区;住宅小区,武侯区,104.038092,30.604657
润新花园2期,residential,商务住宅;住宅区;住宅区,武侯区,104.038633,30.604963
中房润新花园,residential,商务住宅;住宅区;住宅小区,武侯区,104.039286,30.605982
新北街小区,residential,商务住宅;住宅区;住宅小区,武侯区,104.041297,30.606125
多伦多城堡,residential,商务住宅;住宅区;住宅小区,武侯区,104.036939,30.601857
安信花园,residential,商务住宅;住宅区;住宅小区,武侯区,104.041952,30.605623
安信·品源IHOME,residential,商务住宅;住宅区;住宅区,武侯区,104.041931,30.605638
城南公馆,residential,商务住宅;住宅区;住宅小区,武侯区,104.036883,30.601547
温哥华水城,residential,商务住宅;住宅区;住宅小区,武侯区,104.03494,30.603311
美洲花园,residential,商务住宅;住宅区;住宅小区,武侯区,104.035323,30.601964
兴元丽都,residential,商务住宅;住宅区;住宅小区,武侯区,104.03719,30.608064
密苏里小城,residential,商务住宅;住宅区;住宅小区,武侯区,104.035483,30.600663
新北社区,residential,商务住宅;住宅区;住宅小区,武侯区,104.040381,30.609313
新光社区文韵苑,residential,商务住宅;住宅区;住宅小区,武侯区,104.033735,30.607625
新光社区文景苑,residential,商务住宅;住宅区;住宅小区,武侯区,104.034568,30.60899
中海·翠屏湾,residential,商务住宅;住宅区;住宅小区,武侯区,104.049462,30.60214
蓝光·公馆1881,residential,商务住宅;住宅区;住宅小区,武侯区,104.050623,30.604282
南钻·威尼斯,residential,商务住宅;住宅区;住宅小区,武侯区,104.052614,30.605089
江南岸,residential,商务住宅;住宅区;住宅小区,武侯区,104.05861,30.605968
雅皮士生活圈露天派对花园,residential,商务住宅;住宅区;住宅区,武侯区,104.059433,30.606159
御苑,residential,商务住宅;住宅区;住宅小区,武侯区,104.061936,30.604643
都会路苑,residential,商务住宅;住宅区;住宅小区,武侯区,104.060162,30.607118
城市春天,residential,商务住宅;住宅区;住宅小区,武侯区,104.056476,30.601826
合景叠翠峰,residential,商务住宅;住宅区;住宅小区,武侯区,104.056375,30.608196
桐梓林壹号,residential,商务住宅;住宅区;住宅小区,武侯区,104.05356,30.606745
南晶国际·南庭,residential,商务住宅;住宅区;住宅小区,武侯区,104.06912,30.602989
和平祥苑,residential,商务住宅;住宅区;住宅小区,武侯区,104.070793,30.605068
皇城花卉,residential,商务住宅;住宅区;住宅小区,武侯区,104.070592,30.60301
长城南苑,residential,商务住宅;住宅区;住宅小区,武侯区,104.067812,30.606759
情真苑,residential,商务住宅;住宅区;住宅区,武侯区,104.067811,30.60676
天仁北二街3号院,residential,商务住宅;住宅区;住宅小区,武侯区,104.070473,30.606689
天和国际,residential,商务住宅;住宅区;住宅小区,武侯区,104.069125,30.60154
南都领秀,residential,商务住宅;住宅区;住宅小区,武侯区,104.071039,30.606423
南都邻秀,residential,商务住宅;住宅区;住宅小区,武侯区,104.071124,30.606375
和平锦苑,residential,商务住宅;住宅区;住宅小区,武侯区,104.070237,30.601653
和平小区,residential,商务住宅;住宅区;住宅小区,武侯区,104.07121,30.606793
和平佳苑,residential,商务住宅;住宅区;住宅小区,武侯区,104.07033,30.607377
和平雅苑(天仁北二街),residential,商务住宅;住宅区;住宅小区,武侯区,104.071237,30.606959
和平瑞苑,residential,商务住宅;住宅区;住宅小区,武侯区,104.072822,30.605877
天仁北二街1号院,residential,商务住宅;住宅区;住宅小区,武侯区,104.072725,30.606067
人居锦尚天华,residential,商务住宅;住宅区;住宅小区,武侯区,104.072633,30.602133
南铁新居,residential,商务住宅;住宅区;住宅小区,武侯区,104.071941,30.607621
东苑小区,residential,商务住宅;住宅区;住宅小区,武侯区,104.078278,30.605339
锦江畔,residential,商务住宅;住宅区;住宅小区,武侯区,104.078935,30.605474
桂溪苑(金桂路),residential,商务住宅;住宅区;住宅小区,武侯区,104.079875,30.605577
成都电力金具总厂家属区,residential,商务住宅;住宅区;住宅小区,锦江区,104.082233,30.603423
长桂源,residential,商务住宅;住宅区;住宅小区,武侯区,104.080702,30.607387
长鸿苑,residential,商务住宅;住宅区;住宅小区,武侯区,104.080937,30.607347
和平社区(天和东街),residential,商务住宅;住宅区;住宅小区,武侯区,104.074186,30.605562
蓝光·凯丽香江,residential,商务住宅;住宅区;住宅小区,锦江区,104.081425,30.601094
长乐佳苑,residential,商务住宅;住宅区;住宅小区,武侯区,104.080682,30.608107
南延新苑,residential,商务住宅;住宅区;住宅小区,武侯区,104.07389,30.60198
东苑A区(桂溪东路),residential,商务住宅;住宅区;住宅小区,武侯区,104.08278,30.607355
天仁北二街2号院,residential,商务住宅;住宅区;住宅小区,武侯区,104.073608,30.607217
龙光·天悦龙庭,residential,商务住宅;住宅区;住宅小区,锦江区,104.086942,30.600077
柳江新居,residential,商务住宅;住宅区;住宅小区,锦江区,104.090781,30.606684
柳江社区,residential,商务住宅;住宅区;住宅小区,锦江区,104.088003,30.606519
紫东锦源,residential,商务住宅;住宅区;住宅小区,锦江区,104.093244,30.605718
府河小区(琉璃路),residential,商务住宅;住宅区;住宅小区,锦江区,104.091764,30.605925
柳江新居3期,residential,商务住宅;住宅区;住宅小区,锦江区,104.093234,30.604217
科创路4号院,residential,商务住宅;住宅区;住宅小区,锦江区,104.090615,30.605738
柳江新居1期,residential,商务住宅;住宅区;住宅区,锦江区,104.087304,30.606802
柳江新居1期A区,residential,商务住宅;住宅区;住宅区,锦江区,104.089176,30.606472
东方阳光城B区,residential,商务住宅;住宅区;住宅区,锦江区,104.09782,30.604231
东方阳光城C区,residential,商务住宅;住宅区;住宅小区,锦江区,104.099507,30.604068
东方阳光城A区,residential,商务住宅;住宅区;住宅区,锦江区,104.098441,30.606176
银杏森林(琉三路),residential,商务住宅;住宅区;住宅小区,锦江区,104.099463,30.601974
正成翡翠琉璃,residential,商务住宅;住宅区;住宅小区,锦江区,104.101991,30.603858
金像苑,residential,商务住宅;住宅区;住宅小区,锦江区,104.096608,30.601773
金像民居,residential,商务住宅;住宅区;住宅小区,锦江区,104.094748,30.604422
银杏森林1期,residential,商务住宅;住宅区;住宅小区,锦江区,104.101198,30.602053
三星级文明社区,residential,商务住宅;住宅区;住宅小区,锦江区,104.102062,30.603038
仁居路2号1,residential,商务住宅;住宅区;住宅区,锦江区,104.095811,30.601753
仁居路2号2,residential,商务住宅;住宅区;住宅区,锦江区,104.095811,30.601753
经天路小区,residential,商务住宅;住宅区;住宅小区,锦江区,104.102696,30.60385
沙河嘉苑,residential,商务住宅;住宅区;住宅小区,锦江区,104.100037,30.600952
金红苑,residential,商务住宅;住宅区;住宅小区,锦江区,104.097062,30.608234
柳江新居5期,residential,商务住宅;住宅区;住宅小区,锦江区,104.094249,30.606217
桦林园小区,residential,商务住宅;住宅区;住宅小区,锦江区,104.102775,30.602426
琉璃场社区,residential,商务住宅;住宅区;住宅小区,锦江区,104.095215,30.601249
上东花园一组团,residential,商务住宅;住宅区;住宅小区,锦江区,104.103376,30.604969
沙河怡苑,residential,商务住宅;住宅区;住宅小区,锦江区,104.100016,30.600369
金像雅苑,residential,商务住宅;住宅区;住宅小区,锦江区,104.103417,30.603406
启明家园,residential,商务住宅;住宅区;住宅区,锦江区,104.097127,30.600111
金象嘉园,residential,商务住宅;住宅区;住宅小区,锦江区,104.100752,30.608457
皇经苑,residential,商务住宅;住宅区;住宅小区,锦江区,104.101292,30.600584
彩蝶花园,residential,商务住宅;住宅区;住宅小区,锦江区,104.098378,30.609183
金象花园社区,residential,商务住宅;住宅区;住宅小区,锦江区,104.096471,30.608863
育才晓筑,residential,商务住宅;住宅区;住宅小区,锦江区,104.102463,30.60826
香江花园(琉璃路),residential,商务住宅;住宅区;住宅小区,锦江区,104.09374,30.608874
皇经花园(经天中路),residential,商务住宅;住宅区;住宅小区,锦江区,104.104643,30.601067
上东家园,residential,商务住宅;住宅区;住宅小区,锦江区,104.105564,30.602018
上东花园三组团,residential,商务住宅;住宅区;住宅小区,锦江区,104.104402,30.603708
上东花园二组团,residential,商务住宅;住宅区;住宅小区,锦江区,104.104911,30.604998
成功·红树林,residential,商务住宅;住宅区;住宅小区,锦江区,104.104755,30.608351
成功·红树林2期,residential,商务住宅;住宅区;住宅小区,锦江区,104.105112,30.607652
上东花园四组团,residential,商务住宅;住宅区;住宅小区,锦江区,104.105829,30.603558
皇经花园B区,residential,商务住宅;住宅区;住宅区,锦江区,104.105241,30.600576
皇经花园A区,residential,商务住宅;住宅区;住宅区,锦江区,104.10378,30.601447
上东花园,residential,商务住宅;住宅区;住宅小区,锦江区,104.10359,30.604997
上东锦城B区,residential,商务住宅;住宅区;住宅小区,锦江区,104.121128,30.603535
华兴新居(草红路),residential,商务住宅;住宅区;住宅小区,锦江区,104.116513,30.605073
蓝谷地,residential,商务住宅;住宅区;住宅小区,锦江区,104.122643,30.604803
华兴新居(静逸路),residential,商务住宅;住宅区;住宅小区,锦江区,104.116975,30.605381
蓝谷地1期,residential,商务住宅;住宅区;住宅小区,锦江区,104.120222,30.605413
东城美地,residential,商务住宅;住宅区;住宅小区,锦江区,104.119612,30.603473
上东锦城,residential,商务住宅;住宅区;住宅小区,锦江区,104.12217,30.602431
雅郡1期,residential,商务住宅;住宅区;住宅区,锦江区,104.114447,30.608848
蓝谷地4期,residential,商务住宅;住宅区;住宅小区,锦江区,104.123078,30.607349
上东锦城A区,residential,商务住宅;住宅区;住宅小区,锦江区,104.121922,30.602582
蓝谷地A区,residential,商务住宅;住宅区;住宅小区,锦江区,104.121703,30.605763
卓锦城2期,residential,商务住宅;住宅区;住宅小区,锦江区,104.129414,30.6032
海桐二期,residential,商务住宅;住宅区;住宅小区,锦江区,104.129296,30.605985
紫气东来,residential,商务住宅;住宅区;住宅小区,锦江区,104.127926,30.606278
蓝谷地社区,residential,商务住宅;住宅区;住宅小区,锦江区,104.125437,30.604939
卓锦城(一至四期),residential,商务住宅;住宅区;住宅小区,锦江区,104.13001,30.601975
蓝谷地天域(水杉街),residential,商务住宅;住宅区;住宅小区,锦江区,104.124553,30.604594
蓝谷地5期,residential,商务住宅;住宅区;住宅小区,锦江区,104.124535,30.604271
海棠佳苑,residential,商务住宅;住宅区;住宅小区,锦江区,104.13247,30.605354
海桐三期,residential,商务住宅;住宅区;住宅小区,锦江区,104.12977,30.607817
海桐小区,residential,商务住宅;住宅区;住宅小区,锦江区,104.129354,30.607968
华固一品,residential,商务住宅;住宅区;住宅小区,锦江区,104.127213,30.607948
四海云庭,residential,商务住宅;住宅区;住宅小区,锦江区,104.133503,30.604699
蓝谷地3期,residential,商务住宅;住宅区;住宅区,锦江区,104.12455,30.607786
海桐一期,residential,商务住宅;住宅区;住宅小区,锦江区,104.127681,30.609191
卓锦城1期,residential,商务住宅;住宅区;住宅小区,锦江区,104.132443,30.599635
四海逸家·蓝钻,residential,商务住宅;住宅区;住宅小区,锦江区,104.138002,30.602802
锦江逸家,residential,商务住宅;住宅区;住宅小区,锦江区,104.135509,30.605629
四海逸家3期,residential,商务住宅;住宅区;住宅小区,锦江区,104.135329,30.603095
四海逸家·华府,residential,商务住宅;住宅区;住宅小区,锦江区,104.137189,30.601209
鑫苑名家北区,residential,商务住宅;住宅区;住宅小区,锦江区,104.140865,30.601189
鑫苑名家,residential,商务住宅;住宅区;住宅小区,锦江区,104.140147,30.600755
四海逸家·云庭,residential,商务住宅;住宅区;住宅小区,锦江区,104.133873,30.603027
人居锦尚春天,residential,商务住宅;住宅区;住宅小区,锦江区,104.140988,30.609182
卓锦城5期繁花郡,residential,商务住宅;住宅区;住宅小区,锦江区,104.135801,30.599445
卓锦城千树郡,residential,商务住宅;住宅区;住宅小区,锦江区,104.133702,30.600748
卓锦城4期,residential,商务住宅;住宅区;住宅小区,锦江区,104.134073,30.600337
东锦瑞苑,residential,商务住宅;住宅区;住宅小区,锦江区,104.146671,30.605279
锦蓉佳苑·天阔,residential,商务住宅;住宅区;住宅小区,锦江区,104.146326,30.603319
绿地中心东区,residential,商务住宅;住宅区;住宅小区,锦江区,104.15104,30.60578
绿地中心·云玺468,residential,商务住宅;住宅区;住宅小区,锦江区,104.151092,30.605831
东洪广厦,residential,商务住宅;住宅区;住宅小区,锦江区,104.148563,30.607124
V客东都,residential,商务住宅;住宅区;住宅小区,锦江区,104.151551,30.602518
绿地中心468北区,residential,商务住宅;住宅区;住宅区,锦江区,104.145975,30.607519
绿地中心·云锦468东区,residential,商务住宅;住宅区;住宅小区,锦江区,104.152951,30.604091
绿地中心·云锦468西区,residential,商务住宅;住宅区;住宅小区,锦江区,104.152396,30.606351
绿地中心西区,residential,商务住宅;住宅区;住宅小区,锦江区,104.145579,30.608348
华韵天府,residential,商务住宅;住宅区;住宅小区,锦江区,104.143706,30.607032
绿地468公馆2期,residential,商务住宅;住宅区;住宅小区,锦江区,104.144751,30.608977
锦江·城市花园3期,residential,商务住宅;住宅区;住宅小区,锦江区,104.144328,30.599896
绿地中心,residential,商务住宅;住宅区;住宅小区,锦江区,104.154555,30.606501
绿地中心·蜀峰王座,residential,商务住宅;住宅区;住宅小区,锦江区,104.154811,30.606518
美丽点会所,residential,商务住宅;住宅区;住宅小区|体育休闲服务;娱乐场所;娱乐场所,武侯区,103.96636,30.594696
中大长景,residential,商务住宅;住宅区;住宅小区,武侯区,103.969007,30.594076
美丽点会所小区,residential,商务住宅;住宅区;住宅小区,武侯区,103.966208,30.593459
邹家花园,residential,商务住宅;住宅区;住宅小区,武侯区,103.973938,30.592553
盛昌小区,residential,商务住宅;住宅区;住宅小区,武侯区,103.974986,30.59194
新苑(新苗西街),residential,商务住宅;住宅区;住宅小区,武侯区,103.989343,30.598692
时代锦绣,residential,商务住宅;住宅区;住宅小区,武侯区,103.989245,30.596087
新苗新居2期,residential,商务住宅;住宅区;住宅小区,武侯区,103.984276,30.597289
红怡苑,residential,商务住宅;住宅区;住宅小区,武侯区,103.989507,30.598377
绿洲红泰金景园,residential,商务住宅;住宅区;住宅小区,武侯区,103.988479,30.599081
新苗新居1期,residential,商务住宅;住宅区;住宅小区,武侯区,103.985167,30.598669
新苗新居,residential,商务住宅;住宅区;住宅区,武侯区,103.984471,30.598385
新苑3期,residential,商务住宅;住宅区;住宅小区,武侯区,103.992939,30.599424
新苑4期,residential,商务住宅;住宅区;住宅区,武侯区,103.989306,30.598894
三河新居(建设中),residential,商务住宅;住宅区;住宅小区,武侯区,104.003633,30.596217
簇锦家园B区,residential,商务住宅;住宅区;住宅区,武侯区,103.994683,30.598958
武侯区簇桥沈家桥五组,residential,商务住宅;住宅区;住宅区,武侯区,104.005543,30.598226
红璞青年公寓,residential,商务住宅;住宅区;住宅小区,武侯区,104.021696,30.590266
新和·领航,residential,商务住宅;住宅区;住宅小区,武侯区,104.021742,30.590184
新和·领航自由自住(公寓),residential,商务住宅;住宅区;住宅小区,武侯区,104.022075,30.589847
美洲花园棕榈湾,residential,商务住宅;住宅区;住宅小区,武侯区,104.032901,30.598264
美洲花园E区,residential,商务住宅;住宅区;住宅小区,武侯区,104.03269,30.59849
人居天府汇城,residential,商务住宅;住宅区;住宅小区,武侯区,104.04288,30.589638
雄飞新园紫郡,residential,商务住宅;住宅区;住宅小区,武侯区,104.037962,30.597152
石羊街道新园社区,residential,商务住宅;住宅区;住宅小区,武侯区,104.038547,30.591753
加州山庄,residential,商务住宅;住宅区;住宅小区,武侯区,104.034282,30.5994
南城都汇5期,residential,商务住宅;住宅区;住宅小区,武侯区,104.043292,30.592297
i都会,residential,商务住宅;住宅区;住宅区,武侯区,104.043384,30.592993
南城都汇5B期汇朗园,residential,商务住宅;住宅区;住宅小区,武侯区,104.043339,30.592184
南城都汇5B期,residential,商务住宅;住宅区;住宅区,武侯区,104.043238,30.593937
雄飞新园国际广场,residential,商务住宅;住宅区;住宅区,武侯区,104.037578,30.596659
雄飞·新园国际广场1期,residential,商务住宅;住宅区;住宅小区,武侯区,104.03798,30.597449
新园社区(西门),residential,商务住宅;住宅区;住宅小区,武侯区,104.037389,30.590901
新园南二路8号院,residential,商务住宅;住宅区;住宅区,武侯区,104.038725,30.591726
汇翠园南城都汇东南区,residential,商务住宅;住宅区;住宅小区,武侯区,104.047585,30.595045
金脑壳教育南城都汇小区,residential,商务住宅;住宅区;住宅小区,武侯区,104.047155,30.594289
南城都汇1期,residential,商务住宅;住宅区;住宅小区,武侯区,104.046916,30.59543
汇翠园南城都汇西南区,residential,商务住宅;住宅区;住宅小区,武侯区,104.045962,30.59507
南城都汇三A期,residential,商务住宅;住宅区;住宅区,武侯区,104.046396,30.59274
南城都汇汇曦园,residential,商务住宅;住宅区;住宅小区,武侯区,104.050079,30.597264
南城都汇,residential,商务住宅;住宅区;住宅小区,武侯区,104.051465,30.596454
汇智园南城都汇,residential,商务住宅;住宅区;住宅小区,武侯区,104.045543,30.592239
南城都汇三B期,residential,商务住宅;住宅区;住宅区,武侯区,104.050421,30.597793
南城都汇3期,residential,商务住宅;住宅区;住宅区,武侯区,104.046914,30.597922
南城都汇汇馨园,residential,商务住宅;住宅区;住宅小区,武侯区,104.046737,30.597993
南城都汇5A期汇晴园,residential,商务住宅;住宅区;住宅小区,武侯区,104.043663,30.594757
南城都汇汇雅园,residential,商务住宅;住宅区;住宅小区,武侯区,104.05014,30.599167
成都南城都汇汇尚园奇绘悦陶坊,residential,商务住宅;住宅区;住宅区,武侯区,104.053212,30.597508
时代·晶科名苑(益州大道北段),residential,商务住宅;住宅区;住宅小区,武侯区,104.059589,30.592539
南城都汇8期,residential,商务住宅;住宅区;住宅小区,武侯区,104.05485,30.595223
融城理想,residential,商务住宅;住宅区;住宅小区,武侯区,104.059321,30.598732
南城都汇四期·盛御,residential,商务住宅;住宅区;住宅小区,武侯区,104.054892,30.598301
南城都汇4期,residential,商务住宅;住宅区;住宅小区,武侯区,104.05485,30.598564
天府名居金沙江苑,residential,商务住宅;住宅区;住宅小区,武侯区,104.069287,30.59409
华敏·世家花园,residential,商务住宅;住宅区;住宅小区,武侯区,104.067914,30.592516
天府长城·图南多,residential,商务住宅;住宅区;住宅小区,武侯区,104.069412,30.596472
天府名居,residential,商务住宅;住宅区;住宅小区,武侯区,104.070169,30.592277
天府长城·嘉南地,residential,商务住宅;住宅区;住宅小区,武侯区,104.071521,30.5938
御府花都,residential,商务住宅;住宅区;住宅小区,武侯区,104.067959,30.597079
天府长城丽日清风,residential,商务住宅;住宅区;住宅小区,武侯区,104.071722,30.596274
五洲花园,residential,商务住宅;住宅区;住宅小区,武侯区,104.070399,30.598617
泛林格兰晴天,residential,商务住宅;住宅区;住宅小区,武侯区,104.069044,30.589819
礼顿山1号,residential,商务住宅;住宅区;住宅小区,武侯区,104.072859,30.589588
长城·半岛城邦(濯锦路),residential,商务住宅;住宅区;住宅小区,武侯区,104.076883,30.595438
长城·半岛城邦2期,residential,商务住宅;住宅区;住宅小区,武侯区,104.077432,30.596139
长城·半岛城邦Ⅱ,residential,商务住宅;住宅区;住宅小区,武侯区,104.076917,30.596431
南尚国际,residential,商务住宅;住宅区;住宅区,武侯区,104.075127,30.595559
火炬·动力港1期,residential,商务住宅;住宅区;住宅区,锦江区,104.082737,30.593596
长城·半岛城邦3期,residential,商务住宅;住宅区;住宅小区,武侯区,104.077205,30.598564
凯丽滨江花园,residential,商务住宅;住宅区;住宅小区,武侯区,104.073535,30.593544
天府长城·柏南郡,residential,商务住宅;住宅区;住宅小区,武侯区,104.074151,30.596796
泰和佳园,residential,商务住宅;住宅区;住宅小区,武侯区,104.073635,30.592165
博瑞麦迪亚,residential,商务住宅;住宅区;住宅区,锦江区,104.082244,30.589898
锦水花乡·蓝湾,residential,商务住宅;住宅区;住宅小区,锦江区,104.090833,30.592775
锦绣阳光,residential,商务住宅;住宅区;住宅小区,锦江区,104.09242,30.592285
中港·悦蓉府,residential,商务住宅;住宅区;住宅小区,锦江区,104.092072,30.591101
包江小区,residential,商务住宅;住宅区;住宅小区,锦江区,104.091509,30.58998
前进厂宿舍,residential,商务住宅;住宅区;住宅小区,锦江区,104.092916,30.590896
锦馨家园A区,residential,商务住宅;住宅区;住宅小区,锦江区,104.093487,30.590442
锦馨家园,residential,商务住宅;住宅区;住宅小区,锦江区,104.095488,30.590604
东晶丽苑,residential,商务住宅;住宅区;住宅小区,锦江区,104.097199,30.598898
锦鑫佳苑社区,residential,商务住宅;住宅区;住宅小区,锦江区,104.096719,30.591792
楠馨社区,residential,商务住宅;住宅区;住宅小区,锦江区,104.098245,30.591579
皇经嘉苑,residential,商务住宅;住宅区;住宅小区,锦江区,104.102563,30.599254
锦馨社区,residential,商务住宅;住宅区;住宅小区,锦江区,104.094052,30.590881
锦馨家园A区,residential,商务住宅;住宅区;住宅小区,锦江区,104.093487,30.590442
锦馨家园B区,residential,商务住宅;住宅区;住宅小区,锦江区,104.095559,30.59036
锦馨家园C区,residential,商务住宅;住宅区;住宅小区,锦江区,104.09604,30.590612
锦馨家园西区,residential,商务住宅;住宅区;住宅区,锦江区,104.093641,30.589962
锦馨社区D区(北门),residential,商务住宅;住宅区;住宅小区,锦江区,104.09794,30.591448
皇经嘉苑4栋,residential,商务住宅;住宅区;住宅区,锦江区,104.102408,30.598867
皇经嘉苑5栋,residential,商务住宅;住宅区;住宅区,锦江区,104.10164,30.599015
皇经楼,residential,商务住宅;住宅区;住宅小区,锦江区,104.105903,30.59347
皇经楼新居2期,residential,商务住宅;住宅区;住宅小区,锦江区,104.105522,30.595074
皇经楼新居1期,residential,商务住宅;住宅区;住宅小区,锦江区,104.105238,30.597015
皇经楼新居南区,residential,商务住宅;住宅区;住宅小区,锦江区,104.105713,30.593455
皇经楼新居3期,residential,商务住宅;住宅区;住宅区,锦江区,104.105737,30.593794
皇经楼新居1期88号,residential,商务住宅;住宅区;住宅小区,锦江区,104.10577,30.596222
皇经楼新居1期A区,residential,商务住宅;住宅区;住宅区,锦江区,104.105476,30.596548
锦城逸景B区,residential,商务住宅;住宅区;住宅小区,锦江区,104.11182,30.593469
锦城逸景C区,residential,商务住宅;住宅区;住宅小区,锦江区,104.11152,30.59535
锦城逸景,residential,商务住宅;住宅区;住宅小区,锦江区,104.111642,30.593468
锦城逸景A区,residential,商务住宅;住宅区;住宅小区,锦江区,104.111997,30.591419
棬五新居,residential,商务住宅;住宅区;住宅小区,锦江区,104.106195,30.589471
首创·娇子1号(建设中),residential,商务住宅;住宅区;住宅小区,锦江区,104.120765,30.598896
首创·娇子1号,residential,商务住宅;住宅区;住宅小区,锦江区,104.124463,30.598115
和祥瑞苑,residential,商务住宅;住宅区;住宅小区,锦江区,104.139307,30.596105
华都·美林湾,residential,商务住宅;住宅区;住宅小区,锦江区,104.136987,30.592381
栀子街社区,residential,商务住宅;住宅区;住宅小区,锦江区,104.139319,30.592087
紫郡卓锦城6,residential,商务住宅;住宅区;住宅小区,锦江区,104.137325,30.597749
卓锦城6期紫郡,residential,商务住宅;住宅区;住宅小区,锦江区,104.137323,30.597949
合能·锦城,residential,商务住宅;住宅区;住宅小区,锦江区,104.139634,30.597984
东景家园,residential,商务住宅;住宅区;住宅小区,锦江区,104.139661,30.590836
卓锦城六期紫红双郡,residential,商务住宅;住宅区;住宅小区,锦江区,104.137113,30.59809
红郡卓锦城,residential,商务住宅;住宅区;住宅小区,锦江区,104.135911,30.597597
卓锦城六期红郡,residential,商务住宅;住宅区;住宅小区,锦江区,104.135182,30.597324
卓锦城紫郡,residential,商务住宅;住宅区;住宅小区,锦江区,104.136884,30.598906
锦江城市花园,residential,商务住宅;住宅区;住宅小区,锦江区,104.142572,30.598574
城市花园(2期东南门店),residential,商务住宅;住宅区;住宅小区,锦江区,104.14336,30.598149
华熙·528艺术村,residential,商务住宅;住宅区;住宅小区,锦江区,104.143479,30.590736
华熙艺术村悦都,residential,商务住宅;住宅区;住宅小区,锦江区,104.147222,30.598375
华熙艺术村盈都,residential,商务住宅;住宅区;住宅小区,锦江区,104.146182,30.597046
俊发park公馆,residential,商务住宅;住宅区;住宅小区,锦江区,104.15313,30.593015
华熙艺术村锦郡,residential,商务住宅;住宅区;住宅小区,锦江区,104.144769,30.594325
俊发·星雅俊园,residential,商务住宅;住宅区;住宅小区,锦江区,104.151714,30.592866
银木佳苑,residential,商务住宅;住宅区;住宅小区,锦江区,104.146931,30.59248
人居东御佲家,residential,商务住宅;住宅区;住宅小区,锦江区,104.148979,30.594537
锦和康城和贵苑,residential,商务住宅;住宅区;住宅区,锦江区,104.167593,30.592642
盛世佳源,residential,商务住宅;住宅区;住宅小区,武侯区,103.967025,30.580121
绪安公寓,residential,商务住宅;住宅区;住宅区,武侯区,103.972506,30.585442
月亮湾,residential,商务住宅;住宅区;住宅小区|体育休闲服务;休闲场所;休闲场所,武侯区,104.001476,30.589459
三元社区,residential,商务住宅;住宅区;住宅小区,武侯区,104.028155,30.585366
仁和街148号院,residential,商务住宅;住宅区;住宅小区,武侯区,104.027777,30.585173
三元社区东区,residential,商务住宅;住宅区;住宅小区,武侯区,104.028038,30.583174
新南2期,residential,商务住宅;住宅区;住宅小区,武侯区,104.02662,30.584647
三元社区西区,residential,商务住宅;住宅区;住宅小区,武侯区,104.026371,30.583765
新街社区,residential,商务住宅;住宅区;住宅小区,武侯区,104.031113,30.584927
新南小区1期,residential,商务住宅;住宅区;住宅区,武侯区,104.030944,30.583418
新街社区南区,residential,商务住宅;住宅区;住宅小区,武侯区,104.030171,30.58255
新南1期B区,residential,商务住宅;住宅区;住宅区,武侯区,104.031607,30.586026
新街社区东区,residential,商务住宅;住宅区;住宅区,武侯区,104.030952,30.582113
新南小区A区,residential,商务住宅;住宅区;住宅区,武侯区,104.03207,30.586184
新街社区北区,residential,商务住宅;住宅区;住宅小区,武侯区,104.031869,30.586839
新南1期A区,residential,商务住宅;住宅区;住宅区,武侯区,104.032952,30.587031
惠风和苑,residential,商务住宅;住宅区;住宅小区,武侯区,104.032461,30.58818
国防家苑,residential,商务住宅;住宅区;住宅小区,武侯区,104.036756,30.588957
新南小区(民丰大道西段),residential,商务住宅;住宅区;住宅小区,武侯区,104.034519,30.581027
新南4期,residential,商务住宅;住宅区;住宅小区,武侯区,104.033611,30.582345
锦晖苑,residential,商务住宅;住宅区;住宅小区,武侯区,104.042945,30.588202
中大·文儒德B区,residential,商务住宅;住宅区;住宅小区,武侯区,104.043036,30.580636
保利·锦湖林语北区,residential,商务住宅;住宅区;住宅小区,武侯区,104.038974,30.582487
后羊街道新南社区,residential,商务住宅;住宅区;住宅小区,武侯区,104.03447,30.581355
金房大榕湾,residential,商务住宅;住宅区;住宅小区,武侯区,104.041105,30.588006
亿佳苑,residential,商务住宅;住宅区;住宅区,武侯区,104.034648,30.581118
中海·城南华府,residential,商务住宅;住宅区;住宅小区,武侯区,104.049854,30.582807
成都中天盈誉峰,residential,商务住宅;住宅区;住宅小区,武侯区,104.049482,30.586798
誉峰合景,residential,商务住宅;住宅区;住宅小区,武侯区,104.049642,30.586793
中海·九号公馆,residential,商务住宅;住宅区;住宅小区,武侯区,104.045956,30.582815
润富国际花园,residential,商务住宅;住宅区;住宅小区,武侯区,104.04594,30.586305
中海·九号天地,residential,商务住宅;住宅区;住宅小区,武侯区,104.053134,30.58458
仁和春天国际花园(锦晖西二街),residential,商务住宅;住宅区;住宅小区,武侯区,104.050444,30.588685
仁和春天国际广场,residential,商务住宅;住宅区;住宅小区,武侯区,104.049888,30.589243
天荟,residential,商务住宅;住宅区;住宅小区,武侯区,104.058609,30.583051
誉峰2期,residential,商务住宅;住宅区;住宅区,武侯区,104.056157,30.58724
成都汇巢别墅设计机构,residential,商务住宅;住宅区;住宅区,武侯区,104.057876,30.587955
誉峰国际中心,residential,商务住宅;住宅区;住宅小区,武侯区,104.054772,30.586457
中海·城南1号,residential,商务住宅;住宅区;住宅小区,武侯区,104.05459,30.582515
南苑1期,residential,商务住宅;住宅区;住宅区,武侯区,104.055203,30.580886
高盛公馆(丽都国际中心南),residential,商务住宅;住宅区;住宅小区,武侯区,104.060202,30.579927
奥克斯宽庭3号,residential,商务住宅;住宅区;住宅区,武侯区,104.058805,30.579521
奥克斯宽庭6号,residential,商务住宅;住宅区;住宅区,武侯区,104.058077,30.579522
奥克斯宽庭7号,residential,商务住宅;住宅区;住宅区,武侯区,104.058426,30.579488
奥克斯宽庭4号,residential,商务住宅;住宅区;住宅区,武侯区,104.059294,30.579529
高盛公馆(蜀锦路),residential,商务住宅;住宅区;住宅小区,武侯区,104.06116,30.579934
奥克斯宽庭10号,residential,商务住宅;住宅区;住宅区,武侯区,104.060192,30.579587
奥克斯宽庭11号,residential,商务住宅;住宅区;住宅区,武侯区,104.060831,30.579509
南苑A区,residential,商务住宅;住宅区;住宅小区,武侯区,104.054965,30.57978
南苑一区小区,residential,商务住宅;住宅区;住宅小区,武侯区,104.053998,30.580011
成都银泰中心华悦府,residential,商务住宅;住宅区;住宅小区,武侯区,104.066551,30.585945
包江桥社区,residential,商务住宅;住宅区;住宅小区,锦江区,104.091666,30.588417
锦华路三段379号院,residential,商务住宅;住宅区;住宅小区,锦江区,104.092809,30.586872
蓝润·锦江春天,residential,商务住宅;住宅区;住宅小区,锦江区,104.149859,30.584573
绿岛筑,residential,商务住宅;住宅区;住宅小区,锦江区,104.147705,30.585666
吉祥佳苑,residential,商务住宅;住宅区;住宅小区,锦江区,104.149262,30.589444
绿岛(四川大学华西第二医院锦江院区东南),residential,商务住宅;住宅区;住宅小区,锦江区,104.148068,30.584759
蓝润·锦江春天1期,residential,商务住宅;住宅区;住宅区,锦江区,104.150091,30.584668
红砂联合一组325号,residential,商务住宅;住宅区;住宅区,锦江区,104.159621,30.586677
红砂联合三组23号,residential,商务住宅;住宅区;住宅区,锦江区,104.156439,30.583866
红砂联合三组74号,residential,商务住宅;住宅区;住宅区,锦江区,104.155782,30.584236
