name,category,type,district,wgs_lng,wgs_lat
卡奇乐儿童益智乐园,sports,体育休闲服务;休闲场所;游乐场,金牛区,103.97358,30.734008
高新皇冠假日酒店水之韵酒吧,sports,体育休闲服务;娱乐场所;酒吧,金牛区,103.971384,30.73096
成都高新皇冠假日酒店-棋牌室,sports,体育休闲服务;娱乐场所;棋牌室,金牛区,103.971674,30.731028
红鹤园,sports,体育休闲服务;度假疗养场所;疗养院,金牛区,103.998201,30.732153
欣悦网吧(全兴路),sports,体育休闲服务;娱乐场所;网吧,金牛区,104.001292,30.736057
秘地KTV,sports,体育休闲服务;娱乐场所;KTV,金牛区,104.007273,30.738628
动感地带网络会所(盛兴路),sports,体育休闲服务;娱乐场所;网吧,金牛区,104.008024,30.733714
英豪搏击,sports,体育休闲服务;运动场馆;运动场所,金牛区,104.013217,30.732232
光年网咖(动感地带店),sports,体育休闲服务;娱乐场所;网吧,金牛区,104.00813,30.733381
云云网吧(盛兴路),sports,体育休闲服务;娱乐场所;网吧,金牛区,104.010823,30.733678
沙西佳园,sports,体育休闲服务;休闲场所;休闲场所,金牛区,104.011655,30.739462
西华街道兴盛世家社区老年活动中心,sports,体育休闲服务;休闲场所;休闲场所,金牛区,104.007401,30.734417
情深网吧(盛兴路),sports,体育休闲服务;娱乐场所;网吧,金牛区,104.014355,30.73553
荷花山庄(西门),sports,通行设施;临街院门;临街院门|体育休闲服务;休闲场所;休闲场所,金牛区,104.015649,30.73944
金牛西华欢乐谷,sports,体育休闲服务;休闲场所;游乐场,金牛区,104.026438,30.732206
上河居度假村(府河静园南),sports,体育休闲服务;度假疗养场所;度假村,金牛区,104.028446,30.734202
蓝客车网络会所,sports,体育休闲服务;体育休闲服务场所;体育休闲服务场所,金牛区,104.026436,30.733226
社稷网咖,sports,体育休闲服务;娱乐场所;网吧,金牛区,104.029267,30.73175
府河新居社区日间照料中心,sports,体育休闲服务;度假疗养场所;疗养院,金牛区,104.029196,30.730391
星城网络会所,sports,体育休闲服务;娱乐场所;网吧,金牛区,104.026724,30.733188
灯火阑珊网吧,sports,体育休闲服务;娱乐场所;网吧,金牛区,104.024245,30.731237
时空引擎网吧连锁,sports,体育休闲服务;娱乐场所;网吧,金牛区,104.033289,30.73804
梵之旅瑜伽(府河星城店),sports,体育休闲服务;运动场馆;健身中心,金牛区,104.024484,30.731375
上善道馆(上善道馆府河店),sports,体育休闲服务;运动场馆;健身中心,金牛区,104.02884,30.730341
迷尚虫虫叮网络(府河星城店),sports,体育休闲服务;娱乐场所;网吧,金牛区,104.026058,30.732803
靖地度假俱乐部,sports,体育休闲服务;体育休闲服务场所;体育休闲服务场所,金牛区,104.037552,30.738435
省建二公司老年活动中心,sports,体育休闲服务;休闲场所;休闲场所,金牛区,104.041023,30.732602
必好情苑网吧,sports,体育休闲服务;娱乐场所;网吧,金牛区,104.041218,30.739064
丽泉休闲庄,sports,住宿服务;宾馆酒店;宾馆酒店|体育休闲服务;休闲场所;休闲场所,金牛区,104.059623,30.733092
天美网吧(嘉源店),sports,体育休闲服务;娱乐场所;网吧,金牛区,104.056103,30.733848
七鑫网咖,sports,体育休闲服务;娱乐场所;网吧,金牛区,104.059628,30.733071
泉水叮当网络驿站,sports,体育休闲服务;娱乐场所;网吧,金牛区,104.057005,30.730707
专业施工运动场地,sports,体育休闲服务;体育休闲服务场所;体育休闲服务场所,金牛区,104.062261,30.737211
七鑫网络会所,sports,体育休闲服务;娱乐场所;网吧,金牛区,104.059551,30.733098
哆啦6号KTV娱乐会所,sports,体育休闲服务;娱乐场所;KTV,金牛区,104.059625,30.733165
金牛区老年协会枯丰园活动中心,sports,体育休闲服务;娱乐场所;娱乐场所,金牛区,104.075728,30.732797
四川省总工会成都工人疗养院,sports,体育休闲服务;度假疗养场所;疗养院,成华区,104.111987,30.731123
海韵网吧(蜀陵路),sports,体育休闲服务;娱乐场所;网吧,成华区,104.109807,30.731109
艾特网吧(蓉都大道将军碑路辅路),sports,体育休闲服务;娱乐场所;网吧,金牛区,104.107482,30.731967
钟哥麻将馆,sports,体育休闲服务;娱乐场所;棋牌室,金牛区,104.107882,30.735448
四川道盟跆拳道成都馆,sports,体育休闲服务;运动场馆;运动场所,成华区,104.11592,30.73325
遐龄居颐养园,sports,体育休闲服务;度假疗养场所;疗养院,成华区,104.138547,30.734649
陈氏太极馆,sports,体育休闲服务;体育休闲服务场所;体育休闲服务场所,成华区,104.138281,30.734757
成都大熊猫繁育研究基地熊猫魅力剧场,sports,风景名胜;风景名胜;国家级景点|体育休闲服务;影剧院;剧场,成华区,104.140212,30.738079
精英团真人cs,sports,体育休闲服务;休闲场所;休闲场所,金牛区,103.968793,30.721638
成都精英团野外拓展训练俱乐部,sports,体育休闲服务;体育休闲服务场所;体育休闲服务场所,金牛区,103.968395,30.719903
天乾健身(中海店),sports,体育休闲服务;运动场馆;健身中心,金牛区,103.974582,30.721878
麦田量贩KTV(中海店),sports,体育休闲服务;娱乐场所;KTV,金牛区,103.976675,30.726281
太平洋影城(蜀西店),sports,体育休闲服务;影剧院;电影院,金牛区,103.976948,30.72492
成都007足球俱乐部,sports,体育休闲服务;运动场馆;足球场,金牛区,103.98181,30.723264
灯光足球场,sports,体育休闲服务;运动场馆;足球场,金牛区,103.977758,30.72518
MU Pub,sports,体育休闲服务;娱乐场所;酒吧,金牛区,103.976528,30.726129
崇孝养老机构(汇川街),sports,体育休闲服务;度假疗养场所;疗养院,金牛区,103.977348,30.724058
谁家酒吧,sports,体育休闲服务;娱乐场所;酒吧,金牛区,103.977551,30.724578
动力核心,sports,体育休闲服务;运动场馆;运动场所,金牛区,103.977396,30.725457
开元盛世网络会所,sports,体育休闲服务;娱乐场所;网吧,金牛区,103.977302,30.725268
公元网络会所(开元盛世店),sports,体育休闲服务;娱乐场所;网吧,金牛区,103.97719,30.725076
清韵瑜伽舞蹈会所,sports,体育休闲服务;运动场馆;健身中心,金牛区,103.979966,30.722899
婵院瑜伽(中海国际店),sports,体育休闲服务;运动场馆;健身中心,金牛区,103.976594,30.724115
mnpub酒吧,sports,体育休闲服务;娱乐场所;酒吧,金牛区,103.976388,30.726227
Body Boom,sports,体育休闲服务;运动场馆;健身中心,金牛区,103.978781,30.723838
净鑫高温瑜伽会馆,sports,体育休闲服务;运动场馆;健身中心,金牛区,103.979499,30.722921
圣元网吧,sports,体育休闲服务;娱乐场所;网吧,金牛区,103.977466,30.724803
雪域缘网咖,sports,体育休闲服务;娱乐场所;网吧,金牛区,103.977927,30.724155
真人野战CS,sports,体育休闲服务;体育休闲服务场所;体育休闲服务场所,金牛区,103.979462,30.724605
动力雄健身房(中海店),sports,体育休闲服务;运动场馆;健身中心,金牛区,103.978801,30.723855
海帆亲子游泳俱乐部(中海国际店),sports,体育休闲服务;体育休闲服务场所;体育休闲服务场所,金牛区,103.9788,30.723888
成都动力雄健身中心(中海店),sports,体育休闲服务;运动场馆;健身中心,金牛区,103.97745,30.725409
假面先生密室逃脱(中海国际店),sports,体育休闲服务;娱乐场所;娱乐场所,金牛区,103.978683,30.724228
麦克星球儿童创客空间,sports,体育休闲服务;体育休闲服务场所;体育休闲服务场所,金牛区,103.978759,30.722891
菲动儿童武道体能中心,sports,体育休闲服务;体育休闲服务场所;体育休闲服务场所,金牛区,103.979994,30.722902
嘉汇天地公园网吧,sports,体育休闲服务;娱乐场所;网吧,金牛区,103.977469,30.725329
中国红青少年体育俱乐部,sports,体育休闲服务;体育休闲服务场所;体育休闲服务场所,金牛区,103.979314,30.72316
四宿天元会所,sports,体育休闲服务;娱乐场所;娱乐场所,金牛区,103.988183,30.721307
鸿运庄游泳池,sports,体育休闲服务;运动场馆;游泳馆,金牛区,103.988021,30.722721
四宿天元,sports,体育休闲服务;娱乐场所;娱乐场所,金牛区,103.988261,30.720949
大道客厅,sports,体育休闲服务;娱乐场所;娱乐场所,金牛区,103.988742,30.729122
官渡度假村,sports,体育休闲服务;度假疗养场所;度假村,金牛区,103.986711,30.725211
正成拉斐游泳池,sports,体育休闲服务;运动场馆;游泳馆,金牛区,103.995555,30.722081
云轩商务会所,sports,体育休闲服务;休闲场所;休闲场所,金牛区,104.00111,30.721592
绿色阳台,sports,通行设施;临街院门;临街院正门|体育休闲服务;休闲场所;休闲场所,金牛区,104.012514,30.727943
铸信羽毛球俱乐部,sports,体育休闲服务;运动场馆;羽毛球场,金牛区,104.009405,30.720373
四川青年艺术剧院,sports,体育休闲服务;影剧院;剧场,金牛区,104.020945,30.721471
东方会所,sports,体育休闲服务;休闲场所;休闲场所|住宿服务;住宿服务相关;住宿服务相关,金牛区,104.019016,30.727275
浪达浪,sports,体育休闲服务;休闲场所;休闲场所,金牛区,104.015023,30.720877
成都欢乐谷,sports,体育休闲服务;休闲场所;游乐场,金牛区,104.03218,30.723347
成都欢乐谷(3号门),sports,体育休闲服务;休闲场所;游乐场|通行设施;临街院门;临街院门,金牛区,104.029643,30.720752
华侨城大剧院,sports,体育休闲服务;影剧院;剧场,金牛区,104.032084,30.721924
华侨城高尔夫会所,sports,体育休闲服务;高尔夫相关;高尔夫球场,金牛区,104.027321,30.725787
欧风街4D影院,sports,体育休闲服务;影剧院;电影院,金牛区,104.030529,30.722795
天旋地转,sports,体育休闲服务;休闲场所;游乐场,金牛区,104.032406,30.725488
魔幻剧场,sports,体育休闲服务;影剧院;剧场,金牛区,104.029662,30.724971
幽灵古堡,sports,体育休闲服务;休闲场所;游乐场,金牛区,104.030986,30.722866
欢乐转马,sports,体育休闲服务;休闲场所;游乐场,金牛区,104.033168,30.724076
疯狂老鼠,sports,体育休闲服务;休闲场所;游乐场,金牛区,104.029137,30.725367
森林剧场,sports,体育休闲服务;影剧院;剧场,金牛区,104.031554,30.726072
抓壮丁剧场,sports,体育休闲服务;影剧院;剧场,金牛区,104.031959,30.728578
魔幻城堡,sports,体育休闲服务;休闲场所;游乐场,金牛区,104.029944,30.725239
金沙探险,sports,体育休闲服务;休闲场所;游乐场,金牛区,104.030797,30.723514
天地双雄,sports,体育休闲服务;休闲场所;游乐场,金牛区,104.033067,30.724214
遥控船,sports,体育休闲服务;休闲场所;游乐场,金牛区,104.033167,30.724666
小火车,sports,体育休闲服务;休闲场所;游乐场,金牛区,104.028655,30.725105
欢乐水炮,sports,体育休闲服务;休闲场所;游乐场,金牛区,104.031178,30.72733
冰雪世界,sports,体育休闲服务;休闲场所;游乐场,金牛区,104.031156,30.728231
十拿九稳,sports,体育休闲服务;休闲场所;游乐场,金牛区,104.029406,30.725489
飞跃地中海,sports,体育休闲服务;休闲场所;游乐场,金牛区,104.030125,30.7233
欢乐使者,sports,体育休闲服务;休闲场所;游乐场,金牛区,104.032677,30.722852
酷宝王国儿童乐园,sports,体育休闲服务;休闲场所;游乐场,金牛区,104.031272,30.720855
极速空间站,sports,体育休闲服务;休闲场所;游乐场|体育休闲服务;运动场馆;运动场所,金牛区,104.033571,30.721447
能量风暴,sports,体育休闲服务;休闲场所;游乐场,金牛区,104.033565,30.724349
转转杯,sports,体育休闲服务;休闲场所;游乐场,金牛区,104.030526,30.724833
疯狂巴士,sports,体育休闲服务;休闲场所;游乐场,金牛区,104.028709,30.725353
北极探险,sports,体育休闲服务;休闲场所;游乐场,金牛区,104.029923,30.724884
水上舞台,sports,体育休闲服务;休闲场所;游乐场,金牛区,104.032074,30.723483
成都欢乐谷(西北门),sports,体育休闲服务;休闲场所;游乐场|通行设施;临街院门;临街院门,金牛区,104.029703,30.726954
巴蜀迷情展演,sports,体育休闲服务;休闲场所;游乐场|体育休闲服务;娱乐场所;娱乐场所,金牛区,104.031884,30.727971
渔猎漂流,sports,体育休闲服务;休闲场所;游乐场,金牛区,104.030739,30.727454
泡球战场,sports,体育休闲服务;休闲场所;游乐场,金牛区,104.029629,30.725189
弓箭手,sports,体育休闲服务;休闲场所;游乐场,金牛区,104.031684,30.728522
桑巴气球,sports,体育休闲服务;休闲场所;游乐场,金牛区,104.028645,30.725314
极限运动,sports,体育休闲服务;休闲场所;游乐场,金牛区,104.030134,30.72375
古墓奇遇,sports,体育休闲服务;休闲场所;游乐场,金牛区,104.031899,30.728083
加勒比水上舞台,sports,体育休闲服务;休闲场所;游乐场,金牛区,104.033343,30.726615
趣味游戏,sports,体育休闲服务;休闲场所;游乐场,金牛区,104.028341,30.724109
趣味游戏,sports,体育休闲服务;休闲场所;游乐场,金牛区,104.031613,30.728318
星际飞翔,sports,体育休闲服务;休闲场所;游乐场,金牛区,104.028399,30.725114
到此一游,sports,体育休闲服务;休闲场所;游乐场,金牛区,104.029506,30.725079
成都欢乐谷卡通迎宾,sports,体育休闲服务;休闲场所;游乐场,金牛区,104.032116,30.722772
高空杂技,sports,体育休闲服务;休闲场所;游乐场,金牛区,104.033527,30.724525
多米诺水屋,sports,体育休闲服务;休闲场所;游乐场,金牛区,104.032802,30.725727
飓风滑道,sports,体育休闲服务;休闲场所;游乐场,金牛区,104.033137,30.727558
南美风情,sports,体育休闲服务;休闲场所;游乐场,金牛区,104.032602,30.726688
逍遥车,sports,体育休闲服务;休闲场所;游乐场,金牛区,104.031527,30.722631
3D幽灵城堡,sports,体育休闲服务;休闲场所;游乐场,金牛区,104.031185,30.722904
冒险鸭,sports,体育休闲服务;休闲场所;游乐场,金牛区,104.031447,30.722963
巴蜀烽云射击场,sports,体育休闲服务;休闲场所;游乐场,金牛区,104.032014,30.727884
魔豆小镇亲子游乐园,sports,体育休闲服务;休闲场所;游乐场,金牛区,104.030519,30.720975
日晷迷旋,sports,体育休闲服务;休闲场所;游乐场,金牛区,104.03099,30.727973
水陆攻战,sports,体育休闲服务;休闲场所;游乐场,金牛区,104.031461,30.72826
飞行岛,sports,体育休闲服务;休闲场所;游乐场,金牛区,104.032227,30.724944
成都欢乐谷(北门),sports,体育休闲服务;休闲场所;游乐场|通行设施;临街院门;临街院门,金牛区,104.028301,30.724632
鸟笼,sports,体育休闲服务;休闲场所;游乐场,金牛区,104.031215,30.725599
转转马,sports,体育休闲服务;休闲场所;游乐场,金牛区,104.030266,30.724733
互动剧场,sports,体育休闲服务;影剧院;剧场,金牛区,104.028736,30.725427
麦鲁小城儿童职业体验乐园(欢乐谷店),sports,体育休闲服务;休闲场所;游乐场,金牛区,104.030596,30.720894
DISK'O',sports,体育休闲服务;休闲场所;游乐场,金牛区,104.033545,30.724341
撸一吧网咖,sports,体育休闲服务;娱乐场所;网吧,金牛区,104.027156,30.729182
KAKA汽车,sports,体育休闲服务;休闲场所;游乐场,金牛区,104.028376,30.72516
神树天梯,sports,体育休闲服务;休闲场所;游乐场,金牛区,104.031392,30.728136
武道联盟,sports,体育休闲服务;运动场馆;运动场所|科教文化服务;培训机构;培训机构,金牛区,104.027422,30.729355
深海探奇,sports,体育休闲服务;体育休闲服务场所;体育休闲服务场所,金牛区,104.028404,30.724381
稻草人农家乐,sports,体育休闲服务;休闲场所;休闲场所,金牛区,104.023668,30.727359
鹰凡高尔夫俱乐部,sports,体育休闲服务;高尔夫相关;高尔夫球场,金牛区,104.026859,30.725525
加勒比风暴,sports,体育休闲服务;休闲场所;游乐场,金牛区,104.033059,30.725551
华侨城儿童生活馆,sports,体育休闲服务;休闲场所;游乐场,金牛区,104.030976,30.721141
迷情别院,sports,体育休闲服务;娱乐场所;娱乐场所,金牛区,104.03068,30.727921
高空表演场,sports,体育休闲服务;娱乐场所;娱乐场所,金牛区,104.033329,30.724859
DJI大疆无人机(欢乐谷体验店),sports,体育休闲服务;娱乐场所;娱乐场所,金牛区,104.029453,30.723166
阳光海滩,sports,体育休闲服务;休闲场所;游乐场,金牛区,104.033077,30.726507
正天影城(华侨城店),sports,体育休闲服务;影剧院;电影院,金牛区,104.033967,30.721361
大摆锤,sports,体育休闲服务;休闲场所;游乐场,金牛区,104.03383,30.724448
欢乐剧场,sports,体育休闲服务;影剧院;剧场,金牛区,104.033871,30.723692
霹雳火,sports,体育休闲服务;休闲场所;游乐场,金牛区,104.033688,30.724224
碰碰车,sports,体育休闲服务;休闲场所;游乐场,金牛区,104.034144,30.724139
FF纯K.PARTY,sports,体育休闲服务;娱乐场所;KTV,金牛区,104.035842,30.722439
幽灵惊魂,sports,体育休闲服务;休闲场所;游乐场,金牛区,104.034388,30.724251
旋转飞椅,sports,体育休闲服务;休闲场所;游乐场,金牛区,104.033699,30.723879
神枪手,sports,体育休闲服务;休闲场所;游乐场,金牛区,104.033983,30.724347
欢乐时光,sports,体育休闲服务;休闲场所;游乐场,金牛区,104.033902,30.724751
巨蟒滑道,sports,体育休闲服务;休闲场所;游乐场,金牛区,104.035522,30.725556
龙卷风,sports,体育休闲服务;休闲场所;游乐场,金牛区,104.034078,30.725772
水上DISCO,sports,体育休闲服务;休闲场所;游乐场,金牛区,104.034752,30.72613
临水雅园,sports,餐饮服务;中餐厅;特色/地方风味餐厅|体育休闲服务;休闲场所;休闲场所,金牛区,104.043327,30.726222
金府量贩KTV,sports,体育休闲服务;娱乐场所;KTV,金牛区,104.041367,30.719416
异度空间,sports,体育休闲服务;娱乐场所;娱乐场所,金牛区,104.034138,30.724495
盖尔森国际击剑中心,sports,体育休闲服务;运动场馆;运动场所,金牛区,104.037068,30.724067
华侨城网球中心,sports,体育休闲服务;运动场馆;网球场,金牛区,104.035341,30.725277
华美达国际俱乐部,sports,体育休闲服务;娱乐场所;娱乐场所,金牛区,104.041293,30.719639
群雄娱乐竞技中心,sports,体育休闲服务;娱乐场所;游戏厅,金牛区,104.033795,30.72202
非凡KTV(北三环路一段辅路),sports,体育休闲服务;娱乐场所;KTV,金牛区,104.036304,30.722886
西丰网吧,sports,体育休闲服务;娱乐场所;网吧,金牛区,104.052949,30.724984
森林网吧,sports,体育休闲服务;娱乐场所;网吧,金牛区,104.05258,30.725006
红房子农家乐,sports,体育休闲服务;休闲场所;休闲场所,金牛区,104.046311,30.719415
众横时代网吧,sports,体育休闲服务;娱乐场所;网吧,金牛区,104.049178,30.726619
政通路社区老年活动中心,sports,体育休闲服务;休闲场所;休闲场所,金牛区,104.048809,30.727653
杨柳新屯小区网吧,sports,体育休闲服务;娱乐场所;网吧,金牛区,104.047018,30.726799
纵横时代网吧,sports,体育休闲服务;娱乐场所;网吧,金牛区,104.049161,30.726542
汇龙の网吧,sports,体育休闲服务;娱乐场所;网吧,金牛区,104.05963,30.725224
残之缘网吧,sports,体育休闲服务;娱乐场所;网吧,金牛区,104.056613,30.724031
浩丰网吧,sports,体育休闲服务;娱乐场所;网吧,金牛区,104.059413,30.724091
泉水辖区老年活动中心,sports,体育休闲服务;休闲场所;休闲场所,金牛区,104.060603,30.725332
天然居,sports,体育休闲服务;娱乐场所;棋牌室,金牛区,104.062129,30.729007
汉唐战车网城,sports,体育休闲服务;娱乐场所;网吧,金牛区,104.055709,30.724192
星空鑫铉宇网吧,sports,体育休闲服务;娱乐场所;网吧,金牛区,104.067129,30.720187
旻轩网吧,sports,体育休闲服务;娱乐场所;网吧,金牛区,104.065691,30.7231
北港网络会所(三九·绿城北),sports,体育休闲服务;娱乐场所;网吧,金牛区,104.06641,30.722506
午逅网咖,sports,体育休闲服务;娱乐场所;网吧,金牛区,104.075153,30.723195
名流网咖,sports,体育休闲服务;娱乐场所;网吧,金牛区,104.075153,30.723195
凤凰绿茵足球俱乐部,sports,体育休闲服务;运动场馆;足球场,成华区,104.089718,30.722841
兄弟网吧,sports,体育休闲服务;娱乐场所;网吧,金牛区,104.100116,30.728967
百乐门,sports,体育休闲服务;体育休闲服务场所;体育休闲服务场所,成华区,104.109321,30.724794
喜梦宝,sports,体育休闲服务;休闲场所;游乐场,成华区,104.108086,30.72196
巴克庄园,sports,体育休闲服务;体育休闲服务场所;体育休闲服务场所,成华区,104.106296,30.722425
卡佩王朝,sports,体育休闲服务;体育休闲服务场所;体育休闲服务场所,成华区,104.108075,30.722895
白莲三队疗养院,sports,体育休闲服务;度假疗养场所;疗养院,成华区,104.111161,30.727024
鑫达俱乐部,sports,体育休闲服务;体育休闲服务场所;体育休闲服务场所,成华区,104.122924,30.724454
银鸽湾生态休闲庄,sports,体育休闲服务;休闲场所;休闲场所,成华区,104.126246,30.725452
一里轩,sports,体育休闲服务;休闲场所;休闲场所,成华区,104.133187,30.727013
飞翔鸟网吧(熊猫大道),sports,体育休闲服务;娱乐场所;网吧,成华区,104.123742,30.724435
丽景茗苑,sports,体育休闲服务;休闲场所;休闲场所,成华区,104.13183,30.726896
两河水郡,sports,体育休闲服务;度假疗养场所;度假村,成华区,104.131929,30.721264
沁园村美食山庄,sports,体育休闲服务;休闲场所;休闲场所,成华区,104.131084,30.725323
东和苑,sports,体育休闲服务;休闲场所;休闲场所,成华区,104.162845,30.722318
熊猫体育公园-小球综合馆,sports,体育休闲服务;运动场馆;运动场所,成华区,104.169176,30.723585
嗨童亲子儿童乐园,sports,体育休闲服务;休闲场所;游乐场,成华区,104.165437,30.719512
桂花林休闲庄,sports,体育休闲服务;休闲场所;休闲场所,成华区,104.175412,30.722779
黄泥巴生态园,sports,体育休闲服务;休闲场所;采摘园,成华区,104.180336,30.72009
小河流水休闲庄,sports,体育休闲服务;休闲场所;休闲场所,金牛区,103.965048,30.716218
成都市棕榈体育发展有限公司,sports,体育休闲服务;高尔夫相关;高尔夫练习场,金牛区,103.973251,30.719338
棕榈高尔夫练习场,sports,体育休闲服务;高尔夫相关;高尔夫练习场,金牛区,103.97293,30.719355
惠民网大院,sports,体育休闲服务;体育休闲服务场所;体育休闲服务场所,金牛区,103.964487,30.718549
静点明苑休闲,sports,体育休闲服务;体育休闲服务场所;体育休闲服务场所,金牛区,103.976738,30.710536
博越足球俱乐部,sports,体育休闲服务;运动场馆;足球场,金牛区,103.981569,30.711596
网居网吧,sports,体育休闲服务;娱乐场所;网吧,金牛区,103.979823,30.710219
梦之翼音乐啤酒创意体验馆,sports,体育休闲服务;娱乐场所;酒吧,金牛区,103.978657,30.709643
龙湖·源著(两河西三路),sports,商务住宅;住宅区;住宅小区|体育休闲服务;休闲场所;休闲场所,金牛区,103.977925,30.716101
兄弟联盟网吧(两河西三路),sports,体育休闲服务;娱乐场所;网吧,金牛区,103.978757,30.718006
鑫月KTV,sports,体育休闲服务;娱乐场所;KTV,金牛区,103.977478,30.709712
瑞河酒店-棋牌室,sports,体育休闲服务;娱乐场所;棋牌室,金牛区,103.976897,30.710504
舍得会馆,sports,体育休闲服务;休闲场所;休闲场所,金牛区,103.976645,30.709619
西线阳光游泳池,sports,体育休闲服务;运动场馆;游泳馆,金牛区,103.992025,30.713434
七彩糖果儿童乐园,sports,体育休闲服务;休闲场所;游乐场,金牛区,103.990061,30.712537
当红不让KTV,sports,体育休闲服务;娱乐场所;KTV,金牛区,103.991414,30.71139
极帝网络会所,sports,体育休闲服务;娱乐场所;网吧,金牛区,103.991093,30.710882
金科苑网吧,sports,体育休闲服务;娱乐场所;网吧,金牛区,103.986081,30.712698
黄金竹园山庄,sports,体育休闲服务;度假疗养场所;度假村,金牛区,103.990467,30.712958
宾贝特健身会所(黄金东一路),sports,体育休闲服务;运动场馆;健身中心,金牛区,103.991397,30.711224
震武拳馆(震武文化交流中心),sports,体育休闲服务;体育休闲服务场所;体育休闲服务场所,金牛区,103.988214,30.717878
善菩瑜伽,sports,体育休闲服务;运动场馆;健身中心,金牛区,103.989989,30.710412
西元网咖,sports,体育休闲服务;娱乐场所;网吧,金牛区,103.991397,30.711224
华歆网络,sports,体育休闲服务;娱乐场所;网吧,金牛区,103.989986,30.711464
万裕电竞,sports,体育休闲服务;娱乐场所;游戏厅,金牛区,103.990978,30.711554
梵希瑜珈,sports,体育休闲服务;运动场馆;健身中心,金牛区,103.989262,30.710097
兴隆网吧(民居路),sports,体育休闲服务;娱乐场所;网吧,金牛区,103.999383,30.713201
颐景阁棋牌品茗,sports,体育休闲服务;娱乐场所;棋牌室,金牛区,103.997682,30.714497
郦湾国际酒店-健身房,sports,体育休闲服务;运动场馆;健身中心,金牛区,103.996615,30.715561
联博网吧,sports,体育休闲服务;娱乐场所;网吧,金牛区,103.998186,30.714566
道森健身服务有限公司,sports,体育休闲服务;体育休闲服务场所;体育休闲服务场所,金牛区,104.008733,30.712388
成都市穆斯林土桥颐年院,sports,体育休闲服务;度假疗养场所;疗养院,金牛区,104.012497,30.717276
声阔音乐世界,sports,体育休闲服务;娱乐场所;KTV,金牛区,104.010357,30.713776
火星人网咖(迎宾大道),sports,体育休闲服务;娱乐场所;网吧,金牛区,104.008917,30.713271
蓝波湾网咖,sports,体育休闲服务;娱乐场所;网吧,金牛区,104.009499,30.713439
道森博格健身,sports,体育休闲服务;运动场馆;健身中心,金牛区,104.007104,30.716567
每时运动健身馆,sports,体育休闲服务;运动场馆;健身中心,金牛区,104.013575,30.715977
每时健康运动生活馆,sports,体育休闲服务;运动场馆;健身中心,金牛区,104.00898,30.713272
原野农家乐,sports,体育休闲服务;度假疗养场所;度假村,金牛区,104.017165,30.714189
颐乐村养老院,sports,体育休闲服务;度假疗养场所;疗养院,金牛区,104.022367,30.714808
娇子游泳馆,sports,体育休闲服务;运动场馆;游泳馆,金牛区,104.018357,30.718918
蜀西皓月游泳池,sports,体育休闲服务;运动场馆;游泳馆,金牛区,104.015769,30.712397
金牛山庄网球,sports,体育休闲服务;运动场馆;网球场,金牛区,104.016184,30.710356
金牛山庄游泳池,sports,体育休闲服务;运动场馆;游泳馆,金牛区,104.015795,30.710157
金牛宾馆室外网球馆(金牛店),sports,体育休闲服务;运动场馆;网球场,金牛区,104.014368,30.716381
娇子网球馆,sports,体育休闲服务;运动场馆;网球场,金牛区,104.019769,30.719292
千城网吧,sports,体育休闲服务;娱乐场所;网吧,金牛区,104.017797,30.712193
金牛山庄棋牌室,sports,体育休闲服务;娱乐场所;棋牌室,金牛区,104.016134,30.710318
跃进社区党员文化活动室,sports,体育休闲服务;体育休闲服务场所;体育休闲服务场所,金牛区,104.016991,30.714394
跃进村养老院,sports,体育休闲服务;体育休闲服务场所;体育休闲服务场所,金牛区,104.021971,30.715283
左岸之恋网咖,sports,体育休闲服务;娱乐场所;网吧,金牛区,104.017026,30.712312
红酒雪茄吧(华丰路),sports,体育休闲服务;娱乐场所;酒吧,金牛区,104.027266,30.71754
乐酷动漫电玩城(金府路),sports,体育休闲服务;娱乐场所;游戏厅,金牛区,104.033201,30.714007
捷芙健身中心,sports,体育休闲服务;运动场馆;健身中心,金牛区,104.025337,30.716865
世纪台球,sports,体育休闲服务;运动场馆;台球厅,金牛区,104.033376,30.71402
华侨城·纯水岸会所,sports,体育休闲服务;体育休闲服务场所;体育休闲服务场所,金牛区,104.025736,30.717093
用餐品茗棋牌,sports,体育休闲服务;娱乐场所;棋牌室,金牛区,104.033405,30.714457
卡迪乐量贩式KTV,sports,体育休闲服务;娱乐场所;KTV,金牛区,104.043187,30.716919
本纪网络,sports,体育休闲服务;娱乐场所;网吧,金牛区,104.035338,30.712108
龙珠道馆,sports,体育休闲服务;运动场馆;运动场所,金牛区,104.043418,30.709543
超越星网吧(长庆路),sports,体育休闲服务;娱乐场所;网吧,金牛区,104.036934,30.709794
巴斯印象网咖,sports,体育休闲服务;娱乐场所;网吧,金牛区,104.043187,30.716919
浩沙健身(交大店),sports,体育休闲服务;运动场馆;健身中心,金牛区,104.043418,30.709543
奇盟beer酒吧(金府店),sports,体育休闲服务;娱乐场所;酒吧,金牛区,104.038606,30.715707
棋牌机麻,sports,体育休闲服务;体育休闲服务场所;体育休闲服务场所,金牛区,104.034542,30.713104
成都西蒙酒吧,sports,体育休闲服务;娱乐场所;酒吧,金牛区,104.037154,30.715643
响动·金韵酒店运动馆,sports,体育休闲服务;运动场馆;健身中心,金牛区,104.039328,30.716761
臻尚网咖,sports,体育休闲服务;娱乐场所;网吧,金牛区,104.042754,30.715607
传统古典瑜伽工作室,sports,体育休闲服务;运动场馆;健身中心,金牛区,104.040454,30.710559
皇家1号,sports,体育休闲服务;体育休闲服务场所;体育休闲服务场所,金牛区,104.038533,30.714247
佰川通网络,sports,体育休闲服务;体育休闲服务场所;体育休闲服务场所,金牛区,104.03837,30.715713
潮流网吧,sports,体育休闲服务;体育休闲服务场所;体育休闲服务场所,金牛区,104.038052,30.709838
长久社区老年活动中心,sports,体育休闲服务;休闲场所;休闲场所,金牛区,104.040336,30.714344
长青路老年活动中心,sports,体育休闲服务;休闲场所;休闲场所,金牛区,104.041439,30.712676
炽焰电竞俱乐部,sports,体育休闲服务;娱乐场所;网吧,金牛区,104.034628,30.713319
兰韵网络会所,sports,体育休闲服务;娱乐场所;网吧,金牛区,104.039052,30.712407
机麻20,sports,体育休闲服务;娱乐场所;棋牌室,金牛区,104.039176,30.711225
龙珠跆拳道(交大店),sports,体育休闲服务;运动场馆;跆拳道场馆,金牛区,104.04284,30.709595
兴茂,sports,体育休闲服务;娱乐场所;棋牌室,金牛区,104.039389,30.711244
蓝色港湾恒温游泳馆,sports,体育休闲服务;运动场馆;游泳馆,金牛区,104.04567,30.710228
千禧花园会所,sports,体育休闲服务;娱乐场所;娱乐场所,金牛区,104.045347,30.71388
智乐游乐园,sports,体育休闲服务;休闲场所;游乐场,金牛区,104.045703,30.718536
荆科网吧,sports,体育休闲服务;娱乐场所;网吧,金牛区,104.044927,30.71309
渔乐吧,sports,体育休闲服务;娱乐场所;酒吧,金牛区,104.046588,30.710418
创客小酒馆,sports,体育休闲服务;娱乐场所;酒吧,金牛区,104.050591,30.710374
天合网吧(星科北街),sports,体育休闲服务;娱乐场所;网吧,金牛区,104.04889,30.710955
漫蜗牛网咖(星科北街),sports,体育休闲服务;娱乐场所;网吧,金牛区,104.048301,30.710803
天爱网吧(星月西街),sports,体育休闲服务;娱乐场所;网吧,金牛区,104.046124,30.71131
成都醉美自驾游俱乐部,sports,体育休闲服务;体育休闲服务场所;体育休闲服务场所,金牛区,104.044221,30.719198
亮缘会所,sports,体育休闲服务;娱乐场所;棋牌室,金牛区,104.04446,30.718054
幸福棋牌室,sports,体育休闲服务;娱乐场所;棋牌室,金牛区,104.047258,30.70998
聚友机麻茶棋牌,sports,体育休闲服务;娱乐场所;棋牌室,金牛区,104.045457,30.718537
北城派对KTV,sports,体育休闲服务;娱乐场所;KTV,金牛区,104.062809,30.711112
天街少年宫,sports,体育休闲服务;休闲场所;游乐场,金牛区,104.062345,30.71082
纯歌派对量贩式KTV(成都北城天街店),sports,体育休闲服务;娱乐场所;KTV,金牛区,104.062719,30.714676
鑫宏泽网吧,sports,体育休闲服务;娱乐场所;网吧,金牛区,104.062459,30.714686
兰惠缘网吧,sports,体育休闲服务;娱乐场所;网吧,金牛区,104.062441,30.715228
琅琊网吧,sports,体育休闲服务;娱乐场所;网吧,金牛区,104.060208,30.715451
宝宝乐园,sports,体育休闲服务;休闲场所;休闲场所,金牛区,104.061873,30.71143
漫蜗牛网咖(蓉北商贸大道一段),sports,体育休闲服务;娱乐场所;网吧,金牛区,104.060868,30.712049
24小时专业健身,sports,体育休闲服务;运动场馆;健身中心,金牛区,104.064912,30.714279
卢米埃影城(龙湖北城天街店),sports,体育休闲服务;影剧院;电影院,金牛区,104.063793,30.714408
7D多人对战互动影院,sports,体育休闲服务;影剧院;影剧院相关,金牛区,104.064623,30.713219
世纪星滑冰场,sports,体育休闲服务;运动场馆;溜冰场,金牛区,104.065805,30.714426
爱网族网吧(花径路),sports,体育休闲服务;娱乐场所;网吧,成华区,104.069881,30.713649
梦乐美纯K,sports,体育休闲服务;娱乐场所;KTV,金牛区,104.064815,30.714543
星空佳缘网吧,sports,体育休闲服务;娱乐场所;网吧,金牛区,104.066816,30.71265
超豪骏眉网咖,sports,体育休闲服务;娱乐场所;网吧,金牛区,104.067375,30.714084
星空亨达网咖(旗舰店),sports,体育休闲服务;娱乐场所;网吧,金牛区,104.065474,30.709776
大鲁阁保龄球馆(龙湖北城天街店),sports,体育休闲服务;运动场馆;保龄球馆,金牛区,104.0636,30.711657
星空情谊网吧,sports,体育休闲服务;娱乐场所;网吧,金牛区,104.065483,30.709419
911VR体验馆,sports,体育休闲服务;体育休闲服务场所;体育休闲服务场所,金牛区,104.064114,30.71352
奇迹健身(龙湖北城店),sports,体育休闲服务;运动场馆;健身中心,金牛区,104.064026,30.714144
风吟网吧,sports,体育休闲服务;娱乐场所;网吧,金牛区,104.067168,30.712967
身临其境(龙湖北城天街店),sports,体育休闲服务;体育休闲服务场所;体育休闲服务场所,金牛区,104.064639,30.713242
婵院瑜伽(龙湖天街店),sports,体育休闲服务;运动场馆;健身中心,金牛区,104.063912,30.712746
caffe bene,sports,购物服务;专卖店;烟酒专卖店|体育休闲服务;娱乐场所;酒吧|餐饮服务;咖啡厅;咖啡厅,金牛区,104.064725,30.713279
PRO Fitness,sports,体育休闲服务;运动场馆;健身中心,金牛区,104.064724,30.714058
爱玩嘉年华(五福桥东路店),sports,体育休闲服务;娱乐场所;娱乐场所,金牛区,104.065965,30.714283
乐宝王国(龙湖店),sports,体育休闲服务;休闲场所;游乐场,金牛区,104.06458,30.713252
社区老年活动中心,sports,体育休闲服务;休闲场所;休闲场所,金牛区,104.065814,30.714852
探奇乐园(五块石路),sports,体育休闲服务;娱乐场所;娱乐场所,金牛区,104.064201,30.714248
哈你运动馆,sports,体育休闲服务;运动场馆;运动场所,金牛区,104.064846,30.713369
北港老年和谐中心,sports,体育休闲服务;娱乐场所;棋牌室,金牛区,104.067207,30.710015
北城派对,sports,体育休闲服务;娱乐场所;KTV,金牛区,104.064601,30.713242
儿童故事乐购世界主题游乐园(北城天街店),sports,体育休闲服务;休闲场所;游乐场,金牛区,104.066235,30.713868
本色,sports,体育休闲服务;娱乐场所;酒吧,金牛区,104.064843,30.713376
天邑瑜伽(龙湖北城天街店),sports,体育休闲服务;运动场馆;健身中心,金牛区,104.064879,30.713358
凤天跆拳道馆,sports,体育休闲服务;运动场馆;跆拳道场馆,金牛区,104.0639,30.712396
花径路社区市民中心,sports,体育休闲服务;娱乐场所;娱乐场所|生活服务;生活服务场所;生活服务场所,金牛区,104.067322,30.71034
凤康网咖,sports,体育休闲服务;娱乐场所;网吧,金牛区,104.074139,30.718989
康城网络会所,sports,体育休闲服务;娱乐场所;网吧,金牛区,104.077406,30.718058
富港休闲会所,sports,体育休闲服务;体育休闲服务场所;体育休闲服务场所,成华区,104.089203,30.713404
深海湾休闲庄,sports,体育休闲服务;休闲场所;休闲场所,成华区,104.084567,30.712849
传奇部落网吧(成都市成华区荆竹社区卫生服务站东南),sports,体育休闲服务;娱乐场所;网吧,成华区,104.089006,30.713585
上尚网咖,sports,体育休闲服务;娱乐场所;网吧,成华区,104.091929,30.713963
竞技谷网络会所,sports,体育休闲服务;娱乐场所;网吧,成华区,104.091861,30.714895
银座动漫欢乐中心,sports,体育休闲服务;娱乐场所;游戏厅,成华区,104.093065,30.710565
金竹网吧,sports,体育休闲服务;娱乐场所;网吧,成华区,104.093208,30.716101
常来常网网吧(青冈路),sports,体育休闲服务;娱乐场所;网吧,成华区,104.089066,30.713478
炫酷网吧,sports,体育休闲服务;娱乐场所;网吧,成华区,104.089046,30.714499
索派1号足球场,sports,体育休闲服务;运动场馆;足球场,成华区,104.092879,30.710685
索派超级足球俱乐部,sports,体育休闲服务;运动场馆;足球场,成华区,104.092498,30.710863
三联小步壹号场足球公园,sports,体育休闲服务;运动场馆;足球场,成华区,104.093041,30.710567
淘乐纯K量贩KTV,sports,体育休闲服务;娱乐场所;KTV,成华区,104.10171,30.716794
炫彩音乐量贩式KTV,sports,体育休闲服务;娱乐场所;KTV,成华区,104.095944,30.718698
7D互动影院(荆竹中路),sports,体育休闲服务;影剧院;电影院,成华区,104.101683,30.715798
东海酒馆,sports,体育休闲服务;娱乐场所;酒吧,成华区,104.100968,30.718937
星爱空尚网吧,sports,体育休闲服务;娱乐场所;网吧,成华区,104.102557,30.718382
咕噜音乐酒吧,sports,体育休闲服务;娱乐场所;酒吧,成华区,104.095669,30.709374
成铁疗养院,sports,体育休闲服务;度假疗养场所;疗养院,成华区,104.098516,30.7165
凯曼网咖(昭觉寺南路),sports,体育休闲服务;娱乐场所;网吧,成华区,104.097826,30.71206
圣菲游泳馆,sports,体育休闲服务;运动场馆;游泳馆,成华区,104.094407,30.711679
模拟时光网吧,sports,体育休闲服务;娱乐场所;网吧,成华区,104.095173,30.713122
影流网咖,sports,体育休闲服务;娱乐场所;网吧,成华区,104.100833,30.715092
大摆锤,sports,体育休闲服务;体育休闲服务场所;体育休闲服务场所,成华区,104.101945,30.71415
海乐纯K量贩式KRV,sports,体育休闲服务;体育休闲服务场所;体育休闲服务场所,成华区,104.101633,30.716691
原动健身俱乐部(熙悦店),sports,体育休闲服务;运动场馆;健身中心,成华区,104.100833,30.715092
卡奇乐室内儿童乐园(荆竹中路),sports,体育休闲服务;休闲场所;游乐场,成华区,104.101438,30.715474
堡格莱斯北门二店,sports,体育休闲服务;运动场馆;健身中心,成华区,104.101582,30.717092
荆竹小区老年活动中心,sports,体育休闲服务;休闲场所;休闲场所,成华区,104.095567,30.719019
成华区双水寿星颐养托老中心,sports,体育休闲服务;度假疗养场所;疗养院,成华区,104.098923,30.717524
天邑瑜伽,sports,体育休闲服务;运动场馆;健身中心,成华区,104.093979,30.709781
心怡棋牌,sports,体育休闲服务;娱乐场所;棋牌室,成华区,104.097272,30.716284
星空英腾网吧,sports,体育休闲服务;娱乐场所;网吧,成华区,104.096376,30.71841
好声音(东紫路),sports,体育休闲服务;娱乐场所;KTV,成华区,104.107522,30.716329
东林网咖,sports,体育休闲服务;娱乐场所;网吧,成华区,104.108663,30.712848
成都动物园游乐场,sports,体育休闲服务;休闲场所;游乐场,成华区,104.104076,30.713512
梦幻网咖(东紫路),sports,体育休闲服务;娱乐场所;网吧,成华区,104.106484,30.71452
豪华碰碰车,sports,体育休闲服务;休闲场所;游乐场,成华区,104.104076,30.713513
梦幻时代网吧,sports,体育休闲服务;娱乐场所;网吧,成华区,104.113327,30.719047
影影网吧,sports,体育休闲服务;娱乐场所;网吧,成华区,104.112747,30.714875
漞渡瑜伽会所,sports,体育休闲服务;运动场馆;健身中心,成华区,104.111494,30.717735
翠林网咖,sports,体育休闲服务;娱乐场所;网吧,成华区,104.106573,30.714538
圣菲健身(东林店),sports,体育休闲服务;运动场馆;健身中心,成华区,104.107521,30.716329
尚东网咖,sports,体育休闲服务;娱乐场所;网吧,成华区,104.103824,30.716021
力豪健身(东紫路),sports,体育休闲服务;运动场馆;健身中心,成华区,104.106831,30.714184
流·瑜伽,sports,体育休闲服务;运动场馆;健身中心,成华区,104.109476,30.712801
华宇网吧(荆翠东路),sports,体育休闲服务;娱乐场所;网吧,成华区,104.113717,30.717295
北湖鑫园休闲会所,sports,体育休闲服务;度假疗养场所;度假村,成华区,104.140306,30.716622
九九勇士真人CS(北湖公园店),sports,体育休闲服务;娱乐场所;娱乐场所,成华区,104.140309,30.716579
钓鱼台休闲庄(蜀龙路),sports,体育休闲服务;休闲场所;垂钓园,成华区,104.144986,30.714805
青荷堂休闲庄,sports,体育休闲服务;休闲场所;休闲场所,成华区,104.171038,30.71885
同乐广场,sports,体育休闲服务;休闲场所;休闲场所,成华区,104.166659,30.712227
龙潭印象网吧,sports,体育休闲服务;娱乐场所;网吧,成华区,104.166649,30.712425
成华区同乐敬老院,sports,体育休闲服务;度假疗养场所;疗养院,成华区,104.165588,30.718278
同乐网络会所(流连网吧),sports,体育休闲服务;娱乐场所;网吧,成华区,104.165096,30.717924
艾畅KTV,sports,体育休闲服务;娱乐场所;KTV,成华区,104.165439,30.719391
黄田坝街道办事处社区服务中心老年活动中心,sports,体育休闲服务;休闲场所;休闲场所,青羊区,103.969617,30.70016
金龙乐园,sports,体育休闲服务;体育休闲服务场所;体育休闲服务场所,金牛区,103.972428,30.703515
金泉街道全民健身指导服务中心,sports,体育休闲服务;运动场馆;健身中心,金牛区,103.976613,30.705672
普达措酒吧,sports,体育休闲服务;娱乐场所;酒吧,金牛区,103.97616,30.70857
轩轩网吧(淳风路),sports,体育休闲服务;娱乐场所;网吧,金牛区,103.979559,30.705783
文静时空网吧,sports,体育休闲服务;娱乐场所;网吧,金牛区,103.976112,30.70895
基地酒吧(雅兰酒店南),sports,体育休闲服务;娱乐场所;酒吧,金牛区,103.976254,30.709268
爱尚网咖(清风路),sports,体育休闲服务;娱乐场所;网吧,金牛区,103.976668,30.708721
宾格酒吧,sports,体育休闲服务;娱乐场所;酒吧,金牛区,103.976388,30.709266
金泉街道长庚日间照护中心,sports,体育休闲服务;度假疗养场所;疗养院,金牛区,103.980798,30.708747
儿童生活馆,sports,体育休闲服务;休闲场所;游乐场,金牛区,103.977617,30.709338
淳风桥社区老年活动中心,sports,体育休闲服务;休闲场所;休闲场所,金牛区,103.980806,30.707603
金牛区金泉街道老年活动中心,sports,体育休闲服务;休闲场所;休闲场所,金牛区,103.980871,30.706995
坤友会所,sports,体育休闲服务;娱乐场所;娱乐场所,金牛区,103.976476,30.709177
嘉语网络会所,sports,体育休闲服务;娱乐场所;网吧,金牛区,103.977835,30.704607
成都市老年车骑游总队活动中心,sports,体育休闲服务;休闲场所;休闲场所,金牛区,103.980753,30.707377
靖水山庄,sports,体育休闲服务;度假疗养场所;度假村,金牛区,103.983918,30.70229
成都市金牛足球公园,sports,体育休闲服务;运动场馆;足球场,金牛区,103.986845,30.708939
成都大牛足球俱乐部,sports,体育休闲服务;运动场馆;足球场,金牛区,103.986283,30.708772
黑麦网咖,sports,体育休闲服务;娱乐场所;网吧,金牛区,103.989332,30.708853
diy俱乐部,sports,体育休闲服务;体育休闲服务场所;体育休闲服务场所,金牛区,103.992949,30.708477
玛咖名人,sports,体育休闲服务;体育休闲服务场所;体育休闲服务场所,金牛区,103.992797,30.707761
蜀西社区活动室,sports,体育休闲服务;休闲场所;休闲场所,金牛区,103.992873,30.708595
音悦汇时尚纯K,sports,体育休闲服务;娱乐场所;KTV,金牛区,103.997211,30.709526
羊犀足球场,sports,体育休闲服务;运动场馆;足球场,金牛区,103.996524,30.706365
羊犀足球俱乐部,sports,体育休闲服务;运动场馆;足球场,金牛区,103.995852,30.706143
印记网吧,sports,体育休闲服务;娱乐场所;网吧,金牛区,103.999846,30.704884
阿尔巴斯网咖,sports,体育休闲服务;体育休闲服务场所;体育休闲服务场所,金牛区,103.995214,30.707497
劲道搏击,sports,体育休闲服务;运动场馆;运动场所,金牛区,103.999236,30.705043
半城网咖,sports,体育休闲服务;娱乐场所;网吧,金牛区,103.996927,30.708425
润心然会所,sports,体育休闲服务;娱乐场所;棋牌室,青羊区,104.002539,30.699818
左岸之恋网络会所,sports,体育休闲服务;娱乐场所;网吧,金牛区,104.003363,30.70668
楚天佳和休闲会所,sports,体育休闲服务;娱乐场所;棋牌室,金牛区,104.011326,30.709084
碧海云天休闲会馆游泳池,sports,体育休闲服务;运动场馆;游泳馆,青羊区,104.005931,30.70017
碧海云天休闲会馆瑜伽馆,sports,体育休闲服务;运动场馆;健身中心,金牛区,104.00629,30.69986
长庚养老中心,sports,体育休闲服务;体育休闲服务场所;体育休闲服务场所,金牛区,104.012819,30.700335
美速健身(羊犀店),sports,体育休闲服务;运动场馆;健身中心,金牛区,104.004331,30.708838
三月天KTV,sports,体育休闲服务;娱乐场所;KTV,金牛区,104.004331,30.708838
超级在线网吧,sports,体育休闲服务;娱乐场所;网吧,金牛区,104.007046,30.700377
迈瑞西岸游泳馆,sports,体育休闲服务;运动场馆;游泳馆,金牛区,104.008084,30.70903
西岸观邸恒温游泳馆,sports,体育休闲服务;运动场馆;游泳馆,金牛区,104.007911,30.709307
翡翠海湾游泳池,sports,体育休闲服务;运动场馆;游泳馆,金牛区,104.004164,30.706415
云朋网吧,sports,体育休闲服务;娱乐场所;网吧,金牛区,104.005891,30.708928
玥悠然瑜伽学院,sports,体育休闲服务;运动场馆;健身中心,金牛区,104.008083,30.709031
鱼人网吧,sports,体育休闲服务;娱乐场所;网吧,金牛区,104.008411,30.700865
养老、托老,sports,体育休闲服务;体育休闲服务场所;体育休闲服务场所,金牛区,104.013002,30.69997
QQ自由麻将,sports,体育休闲服务;体育休闲服务场所;体育休闲服务场所,金牛区,104.007782,30.700383
金沙厅,sports,体育休闲服务;体育休闲服务场所;体育休闲服务场所,金牛区,104.008798,30.705354
81号台球,sports,体育休闲服务;运动场馆;台球厅,金牛区,104.004331,30.708838
串串·啤酒超市,sports,体育休闲服务;娱乐场所;酒吧,青羊区,104.006233,30.701748
小区活动室,sports,体育休闲服务;休闲场所;休闲场所,金牛区,104.007283,30.704227
金牛区茶店子长庚日间照护中心,sports,体育休闲服务;度假疗养场所;疗养院,金牛区,104.013085,30.700276
千和棋牌,sports,体育休闲服务;娱乐场所;棋牌室,金牛区,104.009899,30.700717
上网会所,sports,体育休闲服务;体育休闲服务场所;体育休闲服务场所,金牛区,104.008534,30.700714
芙蓉城游泳池,sports,体育休闲服务;运动场馆;游泳馆,金牛区,104.013693,30.700318
酸葡萄网吧,sports,体育休闲服务;娱乐场所;网吧,金牛区,104.021865,30.704034
红程网吧,sports,体育休闲服务;娱乐场所;网吧,金牛区,104.014972,30.700732
助老之家,sports,体育休闲服务;体育休闲服务场所;体育休闲服务场所,金牛区,104.022878,30.701165
会友麻将室,sports,体育休闲服务;娱乐场所;棋牌室,金牛区,104.017244,30.699896
成都茶店子干休所,sports,体育休闲服务;度假疗养场所;疗养院,金牛区,104.021628,30.703333
安蓉KTV商务会所,sports,体育休闲服务;娱乐场所;KTV,金牛区,104.02409,30.700341
互动时空网吧,sports,体育休闲服务;娱乐场所;网吧,金牛区,104.032519,30.707558
摩尔斯网吧,sports,体育休闲服务;娱乐场所;网吧,金牛区,104.026331,30.700585
极速印象网咖,sports,体育休闲服务;娱乐场所;网吧,金牛区,104.033453,30.70937
SOS儿童村六号家庭,sports,体育休闲服务;体育休闲服务场所;体育休闲服务场所,金牛区,104.032872,30.702132
劲浪体育运动场,sports,体育休闲服务;体育休闲服务场所;体育休闲服务场所,金牛区,104.041303,30.705772
夏威夷(交大路),sports,体育休闲服务;娱乐场所;酒吧,金牛区,104.043398,30.702275
CGV星聚汇影城(金牛店),sports,体育休闲服务;影剧院;电影院,金牛区,104.041807,30.706161
挑战者网吧(交大路),sports,体育休闲服务;娱乐场所;网吧,金牛区,104.03863,30.70895
麦卡迪KTV(凯德广场·金牛),sports,体育休闲服务;娱乐场所;KTV,金牛区,104.042663,30.70561
星际传奇(凯德广场·金牛),sports,体育休闲服务;休闲场所;游乐场|体育休闲服务;娱乐场所;游戏厅,金牛区,104.042526,30.706445
85毫米台球俱乐部,sports,体育休闲服务;运动场馆;台球厅,金牛区,104.043287,30.70768
恰恰屋音乐吧,sports,体育休闲服务;娱乐场所;KTV,金牛区,104.041689,30.700782
易扬纯K,sports,体育休闲服务;娱乐场所;KTV,金牛区,104.043381,30.707112
叶店Beer Feel,sports,体育休闲服务;娱乐场所;酒吧,金牛区,104.041431,30.707104
悠游堂冰雪主题乐园(成都金牛凯德店),sports,体育休闲服务;休闲场所;游乐场,金牛区,104.040954,30.706373
飘雪酒吧,sports,体育休闲服务;娱乐场所;酒吧,金牛区,104.043543,30.702106
春秋叶问咏春国术馆,sports,体育休闲服务;运动场馆;运动场所,金牛区,104.040266,30.706943
亚世网吧,sports,体育休闲服务;娱乐场所;网吧,金牛区,104.039802,30.706903
七彩堂网咖,sports,体育休闲服务;娱乐场所;网吧,金牛区,104.040184,30.702363
慕尚网咖,sports,体育休闲服务;娱乐场所;网吧,金牛区,104.040601,30.706929
嘉禾网络会所,sports,体育休闲服务;娱乐场所;网吧,金牛区,104.037314,30.700118
低调网咖,sports,体育休闲服务;娱乐场所;网吧,金牛区,104.036872,30.704583
宠物乐园(凯德广场·金牛),sports,体育休闲服务;休闲场所;休闲场所,金牛区,104.04218,30.705588
长庆路社区综合文化活动室,sports,体育休闲服务;休闲场所;休闲场所,金牛区,104.034744,30.708808
如影瑜伽(交大路店),sports,体育休闲服务;运动场馆;健身中心,金牛区,104.037958,30.702694
快耍慢活主题网咖,sports,体育休闲服务;娱乐场所;网吧,金牛区,104.036916,30.702455
反斗乐园(凯德广场·金牛),sports,体育休闲服务;娱乐场所;娱乐场所,金牛区,104.042451,30.704259
狂派网络俱乐部(星辰路),sports,体育休闲服务;娱乐场所;网吧,金牛区,104.04324,30.707976
半宙电玩城,sports,体育休闲服务;娱乐场所;游戏厅,金牛区,104.042819,30.704459
运动派印禅瑜伽,sports,体育休闲服务;运动场馆;健身中心,金牛区,104.039583,30.703567
3104桌游吧,sports,体育休闲服务;休闲场所;休闲场所,金牛区,104.038388,30.704012
追风轮滑俱乐部,sports,体育休闲服务;运动场馆;溜冰场,金牛区,104.042998,30.705538
世纪缤纷网吧(金房苑北路),sports,体育休闲服务;娱乐场所;网吧,金牛区,104.035886,30.699486
MeLAND(凯德广场·金牛),sports,体育休闲服务;休闲场所;游乐场,金牛区,104.042621,30.706166
浩沙(凯德广场·金牛),sports,体育休闲服务;运动场馆;健身中心,金牛区,104.042707,30.705353
威仕堡健身(花照壁上横街),sports,体育休闲服务;运动场馆;健身中心,金牛区,104.037262,30.702199
潘多拉水趣馆(凯德广场·金牛),sports,体育休闲服务;休闲场所;游乐场|体育休闲服务;娱乐场所;娱乐场所,金牛区,104.041365,30.706652
闽川阀业会所,sports,体育休闲服务;休闲场所;休闲场所,金牛区,104.035111,30.704254
左右逢缘,sports,体育休闲服务;娱乐场所;棋牌室,金牛区,104.035035,30.704361
X记忆密室逃脱(交大幻城店),sports,体育休闲服务;娱乐场所;娱乐场所,金牛区,104.040613,30.701863
奇迹健身(凯德广场·金牛),sports,体育休闲服务;运动场馆;健身中心,金牛区,104.043123,30.704891
时空引擎网吧(一品天下店),sports,体育休闲服务;娱乐场所;网吧,金牛区,104.039037,30.704443
二姐娱乐室,sports,体育休闲服务;娱乐场所;棋牌室,金牛区,104.035812,30.708646
信健乒乓球俱乐部,sports,体育休闲服务;运动场馆;乒乓球馆,金牛区,104.037262,30.702199
爱伽瑜伽美容(凯德广场·金牛),sports,体育休闲服务;运动场馆;健身中心,金牛区,104.041434,30.706094
麻将超市(长福街),sports,体育休闲服务;娱乐场所;棋牌室,金牛区,104.035995,30.705048
四个火枪手(凯德广场·金牛),sports,体育休闲服务;娱乐场所;游戏厅,金牛区,104.042337,30.704716
大黄蜂动漫(凯德广场·金牛),sports,体育休闲服务;娱乐场所;游戏厅,金牛区,104.042982,30.705239
馨嫆会所,sports,体育休闲服务;娱乐场所;棋牌室,金牛区,104.035261,30.704167
皓麒会所,sports,体育休闲服务;娱乐场所;棋牌室,金牛区,104.035389,30.704136
声嫆会所,sports,体育休闲服务;娱乐场所;棋牌室,金牛区,104.035334,30.704087
春秋跆拳道馆(交大路),sports,体育休闲服务;运动场馆;跆拳道场馆,金牛区,104.040289,30.706964
谊享居,sports,体育休闲服务;娱乐场所;棋牌室,金牛区,104.034481,30.70865
西南交通大学犀浦体育场,sports,体育休闲服务;运动场馆;运动场所,金牛区,104.045132,30.700015
西南交通大学九里校区经济管理学院中华高管同学会乒乓球俱乐部,sports,体育休闲服务;运动场馆;乒乓球馆,金牛区,104.052002,30.702481
缤纷量贩式KTV(九里堤店),sports,体育休闲服务;娱乐场所;KTV,金牛区,104.052454,30.707035
伊甸园网吧(群星路),sports,体育休闲服务;娱乐场所;网吧,金牛区,104.048612,30.704114
西门町酒吧,sports,体育休闲服务;娱乐场所;酒吧,金牛区,104.04551,30.699897
约定酒吧(交大路),sports,体育休闲服务;娱乐场所;酒吧,金牛区,104.043592,30.702047
交大附中足球场,sports,体育休闲服务;运动场馆;足球场,金牛区,104.044563,30.700491
网友居电竞馆,sports,体育休闲服务;娱乐场所;网吧,金牛区,104.045576,30.705219
古希酒吧,sports,体育休闲服务;娱乐场所;酒吧,金牛区,104.043626,30.701578
欢乐世界游乐广场,sports,体育休闲服务;体育休闲服务场所;体育休闲服务场所,金牛区,104.052924,30.70724
格调酒吧,sports,体育休闲服务;娱乐场所;酒吧,金牛区,104.053291,30.707291
壹酒吧,sports,体育休闲服务;娱乐场所;酒吧,金牛区,104.052642,30.706926
醉爱酒吧,sports,体育休闲服务;娱乐场所;酒吧,金牛区,104.053022,30.707285
机麻馆,sports,体育休闲服务;体育休闲服务场所;体育休闲服务场所,金牛区,104.045568,30.704007
西南交通大学九里校区网球场,sports,体育休闲服务;运动场馆;网球场,金牛区,104.052065,30.701154
语过添情网吧(群星路),sports,体育休闲服务;娱乐场所;网吧,金牛区,104.051628,30.705882
杨华网吧(群星路),sports,体育休闲服务;娱乐场所;网吧,金牛区,104.04956,30.704658
圣珈瑜伽健身会所(星辰东一街店),sports,体育休闲服务;运动场馆;健身中心,金牛区,104.044295,30.70842
西南交通大学九里校区排球场,sports,体育休闲服务;运动场馆;运动场所,金牛区,104.053114,30.702792
西南交通大学九里校区游泳池,sports,体育休闲服务;运动场馆;游泳馆,金牛区,104.052982,30.703615
星星吧,sports,体育休闲服务;娱乐场所;KTV,金牛区,104.053092,30.707195
不一样酒吧,sports,体育休闲服务;娱乐场所;酒吧,金牛区,104.043636,30.701999
西南交通大学九里校区排球场,sports,体育休闲服务;运动场馆;运动场所,金牛区,104.049329,30.702447
源代码VR体验店,sports,体育休闲服务;娱乐场所;娱乐场所,金牛区,104.044719,30.700108
西南交通大学九里校区健美健身中心,sports,体育休闲服务;运动场馆;健身中心,金牛区,104.053422,30.704555
西南交通大学九里校区工会俱乐部,sports,体育休闲服务;娱乐场所;娱乐场所|体育休闲服务;休闲场所;休闲场所,金牛区,104.050657,30.702485
凯风网络会所,sports,体育休闲服务;娱乐场所;网吧,金牛区,104.043851,30.702512
西南交通大学九里校区篮球场,sports,体育休闲服务;运动场馆;篮球场馆,金牛区,104.051947,30.701595
西南交通大学九里校区老干部活动中心,sports,体育休闲服务;休闲场所;休闲场所,金牛区,104.049258,30.702163
西南交通大学九里校区老年活动中心,sports,体育休闲服务;休闲场所;休闲场所,金牛区,104.049176,30.702349
萤火虫KTV酒吧,sports,体育休闲服务;娱乐场所;酒吧,金牛区,104.052773,30.707046
酒在勾酒吧,sports,体育休闲服务;娱乐场所;酒吧,金牛区,104.043611,30.701527
永恒国度网咖,sports,体育休闲服务;娱乐场所;网吧,金牛区,104.052658,30.706818
成铁体育场,sports,体育休闲服务;运动场馆;综合体育馆,金牛区,104.060173,30.702173
华凌商务休闲会所,sports,体育休闲服务;休闲场所;休闲场所,金牛区,104.060765,30.706668
成都铁路局体育中心(站西桥西巷5号院北),sports,体育休闲服务;运动场馆;综合体育馆,金牛区,104.061037,30.702661
成铁体育中心游泳馆,sports,体育休闲服务;运动场馆;游泳馆,金牛区,104.061086,30.702976
西南交通大学九里校区詹天佑体育馆,sports,体育休闲服务;运动场馆;综合体育馆,金牛区,104.053769,30.704505
交大·爱奇体育俱乐部,sports,体育休闲服务;运动场馆;运动场所,金牛区,104.053601,30.702874
西南交通大学九里校区体育馆,sports,体育休闲服务;运动场馆;运动场所,金牛区,104.054236,30.703179
成都天坤养老服务中心,sports,体育休闲服务;度假疗养场所;疗养院,金牛区,104.061012,30.702845
铁路局足球场,sports,体育休闲服务;运动场馆;足球场,金牛区,104.061364,30.702655
皓洋宇网球俱乐部,sports,体育休闲服务;运动场馆;网球场,金牛区,104.061136,30.702564
成都铁路局文体中心游泳馆,sports,体育休闲服务;运动场馆;游泳馆,金牛区,104.061468,30.702646
无限网吧(九里堤中路),sports,体育休闲服务;娱乐场所;网吧,金牛区,104.05544,30.700658
无限空间网吧,sports,体育休闲服务;娱乐场所;网吧,金牛区,104.055437,30.700585
糖巢网吧(九里堤中路),sports,体育休闲服务;娱乐场所;网吧,金牛区,104.055151,30.70234
沁心网吧,sports,体育休闲服务;娱乐场所;网吧,金牛区,104.060316,30.707533
网际天下网吧,sports,体育休闲服务;娱乐场所;网吧,金牛区,104.060776,30.704435
伏那网吧,sports,体育休闲服务;娱乐场所;网吧,金牛区,104.062303,30.700957
多米网吧(九里堤中路),sports,体育休闲服务;娱乐场所;网吧,金牛区,104.054669,30.704661
风影泰拳,sports,体育休闲服务;运动场馆;运动场所,金牛区,104.063331,30.705785
殷商时代,sports,体育休闲服务;娱乐场所;网吧,金牛区,104.055257,30.702264
四友老年活动室,sports,体育休闲服务;休闲场所;休闲场所,金牛区,104.062725,30.704065
莫斯比人,sports,体育休闲服务;娱乐场所;娱乐场所,金牛区,104.054421,30.704995
源源网吧(交大店),sports,体育休闲服务;娱乐场所;网吧,金牛区,104.055136,30.702324
那屋网咖,sports,体育休闲服务;娱乐场所;网吧,金牛区,104.054806,30.704362
地主庄园(休闲商业街店),sports,体育休闲服务;娱乐场所;棋牌室|体育休闲服务;休闲场所;休闲场所,成华区,104.07344,30.701477
五福社区晚霞居家养老服务站,sports,体育休闲服务;度假疗养场所;疗养院,金牛区,104.066619,30.708763
豪庭网吧,sports,体育休闲服务;娱乐场所;网吧|体育休闲服务;休闲场所;休闲场所,金牛区,104.06829,30.701585
open量贩式KTV(通购店),sports,体育休闲服务;娱乐场所;KTV,金牛区,104.064156,30.704367
星空紫雨网吧,sports,体育休闲服务;娱乐场所;网吧,成华区,104.071428,30.707164
天天乐网吧(花径路店),sports,体育休闲服务;娱乐场所;网吧,金牛区,104.069494,30.706798
百仙歌舞会KTV,sports,体育休闲服务;娱乐场所;KTV,成华区,104.06984,30.705311
正点网咖,sports,体育休闲服务;娱乐场所;网吧,成华区,104.069808,30.706058
清风酒水吧,sports,体育休闲服务;娱乐场所;酒吧,成华区,104.07067,30.707225
龙呈台球,sports,体育休闲服务;运动场馆;台球厅,金牛区,104.063666,30.707527
佳热网吧,sports,体育休闲服务;娱乐场所;网吧,金牛区,104.066296,30.700667
钰荣网吧,sports,体育休闲服务;娱乐场所;网吧,金牛区,104.067788,30.707442
钰锦网咖,sports,体育休闲服务;娱乐场所;网吧,金牛区,104.068273,30.702212
时空战线网咖,sports,体育休闲服务;娱乐场所;网吧,金牛区,104.065968,30.703075
蓉城夜色,sports,体育休闲服务;娱乐场所;酒吧,金牛区,104.065589,30.702425
地道口网吧,sports,体育休闲服务;娱乐场所;网吧,金牛区,104.06634,30.700641
澜庭网咖(蓉北商贸大道一段),sports,体育休闲服务;娱乐场所;网吧,金牛区,104.063614,30.7077
新海岸交谊舞会所,sports,体育休闲服务;娱乐场所;迪厅,成华区,104.072068,30.702883
菲城网吧,sports,体育休闲服务;娱乐场所;网吧,金牛区,104.066174,30.70271
五块石多公共能活动室,sports,体育休闲服务;休闲场所;休闲场所,金牛区,104.068675,30.704961
五福社区老年活动中心,sports,体育休闲服务;休闲场所;休闲场所,金牛区,104.065346,30.708739
五福社区综合文化活动室,sports,体育休闲服务;娱乐场所;娱乐场所,金牛区,104.066619,30.708763
蓝海水吧,sports,体育休闲服务;娱乐场所;酒吧,金牛区,104.069176,30.709177
兴源电玩城,sports,体育休闲服务;娱乐场所;游戏厅,金牛区,104.063713,30.708205
趣尚网咖(站北路),sports,体育休闲服务;娱乐场所;网吧,成华区,104.072803,30.705304
洪兴国际跆拳道联盟(五块石馆),sports,体育休闲服务;运动场馆;跆拳道场馆,金牛区,104.064258,30.704902
约伯开心俱乐部,sports,体育休闲服务;体育休闲服务场所;体育休闲服务场所,金牛区,104.066356,30.704591
鑫苑富侨(站北分店),sports,体育休闲服务;休闲场所;休闲场所,成华区,104.073716,30.70287
星空樱桃花园网吧,sports,体育休闲服务;娱乐场所;网吧,成华区,104.07498,30.702857
七里香网咖,sports,体育休闲服务;娱乐场所;网吧,成华区,104.076498,30.702665
浮梦网吧,sports,体育休闲服务;娱乐场所;网吧,成华区,104.076767,30.703328
东豪网吧,sports,体育休闲服务;娱乐场所;网吧,成华区,104.073807,30.703039
星空热爱网吧,sports,体育休闲服务;娱乐场所;网吧,成华区,104.073899,30.707275
华来都会,sports,体育休闲服务;休闲场所;休闲场所,成华区,104.073602,30.707625
亲朋棋牌室,sports,体育休闲服务;娱乐场所;棋牌室,成华区,104.073557,30.703326
优派莱休闲会所,sports,体育休闲服务;休闲场所;休闲场所,成华区,104.091355,30.70709
芒果派儿童派对,sports,体育休闲服务;体育休闲服务场所;体育休闲服务场所,成华区,104.09292,30.705655
亿游网咖,sports,体育休闲服务;娱乐场所;网吧,成华区,104.092168,30.708645
左岸之旅网咖(赤虎东路店),sports,体育休闲服务;娱乐场所;网吧,成华区,104.089882,30.702859
Mo Coffee网咖,sports,体育休闲服务;娱乐场所;网吧,成华区,104.091034,30.708179
娃咔咔儿童乐园(驷马桥店),sports,体育休闲服务;休闲场所;游乐场,成华区,104.091402,30.707152
津鑫网吧,sports,体育休闲服务;娱乐场所;网吧,成华区,104.088783,30.702841
初盈舞专业瑜伽舞蹈会所,sports,体育休闲服务;体育休闲服务场所;体育休闲服务场所,成华区,104.092873,30.704412
逆时空网吧,sports,体育休闲服务;娱乐场所;网吧,成华区,104.089784,30.703711
星域网络会所,sports,体育休闲服务;娱乐场所;网吧,成华区,104.092147,30.70876
博宏雅健身工作室,sports,体育休闲服务;运动场馆;健身中心,成华区,104.093439,30.70517
圣珈瑜伽,sports,体育休闲服务;运动场馆;健身中心,成华区,104.093324,30.704804
驷马桥水岸瑜伽,sports,体育休闲服务;运动场馆;健身中心,成华区,104.088629,30.705012
驷马桥退管站活动中心,sports,体育休闲服务;休闲场所;休闲场所,成华区,104.091904,30.706522
虫虫叮竞技馆,sports,体育休闲服务;娱乐场所;网吧,成华区,104.091315,30.707965
菁澜瑜伽馆,sports,体育休闲服务;运动场馆;健身中心,成华区,104.08705,30.70249
仁义路健身休闲娱乐广场,sports,体育休闲服务;休闲场所;游乐场,成华区,104.102102,30.701922
爱球青龙场五人制足球场,sports,体育休闲服务;运动场馆;足球场,成华区,104.103398,30.702898
别处酒吧,sports,体育休闲服务;娱乐场所;酒吧,成华区,104.095054,30.707367
百嘉时尚KTV,sports,体育休闲服务;娱乐场所;KTV,成华区,104.098094,30.700253
成都城北医院十五病室,sports,体育休闲服务;体育休闲服务场所;体育休闲服务场所,成华区,104.097244,30.708681
花样年华,sports,体育休闲服务;娱乐场所;KTV,成华区,104.093535,30.707188
MK KTV,sports,体育休闲服务;娱乐场所;KTV,成华区,104.095855,30.708824
回归网咖,sports,体育休闲服务;娱乐场所;网吧,成华区,104.10077,30.702309
战乐网吧,sports,体育休闲服务;娱乐场所;网吧,成华区,104.093548,30.70165
青龙场儿童乐园,sports,体育休闲服务;休闲场所;游乐场,成华区,104.102102,30.701922
咕噜酒吧,sports,体育休闲服务;娱乐场所;酒吧,成华区,104.095154,30.709271
栖木网咖,sports,体育休闲服务;娱乐场所;网吧,成华区,104.095345,30.70865
朱朱快速网吧,sports,体育休闲服务;娱乐场所;网吧,成华区,104.097808,30.700899
宝宝乐游乐园,sports,体育休闲服务;休闲场所;游乐场,成华区,104.097116,30.700875
新流年网吧,sports,体育休闲服务;娱乐场所;网吧,成华区,104.101506,30.700454
圣德网吧(羊子山西路店),sports,体育休闲服务;娱乐场所;网吧,成华区,104.095406,30.709159
北辰美庐网吧,sports,体育休闲服务;娱乐场所;网吧,成华区,104.096632,30.702369
星空网战网吧,sports,体育休闲服务;娱乐场所;网吧,成华区,104.097047,30.701399
青龙球馆,sports,体育休闲服务;运动场馆;运动场所,成华区,104.096544,30.708369
圣菲健身(昭觉寺南路),sports,体育休闲服务;运动场馆;健身中心,成华区,104.094651,30.707005
1989健身会所,sports,体育休闲服务;运动场馆;健身中心,成华区,104.095855,30.708824
青龙羽毛球馆,sports,体育休闲服务;运动场馆;羽毛球场,成华区,104.097683,30.70851
成都城北医院篮球馆,sports,体育休闲服务;运动场馆;篮球场馆,成华区,104.097133,30.707724
仁义路社区街头篮球场,sports,体育休闲服务;运动场馆;篮球场馆,成华区,104.102189,30.701545
冷妹麻将馆,sports,体育休闲服务;娱乐场所;棋牌室,成华区,104.100115,30.701252
成华区干休所,sports,体育休闲服务;度假疗养场所;疗养院,成华区,104.097504,30.702328
好客茶庄,sports,体育休闲服务;娱乐场所;棋牌室|购物服务;专卖店;专营店,成华区,104.103994,30.702703
比力台球训练馆,sports,体育休闲服务;运动场馆;台球厅,成华区,104.103935,30.701946
星空创鑫网吧,sports,体育休闲服务;娱乐场所;网吧,成华区,104.111211,30.701377
悠悠网吧(致顺路),sports,体育休闲服务;娱乐场所;网吧,成华区,104.104805,30.701292
芒果网咖,sports,体育休闲服务;娱乐场所;网吧,成华区,104.105741,30.702207
魔法时光电竞馆,sports,体育休闲服务;娱乐场所;网吧,成华区,104.106961,30.701738
飞翔网咖(致顺路),sports,体育休闲服务;娱乐场所;网吧,成华区,104.106253,30.701801
六度空间网吧,sports,体育休闲服务;娱乐场所;网吧,成华区,104.106065,30.704994
魔法时光LOL主题电竞馆(时光电竞店),sports,体育休闲服务;娱乐场所;游戏厅,成华区,104.106818,30.701811
致祥网吧,sports,体育休闲服务;娱乐场所;网吧,成华区,104.105793,30.706786
青龙场鸽会鸽友交流活动中心,sports,体育休闲服务;娱乐场所;娱乐场所,成华区,104.105569,30.700241
奕唯特朗天龙网吧,sports,体育休闲服务;娱乐场所;网吧,成华区,104.105665,30.702462
青龙街道办晚霞居家养老服务中心,sports,体育休闲服务;度假疗养场所;疗养院,成华区,104.113625,30.700892
漫时光网吧,sports,体育休闲服务;娱乐场所;网吧,成华区,104.115373,30.7031
奥维斯健身房,sports,体育休闲服务;运动场馆;健身中心,成华区,104.115649,30.703524
城市仁德山庄,sports,体育休闲服务;休闲场所;休闲场所,成华区,104.142675,30.708585
仁德足球场,sports,体育休闲服务;运动场馆;足球场,成华区,104.143782,30.708964
沸特网咖,sports,体育休闲服务;娱乐场所;网吧,成华区,104.160004,30.704771
沸腾网咖,sports,体育休闲服务;娱乐场所;网吧,成华区,104.159966,30.704799
翰林网吧(华彩路),sports,体育休闲服务;娱乐场所;网吧,成华区,104.172037,30.700009
乐巢量贩KTV(火神庙西街),sports,体育休闲服务;娱乐场所;KTV,成华区,104.167844,30.708591
天籁之音KTV,sports,体育休闲服务;娱乐场所;KTV,成华区,104.165471,30.70153
天籁之音音乐酒吧,sports,体育休闲服务;娱乐场所;酒吧,成华区,104.165572,30.701514
梦利花园酒水吧,sports,体育休闲服务;娱乐场所;酒吧,成华区,104.168912,30.700897
星空八千里网吧,sports,体育休闲服务;娱乐场所;网吧,成华区,104.168953,30.700567
蜘蛛网吧,sports,体育休闲服务;娱乐场所;网吧,成华区,104.167814,30.708754
叠翠山庄,sports,体育休闲服务;休闲场所;休闲场所,成华区,104.168697,30.707875
凡雯瑜伽馆,sports,体育休闲服务;运动场馆;健身中心,成华区,104.171958,30.700744
天堂鸟网吧(龙潭路),sports,体育休闲服务;娱乐场所;网吧,成华区,104.164068,30.705922
星空世达网吧,sports,体育休闲服务;娱乐场所;网吧,成华区,104.167273,30.701132
龙潭街道同仁社区老年活动中心,sports,体育休闲服务;休闲场所;休闲场所,成华区,104.17333,30.702674
成都博誉足球俱乐部,sports,体育休闲服务;运动场馆;足球场,成华区,104.172845,30.705077
1986音乐会馆,sports,体育休闲服务;娱乐场所;娱乐场所,成华区,104.168411,30.701193
及强旱冰城,sports,体育休闲服务;运动场馆;溜冰场,成华区,104.173908,30.70176
天缘KTV(清河一支路),sports,体育休闲服务;娱乐场所;KTV,青羊区,103.970005,30.694722
左岸KTV(清河一支路),sports,体育休闲服务;娱乐场所;KTV,青羊区,103.970247,30.695196
梦幻网吧(西金苑D区西),sports,体育休闲服务;娱乐场所;网吧,青羊区,103.970138,30.695124
青羊总部运动基地,sports,体育休闲服务;运动场馆;运动场所,青羊区,103.963894,30.69184
羽置锋羽毛球馆,sports,体育休闲服务;运动场馆;羽毛球场,青羊区,103.963891,30.692176
青羊总部运动基地篮球场,sports,体育休闲服务;运动场馆;篮球场馆,青羊区,103.965774,30.692073
网咖,sports,体育休闲服务;娱乐场所;网吧,青羊区,103.965327,30.694944
赤道KTV,sports,体育休闲服务;娱乐场所;KTV,青羊区,103.969987,30.694778
中航·爱老之家,sports,体育休闲服务;度假疗养场所;疗养院,青羊区,103.973767,30.6908
凯天职工活动中心,sports,体育休闲服务;休闲场所;休闲场所,青羊区,103.972941,30.692628
永年健康乐园,sports,体育休闲服务;度假疗养场所;疗养院,青羊区,103.967283,30.697216
悠闲居棋牌室,sports,体育休闲服务;娱乐场所;棋牌室,青羊区,103.968664,30.696064
开心棋牌(纬八路),sports,体育休闲服务;娱乐场所;棋牌室,青羊区,103.964677,30.694948
星语心愿KTV(清河一支路),sports,体育休闲服务;娱乐场所;KTV,青羊区,103.970061,30.694526
黄田坝街道联工社区日间照料中心,sports,体育休闲服务;度假疗养场所;疗养院,青羊区,103.973299,30.694945
青羊区黄田坝街道(成航社区)综合文体活动中心,sports,体育休闲服务;休闲场所;休闲场所,青羊区,103.972343,30.692705
爱之梦KTV,sports,体育休闲服务;娱乐场所;KTV,青羊区,103.970348,30.695276
优等氧吧,sports,体育休闲服务;体育休闲服务场所;体育休闲服务场所,青羊区,103.969453,30.696042
九号足球公园,sports,体育休闲服务;运动场馆;运动场所,青羊区,103.979188,30.690064
柏斯骄,sports,体育休闲服务;娱乐场所;酒吧|餐饮服务;咖啡厅;咖啡厅,青羊区,104.003494,30.692869
欢乐迪氧吧KTV(蜀汉店),sports,体育休闲服务;娱乐场所;KTV,金牛区,104.009853,30.697408
美格健身(蜀汉店),sports,体育休闲服务;运动场馆;健身中心,金牛区,104.013446,30.693703
金粉世家,sports,体育休闲服务;娱乐场所;KTV,金牛区,104.013562,30.694121
金沙街道文体活动中心,sports,体育休闲服务;休闲场所;休闲场所,青羊区,104.003918,30.694587
阳光金沙老年活动室,sports,体育休闲服务;休闲场所;休闲场所,金牛区,104.009627,30.692008
安怡网吧,sports,体育休闲服务;娱乐场所;网吧,金牛区,104.009814,30.699212
玄竞电竞俱乐部,sports,体育休闲服务;娱乐场所;网吧,青羊区,104.005373,30.691553
益人生态瑜伽馆,sports,体育休闲服务;运动场馆;健身中心,金牛区,104.010066,30.696121
婵院瑜伽(金沙店),sports,体育休闲服务;运动场馆;健身中心,金牛区,104.011178,30.695277
皇后大道演艺俱乐部,sports,体育休闲服务;娱乐场所;娱乐场所|体育休闲服务;影剧院;影剧院相关,青羊区,104.007665,30.693395
天伦网吧,sports,体育休闲服务;娱乐场所;网吧,金牛区,104.01254,30.692517
598网咖,sports,体育休闲服务;娱乐场所;网吧,金牛区,104.011318,30.695965
网咖2F,sports,体育休闲服务;体育休闲服务场所;体育休闲服务场所,金牛区,104.01134,30.696103
棋牌茶麻将,sports,体育休闲服务;体育休闲服务场所;体育休闲服务场所,金牛区,104.012665,30.691335
玩赚会所,sports,体育休闲服务;体育休闲服务场所;体育休闲服务场所,金牛区,104.013404,30.697088
品茗棋牌浴足,sports,体育休闲服务;体育休闲服务场所;体育休闲服务场所,青羊区,104.007635,30.693279
茗仕会所,sports,体育休闲服务;休闲场所;休闲场所,青羊区,104.00429,30.694576
达尔宫户外运动,sports,体育休闲服务;休闲场所;休闲场所,金牛区,104.010947,30.694148
喜善堂,sports,体育休闲服务;休闲场所;休闲场所,金牛区,104.009723,30.696858
尊上,sports,体育休闲服务;娱乐场所;KTV,金牛区,104.009625,30.697587
直雨麻将室,sports,体育休闲服务;娱乐场所;棋牌室,金牛区,104.008359,30.689918
顺和麻将室,sports,体育休闲服务;娱乐场所;棋牌室,金牛区,104.009687,30.692104
诗静阁茶楼网吧,sports,体育休闲服务;娱乐场所;网吧,金牛区,104.012605,30.692657
佑逸演艺,sports,体育休闲服务;体育休闲服务场所;体育休闲服务场所,金牛区,104.007072,30.698347
绿杨会所,sports,体育休闲服务;体育休闲服务场所;体育休闲服务场所,金牛区,104.013605,30.692515
四川阳光体育俱乐部,sports,体育休闲服务;体育休闲服务场所;体育休闲服务场所,金牛区,104.015467,30.698464
金澜湾保健健身服务部,sports,体育休闲服务;运动场馆;健身中心,金牛区,104.016732,30.695652
眉飞色舞,sports,体育休闲服务;娱乐场所;迪厅,金牛区,104.016093,30.691983
金龙玉凤,sports,体育休闲服务;娱乐场所;KTV,金牛区,104.020922,30.693937
金话筒录音棚酒吧,sports,体育休闲服务;娱乐场所;酒吧,金牛区,104.022065,30.695525
V-MUSE,sports,体育休闲服务;娱乐场所;KTV|体育休闲服务;休闲场所;休闲场所,金牛区,104.022263,30.695676
牧羊星网络会所,sports,体育休闲服务;娱乐场所;网吧,金牛区,104.013792,30.696801
金品印象1798娱乐会所,sports,体育休闲服务;娱乐场所;娱乐场所,金牛区,104.020828,30.694535
赛秦淮量贩KTV,sports,体育休闲服务;娱乐场所;KTV,金牛区,104.023538,30.695061
亮量贩KTV,sports,体育休闲服务;娱乐场所;KTV,金牛区,104.017239,30.690884
夜精灵,sports,体育休闲服务;娱乐场所;酒吧,金牛区,104.021641,30.695219
酷姿音乐酒吧,sports,体育休闲服务;娱乐场所;酒吧,金牛区,104.021504,30.695148
万世豪岭音乐酒吧公馆,sports,体育休闲服务;娱乐场所;酒吧,金牛区,104.020525,30.694311
斯巴达克网咖(蜀汉路),sports,体育休闲服务;娱乐场所;网吧,金牛区,104.015891,30.692116
亿麦空间网吧,sports,体育休闲服务;娱乐场所;网吧,金牛区,104.015146,30.697911
三和花园游泳池,sports,体育休闲服务;运动场馆;游泳馆,金牛区,104.016833,30.68997
中煌国际量贩KTV,sports,体育休闲服务;娱乐场所;KTV,金牛区,104.021895,30.694887
声阁旋律酒吧,sports,体育休闲服务;娱乐场所;酒吧,金牛区,104.021912,30.695436
永乐宫CLUB,sports,体育休闲服务;娱乐场所;酒吧,金牛区,104.020828,30.694535
西亨国际娱乐会所,sports,体育休闲服务;娱乐场所;KTV,金牛区,104.017259,30.690883
威美斯量贩式KTV(一品天下店),sports,体育休闲服务;娱乐场所;KTV,金牛区,104.020921,30.693936
乌托邦(中环路一品天下大街段),sports,体育休闲服务;娱乐场所;酒吧,金牛区,104.021719,30.695283
陈氏专业修脚店,sports,体育休闲服务;体育休闲服务场所;体育休闲服务场所,金牛区,104.015547,30.697361
咘噜酒吧,sports,体育休闲服务;娱乐场所;酒吧,金牛区,104.022524,30.694762
盈雀健身生活,sports,体育休闲服务;运动场馆;健身中心,金牛区,104.018506,30.692548
斯巴达网吧,sports,体育休闲服务;娱乐场所;网吧,金牛区,104.01568,30.691564
心愿网吧,sports,体育休闲服务;娱乐场所;网吧,金牛区,104.022486,30.694166
夜色娱乐汇,sports,体育休闲服务;体育休闲服务场所;体育休闲服务场所,金牛区,104.015243,30.695548
前锋授权网点,sports,体育休闲服务;体育休闲服务场所;体育休闲服务场所,金牛区,104.018546,30.69803
蓝吧酒吧,sports,体育休闲服务;娱乐场所;酒吧,金牛区,104.022528,30.694776
17户外主题吧,sports,体育休闲服务;娱乐场所;娱乐场所,金牛区,104.02199,30.695468
美丽园音乐酒吧,sports,体育休闲服务;娱乐场所;酒吧,金牛区,104.015266,30.695515
梵音瑜伽(蜀汉路店),sports,体育休闲服务;运动场馆;健身中心,金牛区,104.020896,30.689549
汤姆兰德啤酒屋(一品天下店),sports,体育休闲服务;娱乐场所;酒吧,金牛区,104.022968,30.696281
快乐酒吧(中环路一品天下大街段),sports,体育休闲服务;娱乐场所;酒吧|餐饮服务;冷饮店;冷饮店,金牛区,104.022066,30.695525
星园网咖,sports,体育休闲服务;娱乐场所;网吧,金牛区,104.023154,30.696416
梦缘品茗棋牌,sports,体育休闲服务;娱乐场所;棋牌室,金牛区,104.023303,30.691448
格林·普兰特酒店-棋牌室,sports,体育休闲服务;娱乐场所;棋牌室,金牛区,104.021047,30.694861
品茗棋牌(星河街),sports,体育休闲服务;娱乐场所;棋牌室,金牛区,104.013727,30.690406
时空引擎网络会所(蜀兴店),sports,体育休闲服务;娱乐场所;网吧,金牛区,104.023003,30.691252
炫色,sports,体育休闲服务;娱乐场所;娱乐场所,金牛区,104.020603,30.694362
跨越梦想网吧,sports,体育休闲服务;娱乐场所;网吧,金牛区,104.01587,30.698709
游侠客,sports,体育休闲服务;体育休闲服务场所;体育休闲服务场所,金牛区,104.016105,30.691912
金牛体育中心,sports,体育休闲服务;运动场馆;综合体育馆,金牛区,104.032144,30.693759
金牛体育中心(东北门),sports,体育休闲服务;运动场馆;综合体育馆|通行设施;临街院门;临街院正门,金牛区,104.032623,30.695032
四川阳光体育俱乐部,sports,体育休闲服务;体育休闲服务场所;体育休闲服务场所,金牛区,104.030615,30.693496
金牛体育中心足球场,sports,体育休闲服务;运动场馆;足球场,金牛区,104.032708,30.693566
金牛体育中心田径场,sports,体育休闲服务;运动场馆;运动场所,金牛区,104.032708,30.693566
金牛体育中心乒乓球馆,sports,体育休闲服务;运动场馆;乒乓球馆,金牛区,104.032149,30.693729
奥林游泳池(五里墩路),sports,体育休闲服务;运动场馆;游泳馆,金牛区,104.029808,30.694349
巨民保龄球馆,sports,体育休闲服务;运动场馆;保龄球馆,金牛区,104.032569,30.694616
金牛网球中心,sports,体育休闲服务;运动场馆;网球场,金牛区,104.033454,30.693967
金奥保龄球馆,sports,体育休闲服务;运动场馆;保龄球馆,金牛区,104.032567,30.694615
西门奥林网球俱乐部,sports,体育休闲服务;运动场馆;网球场,金牛区,104.032802,30.693472
金牛棒球场,sports,体育休闲服务;运动场馆;运动场所,金牛区,104.031655,30.694257
柏锐势网球俱乐部,sports,体育休闲服务;运动场馆;网球场,金牛区,104.031473,30.693992
金牛区全民健身活动中心,sports,体育休闲服务;运动场馆;运动场所,金牛区,104.031462,30.694777
金牛网球馆,sports,体育休闲服务;运动场馆;网球场,金牛区,104.031462,30.694777
途睿健身游泳顶峰店,sports,体育休闲服务;运动场馆;健身中心,金牛区,104.032131,30.697654
橙天嘉禾影城(一品店),sports,体育休闲服务;影剧院;电影院,金牛区,104.025604,30.697841
圣凯恩健身俱乐部(一品天下店),sports,体育休闲服务;运动场馆;健身中心,金牛区,104.024224,30.696099
一品歌坊蓝钻量贩KTV,sports,体育休闲服务;娱乐场所;KTV,金牛区,104.024435,30.697053
奇乐儿游乐场(成都华联店),sports,体育休闲服务;体育休闲服务场所;体育休闲服务场所,金牛区,104.024516,30.696403
五里老年活动室,sports,体育休闲服务;休闲场所;休闲场所,金牛区,104.030108,30.695157
pen量版式KTV,sports,体育休闲服务;娱乐场所;KTV,金牛区,104.026568,30.698433
开放式量版KTV,sports,体育休闲服务;娱乐场所;KTV,金牛区,104.026568,30.698433
龙之缘聚网吧,sports,体育休闲服务;娱乐场所;网吧,金牛区,104.023703,30.699241
缘声园酒吧,sports,体育休闲服务;娱乐场所;酒吧,金牛区,104.030512,30.693253
星空峰逸网吧,sports,体育休闲服务;娱乐场所;网吧,金牛区,104.029293,30.693939
西爵1号,sports,体育休闲服务;娱乐场所;酒吧,金牛区,104.0251,30.697337
心悦酒吧,sports,体育休闲服务;娱乐场所;酒吧,金牛区,104.033448,30.692275
V9恒温游泳健身会馆,sports,体育休闲服务;运动场馆;游泳馆,金牛区,104.024775,30.6904
旭灿网咖,sports,体育休闲服务;娱乐场所;网吧,金牛区,104.024246,30.697872
金牛网球会所,sports,体育休闲服务;运动场馆;网球场,金牛区,104.033459,30.692917
顶尚网络,sports,体育休闲服务;娱乐场所;网吧,金牛区,104.028612,30.6917
天籁村酒吧,sports,体育休闲服务;娱乐场所;酒吧,金牛区,104.029551,30.689585
依云酒吧,sports,体育休闲服务;娱乐场所;酒吧,金牛区,104.030615,30.693188
Angel Area,sports,体育休闲服务;娱乐场所;酒吧,金牛区,104.024667,30.695836
威克斯健身会所,sports,体育休闲服务;运动场馆;健身中心,金牛区,104.024798,30.689917
圣珈瑜伽(一品天下店),sports,体育休闲服务;运动场馆;健身中心,金牛区,104.024585,30.697734
蓝光云鼎V9健身房,sports,体育休闲服务;运动场馆;健身中心,金牛区,104.024906,30.690001
益名天下棋牌品茗会所,sports,体育休闲服务;体育休闲服务场所;体育休闲服务场所,金牛区,104.024454,30.696055
权盛台球器械,sports,体育休闲服务;体育休闲服务场所;体育休闲服务场所,金牛区,104.029064,30.697045
跆拳道书法,sports,体育休闲服务;体育休闲服务场所;体育休闲服务场所,金牛区,104.031292,30.693015
乐乐登咖啡酒吧,sports,体育休闲服务;娱乐场所;酒吧,金牛区,104.033338,30.691941
顶峰游泳健身运动俱乐部,sports,体育休闲服务;运动场馆;游泳馆,金牛区,104.031379,30.696898
金牛顶峰游泳健身运动馆,sports,体育休闲服务;运动场馆;健身中心,金牛区,104.031423,30.696887
V9游泳健身预售中心,sports,体育休闲服务;运动场馆;健身中心,金牛区,104.024645,30.690435
欢馨棋牌室,sports,体育休闲服务;娱乐场所;棋牌室,金牛区,104.029657,30.694745
至尊国际,sports,体育休闲服务;娱乐场所;娱乐场所,金牛区,104.025492,30.697487
三乐屋网吧,sports,体育休闲服务;娱乐场所;网吧,金牛区,104.029227,30.693989
中亚国际会所,sports,体育休闲服务;娱乐场所;娱乐场所,金牛区,104.025188,30.691262
升茂酒店-棋牌,sports,体育休闲服务;娱乐场所;棋牌室,金牛区,104.023708,30.69841
四川省奥林搏击俱乐部(五里墩支路),sports,体育休闲服务;运动场馆;运动场所,金牛区,104.031255,30.693115
三友茶座棋牌,sports,体育休闲服务;娱乐场所;棋牌室,金牛区,104.033486,30.691962
闽东电玩城,sports,体育休闲服务;娱乐场所;游戏厅,金牛区,104.033555,30.6918
恩必好大脸猫网咖,sports,体育休闲服务;娱乐场所;网吧,金牛区,104.033555,30.6918
小英棋牌室(安蓉路),sports,体育休闲服务;娱乐场所;棋牌室,金牛区,104.023989,30.69727
大脸猫网吧,sports,体育休闲服务;娱乐场所;网吧,金牛区,104.024404,30.697935
晚霞敬老院,sports,体育休闲服务;度假疗养场所;疗养院,金牛区,104.031585,30.692081
金牛体育中心篮球场,sports,体育休闲服务;运动场馆;篮球场馆,金牛区,104.033841,30.693117
太平洋影城(沙湾店),sports,体育休闲服务;影剧院;电影院,金牛区,104.043174,30.695508
慢镜头私人影院,sports,体育休闲服务;影剧院;电影院,金牛区,104.042976,30.695885
网居网吧(光荣花园店),sports,体育休闲服务;娱乐场所;网吧,金牛区,104.04331,30.690887
悦人间KTV(奥林店),sports,体育休闲服务;娱乐场所;KTV,金牛区,104.034164,30.691404
英雄网咖(新城市广场店),sports,体育休闲服务;娱乐场所;网吧,金牛区,104.033925,30.69006
金牛区老干部活动中心,sports,体育休闲服务;休闲场所;休闲场所,金牛区,104.037355,30.690765
心芳情歌舞厅,sports,体育休闲服务;娱乐场所;迪厅,金牛区,104.037462,30.689949
可可主题唱吧,sports,体育休闲服务;娱乐场所;KTV,金牛区,104.035057,30.692434
梦鸟网吧,sports,体育休闲服务;娱乐场所;网吧,金牛区,104.041039,30.696857
提艾斯Bar,sports,体育休闲服务;娱乐场所;酒吧,金牛区,104.043037,30.694047
天赐湾录音棚主题唱吧(化成店),sports,体育休闲服务;娱乐场所;KTV,金牛区,104.033698,30.692611
悠游堂(二环路北一段),sports,体育休闲服务;休闲场所;休闲场所,金牛区,104.043174,30.695508
一只眼私人定制影吧,sports,体育休闲服务;体育休闲服务场所;体育休闲服务场所,金牛区,104.043035,30.695829
丽都国际商务会所(二环路北一段),sports,体育休闲服务;娱乐场所;娱乐场所,金牛区,104.041694,30.694725
天娇网吧,sports,体育休闲服务;娱乐场所;网吧,金牛区,104.040956,30.697386
豪情酒吧,sports,体育休闲服务;娱乐场所;酒吧,金牛区,104.035078,30.691711
八段锦美肤健身广场,sports,体育休闲服务;运动场馆;健身中心,金牛区,104.040137,30.693713
5+5网吧,sports,体育休闲服务;娱乐场所;网吧,金牛区,104.037111,30.697498
乐乐DIY乐园,sports,体育休闲服务;体育休闲服务场所;体育休闲服务场所,金牛区,104.0432,30.695816
星空网络(二环路西三段),sports,体育休闲服务;娱乐场所;网吧,金牛区,104.033942,30.690042
欧利多酒吧,sports,体育休闲服务;娱乐场所;酒吧,金牛区,104.033755,30.692686
西城演绎酒吧,sports,体育休闲服务;娱乐场所;酒吧,金牛区,104.037928,30.692501
贵金音像酒吧,sports,体育休闲服务;娱乐场所;酒吧,金牛区,104.035186,30.6923
旧城酒吧,sports,体育休闲服务;娱乐场所;酒吧,金牛区,104.033653,30.692551
Show Me酒吧,sports,体育休闲服务;娱乐场所;酒吧,金牛区,104.034168,30.692961
奇迹健身(沙湾凯德店),sports,体育休闲服务;运动场馆;健身中心,金牛区,104.043174,30.695508
奥林歌舞城,sports,体育休闲服务;娱乐场所;迪厅,金牛区,104.035058,30.692432
顽主网咖,sports,体育休闲服务;娱乐场所;网吧,金牛区,104.042566,30.696671
伽怡瑜伽,sports,体育休闲服务;运动场馆;健身中心,金牛区,104.035054,30.699094
善菩瑜伽,sports,体育休闲服务;运动场馆;健身中心,金牛区,104.038631,30.689776
宇之扬网络会所,sports,体育休闲服务;娱乐场所;网吧,金牛区,104.038878,30.689677
春天里歌舞厅,sports,体育休闲服务;娱乐场所;迪厅,金牛区,104.034303,30.692855
格桑花酒吧,sports,体育休闲服务;娱乐场所;酒吧,金牛区,104.034115,30.693087
星空网络,sports,体育休闲服务;娱乐场所;网吧,金牛区,104.041136,30.696837
金沙路社区老年活动中心,sports,体育休闲服务;休闲场所;休闲场所,金牛区,104.042994,30.691595
网咖,sports,体育休闲服务;娱乐场所;网吧,金牛区,104.0421,30.696454
梵迦珞瑜伽,sports,体育休闲服务;运动场馆;健身中心,金牛区,104.04307,30.695774
金卡罗舞城,sports,体育休闲服务;娱乐场所;迪厅,金牛区,104.034164,30.691404
品茗棋牌宽带,sports,体育休闲服务;娱乐场所;娱乐场所,金牛区,104.03858,30.690383
营门口路社区未成年人活动室,sports,体育休闲服务;休闲场所;休闲场所,金牛区,104.034978,30.698059
眼哥棋牌室,sports,体育休闲服务;娱乐场所;棋牌室,金牛区,104.041114,30.698153
金丽会所,sports,体育休闲服务;娱乐场所;娱乐场所,金牛区,104.040235,30.696937
闲人居会所,sports,体育休闲服务;体育休闲服务场所;体育休闲服务场所,金牛区,104.038491,30.697553
青春俱乐部,sports,体育休闲服务;体育休闲服务场所;体育休闲服务场所,金牛区,104.043096,30.695802
好友休闲室,sports,体育休闲服务;娱乐场所;娱乐场所,金牛区,104.052722,30.692631
棕榈泉游泳馆,sports,体育休闲服务;运动场馆;游泳馆,金牛区,104.045121,30.695103
金话筒量贩式KTV,sports,体育休闲服务;娱乐场所;KTV,金牛区,104.047298,30.693883
加园国际,sports,体育休闲服务;娱乐场所;KTV,金牛区,104.047322,30.693923
芙蓉村卡拉OK,sports,体育休闲服务;娱乐场所;KTV,金牛区,104.049063,30.690141
金瑞娱乐,sports,体育休闲服务;体育休闲服务场所;体育休闲服务场所,金牛区,104.048978,30.6926
伊皇台球城,sports,体育休闲服务;运动场馆;台球厅,金牛区,104.046602,30.697746
乐翻天量贩式KTV(沙湾店),sports,体育休闲服务;娱乐场所;KTV,金牛区,104.049111,30.690836
佳一台球(沙湾店),sports,体育休闲服务;运动场馆;台球厅,金牛区,104.048097,30.693187
淘气城儿童乐园(沙湾书城店),sports,体育休闲服务;休闲场所;游乐场,金牛区,104.047886,30.693299
明心缘,sports,体育休闲服务;体育休闲服务场所;体育休闲服务场所,金牛区,104.046932,30.693353
戏游计,sports,体育休闲服务;运动场馆;台球厅,金牛区,104.046722,30.698071
麦田网吧,sports,体育休闲服务;体育休闲服务场所;体育休闲服务场所,金牛区,104.052033,30.694619
金键盘网咖,sports,体育休闲服务;娱乐场所;网吧,金牛区,104.043815,30.693409
世纪缤纷网吧(沙湾路),sports,体育休闲服务;娱乐场所;网吧,金牛区,104.048782,30.69263
有一家瑜伽馆,sports,体育休闲服务;运动场馆;健身中心,金牛区,104.049151,30.692952
瀞瑜伽,sports,体育休闲服务;运动场馆;健身中心,金牛区,104.049304,30.693098
冈萨雷斯网球俱乐部(沙湾店),sports,体育休闲服务;运动场馆;网球场,金牛区,104.046499,30.693286
祺馨国际健身(金牛店),sports,体育休闲服务;运动场馆;健身中心,金牛区,104.047587,30.69314
网吧台球,sports,体育休闲服务;运动场馆;台球厅,金牛区,104.048231,30.693135
鼎力国际健身,sports,体育休闲服务;运动场馆;健身中心,金牛区,104.048897,30.692986
沙湾羽毛球会馆,sports,体育休闲服务;运动场馆;羽毛球场,金牛区,104.047587,30.69314
金键盘网咖,sports,体育休闲服务;娱乐场所;网吧,金牛区,104.045836,30.690818
悠然瑜伽会所(沙湾路),sports,体育休闲服务;运动场馆;健身中心,金牛区,104.048206,30.69639
万思达电竞网吧(二环路北一段),sports,体育休闲服务;娱乐场所;网吧,金牛区,104.048127,30.696589
金翼健身(祺馨店),sports,体育休闲服务;运动场馆;健身中心,金牛区,104.047391,30.692611
临桂乔社区多功能活动室,sports,体育休闲服务;体育休闲服务场所;体育休闲服务场所,金牛区,104.043893,30.698164
雀友汇(圃园南一路),sports,体育休闲服务;娱乐场所;棋牌室,金牛区,104.052645,30.695206
主流网咖(沙湾店),sports,体育休闲服务;娱乐场所;网吧,金牛区,104.048097,30.693187
轻松小站网吧,sports,体育休闲服务;体育休闲服务场所;体育休闲服务场所,金牛区,104.052438,30.696019
乐天伦老年俱乐部(沙湾东一路),sports,体育休闲服务;休闲场所;休闲场所,金牛区,104.050574,30.690923
檀香花园棋牌室,sports,体育休闲服务;娱乐场所;棋牌室,金牛区,104.047298,30.693883
久桢堂,sports,体育休闲服务;娱乐场所;棋牌室,金牛区,104.05176,30.695433
忠武跆拳道,sports,体育休闲服务;运动场馆;跆拳道场馆,金牛区,104.046602,30.697746
北京静悦瑜伽馆俱乐部(沙湾店),sports,体育休闲服务;运动场馆;健身中心,金牛区,104.047925,30.696312
龙在天动漫游戏中心,sports,体育休闲服务;娱乐场所;游戏厅,金牛区,104.047298,30.693883
成都汉武堂跆拳道(沙湾校区),sports,体育休闲服务;运动场馆;跆拳道场馆,金牛区,104.049239,30.693038
小杨妹麻将馆,sports,体育休闲服务;娱乐场所;棋牌室,金牛区,104.04754,30.690064
木叶网咖,sports,体育休闲服务;娱乐场所;网吧,金牛区,104.048742,30.692522
英皇台球室,sports,体育休闲服务;运动场馆;台球厅,金牛区,104.046236,30.697294
银河(九里堤中路),sports,体育休闲服务;体育休闲服务场所;体育休闲服务场所,金牛区,104.055426,30.698214
月亮湾KTV酒吧,sports,体育休闲服务;娱乐场所;KTV,金牛区,104.055479,30.698155
全兴花园游泳池,sports,体育休闲服务;运动场馆;游泳馆,金牛区,104.056156,30.695565
子不语酒吧,sports,体育休闲服务;娱乐场所;酒吧,金牛区,104.055479,30.697728
蓝雨酒吧,sports,体育休闲服务;娱乐场所;酒吧,金牛区,104.055397,30.697577
爱尚好声音量贩式KTV(北站西二路店),sports,体育休闲服务;娱乐场所;KTV,金牛区,104.063513,30.692734
紫气东来网城,sports,体育休闲服务;娱乐场所;网吧,金牛区,104.063372,30.697504
阿伦故事(二环路店),sports,体育休闲服务;体育休闲服务场所;体育休闲服务场所,金牛区,104.055094,30.697625
研磨时间网咖,sports,体育休闲服务;娱乐场所;网吧,金牛区,104.060404,30.691519
铂金网吧,sports,体育休闲服务;娱乐场所;网吧,金牛区,104.054529,30.69331
群众歌舞厅,sports,体育休闲服务;娱乐场所;迪厅,金牛区,104.054899,30.695615
百乐门网咖,sports,体育休闲服务;娱乐场所;网吧,金牛区,104.055041,30.698098
禹龙聚友堂,sports,体育休闲服务;休闲场所;休闲场所,金牛区,104.060037,30.69685
星期八网吧(九里堤中路),sports,体育休闲服务;娱乐场所;网吧,金牛区,104.055006,30.697563
光年清吧,sports,体育休闲服务;娱乐场所;KTV|体育休闲服务;娱乐场所;酒吧,金牛区,104.055163,30.6979
的哥麻将室,sports,体育休闲服务;娱乐场所;棋牌室,金牛区,104.053814,30.695392
8加1主题酒吧(交大店),sports,体育休闲服务;娱乐场所;酒吧,金牛区,104.055042,30.698165
畅游空间网络生活馆,sports,体育休闲服务;娱乐场所;网吧,金牛区,104.054066,30.6917
佳五星网吧,sports,体育休闲服务;娱乐场所;网吧,金牛区,104.063351,30.691483
醉爱,sports,体育休闲服务;体育休闲服务场所;体育休闲服务场所,金牛区,104.053947,30.695306
快耍慢活电竞俱乐部,sports,体育休闲服务;娱乐场所;网吧,金牛区,104.055178,30.693628
青一色棋牌室,sports,体育休闲服务;娱乐场所;棋牌室,金牛区,104.054125,30.695534
荷花池街道老年大学西北桥社区活动中心,sports,体育休闲服务;休闲场所;休闲场所,金牛区,104.061684,30.691758
老地方录音棚酒吧(九里堤中路),sports,体育休闲服务;娱乐场所;酒吧,金牛区,104.055015,30.697672
成都木材综合工厂职工文化活动中心,sports,体育休闲服务;休闲场所;休闲场所,金牛区,104.060978,30.69053
垒鑫荟吧台,sports,体育休闲服务;娱乐场所;网吧,金牛区,104.0588,30.690665
成都铁路体育馆,sports,体育休闲服务;运动场馆;综合体育馆,金牛区,104.07264,30.696462
成铁局成都北站文体活动中心体育馆,sports,体育休闲服务;运动场馆;综合体育馆,金牛区,104.072247,30.696444
铁路局成都文体俱乐部,sports,体育休闲服务;运动场馆;健身中心,金牛区,104.072446,30.696234
T博士密室(金牛万达店),sports,体育休闲服务;休闲场所;游乐场,金牛区,104.072907,30.690262
亮点亮网吧,sports,体育休闲服务;娱乐场所;网吧,金牛区,104.063784,30.691847
天府在线网吧,sports,体育休闲服务;娱乐场所;网吧,金牛区,104.069993,30.697235
飞越溜冰城,sports,体育休闲服务;运动场馆;溜冰场,金牛区,104.072254,30.697213
飞跃旱冰场,sports,体育休闲服务;运动场馆;溜冰场,金牛区,104.072464,30.697296
Eleven啤酒吧,sports,体育休闲服务;娱乐场所;酒吧,金牛区,104.072406,30.691315
爱尚好声音量贩式KTV(北站西二路店),sports,体育休闲服务;娱乐场所;KTV,金牛区,104.063513,30.692734
杰拉网咖(金牛万达店),sports,体育休闲服务;娱乐场所;网吧,金牛区,104.072203,30.690786
breo(万达广场金牛店),sports,体育休闲服务;运动场馆;运动场所,金牛区,104.071395,30.690008
唐文广场网络城,sports,体育休闲服务;体育休闲服务场所;体育休闲服务场所,金牛区,104.070195,30.695912
瑞腾网咖(金牛万达店),sports,体育休闲服务;娱乐场所;网吧,金牛区,104.072615,30.690942
万通网吧(二环路北三段),sports,体育休闲服务;娱乐场所;网吧,金牛区,104.072254,30.697213
斯宾网吧(公交路),sports,体育休闲服务;娱乐场所;网吧,金牛区,104.069373,30.697674
金瓯网咖,sports,体育休闲服务;娱乐场所;网吧,金牛区,104.07297,30.690361
万通网吧B区,sports,体育休闲服务;娱乐场所;网吧,金牛区,104.072232,30.697199
可尔网咖,sports,体育休闲服务;娱乐场所;网吧,金牛区,104.072643,30.692126
鑫辉波阳家园俱乐部,sports,体育休闲服务;体育休闲服务场所;体育休闲服务场所,金牛区,104.071091,30.691691
太空舱尚俭,sports,体育休闲服务;体育休闲服务场所;体育休闲服务场所,金牛区,104.069356,30.697756
源动力俱乐部成都分部,sports,体育休闲服务;体育休闲服务场所;体育休闲服务场所,金牛区,104.070991,30.691123
tiful bar,sports,体育休闲服务;体育休闲服务场所;体育休闲服务场所,金牛区,104.07249,30.690148
金牛区养老中心,sports,体育休闲服务;体育休闲服务场所;体育休闲服务场所,金牛区,104.066849,30.698339
铁道大酒店-健身,sports,体育休闲服务;运动场馆;健身中心,金牛区,104.070319,30.693387
MAYA瑜伽馆(金牛万达店),sports,体育休闲服务;运动场馆;健身中心,金牛区,104.071277,30.68948
芙蓉丽庭酒店-健身房,sports,体育休闲服务;运动场馆;健身中心,金牛区,104.06402,30.690356
快乐河桌游室,sports,体育休闲服务;娱乐场所;娱乐场所,金牛区,104.070952,30.689454
芙蓉丽庭酒店-乒乓球室,sports,体育休闲服务;运动场馆;乒乓球馆,金牛区,104.06402,30.690356
成都大酒店-棋牌室,sports,体育休闲服务;娱乐场所;棋牌室,金牛区,104.070223,30.696077
茶坊动漫乐园,sports,体育休闲服务;娱乐场所;游戏厅,金牛区,104.072232,30.697199
海洋探险动漫城,sports,体育休闲服务;娱乐场所;游戏厅,金牛区,104.071938,30.697711
晨枫动漫(图书大厦店),sports,体育休闲服务;娱乐场所;娱乐场所,金牛区,104.071228,30.695834
茶棋牌,sports,体育休闲服务;娱乐场所;棋牌室,金牛区,104.072232,30.697199
财智人生富爸爸现金流桌游体验室,sports,体育休闲服务;娱乐场所;娱乐场所,金牛区,104.071118,30.690808
MS魔幻空间密室逃脱(金牛万达店),sports,体育休闲服务;娱乐场所;游戏厅,金牛区,104.071999,30.690639
KTV·演艺大厅,sports,体育休闲服务;体育休闲服务场所;体育休闲服务场所,金牛区,104.06402,30.690357
一乐游戏,sports,体育休闲服务;体育休闲服务场所;体育休闲服务场所,金牛区,104.071125,30.691677
个性休闲区,sports,体育休闲服务;体育休闲服务场所;体育休闲服务场所,金牛区,104.075242,30.690684
京蓉网吧,sports,体育休闲服务;娱乐场所;网吧,金牛区,104.083125,30.695951
红森网吧,sports,体育休闲服务;娱乐场所;网吧,金牛区,104.073514,30.697874
宏正会所(北站店),sports,体育休闲服务;娱乐场所;KTV,金牛区,104.076198,30.696432
红房子,sports,体育休闲服务;娱乐场所;KTV,金牛区,104.081772,30.697264
呼吸网络沙龙,sports,体育休闲服务;娱乐场所;网吧,金牛区,104.08053,30.689996
祯逸网吧,sports,体育休闲服务;娱乐场所;网吧,金牛区,104.081212,30.690591
优噜网吧,sports,体育休闲服务;娱乐场所;网吧,金牛区,104.08047,30.692572
盛唐网吧(二环路北三段),sports,体育休闲服务;娱乐场所;网吧,金牛区,104.083216,30.695774
英皇堡罗,sports,体育休闲服务;体育休闲服务场所;体育休闲服务场所,金牛区,104.074743,30.692403
棋牌茶机麻活动室,sports,体育休闲服务;体育休闲服务场所;体育休闲服务场所,金牛区,104.075334,30.697386
白银帝国,sports,体育休闲服务;体育休闲服务场所;体育休闲服务场所,金牛区,104.075615,30.69134
吧嗒吧嗒,sports,体育休闲服务;体育休闲服务场所;体育休闲服务场所,金牛区,104.077258,30.693454
星空吕洞缤网吧,sports,体育休闲服务;娱乐场所;网吧,金牛区,104.079934,30.689439
四川奥新空手道俱乐部北门道馆,sports,体育休闲服务;运动场馆;运动场所,金牛区,104.076691,30.690146
高老幺茶座棋牌,sports,体育休闲服务;娱乐场所;棋牌室,金牛区,104.076403,30.698246
龙园,sports,体育休闲服务;娱乐场所;棋牌室,金牛区,104.081835,30.694206
荷花池社区活动室,sports,体育休闲服务;娱乐场所;棋牌室,金牛区,104.0756,30.697251
香格里拉KTV(三友路),sports,体育休闲服务;娱乐场所;KTV,成华区,104.092484,30.691151
堡格莱斯健身会(金牛店),sports,体育休闲服务;运动场馆;健身中心,金牛区,104.085093,30.691118
冲浪网吧(解放路店),sports,体育休闲服务;娱乐场所;网吧,金牛区,104.0856,30.691985
蓝桥KTV(高笋塘店),sports,体育休闲服务;娱乐场所;KTV,成华区,104.091259,30.692622
9号公馆商务量贩KTV(李家沱店),sports,体育休闲服务;娱乐场所;KTV,成华区,104.09119,30.692549
星空网吧(红花东路),sports,体育休闲服务;娱乐场所;网吧,金牛区,104.083945,30.692536
金鑫KTV(红花北路),sports,体育休闲服务;娱乐场所;KTV,金牛区,104.083563,30.693642
春天酒店行政酒廊,sports,体育休闲服务;娱乐场所;酒吧,金牛区,104.086131,30.695348
千禧网吧(解放路一段),sports,体育休闲服务;娱乐场所;网吧,金牛区,104.086835,30.69391
紫金极速网咖,sports,体育休闲服务;娱乐场所;网吧,金牛区,104.08504,30.695828
党员活动室,sports,体育休闲服务;体育休闲服务场所;体育休闲服务场所,金牛区,104.086863,30.692759
春天酒店-健身中心,sports,体育休闲服务;运动场馆;健身中心,金牛区,104.086131,30.695354
红灯笼棋牌室(红花东路),sports,体育休闲服务;娱乐场所;棋牌室,金牛区,104.08423,30.692391
千鑫网吧,sports,体育休闲服务;娱乐场所;网吧,金牛区,104.086877,30.693827
汇融名城游泳池,sports,体育休闲服务;运动场馆;游泳馆,成华区,104.093872,30.694632
飓风网,sports,体育休闲服务;体育休闲服务场所;体育休闲服务场所,成华区,104.096325,30.698659
星空梦游青春网吧,sports,体育休闲服务;娱乐场所;网吧,成华区,104.095174,30.693943
公元碎蝶网络会所(浅水半岛旗舰店),sports,体育休闲服务;娱乐场所;网吧,成华区,104.103228,30.689452
浅水半岛c区网球场,sports,体育休闲服务;运动场馆;网球场,成华区,104.101916,30.690285
永立星城都高尔夫球场,sports,体育休闲服务;高尔夫相关;高尔夫球场,成华区,104.098773,30.693097
桥恋卡拉OK,sports,体育休闲服务;娱乐场所;KTV|体育休闲服务;娱乐场所;酒吧,成华区,104.108842,30.690942
洪飞麻将室,sports,体育休闲服务;体育休闲服务场所;体育休闲服务场所,成华区,104.105543,30.689885
东郊会所,sports,体育休闲服务;娱乐场所;娱乐场所,成华区,104.109957,30.690656
聚贤居,sports,体育休闲服务;娱乐场所;棋牌室,成华区,104.106164,30.692368
盛世桃园KTV(驷马桥路),sports,体育休闲服务;娱乐场所;KTV,成华区,104.10395,30.697479
品茶台球,sports,体育休闲服务;运动场馆;台球厅,成华区,104.115592,30.689699
机车厂游泳池,sports,体育休闲服务;运动场馆;游泳馆,成华区,104.140463,30.690283
民兴网吧,sports,体育休闲服务;娱乐场所;网吧,成华区,104.136929,30.689897
天一龙渔场,sports,体育休闲服务;休闲场所;垂钓园,成华区,104.149124,30.692494
彝水情音乐广场,sports,体育休闲服务;休闲场所;休闲场所,成华区,104.149937,30.69137
鑫基地k丅v,sports,体育休闲服务;体育休闲服务场所;体育休闲服务场所,成华区,104.163388,30.695226
天宇网吧(宝耳路),sports,体育休闲服务;娱乐场所;网吧,成华区,104.162363,30.695885
凯乐迪KTV(六合广场店),sports,体育休闲服务;娱乐场所;KTV,成华区,104.17065,30.698443
热恋岛量贩KTV(龙潭店),sports,体育休闲服务;娱乐场所;KTV,成华区,104.165086,30.698019
星空网吧台球,sports,体育休闲服务;娱乐场所;网吧,成华区,104.165078,30.697634
百菲特健身房,sports,体育休闲服务;运动场馆;健身中心,成华区,104.164792,30.698077
自定意网吧,sports,体育休闲服务;娱乐场所;网吧,成华区,104.173034,30.696933
鹤林社区老年活动广场,sports,体育休闲服务;体育休闲服务场所;体育休闲服务场所,成华区,104.167417,30.695586
LTS网咖,sports,体育休闲服务;娱乐场所;网吧,成华区,104.163938,30.695244
天泽御府,sports,体育休闲服务;休闲场所;休闲场所,成华区,104.164384,30.698769
潮乐网咖(华泰路店),sports,体育休闲服务;娱乐场所;网吧,成华区,104.164381,30.698766
成华街头篮球场,sports,体育休闲服务;运动场馆;篮球场馆,成华区,104.166773,30.698719
鑫基地KTV,sports,体育休闲服务;娱乐场所;KTV,成华区,104.163938,30.695244
露天儿童乐园,sports,体育休闲服务;休闲场所;游乐场,成华区,104.170464,30.69856
聚点量贩KTV(成宏路),sports,体育休闲服务;娱乐场所;KTV,成华区,104.176674,30.69652
噜咔网咖,sports,体育休闲服务;娱乐场所;网吧,成华区,104.175095,30.696465
儿童乐园(汇润国际西南),sports,体育休闲服务;休闲场所;游乐场,成华区,104.179285,30.691631
多瑙河啤酒馆,sports,体育休闲服务;娱乐场所;酒吧,成华区,104.178223,30.690427
香格里拉酒吧,sports,体育休闲服务;娱乐场所;酒吧,成华区,104.178521,30.690349
五羊网吧,sports,体育休闲服务;娱乐场所;网吧,成华区,104.17372,30.696388
星空天际网吧,sports,体育休闲服务;娱乐场所;网吧,成华区,104.176707,30.696726
星梦网咖,sports,体育休闲服务;娱乐场所;网吧,青羊区,103.966093,30.681015
翠微清波恒温游泳馆,sports,体育休闲服务;运动场馆;游泳馆,青羊区,103.982669,30.682185
龙湖翠微清波网球场,sports,体育休闲服务;运动场馆;网球场,青羊区,103.980655,30.681253
COCO网吧,sports,体育休闲服务;娱乐场所;网吧,青羊区,103.982869,30.685678
九号传奇足球音乐公园,sports,体育休闲服务;运动场馆;足球场,青羊区,103.979619,30.68947
龙族部落网络会所,sports,体育休闲服务;娱乐场所;网吧,青羊区,103.981795,30.680114
103网吧,sports,体育休闲服务;娱乐场所;网吧,青羊区,103.976537,30.683092
银钻量贩式KTV,sports,体育休闲服务;娱乐场所;KTV,青羊区,103.986276,30.681086
欢乐纯K量贩KTV,sports,体育休闲服务;娱乐场所;KTV,青羊区,103.986393,30.680792
成星网吧,sports,体育休闲服务;娱乐场所;网吧,青羊区,103.984754,30.680029
海棠会馆,sports,体育休闲服务;体育休闲服务场所;体育休闲服务场所,青羊区,103.990066,30.686929
锐朗健身(金沙店),sports,体育休闲服务;运动场馆;健身中心,青羊区,103.990072,30.686871
惠健身,sports,体育休闲服务;运动场馆;健身中心,青羊区,103.986276,30.681086
雀友之家,sports,体育休闲服务;体育休闲服务场所;体育休闲服务场所,青羊区,103.990961,30.684857
苏坡街道综合文化活动中心,sports,体育休闲服务;休闲场所;休闲场所,青羊区,103.984182,30.680185
青江社区老年人活动室,sports,体育休闲服务;休闲场所;休闲场所,青羊区,103.989344,30.682735
小时代网咖,sports,体育休闲服务;娱乐场所;网吧,青羊区,103.993141,30.686491
金沙榆景老年活动室,sports,体育休闲服务;娱乐场所;棋牌室,青羊区,103.988889,30.689121
敏濠ITF国际跆拳道,sports,体育休闲服务;运动场馆;跆拳道场馆,青羊区,103.989255,30.682761
正统跆拳道(敏濠itf国际跆拳道),sports,体育休闲服务;运动场馆;跆拳道场馆,青羊区,103.988626,30.682321
鸿运之星网吧,sports,体育休闲服务;娱乐场所;网吧,青羊区,103.984283,30.680043
金鹏社区晚霞居家养老服务站,sports,体育休闲服务;度假疗养场所;疗养院,青羊区,103.998767,30.681029
武当松溪太极,sports,体育休闲服务;运动场馆;运动场所|风景名胜;风景名胜相关;旅游景点,青羊区,104.002026,30.682786
考拉大冒险(金泽路),sports,体育休闲服务;休闲场所;游乐场,青羊区,104.001282,30.68758
金沙金雅利游泳池(金沙西园2期),sports,体育休闲服务;运动场馆;游泳馆,青羊区,104.001359,30.682283
成都创艺坊DIY儿童乐园,sports,体育休闲服务;休闲场所;游乐场,青羊区,104.000983,30.687442
B2进口啤酒馆,sports,体育休闲服务;娱乐场所;酒吧|购物服务;专卖店;烟酒专卖店,青羊区,104.001013,30.687668
印象网咖(蜀源路),sports,体育休闲服务;娱乐场所;网吧,青羊区,104.00358,30.682321
火星人网咖金沙店,sports,体育休闲服务;体育休闲服务场所;体育休闲服务场所,青羊区,103.994801,30.6831
圣珈瑜伽(世纪金沙店),sports,体育休闲服务;运动场馆;健身中心,青羊区,103.99837,30.685501
星工厂足球俱乐部,sports,体育休闲服务;运动场馆;足球场,青羊区,103.99436,30.682933
荒堂派对轰趴馆(金沙店),sports,体育休闲服务;体育休闲服务场所;体育休闲服务场所,青羊区,104.000562,30.682706
绿动健身(金泽路),sports,体育休闲服务;运动场馆;健身中心,青羊区,104.000576,30.687839
达尔奇网咖,sports,体育休闲服务;娱乐场所;网吧,青羊区,103.997913,30.685404
Box Beer进口啤酒体验馆,sports,体育休闲服务;娱乐场所;酒吧,青羊区,104.002527,30.682722
四川省八极搏击俱乐部,sports,体育休闲服务;运动场馆;运动场所,青羊区,103.997374,30.687275
美迪奇健身,sports,体育休闲服务;运动场馆;健身中心,青羊区,103.994808,30.681186
网吧春天,sports,体育休闲服务;体育休闲服务场所;体育休闲服务场所,青羊区,104.00368,30.682522
崇孝养老机构(金阳路),sports,体育休闲服务;度假疗养场所;疗养院,青羊区,103.99583,30.685721
众梵金沙瑜伽馆,sports,体育休闲服务;运动场馆;健身中心,青羊区,103.998403,30.68563
Brick by Brick乐高俱乐部(金沙店),sports,体育休闲服务;娱乐场所;娱乐场所,青羊区,103.999571,30.686879
公共篮球场,sports,体育休闲服务;运动场馆;篮球场馆,青羊区,104.000663,30.682224
晚霞居家养老服务中心,sports,体育休闲服务;度假疗养场所;疗养院,青羊区,104.00526,30.686395
金沙剧场,sports,体育休闲服务;影剧院;剧场,金牛区,104.009574,30.686965
好乐星KTV(金沙店),sports,体育休闲服务;娱乐场所;KTV,青羊区,104.00667,30.68325
暴雪网吧(金阳路),sports,体育休闲服务;娱乐场所;网吧,青羊区,104.004074,30.681902
迦一瑜伽,sports,体育休闲服务;运动场馆;健身中心,青羊区,104.004783,30.681148
静瑜伽(金沙遗址路),sports,体育休闲服务;运动场馆;健身中心,青羊区,104.004995,30.683758
九荆条网咖,sports,体育休闲服务;娱乐场所;网吧,金牛区,104.011126,30.689392
养老中心,sports,体育休闲服务;体育休闲服务场所;体育休闲服务场所,青羊区,104.006788,30.685786
健身台球咖啡机麻,sports,体育休闲服务;体育休闲服务场所;体育休闲服务场所,青羊区,104.013189,30.682845
金仕豪健身,sports,体育休闲服务;运动场馆;健身中心,青羊区,104.007994,30.681857
悠然SPA美容美体瑜伽健身,sports,体育休闲服务;运动场馆;健身中心,青羊区,104.004986,30.681433
金沙音乐剧,sports,体育休闲服务;体育休闲服务场所;体育休闲服务场所,金牛区,104.009383,30.687205
金仕豪森健身,sports,体育休闲服务;运动场馆;健身中心,青羊区,104.004224,30.681786
金沙社区养老院,sports,体育休闲服务;体育休闲服务场所;体育休闲服务场所,青羊区,104.005782,30.686572
紫桂花园活动中心,sports,体育休闲服务;体育休闲服务场所;体育休闲服务场所,金牛区,104.009298,30.689407
荣德游泳池,sports,体育休闲服务;运动场馆;游泳馆,青羊区,104.023598,30.679738
上善健身服务部,sports,体育休闲服务;运动场馆;健身中心,金牛区,104.02313,30.688036
金牛区国家青少年体育俱乐部营门口小学分部,sports,体育休闲服务;娱乐场所;娱乐场所,金牛区,104.018763,30.688861
金沙海岸会所,sports,体育休闲服务;运动场馆;健身中心,青羊区,104.018807,30.682679
万家灯火量贩KTV(羊西店),sports,体育休闲服务;娱乐场所;KTV,金牛区,104.023477,30.687232
玥悠然国际瑜伽学院(金沙店),sports,体育休闲服务;运动场馆;健身中心,青羊区,104.015345,30.682561
尊尚会所(清溪西路),sports,体育休闲服务;娱乐场所;娱乐场所,青羊区,104.019269,30.681532
隆雪无冬网咖,sports,体育休闲服务;娱乐场所;网吧,金牛区,104.016705,30.689484
神话星晨KTV,sports,体育休闲服务;娱乐场所;KTV,青羊区,104.018079,30.682292
至尊国际俱乐部,sports,体育休闲服务;娱乐场所;KTV,金牛区,104.021885,30.689125
旅人音乐酒吧,sports,体育休闲服务;娱乐场所;酒吧,青羊区,104.015776,30.681939
四海台球,sports,体育休闲服务;运动场馆;台球厅,金牛区,104.019726,30.688371
丹顿网咖,sports,体育休闲服务;娱乐场所;网吧,青羊区,104.017514,30.681925
青铜时代网吧,sports,体育休闲服务;娱乐场所;网吧,青羊区,104.020071,30.680145
香榭名苑游泳池,sports,体育休闲服务;运动场馆;游泳馆,青羊区,104.02032,30.684176
魔力盒子网吧,sports,体育休闲服务;娱乐场所;网吧,青羊区,104.021467,30.684397
致梵网咖(研磨时代店),sports,体育休闲服务;娱乐场所;网吧,金牛区,104.022732,30.688886
天子国会英伦会KTV,sports,体育休闲服务;娱乐场所;KTV,青羊区,104.018858,30.681581
上善道馆(蜀汉店),sports,体育休闲服务;运动场馆;运动场所,金牛区,104.023311,30.687824
空中花园黄金海岸游泳馆,sports,体育休闲服务;运动场馆;游泳馆,金牛区,104.022602,30.688619
演艺大厅豪华KTV包间,sports,体育休闲服务;体育休闲服务场所;体育休闲服务场所,青羊区,104.019151,30.681508
龙之网络会所(中环路同和路段),sports,体育休闲服务;娱乐场所;网吧,金牛区,104.015698,30.688168
金沙.同德名苑,sports,体育休闲服务;休闲场所;休闲场所,青羊区,104.016693,30.683987
星原歌舞厅,sports,体育休闲服务;娱乐场所;迪厅,金牛区,104.01955,30.688158
中老年活动室,sports,体育休闲服务;娱乐场所;娱乐场所,金牛区,104.020432,30.687646
润邦国际酒店康体娱乐中心,sports,体育休闲服务;娱乐场所;娱乐场所,金牛区,104.021885,30.689124
状元府邸小区棋牌室,sports,体育休闲服务;娱乐场所;棋牌室,金牛区,104.02028,30.688445
聚雀缘棋牌室,sports,体育休闲服务;娱乐场所;棋牌室,金牛区,104.01858,30.686418
合十会馆,sports,体育休闲服务;娱乐场所;棋牌室,青羊区,104.017514,30.681925
7号麻将馆,sports,体育休闲服务;娱乐场所;棋牌室,金牛区,104.017669,30.688804
宏鹰跆拳道馆,sports,体育休闲服务;运动场馆;跆拳道场馆,金牛区,104.015715,30.68826
残疾人之家,sports,体育休闲服务;体育休闲服务场所;体育休闲服务场所,青羊区,104.023031,30.683838
聚星休闲会所,sports,体育休闲服务;娱乐场所;娱乐场所,金牛区,104.028685,30.684412
欢乐迪KTV(抚琴店),sports,体育休闲服务;娱乐场所;KTV,金牛区,104.031143,30.682335
金达娱乐KTV,sports,体育休闲服务;娱乐场所;KTV,金牛区,104.030225,30.683389
印象瑜伽(蜀通街),sports,体育休闲服务;运动场馆;健身中心,金牛区,104.026688,30.687308
聚英台球,sports,体育休闲服务;运动场馆;台球厅,金牛区,104.031398,30.682592
日月瑜伽(抚琴西路店),sports,体育休闲服务;运动场馆;健身中心,金牛区,104.033457,30.681391
一本道馆(西门分店),sports,体育休闲服务;运动场馆;运动场所,金牛区,104.027279,30.685412
润子儿童乐园,sports,体育休闲服务;休闲场所;游乐场,金牛区,104.025399,30.685763
自由时空KTV,sports,体育休闲服务;娱乐场所;KTV,金牛区,104.031434,30.686872
圣珈瑜伽(欧尚店),sports,体育休闲服务;运动场馆;健身中心,金牛区,104.02728,30.685411
唐人一手整体养生院,sports,体育休闲服务;度假疗养场所;疗养院,金牛区,104.027287,30.685552
81号台球汇,sports,体育休闲服务;运动场馆;台球厅,金牛区,104.032044,30.682008
GOON KTV量贩歌城(羊犀店),sports,体育休闲服务;娱乐场所;KTV,金牛区,104.031435,30.686873
小区活动室,sports,体育休闲服务;休闲场所;休闲场所,金牛区,104.023783,30.685472
阿拉山口,sports,体育休闲服务;娱乐场所;酒吧,金牛区,104.026036,30.686522
卡卡私人网络会所,sports,体育休闲服务;娱乐场所;网吧,金牛区,104.02634,30.687241
娟子瑜伽会馆(西门店),sports,体育休闲服务;运动场馆;健身中心,金牛区,104.026511,30.687405
丘比特网咖(蜀汉路店),sports,体育休闲服务;娱乐场所;网吧,金牛区,104.026296,30.687538
主流网咖(格调店),sports,体育休闲服务;娱乐场所;网吧,金牛区,104.024739,30.686331
炽焰网络,sports,体育休闲服务;娱乐场所;网吧,金牛区,104.033448,30.680738
魔指网咖,sports,体育休闲服务;娱乐场所;网吧,金牛区,104.029341,30.683824
领跑者健身(蜀营街),sports,体育休闲服务;运动场馆;健身中心,金牛区,104.031565,30.688365
神之部落网吧,sports,体育休闲服务;娱乐场所;网吧|餐饮服务;咖啡厅;咖啡厅,金牛区,104.031503,30.68266
桌游主题吧,sports,体育休闲服务;运动场馆;健身中心,青羊区,104.028015,30.679737
索美塞网咖,sports,体育休闲服务;娱乐场所;网吧,金牛区,104.024429,30.686378
一座一忘网咖,sports,体育休闲服务;娱乐场所;网吧,金牛区,104.028001,30.68746
玛亚国际瑜伽馆,sports,体育休闲服务;运动场馆;健身中心,金牛区,104.026396,30.687199
千寻网络会所(蜀通街),sports,体育休闲服务;娱乐场所;网吧,金牛区,104.026511,30.687405
夜宴网咖,sports,体育休闲服务;娱乐场所;网吧,金牛区,104.03289,30.681483
星光好乐迪,sports,体育休闲服务;体育休闲服务场所;体育休闲服务场所,金牛区,104.030953,30.682113
BLue SKY,sports,体育休闲服务;体育休闲服务场所;体育休闲服务场所,金牛区,104.024422,30.687567
颐园麻将室活动中心,sports,体育休闲服务;体育休闲服务场所;体育休闲服务场所,金牛区,104.031663,30.683772
伽迷国际瑜伽中心,sports,体育休闲服务;运动场馆;健身中心,金牛区,104.029816,30.685065
樱的网吧(营兴路店),sports,体育休闲服务;娱乐场所;网吧,金牛区,104.032638,30.686347
Star show钢管舞培训,sports,体育休闲服务;运动场馆;健身中心,青羊区,104.025713,30.682075
武侯区一本柔道运动中心,sports,体育休闲服务;体育休闲服务场所;体育休闲服务场所,金牛区,104.026657,30.68571
D2 BEER,sports,体育休闲服务;娱乐场所;酒吧|购物服务;专卖店;烟酒专卖店,金牛区,104.028527,30.686754
Zero,sports,体育休闲服务;娱乐场所;酒吧,金牛区,104.031435,30.686873
儿童天地(营通街),sports,购物服务;专卖店;烟酒专卖店|体育休闲服务;休闲场所;游乐场,金牛区,104.03267,30.684232
荣德乒乓球俱乐部,sports,体育休闲服务;运动场馆;乒乓球馆,青羊区,104.023718,30.679768
瑞西棋牌室,sports,体育休闲服务;娱乐场所;棋牌室,金牛区,104.026661,30.684368
隆雪无冬网吧(抚琴旗舰店),sports,体育休闲服务;娱乐场所;网吧,金牛区,104.031435,30.686873
盗梦空间娱乐会所,sports,体育休闲服务;娱乐场所;娱乐场所,金牛区,104.031435,30.686873
鑫苑棋牌娱乐馆,sports,体育休闲服务;娱乐场所;棋牌室,金牛区,104.033576,30.687826
柯仁音乐酒吧,sports,体育休闲服务;娱乐场所;酒吧,青羊区,104.026496,30.679472
成都星秀钢管舞,sports,体育休闲服务;运动场馆;健身中心,金牛区,104.027167,30.685457
坤友棋牌,sports,体育休闲服务;娱乐场所;棋牌室,金牛区,104.033513,30.687757
会友轩(营通街),sports,体育休闲服务;娱乐场所;棋牌室,金牛区,104.03282,30.68412
局乐轩麻将室,sports,体育休闲服务;娱乐场所;棋牌室,金牛区,104.033044,30.683967
德武跆拳道馆,sports,体育休闲服务;运动场馆;跆拳道场馆,金牛区,104.033284,30.688377
文豪电玩城,sports,体育休闲服务;娱乐场所;游戏厅,金牛区,104.031372,30.68264
天天见棋牌室,sports,体育休闲服务;娱乐场所;棋牌室,金牛区,104.028619,30.6829
爱丝漫休闲网吧,sports,体育休闲服务;娱乐场所;网吧,金牛区,104.038445,30.679601
爱仕漫网络会所,sports,体育休闲服务;娱乐场所;网吧,金牛区,104.038445,30.679601
前沿会所,sports,体育休闲服务;娱乐场所;KTV,金牛区,104.035054,30.682791
潮流网吧(抚琴西路南二巷),sports,体育休闲服务;娱乐场所;网吧,金牛区,104.035138,30.679968
宇通网咖(乡农寺街),sports,体育休闲服务;娱乐场所;网吧,金牛区,104.041157,30.6866
风云天下网吧(金沙路店),sports,体育休闲服务;娱乐场所;网吧,金牛区,104.04048,30.688397
伊妹儿网吧(营康路),sports,体育休闲服务;娱乐场所;网吧,金牛区,104.037331,30.685921
情韵音乐吧,sports,体育休闲服务;娱乐场所;KTV,金牛区,104.038431,30.679544
世友网吧(燕燕直营店),sports,体育休闲服务;娱乐场所;网吧,金牛区,104.033899,30.681465
樱的网吧(抚琴店),sports,体育休闲服务;娱乐场所;网吧,金牛区,104.038206,30.68261
七色鱼音乐吧,sports,体育休闲服务;娱乐场所;KTV,金牛区,104.033649,30.687913
英雄网咖(乡农寺街),sports,体育休闲服务;娱乐场所;网吧,金牛区,104.041195,30.686568
金琴台球俱乐部,sports,体育休闲服务;运动场馆;台球厅,金牛区,104.041761,30.68631
紫荆花台球俱乐部(西门店),sports,体育休闲服务;运动场馆;台球厅,金牛区,104.041959,30.68299
麦卓网吧,sports,体育休闲服务;娱乐场所;网吧,金牛区,104.043393,30.685624
米多网咖,sports,体育休闲服务;娱乐场所;网吧,金牛区,104.041287,30.686204
支点台球(抚琴西路南二巷),sports,体育休闲服务;运动场馆;台球厅,金牛区,104.035138,30.679968
雷神网吧(麦石店),sports,体育休闲服务;娱乐场所;网吧,金牛区,104.041195,30.686568
英姿国际瑜伽馆(金鱼街),sports,体育休闲服务;运动场馆;健身中心,金牛区,104.03962,30.687097
weading party,sports,体育休闲服务;体育休闲服务场所;体育休闲服务场所,金牛区,104.042361,30.685668
天使花庄网吧,sports,体育休闲服务;娱乐场所;网吧,金牛区,104.033808,30.686184
形意拳馆,sports,体育休闲服务;运动场馆;运动场所,金牛区,104.034884,30.686395
恩波武术俱乐部,sports,体育休闲服务;运动场馆;健身中心,金牛区,104.037814,30.68543
玉峰源都市农家乐,sports,餐饮服务;中餐厅;中餐厅|体育休闲服务;休闲场所;休闲场所,金牛区,104.034841,30.682557
蓝调数字网咖,sports,体育休闲服务;娱乐场所;网吧,金牛区,104.039826,30.687154
恩波格斗俱乐部,sports,体育休闲服务;运动场馆;运动场所,金牛区,104.040471,30.687015
台球机麻,sports,体育休闲服务;体育休闲服务场所;体育休闲服务场所,金牛区,104.041934,30.686038
人和怡景会所,sports,体育休闲服务;体育休闲服务场所;体育休闲服务场所,金牛区,104.038009,30.688029
棋牌茶水,sports,体育休闲服务;体育休闲服务场所;体育休闲服务场所,金牛区,104.034711,30.686456
快乐宝贝网咖(一环路西三段),sports,体育休闲服务;娱乐场所;网吧,金牛区,104.041517,30.683599
足行天下,sports,体育休闲服务;体育休闲服务场所;体育休闲服务场所,金牛区,104.035198,30.688418
南侨娱乐汇,sports,体育休闲服务;娱乐场所;夜总会,金牛区,104.040186,30.681698
桑拿泳池高温瑜伽供热采暖,sports,体育休闲服务;体育休闲服务场所;体育休闲服务场所,金牛区,104.033945,30.689097
湖都电玩城,sports,体育休闲服务;运动场馆;健身中心,金牛区,104.039778,30.687164
绅度台球精英会所,sports,体育休闲服务;运动场馆;运动场所,金牛区,104.040331,30.687309
Always奥维斯健身会所(营门口店),sports,体育休闲服务;运动场馆;健身中心,金牛区,104.038907,30.688247
雍和会所,sports,体育休闲服务;娱乐场所;娱乐场所,金牛区,104.039626,30.687096
人和会所,sports,体育休闲服务;体育休闲服务场所;体育休闲服务场所,金牛区,104.0375,30.688473
神秘拉萨演艺厅,sports,体育休闲服务;娱乐场所;娱乐场所,金牛区,104.036358,30.686634
兰姐麻将,sports,体育休闲服务;娱乐场所;娱乐场所,金牛区,104.043557,30.681558
聚友棋园,sports,体育休闲服务;娱乐场所;棋牌室,金牛区,104.035046,30.685522
海缘汇,sports,体育休闲服务;娱乐场所;棋牌室,金牛区,104.036787,30.68645
和谐麻将棋牌室,sports,体育休闲服务;娱乐场所;棋牌室,金牛区,104.039776,30.681717
祥运棋牌(抚琴街南二巷),sports,体育休闲服务;娱乐场所;棋牌室,金牛区,104.038025,30.67962
成都市同心缘商务交友会所,sports,体育休闲服务;娱乐场所;娱乐场所,金牛区,104.038547,30.689422
坝子的麻将馆里,sports,体育休闲服务;体育休闲服务场所;体育休闲服务场所,金牛区,104.033776,30.686881
英雄网咖卡西奥佩娅店,sports,体育休闲服务;体育休闲服务场所;体育休闲服务场所,金牛区,104.041622,30.686299
离退休干部所,sports,体育休闲服务;体育休闲服务场所;体育休闲服务场所,金牛区,104.041434,30.679784
抚琴干休所,sports,体育休闲服务;度假疗养场所;疗养院,金牛区,104.040606,30.67979
职工体育馆,sports,体育休闲服务;运动场馆;运动场所,金牛区,104.05212,30.682706
茶棋牌休闲,sports,体育休闲服务;娱乐场所;娱乐场所,金牛区,104.04889,30.686456
中铁二局体育馆,sports,体育休闲服务;运动场馆;综合体育馆,金牛区,104.05212,30.682706
中铁二局网球俱乐部,sports,体育休闲服务;运动场馆;网球场,金牛区,104.052062,30.683069
司南·聚,sports,体育休闲服务;娱乐场所;娱乐场所,金牛区,104.050422,30.688094
UME影城(金牛店),sports,体育休闲服务;影剧院;电影院,金牛区,104.050221,30.687367
好乐迪(金牛店),sports,体育休闲服务;娱乐场所;KTV,金牛区,104.049789,30.687869
都市网吧(一环路北一段),sports,体育休闲服务;娱乐场所;网吧,金牛区,104.048368,30.687254
飞速网吧(交通巷),sports,体育休闲服务;娱乐场所;网吧,金牛区,104.047898,30.680795
嘻多哆儿童乐园(汇龙湾店),sports,体育休闲服务;休闲场所;游乐场,金牛区,104.05023,30.687361
婵院瑜伽(西门店),sports,体育休闲服务;运动场馆;健身中心,金牛区,104.050908,30.680165
爵尔顿大型歌舞城,sports,体育休闲服务;娱乐场所;迪厅,金牛区,104.051459,30.679829
欢乐多儿童乐园,sports,体育休闲服务;休闲场所;游乐场,金牛区,104.050725,30.687281
蔻海KTV,sports,体育休闲服务;娱乐场所;KTV,金牛区,104.047654,30.686103
击动元素台球俱乐部,sports,体育休闲服务;运动场馆;台球厅,金牛区,104.04408,30.679773
飞翔滚轴溜冰城(沙湾店),sports,体育休闲服务;运动场馆;溜冰场,金牛区,104.049789,30.687869
朋友酒吧(一环路北一段),sports,体育休闲服务;娱乐场所;酒吧,金牛区,104.043792,30.685804
月亮湾酒吧(王家巷),sports,体育休闲服务;娱乐场所;酒吧,金牛区,104.045302,30.680452
暮色Bar(金牛店),sports,体育休闲服务;娱乐场所;酒吧,金牛区,104.046174,30.681468
蓝宝石凯撒酒吧,sports,体育休闲服务;娱乐场所;酒吧,金牛区,104.04364,30.68576
丽阳五人制足球场,sports,体育休闲服务;运动场馆;足球场,金牛区,104.047591,30.684701
麦酒社,sports,体育休闲服务;娱乐场所;酒吧,金牛区,104.044641,30.680962
乐兴网吧(光荣北路),sports,体育休闲服务;娱乐场所;网吧,金牛区,104.044461,30.689007
水精灵瑜伽会馆,sports,体育休闲服务;运动场馆;健身中心,金牛区,104.043589,30.685733
龙之无限网吧,sports,体育休闲服务;娱乐场所;网吧,金牛区,104.051612,30.68207
星空渊博网咖,sports,体育休闲服务;娱乐场所;网吧,金牛区,104.049834,30.687733
尚客优网络会所,sports,体育休闲服务;娱乐场所;网吧,金牛区,104.045203,30.684323
8零S酒吧,sports,体育休闲服务;娱乐场所;酒吧,金牛区,104.044603,30.683601
浩沙健身(沙湾店),sports,体育休闲服务;运动场馆;健身中心,金牛区,104.050133,30.687338
不贰酒吧,sports,体育休闲服务;娱乐场所;酒吧,金牛区,104.044985,30.681018
情浓歌舞厅,sports,体育休闲服务;娱乐场所;迪厅,金牛区,104.047458,30.684547
永祚网咖,sports,体育休闲服务;娱乐场所;网吧|公司企业;公司;公司,金牛区,104.045339,30.680823
永炸网咖,sports,体育休闲服务;娱乐场所;网吧,金牛区,104.04514,30.680646
竹攸馆搏击俱乐部,sports,体育休闲服务;运动场馆;健身中心,金牛区,104.051063,30.680206
社区娱乐室,sports,体育休闲服务;体育休闲服务场所;体育休闲服务场所,金牛区,104.045893,30.683983
欣悠然网咖,sports,体育休闲服务;娱乐场所;网吧,金牛区,104.047456,30.685485
传奇健身(沙湾店),sports,体育休闲服务;运动场馆;健身中心,金牛区,104.050162,30.687417
研城百岁坊5A玛咖,sports,体育休闲服务;体育休闲服务场所;体育休闲服务场所,金牛区,104.05084,30.67961
舞林风俱乐部,sports,体育休闲服务;体育休闲服务场所;体育休闲服务场所,金牛区,104.050464,30.680588
潜水动物园俱乐部,sports,体育休闲服务;体育休闲服务场所;体育休闲服务场所,金牛区,104.044844,30.681211
老年之家,sports,体育休闲服务;体育休闲服务场所;体育休闲服务场所,金牛区,104.047739,30.680446
乡土户外俱乐部,sports,体育休闲服务;体育休闲服务场所;体育休闲服务场所,金牛区,104.04548,30.685557
胜利十一人俱乐部,sports,体育休闲服务;体育休闲服务场所;体育休闲服务场所,金牛区,104.05019,30.687315
IQ派真人密室逃脱,sports,体育休闲服务;娱乐场所;娱乐场所,金牛区,104.044579,30.683532
S Bar,sports,体育休闲服务;体育休闲服务场所;体育休闲服务场所,金牛区,104.044568,30.683628
莎莎歌舞娱乐汇,sports,体育休闲服务;运动场馆;健身中心,金牛区,104.050844,30.687414
玫瑰艺术厅,sports,体育休闲服务;休闲场所;休闲场所,金牛区,104.051041,30.685961
红棕熊动漫电玩城,sports,体育休闲服务;娱乐场所;游戏厅,金牛区,104.050303,30.68723
花想集创意生活馆,sports,体育休闲服务;休闲场所;休闲场所,金牛区,104.044962,30.68109
西和棋牌,sports,体育休闲服务;娱乐场所;棋牌室,金牛区,104.044264,30.680039
杠尚花·棋牌,sports,体育休闲服务;娱乐场所;棋牌室,金牛区,104.046668,30.681498
风马会酒吧,sports,体育休闲服务;娱乐场所;酒吧,金牛区,104.050133,30.687339
飞翔旱冰场,sports,体育休闲服务;运动场馆;溜冰场,金牛区,104.049694,30.687991
总汇游泳池,sports,体育休闲服务;运动场馆;游泳馆,金牛区,104.051685,30.688495
青羊体育中心,sports,体育休闲服务;运动场馆;综合体育馆,金牛区,104.055193,30.683218
青羊体育中心网球场,sports,体育休闲服务;运动场馆;网球场,金牛区,104.054806,30.682505
垒鑫荟网络休闲会所(白马寺街),sports,体育休闲服务;娱乐场所;网吧,金牛区,104.061366,30.688149
青羊体育篮球训练场,sports,体育休闲服务;运动场馆;篮球场馆,金牛区,104.055344,30.683957
冰玲体育舞蹈(国标舞)俱乐部,sports,体育休闲服务;运动场馆;运动场所,金牛区,104.055719,30.684017
成都晚霞马家花园居家养老服务站(北门),sports,体育休闲服务;体育休闲服务场所;体育休闲服务场所,金牛区,104.056711,30.680806
西体足球场,sports,体育休闲服务;运动场馆;足球场,金牛区,104.054889,30.683376
四悉棋牌,sports,体育休闲服务;娱乐场所;棋牌室,金牛区,104.054011,30.682916
西体乒乓球馆,sports,体育休闲服务;运动场馆;乒乓球馆,金牛区,104.056045,30.683041
青羊区综合运动馆,sports,体育休闲服务;运动场馆;综合体育馆,金牛区,104.055445,30.682732
凯乐汇KTV(九里堤南路),sports,体育休闲服务;娱乐场所;KTV,金牛区,104.056594,30.688669
青羊区恒温游泳馆,sports,体育休闲服务;运动场馆;游泳馆,金牛区,104.054012,30.682981
咔乐迪量贩KTV(西体店),sports,体育休闲服务;娱乐场所;KTV,金牛区,104.059291,30.684043
英派斯健身俱乐部(西体店),sports,体育休闲服务;运动场馆;健身中心,金牛区,104.054012,30.682981
蓝色网络网吧,sports,体育休闲服务;娱乐场所;网吧,金牛区,104.053606,30.682387
蓝色通锦娱乐会所,sports,体育休闲服务;娱乐场所;娱乐场所,青羊区,104.056343,30.679614
天香雪歌舞厅,sports,体育休闲服务;娱乐场所;迪厅,青羊区,104.056272,30.679466
金角度台球俱乐部,sports,体育休闲服务;运动场馆;台球厅,金牛区,104.057371,30.687142
缘会网吧,sports,体育休闲服务;娱乐场所;网吧,金牛区,104.057136,30.683205
天香雪KTV,sports,体育休闲服务;娱乐场所;KTV,青羊区,104.056509,30.679501
西体网球培训,sports,体育休闲服务;运动场馆;网球场,金牛区,104.0558,30.682854
金牛区兴奥游泳池,sports,体育休闲服务;运动场馆;游泳馆,金牛区,104.053721,30.688742
西藏干休所,sports,体育休闲服务;度假疗养场所;疗养院,金牛区,104.063096,30.688047
阿曼希东方舞,sports,体育休闲服务;运动场馆;健身中心,金牛区,104.053902,30.681509
青羊体校乒乓球训练馆,sports,体育休闲服务;运动场馆;乒乓球馆,金牛区,104.055719,30.684017
心约网络会所,sports,体育休闲服务;娱乐场所;网吧,金牛区,104.059605,30.684058
同心圆歌舞厅,sports,体育休闲服务;娱乐场所;迪厅,金牛区,104.056811,30.688582
四悉会所,sports,体育休闲服务;休闲场所;休闲场所,金牛区,104.053969,30.68298
蔡蔡麻将屋,sports,体育休闲服务;娱乐场所;棋牌室,金牛区,104.055356,30.681367
成都青羊区全民健身中心,sports,体育休闲服务;运动场馆;健身中心,金牛区,104.054012,30.682981
新村河边街社区党员活动室,sports,体育休闲服务;娱乐场所;娱乐场所,金牛区,104.059056,30.687835
四川省乔牌活动中心,sports,体育休闲服务;娱乐场所;棋牌室,金牛区,104.058739,30.68076
玻璃屋健身,sports,体育休闲服务;运动场馆;健身中心,金牛区,104.054002,30.683265
新村河边街社区星光老年之家,sports,体育休闲服务;休闲场所;休闲场所,金牛区,104.059056,30.687835
青羊体校跆拳道、艺术体操训练馆,sports,体育休闲服务;运动场馆;运动场所,金牛区,104.055719,30.684017
万福苑游泳池,sports,体育休闲服务;运动场馆;游泳馆,金牛区,104.066986,30.685051
万达国际影城(成都金牛万达广场店),sports,体育休闲服务;影剧院;电影院,金牛区,104.072514,30.688388
心随我动网吧,sports,体育休闲服务;娱乐场所;网吧,金牛区,104.070043,30.682107
思雨酒吧(一环路北二段),sports,体育休闲服务;娱乐场所;酒吧,金牛区,104.066503,30.688121
炎华足球公园,sports,体育休闲服务;运动场馆;足球场,金牛区,104.064959,30.688609
糖潮KTV成都店(万达广场金牛店),sports,体育休闲服务;娱乐场所;KTV,金牛区,104.072597,30.688347
万达广场旱冰场,sports,体育休闲服务;运动场馆;溜冰场,金牛区,104.072484,30.688348
西西里KTV,sports,体育休闲服务;娱乐场所;KTV,金牛区,104.073213,30.680112
儿童拓展乐园(万达百货店),sports,体育休闲服务;休闲场所;游乐场,金牛区,104.072082,30.68899
芳芳棋牌(白马寺街),sports,体育休闲服务;娱乐场所;棋牌室,金牛区,104.065356,30.684074
成都球魔名堂,sports,体育休闲服务;体育休闲服务场所;体育休闲服务场所,金牛区,104.067555,30.68473
炎华置信足球乐园,sports,体育休闲服务;运动场馆;足球场,金牛区,104.065005,30.688616
雅腾网咖,sports,体育休闲服务;娱乐场所;网吧,青羊区,104.070414,30.679658
西西里娱乐会所,sports,体育休闲服务;体育休闲服务场所;体育休闲服务场所,金牛区,104.073435,30.680049
沐思东方舞,sports,体育休闲服务;运动场馆;健身中心,金牛区,104.072633,30.688186
活力女子健美中心,sports,体育休闲服务;运动场馆;健身中心,金牛区,104.070069,30.681689
拉哥(万达广场金牛店),sports,体育休闲服务;体育休闲服务场所;体育休闲服务场所,金牛区,104.071601,30.689043
地下战,sports,体育休闲服务;体育休闲服务场所;体育休闲服务场所,金牛区,104.066042,30.688104
星动人生俱乐部,sports,体育休闲服务;体育休闲服务场所;体育休闲服务场所,金牛区,104.072671,30.688246
霖海俱乐部,sports,体育休闲服务;体育休闲服务场所;体育休闲服务场所,金牛区,104.072359,30.688089
亲子室(万达广场金牛店),sports,体育休闲服务;体育休闲服务场所;体育休闲服务场所,金牛区,104.071223,30.689154
爱乐游(万达广场金牛店),sports,体育休闲服务;体育休闲服务场所;体育休闲服务场所,金牛区,104.071015,30.689151
悠游堂(万达广场金牛店),sports,体育休闲服务;娱乐场所;娱乐场所,金牛区,104.07326,30.688763
迷尚健身会所,sports,体育休闲服务;运动场馆;健身中心,金牛区,104.071292,30.689015
金牛区人民北路晚霞日间照料中心,sports,体育休闲服务;度假疗养场所;疗养院,金牛区,104.072166,30.684628
大玩家超乐场(万达广场金牛店),sports,体育休闲服务;娱乐场所;游戏厅,金牛区,104.072615,30.688301
成都市城北体育馆,sports,体育休闲服务;运动场馆;综合体育馆,金牛区,104.076114,30.682732
成都市城北体育馆-足球场,sports,体育休闲服务;运动场馆;足球场,金牛区,104.075842,30.684677
友一青少年体育俱乐部,sports,体育休闲服务;运动场馆;运动场所,金牛区,104.075802,30.684658
成都市城北体育馆-乒乓球馆,sports,体育休闲服务;运动场馆;乒乓球馆,金牛区,104.075842,30.684677
城北游泳池(花圃北路),sports,体育休闲服务;运动场馆;游泳馆,金牛区,104.076389,30.683339
成都保龄球俱乐部,sports,体育休闲服务;运动场馆;保龄球馆,金牛区,104.07591,30.682778
城北保龄球馆,sports,体育休闲服务;运动场馆;保龄球馆,金牛区,104.07591,30.682778
城北健身会所,sports,体育休闲服务;运动场馆;健身中心,金牛区,104.075937,30.68297
俄罗斯大剧院,sports,体育休闲服务;影剧院;剧场,金牛区,104.079913,30.683423
风铃网吧(马鞍西路),sports,体育休闲服务;娱乐场所;网吧,金牛区,104.08129,30.679528
成都市退休职工活动中心,sports,体育休闲服务;休闲场所;休闲场所,金牛区,104.073784,30.684836
乐翻天纯K(梁家巷店),sports,体育休闲服务;娱乐场所;KTV,金牛区,104.080225,30.682922
武士伍德游泳健身会所,sports,体育休闲服务;运动场馆;游泳馆,金牛区,104.08,30.682876
高帝国际量贩KTV,sports,体育休闲服务;娱乐场所;KTV,金牛区,104.079641,30.683118
新引力网吧,sports,体育休闲服务;娱乐场所;网吧,金牛区,104.08152,30.688006
蓝典网吧(顺沙巷),sports,体育休闲服务;娱乐场所;网吧,金牛区,104.078518,30.687026
河边老院坝,sports,体育休闲服务;休闲场所;休闲场所,金牛区,104.074058,30.679768
黑桃杰作网咖,sports,体育休闲服务;娱乐场所;网吧,金牛区,104.079346,30.684874
龙海网吧(一环路北三段),sports,体育休闲服务;娱乐场所;网吧,金牛区,104.075393,30.686496
明珠国际酒店-乒乓球室,sports,体育休闲服务;运动场馆;乒乓球馆,金牛区,104.081377,30.685021
尚皇酒水吧,sports,体育休闲服务;娱乐场所;酒吧,金牛区,104.080303,30.686757
喀萩莎国际娱乐都会,sports,体育休闲服务;娱乐场所;娱乐场所,金牛区,104.079641,30.683118
谛美斯健身(金牛店),sports,体育休闲服务;运动场馆;健身中心,金牛区,104.080775,30.685461
成都太极馆,sports,体育休闲服务;运动场馆;运动场所,金牛区,104.075937,30.68297
威士伍德游泳健身,sports,体育休闲服务;运动场馆;健身中心,金牛区,104.080278,30.682834
杰拉网咖(梁家巷店),sports,体育休闲服务;娱乐场所;网吧,金牛区,104.080045,30.685281
麦田电竞馆(互助店),sports,体育休闲服务;娱乐场所;网吧,金牛区,104.080268,30.686587
金殿演艺酒吧(解放路二段),sports,体育休闲服务;娱乐场所;酒吧,金牛区,104.079641,30.683118
力力星空网咖(水晶花园西北),sports,体育休闲服务;娱乐场所;网吧,金牛区,104.074368,30.679512
尚堂酒水吧K歌,sports,体育休闲服务;体育休闲服务场所;体育休闲服务场所,金牛区,104.080399,30.686869
斯诺克台球,sports,体育休闲服务;运动场馆;台球厅,金牛区,104.082053,30.68144
城北网球场,sports,体育休闲服务;运动场馆;网球场,金牛区,104.075946,30.684731
世纪凯歌娱乐汇,sports,体育休闲服务;娱乐场所;娱乐场所,金牛区,104.079641,30.683117
台球棋牌室,sports,体育休闲服务;娱乐场所;棋牌室,金牛区,104.078797,30.680804
成都市老年活动宫,sports,体育休闲服务;休闲场所;休闲场所,金牛区,104.073784,30.684836
樱花娱乐,sports,体育休闲服务;娱乐场所;迪厅,金牛区,104.079332,30.682221
小胖茶机麻,sports,体育休闲服务;娱乐场所;棋牌室,金牛区,104.078591,30.687572
成都市跆拳道运动协会,sports,体育休闲服务;运动场馆;跆拳道场馆,金牛区,104.075802,30.684658
铂金网吧,sports,体育休闲服务;娱乐场所;网吧,金牛区,104.080122,30.688788
万达影城(成都财富又一城店),sports,体育休闲服务;影剧院;电影院,成华区,104.092399,30.680906
金狐音乐KTV,sports,体育休闲服务;娱乐场所;KTV,金牛区,104.084706,30.679942
缤纷量贩式KTV(华安路),sports,体育休闲服务;娱乐场所;KTV,成华区,104.091947,30.680374
龙悦金都会所,sports,体育休闲服务;娱乐场所;KTV,成华区,104.090769,30.688118
亿谷网吧,sports,体育休闲服务;娱乐场所;网吧,金牛区,104.089202,30.686915
飞越网吧(福蓓街),sports,体育休闲服务;娱乐场所;网吧,金牛区,104.086465,30.685452
音乐KTV,sports,体育休闲服务;娱乐场所;KTV,成华区,104.090827,30.688074
星期六的地图,sports,体育休闲服务;娱乐场所;酒吧,成华区,104.092378,30.680163
网络俱乐部,sports,体育休闲服务;娱乐场所;网吧,成华区,104.091338,30.68771
马博士婴儿游泳馆,sports,体育休闲服务;运动场馆;运动场所,成华区,104.092142,30.680496
黑糖网咖(天佑店),sports,体育休闲服务;娱乐场所;网吧,金牛区,104.090873,30.689154
金鼠标网咖,sports,体育休闲服务;娱乐场所;网吧,成华区,104.091354,30.684316
伊六网咖,sports,体育休闲服务;娱乐场所;网吧,成华区,104.092288,30.682782
美橙街舞,sports,体育休闲服务;运动场馆;户外健身场所|体育休闲服务;运动场馆;健身中心,成华区,104.091676,30.680209
财富又一城游泳池,sports,体育休闲服务;运动场馆;游泳馆,成华区,104.092178,30.680199
天天台球俱乐部(府青路二段),sports,体育休闲服务;运动场馆;台球厅,成华区,104.091379,30.680236
爱迪国际(财富又一城店),sports,体育休闲服务;体育休闲服务场所;体育休闲服务场所,成华区,104.091637,30.680488
银通卡(保利万和店),sports,体育休闲服务;体育休闲服务场所;体育休闲服务场所,成华区,104.092955,30.682403
豪尔仕健身,sports,体育休闲服务;运动场馆;健身中心,成华区,104.092838,30.680319
汤姆熊电玩城,sports,体育休闲服务;娱乐场所;游戏厅,成华区,104.093183,30.680864
庆熙道场,sports,体育休闲服务;运动场馆;运动场所,成华区,104.092185,30.681534
侠者搏击,sports,体育休闲服务;运动场馆;运动场所,金牛区,104.089036,30.680438
M99 BEER(府青店),sports,体育休闲服务;娱乐场所;酒吧,成华区,104.093129,30.680745
梦幻王国赛车区,sports,体育休闲服务;体育休闲服务场所;体育休闲服务场所,成华区,104.092185,30.681534
蝌蚪电玩,sports,体育休闲服务;娱乐场所;游戏厅,成华区,104.093349,30.680907
同乐棋牌机麻,sports,体育休闲服务;体育休闲服务场所;体育休闲服务场所,金牛区,104.087302,30.680577
老年活动室,sports,体育休闲服务;体育休闲服务场所;体育休闲服务场所,金牛区,104.086393,30.688509
印象瑜伽肚皮舞俱乐部,sports,体育休闲服务;运动场馆;健身中心,金牛区,104.088663,30.685994
普乐方幻真体验馆(又一城店),sports,体育休闲服务;休闲场所;游乐场,成华区,104.093424,30.68155
云中漫步,sports,体育休闲服务;娱乐场所;网吧,金牛区,104.086979,30.686292
研磨时尚网咖(李家沱店),sports,体育休闲服务;娱乐场所;网吧,金牛区,104.086442,30.687333
君昂童子军乐园(华安路),sports,体育休闲服务;休闲场所;游乐场,成华区,104.091947,30.680374
狂派网吧(泰兴路),sports,体育休闲服务;娱乐场所;网吧,成华区,104.090769,30.688118
棋牌阵,sports,体育休闲服务;娱乐场所;棋牌室,成华区,104.093402,30.686111
北四段社区党员活动室,sports,体育休闲服务;休闲场所;休闲场所,金牛区,104.084306,30.683746
伽人瑜伽健身会所,sports,体育休闲服务;运动场馆;健身中心,金牛区,104.085772,30.681584
地球村网吧(泰宏路),sports,体育休闲服务;娱乐场所;网吧,金牛区,104.084056,30.684108
汤姆熊欢乐世界(财富又一城店),sports,体育休闲服务;休闲场所;游乐场,成华区,104.092118,30.681546
缤纷鲜花,sports,体育休闲服务;娱乐场所;娱乐场所,金牛区,104.084769,30.68005
FLOWER歌舞演艺,sports,体育休闲服务;娱乐场所;娱乐场所,金牛区,104.084613,30.679938
CD狂派,sports,体育休闲服务;娱乐场所;网吧,成华区,104.091597,30.687596
开心棋牌(树蓓街),sports,体育休闲服务;娱乐场所;棋牌室,金牛区,104.088836,30.68745
楼上聚会吧,sports,体育休闲服务;娱乐场所;娱乐场所,金牛区,104.085812,30.68189
二妹棋牌,sports,体育休闲服务;娱乐场所;棋牌室,金牛区,104.084842,30.689318
天竺瑜伽(马鞍北路),sports,体育休闲服务;运动场馆;健身中心,金牛区,104.084937,30.680696
平安苑娱乐活动中心,sports,体育休闲服务;娱乐场所;娱乐场所,金牛区,104.090687,30.688843
胡须咖啡酒吧,sports,体育休闲服务;娱乐场所;酒吧,成华区,104.092186,30.681528
友情岁月休闲吧,sports,体育休闲服务;体育休闲服务场所;体育休闲服务场所,成华区,104.089631,30.681067
美佳美量贩KTV,sports,体育休闲服务;娱乐场所;KTV,成华区,104.096848,30.683954
盘丝洞,sports,体育休闲服务;娱乐场所;网吧,成华区,104.093538,30.680934
冰月KTV,sports,体育休闲服务;娱乐场所;KTV,成华区,104.096972,30.681884
漫步时空网咖成都市,sports,体育休闲服务;体育休闲服务场所;体育休闲服务场所,成华区,104.09788,30.685172
金鑫二期音乐酒吧KTV,sports,体育休闲服务;娱乐场所;KTV,成华区,104.094812,30.689173
武名功夫馆,sports,科教文化服务;培训机构;培训机构|体育休闲服务;运动场馆;运动场所,成华区,104.0981,30.683748
赛利亚网吧,sports,体育休闲服务;娱乐场所;网吧,成华区,104.102993,30.686922
蓝地张二网吧,sports,体育休闲服务;娱乐场所;网吧,成华区,104.096776,30.688929
追子弹量贩KTV,sports,体育休闲服务;娱乐场所;KTV,成华区,104.098857,30.681102
漫时光网吧(踏水桥北街),sports,体育休闲服务;娱乐场所;网吧,成华区,104.102079,30.682276
时维网咖,sports,体育休闲服务;娱乐场所;网吧,成华区,104.102356,30.682307
时维概念网吧,sports,体育休闲服务;娱乐场所;网吧,成华区,104.102356,30.682307
肥猫网咖,sports,体育休闲服务;娱乐场所;网吧,成华区,104.10335,30.68299
米克网咖,sports,体育休闲服务;娱乐场所;网吧,成华区,104.103397,30.688517
电子科技大学沙河校区游泳池,sports,体育休闲服务;运动场馆;游泳馆,成华区,104.094817,30.679456
沐禾网咖(财富又一城店),sports,体育休闲服务;娱乐场所;网吧,成华区,104.093733,30.681682
道格韦恩健身游泳馆,sports,体育休闲服务;运动场馆;健身中心,成华区,104.101971,30.686944
南屏晚声音乐工作室(浅水半岛店),sports,体育休闲服务;体育休闲服务场所;体育休闲服务场所,成华区,104.103436,30.684714
老窝子棋牌茶,sports,体育休闲服务;娱乐场所;棋牌室,成华区,104.093552,30.686033
电子科技大学沙河校区网球场,sports,体育休闲服务;运动场馆;网球场,成华区,104.095362,30.679883
成量集团公司工会俱乐部台球室,sports,体育休闲服务;运动场馆;台球厅,成华区,104.103025,30.683246
美地美KTV,sports,体育休闲服务;娱乐场所;KTV,成华区,104.103301,30.688722
香木园休闲庄,sports,体育休闲服务;休闲场所;休闲场所,成华区,104.108863,30.680969
玩家天堂网吧,sports,体育休闲服务;娱乐场所;网吧,成华区,104.107669,30.685513
飞飞网咖(双建路),sports,体育休闲服务;娱乐场所;网吧,成华区,104.109354,30.686046
天天好心情,sports,体育休闲服务;娱乐场所;棋牌室,成华区,104.112562,30.683338
起点网吧(建设北路店),sports,体育休闲服务;娱乐场所;网吧,成华区,104.111662,30.679677
海豚网吧(二环路东一段),sports,体育休闲服务;娱乐场所;网吧,成华区,104.104752,30.680405
伽玥国际瑜伽馆(八里店),sports,体育休闲服务;运动场馆;健身中心,成华区,104.109871,30.685276
靓之晶网咖,sports,体育休闲服务;娱乐场所;网吧,成华区,104.105099,30.688801
世友网吧(纵横天下店),sports,体育休闲服务;娱乐场所;网吧,成华区,104.105334,30.689046
光辉岁月网络会所(新风路),sports,体育休闲服务;娱乐场所;网吧,成华区,104.108991,30.687131
快乐8网络会所,sports,体育休闲服务;娱乐场所;网吧,成华区,104.112405,30.682204
宝泰家园中庭恒温游泳馆,sports,体育休闲服务;运动场馆;游泳馆,成华区,104.112632,30.687985
新时代网吧(怡福巷),sports,体育休闲服务;娱乐场所;网吧,成华区,104.106192,30.685966
808音乐空间(双建路店),sports,体育休闲服务;娱乐场所;KTV,成华区,104.112202,30.682489
神之网咖(桃蹊路),sports,体育休闲服务;娱乐场所;网吧,成华区,104.104363,30.683223
桃林网吧(桃源街),sports,体育休闲服务;娱乐场所;网吧,成华区,104.111721,30.685813
靓子精网吧,sports,体育休闲服务;娱乐场所;网吧,成华区,104.106197,30.686339
壹东方网咖,sports,体育休闲服务;娱乐场所;网吧,成华区,104.11347,30.679512
泽安养老,sports,体育休闲服务;度假疗养场所;疗养院,成华区,104.105503,30.686698
本土瑜伽,sports,体育休闲服务;运动场馆;健身中心,成华区,104.104205,30.683655
东方尊会,sports,体育休闲服务;体育休闲服务场所;体育休闲服务场所,成华区,104.112206,30.681268
成都家合兴职工俱乐部,sports,体育休闲服务;体育休闲服务场所;体育休闲服务场所,成华区,104.108146,30.687492
桃源社区活动室,sports,体育休闲服务;休闲场所;休闲场所,成华区,104.112581,30.685182
成都狼人钓友俱乐部,sports,体育休闲服务;休闲场所;休闲场所,成华区,104.105888,30.680544
健园娱乐活动中心,sports,体育休闲服务;娱乐场所;娱乐场所,成华区,104.105396,30.685548
必好左右网吧,sports,体育休闲服务;娱乐场所;网吧,成华区,104.104577,30.684924
四川DJ俱乐部,sports,体育休闲服务;娱乐场所;娱乐场所,成华区,104.104757,30.680603
香亦乐棋牌,sports,体育休闲服务;娱乐场所;棋牌室,成华区,104.109076,30.688937
天天乐机麻,sports,体育休闲服务;娱乐场所;棋牌室,成华区,104.10899,30.68811
四方红棋牌室,sports,体育休闲服务;娱乐场所;棋牌室,成华区,104.108553,30.688972
凌云棋牌茶艺,sports,体育休闲服务;娱乐场所;棋牌室,成华区,104.106168,30.680578
南天苑小区娱乐活动室,sports,体育休闲服务;娱乐场所;棋牌室,成华区,104.112306,30.686937
翰林会所,sports,体育休闲服务;体育休闲服务场所;体育休闲服务场所,成华区,104.106532,30.682358
动感网咖(文德路),sports,体育休闲服务;娱乐场所;网吧,成华区,104.118403,30.682142
蓝月亮网吧(二仙桥南一路),sports,体育休闲服务;娱乐场所;网吧,成华区,104.116094,30.681272
星空网络(二仙桥南一路),sports,体育休闲服务;娱乐场所;网吧,成华区,104.116105,30.681233
二仙桥石油社区门球场,sports,体育休闲服务;运动场馆;运动场所,成华区,104.115932,30.685825
万紫天缘动漫城,sports,体育休闲服务;娱乐场所;游戏厅,成华区,104.119076,30.683162
恒隆网吧(建设北路三段),sports,体育休闲服务;娱乐场所;网吧,成华区,104.121724,30.68271
壹东方网咖·电竞(桃林花开店),sports,体育休闲服务;娱乐场所;网吧,成华区,104.114186,30.680665
四川成都弓兵团俱乐部,sports,体育休闲服务;娱乐场所;娱乐场所,成华区,104.120499,30.68111
香烟棋牌,sports,体育休闲服务;娱乐场所;棋牌室,成华区,104.116998,30.683815
圣灯街道办事处圣灯社区活动室,sports,体育休闲服务;娱乐场所;娱乐场所,成华区,104.122691,30.682458
我所遇见的生活DIY,sports,体育休闲服务;体育休闲服务场所;体育休闲服务场所,成华区,104.12072,30.682455
机车厂影剧院,sports,体育休闲服务;影剧院;电影院,成华区,104.133075,30.686279
东华社区老年活动中心,sports,体育休闲服务;休闲场所;休闲场所,成华区,104.12746,30.685747
情系网咖,sports,体育休闲服务;娱乐场所;网吧,成华区,104.12371,30.682857
乐享生活汇,sports,体育休闲服务;体育休闲服务场所;体育休闲服务场所,成华区,104.123869,30.682863
职工活动中心,sports,体育休闲服务;体育休闲服务场所;体育休闲服务场所,成华区,104.133164,30.686349
寒雨轩网吧,sports,体育休闲服务;娱乐场所;网吧,成华区,104.132164,30.68217
绿色网吧(下涧槽路),sports,体育休闲服务;娱乐场所;网吧,成华区,104.134109,30.684196
星空纵情海网络会所,sports,体育休闲服务;娱乐场所;网吧,成华区,104.136056,30.685145
美宾游泳,sports,体育休闲服务;运动场馆;运动场所,成华区,104.141392,30.686706
标点网咖,sports,体育休闲服务;娱乐场所;网吧,成华区,104.137974,30.684741
纵横驰骋网咖,sports,体育休闲服务;娱乐场所;网吧,成华区,104.138369,30.683532
一点缘网吧(二仙桥北路),sports,体育休闲服务;娱乐场所;网吧,成华区,104.138277,30.680334
二仙桥街道市民活动中心,sports,体育休闲服务;休闲场所;休闲场所,成华区,104.134105,30.683732
快快智能健身减肥主题店(富临理宫6店),sports,体育休闲服务;运动场馆;健身中心,成华区,104.138955,30.683633
黑桃K,sports,体育休闲服务;娱乐场所;KTV,成华区,104.150724,30.684374
6号网咖,sports,体育休闲服务;娱乐场所;网吧,成华区,104.150697,30.684316
东苑飞翔网咖,sports,体育休闲服务;娱乐场所;网吧,成华区,104.150807,30.683856
尚豪瑜伽,sports,体育休闲服务;运动场馆;健身中心,成华区,104.144524,30.679646
净瑜伽,sports,体育休闲服务;运动场馆;健身中心,成华区,104.151553,30.684998
成都理工大学北校区篮球场,sports,体育休闲服务;运动场馆;篮球场馆,成华区,104.14402,30.680237
茶机麻棋牌,sports,体育休闲服务;娱乐场所;棋牌室,成华区,104.147487,30.689368
成都理工大学北校区篮球场(二仙桥东三路),sports,体育休闲服务;运动场馆;篮球场馆,成华区,104.144687,30.679626
往来,sports,体育休闲服务;娱乐场所;酒吧,成华区,104.181565,30.688988
恒温游泳,sports,体育休闲服务;运动场馆;游泳馆,青羊区,103.96769,30.671807
光华杏林游泳池,sports,体育休闲服务;运动场馆;游泳馆,青羊区,103.967044,30.672341
宝贝乐儿童游乐村(花语城分店),sports,体育休闲服务;休闲场所;游乐场,青羊区,103.967411,30.675566
轻点奇迹网吧,sports,体育休闲服务;娱乐场所;网吧,青羊区,103.972833,30.671908
丛林网咖(光华北二路),sports,体育休闲服务;娱乐场所;网吧,青羊区,103.964681,30.675213
万达五国皇家大马戏节,sports,体育休闲服务;体育休闲服务场所;体育休闲服务场所,青羊区,103.972085,30.678402
潮流网咖,sports,体育休闲服务;娱乐场所;网吧,青羊区,103.967128,30.676064
元素网咖,sports,体育休闲服务;娱乐场所;网吧,青羊区,103.96655,30.676229
探索者健身,sports,体育休闲服务;运动场馆;健身中心,青羊区,103.970016,30.674421
时代网咖(光华店),sports,体育休闲服务;娱乐场所;网吧,青羊区,103.973405,30.673768
强友快乐网咖,sports,体育休闲服务;娱乐场所;网吧,青羊区,103.982571,30.674815
e线网吧,sports,体育休闲服务;娱乐场所;网吧,青羊区,103.98209,30.671961
沙陶屋,sports,体育休闲服务;体育休闲服务场所;体育休闲服务场所,青羊区,103.976121,30.674028
思必好无限网咖,sports,体育休闲服务;娱乐场所;网吧,青羊区,103.976902,30.67562
无极网吧(四威北路),sports,体育休闲服务;娱乐场所;网吧,青羊区,103.991719,30.674078
3人行音乐酒吧(清波店),sports,体育休闲服务;娱乐场所;KTV,青羊区,103.985324,30.677633
贝森园社区台球,sports,体育休闲服务;运动场馆;台球厅,青羊区,103.990533,30.673394
三人行KTV音乐酒吧,sports,体育休闲服务;娱乐场所;酒吧,青羊区,103.986325,30.678381
极指道网络生活馆,sports,体育休闲服务;娱乐场所;网吧,青羊区,103.988792,30.673541
鑫愿网咖,sports,体育休闲服务;娱乐场所;网吧,青羊区,103.986548,30.678098
道格韦恩健身游泳馆,sports,体育休闲服务;运动场馆;游泳馆,青羊区,103.991448,30.671581
音色酒吧,sports,体育休闲服务;娱乐场所;酒吧,青羊区,103.989491,30.674808
MoCoo Bar木壳,sports,体育休闲服务;娱乐场所;酒吧,青羊区,103.990648,30.672659
暗影岛网咖,sports,体育休闲服务;娱乐场所;网吧,青羊区,103.992073,30.67375
翔悦网咖,sports,体育休闲服务;娱乐场所;网吧,青羊区,103.985324,30.677632
大晟网咖,sports,体育休闲服务;娱乐场所;网吧,青羊区,103.989964,30.673147
晟大网咖,sports,体育休闲服务;娱乐场所;网吧,青羊区,103.990342,30.67303
美速健身(苏坡店),sports,体育休闲服务;运动场馆;健身中心,青羊区,103.98614,30.677853
金秀瑜伽馆,sports,体育休闲服务;运动场馆;健身中心,青羊区,103.986614,30.678924
美素健身,sports,体育休闲服务;体育休闲服务场所;体育休闲服务场所,青羊区,103.986076,30.677365
木壳音乐酒吧(贝森店),sports,体育休闲服务;娱乐场所;酒吧,青羊区,103.990777,30.672594
3人行音乐吧,sports,体育休闲服务;影剧院;音乐厅,青羊区,103.985508,30.677685
双新路社区党员、群众活动室,sports,体育休闲服务;休闲场所;休闲场所,青羊区,103.987809,30.673097
青羊区苏坡中鹏社区老年活动中心,sports,体育休闲服务;休闲场所;休闲场所,青羊区,103.983915,30.671157
成都霓裳休闲健身工作室(清江店),sports,体育休闲服务;体育休闲服务场所;体育休闲服务场所,青羊区,104.003448,30.674772
太平洋激光影城(金沙店),sports,体育休闲服务;影剧院;电影院,青羊区,103.996944,30.678437
月亮村KTV广场(蜀金路),sports,体育休闲服务;娱乐场所;KTV,青羊区,103.997717,30.678287
紫荆电影城(金沙店),sports,体育休闲服务;影剧院;电影院,青羊区,103.995132,30.679531
思必好新蟲蟲网吧,sports,体育休闲服务;娱乐场所;网吧,青羊区,103.997304,30.675709
悠然时尚网咖,sports,体育休闲服务;娱乐场所;网吧,青羊区,104.000507,30.676195
歌王国际,sports,体育休闲服务;娱乐场所;KTV,青羊区,103.99792,30.6766
华府金沙游泳池,sports,体育休闲服务;运动场馆;游泳馆,青羊区,103.999825,30.67838
凯丽美域游泳池,sports,体育休闲服务;运动场馆;游泳馆,青羊区,103.994405,30.678315
芒果私人影吧(西单店),sports,体育休闲服务;影剧院;电影院,青羊区,103.99849,30.679412
阿玛瑞诺红酒吧,sports,体育休闲服务;娱乐场所;酒吧|生活服务;洗浴推拿场所;洗浴推拿场所,青羊区,104.000402,30.677697
沐西bar,sports,体育休闲服务;娱乐场所;酒吧,青羊区,103.999585,30.673688
壹九吧,sports,体育休闲服务;娱乐场所;酒吧,青羊区,104.001409,30.673855
云雾网咖,sports,体育休闲服务;娱乐场所;网吧,青羊区,104.000815,30.678795
MASK CLUB(后工业别墅轰趴馆),sports,体育休闲服务;娱乐场所;酒吧,青羊区,104.000786,30.674159
艾斯酒吧,sports,体育休闲服务;娱乐场所;酒吧,青羊区,103.999583,30.673619
永利演艺厅,sports,体育休闲服务;娱乐场所;娱乐场所,青羊区,104.001238,30.675918
AIRPARK爱尔城运动工场(成都店),sports,体育休闲服务;休闲场所;游乐场,青羊区,104.001588,30.674066
右见花开,sports,体育休闲服务;娱乐场所;酒吧|餐饮服务;休闲餐饮场所;休闲餐饮场所,青羊区,104.001059,30.678851
鑫音画时尚Feel Bar,sports,体育休闲服务;娱乐场所;酒吧,青羊区,103.994645,30.672688
皇家贝里斯足球俱乐部,sports,体育休闲服务;运动场馆;足球场,青羊区,104.000249,30.673164
峰尚弓社,sports,体育休闲服务;体育休闲服务场所;体育休闲服务场所,青羊区,104.00151,30.673069
MANNY网吧,sports,体育休闲服务;娱乐场所;网吧,青羊区,103.997006,30.677497
悦府茶艺养生会所,sports,体育休闲服务;体育休闲服务场所;体育休闲服务场所,青羊区,103.9956,30.679206
66酒馆,sports,体育休闲服务;娱乐场所;酒吧,青羊区,103.996939,30.678676
极速网咖,sports,体育休闲服务;娱乐场所;网吧,青羊区,103.995804,30.679195
森源泉网咖,sports,体育休闲服务;娱乐场所;网吧,青羊区,103.99843,30.675481
ACE电竞酒吧(西村大院),sports,体育休闲服务;娱乐场所;酒吧,青羊区,103.999583,30.67362
译瑜伽会馆,sports,体育休闲服务;运动场馆;健身中心,青羊区,103.997449,30.678197
胡胖胖演艺,sports,体育休闲服务;娱乐场所;娱乐场所,青羊区,103.997937,30.676644
乾龙健身,sports,体育休闲服务;运动场馆;健身中心,青羊区,103.997868,30.678702
贝特会健身,sports,体育休闲服务;运动场馆;健身中心,青羊区,103.996132,30.679026
圣珈瑜伽(西村会馆店),sports,体育休闲服务;运动场馆;健身中心,青羊区,103.999782,30.672575
清健身(西村大院店),sports,体育休闲服务;运动场馆;健身中心,青羊区,104.001506,30.674217
如萱瑜伽,sports,体育休闲服务;运动场馆;健身中心,青羊区,103.998162,30.677414
上指选网络生活馆,sports,体育休闲服务;娱乐场所;网吧,青羊区,103.995787,30.67297
金莎蓝黛俱乐部,sports,体育休闲服务;体育休闲服务场所;体育休闲服务场所,青羊区,103.998431,30.676865
棋牌茶,sports,体育休闲服务;体育休闲服务场所;体育休闲服务场所,青羊区,103.996542,30.670749
博瑞都市花园网球场,sports,体育休闲服务;运动场馆;网球场,青羊区,104.002165,30.669939
贝特会纯氧健身会所,sports,体育休闲服务;运动场馆;健身中心,青羊区,103.997452,30.678398
古梵瑜伽会所,sports,体育休闲服务;运动场馆;健身中心,青羊区,103.996876,30.677958
巴顿激战,sports,体育休闲服务;娱乐场所;游戏厅,青羊区,104.000078,30.672477
摩根量贩KTV,sports,体育休闲服务;娱乐场所;KTV,青羊区,104.001793,30.675014
永利国际俱乐部(苏坡东路),sports,体育休闲服务;娱乐场所;娱乐场所,青羊区,104.002037,30.675935
漫泥网咖,sports,体育休闲服务;娱乐场所;网吧,青羊区,103.996796,30.677712
祝福娱乐活动中心(贝双街),sports,体育休闲服务;娱乐场所;娱乐场所,青羊区,104.000311,30.670399
星光国际俱乐部,sports,体育休闲服务;娱乐场所;娱乐场所,青羊区,103.997937,30.676644
宾贝特健身会所(中大君悦广场店),sports,体育休闲服务;运动场馆;健身中心,青羊区,103.99649,30.678653
悠然瑜伽(西单店),sports,体育休闲服务;运动场馆;健身中心,青羊区,103.997285,30.677515
新阳光健康家园游泳池,sports,体育休闲服务;体育休闲服务场所;体育休闲服务场所,青羊区,103.99987,30.675462
贝森路社区中老年活动室,sports,体育休闲服务;娱乐场所;棋牌室,青羊区,103.998597,30.671378
云国际跆拳道馆(华府金沙店),sports,体育休闲服务;运动场馆;跆拳道场馆,青羊区,103.999549,30.677893
青羊双新社区朗力托老所,sports,体育休闲服务;度假疗养场所;疗养院,青羊区,103.9944,30.672709
君憩园会所,sports,体育休闲服务;体育休闲服务场所;体育休闲服务场所,青羊区,104.001714,30.674679
太平洋电影成,sports,体育休闲服务;体育休闲服务场所;体育休闲服务场所,青羊区,104.001563,30.677011
麻雀休闲坊,sports,体育休闲服务;娱乐场所;棋牌室,青羊区,104.007452,30.670562
星光灿烂(金沙店),sports,体育休闲服务;娱乐场所;KTV,青羊区,104.00876,30.678532
万达影城(成都金沙广场店),sports,体育休闲服务;影剧院;电影院,青羊区,104.006484,30.67344
新文化宫恒温游泳馆(中环路青羊大道段),sports,体育休闲服务;运动场馆;游泳馆,青羊区,104.006034,30.673137
天罗地网网吧(中环路青羊大道段),sports,体育休闲服务;娱乐场所;网吧,青羊区,104.006434,30.678461
笙歌KTV广场,sports,体育休闲服务;娱乐场所;KTV,青羊区,104.006583,30.673413
了凡瑜伽,sports,体育休闲服务;运动场馆;健身中心,青羊区,104.011754,30.675069
梦想剧场,sports,体育休闲服务;影剧院;剧场,青羊区,104.006021,30.672582
劳动人民文化宫戏剧厅,sports,体育休闲服务;影剧院;剧场,青羊区,104.005884,30.672579
缤纷量贩式KTV(金沙店),sports,体育休闲服务;娱乐场所;KTV,青羊区,104.006752,30.673804
网来网吧,sports,体育休闲服务;娱乐场所;网吧,青羊区,104.011713,30.674924
真爱·纯k后派对,sports,体育休闲服务;娱乐场所;KTV,青羊区,104.008712,30.678608
六合星光,sports,体育休闲服务;娱乐场所;KTV,青羊区,104.007823,30.677367
成都市文化宫恒温游泳馆,sports,体育休闲服务;运动场馆;游泳馆,青羊区,104.006646,30.673115
金色音乐吧,sports,体育休闲服务;影剧院;音乐厅,青羊区,104.006461,30.67239
Ccfeel,sports,体育休闲服务;娱乐场所;酒吧,青羊区,104.006846,30.678252
格子空间网络,sports,体育休闲服务;娱乐场所;网吧,青羊区,104.013218,30.674073
西南财经大学离退休教职工活动中心,sports,体育休闲服务;休闲场所;休闲场所,青羊区,104.010479,30.673526
逍遥精酿啤酒馆,sports,体育休闲服务;娱乐场所;酒吧,青羊区,104.00675,30.670013
指南针酒吧(金沙园二期东南),sports,体育休闲服务;娱乐场所;酒吧,青羊区,104.00545,30.678483
格子网吧,sports,体育休闲服务;娱乐场所;网吧,青羊区,104.009323,30.677339
金沙园二期游泳池,sports,体育休闲服务;运动场馆;游泳馆,青羊区,104.007631,30.677558
丽江风情酒馆,sports,体育休闲服务;娱乐场所;酒吧,青羊区,104.005389,30.678922
成都市文化宫健身馆,sports,体育休闲服务;运动场馆;健身中心,青羊区,104.006348,30.672665
艾菲尔瑜伽,sports,体育休闲服务;运动场馆;健身中心,青羊区,104.00715,30.67791
森健身中心,sports,体育休闲服务;运动场馆;健身中心,青羊区,104.00662,30.673332
崇孝养老(清江中路),sports,体育休闲服务;度假疗养场所;疗养院|体育休闲服务;休闲场所;休闲场所,青羊区,104.012963,30.674126
爱和华集团俱乐部,sports,体育休闲服务;体育休闲服务场所;体育休闲服务场所,青羊区,104.004139,30.67207
西南财经大学综合练习馆,sports,体育休闲服务;运动场馆;运动场所,青羊区,104.01351,30.672875
康怡永年养老度假基地,sports,体育休闲服务;度假疗养场所;疗养院,青羊区,104.010968,30.673821
顶尖汇健身俱乐部,sports,体育休闲服务;运动场馆;健身中心,青羊区,104.011788,30.675245
尼罗文化肚皮舞瑜伽馆,sports,体育休闲服务;运动场馆;健身中心,青羊区,104.004459,30.669816
花街8号铺,sports,体育休闲服务;娱乐场所;酒吧,青羊区,104.00647,30.679275
盛朝娱乐,sports,体育休闲服务;娱乐场所;娱乐场所,青羊区,104.008447,30.678134
乒乓球训练中心,sports,体育休闲服务;运动场馆;乒乓球馆,青羊区,104.006441,30.672632
船长网咖(中环路青羊大道段),sports,体育休闲服务;娱乐场所;网吧,青羊区,104.00671,30.670165
西南财经大学光华校区田径场,sports,体育休闲服务;运动场馆;运动场所,青羊区,104.012974,30.672877
木府,sports,体育休闲服务;娱乐场所;酒吧,青羊区,104.004735,30.678819
乒乓球训练馆,sports,体育休闲服务;运动场馆;乒乓球馆,青羊区,104.005501,30.67819
四川钓鱼网川钓俱乐部,sports,体育休闲服务;休闲场所;垂钓园,青羊区,104.00752,30.676584
川藏老兵车友俱乐部,sports,体育休闲服务;娱乐场所;娱乐场所,青羊区,104.01181,30.673638
和嘉天健羽毛球馆(新文化宫),sports,体育休闲服务;运动场馆;羽毛球场,青羊区,104.00662,30.673332
博畅国际沙棘会馆居家养老中心CD.001,sports,体育休闲服务;体育休闲服务场所;体育休闲服务场所,青羊区,104.013565,30.673971
中国春秋跆拳道,sports,体育休闲服务;运动场馆;跆拳道场馆,青羊区,104.005982,30.672174
西南财经大学光华校区成教院学生活动中心,sports,体育休闲服务;休闲场所;休闲场所,青羊区,104.011309,30.669523
西南财经大学光华校区篮球场(西区),sports,体育休闲服务;运动场馆;篮球场馆,青羊区,104.008286,30.67302
正义跆拳道馆,sports,体育休闲服务;运动场馆;跆拳道场馆,青羊区,104.013485,30.672965
菲尔酒吧,sports,体育休闲服务;娱乐场所;酒吧,青羊区,104.006902,30.678294
荣德体育休闲广场,sports,体育休闲服务;运动场馆;综合体育馆,青羊区,104.023098,30.67913
西南财经大学体育馆(成华路),sports,体育休闲服务;运动场馆;综合体育馆,青羊区,104.013686,30.672765
育成体育篮球俱乐部(西南财大店),sports,体育休闲服务;运动场馆;篮球场馆,青羊区,104.014472,30.673166
西南财经大学光华校区校友之家,sports,餐饮服务;咖啡厅;咖啡厅|体育休闲服务;休闲场所;休闲场所,青羊区,104.014197,30.672793
露天花园,sports,体育休闲服务;娱乐场所;棋牌室,青羊区,104.015533,30.67621
峨影1958电影城(清江东路店),sports,体育休闲服务;影剧院;电影院,青羊区,104.02088,30.673374
巴可·激光巨幕厅,sports,体育休闲服务;影剧院;电影院,青羊区,104.020475,30.674294
金字塔会所,sports,体育休闲服务;娱乐场所;娱乐场所,青羊区,104.016031,30.675508
点与线台球俱乐部(清江东路),sports,体育休闲服务;运动场馆;台球厅,青羊区,104.022928,30.671718
悦享成都KTV,sports,体育休闲服务;娱乐场所;KTV,青羊区,104.02112,30.673468
聚点酒吧(双锦路),sports,体育休闲服务;娱乐场所;酒吧,青羊区,104.015968,30.675955
金汇量贩KTV,sports,体育休闲服务;娱乐场所;KTV,青羊区,104.022931,30.671717
鑫旗概念量贩KTV,sports,体育休闲服务;娱乐场所;KTV,青羊区,104.014788,30.674417
紫罗兰,sports,体育休闲服务;娱乐场所;迪厅,青羊区,104.022931,30.671717
欣琴酒吧,sports,体育休闲服务;娱乐场所;酒吧,青羊区,104.016065,30.675715
半生缘网络,sports,体育休闲服务;娱乐场所;网吧,青羊区,104.017094,30.679446
太阳雨酒吧,sports,体育休闲服务;娱乐场所;酒吧,青羊区,104.015996,30.675944
柳木屋,sports,体育休闲服务;娱乐场所;酒吧,青羊区,104.016057,30.675674
时光网吧(罗家碾街),sports,体育休闲服务;娱乐场所;网吧,青羊区,104.021182,30.675959
畅饮酒吧,sports,体育休闲服务;娱乐场所;酒吧,青羊区,104.01594,30.675963
醉酣仙,sports,体育休闲服务;娱乐场所;酒吧,青羊区,104.016074,30.675846
边度酒吧,sports,体育休闲服务;娱乐场所;酒吧,青羊区,104.018176,30.671005
半糖网吧(战旗店),sports,体育休闲服务;娱乐场所;网吧,青羊区,104.019007,30.676271
老地方情谊1314酒吧KTV(财大店),sports,体育休闲服务;娱乐场所;KTV,青羊区,104.018519,30.670873
LATITUDE33,sports,体育休闲服务;娱乐场所;酒吧,青羊区,104.014792,30.674888
夜色星光KTV酒吧,sports,体育休闲服务;娱乐场所;KTV,青羊区,104.018467,30.670824
鑫悦酒吧KTV,sports,体育休闲服务;娱乐场所;酒吧,青羊区,104.018467,30.670826
乾笙酒吧,sports,体育休闲服务;娱乐场所;酒吧,青羊区,104.015838,30.675746
极地音乐酒水吧,sports,体育休闲服务;娱乐场所;酒吧,青羊区,104.021618,30.679255
千寻经典网络会馆(财大店),sports,体育休闲服务;娱乐场所;网吧,青羊区,104.015639,30.675663
九度空间网吧(战旗东路),sports,体育休闲服务;娱乐场所;网吧,青羊区,104.018601,30.676836
超越动漫电玩城,sports,体育休闲服务;娱乐场所;游戏厅,青羊区,104.023251,30.679291
女王NANA慢摇吧(金沙店),sports,体育休闲服务;娱乐场所;酒吧,青羊区,104.018314,30.671019
元鑫网吧,sports,体育休闲服务;娱乐场所;网吧,青羊区,104.01691,30.675312
老地方情谊1314KTV(金沙时代店),sports,体育休闲服务;娱乐场所;KTV,青羊区,104.018356,30.670776
畅饮酒吧A区,sports,体育休闲服务;娱乐场所;酒吧,青羊区,104.015952,30.676112
本色2004音乐酒吧,sports,体育休闲服务;娱乐场所;酒吧,青羊区,104.018119,30.670607
畅欢酒吧,sports,体育休闲服务;娱乐场所;酒吧,青羊区,104.015946,30.676096
皇潮酒吧,sports,体育休闲服务;娱乐场所;酒吧,青羊区,104.016071,30.67575
千寻多米网络会馆,sports,体育休闲服务;娱乐场所;网吧,青羊区,104.015298,30.677098
这里酒吧(双锦路),sports,体育休闲服务;娱乐场所;酒吧,青羊区,104.01606,30.675876
圈子酒吧(石人中巷),sports,体育休闲服务;娱乐场所;酒吧,青羊区,104.022547,30.678244
畅欢酒吧B区,sports,体育休闲服务;娱乐场所;酒吧,青羊区,104.015797,30.675983
金沙网吧(二环路西二段),sports,体育休闲服务;娱乐场所;网吧,青羊区,104.017664,30.670662
铜乐湾酒吧KTV,sports,体育休闲服务;娱乐场所;KTV,青羊区,104.018137,30.670872
添翼战虎真人CS,sports,体育休闲服务;娱乐场所;娱乐场所,青羊区,104.018097,30.67061
山驴户外自驾游俱乐部,sports,体育休闲服务;运动场馆;运动场所,青羊区,104.017997,30.670701
路康之家四川俱乐部,sports,体育休闲服务;体育休闲服务场所;体育休闲服务场所,青羊区,104.014987,30.673895
以间会友,sports,体育休闲服务;体育休闲服务场所;体育休闲服务场所,青羊区,104.021384,30.673643
康胜银子弹,sports,体育休闲服务;体育休闲服务场所;体育休闲服务场所,青羊区,104.015533,30.67621
根据地茶铺,sports,体育休闲服务;体育休闲服务场所;体育休闲服务场所,青羊区,104.017026,30.671156
荣德羽毛球馆,sports,体育休闲服务;运动场馆;羽毛球场,青羊区,104.023226,30.679037
老年活动中心,sports,体育休闲服务;休闲场所;休闲场所,青羊区,104.016009,30.676174
遇见(二环路西二段),sports,体育休闲服务;娱乐场所;网吧,青羊区,104.019438,30.673061
悠闲茶机麻棋牌,sports,体育休闲服务;娱乐场所;棋牌室,青羊区,104.023549,30.669843
集地酒吧,sports,体育休闲服务;娱乐场所;酒吧,青羊区,104.01605,30.675905
辉博乒乓球俱乐部,sports,体育休闲服务;运动场馆;乒乓球馆,青羊区,104.022962,30.679031
Mavis木子东方舞·肚皮舞·瑜伽,sports,体育休闲服务;运动场馆;健身中心,青羊区,104.019188,30.676738
风云再起动漫体验中心(峨影1958店),sports,体育休闲服务;娱乐场所;游戏厅,青羊区,104.021124,30.673468
鑫岛酒吧,sports,体育休闲服务;娱乐场所;酒吧,青羊区,104.015723,30.676004
重新会酒吧,sports,体育休闲服务;娱乐场所;酒吧,青羊区,104.016024,30.675934
闲庭酒吧,sports,体育休闲服务;娱乐场所;酒吧,青羊区,104.022126,30.673388
青羊区瑞吉养老服务中心,sports,体育休闲服务;度假疗养场所;疗养院,青羊区,104.025738,30.670643
雅园农家乐,sports,体育休闲服务;休闲场所;休闲场所,青羊区,104.028645,30.674706
风暴精灵网络会所,sports,体育休闲服务;娱乐场所;网吧,青羊区,104.030119,30.672321
兰苑养老中心成都办事处,sports,体育休闲服务;体育休闲服务场所;体育休闲服务场所,青羊区,104.027005,30.671893
接触酒吧(金罗路),sports,体育休闲服务;娱乐场所;酒吧,金牛区,104.030987,30.677384
阿迪达斯青少年足球训练营,sports,体育休闲服务;运动场馆;足球场,金牛区,104.030133,30.679425
音悦汇录音棚酒吧,sports,体育休闲服务;娱乐场所;酒吧,青羊区,104.025939,30.677195
草堂军干所,sports,商务住宅;住宅区;住宅小区|体育休闲服务;度假疗养场所;疗养院,青羊区,104.027316,30.670143
贝美嘉儿童乐园,sports,体育休闲服务;休闲场所;游乐场,青羊区,104.029867,30.671207
基地台球厅,sports,体育休闲服务;运动场馆;台球厅,金牛区,104.032514,30.677235
熙临KTV,sports,体育休闲服务;娱乐场所;KTV,青羊区,104.030262,30.671242
狂野练歌房,sports,体育休闲服务;娱乐场所;KTV,金牛区,104.030965,30.677474
不重要,sports,体育休闲服务;休闲场所;休闲场所,青羊区,104.027002,30.67063
石人台球俱乐部,sports,体育休闲服务;运动场馆;台球厅,青羊区,104.025988,30.677566
混吧·酒吧,sports,体育休闲服务;娱乐场所;酒吧,金牛区,104.030493,30.673827
辐射网吧,sports,体育休闲服务;娱乐场所;网吧,青羊区,104.025656,30.675148
回忆水酒吧,sports,体育休闲服务;娱乐场所;酒吧,金牛区,104.030606,30.675746
光速网吧,sports,体育休闲服务;娱乐场所;网吧,青羊区,104.025947,30.677569
世友网吧(浪花直营店),sports,体育休闲服务;娱乐场所;网吧,青羊区,104.025882,30.6768
一如既往网吧,sports,体育休闲服务;娱乐场所;网吧,青羊区,104.025726,30.676366
传奇健身(清江店),sports,体育休闲服务;运动场馆;健身中心,青羊区,104.030094,30.671296
夏木酒馆,sports,体育休闲服务;娱乐场所;酒吧,金牛区,104.030437,30.673863
巴马氧吧,sports,体育休闲服务;体育休闲服务场所;体育休闲服务场所,青羊区,104.02377,30.669791
清馨e网天下网吧,sports,体育休闲服务;娱乐场所;网吧,青羊区,104.031585,30.669507
梵若瑜伽国际会所,sports,体育休闲服务;运动场馆;健身中心,青羊区,104.025267,30.671946
清康社区党员活动中心,sports,体育休闲服务;休闲场所;休闲场所,青羊区,104.024312,30.670527
威尔士健身俱乐部(清江东路店),sports,体育休闲服务;运动场馆;健身中心,青羊区,104.030262,30.671242
二分之一水酒吧(石人西路),sports,体育休闲服务;娱乐场所;酒吧,青羊区,104.024486,30.677731
生和美棋牌(石人店),sports,体育休闲服务;娱乐场所;棋牌室,青羊区,104.023929,30.676713
悠闲茶,sports,体育休闲服务;娱乐场所;娱乐场所,青羊区,104.023661,30.669717
峰尚网咖(石人店),sports,体育休闲服务;娱乐场所;网吧,青羊区,104.026089,30.677931
晚霞敬老院,sports,体育休闲服务;度假疗养场所;疗养院,青羊区,104.027425,30.675835
世友网吧(甲壳虫直营店),sports,体育休闲服务;娱乐场所;网吧,青羊区,104.02629,30.678507
清馨茶园,sports,体育休闲服务;娱乐场所;棋牌室,青羊区,104.023889,30.677622
四妹机麻,sports,体育休闲服务;娱乐场所;棋牌室,青羊区,104.026171,30.678015
聚友麻将馆(百寿路),sports,体育休闲服务;娱乐场所;棋牌室,金牛区,104.030941,30.673768
力秀机麻棋牌(百寿路),sports,体育休闲服务;娱乐场所;棋牌室,金牛区,104.03221,30.673593
健康麻将馆,sports,体育休闲服务;娱乐场所;棋牌室,金牛区,104.032042,30.677807
文华坊,sports,体育休闲服务;娱乐场所;棋牌室,金牛区,104.032016,30.677027
韦德健身(大庆路店),sports,体育休闲服务;运动场馆;健身中心,青羊区,104.030086,30.672151
龙珠·花郎跆拳道(白果林店),sports,体育休闲服务;运动场馆;跆拳道场馆,青羊区,104.030262,30.671242
老弯弯茶·棋牌,sports,体育休闲服务;娱乐场所;棋牌室,青羊区,104.02452,30.676791
杨大爷麻将馆,sports,体育休闲服务;娱乐场所;棋牌室,青羊区,104.025621,30.67768
文汇棋牌苑,sports,体育休闲服务;体育休闲服务场所;体育休闲服务场所,青羊区,104.024067,30.67526
屋顶花园休闲世界,sports,体育休闲服务;休闲场所;休闲场所,青羊区,104.0336,30.669913
青西服务站,sports,体育休闲服务;娱乐场所;棋牌室,金牛区,104.035007,30.674689
成都市新声剧场,sports,体育休闲服务;影剧院;剧场,金牛区,104.037903,30.678064
台北芒果KTV(抚琴南路),sports,体育休闲服务;娱乐场所;KTV,金牛区,104.041646,30.676181
民族大舞台,sports,体育休闲服务;影剧院;音乐厅,金牛区,104.042501,30.675284
西城国际商务会所KTV,sports,体育休闲服务;娱乐场所;KTV,金牛区,104.041593,30.676092
童辉世界儿童游乐场,sports,体育休闲服务;休闲场所;游乐场,金牛区,104.041763,30.676323
依伊音乐吧,sports,体育休闲服务;娱乐场所;KTV,金牛区,104.033806,30.672787
方程式网吧,sports,体育休闲服务;娱乐场所;网吧,金牛区,104.041188,30.676106
引力台球会,sports,体育休闲服务;运动场馆;台球厅,金牛区,104.041261,30.676206
传奇网络沙龙,sports,体育休闲服务;娱乐场所;网吧,金牛区,104.036126,30.675691
节奏音乐酒吧,sports,体育休闲服务;娱乐场所;酒吧,金牛区,104.038231,30.67362
圣珈瑜伽(一环路西三段),sports,体育休闲服务;运动场馆;健身中心,金牛区,104.039427,30.678867
琦灵怪杰网吧,sports,体育休闲服务;娱乐场所;网吧,金牛区,104.03767,30.674565
今生约定酒吧,sports,体育休闲服务;娱乐场所;酒吧,金牛区,104.037323,30.675973
成师陶艺活动中心,sports,体育休闲服务;休闲场所;休闲场所,金牛区,104.035756,30.672479
锦城夜KTV酒吧,sports,体育休闲服务;娱乐场所;酒吧,金牛区,104.038247,30.67275
博航健身(永陵店),sports,体育休闲服务;运动场馆;健身中心,金牛区,104.042463,30.676522
小天地网吧(白果林店),sports,体育休闲服务;娱乐场所;网吧,金牛区,104.034565,30.674801
佐米悠米网咖,sports,体育休闲服务;娱乐场所;网吧,金牛区,104.038231,30.673411
安驿网吧,sports,体育休闲服务;娱乐场所;网吧,金牛区,104.038301,30.67435
神秘岛网咖,sports,体育休闲服务;娱乐场所;网吧,金牛区,104.035027,30.672505
永陵干休所,sports,体育休闲服务;体育休闲服务场所;体育休闲服务场所,金牛区,104.042589,30.676844
智灵网络,sports,体育休闲服务;娱乐场所;网吧,金牛区,104.040948,30.670947
金琴南路社区党员活动室,sports,体育休闲服务;休闲场所;休闲场所,金牛区,104.035153,30.677927
老年活动中心,sports,体育休闲服务;休闲场所;休闲场所,金牛区,104.040267,30.673212
金琴南路社区多功能活动室,sports,体育休闲服务;休闲场所;休闲场所,金牛区,104.035153,30.677927
星空网络(青羊北路),sports,体育休闲服务;娱乐场所;网吧,金牛区,104.039716,30.673325
魔力水晶网吧(实鑫大厦西南),sports,体育休闲服务;娱乐场所;网吧,金牛区,104.042712,30.670584
金琴南路社区计生协会活动室,sports,体育休闲服务;休闲场所;休闲场所,金牛区,104.035153,30.677927
声玩录影棚,sports,体育休闲服务;体育休闲服务场所;体育休闲服务场所,金牛区,104.037696,30.673956
金琴南路社区健身房,sports,体育休闲服务;运动场馆;健身中心,金牛区,104.035153,30.677927
祺园,sports,体育休闲服务;娱乐场所;棋牌室,金牛区,104.039009,30.673893
青阳北路社区家长学校活动中心,sports,体育休闲服务;娱乐场所;娱乐场所,金牛区,104.043558,30.67401
龙珠·花郎跆拳道(荣德店),sports,体育休闲服务;运动场馆;跆拳道场馆,金牛区,104.036139,30.675708
金琴南路社区综合文化活动室,sports,体育休闲服务;休闲场所;休闲场所,金牛区,104.035153,30.677927
龙之飞腾网络会所,sports,体育休闲服务;娱乐场所;网吧,金牛区,104.042585,30.670402
金琴南路社区残疾人活动室,sports,体育休闲服务;休闲场所;休闲场所,金牛区,104.035153,30.677927
三洞桥干休所,sports,体育休闲服务;度假疗养场所;疗养院,金牛区,104.042721,30.675709
乾元休闲室,sports,体育休闲服务;休闲场所;休闲场所,金牛区,104.047699,30.671557
青羊区游泳场,sports,体育休闲服务;运动场馆;游泳馆,金牛区,104.046193,30.67309
心灵·几何,sports,体育休闲服务;娱乐场所;网吧,金牛区,104.046694,30.670602
凤舞九天网吧(上同仁路),sports,体育休闲服务;娱乐场所;网吧,青羊区,104.051101,30.67701
鑫宇网吧(上同仁路),sports,体育休闲服务;娱乐场所;网吧,青羊区,104.050566,30.676161
四川省歌舞剧院(西大街店),sports,体育休闲服务;影剧院;剧场|公司企业;公司;公司,青羊区,104.05333,30.676309
酷麦KTV(西安路店),sports,体育休闲服务;娱乐场所;KTV,金牛区,104.04581,30.674072
地平线KTV(三洞桥店),sports,体育休闲服务;娱乐场所;酒吧|体育休闲服务;娱乐场所;KTV,金牛区,104.047304,30.676387
浓馨歌舞城,sports,体育休闲服务;娱乐场所;夜总会,金牛区,104.048596,30.679047
锦城世家恒温游泳馆,sports,体育休闲服务;运动场馆;游泳馆,金牛区,104.045273,30.679149
皇家7号商务KTV,sports,体育休闲服务;娱乐场所;KTV,金牛区,104.046153,30.675335
火焰鸟网吧,sports,体育休闲服务;娱乐场所;网吧,青羊区,104.050705,30.674775
小酌坊,sports,体育休闲服务;娱乐场所;酒吧,青羊区,104.050329,30.670611
东森台球,sports,体育休闲服务;运动场馆;台球厅,金牛区,104.04822,30.671507
冯文良友健身俱乐部,sports,体育休闲服务;运动场馆;健身中心,金牛区,104.048199,30.678521
康美仕健身俱乐部,sports,体育休闲服务;运动场馆;健身中心,金牛区,104.043599,30.675876
浩沙健身(同仁店),sports,体育休闲服务;运动场馆;健身中心,青羊区,104.04945,30.670541
棱镜竞技网络馆,sports,体育休闲服务;娱乐场所;网吧,青羊区,104.049683,30.672148
金都娱乐会所(三洞桥路店),sports,体育休闲服务;娱乐场所;KTV,金牛区,104.04785,30.677651
鑫艺网咖,sports,体育休闲服务;娱乐场所;网吧,青羊区,104.049173,30.669975
拉乌网咖,sports,体育休闲服务;娱乐场所;网吧,青羊区,104.048791,30.671103
二楼网咖,sports,体育休闲服务;娱乐场所;网吧,金牛区,104.046451,30.67059
万浩斯健身馆,sports,体育休闲服务;运动场馆;健身中心,金牛区,104.04645,30.675307
水瓶座网吧,sports,体育休闲服务;娱乐场所;网吧,青羊区,104.049919,30.675393
泸天化酒店-台球室,sports,体育休闲服务;运动场馆;台球厅,青羊区,104.049114,30.673409
永陵社区老年活动室,sports,体育休闲服务;休闲场所;休闲场所,金牛区,104.047295,30.675535
浓馨演艺厅,sports,体育休闲服务;体育休闲服务场所;体育休闲服务场所,金牛区,104.048432,30.679231
九堂音乐汇,sports,体育休闲服务;体育休闲服务场所;体育休闲服务场所,金牛区,104.043757,30.675989
荷泥,sports,体育休闲服务;娱乐场所;酒吧,青羊区,104.051977,30.669825
小院,sports,体育休闲服务;娱乐场所;棋牌室,青羊区,104.050859,30.670142
浩沙健身(永陵店),sports,体育休闲服务;运动场馆;健身中心,金牛区,104.043599,30.675876
U+瑜伽(金牛店),sports,体育休闲服务;运动场馆;健身中心,金牛区,104.045657,30.672595
馨浪演艺厅,sports,体育休闲服务;娱乐场所;夜总会,金牛区,104.048602,30.679012
第舞世界(西安路店),sports,体育休闲服务;运动场馆;健身中心,金牛区,104.045823,30.672113
宇海网咖,sports,体育休闲服务;娱乐场所;网吧,金牛区,104.046631,30.677337
都市农家乐,sports,体育休闲服务;休闲场所;休闲场所,金牛区,104.045416,30.674862
洋画,sports,体育休闲服务;娱乐场所;酒吧,青羊区,104.051898,30.669867
异次元·世界(宽窄巷子店),sports,体育休闲服务;娱乐场所;娱乐场所,青羊区,104.049458,30.670214
茗鼎香棋牌,sports,体育休闲服务;娱乐场所;棋牌室,青羊区,104.050543,30.67128
九九棋牌室(西马棚街),sports,体育休闲服务;娱乐场所;棋牌室,青羊区,104.049963,30.673625
弈圃棋社,sports,体育休闲服务;娱乐场所;棋牌室,青羊区,104.052626,30.672392
北京静悦瑜伽馆俱乐部(金牛区西安路店),sports,体育休闲服务;运动场馆;健身中心,金牛区,104.045672,30.672127
NEWTYPE VR,sports,体育休闲服务;娱乐场所;游戏厅,青羊区,104.052624,30.676745
飘香棋牌室,sports,体育休闲服务;娱乐场所;棋牌室,青羊区,104.051382,30.672973
一品闲(三洞桥分店),sports,体育休闲服务;娱乐场所;棋牌室|餐饮服务;茶艺馆;茶艺馆,金牛区,104.048115,30.677843
NEWTYPE VR体验馆(西大街店),sports,体育休闲服务;娱乐场所;娱乐场所,青羊区,104.052589,30.676722
流浪猫动漫,sports,体育休闲服务;娱乐场所;游戏厅,青羊区,104.052664,30.676702
蓝光森林网吧,sports,体育休闲服务;娱乐场所;网吧,金牛区,104.047307,30.670324
1O31,sports,体育休闲服务;娱乐场所;娱乐场所,青羊区,104.051676,30.670072
金牛区跆拳道队训练基地成人班,sports,体育休闲服务;运动场馆;跆拳道场馆,金牛区,104.04629,30.676035
八号营地,sports,体育休闲服务;休闲场所;露营地,青羊区,104.051542,30.677119
静馨麻将馆,sports,体育休闲服务;娱乐场所;棋牌室,金牛区,104.049585,30.676102
地平线音乐酒吧,sports,体育休闲服务;娱乐场所;酒吧,金牛区,104.047354,30.676319
太平洋影城(新城市店),sports,体育休闲服务;影剧院;电影院,青羊区,104.055809,30.676585
单行道(青龙街),sports,体育休闲服务;娱乐场所;酒吧,青羊区,104.062704,30.671446
活力城量贩KTV(青龙巷),sports,体育休闲服务;娱乐场所;KTV,青羊区,104.061624,30.67356
红光歌舞厅,sports,体育休闲服务;娱乐场所;迪厅,青羊区,104.056456,30.674448
新城市广场游泳池,sports,体育休闲服务;运动场馆;游泳馆,青羊区,104.054633,30.675864
米乐星世界KTV(西门店),sports,体育休闲服务;娱乐场所;KTV,青羊区,104.05589,30.676596
韦德伍斯健身会所(铂金城店),sports,体育休闲服务;运动场馆;健身中心,青羊区,104.061882,30.672479
万和苑游泳俱乐部,sports,体育休闲服务;运动场馆;游泳馆,青羊区,104.059839,30.674061
麦石网络,sports,体育休闲服务;娱乐场所;网吧,青羊区,104.054,30.669802
八宝街社区文体活动中心,sports,体育休闲服务;休闲场所;休闲场所,青羊区,104.058545,30.67491
紫荆电影城(新城市广场店),sports,体育休闲服务;影剧院;电影院,青羊区,104.054463,30.675874
铂金台球俱乐部,sports,体育休闲服务;运动场馆;台球厅,青羊区,104.062271,30.673003
杰纳森儿童乐园(骡马市店),sports,体育休闲服务;休闲场所;游乐场,青羊区,104.062997,30.671803
奇迹健身游泳馆(新华店),sports,体育休闲服务;运动场馆;游泳馆,青羊区,104.0622,30.676748
一源一儿童亲子乐园,sports,体育休闲服务;休闲场所;游乐场,青羊区,104.054682,30.675689
翡翠丽都KTV,sports,体育休闲服务;娱乐场所;KTV,青羊区,104.061539,30.672635
独家记忆私人影院,sports,体育休闲服务;影剧院;电影院,青羊区,104.061788,30.673284
T博士密室逃脱概念店(八宝街店),sports,体育休闲服务;娱乐场所;娱乐场所,青羊区,104.054549,30.67595
成都恒温游泳馆(新华店),sports,体育休闲服务;运动场馆;游泳馆,青羊区,104.062089,30.677614
君子好球台球俱乐部,sports,体育休闲服务;运动场馆;台球厅,青羊区,104.061445,30.672849
名人港湾商务娱乐会所KTV,sports,体育休闲服务;娱乐场所;KTV,青羊区,104.054006,30.671217
酷必乐欢唱城,sports,体育休闲服务;娱乐场所;KTV,青羊区,104.054649,30.675995
成都游泳馆(新华店),sports,体育休闲服务;运动场馆;运动场所,青羊区,104.063051,30.677157
空中花园游泳池,sports,体育休闲服务;运动场馆;游泳馆,青羊区,104.059822,30.673805
TOT CLUB,sports,体育休闲服务;娱乐场所;酒吧,青羊区,104.055458,30.674397
异次元密室逃脱(异次元旗舰店),sports,体育休闲服务;影剧院;电影院|体育休闲服务;娱乐场所;游戏厅,青羊区,104.055152,30.67624
川浏网吧,sports,体育休闲服务;娱乐场所;网吧,青羊区,104.05498,30.675008
沙漏网咖,sports,体育休闲服务;娱乐场所;网吧,青羊区,104.060563,30.672933
单身群快乐俱乐部,sports,体育休闲服务;娱乐场所;娱乐场所,青羊区,104.063049,30.675542
浮游吧,sports,体育休闲服务;娱乐场所;酒吧,青羊区,104.055549,30.67187
青羊区老干部活动中心,sports,体育休闲服务;休闲场所;休闲场所,青羊区,104.055963,30.678239
七号电竞馆,sports,体育休闲服务;娱乐场所;网吧|体育休闲服务;娱乐场所;游戏厅,青羊区,104.05679,30.674217
赤羽射箭俱乐部,sports,体育休闲服务;运动场馆;运动场所,青羊区,104.055174,30.67633
时空战线(西门店),sports,体育休闲服务;娱乐场所;网吧,青羊区,104.054199,30.67544
7号网咖(八宝街),sports,体育休闲服务;娱乐场所;网吧,青羊区,104.056395,30.674479
铂金网吧,sports,体育休闲服务;娱乐场所;网吧,青羊区,104.061756,30.672533
思必好铂金网吧·台球,sports,体育休闲服务;娱乐场所;娱乐场所,青羊区,104.061309,30.673166
原动力网吧(王家塘街),sports,体育休闲服务;娱乐场所;网吧,青羊区,104.058223,30.676214
金太阳鸟网吧,sports,体育休闲服务;娱乐场所;网吧,青羊区,104.055508,30.672876
悠游酒吧,sports,体育休闲服务;娱乐场所;酒吧,青羊区,104.058838,30.676411
铂金网络会所,sports,体育休闲服务;娱乐场所;网吧,青羊区,104.056117,30.67587
New Beer,sports,体育休闲服务;娱乐场所;酒吧,青羊区,104.055321,30.67448
823户外俱乐部,sports,体育休闲服务;体育休闲服务场所;体育休闲服务场所,青羊区,104.057582,30.677417
动漫游戏台球娱乐中心,sports,体育休闲服务;娱乐场所;娱乐场所,青羊区,104.061605,30.673138
锦官城足球俱乐部,sports,体育休闲服务;运动场馆;足球场,青羊区,104.061415,30.672718
鼎艺舞蹈房,sports,体育休闲服务;运动场馆;健身中心,青羊区,104.054581,30.674848
新城市广场足球场,sports,体育休闲服务;运动场馆;足球场,青羊区,104.05463,30.675859
麦石时代网吧西门,sports,体育休闲服务;体育休闲服务场所;体育休闲服务场所,青羊区,104.053802,30.669541
棋牌茶,sports,体育休闲服务;体育休闲服务场所;体育休闲服务场所,青羊区,104.060645,30.676312
传奇健身时间工厂店,sports,体育休闲服务;运动场馆;健身中心,青羊区,104.05468,30.675683
动漫游戏台球娱乐中心,sports,体育休闲服务;娱乐场所;娱乐场所,青羊区,104.061605,30.673138
锦官城足球俱乐部,sports,体育休闲服务;运动场馆;足球场,青羊区,104.061415,30.672718
鼎艺舞蹈房,sports,体育休闲服务;运动场馆;健身中心,青羊区,104.054581,30.674848
领跑者健身房,sports,体育休闲服务;体育休闲服务场所;体育休闲服务场所,青羊区,104.062816,30.672087
新城市广场足球场,sports,体育休闲服务;运动场馆;足球场,青羊区,104.05463,30.675859
麦石时代网吧西门,sports,体育休闲服务;体育休闲服务场所;体育休闲服务场所,青羊区,104.053802,30.669541
嘟嘟动漫文化创客中心,sports,体育休闲服务;体育休闲服务场所;体育休闲服务场所,青羊区,104.055248,30.676227
钓鱼岛,sports,体育休闲服务;体育休闲服务场所;体育休闲服务场所,青羊区,104.05898,30.676231
新华宾馆康乐中心,sports,体育休闲服务;体育休闲服务场所;体育休闲服务场所,青羊区,104.062304,30.677025
前厅活动推广区,sports,体育休闲服务;体育休闲服务场所;体育休闲服务场所,青羊区,104.055041,30.675947
西南第一会所,sports,体育休闲服务;体育休闲服务场所;体育休闲服务场所,青羊区,104.06149,30.672486
棋牌茶,sports,体育休闲服务;体育休闲服务场所;体育休闲服务场所,青羊区,104.060645,30.676312
传奇健身时间工厂店,sports,体育休闲服务;运动场馆;健身中心,青羊区,104.05468,30.675683
四川众合hr文化俱乐部,sports,体育休闲服务;体育休闲服务场所;体育休闲服务场所,青羊区,104.061247,30.672957
V House,sports,体育休闲服务;体育休闲服务场所;体育休闲服务场所,青羊区,104.055937,30.675466
五星足球场,sports,体育休闲服务;运动场馆;足球场,青羊区,104.054633,30.675864
传奇健身(新城市店),sports,体育休闲服务;运动场馆;健身中心,青羊区,104.055043,30.676099
迦叶瑜伽,sports,体育休闲服务;运动场馆;健身中心,青羊区,104.059133,30.674731
左右酒馆,sports,体育休闲服务;娱乐场所;酒吧,青羊区,104.054862,30.672233
夜宴娱乐总汇,sports,体育休闲服务;娱乐场所;娱乐场所,青羊区,104.055122,30.675946
名人海港商务娱乐会所KTV,sports,体育休闲服务;娱乐场所;KTV,青羊区,104.05387,30.671196
青羊区社区活动中心,sports,体育休闲服务;休闲场所;休闲场所,青羊区,104.060638,30.676315
长腾鬼校,sports,体育休闲服务;娱乐场所;游戏厅,青羊区,104.054399,30.676123
长紅茶荘棋牌茶水,sports,体育休闲服务;娱乐场所;棋牌室,青羊区,104.054951,30.672115
紫金会所,sports,体育休闲服务;娱乐场所;娱乐场所,青羊区,104.062604,30.673471
宇豪·罗曼大酒店-棋牌,sports,体育休闲服务;娱乐场所;棋牌室,青羊区,104.062834,30.670935
儿童游乐区,sports,体育休闲服务;娱乐场所;娱乐场所,青羊区,104.05548,30.676444
耍家游戏工作室,sports,体育休闲服务;娱乐场所;娱乐场所,青羊区,104.062254,30.673587
金柜商务娱乐会所KTV,sports,体育休闲服务;娱乐场所;娱乐场所,青羊区,104.05387,30.671196
华宇动漫城,sports,体育休闲服务;娱乐场所;游戏厅,青羊区,104.061785,30.672506
品茗·文艺活动公益活动中心,sports,体育休闲服务;体育休闲服务场所;体育休闲服务场所,青羊区,104.057519,30.67246
蓝色月光休闲网吧,sports,体育休闲服务;娱乐场所;网吧,青羊区,104.06543,30.675709
星光欢乐迪氧吧KTV(骡马市店),sports,体育休闲服务;娱乐场所;KTV,青羊区,104.064566,30.673924
25小时健身俱乐部,sports,体育休闲服务;运动场馆;健身中心,青羊区,104.071764,30.672738
和平电影院(草市街店),sports,体育休闲服务;影剧院;电影院,青羊区,104.072842,30.673221
浪漫酒吧(人民中路三段),sports,体育休闲服务;娱乐场所;酒吧,青羊区,104.066639,30.676106
云龙俱乐部,sports,体育休闲服务;娱乐场所;KTV,青羊区,104.070793,30.671862
温莎KTV(成都顺城店),sports,体育休闲服务;娱乐场所;KTV,青羊区,104.068543,30.672275
星浪明星量贩KTV,sports,体育休闲服务;娱乐场所;KTV,青羊区,104.065352,30.676483
9号娱乐会所,sports,体育休闲服务;娱乐场所;KTV,青羊区,104.065706,30.6763
龙之盛煌杰特漫网吧,sports,体育休闲服务;娱乐场所;网吧,青羊区,104.064162,30.673938
云龙酒店7楼会所,sports,体育休闲服务;娱乐场所;娱乐场所,青羊区,104.070764,30.671723
名人葡萄酒国际俱乐部,sports,体育休闲服务;体育休闲服务场所;体育休闲服务场所,青羊区,104.063591,30.672735
9号音乐空间,sports,体育休闲服务;娱乐场所;KTV,青羊区,104.065839,30.676516
星河网吧(北打铜街),sports,体育休闲服务;娱乐场所;网吧,青羊区,104.069742,30.671992
爱丽丝奇幻记主题量贩KTV(玉带桥街),sports,体育休闲服务;娱乐场所;KTV,青羊区,104.068625,30.669702
瑞城名人酒店游泳池,sports,体育休闲服务;运动场馆;游泳馆,青羊区,104.063661,30.672833
天府曲苑,sports,体育休闲服务;影剧院;剧场,青羊区,104.071315,30.675746
星程金地饭店KTV歌厅,sports,体育休闲服务;娱乐场所;KTV,青羊区,104.073076,30.671704
岗坚巴演艺,sports,体育休闲服务;体育休闲服务场所;体育休闲服务场所,青羊区,104.063821,30.67349
婵院瑜伽(骡马市店),sports,体育休闲服务;运动场馆;健身中心,青羊区,104.06437,30.672922
豪萱酒店KTV,sports,体育休闲服务;娱乐场所;KTV,青羊区,104.070116,30.671929
吉象乐园(草市街店),sports,体育休闲服务;休闲场所;游乐场|生活服务;生活服务场所;生活服务场所,青羊区,104.071764,30.672738
中华古玉博览四川中心,sports,体育休闲服务;体育休闲服务场所;体育休闲服务场所,青羊区,104.070759,30.675945
成都常顺腾,sports,体育休闲服务;体育休闲服务场所;体育休闲服务场所,青羊区,104.072074,30.673193
九州财富企业家俱乐部,sports,体育休闲服务;体育休闲服务场所;体育休闲服务场所,青羊区,104.071672,30.677248
王者时空网咖,sports,体育休闲服务;娱乐场所;网吧,青羊区,104.066906,30.676198
网球场,sports,体育休闲服务;运动场馆;网球场,青羊区,104.06395,30.677912
观心瑜伽工作室(骡马市店),sports,体育休闲服务;运动场馆;健身中心,青羊区,104.063681,30.671885
四川岚庭会健身俱乐部,sports,体育休闲服务;运动场馆;健身中心,青羊区,104.070771,30.671761
成都帝盛君豪酒店-健身房,sports,体育休闲服务;运动场馆;健身中心,青羊区,104.064819,30.669755
速度网咖(灶君庙街),sports,体育休闲服务;娱乐场所;网吧,青羊区,104.073152,30.673205
半糖网吧(顺城店),sports,体育休闲服务;娱乐场所;网吧,青羊区,104.070591,30.670241
刘三姐棋牌室,sports,体育休闲服务;娱乐场所;棋牌室,青羊区,104.06443,30.670681
吃住快乐,sports,体育休闲服务;娱乐场所;娱乐场所,青羊区,104.069375,30.674857
二五八棋牌,sports,体育休闲服务;娱乐场所;棋牌室,青羊区,104.065871,30.676881
阳光棋牌(楞伽庵街),sports,体育休闲服务;娱乐场所;棋牌室,青羊区,104.069619,30.674846
棋牌小酒屋,sports,体育休闲服务;娱乐场所;棋牌室,青羊区,104.068008,30.671027
会友棋牌(西珠市街),sports,体育休闲服务;娱乐场所;棋牌室,青羊区,104.072957,30.676664
成都长信房地产开发公司俱乐部,sports,体育休闲服务;运动场馆;健身中心,青羊区,104.069343,30.674871
拉菲(西府北街),sports,体育休闲服务;娱乐场所;娱乐场所,青羊区,104.063775,30.673456
成都帝盛君豪酒店-棋牌室,sports,体育休闲服务;娱乐场所;棋牌室,青羊区,104.064819,30.669755
西讯网络机房,sports,体育休闲服务;体育休闲服务场所;体育休闲服务场所,青羊区,104.068528,30.670753
明鑫休闲会所,sports,体育休闲服务;娱乐场所;娱乐场所,青羊区,104.074387,30.677658
金牛区国学健身服务部,sports,体育休闲服务;运动场馆;健身中心,金牛区,104.082002,30.676324
147桌球俱乐部(北东街),sports,体育休闲服务;运动场馆;台球厅,青羊区,104.074871,30.674455
西南剧院,sports,体育休闲服务;影剧院;剧场,青羊区,104.076936,30.673556
四叶草电影馆,sports,体育休闲服务;影剧院;电影院,青羊区,104.074779,30.676648
天府阳光酒店-台球室,sports,体育休闲服务;运动场馆;台球厅,青羊区,104.076671,30.670042
爱馨歌舞厅,sports,体育休闲服务;娱乐场所;迪厅,青羊区,104.075086,30.675834
后现代网咖,sports,体育休闲服务;娱乐场所;网吧,青羊区,104.076158,30.675451
静轩网咖,sports,体育休闲服务;娱乐场所;网吧,金牛区,104.081974,30.676752
蓝色星空网咖,sports,体育休闲服务;娱乐场所;网吧,青羊区,104.080436,30.670135
成都天府阳光酒店沉香会馆KTV,sports,体育休闲服务;娱乐场所;KTV,青羊区,104.076671,30.670042
城市达人电玩城(西珠市街),sports,体育休闲服务;娱乐场所;游戏厅,青羊区,104.074538,30.676566
伽玥瑜伽(北门大桥店),sports,体育休闲服务;运动场馆;健身中心,青羊区,104.075349,30.677256
坤龙在线网吧,sports,体育休闲服务;娱乐场所;网吧,青羊区,104.074171,30.673081
娱乐网吧,sports,体育休闲服务;娱乐场所;网吧,青羊区,104.081839,30.674719
正能量健身(太升北路),sports,体育休闲服务;运动场馆;健身中心,青羊区,104.079324,30.673361
健英桌球娱乐中心(成都旗舰店),sports,体育休闲服务;运动场馆;台球厅,青羊区,104.076038,30.669506
网季网咖,sports,体育休闲服务;娱乐场所;网吧,青羊区,104.073955,30.676584
飞越旗舰网吧,sports,体育休闲服务;娱乐场所;网吧,青羊区,104.074778,30.676648
天府阳光酒店-游泳池,sports,体育休闲服务;运动场馆;游泳馆,青羊区,104.076671,30.670042
世友网吧(神龙浩宇直营店),sports,体育休闲服务;娱乐场所;网吧,青羊区,104.075112,30.673546
圣珈瑜伽(草市街店),sports,体育休闲服务;运动场馆;健身中心,青羊区,104.073619,30.674301
垒鑫荟格调生活网咖,sports,体育休闲服务;娱乐场所;网吧,青羊区,104.080239,30.671979
德盛社区老年活动站,sports,体育休闲服务;休闲场所;休闲场所,青羊区,104.08002,30.672318
沉淀时光网咖(青羊店),sports,体育休闲服务;娱乐场所;网吧,青羊区,104.078644,30.672699
六加一健身馆,sports,体育休闲服务;运动场馆;健身中心,青羊区,104.080117,30.674417
游戏派对网咖,sports,体育休闲服务;娱乐场所;网吧,青羊区,104.074517,30.674744
坤空网吧,sports,体育休闲服务;娱乐场所;网吧,青羊区,104.074272,30.67318
起航鑫成源网咖,sports,体育休闲服务;娱乐场所;网吧,金牛区,104.082418,30.676455
Q网吧,sports,体育休闲服务;娱乐场所;网吧,青羊区,104.080223,30.672116
天府阳光酒店健身中心,sports,体育休闲服务;运动场馆;健身中心,青羊区,104.076671,30.670042
仕遇网络会馆,sports,体育休闲服务;娱乐场所;网吧,金牛区,104.082858,30.67705
星逸酒店-健身房,sports,体育休闲服务;运动场馆;健身中心,青羊区,104.075063,30.670773
青木网咖,sports,体育休闲服务;娱乐场所;网吧,青羊区,104.076212,30.669403
茶牌室,sports,体育休闲服务;体育休闲服务场所;体育休闲服务场所,青羊区,104.07553,30.671028
殷商时代十小福网络会所,sports,体育休闲服务;娱乐场所;网吧,金牛区,104.08214,30.676313
成都捷成eos俱乐部,sports,体育休闲服务;体育休闲服务场所;体育休闲服务场所,青羊区,104.080076,30.674287
UP格斗体能工厂,sports,体育休闲服务;运动场馆;运动场所,青羊区,104.074833,30.67669
希莉网吧,sports,体育休闲服务;娱乐场所;网吧,金牛区,104.081777,30.67682
益友网吧,sports,体育休闲服务;娱乐场所;网吧,青羊区,104.075138,30.675461
成都菩提心老人长期照护所,sports,体育休闲服务;度假疗养场所;疗养院,青羊区,104.075326,30.674762
金钥匙密室逃脱,sports,体育休闲服务;娱乐场所;娱乐场所,青羊区,104.078116,30.671409
上层名人国际俱乐部,sports,体育休闲服务;娱乐场所;娱乐场所,金牛区,104.07737,30.678192
王咖网络生活体验馆,sports,体育休闲服务;娱乐场所;网吧,青羊区,104.074779,30.676647
新世界桌游,sports,体育休闲服务;娱乐场所;娱乐场所,青羊区,104.074702,30.676912
战旗棋牌室,sports,体育休闲服务;娱乐场所;棋牌室,青羊区,104.07675,30.674771
小关庙社区老人活动中心,sports,体育休闲服务;休闲场所;休闲场所,青羊区,104.08266,30.671968
四季bar,sports,体育休闲服务;娱乐场所;酒吧,青羊区,104.076695,30.670066
周大爷机麻馆,sports,体育休闲服务;娱乐场所;棋牌室,青羊区,104.080074,30.672421
玉泉棋牌室,sports,体育休闲服务;娱乐场所;棋牌室,青羊区,104.075921,30.672133
大鹏棋牌,sports,体育休闲服务;娱乐场所;棋牌室,青羊区,104.080924,30.671648
慧慧麻将室,sports,体育休闲服务;娱乐场所;棋牌室,青羊区,104.080499,30.671637
珍珍麻将馆,sports,体育休闲服务;娱乐场所;棋牌室,金牛区,104.079485,30.679333
快乐棋牌室(福德街),sports,体育休闲服务;娱乐场所;棋牌室,青羊区,104.080703,30.669526
四川省盐业总公司老年活动室,sports,体育休闲服务;休闲场所;休闲场所,青羊区,104.074462,30.669457
聚友棋·牌·茶,sports,体育休闲服务;娱乐场所;棋牌室,青羊区,104.079917,30.670295
天府阳光酒店-麻将包间,sports,体育休闲服务;娱乐场所;娱乐场所,青羊区,104.076911,30.670711
府河象棋,sports,体育休闲服务;娱乐场所;棋牌室,金牛区,104.07781,30.67771
四川省经委企业离休干部活动室,sports,体育休闲服务;休闲场所;休闲场所,青羊区,104.074196,30.670672
国学跆拳道馆(金牛店),sports,体育休闲服务;运动场馆;跆拳道场馆,金牛区,104.082008,30.676324
黑客,sports,体育休闲服务;体育休闲服务场所;体育休闲服务场所,青羊区,104.08203,30.670611
顺丰苑,sports,体育休闲服务;娱乐场所;棋牌室,青羊区,104.079835,30.670336
有艺少儿成人跆拳道培训,sports,体育休闲服务;运动场馆;跆拳道场馆,青羊区,104.077803,30.669682
张哥棋牌,sports,体育休闲服务;娱乐场所;棋牌室,青羊区,104.078335,30.673966
禾嘉网络会所(大安东路),sports,体育休闲服务;娱乐场所;网吧,青羊区,104.08187,30.67471
靖风跆拳道,sports,体育休闲服务;运动场馆;跆拳道场馆,金牛区,104.082121,30.676355
菩提心养老院,sports,体育休闲服务;体育休闲服务场所;体育休闲服务场所,青羊区,104.07546,30.674712
北斗星会所,sports,体育休闲服务;体育休闲服务场所;体育休闲服务场所,青羊区,104.076347,30.676199
蜀雅会所,sports,体育休闲服务;体育休闲服务场所;体育休闲服务场所,青羊区,104.073967,30.673755
成都霓裳休闲健身工作室(建设店),sports,体育休闲服务;体育休闲服务场所;体育休闲服务场所,成华区,104.088001,30.672589
峨影1958·鲸纳私人影院,sports,体育休闲服务;影剧院;电影院,成华区,104.090874,30.672566
新感觉网咖(红星路一段),sports,体育休闲服务;娱乐场所;网吧,青羊区,104.085407,30.670008
Go On量贩KTV,sports,体育休闲服务;娱乐场所;KTV,锦江区,104.086201,30.670473
缘份天空网咖,sports,体育休闲服务;娱乐场所;网吧,金牛区,104.08408,30.678964
欢乐海洋剧场,sports,体育休闲服务;影剧院;剧场,成华区,104.090688,30.670847
金色年代KTV(马鞍街),sports,体育休闲服务;娱乐场所;KTV,金牛区,104.088227,30.679215
康莱KTV量贩,sports,体育休闲服务;娱乐场所;KTV,成华区,104.088431,30.672544
可可网咖(一环路北四段),sports,体育休闲服务;娱乐场所;网吧,金牛区,104.091611,30.679308
原莱量贩KTV,sports,体育休闲服务;娱乐场所;KTV,成华区,104.088395,30.672663
海联网咖,sports,体育休闲服务;娱乐场所;网吧,成华区,104.090114,30.675948
成都群力俱乐部,sports,体育休闲服务;运动场馆;运动场所,锦江区,104.086191,30.670435
泰莱仕网球俱乐部,sports,体育休闲服务;运动场馆;运动场所,成华区,104.090323,30.672747
麻将馆,sports,体育休闲服务;娱乐场所;棋牌室,成华区,104.092318,30.67559
麻将茶棋牌,sports,体育休闲服务;娱乐场所;棋牌室,成华区,104.093153,30.673502
聚友棋牌(东城拐下街),sports,体育休闲服务;娱乐场所;棋牌室,锦江区,104.087907,30.670215
七上八下自由岛主题轰趴馆(财富又一城店),sports,体育休闲服务;娱乐场所;娱乐场所,成华区,104.090391,30.674189
梅林,sports,体育休闲服务;娱乐场所;棋牌室,锦江区,104.088408,30.669959
电子科技大学沙河校区体育馆,sports,体育休闲服务;运动场馆;综合体育馆,成华区,104.095085,30.677562
东茗居休闲坊,sports,体育休闲服务;体育休闲服务场所;体育休闲服务场所,成华区,104.096362,30.671518
红东方休闲坊,sports,体育休闲服务;体育休闲服务场所;体育休闲服务场所,成华区,104.096362,30.671518
天翼3G校园体育馆,sports,体育休闲服务;运动场馆;综合体育馆,成华区,104.09625,30.676564
电子科技大学沙河校区体育场,sports,体育休闲服务;运动场馆;运动场所,成华区,104.096843,30.678904
后海酒吧(建设路),sports,体育休闲服务;娱乐场所;酒吧,成华区,104.100052,30.671674
老地方KTV(建设店),sports,体育休闲服务;娱乐场所;KTV,成华区,104.100051,30.671673
飞狐网络会所(建设中路店),sports,体育休闲服务;娱乐场所;网吧,成华区,104.101131,30.674224
米乐迪量贩KTV(建设巷),sports,体育休闲服务;娱乐场所;KTV,成华区,104.100314,30.672008
飘逸KTV量贩歌城,sports,体育休闲服务;娱乐场所;KTV,成华区,104.098294,30.670844
时空战线网吧(沙河店),sports,体育休闲服务;娱乐场所;网吧,成华区,104.100321,30.672004
Wego纯K(建设路店),sports,体育休闲服务;娱乐场所;KTV,成华区,104.101846,30.67153
锦瑟酒吧,sports,体育休闲服务;娱乐场所;酒吧,成华区,104.099616,30.671872
捕风桌影私人影院,sports,体育休闲服务;影剧院;电影院,成华区,104.102928,30.672615
Tipsy Bar,sports,体育休闲服务;娱乐场所;酒吧,成华区,104.098615,30.673313
蓝色港湾(建设路),sports,体育休闲服务;娱乐场所;酒吧,成华区,104.099322,30.67127
丝雨网吧,sports,体育休闲服务;娱乐场所;网吧,成华区,104.096273,30.67289
树洞桌游吧,sports,体育休闲服务;体育休闲服务场所;体育休闲服务场所,成华区,104.099935,30.67151
7890酒吧,sports,体育休闲服务;娱乐场所;酒吧,成华区,104.100052,30.671673
伴度足球主题酒吧,sports,体育休闲服务;娱乐场所;酒吧,成华区,104.099447,30.671813
迷航音乐酒吧,sports,体育休闲服务;娱乐场所;酒吧,成华区,104.100054,30.671674
浪人网吧(建设路店),sports,体育休闲服务;娱乐场所;网吧,成华区,104.099821,30.671913
天一音乐酒吧,sports,体育休闲服务;娱乐场所;酒吧,成华区,104.099554,30.671565
联谊网吧(一环路东一段),sports,体育休闲服务;娱乐场所;网吧,成华区,104.095058,30.676
情调酒吧,sports,体育休闲服务;娱乐场所;酒吧,成华区,104.099439,30.671589
落脚点户外主题酒吧,sports,体育休闲服务;娱乐场所;酒吧,成华区,104.099935,30.67151
水月酒吧,sports,体育休闲服务;娱乐场所;酒吧,成华区,104.100457,30.671733
缪热酒吧.KTV,sports,体育休闲服务;娱乐场所;酒吧,成华区,104.100166,30.671666
玩家国度网络会所,sports,体育休闲服务;娱乐场所;网吧,成华区,104.100645,30.671287
初易网吧,sports,体育休闲服务;娱乐场所;网吧,成华区,104.099355,30.671988
桌游时间,sports,体育休闲服务;娱乐场所;游戏厅,成华区,104.099322,30.67127
蜂巢网吧(一环路东一段店),sports,体育休闲服务;娱乐场所;网吧,成华区,104.095891,30.673863
东方桌球,sports,体育休闲服务;运动场馆;台球厅,成华区,104.099581,30.671516
一起电影吧私人影院,sports,体育休闲服务;体育休闲服务场所;体育休闲服务场所,成华区,104.103347,30.672392
火之网咖,sports,体育休闲服务;娱乐场所;网吧,成华区,104.100321,30.672004
玩乐酒馆,sports,体育休闲服务;娱乐场所;酒吧,成华区,104.099871,30.671676
电子科技大学沙河校区篮球场,sports,体育休闲服务;运动场馆;篮球场馆,成华区,104.095854,30.677673
主流网咖,sports,体育休闲服务;娱乐场所;网吧,成华区,104.099355,30.671988
鼓捣喝小酒馆,sports,体育休闲服务;娱乐场所;酒吧,成华区,104.099323,30.671252
老车游乐场,sports,体育休闲服务;休闲场所;游乐场,成华区,104.095908,30.673691
网鱼网家网络会所,sports,体育休闲服务;娱乐场所;网吧,成华区,104.100867,30.67135
网事风云网吧,sports,体育休闲服务;娱乐场所;网吧,成华区,104.099475,30.671779
领跑健身游泳池(高地店),sports,体育休闲服务;运动场馆;游泳馆,成华区,104.103154,30.6714
鼎尚精品台球俱乐部(建设路店),sports,体育休闲服务;运动场馆;台球厅,成华区,104.09952,30.671795
乐悠游,sports,体育休闲服务;休闲场所;游乐场,成华区,104.102385,30.672296
游乐园,sports,体育休闲服务;休闲场所;游乐场,成华区,104.093534,30.672491
星空之火网吧,sports,体育休闲服务;娱乐场所;网吧,成华区,104.100527,30.67202
奇迹健身(成都华联店),sports,体育休闲服务;运动场馆;健身中心,成华区,104.097212,30.670054
莫莉幻想,sports,体育休闲服务;体育休闲服务场所;体育休闲服务场所,成华区,104.103347,30.672392
传奇地带网吧,sports,体育休闲服务;娱乐场所;网吧,成华区,104.095073,30.675968
乐悠游,sports,体育休闲服务;休闲场所;游乐场,成华区,104.102385,30.672296
游乐园,sports,体育休闲服务;休闲场所;游乐场,成华区,104.093534,30.672491
第1现场,sports,体育休闲服务;休闲场所;游乐场,成华区,104.102487,30.672496
星空之火网吧,sports,体育休闲服务;娱乐场所;网吧,成华区,104.100527,30.67202
奇迹健身(成都华联店),sports,体育休闲服务;运动场馆;健身中心,成华区,104.097212,30.670054
莫莉幻想,sports,体育休闲服务;体育休闲服务场所;体育休闲服务场所,成华区,104.103347,30.672392
传奇地带网吧,sports,体育休闲服务;娱乐场所;网吧,成华区,104.095073,30.675968
秀屋私人影吧,sports,体育休闲服务;体育休闲服务场所;体育休闲服务场所,成华区,104.100242,30.67182
原瑜伽(建设路),sports,体育休闲服务;运动场馆;健身中心,成华区,104.101776,30.671949
798音乐酒吧(建设路),sports,体育休闲服务;娱乐场所;酒吧,成华区,104.099897,30.671636
姆姆酒吧,sports,体育休闲服务;娱乐场所;酒吧,成华区,104.099787,30.671604
成都J东方舞,sports,体育休闲服务;运动场馆;健身中心,成华区,104.101937,30.672343
WORLD FIT,sports,体育休闲服务;运动场馆;健身中心,成华区,104.101954,30.672586
左脑密室,sports,体育休闲服务;娱乐场所;游戏厅,成华区,104.103055,30.672779
电子科技大学沙河校区排球场,sports,体育休闲服务;运动场馆;运动场所,成华区,104.096068,30.67773
环球健身俱乐部,sports,体育休闲服务;运动场馆;健身中心,成华区,104.102502,30.672233
寒舍酒馆,sports,体育休闲服务;体育休闲服务场所;体育休闲服务场所,成华区,104.094447,30.669533
南洋小区职工活动室,sports,体育休闲服务;休闲场所;休闲场所,成华区,104.093929,30.678121
时空门真人密室,sports,体育休闲服务;娱乐场所;娱乐场所,成华区,104.101676,30.671603
星辰艺馆,sports,体育休闲服务;体育休闲服务场所;体育休闲服务场所,成华区,104.097245,30.67234
起点户外俱乐部,sports,体育休闲服务;体育休闲服务场所;体育休闲服务场所,成华区,104.103369,30.672386
1022号密室馆,sports,体育休闲服务;娱乐场所;娱乐场所,成华区,104.103365,30.672372
电子科技大学沙河校区曲棍球场,sports,体育休闲服务;运动场馆;运动场所,成华区,104.096069,30.67775
伴度缘,sports,体育休闲服务;体育休闲服务场所;体育休闲服务场所,成华区,104.100198,30.671421
缘桌骑士桌游(第五大道店),sports,体育休闲服务;运动场馆;台球厅,成华区,104.099345,30.671404
奇元素脑体全开实境游戏馆,sports,体育休闲服务;娱乐场所;娱乐场所,成华区,104.102816,30.672332
木间酒吧(第五大道分店),sports,体育休闲服务;娱乐场所;酒吧,成华区,104.099615,30.671865
玩家沸斯网吧,sports,体育休闲服务;娱乐场所;网吧,成华区,104.096945,30.672376
漫谷,sports,体育休闲服务;体育休闲服务场所;体育休闲服务场所,成华区,104.093978,30.674017
极品道娱乐会所,sports,体育休闲服务;娱乐场所;娱乐场所,成华区,104.10078,30.671817
金银顶娱乐KTV,sports,体育休闲服务;娱乐场所;KTV,成华区,104.097895,30.669953
仙果巴士(电子科技大学站),sports,体育休闲服务;体育休闲服务场所;体育休闲服务场所,成华区,104.100727,30.673721
极米私人影吧(建设路店),sports,体育休闲服务;体育休闲服务场所;体育休闲服务场所,成华区,104.103369,30.672388
电子科技大学沙河校区健身中心,sports,体育休闲服务;运动场馆;健身中心,成华区,104.094835,30.677564
跨越网络会所,sports,体育休闲服务;娱乐场所;网吧,成华区,104.101009,30.674003
X记忆密室逃脱(建设精品店),sports,体育休闲服务;娱乐场所;娱乐场所,成华区,104.099447,30.671813
电子科大宾馆棋牌室,sports,体育休闲服务;娱乐场所;棋牌室,成华区,104.096287,30.675103
whisky cooktall威士忌鸡尾酒,sports,体育休闲服务;体育休闲服务场所;体育休闲服务场所,成华区,104.098563,30.673382
UME国际影城(成华店),sports,体育休闲服务;影剧院;电影院,成华区,104.106876,30.677488
万达影城(SM广场店),sports,体育休闲服务;影剧院;电影院,成华区,104.11004,30.671093
运动时空羽毛球馆,sports,体育休闲服务;运动场馆;羽毛球场|购物服务;体育用品店;体育用品店,成华区,104.105047,30.678711
室内恒温游泳馆,sports,体育休闲服务;运动场馆;游泳馆,成华区,104.109319,30.674156
阿伦台球(建设路),sports,体育休闲服务;运动场馆;台球厅,成华区,104.103852,30.67257
奇乐儿·儿童主题公园,sports,体育休闲服务;休闲场所;游乐场,成华区,104.109406,30.671114
东成音乐KTV,sports,体育休闲服务;娱乐场所;KTV,成华区,104.111656,30.677277
麦动海乐星量贩KTV(SM购物广场),sports,体育休闲服务;娱乐场所;KTV,成华区,104.11024,30.670671
老洋KTV,sports,体育休闲服务;娱乐场所;KTV,成华区,104.106819,30.673682
玩乐酒馆,sports,体育休闲服务;娱乐场所;酒吧,成华区,104.10665,30.673012
记忆迷城密室逃脱,sports,体育休闲服务;体育休闲服务场所;体育休闲服务场所,成华区,104.10673,30.674048
民友网吧,sports,体育休闲服务;娱乐场所;网吧,成华区,104.10434,30.673864
遇见网咖(建设路店),sports,体育休闲服务;娱乐场所;网吧,成华区,104.10393,30.672569
悟空网咖(建业路),sports,体育休闲服务;娱乐场所;网吧,成华区,104.111783,30.67101
婵院瑜伽(建设路店),sports,体育休闲服务;运动场馆;健身中心,成华区,104.10592,30.673317
悠游堂(SM购物广场),sports,体育休闲服务;休闲场所;游乐场|风景名胜;风景名胜相关;旅游景点,成华区,104.110339,30.671136
恩波综合格斗俱乐部,sports,体育休闲服务;运动场馆;运动场所,成华区,104.107858,30.672097
龙湖·三千里会所,sports,体育休闲服务;运动场馆;游泳馆|生活服务;洗浴推拿场所;洗浴推拿场所,成华区,104.110435,30.674176
悠游堂,sports,体育休闲服务;体育休闲服务场所;体育休闲服务场所,成华区,104.107012,30.677202
开心岛儿童水上俱乐部,sports,体育休闲服务;休闲场所;游乐场,成华区,104.108015,30.671696
龙锦网咖,sports,体育休闲服务;娱乐场所;网吧,成华区,104.110705,30.675136
正己弓社弓箭射击馆,sports,体育休闲服务;体育休闲服务场所;体育休闲服务场所,成华区,104.108569,30.672978
天伦网咖,sports,体育休闲服务;娱乐场所;网吧,成华区,104.105808,30.678749
橘子网咖,sports,体育休闲服务;娱乐场所;网吧,成华区,104.109416,30.678304
天街露天游泳池,sports,体育休闲服务;运动场馆;游泳馆,成华区,104.106447,30.677548
颐和家园游泳池,sports,体育休闲服务;运动场馆;游泳馆,成华区,104.110956,30.675584
幻室VR体验网咖,sports,体育休闲服务;娱乐场所;网吧,成华区,104.106066,30.672738
奇迹恒温游泳馆,sports,体育休闲服务;运动场馆;游泳馆,成华区,104.109617,30.670922
润仔游艺园(SM购物广场),sports,体育休闲服务;娱乐场所;游戏厅|体育休闲服务;休闲场所;游乐场,成华区,104.109635,30.670714
三千里会所游泳馆,sports,体育休闲服务;运动场馆;游泳馆,成华区,104.110462,30.674313
奇迹健身(SM购物广场),sports,体育休闲服务;运动场馆;健身中心,成华区,104.109844,30.671596
不见不散网吧(合能·耀之城南),sports,体育休闲服务;娱乐场所;网吧,成华区,104.113222,30.671509
M:I健身工作室,sports,体育休闲服务;运动场馆;健身中心,成华区,104.109207,30.670605
蝉舟瑜伽(建设路店),sports,体育休闲服务;运动场馆;健身中心,成华区,104.103827,30.673107
传奇健身(龙湖店),sports,体育休闲服务;运动场馆;健身中心,成华区,104.106934,30.677355
伽玥瑜伽,sports,体育休闲服务;运动场馆;健身中心,成华区,104.10367,30.673159
畔溪苑,sports,体育休闲服务;娱乐场所;棋牌室,成华区,104.105308,30.670541
君昂童子军城市营地(SM购物广场),sports,体育休闲服务;休闲场所;游乐场,成华区,104.109097,30.671919
江山国际会所,sports,体育休闲服务;体育休闲服务场所;体育休闲服务场所,成华区,104.10638,30.678776
恩波综合格斗俱乐部,sports,体育休闲服务;体育休闲服务场所;体育休闲服务场所,成华区,104.106979,30.671753
蜀道云途户外俱乐部,sports,体育休闲服务;体育休闲服务场所;体育休闲服务场所,成华区,104.106608,30.677352
Children's playground,sports,体育休闲服务;体育休闲服务场所;体育休闲服务场所,成华区,104.106399,30.673676
弓之道健身馆,sports,体育休闲服务;运动场馆;健身中心,成华区,104.107907,30.671821
幻世VR虚拟现实游戏网卡,sports,体育休闲服务;体育休闲服务场所;体育休闲服务场所,成华区,104.105936,30.672676
静享·生活荟,sports,生活服务;美容美发店;美容美发店|体育休闲服务;休闲场所;休闲场所,成华区,104.112951,30.672263
3-16岁儿童乐高体验中心,sports,体育休闲服务;体育休闲服务场所;体育休闲服务场所,成华区,104.106548,30.676953
CLOWN FISH(SM购物广场),sports,体育休闲服务;休闲场所;游乐场,成华区,104.109234,30.671731
奥登塞国际影城(SM购物广场),sports,体育休闲服务;影剧院;电影院|生活服务;摄影冲印店;摄影冲印,成华区,104.109737,30.670228
成都三佳健身(建设路店),sports,体育休闲服务;运动场馆;健身中心,成华区,104.108185,30.673817
孩子王(SM购物广场),sports,购物服务;专卖店;儿童用品店|体育休闲服务;娱乐场所;娱乐场所,成华区,104.110227,30.670682
THREE PLUS健身(建设路店),sports,体育休闲服务;运动场馆;健身中心,成华区,104.108026,30.674091
上善肚皮舞瑜伽(三千集店),sports,体育休闲服务;运动场馆;健身中心,成华区,104.10657,30.677499
酒肉朋友桌游吧,sports,体育休闲服务;娱乐场所;娱乐场所,成华区,104.106777,30.674036
麦动海乐迪量贩KTV(成华店),sports,体育休闲服务;娱乐场所;KTV,成华区,104.11024,30.670671
悠游堂二环高架路(出口),sports,体育休闲服务;娱乐场所;娱乐场所,成华区,104.107358,30.677785
汤姆熊(伊藤洋华堂建设路店),sports,体育休闲服务;娱乐场所;游戏厅,成华区,104.106499,30.674437
洪涛道馆,sports,体育休闲服务;运动场馆;跆拳道场馆,成华区,104.112367,30.670478
碧昂童子军城市营地,sports,体育休闲服务;休闲场所;露营地,成华区,104.109169,30.670765
蒙娃俱乐部,sports,体育休闲服务;体育休闲服务场所;体育休闲服务场所,成华区,104.110759,30.675095
星期五酒吧,sports,体育休闲服务;娱乐场所;酒吧,成华区,104.111853,30.67583
东岸,sports,体育休闲服务;休闲场所;休闲场所,成华区,104.122913,30.673596
八点空间,sports,体育休闲服务;影剧院;剧场,成华区,104.118748,30.670541
KK PARTY量贩式KTV(东区音乐店),sports,体育休闲服务;娱乐场所;KTV,成华区,104.121706,30.67155
影立方773IMAX影城(东郊记忆店),sports,体育休闲服务;影剧院;电影院,成华区,104.119424,30.670489
遇见(中央大道),sports,体育休闲服务;娱乐场所;酒吧,成华区,104.119379,30.670801
ART太阳台,sports,体育休闲服务;娱乐场所;酒吧,成华区,104.121549,30.672052
臻尚,sports,体育休闲服务;娱乐场所;KTV,成华区,104.122067,30.672679
X先生密室(建设店),sports,体育休闲服务;娱乐场所;娱乐场所,成华区,104.122292,30.671065
九乐,sports,体育休闲服务;娱乐场所;酒吧,成华区,104.11921,30.671215
5D动感体验馆,sports,体育休闲服务;影剧院;影剧院相关,成华区,104.121137,30.671362
荷苗小剧场,sports,体育休闲服务;影剧院;剧场,成华区,104.120953,30.672145
106音乐会馆,sports,体育休闲服务;娱乐场所;KTV,成华区,104.122485,30.672052
MR.X,sports,体育休闲服务;影剧院;剧场,成华区,104.122148,30.670848
播客乐流行,sports,体育休闲服务;娱乐场所;KTV,成华区,104.120776,30.672258
鑫舞世界歌舞厅,sports,体育休闲服务;娱乐场所;夜总会,成华区,104.121645,30.674289
银石酒吧,sports,体育休闲服务;娱乐场所;酒吧,成华区,104.121572,30.671994
不知道,sports,体育休闲服务;娱乐场所;KTV,成华区,104.119536,30.671032
八音盒,sports,体育休闲服务;娱乐场所;酒吧,成华区,104.120015,30.671453
九同,sports,体育休闲服务;娱乐场所;酒吧,成华区,104.121035,30.672335
镭战联盟,sports,体育休闲服务;娱乐场所;网吧,成华区,104.120482,30.670868
玩家汇,sports,体育休闲服务;娱乐场所;酒吧,成华区,104.120489,30.670467
声音啤酒馆,sports,体育休闲服务;娱乐场所;酒吧,成华区,104.122344,30.67224
星空夜网吧,sports,体育休闲服务;娱乐场所;网吧,成华区,104.122469,30.673419
EAST COTTON,sports,体育休闲服务;娱乐场所;酒吧,成华区,104.119138,30.671196
漫时光网吧(圣灯路),sports,体育休闲服务;娱乐场所;网吧,成华区,104.121637,30.674307
酒吧工场,sports,体育休闲服务;娱乐场所;酒吧,成华区,104.121269,30.671141
Bamboo,sports,体育休闲服务;娱乐场所;酒吧,成华区,104.120348,30.671097
即拍基地,sports,体育休闲服务;娱乐场所;酒吧,成华区,104.119629,30.671039
成都钱宝三联球迷公园,sports,体育休闲服务;运动场馆;运动场所,成华区,104.11966,30.669495
睿淇舞蹈俱乐部(东郊记忆店),sports,体育休闲服务;运动场馆;运动场所,成华区,104.119913,30.67069
红枫林动漫城,sports,体育休闲服务;娱乐场所;游戏厅,成华区,104.122008,30.674675
营地,sports,体育休闲服务;娱乐场所;酒吧,成华区,104.121381,30.672439
19号工房,sports,体育休闲服务;娱乐场所;酒吧,成华区,104.118588,30.671747
活态互动体验仓,sports,体育休闲服务;娱乐场所;娱乐场所,成华区,104.119573,30.671333
阿里巴网咖,sports,体育休闲服务;娱乐场所;网吧,成华区,104.121783,30.674799
红光,sports,体育休闲服务;娱乐场所;酒吧,成华区,104.121237,30.672397
MINILIVE音乐沙龙,sports,体育休闲服务;娱乐场所;娱乐场所,成华区,104.119821,30.670937
演艺中心,sports,体育休闲服务;娱乐场所;娱乐场所,成华区,104.119065,30.672009
熊猫童子军乐园,sports,体育休闲服务;娱乐场所;娱乐场所,成华区,104.120969,30.670676
PARTY-A音乐之家,sports,体育休闲服务;影剧院;音乐厅,成华区,104.119031,30.671173
唯乐音乐厅,sports,体育休闲服务;影剧院;音乐厅,成华区,104.121254,30.671887
中国移动无线音乐俱乐部,sports,体育休闲服务;影剧院;音乐厅,成华区,104.118868,30.670117
留声岁月音乐吧,sports,体育休闲服务;休闲场所;休闲场所,成华区,104.120495,30.672167
川音大地Bhouse白房子音乐厅,sports,体育休闲服务;影剧院;音乐厅,成华区,104.11875,30.671909
3D动漫馆(东郊记忆店),sports,体育休闲服务;体育休闲服务场所;体育休闲服务场所,成华区,104.120359,30.671181
三缺一棋牌室(建兴路),sports,体育休闲服务;娱乐场所;棋牌室,成华区,104.114203,30.673578
INTERNET,sports,体育休闲服务;体育休闲服务场所;体育休闲服务场所,成华区,104.122578,30.676294
锦尚KTV(二仙桥店),sports,体育休闲服务;娱乐场所;KTV,成华区,104.132022,30.6775
山楂树酒吧(枫林路),sports,体育休闲服务;娱乐场所;酒吧,成华区,104.124289,30.675831
好望角bar,sports,体育休闲服务;娱乐场所;酒吧,成华区,104.132411,30.678462
创意音乐酒吧,sports,体育休闲服务;娱乐场所;酒吧,成华区,104.132692,30.677225
依翠网吧,sports,体育休闲服务;娱乐场所;网吧,成华区,104.124014,30.675721
欢乐季网吧,sports,体育休闲服务;娱乐场所;网吧,成华区,104.132132,30.677965
自定义网咖,sports,体育休闲服务;娱乐场所;网吧,成华区,104.12846,30.679168
悦坊量贩KTV,sports,体育休闲服务;娱乐场所;KTV,成华区,104.132429,30.677181
欢乐季动漫,sports,体育休闲服务;娱乐场所;游戏厅,成华区,104.132151,30.67823
二B私人影吧,sports,体育休闲服务;体育休闲服务场所;体育休闲服务场所,成华区,104.133221,30.67794
普迦健身,sports,体育休闲服务;运动场馆;健身中心,成华区,104.132197,30.678574
佳佳网络会所(中环路二仙桥东路段),sports,体育休闲服务;娱乐场所;网吧,成华区,104.132564,30.677325
乐心瑜伽排毒瘦身营,sports,体育休闲服务;运动场馆;健身中心,成华区,104.132411,30.678462
伯林健身旗舰店,sports,体育休闲服务;运动场馆;健身中心,成华区,104.124595,30.671684
圆周率酒吧,sports,体育休闲服务;娱乐场所;酒吧,成华区,104.132793,30.678146
成都市成华区东区球场,sports,体育休闲服务;运动场馆;足球场,成华区,104.129932,30.679145
成都理工大学体育馆,sports,体育休闲服务;运动场馆;综合体育馆,成华区,104.13763,30.675229
体育学院田径场,sports,体育休闲服务;运动场馆;运动场所,成华区,104.13804,30.674182
成都理工大学体育运动场,sports,体育休闲服务;运动场馆;运动场所,成华区,104.13971,30.673718
成都理工大学体育学院篮球场,sports,体育休闲服务;运动场馆;篮球场馆,成华区,104.140372,30.672308
成都理工大学瑜伽工作室,sports,体育休闲服务;运动场馆;运动场所,成华区,104.137274,30.675476
成都理工大学篮球场(成功大道),sports,体育休闲服务;运动场馆;篮球场馆,成华区,104.137923,30.675296
成都理工大学网球场(成功大道),sports,体育休闲服务;运动场馆;网球场,成华区,104.136649,30.675286
成都理工大学田径场,sports,体育休闲服务;运动场馆;运动场所,成华区,104.137688,30.674814
欢乐星KTV(中环路崔家店路段),sports,体育休闲服务;娱乐场所;KTV,成华区,104.135299,30.673572
成都理工大学电影院(二仙桥东三路店),sports,体育休闲服务;影剧院;电影院,成华区,104.140602,30.675583
亮声KTV,sports,体育休闲服务;娱乐场所;KTV,成华区,104.133869,30.675997
亮馨KTV,sports,体育休闲服务;娱乐场所;KTV,成华区,104.133922,30.67601
桂森·健康城,sports,体育休闲服务;运动场馆;健身中心,成华区,104.136576,30.676249
成都理工大学游泳场,sports,体育休闲服务;运动场馆;游泳馆,成华区,104.137107,30.67463
成都理工大学羽毛球场,sports,体育休闲服务;运动场馆;羽毛球场,成华区,104.139231,30.678458
大唐网络会所(十里彩云间西),sports,体育休闲服务;娱乐场所;网吧,成华区,104.13597,30.673647
领跑游泳(理工大学店),sports,体育休闲服务;运动场馆;游泳馆,成华区,104.142824,30.675229
亮点网吧(十里店路),sports,体育休闲服务;娱乐场所;网吧,成华区,104.135478,30.676447
大唐台球娱乐中心,sports,体育休闲服务;运动场馆;台球厅,成华区,104.13597,30.673647
理工来力台球俱乐部,sports,体育休闲服务;运动场馆;台球厅,成华区,104.141537,30.672549
余姐台球室,sports,体育休闲服务;运动场馆;台球厅,成华区,104.135637,30.676439
欢乐中国网攀岩基地,sports,体育休闲服务;体育休闲服务场所;体育休闲服务场所,成华区,104.140478,30.675581
成都理工大学排球场,sports,体育休闲服务;运动场馆;运动场所,成华区,104.138744,30.672749
成都理工大学攀岩场,sports,体育休闲服务;运动场馆;运动场所,成华区,104.13742,30.674309
成都理工大学拓展场,sports,体育休闲服务;运动场馆;运动场所,成华区,104.13742,30.674309
理工后勤集团活动中心,sports,体育休闲服务;休闲场所;休闲场所,成华区,104.141478,30.672605
东路社区党员活动室,sports,体育休闲服务;休闲场所;休闲场所,成华区,104.137977,30.672263
维克特青少年足球俱乐部(二仙桥店),sports,体育休闲服务;运动场馆;足球场,成华区,104.137041,30.676712
成都理工大学-研究生活动室,sports,体育休闲服务;休闲场所;休闲场所,成华区,104.138936,30.674794
成都攀岩芭蕾,sports,体育休闲服务;运动场馆;健身中心,成华区,104.137048,30.676681
星空和平网吧,sports,体育休闲服务;娱乐场所;网吧,成华区,104.137069,30.679183
彩云间羽毛球俱乐部,sports,体育休闲服务;运动场馆;羽毛球场,成华区,104.137342,30.671289
博览网咖,sports,体育休闲服务;娱乐场所;网吧,成华区,104.136949,30.678856
茶机麻棋牌,sports,体育休闲服务;娱乐场所;棋牌室,成华区,104.136244,30.673398
学缘机麻,sports,体育休闲服务;娱乐场所;棋牌室,成华区,104.135149,30.67622
成都理工大学网球场(成华区市政设施维护处西北),sports,体育休闲服务;运动场馆;网球场,成华区,104.13907,30.672902
陈家花园麻将馆,sports,体育休闲服务;娱乐场所;棋牌室,成华区,104.134224,30.669816
成都理工大学篮球场(芙蓉路),sports,体育休闲服务;运动场馆;篮球场馆,成华区,104.138785,30.677077
成都理工大学大学生创新创业俱乐部,sports,体育休闲服务;娱乐场所;娱乐场所,成华区,104.143229,30.677441
成都理工大学篮球场(桐荫路),sports,体育休闲服务;运动场馆;篮球场馆,成华区,104.138861,30.678078
欢乐城堡动漫城(中环路崔家店路段),sports,体育休闲服务;娱乐场所;游戏厅,成华区,104.135299,30.673569
成都理工大学足球场,sports,体育休闲服务;运动场馆;足球场,成华区,104.138896,30.672727
和睦缘网络会所,sports,体育休闲服务;娱乐场所;网吧,成华区,104.135299,30.673572
成都理工大学乒乓球场(成功大道),sports,体育休闲服务;运动场馆;乒乓球馆,成华区,104.139635,30.675533
成都理工大学田径场,sports,体育休闲服务;运动场馆;运动场所,成华区,104.150938,30.678987
成都理工大学附属小学操场,sports,体育休闲服务;运动场馆;运动场所,成华区,104.146002,30.679129
成都理工大学离退休教职工第一活动室,sports,体育休闲服务;休闲场所;休闲场所,成华区,104.144456,30.678161
成都理工大学篮球场(圣关路),sports,体育休闲服务;运动场馆;篮球场馆,成华区,104.149077,30.674791
成都理工大学地球物理学院学生公寓课外科技兴趣活动站,sports,体育休闲服务;休闲场所;休闲场所,成华区,104.145935,30.673544
成都理工大学篮球场(银杏路),sports,体育休闲服务;运动场馆;篮球场馆,成华区,104.144022,30.67377
成都理工大学足球场(东苑东区),sports,体育休闲服务;运动场馆;足球场,成华区,104.1509,30.678439
成都理工大学乒乓球场,sports,体育休闲服务;运动场馆;乒乓球馆,成华区,104.149107,30.675726
长林盘社区老年活动中心,sports,体育休闲服务;休闲场所;休闲场所,成华区,104.156248,30.671063
成南立交老年活动中心,sports,体育休闲服务;休闲场所;休闲场所,成华区,104.156228,30.670791
友一家农家乐,sports,体育休闲服务;休闲场所;休闲场所,成华区,104.156184,30.67148
极地生态农家乐,sports,体育休闲服务;休闲场所;休闲场所,成华区,104.170164,30.677362
极速星宇网吧,sports,体育休闲服务;娱乐场所;网吧,青羊区,103.97337,30.668636
聚友麻将馆,sports,体育休闲服务;娱乐场所;棋牌室,青羊区,103.967561,30.660544
顺发机麻,sports,体育休闲服务;娱乐场所;棋牌室,青羊区,103.965548,30.667263
自由麻将厅,sports,体育休闲服务;娱乐场所;棋牌室,青羊区,103.969804,30.665355
王妈麻将馆,sports,体育休闲服务;娱乐场所;棋牌室,青羊区,103.965306,30.666821
巴客台球休闲中心,sports,体育休闲服务;运动场馆;台球厅,青羊区,103.978688,30.668371
憩园(第一轩店),sports,体育休闲服务;休闲场所;休闲场所|餐饮服务;休闲餐饮场所;休闲餐饮场所,武侯区,103.983246,30.661551
淩速网吧,sports,体育休闲服务;娱乐场所;网吧,青羊区,103.976214,30.666338
怡豪网吧(培风路),sports,体育休闲服务;娱乐场所;网吧,青羊区,103.976124,30.66726
时空引擎激战名鹰网络会所,sports,体育休闲服务;娱乐场所;网吧,青羊区,103.977937,30.661829
祥云网咖(万寿一路),sports,体育休闲服务;娱乐场所;网吧,青羊区,103.979929,30.661174
上道剑灵网络会所,sports,体育休闲服务;娱乐场所;网吧,武侯区,103.976078,30.662701
葡萄园,sports,体育休闲服务;休闲场所;采摘园,武侯区,103.983016,30.661248
X9音乐酒吧量贩KTV,sports,体育休闲服务;娱乐场所;KTV,青羊区,103.976813,30.664402
钓渔岛食府,sports,餐饮服务;中餐厅;中餐厅|体育休闲服务;休闲场所;休闲场所,武侯区,103.982956,30.661124
流水席自由麻将厅,sports,体育休闲服务;体育休闲服务场所;体育休闲服务场所,青羊区,103.976075,30.667382
奥福音乐之家,sports,体育休闲服务;体育休闲服务场所;体育休闲服务场所,青羊区,103.975773,30.666741
综合文化活动中心,sports,体育休闲服务;休闲场所;休闲场所,青羊区,103.974967,30.669098
婵院瑜伽(苏坡店),sports,体育休闲服务;运动场馆;健身中心,青羊区,103.976084,30.66789
林芝市老干部活动室(月华路),sports,体育休闲服务;休闲场所;休闲场所,青羊区,103.980945,30.667094
钓渔岛娱乐园,sports,体育休闲服务;休闲场所;垂钓园,武侯区,103.982883,30.661261
盐府休闲庄(清水河店),sports,餐饮服务;休闲餐饮场所;休闲餐饮场所|体育休闲服务;休闲场所;休闲场所,武侯区,103.986195,30.66069
馨益苑,sports,餐饮服务;休闲餐饮场所;休闲餐饮场所|体育休闲服务;休闲场所;休闲场所,武侯区,103.985921,30.661782
近水楼台(清水长道),sports,餐饮服务;休闲餐饮场所;休闲餐饮场所|体育休闲服务;休闲场所;休闲场所,武侯区,103.98442,30.662697
天鹅湖半岛会所(水映长岛东北),sports,体育休闲服务;娱乐场所;娱乐场所,青羊区,103.987851,30.664296
第一轩(总店),sports,餐饮服务;休闲餐饮场所;休闲餐饮场所|体育休闲服务;休闲场所;休闲场所,武侯区,103.983913,30.661265
黄家院子农家乐,sports,体育休闲服务;休闲场所;休闲场所,武侯区,103.983931,30.660962
青羊区残疾人托养中心,sports,体育休闲服务;度假疗养场所;疗养院,青羊区,103.988102,30.667641
中铁99西子香荷游泳池,sports,体育休闲服务;运动场馆;游泳馆,青羊区,103.992822,30.666141
F1网络会所(绿杨路),sports,体育休闲服务;娱乐场所;网吧,青羊区,103.986484,30.667543
玉富科技游泳馆(置信丽都玉园店),sports,体育休闲服务;运动场馆;游泳馆,青羊区,103.984889,30.666857
时代尊城游泳池,sports,体育休闲服务;运动场馆;游泳馆,青羊区,103.99297,30.661701
伯尼健身会馆(天鹅湖店),sports,体育休闲服务;运动场馆;健身中心,青羊区,103.987427,30.667664
养老院接待大厅,sports,体育休闲服务;体育休闲服务场所;体育休闲服务场所,武侯区,103.985963,30.66117
百分百网吧(瑞星路),sports,体育休闲服务;娱乐场所;网吧,青羊区,103.991005,30.665439
戈上肚皮舞瑜伽,sports,体育休闲服务;运动场馆;健身中心,青羊区,103.991707,30.66442
达州市老协成都分会活动中心,sports,体育休闲服务;休闲场所;休闲场所,武侯区,103.986195,30.66069
三生万寿养老院,sports,体育休闲服务;度假疗养场所;疗养院,武侯区,103.985522,30.6608
青羊区残疾人疗养院,sports,体育休闲服务;度假疗养场所;疗养院,青羊区,103.993569,30.66908
宣汉县老年人协会成都分会活动中心,sports,体育休闲服务;休闲场所;休闲场所,武侯区,103.985254,30.660584
中共宣汉县驻蓉流动党支部活动中心,sports,体育休闲服务;休闲场所;休闲场所,武侯区,103.985254,30.660584
麻将馆,sports,体育休闲服务;娱乐场所;棋牌室,青羊区,103.989312,30.664545
天鹅湖高尔夫俱乐部,sports,体育休闲服务;高尔夫相关;高尔夫练习场|体育休闲服务;高尔夫相关;高尔夫球场,青羊区,103.98831,30.664988
开江县离退休职工驻蓉老年协会活动中心,sports,体育休闲服务;休闲场所;休闲场所,武侯区,103.985864,30.659833
缘忆网吧(东坡北二路),sports,体育休闲服务;娱乐场所;网吧,青羊区,103.989605,30.666757
成都市青苏职业中专学校体育馆,sports,体育休闲服务;运动场馆;综合体育馆,青羊区,103.994868,30.664766
酒界,sports,体育休闲服务;娱乐场所;酒吧,青羊区,103.996199,30.66572
金海岸网吧(玉宇路),sports,体育休闲服务;娱乐场所;网吧,青羊区,103.997082,30.667976
皇家壹号别墅轰趴馆,sports,体育休闲服务;体育休闲服务场所;体育休闲服务场所,武侯区,103.997517,30.662985
凯旋天际湾游泳池,sports,体育休闲服务;运动场馆;游泳馆,青羊区,103.994186,30.663243
匆匆那年别墅轰趴馆,sports,体育休闲服务;体育休闲服务场所;体育休闲服务场所,武侯区,103.998542,30.662627
比伯鲜酿啤酒馆,sports,体育休闲服务;娱乐场所;酒吧,青羊区,104.002303,30.66321
领跑健康游泳池,sports,体育休闲服务;运动场馆;游泳馆,武侯区,103.996357,30.660544
二十一世纪花园游泳池,sports,体育休闲服务;运动场馆;游泳馆,青羊区,103.997709,30.669052
优乐坊量贩KTV,sports,体育休闲服务;娱乐场所;KTV,青羊区,104.001867,30.664147
水鸭子亲子游泳俱乐部,sports,体育休闲服务;体育休闲服务场所;体育休闲服务场所,武侯区,103.996807,30.662916
普劳恩鲜啤吧,sports,体育休闲服务;娱乐场所;酒吧,青羊区,104.002185,30.664347
途睿健身游泳俱乐部(凯旋城店),sports,体育休闲服务;运动场馆;游泳馆,青羊区,103.999437,30.668427
00号网咖,sports,体育休闲服务;娱乐场所;网吧,武侯区,103.99862,30.661619
心印瑜伽,sports,体育休闲服务;运动场馆;健身中心,青羊区,104.000347,30.664191
8号网咖,sports,体育休闲服务;娱乐场所;网吧,武侯区,103.998553,30.66127
优联瑜伽,sports,体育休闲服务;运动场馆;健身中心,青羊区,103.999622,30.667581
西锦·渡攀枝花干休所,sports,体育休闲服务;度假疗养场所;疗养院,青羊区,103.994721,30.667729
度假烧烤皇家别苑别墅聚会轰趴馆,sports,体育休闲服务;体育休闲服务场所;体育休闲服务场所,武侯区,103.99946,30.662293
品茗棋牌包间,sports,体育休闲服务;娱乐场所;棋牌室,青羊区,103.995283,30.665136
VR Future(VR体验馆)(优品道店),sports,体育休闲服务;娱乐场所;娱乐场所,青羊区,103.998495,30.665029
尼罗健身馆,sports,体育休闲服务;运动场馆;健身中心,青羊区,103.999454,30.668319
常聚休闲坊,sports,体育休闲服务;娱乐场所;棋牌室,青羊区,104.006199,30.666328
西南财经大学体育部游泳池,sports,体育休闲服务;运动场馆;游泳馆,青羊区,104.011127,30.666806
威森堡德式鲜酿啤酒工厂,sports,体育休闲服务;娱乐场所;酒吧,青羊区,104.004094,30.662801
世友网吧(水木光华店),sports,体育休闲服务;娱乐场所;网吧,青羊区,104.007552,30.66713
玛高时尚KTV,sports,体育休闲服务;娱乐场所;KTV,青羊区,104.005607,30.660329
皇钻花园KTV(青羊店),sports,体育休闲服务;娱乐场所;KTV,青羊区,104.006273,30.661726
影立方(中环路青羊大道段),sports,体育休闲服务;影剧院;电影院,青羊区,104.005142,30.66686
吸引力ATT KTV(光华店),sports,体育休闲服务;娱乐场所;KTV,青羊区,104.013229,30.664373
98台球(光华村南街),sports,体育休闲服务;运动场馆;台球厅,青羊区,104.011636,30.66576
台球故事,sports,体育休闲服务;运动场馆;台球厅,青羊区,104.013067,30.66498
中华家园东区游泳中心,sports,体育休闲服务;运动场馆;游泳馆,青羊区,104.010083,30.662173
恒翼羽毛球馆,sports,体育休闲服务;运动场馆;羽毛球场,青羊区,104.005092,30.666715
漂流感受,sports,体育休闲服务;休闲场所;游乐场,青羊区,104.012112,30.665234
幸运之星,sports,体育休闲服务;休闲场所;游乐场,青羊区,104.01172,30.665428
新桌游记水吧·游戏,sports,体育休闲服务;娱乐场所;游戏厅,青羊区,104.010226,30.664287
光华金沙最好最新颖的益智游乐园,sports,体育休闲服务;休闲场所;游乐场,青羊区,104.005027,30.667437
本本家儿童乐园(优品道店),sports,体育休闲服务;休闲场所;游乐场,青羊区,104.004654,30.666202
捌拾伍毫米台球俱乐部,sports,体育休闲服务;运动场馆;台球厅,青羊区,104.006349,30.666468
很多人酒吧,sports,体育休闲服务;娱乐场所;酒吧,青羊区,104.011358,30.664888
后街46酒吧,sports,体育休闲服务;娱乐场所;酒吧,青羊区,104.010964,30.665196
先锋健身(优品道店),sports,体育休闲服务;运动场馆;健身中心,青羊区,104.005135,30.66685
帆塔棒球中心体验(优品道商场店),sports,体育休闲服务;运动场馆;运动场所,青羊区,104.005142,30.66686
梵音音乐,sports,体育休闲服务;娱乐场所;娱乐场所,青羊区,104.012768,30.664727
聚汇缘音棚酒吧,sports,体育休闲服务;娱乐场所;酒吧,青羊区,104.012409,30.665453
台球酒吧,sports,体育休闲服务;娱乐场所;酒吧,青羊区,104.012409,30.665453
成都西域花园娱乐,sports,体育休闲服务;体育休闲服务场所;体育休闲服务场所,青羊区,104.005136,30.660999
2010酒吧,sports,体育休闲服务;娱乐场所;酒吧,青羊区,104.005082,30.659774
静禅瑜伽(家园路),sports,体育休闲服务;运动场馆;健身中心,青羊区,104.013546,30.66441
万福花园,sports,体育休闲服务;娱乐场所;酒吧,青羊区,104.006093,30.661168
杰拉网咖(西南财大店),sports,体育休闲服务;娱乐场所;网吧,青羊区,104.011559,30.665807
淘乐园,sports,体育休闲服务;休闲场所;游乐场,青羊区,104.012418,30.665448
狮门格斗俱乐部,sports,体育休闲服务;运动场馆;运动场所,青羊区,104.012085,30.664476
成都金杰啦网吧,sports,体育休闲服务;娱乐场所;网吧,青羊区,104.011479,30.665788
佳奇网咖(中环路青羊大道段),sports,体育休闲服务;娱乐场所;网吧,青羊区,104.006342,30.666544
玛雅密室,sports,体育休闲服务;休闲场所;休闲场所,青羊区,104.012389,30.665448
空中足球公园(乐宾球场),sports,体育休闲服务;运动场馆;足球场,青羊区,104.012198,30.665172
清影舞室拉丁爵士舞培训,sports,体育休闲服务;运动场馆;健身中心,青羊区,104.011182,30.665609
奇迹健身(光华店),sports,体育休闲服务;运动场馆;健身中心,青羊区,104.011725,30.665706
品舍瑜伽生活馆,sports,体育休闲服务;运动场馆;健身中心,青羊区,104.010443,30.662137
Vr双喵玩家俱乐部,sports,体育休闲服务;娱乐场所;娱乐场所,青羊区,104.005205,30.664454
古纳瑜伽(优品道店),sports,体育休闲服务;运动场馆;健身中心,青羊区,104.005135,30.666833
狂派网络俱乐部(家园路),sports,体育休闲服务;娱乐场所;网吧,青羊区,104.01276,30.664288
超凡网咖(光华村街),sports,体育休闲服务;娱乐场所;网吧,青羊区,104.008387,30.667248
庆熙道场,sports,体育休闲服务;运动场馆;运动场所,青羊区,104.011857,30.665083
学府春活动室,sports,体育休闲服务;体育休闲服务场所;体育休闲服务场所,青羊区,104.008616,30.666609
SEVEN桌游馆,sports,体育休闲服务;体育休闲服务场所;体育休闲服务场所,青羊区,104.005122,30.66529
CHICKEN CLUB,sports,体育休闲服务;体育休闲服务场所;体育休闲服务场所,青羊区,104.008576,30.666324
台球茶,sports,体育休闲服务;体育休闲服务场所;体育休闲服务场所,青羊区,104.008576,30.666324
台球,sports,体育休闲服务;运动场馆;运动场所,青羊区,104.012069,30.665058
雅图影院(乐宾百货店),sports,体育休闲服务;影剧院;电影院,青羊区,104.012942,30.665119
UU乐园,sports,体育休闲服务;娱乐场所;娱乐场所,青羊区,104.005142,30.66686
紫金国际俱乐部,sports,体育休闲服务;娱乐场所;娱乐场所,青羊区,104.005183,30.66101
四川善济康养中心,sports,体育休闲服务;娱乐场所;娱乐场所,青羊区,104.005382,30.661826
西南财经大学教工俱乐部,sports,体育休闲服务;休闲场所;休闲场所,青羊区,104.009688,30.667865
一本道馆,sports,体育休闲服务;运动场馆;跆拳道场馆,青羊区,104.005136,30.666929
聚友棋牌(光华村街),sports,体育休闲服务;娱乐场所;棋牌室,青羊区,104.008838,30.666606
山西轻拳技击门成都会馆,sports,体育休闲服务;运动场馆;运动场所,青羊区,104.006085,30.661168
拜克酒吧,sports,体育休闲服务;娱乐场所;酒吧,青羊区,104.010997,30.665366
茶趣,sports,体育休闲服务;娱乐场所;棋牌室,青羊区,104.010227,30.664234
新引力动漫电玩城,sports,体育休闲服务;娱乐场所;游戏厅,青羊区,104.013599,30.664416
光影堂VR联盟虚拟现实游戏俱乐部(财大店),sports,体育休闲服务;娱乐场所;娱乐场所,青羊区,104.013327,30.66458
非凡水上乐园,sports,体育休闲服务;休闲场所;水上活动中心,青羊区,104.005135,30.666833
休闲网咖,sports,体育休闲服务;娱乐场所;网吧,青羊区,104.015567,30.665081
休闲活动室,sports,体育休闲服务;体育休闲服务场所;体育休闲服务场所,青羊区,104.022417,30.668887
星星空休闲网吧,sports,体育休闲服务;娱乐场所;网吧,青羊区,104.015456,30.665096
幸福蓝海影院(光华店),sports,体育休闲服务;影剧院;电影院,青羊区,104.018712,30.666532
头等舱私人影院,sports,体育休闲服务;影剧院;电影院,青羊区,104.018743,30.663879
春天影城(仁和春天店),sports,体育休闲服务;影剧院;电影院,青羊区,104.018667,30.666233
新名苑网络生活馆,sports,体育休闲服务;娱乐场所;网吧,青羊区,104.014536,30.665155
世代春天国际娱乐会馆,sports,体育休闲服务;体育休闲服务场所;体育休闲服务场所,青羊区,104.017621,30.665253
快乐时光网吧(草堂北支路),sports,体育休闲服务;娱乐场所;网吧,青羊区,104.020906,30.667132
指尖缘网吧(草堂北支路),sports,体育休闲服务;娱乐场所;网吧,青羊区,104.022284,30.667843
新浪网吧(光华村店),sports,体育休闲服务;娱乐场所;网吧,青羊区,104.014721,30.662632
星空私人影吧(光华店),sports,体育休闲服务;体育休闲服务场所;体育休闲服务场所,青羊区,104.018704,30.666533
新名苑网络沙龙,sports,体育休闲服务;娱乐场所;网吧,青羊区,104.014106,30.665221
百分百酒吧,sports,体育休闲服务;娱乐场所;酒吧,青羊区,104.022526,30.667639
海岸酒吧,sports,体育休闲服务;娱乐场所;酒吧,青羊区,104.022483,30.667634
夜来香,sports,体育休闲服务;娱乐场所;酒吧,青羊区,104.02251,30.667625
天邑花园健身俱乐部,sports,体育休闲服务;运动场馆;健身中心,青羊区,104.018897,30.660911
天邑花园游泳池,sports,体育休闲服务;运动场馆;游泳馆,青羊区,104.017485,30.662143
滴滴司机俱乐部,sports,体育休闲服务;体育休闲服务场所;体育休闲服务场所,青羊区,104.01975,30.662162
仁和奥力健身(光华旗舰店),sports,体育休闲服务;运动场馆;健身中心,青羊区,104.017454,30.665026
奥力健身中心,sports,体育休闲服务;运动场馆;健身中心,青羊区,104.017928,30.665118
老地方酒吧KTV(草堂店),sports,体育休闲服务;娱乐场所;酒吧,青羊区,104.021803,30.663468
太阳瑜伽,sports,体育休闲服务;运动场馆;健身中心,青羊区,104.018073,30.666093
西南财经大学光华校区网球场,sports,体育休闲服务;运动场馆;网球场,青羊区,104.014501,30.669367
梦石棋牌,sports,体育休闲服务;娱乐场所;棋牌室,青羊区,104.021165,30.66594
蓝调数字生活馆(依梦如缘店),sports,体育休闲服务;娱乐场所;网吧,青羊区,104.017742,30.668635
会顶,sports,体育休闲服务;体育休闲服务场所;体育休闲服务场所,青羊区,104.021204,30.667291
四川省委党校-文化活动中心,sports,体育休闲服务;休闲场所;休闲场所,青羊区,104.014234,30.66579
一本道馆(光华旗舰店),sports,体育休闲服务;运动场馆;跆拳道场馆,青羊区,104.020286,30.665011
蓝调网吧,sports,体育休闲服务;娱乐场所;网吧,青羊区,104.017756,30.66854
四川电力职业技术学院草堂校区体育馆,sports,体育休闲服务;运动场馆;综合体育馆,青羊区,104.03303,30.666763
紫源国际俱乐部,sports,体育休闲服务;娱乐场所;KTV,青羊区,104.024283,30.664723
聚友机麻茶水,sports,体育休闲服务;娱乐场所;棋牌室,青羊区,104.028714,30.668744
康博健身(青华路),sports,体育休闲服务;运动场馆;游泳馆|体育休闲服务;运动场馆;健身中心,青羊区,104.02702,30.664832
青华社区活动室练歌房,sports,体育休闲服务;娱乐场所;KTV,青羊区,104.024166,30.668847
金色幻影网吧,sports,体育休闲服务;娱乐场所;网吧,青羊区,104.027934,30.667932
音乐无限,sports,体育休闲服务;娱乐场所;酒吧,青羊区,104.024166,30.668847
光华军干所南院,sports,体育休闲服务;度假疗养场所;疗养院,青羊区,104.026337,30.66888
天晨网吧(牧电后街),sports,体育休闲服务;娱乐场所;网吧,青羊区,104.028473,30.668324
四川电力职业技术学院a区离退休活动中心,sports,体育休闲服务;休闲场所;休闲场所,青羊区,104.033109,30.66673
码科偌·乒乓球聚乐部,sports,体育休闲服务;运动场馆;运动场所,青羊区,104.030417,30.665384
成都市鼎立羽毛球俱乐部,sports,体育休闲服务;运动场馆;羽毛球场,青羊区,104.032784,30.660515
特高亚乒乓球俱乐部,sports,体育休闲服务;运动场馆;乒乓球馆,青羊区,104.033009,30.66592
国际空手道刚柔流心武会,sports,体育休闲服务;体育休闲服务场所;体育休闲服务场所,青羊区,104.031991,30.665195
光华军干所北院,sports,体育休闲服务;度假疗养场所;疗养院,青羊区,104.026533,30.669301
光华干休所,sports,体育休闲服务;休闲场所;休闲场所,青羊区,104.026918,30.668516
好友俱乐部,sports,体育休闲服务;娱乐场所;棋牌室,青羊区,104.024197,30.669222
成都军区联勤机关退休干部活动中心,sports,体育休闲服务;休闲场所;休闲场所,青羊区,104.027818,30.663976
青华会所(青华北一街5号院西北),sports,体育休闲服务;娱乐场所;娱乐场所,青羊区,104.024292,30.666586
成都少体校羽毛球馆,sports,体育休闲服务;运动场馆;羽毛球场,青羊区,104.032611,30.660594
四川电力职业技术学院草堂校区离退休活动中心,sports,体育休闲服务;休闲场所;休闲场所,青羊区,104.03306,30.666821
成都市嘉友羽毛球俱乐部,sports,体育休闲服务;运动场馆;羽毛球场,青羊区,104.032945,30.660998
芝瑛音乐水吧,sports,体育休闲服务;娱乐场所;娱乐场所,青羊区,104.024426,30.668486
昊威羽毛球俱乐部,sports,体育休闲服务;运动场馆;羽毛球场,青羊区,104.033034,30.660889
成都中医药大学体育场,sports,体育休闲服务;运动场馆;综合体育馆,金牛区,104.042319,30.668828
草堂街道晚霞社区居家养老服务中心,sports,体育休闲服务;度假疗养场所;疗养院,青羊区,104.033882,30.661678
蜀风雅韵,sports,体育休闲服务;影剧院;剧场|餐饮服务;茶艺馆;茶艺馆,青羊区,104.043544,30.662457
星光灿烂(百花店),sports,体育休闲服务;娱乐场所;KTV,青羊区,104.039881,30.661102
飞弛网吧,sports,体育休闲服务;娱乐场所;网吧,青羊区,104.043256,30.665653
文化公园游乐园,sports,体育休闲服务;休闲场所;游乐场,青羊区,104.038821,30.661566
天紫娱乐量贩KTV,sports,体育休闲服务;娱乐场所;KTV,青羊区,104.037248,30.661748
彩虹吧第1号馆,sports,体育休闲服务;娱乐场所;酒吧,青羊区,104.041876,30.660386
文化公园儿童游乐场,sports,体育休闲服务;休闲场所;游乐场,青羊区,104.043542,30.662545
彩虹吧(一环路店),sports,体育休闲服务;娱乐场所;酒吧,青羊区,104.041278,30.660556
Jam&Jam Club,sports,体育休闲服务;娱乐场所;酒吧,青羊区,104.041378,30.660527
中共四川省委老干部局老干部休养所,sports,体育休闲服务;度假疗养场所;疗养院,青羊区,104.040785,30.66695
彩虹地图吧,sports,体育休闲服务;娱乐场所;酒吧,青羊区,104.041217,30.660557
绝顶高手网咖,sports,体育休闲服务;娱乐场所;网吧,金牛区,104.040154,30.667844
欣雅网咖,sports,体育休闲服务;娱乐场所;网吧,青羊区,104.038545,30.66447
青城山兰苑养老中心,sports,体育休闲服务;体育休闲服务场所;体育休闲服务场所,青羊区,104.036085,30.663189
巴山月光廊,sports,体育休闲服务;体育休闲服务场所;体育休闲服务场所,青羊区,104.034079,30.664347
九五网络,sports,体育休闲服务;体育休闲服务场所;体育休闲服务场所,青羊区,104.037467,30.668241
退休职工活动室,sports,体育休闲服务;娱乐场所;娱乐场所,青羊区,104.034883,30.668533
成都中医药大学离退休活动中心,sports,体育休闲服务;休闲场所;休闲场所,青羊区,104.040158,30.666686
辛普俐瑜珈,sports,体育休闲服务;运动场馆;健身中心,青羊区,104.034674,30.667755
梨园,sports,体育休闲服务;娱乐场所;娱乐场所,青羊区,104.0426,30.66361
山鹰户外休闲会所,sports,体育休闲服务;娱乐场所;娱乐场所,青羊区,104.05065,30.668291
枣子巷社区居家养老服务中心,sports,体育休闲服务;度假疗养场所;疗养院,金牛区,104.044403,30.667231
白夜酒吧(窄巷子店),sports,体育休闲服务;娱乐场所;酒吧,青羊区,104.050382,30.666251
人民公园-儿童乐园,sports,体育休闲服务;休闲场所;游乐场,青羊区,104.053275,30.659865
隔壁子酒吧(窄巷子店),sports,体育休闲服务;娱乐场所;酒吧,青羊区,104.051611,30.665453
龙堂戏院,sports,体育休闲服务;影剧院;剧场,青羊区,104.051178,30.666501
宽戏窄曲,sports,体育休闲服务;影剧院;剧场,青羊区,104.049552,30.666342
禧来蜀韵园,sports,体育休闲服务;影剧院;剧场|餐饮服务;茶艺馆;茶艺馆,青羊区,104.050291,30.665803
联森酒店-夜总会,sports,体育休闲服务;娱乐场所;夜总会,青羊区,104.04716,30.663367
长富新城游泳池,sports,体育休闲服务;运动场馆;游泳馆,青羊区,104.046137,30.66729
歌酷时尚量贩KTV(西安南路店),sports,体育休闲服务;娱乐场所;KTV,金牛区,104.044557,30.66817
马格鲜酿啤酒馆,sports,体育休闲服务;娱乐场所;酒吧,青羊区,104.050627,30.665928
魔高,sports,体育休闲服务;影剧院;剧场|体育休闲服务;娱乐场所;酒吧,青羊区,104.049508,30.666375
偶尔Bar(宽窄巷子店),sports,体育休闲服务;娱乐场所;酒吧,青羊区,104.052482,30.665081
我们酒吧(宽窄巷子店),sports,体育休闲服务;娱乐场所;酒吧,青羊区,104.052847,30.669006
Summer,sports,体育休闲服务;娱乐场所;酒吧,青羊区,104.050584,30.668138
怡然网球俱乐部(通惠门店),sports,体育休闲服务;运动场馆;网球场,青羊区,104.045918,30.667546
六色(栅子街分店),sports,体育休闲服务;娱乐场所;酒吧,青羊区,104.052246,30.669299
锦都网球场,sports,体育休闲服务;运动场馆;网球场,青羊区,104.047576,30.665942
成都帽子bar,sports,体育休闲服务;体育休闲服务场所;体育休闲服务场所,青羊区,104.052994,30.669023
太空漫步,sports,体育休闲服务;休闲场所;游乐场,青羊区,104.053304,30.659899
比如,sports,体育休闲服务;娱乐场所;酒吧,青羊区,104.05305,30.668918
星星棋牌(包家巷),sports,体育休闲服务;娱乐场所;棋牌室,青羊区,104.048431,30.661161
老地方网吧(栅子街),sports,体育休闲服务;娱乐场所;网吧,青羊区,104.052319,30.669267
66小酒馆(栅子街),sports,体育休闲服务;娱乐场所;酒吧,青羊区,104.052815,30.669024
锦都游泳池,sports,体育休闲服务;运动场馆;游泳馆,青羊区,104.046939,30.665118
成都驿站,sports,体育休闲服务;娱乐场所;酒吧,青羊区,104.051801,30.667559
颐康少城社区养老托老站,sports,体育休闲服务;度假疗养场所;疗养院,青羊区,104.051766,30.66262
蟲小厨酒吧,sports,体育休闲服务;娱乐场所;酒吧,青羊区,104.051306,30.667966
秘题音乐酒吧,sports,体育休闲服务;娱乐场所;酒吧,青羊区,104.05098,30.668223
联森酒店KTV,sports,体育休闲服务;娱乐场所;KTV,青羊区,104.047159,30.663368
老友记(支矶石街),sports,体育休闲服务;娱乐场所;酒吧,青羊区,104.05081,30.667463
ROUTE.66BAR,sports,体育休闲服务;娱乐场所;酒吧,青羊区,104.052797,30.669105
禅韵瑜伽,sports,体育休闲服务;运动场馆;健身中心,青羊区,104.049203,30.664079
活动钱包运营中心,sports,体育休闲服务;体育休闲服务场所;体育休闲服务场所,金牛区,104.044533,30.668408
ONE一个酒馆,sports,体育休闲服务;体育休闲服务场所;体育休闲服务场所,青羊区,104.051235,30.668029
轻盈瑜伽(通惠门店),sports,体育休闲服务;运动场馆;健身中心,金牛区,104.044247,30.667702
青花,sports,体育休闲服务;娱乐场所;酒吧,青羊区,104.050669,30.668099
大菩提,sports,体育休闲服务;休闲场所;休闲场所,青羊区,104.051505,30.661734
轻颜瑜伽,sports,体育休闲服务;运动场馆;健身中心,金牛区,104.044052,30.667576
联森酒店棋牌室,sports,体育休闲服务;娱乐场所;棋牌室,青羊区,104.04716,30.663368
光之瑜伽静修中心(长富新城店),sports,体育休闲服务;运动场馆;健身中心,青羊区,104.046011,30.667577
君临会所,sports,体育休闲服务;休闲场所;休闲场所,青羊区,104.053078,30.661937
汪家拐街道文体活动中心,sports,商务住宅;住宅区;社区中心|体育休闲服务;休闲场所;休闲场所,青羊区,104.049109,30.661851
三缺一(方池街),sports,体育休闲服务;娱乐场所;棋牌室,青羊区,104.05062,30.662065
锦棋牌,sports,体育休闲服务;娱乐场所;棋牌室,青羊区,104.052107,30.662263
3天,sports,体育休闲服务;娱乐场所;酒吧,青羊区,104.051887,30.667512
同乐(栅子街),sports,体育休闲服务;娱乐场所;棋牌室,青羊区,104.052748,30.668851
奥维斯健身会所,sports,体育休闲服务;运动场馆;健身中心,青羊区,104.046945,30.66469
川投国际网球中心,sports,体育休闲服务;运动场馆;网球场,青羊区,104.048141,30.663884
奥威斯健身房,sports,体育休闲服务;体育休闲服务场所;体育休闲服务场所,青羊区,104.047518,30.665727
阿一佳酒吧,sports,体育休闲服务;娱乐场所;酒吧,青羊区,104.051657,30.667458
蔺瑜伽,sports,体育休闲服务;运动场馆;健身中心,金牛区,104.045669,30.66878
成都市老年活动中心,sports,体育休闲服务;休闲场所;休闲场所,青羊区,104.056235,30.660035
阿伦台球(东城根南街),sports,体育休闲服务;运动场馆;台球厅,青羊区,104.058092,30.659944
如意棋牌室(斌升街),sports,体育休闲服务;娱乐场所;棋牌室,青羊区,104.056174,30.663981
山力健身俱乐部,sports,体育休闲服务;运动场馆;健身中心,青羊区,104.053808,30.66706
碧海富升界网吧,sports,体育休闲服务;娱乐场所;网吧,青羊区,104.057975,30.662274
乐堂主题商务KTV,sports,体育休闲服务;娱乐场所;KTV,青羊区,104.055038,30.66185
香港g环球3d魔幻馆,sports,体育休闲服务;运动场馆;运动场所,青羊区,104.062803,30.660035
成都地道老酒吧,sports,体育休闲服务;娱乐场所;酒吧,青羊区,104.055947,30.66097
遇上瑜伽,sports,体育休闲服务;运动场馆;健身中心,青羊区,104.063037,30.666573
悠佳瑜伽,sports,体育休闲服务;运动场馆;健身中心,青羊区,104.059744,30.659415
塔斯酒廊,sports,体育休闲服务;娱乐场所;酒吧,青羊区,104.053654,30.663558
兰桂坊蓝吧,sports,体育休闲服务;娱乐场所;酒吧,青羊区,104.055815,30.661095
洲克·时尚健身,sports,体育休闲服务;运动场馆;健身中心,青羊区,104.063023,30.665578
发改委老干部活动室,sports,体育休闲服务;体育休闲服务场所;体育休闲服务场所,青羊区,104.055534,30.661599
弈天道围棋俱乐部,sports,体育休闲服务;体育休闲服务场所;体育休闲服务场所,青羊区,104.055915,30.664949
名师俱乐部,sports,体育休闲服务;体育休闲服务场所;体育休闲服务场所,青羊区,104.057182,30.663147
机关老干部活动室,sports,体育休闲服务;体育休闲服务场所;体育休闲服务场所,青羊区,104.056484,30.663135
澳瑞特,sports,体育休闲服务;运动场馆;健身中心,青羊区,104.062904,30.664788
金·翡翠商务KTV,sports,体育休闲服务;娱乐场所;KTV,青羊区,104.053891,30.663751
成都市老干部活动中心,sports,体育休闲服务;休闲场所;休闲场所,青羊区,104.060824,30.665335
一不多陶社杂院,sports,体育休闲服务;休闲场所;休闲场所,青羊区,104.063037,30.666573
变形金刚中国大展(成都站),sports,体育休闲服务;体育休闲服务场所;体育休闲服务场所,青羊区,104.063193,30.662656
老年社区活动中心,sports,体育休闲服务;休闲场所;休闲场所,青羊区,104.056502,30.662154
棋牌娱乐室,sports,体育休闲服务;娱乐场所;棋牌室,青羊区,104.055699,30.662185
ps4游戏店,sports,体育休闲服务;娱乐场所;娱乐场所,青羊区,104.062344,30.661021
徐二姐棋牌室,sports,体育休闲服务;娱乐场所;棋牌室,青羊区,104.056847,30.663777
斌升机麻,sports,体育休闲服务;娱乐场所;棋牌室,青羊区,104.05586,30.664212
小院棋牌,sports,体育休闲服务;娱乐场所;棋牌室,青羊区,104.056439,30.665344
红灯笼机麻,sports,体育休闲服务;娱乐场所;棋牌室,青羊区,104.059161,30.666091
英英棋牌室,sports,体育休闲服务;娱乐场所;棋牌室,青羊区,104.055504,30.662182
斌升棋牌馆,sports,体育休闲服务;娱乐场所;棋牌室,青羊区,104.056743,30.664015
成都市树德实验中学篮球场,sports,体育休闲服务;运动场馆;篮球场馆,青羊区,104.061627,30.666649
朋堂,sports,体育休闲服务;娱乐场所;棋牌室,青羊区,104.055844,30.664237
四川省委办公厅老干部活动中心,sports,体育休闲服务;休闲场所;休闲场所,青羊区,104.057294,30.666348
沁心苑(斌升街),sports,体育休闲服务;娱乐场所;棋牌室,青羊区,104.055235,30.664416
成都市老干部休养所,sports,体育休闲服务;度假疗养场所;疗养院,青羊区,104.05853,30.662266
风舞九天网吧,sports,体育休闲服务;娱乐场所;网吧,青羊区,104.057585,30.660436
成都体育中心,sports,体育休闲服务;运动场馆;综合体育馆,青羊区,104.064691,30.666162
小金休闲中心,sports,体育休闲服务;休闲场所;休闲场所,青羊区,104.070271,30.667006
成都体育中心网球场,sports,体育休闲服务;运动场馆;网球场,青羊区,104.065718,30.664605
成都体育中心羽毛球馆,sports,体育休闲服务;运动场馆;羽毛球场,青羊区,104.065533,30.667112
活力美运动健康馆(劲浪体育店),sports,体育休闲服务;运动场馆;健身中心,青羊区,104.065838,30.665471
富力史丹尼国际会所恒温游泳馆,sports,体育休闲服务;运动场馆;游泳馆,青羊区,104.067523,30.66789
千羽射箭馆,sports,体育休闲服务;体育休闲服务场所;体育休闲服务场所,青羊区,104.067617,30.667808
战地室内真人CS(富力广场店),sports,体育休闲服务;休闲场所;休闲场所,青羊区,104.067559,30.667661
星美国际影城(西南影都店),sports,体育休闲服务;影剧院;电影院,锦江区,104.06925,30.66062
大中华国际演艺大舞台,sports,体育休闲服务;影剧院;剧场,青羊区,104.064246,30.667574
橙天嘉禾影城(富力店),sports,体育休闲服务;影剧院;电影院,青羊区,104.06715,30.667554
林恩国际影城(太升路店),sports,体育休闲服务;影剧院;电影院,锦江区,104.073237,30.661878
百丽宫影城(恒大广场店),sports,体育休闲服务;影剧院;电影院,青羊区,104.070988,30.663246
听泉吧,sports,体育休闲服务;娱乐场所;酒吧,青羊区,104.06363,30.667356
冠军溜冰场(顺城大街),sports,体育休闲服务;运动场馆;溜冰场,青羊区,104.067307,30.66781
蒸影私人影院,sports,体育休闲服务;影剧院;电影院,青羊区,104.071236,30.66497
四川大剧院,sports,体育休闲服务;影剧院;剧场,青羊区,104.065345,30.661233
网上缘网吧,sports,体育休闲服务;娱乐场所;网吧,青羊区,104.070993,30.664237
瞳艺·成都5D错觉艺术馆,sports,体育休闲服务;娱乐场所;娱乐场所|科教文化服务;美术馆;美术馆,青羊区,104.067146,30.667553
四川人民艺术剧院红旗戏剧工场,sports,体育休闲服务;影剧院;剧场,青羊区,104.069841,30.661687
格伦丛林儿童拓展乐园,sports,体育休闲服务;休闲场所;游乐场,青羊区,104.06784,30.6688
乐享FUN KTV(富丽天汇店),sports,体育休闲服务;娱乐场所;KTV,青羊区,104.066613,30.66863
下一站娱乐会所,sports,体育休闲服务;娱乐场所;娱乐场所,青羊区,104.066757,30.661201
极速战车网吧,sports,体育休闲服务;娱乐场所;网吧,青羊区,104.064621,30.668239
新华国际酒店KTV,sports,体育休闲服务;娱乐场所;KTV,青羊区,104.069651,30.66637
龙鑫亚娱乐空间KTV,sports,体育休闲服务;娱乐场所;KTV,青羊区,104.066079,30.669059
怡庭会所,sports,体育休闲服务;娱乐场所;酒吧,青羊区,104.06371,30.667588
雨露网吧(三多里),sports,体育休闲服务;娱乐场所;网吧,青羊区,104.068603,30.667761
成都丽思卡尔顿KTV,sports,体育休闲服务;娱乐场所;KTV,青羊区,104.067824,30.666532
云端27 Vantage XXVII,sports,体育休闲服务;娱乐场所;酒吧,青羊区,104.071067,30.663099
享乐FUN KTV,sports,体育休闲服务;娱乐场所;KTV,青羊区,104.067312,30.666423
成都富力诗会所,sports,体育休闲服务;娱乐场所;KTV,青羊区,104.067791,30.666368
绿洲大酒店国际会所,sports,体育休闲服务;娱乐场所;KTV,青羊区,104.071449,30.668158
经典汇艺术剧场,sports,体育休闲服务;影剧院;剧场,青羊区,104.063542,30.6658
银河王朝大酒店KTV,sports,体育休闲服务;娱乐场所;KTV,青羊区,104.068862,30.661508
会所游泳池,sports,体育休闲服务;运动场馆;游泳馆,青羊区,104.06649,30.668248
鼎域网咖(天府店),sports,体育休闲服务;娱乐场所;网吧,锦江区,104.065913,30.65954
梦幻空间网吧(鼓楼南街店),sports,体育休闲服务;娱乐场所;网吧,青羊区,104.069832,30.665621
马老师健身学校,sports,体育休闲服务;运动场馆;健身中心,青羊区,104.068587,30.666834
时空印象网咖,sports,体育休闲服务;娱乐场所;网吧,锦江区,104.070444,30.660327
主流网咖网吧(太升店),sports,体育休闲服务;娱乐场所;网吧,青羊区,104.07127,30.665539
星舞忠流行舞馆,sports,体育休闲服务;运动场馆;运动场所,青羊区,104.067474,30.667751
fontana酒吧,sports,体育休闲服务;娱乐场所;酒吧,青羊区,104.063572,30.667247
十二卫荣耀,sports,体育休闲服务;运动场馆;足球场,青羊区,104.071665,30.663662
成都比利时手工啤酒吧,sports,体育休闲服务;娱乐场所;酒吧,青羊区,104.07288,30.667493
FLAIR餐厅酒吧,sports,体育休闲服务;娱乐场所;酒吧,青羊区,104.067615,30.666233
天天见面天天棋牌,sports,体育休闲服务;娱乐场所;棋牌室,青羊区,104.065729,30.662484
咪哒,sports,体育休闲服务;休闲场所;游乐场,青羊区,104.06431,30.660068
氧气健身(富力店),sports,体育休闲服务;运动场馆;健身中心,青羊区,104.067307,30.66781
依诺莎魔幻迷宫穿越馆,sports,体育休闲服务;娱乐场所;娱乐场所,青羊区,104.067604,30.668295
FLAIR餐厅酒吧,sports,体育休闲服务;娱乐场所;酒吧,青羊区,104.067615,30.666233
天天见面天天棋牌,sports,体育休闲服务;娱乐场所;棋牌室,青羊区,104.065729,30.662484
咪哒,sports,体育休闲服务;休闲场所;游乐场,青羊区,104.06431,30.660068
氧气健身(富力店),sports,体育休闲服务;运动场馆;健身中心,青羊区,104.067307,30.66781
依诺莎魔幻迷宫穿越馆,sports,体育休闲服务;娱乐场所;娱乐场所,青羊区,104.067604,30.668295
成都瑞吉酒店-游泳池,sports,体育休闲服务;运动场馆;游泳馆,青羊区,104.071067,30.663099
恒一国际击剑中心,sports,体育休闲服务;运动场馆;运动场所,青羊区,104.071641,30.66366
伯尼健身,sports,体育休闲服务;运动场馆;健身中心,锦江区,104.066736,30.659869
奇迹健身(恒大广场店),sports,体育休闲服务;运动场馆;健身中心,青羊区,104.072267,30.663958
盛龙网吧(上升街),sports,体育休闲服务;娱乐场所;网吧,青羊区,104.064124,30.669032
玩总动游乐场,sports,体育休闲服务;休闲场所;游乐场,青羊区,104.071315,30.66352
全民健身路径,sports,体育休闲服务;运动场馆;健身中心,青羊区,104.065758,30.664775
成都林恩国际酒店KTV会所,sports,体育休闲服务;娱乐场所;KTV,锦江区,104.073346,30.661858
银河王朝大酒店健身中心,sports,体育休闲服务;运动场馆;健身中心,青羊区,104.068863,30.661504
史丹尼国际会所,sports,体育休闲服务;运动场馆;运动场所,青羊区,104.066612,30.66863
七彩营养俱乐部,sports,体育休闲服务;体育休闲服务场所;体育休闲服务场所,锦江区,104.071518,30.662035
云梯足球场,sports,体育休闲服务;运动场馆;足球场,青羊区,104.068496,30.669018
菲芘419,sports,体育休闲服务;体育休闲服务场所;体育休闲服务场所,锦江区,104.069541,30.660225
meet club,sports,体育休闲服务;娱乐场所;娱乐场所,青羊区,104.063844,30.667578
成都瑞吉酒店-健身中心,sports,体育休闲服务;运动场馆;健身中心,青羊区,104.071067,30.663099
响动·明宇丽雅运动馆,sports,体育休闲服务;运动场馆;健身中心,锦江区,104.066588,30.659888
Athletic Club健身中心,sports,体育休闲服务;运动场馆;健身中心,青羊区,104.072606,30.663627
美地奇俱乐部,sports,体育休闲服务;体育休闲服务场所;体育休闲服务场所,青羊区,104.067173,30.667374
好哇网,sports,体育休闲服务;体育休闲服务场所;体育休闲服务场所,青羊区,104.068848,30.665683
开心俱乐部,sports,体育休闲服务;体育休闲服务场所;体育休闲服务场所,青羊区,104.067794,30.666373
橙天娱乐,sports,体育休闲服务;体育休闲服务场所;体育休闲服务场所,青羊区,104.067857,30.667627
白天鹅舞厅,sports,体育休闲服务;体育休闲服务场所;体育休闲服务场所,青羊区,104.068589,30.66786
鸿瑞会所,sports,体育休闲服务;体育休闲服务场所;体育休闲服务场所,青羊区,104.06683,30.661275
成都龙擎网络,sports,体育休闲服务;体育休闲服务场所;体育休闲服务场所,青羊区,104.067317,30.666359
星空间街舞俱乐部,sports,体育休闲服务;体育休闲服务场所;体育休闲服务场所,青羊区,104.067193,30.666809
响动·享瑜伽(绿洲运动馆),sports,体育休闲服务;运动场馆;健身中心,青羊区,104.071448,30.668158
成都览途自驾俱乐部,sports,体育休闲服务;体育休闲服务场所;体育休闲服务场所,青羊区,104.068567,30.666483
乐活俱乐部,sports,体育休闲服务;体育休闲服务场所;体育休闲服务场所,青羊区,104.067794,30.666373
晶晶乐益智乐园,sports,体育休闲服务;体育休闲服务场所;体育休闲服务场所,青羊区,104.067857,30.66763
橄榄树俱乐部,sports,体育休闲服务;体育休闲服务场所;体育休闲服务场所,青羊区,104.06713,30.668218
嘉爵击剑中心,sports,体育休闲服务;体育休闲服务场所;体育休闲服务场所,青羊区,104.071641,30.66366
伊诺莎魔幻迷宫穿越馆,sports,体育休闲服务;体育休闲服务场所;体育休闲服务场所,青羊区,104.067143,30.667548
本色,sports,体育休闲服务;娱乐场所;酒吧,锦江区,104.070048,30.660125
康尔美,sports,体育休闲服务;运动场馆;健身中心,锦江区,104.066633,30.660307
庆玲健身美体俱乐部,sports,体育休闲服务;运动场馆;健身中心,青羊区,104.064792,30.66239
丽诗国际会所,sports,体育休闲服务;娱乐场所;KTV,青羊区,104.067794,30.666373
星期二俱乐部,sports,体育休闲服务;体育休闲服务场所;体育休闲服务场所,青羊区,104.068147,30.661809
天府丽都喜来登饭店健身中心,sports,体育休闲服务;运动场馆;健身中心,青羊区,104.063572,30.667247
高能视界VR影视主题乐园,sports,体育休闲服务;体育休闲服务场所;体育休闲服务场所,青羊区,104.071189,30.66285
富力·史丹尼国际会所,sports,体育休闲服务;娱乐场所;娱乐场所,青羊区,104.067307,30.66781
成都云游客户外运动俱乐部,sports,体育休闲服务;体育休闲服务场所;体育休闲服务场所,青羊区,104.069333,30.66583
成都2015北欧圣诞主题乐园,sports,体育休闲服务;体育休闲服务场所;体育休闲服务场所,青羊区,104.067141,30.667539
绿林园度假村,sports,体育休闲服务;度假疗养场所;度假村,青羊区,104.065488,30.668825
省直机关事务管理局老年门球场,sports,体育休闲服务;运动场馆;运动场所,青羊区,104.07304,30.66862
珠峰大酒店乒乓球,sports,体育休闲服务;运动场馆;乒乓球馆,青羊区,104.068463,30.668191
丽思卡尔顿健身中心,sports,体育休闲服务;运动场馆;健身中心|生活服务;洗浴推拿场所;洗浴推拿场所,青羊区,104.067794,30.666373
聚点,sports,体育休闲服务;体育休闲服务场所;体育休闲服务场所,锦江区,104.06959,30.66005
风柏林西餐酒吧,sports,体育休闲服务;娱乐场所;酒吧,青羊区,104.068584,30.66322
金蓉饭店-棋牌室,sports,体育休闲服务;娱乐场所;棋牌室,锦江区,104.072541,30.660582
林恩国际酒店-棋牌包间,sports,体育休闲服务;娱乐场所;娱乐场所,锦江区,104.072839,30.662728
X记忆密室逃脱(春熙路旗舰店),sports,体育休闲服务;娱乐场所;娱乐场所,青羊区,104.066757,30.661201
儿童游乐店,sports,体育休闲服务;娱乐场所;娱乐场所,锦江区,104.066589,30.660513
明宇丽雅饭店棋牌室,sports,体育休闲服务;娱乐场所;棋牌室,锦江区,104.066649,30.659934
龟兔赛跑,sports,体育休闲服务;娱乐场所;娱乐场所,锦江区,104.067581,30.660497
中欧国际管理学院中欧国际俱乐部,sports,体育休闲服务;体育休闲服务场所;体育休闲服务场所,青羊区,104.070588,30.668412
亚沙克休闲健身工作室,sports,体育休闲服务;运动场馆;健身中心,锦江区,104.077795,30.660847
成都霓裳休闲健身工作室(春熙店),sports,体育休闲服务;体育休闲服务场所;体育休闲服务场所,锦江区,104.078258,30.662572
成都市第十一中学体育场,sports,体育休闲服务;运动场馆;运动场所,青羊区,104.081993,30.668803
云裳舞韵休闲健身工作室,sports,体育休闲服务;运动场馆;健身中心,锦江区,104.077462,30.661309
春熙路街道悠然养老服务中心,sports,体育休闲服务;度假疗养场所;疗养院,锦江区,104.079103,30.662573
青羊区黑带之星健身服务部,sports,体育休闲服务;运动场馆;健身中心,锦江区,104.080305,30.667861
锦江剧场,sports,体育休闲服务;影剧院;剧场,锦江区,104.077762,30.66208
太平洋影城(王府井店),sports,体育休闲服务;影剧院;电影院,锦江区,104.076714,30.660603
成都川剧艺术中心,sports,体育休闲服务;影剧院;剧场,锦江区,104.077762,30.66208
万家灯火娱乐会所(玉沙店),sports,体育休闲服务;娱乐场所;KTV,锦江区,104.081998,30.667091
大白鲨舞厅,sports,体育休闲服务;娱乐场所;迪厅,锦江区,104.08013,30.665998
Patata·18KTV(总府店),sports,体育休闲服务;娱乐场所;KTV,锦江区,104.074777,30.660487
四川省老干部活动中心,sports,体育休闲服务;休闲场所;休闲场所,青羊区,104.080298,30.668397
顶尖高手网吧(桂王桥南街),sports,体育休闲服务;娱乐场所;网吧,锦江区,104.080461,30.665161
阈阁18KTV总府店,sports,体育休闲服务;娱乐场所;KTV,锦江区,104.075034,30.660697
丽音KTV歌城,sports,体育休闲服务;娱乐场所;KTV,锦江区,104.077417,30.661444
超越时代网吧,sports,体育休闲服务;娱乐场所;网吧,锦江区,104.075471,30.663556
群艺健身房,sports,体育休闲服务;运动场馆;健身中心,锦江区,104.078188,30.66098
聚英商务会所,sports,体育休闲服务;娱乐场所;娱乐场所,锦江区,104.077851,30.661327
成都锦江川剧院,sports,体育休闲服务;影剧院;剧场,锦江区,104.077767,30.662083
奥林保龄球馆,sports,体育休闲服务;运动场馆;保龄球馆,锦江区,104.078315,30.660974
Whenever进口啤酒馆,sports,体育休闲服务;娱乐场所;酒吧,锦江区,104.078536,30.662689
圣珈瑜伽(王府井会馆店),sports,体育休闲服务;运动场馆;健身中心,锦江区,104.077417,30.661444
竞动网咖,sports,体育休闲服务;娱乐场所;网吧,锦江区,104.076841,30.665276
福德酒店娱乐厅,sports,体育休闲服务;娱乐场所;KTV,青羊区,104.080267,30.668341
准将台球(商业场街),sports,体育休闲服务;运动场馆;台球厅,锦江区,104.077462,30.661577
芙蓉国粹,sports,体育休闲服务;影剧院;剧场,锦江区,104.077556,30.661888
网鱼网咖(总府店),sports,体育休闲服务;娱乐场所;网吧,锦江区,104.07834,30.659607
半糖网吧(王府井店),sports,体育休闲服务;娱乐场所;网吧,锦江区,104.077423,30.661458
黑糖网咖(康庄街),sports,体育休闲服务;娱乐场所;网吧,锦江区,104.077125,30.667689
大鹏网吧(如是庵街),sports,体育休闲服务;娱乐场所;网吧,锦江区,104.081016,30.66016
爱乐游(时代广场店),sports,体育休闲服务;休闲场所;游乐场,锦江区,104.078151,30.659802
桔子网咖(华兴上街),sports,体育休闲服务;娱乐场所;网吧,锦江区,104.076054,30.662397
龙之武成网吧,sports,体育休闲服务;娱乐场所;网吧,锦江区,104.082875,30.662628
总府皇冠假日酒店健身中心&游泳池,sports,体育休闲服务;运动场馆;游泳馆,锦江区,104.075113,30.661776
新一代网咖(春熙店),sports,体育休闲服务;娱乐场所;网吧,锦江区,104.078064,30.660925
女子爵士舞馆,sports,体育休闲服务;运动场馆;运动场所,锦江区,104.077461,30.661305
竟动网吧,sports,体育休闲服务;娱乐场所;网吧,锦江区,104.075739,30.666911
可网可咖可可网吧,sports,体育休闲服务;娱乐场所;网吧,锦江区,104.077302,30.667424
沃特酒店乒乓球室,sports,体育休闲服务;运动场馆;乒乓球馆,锦江区,104.073875,30.665025
6号虚拟现实VR体验馆,sports,体育休闲服务;体育休闲服务场所;体育休闲服务场所,锦江区,104.077103,30.661781
梅林轩榭农家乐(凌波小筑店),sports,体育休闲服务;休闲场所;休闲场所,锦江区,104.078447,30.659877
旭桂月影,sports,体育休闲服务;娱乐场所;KTV,锦江区,104.08305,30.662574
魔健身,sports,体育休闲服务;运动场馆;健身中心,锦江区,104.073921,30.665151
福德酒店-夜总会,sports,体育休闲服务;娱乐场所;夜总会,青羊区,104.080267,30.668341
娟子瑜伽会馆,sports,体育休闲服务;运动场馆;健身中心,锦江区,104.077055,30.661719
肾上腺素密室逃脱,sports,体育休闲服务;娱乐场所;娱乐场所,锦江区,104.076672,30.662875
奇迹健身(茂业店),sports,体育休闲服务;运动场馆;健身中心,锦江区,104.076232,30.660176
万家灯光娱乐会所,sports,体育休闲服务;娱乐场所;KTV,锦江区,104.082588,30.666588
老区CLUB,sports,体育休闲服务;体育休闲服务场所;体育休闲服务场所,锦江区,104.076966,30.66051
8k基地桌游酒吧(岳府街店),sports,体育休闲服务;娱乐场所;酒吧,锦江区,104.079965,30.663681
福德酒店-夜总会,sports,体育休闲服务;娱乐场所;夜总会,青羊区,104.080267,30.668341
娟子瑜伽会馆,sports,体育休闲服务;运动场馆;健身中心,锦江区,104.077055,30.661719
华新街社区综合文化活动室,sports,体育休闲服务;休闲场所;休闲场所,锦江区,104.078569,30.664285
上品浴足茶艺棋牌,sports,体育休闲服务;体育休闲服务场所;体育休闲服务场所,锦江区,104.075395,30.662556
温泉康乐宫,sports,体育休闲服务;体育休闲服务场所;体育休闲服务场所,锦江区,104.075865,30.659434
国际娱乐汇,sports,体育休闲服务;体育休闲服务场所;体育休闲服务场所,锦江区,104.077842,30.662088
肾上腺素密室逃脱,sports,体育休闲服务;娱乐场所;娱乐场所,锦江区,104.076672,30.662875
Club momaco,sports,体育休闲服务;体育休闲服务场所;体育休闲服务场所,锦江区,104.077267,30.660834
奇迹健身(茂业店),sports,体育休闲服务;运动场馆;健身中心,锦江区,104.076232,30.660176
万家灯光娱乐会所,sports,体育休闲服务;娱乐场所;KTV,锦江区,104.082588,30.666588
老区CLUB,sports,体育休闲服务;体育休闲服务场所;体育休闲服务场所,锦江区,104.076966,30.66051
锦江剧场(东门),sports,体育休闲服务;体育休闲服务场所;体育休闲服务场所,锦江区,104.078208,30.662264
MOREFIT健身工作室,sports,体育休闲服务;体育休闲服务场所;体育休闲服务场所,锦江区,104.073847,30.664803
猫眼电影,sports,体育休闲服务;体育休闲服务场所;体育休闲服务场所,锦江区,104.077222,30.660835
REX私人影咖,sports,体育休闲服务;体育休闲服务场所;体育休闲服务场所,锦江区,104.074804,30.659628
第舞世界(总府路店),sports,体育休闲服务;运动场馆;健身中心,锦江区,104.077363,30.661278
联友棋牌,sports,体育休闲服务;娱乐场所;棋牌室,锦江区,104.082033,30.661489
动幻无界网吧(财富店),sports,体育休闲服务;娱乐场所;网吧,锦江区,104.078476,30.663138
X-Training私人健身会所,sports,体育休闲服务;运动场馆;健身中心,锦江区,104.076752,30.660249
皇派玛咖,sports,体育休闲服务;体育休闲服务场所;体育休闲服务场所,青羊区,104.078676,30.669317
王府井百货-儿童运动馆,sports,体育休闲服务;体育休闲服务场所;体育休闲服务场所,锦江区,104.076966,30.66051
英姿健身,sports,体育休闲服务;运动场馆;健身中心,锦江区,104.073855,30.664801
福德酒店-健身,sports,体育休闲服务;运动场馆;健身中心,青羊区,104.080267,30.668341
圣珈瑜伽亚太馆,sports,体育休闲服务;运动场馆;健身中心,锦江区,104.08185,30.659775
伴醉酒吧,sports,体育休闲服务;娱乐场所;酒吧,锦江区,104.078315,30.660974
CLOSE-UP,sports,体育休闲服务;体育休闲服务场所;体育休闲服务场所,锦江区,104.077542,30.661542
格林木屋塔罗馆,sports,体育休闲服务;娱乐场所;娱乐场所,锦江区,104.078259,30.662568
康康桌游吧,sports,体育休闲服务;娱乐场所;棋牌室,锦江区,104.078367,30.662593
擎天武道健身俱乐部,sports,体育休闲服务;运动场馆;健身中心,锦江区,104.07814,30.661454
轻盈瑜伽(大慈寺店),sports,体育休闲服务;运动场馆;健身中心,锦江区,104.08185,30.659775
吉赛儿芭蕾,sports,体育休闲服务;运动场馆;健身中心,锦江区,104.077809,30.661405
浩韵瑜伽,sports,体育休闲服务;运动场馆;健身中心,锦江区,104.077586,30.660959
热舞,sports,体育休闲服务;娱乐场所;迪厅,锦江区,104.077149,30.667351
锦江区老干部活动中心(书院西街),sports,体育休闲服务;休闲场所;休闲场所,锦江区,104.082317,30.660271
小树林桌游吧,sports,体育休闲服务;娱乐场所;娱乐场所,锦江区,104.077476,30.66133
太升路街道综合文化活动中心,sports,体育休闲服务;休闲场所;休闲场所,青羊区,104.07809,30.669351
千奇百怪独特创意密室,sports,体育休闲服务;娱乐场所;游戏厅,锦江区,104.076569,30.662751
石头记酒吧(福兴街),sports,体育休闲服务;娱乐场所;酒吧,锦江区,104.078315,30.660974
华兴街社区室内健身活动室,sports,体育休闲服务;运动场馆;健身中心,锦江区,104.078628,30.664277
三阶密室逃脱体验中心,sports,体育休闲服务;娱乐场所;娱乐场所,锦江区,104.07722,30.661358
黑带之星跆拳道,sports,体育休闲服务;运动场馆;跆拳道场馆,锦江区,104.080369,30.667843
千奇百怪创意密室,sports,体育休闲服务;娱乐场所;娱乐场所,锦江区,104.076054,30.662397
万科秀舍天涯长者服务中心,sports,体育休闲服务;度假疗养场所;疗养院,锦江区,104.086556,30.662302
圣凯恩健身俱乐部(东安南路店),sports,体育休闲服务;运动场馆;健身中心,锦江区,104.08772,30.65946
成都市猛追湾游泳场,sports,体育休闲服务;运动场馆;游泳馆,锦江区,104.092646,30.667086
339电影城,sports,体育休闲服务;影剧院;电影院,成华区,104.09137,30.663728
圣凯恩健身(电视塔店),sports,体育休闲服务;运动场馆;健身中心,成华区,104.091059,30.662825
皇钻KTV音乐会所(三槐树路店),sports,体育休闲服务;娱乐场所;KTV,锦江区,104.089715,30.664722
飞跃网吧(天祥街),sports,体育休闲服务;娱乐场所;网吧,成华区,104.0902,30.660405
比歌爱歌卡拉OK馆,sports,体育休闲服务;娱乐场所;KTV,成华区,104.09309,30.665019
上层KTV,sports,体育休闲服务;娱乐场所;KTV,成华区,104.092012,30.6647
35号民谣酒馆,sports,体育休闲服务;娱乐场所;酒吧,锦江区,104.085085,30.667957
Dragon Fly酒吧,sports,体育休闲服务;娱乐场所;酒吧,锦江区,104.086581,30.667725
SPACE(欢乐颂店),sports,体育休闲服务;娱乐场所;酒吧,成华区,104.091918,30.664111
propaganda酒吧(339店),sports,体育休闲服务;娱乐场所;酒吧,成华区,104.091064,30.66442
天涯主题酒吧,sports,体育休闲服务;娱乐场所;酒吧,锦江区,104.088715,30.660961
候来,sports,体育休闲服务;娱乐场所;酒吧,锦江区,104.088924,30.661384
浪漫假日网咖,sports,体育休闲服务;娱乐场所;网吧,锦江区,104.083727,30.663395
雨露铭城网吧,sports,体育休闲服务;娱乐场所;网吧,锦江区,104.087829,30.660342
卡岸餐饮酒吧(米特司),sports,体育休闲服务;娱乐场所;酒吧,成华区,104.090936,30.664035
西泉头游泳,sports,体育休闲服务;运动场馆;运动场所,成华区,104.093249,30.668634
反斗乐园(欢乐颂店),sports,体育休闲服务;休闲场所;游乐场,成华区,104.09309,30.665019
龙之网络会所(三槐树路),sports,体育休闲服务;娱乐场所;网吧,锦江区,104.086209,30.665112
成都市猛追湾游泳场(2号门),sports,体育休闲服务;运动场馆;游泳馆|通行设施;临街院门;临街院门,锦江区,104.09158,30.66763
婵院瑜伽(电视塔店),sports,体育休闲服务;运动场馆;健身中心,成华区,104.090853,30.662698
雨露网咖,sports,体育休闲服务;娱乐场所;网吧,锦江区,104.088144,30.660421
一齐乐动漫游戏基地,sports,体育休闲服务;娱乐场所;游戏厅,锦江区,104.089243,30.664117
孩子王(成都欢乐颂店),sports,体育休闲服务;休闲场所;游乐场|购物服务;专卖店;儿童用品店,成华区,104.092155,30.663831
喜欢我就啃我吧,sports,体育休闲服务;体育休闲服务场所;体育休闲服务场所,锦江区,104.088074,30.664254
氧气健身(339欢乐颂店),sports,体育休闲服务;运动场馆;健身中心,成华区,104.09157,30.663661
职工活动室,sports,体育休闲服务;体育休闲服务场所;体育休闲服务场所,成华区,104.093118,30.660469
帮麦网,sports,体育休闲服务;体育休闲服务场所;体育休闲服务场所,成华区,104.092326,30.664823
蓝色自由空间,sports,体育休闲服务;娱乐场所;娱乐场所,成华区,104.090332,30.660845
洛可可,sports,公司企业;公司;广告装饰|体育休闲服务;休闲场所;休闲场所,锦江区,104.08498,30.668545
新华东路干休所,sports,体育休闲服务;度假疗养场所;疗养院,锦江区,104.08824,30.66414
圣珈瑜伽(双林店),sports,体育休闲服务;运动场馆;健身中心,成华区,104.090975,30.662909
杜尔城堡桌游吧,sports,体育休闲服务;娱乐场所;娱乐场所,成华区,104.089877,30.660345
幸福家照护中心·智者公寓,sports,体育休闲服务;度假疗养场所;疗养院,锦江区,104.086556,30.662302
昭忠棋牌品茗,sports,体育休闲服务;娱乐场所;棋牌室,锦江区,104.087608,30.66847
康乐堂,sports,体育休闲服务;娱乐场所;棋牌室,锦江区,104.085898,30.663417
柳廊湾棋牌机麻,sports,体育休闲服务;娱乐场所;棋牌室,锦江区,104.090807,30.669009
富临会所棋牌,sports,体育休闲服务;娱乐场所;棋牌室,成华区,104.090493,30.662422
棋牌乐(天涯石东街),sports,体育休闲服务;娱乐场所;棋牌室,锦江区,104.085897,30.659983
水岸人家品茗棋牌,sports,体育休闲服务;娱乐场所;棋牌室,成华区,104.090315,30.661657
仁和棋牌室(天涯石北街),sports,体育休闲服务;娱乐场所;棋牌室,锦江区,104.08683,30.663235
开心棋牌(天涯石南街),sports,体育休闲服务;娱乐场所;棋牌室,锦江区,104.084345,30.659786
广龙荣誉博武会馆,sports,体育休闲服务;运动场馆;跆拳道场馆,锦江区,104.093304,30.667218
金羽天翼猛追湾羽毛球馆,sports,体育休闲服务;运动场馆;羽毛球场,锦江区,104.093167,30.667133
游泳池公园羽毛球馆,sports,体育休闲服务;运动场馆;游泳馆,锦江区,104.092995,30.667037
朝久休闲屋,sports,体育休闲服务;体育休闲服务场所;体育休闲服务场所,成华区,104.103328,30.664447
朗力养老服务中心,sports,体育休闲服务;度假疗养场所;疗养院,成华区,104.096629,30.666523
根据地棋牌(成华区人民政府政务服务中心民政局分中心东南),sports,体育休闲服务;娱乐场所;棋牌室,成华区,104.101833,30.662995
佳佳棋牌室(成华区人民政府政务服务中心民政局分中心东南),sports,体育休闲服务;娱乐场所;棋牌室,成华区,104.101787,30.662818
天籁村KTV(猛追湾街),sports,体育休闲服务;娱乐场所;KTV,成华区,104.094807,30.668517
蓝色火焰KTV(新鸿路),sports,体育休闲服务;娱乐场所;KTV,成华区,104.096582,30.664327
顶尖网吧(猛追湾店),sports,体育休闲服务;娱乐场所;网吧,成华区,104.097451,30.667966
先锋羽毛球馆,sports,体育休闲服务;运动场馆;羽毛球场,成华区,104.098991,30.663119
金色港湾酒廊,sports,体育休闲服务;娱乐场所;酒吧,成华区,104.095332,30.665957
歌立方K吧,sports,体育休闲服务;娱乐场所;KTV,成华区,104.095393,30.666077
天籁树歌坊,sports,体育休闲服务;娱乐场所;KTV,成华区,104.094778,30.668794
好嘟嘟斯诺克会所,sports,体育休闲服务;运动场馆;台球厅,成华区,104.103077,30.660422
世友网吧(智兴直营店),sports,体育休闲服务;娱乐场所;网吧,成华区,104.098601,30.668139
DD双梦,sports,体育休闲服务;娱乐场所;酒吧,成华区,104.095538,30.666321
最终幻想网吧,sports,体育休闲服务;娱乐场所;网吧,成华区,104.094735,30.6647
纯品KTV,sports,体育休闲服务;娱乐场所;KTV,成华区,104.094883,30.66836
心缘酒吧(猛追湾街),sports,体育休闲服务;娱乐场所;酒吧,成华区,104.09561,30.666647
猫眼KTV,sports,体育休闲服务;娱乐场所;KTV|体育休闲服务;娱乐场所;酒吧,成华区,104.09476,30.668639
青少年羽毛球,sports,体育休闲服务;运动场馆;羽毛球场,成华区,104.099566,30.663201
花儿纳吉酒吧,sports,体育休闲服务;娱乐场所;酒吧,成华区,104.094205,30.659902
流星酒吧KTV,sports,体育休闲服务;娱乐场所;酒吧,成华区,104.095212,30.667496
风语网吧,sports,体育休闲服务;体育休闲服务场所;体育休闲服务场所,成华区,104.09524,30.665643
伊七网吧,sports,体育休闲服务;娱乐场所;网吧,成华区,104.102952,30.66702
纯品酒吧,sports,体育休闲服务;娱乐场所;酒吧,成华区,104.09537,30.66603
上古网咖(双林北支路),sports,体育休闲服务;娱乐场所;网吧,成华区,104.10047,30.659459
天堂鸟(猛追湾街),sports,体育休闲服务;娱乐场所;酒吧,成华区,104.094808,30.668014
成都市猛追湾游泳场(东大门),sports,体育休闲服务;运动场馆;游泳馆|通行设施;临街院门;临街院正门,成华区,104.094026,30.667575
亿博网咖,sports,体育休闲服务;娱乐场所;网吧,成华区,104.098703,30.664609
银月网络沙龙,sports,体育休闲服务;娱乐场所;网吧,成华区,104.095387,30.667245
上尚网吧,sports,体育休闲服务;娱乐场所;网吧,成华区,104.100528,30.662666
元天酒吧,sports,体育休闲服务;娱乐场所;酒吧,成华区,104.095474,30.666215
灰鸟网咖,sports,体育休闲服务;娱乐场所;网吧,成华区,104.101794,30.666115
花语KTV酒吧,sports,体育休闲服务;娱乐场所;酒吧,成华区,104.094859,30.668037
沸点棋牌室,sports,体育休闲服务;娱乐场所;棋牌室,成华区,104.097649,30.661156
宏明老干部活动室,sports,体育休闲服务;休闲场所;休闲场所,成华区,104.095705,30.668536
8加1主题酒吧(猛追湾店),sports,体育休闲服务;娱乐场所;酒吧,成华区,104.094936,30.66779
木格子网咖,sports,体育休闲服务;娱乐场所;网吧,成华区,104.101424,30.663673
游麻地雀友俱乐部,sports,体育休闲服务;娱乐场所;棋牌室,成华区,104.100381,30.664519
鸿星棋牌馆,sports,体育休闲服务;娱乐场所;棋牌室,成华区,104.101771,30.662585
老地方棋牌,sports,体育休闲服务;娱乐场所;棋牌室,成华区,104.101967,30.662054
冬冬棋牌(新鸿南路),sports,体育休闲服务;娱乐场所;棋牌室,成华区,104.103328,30.6618
伟伟棋牌室(新鸿南路),sports,体育休闲服务;娱乐场所;棋牌室,成华区,104.10297,30.661827
阿文麻将,sports,体育休闲服务;娱乐场所;棋牌室,成华区,104.103266,30.661804
十一设计院老年活动中心,sports,体育休闲服务;休闲场所;休闲场所,成华区,104.094112,30.661768
富森休闲中心,sports,体育休闲服务;体育休闲服务场所;体育休闲服务场所,成华区,104.108549,30.661432
朋友休闲屋,sports,体育休闲服务;娱乐场所;棋牌室,成华区,104.106338,30.664402
美乐迪KTV(二环路东三段),sports,体育休闲服务;娱乐场所;KTV,成华区,104.111588,30.662638
天堂网吧(小龙桥路),sports,体育休闲服务;娱乐场所;网吧,成华区,104.108163,30.662488
桌悦台球,sports,体育休闲服务;运动场馆;台球厅,成华区,104.106571,30.66084
领域KTV(双林北支路),sports,体育休闲服务;娱乐场所;KTV,成华区,104.107702,30.659473
新体验网吧(建设南三路),sports,体育休闲服务;娱乐场所;网吧,成华区,104.108545,30.668902
星空大本营网吧(小龙桥路),sports,体育休闲服务;娱乐场所;网吧,成华区,104.108163,30.662986
波拉Club,sports,体育休闲服务;娱乐场所;酒吧,成华区,104.111588,30.662638
龙之激流网吧,sports,体育休闲服务;娱乐场所;网吧,成华区,104.103792,30.662599
火车Bar,sports,体育休闲服务;娱乐场所;酒吧,成华区,104.111417,30.667333
靁裮网域,sports,体育休闲服务;娱乐场所;网吧,成华区,104.108438,30.66163
雷神网域,sports,体育休闲服务;娱乐场所;网吧,成华区,104.108399,30.661611
奕凡网咖,sports,体育休闲服务;娱乐场所;网吧,成华区,104.103521,30.66319
鑫鸿网咖,sports,体育休闲服务;娱乐场所;网吧,成华区,104.10648,30.660551
伊久网吧(双林北支路店),sports,体育休闲服务;娱乐场所;网吧,成华区,104.110789,30.659494
梵渡瑜伽(SM广场店),sports,体育休闲服务;运动场馆;健身中心,成华区,104.107056,30.66848
MAYA瑜伽馆(建设路店),sports,体育休闲服务;运动场馆;健身中心,成华区,104.107055,30.66848
游戏之家,sports,体育休闲服务;体育休闲服务场所;体育休闲服务场所,成华区,104.108464,30.661536
258团俱乐部,sports,体育休闲服务;体育休闲服务场所;体育休闲服务场所,成华区,104.106997,30.662108
火车吧,sports,体育休闲服务;体育休闲服务场所;体育休闲服务场所,成华区,104.11152,30.667383
和韵轩,sports,体育休闲服务;体育休闲服务场所;体育休闲服务场所,成华区,104.10804,30.661407
MAYA YOGA(建设西街店),sports,体育休闲服务;运动场馆;健身中心,成华区,104.107138,30.668372
谭麻将,sports,体育休闲服务;娱乐场所;棋牌室,成华区,104.104194,30.660848
小院坝棋牌品茗,sports,体育休闲服务;娱乐场所;棋牌室,成华区,104.107413,30.668583
早点来超市麻将,sports,体育休闲服务;娱乐场所;棋牌室,成华区,104.106604,30.661625
周氏麻将馆,sports,体育休闲服务;娱乐场所;棋牌室,成华区,104.104517,30.667948
顺心麻将馆,sports,体育休闲服务;娱乐场所;棋牌室,成华区,104.103889,30.661741
新概念网吧,sports,体育休闲服务;娱乐场所;网吧,成华区,104.108595,30.668962
金山网吧(万年路),sports,体育休闲服务;娱乐场所;网吧,成华区,104.120936,30.65987
红名村网吧(杉板桥路),sports,体育休闲服务;娱乐场所;网吧,成华区,104.113806,30.665466
成华小学新校区排球场,sports,体育休闲服务;运动场馆;运动场所,成华区,104.117689,30.65997
火星游乐,sports,体育休闲服务;娱乐场所;娱乐场所,成华区,104.114935,30.667097
锦绣东方机麻棋牌室,sports,体育休闲服务;娱乐场所;棋牌室,成华区,104.115533,30.663791
成都仕艾康足球运动中心,sports,体育休闲服务;运动场馆;足球场,成华区,104.11886,30.662367
东方足球场,sports,体育休闲服务;运动场馆;足球场,成华区,104.117981,30.665121
仕艾康足球公园,sports,体育休闲服务;运动场馆;足球场,成华区,104.119946,30.6646
三联万科小步足球公园,sports,体育休闲服务;运动场馆;足球场,成华区,104.11998,30.668956
尚东乒乓球俱乐部,sports,体育休闲服务;运动场馆;乒乓球馆,成华区,104.115407,30.660038
热电厂退休活动中心,sports,体育休闲服务;体育休闲服务场所;体育休闲服务场所,成华区,104.120717,30.660036
蔓蔓网咖,sports,体育休闲服务;娱乐场所;网吧,成华区,104.133505,30.666257
墨菲网咖,sports,体育休闲服务;娱乐场所;网吧,成华区,104.126816,30.662852
品茗棋牌商务,sports,体育休闲服务;娱乐场所;娱乐场所,成华区,104.129288,30.663358
YOGA,sports,体育休闲服务;运动场馆;健身中心,成华区,104.126679,30.66473
星空天地网吧,sports,体育休闲服务;娱乐场所;网吧,成华区,104.126701,30.663192
蔓蔓网咖,sports,体育休闲服务;娱乐场所;网吧,成华区,104.133505,30.666257
通通网吧(二仙桥东二路),sports,体育休闲服务;娱乐场所;网吧,成华区,104.136431,30.668827
狂飙网吧(和友路),sports,体育休闲服务;娱乐场所;网吧,成华区,104.143075,30.665465
同心园网吧,sports,体育休闲服务;娱乐场所;网吧,成华区,104.133834,30.666595
时空引擎(新雨星网吧),sports,体育休闲服务;娱乐场所;网吧,成华区,104.134331,30.666279
成都理工大学南校区游泳场,sports,体育休闲服务;运动场馆;游泳馆,成华区,104.134636,30.6667
天空城网吧,sports,体育休闲服务;娱乐场所;网吧,成华区,104.134212,30.666337
成都理工大学南校区篮球场,sports,体育休闲服务;运动场馆;篮球场馆,成华区,104.135404,30.66622
成都理工大学南校区足球场,sports,体育休闲服务;运动场馆;足球场,成华区,104.134528,30.667813
跳跳体育足球运动公园,sports,体育休闲服务;运动场馆;足球场,武侯区,103.964654,30.650091
川西营村全民健身体育运动中心,sports,体育休闲服务;运动场馆;运动场所,武侯区,103.964654,30.650091
歌友汇酒吧KTV,sports,体育休闲服务;娱乐场所;KTV,武侯区,103.965296,30.657521
星光之夜KTV(九金路),sports,体育休闲服务;娱乐场所;KTV,武侯区,103.96533,30.657634
众想网吧(机九路),sports,体育休闲服务;娱乐场所;网吧,武侯区,103.965221,30.658362
814KTV,sports,体育休闲服务;娱乐场所;KTV,武侯区,103.965457,30.657748
今非昔网吧,sports,体育休闲服务;娱乐场所;网吧,武侯区,103.964972,30.656381
易吧网吧(九康六路),sports,体育休闲服务;娱乐场所;网吧,武侯区,103.968206,30.650428
守候沸城网络会所(花龙门店),sports,体育休闲服务;娱乐场所;网吧,武侯区,103.968939,30.654523
快怡网吧,sports,体育休闲服务;娱乐场所;网吧,武侯区,103.967417,30.657179
花龙门村老协活动室,sports,体育休闲服务;休闲场所;休闲场所,武侯区,103.969893,30.655438
整一盘麻将流水席,sports,体育休闲服务;娱乐场所;棋牌室,武侯区,103.965016,30.657244
成都通联老人颐养中心,sports,体育休闲服务;度假疗养场所;疗养院,武侯区,103.969219,30.656229
望湖居,sports,餐饮服务;中餐厅;中餐厅|体育休闲服务;休闲场所;休闲场所,武侯区,103.983501,30.658589
99汇KTV,sports,体育休闲服务;娱乐场所;KTV,武侯区,103.977058,30.652699
漫步人生量贩KTV,sports,体育休闲服务;娱乐场所;KTV,武侯区,103.97701,30.651544
清水河土酒碗,sports,体育休闲服务;休闲场所;休闲场所,武侯区,103.983506,30.658545
夜音酒吧KTV,sports,体育休闲服务;娱乐场所;酒吧,武侯区,103.976273,30.652154
甜歌酒吧,sports,体育休闲服务;娱乐场所;酒吧,武侯区,103.975989,30.651136
凯悦红酒吧KTV,sports,体育休闲服务;娱乐场所;酒吧,武侯区,103.977218,30.651441
远程网吧(万安北二街),sports,体育休闲服务;娱乐场所;网吧,武侯区,103.976968,30.652256
大晨曦网络会所,sports,体育休闲服务;娱乐场所;网吧,武侯区,103.975982,30.653602
绅鑫台球,sports,体育休闲服务;运动场馆;台球厅,武侯区,103.974187,30.654552
畅游网吧(草金南路),sports,体育休闲服务;娱乐场所;网吧,武侯区,103.978596,30.651366
梦迪KTV(万安正街),sports,体育休闲服务;娱乐场所;KTV,武侯区,103.977256,30.651435
峰尚网咖(万安北三街),sports,体育休闲服务;娱乐场所;网吧,武侯区,103.976398,30.652432
二分之一网吧,sports,体育休闲服务;娱乐场所;网吧,武侯区,103.978127,30.651824
成都市村活动中心,sports,体育休闲服务;休闲场所;休闲场所,武侯区,103.976085,30.658828
成都金梦台球(星语双城1期西北),sports,体育休闲服务;运动场馆;台球厅,武侯区,103.974387,30.655125
通川区佳蓉离退休人员活动中心,sports,体育休闲服务;休闲场所;休闲场所,武侯区,103.983501,30.658586
打鱼郎,sports,体育休闲服务;娱乐场所;棋牌室,武侯区,103.976472,30.651354
蓝色极速网吧,sports,体育休闲服务;娱乐场所;网吧,武侯区,103.976448,30.652564
创知力网吧,sports,体育休闲服务;娱乐场所;网吧,武侯区,103.974911,30.653728
星空非凡网络会所,sports,体育休闲服务;娱乐场所;网吧,武侯区,103.974259,30.654644
居民健身活动中心,sports,体育休闲服务;体育休闲服务场所;体育休闲服务场所,武侯区,103.975041,30.650315
久久勇士野战营,sports,体育休闲服务;体育休闲服务场所;体育休闲服务场所,武侯区,103.982649,30.65475
东坡体育公园羽毛球场,sports,体育休闲服务;运动场馆;羽毛球场,青羊区,103.993081,30.658624
东坡海芙网球中心,sports,体育休闲服务;运动场馆;网球场,青羊区,103.992069,30.658306
穗蓉羽毛球馆,sports,体育休闲服务;运动场馆;羽毛球场,青羊区,103.993135,30.658393
乐尚KTV(清水河公园店),sports,体育休闲服务;娱乐场所;KTV,武侯区,103.98625,30.658103
Soul Yearn,sports,体育休闲服务;娱乐场所;酒吧,武侯区,103.993156,30.650151
成都市金福园养老中心,sports,体育休闲服务;度假疗养场所;疗养院,武侯区,103.986584,30.656954
39度C吧,sports,体育休闲服务;体育休闲服务场所;体育休闲服务场所,武侯区,103.99269,30.650858
基督山红酒吧,sports,体育休闲服务;娱乐场所;酒吧,武侯区,103.99063,30.65171
清水河公园游乐园,sports,体育休闲服务;休闲场所;游乐场,武侯区,103.984622,30.656984
九九勇士训练营地,sports,体育休闲服务;运动场馆;运动场所,武侯区,103.984179,30.657394
牧桐网吧,sports,体育休闲服务;娱乐场所;网吧,武侯区,103.991603,30.650975
鹿港网咖,sports,体育休闲服务;娱乐场所;网吧,武侯区,103.991,30.652196
忘忧田园,sports,体育休闲服务;体育休闲服务场所;体育休闲服务场所,武侯区,103.991223,30.651655
成都自由人足球俱乐部,sports,体育休闲服务;运动场馆;足球场,武侯区,103.986031,30.656497
无限健身,sports,体育休闲服务;运动场馆;健身中心,武侯区,103.993599,30.650893
25小时健身俱乐部,sports,体育休闲服务;运动场馆;健身中心,武侯区,103.992337,30.650999
蔓殊瑜伽馆,sports,体育休闲服务;运动场馆;健身中心,武侯区,103.991793,30.650823
米忆儿童派对,sports,体育休闲服务;娱乐场所;娱乐场所,武侯区,103.993212,30.649802
成都武侯区酷爱健身(私教工作室),sports,体育休闲服务;运动场馆;健身中心,武侯区,103.989951,30.651945
九九勇士真人CS(清水河公园店),sports,体育休闲服务;娱乐场所;娱乐场所,武侯区,103.984882,30.657124
爱玩嘉年华电玩城(龙湖金楠天街店),sports,体育休闲服务;娱乐场所;游戏厅,武侯区,103.993534,30.651303
梧桐网吧,sports,体育休闲服务;娱乐场所;网吧,武侯区,103.992151,30.651001
泷航体育(瑞泰锦城店),sports,体育休闲服务;运动场馆;游泳馆,武侯区,103.99534,30.651873
沙堰社区党群服务中心足球场,sports,体育休闲服务;运动场馆;足球场,武侯区,104.003222,30.655264
沙堰社区党群服务中心篮球场,sports,体育休闲服务;运动场馆;篮球场馆,武侯区,104.003127,30.655248
中影太平洋影城(千盛店),sports,体育休闲服务;影剧院;电影院,武侯区,103.996805,30.652005
CGV星聚汇影城(成都金楠店),sports,体育休闲服务;影剧院;电影院,武侯区,103.993814,30.650118
世友网吧(金雁直营店),sports,体育休闲服务;娱乐场所;网吧,武侯区,103.998765,30.657405
炫丽198KTV,sports,体育休闲服务;娱乐场所;KTV,武侯区,104.000153,30.654525
星光闪耀KTV,sports,体育休闲服务;娱乐场所;KTV,武侯区,104.000058,30.65438
麒祥桌球会所,sports,体育休闲服务;运动场馆;台球厅,武侯区,103.999493,30.654683
开心100KTV(晋阳路),sports,体育休闲服务;娱乐场所;KTV,武侯区,103.999929,30.654485
豪麦纯K,sports,体育休闲服务;娱乐场所;KTV,武侯区,103.999129,30.654481
丁丁儿童乐园,sports,体育休闲服务;休闲场所;游乐场,武侯区,103.99612,30.652221
后街网吧(晋阳巷),sports,体育休闲服务;娱乐场所;网吧,武侯区,103.999984,30.651476
桐桌网咖,sports,体育休闲服务;娱乐场所;网吧,武侯区,103.998931,30.653342
For Beer,sports,体育休闲服务;娱乐场所;酒吧,武侯区,103.99447,30.650521
红唇网咖,sports,体育休闲服务;娱乐场所;网吧,武侯区,103.997496,30.651596
39摄氏度吧进口啤酒馆,sports,体育休闲服务;体育休闲服务场所;体育休闲服务场所,武侯区,103.994342,30.649659
浣熊网咖,sports,体育休闲服务;娱乐场所;网吧,武侯区,103.994742,30.650138
甜蜜村儿童乐园,sports,体育休闲服务;休闲场所;游乐场,武侯区,103.995094,30.650067
弘武道,sports,体育休闲服务;运动场馆;运动场所,武侯区,104.003422,30.655819
清新茶坊(金雁路),sports,餐饮服务;茶艺馆;茶艺馆|体育休闲服务;体育休闲服务场所;体育休闲服务场所,武侯区,103.999723,30.655006
瑞泰锦城游泳池,sports,体育休闲服务;运动场馆;游泳馆,武侯区,103.9961,30.651474
边缘主题酒吧KTV,sports,体育休闲服务;娱乐场所;KTV,武侯区,104.000172,30.654527
六月瑜伽馆,sports,体育休闲服务;运动场馆;健身中心,武侯区,103.998809,30.653682
星莹网咖(金雁路),sports,体育休闲服务;娱乐场所;网吧,武侯区,103.998738,30.655841
菲特尼国际健身(千盛百货店),sports,体育休闲服务;运动场馆;健身中心,武侯区,103.995322,30.651433
雁归来网咖,sports,体育休闲服务;娱乐场所;网吧,武侯区,103.998811,30.65503
天空之城友益网吧,sports,体育休闲服务;娱乐场所;网吧,武侯区,103.999731,30.653951
艾菲尼特健身俱乐部,sports,体育休闲服务;体育休闲服务场所;体育休闲服务场所,武侯区,103.995808,30.652174
英翔娱乐汇,sports,体育休闲服务;娱乐场所;夜总会,武侯区,103.996836,30.6521
家园,sports,体育休闲服务;休闲场所;休闲场所,武侯区,104.002487,30.655729
奇趣童年运动馆,sports,体育休闲服务;体育休闲服务场所;体育休闲服务场所,武侯区,103.994565,30.650695
传奇健身(千盛店),sports,体育休闲服务;运动场馆;健身中心,武侯区,103.995334,30.651938
达古瑜伽健身馆,sports,体育休闲服务;运动场馆;健身中心,武侯区,103.995978,30.650773
迪浩生活馆,sports,体育休闲服务;体育休闲服务场所;体育休闲服务场所,武侯区,103.996284,30.65223
糖奇运动馆,sports,体育休闲服务;运动场馆;健身中心,武侯区,103.995808,30.652174
邓氏瑜伽(晋阳路店),sports,体育休闲服务;运动场馆;健身中心,武侯区,103.998868,30.653735
麦之乐录音棚KTV,sports,体育休闲服务;娱乐场所;KTV,武侯区,103.999037,30.653266
梦飞网城(金雁路),sports,体育休闲服务;娱乐场所;网吧,武侯区,103.998809,30.653682
潘多拉儿童水趣馆(金楠店),sports,体育休闲服务;休闲场所;游乐场,武侯区,103.994352,30.651085
武侯区武术跆拳道训练基地,sports,体育休闲服务;体育休闲服务场所;体育休闲服务场所,武侯区,103.994158,30.65146
魔幻网吧(沙堰西二街),sports,体育休闲服务;娱乐场所;网吧,武侯区,103.998698,30.656494
顺和棋牌室(沙堰东街),sports,体育休闲服务;娱乐场所;棋牌室,武侯区,104.001325,30.659269
盛世皇廷生日主题KTV(晋阳店),sports,体育休闲服务;娱乐场所;KTV,武侯区,103.995619,30.649911
四哥棋牌室,sports,体育休闲服务;娱乐场所;棋牌室,武侯区,103.999761,30.651866
巴蜀武道,sports,体育休闲服务;运动场馆;跆拳道场馆,武侯区,103.995201,30.650024
杨姐麻将馆,sports,体育休闲服务;娱乐场所;棋牌室,武侯区,104.003403,30.652179
袁缘棋牌室,sports,体育休闲服务;娱乐场所;棋牌室,武侯区,104.003171,30.653198
友缘棋牌室,sports,体育休闲服务;娱乐场所;棋牌室,武侯区,103.997963,30.650967
星期舞,sports,体育休闲服务;娱乐场所;娱乐场所,武侯区,104.000489,30.65399
蓝色沸点咖啡啤酒屋,sports,体育休闲服务;娱乐场所;酒吧,武侯区,103.999563,30.654438
龙珠跆拳道(晋阳店),sports,体育休闲服务;运动场馆;跆拳道场馆,武侯区,103.998809,30.653682
康大姐棋牌室,sports,体育休闲服务;娱乐场所;棋牌室,武侯区,103.998152,30.658302
园中园农家乐,sports,体育休闲服务;休闲场所;休闲场所,武侯区,104.002529,30.649727
奇趣童年运动馆,sports,体育休闲服务;体育休闲服务场所;体育休闲服务场所,武侯区,103.99441,30.651678
动动乐园,sports,体育休闲服务;体育休闲服务场所;体育休闲服务场所,武侯区,103.994231,30.651473
卡通爱乐园,sports,体育休闲服务;体育休闲服务场所;体育休闲服务场所,武侯区,103.994426,30.650657
大川健身,sports,体育休闲服务;体育休闲服务场所;体育休闲服务场所,武侯区,104.002363,30.654386
神州网咖,sports,体育休闲服务;娱乐场所;网吧,武侯区,103.998747,30.653876
锦尚KTV(中环路青羊大道段),sports,体育休闲服务;娱乐场所;KTV,青羊区,104.005697,30.659114
龙悦纯K,sports,体育休闲服务;娱乐场所;KTV,武侯区,104.011518,30.655008
丽景华庭2期游泳池,sports,体育休闲服务;运动场馆;游泳馆,武侯区,104.007651,30.653993
花间集游泳池,sports,体育休闲服务;运动场馆;游泳馆,武侯区,104.00854,30.655186
那tata,sports,体育休闲服务;娱乐场所;酒吧,武侯区,104.011768,30.652925
丽景华庭一期游泳池,sports,体育休闲服务;运动场馆;游泳馆,武侯区,104.013407,30.653758
金林俊景游泳池,sports,体育休闲服务;运动场馆;游泳馆,武侯区,104.005425,30.653434
扣扣网吧,sports,体育休闲服务;娱乐场所;网吧,武侯区,104.012592,30.653159
FOX红狐网咖,sports,体育休闲服务;娱乐场所;网吧,武侯区,104.013191,30.654268
宸宇网咖,sports,体育休闲服务;娱乐场所;网吧,武侯区,104.003815,30.653361
龙悦,sports,体育休闲服务;娱乐场所;KTV,武侯区,104.011419,30.655022
花间雅堤露天Bar,sports,体育休闲服务;娱乐场所;娱乐场所,武侯区,104.008326,30.655148
黑客e网打尽,sports,体育休闲服务;体育休闲服务场所;体育休闲服务场所,武侯区,104.013089,30.652407
苏可网咖(鹭岛店),sports,体育休闲服务;体育休闲服务场所;体育休闲服务场所,武侯区,104.011545,30.651384
新康力健身,sports,体育休闲服务;运动场馆;健身中心,武侯区,104.00976,30.654436
毅力健身工作室,sports,体育休闲服务;运动场馆;健身中心,武侯区,104.010367,30.65133
崇孝养老(龙腾西路),sports,体育休闲服务;度假疗养场所;疗养院,武侯区,104.005158,30.654125
圣珈瑜伽会馆(外双楠店),sports,体育休闲服务;运动场馆;健身中心,武侯区,104.012192,30.653378
未晞瑜伽,sports,体育休闲服务;运动场馆;健身中心,武侯区,104.013358,30.653937
奇维网咖,sports,体育休闲服务;娱乐场所;网吧,武侯区,104.013664,30.656759
白鲨游泳俱乐部,sports,体育休闲服务;运动场馆;游泳馆,青羊区,104.007507,30.659073
博胜健身会所(双楠旗舰店),sports,体育休闲服务;运动场馆;健身中心,武侯区,104.011965,30.654979
龙腾网咖(中环路武阳大道段),sports,体育休闲服务;娱乐场所;网吧,武侯区,104.006589,30.653867
上媞瑜伽(龙阳街),sports,体育休闲服务;运动场馆;健身中心,武侯区,104.012169,30.65338
天域锦玛帝商务会所,sports,体育休闲服务;娱乐场所;娱乐场所,青羊区,104.007372,30.659322
七妹棋牌室,sports,体育休闲服务;娱乐场所;棋牌室,武侯区,104.009187,30.653163
斯威鸣游泳池(武侯店),sports,体育休闲服务;运动场馆;运动场所,武侯区,104.011493,30.651642
cftf健身中心,sports,体育休闲服务;体育休闲服务场所;体育休闲服务场所,青羊区,104.006389,30.658647
泊景湾游泳池,sports,体育休闲服务;运动场馆;游泳馆,武侯区,104.012088,30.656591
MUSE CLUB(少陵路),sports,体育休闲服务;娱乐场所;酒吧,武侯区,104.022295,30.650654
缤纷量贩KTV(尚品店),sports,体育休闲服务;娱乐场所;KTV,武侯区,104.023044,30.650634
月亮村KTV(清水河畔店),sports,体育休闲服务;娱乐场所;KTV,青羊区,104.020911,30.654267
尚品康河,sports,体育休闲服务;娱乐场所;KTV,武侯区,104.022041,30.650662
王子国际俱乐部量贩KTV,sports,体育休闲服务;娱乐场所;KTV,武侯区,104.021708,30.650652
金话筒(少陵路),sports,体育休闲服务;娱乐场所;KTV,武侯区,104.023012,30.650634
皇家爵仕KTV商务量贩,sports,体育休闲服务;娱乐场所;KTV,武侯区,104.02299,30.650632
星期8酒吧(大石西路),sports,体育休闲服务;娱乐场所;酒吧,武侯区,104.022681,30.65347
New.88,sports,体育休闲服务;娱乐场所;酒吧,武侯区,104.022138,30.650698
秀酒馆,sports,体育休闲服务;娱乐场所;酒吧,武侯区,104.022713,30.65064
绿岛咖啡音乐酒吧,sports,体育休闲服务;娱乐场所;酒吧,武侯区,104.022559,30.653506
玛亚瑜伽(双楠店),sports,体育休闲服务;运动场馆;健身中心,青羊区,104.022082,30.654073
调酒术,sports,体育休闲服务;娱乐场所;酒吧,武侯区,104.015373,30.651988
唱吧麦颂量贩KTV(少陵路店),sports,体育休闲服务;娱乐场所;KTV,武侯区,104.022462,30.650749
Hola Bar,sports,体育休闲服务;娱乐场所;酒吧,武侯区,104.021872,30.650656
muse缪斯酒吧(少陵路店),sports,体育休闲服务;娱乐场所;酒吧,武侯区,104.02228,30.650762
开心吧酒吧(大石西路),sports,体育休闲服务;娱乐场所;酒吧,武侯区,104.022881,30.653442
宸园恒温游泳馆,sports,体育休闲服务;运动场馆;游泳馆,武侯区,104.015009,30.658345
多彩扎啤(置信路),sports,体育休闲服务;娱乐场所;酒吧,武侯区,104.018814,30.650799
Smuse酒吧(少陵店),sports,体育休闲服务;娱乐场所;酒吧,武侯区,104.022287,30.650751
SHOW CLUB,sports,体育休闲服务;休闲场所;休闲场所,武侯区,104.022371,30.650699
雪域仙女酒吧,sports,体育休闲服务;娱乐场所;酒吧,青羊区,104.022099,30.654124
白金网咖,sports,体育休闲服务;娱乐场所;网吧,武侯区,104.022174,30.650526
Boogie Bar,sports,体育休闲服务;娱乐场所;酒吧,青羊区,104.02227,30.654384
思达智科技高山围棋道场,sports,体育休闲服务;运动场馆;运动场所,武侯区,104.022727,30.65347
Rio Club,sports,体育休闲服务;娱乐场所;酒吧,武侯区,104.021162,30.650727
TrueCOLOR本色(成都店),sports,体育休闲服务;娱乐场所;酒吧,武侯区,104.023043,30.650764
南山南国际会所,sports,体育休闲服务;体育休闲服务场所;体育休闲服务场所,武侯区,104.018344,30.650193
大华情融苑游泳池,sports,体育休闲服务;运动场馆;游泳馆,武侯区,104.014822,30.652044
卓杜威机器人活动中心,sports,体育休闲服务;体育休闲服务场所;体育休闲服务场所,武侯区,104.016562,30.654643
少陵路酒吧街,sports,体育休闲服务;娱乐场所;酒吧,武侯区,104.022006,30.650798
密室逃脱体验馆,sports,体育休闲服务;娱乐场所;娱乐场所,青羊区,104.02227,30.654384
9号集火网咖,sports,体育休闲服务;娱乐场所;网吧,武侯区,104.014777,30.652115
九号网咖,sports,体育休闲服务;娱乐场所;网吧,武侯区,104.014828,30.651329
省文化公寓老年活动室,sports,体育休闲服务;休闲场所;休闲场所,武侯区,104.020211,30.651613
V3酒吧(大石西路),sports,体育休闲服务;娱乐场所;酒吧,武侯区,104.02262,30.653496
康河郦景游泳馆(大石西路店),sports,体育休闲服务;运动场馆;游泳馆,武侯区,104.021585,30.652632
无印瑜伽观心馆,sports,体育休闲服务;运动场馆;健身中心,武侯区,104.021926,30.652646
九米网咖,sports,体育休闲服务;娱乐场所;网吧,青羊区,104.022316,30.654704
铂金网咖(少陵店),sports,体育休闲服务;娱乐场所;网吧,武侯区,104.022554,30.650653
奇维网咖,sports,体育休闲服务;娱乐场所;网吧,武侯区,104.013664,30.656759
酒点半,sports,体育休闲服务;娱乐场所;娱乐场所,青羊区,104.022099,30.654124
BABI CLUB(少陵路店),sports,体育休闲服务;娱乐场所;酒吧,武侯区,104.022174,30.650526
天合拾锦,sports,体育休闲服务;娱乐场所;娱乐场所,武侯区,104.015628,30.652425
滨江绿道,sports,体育休闲服务;运动场馆;户外健身场所,青羊区,104.019867,30.655544
show酒吧,sports,体育休闲服务;体育休闲服务场所;体育休闲服务场所,武侯区,104.023099,30.650754
绝色网吧,sports,体育休闲服务;娱乐场所;网吧,武侯区,104.027242,30.650676
趣玩吧,sports,体育休闲服务;娱乐场所;娱乐场所,青羊区,104.026341,30.657348
成都劲健网球俱乐部,sports,体育休闲服务;运动场馆;网球场,青羊区,104.024826,30.657497
双楠网吧,sports,体育休闲服务;娱乐场所;网吧,武侯区,104.029613,30.650703
天使网咖(百花南街店),sports,体育休闲服务;娱乐场所;网吧,武侯区,104.030287,30.652518
趣玩网吧,sports,体育休闲服务;娱乐场所;网吧,武侯区,104.026707,30.652926
INTIME网咖,sports,体育休闲服务;娱乐场所;网吧,武侯区,104.024137,30.653212
蓝光高清电影,sports,体育休闲服务;体育休闲服务场所;体育休闲服务场所,武侯区,104.032974,30.651785
缘水和,sports,体育休闲服务;体育休闲服务场所;体育休闲服务场所,武侯区,104.026929,30.652628
亿森娱乐活动中心,sports,体育休闲服务;休闲场所;休闲场所,武侯区,104.03113,30.649861
现代网吧(百吉街),sports,体育休闲服务;娱乐场所;网吧,武侯区,104.03182,30.652516
友缘棋牌(少陵横街),sports,体育休闲服务;娱乐场所;棋牌室,武侯区,104.027555,30.651827
英太网咖(二环路西一段106号院东),sports,体育休闲服务;娱乐场所;网吧,武侯区,104.02421,30.652958
传奇健身(少陵路店),sports,体育休闲服务;运动场馆;健身中心,武侯区,104.024606,30.650966
成都浣花网球场,sports,体育休闲服务;运动场馆;网球场,青羊区,104.024895,30.657411
金桂园(百吉街店),sports,体育休闲服务;娱乐场所;棋牌室,武侯区,104.031497,30.652346
宁三哥棋牌室,sports,体育休闲服务;娱乐场所;棋牌室,武侯区,104.032389,30.651381
百花棋牌室,sports,体育休闲服务;娱乐场所;棋牌室,武侯区,104.031386,30.652872
紫藤棋牌,sports,体育休闲服务;娱乐场所;棋牌室,武侯区,104.024149,30.652774
美国宝力豪国际健身双楠精品店,sports,体育休闲服务;运动场馆;健身中心,武侯区,104.024518,30.650898
麻将室老年活动中心,sports,体育休闲服务;休闲场所;休闲场所,武侯区,104.033125,30.651368
HOLA酒吧,sports,体育休闲服务;娱乐场所;酒吧,武侯区,104.025664,30.65017
成都体育学院抱石馆,sports,体育休闲服务;运动场馆;运动场所,武侯区,104.041201,30.651278
成都体育学院武术馆,sports,体育休闲服务;运动场馆;运动场所,武侯区,104.043096,30.650861
成都体育学院网球场,sports,体育休闲服务;运动场馆;网球场,武侯区,104.042708,30.651253
成都体育学院学生活动中心,sports,体育休闲服务;休闲场所;休闲场所,武侯区,104.043413,30.650958
成都体育学院人工攀岩墙(励志路),sports,体育休闲服务;运动场馆;运动场所,武侯区,104.043463,30.650908
成都体育学院人工攀岩墙(怀贤路),sports,体育休闲服务;运动场馆;运动场所,武侯区,104.039633,30.649629
四川东方老年乐园,sports,体育休闲服务;休闲场所;休闲场所,青羊区,104.037228,30.657764
花儿朵朵,sports,体育休闲服务;娱乐场所;酒吧,青羊区,104.042464,30.656579
城市之音KTV(一环路西一段),sports,体育休闲服务;娱乐场所;KTV,武侯区,104.038559,30.649982
浩瀚网吧(百花西路),sports,体育休闲服务;娱乐场所;网吧,青羊区,104.035609,30.658643
夏·花Bar,sports,体育休闲服务;娱乐场所;酒吧,青羊区,104.039938,30.657592
伊美芬芳,sports,体育休闲服务;娱乐场所;酒吧,青羊区,104.042635,30.656419
基地酒吧(芳邻路),sports,体育休闲服务;娱乐场所;酒吧,青羊区,104.039866,30.65779
京川宾馆-娱乐城,sports,体育休闲服务;娱乐场所;夜总会,青羊区,104.037756,30.655153
钉子吧(芳邻路),sports,体育休闲服务;娱乐场所;酒吧,青羊区,104.041347,30.657161
老地点(青羊店),sports,体育休闲服务;娱乐场所;KTV,青羊区,104.039383,30.657602
青鸟(芳邻路),sports,体育休闲服务;娱乐场所;酒吧,青羊区,104.041251,30.657217
本垒酒吧,sports,体育休闲服务;娱乐场所;酒吧,青羊区,104.03978,30.657789
蜗牛BAR,sports,体育休闲服务;娱乐场所;酒吧,武侯区,104.038068,30.649767
银月网络沙龙(一环路西一段),sports,体育休闲服务;娱乐场所;网吧,武侯区,104.038041,30.649564
高地音乐酒吧,sports,体育休闲服务;娱乐场所;酒吧,青羊区,104.039788,30.657604
WIN98根据地(芳邻路),sports,体育休闲服务;娱乐场所;酒吧,青羊区,104.042067,30.65679
Toy网吧,sports,体育休闲服务;娱乐场所;网吧,青羊区,104.039125,30.654327
雅吧(芳邻路店),sports,体育休闲服务;娱乐场所;酒吧,青羊区,104.041158,30.657205
破酒吧,sports,体育休闲服务;娱乐场所;酒吧,武侯区,104.038914,30.652228
玩吧(芳邻路),sports,体育休闲服务;娱乐场所;酒吧,青羊区,104.042175,30.656735
京川宾馆健身房,sports,体育休闲服务;运动场馆;健身中心,青羊区,104.037606,30.655004
三姨太进口啤酒馆,sports,体育休闲服务;娱乐场所;酒吧,青羊区,104.039974,30.657836
留声机,sports,体育休闲服务;娱乐场所;酒吧,青羊区,104.041037,30.657175
红雨酒廊,sports,体育休闲服务;娱乐场所;酒吧,青羊区,104.041027,30.657305
古格艺术酒吧,sports,体育休闲服务;娱乐场所;酒吧,青羊区,104.0408,30.65737
星际娱乐空间,sports,体育休闲服务;娱乐场所;酒吧,青羊区,104.038863,30.657743
J3VR体验馆,sports,体育休闲服务;娱乐场所;娱乐场所,武侯区,104.038306,30.652681
群英会,sports,体育休闲服务;体育休闲服务场所;体育休闲服务场所,青羊区,104.043486,30.654573
未成年活动室,sports,体育休闲服务;体育休闲服务场所;体育休闲服务场所,青羊区,104.034886,30.658572
在不在成都耍家啤酒馆,sports,体育休闲服务;娱乐场所;酒吧,青羊区,104.039408,30.65761
芳邻路社区青少年活动室,sports,体育休闲服务;体育休闲服务场所;体育休闲服务场所,青羊区,104.036165,30.657559
河马,sports,体育休闲服务;娱乐场所;酒吧,青羊区,104.04009,30.657575
酒兴堂,sports,体育休闲服务;娱乐场所;酒吧,青羊区,104.04203,30.656801
有名堂怀旧音乐酒吧,sports,体育休闲服务;娱乐场所;酒吧,青羊区,104.039849,30.6576
健康运动中心,sports,体育休闲服务;体育休闲服务场所;体育休闲服务场所,武侯区,104.036568,30.653652
百花潭公园游乐场,sports,体育休闲服务;休闲场所;游乐场,青羊区,104.038682,30.6588
青城豪生温泉运动休闲套票,sports,体育休闲服务;体育休闲服务场所;体育休闲服务场所,青羊区,104.048705,30.657677
四川省成都市城南足球体育场,sports,体育休闲服务;运动场馆;运动场所,武侯区,104.048516,30.650911
成都市青羊区颐康中老年服务中心,sports,体育休闲服务;度假疗养场所;疗养院,青羊区,104.049554,30.657436
逸刻网球俱乐部,sports,体育休闲服务;运动场馆;网球场,武侯区,104.049258,30.64969
龅牙兔儿童情商乐园(君平街),sports,体育休闲服务;休闲场所;游乐场,青羊区,104.052598,30.658482
长城社区未成年人活动中心,sports,体育休闲服务;休闲场所;休闲场所,青羊区,104.047682,30.658157
冠城花园游泳池,sports,体育休闲服务;运动场馆;游泳馆,青羊区,104.049917,30.656322
e98啤酒馆,sports,体育休闲服务;娱乐场所;酒吧,青羊区,104.046666,30.655265
橙黄橘绿酒吧(章武街店),sports,体育休闲服务;娱乐场所;酒吧,武侯区,104.047475,30.649499
戏堂网咖,sports,体育休闲服务;娱乐场所;网吧,青羊区,104.051959,30.65831
繁花似锦咖啡美酒,sports,体育休闲服务;娱乐场所;酒吧,武侯区,104.046857,30.650192
和庄会所(小南街店),sports,体育休闲服务;娱乐场所;娱乐场所,青羊区,104.05013,30.656233
8号仓库·网咖,sports,体育休闲服务;娱乐场所;网吧,武侯区,104.053224,30.649563
锦里酒吧,sports,体育休闲服务;娱乐场所;酒吧,武侯区,104.046743,30.650185
域上书香青年部落,sports,体育休闲服务;娱乐场所;酒吧,武侯区,104.04609,30.650836
成都市老干部网球俱乐部,sports,体育休闲服务;运动场馆;网球场,青羊区,104.045693,30.654381
神之网咖(荣耀直营店),sports,体育休闲服务;娱乐场所;网吧,青羊区,104.047346,30.655513
大耳朵网咖(成都锦里店),sports,体育休闲服务;娱乐场所;网吧,青羊区,104.044817,30.65668
婵院瑜伽(人民公园店),sports,体育休闲服务;运动场馆;健身中心,青羊区,104.050573,30.655891
梵音瑜伽专业会所,sports,体育休闲服务;运动场馆;健身中心,青羊区,104.048616,30.655138
锦水棋屋,sports,体育休闲服务;娱乐场所;棋牌室,青羊区,104.04398,30.658366
耍酒,sports,体育休闲服务;娱乐场所;酒吧,武侯区,104.046117,30.650943
诸葛连弩(章武街),sports,体育休闲服务;娱乐场所;娱乐场所,武侯区,104.047475,30.649766
新派渝富桥,sports,体育休闲服务;娱乐场所;娱乐场所,青羊区,104.050123,30.656232
鼎盛中林麻将馆,sports,体育休闲服务;娱乐场所;棋牌室,青羊区,104.048795,30.659187
西较场干休所,sports,体育休闲服务;度假疗养场所;疗养院,青羊区,104.044365,30.65781
大隐棋牌,sports,体育休闲服务;娱乐场所;棋牌室,青羊区,104.053541,30.656239
时空引擎网吧(小南街店),sports,体育休闲服务;娱乐场所;网吧,青羊区,104.050383,30.65681
广林棋牌,sports,体育休闲服务;娱乐场所;棋牌室,武侯区,104.050268,30.652212
Free Style自由式街舞爵士舞(小南街店),sports,体育休闲服务;运动场馆;健身中心,青羊区,104.052615,30.65843
福满苑棋牌,sports,体育休闲服务;娱乐场所;棋牌室,青羊区,104.044027,30.658254
华龙天体育场馆,sports,体育休闲服务;运动场馆;运动场所,锦江区,104.061615,30.650314
爱尚韵动体育俱乐部,sports,体育休闲服务;运动场馆;运动场所,青羊区,104.060102,30.657046
PK漂亮生活KTV(锦里店),sports,体育休闲服务;娱乐场所;KTV,青羊区,104.057288,30.651278
四川电影院(祠堂街店),sports,体育休闲服务;影剧院;电影院,青羊区,104.057708,30.659316
月亮村KTV(滨河棕榈店),sports,体育休闲服务;娱乐场所;KTV,青羊区,104.059057,30.65174
世纪会所,sports,体育休闲服务;娱乐场所;KTV,锦江区,104.062724,30.651206
省公安厅老干处活动中心,sports,体育休闲服务;体育休闲服务场所;体育休闲服务场所,青羊区,104.058939,30.654398
世代锦江国际酒店KTV,sports,体育休闲服务;娱乐场所;KTV,锦江区,104.059081,30.65059
枫丹白露酒吧,sports,体育休闲服务;娱乐场所;酒吧,锦江区,104.062408,30.650653
凯利音乐,sports,体育休闲服务;娱乐场所;KTV,武侯区,104.053982,30.649496
I·F量贩KTV,sports,体育休闲服务;娱乐场所;KTV,青羊区,104.058197,30.650986
拂晓网咖吧·茶楼,sports,体育休闲服务;娱乐场所;网吧,青羊区,104.056934,30.656804
银河网吧(君平街店),sports,体育休闲服务;娱乐场所;网吧,青羊区,104.054687,30.657697
外滩1号河畔风情,sports,体育休闲服务;娱乐场所;酒吧,武侯区,104.054971,30.649698
成都城市名人夜总会,sports,体育休闲服务;娱乐场所;夜总会|体育休闲服务;娱乐场所;KTV,青羊区,104.062871,30.656522
锦江宾馆游泳池,sports,体育休闲服务;运动场馆;游泳馆,锦江区,104.062775,30.650544
彩虹菲林音乐酒吧,sports,体育休闲服务;娱乐场所;酒吧,青羊区,104.05842,30.652317
K8互动量贩KTV,sports,体育休闲服务;娱乐场所;KTV,青羊区,104.058197,30.650987
成都市教职工活动中心,sports,体育休闲服务;娱乐场所;娱乐场所,青羊区,104.058364,30.656098
今站游乐中心,sports,体育休闲服务;休闲场所;游乐场,青羊区,104.063008,30.659253
Z壹酒吧,sports,体育休闲服务;娱乐场所;酒吧,锦江区,104.059126,30.650512
永春禅武馆,sports,体育休闲服务;运动场馆;运动场所,青羊区,104.058188,30.651416
成都巴西柔术俱乐部,sports,体育休闲服务;运动场馆;运动场所,青羊区,104.060114,30.657039
锦江宾馆-台球室,sports,体育休闲服务;运动场馆;台球厅,锦江区,104.062775,30.650545
菲亚瑜伽,sports,体育休闲服务;运动场馆;健身中心,青羊区,104.059766,30.659385
音琪巴依音琪健身,sports,体育休闲服务;体育休闲服务场所;体育休闲服务场所,锦江区,104.062943,30.654374
锦江宾馆健身中心,sports,体育休闲服务;运动场馆;健身中心,锦江区,104.062775,30.650544
扭矩网咖,sports,体育休闲服务;娱乐场所;网吧,青羊区,104.056673,30.651589
张莹莹健身私教工作室,sports,体育休闲服务;运动场馆;健身中心,锦江区,104.061376,30.654127
U Yoga优瑜伽,sports,体育休闲服务;运动场馆;健身中心,青羊区,104.058033,30.651431
传奇健身(釜山店),sports,体育休闲服务;运动场馆;健身中心,青羊区,104.057615,30.652112
陕西会馆,sports,体育休闲服务;娱乐场所;娱乐场所,青羊区,104.059065,30.657283
Ai尚韵动,sports,体育休闲服务;运动场馆;健身中心,青羊区,104.060186,30.657097
世代锦江国际酒店健身房,sports,体育休闲服务;运动场馆;健身中心,锦江区,104.059081,30.650591
童童健身房,sports,体育休闲服务;运动场馆;健身中心,青羊区,104.057609,30.652597
猎豹实感模拟射击俱乐部,sports,体育休闲服务;休闲场所;游乐场,青羊区,104.062593,30.658946
每时健康运动生活馆(城市名人店),sports,体育休闲服务;运动场馆;运动场所,青羊区,104.062869,30.656453
轻盈瑜伽(红照壁店),sports,体育休闲服务;运动场馆;健身中心,锦江区,104.061506,30.653846
大隐棋牌,sports,体育休闲服务;娱乐场所;棋牌室,青羊区,104.053541,30.656239
魔时代健身私教工作室,sports,体育休闲服务;运动场馆;健身中心,青羊区,104.056092,30.650295
茶棋牌,sports,体育休闲服务;娱乐场所;棋牌室,青羊区,104.059648,30.656009
梁粉棋牌室,sports,体育休闲服务;娱乐场所;棋牌室,青羊区,104.05423,30.657744
城市名人国际俱乐部(人民南路一段),sports,体育休闲服务;娱乐场所;娱乐场所,青羊区,104.062904,30.65636
茗人棋牌坊,sports,体育休闲服务;娱乐场所;棋牌室,青羊区,104.056728,30.655674
成都U加瑜伽生活馆,sports,体育休闲服务;运动场馆;健身中心,青羊区,104.059582,30.659312
成都中医药大学汪家拐校区篮球场,sports,体育休闲服务;运动场馆;篮球场馆,青羊区,104.054433,30.656021
健身游泳中心,sports,体育休闲服务;运动场馆;游泳馆,青羊区,104.063037,30.656204
美宾体育游泳池(皇后国际店),sports,体育休闲服务;运动场馆;游泳馆,锦江区,104.070178,30.65121
颐乐之家督院街道养老服务中心,sports,体育休闲服务;度假疗养场所;疗养院,锦江区,104.065611,30.653541
零度游泳馆,sports,体育休闲服务;运动场馆;游泳馆,锦江区,104.064906,30.657645
万达影城(财富广场店),sports,体育休闲服务;影剧院;电影院,锦江区,104.067122,30.654857
威客斯健身中心(春熙路店),sports,体育休闲服务;运动场馆;健身中心,锦江区,104.069855,30.658026
悠啦啦量贩KTV,sports,体育休闲服务;娱乐场所;KTV,锦江区,104.07344,30.659343
太平洋国际影城(春熙路店),sports,体育休闲服务;影剧院;电影院,锦江区,104.071034,30.658579
芒果映像私人影院,sports,体育休闲服务;影剧院;电影院,锦江区,104.07048,30.656709
Patata 18 KTV(大业店),sports,体育休闲服务;娱乐场所;KTV,锦江区,104.067117,30.656153
飞鱼网吧(光华街),sports,体育休闲服务;娱乐场所;网吧,锦江区,104.066183,30.656609
四川省川剧院(烟袋巷),sports,体育休闲服务;影剧院;剧场,锦江区,104.066138,30.654056
汤姆熊欢乐世界(财富中心店),sports,体育休闲服务;休闲场所;游乐场,锦江区,104.067345,30.654476
好乐迪(成都财富店),sports,体育休闲服务;娱乐场所;KTV,锦江区,104.067345,30.654476
迷悦主题歌城(友谊店),sports,体育休闲服务;娱乐场所;KTV,锦江区,104.072628,30.65612
唱吧麦颂KTV(春熙路店),sports,体育休闲服务;娱乐场所;KTV,锦江区,104.073404,30.656372
聚贤廊大堂吧,sports,体育休闲服务;娱乐场所;酒吧,锦江区,104.066148,30.649682
丽尊量贩KTV,sports,体育休闲服务;娱乐场所;KTV,锦江区,104.064799,30.651494
心灵·几何网吧,sports,体育休闲服务;娱乐场所;网吧,锦江区,104.07344,30.659341
18K KTV,sports,体育休闲服务;娱乐场所;KTV,锦江区,104.06711,30.656211
爱之角单身沙龙,sports,体育休闲服务;娱乐场所;娱乐场所,锦江区,104.064041,30.656442
先锋健身俱乐部(财富中心店),sports,体育休闲服务;运动场馆;健身中心,锦江区,104.066821,30.655036
岷山饭店游泳池,sports,体育休闲服务;运动场馆;游泳馆,锦江区,104.064783,30.650719
传奇部落网吧(四川省化工厅住宅北),sports,体育休闲服务;娱乐场所;网吧,锦江区,104.064954,30.652895
啡语网咖,sports,体育休闲服务;娱乐场所;网吧,锦江区,104.068589,30.657306
v加酒吧,sports,体育休闲服务;娱乐场所;酒吧,锦江区,104.064292,30.658341
索菲特会所,sports,体育休闲服务;娱乐场所;酒吧,锦江区,104.066148,30.649682
时光盒子网咖,sports,体育休闲服务;娱乐场所;网吧,锦江区,104.073003,30.655092
冒险岛(茂业天地盐市口店),sports,体育休闲服务;休闲场所;游乐场,锦江区,104.067226,30.659123
鼎域网咖(香槟店),sports,体育休闲服务;娱乐场所;网吧,锦江区,104.073402,30.650384
网鱼网咖(大业路店),sports,体育休闲服务;娱乐场所;网吧,锦江区,104.067008,30.656312
索菲特万达大饭店-室内加热游泳池,sports,体育休闲服务;运动场馆;游泳馆,锦江区,104.066148,30.649682
新良汇夜总会,sports,体育休闲服务;娱乐场所;夜总会,锦江区,104.071436,30.656402
城市理想大厦游泳池,sports,体育休闲服务;运动场馆;游泳馆,锦江区,104.064974,30.657411
Crazy,sports,体育休闲服务;娱乐场所;游戏厅,锦江区,104.067138,30.654872
vgear台球吧,sports,体育休闲服务;运动场馆;台球厅,锦江区,104.066866,30.655059
对啊网成都,sports,体育休闲服务;体育休闲服务场所;体育休闲服务场所,锦江区,104.067066,30.654749
活动排练室,sports,体育休闲服务;体育休闲服务场所;体育休闲服务场所,锦江区,104.072126,30.649897
艾米·1895电影街,sports,体育休闲服务;体育休闲服务场所;体育休闲服务场所,锦江区,104.064149,30.654441
中环俱乐部,sports,体育休闲服务;体育休闲服务场所;体育休闲服务场所,锦江区,104.069218,30.6587
雪茄吧,sports,体育休闲服务;体育休闲服务场所;体育休闲服务场所,锦江区,104.066215,30.649759
JBK音乐世界,sports,体育休闲服务;体育休闲服务场所;体育休闲服务场所,锦江区,104.066784,30.655941
四川人保客户俱乐部健身房,sports,体育休闲服务;运动场馆;健身中心,锦江区,104.066317,30.659218
四川人保客户俱乐部桌球室,sports,体育休闲服务;运动场馆;台球厅,锦江区,104.066317,30.659218
督院街街道老人养护中心,sports,体育休闲服务;度假疗养场所;疗养院,锦江区,104.064726,30.652592
薇格尔台球吧,sports,体育休闲服务;运动场馆;台球厅,锦江区,104.067888,30.654165
游乐区,sports,体育休闲服务;娱乐场所;娱乐场所,锦江区,104.067345,30.657554
晨枫动漫(书市店),sports,体育休闲服务;娱乐场所;娱乐场所,锦江区,104.066408,30.657259
机器人概念生活馆,sports,体育休闲服务;娱乐场所;娱乐场所,锦江区,104.073458,30.657348
泰合索菲特大饭店健美中心,sports,体育休闲服务;运动场馆;健身中心,锦江区,104.066152,30.649678
花园城大酒店-棋牌室,sports,体育休闲服务;娱乐场所;棋牌室,锦江区,104.067146,30.655437
DELA,sports,体育休闲服务;体育休闲服务场所;体育休闲服务场所,锦江区,104.070324,30.657861
乐活桌游俱乐部,sports,体育休闲服务;娱乐场所;娱乐场所,锦江区,104.067781,30.652216
626棋牌室,sports,体育休闲服务;娱乐场所;棋牌室,锦江区,104.070291,30.656719
明宇足球俱乐部,sports,体育休闲服务;运动场馆;足球场,锦江区,104.070065,30.654124
四川省省级机关干休三所,sports,体育休闲服务;体育休闲服务场所;体育休闲服务场所,锦江区,104.065108,30.653173
雕塑CLUB,sports,体育休闲服务;体育休闲服务场所;体育休闲服务场所,锦江区,104.071796,30.650347
咖语网咖,sports,体育休闲服务;娱乐场所;网吧,锦江区,104.068616,30.657873
联众网络,sports,体育休闲服务;娱乐场所;网吧,锦江区,104.064164,30.655271
胜道,sports,体育休闲服务;运动场馆;健身中心,锦江区,104.076751,30.658877
吸引力ATT KTV(东大店),sports,体育休闲服务;娱乐场所;KTV,锦江区,104.077581,30.653785
青年V幕,sports,体育休闲服务;影剧院;电影院,锦江区,104.07533,30.656908
百丽宫影城(成都远洋太古里),sports,体育休闲服务;影剧院;电影院,锦江区,104.08144,30.654444
IMAX电影城,sports,体育休闲服务;影剧院;电影院,锦江区,104.079026,30.657529
UA影城(国际金融中心店),sports,体育休闲服务;影剧院;电影院,锦江区,104.078911,30.657066
REX私人影吧(春熙店),sports,体育休闲服务;体育休闲服务场所;体育休闲服务场所,锦江区,104.074844,30.65933
奇幻旅程网吧,sports,体育休闲服务;娱乐场所;网吧,锦江区,104.077611,30.653772
阳光都市KTV会所,sports,体育休闲服务;娱乐场所;KTV,锦江区,104.083038,30.65188
M2酒吧(北马道街),sports,体育休闲服务;娱乐场所;酒吧,锦江区,104.082087,30.650868
冰悦滑冰场,sports,体育休闲服务;运动场馆;溜冰场,锦江区,104.079026,30.657529
温莎KTV,sports,体育休闲服务;娱乐场所;KTV,锦江区,104.075394,30.655299
KABB(成都远洋太古里),sports,体育休闲服务;娱乐场所;酒吧,锦江区,104.080848,30.657215
东大街游泳馆健身房,sports,体育休闲服务;运动场馆;游泳馆,锦江区,104.07857,30.654137
极速网吧(王家坝街),sports,体育休闲服务;娱乐场所;网吧,锦江区,104.075203,30.649958
现代健身减肥中心,sports,体育休闲服务;运动场馆;健身中心,锦江区,104.075562,30.659004
Wizar酒吧,sports,体育休闲服务;娱乐场所;酒吧,锦江区,104.079119,30.65364
伯尼游泳会馆,sports,体育休闲服务;运动场馆;游泳馆,锦江区,104.078683,30.654125
踏奇酒吧,sports,体育休闲服务;娱乐场所;酒吧,锦江区,104.082433,30.651481
榛悦隆堡成都酒店游泳池,sports,体育休闲服务;运动场馆;游泳馆,锦江区,104.079515,30.652729
长滕鬼校,sports,体育休闲服务;休闲场所;休闲场所|体育休闲服务;娱乐场所;娱乐场所,锦江区,104.076909,30.658053
镋钯街饮室影室,sports,体育休闲服务;体育休闲服务场所;体育休闲服务场所,锦江区,104.078474,30.650686
公鸡酒馆,sports,体育休闲服务;娱乐场所;酒吧,锦江区,104.0823,30.650994
雷玛帝诺网吧,sports,体育休闲服务;娱乐场所;网吧,锦江区,104.075653,30.654139
寅时潮酒吧,sports,体育休闲服务;娱乐场所;酒吧,锦江区,104.076862,30.655648
摩卡网咖(天仙桥北路),sports,体育休闲服务;娱乐场所;网吧,锦江区,104.083345,30.653786
尼雅网咖,sports,体育休闲服务;娱乐场所;网吧,锦江区,104.075374,30.652686
涡流网咖(下东大街段),sports,体育休闲服务;娱乐场所;网吧,锦江区,104.076097,30.653924
小熊山丘主题酒吧,sports,体育休闲服务;娱乐场所;酒吧,锦江区,104.079655,30.654205
AMO MIO,sports,体育休闲服务;娱乐场所;酒吧,锦江区,104.083215,30.653301
江湖堂,sports,体育休闲服务;娱乐场所;酒吧,锦江区,104.082066,30.650341
Les酒吧,sports,体育休闲服务;娱乐场所;酒吧,锦江区,104.083272,30.653494
AMO CLUB,sports,体育休闲服务;娱乐场所;酒吧,锦江区,104.083219,30.653336
如果·爱男爵CLUB,sports,体育休闲服务;娱乐场所;酒吧,锦江区,104.082356,30.651535
游乐设施,sports,体育休闲服务;休闲场所;游乐场,锦江区,104.07882,30.654004
汤姆熊欢乐世界(群光店),sports,体育休闲服务;娱乐场所;游戏厅,锦江区,104.074242,30.656529
本目艺术酒吧,sports,体育休闲服务;体育休闲服务场所;体育休闲服务场所,锦江区,104.075382,30.653787
好乐迪(成都香槟店),sports,体育休闲服务;娱乐场所;KTV,锦江区,104.077146,30.654512
恩米网咖,sports,体育休闲服务;娱乐场所;网吧,锦江区,104.082853,30.652723
奇妙旅程网吧,sports,体育休闲服务;娱乐场所;网吧,锦江区,104.080484,30.651588
MIX运动体验中心,sports,体育休闲服务;运动场馆;健身中心,锦江区,104.077419,30.657956
悠游堂海盗主题乐园(成都店),sports,体育休闲服务;休闲场所;游乐场,锦江区,104.077112,30.655048
LUCAS轰趴馆(春熙路店),sports,体育休闲服务;娱乐场所;娱乐场所,锦江区,104.07737,30.657809
轻盈瑜伽(春熙店),sports,体育休闲服务;运动场馆;健身中心,锦江区,104.073624,30.655502
觉知瑜伽(东风大桥店),sports,体育休闲服务;运动场馆;健身中心,锦江区,104.082207,30.650711
国营七八公社酒馆,sports,体育休闲服务;娱乐场所;酒吧,锦江区,104.082057,30.651049
密糖酒吧,sports,体育休闲服务;娱乐场所;酒吧,锦江区,104.073724,30.651509
跑不脱密室逃脱,sports,体育休闲服务;娱乐场所;娱乐场所,锦江区,104.077541,30.654335
狂奔的蜗牛,sports,体育休闲服务;体育休闲服务场所;体育休闲服务场所,锦江区,104.076942,30.650423
空间时间极智云馆,sports,体育休闲服务;休闲场所;休闲场所|餐饮服务;咖啡厅;咖啡厅,锦江区,104.077215,30.655553
密糖酒吧,sports,体育休闲服务;娱乐场所;酒吧,锦江区,104.073724,30.651509
天翔麟5D动感影视mini馆,sports,体育休闲服务;体育休闲服务场所;体育休闲服务场所,锦江区,104.074887,30.658841
四川畅游皮划艇俱乐部,sports,体育休闲服务;体育休闲服务场所;体育休闲服务场所,锦江区,104.082216,30.651076
跑不脱密室逃脱,sports,体育休闲服务;娱乐场所;娱乐场所,锦江区,104.077541,30.654335
狂奔的蜗牛,sports,体育休闲服务;体育休闲服务场所;体育休闲服务场所,锦江区,104.076942,30.650423
空间时间极智云馆,sports,体育休闲服务;休闲场所;休闲场所|餐饮服务;咖啡厅;咖啡厅,锦江区,104.077215,30.655553
TOUCH HOUSE,sports,体育休闲服务;体育休闲服务场所;体育休闲服务场所,锦江区,104.082373,30.651032
郁金香后花园会所,sports,体育休闲服务;休闲场所;休闲场所,锦江区,104.077378,30.653376
活跃网络,sports,体育休闲服务;体育休闲服务场所;体育休闲服务场所,锦江区,104.077702,30.656675
啾啾度假俱乐部,sports,体育休闲服务;体育休闲服务场所;体育休闲服务场所,锦江区,104.077907,30.658807
蓝蛙西餐酒吧,sports,体育休闲服务;娱乐场所;酒吧,锦江区,104.082114,30.65654
春熙会,sports,体育休闲服务;体育休闲服务场所;体育休闲服务场所,锦江区,104.076485,30.658979
爱健身会所红星路店,sports,体育休闲服务;运动场馆;健身中心,锦江区,104.074834,30.652724
舒适堡健身·瑜伽,sports,体育休闲服务;运动场馆;健身中心,锦江区,104.077841,30.657025
千古迷城密室逃脱,sports,体育休闲服务;娱乐场所;娱乐场所,锦江区,104.075741,30.657097
时空迷阵密室逃脱,sports,体育休闲服务;娱乐场所;娱乐场所,锦江区,104.077448,30.657961
弥蝶艺术电影会馆,sports,体育休闲服务;体育休闲服务场所;体育休闲服务场所,锦江区,104.077301,30.657995
健身恒温游泳会馆(都汇华庭店),sports,体育休闲服务;运动场馆;游泳馆,锦江区,104.079079,30.652268
Max Club,sports,体育休闲服务;娱乐场所;娱乐场所,锦江区,104.082041,30.650889
成都环球发现自驾俱乐部,sports,体育休闲服务;体育休闲服务场所;体育休闲服务场所,锦江区,104.080468,30.652059
蜂王Bqueen,sports,体育休闲服务;娱乐场所;酒吧,锦江区,104.08214,30.650856
圣凯恩健身(义学巷),sports,体育休闲服务;运动场馆;健身中心,锦江区,104.079164,30.651829
海悦花园大酒店健身中心,sports,体育休闲服务;运动场馆;健身中心,锦江区,104.076997,30.657467
理疗瑜伽,sports,体育休闲服务;运动场馆;健身中心,锦江区,104.082216,30.651076
墨功健身房,sports,体育休闲服务;运动场馆;健身中心,锦江区,104.075655,30.656981
金银岛奇幻世界,sports,体育休闲服务;体育休闲服务场所;体育休闲服务场所,锦江区,104.073666,30.65676
KICKSLOUNGE,sports,体育休闲服务;体育休闲服务场所;体育休闲服务场所,锦江区,104.079432,30.654635
K2,sports,体育休闲服务;娱乐场所;酒吧,锦江区,104.082315,30.65105
伊莱美瑜伽养生馆,sports,体育休闲服务;运动场馆;健身中心,锦江区,104.076685,30.650349
张四哥森态麻将馆,sports,体育休闲服务;娱乐场所;棋牌室,锦江区,104.081086,30.653893
呵呵,sports,体育休闲服务;体育休闲服务场所;体育休闲服务场所,锦江区,104.07858,30.650639
圣珈瑜伽(清安街),sports,体育休闲服务;运动场馆;健身中心,锦江区,104.082241,30.650933
正熙酒店-棋牌室,sports,体育休闲服务;娱乐场所;棋牌室,锦江区,104.075923,30.65598
凤凰御庭酒店-棋牌室,sports,体育休闲服务;娱乐场所;棋牌室,锦江区,104.073733,30.658341
玩家国度,sports,体育休闲服务;娱乐场所;娱乐场所,锦江区,104.079061,30.657236
塑心茗媛减肥塑形连锁机构(春熙店),sports,体育休闲服务;体育休闲服务场所;体育休闲服务场所,锦江区,104.075659,30.65691
美格菲健身中心(红星路三段),sports,体育休闲服务;运动场馆;健身中心,锦江区,104.076909,30.658053
四川省体育馆,sports,体育休闲服务;运动场馆;综合体育馆,成华区,104.090016,30.654695
海力体育恒温游泳会所,sports,体育休闲服务;运动场馆;游泳馆,锦江区,104.084391,30.655886
成都市川剧院,sports,体育休闲服务;影剧院;剧场,成华区,104.090814,30.655814
爱上网吧(玉双路),sports,体育休闲服务;娱乐场所;网吧,成华区,104.091048,30.658702
边缘网吧(玉双路),sports,体育休闲服务;娱乐场所;网吧,成华区,104.092978,30.657476
兰派网吧,sports,体育休闲服务;娱乐场所;网吧,锦江区,104.084059,30.656889
成都明宇豪雅酒店KTV,sports,体育休闲服务;娱乐场所;KTV,锦江区,104.088584,30.649611
东方广场假日酒店游泳池,sports,体育休闲服务;运动场馆;游泳馆,锦江区,104.086249,30.650366
大唐1号量贩式KTV,sports,体育休闲服务;娱乐场所;KTV,成华区,104.091283,30.658575
时代广场健身游泳,sports,体育休闲服务;运动场馆;游泳馆,锦江区,104.084941,30.649992
朗御恒温游泳会所,sports,体育休闲服务;运动场馆;游泳馆,锦江区,104.084506,30.656248
恒温游泳馆(大慈寺店),sports,体育休闲服务;运动场馆;游泳馆,锦江区,104.084563,30.656083
46 SENSES,sports,体育休闲服务;娱乐场所;酒吧,锦江区,104.084045,30.655952
蓉上坊健身游泳馆,sports,体育休闲服务;运动场馆;游泳馆|购物服务;专卖店;专营店,锦江区,104.089975,30.651202
羚羊酒吧,sports,体育休闲服务;娱乐场所;酒吧,成华区,104.087983,30.658127
途睿健身游泳(蓉上坊店),sports,体育休闲服务;运动场馆;游泳馆,锦江区,104.090055,30.651143
48层同头等舱酒吧,sports,体育休闲服务;娱乐场所;酒吧,锦江区,104.088693,30.649774
兰派网吧(上和店),sports,体育休闲服务;娱乐场所;网吧,锦江区,104.092654,30.65051
MC PUB SAUNA,sports,体育休闲服务;娱乐场所;酒吧,锦江区,104.083783,30.652522
some drinks(朗御店),sports,体育休闲服务;娱乐场所;酒吧,锦江区,104.084005,30.655934
某某网咖,sports,体育休闲服务;娱乐场所;网吧,锦江区,104.084489,30.653611
德比啤酒馆,sports,体育休闲服务;娱乐场所;酒吧,锦江区,104.084409,30.655864
唯酒荟酒吧,sports,体育休闲服务;娱乐场所;酒吧,成华区,104.087563,30.657283
云巅网吧,sports,体育休闲服务;娱乐场所;网吧,锦江区,104.086379,30.653157
Cosmo House私人派对空间,sports,体育休闲服务;娱乐场所;酒吧,锦江区,104.084364,30.655913
康河网吧,sports,体育休闲服务;娱乐场所;网吧,成华区,104.088698,30.658382
CLUB,sports,体育休闲服务;度假疗养场所;度假村,锦江区,104.084832,30.6554
天域大堂酒吧,sports,体育休闲服务;娱乐场所;酒吧,锦江区,104.088582,30.649774
HIGHMAS,sports,体育休闲服务;娱乐场所;酒吧,锦江区,104.084457,30.656087
MISS卢SkyLounge高空酒廊,sports,体育休闲服务;娱乐场所;酒吧,锦江区,104.08425,30.656139
Dmu VR体验馆,sports,体育休闲服务;休闲场所;游乐场,锦江区,104.084464,30.655983
千雅歌舞厅,sports,体育休闲服务;娱乐场所;迪厅,锦江区,104.09227,30.649915
无印瑜伽,sports,体育休闲服务;运动场馆;健身中心,锦江区,104.093151,30.651169
MOMO网吧,sports,体育休闲服务;娱乐场所;网吧,锦江区,104.084155,30.653854
奔虎健身,sports,体育休闲服务;运动场馆;健身中心,锦江区,104.084529,30.653591
大堂1号,sports,体育休闲服务;娱乐场所;KTV,成华区,104.091401,30.658451
MC酒吧,sports,体育休闲服务;娱乐场所;酒吧,锦江区,104.08391,30.652361
梅花川剧演艺中心,sports,体育休闲服务;影剧院;影剧院相关,成华区,104.086953,30.656332
薇醺PUB(香香巷),sports,体育休闲服务;娱乐场所;酒吧,成华区,104.087117,30.656142
颐瑾会所,sports,体育休闲服务;体育休闲服务场所;体育休闲服务场所,锦江区,104.087556,30.659358
同畅里会所,sports,体育休闲服务;体育休闲服务场所;体育休闲服务场所,锦江区,104.083987,30.650419
点将台院落开放空间,sports,体育休闲服务;体育休闲服务场所;体育休闲服务场所,锦江区,104.087818,30.653045
善喜茶苑,sports,体育休闲服务;体育休闲服务场所;体育休闲服务场所,成华区,104.087319,30.657462
七堂,sports,体育休闲服务;娱乐场所;酒吧,成华区,104.086678,30.656321
东方广场假日酒店-康体中心,sports,体育休闲服务;运动场馆;健身中心,锦江区,104.087099,30.650162
至上健身viva fitness club,sports,体育休闲服务;运动场馆;健身中心,锦江区,104.083785,30.650445
琳琳棋牌室,sports,体育休闲服务;娱乐场所;棋牌室,锦江区,104.08469,30.65353
欢引,sports,体育休闲服务;体育休闲服务场所;体育休闲服务场所,锦江区,104.085843,30.652663
心知旅真人密室,sports,体育休闲服务;娱乐场所;娱乐场所,成华区,104.088752,30.658364
DS热点,sports,体育休闲服务;娱乐场所;KTV,锦江区,104.091347,30.65308
628扎西春天风情吧,sports,体育休闲服务;娱乐场所;酒吧,成华区,104.088216,30.658617
瑞升·芭富丽大酒店-健身房,sports,体育休闲服务;运动场馆;健身中心,成华区,104.091936,30.658306
南天网络会所(东顺城中街),sports,体育休闲服务;娱乐场所;网吧,锦江区,104.084627,30.657399
机麻棋牌室,sports,体育休闲服务;娱乐场所;棋牌室,锦江区,104.087652,30.652855
又一春棋牌室,sports,体育休闲服务;娱乐场所;棋牌室,成华区,104.087804,30.658128
悠园机麻,sports,体育休闲服务;娱乐场所;棋牌室,成华区,104.089875,30.657695
100顺棋牌室,sports,体育休闲服务;娱乐场所;棋牌室,锦江区,104.085166,30.658294
措姆瑜伽,sports,体育休闲服务;运动场馆;健身中心,锦江区,104.09101,30.650313
快乐搓哈,sports,体育休闲服务;娱乐场所;棋牌室,锦江区,104.087438,30.652997
北桥棋牌,sports,体育休闲服务;娱乐场所;棋牌室,锦江区,104.084467,30.654643
瑞升·芭富丽大酒店-棋牌室,sports,体育休闲服务;娱乐场所;棋牌室,成华区,104.091939,30.658309
昨日重现活动中心,sports,体育休闲服务;娱乐场所;棋牌室,锦江区,104.089206,30.64975
369棋牌室(点将台西街),sports,体育休闲服务;娱乐场所;棋牌室,锦江区,104.087278,30.653199
少年精英足球俱乐部,sports,体育休闲服务;运动场馆;足球场,锦江区,104.087099,30.650162
歌帝KTV,sports,体育休闲服务;娱乐场所;KTV,锦江区,104.089258,30.654019
龙光龙仁体育文化传播有限公司,sports,体育休闲服务;运动场馆;健身中心,成华区,104.096138,30.657349
娇子音乐厅,sports,体育休闲服务;影剧院;音乐厅,锦江区,104.093706,30.651687
绝代佳人(双林路店),sports,体育休闲服务;娱乐场所;KTV,成华区,104.100342,30.659285
玲珑网吧(双桥路南六街),sports,体育休闲服务;娱乐场所;网吧,成华区,104.098901,30.65311
音画时尚(一环路东三段),sports,体育休闲服务;娱乐场所;KTV,成华区,104.095744,30.656569
四度空间网吧,sports,体育休闲服务;娱乐场所;网吧,成华区,104.096545,30.657543
缤纷KTV,sports,体育休闲服务;娱乐场所;KTV,成华区,104.0958,30.656532
伽玥瑜伽(玉双店),sports,体育休闲服务;运动场馆;健身中心,成华区,104.09569,30.655385
快乐星量贩KTV(双桥路),sports,体育休闲服务;娱乐场所;KTV,成华区,104.09575,30.656566
西婵国际剧场,sports,体育休闲服务;影剧院;剧场,锦江区,104.094119,30.651773
望平社区老年活动室,sports,体育休闲服务;休闲场所;休闲场所,成华区,104.094673,30.655411
华成苑,sports,体育休闲服务;娱乐场所;娱乐场所|商务住宅;住宅区;住宅小区,锦江区,104.097734,30.649633
科友网吧,sports,体育休闲服务;娱乐场所;网吧,成华区,104.095858,30.655885
S3 CLUB,sports,体育休闲服务;娱乐场所;酒吧,成华区,104.101405,30.65356
达尔芬网咖,sports,体育休闲服务;娱乐场所;网吧,成华区,104.100957,30.650062
浪人网吧,sports,体育休闲服务;娱乐场所;网吧,成华区,104.098817,30.65309
月恋花,sports,体育休闲服务;娱乐场所;酒吧,锦江区,104.096081,30.649728
牛市口街道文体活动中心,sports,体育休闲服务;休闲场所;休闲场所,锦江区,104.09408,30.650717
新时空网吧(一环路东三段),sports,体育休闲服务;娱乐场所;网吧,成华区,104.098122,30.659326
光年网咖,sports,体育休闲服务;娱乐场所;网吧,成华区,104.095816,30.656691
4c空间网吧,sports,体育休闲服务;娱乐场所;网吧,成华区,104.096148,30.657339
博速羽毛球俱乐部(新华公园店),sports,体育休闲服务;运动场馆;羽毛球场,成华区,104.102648,30.657923
璀璨网咖,sports,体育休闲服务;娱乐场所;网吧,成华区,104.100637,30.649584
芳姐麻将室,sports,体育休闲服务;体育休闲服务场所;体育休闲服务场所,成华区,104.097127,30.651781
水波球,sports,体育休闲服务;体育休闲服务场所;体育休闲服务场所,成华区,104.103115,30.659068
就是会麻子,sports,体育休闲服务;体育休闲服务场所;体育休闲服务场所,成华区,104.101571,30.656457
迈宝瑞健身,sports,体育休闲服务;运动场馆;健身中心,锦江区,104.094119,30.651773
飘香花园茶坊棋牌,sports,体育休闲服务;娱乐场所;棋牌室,成华区,104.095806,30.656589
和生·祥和老年护理中心,sports,体育休闲服务;度假疗养场所;疗养院,成华区,104.095566,30.658877
龙光龙仁跆拳道馆,sports,体育休闲服务;运动场馆;跆拳道场馆,成华区,104.096245,30.657491
曹姐麻将馆,sports,体育休闲服务;娱乐场所;棋牌室,锦江区,104.095355,30.650308
瑞美健身中心(水碾河店),sports,体育休闲服务;运动场馆;健身中心,锦江区,104.094037,30.651797
巅峰台球室(水碾河店),sports,体育休闲服务;运动场馆;台球厅,锦江区,104.096187,30.6495
曾姐麻将馆,sports,体育休闲服务;娱乐场所;棋牌室,锦江区,104.095355,30.650332
叁佳壹麻将馆,sports,体育休闲服务;娱乐场所;棋牌室,成华区,104.096219,30.65532
四川省成都列五中学双桥校区篮球场,sports,体育休闲服务;运动场馆;篮球场馆,成华区,104.09835,30.65467
成都列五中学双桥校区足球场,sports,体育休闲服务;运动场馆;足球场,成华区,104.098288,30.654396
五冶住宅区老年活动室,sports,体育休闲服务;休闲场所;休闲场所,成华区,104.09902,30.654994
列五三泰电子青少年体育俱乐部,sports,体育休闲服务;运动场馆;运动场所,成华区,104.106319,30.658785
安康年双桥子街道养老服务中心,sports,体育休闲服务;度假疗养场所;疗养院,成华区,104.108841,30.653691
时间KTV,sports,体育休闲服务;娱乐场所;KTV,成华区,104.106333,30.651285
新恋曲歌舞厅,sports,体育休闲服务;娱乐场所;迪厅,成华区,104.111613,30.653909
春天网吧(双林中横路),sports,体育休闲服务;娱乐场所;网吧,成华区,104.107247,30.653625
飞龙网吧(万年场横街),sports,体育休闲服务;娱乐场所;网吧,成华区,104.111291,30.656309
天王酒吧,sports,体育休闲服务;娱乐场所;酒吧,成华区,104.109592,30.649597
精英台球俱乐部(经华北路),sports,体育休闲服务;运动场馆;台球厅,成华区,104.105845,30.651001
百迪歌城,sports,体育休闲服务;娱乐场所;KTV,成华区,104.111222,30.652313
奥迪歌舞厅,sports,体育休闲服务;娱乐场所;迪厅,成华区,104.106193,30.651165
凤林歌舞厅,sports,体育休闲服务;娱乐场所;迪厅,成华区,104.110033,30.650366
冰纷万象滑冰场(万象城),sports,体育休闲服务;运动场馆;溜冰场,成华区,104.111827,30.651151
洞洞舞厅,sports,体育休闲服务;娱乐场所;迪厅,成华区,104.105785,30.656488
琴蓝酒吧,sports,体育休闲服务;娱乐场所;酒吧,成华区,104.109498,30.649451
游侠网咖,sports,体育休闲服务;娱乐场所;网吧,成华区,104.106654,30.651377
明日之星酒吧KTV,sports,体育休闲服务;娱乐场所;酒吧,成华区,104.110021,30.65035
大满贯网咖(双桥店),sports,体育休闲服务;娱乐场所;网吧,成华区,104.109131,30.650271
动物乐园,sports,体育休闲服务;休闲场所;游乐场,成华区,104.112552,30.652749
金鹏酒吧(二环路东三段),sports,体育休闲服务;娱乐场所;酒吧,成华区,104.109489,30.649426
安利残疾人综合运动馆,sports,体育休闲服务;运动场馆;运动场所,成华区,104.105075,30.657204
新华公园-游乐城,sports,体育休闲服务;休闲场所;游乐场,成华区,104.104332,30.659363
CK台球俱乐部,sports,体育休闲服务;运动场馆;台球厅,成华区,104.105576,30.6511
主流网咖(双桥店),sports,体育休闲服务;娱乐场所;网吧,成华区,104.10912,30.650304
博派网咖(双桥路),sports,体育休闲服务;娱乐场所;网吧,成华区,104.106333,30.651285
领域唛歌音悦Bar(新华公园后门店),sports,体育休闲服务;娱乐场所;酒吧,成华区,104.107761,30.659179
成都传道咏春拳馆,sports,体育休闲服务;运动场馆;运动场所,成华区,104.106193,30.651165
万象会,sports,体育休闲服务;体育休闲服务场所;体育休闲服务场所,成华区,104.112752,30.652573
聚缘棋牌室(双林中横路),sports,体育休闲服务;娱乐场所;棋牌室,成华区,104.10418,30.653788
沐·瑜伽,sports,体育休闲服务;运动场馆;健身中心,成华区,104.111613,30.653909
成都净梵瑜伽教练培训总部,sports,体育休闲服务;运动场馆;健身中心,成华区,104.111056,30.653327
金玉阳光酒店康体中心,sports,体育休闲服务;运动场馆;运动场所,成华区,104.107919,30.65495
传奇健身(花郡店),sports,体育休闲服务;运动场馆;健身中心,成华区,104.112937,30.655099
反斗乐园运动馆(万象城),sports,体育休闲服务;休闲场所;游乐场,成华区,104.112189,30.651121
薇妮肚皮舞会馆,sports,体育休闲服务;运动场馆;健身中心,成华区,104.111701,30.654146
星际传奇,sports,体育休闲服务;体育休闲服务场所;体育休闲服务场所,成华区,104.112492,30.651878
棋牌茶,sports,体育休闲服务;体育休闲服务场所;体育休闲服务场所,成华区,104.106443,30.654184
悦来麻将室,sports,体育休闲服务;体育休闲服务场所;体育休闲服务场所,成华区,104.107654,30.659065
新风林演舞厅,sports,体育休闲服务;娱乐场所;迪厅,成华区,104.1101,30.650389
小月棋牌室,sports,体育休闲服务;娱乐场所;棋牌室,成华区,104.111667,30.656203
金羽天翼会所,sports,体育休闲服务;体育休闲服务场所;体育休闲服务场所,成华区,104.104998,30.658131
奥迪中老年活动中心,sports,体育休闲服务;休闲场所;休闲场所,成华区,104.10577,30.650835
传奇健身(万象城),sports,体育休闲服务;运动场馆;健身中心,成华区,104.11321,30.651974
成发文化娱乐中心,sports,体育休闲服务;娱乐场所;娱乐场所,成华区,104.106193,30.651165
劲轩跆拳道馆,sports,体育休闲服务;运动场馆;跆拳道场馆,成华区,104.111341,30.653886
风天跆拳道,sports,体育休闲服务;运动场馆;跆拳道场馆,成华区,104.111359,30.653918
波波网吧(双林路196号大院东),sports,体育休闲服务;娱乐场所;网吧,成华区,104.103949,30.656901
星空文友网星网吧,sports,体育休闲服务;娱乐场所;网吧,成华区,104.112964,30.657933
好心情机麻,sports,体育休闲服务;娱乐场所;棋牌室,成华区,104.109228,30.652575
光友干杂棋牌,sports,体育休闲服务;娱乐场所;棋牌室,成华区,104.107256,30.656792
金美健身健美,sports,体育休闲服务;运动场馆;健身中心,成华区,104.106193,30.651165
天天麻将馆,sports,体育休闲服务;娱乐场所;棋牌室,成华区,104.108635,30.651199
缤纷万象滑冰场(万象城),sports,体育休闲服务;运动场馆;溜冰场,成华区,104.111835,30.651152
骏熙跆拳道,sports,体育休闲服务;运动场馆;跆拳道场馆,成华区,104.111872,30.65384
双桥子街道综合文化活动中心(双桥路),sports,体育休闲服务;休闲场所;休闲场所,成华区,104.106193,30.651165
鸿飞跆拳道馆,sports,体育休闲服务;运动场馆;跆拳道场馆,成华区,104.106028,30.651103
轻轻气球娱乐会所,sports,体育休闲服务;体育休闲服务场所;体育休闲服务场所,成华区,104.107517,30.654135
成大悟道馆,sports,体育休闲服务;体育休闲服务场所;体育休闲服务场所,成华区,104.10815,30.649639
融力网吧,sports,体育休闲服务;娱乐场所;网吧,成华区,104.105255,30.651761
世友网吧(前沿直营店),sports,体育休闲服务;娱乐场所;网吧,成华区,104.1205,30.653316
百老汇影城(万象城),sports,体育休闲服务;影剧院;电影院,成华区,104.11442,30.652426
感觉网吧(万兴街),sports,体育休闲服务;娱乐场所;网吧,成华区,104.119253,30.654763
我心飞翔网咖(万年路),sports,体育休闲服务;娱乐场所;网吧,成华区,104.114321,30.656498
花样年花郡游泳池,sports,体育休闲服务;运动场馆;游泳馆,成华区,104.114503,30.653748
天上人间(槐树店路),sports,体育休闲服务;娱乐场所;娱乐场所,成华区,104.123116,30.652414
美家达网咖(子龙店),sports,体育休闲服务;娱乐场所;网吧,成华区,104.114801,30.656726
成都爱之源,sports,体育休闲服务;体育休闲服务场所;体育休闲服务场所,成华区,104.115837,30.65218
长天路社区文体活动站,sports,体育休闲服务;休闲场所;休闲场所,成华区,104.122894,30.650453
桌迷藏,sports,体育休闲服务;娱乐场所;娱乐场所,成华区,104.114602,30.653856
棋牌茶,sports,体育休闲服务;体育休闲服务场所;体育休闲服务场所,成华区,104.118091,30.656191
茶棋牌机麻包间,sports,体育休闲服务;体育休闲服务场所;体育休闲服务场所,成华区,104.117678,30.65585
文化天空国际俱乐部,sports,体育休闲服务;休闲场所;休闲场所,成华区,104.116053,30.649792
天下网吧(东篱路),sports,体育休闲服务;娱乐场所;网吧,成华区,104.115155,30.658173
驿动在线网吧,sports,体育休闲服务;娱乐场所;网吧,成华区,104.116478,30.658765
主流网咖(万年店),sports,体育休闲服务;娱乐场所;网吧,成华区,104.113924,30.653406
留念茶庄,sports,体育休闲服务;娱乐场所;棋牌室,成华区,104.118368,30.655728
紫莲瑜伽(万象城店),sports,体育休闲服务;运动场馆;健身中心,成华区,104.115362,30.654918
成都石室小学足球场,sports,体育休闲服务;运动场馆;足球场,成华区,104.116614,30.650039
弧线运动足球俱乐部,sports,体育休闲服务;运动场馆;足球场,成华区,104.121912,30.65491
停车场内设洗车修车足球场,sports,体育休闲服务;运动场馆;足球场,成华区,104.122159,30.654996
锋锋乒乓球训练基地,sports,体育休闲服务;运动场馆;乒乓球馆,成华区,104.123181,30.652779
紫鑫棋牌馆,sports,体育休闲服务;娱乐场所;娱乐场所,成华区,104.118756,30.653071
安康年老年活动中心,sports,体育休闲服务;休闲场所;休闲场所,成华区,104.123461,30.653033
万年场街道红桥社区老年活动中心,sports,体育休闲服务;休闲场所;休闲场所,成华区,104.130375,30.656686
超时空网吧(长融东二路),sports,体育休闲服务;娱乐场所;网吧,成华区,104.14213,30.65755
星空青年网吧,sports,体育休闲服务;娱乐场所;网吧,成华区,104.140545,30.655269
起点羽毛球馆(中环路双店路段),sports,体育休闲服务;运动场馆;羽毛球场,成华区,104.136319,30.653874
动力引擎网吧,sports,体育休闲服务;娱乐场所;网吧,成华区,104.140388,30.655067
龙飞网咖(长和街),sports,体育休闲服务;娱乐场所;网吧,成华区,104.13914,30.654459
老年协会活动室,sports,体育休闲服务;体育休闲服务场所;体育休闲服务场所,成华区,104.137781,30.651188
生态茶园啤酒广场,sports,体育休闲服务;体育休闲服务场所;体育休闲服务场所,成华区,104.136602,30.650351
党的建设活动室,sports,体育休闲服务;体育休闲服务场所;体育休闲服务场所,成华区,104.137781,30.651188
中国五冶职工大学室内活动场,sports,体育休闲服务;运动场馆;运动场所,成华区,104.139483,30.651339
火立方,sports,体育休闲服务;休闲场所;休闲场所,成华区,104.138958,30.653665
红英机麻屋,sports,体育休闲服务;娱乐场所;棋牌室,成华区,104.139588,30.654049
香山俱乐部,sports,体育休闲服务;体育休闲服务场所;体育休闲服务场所,成华区,104.138683,30.652165
哆莱咪网咖,sports,体育休闲服务;娱乐场所;网吧,成华区,104.144164,30.657593
西润·钢铁烈阳网吧,sports,体育休闲服务;娱乐场所;网吧,成华区,104.151616,30.652572
凯悦网吧(和悦路),sports,体育休闲服务;娱乐场所;网吧,成华区,104.145878,30.657834
自由麻将过把瘾,sports,体育休闲服务;娱乐场所;棋牌室,成华区,104.148313,30.657503
QQ自由麻将(长融东三路),sports,体育休闲服务;娱乐场所;棋牌室,成华区,104.148343,30.65761
金楠量贩KTV,sports,体育休闲服务;娱乐场所;KTV,武侯区,103.969569,30.646946
飞腾网吧(武青西二路),sports,体育休闲服务;娱乐场所;网吧,武侯区,103.972329,30.642541
武侯足球公园A区,sports,体育休闲服务;运动场馆;足球场,武侯区,103.96979,30.649291
1989号网咖,sports,体育休闲服务;娱乐场所;网吧,武侯区,103.965325,30.648808
理想网络,sports,体育休闲服务;娱乐场所;网吧,武侯区,103.968309,30.645848
及时达网吧,sports,体育休闲服务;娱乐场所;网吧,武侯区,103.971074,30.646633
桃源游泳池,sports,体育休闲服务;运动场馆;游泳馆,武侯区,103.972216,30.646872
红叶休闲屋,sports,体育休闲服务;休闲场所;休闲场所|餐饮服务;茶艺馆;茶艺馆,武侯区,103.983024,30.643809
横店电影城(武侯分店),sports,体育休闲服务;影剧院;电影院,武侯区,103.97849,30.647513
好享来,sports,体育休闲服务;娱乐场所;娱乐场所|餐饮服务;茶艺馆;茶艺馆,武侯区,103.979142,30.648728
网络天下网咖,sports,体育休闲服务;娱乐场所;网吧,武侯区,103.982727,30.642981
机投溜冰场,sports,体育休闲服务;运动场馆;溜冰场,武侯区,103.982009,30.646865
山水情练歌房,sports,体育休闲服务;娱乐场所;KTV,武侯区,103.980825,30.643831
靓都KTV,sports,体育休闲服务;娱乐场所;KTV,武侯区,103.980458,30.643702
科漫网吧,sports,体育休闲服务;娱乐场所;网吧,武侯区,103.983078,30.643654
武侯足球公园,sports,体育休闲服务;运动场馆;足球场,武侯区,103.982535,30.642303
前源网吧,sports,体育休闲服务;娱乐场所;网吧,武侯区,103.979696,30.641974
鸣天网吧,sports,体育休闲服务;娱乐场所;网吧,武侯区,103.976743,30.647543
聚点台球(一分店),sports,体育休闲服务;运动场馆;台球厅,武侯区,103.979492,30.643436
宙斯府网吧,sports,体育休闲服务;娱乐场所;网吧,武侯区,103.979786,30.643374
空瓶子网络生活馆,sports,体育休闲服务;娱乐场所;网吧,武侯区,103.97772,30.64571
悠伽瑜伽(永康路),sports,体育休闲服务;运动场馆;健身中心,武侯区,103.97976,30.648687
博瑞健身,sports,体育休闲服务;体育休闲服务场所;体育休闲服务场所,武侯区,103.97831,30.647507
锐郎健身,sports,体育休闲服务;运动场馆;健身中心,武侯区,103.97849,30.647513
知天下网络会所,sports,体育休闲服务;娱乐场所;网吧,武侯区,103.982307,30.642739
黑色玫瑰网咖(武青东二路),sports,体育休闲服务;娱乐场所;网吧,武侯区,103.977673,30.643922
正成乐章动漫城,sports,体育休闲服务;娱乐场所;游戏厅,武侯区,103.978267,30.647506
忘忧谷网吧(武青东二路),sports,体育休闲服务;娱乐场所;网吧,武侯区,103.979381,30.643047
老地方KTV(新装店),sports,体育休闲服务;娱乐场所;KTV,武侯区,103.982931,30.643015
山水情KTV,sports,体育休闲服务;娱乐场所;KTV,武侯区,103.980909,30.643937
天空玲峰网吧,sports,体育休闲服务;娱乐场所;网吧,武侯区,103.982316,30.644252
馨梦休闲网吧,sports,体育休闲服务;娱乐场所;网吧,武侯区,103.984813,30.64171
南极网咖,sports,体育休闲服务;娱乐场所;网吧,武侯区,103.992436,30.6428
诺言网吧(果堰街),sports,体育休闲服务;娱乐场所;网吧,武侯区,103.990852,30.644978
慕尼嘿进口啤酒馆,sports,体育休闲服务;娱乐场所;酒吧,武侯区,103.992974,30.648335
B&B进口啤酒体验馆,sports,体育休闲服务;娱乐场所;酒吧,武侯区,103.992806,30.64848
三套车Music Bar,sports,体育休闲服务;娱乐场所;酒吧,武侯区,103.992213,30.643939
水云阁茶楼(武青东四路),sports,体育休闲服务;休闲场所;休闲场所|餐饮服务;茶艺馆;茶艺馆,武侯区,103.985809,30.642119
武士超级网咖,sports,体育休闲服务;娱乐场所;网吧,武侯区,103.987727,30.639712
鑫怡然网吧,sports,体育休闲服务;娱乐场所;网吧,武侯区,103.986735,30.642187
优格网咖,sports,体育休闲服务;娱乐场所;网吧,武侯区,103.991108,30.644111
星级网吧,sports,体育休闲服务;娱乐场所;网吧,武侯区,103.99079,30.645184
果堰网咖,sports,体育休闲服务;娱乐场所;网吧,武侯区,103.990664,30.645243
05四驱俱乐部,sports,体育休闲服务;休闲场所;游乐场,武侯区,103.99346,30.649394
永吉商务棋牌品茗,sports,体育休闲服务;体育休闲服务场所;体育休闲服务场所,武侯区,103.992307,30.649024
乐山桥牌,sports,体育休闲服务;娱乐场所;棋牌室,武侯区,103.990515,30.647029
茶棋牌,sports,体育休闲服务;娱乐场所;棋牌室,武侯区,103.992541,30.643731
大气龙宫生日派对别墅轰趴馆,sports,体育休闲服务;体育休闲服务场所;体育休闲服务场所,武侯区,104.000163,30.645517
极速红运网吧,sports,体育休闲服务;娱乐场所;网吧,武侯区,104.000722,30.647715
新宏台球俱乐部,sports,体育休闲服务;运动场馆;台球厅,武侯区,103.995425,30.641909
金川美网吧,sports,体育休闲服务;娱乐场所;网吧,武侯区,103.994954,30.641834
成都海底龙宫别墅聚会轰趴馆(五大花园店),sports,体育休闲服务;体育休闲服务场所;体育休闲服务场所,武侯区,103.999754,30.644592
新缘网吧(晋吉北路),sports,体育休闲服务;娱乐场所;网吧,武侯区,104.000595,30.643176
皇庭别墅聚会轰趴馆,sports,体育休闲服务;体育休闲服务场所;体育休闲服务场所,武侯区,104.000165,30.645523
小刚和小明别墅派对轰趴馆,sports,体育休闲服务;体育休闲服务场所;体育休闲服务场所,武侯区,104.000165,30.645522
青春不停电轰趴馆,sports,体育休闲服务;娱乐场所;娱乐场所,武侯区,103.998589,30.643349
相馆麻将室,sports,体育休闲服务;娱乐场所;棋牌室,武侯区,104.001602,30.646908
网度神化网吧,sports,体育休闲服务;娱乐场所;网吧,武侯区,103.994207,30.640073
明乐园,sports,体育休闲服务;体育休闲服务场所;体育休闲服务场所,武侯区,103.999976,30.647913
左岸会所,sports,体育休闲服务;娱乐场所;娱乐场所,武侯区,104.011018,30.647247
龙度纯K,sports,体育休闲服务;娱乐场所;KTV,武侯区,104.011124,30.648272
彼得潘意大利餐厅酒吧,sports,体育休闲服务;娱乐场所;酒吧,武侯区,104.010517,30.649463
马格啤酒馆(鹭岛店),sports,体育休闲服务;娱乐场所;酒吧,武侯区,104.010181,30.648701
ATT歌城,sports,体育休闲服务;娱乐场所;KTV,武侯区,104.011692,30.647352
大酒仓酒吧,sports,体育休闲服务;娱乐场所;酒吧,武侯区,104.009931,30.647821
鹭客音乐餐酒吧,sports,体育休闲服务;娱乐场所;酒吧,武侯区,104.009401,30.643574
武侯别墅丽园游泳池,sports,体育休闲服务;运动场馆;游泳馆,武侯区,104.007521,30.642921
吸引力ATTKTV(外双楠店),sports,体育休闲服务;娱乐场所;KTV,武侯区,104.011692,30.647352
巴黎酒馆,sports,体育休闲服务;娱乐场所;酒吧,武侯区,104.008454,30.647827
鹭客酒吧,sports,体育休闲服务;娱乐场所;酒吧,武侯区,104.012777,30.645297
鑫楠都,sports,体育休闲服务;娱乐场所;KTV,武侯区,104.013339,30.64397
偶遇会所,sports,体育休闲服务;体育休闲服务场所;体育休闲服务场所,武侯区,104.006054,30.640218
交大花园广厦小区游泳池,sports,体育休闲服务;运动场馆;运动场所,武侯区,104.005166,30.639998
奥宇健身,sports,体育休闲服务;运动场馆;健身中心,武侯区,104.011089,30.64927
bt健身私教工作室,sports,体育休闲服务;运动场馆;健身中心,武侯区,104.004875,30.642971
彩色的豆子diy工作室,sports,体育休闲服务;体育休闲服务场所;体育休闲服务场所,武侯区,104.003965,30.645631
名流健身游泳,sports,体育休闲服务;运动场馆;健身中心,武侯区,104.005291,30.639638
婵院瑜伽(外双楠店),sports,体育休闲服务;运动场馆;健身中心,武侯区,104.010098,30.647807
成都聚会玩家别墅派对轰趴馆,sports,体育休闲服务;休闲场所;休闲场所,武侯区,104.007121,30.644883
云上瑜伽(栖霞路),sports,体育休闲服务;运动场馆;健身中心,武侯区,104.010564,30.643795
菩媞瑜伽,sports,体育休闲服务;运动场馆;健身中心,武侯区,104.010656,30.643815
成都巅行自驾俱乐部,sports,体育休闲服务;体育休闲服务场所;体育休闲服务场所,武侯区,104.010817,30.648309
APERSON酒吧,sports,体育休闲服务;娱乐场所;酒吧,武侯区,104.01045,30.647973
悦动健身服务部,sports,体育休闲服务;运动场馆;健身中心,武侯区,104.017605,30.648044
双楠电影城(同辉国际店),sports,体育休闲服务;影剧院;电影院,武侯区,104.018808,30.64886
云影网吧,sports,体育休闲服务;娱乐场所;网吧,武侯区,104.014213,30.648508
丽苑网吧(楠极地西),sports,体育休闲服务;娱乐场所;网吧,武侯区,104.021341,30.647299
青苹果网咖(双安东巷),sports,体育休闲服务;娱乐场所;网吧,武侯区,104.014875,30.645871
浩沙健身(双楠店),sports,体育休闲服务;运动场馆;健身中心,武侯区,104.022396,30.646404
名流恒温游泳会馆,sports,体育休闲服务;运动场馆;游泳馆|生活服务;美容美发店;美容美发店,武侯区,104.019283,30.640634
谊苑二期游泳池,sports,体育休闲服务;运动场馆;游泳馆,武侯区,104.022136,30.649367
名流酒吧,sports,体育休闲服务;娱乐场所;酒吧,武侯区,104.019044,30.640898
天逸瑜伽(双楠店),sports,体育休闲服务;运动场馆;健身中心,武侯区,104.022396,30.646405
鑫帅网吧(永盛店),sports,体育休闲服务;娱乐场所;网吧,武侯区,104.022821,30.6418
篱吧网咖,sports,体育休闲服务;娱乐场所;网吧,武侯区,104.01399,30.648905
均乐网咖,sports,体育休闲服务;娱乐场所;网吧,武侯区,104.014544,30.640483
黑店(盛丰路),sports,体育休闲服务;娱乐场所;酒吧,武侯区,104.018984,30.640427
成都未来之星网球俱乐部,sports,体育休闲服务;运动场馆;网球场,武侯区,104.013777,30.64802
富港会所,sports,体育休闲服务;运动场馆;运动场所,武侯区,104.022437,30.646329
儿童乐园,sports,体育休闲服务;休闲场所;游乐场,武侯区,104.018807,30.648197
天合酒店-娱乐中心,sports,体育休闲服务;娱乐场所;娱乐场所,武侯区,104.016765,30.641965
反斗乐园(伊藤洋华堂双楠店),sports,体育休闲服务;休闲场所;游乐场|体育休闲服务;娱乐场所;娱乐场所,武侯区,104.018782,30.648466
梵天之塔,sports,体育休闲服务;体育休闲服务场所;体育休闲服务场所,武侯区,104.018807,30.648189
乐哈氏单车俱乐部,sports,体育休闲服务;运动场馆;运动场所,武侯区,104.017985,30.639571
君臣网咖,sports,体育休闲服务;娱乐场所;网吧,武侯区,104.013729,30.644726
时空引擎网吧连锁,sports,体育休闲服务;娱乐场所;网吧,武侯区,104.014251,30.648805
渔夫网吧(武侯大道双楠段),sports,体育休闲服务;娱乐场所;网吧,武侯区,104.015162,30.64074
成都天逸圣菲瑜伽会所,sports,体育休闲服务;运动场馆;健身中心,武侯区,104.023302,30.646016
伊藤洋华堂自助游乐场,sports,体育休闲服务;休闲场所;游乐场,武侯区,104.018705,30.647614
驻里网咖(天乐街),sports,体育休闲服务;娱乐场所;网吧,武侯区,104.018183,30.648282
传奇健身(双楠店),sports,体育休闲服务;运动场馆;健身中心,武侯区,104.019458,30.648952
D区放映厅(伊藤洋华堂双楠店),sports,体育休闲服务;影剧院;影剧院相关,武侯区,104.019139,30.648667
游戏机,sports,体育休闲服务;娱乐场所;娱乐场所,武侯区,104.019189,30.648437
包间机麻,sports,体育休闲服务;娱乐场所;娱乐场所,武侯区,104.019857,30.643121
林芝市老干部活动室(云霞路),sports,体育休闲服务;休闲场所;休闲场所,武侯区,104.016059,30.646309
飞高啤酒馆,sports,体育休闲服务;娱乐场所;酒吧,武侯区,104.023216,30.645398
尚品健身工作室,sports,体育休闲服务;运动场馆;健身中心,武侯区,104.016277,30.64605
品茗棋牌(永盛南街),sports,体育休闲服务;娱乐场所;棋牌室,武侯区,104.022687,30.642316
品茗棋牌(双丰路),sports,体育休闲服务;娱乐场所;棋牌室,武侯区,104.014394,30.640761
老兵棋牌室(双丰路),sports,体育休闲服务;娱乐场所;棋牌室,武侯区,104.015,30.641426
电玩,sports,体育休闲服务;娱乐场所;游戏厅,武侯区,104.018807,30.648189
手上舞棋牌室,sports,体育休闲服务;娱乐场所;棋牌室,武侯区,104.014854,30.642341
过把瘾自由麻将(双丰路),sports,体育休闲服务;娱乐场所;棋牌室,武侯区,104.014031,30.641599
舞语者(双楠店),sports,体育休闲服务;运动场馆;健身中心,武侯区,104.020253,30.642215
普乐必游乐园(伊藤洋华堂双楠店),sports,体育休闲服务;娱乐场所;娱乐场所,武侯区,104.019232,30.648481
武侯旧网吧(双楠店),sports,体育休闲服务;娱乐场所;网吧,武侯区,104.014811,30.640606
儿童天地(伊藤洋华堂双楠店),sports,体育休闲服务;娱乐场所;游戏厅,武侯区,104.01877,30.648549
雅乐,sports,体育休闲服务;娱乐场所;娱乐场所,武侯区,104.013751,30.644157
名流会所vip棋牌室,sports,体育休闲服务;娱乐场所;棋牌室,武侯区,104.019143,30.640907
天乐园客户中心,sports,体育休闲服务;体育休闲服务场所;体育休闲服务场所,武侯区,104.017849,30.648993
巴黎阳光休闲棋牌室,sports,体育休闲服务;娱乐场所;棋牌室,武侯区,104.031648,30.642863
牙尖帮休闲屋(双楠家园西),sports,体育休闲服务;娱乐场所;棋牌室,武侯区,104.027332,30.646229
浩沙健身(置信广场店),sports,体育休闲服务;运动场馆;健身中心,武侯区,104.025688,30.647757
老洋房商务KTV,sports,体育休闲服务;娱乐场所;KTV,武侯区,104.026616,30.64037
红雨歌厅(龙门巷),sports,体育休闲服务;娱乐场所;KTV,武侯区,104.025268,30.644332
碧云天网咖,sports,体育休闲服务;娱乐场所;网吧,武侯区,104.027784,30.644035
快乐星量贩新概念KTV,sports,体育休闲服务;娱乐场所;KTV,武侯区,104.027234,30.639799
园丁园舞厅,sports,体育休闲服务;娱乐场所;迪厅,武侯区,104.024903,30.644722
红星歌舞厅,sports,体育休闲服务;娱乐场所;迪厅,武侯区,104.02526,30.644332
大自然网吧(龙门巷),sports,体育休闲服务;娱乐场所;网吧,武侯区,104.024555,30.644758
天壹量贩KTV(红牌楼店),sports,体育休闲服务;娱乐场所;KTV,武侯区,104.029071,30.640059
Rex私人影吧,sports,体育休闲服务;影剧院;电影院,武侯区,104.033064,30.645636
马六甲酒吧,sports,体育休闲服务;娱乐场所;酒吧,武侯区,104.029808,30.647937
神山智伟酒吧,sports,体育休闲服务;娱乐场所;酒吧,武侯区,104.033392,30.645809
藏地风情,sports,体育休闲服务;娱乐场所;酒吧,武侯区,104.032251,30.644384
园丁园游泳池,sports,体育休闲服务;运动场馆;游泳馆,武侯区,104.024159,30.644803
卡诺特电玩城,sports,体育休闲服务;娱乐场所;游戏厅,武侯区,104.025697,30.647517
康定老家酒水吧,sports,体育休闲服务;娱乐场所;酒吧,武侯区,104.026963,30.642247
啡克儿网咖,sports,体育休闲服务;娱乐场所;网吧,武侯区,104.024914,30.641995
向日葵KTV,sports,体育休闲服务;娱乐场所;KTV,武侯区,104.025906,30.647166
爱家馨城游泳池,sports,体育休闲服务;运动场馆;游泳馆,武侯区,104.026041,30.639999
随缘酒吧,sports,体育休闲服务;娱乐场所;酒吧,武侯区,104.033261,30.645767
流星雨音乐酒吧(燃灯寺北街),sports,体育休闲服务;娱乐场所;酒吧,武侯区,104.03297,30.647267
英雄联盟网吧(双楠街),sports,体育休闲服务;娱乐场所;网吧,武侯区,104.025691,30.647496
飞易网咖,sports,体育休闲服务;娱乐场所;网吧,武侯区,104.025152,30.644173
怪慢网咖,sports,体育休闲服务;娱乐场所;网吧,武侯区,104.026066,30.642659
神盾局网吧,sports,体育休闲服务;娱乐场所;网吧,武侯区,104.030048,30.640975
广飞网吧,sports,体育休闲服务;娱乐场所;网吧,武侯区,104.032026,30.646541
久煌娱乐汇,sports,体育休闲服务;体育休闲服务场所;体育休闲服务场所,武侯区,104.025866,30.64731
今夜星光灿烂,sports,体育休闲服务;体育休闲服务场所;体育休闲服务场所,武侯区,104.025127,30.644449
九凰国际娱乐汇,sports,体育休闲服务;娱乐场所;KTV,武侯区,104.026088,30.647832
玩家酒馆,sports,体育休闲服务;娱乐场所;酒吧,武侯区,104.029141,30.645002
七祥云,sports,体育休闲服务;娱乐场所;KTV,武侯区,104.029245,30.64842
智着网吧,sports,体育休闲服务;娱乐场所;网吧,武侯区,104.025245,30.644383
神盾网络会所,sports,体育休闲服务;娱乐场所;网吧,武侯区,104.02985,30.641639
古德网咖,sports,体育休闲服务;娱乐场所;网吧,武侯区,104.025354,30.639503
道茗楼,sports,体育休闲服务;娱乐场所;棋牌室,武侯区,104.032544,30.644177
熊熊网咖,sports,体育休闲服务;娱乐场所;网吧,武侯区,104.026501,30.640555
永盛棋牌室(永盛路),sports,体育休闲服务;娱乐场所;棋牌室,武侯区,104.024863,30.639756
名都1号会所,sports,体育休闲服务;娱乐场所;娱乐场所,武侯区,104.029808,30.647937
和美健身园,sports,体育休闲服务;运动场馆;健身中心,武侯区,104.029229,30.640712
天逸圣菲瑜伽,sports,体育休闲服务;运动场馆;健身中心,武侯区,104.023925,30.646352
yolin之diy手工花,sports,体育休闲服务;体育休闲服务场所;体育休闲服务场所,武侯区,104.03021,30.643446
成都康福老年护理院,sports,体育休闲服务;度假疗养场所;疗养院,武侯区,104.02412,30.642972
曼午酒吧,sports,体育休闲服务;娱乐场所;酒吧,武侯区,104.026874,30.642328
九凰娱乐汇,sports,体育休闲服务;娱乐场所;娱乐场所,武侯区,104.026099,30.647907
玉富科技游泳馆(园丁园店),sports,体育休闲服务;运动场馆;游泳馆,武侯区,104.024915,30.643692
好友棋牌(广福桥北街),sports,体育休闲服务;娱乐场所;棋牌室,武侯区,104.031818,30.645109
友好棋牌(广福桥北街),sports,体育休闲服务;娱乐场所;棋牌室,武侯区,104.031834,30.645087
舞酒,sports,体育休闲服务;娱乐场所;娱乐场所,武侯区,104.026084,30.647879
金手掌棋牌,sports,体育休闲服务;娱乐场所;棋牌室,武侯区,104.025485,30.648931
新感觉,sports,体育休闲服务;娱乐场所;棋牌室,武侯区,104.025446,30.64893
四道棋牌,sports,体育休闲服务;娱乐场所;棋牌室,武侯区,104.025514,30.649112
美狐专业舞蹈培训机构(双楠店),sports,体育休闲服务;运动场馆;健身中心|科教文化服务;培训机构;培训机构,武侯区,104.027018,30.641351
盛唐麻将馆,sports,体育休闲服务;娱乐场所;棋牌室,武侯区,104.024704,30.648913
车轮子酒廊,sports,体育休闲服务;娱乐场所;酒吧,武侯区,104.023896,30.64875
莎乐美KTV,sports,体育休闲服务;体育休闲服务场所;体育休闲服务场所,武侯区,104.027857,30.645112
四方缘休闲吧(轰趴馆),sports,体育休闲服务;休闲场所;休闲场所,武侯区,104.040441,30.639671
成都体育学院游泳馆,sports,体育休闲服务;运动场馆;游泳馆,武侯区,104.039365,30.647269
成都体育学院健身馆,sports,体育休闲服务;运动场馆;健身中心,武侯区,104.039678,30.64783
成都体育学院足球场,sports,体育休闲服务;运动场馆;足球场,武侯区,104.041927,30.647695
成都体育学院球类馆,sports,体育休闲服务;运动场馆;运动场所,武侯区,104.040001,30.648459
成都体育学院体操馆,sports,体育休闲服务;运动场馆;运动场所,武侯区,104.04037,30.647584
成都体育学院排球场,sports,体育休闲服务;运动场馆;运动场所,武侯区,104.0407,30.647541
成都体育学院-篮球场,sports,体育休闲服务;运动场馆;篮球场馆,武侯区,104.040667,30.648259
成都体育学院-沙滩排球场,sports,体育休闲服务;运动场馆;运动场所,武侯区,104.040652,30.647925
育成体育篮球俱乐部(体育学院店),sports,体育休闲服务;运动场馆;篮球场馆,武侯区,104.043537,30.647185
成都体育学院第一田径场,sports,体育休闲服务;运动场馆;运动场所,武侯区,104.040949,30.649049
成都体育学院第二田径场,sports,体育休闲服务;运动场馆;运动场所,武侯区,104.040569,30.649241
成都体育学院室外篮球场1区,sports,体育休闲服务;运动场馆;篮球场馆,武侯区,104.041011,30.648545
成都体育学院行健搏击健身俱乐部,sports,体育休闲服务;运动场馆;健身中心,武侯区,104.040188,30.64886
成都体育学院第一乒乓球馆,sports,体育休闲服务;运动场馆;乒乓球馆,武侯区,104.039678,30.647829
龙腾网吧,sports,体育休闲服务;娱乐场所;网吧,武侯区,104.038999,30.64943
阳光跆拳道(体院店),sports,体育休闲服务;运动场馆;跆拳道场馆,武侯区,104.043164,30.647331
成体网球健身俱乐部,sports,体育休闲服务;运动场馆;网球场,武侯区,104.039594,30.649333
太平洋国际影城(武侯店),sports,体育休闲服务;影剧院;电影院,武侯区,104.039574,30.644284
恒温游泳馆(高升桥路),sports,体育休闲服务;运动场馆;游泳馆,武侯区,104.035679,30.641842
富贵鸟(一环路西一段),sports,体育休闲服务;娱乐场所;网吧,武侯区,104.039041,30.646896
大世界时空网吧,sports,体育休闲服务;娱乐场所;网吧,武侯区,104.037999,30.648718
银河网吧(大石南路),sports,体育休闲服务;娱乐场所;网吧,武侯区,104.034892,30.647209
先锋健身俱乐部(罗浮世家店),sports,体育休闲服务;运动场馆;健身中心,武侯区,104.035601,30.642087
雅安都市农家乐,sports,体育休闲服务;休闲场所;休闲场所,武侯区,104.041475,30.64065
KK Party量贩式KTV(高升桥店),sports,体育休闲服务;娱乐场所;KTV,武侯区,104.041157,30.640753
朋友帮,sports,体育休闲服务;体育休闲服务场所;体育休闲服务场所,武侯区,104.040039,30.64044
火把歌城,sports,体育休闲服务;娱乐场所;KTV,武侯区,104.040136,30.64012
处女座酒吧,sports,体育休闲服务;娱乐场所;酒吧,武侯区,104.040367,30.640715
GOON酒吧KTV(罗马店),sports,体育休闲服务;娱乐场所;KTV,武侯区,104.040586,30.639916
猎人酒吧(高升桥北街),sports,体育休闲服务;娱乐场所;酒吧,武侯区,104.040136,30.64012
浩沙健身(高升店),sports,体育休闲服务;运动场馆;健身中心,武侯区,104.039462,30.640023
大卫台球(菊乐路),sports,体育休闲服务;运动场馆;台球厅,武侯区,104.035562,30.648756
珈圣网吧,sports,体育休闲服务;娱乐场所;网吧,武侯区,104.037636,30.648822
成都318户外酒吧,sports,体育休闲服务;娱乐场所;酒吧,武侯区,104.039623,30.64026
四季花城游泳池,sports,体育休闲服务;运动场馆;游泳馆,武侯区,104.034607,30.642609
多多网吧(高升桥东路),sports,体育休闲服务;娱乐场所;网吧,武侯区,104.040586,30.639916
淘气城儿童乐园(购书中心店),sports,体育休闲服务;休闲场所;游乐场,武侯区,104.039461,30.644083
魅力酒吧(广福桥巷),sports,体育休闲服务;娱乐场所;酒吧,武侯区,104.033601,30.64498
鼎域网吧,sports,体育休闲服务;娱乐场所;网吧,武侯区,104.035604,30.642147
蓝色空间,sports,体育休闲服务;娱乐场所;酒吧,武侯区,104.035601,30.642087
盛唐网咖,sports,体育休闲服务;娱乐场所;网吧,武侯区,104.033895,30.64457
奇迹健身游泳馆,sports,体育休闲服务;运动场馆;游泳馆,武侯区,104.039511,30.644334
格桑花藏餐酒吧,sports,体育休闲服务;娱乐场所;酒吧,武侯区,104.040319,30.639526
情缘音乐酒吧,sports,体育休闲服务;娱乐场所;酒吧,武侯区,104.040211,30.64004
新虎心连酒吧,sports,体育休闲服务;娱乐场所;酒吧,武侯区,104.040246,30.640417
强袭网咖,sports,体育休闲服务;娱乐场所;网吧,武侯区,104.039563,30.644285
卓玛拉藏吧,sports,体育休闲服务;体育休闲服务场所;体育休闲服务场所,武侯区,104.040316,30.640117
冒险岛(茂业百货武侯店),sports,体育休闲服务;休闲场所;游乐场,武侯区,104.040128,30.64299
世友网吧(菊乐直营店),sports,体育休闲服务;娱乐场所;网吧,武侯区,104.038033,30.648487
奇迹健身游泳馆,sports,体育休闲服务;运动场馆;游泳馆,武侯区,104.039511,30.644334
格桑花藏餐酒吧,sports,体育休闲服务;娱乐场所;酒吧,武侯区,104.040319,30.639526
情缘音乐酒吧,sports,体育休闲服务;娱乐场所;酒吧,武侯区,104.040211,30.64004
新虎心连酒吧,sports,体育休闲服务;娱乐场所;酒吧,武侯区,104.040246,30.640417
强袭网咖,sports,体育休闲服务;娱乐场所;网吧,武侯区,104.039563,30.644285
卓玛拉藏吧,sports,体育休闲服务;体育休闲服务场所;体育休闲服务场所,武侯区,104.040316,30.640117
冒险岛(茂业百货武侯店),sports,体育休闲服务;休闲场所;游乐场,武侯区,104.040128,30.64299
世友网吧(菊乐直营店),sports,体育休闲服务;娱乐场所;网吧,武侯区,104.038033,30.648487
红点KTV(高升桥北街),sports,体育休闲服务;娱乐场所;KTV,武侯区,104.040136,30.64012
爱情天地单身俱乐部,sports,体育休闲服务;娱乐场所;娱乐场所,武侯区,104.038533,30.645431
星空网咖(一环路西一段),sports,体育休闲服务;娱乐场所;网吧,武侯区,104.038581,30.649099
大唐网络,sports,体育休闲服务;体育休闲服务场所;体育休闲服务场所,武侯区,104.040571,30.644816
成都蓉体运动训练俱乐部,sports,体育休闲服务;运动场馆;运动场所,武侯区,104.039123,30.649432
爱舞流行舞基地(高升桥店),sports,体育休闲服务;体育休闲服务场所;体育休闲服务场所,武侯区,104.038583,30.645446
新叶瑜伽健身会所,sports,体育休闲服务;运动场馆;健身中心,武侯区,104.038639,30.641579
酒点半音乐酒吧(高升桥东路),sports,体育休闲服务;娱乐场所;酒吧,武侯区,104.040586,30.639916
智瑜伽,sports,体育休闲服务;运动场馆;健身中心,武侯区,104.038122,30.644713
火塘酒吧(武侯店),sports,体育休闲服务;娱乐场所;酒吧,武侯区,104.039723,30.639592
武侯区职工活动中心,sports,体育休闲服务;体育休闲服务场所;体育休闲服务场所,武侯区,104.041911,30.639963
怪兽活动,sports,体育休闲服务;体育休闲服务场所;体育休闲服务场所,武侯区,104.033967,30.644397
小喵派对,sports,体育休闲服务;体育休闲服务场所;体育休闲服务场所,武侯区,104.039521,30.644034
漫时代俱乐部,sports,体育休闲服务;体育休闲服务场所;体育休闲服务场所,武侯区,104.033864,30.644633
蜀汉公寓娱乐室,sports,体育休闲服务;体育休闲服务场所;体育休闲服务场所,武侯区,104.041171,30.645488
娱乐养老,sports,体育休闲服务;体育休闲服务场所;体育休闲服务场所,武侯区,104.040316,30.640117
天狼星动漫城,sports,体育休闲服务;娱乐场所;游戏厅,武侯区,104.039535,30.64429
圣珈瑜伽(罗马假日店),sports,体育休闲服务;运动场馆;健身中心,武侯区,104.040883,30.640419
玫瑰心语高档单身沙龙,sports,体育休闲服务;体育休闲服务场所;体育休闲服务场所,武侯区,104.040827,30.640922
海王星动漫城,sports,体育休闲服务;体育休闲服务场所;体育休闲服务场所,武侯区,104.039566,30.644022
藏酷酒吧,sports,体育休闲服务;娱乐场所;酒吧,武侯区,104.040246,30.640417
无间密室(罗马广场店),sports,体育休闲服务;娱乐场所;娱乐场所,武侯区,104.040981,30.64084
舒华健身(高升桥店),sports,体育休闲服务;运动场馆;健身中心,武侯区,104.03943,30.64
简瑜伽,sports,体育休闲服务;运动场馆;健身中心,武侯区,104.039441,30.642705
幸福乐园,sports,体育休闲服务;体育休闲服务场所;体育休闲服务场所,武侯区,104.035178,30.643959
A区青年空间,sports,体育休闲服务;娱乐场所;娱乐场所,武侯区,104.039012,30.643373
卡哇沃巴,sports,体育休闲服务;娱乐场所;娱乐场所,武侯区,104.040672,30.641168
VitQ宣泄吧,sports,体育休闲服务;体育休闲服务场所;体育休闲服务场所,武侯区,104.038384,30.641615
梵渡古瑜伽健身馆(高升桥店),sports,体育休闲服务;运动场馆;健身中心,武侯区,104.038122,30.644713
海之声健身中心,sports,体育休闲服务;运动场馆;健身中心,武侯区,104.039514,30.643874
西南民族大学-体育休闲活动中心,sports,体育休闲服务;体育休闲服务场所;体育休闲服务场所,武侯区,104.05065,30.641806
惠亨休闲居,sports,体育休闲服务;娱乐场所;棋牌室,武侯区,104.053062,30.649068
慈爱嘉养老(助残)服务中心,sports,体育休闲服务;度假疗养场所;疗养院,武侯区,104.051048,30.64657
星起点桌球俱乐部(民大店),sports,体育休闲服务;运动场馆;台球厅,武侯区,104.050401,30.641541
天翼羽毛球俱乐部,sports,体育休闲服务;运动场馆;羽毛球场,武侯区,104.050313,30.648624
王妃孙闻竹钢管舞,sports,体育休闲服务;运动场馆;健身中心,武侯区,104.050563,30.641712
一幕里私人观影厅,sports,体育休闲服务;影剧院;电影院,武侯区,104.052544,30.640362
西南民族大学游泳池,sports,体育休闲服务;运动场馆;游泳馆,武侯区,104.049091,30.641203
前卫歌舞厅,sports,体育休闲服务;娱乐场所;迪厅,武侯区,104.04537,30.646448
南桥歌舞厅,sports,体育休闲服务;娱乐场所;迪厅,武侯区,104.050612,30.640846
莲花府邸(锦里店),sports,体育休闲服务;娱乐场所;酒吧,武侯区,104.047377,30.648241
随性网吧,sports,体育休闲服务;娱乐场所;网吧,武侯区,104.05107,30.640151
情歌部落,sports,体育休闲服务;娱乐场所;KTV,武侯区,104.053403,30.648607
地中海酒吧,sports,体育休闲服务;娱乐场所;酒吧,武侯区,104.048961,30.647847
煑酒坊,sports,体育休闲服务;娱乐场所;酒吧,武侯区,104.047628,30.649357
喜福汇(成都店),sports,体育休闲服务;娱乐场所;酒吧,武侯区,104.047483,30.649333
花间月酒吧,sports,体育休闲服务;娱乐场所;酒吧,武侯区,104.04762,30.649432
春天里音乐吧,sports,体育休闲服务;娱乐场所;酒吧,武侯区,104.053278,30.64841
诚友苑宾馆-娱乐中心,sports,体育休闲服务;娱乐场所;娱乐场所,武侯区,104.051918,30.639568
爱上台球生活馆,sports,体育休闲服务;运动场馆;台球厅,武侯区,104.050551,30.640257
流浪人音乐酒吧,sports,体育休闲服务;娱乐场所;酒吧,武侯区,104.05247,30.640153
殷商网吧(民院店),sports,体育休闲服务;娱乐场所;网吧,武侯区,104.043874,30.640004
梦之旅露天酒吧,sports,体育休闲服务;娱乐场所;酒吧,武侯区,104.044805,30.646127
山人酒馆,sports,体育休闲服务;娱乐场所;酒吧,武侯区,104.052655,30.640023
和通商务,sports,体育休闲服务;体育休闲服务场所;体育休闲服务场所,武侯区,104.05264,30.641094
四方街酒吧,sports,体育休闲服务;娱乐场所;酒吧,武侯区,104.047501,30.649042
康复活动室,sports,体育休闲服务;体育休闲服务场所;体育休闲服务场所,武侯区,104.051029,30.646454
无间密室,sports,体育休闲服务;娱乐场所;娱乐场所,武侯区,104.044903,30.646447
西南民族大学篮球场,sports,体育休闲服务;运动场馆;篮球场馆,武侯区,104.047627,30.642266
卡罗喜福汇,sports,体育休闲服务;娱乐场所;酒吧,武侯区,104.049121,30.647609
非凡瑜伽(洗面桥街),sports,体育休闲服务;运动场馆;健身中心,武侯区,104.052965,30.642788
西南民族大学田径场,sports,体育休闲服务;运动场馆;运动场所,武侯区,104.049278,30.641527
西南民族大学-学生活动中心,sports,体育休闲服务;休闲场所;休闲场所,武侯区,104.04901,30.642854
祝福娱乐活动中心(洗面桥巷),sports,体育休闲服务;休闲场所;休闲场所,武侯区,104.050593,30.641405
藏人缘演绎,sports,体育休闲服务;娱乐场所;娱乐场所,武侯区,104.050593,30.640815
甘孜藏族自治州成都干部休修养所,sports,体育休闲服务;度假疗养场所;疗养院,武侯区,104.045524,30.645272
西南民族大学-乒乓球场,sports,体育休闲服务;运动场馆;乒乓球馆,武侯区,104.047553,30.641674
麻将棋牌室,sports,体育休闲服务;娱乐场所;棋牌室,武侯区,104.050519,30.646378
武侯祠大街180号附26号,sports,体育休闲服务;体育休闲服务场所;体育休闲服务场所,武侯区,104.04997,30.647869
阿伦故事俱乐部,sports,体育休闲服务;体育休闲服务场所;体育休闲服务场所,武侯区,104.043788,30.641085
四川大学华西校区医科大学体育馆,sports,体育休闲服务;运动场馆;综合体育馆,武侯区,104.063384,30.643251
黉门街社区朗力养老服务中心,sports,体育休闲服务;度假疗养场所;疗养院|生活服务;生活服务场所;生活服务场所,武侯区,104.058281,30.648267
月亮之上量贩KTV,sports,体育休闲服务;娱乐场所;KTV,武侯区,104.054228,30.649317
火麒麟网吧(小学路),sports,体育休闲服务;娱乐场所;网吧,武侯区,104.059223,30.639844
谢旦歌舞厅,sports,体育休闲服务;娱乐场所;迪厅,武侯区,104.054234,30.649242
传说网吧(电信后街),sports,体育休闲服务;娱乐场所;网吧,武侯区,104.055382,30.641278
码尚唱音乐酒吧,sports,体育休闲服务;娱乐场所;酒吧,武侯区,104.054234,30.649242
K·O Beer,sports,体育休闲服务;娱乐场所;酒吧,武侯区,104.05961,30.648702
新冶酒吧,sports,体育休闲服务;娱乐场所;酒吧,武侯区,104.056723,30.649127
鑫汇KTV,sports,体育休闲服务;娱乐场所;KTV,武侯区,104.056297,30.649074
阳光小镇儿童乐园,sports,体育休闲服务;休闲场所;游乐场,武侯区,104.055904,30.647274
天湖风情酒吧,sports,体育休闲服务;娱乐场所;酒吧,武侯区,104.054234,30.649242
清风网咖,sports,体育休闲服务;娱乐场所;网吧,武侯区,104.060631,30.647492
Z·壹,sports,体育休闲服务;娱乐场所;酒吧,武侯区,104.058049,30.648878
圣地雄鹰肯·Bar,sports,体育休闲服务;娱乐场所;酒吧,武侯区,104.056873,30.649097
拉萨酒馆,sports,体育休闲服务;娱乐场所;酒吧,武侯区,104.054228,30.649317
Soccer Bar,sports,体育休闲服务;娱乐场所;酒吧,武侯区,104.058169,30.648866
移动互联网音乐酒吧,sports,体育休闲服务;娱乐场所;酒吧,武侯区,104.054246,30.649234
陆零年代,sports,体育休闲服务;娱乐场所;酒吧,武侯区,104.054232,30.649317
三勒浆国标舞俱乐部,sports,体育休闲服务;体育休闲服务场所;体育休闲服务场所,武侯区,104.060944,30.648827
阿拉塔啦,sports,体育休闲服务;娱乐场所;酒吧,武侯区,104.058464,30.648808
星际穿越网咖(浆洗街),sports,体育休闲服务;娱乐场所;网吧,武侯区,104.055676,30.645751
菲比舞蹈工作室,sports,科教文化服务;培训机构;培训机构|体育休闲服务;运动场馆;运动场所,武侯区,104.054813,30.644412
明宇尚雅饭店恒温游泳池,sports,体育休闲服务;运动场馆;游泳馆,武侯区,104.061566,30.648639
全民健身路径,sports,体育休闲服务;体育休闲服务场所;体育休闲服务场所,武侯区,104.05608,30.639455
悠莲瑜伽,sports,体育休闲服务;运动场馆;健身中心,武侯区,104.05562,30.647658
阳光小镇,sports,体育休闲服务;娱乐场所;娱乐场所,武侯区,104.057435,30.647646
卡罗,sports,体育休闲服务;娱乐场所;酒吧,武侯区,104.058292,30.648876
四川大学华西校区天然草坪足球场,sports,体育休闲服务;运动场馆;足球场,武侯区,104.063383,30.643249
新惠都网吧,sports,体育休闲服务;娱乐场所;网吧,武侯区,104.057908,30.648761
明宇尚雅酒店棋牌室,sports,体育休闲服务;娱乐场所;棋牌室,武侯区,104.061424,30.64853
玛雅瑜伽,sports,体育休闲服务;运动场馆;健身中心,武侯区,104.05637,30.648373
毛妹棋牌,sports,体育休闲服务;娱乐场所;棋牌室,武侯区,104.05546,30.641395
金都娱乐会所(耍都美食广场店),sports,体育休闲服务;娱乐场所;娱乐场所,武侯区,104.053946,30.648775
茅草屋棋牌,sports,体育休闲服务;娱乐场所;棋牌室,武侯区,104.05857,30.640633
裕泰棋牌(小天北巷),sports,体育休闲服务;娱乐场所;棋牌室,武侯区,104.054967,30.639641
帝杰娱乐会所(魅力店),sports,体育休闲服务;娱乐场所;娱乐场所,武侯区,104.054232,30.649317
红苹果棋牌(中学路),sports,体育休闲服务;娱乐场所;棋牌室,武侯区,104.058677,30.640578
叶三姐麻将馆,sports,体育休闲服务;娱乐场所;棋牌室,武侯区,104.056814,30.642616
凯蒂乐园,sports,体育休闲服务;体育休闲服务场所;体育休闲服务场所,武侯区,104.061338,30.641089
四川大学华西体育馆,sports,体育休闲服务;运动场馆;运动场所,武侯区,104.065696,30.642709
四川大学体育运动中心体育场,sports,体育休闲服务;运动场馆;运动场所,武侯区,104.064895,30.64225
名英网咖,sports,体育休闲服务;娱乐场所;网吧,武侯区,104.06543,30.639581
四川大学华西校区游泳池,sports,体育休闲服务;运动场馆;游泳馆,武侯区,104.068835,30.642078
丽亚维斯酒吧,sports,体育休闲服务;娱乐场所;酒吧,武侯区,104.06513,30.648278
多角度台球棋牌,sports,体育休闲服务;运动场馆;台球厅,武侯区,104.070545,30.645272
巴适游乐,sports,体育休闲服务;体育休闲服务场所;体育休闲服务场所,武侯区,104.072038,30.644031
浩沙健身(万高店),sports,体育休闲服务;运动场馆;健身中心,武侯区,104.072442,30.645908
金典网咖(大学路店),sports,体育休闲服务;娱乐场所;网吧,武侯区,104.070986,30.645866
四川大学华西校区足球场,sports,体育休闲服务;运动场馆;足球场,武侯区,104.068108,30.643871
四川大学华西校区运动场,sports,体育休闲服务;运动场馆;运动场所,武侯区,104.064895,30.64225
小木屋水酒吧(大学路),sports,体育休闲服务;娱乐场所;酒吧|餐饮服务;冷饮店;冷饮店,武侯区,104.066307,30.64533
四川大学华西校区风雨操场,sports,体育休闲服务;运动场馆;运动场所,武侯区,104.065788,30.641941
龙翔电竞馆,sports,体育休闲服务;体育休闲服务场所;体育休闲服务场所,武侯区,104.067963,30.647045
成都童老健康俱乐部,sports,体育休闲服务;体育休闲服务场所;体育休闲服务场所,武侯区,104.065331,30.639472
Dave's Oasis,sports,体育休闲服务;娱乐场所;酒吧,锦江区,104.069852,30.649053
轻盈瑜伽(新南门店),sports,体育休闲服务;运动场馆;健身中心,武侯区,104.073377,30.646115
四川大学华西校区东区网球场,sports,体育休闲服务;运动场馆;网球场,武侯区,104.065769,30.642196
杨娟肚皮舞瑜伽,sports,体育休闲服务;运动场馆;健身中心,武侯区,104.073302,30.646195
长留网咖茶府(新南支路),sports,体育休闲服务;娱乐场所;网吧,武侯区,104.072394,30.646566
四川大学-华西网球培训中心,sports,体育休闲服务;运动场馆;网球场|科教文化服务;培训机构;培训机构,武侯区,104.065845,30.642153
芳华园棋牌馆,sports,体育休闲服务;娱乐场所;棋牌室,武侯区,104.070823,30.64377
大众茶铺(大学路),sports,体育休闲服务;娱乐场所;棋牌室|餐饮服务;茶艺馆;茶艺馆,武侯区,104.07052,30.645266
猫游记桌游俱乐部(致民东路店),sports,体育休闲服务;娱乐场所;娱乐场所,武侯区,104.073377,30.646115
茶语饭后,sports,体育休闲服务;娱乐场所;棋牌室,武侯区,104.068253,30.639541
华西篮球场,sports,体育休闲服务;运动场馆;篮球场馆,武侯区,104.065605,30.643999
五妹麻将室,sports,体育休闲服务;娱乐场所;棋牌室,武侯区,104.069648,30.645814
山西运头庄麻将馆,sports,体育休闲服务;娱乐场所;棋牌室,武侯区,104.066443,30.645329
三一園品名棋牌,sports,体育休闲服务;娱乐场所;棋牌室,武侯区,104.070973,30.645783
芳华园棋牌馆老年活动中心,sports,体育休闲服务;娱乐场所;棋牌室,武侯区,104.070802,30.643709
新南游乐广场,sports,体育休闲服务;娱乐场所;游戏厅,武侯区,104.071568,30.647537
聚友苑(林荫街),sports,体育休闲服务;娱乐场所;棋牌室,武侯区,104.069111,30.639414
休闲棋牌室,sports,体育休闲服务;娱乐场所;棋牌室,武侯区,104.078589,30.63993
ZEN蝶23.纽伦伯格鲜酿啤酒馆(兰桂坊店),sports,体育休闲服务;娱乐场所;酒吧,锦江区,104.082876,30.648233
寿而康居家养老服务中心,sports,体育休闲服务;度假疗养场所;疗养院,武侯区,104.076531,30.645566
兰桂坊·FIX酒吧,sports,体育休闲服务;娱乐场所;酒吧,锦江区,104.082202,30.647629
川艺实验剧场,sports,体育休闲服务;影剧院;剧场,武侯区,104.078134,30.64192
零点俱乐部,sports,体育休闲服务;娱乐场所;酒吧,武侯区,104.08094,30.639796
CC Party,sports,体育休闲服务;娱乐场所;酒吧,锦江区,104.082728,30.647976
边界酒吧,sports,体育休闲服务;娱乐场所;酒吧,武侯区,104.0813,30.643792
欢乐派量贩式KTV,sports,体育休闲服务;娱乐场所;KTV,武侯区,104.079965,30.639704
廊桥(丝管路),sports,体育休闲服务;娱乐场所;酒吧,武侯区,104.083325,30.643535
妲己酒吧(丝管路店),sports,体育休闲服务;娱乐场所;酒吧,武侯区,104.081636,30.644095
铜马车,sports,体育休闲服务;娱乐场所;酒吧,武侯区,104.082405,30.643807
蓝夜(丝管路),sports,体育休闲服务;娱乐场所;酒吧,武侯区,104.082171,30.643885
经纬网吧(一环路南一段),sports,体育休闲服务;娱乐场所;网吧,武侯区,104.081095,30.639865
卡里奥西餐鸡尾酒吧,sports,体育休闲服务;娱乐场所;酒吧,锦江区,104.082057,30.646195
一会一味,sports,餐饮服务;外国餐厅;日本料理|体育休闲服务;娱乐场所;酒吧,锦江区,104.08133,30.649298
重庆家富富侨(滨江路店),sports,生活服务;洗浴推拿场所;洗浴推拿场所|体育休闲服务;体育休闲服务场所;体育休闲服务场所,锦江区,104.078242,30.647214
1812 Bar,sports,体育休闲服务;娱乐场所;酒吧,武侯区,104.082274,30.643845
兰桂坊缪斯MOK KTV,sports,体育休闲服务;娱乐场所;KTV,锦江区,104.082507,30.648323
西瓜酒吧,sports,体育休闲服务;娱乐场所;酒吧,武侯区,104.080964,30.643881
芒果国际,sports,体育休闲服务;娱乐场所;酒吧,锦江区,104.08262,30.6478
MUES.KTV,sports,体育休闲服务;娱乐场所;KTV,锦江区,104.082534,30.6479
老来吧,sports,体育休闲服务;娱乐场所;酒吧,武侯区,104.082516,30.643777
M'OK(兰桂坊旗舰店),sports,体育休闲服务;娱乐场所;KTV,锦江区,104.082663,30.648773
登壳,sports,体育休闲服务;娱乐场所;酒吧,武侯区,104.081853,30.643992
久玖点酒点量贩KTV,sports,体育休闲服务;娱乐场所;KTV,武侯区,104.077034,30.64646
贰麻酒馆(合江亭店),sports,体育休闲服务;娱乐场所;酒吧,锦江区,104.082631,30.644906
成都维纳斯酒吧,sports,体育休闲服务;娱乐场所;酒吧,锦江区,104.082556,30.647607
宝柏餐厅·酒吧,sports,体育休闲服务;娱乐场所;酒吧,锦江区,104.082582,30.647143
朝代酒吧,sports,体育休闲服务;娱乐场所;酒吧,武侯区,104.081421,30.644064
水母酒吧(兰桂坊店),sports,体育休闲服务;娱乐场所;酒吧,锦江区,104.082904,30.648132
锦宏骏苑北区游泳池,sports,体育休闲服务;运动场馆;游泳馆,武侯区,104.075474,30.644023
Lullaby,sports,体育休闲服务;娱乐场所;酒吧,锦江区,104.080521,30.648999
爱尔兰酒吧,sports,体育休闲服务;娱乐场所;酒吧,锦江区,104.083159,30.645323
Missu Club,sports,体育休闲服务;娱乐场所;酒吧,锦江区,104.082144,30.647498
M酒吧(丝管路),sports,体育休闲服务;娱乐场所;酒吧,武侯区,104.081787,30.644018
漫衍酒吧,sports,体育休闲服务;娱乐场所;酒吧,武侯区,104.082748,30.643691
存在音乐工厂酒吧,sports,体育休闲服务;娱乐场所;酒吧,武侯区,104.081181,30.642187
漫香(丝管路),sports,体育休闲服务;娱乐场所;酒吧,武侯区,104.082007,30.643935
音乐房子(兰桂坊店),sports,体育休闲服务;娱乐场所;酒吧,锦江区,104.081936,30.646837
学府网络会所(奇幻店),sports,体育休闲服务;娱乐场所;网吧,武侯区,104.076501,30.643695
印象网咖(致民路),sports,体育休闲服务;娱乐场所;网吧,武侯区,104.075715,30.64543
丽江拉姆拉措,sports,体育休闲服务;娱乐场所;酒吧,武侯区,104.082796,30.643859
鸿禧花园游泳馆,sports,体育休闲服务;运动场馆;游泳馆,武侯区,104.083405,30.641833
玖度啤酒花园,sports,体育休闲服务;娱乐场所;酒吧,锦江区,104.082841,30.647157
VENUS,sports,体育休闲服务;娱乐场所;酒吧,锦江区,104.082726,30.647774
洋盘摩登现场,sports,体育休闲服务;娱乐场所;酒吧,武侯区,104.081954,30.643953
BOB's Bar,sports,体育休闲服务;娱乐场所;酒吧,锦江区,104.083466,30.646438
Revolucion Cocktail革命酒吧,sports,体育休闲服务;娱乐场所;酒吧,锦江区,104.082179,30.646151
茶马古道(丝管路),sports,体育休闲服务;娱乐场所;酒吧,武侯区,104.083196,30.64356
洋盘摩登现场,sports,体育休闲服务;娱乐场所;酒吧,武侯区,104.081954,30.643953
BOB's Bar,sports,体育休闲服务;娱乐场所;酒吧,锦江区,104.083466,30.646438
Revolucion Cocktail革命酒吧,sports,体育休闲服务;娱乐场所;酒吧,锦江区,104.082179,30.646151
茶马古道(丝管路),sports,体育休闲服务;娱乐场所;酒吧,武侯区,104.083196,30.64356
焱酒所(大安正街),sports,体育休闲服务;娱乐场所;酒吧,锦江区,104.080828,30.648007
圣地网吧(致民东路),sports,体育休闲服务;娱乐场所;网吧,武侯区,104.081548,30.643628
幸运酒吧,sports,体育休闲服务;娱乐场所;酒吧,武侯区,104.074851,30.646888
哈根咖啡酒吧,sports,体育休闲服务;娱乐场所;酒吧,武侯区,104.08134,30.643645
成都酒吧签酒小林,sports,体育休闲服务;娱乐场所;酒吧,锦江区,104.082608,30.648415
venus订位,sports,体育休闲服务;娱乐场所;酒吧,锦江区,104.082624,30.647691
RumBa拉美风情西餐酒吧,sports,体育休闲服务;娱乐场所;酒吧,锦江区,104.082232,30.646696
成都飞吻酒吧,sports,体育休闲服务;娱乐场所;酒吧,锦江区,104.082466,30.647678
木子酒吧,sports,体育休闲服务;娱乐场所;酒吧,锦江区,104.080039,30.649101
flx club,sports,体育休闲服务;娱乐场所;酒吧,锦江区,104.082603,30.647599
北京元典星焜,sports,体育休闲服务;体育休闲服务场所;体育休闲服务场所,锦江区,104.07869,30.64741
遇见酒吧(丝竹路),sports,体育休闲服务;娱乐场所;酒吧,武侯区,104.081435,30.643992
WDS小酒吧,sports,体育休闲服务;娱乐场所;酒吧,武侯区,104.074525,30.644144
2412桌上物语,sports,体育休闲服务;娱乐场所;娱乐场所,锦江区,104.07698,30.648526
飞扬娱乐,sports,体育休闲服务;娱乐场所;酒吧,武侯区,104.082766,30.64122
酒点国际娱乐汇,sports,体育休闲服务;娱乐场所;酒吧,武侯区,104.077054,30.646303
奇幻网咖,sports,体育休闲服务;娱乐场所;网吧,武侯区,104.076673,30.643724
青木堂网咖(青莲上街),sports,体育休闲服务;娱乐场所;网吧,锦江区,104.08034,30.64924
成都香格里拉KTV夜总会,sports,体育休闲服务;娱乐场所;KTV,锦江区,104.083076,30.645425
rio club,sports,体育休闲服务;娱乐场所;酒吧,武侯区,104.079999,30.639632
老来吧,sports,体育休闲服务;娱乐场所;酒吧,锦江区,104.08339,30.644979
loft网咖,sports,体育休闲服务;娱乐场所;网吧,武侯区,104.074525,30.644144
天紫酒馆,sports,体育休闲服务;娱乐场所;酒吧,武侯区,104.080985,30.644312
红星苑老年活动室,sports,体育休闲服务;休闲场所;休闲场所,武侯区,104.073902,30.644839
井介(丝管路),sports,体育休闲服务;娱乐场所;酒吧,武侯区,104.083453,30.643364
MANGO CLUB,sports,体育休闲服务;体育休闲服务场所;体育休闲服务场所,锦江区,104.082739,30.647875
Elaine Vape蒸气烟俱乐部,sports,体育休闲服务;体育休闲服务场所;体育休闲服务场所,武侯区,104.079749,30.639532
幸运者网吧(老马路),sports,体育休闲服务;娱乐场所;网吧,武侯区,104.081157,30.642193
Lotus whisky&cocktail bar,sports,体育休闲服务;娱乐场所;酒吧,锦江区,104.079815,30.649125
M'OK·MUSE KTV,sports,体育休闲服务;娱乐场所;KTV,锦江区,104.082535,30.64826
INTERNET CAFE网吧,sports,体育休闲服务;娱乐场所;网吧,武侯区,104.081055,30.642209
江厦会所,sports,体育休闲服务;体育休闲服务场所;体育休闲服务场所,武侯区,104.081952,30.64039
NIGHTBIRD BAR,sports,体育休闲服务;体育休闲服务场所;体育休闲服务场所,武侯区,104.081578,30.644147
惊叫唤俱乐部,sports,体育休闲服务;体育休闲服务场所;体育休闲服务场所,武侯区,104.074853,30.643783
四川音乐学院-校本部足球场,sports,体育休闲服务;运动场馆;足球场,武侯区,104.076221,30.639926
极米私人影吧(合江亭店),sports,体育休闲服务;体育休闲服务场所;体育休闲服务场所,武侯区,104.076791,30.646441
猫瑜伽,sports,体育休闲服务;运动场馆;健身中心,武侯区,104.081158,30.644072
安顺桥音乐广场,sports,体育休闲服务;体育休闲服务场所;体育休闲服务场所,武侯区,104.079073,30.644969
黑暗中对话/中国,sports,体育休闲服务;娱乐场所;娱乐场所,锦江区,104.074159,30.648689
参里,sports,体育休闲服务;娱乐场所;酒吧,武侯区,104.078041,30.644666
佳宁娜经典会所,sports,体育休闲服务;娱乐场所;娱乐场所,锦江区,104.08053,30.646532
听涛舫,sports,体育休闲服务;娱乐场所;娱乐场所,锦江区,104.080737,30.645567
四川艺术职业学院篮球场,sports,体育休闲服务;运动场馆;篮球场馆,武侯区,104.077325,30.642255
红厢音乐酒吧,sports,体育休闲服务;娱乐场所;酒吧,武侯区,104.074545,30.646114
自由人酒吧(丝竹路),sports,体育休闲服务;娱乐场所;酒吧,武侯区,104.081367,30.643927
清晖,sports,体育休闲服务;体育休闲服务场所;体育休闲服务场所,锦江区,104.079563,30.64642
章鱼桌游吧,sports,体育休闲服务;娱乐场所;娱乐场所,武侯区,104.077641,30.645962
西界KTV,sports,体育休闲服务;娱乐场所;娱乐场所,锦江区,104.082666,30.647776
洛芙特网咖,sports,体育休闲服务;娱乐场所;网吧,武侯区,104.074475,30.643804
四川音乐学院校本部篮球场,sports,体育休闲服务;运动场馆;篮球场馆,武侯区,104.075934,30.639524
叁里Club,sports,体育休闲服务;娱乐场所;酒吧,武侯区,104.078017,30.644664
52赫兹休闲酒吧,sports,体育休闲服务;娱乐场所;酒吧,锦江区,104.089776,30.645848
成都MC桌游休闲吧,sports,体育休闲服务;娱乐场所;娱乐场所,武侯区,104.083536,30.6419
钻石小米f2f概念体验吧,sports,体育休闲服务;体育休闲服务场所;体育休闲服务场所,锦江区,104.087501,30.645636
晶兰半岛运动会所,sports,体育休闲服务;运动场馆;健身中心,锦江区,104.091887,30.643981
咔乐迪量贩KTV(东大店),sports,体育休闲服务;娱乐场所;KTV,锦江区,104.087518,30.649136
苏荷酒吧(九眼桥店),sports,体育休闲服务;娱乐场所;酒吧,武侯区,104.085243,30.64074
菲比(丝管路),sports,体育休闲服务;娱乐场所;酒吧,武侯区,104.083913,30.643357
目的地(培根走廊),sports,体育休闲服务;娱乐场所;酒吧,武侯区,104.085026,30.639803
隔壁子(九眼桥店),sports,体育休闲服务;娱乐场所;酒吧,武侯区,104.083979,30.643351
台北纯K(九眼桥店),sports,体育休闲服务;娱乐场所;KTV,锦江区,104.088651,30.644037
成都橙天嘉禾影城(新业店),sports,体育休闲服务;影剧院;电影院,锦江区,104.088521,30.645403
三天两夜KTV,sports,体育休闲服务;娱乐场所;KTV,武侯区,104.083674,30.640272
蓝莲花(合江亭店),sports,体育休闲服务;娱乐场所;酒吧,武侯区,104.084432,30.643198
左声道,sports,体育休闲服务;娱乐场所;KTV,武侯区,104.084295,30.640999
黄金唛量贩式KTV,sports,体育休闲服务;娱乐场所;KTV,武侯区,104.084279,30.639549
长存KTV,sports,体育休闲服务;娱乐场所;KTV,武侯区,104.083985,30.639656
婵院瑜伽(九眼桥店),sports,体育休闲服务;运动场馆;健身中心,锦江区,104.089449,30.643498
米乐星·乐美斯KTV,sports,体育休闲服务;娱乐场所;KTV,武侯区,104.085092,30.642686
别处音乐酒吧,sports,体育休闲服务;娱乐场所;酒吧,武侯区,104.084569,30.643148
1855 CLUB,sports,体育休闲服务;娱乐场所;酒吧,武侯区,104.085225,30.64082
奋斗俱乐部,sports,体育休闲服务;体育休闲服务场所;体育休闲服务场所,武侯区,104.084765,30.640993
隧道酒吧,sports,体育休闲服务;娱乐场所;酒吧,武侯区,104.085789,30.641054
MUSE酒吧(九眼桥店),sports,体育休闲服务;娱乐场所;酒吧,武侯区,104.08462,30.640104
江湖酒吧(太平南新街),sports,体育休闲服务;娱乐场所;酒吧,武侯区,104.084627,30.640696
Cos Muice Pub,sports,体育休闲服务;娱乐场所;酒吧,武侯区,104.086906,30.640721
1855酒吧,sports,体育休闲服务;娱乐场所;酒吧,武侯区,104.085284,30.640827
别问MiniKTV,sports,体育休闲服务;娱乐场所;KTV,武侯区,104.083708,30.640329
巴迪乐KTV,sports,体育休闲服务;娱乐场所;KTV,武侯区,104.083636,30.63997
Vintage古著酒吧式轰趴屋,sports,体育休闲服务;娱乐场所;酒吧,锦江区,104.088486,30.64541
醉巴适,sports,体育休闲服务;娱乐场所;酒吧,武侯区,104.084261,30.643259
U Beer,sports,体育休闲服务;娱乐场所;酒吧,武侯区,104.08458,30.642932
慢地Bar,sports,体育休闲服务;娱乐场所;酒吧,锦江区,104.093009,30.645374
留声机,sports,体育休闲服务;娱乐场所;酒吧,武侯区,104.083715,30.643455
无同(望江店),sports,体育休闲服务;休闲场所;休闲场所|体育休闲服务;娱乐场所;娱乐场所,武侯区,104.087068,30.640471
音悦汇(太平南新街),sports,体育休闲服务;娱乐场所;酒吧,武侯区,104.084215,30.640343
成都酒吧(九眼桥店),sports,体育休闲服务;娱乐场所;酒吧,武侯区,104.085085,30.640616
鸿酒吧(丝管路),sports,体育休闲服务;娱乐场所;酒吧,武侯区,104.083582,30.643453
扎起酒吧,sports,体育休闲服务;娱乐场所;酒吧,武侯区,104.085518,30.640559
声雅坊录音棚酒吧(好望角店),sports,体育休闲服务;娱乐场所;酒吧,武侯区,104.08434,30.640273
巷子酒馆,sports,体育休闲服务;娱乐场所;酒吧,武侯区,104.084716,30.643084
平行线自驾俱乐部,sports,体育休闲服务;运动场馆;运动场所,锦江区,104.09216,30.646914
Only,sports,体育休闲服务;娱乐场所;酒吧,武侯区,104.084365,30.639756
KU1798,sports,体育休闲服务;娱乐场所;酒吧,武侯区,104.084223,30.64038
四合院,sports,体育休闲服务;娱乐场所;酒吧,武侯区,104.0842,30.643271
妲己Club,sports,体育休闲服务;娱乐场所;酒吧,武侯区,104.084166,30.640067
MAYA酒吧,sports,体育休闲服务;娱乐场所;酒吧,武侯区,104.083904,30.640319
商务人士酒廊,sports,体育休闲服务;娱乐场所;酒吧,锦江区,104.083595,30.645438
Wow西餐酒吧,sports,体育休闲服务;娱乐场所;酒吧,武侯区,104.084887,30.640387
SENSE BAR,sports,体育休闲服务;体育休闲服务场所;体育休闲服务场所,武侯区,104.084295,30.640999
花脸,sports,体育休闲服务;娱乐场所;酒吧,武侯区,104.085082,30.640638
妲己Club,sports,体育休闲服务;娱乐场所;酒吧,武侯区,104.084166,30.640067
MAYA酒吧,sports,体育休闲服务;娱乐场所;酒吧,武侯区,104.083904,30.640319
商务人士酒廊,sports,体育休闲服务;娱乐场所;酒吧,锦江区,104.083595,30.645438
Wow西餐酒吧,sports,体育休闲服务;娱乐场所;酒吧,武侯区,104.084887,30.640387
倾城·娱乐汇,sports,体育休闲服务;娱乐场所;酒吧,武侯区,104.0851,30.640491
卡梅尔酒吧,sports,体育休闲服务;娱乐场所;酒吧,锦江区,104.091738,30.639393
九眼桥ONLY酒吧,sports,体育休闲服务;娱乐场所;酒吧,武侯区,104.084225,30.64039
SENSE BAR,sports,体育休闲服务;体育休闲服务场所;体育休闲服务场所,武侯区,104.084295,30.640999
格子酒吧,sports,体育休闲服务;娱乐场所;酒吧,武侯区,104.086388,30.641275
花脸,sports,体育休闲服务;娱乐场所;酒吧,武侯区,104.085082,30.640638
诚信酒吧,sports,体育休闲服务;娱乐场所;酒吧,武侯区,104.084996,30.642917
南墙,sports,体育休闲服务;娱乐场所;酒吧,武侯区,104.084773,30.643059
Wow西餐酒吧,sports,体育休闲服务;娱乐场所;酒吧,武侯区,104.084887,30.640387
马去道酒吧,sports,体育休闲服务;娱乐场所;酒吧,锦江区,104.090088,30.645567
甜蜜村儿童乐园,sports,体育休闲服务;休闲场所;游乐场,锦江区,104.08789,30.645188
瑞品齐饮(宏济中路),sports,体育休闲服务;娱乐场所;酒吧|购物服务;专卖店;烟酒专卖店,锦江区,104.091711,30.645114
成都香格里拉大酒店-室内游泳池,sports,体育休闲服务;运动场馆;游泳馆,锦江区,104.083595,30.645439
KEVIN酒吧,sports,体育休闲服务;娱乐场所;酒吧,武侯区,104.085078,30.642576
SENSE酒吧,sports,体育休闲服务;娱乐场所;酒吧,武侯区,104.084109,30.640518
鸿酒馆,sports,体育休闲服务;娱乐场所;酒吧,武侯区,104.083673,30.643399
冰纯嘉士伯,sports,体育休闲服务;娱乐场所;酒吧,武侯区,104.083673,30.643399
UBEER酒吧,sports,体育休闲服务;娱乐场所;酒吧,武侯区,104.084934,30.642568
成都酒吧预订,sports,体育休闲服务;娱乐场所;酒吧,武侯区,104.085193,30.64074
精灵工会(九眼桥店),sports,体育休闲服务;体育休闲服务场所;体育休闲服务场所,锦江区,104.088945,30.645616
尚城娱乐商务会所,sports,体育休闲服务;娱乐场所;娱乐场所,武侯区,104.08375,30.639866
沐光部落,sports,体育休闲服务;运动场馆;运动场所,锦江区,104.090088,30.645567
漫生活网咖,sports,体育休闲服务;娱乐场所;网吧,锦江区,104.087537,30.64632
王者国度网吧,sports,体育休闲服务;娱乐场所;网吧,锦江区,104.091063,30.644695
成都香格里拉大酒店-网球场,sports,体育休闲服务;运动场馆;网球场,锦江区,104.083595,30.645438
天宫凤凰城,sports,体育休闲服务;娱乐场所;娱乐场所,武侯区,104.085614,30.64115
红人馆录音棚(九眼桥店),sports,体育休闲服务;娱乐场所;KTV,武侯区,104.084287,30.640742
洋盘音乐现场,sports,体育休闲服务;娱乐场所;KTV|体育休闲服务;娱乐场所;酒吧,武侯区,104.084327,30.643228
慢格,sports,体育休闲服务;娱乐场所;酒吧,武侯区,104.083667,30.643438
音乐魔力K歌酒吧,sports,体育休闲服务;娱乐场所;酒吧,武侯区,104.083727,30.640512
香娜明珠国际俱乐部,sports,体育休闲服务;体育休闲服务场所;体育休闲服务场所,锦江区,104.083875,30.645751
HKbar香港酒吧(九眼桥店),sports,体育休闲服务;娱乐场所;酒吧,武侯区,104.085789,30.640749
华翎健身馆(牛王庙店),sports,体育休闲服务;运动场馆;健身中心,锦江区,104.089783,30.645723
DOYOGA瑜伽(九眼桥店),sports,体育休闲服务;运动场馆;健身中心,锦江区,104.087865,30.645699
要得音乐酒吧,sports,体育休闲服务;娱乐场所;酒吧,武侯区,104.084159,30.643103
808音乐大篷车(洋盘旗舰店),sports,体育休闲服务;娱乐场所;酒吧,武侯区,104.084972,30.642948
悦.瑜伽,sports,体育休闲服务;运动场馆;健身中心,锦江区,104.087364,30.646339
沐艺演艺酒吧,sports,体育休闲服务;娱乐场所;酒吧,武侯区,104.084555,30.642556
极聘网,sports,体育休闲服务;体育休闲服务场所;体育休闲服务场所,锦江区,104.089791,30.648384
FLOW滑板俱乐部,sports,体育休闲服务;体育休闲服务场所;体育休闲服务场所,锦江区,104.092335,30.6477
水井街24号麻将铺,sports,体育休闲服务;体育休闲服务场所;体育休闲服务场所,锦江区,104.084583,30.648013
音乐下酒,sports,体育休闲服务;体育休闲服务场所;体育休闲服务场所,锦江区,104.093019,30.645515
棱瑞网络,sports,体育休闲服务;体育休闲服务场所;体育休闲服务场所,锦江区,104.088414,30.649324
LINK俱乐部,sports,体育休闲服务;体育休闲服务场所;体育休闲服务场所,锦江区,104.087346,30.645575
宝和合,sports,体育休闲服务;体育休闲服务场所;体育休闲服务场所,锦江区,104.093265,30.645005
领跑恒温游泳健身会所,sports,体育休闲服务;体育休闲服务场所;体育休闲服务场所,武侯区,104.086215,30.640716
Heineken,sports,体育休闲服务;体育休闲服务场所;体育休闲服务场所,武侯区,104.084261,30.643488
拳头电竞馆,sports,体育休闲服务;体育休闲服务场所;体育休闲服务场所,锦江区,104.090081,30.645572
七贤镇会所,sports,体育休闲服务;体育休闲服务场所;体育休闲服务场所,锦江区,104.091319,30.644283
序幕影吧,sports,体育休闲服务;体育休闲服务场所;体育休闲服务场所,锦江区,104.088781,30.646117
多多酒吧,sports,体育休闲服务;娱乐场所;酒吧,武侯区,104.085193,30.6407
动力雄健身天府国际店,sports,体育休闲服务;运动场馆;健身中心,锦江区,104.088612,30.643777
奋斗心碎乌托邦,sports,体育休闲服务;体育休闲服务场所;体育休闲服务场所,武侯区,104.084095,30.63996
传奇健身(阳光新业店),sports,体育休闲服务;运动场馆;健身中心,锦江区,104.088144,30.645562
上古进口啤酒体验馆,sports,体育休闲服务;娱乐场所;酒吧,锦江区,104.091939,30.645229
酒色,sports,体育休闲服务;娱乐场所;酒吧,武侯区,104.08357,30.640602
木间,sports,体育休闲服务;娱乐场所;酒吧,武侯区,104.084426,30.640371
欧酷VR体验馆,sports,体育休闲服务;娱乐场所;娱乐场所,锦江区,104.090409,30.645417
雕龙刺青录音棚酒吧,sports,体育休闲服务;娱乐场所;酒吧|生活服务;美容美发店;美容美发店,武侯区,104.08437,30.640354
香格里拉大酒店健身房,sports,体育休闲服务;运动场馆;健身中心,锦江区,104.083595,30.645439
香格里拉大酒店大堂酒吧,sports,体育休闲服务;娱乐场所;酒吧,锦江区,104.083595,30.645438
fog私人定制酒吧,sports,体育休闲服务;娱乐场所;酒吧,锦江区,104.088892,30.645555
果町网咖(太平南新街),sports,体育休闲服务;娱乐场所;网吧,武侯区,104.085157,30.640645
水井坊社区乒乓球馆,sports,体育休闲服务;运动场馆;乒乓球馆,锦江区,104.089491,30.647464
拳头电竞馆(九眼桥店),sports,体育休闲服务;娱乐场所;游戏厅,锦江区,104.090356,30.644264
成都丽澳滨江酒店-健身房,sports,体育休闲服务;运动场馆;健身中心,武侯区,104.084035,30.642799
逃吧密室逃脱,sports,体育休闲服务;娱乐场所;娱乐场所,锦江区,104.089135,30.646233
初练健身工作室(东门教学点),sports,体育休闲服务;运动场馆;健身中心,锦江区,104.092583,30.639527
诚信酒吧2号馆,sports,体育休闲服务;娱乐场所;酒吧,武侯区,104.084551,30.643181
沃格真人cs俱乐部,sports,体育休闲服务;娱乐场所;娱乐场所,锦江区,104.09076,30.647377
沁苑休闲中心,sports,体育休闲服务;休闲场所;休闲场所,锦江区,104.095621,30.641465
休闲时光欢乐发麻将,sports,体育休闲服务;娱乐场所;棋牌室,锦江区,104.095658,30.641193
莲新福蓉居家养老服务中心,sports,体育休闲服务;度假疗养场所;疗养院,锦江区,104.099261,30.643793
缤纷量贩式KTV(新城店),sports,体育休闲服务;娱乐场所;KTV,锦江区,104.100035,30.643544
星美国际影城(锦江店),sports,体育休闲服务;影剧院;电影院,锦江区,104.100756,30.645844
乐动力量贩KTV,sports,体育休闲服务;娱乐场所;KTV,锦江区,104.103445,30.64153
长江游泳场(牛市口路),sports,体育休闲服务;运动场馆;游泳馆,锦江区,104.102722,30.644893
棋牌娱乐,sports,体育休闲服务;娱乐场所;棋牌室,锦江区,104.095449,30.6403
鼎盛截拳道,sports,体育休闲服务;运动场馆;运动场所,锦江区,104.101974,30.644624
汉方养生馆,sports,体育休闲服务;体育休闲服务场所;体育休闲服务场所,锦江区,104.103003,30.642461
天府网城(锦东店),sports,体育休闲服务;娱乐场所;网吧,锦江区,104.100375,30.643388
曼珠沙华艺术会,sports,体育休闲服务;娱乐场所;酒吧,锦江区,104.09584,30.64828
克林酒吧,sports,体育休闲服务;娱乐场所;酒吧,锦江区,104.096331,30.649294
梵特纪酒吧,sports,体育休闲服务;娱乐场所;酒吧,锦江区,104.09591,30.648864
希格泰拳俱乐部,sports,体育休闲服务;运动场馆;运动场所,锦江区,104.096724,30.649281
长江游泳池,sports,体育休闲服务;运动场馆;游泳馆,锦江区,104.103064,30.643216
恒温游泳馆(蜀都花园东北),sports,体育休闲服务;运动场馆;游泳馆,锦江区,104.101139,30.647715
不戒酒馆,sports,体育休闲服务;娱乐场所;酒吧,锦江区,104.10206,30.642165
博派网际银河网吧,sports,体育休闲服务;娱乐场所;网吧,锦江区,104.099237,30.641185
蓝色沸点网吧,sports,体育休闲服务;娱乐场所;网吧,锦江区,104.099329,30.643772
七八公社酒馆(东方新城店),sports,体育休闲服务;娱乐场所;酒吧,锦江区,104.100159,30.642786
直来直往网吧,sports,体育休闲服务;娱乐场所;网吧,锦江区,104.095309,30.640347
胡须咖啡酒吧馆,sports,体育休闲服务;娱乐场所;酒吧,锦江区,104.095726,30.64897
誉酒吧(锦江店),sports,体育休闲服务;娱乐场所;酒吧,锦江区,104.094111,30.639992
蜀都花园游泳馆,sports,体育休闲服务;运动场馆;游泳馆,锦江区,104.100175,30.645874
桌悦桌面游戏吧,sports,体育休闲服务;娱乐场所;娱乐场所,锦江区,104.100399,30.643076
青芝聚会影吧,sports,体育休闲服务;体育休闲服务场所;体育休闲服务场所,锦江区,104.100474,30.641968
硒客Chiclub,sports,体育休闲服务;体育休闲服务场所;体育休闲服务场所,锦江区,104.096127,30.649155
莲花西路社区党员活动中心,sports,体育休闲服务;休闲场所;休闲场所,锦江区,104.093495,30.641506
颠峰时刻网吧,sports,体育休闲服务;娱乐场所;网吧,锦江区,104.100085,30.641472
冈萨雷斯网球场,sports,体育休闲服务;运动场馆;运动场所,锦江区,104.100459,30.648567
体韵瑜伽,sports,体育休闲服务;运动场馆;健身中心,锦江区,104.0937,30.642054
竞辉健身(双桥子店),sports,体育休闲服务;运动场馆;健身中心,锦江区,104.101139,30.647715
成都市公益电影放映点,sports,体育休闲服务;体育休闲服务场所;体育休闲服务场所,锦江区,104.094686,30.643985
圣·凯恩健身(水碾河路),sports,体育休闲服务;运动场馆;健身中心,成华区,104.103411,30.647989
过把瘾自由麻将(莲花西路),sports,体育休闲服务;娱乐场所;棋牌室,锦江区,104.095678,30.641223
日间养老照料中心,sports,体育休闲服务;体育休闲服务场所;体育休闲服务场所,锦江区,104.09484,30.64028
广盛网络,sports,体育休闲服务;体育休闲服务场所;体育休闲服务场所,锦江区,104.101309,30.642922
X桌游club,sports,体育休闲服务;娱乐场所;游戏厅,锦江区,104.101779,30.642297
四川广播电视大学时代工商学院-运动场,sports,体育休闲服务;运动场馆;运动场所,锦江区,104.103042,30.645697
珈玥瑜伽,sports,体育休闲服务;运动场馆;健身中心,锦江区,104.103457,30.642417
伽玥国际瑜伽馆(海椒市街店),sports,体育休闲服务;运动场馆;健身中心,锦江区,104.099642,30.64172
莲街道海椒市社区组织活动中心,sports,体育休闲服务;体育休闲服务场所;体育休闲服务场所,锦江区,104.101511,30.63991
心的网络会所,sports,体育休闲服务;娱乐场所;网吧,锦江区,104.098546,30.641695
巅峰台球俱乐部(海椒市街),sports,体育休闲服务;运动场馆;台球厅,锦江区,104.100054,30.641612
流水自由麻将,sports,体育休闲服务;娱乐场所;棋牌室,锦江区,104.097979,30.64193
长城乐自由麻将,sports,体育休闲服务;娱乐场所;棋牌室,锦江区,104.095308,30.641047
馨雅机麻(海椒市街),sports,体育休闲服务;娱乐场所;棋牌室,锦江区,104.099735,30.640411
老李棋牌麻将室,sports,体育休闲服务;娱乐场所;棋牌室,锦江区,104.096758,30.646016
水碾河麻将室,sports,体育休闲服务;娱乐场所;棋牌室,锦江区,104.095092,30.649066
围棋天地,sports,体育休闲服务;娱乐场所;棋牌室,锦江区,104.100422,30.642669
姐姐棋牌室,sports,体育休闲服务;娱乐场所;棋牌室,锦江区,104.096752,30.644949
宏济路社区文化活动广场,sports,体育休闲服务;休闲场所;休闲场所,锦江区,104.09479,30.6437
巅峰网络会所(海椒市街),sports,体育休闲服务;娱乐场所;网吧,锦江区,104.100156,30.641598
老地方棋牌室(水碾河南三街),sports,体育休闲服务;娱乐场所;棋牌室,锦江区,104.095117,30.648566
胜影羽毛球馆,sports,体育休闲服务;运动场馆;羽毛球场,锦江区,104.102008,30.644569
擎天半岛会所,sports,体育休闲服务;体育休闲服务场所;体育休闲服务场所,锦江区,104.100524,30.643921
墨攻泰拳馆,sports,体育休闲服务;体育休闲服务场所;体育休闲服务场所,锦江区,104.101363,30.641691
嵿锋网咖,sports,体育休闲服务;体育休闲服务场所;体育休闲服务场所,锦江区,104.100257,30.641806
东侨快速网咖,sports,体育休闲服务;娱乐场所;网吧,成华区,104.109166,30.649188
本本家儿童乐园,sports,体育休闲服务;休闲场所;游乐场,成华区,104.103809,30.648363
火焱山网咖,sports,体育休闲服务;娱乐场所;网吧,锦江区,104.105798,30.643763
东桥茜亚,sports,体育休闲服务;娱乐场所;娱乐场所,成华区,104.109181,30.648947
本色网吧(竞成路),sports,体育休闲服务;娱乐场所;网吧,成华区,104.121539,30.64534
二十四城羽毛球馆,sports,体育休闲服务;运动场馆;羽毛球场,成华区,104.11609,30.647376
二十四城恒温游泳馆,sports,体育休闲服务;运动场馆;游泳馆,成华区,104.11609,30.647376
自由人羽毛球俱乐部,sports,体育休闲服务;运动场馆;羽毛球场,成华区,104.120093,30.643258
席勒鲜酿啤酒馆,sports,体育休闲服务;娱乐场所;酒吧,成华区,104.113771,30.646578
乔木网咖(双成五路),sports,体育休闲服务;娱乐场所;网吧,成华区,104.120011,30.648208
流云网咖,sports,体育休闲服务;娱乐场所;网吧,成华区,104.115414,30.645749
红积木台球馆,sports,体育休闲服务;运动场馆;台球厅,成华区,104.11609,30.647376
In Joy,sports,购物服务;专卖店;烟酒专卖店|体育休闲服务;休闲场所;休闲场所,成华区,104.115866,30.645955
九久网吧(长天路),sports,体育休闲服务;娱乐场所;网吧,成华区,104.121365,30.646509
大为网吧(长天路),sports,体育休闲服务;娱乐场所;网吧,成华区,104.121017,30.646017
漫岩网咖,sports,体育休闲服务;娱乐场所;网吧,成华区,104.113505,30.645278
微风蜀创羽毛球馆(成华分店),sports,体育休闲服务;运动场馆;羽毛球场,成华区,104.120063,30.643187
华润二十四城紫雲府游泳池,sports,体育休闲服务;运动场馆;游泳馆,成华区,104.115775,30.648598
每时运动馆,sports,体育休闲服务;运动场馆;运动场所,成华区,104.11609,30.647376
万年场66号会馆,sports,体育休闲服务;休闲场所;休闲场所|餐饮服务;休闲餐饮场所;休闲餐饮场所,成华区,104.120098,30.648525
万年场街道文体活动站,sports,体育休闲服务;体育休闲服务场所;体育休闲服务场所,成华区,104.115436,30.647794
华润二十四城尚云庭游泳池,sports,体育休闲服务;运动场馆;游泳馆,成华区,104.117826,30.647953
如释瑜伽会馆(二十四城馆),sports,体育休闲服务;运动场馆;健身中心,成华区,104.115746,30.645449
二十四城社区活动中心,sports,体育休闲服务;休闲场所;休闲场所,成华区,104.115789,30.64758
老年文化活动室,sports,体育休闲服务;休闲场所;休闲场所,成华区,104.115436,30.647794
每时球馆,sports,体育休闲服务;休闲场所;休闲场所,成华区,104.116056,30.647456
如释瑜伽会馆,sports,体育休闲服务;运动场馆;健身中心,成华区,104.115634,30.645547
万年场街道综合文化活动中心,sports,体育休闲服务;休闲场所;休闲场所,成华区,104.115187,30.647663
万年场街道综合文体活动中心,sports,体育休闲服务;休闲场所;休闲场所|科教文化服务;科教文化场所;科教文化场所,成华区,104.115187,30.647663
竹园,sports,体育休闲服务;休闲场所;休闲场所,成华区,104.121168,30.647497
品茗棋牌,sports,体育休闲服务;娱乐场所;棋牌室,成华区,104.121261,30.646594
Super-S健身私教工作室(华润二十四城店),sports,体育休闲服务;运动场馆;健身中心,成华区,104.115634,30.644144
搏跃跆拳道,sports,体育休闲服务;运动场馆;跆拳道场馆,成华区,104.117051,30.646273
观城游泳池,sports,体育休闲服务;运动场馆;游泳馆,成华区,104.119548,30.647767
红积木城市综合运动馆,sports,体育休闲服务;运动场馆;综合体育馆,成华区,104.116044,30.647229
时光旅行网咖,sports,体育休闲服务;娱乐场所;网吧,成华区,104.1401,30.645691
蓝蒂,sports,体育休闲服务;娱乐场所;娱乐场所,成华区,104.137372,30.647923
优品网吧,sports,体育休闲服务;娱乐场所;网吧,成华区,104.137447,30.644732
星空博胜网咖,sports,体育休闲服务;娱乐场所;网吧,成华区,104.138217,30.645691
京新海运动俱乐部,sports,体育休闲服务;运动场馆;运动场所,成华区,104.136735,30.64091
京新海羽毛球俱乐部,sports,体育休闲服务;运动场馆;羽毛球场,成华区,104.135844,30.643069
星空摶胜网咖,sports,体育休闲服务;娱乐场所;网吧,成华区,104.138319,30.6457
成都百善,sports,体育休闲服务;娱乐场所;网吧,成华区,104.135149,30.646512
新京海运动俱乐部,sports,体育休闲服务;运动场馆;运动场所,成华区,104.136985,30.643284
动力雄健身(阳光100店),sports,体育休闲服务;运动场馆;健身中心,成华区,104.140327,30.641074
梵雅瑜伽(建材路),sports,体育休闲服务;运动场馆;健身中心,成华区,104.139205,30.645691
成都市老年康疗院,sports,体育休闲服务;度假疗养场所;疗养院,成华区,104.148964,30.640854
四海网络会所(东虹路),sports,体育休闲服务;娱乐场所;网吧,成华区,104.149566,30.645744
乐看网吧,sports,体育休闲服务;娱乐场所;网吧,成华区,104.151783,30.646651
老年康疗保健院,sports,体育休闲服务;度假疗养场所;疗养院,成华区,104.148897,30.640599
54号院老年活动中心,sports,体育休闲服务;休闲场所;休闲场所,成华区,104.150518,30.643443
成都市成华区第六人民医院养老院,sports,体育休闲服务;体育休闲服务场所;体育休闲服务场所,成华区,104.145159,30.641355
缘园老年公寓,sports,体育休闲服务;度假疗养场所;疗养院,成华区,104.145464,30.641236
游戏人生网吧(天鹅路),sports,体育休闲服务;娱乐场所;网吧,成华区,104.153834,30.640324
星飞特赛车俱乐部,sports,体育休闲服务;体育休闲服务场所;体育休闲服务场所,成华区,104.155584,30.642089
仁人发休闲馆,sports,体育休闲服务;娱乐场所;棋牌室,武侯区,103.967959,30.637923
宇峰会所,sports,体育休闲服务;娱乐场所;网吧,武侯区,103.964562,30.631277
嘉柏休闲网咖,sports,体育休闲服务;娱乐场所;网吧,武侯区,103.982611,30.631256
矿山救护队体能训练馆,sports,体育休闲服务;运动场馆;运动场所,武侯区,103.976571,30.632779
武新花园社区文化活动广场,sports,体育休闲服务;休闲场所;休闲场所,武侯区,103.97551,30.638621
碧漾亲子俱乐部,sports,体育休闲服务;运动场馆;游泳馆|体育休闲服务;休闲场所;游乐场,武侯区,103.983775,30.636732
鹏程羽毛球馆,sports,体育休闲服务;运动场馆;羽毛球场,武侯区,103.980793,30.636903
狗狗游泳馆,sports,体育休闲服务;运动场馆;游泳馆,武侯区,103.982491,30.636692
鼎鑫会所,sports,体育休闲服务;娱乐场所;娱乐场所,武侯区,103.986994,30.637985
彤星网吧,sports,体育休闲服务;娱乐场所;网吧,武侯区,103.993531,30.630013
未成年人活动室,sports,体育休闲服务;体育休闲服务场所;体育休闲服务场所,武侯区,103.993602,30.639056
党员活动室,sports,体育休闲服务;体育休闲服务场所;体育休闲服务场所,武侯区,103.993602,30.639056
友豪锦荟KTV,sports,体育休闲服务;娱乐场所;KTV,武侯区,103.992155,30.635852
反斗城动漫游艺中心,sports,体育休闲服务;娱乐场所;游戏厅,武侯区,103.985699,30.6376
碧漾亲子俱乐部,sports,体育休闲服务;运动场馆;游泳馆|体育休闲服务;休闲场所;游乐场,武侯区,103.983775,30.636732
网遇电竞馆,sports,体育休闲服务;娱乐场所;网吧,武侯区,103.991728,30.633281
坤泰泰拳俱乐部,sports,体育休闲服务;运动场馆;跆拳道场馆,武侯区,103.9867,30.637452
帝豪网吧(顺和横街),sports,体育休闲服务;娱乐场所;网吧,武侯区,103.999322,30.634836
善缘网吧,sports,体育休闲服务;娱乐场所;网吧,武侯区,104.000861,30.636254
神之网咖(瑞奇网吧),sports,体育休闲服务;娱乐场所;网吧,武侯区,103.996365,30.634424
神无谷网咖,sports,体育休闲服务;娱乐场所;网吧,武侯区,103.995627,30.637554
风暴网吧(顺和街),sports,体育休闲服务;娱乐场所;网吧,武侯区,104.000861,30.636256
Super健身,sports,体育休闲服务;运动场馆;健身中心,武侯区,104.000141,30.635895
海洋城堡,sports,体育休闲服务;休闲场所;游乐场,武侯区,104.000963,30.636292
欣怡雅瑜伽馆,sports,体育休闲服务;运动场馆;健身中心,武侯区,103.999783,30.636927
中禅太极瑜伽会馆,sports,体育休闲服务;运动场馆;健身中心,武侯区,104.001251,30.633664
振辉搏击,sports,体育休闲服务;运动场馆;健身中心,武侯区,103.998262,30.637442
云里网咖,sports,体育休闲服务;娱乐场所;网吧,武侯区,104.002226,30.63255
皮皮岛童趣馆(中华名园店),sports,生活服务;婴儿服务场所;婴儿游泳馆|体育休闲服务;休闲场所;游乐场,武侯区,104.002005,30.636579
中婵瑜伽馆,sports,体育休闲服务;运动场馆;健身中心,武侯区,104.00125,30.633654
公仔部落,sports,体育休闲服务;娱乐场所;娱乐场所,武侯区,104.001202,30.633627
纤韵瑜伽馆,sports,体育休闲服务;运动场馆;健身中心,武侯区,103.997326,30.634585
武侯区国家青少年体育俱乐部,sports,体育休闲服务;运动场馆;运动场所,武侯区,104.006189,30.637349
英派斯健身俱乐部(武侯店),sports,体育休闲服务;运动场馆;健身中心,武侯区,104.006456,30.63714
悠悠网咖(盛丰路),sports,体育休闲服务;娱乐场所;网吧,武侯区,104.013185,30.636322
康博杉网俱乐部,sports,体育休闲服务;运动场馆;健身中心,武侯区,104.006243,30.637017
双楠忆景游泳池,sports,体育休闲服务;运动场馆;游泳馆,武侯区,104.011902,30.634395
轻盈瑜伽(双楠店),sports,体育休闲服务;运动场馆;健身中心,武侯区,104.008134,30.637354
馨悦会,sports,生活服务;洗浴推拿场所;洗浴推拿场所|体育休闲服务;体育休闲服务场所;体育休闲服务场所,武侯区,104.011942,30.637026
派对空间,sports,体育休闲服务;娱乐场所;酒吧,武侯区,104.006501,30.639379
爱秀酒吧KTV,sports,体育休闲服务;娱乐场所;酒吧,武侯区,104.006519,30.639343
星美国际影城(成都大悦城IMAX店),sports,体育休闲服务;影剧院;电影院,武侯区,104.007883,30.629621
博语健身游泳中心,sports,体育休闲服务;运动场馆;游泳馆,武侯区,104.012351,30.632132
玛莎国际俱乐部,sports,体育休闲服务;娱乐场所;KTV,武侯区,104.013341,30.629668
布洛克斯网咖,sports,体育休闲服务;娱乐场所;网吧,武侯区,104.008166,30.637365
博语健身游泳(少儿培训),sports,体育休闲服务;运动场馆;游泳馆,武侯区,104.012548,30.632035
巅行自驾游俱乐部,sports,体育休闲服务;体育休闲服务场所;体育休闲服务场所,武侯区,104.008968,30.63668
忆景网络会所,sports,体育休闲服务;娱乐场所;网吧,武侯区,104.011361,30.635059
武侯庭园游泳池,sports,体育休闲服务;运动场馆;游泳馆,武侯区,104.006252,30.636449
小天网吧,sports,体育休闲服务;娱乐场所;网吧,武侯区,104.00656,30.639302
诚品会所,sports,体育休闲服务;体育休闲服务场所;体育休闲服务场所,武侯区,104.009227,30.636485
杰瑞健身,sports,体育休闲服务;运动场馆;健身中心,武侯区,104.006453,30.63714
微力公益俱乐部,sports,体育休闲服务;体育休闲服务场所;体育休闲服务场所,武侯区,104.009425,30.636931
拾光记忆网吧,sports,体育休闲服务;娱乐场所;网吧,武侯区,104.006691,30.639422
让我们回去吧音乐吧,sports,体育休闲服务;娱乐场所;酒吧,武侯区,104.012562,30.630686
evr虚拟现实体验馆,sports,体育休闲服务;休闲场所;休闲场所,武侯区,104.007828,30.62955
四川花郎跆拳道俱乐部,sports,体育休闲服务;运动场馆;运动场所,武侯区,104.006244,30.637016
韦德伍斯健身,sports,体育休闲服务;运动场馆;健身中心,武侯区,104.004935,30.633496
中博羽毛球,sports,体育休闲服务;运动场馆;羽毛球场,武侯区,104.008405,30.632024
探奇农场乐园(大悦城店),sports,体育休闲服务;休闲场所;游乐场,武侯区,104.007791,30.629665
四川海豚乒乓球俱乐部,sports,体育休闲服务;运动场馆;健身中心,武侯区,104.006244,30.637016
明日世界vr酷玩店,sports,体育休闲服务;娱乐场所;游戏厅,武侯区,104.003988,30.634345
武侯区国家全民健身活动中心,sports,体育休闲服务;运动场馆;健身中心,武侯区,104.006453,30.63714
品茗棋牌(中环路武阳大道段),sports,体育休闲服务;娱乐场所;棋牌室,武侯区,104.011992,30.636865
天籁村量贩KTV,sports,体育休闲服务;娱乐场所;KTV,武侯区,104.023094,30.632104
蜀山网吧,sports,体育休闲服务;娱乐场所;网吧,武侯区,104.022055,30.630855
动鹰网吧,sports,体育休闲服务;娱乐场所;网吧,武侯区,104.023584,30.630856
光辉岁月酒吧·KTV,sports,体育休闲服务;娱乐场所;KTV,武侯区,104.016469,30.632665
锦庭网咖,sports,体育休闲服务;娱乐场所;网吧,武侯区,104.017406,30.638102
909足球俱乐部,sports,体育休闲服务;运动场馆;足球场,武侯区,104.016239,30.631633
太平社区综合文化活动室,sports,体育休闲服务;休闲场所;休闲场所,武侯区,104.019268,30.636217
66号网咖,sports,体育休闲服务;娱乐场所;网吧,武侯区,104.020488,30.636614
bg影院TIME,sports,体育休闲服务;体育休闲服务场所;体育休闲服务场所,武侯区,104.023053,30.6369
蓓儿丝瑜伽馆,sports,体育休闲服务;运动场馆;健身中心,武侯区,104.017901,30.631636
康博健身游泳中心(双楠店),sports,体育休闲服务;运动场馆;健身中心,武侯区,104.019226,30.638385
八马(盛丰路),sports,体育休闲服务;娱乐场所;娱乐场所,武侯区,104.017466,30.639437
红运嘉年华,sports,体育休闲服务;娱乐场所;游戏厅,武侯区,104.023554,30.631125
永丰老年公寓,sports,体育休闲服务;度假疗养场所;疗养院,武侯区,104.020351,30.633439
快快智能健身减肥主题店(港汇广场3店),sports,体育休闲服务;运动场馆;健身中心,武侯区,104.015553,30.631998
诺克萨斯网络会所,sports,体育休闲服务;体育休闲服务场所;体育休闲服务场所,武侯区,104.019219,30.633792
精英体育,sports,体育休闲服务;运动场馆;台球厅,武侯区,104.032261,30.637556
博速羽毛球俱乐部(红牌楼店),sports,体育休闲服务;运动场馆;羽毛球场,武侯区,104.024419,30.633212
九云天会所,sports,体育休闲服务;娱乐场所;娱乐场所,武侯区,104.031282,30.633854
优客运动俱乐部台球馆(成都红牌楼店),sports,体育休闲服务;运动场馆;台球厅,武侯区,104.024368,30.63315
万达影城(红牌楼广场店),sports,体育休闲服务;影剧院;电影院,武侯区,104.025831,30.63585
蝉舟瑜伽(红牌楼店),sports,体育休闲服务;运动场馆;健身中心,武侯区,104.030823,30.63348
天域网吧(红牌楼北街),sports,体育休闲服务;娱乐场所;网吧,武侯区,104.031882,30.638016
置信丽都会所游泳池,sports,体育休闲服务;运动场馆;游泳馆,武侯区,104.030935,30.63046
酷必乐音乐工厂(武侯店),sports,体育休闲服务;娱乐场所;KTV,武侯区,104.027618,30.635882
运动时空羽毛球馆,sports,体育休闲服务;运动场馆;羽毛球场,武侯区,104.029347,30.636407
欢乐迪氧吧KTV(红牌楼店),sports,体育休闲服务;娱乐场所;KTV,武侯区,104.029832,30.638968
桦璟新城量贩KTV,sports,体育休闲服务;娱乐场所;KTV,武侯区,104.024928,30.635113
蓝色憧憬网吧(红牌楼店),sports,体育休闲服务;娱乐场所;网吧,武侯区,104.025307,30.631094
艾莎音乐酒吧,sports,体育休闲服务;娱乐场所;酒吧,武侯区,104.03226,30.635493
金普森网球俱乐部,sports,体育休闲服务;运动场馆;网球场,武侯区,104.033087,30.630579
麦秀主题KTV(红牌楼广场2号写字楼东),sports,体育休闲服务;娱乐场所;KTV,武侯区,104.026463,30.63598
黑岩网咖,sports,体育休闲服务;娱乐场所;网吧,武侯区,104.031697,30.636085
果米网咖,sports,体育休闲服务;娱乐场所;网吧,武侯区,104.030817,30.633378
荷马网咖,sports,体育休闲服务;娱乐场所;网吧,武侯区,104.02891,30.634439
赊账酒吧,sports,体育休闲服务;娱乐场所;酒吧,武侯区,104.028547,30.634487
元素网咖(佳灵店),sports,体育休闲服务;娱乐场所;网吧,武侯区,104.026211,30.635046
新城娱乐会所,sports,体育休闲服务;体育休闲服务场所;体育休闲服务场所,武侯区,104.026419,30.636136
射义箭馆(红星美凯龙店),sports,体育休闲服务;体育休闲服务场所;体育休闲服务场所,武侯区,104.024185,30.632678
机战动漫台球,sports,体育休闲服务;运动场馆;台球厅,武侯区,104.026501,30.635468
果园子茶园子,sports,体育休闲服务;体育休闲服务场所;体育休闲服务场所,武侯区,104.026142,30.635282
诸葛酿酿造,sports,体育休闲服务;娱乐场所;酒吧,武侯区,104.024756,30.633024
丽都公园-网球场,sports,体育休闲服务;运动场馆;网球场,武侯区,104.03308,30.630585
动力酷游网咖,sports,体育休闲服务;娱乐场所;网吧,武侯区,104.027051,30.636448
优客茁悦足球俱乐部,sports,体育休闲服务;体育休闲服务场所;体育休闲服务场所,武侯区,104.024739,30.633015
蓝色时代机器人儿童乐园,sports,体育休闲服务;休闲场所;游乐场,武侯区,104.026409,30.636402
鑫花样网吧,sports,体育休闲服务;娱乐场所;网吧,武侯区,104.031957,30.637951
冰雷破网咖(永生店),sports,体育休闲服务;娱乐场所;网吧,武侯区,104.026911,30.637877
品茗棋牌简餐,sports,体育休闲服务;体育休闲服务场所;体育休闲服务场所,武侯区,104.023781,30.63106
丽都花园文化活动中心,sports,体育休闲服务;休闲场所;休闲场所,武侯区,104.031956,30.632518
玫西舞蹈MayCDanceClub,sports,体育休闲服务;运动场馆;健身中心,武侯区,104.031625,30.634812
优客运动城,sports,体育休闲服务;运动场馆;健身中心,武侯区,104.024868,30.633739
奇迹健身(红牌楼店),sports,体育休闲服务;运动场馆;健身中心,武侯区,104.02631,30.636042
启点大学生俱乐部,sports,体育休闲服务;体育休闲服务场所;体育休闲服务场所,武侯区,104.027747,30.637716
健康俱乐部,sports,体育休闲服务;体育休闲服务场所;体育休闲服务场所,武侯区,104.025232,30.635615
CC Dance Studio(CC舞蹈),sports,体育休闲服务;运动场馆;健身中心,武侯区,104.030459,30.633851
传奇健身(莱蒙都会店),sports,体育休闲服务;运动场馆;健身中心,武侯区,104.031488,30.634617
婵院瑜伽(红牌楼店),sports,体育休闲服务;运动场馆;健身中心,武侯区,104.030552,30.635173
米媂亚肚皮舞婵院瑜伽,sports,体育休闲服务;运动场馆;健身中心,武侯区,104.031282,30.633854
风熙跆拳道,sports,体育休闲服务;运动场馆;跆拳道场馆,武侯区,104.024325,30.632924
卡雷拉路轨赛车俱乐部莱蒙都会店,sports,体育休闲服务;体育休闲服务场所;体育休闲服务场所,武侯区,104.031774,30.634509
丽都公园-羽毛球馆,sports,体育休闲服务;运动场馆;羽毛球场,武侯区,104.03355,30.631909
盛世腾龙(音乐派总部),sports,体育休闲服务;娱乐场所;娱乐场所,武侯区,104.031794,30.634755
机战时代动漫电玩,sports,体育休闲服务;娱乐场所;游戏厅,武侯区,104.026703,30.635843
星期六儿童成长主题乐园,sports,体育休闲服务;娱乐场所;娱乐场所,武侯区,104.026832,30.636299
曼迪舞蹈健身馆,sports,体育休闲服务;运动场馆;健身中心,武侯区,104.030628,30.637769
尚舞之林,sports,体育休闲服务;运动场馆;健身中心,武侯区,104.027345,30.635712
致爱酒吧,sports,体育休闲服务;娱乐场所;酒吧|体育休闲服务;娱乐场所;KTV,武侯区,104.031699,30.636086
梵欣瑜伽私人会馆(莱蒙都会店),sports,体育休闲服务;运动场馆;健身中心,武侯区,104.030474,30.633885
楠丽湾棋牌室,sports,体育休闲服务;娱乐场所;棋牌室,武侯区,104.025819,30.638548
麦咭客量贩KTV(红牌楼品牌店),sports,体育休闲服务;娱乐场所;KTV,武侯区,104.030506,30.636412
健身俱乐部,sports,体育休闲服务;运动场馆;健身中心,武侯区,104.024407,30.633133
交通银行贵宾客户羽毛球俱乐部,sports,体育休闲服务;运动场馆;羽毛球场,武侯区,104.028825,30.636755
快乐驿站(红牌楼北街一巷),sports,体育休闲服务;娱乐场所;棋牌室,武侯区,104.032365,30.637388
永生网吧(永盛南街),sports,体育休闲服务;娱乐场所;网吧,武侯区,104.027347,30.637973
巴蜀武道,sports,体育休闲服务;运动场馆;跆拳道场馆,武侯区,104.025224,30.635331
晃晃棋牌室(红牌楼广场2号写字楼东),sports,体育休闲服务;娱乐场所;棋牌室,武侯区,104.026553,30.635722
天空之城网吧(红牌楼店),sports,体育休闲服务;娱乐场所;网吧,武侯区,104.02833,30.638482
国美电器羽毛球馆,sports,体育休闲服务;运动场馆;羽毛球场,武侯区,104.029347,30.636407
飞歌导航,sports,体育休闲服务;体育休闲服务场所;体育休闲服务场所,武侯区,104.024038,30.630669
休闲麻将,sports,体育休闲服务;娱乐场所;棋牌室,武侯区,104.040673,30.637596
成都玉林中学体育馆,sports,体育休闲服务;运动场馆;综合体育馆,武侯区,104.042014,30.632356
桃园歌厅,sports,体育休闲服务;娱乐场所;KTV,武侯区,104.039911,30.632411
枫林网吧(肖家河中街),sports,体育休闲服务;娱乐场所;网吧,武侯区,104.038921,30.634127
圣战网络(红牌楼北街),sports,体育休闲服务;娱乐场所;网吧,武侯区,104.034246,30.634898
星星网吧(肖家河店),sports,体育休闲服务;娱乐场所;网吧,武侯区,104.039637,30.634064
辉宏网吧(肖家河街),sports,体育休闲服务;娱乐场所;网吧,武侯区,104.042135,30.63443
蓝爵(肖家河沿街),sports,体育休闲服务;娱乐场所;KTV,武侯区,104.038448,30.632828
丽都公园游泳池,sports,体育休闲服务;运动场馆;游泳馆,武侯区,104.033935,30.631693
乡村俱乐部,sports,体育休闲服务;娱乐场所;KTV,武侯区,104.038725,30.634163
歌友名荟演艺中心,sports,体育休闲服务;娱乐场所;酒吧,武侯区,104.040066,30.639202
檀香山足球场,sports,体育休闲服务;运动场馆;足球场,武侯区,104.035668,30.630632
天堂鸟(肖家河中街),sports,体育休闲服务;娱乐场所;酒吧,武侯区,104.040559,30.63342
兄弟藏餐酒吧,sports,体育休闲服务;娱乐场所;酒吧,武侯区,104.040631,30.639372
步行街小酒馆,sports,体育休闲服务;娱乐场所;酒吧,武侯区,104.039319,30.633375
丽都公园足球场,sports,体育休闲服务;运动场馆;足球场,武侯区,104.033616,30.630861
地心引力网吧(二环高架路),sports,体育休闲服务;娱乐场所;网吧,武侯区,104.040282,30.629903
弥樂网吧(肖家河店),sports,体育休闲服务;娱乐场所;网吧,武侯区,104.03995,30.633937
远雄风华园会所,sports,体育休闲服务;体育休闲服务场所;体育休闲服务场所,武侯区,104.043205,30.63097
国际象棋,sports,体育休闲服务;体育休闲服务场所;体育休闲服务场所,武侯区,104.037011,30.638964
无音禅艺,sports,体育休闲服务;体育休闲服务场所;体育休闲服务场所,武侯区,104.040388,30.639209
鑫鑫演艺,sports,体育休闲服务;体育休闲服务场所;体育休闲服务场所,武侯区,104.040045,30.631093
刚刚棋牌,sports,体育休闲服务;娱乐场所;棋牌室,武侯区,104.040082,30.632483
肖家河正街社区老年活动中心,sports,体育休闲服务;休闲场所;休闲场所,武侯区,104.041374,30.632707
肖家河正街社区多功能活动中心,sports,体育休闲服务;休闲场所;休闲场所,武侯区,104.039274,30.635064
肖家河联谊社区老年活动中心,sports,体育休闲服务;休闲场所;休闲场所,武侯区,104.03879,30.631644
岷山拉萨大酒店健身房,sports,体育休闲服务;运动场馆;健身中心,武侯区,104.039431,30.636877
正街社区活动中心,sports,体育休闲服务;休闲场所;休闲场所,武侯区,104.038584,30.63397
肖家河棋苑,sports,体育休闲服务;娱乐场所;棋牌室,武侯区,104.038991,30.631692
肖家河正街社区老年人协会活动室,sports,体育休闲服务;休闲场所;休闲场所,武侯区,104.039477,30.634954
笑佳品茗商务中心,sports,体育休闲服务;娱乐场所;KTV,武侯区,104.037899,30.633846
肖家河正街社区党员活动中心,sports,体育休闲服务;休闲场所;休闲场所|生活服务;生活服务场所;生活服务场所,武侯区,104.041374,30.632707
桂苑棋牌室(维信街),sports,体育休闲服务;娱乐场所;棋牌室,武侯区,104.041105,30.638347
理想棋牌,sports,体育休闲服务;娱乐场所;棋牌室,武侯区,104.042633,30.633867
大众机麻,sports,体育休闲服务;娱乐场所;棋牌室,武侯区,104.038415,30.631518
联谊棋牌,sports,体育休闲服务;娱乐场所;棋牌室,武侯区,104.043382,30.635976
建英棋牌室,sports,体育休闲服务;娱乐场所;棋牌室,武侯区,104.038261,30.63446
兴盈,sports,体育休闲服务;娱乐场所;棋牌室|餐饮服务;茶艺馆;茶艺馆,武侯区,104.038404,30.631505
冯二哥棋牌室,sports,体育休闲服务;娱乐场所;棋牌室,武侯区,104.039847,30.632307
青忆,sports,体育休闲服务;娱乐场所;娱乐场所,武侯区,104.040637,30.639392
张姐茶园棋牌(肖家河环四巷),sports,体育休闲服务;娱乐场所;棋牌室,武侯区,104.038637,30.634058
根据地棋牌(肖家河东二巷),sports,体育休闲服务;娱乐场所;棋牌室,武侯区,104.042471,30.634223
双乐社区活动中心,sports,体育休闲服务;休闲场所;休闲场所,武侯区,104.036749,30.633085
甘孜州干休所,sports,体育休闲服务;度假疗养场所;度假疗养场所,武侯区,104.034158,30.638578
青鸟休闲坊,sports,体育休闲服务;娱乐场所;娱乐场所,武侯区,104.051323,30.630694
西南民族大学-体育馆(一环路南四段),sports,体育休闲服务;运动场馆;综合体育馆,武侯区,104.04669,30.639156
育成体育篮球俱乐部(西南民大店),sports,体育休闲服务;运动场馆;篮球场馆,武侯区,104.045302,30.639405
洗面桥社区居家养老服务中心,sports,体育休闲服务;度假疗养场所;疗养院,武侯区,104.048321,30.638452
星光灿烂KTV,sports,体育休闲服务;娱乐场所;KTV,武侯区,104.047673,30.633295
浆洗街办事处敬老院,sports,体育休闲服务;度假疗养场所;疗养院,武侯区,104.048255,30.638395
圣彼得堡,sports,体育休闲服务;娱乐场所;酒吧,武侯区,104.052738,30.632208
圣元网络会所,sports,体育休闲服务;娱乐场所;网吧,武侯区,104.048388,30.633142
城市猎人量贩KTV,sports,体育休闲服务;娱乐场所;KTV,武侯区,104.047729,30.634053
香榭演艺厅,sports,体育休闲服务;影剧院;剧场,武侯区,104.052684,30.632763
唛田量贩KTV(高升桥店),sports,体育休闲服务;娱乐场所;KTV,武侯区,104.045202,30.638387
金樽酒吧(芳沁街),sports,体育休闲服务;娱乐场所;KTV|体育休闲服务;娱乐场所;酒吧,武侯区,104.045285,30.629628
坐标芭堤王音乐吧,sports,体育休闲服务;影剧院;音乐厅,武侯区,104.052686,30.632211
懒人的咖啡酒馆,sports,体育休闲服务;娱乐场所;酒吧,武侯区,104.049967,30.632392
廊桥水岸,sports,体育休闲服务;休闲场所;休闲场所|生活服务;洗浴推拿场所;洗浴推拿场所,武侯区,104.052525,30.635951
民院网咖,sports,体育休闲服务;娱乐场所;网吧,武侯区,104.048352,30.638942
壹酒吧(彩虹街),sports,体育休闲服务;娱乐场所;酒吧,武侯区,104.051979,30.630859
婷的邬托邦音乐沙龙,sports,体育休闲服务;娱乐场所;酒吧|餐饮服务;甜品店;甜品店,武侯区,104.053307,30.631064
欧凯森运动餐饮俱乐部,sports,餐饮服务;中餐厅;中餐厅|体育休闲服务;运动场馆;运动场所,武侯区,104.047219,30.631802
经典网咖(兴蓉街),sports,体育休闲服务;娱乐场所;网吧,武侯区,104.044593,30.638409
坐标欧亚风情酒吧街,sports,体育休闲服务;娱乐场所;酒吧,武侯区,104.052756,30.632509
Live Xiu电竞酒馆,sports,体育休闲服务;娱乐场所;酒吧,武侯区,104.049766,30.633103
卡蒙音乐酒吧,sports,体育休闲服务;娱乐场所;酒吧,武侯区,104.046153,30.631626
菁彩足球场,sports,体育休闲服务;运动场馆;足球场,武侯区,104.045285,30.638706
巴斯光年DIY烘培店,sports,体育休闲服务;体育休闲服务场所;体育休闲服务场所,武侯区,104.052377,30.633421
飓风足球华龙训练点,sports,体育休闲服务;运动场馆;足球场,武侯区,104.045232,30.638587
XIU HOME,sports,体育休闲服务;娱乐场所;酒吧,武侯区,104.049383,30.633235
蜀乐瑜伽,sports,体育休闲服务;运动场馆;健身中心,武侯区,104.044843,30.630472
尚网网络会所(一环路南四段),sports,体育休闲服务;娱乐场所;网吧,武侯区,104.046828,30.638777
婵媛瑜伽馆,sports,体育休闲服务;运动场馆;健身中心,武侯区,104.04721,30.629452
锦月电影主题酒吧(永丰路),sports,体育休闲服务;娱乐场所;酒吧,武侯区,104.046166,30.631651
你来我网网咖(芳草街),sports,体育休闲服务;娱乐场所;网吧,武侯区,104.051478,30.633729
艾克斯网咖,sports,体育休闲服务;娱乐场所;网吧,武侯区,104.047133,30.635747
思必好网吧,sports,体育休闲服务;娱乐场所;网吧,武侯区,104.048165,30.638728
王府花园会所,sports,体育休闲服务;娱乐场所;娱乐场所|体育休闲服务;休闲场所;休闲场所,武侯区,104.049743,30.632871
密瑜伽,sports,体育休闲服务;运动场馆;健身中心,武侯区,104.051216,30.633085
完全网络,sports,体育休闲服务;体育休闲服务场所;体育休闲服务场所,武侯区,104.052552,30.631931
秀候酒吧,sports,体育休闲服务;娱乐场所;酒吧,武侯区,104.049384,30.63325
贵族神话68,sports,体育休闲服务;体育休闲服务场所;体育休闲服务场所,武侯区,104.047133,30.635747
牟尼瑜珈健身馆,sports,体育休闲服务;运动场馆;健身中心,武侯区,104.044886,30.630497
新美台球俱乐部,sports,体育休闲服务;运动场馆;台球厅,武侯区,104.044843,30.630472
Soham瑜伽,sports,体育休闲服务;运动场馆;健身中心,武侯区,104.046687,30.629484
养·健身(芳草店),sports,体育休闲服务;运动场馆;健身中心,武侯区,104.050203,30.630341
萃坊,sports,体育休闲服务;娱乐场所;酒吧,武侯区,104.048177,30.633013
永丰社区未成年人活动室,sports,体育休闲服务;休闲场所;休闲场所,武侯区,104.043711,30.63569
坐标芭提亚音乐吧,sports,体育休闲服务;娱乐场所;酒吧,武侯区,104.052749,30.632336
天逸圣菲瑜伽,sports,体育休闲服务;运动场馆;健身中心,武侯区,104.044874,30.630483
MGT角膜塑形镜,sports,体育休闲服务;运动场馆;健身中心,武侯区,104.049976,30.637771
益智棋牌室(彩虹街),sports,体育休闲服务;娱乐场所;棋牌室,武侯区,104.051502,30.630826
肖家河为老助残关爱中心,sports,体育休闲服务;度假疗养场所;疗养院|政府机构及社会团体;社会团体;慈善机构,武侯区,104.043858,30.635925
比洛克品茗棋牌美食酒廊,sports,体育休闲服务;娱乐场所;娱乐场所,武侯区,104.049321,30.632323
FCC精英羽球会,sports,体育休闲服务;运动场馆;羽毛球场,武侯区,104.047288,30.631783
天府精英羽毛球俱乐部,sports,体育休闲服务;运动场馆;羽毛球场,武侯区,104.047288,30.631783
凉山州干休所,sports,体育休闲服务;度假疗养场所;疗养院,武侯区,104.046704,30.629533
十年KTV,sports,体育休闲服务;体育休闲服务场所;体育休闲服务场所,武侯区,104.045202,30.638387
四川省体育馆,sports,体育休闲服务;运动场馆;综合体育馆,武侯区,104.062765,30.633757
休闲麻将,sports,体育休闲服务;娱乐场所;棋牌室,武侯区,104.061142,30.638712
省体育馆台球室,sports,体育休闲服务;运动场馆;台球厅,武侯区,104.059652,30.635603
四川省体育馆篮球广场,sports,体育休闲服务;运动场馆;篮球场馆,武侯区,104.062006,30.633285
四川省体育馆4号厅,sports,体育休闲服务;体育休闲服务场所;体育休闲服务场所,武侯区,104.062835,30.633479
四川省体育馆奥林匹克广场,sports,体育休闲服务;运动场馆;综合体育馆,武侯区,104.06302,30.633628
运动技术学院羽毛球馆,sports,体育休闲服务;运动场馆;羽毛球场,武侯区,104.062835,30.633483
四川洪兴武馆,sports,体育休闲服务;运动场馆;运动场所,武侯区,104.062828,30.632894
倮客,sports,体育休闲服务;娱乐场所;酒吧,武侯区,104.063161,30.630865
冠军之夜,sports,体育休闲服务;运动场馆;健身中心,武侯区,104.062828,30.632894
东方世纪电影城(世纪商业广场店),sports,体育休闲服务;影剧院;电影院,武侯区,104.058287,30.635125
花园影城(一环路南三段店),sports,体育休闲服务;影剧院;电影院,武侯区,104.060407,30.635546
四川省游泳馆,sports,体育休闲服务;运动场馆;游泳馆,武侯区,104.060418,30.634609
小酒馆(玉林西路店),sports,体育休闲服务;娱乐场所;酒吧,武侯区,104.054102,30.631937
龙翔网吧(玉林东路),sports,体育休闲服务;娱乐场所;网吧,武侯区,104.063163,30.6319
捣蛋鬼儿童乐园,sports,体育休闲服务;休闲场所;游乐场,武侯区,104.058174,30.63517
成都大学生俱乐部,sports,体育休闲服务;休闲场所;休闲场所,武侯区,104.060806,30.63613
巴比龙网咖,sports,体育休闲服务;娱乐场所;网吧,武侯区,104.054551,30.637301
米兰达量贩KTV,sports,体育休闲服务;娱乐场所;KTV,武侯区,104.057488,30.634752
TID Coffee/Bar,sports,体育休闲服务;娱乐场所;酒吧|餐饮服务;咖啡厅;咖啡厅,武侯区,104.054579,30.638348
八十八游泳馆店,sports,体育休闲服务;运动场馆;运动场所,武侯区,104.06054,30.634968
冰蓝网络会所(蓝天路),sports,体育休闲服务;娱乐场所;网吧,武侯区,104.054673,30.629954
思必好指尖舞网吧,sports,体育休闲服务;娱乐场所;网吧,武侯区,104.057163,30.635201
四川省奥星青少年游泳俱乐部,sports,体育休闲服务;运动场馆;游泳馆,武侯区,104.059919,30.635269
指舞间网吧,sports,体育休闲服务;娱乐场所;网吧,武侯区,104.057195,30.635298
红沙土网球场地,sports,体育休闲服务;运动场馆;网球场,武侯区,104.061327,30.635318
布拉格咖啡酒吧,sports,体育休闲服务;娱乐场所;酒吧,武侯区,104.055227,30.636894
THE BLZCK SHEEP,sports,体育休闲服务;娱乐场所;酒吧,武侯区,104.055579,30.636807
腾雅酒廊,sports,体育休闲服务;娱乐场所;酒吧,武侯区,104.063213,30.630887
PURE酒吧,sports,体育休闲服务;娱乐场所;酒吧,武侯区,104.063241,30.630884
来往网吧(小天北街),sports,体育休闲服务;娱乐场所;网吧,武侯区,104.055731,30.637821
彩色的豆子diy工作室,sports,体育休闲服务;体育休闲服务场所;体育休闲服务场所,武侯区,104.062858,30.629912
芊芊网吧,sports,体育休闲服务;娱乐场所;网吧,武侯区,104.056257,30.630306
中庭儿童乐园,sports,体育休闲服务;休闲场所;游乐场,武侯区,104.058174,30.635449
雷霆网络会所(玉林北巷),sports,体育休闲服务;娱乐场所;网吧,武侯区,104.058428,30.634415
娇子四川网球俱乐部,sports,体育休闲服务;运动场馆;网球场,武侯区,104.061929,30.635289
玉林老年公寓,sports,体育休闲服务;度假疗养场所;疗养院,武侯区,104.059141,30.629694
四川省运动技术学院-足球场,sports,体育休闲服务;运动场馆;足球场,武侯区,104.061429,30.633609
逸城网咖,sports,体育休闲服务;娱乐场所;网吧,武侯区,104.056225,30.63492
新时空网吧(小天北街),sports,体育休闲服务;娱乐场所;网吧,武侯区,104.057228,30.637469
五粮液网球馆,sports,体育休闲服务;运动场馆;网球场,武侯区,104.061889,30.633538
布拉格红茶馆,sports,体育休闲服务;娱乐场所;酒吧,武侯区,104.055149,30.636983
SS密室逃脱,sports,体育休闲服务;娱乐场所;娱乐场所,武侯区,104.058237,30.63543
热血网吧(小天东街),sports,体育休闲服务;娱乐场所;网吧,武侯区,104.056175,30.636071
传奇健身(玉林店),sports,体育休闲服务;运动场馆;健身中心,武侯区,104.058171,30.635118
四川省运动技术学院网球场,sports,体育休闲服务;运动场馆;网球场,武侯区,104.061086,30.633301
四川省运动技术学院田径足球场,sports,体育休闲服务;运动场馆;足球场,武侯区,104.060839,30.633664
四川省级机关老年人网球俱乐部,sports,体育休闲服务;运动场馆;网球场,武侯区,104.060958,30.633205
欢乐家园,sports,体育休闲服务;娱乐场所;棋牌室,武侯区,104.06031,30.639167
2826酒吧,sports,体育休闲服务;娱乐场所;酒吧,武侯区,104.062088,30.637564
沙盘游戏室,sports,体育休闲服务;娱乐场所;游戏厅,武侯区,104.060677,30.630349
动漫体验中心,sports,体育休闲服务;娱乐场所;游戏厅,武侯区,104.058244,30.63545
四川省级机关老年人玩具俱乐部,sports,体育休闲服务;休闲场所;休闲场所,武侯区,104.060812,30.633291
玉林北路社区活动室,sports,体育休闲服务;休闲场所;休闲场所,武侯区,104.059044,30.630058
四川省运动技术学院网球场(一环路南三段),sports,体育休闲服务;运动场馆;网球场,武侯区,104.062141,30.635359
中意棋牌(玉林横街北巷),sports,体育休闲服务;娱乐场所;棋牌室,武侯区,104.059106,30.629422
晓慧棋牌,sports,体育休闲服务;娱乐场所;棋牌室,武侯区,104.061308,30.638623
茶机麻棋牌,sports,体育休闲服务;娱乐场所;棋牌室,武侯区,104.056487,30.630802
四川省运动技术学院羽毛球训练馆,sports,体育休闲服务;运动场馆;羽毛球场,武侯区,104.062036,30.633988
喜堂看见CLUB众影空间,sports,体育休闲服务;影剧院;影剧院相关,武侯区,104.06331,30.637435
川威集团四川男子羽毛球俱乐部,sports,体育休闲服务;运动场馆;羽毛球场,武侯区,104.062036,30.633988
四川省运动技术学院羽毛球3号馆,sports,体育休闲服务;运动场馆;羽毛球场,武侯区,104.062064,30.635103
四川省运动技术学院羽毛球4号馆,sports,体育休闲服务;运动场馆;羽毛球场,武侯区,104.062036,30.633988
红歌堂酒吧,sports,体育休闲服务;娱乐场所;酒吧,武侯区,104.059305,30.638119
老妈棋牌室(玉林东路4号院北),sports,体育休闲服务;娱乐场所;棋牌室,武侯区,104.059784,30.632515
四川省运动技术学院羽毛球训练馆4号馆,sports,体育休闲服务;运动场馆;羽毛球场,武侯区,104.061955,30.634146
洪兴国际跆拳道联盟(玉林馆),sports,体育休闲服务;运动场馆;跆拳道场馆,武侯区,104.058125,30.635468
黎馥曦棋牌园,sports,体育休闲服务;娱乐场所;棋牌室,武侯区,104.055626,30.639171
花样游泳队,sports,体育休闲服务;体育休闲服务场所;体育休闲服务场所,武侯区,104.060076,30.635547
省体育馆票亭,sports,体育休闲服务;运动场馆;运动场所,武侯区,104.063567,30.634355
成都七中林荫校区体育场,sports,体育休闲服务;运动场馆;综合体育馆,武侯区,104.072823,30.637873
四川省体育馆1号厅,sports,体育休闲服务;体育休闲服务场所;体育休闲服务场所,武侯区,104.063672,30.633299
如释瑜伽(磨子桥店),sports,体育休闲服务;运动场馆;健身中心,武侯区,104.071764,30.635549
阿什塔瑜伽,sports,体育休闲服务;运动场馆;健身中心,武侯区,104.066218,30.634116
太阳谷保龄球俱乐部(人民南路店),sports,体育休闲服务;运动场馆;保龄球馆,武侯区,104.063723,30.633882
卢米埃影城(来福士店),sports,体育休闲服务;影剧院;电影院,武侯区,104.064817,30.634119
家园网吧(人民南路三段),sports,体育休闲服务;娱乐场所;网吧,武侯区,104.064305,30.637297
网上邻居(上电大厦南),sports,体育休闲服务;娱乐场所;网吧,武侯区,104.070115,30.631899
阿伦台球吧(科华店),sports,体育休闲服务;运动场馆;台球厅,武侯区,104.073365,30.633844
超逸网咖,sports,体育休闲服务;娱乐场所;网吧,武侯区,104.072787,30.630394
中星智汇KTV点歌机,sports,体育休闲服务;娱乐场所;KTV,武侯区,104.07167,30.632168
新天地量贩KTV(磨子街),sports,体育休闲服务;娱乐场所;KTV,武侯区,104.071336,30.632175
时空漩涡vr体验馆,sports,体育休闲服务;体育休闲服务场所;体育休闲服务场所,武侯区,104.064376,30.636972
聚星钢管舞,sports,体育休闲服务;体育休闲服务场所;体育休闲服务场所,武侯区,104.063618,30.63882
星际传奇(来福士店),sports,体育休闲服务;娱乐场所;游戏厅,武侯区,104.064598,30.634504
成都奥康达光纤网络,sports,体育休闲服务;体育休闲服务场所;体育休闲服务场所,武侯区,104.066598,30.63633
华通网络,sports,体育休闲服务;体育休闲服务场所;体育休闲服务场所,武侯区,104.066378,30.636108
龙之影网吧部,sports,体育休闲服务;体育休闲服务场所;体育休闲服务场所,武侯区,104.065969,30.635629
大唐网吧灯具,sports,体育休闲服务;体育休闲服务场所;体育休闲服务场所,武侯区,104.064788,30.63542
三国网吧灯具,sports,体育休闲服务;体育休闲服务场所;体育休闲服务场所,武侯区,104.064788,30.63542
绮梦网吧灯具,sports,体育休闲服务;体育休闲服务场所;体育休闲服务场所,武侯区,104.064788,30.63542
逍遥廷网吧灯具,sports,体育休闲服务;体育休闲服务场所;体育休闲服务场所,武侯区,104.064788,30.63542
乐享VR体验馆,sports,体育休闲服务;体育休闲服务场所;体育休闲服务场所,武侯区,104.072971,30.635245
业主活动室,sports,体育休闲服务;体育休闲服务场所;体育休闲服务场所,武侯区,104.063852,30.630939
林荫乐园,sports,体育休闲服务;体育休闲服务场所;体育休闲服务场所,武侯区,104.066015,30.638892
宜博电竞馆,sports,体育休闲服务;体育休闲服务场所;体育休闲服务场所,武侯区,104.066562,30.637254
ASHTA瑜伽馆,sports,体育休闲服务;体育休闲服务场所;体育休闲服务场所,武侯区,104.065385,30.634053
科蓝德网络,sports,体育休闲服务;体育休闲服务场所;体育休闲服务场所,武侯区,104.064352,30.637213
极速空间,sports,体育休闲服务;体育休闲服务场所;体育休闲服务场所,武侯区,104.064436,30.635202
舞蹈新空间,sports,体育休闲服务;运动场馆;健身中心,武侯区,104.063673,30.631243
舒适堡健身瑜伽中心,sports,体育休闲服务;运动场馆;健身中心,武侯区,104.064701,30.634221
天空电玩,sports,体育休闲服务;娱乐场所;游戏厅,武侯区,104.064781,30.635542
心跳电玩空间,sports,体育休闲服务;娱乐场所;娱乐场所,武侯区,104.064922,30.636297
中国科学院成都生物研究所职工第二活动室,sports,体育休闲服务;休闲场所;休闲场所,武侯区,104.069649,30.631883
北京静悦瑜伽馆俱乐部(人民南路店),sports,体育休闲服务;运动场馆;健身中心,武侯区,104.063974,30.631619
源素电玩,sports,体育休闲服务;娱乐场所;游戏厅,武侯区,104.065217,30.636541
品茗棋牌,sports,体育休闲服务;娱乐场所;棋牌室,武侯区,104.071023,30.631795
中国科学院成都分院职工健身活动中心,sports,体育休闲服务;运动场馆;健身中心,武侯区,104.069168,30.634484
友人棋牌室(玉林东街),sports,体育休闲服务;娱乐场所;棋牌室,武侯区,104.063781,30.629652
中科院成都分院离退休职工活动中心,sports,体育休闲服务;娱乐场所;娱乐场所,武侯区,104.070962,30.635075
星海电玩,sports,体育休闲服务;娱乐场所;游戏厅,武侯区,104.064788,30.63542
长江电玩,sports,体育休闲服务;娱乐场所;游戏厅,武侯区,104.072475,30.635919
基地电玩,sports,体育休闲服务;娱乐场所;游戏厅,武侯区,104.064782,30.635557
南虹干休所,sports,体育休闲服务;度假疗养场所;疗养院,武侯区,104.068309,30.638389
三以网络,sports,体育休闲服务;体育休闲服务场所;体育休闲服务场所,武侯区,104.066169,30.631758
九号山地所,sports,体育休闲服务;体育休闲服务场所;体育休闲服务场所,武侯区,104.070786,30.632367
19号公路俱乐部,sports,体育休闲服务;体育休闲服务场所;体育休闲服务场所,武侯区,104.064608,30.634465
成都皇家俱乐部,sports,体育休闲服务;体育休闲服务场所;体育休闲服务场所,武侯区,104.064781,30.634279
成都立孚盛世光纤网络,sports,体育休闲服务;体育休闲服务场所;体育休闲服务场所,武侯区,104.066427,30.63693
川大棋牌休闲会馆,sports,体育休闲服务;运动场馆;综合体育馆,武侯区,104.081119,30.637244
四川大学-体育中心,sports,体育休闲服务;运动场馆;综合体育馆,武侯区,104.080152,30.631439
四川大学望江校区体育中心,sports,体育休闲服务;运动场馆;运动场所,武侯区,104.081211,30.631037
漫生活休闲吧(红瓦寺店),sports,体育休闲服务;休闲场所;休闲场所|餐饮服务;休闲餐饮场所;休闲餐饮场所,武侯区,104.08217,30.637764
耳语海岸时尚休闲吧,sports,体育休闲服务;娱乐场所;娱乐场所,武侯区,104.081717,30.637572
八只猴子VR主题休闲吧(川大店),sports,体育休闲服务;娱乐场所;游戏厅,武侯区,104.079108,30.638937
锐星健身,sports,体育休闲服务;运动场馆;健身中心,武侯区,104.081768,30.631504
四川省减肥健美中心(弘毅路),sports,体育休闲服务;运动场馆;健身中心,武侯区,104.081146,30.63069
四川大学望江校区风雨羽毛球馆,sports,体育休闲服务;运动场馆;羽毛球场,武侯区,104.081538,30.631078
四川大学-乒乓球馆,sports,体育休闲服务;运动场馆;乒乓球馆,武侯区,104.081134,30.630279
星美国际影城(学府花园店),sports,体育休闲服务;影剧院;电影院,武侯区,104.080441,30.638987
学府主题K馆(一环路南一段),sports,体育休闲服务;娱乐场所;KTV,武侯区,104.080443,30.638998
十音坊精品量贩KTV,sports,体育休闲服务;娱乐场所;KTV,武侯区,104.074312,30.630927
T博士密室逃脱,sports,体育休闲服务;体育休闲服务场所;体育休闲服务场所,武侯区,104.080508,30.63864
豪运量贩式KTV,sports,体育休闲服务;娱乐场所;KTV,武侯区,104.073571,30.632194
世外桃源大剧院,sports,体育休闲服务;影剧院;剧场,武侯区,104.07419,30.632151
四川大学望江校区文化活动中心,sports,体育休闲服务;休闲场所;休闲场所,武侯区,104.081668,30.63503
景立量贩KTV(太平南新街店),sports,体育休闲服务;娱乐场所;KTV,武侯区,104.083295,30.638501
天籁健身中心,sports,体育休闲服务;运动场馆;健身中心,武侯区,104.077058,30.638148
六号先生录音现场,sports,体育休闲服务;娱乐场所;KTV,武侯区,104.077239,30.638051
学府网络会所,sports,体育休闲服务;娱乐场所;网吧,武侯区,104.080849,30.638335
冰雷破网吧(2号店),sports,体育休闲服务;娱乐场所;网吧,武侯区,104.079789,30.639338
七堂酒馆(凯悦新城店),sports,体育休闲服务;娱乐场所;酒吧|餐饮服务;中餐厅;中餐厅,武侯区,104.078588,30.638931
豪还歌城,sports,体育休闲服务;娱乐场所;KTV,武侯区,104.07358,30.632479
世外桃源KTV,sports,体育休闲服务;娱乐场所;KTV,武侯区,104.075111,30.631892
幻多奇网络会所,sports,体育休闲服务;娱乐场所;网吧,武侯区,104.073599,30.633117
四川大学望江校区游泳池,sports,体育休闲服务;运动场馆;游泳馆,武侯区,104.080465,30.635097
达人台球,sports,体育休闲服务;运动场馆;台球厅,武侯区,104.082171,30.637764
视界之外真人密室逃脱,sports,体育休闲服务;娱乐场所;娱乐场所,武侯区,104.080483,30.638686
星海音乐堂,sports,体育休闲服务;娱乐场所;KTV|科教文化服务;培训机构;培训机构,武侯区,104.077058,30.638148
时代映画私人影院,sports,体育休闲服务;影剧院;影剧院相关,武侯区,104.077567,30.637558
海上钢琴师,sports,体育休闲服务;娱乐场所;酒吧,武侯区,104.078636,30.638857
BIG BEER餐.酒吧,sports,体育休闲服务;娱乐场所;酒吧,武侯区,104.074243,30.629555
蜀一蜀二网咖,sports,体育休闲服务;娱乐场所;网吧,武侯区,104.079264,30.639034
SGM桌游俱乐部,sports,体育休闲服务;娱乐场所;娱乐场所,武侯区,104.078558,30.639077
四川大学望江校区足球场,sports,体育休闲服务;运动场馆;足球场,武侯区,104.081165,30.63641
四川大学望江校区运动场,sports,体育休闲服务;运动场馆;运动场所,武侯区,104.08249,30.631144
四川大学望江校区篮球场,sports,体育休闲服务;运动场馆;篮球场馆,武侯区,104.079988,30.635572
校友桌球,sports,体育休闲服务;运动场馆;台球厅,武侯区,104.08159,30.636271
芒刺真人剧情密室逃脱,sports,体育休闲服务;娱乐场所;娱乐场所,武侯区,104.080319,30.638661
晨枫动漫,sports,体育休闲服务;体育休闲服务场所;体育休闲服务场所,武侯区,104.073957,30.637727
御雪网络,sports,体育休闲服务;体育休闲服务场所;体育休闲服务场所,武侯区,104.078183,30.638007
双强网络,sports,体育休闲服务;体育休闲服务场所;体育休闲服务场所,武侯区,104.082339,30.638312
BAR BBO,sports,体育休闲服务;体育休闲服务场所;体育休闲服务场所,武侯区,104.076403,30.637741
成都世外桃源国际夜总会,sports,体育休闲服务;娱乐场所;夜总会,武侯区,104.075049,30.631941
四川大学学生活动中心,sports,体育休闲服务;休闲场所;休闲场所,武侯区,104.076684,30.636745
炉石之家主题桌游吧,sports,体育休闲服务;娱乐场所;娱乐场所,武侯区,104.082376,30.637622
奥一瑜伽芳疗生活馆,sports,体育休闲服务;运动场馆;健身中心,武侯区,104.074067,30.632217
四川省台球协会训练中心,sports,体育休闲服务;运动场馆;台球厅,武侯区,104.073657,30.638488
轻盈瑜伽(红瓦寺店),sports,体育休闲服务;运动场馆;健身中心,武侯区,104.080508,30.63864
0932私人影咖VR体验馆(红瓦寺店),sports,体育休闲服务;体育休闲服务场所;体育休闲服务场所,武侯区,104.080318,30.638663
十字摇杆,sports,体育休闲服务;娱乐场所;游戏厅,武侯区,104.081698,30.637736
四川大学望江校区排球场,sports,体育休闲服务;运动场馆;运动场所,武侯区,104.080611,30.636937
四川大学望江校区西区网球场,sports,体育休闲服务;运动场馆;网球场,武侯区,104.080309,30.636946
瑞星健身动能馆,sports,体育休闲服务;运动场馆;健身中心,武侯区,104.081768,30.631551
四川大学-西区运动场(北园路),sports,体育休闲服务;运动场馆;运动场所,武侯区,104.080709,30.636379
新西度,sports,体育休闲服务;运动场馆;健身中心,武侯区,104.073838,30.63814
长江新时代电玩,sports,体育休闲服务;娱乐场所;游戏厅,武侯区,104.073931,30.637933
四川省减肥健美中心,sports,体育休闲服务;运动场馆;健身中心,武侯区,104.0814,30.631262
PS电子竞技畅游馆,sports,体育休闲服务;娱乐场所;游戏厅,武侯区,104.081701,30.637638
四川省成都市第十二中学篮球场,sports,体育休闲服务;运动场馆;篮球场馆,武侯区,104.083273,30.637127
X记忆密室逃脱(红瓦寺店),sports,体育休闲服务;娱乐场所;娱乐场所,武侯区,104.080481,30.638685
四川大学望江校区健身馆,sports,体育休闲服务;运动场馆;健身中心,武侯区,104.083162,30.634817
成都劲戈羽毛球俱乐部,sports,体育休闲服务;运动场馆;羽毛球场,武侯区,104.081716,30.631499
四川大学望江校区健身健美中心,sports,体育休闲服务;运动场馆;健身中心,武侯区,104.0814,30.631262
四川大学望江校区健身中心,sports,体育休闲服务;运动场馆;健身中心,武侯区,104.081163,30.630369
康普思健身会馆(红瓦寺分馆),sports,体育休闲服务;运动场馆;健身中心,武侯区,104.080506,30.63864
海豚电玩,sports,体育休闲服务;娱乐场所;游戏厅,武侯区,104.073846,30.637808
南宴人家棋牌室,sports,体育休闲服务;娱乐场所;棋牌室,武侯区,104.082523,30.635993
四川音乐学院校本部老年活动中心,sports,体育休闲服务;休闲场所;休闲场所,武侯区,104.076044,30.638915
三友棋牌室(共和路),sports,体育休闲服务;娱乐场所;棋牌室,武侯区,104.082414,30.63589
四川大学望江校区大学生健身健美俱乐部,sports,体育休闲服务;运动场馆;健身中心,武侯区,104.0814,30.631262
点与线台球俱乐部(新南路店),sports,体育休闲服务;运动场馆;台球厅,武侯区,104.073697,30.638359
四川大学望江校区乒乓球馆,sports,体育休闲服务;运动场馆;乒乓球馆,武侯区,104.081162,30.630312
遊缘堂桌游吧,sports,体育休闲服务;娱乐场所;娱乐场所,武侯区,104.082171,30.637764
四川大学望江校区西区游泳池,sports,体育休闲服务;运动场馆;游泳馆,武侯区,104.08088,30.63464
福林养老院,sports,体育休闲服务;体育休闲服务场所;体育休闲服务场所,武侯区,104.073579,30.632676
北天鹅KTV,sports,体育休闲服务;娱乐场所;KTV,武侯区,104.073701,30.639365
清亲休闲屋,sports,体育休闲服务;娱乐场所;棋牌室,锦江区,104.093013,30.634768
川大附中体育健身馆,sports,体育休闲服务;运动场馆;健身中心,武侯区,104.083883,30.638843
四川大学望江校区附中体育健身馆,sports,体育休闲服务;运动场馆;健身中心,武侯区,104.084033,30.638812
四川大学望江校区(东区)网球场,sports,体育休闲服务;运动场馆;网球场,武侯区,104.085935,30.633291
动漫之旅网咖,sports,体育休闲服务;娱乐场所;网吧,锦江区,104.090967,30.638988
四川大学望江校区东区游泳池,sports,体育休闲服务;运动场馆;游泳馆,武侯区,104.085786,30.629789
四川大学望江校区足球场,sports,体育休闲服务;运动场馆;足球场,武侯区,104.085757,30.635537
欢乐喷球车,sports,体育休闲服务;休闲场所;游乐场,武侯区,104.089402,30.629926
思培特健身(顺江路店),sports,体育休闲服务;运动场馆;健身中心,锦江区,104.09079,30.638632
同乐会,sports,体育休闲服务;体育休闲服务场所;体育休闲服务场所,锦江区,104.093311,30.639171
东八区街球馆,sports,体育休闲服务;运动场馆;运动场所,武侯区,104.084325,30.639141
四川大学附属实验小学操场,sports,体育休闲服务;运动场馆;运动场所,武侯区,104.083733,30.635737
四川大学离退休活动中心,sports,体育休闲服务;休闲场所;休闲场所,武侯区,104.08738,30.63772
四川大学望江校区(东区)运动场,sports,体育休闲服务;运动场馆;运动场所,武侯区,104.085165,30.635058
爱舞流行舞基地(九眼桥店),sports,体育休闲服务;运动场馆;健身中心,锦江区,104.092505,30.639338
四川大学望江校区老干部活动中心,sports,体育休闲服务;休闲场所;休闲场所,武侯区,104.087243,30.637265
四川大学望江校区老年部活动中心,sports,体育休闲服务;休闲场所;休闲场所,武侯区,104.087388,30.637707
四川大学望江校区离退休活动中心,sports,体育休闲服务;休闲场所;休闲场所,武侯区,104.08738,30.637721
四川大学望江校区篮球场,sports,体育休闲服务;运动场馆;篮球场馆,武侯区,104.083634,30.633378
天府围棋道场,sports,体育休闲服务;运动场馆;运动场所,武侯区,104.087468,30.638138
聚星钢管舞,sports,体育休闲服务;运动场馆;健身中心,锦江区,104.091852,30.638994
四川大学望江校区后勤集团退休职工活动中心,sports,体育休闲服务;休闲场所;休闲场所,武侯区,104.087243,30.637265
秀容自由麻将,sports,体育休闲服务;娱乐场所;棋牌室,锦江区,104.09331,30.639093
四川大学望江校区外语语言训练中心,sports,体育休闲服务;运动场馆;运动场所,武侯区,104.085176,30.634387
慢行酒吧,sports,体育休闲服务;娱乐场所;酒吧,武侯区,104.08994,30.631892
捌09零真人密室逃脱,sports,体育休闲服务;娱乐场所;娱乐场所,武侯区,104.083709,30.639067
锦江区龙舟社区文化休闲活动中心,sports,体育休闲服务;休闲场所;休闲场所,锦江区,104.097529,30.633987
半糖网吧(莲花店),sports,体育休闲服务;娱乐场所;网吧,锦江区,104.097218,30.637941
成都酷鑫台球俱乐部,sports,体育休闲服务;运动场馆;台球厅,锦江区,104.097403,30.638251
龙舟路街道办事处微型养老院,sports,体育休闲服务;度假疗养场所;疗养院,锦江区,104.097535,30.634951
莲桂网咖,sports,体育休闲服务;娱乐场所;网吧,锦江区,104.095986,30.634523
我爱飞翔网吧,sports,体育休闲服务;娱乐场所;网吧,锦江区,104.094559,30.632254
天天网吧(莲桂苑西),sports,体育休闲服务;娱乐场所;网吧,锦江区,104.096048,30.635626
心结缘网咖,sports,体育休闲服务;娱乐场所;网吧,锦江区,104.097388,30.629991
缥缈之旅网吧,sports,体育休闲服务;娱乐场所;网吧,锦江区,104.101481,30.635072
八二三网络会所,sports,体育休闲服务;娱乐场所;网吧,锦江区,104.096098,30.635722
五福桥社区活动室,sports,体育休闲服务;休闲场所;休闲场所,锦江区,104.102229,30.63008
老渔网咖,sports,体育休闲服务;娱乐场所;网吧,锦江区,104.102074,30.638472
小行星网咖(海王星店),sports,体育休闲服务;娱乐场所;网吧,锦江区,104.101975,30.634465
骑士网咖,sports,体育休闲服务;娱乐场所;网吧,锦江区,104.096799,30.632149
忠心棋牌室(工农院街),sports,体育休闲服务;娱乐场所;棋牌室,锦江区,104.096897,30.632382
魔卡健身俱乐部,sports,体育休闲服务;运动场馆;健身中心,锦江区,104.095628,30.62964
优等氧吧,sports,体育休闲服务;体育休闲服务场所;体育休闲服务场所,锦江区,104.098866,30.635621
博航健身(海椒市店),sports,体育休闲服务;运动场馆;健身中心,锦江区,104.101402,30.638483
圣珈瑜伽(印禅瑜伽龙舟路馆),sports,体育休闲服务;运动场馆;健身中心,锦江区,104.096756,30.629406
劲美恒温游泳健身(锦天府旗舰店),sports,体育休闲服务;运动场馆;健身中心,锦江区,104.10164,30.633641
成都辉宏赛鸽俱乐部,sports,体育休闲服务;娱乐场所;娱乐场所,锦江区,104.09719,30.631505
诗梵瑜伽·肚皮舞,sports,体育休闲服务;运动场馆;健身中心,锦江区,104.096644,30.629449
沁心阁,sports,体育休闲服务;娱乐场所;棋牌室,锦江区,104.101448,30.639329
机麻棋牌,sports,体育休闲服务;娱乐场所;棋牌室,锦江区,104.100256,30.639383
毛哥棋牌室,sports,体育休闲服务;娱乐场所;棋牌室,锦江区,104.098348,30.633971
青春麻将馆,sports,体育休闲服务;娱乐场所;棋牌室,锦江区,104.099077,30.636476
圣菲瑜伽(龙舟路店),sports,体育休闲服务;运动场馆;健身中心,锦江区,104.096583,30.629502
小乐园棋牌,sports,体育休闲服务;娱乐场所;棋牌室,锦江区,104.099963,30.635915
钟阿姨麻将馆,sports,体育休闲服务;娱乐场所;棋牌室,锦江区,104.098304,30.633991
王婆婆麻将铺,sports,体育休闲服务;娱乐场所;棋牌室,锦江区,104.096042,30.632075
阳光棋牌室(牛沙横街),sports,体育休闲服务;娱乐场所;棋牌室,锦江区,104.100077,30.630105
蒋妹棋牌室,sports,体育休闲服务;娱乐场所;棋牌室,锦江区,104.094979,30.633593
来一火(莲花新区北三巷),sports,体育休闲服务;娱乐场所;棋牌室,锦江区,104.098254,30.632949
印禅瑜伽会馆(龙舟路馆),sports,体育休闲服务;运动场馆;健身中心,锦江区,104.096786,30.629424
成龙麻室,sports,体育休闲服务;娱乐场所;棋牌室,锦江区,104.099425,30.630032
福达平安工农院体验店,sports,体育休闲服务;体育休闲服务场所;体育休闲服务场所,锦江区,104.098129,30.632093
成都市妇女儿童中心,sports,政府机构及社会团体;社会团体;妇联|体育休闲服务;休闲场所;休闲场所,锦江区,104.106542,30.637334
成都市妇女儿童中心剧场,sports,体育休闲服务;影剧院;剧场,锦江区,104.106432,30.637238
望江宾馆忘忧岛演艺中心KTV,sports,体育休闲服务;娱乐场所;KTV,锦江区,104.112393,30.629791
望江宾馆恒温游泳池,sports,体育休闲服务;运动场馆;游泳馆,锦江区,104.111688,30.629751
麦歌,sports,体育休闲服务;娱乐场所;KTV,锦江区,104.11055,30.638446
望江宾馆网球场,sports,体育休闲服务;运动场馆;网球场,锦江区,104.113264,30.630446
成都市女职工活动中心,sports,体育休闲服务;休闲场所;休闲场所,锦江区,104.106104,30.636804
哇塞网咖,sports,体育休闲服务;娱乐场所;网吧,锦江区,104.108052,30.63138
氧气健身(锦天府店),sports,体育休闲服务;运动场馆;健身中心,锦江区,104.104181,30.632721
阳光旱冰场,sports,体育休闲服务;运动场馆;溜冰场,锦江区,104.10581,30.629603
庄园,sports,体育休闲服务;休闲场所;休闲场所|餐饮服务;外国餐厅;外国餐厅,锦江区,104.107041,30.631801
天誉铂金会所,sports,体育休闲服务;运动场馆;健身中心,锦江区,104.111741,30.639023
麦鲁小镇儿童职业体验乐园(妇幼儿童中心店),sports,体育休闲服务;休闲场所;游乐场,锦江区,104.10644,30.63711
伊泰天骄会馆,sports,体育休闲服务;运动场馆;健身中心,锦江区,104.103939,30.636699
丞功六度人脉俱乐部,sports,体育休闲服务;体育休闲服务场所;体育休闲服务场所,锦江区,104.106202,30.636899
成都市乐福居家养老服务中心,sports,体育休闲服务;度假疗养场所;疗养院,锦江区,104.115377,30.632921
海地通敬养院,sports,体育休闲服务;度假疗养场所;疗养院,锦江区,104.117716,30.631678
信和御龙山会所,sports,体育休闲服务;体育休闲服务场所;体育休闲服务场所,锦江区,104.12143,30.63697
胜利休闲会所,sports,体育休闲服务;娱乐场所;娱乐场所,成华区,104.143975,30.63126
指御轩休闲浴足会所(首创店),sports,体育休闲服务;休闲场所;休闲场所,成华区,104.151021,30.631569
伯林健身(万科魅力之城店),sports,体育休闲服务;运动场馆;健身中心,成华区,104.152023,30.631561
云天网吧(邛崃山路),sports,体育休闲服务;娱乐场所;网吧,成华区,104.143591,30.632612
金英汇量贩KTV(万科店),sports,体育休闲服务;娱乐场所;KTV,成华区,104.150254,30.632514
圣珈瑜伽(魅力之城店),sports,体育休闲服务;运动场馆;健身中心,成华区,104.150374,30.631261
米乐迪量贩式KTV,sports,体育休闲服务;娱乐场所;KTV,成华区,104.152324,30.631503
19号台球俱乐部(城东店),sports,体育休闲服务;运动场馆;台球厅,成华区,104.151824,30.631575
主流网咖(万科魅力城店),sports,体育休闲服务;娱乐场所;网吧,成华区,104.15227,30.631903
达州嘻嘻网咖,sports,体育休闲服务;娱乐场所;网吧,成华区,104.152692,30.631665
嘉乐迪时尚量贩KTV,sports,体育休闲服务;娱乐场所;KTV,成华区,104.152625,30.631405
小七儿童乐园,sports,体育休闲服务;休闲场所;游乐场,成华区,104.149687,30.630014
星空小憩网咖,sports,体育休闲服务;娱乐场所;网吧,成华区,104.144613,30.63105
富丽东方游泳池,sports,体育休闲服务;运动场馆;游泳馆,成华区,104.152544,30.633202
柏仕网吧,sports,体育休闲服务;娱乐场所;网吧,成华区,104.146627,30.634159
维京国际健身俱乐部,sports,体育休闲服务;运动场馆;健身中心,成华区,104.149657,30.632393
龙源网吧(和美西路),sports,体育休闲服务;娱乐场所;网吧,成华区,104.150182,30.633205
网咖,sports,体育休闲服务;娱乐场所;网吧,成华区,104.150033,30.632986
JX密室逃脱,sports,体育休闲服务;娱乐场所;娱乐场所,成华区,104.148962,30.629953
中印娴雅国际瑜伽学院,sports,体育休闲服务;运动场馆;健身中心,成华区,104.152633,30.629671
康林健身健美俱乐部,sports,体育休闲服务;运动场馆;健身中心,成华区,104.145331,30.637354
伯一林健身俱乐部,sports,体育休闲服务;运动场馆;健身中心,成华区,104.152246,30.631688
首创羽毛球馆,sports,体育休闲服务;运动场馆;羽毛球场,成华区,104.153996,30.635645
龙翔网咖(和韵路),sports,体育休闲服务;娱乐场所;网吧,成华区,104.156651,30.629562
MVP健身俱乐部,sports,体育休闲服务;运动场馆;健身中心,成华区,104.156703,30.629679
大众棋牌,sports,体育休闲服务;娱乐场所;棋牌室,成华区,104.154265,30.629477
兰妹花园式棋牌室,sports,体育休闲服务;娱乐场所;棋牌室,成华区,104.15729,30.631525
王大娘麻将馆,sports,体育休闲服务;娱乐场所;棋牌室,成华区,104.1579,30.632016
白洋淀代步车休闲车,sports,体育休闲服务;体育休闲服务场所;体育休闲服务场所,武侯区,103.967474,30.620773
老情歌,sports,体育休闲服务;娱乐场所;KTV,武侯区,103.96968,30.623816
音皇会所KTV总店,sports,体育休闲服务;娱乐场所;KTV,武侯区,103.969803,30.625239
焦点KTV(凤翔路),sports,体育休闲服务;娱乐场所;KTV,武侯区,103.967473,30.625039
浩东竞技网吧,sports,体育休闲服务;娱乐场所;网吧,武侯区,103.971239,30.622145
七彩网吧(金瓦路),sports,体育休闲服务;娱乐场所;网吧,武侯区,103.966132,30.629042
万嘉网络会所,sports,体育休闲服务;娱乐场所;网吧,武侯区,103.968428,30.628329
景鸿网吧(凤鸣路),sports,体育休闲服务;娱乐场所;网吧,武侯区,103.966819,30.621956
馨雅廊舞城,sports,体育休闲服务;娱乐场所;迪厅,武侯区,103.971571,30.621187
好声音,sports,体育休闲服务;娱乐场所;KTV,武侯区,103.970122,30.62378
心动网吧(凤鸣路),sports,体育休闲服务;娱乐场所;网吧,武侯区,103.970181,30.623769
吉祥羽毛球馆,sports,体育休闲服务;运动场馆;羽毛球场,武侯区,103.972561,30.62934
圣士网吧,sports,体育休闲服务;娱乐场所;网吧,武侯区,103.965334,30.626856
我的未来网成都未来之家,sports,体育休闲服务;体育休闲服务场所;体育休闲服务场所,武侯区,103.96968,30.62491
光头麻将馆(凤翔路),sports,体育休闲服务;娱乐场所;棋牌室,武侯区,103.964106,30.623333
朋聚自由QQ麻将,sports,体育休闲服务;娱乐场所;棋牌室,武侯区,103.964625,30.625835
盛世唐朝网吧,sports,体育休闲服务;娱乐场所;网吧,武侯区,103.968683,30.625956
必好锐网咖,sports,体育休闲服务;娱乐场所;网吧,武侯区,103.983175,30.628825
奇迹健身游泳馆(优博中心店),sports,体育休闲服务;运动场馆;游泳馆,武侯区,103.976781,30.625459
奇迹健身(武科西一路),sports,体育休闲服务;运动场馆;健身中心,武侯区,103.976698,30.625561
卢米埃影城(武侯大道顺江段店),sports,体育休闲服务;影剧院;电影院,武侯区,103.986598,30.628193
迪克量販KTV,sports,体育休闲服务;娱乐场所;KTV,武侯区,103.985542,30.622906
保利花园游泳馆,sports,体育休闲服务;运动场馆;游泳馆,武侯区,103.990111,30.624038
康姆网吧,sports,体育休闲服务;娱乐场所;网吧,武侯区,103.986107,30.624112
瑞迪恩网咖,sports,体育休闲服务;娱乐场所;网吧,武侯区,103.986,30.622101
米酷Micool网咖,sports,体育休闲服务;娱乐场所;网吧,武侯区,103.984642,30.62185
佳堡儿童主题乐园,sports,体育休闲服务;休闲场所;游乐场,武侯区,103.984547,30.621562
潘豆乐园,sports,体育休闲服务;休闲场所;游乐场,武侯区,103.992024,30.626107
米酷网咖,sports,体育休闲服务;娱乐场所;网吧,武侯区,103.984565,30.621785
糖果儿童乐园,sports,体育休闲服务;休闲场所;游乐场,武侯区,103.985556,30.622493
糖果乐园(福锦路一段),sports,体育休闲服务;休闲场所;游乐场,武侯区,103.985553,30.6225
乾坤健身,sports,体育休闲服务;运动场馆;健身中心,武侯区,103.9915,30.626189
top健身(新双楠店),sports,体育休闲服务;运动场馆;健身中心,武侯区,103.986151,30.624291
缔美国际健身会所,sports,体育休闲服务;运动场馆;健身中心,武侯区,103.989864,30.624259
合瑜伽,sports,体育休闲服务;运动场馆;健身中心,武侯区,103.985173,30.624139
君悦社,sports,体育休闲服务;娱乐场所;棋牌室,武侯区,103.990253,30.623932
和润阁会所,sports,体育休闲服务;体育休闲服务场所;体育休闲服务场所,武侯区,103.98568,30.6289
一键钟情网吧(太平园西路),sports,体育休闲服务;娱乐场所;网吧,武侯区,103.999166,30.621372
名扬网络数字生活馆,sports,体育休闲服务;娱乐场所;网吧,武侯区,103.994104,30.627433
莲花健康调理馆,sports,体育休闲服务;运动场馆;健身中心,武侯区,103.997177,30.62732
王老二棋牌室,sports,体育休闲服务;娱乐场所;棋牌室,武侯区,104.0007,30.621665
海燕棋牌室(太平园西路),sports,体育休闲服务;娱乐场所;棋牌室,武侯区,103.999689,30.621665
ETC小剧场,sports,体育休闲服务;影剧院;剧场,武侯区,104.010028,30.628678
悦派量贩KTV,sports,体育休闲服务;娱乐场所;KTV,武侯区,104.010495,30.627792
TNT·足球公园,sports,体育休闲服务;运动场馆;足球场,武侯区,104.004698,30.623581
胡桃里音乐酒馆(大悦城店),sports,体育休闲服务;娱乐场所;酒吧,武侯区,104.009255,30.62733
普罗米修斯网咖,sports,体育休闲服务;娱乐场所;网吧,武侯区,104.00894,30.628569
快乐家族,sports,体育休闲服务;休闲场所;休闲场所,武侯区,104.012192,30.621647
大松果户外自然营马达攀岩馆,sports,体育休闲服务;体育休闲服务场所;体育休闲服务场所,武侯区,104.008156,30.629081
琪飞台球桌厂,sports,体育休闲服务;体育休闲服务场所;体育休闲服务场所,武侯区,104.012103,30.620802
韦德伍斯游泳健身,sports,体育休闲服务;运动场馆;健身中心,武侯区,104.008545,30.6294
乐高俱乐部,sports,体育休闲服务;体育休闲服务场所;体育休闲服务场所,武侯区,104.008932,30.628571
哈你运动馆,sports,体育休闲服务;体育休闲服务场所;体育休闲服务场所,武侯区,104.008932,30.628571
太平园休闲山庄,sports,体育休闲服务;体育休闲服务场所;体育休闲服务场所,武侯区,104.014477,30.626296
升创网吧,sports,体育休闲服务;娱乐场所;网吧,武侯区,104.018046,30.626219
尚成恒温游泳馆(归谷馆),sports,体育休闲服务;运动场馆;游泳馆,武侯区,104.022402,30.624108
星迪台球,sports,体育休闲服务;运动场馆;台球厅|购物服务;体育用品店;体育用品店,武侯区,104.016334,30.624203
中环绿茵,sports,体育休闲服务;运动场馆;足球场,武侯区,104.021354,30.621994
归谷游泳馆,sports,体育休闲服务;运动场馆;游泳馆,武侯区,104.02312,30.624065
新界足球场,sports,体育休闲服务;运动场馆;足球场,武侯区,104.014809,30.627604
汇友会馆,sports,体育休闲服务;体育休闲服务场所;体育休闲服务场所,武侯区,104.020381,30.628094
竹木朗玛,sports,体育休闲服务;体育休闲服务场所;体育休闲服务场所,武侯区,104.016128,30.621241
星辉·美琪,sports,体育休闲服务;运动场馆;健身中心,武侯区,104.014664,30.622302
波尔菲特酒店-健身中心,sports,体育休闲服务;运动场馆;健身中心,武侯区,104.021031,30.629049
丽府,sports,生活服务;洗浴推拿场所;洗浴推拿场所|体育休闲服务;休闲场所;休闲场所,武侯区,104.029592,30.624405
武侯梦想剧场,sports,体育休闲服务;影剧院;剧场,武侯区,104.031069,30.626178
丽都花园D区室外游泳池,sports,体育休闲服务;运动场馆;游泳馆,武侯区,104.031635,30.62755
丽府汇健身游泳会,sports,体育休闲服务;运动场馆;游泳馆,武侯区,104.029687,30.624115
C&L Beer,sports,体育休闲服务;娱乐场所;酒吧,武侯区,104.02889,30.624426
赤道网咖(长益街),sports,体育休闲服务;娱乐场所;网吧,武侯区,104.027959,30.627068
成都昆仑决格斗俱乐部,sports,体育休闲服务;运动场馆;运动场所,武侯区,104.028739,30.626148
66号足球工场(长益路店),sports,体育休闲服务;运动场馆;足球场,武侯区,104.026942,30.629285
多利亚网吧(长益街店),sports,体育休闲服务;娱乐场所;网吧,武侯区,104.027557,30.62603
天域网咖(董家湾南街),sports,体育休闲服务;娱乐场所;网吧,武侯区,104.027007,30.627775
森汇网咖,sports,体育休闲服务;娱乐场所;网吧,武侯区,104.02953,30.625588
CL进口啤酒馆,sports,体育休闲服务;体育休闲服务场所;体育休闲服务场所,武侯区,104.028979,30.62457
boomclub蒸汽电子烟俱乐部,sports,体育休闲服务;体育休闲服务场所;体育休闲服务场所,武侯区,104.03022,30.626211
迪格庄园,sports,体育休闲服务;体育休闲服务场所;体育休闲服务场所,武侯区,104.02821,30.625359
丽都汇游泳馆,sports,体育休闲服务;运动场馆;游泳馆,武侯区,104.026247,30.626781
丽都帝景游泳池,sports,体育休闲服务;运动场馆;游泳馆,武侯区,104.027549,30.625442
怡然亭休闲茶园麻将馆,sports,体育休闲服务;娱乐场所;棋牌室,武侯区,104.043334,30.621635
名人汇国际俱乐部,sports,体育休闲服务;娱乐场所;娱乐场所,武侯区,104.043082,30.62305
皇爵量贩KTV(神仙树店),sports,体育休闲服务;娱乐场所;KTV,武侯区,104.043022,30.622996
凯娱量贩KTV,sports,体育休闲服务;娱乐场所;KTV,武侯区,104.042967,30.623014
诺亚方舟-游泳池,sports,体育休闲服务;运动场馆;游泳馆,武侯区,104.036979,30.620279
拾光1981 Memory Bar,sports,体育休闲服务;娱乐场所;酒吧,武侯区,104.042806,30.623196
诺亚方舟儿童乐园,sports,体育休闲服务;休闲场所;游乐场,武侯区,104.036979,30.620279
曼苟网咖,sports,体育休闲服务;娱乐场所;网吧,武侯区,104.040604,30.622061
诺亚方舟-乒乓球,sports,体育休闲服务;运动场馆;乒乓球馆,武侯区,104.036979,30.620279
無印瑜伽(伽梵馆店),sports,体育休闲服务;运动场馆;健身中心,武侯区,104.040961,30.620321
大朴咏春拳,sports,体育休闲服务;体育休闲服务场所;体育休闲服务场所,武侯区,104.043052,30.623274
高新区维度网络工作室,sports,体育休闲服务;体育休闲服务场所;体育休闲服务场所,武侯区,104.042004,30.623741
youwing私教健身工作室,sports,体育休闲服务;运动场馆;健身中心,武侯区,104.034088,30.625889
蓝火健身工作室,sports,体育休闲服务;运动场馆;健身中心,武侯区,104.042806,30.623196
凯迪会所,sports,体育休闲服务;娱乐场所;棋牌室,武侯区,104.042545,30.623286
诺亚方舟-健身房,sports,体育休闲服务;运动场馆;健身中心,武侯区,104.036979,30.620279
清风苑网络会所,sports,体育休闲服务;娱乐场所;网吧,武侯区,104.042266,30.624623
Boss.博思健身(航利中心店),sports,体育休闲服务;运动场馆;健身中心,武侯区,104.03505,30.628209
诺亚方舟-美式台球,sports,体育休闲服务;运动场馆;台球厅,武侯区,104.036979,30.620279
红霞时空网吧,sports,体育休闲服务;娱乐场所;网吧,武侯区,104.040812,30.622405
紫荆休闲娱乐街区,sports,体育休闲服务;娱乐场所;娱乐场所,武侯区,104.050963,30.623982
太平洋影城(紫荆店),sports,体育休闲服务;影剧院;电影院,武侯区,104.051423,30.623504
景立KTV(紫荆店),sports,体育休闲服务;娱乐场所;KTV,武侯区,104.050854,30.624036
小酒馆(芳沁店),sports,体育休闲服务;娱乐场所;酒吧,武侯区,104.045562,30.629242
东方伊甸园量贩KTV,sports,体育休闲服务;娱乐场所;KTV,武侯区,104.050508,30.6242
喜立量贩KTV,sports,体育休闲服务;娱乐场所;KTV,武侯区,104.043858,30.628867
BETTER CLUB,sports,体育休闲服务;娱乐场所;酒吧,武侯区,104.048438,30.628636
明悦大酒店恒温游泳馆,sports,体育休闲服务;运动场馆;游泳馆,武侯区,104.045545,30.62804
青巢网络会所,sports,体育休闲服务;娱乐场所;网吧,武侯区,104.047219,30.628427
阿拉山口酒吧,sports,体育休闲服务;娱乐场所;酒吧,武侯区,104.046294,30.62836
大象(芳沁街),sports,体育休闲服务;娱乐场所;酒吧,武侯区,104.046332,30.628333
BETEER酒吧,sports,体育休闲服务;娱乐场所;酒吧,武侯区,104.048436,30.628598
扣扣网吧(神仙树北路),sports,体育休闲服务;娱乐场所;网吧,武侯区,104.046726,30.622798
1810德国酸菜捞·啤酒馆,sports,体育休闲服务;娱乐场所;酒吧,武侯区,104.051658,30.62331
苏坦(芳华街25号院西),sports,体育休闲服务;娱乐场所;酒吧|餐饮服务;外国餐厅;西餐厅(综合风味),武侯区,104.052933,30.624918
潜水艇,sports,体育休闲服务;娱乐场所;酒吧,武侯区,104.046473,30.627663
青羽网咖,sports,体育休闲服务;娱乐场所;网吧,武侯区,104.048026,30.620394
神仙游网络,sports,体育休闲服务;娱乐场所;网吧,武侯区,104.046885,30.622046
成都高新区太极拳推广中心,sports,体育休闲服务;运动场馆;运动场所,武侯区,104.044312,30.620056
喜力商务会所,sports,体育休闲服务;体育休闲服务场所;体育休闲服务场所,武侯区,104.043861,30.628856
星廊酒会,sports,体育休闲服务;体育休闲服务场所;体育休闲服务场所,武侯区,104.050584,30.621844
极车友会俱乐部,sports,体育休闲服务;体育休闲服务场所;体育休闲服务场所,武侯区,104.044242,30.629015
氧气健身(紫荆店),sports,体育休闲服务;运动场馆;健身中心,武侯区,104.051437,30.623369
蜀乐瑜伽,sports,体育休闲服务;运动场馆;健身中心,武侯区,104.051718,30.627837
罗马皇家虹都演紫艺会所,sports,体育休闲服务;体育休闲服务场所;体育休闲服务场所,武侯区,104.050963,30.623982
艺蓉健身,sports,体育休闲服务;运动场馆;健身中心,武侯区,104.048394,30.629044
维度VR体验馆,sports,体育休闲服务;娱乐场所;娱乐场所,武侯区,104.043905,30.623458
紫竹北街27号院-文化活动中心,sports,体育休闲服务;休闲场所;休闲场所,武侯区,104.050726,30.619589
卡宴国际娱乐会所,sports,体育休闲服务;娱乐场所;娱乐场所,武侯区,104.051389,30.623355
传奇屋RPG体验馆,sports,体育休闲服务;娱乐场所;娱乐场所,武侯区,104.045686,30.623344
天添乐棋牌室,sports,体育休闲服务;娱乐场所;棋牌室,武侯区,104.047224,30.621795
盛世高歌娱乐汇,sports,体育休闲服务;娱乐场所;娱乐场所,武侯区,104.050963,30.623982
三石随动虚拟现实互动体验馆(紫荆太平洋影城店),sports,体育休闲服务;娱乐场所;娱乐场所,武侯区,104.050973,30.623717
星空CLUB,sports,体育休闲服务;体育休闲服务场所;体育休闲服务场所,武侯区,104.048788,30.627676
罗马演绎俱乐部,sports,体育休闲服务;体育休闲服务场所;体育休闲服务场所,武侯区,104.050561,30.62368
锦尚休闲驿站,sports,体育休闲服务;休闲场所;休闲场所,武侯区,104.059715,30.628807
玉林街道党群文体活动中心,sports,体育休闲服务;休闲场所;休闲场所,武侯区,104.056819,30.628933
音乐房子酒吧(二环路南三段),sports,体育休闲服务;娱乐场所;酒吧,武侯区,104.055262,30.622923
紫檀,sports,体育休闲服务;娱乐场所;酒吧|商务住宅;住宅区;住宅小区,武侯区,104.06259,30.62093
相约98,sports,体育休闲服务;娱乐场所;酒吧,武侯区,104.054233,30.626167
鼎极KTV(玉林南路),sports,体育休闲服务;娱乐场所;KTV,武侯区,104.055379,30.622988
时光如歌KTV,sports,体育休闲服务;娱乐场所;KTV,武侯区,104.055368,30.622986
航星数码网吧,sports,体育休闲服务;娱乐场所;网吧,武侯区,104.054504,30.626042
爱K量贩KTV,sports,体育休闲服务;娱乐场所;KTV,武侯区,104.06035,30.623036
中华园二期游泳池,sports,体育休闲服务;运动场馆;游泳馆,武侯区,104.059761,30.620411
新兴星网吧(玉洁巷),sports,体育休闲服务;娱乐场所;网吧,武侯区,104.057586,30.626149
ME花园主题酒咖,sports,体育休闲服务;娱乐场所;酒吧,武侯区,104.059196,30.621811
联翔网吧(玉寿巷),sports,体育休闲服务;娱乐场所;网吧,武侯区,104.059394,30.625187
中华园网球俱乐部,sports,体育休闲服务;运动场馆;网球场,武侯区,104.057979,30.619691
科雯瑜伽养生馆(玉林馆),sports,体育休闲服务;运动场馆;健身中心,武侯区,104.056258,30.627461
都琳网吧,sports,体育休闲服务;娱乐场所;网吧,武侯区,104.055262,30.622923
银都花园会所,sports,体育休闲服务;体育休闲服务场所;体育休闲服务场所,武侯区,104.054682,30.621033
都市金岸游泳池,sports,体育休闲服务;运动场馆;游泳馆,武侯区,104.060015,30.626113
银都网球俱乐部,sports,体育休闲服务;运动场馆;网球场,武侯区,104.054739,30.621846
魔幻国度网吧,sports,体育休闲服务;娱乐场所;网吧,武侯区,104.060086,30.625777
阿尔7酒吧,sports,体育休闲服务;娱乐场所;酒吧,武侯区,104.055506,30.623
绅迪台球俱乐部(玉林南路),sports,体育休闲服务;运动场馆;台球厅,武侯区,104.055379,30.622988
紫荆花台球俱乐部(玉林西街店),sports,体育休闲服务;运动场馆;台球厅,武侯区,104.057749,30.628906
双叶会所,sports,体育休闲服务;娱乐场所;娱乐场所,武侯区,104.063281,30.625452
艾格网咖(桐梓林东路),sports,体育休闲服务;娱乐场所;网吧,武侯区,104.059926,30.620151
逸城网咖,sports,体育休闲服务;娱乐场所;网吧,武侯区,104.056354,30.622751
汉莎(二环路南三段),sports,体育休闲服务;娱乐场所;夜总会,武侯区,104.062335,30.623023
趣玩游戏,sports,体育休闲服务;体育休闲服务场所;体育休闲服务场所,武侯区,104.059252,30.623762
牙半厘yabany,sports,体育休闲服务;体育休闲服务场所;体育休闲服务场所,武侯区,104.054944,30.624677
猫眼石网络,sports,体育休闲服务;体育休闲服务场所;体育休闲服务场所,武侯区,104.059252,30.623762
趣玩网络,sports,体育休闲服务;体育休闲服务场所;体育休闲服务场所,武侯区,104.059252,30.623762
零感网络,sports,体育休闲服务;体育休闲服务场所;体育休闲服务场所,武侯区,104.059252,30.623762
成都未来之星网球俱乐部,sports,体育休闲服务;运动场馆;网球场,武侯区,104.058965,30.619476
素心瑜伽,sports,体育休闲服务;运动场馆;健身中心,武侯区,104.060749,30.62599
银都会所,sports,体育休闲服务;娱乐场所;娱乐场所,武侯区,104.054663,30.620954
科雷室内运动俱乐部中华园一期游泳池,sports,体育休闲服务;运动场馆;游泳馆,武侯区,104.060314,30.619677
沁园,sports,体育休闲服务;休闲场所;休闲场所,武侯区,104.05371,30.628754
芳华茶坊娱乐室,sports,体育休闲服务;娱乐场所;棋牌室,武侯区,104.053587,30.627288
秘境晴yoga,sports,体育休闲服务;运动场馆;健身中心,武侯区,104.055969,30.61978
中国工程物理研究院成都干休所,sports,体育休闲服务;度假疗养场所;疗养院,武侯区,104.056072,30.628176
Candy,sports,体育休闲服务;娱乐场所;酒吧,武侯区,104.060702,30.621364
玉林陌陌吧,sports,体育休闲服务;娱乐场所;棋牌室,武侯区,104.056258,30.627461
缘殿99演艺酒吧,sports,体育休闲服务;娱乐场所;酒吧,武侯区,104.055151,30.622769
速上网吧(芳华街),sports,体育休闲服务;娱乐场所;网吧,武侯区,104.053681,30.625905
星艺游戏,sports,体育休闲服务;体育休闲服务场所;体育休闲服务场所,武侯区,104.059254,30.623762
武侯青年活动空间,sports,体育休闲服务;体育休闲服务场所;体育休闲服务场所,武侯区,104.057304,30.628863
壹婵瑜伽,sports,体育休闲服务;运动场馆;健身中心,武侯区,104.068642,30.627958
上影国际影城(王府井购物中心店),sports,体育休闲服务;影剧院;电影院,武侯区,104.07329,30.620488
名将网咖(成科路),sports,体育休闲服务;娱乐场所;网吧,武侯区,104.066731,30.628214
森霓影咖,sports,体育休闲服务;影剧院;电影院,武侯区,104.070657,30.627167
凯宾斯基KTV,sports,体育休闲服务;娱乐场所;KTV,武侯区,104.063672,30.620427
锦官新城西区网球场,sports,体育休闲服务;运动场馆;网球场,武侯区,104.069111,30.620054
啤酒窝酒吧,sports,体育休闲服务;娱乐场所;酒吧,武侯区,104.071534,30.627725
花儿纯K量贩式KTV(人民南路店),sports,体育休闲服务;娱乐场所;KTV,武侯区,104.063821,30.627349
麦吉客KTV,sports,体育休闲服务;娱乐场所;KTV,武侯区,104.072215,30.627761
麦咭客量K(科华锦绣旗舰店),sports,体育休闲服务;娱乐场所;KTV,武侯区,104.072218,30.627776
成都夜总会预订,sports,体育休闲服务;娱乐场所;KTV,武侯区,104.063664,30.620288
锦官新城西区会所,sports,体育休闲服务;娱乐场所;娱乐场所,武侯区,104.069188,30.620983
心族宾馆-歌厅,sports,体育休闲服务;娱乐场所;KTV,武侯区,104.063983,30.625515
鲨鱼号主题吧,sports,体育休闲服务;娱乐场所;酒吧,武侯区,104.069864,30.62711
Whisper Bar,sports,体育休闲服务;娱乐场所;酒吧,武侯区,104.069022,30.62661
Nasa酒吧,sports,体育休闲服务;娱乐场所;酒吧,武侯区,104.071033,30.626839
棕南恒温室内游泳馆,sports,体育休闲服务;运动场馆;游泳馆,武侯区,104.068304,30.625487
水木纯K,sports,体育休闲服务;娱乐场所;KTV,武侯区,104.069384,30.626769
燃铁酒吧,sports,体育休闲服务;娱乐场所;酒吧,武侯区,104.066947,30.626617
Mr.BooPUB老炮酒吧,sports,体育休闲服务;娱乐场所;酒吧,武侯区,104.069883,30.627417
Color Bar(保利中心店),sports,体育休闲服务;娱乐场所;酒吧,武侯区,104.07063,30.627268
海德房子甜品&酒吧,sports,体育休闲服务;娱乐场所;酒吧|餐饮服务;甜品店;甜品店,武侯区,104.064049,30.62862
王子夜吧,sports,体育休闲服务;体育休闲服务场所;体育休闲服务场所,武侯区,104.067077,30.623002
ark私人定制酒吧,sports,体育休闲服务;娱乐场所;酒吧,武侯区,104.067003,30.627034
OP酒吧,sports,体育休闲服务;娱乐场所;酒吧,武侯区,104.069097,30.627261
ying英咖啡酒吧(保利店),sports,体育休闲服务;娱乐场所;酒吧,武侯区,104.069548,30.627118
菲林酒吧(棕南正街),sports,体育休闲服务;娱乐场所;酒吧,武侯区,104.07277,30.626727
pirates海盗酒吧,sports,体育休闲服务;娱乐场所;酒吧,武侯区,104.071033,30.626839
一本道馆(南门店),sports,体育休闲服务;运动场馆;运动场所,武侯区,104.068561,30.625685
NASA CLUB,sports,体育休闲服务;体育休闲服务场所;体育休闲服务场所,武侯区,104.070285,30.62711
轻宿酒居Tsinso Lounge,sports,体育休闲服务;娱乐场所;酒吧,武侯区,104.069247,30.627218
鳴柒VR体验馆,sports,体育休闲服务;体育休闲服务场所;体育休闲服务场所,武侯区,104.070646,30.627234
孔雀荟私房菜私享KTV,sports,体育休闲服务;娱乐场所;KTV,武侯区,104.070652,30.627221
薄荷酒吧,sports,体育休闲服务;娱乐场所;酒吧,武侯区,104.070874,30.627149
记忆酒吧(棕北公寓东南),sports,体育休闲服务;娱乐场所;酒吧,武侯区,104.069581,30.627166
Young Club,sports,体育休闲服务;娱乐场所;酒吧,武侯区,104.070657,30.6272
影摄氏度私人影吧,sports,体育休闲服务;体育休闲服务场所;体育休闲服务场所,武侯区,104.071053,30.627214
棕石网咖(锦绣街),sports,体育休闲服务;娱乐场所;网吧,武侯区,104.071171,30.627735
mii体感俱乐部,sports,体育休闲服务;体育休闲服务场所;体育休闲服务场所,武侯区,104.06998,30.626863
OneMore玩么剧情密室,sports,体育休闲服务;体育休闲服务场所;体育休闲服务场所,武侯区,104.07168,30.628362
欢乐私私私家聚会轰趴馆,sports,体育休闲服务;体育休闲服务场所;体育休闲服务场所,武侯区,104.071219,30.627147
锦官新城东区会所,sports,体育休闲服务;娱乐场所;娱乐场所,武侯区,104.069594,30.620013
棕南泳胜游泳馆,sports,体育休闲服务;运动场馆;游泳馆,武侯区,104.067347,30.62548
誉酒吧(保利中心店),sports,体育休闲服务;娱乐场所;酒吧,武侯区,104.071165,30.627034
向阳大厦宾馆-大堂吧,sports,体育休闲服务;体育休闲服务场所;体育休闲服务场所,武侯区,104.067077,30.623002
成都豪顶俱乐部,sports,体育休闲服务;运动场馆;运动场所,武侯区,104.070662,30.627246
fitter健身餐,sports,体育休闲服务;体育休闲服务场所;体育休闲服务场所,武侯区,104.069023,30.627268
佳乐汇动漫空间,sports,体育休闲服务;运动场馆;运动场所,武侯区,104.072049,30.627794
星门密室,sports,体育休闲服务;娱乐场所;娱乐场所,武侯区,104.070155,30.62713
盘古花园游泳池,sports,体育休闲服务;运动场馆;游泳馆,武侯区,104.065602,30.624973
fitter健身餐,sports,体育休闲服务;体育休闲服务场所;体育休闲服务场所,武侯区,104.069023,30.627268
佳乐汇动漫空间,sports,体育休闲服务;运动场馆;运动场所,武侯区,104.072049,30.627794
星门密室,sports,体育休闲服务;娱乐场所;娱乐场所,武侯区,104.070155,30.62713
盘古花园游泳池,sports,体育休闲服务;运动场馆;游泳馆,武侯区,104.065602,30.624973
成体乐动搏击会馆,sports,体育休闲服务;运动场馆;运动场所,武侯区,104.065251,30.621025
UpCycle室内单车,sports,体育休闲服务;运动场馆;健身中心,武侯区,104.070273,30.627106
时光记忆私人影吧(保利中心店),sports,体育休闲服务;影剧院;电影院,武侯区,104.071157,30.627199
必爱体24小时健身中心,sports,体育休闲服务;运动场馆;健身中心,武侯区,104.069413,30.626502
婵院瑜伽(领事馆路),sports,体育休闲服务;运动场馆;健身中心,武侯区,104.068619,30.627908
漫节奏,sports,体育休闲服务;娱乐场所;娱乐场所,武侯区,104.071033,30.626839
华尔兹舞后(红茶坊西餐厅),sports,餐饮服务;外国餐厅;西餐厅(综合风味)|体育休闲服务;娱乐场所;迪厅,武侯区,104.069627,30.619977
邦比98,sports,体育休闲服务;体育休闲服务场所;体育休闲服务场所,武侯区,104.067003,30.627034
百度会馆,sports,体育休闲服务;体育休闲服务场所;体育休闲服务场所,武侯区,104.066956,30.623807
1899微电影体验馆,sports,体育休闲服务;体育休闲服务场所;体育休闲服务场所,武侯区,104.072829,30.621096
麦咕客量k,sports,体育休闲服务;体育休闲服务场所;体育休闲服务场所,武侯区,104.072065,30.627793
cyborg探索虚拟实验室,sports,体育休闲服务;体育休闲服务场所;体育休闲服务场所,武侯区,104.071217,30.627147
天图拳馆,sports,体育休闲服务;体育休闲服务场所;体育休闲服务场所,武侯区,104.068736,30.625546
御和游戏,sports,体育休闲服务;体育休闲服务场所;体育休闲服务场所,武侯区,104.06643,30.627759
秘图真人密室逃脱,sports,体育休闲服务;娱乐场所;娱乐场所,武侯区,104.070036,30.627203
盗梦VR玩家俱乐部,sports,体育休闲服务;娱乐场所;娱乐场所,武侯区,104.0695,30.626825
MonsterFightClub,sports,体育休闲服务;娱乐场所;酒吧,武侯区,104.068934,30.627238
爱健身,sports,体育休闲服务;运动场馆;健身中心,武侯区,104.067536,30.627939
随时随地私教工作室,sports,体育休闲服务;运动场馆;健身中心,武侯区,104.069829,30.627089
鑫空间,sports,体育休闲服务;运动场馆;健身中心,武侯区,104.063792,30.627293
伊岚翠桌游,sports,体育休闲服务;娱乐场所;娱乐场所,武侯区,104.066947,30.626617
藏式康乐中心,sports,体育休闲服务;体育休闲服务场所;体育休闲服务场所,武侯区,104.071851,30.627408
雨神网络,sports,体育休闲服务;体育休闲服务场所;体育休闲服务场所,武侯区,104.068758,30.622996
生态所,sports,体育休闲服务;体育休闲服务场所;体育休闲服务场所,武侯区,104.063869,30.628817
无间密室,sports,体育休闲服务;娱乐场所;娱乐场所,武侯区,104.069034,30.62726
Keyman密室,sports,体育休闲服务;娱乐场所;娱乐场所,武侯区,104.07143,30.627481
成长俱乐部,sports,体育休闲服务;体育休闲服务场所;体育休闲服务场所,武侯区,104.065255,30.621021
国际青少年俱乐部,sports,体育休闲服务;体育休闲服务场所;体育休闲服务场所,武侯区,104.064524,30.626143
欢乐私私轰趴馆,sports,体育休闲服务;体育休闲服务场所;体育休闲服务场所,武侯区,104.071222,30.627147
幽兰美妍瑜伽,sports,体育休闲服务;运动场馆;健身中心,武侯区,104.069074,30.619651
健身房,sports,体育休闲服务;运动场馆;健身中心,武侯区,104.067077,30.623002
同合俱乐部,sports,体育休闲服务;体育休闲服务场所;体育休闲服务场所,武侯区,104.065251,30.621025
WC桌游吧,sports,体育休闲服务;娱乐场所;游戏厅,武侯区,104.070773,30.627365
古纳瑜伽会(王府井百货科华路店),sports,体育休闲服务;运动场馆;健身中心,武侯区,104.073078,30.621189
爱玩嘉年华(王府井百货科华路店),sports,体育休闲服务;娱乐场所;游戏厅,武侯区,104.073354,30.620858
舞邦,sports,体育休闲服务;运动场馆;健身中心,武侯区,104.070655,30.627228
红福角茶楼休闲区,sports,体育休闲服务;体育休闲服务场所;体育休闲服务场所,武侯区,104.081317,30.622113
成都霓裳休闲健身工作室(科华店),sports,体育休闲服务;体育休闲服务场所;体育休闲服务场所,武侯区,104.074646,30.623829
蓝色加勒比广场,sports,购物服务;特色商业街;特色商业街|体育休闲服务;娱乐场所;娱乐场所,武侯区,104.074799,30.625738
左岸Bar,sports,体育休闲服务;娱乐场所;酒吧,武侯区,104.076723,30.626342
808新空间KTV(郭家桥西街店),sports,体育休闲服务;娱乐场所;KTV,武侯区,104.077303,30.623248
维歌量贩KTV,sports,体育休闲服务;娱乐场所;KTV,武侯区,104.073618,30.620547
ATT KTV(棕北店),sports,体育休闲服务;娱乐场所;KTV,武侯区,104.073946,30.627464
天堂密码量贩KTV,sports,体育休闲服务;娱乐场所;KTV,锦江区,104.083148,30.623884
皇家橡树酒吧,sports,体育休闲服务;娱乐场所;酒吧,武侯区,104.076945,30.626125
天使之城网吧(科华街),sports,体育休闲服务;娱乐场所;网吧,武侯区,104.077135,30.626367
润虹商务KTV,sports,体育休闲服务;娱乐场所;KTV,武侯区,104.073654,30.620606
时光里私人影院,sports,体育休闲服务;影剧院;电影院,武侯区,104.074764,30.624355
维歌量贩KYV,sports,体育休闲服务;娱乐场所;KTV,武侯区,104.073654,30.620606
Dream Times私人影吧,sports,体育休闲服务;影剧院;电影院,武侯区,104.074499,30.627368
MS魅色音乐酒吧,sports,体育休闲服务;娱乐场所;酒吧,武侯区,104.074629,30.625736
红砖酒吧(科华街),sports,体育休闲服务;娱乐场所;酒吧,武侯区,104.077115,30.626128
金时代网吧(科华北路店),sports,体育休闲服务;娱乐场所;网吧,武侯区,104.074364,30.62855
留念网返网吧,sports,体育休闲服务;娱乐场所;网吧,武侯区,104.077176,30.626129
Emma Bar,sports,体育休闲服务;娱乐场所;酒吧,锦江区,104.082847,30.624271
98号Bar(科华街),sports,体育休闲服务;娱乐场所;酒吧,武侯区,104.075957,30.626332
财富会馆,sports,体育休闲服务;休闲场所;休闲场所|餐饮服务;中餐厅;中餐厅,锦江区,104.082684,30.624801
Feeling酒吧,sports,体育休闲服务;娱乐场所;酒吧,武侯区,104.074027,30.626323
流年酒吧(科华街),sports,体育休闲服务;娱乐场所;酒吧,武侯区,104.075885,30.626331
九天网吧(二环路南一段),sports,体育休闲服务;娱乐场所;网吧,武侯区,104.080794,30.623229
magma club,sports,体育休闲服务;娱乐场所;酒吧,武侯区,104.074845,30.625704
伽玥瑜伽(科华北路店),sports,体育休闲服务;运动场馆;健身中心,武侯区,104.073977,30.626703
EV Bar,sports,体育休闲服务;娱乐场所;酒吧,锦江区,104.082743,30.624341
英格兰酒吧,sports,体育休闲服务;娱乐场所;酒吧,武侯区,104.076758,30.625723
偶遇网咖(棕南正街),sports,体育休闲服务;娱乐场所;网吧,武侯区,104.073736,30.626438
MS Bar,sports,体育休闲服务;娱乐场所;酒吧,武侯区,104.074754,30.625562
加勒比啤酒广场,sports,体育休闲服务;娱乐场所;酒吧,武侯区,104.074968,30.625537
博速网球俱乐部,sports,体育休闲服务;运动场馆;网球场,武侯区,104.075596,30.619517
宾朋网咖,sports,体育休闲服务;娱乐场所;网吧,武侯区,104.07751,30.624848
水母酒吧(科华北路店),sports,体育休闲服务;娱乐场所;酒吧,武侯区,104.075031,30.625661
将军柔术馆,sports,体育休闲服务;运动场馆;运动场所,武侯区,104.073866,30.623423
樱花度假,sports,体育休闲服务;体育休闲服务场所;体育休闲服务场所,武侯区,104.07467,30.624707
声雅坊录音棚酒吧(川大花园店),sports,体育休闲服务;娱乐场所;酒吧,武侯区,104.076156,30.626332
妮诺肚皮舞,sports,体育休闲服务;运动场馆;健身中心,武侯区,104.07366,30.627232
麦田电竞馆,sports,体育休闲服务;娱乐场所;网吧,武侯区,104.077471,30.625854
游来游趣,sports,体育休闲服务;娱乐场所;娱乐场所,武侯区,104.073667,30.624605
沸城瑜伽馆,sports,体育休闲服务;运动场馆;健身中心,武侯区,104.073767,30.626435
一瑜伽,sports,体育休闲服务;运动场馆;健身中心,武侯区,104.074671,30.623769
珈韵国际瑜伽肚皮舞俱乐部,sports,体育休闲服务;运动场馆;健身中心,武侯区,104.07398,30.627301
尚都,sports,体育休闲服务;娱乐场所;娱乐场所,武侯区,104.080997,30.623232
红人馆(科华店),sports,体育休闲服务;娱乐场所;酒吧|生活服务;摄影冲印店;摄影冲印,武侯区,104.076342,30.626334
PLAY,sports,体育休闲服务;娱乐场所;娱乐场所,武侯区,104.076658,30.626329
九九棋牌,sports,体育休闲服务;娱乐场所;棋牌室,武侯区,104.08122,30.621433
茗香阁棋牌室,sports,体育休闲服务;娱乐场所;棋牌室,武侯区,104.079127,30.625271
弥渡视觉艺术沙龙,sports,体育休闲服务;娱乐场所;酒吧,武侯区,104.07496,30.62666
金飞宇网吧(郭家桥北街),sports,体育休闲服务;娱乐场所;网吧,武侯区,104.077791,30.626807
泰都商务会所,sports,体育休闲服务;娱乐场所;娱乐场所,武侯区,104.074253,30.620195
传奇健身(王府井百货科华路店),sports,体育休闲服务;运动场馆;健身中心,武侯区,104.073616,30.620888
加勒比海广场,sports,体育休闲服务;体育休闲服务场所;体育休闲服务场所,武侯区,104.074571,30.625401
花样年华小溪驿站,sports,体育休闲服务;体育休闲服务场所;体育休闲服务场所,武侯区,104.073985,30.623686
沸都俱乐部,sports,体育休闲服务;娱乐场所;KTV,锦江区,104.084056,30.623555
橡树林会所,sports,体育休闲服务;娱乐场所;娱乐场所,锦江区,104.089484,30.6258
橡树林恒温泳池,sports,体育休闲服务;运动场馆;游泳馆,锦江区,104.08967,30.625787
HOTSPOTCLUBS量贩式KTV,sports,体育休闲服务;娱乐场所;KTV,锦江区,104.08379,30.623543
37.5摄氏度沸都量贩式KTV,sports,体育休闲服务;娱乐场所;KTV,锦江区,104.083872,30.623544
娟瑜伽,sports,体育休闲服务;运动场馆;健身中心,锦江区,104.093181,30.623393
儿童乐园(万达广场),sports,体育休闲服务;休闲场所;游乐场|体育休闲服务;娱乐场所;娱乐场所,锦江区,104.092213,30.622779
美亨亨酒吧(摩玛城东北),sports,体育休闲服务;娱乐场所;酒吧,锦江区,104.088458,30.623564
东湖公园-篮球场,sports,体育休闲服务;运动场馆;篮球场馆,锦江区,104.086514,30.620447
盛德雨淋网络会所,sports,体育休闲服务;娱乐场所;网吧,锦江区,104.092696,30.627523
盛轩网咖,sports,体育休闲服务;娱乐场所;网吧,锦江区,104.091224,30.625497
小乖乖游乐,sports,体育休闲服务;体育休闲服务场所;体育休闲服务场所,锦江区,104.09315,30.623294
伽友瑜伽,sports,体育休闲服务;运动场馆;健身中心,锦江区,104.093181,30.624402
八阵图密室逃脱,sports,体育休闲服务;体育休闲服务场所;体育休闲服务场所,锦江区,104.092882,30.622324
崇孝养老机构(二环路东五段),sports,体育休闲服务;度假疗养场所;疗养院,锦江区,104.088675,30.623564
Macan&Muscle Fitness Studio健身工作室,sports,体育休闲服务;运动场馆;健身中心,锦江区,104.087733,30.622375
好运棋牌(河滨路),sports,体育休闲服务;娱乐场所;棋牌室,锦江区,104.085919,30.623977
橡树林业主篮球场,sports,体育休闲服务;运动场馆;篮球场馆,锦江区,104.089693,30.627979
梦之队跆拳道,sports,体育休闲服务;运动场馆;跆拳道场馆,锦江区,104.087761,30.622299
韦德伍斯健身会所(万达广场锦华路店),sports,体育休闲服务;运动场馆;健身中心,锦江区,104.094891,30.62312
大歌星(万达广场),sports,体育休闲服务;娱乐场所;KTV,锦江区,104.0938,30.622698
中航·爱老之家(东润社区日间照料中心),sports,体育休闲服务;度假疗养场所;疗养院|生活服务;生活服务场所;生活服务场所,锦江区,104.101317,30.621632
We Go纯K主题KTV,sports,体育休闲服务;娱乐场所;KTV,锦江区,104.095385,30.623043
大玩家超乐场(锦华路店),sports,体育休闲服务;休闲场所;游乐场,锦江区,104.09372,30.622701
万达影城(万达广场锦华路店),sports,体育休闲服务;影剧院;电影院,锦江区,104.094153,30.623006
蒙娜丽莎量贩KTV,sports,体育休闲服务;娱乐场所;KTV,锦江区,104.094891,30.62312
青房云上一期游泳池,sports,体育休闲服务;运动场馆;游泳馆,锦江区,104.099952,30.622499
万锦.蒙娜丽莎(万达广场),sports,体育休闲服务;休闲场所;休闲场所,锦江区,104.094642,30.623286
自由飞翔网咖,sports,体育休闲服务;娱乐场所;网吧,锦江区,104.102512,30.623403
waiting for you家庭酒吧,sports,体育休闲服务;娱乐场所;酒吧,锦江区,104.095254,30.624202
龙舟网咖,sports,体育休闲服务;娱乐场所;网吧,锦江区,104.095757,30.627748
魔豆光年网吧,sports,体育休闲服务;娱乐场所;网吧,锦江区,104.097043,30.619668
神采飞扬游乐场,sports,体育休闲服务;休闲场所;游乐场,锦江区,104.095315,30.62447
奥乐奥儿童游乐园,sports,体育休闲服务;休闲场所;游乐场,锦江区,104.094033,30.623402
九点网咖,sports,体育休闲服务;娱乐场所;网吧,锦江区,104.100586,30.623976
闪电骑士5D动感影像体验馆,sports,体育休闲服务;体育休闲服务场所;体育休闲服务场所,锦江区,104.093671,30.622415
博派网咖(非凡超越店),sports,体育休闲服务;娱乐场所;网吧,锦江区,104.101779,30.624517
完美健身,sports,体育休闲服务;运动场馆;健身中心,锦江区,104.10067,30.626115
羽毛球场屋顶花园,sports,体育休闲服务;体育休闲服务场所;体育休闲服务场所,锦江区,104.100845,30.626273
养老生活馆,sports,体育休闲服务;体育休闲服务场所;体育休闲服务场所,锦江区,104.099204,30.627999
大川健生·黑匣子运动艺术馆,sports,体育休闲服务;休闲场所;休闲场所,锦江区,104.100424,30.623344
静颐助残养老中心,sports,体育休闲服务;体育休闲服务场所;体育休闲服务场所,锦江区,104.09756,30.622423
奥乐奥水育馆,sports,体育休闲服务;体育休闲服务场所;体育休闲服务场所,锦江区,104.094033,30.623402
妈妈微笑(万达广场),sports,体育休闲服务;娱乐场所;娱乐场所,锦江区,104.094598,30.623942
儿童天地(万达广场),sports,体育休闲服务;娱乐场所;娱乐场所,锦江区,104.094344,30.624015
东光台球城,sports,体育休闲服务;运动场馆;台球厅,锦江区,104.096675,30.619543
新老朋友棋室,sports,体育休闲服务;娱乐场所;棋牌室,锦江区,104.097227,30.619429
东光街道综合文体活动中心,sports,商务住宅;住宅区;社区中心|体育休闲服务;娱乐场所;娱乐场所,锦江区,104.097127,30.622965
大玩家(万达广场),sports,体育休闲服务;娱乐场所;游戏厅,锦江区,104.093692,30.622687
网吧,sports,体育休闲服务;娱乐场所;网吧,锦江区,104.101849,30.624378
异次元密室逃脱(万达广场店),sports,体育休闲服务;娱乐场所;娱乐场所,锦江区,104.094297,30.624404
东光棋牌室,sports,体育休闲服务;娱乐场所;棋牌室,锦江区,104.098162,30.619779
成都万达国际电影城有限公司,sports,体育休闲服务;体育休闲服务场所;体育休闲服务场所,锦江区,104.094033,30.623402
骑圣网咖,sports,体育休闲服务;娱乐场所;网吧,锦江区,104.097442,30.628475
乐智小天地(万达广场),sports,体育休闲服务;娱乐场所;娱乐场所,锦江区,104.094797,30.62396
WAN DA CINEMA(万达广场锦华路店),sports,体育休闲服务;体育休闲服务场所;体育休闲服务场所,锦江区,104.094061,30.622492
老麻将,sports,体育休闲服务;娱乐场所;棋牌室,锦江区,104.094713,30.627651
玩美极至VR虚拟现实体验,sports,体育休闲服务;娱乐场所;娱乐场所,锦江区,104.093744,30.623135
茶品茗棋牌,sports,体育休闲服务;娱乐场所;棋牌室,锦江区,104.097016,30.621563
品茗棋牌,sports,体育休闲服务;娱乐场所;棋牌室,锦江区,104.100374,30.626129
天龙网络会所(东光北顺街),sports,体育休闲服务;娱乐场所;网吧,锦江区,104.097687,30.6255
洋洋棋牌室(东光北巷),sports,体育休闲服务;娱乐场所;棋牌室,锦江区,104.09974,30.621048
龙舟路街道河滨社区健身俱乐部,sports,体育休闲服务;运动场馆;健身中心,锦江区,104.094705,30.628527
友多多玩具自制体验店(万达广场),sports,体育休闲服务;娱乐场所;娱乐场所,锦江区,104.09433,30.624295
东苑棋牌室(二环路东五段),sports,体育休闲服务;娱乐场所;棋牌室,锦江区,104.096058,30.628078
迦韵国际瑜伽舞蹈俱乐部(成仁店),sports,体育休闲服务;运动场馆;健身中心,锦江区,104.095644,30.626364
骏熙跆拳道,sports,体育休闲服务;运动场馆;跆拳道场馆,锦江区,104.097363,30.621085
东润羽毛球馆,sports,体育休闲服务;运动场馆;羽毛球场,锦江区,104.101517,30.624041
良品铺子活动场所,sports,体育休闲服务;体育休闲服务场所;体育休闲服务场所,锦江区,104.094553,30.624777
黑匣子健身俱乐部,sports,体育休闲服务;体育休闲服务场所;体育休闲服务场所,锦江区,104.10037,30.625929
乐童儿童乐园,sports,体育休闲服务;休闲场所;游乐场,锦江区,104.103461,30.620202
长生源体育健身中心,sports,体育休闲服务;运动场馆;健身中心,锦江区,104.110999,30.623059
索尔魅力量贩KTV(索尔店),sports,体育休闲服务;娱乐场所;KTV,锦江区,104.10907,30.620301
尚成绿岭恒温游泳馆,sports,体育休闲服务;运动场馆;游泳馆,锦江区,104.104638,30.621247
望江会所,sports,体育休闲服务;娱乐场所;娱乐场所,锦江区,104.111952,30.629168
成都超羿射箭俱乐部,sports,体育休闲服务;运动场馆;运动场所,锦江区,104.111569,30.623181
数字时光网咖(成渝路),sports,体育休闲服务;娱乐场所;网吧,锦江区,104.11229,30.622013
梦幻世界网吧(观音桥街),sports,体育休闲服务;娱乐场所;网吧,锦江区,104.104332,30.6204
冰克网络会所,sports,体育休闲服务;娱乐场所;网吧,锦江区,104.113349,30.62249
印象沙河网咖,sports,体育休闲服务;娱乐场所;网吧,锦江区,104.112341,30.621996
米优瑜伽健身会馆,sports,体育休闲服务;运动场馆;健身中心,锦江区,104.112316,30.621815
羽毛球馆,sports,体育休闲服务;运动场馆;健身中心,锦江区,104.111202,30.623128
鸿运会所,sports,体育休闲服务;体育休闲服务场所;体育休闲服务场所,锦江区,104.108011,30.622843
开心麻将(净居寺路),sports,体育休闲服务;娱乐场所;棋牌室,锦江区,104.104761,30.624711
和嘉天健羽毛球馆(净居寺路店),sports,体育休闲服务;运动场馆;羽毛球场,锦江区,104.11023,30.626963
麻麻,sports,体育休闲服务;娱乐场所;棋牌室,锦江区,104.103697,30.619732
牛沙棋牌室,sports,体育休闲服务;娱乐场所;棋牌室,锦江区,104.106522,30.628578
博速羽毛球俱乐部(净居寺店),sports,体育休闲服务;运动场馆;羽毛球场,锦江区,104.111142,30.623127
星空间量贩KTV,sports,体育休闲服务;娱乐场所;KTV,锦江区,104.121498,30.625036
院8里(菱窠路店),sports,餐饮服务;中餐厅;四川菜(川菜)|体育休闲服务;娱乐场所;棋牌室,锦江区,104.117536,30.622113
四川邮电职业技术学院运动场,sports,体育休闲服务;运动场馆;运动场所,锦江区,104.121025,30.621866
波星宇电竞馆,sports,体育休闲服务;娱乐场所;游戏厅|餐饮服务;休闲餐饮场所;休闲餐饮场所,锦江区,104.114037,30.62617
Show时代健身,sports,体育休闲服务;运动场馆;健身中心,锦江区,104.114695,30.626072
圣珈瑜伽(沙河会馆店),sports,体育休闲服务;运动场馆;健身中心,锦江区,104.113599,30.621707
宇哲KTV,sports,体育休闲服务;娱乐场所;KTV,锦江区,104.114424,30.620892
狮子山街道综合文化活动中心,sports,体育休闲服务;休闲场所;休闲场所,锦江区,104.117019,30.620865
四川邮电职业技术学院篮球场,sports,体育休闲服务;运动场馆;篮球场馆,锦江区,104.120953,30.620593
明星KTV(比华利店),sports,体育休闲服务;娱乐场所;KTV,锦江区,104.126122,30.62071
我们的啤酒屋,sports,体育休闲服务;娱乐场所;酒吧,锦江区,104.126041,30.620581
名唐网咖,sports,体育休闲服务;娱乐场所;网吧,锦江区,104.126128,30.62025
漫空间网咖(劼人路),sports,体育休闲服务;娱乐场所;网吧,锦江区,104.124719,30.621326
英连科网吧,sports,体育休闲服务;娱乐场所;网吧,成华区,104.125978,30.621406
VR Family体验馆,sports,体育休闲服务;体育休闲服务场所;体育休闲服务场所,锦江区,104.124993,30.62025
索美塞网咖,sports,体育休闲服务;娱乐场所;网吧,锦江区,104.124549,30.621292
狮山名师网咖,sports,体育休闲服务;娱乐场所;网吧,锦江区,104.125139,30.621345
万思达电竞网吧(劼人路),sports,体育休闲服务;娱乐场所;网吧,锦江区,104.124204,30.620793
凯邦健身俱乐部,sports,体育休闲服务;运动场馆;健身中心,锦江区,104.124737,30.621354
四川邮电职业技术学院离退休活动中心,sports,体育休闲服务;休闲场所;休闲场所,锦江区,104.123799,30.622027
万虹锦(东门店),sports,体育休闲服务;娱乐场所;娱乐场所,锦江区,104.125708,30.619735
丁香园休闲庄,sports,体育休闲服务;休闲场所;休闲场所,成华区,104.136448,30.621144
焦糖网吧(大观里),sports,体育休闲服务;娱乐场所;网吧,锦江区,104.133899,30.620579
金色印象网咖,sports,体育休闲服务;娱乐场所;网吧,成华区,104.140804,30.628043
卢米埃成都魅力城影城,sports,体育休闲服务;影剧院;电影院,成华区,104.150136,30.629148
麦卡迪量贩KTV(东门店),sports,体育休闲服务;娱乐场所;KTV,成华区,104.150582,30.628978
魅力运动中心羽毛球馆,sports,体育休闲服务;运动场馆;羽毛球场,成华区,104.14672,30.62672
魅力羽毛球馆(和锦路),sports,体育休闲服务;运动场馆;羽毛球场,成华区,104.150274,30.625193
曼格酒吧,sports,体育休闲服务;娱乐场所;酒吧,成华区,104.150557,30.629179
名流网咖,sports,体育休闲服务;娱乐场所;网吧,成华区,104.152595,30.628171
陀罗瑜伽馆,sports,体育休闲服务;运动场馆;健身中心,成华区,104.151929,30.625603
马博士婴儿游泳馆,sports,体育休闲服务;运动场馆;运动场所,成华区,104.151113,30.629134
麦乐迪KTV,sports,体育休闲服务;体育休闲服务场所;体育休闲服务场所,成华区,104.151282,30.628613
悠游堂(万科路店),sports,体育休闲服务;休闲场所;游乐场,成华区,104.151292,30.628596
顽石网咖(旗舰店),sports,体育休闲服务;娱乐场所;网吧,成华区,104.148932,30.629408
魔方VR视觉游戏体验馆,sports,体育休闲服务;娱乐场所;娱乐场所,成华区,104.148545,30.628977
电玩店,sports,体育休闲服务;娱乐场所;娱乐场所,成华区,104.150913,30.629055
动动乐园,sports,体育休闲服务;体育休闲服务场所;体育休闲服务场所,成华区,104.15033,30.628923
LIFE PUB,sports,体育休闲服务;娱乐场所;酒吧,成华区,104.156345,30.629096
尚生活酒吧,sports,体育休闲服务;娱乐场所;酒吧,成华区,104.156461,30.629221
倾力健身工作室,sports,体育休闲服务;运动场馆;健身中心,成华区,104.158209,30.629175
调调酒馆,sports,体育休闲服务;体育休闲服务场所;体育休闲服务场所,成华区,104.154334,30.628931
爱麻仕,sports,体育休闲服务;娱乐场所;棋牌室,成华区,104.156106,30.629393
花语休闲,sports,体育休闲服务;娱乐场所;棋牌室,武侯区,103.965573,30.614538
太平洋影城(金凤街店),sports,体育休闲服务;影剧院;电影院,武侯区,103.968709,30.612167
自由空间网吧(草金路南段),sports,体育休闲服务;娱乐场所;网吧,武侯区,103.970512,30.61134
新城南汇都KTV,sports,体育休闲服务;娱乐场所;KTV,武侯区,103.965573,30.614538
白天鹅娱乐会所,sports,体育休闲服务;休闲场所;休闲场所,武侯区,103.965521,30.614592
白天鹅KTV歌城,sports,体育休闲服务;娱乐场所;KTV,武侯区,103.96653,30.613275
美美会娱乐会所,sports,体育休闲服务;娱乐场所;KTV,武侯区,103.966393,30.613333
尊上网咖,sports,体育休闲服务;娱乐场所;网吧,武侯区,103.968639,30.611334
黑洞网吧,sports,体育休闲服务;娱乐场所;网吧,武侯区,103.966647,30.612813
鸿图网咖,sports,体育休闲服务;娱乐场所;网吧,武侯区,103.965573,30.614538
机车码头俱乐部,sports,体育休闲服务;体育休闲服务场所;体育休闲服务场所,武侯区,103.967618,30.619552
24小时专业健身,sports,体育休闲服务;运动场馆;健身中心,武侯区,103.968617,30.611477
七里村老年活动中心,sports,体育休闲服务;休闲场所;休闲场所,武侯区,103.971563,30.613189
铠笛电玩,sports,体育休闲服务;娱乐场所;游戏厅,武侯区,103.966564,30.613217
巷子老年活动中心,sports,体育休闲服务;休闲场所;休闲场所,武侯区,103.96981,30.617453
食圣生态园,sports,体育休闲服务;度假疗养场所;度假村,武侯区,103.971186,30.619326
中环网吧(智达二路),sports,体育休闲服务;娱乐场所;网吧,武侯区,103.983067,30.613499
白天鹅娱乐会所,sports,体育休闲服务;休闲场所;休闲场所,武侯区,103.975471,30.615324
新芒果网咖,sports,体育休闲服务;娱乐场所;网吧,武侯区,103.983497,30.618701
永兴社区居家养老服务中心,sports,体育休闲服务;度假疗养场所;疗养院,武侯区,103.988365,30.615732
十年网吧(铁佛路),sports,体育休闲服务;娱乐场所;网吧,武侯区,103.987823,30.614338
阳光商务会所,sports,体育休闲服务;娱乐场所;娱乐场所,武侯区,103.984693,30.612511
征服之海网吧,sports,体育休闲服务;娱乐场所;网吧,武侯区,103.983843,30.612975
游乐场,sports,体育休闲服务;休闲场所;游乐场,武侯区,103.988287,30.610096
尚·花影网络体验馆,sports,体育休闲服务;娱乐场所;网吧,武侯区,103.989932,30.610423
成都市武侯区铁佛养老院,sports,体育休闲服务;度假疗养场所;疗养院,武侯区,103.988361,30.61573
狗狗网络生活馆,sports,体育休闲服务;娱乐场所;网吧,武侯区,103.991966,30.612464
鹏程乒乓球爱好者新家,sports,体育休闲服务;体育休闲服务场所;体育休闲服务场所,武侯区,103.989489,30.613419
锦城社区活动中心,sports,体育休闲服务;休闲场所;休闲场所,武侯区,103.984594,30.612024
GoGo网络生活馆,sports,体育休闲服务;娱乐场所;网吧,武侯区,103.991866,30.612177
武侯区簇桥街道综合文化活动中心,sports,体育休闲服务;休闲场所;休闲场所,武侯区,103.993662,30.609787
悠尚瑜伽(玉锦路),sports,体育休闲服务;运动场馆;健身中心,武侯区,103.988514,30.610231
鲁卡奇游乐园,sports,体育休闲服务;休闲场所;游乐场,武侯区,103.984071,30.612796
安吉休闲会所,sports,体育休闲服务;体育休闲服务场所;体育休闲服务场所,武侯区,103.99386,30.614077
参木游泳场,sports,体育休闲服务;运动场馆;游泳馆,武侯区,103.994767,30.612312
都市边缘热浪酒吧(福锦路二段),sports,体育休闲服务;娱乐场所;酒吧,武侯区,103.995352,30.610233
星动在线网吧,sports,体育休闲服务;娱乐场所;网吧,武侯区,103.996105,30.610338
水云天游泳池,sports,体育休闲服务;运动场馆;游泳馆,武侯区,103.994791,30.612497
簇锦公园儿童游乐场,sports,体育休闲服务;休闲场所;游乐场,武侯区,103.994512,30.61261
琪铭台球俱乐部,sports,体育休闲服务;运动场馆;台球厅,武侯区,103.995605,30.61038
2号厅,sports,体育休闲服务;体育休闲服务场所;体育休闲服务场所,武侯区,104.003404,30.615864
廖姐麻将室,sports,体育休闲服务;娱乐场所;棋牌室,武侯区,103.997489,30.610147
古镇茶坊机麻棋牌,sports,体育休闲服务;娱乐场所;棋牌室,武侯区,103.995635,30.610504
华思达实业发展叁木游泳场,sports,体育休闲服务;运动场馆;游泳馆,武侯区,103.994228,30.611875
梦港之夜,sports,体育休闲服务;体育休闲服务场所;体育休闲服务场所,武侯区,104.009274,30.614555
昌都大世界网吧,sports,体育休闲服务;娱乐场所;网吧,武侯区,104.009553,30.611253
幻缘网吧,sports,体育休闲服务;娱乐场所;网吧,武侯区,104.019294,30.617364
顺心桌球场,sports,体育休闲服务;运动场馆;台球厅,武侯区,104.018632,30.6186
维克特青少年足球俱乐部,sports,体育休闲服务;运动场馆;足球场,武侯区,104.022568,30.6191
飞鸟网吧(南桥二路),sports,体育休闲服务;娱乐场所;网吧,武侯区,104.018238,30.619187
等你网络会所,sports,体育休闲服务;娱乐场所;网吧,武侯区,104.017827,30.618791
四川省棒垒曲运动管理中心棒垒球场,sports,体育休闲服务;运动场馆;运动场所,武侯区,104.022392,30.610127
代友棋牌室,sports,体育休闲服务;娱乐场所;棋牌室,武侯区,104.014993,30.618164
怡都国际俱乐部,sports,体育休闲服务;娱乐场所;娱乐场所,武侯区,104.024297,30.612507
老怡都夜总会,sports,体育休闲服务;娱乐场所;夜总会,武侯区,104.024346,30.612263
杰喜美运动休闲馆,sports,体育休闲服务;运动场馆;运动场所,武侯区,104.038224,30.613227
鸿之翔羽毛球中心,sports,体育休闲服务;运动场馆;羽毛球场,武侯区,104.034426,30.614638
波力羽毛球成都训练馆,sports,体育休闲服务;运动场馆;羽毛球场,武侯区,104.037267,30.613698
如果酒馆,sports,体育休闲服务;娱乐场所;酒吧,武侯区,104.038076,30.615658
讯达游泳池(玲珑南域),sports,体育休闲服务;运动场馆;游泳馆,武侯区,104.036133,30.612023
海堡儿童乐园,sports,体育休闲服务;休闲场所;游乐场,武侯区,104.03609,30.610593
高新区养老院,sports,体育休闲服务;体育休闲服务场所;体育休闲服务场所,武侯区,104.038525,30.611192
卡奇乐儿童乐园,sports,体育休闲服务;休闲场所;游乐场,武侯区,104.036498,30.610122
阳光家园党员活动中心,sports,体育休闲服务;体育休闲服务场所;体育休闲服务场所,武侯区,104.041156,30.616186
伽梵瑜伽(神仙树店),sports,体育休闲服务;运动场馆;健身中心,武侯区,104.042238,30.617751
动美斯健身,sports,体育休闲服务;运动场馆;健身中心,武侯区,104.036498,30.610122
黑糖网咖星空网络(新乐店),sports,体育休闲服务;娱乐场所;网吧,武侯区,104.036482,30.61105
提莫网咖,sports,体育休闲服务;娱乐场所;网吧,武侯区,104.036734,30.610362
壹卉嘉会馆,sports,体育休闲服务;娱乐场所;娱乐场所,武侯区,104.0385,30.615201
成都高新区青春同路青年俱乐部,sports,体育休闲服务;体育休闲服务场所;体育休闲服务场所,武侯区,104.040654,30.616484
红支祥羽毛球馆,sports,体育休闲服务;运动场馆;羽毛球场,武侯区,104.036856,30.616101
初练健身工作室(南门教学点),sports,体育休闲服务;运动场馆;健身中心,武侯区,104.036204,30.612479
晓晓机麻,sports,体育休闲服务;娱乐场所;棋牌室,武侯区,104.035005,30.611934
瑞宏乒乓球馆,sports,体育休闲服务;运动场馆;乒乓球馆,武侯区,104.038386,30.613334
卓悦乒乓球馆,sports,体育休闲服务;运动场馆;乒乓球馆,武侯区,104.037925,30.613556
迪乐泥游乐场,sports,体育休闲服务;休闲场所;游乐场,武侯区,104.04327,30.617367
成都霓裳休闲健身工作室(紫荆店),sports,体育休闲服务;体育休闲服务场所;体育休闲服务场所,武侯区,104.047116,30.617611
缤纷量贩式KTV(紫荆店),sports,体育休闲服务;娱乐场所;KTV,武侯区,104.052321,30.618032
东方之星国际台球会所,sports,体育休闲服务;运动场馆;台球厅,武侯区,104.05271,30.618906
千寻·网络会所(南门店),sports,体育休闲服务;娱乐场所;网吧,武侯区,104.051719,30.617984
素语茶舍,sports,体育休闲服务;娱乐场所;棋牌室|餐饮服务;茶艺馆;茶艺馆,武侯区,104.048417,30.614772
金鑫网吧(紫荆东路店),sports,体育休闲服务;娱乐场所;网吧,武侯区,104.053316,30.615321
中海名城恒温游泳馆,sports,体育休闲服务;运动场馆;游泳馆,武侯区,104.044145,30.616115
妲己酒吧(紫荆店),sports,体育休闲服务;娱乐场所;酒吧,武侯区,104.052202,30.61831
Qmethyset Bar,sports,体育休闲服务;娱乐场所;酒吧,武侯区,104.053266,30.618215
77KTV,sports,体育休闲服务;娱乐场所;KTV,武侯区,104.045719,30.61869
陆羽桌球俱乐部,sports,体育休闲服务;运动场馆;台球厅,武侯区,104.053,30.618405
道格韦恩健身游泳馆,sports,体育休闲服务;运动场馆;游泳馆,武侯区,104.051556,30.615493
蓝球场,sports,体育休闲服务;运动场馆;运动场所,武侯区,104.050162,30.612873
Melody club,sports,体育休闲服务;娱乐场所;酒吧,武侯区,104.052926,30.618075
Matata cocktail&whisky bar,sports,体育休闲服务;娱乐场所;酒吧,武侯区,104.04719,30.613265
雨果精酿啤酒馆Hugos Brewpub,sports,体育休闲服务;娱乐场所;酒吧,武侯区,104.047776,30.616833
天鹅堡·环球酒窖,sports,体育休闲服务;娱乐场所;酒吧,武侯区,104.048422,30.61528
玛玛珂游泳馆,sports,体育休闲服务;运动场馆;游泳馆,武侯区,104.052368,30.615699
一方茶水(美熙商场店),sports,体育休闲服务;体育休闲服务场所;体育休闲服务场所,武侯区,104.052325,30.615174
如己酒吧,sports,体育休闲服务;娱乐场所;酒吧,武侯区,104.052151,30.618332
奥恩健身,sports,体育休闲服务;运动场馆;健身中心,武侯区,104.045884,30.619009
刘常忠攀岩馆,sports,体育休闲服务;体育休闲服务场所;体育休闲服务场所,武侯区,104.052228,30.618306
恒星,sports,体育休闲服务;娱乐场所;酒吧,武侯区,104.052837,30.618434
紫荆网吧(紫竹中街),sports,体育休闲服务;娱乐场所;网吧,武侯区,104.052202,30.61831
洪利会所,sports,体育休闲服务;体育休闲服务场所;体育休闲服务场所,武侯区,104.052198,30.618257
村根,sports,体育休闲服务;娱乐场所;酒吧,武侯区,104.047148,30.616728
九指轨道茶(紫荆名园商务楼北),sports,餐饮服务;茶艺馆;茶艺馆|体育休闲服务;休闲场所;休闲场所,武侯区,104.048357,30.617697
劲道轮滑俱乐部,sports,体育休闲服务;运动场馆;运动场所,武侯区,104.051371,30.616999
西行驿站酒吧,sports,体育休闲服务;娱乐场所;酒吧,武侯区,104.047247,30.616765
成都新东方千禧大酒店-室内恒温游泳池,sports,体育休闲服务;运动场馆;游泳馆,武侯区,104.046283,30.615529
大世界紫荆网吧(紫竹中路店),sports,体育休闲服务;娱乐场所;网吧,武侯区,104.052573,30.618866
成都思必好网络科技有限公司(紫竹店),sports,体育休闲服务;娱乐场所;网吧,武侯区,104.052435,30.618838
东方舞瑜伽(紫竹北街),sports,体育休闲服务;运动场馆;健身中心,武侯区,104.053218,30.61919
绿氧健身中心,sports,体育休闲服务;运动场馆;健身中心,武侯区,104.046277,30.615523
Ibeer进口酒体验馆,sports,购物服务;专卖店;烟酒专卖店|体育休闲服务;娱乐场所;酒吧,武侯区,104.046804,30.616725
轻盈瑜伽(紫荆店),sports,体育休闲服务;运动场馆;健身中心,武侯区,104.053167,30.61912
紫会酒店-棋牌室,sports,体育休闲服务;娱乐场所;棋牌室,武侯区,104.052188,30.615828
爱尚瑜伽馆,sports,体育休闲服务;运动场馆;健身中心,武侯区,104.0449,30.611963
祥云棋牌室(紫薇东路),sports,体育休闲服务;娱乐场所;棋牌室,武侯区,104.051114,30.6133
紫竹阁,sports,体育休闲服务;娱乐场所;棋牌室,武侯区,104.052899,30.617774
南马酒吧,sports,体育休闲服务;娱乐场所;酒吧,武侯区,104.046914,30.616725
驰场,sports,体育休闲服务;娱乐场所;酒吧,武侯区,104.04722,30.616729
一本道馆(紫荆旗舰店),sports,体育休闲服务;运动场馆;跆拳道场馆,武侯区,104.053396,30.619058
创博高尔夫(新阵地店),sports,体育休闲服务;高尔夫相关;高尔夫相关,武侯区,104.045366,30.610586
稻田乐国际跆拳道,sports,体育休闲服务;运动场馆;跆拳道场馆,武侯区,104.048417,30.617248
云国际跆拳道馆(紫荆店),sports,体育休闲服务;运动场馆;跆拳道场馆,武侯区,104.04828,30.617275
翔宇花园会所,sports,体育休闲服务;体育休闲服务场所;体育休闲服务场所,武侯区,104.052932,30.613615
很温游泳馆,sports,体育休闲服务;运动场馆;游泳馆,武侯区,104.044145,30.616112
粹雪韩国KTV,sports,体育休闲服务;娱乐场所;KTV,武侯区,104.052657,30.618108
PK漂亮生活KTV(紫荆店),sports,体育休闲服务;娱乐场所;KTV,武侯区,104.054006,30.61748
澳瑞特健身(新光路),sports,体育休闲服务;运动场馆;健身中心,武侯区,104.054719,30.61799
君爵·KTV,sports,体育休闲服务;娱乐场所;KTV,武侯区,104.058769,30.610354
盟友网吧(桐梓林南路),sports,体育休闲服务;娱乐场所;网吧,武侯区,104.062371,30.614007
鑫港网咖,sports,体育休闲服务;娱乐场所;网吧,武侯区,104.056715,30.610718
红霞网吧,sports,体育休闲服务;娱乐场所;网吧,武侯区,104.063321,30.611377
放肆轰趴馆,sports,体育休闲服务;娱乐场所;KTV,武侯区,104.062302,30.618798
金K音乐部落,sports,体育休闲服务;娱乐场所;KTV,武侯区,104.054011,30.618029
爱尚主题KTV量贩(成都店),sports,体育休闲服务;娱乐场所;KTV,武侯区,104.053774,30.618544
菩梵瑜伽,sports,体育休闲服务;运动场馆;健身中心,武侯区,104.055251,30.617462
玩酒会,sports,体育休闲服务;娱乐场所;酒吧,武侯区,104.058386,30.613392
金玫瑰KTV夜总会娱乐会所,sports,体育休闲服务;娱乐场所;KTV,武侯区,104.054593,30.618053
世纪锦苑游泳馆,sports,体育休闲服务;运动场馆;游泳馆,武侯区,104.058037,30.614695
欣越人网吧,sports,体育休闲服务;娱乐场所;网吧,武侯区,104.061836,30.613394
Mr.Wine Bar,sports,体育休闲服务;娱乐场所;酒吧,武侯区,104.058401,30.613544
凯莱帝景花园篮球场,sports,体育休闲服务;运动场馆;篮球场馆,武侯区,104.062983,30.618822
Iris CLUB,sports,体育休闲服务;娱乐场所;酒吧,武侯区,104.053585,30.618604
腾飞乒羽俱乐部,sports,体育休闲服务;运动场馆;运动场所,武侯区,104.05472,30.617983
大世界羽毛球,sports,体育休闲服务;运动场馆;羽毛球场,武侯区,104.054719,30.61799
mr.beer啤酒先生(桐梓林店),sports,体育休闲服务;娱乐场所;酒吧,武侯区,104.057749,30.613922
凯莱帝景游泳馆,sports,体育休闲服务;运动场馆;游泳馆,武侯区,104.063484,30.619024
微妙时光电竞馆,sports,体育休闲服务;娱乐场所;网吧,武侯区,104.058405,30.613505
小水酒迹,sports,体育休闲服务;娱乐场所;酒吧,武侯区,104.062403,30.61439
AK47进口啤酒吧,sports,体育休闲服务;娱乐场所;酒吧,武侯区,104.054456,30.61078
1492PLUS,sports,体育休闲服务;体育休闲服务场所;体育休闲服务场所,武侯区,104.059069,30.614026
锦绣花园网球场,sports,体育休闲服务;运动场馆;网球场,武侯区,104.059693,30.617933
蔓舞钢管舞工作室,sports,体育休闲服务;运动场馆;运动场所,武侯区,104.058205,30.613375
成都易美网球俱乐部,sports,体育休闲服务;运动场馆;网球场,武侯区,104.054956,30.615814
古巴热浪城堡,sports,体育休闲服务;体育休闲服务场所;体育休闲服务场所,武侯区,104.063211,30.615957
传奇健身(凯莱帝景店),sports,体育休闲服务;运动场馆;健身中心,武侯区,104.063206,30.618978
paron高尔夫,sports,体育休闲服务;运动场馆;运动场所,武侯区,104.053869,30.618153
澜谷,sports,体育休闲服务;娱乐场所;酒吧,武侯区,104.058393,30.613396
芳草地老年活动站,sports,体育休闲服务;休闲场所;休闲场所,武侯区,104.061454,30.615503
尚都健身俱乐部(紫荆店),sports,体育休闲服务;运动场馆;健身中心,武侯区,104.05472,30.617983
金座娱乐汇,sports,体育休闲服务;娱乐场所;娱乐场所,武侯区,104.054012,30.618026
婵悦会,sports,体育休闲服务;体育休闲服务场所;体育休闲服务场所,武侯区,104.063332,30.614377
印源瑜伽会馆,sports,体育休闲服务;运动场馆;健身中心,武侯区,104.055171,30.617312
衡武会馆(桐梓林店),sports,体育休闲服务;运动场馆;健身中心,武侯区,104.056366,30.615584
悉瓦南达瑜伽吠檀多中心,sports,体育休闲服务;运动场馆;健身中心,武侯区,104.059885,30.619219
白玫瑰,sports,体育休闲服务;娱乐场所;娱乐场所,武侯区,104.063362,30.612255
达木瑜伽(桐梓林店),sports,体育休闲服务;运动场馆;健身中心,武侯区,104.063108,30.618853
新加坡花园游泳馆,sports,体育休闲服务;运动场馆;游泳馆,武侯区,104.055338,30.613221
科雷室内运动俱乐部(中华园二期游泳池),sports,体育休闲服务;运动场馆;游泳馆,武侯区,104.058569,30.618921
凯莱康体会所,sports,体育休闲服务;运动场馆;健身中心,武侯区,104.063108,30.61884
1872高尔夫主题酒吧,sports,体育休闲服务;娱乐场所;酒吧,武侯区,104.061638,30.612874
金庭娱乐汇,sports,体育休闲服务;娱乐场所;娱乐场所,武侯区,104.054541,30.618559
假装轰趴馆Pretend Home Party(轰趴豪华别墅一套),sports,体育休闲服务;体育休闲服务场所;体育休闲服务场所,武侯区,104.063403,30.619057
尼玛瑜伽馆,sports,体育休闲服务;运动场馆;健身中心,武侯区,104.063108,30.618853
如意棋牌室(桐叶路),sports,体育休闲服务;娱乐场所;棋牌室,武侯区,104.062651,30.613494
火车南站社区活动中心,sports,体育休闲服务;休闲场所;休闲场所,武侯区,104.058182,30.612049
指尚传奇休闲会所,sports,体育休闲服务;体育休闲服务场所;体育休闲服务场所,武侯区,104.054968,30.617025
棕树体育场馆,sports,体育休闲服务;运动场馆;综合体育馆,武侯区,104.071567,30.615876
康泰休闲俱乐部,sports,体育休闲服务;娱乐场所;棋牌室,武侯区,104.069401,30.613855
成都印伽梵渡健身服务有限公司(曼哈顿馆),sports,体育休闲服务;体育休闲服务场所;体育休闲服务场所,武侯区,104.070149,30.617801
米乐星世界KTV(南门店),sports,体育休闲服务;娱乐场所;KTV,武侯区,104.065201,30.611759
美力国际俱乐部,sports,体育休闲服务;娱乐场所;KTV,武侯区,104.064044,30.611639
好乐星KTV(南门店),sports,体育休闲服务;娱乐场所;KTV,武侯区,104.065137,30.613128
首府KTV,sports,体育休闲服务;娱乐场所;KTV,武侯区,104.063985,30.614844
千久国际娱乐会所,sports,体育休闲服务;娱乐场所;KTV,武侯区,104.069249,30.618352
玛亚瑜伽(桐梓林店),sports,体育休闲服务;运动场馆;健身中心,武侯区,104.065254,30.613193
1520酒吧,sports,体育休闲服务;娱乐场所;酒吧|购物服务;便民商店/便利店;便民商店/便利店,武侯区,104.072406,30.616101
凯家KTV,sports,体育休闲服务;娱乐场所;KTV,武侯区,104.064121,30.611631
紫兰会阳光KTV,sports,体育休闲服务;娱乐场所;KTV,武侯区,104.073217,30.618482
多恩量贩KTV,sports,体育休闲服务;娱乐场所;KTV,武侯区,104.069298,30.61837
DAWN量版KTV,sports,体育休闲服务;娱乐场所;KTV,武侯区,104.067433,30.618592
k+时尚量贩KTV,sports,体育休闲服务;娱乐场所;KTV,武侯区,104.064046,30.611495
墨酒吧(棕树西街),sports,体育休闲服务;娱乐场所;酒吧,武侯区,104.07045,30.617706
名士公馆游泳池,sports,体育休闲服务;运动场馆;游泳馆,武侯区,104.068296,30.615064
BQ德州红酒体验馆,sports,体育休闲服务;娱乐场所;酒吧,武侯区,104.069647,30.61701
富豪首座酒店-游泳池,sports,体育休闲服务;运动场馆;游泳馆,武侯区,104.063963,30.614561
Nico Cocktail Bar,sports,体育休闲服务;娱乐场所;酒吧,武侯区,104.063934,30.615678
LA CAVE来看红酒吧,sports,体育休闲服务;娱乐场所;酒吧,武侯区,104.063853,30.615354
醉猫酒吧,sports,体育休闲服务;娱乐场所;酒吧,武侯区,104.068094,30.619054
冰凡网咖,sports,体育休闲服务;娱乐场所;网吧|餐饮服务;咖啡厅;咖啡厅,武侯区,104.068396,30.619053
水漪袅铜游泳馆,sports,体育休闲服务;运动场馆;游泳馆,武侯区,104.069736,30.615336
理想网咖(长寿路),sports,体育休闲服务;娱乐场所;网吧,武侯区,104.071059,30.614858
快乐时光量贩KTV(长寿苑社区59号院落西),sports,体育休闲服务;娱乐场所;KTV,武侯区,104.065954,30.611511
青柠网咖(棕树西街),sports,体育休闲服务;娱乐场所;网吧,武侯区,104.070634,30.617562
刷子,sports,体育休闲服务;娱乐场所;酒吧,武侯区,104.071439,30.61631
丰德国际多恩国际酒吧,sports,体育休闲服务;娱乐场所;酒吧,武侯区,104.067202,30.618144
你的小酒馆,sports,体育休闲服务;娱乐场所;酒吧|餐饮服务;中餐厅;中餐厅,武侯区,104.071433,30.616383
成都金鳞潜水俱乐部,sports,体育休闲服务;体育休闲服务场所;体育休闲服务场所,武侯区,104.065221,30.614555
嗨啤酒馆,sports,体育休闲服务;娱乐场所;酒吧|购物服务;专卖店;烟酒专卖店,武侯区,104.070418,30.616838
华尔兹动漫城,sports,体育休闲服务;娱乐场所;游戏厅,武侯区,104.067942,30.6192
Circle圈子轰趴馆,sports,体育休闲服务;休闲场所;休闲场所,武侯区,104.063614,30.619336
麻朵,sports,体育休闲服务;娱乐场所;酒吧,武侯区,104.07165,30.616311
荣耀网咖会所,sports,体育休闲服务;娱乐场所;网吧,武侯区,104.073442,30.611148
1992轰趴馆(派对俱乐部),sports,体育休闲服务;体育休闲服务场所;体育休闲服务场所,武侯区,104.065122,30.616904
富豪首座酒店健身中心,sports,体育休闲服务;运动场馆;健身中心,武侯区,104.06392,30.614566
首座万丽酒店KTV夜总会,sports,体育休闲服务;娱乐场所;夜总会,武侯区,104.063883,30.6147
天黑小屋,sports,体育休闲服务;娱乐场所;游戏厅,武侯区,104.06544,30.612767
必爱体健身房,sports,体育休闲服务;体育休闲服务场所;体育休闲服务场所,武侯区,104.072361,30.618309
原力健身工作室,sports,体育休闲服务;运动场馆;健身中心,武侯区,104.065557,30.618395
金姿精品瑜伽,sports,体育休闲服务;运动场馆;健身中心,武侯区,104.069414,30.615708
艾米音乐酒吧,sports,体育休闲服务;娱乐场所;酒吧,武侯区,104.064215,30.615186
越·健身工作室,sports,体育休闲服务;运动场馆;健身中心,武侯区,104.067744,30.619321
元虎健身,sports,体育休闲服务;运动场馆;健身中心,武侯区,104.067884,30.616664
90密室逃脱,sports,体育休闲服务;娱乐场所;娱乐场所,武侯区,104.065491,30.614937
CN健身工作室,sports,体育休闲服务;运动场馆;健身中心,武侯区,104.068141,30.617989
五十八号会馆,sports,体育休闲服务;娱乐场所;娱乐场所,武侯区,104.063772,30.611655
薇蕬花园whisper多肉创意生活馆,sports,体育休闲服务;体育休闲服务场所;体育休闲服务场所,武侯区,104.065526,30.616912
玛雅瑜伽,sports,体育休闲服务;运动场馆;健身中心,武侯区,104.065137,30.612719
调酒师,sports,体育休闲服务;娱乐场所;酒吧,武侯区,104.069429,30.614727
机麻棋牌茶,sports,体育休闲服务;娱乐场所;娱乐场所,武侯区,104.07035,30.61353
梵欣瑜伽私人会馆(航空店),sports,体育休闲服务;运动场馆;健身中心,武侯区,104.068935,30.618082
丰德奥克伍德华庭健身中心,sports,体育休闲服务;运动场馆;健身中心,武侯区,104.069105,30.618166
音乐盒子,sports,体育休闲服务;体育休闲服务场所;体育休闲服务场所,武侯区,104.068705,30.618076
安得天馨运动健康管理中心会籍部,sports,体育休闲服务;运动场馆;健身中心,武侯区,104.070832,30.616372
蘋谱瑜伽理疗馆,sports,体育休闲服务;运动场馆;健身中心,武侯区,104.069875,30.617604
雅稚幽兰,sports,体育休闲服务;娱乐场所;娱乐场所,武侯区,104.067942,30.6192
Maya Yoga(桐梓林店),sports,体育休闲服务;影剧院;电影院,武侯区,104.065183,30.613394
长寿苑社区综合文化活动室,sports,体育休闲服务;娱乐场所;娱乐场所,武侯区,104.072136,30.611289
罗四麻将馆,sports,体育休闲服务;娱乐场所;棋牌室,武侯区,104.072705,30.614266
南亚演艺娱乐,sports,体育休闲服务;体育休闲服务场所;体育休闲服务场所,武侯区,104.06379,30.611483
INSIDE酒吧,sports,体育休闲服务;娱乐场所;酒吧,武侯区,104.063863,30.615417
芙蓉风情(成都总店),sports,餐饮服务;中餐厅;中餐厅|体育休闲服务;娱乐场所;娱乐场所|餐饮服务;茶艺馆;茶艺馆,武侯区,104.079385,30.614674
太平洋影城(金色海蓉店),sports,体育休闲服务;影剧院;电影院,武侯区,104.080949,30.613763
CGV星聚汇影城(成都科华店),sports,体育休闲服务;影剧院;电影院,武侯区,104.07698,30.615443
米乐星·乐美斯KTV,sports,体育休闲服务;娱乐场所;KTV,武侯区,104.080742,30.613876
龙武量贩KTV,sports,体育休闲服务;娱乐场所;KTV,武侯区,104.074899,30.619233
极速星空网吧,sports,体育休闲服务;娱乐场所;网吧,武侯区,104.07997,30.617385
韘·See You,sports,体育休闲服务;娱乐场所;酒吧,武侯区,104.077304,30.6153
空瓶子酒吧(步廊店),sports,体育休闲服务;娱乐场所;酒吧,武侯区,104.077286,30.615829
1906羽毛球馆,sports,体育休闲服务;运动场馆;羽毛球场,武侯区,104.080626,30.616339
夜雨酒馆,sports,体育休闲服务;娱乐场所;酒吧,武侯区,104.081227,30.614125
金港(羽毛球)运动中心,sports,体育休闲服务;运动场馆;运动场所,武侯区,104.079924,30.616998
风暴搏击,sports,体育休闲服务;运动场馆;运动场所,武侯区,104.081553,30.615818
阳光春天游泳池,sports,体育休闲服务;运动场馆;游泳馆,武侯区,104.079538,30.610716
图腾铂雅酒店-行政酒廊,sports,体育休闲服务;娱乐场所;酒吧,武侯区,104.078472,30.610176
宾果网咖(长华路),sports,体育休闲服务;娱乐场所;网吧,武侯区,104.080581,30.613915
8号仓库(网咖·火南店),sports,体育休闲服务;娱乐场所;网吧,武侯区,104.075943,30.611201
天天台球会所,sports,体育休闲服务;运动场馆;台球厅,武侯区,104.075185,30.61469
海林时空网咖,sports,体育休闲服务;娱乐场所;网吧,武侯区,104.078507,30.610312
奇迹健身游泳馆预售中心,sports,体育休闲服务;运动场馆;游泳馆,武侯区,104.080494,30.613951
鲸鱼肚西餐酒吧(科华店),sports,体育休闲服务;娱乐场所;酒吧,武侯区,104.074421,30.616493
寻梦港网咖,sports,体育休闲服务;娱乐场所;网吧,武侯区,104.075842,30.611213
涡流网咖(长华路),sports,体育休闲服务;娱乐场所;网吧,武侯区,104.080742,30.613876
奇迹健身(长华路店),sports,体育休闲服务;运动场馆;健身中心,武侯区,104.082274,30.613313
风暴搏击俱乐部,sports,体育休闲服务;体育休闲服务场所;体育休闲服务场所,武侯区,104.079924,30.616993
夏洛克之约,sports,体育休闲服务;体育休闲服务场所;体育休闲服务场所,武侯区,104.07816,30.611796
古德菲力健身,sports,体育休闲服务;运动场馆;健身中心,武侯区,104.077049,30.616056
蓝天小区篮球场,sports,体育休闲服务;运动场馆;篮球场馆,武侯区,104.075056,30.613368
蓝天乒乓球俱乐部,sports,体育休闲服务;运动场馆;乒乓球馆,武侯区,104.075154,30.613075
星空台球俱乐部(高攀路),sports,体育休闲服务;运动场馆;台球厅,武侯区,104.079942,30.617288
紫丹荼府,sports,体育休闲服务;体育休闲服务场所;体育休闲服务场所,武侯区,104.078425,30.610166
图腾铂雅酒店-健身房,sports,体育休闲服务;运动场馆;健身中心,武侯区,104.078472,30.610176
权健自然医学养生馆,sports,体育休闲服务;体育休闲服务场所;体育休闲服务场所,武侯区,104.079814,30.611106
捷华达网城,sports,体育休闲服务;娱乐场所;网吧,武侯区,104.07438,30.61256
芳伊东方舞馆,sports,体育休闲服务;运动场馆;健身中心,武侯区,104.078785,30.611928
享誉健身馆,sports,体育休闲服务;运动场馆;健身中心,武侯区,104.082195,30.613559
M99BEER进口啤酒(泛悦国际店),sports,体育休闲服务;体育休闲服务场所;体育休闲服务场所,武侯区,104.07546,30.614698
图腾铂雅酒店-棋牌室,sports,体育休闲服务;娱乐场所;棋牌室,武侯区,104.078472,30.610176
一颗树棋牌娱乐,sports,体育休闲服务;娱乐场所;棋牌室,武侯区,104.080281,30.618729
瑞宸会所,sports,体育休闲服务;娱乐场所;娱乐场所,武侯区,104.075326,30.611401
康乐游戏室,sports,体育休闲服务;娱乐场所;游戏厅,武侯区,104.08021,30.617771
紫丹品茗咖啡棋牌商务,sports,体育休闲服务;娱乐场所;娱乐场所,武侯区,104.078399,30.609978
游泳健身(奇迹金色海蓉旗舰店),sports,体育休闲服务;运动场馆;健身中心,武侯区,104.075074,30.61326
木头棋牌室,sports,体育休闲服务;娱乐场所;棋牌室,武侯区,104.077507,30.612054
公主空中瑜伽连锁教室(火车南站店),sports,体育休闲服务;运动场馆;健身中心,武侯区,104.075335,30.609476
翡翠城四期游泳池,sports,体育休闲服务;运动场馆;游泳馆,锦江区,104.093015,30.615424
蓝色空间翡翠城恒温游泳馆,sports,体育休闲服务;运动场馆;游泳馆,锦江区,104.087395,30.614965
东湖公园-网球场,sports,体育休闲服务;运动场馆;网球场,锦江区,104.086592,30.619357
世纪经典网络会所,sports,体育休闲服务;娱乐场所;网吧,锦江区,104.089939,30.618255
LOFT酒吧,sports,体育休闲服务;娱乐场所;酒吧,锦江区,104.089735,30.615542
LOFT PUB(翡翠城店),sports,体育休闲服务;娱乐场所;酒吧,锦江区,104.089652,30.615392
懒人网咖,sports,体育休闲服务;娱乐场所;网吧,锦江区,104.092445,30.617306
时空引擎,sports,体育休闲服务;娱乐场所;网吧,锦江区,104.090142,30.618036
翡翠城三期运动会所,sports,体育休闲服务;运动场馆;综合体育馆,锦江区,104.091196,30.613509
四叶草会所,sports,体育休闲服务;运动场馆;健身中心,锦江区,104.091196,30.613509
心逸瑜伽,sports,体育休闲服务;运动场馆;健身中心,锦江区,104.09159,30.613188
本朴瑜伽,sports,体育休闲服务;运动场馆;健身中心,锦江区,104.08995,30.614262
翡翠城best健身私教工作室,sports,体育休闲服务;运动场馆;健身中心,锦江区,104.091935,30.612602
Hello Beer进口啤酒体验馆(翡翠店),sports,体育休闲服务;娱乐场所;酒吧,锦江区,104.090265,30.615779
花熊,sports,体育休闲服务;体育休闲服务场所;体育休闲服务场所,锦江区,104.09302,30.616475
蜡烛diy玩逸生活,sports,体育休闲服务;体育休闲服务场所;体育休闲服务场所,锦江区,104.093017,30.616458
光大休闲,sports,体育休闲服务;娱乐场所;棋牌室,锦江区,104.099328,30.618658
锦江区东光街道养老助残服务中心,sports,体育休闲服务;度假疗养场所;疗养院|生活服务;生活服务场所;生活服务场所,锦江区,104.101431,30.618565
世友网吧(东聚直营店),sports,体育休闲服务;娱乐场所;网吧,锦江区,104.097121,30.618462
金色时空网吧(东怡街),sports,体育休闲服务;娱乐场所;网吧,锦江区,104.097293,30.618823
壹加壹网吧,sports,体育休闲服务;娱乐场所;网吧,锦江区,104.09855,30.609414
康博游泳健身中心,sports,体育休闲服务;体育休闲服务场所;体育休闲服务场所,锦江区,104.094645,30.610493
党员活动室,sports,体育休闲服务;体育休闲服务场所;体育休闲服务场所,锦江区,104.097737,30.617112
未成年人公益性上网区,sports,体育休闲服务;体育休闲服务场所;体育休闲服务场所,锦江区,104.097737,30.617112
我的音乐城堡,sports,体育休闲服务;体育休闲服务场所;体育休闲服务场所,锦江区,104.099892,30.617701
米亚瑜伽,sports,体育休闲服务;运动场馆;健身中心,锦江区,104.09598,30.613389
暖巢人家照料护理中心,sports,体育休闲服务;度假疗养场所;疗养院,锦江区,104.099957,30.617445
东光聋人之家,sports,体育休闲服务;度假疗养场所;疗养院|生活服务;生活服务场所;生活服务场所,锦江区,104.097288,30.618997
快乐天空少儿艺体活动中心,sports,体育休闲服务;体育休闲服务场所;体育休闲服务场所,锦江区,104.102248,30.614307
三缺一,sports,体育休闲服务;娱乐场所;棋牌室,锦江区,104.09922,30.614561
健达娱乐活动中心(锦华路二段),sports,体育休闲服务;娱乐场所;娱乐场所,锦江区,104.097174,30.611949
红福棋牌,sports,体育休闲服务;娱乐场所;棋牌室,锦江区,104.097367,30.61201
和舟俱乐部,sports,体育休闲服务;体育休闲服务场所;体育休闲服务场所,锦江区,104.102088,30.613863
康郡游泳馆,sports,体育休闲服务;运动场馆;游泳馆,锦江区,104.09551,30.611693
成都太平洋川师店,sports,体育休闲服务;影剧院;电影院,锦江区,104.110588,30.618675
my BEER,sports,体育休闲服务;娱乐场所;酒吧|购物服务;专卖店;烟酒专卖店,锦江区,104.110892,30.619154
橡树汇长者专顾中心,sports,体育休闲服务;度假疗养场所;疗养院,锦江区,104.113292,30.613882
科普活动室,sports,体育休闲服务;体育休闲服务场所;体育休闲服务场所,锦江区,104.112374,30.614374
党员活动之家,sports,体育休闲服务;体育休闲服务场所;体育休闲服务场所,锦江区,104.112374,30.614374
沸城俱乐部,sports,体育休闲服务;体育休闲服务场所;体育休闲服务场所,锦江区,104.112472,30.611179
圣雅瑜伽馆,sports,体育休闲服务;运动场馆;健身中心,锦江区,104.111463,30.61926
四川师范大学足球场,sports,体育休闲服务;运动场馆;足球场,锦江区,104.111831,30.615356
沸腾足球俱乐部,sports,体育休闲服务;运动场馆;足球场,锦江区,104.112023,30.611074
雏鹰橄榄球俱乐部,sports,体育休闲服务;运动场馆;橄榄球场,锦江区,104.111958,30.611087
雅郡游泳池,sports,体育休闲服务;运动场馆;游泳馆,锦江区,104.113336,30.609441
四川师范大学体育场,sports,体育休闲服务;运动场馆;综合体育馆,锦江区,104.122284,30.611485
开发歌城(川师店),sports,体育休闲服务;娱乐场所;KTV,锦江区,104.115008,30.609551
鑫泓纯K,sports,体育休闲服务;娱乐场所;KTV,锦江区,104.11451,30.610336
四川师范大学-游泳池,sports,体育休闲服务;运动场馆;游泳馆,锦江区,104.122903,30.611286
四川师范大学-篮球场,sports,体育休闲服务;运动场馆;篮球场馆,锦江区,104.119849,30.614803
地平线网吧(静安路),sports,体育休闲服务;娱乐场所;网吧,锦江区,104.115355,30.60981
COCO録音棚酒吧,sports,体育休闲服务;娱乐场所;酒吧,锦江区,104.114423,30.610576
网随心动网咖,sports,体育休闲服务;娱乐场所;网吧,锦江区,104.120931,30.618168
金海湾网咖(劼人路),sports,体育休闲服务;娱乐场所;网吧,锦江区,104.122213,30.618436
星图网咖,sports,体育休闲服务;娱乐场所;网吧,锦江区,104.114115,30.610507
海岸酒吧,sports,体育休闲服务;娱乐场所;酒吧,锦江区,104.11494,30.609493
百分百酒吧,sports,体育休闲服务;娱乐场所;酒吧,锦江区,104.11494,30.609488
伐木累酒吧,sports,体育休闲服务;娱乐场所;酒吧,锦江区,104.114164,30.610529
舞龙网络会所,sports,体育休闲服务;娱乐场所;网吧,锦江区,104.120901,30.617918
四川师范大学网球场,sports,体育休闲服务;运动场馆;网球场,锦江区,104.121981,30.611239
四川师范大学学员活动中心,sports,体育休闲服务;休闲场所;休闲场所,锦江区,104.120132,30.610982
龙域网络会所,sports,体育休闲服务;娱乐场所;网吧,锦江区,104.120565,30.618834
四川师范大学第一运动场,sports,体育休闲服务;运动场馆;运动场所,锦江区,104.120622,30.613876
离退休教职工和谐之家,sports,体育休闲服务;体育休闲服务场所;体育休闲服务场所,锦江区,104.120165,30.61113
四川师范大学学生活动中心,sports,体育休闲服务;娱乐场所;娱乐场所,锦江区,104.122091,30.61298
四川师范大学滑冰场,sports,体育休闲服务;运动场馆;溜冰场,锦江区,104.12201,30.611238
四川师范大学台球室,sports,体育休闲服务;运动场馆;台球厅,锦江区,104.121987,30.615122
四川师范大学健身房,sports,体育休闲服务;运动场馆;健身中心,锦江区,104.121975,30.614717
三鑫台球室,sports,体育休闲服务;运动场馆;台球厅,锦江区,104.121983,30.618423
伽玥瑜伽(川师旗舰店),sports,体育休闲服务;运动场馆;健身中心,锦江区,104.115572,30.612577
锦江区狮子山街道养老助残关爱中心,sports,体育休闲服务;度假疗养场所;疗养院,锦江区,104.118891,30.618817
川师狮子山校区羽毛球馆,sports,体育休闲服务;运动场馆;羽毛球场,锦江区,104.120739,30.615596
四川师范大学乒乓球室,sports,体育休闲服务;运动场馆;乒乓球馆,锦江区,104.121987,30.615122
泷航体育(领域店),sports,体育休闲服务;运动场馆;运动场所,锦江区,104.133424,30.613551
零聆网络会所,sports,体育休闲服务;娱乐场所;网吧,锦江区,104.12868,30.612163
唛哆哆KTV(海桐街店),sports,体育休闲服务;娱乐场所;KTV,锦江区,104.130156,30.610485
艺境酒吧,sports,体育休闲服务;娱乐场所;酒吧,锦江区,104.13069,30.610678
丽景竞技吧,sports,住宿服务;住宿服务相关;住宿服务相关|体育休闲服务;娱乐场所;网吧,锦江区,104.128368,30.611811
国槐路社区文化活动广场,sports,体育休闲服务;休闲场所;休闲场所,锦江区,104.127619,30.611694
奥乐奥儿童乐园(凯旋店),sports,体育休闲服务;休闲场所;游乐场,锦江区,104.126449,30.613805
自由港网咖(国槐街),sports,体育休闲服务;娱乐场所;网吧,锦江区,104.129965,30.614673
大观二期老年活动中心,sports,体育休闲服务;休闲场所;休闲场所,锦江区,104.132032,30.617008
快乐宝贝儿童乐园(国槐街),sports,体育休闲服务;休闲场所;游乐场,锦江区,104.127972,30.611559
席地会馆,sports,体育休闲服务;娱乐场所;娱乐场所|生活服务;生活服务场所;生活服务场所,锦江区,104.130141,30.610557
七四三六工厂退休职工活动室,sports,体育休闲服务;休闲场所;休闲场所,锦江区,104.123621,30.617187
未成年综合文化活动室,sports,体育休闲服务;体育休闲服务场所;体育休闲服务场所,锦江区,104.127672,30.612726
院落青少活动中心,sports,体育休闲服务;体育休闲服务场所;体育休闲服务场所,锦江区,104.131833,30.61222
多功能活动室,sports,体育休闲服务;体育休闲服务场所;体育休闲服务场所,锦江区,104.127668,30.612726
白善助老中心,sports,体育休闲服务;体育休闲服务场所;体育休闲服务场所,锦江区,104.12729,30.611197
成都黑池梦国标舞俱乐部,sports,体育休闲服务;体育休闲服务场所;体育休闲服务场所,锦江区,104.127594,30.611172
初见网咖,sports,体育休闲服务;娱乐场所;网吧,锦江区,104.128501,30.617172
花香苑小区棋牌室,sports,体育休闲服务;娱乐场所;棋牌室,锦江区,104.133139,30.610997
四川武英跆拳道馆,sports,体育休闲服务;运动场馆;跆拳道场馆,锦江区,104.127174,30.612103
琳琳网吧,sports,体育休闲服务;娱乐场所;网吧,锦江区,104.12868,30.612163
蓝色沸点网吧(合欢树街),sports,体育休闲服务;娱乐场所;网吧,锦江区,104.133937,30.610289
弥敦道7号电竞网咖,sports,体育休闲服务;娱乐场所;网吧,锦江区,104.141319,30.611443
香蕉网咖,sports,体育休闲服务;体育休闲服务场所;体育休闲服务场所,锦江区,104.138817,30.611542
Hi健身俱乐部,sports,体育休闲服务;运动场馆;健身中心,锦江区,104.137955,30.611083
水上人家歌城KTV,sports,体育休闲服务;娱乐场所;KTV,武侯区,103.964715,30.607311
勇者之城网吧(金花店),sports,体育休闲服务;娱乐场所;网吧,武侯区,103.968869,30.609317
情缘,sports,体育休闲服务;体育休闲服务场所;体育休闲服务场所,武侯区,103.965003,30.607982
武侯区青少年跆拳道训练基地巴蜀武道金花分部,sports,体育休闲服务;运动场馆;跆拳道场馆,武侯区,103.966318,30.608864
天意网吧,sports,体育休闲服务;娱乐场所;网吧,武侯区,103.974825,30.601565
名绅台球俱乐部,sports,体育休闲服务;运动场馆;台球厅,武侯区,103.981542,30.605615
奇迹健身游泳馆(簇桥店),sports,体育休闲服务;运动场馆;游泳馆,武侯区,103.981975,30.605578
好心情网吧(鞋都南三路),sports,体育休闲服务;娱乐场所;网吧,武侯区,103.974845,30.604525
旋转木马,sports,体育休闲服务;休闲场所;游乐场,武侯区,103.981907,30.605487
三藏网咖,sports,体育休闲服务;娱乐场所;网吧,武侯区,103.983106,30.605351
小马快跑,sports,体育休闲服务;休闲场所;游乐场,武侯区,103.98045,30.601858
吉象乐园,sports,体育休闲服务;休闲场所;游乐场,武侯区,103.980928,30.60171
茶棋牌机麻,sports,体育休闲服务;体育休闲服务场所;体育休闲服务场所,武侯区,103.97778,30.608
奇迹健身(智达二路),sports,体育休闲服务;运动场馆;健身中心,武侯区,103.983106,30.605351
开心麻将室,sports,体育休闲服务;娱乐场所;棋牌室,武侯区,103.974789,30.601702
君子网咖,sports,体育休闲服务;娱乐场所;网吧,武侯区,103.976126,30.600112
三九棋牌室(鞋都南三路),sports,体育休闲服务;娱乐场所;棋牌室,武侯区,103.974528,30.602665
中国道元跆拳道联盟,sports,体育休闲服务;运动场馆;跆拳道场馆,武侯区,103.982058,30.605457
康来休闲娱乐,sports,体育休闲服务;体育休闲服务场所;体育休闲服务场所,武侯区,103.989491,30.603812
索林体育中心,sports,体育休闲服务;运动场馆;综合体育馆,武侯区,103.987826,30.606467
龙井文化体育中心羽毛球馆,sports,体育休闲服务;运动场馆;羽毛球场,武侯区,103.988405,30.605972
第5元素网咖,sports,体育休闲服务;娱乐场所;网吧,武侯区,103.989626,30.607406
盛世豪爵KTV会所,sports,体育休闲服务;娱乐场所;KTV,武侯区,103.985765,30.605346
阿啵啵聚会PTV,sports,体育休闲服务;娱乐场所;KTV,武侯区,103.988309,30.609057
乐够量贩式KTV(世纪百合店),sports,体育休闲服务;娱乐场所;KTV,武侯区,103.984403,30.604513
腾元网咖(簇桥店),sports,体育休闲服务;娱乐场所;网吧,武侯区,103.984496,30.60819
保利万和国际影城(簇桥店),sports,体育休闲服务;影剧院;电影院,武侯区,103.985316,30.604063
星幻境网咖(簇桥店),sports,体育休闲服务;娱乐场所;网吧,武侯区,103.988292,30.603702
在路上酒吧(望锦东街),sports,体育休闲服务;娱乐场所;酒吧,武侯区,103.990161,30.60365
游戏部落网吧(旗舰店),sports,体育休闲服务;娱乐场所;网吧,武侯区,103.990338,30.608681
极风网吧,sports,体育休闲服务;娱乐场所;网吧,武侯区,103.989265,30.607351
行星网咖,sports,体育休闲服务;娱乐场所;网吧,武侯区,103.9876,30.604974
万寿康娱乐养老生活馆,sports,体育休闲服务;休闲场所;休闲场所,武侯区,103.990603,30.604501
四川巴蜀武道馆簇桥总馆,sports,体育休闲服务;运动场馆;运动场所,武侯区,103.990628,30.606122
腾远网咖,sports,体育休闲服务;娱乐场所;网吧,武侯区,103.984508,30.608454
游戏部落,sports,体育休闲服务;体育休闲服务场所;体育休闲服务场所,武侯区,103.991356,30.608376
电脑软件游戏网游点卡,sports,体育休闲服务;体育休闲服务场所;体育休闲服务场所,武侯区,103.991037,30.608883
卡美帝量贩KTV,sports,体育休闲服务;娱乐场所;KTV,武侯区,103.985885,30.606054
元素网络(越人网络会所),sports,体育休闲服务;娱乐场所;网吧,武侯区,103.990182,30.603629
欧尚免费篮球场,sports,体育休闲服务;运动场馆;篮球场馆,武侯区,103.984722,30.602986
神之网咖(簇锦横街),sports,体育休闲服务;娱乐场所;网吧,武侯区,103.989236,30.607296
西数网城,sports,体育休闲服务;娱乐场所;网吧,武侯区,103.992849,30.607668
辛巴酒馆,sports,体育休闲服务;娱乐场所;酒吧,武侯区,103.984444,30.60902
追梦人健身俱乐部,sports,体育休闲服务;运动场馆;健身中心,武侯区,103.992394,30.608303
梵印瑜伽,sports,体育休闲服务;运动场馆;健身中心,武侯区,103.98589,30.60899
爵士风情KTV,sports,体育休闲服务;娱乐场所;KTV,武侯区,103.991375,30.601661
玉竹网咖,sports,体育休闲服务;娱乐场所;网吧,武侯区,103.988854,30.604944
亿臣国际酒店-棋牌包间,sports,体育休闲服务;娱乐场所;娱乐场所,武侯区,103.985311,30.604594
姊妹生活馆,sports,体育休闲服务;娱乐场所;棋牌室,武侯区,103.98776,30.608085
六味居,sports,体育休闲服务;娱乐场所;棋牌室,武侯区,103.988499,30.607433
泰斗跆拳道,sports,体育休闲服务;运动场馆;跆拳道场馆,武侯区,103.987827,30.606467
武侯区高水平跆拳道训练队,sports,体育休闲服务;运动场馆;跆拳道场馆,武侯区,103.990628,30.606122
开心机麻,sports,体育休闲服务;娱乐场所;棋牌室,武侯区,103.988606,30.605688
楼外楼休闲山庄,sports,体育休闲服务;体育休闲服务场所;体育休闲服务场所,武侯区,103.994448,30.602148
逆转时空网咖,sports,体育休闲服务;娱乐场所;网吧,武侯区,103.996724,30.608488
牛牛网吧(福锦路二段),sports,体育休闲服务;娱乐场所;网吧,武侯区,103.995857,30.608713
红玫瑰酒吧,sports,体育休闲服务;娱乐场所;酒吧,武侯区,104.000834,30.605102
鑫歌汇量贩KTV(簇桥店),sports,体育休闲服务;娱乐场所;KTV,武侯区,103.994386,30.600903
魅力100量贩式KTV(文盛路),sports,体育休闲服务;娱乐场所;KTV,武侯区,104.00175,30.605874
蓝色情调网吧,sports,体育休闲服务;娱乐场所;网吧,武侯区,104.001017,30.605608
金圣雨网吧,sports,体育休闲服务;娱乐场所;网吧,武侯区,103.994049,30.600556
思必好巨友网络会所,sports,体育休闲服务;娱乐场所;网吧,武侯区,103.995595,30.608939
新观察网吧,sports,体育休闲服务;娱乐场所;网吧,武侯区,103.995721,30.60329
梦幻空间网吧(木鱼庙街),sports,体育休闲服务;娱乐场所;网吧,武侯区,103.998105,30.6056
指尖缘,sports,体育休闲服务;体育休闲服务场所;体育休闲服务场所,武侯区,104.002239,30.605613
淘气堡松鼠屋儿童乐园,sports,体育休闲服务;休闲场所;游乐场,武侯区,103.995544,30.60898
千鸟时代网咖,sports,体育休闲服务;娱乐场所;网吧,武侯区,103.996333,30.604111
瀚洋歌府KTV,sports,体育休闲服务;娱乐场所;KTV,武侯区,103.997715,30.606767
股指交流吧,sports,体育休闲服务;娱乐场所;娱乐场所,武侯区,103.997241,30.605614
QQ自由麻将(簇桥中街),sports,体育休闲服务;娱乐场所;棋牌室,武侯区,103.994397,30.604226
倚乡品茗棋牌,sports,体育休闲服务;娱乐场所;棋牌室,武侯区,103.994834,30.60264
融力网吧,sports,体育休闲服务;娱乐场所;网吧,武侯区,104.002611,30.605238
蓝天园休闲庄,sports,体育休闲服务;休闲场所;休闲场所,武侯区,104.007591,30.608819
晓莉麻将馆,sports,体育休闲服务;娱乐场所;棋牌室,武侯区,104.008673,30.607319
四川成都足球广场,sports,体育休闲服务;运动场馆;足球场,武侯区,104.022454,30.604539
四川省运动技术学院田径场,sports,体育休闲服务;运动场馆;运动场所,武侯区,104.023543,30.600834
四川省棒垒曲运动管理中心曲棍球场,sports,体育休闲服务;运动场馆;运动场所,武侯区,104.022461,30.605429
四川省运动技术学院太平寺校区-网球场,sports,体育休闲服务;运动场馆;网球场,武侯区,104.023563,30.603218
世纪网神(庆安分店),sports,体育休闲服务;娱乐场所;网吧,武侯区,104.025949,30.606587
e时代量贩式KTV,sports,体育休闲服务;娱乐场所;KTV,武侯区,104.027175,30.606658
四川省运动技术学院综合训练馆,sports,体育休闲服务;运动场馆;综合体育馆,武侯区,104.025728,30.603124
指点网吧,sports,体育休闲服务;娱乐场所;网吧,武侯区,104.025716,30.606862
哆咪网咖,sports,体育休闲服务;娱乐场所;网吧,武侯区,104.026819,30.605977
世纪网神网咖,sports,体育休闲服务;娱乐场所;网吧,武侯区,104.026128,30.606674
Ni Wo Ta音乐酒吧(美洲花园店),sports,体育休闲服务;娱乐场所;酒吧,武侯区,104.032513,30.603119
四川省运动技术学院拳击馆,sports,体育休闲服务;运动场馆;运动场所,武侯区,104.026042,30.602986
四川省运动技术学院女子举重馆,sports,体育休闲服务;运动场馆;运动场所,武侯区,104.026288,30.602614
天赐缘网络会所,sports,体育休闲服务;娱乐场所;网吧,武侯区,104.027045,30.606014
上善若水(新乐南街),sports,体育休闲服务;娱乐场所;棋牌室,武侯区,104.033051,30.609083
运动技术学院乒乓球训练馆,sports,体育休闲服务;运动场馆;乒乓球馆,武侯区,104.025845,30.603436
武术队,sports,体育休闲服务;体育休闲服务场所;体育休闲服务场所,武侯区,104.028106,30.603464
三和体育馆,sports,体育休闲服务;运动场馆;综合体育馆,武侯区,104.040254,30.600168
美洲花园游泳池,sports,体育休闲服务;运动场馆;游泳馆,武侯区,104.033797,30.599919
都市印象网吧,sports,体育休闲服务;娱乐场所;网吧,武侯区,104.041643,30.606406
成都高新网球中心篮球场,sports,体育休闲服务;运动场馆;篮球场馆,武侯区,104.043381,30.607009
无限领域网吧,sports,体育休闲服务;娱乐场所;网吧,武侯区,104.033869,30.608603
淳乐网吧,sports,体育休闲服务;娱乐场所;网吧,武侯区,104.039157,30.605089
力量私家健身,sports,体育休闲服务;运动场馆;健身中心,武侯区,104.041223,30.607898
新光互动网吧,sports,体育休闲服务;娱乐场所;网吧,武侯区,104.03616,30.608987
维克特青少年足球俱乐部(美洲南路店),sports,体育休闲服务;运动场馆;足球场,武侯区,104.03479,30.60199
海力体育恒温游泳馆,sports,体育休闲服务;运动场馆;游泳馆,武侯区,104.051603,30.604379
海力体育—公馆1881游泳馆,sports,体育休闲服务;运动场馆;游泳馆,武侯区,104.050164,30.604677
成都新阵地高尔夫俱乐部,sports,体育休闲服务;高尔夫相关;高尔夫练习场,武侯区,104.044447,30.609193
成都高新网球中心,sports,体育休闲服务;运动场馆;网球场,武侯区,104.045275,30.608947
Bobo Beer,sports,体育休闲服务;娱乐场所;酒吧,武侯区,104.046459,30.605848
中海翠屏湾游泳池,sports,体育休闲服务;运动场馆;游泳馆,武侯区,104.048858,30.602813
力龙网球俱乐部,sports,体育休闲服务;运动场馆;网球场,武侯区,104.046603,30.60924
bobobeer啤酒馆,sports,体育休闲服务;娱乐场所;酒吧,武侯区,104.049037,30.602964
圣露茗庭,sports,体育休闲服务;体育休闲服务场所;体育休闲服务场所,武侯区,104.050633,30.604746
名扬网咖(泰和二街),sports,体育休闲服务;娱乐场所;网吧,武侯区,104.048944,30.603026
蓝光公馆1881恒温游泳会所,sports,体育休闲服务;运动场馆;游泳馆,武侯区,104.051581,30.604202
简网咖,sports,体育休闲服务;娱乐场所;网吧,武侯区,104.048798,30.60354
爱丽丝瑜伽馆,sports,体育休闲服务;运动场馆;健身中心,武侯区,104.049206,30.602775
招商银行网球俱乐部,sports,体育休闲服务;运动场馆;网球场,武侯区,104.045523,30.607748
若水武学馆,sports,体育休闲服务;运动场馆;运动场所,武侯区,104.049085,30.603206
综合文化活动中心,sports,体育休闲服务;休闲场所;休闲场所,武侯区,104.048783,30.599574
翰霏霆会所,sports,体育休闲服务;娱乐场所;娱乐场所,武侯区,104.0485,30.603618
高新区篮球训练基地,sports,体育休闲服务;运动场馆;篮球场馆,武侯区,104.061308,30.601186
橙天嘉禾影城(凯丹店),sports,体育休闲服务;影剧院;电影院,武侯区,104.060408,30.603772
爱乐游(凯丹广场),sports,体育休闲服务;休闲场所;游乐场,武侯区,104.060707,30.604638
迪卡侬运动场,sports,体育休闲服务;运动场馆;运动场所,武侯区,104.061765,30.60188
星际vr体验馆,sports,体育休闲服务;体育休闲服务场所;体育休闲服务场所,武侯区,104.057557,30.60293
Sky音乐酒吧,sports,体育休闲服务;娱乐场所;酒吧,武侯区,104.059629,30.605673
SKY CLUB MUSIC BAR,sports,体育休闲服务;娱乐场所;酒吧,武侯区,104.059622,30.606125
威斯凯尔酒店游泳池,sports,体育休闲服务;运动场馆;游泳馆,武侯区,104.056828,30.607961
生存者攀岩馆生存训练营,sports,体育休闲服务;休闲场所;休闲场所,武侯区,104.063325,30.603467
雅皮士生活圈威士忌雪茄吧,sports,体育休闲服务;娱乐场所;酒吧,武侯区,104.059433,30.606159
吉象乐园(欧尚),sports,体育休闲服务;休闲场所;游乐场,武侯区,104.058125,30.603543
美鑫鑫网吧,sports,体育休闲服务;娱乐场所;网吧,武侯区,104.061005,30.607806
儿童乐园,sports,体育休闲服务;休闲场所;游乐场,武侯区,104.059621,30.603701
吉象乐园,sports,体育休闲服务;休闲场所;游乐场,武侯区,104.058652,30.604781
巴克庄园,sports,体育休闲服务;体育休闲服务场所;体育休闲服务场所,武侯区,104.056647,30.606583
砰砰网络,sports,体育休闲服务;体育休闲服务场所;体育休闲服务场所,武侯区,104.060041,30.605774
奥佳华,sports,体育休闲服务;娱乐场所;娱乐场所,武侯区,104.063492,30.603907
乐智小天地(凯丹广场),sports,体育休闲服务;休闲场所;休闲场所,武侯区,104.060573,30.604711
动岚健身,sports,体育休闲服务;运动场馆;健身中心,武侯区,104.056816,30.603616
传奇健身(欧尚店),sports,体育休闲服务;运动场馆;健身中心,武侯区,104.056411,30.607833
成都M酒店-娱乐中心,sports,体育休闲服务;娱乐场所;娱乐场所,武侯区,104.056968,30.601524
百丽宫影城(凯德天府店),sports,体育休闲服务;影剧院;电影院,武侯区,104.066347,30.60561
成都横店电影城(苏宁店),sports,体育休闲服务;影剧院;电影院,武侯区,104.063955,30.603959
唛田KTV(苏宁广场店),sports,体育休闲服务;娱乐场所;KTV,武侯区,104.063758,30.603339
世纪星滑冰场,sports,体育休闲服务;运动场馆;溜冰场,武侯区,104.066352,30.605608
世纪星弧形真冰溜冰场,sports,体育休闲服务;运动场馆;溜冰场,武侯区,104.066352,30.605608
方圆足球俱乐部,sports,体育休闲服务;运动场馆;足球场,武侯区,104.063726,30.60443
清逸网咖,sports,体育休闲服务;娱乐场所;网吧,武侯区,104.069149,30.603455
南盾网咖,sports,体育休闲服务;娱乐场所;网吧,武侯区,104.072312,30.601723
义舟网咖,sports,体育休闲服务;娱乐场所;网吧,武侯区,104.071156,30.606996
奇迹健身(天府店),sports,体育休闲服务;运动场馆;健身中心,武侯区,104.066184,30.605786
精灵VR体验馆,sports,体育休闲服务;休闲场所;休闲场所,武侯区,104.066855,30.605517
游泳馆高新区,sports,体育休闲服务;运动场馆;运动场所,武侯区,104.067458,30.604989
和平社区老年文化活动中心,sports,体育休闲服务;休闲场所;休闲场所,武侯区,104.070389,30.605861
清健身(苏宁广场店),sports,体育休闲服务;运动场馆;健身中心,武侯区,104.063758,30.603339
梓檬乐园,sports,体育休闲服务;体育休闲服务场所;体育休闲服务场所,武侯区,104.063807,30.603925
儿童成长乐园,sports,体育休闲服务;休闲场所;游乐场,武侯区,104.066479,30.605083
桂溪街道综合文体活动中心,sports,体育休闲服务;休闲场所;休闲场所,武侯区,104.068755,30.601235
愈心道,sports,体育休闲服务;运动场馆;健身中心,武侯区,104.066658,30.604272
界外,sports,体育休闲服务;体育休闲服务场所;体育休闲服务场所,武侯区,104.066026,30.605634
城市宝贝超大海洋主题儿童游乐场,sports,体育休闲服务;休闲场所;游乐场,武侯区,104.066352,30.605608
和平羽毛球馆,sports,体育休闲服务;运动场馆;羽毛球场,武侯区,104.070982,30.606784
水木清科会所,sports,体育休闲服务;体育休闲服务场所;体育休闲服务场所,武侯区,104.071052,30.604316
老年体育活动中心,sports,体育休闲服务;运动场馆;综合体育馆|体育休闲服务;休闲场所;休闲场所,武侯区,104.079588,30.606682
魔方主题休闲会所,sports,体育休闲服务;休闲场所;休闲场所,武侯区,104.078538,30.607325
三瓦窑社区体育中心,sports,体育休闲服务;运动场馆;综合体育馆,武侯区,104.079664,30.607074
斯威鸣游泳池,sports,体育休闲服务;运动场馆;游泳馆,锦江区,104.081081,30.60174
非池音乐餐酒吧,sports,体育休闲服务;娱乐场所;酒吧,武侯区,104.078811,30.608395
凯丽香江游泳池,sports,体育休闲服务;运动场馆;游泳馆,锦江区,104.081425,30.601094
皇家YS足球公园,sports,体育休闲服务;运动场馆;足球场,武侯区,104.073592,30.608115
斯威鸣游泳(翠柳湾店),sports,体育休闲服务;运动场馆;运动场所,锦江区,104.082508,30.601456
联合酒馆,sports,体育休闲服务;娱乐场所;酒吧,武侯区,104.079506,30.608123
艾格搏击俱乐部,sports,体育休闲服务;体育休闲服务场所;体育休闲服务场所,武侯区,104.078469,30.606833
东城网球中心,sports,体育休闲服务;运动场馆;网球场,武侯区,104.07629,30.606782
8号空间网咖,sports,体育休闲服务;娱乐场所;网吧,武侯区,104.078784,30.608413
魔方网咖,sports,体育休闲服务;娱乐场所;网吧,武侯区,104.078781,30.607591
峰驰网咖,sports,体育休闲服务;娱乐场所;网吧,武侯区,104.079556,30.608307
艾菲尼特健身会所,sports,体育休闲服务;运动场馆;健身中心,武侯区,104.078469,30.606833
艾格搏击俱乐部(三瓦窑街),sports,体育休闲服务;运动场馆;运动场所,武侯区,104.078866,30.607588
艾菲尼特健身会所,sports,体育休闲服务;运动场馆;健身中心,武侯区,104.078843,30.606712
吉瑞东苑网球,sports,体育休闲服务;运动场馆;网球场,武侯区,104.077218,30.608409
盛世皇廷(琉璃店),sports,体育休闲服务;娱乐场所;KTV,锦江区,104.091798,30.607248
欣轩网咖,sports,体育休闲服务;娱乐场所;网吧,锦江区,104.09063,30.607139
纳艾斯网络会所,sports,体育休闲服务;娱乐场所;网吧,锦江区,104.086708,30.606834
电竞俱乐部,sports,体育休闲服务;体育休闲服务场所;体育休闲服务场所,锦江区,104.090852,30.607133
凯天足球场,sports,体育休闲服务;运动场馆;足球场,锦江区,104.088462,30.604817
桦林园,sports,住宿服务;宾馆酒店;宾馆酒店|体育休闲服务;休闲场所;休闲场所,锦江区,104.102542,30.602577
金樽豪门量贩式KTV,sports,体育休闲服务;娱乐场所;KTV,锦江区,104.093628,30.607109
简单网吧,sports,体育休闲服务;娱乐场所;网吧,锦江区,104.094628,30.601172
世缘网吧(锦华路二段),sports,体育休闲服务;娱乐场所;网吧,锦江区,104.096431,30.599608
星期天酒吧(经天西路),sports,体育休闲服务;娱乐场所;酒吧,锦江区,104.100024,30.604898
晶座网咖,sports,体育休闲服务;娱乐场所;网吧,锦江区,104.09454,30.606747
草堂网吧,sports,体育休闲服务;娱乐场所;网吧,锦江区,104.099927,30.608701
岩石网咖,sports,体育休闲服务;娱乐场所;网吧,锦江区,104.096211,30.608819
莺桥网咖,sports,体育休闲服务;娱乐场所;网吧,锦江区,104.093489,30.606851
顶极网络会所,sports,体育休闲服务;娱乐场所;网吧,锦江区,104.097698,30.605215
安利阳光会所,sports,体育休闲服务;休闲场所;休闲场所,锦江区,104.099002,30.605539
燃点网咖,sports,体育休闲服务;娱乐场所;网吧,锦江区,104.094013,30.607059
西点网咖,sports,体育休闲服务;娱乐场所;网吧,锦江区,104.100533,30.603789
博派网咖(文化店),sports,体育休闲服务;娱乐场所;网吧,锦江区,104.099787,30.605373
C26主题酒吧,sports,体育休闲服务;娱乐场所;酒吧,锦江区,104.101483,30.602563
晨辉社会老年文化活动中心,sports,体育休闲服务;休闲场所;休闲场所,锦江区,104.101363,30.607677
爱乐园(中环路锦绣大道段),sports,体育休闲服务;休闲场所;休闲场所,锦江区,104.101419,30.607683
晨辉社区老年文化活动中心,sports,体育休闲服务;休闲场所;休闲场所,锦江区,104.101419,30.607683
锦源社区居民之家,sports,体育休闲服务;休闲场所;休闲场所,锦江区,104.094059,30.606778
老年活动室,sports,体育休闲服务;体育休闲服务场所;体育休闲服务场所,锦江区,104.101011,30.608193
壹+壹网络会所(晨辉东路),sports,体育休闲服务;娱乐场所;网吧,锦江区,104.098561,30.609287
桦林养老助残中心,sports,体育休闲服务;度假疗养场所;疗养院,锦江区,104.102878,30.602278
成龙路街道老年文化活动中心(中环路锦绣大道段),sports,体育休闲服务;休闲场所;休闲场所,锦江区,104.101419,30.607683
起点网吧(琉璃中街),sports,体育休闲服务;娱乐场所;网吧,锦江区,104.093984,30.601148
成龙路街道养老助残关爰中心,sports,体育休闲服务;度假疗养场所;疗养院,锦江区,104.101462,30.608447
馨云网吧,sports,体育休闲服务;娱乐场所;网吧,锦江区,104.100377,30.601027
川田麻将超市,sports,体育休闲服务;娱乐场所;棋牌室,锦江区,104.100988,30.608578
轩宜商汇,sports,体育休闲服务;娱乐场所;娱乐场所,锦江区,104.100483,30.603697
四妹麻将室,sports,体育休闲服务;娱乐场所;棋牌室,锦江区,104.096678,30.608026
芳芳棋牌室(琉璃中街),sports,体育休闲服务;娱乐场所;棋牌室,锦江区,104.094004,30.603099
合家欢棋牌室,sports,体育休闲服务;娱乐场所;棋牌室,锦江区,104.096475,30.604239
1982足球俱乐部,sports,体育休闲服务;运动场馆;足球场,锦江区,104.102855,30.600591
皇经楼山庄,sports,餐饮服务;中餐厅;中餐厅|体育休闲服务;休闲场所;休闲场所|餐饮服务;茶艺馆;茶艺馆,锦江区,104.100407,30.599892
巴山汇,sports,餐饮服务;中餐厅;中餐厅|体育休闲服务;休闲场所;休闲场所,锦江区,104.111913,30.608199
钟家花园,sports,体育休闲服务;休闲场所;休闲场所,锦江区,104.109985,30.60128
皇经社区活动中心,sports,体育休闲服务;休闲场所;休闲场所,锦江区,104.106257,30.60588
印象西昌,sports,体育休闲服务;休闲场所;休闲场所,锦江区,104.104203,30.607475
皇经社区老年活动中心,sports,体育休闲服务;休闲场所;休闲场所,锦江区,104.104236,30.60546
OLE足球场,sports,体育休闲服务;运动场馆;足球场,锦江区,104.103839,30.5998
ole足球俱乐部,sports,体育休闲服务;运动场馆;足球场,锦江区,104.103983,30.600194
回归休闲吧,sports,体育休闲服务;休闲场所;休闲场所,锦江区,104.117216,30.608631
1320休闲吧,sports,体育休闲服务;体育休闲服务场所;体育休闲服务场所,锦江区,104.117216,30.608631
O2音乐休闲酒吧,sports,体育休闲服务;娱乐场所;酒吧,锦江区,104.116459,30.608381
那些年休闲小酒吧,sports,体育休闲服务;娱乐场所;酒吧,锦江区,104.115851,30.608847
爱唱KTV(锦江川师店),sports,体育休闲服务;娱乐场所;KTV,锦江区,104.116462,30.60869
妃舞KTV,sports,体育休闲服务;娱乐场所;KTV,锦江区,104.115466,30.602928
MOMO小酒馆,sports,体育休闲服务;娱乐场所;酒吧,锦江区,104.116416,30.608515
深蓝网咖,sports,体育休闲服务;娱乐场所;网吧,锦江区,104.117216,30.608631
Mix bar,sports,体育休闲服务;娱乐场所;酒吧,锦江区,104.116956,30.608825
星工厂酒吧,sports,体育休闲服务;娱乐场所;酒吧,锦江区,104.117216,30.608631
蔷薇酒吧,sports,体育休闲服务;娱乐场所;酒吧,锦江区,104.117216,30.608631
K1酒吧,sports,体育休闲服务;娱乐场所;酒吧,锦江区,104.11587,30.60897
等你来酒吧,sports,体育休闲服务;娱乐场所;酒吧,锦江区,104.115856,30.608847
起点水酒吧KTV,sports,体育休闲服务;娱乐场所;KTV,锦江区,104.122992,30.607126
新缘心酒吧,sports,体育休闲服务;娱乐场所;酒吧,锦江区,104.115851,30.608847
祥域网吧,sports,体育休闲服务;娱乐场所;网吧,锦江区,104.11649,30.60903
飞蓝网吧,sports,体育休闲服务;娱乐场所;网吧,锦江区,104.11733,30.608808
老朋友酒吧,sports,体育休闲服务;娱乐场所;酒吧,锦江区,104.115856,30.608847
极致健身(静安路),sports,体育休闲服务;运动场馆;健身中心,锦江区,104.116498,30.609028
东方台球中心,sports,体育休闲服务;运动场馆;台球厅,锦江区,104.117216,30.608631
瓦伦丁酒吧,sports,体育休闲服务;娱乐场所;酒吧,锦江区,104.11649,30.60903
M2酒水吧(静安路店),sports,体育休闲服务;娱乐场所;酒吧,锦江区,104.115957,30.608674
海贼王主题酒吧,sports,体育休闲服务;娱乐场所;酒吧,锦江区,104.116542,30.608818
遇见酒吧,sports,体育休闲服务;娱乐场所;酒吧,锦江区,104.115828,30.608935
九阳网吧,sports,体育休闲服务;娱乐场所;网吧,锦江区,104.121703,30.605763
吉瑞东城网球中心,sports,体育休闲服务;运动场馆;网球场,锦江区,104.120534,30.606928
阿特拉斯咖啡酒吧,sports,体育休闲服务;娱乐场所;酒吧,锦江区,104.116918,30.60849
运动100台球中心,sports,体育休闲服务;运动场馆;台球厅,锦江区,104.115866,30.608836
必好金本网吧,sports,体育休闲服务;娱乐场所;网吧,锦江区,104.115951,30.608749
NightCat夜猫子音乐吧,sports,体育休闲服务;娱乐场所;酒吧,锦江区,104.116423,30.608512
私人影吧,sports,体育休闲服务;体育休闲服务场所;体育休闲服务场所,锦江区,104.116497,30.609028
冰莲KTV,sports,体育休闲服务;娱乐场所;KTV,锦江区,104.115847,30.608827
k歌王,sports,体育休闲服务;娱乐场所;KTV,锦江区,104.116506,30.608768
乐尚网咖(合欢树街),sports,体育休闲服务;娱乐场所;网吧,锦江区,104.123094,30.606242
古今传奇网吧,sports,体育休闲服务;娱乐场所;网吧,锦江区,104.121253,30.602721
羽毛球场,sports,体育休闲服务;运动场馆;羽毛球场,锦江区,104.121089,30.607273
语禅艺瑜伽,sports,体育休闲服务;运动场馆;运动场所,锦江区,104.124173,30.606715
欧典会所,sports,体育休闲服务;休闲场所;休闲场所,锦江区,104.125127,30.606571
时空引擎幻想在线网吧,sports,体育休闲服务;娱乐场所;网吧,锦江区,104.128801,30.606839
奇域网络会所,sports,体育休闲服务;娱乐场所;网吧,锦江区,104.129194,30.609097
每时运动馆接待中心,sports,体育休闲服务;运动场馆;运动场所,锦江区,104.126951,30.608097
小精灵儿童乐园,sports,体育休闲服务;休闲场所;游乐场,锦江区,104.124414,30.605667
九扬网咖,sports,体育休闲服务;娱乐场所;网吧,锦江区,104.123985,30.606622
努努网咖,sports,体育休闲服务;娱乐场所;网吧,锦江区,104.132556,30.604447
黑魔方网咖,sports,体育休闲服务;娱乐场所;网吧,锦江区,104.129223,30.608671
九源网咖,sports,体育休闲服务;娱乐场所;网吧,锦江区,104.124046,30.606585
每时健身,sports,体育休闲服务;运动场馆;健身中心,锦江区,104.127224,30.607762
圣菲瑜伽(蓝谷地店),sports,体育休闲服务;运动场馆;健身中心,锦江区,104.124232,30.606462
热点健身,sports,体育休闲服务;运动场馆;健身中心,锦江区,104.124159,30.606471
哆唻咪儿童乐园,sports,体育休闲服务;休闲场所;游乐场,锦江区,104.124594,30.607007
每时运动馆格斗健身,sports,体育休闲服务;运动场馆;健身中心,锦江区,104.123967,30.606665
传奇健身(合欢树街),sports,体育休闲服务;运动场馆;健身中心,锦江区,104.124267,30.60642
武术跆拳道馆,sports,体育休闲服务;运动场馆;跆拳道场馆,锦江区,104.124975,30.606548
成都树德中学外国语校区体育馆,sports,体育休闲服务;运动场馆;综合体育馆,锦江区,104.138668,30.608349
四海逸家恒温游泳馆,sports,体育休闲服务;运动场馆;游泳馆,锦江区,104.138806,30.601645
鑫苑名家游泳池,sports,体育休闲服务;运动场馆;游泳馆,锦江区,104.1396,30.599701
绿轴网球场,sports,体育休闲服务;运动场馆;网球场,锦江区,104.137971,30.606126
三叶草网咖,sports,体育休闲服务;娱乐场所;网吧,锦江区,104.141109,30.600039
星座网咖,sports,体育休闲服务;娱乐场所;网吧,锦江区,104.142953,30.606691
篮球场B区,sports,体育休闲服务;运动场馆;篮球场馆,锦江区,104.138326,30.608488
篮球场,sports,体育休闲服务;运动场馆;篮球场馆,锦江区,104.137702,30.608873
蓝钻亚斯特游泳馆,sports,体育休闲服务;运动场馆;游泳馆,锦江区,104.134238,30.603149
四海逸家二期游泳馆,sports,体育休闲服务;运动场馆;游泳馆,锦江区,104.134238,30.603149
悠肯网咖,sports,体育休闲服务;娱乐场所;网吧,锦江区,104.144166,30.608144
优客网吧(樱花街店),sports,体育休闲服务;娱乐场所;网吧,锦江区,104.149802,30.607716
莱昔时光,sports,体育休闲服务;运动场馆;健身中心,锦江区,104.148371,30.608481
Hello Fit领跑健身会所(绿地468店),sports,体育休闲服务;运动场馆;健身中心,锦江区,104.144595,30.608112
头号营地,sports,体育休闲服务;休闲场所;露营地,锦江区,104.14823,30.606936
榕树林休闲庄,sports,体育休闲服务;休闲场所;休闲场所,武侯区,103.965185,30.599595
美丽点会所,sports,商务住宅;住宅区;住宅小区|体育休闲服务;娱乐场所;娱乐场所,武侯区,103.96636,30.594696
康城KTV,sports,体育休闲服务;娱乐场所;KTV,武侯区,103.970183,30.590083
聚缘网吧(金航路),sports,体育休闲服务;娱乐场所;网吧,武侯区,103.96891,30.594215
黄金在线网城,sports,体育休闲服务;娱乐场所;网吧,武侯区,103.970699,30.590012
新天地网吧(簇马路二段),sports,体育休闲服务;娱乐场所;网吧,武侯区,103.97293,30.591769
社区活动场所,sports,体育休闲服务;体育休闲服务场所;体育休闲服务场所,武侯区,103.965181,30.592946
梦境网络会所,sports,体育休闲服务;娱乐场所;网吧,武侯区,103.970153,30.58968
三江生态鱼庄,sports,体育休闲服务;休闲场所;休闲场所,武侯区,103.965561,30.593085
姐妹茶楼,sports,体育休闲服务;娱乐场所;棋牌室,武侯区,103.971589,30.594999
联英帝国,sports,体育休闲服务;娱乐场所;网吧,武侯区,103.972478,30.589911
爱上音乐吧,sports,体育休闲服务;娱乐场所;KTV,武侯区,103.98328,30.597836
横溢网吧,sports,体育休闲服务;娱乐场所;网吧,武侯区,103.982951,30.597634
情缘人间,sports,体育休闲服务;体育休闲服务场所;体育休闲服务场所,武侯区,103.980658,30.599079
来来往往网吧(簇马路二段店),sports,体育休闲服务;娱乐场所;网吧,武侯区,103.974784,30.592385
网事悠悠网吧(簇马路一段),sports,体育休闲服务;娱乐场所;网吧,武侯区,103.985124,30.599191
品茗棋牌(簇马路一段),sports,体育休闲服务;娱乐场所;棋牌室,武侯区,103.984521,30.598775
金贝儿社区童乐会,sports,体育休闲服务;休闲场所;游乐场,武侯区,103.984145,30.598059
机麻茶,sports,体育休闲服务;运动场馆;健身中心,武侯区,103.99184,30.593554
道博跆拳,sports,体育休闲服务;运动场馆;跆拳道场馆,武侯区,103.984622,30.597676
福辉活动室,sports,体育休闲服务;娱乐场所;娱乐场所,武侯区,103.991533,30.592592
华兴街道办事处沈家桥村活动中心,sports,体育休闲服务;休闲场所;休闲场所,武侯区,104.003517,30.597925
爱尚网吧(文昌路),sports,体育休闲服务;娱乐场所;网吧,武侯区,103.995745,30.599122
丰懋(企业)集团粤擎赛车俱乐部,sports,体育休闲服务;体育休闲服务场所;体育休闲服务场所,武侯区,103.997829,30.594483
益寿苑,sports,体育休闲服务;度假疗养场所;疗养院,武侯区,104.009371,30.591198
四川航海模型队训练场,sports,体育休闲服务;运动场馆;运动场所,武侯区,104.022632,30.598967
笑盈盈网吧,sports,体育休闲服务;娱乐场所;网吧,武侯区,104.026448,30.595176
新羽堂羽毛球馆,sports,体育休闲服务;运动场馆;羽毛球场,武侯区,104.033184,30.594051
新园社区老年活动中心,sports,体育休闲服务;休闲场所;休闲场所,武侯区,104.040008,30.591608
成都理想网络,sports,体育休闲服务;体育休闲服务场所;体育休闲服务场所,武侯区,104.034322,30.595032
美州极限运动公园,sports,体育休闲服务;体育休闲服务场所;体育休闲服务场所,武侯区,104.039286,30.597853
随意串·烧餐酒吧,sports,体育休闲服务;娱乐场所;酒吧,武侯区,104.052831,30.594707
大雄家酒餐吧,sports,体育休闲服务;娱乐场所;酒吧,武侯区,104.052614,30.59588
皓洋宇网球游泳俱乐部,sports,体育休闲服务;运动场馆;游泳馆,武侯区,104.052106,30.59833
童话趣园室内游乐园,sports,体育休闲服务;休闲场所;游乐场,武侯区,104.052179,30.598723
柔莲花瑜伽馆,sports,体育休闲服务;运动场馆;健身中心,武侯区,104.047271,30.595186
润博健身俱乐部,sports,体育休闲服务;运动场馆;健身中心,武侯区,104.053156,30.590518
优客吧,sports,体育休闲服务;体育休闲服务场所;体育休闲服务场所,武侯区,104.053373,30.590516
Top Beer主题啤酒馆,sports,体育休闲服务;娱乐场所;酒吧,武侯区,104.053442,30.592696
新谷创业者健身中心,sports,体育休闲服务;运动场馆;健身中心,武侯区,104.053373,30.590516
巴适游戏,sports,体育休闲服务;娱乐场所;游戏厅,武侯区,104.052291,30.589589
润德健身,sports,体育休闲服务;运动场馆;健身中心,武侯区,104.053375,30.590518
润博创客健身俱乐部,sports,体育休闲服务;运动场馆;健身中心,武侯区,104.053396,30.590628
南城荟会所,sports,体育休闲服务;娱乐场所;娱乐场所,武侯区,104.050466,30.594915
天府新谷篮球场,sports,体育休闲服务;运动场馆;篮球场馆,武侯区,104.053191,30.589959
南城都汇会所,sports,体育休闲服务;娱乐场所;娱乐场所,武侯区,104.051721,30.593922
盛趣网络,sports,体育休闲服务;体育休闲服务场所;体育休闲服务场所,武侯区,104.052588,30.590336
马博士婴儿游泳生活馆(成都高新店),sports,生活服务;婴儿服务场所;婴儿游泳馆|体育休闲服务;运动场馆;运动场所,武侯区,104.052347,30.595229
天府新谷美迪奇运动健身中心,sports,体育休闲服务;运动场馆;健身中心,武侯区,104.053373,30.590516
成都职业技术学院高新校区体育馆,sports,体育休闲服务;运动场馆;综合体育馆,武侯区,104.060599,30.594401
厚院网吧,sports,体育休闲服务;娱乐场所;网吧,武侯区,104.059633,30.597399
联宝网咖(天益北巷),sports,体育休闲服务;娱乐场所;网吧,武侯区,104.059677,30.598292
星澄网咖(理想中心店),sports,体育休闲服务;娱乐场所;网吧,武侯区,104.059924,30.598063
成都职业技术学院高新校区足球场,sports,体育休闲服务;运动场馆;足球场,武侯区,104.060676,30.595609
中影国际影城(九方购物中心店),sports,体育休闲服务;影剧院;电影院,武侯区,104.0625,30.591879
太平洋网吧(益州大道北段),sports,体育休闲服务;娱乐场所;网吧,武侯区,104.058496,30.597318
HoT.17,sports,体育休闲服务;运动场馆;健身中心,武侯区,104.06306,30.592286
天晖网吧,sports,体育休闲服务;娱乐场所;网吧,武侯区,104.059623,30.598401
天地网络,sports,体育休闲服务;体育休闲服务场所;体育休闲服务场所,武侯区,104.062423,30.59231
果冻游戏,sports,体育休闲服务;体育休闲服务场所;体育休闲服务场所,武侯区,104.063136,30.596336
成都职业技术学院高新校区篮球场,sports,体育休闲服务;运动场馆;篮球场馆,武侯区,104.059974,30.594798
浩特健身,sports,体育休闲服务;运动场馆;健身中心,武侯区,104.06247,30.59229
成都车玲羽毛球俱乐部,sports,体育休闲服务;运动场馆;运动场所,武侯区,104.060521,30.594395
瑶田翡翠会所,sports,体育休闲服务;体育休闲服务场所;体育休闲服务场所,武侯区,104.062637,30.593209
南新社区文体活动室,sports,商务住宅;住宅区;社区中心|体育休闲服务;休闲场所;休闲场所,武侯区,104.059757,30.598115
Fighting格斗健身工作室,sports,体育休闲服务;运动场馆;健身中心,武侯区,104.060672,30.597503
飞翔家亲子乐园—航空主题儿童乐园,sports,体育休闲服务;休闲场所;游乐场,武侯区,104.062533,30.592029
成都职业技术学院高新校区网球场,sports,体育休闲服务;运动场馆;网球场,武侯区,104.060607,30.594628
机麻,sports,体育休闲服务;体育休闲服务场所;体育休闲服务场所,武侯区,104.059591,30.597756
沁缘会所,sports,体育休闲服务;娱乐场所;娱乐场所,武侯区,104.059945,30.59786
成都职业技术学院高新校区大学生活动中心,sports,体育休闲服务;休闲场所;休闲场所,武侯区,104.060599,30.594401
HOT.17国际健身美容会所(九方购物中心),sports,体育休闲服务;运动场馆;健身中心,武侯区,104.062433,30.592054
成都职业技术学院高新校区乒乓球场,sports,体育休闲服务;运动场馆;乒乓球馆,武侯区,104.060094,30.594523
爱老之家,sports,体育休闲服务;体育休闲服务场所;体育休闲服务场所,武侯区,104.062129,30.593032
高格领航国际量贩KTV,sports,体育休闲服务;娱乐场所;KTV,武侯区,104.067848,30.595481
传奇健身(天府店),sports,体育休闲服务;运动场馆;健身中心,武侯区,104.072433,30.595296
易通天和(特拉克斯南楼店),sports,体育休闲服务;休闲场所;休闲场所,武侯区,104.067886,30.594356
南熙音乐酒吧,sports,体育休闲服务;娱乐场所;酒吧,武侯区,104.072215,30.595301
君豪酒店-室内游泳池,sports,体育休闲服务;运动场馆;游泳馆,武侯区,104.067875,30.591705
鲨鱼精酿啤酒馆,sports,体育休闲服务;娱乐场所;酒吧|购物服务;专卖店;烟酒专卖店,武侯区,104.070954,30.595111
37度8酒吧,sports,体育休闲服务;娱乐场所;酒吧,武侯区,104.067542,30.59444
君豪酒店-瑜伽室,sports,体育休闲服务;运动场馆;运动场所,武侯区,104.067875,30.591705
成都高新豪生大酒店-游泳池,sports,体育休闲服务;运动场馆;游泳馆,武侯区,104.067221,30.592738
黑铁网咖(天久北巷),sports,体育休闲服务;娱乐场所;网吧,武侯区,104.07188,30.595349
啤酒天堂(进口啤酒体验馆),sports,体育休闲服务;娱乐场所;酒吧,武侯区,104.070323,30.595326
网球场,sports,体育休闲服务;运动场馆;网球场,武侯区,104.068256,30.59836
盟城网络,sports,体育休闲服务;娱乐场所;网吧,武侯区,104.072416,30.595298
盟城网咖,sports,体育休闲服务;娱乐场所;网吧,武侯区,104.072684,30.594818
艾仕体能特训站,sports,体育休闲服务;运动场馆;健身中心,武侯区,104.06414,30.593071
香蕉健身私教工作室,sports,体育休闲服务;运动场馆;健身中心,武侯区,104.071344,30.598364
水晶会馆,sports,体育休闲服务;体育休闲服务场所;体育休闲服务场所,武侯区,104.071452,30.593268
五卅会所,sports,体育休闲服务;体育休闲服务场所;体育休闲服务场所,武侯区,104.072367,30.597773
君豪酒店-乒乓球室,sports,体育休闲服务;运动场馆;乒乓球馆,武侯区,104.067875,30.591705
君豪酒店-健身房,sports,体育休闲服务;运动场馆;健身中心,武侯区,104.067875,30.591705
七莲瑜伽,sports,体育休闲服务;运动场馆;健身中心,武侯区,104.069742,30.595456
成都高新豪生大酒店-健身中心,sports,体育休闲服务;运动场馆;健身中心,武侯区,104.067052,30.592706
必好清闲网吧,sports,体育休闲服务;娱乐场所;网吧,武侯区,104.068215,30.59806
美宾体育游泳池(凯丽滨江店),sports,体育休闲服务;运动场馆;游泳馆,武侯区,104.074061,30.593577
新元素篮球公园,sports,体育休闲服务;运动场馆;篮球场馆,武侯区,104.074105,30.595554
成都个私会员活动中心,sports,体育休闲服务;休闲场所;休闲场所,武侯区,104.074605,30.595313
300勇士国际健身,sports,体育休闲服务;运动场馆;健身中心,武侯区,104.073782,30.595304
大学生推广中心羽毛球馆,sports,体育休闲服务;运动场馆;羽毛球场,武侯区,104.0742,30.59558
塞北雪茗茶棋牌,sports,体育休闲服务;娱乐场所;棋牌室,武侯区,104.074398,30.593005
博瑞游戏,sports,体育休闲服务;体育休闲服务场所;体育休闲服务场所,锦江区,104.082483,30.589787
铭人网咖,sports,体育休闲服务;娱乐场所;网吧,锦江区,104.095698,30.59131
主流网吧(楠丰路),sports,体育休闲服务;娱乐场所;网吧,锦江区,104.097376,30.591434
星宇网吧,sports,体育休闲服务;娱乐场所;网吧,锦江区,104.093685,30.595196
馨园网咖,sports,体育休闲服务;娱乐场所;网吧,锦江区,104.096928,30.590467
时空引擎引领时空网络会所,sports,体育休闲服务;娱乐场所;网吧,锦江区,104.094774,30.590686
乐福养老中心,sports,体育休闲服务;体育休闲服务场所;体育休闲服务场所,锦江区,104.102563,30.599254
三姐麻将馆,sports,体育休闲服务;娱乐场所;棋牌室,锦江区,104.100847,30.596095
锦江大道5人足球场,sports,体育休闲服务;运动场馆;足球场,锦江区,104.09563,30.591711
友军休闲会所,sports,体育休闲服务;休闲场所;休闲场所,锦江区,104.106402,30.595898
锦城壹号KTV,sports,体育休闲服务;娱乐场所;KTV,锦江区,104.113222,30.591037
麦卡KTV(锦城逸景店),sports,体育休闲服务;娱乐场所;KTV,锦江区,104.110391,30.593933
锦城逸景民风民俗活动广场,sports,体育休闲服务;休闲场所;休闲场所,锦江区,104.113184,30.595868
上下网吧,sports,体育休闲服务;娱乐场所;网吧,锦江区,104.104485,30.596039
概念网吧(皇经楼西路),sports,体育休闲服务;娱乐场所;网吧,锦江区,104.104301,30.593717
逸景网咖,sports,体育休闲服务;娱乐场所;网吧,锦江区,104.113166,30.59167
山林网咖,sports,体育休闲服务;娱乐场所;网吧,锦江区,104.104332,30.593843
湘北网咖,sports,体育休闲服务;娱乐场所;网吧,锦江区,104.110642,30.590816
欧毖网咖,sports,体育休闲服务;娱乐场所;网吧,锦江区,104.112882,30.593034
赛尚网咖,sports,体育休闲服务;娱乐场所;网吧,锦江区,104.113227,30.590907
棬子树社区皇经楼新居文体活动广场,sports,体育休闲服务;休闲场所;休闲场所,锦江区,104.1039,30.594618
梵逸瑜伽(锦城逸景店),sports,体育休闲服务;运动场馆;健身中心,锦江区,104.111519,30.594746
百菲健身(皇经楼二街),sports,体育休闲服务;运动场馆;健身中心,锦江区,104.105258,30.59396
锦欣久久乐龄康养中心,sports,体育休闲服务;度假疗养场所;疗养院,锦江区,104.110968,30.595911
银帆网吧,sports,体育休闲服务;娱乐场所;网吧,锦江区,104.106297,30.595893
知心园,sports,餐饮服务;中餐厅;中餐厅|体育休闲服务;休闲场所;休闲场所,锦江区,104.133187,30.590883
三叶草(滨湖西路),sports,餐饮服务;中餐厅;特色/地方风味餐厅|体育休闲服务;休闲场所;休闲场所,锦江区,104.133205,30.590315
乡村名人(阳光房店),sports,体育休闲服务;休闲场所;休闲场所|餐饮服务;休闲餐饮场所;休闲餐饮场所,锦江区,104.129263,30.589732
梅林轩(三圣乡店),sports,体育休闲服务;休闲场所;休闲场所,锦江区,104.133235,30.590267
国学精品动物园,sports,风景名胜;公园广场;动物园|体育休闲服务;休闲场所;休闲场所,锦江区,104.127727,30.59117
庄子农家乐,sports,体育休闲服务;休闲场所;休闲场所,锦江区,104.132928,30.589447
曲成园(赏梅路),sports,体育休闲服务;休闲场所;休闲场所,锦江区,104.128836,30.590293
金梅农家乐,sports,体育休闲服务;休闲场所;休闲场所,锦江区,104.132383,30.590798
致观网咖(枫树街),sports,体育休闲服务;娱乐场所;网吧,锦江区,104.133117,30.598818
清尘瑜伽会所,sports,体育休闲服务;运动场馆;健身中心,锦江区,104.132613,30.598745
悦响KTV,sports,体育休闲服务;娱乐场所;KTV,锦江区,104.13927,30.592207
风景独好(滨湖路),sports,体育休闲服务;休闲场所;休闲场所,锦江区,104.13468,30.591211
华都美林湾游泳池,sports,体育休闲服务;运动场馆;游泳馆,锦江区,104.1362,30.591594
桫椤网吧,sports,体育休闲服务;娱乐场所;网吧,锦江区,104.139177,30.592104
牛头网咖,sports,体育休闲服务;娱乐场所;网吧,锦江区,104.13572,30.594015
伊梵瑜伽,sports,体育休闲服务;运动场馆;健身中心,锦江区,104.136008,30.599199
翠湖春早,sports,体育休闲服务;休闲场所;休闲场所,锦江区,104.13557,30.590071
邦林健身,sports,体育休闲服务;运动场馆;健身中心,锦江区,104.139736,30.597667
铂崛网咖,sports,体育休闲服务;娱乐场所;网吧,锦江区,104.139773,30.597633
顶峰健身(成都锦江店),sports,体育休闲服务;运动场馆;健身中心,锦江区,104.143242,30.597815
常乐茶居,sports,体育休闲服务;娱乐场所;棋牌室,锦江区,104.138759,30.595895
88号足球训练会馆,sports,体育休闲服务;运动场馆;足球场,锦江区,104.1342,30.594045
花乡一九八,sports,体育休闲服务;休闲场所;休闲场所,锦江区,104.153478,30.591107
欧毖网络生活馆,sports,体育休闲服务;体育休闲服务场所;体育休闲服务场所,锦江区,104.146695,30.593481
金桂园休闲山庄,sports,体育休闲服务;度假疗养场所;度假村,锦江区,104.162546,30.591164
王家花园,sports,体育休闲服务;休闲场所;休闲场所,锦江区,104.162107,30.590352
兰草园,sports,体育休闲服务;休闲场所;休闲场所|公司企业;农林牧渔基地;其它农林牧渔基地,锦江区,104.160279,30.590635
林家大院(三圣乡店),sports,体育休闲服务;休闲场所;休闲场所,锦江区,104.154282,30.591429
时光漫漫,sports,体育休闲服务;休闲场所;休闲场所,锦江区,104.155994,30.591548
随缘人家,sports,体育休闲服务;休闲场所;休闲场所,锦江区,104.155939,30.591478
三圣北湖山庄,sports,体育休闲服务;度假疗养场所;度假村,锦江区,104.156341,30.591602
一善山庄,sports,体育休闲服务;休闲场所;休闲场所,锦江区,104.156641,30.593072
牛棚,sports,体育休闲服务;娱乐场所;KTV,锦江区,104.160696,30.590344
老柴火蓉舒苑(分店),sports,体育休闲服务;休闲场所;休闲场所,锦江区,104.157269,30.589783
花田花园茶餐吧,sports,体育休闲服务;休闲场所;休闲场所,锦江区,104.161165,30.590429
羊娃子,sports,体育休闲服务;休闲场所;休闲场所,锦江区,104.16086,30.590382
娃娃耍农家乐,sports,体育休闲服务;休闲场所;休闲场所,锦江区,104.162387,30.590202
四川一善太极运动推广中心,sports,体育休闲服务;运动场馆;运动场所,锦江区,104.156641,30.593072
美垆,sports,体育休闲服务;休闲场所;休闲场所,锦江区,104.162853,30.590553
红砂山庄(三圣乡店),sports,体育休闲服务;度假疗养场所;度假村,锦江区,104.161232,30.590786
花田,sports,体育休闲服务;休闲场所;休闲场所,锦江区,104.161805,30.590432
树里,sports,体育休闲服务;休闲场所;休闲场所,锦江区,104.16309,30.591059
蕊鑫苑,sports,餐饮服务;中餐厅;中餐厅|体育休闲服务;休闲场所;休闲场所,锦江区,104.15451,30.591134
云鹤酒馆,sports,体育休闲服务;娱乐场所;酒吧,锦江区,104.15678,30.591114
林深·荼蘼,sports,体育休闲服务;休闲场所;休闲场所,锦江区,104.163606,30.591343
三兴园,sports,体育休闲服务;休闲场所;休闲场所,锦江区,104.164507,30.592324
莲花藏,sports,体育休闲服务;休闲场所;休闲场所,锦江区,104.164288,30.592141
友情天地KTV,sports,体育休闲服务;娱乐场所;KTV,武侯区,103.971213,30.581323
集结号歌坊,sports,体育休闲服务;娱乐场所;KTV,武侯区,103.966287,30.584022
九灸网吧,sports,体育休闲服务;娱乐场所;网吧,武侯区,103.966656,30.583824
我们的故事Bar,sports,体育休闲服务;娱乐场所;酒吧,武侯区,103.968366,30.57985
db cooper飞行者联盟,sports,体育休闲服务;体育休闲服务场所;体育休闲服务场所,武侯区,103.964813,30.582991
新界网吧,sports,体育休闲服务;娱乐场所;网吧,武侯区,103.973801,30.581727
四川寿而康养老,sports,体育休闲服务;度假疗养场所;疗养院,武侯区,103.965679,30.586588
成都武侯寿而康老年颐养中心,sports,体育休闲服务;体育休闲服务场所;体育休闲服务场所,武侯区,103.965534,30.589298
心开心网吧,sports,体育休闲服务;娱乐场所;网吧,武侯区,103.973203,30.581168
血战到底,sports,体育休闲服务;娱乐场所;棋牌室,武侯区,103.969887,30.585169
成都寿而康老年疗养康复中心,sports,体育休闲服务;度假疗养场所;疗养院,武侯区,103.965398,30.589451
钓鱼场,sports,体育休闲服务;休闲场所;垂钓园,武侯区,103.964903,30.58106
维友网络安防,sports,体育休闲服务;体育休闲服务场所;体育休闲服务场所,武侯区,103.96997,30.584859
兄弟麻将馆,sports,体育休闲服务;娱乐场所;棋牌室,武侯区,103.974867,30.581281
丰尚网吧(凉港二路),sports,体育休闲服务;娱乐场所;网吧,武侯区,103.974643,30.586538
浓园国际艺术村,sports,体育休闲服务;娱乐场所;娱乐场所,武侯区,103.984806,30.589011
浓园艺术村,sports,体育休闲服务;娱乐场所;娱乐场所,武侯区,103.984918,30.589131
综合体育馆,sports,体育休闲服务;运动场馆;综合体育馆,武侯区,104.003519,30.586663
成都体育学院航空港校区综合训练馆体育馆,sports,体育休闲服务;运动场馆;综合体育馆,武侯区,104.003475,30.586659
成都体育学院航空港校区足球场,sports,体育休闲服务;运动场馆;足球场,武侯区,104.002026,30.586786
成都体育学院航空港校区跆拳道馆,sports,体育休闲服务;运动场馆;跆拳道场馆,武侯区,104.003185,30.587501
月亮湾,sports,商务住宅;住宅区;住宅小区|体育休闲服务;休闲场所;休闲场所,武侯区,104.001476,30.589459
丘处鸡生态餐饮园,sports,体育休闲服务;休闲场所;休闲场所|餐饮服务;中餐厅;中餐厅,武侯区,104.002888,30.580861
航空港网吧,sports,体育休闲服务;娱乐场所;网吧,武侯区,104.002484,30.586026
利君园网咖,sports,体育休闲服务;娱乐场所;网吧,武侯区,104.002698,30.586111
成都体育学院(航空港校区)-体育馆,sports,体育休闲服务;运动场馆;综合体育馆,武侯区,104.003915,30.586615
成都体育学院航空港校区体育场,sports,体育休闲服务;运动场馆;综合体育馆,武侯区,104.004376,30.587581
成都体育学院航空港校区篮球场,sports,体育休闲服务;运动场馆;篮球场馆,武侯区,104.004132,30.583744
成都体育学院航空港校区网球场(美好·家园西北),sports,体育休闲服务;运动场馆;网球场,武侯区,104.004872,30.585953
成都体育学院航空港校区网球场(美好花园三期西北),sports,体育休闲服务;运动场馆;网球场,武侯区,104.006542,30.585848
月亮湾水上世界,sports,体育休闲服务;休闲场所;水上活动中心,武侯区,104.005337,30.584771
梦月亮生态园,sports,体育休闲服务;休闲场所;采摘园,武侯区,104.016116,30.587093
凉山在蓉老干部活动中心,sports,体育休闲服务;休闲场所;休闲场所,武侯区,104.017064,30.586385
美洲时尚体育中心,sports,体育休闲服务;运动场馆;综合体育馆,武侯区,104.030475,30.580882
蓝色沸点网咖(新园大道),sports,体育休闲服务;娱乐场所;网吧,武侯区,104.03318,30.587556
传神网吧(仁和南街),sports,体育休闲服务;娱乐场所;网吧,武侯区,104.028383,30.583222
致观网咖(石桥东街),sports,体育休闲服务;娱乐场所;网吧,武侯区,104.03174,30.585997
召唤师峡谷网咖,sports,体育休闲服务;娱乐场所;网吧,武侯区,104.02761,30.584976
美洲滑板公园,sports,体育休闲服务;运动场馆;运动场所,武侯区,104.030863,30.580038
新源六一网咖,sports,体育休闲服务;娱乐场所;网吧,武侯区,104.032765,30.586526
石羊敬老院,sports,体育休闲服务;度假疗养场所;疗养院,武侯区,104.030639,30.583503
美洲四季滑雪场,sports,体育休闲服务;运动场馆;滑雪场,武侯区,104.029232,30.580504
世界极限运动巡回赛中国成都组委会,sports,体育休闲服务;体育休闲服务场所;体育休闲服务场所,武侯区,104.030631,30.580816
顺欣商务会所,sports,体育休闲服务;娱乐场所;娱乐场所,武侯区,104.027868,30.584754
三元社区民情茶园老年活动中心,sports,体育休闲服务;休闲场所;休闲场所,武侯区,104.02933,30.584674
顶火车会,sports,体育休闲服务;体育休闲服务场所;体育休闲服务场所,武侯区,104.027301,30.587599
兴蕊休闲会所,sports,体育休闲服务;休闲场所;休闲场所,武侯区,104.036422,30.584459
港都歌城,sports,体育休闲服务;娱乐场所;KTV,武侯区,104.037006,30.585235
国防乐园军事拓展野战俱乐部,sports,体育休闲服务;休闲场所;休闲场所|体育休闲服务;娱乐场所;娱乐场所,武侯区,104.033901,30.586919
国防乐园,sports,体育休闲服务;休闲场所;休闲场所,武侯区,104.034323,30.588916
航鹏网咖,sports,体育休闲服务;娱乐场所;网吧,武侯区,104.034504,30.58015
312卡丁车俱乐部,sports,体育休闲服务;运动场馆;运动场所,武侯区,104.036791,30.586849
成都星宸网吧,sports,体育休闲服务;娱乐场所;网吧,武侯区,104.035433,30.582309
在水一方,sports,体育休闲服务;休闲场所;休闲场所,武侯区,104.03612,30.586785
石羊新南社区老年活动中心,sports,体育休闲服务;休闲场所;休闲场所,武侯区,104.035024,30.580011
元华路干休所,sports,体育休闲服务;度假疗养场所;疗养院,武侯区,104.039386,30.580158
遇见W-CLUB,sports,体育休闲服务;娱乐场所;酒吧,武侯区,104.050917,30.585702
啤酒博士(锦尚西二路),sports,体育休闲服务;娱乐场所;酒吧|购物服务;专卖店;烟酒专卖店,武侯区,104.0509,30.581377
奔跑吧撕名牌联盟,sports,体育休闲服务;运动场馆;运动场所,武侯区,104.045035,30.584159
杰恩蓝闪吧,sports,体育休闲服务;娱乐场所;酒吧,武侯区,104.046623,30.580361
澜森·慧瑜伽,sports,体育休闲服务;运动场馆;健身中心,武侯区,104.052389,30.588957
一梵瑜伽(高新店),sports,体育休闲服务;运动场馆;健身中心,武侯区,104.048083,30.580143
gym健身俱乐部,sports,体育休闲服务;体育休闲服务场所;体育休闲服务场所,武侯区,104.052675,30.584079
级加健身,sports,体育休闲服务;运动场馆;健身中心,武侯区,104.052388,30.583854
清健身(仁和春天花园店),sports,体育休闲服务;运动场馆;健身中心,武侯区,104.050042,30.588999
吉瑞南苑网球(锦尚西二路),sports,体育休闲服务;运动场馆;网球场,武侯区,104.053138,30.58049
五维空间站网络生活馆,sports,体育休闲服务;娱乐场所;网吧,武侯区,104.052218,30.589264
点融网,sports,体育休闲服务;体育休闲服务场所;体育休闲服务场所,武侯区,104.052675,30.584079
博亚网络,sports,体育休闲服务;体育休闲服务场所;体育休闲服务场所,武侯区,104.053197,30.588152
四川中航航空俱乐部,sports,生活服务;旅行社;旅行社|体育休闲服务;体育休闲服务场所;体育休闲服务场所,武侯区,104.058941,30.585777
方糖网咖(蜀锦路),sports,体育休闲服务;娱乐场所;网吧,武侯区,104.059061,30.579897
梦根网咖,sports,体育休闲服务;娱乐场所;网吧,武侯区,104.06004,30.579517
威克网咖,sports,体育休闲服务;娱乐场所;网吧,武侯区,104.058368,30.581268
布瑞特网吧,sports,体育休闲服务;娱乐场所;网吧,武侯区,104.059501,30.580312
名舞荟健身中心茶府,sports,体育休闲服务;体育休闲服务场所;体育休闲服务场所,武侯区,104.059501,30.580312
西行天下户外运动俱乐部,sports,体育休闲服务;体育休闲服务场所;体育休闲服务场所,武侯区,104.05918,30.586061
hello fit领跑健身,sports,体育休闲服务;运动场馆;健身中心,武侯区,104.059179,30.580907
菩提玉影,sports,体育休闲服务;娱乐场所;KTV,武侯区,104.058086,30.586475
极致游戏,sports,体育休闲服务;体育休闲服务场所;体育休闲服务场所,武侯区,104.058039,30.580335
云图俱乐部,sports,体育休闲服务;体育休闲服务场所;体育休闲服务场所,武侯区,104.065305,30.580672
包江桥社区文化体育活动中心,sports,体育休闲服务;休闲场所;休闲场所,锦江区,104.090461,30.588366
尚道道场,sports,体育休闲服务;运动场馆;跆拳道场馆,锦江区,104.090393,30.588337
锦馨山庄,sports,餐饮服务;中餐厅;中餐厅|体育休闲服务;休闲场所;休闲场所,锦江区,104.100117,30.588525
石板凳休闲庄,sports,体育休闲服务;休闲场所;休闲场所|餐饮服务;中餐厅;中餐厅,锦江区,104.107682,30.583653
成都国际赛车场,sports,体育休闲服务;运动场馆;运动场所,锦江区,104.117589,30.585759
凉山寨,sports,餐饮服务;中餐厅;特色/地方风味餐厅|体育休闲服务;休闲场所;休闲场所,锦江区,104.121577,30.588555
风玲农家乐,sports,体育休闲服务;休闲场所;休闲场所,锦江区,104.119476,30.579562
幸福农家乐(三圣花乡店),sports,体育休闲服务;休闲场所;休闲场所,锦江区,104.122337,30.588813
Dark Night,sports,体育休闲服务;体育休闲服务场所;体育休闲服务场所,锦江区,104.119891,30.587656
金港赛道,sports,体育休闲服务;体育休闲服务场所;体育休闲服务场所,锦江区,104.120836,30.588272
钓之家鱼塘,sports,体育休闲服务;休闲场所;垂钓园,锦江区,104.120736,30.588556
金港赛车场,sports,体育休闲服务;体育休闲服务场所;体育休闲服务场所,锦江区,104.116884,30.586342
祥和山庄(幸福路),sports,体育休闲服务;休闲场所;休闲场所|餐饮服务;中餐厅;中餐厅,锦江区,104.132377,30.587638
醉香苑(幸福路),sports,体育休闲服务;休闲场所;休闲场所,锦江区,104.132938,30.581893
别院,sports,餐饮服务;中餐厅;中餐厅|体育休闲服务;休闲场所;休闲场所,锦江区,104.132786,30.583748
三槐院,sports,体育休闲服务;休闲场所;休闲场所|餐饮服务;咖啡厅;咖啡厅,锦江区,104.13332,30.588176
秀梅园,sports,餐饮服务;休闲餐饮场所;休闲餐饮场所|体育休闲服务;休闲场所;休闲场所,锦江区,104.133117,30.587843
新梅王阁,sports,餐饮服务;中餐厅;特色/地方风味餐厅|体育休闲服务;休闲场所;休闲场所,锦江区,104.13252,30.584728
猪哥家常菜,sports,体育休闲服务;休闲场所;休闲场所,锦江区,104.133493,30.585464
蜀宴(三圣乡店),sports,体育休闲服务;休闲场所;休闲场所,锦江区,104.133327,30.581836
三圣乡乔家大院(三圣乡店),sports,体育休闲服务;休闲场所;休闲场所,锦江区,104.133171,30.586364
梅林翠湖,sports,体育休闲服务;休闲场所;休闲场所,锦江区,104.126447,30.58926
玫瑰园(醉香路),sports,体育休闲服务;休闲场所;休闲场所,锦江区,104.131567,30.587062
原乡院子,sports,体育休闲服务;休闲场所;休闲场所,锦江区,104.132398,30.5844
鸟语林度假村,sports,体育休闲服务;度假疗养场所;度假村,锦江区,104.133352,30.581171
仟优佰汇生态体验馆(三圣乡店),sports,餐饮服务;中餐厅;中餐厅|体育休闲服务;休闲场所;休闲场所,锦江区,104.133027,30.588396
曲成园(幸福路),sports,体育休闲服务;休闲场所;休闲场所,锦江区,104.132419,30.584158
隐约,sports,餐饮服务;中餐厅;中餐厅|餐饮服务;休闲餐饮场所;休闲餐饮场所|体育休闲服务;休闲场所;休闲场所,锦江区,104.13342,30.588754
老兵越野卡丁车基地,sports,体育休闲服务;体育休闲服务场所;体育休闲服务场所,锦江区,104.133415,30.589176
幸福禅院,sports,体育休闲服务;休闲场所;休闲场所,锦江区,104.132263,30.582836
东盛,sports,体育休闲服务;休闲场所;休闲场所,锦江区,104.128363,30.589002
棋墅,sports,体育休闲服务;休闲场所;休闲场所,锦江区,104.132737,30.582185
那园,sports,体育休闲服务;休闲场所;休闲场所,锦江区,104.132842,30.582909
君铂苑,sports,体育休闲服务;休闲场所;休闲场所,锦江区,104.132829,30.584547
城市猎人真人CS(三圣乡店),sports,体育休闲服务;娱乐场所;娱乐场所,锦江区,104.123583,30.584622
百合花园,sports,餐饮服务;中餐厅;中餐厅|体育休闲服务;休闲场所;休闲场所,锦江区,104.136727,30.586242
风雨长廊,sports,体育休闲服务;休闲场所;休闲场所,锦江区,104.136004,30.589165
渔闲生态园,sports,餐饮服务;中餐厅;海鲜酒楼|体育休闲服务;休闲场所;休闲场所,锦江区,104.136792,30.584357
春回大地,sports,体育休闲服务;休闲场所;休闲场所,锦江区,104.136672,30.586814
滨湖竹苑,sports,体育休闲服务;休闲场所;休闲场所,锦江区,104.1367,30.586636
知春园农家乐,sports,体育休闲服务;休闲场所;休闲场所,锦江区,104.13815,30.582217
圣源山庄,sports,餐饮服务;中餐厅;中餐厅|体育休闲服务;休闲场所;休闲场所,锦江区,104.136985,30.585364
幸福里,sports,体育休闲服务;休闲场所;休闲场所,锦江区,104.135868,30.58006
山里边黑猪肉体验馆,sports,体育休闲服务;休闲场所;休闲场所,锦江区,104.141748,30.581984
太极人家,sports,体育休闲服务;运动场馆;运动场所|餐饮服务;中餐厅;中餐厅,锦江区,104.136387,30.58368
四季醉农家乐,sports,体育休闲服务;休闲场所;休闲场所,锦江区,104.143029,30.580805
幸福春天(三圣乡店),sports,体育休闲服务;休闲场所;休闲场所,锦江区,104.136305,30.587683
三圣乡钓鱼点,sports,体育休闲服务;休闲场所;垂钓园,锦江区,104.135793,30.585599
田园鸭嘴鱼农庄(簧柏路),sports,体育休闲服务;休闲场所;休闲场所,锦江区,104.147887,30.579939
国宝堂,sports,体育休闲服务;休闲场所;休闲场所,锦江区,104.152929,30.586062
峰林居农家乐,sports,体育休闲服务;休闲场所;休闲场所,锦江区,104.150954,30.586408
滙丰花园,sports,体育休闲服务;休闲场所;休闲场所,锦江区,104.152595,30.587307
刘姐麻将馆,sports,体育休闲服务;体育休闲服务场所;体育休闲服务场所,锦江区,104.150237,30.583667
三圣街道驸马社区市民活动中心,sports,体育休闲服务;休闲场所;休闲场所,锦江区,104.144828,30.583837
鲤缘锦鲤俱乐部,sports,体育休闲服务;体育休闲服务场所;体育休闲服务场所,锦江区,104.153387,30.587385
天香苑(香楠路),sports,体育休闲服务;休闲场所;休闲场所,锦江区,104.161156,30.587043
刘家花园,sports,体育休闲服务;休闲场所;休闲场所,锦江区,104.15978,30.581575
圣花园,sports,体育休闲服务;休闲场所;休闲场所,锦江区,104.160559,30.588018
香木林,sports,餐饮服务;休闲餐饮场所;休闲餐饮场所|体育休闲服务;休闲场所;休闲场所,锦江区,104.158567,30.588011
御泽堂,sports,体育休闲服务;休闲场所;休闲场所,锦江区,104.158602,30.585771
佳馨花园,sports,体育休闲服务;休闲场所;休闲场所,锦江区,104.153877,30.588634
曾家花园,sports,体育休闲服务;休闲场所;休闲场所,锦江区,104.16125,30.587786
唐人居,sports,体育休闲服务;休闲场所;休闲场所,锦江区,104.161474,30.587939
外婆宅,sports,体育休闲服务;休闲场所;休闲场所,锦江区,104.159071,30.587847
牡丹生态园,sports,体育休闲服务;休闲场所;休闲场所,锦江区,104.155708,30.588034
田园居生态园,sports,体育休闲服务;休闲场所;休闲场所,锦江区,104.161814,30.589351
史莱伯花园,sports,体育休闲服务;休闲场所;休闲场所,锦江区,104.162256,30.587507
蓉舒苑(精品店),sports,体育休闲服务;休闲场所;休闲场所,锦江区,104.159175,30.588841
蜀仙园,sports,体育休闲服务;休闲场所;休闲场所,锦江区,104.154535,30.583372
九九勇士CS,sports,体育休闲服务;休闲场所;休闲场所,锦江区,104.158994,30.5868
蓬莱苑,sports,体育休闲服务;休闲场所;休闲场所,锦江区,104.155212,30.585807
半坡居阳光木屋,sports,体育休闲服务;休闲场所;休闲场所,锦江区,104.157642,30.585269
天圆山庄,sports,体育休闲服务;休闲场所;休闲场所,锦江区,104.162972,30.588851
水岸花苑,sports,体育休闲服务;休闲场所;休闲场所,锦江区,104.156466,30.585224
正兴山庄,sports,体育休闲服务;休闲场所;休闲场所,锦江区,104.161802,30.588423
在水一方(银杏路),sports,体育休闲服务;休闲场所;休闲场所,锦江区,104.156188,30.584721
满天星花园,sports,体育休闲服务;休闲场所;休闲场所,锦江区,104.154472,30.586112
君悦生态农家,sports,体育休闲服务;休闲场所;休闲场所,锦江区,104.161122,30.586214
鸟语花香(水杉路),sports,体育休闲服务;休闲场所;休闲场所,锦江区,104.15885,30.587892
花田喜寨,sports,餐饮服务;中餐厅;中餐厅|体育休闲服务;休闲场所;休闲场所,锦江区,104.156492,30.584782
卡瓦斯庄园,sports,体育休闲服务;休闲场所;休闲场所|餐饮服务;中餐厅;中餐厅,锦江区,104.160912,30.587655
繁华生态园,sports,体育休闲服务;休闲场所;休闲场所,锦江区,104.155667,30.589045
在水一家,sports,体育休闲服务;休闲场所;休闲场所,锦江区,104.156188,30.584721
极地战火真人cs(三圣乡店),sports,体育休闲服务;休闲场所;休闲场所,锦江区,104.154813,30.583395
中东明园,sports,体育休闲服务;休闲场所;休闲场所,锦江区,104.160087,30.586801
李家花苑,sports,体育休闲服务;休闲场所;休闲场所,锦江区,104.154938,30.586034
足迹户外73号小院,sports,体育休闲服务;休闲场所;休闲场所,锦江区,104.155546,30.584782
百姓家园,sports,体育休闲服务;度假疗养场所;度假村|餐饮服务;休闲餐饮场所;休闲餐饮场所|体育休闲服务;休闲场所;休闲场所,锦江区,104.158365,30.588107
焱黄农家院,sports,体育休闲服务;休闲场所;休闲场所,锦江区,104.159445,30.587774
那些年代,sports,体育休闲服务;休闲场所;休闲场所,锦江区,104.154094,30.585908
马帮寨,sports,体育休闲服务;休闲场所;休闲场所,锦江区,104.157043,30.581905
怡园(杜英路),sports,体育休闲服务;休闲场所;休闲场所,锦江区,104.162731,30.586231
乡村柴门,sports,体育休闲服务;休闲场所;休闲场所,锦江区,104.155631,30.583453
雄起兔三圣分店,sports,体育休闲服务;休闲场所;休闲场所,锦江区,104.15576,30.583823
醉.龙井轩,sports,体育休闲服务;休闲场所;休闲场所,锦江区,104.158711,30.587306
叠翠苑,sports,体育休闲服务;休闲场所;休闲场所,锦江区,104.15863,30.584472
红砂院坝,sports,体育休闲服务;休闲场所;休闲场所,锦江区,104.16216,30.588235
岷山蕊园(朴素堂工作室东),sports,餐饮服务;中餐厅;中餐厅|体育休闲服务;休闲场所;休闲场所,锦江区,104.15894,30.587919
花香小源,sports,体育休闲服务;休闲场所;休闲场所,锦江区,104.160357,30.587507
成都锦欣花乡老年公寓,sports,体育休闲服务;度假疗养场所;疗养院,锦江区,104.158733,30.582604
瑞苑,sports,体育休闲服务;休闲场所;休闲场所,锦江区,104.157106,30.5888
致和学堂,sports,科教文化服务;培训机构;培训机构|体育休闲服务;休闲场所;休闲场所,锦江区,104.161723,30.587625
马家花园(水杉路),sports,体育休闲服务;休闲场所;休闲场所,锦江区,104.161367,30.587851
蜀仙园真人CS,sports,体育休闲服务;娱乐场所;娱乐场所,锦江区,104.15431,30.58223
湖田居农家乐(杜英路),sports,体育休闲服务;休闲场所;休闲场所,锦江区,104.156808,30.584398
蓉舒苑精品店机麻包房,sports,体育休闲服务;娱乐场所;棋牌室,锦江区,104.16001,30.588753
三圣上渔塘,sports,体育休闲服务;休闲场所;垂钓园,锦江区,104.15734,30.586838
